Registrar,Enrolment Agency,Aadhaar generated,Enrolment Rejected
Allahabad Bank,IL&FS LTD,1,6
Bank Of India,A3 Logics  India  Ltd,30,191
Bank Of India,ITI LIMITED,3,5
Bank Of India,MANTRA SOFTTECH (INDIA) PVTLTD,0,1
Bank Of India,OSWAL COMPUTERS & CONSULTANTS,0,3
Bank Of India,SARADA SYSTEMS,0,4
Bank Of India,SREI INFRASTRUCTURE FINANCES L,0,2
Bank Of India,Vakrangee Softwares Limited,0,14
Bank of Baroda,DATASOFT COMPUTER SERVICES(P),1,22
Bank of Baroda,IL&FS LTD,10,3
Bank of Baroda,TEAM LIFE CARE COMPANY INDIA P,6,4
Canara Bank,Smart Chip Limited,3,2
Central Bank of India,CALANCE SOFTWARE PRIVATE LTD,6,41
Central Bank of India,Frontech Systems Pvt Ltd,3,3
Central Bank of India,IAP COMPANY Pvt. Ltd,0,1
Central Bank of India,IL&FS LTD,111,40
Central Bank of India,MANTRA SOFTTECH (INDIA) PVTLTD,0,15
Central Bank of India,SREI INFRASTRUCTURE FINANCES L,1,10
Central Bank of India,The Peerless General Finance,3,3
Civil Supplies - A&N Islands,India Computer Technology,2,1
Delhi - Central DC,Smart Chip Limited,3,14
Delhi - East DC,DATASOFT COMPUTER SERVICES(P),0,1
Delhi - ND DC,Smart Chip Limited,0,1
Delhi - NE DC,Alankit Assignments Limited,17,4
Delhi - NE DC,Smart ID,1,36
Delhi - North DC,DATASOFT COMPUTER SERVICES(P),3,12
Delhi - North DC,Smart Chip Limited,0,9
Delhi SW DC,STRATEGIC OUTSOURCING SERVICE,4,3
Delhi Urban Shelter Improvemen,Alankit Assignments Limited,1,0
Delhi Urban Shelter Improvemen,STRATEGIC OUTSOURCING SERVICE,1,4
Delhi Urban Shelter Improvemen,Smart Chip Limited,1,0
Delhi Urban Shelter Improvemen,Tera Software Ltd,1,0
Delhi- South DC,Tera Software Ltd,5,0
Delhi- South DC,eCentric solutions pvt ltd,1,18
Delhi- West DC,Matrix Processing House,0,4
Delhi- West DC,VIRGO SOFTECH LIMITED,4,0
Delhi-NW DC,Karvy Computershare Private Li,3,0
Delhi-NW DC,STRATEGIC OUTSOURCING SERVICE,0,6
Dept of ITC Govt of Rajasthan,ATISHAY INFOTECH PVT. LTD.,176,303
Dept of ITC Govt of Rajasthan,DATASOFT COMPUTER SERVICES(P),0,2
Dept of ITC Govt of Rajasthan,GSS Infotech Ltd,0,13
Dept of ITC Govt of Rajasthan,Vakrangee Softwares Limited,0,2
FCR Govt of Haryana,Vakrangee Softwares Limited,68,1
FCS Govt of Punjab,Alankit Assignments Limited,7,5
FCS Govt of Punjab,Alankit Finsec Ltd,11,1
FCS Govt of Punjab,Delhi Integrated MMTS Ltd,9,22
FCS Govt of Punjab,Diwakar Commercials Pvt Ltd,39,1
FCS Govt of Punjab,VIRGO SOFTECH LIMITED,8,0
FCS Govt of Punjab,VISESH INFOTECNICS LIMITED,4,0
Govt of Andhra Pradesh,Gouthami Educational Society,38,30
Govt of Andhra Pradesh,GrapeSoft,21,28
Govt of Andhra Pradesh,IL&FS LTD,173,63
Govt of Andhra Pradesh,INFRONICS SYSTEMS LTD,149,24
Govt of Andhra Pradesh,Madras Security Printers Ltd,785,81
Govt of Andhra Pradesh,SREEVEN INFOCOM LIMITED,1,28
Govt of Andhra Pradesh,Smart Chip Limited,905,53
Govt of Andhra Pradesh,TechSmart India Pvt Ltd,1023,267
Govt of Andhra Pradesh,Tera Software Ltd,189,16
Govt of Andhra Pradesh,eCentric solutions pvt ltd,191,39
Govt of Goa,COMAT TECHNOLOGIES P LTD,2,6
Govt of Goa,MARS Telecom Systems Pvt Ltd,6,42
Govt of Goa,Tera Software Ltd,0,2
Govt of Gujarat,GSS Infotech Ltd,0,11
Govt of Gujarat,Karvy Computershare Private Li,0,5
Govt of Gujarat,Tera Software Ltd,0,52
Govt of Gujarat,eCentric solutions pvt ltd,0,17
Govt of Himachal Pradesh,IL&FS LTD,8,3
Govt of Himachal Pradesh,Wipro Ltd,38,1
Govt of Himachal Pradesh,i-Grandee SoftwareTechnologies,52,261
Govt of Karnataka ,COMAT TECHNOLOGIES P LTD,435,27
Govt of Karnataka ,GLODYNE TECHNOSERVE,2,46
Govt of Karnataka ,Integra Micro Systems Pvt.ltd,1,8
Govt of Karnataka ,Tera Software Ltd,5,3
Govt of Karnataka ,Wipro Ltd,21,27
Govt of Kerala,Akshaya,12,0
Govt of Kerala,Keltron,3,1
Govt of Madhya Pradesh,Tera Software Ltd,8,0
Govt of Madhya Pradesh,VIRGO SOFTECH LIMITED,3908,2
Govt of Maharashtra,Alankit Assignments Limited,5,3
Govt of Maharashtra,COMAT TECHNOLOGIES P LTD,125,3
Govt of Maharashtra,Eagle press pvt ltd,5,0
Govt of Maharashtra,GLODYNE TECHNOSERVE,0,2
Govt of Maharashtra,GSS Infotech Ltd,1,10
Govt of Maharashtra,Karvy Computershare Private Li,32,38
Govt of Maharashtra,Mahaonline Limited,8,11
Govt of Maharashtra,STRATEGIC OUTSOURCING SERVICE,5,9
Govt of Maharashtra,Smart Chip Limited,5,6
Govt of Maharashtra,TEAM LIFE CARE COMPANY INDIA P,5,20
Govt of Maharashtra,Tera Software Ltd,81,42
Govt of Maharashtra,Wep Solution India Limited,9,0
Govt of Maharashtra,Wipro Ltd,265,19
Govt of Sikkim - Dept of Econo,4G IDENTITY SOLUTIONS,86,2
IGNOU,Vakrangee Softwares Limited,0,4
Indian Overseas Bank,Eagle Software India Pvt. Ltd,0,1
Indiapost,4G IDENTITY SOLUTIONS,3,3
Indiapost,COMAT TECHNOLOGIES P LTD,0,6
Indiapost,Delhi Integrated MMTS Ltd,2,187
Indiapost,Eagle press pvt ltd,0,4
Indiapost,GSS Infotech Ltd,0,1
Indiapost,IL&FS LTD,5,5
Indiapost,Madras Security Printers Ltd,0,1
Indiapost,Smart Chip Limited,0,2
Indiapost,TEAM LIFE CARE COMPANY INDIA P,18,13
Indiapost,The Peerless General Finance,4,5
Indiapost,UTI TECHNOLOGY SERVICES LIMITE,3,0
Indiapost,eCentric solutions pvt ltd,2,1
Jharkhand,Alankit Assignments Limited,17,7
Jharkhand,Blue Circle Instrument,10,0
Jharkhand,IL&FS LTD,1,1
Jharkhand,MKS Enterprises,1,2
Jharkhand,Nevaeh Technology Pvt. Ltd.,1,0
Jharkhand,STRATEGIC OUTSOURCING SERVICE,4,4
Jharkhand,Smart ID,0,1
Jharkhand,Systematic & Advance Const P L,3,1
Jharkhand,VISION COMPTECH INTEGRATOR LTD,7,1
Jharkhand,Wipro Ltd,60,17
Life Insurance Corporation,DATASOFT COMPUTER SERVICES(P),0,1
Life Insurance Corporation,eCentric solutions pvt ltd,1,3
Mission Convergence - GNCT Del,Alankit Assignments Limited,1,0
Mission Convergence - GNCT Del,STRATEGIC OUTSOURCING SERVICE,115,9
Mission Convergence - GNCT Del,Smart Chip Limited,4,0
Mission Convergence - GNCT Del,eCentric solutions pvt ltd,0,10
N S D L,Abhipra Capital Ltd,2,2
N S D L,Alankit Assignments Limited,23,6
N S D L,Karvy Data Management Services,53,2
Oriental Bank of Commerce,DATASOFT COMPUTER SERVICES(P),5,23
Oriental Bank of Commerce,IL&FS LTD,26,33
Oriental Bank of Commerce,Wipro Ltd,20,0
Punjab and Sind Bank,Matrix Processing House,0,1
RDD Govt of Tripura,Alankit Assignments Limited,82,17
Registrar General India - BEL,In Media Computer Services LLP,0,1
Registrar General India BEL2,Om Softwares,0,1
Registrar General India BEL2,Swathy Smartcards Hi-Tech Pvt,0,8
Registrar General India Others,Computer LAB,0,1
Registrar General India Others,Eagle Software India Pvt. Ltd,0,1
Registrar General India Others,Emdee Digitronics Pvt.Ltd.,0,1
STATE BANK OF HYDERABAD,CSS TECHNERGY LIMITED,203,22
STATE BANK OF PATIALA,CSS TECHNERGY LIMITED,1,1
State Bank of Bikaner & Jaipur,Multiwave Innovation,1,81
State Bank of India,4G IDENTITY SOLUTIONS,680,63
State Bank of India,CSS TECHNERGY LIMITED,505,245
State Bank of India,Delhi Integrated MMTS Ltd,5,11
State Bank of India,Eagle press pvt ltd,5,0
State Bank of India,IL&FS LTD,6,21
State Bank of India,Smart Chip Limited,49,87
State Bank of India,VIRGO SOFTECH LIMITED,19,1
Syndicate Bank,Smart Chip Limited,3,0
UDD Govt of Jharkhand,Blue Circle Instrument,0,1
UDD Govt of Jharkhand,IL&FS LTD,1,8
UDD Govt of Jharkhand,MKS Enterprises,0,5
UDD Govt of Jharkhand,Smart ID,0,2
UDD Govt of Jharkhand,Systematic & Advance Const P L,1,0
UIDAI-Registrar,UIDAI-EA,0,8
UT Of Daman and Diu,Alankit Assignments Limited,62,4
UT of Puducherry,Madras Security Printers Ltd,36,26
Union Bank,4G IDENTITY SOLUTIONS,1,2
Union Bank,Smart Chip Limited,3,6
Union Bank,Vakrangee Softwares Limited,2274,540
United Bank of India,Atyati Technologies Pvt Ltd,1,0
