Registrar,Enrolment Agency,Aadhaar generated,Enrolment Rejected
Allahabad Bank,IL&FS LTD,230,8
Allahabad Bank,Tera Software Ltd,337,1
Allahabad Bank,Vakrangee Softwares Limited,20,1
Bank Of India,A3 Logics  India  Ltd,3639,138
Bank Of India,DATASOFT COMPUTER SERVICES(P),13,1
Bank Of India,Emdee Digitronics Pvt.Ltd.,1,0
Bank Of India,Frontech Systems Pvt Ltd,28,0
Bank Of India,ITI LIMITED,2555,21
Bank Of India,Integra Micro Systems Pvt.ltd,0,1
Bank Of India,MANTRA SOFTTECH (INDIA) PVTLTD,1035,5
Bank Of India,Matrix Processing House,4,0
Bank Of India,OSWAL COMPUTERS & CONSULTANTS,1174,4
Bank Of India,PROTEX COMPUTER PVT LTD,120,0
Bank Of India,SARADA SYSTEMS,1102,2
Bank Of India,SHRIKRISHNA KHANDASARI SUGAR M,174,0
Bank Of India,SREI INFRASTRUCTURE FINANCES L,11,1
Bank Of India,Silver Touch Technologies Ltd,1,0
Bank Of India,Systematic & Advance Const P L,160,0
Bank Of India,VEETECHNOLOGIES PVT. LTD,2188,9
Bank Of India,Vakrangee Softwares Limited,1828,39
Bank of Baroda,DATASOFT COMPUTER SERVICES(P),173,11
Bank of Baroda,IL&FS LTD,361,5
Bank of Baroda,TEAM LIFE CARE COMPANY INDIA P,86,1
Bank of Maharashtra,Alankit Assignments Limited,0,3
Canara Bank,ITI LIMITED,31,0
Canara Bank,Rosmerta technoliges Limited,216,1
Canara Bank,Smart Chip Limited,33,1
Canara Bank,Swiss Tech India Pvt Ltd,178,0
Canara Bank,VIRGO SOFTECH LIMITED,1,0
Canara Bank,Vakrangee Softwares Limited,3,0
Central Bank of India,CALANCE SOFTWARE PRIVATE LTD,1147,14
Central Bank of India,Frontech Systems Pvt Ltd,39,2
Central Bank of India,GSS Infotech Ltd,27,1
Central Bank of India,IAP COMPANY Pvt. Ltd,58,5
Central Bank of India,IL&FS LTD,5001,91
Central Bank of India,MANTRA SOFTTECH (INDIA) PVTLTD,514,6
Central Bank of India,SREI INFRASTRUCTURE FINANCES L,878,12
Central Bank of India,Tera Software Ltd,47,0
Central Bank of India,The Peerless General Finance,401,3
Civil Supplies - A&N Islands,India Computer Technology,66,1
Delhi - Central DC,Smart Chip Limited,580,4
Delhi - East DC,DATASOFT COMPUTER SERVICES(P),9,1
Delhi - East DC,Tera Software Ltd,247,4
Delhi - ND DC,Smart Chip Limited,15,1
Delhi - NE DC,Alankit Assignments Limited,676,5
Delhi - NE DC,Smart ID,411,10
Delhi - North DC,DATASOFT COMPUTER SERVICES(P),210,4
Delhi - North DC,Smart Chip Limited,474,6
Delhi SW DC,STRATEGIC OUTSOURCING SERVICE,73,17
Delhi Urban Shelter Improvemen,Alankit Assignments Limited,5,0
Delhi Urban Shelter Improvemen,Matrix Processing House,6,3
Delhi Urban Shelter Improvemen,STRATEGIC OUTSOURCING SERVICE,5,1
Delhi Urban Shelter Improvemen,Smart Chip Limited,15,1
Delhi Urban Shelter Improvemen,Tera Software Ltd,203,2
Delhi- South DC,Tera Software Ltd,1001,8
Delhi- South DC,eCentric solutions pvt ltd,687,19
Delhi- West DC,Matrix Processing House,96,5
Delhi- West DC,VIRGO SOFTECH LIMITED,68,4
Delhi-NW DC,Karvy Computershare Private Li,89,5
Delhi-NW DC,STRATEGIC OUTSOURCING SERVICE,275,3
Dept of ITC Govt of Rajasthan,ATISHAY INFOTECH PVT. LTD.,4157,33
Dept of ITC Govt of Rajasthan,DATASOFT COMPUTER SERVICES(P),9,3
Dept of ITC Govt of Rajasthan,GSS Infotech Ltd,1106,76
Dept of ITC Govt of Rajasthan,TechSmart India Pvt Ltd,67,5
Dept of ITC Govt of Rajasthan,Vakrangee Softwares Limited,56,3
FCR Govt of Haryana,Vakrangee Softwares Limited,327,13
FCS Govt of Punjab,Alankit Assignments Limited,1601,28
FCS Govt of Punjab,Alankit Finsec Ltd,2136,10
FCS Govt of Punjab,Alankit Life Care Ltd,208,0
FCS Govt of Punjab,CSS TECHNERGY LIMITED,12,1
FCS Govt of Punjab,Delhi Integrated MMTS Ltd,1036,16
FCS Govt of Punjab,Diwakar Commercials Pvt Ltd,783,21
FCS Govt of Punjab,VIRGO SOFTECH LIMITED,646,12
FCS Govt of Punjab,VISESH INFOTECNICS LIMITED,17,2
Govt of Andhra Pradesh,Gouthami Educational Society,1649,33
Govt of Andhra Pradesh,GrapeSoft,259,36
Govt of Andhra Pradesh,IL&FS LTD,3166,65
Govt of Andhra Pradesh,INFRONICS SYSTEMS LTD,27097,202
Govt of Andhra Pradesh,Madras Security Printers Ltd,6558,277
Govt of Andhra Pradesh,Mahaonline Limited,1,0
Govt of Andhra Pradesh,SREEVEN INFOCOM LIMITED,801,6
Govt of Andhra Pradesh,Smart Chip Limited,4191,99
Govt of Andhra Pradesh,TechSmart India Pvt Ltd,17308,852
Govt of Andhra Pradesh,Tera Software Ltd,8183,293
Govt of Andhra Pradesh,eCentric solutions pvt ltd,16730,261
Govt of Goa,COMAT TECHNOLOGIES P LTD,104,1
Govt of Goa,MARS Telecom Systems Pvt Ltd,2421,20
Govt of Goa,Tera Software Ltd,481,1
Govt of Gujarat,GSS Infotech Ltd,3118,9
Govt of Gujarat,Karvy Computershare Private Li,993,2
Govt of Gujarat,Silver Touch Technologies Ltd,2593,24
Govt of Gujarat,Tera Software Ltd,3166,1
Govt of Gujarat,Transline Technologies P Ltd,904,1
Govt of Gujarat,Vayam technologies Ltd,1668,3
Govt of Gujarat,eCentric solutions pvt ltd,2530,15
Govt of Himachal Pradesh,IL&FS LTD,161,1
Govt of Himachal Pradesh,Wipro Ltd,8589,479
Govt of Himachal Pradesh,i-Grandee SoftwareTechnologies,12510,363
Govt of Karnataka ,COMAT TECHNOLOGIES P LTD,8389,136
Govt of Karnataka ,GLODYNE TECHNOSERVE,2863,56
Govt of Karnataka ,Integra Micro Systems Pvt.ltd,1958,64
Govt of Karnataka ,Tera Software Ltd,663,89
Govt of Karnataka ,Wipro Ltd,3438,42
Govt of Kerala,Akshaya,94542,185
Govt of Kerala,Keltron,25347,59
Govt of Madhya Pradesh,Tera Software Ltd,0,1
Govt of Madhya Pradesh,VIRGO SOFTECH LIMITED,161438,2724
Govt of Maharashtra,Alankit Assignments Limited,3990,28
Govt of Maharashtra,COMAT TECHNOLOGIES P LTD,921,80
Govt of Maharashtra,Eagle press pvt ltd,21,1
Govt of Maharashtra,GLODYNE TECHNOSERVE,921,7
Govt of Maharashtra,GSS Infotech Ltd,1257,23
Govt of Maharashtra,Karvy Computershare Private Li,1817,45
Govt of Maharashtra,Mahaonline Limited,30784,281
Govt of Maharashtra,SPANCO,1294,41
Govt of Maharashtra,STRATEGIC OUTSOURCING SERVICE,5064,78
Govt of Maharashtra,Smart Chip Limited,3894,1
Govt of Maharashtra,TEAM LIFE CARE COMPANY INDIA P,805,3
Govt of Maharashtra,TechSmart India Pvt Ltd,2,0
Govt of Maharashtra,Tera Software Ltd,21042,119
Govt of Maharashtra,Wep Solution India Limited,1792,20
Govt of Maharashtra,Wipro Ltd,7733,36
Govt of Sikkim - Dept of Econo,4G IDENTITY SOLUTIONS,403,15
IDBI Bank ltd,GSS Infotech Ltd,94,0
IDBI Bank ltd,Pioneer E Labs limited,7,0
IGNOU,VIRGO SOFTECH LIMITED,34,3
IGNOU,Vakrangee Softwares Limited,111,1
Indian Overseas Bank,Eagle Software India Pvt. Ltd,3,0
Indian Overseas Bank,Karvy Computershare Private Li,2164,5
Indiapost,4G IDENTITY SOLUTIONS,849,16
Indiapost,COMAT TECHNOLOGIES P LTD,945,14
Indiapost,Delhi Integrated MMTS Ltd,4779,51
Indiapost,Eagle press pvt ltd,31,4
Indiapost,GLODYNE TECHNOSERVE,47,1
Indiapost,GSS Infotech Ltd,178,6
Indiapost,IL&FS LTD,879,42
Indiapost,Madras Security Printers Ltd,87,7
Indiapost,Smart Chip Limited,22,0
Indiapost,TEAM LIFE CARE COMPANY INDIA P,2208,18
Indiapost,The NSIC ltd,213,20
Indiapost,The Peerless General Finance,794,4
Indiapost,UTI TECHNOLOGY SERVICES LIMITE,3279,12
Indiapost,WEBEL,35,0
Indiapost,eCentric solutions pvt ltd,29,4
Jammu and Kashmir Bank,COMTECH INSTITUTE OFTECHNOLOGY,7,0
Jharkhand,Alankit Assignments Limited,123,9
Jharkhand,Blue Circle Instrument,15,2
Jharkhand,IL&FS LTD,24,5
Jharkhand,MKS Enterprises,637,20
Jharkhand,Nevaeh Technology Pvt. Ltd.,7,1
Jharkhand,STRATEGIC OUTSOURCING SERVICE,16,1
Jharkhand,Smart ID,131,0
Jharkhand,Systematic & Advance Const P L,1012,14
Jharkhand,VISION COMPTECH INTEGRATOR LTD,1498,13
Jharkhand,Wipro Ltd,2225,10
Life Insurance Corporation,LYRA  CONSULTANCY SERVICE,85,0
Life Insurance Corporation,MICROVIEWS INFOSYSTEMS PVT LTD,11,0
Life Insurance Corporation,PROTEX COMPUTER PVT LTD,4,0
Life Insurance Corporation,Smart ID,70,0
Life Insurance Corporation,eCentric solutions pvt ltd,37,0
Mission Convergence - GNCT Del,Alankit Assignments Limited,16,0
Mission Convergence - GNCT Del,IL&FS LTD,71,24
Mission Convergence - GNCT Del,Karvy Computershare Private Li,8,1
Mission Convergence - GNCT Del,Matrix Processing House,5,1
Mission Convergence - GNCT Del,STRATEGIC OUTSOURCING SERVICE,464,27
Mission Convergence - GNCT Del,Smart Chip Limited,25,3
Mission Convergence - GNCT Del,Tera Software Ltd,395,0
Mission Convergence - GNCT Del,eCentric solutions pvt ltd,64,10
N S D L,Abhipra Capital Ltd,371,3
N S D L,Alankit Assignments Limited,1376,14
N S D L,Karvy Data Management Services,8898,131
N S D L,Tera Software Ltd,5,0
Oriental Bank of Commerce,DATASOFT COMPUTER SERVICES(P),304,10
Oriental Bank of Commerce,FINANCIAL INFORMATION NETWORK,2,0
Oriental Bank of Commerce,IL&FS LTD,638,21
Oriental Bank of Commerce,The NSIC ltd,26,0
Oriental Bank of Commerce,Wipro Ltd,343,5
Punjab and Sind Bank,Matrix Processing House,6,1
RDD Govt of Tripura,Alankit Assignments Limited,376,4
Registrar General India - BEL,In Media Computer Services LLP,10,0
Registrar General India - BEL,Manipur Electronics Dev Corp,0,1
Registrar General India BEL2,Swathy Smartcards Hi-Tech Pvt,67,0
Registrar General India ECIL,Clairvoyance Technologies Pvt.,1,0
Registrar General India ECIL,In Media Computer Services LLP,1,0
Registrar General India ECIL,Pioneer E Labs limited,5202,0
Registrar General India ECIL,Tera Software Ltd,6,0
Registrar General India Others,Emdee Digitronics Pvt.Ltd.,7,0
Registrar General India Others,In Media Computer Services LLP,2,0
Registrar General India Others,India Computer Technology,3,0
Registrar General India Others,Krishna Infotech,2,0
Registrar General India Others,Madras Security Printers Ltd,14,0
Registrar General India Others,SREEVEN INFOCOM LIMITED,2,0
Registrar General India Others,SWISSTECH NPR 57CR PROJECT PVT,73,1
Registrar General India Others,Swathy Smartcards Hi-Tech Pvt,8,0
Registrar General India Others,Vedavaag Systems Limited,34,1
Registrar General India Others,WEBEL TECHNOLOGY LIMITED,12,0
Registrar General of India ITI,Multiwave Innovation,0,1
Registrar General of India ITI,Swathy Smartcards Hi-Tech Pvt,478,0
STATE BANK OF HYDERABAD,CSS TECHNERGY LIMITED,5011,22
STATE BANK OF PATIALA,CSS TECHNERGY LIMITED,28,0
State Bank of Bikaner & Jaipur,Multiwave Innovation,2448,30
State Bank of India,4G IDENTITY SOLUTIONS,10640,212
State Bank of India,COMAT TECHNOLOGIES P LTD,32,0
State Bank of India,CSS TECHNERGY LIMITED,18643,178
State Bank of India,Delhi Integrated MMTS Ltd,572,17
State Bank of India,Eagle press pvt ltd,106,4
State Bank of India,IL&FS LTD,3990,49
State Bank of India,Smart Chip Limited,3285,53
State Bank of India,VIRGO SOFTECH LIMITED,128,9
State Bank of Travancore,Tera Software Ltd,9,0
Syndicate Bank,Smart Chip Limited,113,0
UDD Govt of Jharkhand,Blue Circle Instrument,147,11
UDD Govt of Jharkhand,IL&FS LTD,135,19
UDD Govt of Jharkhand,MKS Enterprises,145,21
UDD Govt of Jharkhand,Smart ID,404,0
UDD Govt of Jharkhand,Systematic & Advance Const P L,288,2
UIDAI-Registrar,UIDAI-EA,23,0
UT Of Daman and Diu,Alankit Assignments Limited,96,18
UT Of Daman and Diu,Madras Security Printers Ltd,0,1
UT of Puducherry,Madras Security Printers Ltd,371,20
Union Bank,4G IDENTITY SOLUTIONS,471,3
Union Bank,Smart Chip Limited,1105,3
Union Bank,Vakrangee Softwares Limited,47615,1454
United Bank of India,Atyati Technologies Pvt Ltd,6,0
