Registrar,Enrolment Agency,Aadhaar generated,Enrolment Rejected
Allahabad Bank,IL&FS LTD,141,0
Allahabad Bank,Tera Software Ltd,4,0
Allahabad Bank,Vakrangee Softwares Limited,8,0
Bank Of India,A3 Logics  India  Ltd,65,22
Bank Of India,Frontech Systems Pvt Ltd,3,0
Bank Of India,ITI LIMITED,849,5
Bank Of India,MANTRA SOFTTECH (INDIA) PVTLTD,3,0
Bank Of India,Matrix Processing House,5,0
Bank Of India,OSWAL COMPUTERS & CONSULTANTS,77,2
Bank Of India,PROTEX COMPUTER PVT LTD,14,0
Bank Of India,SARADA SYSTEMS,16,2
Bank Of India,SHRIKRISHNA KHANDASARI SUGAR M,1,0
Bank Of India,SREI INFRASTRUCTURE FINANCES L,12,0
Bank Of India,Systematic & Advance Const P L,378,0
Bank Of India,VEETECHNOLOGIES PVT. LTD,5,7
Bank Of India,Vakrangee Softwares Limited,34,7
Bank of Baroda,DATASOFT COMPUTER SERVICES(P),8,1
Bank of Baroda,IL&FS LTD,55,1
Bank of Baroda,TEAM LIFE CARE COMPANY INDIA P,88,1
Canara Bank,ITI LIMITED,1,1
Canara Bank,Rosmerta technoliges Limited,148,0
Canara Bank,Swiss Tech India Pvt Ltd,4,4
Central Bank of India,CALANCE SOFTWARE PRIVATE LTD,169,2
Central Bank of India,Frontech Systems Pvt Ltd,6,0
Central Bank of India,IAP COMPANY Pvt. Ltd,1,0
Central Bank of India,IL&FS LTD,104,10
Central Bank of India,MANTRA SOFTTECH (INDIA) PVTLTD,10,1
Central Bank of India,SREI INFRASTRUCTURE FINANCES L,59,1
Central Bank of India,Tera Software Ltd,8,1
Civil Supplies - A&N Islands,India Computer Technology,6,0
Delhi - Central DC,Smart Chip Limited,3,0
Delhi - East DC,DATASOFT COMPUTER SERVICES(P),1,0
Delhi - East DC,Tera Software Ltd,8,0
Delhi - NE DC,Alankit Assignments Limited,19,3
Delhi - NE DC,Smart ID,0,2
Delhi - North DC,DATASOFT COMPUTER SERVICES(P),97,4
Delhi - North DC,Smart Chip Limited,14,2
Delhi SW DC,STRATEGIC OUTSOURCING SERVICE,2235,0
Delhi Urban Shelter Improvemen,Matrix Processing House,1,0
Delhi Urban Shelter Improvemen,STRATEGIC OUTSOURCING SERVICE,1,0
Delhi Urban Shelter Improvemen,Tera Software Ltd,10,1
Delhi- South DC,Tera Software Ltd,23,1
Delhi- South DC,eCentric solutions pvt ltd,264,0
Delhi- West DC,Matrix Processing House,2,0
Delhi- West DC,VIRGO SOFTECH LIMITED,85,0
Delhi-NW DC,Karvy Computershare Private Li,188,1
Delhi-NW DC,STRATEGIC OUTSOURCING SERVICE,17,1
Dept of ITC Govt of Rajasthan,ATISHAY INFOTECH PVT. LTD.,44,2
Dept of ITC Govt of Rajasthan,GSS Infotech Ltd,1,0
Dept of ITC Govt of Rajasthan,TechSmart India Pvt Ltd,4,0
Dept of ITC Govt of Rajasthan,Vakrangee Softwares Limited,4,0
FCR Govt of Haryana,Vakrangee Softwares Limited,6,3
FCS Govt of Punjab,Alankit Assignments Limited,117,7
FCS Govt of Punjab,Alankit Finsec Ltd,32,5
FCS Govt of Punjab,CSS TECHNERGY LIMITED,7,0
FCS Govt of Punjab,Delhi Integrated MMTS Ltd,13,6
FCS Govt of Punjab,Diwakar Commercials Pvt Ltd,180,1
FCS Govt of Punjab,VIRGO SOFTECH LIMITED,9,5
FCS Govt of Punjab,VISESH INFOTECNICS LIMITED,1,0
Govt of Andhra Pradesh,Gouthami Educational Society,2977,3
Govt of Andhra Pradesh,GrapeSoft,2,1
Govt of Andhra Pradesh,IL&FS LTD,1,0
Govt of Andhra Pradesh,INFRONICS SYSTEMS LTD,651,45
Govt of Andhra Pradesh,Madras Security Printers Ltd,180,42
Govt of Andhra Pradesh,SREEVEN INFOCOM LIMITED,351,6
Govt of Andhra Pradesh,Smart Chip Limited,85,3
Govt of Andhra Pradesh,TechSmart India Pvt Ltd,1326,116
Govt of Andhra Pradesh,Tera Software Ltd,1639,42
Govt of Andhra Pradesh,eCentric solutions pvt ltd,376,21
Govt of Goa,COMAT TECHNOLOGIES P LTD,86,1
Govt of Goa,MARS Telecom Systems Pvt Ltd,699,7
Govt of Goa,Tera Software Ltd,75,1
Govt of Gujarat,GSS Infotech Ltd,8,0
Govt of Gujarat,Karvy Computershare Private Li,1,0
Govt of Gujarat,Silver Touch Technologies Ltd,46,0
Govt of Gujarat,Vayam technologies Ltd,124,0
Govt of Gujarat,eCentric solutions pvt ltd,6,1
Govt of Himachal Pradesh,IL&FS LTD,3,1
Govt of Himachal Pradesh,Wipro Ltd,347,10
Govt of Himachal Pradesh,i-Grandee SoftwareTechnologies,510,17
Govt of Karnataka ,COMAT TECHNOLOGIES P LTD,40,53
Govt of Karnataka ,GLODYNE TECHNOSERVE,377,3
Govt of Karnataka ,Integra Micro Systems Pvt.ltd,6667,1
Govt of Karnataka ,Tera Software Ltd,52,2
Govt of Karnataka ,Wipro Ltd,29,21
Govt of Kerala,Akshaya,819,54
Govt of Kerala,Keltron,291,19
Govt of Madhya Pradesh,VIRGO SOFTECH LIMITED,4947,519
Govt of Maharashtra,Alankit Assignments Limited,44,7
Govt of Maharashtra,COMAT TECHNOLOGIES P LTD,0,1
Govt of Maharashtra,GLODYNE TECHNOSERVE,7,0
Govt of Maharashtra,GSS Infotech Ltd,146,3
Govt of Maharashtra,Karvy Computershare Private Li,11,3
Govt of Maharashtra,Mahaonline Limited,356,49
Govt of Maharashtra,SPANCO,2,1
Govt of Maharashtra,STRATEGIC OUTSOURCING SERVICE,13,16
Govt of Maharashtra,Smart Chip Limited,778,1
Govt of Maharashtra,TEAM LIFE CARE COMPANY INDIA P,0,2
Govt of Maharashtra,Tera Software Ltd,339,51
Govt of Maharashtra,Transline Technologies P Ltd,1,0
Govt of Maharashtra,Wep Solution India Limited,6,2
Govt of Maharashtra,Wipro Ltd,56,11
Govt of Sikkim - Dept of Econo,4G IDENTITY SOLUTIONS,387,2
IDBI Bank ltd,GSS Infotech Ltd,4,0
IDBI Bank ltd,Pioneer E Labs limited,411,0
IGNOU,Vakrangee Softwares Limited,10,0
Indian Overseas Bank,Eagle Software India Pvt. Ltd,175,0
Indian Overseas Bank,Karvy Computershare Private Li,284,1
Indian Overseas Bank,Wipro Ltd,1,0
Indiapost,4G IDENTITY SOLUTIONS,19,1
Indiapost,COMAT TECHNOLOGIES P LTD,8,1
Indiapost,Delhi Integrated MMTS Ltd,3,19
Indiapost,IL&FS LTD,5,0
Indiapost,Smart Chip Limited,2,0
Indiapost,TEAM LIFE CARE COMPANY INDIA P,41,0
Indiapost,The NSIC ltd,1,0
Indiapost,The Peerless General Finance,42,4
Indiapost,UTI TECHNOLOGY SERVICES LIMITE,6,6
Indiapost,WEBEL,1,0
Indiapost,eCentric solutions pvt ltd,254,0
Jammu and Kashmir Bank,COMTECH INSTITUTE OFTECHNOLOGY,2,0
Jharkhand,Alankit Assignments Limited,42,1
Jharkhand,Blue Circle Instrument,9,1
Jharkhand,IL&FS LTD,2,0
Jharkhand,MKS Enterprises,6,0
Jharkhand,Systematic & Advance Const P L,48,2
Jharkhand,VISION COMPTECH INTEGRATOR LTD,29,1
Jharkhand,Wipro Ltd,29,5
Life Insurance Corporation,LYRA  CONSULTANCY SERVICE,1,0
Life Insurance Corporation,PROTEX COMPUTER PVT LTD,2,0
Life Insurance Corporation,eCentric solutions pvt ltd,1,0
Mission Convergence - GNCT Del,IL&FS LTD,0,1
Mission Convergence - GNCT Del,STRATEGIC OUTSOURCING SERVICE,4,6
Mission Convergence - GNCT Del,Tera Software Ltd,12,4
Mission Convergence - GNCT Del,eCentric solutions pvt ltd,7,1
N S D L,Abhipra Capital Ltd,25,1
N S D L,Alankit Assignments Limited,8,2
N S D L,Karvy Data Management Services,363,22
Oriental Bank of Commerce,DATASOFT COMPUTER SERVICES(P),38,3
Oriental Bank of Commerce,IL&FS LTD,2,1
Oriental Bank of Commerce,The NSIC ltd,1,0
Oriental Bank of Commerce,Wipro Ltd,6,2
Punjab and Sind Bank,Matrix Processing House,2,0
RDD Govt of Tripura,Alankit Assignments Limited,5,7
Registrar General India BEL2,Swathy Smartcards Hi-Tech Pvt,181,7
Registrar General India ECIL,Clairvoyance Technologies Pvt.,1,0
Registrar General India ECIL,Pioneer E Labs limited,56,0
Registrar General India Others,Computer LAB,13,0
Registrar General India Others,Emdee Digitronics Pvt.Ltd.,0,1
Registrar General India Others,India Computer Technology,2,0
Registrar General India Others,Madras Security Printers Ltd,10,0
Registrar General India Others,Swathy Smartcards Hi-Tech Pvt,21,0
Registrar General India Others,WEBEL TECHNOLOGY LIMITED,1,0
Registrar General of India ITI,Swathy Smartcards Hi-Tech Pvt,207,0
STATE BANK OF HYDERABAD,CSS TECHNERGY LIMITED,501,4
State Bank of Bikaner & Jaipur,Multiwave Innovation,47,2
State Bank of India,4G IDENTITY SOLUTIONS,2113,20
State Bank of India,COMAT TECHNOLOGIES P LTD,2,0
State Bank of India,CSS TECHNERGY LIMITED,5533,44
State Bank of India,Delhi Integrated MMTS Ltd,1,4
State Bank of India,Eagle press pvt ltd,1,1
State Bank of India,IL&FS LTD,118,7
State Bank of India,Smart Chip Limited,142,4
State Bank of India,VIRGO SOFTECH LIMITED,0,12
UDD Govt of Jharkhand,IL&FS LTD,2,0
UDD Govt of Jharkhand,MKS Enterprises,6,0
UDD Govt of Jharkhand,Smart ID,4,1
UDD Govt of Jharkhand,Systematic & Advance Const P L,3,1
UIDAI-Registrar,UIDAI-EA,2,0
UT of Puducherry,Madras Security Printers Ltd,184,6
Union Bank,4G IDENTITY SOLUTIONS,1,1
Union Bank,Smart Chip Limited,45,0
Union Bank,Vakrangee Softwares Limited,401,147
