Registrar,Enrolment Agency,Aadhaar generated,Enrolment Rejected
Allahabad Bank,IL&FS LTD,207,58
Allahabad Bank,Tera Software Ltd,293,8
Allahabad Bank,Vakrangee Softwares Limited,41,2
Bank Of India,A3 Logics  India  Ltd,6297,313
Bank Of India,DATASOFT COMPUTER SERVICES(P),19,5
Bank Of India,Emdee Digitronics Pvt.Ltd.,0,6
Bank Of India,Frontech Systems Pvt Ltd,41,4
Bank Of India,ITI LIMITED,1318,3
Bank Of India,Integra Micro Systems Pvt.ltd,0,5
Bank Of India,MANTRA SOFTTECH (INDIA) PVTLTD,370,14
Bank Of India,Matrix Processing House,18,2
Bank Of India,OPTIMIX CONSULTANCY PRIVATE LT,1,0
Bank Of India,OSWAL COMPUTERS & CONSULTANTS,791,2
Bank Of India,PROTEX COMPUTER PVT LTD,46,0
Bank Of India,SARADA SYSTEMS,627,0
Bank Of India,SHRIKRISHNA KHANDASARI SUGAR M,18,1
Bank Of India,SREI INFRASTRUCTURE FINANCES L,29,4
Bank Of India,Silver Touch Technologies Ltd,1,1
Bank Of India,Systematic & Advance Const P L,139,0
Bank Of India,Tera Software Ltd,1,1
Bank Of India,VEETECHNOLOGIES PVT. LTD,1131,4
Bank Of India,Vakrangee Softwares Limited,2330,27
Bank of Baroda,DATASOFT COMPUTER SERVICES(P),367,147
Bank of Baroda,IL&FS LTD,79,50
Bank of Baroda,TEAM LIFE CARE COMPANY INDIA P,128,57
Bank of Maharashtra,Alankit Assignments Limited,0,9
Bank of Maharashtra,Bartronics India Limited,0,1
Canara Bank,ITI LIMITED,28,2
Canara Bank,Rosmerta technoliges Limited,58,1
Canara Bank,Smart Chip Limited,50,5
Canara Bank,Swiss Tech India Pvt Ltd,363,0
Canara Bank,VIRGO SOFTECH LIMITED,0,1
Canara Bank,Vakrangee Softwares Limited,2,0
Central Bank of India,CALANCE SOFTWARE PRIVATE LTD,1192,77
Central Bank of India,Frontech Systems Pvt Ltd,39,52
Central Bank of India,GSS Infotech Ltd,16,19
Central Bank of India,IAP COMPANY Pvt. Ltd,161,22
Central Bank of India,IL&FS LTD,3108,142
Central Bank of India,MANTRA SOFTTECH (INDIA) PVTLTD,632,152
Central Bank of India,SREI INFRASTRUCTURE FINANCES L,1570,143
Central Bank of India,Tera Software Ltd,47,2
Central Bank of India,The Peerless General Finance,351,13
Civil Supplies - A&N Islands,India Computer Technology,71,3
Delhi - Central DC,Smart Chip Limited,747,74
Delhi - East DC,DATASOFT COMPUTER SERVICES(P),43,2
Delhi - East DC,Tera Software Ltd,98,11
Delhi - ND DC,Smart Chip Limited,36,6
Delhi - NE DC,Alankit Assignments Limited,456,135
Delhi - NE DC,Smart ID,346,18
Delhi - North DC,DATASOFT COMPUTER SERVICES(P),373,8
Delhi - North DC,Smart Chip Limited,834,48
Delhi SW DC,STRATEGIC OUTSOURCING SERVICE,171,152
Delhi Urban Shelter Improvemen,Alankit Assignments Limited,3,1
Delhi Urban Shelter Improvemen,Matrix Processing House,21,0
Delhi Urban Shelter Improvemen,STRATEGIC OUTSOURCING SERVICE,20,122
Delhi Urban Shelter Improvemen,Smart Chip Limited,20,13
Delhi Urban Shelter Improvemen,Tera Software Ltd,189,22
Delhi- South DC,Tera Software Ltd,1158,49
Delhi- South DC,eCentric solutions pvt ltd,473,70
Delhi- West DC,Matrix Processing House,261,92
Delhi- West DC,VIRGO SOFTECH LIMITED,78,44
Delhi-NW DC,Karvy Computershare Private Li,52,33
Delhi-NW DC,STRATEGIC OUTSOURCING SERVICE,457,99
Dept of ITC Govt of Rajasthan,ATISHAY INFOTECH PVT. LTD.,4390,38
Dept of ITC Govt of Rajasthan,DATASOFT COMPUTER SERVICES(P),26,6
Dept of ITC Govt of Rajasthan,GSS Infotech Ltd,267,9
Dept of ITC Govt of Rajasthan,TechSmart India Pvt Ltd,29,6
Dept of ITC Govt of Rajasthan,Vakrangee Softwares Limited,81,27
FCR Govt of Haryana,Vakrangee Softwares Limited,81,125
FCS Govt of Punjab,Alankit Assignments Limited,2163,280
FCS Govt of Punjab,Alankit Finsec Ltd,1696,195
FCS Govt of Punjab,Alankit Life Care Ltd,476,53
FCS Govt of Punjab,Delhi Integrated MMTS Ltd,969,114
FCS Govt of Punjab,Diwakar Commercials Pvt Ltd,832,202
FCS Govt of Punjab,VIRGO SOFTECH LIMITED,448,95
FCS Govt of Punjab,VISESH INFOTECNICS LIMITED,9,23
Govt of Andhra Pradesh,Gouthami Educational Society,1449,575
Govt of Andhra Pradesh,GrapeSoft,168,561
Govt of Andhra Pradesh,IL&FS LTD,4251,2259
Govt of Andhra Pradesh,INFRONICS SYSTEMS LTD,18008,829
Govt of Andhra Pradesh,Madras Security Printers Ltd,6585,2123
Govt of Andhra Pradesh,Mahaonline Limited,0,1
Govt of Andhra Pradesh,SREEVEN INFOCOM LIMITED,777,170
Govt of Andhra Pradesh,Smart Chip Limited,5447,501
Govt of Andhra Pradesh,TechSmart India Pvt Ltd,23161,2981
Govt of Andhra Pradesh,Tera Software Ltd,8614,514
Govt of Andhra Pradesh,eCentric solutions pvt ltd,4272,1861
Govt of Goa,COMAT TECHNOLOGIES P LTD,34,8
Govt of Goa,MARS Telecom Systems Pvt Ltd,2576,24
Govt of Goa,Tera Software Ltd,401,11
Govt of Gujarat,GSS Infotech Ltd,2605,4
Govt of Gujarat,Karvy Computershare Private Li,1286,0
Govt of Gujarat,Silver Touch Technologies Ltd,2641,9
Govt of Gujarat,Tera Software Ltd,4196,5
Govt of Gujarat,Transline Technologies P Ltd,622,1
Govt of Gujarat,Vayam technologies Ltd,3298,3
Govt of Gujarat,eCentric solutions pvt ltd,2315,16
Govt of Himachal Pradesh,IL&FS LTD,293,80
Govt of Himachal Pradesh,Wipro Ltd,6412,47
Govt of Himachal Pradesh,i-Grandee SoftwareTechnologies,15994,148
Govt of Karnataka ,COMAT TECHNOLOGIES P LTD,5077,727
Govt of Karnataka ,GLODYNE TECHNOSERVE,2941,258
Govt of Karnataka ,Integra Micro Systems Pvt.ltd,99,200
Govt of Karnataka ,Tera Software Ltd,393,664
Govt of Karnataka ,Wipro Ltd,4134,190
Govt of Kerala,Akshaya,112498,190
Govt of Kerala,Keltron,31245,70
Govt of Madhya Pradesh,Alankit Assignments Limited,0,2
Govt of Madhya Pradesh,Tera Software Ltd,0,1
Govt of Madhya Pradesh,VIRGO SOFTECH LIMITED,253343,3078
Govt of Maharashtra,4G IDENTITY SOLUTIONS,0,1
Govt of Maharashtra,Alankit Assignments Limited,836,650
Govt of Maharashtra,COMAT TECHNOLOGIES P LTD,134,199
Govt of Maharashtra,Eagle press pvt ltd,13,39
Govt of Maharashtra,GLODYNE TECHNOSERVE,318,0
Govt of Maharashtra,GSS Infotech Ltd,422,356
Govt of Maharashtra,Karvy Computershare Private Li,1304,361
Govt of Maharashtra,Mahaonline Limited,21413,864
Govt of Maharashtra,SPANCO,549,73
Govt of Maharashtra,STRATEGIC OUTSOURCING SERVICE,2725,376
Govt of Maharashtra,Smart Chip Limited,1069,45
Govt of Maharashtra,TEAM LIFE CARE COMPANY INDIA P,1700,100
Govt of Maharashtra,TechSmart India Pvt Ltd,5,0
Govt of Maharashtra,Tera Software Ltd,7533,1013
Govt of Maharashtra,Wep Solution India Limited,857,73
Govt of Maharashtra,Wipro Ltd,10964,313
Govt of Sikkim - Dept of Econo,4G IDENTITY SOLUTIONS,180,57
Govt of Sikkim - Dept of Econo,Alankit Assignments Limited,0,1
IDBI Bank ltd,GSS Infotech Ltd,37,0
IDBI Bank ltd,Pioneer E Labs limited,49,1
IDBI Bank ltd,SREEVEN INFOCOM LIMITED,9,0
IGNOU,VIRGO SOFTECH LIMITED,37,1
IGNOU,Vakrangee Softwares Limited,241,3
Indian Bank,GSS Infotech Ltd,1,8
Indian Bank,i-Grandee SoftwareTechnologies,0,4
Indian Overseas Bank,Eagle Software India Pvt. Ltd,0,1
Indian Overseas Bank,Karvy Computershare Private Li,20,1
Indian Overseas Bank,Wipro Ltd,0,1
Indiapost,4G IDENTITY SOLUTIONS,519,66
Indiapost,COMAT TECHNOLOGIES P LTD,199,105
Indiapost,CSS TECHNERGY LIMITED,3,0
Indiapost,Delhi Integrated MMTS Ltd,6941,51
Indiapost,Eagle press pvt ltd,14,8
Indiapost,GLODYNE TECHNOSERVE,50,13
Indiapost,GSS Infotech Ltd,34,34
Indiapost,IL&FS LTD,745,49
Indiapost,Madras Security Printers Ltd,40,27
Indiapost,Smart Chip Limited,42,15
Indiapost,TEAM LIFE CARE COMPANY INDIA P,507,307
Indiapost,The NSIC ltd,53,7
Indiapost,The Peerless General Finance,697,2
Indiapost,UTI TECHNOLOGY SERVICES LIMITE,2132,96
Indiapost,WEBEL,14,1
Indiapost,eCentric solutions pvt ltd,30,63
Jammu and Kashmir Bank,COMTECH INSTITUTE OFTECHNOLOGY,1,0
Jharkhand,Alankit Assignments Limited,153,133
Jharkhand,Blue Circle Instrument,26,35
Jharkhand,IL&FS LTD,42,105
Jharkhand,MKS Enterprises,628,55
Jharkhand,Nevaeh Technology Pvt. Ltd.,5,29
Jharkhand,STRATEGIC OUTSOURCING SERVICE,18,162
Jharkhand,Smart ID,208,79
Jharkhand,Systematic & Advance Const P L,1460,30
Jharkhand,VISION COMPTECH INTEGRATOR LTD,106,183
Jharkhand,Wipro Ltd,1056,103
Life Insurance Corporation,COMAT TECHNOLOGIES P LTD,0,9
Life Insurance Corporation,DATASOFT COMPUTER SERVICES(P),1,4
Life Insurance Corporation,LYRA  CONSULTANCY SERVICE,12,0
Life Insurance Corporation,MICROVIEWS INFOSYSTEMS PVT LTD,26,0
Life Insurance Corporation,PROTEX COMPUTER PVT LTD,4,0
Life Insurance Corporation,Smart ID,114,19
Life Insurance Corporation,eCentric solutions pvt ltd,42,14
Mission Convergence - GNCT Del,Alankit Assignments Limited,15,4
Mission Convergence - GNCT Del,IL&FS LTD,17,10
Mission Convergence - GNCT Del,Karvy Computershare Private Li,5,0
Mission Convergence - GNCT Del,Matrix Processing House,28,10
Mission Convergence - GNCT Del,STRATEGIC OUTSOURCING SERVICE,446,100
Mission Convergence - GNCT Del,Smart Chip Limited,7,22
Mission Convergence - GNCT Del,Tera Software Ltd,229,13
Mission Convergence - GNCT Del,eCentric solutions pvt ltd,56,11
N S D L,Abhipra Capital Ltd,487,32
N S D L,Alankit Assignments Limited,905,180
N S D L,Karvy Data Management Services,9846,245
N S D L,Tera Software Ltd,4,0
Oriental Bank of Commerce,DATASOFT COMPUTER SERVICES(P),745,65
Oriental Bank of Commerce,IL&FS LTD,718,23
Oriental Bank of Commerce,The NSIC ltd,1,2
Oriental Bank of Commerce,Wipro Ltd,553,7
Others,Others,0,1
Punjab and Sind Bank,Matrix Processing House,54,9
RDD Govt of Tripura,Alankit Assignments Limited,261,378
RDD Govt of Tripura,Madras Security Printers Ltd,0,4
Registrar General India - BEL,In Media Computer Services LLP,3,8
Registrar General India BEL2,Om Softwares,1,1
Registrar General India BEL2,Swathy Smartcards Hi-Tech Pvt,18,23
Registrar General India ECIL,Computer LAB,0,1
Registrar General India ECIL,In Media Computer Services LLP,2,0
Registrar General India ECIL,Pioneer E Labs limited,47,1
Registrar General India ECIL,Tera Software Ltd,23,0
Registrar General India Others,Computer LAB,2,1
Registrar General India Others,Eagle Software India Pvt. Ltd,1,0
Registrar General India Others,Emdee Digitronics Pvt.Ltd.,5,0
Registrar General India Others,In Media Computer Services LLP,1,0
Registrar General India Others,India Computer Technology,3,2
Registrar General India Others,Krishna Infotech,4,0
Registrar General India Others,Madras Security Printers Ltd,15,0
Registrar General India Others,Multiwave Innovation,1,0
Registrar General India Others,Om Softwares,2,0
Registrar General India Others,Pioneer E Labs limited,4,5
Registrar General India Others,SREEVEN INFOCOM LIMITED,2,0
Registrar General India Others,SWISSTECH NPR 57CR PROJECT PVT,157,1
Registrar General India Others,Swathy Smartcards Hi-Tech Pvt,71,7
Registrar General India Others,Vedavaag Systems Limited,1,0
Registrar General India Others,WEBEL TECHNOLOGY LIMITED,20,0
Registrar General of India ITI,Multiwave Innovation,0,1
Registrar General of India ITI,Swathy Smartcards Hi-Tech Pvt,5,0
STATE BANK OF HYDERABAD,CSS TECHNERGY LIMITED,3551,152
STATE BANK OF PATIALA,CSS TECHNERGY LIMITED,20,14
State Bank of Bikaner & Jaipur,Multiwave Innovation,1998,16
State Bank of India,4G IDENTITY SOLUTIONS,14453,2670
State Bank of India,COMAT TECHNOLOGIES P LTD,31,27
State Bank of India,CSS TECHNERGY LIMITED,14652,1943
State Bank of India,Delhi Integrated MMTS Ltd,899,77
State Bank of India,Eagle press pvt ltd,75,123
State Bank of India,IL&FS LTD,1779,427
State Bank of India,Smart Chip Limited,3006,304
State Bank of India,VIRGO SOFTECH LIMITED,59,89
State Bank of Travancore,Tera Software Ltd,3,0
Syndicate Bank,Smart Chip Limited,2,10
UDD Govt of Jharkhand,Blue Circle Instrument,168,30
UDD Govt of Jharkhand,IL&FS LTD,110,303
UDD Govt of Jharkhand,MKS Enterprises,218,127
UDD Govt of Jharkhand,Smart ID,541,26
UDD Govt of Jharkhand,Systematic & Advance Const P L,319,25
UIDAI-Registrar,UIDAI-EA,19,19
UT Of Daman and Diu,Alankit Assignments Limited,12,28
UT of Puducherry,Madras Security Printers Ltd,1809,144
Union Bank,4G IDENTITY SOLUTIONS,182,112
Union Bank,Smart Chip Limited,107,9
Union Bank,Vakrangee Softwares Limited,48179,3199
United Bank of India,Atyati Technologies Pvt Ltd,1,1
