State,District,Aadhaar generated,Enrolment Rejected
Andaman and Nicobar Islands,Andamans,0,2
Andhra Pradesh,Adilabad,30,40
Andhra Pradesh,Anantapur,0,181
Andhra Pradesh,Chittoor,2,349
Andhra Pradesh,Cuddapah,125,64
Andhra Pradesh,East Godavari,168,112
Andhra Pradesh,Guntur,90,281
Andhra Pradesh,Hyderabad,9,130
Andhra Pradesh,K.V.Rangareddy,94,73
Andhra Pradesh,Karimnagar,140,30
Andhra Pradesh,Khammam,3,25
Andhra Pradesh,Krishna,167,305
Andhra Pradesh,Kurnool,4,20
Andhra Pradesh,Mahbubnagar,1,88
Andhra Pradesh,Medak,45,66
Andhra Pradesh,Nalgonda,8,44
Andhra Pradesh,Nellore,51,75
Andhra Pradesh,Nizamabad,16,13
Andhra Pradesh,Prakasam,19,65
Andhra Pradesh,Srikakulam,453,66
Andhra Pradesh,Visakhapatnam,325,279
Andhra Pradesh,Vizianagaram,9,19
Andhra Pradesh,Warangal,2,20
Andhra Pradesh,West Godavari,26,87
Assam,Cachar,2,0
Assam,Goalpara,1,0
Assam,Kamrup,2,0
Assam,North Cachar Hills,1,0
Bihar,Aurangabad(BH),2,0
Bihar,Banka,0,1
Bihar,Begusarai,2,0
Bihar,Bhabua,4,0
Bihar,Bhagalpur,2,0
Bihar,Bhojpur,9,1
Bihar,Buxar,4,0
Bihar,Darbhanga,3,1
Bihar,East Champaran,3,0
Bihar,Gaya,1,0
Bihar,Gopalganj,3,0
Bihar,Jehanabad,6,0
Bihar,Khagaria,3,0
Bihar,Kishanganj,0,1
Bihar,Madhepura,2,0
Bihar,Madhubani,8,0
Bihar,Muzaffarpur,3,0
Bihar,Nalanda,2,0
Bihar,Nawada,6,1
Bihar,Patna,13,1
Bihar,Purnia,1,0
Bihar,Rohtas,4,0
Bihar,Samastipur,6,1
Bihar,Saran,8,1
Bihar,Sheikhpura,2,0
Bihar,Sheohar,2,0
Bihar,Sitamarhi,9,0
Bihar,Siwan,4,1
Bihar,Supaul,1,6
Bihar,Vaishali,4,0
Bihar,West Champaran,3,0
Chandigarh,Chandigarh,68,6
Chhattisgarh,Raipur,1,0
Dadra and Nagar Haveli,Dadra and Nagar Haveli,1,0
Daman and Diu,Daman,0,2
Delhi,Central Delhi,2,2
Delhi,East Delhi,2,14
Delhi,North Delhi,12,1
Delhi,North East,12,10
Delhi,North West Delhi,343,29
Delhi,South Delhi,6,12
Delhi,South West Delhi,6,22
Delhi,West Delhi,18,13
Goa,North Goa,2,60
Goa,South Goa,177,24
Gujarat,Ahmadabad,460,6
Gujarat,Amreli,6,0
Gujarat,Anand,1,0
Gujarat,Bharuch,1,0
Gujarat,Bhavnagar,34,1
Gujarat,Gandhinagar,3,0
Gujarat,Jamnagar,20,4
Gujarat,Junagadh,6,0
Gujarat,Mahesana,19,0
Gujarat,Navsari,3,0
Gujarat,Patan,12,3
Gujarat,Porbandar,2,2
Gujarat,Rajkot,6,1
Gujarat,Sabarkantha,79,2
Gujarat,Surat,36,3
Gujarat,Vadodara,99,0
Gujarat,Valsad,0,1
Haryana,Ambala,6,0
Haryana,Bhiwani,62,0
Haryana,Faridabad,3,1
Haryana,Fatehabad,3,0
Haryana,Gurgaon,1,1
Haryana,Hisar,34,1
Haryana,Jhajjar,1,0
Haryana,Jind,3,0
Haryana,Kaithal,36,0
Haryana,Karnal,2,0
Haryana,Kurukshetra,2,0
Haryana,Mahendragarh,0,1
Haryana,Panchkula,28,0
Haryana,Panipat,2,1
Haryana,Rewari,3,0
Haryana,Rohtak,2,0
Haryana,Sirsa,16,3
Haryana,Sonipat,8,0
Haryana,Yamuna Nagar,2,0
Himachal Pradesh,Bilaspur ,16,0
Himachal Pradesh,Chamba,478,12
Himachal Pradesh,Hamirpur,20,3
Himachal Pradesh,Kangra,565,146
Himachal Pradesh,Kinnaur,1,0
Himachal Pradesh,Kullu,3,1
Himachal Pradesh,Mandi,33,7
Himachal Pradesh,Shimla,9,5
Himachal Pradesh,Sirmaur,27,1
Himachal Pradesh,Solan,419,1
Himachal Pradesh,Una,8,2
Jammu and Kashmir,Doda,3,0
Jammu and Kashmir,Jammu,16,1
Jammu and Kashmir,Kargil,50,0
Jammu and Kashmir,Kathua,4,0
Jammu and Kashmir,Leh,111,0
Jammu and Kashmir,Rajouri,1,0
Jammu and Kashmir,Udhampur,3,0
Jharkhand,Bokaro,2,6
Jharkhand,Deoghar,1,0
Jharkhand,Dhanbad,3,8
Jharkhand,East Singhbhum,1,5
Jharkhand,Garhwa,0,1
Jharkhand,Godda,139,43
Jharkhand,Gumla,1,1
Jharkhand,Hazaribagh,4,4
Jharkhand,Jamtara,0,1
Jharkhand,Khunti,0,2
Jharkhand,Lohardaga,4,4
Jharkhand,Pakaur,9,2
Jharkhand,Palamau,0,5
Jharkhand,Ranchi,2,37
Jharkhand,Sahebganj,44,6
Jharkhand,Seraikela-Kharsawan,0,8
Jharkhand,Simdega,0,2
Jharkhand,West Singhbhum,2,0
Karnataka,Bagalkot,4,0
Karnataka,Bangalore,154,10
Karnataka,Belgaum,27,3
Karnataka,Bellary,2,1
Karnataka,Bidar,3,7
Karnataka,Bijapur(KAR),1,4
Karnataka,Chamarajanagar,1,1
Karnataka,Chickmagalur,0,1
Karnataka,Chikkaballapur,0,1
Karnataka,Chitradurga,1,0
Karnataka,Dakshina Kannada,3,0
Karnataka,Davangere,1,0
Karnataka,Dharwad,1446,94
Karnataka,Gadag,6,0
Karnataka,Gulbarga,3,5
Karnataka,Hassan,0,1
Karnataka,Haveri,6,1
Karnataka,Kolar,2,0
Karnataka,Koppal,0,3
Karnataka,Mandya,5,1
Karnataka,Mysore,0,49
Karnataka,Raichur,3,1
Karnataka,Shimoga,1,0
Karnataka,Tumkur,3,8
Karnataka,Udupi,1,0
Karnataka,Uttara Kannada,6,0
Kerala,Alappuzha,1029,15
Kerala,Ernakulam,2987,8
Kerala,Idukki,3288,6
Kerala,Kannur,2431,7
Kerala,Kasargod,818,3
Kerala,Kollam,7162,9
Kerala,Kottayam,1239,3
Kerala,Kozhikode,2873,3
Kerala,Malappuram,921,6
Kerala,Palakkad,2934,6
Kerala,Pathanamthitta,2080,4
Kerala,Thiruvananthapuram,1746,22
Kerala,Thrissur,6032,8
Kerala,Wayanad,1519,4
Madhya Pradesh,Balaghat,1,0
Madhya Pradesh,Barwani,14897,342
Madhya Pradesh,Betul,4,0
Madhya Pradesh,Bhind,2,0
Madhya Pradesh,Bhopal,7,0
Madhya Pradesh,Burhanpur,92,14
Madhya Pradesh,Chhindwara,13,1
Madhya Pradesh,Dewas,1102,31
Madhya Pradesh,Dhar,2,0
Madhya Pradesh,Guna,27,0
Madhya Pradesh,Gwalior,2,4
Madhya Pradesh,Harda,26,7
Madhya Pradesh,Hoshangabad,21,24
Madhya Pradesh,Indore,1504,12
Madhya Pradesh,Jabalpur,632,12
Madhya Pradesh,Jhabua,65,2
Madhya Pradesh,Katni,6,0
Madhya Pradesh,Khandwa,69,13
Madhya Pradesh,Khargone,8,0
Madhya Pradesh,Mandla,0,2
Madhya Pradesh,Mandsaur,3260,125
Madhya Pradesh,Morena,2,1
Madhya Pradesh,Narsinghpur,44,2
Madhya Pradesh,Panna,1,0
Madhya Pradesh,Raisen,50,1
Madhya Pradesh,Rajgarh,4,0
Madhya Pradesh,Ratlam,43985,1144
Madhya Pradesh,Rewa,2,0
Madhya Pradesh,Sagar,10,0
Madhya Pradesh,Sehore,5,1
Madhya Pradesh,Seoni,2,0
Madhya Pradesh,Shajapur,1022,27
Madhya Pradesh,Sheopur,1,0
Madhya Pradesh,Shivpuri,86,1
Madhya Pradesh,Sidhi,7,0
Madhya Pradesh,Tikamgarh,1,1
Madhya Pradesh,Ujjain,23,1
Madhya Pradesh,Vidisha,175,4
Maharashtra,Ahmed Nagar,6,8
Maharashtra,Akola,5,6
Maharashtra,Amravati,1,12
Maharashtra,Aurangabad,741,22
Maharashtra,Beed,2,15
Maharashtra,Bhandara,11,5
Maharashtra,Buldhana,4,1
Maharashtra,Chandrapur,164,4
Maharashtra,Dhule,8,20
Maharashtra,Gadchiroli,0,4
Maharashtra,Gondiya,13,1
Maharashtra,Hingoli,4,1
Maharashtra,Jalgaon,4,10
Maharashtra,Jalna,1,12
Maharashtra,Kolhapur,3,2
Maharashtra,Latur,30,12
Maharashtra,Mumbai,68,93
Maharashtra,Mumbai City,0,3
Maharashtra,Mumbai( Sub Urban ),0,4
Maharashtra,Nagpur,1493,27
Maharashtra,Nanded,7252,21
Maharashtra,Nandurbar,1,3
Maharashtra,Nashik,109,8
Maharashtra,Osmanabad,3,15
Maharashtra,Parbhani,8,1
Maharashtra,Pune,23,16
Maharashtra,Raigarh(MH),3,0
Maharashtra,Ratnagiri,0,1
Maharashtra,Sangli,7,11
Maharashtra,Satara,2,3
Maharashtra,Solapur,2,30
Maharashtra,Thane,529,6
Maharashtra,Wardha,11,28
Maharashtra,Washim,2,1
Maharashtra,Yavatmal,8,0
Manipur,Churachandpur,1,0
Manipur,Imphal East,1,0
Nagaland,Dimapur,1,0
Nagaland,Tuensang,3,0
Odisha,Anugul,1,0
Odisha,Balangir,1,0
Odisha,Baleswar,3,2
Odisha,Bargarh,1,0
Odisha,Bhadrak,1,1
Odisha,Cuttack,4,2
Odisha,Dhenkanal,2,0
Odisha,Ganjam,0,1
Odisha,Jajapur,2,0
Odisha,Kendrapara,0,2
Odisha,Khordha,2,7
Odisha,Koraput,4,0
Odisha,Nayagarh,0,2
Odisha,Puri,0,2
Odisha,Sundergarh,1,0
Others,Others,164,3
Puducherry,Pondicherry,7,10
Punjab,Amritsar,149,34
Punjab,Barnala,38,5
Punjab,Bathinda,42,4
Punjab,Faridkot,20,7
Punjab,Fatehgarh Sahib,15,6
Punjab,Fazilka,0,1
Punjab,Ferozepur,27,9
Punjab,Gurdaspur,98,28
Punjab,Hoshiarpur,41,16
Punjab,Jalandhar,40,8
Punjab,Kapurthala,13,3
Punjab,Ludhiana,55,0
Punjab,Mansa,9,3
Punjab,Moga,28,2
Punjab,Muktsar,74,20
Punjab,Nawanshahr,22,1
Punjab,Patiala,17,4
Punjab,Rupnagar,9,0
Punjab,SAS Nagar (Mohali),7,4
Punjab,Sangrur,25,7
Punjab,Tarn Taran,60,10
Rajasthan,Ajmer,7,1
Rajasthan,Alwar,12,1
Rajasthan,Baran,6,2
Rajasthan,Barmer,3,1
Rajasthan,Bharatpur,85,2
Rajasthan,Bhilwara,576,2
Rajasthan,Bikaner,3,1
Rajasthan,Bundi,12,1
Rajasthan,Chittorgarh,4,0
Rajasthan,Churu,7,2
Rajasthan,Dausa,10,0
Rajasthan,Dungarpur,1,0
Rajasthan,Ganganagar,3,0
Rajasthan,Hanumangarh,1,1
Rajasthan,Jaipur,653,8
Rajasthan,Jalor,110,1
Rajasthan,Jhalawar,799,16
Rajasthan,Jhunjhunun,10,1
Rajasthan,Jodhpur,28,1
Rajasthan,Karauli,5,0
Rajasthan,Kota,1124,150
Rajasthan,Nagaur,50,1
Rajasthan,Pali,4,2
Rajasthan,Rajsamand,9,1
Rajasthan,Sawai Madhopur,16,2
Rajasthan,Sikar,60,3
Rajasthan,Sirohi,3,0
Rajasthan,Tonk,4,2
Rajasthan,Udaipur,105,4
Sikkim,East Sikkim,0,1
Sikkim,North Sikkim,0,1
Sikkim,West Sikkim,0,1
Tamil Nadu,Chennai,4,0
Tamil Nadu,Coimbatore,18,0
Tamil Nadu,Cuddalore,7,0
Tamil Nadu,Dharmapuri,1,1
Tamil Nadu,Dindigul,16,1
Tamil Nadu,Erode,1,2
Tamil Nadu,Kanchipuram,0,1
Tamil Nadu,Kanyakumari,37,2
Tamil Nadu,Karur,2,1
Tamil Nadu,Madurai,74,1
Tamil Nadu,Nagapattinam,1,1
Tamil Nadu,Pudukkottai,0,1
Tamil Nadu,Salem,1,3
Tamil Nadu,Thanjavur,2,0
Tamil Nadu,Tiruchirappalli,10,2
Tamil Nadu,Tiruvallur,0,2
Tamil Nadu,Vellore,1,22
Tamil Nadu,Villupuram,5,0
Tamil Nadu,Virudhunagar,24,0
Tripura,Dhalai,0,1
Tripura,North Tripura,0,6
Tripura,South Tripura,0,1
Tripura,West Tripura,3,16
Uttar Pradesh,Agra,474,13
Uttar Pradesh,Aligarh,512,8
Uttar Pradesh,Allahabad,17,0
Uttar Pradesh,Ambedkar Nagar,6,1
Uttar Pradesh,Auraiya,28,61
Uttar Pradesh,Azamgarh,4,0
Uttar Pradesh,Baghpat,3,0
Uttar Pradesh,Bahraich,2,0
Uttar Pradesh,Ballia,21,9
Uttar Pradesh,Balrampur,1,0
Uttar Pradesh,Banda,3,0
Uttar Pradesh,Barabanki,21,4
Uttar Pradesh,Bareilly,2976,26
Uttar Pradesh,Basti,3,1
Uttar Pradesh,Bijnor,71,5
Uttar Pradesh,Budaun,13,1
Uttar Pradesh,Bulandshahar,7,0
Uttar Pradesh,Chandauli,1,1
Uttar Pradesh,Deoria,2,9
Uttar Pradesh,Etah,5,0
Uttar Pradesh,Etawah,386,16
Uttar Pradesh,Farrukhabad,2,1
Uttar Pradesh,Firozabad,124,20
Uttar Pradesh,Gautam Buddha Nagar,4,1
Uttar Pradesh,Ghaziabad,15,1
Uttar Pradesh,Ghazipur,12,1
Uttar Pradesh,Gonda,1,1
Uttar Pradesh,Gorakhpur,11,13
Uttar Pradesh,Hardoi,3,0
Uttar Pradesh,Hathras,1,0
Uttar Pradesh,Jalaun,3,1
Uttar Pradesh,Jhansi,89,0
Uttar Pradesh,Jyotiba Phule Nagar,4,0
Uttar Pradesh,Kannauj,32,1
Uttar Pradesh,Kanpur Dehat,4,1
Uttar Pradesh,Kanpur Nagar,409,24
Uttar Pradesh,Kheri,6,8
Uttar Pradesh,Kushinagar,3,6
Uttar Pradesh,Lalitpur,684,10
Uttar Pradesh,Lucknow,464,24
Uttar Pradesh,Mahoba,11,2
Uttar Pradesh,Mainpuri,6,3
Uttar Pradesh,Mathura,4,3
Uttar Pradesh,Mau,2,0
Uttar Pradesh,Meerut,13,0
Uttar Pradesh,Mirzapur,1,0
Uttar Pradesh,Moradabad,22,0
Uttar Pradesh,Muzaffarnagar,4,0
Uttar Pradesh,Pilibhit,14,0
Uttar Pradesh,Pratapgarh,4,0
Uttar Pradesh,Raebareli,37,7
Uttar Pradesh,Rampur,6,0
Uttar Pradesh,Saharanpur,13,0
Uttar Pradesh,Sant Kabir Nagar,2,0
Uttar Pradesh,Sant Ravidas Nagar Bhadohi,2,0
Uttar Pradesh,Shahjahanpur,10,1
Uttar Pradesh,Siddharthnagar,1,0
Uttar Pradesh,Sitapur,8,2
Uttar Pradesh,Sultanpur,7,1
Uttar Pradesh,Unnao,1,2
Uttar Pradesh,Varanasi,1,0
Uttarakhand,Almora,4,0
Uttarakhand,Bageshwar,1,0
Uttarakhand,Chamoli,1,0
Uttarakhand,Champawat,1,0
Uttarakhand,Dehradun,2,0
Uttarakhand,Garhwal,1,0
Uttarakhand,Nainital,4,0
Uttarakhand,Pithoragarh,3,0
Uttarakhand,Udham Singh Nagar,6,3
West Bengal,Bankura,10,1
West Bengal,Barddhaman,9,1
West Bengal,Cooch Behar,15,1
West Bengal,Dakshin Dinajpur,1,0
West Bengal,Darjeeling,7,0
West Bengal,East Midnapore,1,1
West Bengal,Hooghly,3,0
West Bengal,Howrah,0,1
West Bengal,Jalpaiguri,5,4
West Bengal,Kolkata,7,4
West Bengal,Medinipur,0,2
West Bengal,Nadia,20,0
West Bengal,North 24 Parganas,6,1
West Bengal,North Dinajpur,1,0
West Bengal,South Twenty Four Parganas,6,0
West Bengal,West Midnapore,2,0
