State,District,Aadhaar generated,Enrolment Rejected
Andhra Pradesh,Adilabad,645,41
Andhra Pradesh,Ananthapur,879,4
Andhra Pradesh,Chittoor,133,2
Andhra Pradesh,Cuddapah,322,2
Andhra Pradesh,East Godavari,209,446
Andhra Pradesh,Guntur,126,0
Andhra Pradesh,Hyderabad,416,10
Andhra Pradesh,K.v. Rangareddy,875,48
Andhra Pradesh,Karimnagar,1134,23
Andhra Pradesh,Khammam,612,11
Andhra Pradesh,Krishna,233,1
Andhra Pradesh,Kurnool,3042,34
Andhra Pradesh,Mahabub Nagar,69,0
Andhra Pradesh,Mahabubnagar,1806,29
Andhra Pradesh,Mahbubnagar,8,0
Andhra Pradesh,Medak,459,17
Andhra Pradesh,Nalgonda,2882,42
Andhra Pradesh,Nellore,554,7
Andhra Pradesh,Nizamabad,702,6
Andhra Pradesh,Prakasam,658,9
Andhra Pradesh,Srikakulam,277,26
Andhra Pradesh,Visakhapatnam,1378,28
Andhra Pradesh,Vizianagaram,301,2
Andhra Pradesh,Warangal,1009,26
Andhra Pradesh,West Godavari,1032,9
Arunachal Pradesh,Lower Subansiri,1,0
Arunachal Pradesh,Papum Pare,6,0
Assam,Barpeta,1,0
Assam,Cachar,5,0
Assam,Chirang,1,0
Assam,Dhemaji,1,0
Assam,Dibrugarh,1,0
Assam,Golaghat,1,0
Assam,Hailakandi,3,0
Assam,Jorhat,3,0
Assam,Kamrup,3,0
Assam,Karbi Anglong,1,0
Assam,Karimganj,3,0
Assam,Kokrajhar,1,0
Assam,Lakhimpur,1,0
Assam,Nagaon,2,0
Assam,Nalbari,1,0
Assam,Sibsagar,2,1
Assam,Sonitpur,4,0
Assam,Tinsukia,1,0
Assam,Udalguri,3,0
Bihar,Araria,18,0
Bihar,Arwal,52,0
Bihar,Aurangabad,32,0
Bihar,Banka,21,1
Bihar,Begusarai,20,0
Bihar,Bhagalpur,58,0
Bihar,Bhojpur,36,2
Bihar,Buxar,23,0
Bihar,Darbhanga,278,105
Bihar,East Champaran,52,0
Bihar,Gaya,47,0
Bihar,Gopalganj,360,20
Bihar,Jamui,88,1
Bihar,Jehanabad,6,0
Bihar,Kaimur (Bhabua),26,0
Bihar,Katihar,3348,3
Bihar,Khagaria,10,0
Bihar,Kishanganj,143,0
Bihar,Lakhisarai,13,1
Bihar,Madhepura,10,1
Bihar,Madhubani,51,0
Bihar,Munger,13,0
Bihar,Muzaffarpur,30,0
Bihar,Nalanda,1151,19
Bihar,Nawada,17,0
Bihar,Patna,552,2
Bihar,Purnia,20,0
Bihar,Rohtas,430,0
Bihar,Saharsa,655,9
Bihar,Samastipur,30,0
Bihar,Saran,41,0
Bihar,Sheikhpura,653,4
Bihar,Sheohar,872,9
Bihar,Sitamarhi,27,1
Bihar,Siwan,42,0
Bihar,Supaul,11,0
Bihar,Vaishali,88,1
Bihar,West Champaran,60,0
Chandigarh,Chandigarh,50,3
Chhattisgarh,Balod,343,0
Chhattisgarh,Baloda Bazar,2,0
Chhattisgarh,Balrampur,1,0
Chhattisgarh,Bastar,10,0
Chhattisgarh,Bemetara,45,0
Chhattisgarh,Bilaspur,10,0
Chhattisgarh,Dhamtari,1337,2
Chhattisgarh,Durg,124,0
Chhattisgarh,Gariyaband ,1,0
Chhattisgarh,Janjgir-champa,668,0
Chhattisgarh,Jashpur,9,0
Chhattisgarh,Kabeerdham,1,0
Chhattisgarh,Kanker,2,0
Chhattisgarh,Korba,150,1
Chhattisgarh,Koriya,109,0
Chhattisgarh,Mungeli,59,0
Chhattisgarh,Mungeli ,10,0
Chhattisgarh,Raigarh,3,0
Chhattisgarh,Raipur,21,0
Chhattisgarh,Rajnandgaon,52,1
Chhattisgarh,Surguja,2,0
Dadra and Nagar Haveli,Dadra and Nagar Haveli,122,0
Daman and Diu,Daman,20,2
Daman and Diu,Diu,1,0
Delhi,Central Delhi,143,16
Delhi,East Delhi,390,18
Delhi,New Delhi,19,1
Delhi,North Delhi,110,8
Delhi,North East,18,1
Delhi,North East Delhi,491,47
Delhi,North West Delhi,862,48
Delhi,South Delhi,650,20
Delhi,South West Delhi,375,23
Delhi,West Delhi,386,26
Goa,North Goa,7,1
Goa,South Goa,6,0
Gujarat,Ahmadabad,2,0
Gujarat,Ahmedabad,3709,25
Gujarat,Amreli,674,13
Gujarat,Anand,1473,0
Gujarat,Banaskantha,509,5
Gujarat,Bharuch,971,39
Gujarat,Bhavnagar,2284,8
Gujarat,Dahod,833,13
Gujarat,Dohad,70,0
Gujarat,Gandhinagar,561,0
Gujarat,Jamnagar,356,4
Gujarat,Junagadh,3396,50
Gujarat,Kachchh,1936,4
Gujarat,Kheda,1166,1
Gujarat,Mahesana,682,6
Gujarat,Narmada,305,2
Gujarat,Navsari,1914,2
Gujarat,Panchmahals,655,50
Gujarat,Patan,271,5
Gujarat,Porbandar,205,0
Gujarat,Rajkot,4661,118
Gujarat,Sabarkantha,231,3
Gujarat,Surat,2170,8
Gujarat,Surendra Nagar,2627,1
Gujarat,Tapi,761,3
Gujarat,The Dangs,22,0
Gujarat,Vadodara,2082,7
Gujarat,Valsad,2173,12
Haryana,Ambala,430,1
Haryana,Bhiwani,1113,10
Haryana,Faridabad,1121,7
Haryana,Fatehabad,721,4
Haryana,Gurgaon,851,14
Haryana,Hisar,633,11
Haryana,Jhajjar,501,3
Haryana,Jind,484,3
Haryana,Kaithal,466,4
Haryana,Karnal,566,12
Haryana,Kurukshetra,314,0
Haryana,Mahendragarh,655,1
Haryana,Mewat,1129,23
Haryana,Palwal,319,4
Haryana,Panchkula,190,1
Haryana,Panipat,725,3
Haryana,Rewari,655,13
Haryana,Rohtak,297,1
Haryana,Sirsa,2364,15
Haryana,Sonipat,245,0
Haryana,Yamuna Nagar,701,9
Himachal Pradesh,Bilaspur,18,0
Himachal Pradesh,Chamba,172,1
Himachal Pradesh,Hamirpur,22,0
Himachal Pradesh,Kangra,353,7
Himachal Pradesh,Kinnaur,22,1
Himachal Pradesh,Kullu,32,4
Himachal Pradesh,Lahul and Spiti,2,0
Himachal Pradesh,Mandi,68,1
Himachal Pradesh,Shimla,125,1
Himachal Pradesh,Sirmaur,146,10
Himachal Pradesh,Solan,48,1
Himachal Pradesh,Una,20,0
Jammu and Kashmir,Anantnag,66,0
Jammu and Kashmir,Badgam,4,2
Jammu and Kashmir,Bandipore,16,0
Jammu and Kashmir,Baramulla,1,0
Jammu and Kashmir,Doda,381,3
Jammu and Kashmir,Jammu,51,0
Jammu and Kashmir,Kargil,6,0
Jammu and Kashmir,Kathua,30,0
Jammu and Kashmir,Kupwara,15,0
Jammu and Kashmir,Leh,15,0
Jammu and Kashmir,Pulwama,139,3
Jammu and Kashmir,Punch,1,0
Jammu and Kashmir,Rajouri,5,0
Jammu and Kashmir,Srinagar,100,1
Jammu and Kashmir,Udhampur,82,0
Jharkhand,Bokaro,476,4
Jharkhand,Chatra,737,9
Jharkhand,Deoghar,844,9
Jharkhand,Dhanbad,1254,16
Jharkhand,Dumka,288,0
Jharkhand,East Singhbhum,856,5
Jharkhand,Garhwa,1940,14
Jharkhand,Giridih,716,18
Jharkhand,Godda,483,9
Jharkhand,Gumla,1204,26
Jharkhand,Hazaribagh,292,26
Jharkhand,Jamtara,430,0
Jharkhand,Khunti,81,1
Jharkhand,Koderma,711,11
Jharkhand,Latehar,1974,15
Jharkhand,Lohardaga,176,2
Jharkhand,Pakur,772,6
Jharkhand,Palamu,427,15
Jharkhand,Ramgarh,76,6
Jharkhand,Ranchi,481,14
Jharkhand,Sahebganj,1801,9
Jharkhand,Seraikela-Kharsawan,150,0
Jharkhand,Simdega,415,4
Jharkhand,West Singhbhum,2002,157
Karnataka,Bagalkot,813,6
Karnataka,Bangalore,2981,13
Karnataka,Bangalore Rural,373,2
Karnataka,Belgaum,3981,201
Karnataka,Bellary,2734,24
Karnataka,Bidar,1202,6
Karnataka,Bijapur,776,43
Karnataka,Bijapur(KAR),2,0
Karnataka,Chamarajanagar,1,0
Karnataka,Chamrajanagar,1870,4
Karnataka,Chickmagalur,2274,5
Karnataka,Chikkaballapur,250,23
Karnataka,Chitradurga,1234,6
Karnataka,Dakshina Kannada,1252,29
Karnataka,Davangere,240,4
Karnataka,Dharwad,168,8
Karnataka,Gadag,243,0
Karnataka,Gulbarga,3645,13
Karnataka,Hassan,2109,9
Karnataka,Haveri,52,2
Karnataka,Kodagu,28,0
Karnataka,Kolar,1693,10
Karnataka,Koppal,631,81
Karnataka,Mandya,1206,3
Karnataka,Mysore,251,0
Karnataka,Raichur,1139,7
Karnataka,Ramanagar,1182,9
Karnataka,Shimoga,1665,4
Karnataka,Tumkur,214,11
Karnataka,Udupi,409,2
Karnataka,Uttara Kannada,180,0
Karnataka,Yadgir,1213,0
Kerala,Alappuzha,206,4
Kerala,Ernakulam,801,4
Kerala,Idukki,105,0
Kerala,Kannur,1400,24
Kerala,Kasaragod,404,3
Kerala,Kasargod,7,0
Kerala,Kollam,1486,7
Kerala,Kottayam,533,2
Kerala,Kozhikode,1003,2
Kerala,Malappuram,717,4
Kerala,Palakkad,331,9
Kerala,Pathanamthitta,117,2
Kerala,Thiruvananthapuram,472,7
Kerala,Thrissur,428,62
Kerala,Wayanad,72,7
Lakshadweep,Lakshadweep,11,0
Madhya Pradesh,Alirajpur,362,114
Madhya Pradesh,Anuppur,277,18
Madhya Pradesh,Ashok Nagar,65,0
Madhya Pradesh,Balaghat,3363,120
Madhya Pradesh,Barwani,335,8
Madhya Pradesh,Betul,1817,12
Madhya Pradesh,Bhind,309,20
Madhya Pradesh,Bhopal,602,13
Madhya Pradesh,Burhanpur,833,20
Madhya Pradesh,Chhatarpur,798,43
Madhya Pradesh,Chhindwara,1455,37
Madhya Pradesh,Damoh,635,34
Madhya Pradesh,Datia,230,8
Madhya Pradesh,Dewas,446,24
Madhya Pradesh,Dhar,866,34
Madhya Pradesh,Dindori,176,302
Madhya Pradesh,Guna,271,21
Madhya Pradesh,Gwalior,466,7
Madhya Pradesh,Harda,163,2
Madhya Pradesh,Hoshangabad,424,14
Madhya Pradesh,Indore,892,26
Madhya Pradesh,Jabalpur,364,113
Madhya Pradesh,Jhabua,692,197
Madhya Pradesh,Katni,1898,55
Madhya Pradesh,Khandwa,179,4
Madhya Pradesh,Khargone,770,51
Madhya Pradesh,Mandla,322,109
Madhya Pradesh,Mandsaur,348,12
Madhya Pradesh,Morena,345,9
Madhya Pradesh,Narsinghpur,869,52
Madhya Pradesh,Neemuch,32,0
Madhya Pradesh,Panna,606,29
Madhya Pradesh,Raisen,1122,24
Madhya Pradesh,Rajgarh,98,5
Madhya Pradesh,Ratlam,356,6
Madhya Pradesh,Rewa,682,53
Madhya Pradesh,Sagar,801,25
Madhya Pradesh,Satna,1104,25
Madhya Pradesh,Sehore,721,13
Madhya Pradesh,Seoni,407,23
Madhya Pradesh,Shahdol,490,81
Madhya Pradesh,Shajapur,232,3
Madhya Pradesh,Sheopur,52,1
Madhya Pradesh,Shivpuri,342,17
Madhya Pradesh,Sidhi,397,9
Madhya Pradesh,Singrauli,398,7
Madhya Pradesh,Tikamgarh,733,8
Madhya Pradesh,Ujjain,520,50
Madhya Pradesh,Umaria,419,9
Madhya Pradesh,Vidisha,1413,34
Maharashtra,Ahmadnagar,3515,44
Maharashtra,Ahmed Nagar,1,1
Maharashtra,Akola,729,9
Maharashtra,Amravati,757,10
Maharashtra,Aurangabad,1861,37
Maharashtra,Beed,2335,21
Maharashtra,Bhandara,627,10
Maharashtra,Buldhana,1855,17
Maharashtra,Chandrapur,503,3
Maharashtra,Dhule,262,6
Maharashtra,Gadchiroli,908,3
Maharashtra,Gondia,1,0
Maharashtra,Gondiya,429,22
Maharashtra,Hingoli,938,3
Maharashtra,Jalgaon,1218,21
Maharashtra,Jalna,1268,10
Maharashtra,Kolhapur,2819,11
Maharashtra,Latur,2018,8
Maharashtra,Mumbai,1813,23
Maharashtra,Mumbai City,1,0
Maharashtra,Nagpur,1960,48
Maharashtra,Nanded,2271,9
Maharashtra,Nandurbar,1440,7
Maharashtra,Nashik,2555,41
Maharashtra,Osmanabad,1334,8
Maharashtra,Parbhani,746,4
Maharashtra,Pune,5170,116
Maharashtra,Raigarh,3492,7
Maharashtra,Raigarh(MH),2,0
Maharashtra,Ratnagiri,563,2
Maharashtra,Sangli,1377,22
Maharashtra,Satara,1665,17
Maharashtra,Sindhudurg,226,0
Maharashtra,Solapur,2676,5
Maharashtra,Thane,4406,34
Maharashtra,Wardha,18,0
Maharashtra,Washim,1479,13
Maharashtra,Yavatmal,3806,7
Manipur,Bishnupur,1,0
Manipur,Chandel,357,0
Manipur,Churachandpur,2,0
Manipur,Imphal East,1662,0
Manipur,Imphal West,343,1
Manipur,Tamenglong,1,0
Manipur,Thoubal,2,0
Manipur,Ukhrul,1,0
Meghalaya,East Khasi Hills,19,0
Meghalaya,Ri Bhoi,1,0
Mizoram,Lunglei,1,0
Nagaland,Dimapur,1,2
Nagaland,Mokokchung,2,0
Nagaland,Mon,2,0
Nagaland,Tuensang,1,0
Nagaland,Wokha,2,0
Nagaland,Zunheboto,3,5
Odisha,Angul,2,0
Odisha,Anugul,1148,36
Odisha,Balangir,6,1
Odisha,Baleswar,146,1
Odisha,Bargarh,1299,6
Odisha,Baudh,35,0
Odisha,Bhadrak,237,0
Odisha,Cuttack,62,0
Odisha,Debagarh,3,125
Odisha,Dhenkanal,3299,3
Odisha,Gajapati,22,1
Odisha,Ganjam,774,12
Odisha,Jagatsinghapur,414,0
Odisha,Jajapur,1733,243
Odisha,Kalahandi,3,0
Odisha,Kandhamal,106,1
Odisha,Kendrapara,335,0
Odisha,Kendujhar,75,2
Odisha,Khorda,10,0
Odisha,Khordha,7,0
Odisha,Koraput,27,0
Odisha,Malkangiri,1,0
Odisha,Mayurbhanj,1276,1658
Odisha,Nabarangapur,230,0
Odisha,Nayagarh,766,187
Odisha,Puri,88,0
Odisha,Rayagada,3,0
Odisha,Sambalpur,113,8
Odisha,Sonapur,11,0
Odisha,Sundergarh,1331,22
Others,Others,87,2905
Puducherry,Karaikal,89,0
Puducherry,Puducherry,32,4
Punjab,Amritsar,2058,32
Punjab,Barnala,115,3
Punjab,Bathinda,341,3
Punjab,Faridkot,207,2
Punjab,Fatehgarh Sahib,154,4
Punjab,Fazilka,365,7
Punjab,Ferozepur,584,6
Punjab,Gurdaspur,890,45
Punjab,Hoshiarpur,2892,14
Punjab,Jalandhar,1612,7
Punjab,Kapurthala,280,1
Punjab,Ludhiana,2275,14
Punjab,Mansa,3659,1
Punjab,Moga,615,6
Punjab,Muktsar,0,1
Punjab,Pathankot,241,4
Punjab,Patiala,6079,78
Punjab,Rupnagar,276,7
Punjab,SAS Nagar (Mohali),899,33
Punjab,Sangrur,2304,26
Punjab,Shaheed Bhagat Singh Nagar,380,19
Punjab,Sri Muktsar Sahib,549,35
Punjab,Tarn Taran,1308,12
Rajasthan,Ajmer,172,4
Rajasthan,Alwar,810,12
Rajasthan,Banswara,1340,35
Rajasthan,Baran,156,5
Rajasthan,Barmer,410,4
Rajasthan,Bharatpur,537,5
Rajasthan,Bhilwara,1179,19
Rajasthan,Bikaner,368,12
Rajasthan,Bundi,434,2
Rajasthan,Chittorgarh,2889,45
Rajasthan,Churu,302,4
Rajasthan,Dausa,76,3
Rajasthan,Dholpur,236,1
Rajasthan,Dungarpur,613,5
Rajasthan,Ganganagar,1556,21
Rajasthan,Hanumangarh,344,3
Rajasthan,Jaipur,1592,24
Rajasthan,Jaisalmer,137,4
Rajasthan,Jalor,514,7
Rajasthan,Jhalawar,379,12
Rajasthan,Jhunjhunu,1,0
Rajasthan,Jhunjhunun,707,3
Rajasthan,Jodhpur,1441,18
Rajasthan,Karauli,483,5
Rajasthan,Kota,160,0
Rajasthan,Nagaur,1526,29
Rajasthan,Pali,666,13
Rajasthan,Pratapgarh,1016,44
Rajasthan,Rajsamand,155,6
Rajasthan,Sawai Madhopur,349,12
Rajasthan,Sikar,1149,18
Rajasthan,Sirohi,182,5
Rajasthan,Tonk,413,2
Rajasthan,Udaipur,502,8
Sikkim,East Sikkim,23,0
Sikkim,South Sikkim,58,0
Sikkim,West Sikkim,9,0
Tamil Nadu,Ariyalur,17,0
Tamil Nadu,Chennai,2369,5
Tamil Nadu,Coimbatore,1244,4
Tamil Nadu,Cuddalore,149,0
Tamil Nadu,Dharmapuri,1172,10
Tamil Nadu,Dindigul,3042,2
Tamil Nadu,Erode,187,0
Tamil Nadu,Kancheepuram,2775,1
Tamil Nadu,Kanniyakumari,1074,2
Tamil Nadu,Kanyakumari,15,0
Tamil Nadu,Karur,1470,3
Tamil Nadu,Krishnagiri,2270,4
Tamil Nadu,Madurai,1463,1
Tamil Nadu,Nagapattinam,789,0
Tamil Nadu,Namakkal,187,1
Tamil Nadu,Perambalur,19,0
Tamil Nadu,Pudukkottai,6,0
Tamil Nadu,Ramanathapuram,86,2
Tamil Nadu,Salem,2303,10
Tamil Nadu,Sivaganga,744,0
Tamil Nadu,Thanjavur,1688,0
Tamil Nadu,The Nilgiris,419,0
Tamil Nadu,Theni,2439,0
Tamil Nadu,Thiruvarur,683,1
Tamil Nadu,Thoothukkudi,3342,11
Tamil Nadu,Tiruchirappalli,32,0
Tamil Nadu,Tirunelveli,2745,8
Tamil Nadu,Tiruppur,1971,4
Tamil Nadu,Tiruvallur,2735,10
Tamil Nadu,Tiruvannamalai,601,4
Tamil Nadu,Vellore,2602,7
Tamil Nadu,Villupuram,1,0
Tamil Nadu,Viluppuram,4682,7
Tamil Nadu,Virudhunagar,101,1
Tripura,Dhalai,11,0
Tripura,Gomati,16,0
Tripura,Khowai,10,1
Tripura,North Tripura,79,1
Tripura,Sepahijala,11,0
Tripura,South Tripura,3,0
Tripura,West Tripura,132,0
Uttar Pradesh,Agra,35,0
Uttar Pradesh,Aligarh,302,1
Uttar Pradesh,Allahabad,418,4
Uttar Pradesh,Ambedkar Nagar,15,1
Uttar Pradesh,Amethi,2085,5
Uttar Pradesh,Amroha,436,7
Uttar Pradesh,Auraiya,10,2
Uttar Pradesh,Azamgarh,185,0
Uttar Pradesh,Baghpat,6,0
Uttar Pradesh,Bahraich,19,0
Uttar Pradesh,Ballia,137,0
Uttar Pradesh,Balrampur,196,4
Uttar Pradesh,Banda,75,2
Uttar Pradesh,Bara Banki,26,0
Uttar Pradesh,Bareilly,669,4
Uttar Pradesh,Basti,78,0
Uttar Pradesh,Bijnor,167,21
Uttar Pradesh,Budaun,14,0
Uttar Pradesh,Bulandshahr,58,0
Uttar Pradesh,Chandauli,1262,4
Uttar Pradesh,Chitrakoot,447,1
Uttar Pradesh,Deoria,115,1
Uttar Pradesh,Etah,19,0
Uttar Pradesh,Etawah,704,4
Uttar Pradesh,Faizabad,251,4
Uttar Pradesh,Farrukhabad,61,0
Uttar Pradesh,Fatehpur,514,16
Uttar Pradesh,Firozabad,12,0
Uttar Pradesh,Gautam Buddha Nagar,144,1
Uttar Pradesh,Ghaziabad,184,38
Uttar Pradesh,Ghazipur,491,27
Uttar Pradesh,Gonda,991,7
Uttar Pradesh,Gorakhpur,302,1
Uttar Pradesh,Hamirpur,277,1
Uttar Pradesh,Hardoi,23,0
Uttar Pradesh,Hathras,6,0
Uttar Pradesh,Jalaun,10,0
Uttar Pradesh,Jaunpur,45,0
Uttar Pradesh,Jhansi,617,6
Uttar Pradesh,Kannauj,355,0
Uttar Pradesh,Kanpur Dehat,5,0
Uttar Pradesh,Kanpur Nagar,150,1
Uttar Pradesh,Kasganj,4,0
Uttar Pradesh,Kaushambi,9,0
Uttar Pradesh,Kheri,4,0
Uttar Pradesh,Kushinagar,199,1
Uttar Pradesh,Lalitpur,1,0
Uttar Pradesh,Lucknow,331,3
Uttar Pradesh,Maharajganj,483,1
Uttar Pradesh,Mahoba,626,1
Uttar Pradesh,Mainpuri,22,1
Uttar Pradesh,Mathura,44,2
Uttar Pradesh,Mau,12,0
Uttar Pradesh,Meerut,512,2
Uttar Pradesh,Mirzapur,12,1
Uttar Pradesh,Moradabad,4,0
Uttar Pradesh,Muzaffarnagar,25,0
Uttar Pradesh,Pilibhit,378,9
Uttar Pradesh,Pratapgarh,309,1
Uttar Pradesh,Rae Bareli,5880,51
Uttar Pradesh,Rampur,4,0
Uttar Pradesh,Saharanpur,207,3
Uttar Pradesh,Sambhal,7,1
Uttar Pradesh,Sant Kabir Nagar,381,0
Uttar Pradesh,Sant Ravidas Nagar,201,1
Uttar Pradesh,Shahjahanpur,39,0
Uttar Pradesh,Shamli,17,0
Uttar Pradesh,Shrawasti,112,7
Uttar Pradesh,Siddharthnagar,46,0
Uttar Pradesh,Sitapur,15,0
Uttar Pradesh,Sonbhadra,204,2
Uttar Pradesh,Sultanpur,20,0
Uttar Pradesh,Unnao,16,0
Uttar Pradesh,Varanasi,1497,24
Uttarakhand,Almora,18,0
Uttarakhand,Bageshwar,514,2
Uttarakhand,Chamoli,6,0
Uttarakhand,Champawat,254,1
Uttarakhand,Dehradun,797,5
Uttarakhand,Haridwar,172,0
Uttarakhand,Nainital,50,1
Uttarakhand,Pauri Garhwal,42,0
Uttarakhand,Pithoragarh,10,0
Uttarakhand,Rudraprayag,1,0
Uttarakhand,Tehri Garhwal,149,0
Uttarakhand,Udham Singh Nagar,121,1
Uttarakhand,Uttarkashi,9,0
West Bengal,Bankura,97,0
West Bengal,Barddhaman,118,2
West Bengal,Bardhaman,70,0
West Bengal,Birbhum,1014,1
West Bengal,Cooch Behar,290,0
West Bengal,Dakshin Dinajpur,54,2
West Bengal,Darjeeling,272,0
West Bengal,East Midnapore,115,7
West Bengal,Hooghly,20139,48
West Bengal,Howrah,754,3
West Bengal,Jalpaiguri,555,1
West Bengal,Kolkata,3174,16
West Bengal,Malda,3704,39
West Bengal,Medinipur,17,0
West Bengal,Murshidabad,5978,21
West Bengal,Nadia,1832,3
West Bengal,North 24 Parganas,122,2
West Bengal,North Dinajpur,5,0
West Bengal,Paschim Medinipur,25,0
West Bengal,Purba Medinipur,2134,0
West Bengal,Purulia,146,0
West Bengal,Puruliya,913,13
West Bengal,South 24 Parganas,2736,10
West Bengal,South Twenty Four Parganas,58,0
West Bengal,Uttar Dinajpur,334,10
West Bengal,West Midnapore,6,0
