State,District,Aadhaar generated,Enrolment Rejected
Andaman and Nicobar Islands,South Andaman,1,0
Andhra Pradesh,Adilabad,450,13
Andhra Pradesh,Ananthapur,577,5
Andhra Pradesh,Chittoor,14,0
Andhra Pradesh,Cuddapah,94,11
Andhra Pradesh,East Godavari,96,23
Andhra Pradesh,Guntur,84,1
Andhra Pradesh,Hyderabad,243,12
Andhra Pradesh,K.v. Rangareddy,1358,11
Andhra Pradesh,Karimnagar,7164,19
Andhra Pradesh,Khammam,2420,15
Andhra Pradesh,Krishna,79,18
Andhra Pradesh,Kurnool,1444,83
Andhra Pradesh,Mahabub Nagar,8,0
Andhra Pradesh,Mahabubnagar,4176,104
Andhra Pradesh,Mahbubnagar,2,0
Andhra Pradesh,Medak,6625,8
Andhra Pradesh,Nalgonda,733,86
Andhra Pradesh,Nellore,885,13
Andhra Pradesh,Nizamabad,3178,68
Andhra Pradesh,Prakasam,2592,5
Andhra Pradesh,Srikakulam,98,2
Andhra Pradesh,Visakhapatnam,2618,75
Andhra Pradesh,Vizianagaram,37,0
Andhra Pradesh,Warangal,7080,61
Andhra Pradesh,West Godavari,605,12
Arunachal Pradesh,Lohit,1,0
Arunachal Pradesh,Papum Pare,12,0
Arunachal Pradesh,West Kameng,1,0
Assam,Baksa,6,0
Assam,Barpeta,8,0
Assam,Bongaigaon,1,0
Assam,Cachar,5,0
Assam,Chirang,7,0
Assam,Darrang,2,0
Assam,Dhemaji,3,0
Assam,Dhubri,4,0
Assam,Dibrugarh,2,0
Assam,Goalpara,1,0
Assam,Golaghat,2,0
Assam,Hailakandi,10,0
Assam,Jorhat,4,0
Assam,Kamrup,12,0
Assam,Karbi Anglong,2,0
Assam,Karimganj,5,0
Assam,Kokrajhar,1,0
Assam,Lakhimpur,5,0
Assam,Marigaon,1,0
Assam,Nagaon,12,0
Assam,Nalbari,2,0
Assam,Sibsagar,5,0
Assam,Sonitpur,3,0
Assam,Tinsukia,3,0
Assam,Udalguri,5,0
Bihar,Araria,20,0
Bihar,Arwal,13,0
Bihar,Aurangabad,13,0
Bihar,Aurangabad(BH),2,0
Bihar,Banka,51,1
Bihar,Begusarai,63,0
Bihar,Bhabua,2,0
Bihar,Bhagalpur,68,0
Bihar,Bhojpur,73,0
Bihar,Buxar,49,0
Bihar,Darbhanga,210,1
Bihar,East Champaran,98,0
Bihar,Gaya,103,0
Bihar,Gopalganj,318,2
Bihar,Jamui,66,1
Bihar,Jehanabad,23,0
Bihar,Kaimur (Bhabua),37,0
Bihar,Katihar,946,0
Bihar,Khagaria,27,0
Bihar,Kishanganj,847,2
Bihar,Lakhisarai,31,0
Bihar,Madhepura,23,1
Bihar,Madhubani,129,1
Bihar,Munger,49,0
Bihar,Muzaffarpur,125,4
Bihar,Nalanda,797,7
Bihar,Nawada,49,2
Bihar,Patna,334,1
Bihar,Purnia,16,0
Bihar,Rohtas,237,0
Bihar,Saharsa,474,0
Bihar,Samastipur,86,0
Bihar,Saran,128,1
Bihar,Sheikhpura,126,17
Bihar,Sheohar,100,0
Bihar,Sitamarhi,78,0
Bihar,Siwan,98,1
Bihar,Supaul,40,0
Bihar,Vaishali,382,3
Bihar,West Champaran,80,0
Chandigarh,Chandigarh,63,0
Chhattisgarh,Balod,3,0
Chhattisgarh,Baloda Bazar,7,0
Chhattisgarh,Bemetara,16,0
Chhattisgarh,Bilaspur,3,0
Chhattisgarh,Dhamtari,203,0
Chhattisgarh,Durg,33,0
Chhattisgarh,Janjgir-champa,221,0
Chhattisgarh,Korba,326,0
Chhattisgarh,Koriya,7,1
Chhattisgarh,Mahasamund,2,0
Chhattisgarh,Mungeli,20,0
Chhattisgarh,Mungeli ,171,0
Chhattisgarh,Raigarh,1,0
Chhattisgarh,Raipur,13,0
Chhattisgarh,Rajnandgaon,5,0
Chhattisgarh,Surajpur,1,0
Chhattisgarh,Surajpur ,2,0
Chhattisgarh,Surguja,6,0
Dadra and Nagar Haveli,Dadra and Nagar Haveli,3,0
Daman and Diu,Daman,3,0
Delhi,Central Delhi,89,3
Delhi,East Delhi,408,19
Delhi,Najafgarh,4,0
Delhi,New Delhi,23,1
Delhi,North Delhi,62,7
Delhi,North East,75,0
Delhi,North East Delhi,505,32
Delhi,North West Delhi,537,48
Delhi,South Delhi,338,64
Delhi,South West Delhi,82,20
Delhi,West Delhi,410,15
Goa,North Goa,3,0
Goa,South Goa,7,0
Gujarat,Ahmadabad,14,0
Gujarat,Ahmedabad,5333,5
Gujarat,Amreli,267,0
Gujarat,Anand,1941,0
Gujarat,Banaskantha,1602,0
Gujarat,Bharuch,1576,37
Gujarat,Bhavnagar,703,1
Gujarat,Dahod,1088,13
Gujarat,Dohad,1070,4
Gujarat,Gandhinagar,1578,0
Gujarat,Jamnagar,2717,6
Gujarat,Junagadh,3209,35
Gujarat,Kachchh,1114,68
Gujarat,Kheda,938,16
Gujarat,Mahesana,1692,1
Gujarat,Narmada,1190,2
Gujarat,Navsari,728,1
Gujarat,Panchmahals,1256,113
Gujarat,Patan,235,3
Gujarat,Porbandar,239,3
Gujarat,Rajkot,4891,62
Gujarat,Sabarkantha,1880,1
Gujarat,Surat,3775,47
Gujarat,Surendra Nagar,1007,1
Gujarat,Tapi,934,4
Gujarat,The Dangs,28,2
Gujarat,Vadodara,2919,17
Gujarat,Valsad,1400,17
Haryana,Ambala,103,4
Haryana,Bhiwani,4287,4
Haryana,Faridabad,1024,19
Haryana,Fatehabad,3411,2
Haryana,Gurgaon,2675,12
Haryana,Hisar,3761,11
Haryana,Jhajjar,1609,3
Haryana,Jind,8061,1
Haryana,Kaithal,3108,4
Haryana,Karnal,1546,7
Haryana,Kurukshetra,5318,3
Haryana,Mahendragarh,2406,17
Haryana,Mewat,629,26
Haryana,Palwal,557,3
Haryana,Panchkula,342,3
Haryana,Panipat,2665,8
Haryana,Rewari,1146,29
Haryana,Rohtak,1254,2
Haryana,Sirsa,3848,9
Haryana,Sonipat,82,1
Haryana,Yamuna Nagar,1313,2
Himachal Pradesh,Bilaspur,3,1
Himachal Pradesh,Chamba,203,1
Himachal Pradesh,Hamirpur,6,0
Himachal Pradesh,Kangra,142,3
Himachal Pradesh,Kinnaur,8,0
Himachal Pradesh,Kullu,1,3
Himachal Pradesh,Mandi,12,0
Himachal Pradesh,Shimla,83,3
Himachal Pradesh,Sirmaur,41,16
Himachal Pradesh,Solan,16,0
Himachal Pradesh,Una,3,0
Jammu and Kashmir,Anantnag,173,0
Jammu and Kashmir,Badgam,8,0
Jammu and Kashmir,Bandipore,5,0
Jammu and Kashmir,Baramula,3,0
Jammu and Kashmir,Doda,4439,0
Jammu and Kashmir,Jammu,3422,4
Jammu and Kashmir,Kargil,5,0
Jammu and Kashmir,Kathua,2531,0
Jammu and Kashmir,Kupwara,10,0
Jammu and Kashmir,Leh,18,0
Jammu and Kashmir,Pulwama,816,0
Jammu and Kashmir,Punch,3,0
Jammu and Kashmir,Rajouri,10,0
Jammu and Kashmir,Reasi,123,0
Jammu and Kashmir,Srinagar,97,0
Jammu and Kashmir,Udhampur,2202,0
Jharkhand,Bokaro,209,15
Jharkhand,Chatra,964,33
Jharkhand,Deoghar,511,7
Jharkhand,Dhanbad,315,4
Jharkhand,Dumka,776,1
Jharkhand,East Singhbhum,1185,3
Jharkhand,Garhwa,394,5
Jharkhand,Giridih,224,23
Jharkhand,Godda,857,3
Jharkhand,Gumla,397,6
Jharkhand,Hazaribagh,53,2
Jharkhand,Jamtara,1120,10
Jharkhand,Khunti,6,1
Jharkhand,Kodarma,1,0
Jharkhand,Koderma,1104,5
Jharkhand,Latehar,413,4
Jharkhand,Lohardaga,16,1
Jharkhand,Pakur,1127,6
Jharkhand,Palamu,521,8
Jharkhand,Ramgarh,9,0
Jharkhand,Ranchi,164,4
Jharkhand,Sahebganj,2596,13
Jharkhand,Seraikela-Kharsawan,27,0
Jharkhand,Simdega,426,8
Jharkhand,West Singhbhum,1800,37
Karnataka,Bagalkot,1171,14
Karnataka,Bangalore,8455,96
Karnataka,Bangalore Rural,676,43
Karnataka,Belgaum,790,1816
Karnataka,Bellary,2018,24
Karnataka,Bidar,1341,20
Karnataka,Bijapur,960,18
Karnataka,Chamrajanagar,2734,0
Karnataka,Chickmagalur,2867,5
Karnataka,Chikkaballapur,212,1
Karnataka,Chitradurga,1719,27
Karnataka,Dakshina Kannada,2155,11
Karnataka,Davangere,747,6
Karnataka,Dharwad,88,4
Karnataka,Gadag,53,2
Karnataka,Gulbarga,3416,11
Karnataka,Hassan,3948,26
Karnataka,Haveri,79,0
Karnataka,Kodagu,1759,0
Karnataka,Kolar,2688,18
Karnataka,Koppal,1235,3
Karnataka,Mandya,1611,2
Karnataka,Mysore,102,4
Karnataka,Raichur,2060,2
Karnataka,Ramanagar,344,10
Karnataka,Shimoga,19907,25
Karnataka,Tumkur,51,3
Karnataka,Udupi,157,1
Karnataka,Uttara Kannada,105,1
Karnataka,Yadgir,745,37
Kerala,Alappuzha,28,0
Kerala,Ernakulam,144,7
Kerala,Idukki,27,0
Kerala,Kannur,164,8
Kerala,Kasaragod,106,2
Kerala,Kasargod,71,0
Kerala,Kollam,89,3
Kerala,Kottayam,107,5
Kerala,Kozhikode,54,3
Kerala,Malappuram,641,11
Kerala,Palakkad,118,10
Kerala,Pathanamthitta,25,1
Kerala,Thiruvananthapuram,294,9
Kerala,Thrissur,105,7
Kerala,Wayanad,5,0
Lakshadweep,Lakshadweep,1,0
Madhya Pradesh,Alirajpur,1290,210
Madhya Pradesh,Anuppur,1456,26
Madhya Pradesh,Ashok Nagar,499,1
Madhya Pradesh,Balaghat,5284,190
Madhya Pradesh,Barwani,703,26
Madhya Pradesh,Betul,1542,13
Madhya Pradesh,Bhind,1592,15
Madhya Pradesh,Bhopal,293,12
Madhya Pradesh,Burhanpur,109,47
Madhya Pradesh,Chhatarpur,1723,75
Madhya Pradesh,Chhindwara,2842,88
Madhya Pradesh,Damoh,1514,28
Madhya Pradesh,Datia,572,35
Madhya Pradesh,Dewas,248,9
Madhya Pradesh,Dhar,2553,99
Madhya Pradesh,Dindori,636,237
Madhya Pradesh,Guna,1090,163
Madhya Pradesh,Gwalior,1553,53
Madhya Pradesh,Harda,98,21
Madhya Pradesh,Hoshangabad,92,0
Madhya Pradesh,Indore,1388,33
Madhya Pradesh,Jabalpur,189,34
Madhya Pradesh,Jhabua,858,430
Madhya Pradesh,Katni,746,17
Madhya Pradesh,Khandwa,107,22
Madhya Pradesh,Khargone,1609,181
Madhya Pradesh,Mandla,1936,110
Madhya Pradesh,Mandsaur,201,8
Madhya Pradesh,Morena,1471,14
Madhya Pradesh,Narsinghpur,712,56
Madhya Pradesh,Neemuch,37,0
Madhya Pradesh,Panna,1693,23
Madhya Pradesh,Raisen,1562,50
Madhya Pradesh,Rajgarh,123,9
Madhya Pradesh,Ratlam,777,2
Madhya Pradesh,Rewa,2359,132
Madhya Pradesh,Sagar,2094,34
Madhya Pradesh,Satna,2933,97
Madhya Pradesh,Sehore,2555,83
Madhya Pradesh,Seoni,581,33
Madhya Pradesh,Shahdol,2099,130
Madhya Pradesh,Shajapur,146,2
Madhya Pradesh,Sheopur,11,8
Madhya Pradesh,Shivpuri,1509,56
Madhya Pradesh,Sidhi,810,107
Madhya Pradesh,Singrauli,672,228
Madhya Pradesh,Tikamgarh,3396,56
Madhya Pradesh,Ujjain,1245,136
Madhya Pradesh,Umaria,1216,20
Madhya Pradesh,Vidisha,1131,47
Maharashtra,Ahmadnagar,2143,23
Maharashtra,Ahmed Nagar,1,0
Maharashtra,Akola,2695,3
Maharashtra,Amravati,451,7
Maharashtra,Aurangabad,714,9
Maharashtra,Beed,1853,6
Maharashtra,Bhandara,1199,27
Maharashtra,Buldhana,2111,7
Maharashtra,Chandrapur,1621,1
Maharashtra,Dhule,428,4
Maharashtra,Gadchiroli,1603,1
Maharashtra,Gondiya,754,5
Maharashtra,Hingoli,272,0
Maharashtra,Jalgaon,761,30
Maharashtra,Jalna,461,11
Maharashtra,Kolhapur,5119,9
Maharashtra,Latur,302,6
Maharashtra,Mumbai,540,44
Maharashtra,Nagpur,4576,29
Maharashtra,Nanded,6516,3
Maharashtra,Nandurbar,213,18
Maharashtra,Nashik,6321,58
Maharashtra,Osmanabad,870,5
Maharashtra,Parbhani,2324,1
Maharashtra,Pune,1007,30
Maharashtra,Raigarh,2008,39
Maharashtra,Raigarh(MH),1,0
Maharashtra,Ratnagiri,535,12
Maharashtra,Sangli,1475,5
Maharashtra,Satara,1444,29
Maharashtra,Sindhudurg,1053,2
Maharashtra,Solapur,4446,8
Maharashtra,Thane,5255,21
Maharashtra,Wardha,22,0
Maharashtra,Washim,977,11
Maharashtra,Yavatmal,5309,4
Manipur,Bishnupur,1,0
Manipur,Chandel,1,0
Manipur,Churachandpur,2,0
Manipur,Imphal East,734,0
Manipur,Imphal West,90,0
Manipur,Senapati,1,0
Manipur,Thoubal,51,0
Manipur,Ukhrul,1,0
Meghalaya,East Khasi Hills,71,0
Meghalaya,West Garo Hills,2,0
Meghalaya,West Khasi Hills,1,0
Mizoram,Aizawl,3,0
Nagaland,Dimapur,1,0
Nagaland,Kohima,1,0
Nagaland,Mon,3,0
Nagaland,Zunheboto,1,0
Odisha,Angul,4,0
Odisha,Anugul,248,0
Odisha,Baleswar,106,0
Odisha,Bargarh,65,225
Odisha,Baudh,24,0
Odisha,Bhadrak,742,0
Odisha,Cuttack,37,0
Odisha,Debagarh,7,0
Odisha,Dhenkanal,3882,1
Odisha,Gajapati,15,0
Odisha,Ganjam,1003,72
Odisha,Jagatsinghapur,1577,184
Odisha,Jajapur,344,0
Odisha,Jharsuguda,1,0
Odisha,Kalahandi,1,0
Odisha,Kandhamal,220,34
Odisha,Kendrapara,1830,43
Odisha,Kendujhar,356,0
Odisha,Khorda,45,0
Odisha,Khordha,2,0
Odisha,Koraput,64,0
Odisha,Malkangiri,3,0
Odisha,Mayurbhanj,2019,0
Odisha,Nabarangapur,6,0
Odisha,Nayagarh,20,0
Odisha,Puri,2,0
Odisha,Rayagada,1,0
Odisha,Sambalpur,215,104
Odisha,Sonapur,10,0
Odisha,Sundergarh,707,20
Others,Others,48,9830
Puducherry,Karaikal,82,2
Puducherry,Pondicherry,3,1
Puducherry,Puducherry,24,1
Puducherry,Yanam,11,0
Punjab,Amritsar,5420,14
Punjab,Barnala,3,1
Punjab,Bathinda,775,20
Punjab,Faridkot,59,0
Punjab,Fatehgarh Sahib,2,0
Punjab,Fazilka,336,23
Punjab,Ferozepur,838,13
Punjab,Gurdaspur,189,14
Punjab,Hoshiarpur,2406,3
Punjab,Jalandhar,336,7
Punjab,Kapurthala,254,0
Punjab,Ludhiana,411,54
Punjab,Mansa,5275,11
Punjab,Moga,225,0
Punjab,Muktsar,3,0
Punjab,Pathankot,616,14
Punjab,Patiala,8150,19
Punjab,Rupnagar,295,0
Punjab,SAS Nagar (Mohali),2255,11
Punjab,Sangrur,7300,15
Punjab,Shaheed Bhagat Singh Nagar,154,1
Punjab,Sri Muktsar Sahib,296,28
Punjab,Tarn Taran,1650,20
Rajasthan,Ajmer,486,19
Rajasthan,Alwar,391,14
Rajasthan,Banswara,1632,14
Rajasthan,Baran,250,3
Rajasthan,Barmer,1172,141
Rajasthan,Bharatpur,1340,25
Rajasthan,Bhilwara,1705,10
Rajasthan,Bikaner,1328,32
Rajasthan,Bundi,712,3
Rajasthan,Chittorgarh,3868,23
Rajasthan,Churu,2243,35
Rajasthan,Dausa,356,1
Rajasthan,Dholpur,336,9
Rajasthan,Dungarpur,323,5
Rajasthan,Ganganagar,19043,54
Rajasthan,Hanumangarh,2629,3
Rajasthan,Jaipur,6243,63
Rajasthan,Jaisalmer,1592,15
Rajasthan,Jalor,851,124
Rajasthan,Jhalawar,778,20
Rajasthan,Jhunjhunu,3,0
Rajasthan,Jhunjhunun,157,17
Rajasthan,Jodhpur,5401,103
Rajasthan,Karauli,2663,4
Rajasthan,Kota,165,13
Rajasthan,Nagaur,4919,34
Rajasthan,Pali,341,28
Rajasthan,Pratapgarh,1671,10
Rajasthan,Rajsamand,778,3
Rajasthan,Sawai Madhopur,1297,2
Rajasthan,Sikar,2497,10
Rajasthan,Sirohi,482,34
Rajasthan,Tonk,1270,73
Rajasthan,Udaipur,217,60
Sikkim,East Sikkim,5,0
Sikkim,North Sikkim,1,1
Sikkim,South Sikkim,0,1
Tamil Nadu,Chennai,2722,9
Tamil Nadu,Coimbatore,4816,11
Tamil Nadu,Cuddalore,16,0
Tamil Nadu,Dharmapuri,790,1
Tamil Nadu,Dindigul,5998,9
Tamil Nadu,Erode,773,0
Tamil Nadu,Kancheepuram,14275,1
Tamil Nadu,Kanniyakumari,1130,10
Tamil Nadu,Kanyakumari,6,0
Tamil Nadu,Karur,263,0
Tamil Nadu,Krishnagiri,1621,4
Tamil Nadu,Madurai,17,1
Tamil Nadu,Nagapattinam,370,0
Tamil Nadu,Namakkal,20,6
Tamil Nadu,Nilgiris,1,0
Tamil Nadu,Perambalur,361,0
Tamil Nadu,Pudukkottai,2,0
Tamil Nadu,Ramanathapuram,28,2
Tamil Nadu,Salem,4463,9
Tamil Nadu,Sivaganga,311,0
Tamil Nadu,Thanjavur,1839,4
Tamil Nadu,The Nilgiris,1596,0
Tamil Nadu,Theni,1595,1
Tamil Nadu,Thiruvarur,2687,0
Tamil Nadu,Thoothukkudi,7890,3
Tamil Nadu,Tiruchirappalli,1,0
Tamil Nadu,Tirunelveli,838,2
Tamil Nadu,Tiruppur,2289,4
Tamil Nadu,Tiruvallur,4561,36
Tamil Nadu,Tiruvannamalai,3458,0
Tamil Nadu,Tiruvarur,1,0
Tamil Nadu,Vellore,15232,14
Tamil Nadu,Viluppuram,12545,18
Tamil Nadu,Virudhunagar,49,0
Tripura,Dhalai,1,0
Tripura,Gomati,215,0
Tripura,Khowai,8,0
Tripura,North Tripura,2,0
Tripura,Sepahijala,280,0
Tripura,South Tripura,61,0
Tripura,Unakoti,25,0
Tripura,West Tripura,3,0
Uttar Pradesh,Agra,136,0
Uttar Pradesh,Aligarh,265,0
Uttar Pradesh,Allahabad,970,8
Uttar Pradesh,Ambedkar Nagar,50,0
Uttar Pradesh,Amethi,666,0
Uttar Pradesh,Amroha,654,1
Uttar Pradesh,Auraiya,46,0
Uttar Pradesh,Azamgarh,782,2
Uttar Pradesh,Baghpat,31,0
Uttar Pradesh,Bahraich,31,1
Uttar Pradesh,Ballia,394,1
Uttar Pradesh,Balrampur,100,0
Uttar Pradesh,Banda,108,1
Uttar Pradesh,Bara Banki,1107,1
Uttar Pradesh,Bareilly,464,1
Uttar Pradesh,Basti,537,2
Uttar Pradesh,Bijnor,343,45
Uttar Pradesh,Budaun,36,0
Uttar Pradesh,Bulandshahr,127,0
Uttar Pradesh,Chandauli,951,0
Uttar Pradesh,Chitrakoot,4,0
Uttar Pradesh,Deoria,195,0
Uttar Pradesh,Etah,46,0
Uttar Pradesh,Etawah,2019,5
Uttar Pradesh,Faizabad,659,1
Uttar Pradesh,Farrukhabad,3536,0
Uttar Pradesh,Fatehpur,184,0
Uttar Pradesh,Firozabad,36,0
Uttar Pradesh,Gautam Buddha Nagar,162,0
Uttar Pradesh,Ghaziabad,837,165
Uttar Pradesh,Ghazipur,590,1
Uttar Pradesh,Gonda,74,0
Uttar Pradesh,Gorakhpur,510,0
Uttar Pradesh,Hamirpur,24,0
Uttar Pradesh,Hardoi,30,0
Uttar Pradesh,Hathras,36,0
Uttar Pradesh,Jalaun,47,1
Uttar Pradesh,Jaunpur,99,0
Uttar Pradesh,Jhansi,118,4
Uttar Pradesh,Kannauj,2517,0
Uttar Pradesh,Kanpur Dehat,30,0
Uttar Pradesh,Kanpur Nagar,74,1
Uttar Pradesh,Kasganj,14,0
Uttar Pradesh,Kaushambi,2860,0
Uttar Pradesh,Kheri,27,0
Uttar Pradesh,Kushinagar,130,0
Uttar Pradesh,Lalitpur,2,0
Uttar Pradesh,Lucknow,1299,0
Uttar Pradesh,Maharajganj,229,4
Uttar Pradesh,Mahoba,1142,0
Uttar Pradesh,Mainpuri,74,0
Uttar Pradesh,Mathura,70,1
Uttar Pradesh,Mau,38,0
Uttar Pradesh,Meerut,82,0
Uttar Pradesh,Mirzapur,41,0
Uttar Pradesh,Moradabad,14,0
Uttar Pradesh,Muzaffarnagar,79,0
Uttar Pradesh,Pilibhit,1028,6
Uttar Pradesh,Pratapgarh,1917,0
Uttar Pradesh,Rae Bareli,1686,6
Uttar Pradesh,Raebareli,2,0
Uttar Pradesh,Rampur,8,0
Uttar Pradesh,Saharanpur,181,1
Uttar Pradesh,Sambhal,11,0
Uttar Pradesh,Sant Kabir Nagar,202,1
Uttar Pradesh,Sant Ravidas Nagar,662,4
Uttar Pradesh,Shahjahanpur,272,0
Uttar Pradesh,Shamli,32,0
Uttar Pradesh,Shrawasti,6,0
Uttar Pradesh,Siddharthnagar,107,0
Uttar Pradesh,Sitapur,29,0
Uttar Pradesh,Sonbhadra,58,3
Uttar Pradesh,Sultanpur,87,0
Uttar Pradesh,Unnao,46,0
Uttar Pradesh,Varanasi,1819,0
Uttarakhand,Almora,40,0
Uttarakhand,Bageshwar,11,0
Uttarakhand,Chamoli,19,0
Uttarakhand,Champawat,7,0
Uttarakhand,Dehradun,327,0
Uttarakhand,Haridwar,1179,0
Uttarakhand,Nainital,25,0
Uttarakhand,Pauri Garhwal,40,0
Uttarakhand,Pithoragarh,33,0
Uttarakhand,Rudraprayag,13,0
Uttarakhand,Tehri Garhwal,30,0
Uttarakhand,Udham Singh Nagar,120,1
Uttarakhand,Uttarkashi,3,0
West Bengal,Bankura,17,3
West Bengal,Barddhaman,275,31
West Bengal,Bardhaman,667,5
West Bengal,Birbhum,1045,21
West Bengal,Cooch Behar,55,0
West Bengal,Dakshin Dinajpur,20,0
West Bengal,Darjeeling,380,0
West Bengal,East Midnapore,299,972
West Bengal,Hooghly,8639,0
West Bengal,Howrah,2190,0
West Bengal,Jalpaiguri,767,0
West Bengal,Kolkata,1112,5
West Bengal,Malda,1091,1
West Bengal,Medinipur,143,945
West Bengal,Murshidabad,1306,0
West Bengal,Nadia,3581,9
West Bengal,North 24 Parganas,328,0
West Bengal,Paschim Medinipur,82,0
West Bengal,Purba Medinipur,99,0
West Bengal,Purulia,303,0
West Bengal,Puruliya,4591,0
West Bengal,South 24 Parganas,3707,0
West Bengal,South Twenty Four Parganas,21,0
West Bengal,Uttar Dinajpur,262,1
West Bengal,West Midnapore,52,793
