State,District,Aadhaar generated,Enrolment Rejected
Andhra Pradesh,Adilabad,1174,47
Andhra Pradesh,Ananthapur,506,21
Andhra Pradesh,Chittoor,88,8
Andhra Pradesh,Cuddapah,247,32
Andhra Pradesh,East Godavari,95,9
Andhra Pradesh,Guntur,96,4
Andhra Pradesh,Hyderabad,447,15
Andhra Pradesh,K.v. Rangareddy,868,32
Andhra Pradesh,Karimnagar,1309,75
Andhra Pradesh,Khammam,1147,14
Andhra Pradesh,Krishna,145,3
Andhra Pradesh,Kurnool,2127,174
Andhra Pradesh,Mahabub Nagar,5,0
Andhra Pradesh,Mahabubnagar,2237,126
Andhra Pradesh,Medak,388,22
Andhra Pradesh,Nalgonda,3340,245
Andhra Pradesh,Nellore,244,4
Andhra Pradesh,Nizamabad,1952,21
Andhra Pradesh,Prakasam,227,2
Andhra Pradesh,Srikakulam,92,24
Andhra Pradesh,Visakhapatnam,803,100
Andhra Pradesh,Vizianagaram,268,8
Andhra Pradesh,Warangal,1920,61
Andhra Pradesh,West Godavari,715,21
Arunachal Pradesh,Papum Pare,20,0
Arunachal Pradesh,West Kameng,1,0
Assam,Barpeta,4,0
Assam,Bongaigaon,2,0
Assam,Cachar,3,0
Assam,Chirang,1,0
Assam,Dhemaji,2,0
Assam,Dhubri,1,0
Assam,Golaghat,1,0
Assam,Hailakandi,6,0
Assam,Jorhat,1,0
Assam,Kamrup,3,0
Assam,Karbi Anglong,2,0
Assam,Karimganj,3,0
Assam,Kokrajhar,1,0
Assam,Lakhimpur,1,0
Assam,Nagaon,2,0
Assam,Nalbari,1,0
Assam,Sibsagar,1,0
Assam,Sonitpur,3,0
Assam,Tinsukia,2,0
Assam,Udalguri,3,0
Bihar,Araria,10,2
Bihar,Arwal,24,0
Bihar,Aurangabad,27,0
Bihar,Aurangabad(BH),1,0
Bihar,Banka,32,2
Bihar,Begusarai,18,0
Bihar,Bhagalpur,40,1
Bihar,Bhojpur,36,1
Bihar,Buxar,18,0
Bihar,Darbhanga,1253,12
Bihar,East Champaran,36,2
Bihar,Gaya,39,1
Bihar,Gopalganj,1197,3
Bihar,Jamui,84,3
Bihar,Jehanabad,10,0
Bihar,Kaimur (Bhabua),17,0
Bihar,Katihar,1683,4
Bihar,Khagaria,11,0
Bihar,Kishanganj,244,4
Bihar,Lakhisarai,12,0
Bihar,Madhepura,18,0
Bihar,Madhubani,40,4
Bihar,Munger,12,1
Bihar,Muzaffarpur,48,2
Bihar,Nalanda,790,71
Bihar,Nawada,35,1
Bihar,Patna,1497,9
Bihar,Purnia,9,0
Bihar,Rohtas,698,0
Bihar,Saharsa,2162,1
Bihar,Samastipur,37,0
Bihar,Saran,54,0
Bihar,Sheikhpura,59,0
Bihar,Sheohar,547,23
Bihar,Sitamarhi,22,1
Bihar,Siwan,39,0
Bihar,Supaul,11,1
Bihar,Vaishali,31,3
Bihar,West Champaran,17,0
Chandigarh,Chandigarh,94,1
Chhattisgarh,Balod,1375,0
Chhattisgarh,Baloda Bazar,3,0
Chhattisgarh,Bastar,141,0
Chhattisgarh,Bemetara,223,0
Chhattisgarh,Bilaspur,7,0
Chhattisgarh,Dhamtari,935,0
Chhattisgarh,Durg,1694,3
Chhattisgarh,Gariyaband ,1,0
Chhattisgarh,Janjgir-champa,2311,2
Chhattisgarh,Jashpur,1,0
Chhattisgarh,Kanker,3,0
Chhattisgarh,Kawardha,2,0
Chhattisgarh,Korba,313,2
Chhattisgarh,Koriya,48,1
Chhattisgarh,Mungeli,78,0
Chhattisgarh,Mungeli ,24,0
Chhattisgarh,Raigarh,5,0
Chhattisgarh,Raipur,4,0
Chhattisgarh,Rajnandgaon,691,2
Dadra and Nagar Haveli,Dadra and Nagar Haveli,5,0
Daman and Diu,Daman,1,0
Daman and Diu,Diu,5,0
Delhi,Central Delhi,198,15
Delhi,East Delhi,245,26
Delhi,Najafgarh,2,0
Delhi,New Delhi,21,4
Delhi,North Delhi,89,9
Delhi,North East Delhi,514,60
Delhi,North West Delhi,723,45
Delhi,South Delhi,856,69
Delhi,South West Delhi,445,91
Delhi,West Delhi,623,46
Goa,North Goa,142,1
Goa,South Goa,249,2
Gujarat,Ahmadabad,5,0
Gujarat,Ahmedabad,3277,32
Gujarat,Amreli,67,50
Gujarat,Anand,1175,4
Gujarat,Banaskantha,182,10
Gujarat,Bharuch,463,19
Gujarat,Bhavnagar,1623,38
Gujarat,Dahod,1424,31
Gujarat,Dohad,1299,3
Gujarat,Gandhinagar,328,2
Gujarat,Jamnagar,463,4
Gujarat,Junagadh,3693,38
Gujarat,Kachchh,256,4
Gujarat,Kheda,544,16
Gujarat,Mahesana,197,7
Gujarat,Narmada,583,2
Gujarat,Navsari,909,8
Gujarat,Panchmahals,405,14
Gujarat,Patan,52,10
Gujarat,Porbandar,131,13
Gujarat,Rajkot,2353,58
Gujarat,Sabarkantha,87,3
Gujarat,Surat,2020,19
Gujarat,Surendra Nagar,259,9
Gujarat,Tapi,630,2
Gujarat,The Dangs,36,0
Gujarat,Vadodara,1567,22
Gujarat,Valsad,548,32
Haryana,Ambala,228,4
Haryana,Bhiwani,4617,10
Haryana,Faridabad,1436,14
Haryana,Fatehabad,1660,31
Haryana,Gurgaon,1335,36
Haryana,Hisar,2501,11
Haryana,Jhajjar,697,5
Haryana,Jind,465,2
Haryana,Kaithal,691,9
Haryana,Karnal,910,25
Haryana,Kurukshetra,381,2
Haryana,Mahendragarh,981,7
Haryana,Mewat,1458,94
Haryana,Palwal,832,13
Haryana,Panchkula,644,2
Haryana,Panipat,863,6
Haryana,Rewari,1390,22
Haryana,Rohtak,360,1
Haryana,Sirsa,3463,26
Haryana,Sonipat,133,5
Haryana,Yamuna Nagar,1871,1
Himachal Pradesh,Bilaspur,6,0
Himachal Pradesh,Chamba,285,3
Himachal Pradesh,Hamirpur,46,1
Himachal Pradesh,Kangra,313,4
Himachal Pradesh,Kinnaur,9,0
Himachal Pradesh,Kullu,20,0
Himachal Pradesh,Lahul and Spiti,4,0
Himachal Pradesh,Mandi,115,5
Himachal Pradesh,Shimla,49,2
Himachal Pradesh,Sirmaur,249,9
Himachal Pradesh,Solan,41,1
Himachal Pradesh,Una,46,0
Jammu and Kashmir,Anantnag,3136,0
Jammu and Kashmir,Badgam,598,0
Jammu and Kashmir,Bandipore,30,0
Jammu and Kashmir,Baramula,2,0
Jammu and Kashmir,Doda,1931,0
Jammu and Kashmir,Jammu,582,0
Jammu and Kashmir,Kargil,6,1
Jammu and Kashmir,Kathua,664,0
Jammu and Kashmir,Kupwara,32,0
Jammu and Kashmir,Leh,29,3
Jammu and Kashmir,Pulwama,207,0
Jammu and Kashmir,Punch,2,0
Jammu and Kashmir,Rajouri,9,0
Jammu and Kashmir,Reasi,2,0
Jammu and Kashmir,Srinagar,412,0
Jammu and Kashmir,Udhampur,564,0
Jharkhand,Bokaro,306,22
Jharkhand,Chatra,2786,45
Jharkhand,Deoghar,1365,27
Jharkhand,Dhanbad,1726,41
Jharkhand,Dumka,406,32
Jharkhand,East Singhbhum,738,10
Jharkhand,Garhwa,2771,90
Jharkhand,Giridih,1241,48
Jharkhand,Godda,403,30
Jharkhand,Gumla,834,20
Jharkhand,Hazaribagh,211,16
Jharkhand,Jamtara,760,23
Jharkhand,Khunti,36,1
Jharkhand,Koderma,994,14
Jharkhand,Latehar,2375,61
Jharkhand,Lohardaga,18,3
Jharkhand,Pakur,589,9
Jharkhand,Palamu,600,17
Jharkhand,Ramgarh,46,7
Jharkhand,Ranchi,194,13
Jharkhand,Sahebganj,1715,57
Jharkhand,Seraikela-Kharsawan,172,2
Jharkhand,Simdega,1446,6
Jharkhand,West Singhbhum,1219,56
Karnataka,Bagalkot,3105,55
Karnataka,Bangalore,4097,91
Karnataka,Bangalore Rural,525,33
Karnataka,Belgaum,3429,379
Karnataka,Bellary,3521,59
Karnataka,Bidar,2993,39
Karnataka,Bijapur,3671,121
Karnataka,Bijapur(KAR),3,0
Karnataka,Chamrajanagar,2066,9
Karnataka,Chickmagalur,741,26
Karnataka,Chikkaballapur,688,6
Karnataka,Chitradurga,1855,12
Karnataka,Dakshina Kannada,679,77
Karnataka,Davangere,218,7
Karnataka,Dharwad,247,2
Karnataka,Gadag,214,2
Karnataka,Gulbarga,1052,52
Karnataka,Hassan,2982,10
Karnataka,Haveri,134,56
Karnataka,Kodagu,121,1
Karnataka,Kolar,1557,57
Karnataka,Koppal,1332,81
Karnataka,Mandya,1833,13
Karnataka,Mysore,615,8
Karnataka,Raichur,1634,33
Karnataka,Ramanagar,4571,25
Karnataka,Shimoga,2641,22
Karnataka,Tumkur,156,13
Karnataka,Udupi,438,10
Karnataka,Uttara Kannada,118,25
Karnataka,Yadgir,1783,17
Kerala,Alappuzha,412,6
Kerala,Ernakulam,421,13
Kerala,Idukki,64,0
Kerala,Kannur,1028,43
Kerala,Kasaragod,307,12
Kerala,Kasargod,10,0
Kerala,Kollam,1070,20
Kerala,Kottayam,519,2
Kerala,Kozhikode,405,9
Kerala,Malappuram,2932,8
Kerala,Palakkad,756,21
Kerala,Pathanamthitta,55,0
Kerala,Thiruvananthapuram,860,12
Kerala,Thrissur,306,12
Kerala,Wayanad,228,11
Lakshadweep,Lakshadweep,1,0
Madhya Pradesh,Alirajpur,474,42
Madhya Pradesh,Anuppur,500,27
Madhya Pradesh,Ashok Nagar,341,4
Madhya Pradesh,Balaghat,2717,161
Madhya Pradesh,Barwani,671,29
Madhya Pradesh,Betul,1367,47
Madhya Pradesh,Bhind,613,7
Madhya Pradesh,Bhopal,514,60
Madhya Pradesh,Burhanpur,180,30
Madhya Pradesh,Chhatarpur,2431,25
Madhya Pradesh,Chhindwara,2368,46
Madhya Pradesh,Damoh,368,16
Madhya Pradesh,Datia,683,10
Madhya Pradesh,Dewas,782,14
Madhya Pradesh,Dhar,1466,68
Madhya Pradesh,Dindori,546,6
Madhya Pradesh,Guna,1157,46
Madhya Pradesh,Gwalior,567,12
Madhya Pradesh,Harda,78,6
Madhya Pradesh,Hoshangabad,133,8
Madhya Pradesh,Indore,911,18
Madhya Pradesh,Jabalpur,170,52
Madhya Pradesh,Jhabua,776,421
Madhya Pradesh,Katni,2206,100
Madhya Pradesh,Khandwa,333,16
Madhya Pradesh,Khargone,917,62
Madhya Pradesh,Mandla,550,27
Madhya Pradesh,Mandsaur,477,19
Madhya Pradesh,Morena,725,11
Madhya Pradesh,Narsinghpur,2048,41
Madhya Pradesh,Neemuch,88,1
Madhya Pradesh,Panna,536,9
Madhya Pradesh,Raisen,2616,91
Madhya Pradesh,Rajgarh,67,1
Madhya Pradesh,Ratlam,387,9
Madhya Pradesh,Rewa,1715,10
Madhya Pradesh,Sagar,1896,21
Madhya Pradesh,Satna,1751,32
Madhya Pradesh,Sehore,1852,74
Madhya Pradesh,Seoni,711,10
Madhya Pradesh,Shahdol,982,43
Madhya Pradesh,Shajapur,414,15
Madhya Pradesh,Sheopur,839,0
Madhya Pradesh,Shivpuri,1033,14
Madhya Pradesh,Sidhi,590,33
Madhya Pradesh,Singrauli,929,51
Madhya Pradesh,Tikamgarh,1006,17
Madhya Pradesh,Ujjain,1164,70
Madhya Pradesh,Umaria,998,28
Madhya Pradesh,Vidisha,1298,84
Maharashtra,Ahmadnagar,1840,75
Maharashtra,Ahmed Nagar,1,0
Maharashtra,Akola,842,12
Maharashtra,Amravati,408,15
Maharashtra,Aurangabad,1237,44
Maharashtra,Beed,3349,45
Maharashtra,Bhandara,288,32
Maharashtra,Buldhana,1420,40
Maharashtra,Chandrapur,415,13
Maharashtra,Dhule,88,13
Maharashtra,Gadchiroli,814,2
Maharashtra,Gondiya,168,33
Maharashtra,Hingoli,391,5
Maharashtra,Jalgaon,967,51
Maharashtra,Jalna,1558,31
Maharashtra,Kolhapur,5714,38
Maharashtra,Latur,2287,35
Maharashtra,Mumbai,853,45
Maharashtra,Mumbai City,1,0
Maharashtra,Nagpur,2288,96
Maharashtra,Nanded,2013,42
Maharashtra,Nandurbar,219,22
Maharashtra,Nashik,3818,96
Maharashtra,Osmanabad,674,21
Maharashtra,Parbhani,705,6
Maharashtra,Pune,1609,161
Maharashtra,Raigarh,1743,44
Maharashtra,Raigarh(MH),15,0
Maharashtra,Ratnagiri,489,5
Maharashtra,Sangli,1547,53
Maharashtra,Satara,1544,87
Maharashtra,Sindhudurg,881,1
Maharashtra,Solapur,2670,38
Maharashtra,Thane,2455,106
Maharashtra,Wardha,30,1
Maharashtra,Washim,1038,23
Maharashtra,Yavatmal,2229,36
Manipur,Bishnupur,2,0
Manipur,Chandel,29,2
Manipur,Churachandpur,3,0
Manipur,Imphal East,1944,6
Manipur,Imphal West,176,1
Manipur,Senapati,2,0
Meghalaya,East Khasi Hills,84,0
Meghalaya,Ri Bhoi,1,0
Nagaland,Dimapur,9,0
Nagaland,Mon,1,0
Odisha,Anugul,1616,380
Odisha,Baleswar,70,0
Odisha,Bargarh,480,3
Odisha,Baudh,6,0
Odisha,Bhadrak,272,0
Odisha,Cuttack,16,1
Odisha,Debagarh,1,0
Odisha,Dhenkanal,2388,18
Odisha,Gajapati,5,0
Odisha,Ganjam,1078,15
Odisha,Jagatsinghapur,583,0
Odisha,Jajapur,1496,97
Odisha,Jharsuguda,1,0
Odisha,Kalahandi,2,0
Odisha,Kandhamal,3,0
Odisha,Kendrapara,97,2
Odisha,Kendujhar,9,0
Odisha,Khorda,10,0
Odisha,Koraput,1,0
Odisha,Malkangiri,2,0
Odisha,Mayurbhanj,1554,781
Odisha,Nabarangapur,32,0
Odisha,Nayagarh,106,18
Odisha,Nuapada,2,0
Odisha,Puri,3,0
Odisha,Rayagada,1,1
Odisha,Sambalpur,113,125
Odisha,Sonapur,0,20
Odisha,Sundergarh,292,233
Others,Others,60,2123
Puducherry,Karaikal,75,0
Puducherry,Puducherry,36,2
Punjab,Amritsar,1863,68
Punjab,Barnala,233,6
Punjab,Bathinda,583,15
Punjab,Faridkot,233,1
Punjab,Fatehgarh Sahib,21,0
Punjab,Fazilka,799,18
Punjab,Ferozepur,842,12
Punjab,Gurdaspur,1049,17
Punjab,Hoshiarpur,299,17
Punjab,Jalandhar,237,34
Punjab,Kapurthala,198,6
Punjab,Ludhiana,676,35
Punjab,Mansa,720,14
Punjab,Moga,454,12
Punjab,Muktsar,2,0
Punjab,Pathankot,59,7
Punjab,Patiala,821,46
Punjab,Rupnagar,79,2
Punjab,SAS Nagar (Mohali),724,21
Punjab,Sangrur,764,21
Punjab,Shaheed Bhagat Singh Nagar,53,4
Punjab,Sri Muktsar Sahib,1090,29
Punjab,Tarn Taran,1175,49
Rajasthan,Ajmer,375,3
Rajasthan,Alwar,633,57
Rajasthan,Banswara,2373,53
Rajasthan,Baran,733,5
Rajasthan,Barmer,382,25
Rajasthan,Bharatpur,1832,13
Rajasthan,Bhilwara,4186,42
Rajasthan,Bikaner,510,19
Rajasthan,Bundi,808,54
Rajasthan,Chittorgarh,1141,46
Rajasthan,Churu,86,2
Rajasthan,Dausa,430,1
Rajasthan,Dholpur,1077,7
Rajasthan,Dungarpur,845,8
Rajasthan,Ganganagar,1656,36
Rajasthan,Hanumangarh,299,4
Rajasthan,Jaipur,3790,38
Rajasthan,Jaisalmer,410,1
Rajasthan,Jalor,1243,9
Rajasthan,Jhalawar,1168,6
Rajasthan,Jhunjhunun,856,20
Rajasthan,Jodhpur,1761,39
Rajasthan,Karauli,1343,3
Rajasthan,Kota,199,7
Rajasthan,Nagaur,1773,23
Rajasthan,Pali,554,29
Rajasthan,Pratapgarh,361,140
Rajasthan,Rajsamand,68,6
Rajasthan,Sawai Madhopur,909,21
Rajasthan,Sikar,1327,47
Rajasthan,Sirohi,127,8
Rajasthan,Tonk,442,14
Rajasthan,Udaipur,105,15
Sikkim,East Sikkim,38,0
Sikkim,South Sikkim,9,0
Sikkim,West Sikkim,5,0
Tamil Nadu,Ariyalur,54,0
Tamil Nadu,Chennai,1883,11
Tamil Nadu,Coimbatore,2419,11
Tamil Nadu,Cuddalore,402,0
Tamil Nadu,Dharmapuri,167,7
Tamil Nadu,Dindigul,6591,13
Tamil Nadu,Erode,87,3
Tamil Nadu,Kancheepuram,1158,25
Tamil Nadu,Kanniyakumari,1682,12
Tamil Nadu,Kanyakumari,69,0
Tamil Nadu,Karur,395,10
Tamil Nadu,Krishnagiri,2165,10
Tamil Nadu,Madurai,372,1
Tamil Nadu,Nagapattinam,1532,5
Tamil Nadu,Namakkal,315,1
Tamil Nadu,Perambalur,20,0
Tamil Nadu,Pudukkottai,43,0
Tamil Nadu,Ramanathapuram,11,0
Tamil Nadu,Salem,8480,14
Tamil Nadu,Sivaganga,642,0
Tamil Nadu,Thanjavur,716,3
Tamil Nadu,The Nilgiris,959,0
Tamil Nadu,Theni,980,18
Tamil Nadu,Thiruvarur,1338,0
Tamil Nadu,Thoothukkudi,923,9
Tamil Nadu,Tiruchirappalli,88,1
Tamil Nadu,Tirunelveli,2079,2
Tamil Nadu,Tiruppur,3432,8
Tamil Nadu,Tiruvallur,4033,11
Tamil Nadu,Tiruvannamalai,2297,4
Tamil Nadu,Vellore,3326,29
Tamil Nadu,Viluppuram,1403,20
Tamil Nadu,Virudhunagar,20,7
Tripura,Dhalai,102,1
Tripura,Gomati,85,0
Tripura,Khowai,41,0
Tripura,North Tripura,263,7
Tripura,Sepahijala,69,0
Tripura,South Tripura,14,0
Tripura,Unakoti,9,0
Tripura,West Tripura,760,2
Uttar Pradesh,Agra,90,0
Uttar Pradesh,Aligarh,326,2
Uttar Pradesh,Allahabad,676,8
Uttar Pradesh,Ambedkar Nagar,27,0
Uttar Pradesh,Amethi,1858,6
Uttar Pradesh,Amroha,288,2
Uttar Pradesh,Auraiya,17,0
Uttar Pradesh,Azamgarh,209,1
Uttar Pradesh,Baghpat,14,0
Uttar Pradesh,Bahraich,6,1
Uttar Pradesh,Ballia,220,1
Uttar Pradesh,Balrampur,1403,2
Uttar Pradesh,Banda,73,2
Uttar Pradesh,Bara Banki,30,0
Uttar Pradesh,Bareilly,994,9
Uttar Pradesh,Basti,60,0
Uttar Pradesh,Bijnor,441,33
Uttar Pradesh,Budaun,15,2
Uttar Pradesh,Bulandshahr,72,0
Uttar Pradesh,Chandauli,2478,1
Uttar Pradesh,Chitrakoot,201,0
Uttar Pradesh,Deoria,169,2
Uttar Pradesh,Etah,15,0
Uttar Pradesh,Etawah,1056,3
Uttar Pradesh,Faizabad,537,11
Uttar Pradesh,Farrukhabad,1000,1
Uttar Pradesh,Fatehpur,1637,3
Uttar Pradesh,Firozabad,16,0
Uttar Pradesh,Gautam Buddha Nagar,115,1
Uttar Pradesh,Ghaziabad,201,18
Uttar Pradesh,Ghazipur,1694,6
Uttar Pradesh,Gonda,2830,2
Uttar Pradesh,Gorakhpur,1152,1
Uttar Pradesh,Hamirpur,132,0
Uttar Pradesh,Hardoi,21,0
Uttar Pradesh,Hathras,13,0
Uttar Pradesh,Jalaun,17,1
Uttar Pradesh,Jaunpur,42,0
Uttar Pradesh,Jhansi,459,12
Uttar Pradesh,Kannauj,204,0
Uttar Pradesh,Kanpur Dehat,15,1
Uttar Pradesh,Kanpur Nagar,875,8
Uttar Pradesh,Kasganj,7,1
Uttar Pradesh,Kaushambi,13,0
Uttar Pradesh,Kheri,5,0
Uttar Pradesh,Kushinagar,1832,2
Uttar Pradesh,Lalitpur,4,0
Uttar Pradesh,Lucknow,154,2
Uttar Pradesh,Maharajganj,2768,2
Uttar Pradesh,Mahoba,246,2
Uttar Pradesh,Mainpuri,30,1
Uttar Pradesh,Mathura,84,1
Uttar Pradesh,Mau,18,0
Uttar Pradesh,Meerut,86,0
Uttar Pradesh,Mirzapur,17,0
Uttar Pradesh,Moradabad,5,0
Uttar Pradesh,Muzaffarnagar,97,1
Uttar Pradesh,Pilibhit,488,2
Uttar Pradesh,Pratapgarh,838,10
Uttar Pradesh,Rae Bareli,5710,47
Uttar Pradesh,Rampur,2,1
Uttar Pradesh,Saharanpur,742,12
Uttar Pradesh,Sambhal,4,0
Uttar Pradesh,Sant Kabir Nagar,581,3
Uttar Pradesh,Sant Ravidas Nagar,301,4
Uttar Pradesh,Shahjahanpur,549,0
Uttar Pradesh,Shamli,77,0
Uttar Pradesh,Shrawasti,178,0
Uttar Pradesh,Siddharthnagar,63,1
Uttar Pradesh,Sitapur,9,0
Uttar Pradesh,Sonbhadra,508,0
Uttar Pradesh,Sultanpur,20,0
Uttar Pradesh,Unnao,16,1
Uttar Pradesh,Varanasi,4794,14
Uttarakhand,Almora,13,0
Uttarakhand,Bageshwar,201,1
Uttarakhand,Chamoli,1,0
Uttarakhand,Champawat,53,0
Uttarakhand,Dehradun,5009,2
Uttarakhand,Garhwal,2,0
Uttarakhand,Haridwar,260,2
Uttarakhand,Nainital,459,2
Uttarakhand,Pauri Garhwal,180,0
Uttarakhand,Pithoragarh,3,0
Uttarakhand,Rudraprayag,1,0
Uttarakhand,Tehri Garhwal,135,2
Uttarakhand,Udham Singh Nagar,540,0
Uttarakhand,Uttarkashi,2,0
West Bengal,Bankura,3,3
West Bengal,Barddhaman,57,4
West Bengal,Bardhaman,4,0
West Bengal,Birbhum,1148,7
West Bengal,Cooch Behar,1106,1
West Bengal,Dakshin Dinajpur,28,2
West Bengal,Darjeeling,989,2
West Bengal,East Midnapore,80,0
West Bengal,Hooghly,5224,111
West Bengal,Howrah,946,7
West Bengal,Jalpaiguri,1006,7
West Bengal,Kolkata,4094,10
West Bengal,Malda,4075,16
West Bengal,Medinipur,3,0
West Bengal,Murshidabad,3340,12
West Bengal,Nadia,311,11
West Bengal,North 24 Parganas,40,6
West Bengal,Paschim Medinipur,28,4
West Bengal,Purba Medinipur,4900,7
West Bengal,Purulia,541,0
West Bengal,Puruliya,1165,7
West Bengal,South 24 Parganas,2979,3
West Bengal,South Twenty Four Parganas,4,0
West Bengal,Uttar Dinajpur,1639,7
