State,District,Aadhaar generated,Enrolment Rejected
Andaman and Nicobar Islands,Andamans,1,0
Andaman and Nicobar Islands,Nicobar,1,0
Andaman and Nicobar Islands,North And Middle Andaman,1,0
Andaman and Nicobar Islands,South Andaman,2,0
Andhra Pradesh,Adilabad,1832,991
Andhra Pradesh,Ananthapur,622,73
Andhra Pradesh,Chittoor,913,104
Andhra Pradesh,Cuddapah,728,50
Andhra Pradesh,East Godavari,361,102
Andhra Pradesh,Guntur,385,190
Andhra Pradesh,Hyderabad,1334,240
Andhra Pradesh,K.V.Rangareddy,7,0
Andhra Pradesh,K.v. Rangareddy,2652,598
Andhra Pradesh,Karimnagar,5322,1969
Andhra Pradesh,Khammam,3263,601
Andhra Pradesh,Krishna,311,98
Andhra Pradesh,Kurnool,11567,4492
Andhra Pradesh,Mahabub Nagar,105,0
Andhra Pradesh,Mahabubnagar,10700,2101
Andhra Pradesh,Mahbubnagar,18,4
Andhra Pradesh,Medak,3157,1732
Andhra Pradesh,Nalgonda,6521,649
Andhra Pradesh,Nellore,1277,1229
Andhra Pradesh,Nizamabad,6249,397
Andhra Pradesh,Prakasam,3334,208
Andhra Pradesh,Srikakulam,154,194
Andhra Pradesh,Visakhapatnam,14777,2284
Andhra Pradesh,Vizianagaram,712,343
Andhra Pradesh,Warangal,9543,2035
Andhra Pradesh,West Godavari,3196,188
Arunachal Pradesh,Changlang,1,0
Arunachal Pradesh,East Kameng,1,0
Arunachal Pradesh,Papum Pare,44,1
Arunachal Pradesh,West Kameng,19,0
Assam,Baksa,2,0
Assam,Barpeta,6,0
Assam,Bongaigaon,3,0
Assam,Cachar,14,1
Assam,Chirang,4,0
Assam,Darrang,2,0
Assam,Dhemaji,5,0
Assam,Dhubri,2,0
Assam,Dibrugarh,1,0
Assam,Golaghat,4,0
Assam,Hailakandi,7,2
Assam,Jorhat,7,0
Assam,Kamrup,9,0
Assam,Kamrup Metro,4,0
Assam,Karbi Anglong,3,0
Assam,Karimganj,7,0
Assam,Kokrajhar,2,0
Assam,Lakhimpur,2,0
Assam,Marigaon,2,1
Assam,Nagaon,9,0
Assam,Nalbari,1,0
Assam,Sibsagar,4,0
Assam,Sonitpur,8,1
Assam,Tinsukia,3,0
Assam,Udalguri,6,0
Bihar,Araria,36,1
Bihar,Arwal,239,131
Bihar,Aurangabad,65,3
Bihar,Aurangabad(BH),1,0
Bihar,Banka,97,3
Bihar,Begusarai,70,2
Bihar,Bhabua,1,0
Bihar,Bhagalpur,106,0
Bihar,Bhojpur,106,4
Bihar,Buxar,68,0
Bihar,Darbhanga,3435,56
Bihar,East Champaran,126,7
Bihar,Gaya,162,8
Bihar,Gopalganj,2170,9
Bihar,Jamui,188,7
Bihar,Jehanabad,16,0
Bihar,Kaimur (Bhabua),43,0
Bihar,Katihar,3929,90
Bihar,Khagaria,31,2
Bihar,Kishanganj,1494,10
Bihar,Lakhisarai,31,1
Bihar,Madhepura,35,1
Bihar,Madhubani,177,6
Bihar,Munger,51,1
Bihar,Muzaffarpur,97,7
Bihar,Nalanda,1871,97
Bihar,Nawada,95,0
Bihar,Patna,2485,64
Bihar,Purnia,51,2
Bihar,Rohtas,1438,10
Bihar,Saharsa,3286,44
Bihar,Samastipur,123,9
Bihar,Saran,168,6
Bihar,Sheikhpura,1029,20
Bihar,Sheohar,727,48
Bihar,Sitamarhi,119,5
Bihar,Siwan,124,8
Bihar,Supaul,48,0
Bihar,Vaishali,439,58
Bihar,West Champaran,75,2
Chandigarh,Chandigarh,365,44
Chhattisgarh,Balod,762,1
Chhattisgarh,Baloda Bazar,7,0
Chhattisgarh,Balrampur,1,0
Chhattisgarh,Bastar,359,0
Chhattisgarh,Bemetara,173,0
Chhattisgarh,Bilaspur,63,0
Chhattisgarh,Dantewada,1,0
Chhattisgarh,Dhamtari,2503,92
Chhattisgarh,Durg,1925,20
Chhattisgarh,Gariyaband ,2,0
Chhattisgarh,Janjgir-champa,1790,28
Chhattisgarh,Jashpur,13,0
Chhattisgarh,Kanker,2,0
Chhattisgarh,Kawardha,12,0
Chhattisgarh,Korba,1044,2
Chhattisgarh,Koriya,956,80
Chhattisgarh,Mahasamund,1,0
Chhattisgarh,Mungeli,322,0
Chhattisgarh,Mungeli ,195,11
Chhattisgarh,Raigarh,10,0
Chhattisgarh,Raipur,16,1
Chhattisgarh,Rajnandgaon,1569,4
Chhattisgarh,Surajpur,1,0
Chhattisgarh,Surajpur ,3,0
Chhattisgarh,Surguja,5,0
Dadra and Nagar Haveli,Dadra and Nagar Haveli,151,38
Daman and Diu,Daman,35,8
Daman and Diu,Diu,9,1
Delhi,Central Delhi,435,205
Delhi,East Delhi,1469,376
Delhi,Najafgarh,10,1
Delhi,New Delhi,67,23
Delhi,North Delhi,338,302
Delhi,North East,143,42
Delhi,North East Delhi,1779,499
Delhi,North West Delhi,2673,1311
Delhi,South Delhi,2404,990
Delhi,South West Delhi,1069,251
Delhi,West Delhi,1451,451
Goa,North Goa,164,86
Goa,South Goa,369,6
Gujarat,Ahmadabad,17,0
Gujarat,Ahmedabad,9635,418
Gujarat,Amreli,4890,31
Gujarat,Anand,1794,47
Gujarat,Banaskantha,4288,92
Gujarat,Bharuch,3163,59
Gujarat,Bhavnagar,5015,317
Gujarat,Dahod,6989,90
Gujarat,Dohad,1077,17
Gujarat,Gandhinagar,1386,32
Gujarat,Jamnagar,3893,59
Gujarat,Junagadh,8355,147
Gujarat,Kachchh,1799,20
Gujarat,Kheda,2381,31
Gujarat,Mahesana,4479,208
Gujarat,Narmada,2031,1
Gujarat,Navsari,2649,167
Gujarat,Panchmahals,1715,33
Gujarat,Patan,2260,23
Gujarat,Porbandar,455,48
Gujarat,Rajkot,10866,187
Gujarat,Sabarkantha,1197,27
Gujarat,Surat,7736,156
Gujarat,Surendra Nagar,3007,44
Gujarat,Tapi,1332,14
Gujarat,The Dangs,114,5
Gujarat,Vadodara,8668,359
Gujarat,Valsad,4445,87
Haryana,Ambala,767,45
Haryana,Bhiwani,6987,54
Haryana,Faridabad,4844,193
Haryana,Fatehabad,4830,20
Haryana,Gurgaon,3274,120
Haryana,Hisar,4351,62
Haryana,Jhajjar,2394,39
Haryana,Jind,3414,29
Haryana,Kaithal,3261,61
Haryana,Karnal,2376,130
Haryana,Kurukshetra,2078,68
Haryana,Mahendragarh,4291,46
Haryana,Mewat,2733,63
Haryana,Palwal,2281,37
Haryana,Panchkula,983,7
Haryana,Panipat,4494,81
Haryana,Rewari,4318,30
Haryana,Rohtak,2631,40
Haryana,Sirsa,6034,66
Haryana,Sonipat,567,122
Haryana,Yamuna Nagar,4979,33
Himachal Pradesh,Bilaspur,23,3
Himachal Pradesh,Chamba,293,11
Himachal Pradesh,Hamirpur,61,1
Himachal Pradesh,Kangra,785,7
Himachal Pradesh,Kinnaur,41,1
Himachal Pradesh,Kullu,299,8
Himachal Pradesh,Lahul and Spiti,49,0
Himachal Pradesh,Mandi,226,2
Himachal Pradesh,Shimla,351,3
Himachal Pradesh,Sirmaur,399,20
Himachal Pradesh,Solan,157,18
Himachal Pradesh,Una,35,2
Jammu and Kashmir,Anantnag,6150,35
Jammu and Kashmir,Badgam,602,0
Jammu and Kashmir,Bandipore,37,0
Jammu and Kashmir,Baramula,9,0
Jammu and Kashmir,Doda,1700,5
Jammu and Kashmir,Jammu,981,2772
Jammu and Kashmir,Kargil,147,6
Jammu and Kashmir,Kathua,1606,2
Jammu and Kashmir,Kulgam,1,518
Jammu and Kashmir,Kupwara,176,0
Jammu and Kashmir,Leh,74,0
Jammu and Kashmir,Pulwama,2152,16
Jammu and Kashmir,Punch,5,0
Jammu and Kashmir,Rajouri,5,0
Jammu and Kashmir,Reasi,250,40
Jammu and Kashmir,Srinagar,1080,1
Jammu and Kashmir,Udhampur,412,4
Jharkhand,Bokaro,1224,343
Jharkhand,Chatra,2750,108
Jharkhand,Deoghar,2015,574
Jharkhand,Dhanbad,3685,193
Jharkhand,Dumka,1952,63
Jharkhand,East Singhbhum,3349,58
Jharkhand,Garhwa,2729,112
Jharkhand,Giridih,2970,241
Jharkhand,Godda,2371,132
Jharkhand,Gumla,2526,82
Jharkhand,Hazaribag,3,0
Jharkhand,Hazaribagh,711,141
Jharkhand,Jamtara,2559,28
Jharkhand,Khunti,248,36
Jharkhand,Koderma,1730,30
Jharkhand,Latehar,2350,72
Jharkhand,Lohardaga,255,21
Jharkhand,Pakur,2684,197
Jharkhand,Palamu,2352,236
Jharkhand,Ramgarh,194,48
Jharkhand,Ranchi,1192,87
Jharkhand,Sahebganj,3366,160
Jharkhand,Seraikela-Kharsawan,278,13
Jharkhand,Simdega,2153,95
Jharkhand,West Singhbhum,3625,204
Karnataka,Bagalkot,5222,389
Karnataka,Bangalore,15611,1820
Karnataka,Bangalore Rural,2811,416
Karnataka,Belgaum,14990,977
Karnataka,Bellary,7119,454
Karnataka,Bidar,4028,860
Karnataka,Bijapur,3357,307
Karnataka,Bijapur(KAR),57,0
Karnataka,Chamarajanagar,1,0
Karnataka,Chamrajanagar,2838,322
Karnataka,Chickmagalur,2863,157
Karnataka,Chikkaballapur,1277,221
Karnataka,Chitradurga,3071,550
Karnataka,Dakshina Kannada,5014,1531
Karnataka,Davangere,2423,63
Karnataka,Dharwad,334,142
Karnataka,Gadag,491,32
Karnataka,Gulbarga,7958,466
Karnataka,Hassan,5410,150
Karnataka,Haveri,332,159
Karnataka,Kodagu,844,21
Karnataka,Kolar,7231,368
Karnataka,Koppal,1286,459
Karnataka,Mandya,4937,121
Karnataka,Mysore,583,106
Karnataka,Raichur,3345,58
Karnataka,Ramanagar,3794,178
Karnataka,Shimoga,8087,87
Karnataka,Tumkur,576,356
Karnataka,Udupi,654,22
Karnataka,Uttara Kannada,938,342
Karnataka,Yadgir,2326,695
Kerala,Alappuzha,727,151
Kerala,Ernakulam,1351,103
Kerala,Idukki,322,50
Kerala,Kannur,1514,60
Kerala,Kasaragod,1086,31
Kerala,Kasargod,33,43
Kerala,Kollam,1631,109
Kerala,Kottayam,1262,71
Kerala,Kozhikode,1336,193
Kerala,Malappuram,4617,150
Kerala,Palakkad,1411,436
Kerala,Pathanamthitta,397,6
Kerala,Thiruvananthapuram,1923,66
Kerala,Thrissur,1323,76
Kerala,Wayanad,201,7
Lakshadweep,Lakshadweep,6,1
Madhya Pradesh,Alirajpur,2207,261
Madhya Pradesh,Anuppur,1958,85
Madhya Pradesh,Ashok Nagar,394,15
Madhya Pradesh,Balaghat,7116,149
Madhya Pradesh,Barwani,1716,95
Madhya Pradesh,Betul,4212,86
Madhya Pradesh,Bhind,1896,71
Madhya Pradesh,Bhopal,1343,125
Madhya Pradesh,Burhanpur,523,31
Madhya Pradesh,Chhatarpur,3585,177
Madhya Pradesh,Chhindwara,5863,135
Madhya Pradesh,Damoh,3101,73
Madhya Pradesh,Datia,729,70
Madhya Pradesh,Dewas,1510,115
Madhya Pradesh,Dhar,3739,171
Madhya Pradesh,Dindori,2138,113
Madhya Pradesh,Guna,1387,42
Madhya Pradesh,Gwalior,1808,91
Madhya Pradesh,Harda,162,20
Madhya Pradesh,Hoshangabad,293,51
Madhya Pradesh,Indore,2627,576
Madhya Pradesh,Jabalpur,1384,207
Madhya Pradesh,Jhabua,2570,496
Madhya Pradesh,Katni,2825,65
Madhya Pradesh,Khandwa,300,21
Madhya Pradesh,Khargone,4378,191
Madhya Pradesh,Mandla,2390,153
Madhya Pradesh,Mandsaur,679,47
Madhya Pradesh,Morena,1742,40
Madhya Pradesh,Narsinghpur,2346,180
Madhya Pradesh,Neemuch,239,14
Madhya Pradesh,Panna,2469,25
Madhya Pradesh,Raisen,2413,80
Madhya Pradesh,Rajgarh,362,28
Madhya Pradesh,Ratlam,956,38
Madhya Pradesh,Rewa,3672,246
Madhya Pradesh,Sagar,3884,132
Madhya Pradesh,Satna,3942,146
Madhya Pradesh,Sehore,1805,72
Madhya Pradesh,Seoni,2140,57
Madhya Pradesh,Shahdol,3679,67
Madhya Pradesh,Shajapur,1002,56
Madhya Pradesh,Sheopur,296,1
Madhya Pradesh,Shivpuri,1426,71
Madhya Pradesh,Sidhi,2329,54
Madhya Pradesh,Singrauli,3067,51
Madhya Pradesh,Tikamgarh,2435,63
Madhya Pradesh,Ujjain,2690,117
Madhya Pradesh,Umaria,2161,39
Madhya Pradesh,Vidisha,2406,162
Maharashtra,Ahmadnagar,7275,623
Maharashtra,Ahmed Nagar,11,0
Maharashtra,Akola,2867,128
Maharashtra,Amravati,1309,19
Maharashtra,Aurangabad,3815,687
Maharashtra,Beed,6747,254
Maharashtra,Bhandara,2065,352
Maharashtra,Buldhana,8933,167
Maharashtra,Chandrapur,2829,123
Maharashtra,Dhule,962,82
Maharashtra,Gadchiroli,2060,78
Maharashtra,Gondia,11,0
Maharashtra,Gondiya,1226,193
Maharashtra,Hingoli,1379,95
Maharashtra,Jalgaon,2835,485
Maharashtra,Jalna,2483,335
Maharashtra,Kolhapur,10242,172
Maharashtra,Latur,1899,169
Maharashtra,Mumbai,4856,254
Maharashtra,Mumbai City,2,0
Maharashtra,Nagpur,5250,744
Maharashtra,Nanded,5761,244
Maharashtra,Nandurbar,932,42
Maharashtra,Nashik,12538,477
Maharashtra,Osmanabad,2639,131
Maharashtra,Parbhani,3076,75
Maharashtra,Pune,8523,407
Maharashtra,Raigarh,6734,99
Maharashtra,Raigarh(MH),9,0
Maharashtra,Ratnagiri,868,200
Maharashtra,Sangli,3327,293
Maharashtra,Satara,5908,271
Maharashtra,Sindhudurg,1230,37
Maharashtra,Solapur,5910,151
Maharashtra,Thane,9979,377
Maharashtra,Wardha,199,54
Maharashtra,Washim,2713,82
Maharashtra,Yavatmal,6769,222
Manipur,Bishnupur,2,0
Manipur,Chandel,73,0
Manipur,Churachandpur,9,0
Manipur,Imphal East,979,1
Manipur,Imphal West,123,1
Manipur,Thoubal,3,0
Manipur,Ukhrul,1,0
Meghalaya,East Khasi Hills,140,1
Meghalaya,Jaintia Hills,1,0
Meghalaya,West Garo Hills,1,0
Mizoram,Aizawl,3,0
Mizoram,Mammit,1,0
Nagaland,Dimapur,24,0
Nagaland,Kohima,4,0
Nagaland,Mokokchung,7,0
Nagaland,Mon,6,1
Nagaland,Zunheboto,9,0
Odisha,Angul,8,1
Odisha,Anugul,7346,92
Odisha,Balangir,29,2
Odisha,Baleswar,2774,434
Odisha,Bargarh,1749,8687
Odisha,Baudh,161,96
Odisha,Bhadrak,1994,380
Odisha,Cuttack,193,85
Odisha,Debagarh,2683,3
Odisha,Dhenkanal,7023,9
Odisha,Gajapati,1652,327
Odisha,Ganjam,3328,206
Odisha,Jagatsinghapur,6762,104
Odisha,Jajapur,7808,658
Odisha,Jharsuguda,1,0
Odisha,Kalahandi,6,0
Odisha,Kandhamal,5053,467
Odisha,Kendrapara,6777,78
Odisha,Kendujhar,1524,65
Odisha,Khorda,50,0
Odisha,Khordha,30,18
Odisha,Koraput,265,3
Odisha,Mayurbhanj,12643,2801
Odisha,Nabarangapur,794,19
Odisha,Nayagarh,3593,1027
Odisha,Nuapada,132,3
Odisha,Puri,158,177
Odisha,Rayagada,1,1
Odisha,Sambalpur,454,674
Odisha,Sonapur,59,8
Odisha,Sundergarh,3973,239
Others,Others,207,14694
Puducherry,Karaikal,176,5
Puducherry,Puducherry,94,22
Puducherry,Yanam,1,0
Punjab,Amritsar,5454,690
Punjab,Barnala,204,3
Punjab,Bathinda,1292,135
Punjab,Faridkot,797,26
Punjab,Fatehgarh Sahib,126,11
Punjab,Fazilka,1303,285
Punjab,Ferozepur,2270,48
Punjab,Gurdaspur,1783,178
Punjab,Hoshiarpur,1798,82
Punjab,Jalandhar,1514,135
Punjab,Kapurthala,877,152
Punjab,Ludhiana,3963,212
Punjab,Mansa,1860,20
Punjab,Moga,1348,52
Punjab,Muktsar,7,3
Punjab,Pathankot,350,117
Punjab,Patiala,3406,312
Punjab,Rupnagar,1256,129
Punjab,SAS Nagar (Mohali),1170,205
Punjab,Sangrur,2685,148
Punjab,Shaheed Bhagat Singh Nagar,213,20
Punjab,Sri Muktsar Sahib,1417,571
Punjab,Tarn Taran,2826,421
Rajasthan,Ajmer,811,49
Rajasthan,Alwar,1970,408
Rajasthan,Banswara,3343,45
Rajasthan,Baran,1033,57
Rajasthan,Barmer,2410,80
Rajasthan,Bharatpur,2652,51
Rajasthan,Bhilwara,5091,86
Rajasthan,Bikaner,2341,83
Rajasthan,Bundi,1424,38
Rajasthan,Chittorgarh,4298,241
Rajasthan,Churu,1796,63
Rajasthan,Dausa,401,19
Rajasthan,Dholpur,704,39
Rajasthan,Dungarpur,2269,60
Rajasthan,Ganganagar,6792,74
Rajasthan,Hanumangarh,1988,63
Rajasthan,Jaipur,7119,387
Rajasthan,Jaisalmer,975,25
Rajasthan,Jalor,3370,44
Rajasthan,Jhalawar,1512,19
Rajasthan,Jhunjhunu,17,1
Rajasthan,Jhunjhunun,1523,276
Rajasthan,Jodhpur,4780,109
Rajasthan,Karauli,1252,25
Rajasthan,Kota,1074,83
Rajasthan,Nagaur,5197,76
Rajasthan,Pali,1500,63
Rajasthan,Pratapgarh,1220,53
Rajasthan,Rajsamand,1917,67
Rajasthan,Sawai Madhopur,1395,26
Rajasthan,Sikar,3192,92
Rajasthan,Sirohi,1234,55
Rajasthan,Tonk,2583,37
Rajasthan,Udaipur,2099,469
Sikkim,East Sikkim,54,4
Sikkim,North Sikkim,8,0
Sikkim,South Sikkim,19,0
Sikkim,West Sikkim,79,0
Tamil Nadu,Ariyalur,569,7
Tamil Nadu,Chennai,11721,207
Tamil Nadu,Coimbatore,16267,146
Tamil Nadu,Cuddalore,538,166
Tamil Nadu,Dharmapuri,2106,31
Tamil Nadu,Dindigul,5912,68
Tamil Nadu,Erode,1216,185
Tamil Nadu,Kancheepuram,16103,398
Tamil Nadu,Kanchipuram,10,0
Tamil Nadu,Kanniyakumari,6581,51
Tamil Nadu,Kanyakumari,126,1
Tamil Nadu,Karur,1276,35
Tamil Nadu,Krishnagiri,4246,116
Tamil Nadu,Madurai,2605,36
Tamil Nadu,Nagapattinam,2685,4
Tamil Nadu,Namakkal,1097,6
Tamil Nadu,Perambalur,123,4
Tamil Nadu,Pudukkottai,402,9
Tamil Nadu,Ramanathapuram,1553,15
Tamil Nadu,Salem,7641,59
Tamil Nadu,Sivaganga,1504,14
Tamil Nadu,Thanjavur,4093,154
Tamil Nadu,The Nilgiris,2207,17
Tamil Nadu,Theni,4563,93
Tamil Nadu,Thiruvarur,9984,4
Tamil Nadu,Thoothukkudi,10180,32
Tamil Nadu,Tiruchirappalli,3735,21
Tamil Nadu,Tirunelveli,7438,253
Tamil Nadu,Tiruppur,9878,321
Tamil Nadu,Tiruvallur,9853,636
Tamil Nadu,Tiruvannamalai,5142,441
Tamil Nadu,Tiruvarur,3,0
Tamil Nadu,Vellore,8470,72
Tamil Nadu,Villupuram,1,1
Tamil Nadu,Viluppuram,8934,179
Tamil Nadu,Virudhunagar,3672,57
Tripura,Dhalai,54,4
Tripura,Gomati,53,2
Tripura,Khowai,25,0
Tripura,North Tripura,277,17
Tripura,Sepahijala,35,6
Tripura,South Tripura,10,0
Tripura,Unakoti,9,24
Tripura,West Tripura,405,27
Uttar Pradesh,Agra,440,4
Uttar Pradesh,Aligarh,1068,10
Uttar Pradesh,Allahabad,1292,77
Uttar Pradesh,Ambedkar Nagar,92,3
Uttar Pradesh,Amethi,3429,240
Uttar Pradesh,Amroha,1171,7
Uttar Pradesh,Auraiya,41,4
Uttar Pradesh,Azamgarh,1421,71
Uttar Pradesh,Baghpat,41,1
Uttar Pradesh,Bahraich,47,0
Uttar Pradesh,Ballia,656,41
Uttar Pradesh,Balrampur,2480,22
Uttar Pradesh,Banda,570,18
Uttar Pradesh,Bara Banki,260,10
Uttar Pradesh,Bareilly,2512,8
Uttar Pradesh,Basti,592,2
Uttar Pradesh,Bijnor,3059,41
Uttar Pradesh,Budaun,27,8
Uttar Pradesh,Bulandshahar,1,0
Uttar Pradesh,Bulandshahr,1544,28
Uttar Pradesh,Chandauli,4911,81
Uttar Pradesh,Chitrakoot,1460,65
Uttar Pradesh,Deoria,597,11
Uttar Pradesh,Etah,55,3
Uttar Pradesh,Etawah,1826,204
Uttar Pradesh,Faizabad,1991,20
Uttar Pradesh,Farrukhabad,1145,40
Uttar Pradesh,Fatehpur,2144,13
Uttar Pradesh,Firozabad,43,1
Uttar Pradesh,Gautam Buddha Nagar,958,32
Uttar Pradesh,Ghaziabad,1393,657
Uttar Pradesh,Ghazipur,2745,39
Uttar Pradesh,Gonda,1848,11
Uttar Pradesh,Gorakhpur,2605,15
Uttar Pradesh,Hamirpur,208,17
Uttar Pradesh,Hardoi,57,1
Uttar Pradesh,Hathras,62,1
Uttar Pradesh,Jalaun,59,2
Uttar Pradesh,Jaunpur,184,3
Uttar Pradesh,Jhansi,1438,220
Uttar Pradesh,Jyotiba Phule Nagar,2,0
Uttar Pradesh,Kannauj,364,0
Uttar Pradesh,Kanpur Dehat,40,0
Uttar Pradesh,Kanpur Nagar,1245,9
Uttar Pradesh,Kasganj,21,1
Uttar Pradesh,Kaushambi,327,2
Uttar Pradesh,Kheri,21,0
Uttar Pradesh,Kushinagar,1024,6
Uttar Pradesh,Lalitpur,4,0
Uttar Pradesh,Lucknow,1335,41
Uttar Pradesh,Maharajganj,4721,22
Uttar Pradesh,Mahoba,2363,1
Uttar Pradesh,Mainpuri,149,11
Uttar Pradesh,Mathura,234,3
Uttar Pradesh,Mau,55,3
Uttar Pradesh,Meerut,2156,51
Uttar Pradesh,Mirzapur,134,1
Uttar Pradesh,Moradabad,15,1
Uttar Pradesh,Muzaffarnagar,211,2
Uttar Pradesh,Pilibhit,2479,120
Uttar Pradesh,Pratapgarh,1314,16
Uttar Pradesh,Rae Bareli,6406,280
Uttar Pradesh,Raebareli,0,1
Uttar Pradesh,Rampur,14,0
Uttar Pradesh,Saharanpur,1182,15
Uttar Pradesh,Sambhal,7,0
Uttar Pradesh,Sant Kabir Nagar,3033,66
Uttar Pradesh,Sant Ravidas Nagar,1128,29
Uttar Pradesh,Shahjahanpur,166,7
Uttar Pradesh,Shamli,136,0
Uttar Pradesh,Shrawasti,1859,229
Uttar Pradesh,Siddharthnagar,233,0
Uttar Pradesh,Sitapur,18,0
Uttar Pradesh,Sonbhadra,1364,28
Uttar Pradesh,Sultanpur,69,2
Uttar Pradesh,Unnao,75,3
Uttar Pradesh,Varanasi,7161,119
Uttarakhand,Almora,47,2
Uttarakhand,Bageshwar,373,14
Uttarakhand,Chamoli,17,0
Uttarakhand,Champawat,346,0
Uttarakhand,Dehradun,3137,24
Uttarakhand,Garhwal,4,0
Uttarakhand,Hardwar,1,0
Uttarakhand,Haridwar,1143,1
Uttarakhand,Nainital,892,1
Uttarakhand,Pauri Garhwal,390,0
Uttarakhand,Pithoragarh,31,1
Uttarakhand,Rudraprayag,29,0
Uttarakhand,Tehri Garhwal,788,18
Uttarakhand,Udham Singh Nagar,3022,5
Uttarakhand,Uttarkashi,11,0
West Bengal,Bankura,987,109
West Bengal,Barddhaman,11844,522
West Bengal,Bardhaman,2239,657
West Bengal,Birbhum,5528,810
West Bengal,Cooch Behar,844,9
West Bengal,Dakshin Dinajpur,192,0
West Bengal,Darjeeling,2674,17
West Bengal,East Midnapore,7269,4926
West Bengal,Hooghly,29899,328
West Bengal,Howrah,4315,340
West Bengal,Jalpaiguri,2807,53
West Bengal,Kolkata,4244,916
West Bengal,Malda,6089,77
West Bengal,Medinipur,602,13
West Bengal,Murshidabad,10455,44
West Bengal,Nadia,4635,24
West Bengal,North 24 Parganas,8060,1092
West Bengal,North Dinajpur,4,0
West Bengal,Paschim Medinipur,6265,194
West Bengal,Purba Medinipur,5156,21
West Bengal,Purulia,1275,5
West Bengal,Puruliya,4584,3
West Bengal,South 24 Parganas,10873,139
West Bengal,South Twenty Four Parganas,3871,3
West Bengal,Uttar Dinajpur,2680,20
West Bengal,West Midnapore,174,4
