State,District,Aadhaar generated,Enrolment Rejected
Andaman and Nicobar Islands,North And Middle Andaman,1,0
Andhra Pradesh,Adilabad,3409,151
Andhra Pradesh,Anantapur,0,2
Andhra Pradesh,Ananthapur,62,69
Andhra Pradesh,Chittoor,79,23
Andhra Pradesh,Cuddapah,19,9
Andhra Pradesh,East Godavari,77,44
Andhra Pradesh,Guntur,25,3
Andhra Pradesh,Hyderabad,943,178
Andhra Pradesh,K.v. Rangareddy,2857,319
Andhra Pradesh,Karimnagar,5303,74
Andhra Pradesh,Khammam,1848,24
Andhra Pradesh,Krishna,33,10
Andhra Pradesh,Kurnool,2038,1629
Andhra Pradesh,Mahabub Nagar,15,29
Andhra Pradesh,Mahabubnagar,3179,79
Andhra Pradesh,Mahbubnagar,1,5
Andhra Pradesh,Medak,1712,93
Andhra Pradesh,Nalgonda,1021,351
Andhra Pradesh,Nellore,1707,10
Andhra Pradesh,Nizamabad,2812,248
Andhra Pradesh,Prakasam,6810,78
Andhra Pradesh,Srikakulam,32,719
Andhra Pradesh,Visakhapatnam,1372,199
Andhra Pradesh,Vizianagaram,59,6
Andhra Pradesh,Warangal,1950,37
Andhra Pradesh,West Godavari,3527,32
Arunachal Pradesh,Papum Pare,1,0
Assam,Baksa,4,0
Assam,Barpeta,5,0
Assam,Cachar,6,0
Assam,Chirang,1,0
Assam,Darrang,1,0
Assam,Dhemaji,1,0
Assam,Dhubri,5,0
Assam,Dibrugarh,1,0
Assam,Goalpara,2,0
Assam,Golaghat,3,0
Assam,Hailakandi,6,0
Assam,Jorhat,3,0
Assam,Kamrup,7,0
Assam,Karbi Anglong,2,0
Assam,Karimganj,6,0
Assam,Kokrajhar,1,0
Assam,Lakhimpur,2,0
Assam,Marigaon,3,0
Assam,Nagaon,10,0
Assam,Nalbari,2,0
Assam,Sibsagar,1,0
Assam,Sonitpur,18,0
Assam,Tinsukia,4,0
Assam,Udalguri,7,0
Bihar,Araria,8,0
Bihar,Arwal,34,1
Bihar,Aurangabad,26,0
Bihar,Aurangabad(BH),2,0
Bihar,Banka,50,2
Bihar,Begusarai,54,0
Bihar,Bhagalpur,48,1
Bihar,Bhojpur,56,0
Bihar,Buxar,28,0
Bihar,Darbhanga,175,3
Bihar,East Champaran,78,0
Bihar,Gaya,103,0
Bihar,Gopalganj,217,2
Bihar,Jamui,71,2
Bihar,Jehanabad,16,0
Bihar,Kaimur (Bhabua),21,0
Bihar,Katihar,88,0
Bihar,Khagaria,24,0
Bihar,Kishanganj,28,0
Bihar,Lakhisarai,28,0
Bihar,Madhepura,18,0
Bihar,Madhubani,102,2
Bihar,Munger,21,0
Bihar,Muzaffarpur,78,0
Bihar,Nalanda,148,8
Bihar,Nawada,33,0
Bihar,Patna,703,3
Bihar,Purnia,21,1
Bihar,Rohtas,242,0
Bihar,Saharsa,794,0
Bihar,Samastipur,76,1
Bihar,Saran,99,1
Bihar,Sheikhpura,1214,0
Bihar,Sheohar,35,1
Bihar,Sitamarhi,69,0
Bihar,Siwan,78,1
Bihar,Supaul,26,1
Bihar,Vaishali,418,0
Bihar,West Champaran,45,0
Chandigarh,Chandigarh,266,3
Chandigarh,Mohali,1,0
Chhattisgarh,Balod,3,0
Chhattisgarh,Baloda Bazar,3,0
Chhattisgarh,Balrampur,1,0
Chhattisgarh,Bastar,37,0
Chhattisgarh,Bemetara,115,0
Chhattisgarh,Bilaspur,2,0
Chhattisgarh,Dhamtari,99,1
Chhattisgarh,Durg,554,0
Chhattisgarh,Janjgir-champa,443,0
Chhattisgarh,Jashpur,3,0
Chhattisgarh,Kabeerdham,4,0
Chhattisgarh,Kanker,2,0
Chhattisgarh,Kawardha,2,0
Chhattisgarh,Korba,312,0
Chhattisgarh,Koriya,1816,3
Chhattisgarh,Mahasamund,1,0
Chhattisgarh,Mungeli ,44,0
Chhattisgarh,Raigarh,2,0
Chhattisgarh,Raipur,9,0
Chhattisgarh,Rajnandgaon,3,0
Chhattisgarh,Surguja,1,0
Dadra and Nagar Haveli,Dadra and Nagar Haveli,232,0
Delhi,Central Delhi,325,37
Delhi,East Delhi,559,230
Delhi,Najafgarh,0,22
Delhi,New Delhi,12,1
Delhi,North Delhi,200,74
Delhi,North East,32,188
Delhi,North East Delhi,573,57
Delhi,North West Delhi,1108,459
Delhi,South Delhi,1290,245
Delhi,South West Delhi,599,108
Delhi,West Delhi,493,93
Goa,North Goa,30,1
Goa,South Goa,20,0
Gujarat,Ahmadabad,3,0
Gujarat,Ahmedabad,1170,25
Gujarat,Amreli,48,1
Gujarat,Anand,186,32
Gujarat,Banaskantha,2119,5
Gujarat,Bharuch,2306,11
Gujarat,Bhavnagar,233,11
Gujarat,Dahod,728,77
Gujarat,Dohad,116,0
Gujarat,Gandhinagar,42,0
Gujarat,Jamnagar,745,5
Gujarat,Junagadh,6536,229
Gujarat,Kachchh,3841,13
Gujarat,Kheda,361,35
Gujarat,Mahesana,62,16
Gujarat,Narmada,228,2
Gujarat,Navsari,8701,4
Gujarat,Panchmahals,294,119
Gujarat,Patan,62,16
Gujarat,Porbandar,394,68
Gujarat,Rajkot,6752,178
Gujarat,Sabarkantha,229,36
Gujarat,Surat,5060,13
Gujarat,Surendra Nagar,1183,2
Gujarat,Tapi,5595,16
Gujarat,The Dangs,69,0
Gujarat,Vadodara,2014,22
Gujarat,Valsad,556,167
Haryana,Ambala,355,6
Haryana,Bhiwani,4035,11
Haryana,Faridabad,3100,83
Haryana,Fatehabad,3858,33
Haryana,Gurgaon,1900,50
Haryana,Hisar,2712,19
Haryana,Jhajjar,3491,12
Haryana,Jind,2477,14
Haryana,Kaithal,1077,17
Haryana,Karnal,1794,55
Haryana,Kurukshetra,228,8
Haryana,Mahendragarh,1563,11
Haryana,Mewat,2300,61
Haryana,Palwal,1425,33
Haryana,Panchkula,1594,5
Haryana,Panipat,1811,16
Haryana,Rewari,2207,5
Haryana,Rohtak,1075,2
Haryana,Sirsa,5451,22
Haryana,Sonipat,371,10
Haryana,Yamuna Nagar,1478,12
Himachal Pradesh,Bilaspur,2,1
Himachal Pradesh,Chamba,29,1
Himachal Pradesh,Hamirpur,24,9
Himachal Pradesh,Kangra,171,15
Himachal Pradesh,Kinnaur,28,1
Himachal Pradesh,Kullu,22,15
Himachal Pradesh,Lahul and Spiti,1,10
Himachal Pradesh,Mandi,39,13
Himachal Pradesh,Shimla,455,8
Himachal Pradesh,Sirmaur,96,24
Himachal Pradesh,Solan,33,2
Himachal Pradesh,Una,29,6
Jammu and Kashmir,Anantnag,158,1
Jammu and Kashmir,Bandipore,35,0
Jammu and Kashmir,Baramula,23,0
Jammu and Kashmir,Doda,972,1
Jammu and Kashmir,Jammu,308,0
Jammu and Kashmir,Kargil,46,0
Jammu and Kashmir,Kathua,133,0
Jammu and Kashmir,Kupwara,268,0
Jammu and Kashmir,Leh,24,0
Jammu and Kashmir,Pulwama,776,0
Jammu and Kashmir,Punch,1,0
Jammu and Kashmir,Rajouri,3,0
Jammu and Kashmir,Srinagar,2213,0
Jammu and Kashmir,Udhampur,515,0
Jharkhand,Bokaro,286,10
Jharkhand,Chatra,654,53
Jharkhand,Deoghar,1333,68
Jharkhand,Dhanbad,2172,25
Jharkhand,Dumka,915,41
Jharkhand,East Singhbhum,5677,22
Jharkhand,Garhwa,893,43
Jharkhand,Giridih,1625,54
Jharkhand,Godda,688,50
Jharkhand,Gumla,371,37
Jharkhand,Hazaribagh,253,51
Jharkhand,Jamtara,1395,15
Jharkhand,Khunti,136,12
Jharkhand,Koderma,553,34
Jharkhand,Latehar,5309,18
Jharkhand,Lohardaga,14,2
Jharkhand,Pakur,1055,113
Jharkhand,Palamau,1,0
Jharkhand,Palamu,426,26
Jharkhand,Ramgarh,88,18
Jharkhand,Ranchi,394,36
Jharkhand,Sahebganj,1551,42
Jharkhand,Seraikela-Kharsawan,358,4
Jharkhand,Simdega,198,29
Jharkhand,West Singhbhum,1825,110
Karnataka,Bagalkot,2978,44
Karnataka,Bangalore,30591,84
Karnataka,Bangalore Rural,1874,11
Karnataka,Belgaum,11189,361
Karnataka,Bellary,18734,52
Karnataka,Bidar,2907,104
Karnataka,Bijapur,2014,35
Karnataka,Bijapur(KAR),62,0
Karnataka,Chamarajanagar,4,0
Karnataka,Chamrajanagar,3010,4
Karnataka,Chickmagalur,2618,7
Karnataka,Chikkaballapur,598,89
Karnataka,Chitradurga,6266,52
Karnataka,Dakshina Kannada,1557,43
Karnataka,Davangere,1013,120
Karnataka,Dharwad,352,38
Karnataka,Gadag,182,69
Karnataka,Gulbarga,1831,31
Karnataka,Hassan,4784,13
Karnataka,Haveri,125,11
Karnataka,Kodagu,140,2
Karnataka,Kolar,4864,157
Karnataka,Koppal,677,4
Karnataka,Mandya,3290,6
Karnataka,Mysore,451,13
Karnataka,Raichur,1852,56
Karnataka,Ramanagar,7974,5
Karnataka,Shimoga,9195,35
Karnataka,Tumkur,2137,12
Karnataka,Udupi,1095,3
Karnataka,Uttara Kannada,278,4
Karnataka,Yadgir,1238,37
Kerala,Alappuzha,214,408
Kerala,Ernakulam,398,34
Kerala,Idukki,42,1
Kerala,Kannur,258,100
Kerala,Kasaragod,307,54
Kerala,Kasargod,4,5
Kerala,Kollam,189,34
Kerala,Kottayam,191,35
Kerala,Kozhikode,234,42
Kerala,Malappuram,1931,52
Kerala,Palakkad,300,67
Kerala,Pathanamthitta,28,34
Kerala,Thiruvananthapuram,583,5
Kerala,Thrissur,227,25
Kerala,Wayanad,2,11
Madhya Pradesh,Alirajpur,597,210
Madhya Pradesh,Anuppur,748,69
Madhya Pradesh,Ashok Nagar,52,4
Madhya Pradesh,Balaghat,2573,206
Madhya Pradesh,Barwani,757,55
Madhya Pradesh,Betul,637,25
Madhya Pradesh,Bhind,1528,15
Madhya Pradesh,Bhopal,692,93
Madhya Pradesh,Burhanpur,94,71
Madhya Pradesh,Chhatarpur,2178,49
Madhya Pradesh,Chhindwara,1744,84
Madhya Pradesh,Damoh,1189,52
Madhya Pradesh,Datia,332,16
Madhya Pradesh,Dewas,257,10
Madhya Pradesh,Dhar,1565,334
Madhya Pradesh,Dindori,741,110
Madhya Pradesh,Guna,515,97
Madhya Pradesh,Gwalior,1079,64
Madhya Pradesh,Harda,66,14
Madhya Pradesh,Hoshangabad,159,81
Madhya Pradesh,Indore,718,41
Madhya Pradesh,Jabalpur,442,129
Madhya Pradesh,Jhabua,612,952
Madhya Pradesh,Katni,647,51
Madhya Pradesh,Khandwa,49,22
Madhya Pradesh,Khargone,783,54
Madhya Pradesh,Mandla,1131,104
Madhya Pradesh,Mandsaur,190,19
Madhya Pradesh,Morena,478,13
Madhya Pradesh,Narsinghpur,1029,62
Madhya Pradesh,Neemuch,12,0
Madhya Pradesh,Panna,1295,31
Madhya Pradesh,Raisen,715,71
Madhya Pradesh,Rajgarh,131,0
Madhya Pradesh,Ratlam,186,6
Madhya Pradesh,Rewa,3822,141
Madhya Pradesh,Sagar,1326,39
Madhya Pradesh,Satna,2986,53
Madhya Pradesh,Sehore,606,59
Madhya Pradesh,Seoni,1491,166
Madhya Pradesh,Shahdol,2430,164
Madhya Pradesh,Shajapur,139,10
Madhya Pradesh,Sheopur,121,0
Madhya Pradesh,Shivpuri,684,22
Madhya Pradesh,Sidhi,3406,41
Madhya Pradesh,Singrauli,2254,110
Madhya Pradesh,Tikamgarh,1861,43
Madhya Pradesh,Ujjain,1287,65
Madhya Pradesh,Umaria,1600,45
Madhya Pradesh,Vidisha,413,63
Maharashtra,Ahmadnagar,5881,183
Maharashtra,Ahmed Nagar,5,88
Maharashtra,Akola,1709,4
Maharashtra,Amravati,745,60
Maharashtra,Aurangabad,797,92
Maharashtra,Beed,2410,156
Maharashtra,Bhandara,1134,9
Maharashtra,Buldhana,5706,41
Maharashtra,Chandrapur,5860,17
Maharashtra,Dhule,1467,31
Maharashtra,Gadchiroli,2299,3
Maharashtra,Gondiya,377,27
Maharashtra,Hingoli,78,2
Maharashtra,Jalgaon,833,47
Maharashtra,Jalna,491,46
Maharashtra,Kolhapur,9119,51
Maharashtra,Latur,285,47
Maharashtra,Mumbai,1894,136
Maharashtra,Nagpur,3652,122
Maharashtra,Nanded,1019,42
Maharashtra,Nandurbar,728,91
Maharashtra,Nashik,4006,172
Maharashtra,Osmanabad,813,77
Maharashtra,Parbhani,1075,17
Maharashtra,Pune,1601,566
Maharashtra,Raigarh,5920,21
Maharashtra,Raigarh(MH),26,0
Maharashtra,Ratnagiri,95,13
Maharashtra,Sangli,3207,33
Maharashtra,Satara,8308,39
Maharashtra,Sindhudurg,572,2
Maharashtra,Solapur,10504,44
Maharashtra,Thane,6858,247
Maharashtra,Wardha,94,1
Maharashtra,Washim,943,38
Maharashtra,Yavatmal,5098,166
Manipur,Chandel,1,0
Manipur,Imphal East,30,0
Manipur,Imphal West,6,1
Manipur,Senapati,1,0
Manipur,Tamenglong,1,0
Manipur,Thoubal,2,0
Meghalaya,East Khasi Hills,45,1
Nagaland,Dimapur,37,0
Nagaland,Kohima,3,1
Nagaland,Mon,1,0
Nagaland,Phek,0,1
Odisha,Angul,2,0
Odisha,Anugul,58,0
Odisha,Balangir,0,3
Odisha,Baleswar,4144,38
Odisha,Bargarh,703,25
Odisha,Baudh,0,1
Odisha,Bhadrak,9849,21
Odisha,Cuttack,12,22
Odisha,Debagarh,1,0
Odisha,Dhenkanal,95,3
Odisha,Gajapati,5,0
Odisha,Ganjam,796,2
Odisha,Jagatsinghapur,320,1
Odisha,Jajapur,69,4
Odisha,Jharsuguda,1,0
Odisha,Kalahandi,2,0
Odisha,Kandhamal,193,35
Odisha,Kendrapara,310,35
Odisha,Kendujhar,770,48
Odisha,Khorda,12,0
Odisha,Khordha,0,97
Odisha,Koraput,668,4
Odisha,Mayurbhanj,2012,14
Odisha,Nabarangapur,275,3
Odisha,Nayagarh,21,3
Odisha,Puri,7,125
Odisha,Rayagada,2,1
Odisha,Sambalpur,23,0
Odisha,Sonapur,3,32
Odisha,Sundergarh,3016,86
Others,Others,104,2818
Puducherry,Karaikal,389,23
Puducherry,Pondicherry,0,25
Puducherry,Puducherry,109,2
Puducherry,Yanam,0,10
Punjab,Amritsar,1481,88
Punjab,Barnala,47,4
Punjab,Bathinda,201,20
Punjab,Faridkot,1189,9
Punjab,Fatehgarh Sahib,56,1
Punjab,Fazilka,316,11
Punjab,Ferozepur,1885,11
Punjab,Gurdaspur,308,63
Punjab,Hoshiarpur,906,6
Punjab,Jalandhar,502,42
Punjab,Kapurthala,67,1
Punjab,Ludhiana,2037,60
Punjab,Mansa,740,4
Punjab,Moga,669,11
Punjab,Muktsar,3,0
Punjab,Pathankot,43,11
Punjab,Patiala,845,23
Punjab,Rupnagar,80,12
Punjab,SAS Nagar (Mohali),1134,7
Punjab,Sangrur,1819,9
Punjab,Shaheed Bhagat Singh Nagar,36,4
Punjab,Sri Muktsar Sahib,757,30
Punjab,Tarn Taran,610,43
Rajasthan,Ajmer,380,8
Rajasthan,Alwar,2315,131
Rajasthan,Banswara,3394,105
Rajasthan,Baran,522,1
Rajasthan,Barmer,5438,130
Rajasthan,Bharatpur,5226,6
Rajasthan,Bhilwara,1513,38
Rajasthan,Bikaner,1845,74
Rajasthan,Bundi,433,13
Rajasthan,Chittorgarh,1045,60
Rajasthan,Churu,2186,22
Rajasthan,Dausa,681,17
Rajasthan,Dholpur,265,40
Rajasthan,Dungarpur,746,4
Rajasthan,Ganganagar,9578,24
Rajasthan,Hanumangarh,728,63
Rajasthan,Jaipur,7021,71
Rajasthan,Jaisalmer,977,16
Rajasthan,Jalor,4352,52
Rajasthan,Jhalawar,1455,11
Rajasthan,Jhunjhunu,11,1
Rajasthan,Jhunjhunun,1287,38
Rajasthan,Jodhpur,2911,138
Rajasthan,Karauli,621,7
Rajasthan,Kota,779,21
Rajasthan,Nagaur,1921,73
Rajasthan,Pali,1154,87
Rajasthan,Pratapgarh,219,8
Rajasthan,Rajsamand,1239,7
Rajasthan,Sawai Madhopur,616,140
Rajasthan,Sikar,1602,31
Rajasthan,Sirohi,1420,52
Rajasthan,Tonk,420,17
Rajasthan,Udaipur,2793,53
Sikkim,East Sikkim,10,1
Sikkim,North Sikkim,7,3
Sikkim,South Sikkim,4,1
Sikkim,West Sikkim,9,0
Tamil Nadu,Ariyalur,12,0
Tamil Nadu,Chennai,2817,6
Tamil Nadu,Coimbatore,4904,57
Tamil Nadu,Cuddalore,125,0
Tamil Nadu,Dharmapuri,102,9
Tamil Nadu,Dindigul,73,13
Tamil Nadu,Erode,1184,41
Tamil Nadu,Kancheepuram,2644,6
Tamil Nadu,Kanchipuram,1,0
Tamil Nadu,Kanniyakumari,369,1
Tamil Nadu,Kanyakumari,1,0
Tamil Nadu,Karur,8,6
Tamil Nadu,Krishnagiri,1302,8
Tamil Nadu,Madurai,28,0
Tamil Nadu,Nagapattinam,166,3
Tamil Nadu,Namakkal,28,6
Tamil Nadu,Perambalur,57,0
Tamil Nadu,Pudukkottai,5,1
Tamil Nadu,Ramanathapuram,502,15
Tamil Nadu,Salem,7863,6
Tamil Nadu,Sivaganga,5,1
Tamil Nadu,Thanjavur,202,150
Tamil Nadu,The Nilgiris,435,2
Tamil Nadu,Theni,903,26
Tamil Nadu,Thiruvarur,37,3
Tamil Nadu,Thoothukkudi,1926,26
Tamil Nadu,Tiruchirappalli,49,1
Tamil Nadu,Tirunelveli,4929,17
Tamil Nadu,Tiruppur,254,14
Tamil Nadu,Tiruvallur,1935,4
Tamil Nadu,Tiruvannamalai,2594,11
Tamil Nadu,Vellore,436,38
Tamil Nadu,Villupuram,1,2
Tamil Nadu,Viluppuram,2390,192
Tamil Nadu,Virudhunagar,14,3
Tripura,Dhalai,32,5
Tripura,Gomati,4,0
Tripura,North Tripura,31,5
Tripura,Sepahijala,1,0
Tripura,South Tripura,1,0
Tripura,Unakoti,0,1
Tripura,West Tripura,74,23
Uttar Pradesh,Agra,1118,0
Uttar Pradesh,Aligarh,794,5
Uttar Pradesh,Allahabad,243,7
Uttar Pradesh,Ambedkar Nagar,34,0
Uttar Pradesh,Amethi,935,1
Uttar Pradesh,Amroha,465,1
Uttar Pradesh,Auraiya,24,1
Uttar Pradesh,Azamgarh,395,2
Uttar Pradesh,Baghpat,21,1
Uttar Pradesh,Bahraich,22,1
Uttar Pradesh,Ballia,344,0
Uttar Pradesh,Balrampur,360,2
Uttar Pradesh,Banda,406,0
Uttar Pradesh,Bara Banki,45,1
Uttar Pradesh,Barabanki,1,0
Uttar Pradesh,Bareilly,102,0
Uttar Pradesh,Basti,116,0
Uttar Pradesh,Bijnor,292,5
Uttar Pradesh,Budaun,29,0
Uttar Pradesh,Bulandshahr,1894,1
Uttar Pradesh,Chandauli,343,0
Uttar Pradesh,Chitrakoot,294,2
Uttar Pradesh,Deoria,76,1
Uttar Pradesh,Etah,23,0
Uttar Pradesh,Etawah,1475,0
Uttar Pradesh,Faizabad,635,4
Uttar Pradesh,Farrukhabad,365,0
Uttar Pradesh,Fatehpur,282,1
Uttar Pradesh,Firozabad,14,0
Uttar Pradesh,Gautam Buddha Nagar,179,0
Uttar Pradesh,Ghaziabad,244,49
Uttar Pradesh,Ghazipur,510,13
Uttar Pradesh,Gonda,49,2
Uttar Pradesh,Gorakhpur,669,0
Uttar Pradesh,Hamirpur,50,0
Uttar Pradesh,Hardoi,28,0
Uttar Pradesh,Hathras,40,0
Uttar Pradesh,Jalaun,106,1
Uttar Pradesh,Jaunpur,88,0
Uttar Pradesh,Jhansi,1600,1
Uttar Pradesh,Kannauj,429,1
Uttar Pradesh,Kanpur Dehat,16,0
Uttar Pradesh,Kanpur Nagar,45,0
Uttar Pradesh,Kasganj,3,0
Uttar Pradesh,Kaushambi,19,0
Uttar Pradesh,Kheri,11,0
Uttar Pradesh,Kushinagar,301,1
Uttar Pradesh,Lalitpur,4,0
Uttar Pradesh,Lucknow,27,0
Uttar Pradesh,Maharajganj,54,2
Uttar Pradesh,Mahoba,533,0
Uttar Pradesh,Mainpuri,1242,1
Uttar Pradesh,Mathura,527,2
Uttar Pradesh,Mau,41,0
Uttar Pradesh,Meerut,460,0
Uttar Pradesh,Mirzapur,35,0
Uttar Pradesh,Moradabad,9,0
Uttar Pradesh,Muzaffarnagar,104,0
Uttar Pradesh,Pilibhit,472,3
Uttar Pradesh,Pratapgarh,72,1
Uttar Pradesh,Rae Bareli,2160,6
Uttar Pradesh,Rampur,6,0
Uttar Pradesh,Saharanpur,325,0
Uttar Pradesh,Sambhal,8,0
Uttar Pradesh,Sant Kabir Nagar,1671,3
Uttar Pradesh,Sant Ravidas Nagar,87,0
Uttar Pradesh,Shahjahanpur,11,1
Uttar Pradesh,Shamli,586,1
Uttar Pradesh,Shrawasti,162,3
Uttar Pradesh,Siddharthnagar,113,0
Uttar Pradesh,Sitapur,11,0
Uttar Pradesh,Sonbhadra,60,4
Uttar Pradesh,Sultanpur,43,0
Uttar Pradesh,Unnao,27,0
Uttar Pradesh,Varanasi,925,3
Uttarakhand,Almora,29,0
Uttarakhand,Bageshwar,7,1
Uttarakhand,Chamoli,5,0
Uttarakhand,Champawat,8,0
Uttarakhand,Dehradun,2564,0
Uttarakhand,Garhwal,1,0
Uttarakhand,Haridwar,821,0
Uttarakhand,Nainital,45,0
Uttarakhand,Pauri Garhwal,32,7
Uttarakhand,Pithoragarh,9,0
Uttarakhand,Rudraprayag,5,0
Uttarakhand,Tehri Garhwal,284,0
Uttarakhand,Udham Singh Nagar,96,5
Uttarakhand,Uttarkashi,6,0
West Bengal,Bankura,299,249
West Bengal,Barddhaman,195,16
West Bengal,Bardhaman,557,11
West Bengal,Birbhum,1419,0
West Bengal,Cooch Behar,235,0
West Bengal,Dakshin Dinajpur,34,8
West Bengal,Darjeeling,765,1
West Bengal,East Midnapore,869,0
West Bengal,Hooghly,359,8
West Bengal,Howrah,308,0
West Bengal,Jalpaiguri,1365,0
West Bengal,Kolkata,3391,4
West Bengal,Malda,223,6
West Bengal,Medinipur,16,0
West Bengal,Murshidabad,216,9
West Bengal,Nadia,276,7
West Bengal,North 24 Parganas,920,14
West Bengal,Paschim Medinipur,38,0
West Bengal,Purba Medinipur,36,0
West Bengal,Purulia,730,2
West Bengal,Puruliya,315,0
West Bengal,South 24 Parganas,18541,2
West Bengal,South Twenty Four Parganas,600,201
West Bengal,Uttar Dinajpur,310,4
West Bengal,West Midnapore,9,0
