State,District,Aadhaar generated,Enrolment Rejected
Andaman and Nicobar Islands,Andamans,1,0
Andhra Pradesh,Adilabad,3077,241
Andhra Pradesh,Anantapur,3,1
Andhra Pradesh,Ananthapur,775,159
Andhra Pradesh,Chittoor,531,25
Andhra Pradesh,Cuddapah,787,72
Andhra Pradesh,East Godavari,1043,158
Andhra Pradesh,Guntur,646,138
Andhra Pradesh,Hyderabad,2481,191
Andhra Pradesh,K.V.Rangareddy,9,1
Andhra Pradesh,K.v. Rangareddy,4097,1005
Andhra Pradesh,Karimnagar,24230,1269
Andhra Pradesh,Khammam,8153,674
Andhra Pradesh,Krishna,489,258
Andhra Pradesh,Kurnool,14884,5009
Andhra Pradesh,Mahabub Nagar,85,3
Andhra Pradesh,Mahabubnagar,10378,2198
Andhra Pradesh,Mahbubnagar,13,0
Andhra Pradesh,Medak,21429,915
Andhra Pradesh,Nalgonda,7543,2624
Andhra Pradesh,Nellore,2354,760
Andhra Pradesh,Nizamabad,18049,1503
Andhra Pradesh,Prakasam,3585,438
Andhra Pradesh,Srikakulam,264,144
Andhra Pradesh,Visakhapatnam,7189,4826
Andhra Pradesh,Vizianagaram,1206,229
Andhra Pradesh,Warangal,7227,2845
Andhra Pradesh,West Godavari,3565,811
Arunachal Pradesh,Changlang,1,0
Arunachal Pradesh,Lohit,1,0
Arunachal Pradesh,Papum Pare,71,1
Arunachal Pradesh,Tirap,2,0
Arunachal Pradesh,West Kameng,29,0
Arunachal Pradesh,West Siang,2,0
Assam,Baksa,8,1
Assam,Barpeta,10,0
Assam,Bongaigaon,3,0
Assam,Cachar,41,3
Assam,Chirang,4,0
Assam,Darrang,4,0
Assam,Dhemaji,3,0
Assam,Dhubri,7,0
Assam,Dibrugarh,5,0
Assam,Goalpara,1,0
Assam,Golaghat,2,0
Assam,Hailakandi,7,0
Assam,Jorhat,6,0
Assam,Kamrup,22,0
Assam,Kamrup Metro,5,0
Assam,Karbi Anglong,2,0
Assam,Karimganj,15,0
Assam,Kokrajhar,10,0
Assam,Lakhimpur,7,0
Assam,Marigaon,7,0
Assam,Nagaon,17,2
Assam,Nalbari,2,0
Assam,North Cachar Hills,1,0
Assam,Sibsagar,5,0
Assam,Sonitpur,11,0
Assam,Tinsukia,2,1
Assam,Udalguri,6,0
Bihar,Araria,44,5
Bihar,Arwal,392,46
Bihar,Aurangabad,142,3
Bihar,Aurangabad(BH),3,0
Bihar,Banka,111,11
Bihar,Begusarai,115,6
Bihar,Bhabua,1,0
Bihar,Bhagalpur,145,6
Bihar,Bhojpur,171,19
Bihar,Buxar,93,2
Bihar,Darbhanga,3374,234
Bihar,East Champaran,160,12
Bihar,Gaya,231,9
Bihar,Gopalganj,1823,44
Bihar,Jamui,246,10
Bihar,Jehanabad,46,4
Bihar,Kaimur (Bhabua),66,3
Bihar,Katihar,5627,71
Bihar,Khagaria,58,4
Bihar,Kishanganj,774,23
Bihar,Lakhisarai,57,2
Bihar,Madhepura,42,1
Bihar,Madhubani,256,23
Bihar,Munger,52,9
Bihar,Muzaffarpur,207,11
Bihar,Nalanda,3450,122
Bihar,Nawada,161,9
Bihar,Patna,1830,205
Bihar,Purnia,65,3
Bihar,Rohtas,1654,19
Bihar,Saharsa,3002,97
Bihar,Samastipur,174,7
Bihar,Saran,234,24
Bihar,Sheikhpura,1854,109
Bihar,Sheohar,3044,50
Bihar,Sitamarhi,131,10
Bihar,Siwan,167,17
Bihar,Supaul,51,6
Bihar,Vaishali,537,48
Bihar,West Champaran,124,5
Chandigarh,Chandigarh,762,67
Chandigarh,Mohali,1,0
Chhattisgarh,Balod,912,0
Chhattisgarh,Baloda Bazar,5,0
Chhattisgarh,Balrampur,2,0
Chhattisgarh,Bastar,372,1
Chhattisgarh,Bemetara,195,3
Chhattisgarh,Bilaspur,62,2
Chhattisgarh,Dhamtari,3934,30
Chhattisgarh,Durg,2260,11
Chhattisgarh,Gariyaband ,2,0
Chhattisgarh,Janjgir-champa,1882,145
Chhattisgarh,Jashpur,7,0
Chhattisgarh,Kanker,4,0
Chhattisgarh,Kawardha,8,0
Chhattisgarh,Korba,903,36
Chhattisgarh,Koriya,2001,45
Chhattisgarh,Mahasamund,3,0
Chhattisgarh,Mungeli,319,4
Chhattisgarh,Mungeli ,327,2
Chhattisgarh,Raigarh,12,0
Chhattisgarh,Raipur,54,0
Chhattisgarh,Rajnandgaon,1611,1
Chhattisgarh,Surguja,7,0
Dadra and Nagar Haveli,Dadra and Nagar Haveli,171,5
Daman and Diu,Daman,70,33
Daman and Diu,Diu,12,0
Delhi,Central Delhi,935,169
Delhi,East Delhi,1868,502
Delhi,Najafgarh,17,23
Delhi,New Delhi,198,33
Delhi,North Delhi,861,207
Delhi,North East,124,263
Delhi,North East Delhi,2573,1272
Delhi,North West Delhi,4579,1927
Delhi,South Delhi,4382,1176
Delhi,South West Delhi,1534,364
Delhi,West Delhi,2132,538
Goa,North Goa,163,27
Goa,South Goa,112,3
Gujarat,Ahmadabad,23,1
Gujarat,Ahmedabad,14011,379
Gujarat,Amreli,1612,53
Gujarat,Anand,4570,11
Gujarat,Banaskantha,6931,63
Gujarat,Bharuch,4438,102
Gujarat,Bhavnagar,3348,36
Gujarat,Dahod,3394,200
Gujarat,Dohad,788,27
Gujarat,Gandhinagar,1207,20
Gujarat,Jamnagar,3301,75
Gujarat,Junagadh,7012,248
Gujarat,Kachchh,2559,107
Gujarat,Kheda,4931,55
Gujarat,Mahesana,2784,28
Gujarat,Narmada,2514,60
Gujarat,Navsari,2495,54
Gujarat,Panchmahals,1583,56
Gujarat,Patan,1098,45
Gujarat,Porbandar,2585,29
Gujarat,Rajkot,13249,301
Gujarat,Sabarkantha,1552,33
Gujarat,Surat,7062,292
Gujarat,Surendra Nagar,3113,68
Gujarat,Tapi,1578,28
Gujarat,The Dangs,106,4
Gujarat,Vadodara,9702,75
Gujarat,Valsad,5854,84
Haryana,Ambala,1718,120
Haryana,Bhiwani,7380,131
Haryana,Faridabad,8342,402
Haryana,Fatehabad,4391,90
Haryana,Gurgaon,4374,287
Haryana,Hisar,5904,263
Haryana,Jhajjar,4227,122
Haryana,Jind,4426,217
Haryana,Kaithal,4548,214
Haryana,Karnal,4473,116
Haryana,Kurukshetra,4863,91
Haryana,Mahendragarh,4608,365
Haryana,Mewat,2948,83
Haryana,Palwal,2137,84
Haryana,Panchkula,1268,69
Haryana,Panipat,4536,382
Haryana,Rewari,4489,252
Haryana,Rohtak,2850,168
Haryana,Sirsa,8625,336
Haryana,Sonipat,1174,61
Haryana,Yamuna Nagar,5995,129
Himachal Pradesh,Bilaspur,27,1
Himachal Pradesh,Chamba,502,34
Himachal Pradesh,Hamirpur,97,11
Himachal Pradesh,Kangra,829,35
Himachal Pradesh,Kinnaur,58,2
Himachal Pradesh,Kullu,146,15
Himachal Pradesh,Lahul and Spiti,50,0
Himachal Pradesh,Mandi,273,17
Himachal Pradesh,Shimla,326,44
Himachal Pradesh,Sirmaur,345,34
Himachal Pradesh,Solan,237,23
Himachal Pradesh,Una,98,0
Jammu and Kashmir,Anantnag,2496,9
Jammu and Kashmir,Badgam,1007,0
Jammu and Kashmir,Bandipore,38,0
Jammu and Kashmir,Baramula,19,1
Jammu and Kashmir,Doda,2484,30
Jammu and Kashmir,Jammu,1871,150
Jammu and Kashmir,Kargil,66,4
Jammu and Kashmir,Kathua,1130,51
Jammu and Kashmir,Kupwara,130,1
Jammu and Kashmir,Leh,82,6
Jammu and Kashmir,Pulwama,1688,9
Jammu and Kashmir,Punch,4,0
Jammu and Kashmir,Rajouri,18,2
Jammu and Kashmir,Reasi,199,25
Jammu and Kashmir,Srinagar,851,5
Jammu and Kashmir,Udhampur,596,13
Jharkhand,Bokaro,1700,88
Jharkhand,Chatra,3058,443
Jharkhand,Deoghar,3431,265
Jharkhand,Dhanbad,3641,510
Jharkhand,Dumka,1804,668
Jharkhand,East Singhbhum,3680,264
Jharkhand,Garhwa,3181,295
Jharkhand,Giridih,2994,829
Jharkhand,Godda,2582,180
Jharkhand,Gumla,1899,310
Jharkhand,Hazaribag,1,0
Jharkhand,Hazaribagh,928,98
Jharkhand,Jamtara,2319,418
Jharkhand,Khunti,231,14
Jharkhand,Koderma,2064,270
Jharkhand,Latehar,2790,251
Jharkhand,Lohardaga,466,23
Jharkhand,Pakur,2805,142
Jharkhand,Palamau,0,1
Jharkhand,Palamu,2438,492
Jharkhand,Ramgarh,253,26
Jharkhand,Ranchi,1224,183
Jharkhand,Sahebganj,4894,207
Jharkhand,Seraikela-Kharsawan,456,51
Jharkhand,Simdega,2454,93
Jharkhand,West Singhbhum,3915,804
Karnataka,Bagalkot,6285,565
Karnataka,Bangalore,27230,3373
Karnataka,Bangalore Rural,2385,1496
Karnataka,Belgaum,17163,5596
Karnataka,Bellary,12855,385
Karnataka,Bidar,6725,268
Karnataka,Bijapur,4606,869
Karnataka,Bijapur(KAR),40,68
Karnataka,Chamarajanagar,1,0
Karnataka,Chamrajanagar,7281,256
Karnataka,Chickmagalur,6677,65
Karnataka,Chikkaballapur,1016,467
Karnataka,Chitradurga,10589,855
Karnataka,Dakshina Kannada,10782,1876
Karnataka,Davangere,1824,341
Karnataka,Dharwad,645,232
Karnataka,Gadag,748,272
Karnataka,Gulbarga,7654,214
Karnataka,Hassan,7343,204
Karnataka,Haveri,613,216
Karnataka,Kodagu,1970,106
Karnataka,Kolar,8303,751
Karnataka,Koppal,6514,321
Karnataka,Mandya,5444,218
Karnataka,Mysore,764,163
Karnataka,Raichur,3954,148
Karnataka,Ramanagar,5701,305
Karnataka,Shimoga,9403,460
Karnataka,Tumkur,1272,287
Karnataka,Udupi,1136,73
Karnataka,Uttara Kannada,1909,236
Karnataka,Yadgir,7163,207
Kerala,Alappuzha,972,798
Kerala,Ernakulam,1849,452
Kerala,Idukki,500,206
Kerala,Kannur,2364,414
Kerala,Kasaragod,1394,638
Kerala,Kasargod,25,17
Kerala,Kollam,1834,824
Kerala,Kottayam,1694,240
Kerala,Kozhikode,1943,591
Kerala,Malappuram,5639,1026
Kerala,Palakkad,3337,888
Kerala,Pathanamthitta,445,92
Kerala,Thiruvananthapuram,2187,786
Kerala,Thrissur,1654,472
Kerala,Wayanad,236,57
Lakshadweep,Lakshadweep,12,2
Madhya Pradesh,Alirajpur,3251,244
Madhya Pradesh,Anuppur,2918,126
Madhya Pradesh,Ashok Nagar,520,42
Madhya Pradesh,Balaghat,8137,320
Madhya Pradesh,Barwani,4492,124
Madhya Pradesh,Betul,5667,85
Madhya Pradesh,Bhind,2263,157
Madhya Pradesh,Bhopal,2407,135
Madhya Pradesh,Burhanpur,716,34
Madhya Pradesh,Chhatarpur,4659,222
Madhya Pradesh,Chhindwara,6679,376
Madhya Pradesh,Damoh,2703,110
Madhya Pradesh,Datia,795,102
Madhya Pradesh,Dewas,1816,126
Madhya Pradesh,Dhar,6172,227
Madhya Pradesh,Dindori,2237,118
Madhya Pradesh,Guna,1689,174
Madhya Pradesh,Gwalior,2536,341
Madhya Pradesh,Harda,233,63
Madhya Pradesh,Hoshangabad,414,21
Madhya Pradesh,Indore,5917,322
Madhya Pradesh,Jabalpur,2107,160
Madhya Pradesh,Jhabua,3923,346
Madhya Pradesh,Katni,4496,114
Madhya Pradesh,Khandwa,416,49
Madhya Pradesh,Khargone,5852,311
Madhya Pradesh,Mandla,2803,266
Madhya Pradesh,Mandsaur,684,131
Madhya Pradesh,Morena,2284,113
Madhya Pradesh,Narsinghpur,2625,218
Madhya Pradesh,Neemuch,98,4
Madhya Pradesh,Panna,2786,97
Madhya Pradesh,Raisen,3547,129
Madhya Pradesh,Rajgarh,442,20
Madhya Pradesh,Ratlam,1379,119
Madhya Pradesh,Rewa,4566,317
Madhya Pradesh,Sagar,4770,272
Madhya Pradesh,Satna,4390,279
Madhya Pradesh,Sehore,2184,267
Madhya Pradesh,Seoni,2282,99
Madhya Pradesh,Shahdol,4021,211
Madhya Pradesh,Shajapur,1083,502
Madhya Pradesh,Sheopur,377,3
Madhya Pradesh,Shivpuri,1815,64
Madhya Pradesh,Sidhi,2895,187
Madhya Pradesh,Singrauli,2923,180
Madhya Pradesh,Tikamgarh,3527,145
Madhya Pradesh,Ujjain,2924,348
Madhya Pradesh,Umaria,2406,57
Madhya Pradesh,Vidisha,2835,263
Maharashtra,Ahmadnagar,13106,1394
Maharashtra,Ahmed Nagar,7,5
Maharashtra,Akola,2844,260
Maharashtra,Amravati,1626,164
Maharashtra,Aurangabad,6052,717
Maharashtra,Beed,7558,397
Maharashtra,Bhandara,3762,270
Maharashtra,Buldhana,8435,347
Maharashtra,Chandrapur,3533,312
Maharashtra,Dhule,1379,185
Maharashtra,Gadchiroli,2117,100
Maharashtra,Gondia,8,2
Maharashtra,Gondiya,2276,132
Maharashtra,Hingoli,1938,86
Maharashtra,Jalgaon,6057,366
Maharashtra,Jalna,2663,587
Maharashtra,Kolhapur,11590,319
Maharashtra,Latur,2484,448
Maharashtra,Mumbai,5092,218
Maharashtra,Mumbai City,0,1
Maharashtra,Nagpur,9453,1209
Maharashtra,Nanded,6600,431
Maharashtra,Nandurbar,1133,81
Maharashtra,Nashik,13552,544
Maharashtra,Osmanabad,3400,156
Maharashtra,Parbhani,2544,352
Maharashtra,Pune,8195,407
Maharashtra,Raigarh,10953,124
Maharashtra,Raigarh(MH),23,0
Maharashtra,Ratnagiri,2570,207
Maharashtra,Sangli,4959,789
Maharashtra,Satara,6770,523
Maharashtra,Sindhudurg,4890,45
Maharashtra,Solapur,6676,313
Maharashtra,Thane,13550,1366
Maharashtra,Wardha,247,19
Maharashtra,Washim,3714,142
Maharashtra,Yavatmal,7088,450
Manipur,Bishnupur,2,0
Manipur,Chandel,79,1
Manipur,Churachandpur,7,0
Manipur,Imphal East,1190,6
Manipur,Imphal West,148,2
Manipur,Senapati,3,0
Manipur,Tamenglong,3,0
Manipur,Thoubal,6,1
Manipur,Ukhrul,3,0
Meghalaya,East Khasi Hills,124,1
Meghalaya,West Garo Hills,1,0
Mizoram,Aizawl,4,0
Mizoram,Kolasib,1,0
Mizoram,Mammit,1,0
Nagaland,Dimapur,21,1
Nagaland,Kohima,2,0
Nagaland,Mokokchung,10,0
Nagaland,Mon,5,0
Nagaland,Phek,1,0
Nagaland,Tuensang,1,0
Nagaland,Wokha,2,0
Nagaland,Zunheboto,6,0
Odisha,Angul,16,0
Odisha,Anugul,15609,164
Odisha,Balangir,36,1
Odisha,Baleswar,901,121
Odisha,Bargarh,2403,389
Odisha,Baudh,8747,17
Odisha,Bhadrak,1304,394
Odisha,Boudh,2,0
Odisha,Cuttack,1285,35
Odisha,Debagarh,4047,103
Odisha,Dhenkanal,13411,1043
Odisha,Gajapati,1495,13
Odisha,Ganjam,3370,161
Odisha,Jagatsinghapur,8565,1146
Odisha,Jajapur,7795,1393
Odisha,Jharsuguda,3,2
Odisha,Kalahandi,4,1
Odisha,Kandhamal,9228,1841
Odisha,Kendrapara,18378,1153
Odisha,Kendujhar,1782,310
Odisha,Khorda,52,10
Odisha,Khordha,115,18
Odisha,Koraput,319,19
Odisha,Mayurbhanj,35389,10263
Odisha,Nabarangapur,2254,10
Odisha,Nayagarh,22652,909
Odisha,Nuapada,109,0
Odisha,Puri,294,34
Odisha,Rayagada,3,0
Odisha,Sambalpur,1351,1075
Odisha,Sonapur,66,80
Odisha,Sundergarh,5163,401
Others,Others,296,4617
Puducherry,Karaikal,386,6
Puducherry,Pondicherry,2,22
Puducherry,Puducherry,353,46
Puducherry,Yanam,2,0
Punjab,Amritsar,11972,865
Punjab,Barnala,278,31
Punjab,Bathinda,2390,164
Punjab,Faridkot,775,78
Punjab,Fatehgarh Sahib,180,6
Punjab,Fazilka,4289,295
Punjab,Ferozepur,6427,131
Punjab,Gurdaspur,2063,127
Punjab,Hoshiarpur,2522,111
Punjab,Jalandhar,2929,117
Punjab,Kapurthala,2641,42
Punjab,Ludhiana,4979,446
Punjab,Mansa,1827,89
Punjab,Moga,2288,75
Punjab,Muktsar,8,2
Punjab,Pathankot,422,160
Punjab,Patiala,4450,381
Punjab,Rupnagar,1687,80
Punjab,SAS Nagar (Mohali),2046,161
Punjab,Sangrur,3174,387
Punjab,Shaheed Bhagat Singh Nagar,270,81
Punjab,Sri Muktsar Sahib,5541,315
Punjab,Tarn Taran,5787,297
Rajasthan,Ajmer,806,117
Rajasthan,Alwar,4016,374
Rajasthan,Banswara,3600,126
Rajasthan,Baran,1260,170
Rajasthan,Barmer,3284,266
Rajasthan,Bharatpur,3715,251
Rajasthan,Bhilwara,4697,409
Rajasthan,Bikaner,1960,137
Rajasthan,Bundi,1863,126
Rajasthan,Chittorgarh,5718,307
Rajasthan,Churu,1784,102
Rajasthan,Dausa,475,87
Rajasthan,Dholpur,883,62
Rajasthan,Dungarpur,2555,93
Rajasthan,Ganganagar,6325,530
Rajasthan,Hanumangarh,3512,183
Rajasthan,Jaipur,7661,818
Rajasthan,Jaisalmer,952,31
Rajasthan,Jalor,3407,417
Rajasthan,Jhalawar,1487,303
Rajasthan,Jhunjhunu,20,12
Rajasthan,Jhunjhunun,2990,183
Rajasthan,Jodhpur,6246,215
Rajasthan,Karauli,1579,67
Rajasthan,Kota,1326,224
Rajasthan,Nagaur,5391,403
Rajasthan,Pali,2694,141
Rajasthan,Pratapgarh,1423,37
Rajasthan,Rajsamand,1866,174
Rajasthan,Sawai Madhopur,1355,140
Rajasthan,Sikar,3728,324
Rajasthan,Sirohi,1283,110
Rajasthan,Tonk,2709,144
Rajasthan,Udaipur,2512,76
Sikkim,East Sikkim,85,2
Sikkim,North Sikkim,10,0
Sikkim,South Sikkim,20,2
Sikkim,West Sikkim,69,1
Tamil Nadu,Ariyalur,231,43
Tamil Nadu,Chennai,13443,405
Tamil Nadu,Coimbatore,22524,1603
Tamil Nadu,Cuddalore,1589,98
Tamil Nadu,Dharmapuri,2041,198
Tamil Nadu,Dindigul,8785,3691
Tamil Nadu,Erode,7361,256
Tamil Nadu,Kancheepuram,15417,497
Tamil Nadu,Kanchipuram,6,2
Tamil Nadu,Kanniyakumari,6517,366
Tamil Nadu,Kanyakumari,105,0
Tamil Nadu,Karur,1598,231
Tamil Nadu,Krishnagiri,6261,312
Tamil Nadu,Madurai,1284,157
Tamil Nadu,Nagapattinam,2224,42
Tamil Nadu,Namakkal,2886,493
Tamil Nadu,Nilgiris,1,0
Tamil Nadu,Perambalur,454,18
Tamil Nadu,Pudukkottai,1293,59
Tamil Nadu,Ramanathapuram,3763,8
Tamil Nadu,Salem,11723,2809
Tamil Nadu,Sivaganga,2078,188
Tamil Nadu,Thanjavur,2345,114
Tamil Nadu,The Nilgiris,2418,105
Tamil Nadu,Theni,4236,652
Tamil Nadu,Thiruvarur,3124,37
Tamil Nadu,Thoothukkudi,9498,387
Tamil Nadu,Tiruchirappalli,3203,91
Tamil Nadu,Tirunelveli,15742,95
Tamil Nadu,Tiruppur,18732,130
Tamil Nadu,Tiruvallur,27132,264
Tamil Nadu,Tiruvannamalai,8108,272
Tamil Nadu,Vellore,8717,1939
Tamil Nadu,Villupuram,1,0
Tamil Nadu,Viluppuram,9081,898
Tamil Nadu,Virudhunagar,2560,869
Tripura,Dhalai,219,8
Tripura,Gomati,133,32
Tripura,Khowai,35,1
Tripura,North Tripura,442,16
Tripura,Sepahijala,181,9
Tripura,South Tripura,22,1
Tripura,Unakoti,291,21
Tripura,West Tripura,816,40
Uttar Pradesh,Agra,423,40
Uttar Pradesh,Aligarh,1187,276
Uttar Pradesh,Allahabad,6717,49
Uttar Pradesh,Ambedkar Nagar,101,9
Uttar Pradesh,Amethi,8704,259
Uttar Pradesh,Amroha,1416,91
Uttar Pradesh,Auraiya,67,5
Uttar Pradesh,Azamgarh,1307,196
Uttar Pradesh,Baghpat,81,2
Uttar Pradesh,Bahraich,54,4
Uttar Pradesh,Ballia,2187,24
Uttar Pradesh,Balrampur,1006,25
Uttar Pradesh,Banda,427,11
Uttar Pradesh,Bara Banki,398,46
Uttar Pradesh,Bareilly,2561,296
Uttar Pradesh,Basti,597,29
Uttar Pradesh,Bijnor,2682,126
Uttar Pradesh,Budaun,58,3
Uttar Pradesh,Bulandshahar,3,0
Uttar Pradesh,Bulandshahr,800,17
Uttar Pradesh,Chandauli,5915,40
Uttar Pradesh,Chitrakoot,2172,42
Uttar Pradesh,Deoria,994,20
Uttar Pradesh,Etah,86,8
Uttar Pradesh,Etawah,3183,679
Uttar Pradesh,Faizabad,2012,71
Uttar Pradesh,Farrukhabad,685,192
Uttar Pradesh,Fatehpur,3642,37
Uttar Pradesh,Firozabad,62,4
Uttar Pradesh,Gautam Buddha Nagar,2069,107
Uttar Pradesh,Ghaziabad,2558,175
Uttar Pradesh,Ghazipur,2940,43
Uttar Pradesh,Gonda,5701,13
Uttar Pradesh,Gorakhpur,2632,41
Uttar Pradesh,Hamirpur,225,4
Uttar Pradesh,Hardoi,101,4
Uttar Pradesh,Hathras,59,1
Uttar Pradesh,Jalaun,70,1
Uttar Pradesh,Jaunpur,387,16
Uttar Pradesh,Jhansi,3387,431
Uttar Pradesh,Kannauj,380,31
Uttar Pradesh,Kanpur Dehat,55,3
Uttar Pradesh,Kanpur Nagar,2103,27
Uttar Pradesh,Kasganj,33,2
Uttar Pradesh,Kaushambi,606,3
Uttar Pradesh,Kheri,27,3
Uttar Pradesh,Kushinagar,988,15
Uttar Pradesh,Lalitpur,24,2
Uttar Pradesh,Lucknow,1916,103
Uttar Pradesh,Maharajganj,4803,16
Uttar Pradesh,Mahoba,891,175
Uttar Pradesh,Mahrajganj,1,0
Uttar Pradesh,Mainpuri,166,37
Uttar Pradesh,Mathura,223,58
Uttar Pradesh,Mau,95,3
Uttar Pradesh,Meerut,3208,8
Uttar Pradesh,Mirzapur,95,2
Uttar Pradesh,Moradabad,30,2
Uttar Pradesh,Muzaffarnagar,241,15
Uttar Pradesh,Pilibhit,3847,127
Uttar Pradesh,Pratapgarh,2005,119
Uttar Pradesh,Rae Bareli,8952,409
Uttar Pradesh,Raebareli,2,3
Uttar Pradesh,Rampur,32,1
Uttar Pradesh,Saharanpur,1348,91
Uttar Pradesh,Sambhal,15,0
Uttar Pradesh,Sant Kabir Nagar,3684,43
Uttar Pradesh,Sant Ravidas Nagar,3681,78
Uttar Pradesh,Sant Ravidas Nagar Bhadohi,2,0
Uttar Pradesh,Shahjahanpur,178,8
Uttar Pradesh,Shamli,174,3
Uttar Pradesh,Shrawasti,2506,196
Uttar Pradesh,Siddharthnagar,306,21
Uttar Pradesh,Sitapur,35,1
Uttar Pradesh,Sonbhadra,608,13
Uttar Pradesh,Sultanpur,159,8
Uttar Pradesh,Unnao,85,2
Uttar Pradesh,Varanasi,5878,78
Uttarakhand,Almora,57,5
Uttarakhand,Bageshwar,420,24
Uttarakhand,Chamoli,34,1
Uttarakhand,Champawat,332,17
Uttarakhand,Dehradun,2357,106
Uttarakhand,Garhwal,1,0
Uttarakhand,Haridwar,1100,71
Uttarakhand,Nainital,848,1
Uttarakhand,Pauri Garhwal,332,3
Uttarakhand,Pithoragarh,23,4
Uttarakhand,Rudraprayag,18,1
Uttarakhand,Tehri Garhwal,258,6
Uttarakhand,Udham Singh Nagar,897,42
Uttarakhand,Uttarkashi,13,1
West Bengal,Bankura,467,3
West Bengal,Barddhaman,8220,45
West Bengal,Bardhaman,758,13
West Bengal,Birbhum,8095,235
West Bengal,Cooch Behar,1853,23
West Bengal,Dakshin Dinajpur,334,6
West Bengal,Darjeeling,2041,14
West Bengal,East Midnapore,3631,99
West Bengal,Hooghly,62679,174
West Bengal,Howrah,6103,322
West Bengal,Jalpaiguri,4589,25
West Bengal,Kolkata,8092,129
West Bengal,Malda,18973,174
West Bengal,Medinipur,180,3
West Bengal,Murshidabad,19680,45
West Bengal,Nadia,6804,157
West Bengal,North 24 Parganas,13392,67
West Bengal,North Dinajpur,305,0
West Bengal,Paschim Medinipur,10408,14
West Bengal,Purba Medinipur,10321,14
West Bengal,Purulia,1090,17
West Bengal,Puruliya,1504,113
West Bengal,South 24 Parganas,15677,172
West Bengal,South Dinajpur,1,0
West Bengal,South Twenty Four Parganas,272,30
West Bengal,Uttar Dinajpur,8040,215
West Bengal,West Midnapore,160,3
