State,District,Aadhaar generated,Enrolment Rejected
Andaman and Nicobar Islands,Andamans,1,0
Andaman and Nicobar Islands,South Andaman,2,0
Andhra Pradesh,Adilabad,5323,415
Andhra Pradesh,Anantapur,2,0
Andhra Pradesh,Ananthapur,2237,213
Andhra Pradesh,Chittoor,1248,73
Andhra Pradesh,Cuddapah,1240,91
Andhra Pradesh,East Godavari,460,73
Andhra Pradesh,Guntur,1083,153
Andhra Pradesh,Hyderabad,2379,191
Andhra Pradesh,K.V.Rangareddy,7,2
Andhra Pradesh,K.v. Rangareddy,4264,380
Andhra Pradesh,Karim Nagar,0,10
Andhra Pradesh,Karimnagar,6798,318
Andhra Pradesh,Khammam,4135,368
Andhra Pradesh,Krishna,699,139
Andhra Pradesh,Kurnool,17345,4850
Andhra Pradesh,Mahabub Nagar,115,15
Andhra Pradesh,Mahabubnagar,9696,1484
Andhra Pradesh,Mahbubnagar,14,0
Andhra Pradesh,Medak,6796,317
Andhra Pradesh,Nalgonda,4731,899
Andhra Pradesh,Nellore,6279,350
Andhra Pradesh,Nizamabad,5633,238
Andhra Pradesh,Prakasam,2881,396
Andhra Pradesh,Srikakulam,270,215
Andhra Pradesh,Visakhapatnam,6444,999
Andhra Pradesh,Vizianagaram,1247,545
Andhra Pradesh,Warangal,5536,883
Andhra Pradesh,West Godavari,3006,215
Arunachal Pradesh,East Siang,1,0
Arunachal Pradesh,Lower Subansiri,2,0
Arunachal Pradesh,Papum Pare,190,0
Arunachal Pradesh,West Kameng,27,0
Assam,Baksa,6,0
Assam,Barpeta,7,0
Assam,Bongaigaon,6,0
Assam,Cachar,19,0
Assam,Chirang,5,0
Assam,Darrang,8,0
Assam,Dhemaji,4,0
Assam,Dhubri,8,0
Assam,Dibrugarh,4,0
Assam,Goalpara,1,0
Assam,Golaghat,7,0
Assam,Hailakandi,12,0
Assam,Jorhat,8,0
Assam,Kamrup,20,0
Assam,Kamrup Metro,3,0
Assam,Karbi Anglong,5,0
Assam,Karimganj,10,0
Assam,Kokrajhar,1,0
Assam,Lakhimpur,2,0
Assam,Marigaon,5,0
Assam,Nagaon,16,0
Assam,Nalbari,1,0
Assam,North Cachar Hills,2,1
Assam,Sibsagar,6,0
Assam,Sonitpur,14,0
Assam,Tinsukia,11,0
Assam,Udalguri,7,0
Bihar,Araria,55,0
Bihar,Arwal,611,30
Bihar,Aurangabad,116,1
Bihar,Aurangabad(BH),1,0
Bihar,Banka,163,3
Bihar,Begusarai,103,1
Bihar,Bhagalpur,193,2
Bihar,Bhojpur,151,0
Bihar,Buxar,86,2
Bihar,Darbhanga,2450,98
Bihar,East Champaran,223,5
Bihar,Gaya,521,4
Bihar,Gopalganj,1333,27
Bihar,Jamui,324,4
Bihar,Jehanabad,37,0
Bihar,Kaimur (Bhabua),54,1
Bihar,Katihar,4144,21
Bihar,Khagaria,59,1
Bihar,Kishanganj,1305,28
Bihar,Lakhisarai,62,0
Bihar,Madhepura,52,0
Bihar,Madhubani,351,6
Bihar,Munger,92,1
Bihar,Muzaffarpur,188,5
Bihar,Nalanda,1865,14
Bihar,Nawada,110,3
Bihar,Patna,1796,55
Bihar,Purnia,75,1
Bihar,Rohtas,1045,2
Bihar,Saharsa,1747,3
Bihar,Samastipur,216,3
Bihar,Saran,220,3
Bihar,Sheikhpura,754,5
Bihar,Sheohar,1088,4
Bihar,Sitamarhi,208,3
Bihar,Siwan,179,4
Bihar,Supaul,79,4
Bihar,Vaishali,928,64
Bihar,West Champaran,125,0
Chandigarh,Chandigarh,603,37
Chhattisgarh,Balod,625,0
Chhattisgarh,Baloda Bazar,7,0
Chhattisgarh,Balrampur,2,0
Chhattisgarh,Bastar,89,0
Chhattisgarh,Bemetara,112,0
Chhattisgarh,Bilaspur,48,1
Chhattisgarh,Dhamtari,1102,1
Chhattisgarh,Durg,1252,3
Chhattisgarh,Janjgir-champa,902,3
Chhattisgarh,Jashpur,12,0
Chhattisgarh,Kawardha,31,1
Chhattisgarh,Korba,1421,2
Chhattisgarh,Koriya,1172,30
Chhattisgarh,Mahasamund,4,0
Chhattisgarh,Mungeli,250,0
Chhattisgarh,Mungeli ,397,0
Chhattisgarh,Raigarh,35,1
Chhattisgarh,Raipur,518,6
Chhattisgarh,Rajnandgaon,564,1
Chhattisgarh,Surajpur,1,0
Chhattisgarh,Surajpur ,2,0
Chhattisgarh,Surguja,5,0
Dadra and Nagar Haveli,Dadra and Nagar Haveli,430,3
Daman and Diu,Daman,66,3
Daman and Diu,Diu,6,0
Delhi,Central Delhi,976,103
Delhi,East Delhi,1402,150
Delhi,Najafgarh,4,0
Delhi,New Delhi,298,21
Delhi,North Delhi,642,45
Delhi,North East,69,4
Delhi,North East Delhi,1471,123
Delhi,North West Delhi,3174,221
Delhi,South Delhi,2858,222
Delhi,South West Delhi,1957,149
Delhi,West Delhi,2568,219
Goa,North Goa,123,9
Goa,South Goa,98,2
Gujarat,Ahmadabad,16,0
Gujarat,Ahmedabad,9651,208
Gujarat,Amreli,1865,53
Gujarat,Anand,4133,42
Gujarat,Banaskantha,5114,52
Gujarat,Bharuch,4501,187
Gujarat,Bhavnagar,5560,126
Gujarat,Dahod,3718,191
Gujarat,Dohad,754,66
Gujarat,Gandhinagar,1633,43
Gujarat,Jamnagar,2838,40
Gujarat,Junagadh,9712,299
Gujarat,Kachchh,3132,178
Gujarat,Kheda,2749,24
Gujarat,Mahesana,5335,184
Gujarat,Narmada,699,1
Gujarat,Navsari,1884,144
Gujarat,Panchmahals,2466,69
Gujarat,Patan,1199,53
Gujarat,Porbandar,816,25
Gujarat,Rajkot,10434,279
Gujarat,Sabarkantha,1746,211
Gujarat,Surat,8273,204
Gujarat,Surendra Nagar,2546,23
Gujarat,Tapi,1697,34
Gujarat,The Dangs,379,10
Gujarat,Vadodara,8887,146
Gujarat,Valsad,6824,113
Haryana,Ambala,620,29
Haryana,Bhiwani,5121,65
Haryana,Faridabad,4453,151
Haryana,Fatehabad,2891,24
Haryana,Gurgaon,3123,78
Haryana,Hisar,3274,43
Haryana,Jhajjar,2082,66
Haryana,Jind,2837,21
Haryana,Kaithal,2983,38
Haryana,Karnal,2637,33
Haryana,Kurukshetra,3155,21
Haryana,Mahendragarh,2620,38
Haryana,Mewat,4486,143
Haryana,Palwal,1988,25
Haryana,Panchkula,597,4
Haryana,Panipat,3214,98
Haryana,Rewari,2230,32
Haryana,Rohtak,2339,51
Haryana,Sirsa,3900,41
Haryana,Sonipat,688,34
Haryana,Yamuna Nagar,3899,40
Himachal Pradesh,Bilaspur,25,1
Himachal Pradesh,Chamba,336,3
Himachal Pradesh,Hamirpur,57,1
Himachal Pradesh,Kangra,1457,29
Himachal Pradesh,Kinnaur,48,0
Himachal Pradesh,Kullu,115,19
Himachal Pradesh,Lahul and Spiti,10,0
Himachal Pradesh,Mandi,181,6
Himachal Pradesh,Shimla,371,9
Himachal Pradesh,Sirmaur,506,23
Himachal Pradesh,Solan,151,8
Himachal Pradesh,Una,48,4
Jammu and Kashmir,Anantnag,3392,22
Jammu and Kashmir,Badgam,269,0
Jammu and Kashmir,Bandipore,62,0
Jammu and Kashmir,Baramula,79,0
Jammu and Kashmir,Baramulla,1,0
Jammu and Kashmir,Doda,1774,6
Jammu and Kashmir,Jammu,527,519
Jammu and Kashmir,Kargil,256,4
Jammu and Kashmir,Kathua,1252,9
Jammu and Kashmir,Kupwara,120,1
Jammu and Kashmir,Leh,162,0
Jammu and Kashmir,Pulwama,1470,0
Jammu and Kashmir,Punch,9,0
Jammu and Kashmir,Rajouri,18,1
Jammu and Kashmir,Reasi,182,22
Jammu and Kashmir,Srinagar,806,0
Jammu and Kashmir,Udhampur,389,1
Jharkhand,Bokaro,1666,165
Jharkhand,Chatra,2903,385
Jharkhand,Deoghar,3790,597
Jharkhand,Dhanbad,5879,245
Jharkhand,Dumka,1957,282
Jharkhand,East Singhbhum,3857,64
Jharkhand,Garhwa,1528,140
Jharkhand,Giridih,4630,188
Jharkhand,Godda,1959,147
Jharkhand,Gumla,1176,126
Jharkhand,Hazaribag,2,0
Jharkhand,Hazaribagh,1497,183
Jharkhand,Jamtara,3496,185
Jharkhand,Khunti,285,38
Jharkhand,Koderma,2078,49
Jharkhand,Latehar,2969,168
Jharkhand,Lohardaga,977,33
Jharkhand,Pakaur,4,0
Jharkhand,Pakur,4898,279
Jharkhand,Palamau,1,0
Jharkhand,Palamu,7762,184
Jharkhand,Ramgarh,233,28
Jharkhand,Ranchi,2620,133
Jharkhand,Sahebganj,4374,221
Jharkhand,Seraikela-Kharsawan,492,35
Jharkhand,Simdega,2007,119
Jharkhand,West Singhbhum,4162,269
Karnataka,Bagalkot,3997,214
Karnataka,Bangalore,15961,671
Karnataka,Bangalore Rural,1520,168
Karnataka,Belgaum,9808,2044
Karnataka,Bellary,12570,309
Karnataka,Bidar,3237,284
Karnataka,Bijapur,2931,95
Karnataka,Bijapur(KAR),323,1
Karnataka,Chamarajanagar,2,0
Karnataka,Chamrajanagar,5699,63
Karnataka,Chickmagalur,6603,62
Karnataka,Chikkaballapur,2072,156
Karnataka,Chitradurga,6263,475
Karnataka,Dakshina Kannada,7004,219
Karnataka,Davangere,1833,97
Karnataka,Dharwad,676,91
Karnataka,Gadag,397,6
Karnataka,Gulbarga,3331,126
Karnataka,Hassan,7589,98
Karnataka,Haveri,1417,76
Karnataka,Kodagu,494,35
Karnataka,Kolar,4559,694
Karnataka,Koppal,1949,50
Karnataka,Mandya,6017,118
Karnataka,Mysore,595,74
Karnataka,Raichur,3704,34
Karnataka,Ramanagar,3657,90
Karnataka,Shimoga,4592,78
Karnataka,Tumkur,639,89
Karnataka,Udupi,923,11
Karnataka,Uttara Kannada,3669,289
Karnataka,Yadgir,2774,190
Kerala,Alappuzha,882,103
Kerala,Ernakulam,2547,700
Kerala,Idukki,734,25
Kerala,Kannur,3235,449
Kerala,Kasaragod,909,49
Kerala,Kasargod,111,7
Kerala,Kollam,1013,193
Kerala,Kottayam,1649,34
Kerala,Kozhikode,1834,813
Kerala,Malappuram,3591,235
Kerala,Palakkad,1899,121
Kerala,Pathanamthitta,397,26
Kerala,Thiruvananthapuram,1599,85
Kerala,Thrissur,1839,64
Kerala,Wayanad,193,21
Lakshadweep,Lakshadweep,13,3
Madhya Pradesh,Alirajpur,2862,93
Madhya Pradesh,Anuppur,2365,83
Madhya Pradesh,Ashok Nagar,427,37
Madhya Pradesh,Balaghat,7461,212
Madhya Pradesh,Barwani,1998,378
Madhya Pradesh,Betul,4577,150
Madhya Pradesh,Bhind,3274,26
Madhya Pradesh,Bhopal,1705,165
Madhya Pradesh,Burhanpur,718,4
Madhya Pradesh,Chhatarpur,4963,220
Madhya Pradesh,Chhindwara,7313,194
Madhya Pradesh,Damoh,3072,103
Madhya Pradesh,Datia,1119,52
Madhya Pradesh,Dewas,1175,97
Madhya Pradesh,Dhar,5213,192
Madhya Pradesh,Dindori,2446,81
Madhya Pradesh,Guna,1472,44
Madhya Pradesh,Gwalior,3128,114
Madhya Pradesh,Harda,198,6
Madhya Pradesh,Hoshangabad,381,58
Madhya Pradesh,Indore,5224,199
Madhya Pradesh,Jabalpur,2186,238
Madhya Pradesh,Jhabua,3132,293
Madhya Pradesh,Katni,4258,107
Madhya Pradesh,Khandwa,501,25
Madhya Pradesh,Khargone,5613,127
Madhya Pradesh,Mandla,2662,269
Madhya Pradesh,Mandsaur,514,42
Madhya Pradesh,Morena,4165,52
Madhya Pradesh,Narsinghpur,2321,176
Madhya Pradesh,Neemuch,580,37
Madhya Pradesh,Panna,1883,38
Madhya Pradesh,Raisen,3113,158
Madhya Pradesh,Rajgarh,454,85
Madhya Pradesh,Ratlam,1082,39
Madhya Pradesh,Rewa,4231,143
Madhya Pradesh,Sagar,4335,223
Madhya Pradesh,Satna,4074,175
Madhya Pradesh,Sehore,1822,171
Madhya Pradesh,Seoni,3401,163
Madhya Pradesh,Shahdol,3354,147
Madhya Pradesh,Shajapur,712,99
Madhya Pradesh,Sheopur,212,3
Madhya Pradesh,Shivpuri,1053,71
Madhya Pradesh,Sidhi,2024,48
Madhya Pradesh,Singrauli,2134,64
Madhya Pradesh,Tikamgarh,6114,173
Madhya Pradesh,Ujjain,2423,249
Madhya Pradesh,Umaria,1769,51
Madhya Pradesh,Vidisha,2039,391
Maharashtra,Ahmadnagar,13051,359
Maharashtra,Ahmed Nagar,13,5
Maharashtra,Akola,3910,142
Maharashtra,Amravati,1239,122
Maharashtra,Aurangabad,5730,508
Maharashtra,Beed,7333,146
Maharashtra,Bhandara,5614,737
Maharashtra,Buldhana,9421,160
Maharashtra,Chandrapur,3313,135
Maharashtra,Dhule,1267,95
Maharashtra,Gadchiroli,4482,58
Maharashtra,Gondia,3,0
Maharashtra,Gondiya,2247,162
Maharashtra,Hingoli,1568,50
Maharashtra,Jalgaon,7746,208
Maharashtra,Jalna,2973,259
Maharashtra,Kolhapur,12323,213
Maharashtra,Latur,3183,192
Maharashtra,Mumbai,6580,210
Maharashtra,Mumbai City,1,0
Maharashtra,Mumbai( Sub Urban ),1,0
Maharashtra,Nagpur,8587,496
Maharashtra,Nanded,6128,114
Maharashtra,Nandurbar,1531,118
Maharashtra,Nashik,12336,541
Maharashtra,Osmanabad,3861,67
Maharashtra,Parbhani,3851,78
Maharashtra,Pune,11820,338
Maharashtra,Raigarh,13455,194
Maharashtra,Raigarh(MH),11,0
Maharashtra,Ratnagiri,2115,66
Maharashtra,Sangli,6000,208
Maharashtra,Satara,7010,134
Maharashtra,Sindhudurg,3934,64
Maharashtra,Solapur,5267,110
Maharashtra,Thane,14241,456
Maharashtra,Wardha,185,35
Maharashtra,Washim,3183,49
Maharashtra,Yavatmal,8021,142
Manipur,Bishnupur,9,0
Manipur,Chandel,19,0
Manipur,Churachandpur,5,0
Manipur,Imphal East,1327,0
Manipur,Imphal West,71,0
Manipur,Senapati,4,0
Manipur,Tamenglong,3,0
Manipur,Thoubal,4,0
Manipur,Ukhrul,3,0
Meghalaya,East Khasi Hills,191,0
Meghalaya,Jaintia Hills,1,0
Meghalaya,West Garo Hills,2,0
Mizoram,Aizawl,2,0
Mizoram,Kolasib,3,0
Mizoram,Lawngtlai,2,0
Mizoram,Mammit,2,0
Mizoram,Saiha,2,0
Nagaland,Dimapur,137,0
Nagaland,Kohima,8,0
Nagaland,Longleng,20,0
Nagaland,Mokokchung,16,0
Nagaland,Mon,2646,69
Nagaland,Phek,1,0
Nagaland,Tuensang,8,0
Nagaland,Wokha,14,1
Nagaland,Zunheboto,32,0
Odisha,Angul,13,0
Odisha,Anugul,10216,109
Odisha,Balangir,157,2
Odisha,Baleswar,2095,160
Odisha,Bargarh,16586,920
Odisha,Baudh,1269,4
Odisha,Bhadrak,5489,341
Odisha,Cuttack,730,28
Odisha,Debagarh,1532,2
Odisha,Dhenkanal,13950,79
Odisha,Gajapati,2307,9
Odisha,Ganjam,13871,23
Odisha,Jagatsinghapur,6588,137
Odisha,Jajapur,17343,876
Odisha,Jharsuguda,3,0
Odisha,Kalahandi,68,2
Odisha,Kandhamal,1997,485
Odisha,Kendrapara,5931,18
Odisha,Kendujhar,3487,28
Odisha,Khorda,67,3
Odisha,Khordha,68,28
Odisha,Koraput,6171,217
Odisha,Mayurbhanj,33727,1263
Odisha,Nabarangapur,4422,10
Odisha,Nayagarh,6834,71
Odisha,Nuapada,3962,43
Odisha,Puri,494,23
Odisha,Rayagada,8,0
Odisha,Sambalpur,3156,27
Odisha,Sonapur,269,21
Odisha,Sundergarh,7788,57
Others,Others,380,4075
Puducherry,Karaikal,913,0
Puducherry,Pondicherry,0,2
Puducherry,Puducherry,117,29
Puducherry,Yanam,1,46
Punjab,Amritsar,6190,353
Punjab,Barnala,161,2
Punjab,Bathinda,1193,66
Punjab,Faridkot,599,7
Punjab,Fatehgarh Sahib,193,9
Punjab,Fazilka,1298,53
Punjab,Ferozepur,1983,9
Punjab,Gurdaspur,1761,98
Punjab,Hoshiarpur,1855,31
Punjab,Jalandhar,2166,79
Punjab,Kapurthala,1146,82
Punjab,Ludhiana,7204,258
Punjab,Mansa,1816,40
Punjab,Moga,1083,29
Punjab,Muktsar,11,1
Punjab,Pathankot,341,15
Punjab,Patiala,3314,227
Punjab,Rupnagar,2298,28
Punjab,SAS Nagar (Mohali),1301,82
Punjab,Sangrur,3377,60
Punjab,Shaheed Bhagat Singh Nagar,232,78
Punjab,Sri Muktsar Sahib,1738,43
Punjab,Tarn Taran,3290,181
Rajasthan,Ajmer,841,67
Rajasthan,Alwar,2400,131
Rajasthan,Banswara,2938,102
Rajasthan,Baran,2474,81
Rajasthan,Barmer,2016,65
Rajasthan,Bharatpur,3397,96
Rajasthan,Bhilwara,3801,110
Rajasthan,Bikaner,1965,64
Rajasthan,Bundi,1377,50
Rajasthan,Chittorgarh,5787,278
Rajasthan,Churu,2112,104
Rajasthan,Dausa,361,37
Rajasthan,Dholpur,874,33
Rajasthan,Dungarpur,1824,21
Rajasthan,Ganganagar,5284,119
Rajasthan,Hanumangarh,2113,44
Rajasthan,Jaipur,7279,414
Rajasthan,Jaisalmer,986,18
Rajasthan,Jalor,2776,99
Rajasthan,Jhalawar,2475,77
Rajasthan,Jhunjhunu,17,0
Rajasthan,Jhunjhunun,1531,92
Rajasthan,Jodhpur,5170,167
Rajasthan,Karauli,1839,39
Rajasthan,Kota,1273,169
Rajasthan,Nagaur,4694,223
Rajasthan,Pali,1711,89
Rajasthan,Pratapgarh,1390,26
Rajasthan,Rajsamand,1240,37
Rajasthan,Sawai Madhopur,1346,13
Rajasthan,Sikar,2827,132
Rajasthan,Sirohi,1431,147
Rajasthan,Tonk,1954,119
Rajasthan,Udaipur,2147,105
Sikkim,East Sikkim,43,0
Sikkim,North Sikkim,8,0
Sikkim,South Sikkim,28,0
Sikkim,West Sikkim,42,0
Tamil Nadu,Ariyalur,954,0
Tamil Nadu,Chennai,26734,263
Tamil Nadu,Coimbatore,14909,270
Tamil Nadu,Cuddalore,1820,7
Tamil Nadu,Dharmapuri,2157,92
Tamil Nadu,Dindigul,8189,117
Tamil Nadu,Erode,7526,449
Tamil Nadu,Kancheepuram,8767,384
Tamil Nadu,Kanchipuram,8,0
Tamil Nadu,Kanniyakumari,5674,75
Tamil Nadu,Kanyakumari,94,0
Tamil Nadu,Karur,1715,21
Tamil Nadu,Krishnagiri,4879,184
Tamil Nadu,Madurai,3553,172
Tamil Nadu,Nagapattinam,1293,5
Tamil Nadu,Namakkal,811,87
Tamil Nadu,Nilgiris,1,2
Tamil Nadu,Perambalur,135,0
Tamil Nadu,Pudukkottai,248,6
Tamil Nadu,Ramanathapuram,728,1
Tamil Nadu,Salem,11418,338
Tamil Nadu,Sivaganga,905,55
Tamil Nadu,Thanjavur,5701,333
Tamil Nadu,The Nilgiris,10197,41
Tamil Nadu,Theni,2362,49
Tamil Nadu,Thiruvarur,2328,130
Tamil Nadu,Thoothukkudi,6374,30
Tamil Nadu,Tiruchirappalli,3003,46
Tamil Nadu,Tirunelveli,8791,276
Tamil Nadu,Tiruppur,31004,757
Tamil Nadu,Tiruvallur,39348,594
Tamil Nadu,Tiruvannamalai,11474,583
Tamil Nadu,Tiruvarur,2,0
Tamil Nadu,Vellore,9760,1102
Tamil Nadu,Villupuram,1,0
Tamil Nadu,Viluppuram,5968,499
Tamil Nadu,Virudhunagar,5465,953
Tripura,Dhalai,230,24
Tripura,Gomati,57,1
Tripura,Khowai,20,2
Tripura,North Tripura,478,18
Tripura,Sepahijala,42,1
Tripura,South Tripura,7,0
Tripura,Unakoti,95,14
Tripura,West Tripura,718,20
Uttar Pradesh,Agra,364,3
Uttar Pradesh,Aligarh,755,2
Uttar Pradesh,Allahabad,1550,16
Uttar Pradesh,Ambedkar Nagar,103,5
Uttar Pradesh,Amethi,5254,123
Uttar Pradesh,Amroha,1543,3
Uttar Pradesh,Auraiya,59,0
Uttar Pradesh,Azamgarh,1009,26
Uttar Pradesh,Baghpat,84,1
Uttar Pradesh,Bahraich,63,0
Uttar Pradesh,Ballia,1003,5
Uttar Pradesh,Balrampur,1095,11
Uttar Pradesh,Banda,810,3
Uttar Pradesh,Bara Banki,324,47
Uttar Pradesh,Bareilly,2180,12
Uttar Pradesh,Basti,408,1
Uttar Pradesh,Bijnor,1025,66
Uttar Pradesh,Budaun,74,0
Uttar Pradesh,Bulandshahr,1086,50
Uttar Pradesh,Chandauli,5353,36
Uttar Pradesh,Chitrakoot,1476,31
Uttar Pradesh,Deoria,638,1
Uttar Pradesh,Etah,60,0
Uttar Pradesh,Etawah,1401,60
Uttar Pradesh,Faizabad,1565,8
Uttar Pradesh,Farrukhabad,424,1
Uttar Pradesh,Fatehpur,1951,5
Uttar Pradesh,Firozabad,61,1
Uttar Pradesh,Gautam Buddha Nagar,2437,6
Uttar Pradesh,Ghaziabad,2208,299
Uttar Pradesh,Ghazipur,1834,15
Uttar Pradesh,Gonda,1961,3
Uttar Pradesh,Gorakhpur,1402,18
Uttar Pradesh,Hamirpur,359,3
Uttar Pradesh,Hardoi,99,3
Uttar Pradesh,Hathras,45,1
Uttar Pradesh,Jalaun,64,1
Uttar Pradesh,Jaunpur,333,7
Uttar Pradesh,Jhansi,1199,11
Uttar Pradesh,Kannauj,370,7
Uttar Pradesh,Kanpur Dehat,124,5
Uttar Pradesh,Kanpur Nagar,1853,102
Uttar Pradesh,Kasganj,25,1
Uttar Pradesh,Kaushambi,171,0
Uttar Pradesh,Kheri,26,1
Uttar Pradesh,Kushinagar,697,4
Uttar Pradesh,Lalitpur,21,0
Uttar Pradesh,Lucknow,1063,36
Uttar Pradesh,Maharajganj,2421,6
Uttar Pradesh,Mahoba,510,8
Uttar Pradesh,Mainpuri,174,3
Uttar Pradesh,Mathura,403,15
Uttar Pradesh,Mau,99,1
Uttar Pradesh,Meerut,8030,54
Uttar Pradesh,Mirzapur,87,0
Uttar Pradesh,Moradabad,40,0
Uttar Pradesh,Muzaffarnagar,200,0
Uttar Pradesh,Pilibhit,2465,73
Uttar Pradesh,Pratapgarh,2179,4
Uttar Pradesh,Rae Bareli,6168,116
Uttar Pradesh,Raebareli,2,0
Uttar Pradesh,Rampur,20,0
Uttar Pradesh,Saharanpur,951,31
Uttar Pradesh,Sambhal,23,0
Uttar Pradesh,Sant Kabir Nagar,7880,145
Uttar Pradesh,Sant Ravidas Nagar,1218,4
Uttar Pradesh,Sant Ravidas Nagar Bhadohi,2,0
Uttar Pradesh,Shahjahanpur,292,2
Uttar Pradesh,Shamli,177,0
Uttar Pradesh,Shrawasti,1281,61
Uttar Pradesh,Siddharthnagar,443,2
Uttar Pradesh,Sitapur,36,0
Uttar Pradesh,Sonbhadra,661,18
Uttar Pradesh,Sultanpur,129,1
Uttar Pradesh,Unnao,83,1
Uttar Pradesh,Varanasi,5439,72
Uttarakhand,Almora,85,2
Uttarakhand,Bageshwar,150,4
Uttarakhand,Chamoli,39,0
Uttarakhand,Champawat,206,3
Uttarakhand,Dehradun,3056,141
Uttarakhand,Hardwar,1,0
Uttarakhand,Haridwar,599,1
Uttarakhand,Nainital,227,0
Uttarakhand,Pauri Garhwal,164,1
Uttarakhand,Pithoragarh,30,0
Uttarakhand,Rudraprayag,32,0
Uttarakhand,Tehri Garhwal,1264,32
Uttarakhand,Udham Singh Nagar,557,18
Uttarakhand,Uttarkashi,10,0
West Bengal,Bankura,11500,110
West Bengal,Barddhaman,12551,97
West Bengal,Bardhaman,3520,792
West Bengal,Birbhum,21188,912
West Bengal,Cooch Behar,1424,10
West Bengal,Dakshin Dinajpur,1959,1
West Bengal,Darjeeling,2001,15
West Bengal,East Midnapore,15446,373
West Bengal,Hooghly,41619,202
West Bengal,Howrah,7820,91
West Bengal,Jalpaiguri,3589,30
West Bengal,Kolkata,4789,75
West Bengal,Malda,13407,98
West Bengal,Medinipur,1722,510
West Bengal,Murshidabad,16167,57
West Bengal,Nadia,5610,11
West Bengal,North 24 Parganas,25932,1489
West Bengal,North Dinajpur,79,0
West Bengal,Paschim Medinipur,2165,37
West Bengal,Purba Medinipur,6116,19
West Bengal,Purulia,3033,5
West Bengal,Puruliya,2149,50
West Bengal,South 24 Parganas,9765,171
West Bengal,South Dinajpur,4,0
West Bengal,South Twenty Four Parganas,3056,83
West Bengal,Uttar Dinajpur,4751,197
West Bengal,West Midnapore,2292,706
