State,District,Aadhaar generated,Enrolment Rejected
Andhra Pradesh,Adilabad,457,50
Andhra Pradesh,Anantapur,1,3
Andhra Pradesh,Ananthapur,35,16
Andhra Pradesh,Chittoor,39,14
Andhra Pradesh,Cuddapah,66,18
Andhra Pradesh,East Godavari,264,36
Andhra Pradesh,Guntur,74,13
Andhra Pradesh,Hyderabad,377,25
Andhra Pradesh,K.v. Rangareddy,1141,63
Andhra Pradesh,Karimnagar,2017,52
Andhra Pradesh,Khammam,1427,14
Andhra Pradesh,Krishna,192,4
Andhra Pradesh,Kurnool,3592,234
Andhra Pradesh,Mahabub Nagar,10,5
Andhra Pradesh,Mahabubnagar,1451,105
Andhra Pradesh,Mahbubnagar,0,1
Andhra Pradesh,Medak,1503,96
Andhra Pradesh,Nalgonda,1124,76
Andhra Pradesh,Nellore,568,6
Andhra Pradesh,Nizamabad,2173,55
Andhra Pradesh,Prakasam,2095,24
Andhra Pradesh,Srikakulam,35,150
Andhra Pradesh,Visakhapatnam,1618,283
Andhra Pradesh,Vizianagaram,337,14
Andhra Pradesh,Warangal,1167,119
Andhra Pradesh,West Godavari,1613,32
Arunachal Pradesh,Changlang,1,0
Arunachal Pradesh,Papum Pare,3,0
Assam,Baksa,1,0
Assam,Barpeta,3,0
Assam,Bongaigaon,3,0
Assam,Cachar,2,0
Assam,Chirang,5,0
Assam,Darrang,2,0
Assam,Dhemaji,1,0
Assam,Dhubri,2,0
Assam,Dibrugarh,3,0
Assam,Golaghat,2,0
Assam,Hailakandi,6,0
Assam,Jorhat,4,0
Assam,Kamrup,6,0
Assam,Kamrup Metro,3,0
Assam,Karbi Anglong,3,0
Assam,Karimganj,2,0
Assam,Kokrajhar,1,0
Assam,Lakhimpur,2,0
Assam,Nagaon,10,0
Assam,Sonitpur,3,0
Assam,Tinsukia,4,0
Assam,Udalguri,3,0
Bihar,Araria,24,1
Bihar,Arwal,17,2
Bihar,Aurangabad,25,0
Bihar,Aurangabad(BH),1,0
Bihar,Banka,38,0
Bihar,Begusarai,45,0
Bihar,Bhagalpur,55,1
Bihar,Bhojpur,63,0
Bihar,Buxar,31,0
Bihar,Darbhanga,178,9
Bihar,East Champaran,88,0
Bihar,Gaya,94,0
Bihar,Gopalganj,291,6
Bihar,Jamui,130,0
Bihar,Jehanabad,14,1
Bihar,Kaimur (Bhabua),30,0
Bihar,Katihar,622,3
Bihar,Khagaria,27,0
Bihar,Kishanganj,332,6
Bihar,Lakhisarai,22,0
Bihar,Madhepura,24,0
Bihar,Madhubani,124,2
Bihar,Munger,24,0
Bihar,Muzaffarpur,71,2
Bihar,Nalanda,937,32
Bihar,Nawada,39,0
Bihar,Patna,894,19
Bihar,Purnia,15,0
Bihar,Rohtas,182,2
Bihar,Saharsa,397,4
Bihar,Samastipur,70,0
Bihar,Saran,114,1
Bihar,Sheikhpura,929,6
Bihar,Sheohar,53,28
Bihar,Sitamarhi,72,0
Bihar,Siwan,81,0
Bihar,Supaul,29,0
Bihar,Vaishali,390,1
Bihar,West Champaran,41,2
Chandigarh,Chandigarh,76,2
Chandigarh,Mohali,1,0
Chhattisgarh,Balod,14,0
Chhattisgarh,Baloda Bazar,1,0
Chhattisgarh,Bastar,2,0
Chhattisgarh,Bemetara,8,0
Chhattisgarh,Bilaspur,58,0
Chhattisgarh,Dhamtari,707,1
Chhattisgarh,Durg,87,1
Chhattisgarh,Janjgir-champa,463,1
Chhattisgarh,Jashpur,4,0
Chhattisgarh,Kanker,2,0
Chhattisgarh,Korba,1709,0
Chhattisgarh,Koriya,265,1
Chhattisgarh,Mahasamund,1,0
Chhattisgarh,Mungeli,747,0
Chhattisgarh,Mungeli ,47,0
Chhattisgarh,Raigarh,4,0
Chhattisgarh,Raipur,6,0
Chhattisgarh,Rajnandgaon,12,1
Chhattisgarh,Surajpur ,1,0
Chhattisgarh,Surguja,3,0
Dadra and Nagar Haveli,Dadra and Nagar Haveli,304,2
Daman and Diu,Daman,83,1
Daman and Diu,Diu,5,0
Delhi,Central Delhi,236,9
Delhi,East Delhi,478,48
Delhi,Najafgarh,21,14
Delhi,New Delhi,44,0
Delhi,North Delhi,114,14
Delhi,North East,11,26
Delhi,North East Delhi,607,56
Delhi,North West Delhi,878,113
Delhi,South Delhi,1181,76
Delhi,South West Delhi,330,66
Delhi,West Delhi,568,53
Goa,Bardez,1,0
Goa,North Goa,10,2
Goa,South Goa,0,2
Gujarat,Ahmadabad,11,0
Gujarat,Ahmedabad,6156,15
Gujarat,Amreli,1404,8
Gujarat,Anand,295,4
Gujarat,Banaskantha,987,31
Gujarat,Bharuch,1475,5
Gujarat,Bhavnagar,673,8
Gujarat,Dahod,2020,4
Gujarat,Dohad,756,4
Gujarat,Gandhinagar,638,0
Gujarat,Jamnagar,1443,8
Gujarat,Junagadh,2693,51
Gujarat,Kachchh,412,24
Gujarat,Kheda,1770,9
Gujarat,Mahesana,134,2
Gujarat,Narmada,350,8
Gujarat,Navsari,519,12
Gujarat,Panchmahals,1843,17
Gujarat,Patan,880,4
Gujarat,Porbandar,155,0
Gujarat,Rajkot,4241,37
Gujarat,Sabarkantha,494,18
Gujarat,Surat,2705,40
Gujarat,Surendra Nagar,595,18
Gujarat,Tapi,329,12
Gujarat,The Dangs,54,0
Gujarat,Vadodara,1506,11
Gujarat,Valsad,860,8
Haryana,Ambala,308,2
Haryana,Bhiwani,2397,5
Haryana,Faridabad,3221,17
Haryana,Fatehabad,5935,17
Haryana,Gurgaon,1685,18
Haryana,Hisar,3944,9
Haryana,Jhajjar,1619,4
Haryana,Jind,2104,6
Haryana,Kaithal,1951,18
Haryana,Karnal,1644,14
Haryana,Kurukshetra,1505,5
Haryana,Mahendragarh,2317,1
Haryana,Mewat,1575,25
Haryana,Palwal,1453,8
Haryana,Panchkula,718,0
Haryana,Panipat,2665,6
Haryana,Rewari,1716,11
Haryana,Rohtak,1407,8
Haryana,Sirsa,3074,23
Haryana,Sonipat,159,11
Haryana,Yamuna Nagar,1593,3
Himachal Pradesh,Bilaspur,1,3
Himachal Pradesh,Chamba,96,1
Himachal Pradesh,Hamirpur,31,0
Himachal Pradesh,Kangra,168,10
Himachal Pradesh,Kinnaur,19,0
Himachal Pradesh,Kullu,68,1
Himachal Pradesh,Lahul and Spiti,10,1
Himachal Pradesh,Mandi,178,8
Himachal Pradesh,Shimla,122,6
Himachal Pradesh,Sirmaur,459,7
Himachal Pradesh,Solan,33,2
Himachal Pradesh,Una,11,4
Jammu and Kashmir,Anantnag,159,0
Jammu and Kashmir,Badgam,8,0
Jammu and Kashmir,Bandipore,1,0
Jammu and Kashmir,Baramula,2,0
Jammu and Kashmir,Doda,914,0
Jammu and Kashmir,Jammu,346,1
Jammu and Kashmir,Kargil,11,2
Jammu and Kashmir,Kathua,201,0
Jammu and Kashmir,Kupwara,6,0
Jammu and Kashmir,Leh,26,0
Jammu and Kashmir,Pulwama,600,0
Jammu and Kashmir,Punch,2,0
Jammu and Kashmir,Rajouri,1,0
Jammu and Kashmir,Reasi,11,0
Jammu and Kashmir,Srinagar,37,0
Jammu and Kashmir,Udhampur,214,0
Jharkhand,Bokaro,152,11
Jharkhand,Chatra,1549,33
Jharkhand,Deoghar,986,18
Jharkhand,Dhanbad,2567,14
Jharkhand,Dumka,1157,40
Jharkhand,East Singhbhum,1707,6
Jharkhand,Garhwa,1205,30
Jharkhand,Giridih,2183,24
Jharkhand,Godda,803,41
Jharkhand,Gumla,1345,28
Jharkhand,Hazaribag,4,0
Jharkhand,Hazaribagh,218,16
Jharkhand,Jamtara,3104,64
Jharkhand,Khunti,46,4
Jharkhand,Koderma,807,17
Jharkhand,Latehar,956,15
Jharkhand,Lohardaga,50,13
Jharkhand,Pakur,673,7
Jharkhand,Palamau,1,0
Jharkhand,Palamu,1380,44
Jharkhand,Ramgarh,70,8
Jharkhand,Ranchi,430,18
Jharkhand,Sahebganj,1117,23
Jharkhand,Seraikela-Kharsawan,111,24
Jharkhand,Simdega,376,12
Jharkhand,West Singhbhum,3637,53
Karnataka,Bagalkot,1430,34
Karnataka,Bangalore,6737,66
Karnataka,Bangalore Rural,523,23
Karnataka,Belgaum,3676,239
Karnataka,Bellary,1964,19
Karnataka,Bidar,786,57
Karnataka,Bijapur,1345,49
Karnataka,Bijapur(KAR),84,2
Karnataka,Chamarajanagar,1,0
Karnataka,Chamrajanagar,1563,31
Karnataka,Chickmagalur,672,9
Karnataka,Chikkaballapur,455,156
Karnataka,Chitradurga,1407,78
Karnataka,Dakshina Kannada,1925,258
Karnataka,Davangere,627,99
Karnataka,Dharwad,311,24
Karnataka,Gadag,356,19
Karnataka,Gulbarga,525,35
Karnataka,Hassan,1824,20
Karnataka,Haveri,417,144
Karnataka,Kodagu,202,2
Karnataka,Kolar,1799,118
Karnataka,Koppal,376,20
Karnataka,Mandya,769,5
Karnataka,Mysore,147,9
Karnataka,Raichur,995,20
Karnataka,Ramanagar,1493,3
Karnataka,Shimoga,7062,8
Karnataka,Tumkur,260,10
Karnataka,Udupi,171,4
Karnataka,Uttara Kannada,294,57
Karnataka,Yadgir,203,44
Kerala,Alappuzha,592,123
Kerala,Ernakulam,596,19
Kerala,Idukki,168,1
Kerala,Kannur,892,34
Kerala,Kasaragod,515,62
Kerala,Kasargod,4,1
Kerala,Kollam,472,89
Kerala,Kottayam,591,11
Kerala,Kozhikode,818,46
Kerala,Malappuram,1592,56
Kerala,Palakkad,757,19
Kerala,Pathanamthitta,125,4
Kerala,Thiruvananthapuram,741,38
Kerala,Thrissur,629,42
Kerala,Wayanad,102,7
Lakshadweep,Lakshadweep,2,0
Madhya Pradesh,Alirajpur,767,45
Madhya Pradesh,Anuppur,672,38
Madhya Pradesh,Ashok Nagar,59,1
Madhya Pradesh,Balaghat,3066,80
Madhya Pradesh,Barwani,455,15
Madhya Pradesh,Betul,656,12
Madhya Pradesh,Bhind,676,17
Madhya Pradesh,Bhopal,301,16
Madhya Pradesh,Burhanpur,39,11
Madhya Pradesh,Chhatarpur,979,28
Madhya Pradesh,Chhindwara,1731,29
Madhya Pradesh,Damoh,795,15
Madhya Pradesh,Datia,400,7
Madhya Pradesh,Dewas,192,17
Madhya Pradesh,Dhar,1552,40
Madhya Pradesh,Dindori,1034,17
Madhya Pradesh,Guna,621,28
Madhya Pradesh,Gwalior,683,13
Madhya Pradesh,Harda,49,2
Madhya Pradesh,Hoshangabad,24,8
Madhya Pradesh,Indore,960,15
Madhya Pradesh,Jabalpur,262,19
Madhya Pradesh,Jhabua,739,121
Madhya Pradesh,Katni,1191,41
Madhya Pradesh,Khandwa,48,7
Madhya Pradesh,Khargone,1881,33
Madhya Pradesh,Mandla,1311,16
Madhya Pradesh,Mandsaur,185,0
Madhya Pradesh,Morena,630,12
Madhya Pradesh,Narsinghpur,830,28
Madhya Pradesh,Neemuch,17,0
Madhya Pradesh,Panna,672,17
Madhya Pradesh,Raisen,773,24
Madhya Pradesh,Rajgarh,62,0
Madhya Pradesh,Ratlam,321,8
Madhya Pradesh,Rewa,1874,39
Madhya Pradesh,Sagar,1152,16
Madhya Pradesh,Satna,1234,62
Madhya Pradesh,Sehore,399,5
Madhya Pradesh,Seoni,1057,14
Madhya Pradesh,Shahdol,1563,53
Madhya Pradesh,Shajapur,133,9
Madhya Pradesh,Sheopur,9,4
Madhya Pradesh,Shivpuri,604,17
Madhya Pradesh,Sidhi,1073,31
Madhya Pradesh,Singrauli,1295,24
Madhya Pradesh,Tikamgarh,978,21
Madhya Pradesh,Ujjain,566,31
Madhya Pradesh,Umaria,981,14
Madhya Pradesh,Vidisha,499,31
Maharashtra,Ahmadnagar,2858,180
Maharashtra,Ahmed Nagar,3,8
Maharashtra,Akola,987,29
Maharashtra,Amravati,453,29
Maharashtra,Aurangabad,2427,53
Maharashtra,Beed,1700,66
Maharashtra,Bhandara,395,67
Maharashtra,Buldhana,2756,21
Maharashtra,Chandrapur,1346,25
Maharashtra,Dhule,443,17
Maharashtra,Gadchiroli,712,9
Maharashtra,Gondia,1,0
Maharashtra,Gondiya,508,22
Maharashtra,Hingoli,403,11
Maharashtra,Jalgaon,525,57
Maharashtra,Jalna,820,23
Maharashtra,Kolhapur,2564,58
Maharashtra,Latur,1079,25
Maharashtra,Mumbai,954,45
Maharashtra,Mumbai City,1,0
Maharashtra,Mumbai( Sub Urban ),1,0
Maharashtra,Nagpur,2352,105
Maharashtra,Nanded,1754,19
Maharashtra,Nandurbar,231,24
Maharashtra,Nashik,3233,63
Maharashtra,Osmanabad,1013,18
Maharashtra,Parbhani,702,11
Maharashtra,Pune,3044,98
Maharashtra,Raigarh,1385,28
Maharashtra,Raigarh(MH),1,0
Maharashtra,Ratnagiri,538,13
Maharashtra,Sangli,1075,126
Maharashtra,Satara,1639,53
Maharashtra,Sindhudurg,321,2
Maharashtra,Solapur,1077,35
Maharashtra,Thane,4074,131
Maharashtra,Wardha,31,3
Maharashtra,Washim,399,25
Maharashtra,Yavatmal,2398,24
Manipur,Churachandpur,1,0
Manipur,Imphal East,44,1
Manipur,Imphal West,3,0
Manipur,Senapati,3,0
Manipur,Thoubal,2,0
Manipur,Ukhrul,1,0
Meghalaya,East Khasi Hills,82,0
Mizoram,Aizawl,1,0
Mizoram,Saiha,1,0
Nagaland,Dimapur,3,8
Nagaland,Kohima,0,3
Nagaland,Mokokchung,1,8
Nagaland,Mon,6,0
Nagaland,Wokha,0,2
Nagaland,Zunheboto,0,8
Odisha,Angul,1,0
Odisha,Anugul,867,18
Odisha,Balangir,9,6
Odisha,Baleswar,243,60
Odisha,Bargarh,1114,38
Odisha,Baudh,29,0
Odisha,Bhadrak,774,249
Odisha,Cuttack,16,25
Odisha,Debagarh,2,5
Odisha,Dhenkanal,1340,102
Odisha,Gajapati,5,2
Odisha,Ganjam,607,13
Odisha,Jagatsinghapur,6981,56
Odisha,Jajapur,931,17
Odisha,Jharsuguda,2,0
Odisha,Kandhamal,297,1
Odisha,Kendrapara,4581,27
Odisha,Kendujhar,176,21
Odisha,Khorda,10,0
Odisha,Khordha,4,13
Odisha,Koraput,338,22
Odisha,Mayurbhanj,2184,23
Odisha,Nabarangapur,695,0
Odisha,Nayagarh,573,20
Odisha,Puri,14,23
Odisha,Rayagada,6,0
Odisha,Sambalpur,27,24
Odisha,Sonapur,28,0
Odisha,Sundergarh,2363,13
Others,Others,44,1577
Puducherry,Karaikal,98,1
Puducherry,Pondicherry,0,1
Puducherry,Puducherry,22,0
Punjab,Amritsar,3858,52
Punjab,Barnala,338,1
Punjab,Bathinda,799,12
Punjab,Faridkot,909,5
Punjab,Fatehgarh Sahib,23,2
Punjab,Fazilka,1166,16
Punjab,Ferozepur,1629,3
Punjab,Gurdaspur,572,6
Punjab,Hoshiarpur,1328,5
Punjab,Jalandhar,468,12
Punjab,Kapurthala,227,2
Punjab,Ludhiana,1931,50
Punjab,Mansa,939,3
Punjab,Moga,922,3
Punjab,Muktsar,2,0
Punjab,Pathankot,289,11
Punjab,Patiala,1326,30
Punjab,Rupnagar,994,15
Punjab,SAS Nagar (Mohali),542,34
Punjab,Sangrur,1181,20
Punjab,Shaheed Bhagat Singh Nagar,182,3
Punjab,Sri Muktsar Sahib,925,61
Punjab,Tarn Taran,1599,17
Rajasthan,Ajmer,258,9
Rajasthan,Alwar,789,24
Rajasthan,Banswara,2131,29
Rajasthan,Baran,611,21
Rajasthan,Barmer,1625,45
Rajasthan,Bharatpur,1651,17
Rajasthan,Bhilwara,3236,14
Rajasthan,Bikaner,728,37
Rajasthan,Bundi,562,9
Rajasthan,Chittorgarh,1623,45
Rajasthan,Churu,782,30
Rajasthan,Dausa,165,35
Rajasthan,Dholpur,333,17
Rajasthan,Dungarpur,1340,8
Rajasthan,Ganganagar,2135,32
Rajasthan,Hanumangarh,1506,3
Rajasthan,Jaipur,4136,68
Rajasthan,Jaisalmer,373,7
Rajasthan,Jalor,2019,13
Rajasthan,Jhalawar,1159,12
Rajasthan,Jhunjhunu,26,10
Rajasthan,Jhunjhunun,550,9
Rajasthan,Jodhpur,2470,37
Rajasthan,Karauli,560,10
Rajasthan,Kota,298,17
Rajasthan,Nagaur,2116,33
Rajasthan,Pali,381,11
Rajasthan,Pratapgarh,789,54
Rajasthan,Rajsamand,669,2
Rajasthan,Sawai Madhopur,556,40
Rajasthan,Sikar,1399,17
Rajasthan,Sirohi,578,7
Rajasthan,Tonk,439,58
Rajasthan,Udaipur,399,13
Sikkim,East Sikkim,17,0
Sikkim,North Sikkim,1,0
Sikkim,South Sikkim,3,0
Sikkim,West Sikkim,2,0
Tamil Nadu,Ariyalur,67,0
Tamil Nadu,Chennai,1555,25
Tamil Nadu,Coimbatore,6967,11
Tamil Nadu,Cuddalore,713,0
Tamil Nadu,Dharmapuri,2506,8
Tamil Nadu,Dindigul,3655,11
Tamil Nadu,Erode,279,3
Tamil Nadu,Kancheepuram,4704,19
Tamil Nadu,Kanchipuram,1,0
Tamil Nadu,Kanniyakumari,3184,13
Tamil Nadu,Kanyakumari,22,0
Tamil Nadu,Karur,829,4
Tamil Nadu,Krishnagiri,2710,14
Tamil Nadu,Madurai,369,3
Tamil Nadu,Nagapattinam,391,0
Tamil Nadu,Namakkal,936,0
Tamil Nadu,Perambalur,53,0
Tamil Nadu,Pudukkottai,54,0
Tamil Nadu,Ramanathapuram,439,5
Tamil Nadu,Salem,3370,17
Tamil Nadu,Sivaganga,778,5
Tamil Nadu,Thanjavur,1019,11
Tamil Nadu,The Nilgiris,953,2
Tamil Nadu,Theni,2386,6
Tamil Nadu,Thiruvarur,6318,0
Tamil Nadu,Thoothukkudi,1843,2
Tamil Nadu,Tiruchirappalli,220,0
Tamil Nadu,Tirunelveli,2396,4
Tamil Nadu,Tiruppur,1244,4
Tamil Nadu,Tiruvallur,775,11
Tamil Nadu,Tiruvannamalai,1078,4
Tamil Nadu,Vellore,3798,56
Tamil Nadu,Villupuram,0,3
Tamil Nadu,Viluppuram,7437,8
Tamil Nadu,Virudhunagar,129,25
Tripura,Dhalai,26,1
Tripura,Gomati,61,0
Tripura,Khowai,8,0
Tripura,North Tripura,106,1
Tripura,Sepahijala,24,0
Tripura,South Tripura,9,0
Tripura,Unakoti,2,0
Tripura,West Tripura,260,1
Uttar Pradesh,Agra,130,2
Uttar Pradesh,Aligarh,824,1
Uttar Pradesh,Allahabad,753,2
Uttar Pradesh,Ambedkar Nagar,56,0
Uttar Pradesh,Amethi,956,11
Uttar Pradesh,Amroha,869,0
Uttar Pradesh,Auraiya,36,0
Uttar Pradesh,Azamgarh,191,3
Uttar Pradesh,Baghpat,28,0
Uttar Pradesh,Bagpat,1,0
Uttar Pradesh,Bahraich,12,0
Uttar Pradesh,Ballia,253,3
Uttar Pradesh,Balrampur,201,1
Uttar Pradesh,Banda,111,6
Uttar Pradesh,Bara Banki,94,1
Uttar Pradesh,Bareilly,326,39
Uttar Pradesh,Basti,457,0
Uttar Pradesh,Bijnor,378,23
Uttar Pradesh,Budaun,25,0
Uttar Pradesh,Bulandshahar,1,0
Uttar Pradesh,Bulandshahr,241,0
Uttar Pradesh,Chandauli,185,4
Uttar Pradesh,Chitrakoot,258,4
Uttar Pradesh,Deoria,131,6
Uttar Pradesh,Etah,29,0
Uttar Pradesh,Etawah,1230,6
Uttar Pradesh,Faizabad,574,1
Uttar Pradesh,Farrukhabad,228,1
Uttar Pradesh,Fatehpur,691,0
Uttar Pradesh,Firozabad,26,1
Uttar Pradesh,Gautam Buddha Nagar,684,1
Uttar Pradesh,Ghaziabad,610,33
Uttar Pradesh,Ghazipur,207,6
Uttar Pradesh,Gonda,78,2
Uttar Pradesh,Gorakhpur,219,3
Uttar Pradesh,Hamirpur,134,0
Uttar Pradesh,Hardoi,27,1
Uttar Pradesh,Hathras,22,0
Uttar Pradesh,Jalaun,48,0
Uttar Pradesh,Jaunpur,113,2
Uttar Pradesh,Jhansi,665,14
Uttar Pradesh,Kannauj,104,1
Uttar Pradesh,Kanpur Dehat,23,0
Uttar Pradesh,Kanpur Nagar,67,3
Uttar Pradesh,Kasganj,19,0
Uttar Pradesh,Kaushambi,19,2
Uttar Pradesh,Kheri,9,0
Uttar Pradesh,Kushinagar,116,2
Uttar Pradesh,Lalitpur,7,0
Uttar Pradesh,Lucknow,259,3
Uttar Pradesh,Maharajganj,110,2
Uttar Pradesh,Mahoba,1588,3
Uttar Pradesh,Mahrajganj,1,0
Uttar Pradesh,Mainpuri,111,1
Uttar Pradesh,Mathura,166,2
Uttar Pradesh,Mau,25,0
Uttar Pradesh,Meerut,180,5
Uttar Pradesh,Mirzapur,35,0
Uttar Pradesh,Moradabad,4,1
Uttar Pradesh,Muzaffarnagar,114,0
Uttar Pradesh,Pilibhit,834,8
Uttar Pradesh,Pratapgarh,682,8
Uttar Pradesh,Rae Bareli,2260,10
Uttar Pradesh,Raebareli,8,0
Uttar Pradesh,Rampur,12,0
Uttar Pradesh,Saharanpur,196,7
Uttar Pradesh,Sambhal,11,0
Uttar Pradesh,Sant Kabir Nagar,509,3
Uttar Pradesh,Sant Ravidas Nagar,669,11
Uttar Pradesh,Shahjahanpur,27,1
Uttar Pradesh,Shamli,30,1
Uttar Pradesh,Shrawasti,86,5
Uttar Pradesh,Siddharthnagar,727,1
Uttar Pradesh,Sitapur,7,0
Uttar Pradesh,Sonbhadra,80,1
Uttar Pradesh,Sultanpur,46,1
Uttar Pradesh,Unnao,27,0
Uttar Pradesh,Varanasi,324,8
Uttarakhand,Almora,31,0
Uttarakhand,Bageshwar,112,1
Uttarakhand,Chamoli,14,0
Uttarakhand,Champawat,145,1
Uttarakhand,Dehradun,488,3
Uttarakhand,Haridwar,682,2
Uttarakhand,Nainital,14,1
Uttarakhand,Pauri Garhwal,38,0
Uttarakhand,Pithoragarh,20,0
Uttarakhand,Rudraprayag,11,0
Uttarakhand,Tehri Garhwal,85,5
Uttarakhand,Udham Singh Nagar,74,2
Uttarakhand,Uttarkashi,7,0
West Bengal,Bankura,223,12
West Bengal,Barddhaman,329,267
West Bengal,Bardhaman,402,13
West Bengal,Birbhum,2011,24
West Bengal,Cooch Behar,109,9
West Bengal,Dakshin Dinajpur,94,27
West Bengal,Darjeeling,469,3
West Bengal,East Midnapore,1582,653
West Bengal,Hooghly,2098,19
West Bengal,Howrah,2046,17
West Bengal,Jalpaiguri,71,21
West Bengal,Kolkata,1597,20
West Bengal,Malda,2784,62
West Bengal,Medinipur,122,4
West Bengal,Murshidabad,787,69
West Bengal,Nadia,2528,49
West Bengal,North 24 Parganas,456,6
West Bengal,North Dinajpur,0,6
West Bengal,Paschim Medinipur,30,11
West Bengal,Purba Medinipur,1151,7
West Bengal,Purulia,342,2
West Bengal,Puruliya,185,26
West Bengal,South 24 Parganas,5365,3
West Bengal,South Twenty Four Parganas,370,4
West Bengal,Uttar Dinajpur,1244,41
West Bengal,West Midnapore,68,0
