State,District,Aadhaar generated,Enrolment Rejected
Andhra Pradesh,Adilabad,1375,4
Andhra Pradesh,Anantapur,412,8
Andhra Pradesh,Ananthapur,1,0
Andhra Pradesh,Chittoor,188,5
Andhra Pradesh,Cuddapah,4,1
Andhra Pradesh,East Godavari,721,37
Andhra Pradesh,Guntur,53,10
Andhra Pradesh,Hyderabad,912,11
Andhra Pradesh,K.V.Rangareddy,1703,28
Andhra Pradesh,Karim Nagar,994,0
Andhra Pradesh,Karimnagar,33,0
Andhra Pradesh,Khammam,424,3
Andhra Pradesh,Krishna,207,6
Andhra Pradesh,Kurnool,2218,1764
Andhra Pradesh,Mahabub Nagar,8077,63
Andhra Pradesh,Mahbubnagar,1190,11
Andhra Pradesh,Medak,267,1
Andhra Pradesh,Nalgonda,1641,106
Andhra Pradesh,Nellore,49,4
Andhra Pradesh,Nizamabad,3197,36
Andhra Pradesh,Prakasam,16,0
Andhra Pradesh,Srikakulam,8377,33
Andhra Pradesh,Visakhapatnam,101,1
Andhra Pradesh,Vizianagaram,2947,28
Andhra Pradesh,Warangal,3813,10
Andhra Pradesh,West Godavari,845,3
Assam,Bongaigaon,1,0
Assam,Cachar,6,0
Assam,Chirang,2,0
Assam,Golaghat,2,0
Assam,Kamrup Metro,1,0
Assam,Nagaon,2,0
Assam,Nalbari,4,0
Assam,Sibsagar,1,0
Assam,Sonitpur,2,0
Assam,Udalguri,4,0
Bihar,Araria,5,0
Bihar,Arwal,13,0
Bihar,Aurangabad,19,0
Bihar,Aurangabad(BH),26,0
Bihar,Banka,12,0
Bihar,Begusarai,17,0
Bihar,Bhagalpur,27,0
Bihar,Bhojpur,43,1
Bihar,Buxar,34,0
Bihar,Darbhanga,29,0
Bihar,East Champaran,111,0
Bihar,Gaya,42,0
Bihar,Gopalganj,24,1
Bihar,Jamui,11,0
Bihar,Jehanabad,12,0
Bihar,Kaimur (Bhabua),8,0
Bihar,Katihar,8,0
Bihar,Khagaria,13,0
Bihar,Kishanganj,6,0
Bihar,Lakhisarai,10,0
Bihar,Madhepura,7,0
Bihar,Madhubani,32,0
Bihar,Munger,22,0
Bihar,Muzaffarpur,29,0
Bihar,Nalanda,26,0
Bihar,Nawada,22,0
Bihar,Patna,60,0
Bihar,Purnia,3,0
Bihar,Rohtas,50,0
Bihar,Saharsa,11,0
Bihar,Samastipur,32,0
Bihar,Saran,39,2
Bihar,Sheikhpura,6,0
Bihar,Sheohar,4,0
Bihar,Sitamarhi,20,0
Bihar,Siwan,42,0
Bihar,Supaul,4,0
Bihar,Vaishali,18,0
Bihar,West Champaran,29,0
Chandigarh,Chandigarh,821,19
Chhattisgarh,Balod,1,0
Chhattisgarh,Bastar,1,0
Chhattisgarh,Bilaspur,6,0
Chhattisgarh,Durg,10,0
Chhattisgarh,Janjgir Champa,1,0
Chhattisgarh,Janjgir-champa,3,0
Chhattisgarh,Jashpur,7,0
Chhattisgarh,Korba,88,4
Chhattisgarh,Koriya,6,0
Chhattisgarh,Mahasamund,65,0
Chhattisgarh,Raipur,213,4
Chhattisgarh,Rajnandgaon,3,0
Chhattisgarh,Surguja,27,0
Dadra and Nagar Haveli,Dadra and Nagar Haveli,1,0
Daman and Diu,Daman,2,0
Daman and Diu,Diu,59,0
Delhi,Central Delhi,529,2
Delhi,East Delhi,1457,4
Delhi,Najafgarh,302,2
Delhi,New Delhi,8,0
Delhi,North Delhi,269,2
Delhi,North East,1301,7
Delhi,North East Delhi,101,0
Delhi,North West Delhi,2297,12
Delhi,South Delhi,992,16
Delhi,South West Delhi,4104,36
Delhi,West Delhi,2044,260
Goa,Bardez,11,0
Goa,North Goa,1752,12
Goa,South Goa,1119,28
Gujarat,Ahmadabad,2,0
Gujarat,Ahmedabad,1344,18
Gujarat,Amreli,1697,7
Gujarat,Anand,836,14
Gujarat,Banaskantha,969,9
Gujarat,Bharuch,670,22
Gujarat,Bhavnagar,5245,27
Gujarat,Dahod,488,3
Gujarat,Dohad,779,7
Gujarat,Gandhinagar,289,1
Gujarat,Jamnagar,670,18
Gujarat,Junagadh,887,22
Gujarat,Kachchh,464,5
Gujarat,Kheda,2083,7
Gujarat,Mahesana,1121,22
Gujarat,Narmada,209,11
Gujarat,Navsari,1028,2
Gujarat,Panchmahals,1218,46
Gujarat,Patan,1033,49
Gujarat,Porbandar,490,15
Gujarat,Rajkot,919,18
Gujarat,Sabarkantha,405,14
Gujarat,Surat,761,47
Gujarat,Surendra Nagar,2205,88
Gujarat,Tapi,767,2
Gujarat,The Dangs,87,4
Gujarat,Vadodara,1340,7
Gujarat,Valsad,1263,7
Haryana,Ambala,759,12
Haryana,Bhiwani,21,0
Haryana,Faridabad,2096,10
Haryana,Fatehabad,3,0
Haryana,Gurgaon,668,9
Haryana,Hisar,11,0
Haryana,Jhajjar,12,0
Haryana,Jind,7,0
Haryana,Kaithal,5,0
Haryana,Karnal,3064,18
Haryana,Kurukshetra,4,0
Haryana,Mahendragarh,9,1
Haryana,Mewat,1,0
Haryana,Palwal,132,2
Haryana,Panchkula,70,0
Haryana,Panipat,182,2
Haryana,Rewari,148,0
Haryana,Rohtak,130,0
Haryana,Sirsa,14,0
Haryana,Sonipat,331,0
Haryana,Yamuna Nagar,59,0
Himachal Pradesh,Bilaspur ,10,0
Himachal Pradesh,Chamba,3022,51
Himachal Pradesh,Hamirpur,21,0
Himachal Pradesh,Kangra,2140,25
Himachal Pradesh,Kinnaur,1,0
Himachal Pradesh,Kullu,10,1
Himachal Pradesh,Mandi,26,2
Himachal Pradesh,Shimla,1746,19
Himachal Pradesh,Sirmaur,1691,25
Himachal Pradesh,Solan,1250,33
Himachal Pradesh,Una,30,0
Jammu and Kashmir,Badgam,1,0
Jammu and Kashmir,Baramula,1,0
Jammu and Kashmir,Doda,1,0
Jammu and Kashmir,Jammu,14,1
Jammu and Kashmir,Kathua,3,0
Jammu and Kashmir,Kupwara,1,1
Jammu and Kashmir,Rajouri,2,0
Jammu and Kashmir,Udhampur,1,0
Jharkhand,Bokaro,4441,39
Jharkhand,Chatra,63,1
Jharkhand,Deoghar,511,6
Jharkhand,Dhanbad,3568,26
Jharkhand,Dumka,1071,36
Jharkhand,East Singhbhum,330,2
Jharkhand,Garhwa,252,28
Jharkhand,Giridih,1528,83
Jharkhand,Godda,24,1
Jharkhand,Gumla,652,31
Jharkhand,Hazaribag,386,15
Jharkhand,Hazaribagh,786,14
Jharkhand,Jamtara,43,0
Jharkhand,Khunti,1588,10
Jharkhand,Kodarma,4,0
Jharkhand,Koderma,37,0
Jharkhand,Latehar,85,0
Jharkhand,Lohardaga,268,8
Jharkhand,Pakur,130,8
Jharkhand,Palamau,410,4
Jharkhand,Palamu,878,22
Jharkhand,Ramgarh,832,3
Jharkhand,Ranchi,4876,40
Jharkhand,Sahebganj,18,2
Jharkhand,Seraikela-Kharsawan,105,1
Jharkhand,Simdega,1081,7
Jharkhand,West Singhbhum,198,1
Karnataka,Bagalkot,20,0
Karnataka,Bangalore,3097,15
Karnataka,Bangalore Rural,24,0
Karnataka,Belgaum,12,0
Karnataka,Bellary,106,0
Karnataka,Bidar,3,0
Karnataka,Bijapur,2,0
Karnataka,Bijapur(KAR),85,1
Karnataka,Chamarajanagar,1,0
Karnataka,Chickmagalur,176,3
Karnataka,Chikkaballapur,103,2
Karnataka,Chitradurga,56,0
Karnataka,Dakshina Kannada,16,0
Karnataka,Davangere,699,1
Karnataka,Dharwad,5994,15
Karnataka,Gadag,126,1
Karnataka,Gulbarga,5,0
Karnataka,Hassan,415,14
Karnataka,Haveri,368,5
Karnataka,Kodagu,4,0
Karnataka,Kolar,87,0
Karnataka,Koppal,7,0
Karnataka,Mandya,16,0
Karnataka,Mysore,400,3
Karnataka,Raichur,1,0
Karnataka,Ramanagar,153,2
Karnataka,Shimoga,88,1
Karnataka,Tumkur,226,4
Karnataka,Udupi,966,1
Karnataka,Uttara Kannada,6,0
Kerala,Alappuzha,3726,8
Kerala,Ernakulam,8942,11
Kerala,Idukki,7054,8
Kerala,Kannur,9040,138
Kerala,Kasaragod,125,0
Kerala,Kasargod,1548,6
Kerala,Kollam,2139,10
Kerala,Kottayam,11096,5
Kerala,Kozhikode,9889,8
Kerala,Malappuram,5241,10
Kerala,Palakkad,8844,13
Kerala,Pathanamthitta,4343,4
Kerala,Thiruvananthapuram,9143,34
Kerala,Thrissur,4378,324
Kerala,Wayanad,922,2
Lakshadweep,Lakshadweep,5,0
Madhya Pradesh,Alirajpur,5,0
Madhya Pradesh,Anuppur,1365,14
Madhya Pradesh,Ashok Nagar,131,3
Madhya Pradesh,Balaghat,40,0
Madhya Pradesh,Barwani,114,34
Madhya Pradesh,Betul,1632,19
Madhya Pradesh,Bhind,1058,9
Madhya Pradesh,Bhopal,7582,202
Madhya Pradesh,Burhanpur,4,0
Madhya Pradesh,Chhatarpur,1416,16
Madhya Pradesh,Chhindwara,313,4
Madhya Pradesh,Damoh,2837,26
Madhya Pradesh,Datia,901,22
Madhya Pradesh,Dewas,85,1
Madhya Pradesh,Dhar,2266,52
Madhya Pradesh,Dindori,20,0
Madhya Pradesh,Guna,2192,89
Madhya Pradesh,Gwalior,1499,77
Madhya Pradesh,Harda,21,0
Madhya Pradesh,Hoshangabad,49,0
Madhya Pradesh,Indore,5396,69
Madhya Pradesh,Jabalpur,8947,172
Madhya Pradesh,Jhabua,369,18
Madhya Pradesh,Katni,879,15
Madhya Pradesh,Khandwa,107,7
Madhya Pradesh,Khargone,1552,19
Madhya Pradesh,Mandla,111,1
Madhya Pradesh,Mandsaur,22,127
Madhya Pradesh,Morena,429,0
Madhya Pradesh,Narsinghpur,32,0
Madhya Pradesh,Neemuch,9,253
Madhya Pradesh,Panna,394,4
Madhya Pradesh,Raisen,781,21
Madhya Pradesh,Rajgarh,2064,88
Madhya Pradesh,Ratlam,223,60
Madhya Pradesh,Rewa,1060,40
Madhya Pradesh,Sagar,2625,21
Madhya Pradesh,Satna,1695,39
Madhya Pradesh,Sehore,2356,30
Madhya Pradesh,Seoni,363,6
Madhya Pradesh,Shahdol,1105,5
Madhya Pradesh,Shajapur,317,4
Madhya Pradesh,Sheopur,15,0
Madhya Pradesh,Shivpuri,104,2
Madhya Pradesh,Sidhi,201,0
Madhya Pradesh,Singrauli,347,3
Madhya Pradesh,Tikamgarh,355,1
Madhya Pradesh,Ujjain,5577,155
Madhya Pradesh,Umaria,231,1
Madhya Pradesh,Vidisha,6082,174
Maharashtra,Ahmadnagar,368,1
Maharashtra,Ahmed Nagar,1263,23
Maharashtra,Akola,352,1
Maharashtra,Amravati,2503,22
Maharashtra,Aurangabad,502,7
Maharashtra,Beed,1067,10
Maharashtra,Bhandara,3846,123
Maharashtra,Buldhana,1849,8
Maharashtra,Chandrapur,740,2
Maharashtra,Dhule,2354,40
Maharashtra,Gadchiroli,24,0
Maharashtra,Gondia,766,16
Maharashtra,Gondiya,1,0
Maharashtra,Hingoli,1097,4
Maharashtra,Jalgaon,1456,8
Maharashtra,Jalna,1626,10
Maharashtra,Kolhapur,1003,5
Maharashtra,Latur,222,2
Maharashtra,Mumbai,5056,45
Maharashtra,Mumbai City,56,0
Maharashtra,Mumbai( Sub Urban ),7,0
Maharashtra,Nagpur,2009,20
Maharashtra,Nanded,132,0
Maharashtra,Nandurbar,207,1
Maharashtra,Nashik,2941,158
Maharashtra,Osmanabad,645,6
Maharashtra,Parbhani,590,21
Maharashtra,Pune,3950,18
Maharashtra,Raigarh,94,0
Maharashtra,Raigarh(MH),311,0
Maharashtra,Ratnagiri,1166,48
Maharashtra,Sangli,1983,1
Maharashtra,Satara,1131,3
Maharashtra,Sindhudurg,11,0
Maharashtra,Solapur,902,2
Maharashtra,Thane,10411,142
Maharashtra,Wardha,600,21
Maharashtra,Washim,59,1
Maharashtra,Yavatmal,144,0
Manipur,Bishnupur,1152,3
Manipur,Chandel,22,0
Manipur,Churachandpur,24,0
Manipur,Imphal East,300,0
Manipur,Imphal West,310,0
Manipur,Senapati,349,0
Manipur,Tamenglong,2,0
Manipur,Thoubal,1505,0
Manipur,Ukhrul,420,11
Meghalaya,East Khasi Hills,1,0
Meghalaya,West Garo Hills,1,0
Nagaland,Dimapur,17,0
Nagaland,Kiphire,4,0
Nagaland,Kohima,930,4
Nagaland,Mon,452,0
Nagaland,Tuensang,268,0
Nagaland,Wokha,26,0
Nagaland,Zunheboto,11,0
Odisha,Angul,2,0
Odisha,Balangir,11411,27
Odisha,Baleswar,980,15
Odisha,Bargarh,6,1
Odisha,Bhadrak,6,0
Odisha,Cuttack,3312,1
Odisha,Dhenkanal,17,0
Odisha,Ganjam,23,1
Odisha,Jagatsinghapur,8,0
Odisha,Jajapur,41,0
Odisha,Jharsuguda,5,0
Odisha,Kalahandi,1,0
Odisha,Kandhamal,2,0
Odisha,Kendrapara,13,0
Odisha,Kendujhar,409,9
Odisha,Khorda,5,0
Odisha,Khordha,69,0
Odisha,Koraput,1,0
Odisha,Mayurbhanj,6,0
Odisha,Nayagarh,5,0
Odisha,Puri,8,0
Odisha,Rayagada,1,0
Odisha,Sambalpur,6,1
Odisha,Sonapur,46,0
Odisha,Sundergarh,8,0
Others,Others,152,1
Puducherry,Pondicherry,31,15
Puducherry,Puducherry,1,0
Puducherry,Yanam,10,0
Punjab,Amritsar,466,2
Punjab,Barnala,825,6
Punjab,Bathinda,2051,25
Punjab,Chandigarh,1,0
Punjab,Faridkot,138,1
Punjab,Fatehgarh Sahib,13,0
Punjab,Fazilka,1648,106
Punjab,Ferozepur,1934,37
Punjab,Gurdaspur,183,2
Punjab,Hoshiarpur,1075,3
Punjab,Jalandhar,2441,27
Punjab,Kapurthala,834,16
Punjab,Ludhiana,1273,71
Punjab,Mansa,374,6
Punjab,Moga,1725,7
Punjab,Muktsar,101,2
Punjab,Pathankot,5,0
Punjab,Patiala,265,6
Punjab,Rupnagar,190,1
Punjab,SAS Nagar (Mohali),412,6
Punjab,Sangrur,1113,10
Punjab,Shaheed Bhagat Singh Nagar,300,6
Punjab,Sri Muktsar Sahib,780,39
Punjab,Tarn Taran,876,19
Rajasthan,Ajmer,928,1
Rajasthan,Alwar,2268,76
Rajasthan,Banswara,404,6
Rajasthan,Baran,5,0
Rajasthan,Barmer,9872,596
Rajasthan,Bharatpur,92,0
Rajasthan,Bhilwara,287,5
Rajasthan,Bikaner,3946,284
Rajasthan,Bundi,1046,11
Rajasthan,Chittorgarh,939,0
Rajasthan,Churu,1619,29
Rajasthan,Dausa,2393,8
Rajasthan,Dholpur,3,0
Rajasthan,Dungarpur,358,0
Rajasthan,Ganganagar,21,0
Rajasthan,Hanumangarh,97,1
Rajasthan,Jaipur,7067,62
Rajasthan,Jaisalmer,36,0
Rajasthan,Jalor,1482,67
Rajasthan,Jhalawar,5,0
Rajasthan,Jhunjhunu,1284,24
Rajasthan,Jhunjhunun,4984,134
Rajasthan,Jodhpur,549,3
Rajasthan,Karauli,42,0
Rajasthan,Kota,169,7
Rajasthan,Nagaur,3629,96
Rajasthan,Pali,1299,12
Rajasthan,Pratapgarh,551,20
Rajasthan,Rajsamand,5912,65
Rajasthan,Sawai Madhopur,21,1
Rajasthan,Sikar,610,21
Rajasthan,Sirohi,2620,26
Rajasthan,Tonk,371,3
Rajasthan,Udaipur,3155,26
Sikkim,North Sikkim,2,0
Tamil Nadu,Ariyalur,206,0
Tamil Nadu,Chennai,4,0
Tamil Nadu,Coimbatore,8,0
Tamil Nadu,Cuddalore,1080,23
Tamil Nadu,Dharmapuri,18,1
Tamil Nadu,Dindigul,1,0
Tamil Nadu,Erode,320,13
Tamil Nadu,Kancheepuram,4,0
Tamil Nadu,Kanchipuram,7,0
Tamil Nadu,Kanniyakumari,2,0
Tamil Nadu,Kanyakumari,4,1
Tamil Nadu,Karur,1114,9
Tamil Nadu,Krishnagiri,5,0
Tamil Nadu,Madurai,17,0
Tamil Nadu,Nagapattinam,599,3
Tamil Nadu,Namakkal,16,2
Tamil Nadu,Perambalur,39,0
Tamil Nadu,Pudukkottai,270,3
Tamil Nadu,Ramanathapuram,4,0
Tamil Nadu,Salem,5788,78
Tamil Nadu,Sivaganga,4,0
Tamil Nadu,Thanjavur,12,0
Tamil Nadu,The Nilgiris,1,0
Tamil Nadu,Theni,4,0
Tamil Nadu,Thoothukkudi,2,0
Tamil Nadu,Tiruchirappalli,4751,66
Tamil Nadu,Tirunelveli,10,0
Tamil Nadu,Tiruppur,1,0
Tamil Nadu,Tiruvallur,6,0
Tamil Nadu,Tiruvannamalai,6,1
Tamil Nadu,Tiruvarur,1,0
Tamil Nadu,Tuticorin,4,0
Tamil Nadu,Vellore,109,31
Tamil Nadu,Villupuram,2,0
Tamil Nadu,Viluppuram,14,0
Tamil Nadu,Virudhunagar,6,0
Tripura,Dhalai,70,0
Tripura,North Tripura,532,2
Tripura,South Tripura,348,11
Tripura,West Tripura,340,3
Uttar Pradesh,Agra,25,0
Uttar Pradesh,Aligarh,19,0
Uttar Pradesh,Allahabad,36,1
Uttar Pradesh,Ambedkar Nagar,8,0
Uttar Pradesh,Amethi,5,0
Uttar Pradesh,Amroha,8,0
Uttar Pradesh,Auraiya,8,0
Uttar Pradesh,Azamgarh,29,0
Uttar Pradesh,Baghpat,13,0
Uttar Pradesh,Bagpat,12,0
Uttar Pradesh,Bahraich,7,0
Uttar Pradesh,Ballia,29,0
Uttar Pradesh,Balrampur,6,0
Uttar Pradesh,Banda,6,0
Uttar Pradesh,Barabanki,1,0
Uttar Pradesh,Bareilly,13,0
Uttar Pradesh,Basti,14,0
Uttar Pradesh,Bijnor,7,0
Uttar Pradesh,Budaun,10,0
Uttar Pradesh,Bulandshahr,32,0
Uttar Pradesh,Chandauli,16,0
Uttar Pradesh,Chitrakoot,8,0
Uttar Pradesh,Deoria,42,0
Uttar Pradesh,Etah,15,0
Uttar Pradesh,Etawah,9,0
Uttar Pradesh,Faizabad,5,0
Uttar Pradesh,Farrukhabad,9,0
Uttar Pradesh,Fatehpur,12,0
Uttar Pradesh,Firozabad,9,0
Uttar Pradesh,Gautam Buddha Nagar,101,0
Uttar Pradesh,Ghaziabad,89,0
Uttar Pradesh,Ghazipur,38,0
Uttar Pradesh,Gonda,21,0
Uttar Pradesh,Gorakhpur,19,0
Uttar Pradesh,Hamirpur,3,0
Uttar Pradesh,Hapur,65,0
Uttar Pradesh,Hardoi,6,0
Uttar Pradesh,Hathras,3,0
Uttar Pradesh,Jalaun,8,0
Uttar Pradesh,Jaunpur,20,0
Uttar Pradesh,Jhansi,13,1
Uttar Pradesh,Jyotiba Phule Nagar,2,0
Uttar Pradesh,Kannauj,10,0
Uttar Pradesh,Kanpur Dehat,2,0
Uttar Pradesh,Kanpur Nagar,28,1
Uttar Pradesh,Kaushambi,8,0
Uttar Pradesh,Kheri,5,0
Uttar Pradesh,Kushinagar,26,0
Uttar Pradesh,Lalitpur,2,0
Uttar Pradesh,Lucknow,22,0
Uttar Pradesh,Maharajganj,7,0
Uttar Pradesh,Mahoba,2,0
Uttar Pradesh,Mainpuri,6,0
Uttar Pradesh,Mathura,14,0
Uttar Pradesh,Mau,21,0
Uttar Pradesh,Meerut,18,0
Uttar Pradesh,Mirzapur,8,0
Uttar Pradesh,Moradabad,9,0
Uttar Pradesh,Muzaffarnagar,20,0
Uttar Pradesh,Pilibhit,10,0
Uttar Pradesh,Pratapgarh,21,1
Uttar Pradesh,Rae Bareli,3,1
Uttar Pradesh,Raebareli,10,0
Uttar Pradesh,Rampur,8,0
Uttar Pradesh,Saharanpur,35,0
Uttar Pradesh,Sambhal,2,0
Uttar Pradesh,Sant Kabir Nagar,12,0
Uttar Pradesh,Sant Ravidas Nagar,9,0
Uttar Pradesh,Shahjahanpur,5,0
Uttar Pradesh,Shamli,7,0
Uttar Pradesh,Shrawasti,2,0
Uttar Pradesh,Siddharthnagar,7,1
Uttar Pradesh,Sitapur,2,0
Uttar Pradesh,Sonbhadra,6,0
Uttar Pradesh,Sultanpur,25,0
Uttar Pradesh,Unnao,10,0
Uttar Pradesh,Varanasi,23,0
Uttarakhand,Almora,13,0
Uttarakhand,Bageshwar,6,0
Uttarakhand,Chamoli,3,0
Uttarakhand,Dehradun,10,0
Uttarakhand,Garhwal,1,0
Uttarakhand,Hardwar,158,0
Uttarakhand,Haridwar,6,0
Uttarakhand,Nainital,7,0
Uttarakhand,Pauri Garhwal,9,0
Uttarakhand,Pithoragarh,10,0
Uttarakhand,Rudraprayag,2,0
Uttarakhand,Tehri Garhwal,8,0
Uttarakhand,Udham Singh Nagar,7,0
West Bengal,Amta - II,1,0
West Bengal,Bally Jagachha,2,0
West Bengal,Bankura,6,0
West Bengal,Barddhaman,602,32
West Bengal,Bardhaman,1341,23
West Bengal,Birbhum,14,1
West Bengal,Cooch Behar,644,0
West Bengal,Dakshin Dinajpur,1,0
West Bengal,Darjeeling,6,0
West Bengal,Domjur,2,0
West Bengal,East Midnapore,544,41
West Bengal,Hooghly,2515,6
West Bengal,Howrah,38029,185
West Bengal,Jalpaiguri,1092,0
West Bengal,Kolkata,8517,70
West Bengal,Malda,1036,0
West Bengal,Medinipur,1984,14
West Bengal,Murshidabad,231,1
West Bengal,Nadia,10,0
West Bengal,North 24 Parganas,1091,0
West Bengal,North Dinajpur,3,0
West Bengal,Purulia,11,0
West Bengal,South 24 Parganas,9,0
West Bengal,South Dinajpur,3,0
West Bengal,South Twenty Four Parganas,1130,2
West Bengal,West Midnapore,663,1
