State,District,Aadhaar generated,Enrolment Rejected
Andaman and Nicobar Islands,Andamans,0,84
Andaman and Nicobar Islands,South Andaman,0,12
Andhra Pradesh,Adilabad,412,2984
Andhra Pradesh,Anantapur,174,19546
Andhra Pradesh,Ananthapur,3,0
Andhra Pradesh,Chittoor,61,14902
Andhra Pradesh,Cuddapah,6,3538
Andhra Pradesh,East Godavari,854,5367
Andhra Pradesh,Guntur,7,5488
Andhra Pradesh,Hyderabad,677,7587
Andhra Pradesh,K.V.Rangareddy,1059,7207
Andhra Pradesh,Karim Nagar,617,0
Andhra Pradesh,Karimnagar,1,1629
Andhra Pradesh,Khammam,312,633
Andhra Pradesh,Krishna,53,2568
Andhra Pradesh,Kurnool,1557,2421
Andhra Pradesh,Mahabub Nagar,4842,0
Andhra Pradesh,Mahbubnagar,165,1245
Andhra Pradesh,Medak,260,2925
Andhra Pradesh,Nalgonda,4442,1979
Andhra Pradesh,Nellore,246,3754
Andhra Pradesh,Nizamabad,632,1795
Andhra Pradesh,Prakasam,16,2209
Andhra Pradesh,Srikakulam,1051,5542
Andhra Pradesh,Visakhapatnam,125,4925
Andhra Pradesh,Vizianagaram,4742,1480
Andhra Pradesh,Warangal,288,919
Andhra Pradesh,West Godavari,525,3305
Assam,Barpeta,1,1
Assam,Cachar,0,1
Assam,Hailakandi,2,0
Assam,Kamrup,2,0
Assam,Karbi Anglong,1,0
Assam,North Cachar Hills,1,0
Assam,Sibsagar,2,0
Assam,Tinsukia,1,0
Assam,Udalguri,1,0
Bihar,Araria,3,15
Bihar,Arwal,10,4
Bihar,Aurangabad,13,0
Bihar,Aurangabad(BH),6,22
Bihar,Banka,17,2
Bihar,Begusarai,18,14
Bihar,Bhabua,4,1
Bihar,Bhagalpur,17,25
Bihar,Bhojpur,25,41
Bihar,Buxar,15,40
Bihar,Darbhanga,30,40
Bihar,East Champaran,16,16
Bihar,Gaya,37,23
Bihar,Gopalganj,17,13
Bihar,Jamui,4,45
Bihar,Jehanabad,7,17
Bihar,Kaimur (Bhabua),8,0
Bihar,Katihar,1,4
Bihar,Khagaria,13,3
Bihar,Kishanganj,9,104
Bihar,Lakhisarai,7,1
Bihar,Madhepura,11,322
Bihar,Madhubani,23,22
Bihar,Munger,14,5
Bihar,Muzaffarpur,20,31
Bihar,Nalanda,25,48
Bihar,Nawada,12,12
Bihar,Patna,59,330
Bihar,Purnia,5,87
Bihar,Rohtas,16,10
Bihar,Saharsa,14,40
Bihar,Samastipur,26,10
Bihar,Saran,31,22
Bihar,Sheikhpura,5,13
Bihar,Sheohar,2,4
Bihar,Sitamarhi,20,27
Bihar,Siwan,24,27
Bihar,Supaul,5,17
Bihar,Vaishali,23,28
Bihar,West Champaran,12,18
Chandigarh,Chandigarh,211,318
Chandigarh,Mohali,1,0
Chhattisgarh,Bastar,0,1
Chhattisgarh,Bilaspur,3,2
Chhattisgarh,Durg,4,11
Chhattisgarh,Janjgir-champa,0,3
Chhattisgarh,Jashpur,2,1
Chhattisgarh,Koriya,1,0
Chhattisgarh,Mahasamund,166,0
Chhattisgarh,Raigarh,1,0
Chhattisgarh,Raipur,378,99
Chhattisgarh,Rajnandgaon,1,0
Chhattisgarh,Surguja,2,16
Dadra and Nagar Haveli,Dadra and Nagar Haveli,0,10
Daman and Diu,Daman,6,61
Daman and Diu,Diu,0,36
Delhi,Central Delhi,233,2274
Delhi,East Delhi,333,1467
Delhi,Najafgarh,19,0
Delhi,New Delhi,27,0
Delhi,North Delhi,25,477
Delhi,North East,237,2279
Delhi,North East Delhi,45,0
Delhi,North West Delhi,69,2512
Delhi,South Delhi,187,922
Delhi,South West Delhi,430,1144
Delhi,West Delhi,1030,1433
Goa,Bardez,7,0
Goa,Bicholim,2,0
Goa,North Goa,2253,379
Goa,South Goa,1396,273
Gujarat,Ahmadabad,12,1687
Gujarat,Ahmedabad,1601,1
Gujarat,Amreli,495,24
Gujarat,Anand,121,149
Gujarat,Banaskantha,487,150
Gujarat,Bharuch,42,36
Gujarat,Bhavnagar,958,206
Gujarat,Dahod,262,0
Gujarat,Dohad,552,11
Gujarat,Gandhinagar,577,47
Gujarat,Jamnagar,208,140
Gujarat,Junagadh,410,155
Gujarat,Kachchh,193,2
Gujarat,Kheda,192,75
Gujarat,Mahesana,205,339
Gujarat,Narmada,179,0
Gujarat,Navsari,1229,138
Gujarat,Panchmahals,2637,12
Gujarat,Patan,129,236
Gujarat,Porbandar,146,49
Gujarat,Rajkot,692,297
Gujarat,Sabarkantha,715,125
Gujarat,Surat,1471,523
Gujarat,Surendra Nagar,2130,55
Gujarat,Tapi,969,0
Gujarat,The Dangs,53,0
Gujarat,Vadodara,799,53
Gujarat,Valsad,120,161
Haryana,Ambala,348,128
Haryana,Bhiwani,17,29
Haryana,Faridabad,2274,55
Haryana,Fatehabad,4,1
Haryana,Gurgaon,466,78
Haryana,Hathin,2,0
Haryana,Hisar,7,137
Haryana,Jhajjar,15,57
Haryana,Jind,10,24
Haryana,Kaithal,4,2
Haryana,Karnal,2306,656
Haryana,Kurukshetra,3,10
Haryana,Mahendragarh,8,12
Haryana,Mewat,3,0
Haryana,Palwal,77,4
Haryana,Panchkula,30,22
Haryana,Panipat,310,168
Haryana,Rewari,55,12
Haryana,Rohtak,77,42
Haryana,Sirsa,10,312
Haryana,Sonipat,242,219
Haryana,Yamuna Nagar,5,3
Himachal Pradesh,Bilaspur ,6,44
Himachal Pradesh,Chamba,502,28
Himachal Pradesh,Hamirpur,6,93
Himachal Pradesh,Kangra,1027,376
Himachal Pradesh,Kinnaur,1,17
Himachal Pradesh,Kullu,1,110
Himachal Pradesh,Lahul and Spiti,0,26
Himachal Pradesh,Mandi,8,199
Himachal Pradesh,Shimla,486,62
Himachal Pradesh,Sirmaur,645,28
Himachal Pradesh,Solan,713,39
Himachal Pradesh,Una,4,141
Jammu and Kashmir,Bandipore,1,0
Jammu and Kashmir,Baramulla,1,0
Jammu and Kashmir,Jammu,4,3
Jammu and Kashmir,Kargil,0,1
Jammu and Kashmir,Kathua,1,0
Jammu and Kashmir,Leh,0,1
Jammu and Kashmir,Pulwama,1,1
Jammu and Kashmir,Rajouri,2,0
Jharkhand,Bokaro,895,611
Jharkhand,Chatra,19,4
Jharkhand,Deoghar,32,281
Jharkhand,Dhanbad,986,1351
Jharkhand,Dumka,1063,237
Jharkhand,East Singhbhum,261,375
Jharkhand,Garhwa,315,1282
Jharkhand,Giridih,1521,1212
Jharkhand,Godda,25,170
Jharkhand,Gumla,1598,832
Jharkhand,Hazaribag,748,0
Jharkhand,Hazaribagh,1995,561
Jharkhand,Jamtara,55,103
Jharkhand,Khunti,314,157
Jharkhand,Kodarma,0,177
Jharkhand,Koderma,17,0
Jharkhand,Latehar,26,6
Jharkhand,Lohardaga,95,128
Jharkhand,Pakaur,0,38
Jharkhand,Pakur,23,0
Jharkhand,Palamau,320,1958
Jharkhand,Palamu,1975,2
Jharkhand,Ramgarh,184,357
Jharkhand,Ranchi,1935,1085
Jharkhand,Sahebganj,6,32
Jharkhand,Seraikela-Kharsawan,100,314
Jharkhand,Simdega,784,42
Jharkhand,West Singhbhum,114,285
Karnataka,Bagalkot,9,784
Karnataka,Bangalore,4495,1630
Karnataka,Bangalore Rural,12,30
Karnataka,Belgaum,13,1288
Karnataka,Bellary,77,603
Karnataka,Bidar,4,3889
Karnataka,Bijapur,1,0
Karnataka,Bijapur(KAR),38,521
Karnataka,Chamarajanagar,2,54
Karnataka,Chamrajnagar,6,0
Karnataka,Chickmagalur,25,59
Karnataka,Chikkaballapur,44,115
Karnataka,Chitradurga,20,51
Karnataka,Dakshina Kannada,7,46
Karnataka,Davangere,798,121
Karnataka,Dharwad,2924,439
Karnataka,Gadag,89,774
Karnataka,Gulbarga,19,1812
Karnataka,Hassan,60,95
Karnataka,Haveri,373,301
Karnataka,Kodagu,3,35
Karnataka,Kolar,9,63
Karnataka,Koppal,4,1009
Karnataka,Mandya,15,149
Karnataka,Mysore,16,3954
Karnataka,Raichur,4,468
Karnataka,Ramanagar,248,19
Karnataka,Shimoga,58,39
Karnataka,Tumkur,28,3959
Karnataka,Udupi,5,14
Karnataka,Uttara Kannada,7,807
Karnataka,Yadgir,8,896
Kerala,Alappuzha,7446,109
Kerala,Ernakulam,16921,291
Kerala,Idukki,11069,341
Kerala,Kannur,15138,55
Kerala,Kasaragod,29,0
Kerala,Kasargod,1745,33
Kerala,Kollam,1267,142
Kerala,Kottayam,9233,104
Kerala,Kozhikode,16050,98
Kerala,Malappuram,4306,169
Kerala,Palakkad,11737,1053
Kerala,Pathanamthitta,2558,71
Kerala,Thiruvananthapuram,7816,627
Kerala,Thrissur,6678,71
Kerala,Wayanad,3678,37
Lakshadweep,Lakshadweep,1,0
Madhya Pradesh,Anuppur,28,0
Madhya Pradesh,Ashok Nagar,331,1
Madhya Pradesh,Balaghat,9,9
Madhya Pradesh,Barwani,95,0
Madhya Pradesh,Betul,1461,36
Madhya Pradesh,Bhind,259,4
Madhya Pradesh,Bhopal,4713,635
Madhya Pradesh,Burhanpur,3,117
Madhya Pradesh,Chhatarpur,153,82
Madhya Pradesh,Chhindwara,21,362
Madhya Pradesh,Damoh,769,7
Madhya Pradesh,Datia,531,2
Madhya Pradesh,Dewas,62,477
Madhya Pradesh,Dhar,428,179
Madhya Pradesh,Guna,1428,100
Madhya Pradesh,Gwalior,712,292
Madhya Pradesh,Harda,10,303
Madhya Pradesh,Hoshangabad,22,815
Madhya Pradesh,Indore,4219,1362
Madhya Pradesh,Jabalpur,1220,296
Madhya Pradesh,Jhabua,116,1
Madhya Pradesh,Katni,405,29
Madhya Pradesh,Khandwa,59,1080
Madhya Pradesh,Khargone,364,58
Madhya Pradesh,Mandla,3,68
Madhya Pradesh,Mandsaur,3,14
Madhya Pradesh,Morena,100,26
Madhya Pradesh,Narsinghpur,4,130
Madhya Pradesh,Neemuch,14,248
Madhya Pradesh,Panna,54,0
Madhya Pradesh,Raisen,309,84
Madhya Pradesh,Rajgarh,1241,23
Madhya Pradesh,Ratlam,48,238
Madhya Pradesh,Rewa,360,10
Madhya Pradesh,Sagar,1529,17
Madhya Pradesh,Satna,185,9
Madhya Pradesh,Sehore,898,2
Madhya Pradesh,Seoni,664,11
Madhya Pradesh,Shahdol,11,3
Madhya Pradesh,Shajapur,29,581
Madhya Pradesh,Sheopur,9,1
Madhya Pradesh,Shivpuri,43,102
Madhya Pradesh,Sidhi,8,20
Madhya Pradesh,Singrauli,8,0
Madhya Pradesh,Tikamgarh,306,2
Madhya Pradesh,Ujjain,1418,203
Madhya Pradesh,Umaria,2,0
Madhya Pradesh,Vidisha,470,142
Maharashtra,Ahmadnagar,48,0
Maharashtra,Ahmed Nagar,1071,1687
Maharashtra,Akola,148,856
Maharashtra,Amravati,5723,1321
Maharashtra,Aurangabad,311,1854
Maharashtra,Beed,20,589
Maharashtra,Bhandara,19,549
Maharashtra,Buldhana,172,1263
Maharashtra,Chandrapur,635,1052
Maharashtra,Dhule,2168,1933
Maharashtra,Gadchiroli,23,164
Maharashtra,Gondia,14,0
Maharashtra,Gondiya,3,1944
Maharashtra,Hingoli,219,726
Maharashtra,Jalgaon,452,1906
Maharashtra,Jalna,147,1614
Maharashtra,Kolhapur,483,679
Maharashtra,Latur,691,1226
Maharashtra,Mumbai,3075,4128
Maharashtra,Mumbai City,7,12
Maharashtra,Mumbai( Sub Urban ),6,311
Maharashtra,Nagpur,338,2323
Maharashtra,Nanded,67,2615
Maharashtra,Nandurbar,114,736
Maharashtra,Nashik,1572,1586
Maharashtra,Osmanabad,353,310
Maharashtra,Parbhani,144,95
Maharashtra,Pune,965,2237
Maharashtra,Raigarh,2,0
Maharashtra,Raigarh(MH),73,387
Maharashtra,Ratnagiri,29,644
Maharashtra,Sangli,1098,1843
Maharashtra,Satara,254,1682
Maharashtra,Sindhudurg,9,57
Maharashtra,Solapur,247,2082
Maharashtra,Thane,7663,1293
Maharashtra,Wardha,162,2026
Maharashtra,Washim,82,201
Maharashtra,Yavatmal,33,847
Manipur,Bishnupur,2743,12
Manipur,Chandel,2,72
Manipur,Churachandpur,4,51
Manipur,Imphal East,1,8
Manipur,Imphal West,0,18
Manipur,Senapati,958,13
Manipur,Tamenglong,0,1
Manipur,Thoubal,813,8
Manipur,Ukhrul,174,0
Meghalaya,East Khasi Hills,1,0
Mizoram,Aizawl,0,5
Mizoram,Kolasib,0,1
Nagaland,Dimapur,10,35
Nagaland,Kohima,8,2
Nagaland,Mokokchung,0,3
Nagaland,Phek,0,9
Nagaland,Tuensang,0,21
Nagaland,Wokha,0,2928
Nagaland,Zunheboto,2,16726
Odisha,Angul,4,0
Odisha,Anugul,0,18
Odisha,Balangir,2605,278
Odisha,Baleswar,861,471
Odisha,Bargarh,2,1
Odisha,Baudh,0,1
Odisha,Bhadrak,2,192
Odisha,Cuttack,151,1585
Odisha,Dhenkanal,22,57
Odisha,Gajapati,0,7
Odisha,Ganjam,12,317
Odisha,Jagatsinghapur,30,5
Odisha,Jajapur,91,129
Odisha,Jharsuguda,2,12
Odisha,Kalahandi,1,1
Odisha,Kandhamal,1,3
Odisha,Kendrapara,18,25
Odisha,Kendujhar,555,6
Odisha,Khorda,8,0
Odisha,Khordha,160,603
Odisha,Koraput,0,12
Odisha,Malkangiri,0,2
Odisha,Mayurbhanj,7,8
Odisha,Nayagarh,1,186
Odisha,Nuapada,1,0
Odisha,Puri,25,232
Odisha,Rayagada,0,158
Odisha,Sambalpur,0,3
Odisha,Sonapur,7,3
Odisha,Sundergarh,1,122
Others,Others,1,134
Puducherry,Pondicherry,0,483
Punjab,Amritsar,426,532
Punjab,Barnala,448,85
Punjab,Bathinda,715,166
Punjab,Faridkot,634,47
Punjab,Fatehgarh Sahib,238,227
Punjab,Fazilka,69,196
Punjab,Ferozepur,79,728
Punjab,Gurdaspur,436,1197
Punjab,Hoshiarpur,226,434
Punjab,Jalandhar,282,376
Punjab,Kapurthala,114,386
Punjab,Ludhiana,676,648
Punjab,Mansa,169,37
Punjab,Moga,2820,164
Punjab,Muktsar,51,208
Punjab,Nawanshahr,2,126
Punjab,Patiala,154,251
Punjab,Rupnagar,32,104
Punjab,SAS Nagar (Mohali),12,182
Punjab,Sangrur,1870,275
Punjab,Shaheed Bhagat Singh Nagar,199,0
Punjab,Sri Muktsar Sahib,251,3
Punjab,Tarn Taran,11,223
Rajasthan,Ajmer,66,529
Rajasthan,Alwar,3039,250
Rajasthan,Banswara,34,120
Rajasthan,Baran,0,491
Rajasthan,Barmer,2627,500
Rajasthan,Bharatpur,26,67
Rajasthan,Bhilwara,106,109
Rajasthan,Bikaner,1552,217
Rajasthan,Bundi,113,360
Rajasthan,Chittorgarh,65,292
Rajasthan,Churu,1175,60
Rajasthan,Dausa,578,505
Rajasthan,Dholpur,3,54
Rajasthan,Dungarpur,7,23
Rajasthan,Ganganagar,11,196
Rajasthan,Hanumangarh,220,59
Rajasthan,Jaipur,3505,1762
Rajasthan,Jaisalmer,2,14
Rajasthan,Jalor,429,379
Rajasthan,Jhalawar,4,287
Rajasthan,Jhunjhunu,411,3
Rajasthan,Jhunjhunun,587,802
Rajasthan,Jodhpur,499,223
Rajasthan,Karauli,29,37
Rajasthan,Kota,596,1423
Rajasthan,Nagaur,2200,108
Rajasthan,Pali,335,166
Rajasthan,Pratapgarh,42,15
Rajasthan,Rajsamand,512,328
Rajasthan,Sawai Madhopur,8,181
Rajasthan,Sikar,245,584
Rajasthan,Sirohi,3,349
Rajasthan,Tonk,27,130
Rajasthan,Udaipur,38,604
Sikkim,East Sikkim,1,150
Sikkim,South Sikkim,0,105
Sikkim,West Sikkim,0,50
Tamil Nadu,Ariyalur,32,37
Tamil Nadu,Chennai,6,78
Tamil Nadu,Coimbatore,4,212
Tamil Nadu,Cuddalore,136,338
Tamil Nadu,Dharmapuri,3,4
Tamil Nadu,Dindigul,3,131
Tamil Nadu,Erode,746,976
Tamil Nadu,Kanchipuram,3,58
Tamil Nadu,Kanniyakumari,1,0
Tamil Nadu,Kanyakumari,1,8
Tamil Nadu,Karur,2854,1018
Tamil Nadu,Krishnagiri,1,0
Tamil Nadu,Madurai,12,140
Tamil Nadu,Nagapattinam,611,40
Tamil Nadu,Namakkal,0,43
Tamil Nadu,Nilgiris,0,1
Tamil Nadu,Perambalur,0,441
Tamil Nadu,Pudukkottai,1427,7317
Tamil Nadu,Ramanathapuram,0,1
Tamil Nadu,Salem,1,92
Tamil Nadu,Sivaganga,0,11
Tamil Nadu,Thanjavur,2,14
Tamil Nadu,Theni,3,184
Tamil Nadu,Thiruvarur,1,0
Tamil Nadu,Thoothukkudi,1,2
Tamil Nadu,Tiruchirappalli,12,351
Tamil Nadu,Tirunelveli,5,29
Tamil Nadu,Tiruppur,1,0
Tamil Nadu,Tiruvallur,2,94
Tamil Nadu,Tiruvannamalai,1,213
Tamil Nadu,Tuticorin,2,0
Tamil Nadu,Vellore,4,258
Tamil Nadu,Villupuram,2,28
Tamil Nadu,Viluppuram,2,0
Tamil Nadu,Virudhunagar,3,106
Tripura,Dhalai,0,510
Tripura,North Tripura,0,623
Tripura,South Tripura,0,644
Tripura,West Tripura,10,955
Uttar Pradesh,Agra,18,790
Uttar Pradesh,Aligarh,14,225
Uttar Pradesh,Allahabad,29,87
Uttar Pradesh,Ambedkar Nagar,6,219
Uttar Pradesh,Amethi,2,0
Uttar Pradesh,Amroha,4,0
Uttar Pradesh,Auraiya,3,795
Uttar Pradesh,Azamgarh,25,34
Uttar Pradesh,Baghpat,13,25
Uttar Pradesh,Bagpat,5,0
Uttar Pradesh,Bahraich,4,2
Uttar Pradesh,Ballia,16,58
Uttar Pradesh,Balrampur,2,10
Uttar Pradesh,Banda,4,3
Uttar Pradesh,Bara Banki,2,0
Uttar Pradesh,Barabanki,4,404
Uttar Pradesh,Bareilly,10,672
Uttar Pradesh,Basti,8,191
Uttar Pradesh,Bijnor,9,99
Uttar Pradesh,Budaun,3,3
Uttar Pradesh,Bulandshahar,0,22
Uttar Pradesh,Bulandshahr,16,0
Uttar Pradesh,Chandauli,12,12
Uttar Pradesh,Chitrakoot,6,1
Uttar Pradesh,Deoria,18,372
Uttar Pradesh,Etah,6,17
Uttar Pradesh,Etawah,10,389
Uttar Pradesh,Faizabad,6,113
Uttar Pradesh,Farrukhabad,3,116
Uttar Pradesh,Fatehpur,6,6
Uttar Pradesh,Firozabad,7,1888
Uttar Pradesh,Gautam Buddha Nagar,26,115
Uttar Pradesh,Ghaziabad,82,334
Uttar Pradesh,Ghazipur,33,759
Uttar Pradesh,Gonda,11,18
Uttar Pradesh,Gorakhpur,20,131
Uttar Pradesh,Hamirpur,2,0
Uttar Pradesh,Hapur,55,0
Uttar Pradesh,Hardoi,5,95
Uttar Pradesh,Hathras,10,158
Uttar Pradesh,Jalaun,10,10
Uttar Pradesh,Jaunpur,21,13
Uttar Pradesh,Jhansi,10,238
Uttar Pradesh,Jyotiba Phule Nagar,1,32
Uttar Pradesh,Kannauj,4,158
Uttar Pradesh,Kanpur Dehat,3,32
Uttar Pradesh,Kanpur Nagar,18,2553
Uttar Pradesh,Kasganj,1,0
Uttar Pradesh,Kaushambi,7,2
Uttar Pradesh,Kheri,0,60
Uttar Pradesh,Kushinagar,9,107
Uttar Pradesh,Lalitpur,0,155
Uttar Pradesh,Lucknow,16,1061
Uttar Pradesh,Maharajganj,8,0
Uttar Pradesh,Mahoba,0,111
Uttar Pradesh,Mahrajganj,0,3
Uttar Pradesh,Mainpuri,3,299
Uttar Pradesh,Mathura,12,253
Uttar Pradesh,Mau,8,8
Uttar Pradesh,Meerut,15,27
Uttar Pradesh,Mirzapur,8,13
Uttar Pradesh,Moradabad,5,549
Uttar Pradesh,Muzaffarnagar,18,10
Uttar Pradesh,Pilibhit,5,69
Uttar Pradesh,Pratapgarh,9,15
Uttar Pradesh,Rae Bareli,3,0
Uttar Pradesh,Raebareli,10,138
Uttar Pradesh,Rampur,5,57
Uttar Pradesh,Saharanpur,8,63
Uttar Pradesh,Sant Kabir Nagar,2,17
Uttar Pradesh,Sant Ravidas Nagar,7,0
Uttar Pradesh,Sant Ravidas Nagar Bhadohi,0,9
Uttar Pradesh,Shahjahanpur,4,77
Uttar Pradesh,Shamli,3,0
Uttar Pradesh,Shrawasti,3,0
Uttar Pradesh,Siddharthnagar,13,7
Uttar Pradesh,Sitapur,3,68
Uttar Pradesh,Sonbhadra,4,4
Uttar Pradesh,Sultanpur,10,117
Uttar Pradesh,Unnao,6,335
Uttar Pradesh,Varanasi,24,31
Uttarakhand,Almora,3,17
Uttarakhand,Bageshwar,7,4
Uttarakhand,Chamoli,0,3
Uttarakhand,Champawat,2,9
Uttarakhand,Dehradun,13,75
Uttarakhand,Garhwal,0,16
Uttarakhand,Hardwar,0,52
Uttarakhand,Haridwar,4,0
Uttarakhand,Nainital,15,66
Uttarakhand,Pauri Garhwal,5,0
Uttarakhand,Pithoragarh,11,2
Uttarakhand,Rudraprayag,1,2
Uttarakhand,Tehri Garhwal,3,1
Uttarakhand,Udham Singh Nagar,7,137
Uttarakhand,Uttarkashi,0,1
West Bengal,Bankura,5,7
West Bengal,Barddhaman,169,64
West Bengal,Bardhaman,231,0
West Bengal,Birbhum,4,3
West Bengal,Cooch Behar,8,3
West Bengal,Dakshin Dinajpur,0,3
West Bengal,Darjeeling,7,9
West Bengal,Domjur,2,0
West Bengal,East Midnapore,398,6
West Bengal,Hooghly,933,33
West Bengal,Howrah,2170,199
West Bengal,Jalpaiguri,3,16
West Bengal,Kolkata,1056,400
West Bengal,Malda,5,6
West Bengal,Medinipur,1827,5
West Bengal,Murshidabad,4,37
West Bengal,Nadia,19,18
West Bengal,North 24 Parganas,52,44
West Bengal,North Dinajpur,1,7
West Bengal,Purulia,4,7
West Bengal,South 24 Parganas,5,0
West Bengal,South Dinajpur,1,0
West Bengal,South Twenty Four Parganas,58,25
West Bengal,West Midnapore,445,13
