State,District,Aadhaar generated,Enrolment Rejected
Andhra Pradesh,Adilabad,38,3
Andhra Pradesh,Anantapur,12,1
Andhra Pradesh,Chittoor,18,0
Andhra Pradesh,Cuddapah,1,0
Andhra Pradesh,East Godavari,173,4
Andhra Pradesh,Guntur,1,0
Andhra Pradesh,Hyderabad,116,1
Andhra Pradesh,K.V.Rangareddy,474,2
Andhra Pradesh,Karim Nagar,125,1
Andhra Pradesh,Karimnagar,4,0
Andhra Pradesh,Khammam,161,1
Andhra Pradesh,Krishna,104,1
Andhra Pradesh,Kurnool,227,12
Andhra Pradesh,Mahabub Nagar,411,7
Andhra Pradesh,Mahbubnagar,35,0
Andhra Pradesh,Medak,134,0
Andhra Pradesh,Nalgonda,165,11
Andhra Pradesh,Nellore,4,0
Andhra Pradesh,Nizamabad,182,3
Andhra Pradesh,Prakasam,1,0
Andhra Pradesh,Srikakulam,683,12
Andhra Pradesh,Visakhapatnam,5,2
Andhra Pradesh,Vizianagaram,751,14
Andhra Pradesh,Warangal,315,3
Andhra Pradesh,West Godavari,135,0
Assam,Dhemaji,1,0
Bihar,Aurangabad(BH),2,0
Bihar,Banka,1,0
Bihar,Begusarai,1,0
Bihar,Bhagalpur,1,0
Bihar,Bhojpur,4,0
Bihar,Buxar,2,0
Bihar,Darbhanga,2,0
Bihar,East Champaran,5,0
Bihar,Jehanabad,3,0
Bihar,Madhepura,1,0
Bihar,Madhubani,2,0
Bihar,Munger,3,0
Bihar,Muzaffarpur,4,0
Bihar,Nawada,2,0
Bihar,Patna,17,2
Bihar,Purnia,1,0
Bihar,Rohtas,1,0
Bihar,Saharsa,1,0
Bihar,Samastipur,4,0
Bihar,Saran,1,0
Bihar,Sheikhpura,1,0
Bihar,Sitamarhi,1,0
Bihar,Siwan,2,0
Bihar,Supaul,1,0
Chandigarh,Chandigarh,26,0
Chhattisgarh,Bilaspur,1,0
Chhattisgarh,Jashpur,1,0
Chhattisgarh,Raipur,1,0
Daman and Diu,Daman,5,0
Delhi,Central Delhi,70,0
Delhi,East Delhi,341,0
Delhi,Najafgarh,107,0
Delhi,New Delhi,1,0
Delhi,North Delhi,20,0
Delhi,North East,297,1
Delhi,North East Delhi,1,0
Delhi,North West Delhi,542,4
Delhi,South Delhi,237,5
Delhi,South West Delhi,840,3
Delhi,West Delhi,279,23
Goa,Bardez,5,0
Goa,North Goa,179,15
Goa,South Goa,51,5
Gujarat,Ahmedabad,48,2
Gujarat,Amreli,18,1
Gujarat,Anand,213,0
Gujarat,Banaskantha,12,1
Gujarat,Bharuch,1,0
Gujarat,Bhavnagar,1,0
Gujarat,Dahod,2,0
Gujarat,Dohad,1,0
Gujarat,Gandhinagar,88,1
Gujarat,Jamnagar,10,0
Gujarat,Junagadh,16,0
Gujarat,Kachchh,6,1
Gujarat,Kheda,0,1
Gujarat,Mahesana,33,0
Gujarat,Narmada,1,1
Gujarat,Navsari,24,1
Gujarat,Panchmahals,206,6
Gujarat,Patan,42,1
Gujarat,Porbandar,107,9
Gujarat,Rajkot,83,5
Gujarat,Sabarkantha,168,8
Gujarat,Surat,165,5
Gujarat,Surendra Nagar,89,7
Gujarat,Tapi,1,0
Gujarat,The Dangs,2,0
Gujarat,Vadodara,22,0
Gujarat,Valsad,39,0
Haryana,Ambala,55,1
Haryana,Bhiwani,1,0
Haryana,Faridabad,240,14
Haryana,Gurgaon,141,1
Haryana,Hisar,1,0
Haryana,Jhajjar,1,0
Haryana,Jind,5,0
Haryana,Karnal,56,2
Haryana,Mahendragarh,2,0
Haryana,Palwal,1,0
Haryana,Panchkula,1,0
Haryana,Panipat,3,0
Haryana,Rewari,34,0
Haryana,Sonipat,28,1
Haryana,Yamuna Nagar,3,0
Himachal Pradesh,Bilaspur ,1,0
Himachal Pradesh,Chamba,500,20
Himachal Pradesh,Hamirpur,3,0
Himachal Pradesh,Kangra,301,11
Himachal Pradesh,Kullu,1,0
Himachal Pradesh,Mandi,1,0
Himachal Pradesh,Shimla,177,6
Himachal Pradesh,Sirmaur,606,3
Himachal Pradesh,Solan,152,9
Himachal Pradesh,Una,1,0
Jammu and Kashmir,Jammu,1,0
Jharkhand,Bokaro,187,0
Jharkhand,Chatra,10,0
Jharkhand,Deoghar,19,0
Jharkhand,Dhanbad,134,1
Jharkhand,Dumka,116,10
Jharkhand,East Singhbhum,50,0
Jharkhand,Garhwa,138,18
Jharkhand,Giridih,63,11
Jharkhand,Godda,33,0
Jharkhand,Gumla,180,31
Jharkhand,Hazaribag,366,1
Jharkhand,Hazaribagh,393,4
Jharkhand,Jamtara,1,0
Jharkhand,Khunti,12,0
Jharkhand,Kodarma,2,0
Jharkhand,Koderma,11,0
Jharkhand,Latehar,5,0
Jharkhand,Lohardaga,57,2
Jharkhand,Pakaur,283,40
Jharkhand,Pakur,7,0
Jharkhand,Palamau,43,0
Jharkhand,Palamu,38,0
Jharkhand,Ramgarh,45,2
Jharkhand,Ranchi,402,6
Jharkhand,Sahebganj,7,1
Jharkhand,Seraikela-Kharsawan,13,0
Jharkhand,Simdega,31,2
Jharkhand,West Singhbhum,35,0
Karnataka,Bagalkot,9,0
Karnataka,Bangalore,340,11
Karnataka,Bangalore Rural,3,0
Karnataka,Belgaum,2,0
Karnataka,Bellary,2,0
Karnataka,Bidar,1,0
Karnataka,Bijapur(KAR),4,0
Karnataka,Chamarajanagar,1,0
Karnataka,Chickmagalur,1,1
Karnataka,Chikkaballapur,6,0
Karnataka,Chitradurga,186,3
Karnataka,Davangere,204,3
Karnataka,Dharwad,17,0
Karnataka,Gadag,1,0
Karnataka,Hassan,3,0
Karnataka,Haveri,50,0
Karnataka,Kolar,3,0
Karnataka,Mandya,2,0
Karnataka,Mysore,295,3
Karnataka,Ramanagar,8,1
Karnataka,Shimoga,20,0
Kerala,Alappuzha,748,5
Kerala,Ernakulam,4216,23
Kerala,Idukki,1350,1
Kerala,Kannur,1378,3
Kerala,Kasaragod,14,0
Kerala,Kasargod,457,2
Kerala,Kollam,194,2
Kerala,Kottayam,4265,12
Kerala,Kozhikode,762,0
Kerala,Malappuram,339,0
Kerala,Palakkad,1793,35
Kerala,Pathanamthitta,97,1
Kerala,Thiruvananthapuram,1011,8
Kerala,Thrissur,1178,28
Kerala,Wayanad,18,0
Lakshadweep,Lakshadweep,38,0
Madhya Pradesh,Anuppur,11,0
Madhya Pradesh,Ashok Nagar,5,0
Madhya Pradesh,Barwani,105,12
Madhya Pradesh,Betul,59,1
Madhya Pradesh,Bhind,10,0
Madhya Pradesh,Bhopal,456,21
Madhya Pradesh,Burhanpur,7,0
Madhya Pradesh,Chhatarpur,16,0
Madhya Pradesh,Chhindwara,1,0
Madhya Pradesh,Damoh,121,3
Madhya Pradesh,Datia,16,0
Madhya Pradesh,Dewas,40,5
Madhya Pradesh,Dhar,163,1
Madhya Pradesh,Guna,126,0
Madhya Pradesh,Gwalior,209,8
Madhya Pradesh,Harda,4,0
Madhya Pradesh,Hoshangabad,1,0
Madhya Pradesh,Indore,440,5
Madhya Pradesh,Jabalpur,654,17
Madhya Pradesh,Jhabua,5,0
Madhya Pradesh,Katni,58,1
Madhya Pradesh,Khandwa,14,2
Madhya Pradesh,Khargone,139,1
Madhya Pradesh,Mandsaur,53,145
Madhya Pradesh,Morena,12,0
Madhya Pradesh,Narsinghpur,1,0
Madhya Pradesh,Neemuch,13,77
Madhya Pradesh,Panna,3,1
Madhya Pradesh,Raisen,40,3
Madhya Pradesh,Rajgarh,131,8
Madhya Pradesh,Ratlam,52,51
Madhya Pradesh,Rewa,47,13
Madhya Pradesh,Sagar,61,1
Madhya Pradesh,Satna,52,0
Madhya Pradesh,Sehore,341,8
Madhya Pradesh,Seoni,46,2
Madhya Pradesh,Shahdol,5,0
Madhya Pradesh,Shajapur,60,1
Madhya Pradesh,Sheopur,6,0
Madhya Pradesh,Shivpuri,11,0
Madhya Pradesh,Sidhi,1,0
Madhya Pradesh,Tikamgarh,9,0
Madhya Pradesh,Ujjain,175,9
Madhya Pradesh,Umaria,1,0
Madhya Pradesh,Vidisha,235,15
Maharashtra,Ahmadnagar,54,0
Maharashtra,Ahmed Nagar,79,0
Maharashtra,Akola,23,0
Maharashtra,Amravati,377,1
Maharashtra,Aurangabad,33,2
Maharashtra,Beed,2,0
Maharashtra,Bhandara,3,0
Maharashtra,Buldhana,161,0
Maharashtra,Chandrapur,77,0
Maharashtra,Dhule,106,4
Maharashtra,Gondia,184,2
Maharashtra,Hingoli,1,0
Maharashtra,Jalgaon,83,1
Maharashtra,Jalna,368,0
Maharashtra,Kolhapur,113,0
Maharashtra,Latur,6,0
Maharashtra,Mumbai,793,6
Maharashtra,Mumbai City,23,0
Maharashtra,Nagpur,234,7
Maharashtra,Nanded,2,0
Maharashtra,Nandurbar,0,1
Maharashtra,Nashik,213,21
Maharashtra,Osmanabad,32,1
Maharashtra,Parbhani,12,1
Maharashtra,Pune,464,3
Maharashtra,Raigarh,5,0
Maharashtra,Raigarh(MH),18,0
Maharashtra,Ratnagiri,564,0
Maharashtra,Sangli,145,0
Maharashtra,Satara,11,0
Maharashtra,Sindhudurg,3,0
Maharashtra,Solapur,24,0
Maharashtra,Thane,1017,5
Maharashtra,Wardha,10,0
Maharashtra,Yavatmal,5,0
Manipur,Bishnupur,9,0
Manipur,Chandel,107,2
Manipur,Churachandpur,235,3
Manipur,Imphal East,286,0
Manipur,Imphal West,114,2
Manipur,Senapati,4,0
Manipur,Tamenglong,28,4
Manipur,Thoubal,97,0
Nagaland,Dimapur,82,8
Nagaland,Kohima,952,20
Nagaland,Mokokchung,0,3
Nagaland,Mon,1,0
Nagaland,Phek,150,0
Nagaland,Tuensang,206,0
Nagaland,Wokha,1,0
Nagaland,Zunheboto,3,0
Odisha,Balangir,5853,27
Odisha,Baleswar,392,0
Odisha,Bhadrak,2,0
Odisha,Cuttack,1220,8
Odisha,Dhenkanal,2,0
Odisha,Ganjam,2,0
Odisha,Kendrapara,1,0
Odisha,Kendujhar,292,7
Odisha,Khorda,2,0
Odisha,Khordha,106,0
Odisha,Mayurbhanj,0,1
Odisha,Sonapur,360,0
Odisha,Sundergarh,1,0
Others,Others,0,4
Punjab,Amritsar,18,0
Punjab,Barnala,200,3
Punjab,Bathinda,32,0
Punjab,Faridkot,44,0
Punjab,Fazilka,128,10
Punjab,Ferozepur,180,1
Punjab,Gurdaspur,6,0
Punjab,Hoshiarpur,106,1
Punjab,Jalandhar,277,1
Punjab,Kapurthala,19,1
Punjab,Ludhiana,210,4
Punjab,Mansa,1,0
Punjab,Moga,56,1
Punjab,Muktsar,15,0
Punjab,Pathankot,2,0
Punjab,Patiala,86,3
Punjab,Rupnagar,17,0
Punjab,SAS Nagar (Mohali),3,0
Punjab,Sangrur,76,0
Punjab,Shaheed Bhagat Singh Nagar,2,0
Punjab,Sri Muktsar Sahib,123,2
Punjab,Tarn Taran,53,0
Rajasthan,Ajmer,86,2
Rajasthan,Alwar,371,11
Rajasthan,Banswara,8,0
Rajasthan,Barmer,1320,89
Rajasthan,Bharatpur,5,0
Rajasthan,Bhilwara,12,0
Rajasthan,Bikaner,517,22
Rajasthan,Bundi,16,0
Rajasthan,Chittorgarh,62,0
Rajasthan,Churu,151,2
Rajasthan,Dausa,217,2
Rajasthan,Dholpur,1,0
Rajasthan,Dungarpur,9,0
Rajasthan,Ganganagar,1,0
Rajasthan,Hanumangarh,21,0
Rajasthan,Jaipur,1568,9
Rajasthan,Jaisalmer,3,0
Rajasthan,Jalor,338,5
Rajasthan,Jhunjhunu,372,9
Rajasthan,Jhunjhunun,129,11
Rajasthan,Jodhpur,8,1
Rajasthan,Karauli,2,0
Rajasthan,Kota,124,8
Rajasthan,Nagaur,908,56
Rajasthan,Pali,147,2
Rajasthan,Pratapgarh,5,0
Rajasthan,Rajsamand,481,8
Rajasthan,Sawai Madhopur,1,0
Rajasthan,Sikar,142,20
Rajasthan,Sirohi,17,0
Rajasthan,Tonk,4,3
Rajasthan,Udaipur,40,5
Tamil Nadu,Chennai,6,0
Tamil Nadu,Cuddalore,47,0
Tamil Nadu,Dharmapuri,1,0
Tamil Nadu,Dindigul,3,0
Tamil Nadu,Erode,172,2
Tamil Nadu,Kancheepuram,1,0
Tamil Nadu,Kanchipuram,1,0
Tamil Nadu,Karur,980,2
Tamil Nadu,Madurai,1,0
Tamil Nadu,Nagapattinam,132,1
Tamil Nadu,Namakkal,1,0
Tamil Nadu,Pudukkottai,563,1
Tamil Nadu,Salem,269,0
Tamil Nadu,Sivaganga,1,0
Tamil Nadu,Thanjavur,1,0
Tamil Nadu,Theni,1,0
Tamil Nadu,Tiruchirappalli,272,2
Tamil Nadu,Tiruvallur,26,0
Tamil Nadu,Tiruvannamalai,1,0
Tamil Nadu,Vellore,13,0
Tamil Nadu,Viluppuram,2,0
Tripura,Dhalai,7,1
Tripura,North Tripura,37,3
Tripura,South Tripura,40,6
Tripura,West Tripura,29,6
Uttar Pradesh,Auraiya,1,0
Uttar Pradesh,Azamgarh,1,0
Uttar Pradesh,Bareilly,2,0
Uttar Pradesh,Bijnor,2,0
Uttar Pradesh,Deoria,1,0
Uttar Pradesh,Etah,2,0
Uttar Pradesh,Etawah,0,1
Uttar Pradesh,Faizabad,1,0
Uttar Pradesh,Gautam Buddha Nagar,3,0
Uttar Pradesh,Ghaziabad,9,0
Uttar Pradesh,Gorakhpur,2,0
Uttar Pradesh,Jalaun,1,0
Uttar Pradesh,Jaunpur,2,0
Uttar Pradesh,Jhansi,1,0
Uttar Pradesh,Lucknow,1,0
Uttar Pradesh,Maharajganj,1,0
Uttar Pradesh,Mahoba,1,0
Uttar Pradesh,Mathura,1,0
Uttar Pradesh,Muzaffarnagar,2,0
Uttar Pradesh,Raebareli,2,0
Uttar Pradesh,Shrawasti,1,0
Uttarakhand,Almora,1,0
Uttarakhand,Bageshwar,5,0
Uttarakhand,Chamoli,1,0
Uttarakhand,Dehradun,5,0
Uttarakhand,Haridwar,1,0
Uttarakhand,Nainital,6,0
Uttarakhand,Pauri Garhwal,2,0
Uttarakhand,Pithoragarh,6,0
Uttarakhand,Udham Singh Nagar,5,0
West Bengal,Bankura,1,0
West Bengal,Barddhaman,1780,4
West Bengal,Bardhaman,21598,4
West Bengal,Birbhum,3,0
West Bengal,Cooch Behar,641,1
West Bengal,Darjeeling,61,0
West Bengal,Domjur,3,0
West Bengal,East Midnapore,7527,15
West Bengal,Hooghly,2250,6
West Bengal,Howrah,14230,262
West Bengal,Jalpaiguri,437,1
West Bengal,Kolkata,1997,356
West Bengal,Malda,617,0
West Bengal,Medinipur,12887,7
West Bengal,Murshidabad,2161,13
West Bengal,Nadia,1,0
West Bengal,North 24 Parganas,164,0
West Bengal,Purulia,4,0
West Bengal,South Twenty Four Parganas,426,97
West Bengal,West Midnapore,1876,1
