State,District,Aadhaar generated,Enrolment Rejected
Andhra Pradesh,Adilabad,202,42
Andhra Pradesh,Anantapur,32,29
Andhra Pradesh,Ananthapur,2,0
Andhra Pradesh,Chittoor,903,17
Andhra Pradesh,Cuddapah,4,11
Andhra Pradesh,East Godavari,1059,88
Andhra Pradesh,Guntur,174,140
Andhra Pradesh,Hyderabad,1004,4
Andhra Pradesh,K.V.Rangareddy,2512,46
Andhra Pradesh,Karim Nagar,736,4
Andhra Pradesh,Karimnagar,3,0
Andhra Pradesh,Khammam,286,40
Andhra Pradesh,Krishna,413,54
Andhra Pradesh,Kurnool,3167,2474
Andhra Pradesh,Mahabub Nagar,3158,26
Andhra Pradesh,Mahbubnagar,93,0
Andhra Pradesh,Medak,166,6
Andhra Pradesh,Nalgonda,2692,193
Andhra Pradesh,Nellore,531,13
Andhra Pradesh,Nizamabad,74,4
Andhra Pradesh,Prakasam,5,27
Andhra Pradesh,Srikakulam,3521,152
Andhra Pradesh,Visakhapatnam,150,8
Andhra Pradesh,Vizianagaram,19758,419
Andhra Pradesh,Warangal,1365,25
Andhra Pradesh,West Godavari,1666,14
Arunachal Pradesh,East Siang,1,0
Assam,Cachar,1,0
Assam,Jorhat,4,0
Assam,Kamrup,2,0
Assam,Karbi Anglong,0,1
Assam,Karimganj,1,0
Assam,Lakhimpur,2,0
Assam,Nagaon,1,0
Assam,North Cachar Hills,1,0
Assam,Tinsukia,2,0
Bihar,Araria,2,1
Bihar,Arwal,5,0
Bihar,Aurangabad,14,2
Bihar,Aurangabad(BH),11,0
Bihar,Banka,17,1
Bihar,Begusarai,10,1
Bihar,Bhabua,1,0
Bihar,Bhagalpur,8,3
Bihar,Bhojpur,38,2
Bihar,Buxar,19,2
Bihar,Darbhanga,14,2
Bihar,East Champaran,8,0
Bihar,Gaya,22,0
Bihar,Gopalganj,16,1
Bihar,Jamui,12,0
Bihar,Jehanabad,10,1
Bihar,Kaimur (Bhabua),5,0
Bihar,Katihar,6,1
Bihar,Khagaria,14,0
Bihar,Kishanganj,2,1
Bihar,Lakhisarai,7,1
Bihar,Madhepura,6,0
Bihar,Madhubani,17,2
Bihar,Munger,10,0
Bihar,Muzaffarpur,12,2
Bihar,Nalanda,22,1
Bihar,Nawada,17,0
Bihar,Patna,54,1
Bihar,Purnia,4,0
Bihar,Rohtas,16,0
Bihar,Saharsa,15,0
Bihar,Samastipur,18,0
Bihar,Saran,19,0
Bihar,Sheikhpura,8,1
Bihar,Sheohar,1,0
Bihar,Sitamarhi,13,0
Bihar,Siwan,23,0
Bihar,Supaul,10,0
Bihar,Vaishali,12,0
Bihar,West Champaran,12,0
Chandigarh,Chandigarh,1436,23
Chandigarh,Mohali,7,0
Chhattisgarh,Balod,2,0
Chhattisgarh,Bastar,2,0
Chhattisgarh,Bilaspur,4,0
Chhattisgarh,Durg,12,0
Chhattisgarh,Janjgir-champa,2,0
Chhattisgarh,Jashpur,1,0
Chhattisgarh,Korba,3,0
Chhattisgarh,Koriya,1,0
Chhattisgarh,Mahasamund,101,3
Chhattisgarh,Raipur,6,0
Chhattisgarh,Surguja,1,0
Dadra and Nagar Haveli,Dadra and Nagar Haveli,1,0
Daman and Diu,Daman,5,10
Daman and Diu,Diu,69,1
Delhi,Central Delhi,231,445
Delhi,East Delhi,854,5
Delhi,Najafgarh,651,13
Delhi,New Delhi,7,2
Delhi,North Delhi,347,19
Delhi,North East,615,13
Delhi,North East Delhi,8,5
Delhi,North West Delhi,546,36
Delhi,South Delhi,937,194
Delhi,South West Delhi,2630,239
Delhi,West Delhi,1234,504
Goa,Bardez,2,0
Goa,North Goa,1145,114
Goa,South Goa,184,38
Gujarat,Ahmadabad,4,2
Gujarat,Ahmedabad,447,58
Gujarat,Amreli,240,4
Gujarat,Anand,438,12
Gujarat,Banaskantha,2713,16
Gujarat,Bharuch,3424,208
Gujarat,Bhavnagar,9866,55
Gujarat,Dahod,123,5
Gujarat,Dohad,298,3
Gujarat,Gandhinagar,307,29
Gujarat,Jamnagar,1761,86
Gujarat,Junagadh,6384,44
Gujarat,Kachchh,758,8
Gujarat,Kheda,851,1
Gujarat,Mahesana,1142,30
Gujarat,Narmada,145,1
Gujarat,Navsari,1822,9
Gujarat,Panchmahals,716,38
Gujarat,Patan,81,7
Gujarat,Porbandar,2266,55
Gujarat,Rajkot,7100,80
Gujarat,Sabarkantha,449,42
Gujarat,Surat,1051,20
Gujarat,Surendra Nagar,4553,111
Gujarat,Tapi,2384,2
Gujarat,The Dangs,38,3
Gujarat,Vadodara,2033,11
Gujarat,Valsad,1406,17
Haryana,Ambala,347,33
Haryana,Bhiwani,8,0
Haryana,Faridabad,1368,35
Haryana,Fatehabad,4,0
Haryana,Gurgaon,562,16
Haryana,Hisar,6,0
Haryana,Jhajjar,4,0
Haryana,Jind,5,0
Haryana,Karnal,1328,21
Haryana,Kurukshetra,1,0
Haryana,Mahendragarh,11,0
Haryana,Palwal,229,2
Haryana,Panchkula,59,2
Haryana,Panipat,34,0
Haryana,Rewari,61,3
Haryana,Rohtak,176,1
Haryana,Sirsa,5,1
Haryana,Sonipat,162,7
Haryana,Yamuna Nagar,141,1
Himachal Pradesh,Bilaspur ,13,0
Himachal Pradesh,Chamba,1151,18
Himachal Pradesh,Hamirpur,12,0
Himachal Pradesh,Kangra,3853,45
Himachal Pradesh,Kinnaur,17,0
Himachal Pradesh,Kullu,16,0
Himachal Pradesh,Lahul and Spiti,3,0
Himachal Pradesh,Mandi,33,0
Himachal Pradesh,Shimla,3258,29
Himachal Pradesh,Sirmaur,1510,21
Himachal Pradesh,Solan,1836,55
Himachal Pradesh,Una,3,0
Jammu and Kashmir,Anantnag,1,0
Jammu and Kashmir,Jammu,9,0
Jammu and Kashmir,Kathua,1,0
Jammu and Kashmir,Kupwara,2,0
Jammu and Kashmir,Poonch,1,0
Jammu and Kashmir,Srinagar,1,0
Jammu and Kashmir,Udhampur,1,0
Jharkhand,Bokaro,1807,29
Jharkhand,Chatra,23,0
Jharkhand,Deoghar,62,10
Jharkhand,Dhanbad,2002,80
Jharkhand,Dumka,321,15
Jharkhand,East Singhbhum,193,4
Jharkhand,Garhwa,97,61
Jharkhand,Giridih,3139,300
Jharkhand,Godda,136,0
Jharkhand,Gumla,670,71
Jharkhand,Hazaribag,96,13
Jharkhand,Hazaribagh,1034,19
Jharkhand,Jamtara,10,0
Jharkhand,Khunti,305,15
Jharkhand,Koderma,14,9
Jharkhand,Latehar,47,0
Jharkhand,Lohardaga,547,22
Jharkhand,Pakaur,1,0
Jharkhand,Pakur,81,0
Jharkhand,Palamau,85,23
Jharkhand,Palamu,212,37
Jharkhand,Ramgarh,653,12
Jharkhand,Ranchi,5596,63
Jharkhand,Sahebganj,10,1
Jharkhand,Seraikela-Kharsawan,78,3
Jharkhand,Simdega,161,4
Jharkhand,West Singhbhum,172,1
Karnataka,Bagalkot,14,0
Karnataka,Bangalore,3003,39
Karnataka,Bangalore Rural,36,2
Karnataka,Belgaum,24,0
Karnataka,Bellary,81,1
Karnataka,Bidar,0,1
Karnataka,Bijapur,3,0
Karnataka,Bijapur(KAR),185,1
Karnataka,Chamarajanagar,5,0
Karnataka,Chamrajnagar,2,0
Karnataka,Chickmagalur,99,0
Karnataka,Chikkaballapur,226,225
Karnataka,Chitradurga,544,0
Karnataka,Dakshina Kannada,46,0
Karnataka,Davangere,1657,0
Karnataka,Dharwad,7706,5
Karnataka,Gadag,128,0
Karnataka,Gulbarga,18,1
Karnataka,Hassan,210,3
Karnataka,Haveri,1798,704
Karnataka,Kodagu,5,0
Karnataka,Kolar,52,1
Karnataka,Koppal,47,0
Karnataka,Mandya,46,0
Karnataka,Mysore,2321,44
Karnataka,Raichur,3,0
Karnataka,Ramanagar,14,0
Karnataka,Shimoga,121,1
Karnataka,Tumkur,3,1
Karnataka,Udupi,829,1
Karnataka,Uttara Kannada,3,0
Karnataka,Yadgir,11,0
Kerala,Alappuzha,7728,14
Kerala,Ernakulam,15753,34
Kerala,Idukki,6376,57
Kerala,Kannur,15612,432
Kerala,Kasaragod,263,0
Kerala,Kasargod,2644,0
Kerala,Kollam,4629,2080
Kerala,Kottayam,46035,5
Kerala,Kozhikode,20541,17
Kerala,Malappuram,5326,11
Kerala,Palakkad,17191,9866
Kerala,Pathanamthitta,5927,21
Kerala,Thiruvananthapuram,16865,1023
Kerala,Thrissur,10124,185
Kerala,Wayanad,1630,729
Lakshadweep,Lakshadweep,2248,1
Madhya Pradesh,Alirajpur,3,0
Madhya Pradesh,Anuppur,183,1
Madhya Pradesh,Ashok Nagar,110,0
Madhya Pradesh,Balaghat,29,0
Madhya Pradesh,Barwani,113,25
Madhya Pradesh,Betul,853,12
Madhya Pradesh,Bhind,432,3
Madhya Pradesh,Bhopal,4151,95
Madhya Pradesh,Burhanpur,15,0
Madhya Pradesh,Chhatarpur,1599,9
Madhya Pradesh,Chhindwara,35,0
Madhya Pradesh,Damoh,2915,19
Madhya Pradesh,Datia,524,34
Madhya Pradesh,Dewas,75,3
Madhya Pradesh,Dhar,1259,33
Madhya Pradesh,Dindori,18,0
Madhya Pradesh,Guna,734,47
Madhya Pradesh,Gwalior,1423,96
Madhya Pradesh,Harda,5,1
Madhya Pradesh,Hoshangabad,30,1
Madhya Pradesh,Indore,3796,119
Madhya Pradesh,Jabalpur,6932,89
Madhya Pradesh,Jhabua,131,1
Madhya Pradesh,Katni,732,8
Madhya Pradesh,Khandwa,27,0
Madhya Pradesh,Khargone,450,8
Madhya Pradesh,Mandla,26,0
Madhya Pradesh,Mandsaur,341,142
Madhya Pradesh,Morena,303,10
Madhya Pradesh,Narsinghpur,24,0
Madhya Pradesh,Neemuch,114,222
Madhya Pradesh,Panna,212,4
Madhya Pradesh,Raisen,1150,33
Madhya Pradesh,Rajgarh,767,35
Madhya Pradesh,Ratlam,166,34
Madhya Pradesh,Rewa,644,61
Madhya Pradesh,Sagar,2089,14
Madhya Pradesh,Satna,936,9
Madhya Pradesh,Sehore,1145,17
Madhya Pradesh,Seoni,402,2
Madhya Pradesh,Shahdol,46,1
Madhya Pradesh,Shajapur,46,2
Madhya Pradesh,Sheopur,25,0
Madhya Pradesh,Shivpuri,18,5
Madhya Pradesh,Sidhi,16,0
Madhya Pradesh,Singrauli,5,0
Madhya Pradesh,Tikamgarh,42,0
Madhya Pradesh,Ujjain,2978,53
Madhya Pradesh,Umaria,514,4
Madhya Pradesh,Vidisha,1761,37
Maharashtra,Ahmadnagar,211,4
Maharashtra,Ahmed Nagar,1292,12
Maharashtra,Akola,90,41
Maharashtra,Amravati,1004,35
Maharashtra,Aurangabad,700,175
Maharashtra,Beed,143,6
Maharashtra,Bhandara,218,232
Maharashtra,Buldhana,572,3
Maharashtra,Chandrapur,187,4
Maharashtra,Dhule,1184,16
Maharashtra,Gadchiroli,4,0
Maharashtra,Gondia,495,4
Maharashtra,Gondiya,57,1
Maharashtra,Hingoli,177,1
Maharashtra,Jalgaon,1611,12
Maharashtra,Jalna,60,14
Maharashtra,Kolhapur,848,5
Maharashtra,Latur,15,4
Maharashtra,Mumbai,3421,107
Maharashtra,Mumbai City,41,0
Maharashtra,Mumbai( Sub Urban ),7,0
Maharashtra,Nagpur,1180,34
Maharashtra,Nanded,75,5
Maharashtra,Nandurbar,390,1
Maharashtra,Nashik,2671,1805
Maharashtra,Osmanabad,46,44
Maharashtra,Parbhani,137,3
Maharashtra,Pune,3405,9
Maharashtra,Raigarh,16,0
Maharashtra,Raigarh(MH),927,1
Maharashtra,Ratnagiri,3446,1
Maharashtra,Sangli,152,1
Maharashtra,Satara,627,5
Maharashtra,Sindhudurg,10,0
Maharashtra,Solapur,456,12
Maharashtra,Thane,10013,44
Maharashtra,Wardha,164,74
Maharashtra,Washim,4,1
Maharashtra,Yavatmal,8,2
Manipur,Bishnupur,1235,0
Manipur,Chandel,2,0
Manipur,Churachandpur,10,0
Manipur,Imphal East,2,0
Manipur,Imphal West,2,0
Manipur,Senapati,59,0
Manipur,Tamenglong,2,0
Manipur,Thoubal,7288,1
Manipur,Ukhrul,386,34
Meghalaya,Jaintia Hills,2,0
Meghalaya,West Garo Hills,1,0
Nagaland,Dimapur,82,4
Nagaland,Kiphire,30,0
Nagaland,Kohima,0,1
Nagaland,Mokokchung,0,1
Nagaland,Wokha,6,0
Nagaland,Zunheboto,28,0
Odisha,Angul,4,0
Odisha,Anugul,1,0
Odisha,Balangir,2263,5
Odisha,Baleswar,3869,56
Odisha,Bargarh,2,0
Odisha,Bhadrak,6,0
Odisha,Cuttack,4027,35
Odisha,Debagarh,1,0
Odisha,Dhenkanal,9,1
Odisha,Gajapati,1,0
Odisha,Ganjam,17,1
Odisha,Jagatsinghapur,2,0
Odisha,Jajapur,4,2
Odisha,Jharsuguda,1,0
Odisha,Kandhamal,1,0
Odisha,Kendrapara,6,1
Odisha,Kendujhar,1456,48
Odisha,Khorda,6,0
Odisha,Khordha,9,0
Odisha,Mayurbhanj,4,0
Odisha,Nayagarh,2,0
Odisha,Nuapada,1,0
Odisha,Puri,3,1
Odisha,Rayagada,0,4
Odisha,Sonapur,2,0
Odisha,Sundergarh,4,0
Others,Others,405,0
Puducherry,Karaikal,837,0
Puducherry,Pondicherry,1095,11
Puducherry,Yanam,350,0
Punjab,Amritsar,1380,8
Punjab,Barnala,455,1
Punjab,Bathinda,432,6
Punjab,Faridkot,938,2
Punjab,Fatehgarh Sahib,5,0
Punjab,Fazilka,656,35
Punjab,Ferozepur,25,0
Punjab,Gurdaspur,113,17
Punjab,Hoshiarpur,143,8
Punjab,Jalandhar,2664,26
Punjab,Kapurthala,213,6
Punjab,Ludhiana,3295,39
Punjab,Mansa,28,0
Punjab,Moga,361,9
Punjab,Muktsar,67,1
Punjab,Nawanshahr,6,0
Punjab,Pathankot,8,0
Punjab,Patiala,174,4
Punjab,Rupnagar,764,2
Punjab,SAS Nagar (Mohali),61,0
Punjab,Sangrur,206,3
Punjab,Shaheed Bhagat Singh Nagar,6,0
Punjab,Sri Muktsar Sahib,121,1
Punjab,Tarn Taran,48,5
Rajasthan,Ajmer,163,1
Rajasthan,Alwar,678,76
Rajasthan,Banswara,16,0
Rajasthan,Baran,0,2
Rajasthan,Barmer,1028,66
Rajasthan,Bharatpur,12,0
Rajasthan,Bhilwara,31,31
Rajasthan,Bikaner,625,51
Rajasthan,Bundi,357,7
Rajasthan,Chittorgarh,53,0
Rajasthan,Churu,1401,26
Rajasthan,Dausa,918,14
Rajasthan,Dholpur,4,0
Rajasthan,Dungarpur,1,0
Rajasthan,Ganganagar,57,1
Rajasthan,Hanumangarh,39,41
Rajasthan,Jaipur,3448,110
Rajasthan,Jaisalmer,2,0
Rajasthan,Jalor,226,6
Rajasthan,Jhalawar,1,0
Rajasthan,Jhunjhunu,229,17
Rajasthan,Jhunjhunun,1709,13
Rajasthan,Jodhpur,240,0
Rajasthan,Karauli,13,0
Rajasthan,Kota,198,24
Rajasthan,Nagaur,1579,103
Rajasthan,Pali,243,14
Rajasthan,Pratapgarh,36,1
Rajasthan,Rajsamand,33,0
Rajasthan,Sawai Madhopur,3,2
Rajasthan,Sikar,370,35
Rajasthan,Sirohi,3,2
Rajasthan,Tonk,452,26
Rajasthan,Udaipur,34,4
Sikkim,East Sikkim,7,1
Sikkim,North Sikkim,215,0
Sikkim,South Sikkim,0,1
Tamil Nadu,Ariyalur,1710,2
Tamil Nadu,Chennai,0,1
Tamil Nadu,Coimbatore,2,1
Tamil Nadu,Cuddalore,18274,324
Tamil Nadu,Dharmapuri,89,15
Tamil Nadu,Dindigul,7,1
Tamil Nadu,Erode,2257,41
Tamil Nadu,Kanchipuram,10,0
Tamil Nadu,Kanyakumari,6,0
Tamil Nadu,Karur,2779,19
Tamil Nadu,Krishnagiri,1,0
Tamil Nadu,Madurai,1443,0
Tamil Nadu,Nagapattinam,1375,1
Tamil Nadu,Namakkal,56,2
Tamil Nadu,Nilgiris,3,0
Tamil Nadu,Perambalur,27,0
Tamil Nadu,Pudukkottai,1817,22
Tamil Nadu,Ramanathapuram,0,7
Tamil Nadu,Salem,12963,42
Tamil Nadu,Sivaganga,1,0
Tamil Nadu,The Nilgiris,0,1
Tamil Nadu,Theni,5,0
Tamil Nadu,Thoothukkudi,3,36
Tamil Nadu,Tiruchirappalli,24351,12
Tamil Nadu,Tirunelveli,6,44
Tamil Nadu,Tiruppur,1,0
Tamil Nadu,Tiruvallur,5,0
Tamil Nadu,Tiruvannamalai,3,0
Tamil Nadu,Tiruvarur,5,0
Tamil Nadu,Tuticorin,4,0
Tamil Nadu,Vellore,1328,8
Tamil Nadu,Villupuram,4,0
Tamil Nadu,Viluppuram,1,0
Tamil Nadu,Virudhunagar,4,17
Tripura,Dhalai,0,3
Tripura,North Tripura,27,0
Tripura,South Tripura,8,0
Tripura,West Tripura,7,1
Uttar Pradesh,Agra,89,1
Uttar Pradesh,Aligarh,11,0
Uttar Pradesh,Allahabad,30,0
Uttar Pradesh,Ambedkar Nagar,14,0
Uttar Pradesh,Amethi,1,0
Uttar Pradesh,Auraiya,6,1
Uttar Pradesh,Azamgarh,43,0
Uttar Pradesh,Baghpat,1,1
Uttar Pradesh,Bahraich,6,0
Uttar Pradesh,Ballia,35,2
Uttar Pradesh,Balrampur,5,0
Uttar Pradesh,Banda,4,0
Uttar Pradesh,Bara Banki,1,0
Uttar Pradesh,Barabanki,1,1
Uttar Pradesh,Bareilly,75,0
Uttar Pradesh,Basti,11,0
Uttar Pradesh,Bijnor,2,0
Uttar Pradesh,Budaun,6,0
Uttar Pradesh,Bulandshahr,10,1
Uttar Pradesh,Chandauli,9,0
Uttar Pradesh,Chitrakoot,1,0
Uttar Pradesh,Deoria,16,2
Uttar Pradesh,Etah,9,0
Uttar Pradesh,Etawah,2,3
Uttar Pradesh,Faizabad,7,0
Uttar Pradesh,Farrukhabad,9,0
Uttar Pradesh,Fatehpur,1,0
Uttar Pradesh,Firozabad,4,1
Uttar Pradesh,Gautam Buddha Nagar,130,0
Uttar Pradesh,Ghaziabad,28,1
Uttar Pradesh,Ghazipur,30,1
Uttar Pradesh,Gonda,8,1
Uttar Pradesh,Gorakhpur,22,0
Uttar Pradesh,Hamirpur,2,0
Uttar Pradesh,Hapur,9,1
Uttar Pradesh,Hardoi,4,0
Uttar Pradesh,Hathras,4,0
Uttar Pradesh,Jalaun,7,0
Uttar Pradesh,Jaunpur,16,0
Uttar Pradesh,Jhansi,12,1
Uttar Pradesh,Jyotiba Phule Nagar,2,0
Uttar Pradesh,Kannauj,4,0
Uttar Pradesh,Kanpur Dehat,9,0
Uttar Pradesh,Kanpur Nagar,78,5
Uttar Pradesh,Kaushambi,2,0
Uttar Pradesh,Kheri,5,1
Uttar Pradesh,Kushinagar,10,0
Uttar Pradesh,Lalitpur,1,0
Uttar Pradesh,Lucknow,50,3
Uttar Pradesh,Maharajganj,3,0
Uttar Pradesh,Mahoba,1,0
Uttar Pradesh,Mainpuri,5,0
Uttar Pradesh,Mathura,10,1
Uttar Pradesh,Mau,3,0
Uttar Pradesh,Meerut,6,1
Uttar Pradesh,Mirzapur,4,0
Uttar Pradesh,Moradabad,4,0
Uttar Pradesh,Muzaffarnagar,5,0
Uttar Pradesh,Pilibhit,8,0
Uttar Pradesh,Pratapgarh,16,0
Uttar Pradesh,Rae Bareli,1,0
Uttar Pradesh,Raebareli,7,0
Uttar Pradesh,Rampur,7,0
Uttar Pradesh,Saharanpur,4,0
Uttar Pradesh,Sant Kabir Nagar,8,0
Uttar Pradesh,Sant Ravidas Nagar,6,0
Uttar Pradesh,Shahjahanpur,5,0
Uttar Pradesh,Shamli,1,0
Uttar Pradesh,Shrawasti,2,0
Uttar Pradesh,Siddharthnagar,3,0
Uttar Pradesh,Sitapur,7,1
Uttar Pradesh,Sonbhadra,7,0
Uttar Pradesh,Sultanpur,14,0
Uttar Pradesh,Unnao,5,1
Uttar Pradesh,Varanasi,12,1
Uttarakhand,Almora,3,0
Uttarakhand,Bageshwar,3,0
Uttarakhand,Chamoli,6,0
Uttarakhand,Champawat,2,0
Uttarakhand,Dehradun,32,0
Uttarakhand,Garhwal,1,1
Uttarakhand,Hardwar,4,0
Uttarakhand,Haridwar,3,0
Uttarakhand,Nainital,3,0
Uttarakhand,Pauri Garhwal,5,0
Uttarakhand,Pithoragarh,10,1
Uttarakhand,Rudraprayag,5,0
Uttarakhand,Tehri Garhwal,1,0
Uttarakhand,Udham Singh Nagar,5,1
Uttarakhand,Uttarkashi,1,0
West Bengal,Amta - II,3,0
West Bengal,Bally Jagachha,4,0
West Bengal,Bankura,10,0
West Bengal,Barddhaman,2725,702
West Bengal,Bardhaman,1257,0
West Bengal,Birbhum,77,2
West Bengal,Cooch Behar,4936,0
West Bengal,Dakshin Dinajpur,1,0
West Bengal,Darjeeling,414,1
West Bengal,Domjur,16,0
West Bengal,East Midnapore,2054,1360
West Bengal,Hooghly,14424,20
West Bengal,Howrah,56111,197
West Bengal,Jalpaiguri,1866,2
West Bengal,Kolkata,26385,433
West Bengal,Malda,3039,7
West Bengal,Medinipur,4394,18
West Bengal,Murshidabad,3947,19
West Bengal,Nadia,11,0
West Bengal,North 24 Parganas,6600,0
West Bengal,North Dinajpur,4,0
West Bengal,Purulia,18,0
West Bengal,South 24 Parganas,1,0
West Bengal,South Dinajpur,2,0
West Bengal,South Twenty Four Parganas,4300,3
West Bengal,West Midnapore,1062,2
