State,District,Aadhaar generated,Enrolment Rejected
Andaman and Nicobar Islands,North And Middle Andaman,1,0
Andhra Pradesh,Adilabad,1412,13
Andhra Pradesh,Anantapur,268,33
Andhra Pradesh,Ananthapur,4,0
Andhra Pradesh,Chittoor,406,36
Andhra Pradesh,Cuddapah,2,12
Andhra Pradesh,East Godavari,779,75
Andhra Pradesh,Guntur,16,40
Andhra Pradesh,Hyderabad,324,29
Andhra Pradesh,K.V.Rangareddy,557,29
Andhra Pradesh,Karim Nagar,57,1
Andhra Pradesh,Khammam,325,53
Andhra Pradesh,Krishna,7,18
Andhra Pradesh,Kurnool,529,6
Andhra Pradesh,Mahabub Nagar,842,14
Andhra Pradesh,Mahbubnagar,0,18
Andhra Pradesh,Medak,26,10
Andhra Pradesh,Nalgonda,2231,22
Andhra Pradesh,Nellore,0,11
Andhra Pradesh,Nizamabad,3,13
Andhra Pradesh,Prakasam,6,2
Andhra Pradesh,Srikakulam,1785,46
Andhra Pradesh,Visakhapatnam,2,14
Andhra Pradesh,Vizianagaram,5099,437
Andhra Pradesh,Warangal,1532,45
Andhra Pradesh,West Godavari,333,8
Assam,Barpeta,2,0
Assam,Darrang,1,0
Assam,Golaghat,1,0
Assam,Kamrup,2,0
Assam,Karbi Anglong,1,0
Assam,Lakhimpur,1,0
Assam,Nagaon,1,0
Bihar,Araria,2,0
Bihar,Arwal,8,0
Bihar,Aurangabad,12,0
Bihar,Aurangabad(BH),6,0
Bihar,Banka,9,0
Bihar,Begusarai,14,0
Bihar,Bhabua,1,0
Bihar,Bhagalpur,13,0
Bihar,Bhojpur,28,0
Bihar,Buxar,18,1
Bihar,Darbhanga,14,0
Bihar,East Champaran,15,0
Bihar,Gaya,29,0
Bihar,Gopalganj,12,0
Bihar,Jamui,11,0
Bihar,Jehanabad,10,0
Bihar,Kaimur (Bhabua),12,0
Bihar,Katihar,3,0
Bihar,Khagaria,4,0
Bihar,Kishanganj,6,0
Bihar,Lakhisarai,7,0
Bihar,Madhepura,6,0
Bihar,Madhubani,14,0
Bihar,Munger,10,0
Bihar,Muzaffarpur,15,0
Bihar,Nalanda,10,1
Bihar,Nawada,11,0
Bihar,Patna,36,0
Bihar,Purnia,6,1
Bihar,Rohtas,24,0
Bihar,Saharsa,6,0
Bihar,Samastipur,10,0
Bihar,Saran,30,0
Bihar,Sheikhpura,4,0
Bihar,Sheohar,4,0
Bihar,Sitamarhi,8,0
Bihar,Siwan,18,0
Bihar,Supaul,5,0
Bihar,Vaishali,14,0
Bihar,West Champaran,9,0
Chandigarh,Chandigarh,248,1
Chhattisgarh,Dhamtari,1,0
Chhattisgarh,Durg,3,0
Chhattisgarh,Janjgir Champa,1,0
Chhattisgarh,Janjgir-champa,1,0
Chhattisgarh,Korba,1,0
Chhattisgarh,Mahasamund,2,0
Chhattisgarh,Raipur,1,0
Daman and Diu,Diu,196,0
Delhi,Central Delhi,157,2
Delhi,East Delhi,20,2
Delhi,Najafgarh,1,0
Delhi,New Delhi,14,0
Delhi,North Delhi,20,2
Delhi,North East,15,5
Delhi,North East Delhi,122,1
Delhi,North West Delhi,30,4
Delhi,South Delhi,240,4
Delhi,South West Delhi,160,1
Delhi,West Delhi,22,0
Goa,Bardez,28,0
Goa,North Goa,943,4
Goa,South Goa,450,12
Gujarat,Ahmadabad,1,4
Gujarat,Ahmedabad,157,0
Gujarat,Amreli,1192,14
Gujarat,Anand,538,10
Gujarat,Banaskantha,85,0
Gujarat,Bharuch,7,0
Gujarat,Bhavnagar,694,5
Gujarat,Dahod,619,5
Gujarat,Dohad,476,5
Gujarat,Gandhinagar,329,5
Gujarat,Jamnagar,93,1
Gujarat,Junagadh,189,0
Gujarat,Kachchh,19,0
Gujarat,Kheda,832,1
Gujarat,Mahesana,729,27
Gujarat,Narmada,61,0
Gujarat,Navsari,421,13
Gujarat,Panchmahals,196,0
Gujarat,Patan,564,39
Gujarat,Porbandar,156,5
Gujarat,Rajkot,87,0
Gujarat,Sabarkantha,158,12
Gujarat,Surat,377,5
Gujarat,Surendra Nagar,1146,33
Gujarat,Tapi,173,3
Gujarat,Vadodara,1129,13
Gujarat,Valsad,434,1
Haryana,Ambala,395,3
Haryana,Bhiwani,8,0
Haryana,Faridabad,1034,2
Haryana,Fatehabad,1,0
Haryana,Gurgaon,684,8
Haryana,Hisar,4,0
Haryana,Jhajjar,10,0
Haryana,Jind,2,0
Haryana,Kaithal,1,0
Haryana,Karnal,620,0
Haryana,Kurukshetra,5,0
Haryana,Mahendragarh,7,0
Haryana,Palwal,75,1
Haryana,Panchkula,25,0
Haryana,Panipat,456,0
Haryana,Rewari,41,0
Haryana,Rohtak,8,0
Haryana,Sirsa,15,1
Haryana,Sonipat,69,2
Himachal Pradesh,Bilaspur ,2,0
Himachal Pradesh,Chamba,159,2
Himachal Pradesh,Hamirpur,4,0
Himachal Pradesh,Kangra,741,6
Himachal Pradesh,Kinnaur,2,0
Himachal Pradesh,Kullu,1,0
Himachal Pradesh,Mandi,4,0
Himachal Pradesh,Shimla,1025,8
Himachal Pradesh,Sirmaur,407,2
Himachal Pradesh,Solan,742,4
Himachal Pradesh,Una,3,0
Jammu and Kashmir,Anantnag,1,0
Jammu and Kashmir,Doda,2,0
Jammu and Kashmir,Jammu,5,0
Jammu and Kashmir,Kathua,1,0
Jammu and Kashmir,Pulwama,1,0
Jammu and Kashmir,Rajouri,3,0
Jharkhand,Bokaro,1872,8
Jharkhand,Chatra,26,0
Jharkhand,Deoghar,27,1
Jharkhand,Dhanbad,1410,7
Jharkhand,Dumka,652,5
Jharkhand,East Singhbhum,370,1
Jharkhand,Garhwa,689,3
Jharkhand,Giridih,1496,17
Jharkhand,Godda,25,0
Jharkhand,Gumla,131,1
Jharkhand,Hazaribag,1320,2
Jharkhand,Hazaribagh,3283,5
Jharkhand,Jamtara,430,1
Jharkhand,Khunti,681,2
Jharkhand,Koderma,304,3
Jharkhand,Latehar,115,0
Jharkhand,Lohardaga,739,8
Jharkhand,Pakur,5,0
Jharkhand,Palamau,357,7
Jharkhand,Palamu,1132,2
Jharkhand,Ramgarh,688,4
Jharkhand,Ranchi,1474,10
Jharkhand,Sahebganj,8,0
Jharkhand,Seraikela-Kharsawan,335,1
Jharkhand,Simdega,271,0
Jharkhand,West Singhbhum,585,0
Karnataka,Bagalkot,1,1
Karnataka,Bangalore,5041,14
Karnataka,Bangalore Rural,45,0
Karnataka,Belgaum,13,2
Karnataka,Bellary,655,7
Karnataka,Bidar,2,13
Karnataka,Bijapur,3,0
Karnataka,Bijapur(KAR),6,1
Karnataka,Chamarajanagar,4,0
Karnataka,Chamrajnagar,1,0
Karnataka,Chickmagalur,380,3
Karnataka,Chikkaballapur,193,2
Karnataka,Chitradurga,34,1
Karnataka,Dakshina Kannada,24,0
Karnataka,Davangere,2647,0
Karnataka,Dharwad,12,0
Karnataka,Gadag,1,1
Karnataka,Gulbarga,34,9
Karnataka,Hassan,653,1
Karnataka,Haveri,1069,2
Karnataka,Kodagu,1,0
Karnataka,Kolar,63,0
Karnataka,Koppal,10,3
Karnataka,Mandya,35,3
Karnataka,Mysore,143,5
Karnataka,Raichur,3,1
Karnataka,Ramanagar,246,0
Karnataka,Shimoga,20,0
Karnataka,Tumkur,2,9
Karnataka,Udupi,4,0
Karnataka,Uttara Kannada,7,0
Karnataka,Yadgir,25,0
Kerala,Alappuzha,485,1
Kerala,Ernakulam,538,0
Kerala,Idukki,18,0
Kerala,Kannur,279,0
Kerala,Kasaragod,5,0
Kerala,Kasargod,48,0
Kerala,Kollam,106,0
Kerala,Kottayam,2974,0
Kerala,Kozhikode,191,0
Kerala,Malappuram,32,0
Kerala,Palakkad,5786,0
Kerala,Pathanamthitta,124,0
Kerala,Thiruvananthapuram,1971,0
Kerala,Thrissur,855,1
Kerala,Wayanad,24,0
Madhya Pradesh,Alirajpur,8,0
Madhya Pradesh,Anuppur,14,0
Madhya Pradesh,Balaghat,2,0
Madhya Pradesh,Barwani,86,1
Madhya Pradesh,Betul,1869,6
Madhya Pradesh,Bhind,15,0
Madhya Pradesh,Bhopal,1945,22
Madhya Pradesh,Burhanpur,0,1
Madhya Pradesh,Chhatarpur,221,0
Madhya Pradesh,Chhindwara,199,1
Madhya Pradesh,Damoh,784,8
Madhya Pradesh,Datia,268,3
Madhya Pradesh,Dewas,17,2
Madhya Pradesh,Dhar,925,4
Madhya Pradesh,Guna,650,29
Madhya Pradesh,Gwalior,376,10
Madhya Pradesh,Harda,3,0
Madhya Pradesh,Hoshangabad,9,0
Madhya Pradesh,Indore,2555,20
Madhya Pradesh,Jabalpur,1701,21
Madhya Pradesh,Jhabua,117,0
Madhya Pradesh,Katni,19,0
Madhya Pradesh,Khandwa,9,0
Madhya Pradesh,Khargone,460,0
Madhya Pradesh,Mandla,2,0
Madhya Pradesh,Mandsaur,2,0
Madhya Pradesh,Morena,37,0
Madhya Pradesh,Narsinghpur,4,0
Madhya Pradesh,Neemuch,2,0
Madhya Pradesh,Panna,91,0
Madhya Pradesh,Raisen,916,17
Madhya Pradesh,Rajgarh,1046,14
Madhya Pradesh,Ratlam,18,0
Madhya Pradesh,Rewa,454,11
Madhya Pradesh,Sagar,1203,5
Madhya Pradesh,Satna,537,2
Madhya Pradesh,Sehore,468,1
Madhya Pradesh,Seoni,204,5
Madhya Pradesh,Shahdol,5,0
Madhya Pradesh,Shajapur,6,2
Madhya Pradesh,Sheopur,9,0
Madhya Pradesh,Shivpuri,12,1
Madhya Pradesh,Sidhi,4,0
Madhya Pradesh,Tikamgarh,185,1
Madhya Pradesh,Ujjain,2416,53
Madhya Pradesh,Umaria,188,0
Madhya Pradesh,Vidisha,91,5
Maharashtra,Ahmadnagar,123,7
Maharashtra,Ahmed Nagar,940,36
Maharashtra,Akola,87,5
Maharashtra,Amravati,342,4
Maharashtra,Aurangabad,383,52
Maharashtra,Beed,4,1
Maharashtra,Bhandara,83,1
Maharashtra,Buldhana,564,3
Maharashtra,Chandrapur,177,2
Maharashtra,Dhule,1702,256
Maharashtra,Gadchiroli,437,1
Maharashtra,Gondia,2,20
Maharashtra,Gondiya,0,1
Maharashtra,Hingoli,492,5
Maharashtra,Jalgaon,33,6
Maharashtra,Jalna,418,63
Maharashtra,Kolhapur,991,39
Maharashtra,Latur,684,2
Maharashtra,Mumbai,2130,53
Maharashtra,Mumbai City,4,0
Maharashtra,Mumbai( Sub Urban ),2,0
Maharashtra,Nagpur,1012,8
Maharashtra,Nanded,45,16
Maharashtra,Nandurbar,74,2
Maharashtra,Nashik,1769,50
Maharashtra,Osmanabad,345,10
Maharashtra,Parbhani,1087,16
Maharashtra,Pune,2219,89
Maharashtra,Raigarh,2,0
Maharashtra,Raigarh(MH),143,3
Maharashtra,Ratnagiri,13,1
Maharashtra,Sangli,1113,44
Maharashtra,Satara,1205,21
Maharashtra,Sindhudurg,2,1
Maharashtra,Solapur,96,18
Maharashtra,Thane,7236,1061
Maharashtra,Wardha,248,34
Maharashtra,Washim,3,0
Maharashtra,Yavatmal,1269,136
Manipur,Bishnupur,1,0
Manipur,Churachandpur,2,0
Manipur,Imphal East,9,0
Manipur,Imphal West,2,0
Manipur,Tamenglong,1,0
Manipur,Thoubal,14,0
Meghalaya,East Khasi Hills,1,0
Nagaland,Dimapur,0,1
Odisha,Balangir,5038,6
Odisha,Baleswar,860,1
Odisha,Bhadrak,2,0
Odisha,Cuttack,4,1
Odisha,Debagarh,1,0
Odisha,Dhenkanal,3,0
Odisha,Ganjam,3,0
Odisha,Jagatsinghapur,2,0
Odisha,Jajapur,5,0
Odisha,Kandhamal,2,0
Odisha,Kendrapara,2,0
Odisha,Kendujhar,3528,0
Odisha,Khorda,2,0
Odisha,Koraput,1,0
Odisha,Mayurbhanj,7,0
Odisha,Nayagarh,3,0
Odisha,Nuapada,1,0
Odisha,Puri,2,0
Odisha,Sambalpur,1,0
Odisha,Sonapur,6,0
Odisha,Sundergarh,2,0
Others,Others,1,17
Puducherry,Pondicherry,0,7
Puducherry,Yanam,1,0
Punjab,Amritsar,367,1
Punjab,Barnala,426,0
Punjab,Bathinda,554,8
Punjab,Faridkot,48,1
Punjab,Fatehgarh Sahib,1,0
Punjab,Fazilka,307,10
Punjab,Ferozepur,67,0
Punjab,Gurdaspur,119,3
Punjab,Hoshiarpur,86,0
Punjab,Jalandhar,61,0
Punjab,Kapurthala,32,0
Punjab,Ludhiana,2376,8
Punjab,Mansa,2,0
Punjab,Moga,192,2
Punjab,Muktsar,4,0
Punjab,Nawanshahr,2,0
Punjab,Pathankot,4,0
Punjab,Patiala,5,0
Punjab,Rupnagar,49,0
Punjab,SAS Nagar (Mohali),11,0
Punjab,Sangrur,22,1
Punjab,Shaheed Bhagat Singh Nagar,2,0
Punjab,Sri Muktsar Sahib,223,16
Punjab,Tarn Taran,128,0
Rajasthan,Ajmer,61,0
Rajasthan,Alwar,1135,15
Rajasthan,Banswara,15,0
Rajasthan,Barmer,2630,54
Rajasthan,Bharatpur,10,0
Rajasthan,Bhilwara,82,0
Rajasthan,Bikaner,1163,60
Rajasthan,Bundi,17,0
Rajasthan,Chittorgarh,32,0
Rajasthan,Churu,826,16
Rajasthan,Dausa,1387,33
Rajasthan,Dholpur,1,0
Rajasthan,Dungarpur,6,0
Rajasthan,Ganganagar,3,0
Rajasthan,Hanumangarh,208,2
Rajasthan,Jaipur,3434,13
Rajasthan,Jaisalmer,11,0
Rajasthan,Jalor,588,13
Rajasthan,Jhalawar,1,0
Rajasthan,Jhunjhunu,405,3
Rajasthan,Jhunjhunun,3925,12
Rajasthan,Jodhpur,209,3
Rajasthan,Karauli,25,0
Rajasthan,Kota,36,4
Rajasthan,Nagaur,935,21
Rajasthan,Pali,449,8
Rajasthan,Pratapgarh,3,1
Rajasthan,Rajsamand,3,1
Rajasthan,Sawai Madhopur,9,0
Rajasthan,Sikar,259,4
Rajasthan,Sirohi,34,3
Rajasthan,Tonk,16,1
Rajasthan,Udaipur,30,4
Tamil Nadu,Ariyalur,145,0
Tamil Nadu,Chennai,1,0
Tamil Nadu,Coimbatore,6,0
Tamil Nadu,Cuddalore,1727,0
Tamil Nadu,Dindigul,33,0
Tamil Nadu,Erode,3505,2
Tamil Nadu,Kancheepuram,1,0
Tamil Nadu,Kanyakumari,1,0
Tamil Nadu,Karur,5,0
Tamil Nadu,Madurai,3,0
Tamil Nadu,Nagapattinam,7,0
Tamil Nadu,Namakkal,3,0
Tamil Nadu,Perambalur,6,0
Tamil Nadu,Pudukkottai,40,0
Tamil Nadu,Thanjavur,1,0
Tamil Nadu,Theni,4,0
Tamil Nadu,Thoothukkudi,1,0
Tamil Nadu,Tiruchirappalli,875,0
Tamil Nadu,Tirunelveli,3,0
Tamil Nadu,Tiruvallur,1,0
Tamil Nadu,Vellore,3,1
Tamil Nadu,Viluppuram,1,0
Tripura,West Tripura,1,3
Uttar Pradesh,Agra,5,2
Uttar Pradesh,Aligarh,11,0
Uttar Pradesh,Allahabad,12,0
Uttar Pradesh,Ambedkar Nagar,5,0
Uttar Pradesh,Amethi,1,0
Uttar Pradesh,Amroha,6,0
Uttar Pradesh,Auraiya,4,0
Uttar Pradesh,Azamgarh,12,0
Uttar Pradesh,Baghpat,32,0
Uttar Pradesh,Bagpat,1,0
Uttar Pradesh,Bahraich,2,0
Uttar Pradesh,Ballia,17,1
Uttar Pradesh,Balrampur,2,0
Uttar Pradesh,Bara Banki,2,0
Uttar Pradesh,Barabanki,1,1
Uttar Pradesh,Bareilly,1,1
Uttar Pradesh,Basti,7,1
Uttar Pradesh,Bijnor,3,0
Uttar Pradesh,Budaun,4,0
Uttar Pradesh,Bulandshahr,11,0
Uttar Pradesh,Chandauli,3,0
Uttar Pradesh,Chitrakoot,1,0
Uttar Pradesh,Deoria,8,0
Uttar Pradesh,Etah,2,0
Uttar Pradesh,Etawah,4,1
Uttar Pradesh,Faizabad,6,1
Uttar Pradesh,Farrukhabad,3,1
Uttar Pradesh,Fatehpur,3,0
Uttar Pradesh,Firozabad,3,2
Uttar Pradesh,Gautam Buddha Nagar,15,1
Uttar Pradesh,Ghaziabad,17,0
Uttar Pradesh,Ghazipur,18,0
Uttar Pradesh,Gonda,13,0
Uttar Pradesh,Gorakhpur,15,0
Uttar Pradesh,Hamirpur,6,0
Uttar Pradesh,Hapur,84,0
Uttar Pradesh,Hardoi,3,0
Uttar Pradesh,Hathras,1,1
Uttar Pradesh,Jalaun,1,1
Uttar Pradesh,Jaunpur,10,1
Uttar Pradesh,Jhansi,5,0
Uttar Pradesh,Kannauj,2,0
Uttar Pradesh,Kanpur Dehat,1,0
Uttar Pradesh,Kanpur Nagar,8,7
Uttar Pradesh,Kasganj,3,0
Uttar Pradesh,Kaushambi,2,0
Uttar Pradesh,Kheri,2,0
Uttar Pradesh,Kushinagar,8,0
Uttar Pradesh,Lalitpur,2,0
Uttar Pradesh,Lucknow,5,0
Uttar Pradesh,Maharajganj,1,0
Uttar Pradesh,Mainpuri,1,0
Uttar Pradesh,Mathura,4,2
Uttar Pradesh,Mau,2,0
Uttar Pradesh,Meerut,14,0
Uttar Pradesh,Mirzapur,3,0
Uttar Pradesh,Moradabad,9,1
Uttar Pradesh,Muzaffarnagar,4,0
Uttar Pradesh,Pilibhit,1,0
Uttar Pradesh,Pratapgarh,7,0
Uttar Pradesh,Rae Bareli,1,0
Uttar Pradesh,Raebareli,3,0
Uttar Pradesh,Rampur,10,0
Uttar Pradesh,Saharanpur,10,0
Uttar Pradesh,Sambhal,3,0
Uttar Pradesh,Sant Kabir Nagar,2,0
Uttar Pradesh,Sant Ravidas Nagar,2,0
Uttar Pradesh,Sant Ravidas Nagar Bhadohi,1,0
Uttar Pradesh,Shahjahanpur,1,1
Uttar Pradesh,Shamli,5,0
Uttar Pradesh,Siddharthnagar,8,0
Uttar Pradesh,Sitapur,2,1
Uttar Pradesh,Sonbhadra,1,0
Uttar Pradesh,Sultanpur,6,1
Uttar Pradesh,Unnao,4,2
Uttar Pradesh,Varanasi,3,0
Uttarakhand,Almora,2,0
Uttarakhand,Chamoli,1,0
Uttarakhand,Champawat,1,0
Uttarakhand,Dehradun,2,0
Uttarakhand,Garhwal,1,0
Uttarakhand,Haridwar,1,1
Uttarakhand,Nainital,5,0
Uttarakhand,Pauri Garhwal,5,0
Uttarakhand,Pithoragarh,1,0
Uttarakhand,Rudraprayag,1,0
Uttarakhand,Tehri Garhwal,1,0
Uttarakhand,Udham Singh Nagar,7,0
Uttarakhand,Uttarkashi,1,0
West Bengal,Bankura,6,0
West Bengal,Barddhaman,6328,776
West Bengal,Bardhaman,1674,27
West Bengal,Birbhum,6,0
West Bengal,Cooch Behar,6,0
West Bengal,Darjeeling,5,0
West Bengal,East Midnapore,4721,70
West Bengal,Hooghly,2195,14
West Bengal,Howrah,2813,14
West Bengal,Jalpaiguri,6,0
West Bengal,Kolkata,7916,1
West Bengal,Malda,1686,36
West Bengal,Medinipur,3306,18
West Bengal,Murshidabad,3,0
West Bengal,Nadia,7,0
West Bengal,North 24 Parganas,8830,73
West Bengal,Purulia,5,0
West Bengal,South 24 Parganas,2,0
West Bengal,South Twenty Four Parganas,264,0
West Bengal,West Midnapore,708,8
