State,District,Aadhaar generated,Enrolment Rejected
Andhra Pradesh,Adilabad,2365,11
Andhra Pradesh,Anantapur,132,2
Andhra Pradesh,Chittoor,50,3
Andhra Pradesh,Cuddapah,1,0
Andhra Pradesh,East Godavari,243,1
Andhra Pradesh,Guntur,3,2
Andhra Pradesh,Hyderabad,142,1
Andhra Pradesh,K.V.Rangareddy,278,2
Andhra Pradesh,Karim Nagar,17,0
Andhra Pradesh,Khammam,93,0
Andhra Pradesh,Krishna,3,2
Andhra Pradesh,Kurnool,45,6
Andhra Pradesh,Mahabub Nagar,624,7
Andhra Pradesh,Mahbubnagar,13,0
Andhra Pradesh,Medak,2,0
Andhra Pradesh,Nalgonda,116,29
Andhra Pradesh,Nellore,1,2
Andhra Pradesh,Prakasam,4,1
Andhra Pradesh,Srikakulam,616,1
Andhra Pradesh,Visakhapatnam,6,0
Andhra Pradesh,Vizianagaram,1940,0
Andhra Pradesh,Warangal,734,1
Andhra Pradesh,West Godavari,15,0
Assam,Cachar,1,0
Assam,Jorhat,1,0
Assam,Nalbari,1,0
Bihar,Arwal,1,0
Bihar,Aurangabad,3,0
Bihar,Begusarai,1,0
Bihar,Bhagalpur,2,0
Bihar,Bhojpur,3,0
Bihar,Buxar,1,0
Bihar,Darbhanga,1,0
Bihar,East Champaran,1,0
Bihar,Gaya,7,1
Bihar,Jamui,2,0
Bihar,Jehanabad,1,0
Bihar,Kaimur (Bhabua),1,0
Bihar,Madhubani,2,0
Bihar,Munger,1,0
Bihar,Muzaffarpur,2,0
Bihar,Nalanda,2,0
Bihar,Nawada,2,0
Bihar,Patna,5,0
Bihar,Purnia,1,0
Bihar,Rohtas,1,0
Bihar,Samastipur,1,0
Bihar,Saran,3,0
Bihar,Sheikhpura,1,0
Bihar,Siwan,2,0
Bihar,Vaishali,2,0
Bihar,West Champaran,3,0
Chandigarh,Chandigarh,130,5
Chhattisgarh,Janjgir-champa,1,0
Chhattisgarh,Jashpur,2,0
Chhattisgarh,Korba,1,0
Chhattisgarh,Koriya,1,0
Chhattisgarh,Mahasamund,9,0
Chhattisgarh,Rajnandgaon,1,0
Daman and Diu,Diu,61,1
Delhi,Central Delhi,448,3
Delhi,East Delhi,131,0
Delhi,Najafgarh,28,0
Delhi,New Delhi,1,0
Delhi,North Delhi,14,0
Delhi,North East,366,1
Delhi,North West Delhi,604,7
Delhi,South Delhi,296,4
Delhi,South West Delhi,763,0
Delhi,West Delhi,204,51
Goa,Bardez,19,0
Goa,North Goa,498,10
Goa,South Goa,525,9
Gujarat,Ahmedabad,109,3
Gujarat,Amreli,100,1
Gujarat,Anand,20,1
Gujarat,Banaskantha,104,0
Gujarat,Bharuch,1,0
Gujarat,Bhavnagar,26,0
Gujarat,Dahod,176,4
Gujarat,Dohad,46,2
Gujarat,Gandhinagar,57,0
Gujarat,Jamnagar,21,1
Gujarat,Junagadh,145,2
Gujarat,Kachchh,5,0
Gujarat,Kheda,23,0
Gujarat,Mahesana,85,2
Gujarat,Narmada,117,10
Gujarat,Navsari,68,0
Gujarat,Panchmahals,292,8
Gujarat,Patan,187,17
Gujarat,Porbandar,246,10
Gujarat,Rajkot,360,5
Gujarat,Sabarkantha,32,5
Gujarat,Surat,362,17
Gujarat,Surendra Nagar,137,1
Gujarat,Tapi,1,0
Gujarat,Vadodara,91,0
Gujarat,Valsad,124,1
Haryana,Ambala,95,3
Haryana,Bhiwani,1,0
Haryana,Faridabad,503,5
Haryana,Gurgaon,138,1
Haryana,Jhajjar,6,0
Haryana,Karnal,277,5
Haryana,Palwal,3,0
Haryana,Panchkula,1,0
Haryana,Panipat,114,0
Haryana,Rewari,31,0
Haryana,Rohtak,17,0
Haryana,Sonipat,20,0
Haryana,Yamuna Nagar,12,0
Himachal Pradesh,Bilaspur ,1,0
Himachal Pradesh,Chamba,175,5
Himachal Pradesh,Kangra,565,8
Himachal Pradesh,Kinnaur,1,0
Himachal Pradesh,Mandi,3,0
Himachal Pradesh,Shimla,382,29
Himachal Pradesh,Sirmaur,425,21
Himachal Pradesh,Solan,435,20
Himachal Pradesh,Una,1,0
Jammu and Kashmir,Jammu,2,0
Jharkhand,Bokaro,470,8
Jharkhand,Chatra,1,0
Jharkhand,Deoghar,107,2
Jharkhand,Dhanbad,188,9
Jharkhand,Dumka,183,10
Jharkhand,East Singhbhum,42,1
Jharkhand,Garhwa,20,3
Jharkhand,Giridih,62,4
Jharkhand,Godda,5,0
Jharkhand,Gumla,127,1
Jharkhand,Hazaribag,165,0
Jharkhand,Hazaribagh,278,0
Jharkhand,Khunti,561,3
Jharkhand,Koderma,46,3
Jharkhand,Latehar,16,0
Jharkhand,Lohardaga,77,2
Jharkhand,Palamau,10,1
Jharkhand,Palamu,41,2
Jharkhand,Ramgarh,223,1
Jharkhand,Ranchi,474,7
Jharkhand,Sahebganj,2,1
Jharkhand,Seraikela-Kharsawan,31,2
Jharkhand,Simdega,345,0
Jharkhand,West Singhbhum,28,0
Karnataka,Bagalkot,3,0
Karnataka,Bangalore,581,7
Karnataka,Belgaum,2,0
Karnataka,Bidar,3,0
Karnataka,Bijapur(KAR),2,0
Karnataka,Chamarajanagar,1,0
Karnataka,Chikkaballapur,3,0
Karnataka,Chitradurga,59,2
Karnataka,Davangere,194,0
Karnataka,Dharwad,1219,1
Karnataka,Gulbarga,1,0
Karnataka,Hassan,2,2
Karnataka,Haveri,5,0
Karnataka,Mandya,3,0
Karnataka,Mysore,888,1
Karnataka,Ramanagar,15,0
Karnataka,Tumkur,13,0
Karnataka,Udupi,654,0
Kerala,Alappuzha,1372,4
Kerala,Ernakulam,4961,1
Kerala,Idukki,173,1
Kerala,Kannur,2232,2
Kerala,Kasaragod,6,0
Kerala,Kasargod,269,0
Kerala,Kollam,461,0
Kerala,Kottayam,2902,0
Kerala,Kozhikode,847,2
Kerala,Malappuram,556,3
Kerala,Palakkad,2818,9
Kerala,Pathanamthitta,2385,1
Kerala,Thiruvananthapuram,1455,2
Kerala,Thrissur,2021,98
Kerala,Wayanad,139,0
Lakshadweep,Lakshadweep,18,0
Madhya Pradesh,Anuppur,83,1
Madhya Pradesh,Ashok Nagar,23,0
Madhya Pradesh,Balaghat,31,0
Madhya Pradesh,Barwani,18,11
Madhya Pradesh,Betul,184,0
Madhya Pradesh,Bhind,82,2
Madhya Pradesh,Bhopal,763,32
Madhya Pradesh,Burhanpur,8,0
Madhya Pradesh,Chhatarpur,111,3
Madhya Pradesh,Chhindwara,6,0
Madhya Pradesh,Damoh,743,8
Madhya Pradesh,Datia,181,4
Madhya Pradesh,Dewas,20,0
Madhya Pradesh,Dhar,547,13
Madhya Pradesh,Guna,218,16
Madhya Pradesh,Gwalior,125,3
Madhya Pradesh,Harda,1,0
Madhya Pradesh,Hoshangabad,2,0
Madhya Pradesh,Indore,1276,15
Madhya Pradesh,Jabalpur,660,13
Madhya Pradesh,Jhabua,34,0
Madhya Pradesh,Katni,21,1
Madhya Pradesh,Khandwa,8,1
Madhya Pradesh,Khargone,341,29
Madhya Pradesh,Mandla,2,0
Madhya Pradesh,Mandsaur,8,22
Madhya Pradesh,Morena,409,0
Madhya Pradesh,Narsinghpur,2,0
Madhya Pradesh,Neemuch,13,47
Madhya Pradesh,Panna,5,0
Madhya Pradesh,Raisen,91,7
Madhya Pradesh,Rajgarh,750,63
Madhya Pradesh,Ratlam,57,15
Madhya Pradesh,Rewa,182,4
Madhya Pradesh,Sagar,401,2
Madhya Pradesh,Satna,91,5
Madhya Pradesh,Sehore,108,3
Madhya Pradesh,Seoni,5,3
Madhya Pradesh,Shahdol,137,0
Madhya Pradesh,Shajapur,20,0
Madhya Pradesh,Shivpuri,2,0
Madhya Pradesh,Sidhi,1,0
Madhya Pradesh,Tikamgarh,16,0
Madhya Pradesh,Ujjain,800,212
Madhya Pradesh,Umaria,8,0
Madhya Pradesh,Vidisha,133,2
Maharashtra,Ahmadnagar,23,0
Maharashtra,Ahmed Nagar,196,0
Maharashtra,Akola,78,0
Maharashtra,Amravati,485,6
Maharashtra,Aurangabad,37,1
Maharashtra,Beed,8,0
Maharashtra,Bhandara,15,0
Maharashtra,Buldhana,363,0
Maharashtra,Chandrapur,88,0
Maharashtra,Dhule,83,0
Maharashtra,Gondia,0,1
Maharashtra,Hingoli,2,0
Maharashtra,Jalgaon,72,0
Maharashtra,Jalna,129,1
Maharashtra,Kolhapur,56,0
Maharashtra,Latur,22,0
Maharashtra,Mumbai,251,7
Maharashtra,Nagpur,52,3
Maharashtra,Nanded,98,0
Maharashtra,Nandurbar,1,0
Maharashtra,Nashik,284,17
Maharashtra,Osmanabad,104,0
Maharashtra,Parbhani,70,0
Maharashtra,Pune,380,1
Maharashtra,Raigarh(MH),6,0
Maharashtra,Ratnagiri,421,1
Maharashtra,Sangli,34,0
Maharashtra,Satara,32,0
Maharashtra,Solapur,228,0
Maharashtra,Thane,1648,12
Maharashtra,Wardha,10,0
Maharashtra,Washim,3,0
Manipur,Bishnupur,15,0
Manipur,Chandel,2,0
Manipur,Churachandpur,8,0
Manipur,Imphal East,30,0
Manipur,Imphal West,18,0
Manipur,Tamenglong,1,0
Manipur,Thoubal,24,0
Nagaland,Wokha,9,0
Nagaland,Zunheboto,1,0
Odisha,Balangir,2622,0
Odisha,Baleswar,2,0
Odisha,Bhadrak,1,0
Odisha,Cuttack,193,0
Odisha,Dhenkanal,1,0
Odisha,Ganjam,1,0
Odisha,Kendrapara,1,0
Odisha,Kendujhar,167,0
Odisha,Khordha,1,0
Odisha,Koraput,0,1
Odisha,Mayurbhanj,4,0
Odisha,Puri,1,0
Odisha,Sonapur,1,0
Others,Others,153,0
Puducherry,Pondicherry,6,0
Punjab,Amritsar,209,1
Punjab,Barnala,236,8
Punjab,Bathinda,319,15
Punjab,Faridkot,5,0
Punjab,Fazilka,65,13
Punjab,Ferozepur,5,0
Punjab,Gurdaspur,165,0
Punjab,Hoshiarpur,3,0
Punjab,Jalandhar,107,2
Punjab,Kapurthala,1,0
Punjab,Ludhiana,10,1
Punjab,Moga,90,0
Punjab,Pathankot,0,1
Punjab,Patiala,114,3
Punjab,SAS Nagar (Mohali),7,1
Punjab,Sangrur,2,0
Punjab,Sri Muktsar Sahib,27,3
Punjab,Tarn Taran,141,5
Rajasthan,Ajmer,69,1
Rajasthan,Alwar,349,25
Rajasthan,Banswara,4,0
Rajasthan,Barmer,478,48
Rajasthan,Bharatpur,7,0
Rajasthan,Bhilwara,24,3
Rajasthan,Bikaner,640,43
Rajasthan,Bundi,81,14
Rajasthan,Chittorgarh,83,0
Rajasthan,Churu,349,22
Rajasthan,Dausa,568,3
Rajasthan,Dholpur,1,0
Rajasthan,Dungarpur,15,0
Rajasthan,Hanumangarh,129,4
Rajasthan,Jaipur,1185,12
Rajasthan,Jalor,27,6
Rajasthan,Jhunjhunu,19,4
Rajasthan,Jhunjhunun,372,19
Rajasthan,Jodhpur,8,0
Rajasthan,Karauli,3,0
Rajasthan,Kota,5,0
Rajasthan,Nagaur,1323,109
Rajasthan,Pali,105,1
Rajasthan,Pratapgarh,103,4
Rajasthan,Rajsamand,45,1
Rajasthan,Sawai Madhopur,1,0
Rajasthan,Sikar,211,18
Rajasthan,Sirohi,30,0
Rajasthan,Tonk,27,0
Rajasthan,Udaipur,87,1
Tamil Nadu,Ariyalur,2,0
Tamil Nadu,Chennai,1,0
Tamil Nadu,Cuddalore,36,0
Tamil Nadu,Dharmapuri,1,0
Tamil Nadu,Dindigul,1,0
Tamil Nadu,Erode,115,0
Tamil Nadu,Kanyakumari,1,0
Tamil Nadu,Karur,1320,0
Tamil Nadu,Madurai,5,1
Tamil Nadu,Nagapattinam,572,0
Tamil Nadu,Namakkal,2,0
Tamil Nadu,Perambalur,36,0
Tamil Nadu,Pudukkottai,401,0
Tamil Nadu,Salem,10,0
Tamil Nadu,Thanjavur,7,0
Tamil Nadu,Theni,1,0
Tamil Nadu,Tiruchirappalli,2,0
Tamil Nadu,Tirunelveli,1,0
Tamil Nadu,Tiruvarur,3,0
Tamil Nadu,Vellore,1,0
Tamil Nadu,Villupuram,1,0
Tamil Nadu,Virudhunagar,1,0
Tripura,Dhalai,149,0
Tripura,North Tripura,1177,2
Tripura,South Tripura,852,1
Tripura,West Tripura,563,6
Uttar Pradesh,Aligarh,1,0
Uttar Pradesh,Allahabad,1,0
Uttar Pradesh,Ambedkar Nagar,1,0
Uttar Pradesh,Amethi,1,0
Uttar Pradesh,Azamgarh,2,0
Uttar Pradesh,Ballia,1,0
Uttar Pradesh,Banda,2,0
Uttar Pradesh,Barabanki,1,0
Uttar Pradesh,Deoria,1,0
Uttar Pradesh,Farrukhabad,1,0
Uttar Pradesh,Firozabad,0,1
Uttar Pradesh,Gautam Buddha Nagar,3,0
Uttar Pradesh,Ghaziabad,6,0
Uttar Pradesh,Ghazipur,1,2
Uttar Pradesh,Gorakhpur,1,0
Uttar Pradesh,Hamirpur,1,0
Uttar Pradesh,Hapur,1,0
Uttar Pradesh,Jalaun,1,0
Uttar Pradesh,Jhansi,1,0
Uttar Pradesh,Kushinagar,4,0
Uttar Pradesh,Lalitpur,1,0
Uttar Pradesh,Lucknow,1,0
Uttar Pradesh,Maharajganj,1,0
Uttar Pradesh,Mau,1,0
Uttar Pradesh,Meerut,1,0
Uttar Pradesh,Mirzapur,1,0
Uttar Pradesh,Muzaffarnagar,1,0
Uttar Pradesh,Pilibhit,17,0
Uttar Pradesh,Pratapgarh,2,0
Uttar Pradesh,Raebareli,1,0
Uttar Pradesh,Sant Ravidas Nagar,1,0
Uttar Pradesh,Siddharthnagar,1,0
Uttar Pradesh,Sultanpur,1,0
Uttar Pradesh,Varanasi,2,0
Uttarakhand,Dehradun,2,0
Uttarakhand,Pauri Garhwal,1,0
Uttarakhand,Uttarkashi,1,0
West Bengal,Barddhaman,274,2
West Bengal,Bardhaman,134,0
West Bengal,Cooch Behar,2,0
West Bengal,Darjeeling,1,0
West Bengal,East Midnapore,433,2
West Bengal,Hooghly,339,0
West Bengal,Howrah,4371,0
West Bengal,Kolkata,2117,18
West Bengal,Medinipur,16,0
West Bengal,Murshidabad,1,0
West Bengal,Nadia,1,0
West Bengal,North 24 Parganas,1,0
West Bengal,Purulia,1,0
West Bengal,South 24 Parganas,1,0
West Bengal,South Twenty Four Parganas,12,0
West Bengal,West Midnapore,4,0
