State,District,Aadhaar generated,Enrolment Rejected
Andhra Pradesh,Adilabad,372,5
Andhra Pradesh,Anantapur,1,0
Andhra Pradesh,Chittoor,27,25
Andhra Pradesh,East Godavari,309,13
Andhra Pradesh,Guntur,3,0
Andhra Pradesh,Hyderabad,209,0
Andhra Pradesh,K.V.Rangareddy,935,7
Andhra Pradesh,Karim Nagar,206,0
Andhra Pradesh,Karimnagar,6,0
Andhra Pradesh,Khammam,24,0
Andhra Pradesh,Krishna,192,0
Andhra Pradesh,Kurnool,148,73
Andhra Pradesh,Mahabub Nagar,237,0
Andhra Pradesh,Medak,128,0
Andhra Pradesh,Nalgonda,201,3
Andhra Pradesh,Nellore,11,0
Andhra Pradesh,Nizamabad,105,0
Andhra Pradesh,Prakasam,1,0
Andhra Pradesh,Srikakulam,178,2
Andhra Pradesh,Visakhapatnam,40,0
Andhra Pradesh,Vizianagaram,1292,2493
Andhra Pradesh,Warangal,709,2
Andhra Pradesh,West Godavari,37,1
Arunachal Pradesh,Upper Subansiri,1,0
Assam,Barpeta,1,0
Assam,Cachar,3,0
Assam,Dhemaji,1,0
Assam,Jorhat,1,0
Assam,Kamrup,2,0
Assam,Nagaon,1,0
Assam,Sibsagar,2,0
Bihar,Araria,0,1
Bihar,Arwal,2,0
Bihar,Aurangabad,2,0
Bihar,Aurangabad(BH),2,0
Bihar,Banka,3,0
Bihar,Begusarai,2,0
Bihar,Bhabua,1,0
Bihar,Bhagalpur,7,0
Bihar,Bhojpur,18,0
Bihar,Buxar,8,0
Bihar,Darbhanga,5,0
Bihar,East Champaran,5,0
Bihar,Gaya,9,0
Bihar,Gopalganj,4,0
Bihar,Jamui,4,0
Bihar,Kaimur (Bhabua),9,0
Bihar,Katihar,1,0
Bihar,Khagaria,6,0
Bihar,Kishanganj,2,1
Bihar,Madhubani,5,0
Bihar,Munger,7,0
Bihar,Muzaffarpur,5,0
Bihar,Nalanda,10,0
Bihar,Nawada,6,0
Bihar,Patna,16,0
Bihar,Purnia,2,0
Bihar,Rohtas,5,0
Bihar,Saharsa,2,0
Bihar,Samastipur,5,0
Bihar,Saran,19,0
Bihar,Sheohar,2,0
Bihar,Sitamarhi,5,0
Bihar,Siwan,5,0
Bihar,Supaul,1,0
Bihar,Vaishali,6,0
Bihar,West Champaran,3,0
Chandigarh,Chandigarh,626,2
Chhattisgarh,Durg,2,0
Chhattisgarh,Janjgir-champa,1,0
Chhattisgarh,Korba,1,0
Chhattisgarh,Koriya,2,0
Chhattisgarh,Mahasamund,1,0
Chhattisgarh,Raipur,18,0
Delhi,Central Delhi,52,2
Delhi,East Delhi,55,0
Delhi,Najafgarh,55,0
Delhi,North Delhi,56,0
Delhi,North East,26,0
Delhi,North East Delhi,1,0
Delhi,North West Delhi,632,0
Delhi,South Delhi,240,1
Delhi,South West Delhi,321,3
Delhi,West Delhi,21,407
Goa,Bardez,1,0
Goa,North Goa,398,7
Goa,Ponda,1,0
Goa,South Goa,75,4
Gujarat,Ahmadabad,1,0
Gujarat,Ahmedabad,294,2
Gujarat,Amreli,2,5
Gujarat,Anand,840,4
Gujarat,Banaskantha,318,2
Gujarat,Bharuch,567,32
Gujarat,Bhavnagar,595,12
Gujarat,Dahod,1,0
Gujarat,Dohad,36,0
Gujarat,Gandhinagar,175,0
Gujarat,Jamnagar,335,4
Gujarat,Junagadh,726,5
Gujarat,Kachchh,71,2
Gujarat,Kheda,112,2
Gujarat,Mahesana,511,7
Gujarat,Narmada,75,2
Gujarat,Navsari,37,0
Gujarat,Panchmahals,424,10
Gujarat,Patan,23,4
Gujarat,Porbandar,62,2
Gujarat,Rajkot,1024,24
Gujarat,Sabarkantha,682,23
Gujarat,Surat,139,9
Gujarat,Surendra Nagar,260,1
Gujarat,Tapi,333,5
Gujarat,Vadodara,227,1
Gujarat,Valsad,99,0
Haryana,Ambala,1130,8
Haryana,Bhiwani,14,0
Haryana,Faridabad,207,8
Haryana,Fatehabad,2,0
Haryana,Gurgaon,919,2
Haryana,Hisar,5,0
Haryana,Jhajjar,2,0
Haryana,Jind,4,0
Haryana,Kaithal,1,0
Haryana,Karnal,1694,6
Haryana,Kurukshetra,3,0
Haryana,Mahendragarh,5,0
Haryana,Palwal,8,0
Haryana,Panchkula,76,0
Haryana,Panipat,9,0
Haryana,Rewari,92,0
Haryana,Rohtak,24,0
Haryana,Sirsa,43,1
Haryana,Sonipat,617,0
Haryana,Yamuna Nagar,64,1
Himachal Pradesh,Bilaspur,2,0
Himachal Pradesh,Bilaspur ,7,0
Himachal Pradesh,Chamba,417,8
Himachal Pradesh,Hamirpur,7,0
Himachal Pradesh,Kangra,672,4
Himachal Pradesh,Kinnaur,1,0
Himachal Pradesh,Kullu,14,0
Himachal Pradesh,Mandi,8,0
Himachal Pradesh,Shimla,733,5
Himachal Pradesh,Sirmaur,684,17
Himachal Pradesh,Solan,771,13
Himachal Pradesh,Una,2,0
Jammu and Kashmir,Budgam,1,0
Jammu and Kashmir,Doda,1,0
Jammu and Kashmir,Jammu,6,0
Jharkhand,Bokaro,105,1
Jharkhand,Chatra,7,0
Jharkhand,Deoghar,14,0
Jharkhand,Dhanbad,1160,9
Jharkhand,Dumka,42,1
Jharkhand,East Singhbhum,18,0
Jharkhand,Garhwa,32,1
Jharkhand,Giridih,13,0
Jharkhand,Godda,2,0
Jharkhand,Gumla,934,21
Jharkhand,Hazaribag,11,8
Jharkhand,Hazaribagh,36,0
Jharkhand,Jamtara,2,0
Jharkhand,Khunti,150,0
Jharkhand,Kodarma,1,0
Jharkhand,Latehar,5,0
Jharkhand,Lohardaga,273,30
Jharkhand,Pakur,1,0
Jharkhand,Palamau,105,0
Jharkhand,Palamu,955,11
Jharkhand,Ramgarh,157,0
Jharkhand,Ranchi,901,4
Jharkhand,Seraikela-Kharsawan,2,0
Jharkhand,Simdega,26,2
Jharkhand,West Singhbhum,9,0
Karnataka,Bagalkot,6,0
Karnataka,Bangalore,550,1
Karnataka,Bangalore Rural,1,0
Karnataka,Belgaum,10,0
Karnataka,Bellary,25,0
Karnataka,Bijapur(KAR),53,0
Karnataka,Chickmagalur,72,0
Karnataka,Chikkaballapur,168,0
Karnataka,Chitradurga,303,3
Karnataka,Dakshina Kannada,2,0
Karnataka,Davangere,484,117
Karnataka,Dharwad,199,1
Karnataka,Gadag,1,0
Karnataka,Hassan,99,0
Karnataka,Haveri,18,0
Karnataka,Kodagu,1,0
Karnataka,Kolar,2,0
Karnataka,Mysore,26,0
Karnataka,Ramanagar,22,0
Karnataka,Shimoga,23,2
Karnataka,Tumkur,1,0
Karnataka,Udupi,2,0
Kerala,Alappuzha,1731,379
Kerala,Ernakulam,3618,1
Kerala,Idukki,1101,0
Kerala,Kannur,2192,9
Kerala,Kasaragod,173,0
Kerala,Kasargod,520,0
Kerala,Kollam,813,0
Kerala,Kottayam,3365,1
Kerala,Kozhikode,2163,31
Kerala,Malappuram,1301,2
Kerala,Palakkad,1646,3
Kerala,Pathanamthitta,438,2
Kerala,Thiruvananthapuram,1843,2
Kerala,Thrissur,1697,3
Kerala,Wayanad,196,0
Madhya Pradesh,Anuppur,2,0
Madhya Pradesh,Balaghat,1,0
Madhya Pradesh,Barwani,7,6
Madhya Pradesh,Betul,1097,2
Madhya Pradesh,Bhind,179,0
Madhya Pradesh,Bhopal,830,17
Madhya Pradesh,Chhatarpur,33,0
Madhya Pradesh,Chhindwara,8,0
Madhya Pradesh,Damoh,537,13
Madhya Pradesh,Datia,18,1
Madhya Pradesh,Dewas,4,0
Madhya Pradesh,Dhar,316,5
Madhya Pradesh,Guna,113,7
Madhya Pradesh,Gwalior,192,1
Madhya Pradesh,Hoshangabad,1,0
Madhya Pradesh,Indore,1756,14
Madhya Pradesh,Jabalpur,1126,3
Madhya Pradesh,Jhabua,6,0
Madhya Pradesh,Katni,211,2
Madhya Pradesh,Khandwa,7,0
Madhya Pradesh,Khargone,143,3
Madhya Pradesh,Mandla,4,0
Madhya Pradesh,Mandsaur,1,32
Madhya Pradesh,Morena,114,3
Madhya Pradesh,Narsinghpur,2,0
Madhya Pradesh,Neemuch,1,71
Madhya Pradesh,Panna,391,0
Madhya Pradesh,Raisen,189,1
Madhya Pradesh,Rajgarh,441,20
Madhya Pradesh,Ratlam,47,6
Madhya Pradesh,Rewa,364,11
Madhya Pradesh,Sagar,364,5
Madhya Pradesh,Satna,1014,4
Madhya Pradesh,Sehore,216,9
Madhya Pradesh,Seoni,28,2
Madhya Pradesh,Shahdol,2,0
Madhya Pradesh,Shajapur,13,0
Madhya Pradesh,Sheopur,85,1
Madhya Pradesh,Shivpuri,3,0
Madhya Pradesh,Sidhi,6,0
Madhya Pradesh,Tikamgarh,691,0
Madhya Pradesh,Ujjain,1559,26
Madhya Pradesh,Umaria,22,0
Madhya Pradesh,Vidisha,1536,11
Maharashtra,Ahmadnagar,60,2
Maharashtra,Ahmed Nagar,117,3
Maharashtra,Akola,698,4
Maharashtra,Amravati,1172,13
Maharashtra,Aurangabad,114,0
Maharashtra,Beed,8,0
Maharashtra,Bhandara,714,22
Maharashtra,Buldhana,101,5
Maharashtra,Chandrapur,464,1
Maharashtra,Dhule,253,14
Maharashtra,Gadchiroli,1,0
Maharashtra,Gondia,143,1
Maharashtra,Hingoli,60,0
Maharashtra,Jalgaon,267,8
Maharashtra,Jalna,214,4
Maharashtra,Kolhapur,242,2
Maharashtra,Latur,25,0
Maharashtra,Mumbai,1440,10
Maharashtra,Mumbai City,14,0
Maharashtra,Mumbai( Sub Urban ),4,2
Maharashtra,Nagpur,1637,9
Maharashtra,Nanded,4,1
Maharashtra,Nandurbar,15,0
Maharashtra,Nashik,727,139
Maharashtra,Osmanabad,8,0
Maharashtra,Parbhani,345,7
Maharashtra,Pune,554,26
Maharashtra,Raigarh,2,0
Maharashtra,Raigarh(MH),184,1
Maharashtra,Ratnagiri,1,0
Maharashtra,Sangli,504,22
Maharashtra,Satara,261,3
Maharashtra,Solapur,82,3
Maharashtra,Thane,2600,22
Maharashtra,Wardha,71,1
Maharashtra,Washim,39,0
Maharashtra,Yavatmal,4,0
Manipur,Bishnupur,55,0
Manipur,Chandel,1,0
Manipur,Thoubal,37,0
Manipur,Ukhrul,6,0
Nagaland,Kohima,0,3
Nagaland,Mokokchung,0,1
Nagaland,Wokha,0,3
Nagaland,Zunheboto,0,7
Odisha,Balangir,4050,39
Odisha,Baleswar,185,0
Odisha,Bargarh,1,0
Odisha,Bhadrak,1,0
Odisha,Cuttack,395,3
Odisha,Dhenkanal,2,0
Odisha,Ganjam,5,0
Odisha,Jajapur,3,0
Odisha,Kendujhar,197,0
Odisha,Khordha,1,0
Odisha,Mayurbhanj,3,0
Odisha,Puri,1,0
Odisha,Sonapur,27,0
Others,Others,2,0
Punjab,Amritsar,74,2
Punjab,Barnala,64,0
Punjab,Bathinda,181,4
Punjab,Faridkot,65,0
Punjab,Fatehgarh Sahib,122,0
Punjab,Fazilka,2,0
Punjab,Ferozepur,18,7
Punjab,Gurdaspur,248,21
Punjab,Hoshiarpur,231,2
Punjab,Jalandhar,1533,14
Punjab,Kapurthala,516,27
Punjab,Ludhiana,851,64
Punjab,Mansa,2,0
Punjab,Moga,362,0
Punjab,Muktsar,22,0
Punjab,Nawanshahr,1,0
Punjab,Pathankot,22,6
Punjab,Patiala,104,10
Punjab,Rupnagar,253,2
Punjab,SAS Nagar (Mohali),22,0
Punjab,Sangrur,255,9
Punjab,Shaheed Bhagat Singh Nagar,1,1
Punjab,Sri Muktsar Sahib,11,0
Punjab,Tarn Taran,33,1
Rajasthan,Ajmer,664,0
Rajasthan,Alwar,924,51
Rajasthan,Banswara,111,1
Rajasthan,Baran,1,0
Rajasthan,Barmer,2209,62
Rajasthan,Bharatpur,13,0
Rajasthan,Bhilwara,424,0
Rajasthan,Bikaner,415,67
Rajasthan,Bundi,16,0
Rajasthan,Chittorgarh,315,0
Rajasthan,Churu,235,9
Rajasthan,Dausa,491,5
Rajasthan,Dholpur,5,0
Rajasthan,Dungarpur,39,0
Rajasthan,Ganganagar,3,0
Rajasthan,Hanumangarh,707,0
Rajasthan,Jaipur,2781,11
Rajasthan,Jaisalmer,2,0
Rajasthan,Jalor,735,2
Rajasthan,Jhalawar,2,0
Rajasthan,Jhunjhunu,774,11
Rajasthan,Jhunjhunun,1083,15
Rajasthan,Jodhpur,102,0
Rajasthan,Karauli,5,0
Rajasthan,Kota,249,7
Rajasthan,Nagaur,477,19
Rajasthan,Pali,147,10
Rajasthan,Pratapgarh,30,1
Rajasthan,Rajsamand,5,0
Rajasthan,Sawai Madhopur,3,0
Rajasthan,Sikar,897,40
Rajasthan,Sirohi,1,0
Rajasthan,Tonk,415,1
Rajasthan,Udaipur,59,3
Tamil Nadu,Ariyalur,1,1
Tamil Nadu,Chennai,1,0
Tamil Nadu,Coimbatore,2,0
Tamil Nadu,Cuddalore,92,1620
Tamil Nadu,Dindigul,2,0
Tamil Nadu,Erode,41,622
Tamil Nadu,Kancheepuram,1,0
Tamil Nadu,Karur,128,153
Tamil Nadu,Madurai,121,39
Tamil Nadu,Nagapattinam,140,78
Tamil Nadu,Namakkal,2,1
Tamil Nadu,Nilgiris,1,0
Tamil Nadu,Pudukkottai,117,0
Tamil Nadu,Salem,5,0
Tamil Nadu,Thanjavur,1,0
Tamil Nadu,Theni,2,1
Tamil Nadu,Tiruchirappalli,595,0
Tamil Nadu,Tirunelveli,1,0
Tamil Nadu,Tiruvannamalai,1,0
Tamil Nadu,Vellore,3,0
Tamil Nadu,Virudhunagar,6,0
Tripura,West Tripura,4,0
Uttar Pradesh,Agra,8,0
Uttar Pradesh,Aligarh,4,0
Uttar Pradesh,Allahabad,6,0
Uttar Pradesh,Ambedkar Nagar,3,1
Uttar Pradesh,Auraiya,2,0
Uttar Pradesh,Azamgarh,5,0
Uttar Pradesh,Baghpat,1,0
Uttar Pradesh,Bagpat,2,0
Uttar Pradesh,Bahraich,4,0
Uttar Pradesh,Ballia,8,0
Uttar Pradesh,Balrampur,1,0
Uttar Pradesh,Banda,1,0
Uttar Pradesh,Barabanki,1,0
Uttar Pradesh,Bareilly,2,0
Uttar Pradesh,Budaun,9,0
Uttar Pradesh,Bulandshahr,1,0
Uttar Pradesh,Chandauli,4,0
Uttar Pradesh,Deoria,5,0
Uttar Pradesh,Etah,2,0
Uttar Pradesh,Etawah,10,0
Uttar Pradesh,Faizabad,2,0
Uttar Pradesh,Farrukhabad,2,1
Uttar Pradesh,Fatehpur,1,0
Uttar Pradesh,Firozabad,6,0
Uttar Pradesh,Gautam Buddha Nagar,9,0
Uttar Pradesh,Ghaziabad,10,1
Uttar Pradesh,Ghazipur,21,0
Uttar Pradesh,Gonda,4,0
Uttar Pradesh,Gorakhpur,4,0
Uttar Pradesh,Hamirpur,1,0
Uttar Pradesh,Hapur,2,0
Uttar Pradesh,Hardoi,4,0
Uttar Pradesh,Hathras,3,0
Uttar Pradesh,Jalaun,1,0
Uttar Pradesh,Jaunpur,6,1
Uttar Pradesh,Jhansi,1,0
Uttar Pradesh,Kannauj,4,0
Uttar Pradesh,Kanpur Dehat,7,0
Uttar Pradesh,Kanpur Nagar,3,0
Uttar Pradesh,Kasganj,1,0
Uttar Pradesh,Kaushambi,3,0
Uttar Pradesh,Kheri,10,0
Uttar Pradesh,Kushinagar,8,0
Uttar Pradesh,Lucknow,2,0
Uttar Pradesh,Maharajganj,4,0
Uttar Pradesh,Mainpuri,9,1
Uttar Pradesh,Mathura,1,0
Uttar Pradesh,Mau,2,0
Uttar Pradesh,Meerut,4,0
Uttar Pradesh,Mirzapur,4,0
Uttar Pradesh,Moradabad,2,0
Uttar Pradesh,Muzaffarnagar,8,0
Uttar Pradesh,Pilibhit,1,0
Uttar Pradesh,Rae Bareli,1,0
Uttar Pradesh,Raebareli,10,0
Uttar Pradesh,Rampur,1,0
Uttar Pradesh,Sant Kabir Nagar,1,1
Uttar Pradesh,Sant Ravidas Nagar,4,0
Uttar Pradesh,Shahjahanpur,3,0
Uttar Pradesh,Shrawasti,1,0
Uttar Pradesh,Siddharthnagar,2,0
Uttar Pradesh,Sitapur,2,0
Uttar Pradesh,Sultanpur,4,0
Uttar Pradesh,Unnao,5,0
Uttar Pradesh,Varanasi,6,0
Uttarakhand,Almora,5,0
Uttarakhand,Bageshwar,3,0
Uttarakhand,Champawat,2,0
Uttarakhand,Dehradun,2,0
Uttarakhand,Garhwal,1,0
Uttarakhand,Hardwar,1,0
Uttarakhand,Haridwar,2,0
Uttarakhand,Nainital,10,0
Uttarakhand,Pithoragarh,9,0
Uttarakhand,Tehri Garhwal,1,0
Uttarakhand,Udham Singh Nagar,2,0
West Bengal,Bankura,3,0
West Bengal,Barddhaman,43,0
West Bengal,Bardhaman,55,0
West Bengal,Birbhum,128,3
West Bengal,Cooch Behar,1951,0
West Bengal,East Midnapore,141,1
West Bengal,Hooghly,70,1
West Bengal,Howrah,464,72
West Bengal,Jalpaiguri,655,1
West Bengal,Kolkata,2933,0
West Bengal,Malda,697,2
West Bengal,Medinipur,195,0
West Bengal,Murshidabad,711,2
West Bengal,Nadia,1,2
West Bengal,North 24 Parganas,1825,0
West Bengal,North Dinajpur,1,0
West Bengal,Purulia,1,0
West Bengal,South 24 Parganas,1,0
West Bengal,South Twenty Four Parganas,424,0
West Bengal,West Midnapore,27,0
