State,District,Aadhaar generated,Enrolment Rejected
Andhra Pradesh,Adilabad,2466,8
Andhra Pradesh,Anantapur,387,54
Andhra Pradesh,Chittoor,556,34
Andhra Pradesh,Cuddapah,4,10
Andhra Pradesh,East Godavari,1234,29
Andhra Pradesh,Guntur,10,31
Andhra Pradesh,Hyderabad,378,22
Andhra Pradesh,K.V.Rangareddy,601,12
Andhra Pradesh,Karim Nagar,52,0
Andhra Pradesh,Karimnagar,0,2
Andhra Pradesh,Khammam,181,4
Andhra Pradesh,Krishna,29,14
Andhra Pradesh,Kurnool,649,41
Andhra Pradesh,Mahabub Nagar,935,3
Andhra Pradesh,Mahbubnagar,0,3
Andhra Pradesh,Medak,21,8
Andhra Pradesh,Nalgonda,1750,7
Andhra Pradesh,Nellore,4,2
Andhra Pradesh,Nizamabad,11,1
Andhra Pradesh,Prakasam,3,3
Andhra Pradesh,Srikakulam,3762,33
Andhra Pradesh,Visakhapatnam,17,14
Andhra Pradesh,Vizianagaram,19408,68
Andhra Pradesh,Warangal,2410,18
Andhra Pradesh,West Godavari,833,8
Assam,Bongaigaon,1,0
Assam,Cachar,2,0
Assam,Chirang,1,0
Assam,Darrang,1,0
Assam,Kamrup,2,0
Assam,Karimganj,1,0
Assam,Marigaon,1,0
Assam,Nagaon,1,0
Bihar,Araria,2,0
Bihar,Arwal,3,0
Bihar,Aurangabad,7,0
Bihar,Aurangabad(BH),4,0
Bihar,Banka,5,0
Bihar,Begusarai,7,0
Bihar,Bhabua,6,0
Bihar,Bhagalpur,8,0
Bihar,Bhojpur,28,0
Bihar,Buxar,11,0
Bihar,Darbhanga,17,0
Bihar,East Champaran,3,0
Bihar,Gaya,21,0
Bihar,Gopalganj,6,2
Bihar,Jamui,8,0
Bihar,Jehanabad,7,1
Bihar,Kaimur (Bhabua),5,0
Bihar,Katihar,1,0
Bihar,Khagaria,2,0
Bihar,Kishanganj,4,0
Bihar,Lakhisarai,3,0
Bihar,Madhepura,4,0
Bihar,Madhubani,6,0
Bihar,Munger,10,0
Bihar,Muzaffarpur,11,0
Bihar,Nalanda,9,0
Bihar,Nawada,9,0
Bihar,Patna,24,0
Bihar,Rohtas,12,0
Bihar,Saharsa,4,0
Bihar,Samastipur,8,0
Bihar,Saran,21,0
Bihar,Sheikhpura,3,0
Bihar,Sheohar,2,0
Bihar,Sitamarhi,4,0
Bihar,Siwan,13,0
Bihar,Supaul,1,0
Bihar,Vaishali,13,0
Bihar,West Champaran,5,0
Chandigarh,Chandigarh,360,7
Chhattisgarh,Bilaspur,1,0
Chhattisgarh,Durg,4,0
Chhattisgarh,Janjgir-champa,1,0
Chhattisgarh,Korba,1,0
Chhattisgarh,Raipur,3,0
Daman and Diu,Daman,10,0
Daman and Diu,Diu,40,0
Delhi,Central Delhi,385,0
Delhi,East Delhi,11,1
Delhi,New Delhi,2,0
Delhi,North Delhi,18,1
Delhi,North East,3,0
Delhi,North East Delhi,6,0
Delhi,North West Delhi,20,3
Delhi,South Delhi,264,6
Delhi,South West Delhi,310,1
Delhi,West Delhi,24,0
Goa,Bardez,17,0
Goa,North Goa,4249,11
Goa,Ponda,1,0
Goa,South Goa,4096,50
Goa,Tiswadi,6,0
Gujarat,Ahmadabad,3,0
Gujarat,Ahmedabad,37,0
Gujarat,Amreli,482,0
Gujarat,Anand,254,2
Gujarat,Banaskantha,1,0
Gujarat,Bharuch,8,0
Gujarat,Bhavnagar,194,1
Gujarat,Dahod,1581,0
Gujarat,Dohad,698,5
Gujarat,Gandhinagar,132,0
Gujarat,Jamnagar,4,0
Gujarat,Junagadh,15,0
Gujarat,Kachchh,40,0
Gujarat,Kheda,241,1
Gujarat,Mahesana,210,10
Gujarat,Navsari,571,0
Gujarat,Panchmahals,7,1
Gujarat,Patan,645,20
Gujarat,Porbandar,854,14
Gujarat,Rajkot,15,3
Gujarat,Sabarkantha,46,1
Gujarat,Surat,67,1
Gujarat,Surendra Nagar,1162,8
Gujarat,Tapi,253,2
Gujarat,The Dangs,101,0
Gujarat,Vadodara,2189,8
Gujarat,Valsad,1789,2
Haryana,Ambala,201,3
Haryana,Bhiwani,6,0
Haryana,Faridabad,1223,3
Haryana,Fatehabad,2,0
Haryana,Gurgaon,442,3
Haryana,Hisar,4,0
Haryana,Jhajjar,5,0
Haryana,Jind,1,1
Haryana,Kaithal,3,0
Haryana,Karnal,1626,5
Haryana,Kurukshetra,13,0
Haryana,Mahendragarh,11,0
Haryana,Mewat,2,0
Haryana,Palwal,21,0
Haryana,Panchkula,63,1
Haryana,Panipat,653,0
Haryana,Rewari,378,0
Haryana,Rohtak,4,0
Haryana,Sirsa,8,0
Haryana,Sonipat,175,3
Haryana,Yamuna Nagar,11,0
Himachal Pradesh,Bilaspur,1,0
Himachal Pradesh,Bilaspur ,1,0
Himachal Pradesh,Chamba,303,0
Himachal Pradesh,Hamirpur,0,1
Himachal Pradesh,Kangra,956,0
Himachal Pradesh,Kullu,1,0
Himachal Pradesh,Mandi,9,0
Himachal Pradesh,Shimla,11,0
Himachal Pradesh,Sirmaur,16,3
Himachal Pradesh,Solan,42,8
Himachal Pradesh,Una,2,0
Jammu and Kashmir,Bandipur,1,0
Jammu and Kashmir,Jammu,1,0
Jammu and Kashmir,Kargil,1,0
Jammu and Kashmir,Kathua,1,0
Jammu and Kashmir,Punch,1,0
Jammu and Kashmir,Rajouri,2,0
Jammu and Kashmir,Udhampur,1,0
Jharkhand,Bokaro,4769,23
Jharkhand,Chatra,6,0
Jharkhand,Deoghar,15,0
Jharkhand,Dhanbad,922,4
Jharkhand,Dumka,2096,27
Jharkhand,East Singhbhum,900,3
Jharkhand,Garhwa,454,0
Jharkhand,Giridih,131,3
Jharkhand,Godda,7,0
Jharkhand,Gumla,375,3
Jharkhand,Hazaribag,90,4
Jharkhand,Hazaribagh,121,4
Jharkhand,Jamtara,17,0
Jharkhand,Khunti,961,2
Jharkhand,Koderma,447,4
Jharkhand,Latehar,29,0
Jharkhand,Lohardaga,149,0
Jharkhand,Pakaur,1,0
Jharkhand,Pakur,16,0
Jharkhand,Palamau,14,1
Jharkhand,Palamu,54,0
Jharkhand,Ramgarh,1182,2
Jharkhand,Ranchi,1399,6
Jharkhand,Sahebganj,5,0
Jharkhand,Seraikela-Kharsawan,668,0
Jharkhand,Simdega,871,3
Jharkhand,West Singhbhum,268,1
Karnataka,Bagalkot,6,4
Karnataka,Bangalore,6488,21
Karnataka,Bangalore Rural,10,0
Karnataka,Belgaum,11,3
Karnataka,Bellary,7,0
Karnataka,Bidar,2,0
Karnataka,Bijapur,7,0
Karnataka,Bijapur(KAR),4,3
Karnataka,Chamrajnagar,4,0
Karnataka,Chickmagalur,12,0
Karnataka,Chikkaballapur,20,1
Karnataka,Chitradurga,5,0
Karnataka,Dakshina Kannada,6,0
Karnataka,Davangere,342,2
Karnataka,Dharwad,24,0
Karnataka,Gadag,1,0
Karnataka,Gulbarga,55,0
Karnataka,Hassan,25,0
Karnataka,Haveri,3,0
Karnataka,Kodagu,2,0
Karnataka,Kolar,17,0
Karnataka,Koppal,5,0
Karnataka,Mandya,10,1
Karnataka,Mysore,503,3
Karnataka,Raichur,9,0
Karnataka,Ramanagar,68,0
Karnataka,Shimoga,104,10
Karnataka,Tumkur,5,13
Karnataka,Udupi,25,0
Karnataka,Uttara Kannada,6,0
Karnataka,Yadgir,10,0
Kerala,Alappuzha,17,0
Kerala,Ernakulam,28,0
Kerala,Idukki,2,0
Kerala,Kannur,12,0
Kerala,Kasaragod,1,0
Kerala,Kasargod,203,0
Kerala,Kollam,7,0
Kerala,Kottayam,59,0
Kerala,Kozhikode,91,0
Kerala,Malappuram,19,0
Kerala,Palakkad,19,0
Kerala,Pathanamthitta,8,0
Kerala,Thiruvananthapuram,56,1
Kerala,Thrissur,38,0
Madhya Pradesh,Anuppur,30,0
Madhya Pradesh,Balaghat,23,0
Madhya Pradesh,Barwani,288,3
Madhya Pradesh,Betul,1839,0
Madhya Pradesh,Bhind,207,0
Madhya Pradesh,Bhopal,8543,93
Madhya Pradesh,Burhanpur,15,0
Madhya Pradesh,Chhatarpur,286,3
Madhya Pradesh,Chhindwara,24,0
Madhya Pradesh,Damoh,1661,7
Madhya Pradesh,Datia,737,11
Madhya Pradesh,Dewas,20,1
Madhya Pradesh,Dhar,1609,3
Madhya Pradesh,Dindori,1,0
Madhya Pradesh,Guna,1246,47
Madhya Pradesh,Gwalior,590,11
Madhya Pradesh,Harda,12,0
Madhya Pradesh,Hoshangabad,27,2
Madhya Pradesh,Indore,5946,40
Madhya Pradesh,Jabalpur,1659,20
Madhya Pradesh,Jhabua,11,0
Madhya Pradesh,Katni,376,3
Madhya Pradesh,Khandwa,21,0
Madhya Pradesh,Khargone,944,4
Madhya Pradesh,Mandla,9,0
Madhya Pradesh,Mandsaur,3,1
Madhya Pradesh,Morena,682,0
Madhya Pradesh,Narsinghpur,4,2
Madhya Pradesh,Neemuch,4,4
Madhya Pradesh,Panna,12,0
Madhya Pradesh,Raisen,271,5
Madhya Pradesh,Rajgarh,2323,61
Madhya Pradesh,Ratlam,249,10
Madhya Pradesh,Rewa,200,7
Madhya Pradesh,Sagar,904,1
Madhya Pradesh,Satna,62,1
Madhya Pradesh,Sehore,823,10
Madhya Pradesh,Seoni,47,2
Madhya Pradesh,Shahdol,78,1
Madhya Pradesh,Shajapur,35,0
Madhya Pradesh,Shivpuri,27,0
Madhya Pradesh,Sidhi,6,0
Madhya Pradesh,Singrauli,1,0
Madhya Pradesh,Tikamgarh,13,0
Madhya Pradesh,Ujjain,4344,153
Madhya Pradesh,Umaria,11,0
Madhya Pradesh,Vidisha,174,2
Maharashtra,Ahmadnagar,39,0
Maharashtra,Ahmed Nagar,860,2
Maharashtra,Akola,14,0
Maharashtra,Amravati,30,1
Maharashtra,Aurangabad,147,26
Maharashtra,Beed,3,3
Maharashtra,Buldhana,778,6
Maharashtra,Chandrapur,93,4
Maharashtra,Dhule,128,6
Maharashtra,Gadchiroli,3,0
Maharashtra,Hingoli,73,0
Maharashtra,Jalgaon,2316,5
Maharashtra,Jalna,124,2
Maharashtra,Kolhapur,27,0
Maharashtra,Latur,379,5
Maharashtra,Mumbai,3271,20
Maharashtra,Mumbai City,31,0
Maharashtra,Mumbai( Sub Urban ),1,0
Maharashtra,Nagpur,57,3
Maharashtra,Nanded,5,2
Maharashtra,Nandurbar,10,0
Maharashtra,Nashik,134,3
Maharashtra,Osmanabad,145,2
Maharashtra,Parbhani,128,0
Maharashtra,Pune,1219,6
Maharashtra,Raigarh,2,0
Maharashtra,Raigarh(MH),40,0
Maharashtra,Ratnagiri,8,0
Maharashtra,Sangli,296,3
Maharashtra,Satara,617,7
Maharashtra,Sindhudurg,9,1
Maharashtra,Solapur,30,1
Maharashtra,Thane,3654,26
Maharashtra,Wardha,364,0
Maharashtra,Washim,3,0
Maharashtra,Yavatmal,9,2
Manipur,Imphal East,1,0
Manipur,Senapati,1,0
Meghalaya,East Khasi Hills,1,0
Odisha,Balangir,9774,4
Odisha,Baleswar,384,1
Odisha,Bargarh,5,0
Odisha,Bhadrak,3,0
Odisha,Cuttack,209,0
Odisha,Dhenkanal,1,0
Odisha,Ganjam,66,0
Odisha,Jagatsinghapur,2,0
Odisha,Jajapur,4,0
Odisha,Kendrapara,9,0
Odisha,Kendujhar,2047,2
Odisha,Khorda,7,0
Odisha,Khordha,3,1
Odisha,Mayurbhanj,6,0
Odisha,Nayagarh,1,0
Odisha,Puri,2,0
Odisha,Rayagada,1,0
Odisha,Sonapur,2,0
Odisha,Sundergarh,2,0
Others,Others,3,3
Puducherry,Pondicherry,0,3
Punjab,Amritsar,487,4
Punjab,Barnala,372,1
Punjab,Bathinda,1483,11
Punjab,Faridkot,86,1
Punjab,Fatehgarh Sahib,12,0
Punjab,Fazilka,77,1
Punjab,Ferozepur,124,0
Punjab,Gurdaspur,143,2
Punjab,Hoshiarpur,58,0
Punjab,Jalandhar,90,0
Punjab,Kapurthala,29,0
Punjab,Ludhiana,364,3
Punjab,Mansa,2,0
Punjab,Moga,507,0
Punjab,Muktsar,7,0
Punjab,Nawanshahr,20,0
Punjab,Pathankot,7,0
Punjab,Patiala,30,0
Punjab,Rupnagar,47,0
Punjab,SAS Nagar (Mohali),19,0
Punjab,Sangrur,72,0
Punjab,Sri Muktsar Sahib,227,5
Punjab,Tarn Taran,179,4
Rajasthan,Ajmer,134,0
Rajasthan,Alwar,705,6
Rajasthan,Baran,1,0
Rajasthan,Barmer,1319,51
Rajasthan,Bharatpur,41,1
Rajasthan,Bhilwara,465,1
Rajasthan,Bikaner,834,41
Rajasthan,Bundi,1,0
Rajasthan,Chittorgarh,157,0
Rajasthan,Churu,2414,40
Rajasthan,Dausa,990,0
Rajasthan,Dholpur,3,0
Rajasthan,Ganganagar,4,0
Rajasthan,Hanumangarh,179,2
Rajasthan,Jaipur,1874,3
Rajasthan,Jaisalmer,1,0
Rajasthan,Jalor,113,4
Rajasthan,Jhalawar,1,0
Rajasthan,Jhunjhunu,291,14
Rajasthan,Jhunjhunun,204,2
Rajasthan,Jodhpur,40,0
Rajasthan,Karauli,22,0
Rajasthan,Kota,196,21
Rajasthan,Nagaur,1503,36
Rajasthan,Pali,569,4
Rajasthan,Rajsamand,50,0
Rajasthan,Sawai Madhopur,3,0
Rajasthan,Sikar,472,9
Rajasthan,Sirohi,4,0
Rajasthan,Tonk,22,1
Rajasthan,Udaipur,19,8
Tamil Nadu,Ariyalur,135,0
Tamil Nadu,Chennai,6,0
Tamil Nadu,Coimbatore,15,1
Tamil Nadu,Cuddalore,697,0
Tamil Nadu,Dindigul,27,0
Tamil Nadu,Erode,1111,0
Tamil Nadu,Kanchipuram,2,0
Tamil Nadu,Kanyakumari,2,0
Tamil Nadu,Karur,1,0
Tamil Nadu,Krishnagiri,1,0
Tamil Nadu,Madurai,16,0
Tamil Nadu,Namakkal,1,0
Tamil Nadu,Pudukkottai,32,0
Tamil Nadu,Ramanathapuram,2,0
Tamil Nadu,Salem,3,1
Tamil Nadu,Thanjavur,4,0
Tamil Nadu,The Nilgiris,1,0
Tamil Nadu,Tiruchirappalli,481,0
Tamil Nadu,Tiruvallur,0,1
Tamil Nadu,Tiruvannamalai,2,0
Tamil Nadu,Vellore,1,0
Tamil Nadu,Villupuram,1,0
Tamil Nadu,Virudhunagar,96,0
Tripura,Dhalai,1,2
Tripura,West Tripura,0,2
Uttar Pradesh,Agra,19,0
Uttar Pradesh,Aligarh,11,0
Uttar Pradesh,Allahabad,14,0
Uttar Pradesh,Ambedkar Nagar,4,0
Uttar Pradesh,Amethi,2,0
Uttar Pradesh,Amroha,1,0
Uttar Pradesh,Auraiya,3,0
Uttar Pradesh,Azamgarh,17,0
Uttar Pradesh,Baghpat,2,0
Uttar Pradesh,Bahraich,1,0
Uttar Pradesh,Ballia,45,0
Uttar Pradesh,Balrampur,30,0
Uttar Pradesh,Banda,5,0
Uttar Pradesh,Bareilly,2,0
Uttar Pradesh,Basti,12,0
Uttar Pradesh,Bijnor,1,0
Uttar Pradesh,Budaun,3,0
Uttar Pradesh,Bulandshahr,13,0
Uttar Pradesh,Chandauli,7,0
Uttar Pradesh,Chitrakoot,2,0
Uttar Pradesh,Deoria,13,1
Uttar Pradesh,Etah,14,0
Uttar Pradesh,Etawah,3,0
Uttar Pradesh,Faizabad,4,0
Uttar Pradesh,Farrukhabad,2,0
Uttar Pradesh,Fatehpur,1,0
Uttar Pradesh,Firozabad,2,0
Uttar Pradesh,Gautam Buddha Nagar,64,0
Uttar Pradesh,Ghaziabad,22,0
Uttar Pradesh,Ghazipur,13,0
Uttar Pradesh,Gonda,8,0
Uttar Pradesh,Gorakhpur,16,1
Uttar Pradesh,Hamirpur,1,0
Uttar Pradesh,Hapur,10,0
Uttar Pradesh,Hardoi,4,0
Uttar Pradesh,Hathras,1,0
Uttar Pradesh,Jalaun,1,0
Uttar Pradesh,Jaunpur,14,0
Uttar Pradesh,Jhansi,7,0
Uttar Pradesh,Jyotiba Phule Nagar,1,0
Uttar Pradesh,Kannauj,2,0
Uttar Pradesh,Kanpur Dehat,1,0
Uttar Pradesh,Kanpur Nagar,16,0
Uttar Pradesh,Kasganj,1,0
Uttar Pradesh,Kaushambi,1,0
Uttar Pradesh,Kheri,2,0
Uttar Pradesh,Kushinagar,7,2
Uttar Pradesh,Lalitpur,3,0
Uttar Pradesh,Lucknow,7,0
Uttar Pradesh,Maharajganj,9,0
Uttar Pradesh,Mahoba,1,0
Uttar Pradesh,Mainpuri,5,1
Uttar Pradesh,Mathura,1,0
Uttar Pradesh,Mau,1,0
Uttar Pradesh,Meerut,9,0
Uttar Pradesh,Mirzapur,6,0
Uttar Pradesh,Moradabad,2,0
Uttar Pradesh,Muzaffarnagar,4,0
Uttar Pradesh,Pilibhit,1,0
Uttar Pradesh,Pratapgarh,10,0
Uttar Pradesh,Rae Bareli,1,0
Uttar Pradesh,Raebareli,10,0
Uttar Pradesh,Rampur,10,0
Uttar Pradesh,Saharanpur,5,0
Uttar Pradesh,Sambhal,2,0
Uttar Pradesh,Sant Kabir Nagar,3,0
Uttar Pradesh,Sant Ravidas Nagar,3,0
Uttar Pradesh,Shahjahanpur,3,0
Uttar Pradesh,Shamli,1,0
Uttar Pradesh,Shrawasti,2,0
Uttar Pradesh,Siddharthnagar,5,0
Uttar Pradesh,Sitapur,4,0
Uttar Pradesh,Sonbhadra,1,0
Uttar Pradesh,Sultanpur,7,0
Uttar Pradesh,Unnao,4,1
Uttar Pradesh,Varanasi,8,0
Uttarakhand,Almora,3,0
Uttarakhand,Bageshwar,2,0
Uttarakhand,Chamoli,5,0
Uttarakhand,Champawat,4,0
Uttarakhand,Dehradun,9,0
Uttarakhand,Garhwal,2,0
Uttarakhand,Nainital,2,0
Uttarakhand,Pauri Garhwal,5,0
Uttarakhand,Pithoragarh,6,0
Uttarakhand,Tehri Garhwal,1,0
Uttarakhand,Udham Singh Nagar,4,1
West Bengal,Bankura,7,0
West Bengal,Barddhaman,713,57
West Bengal,Bardhaman,1198,3
West Bengal,Birbhum,3,0
West Bengal,Cooch Behar,4,0
West Bengal,Darjeeling,4,0
West Bengal,Domjur,7,0
West Bengal,East Midnapore,1279,4
West Bengal,Hooghly,5038,20
West Bengal,Howrah,33403,124
West Bengal,Jalpaiguri,2,0
West Bengal,Kolkata,24202,42
West Bengal,Malda,167,2
West Bengal,Medinipur,1058,7
West Bengal,Murshidabad,24,0
West Bengal,Nadia,11,0
West Bengal,North 24 Parganas,1708,29
West Bengal,Purulia,9,0
West Bengal,South 24 Parganas,1,0
West Bengal,South Dinajpur,2,0
West Bengal,South Twenty Four Parganas,1815,6
West Bengal,West Midnapore,131,1
