State,District,Aadhaar generated,Enrolment Rejected
Andhra Pradesh,Adilabad,145,2
Andhra Pradesh,Anantapur,0,26
Andhra Pradesh,Ananthapur,4,0
Andhra Pradesh,Chittoor,13,6
Andhra Pradesh,Cuddapah,3,1
Andhra Pradesh,East Godavari,756,16
Andhra Pradesh,Guntur,226,20
Andhra Pradesh,Hyderabad,593,2
Andhra Pradesh,K.V.Rangareddy,1582,7
Andhra Pradesh,Karim Nagar,486,0
Andhra Pradesh,Karimnagar,6,0
Andhra Pradesh,Khammam,954,18
Andhra Pradesh,Krishna,567,8
Andhra Pradesh,Kurnool,5834,3727
Andhra Pradesh,Mahabub Nagar,3806,7
Andhra Pradesh,Mahbubnagar,17,1
Andhra Pradesh,Medak,530,0
Andhra Pradesh,Nalgonda,7048,120
Andhra Pradesh,Nellore,141,2
Andhra Pradesh,Nizamabad,2897,8
Andhra Pradesh,Prakasam,15,6
Andhra Pradesh,Srikakulam,2932,59
Andhra Pradesh,Visakhapatnam,420,6
Andhra Pradesh,Vizianagaram,5760,1139
Andhra Pradesh,Warangal,2392,14
Andhra Pradesh,West Godavari,355,1
Assam,Barpeta,3,0
Assam,Bongaigaon,1,0
Assam,Cachar,3,0
Assam,Darrang,1,0
Assam,Dhemaji,1,0
Assam,Dhubri,1,0
Assam,Hailakandi,1,0
Assam,Jorhat,1,0
Assam,Kamrup,1,0
Assam,Karbi Anglong,1,0
Assam,Marigaon,1,0
Assam,Nagaon,4,0
Assam,Nalbari,2,0
Assam,Sonitpur,2,0
Bihar,Arwal,5,0
Bihar,Aurangabad,10,0
Bihar,Aurangabad(BH),8,0
Bihar,Banka,14,1
Bihar,Begusarai,12,0
Bihar,Bhabua,1,0
Bihar,Bhagalpur,13,0
Bihar,Bhojpur,34,0
Bihar,Buxar,12,0
Bihar,Darbhanga,17,1
Bihar,East Champaran,13,0
Bihar,Gaya,38,0
Bihar,Gopalganj,18,1
Bihar,Jamui,17,0
Bihar,Jehanabad,9,0
Bihar,Kaimur (Bhabua),8,0
Bihar,Katihar,2,0
Bihar,Khagaria,11,0
Bihar,Lakhisarai,19,0
Bihar,Madhubani,9,0
Bihar,Munger,10,1
Bihar,Muzaffarpur,18,0
Bihar,Nalanda,30,0
Bihar,Nawada,11,0
Bihar,Patna,46,1
Bihar,Purnia,3,0
Bihar,Rohtas,20,0
Bihar,Saharsa,4,0
Bihar,Samastipur,21,0
Bihar,Saran,14,1
Bihar,Sheikhpura,4,1
Bihar,Sheohar,4,0
Bihar,Sitamarhi,12,0
Bihar,Siwan,7,0
Bihar,Supaul,3,0
Bihar,Vaishali,10,0
Bihar,West Champaran,2,0
Chandigarh,Chandigarh,327,5
Chhattisgarh,Bilaspur,1,0
Chhattisgarh,Dhamtari,1,0
Chhattisgarh,Durg,5,0
Chhattisgarh,Jashpur,1,0
Chhattisgarh,Korba,2,0
Chhattisgarh,Koriya,1,0
Chhattisgarh,Mahasamund,1,0
Chhattisgarh,Raipur,5,0
Chhattisgarh,Rajnandgaon,2,0
Dadra and Nagar Haveli,Dadra and Nagar Haveli,1,0
Delhi,Central Delhi,202,8
Delhi,East Delhi,998,4
Delhi,Najafgarh,753,0
Delhi,North Delhi,26,1
Delhi,North East,465,4
Delhi,North East Delhi,18,1
Delhi,North West Delhi,256,3
Delhi,South Delhi,470,0
Delhi,South West Delhi,2771,9
Delhi,West Delhi,1263,3358
Goa,Bardez,6,3
Goa,Bicholim,1,0
Goa,North Goa,1576,96
Goa,South Goa,370,12
Gujarat,Ahmadabad,13,0
Gujarat,Ahmedabad,4431,148
Gujarat,Amreli,2427,6
Gujarat,Anand,370,4
Gujarat,Banaskantha,868,12
Gujarat,Bharuch,92,29
Gujarat,Bhavnagar,3829,110
Gujarat,Dahod,191,4
Gujarat,Dohad,343,0
Gujarat,Gandhinagar,911,3
Gujarat,Jamnagar,2248,34
Gujarat,Junagadh,2192,43
Gujarat,Kachchh,138,3
Gujarat,Kheda,54,5
Gujarat,Mahesana,594,10
Gujarat,Narmada,1712,20
Gujarat,Navsari,2149,5
Gujarat,Panchmahals,5179,73
Gujarat,Patan,2947,76
Gujarat,Porbandar,854,27
Gujarat,Rajkot,763,22
Gujarat,Sabarkantha,1243,38
Gujarat,Surat,2013,28
Gujarat,Surendra Nagar,2262,54
Gujarat,Tapi,281,7
Gujarat,The Dangs,100,0
Gujarat,Vadodara,817,10
Gujarat,Valsad,137,0
Haryana,Ambala,1072,11
Haryana,Bhiwani,7,0
Haryana,Faridabad,3283,30
Haryana,Fatehabad,1,0
Haryana,Gurgaon,765,11
Haryana,Hisar,3,0
Haryana,Jhajjar,7,1
Haryana,Jind,4,0
Haryana,Kaithal,3,0
Haryana,Karnal,841,14
Haryana,Kurukshetra,3,0
Haryana,Mahendragarh,5,0
Haryana,Mewat,3,0
Haryana,Palwal,61,2
Haryana,Panchkula,14,0
Haryana,Panipat,1,0
Haryana,Rewari,70,0
Haryana,Rohtak,157,0
Haryana,Sirsa,2,0
Haryana,Sonipat,9,2
Haryana,Yamuna Nagar,66,0
Himachal Pradesh,Bilaspur,1,0
Himachal Pradesh,Bilaspur ,5,0
Himachal Pradesh,Chamba,1498,17
Himachal Pradesh,Hamirpur,8,0
Himachal Pradesh,Kangra,2117,31
Himachal Pradesh,Kinnaur,7,0
Himachal Pradesh,Kullu,8,0
Himachal Pradesh,Lahul and Spiti,1,0
Himachal Pradesh,Mandi,24,0
Himachal Pradesh,Shimla,1386,27
Himachal Pradesh,Sirmaur,541,5
Himachal Pradesh,Solan,733,14
Himachal Pradesh,Una,4,0
Jammu and Kashmir,Bandipore,2,0
Jammu and Kashmir,Baramula,1,0
Jammu and Kashmir,Jammu,9,0
Jammu and Kashmir,Kathua,3,0
Jammu and Kashmir,Rajouri,2,0
Jharkhand,Bokaro,3398,56
Jharkhand,Chatra,17,0
Jharkhand,Deoghar,496,8
Jharkhand,Dhanbad,999,13
Jharkhand,Dumka,797,26
Jharkhand,East Singhbhum,175,44
Jharkhand,Garhwa,108,145
Jharkhand,Giridih,3029,112
Jharkhand,Godda,63,0
Jharkhand,Gumla,268,18
Jharkhand,Hazaribag,91,7
Jharkhand,Hazaribagh,1039,11
Jharkhand,Jamtara,3,0
Jharkhand,Khunti,474,5
Jharkhand,Kodarma,1,1
Jharkhand,Koderma,717,22
Jharkhand,Latehar,24,0
Jharkhand,Lohardaga,237,7
Jharkhand,Pakur,7,0
Jharkhand,Palamau,596,19
Jharkhand,Palamu,336,11
Jharkhand,Ramgarh,199,6
Jharkhand,Ranchi,5133,43
Jharkhand,Sahebganj,13,4
Jharkhand,Seraikela-Kharsawan,19,37
Jharkhand,Simdega,289,13
Jharkhand,West Singhbhum,51,12
Karnataka,Bagalkot,57,6
Karnataka,Bangalore,1536,53
Karnataka,Bangalore Rural,6,1
Karnataka,Belgaum,14,0
Karnataka,Bellary,5,2
Karnataka,Bijapur,1,0
Karnataka,Bijapur(KAR),6,9
Karnataka,Chamarajanagar,12,1
Karnataka,Chickmagalur,5,0
Karnataka,Chikkaballapur,29,1
Karnataka,Chitradurga,192,0
Karnataka,Dakshina Kannada,6,0
Karnataka,Davangere,687,0
Karnataka,Dharwad,2225,485
Karnataka,Gadag,12,0
Karnataka,Hassan,7,1
Karnataka,Haveri,72,1
Karnataka,Kodagu,7,1
Karnataka,Kolar,1,0
Karnataka,Koppal,2,0
Karnataka,Mandya,24,0
Karnataka,Mysore,10166,178
Karnataka,Raichur,2,0
Karnataka,Ramanagar,4,5
Karnataka,Shimoga,491,3
Karnataka,Tumkur,2,0
Karnataka,Udupi,86,4
Karnataka,Uttara Kannada,2,0
Kerala,Alappuzha,4639,17
Kerala,Ernakulam,6869,62
Kerala,Idukki,1579,17
Kerala,Kannur,8325,623
Kerala,Kasaragod,348,0
Kerala,Kasargod,1648,6
Kerala,Kollam,3178,7
Kerala,Kottayam,31840,14
Kerala,Kozhikode,13472,28
Kerala,Malappuram,3308,17
Kerala,Palakkad,9661,1092
Kerala,Pathanamthitta,2424,13
Kerala,Thiruvananthapuram,10165,1517
Kerala,Thrissur,10195,2776
Kerala,Wayanad,1104,10
Lakshadweep,Lakshadweep,128,0
Madhya Pradesh,Alirajpur,2,0
Madhya Pradesh,Anuppur,252,8
Madhya Pradesh,Ashok Nagar,479,0
Madhya Pradesh,Balaghat,13,0
Madhya Pradesh,Barwani,511,34
Madhya Pradesh,Betul,254,5
Madhya Pradesh,Bhind,203,1
Madhya Pradesh,Bhopal,4721,76
Madhya Pradesh,Burhanpur,5,1
Madhya Pradesh,Chhatarpur,1534,15
Madhya Pradesh,Chhindwara,249,0
Madhya Pradesh,Damoh,763,4
Madhya Pradesh,Datia,207,1
Madhya Pradesh,Dewas,35,1
Madhya Pradesh,Dhar,1224,10
Madhya Pradesh,Dindori,20,0
Madhya Pradesh,Guna,1577,38
Madhya Pradesh,Gwalior,213,9
Madhya Pradesh,Harda,5,1
Madhya Pradesh,Hoshangabad,21,0
Madhya Pradesh,Indore,3620,61
Madhya Pradesh,Jabalpur,9896,111
Madhya Pradesh,Jhabua,353,8
Madhya Pradesh,Katni,846,6
Madhya Pradesh,Khandwa,226,5
Madhya Pradesh,Khargone,924,12
Madhya Pradesh,Mandla,6,0
Madhya Pradesh,Mandsaur,135,193
Madhya Pradesh,Morena,118,1
Madhya Pradesh,Narsinghpur,16,0
Madhya Pradesh,Neemuch,42,318
Madhya Pradesh,Panna,42,0
Madhya Pradesh,Raisen,885,27
Madhya Pradesh,Rajgarh,1609,95
Madhya Pradesh,Ratlam,251,56
Madhya Pradesh,Rewa,1790,17
Madhya Pradesh,Sagar,2821,9
Madhya Pradesh,Satna,1999,9
Madhya Pradesh,Sehore,1037,16
Madhya Pradesh,Seoni,46,2
Madhya Pradesh,Shahdol,29,1
Madhya Pradesh,Shajapur,8,0
Madhya Pradesh,Sheopur,4,1
Madhya Pradesh,Shivpuri,4,2
Madhya Pradesh,Sidhi,18,1
Madhya Pradesh,Singrauli,5,1
Madhya Pradesh,Tikamgarh,67,0
Madhya Pradesh,Ujjain,2516,29
Madhya Pradesh,Umaria,126,0
Madhya Pradesh,Vidisha,2566,43
Maharashtra,Ahmadnagar,191,0
Maharashtra,Ahmed Nagar,1103,1
Maharashtra,Akola,51,0
Maharashtra,Amravati,2865,37
Maharashtra,Aurangabad,2251,73
Maharashtra,Beed,86,2
Maharashtra,Bhandara,573,44
Maharashtra,Buldhana,2598,9
Maharashtra,Chandrapur,668,0
Maharashtra,Dhule,2227,53
Maharashtra,Gadchiroli,2,0
Maharashtra,Gondia,52,7
Maharashtra,Gondiya,6,2
Maharashtra,Hingoli,697,9
Maharashtra,Jalgaon,1294,6
Maharashtra,Jalna,184,9
Maharashtra,Kolhapur,392,9
Maharashtra,Latur,10,1
Maharashtra,Mumbai,4560,116
Maharashtra,Mumbai City,83,0
Maharashtra,Mumbai( Sub Urban ),10,0
Maharashtra,Nagpur,258,46
Maharashtra,Nanded,57,1
Maharashtra,Nandurbar,726,3
Maharashtra,Nashik,2726,248
Maharashtra,Osmanabad,1225,6
Maharashtra,Parbhani,180,0
Maharashtra,Pune,2120,30
Maharashtra,Raigarh,4,0
Maharashtra,Raigarh(MH),120,3
Maharashtra,Ratnagiri,7055,68
Maharashtra,Sangli,163,28
Maharashtra,Satara,346,1
Maharashtra,Sindhudurg,36,1
Maharashtra,Solapur,779,12
Maharashtra,Thane,7278,103
Maharashtra,Wardha,367,3
Maharashtra,Washim,3,1
Maharashtra,Yavatmal,6,0
Manipur,Bishnupur,215,2
Manipur,Chandel,0,1
Manipur,Churachandpur,3,0
Manipur,Imphal East,3,0
Manipur,Imphal West,4,5
Manipur,Senapati,7,0
Manipur,Tamenglong,0,1
Manipur,Thoubal,6118,1
Manipur,Ukhrul,145,15
Meghalaya,East Khasi Hills,1,0
Meghalaya,West Garo Hills,1,0
Nagaland,Dimapur,47,0
Nagaland,Kohima,0,2
Nagaland,Mokokchung,0,4
Nagaland,Phek,0,1
Nagaland,Wokha,15,2
Nagaland,Zunheboto,20,1
Odisha,Angul,5,0
Odisha,Balangir,8427,270
Odisha,Baleswar,2169,83
Odisha,Cuttack,3981,12
Odisha,Debagarh,1,0
Odisha,Dhenkanal,5,0
Odisha,Ganjam,8,0
Odisha,Jagatsinghapur,3,0
Odisha,Jajapur,2,0
Odisha,Kendrapara,5,0
Odisha,Kendujhar,2102,1153
Odisha,Khorda,2,0
Odisha,Koraput,2,0
Odisha,Mayurbhanj,9,0
Odisha,Puri,1,0
Odisha,Rayagada,0,1
Odisha,Sambalpur,1,0
Odisha,Sonapur,213,2
Others,Others,36,16
Puducherry,Karaikal,1,0
Puducherry,Pondicherry,1723,27
Puducherry,Yanam,334,0
Punjab,Amritsar,346,2
Punjab,Barnala,558,4
Punjab,Bathinda,840,14
Punjab,Faridkot,1039,3
Punjab,Fatehgarh Sahib,1,0
Punjab,Fazilka,384,21
Punjab,Ferozepur,750,6
Punjab,Gurdaspur,23,1
Punjab,Hoshiarpur,14,0
Punjab,Jalandhar,2286,17
Punjab,Kapurthala,131,1
Punjab,Ludhiana,2176,12
Punjab,Mansa,5,0
Punjab,Moga,711,8
Punjab,Muktsar,3,0
Punjab,Pathankot,4,0
Punjab,Patiala,28,0
Punjab,Rupnagar,29,2
Punjab,SAS Nagar (Mohali),23,0
Punjab,Sangrur,19,1
Punjab,Sri Muktsar Sahib,793,14
Punjab,Tarn Taran,42,0
Rajasthan,Ajmer,176,0
Rajasthan,Alwar,2164,195
Rajasthan,Banswara,35,0
Rajasthan,Barmer,427,15
Rajasthan,Bharatpur,9,0
Rajasthan,Bhilwara,168,3
Rajasthan,Bikaner,529,95
Rajasthan,Bundi,282,0
Rajasthan,Chittorgarh,93,1
Rajasthan,Churu,1210,9
Rajasthan,Dausa,757,5
Rajasthan,Dholpur,3,0
Rajasthan,Dungarpur,3,0
Rajasthan,Ganganagar,14,0
Rajasthan,Hanumangarh,30,0
Rajasthan,Jaipur,3887,87
Rajasthan,Jaisalmer,4,1
Rajasthan,Jalor,122,0
Rajasthan,Jhalawar,1,0
Rajasthan,Jhunjhunu,539,38
Rajasthan,Jhunjhunun,576,3
Rajasthan,Jodhpur,324,2
Rajasthan,Karauli,15,0
Rajasthan,Kota,338,23
Rajasthan,Nagaur,5091,168
Rajasthan,Pali,504,14
Rajasthan,Rajsamand,516,8
Rajasthan,Sawai Madhopur,10,0
Rajasthan,Sikar,535,25
Rajasthan,Sirohi,0,1
Rajasthan,Tonk,131,6
Rajasthan,Udaipur,128,4
Sikkim,East Sikkim,1,0
Sikkim,North Sikkim,8,0
Tamil Nadu,Ariyalur,451,16
Tamil Nadu,Chennai,1,0
Tamil Nadu,Coimbatore,4,0
Tamil Nadu,Cuddalore,5303,118
Tamil Nadu,Dharmapuri,3,2
Tamil Nadu,Dindigul,3,0
Tamil Nadu,Erode,997,202
Tamil Nadu,Kancheepuram,1,0
Tamil Nadu,Kanchipuram,1,0
Tamil Nadu,Kanniyakumari,4,0
Tamil Nadu,Kanyakumari,8,0
Tamil Nadu,Karur,1088,63
Tamil Nadu,Madurai,10,2
Tamil Nadu,Nagapattinam,691,55
Tamil Nadu,Namakkal,3,0
Tamil Nadu,Perambalur,74,2
Tamil Nadu,Pudukkottai,349,163
Tamil Nadu,Salem,2057,0
Tamil Nadu,Thanjavur,1,0
Tamil Nadu,Theni,16,0
Tamil Nadu,Thoothukkudi,3,0
Tamil Nadu,Tiruchirappalli,21106,76
Tamil Nadu,Tirunelveli,2,0
Tamil Nadu,Tiruvallur,1,1
Tamil Nadu,Tiruvannamalai,2,0
Tamil Nadu,Tiruvarur,36,0
Tamil Nadu,Tuticorin,4,0
Tamil Nadu,Vellore,2103,14
Tamil Nadu,Villupuram,1,0
Tamil Nadu,Viluppuram,1,0
Tripura,Dhalai,35,0
Tripura,North Tripura,766,1
Tripura,South Tripura,413,1
Tripura,West Tripura,282,0
Uttar Pradesh,Agra,5,0
Uttar Pradesh,Aligarh,14,0
Uttar Pradesh,Allahabad,17,0
Uttar Pradesh,Ambedkar Nagar,9,0
Uttar Pradesh,Amroha,2,0
Uttar Pradesh,Auraiya,2,0
Uttar Pradesh,Azamgarh,10,1
Uttar Pradesh,Baghpat,1,0
Uttar Pradesh,Bagpat,3,0
Uttar Pradesh,Bahraich,1,0
Uttar Pradesh,Ballia,11,0
Uttar Pradesh,Balrampur,2,0
Uttar Pradesh,Banda,8,0
Uttar Pradesh,Bara Banki,2,0
Uttar Pradesh,Barabanki,1,0
Uttar Pradesh,Bareilly,10,1
Uttar Pradesh,Basti,6,1
Uttar Pradesh,Bijnor,4,0
Uttar Pradesh,Budaun,4,0
Uttar Pradesh,Bulandshahar,4,0
Uttar Pradesh,Bulandshahr,10,0
Uttar Pradesh,Chandauli,9,0
Uttar Pradesh,Chitrakoot,17,0
Uttar Pradesh,Deoria,9,0
Uttar Pradesh,Etah,7,0
Uttar Pradesh,Etawah,4,0
Uttar Pradesh,Faizabad,7,0
Uttar Pradesh,Farrukhabad,2,0
Uttar Pradesh,Fatehpur,2,0
Uttar Pradesh,Firozabad,2,1
Uttar Pradesh,Gautam Buddha Nagar,19,1
Uttar Pradesh,Ghaziabad,59,1
Uttar Pradesh,Ghazipur,23,0
Uttar Pradesh,Gonda,5,0
Uttar Pradesh,Gorakhpur,8,0
Uttar Pradesh,Hamirpur,8,0
Uttar Pradesh,Hapur,2,0
Uttar Pradesh,Hardoi,6,0
Uttar Pradesh,Hathras,1,0
Uttar Pradesh,Jalaun,5,0
Uttar Pradesh,Jaunpur,16,1
Uttar Pradesh,Jhansi,4,0
Uttar Pradesh,Jyotiba Phule Nagar,1,0
Uttar Pradesh,Kannauj,6,0
Uttar Pradesh,Kanpur Dehat,4,0
Uttar Pradesh,Kanpur Nagar,33,0
Uttar Pradesh,Kaushambi,1,0
Uttar Pradesh,Kushinagar,4,0
Uttar Pradesh,Lalitpur,1,0
Uttar Pradesh,Lucknow,9,0
Uttar Pradesh,Maharajganj,1,0
Uttar Pradesh,Mahoba,4,1
Uttar Pradesh,Mainpuri,3,0
Uttar Pradesh,Mathura,8,0
Uttar Pradesh,Mau,6,0
Uttar Pradesh,Meerut,11,0
Uttar Pradesh,Mirzapur,9,0
Uttar Pradesh,Moradabad,8,0
Uttar Pradesh,Muzaffarnagar,6,0
Uttar Pradesh,Pratapgarh,10,0
Uttar Pradesh,Raebareli,11,0
Uttar Pradesh,Rampur,1,0
Uttar Pradesh,Saharanpur,3,0
Uttar Pradesh,Sant Kabir Nagar,2,0
Uttar Pradesh,Sant Ravidas Nagar,2,0
Uttar Pradesh,Sant Ravidas Nagar Bhadohi,1,0
Uttar Pradesh,Shamli,2,0
Uttar Pradesh,Siddharthnagar,2,0
Uttar Pradesh,Sitapur,5,0
Uttar Pradesh,Sonbhadra,3,0
Uttar Pradesh,Sultanpur,13,0
Uttar Pradesh,Unnao,6,0
Uttar Pradesh,Varanasi,9,0
Uttarakhand,Almora,7,0
Uttarakhand,Bageshwar,0,1
Uttarakhand,Chamoli,2,0
Uttarakhand,Champawat,1,0
Uttarakhand,Dehradun,12,0
Uttarakhand,Haridwar,6,0
Uttarakhand,Nainital,1,0
Uttarakhand,Pauri Garhwal,1,0
Uttarakhand,Pithoragarh,5,0
Uttarakhand,Tehri Garhwal,4,0
Uttarakhand,Udham Singh Nagar,3,0
Uttarakhand,Uttarkashi,1,0
West Bengal,Bally Jagachha,1,0
West Bengal,Bankura,5,0
West Bengal,Barddhaman,766,102
West Bengal,Bardhaman,735,492
West Bengal,Birbhum,12,1
West Bengal,Cooch Behar,33,5
West Bengal,Dakshin Dinajpur,1,0
West Bengal,Darjeeling,15,0
West Bengal,Domjur,15,1
West Bengal,East Midnapore,734,5892
West Bengal,Hooghly,174,6
West Bengal,Howrah,114129,3225
West Bengal,Jalpaiguri,42,7
West Bengal,Kolkata,23844,440
West Bengal,Malda,143,1
West Bengal,Medinipur,1262,383
West Bengal,Murshidabad,20,10
West Bengal,Nadia,9,0
West Bengal,North 24 Parganas,1113,47
West Bengal,Purulia,13,0
West Bengal,South 24 Parganas,1,0
West Bengal,South Dinajpur,3,0
West Bengal,South Twenty Four Parganas,3572,3
West Bengal,West Midnapore,295,325
