State,District,Aadhaar generated,Enrolment Rejected
Andaman and Nicobar Islands,Nicobar,215,5
Andaman and Nicobar Islands,North And Middle Andaman,37,0
Andaman and Nicobar Islands,South Andaman,29,2
Andhra Pradesh,Ananthapur,129,2
Andhra Pradesh,Chittoor,101,2
Andhra Pradesh,Cuddapah,84,0
Andhra Pradesh,East Godavari,221,1
Andhra Pradesh,Guntur,168,3
Andhra Pradesh,Krishna,322,0
Andhra Pradesh,Kurnool,223,0
Andhra Pradesh,Nellore,110,0
Andhra Pradesh,Prakasam,80,1
Andhra Pradesh,Srikakulam,90,0
Andhra Pradesh,Visakhapatnam,157,0
Andhra Pradesh,Vizianagaram,101,1
Andhra Pradesh,West Godavari,114,2
Arunachal Pradesh,Anjaw,11,2
Arunachal Pradesh,Dibang Valley,1,0
Arunachal Pradesh,East Siang,1,0
Arunachal Pradesh,Lohit,9,1
Arunachal Pradesh,Longding,543,0
Arunachal Pradesh,Lower Dibang Valley,1,0
Arunachal Pradesh,Lower Subansiri,1,0
Arunachal Pradesh,Namsai,102,0
Arunachal Pradesh,Papum Pare,37,0
Arunachal Pradesh,Tirap,7,0
Arunachal Pradesh,Upper Siang,53,4
Arunachal Pradesh,West Kameng,5,0
Arunachal Pradesh,West Siang,275,4
Assam,Baksa,5,1
Assam,Barpeta,33,0
Assam,Bongaigaon,5,0
Assam,Cachar,17,0
Assam,Chirang,5,0
Assam,Darrang,27,3
Assam,Dhemaji,4,0
Assam,Dhubri,3,0
Assam,Dibrugarh,13,0
Assam,Goalpara,6,0
Assam,Golaghat,14,0
Assam,Hailakandi,9,0
Assam,Jorhat,71,0
Assam,Kamrup,97,1
Assam,Kamrup Metro,17,0
Assam,Karbi Anglong,12,0
Assam,Karimganj,8,0
Assam,Kokrajhar,8,0
Assam,Lakhimpur,9,0
Assam,Marigaon,2,0
Assam,Nagaon,67,0
Assam,Nalbari,12,0
Assam,North Cachar Hills,2,0
Assam,Sibsagar,12,2
Assam,Sonitpur,48,0
Assam,Tinsukia,20,0
Assam,Udalguri,17,0
Bihar,Araria,4767,149
Bihar,Arwal,190,4
Bihar,Aurangabad,731,29
Bihar,Banka,515,4
Bihar,Begusarai,1090,39
Bihar,Bhagalpur,977,18
Bihar,Bhojpur,1960,58
Bihar,Buxar,542,21
Bihar,Darbhanga,4001,201
Bihar,East Champaran,818,34
Bihar,Gaya,1250,40
Bihar,Gopalganj,592,30
Bihar,Jamui,1398,51
Bihar,Jehanabad,261,5
Bihar,Kaimur (Bhabua),930,15
Bihar,Katihar,1524,9
Bihar,Khagaria,1192,58
Bihar,Kishanganj,651,11
Bihar,Lakhisarai,296,7
Bihar,Madhepura,1790,67
Bihar,Madhubani,1765,46
Bihar,Munger,276,13
Bihar,Muzaffarpur,847,33
Bihar,Nalanda,1504,47
Bihar,Nawada,1445,77
Bihar,Patna,1301,29
Bihar,Purnia,1764,38
Bihar,Rohtas,693,35
Bihar,Saharsa,454,6
Bihar,Samastipur,2449,60
Bihar,Saran,655,17
Bihar,Sheikhpura,307,8
Bihar,Sheohar,167,1
Bihar,Sitamarhi,682,9
Bihar,Siwan,1305,59
Bihar,Supaul,709,10
Bihar,Vaishali,646,13
Bihar,West Champaran,1962,54
Chandigarh,Chandigarh,98,2
Chhattisgarh,Balod,287,10
Chhattisgarh,Baloda Bazar,1171,81
Chhattisgarh,Balrampur,320,18
Chhattisgarh,Bastar,602,18
Chhattisgarh,Bemetara,217,7
Chhattisgarh,Bijapur,853,18
Chhattisgarh,Bilaspur,313,30
Chhattisgarh,Dakshin Bastar Dantewada,136,10
Chhattisgarh,Dantewada,48,3
Chhattisgarh,Dhamtari,161,1
Chhattisgarh,Durg,391,12
Chhattisgarh,Gariyaband,57,8
Chhattisgarh,Janjgir-champa,572,37
Chhattisgarh,Jashpur,45,2
Chhattisgarh,Kabeerdham,72,5
Chhattisgarh,Kanker,175,4
Chhattisgarh,Kawardha,146,4
Chhattisgarh,Kondagaon,114,2
Chhattisgarh,Korba,261,12
Chhattisgarh,Koriya,70,10
Chhattisgarh,Mahasamund,422,24
Chhattisgarh,Mungeli,132,3
Chhattisgarh,Narayanpur,53,0
Chhattisgarh,Raigarh,176,9
Chhattisgarh,Raipur,246,10
Chhattisgarh,Rajnandgaon,386,11
Chhattisgarh,Sukma,244,9
Chhattisgarh,Surajpur,1064,55
Chhattisgarh,Surguja,353,19
Chhattisgarh,Uttar Bastar Kanker,84,37
Dadra and Nagar Haveli,Dadra and Nagar Haveli,337,0
Daman and Diu,Daman,3,0
Daman and Diu,Diu,1,0
Delhi,Central Delhi,59,2
Delhi,East Delhi,140,4
Delhi,New Delhi,6,0
Delhi,North Delhi,50,6
Delhi,North East Delhi,304,8
Delhi,North West Delhi,305,21
Delhi,South Delhi,254,14
Delhi,South West Delhi,192,16
Delhi,West Delhi,178,13
Goa,North Goa,52,2
Goa,South Goa,119,8
Gujarat,Ahmedabad,2243,17
Gujarat,Amreli,506,6
Gujarat,Anand,1234,8
Gujarat,Arvalli,164,1
Gujarat,Banaskantha,1549,17
Gujarat,Bharuch,387,3
Gujarat,Bhavnagar,689,16
Gujarat,Dahod,1825,24
Gujarat,Devbhumi Dwarka,540,0
Gujarat,Gandhinagar,793,25
Gujarat,Gir Somnath,31,1
Gujarat,Jamnagar,62,1
Gujarat,Junagadh,480,2
Gujarat,Kachchh,787,3
Gujarat,Kheda,808,14
Gujarat,Mahesana,364,7
Gujarat,Narmada,259,11
Gujarat,Navsari,343,1
Gujarat,Panchmahals,1903,26
Gujarat,Patan,782,27
Gujarat,Porbandar,324,0
Gujarat,Rajkot,2735,13
Gujarat,Sabarkantha,705,25
Gujarat,Surat,1276,6
Gujarat,Surendra Nagar,851,9
Gujarat,Tapi,522,3
Gujarat,The Dangs,122,2
Gujarat,Vadodara,2570,43
Gujarat,Valsad,363,2
Haryana,Ambala,166,1
Haryana,Bhiwani,279,15
Haryana,Faridabad,396,12
Haryana,Fatehabad,302,14
Haryana,Gurgaon,207,11
Haryana,Hisar,438,41
Haryana,Jhajjar,236,19
Haryana,Jind,351,10
Haryana,Kaithal,215,11
Haryana,Karnal,226,5
Haryana,Kurukshetra,317,4
Haryana,Mahendragarh,293,10
Haryana,Mewat,254,16
Haryana,Palwal,262,30
Haryana,Panchkula,114,3
Haryana,Panipat,248,33
Haryana,Rewari,180,11
Haryana,Rohtak,270,12
Haryana,Sirsa,388,10
Haryana,Sonipat,211,11
Haryana,Yamuna Nagar,265,26
Himachal Pradesh,Bilaspur,4,0
Himachal Pradesh,Chamba,9,0
Himachal Pradesh,Hamirpur,10,0
Himachal Pradesh,Kangra,56,2
Himachal Pradesh,Kinnaur,5,0
Himachal Pradesh,Kullu,12,0
Himachal Pradesh,Mandi,40,1
Himachal Pradesh,Shimla,20,0
Himachal Pradesh,Sirmaur,14,0
Himachal Pradesh,Solan,14,1
Himachal Pradesh,Una,17,3
Jammu and Kashmir,Anantnag,59,1
Jammu and Kashmir,Badgam,1086,0
Jammu and Kashmir,Bandipore,148,0
Jammu and Kashmir,Baramula,96,30
Jammu and Kashmir,Doda,101,0
Jammu and Kashmir,Ganderbal,151,0
Jammu and Kashmir,Jammu,632,4
Jammu and Kashmir,Kargil,24,0
Jammu and Kashmir,Kathua,57,119
Jammu and Kashmir,Kishtwar,53,1
Jammu and Kashmir,Kulgam,20,0
Jammu and Kashmir,Kupwara,17,0
Jammu and Kashmir,Leh,34,0
Jammu and Kashmir,Pulwama,106,0
Jammu and Kashmir,Punch,230,0
Jammu and Kashmir,Rajouri,289,0
Jammu and Kashmir,Ramban,330,0
Jammu and Kashmir,Reasi,70,0
Jammu and Kashmir,Samba,39,0
Jammu and Kashmir,Shupiyan,34,0
Jammu and Kashmir,Srinagar,1090,2
Jammu and Kashmir,Udhampur,626,1
Jharkhand,Bokaro,125,1
Jharkhand,Chatra,84,12
Jharkhand,Deoghar,190,2
Jharkhand,Dhanbad,227,8
Jharkhand,Dumka,146,0
Jharkhand,East Singhbhum,184,8
Jharkhand,Garhwa,120,2
Jharkhand,Giridih,494,19
Jharkhand,Godda,137,8
Jharkhand,Gumla,51,2
Jharkhand,Hazaribagh,76,5
Jharkhand,Jamtara,71,1
Jharkhand,Khunti,29,2
Jharkhand,Koderma,45,5
Jharkhand,Latehar,41,3
Jharkhand,Lohardaga,31,2
Jharkhand,Pakur,32,0
Jharkhand,Palamu,248,4
Jharkhand,Ramgarh,64,1
Jharkhand,Ranchi,169,0
Jharkhand,Sahebganj,59,3
Jharkhand,Seraikela-Kharsawan,84,3
Jharkhand,Simdega,32,0
Jharkhand,West Singhbhum,86,4
Karnataka,Bagalkot,344,20
Karnataka,Ballari,767,12
Karnataka,Bangalore Rural,839,26
Karnataka,Belagavi,1380,13
Karnataka,Bengaluru,1005,21
Karnataka,Bidar,435,14
Karnataka,Chamrajanagar,385,9
Karnataka,Chikkaballapur,412,18
Karnataka,Chikkamagaluru,177,9
Karnataka,Chitradurga,580,13
Karnataka,Dakshina Kannada,301,16
Karnataka,Davangere,617,33
Karnataka,Dharwad,394,12
Karnataka,Gadag,157,11
Karnataka,Hassan,685,21
Karnataka,Haveri,465,8
Karnataka,Kalaburagi,718,32
Karnataka,Kodagu,44,0
Karnataka,Kolar,565,37
Karnataka,Koppal,459,3
Karnataka,Mandya,632,28
Karnataka,Mysuru,265,6
Karnataka,Raichur,1605,46
Karnataka,Ramanagar,375,3
Karnataka,Shivamogga,141,20
Karnataka,Tumakuru,453,67
Karnataka,Udupi,177,5
Karnataka,Uttara Kannada,378,4
Karnataka,Vijayapura,254,10
Karnataka,Yadgir,262,20
Kerala,Alappuzha,105,1
Kerala,Ernakulam,119,1
Kerala,Idukki,50,0
Kerala,Kannur,181,0
Kerala,Kasaragod,117,1
Kerala,Kollam,140,6
Kerala,Kottayam,156,4
Kerala,Kozhikode,201,1
Kerala,Malappuram,330,2
Kerala,Palakkad,208,0
Kerala,Pathanamthitta,101,2
Kerala,Thiruvananthapuram,143,2
Kerala,Thrissur,144,1
Kerala,Wayanad,36,2
Madhya Pradesh,Alirajpur,148,1
Madhya Pradesh,Anuppur,180,9
Madhya Pradesh,Ashok Nagar,573,25
Madhya Pradesh,Balaghat,315,17
Madhya Pradesh,Barwani,250,9
Madhya Pradesh,Betul,225,2
Madhya Pradesh,Bhind,614,18
Madhya Pradesh,Bhopal,348,19
Madhya Pradesh,Burhanpur,101,1
Madhya Pradesh,Chhatarpur,887,32
Madhya Pradesh,Chhindwara,397,4
Madhya Pradesh,Damoh,231,3
Madhya Pradesh,Datia,308,11
Madhya Pradesh,Dewas,389,3
Madhya Pradesh,Dhar,651,11
Madhya Pradesh,Dindori,315,4
Madhya Pradesh,Guna,493,12
Madhya Pradesh,Gwalior,517,24
Madhya Pradesh,Harda,36,1
Madhya Pradesh,Hoshangabad,134,1
Madhya Pradesh,Indore,762,13
Madhya Pradesh,Jabalpur,495,23
Madhya Pradesh,Jhabua,299,7
Madhya Pradesh,Katni,407,2
Madhya Pradesh,Khandwa,101,5
Madhya Pradesh,Khargone,276,30
Madhya Pradesh,Mandla,223,5
Madhya Pradesh,Mandsaur,154,5
Madhya Pradesh,Morena,1300,59
Madhya Pradesh,Narsinghpur,225,4
Madhya Pradesh,Neemuch,80,11
Madhya Pradesh,Panna,205,24
Madhya Pradesh,Raisen,285,9
Madhya Pradesh,Rajgarh,1344,28
Madhya Pradesh,Ratlam,161,10
Madhya Pradesh,Rewa,936,43
Madhya Pradesh,Sagar,419,19
Madhya Pradesh,Satna,654,33
Madhya Pradesh,Sehore,243,1
Madhya Pradesh,Seoni,171,5
Madhya Pradesh,Shahdol,332,10
Madhya Pradesh,Shajapur,141,12
Madhya Pradesh,Sheopur,441,10
Madhya Pradesh,Shivpuri,1214,29
Madhya Pradesh,Sidhi,887,14
Madhya Pradesh,Singrauli,362,35
Madhya Pradesh,Tikamgarh,805,23
Madhya Pradesh,Ujjain,379,5
Madhya Pradesh,Umaria,152,5
Madhya Pradesh,Vidisha,278,12
Maharashtra,Ahmadnagar,2395,91
Maharashtra,Akola,410,13
Maharashtra,Amravati,335,0
Maharashtra,Aurangabad,1287,22
Maharashtra,Beed,1821,97
Maharashtra,Bhandara,156,17
Maharashtra,Buldhana,547,32
Maharashtra,Chandrapur,429,33
Maharashtra,Dhule,340,2
Maharashtra,Gadchiroli,332,6
Maharashtra,Gondiya,173,21
Maharashtra,Hingoli,473,58
Maharashtra,Jalgaon,903,17
Maharashtra,Jalna,432,9
Maharashtra,Kolhapur,938,66
Maharashtra,Latur,600,8
Maharashtra,Mumbai,957,15
Maharashtra,Nagpur,907,114
Maharashtra,Nanded,902,23
Maharashtra,Nandurbar,449,1
Maharashtra,Nashik,1685,59
Maharashtra,Osmanabad,447,24
Maharashtra,Palghar,524,12
Maharashtra,Parbhani,1219,16
Maharashtra,Pune,2234,70
Maharashtra,Raigarh,539,39
Maharashtra,Ratnagiri,1018,19
Maharashtra,Sangli,680,27
Maharashtra,Satara,1122,19
Maharashtra,Sindhudurg,535,16
Maharashtra,Solapur,1961,70
Maharashtra,Thane,814,19
Maharashtra,Wardha,130,3
Maharashtra,Washim,524,8
Maharashtra,Yavatmal,759,19
Manipur,Bishnupur,38,0
Manipur,Chandel,33,0
Manipur,Churachandpur,6,0
Manipur,Imphal East,64,0
Manipur,Imphal West,31,0
Manipur,Senapati,10,0
Manipur,Tamenglong,2,0
Manipur,Thoubal,92,0
Meghalaya,East Garo Hills,1,0
Meghalaya,East Khasi Hills,4,1
Meghalaya,Ri Bhoi,0,1
Meghalaya,West Garo Hills,2,0
Meghalaya,West Khasi Hills,6,1
Mizoram,Aizawl,181,0
Mizoram,Champhai,67,0
Mizoram,Kolasib,6,0
Mizoram,Lawngtlai,2,0
Mizoram,Lunglei,2,0
Mizoram,Mammit,12,0
Mizoram,Saiha,22,0
Mizoram,Serchhip,8,0
Nagaland,Dimapur,7,0
Nagaland,Kiphire,1,0
Nagaland,Kohima,12,0
Nagaland,Mokokchung,8,0
Nagaland,Mon,1,0
Nagaland,Phek,2,0
Nagaland,Tuensang,255,0
Nagaland,Zunheboto,2,0
Odisha,Angul,4,0
Odisha,Balangir,3,0
Odisha,Baleswar,199,1
Odisha,Bargarh,385,12
Odisha,Bhadrak,459,11
Odisha,Boudh,26,0
Odisha,Cuttack,36,1
Odisha,Debagarh,41,0
Odisha,Dhenkanal,119,3
Odisha,Gajapati,12,0
Odisha,Ganjam,1235,5
Odisha,Jagatsinghapur,85,3
Odisha,Jajapur,14,1
Odisha,Jharsuguda,20,3
Odisha,Kalahandi,174,8
Odisha,Kandhamal,556,3
Odisha,Kendrapara,170,6
Odisha,Kendujhar,610,18
Odisha,Khorda,96,1
Odisha,Koraput,59,0
Odisha,Malkangiri,138,3
Odisha,Mayurbhanj,106,5
Odisha,Nabarangapur,98,1
Odisha,Nayagarh,538,0
Odisha,Nuapada,13,1
Odisha,Puri,118,3
Odisha,Rayagada,440,19
Odisha,Sambalpur,53,1
Odisha,Sonapur,8,0
Odisha,Sundergarh,531,1
Puducherry,Karaikal,61,0
Puducherry,Puducherry,42,1
Punjab,Amritsar,372,9
Punjab,Barnala,52,1
Punjab,Bathinda,204,4
Punjab,Faridkot,37,1
Punjab,Fatehgarh Sahib,34,3
Punjab,Fazilka,135,2
Punjab,Ferozepur,108,4
Punjab,Gurdaspur,155,7
Punjab,Hoshiarpur,186,1
Punjab,Jalandhar,188,2
Punjab,Kapurthala,73,2
Punjab,Ludhiana,483,6
Punjab,Mansa,103,0
Punjab,Moga,166,4
Punjab,Pathankot,35,0
Punjab,Patiala,180,1
Punjab,Rupnagar,41,0
Punjab,SAS Nagar (Mohali),98,0
Punjab,Sangrur,137,5
Punjab,Shaheed Bhagat Singh Nagar,85,0
Punjab,Sri Muktsar Sahib,110,1
Punjab,Tarn Taran,174,4
Rajasthan,Ajmer,287,28
Rajasthan,Alwar,409,35
Rajasthan,Banswara,512,18
Rajasthan,Baran,224,16
Rajasthan,Barmer,503,41
Rajasthan,Bharatpur,411,38
Rajasthan,Bhilwara,711,24
Rajasthan,Bikaner,547,23
Rajasthan,Bundi,367,28
Rajasthan,Chittorgarh,296,32
Rajasthan,Churu,203,8
Rajasthan,Dausa,349,22
Rajasthan,Dholpur,368,16
Rajasthan,Dungarpur,436,17
Rajasthan,Ganganagar,388,18
Rajasthan,Hanumangarh,424,13
Rajasthan,Jaipur,715,40
Rajasthan,Jaisalmer,477,78
Rajasthan,Jalor,402,26
Rajasthan,Jhalawar,483,18
Rajasthan,Jhunjhunun,233,6
Rajasthan,Jodhpur,928,54
Rajasthan,Karauli,496,55
Rajasthan,Kota,217,10
Rajasthan,Nagaur,469,23
Rajasthan,Pali,347,13
Rajasthan,Pratapgarh,373,34
Rajasthan,Rajsamand,209,18
Rajasthan,Sawai Madhopur,317,19
Rajasthan,Sikar,325,18
Rajasthan,Sirohi,207,6
Rajasthan,Tonk,336,21
Rajasthan,Udaipur,507,11
Sikkim,East Sikkim,23,0
Sikkim,South Sikkim,4,0
Sikkim,West Sikkim,34,0
Tamil Nadu,Ariyalur,68,0
Tamil Nadu,Chennai,652,33
Tamil Nadu,Coimbatore,7183,30
Tamil Nadu,Cuddalore,662,41
Tamil Nadu,Dharmapuri,309,1
Tamil Nadu,Dindigul,415,6
Tamil Nadu,Erode,2438,77
Tamil Nadu,Kancheepuram,4449,56
Tamil Nadu,Kanniyakumari,387,6
Tamil Nadu,Karur,131,4
Tamil Nadu,Krishnagiri,50,21
Tamil Nadu,Madurai,646,32
Tamil Nadu,Nagapattinam,320,0
Tamil Nadu,Namakkal,1479,29
Tamil Nadu,Perambalur,365,24
Tamil Nadu,Pudukkottai,420,0
Tamil Nadu,Ramanathapuram,196,1
Tamil Nadu,Salem,3199,56
Tamil Nadu,Sivaganga,299,8
Tamil Nadu,Thanjavur,247,1
Tamil Nadu,The Nilgiris,2626,21
Tamil Nadu,Theni,467,4
Tamil Nadu,Thiruvarur,178,1
Tamil Nadu,Thoothukkudi,178,2
Tamil Nadu,Tiruchirappalli,303,37
Tamil Nadu,Tirunelveli,653,5
Tamil Nadu,Tiruppur,2228,40
Tamil Nadu,Tiruvallur,524,23
Tamil Nadu,Tiruvannamalai,576,16
Tamil Nadu,Vellore,1270,16
Tamil Nadu,Villupuram,1775,49
Tamil Nadu,Virudhunagar,340,1
Telangana,Adilabad,59,0
Telangana,Hyderabad,301,12
Telangana,K.v. Rangareddy,315,2
Telangana,Karimnagar,75,0
Telangana,Khammam,52,1
Telangana,Mahabubnagar,113,0
Telangana,Medak,121,1
Telangana,Nalgonda,133,1
Telangana,Nizamabad,79,0
Telangana,Warangal,95,2
Tripura,Dhalai,17,11
Tripura,Gomati,24,2
Tripura,Khowai,33,1
Tripura,North Tripura,12,2
Tripura,Sepahijala,21,11
Tripura,South Tripura,93,13
Tripura,Unakoti,90,2
Tripura,West Tripura,67,4
Uttar Pradesh,Agra,705,54
Uttar Pradesh,Aligarh,779,78
Uttar Pradesh,Allahabad,1168,66
Uttar Pradesh,Ambedkar Nagar,263,10
Uttar Pradesh,Amethi,306,8
Uttar Pradesh,Amroha,224,17
Uttar Pradesh,Auraiya,178,32
Uttar Pradesh,Azamgarh,1002,16
Uttar Pradesh,Baghpat,133,10
Uttar Pradesh,Bahraich,1074,46
Uttar Pradesh,Ballia,775,97
Uttar Pradesh,Balrampur,1545,70
Uttar Pradesh,Banda,1552,37
Uttar Pradesh,Bara Banki,746,24
Uttar Pradesh,Bareilly,627,44
Uttar Pradesh,Basti,599,36
Uttar Pradesh,Bijnor,361,12
Uttar Pradesh,Budaun,974,102
Uttar Pradesh,Bulandshahr,597,50
Uttar Pradesh,Chandauli,286,36
Uttar Pradesh,Chitrakoot,526,14
Uttar Pradesh,Deoria,521,15
Uttar Pradesh,Etah,303,28
Uttar Pradesh,Etawah,273,95
Uttar Pradesh,Faizabad,603,11
Uttar Pradesh,Farrukhabad,374,16
Uttar Pradesh,Fatehpur,1442,37
Uttar Pradesh,Firozabad,441,14
Uttar Pradesh,Gautam Buddha Nagar,281,43
Uttar Pradesh,Ghaziabad,601,23
Uttar Pradesh,Ghazipur,896,44
Uttar Pradesh,Gonda,868,22
Uttar Pradesh,Gorakhpur,1253,31
Uttar Pradesh,Hamirpur,1250,62
Uttar Pradesh,Hapur,134,14
Uttar Pradesh,Hardoi,1542,54
Uttar Pradesh,Hathras,115,19
Uttar Pradesh,Jalaun,1690,72
Uttar Pradesh,Jaunpur,617,11
Uttar Pradesh,Jhansi,556,20
Uttar Pradesh,Kannauj,372,7
Uttar Pradesh,Kanpur Dehat,291,4
Uttar Pradesh,Kanpur Nagar,583,28
Uttar Pradesh,Kasganj,540,15
Uttar Pradesh,Kaushambi,429,9
Uttar Pradesh,Kheri,1830,44
Uttar Pradesh,Kushinagar,575,26
Uttar Pradesh,Lalitpur,636,24
Uttar Pradesh,Lucknow,632,24
Uttar Pradesh,Maharajganj,500,19
Uttar Pradesh,Mahoba,1019,58
Uttar Pradesh,Mainpuri,603,43
Uttar Pradesh,Mathura,495,60
Uttar Pradesh,Mau,342,12
Uttar Pradesh,Meerut,427,22
Uttar Pradesh,Mirzapur,809,23
Uttar Pradesh,Moradabad,437,16
Uttar Pradesh,Muzaffarnagar,685,47
Uttar Pradesh,Pilibhit,144,10
Uttar Pradesh,Pratapgarh,483,17
Uttar Pradesh,Rae Bareli,295,10
Uttar Pradesh,Rampur,335,11
Uttar Pradesh,Saharanpur,400,19
Uttar Pradesh,Sambhal,497,12
Uttar Pradesh,Sant Kabir Nagar,313,9
Uttar Pradesh,Sant Ravidas Nagar,229,6
Uttar Pradesh,Shahjahanpur,919,35
Uttar Pradesh,Shamli,257,12
Uttar Pradesh,Shrawasti,392,14
Uttar Pradesh,Siddharthnagar,851,17
Uttar Pradesh,Sitapur,1893,42
Uttar Pradesh,Sonbhadra,1234,29
Uttar Pradesh,Sultanpur,426,7
Uttar Pradesh,Unnao,540,24
Uttar Pradesh,Varanasi,754,58
Uttarakhand,Almora,659,3
Uttarakhand,Bageshwar,344,2
Uttarakhand,Chamoli,560,94
Uttarakhand,Champawat,11,0
Uttarakhand,Dehradun,185,6
Uttarakhand,Haridwar,181,9
Uttarakhand,Nainital,296,3
Uttarakhand,Pauri Garhwal,391,7
Uttarakhand,Pithoragarh,459,4
Uttarakhand,Rudraprayag,522,21
Uttarakhand,Tehri Garhwal,510,57
Uttarakhand,Udham Singh Nagar,134,25
Uttarakhand,Uttarkashi,353,12
West Bengal,Bankura,845,16
West Bengal,Barddhaman,2039,55
West Bengal,Birbhum,52,7
West Bengal,Cooch Behar,511,18
West Bengal,Dakshin Dinajpur,251,1
West Bengal,Darjeeling,149,9
West Bengal,Hooghly,211,0
West Bengal,Howrah,485,19
West Bengal,Jalpaiguri,360,83
West Bengal,Kolkata,248,0
West Bengal,Malda,969,76
West Bengal,Murshidabad,839,25
West Bengal,Nadia,1160,16
West Bengal,North 24 Parganas,1683,53
West Bengal,Paschim Medinipur,660,137
West Bengal,Purba Medinipur,1226,269
West Bengal,Puruliya,193,16
West Bengal,South 24 Parganas,435,83
West Bengal,Uttar Dinajpur,242,1
