State,District,Aadhaar generated,Enrolment Rejected
Andaman and Nicobar Islands,Nicobar,372,3
Andaman and Nicobar Islands,North And Middle Andaman,512,0
Andaman and Nicobar Islands,South Andaman,558,1
Andhra Pradesh,Ananthapur,495,5
Andhra Pradesh,Chittoor,452,11
Andhra Pradesh,Cuddapah,975,15
Andhra Pradesh,East Godavari,1139,16
Andhra Pradesh,Guntur,781,6
Andhra Pradesh,Krishna,1209,2
Andhra Pradesh,Kurnool,1059,6
Andhra Pradesh,Nellore,473,1
Andhra Pradesh,Prakasam,440,1
Andhra Pradesh,Srikakulam,281,0
Andhra Pradesh,Visakhapatnam,897,5
Andhra Pradesh,Vizianagaram,390,3
Andhra Pradesh,West Godavari,700,5
Arunachal Pradesh,Anjaw,24,0
Arunachal Pradesh,Changlang,7,0
Arunachal Pradesh,East Siang,380,1
Arunachal Pradesh,Kurung Kumey,355,8
Arunachal Pradesh,Lohit,157,0
Arunachal Pradesh,Longding,1687,6
Arunachal Pradesh,Lower Dibang Valley,2,0
Arunachal Pradesh,Lower Subansiri,3,0
Arunachal Pradesh,Namsai,413,0
Arunachal Pradesh,Papum Pare,426,2
Arunachal Pradesh,Tawang,11,0
Arunachal Pradesh,Tirap,150,10
Arunachal Pradesh,Upper Siang,883,33
Arunachal Pradesh,Upper Subansiri,1,0
Arunachal Pradesh,West Kameng,51,0
Arunachal Pradesh,West Siang,1041,1
Assam,Baksa,28,0
Assam,Barpeta,66,0
Assam,Bongaigaon,19,1
Assam,Cachar,66,0
Assam,Chirang,11,0
Assam,Darrang,41,0
Assam,Dhemaji,12,0
Assam,Dhubri,16,0
Assam,Dibrugarh,17,0
Assam,Goalpara,7,0
Assam,Golaghat,207,0
Assam,Hailakandi,11,0
Assam,Jorhat,56,0
Assam,Kamrup,213,0
Assam,Kamrup Metro,22,0
Assam,Karbi Anglong,33,0
Assam,Karimganj,17,0
Assam,Kokrajhar,23,0
Assam,Lakhimpur,28,1
Assam,Marigaon,17,0
Assam,Nagaon,754,0
Assam,Nalbari,20,0
Assam,North Cachar Hills,16,0
Assam,Sibsagar,23,0
Assam,Sonitpur,103,0
Assam,Tinsukia,23,0
Assam,Udalguri,35,0
Bihar,Araria,17055,77
Bihar,Arwal,492,2
Bihar,Aurangabad,2136,4
Bihar,Banka,2684,20
Bihar,Begusarai,3995,21
Bihar,Bhagalpur,2748,29
Bihar,Bhojpur,7594,19
Bihar,Buxar,3423,9
Bihar,Darbhanga,16970,148
Bihar,East Champaran,4342,19
Bihar,Gaya,3598,9
Bihar,Gopalganj,1988,13
Bihar,Jamui,4111,22
Bihar,Jehanabad,1214,3
Bihar,Kaimur (Bhabua),4830,22
Bihar,Katihar,8588,82
Bihar,Khagaria,3513,11
Bihar,Kishanganj,1614,0
Bihar,Lakhisarai,1284,10
Bihar,Madhepura,6920,49
Bihar,Madhubani,7417,18
Bihar,Munger,1177,4
Bihar,Muzaffarpur,3405,13
Bihar,Nalanda,6671,44
Bihar,Nawada,5970,20
Bihar,Patna,3932,20
Bihar,Purnia,5350,20
Bihar,Rohtas,3610,12
Bihar,Saharsa,1875,13
Bihar,Samastipur,7631,15
Bihar,Saran,2559,7
Bihar,Sheikhpura,372,8
Bihar,Sheohar,524,1
Bihar,Sitamarhi,2794,8
Bihar,Siwan,4637,24
Bihar,Supaul,3280,11
Bihar,Vaishali,2524,9
Bihar,West Champaran,9350,39
Chandigarh,Chandigarh,243,10
Chhattisgarh,Balod,1688,3
Chhattisgarh,Baloda Bazar,6286,13
Chhattisgarh,Balrampur,2851,7
Chhattisgarh,Bastar,4292,23
Chhattisgarh,Bemetara,773,2
Chhattisgarh,Bijapur,2399,9
Chhattisgarh,Bilaspur,1818,14
Chhattisgarh,Dakshin Bastar Dantewada,651,6
Chhattisgarh,Dantewada,707,9
Chhattisgarh,Dhamtari,1221,0
Chhattisgarh,Durg,1361,6
Chhattisgarh,Gariyaband,132,0
Chhattisgarh,Janjgir-champa,1931,2
Chhattisgarh,Jashpur,988,0
Chhattisgarh,Kabeerdham,367,1
Chhattisgarh,Kanker,516,1
Chhattisgarh,Kawardha,617,2
Chhattisgarh,Kondagaon,395,3
Chhattisgarh,Korba,1645,6
Chhattisgarh,Koriya,437,0
Chhattisgarh,Mahasamund,1781,7
Chhattisgarh,Mungeli,1149,6
Chhattisgarh,Narayanpur,126,0
Chhattisgarh,Raigarh,1096,4
Chhattisgarh,Raipur,1864,4
Chhattisgarh,Rajnandgaon,1271,7
Chhattisgarh,Sukma,880,21
Chhattisgarh,Surajpur,3112,13
Chhattisgarh,Surguja,1643,17
Chhattisgarh,Uttar Bastar Kanker,309,0
Dadra and Nagar Haveli,Dadra and Nagar Haveli,217,2
Daman and Diu,Daman,16,0
Delhi,Central Delhi,404,5
Delhi,East Delhi,738,7
Delhi,New Delhi,49,0
Delhi,North Delhi,290,0
Delhi,North East Delhi,1484,22
Delhi,North West Delhi,1918,24
Delhi,South Delhi,1382,9
Delhi,South West Delhi,1253,6
Delhi,West Delhi,1177,13
Goa,North Goa,163,0
Goa,South Goa,241,3
Gujarat,Ahmedabad,5359,17
Gujarat,Amreli,691,10
Gujarat,Anand,4419,10
Gujarat,Arvalli,252,1
Gujarat,Banaskantha,1499,8
Gujarat,Bharuch,714,227
Gujarat,Bhavnagar,3742,69
Gujarat,Dahod,1867,10
Gujarat,Devbhumi Dwarka,235,7
Gujarat,Gandhinagar,963,0
Gujarat,Gir Somnath,79,0
Gujarat,Jamnagar,156,1
Gujarat,Junagadh,517,3
Gujarat,Kachchh,642,6
Gujarat,Kheda,2023,14
Gujarat,Mahesana,1209,3
Gujarat,Narmada,1092,3
Gujarat,Navsari,390,0
Gujarat,Panchmahals,1338,6
Gujarat,Patan,1300,3
Gujarat,Porbandar,470,2
Gujarat,Rajkot,2933,3
Gujarat,Sabarkantha,977,18
Gujarat,Surat,1593,4
Gujarat,Surendra Nagar,1074,3
Gujarat,Tapi,330,2
Gujarat,The Dangs,272,0
Gujarat,Vadodara,4090,62
Gujarat,Valsad,606,1
Haryana,Ambala,1306,20
Haryana,Bhiwani,1601,19
Haryana,Faridabad,2394,29
Haryana,Fatehabad,1227,19
Haryana,Gurgaon,1160,9
Haryana,Hisar,2494,30
Haryana,Jhajjar,1274,17
Haryana,Jind,1415,45
Haryana,Kaithal,981,11
Haryana,Karnal,1058,6
Haryana,Kurukshetra,902,2
Haryana,Mahendragarh,1473,3
Haryana,Mewat,1220,19
Haryana,Palwal,2497,49
Haryana,Panchkula,609,14
Haryana,Panipat,1364,9
Haryana,Rewari,841,24
Haryana,Rohtak,1507,15
Haryana,Sirsa,1449,18
Haryana,Sonipat,1467,13
Haryana,Yamuna Nagar,898,7
Himachal Pradesh,Bilaspur,25,2
Himachal Pradesh,Chamba,45,0
Himachal Pradesh,Hamirpur,41,0
Himachal Pradesh,Kangra,265,1
Himachal Pradesh,Kinnaur,43,0
Himachal Pradesh,Kullu,190,3
Himachal Pradesh,Lahul and Spiti,3,0
Himachal Pradesh,Mandi,145,3
Himachal Pradesh,Shimla,201,7
Himachal Pradesh,Sirmaur,72,1
Himachal Pradesh,Solan,103,0
Himachal Pradesh,Una,97,2
Jammu and Kashmir,Anantnag,233,1
Jammu and Kashmir,Badgam,3498,2
Jammu and Kashmir,Bandipore,688,1
Jammu and Kashmir,Baramula,960,0
Jammu and Kashmir,Doda,408,0
Jammu and Kashmir,Ganderbal,264,0
Jammu and Kashmir,Jammu,1607,1
Jammu and Kashmir,Kargil,40,0
Jammu and Kashmir,Kathua,477,3
Jammu and Kashmir,Kishtwar,158,0
Jammu and Kashmir,Kulgam,78,0
Jammu and Kashmir,Kupwara,38,0
Jammu and Kashmir,Leh,259,0
Jammu and Kashmir,Pulwama,267,0
Jammu and Kashmir,Punch,1071,0
Jammu and Kashmir,Rajouri,1219,0
Jammu and Kashmir,Ramban,620,0
Jammu and Kashmir,Reasi,207,0
Jammu and Kashmir,Samba,174,1
Jammu and Kashmir,Shupiyan,98,0
Jammu and Kashmir,Srinagar,3158,1
Jammu and Kashmir,Udhampur,217,0
Jharkhand,Bokaro,680,3
Jharkhand,Chatra,607,5
Jharkhand,Deoghar,812,3
Jharkhand,Dhanbad,969,7
Jharkhand,Dumka,462,2
Jharkhand,East Singhbhum,1326,7
Jharkhand,Garhwa,466,1
Jharkhand,Giridih,1552,9
Jharkhand,Godda,605,4
Jharkhand,Gumla,377,1
Jharkhand,Hazaribagh,491,4
Jharkhand,Jamtara,239,1
Jharkhand,Khunti,165,0
Jharkhand,Koderma,271,3
Jharkhand,Latehar,206,1
Jharkhand,Lohardaga,136,0
Jharkhand,Pakur,119,1
Jharkhand,Palamu,634,7
Jharkhand,Ramgarh,221,0
Jharkhand,Ranchi,997,3
Jharkhand,Sahebganj,301,4
Jharkhand,Seraikela-Kharsawan,474,1
Jharkhand,Simdega,124,3
Jharkhand,West Singhbhum,417,1
Karnataka,Bagalkot,2626,10
Karnataka,Ballari,1451,16
Karnataka,Bangalore Rural,1674,6
Karnataka,Belagavi,2061,5
Karnataka,Bengaluru,3159,14
Karnataka,Bidar,796,10
Karnataka,Chamrajanagar,440,4
Karnataka,Chikkaballapur,1235,6
Karnataka,Chikkamagaluru,1033,5
Karnataka,Chitradurga,802,11
Karnataka,Dakshina Kannada,967,3
Karnataka,Davangere,719,2
Karnataka,Dharwad,958,4
Karnataka,Gadag,323,0
Karnataka,Hassan,818,0
Karnataka,Haveri,1030,1
Karnataka,Kalaburagi,1296,6
Karnataka,Kodagu,148,0
Karnataka,Kolar,1023,8
Karnataka,Koppal,560,2
Karnataka,Mandya,2175,5
Karnataka,Mysuru,862,6
Karnataka,Raichur,1803,13
Karnataka,Ramanagar,692,3
Karnataka,Shivamogga,521,4
Karnataka,Tumakuru,1209,10
Karnataka,Udupi,392,25
Karnataka,Uttara Kannada,738,3
Karnataka,Vijayapura,559,1
Karnataka,Yadgir,456,0
Kerala,Alappuzha,533,1
Kerala,Ernakulam,669,1
Kerala,Idukki,235,3
Kerala,Kannur,797,1
Kerala,Kasaragod,389,0
Kerala,Kollam,841,3
Kerala,Kottayam,639,2
Kerala,Kozhikode,857,3
Kerala,Malappuram,1617,2
Kerala,Palakkad,741,0
Kerala,Pathanamthitta,458,4
Kerala,Thiruvananthapuram,861,4
Kerala,Thrissur,796,2
Kerala,Wayanad,278,0
Lakshadweep,Lakshadweep,5,0
Madhya Pradesh,Alirajpur,531,4
Madhya Pradesh,Anuppur,735,5
Madhya Pradesh,Ashok Nagar,3139,42
Madhya Pradesh,Balaghat,1749,10
Madhya Pradesh,Barwani,1522,7
Madhya Pradesh,Betul,692,6
Madhya Pradesh,Bhind,2884,6
Madhya Pradesh,Bhopal,1535,15
Madhya Pradesh,Burhanpur,535,3
Madhya Pradesh,Chhatarpur,4145,22
Madhya Pradesh,Chhindwara,1611,15
Madhya Pradesh,Damoh,1106,4
Madhya Pradesh,Datia,1423,5
Madhya Pradesh,Dewas,1392,3
Madhya Pradesh,Dhar,2159,9
Madhya Pradesh,Dindori,1498,16
Madhya Pradesh,Guna,1908,18
Madhya Pradesh,Gwalior,2036,11
Madhya Pradesh,Harda,207,1
Madhya Pradesh,Hoshangabad,483,1
Madhya Pradesh,Indore,2279,8
Madhya Pradesh,Jabalpur,1991,12
Madhya Pradesh,Jhabua,1167,1
Madhya Pradesh,Katni,1649,7
Madhya Pradesh,Khandwa,813,11
Madhya Pradesh,Khargone,3139,28
Madhya Pradesh,Mandla,1027,2
Madhya Pradesh,Mandsaur,551,3
Madhya Pradesh,Morena,5672,27
Madhya Pradesh,Narsinghpur,1195,4
Madhya Pradesh,Neemuch,1049,4
Madhya Pradesh,Panna,1444,2
Madhya Pradesh,Raisen,1163,4
Madhya Pradesh,Rajgarh,4066,23
Madhya Pradesh,Ratlam,520,1
Madhya Pradesh,Rewa,3758,35
Madhya Pradesh,Sagar,2459,14
Madhya Pradesh,Satna,2947,16
Madhya Pradesh,Sehore,1158,8
Madhya Pradesh,Seoni,980,6
Madhya Pradesh,Shahdol,1635,17
Madhya Pradesh,Shajapur,1032,4
Madhya Pradesh,Sheopur,2850,6
Madhya Pradesh,Shivpuri,4662,27
Madhya Pradesh,Sidhi,3063,15
Madhya Pradesh,Singrauli,1670,19
Madhya Pradesh,Tikamgarh,2863,11
Madhya Pradesh,Ujjain,1617,14
Madhya Pradesh,Umaria,766,3
Madhya Pradesh,Vidisha,972,58
Maharashtra,Ahmadnagar,7104,33
Maharashtra,Akola,1177,7
Maharashtra,Amravati,1474,11
Maharashtra,Aurangabad,4498,24
Maharashtra,Beed,6215,22
Maharashtra,Bhandara,698,4
Maharashtra,Buldhana,1606,11
Maharashtra,Chandrapur,1764,10
Maharashtra,Dhule,1552,7
Maharashtra,Gadchiroli,1056,3
Maharashtra,Gondiya,830,13
Maharashtra,Hingoli,2281,13
Maharashtra,Jalgaon,4190,18
Maharashtra,Jalna,2499,17
Maharashtra,Kolhapur,3565,19
Maharashtra,Latur,2924,21
Maharashtra,Mumbai,4454,31
Maharashtra,Nagpur,3270,53
Maharashtra,Nanded,4061,41
Maharashtra,Nandurbar,1590,9
Maharashtra,Nashik,6397,51
Maharashtra,Osmanabad,1592,3
Maharashtra,Palghar,1508,23
Maharashtra,Parbhani,4111,12
Maharashtra,Pune,9345,68
Maharashtra,Raigarh,3193,9
Maharashtra,Ratnagiri,4237,18
Maharashtra,Sangli,2558,9
Maharashtra,Satara,4630,26
Maharashtra,Sindhudurg,970,7
Maharashtra,Solapur,10381,48
Maharashtra,Thane,3906,37
Maharashtra,Wardha,707,23
Maharashtra,Washim,1444,6
Maharashtra,Yavatmal,1992,8
Manipur,Bishnupur,120,0
Manipur,Chandel,77,0
Manipur,Churachandpur,31,0
Manipur,Imphal East,346,0
Manipur,Imphal West,346,1
Manipur,Senapati,75,0
Manipur,Tamenglong,72,1
Manipur,Thoubal,187,4
Manipur,Ukhrul,4,0
Meghalaya,East Garo Hills,2,0
Meghalaya,East Khasi Hills,40,0
Meghalaya,Jaintia Hills,3,0
Meghalaya,Ri Bhoi,4,0
Meghalaya,South Garo Hills,1,0
Meghalaya,West Garo Hills,3,0
Meghalaya,West Khasi Hills,23,0
Mizoram,Aizawl,432,2
Mizoram,Champhai,142,1
Mizoram,Kolasib,80,0
Mizoram,Lawngtlai,8,0
Mizoram,Lunglei,8,0
Mizoram,Mammit,31,0
Mizoram,Saiha,26,0
Mizoram,Serchhip,22,0
Nagaland,Dimapur,162,0
Nagaland,Kiphire,51,0
Nagaland,Kohima,118,0
Nagaland,Longleng,16,0
Nagaland,Mokokchung,35,0
Nagaland,Mon,11,0
Nagaland,Peren,68,0
Nagaland,Phek,24,0
Nagaland,Tuensang,397,0
Nagaland,Wokha,48,0
Nagaland,Zunheboto,50,0
Odisha,Angul,39,1
Odisha,Balangir,253,0
Odisha,Baleswar,785,2
Odisha,Bargarh,719,7
Odisha,Bhadrak,1055,6
Odisha,Boudh,245,0
Odisha,Cuttack,903,3
Odisha,Debagarh,160,0
Odisha,Dhenkanal,303,0
Odisha,Gajapati,317,1
Odisha,Ganjam,3590,9
Odisha,Jagatsinghapur,759,3
Odisha,Jajapur,187,0
Odisha,Jharsuguda,294,4
Odisha,Kalahandi,2358,25
Odisha,Kandhamal,1547,30
Odisha,Kendrapara,708,2
Odisha,Kendujhar,859,6
Odisha,Khorda,435,5
Odisha,Koraput,1882,0
Odisha,Malkangiri,816,1
Odisha,Mayurbhanj,1039,3
Odisha,Nabarangapur,382,2
Odisha,Nayagarh,1090,5
Odisha,Nuapada,531,3
Odisha,Puri,914,4
Odisha,Rayagada,533,12
Odisha,Sambalpur,624,0
Odisha,Sonapur,7,0
Odisha,Sundergarh,2406,10
Puducherry,Karaikal,97,0
Puducherry,Puducherry,240,0
Punjab,Amritsar,1377,6
Punjab,Barnala,243,6
Punjab,Bathinda,805,5
Punjab,Faridkot,88,0
Punjab,Fatehgarh Sahib,221,1
Punjab,Fazilka,584,2
Punjab,Ferozepur,448,6
Punjab,Gurdaspur,763,8
Punjab,Hoshiarpur,855,2
Punjab,Jalandhar,556,5
Punjab,Kapurthala,334,4
Punjab,Ludhiana,1879,20
Punjab,Mansa,401,19
Punjab,Moga,482,2
Punjab,Pathankot,154,4
Punjab,Patiala,663,7
Punjab,Rupnagar,223,2
Punjab,SAS Nagar (Mohali),373,2
Punjab,Sangrur,735,3
Punjab,Shaheed Bhagat Singh Nagar,280,0
Punjab,Sri Muktsar Sahib,411,1
Punjab,Tarn Taran,790,12
Rajasthan,Ajmer,1569,11
Rajasthan,Alwar,2299,14
Rajasthan,Banswara,2734,18
Rajasthan,Baran,1364,9
Rajasthan,Barmer,2056,25
Rajasthan,Bharatpur,2961,23
Rajasthan,Bhilwara,2812,27
Rajasthan,Bikaner,2617,29
Rajasthan,Bundi,1953,10
Rajasthan,Chittorgarh,1123,3
Rajasthan,Churu,1288,9
Rajasthan,Dausa,1129,10
Rajasthan,Dholpur,2212,14
Rajasthan,Dungarpur,2139,9
Rajasthan,Ganganagar,2043,15
Rajasthan,Hanumangarh,1844,13
Rajasthan,Jaipur,3025,66
Rajasthan,Jaisalmer,1613,15
Rajasthan,Jalor,2042,12
Rajasthan,Jhalawar,2668,18
Rajasthan,Jhunjhunun,1233,6
Rajasthan,Jodhpur,4266,26
Rajasthan,Karauli,2839,7
Rajasthan,Kota,1256,7
Rajasthan,Nagaur,2475,20
Rajasthan,Pali,1954,6
Rajasthan,Pratapgarh,1808,5
Rajasthan,Rajsamand,802,5
Rajasthan,Sawai Madhopur,1982,8
Rajasthan,Sikar,1882,13
Rajasthan,Sirohi,1091,7
Rajasthan,Tonk,1653,9
Rajasthan,Udaipur,2697,13
Sikkim,East Sikkim,17,0
Sikkim,North Sikkim,14,0
Sikkim,South Sikkim,8,0
Sikkim,West Sikkim,32,0
Tamil Nadu,Ariyalur,92,0
Tamil Nadu,Chennai,2368,14
Tamil Nadu,Coimbatore,1409,2
Tamil Nadu,Cuddalore,2703,153
Tamil Nadu,Dharmapuri,1560,0
Tamil Nadu,Dindigul,1963,1
Tamil Nadu,Erode,3162,41
Tamil Nadu,Kancheepuram,2775,105
Tamil Nadu,Kanniyakumari,1234,2
Tamil Nadu,Karur,404,0
Tamil Nadu,Krishnagiri,4446,157
Tamil Nadu,Madurai,2961,19
Tamil Nadu,Nagapattinam,606,0
Tamil Nadu,Namakkal,3305,70
Tamil Nadu,Perambalur,207,11
Tamil Nadu,Pudukkottai,687,0
Tamil Nadu,Ramanathapuram,634,0
Tamil Nadu,Salem,1142,4
Tamil Nadu,Sivaganga,2323,9
Tamil Nadu,Thanjavur,470,0
Tamil Nadu,The Nilgiris,1453,19
Tamil Nadu,Theni,706,1
Tamil Nadu,Thiruvarur,314,0
Tamil Nadu,Thoothukkudi,1071,0
Tamil Nadu,Tiruchirappalli,1001,3
Tamil Nadu,Tirunelveli,3031,5
Tamil Nadu,Tiruppur,827,22
Tamil Nadu,Tiruvallur,1273,13
Tamil Nadu,Tiruvannamalai,678,4
Tamil Nadu,Vellore,4387,16
Tamil Nadu,Villupuram,2767,12
Tamil Nadu,Virudhunagar,1511,0
Telangana,Adilabad,300,4
Telangana,Hyderabad,1409,9
Telangana,K.v. Rangareddy,985,2
Telangana,Karimnagar,442,1
Telangana,Khammam,207,0
Telangana,Mahabubnagar,601,0
Telangana,Medak,641,6
Telangana,Nalgonda,627,6
Telangana,Nizamabad,459,1
Telangana,Warangal,268,3
Tripura,Dhalai,290,7
Tripura,Gomati,124,4
Tripura,Khowai,194,0
Tripura,North Tripura,116,0
Tripura,Sepahijala,204,5
Tripura,South Tripura,261,0
Tripura,Unakoti,211,3
Tripura,West Tripura,170,5
Uttar Pradesh,Agra,2534,44
Uttar Pradesh,Aligarh,2648,31
Uttar Pradesh,Allahabad,4547,12
Uttar Pradesh,Ambedkar Nagar,1243,2
Uttar Pradesh,Amethi,1602,10
Uttar Pradesh,Amroha,993,19
Uttar Pradesh,Auraiya,830,4
Uttar Pradesh,Azamgarh,4509,5
Uttar Pradesh,Baghpat,663,0
Uttar Pradesh,Bahraich,4756,474
Uttar Pradesh,Ballia,2596,7
Uttar Pradesh,Balrampur,6882,58
Uttar Pradesh,Banda,7124,25
Uttar Pradesh,Bara Banki,1966,14
Uttar Pradesh,Bareilly,1621,17
Uttar Pradesh,Basti,2051,8
Uttar Pradesh,Bijnor,1377,11
Uttar Pradesh,Budaun,4244,22
Uttar Pradesh,Bulandshahr,3397,41
Uttar Pradesh,Chandauli,1930,11
Uttar Pradesh,Chitrakoot,1188,6
Uttar Pradesh,Deoria,2401,12
Uttar Pradesh,Etah,1230,16
Uttar Pradesh,Etawah,1365,15
Uttar Pradesh,Faizabad,1625,7
Uttar Pradesh,Farrukhabad,2118,11
Uttar Pradesh,Fatehpur,6676,37
Uttar Pradesh,Firozabad,1938,9
Uttar Pradesh,Gautam Buddha Nagar,1353,2
Uttar Pradesh,Ghaziabad,1922,14
Uttar Pradesh,Ghazipur,3101,10
Uttar Pradesh,Gonda,3221,19
Uttar Pradesh,Gorakhpur,5354,34
Uttar Pradesh,Hamirpur,6087,38
Uttar Pradesh,Hapur,858,4
Uttar Pradesh,Hardoi,4754,151
Uttar Pradesh,Hathras,537,5
Uttar Pradesh,Jalaun,6928,30
Uttar Pradesh,Jaunpur,3323,14
Uttar Pradesh,Jhansi,2651,10
Uttar Pradesh,Kannauj,1388,19
Uttar Pradesh,Kanpur Dehat,1284,4
Uttar Pradesh,Kanpur Nagar,2526,9
Uttar Pradesh,Kasganj,1499,10
Uttar Pradesh,Kaushambi,1710,9
Uttar Pradesh,Kheri,6364,26
Uttar Pradesh,Kushinagar,2787,12
Uttar Pradesh,Lalitpur,3350,10
Uttar Pradesh,Lucknow,2327,8
Uttar Pradesh,Maharajganj,2612,17
Uttar Pradesh,Mahoba,3983,13
Uttar Pradesh,Mainpuri,2122,47
Uttar Pradesh,Mathura,2064,37
Uttar Pradesh,Mau,1303,1
Uttar Pradesh,Meerut,1874,19
Uttar Pradesh,Mirzapur,2527,5
Uttar Pradesh,Moradabad,1611,10
Uttar Pradesh,Muzaffarnagar,2856,18
Uttar Pradesh,Pilibhit,918,5
Uttar Pradesh,Pratapgarh,1723,9
Uttar Pradesh,Rae Bareli,1640,2
Uttar Pradesh,Rampur,1041,4
Uttar Pradesh,Saharanpur,1690,17
Uttar Pradesh,Sambhal,1617,12
Uttar Pradesh,Sant Kabir Nagar,1117,3
Uttar Pradesh,Sant Ravidas Nagar,902,9
Uttar Pradesh,Shahjahanpur,3819,17
Uttar Pradesh,Shamli,1452,3
Uttar Pradesh,Shrawasti,1718,7
Uttar Pradesh,Siddharthnagar,3722,30
Uttar Pradesh,Sitapur,5657,15
Uttar Pradesh,Sonbhadra,5866,14
Uttar Pradesh,Sultanpur,1805,4
Uttar Pradesh,Unnao,2606,29
Uttar Pradesh,Varanasi,1698,12
Uttarakhand,Almora,2729,6
Uttarakhand,Bageshwar,932,5
Uttarakhand,Chamoli,2437,375
Uttarakhand,Champawat,166,2
Uttarakhand,Dehradun,844,1
Uttarakhand,Haridwar,844,4
Uttarakhand,Nainital,1867,5
Uttarakhand,Pauri Garhwal,2341,5
Uttarakhand,Pithoragarh,2673,2
Uttarakhand,Rudraprayag,2251,4
Uttarakhand,Tehri Garhwal,1881,34
Uttarakhand,Udham Singh Nagar,1948,17
Uttarakhand,Uttarkashi,1554,5
West Bengal,Bankura,5374,34
West Bengal,Barddhaman,18441,963
West Bengal,Birbhum,1198,8
West Bengal,Cooch Behar,3157,10
West Bengal,Dakshin Dinajpur,621,1
West Bengal,Darjeeling,869,10
West Bengal,Hooghly,693,1
West Bengal,Howrah,4017,21
West Bengal,Jalpaiguri,1201,6
West Bengal,Kolkata,529,2
West Bengal,Malda,2162,3
West Bengal,Murshidabad,3857,0
West Bengal,Nadia,6556,33
West Bengal,North 24 Parganas,11309,1807
West Bengal,Paschim Medinipur,3150,172
West Bengal,Purba Medinipur,6070,572
West Bengal,Puruliya,3202,12
West Bengal,South 24 Parganas,4788,469
West Bengal,Uttar Dinajpur,799,1
