State,District,Aadhaar generated,Enrolment Rejected
Andaman and Nicobar Islands,Nicobar,40,0
Andaman and Nicobar Islands,North And Middle Andaman,2044,7
Andaman and Nicobar Islands,South Andaman,1545,22
Andhra Pradesh,Ananthapur,837,60
Andhra Pradesh,Chittoor,238,15
Andhra Pradesh,Cuddapah,329,9
Andhra Pradesh,East Godavari,439,14
Andhra Pradesh,Guntur,442,16
Andhra Pradesh,Krishna,247,38
Andhra Pradesh,Kurnool,220,20
Andhra Pradesh,Nellore,168,32
Andhra Pradesh,Prakasam,412,14
Andhra Pradesh,Srikakulam,128,9
Andhra Pradesh,Visakhapatnam,190,41
Andhra Pradesh,Vizianagaram,112,20
Andhra Pradesh,West Godavari,531,30
Arunachal Pradesh,Changlang,3,1
Arunachal Pradesh,Dibang Valley,1,0
Arunachal Pradesh,Lohit,2,0
Arunachal Pradesh,Lower Dibang Valley,1,0
Arunachal Pradesh,Lower Subansiri,1,1
Arunachal Pradesh,Namsai,529,32
Arunachal Pradesh,Papum Pare,4,0
Arunachal Pradesh,Tirap,1,0
Arunachal Pradesh,Upper Siang,0,1
Arunachal Pradesh,West Kameng,228,0
Arunachal Pradesh,West Siang,3,0
Assam,Baksa,8,0
Assam,Barpeta,15,0
Assam,Bongaigaon,8,0
Assam,Cachar,24,2
Assam,Chirang,7,0
Assam,Darrang,3,0
Assam,Dhemaji,9,0
Assam,Dhubri,12,0
Assam,Dibrugarh,8,0
Assam,Goalpara,2,0
Assam,Golaghat,202,1
Assam,Hailakandi,5,0
Assam,Jorhat,25,0
Assam,Kamrup,68,0
Assam,Kamrup Metro,9,0
Assam,Karbi Anglong,63,0
Assam,Karimganj,11,0
Assam,Kokrajhar,8,0
Assam,Lakhimpur,2,0
Assam,Marigaon,6,0
Assam,Nagaon,1157,1
Assam,Nalbari,9,0
Assam,Sibsagar,5,0
Assam,Sonitpur,15,0
Assam,Tinsukia,7,0
Assam,Udalguri,8,0
Bihar,Araria,4926,139
Bihar,Arwal,104,19
Bihar,Aurangabad,887,117
Bihar,Banka,1373,99
Bihar,Begusarai,2590,86
Bihar,Bhagalpur,1088,86
Bihar,Bhojpur,2070,79
Bihar,Buxar,1298,57
Bihar,Darbhanga,7577,337
Bihar,East Champaran,2587,84
Bihar,Gaya,1627,220
Bihar,Gopalganj,1021,56
Bihar,Jamui,3637,146
Bihar,Jehanabad,395,19
Bihar,Kaimur (Bhabua),1541,21
Bihar,Katihar,2476,133
Bihar,Khagaria,1081,44
Bihar,Kishanganj,372,31
Bihar,Lakhisarai,497,20
Bihar,Madhepura,2827,80
Bihar,Madhubani,3277,85
Bihar,Munger,532,14
Bihar,Muzaffarpur,992,77
Bihar,Nalanda,3436,177
Bihar,Nawada,2019,56
Bihar,Patna,2414,131
Bihar,Purnia,3528,167
Bihar,Rohtas,1343,79
Bihar,Saharsa,691,50
Bihar,Samastipur,4673,100
Bihar,Saran,826,46
Bihar,Sheikhpura,177,26
Bihar,Sheohar,160,36
Bihar,Sitamarhi,2222,50
Bihar,Siwan,2219,115
Bihar,Supaul,2152,51
Bihar,Vaishali,983,45
Bihar,West Champaran,5891,229
Chandigarh,Chandigarh,466,4
Chhattisgarh,Balod,546,28
Chhattisgarh,Baloda Bazar,4304,127
Chhattisgarh,Balrampur,794,17
Chhattisgarh,Bastar,3434,127
Chhattisgarh,Bemetara,238,20
Chhattisgarh,Bijapur,64,10
Chhattisgarh,Bilaspur,391,72
Chhattisgarh,Dakshin Bastar Dantewada,92,4
Chhattisgarh,Dantewada,248,1
Chhattisgarh,Dhamtari,764,23
Chhattisgarh,Durg,688,25
Chhattisgarh,Gariyaband,71,6
Chhattisgarh,Janjgir-champa,651,79
Chhattisgarh,Jashpur,770,43
Chhattisgarh,Kabeerdham,348,10
Chhattisgarh,Kanker,294,12
Chhattisgarh,Kawardha,777,18
Chhattisgarh,Kondagaon,83,7
Chhattisgarh,Korba,2502,108
Chhattisgarh,Koriya,372,20
Chhattisgarh,Mahasamund,549,16
Chhattisgarh,Mungeli,172,54
Chhattisgarh,Narayanpur,19,5
Chhattisgarh,Raigarh,582,14
Chhattisgarh,Raipur,1254,37
Chhattisgarh,Rajnandgaon,695,40
Chhattisgarh,Sukma,155,9
Chhattisgarh,Surajpur,771,31
Chhattisgarh,Surguja,726,26
Chhattisgarh,Uttar Bastar Kanker,243,12
Dadra and Nagar Haveli,Dadra and Nagar Haveli,29,0
Daman and Diu,Daman,41,1
Daman and Diu,Diu,38,1
Delhi,Central Delhi,238,13
Delhi,East Delhi,941,36
Delhi,New Delhi,3,0
Delhi,North Delhi,628,12
Delhi,North East Delhi,2053,55
Delhi,North West Delhi,1856,53
Delhi,South Delhi,1094,42
Delhi,South West Delhi,1198,18
Delhi,West Delhi,1966,37
Goa,North Goa,343,6
Goa,South Goa,177,3
Gujarat,Ahmedabad,2624,285
Gujarat,Amreli,533,32
Gujarat,Anand,355,20
Gujarat,Banaskantha,788,30
Gujarat,Bharuch,531,41
Gujarat,Bhavnagar,527,39
Gujarat,Dahod,1986,81
Gujarat,Gandhinagar,1204,17
Gujarat,Jamnagar,642,26
Gujarat,Junagadh,279,18
Gujarat,Kachchh,254,12
Gujarat,Kheda,429,64
Gujarat,Mahesana,244,29
Gujarat,Narmada,188,9
Gujarat,Navsari,38,3
Gujarat,Panchmahals,440,26
Gujarat,Patan,1203,38
Gujarat,Porbandar,216,26
Gujarat,Rajkot,2006,59
Gujarat,Sabarkantha,1167,35
Gujarat,Surat,1031,64
Gujarat,Surendra Nagar,1069,30
Gujarat,Tapi,207,5
Gujarat,The Dangs,49,3
Gujarat,Vadodara,1957,67
Gujarat,Valsad,195,14
Haryana,Ambala,159,15
Haryana,Bhiwani,506,41
Haryana,Faridabad,479,44
Haryana,Fatehabad,656,37
Haryana,Gurgaon,440,19
Haryana,Hisar,616,33
Haryana,Jhajjar,290,36
Haryana,Jind,595,37
Haryana,Kaithal,470,22
Haryana,Karnal,369,39
Haryana,Kurukshetra,71,6
Haryana,Mahendragarh,508,25
Haryana,Mewat,538,50
Haryana,Palwal,1221,103
Haryana,Panchkula,165,16
Haryana,Panipat,442,41
Haryana,Rewari,322,23
Haryana,Rohtak,343,25
Haryana,Sirsa,1094,62
Haryana,Sonipat,261,42
Haryana,Yamuna Nagar,639,35
Himachal Pradesh,Bilaspur,247,0
Himachal Pradesh,Chamba,19,2
Himachal Pradesh,Hamirpur,437,0
Himachal Pradesh,Kangra,137,7
Himachal Pradesh,Kinnaur,30,2
Himachal Pradesh,Kullu,81,0
Himachal Pradesh,Lahul and Spiti,3,0
Himachal Pradesh,Mandi,415,5
Himachal Pradesh,Shimla,20,3
Himachal Pradesh,Sirmaur,35,1
Himachal Pradesh,Solan,89,1
Himachal Pradesh,Una,15,0
Jammu and Kashmir,Anantnag,796,11
Jammu and Kashmir,Badgam,155,7
Jammu and Kashmir,Bandipore,6,1
Jammu and Kashmir,Baramula,118,5
Jammu and Kashmir,Doda,2243,1
Jammu and Kashmir,Ganderbal,17,0
Jammu and Kashmir,Jammu,2313,208
Jammu and Kashmir,Kargil,1,0
Jammu and Kashmir,Kathua,554,163
Jammu and Kashmir,Kishtwar,255,0
Jammu and Kashmir,Kulgam,385,2
Jammu and Kashmir,Kupwara,44,5
Jammu and Kashmir,Leh,58,0
Jammu and Kashmir,Pulwama,6,3
Jammu and Kashmir,Punch,45,3
Jammu and Kashmir,Rajouri,36,8
Jammu and Kashmir,Ramban,324,6
Jammu and Kashmir,Reasi,369,1
Jammu and Kashmir,Samba,20,5
Jammu and Kashmir,Shupiyan,1,0
Jammu and Kashmir,Srinagar,2528,11
Jammu and Kashmir,Udhampur,37,2
Jharkhand,Bokaro,92,16
Jharkhand,Chatra,87,21
Jharkhand,Deoghar,152,15
Jharkhand,Dhanbad,896,27
Jharkhand,Dumka,938,17
Jharkhand,East Singhbhum,207,25
Jharkhand,Garhwa,2701,9
Jharkhand,Giridih,2819,50
Jharkhand,Godda,224,32
Jharkhand,Gumla,460,10
Jharkhand,Hazaribagh,149,19
Jharkhand,Jamtara,92,7
Jharkhand,Khunti,55,8
Jharkhand,Koderma,24,3
Jharkhand,Latehar,9,10
Jharkhand,Lohardaga,59,5
Jharkhand,Pakur,62,14
Jharkhand,Palamu,3061,17
Jharkhand,Ramgarh,41,3
Jharkhand,Ranchi,211,25
Jharkhand,Sahebganj,203,17
Jharkhand,Seraikela-Kharsawan,91,6
Jharkhand,Simdega,48,6
Jharkhand,West Singhbhum,171,27
Karnataka,Bagalkot,73,18
Karnataka,Ballari,405,37
Karnataka,Bangalore Rural,136,20
Karnataka,Belagavi,794,73
Karnataka,Bengaluru,1602,76
Karnataka,Bidar,286,31
Karnataka,Chamrajanagar,61,17
Karnataka,Chikkaballapur,129,33
Karnataka,Chikkamagaluru,158,9
Karnataka,Chitradurga,1058,38
Karnataka,Dakshina Kannada,317,12
Karnataka,Davangere,276,27
Karnataka,Dharwad,116,25
Karnataka,Gadag,23,4
Karnataka,Hassan,192,17
Karnataka,Haveri,95,40
Karnataka,Kalaburagi,121,37
Karnataka,Kodagu,33,4
Karnataka,Kolar,185,63
Karnataka,Koppal,197,14
Karnataka,Mandya,229,38
Karnataka,Mysuru,59,24
Karnataka,Raichur,637,92
Karnataka,Ramanagar,128,16
Karnataka,Shivamogga,172,10
Karnataka,Tumakuru,134,27
Karnataka,Udupi,55,4
Karnataka,Uttara Kannada,208,9
Karnataka,Vijayapura,177,29
Karnataka,Yadgir,88,40
Kerala,Alappuzha,76,3
Kerala,Ernakulam,118,3
Kerala,Idukki,13,6
Kerala,Kannur,21,1
Kerala,Kasaragod,73,3
Kerala,Kollam,202,20
Kerala,Kottayam,170,4
Kerala,Kozhikode,60,1
Kerala,Malappuram,102,9
Kerala,Palakkad,472,11
Kerala,Pathanamthitta,140,2
Kerala,Thiruvananthapuram,551,14
Kerala,Thrissur,49,3
Kerala,Wayanad,23,2
Lakshadweep,Lakshadweep,0,1
Madhya Pradesh,Alirajpur,308,7
Madhya Pradesh,Anuppur,231,19
Madhya Pradesh,Ashok Nagar,1695,45
Madhya Pradesh,Balaghat,464,65
Madhya Pradesh,Barwani,343,76
Madhya Pradesh,Betul,250,25
Madhya Pradesh,Bhind,788,47
Madhya Pradesh,Bhopal,1090,104
Madhya Pradesh,Burhanpur,152,25
Madhya Pradesh,Chhatarpur,1444,80
Madhya Pradesh,Chhindwara,558,24
Madhya Pradesh,Damoh,433,17
Madhya Pradesh,Datia,274,16
Madhya Pradesh,Dewas,690,63
Madhya Pradesh,Dhar,948,35
Madhya Pradesh,Dindori,356,21
Madhya Pradesh,Guna,865,50
Madhya Pradesh,Gwalior,789,86
Madhya Pradesh,Harda,463,2
Madhya Pradesh,Hoshangabad,191,28
Madhya Pradesh,Indore,717,49
Madhya Pradesh,Jabalpur,675,64
Madhya Pradesh,Jhabua,425,12
Madhya Pradesh,Katni,723,46
Madhya Pradesh,Khandwa,1827,29
Madhya Pradesh,Khargone,729,43
Madhya Pradesh,Mandla,543,42
Madhya Pradesh,Mandsaur,92,27
Madhya Pradesh,Morena,2137,53
Madhya Pradesh,Narsinghpur,677,48
Madhya Pradesh,Neemuch,137,21
Madhya Pradesh,Panna,538,16
Madhya Pradesh,Raisen,819,31
Madhya Pradesh,Rajgarh,1675,78
Madhya Pradesh,Ratlam,176,27
Madhya Pradesh,Rewa,1499,96
Madhya Pradesh,Sagar,805,48
Madhya Pradesh,Satna,1040,39
Madhya Pradesh,Sehore,562,23
Madhya Pradesh,Seoni,380,30
Madhya Pradesh,Shahdol,409,26
Madhya Pradesh,Shajapur,241,37
Madhya Pradesh,Sheopur,1117,31
Madhya Pradesh,Shivpuri,2303,68
Madhya Pradesh,Sidhi,799,55
Madhya Pradesh,Singrauli,694,43
Madhya Pradesh,Tikamgarh,850,53
Madhya Pradesh,Ujjain,519,49
Madhya Pradesh,Umaria,237,16
Madhya Pradesh,Vidisha,704,64
Maharashtra,Ahmadnagar,1424,85
Maharashtra,Akola,277,33
Maharashtra,Amravati,258,29
Maharashtra,Aurangabad,1786,81
Maharashtra,Beed,648,59
Maharashtra,Bhandara,114,16
Maharashtra,Buldhana,303,24
Maharashtra,Chandrapur,126,51
Maharashtra,Dhule,296,38
Maharashtra,Gadchiroli,92,18
Maharashtra,Gondiya,137,20
Maharashtra,Hingoli,156,12
Maharashtra,Jalgaon,561,42
Maharashtra,Jalna,1277,87
Maharashtra,Kolhapur,1193,49
Maharashtra,Latur,199,52
Maharashtra,Mumbai,1275,79
Maharashtra,Nagpur,1598,51
Maharashtra,Nanded,989,70
Maharashtra,Nandurbar,115,12
Maharashtra,Nashik,878,46
Maharashtra,Osmanabad,836,60
Maharashtra,Palghar,347,36
Maharashtra,Parbhani,819,124
Maharashtra,Pune,2562,116
Maharashtra,Raigarh,667,32
Maharashtra,Ratnagiri,1147,34
Maharashtra,Sangli,865,39
Maharashtra,Satara,1252,32
Maharashtra,Sindhudurg,135,9
Maharashtra,Solapur,3278,107
Maharashtra,Thane,1081,63
Maharashtra,Wardha,28,21
Maharashtra,Washim,163,24
Maharashtra,Yavatmal,441,40
Manipur,Bishnupur,17,1
Manipur,Chandel,16,0
Manipur,Churachandpur,22,5
Manipur,Imphal East,109,8
Manipur,Imphal West,184,0
Manipur,Senapati,101,1
Manipur,Tamenglong,29,0
Manipur,Thoubal,153,4
Manipur,Ukhrul,8,0
Meghalaya,East Khasi Hills,12,1
Meghalaya,West Garo Hills,1,3
Meghalaya,West Khasi Hills,1,0
Mizoram,Aizawl,120,5
Mizoram,Champhai,8,0
Mizoram,Kolasib,1,0
Mizoram,Lawngtlai,1,0
Mizoram,Lunglei,7,0
Mizoram,Mammit,4,0
Mizoram,Serchhip,3,0
Nagaland,Dimapur,7,2
Nagaland,Kiphire,419,4
Nagaland,Kohima,102,2
Nagaland,Longleng,52,0
Nagaland,Mokokchung,2,0
Nagaland,Mon,2,1
Nagaland,Peren,247,1
Nagaland,Phek,0,2
Nagaland,Tuensang,15,0
Nagaland,Wokha,2,0
Nagaland,Zunheboto,1,0
Odisha,Angul,10,4
Odisha,Balangir,227,10
Odisha,Baleswar,365,22
Odisha,Bargarh,252,31
Odisha,Bhadrak,1206,50
Odisha,Boudh,24,28
Odisha,Cuttack,1207,50
Odisha,Debagarh,72,71
Odisha,Dhenkanal,82,14
Odisha,Gajapati,1279,44
Odisha,Ganjam,3265,195
Odisha,Jagatsinghapur,15,1
Odisha,Jajapur,96,1
Odisha,Jharsuguda,50,7
Odisha,Kalahandi,591,85
Odisha,Kandhamal,3,0
Odisha,Kendrapara,356,44
Odisha,Kendujhar,11,10
Odisha,Khorda,953,15
Odisha,Koraput,18,0
Odisha,Malkangiri,584,7
Odisha,Mayurbhanj,461,26
Odisha,Nabarangapur,177,36
Odisha,Nayagarh,58,4
Odisha,Nuapada,36,21
Odisha,Puri,289,36
Odisha,Rayagada,6,4
Odisha,Sambalpur,72,44
Odisha,Sonapur,37,1
Odisha,Sundergarh,137,211
Puducherry,Karaikal,97,7
Puducherry,Puducherry,69,3
Punjab,Amritsar,1642,74
Punjab,Barnala,95,9
Punjab,Bathinda,493,35
Punjab,Faridkot,63,5
Punjab,Fatehgarh Sahib,440,6
Punjab,Fazilka,328,23
Punjab,Ferozepur,279,17
Punjab,Gurdaspur,1027,15
Punjab,Hoshiarpur,425,21
Punjab,Jalandhar,602,29
Punjab,Kapurthala,126,6
Punjab,Ludhiana,1956,57
Punjab,Mansa,347,16
Punjab,Moga,429,22
Punjab,Pathankot,437,8
Punjab,Patiala,1038,29
Punjab,Rupnagar,95,2
Punjab,SAS Nagar (Mohali),274,12
Punjab,Sangrur,483,17
Punjab,Shaheed Bhagat Singh Nagar,175,10
Punjab,Sri Muktsar Sahib,234,27
Punjab,Tarn Taran,690,41
Rajasthan,Ajmer,666,64
Rajasthan,Alwar,725,63
Rajasthan,Banswara,750,55
Rajasthan,Baran,882,47
Rajasthan,Barmer,425,68
Rajasthan,Bharatpur,761,55
Rajasthan,Bhilwara,1262,96
Rajasthan,Bikaner,1107,102
Rajasthan,Bundi,1081,91
Rajasthan,Chittorgarh,894,43
Rajasthan,Churu,599,41
Rajasthan,Dausa,670,46
Rajasthan,Dholpur,1829,108
Rajasthan,Dungarpur,433,78
Rajasthan,Ganganagar,1759,61
Rajasthan,Hanumangarh,770,50
Rajasthan,Jaipur,3474,124
Rajasthan,Jaisalmer,227,30
Rajasthan,Jalor,633,105
Rajasthan,Jhalawar,1209,92
Rajasthan,Jhunjhunun,524,39
Rajasthan,Jodhpur,1699,83
Rajasthan,Karauli,608,50
Rajasthan,Kota,966,41
Rajasthan,Nagaur,1094,80
Rajasthan,Pali,827,64
Rajasthan,Pratapgarh,445,51
Rajasthan,Rajsamand,341,35
Rajasthan,Sawai Madhopur,877,51
Rajasthan,Sikar,1060,31
Rajasthan,Sirohi,500,26
Rajasthan,Tonk,814,55
Rajasthan,Udaipur,718,141
Sikkim,East Sikkim,59,3
Sikkim,North Sikkim,1,0
Sikkim,South Sikkim,15,2
Sikkim,West Sikkim,5,1
Tamil Nadu,Ariyalur,5,7
Tamil Nadu,Chennai,4466,96
Tamil Nadu,Coimbatore,209,68
Tamil Nadu,Cuddalore,174,46
Tamil Nadu,Dharmapuri,1028,25
Tamil Nadu,Dindigul,2239,63
Tamil Nadu,Erode,823,109
Tamil Nadu,Kancheepuram,926,78
Tamil Nadu,Kanniyakumari,1335,15
Tamil Nadu,Karur,1376,20
Tamil Nadu,Krishnagiri,102,105
Tamil Nadu,Madurai,2699,58
Tamil Nadu,Nagapattinam,102,48
Tamil Nadu,Namakkal,834,76
Tamil Nadu,Perambalur,78,14
Tamil Nadu,Pudukkottai,822,40
Tamil Nadu,Ramanathapuram,1195,24
Tamil Nadu,Salem,130,83
Tamil Nadu,Sivaganga,1860,47
Tamil Nadu,Thanjavur,82,77
Tamil Nadu,The Nilgiris,46,160
Tamil Nadu,Theni,1083,33
Tamil Nadu,Thiruvarur,49,8
Tamil Nadu,Thoothukkudi,4281,44
Tamil Nadu,Tiruchirappalli,1113,79
Tamil Nadu,Tirunelveli,5032,66
Tamil Nadu,Tiruppur,49,24
Tamil Nadu,Tiruvallur,1599,72
Tamil Nadu,Tiruvannamalai,334,115
Tamil Nadu,Vellore,1020,54
Tamil Nadu,Villupuram,350,143
Tamil Nadu,Virudhunagar,68,38
Telangana,Adilabad,44,8
Telangana,Hyderabad,708,39
Telangana,K.v. Rangareddy,329,30
Telangana,Karimnagar,185,18
Telangana,Khammam,94,15
Telangana,Mahabubnagar,148,34
Telangana,Medak,244,43
Telangana,Nalgonda,101,21
Telangana,Nizamabad,83,25
Telangana,Warangal,94,14
Tripura,Dhalai,122,4
Tripura,Gomati,56,1
Tripura,Khowai,91,6
Tripura,North Tripura,281,13
Tripura,Sepahijala,173,6
Tripura,South Tripura,686,10
Tripura,Unakoti,82,1
Tripura,West Tripura,328,16
Uttar Pradesh,Agra,1967,105
Uttar Pradesh,Aligarh,1664,141
Uttar Pradesh,Allahabad,2416,109
Uttar Pradesh,Ambedkar Nagar,765,35
Uttar Pradesh,Amethi,607,69
Uttar Pradesh,Amroha,601,47
Uttar Pradesh,Auraiya,435,32
Uttar Pradesh,Azamgarh,2782,128
Uttar Pradesh,Baghpat,196,25
Uttar Pradesh,Bahraich,2372,97
Uttar Pradesh,Ballia,1020,102
Uttar Pradesh,Balrampur,4163,287
Uttar Pradesh,Banda,2588,67
Uttar Pradesh,Bara Banki,1493,88
Uttar Pradesh,Bareilly,1138,117
Uttar Pradesh,Basti,1293,103
Uttar Pradesh,Bijnor,1100,149
Uttar Pradesh,Budaun,951,82
Uttar Pradesh,Bulandshahr,1509,105
Uttar Pradesh,Chandauli,1174,89
Uttar Pradesh,Chitrakoot,346,109
Uttar Pradesh,Deoria,1597,107
Uttar Pradesh,Etah,410,22
Uttar Pradesh,Etawah,392,54
Uttar Pradesh,Faizabad,1261,63
Uttar Pradesh,Farrukhabad,907,54
Uttar Pradesh,Fatehpur,2283,211
Uttar Pradesh,Firozabad,1668,83
Uttar Pradesh,Gautam Buddha Nagar,2306,41
Uttar Pradesh,Ghaziabad,1150,69
Uttar Pradesh,Ghazipur,924,66
Uttar Pradesh,Gonda,2061,79
Uttar Pradesh,Gorakhpur,2579,154
Uttar Pradesh,Hamirpur,1892,91
Uttar Pradesh,Hapur,1083,36
Uttar Pradesh,Hardoi,2588,103
Uttar Pradesh,Hathras,328,65
Uttar Pradesh,Jalaun,3721,155
Uttar Pradesh,Jaunpur,1583,66
Uttar Pradesh,Jhansi,979,88
Uttar Pradesh,Kannauj,1129,46
Uttar Pradesh,Kanpur Dehat,400,52
Uttar Pradesh,Kanpur Nagar,1820,152
Uttar Pradesh,Kasganj,491,30
Uttar Pradesh,Kaushambi,783,24
Uttar Pradesh,Kheri,2071,77
Uttar Pradesh,Kushinagar,1530,80
Uttar Pradesh,Lalitpur,1883,74
Uttar Pradesh,Lucknow,2329,128
Uttar Pradesh,Maharajganj,940,71
Uttar Pradesh,Mahoba,1962,59
Uttar Pradesh,Mainpuri,406,59
Uttar Pradesh,Mathura,929,109
Uttar Pradesh,Mau,499,59
Uttar Pradesh,Meerut,651,84
Uttar Pradesh,Mirzapur,684,25
Uttar Pradesh,Moradabad,1363,103
Uttar Pradesh,Muzaffarnagar,1600,101
Uttar Pradesh,Pilibhit,515,59
Uttar Pradesh,Pratapgarh,1182,98
Uttar Pradesh,Rae Bareli,408,68
Uttar Pradesh,Rampur,486,47
Uttar Pradesh,Saharanpur,1105,123
Uttar Pradesh,Sambhal,1156,78
Uttar Pradesh,Sant Kabir Nagar,1188,74
Uttar Pradesh,Sant Ravidas Nagar,292,46
Uttar Pradesh,Shahjahanpur,2020,107
Uttar Pradesh,Shamli,436,50
Uttar Pradesh,Shrawasti,1068,285
Uttar Pradesh,Siddharthnagar,2077,106
Uttar Pradesh,Sitapur,2296,125
Uttar Pradesh,Sonbhadra,1841,117
Uttar Pradesh,Sultanpur,767,63
Uttar Pradesh,Unnao,1310,162
Uttar Pradesh,Varanasi,1059,72
Uttarakhand,Almora,1313,28
Uttarakhand,Bageshwar,370,6
Uttarakhand,Chamoli,752,1
Uttarakhand,Champawat,110,3
Uttarakhand,Dehradun,354,19
Uttarakhand,Haridwar,684,65
Uttarakhand,Nainital,590,12
Uttarakhand,Pauri Garhwal,796,14
Uttarakhand,Pithoragarh,763,6
Uttarakhand,Rudraprayag,1398,3
Uttarakhand,Tehri Garhwal,2786,81
Uttarakhand,Udham Singh Nagar,942,56
Uttarakhand,Uttarkashi,517,5
West Bengal,Bankura,7551,52
West Bengal,Barddhaman,13477,235
West Bengal,Birbhum,7860,129
West Bengal,Cooch Behar,3236,54
West Bengal,Dakshin Dinajpur,466,17
West Bengal,Darjeeling,80,20
West Bengal,Hooghly,1513,27
West Bengal,Howrah,96,22
West Bengal,Jalpaiguri,636,48
West Bengal,Kolkata,243,16
West Bengal,Malda,1698,27
West Bengal,Murshidabad,404,34
West Bengal,Nadia,262,18
West Bengal,North 24 Parganas,2817,605
West Bengal,Paschim Medinipur,3979,305
West Bengal,Purba Medinipur,7474,656
West Bengal,Puruliya,4577,218
West Bengal,South 24 Parganas,143,125
West Bengal,Uttar Dinajpur,818,18
