State,District,Aadhaar generated,Enrolment Rejected
Andaman and Nicobar Islands,Nicobar,1573,4
Andaman and Nicobar Islands,North And Middle Andaman,1400,1
Andaman and Nicobar Islands,South Andaman,540,3
Andhra Pradesh,Ananthapur,427,23
Andhra Pradesh,Chittoor,257,3
Andhra Pradesh,Cuddapah,185,4
Andhra Pradesh,East Godavari,720,15
Andhra Pradesh,Guntur,510,4
Andhra Pradesh,Krishna,286,2
Andhra Pradesh,Kurnool,409,3
Andhra Pradesh,Nellore,166,5
Andhra Pradesh,Prakasam,163,1
Andhra Pradesh,Srikakulam,261,2
Andhra Pradesh,Visakhapatnam,487,1
Andhra Pradesh,Vizianagaram,251,3
Andhra Pradesh,West Godavari,200,1
Arunachal Pradesh,Changlang,2,0
Arunachal Pradesh,Lower Dibang Valley,1,0
Arunachal Pradesh,Lower Subansiri,4,0
Arunachal Pradesh,Namsai,19,1
Arunachal Pradesh,Papum Pare,181,2
Arunachal Pradesh,Tawang,9,0
Arunachal Pradesh,Tirap,1,0
Arunachal Pradesh,West Siang,310,0
Assam,Baksa,10,1
Assam,Barpeta,21,2
Assam,Bongaigaon,2,0
Assam,Cachar,20,2
Assam,Chirang,9,0
Assam,Darrang,262,0
Assam,Dhemaji,6,0
Assam,Dhubri,8,0
Assam,Dibrugarh,4,0
Assam,Goalpara,1,0
Assam,Golaghat,6,0
Assam,Hailakandi,2,0
Assam,Jorhat,58,0
Assam,Kamrup,20,0
Assam,Kamrup Metro,3,0
Assam,Karbi Anglong,7,0
Assam,Karimganj,10,0
Assam,Kokrajhar,5,0
Assam,Lakhimpur,8,0
Assam,Marigaon,7,0
Assam,Nagaon,41,0
Assam,Nalbari,0,1
Assam,Sibsagar,5,0
Assam,Sonitpur,592,0
Assam,Tinsukia,17,0
Assam,Udalguri,14,0
Bihar,Araria,9691,346
Bihar,Arwal,273,20
Bihar,Aurangabad,2515,88
Bihar,Banka,915,13
Bihar,Begusarai,956,34
Bihar,Bhagalpur,3085,15
Bihar,Bhojpur,1158,33
Bihar,Buxar,1255,28
Bihar,Darbhanga,11828,213
Bihar,East Champaran,2905,17
Bihar,Gaya,2298,19
Bihar,Gopalganj,985,100
Bihar,Jamui,2191,41
Bihar,Jehanabad,568,4
Bihar,Kaimur (Bhabua),1515,55
Bihar,Katihar,2360,32
Bihar,Khagaria,1365,13
Bihar,Kishanganj,5308,2
Bihar,Lakhisarai,232,13
Bihar,Madhepura,1745,54
Bihar,Madhubani,4542,64
Bihar,Munger,555,4
Bihar,Muzaffarpur,2117,40
Bihar,Nalanda,2401,52
Bihar,Nawada,4888,45
Bihar,Patna,1994,24
Bihar,Purnia,2161,28
Bihar,Rohtas,678,44
Bihar,Saharsa,575,16
Bihar,Samastipur,2957,60
Bihar,Saran,758,10
Bihar,Sheikhpura,2964,2
Bihar,Sheohar,470,11
Bihar,Sitamarhi,1408,17
Bihar,Siwan,1878,182
Bihar,Supaul,2097,23
Bihar,Vaishali,1443,9
Bihar,West Champaran,2907,91
Chandigarh,Chandigarh,174,5
Chhattisgarh,Balod,616,2
Chhattisgarh,Baloda Bazar,2199,73
Chhattisgarh,Balrampur,243,10
Chhattisgarh,Bastar,2008,18
Chhattisgarh,Bemetara,612,4
Chhattisgarh,Bijapur,1416,20
Chhattisgarh,Bilaspur,1021,9
Chhattisgarh,Dakshin Bastar Dantewada,25,1
Chhattisgarh,Dantewada,36,1
Chhattisgarh,Dhamtari,298,2
Chhattisgarh,Durg,833,6
Chhattisgarh,Gariyaband,511,1
Chhattisgarh,Janjgir-champa,1019,22
Chhattisgarh,Jashpur,84,1
Chhattisgarh,Kabeerdham,318,3
Chhattisgarh,Kanker,229,2
Chhattisgarh,Kawardha,247,8
Chhattisgarh,Kondagaon,133,0
Chhattisgarh,Korba,134,6
Chhattisgarh,Koriya,153,13
Chhattisgarh,Mahasamund,500,5
Chhattisgarh,Mungeli,90,8
Chhattisgarh,Narayanpur,14,1
Chhattisgarh,Raigarh,842,3
Chhattisgarh,Raipur,529,6
Chhattisgarh,Rajnandgaon,881,7
Chhattisgarh,Sukma,197,4
Chhattisgarh,Surajpur,1709,40
Chhattisgarh,Surguja,344,5
Chhattisgarh,Uttar Bastar Kanker,31,1
Dadra and Nagar Haveli,Dadra and Nagar Haveli,6,0
Delhi,Central Delhi,98,0
Delhi,East Delhi,370,6
Delhi,New Delhi,11,0
Delhi,North Delhi,122,1
Delhi,North East Delhi,795,17
Delhi,North West Delhi,808,28
Delhi,South Delhi,529,16
Delhi,South West Delhi,562,14
Delhi,West Delhi,422,10
Goa,North Goa,149,0
Goa,South Goa,35,0
Gujarat,Ahmedabad,2660,31
Gujarat,Amreli,1087,8
Gujarat,Anand,2164,5
Gujarat,Arvalli,28,1
Gujarat,Banaskantha,1447,32
Gujarat,Bharuch,2242,120
Gujarat,Bhavnagar,1600,10
Gujarat,Dahod,786,26
Gujarat,Devbhumi Dwarka,866,1
Gujarat,Gandhinagar,1049,7
Gujarat,Gir Somnath,64,2
Gujarat,Jamnagar,107,1
Gujarat,Junagadh,276,7
Gujarat,Kachchh,1820,5
Gujarat,Kheda,111,3
Gujarat,Mahesana,413,4
Gujarat,Narmada,273,4
Gujarat,Navsari,13,1
Gujarat,Panchmahals,1132,16
Gujarat,Patan,1182,14
Gujarat,Porbandar,448,0
Gujarat,Rajkot,1208,14
Gujarat,Sabarkantha,1124,15
Gujarat,Surat,1726,6
Gujarat,Surendra Nagar,1163,4
Gujarat,Tapi,393,2
Gujarat,The Dangs,99,2
Gujarat,Vadodara,2641,36
Gujarat,Valsad,18,3
Haryana,Ambala,391,35
Haryana,Bhiwani,489,6
Haryana,Faridabad,1066,7
Haryana,Fatehabad,142,6
Haryana,Gurgaon,614,14
Haryana,Hisar,1070,16
Haryana,Jhajjar,704,4
Haryana,Jind,431,8
Haryana,Kaithal,975,18
Haryana,Karnal,693,13
Haryana,Kurukshetra,1040,24
Haryana,Mahendragarh,504,15
Haryana,Mewat,930,29
Haryana,Palwal,665,7
Haryana,Panchkula,170,6
Haryana,Panipat,491,17
Haryana,Rewari,417,15
Haryana,Rohtak,405,8
Haryana,Sirsa,638,31
Haryana,Sonipat,445,30
Haryana,Yamuna Nagar,219,13
Himachal Pradesh,Bilaspur,4,0
Himachal Pradesh,Chamba,48,0
Himachal Pradesh,Hamirpur,12,0
Himachal Pradesh,Kangra,105,1
Himachal Pradesh,Kinnaur,22,0
Himachal Pradesh,Kullu,56,0
Himachal Pradesh,Mandi,56,3
Himachal Pradesh,Shimla,45,0
Himachal Pradesh,Sirmaur,39,0
Himachal Pradesh,Solan,84,2
Himachal Pradesh,Una,39,1
Jammu and Kashmir,Anantnag,893,26
Jammu and Kashmir,Badgam,2795,3
Jammu and Kashmir,Bandipore,819,83
Jammu and Kashmir,Baramula,70,1
Jammu and Kashmir,Doda,156,0
Jammu and Kashmir,Ganderbal,305,1
Jammu and Kashmir,Jammu,249,0
Jammu and Kashmir,Kargil,107,0
Jammu and Kashmir,Kathua,56,0
Jammu and Kashmir,Kishtwar,991,2
Jammu and Kashmir,Kulgam,130,1
Jammu and Kashmir,Kupwara,18,0
Jammu and Kashmir,Leh,163,0
Jammu and Kashmir,Pulwama,2461,10
Jammu and Kashmir,Punch,278,0
Jammu and Kashmir,Rajouri,279,0
Jammu and Kashmir,Ramban,433,0
Jammu and Kashmir,Reasi,576,7
Jammu and Kashmir,Samba,5,1
Jammu and Kashmir,Shupiyan,353,0
Jammu and Kashmir,Srinagar,3249,58
Jammu and Kashmir,Udhampur,954,2
Jharkhand,Bokaro,333,4
Jharkhand,Chatra,142,4
Jharkhand,Deoghar,410,14
Jharkhand,Dhanbad,267,5
Jharkhand,Dumka,309,7
Jharkhand,East Singhbhum,627,5
Jharkhand,Garhwa,359,7
Jharkhand,Giridih,417,1
Jharkhand,Godda,179,3
Jharkhand,Gumla,82,2
Jharkhand,Hazaribagh,139,1
Jharkhand,Jamtara,124,1
Jharkhand,Khunti,29,0
Jharkhand,Koderma,168,2
Jharkhand,Latehar,231,2
Jharkhand,Lohardaga,51,0
Jharkhand,Pakur,12,0
Jharkhand,Palamu,353,13
Jharkhand,Ramgarh,102,0
Jharkhand,Ranchi,412,9
Jharkhand,Sahebganj,192,2
Jharkhand,Seraikela-Kharsawan,161,1
Jharkhand,Simdega,92,0
Jharkhand,West Singhbhum,218,0
Karnataka,Bagalkot,103,3
Karnataka,Ballari,1234,4
Karnataka,Bangalore Rural,840,4
Karnataka,Belagavi,1197,13
Karnataka,Bengaluru,1278,14
Karnataka,Bidar,862,13
Karnataka,Chamrajanagar,531,13
Karnataka,Chikkaballapur,943,7
Karnataka,Chikkamagaluru,187,2
Karnataka,Chitradurga,1747,8
Karnataka,Dakshina Kannada,2170,9
Karnataka,Davangere,267,0
Karnataka,Dharwad,451,4
Karnataka,Gadag,34,1
Karnataka,Hassan,475,5
Karnataka,Haveri,837,15
Karnataka,Kalaburagi,1251,16
Karnataka,Kodagu,150,2
Karnataka,Kolar,821,13
Karnataka,Koppal,499,2
Karnataka,Mandya,714,13
Karnataka,Mysuru,610,2
Karnataka,Raichur,2434,26
Karnataka,Ramanagar,507,2
Karnataka,Shivamogga,246,1
Karnataka,Tumakuru,1067,21
Karnataka,Udupi,295,0
Karnataka,Uttara Kannada,1556,3
Karnataka,Vijayapura,1200,0
Karnataka,Yadgir,771,13
Kerala,Alappuzha,189,0
Kerala,Ernakulam,409,0
Kerala,Idukki,155,0
Kerala,Kannur,511,1
Kerala,Kasaragod,145,0
Kerala,Kollam,179,1
Kerala,Kottayam,287,3
Kerala,Kozhikode,520,0
Kerala,Malappuram,584,2
Kerala,Palakkad,266,1
Kerala,Pathanamthitta,348,3
Kerala,Thiruvananthapuram,130,1
Kerala,Thrissur,473,0
Kerala,Wayanad,94,0
Madhya Pradesh,Alirajpur,497,4
Madhya Pradesh,Anuppur,342,7
Madhya Pradesh,Ashok Nagar,869,16
Madhya Pradesh,Balaghat,952,12
Madhya Pradesh,Barwani,1169,25
Madhya Pradesh,Betul,323,5
Madhya Pradesh,Bhind,1270,9
Madhya Pradesh,Bhopal,569,18
Madhya Pradesh,Burhanpur,302,4
Madhya Pradesh,Chhatarpur,2226,25
Madhya Pradesh,Chhindwara,1011,8
Madhya Pradesh,Damoh,366,14
Madhya Pradesh,Datia,800,9
Madhya Pradesh,Dewas,534,12
Madhya Pradesh,Dhar,636,12
Madhya Pradesh,Dindori,283,3
Madhya Pradesh,Guna,1108,19
Madhya Pradesh,Gwalior,1505,37
Madhya Pradesh,Harda,125,3
Madhya Pradesh,Hoshangabad,142,1
Madhya Pradesh,Indore,520,12
Madhya Pradesh,Jabalpur,1218,35
Madhya Pradesh,Jhabua,1148,3
Madhya Pradesh,Katni,661,8
Madhya Pradesh,Khandwa,340,6
Madhya Pradesh,Khargone,2321,11
Madhya Pradesh,Mandla,523,9
Madhya Pradesh,Mandsaur,336,3
Madhya Pradesh,Morena,2959,44
Madhya Pradesh,Narsinghpur,443,6
Madhya Pradesh,Neemuch,190,4
Madhya Pradesh,Panna,409,0
Madhya Pradesh,Raisen,544,14
Madhya Pradesh,Rajgarh,2927,59
Madhya Pradesh,Ratlam,679,11
Madhya Pradesh,Rewa,1809,56
Madhya Pradesh,Sagar,1345,15
Madhya Pradesh,Satna,1080,31
Madhya Pradesh,Sehore,653,22
Madhya Pradesh,Seoni,260,11
Madhya Pradesh,Shahdol,902,33
Madhya Pradesh,Shajapur,541,8
Madhya Pradesh,Sheopur,691,15
Madhya Pradesh,Shivpuri,3108,45
Madhya Pradesh,Sidhi,873,16
Madhya Pradesh,Singrauli,458,17
Madhya Pradesh,Tikamgarh,904,34
Madhya Pradesh,Ujjain,1698,6
Madhya Pradesh,Umaria,439,13
Madhya Pradesh,Vidisha,735,5
Maharashtra,Ahmadnagar,3768,83
Maharashtra,Akola,980,23
Maharashtra,Amravati,942,24
Maharashtra,Aurangabad,2703,170
Maharashtra,Beed,2272,109
Maharashtra,Bhandara,524,13
Maharashtra,Buldhana,1530,89
Maharashtra,Chandrapur,670,23
Maharashtra,Dhule,775,10
Maharashtra,Gadchiroli,571,16
Maharashtra,Gondiya,520,50
Maharashtra,Hingoli,1036,26
Maharashtra,Jalgaon,1635,44
Maharashtra,Jalna,1117,25
Maharashtra,Kolhapur,1459,96
Maharashtra,Latur,1385,18
Maharashtra,Mumbai,2343,42
Maharashtra,Nagpur,1872,108
Maharashtra,Nanded,1750,80
Maharashtra,Nandurbar,580,9
Maharashtra,Nashik,2335,34
Maharashtra,Osmanabad,1249,21
Maharashtra,Palghar,1222,28
Maharashtra,Parbhani,2728,60
Maharashtra,Pune,4047,126
Maharashtra,Raigarh,1371,19
Maharashtra,Ratnagiri,1872,38
Maharashtra,Sangli,923,14
Maharashtra,Satara,2568,31
Maharashtra,Sindhudurg,312,6
Maharashtra,Solapur,3239,34
Maharashtra,Thane,2081,25
Maharashtra,Wardha,349,11
Maharashtra,Washim,733,22
Maharashtra,Yavatmal,849,29
Manipur,Bishnupur,9,2
Manipur,Chandel,12,1
Manipur,Churachandpur,21,2
Manipur,Imphal East,34,1
Manipur,Imphal West,25,1
Manipur,Senapati,13,0
Manipur,Tamenglong,9,0
Manipur,Thoubal,11,0
Manipur,Ukhrul,16,0
Meghalaya,East Khasi Hills,4,0
Meghalaya,Ri Bhoi,2,0
Meghalaya,South Garo Hills,1,0
Meghalaya,West Garo Hills,2,0
Mizoram,Aizawl,2151,6
Mizoram,Champhai,897,1
Mizoram,Kolasib,65,0
Mizoram,Lawngtlai,5,0
Mizoram,Lunglei,7,1
Mizoram,Mammit,31,1
Mizoram,Saiha,21,1
Mizoram,Serchhip,35,0
Nagaland,Dimapur,18,0
Nagaland,Kohima,7,0
Nagaland,Mokokchung,4,0
Nagaland,Mon,6,0
Nagaland,Peren,3,0
Nagaland,Phek,3,0
Nagaland,Tuensang,57,10
Nagaland,Wokha,3,0
Nagaland,Zunheboto,4,0
Odisha,Balangir,10,0
Odisha,Baleswar,43,0
Odisha,Bargarh,1525,30
Odisha,Bhadrak,1174,16
Odisha,Boudh,10,0
Odisha,Cuttack,7,0
Odisha,Debagarh,33,4
Odisha,Dhenkanal,1037,1
Odisha,Gajapati,1,0
Odisha,Ganjam,1159,16
Odisha,Jagatsinghapur,798,1
Odisha,Jajapur,27,1
Odisha,Jharsuguda,3,0
Odisha,Kalahandi,786,10
Odisha,Kandhamal,1783,9
Odisha,Kendrapara,12,1
Odisha,Kendujhar,1540,5
Odisha,Khorda,34,0
Odisha,Koraput,11,2
Odisha,Malkangiri,119,1
Odisha,Mayurbhanj,18,0
Odisha,Nabarangapur,3,0
Odisha,Nayagarh,4,0
Odisha,Nuapada,0,1
Odisha,Puri,623,2
Odisha,Rayagada,1,0
Odisha,Sambalpur,34,2
Odisha,Sonapur,11,0
Odisha,Sundergarh,428,20
Puducherry,Karaikal,143,3
Puducherry,Puducherry,116,2
Punjab,Amritsar,690,19
Punjab,Barnala,134,6
Punjab,Bathinda,516,4
Punjab,Faridkot,56,0
Punjab,Fatehgarh Sahib,135,1
Punjab,Fazilka,313,7
Punjab,Ferozepur,281,4
Punjab,Gurdaspur,221,5
Punjab,Hoshiarpur,346,3
Punjab,Jalandhar,303,9
Punjab,Kapurthala,128,2
Punjab,Ludhiana,1325,19
Punjab,Mansa,153,1
Punjab,Moga,366,4
Punjab,Pathankot,76,2
Punjab,Patiala,534,10
Punjab,Rupnagar,91,1
Punjab,SAS Nagar (Mohali),128,3
Punjab,Sangrur,383,4
Punjab,Shaheed Bhagat Singh Nagar,205,9
Punjab,Sri Muktsar Sahib,422,10
Punjab,Tarn Taran,374,3
Rajasthan,Ajmer,566,10
Rajasthan,Alwar,1007,8
Rajasthan,Banswara,1064,36
Rajasthan,Baran,778,11
Rajasthan,Barmer,452,50
Rajasthan,Bharatpur,939,23
Rajasthan,Bhilwara,729,22
Rajasthan,Bikaner,588,12
Rajasthan,Bundi,723,24
Rajasthan,Chittorgarh,562,22
Rajasthan,Churu,448,7
Rajasthan,Dausa,508,4
Rajasthan,Dholpur,902,36
Rajasthan,Dungarpur,1301,31
Rajasthan,Ganganagar,938,19
Rajasthan,Hanumangarh,1416,25
Rajasthan,Jaipur,1084,23
Rajasthan,Jaisalmer,1263,43
Rajasthan,Jalor,581,22
Rajasthan,Jhalawar,1252,42
Rajasthan,Jhunjhunun,637,2
Rajasthan,Jodhpur,2597,53
Rajasthan,Karauli,1145,77
Rajasthan,Kota,479,1
Rajasthan,Nagaur,821,17
Rajasthan,Pali,770,19
Rajasthan,Pratapgarh,879,6
Rajasthan,Rajsamand,234,22
Rajasthan,Sawai Madhopur,701,15
Rajasthan,Sikar,520,17
Rajasthan,Sirohi,345,13
Rajasthan,Tonk,309,17
Rajasthan,Udaipur,1445,29
Sikkim,East Sikkim,1,0
Sikkim,South Sikkim,1,0
Tamil Nadu,Ariyalur,27,2
Tamil Nadu,Chennai,5322,52
Tamil Nadu,Coimbatore,74,0
Tamil Nadu,Cuddalore,282,33
Tamil Nadu,Dharmapuri,3123,12
Tamil Nadu,Dindigul,3633,30
Tamil Nadu,Erode,10,9
Tamil Nadu,Kancheepuram,327,24
Tamil Nadu,Kanniyakumari,2297,14
Tamil Nadu,Karur,1142,1
Tamil Nadu,Krishnagiri,92,3
Tamil Nadu,Madurai,2073,89
Tamil Nadu,Nagapattinam,179,2
Tamil Nadu,Namakkal,2340,6
Tamil Nadu,Perambalur,12,20
Tamil Nadu,Pudukkottai,64,11
Tamil Nadu,Ramanathapuram,335,27
Tamil Nadu,Salem,58,2
Tamil Nadu,Sivaganga,150,4
Tamil Nadu,Thanjavur,215,5
Tamil Nadu,The Nilgiris,2,13
Tamil Nadu,Theni,600,17
Tamil Nadu,Thiruvarur,1145,11
Tamil Nadu,Thoothukkudi,941,39
Tamil Nadu,Tiruchirappalli,12,0
Tamil Nadu,Tirunelveli,7803,36
Tamil Nadu,Tiruppur,66,1
Tamil Nadu,Tiruvallur,320,61
Tamil Nadu,Tiruvannamalai,10099,19
Tamil Nadu,Vellore,1111,4
Tamil Nadu,Villupuram,465,6
Tamil Nadu,Virudhunagar,596,13
Telangana,Adilabad,181,4
Telangana,Hyderabad,787,28
Telangana,K.v. Rangareddy,507,16
Telangana,Karimnagar,250,15
Telangana,Khammam,136,2
Telangana,Mahabubnagar,454,4
Telangana,Medak,282,10
Telangana,Nalgonda,357,4
Telangana,Nizamabad,190,1
Telangana,Warangal,232,1
Tripura,Dhalai,1,0
Tripura,Gomati,269,9
Tripura,Khowai,365,4
Tripura,North Tripura,4,1
Tripura,Sepahijala,175,3
Tripura,South Tripura,207,2
Tripura,Unakoti,11,2
Tripura,West Tripura,27,5
Uttar Pradesh,Agra,1956,49
Uttar Pradesh,Aligarh,618,69
Uttar Pradesh,Allahabad,2110,37
Uttar Pradesh,Ambedkar Nagar,544,4
Uttar Pradesh,Amethi,806,8
Uttar Pradesh,Amroha,390,20
Uttar Pradesh,Auraiya,370,25
Uttar Pradesh,Azamgarh,2029,16
Uttar Pradesh,Baghpat,284,7
Uttar Pradesh,Bahraich,2994,86
Uttar Pradesh,Ballia,1209,19
Uttar Pradesh,Balrampur,932,75
Uttar Pradesh,Banda,4483,120
Uttar Pradesh,Bara Banki,1370,22
Uttar Pradesh,Bareilly,1422,13
Uttar Pradesh,Basti,1299,171
Uttar Pradesh,Bijnor,853,118
Uttar Pradesh,Budaun,1129,46
Uttar Pradesh,Bulandshahr,1182,23
Uttar Pradesh,Chandauli,589,12
Uttar Pradesh,Chitrakoot,1423,10
Uttar Pradesh,Deoria,836,15
Uttar Pradesh,Etah,279,26
Uttar Pradesh,Etawah,769,18
Uttar Pradesh,Faizabad,1132,15
Uttar Pradesh,Farrukhabad,887,24
Uttar Pradesh,Fatehpur,3626,82
Uttar Pradesh,Firozabad,978,30
Uttar Pradesh,Gautam Buddha Nagar,634,13
Uttar Pradesh,Ghaziabad,1551,35
Uttar Pradesh,Ghazipur,1149,22
Uttar Pradesh,Gonda,701,15
Uttar Pradesh,Gorakhpur,1999,40
Uttar Pradesh,Hamirpur,1974,53
Uttar Pradesh,Hapur,218,4
Uttar Pradesh,Hardoi,2700,58
Uttar Pradesh,Hathras,162,10
Uttar Pradesh,Jalaun,2399,115
Uttar Pradesh,Jaunpur,1390,21
Uttar Pradesh,Jhansi,635,32
Uttar Pradesh,Kannauj,516,10
Uttar Pradesh,Kanpur Dehat,379,4
Uttar Pradesh,Kanpur Nagar,1090,35
Uttar Pradesh,Kasganj,231,33
Uttar Pradesh,Kaushambi,1072,19
Uttar Pradesh,Kheri,2515,73
Uttar Pradesh,Kushinagar,915,25
Uttar Pradesh,Lalitpur,358,16
Uttar Pradesh,Lucknow,599,23
Uttar Pradesh,Maharajganj,801,22
Uttar Pradesh,Mahoba,4832,55
Uttar Pradesh,Mainpuri,1633,54
Uttar Pradesh,Mathura,657,65
Uttar Pradesh,Mau,648,5
Uttar Pradesh,Meerut,615,37
Uttar Pradesh,Mirzapur,2215,21
Uttar Pradesh,Moradabad,336,23
Uttar Pradesh,Muzaffarnagar,1118,33
Uttar Pradesh,Pilibhit,117,12
Uttar Pradesh,Pratapgarh,776,9
Uttar Pradesh,Rae Bareli,468,10
Uttar Pradesh,Rampur,465,3
Uttar Pradesh,Saharanpur,762,44
Uttar Pradesh,Sambhal,706,63
Uttar Pradesh,Sant Kabir Nagar,465,2
Uttar Pradesh,Sant Ravidas Nagar,439,11
Uttar Pradesh,Shahjahanpur,3836,45
Uttar Pradesh,Shamli,528,5
Uttar Pradesh,Shrawasti,705,27
Uttar Pradesh,Siddharthnagar,893,50
Uttar Pradesh,Sitapur,3908,88
Uttar Pradesh,Sonbhadra,2100,57
Uttar Pradesh,Sultanpur,827,24
Uttar Pradesh,Unnao,717,87
Uttar Pradesh,Varanasi,989,4
Uttarakhand,Almora,596,4
Uttarakhand,Bageshwar,266,1
Uttarakhand,Chamoli,2267,14
Uttarakhand,Champawat,73,0
Uttarakhand,Dehradun,339,4
Uttarakhand,Haridwar,340,6
Uttarakhand,Nainital,229,20
Uttarakhand,Pauri Garhwal,514,41
Uttarakhand,Pithoragarh,821,11
Uttarakhand,Rudraprayag,1772,11
Uttarakhand,Tehri Garhwal,826,52
Uttarakhand,Udham Singh Nagar,119,3
Uttarakhand,Uttarkashi,307,7
West Bengal,Bankura,43,0
West Bengal,Barddhaman,193,9
West Bengal,Birbhum,26,0
West Bengal,Cooch Behar,1063,24
West Bengal,Dakshin Dinajpur,780,13
West Bengal,Darjeeling,114,20
West Bengal,Hooghly,1192,4
West Bengal,Howrah,27,1
West Bengal,Jalpaiguri,1469,31
West Bengal,Kolkata,434,16
West Bengal,Malda,35,1
West Bengal,Murshidabad,1507,1
West Bengal,Nadia,77,12
West Bengal,North 24 Parganas,821,16
West Bengal,Paschim Medinipur,154,36
West Bengal,Purba Medinipur,51,0
West Bengal,Puruliya,17,1
West Bengal,South 24 Parganas,523,2
West Bengal,Uttar Dinajpur,347,4
