State,District,Aadhaar generated,Enrolment Rejected
Andaman and Nicobar Islands,Nicobar,1306,13
Andaman and Nicobar Islands,North And Middle Andaman,269,0
Andaman and Nicobar Islands,South Andaman,132,7
Andhra Pradesh,Ananthapur,2,7
Andhra Pradesh,Chittoor,3,2
Andhra Pradesh,Cuddapah,1,0
Andhra Pradesh,East Godavari,2,1
Andhra Pradesh,Guntur,2,1
Andhra Pradesh,Krishna,1,0
Andhra Pradesh,Kurnool,5,0
Andhra Pradesh,Nellore,2,6
Andhra Pradesh,Prakasam,2,1
Andhra Pradesh,Srikakulam,2,1
Andhra Pradesh,Visakhapatnam,4,4
Andhra Pradesh,Vizianagaram,6,0
Andhra Pradesh,West Godavari,0,1
Arunachal Pradesh,Changlang,1,0
Arunachal Pradesh,East Kameng,1,0
Arunachal Pradesh,Lower Subansiri,3,0
Arunachal Pradesh,Namsai,0,2
Arunachal Pradesh,Papum Pare,164,2
Arunachal Pradesh,Tawang,3,0
Arunachal Pradesh,West Siang,100,2
Assam,Baksa,12,0
Assam,Barpeta,8,0
Assam,Bongaigaon,3,0
Assam,Cachar,10,1
Assam,Chirang,7,0
Assam,Darrang,48,0
Assam,Dhemaji,4,0
Assam,Dhubri,4,0
Assam,Dibrugarh,4,0
Assam,Goalpara,2,0
Assam,Golaghat,5,0
Assam,Hailakandi,10,0
Assam,Jorhat,5,0
Assam,Kamrup,14,0
Assam,Kamrup Metro,4,0
Assam,Karbi Anglong,8,0
Assam,Karimganj,10,0
Assam,Kokrajhar,2,0
Assam,Lakhimpur,6,0
Assam,Marigaon,1,0
Assam,Nagaon,5,0
Assam,Sibsagar,5,0
Assam,Sonitpur,249,1
Assam,Tinsukia,15,0
Assam,Udalguri,18,0
Bihar,Araria,5511,207
Bihar,Arwal,174,14
Bihar,Aurangabad,1325,217
Bihar,Banka,784,15
Bihar,Begusarai,840,68
Bihar,Bhagalpur,487,57
Bihar,Bhojpur,1923,60
Bihar,Buxar,769,14
Bihar,Darbhanga,4522,299
Bihar,East Champaran,1478,45
Bihar,Gaya,1162,30
Bihar,Gopalganj,251,38
Bihar,Jamui,1725,48
Bihar,Jehanabad,295,13
Bihar,Kaimur (Bhabua),478,56
Bihar,Katihar,1095,106
Bihar,Khagaria,633,36
Bihar,Kishanganj,587,12
Bihar,Lakhisarai,168,11
Bihar,Madhepura,2101,91
Bihar,Madhubani,1666,71
Bihar,Munger,404,4
Bihar,Muzaffarpur,1051,27
Bihar,Nalanda,1884,59
Bihar,Nawada,1693,59
Bihar,Patna,625,42
Bihar,Purnia,1712,53
Bihar,Rohtas,277,33
Bihar,Saharsa,270,4
Bihar,Samastipur,2079,81
Bihar,Saran,618,5
Bihar,Sheikhpura,178,15
Bihar,Sheohar,115,25
Bihar,Sitamarhi,859,40
Bihar,Siwan,712,55
Bihar,Supaul,1067,39
Bihar,Vaishali,428,8
Bihar,West Champaran,983,44
Chandigarh,Chandigarh,90,1
Chhattisgarh,Balod,373,9
Chhattisgarh,Baloda Bazar,1497,131
Chhattisgarh,Balrampur,108,4
Chhattisgarh,Bastar,653,37
Chhattisgarh,Bemetara,220,1
Chhattisgarh,Bijapur,410,51
Chhattisgarh,Bilaspur,417,9
Chhattisgarh,Dakshin Bastar Dantewada,16,8
Chhattisgarh,Dantewada,6,5
Chhattisgarh,Dhamtari,381,5
Chhattisgarh,Durg,337,11
Chhattisgarh,Gariyaband,317,42
Chhattisgarh,Janjgir-champa,240,13
Chhattisgarh,Jashpur,119,3
Chhattisgarh,Kabeerdham,53,5
Chhattisgarh,Kanker,186,5
Chhattisgarh,Kawardha,73,3
Chhattisgarh,Kondagaon,80,1
Chhattisgarh,Korba,32,1
Chhattisgarh,Koriya,94,3
Chhattisgarh,Mahasamund,212,3
Chhattisgarh,Mungeli,32,5
Chhattisgarh,Narayanpur,4,1
Chhattisgarh,Raigarh,411,19
Chhattisgarh,Raipur,317,7
Chhattisgarh,Rajnandgaon,415,16
Chhattisgarh,Sukma,213,13
Chhattisgarh,Surajpur,759,27
Chhattisgarh,Surguja,345,5
Chhattisgarh,Uttar Bastar Kanker,41,0
Dadra and Nagar Haveli,Dadra and Nagar Haveli,4,1
Daman and Diu,Daman,3,0
Delhi,Central Delhi,38,5
Delhi,East Delhi,245,11
Delhi,New Delhi,6,0
Delhi,North Delhi,145,0
Delhi,North East Delhi,465,20
Delhi,North West Delhi,477,26
Delhi,South Delhi,437,26
Delhi,South West Delhi,390,11
Delhi,West Delhi,273,7
Goa,North Goa,97,9
Goa,South Goa,9,0
Gujarat,Ahmedabad,1517,28
Gujarat,Amreli,1178,106
Gujarat,Anand,1033,12
Gujarat,Arvalli,5,4
Gujarat,Banaskantha,589,35
Gujarat,Bharuch,726,25
Gujarat,Bhavnagar,435,12
Gujarat,Dahod,1164,85
Gujarat,Devbhumi Dwarka,131,3
Gujarat,Gandhinagar,526,2
Gujarat,Gir Somnath,23,3
Gujarat,Jamnagar,20,0
Gujarat,Junagadh,243,1
Gujarat,Kachchh,1310,16
Gujarat,Kheda,20,4
Gujarat,Mahesana,400,7
Gujarat,Narmada,301,15
Gujarat,Navsari,8,0
Gujarat,Panchmahals,662,33
Gujarat,Patan,406,6
Gujarat,Porbandar,226,1
Gujarat,Rajkot,517,21
Gujarat,Sabarkantha,419,12
Gujarat,Surat,1320,12
Gujarat,Surendra Nagar,1198,11
Gujarat,Tapi,444,2
Gujarat,The Dangs,72,1
Gujarat,Vadodara,2338,22
Gujarat,Valsad,145,1
Haryana,Ambala,213,4
Haryana,Bhiwani,354,8
Haryana,Faridabad,763,13
Haryana,Fatehabad,114,9
Haryana,Gurgaon,311,11
Haryana,Hisar,265,24
Haryana,Jhajjar,243,2
Haryana,Jind,637,33
Haryana,Kaithal,663,15
Haryana,Karnal,363,8
Haryana,Kurukshetra,1268,29
Haryana,Mahendragarh,239,5
Haryana,Mewat,352,21
Haryana,Palwal,426,27
Haryana,Panchkula,34,1
Haryana,Panipat,242,11
Haryana,Rewari,301,13
Haryana,Rohtak,389,12
Haryana,Sirsa,769,40
Haryana,Sonipat,285,12
Haryana,Yamuna Nagar,162,8
Himachal Pradesh,Bilaspur,2,0
Himachal Pradesh,Chamba,14,0
Himachal Pradesh,Hamirpur,12,0
Himachal Pradesh,Kangra,60,1
Himachal Pradesh,Kinnaur,6,1
Himachal Pradesh,Kullu,19,0
Himachal Pradesh,Mandi,27,3
Himachal Pradesh,Shimla,17,0
Himachal Pradesh,Sirmaur,29,2
Himachal Pradesh,Solan,77,0
Himachal Pradesh,Una,13,0
Jammu and Kashmir,Anantnag,93,1
Jammu and Kashmir,Badgam,3102,20
Jammu and Kashmir,Bandipore,26,0
Jammu and Kashmir,Baramula,112,0
Jammu and Kashmir,Doda,47,0
Jammu and Kashmir,Ganderbal,29,1
Jammu and Kashmir,Jammu,40,2
Jammu and Kashmir,Kargil,73,0
Jammu and Kashmir,Kathua,10,0
Jammu and Kashmir,Kishtwar,99,3
Jammu and Kashmir,Kulgam,58,0
Jammu and Kashmir,Kupwara,131,0
Jammu and Kashmir,Leh,89,1
Jammu and Kashmir,Pulwama,232,1
Jammu and Kashmir,Punch,316,6
Jammu and Kashmir,Rajouri,170,3
Jammu and Kashmir,Ramban,63,0
Jammu and Kashmir,Reasi,178,1
Jammu and Kashmir,Samba,5,0
Jammu and Kashmir,Shupiyan,476,2
Jammu and Kashmir,Srinagar,3615,18
Jammu and Kashmir,Udhampur,127,3
Jharkhand,Bokaro,565,1
Jharkhand,Chatra,52,2
Jharkhand,Deoghar,247,6
Jharkhand,Dhanbad,335,7
Jharkhand,Dumka,273,11
Jharkhand,East Singhbhum,719,6
Jharkhand,Garhwa,79,6
Jharkhand,Giridih,333,11
Jharkhand,Godda,265,83
Jharkhand,Gumla,136,2
Jharkhand,Hazaribagh,114,0
Jharkhand,Jamtara,84,2
Jharkhand,Khunti,8,0
Jharkhand,Koderma,56,2
Jharkhand,Latehar,55,4
Jharkhand,Lohardaga,40,2
Jharkhand,Pakur,38,1
Jharkhand,Palamu,195,10
Jharkhand,Ramgarh,229,2
Jharkhand,Ranchi,418,7
Jharkhand,Sahebganj,121,1
Jharkhand,Seraikela-Kharsawan,217,1
Jharkhand,Simdega,107,0
Jharkhand,West Singhbhum,121,6
Karnataka,Bagalkot,60,3
Karnataka,Ballari,885,2
Karnataka,Bangalore Rural,1051,13
Karnataka,Belagavi,991,14
Karnataka,Bengaluru,2137,26
Karnataka,Bidar,522,9
Karnataka,Chamrajanagar,456,16
Karnataka,Chikkaballapur,1261,11
Karnataka,Chikkamagaluru,93,0
Karnataka,Chitradurga,1186,25
Karnataka,Dakshina Kannada,1177,10
Karnataka,Davangere,214,4
Karnataka,Dharwad,716,1
Karnataka,Gadag,130,1
Karnataka,Hassan,309,9
Karnataka,Haveri,335,11
Karnataka,Kalaburagi,519,4
Karnataka,Kodagu,49,2
Karnataka,Kolar,830,16
Karnataka,Koppal,456,1
Karnataka,Mandya,772,25
Karnataka,Mysuru,235,5
Karnataka,Raichur,1900,37
Karnataka,Ramanagar,638,3
Karnataka,Shivamogga,157,0
Karnataka,Tumakuru,862,10
Karnataka,Udupi,189,2
Karnataka,Uttara Kannada,642,5
Karnataka,Vijayapura,264,3
Karnataka,Yadgir,493,14
Kerala,Alappuzha,160,1
Kerala,Ernakulam,73,0
Kerala,Idukki,31,7
Kerala,Kannur,144,6
Kerala,Kasaragod,212,0
Kerala,Kollam,181,1
Kerala,Kottayam,59,1
Kerala,Kozhikode,194,0
Kerala,Malappuram,176,0
Kerala,Palakkad,265,2
Kerala,Pathanamthitta,49,1
Kerala,Thiruvananthapuram,64,0
Kerala,Thrissur,86,1
Kerala,Wayanad,9,1
Lakshadweep,Lakshadweep,1,0
Madhya Pradesh,Alirajpur,106,4
Madhya Pradesh,Anuppur,197,0
Madhya Pradesh,Ashok Nagar,537,27
Madhya Pradesh,Balaghat,358,16
Madhya Pradesh,Barwani,461,12
Madhya Pradesh,Betul,161,3
Madhya Pradesh,Bhind,614,23
Madhya Pradesh,Bhopal,781,35
Madhya Pradesh,Burhanpur,99,2
Madhya Pradesh,Chhatarpur,1538,28
Madhya Pradesh,Chhindwara,537,13
Madhya Pradesh,Damoh,316,12
Madhya Pradesh,Datia,289,15
Madhya Pradesh,Dewas,585,13
Madhya Pradesh,Dhar,632,22
Madhya Pradesh,Dindori,128,6
Madhya Pradesh,Guna,599,19
Madhya Pradesh,Gwalior,793,21
Madhya Pradesh,Harda,66,9
Madhya Pradesh,Hoshangabad,129,3
Madhya Pradesh,Indore,113,3
Madhya Pradesh,Jabalpur,680,40
Madhya Pradesh,Jhabua,451,7
Madhya Pradesh,Katni,354,10
Madhya Pradesh,Khandwa,104,8
Madhya Pradesh,Khargone,545,13
Madhya Pradesh,Mandla,289,12
Madhya Pradesh,Mandsaur,92,5
Madhya Pradesh,Morena,1570,53
Madhya Pradesh,Narsinghpur,215,8
Madhya Pradesh,Neemuch,45,0
Madhya Pradesh,Panna,211,3
Madhya Pradesh,Raisen,275,9
Madhya Pradesh,Rajgarh,1858,95
Madhya Pradesh,Ratlam,174,8
Madhya Pradesh,Rewa,1143,167
Madhya Pradesh,Sagar,594,19
Madhya Pradesh,Satna,550,19
Madhya Pradesh,Sehore,511,16
Madhya Pradesh,Seoni,424,5
Madhya Pradesh,Shahdol,544,29
Madhya Pradesh,Shajapur,230,4
Madhya Pradesh,Sheopur,843,27
Madhya Pradesh,Shivpuri,1210,40
Madhya Pradesh,Sidhi,705,40
Madhya Pradesh,Singrauli,179,27
Madhya Pradesh,Tikamgarh,681,19
Madhya Pradesh,Ujjain,660,11
Madhya Pradesh,Umaria,259,7
Madhya Pradesh,Vidisha,310,7
Maharashtra,Ahmadnagar,3120,85
Maharashtra,Akola,820,20
Maharashtra,Amravati,700,81
Maharashtra,Aurangabad,1519,103
Maharashtra,Beed,1520,85
Maharashtra,Bhandara,290,14
Maharashtra,Buldhana,907,49
Maharashtra,Chandrapur,490,32
Maharashtra,Dhule,564,23
Maharashtra,Gadchiroli,401,26
Maharashtra,Gondiya,411,50
Maharashtra,Hingoli,605,35
Maharashtra,Jalgaon,1247,46
Maharashtra,Jalna,777,24
Maharashtra,Kolhapur,604,102
Maharashtra,Latur,1148,32
Maharashtra,Mumbai,1853,40
Maharashtra,Nagpur,1218,151
Maharashtra,Nanded,1114,97
Maharashtra,Nandurbar,464,11
Maharashtra,Nashik,2028,9
Maharashtra,Osmanabad,849,29
Maharashtra,Palghar,653,23
Maharashtra,Parbhani,2274,49
Maharashtra,Pune,2160,100
Maharashtra,Raigarh,429,10
Maharashtra,Ratnagiri,686,54
Maharashtra,Sangli,757,23
Maharashtra,Satara,1133,23
Maharashtra,Sindhudurg,593,7
Maharashtra,Solapur,2087,46
Maharashtra,Thane,1479,17
Maharashtra,Wardha,196,32
Maharashtra,Washim,450,36
Maharashtra,Yavatmal,928,31
Manipur,Bishnupur,6,0
Manipur,Churachandpur,3,2
Manipur,Imphal East,6,1
Manipur,Imphal West,11,0
Manipur,Senapati,4,1
Manipur,Tamenglong,1,0
Manipur,Thoubal,3,2
Manipur,Ukhrul,2,0
Meghalaya,East Garo Hills,1,0
Meghalaya,East Khasi Hills,1,0
Meghalaya,West Garo Hills,2,0
Meghalaya,West Khasi Hills,1,0
Mizoram,Aizawl,758,16
Mizoram,Champhai,586,57
Mizoram,Kolasib,5,0
Mizoram,Lawngtlai,4,0
Mizoram,Lunglei,9,0
Mizoram,Mammit,47,0
Mizoram,Serchhip,43,2
Nagaland,Dimapur,7,2
Nagaland,Kiphire,1,0
Nagaland,Tuensang,2,1
Nagaland,Wokha,2,0
Nagaland,Zunheboto,2,0
Odisha,Angul,2,0
Odisha,Balangir,6,0
Odisha,Baleswar,7,0
Odisha,Bargarh,1138,42
Odisha,Bhadrak,756,37
Odisha,Boudh,4,1
Odisha,Cuttack,6,0
Odisha,Debagarh,16,3
Odisha,Dhenkanal,648,9
Odisha,Gajapati,3,1
Odisha,Ganjam,580,15
Odisha,Jagatsinghapur,749,7
Odisha,Jajapur,16,3
Odisha,Kalahandi,126,17
Odisha,Kandhamal,885,5
Odisha,Kendrapara,349,0
Odisha,Kendujhar,1217,7
Odisha,Khorda,29,3
Odisha,Koraput,7,1
Odisha,Malkangiri,81,1
Odisha,Mayurbhanj,19,2
Odisha,Nabarangapur,50,0
Odisha,Nayagarh,1,1
Odisha,Puri,688,11
Odisha,Rayagada,940,12
Odisha,Sambalpur,4,0
Odisha,Sonapur,3,0
Odisha,Sundergarh,66,5
Puducherry,Karaikal,90,2
Puducherry,Puducherry,29,0
Punjab,Amritsar,237,13
Punjab,Barnala,36,7
Punjab,Bathinda,127,3
Punjab,Faridkot,49,0
Punjab,Fatehgarh Sahib,51,1
Punjab,Fazilka,60,6
Punjab,Ferozepur,74,3
Punjab,Gurdaspur,126,7
Punjab,Hoshiarpur,113,6
Punjab,Jalandhar,118,2
Punjab,Kapurthala,74,4
Punjab,Ludhiana,551,13
Punjab,Mansa,151,3
Punjab,Moga,106,2
Punjab,Pathankot,56,3
Punjab,Patiala,213,11
Punjab,Rupnagar,115,3
Punjab,SAS Nagar (Mohali),87,2
Punjab,Sangrur,226,2
Punjab,Shaheed Bhagat Singh Nagar,133,1
Punjab,Sri Muktsar Sahib,189,11
Punjab,Tarn Taran,184,13
Rajasthan,Ajmer,339,7
Rajasthan,Alwar,503,8
Rajasthan,Banswara,802,37
Rajasthan,Baran,447,10
Rajasthan,Barmer,756,38
Rajasthan,Bharatpur,605,25
Rajasthan,Bhilwara,953,21
Rajasthan,Bikaner,628,24
Rajasthan,Bundi,515,19
Rajasthan,Chittorgarh,196,17
Rajasthan,Churu,207,15
Rajasthan,Dausa,196,7
Rajasthan,Dholpur,411,25
Rajasthan,Dungarpur,595,12
Rajasthan,Ganganagar,482,29
Rajasthan,Hanumangarh,708,89
Rajasthan,Jaipur,862,15
Rajasthan,Jaisalmer,805,74
Rajasthan,Jalor,416,20
Rajasthan,Jhalawar,740,28
Rajasthan,Jhunjhunun,331,4
Rajasthan,Jodhpur,966,53
Rajasthan,Karauli,674,56
Rajasthan,Kota,310,2
Rajasthan,Nagaur,548,18
Rajasthan,Pali,571,39
Rajasthan,Pratapgarh,238,3
Rajasthan,Rajsamand,215,9
Rajasthan,Sawai Madhopur,535,15
Rajasthan,Sikar,326,11
Rajasthan,Sirohi,128,7
Rajasthan,Tonk,483,10
Rajasthan,Udaipur,748,41
Sikkim,East Sikkim,70,0
Sikkim,North Sikkim,2,0
Sikkim,South Sikkim,35,1
Sikkim,West Sikkim,203,9
Tamil Nadu,Ariyalur,119,4
Tamil Nadu,Chennai,1735,29
Tamil Nadu,Coimbatore,13,40
Tamil Nadu,Cuddalore,49,0
Tamil Nadu,Dharmapuri,593,66
Tamil Nadu,Dindigul,651,28
Tamil Nadu,Erode,7,15
Tamil Nadu,Kancheepuram,165,1
Tamil Nadu,Kanniyakumari,965,6
Tamil Nadu,Karur,694,5
Tamil Nadu,Krishnagiri,154,80
Tamil Nadu,Madurai,344,6
Tamil Nadu,Nagapattinam,152,8
Tamil Nadu,Namakkal,4285,399
Tamil Nadu,Perambalur,2,0
Tamil Nadu,Pudukkottai,22,0
Tamil Nadu,Ramanathapuram,194,2
Tamil Nadu,Salem,1505,64
Tamil Nadu,Sivaganga,151,13
Tamil Nadu,Thanjavur,213,11
Tamil Nadu,The Nilgiris,0,120
Tamil Nadu,Theni,297,4
Tamil Nadu,Thiruvarur,768,25
Tamil Nadu,Thoothukkudi,332,4
Tamil Nadu,Tiruchirappalli,9,0
Tamil Nadu,Tirunelveli,1742,13
Tamil Nadu,Tiruppur,12,7
Tamil Nadu,Tiruvallur,90,0
Tamil Nadu,Tiruvannamalai,2136,175
Tamil Nadu,Vellore,432,57
Tamil Nadu,Villupuram,1146,165
Tamil Nadu,Virudhunagar,305,29
Telangana,Adilabad,1,1
Telangana,Hyderabad,4,1
Telangana,K.v. Rangareddy,16,3
Telangana,Karimnagar,4,1
Telangana,Khammam,0,2
Telangana,Mahabubnagar,1,2
Telangana,Medak,5,1
Telangana,Nalgonda,0,4
Telangana,Nizamabad,1,2
Telangana,Warangal,0,1
Tripura,Dhalai,0,2
Tripura,Gomati,15,1
Tripura,Khowai,170,5
Tripura,North Tripura,2,0
Tripura,Sepahijala,21,0
Tripura,South Tripura,21,0
Tripura,Unakoti,27,1
Tripura,West Tripura,106,1
Uttar Pradesh,Agra,936,50
Uttar Pradesh,Aligarh,519,40
Uttar Pradesh,Allahabad,1373,39
Uttar Pradesh,Ambedkar Nagar,308,9
Uttar Pradesh,Amethi,252,11
Uttar Pradesh,Amroha,102,15
Uttar Pradesh,Auraiya,411,16
Uttar Pradesh,Azamgarh,995,31
Uttar Pradesh,Baghpat,348,69
Uttar Pradesh,Bahraich,1281,95
Uttar Pradesh,Ballia,611,47
Uttar Pradesh,Balrampur,517,44
Uttar Pradesh,Banda,1868,62
Uttar Pradesh,Bara Banki,765,23
Uttar Pradesh,Bareilly,249,11
Uttar Pradesh,Basti,457,62
Uttar Pradesh,Bijnor,323,53
Uttar Pradesh,Budaun,453,34
Uttar Pradesh,Bulandshahr,894,24
Uttar Pradesh,Chandauli,288,13
Uttar Pradesh,Chitrakoot,655,44
Uttar Pradesh,Deoria,320,20
Uttar Pradesh,Etah,226,15
Uttar Pradesh,Etawah,772,8
Uttar Pradesh,Faizabad,765,20
Uttar Pradesh,Farrukhabad,325,25
Uttar Pradesh,Fatehpur,1544,38
Uttar Pradesh,Firozabad,349,36
Uttar Pradesh,Gautam Buddha Nagar,209,15
Uttar Pradesh,Ghaziabad,724,32
Uttar Pradesh,Ghazipur,604,19
Uttar Pradesh,Gonda,524,26
Uttar Pradesh,Gorakhpur,1064,40
Uttar Pradesh,Hamirpur,771,28
Uttar Pradesh,Hapur,55,3
Uttar Pradesh,Hardoi,1949,59
Uttar Pradesh,Hathras,181,9
Uttar Pradesh,Jalaun,2064,67
Uttar Pradesh,Jaunpur,570,40
Uttar Pradesh,Jhansi,684,37
Uttar Pradesh,Kannauj,320,11
Uttar Pradesh,Kanpur Dehat,149,7
Uttar Pradesh,Kanpur Nagar,498,24
Uttar Pradesh,Kasganj,507,19
Uttar Pradesh,Kaushambi,442,10
Uttar Pradesh,Kheri,2178,61
Uttar Pradesh,Kushinagar,585,22
Uttar Pradesh,Lalitpur,331,9
Uttar Pradesh,Lucknow,272,8
Uttar Pradesh,Maharajganj,362,20
Uttar Pradesh,Mahoba,1218,64
Uttar Pradesh,Mainpuri,419,40
Uttar Pradesh,Mathura,489,32
Uttar Pradesh,Mau,171,8
Uttar Pradesh,Meerut,289,27
Uttar Pradesh,Mirzapur,637,16
Uttar Pradesh,Moradabad,279,12
Uttar Pradesh,Muzaffarnagar,427,32
Uttar Pradesh,Pilibhit,44,8
Uttar Pradesh,Pratapgarh,531,6
Uttar Pradesh,Rae Bareli,384,9
Uttar Pradesh,Rampur,157,2
Uttar Pradesh,Saharanpur,565,34
Uttar Pradesh,Sambhal,1185,59
Uttar Pradesh,Sant Kabir Nagar,155,10
Uttar Pradesh,Sant Ravidas Nagar,268,17
Uttar Pradesh,Shahjahanpur,1186,80
Uttar Pradesh,Shamli,481,5
Uttar Pradesh,Shrawasti,327,16
Uttar Pradesh,Siddharthnagar,225,33
Uttar Pradesh,Sitapur,1183,75
Uttar Pradesh,Sonbhadra,1431,128
Uttar Pradesh,Sultanpur,533,25
Uttar Pradesh,Unnao,598,49
Uttar Pradesh,Varanasi,324,19
Uttarakhand,Almora,276,2
Uttarakhand,Bageshwar,263,15
Uttarakhand,Chamoli,745,14
Uttarakhand,Champawat,5,0
Uttarakhand,Dehradun,181,10
Uttarakhand,Haridwar,150,6
Uttarakhand,Nainital,93,3
Uttarakhand,Pauri Garhwal,400,40
Uttarakhand,Pithoragarh,452,17
Uttarakhand,Rudraprayag,746,13
Uttarakhand,Tehri Garhwal,444,26
Uttarakhand,Udham Singh Nagar,29,3
Uttarakhand,Uttarkashi,393,4
West Bengal,Bankura,13,2
West Bengal,Barddhaman,59,2
West Bengal,Birbhum,11,0
West Bengal,Cooch Behar,1640,266
West Bengal,Dakshin Dinajpur,451,48
West Bengal,Darjeeling,171,12
West Bengal,Hooghly,1022,55
West Bengal,Howrah,50,9
West Bengal,Jalpaiguri,862,70
West Bengal,Kolkata,520,7
West Bengal,Malda,35,1
West Bengal,Murshidabad,1573,14
West Bengal,Nadia,1325,4
West Bengal,North 24 Parganas,283,14
West Bengal,Paschim Medinipur,22,7
West Bengal,Purba Medinipur,21,1
West Bengal,Puruliya,51,3
West Bengal,South 24 Parganas,433,37
West Bengal,Uttar Dinajpur,77,40
