State,District,Aadhaar generated,Enrolment Rejected
Andaman and Nicobar Islands,Nicobar,434,4
Andaman and Nicobar Islands,North And Middle Andaman,6194,1
Andaman and Nicobar Islands,South Andaman,5002,24
Andhra Pradesh,Ananthapur,608,40
Andhra Pradesh,Chittoor,272,34
Andhra Pradesh,Cuddapah,412,15
Andhra Pradesh,East Godavari,549,25
Andhra Pradesh,Guntur,523,37
Andhra Pradesh,Krishna,1066,32
Andhra Pradesh,Kurnool,579,18
Andhra Pradesh,Nellore,200,40
Andhra Pradesh,Prakasam,352,16
Andhra Pradesh,Srikakulam,316,15
Andhra Pradesh,Visakhapatnam,429,42
Andhra Pradesh,Vizianagaram,242,12
Andhra Pradesh,West Godavari,554,19
Arunachal Pradesh,Changlang,3,0
Arunachal Pradesh,East Kameng,2,0
Arunachal Pradesh,Longding,289,0
Arunachal Pradesh,Lower Dibang Valley,1,0
Arunachal Pradesh,Lower Subansiri,1,0
Arunachal Pradesh,Namsai,73,0
Arunachal Pradesh,Papum Pare,4,1
Arunachal Pradesh,Tawang,176,0
Arunachal Pradesh,Tirap,1,0
Arunachal Pradesh,Upper Subansiri,1,0
Arunachal Pradesh,West Kameng,257,0
Arunachal Pradesh,West Siang,2,0
Assam,Baksa,3,0
Assam,Barpeta,206,1
Assam,Bongaigaon,24,0
Assam,Cachar,61,0
Assam,Chirang,12,0
Assam,Darrang,12,0
Assam,Dhemaji,7,0
Assam,Dhubri,13,0
Assam,Dibrugarh,8,1
Assam,Goalpara,8,0
Assam,Golaghat,10,0
Assam,Hailakandi,9,0
Assam,Jorhat,20,1
Assam,Kamrup,45,0
Assam,Kamrup Metro,3,0
Assam,Karbi Anglong,164,0
Assam,Karimganj,15,0
Assam,Kokrajhar,11,0
Assam,Lakhimpur,14,1
Assam,Marigaon,8,0
Assam,Nagaon,2835,2
Assam,Nalbari,9,0
Assam,North Cachar Hills,4,0
Assam,Sibsagar,10,0
Assam,Sonitpur,42,1
Assam,Tinsukia,13,0
Assam,Udalguri,27,0
Bihar,Araria,8195,170
Bihar,Arwal,70,10
Bihar,Aurangabad,1022,69
Bihar,Banka,1095,55
Bihar,Begusarai,1909,92
Bihar,Bhagalpur,2334,51
Bihar,Bhojpur,5551,282
Bihar,Buxar,1407,59
Bihar,Darbhanga,10096,368
Bihar,East Champaran,4421,70
Bihar,Gaya,1467,55
Bihar,Gopalganj,1182,55
Bihar,Jamui,3811,92
Bihar,Jehanabad,153,13
Bihar,Kaimur (Bhabua),2378,36
Bihar,Katihar,4029,78
Bihar,Khagaria,868,66
Bihar,Kishanganj,1399,23
Bihar,Lakhisarai,837,18
Bihar,Madhepura,5224,99
Bihar,Madhubani,5288,77
Bihar,Munger,356,23
Bihar,Muzaffarpur,1415,72
Bihar,Nalanda,3597,97
Bihar,Nawada,2294,52
Bihar,Patna,2892,100
Bihar,Purnia,6051,148
Bihar,Rohtas,2808,48
Bihar,Saharsa,308,34
Bihar,Samastipur,5989,92
Bihar,Saran,965,55
Bihar,Sheikhpura,163,36
Bihar,Sheohar,812,27
Bihar,Sitamarhi,2026,55
Bihar,Siwan,2242,279
Bihar,Supaul,3375,56
Bihar,Vaishali,858,35
Bihar,West Champaran,5582,230
Chandigarh,Chandigarh,283,6
Chhattisgarh,Balod,1026,42
Chhattisgarh,Baloda Bazar,2350,170
Chhattisgarh,Balrampur,239,31
Chhattisgarh,Bastar,3803,105
Chhattisgarh,Bemetara,104,13
Chhattisgarh,Bijapur,391,5
Chhattisgarh,Bilaspur,1267,170
Chhattisgarh,Dakshin Bastar Dantewada,58,5
Chhattisgarh,Dantewada,366,11
Chhattisgarh,Dhamtari,263,17
Chhattisgarh,Durg,523,36
Chhattisgarh,Gariyaband,53,8
Chhattisgarh,Janjgir-champa,307,34
Chhattisgarh,Jashpur,2936,110
Chhattisgarh,Kabeerdham,39,4
Chhattisgarh,Kanker,860,9
Chhattisgarh,Kawardha,189,17
Chhattisgarh,Kondagaon,3,11
Chhattisgarh,Korba,845,348
Chhattisgarh,Koriya,314,59
Chhattisgarh,Mahasamund,330,7
Chhattisgarh,Mungeli,205,46
Chhattisgarh,Narayanpur,4,9
Chhattisgarh,Raigarh,283,14
Chhattisgarh,Raipur,918,41
Chhattisgarh,Rajnandgaon,924,49
Chhattisgarh,Sukma,384,5
Chhattisgarh,Surajpur,3458,723
Chhattisgarh,Surguja,294,22
Chhattisgarh,Uttar Bastar Kanker,686,12
Dadra and Nagar Haveli,Dadra and Nagar Haveli,63,2
Daman and Diu,Daman,20,0
Daman and Diu,Diu,32,0
Delhi,Central Delhi,217,18
Delhi,East Delhi,678,31
Delhi,New Delhi,23,0
Delhi,North Delhi,461,12
Delhi,North East Delhi,1662,59
Delhi,North West Delhi,1454,74
Delhi,South Delhi,1045,37
Delhi,South West Delhi,862,25
Delhi,West Delhi,1425,60
Goa,North Goa,207,5
Goa,South Goa,117,4
Gujarat,Ahmedabad,5027,91
Gujarat,Amreli,170,15
Gujarat,Anand,1113,37
Gujarat,Banaskantha,1544,42
Gujarat,Bharuch,475,32
Gujarat,Bhavnagar,552,13
Gujarat,Dahod,989,68
Gujarat,Gandhinagar,2104,9
Gujarat,Jamnagar,603,26
Gujarat,Junagadh,339,24
Gujarat,Kachchh,345,11
Gujarat,Kheda,1265,94
Gujarat,Mahesana,1368,20
Gujarat,Narmada,274,17
Gujarat,Navsari,27,2
Gujarat,Panchmahals,662,22
Gujarat,Patan,2040,24
Gujarat,Porbandar,185,20
Gujarat,Rajkot,1603,57
Gujarat,Sabarkantha,2819,32
Gujarat,Surat,944,37
Gujarat,Surendra Nagar,733,17
Gujarat,Tapi,393,11
Gujarat,The Dangs,23,0
Gujarat,Vadodara,1828,78
Gujarat,Valsad,144,15
Haryana,Ambala,756,63
Haryana,Bhiwani,512,47
Haryana,Faridabad,970,43
Haryana,Fatehabad,530,78
Haryana,Gurgaon,443,31
Haryana,Hisar,586,54
Haryana,Jhajjar,365,18
Haryana,Jind,741,36
Haryana,Kaithal,847,32
Haryana,Karnal,671,35
Haryana,Kurukshetra,158,9
Haryana,Mahendragarh,615,34
Haryana,Mewat,825,58
Haryana,Palwal,2748,130
Haryana,Panchkula,142,13
Haryana,Panipat,466,51
Haryana,Rewari,369,23
Haryana,Rohtak,591,26
Haryana,Sirsa,665,94
Haryana,Sonipat,706,43
Haryana,Yamuna Nagar,802,49
Himachal Pradesh,Bilaspur,96,3
Himachal Pradesh,Chamba,15,1
Himachal Pradesh,Hamirpur,204,1
Himachal Pradesh,Kangra,109,7
Himachal Pradesh,Kinnaur,53,3
Himachal Pradesh,Kullu,72,0
Himachal Pradesh,Mandi,242,1
Himachal Pradesh,Shimla,13,0
Himachal Pradesh,Sirmaur,34,2
Himachal Pradesh,Solan,65,6
Himachal Pradesh,Una,33,0
Jammu and Kashmir,Anantnag,275,7
Jammu and Kashmir,Badgam,1070,131
Jammu and Kashmir,Bandipore,4,2
Jammu and Kashmir,Baramula,226,3
Jammu and Kashmir,Doda,891,2
Jammu and Kashmir,Ganderbal,2,1
Jammu and Kashmir,Jammu,4298,162
Jammu and Kashmir,Kargil,26,2
Jammu and Kashmir,Kathua,679,214
Jammu and Kashmir,Kishtwar,39,0
Jammu and Kashmir,Kulgam,24,1
Jammu and Kashmir,Kupwara,47,2
Jammu and Kashmir,Leh,56,2
Jammu and Kashmir,Pulwama,485,1
Jammu and Kashmir,Punch,32,0
Jammu and Kashmir,Rajouri,29,7
Jammu and Kashmir,Ramban,420,11
Jammu and Kashmir,Reasi,193,7
Jammu and Kashmir,Samba,263,6
Jammu and Kashmir,Shupiyan,222,0
Jammu and Kashmir,Srinagar,1186,84
Jammu and Kashmir,Udhampur,49,1
Jharkhand,Bokaro,138,14
Jharkhand,Chatra,163,16
Jharkhand,Deoghar,45,17
Jharkhand,Dhanbad,588,17
Jharkhand,Dumka,467,28
Jharkhand,East Singhbhum,231,24
Jharkhand,Garhwa,1404,8
Jharkhand,Giridih,1674,48
Jharkhand,Godda,124,25
Jharkhand,Gumla,249,7
Jharkhand,Hazaribagh,163,25
Jharkhand,Jamtara,149,10
Jharkhand,Khunti,33,4
Jharkhand,Koderma,24,14
Jharkhand,Latehar,20,4
Jharkhand,Lohardaga,31,5
Jharkhand,Pakur,59,4
Jharkhand,Palamu,1634,40
Jharkhand,Ramgarh,18,4
Jharkhand,Ranchi,141,21
Jharkhand,Sahebganj,65,15
Jharkhand,Seraikela-Kharsawan,24,9
Jharkhand,Simdega,39,5
Jharkhand,West Singhbhum,81,17
Karnataka,Bagalkot,177,23
Karnataka,Ballari,969,39
Karnataka,Bangalore Rural,287,15
Karnataka,Belagavi,1160,50
Karnataka,Bengaluru,1532,78
Karnataka,Bidar,350,27
Karnataka,Chamrajanagar,221,19
Karnataka,Chikkaballapur,329,35
Karnataka,Chikkamagaluru,132,9
Karnataka,Chitradurga,1064,35
Karnataka,Dakshina Kannada,795,12
Karnataka,Davangere,403,18
Karnataka,Dharwad,78,20
Karnataka,Gadag,61,7
Karnataka,Hassan,283,18
Karnataka,Haveri,750,24
Karnataka,Kalaburagi,536,24
Karnataka,Kodagu,92,4
Karnataka,Kolar,557,56
Karnataka,Koppal,367,17
Karnataka,Mandya,518,19
Karnataka,Mysuru,127,13
Karnataka,Raichur,1830,51
Karnataka,Ramanagar,261,9
Karnataka,Shivamogga,174,11
Karnataka,Tumakuru,527,28
Karnataka,Udupi,42,7
Karnataka,Uttara Kannada,214,9
Karnataka,Vijayapura,444,35
Karnataka,Yadgir,363,55
Kerala,Alappuzha,273,5
Kerala,Ernakulam,354,7
Kerala,Idukki,98,4
Kerala,Kannur,374,2
Kerala,Kasaragod,87,2
Kerala,Kollam,312,4
Kerala,Kottayam,282,4
Kerala,Kozhikode,224,8
Kerala,Malappuram,536,9
Kerala,Palakkad,392,8
Kerala,Pathanamthitta,116,2
Kerala,Thiruvananthapuram,410,13
Kerala,Thrissur,213,1
Kerala,Wayanad,26,3
Lakshadweep,Lakshadweep,1,1
Madhya Pradesh,Alirajpur,170,10
Madhya Pradesh,Anuppur,565,19
Madhya Pradesh,Ashok Nagar,1101,71
Madhya Pradesh,Balaghat,586,60
Madhya Pradesh,Barwani,944,66
Madhya Pradesh,Betul,125,34
Madhya Pradesh,Bhind,713,41
Madhya Pradesh,Bhopal,1249,151
Madhya Pradesh,Burhanpur,43,8
Madhya Pradesh,Chhatarpur,1216,59
Madhya Pradesh,Chhindwara,814,26
Madhya Pradesh,Damoh,552,23
Madhya Pradesh,Datia,72,7
Madhya Pradesh,Dewas,769,36
Madhya Pradesh,Dhar,1103,27
Madhya Pradesh,Dindori,545,16
Madhya Pradesh,Guna,376,34
Madhya Pradesh,Gwalior,987,59
Madhya Pradesh,Harda,226,8
Madhya Pradesh,Hoshangabad,189,28
Madhya Pradesh,Indore,398,30
Madhya Pradesh,Jabalpur,605,72
Madhya Pradesh,Jhabua,555,16
Madhya Pradesh,Katni,743,41
Madhya Pradesh,Khandwa,960,20
Madhya Pradesh,Khargone,796,30
Madhya Pradesh,Mandla,181,41
Madhya Pradesh,Mandsaur,761,25
Madhya Pradesh,Morena,1508,59
Madhya Pradesh,Narsinghpur,320,25
Madhya Pradesh,Neemuch,411,16
Madhya Pradesh,Panna,175,13
Madhya Pradesh,Raisen,525,30
Madhya Pradesh,Rajgarh,1800,86
Madhya Pradesh,Ratlam,230,24
Madhya Pradesh,Rewa,1149,55
Madhya Pradesh,Sagar,1536,45
Madhya Pradesh,Satna,1200,46
Madhya Pradesh,Sehore,271,15
Madhya Pradesh,Seoni,280,26
Madhya Pradesh,Shahdol,640,28
Madhya Pradesh,Shajapur,268,31
Madhya Pradesh,Sheopur,1146,21
Madhya Pradesh,Shivpuri,2566,66
Madhya Pradesh,Sidhi,1709,33
Madhya Pradesh,Singrauli,1452,53
Madhya Pradesh,Tikamgarh,1556,39
Madhya Pradesh,Ujjain,355,48
Madhya Pradesh,Umaria,416,14
Madhya Pradesh,Vidisha,445,100
Maharashtra,Ahmadnagar,1144,84
Maharashtra,Akola,236,40
Maharashtra,Amravati,273,44
Maharashtra,Aurangabad,3059,193
Maharashtra,Beed,1177,113
Maharashtra,Bhandara,208,28
Maharashtra,Buldhana,638,86
Maharashtra,Chandrapur,721,47
Maharashtra,Dhule,208,33
Maharashtra,Gadchiroli,322,23
Maharashtra,Gondiya,342,65
Maharashtra,Hingoli,164,33
Maharashtra,Jalgaon,750,60
Maharashtra,Jalna,1330,104
Maharashtra,Kolhapur,1355,206
Maharashtra,Latur,424,67
Maharashtra,Mumbai,1829,58
Maharashtra,Nagpur,1693,56
Maharashtra,Nanded,797,79
Maharashtra,Nandurbar,173,11
Maharashtra,Nashik,1439,93
Maharashtra,Osmanabad,826,107
Maharashtra,Palghar,182,34
Maharashtra,Parbhani,1204,113
Maharashtra,Pune,1518,237
Maharashtra,Raigarh,172,27
Maharashtra,Ratnagiri,486,47
Maharashtra,Sangli,338,41
Maharashtra,Satara,795,37
Maharashtra,Sindhudurg,167,10
Maharashtra,Solapur,1128,123
Maharashtra,Thane,1169,65
Maharashtra,Wardha,301,27
Maharashtra,Washim,662,50
Maharashtra,Yavatmal,419,53
Manipur,Bishnupur,16,0
Manipur,Chandel,139,4
Manipur,Churachandpur,26,9
Manipur,Imphal East,263,3
Manipur,Imphal West,299,3
Manipur,Senapati,43,0
Manipur,Tamenglong,69,0
Manipur,Thoubal,49,1
Manipur,Ukhrul,10,0
Meghalaya,East Khasi Hills,8,2
Meghalaya,Ri Bhoi,2,0
Meghalaya,West Garo Hills,2,4
Mizoram,Aizawl,22,0
Mizoram,Champhai,3,0
Mizoram,Kolasib,2,0
Mizoram,Lawngtlai,5,0
Mizoram,Lunglei,12,0
Mizoram,Saiha,1,0
Mizoram,Serchhip,1,0
Nagaland,Dimapur,6,0
Nagaland,Kiphire,32,1
Nagaland,Kohima,23,0
Nagaland,Longleng,89,0
Nagaland,Mokokchung,1,0
Nagaland,Mon,0,1
Nagaland,Peren,39,0
Nagaland,Phek,2,0
Nagaland,Tuensang,7,2
Nagaland,Zunheboto,1,0
Odisha,Angul,8,2
Odisha,Balangir,630,20
Odisha,Baleswar,811,24
Odisha,Bargarh,89,38
Odisha,Bhadrak,1655,31
Odisha,Boudh,32,21
Odisha,Cuttack,2454,76
Odisha,Debagarh,38,54
Odisha,Dhenkanal,91,18
Odisha,Gajapati,1936,6
Odisha,Ganjam,4068,213
Odisha,Jagatsinghapur,14,2
Odisha,Jajapur,136,12
Odisha,Jharsuguda,91,8
Odisha,Kalahandi,1366,63
Odisha,Kandhamal,21,0
Odisha,Kendrapara,1101,47
Odisha,Kendujhar,159,3
Odisha,Khorda,1873,39
Odisha,Koraput,7,11
Odisha,Malkangiri,1921,43
Odisha,Mayurbhanj,1678,20
Odisha,Nabarangapur,40,16
Odisha,Nayagarh,24,5
Odisha,Nuapada,32,31
Odisha,Puri,1033,62
Odisha,Rayagada,185,5
Odisha,Sambalpur,64,55
Odisha,Sonapur,25,0
Odisha,Sundergarh,109,184
Puducherry,Karaikal,147,0
Puducherry,Puducherry,120,2
Punjab,Amritsar,575,60
Punjab,Barnala,72,11
Punjab,Bathinda,352,17
Punjab,Faridkot,30,2
Punjab,Fatehgarh Sahib,191,5
Punjab,Fazilka,202,9
Punjab,Ferozepur,95,9
Punjab,Gurdaspur,492,18
Punjab,Hoshiarpur,290,16
Punjab,Jalandhar,337,21
Punjab,Kapurthala,58,4
Punjab,Ludhiana,906,62
Punjab,Mansa,279,11
Punjab,Moga,145,9
Punjab,Pathankot,210,7
Punjab,Patiala,623,38
Punjab,Rupnagar,58,3
Punjab,SAS Nagar (Mohali),112,20
Punjab,Sangrur,615,22
Punjab,Shaheed Bhagat Singh Nagar,102,8
Punjab,Sri Muktsar Sahib,99,16
Punjab,Tarn Taran,410,27
Rajasthan,Ajmer,610,74
Rajasthan,Alwar,888,83
Rajasthan,Banswara,1121,51
Rajasthan,Baran,821,34
Rajasthan,Barmer,204,46
Rajasthan,Bharatpur,689,38
Rajasthan,Bhilwara,727,80
Rajasthan,Bikaner,607,50
Rajasthan,Bundi,1057,52
Rajasthan,Chittorgarh,1509,41
Rajasthan,Churu,385,23
Rajasthan,Dausa,314,37
Rajasthan,Dholpur,1196,92
Rajasthan,Dungarpur,630,56
Rajasthan,Ganganagar,1433,51
Rajasthan,Hanumangarh,820,42
Rajasthan,Jaipur,2641,108
Rajasthan,Jaisalmer,290,32
Rajasthan,Jalor,448,60
Rajasthan,Jhalawar,1380,62
Rajasthan,Jhunjhunun,450,40
Rajasthan,Jodhpur,1531,90
Rajasthan,Karauli,917,65
Rajasthan,Kota,850,39
Rajasthan,Nagaur,787,69
Rajasthan,Pali,1199,155
Rajasthan,Pratapgarh,601,47
Rajasthan,Rajsamand,255,36
Rajasthan,Sawai Madhopur,579,33
Rajasthan,Sikar,689,43
Rajasthan,Sirohi,390,35
Rajasthan,Tonk,720,44
Rajasthan,Udaipur,732,176
Sikkim,East Sikkim,26,2
Sikkim,South Sikkim,5,0
Sikkim,West Sikkim,1,1
Tamil Nadu,Ariyalur,3,9
Tamil Nadu,Chennai,1066,109
Tamil Nadu,Coimbatore,124,46
Tamil Nadu,Cuddalore,134,63
Tamil Nadu,Dharmapuri,64,61
Tamil Nadu,Dindigul,1308,62
Tamil Nadu,Erode,470,92
Tamil Nadu,Kancheepuram,1660,17
Tamil Nadu,Kanniyakumari,243,7
Tamil Nadu,Karur,158,46
Tamil Nadu,Krishnagiri,68,87
Tamil Nadu,Madurai,982,58
Tamil Nadu,Nagapattinam,78,57
Tamil Nadu,Namakkal,2905,58
Tamil Nadu,Perambalur,37,7
Tamil Nadu,Pudukkottai,54,66
Tamil Nadu,Ramanathapuram,261,23
Tamil Nadu,Salem,33,57
Tamil Nadu,Sivaganga,502,44
Tamil Nadu,Thanjavur,38,75
Tamil Nadu,The Nilgiris,13,143
Tamil Nadu,Theni,141,3
Tamil Nadu,Thiruvarur,39,22
Tamil Nadu,Thoothukkudi,1202,16
Tamil Nadu,Tiruchirappalli,28,56
Tamil Nadu,Tirunelveli,220,71
Tamil Nadu,Tiruppur,13,25
Tamil Nadu,Tiruvallur,1560,73
Tamil Nadu,Tiruvannamalai,181,95
Tamil Nadu,Vellore,176,46
Tamil Nadu,Villupuram,306,144
Tamil Nadu,Virudhunagar,24,40
Telangana,Adilabad,164,11
Telangana,Hyderabad,737,37
Telangana,K.v. Rangareddy,422,40
Telangana,Karimnagar,312,22
Telangana,Khammam,136,10
Telangana,Mahabubnagar,246,32
Telangana,Medak,295,34
Telangana,Nalgonda,338,15
Telangana,Nizamabad,238,24
Telangana,Warangal,124,12
Tripura,Dhalai,20,6
Tripura,Gomati,50,11
Tripura,Khowai,33,2
Tripura,North Tripura,85,9
Tripura,Sepahijala,128,12
Tripura,South Tripura,111,14
Tripura,Unakoti,28,4
Tripura,West Tripura,110,9
Uttar Pradesh,Agra,2083,75
Uttar Pradesh,Aligarh,2314,215
Uttar Pradesh,Allahabad,2303,76
Uttar Pradesh,Ambedkar Nagar,758,29
Uttar Pradesh,Amethi,1316,116
Uttar Pradesh,Amroha,555,38
Uttar Pradesh,Auraiya,166,35
Uttar Pradesh,Azamgarh,3550,133
Uttar Pradesh,Baghpat,198,15
Uttar Pradesh,Bahraich,1501,69
Uttar Pradesh,Ballia,1659,84
Uttar Pradesh,Balrampur,4767,294
Uttar Pradesh,Banda,2082,64
Uttar Pradesh,Bara Banki,1321,70
Uttar Pradesh,Bareilly,1070,91
Uttar Pradesh,Basti,1042,82
Uttar Pradesh,Bijnor,1712,246
Uttar Pradesh,Budaun,1467,220
Uttar Pradesh,Bulandshahr,2085,110
Uttar Pradesh,Chandauli,556,69
Uttar Pradesh,Chitrakoot,331,65
Uttar Pradesh,Deoria,1801,104
Uttar Pradesh,Etah,717,27
Uttar Pradesh,Etawah,480,58
Uttar Pradesh,Faizabad,1308,86
Uttar Pradesh,Farrukhabad,2130,42
Uttar Pradesh,Fatehpur,2800,415
Uttar Pradesh,Firozabad,1832,59
Uttar Pradesh,Gautam Buddha Nagar,1750,43
Uttar Pradesh,Ghaziabad,994,54
Uttar Pradesh,Ghazipur,1953,40
Uttar Pradesh,Gonda,2073,91
Uttar Pradesh,Gorakhpur,2760,136
Uttar Pradesh,Hamirpur,4289,96
Uttar Pradesh,Hapur,640,33
Uttar Pradesh,Hardoi,2696,92
Uttar Pradesh,Hathras,568,54
Uttar Pradesh,Jalaun,2720,79
Uttar Pradesh,Jaunpur,1941,66
Uttar Pradesh,Jhansi,979,43
Uttar Pradesh,Kannauj,881,52
Uttar Pradesh,Kanpur Dehat,347,119
Uttar Pradesh,Kanpur Nagar,1378,183
Uttar Pradesh,Kasganj,433,27
Uttar Pradesh,Kaushambi,1344,27
Uttar Pradesh,Kheri,4278,68
Uttar Pradesh,Kushinagar,1052,53
Uttar Pradesh,Lalitpur,2545,62
Uttar Pradesh,Lucknow,1695,109
Uttar Pradesh,Maharajganj,1115,63
Uttar Pradesh,Mahoba,2958,39
Uttar Pradesh,Mainpuri,1836,55
Uttar Pradesh,Mathura,1154,91
Uttar Pradesh,Mau,859,37
Uttar Pradesh,Meerut,1181,64
Uttar Pradesh,Mirzapur,1037,30
Uttar Pradesh,Moradabad,1238,116
Uttar Pradesh,Muzaffarnagar,1433,76
Uttar Pradesh,Pilibhit,1290,62
Uttar Pradesh,Pratapgarh,1830,125
Uttar Pradesh,Rae Bareli,947,61
Uttar Pradesh,Rampur,312,27
Uttar Pradesh,Saharanpur,1316,122
Uttar Pradesh,Sambhal,1744,207
Uttar Pradesh,Sant Kabir Nagar,464,67
Uttar Pradesh,Sant Ravidas Nagar,403,28
Uttar Pradesh,Shahjahanpur,3715,67
Uttar Pradesh,Shamli,622,42
Uttar Pradesh,Shrawasti,1021,122
Uttar Pradesh,Siddharthnagar,1705,479
Uttar Pradesh,Sitapur,3716,161
Uttar Pradesh,Sonbhadra,3389,83
Uttar Pradesh,Sultanpur,659,71
Uttar Pradesh,Unnao,721,105
Uttar Pradesh,Varanasi,1092,67
Uttarakhand,Almora,879,20
Uttarakhand,Bageshwar,94,7
Uttarakhand,Chamoli,299,4
Uttarakhand,Champawat,25,4
Uttarakhand,Dehradun,491,28
Uttarakhand,Haridwar,705,58
Uttarakhand,Nainital,2234,163
Uttarakhand,Pauri Garhwal,380,24
Uttarakhand,Pithoragarh,420,6
Uttarakhand,Rudraprayag,1605,31
Uttarakhand,Tehri Garhwal,1112,43
Uttarakhand,Udham Singh Nagar,298,96
Uttarakhand,Uttarkashi,233,7
West Bengal,Bankura,7589,14
West Bengal,Barddhaman,14188,154
West Bengal,Birbhum,6057,56
West Bengal,Cooch Behar,3322,54
West Bengal,Dakshin Dinajpur,678,15
West Bengal,Darjeeling,130,23
West Bengal,Hooghly,2154,19
West Bengal,Howrah,72,30
West Bengal,Jalpaiguri,1191,34
West Bengal,Kolkata,156,13
West Bengal,Malda,2631,36
West Bengal,Murshidabad,609,32
West Bengal,Nadia,196,45
West Bengal,North 24 Parganas,4361,258
West Bengal,Paschim Medinipur,4440,203
West Bengal,Purba Medinipur,7955,165
West Bengal,Puruliya,4678,252
West Bengal,South 24 Parganas,246,56
West Bengal,Uttar Dinajpur,1574,15
