State,District,Aadhaar generated,Enrolment Rejected
Andaman and Nicobar Islands,Nicobar,119,1
Andaman and Nicobar Islands,North And Middle Andaman,2862,1
Andaman and Nicobar Islands,South Andaman,1389,6
Andhra Pradesh,Ananthapur,168,10
Andhra Pradesh,Chittoor,145,14
Andhra Pradesh,Cuddapah,175,5
Andhra Pradesh,East Godavari,165,17
Andhra Pradesh,Guntur,198,7
Andhra Pradesh,Krishna,148,17
Andhra Pradesh,Kurnool,278,15
Andhra Pradesh,Nellore,144,11
Andhra Pradesh,Prakasam,182,5
Andhra Pradesh,Srikakulam,125,3
Andhra Pradesh,Visakhapatnam,194,11
Andhra Pradesh,Vizianagaram,104,10
Andhra Pradesh,West Godavari,172,1
Arunachal Pradesh,Changlang,2,0
Arunachal Pradesh,East Siang,1,0
Arunachal Pradesh,Lohit,17,0
Arunachal Pradesh,Longding,321,0
Arunachal Pradesh,Lower Dibang Valley,1,0
Arunachal Pradesh,Lower Subansiri,1,0
Arunachal Pradesh,Namsai,237,9
Arunachal Pradesh,Papum Pare,23,0
Arunachal Pradesh,Siang,1,0
Arunachal Pradesh,Tawang,156,0
Arunachal Pradesh,Tirap,1,0
Arunachal Pradesh,Upper Siang,1,0
Arunachal Pradesh,West Kameng,178,0
Arunachal Pradesh,West Siang,66,0
Assam,Baksa,17,0
Assam,Barpeta,81,0
Assam,Bongaigaon,18,0
Assam,Cachar,144,0
Assam,Chirang,18,1
Assam,Darrang,11,0
Assam,Dhemaji,16,0
Assam,Dhubri,17,0
Assam,Dibrugarh,7,0
Assam,Goalpara,4,0
Assam,Golaghat,1507,0
Assam,Hailakandi,10,0
Assam,Jorhat,19,0
Assam,Kamrup,580,0
Assam,Kamrup Metro,31,0
Assam,Karbi Anglong,43,0
Assam,Karimganj,35,0
Assam,Kokrajhar,8,0
Assam,Lakhimpur,13,0
Assam,Marigaon,7,0
Assam,Nagaon,627,2
Assam,Nalbari,14,0
Assam,North Cachar Hills,1,0
Assam,Sibsagar,13,0
Assam,Sonitpur,25,0
Assam,Tinsukia,11,0
Assam,Udalguri,33,0
Bihar,Araria,4348,192
Bihar,Arwal,64,9
Bihar,Aurangabad,2775,37
Bihar,Banka,1655,29
Bihar,Begusarai,2450,53
Bihar,Bhagalpur,4216,27
Bihar,Bhojpur,4338,104
Bihar,Buxar,1165,25
Bihar,Darbhanga,11541,228
Bihar,East Champaran,4371,38
Bihar,Gaya,1585,24
Bihar,Gopalganj,1727,34
Bihar,Jamui,1738,37
Bihar,Jehanabad,723,2
Bihar,Kaimur (Bhabua),3120,26
Bihar,Katihar,2173,37
Bihar,Khagaria,2099,30
Bihar,Kishanganj,3075,8
Bihar,Lakhisarai,893,23
Bihar,Madhepura,7832,77
Bihar,Madhubani,4994,58
Bihar,Munger,194,9
Bihar,Muzaffarpur,2477,22
Bihar,Nalanda,2868,159
Bihar,Nawada,4705,196
Bihar,Patna,3445,42
Bihar,Purnia,6200,71
Bihar,Rohtas,2226,27
Bihar,Saharsa,1177,26
Bihar,Samastipur,7501,53
Bihar,Saran,2084,18
Bihar,Sheikhpura,110,15
Bihar,Sheohar,622,15
Bihar,Sitamarhi,2636,33
Bihar,Siwan,3553,206
Bihar,Supaul,3172,22
Bihar,Vaishali,1959,20
Bihar,West Champaran,5098,98
Chandigarh,Chandigarh,90,1
Chhattisgarh,Balod,1883,20
Chhattisgarh,Baloda Bazar,10386,85
Chhattisgarh,Balrampur,1956,12
Chhattisgarh,Bastar,3086,40
Chhattisgarh,Bemetara,247,3
Chhattisgarh,Bijapur,423,3
Chhattisgarh,Bilaspur,2180,46
Chhattisgarh,Dakshin Bastar Dantewada,208,1
Chhattisgarh,Dantewada,435,6
Chhattisgarh,Dhamtari,1170,18
Chhattisgarh,Durg,1117,8
Chhattisgarh,Gariyaband,204,8
Chhattisgarh,Janjgir-champa,690,18
Chhattisgarh,Jashpur,5086,127
Chhattisgarh,Kabeerdham,306,1
Chhattisgarh,Kanker,315,4
Chhattisgarh,Kawardha,480,6
Chhattisgarh,Kondagaon,174,5
Chhattisgarh,Korba,3310,46
Chhattisgarh,Koriya,398,8
Chhattisgarh,Mahasamund,691,13
Chhattisgarh,Mungeli,580,11
Chhattisgarh,Narayanpur,99,7
Chhattisgarh,Raigarh,697,6
Chhattisgarh,Raipur,2198,13
Chhattisgarh,Rajnandgaon,971,14
Chhattisgarh,Sukma,439,8
Chhattisgarh,Surajpur,6250,437
Chhattisgarh,Surguja,1050,12
Chhattisgarh,Uttar Bastar Kanker,308,15
Dadra and Nagar Haveli,Dadra and Nagar Haveli,184,0
Daman and Diu,Daman,2,0
Daman and Diu,Diu,4,0
Delhi,Central Delhi,95,7
Delhi,East Delhi,425,18
Delhi,New Delhi,15,0
Delhi,North Delhi,246,5
Delhi,North East Delhi,711,26
Delhi,North West Delhi,825,47
Delhi,South Delhi,473,16
Delhi,South West Delhi,409,13
Delhi,West Delhi,618,37
Goa,North Goa,52,3
Goa,South Goa,29,4
Gujarat,Ahmedabad,3258,35
Gujarat,Amreli,377,4
Gujarat,Anand,1568,10
Gujarat,Banaskantha,1895,11
Gujarat,Bharuch,984,2
Gujarat,Bhavnagar,206,6
Gujarat,Dahod,669,21
Gujarat,Gandhinagar,2051,5
Gujarat,Jamnagar,449,20
Gujarat,Junagadh,548,12
Gujarat,Kachchh,1478,1
Gujarat,Kheda,1845,145
Gujarat,Mahesana,555,4
Gujarat,Narmada,228,5
Gujarat,Navsari,27,1
Gujarat,Panchmahals,744,7
Gujarat,Patan,1200,8
Gujarat,Porbandar,161,3
Gujarat,Rajkot,1622,25
Gujarat,Sabarkantha,1131,11
Gujarat,Surat,1160,18
Gujarat,Surendra Nagar,949,8
Gujarat,Tapi,434,3
Gujarat,The Dangs,35,1
Gujarat,Vadodara,3216,9
Gujarat,Valsad,99,4
Haryana,Ambala,705,32
Haryana,Bhiwani,860,12
Haryana,Faridabad,955,23
Haryana,Fatehabad,1544,49
Haryana,Gurgaon,815,10
Haryana,Hisar,1841,50
Haryana,Jhajjar,591,17
Haryana,Jind,402,17
Haryana,Kaithal,1054,18
Haryana,Karnal,692,15
Haryana,Kurukshetra,61,3
Haryana,Mahendragarh,1201,9
Haryana,Mewat,1067,28
Haryana,Palwal,1879,88
Haryana,Panchkula,231,2
Haryana,Panipat,680,25
Haryana,Rewari,708,10
Haryana,Rohtak,933,20
Haryana,Sirsa,1204,56
Haryana,Sonipat,525,16
Haryana,Yamuna Nagar,922,27
Himachal Pradesh,Bilaspur,92,0
Himachal Pradesh,Chamba,99,0
Himachal Pradesh,Hamirpur,58,0
Himachal Pradesh,Kangra,392,1
Himachal Pradesh,Kinnaur,16,2
Himachal Pradesh,Kullu,56,1
Himachal Pradesh,Lahul and Spiti,1,0
Himachal Pradesh,Mandi,58,2
Himachal Pradesh,Shimla,12,2
Himachal Pradesh,Sirmaur,98,0
Himachal Pradesh,Solan,168,2
Himachal Pradesh,Una,149,0
Jammu and Kashmir,Anantnag,468,3
Jammu and Kashmir,Badgam,4474,57
Jammu and Kashmir,Baramula,62,2
Jammu and Kashmir,Doda,180,0
Jammu and Kashmir,Ganderbal,2,0
Jammu and Kashmir,Jammu,1438,7
Jammu and Kashmir,Kargil,9,0
Jammu and Kashmir,Kathua,425,32
Jammu and Kashmir,Kishtwar,158,2
Jammu and Kashmir,Kulgam,8,1
Jammu and Kashmir,Kupwara,61,0
Jammu and Kashmir,Leh,45,1
Jammu and Kashmir,Pulwama,1354,136
Jammu and Kashmir,Punch,4388,4
Jammu and Kashmir,Rajouri,4257,4
Jammu and Kashmir,Ramban,133,0
Jammu and Kashmir,Reasi,189,1
Jammu and Kashmir,Samba,111,5
Jammu and Kashmir,Shupiyan,59,0
Jammu and Kashmir,Srinagar,702,31
Jammu and Kashmir,Udhampur,16,1
Jharkhand,Bokaro,266,10
Jharkhand,Chatra,270,8
Jharkhand,Deoghar,353,12
Jharkhand,Dhanbad,488,26
Jharkhand,Dumka,305,16
Jharkhand,East Singhbhum,584,7
Jharkhand,Garhwa,577,5
Jharkhand,Giridih,613,30
Jharkhand,Godda,226,13
Jharkhand,Gumla,320,9
Jharkhand,Hazaribagh,505,15
Jharkhand,Jamtara,405,4
Jharkhand,Khunti,141,1
Jharkhand,Koderma,126,4
Jharkhand,Latehar,155,7
Jharkhand,Lohardaga,68,4
Jharkhand,Pakur,40,8
Jharkhand,Palamu,914,32
Jharkhand,Ramgarh,33,3
Jharkhand,Ranchi,385,13
Jharkhand,Sahebganj,293,6
Jharkhand,Seraikela-Kharsawan,165,7
Jharkhand,Simdega,95,10
Jharkhand,West Singhbhum,203,6
Karnataka,Bagalkot,79,18
Karnataka,Ballari,369,25
Karnataka,Bangalore Rural,119,2
Karnataka,Belagavi,2852,83
Karnataka,Bengaluru,2163,41
Karnataka,Bidar,203,30
Karnataka,Chamrajanagar,70,8
Karnataka,Chikkaballapur,114,17
Karnataka,Chikkamagaluru,448,3
Karnataka,Chitradurga,455,10
Karnataka,Dakshina Kannada,1717,14
Karnataka,Davangere,405,11
Karnataka,Dharwad,670,13
Karnataka,Gadag,109,3
Karnataka,Hassan,413,11
Karnataka,Haveri,976,11
Karnataka,Kalaburagi,281,28
Karnataka,Kodagu,46,4
Karnataka,Kolar,764,27
Karnataka,Koppal,162,13
Karnataka,Mandya,708,28
Karnataka,Mysuru,128,37
Karnataka,Raichur,2417,15
Karnataka,Ramanagar,308,6
Karnataka,Shivamogga,856,10
Karnataka,Tumakuru,314,24
Karnataka,Udupi,92,1
Karnataka,Uttara Kannada,202,11
Karnataka,Vijayapura,151,17
Karnataka,Yadgir,149,23
Kerala,Alappuzha,303,1
Kerala,Ernakulam,211,0
Kerala,Idukki,57,1
Kerala,Kannur,548,5
Kerala,Kasaragod,136,3
Kerala,Kollam,360,2
Kerala,Kottayam,129,1
Kerala,Kozhikode,377,3
Kerala,Malappuram,739,3
Kerala,Palakkad,415,8
Kerala,Pathanamthitta,55,1
Kerala,Thiruvananthapuram,483,5
Kerala,Thrissur,289,7
Kerala,Wayanad,43,1
Madhya Pradesh,Alirajpur,79,6
Madhya Pradesh,Anuppur,486,14
Madhya Pradesh,Ashok Nagar,2758,20
Madhya Pradesh,Balaghat,1389,35
Madhya Pradesh,Barwani,926,29
Madhya Pradesh,Betul,639,18
Madhya Pradesh,Bhind,1764,18
Madhya Pradesh,Bhopal,1105,62
Madhya Pradesh,Burhanpur,14,8
Madhya Pradesh,Chhatarpur,3219,38
Madhya Pradesh,Chhindwara,1331,16
Madhya Pradesh,Damoh,666,12
Madhya Pradesh,Datia,897,7
Madhya Pradesh,Dewas,1167,26
Madhya Pradesh,Dhar,549,17
Madhya Pradesh,Dindori,760,10
Madhya Pradesh,Guna,1309,23
Madhya Pradesh,Gwalior,2850,29
Madhya Pradesh,Harda,146,2
Madhya Pradesh,Hoshangabad,202,9
Madhya Pradesh,Indore,1680,16
Madhya Pradesh,Jabalpur,1140,33
Madhya Pradesh,Jhabua,516,10
Madhya Pradesh,Katni,1464,27
Madhya Pradesh,Khandwa,245,8
Madhya Pradesh,Khargone,1081,14
Madhya Pradesh,Mandla,1709,25
Madhya Pradesh,Mandsaur,954,11
Madhya Pradesh,Morena,3701,44
Madhya Pradesh,Narsinghpur,560,15
Madhya Pradesh,Neemuch,405,2
Madhya Pradesh,Panna,1648,9
Madhya Pradesh,Raisen,885,12
Madhya Pradesh,Rajgarh,3005,19
Madhya Pradesh,Ratlam,404,14
Madhya Pradesh,Rewa,2299,77
Madhya Pradesh,Sagar,1489,20
Madhya Pradesh,Satna,2224,30
Madhya Pradesh,Sehore,678,6
Madhya Pradesh,Seoni,927,9
Madhya Pradesh,Shahdol,1120,23
Madhya Pradesh,Shajapur,185,9
Madhya Pradesh,Sheopur,2620,18
Madhya Pradesh,Shivpuri,3191,44
Madhya Pradesh,Sidhi,1137,22
Madhya Pradesh,Singrauli,1273,47
Madhya Pradesh,Tikamgarh,2339,22
Madhya Pradesh,Ujjain,599,21
Madhya Pradesh,Umaria,441,7
Madhya Pradesh,Vidisha,671,25
Maharashtra,Ahmadnagar,1569,29
Maharashtra,Akola,1049,14
Maharashtra,Amravati,889,19
Maharashtra,Aurangabad,2968,115
Maharashtra,Beed,2785,30
Maharashtra,Bhandara,264,12
Maharashtra,Buldhana,1250,16
Maharashtra,Chandrapur,890,22
Maharashtra,Dhule,1064,20
Maharashtra,Gadchiroli,199,6
Maharashtra,Gondiya,402,13
Maharashtra,Hingoli,654,7
Maharashtra,Jalgaon,978,12
Maharashtra,Jalna,1298,59
Maharashtra,Kolhapur,2766,60
Maharashtra,Latur,1790,25
Maharashtra,Mumbai,2665,59
Maharashtra,Nagpur,1156,68
Maharashtra,Nanded,1544,38
Maharashtra,Nandurbar,838,10
Maharashtra,Nashik,2027,30
Maharashtra,Osmanabad,1184,34
Maharashtra,Palghar,1124,39
Maharashtra,Parbhani,2245,43
Maharashtra,Pune,6016,107
Maharashtra,Raigarh,1885,8
Maharashtra,Ratnagiri,2143,25
Maharashtra,Sangli,1767,31
Maharashtra,Satara,2085,12
Maharashtra,Sindhudurg,229,3
Maharashtra,Solapur,4301,73
Maharashtra,Thane,2277,33
Maharashtra,Wardha,182,14
Maharashtra,Washim,752,16
Maharashtra,Yavatmal,873,17
Manipur,Bishnupur,32,0
Manipur,Chandel,127,1
Manipur,Churachandpur,11,6
Manipur,Imphal East,222,1
Manipur,Imphal West,253,0
Manipur,Senapati,74,0
Manipur,Tamenglong,53,0
Manipur,Thoubal,173,0
Manipur,Ukhrul,14,0
Meghalaya,East Khasi Hills,10,0
Meghalaya,Ri Bhoi,6,0
Meghalaya,West Garo Hills,5,1
Mizoram,Aizawl,200,5
Mizoram,Champhai,2,0
Mizoram,Lawngtlai,2,0
Mizoram,Lunglei,65,0
Mizoram,Mammit,3,0
Mizoram,Serchhip,35,0
Nagaland,Dimapur,3528,1
Nagaland,Kiphire,58,0
Nagaland,Kohima,30,1
Nagaland,Longleng,226,0
Nagaland,Peren,177,0
Nagaland,Phek,1,1
Nagaland,Tuensang,17,2
Nagaland,Wokha,6,1
Nagaland,Zunheboto,3,0
Odisha,Angul,11,1
Odisha,Balangir,150,16
Odisha,Baleswar,359,17
Odisha,Bargarh,32,14
Odisha,Bhadrak,1455,39
Odisha,Boudh,15,12
Odisha,Cuttack,718,23
Odisha,Debagarh,0,19
Odisha,Dhenkanal,42,9
Odisha,Gajapati,650,9
Odisha,Ganjam,3006,126
Odisha,Jagatsinghapur,15,7
Odisha,Jajapur,252,8
Odisha,Jharsuguda,42,7
Odisha,Kalahandi,336,65
Odisha,Kandhamal,10,0
Odisha,Kendrapara,367,27
Odisha,Kendujhar,81,4
Odisha,Khorda,695,23
Odisha,Koraput,3,82
Odisha,Malkangiri,920,22
Odisha,Mayurbhanj,1916,18
Odisha,Nabarangapur,4,2
Odisha,Nayagarh,8,0
Odisha,Nuapada,9,14
Odisha,Puri,435,24
Odisha,Rayagada,56,1
Odisha,Sambalpur,27,19
Odisha,Sonapur,3,0
Odisha,Sundergarh,157,115
Puducherry,Karaikal,37,2
Puducherry,Puducherry,43,2
Punjab,Amritsar,580,13
Punjab,Barnala,88,4
Punjab,Bathinda,55,4
Punjab,Faridkot,40,4
Punjab,Fatehgarh Sahib,65,1
Punjab,Fazilka,60,5
Punjab,Ferozepur,16,4
Punjab,Gurdaspur,231,8
Punjab,Hoshiarpur,241,7
Punjab,Jalandhar,301,10
Punjab,Kapurthala,126,3
Punjab,Ludhiana,918,25
Punjab,Mansa,140,5
Punjab,Moga,115,7
Punjab,Pathankot,105,5
Punjab,Patiala,317,15
Punjab,Rupnagar,52,4
Punjab,SAS Nagar (Mohali),203,5
Punjab,Sangrur,388,9
Punjab,Shaheed Bhagat Singh Nagar,160,3
Punjab,Sri Muktsar Sahib,57,5
Punjab,Tarn Taran,150,10
Rajasthan,Ajmer,1032,35
Rajasthan,Alwar,1699,55
Rajasthan,Banswara,1221,17
Rajasthan,Baran,758,22
Rajasthan,Barmer,838,15
Rajasthan,Bharatpur,1316,21
Rajasthan,Bhilwara,1308,53
Rajasthan,Bikaner,1305,30
Rajasthan,Bundi,2264,76
Rajasthan,Chittorgarh,440,14
Rajasthan,Churu,868,17
Rajasthan,Dausa,372,23
Rajasthan,Dholpur,2517,50
Rajasthan,Dungarpur,788,28
Rajasthan,Ganganagar,2007,41
Rajasthan,Hanumangarh,2195,25
Rajasthan,Jaipur,3234,55
Rajasthan,Jaisalmer,1252,21
Rajasthan,Jalor,1129,24
Rajasthan,Jhalawar,1947,33
Rajasthan,Jhunjhunun,779,13
Rajasthan,Jodhpur,3752,69
Rajasthan,Karauli,987,20
Rajasthan,Kota,1008,28
Rajasthan,Nagaur,2320,47
Rajasthan,Pali,1654,47
Rajasthan,Pratapgarh,866,26
Rajasthan,Rajsamand,354,23
Rajasthan,Sawai Madhopur,1132,15
Rajasthan,Sikar,1363,20
Rajasthan,Sirohi,1096,19
Rajasthan,Tonk,562,29
Rajasthan,Udaipur,1459,69
Sikkim,East Sikkim,6,0
Sikkim,South Sikkim,0,1
Tamil Nadu,Ariyalur,7,7
Tamil Nadu,Chennai,2137,43
Tamil Nadu,Coimbatore,56,16
Tamil Nadu,Cuddalore,6350,19
Tamil Nadu,Dharmapuri,4522,17
Tamil Nadu,Dindigul,2315,9
Tamil Nadu,Erode,4340,25
Tamil Nadu,Kancheepuram,7268,5
Tamil Nadu,Kanniyakumari,8513,4
Tamil Nadu,Karur,4210,10
Tamil Nadu,Krishnagiri,2573,40
Tamil Nadu,Madurai,4964,28
Tamil Nadu,Nagapattinam,16,27
Tamil Nadu,Namakkal,1460,17
Tamil Nadu,Perambalur,877,4
Tamil Nadu,Pudukkottai,6223,24
Tamil Nadu,Ramanathapuram,3886,6
Tamil Nadu,Salem,1747,18
Tamil Nadu,Sivaganga,272,15
Tamil Nadu,Thanjavur,29,31
Tamil Nadu,The Nilgiris,5,38
Tamil Nadu,Theni,2294,7
Tamil Nadu,Thiruvarur,12,2
Tamil Nadu,Thoothukkudi,1882,11
Tamil Nadu,Tiruchirappalli,3139,9
Tamil Nadu,Tirunelveli,16076,14
Tamil Nadu,Tiruppur,1289,4
Tamil Nadu,Tiruvallur,1224,38
Tamil Nadu,Tiruvannamalai,42,21
Tamil Nadu,Vellore,4193,46
Tamil Nadu,Villupuram,218,37
Tamil Nadu,Virudhunagar,25,8
Telangana,Adilabad,68,6
Telangana,Hyderabad,255,9
Telangana,K.v. Rangareddy,247,11
Telangana,Karimnagar,223,9
Telangana,Khammam,104,0
Telangana,Mahabubnagar,155,10
Telangana,Medak,145,22
Telangana,Nalgonda,117,12
Telangana,Nizamabad,138,4
Telangana,Warangal,96,4
Tripura,Dhalai,109,7
Tripura,Gomati,198,0
Tripura,Khowai,35,4
Tripura,North Tripura,222,9
Tripura,Sepahijala,278,1
Tripura,South Tripura,713,17
Tripura,Unakoti,353,3
Tripura,West Tripura,283,2
Uttar Pradesh,Agra,1314,53
Uttar Pradesh,Aligarh,1215,208
Uttar Pradesh,Allahabad,3628,47
Uttar Pradesh,Ambedkar Nagar,687,8
Uttar Pradesh,Amethi,1352,37
Uttar Pradesh,Amroha,591,39
Uttar Pradesh,Auraiya,377,19
Uttar Pradesh,Azamgarh,3081,56
Uttar Pradesh,Baghpat,140,8
Uttar Pradesh,Bahraich,1621,35
Uttar Pradesh,Ballia,2073,41
Uttar Pradesh,Balrampur,5042,124
Uttar Pradesh,Banda,5135,46
Uttar Pradesh,Bara Banki,3292,38
Uttar Pradesh,Bareilly,881,34
Uttar Pradesh,Basti,1325,38
Uttar Pradesh,Bijnor,1299,92
Uttar Pradesh,Budaun,1395,55
Uttar Pradesh,Bulandshahr,1149,35
Uttar Pradesh,Chandauli,873,20
Uttar Pradesh,Chitrakoot,628,30
Uttar Pradesh,Deoria,2937,51
Uttar Pradesh,Etah,675,12
Uttar Pradesh,Etawah,573,22
Uttar Pradesh,Faizabad,1031,42
Uttar Pradesh,Farrukhabad,2079,22
Uttar Pradesh,Fatehpur,5087,81
Uttar Pradesh,Firozabad,709,35
Uttar Pradesh,Gautam Buddha Nagar,943,14
Uttar Pradesh,Ghaziabad,910,822
Uttar Pradesh,Ghazipur,2230,29
Uttar Pradesh,Gonda,2889,112
Uttar Pradesh,Gorakhpur,4773,54
Uttar Pradesh,Hamirpur,4289,29
Uttar Pradesh,Hapur,672,3
Uttar Pradesh,Hardoi,4663,122
Uttar Pradesh,Hathras,519,31
Uttar Pradesh,Jalaun,5336,38
Uttar Pradesh,Jaunpur,3093,32
Uttar Pradesh,Jhansi,1080,26
Uttar Pradesh,Kannauj,701,32
Uttar Pradesh,Kanpur Dehat,658,29
Uttar Pradesh,Kanpur Nagar,3468,67
Uttar Pradesh,Kasganj,826,23
Uttar Pradesh,Kaushambi,1053,10
Uttar Pradesh,Kheri,3834,33
Uttar Pradesh,Kushinagar,2643,39
Uttar Pradesh,Lalitpur,2413,36
Uttar Pradesh,Lucknow,1976,49
Uttar Pradesh,Maharajganj,1671,30
Uttar Pradesh,Mahoba,3401,32
Uttar Pradesh,Mainpuri,2852,25
Uttar Pradesh,Mathura,1185,59
Uttar Pradesh,Mau,1065,16
Uttar Pradesh,Meerut,801,26
Uttar Pradesh,Mirzapur,883,10
Uttar Pradesh,Moradabad,1199,45
Uttar Pradesh,Muzaffarnagar,1728,57
Uttar Pradesh,Pilibhit,1007,49
Uttar Pradesh,Pratapgarh,1733,34
Uttar Pradesh,Rae Bareli,1026,22
Uttar Pradesh,Rampur,859,10
Uttar Pradesh,Saharanpur,1409,75
Uttar Pradesh,Sambhal,1675,57
Uttar Pradesh,Sant Kabir Nagar,1323,42
Uttar Pradesh,Sant Ravidas Nagar,1049,4
Uttar Pradesh,Shahjahanpur,2735,29
Uttar Pradesh,Shamli,2013,15
Uttar Pradesh,Shrawasti,1739,35
Uttar Pradesh,Siddharthnagar,3109,74
Uttar Pradesh,Sitapur,3322,61
Uttar Pradesh,Sonbhadra,3956,41
Uttar Pradesh,Sultanpur,1043,21
Uttar Pradesh,Unnao,2895,39
Uttar Pradesh,Varanasi,1866,19
Uttarakhand,Almora,2463,8
Uttarakhand,Bageshwar,386,7
Uttarakhand,Chamoli,1653,21
Uttarakhand,Champawat,87,5
Uttarakhand,Dehradun,952,8
Uttarakhand,Haridwar,616,23
Uttarakhand,Nainital,7942,472
Uttarakhand,Pauri Garhwal,1974,12
Uttarakhand,Pithoragarh,1630,4
Uttarakhand,Rudraprayag,1586,1
Uttarakhand,Tehri Garhwal,2200,20
Uttarakhand,Udham Singh Nagar,907,32
Uttarakhand,Uttarkashi,945,3
West Bengal,Bankura,1081,18
West Bengal,Barddhaman,2634,69
West Bengal,Birbhum,807,35
West Bengal,Cooch Behar,2367,24
West Bengal,Dakshin Dinajpur,3011,31
West Bengal,Darjeeling,141,9
West Bengal,Hooghly,755,7
West Bengal,Howrah,32,13
West Bengal,Jalpaiguri,513,10
West Bengal,Kolkata,69,2
West Bengal,Malda,4825,50
West Bengal,Murshidabad,425,22
West Bengal,Nadia,107,29
West Bengal,North 24 Parganas,2494,83
West Bengal,Paschim Medinipur,725,60
West Bengal,Purba Medinipur,1437,177
West Bengal,Puruliya,1649,36
West Bengal,South 24 Parganas,1656,13
West Bengal,Uttar Dinajpur,4649,24
