State,District,Aadhaar generated,Enrolment Rejected
Andaman and Nicobar Islands,Nicobar,32,0
Andaman and Nicobar Islands,North And Middle Andaman,530,0
Andaman and Nicobar Islands,South Andaman,295,3
Andhra Pradesh,Ananthapur,581,32
Andhra Pradesh,Chittoor,436,30
Andhra Pradesh,Cuddapah,705,10
Andhra Pradesh,East Godavari,474,15
Andhra Pradesh,Guntur,674,23
Andhra Pradesh,Krishna,844,10
Andhra Pradesh,Kurnool,757,17
Andhra Pradesh,Nellore,234,4
Andhra Pradesh,Prakasam,292,4
Andhra Pradesh,Srikakulam,345,7
Andhra Pradesh,Visakhapatnam,598,21
Andhra Pradesh,Vizianagaram,540,6
Andhra Pradesh,West Godavari,599,11
Arunachal Pradesh,Anjaw,0,1
Arunachal Pradesh,Changlang,1,0
Arunachal Pradesh,East Siang,4,0
Arunachal Pradesh,Lohit,23,0
Arunachal Pradesh,Longding,18,0
Arunachal Pradesh,Lower Subansiri,4,0
Arunachal Pradesh,Namsai,2,0
Arunachal Pradesh,Papum Pare,42,0
Arunachal Pradesh,Tawang,6,0
Arunachal Pradesh,West Kameng,57,0
Arunachal Pradesh,West Siang,31,0
Assam,Baksa,17,0
Assam,Barpeta,94,1
Assam,Bongaigaon,21,0
Assam,Cachar,182,0
Assam,Chirang,14,0
Assam,Darrang,6,0
Assam,Dhemaji,13,0
Assam,Dhubri,8,0
Assam,Dibrugarh,17,0
Assam,Goalpara,6,0
Assam,Golaghat,853,0
Assam,Hailakandi,17,0
Assam,Jorhat,27,0
Assam,Kamrup,68,0
Assam,Kamrup Metro,12,0
Assam,Karbi Anglong,18,0
Assam,Karimganj,28,0
Assam,Kokrajhar,7,0
Assam,Lakhimpur,28,1
Assam,Marigaon,12,0
Assam,Nagaon,1899,1
Assam,Nalbari,9,0
Assam,Sibsagar,15,1
Assam,Sonitpur,29,0
Assam,Tinsukia,16,0
Assam,Udalguri,29,0
Bihar,Araria,7795,79
Bihar,Arwal,929,3
Bihar,Aurangabad,2002,16
Bihar,Banka,1724,11
Bihar,Begusarai,2972,51
Bihar,Bhagalpur,3023,20
Bihar,Bhojpur,8276,49
Bihar,Buxar,3399,13
Bihar,Darbhanga,14393,240
Bihar,East Champaran,3793,28
Bihar,Gaya,3666,103
Bihar,Gopalganj,1577,39
Bihar,Jamui,4555,52
Bihar,Jehanabad,863,4
Bihar,Kaimur (Bhabua),3098,15
Bihar,Katihar,2584,52
Bihar,Khagaria,1940,27
Bihar,Kishanganj,4621,8
Bihar,Lakhisarai,780,11
Bihar,Madhepura,5424,75
Bihar,Madhubani,5442,62
Bihar,Munger,772,6
Bihar,Muzaffarpur,1424,31
Bihar,Nalanda,6600,78
Bihar,Nawada,9647,361
Bihar,Patna,3568,48
Bihar,Purnia,5545,115
Bihar,Rohtas,1673,30
Bihar,Saharsa,1181,23
Bihar,Samastipur,10766,120
Bihar,Saran,3889,13
Bihar,Sheikhpura,321,3
Bihar,Sheohar,896,6
Bihar,Sitamarhi,1485,14
Bihar,Siwan,4018,209
Bihar,Supaul,1318,23
Bihar,Vaishali,1380,31
Bihar,West Champaran,7657,306
Chandigarh,Chandigarh,145,2
Chhattisgarh,Balod,2813,30
Chhattisgarh,Baloda Bazar,1385,13
Chhattisgarh,Balrampur,7575,724
Chhattisgarh,Bastar,4181,20
Chhattisgarh,Bemetara,304,1
Chhattisgarh,Bijapur,1014,0
Chhattisgarh,Bilaspur,1008,39
Chhattisgarh,Dakshin Bastar Dantewada,335,2
Chhattisgarh,Dantewada,85,2
Chhattisgarh,Dhamtari,167,9
Chhattisgarh,Durg,536,7
Chhattisgarh,Gariyaband,13,1
Chhattisgarh,Janjgir-champa,780,16
Chhattisgarh,Jashpur,4152,99
Chhattisgarh,Kabeerdham,8,2
Chhattisgarh,Kanker,220,2
Chhattisgarh,Kawardha,36,3
Chhattisgarh,Kondagaon,56,0
Chhattisgarh,Korba,2720,58
Chhattisgarh,Koriya,328,10
Chhattisgarh,Mahasamund,213,6
Chhattisgarh,Mungeli,180,11
Chhattisgarh,Narayanpur,472,3
Chhattisgarh,Raigarh,616,4
Chhattisgarh,Raipur,883,10
Chhattisgarh,Rajnandgaon,677,9
Chhattisgarh,Sukma,650,5
Chhattisgarh,Surajpur,1701,108
Chhattisgarh,Surguja,1016,29
Chhattisgarh,Uttar Bastar Kanker,350,1
Dadra and Nagar Haveli,Dadra and Nagar Haveli,836,0
Daman and Diu,Daman,10,0
Delhi,Central Delhi,262,4
Delhi,East Delhi,640,21
Delhi,New Delhi,34,1
Delhi,North Delhi,254,6
Delhi,North East Delhi,1109,56
Delhi,North West Delhi,1466,72
Delhi,South Delhi,895,20
Delhi,South West Delhi,734,17
Delhi,West Delhi,1034,37
Goa,North Goa,147,2
Goa,South Goa,29,2
Gujarat,Ahmedabad,2703,16
Gujarat,Amreli,434,0
Gujarat,Anand,1281,4
Gujarat,Arvalli,168,4
Gujarat,Banaskantha,1749,6
Gujarat,Bharuch,368,5
Gujarat,Bhavnagar,945,13
Gujarat,Dahod,590,13
Gujarat,Devbhumi Dwarka,279,1
Gujarat,Gandhinagar,953,1
Gujarat,Gir Somnath,4,0
Gujarat,Jamnagar,51,1
Gujarat,Junagadh,406,9
Gujarat,Kachchh,2073,4
Gujarat,Kheda,2776,33
Gujarat,Mahesana,772,7
Gujarat,Narmada,49,3
Gujarat,Navsari,6,0
Gujarat,Panchmahals,1197,11
Gujarat,Patan,1576,8
Gujarat,Porbandar,134,0
Gujarat,Rajkot,1289,7
Gujarat,Sabarkantha,827,6
Gujarat,Surat,1338,11
Gujarat,Surendra Nagar,4021,10
Gujarat,Tapi,366,1
Gujarat,The Dangs,14,1
Gujarat,Vadodara,4694,12
Gujarat,Valsad,450,0
Haryana,Ambala,687,74
Haryana,Bhiwani,357,15
Haryana,Faridabad,742,21
Haryana,Fatehabad,123,4
Haryana,Gurgaon,530,7
Haryana,Hisar,799,34
Haryana,Jhajjar,467,13
Haryana,Jind,590,26
Haryana,Kaithal,278,12
Haryana,Karnal,489,11
Haryana,Kurukshetra,474,9
Haryana,Mahendragarh,415,14
Haryana,Mewat,952,23
Haryana,Palwal,1160,100
Haryana,Panchkula,114,2
Haryana,Panipat,571,44
Haryana,Rewari,296,11
Haryana,Rohtak,694,14
Haryana,Sirsa,283,51
Haryana,Sonipat,519,10
Haryana,Yamuna Nagar,873,21
Himachal Pradesh,Bilaspur,6,0
Himachal Pradesh,Chamba,22,0
Himachal Pradesh,Hamirpur,1,1
Himachal Pradesh,Kangra,89,7
Himachal Pradesh,Kinnaur,36,0
Himachal Pradesh,Kullu,93,0
Himachal Pradesh,Lahul and Spiti,1,0
Himachal Pradesh,Mandi,122,11
Himachal Pradesh,Shimla,12,0
Himachal Pradesh,Sirmaur,37,1
Himachal Pradesh,Solan,56,1
Himachal Pradesh,Una,12,0
Jammu and Kashmir,Anantnag,224,0
Jammu and Kashmir,Badgam,2335,15
Jammu and Kashmir,Bandipore,466,0
Jammu and Kashmir,Baramula,202,0
Jammu and Kashmir,Doda,735,1
Jammu and Kashmir,Ganderbal,695,0
Jammu and Kashmir,Jammu,5512,13
Jammu and Kashmir,Kargil,17,0
Jammu and Kashmir,Kathua,377,8
Jammu and Kashmir,Kishtwar,119,0
Jammu and Kashmir,Kulgam,3,0
Jammu and Kashmir,Kupwara,35,0
Jammu and Kashmir,Leh,19,0
Jammu and Kashmir,Pulwama,50,6
Jammu and Kashmir,Punch,2601,0
Jammu and Kashmir,Rajouri,871,2
Jammu and Kashmir,Ramban,18,0
Jammu and Kashmir,Reasi,140,2
Jammu and Kashmir,Samba,544,9
Jammu and Kashmir,Shupiyan,151,1
Jammu and Kashmir,Srinagar,1422,193
Jammu and Kashmir,Udhampur,130,0
Jharkhand,Bokaro,355,5
Jharkhand,Chatra,161,1
Jharkhand,Deoghar,542,3
Jharkhand,Dhanbad,538,23
Jharkhand,Dumka,405,5
Jharkhand,East Singhbhum,180,7
Jharkhand,Garhwa,213,5
Jharkhand,Giridih,443,40
Jharkhand,Godda,345,12
Jharkhand,Gumla,124,3
Jharkhand,Hazaribagh,360,9
Jharkhand,Jamtara,220,2
Jharkhand,Khunti,26,1
Jharkhand,Koderma,39,0
Jharkhand,Latehar,101,1
Jharkhand,Lohardaga,18,1
Jharkhand,Pakur,25,1
Jharkhand,Palamu,123,12
Jharkhand,Ramgarh,121,4
Jharkhand,Ranchi,453,16
Jharkhand,Sahebganj,176,5
Jharkhand,Seraikela-Kharsawan,101,1
Jharkhand,Simdega,15,6
Jharkhand,West Singhbhum,190,138
Karnataka,Bagalkot,154,6
Karnataka,Ballari,403,11
Karnataka,Bangalore Rural,430,2
Karnataka,Belagavi,1080,23
Karnataka,Bengaluru,1322,28
Karnataka,Bidar,380,16
Karnataka,Chamrajanagar,117,3
Karnataka,Chikkaballapur,862,14
Karnataka,Chikkamagaluru,373,0
Karnataka,Chitradurga,608,23
Karnataka,Dakshina Kannada,945,4
Karnataka,Davangere,216,4
Karnataka,Dharwad,376,5
Karnataka,Gadag,136,0
Karnataka,Hassan,231,5
Karnataka,Haveri,279,2
Karnataka,Kalaburagi,488,29
Karnataka,Kodagu,110,1
Karnataka,Kolar,494,14
Karnataka,Koppal,367,5
Karnataka,Mandya,556,5
Karnataka,Mysuru,249,6
Karnataka,Raichur,2338,16
Karnataka,Ramanagar,164,3
Karnataka,Shivamogga,675,2
Karnataka,Tumakuru,1015,38
Karnataka,Udupi,107,0
Karnataka,Uttara Kannada,221,4
Karnataka,Vijayapura,377,5
Karnataka,Yadgir,363,13
Kerala,Alappuzha,597,1
Kerala,Ernakulam,367,2
Kerala,Idukki,144,0
Kerala,Kannur,508,6
Kerala,Kasaragod,313,1
Kerala,Kollam,481,5
Kerala,Kottayam,294,0
Kerala,Kozhikode,861,1
Kerala,Malappuram,636,3
Kerala,Palakkad,352,3
Kerala,Pathanamthitta,315,3
Kerala,Thiruvananthapuram,581,3
Kerala,Thrissur,616,3
Kerala,Wayanad,40,0
Lakshadweep,Lakshadweep,1,0
Madhya Pradesh,Alirajpur,364,4
Madhya Pradesh,Anuppur,292,7
Madhya Pradesh,Ashok Nagar,2122,11
Madhya Pradesh,Balaghat,1062,32
Madhya Pradesh,Barwani,1191,38
Madhya Pradesh,Betul,329,7
Madhya Pradesh,Bhind,1759,5
Madhya Pradesh,Bhopal,1273,98
Madhya Pradesh,Burhanpur,605,6
Madhya Pradesh,Chhatarpur,3371,33
Madhya Pradesh,Chhindwara,1201,8
Madhya Pradesh,Damoh,697,13
Madhya Pradesh,Datia,1446,9
Madhya Pradesh,Dewas,819,18
Madhya Pradesh,Dhar,2266,15
Madhya Pradesh,Dindori,286,8
Madhya Pradesh,Guna,869,23
Madhya Pradesh,Gwalior,1213,11
Madhya Pradesh,Harda,136,3
Madhya Pradesh,Hoshangabad,230,7
Madhya Pradesh,Indore,2211,50
Madhya Pradesh,Jabalpur,830,26
Madhya Pradesh,Jhabua,1067,6
Madhya Pradesh,Katni,585,12
Madhya Pradesh,Khandwa,350,14
Madhya Pradesh,Khargone,1211,20
Madhya Pradesh,Mandla,604,19
Madhya Pradesh,Mandsaur,618,6
Madhya Pradesh,Morena,3260,35
Madhya Pradesh,Narsinghpur,315,11
Madhya Pradesh,Neemuch,1202,3
Madhya Pradesh,Panna,573,4
Madhya Pradesh,Raisen,383,9
Madhya Pradesh,Rajgarh,2277,15
Madhya Pradesh,Ratlam,553,6
Madhya Pradesh,Rewa,2597,39
Madhya Pradesh,Sagar,930,26
Madhya Pradesh,Satna,1713,14
Madhya Pradesh,Sehore,728,6
Madhya Pradesh,Seoni,580,3
Madhya Pradesh,Shahdol,879,17
Madhya Pradesh,Shajapur,750,23
Madhya Pradesh,Sheopur,2376,4
Madhya Pradesh,Shivpuri,3732,29
Madhya Pradesh,Sidhi,1933,226
Madhya Pradesh,Singrauli,1760,25
Madhya Pradesh,Tikamgarh,2396,20
Madhya Pradesh,Ujjain,1474,19
Madhya Pradesh,Umaria,359,2
Madhya Pradesh,Vidisha,451,34
Maharashtra,Ahmadnagar,1652,22
Maharashtra,Akola,746,5
Maharashtra,Amravati,739,22
Maharashtra,Aurangabad,3786,84
Maharashtra,Beed,2715,27
Maharashtra,Bhandara,275,4
Maharashtra,Buldhana,1051,15
Maharashtra,Chandrapur,826,5
Maharashtra,Dhule,513,11
Maharashtra,Gadchiroli,470,1
Maharashtra,Gondiya,563,46
Maharashtra,Hingoli,575,7
Maharashtra,Jalgaon,1074,13
Maharashtra,Jalna,1367,16
Maharashtra,Kolhapur,887,59
Maharashtra,Latur,2021,19
Maharashtra,Mumbai,2420,48
Maharashtra,Nagpur,1459,34
Maharashtra,Nanded,1605,22
Maharashtra,Nandurbar,370,6
Maharashtra,Nashik,2359,37
Maharashtra,Osmanabad,1099,12
Maharashtra,Palghar,495,76
Maharashtra,Parbhani,2980,24
Maharashtra,Pune,2909,73
Maharashtra,Raigarh,198,5
Maharashtra,Ratnagiri,955,18
Maharashtra,Sangli,398,9
Maharashtra,Satara,445,22
Maharashtra,Sindhudurg,85,12
Maharashtra,Solapur,2741,40
Maharashtra,Thane,744,29
Maharashtra,Wardha,333,3
Maharashtra,Washim,433,19
Maharashtra,Yavatmal,754,17
Manipur,Bishnupur,2,1
Manipur,Chandel,14,1
Manipur,Churachandpur,7,0
Manipur,Imphal East,131,1
Manipur,Imphal West,261,1
Manipur,Senapati,8,0
Manipur,Tamenglong,12,0
Manipur,Thoubal,37,0
Manipur,Ukhrul,8,0
Meghalaya,East Khasi Hills,12,0
Meghalaya,Jaintia Hills,1,0
Meghalaya,Ri Bhoi,3,0
Meghalaya,West Garo Hills,1,0
Meghalaya,West Khasi Hills,1,0
Mizoram,Aizawl,485,3
Mizoram,Champhai,23,0
Mizoram,Kolasib,914,1
Mizoram,Lawngtlai,1,0
Mizoram,Lunglei,10,0
Mizoram,Mammit,145,0
Mizoram,Serchhip,8,0
Nagaland,Dimapur,518,0
Nagaland,Kiphire,47,0
Nagaland,Kohima,76,0
Nagaland,Longleng,17,0
Nagaland,Mon,1,0
Nagaland,Peren,131,0
Nagaland,Tuensang,11,0
Nagaland,Wokha,1,0
Nagaland,Zunheboto,2,0
Odisha,Angul,4,2
Odisha,Balangir,1698,1
Odisha,Baleswar,136,7
Odisha,Bargarh,23,10
Odisha,Bhadrak,900,16
Odisha,Boudh,357,3
Odisha,Cuttack,666,22
Odisha,Debagarh,4,4
Odisha,Dhenkanal,9,5
Odisha,Gajapati,133,8
Odisha,Ganjam,3732,59
Odisha,Jagatsinghapur,107,1
Odisha,Jajapur,702,0
Odisha,Jharsuguda,289,5
Odisha,Kalahandi,167,17
Odisha,Kandhamal,2,0
Odisha,Kendrapara,275,6
Odisha,Kendujhar,14,2
Odisha,Khorda,105,17
Odisha,Koraput,14120,84
Odisha,Malkangiri,226,2
Odisha,Mayurbhanj,1442,4
Odisha,Nabarangapur,1,3
Odisha,Nayagarh,4,1
Odisha,Nuapada,1178,4
Odisha,Puri,990,10
Odisha,Rayagada,5,0
Odisha,Sambalpur,4,1
Odisha,Sonapur,4,0
Odisha,Sundergarh,230,13
Puducherry,Karaikal,13,2
Puducherry,Puducherry,93,0
Punjab,Amritsar,1128,91
Punjab,Barnala,201,17
Punjab,Bathinda,745,21
Punjab,Faridkot,89,3
Punjab,Fatehgarh Sahib,93,7
Punjab,Fazilka,173,9
Punjab,Ferozepur,225,5
Punjab,Gurdaspur,402,12
Punjab,Hoshiarpur,594,20
Punjab,Jalandhar,368,9
Punjab,Kapurthala,199,0
Punjab,Ludhiana,895,44
Punjab,Mansa,117,7
Punjab,Moga,234,1
Punjab,Pathankot,105,4
Punjab,Patiala,709,23
Punjab,Rupnagar,99,4
Punjab,SAS Nagar (Mohali),404,11
Punjab,Sangrur,350,9
Punjab,Shaheed Bhagat Singh Nagar,175,13
Punjab,Sri Muktsar Sahib,85,5
Punjab,Tarn Taran,743,7
Rajasthan,Ajmer,892,16
Rajasthan,Alwar,795,40
Rajasthan,Banswara,636,15
Rajasthan,Baran,832,9
Rajasthan,Barmer,726,13
Rajasthan,Bharatpur,696,19
Rajasthan,Bhilwara,1333,25
Rajasthan,Bikaner,1749,29
Rajasthan,Bundi,691,49
Rajasthan,Chittorgarh,831,11
Rajasthan,Churu,783,9
Rajasthan,Dausa,375,4
Rajasthan,Dholpur,783,20
Rajasthan,Dungarpur,457,6
Rajasthan,Ganganagar,773,12
Rajasthan,Hanumangarh,933,16
Rajasthan,Jaipur,1857,48
Rajasthan,Jaisalmer,347,12
Rajasthan,Jalor,539,7
Rajasthan,Jhalawar,1621,15
Rajasthan,Jhunjhunun,508,5
Rajasthan,Jodhpur,1288,38
Rajasthan,Karauli,647,5
Rajasthan,Kota,824,9
Rajasthan,Nagaur,1078,23
Rajasthan,Pali,997,9
Rajasthan,Pratapgarh,469,10
Rajasthan,Rajsamand,190,3
Rajasthan,Sawai Madhopur,761,7
Rajasthan,Sikar,411,5
Rajasthan,Sirohi,405,7
Rajasthan,Tonk,659,20
Rajasthan,Udaipur,1577,41
Sikkim,East Sikkim,1,0
Sikkim,South Sikkim,1,0
Sikkim,West Sikkim,1,0
Tamil Nadu,Ariyalur,6,0
Tamil Nadu,Chennai,179,17
Tamil Nadu,Coimbatore,4212,12
Tamil Nadu,Cuddalore,6050,32
Tamil Nadu,Dharmapuri,367,4
Tamil Nadu,Dindigul,2202,11
Tamil Nadu,Erode,14,0
Tamil Nadu,Kancheepuram,269,8
Tamil Nadu,Kanniyakumari,3095,3
Tamil Nadu,Karur,201,2
Tamil Nadu,Krishnagiri,185,3
Tamil Nadu,Madurai,3110,13
Tamil Nadu,Nagapattinam,38,15
Tamil Nadu,Namakkal,502,7
Tamil Nadu,Perambalur,11,2
Tamil Nadu,Pudukkottai,18,4
Tamil Nadu,Ramanathapuram,1067,6
Tamil Nadu,Salem,847,4
Tamil Nadu,Sivaganga,50,10
Tamil Nadu,Thanjavur,8,16
Tamil Nadu,The Nilgiris,1136,12
Tamil Nadu,Theni,536,0
Tamil Nadu,Thiruvarur,10,2
Tamil Nadu,Thoothukkudi,323,5
Tamil Nadu,Tiruchirappalli,54,5
Tamil Nadu,Tirunelveli,3667,15
Tamil Nadu,Tiruppur,533,6
Tamil Nadu,Tiruvallur,232,45
Tamil Nadu,Tiruvannamalai,22,3
Tamil Nadu,Vellore,1852,10
Tamil Nadu,Villupuram,299,35
Tamil Nadu,Virudhunagar,18,8
Telangana,Adilabad,309,8
Telangana,Hyderabad,1462,33
Telangana,K.v. Rangareddy,882,42
Telangana,Karimnagar,335,10
Telangana,Khammam,143,7
Telangana,Mahabubnagar,432,8
Telangana,Medak,423,23
Telangana,Nalgonda,744,9
Telangana,Nizamabad,438,15
Telangana,Warangal,338,5
Tripura,Dhalai,31,0
Tripura,Gomati,3,1
Tripura,Khowai,2,0
Tripura,North Tripura,17,1
Tripura,Sepahijala,42,6
Tripura,South Tripura,43,5
Tripura,Unakoti,5,0
Tripura,West Tripura,15,1
Uttar Pradesh,Agra,1380,18
Uttar Pradesh,Aligarh,2723,129
Uttar Pradesh,Allahabad,3537,36
Uttar Pradesh,Ambedkar Nagar,1148,2
Uttar Pradesh,Amethi,2019,24
Uttar Pradesh,Amroha,367,18
Uttar Pradesh,Auraiya,292,10
Uttar Pradesh,Azamgarh,3609,25
Uttar Pradesh,Baghpat,443,3
Uttar Pradesh,Bahraich,4181,28
Uttar Pradesh,Ballia,2603,16
Uttar Pradesh,Balrampur,4307,60
Uttar Pradesh,Banda,2082,10
Uttar Pradesh,Bara Banki,1846,17
Uttar Pradesh,Bareilly,1614,84
Uttar Pradesh,Basti,1703,7
Uttar Pradesh,Bijnor,1096,45
Uttar Pradesh,Budaun,2917,62
Uttar Pradesh,Bulandshahr,2881,33
Uttar Pradesh,Chandauli,916,16
Uttar Pradesh,Chitrakoot,809,6
Uttar Pradesh,Deoria,2430,14
Uttar Pradesh,Etah,1113,8
Uttar Pradesh,Etawah,963,15
Uttar Pradesh,Faizabad,1520,13
Uttar Pradesh,Farrukhabad,2290,12
Uttar Pradesh,Fatehpur,4385,89
Uttar Pradesh,Firozabad,1123,10
Uttar Pradesh,Gautam Buddha Nagar,1105,2
Uttar Pradesh,Ghaziabad,2002,122
Uttar Pradesh,Ghazipur,3634,12
Uttar Pradesh,Gonda,2054,24
Uttar Pradesh,Gorakhpur,3468,36
Uttar Pradesh,Hamirpur,3861,21
Uttar Pradesh,Hapur,301,10
Uttar Pradesh,Hardoi,2982,33
Uttar Pradesh,Hathras,334,19
Uttar Pradesh,Jalaun,3484,18
Uttar Pradesh,Jaunpur,3086,18
Uttar Pradesh,Jhansi,2900,16
Uttar Pradesh,Kannauj,701,11
Uttar Pradesh,Kanpur Dehat,723,2
Uttar Pradesh,Kanpur Nagar,1771,50
Uttar Pradesh,Kasganj,1044,2
Uttar Pradesh,Kaushambi,998,12
Uttar Pradesh,Kheri,5427,27
Uttar Pradesh,Kushinagar,1742,111
Uttar Pradesh,Lalitpur,2368,21
Uttar Pradesh,Lucknow,1683,34
Uttar Pradesh,Maharajganj,1550,17
Uttar Pradesh,Mahoba,2694,14
Uttar Pradesh,Mainpuri,1965,8
Uttar Pradesh,Mathura,1091,102
Uttar Pradesh,Mau,986,4
Uttar Pradesh,Meerut,567,13
Uttar Pradesh,Mirzapur,674,21
Uttar Pradesh,Moradabad,1120,24
Uttar Pradesh,Muzaffarnagar,1727,36
Uttar Pradesh,Pilibhit,1815,10
Uttar Pradesh,Pratapgarh,2604,42
Uttar Pradesh,Rae Bareli,1053,16
Uttar Pradesh,Rampur,777,8
Uttar Pradesh,Saharanpur,1206,20
Uttar Pradesh,Sambhal,1609,89
Uttar Pradesh,Sant Kabir Nagar,968,8
Uttar Pradesh,Sant Ravidas Nagar,1017,5
Uttar Pradesh,Shahjahanpur,3833,14
Uttar Pradesh,Shamli,591,5
Uttar Pradesh,Shrawasti,1963,16
Uttar Pradesh,Siddharthnagar,2859,174
Uttar Pradesh,Sitapur,4635,103
Uttar Pradesh,Sonbhadra,5148,112
Uttar Pradesh,Sultanpur,2424,10
Uttar Pradesh,Unnao,1464,34
Uttar Pradesh,Varanasi,1985,11
Uttarakhand,Almora,3534,10
Uttarakhand,Bageshwar,272,2
Uttarakhand,Chamoli,398,1
Uttarakhand,Champawat,20,0
Uttarakhand,Dehradun,728,8
Uttarakhand,Haridwar,809,10
Uttarakhand,Nainital,1796,85
Uttarakhand,Pauri Garhwal,1106,5
Uttarakhand,Pithoragarh,84,0
Uttarakhand,Rudraprayag,1149,3
Uttarakhand,Tehri Garhwal,1663,9
Uttarakhand,Udham Singh Nagar,722,4
Uttarakhand,Uttarkashi,1639,1
West Bengal,Bankura,3993,29
West Bengal,Barddhaman,12756,39
West Bengal,Birbhum,751,30
West Bengal,Cooch Behar,2577,9
West Bengal,Dakshin Dinajpur,2730,47
West Bengal,Darjeeling,308,2
West Bengal,Hooghly,1495,8
West Bengal,Howrah,111,1
West Bengal,Jalpaiguri,1233,2
West Bengal,Kolkata,71,0
West Bengal,Malda,4153,52
West Bengal,Murshidabad,152,9
West Bengal,Nadia,270,3
West Bengal,North 24 Parganas,7502,24
West Bengal,Paschim Medinipur,737,97
West Bengal,Purba Medinipur,1011,21
West Bengal,Puruliya,848,15
West Bengal,South 24 Parganas,8401,7
West Bengal,Uttar Dinajpur,3226,7
