State,District,Aadhaar generated,Enrolment Rejected
Andaman and Nicobar Islands,Nicobar,151,1
Andaman and Nicobar Islands,North And Middle Andaman,127,2
Andaman and Nicobar Islands,South Andaman,32,0
Andhra Pradesh,Ananthapur,10,0
Andhra Pradesh,Chittoor,10,2
Andhra Pradesh,Cuddapah,11,2
Andhra Pradesh,East Godavari,22,1
Andhra Pradesh,Guntur,15,1
Andhra Pradesh,Krishna,11,1
Andhra Pradesh,Kurnool,14,1
Andhra Pradesh,Nellore,5,2
Andhra Pradesh,Prakasam,11,0
Andhra Pradesh,Srikakulam,11,1
Andhra Pradesh,Visakhapatnam,12,1
Andhra Pradesh,Vizianagaram,9,0
Andhra Pradesh,West Godavari,7,0
Arunachal Pradesh,Changlang,7,0
Arunachal Pradesh,Lohit,55,9
Arunachal Pradesh,Longding,4,0
Arunachal Pradesh,Namsai,115,302
Arunachal Pradesh,Papum Pare,94,2
Arunachal Pradesh,Tawang,3,0
Arunachal Pradesh,Upper Siang,4,0
Arunachal Pradesh,West Kameng,3,0
Arunachal Pradesh,West Siang,12,1
Assam,Baksa,2,0
Assam,Barpeta,3,0
Assam,Bongaigaon,2,0
Assam,Cachar,5,0
Assam,Chirang,2,0
Assam,Dhemaji,3,0
Assam,Dhubri,1,0
Assam,Dibrugarh,5,1
Assam,Golaghat,22,0
Assam,Jorhat,10,0
Assam,Kamrup,35,1
Assam,Kamrup Metro,7,0
Assam,Karbi Anglong,1,0
Assam,Karimganj,2,0
Assam,Kokrajhar,1,0
Assam,Lakhimpur,2,0
Assam,Nagaon,27,0
Assam,Sibsagar,3,1
Assam,Sonitpur,6,0
Assam,Tinsukia,5,0
Assam,Udalguri,4,0
Bihar,Araria,6128,277
Bihar,Arwal,387,4
Bihar,Aurangabad,118,13
Bihar,Banka,568,15
Bihar,Begusarai,1538,47
Bihar,Bhagalpur,1648,13
Bihar,Bhojpur,1994,344
Bihar,Buxar,222,36
Bihar,Darbhanga,2432,150
Bihar,East Champaran,1290,31
Bihar,Gaya,748,27
Bihar,Gopalganj,577,36
Bihar,Jamui,1610,34
Bihar,Jehanabad,118,4
Bihar,Kaimur (Bhabua),1427,22
Bihar,Katihar,875,48
Bihar,Khagaria,1205,49
Bihar,Kishanganj,507,10
Bihar,Lakhisarai,214,19
Bihar,Madhepura,2131,157
Bihar,Madhubani,1708,56
Bihar,Munger,266,10
Bihar,Muzaffarpur,416,24
Bihar,Nalanda,1978,42
Bihar,Nawada,1013,45
Bihar,Patna,554,28
Bihar,Purnia,1620,54
Bihar,Rohtas,223,97
Bihar,Saharsa,497,17
Bihar,Samastipur,1819,73
Bihar,Saran,385,9
Bihar,Sheikhpura,232,2
Bihar,Sheohar,256,2
Bihar,Sitamarhi,866,14
Bihar,Siwan,1953,496
Bihar,Supaul,1155,47
Bihar,Vaishali,576,14
Bihar,West Champaran,2720,87
Chandigarh,Chandigarh,48,2
Chhattisgarh,Balod,1223,10
Chhattisgarh,Baloda Bazar,366,31
Chhattisgarh,Balrampur,2705,30
Chhattisgarh,Bastar,1619,19
Chhattisgarh,Bemetara,38,1
Chhattisgarh,Bijapur,170,3
Chhattisgarh,Bilaspur,411,25
Chhattisgarh,Dakshin Bastar Dantewada,104,5
Chhattisgarh,Dantewada,47,1
Chhattisgarh,Dhamtari,91,2
Chhattisgarh,Durg,243,6
Chhattisgarh,Gariyaband,10,0
Chhattisgarh,Janjgir-champa,421,16
Chhattisgarh,Jashpur,114,20
Chhattisgarh,Kabeerdham,21,1
Chhattisgarh,Kanker,14,4
Chhattisgarh,Kawardha,111,14
Chhattisgarh,Kondagaon,24,3
Chhattisgarh,Korba,227,5
Chhattisgarh,Koriya,34,5
Chhattisgarh,Mahasamund,70,14
Chhattisgarh,Mungeli,108,31
Chhattisgarh,Narayanpur,5,4
Chhattisgarh,Raigarh,504,9
Chhattisgarh,Raipur,90,5
Chhattisgarh,Rajnandgaon,135,14
Chhattisgarh,Sukma,390,8
Chhattisgarh,Surajpur,1417,31
Chhattisgarh,Surguja,232,5
Chhattisgarh,Uttar Bastar Kanker,15,1
Dadra and Nagar Haveli,Dadra and Nagar Haveli,129,5
Daman and Diu,Daman,6,0
Delhi,Central Delhi,57,5
Delhi,East Delhi,286,9
Delhi,New Delhi,8,0
Delhi,North Delhi,53,6
Delhi,North East Delhi,263,18
Delhi,North West Delhi,287,26
Delhi,South Delhi,330,11
Delhi,South West Delhi,193,4
Delhi,West Delhi,289,9
Goa,North Goa,99,2
Goa,South Goa,10,0
Gujarat,Ahmedabad,2711,57
Gujarat,Amreli,336,7
Gujarat,Anand,714,10
Gujarat,Arvalli,414,5
Gujarat,Banaskantha,1707,10
Gujarat,Bharuch,859,174
Gujarat,Bhavnagar,259,40
Gujarat,Dahod,1727,11
Gujarat,Devbhumi Dwarka,128,2
Gujarat,Gandhinagar,493,62
Gujarat,Gir Somnath,70,18
Gujarat,Jamnagar,37,0
Gujarat,Junagadh,274,17
Gujarat,Kachchh,459,7
Gujarat,Kheda,2071,16
Gujarat,Mahesana,353,5
Gujarat,Narmada,35,1
Gujarat,Navsari,32,1
Gujarat,Panchmahals,975,23
Gujarat,Patan,2044,85
Gujarat,Porbandar,148,2
Gujarat,Rajkot,998,27
Gujarat,Sabarkantha,1003,21
Gujarat,Surat,1163,27
Gujarat,Surendra Nagar,458,27
Gujarat,Tapi,359,3
Gujarat,The Dangs,69,2
Gujarat,Vadodara,2984,29
Gujarat,Valsad,458,1
Haryana,Ambala,138,17
Haryana,Bhiwani,104,3
Haryana,Faridabad,800,15
Haryana,Fatehabad,88,5
Haryana,Gurgaon,234,10
Haryana,Hisar,177,5
Haryana,Jhajjar,132,9
Haryana,Jind,342,7
Haryana,Kaithal,186,11
Haryana,Karnal,333,8
Haryana,Kurukshetra,63,1
Haryana,Mahendragarh,217,12
Haryana,Mewat,190,12
Haryana,Palwal,566,20
Haryana,Panchkula,60,4
Haryana,Panipat,600,38
Haryana,Rewari,158,6
Haryana,Rohtak,339,8
Haryana,Sirsa,107,6
Haryana,Sonipat,253,24
Haryana,Yamuna Nagar,142,20
Himachal Pradesh,Bilaspur,1,0
Himachal Pradesh,Chamba,9,0
Himachal Pradesh,Hamirpur,5,1
Himachal Pradesh,Kangra,42,2
Himachal Pradesh,Kinnaur,1,0
Himachal Pradesh,Kullu,11,1
Himachal Pradesh,Mandi,33,4
Himachal Pradesh,Shimla,1,0
Himachal Pradesh,Sirmaur,6,0
Himachal Pradesh,Solan,9,0
Himachal Pradesh,Una,20,0
Jammu and Kashmir,Anantnag,177,17
Jammu and Kashmir,Badgam,1794,4
Jammu and Kashmir,Bandipore,115,9
Jammu and Kashmir,Baramula,295,0
Jammu and Kashmir,Doda,21,0
Jammu and Kashmir,Ganderbal,34,6
Jammu and Kashmir,Jammu,900,1
Jammu and Kashmir,Kargil,2,0
Jammu and Kashmir,Kathua,52,14
Jammu and Kashmir,Kishtwar,17,0
Jammu and Kashmir,Kulgam,91,0
Jammu and Kashmir,Kupwara,258,1
Jammu and Kashmir,Leh,2,0
Jammu and Kashmir,Pulwama,371,4
Jammu and Kashmir,Punch,3074,2
Jammu and Kashmir,Rajouri,2916,7
Jammu and Kashmir,Ramban,524,1
Jammu and Kashmir,Reasi,192,4
Jammu and Kashmir,Samba,12,0
Jammu and Kashmir,Shupiyan,13,0
Jammu and Kashmir,Srinagar,2687,172
Jammu and Kashmir,Udhampur,134,0
Jharkhand,Bokaro,27,0
Jharkhand,Chatra,147,13
Jharkhand,Deoghar,64,1
Jharkhand,Dhanbad,219,7
Jharkhand,Dumka,21,1
Jharkhand,East Singhbhum,69,6
Jharkhand,Garhwa,87,3
Jharkhand,Giridih,183,7
Jharkhand,Godda,71,7
Jharkhand,Gumla,6,3
Jharkhand,Hazaribagh,37,0
Jharkhand,Jamtara,11,0
Jharkhand,Khunti,5,1
Jharkhand,Koderma,13,0
Jharkhand,Latehar,43,2
Jharkhand,Lohardaga,5,0
Jharkhand,Palamu,82,3
Jharkhand,Ramgarh,32,1
Jharkhand,Ranchi,56,0
Jharkhand,Sahebganj,6,0
Jharkhand,Seraikela-Kharsawan,12,2
Jharkhand,Simdega,12,5
Jharkhand,West Singhbhum,22,1
Karnataka,Bagalkot,303,11
Karnataka,Ballari,133,1
Karnataka,Bangalore Rural,254,9
Karnataka,Belagavi,1120,25
Karnataka,Bengaluru,1367,14
Karnataka,Bidar,353,18
Karnataka,Chamrajanagar,106,5
Karnataka,Chikkaballapur,321,0
Karnataka,Chikkamagaluru,365,4
Karnataka,Chitradurga,354,3
Karnataka,Dakshina Kannada,150,6
Karnataka,Davangere,300,3
Karnataka,Dharwad,224,2
Karnataka,Gadag,49,8
Karnataka,Hassan,102,15
Karnataka,Haveri,201,6
Karnataka,Kalaburagi,95,10
Karnataka,Kodagu,60,3
Karnataka,Kolar,241,4
Karnataka,Koppal,90,3
Karnataka,Mandya,636,23
Karnataka,Mysuru,185,4
Karnataka,Raichur,894,125
Karnataka,Ramanagar,435,17
Karnataka,Shivamogga,200,8
Karnataka,Tumakuru,529,13
Karnataka,Udupi,25,2
Karnataka,Uttara Kannada,75,14
Karnataka,Vijayapura,163,12
Karnataka,Yadgir,1247,42
Kerala,Alappuzha,79,2
Kerala,Ernakulam,97,1
Kerala,Idukki,20,0
Kerala,Kannur,119,2
Kerala,Kasaragod,15,2
Kerala,Kollam,110,2
Kerala,Kottayam,19,0
Kerala,Kozhikode,212,1
Kerala,Malappuram,449,2
Kerala,Palakkad,184,0
Kerala,Pathanamthitta,25,0
Kerala,Thiruvananthapuram,152,7
Kerala,Thrissur,385,2
Kerala,Wayanad,3,0
Madhya Pradesh,Alirajpur,151,2
Madhya Pradesh,Anuppur,166,9
Madhya Pradesh,Ashok Nagar,865,14
Madhya Pradesh,Balaghat,387,21
Madhya Pradesh,Barwani,573,20
Madhya Pradesh,Betul,252,9
Madhya Pradesh,Bhind,421,15
Madhya Pradesh,Bhopal,155,17
Madhya Pradesh,Burhanpur,46,2
Madhya Pradesh,Chhatarpur,428,39
Madhya Pradesh,Chhindwara,562,18
Madhya Pradesh,Damoh,193,8
Madhya Pradesh,Datia,83,8
Madhya Pradesh,Dewas,331,7
Madhya Pradesh,Dhar,663,8
Madhya Pradesh,Dindori,582,7
Madhya Pradesh,Guna,431,15
Madhya Pradesh,Gwalior,585,48
Madhya Pradesh,Harda,28,0
Madhya Pradesh,Hoshangabad,62,5
Madhya Pradesh,Indore,224,6
Madhya Pradesh,Jabalpur,313,21
Madhya Pradesh,Jhabua,204,0
Madhya Pradesh,Katni,417,14
Madhya Pradesh,Khandwa,92,4
Madhya Pradesh,Khargone,1187,8
Madhya Pradesh,Mandla,61,14
Madhya Pradesh,Mandsaur,128,1
Madhya Pradesh,Morena,685,65
Madhya Pradesh,Narsinghpur,241,10
Madhya Pradesh,Neemuch,69,2
Madhya Pradesh,Panna,60,4
Madhya Pradesh,Raisen,188,6
Madhya Pradesh,Rajgarh,1091,36
Madhya Pradesh,Ratlam,366,8
Madhya Pradesh,Rewa,919,33
Madhya Pradesh,Sagar,580,13
Madhya Pradesh,Satna,413,29
Madhya Pradesh,Sehore,295,5
Madhya Pradesh,Seoni,262,5
Madhya Pradesh,Shahdol,326,9
Madhya Pradesh,Shajapur,63,4
Madhya Pradesh,Sheopur,532,15
Madhya Pradesh,Shivpuri,1230,20
Madhya Pradesh,Sidhi,405,24
Madhya Pradesh,Singrauli,409,54
Madhya Pradesh,Tikamgarh,1012,44
Madhya Pradesh,Ujjain,319,9
Madhya Pradesh,Umaria,205,1
Madhya Pradesh,Vidisha,57,3
Maharashtra,Ahmadnagar,924,65
Maharashtra,Akola,180,16
Maharashtra,Amravati,81,40
Maharashtra,Aurangabad,517,83
Maharashtra,Beed,768,174
Maharashtra,Bhandara,30,20
Maharashtra,Buldhana,153,52
Maharashtra,Chandrapur,217,30
Maharashtra,Dhule,108,28
Maharashtra,Gadchiroli,58,8
Maharashtra,Gondiya,67,31
Maharashtra,Hingoli,74,36
Maharashtra,Jalgaon,286,64
Maharashtra,Jalna,232,65
Maharashtra,Kolhapur,322,123
Maharashtra,Latur,62,31
Maharashtra,Mumbai,908,26
Maharashtra,Nagpur,407,72
Maharashtra,Nanded,356,31
Maharashtra,Nandurbar,93,14
Maharashtra,Nashik,360,25
Maharashtra,Osmanabad,329,40
Maharashtra,Palghar,183,35
Maharashtra,Parbhani,1165,46
Maharashtra,Pune,610,99
Maharashtra,Raigarh,90,21
Maharashtra,Ratnagiri,219,35
Maharashtra,Sangli,143,27
Maharashtra,Satara,347,47
Maharashtra,Sindhudurg,87,10
Maharashtra,Solapur,1093,74
Maharashtra,Thane,837,18
Maharashtra,Wardha,23,11
Maharashtra,Washim,126,60
Maharashtra,Yavatmal,206,23
Manipur,Bishnupur,3,0
Manipur,Imphal East,3,1
Manipur,Imphal West,18,0
Manipur,Senapati,1,0
Manipur,Tamenglong,1,0
Manipur,Thoubal,10,0
Manipur,Ukhrul,2,0
Meghalaya,East Khasi Hills,1,0
Meghalaya,West Garo Hills,2,0
Mizoram,Aizawl,29,31
Mizoram,Champhai,3,0
Mizoram,Kolasib,2,0
Mizoram,Lawngtlai,1,0
Mizoram,Lunglei,1,0
Mizoram,Mammit,1,1
Mizoram,Serchhip,1,2
Nagaland,Dimapur,18,3
Nagaland,Kohima,10,0
Nagaland,Longleng,2,0
Nagaland,Mokokchung,1,0
Nagaland,Mon,1,0
Nagaland,Peren,2,0
Nagaland,Phek,1,1
Nagaland,Tuensang,15,14
Nagaland,Wokha,2,1
Nagaland,Zunheboto,1,6
Odisha,Balangir,75,6
Odisha,Baleswar,499,10
Odisha,Bargarh,15,1
Odisha,Bhadrak,202,49
Odisha,Boudh,40,3
Odisha,Cuttack,49,16
Odisha,Debagarh,91,1
Odisha,Dhenkanal,9,1
Odisha,Gajapati,244,7
Odisha,Ganjam,5294,53
Odisha,Jagatsinghapur,100,2
Odisha,Jajapur,71,74
Odisha,Jharsuguda,873,4
Odisha,Kalahandi,2495,13
Odisha,Kandhamal,2329,23
Odisha,Kendrapara,44,2
Odisha,Kendujhar,1060,24
Odisha,Khorda,60,6
Odisha,Koraput,2425,524
Odisha,Malkangiri,240,6
Odisha,Mayurbhanj,365,126
Odisha,Nabarangapur,2204,6
Odisha,Nayagarh,3,0
Odisha,Nuapada,341,29
Odisha,Puri,74,14
Odisha,Rayagada,12,0
Odisha,Sambalpur,1942,36
Odisha,Sundergarh,2202,25
Puducherry,Karaikal,25,2
Puducherry,Puducherry,33,0
Punjab,Amritsar,167,7
Punjab,Barnala,15,1
Punjab,Bathinda,55,3
Punjab,Faridkot,3,0
Punjab,Fatehgarh Sahib,5,0
Punjab,Fazilka,36,1
Punjab,Ferozepur,20,3
Punjab,Gurdaspur,37,5
Punjab,Hoshiarpur,31,2
Punjab,Jalandhar,22,2
Punjab,Kapurthala,17,4
Punjab,Ludhiana,148,11
Punjab,Mansa,24,2
Punjab,Moga,64,1
Punjab,Pathankot,25,3
Punjab,Patiala,35,2
Punjab,Rupnagar,21,0
Punjab,SAS Nagar (Mohali),58,2
Punjab,Sangrur,106,4
Punjab,Shaheed Bhagat Singh Nagar,33,1
Punjab,Sri Muktsar Sahib,35,2
Punjab,Tarn Taran,62,1
Rajasthan,Ajmer,254,18
Rajasthan,Alwar,195,25
Rajasthan,Banswara,253,11
Rajasthan,Baran,221,9
Rajasthan,Barmer,221,48
Rajasthan,Bharatpur,356,26
Rajasthan,Bhilwara,758,30
Rajasthan,Bikaner,355,25
Rajasthan,Bundi,723,20
Rajasthan,Chittorgarh,845,15
Rajasthan,Churu,236,13
Rajasthan,Dausa,149,6
Rajasthan,Dholpur,408,30
Rajasthan,Dungarpur,655,29
Rajasthan,Ganganagar,402,16
Rajasthan,Hanumangarh,480,25
Rajasthan,Jaipur,688,26
Rajasthan,Jaisalmer,487,50
Rajasthan,Jalor,514,18
Rajasthan,Jhalawar,901,56
Rajasthan,Jhunjhunun,130,5
Rajasthan,Jodhpur,809,57
Rajasthan,Karauli,409,22
Rajasthan,Kota,306,2
Rajasthan,Nagaur,466,45
Rajasthan,Pali,377,23
Rajasthan,Pratapgarh,239,10
Rajasthan,Rajsamand,689,12
Rajasthan,Sawai Madhopur,468,18
Rajasthan,Sikar,261,16
Rajasthan,Sirohi,153,5
Rajasthan,Tonk,218,13
Rajasthan,Udaipur,363,36
Sikkim,East Sikkim,14,0
Sikkim,West Sikkim,3,0
Tamil Nadu,Ariyalur,3,25
Tamil Nadu,Chennai,137,20
Tamil Nadu,Coimbatore,47,0
Tamil Nadu,Cuddalore,192,15
Tamil Nadu,Dharmapuri,112,1
Tamil Nadu,Dindigul,222,16
Tamil Nadu,Erode,49,0
Tamil Nadu,Kancheepuram,70,3
Tamil Nadu,Kanniyakumari,66,2
Tamil Nadu,Karur,33,0
Tamil Nadu,Krishnagiri,68,19
Tamil Nadu,Madurai,572,6
Tamil Nadu,Nagapattinam,13,38
Tamil Nadu,Namakkal,272,25
Tamil Nadu,Perambalur,36,0
Tamil Nadu,Pudukkottai,152,109
Tamil Nadu,Ramanathapuram,36,25
Tamil Nadu,Salem,222,181
Tamil Nadu,Sivaganga,35,7
Tamil Nadu,Thanjavur,18,88
Tamil Nadu,The Nilgiris,12,0
Tamil Nadu,Theni,1991,32
Tamil Nadu,Thiruvarur,41,1
Tamil Nadu,Thoothukkudi,809,28
Tamil Nadu,Tiruchirappalli,27,0
Tamil Nadu,Tirunelveli,1800,9
Tamil Nadu,Tiruppur,32,0
Tamil Nadu,Tiruvallur,141,15
Tamil Nadu,Tiruvannamalai,16,21
Tamil Nadu,Vellore,241,41
Tamil Nadu,Villupuram,168,15
Tamil Nadu,Virudhunagar,13,9
Telangana,Adilabad,4,2
Telangana,Hyderabad,35,2
Telangana,K.v. Rangareddy,31,3
Telangana,Karimnagar,10,0
Telangana,Khammam,5,0
Telangana,Mahabubnagar,17,5
Telangana,Medak,23,1
Telangana,Nalgonda,9,1
Telangana,Nizamabad,16,1
Telangana,Warangal,9,3
Tripura,Dhalai,6,1
Tripura,Gomati,6,9
Tripura,Khowai,7,0
Tripura,North Tripura,11,0
Tripura,Sepahijala,5,2
Tripura,South Tripura,8,7
Tripura,Unakoti,18,5
Tripura,West Tripura,6,0
Uttar Pradesh,Agra,611,37
Uttar Pradesh,Aligarh,604,37
Uttar Pradesh,Allahabad,1661,38
Uttar Pradesh,Ambedkar Nagar,901,18
Uttar Pradesh,Amethi,447,18
Uttar Pradesh,Amroha,526,18
Uttar Pradesh,Auraiya,259,21
Uttar Pradesh,Azamgarh,1530,51
Uttar Pradesh,Baghpat,318,13
Uttar Pradesh,Bahraich,2526,70
Uttar Pradesh,Ballia,818,21
Uttar Pradesh,Balrampur,2726,204
Uttar Pradesh,Banda,706,34
Uttar Pradesh,Bara Banki,584,24
Uttar Pradesh,Bareilly,519,24
Uttar Pradesh,Basti,571,25
Uttar Pradesh,Bijnor,208,26
Uttar Pradesh,Budaun,525,67
Uttar Pradesh,Bulandshahr,1312,79
Uttar Pradesh,Chandauli,452,10
Uttar Pradesh,Chitrakoot,174,19
Uttar Pradesh,Deoria,389,71
Uttar Pradesh,Etah,466,8
Uttar Pradesh,Etawah,147,67
Uttar Pradesh,Faizabad,435,19
Uttar Pradesh,Farrukhabad,1207,21
Uttar Pradesh,Fatehpur,1384,80
Uttar Pradesh,Firozabad,569,29
Uttar Pradesh,Gautam Buddha Nagar,370,9
Uttar Pradesh,Ghaziabad,567,23
Uttar Pradesh,Ghazipur,636,25
Uttar Pradesh,Gonda,963,37
Uttar Pradesh,Gorakhpur,1537,50
Uttar Pradesh,Hamirpur,1981,88
Uttar Pradesh,Hapur,185,9
Uttar Pradesh,Hardoi,1422,101
Uttar Pradesh,Hathras,133,8
Uttar Pradesh,Jalaun,1545,50
Uttar Pradesh,Jaunpur,809,23
Uttar Pradesh,Jhansi,1018,104
Uttar Pradesh,Kannauj,326,12
Uttar Pradesh,Kanpur Dehat,188,10
Uttar Pradesh,Kanpur Nagar,904,53
Uttar Pradesh,Kasganj,186,4
Uttar Pradesh,Kaushambi,548,19
Uttar Pradesh,Kheri,2210,82
Uttar Pradesh,Kushinagar,424,14
Uttar Pradesh,Lalitpur,1249,22
Uttar Pradesh,Lucknow,707,22
Uttar Pradesh,Maharajganj,212,23
Uttar Pradesh,Mahoba,666,30
Uttar Pradesh,Mainpuri,1240,43
Uttar Pradesh,Mathura,534,32
Uttar Pradesh,Mau,664,21
Uttar Pradesh,Meerut,658,33
Uttar Pradesh,Mirzapur,449,21
Uttar Pradesh,Moradabad,884,36
Uttar Pradesh,Muzaffarnagar,879,43
Uttar Pradesh,Pilibhit,121,9
Uttar Pradesh,Pratapgarh,644,8
Uttar Pradesh,Rae Bareli,327,15
Uttar Pradesh,Rampur,168,13
Uttar Pradesh,Saharanpur,373,42
Uttar Pradesh,Sambhal,724,61
Uttar Pradesh,Sant Kabir Nagar,393,17
Uttar Pradesh,Sant Ravidas Nagar,400,7
Uttar Pradesh,Shahjahanpur,1120,26
Uttar Pradesh,Shamli,223,4
Uttar Pradesh,Shrawasti,463,70
Uttar Pradesh,Siddharthnagar,1495,26
Uttar Pradesh,Sitapur,2741,66
Uttar Pradesh,Sonbhadra,1790,114
Uttar Pradesh,Sultanpur,533,19
Uttar Pradesh,Unnao,499,63
Uttar Pradesh,Varanasi,431,11
Uttarakhand,Almora,373,5
Uttarakhand,Bageshwar,201,5
Uttarakhand,Chamoli,89,5
Uttarakhand,Champawat,8,2
Uttarakhand,Dehradun,89,16
Uttarakhand,Haridwar,159,12
Uttarakhand,Nainital,1333,148
Uttarakhand,Pauri Garhwal,91,12
Uttarakhand,Pithoragarh,168,6
Uttarakhand,Rudraprayag,255,9
Uttarakhand,Tehri Garhwal,198,53
Uttarakhand,Udham Singh Nagar,72,11
Uttarakhand,Uttarkashi,90,19
West Bengal,Bankura,140,0
West Bengal,Barddhaman,275,127
West Bengal,Birbhum,76,7
West Bengal,Cooch Behar,1561,11
West Bengal,Dakshin Dinajpur,124,1
West Bengal,Darjeeling,272,10
West Bengal,Hooghly,78,7
West Bengal,Howrah,12,2
West Bengal,Jalpaiguri,293,6
West Bengal,Kolkata,431,6
West Bengal,Malda,688,5
West Bengal,Murshidabad,938,29
West Bengal,Nadia,6225,51
West Bengal,North 24 Parganas,1624,60
West Bengal,Paschim Medinipur,69,62
West Bengal,Purba Medinipur,140,193
West Bengal,Puruliya,66,16
West Bengal,South 24 Parganas,223,7
West Bengal,Uttar Dinajpur,607,8
