State,District,Aadhaar generated,Enrolment Rejected
Andaman and Nicobar Islands,Nicobar,154,2
Andaman and Nicobar Islands,North And Middle Andaman,32,5
Andaman and Nicobar Islands,South Andaman,161,6
Andhra Pradesh,Ananthapur,232,31
Andhra Pradesh,Chittoor,129,12
Andhra Pradesh,Cuddapah,86,8
Andhra Pradesh,East Godavari,277,19
Andhra Pradesh,Guntur,89,16
Andhra Pradesh,Krishna,551,74
Andhra Pradesh,Kurnool,228,13
Andhra Pradesh,Nellore,176,10
Andhra Pradesh,Prakasam,203,12
Andhra Pradesh,Srikakulam,120,7
Andhra Pradesh,Visakhapatnam,323,38
Andhra Pradesh,Vizianagaram,108,11
Andhra Pradesh,West Godavari,218,13
Arunachal Pradesh,Anjaw,3,0
Arunachal Pradesh,Changlang,14,0
Arunachal Pradesh,East Siang,2,0
Arunachal Pradesh,Lohit,46,3
Arunachal Pradesh,Longding,2,0
Arunachal Pradesh,Lower Dibang Valley,0,1
Arunachal Pradesh,Lower Subansiri,1,0
Arunachal Pradesh,Namsai,2616,22
Arunachal Pradesh,Papum Pare,174,5
Arunachal Pradesh,Tawang,18,1
Arunachal Pradesh,Upper Siang,3,0
Arunachal Pradesh,Upper Subansiri,1,0
Arunachal Pradesh,West Kameng,188,0
Arunachal Pradesh,West Siang,16,0
Assam,Baksa,10,1
Assam,Barpeta,118,8
Assam,Bongaigaon,19,0
Assam,Cachar,56,0
Assam,Chirang,11,0
Assam,Darrang,19,0
Assam,Dhemaji,23,0
Assam,Dhubri,19,2
Assam,Dibrugarh,11,0
Assam,Goalpara,10,0
Assam,Golaghat,6,0
Assam,Hailakandi,11,1
Assam,Jorhat,47,3
Assam,Kamrup,288,3
Assam,Kamrup Metro,32,0
Assam,Karbi Anglong,10,1
Assam,Karimganj,30,0
Assam,Kokrajhar,11,0
Assam,Lakhimpur,13,0
Assam,Marigaon,10,1
Assam,Nagaon,784,1
Assam,Nalbari,32,0
Assam,North Cachar Hills,2,0
Assam,Sibsagar,15,2
Assam,Sonitpur,43,1
Assam,Tinsukia,30,0
Assam,Udalguri,51,0
Bihar,Araria,6895,355
Bihar,Arwal,761,44
Bihar,Aurangabad,805,28
Bihar,Banka,1606,67
Bihar,Begusarai,4298,119
Bihar,Bhagalpur,2584,80
Bihar,Bhojpur,4553,638
Bihar,Buxar,1826,85
Bihar,Darbhanga,11024,374
Bihar,East Champaran,2711,83
Bihar,Gaya,2059,138
Bihar,Gopalganj,1462,52
Bihar,Jamui,3305,152
Bihar,Jehanabad,1053,11
Bihar,Kaimur (Bhabua),7164,102
Bihar,Katihar,2823,169
Bihar,Khagaria,3593,108
Bihar,Kishanganj,1058,45
Bihar,Lakhisarai,2004,72
Bihar,Madhepura,5016,225
Bihar,Madhubani,4010,110
Bihar,Munger,531,33
Bihar,Muzaffarpur,2087,143
Bihar,Nalanda,5333,241
Bihar,Nawada,3822,397
Bihar,Patna,2536,144
Bihar,Purnia,3168,103
Bihar,Rohtas,3727,542
Bihar,Saharsa,1499,76
Bihar,Samastipur,4971,163
Bihar,Saran,1929,51
Bihar,Sheikhpura,30,15
Bihar,Sheohar,383,60
Bihar,Sitamarhi,3569,62
Bihar,Siwan,2794,294
Bihar,Supaul,1944,90
Bihar,Vaishali,1254,75
Bihar,West Champaran,6805,297
Chandigarh,Chandigarh,304,5
Chhattisgarh,Balod,524,53
Chhattisgarh,Baloda Bazar,5149,180
Chhattisgarh,Balrampur,2137,64
Chhattisgarh,Bastar,2103,123
Chhattisgarh,Bemetara,743,18
Chhattisgarh,Bijapur,5211,50
Chhattisgarh,Bilaspur,284,74
Chhattisgarh,Dakshin Bastar Dantewada,485,11
Chhattisgarh,Dantewada,205,9
Chhattisgarh,Dhamtari,245,26
Chhattisgarh,Durg,1378,39
Chhattisgarh,Gariyaband,33,2
Chhattisgarh,Janjgir-champa,1806,174
Chhattisgarh,Jashpur,155,19
Chhattisgarh,Kabeerdham,298,6
Chhattisgarh,Kanker,195,4
Chhattisgarh,Kawardha,699,19
Chhattisgarh,Kondagaon,216,12
Chhattisgarh,Korba,1284,22
Chhattisgarh,Koriya,245,18
Chhattisgarh,Mahasamund,938,34
Chhattisgarh,Mungeli,414,102
Chhattisgarh,Narayanpur,527,14
Chhattisgarh,Raigarh,633,12
Chhattisgarh,Raipur,1282,48
Chhattisgarh,Rajnandgaon,2954,37
Chhattisgarh,Sukma,661,33
Chhattisgarh,Surajpur,1891,100
Chhattisgarh,Surguja,1592,32
Chhattisgarh,Uttar Bastar Kanker,15,5
Dadra and Nagar Haveli,Dadra and Nagar Haveli,79,18
Delhi,Central Delhi,117,15
Delhi,East Delhi,329,29
Delhi,New Delhi,23,1
Delhi,North Delhi,149,19
Delhi,North East Delhi,893,92
Delhi,North West Delhi,1207,115
Delhi,South Delhi,924,81
Delhi,South West Delhi,737,42
Delhi,West Delhi,438,54
Goa,North Goa,197,17
Goa,South Goa,13,5
Gujarat,Ahmedabad,4882,142
Gujarat,Amreli,588,28
Gujarat,Anand,1256,28
Gujarat,Arvalli,679,16
Gujarat,Banaskantha,1243,62
Gujarat,Bharuch,809,95
Gujarat,Bhavnagar,187,27
Gujarat,Dahod,2244,77
Gujarat,Devbhumi Dwarka,98,5
Gujarat,Gandhinagar,775,7
Gujarat,Gir Somnath,158,9
Gujarat,Jamnagar,198,2
Gujarat,Junagadh,311,16
Gujarat,Kachchh,859,13
Gujarat,Kheda,1645,34
Gujarat,Mahesana,922,18
Gujarat,Narmada,139,8
Gujarat,Navsari,86,7
Gujarat,Panchmahals,1187,67
Gujarat,Patan,2597,95
Gujarat,Porbandar,448,12
Gujarat,Rajkot,847,51
Gujarat,Sabarkantha,2637,68
Gujarat,Surat,2514,79
Gujarat,Surendra Nagar,2092,22
Gujarat,Tapi,345,17
Gujarat,The Dangs,138,5
Gujarat,Vadodara,4135,111
Gujarat,Valsad,222,34
Haryana,Ambala,248,32
Haryana,Bhiwani,796,35
Haryana,Faridabad,1765,98
Haryana,Fatehabad,1335,43
Haryana,Gurgaon,936,31
Haryana,Hisar,1165,68
Haryana,Jhajjar,587,13
Haryana,Jind,1079,60
Haryana,Kaithal,408,29
Haryana,Karnal,1033,33
Haryana,Kurukshetra,273,5
Haryana,Mahendragarh,1190,27
Haryana,Mewat,1075,39
Haryana,Palwal,1576,133
Haryana,Panchkula,523,22
Haryana,Panipat,1113,110
Haryana,Rewari,866,40
Haryana,Rohtak,1283,55
Haryana,Sirsa,1502,73
Haryana,Sonipat,595,58
Haryana,Yamuna Nagar,691,34
Himachal Pradesh,Bilaspur,16,2
Himachal Pradesh,Chamba,33,0
Himachal Pradesh,Hamirpur,21,1
Himachal Pradesh,Kangra,252,9
Himachal Pradesh,Kinnaur,89,2
Himachal Pradesh,Kullu,93,2
Himachal Pradesh,Mandi,31,1
Himachal Pradesh,Shimla,46,1
Himachal Pradesh,Sirmaur,52,1
Himachal Pradesh,Solan,16,1
Himachal Pradesh,Una,20,1
Jammu and Kashmir,Anantnag,77,81
Jammu and Kashmir,Badgam,9512,121
Jammu and Kashmir,Bandipore,10,2
Jammu and Kashmir,Baramula,512,5
Jammu and Kashmir,Doda,27,5
Jammu and Kashmir,Ganderbal,176,1
Jammu and Kashmir,Jammu,551,12
Jammu and Kashmir,Kathua,18,4
Jammu and Kashmir,Kishtwar,3,4
Jammu and Kashmir,Kulgam,64,3
Jammu and Kashmir,Kupwara,9,2
Jammu and Kashmir,Leh,17,1
Jammu and Kashmir,Pulwama,641,10
Jammu and Kashmir,Punch,1355,8
Jammu and Kashmir,Rajouri,4059,4
Jammu and Kashmir,Ramban,25,8
Jammu and Kashmir,Reasi,5,11
Jammu and Kashmir,Samba,12,4
Jammu and Kashmir,Shupiyan,16,6
Jammu and Kashmir,Srinagar,1341,132
Jammu and Kashmir,Udhampur,14,27
Jharkhand,Bokaro,167,7
Jharkhand,Chatra,283,24
Jharkhand,Deoghar,719,24
Jharkhand,Dhanbad,548,44
Jharkhand,Dumka,504,30
Jharkhand,East Singhbhum,504,24
Jharkhand,Garhwa,328,21
Jharkhand,Giridih,775,199
Jharkhand,Godda,518,23
Jharkhand,Gumla,181,6
Jharkhand,Hazaribagh,148,24
Jharkhand,Jamtara,144,5
Jharkhand,Khunti,35,3
Jharkhand,Koderma,239,2
Jharkhand,Latehar,139,20
Jharkhand,Lohardaga,133,3
Jharkhand,Pakur,79,3
Jharkhand,Palamu,370,52
Jharkhand,Ramgarh,54,10
Jharkhand,Ranchi,427,41
Jharkhand,Sahebganj,239,6
Jharkhand,Seraikela-Kharsawan,55,11
Jharkhand,Simdega,43,10
Jharkhand,West Singhbhum,336,14
Karnataka,Bagalkot,421,80
Karnataka,Ballari,1163,28
Karnataka,Bangalore Rural,594,41
Karnataka,Belagavi,1948,75
Karnataka,Bengaluru,3936,130
Karnataka,Bidar,582,50
Karnataka,Chamrajanagar,342,24
Karnataka,Chikkaballapur,556,40
Karnataka,Chikkamagaluru,898,10
Karnataka,Chitradurga,376,50
Karnataka,Dakshina Kannada,353,9
Karnataka,Davangere,436,24
Karnataka,Dharwad,131,10
Karnataka,Gadag,36,2
Karnataka,Hassan,1907,34
Karnataka,Haveri,542,39
Karnataka,Kalaburagi,2822,79
Karnataka,Kodagu,194,9
Karnataka,Kolar,786,81
Karnataka,Koppal,683,15
Karnataka,Mandya,2043,52
Karnataka,Mysuru,276,27
Karnataka,Raichur,3410,235
Karnataka,Ramanagar,826,43
Karnataka,Shivamogga,1151,16
Karnataka,Tumakuru,956,59
Karnataka,Udupi,40,2
Karnataka,Uttara Kannada,293,11
Karnataka,Vijayapura,283,26
Karnataka,Yadgir,2109,156
Kerala,Alappuzha,157,7
Kerala,Ernakulam,215,9
Kerala,Idukki,75,1
Kerala,Kannur,138,10
Kerala,Kasaragod,177,1
Kerala,Kollam,671,19
Kerala,Kottayam,521,6
Kerala,Kozhikode,319,6
Kerala,Malappuram,598,15
Kerala,Palakkad,706,13
Kerala,Pathanamthitta,208,11
Kerala,Thiruvananthapuram,412,10
Kerala,Thrissur,231,17
Kerala,Wayanad,60,3
Madhya Pradesh,Alirajpur,377,16
Madhya Pradesh,Anuppur,565,25
Madhya Pradesh,Ashok Nagar,3313,77
Madhya Pradesh,Balaghat,1180,87
Madhya Pradesh,Barwani,480,46
Madhya Pradesh,Betul,876,24
Madhya Pradesh,Bhind,1874,45
Madhya Pradesh,Bhopal,796,103
Madhya Pradesh,Burhanpur,60,22
Madhya Pradesh,Chhatarpur,1810,100
Madhya Pradesh,Chhindwara,1314,30
Madhya Pradesh,Damoh,638,35
Madhya Pradesh,Datia,1027,41
Madhya Pradesh,Dewas,1304,80
Madhya Pradesh,Dhar,564,57
Madhya Pradesh,Dindori,707,28
Madhya Pradesh,Guna,1897,54
Madhya Pradesh,Gwalior,1780,99
Madhya Pradesh,Harda,43,7
Madhya Pradesh,Hoshangabad,165,22
Madhya Pradesh,Indore,1626,97
Madhya Pradesh,Jabalpur,537,85
Madhya Pradesh,Jhabua,698,19
Madhya Pradesh,Katni,991,38
Madhya Pradesh,Khandwa,347,25
Madhya Pradesh,Khargone,693,56
Madhya Pradesh,Mandla,883,44
Madhya Pradesh,Mandsaur,742,22
Madhya Pradesh,Morena,4046,74
Madhya Pradesh,Narsinghpur,851,41
Madhya Pradesh,Neemuch,759,10
Madhya Pradesh,Panna,784,19
Madhya Pradesh,Raisen,1165,65
Madhya Pradesh,Rajgarh,3699,109
Madhya Pradesh,Ratlam,558,38
Madhya Pradesh,Rewa,3094,99
Madhya Pradesh,Sagar,1494,46
Madhya Pradesh,Satna,2013,84
Madhya Pradesh,Sehore,1276,45
Madhya Pradesh,Seoni,507,37
Madhya Pradesh,Shahdol,967,36
Madhya Pradesh,Shajapur,341,58
Madhya Pradesh,Sheopur,1182,51
Madhya Pradesh,Shivpuri,3381,89
Madhya Pradesh,Sidhi,1421,68
Madhya Pradesh,Singrauli,1970,102
Madhya Pradesh,Tikamgarh,2063,95
Madhya Pradesh,Ujjain,997,39
Madhya Pradesh,Umaria,688,12
Madhya Pradesh,Vidisha,819,40
Maharashtra,Ahmadnagar,5545,219
Maharashtra,Akola,1376,66
Maharashtra,Amravati,444,33
Maharashtra,Aurangabad,3910,114
Maharashtra,Beed,4389,86
Maharashtra,Bhandara,546,14
Maharashtra,Buldhana,2047,51
Maharashtra,Chandrapur,1355,58
Maharashtra,Dhule,1817,43
Maharashtra,Gadchiroli,1093,16
Maharashtra,Gondiya,498,30
Maharashtra,Hingoli,2068,47
Maharashtra,Jalgaon,1644,47
Maharashtra,Jalna,840,117
Maharashtra,Kolhapur,5933,126
Maharashtra,Latur,971,84
Maharashtra,Mumbai,1779,92
Maharashtra,Nagpur,4520,201
Maharashtra,Nanded,4348,151
Maharashtra,Nandurbar,413,30
Maharashtra,Nashik,5122,118
Maharashtra,Osmanabad,2090,97
Maharashtra,Palghar,1213,64
Maharashtra,Parbhani,5392,114
Maharashtra,Pune,5176,191
Maharashtra,Raigarh,2648,33
Maharashtra,Ratnagiri,1655,75
Maharashtra,Sangli,2182,47
Maharashtra,Satara,3298,78
Maharashtra,Sindhudurg,776,14
Maharashtra,Solapur,9784,228
Maharashtra,Thane,2572,113
Maharashtra,Wardha,143,19
Maharashtra,Washim,1651,34
Maharashtra,Yavatmal,2617,64
Manipur,Bishnupur,203,0
Manipur,Chandel,459,2
Manipur,Churachandpur,10,1
Manipur,Imphal East,951,4
Manipur,Imphal West,463,8
Manipur,Senapati,32,1
Manipur,Tamenglong,8,0
Manipur,Thoubal,233,0
Manipur,Ukhrul,11,0
Meghalaya,East Khasi Hills,27,2
Meghalaya,Ri Bhoi,11,0
Meghalaya,West Garo Hills,4,0
Meghalaya,West Khasi Hills,1,0
Mizoram,Aizawl,857,18
Mizoram,Champhai,146,0
Mizoram,Kolasib,1,5
Mizoram,Lawngtlai,46,0
Mizoram,Lunglei,21,0
Mizoram,Mammit,151,0
Mizoram,Saiha,950,3
Mizoram,Serchhip,1,2
Nagaland,Dimapur,76,3
Nagaland,Kiphire,0,1
Nagaland,Kohima,95,10
Nagaland,Longleng,1,0
Nagaland,Mokokchung,96,10
Nagaland,Mon,8,5
Nagaland,Peren,3,0
Nagaland,Phek,24,6
Nagaland,Tuensang,5870,10
Nagaland,Wokha,54,7
Nagaland,Zunheboto,39,28
Odisha,Angul,29,0
Odisha,Balangir,17,8
Odisha,Baleswar,861,19
Odisha,Bargarh,2,362
Odisha,Bhadrak,66,51
Odisha,Boudh,927,17
Odisha,Cuttack,19,7
Odisha,Debagarh,114,9
Odisha,Dhenkanal,6,1
Odisha,Gajapati,21,10
Odisha,Ganjam,1325,289
Odisha,Jagatsinghapur,17,12
Odisha,Jajapur,34,13
Odisha,Jharsuguda,19,23
Odisha,Kalahandi,900,65
Odisha,Kandhamal,1184,225
Odisha,Kendrapara,24,11
Odisha,Kendujhar,1701,57
Odisha,Khorda,1963,37
Odisha,Koraput,200,165
Odisha,Malkangiri,210,9
Odisha,Mayurbhanj,163,74
Odisha,Nabarangapur,113,34
Odisha,Nayagarh,10,0
Odisha,Nuapada,15,19
Odisha,Puri,12,2
Odisha,Rayagada,8,0
Odisha,Sambalpur,365,28
Odisha,Sonapur,4,10
Odisha,Sundergarh,1164,231
Puducherry,Karaikal,52,6
Puducherry,Puducherry,72,2
Punjab,Amritsar,993,117
Punjab,Barnala,112,19
Punjab,Bathinda,499,40
Punjab,Faridkot,27,3
Punjab,Fatehgarh Sahib,20,5
Punjab,Fazilka,287,26
Punjab,Ferozepur,348,18
Punjab,Gurdaspur,382,25
Punjab,Hoshiarpur,216,14
Punjab,Jalandhar,382,27
Punjab,Kapurthala,236,8
Punjab,Ludhiana,1864,94
Punjab,Mansa,203,22
Punjab,Moga,721,21
Punjab,Pathankot,41,9
Punjab,Patiala,515,31
Punjab,Rupnagar,103,5
Punjab,SAS Nagar (Mohali),363,13
Punjab,Sangrur,553,28
Punjab,Shaheed Bhagat Singh Nagar,173,15
Punjab,Sri Muktsar Sahib,419,20
Punjab,Tarn Taran,619,36
Rajasthan,Ajmer,420,51
Rajasthan,Alwar,737,42
Rajasthan,Banswara,2294,94
Rajasthan,Baran,635,32
Rajasthan,Barmer,1250,90
Rajasthan,Bharatpur,1643,52
Rajasthan,Bhilwara,2083,116
Rajasthan,Bikaner,1122,94
Rajasthan,Bundi,1391,47
Rajasthan,Chittorgarh,1239,70
Rajasthan,Churu,905,41
Rajasthan,Dausa,824,50
Rajasthan,Dholpur,1810,86
Rajasthan,Dungarpur,1993,102
Rajasthan,Ganganagar,1350,53
Rajasthan,Hanumangarh,1458,57
Rajasthan,Jaipur,2270,94
Rajasthan,Jaisalmer,1848,102
Rajasthan,Jalor,934,59
Rajasthan,Jhalawar,2008,169
Rajasthan,Jhunjhunun,666,25
Rajasthan,Jodhpur,3291,141
Rajasthan,Karauli,2139,53
Rajasthan,Kota,633,41
Rajasthan,Nagaur,1764,89
Rajasthan,Pali,1055,78
Rajasthan,Pratapgarh,1406,55
Rajasthan,Rajsamand,1441,47
Rajasthan,Sawai Madhopur,1648,55
Rajasthan,Sikar,1493,31
Rajasthan,Sirohi,693,44
Rajasthan,Tonk,701,52
Rajasthan,Udaipur,1635,211
Sikkim,East Sikkim,96,4
Sikkim,North Sikkim,3,0
Sikkim,South Sikkim,45,0
Sikkim,West Sikkim,2,1
Tamil Nadu,Ariyalur,350,4
Tamil Nadu,Chennai,522,24
Tamil Nadu,Coimbatore,221,11
Tamil Nadu,Cuddalore,162,21
Tamil Nadu,Dharmapuri,2112,73
Tamil Nadu,Dindigul,2053,284
Tamil Nadu,Erode,16,7
Tamil Nadu,Kancheepuram,43,19
Tamil Nadu,Kanniyakumari,1191,15
Tamil Nadu,Karur,531,36
Tamil Nadu,Krishnagiri,35,46
Tamil Nadu,Madurai,1957,46
Tamil Nadu,Nagapattinam,1703,51
Tamil Nadu,Namakkal,10,48
Tamil Nadu,Perambalur,10,6
Tamil Nadu,Pudukkottai,460,10
Tamil Nadu,Ramanathapuram,1401,97
Tamil Nadu,Salem,14,63
Tamil Nadu,Sivaganga,521,14
Tamil Nadu,Thanjavur,1777,104
Tamil Nadu,The Nilgiris,3,8
Tamil Nadu,Theni,2106,72
Tamil Nadu,Thiruvarur,23,17
Tamil Nadu,Thoothukkudi,133,34
Tamil Nadu,Tiruchirappalli,24,10
Tamil Nadu,Tirunelveli,442,60
Tamil Nadu,Tiruppur,17,1
Tamil Nadu,Tiruvallur,158,32
Tamil Nadu,Tiruvannamalai,21,25
Tamil Nadu,Vellore,994,43
Tamil Nadu,Villupuram,236,21
Tamil Nadu,Virudhunagar,16,23
Telangana,Adilabad,63,7
Telangana,Hyderabad,457,40
Telangana,K.v. Rangareddy,355,43
Telangana,Karimnagar,152,9
Telangana,Khammam,52,17
Telangana,Mahabubnagar,203,22
Telangana,Medak,161,26
Telangana,Nalgonda,381,13
Telangana,Nizamabad,129,12
Telangana,Warangal,105,6
Tripura,Dhalai,2,13
Tripura,Gomati,31,14
Tripura,Khowai,29,4
Tripura,North Tripura,45,9
Tripura,Sepahijala,171,4
Tripura,South Tripura,13,3
Tripura,Unakoti,65,15
Tripura,West Tripura,405,3
Uttar Pradesh,Agra,2073,89
Uttar Pradesh,Aligarh,1982,159
Uttar Pradesh,Allahabad,4559,113
Uttar Pradesh,Ambedkar Nagar,1313,49
Uttar Pradesh,Amethi,396,71
Uttar Pradesh,Amroha,961,41
Uttar Pradesh,Auraiya,841,32
Uttar Pradesh,Azamgarh,2762,190
Uttar Pradesh,Baghpat,534,37
Uttar Pradesh,Bahraich,5938,135
Uttar Pradesh,Ballia,2042,81
Uttar Pradesh,Balrampur,6206,439
Uttar Pradesh,Banda,10298,93
Uttar Pradesh,Bara Banki,1759,55
Uttar Pradesh,Bareilly,832,98
Uttar Pradesh,Basti,2686,215
Uttar Pradesh,Bijnor,1371,71
Uttar Pradesh,Budaun,2001,132
Uttar Pradesh,Bulandshahr,1467,135
Uttar Pradesh,Chandauli,1781,36
Uttar Pradesh,Chitrakoot,808,75
Uttar Pradesh,Deoria,2544,89
Uttar Pradesh,Etah,997,26
Uttar Pradesh,Etawah,744,64
Uttar Pradesh,Faizabad,1326,56
Uttar Pradesh,Farrukhabad,1632,67
Uttar Pradesh,Fatehpur,6161,200
Uttar Pradesh,Firozabad,1147,64
Uttar Pradesh,Gautam Buddha Nagar,1603,43
Uttar Pradesh,Ghaziabad,2778,94
Uttar Pradesh,Ghazipur,1761,92
Uttar Pradesh,Gonda,2799,128
Uttar Pradesh,Gorakhpur,3753,185
Uttar Pradesh,Hamirpur,2546,88
Uttar Pradesh,Hapur,810,25
Uttar Pradesh,Hardoi,4096,216
Uttar Pradesh,Hathras,379,25
Uttar Pradesh,Jalaun,7298,134
Uttar Pradesh,Jaunpur,3235,67
Uttar Pradesh,Jhansi,1158,120
Uttar Pradesh,Kannauj,874,42
Uttar Pradesh,Kanpur Dehat,934,36
Uttar Pradesh,Kanpur Nagar,1967,116
Uttar Pradesh,Kasganj,786,25
Uttar Pradesh,Kaushambi,1426,52
Uttar Pradesh,Kheri,3491,131
Uttar Pradesh,Kushinagar,2803,62
Uttar Pradesh,Lalitpur,1615,111
Uttar Pradesh,Lucknow,1866,115
Uttar Pradesh,Maharajganj,1946,52
Uttar Pradesh,Mahoba,1581,98
Uttar Pradesh,Mainpuri,2404,103
Uttar Pradesh,Mathura,1534,85
Uttar Pradesh,Mau,700,56
Uttar Pradesh,Meerut,2804,102
Uttar Pradesh,Mirzapur,1770,34
Uttar Pradesh,Moradabad,1066,100
Uttar Pradesh,Muzaffarnagar,2597,107
Uttar Pradesh,Pilibhit,290,58
Uttar Pradesh,Pratapgarh,1426,79
Uttar Pradesh,Rae Bareli,747,77
Uttar Pradesh,Rampur,1158,31
Uttar Pradesh,Saharanpur,782,115
Uttar Pradesh,Sambhal,2030,221
Uttar Pradesh,Sant Kabir Nagar,891,87
Uttar Pradesh,Sant Ravidas Nagar,973,34
Uttar Pradesh,Shahjahanpur,3224,140
Uttar Pradesh,Shamli,902,32
Uttar Pradesh,Shrawasti,880,78
Uttar Pradesh,Siddharthnagar,4872,158
Uttar Pradesh,Sitapur,8976,177
Uttar Pradesh,Sonbhadra,3360,113
Uttar Pradesh,Sultanpur,1467,67
Uttar Pradesh,Unnao,2148,111
Uttar Pradesh,Varanasi,1026,39
Uttarakhand,Almora,1731,32
Uttarakhand,Bageshwar,180,7
Uttarakhand,Chamoli,1064,6
Uttarakhand,Champawat,129,1
Uttarakhand,Dehradun,1146,33
Uttarakhand,Haridwar,939,85
Uttarakhand,Nainital,2286,646
Uttarakhand,Pauri Garhwal,1080,24
Uttarakhand,Pithoragarh,3578,23
Uttarakhand,Rudraprayag,1299,20
Uttarakhand,Tehri Garhwal,1632,104
Uttarakhand,Udham Singh Nagar,368,40
Uttarakhand,Uttarkashi,642,20
West Bengal,Bankura,6442,26
West Bengal,Barddhaman,9135,1032
West Bengal,Birbhum,306,4
West Bengal,Cooch Behar,4868,72
West Bengal,Dakshin Dinajpur,667,25
West Bengal,Darjeeling,349,10
West Bengal,Hooghly,602,16
West Bengal,Howrah,14,2
West Bengal,Jalpaiguri,1810,43
West Bengal,Kolkata,2741,7
West Bengal,Malda,235,13
West Bengal,Murshidabad,244,39
West Bengal,Nadia,2665,72
West Bengal,North 24 Parganas,1990,59
West Bengal,Paschim Medinipur,160,16
West Bengal,Purba Medinipur,139,22
West Bengal,Puruliya,111,8
West Bengal,South 24 Parganas,783,34
West Bengal,Uttar Dinajpur,1651,31
