State,District,Aadhaar generated,Enrolment Rejected
Andaman and Nicobar Islands,South Andaman,8,6
Andhra Pradesh,Ananthapur,322,14
Andhra Pradesh,Chittoor,149,5
Andhra Pradesh,Cuddapah,159,2
Andhra Pradesh,East Godavari,279,7
Andhra Pradesh,Guntur,332,2
Andhra Pradesh,Krishna,144,5
Andhra Pradesh,Kurnool,283,4
Andhra Pradesh,Nellore,172,5
Andhra Pradesh,Prakasam,172,1
Andhra Pradesh,Srikakulam,127,1
Andhra Pradesh,Visakhapatnam,390,6
Andhra Pradesh,Vizianagaram,264,1
Andhra Pradesh,West Godavari,235,1
Arunachal Pradesh,Changlang,1,0
Arunachal Pradesh,East Kameng,1,0
Arunachal Pradesh,Namsai,386,162
Arunachal Pradesh,Papum Pare,4,2
Arunachal Pradesh,Upper Siang,0,1
Arunachal Pradesh,West Kameng,3,0
Assam,Baksa,10,0
Assam,Barpeta,26,0
Assam,Bongaigaon,4,0
Assam,Cachar,18,0
Assam,Chirang,8,0
Assam,Darrang,3,0
Assam,Dhemaji,17,0
Assam,Dhubri,13,0
Assam,Dibrugarh,11,0
Assam,Goalpara,3,0
Assam,Golaghat,655,0
Assam,Hailakandi,8,0
Assam,Jorhat,71,1
Assam,Kamrup,299,0
Assam,Kamrup Metro,14,0
Assam,Karbi Anglong,21,0
Assam,Karimganj,3,0
Assam,Kokrajhar,5,0
Assam,Lakhimpur,11,0
Assam,Marigaon,1,0
Assam,Nagaon,1937,0
Assam,Nalbari,9,0
Assam,North Cachar Hills,2,0
Assam,Sibsagar,3,0
Assam,Sonitpur,14,0
Assam,Tinsukia,5,0
Assam,Udalguri,9,1
Bihar,Araria,5843,46
Bihar,Arwal,626,0
Bihar,Aurangabad,871,5
Bihar,Banka,1467,16
Bihar,Begusarai,3545,25
Bihar,Bhagalpur,1055,9
Bihar,Bhojpur,2907,159
Bihar,Buxar,1783,31
Bihar,Darbhanga,9449,183
Bihar,East Champaran,2862,20
Bihar,Gaya,2137,5
Bihar,Gopalganj,778,8
Bihar,Jamui,5211,95
Bihar,Jehanabad,336,3
Bihar,Kaimur (Bhabua),1961,12
Bihar,Katihar,4109,17
Bihar,Khagaria,1913,23
Bihar,Kishanganj,972,2
Bihar,Lakhisarai,1017,15
Bihar,Madhepura,5106,93
Bihar,Madhubani,3486,28
Bihar,Munger,963,12
Bihar,Muzaffarpur,2053,32
Bihar,Nalanda,4817,22
Bihar,Nawada,2199,35
Bihar,Patna,1870,16
Bihar,Purnia,3703,29
Bihar,Rohtas,1196,17
Bihar,Saharsa,1548,30
Bihar,Samastipur,4535,48
Bihar,Saran,1426,8
Bihar,Sheikhpura,182,0
Bihar,Sheohar,396,3
Bihar,Sitamarhi,2804,24
Bihar,Siwan,2657,92
Bihar,Supaul,1829,82
Bihar,Vaishali,824,12
Bihar,West Champaran,5404,82
Chandigarh,Chandigarh,42,2
Chhattisgarh,Balod,1434,13
Chhattisgarh,Baloda Bazar,3011,146
Chhattisgarh,Balrampur,1057,13
Chhattisgarh,Bastar,2202,84
Chhattisgarh,Bemetara,424,1
Chhattisgarh,Bijapur,16,1
Chhattisgarh,Bilaspur,1683,34
Chhattisgarh,Dakshin Bastar Dantewada,1241,3
Chhattisgarh,Dantewada,719,3
Chhattisgarh,Dhamtari,1196,3
Chhattisgarh,Durg,754,7
Chhattisgarh,Gariyaband,64,6
Chhattisgarh,Janjgir-champa,323,8
Chhattisgarh,Jashpur,555,10
Chhattisgarh,Kabeerdham,622,4
Chhattisgarh,Kanker,261,1
Chhattisgarh,Kawardha,1234,8
Chhattisgarh,Kondagaon,52,2
Chhattisgarh,Korba,1291,256
Chhattisgarh,Koriya,337,8
Chhattisgarh,Mahasamund,655,22
Chhattisgarh,Mungeli,639,8
Chhattisgarh,Narayanpur,324,7
Chhattisgarh,Raigarh,520,6
Chhattisgarh,Raipur,1429,10
Chhattisgarh,Rajnandgaon,651,14
Chhattisgarh,Sukma,74,5
Chhattisgarh,Surajpur,530,15
Chhattisgarh,Surguja,727,5
Chhattisgarh,Uttar Bastar Kanker,412,19
Dadra and Nagar Haveli,Dadra and Nagar Haveli,4,0
Daman and Diu,Diu,0,4
Delhi,Central Delhi,67,2
Delhi,East Delhi,439,11
Delhi,New Delhi,14,0
Delhi,North Delhi,101,5
Delhi,North East Delhi,426,16
Delhi,North West Delhi,566,11
Delhi,South Delhi,441,7
Delhi,South West Delhi,352,13
Delhi,West Delhi,614,18
Goa,North Goa,48,2
Goa,South Goa,48,1
Gujarat,Ahmedabad,2659,255
Gujarat,Amreli,632,8
Gujarat,Anand,378,5
Gujarat,Banaskantha,808,15
Gujarat,Bharuch,1104,10
Gujarat,Bhavnagar,1112,13
Gujarat,Dahod,1353,36
Gujarat,Gandhinagar,554,2
Gujarat,Jamnagar,514,0
Gujarat,Junagadh,367,2
Gujarat,Kachchh,228,2
Gujarat,Kheda,235,13
Gujarat,Mahesana,736,2
Gujarat,Narmada,1089,6
Gujarat,Navsari,93,1
Gujarat,Panchmahals,753,11
Gujarat,Patan,1416,6
Gujarat,Porbandar,24,1
Gujarat,Rajkot,1489,18
Gujarat,Sabarkantha,1169,19
Gujarat,Surat,1045,5
Gujarat,Surendra Nagar,815,14
Gujarat,Tapi,94,0
Gujarat,The Dangs,327,1
Gujarat,Vadodara,2169,49
Gujarat,Valsad,47,1
Haryana,Ambala,221,3
Haryana,Bhiwani,1286,21
Haryana,Faridabad,720,14
Haryana,Fatehabad,630,36
Haryana,Gurgaon,381,7
Haryana,Hisar,1093,24
Haryana,Jhajjar,472,10
Haryana,Jind,675,52
Haryana,Kaithal,791,10
Haryana,Karnal,233,6
Haryana,Kurukshetra,142,1
Haryana,Mahendragarh,699,6
Haryana,Mewat,587,13
Haryana,Palwal,1058,50
Haryana,Panchkula,200,3
Haryana,Panipat,461,13
Haryana,Rewari,179,6
Haryana,Rohtak,652,7
Haryana,Sirsa,901,34
Haryana,Sonipat,369,14
Haryana,Yamuna Nagar,378,27
Himachal Pradesh,Bilaspur,38,1
Himachal Pradesh,Chamba,2,0
Himachal Pradesh,Hamirpur,7,0
Himachal Pradesh,Kangra,158,2
Himachal Pradesh,Kinnaur,1,0
Himachal Pradesh,Kullu,40,0
Himachal Pradesh,Lahul and Spiti,1,0
Himachal Pradesh,Mandi,44,3
Himachal Pradesh,Shimla,19,0
Himachal Pradesh,Sirmaur,25,1
Himachal Pradesh,Solan,259,0
Himachal Pradesh,Una,9,1
Jammu and Kashmir,Anantnag,147,4
Jammu and Kashmir,Badgam,4084,42
Jammu and Kashmir,Bandipore,20,1
Jammu and Kashmir,Baramula,692,18
Jammu and Kashmir,Doda,188,1
Jammu and Kashmir,Ganderbal,230,0
Jammu and Kashmir,Jammu,456,42
Jammu and Kashmir,Kargil,207,0
Jammu and Kashmir,Kathua,1246,6
Jammu and Kashmir,Kishtwar,343,0
Jammu and Kashmir,Kulgam,31,17
Jammu and Kashmir,Kupwara,82,1
Jammu and Kashmir,Leh,284,0
Jammu and Kashmir,Pulwama,22,39
Jammu and Kashmir,Punch,165,186
Jammu and Kashmir,Rajouri,107,164
Jammu and Kashmir,Ramban,40,16
Jammu and Kashmir,Reasi,191,23
Jammu and Kashmir,Samba,201,13
Jammu and Kashmir,Shupiyan,34,1
Jammu and Kashmir,Srinagar,8763,182
Jammu and Kashmir,Udhampur,86,12
Jharkhand,Bokaro,297,2
Jharkhand,Chatra,194,1
Jharkhand,Deoghar,70,3
Jharkhand,Dhanbad,231,1
Jharkhand,Dumka,106,4
Jharkhand,East Singhbhum,122,7
Jharkhand,Garhwa,66,2
Jharkhand,Giridih,459,6
Jharkhand,Godda,119,3
Jharkhand,Gumla,165,0
Jharkhand,Hazaribagh,477,4
Jharkhand,Jamtara,39,0
Jharkhand,Khunti,51,0
Jharkhand,Koderma,66,0
Jharkhand,Latehar,14,0
Jharkhand,Lohardaga,107,0
Jharkhand,Pakur,122,1
Jharkhand,Palamu,89,0
Jharkhand,Ramgarh,134,0
Jharkhand,Ranchi,533,1
Jharkhand,Sahebganj,153,1
Jharkhand,Seraikela-Kharsawan,62,2
Jharkhand,Simdega,534,4
Jharkhand,West Singhbhum,195,1
Karnataka,Bagalkot,317,1
Karnataka,Ballari,265,3
Karnataka,Bangalore Rural,333,0
Karnataka,Belagavi,702,3
Karnataka,Bengaluru,1533,17
Karnataka,Bidar,213,5
Karnataka,Chamrajanagar,238,2
Karnataka,Chikkaballapur,1443,32
Karnataka,Chikkamagaluru,391,3
Karnataka,Chitradurga,681,14
Karnataka,Dakshina Kannada,397,0
Karnataka,Davangere,305,1
Karnataka,Dharwad,207,1
Karnataka,Gadag,133,2
Karnataka,Hassan,869,4
Karnataka,Haveri,175,6
Karnataka,Kalaburagi,351,6
Karnataka,Kodagu,156,1
Karnataka,Kolar,369,10
Karnataka,Koppal,336,1
Karnataka,Mandya,431,2
Karnataka,Mysuru,283,2
Karnataka,Raichur,346,13
Karnataka,Ramanagar,231,0
Karnataka,Shivamogga,215,4
Karnataka,Tumakuru,392,5
Karnataka,Udupi,119,1
Karnataka,Uttara Kannada,455,1
Karnataka,Vijayapura,289,4
Karnataka,Yadgir,252,0
Kerala,Alappuzha,126,1
Kerala,Ernakulam,108,1
Kerala,Idukki,20,0
Kerala,Kannur,233,1
Kerala,Kasaragod,246,1
Kerala,Kollam,145,3
Kerala,Kottayam,125,4
Kerala,Kozhikode,258,3
Kerala,Malappuram,684,3
Kerala,Palakkad,264,5
Kerala,Pathanamthitta,45,1
Kerala,Thiruvananthapuram,404,4
Kerala,Thrissur,262,1
Kerala,Wayanad,22,1
Lakshadweep,Lakshadweep,3,0
Madhya Pradesh,Alirajpur,176,1
Madhya Pradesh,Anuppur,114,5
Madhya Pradesh,Ashok Nagar,917,18
Madhya Pradesh,Balaghat,899,21
Madhya Pradesh,Barwani,245,6
Madhya Pradesh,Betul,794,23
Madhya Pradesh,Bhind,904,33
Madhya Pradesh,Bhopal,743,51
Madhya Pradesh,Burhanpur,54,1
Madhya Pradesh,Chhatarpur,2079,20
Madhya Pradesh,Chhindwara,491,5
Madhya Pradesh,Damoh,615,17
Madhya Pradesh,Datia,396,5
Madhya Pradesh,Dewas,412,10
Madhya Pradesh,Dhar,849,5
Madhya Pradesh,Dindori,244,4
Madhya Pradesh,Guna,723,13
Madhya Pradesh,Gwalior,889,9
Madhya Pradesh,Harda,35,0
Madhya Pradesh,Hoshangabad,51,1
Madhya Pradesh,Indore,252,6
Madhya Pradesh,Jabalpur,621,22
Madhya Pradesh,Jhabua,647,2
Madhya Pradesh,Katni,1004,16
Madhya Pradesh,Khandwa,121,2
Madhya Pradesh,Khargone,263,2
Madhya Pradesh,Mandla,598,13
Madhya Pradesh,Mandsaur,54,0
Madhya Pradesh,Morena,2022,26
Madhya Pradesh,Narsinghpur,420,13
Madhya Pradesh,Neemuch,355,3
Madhya Pradesh,Panna,281,7
Madhya Pradesh,Raisen,528,6
Madhya Pradesh,Rajgarh,1457,29
Madhya Pradesh,Ratlam,135,2
Madhya Pradesh,Rewa,1427,45
Madhya Pradesh,Sagar,1061,9
Madhya Pradesh,Satna,1728,32
Madhya Pradesh,Sehore,345,6
Madhya Pradesh,Seoni,752,10
Madhya Pradesh,Shahdol,253,1
Madhya Pradesh,Shajapur,634,18
Madhya Pradesh,Sheopur,989,22
Madhya Pradesh,Shivpuri,3313,40
Madhya Pradesh,Sidhi,960,11
Madhya Pradesh,Singrauli,1136,26
Madhya Pradesh,Tikamgarh,1036,11
Madhya Pradesh,Ujjain,470,9
Madhya Pradesh,Umaria,251,4
Madhya Pradesh,Vidisha,562,15
Maharashtra,Ahmadnagar,758,14
Maharashtra,Akola,338,11
Maharashtra,Amravati,327,15
Maharashtra,Aurangabad,2121,118
Maharashtra,Beed,897,45
Maharashtra,Bhandara,117,6
Maharashtra,Buldhana,350,32
Maharashtra,Chandrapur,635,9
Maharashtra,Dhule,229,7
Maharashtra,Gadchiroli,242,2
Maharashtra,Gondiya,237,53
Maharashtra,Hingoli,291,8
Maharashtra,Jalgaon,208,31
Maharashtra,Jalna,723,28
Maharashtra,Kolhapur,2008,178
Maharashtra,Latur,468,40
Maharashtra,Mumbai,1761,40
Maharashtra,Nagpur,687,17
Maharashtra,Nanded,1048,19
Maharashtra,Nandurbar,233,4
Maharashtra,Nashik,1006,52
Maharashtra,Osmanabad,579,44
Maharashtra,Palghar,609,38
Maharashtra,Parbhani,2212,33
Maharashtra,Pune,2829,97
Maharashtra,Raigarh,942,25
Maharashtra,Ratnagiri,2208,18
Maharashtra,Sangli,1374,30
Maharashtra,Satara,1069,23
Maharashtra,Sindhudurg,280,19
Maharashtra,Solapur,3732,46
Maharashtra,Thane,1773,26
Maharashtra,Wardha,109,2
Maharashtra,Washim,659,11
Maharashtra,Yavatmal,323,12
Manipur,Bishnupur,62,0
Manipur,Chandel,45,0
Manipur,Churachandpur,130,1
Manipur,Imphal East,684,2
Manipur,Imphal West,338,2
Manipur,Senapati,10,0
Manipur,Tamenglong,162,0
Manipur,Thoubal,23,0
Manipur,Ukhrul,7,0
Meghalaya,East Khasi Hills,10,0
Meghalaya,Jaintia Hills,1,0
Meghalaya,Ri Bhoi,2,0
Meghalaya,West Garo Hills,1,0
Meghalaya,West Khasi Hills,2,0
Mizoram,Aizawl,21,0
Mizoram,Champhai,190,0
Mizoram,Kolasib,2,0
Mizoram,Lawngtlai,4,0
Mizoram,Lunglei,5,1
Mizoram,Serchhip,3,0
Nagaland,Dimapur,3,0
Nagaland,Kiphire,2,0
Nagaland,Kohima,1,0
Nagaland,Longleng,1,0
Nagaland,Mokokchung,1,0
Nagaland,Peren,16,0
Nagaland,Tuensang,35,1
Odisha,Angul,194,0
Odisha,Balangir,208,3
Odisha,Baleswar,2741,0
Odisha,Bargarh,8645,73
Odisha,Bhadrak,1059,0
Odisha,Boudh,129,0
Odisha,Cuttack,484,9
Odisha,Debagarh,53,0
Odisha,Dhenkanal,744,2
Odisha,Gajapati,178,7
Odisha,Ganjam,25903,364
Odisha,Jagatsinghapur,11,0
Odisha,Jajapur,8,1
Odisha,Jharsuguda,6,3
Odisha,Kalahandi,6358,42
Odisha,Kendrapara,415,1
Odisha,Kendujhar,8,4
Odisha,Khorda,483,4
Odisha,Koraput,22,0
Odisha,Malkangiri,4903,42
Odisha,Mayurbhanj,1166,1
Odisha,Nabarangapur,498,6
Odisha,Nayagarh,3,0
Odisha,Nuapada,10,0
Odisha,Puri,756,5
Odisha,Rayagada,33,0
Odisha,Sambalpur,463,0
Odisha,Sonapur,1,0
Odisha,Sundergarh,669,1
Puducherry,Karaikal,850,0
Puducherry,Puducherry,58,1
Punjab,Amritsar,482,12
Punjab,Barnala,70,1
Punjab,Bathinda,541,6
Punjab,Faridkot,46,1
Punjab,Fatehgarh Sahib,59,3
Punjab,Fazilka,198,5
Punjab,Ferozepur,155,2
Punjab,Gurdaspur,140,7
Punjab,Hoshiarpur,185,3
Punjab,Jalandhar,89,5
Punjab,Kapurthala,76,0
Punjab,Ludhiana,727,29
Punjab,Mansa,140,5
Punjab,Moga,241,5
Punjab,Pathankot,72,2
Punjab,Patiala,153,5
Punjab,Rupnagar,112,1
Punjab,SAS Nagar (Mohali),71,6
Punjab,Sangrur,332,4
Punjab,Shaheed Bhagat Singh Nagar,48,1
Punjab,Sri Muktsar Sahib,214,1
Punjab,Tarn Taran,250,6
Rajasthan,Ajmer,393,18
Rajasthan,Alwar,835,15
Rajasthan,Banswara,456,11
Rajasthan,Baran,263,13
Rajasthan,Barmer,411,16
Rajasthan,Bharatpur,1187,27
Rajasthan,Bhilwara,730,5
Rajasthan,Bikaner,630,5
Rajasthan,Bundi,1539,36
Rajasthan,Chittorgarh,446,6
Rajasthan,Churu,648,4
Rajasthan,Dausa,304,25
Rajasthan,Dholpur,1273,28
Rajasthan,Dungarpur,1033,14
Rajasthan,Ganganagar,956,13
Rajasthan,Hanumangarh,1319,5
Rajasthan,Jaipur,1616,17
Rajasthan,Jaisalmer,1125,19
Rajasthan,Jalor,578,14
Rajasthan,Jhalawar,693,20
Rajasthan,Jhunjhunun,357,9
Rajasthan,Jodhpur,2458,52
Rajasthan,Karauli,654,5
Rajasthan,Kota,577,3
Rajasthan,Nagaur,1548,15
Rajasthan,Pali,531,10
Rajasthan,Pratapgarh,944,12
Rajasthan,Rajsamand,436,17
Rajasthan,Sawai Madhopur,535,20
Rajasthan,Sikar,587,39
Rajasthan,Sirohi,307,11
Rajasthan,Tonk,753,10
Rajasthan,Udaipur,818,31
Sikkim,East Sikkim,2,0
Sikkim,North Sikkim,0,1
Sikkim,West Sikkim,1,0
Tamil Nadu,Chennai,11141,5
Tamil Nadu,Coimbatore,971,2
Tamil Nadu,Cuddalore,10986,19
Tamil Nadu,Dharmapuri,3400,9
Tamil Nadu,Dindigul,9419,17
Tamil Nadu,Erode,83,4
Tamil Nadu,Kancheepuram,3944,15
Tamil Nadu,Kanniyakumari,2500,1
Tamil Nadu,Karur,17,0
Tamil Nadu,Krishnagiri,86,3
Tamil Nadu,Madurai,10185,7
Tamil Nadu,Nagapattinam,431,2
Tamil Nadu,Namakkal,4401,55
Tamil Nadu,Perambalur,513,2
Tamil Nadu,Pudukkottai,1,1
Tamil Nadu,Ramanathapuram,524,3
Tamil Nadu,Salem,1473,6
Tamil Nadu,Sivaganga,879,4
Tamil Nadu,Thanjavur,83,2
Tamil Nadu,The Nilgiris,117,0
Tamil Nadu,Theni,297,0
Tamil Nadu,Thiruvarur,200,0
Tamil Nadu,Thoothukkudi,1340,10
Tamil Nadu,Tiruchirappalli,126,0
Tamil Nadu,Tirunelveli,2045,4
Tamil Nadu,Tiruppur,21,1
Tamil Nadu,Tiruvallur,8333,14
Tamil Nadu,Tiruvannamalai,1060,4
Tamil Nadu,Vellore,968,12
Tamil Nadu,Villupuram,3163,17
Tamil Nadu,Virudhunagar,5291,8
Telangana,Adilabad,190,3
Telangana,Hyderabad,541,7
Telangana,K.v. Rangareddy,466,10
Telangana,Karimnagar,407,7
Telangana,Khammam,107,4
Telangana,Mahabubnagar,370,3
Telangana,Medak,355,8
Telangana,Nalgonda,384,3
Telangana,Nizamabad,223,3
Telangana,Warangal,120,2
Tripura,Dhalai,32,0
Tripura,Gomati,15,3
Tripura,Khowai,240,6
Tripura,North Tripura,332,6
Tripura,Sepahijala,67,9
Tripura,South Tripura,257,5
Tripura,Unakoti,12,0
Tripura,West Tripura,51,9
Uttar Pradesh,Agra,1029,21
Uttar Pradesh,Aligarh,1712,157
Uttar Pradesh,Allahabad,3440,17
Uttar Pradesh,Ambedkar Nagar,466,1
Uttar Pradesh,Amethi,869,6
Uttar Pradesh,Amroha,651,25
Uttar Pradesh,Auraiya,390,7
Uttar Pradesh,Azamgarh,2848,24
Uttar Pradesh,Baghpat,102,9
Uttar Pradesh,Bahraich,2224,8
Uttar Pradesh,Ballia,915,15
Uttar Pradesh,Balrampur,2999,113
Uttar Pradesh,Banda,3582,30
Uttar Pradesh,Bara Banki,1054,13
Uttar Pradesh,Bareilly,463,12
Uttar Pradesh,Basti,828,2
Uttar Pradesh,Bijnor,1308,47
Uttar Pradesh,Budaun,2139,29
Uttar Pradesh,Bulandshahr,1264,22
Uttar Pradesh,Chandauli,1037,8
Uttar Pradesh,Chitrakoot,823,9
Uttar Pradesh,Deoria,1220,23
Uttar Pradesh,Etah,217,10
Uttar Pradesh,Etawah,1205,7
Uttar Pradesh,Faizabad,892,55
Uttar Pradesh,Farrukhabad,886,5
Uttar Pradesh,Fatehpur,3039,80
Uttar Pradesh,Firozabad,725,18
Uttar Pradesh,Gautam Buddha Nagar,391,29
Uttar Pradesh,Ghaziabad,1424,20
Uttar Pradesh,Ghazipur,893,7
Uttar Pradesh,Gonda,1805,24
Uttar Pradesh,Gorakhpur,1865,13
Uttar Pradesh,Hamirpur,2293,36
Uttar Pradesh,Hapur,449,2
Uttar Pradesh,Hardoi,1900,33
Uttar Pradesh,Hathras,462,65
Uttar Pradesh,Jalaun,3191,18
Uttar Pradesh,Jaunpur,1937,13
Uttar Pradesh,Jhansi,1304,12
Uttar Pradesh,Kannauj,669,17
Uttar Pradesh,Kanpur Dehat,326,2
Uttar Pradesh,Kanpur Nagar,1273,17
Uttar Pradesh,Kasganj,810,33
Uttar Pradesh,Kaushambi,1286,12
Uttar Pradesh,Kheri,3209,21
Uttar Pradesh,Kushinagar,1298,10
Uttar Pradesh,Lalitpur,1847,21
Uttar Pradesh,Lucknow,1420,6
Uttar Pradesh,Maharajganj,801,15
Uttar Pradesh,Mahoba,2637,28
Uttar Pradesh,Mainpuri,785,14
Uttar Pradesh,Mathura,1202,40
Uttar Pradesh,Mau,777,3
Uttar Pradesh,Meerut,1238,14
Uttar Pradesh,Mirzapur,495,1
Uttar Pradesh,Moradabad,699,25
Uttar Pradesh,Muzaffarnagar,1111,22
Uttar Pradesh,Pilibhit,1202,10
Uttar Pradesh,Pratapgarh,847,5
Uttar Pradesh,Rae Bareli,702,9
Uttar Pradesh,Rampur,650,59
Uttar Pradesh,Saharanpur,407,8
Uttar Pradesh,Sambhal,1019,18
Uttar Pradesh,Sant Kabir Nagar,529,5
Uttar Pradesh,Sant Ravidas Nagar,329,1
Uttar Pradesh,Shahjahanpur,1310,23
Uttar Pradesh,Shamli,256,3
Uttar Pradesh,Shrawasti,1021,9
Uttar Pradesh,Siddharthnagar,2497,20
Uttar Pradesh,Sitapur,5066,41
Uttar Pradesh,Sonbhadra,5202,36
Uttar Pradesh,Sultanpur,707,15
Uttar Pradesh,Unnao,621,50
Uttar Pradesh,Varanasi,872,3
Uttarakhand,Almora,4494,1
Uttarakhand,Bageshwar,472,3
Uttarakhand,Chamoli,1155,0
Uttarakhand,Champawat,23,1
Uttarakhand,Dehradun,628,1
Uttarakhand,Haridwar,606,10
Uttarakhand,Nainital,594,1
Uttarakhand,Pauri Garhwal,1385,11
Uttarakhand,Pithoragarh,1079,11
Uttarakhand,Rudraprayag,1114,4
Uttarakhand,Tehri Garhwal,744,47
Uttarakhand,Udham Singh Nagar,530,10
Uttarakhand,Uttarkashi,591,2
West Bengal,Bankura,2972,15
West Bengal,Barddhaman,10571,50
West Bengal,Birbhum,5046,28
West Bengal,Cooch Behar,5254,24
West Bengal,Dakshin Dinajpur,1088,16
West Bengal,Darjeeling,109,13
West Bengal,Hooghly,1781,4
West Bengal,Howrah,36,1
West Bengal,Jalpaiguri,643,38
West Bengal,Kolkata,110,3
West Bengal,Malda,3826,18
West Bengal,Murshidabad,1667,15
West Bengal,Nadia,766,12
West Bengal,North 24 Parganas,6683,87
West Bengal,Paschim Medinipur,3140,139
West Bengal,Purba Medinipur,5829,83
West Bengal,Puruliya,5319,42
West Bengal,South 24 Parganas,270,10
West Bengal,Uttar Dinajpur,1271,3
