State,District,Aadhaar generated,Enrolment Rejected
Andaman and Nicobar Islands,Nicobar,32,0
Andaman and Nicobar Islands,North And Middle Andaman,297,13
Andaman and Nicobar Islands,South Andaman,238,26
Andhra Pradesh,Ananthapur,613,39
Andhra Pradesh,Chittoor,309,13
Andhra Pradesh,Cuddapah,244,6
Andhra Pradesh,East Godavari,549,19
Andhra Pradesh,Guntur,448,13
Andhra Pradesh,Krishna,261,11
Andhra Pradesh,Kurnool,804,21
Andhra Pradesh,Nellore,389,8
Andhra Pradesh,Prakasam,581,8
Andhra Pradesh,Srikakulam,297,10
Andhra Pradesh,Visakhapatnam,550,19
Andhra Pradesh,Vizianagaram,229,12
Andhra Pradesh,West Godavari,572,9
Arunachal Pradesh,Anjaw,1,0
Arunachal Pradesh,Changlang,1,0
Arunachal Pradesh,East Siang,3,0
Arunachal Pradesh,Lohit,19,0
Arunachal Pradesh,Longding,43,1
Arunachal Pradesh,Namsai,3,17
Arunachal Pradesh,Papum Pare,421,4
Arunachal Pradesh,Siang,1,0
Arunachal Pradesh,Tawang,26,0
Arunachal Pradesh,Tirap,1,0
Arunachal Pradesh,West Kameng,61,1
Arunachal Pradesh,West Siang,54,0
Assam,Baksa,33,0
Assam,Barpeta,50,0
Assam,Bongaigaon,20,0
Assam,Cachar,121,0
Assam,Chirang,19,0
Assam,Darrang,8,0
Assam,Dhemaji,20,0
Assam,Dhubri,18,0
Assam,Dibrugarh,13,0
Assam,Goalpara,8,0
Assam,Golaghat,125,0
Assam,Hailakandi,24,0
Assam,Jorhat,17,2
Assam,Kamrup,132,2
Assam,Kamrup Metro,14,1
Assam,Karbi Anglong,19,0
Assam,Karimganj,20,0
Assam,Kokrajhar,24,0
Assam,Lakhimpur,27,0
Assam,Marigaon,15,0
Assam,Nagaon,250,2
Assam,Nalbari,21,0
Assam,North Cachar Hills,3,0
Assam,Sibsagar,16,0
Assam,Sonitpur,40,0
Assam,Tinsukia,9,0
Assam,Udalguri,45,0
Bihar,Araria,14395,412
Bihar,Arwal,538,12
Bihar,Aurangabad,1366,53
Bihar,Banka,3502,85
Bihar,Begusarai,3576,103
Bihar,Bhagalpur,1846,74
Bihar,Bhojpur,5298,191
Bihar,Buxar,3166,37
Bihar,Darbhanga,9248,372
Bihar,East Champaran,3072,83
Bihar,Gaya,2924,83
Bihar,Gopalganj,1384,80
Bihar,Jamui,3556,220
Bihar,Jehanabad,1655,16
Bihar,Kaimur (Bhabua),4279,80
Bihar,Katihar,3920,160
Bihar,Khagaria,3430,65
Bihar,Kishanganj,1739,34
Bihar,Lakhisarai,555,22
Bihar,Madhepura,6680,246
Bihar,Madhubani,5015,120
Bihar,Munger,1030,18
Bihar,Muzaffarpur,1914,119
Bihar,Nalanda,4651,114
Bihar,Nawada,5873,99
Bihar,Patna,3371,145
Bihar,Purnia,6220,269
Bihar,Rohtas,2140,41
Bihar,Saharsa,1912,104
Bihar,Samastipur,9183,223
Bihar,Saran,1555,17
Bihar,Sheikhpura,203,6
Bihar,Sheohar,409,12
Bihar,Sitamarhi,1639,56
Bihar,Siwan,4242,195
Bihar,Supaul,1785,122
Bihar,Vaishali,1681,44
Bihar,West Champaran,6192,327
Chandigarh,Chandigarh,52,2
Chhattisgarh,Balod,1950,45
Chhattisgarh,Baloda Bazar,2919,61
Chhattisgarh,Balrampur,5682,226
Chhattisgarh,Bastar,4294,200
Chhattisgarh,Bemetara,596,10
Chhattisgarh,Bijapur,1602,10
Chhattisgarh,Bilaspur,1156,54
Chhattisgarh,Dakshin Bastar Dantewada,534,7
Chhattisgarh,Dantewada,517,6
Chhattisgarh,Dhamtari,1397,17
Chhattisgarh,Durg,1077,19
Chhattisgarh,Gariyaband,103,7
Chhattisgarh,Janjgir-champa,1781,39
Chhattisgarh,Jashpur,1367,53
Chhattisgarh,Kabeerdham,112,8
Chhattisgarh,Kanker,323,18
Chhattisgarh,Kawardha,336,14
Chhattisgarh,Kondagaon,572,6
Chhattisgarh,Korba,1214,28
Chhattisgarh,Koriya,415,36
Chhattisgarh,Mahasamund,681,27
Chhattisgarh,Mungeli,959,35
Chhattisgarh,Narayanpur,174,4
Chhattisgarh,Raigarh,1930,22
Chhattisgarh,Raipur,1141,29
Chhattisgarh,Rajnandgaon,619,31
Chhattisgarh,Sukma,121,17
Chhattisgarh,Surajpur,1405,252
Chhattisgarh,Surguja,1103,24
Chhattisgarh,Uttar Bastar Kanker,348,21
Dadra and Nagar Haveli,Dadra and Nagar Haveli,307,2
Delhi,Central Delhi,198,11
Delhi,East Delhi,264,28
Delhi,New Delhi,30,0
Delhi,North Delhi,159,13
Delhi,North East Delhi,847,37
Delhi,North West Delhi,1121,51
Delhi,South Delhi,619,28
Delhi,South West Delhi,338,13
Delhi,West Delhi,699,27
Goa,North Goa,26,1
Goa,South Goa,6,3
Gujarat,Ahmedabad,3361,654
Gujarat,Amreli,509,3
Gujarat,Anand,1404,32
Gujarat,Arvalli,967,6
Gujarat,Banaskantha,1869,19
Gujarat,Bharuch,295,15
Gujarat,Bhavnagar,1869,366
Gujarat,Dahod,446,30
Gujarat,Devbhumi Dwarka,82,5
Gujarat,Gandhinagar,467,15
Gujarat,Gir Somnath,3,0
Gujarat,Jamnagar,36,5
Gujarat,Junagadh,144,9
Gujarat,Kachchh,1469,4
Gujarat,Kheda,1680,111
Gujarat,Mahesana,743,9
Gujarat,Narmada,27,11
Gujarat,Navsari,16,0
Gujarat,Panchmahals,878,66
Gujarat,Patan,1951,28
Gujarat,Porbandar,330,6
Gujarat,Rajkot,767,20
Gujarat,Sabarkantha,1972,52
Gujarat,Surat,2161,43
Gujarat,Surendra Nagar,2623,16
Gujarat,Tapi,277,3
Gujarat,The Dangs,63,0
Gujarat,Vadodara,4440,57
Gujarat,Valsad,543,12
Haryana,Ambala,874,39
Haryana,Bhiwani,1616,41
Haryana,Faridabad,1051,47
Haryana,Fatehabad,403,35
Haryana,Gurgaon,497,20
Haryana,Hisar,1557,64
Haryana,Jhajjar,1639,26
Haryana,Jind,384,27
Haryana,Kaithal,386,9
Haryana,Karnal,272,14
Haryana,Kurukshetra,258,6
Haryana,Mahendragarh,1024,14
Haryana,Mewat,1615,72
Haryana,Palwal,1131,63
Haryana,Panchkula,228,11
Haryana,Panipat,832,80
Haryana,Rewari,601,22
Haryana,Rohtak,1134,24
Haryana,Sirsa,552,34
Haryana,Sonipat,818,30
Haryana,Yamuna Nagar,1089,36
Himachal Pradesh,Bilaspur,19,1
Himachal Pradesh,Chamba,212,6
Himachal Pradesh,Hamirpur,76,2
Himachal Pradesh,Kangra,384,7
Himachal Pradesh,Kinnaur,34,0
Himachal Pradesh,Kullu,243,0
Himachal Pradesh,Lahul and Spiti,1,0
Himachal Pradesh,Mandi,133,1
Himachal Pradesh,Shimla,78,1
Himachal Pradesh,Sirmaur,35,2
Himachal Pradesh,Solan,148,1
Himachal Pradesh,Una,32,0
Jammu and Kashmir,Anantnag,246,31
Jammu and Kashmir,Badgam,733,61
Jammu and Kashmir,Bandipore,38,0
Jammu and Kashmir,Baramula,25,1
Jammu and Kashmir,Doda,184,2
Jammu and Kashmir,Ganderbal,136,0
Jammu and Kashmir,Jammu,4338,97
Jammu and Kashmir,Kargil,6,0
Jammu and Kashmir,Kathua,913,3
Jammu and Kashmir,Kishtwar,14,0
Jammu and Kashmir,Kulgam,303,1
Jammu and Kashmir,Kupwara,32,1
Jammu and Kashmir,Leh,16,1
Jammu and Kashmir,Pulwama,7,1
Jammu and Kashmir,Punch,3870,10
Jammu and Kashmir,Rajouri,2027,9
Jammu and Kashmir,Ramban,8,0
Jammu and Kashmir,Reasi,49,0
Jammu and Kashmir,Samba,898,7
Jammu and Kashmir,Shupiyan,10,4
Jammu and Kashmir,Srinagar,118,92
Jammu and Kashmir,Udhampur,122,0
Jharkhand,Bokaro,223,7
Jharkhand,Chatra,148,10
Jharkhand,Deoghar,349,11
Jharkhand,Dhanbad,491,26
Jharkhand,Dumka,282,8
Jharkhand,East Singhbhum,299,8
Jharkhand,Garhwa,292,11
Jharkhand,Giridih,1177,21
Jharkhand,Godda,349,20
Jharkhand,Gumla,171,5
Jharkhand,Hazaribagh,489,21
Jharkhand,Jamtara,46,5
Jharkhand,Khunti,57,0
Jharkhand,Koderma,130,4
Jharkhand,Latehar,325,3
Jharkhand,Lohardaga,70,1
Jharkhand,Pakur,23,4
Jharkhand,Palamu,208,26
Jharkhand,Ramgarh,105,3
Jharkhand,Ranchi,517,9
Jharkhand,Sahebganj,150,9
Jharkhand,Seraikela-Kharsawan,101,3
Jharkhand,Simdega,65,6
Jharkhand,West Singhbhum,303,122
Karnataka,Bagalkot,355,15
Karnataka,Ballari,291,14
Karnataka,Bangalore Rural,884,12
Karnataka,Belagavi,812,33
Karnataka,Bengaluru,2433,52
Karnataka,Bidar,190,18
Karnataka,Chamrajanagar,281,20
Karnataka,Chikkaballapur,905,135
Karnataka,Chikkamagaluru,252,7
Karnataka,Chitradurga,706,28
Karnataka,Dakshina Kannada,381,17
Karnataka,Davangere,667,38
Karnataka,Dharwad,137,4
Karnataka,Gadag,54,1
Karnataka,Hassan,220,30
Karnataka,Haveri,347,10
Karnataka,Kalaburagi,443,26
Karnataka,Kodagu,105,3
Karnataka,Kolar,480,37
Karnataka,Koppal,736,11
Karnataka,Mandya,690,14
Karnataka,Mysuru,233,3
Karnataka,Raichur,1949,94
Karnataka,Ramanagar,182,6
Karnataka,Shivamogga,597,1
Karnataka,Tumakuru,370,18
Karnataka,Udupi,94,1
Karnataka,Uttara Kannada,174,6
Karnataka,Vijayapura,288,8
Karnataka,Yadgir,216,9
Kerala,Alappuzha,283,4
Kerala,Ernakulam,211,3
Kerala,Idukki,354,6
Kerala,Kannur,199,4
Kerala,Kasaragod,21,4
Kerala,Kollam,367,2
Kerala,Kottayam,257,1
Kerala,Kozhikode,263,2
Kerala,Malappuram,1276,5
Kerala,Palakkad,244,5
Kerala,Pathanamthitta,101,2
Kerala,Thiruvananthapuram,323,2
Kerala,Thrissur,249,3
Kerala,Wayanad,8,1
Lakshadweep,Lakshadweep,3,0
Madhya Pradesh,Alirajpur,237,12
Madhya Pradesh,Anuppur,188,12
Madhya Pradesh,Ashok Nagar,1751,68
Madhya Pradesh,Balaghat,951,62
Madhya Pradesh,Barwani,504,26
Madhya Pradesh,Betul,615,18
Madhya Pradesh,Bhind,1931,75
Madhya Pradesh,Bhopal,956,78
Madhya Pradesh,Burhanpur,284,8
Madhya Pradesh,Chhatarpur,3294,145
Madhya Pradesh,Chhindwara,809,29
Madhya Pradesh,Damoh,742,33
Madhya Pradesh,Datia,1098,73
Madhya Pradesh,Dewas,667,41
Madhya Pradesh,Dhar,1045,25
Madhya Pradesh,Dindori,495,11
Madhya Pradesh,Guna,1327,36
Madhya Pradesh,Gwalior,934,298
Madhya Pradesh,Harda,63,2
Madhya Pradesh,Hoshangabad,154,7
Madhya Pradesh,Indore,1144,47
Madhya Pradesh,Jabalpur,940,59
Madhya Pradesh,Jhabua,392,19
Madhya Pradesh,Katni,540,39
Madhya Pradesh,Khandwa,375,10
Madhya Pradesh,Khargone,1509,27
Madhya Pradesh,Mandla,1178,36
Madhya Pradesh,Mandsaur,191,15
Madhya Pradesh,Morena,3742,88
Madhya Pradesh,Narsinghpur,634,22
Madhya Pradesh,Neemuch,332,6
Madhya Pradesh,Panna,1107,16
Madhya Pradesh,Raisen,622,29
Madhya Pradesh,Rajgarh,3110,113
Madhya Pradesh,Ratlam,370,11
Madhya Pradesh,Rewa,2467,181
Madhya Pradesh,Sagar,1307,35
Madhya Pradesh,Satna,1644,63
Madhya Pradesh,Sehore,488,19
Madhya Pradesh,Seoni,695,21
Madhya Pradesh,Shahdol,713,28
Madhya Pradesh,Shajapur,275,18
Madhya Pradesh,Sheopur,1316,106
Madhya Pradesh,Shivpuri,4035,107
Madhya Pradesh,Sidhi,1505,110
Madhya Pradesh,Singrauli,802,108
Madhya Pradesh,Tikamgarh,1564,31
Madhya Pradesh,Ujjain,1354,17
Madhya Pradesh,Umaria,429,23
Madhya Pradesh,Vidisha,669,51
Maharashtra,Ahmadnagar,1810,44
Maharashtra,Akola,779,39
Maharashtra,Amravati,316,29
Maharashtra,Aurangabad,2429,121
Maharashtra,Beed,2328,42
Maharashtra,Bhandara,452,15
Maharashtra,Buldhana,866,22
Maharashtra,Chandrapur,584,21
Maharashtra,Dhule,402,18
Maharashtra,Gadchiroli,387,33
Maharashtra,Gondiya,736,47
Maharashtra,Hingoli,1095,23
Maharashtra,Jalgaon,1196,23
Maharashtra,Jalna,1624,54
Maharashtra,Kolhapur,3282,83
Maharashtra,Latur,996,25
Maharashtra,Mumbai,2096,63
Maharashtra,Nagpur,1643,70
Maharashtra,Nanded,1404,33
Maharashtra,Nandurbar,309,17
Maharashtra,Nashik,1969,51
Maharashtra,Osmanabad,824,34
Maharashtra,Palghar,1031,49
Maharashtra,Parbhani,3829,117
Maharashtra,Pune,7381,107
Maharashtra,Raigarh,1932,25
Maharashtra,Ratnagiri,3299,46
Maharashtra,Sangli,1493,39
Maharashtra,Satara,2424,39
Maharashtra,Sindhudurg,1517,7
Maharashtra,Solapur,4184,97
Maharashtra,Thane,1595,36
Maharashtra,Wardha,231,25
Maharashtra,Washim,794,16
Maharashtra,Yavatmal,978,27
Manipur,Bishnupur,7,0
Manipur,Chandel,22,2
Manipur,Churachandpur,5,1
Manipur,Imphal East,162,2
Manipur,Imphal West,307,6
Manipur,Senapati,35,2
Manipur,Tamenglong,21,0
Manipur,Thoubal,85,0
Manipur,Ukhrul,20,0
Meghalaya,East Garo Hills,1,0
Meghalaya,East Khasi Hills,23,0
Meghalaya,Jaintia Hills,2,0
Meghalaya,South Garo Hills,2,0
Meghalaya,West Garo Hills,11,0
Meghalaya,West Khasi Hills,2,0
Mizoram,Aizawl,1645,96
Mizoram,Champhai,27,0
Mizoram,Kolasib,276,2
Mizoram,Lawngtlai,3,0
Mizoram,Lunglei,7,1
Mizoram,Mammit,46,0
Mizoram,Serchhip,2,0
Nagaland,Dimapur,699,0
Nagaland,Kiphire,66,3
Nagaland,Kohima,85,3
Nagaland,Longleng,41,0
Nagaland,Mokokchung,2,5
Nagaland,Peren,184,0
Nagaland,Phek,0,3
Nagaland,Tuensang,9,1
Nagaland,Wokha,0,1
Nagaland,Zunheboto,3,1
Odisha,Angul,10,5
Odisha,Balangir,1927,31
Odisha,Baleswar,76,14
Odisha,Bargarh,21,20
Odisha,Bhadrak,879,56
Odisha,Boudh,589,11
Odisha,Cuttack,114,17
Odisha,Debagarh,1,0
Odisha,Dhenkanal,12,3
Odisha,Gajapati,59,298
Odisha,Ganjam,3716,276
Odisha,Jagatsinghapur,1253,7
Odisha,Jajapur,686,1129
Odisha,Jharsuguda,5,56
Odisha,Kalahandi,220,249
Odisha,Kandhamal,143,9
Odisha,Kendrapara,291,24
Odisha,Kendujhar,237,27
Odisha,Khorda,93,31
Odisha,Koraput,9650,4816
Odisha,Malkangiri,136,21
Odisha,Mayurbhanj,1426,88
Odisha,Nabarangapur,8,4
Odisha,Nayagarh,2,4
Odisha,Nuapada,2056,176
Odisha,Puri,1233,195
Odisha,Rayagada,6,2
Odisha,Sambalpur,11,2
Odisha,Sonapur,5,0
Odisha,Sundergarh,2180,37
Puducherry,Karaikal,11,6
Puducherry,Puducherry,40,2
Punjab,Amritsar,424,16
Punjab,Barnala,59,0
Punjab,Bathinda,460,17
Punjab,Faridkot,56,0
Punjab,Fatehgarh Sahib,117,0
Punjab,Fazilka,244,14
Punjab,Ferozepur,132,1
Punjab,Gurdaspur,311,10
Punjab,Hoshiarpur,394,4
Punjab,Jalandhar,450,8
Punjab,Kapurthala,223,4
Punjab,Ludhiana,1109,33
Punjab,Mansa,304,9
Punjab,Moga,167,8
Punjab,Pathankot,86,4
Punjab,Patiala,590,28
Punjab,Rupnagar,201,1
Punjab,SAS Nagar (Mohali),549,7
Punjab,Sangrur,354,18
Punjab,Shaheed Bhagat Singh Nagar,264,7
Punjab,Sri Muktsar Sahib,165,7
Punjab,Tarn Taran,328,14
Rajasthan,Ajmer,1377,51
Rajasthan,Alwar,1189,65
Rajasthan,Banswara,1162,62
Rajasthan,Baran,995,47
Rajasthan,Barmer,1937,58
Rajasthan,Bharatpur,1224,49
Rajasthan,Bhilwara,2371,133
Rajasthan,Bikaner,2408,49
Rajasthan,Bundi,1685,51
Rajasthan,Chittorgarh,979,20
Rajasthan,Churu,2106,33
Rajasthan,Dausa,1162,17
Rajasthan,Dholpur,1759,116
Rajasthan,Dungarpur,1450,30
Rajasthan,Ganganagar,2042,51
Rajasthan,Hanumangarh,1604,66
Rajasthan,Jaipur,2500,87
Rajasthan,Jaisalmer,1100,21
Rajasthan,Jalor,1312,37
Rajasthan,Jhalawar,2419,74
Rajasthan,Jhunjhunun,956,22
Rajasthan,Jodhpur,3708,107
Rajasthan,Karauli,1241,123
Rajasthan,Kota,780,27
Rajasthan,Nagaur,2639,78
Rajasthan,Pali,1163,60
Rajasthan,Pratapgarh,1577,28
Rajasthan,Rajsamand,691,35
Rajasthan,Sawai Madhopur,3666,29
Rajasthan,Sikar,860,38
Rajasthan,Sirohi,1241,40
Rajasthan,Tonk,1052,41
Rajasthan,Udaipur,1282,103
Sikkim,East Sikkim,0,1
Sikkim,South Sikkim,1,0
Tamil Nadu,Ariyalur,6,1
Tamil Nadu,Chennai,742,57
Tamil Nadu,Coimbatore,2643,17
Tamil Nadu,Cuddalore,550,158
Tamil Nadu,Dharmapuri,5165,20
Tamil Nadu,Dindigul,5412,37
Tamil Nadu,Erode,167,9
Tamil Nadu,Kancheepuram,5639,19
Tamil Nadu,Kanniyakumari,473,27
Tamil Nadu,Karur,91,10
Tamil Nadu,Krishnagiri,365,100
Tamil Nadu,Madurai,5795,48
Tamil Nadu,Nagapattinam,18,23
Tamil Nadu,Namakkal,53,95
Tamil Nadu,Perambalur,1760,8
Tamil Nadu,Pudukkottai,355,5
Tamil Nadu,Ramanathapuram,78,65
Tamil Nadu,Salem,2295,101
Tamil Nadu,Sivaganga,24,6
Tamil Nadu,Thanjavur,10,0
Tamil Nadu,The Nilgiris,1882,32
Tamil Nadu,Theni,125,50
Tamil Nadu,Thiruvarur,4,0
Tamil Nadu,Thoothukkudi,82,59
Tamil Nadu,Tiruchirappalli,414,20
Tamil Nadu,Tirunelveli,1303,26
Tamil Nadu,Tiruppur,4811,3
Tamil Nadu,Tiruvallur,4269,92
Tamil Nadu,Tiruvannamalai,40,3
Tamil Nadu,Vellore,4342,119
Tamil Nadu,Villupuram,334,28
Tamil Nadu,Virudhunagar,15,5
Telangana,Adilabad,252,7
Telangana,Hyderabad,991,24
Telangana,K.v. Rangareddy,997,27
Telangana,Karimnagar,287,10
Telangana,Khammam,127,6
Telangana,Mahabubnagar,418,16
Telangana,Medak,283,24
Telangana,Nalgonda,552,12
Telangana,Nizamabad,186,10
Telangana,Warangal,189,8
Tripura,Dhalai,205,7
Tripura,Gomati,19,18
Tripura,Khowai,8,2
Tripura,North Tripura,47,8
Tripura,Sepahijala,61,5
Tripura,South Tripura,124,15
Tripura,Unakoti,36,7
Tripura,West Tripura,128,1
Uttar Pradesh,Agra,1570,70
Uttar Pradesh,Aligarh,1156,88
Uttar Pradesh,Allahabad,3262,73
Uttar Pradesh,Ambedkar Nagar,878,41
Uttar Pradesh,Amethi,651,77
Uttar Pradesh,Amroha,307,41
Uttar Pradesh,Auraiya,476,20
Uttar Pradesh,Azamgarh,3716,123
Uttar Pradesh,Baghpat,157,13
Uttar Pradesh,Bahraich,5014,79
Uttar Pradesh,Ballia,1147,74
Uttar Pradesh,Balrampur,4506,276
Uttar Pradesh,Banda,2083,105
Uttar Pradesh,Bara Banki,2442,131
Uttar Pradesh,Bareilly,854,43
Uttar Pradesh,Basti,1564,46
Uttar Pradesh,Bijnor,891,72
Uttar Pradesh,Budaun,1798,43
Uttar Pradesh,Bulandshahr,2330,127
Uttar Pradesh,Chandauli,1290,32
Uttar Pradesh,Chitrakoot,918,41
Uttar Pradesh,Deoria,2203,62
Uttar Pradesh,Etah,644,29
Uttar Pradesh,Etawah,639,47
Uttar Pradesh,Faizabad,834,74
Uttar Pradesh,Farrukhabad,1218,42
Uttar Pradesh,Fatehpur,5239,155
Uttar Pradesh,Firozabad,753,92
Uttar Pradesh,Gautam Buddha Nagar,755,32
Uttar Pradesh,Ghaziabad,852,43
Uttar Pradesh,Ghazipur,2455,113
Uttar Pradesh,Gonda,3762,79
Uttar Pradesh,Gorakhpur,4523,90
Uttar Pradesh,Hamirpur,3896,272
Uttar Pradesh,Hapur,143,20
Uttar Pradesh,Hardoi,3279,312
Uttar Pradesh,Hathras,255,26
Uttar Pradesh,Jalaun,5730,101
Uttar Pradesh,Jaunpur,3082,117
Uttar Pradesh,Jhansi,1619,59
Uttar Pradesh,Kannauj,1178,27
Uttar Pradesh,Kanpur Dehat,536,18
Uttar Pradesh,Kanpur Nagar,1709,95
Uttar Pradesh,Kasganj,2791,23
Uttar Pradesh,Kaushambi,1286,40
Uttar Pradesh,Kheri,5340,180
Uttar Pradesh,Kushinagar,2499,59
Uttar Pradesh,Lalitpur,3614,62
Uttar Pradesh,Lucknow,1170,77
Uttar Pradesh,Maharajganj,1157,35
Uttar Pradesh,Mahoba,4586,201
Uttar Pradesh,Mainpuri,1268,109
Uttar Pradesh,Mathura,1020,125
Uttar Pradesh,Mau,713,31
Uttar Pradesh,Meerut,482,48
Uttar Pradesh,Mirzapur,1780,21
Uttar Pradesh,Moradabad,729,35
Uttar Pradesh,Muzaffarnagar,1169,69
Uttar Pradesh,Pilibhit,569,60
Uttar Pradesh,Pratapgarh,1219,117
Uttar Pradesh,Rae Bareli,983,36
Uttar Pradesh,Rampur,578,18
Uttar Pradesh,Saharanpur,1447,168
Uttar Pradesh,Sambhal,1030,81
Uttar Pradesh,Sant Kabir Nagar,1636,52
Uttar Pradesh,Sant Ravidas Nagar,666,20
Uttar Pradesh,Shahjahanpur,2796,118
Uttar Pradesh,Shamli,1058,38
Uttar Pradesh,Shrawasti,1016,267
Uttar Pradesh,Siddharthnagar,1123,110
Uttar Pradesh,Sitapur,2730,113
Uttar Pradesh,Sonbhadra,5826,167
Uttar Pradesh,Sultanpur,1428,56
Uttar Pradesh,Unnao,1652,82
Uttar Pradesh,Varanasi,1303,54
Uttarakhand,Almora,1841,19
Uttarakhand,Bageshwar,616,3
Uttarakhand,Chamoli,1058,37
Uttarakhand,Champawat,53,1
Uttarakhand,Dehradun,594,20
Uttarakhand,Haridwar,570,42
Uttarakhand,Nainital,1670,69
Uttarakhand,Pauri Garhwal,3160,31
Uttarakhand,Pithoragarh,663,8
Uttarakhand,Rudraprayag,921,38
Uttarakhand,Tehri Garhwal,3381,129
Uttarakhand,Udham Singh Nagar,414,50
Uttarakhand,Uttarkashi,2685,9
West Bengal,Bankura,3595,96
West Bengal,Barddhaman,7332,2859
West Bengal,Birbhum,137,85
West Bengal,Cooch Behar,1484,41
West Bengal,Dakshin Dinajpur,306,25
West Bengal,Darjeeling,1608,4
West Bengal,Hooghly,240,77
West Bengal,Howrah,18,1
West Bengal,Jalpaiguri,425,25
West Bengal,Kolkata,27,1
West Bengal,Malda,648,69
West Bengal,Murshidabad,72,9
West Bengal,Nadia,173,16
West Bengal,North 24 Parganas,7177,1312
West Bengal,Paschim Medinipur,355,756
West Bengal,Purba Medinipur,4610,1335
West Bengal,Puruliya,317,939
West Bengal,South 24 Parganas,3459,63
West Bengal,Uttar Dinajpur,630,56
