State,District,Aadhaar generated,Enrolment Rejected
Andaman and Nicobar Islands,North And Middle Andaman,30,4
Andaman and Nicobar Islands,South Andaman,16,1
Andhra Pradesh,Ananthapur,312,16
Andhra Pradesh,Chittoor,143,5
Andhra Pradesh,Cuddapah,131,2
Andhra Pradesh,East Godavari,148,6
Andhra Pradesh,Guntur,322,2
Andhra Pradesh,Krishna,375,3
Andhra Pradesh,Kurnool,459,14
Andhra Pradesh,Nellore,306,13
Andhra Pradesh,Prakasam,96,7
Andhra Pradesh,Srikakulam,82,4
Andhra Pradesh,Visakhapatnam,310,6
Andhra Pradesh,Vizianagaram,195,2
Andhra Pradesh,West Godavari,176,4
Arunachal Pradesh,Anjaw,18,0
Arunachal Pradesh,Changlang,3,0
Arunachal Pradesh,Dibang Valley,1,0
Arunachal Pradesh,Lohit,719,5
Arunachal Pradesh,Longding,8,0
Arunachal Pradesh,Lower Dibang Valley,4,0
Arunachal Pradesh,Namsai,931,0
Arunachal Pradesh,Papum Pare,1441,3
Arunachal Pradesh,Siang,1,0
Arunachal Pradesh,Tawang,1,0
Arunachal Pradesh,Tirap,1,0
Arunachal Pradesh,Upper Siang,1,0
Arunachal Pradesh,Upper Subansiri,1,0
Arunachal Pradesh,West Kameng,2,0
Arunachal Pradesh,West Siang,22,0
Assam,Baksa,5,0
Assam,Barpeta,27,2
Assam,Bongaigaon,3,0
Assam,Cachar,11,3
Assam,Chirang,4,0
Assam,Darrang,3,0
Assam,Dhemaji,24,0
Assam,Dhubri,18,0
Assam,Dibrugarh,7,1
Assam,Golaghat,147,1
Assam,Hailakandi,2,0
Assam,Jorhat,83,0
Assam,Kamrup,155,9
Assam,Kamrup Metro,12,0
Assam,Karbi Anglong,6,0
Assam,Karimganj,6,1
Assam,Kokrajhar,4,1
Assam,Lakhimpur,9,0
Assam,Marigaon,4,0
Assam,Nagaon,62,0
Assam,Nalbari,8,0
Assam,Sibsagar,3,2
Assam,Sonitpur,16,0
Assam,Tinsukia,3,0
Assam,Udalguri,12,0
Bihar,Araria,4962,166
Bihar,Arwal,430,5
Bihar,Aurangabad,653,15
Bihar,Banka,975,29
Bihar,Begusarai,2712,71
Bihar,Bhagalpur,1096,28
Bihar,Bhojpur,2524,112
Bihar,Buxar,990,41
Bihar,Darbhanga,7795,322
Bihar,East Champaran,1837,58
Bihar,Gaya,1374,41
Bihar,Gopalganj,772,53
Bihar,Jamui,1254,79
Bihar,Jehanabad,521,26
Bihar,Kaimur (Bhabua),1365,58
Bihar,Katihar,2423,61
Bihar,Khagaria,2109,76
Bihar,Kishanganj,869,16
Bihar,Lakhisarai,897,12
Bihar,Madhepura,3777,136
Bihar,Madhubani,2221,79
Bihar,Munger,316,5
Bihar,Muzaffarpur,1285,48
Bihar,Nalanda,3132,146
Bihar,Nawada,1687,67
Bihar,Patna,1878,65
Bihar,Purnia,2779,57
Bihar,Rohtas,1441,40
Bihar,Saharsa,1308,78
Bihar,Samastipur,2600,170
Bihar,Saran,746,26
Bihar,Sheikhpura,254,9
Bihar,Sheohar,73,7
Bihar,Sitamarhi,992,24
Bihar,Siwan,2665,404
Bihar,Supaul,1602,38
Bihar,Vaishali,1147,33
Bihar,West Champaran,2980,189
Chandigarh,Chandigarh,131,2
Chhattisgarh,Balod,762,25
Chhattisgarh,Baloda Bazar,3282,350
Chhattisgarh,Balrampur,1370,55
Chhattisgarh,Bastar,2139,111
Chhattisgarh,Bemetara,315,12
Chhattisgarh,Bijapur,1195,12
Chhattisgarh,Bilaspur,1531,31
Chhattisgarh,Dakshin Bastar Dantewada,962,10
Chhattisgarh,Dantewada,221,6
Chhattisgarh,Dhamtari,609,16
Chhattisgarh,Durg,689,11
Chhattisgarh,Gariyaband,116,11
Chhattisgarh,Janjgir-champa,831,29
Chhattisgarh,Jashpur,345,51
Chhattisgarh,Kabeerdham,155,1
Chhattisgarh,Kanker,129,6
Chhattisgarh,Kawardha,657,10
Chhattisgarh,Kondagaon,129,9
Chhattisgarh,Korba,704,37
Chhattisgarh,Koriya,351,5
Chhattisgarh,Mahasamund,875,9
Chhattisgarh,Mungeli,1161,39
Chhattisgarh,Narayanpur,8,1
Chhattisgarh,Raigarh,424,20
Chhattisgarh,Raipur,682,16
Chhattisgarh,Rajnandgaon,592,8
Chhattisgarh,Sukma,1093,8
Chhattisgarh,Surajpur,2832,207
Chhattisgarh,Surguja,765,24
Chhattisgarh,Uttar Bastar Kanker,109,4
Dadra and Nagar Haveli,Dadra and Nagar Haveli,100,2
Daman and Diu,Daman,1,0
Delhi,Central Delhi,106,8
Delhi,East Delhi,259,15
Delhi,New Delhi,16,0
Delhi,North Delhi,112,6
Delhi,North East Delhi,453,52
Delhi,North West Delhi,562,33
Delhi,South Delhi,445,29
Delhi,South West Delhi,460,9
Delhi,West Delhi,487,20
Goa,North Goa,7,6
Goa,South Goa,73,1
Gujarat,Ahmedabad,2937,21
Gujarat,Amreli,939,2
Gujarat,Anand,682,15
Gujarat,Arvalli,139,2
Gujarat,Banaskantha,1177,3
Gujarat,Bharuch,2691,20
Gujarat,Bhavnagar,1129,52
Gujarat,Dahod,2184,23
Gujarat,Devbhumi Dwarka,95,0
Gujarat,Gandhinagar,477,1
Gujarat,Gir Somnath,220,1
Gujarat,Jamnagar,117,0
Gujarat,Junagadh,796,13
Gujarat,Kachchh,174,10
Gujarat,Kheda,238,27
Gujarat,Mahesana,134,6
Gujarat,Narmada,61,1
Gujarat,Navsari,46,0
Gujarat,Panchmahals,1052,34
Gujarat,Patan,907,97
Gujarat,Porbandar,414,0
Gujarat,Rajkot,1204,6
Gujarat,Sabarkantha,663,33
Gujarat,Surat,1059,17
Gujarat,Surendra Nagar,199,7
Gujarat,Tapi,652,2
Gujarat,The Dangs,91,1
Gujarat,Vadodara,2433,55
Gujarat,Valsad,48,5
Haryana,Ambala,439,23
Haryana,Bhiwani,227,22
Haryana,Faridabad,749,38
Haryana,Fatehabad,168,21
Haryana,Gurgaon,371,15
Haryana,Hisar,660,37
Haryana,Jhajjar,247,22
Haryana,Jind,619,11
Haryana,Kaithal,493,16
Haryana,Karnal,357,18
Haryana,Kurukshetra,40,3
Haryana,Mahendragarh,642,17
Haryana,Mewat,241,28
Haryana,Palwal,650,62
Haryana,Panchkula,298,9
Haryana,Panipat,697,64
Haryana,Rewari,278,20
Haryana,Rohtak,548,23
Haryana,Sirsa,393,26
Haryana,Sonipat,684,17
Haryana,Yamuna Nagar,333,28
Himachal Pradesh,Bilaspur,11,0
Himachal Pradesh,Chamba,21,3
Himachal Pradesh,Hamirpur,3,1
Himachal Pradesh,Kangra,76,3
Himachal Pradesh,Kinnaur,1,0
Himachal Pradesh,Kullu,12,0
Himachal Pradesh,Mandi,7,2
Himachal Pradesh,Shimla,11,2
Himachal Pradesh,Sirmaur,25,3
Himachal Pradesh,Solan,44,2
Himachal Pradesh,Una,51,3
Jammu and Kashmir,Anantnag,722,4
Jammu and Kashmir,Badgam,10271,52
Jammu and Kashmir,Bandipore,2,2
Jammu and Kashmir,Baramula,12,0
Jammu and Kashmir,Doda,41,0
Jammu and Kashmir,Ganderbal,15,0
Jammu and Kashmir,Jammu,883,2
Jammu and Kashmir,Kargil,6,0
Jammu and Kashmir,Kathua,52,0
Jammu and Kashmir,Kishtwar,126,0
Jammu and Kashmir,Kulgam,297,1
Jammu and Kashmir,Kupwara,7,1
Jammu and Kashmir,Leh,3,0
Jammu and Kashmir,Pulwama,58,124
Jammu and Kashmir,Punch,1012,4
Jammu and Kashmir,Rajouri,883,1
Jammu and Kashmir,Ramban,300,1
Jammu and Kashmir,Reasi,176,6
Jammu and Kashmir,Samba,18,2
Jammu and Kashmir,Shupiyan,3,4
Jammu and Kashmir,Srinagar,1357,19
Jammu and Kashmir,Udhampur,101,1
Jharkhand,Bokaro,182,2
Jharkhand,Chatra,113,4
Jharkhand,Deoghar,342,7
Jharkhand,Dhanbad,231,36
Jharkhand,Dumka,267,10
Jharkhand,East Singhbhum,267,3
Jharkhand,Garhwa,161,2
Jharkhand,Giridih,209,24
Jharkhand,Godda,226,13
Jharkhand,Gumla,73,1
Jharkhand,Hazaribagh,441,9
Jharkhand,Jamtara,37,4
Jharkhand,Khunti,35,0
Jharkhand,Koderma,77,7
Jharkhand,Latehar,91,9
Jharkhand,Lohardaga,17,1
Jharkhand,Pakur,32,2
Jharkhand,Palamu,101,4
Jharkhand,Ramgarh,236,2
Jharkhand,Ranchi,430,7
Jharkhand,Sahebganj,72,4
Jharkhand,Seraikela-Kharsawan,181,7
Jharkhand,Simdega,57,1
Jharkhand,West Singhbhum,148,10
Karnataka,Bagalkot,216,11
Karnataka,Ballari,43,2
Karnataka,Bangalore Rural,186,1
Karnataka,Belagavi,510,6
Karnataka,Bengaluru,974,19
Karnataka,Bidar,232,2
Karnataka,Chamrajanagar,274,7
Karnataka,Chikkaballapur,189,2
Karnataka,Chikkamagaluru,162,5
Karnataka,Chitradurga,441,3
Karnataka,Dakshina Kannada,259,3
Karnataka,Davangere,110,0
Karnataka,Dharwad,309,3
Karnataka,Gadag,39,1
Karnataka,Hassan,217,5
Karnataka,Haveri,73,0
Karnataka,Kalaburagi,566,10
Karnataka,Kodagu,73,0
Karnataka,Kolar,247,5
Karnataka,Koppal,58,4
Karnataka,Mandya,413,18
Karnataka,Mysuru,321,10
Karnataka,Raichur,873,21
Karnataka,Ramanagar,708,20
Karnataka,Shivamogga,35,5
Karnataka,Tumakuru,516,10
Karnataka,Udupi,92,1
Karnataka,Uttara Kannada,159,4
Karnataka,Vijayapura,331,2
Karnataka,Yadgir,150,9
Kerala,Alappuzha,124,0
Kerala,Ernakulam,435,3
Kerala,Idukki,224,2
Kerala,Kannur,443,1
Kerala,Kasaragod,152,0
Kerala,Kollam,336,4
Kerala,Kottayam,267,3
Kerala,Kozhikode,247,0
Kerala,Malappuram,684,1
Kerala,Palakkad,347,5
Kerala,Pathanamthitta,289,2
Kerala,Thiruvananthapuram,73,3
Kerala,Thrissur,221,1
Kerala,Wayanad,28,0
Madhya Pradesh,Alirajpur,98,3
Madhya Pradesh,Anuppur,183,8
Madhya Pradesh,Ashok Nagar,1790,30
Madhya Pradesh,Balaghat,548,28
Madhya Pradesh,Barwani,68,5
Madhya Pradesh,Betul,289,15
Madhya Pradesh,Bhind,856,24
Madhya Pradesh,Bhopal,945,64
Madhya Pradesh,Burhanpur,81,12
Madhya Pradesh,Chhatarpur,1047,52
Madhya Pradesh,Chhindwara,366,14
Madhya Pradesh,Damoh,264,11
Madhya Pradesh,Datia,386,23
Madhya Pradesh,Dewas,402,24
Madhya Pradesh,Dhar,600,19
Madhya Pradesh,Dindori,622,4
Madhya Pradesh,Guna,713,16
Madhya Pradesh,Gwalior,629,29
Madhya Pradesh,Harda,57,4
Madhya Pradesh,Hoshangabad,158,5
Madhya Pradesh,Indore,902,23
Madhya Pradesh,Jabalpur,871,45
Madhya Pradesh,Jhabua,146,1
Madhya Pradesh,Katni,491,15
Madhya Pradesh,Khandwa,74,4
Madhya Pradesh,Khargone,350,3
Madhya Pradesh,Mandla,574,27
Madhya Pradesh,Mandsaur,122,3
Madhya Pradesh,Morena,2173,74
Madhya Pradesh,Narsinghpur,432,20
Madhya Pradesh,Neemuch,31,5
Madhya Pradesh,Panna,162,11
Madhya Pradesh,Raisen,593,22
Madhya Pradesh,Rajgarh,1234,74
Madhya Pradesh,Ratlam,170,8
Madhya Pradesh,Rewa,1473,55
Madhya Pradesh,Sagar,904,19
Madhya Pradesh,Satna,729,34
Madhya Pradesh,Sehore,306,12
Madhya Pradesh,Seoni,466,23
Madhya Pradesh,Shahdol,596,10
Madhya Pradesh,Shajapur,205,6
Madhya Pradesh,Sheopur,1709,41
Madhya Pradesh,Shivpuri,1496,87
Madhya Pradesh,Sidhi,458,30
Madhya Pradesh,Singrauli,801,34
Madhya Pradesh,Tikamgarh,2164,50
Madhya Pradesh,Ujjain,255,11
Madhya Pradesh,Umaria,415,8
Madhya Pradesh,Vidisha,337,14
Maharashtra,Ahmadnagar,2238,51
Maharashtra,Akola,508,32
Maharashtra,Amravati,402,28
Maharashtra,Aurangabad,2397,195
Maharashtra,Beed,3683,151
Maharashtra,Bhandara,349,53
Maharashtra,Buldhana,1064,51
Maharashtra,Chandrapur,518,39
Maharashtra,Dhule,894,37
Maharashtra,Gadchiroli,137,7
Maharashtra,Gondiya,276,69
Maharashtra,Hingoli,874,62
Maharashtra,Jalgaon,1512,45
Maharashtra,Jalna,1673,78
Maharashtra,Kolhapur,1501,238
Maharashtra,Latur,1041,44
Maharashtra,Mumbai,1732,49
Maharashtra,Nagpur,1296,246
Maharashtra,Nanded,1239,59
Maharashtra,Nandurbar,1296,19
Maharashtra,Nashik,1730,71
Maharashtra,Osmanabad,1430,38
Maharashtra,Palghar,612,38
Maharashtra,Parbhani,2541,99
Maharashtra,Pune,3041,170
Maharashtra,Raigarh,688,37
Maharashtra,Ratnagiri,1169,90
Maharashtra,Sangli,891,47
Maharashtra,Satara,1453,38
Maharashtra,Sindhudurg,179,12
Maharashtra,Solapur,3962,74
Maharashtra,Thane,1885,26
Maharashtra,Wardha,162,18
Maharashtra,Washim,711,93
Maharashtra,Yavatmal,1342,57
Manipur,Bishnupur,30,0
Manipur,Chandel,39,0
Manipur,Churachandpur,2,0
Manipur,Imphal East,27,0
Manipur,Imphal West,48,0
Manipur,Senapati,2,0
Manipur,Tamenglong,2,0
Manipur,Thoubal,131,7
Manipur,Ukhrul,5,0
Meghalaya,East Khasi Hills,7,0
Meghalaya,Jaintia Hills,1,0
Meghalaya,Ri Bhoi,1,0
Meghalaya,West Garo Hills,0,1
Mizoram,Aizawl,137,11
Mizoram,Champhai,3,1
Mizoram,Kolasib,0,8
Mizoram,Lawngtlai,1,0
Mizoram,Lunglei,2,2
Mizoram,Mammit,5,1
Nagaland,Dimapur,4,0
Nagaland,Kiphire,1,0
Nagaland,Kohima,60,0
Nagaland,Longleng,1,0
Nagaland,Mokokchung,32,0
Nagaland,Mon,13,0
Nagaland,Peren,0,1
Nagaland,Phek,22,0
Nagaland,Tuensang,74,11
Nagaland,Wokha,61,0
Nagaland,Zunheboto,87,0
Odisha,Angul,5,1
Odisha,Balangir,13,8
Odisha,Baleswar,193,1
Odisha,Bargarh,45,0
Odisha,Bhadrak,2020,24
Odisha,Boudh,16,2
Odisha,Cuttack,22,0
Odisha,Debagarh,50,0
Odisha,Dhenkanal,25,1
Odisha,Gajapati,211,2
Odisha,Ganjam,13260,81
Odisha,Jagatsinghapur,89,1
Odisha,Jajapur,1514,6
Odisha,Jharsuguda,77,0
Odisha,Kalahandi,2321,9
Odisha,Kandhamal,2867,24
Odisha,Kendrapara,22,3
Odisha,Kendujhar,754,19
Odisha,Khorda,98,0
Odisha,Koraput,540,124
Odisha,Malkangiri,548,5
Odisha,Mayurbhanj,1171,32
Odisha,Nabarangapur,794,0
Odisha,Nayagarh,7,0
Odisha,Nuapada,79,27
Odisha,Puri,23,3
Odisha,Rayagada,9,0
Odisha,Sambalpur,1352,5
Odisha,Sonapur,1,0
Odisha,Sundergarh,2281,10
Puducherry,Karaikal,7,0
Puducherry,Puducherry,55,1
Punjab,Amritsar,184,10
Punjab,Barnala,24,2
Punjab,Bathinda,95,1
Punjab,Faridkot,21,1
Punjab,Fatehgarh Sahib,10,2
Punjab,Fazilka,33,3
Punjab,Ferozepur,20,3
Punjab,Gurdaspur,86,6
Punjab,Hoshiarpur,61,3
Punjab,Jalandhar,86,10
Punjab,Kapurthala,44,4
Punjab,Ludhiana,490,17
Punjab,Mansa,45,6
Punjab,Moga,77,4
Punjab,Pathankot,78,4
Punjab,Patiala,167,11
Punjab,Rupnagar,26,1
Punjab,SAS Nagar (Mohali),123,1
Punjab,Sangrur,291,6
Punjab,Shaheed Bhagat Singh Nagar,79,6
Punjab,Sri Muktsar Sahib,36,6
Punjab,Tarn Taran,158,1
Rajasthan,Ajmer,547,24
Rajasthan,Alwar,684,9
Rajasthan,Banswara,400,31
Rajasthan,Baran,174,23
Rajasthan,Barmer,880,116
Rajasthan,Bharatpur,575,31
Rajasthan,Bhilwara,834,64
Rajasthan,Bikaner,850,77
Rajasthan,Bundi,767,56
Rajasthan,Chittorgarh,290,28
Rajasthan,Churu,373,24
Rajasthan,Dausa,330,20
Rajasthan,Dholpur,822,62
Rajasthan,Dungarpur,963,19
Rajasthan,Ganganagar,737,32
Rajasthan,Hanumangarh,881,33
Rajasthan,Jaipur,1318,72
Rajasthan,Jaisalmer,1798,68
Rajasthan,Jalor,213,27
Rajasthan,Jhalawar,2053,64
Rajasthan,Jhunjhunun,385,10
Rajasthan,Jodhpur,1958,75
Rajasthan,Karauli,431,30
Rajasthan,Kota,368,10
Rajasthan,Nagaur,1342,63
Rajasthan,Pali,754,20
Rajasthan,Pratapgarh,584,18
Rajasthan,Rajsamand,409,34
Rajasthan,Sawai Madhopur,1016,68
Rajasthan,Sikar,344,26
Rajasthan,Sirohi,379,21
Rajasthan,Tonk,399,14
Rajasthan,Udaipur,1045,84
Sikkim,East Sikkim,15,2
Sikkim,South Sikkim,7,0
Sikkim,West Sikkim,7,0
Tamil Nadu,Ariyalur,5,0
Tamil Nadu,Chennai,301,6
Tamil Nadu,Coimbatore,155,2
Tamil Nadu,Cuddalore,158,4
Tamil Nadu,Dharmapuri,154,6
Tamil Nadu,Dindigul,277,4
Tamil Nadu,Erode,60,5
Tamil Nadu,Kancheepuram,90,4
Tamil Nadu,Kanniyakumari,213,5
Tamil Nadu,Karur,26,3
Tamil Nadu,Krishnagiri,147,10
Tamil Nadu,Madurai,343,9
Tamil Nadu,Nagapattinam,27,14
Tamil Nadu,Namakkal,1098,6
Tamil Nadu,Perambalur,23,1
Tamil Nadu,Pudukkottai,206,33
Tamil Nadu,Ramanathapuram,58,3
Tamil Nadu,Salem,647,158
Tamil Nadu,Sivaganga,98,0
Tamil Nadu,Thanjavur,35,10
Tamil Nadu,The Nilgiris,5,0
Tamil Nadu,Theni,79,17
Tamil Nadu,Thiruvarur,16,1
Tamil Nadu,Thoothukkudi,84,7
Tamil Nadu,Tiruchirappalli,29,2
Tamil Nadu,Tirunelveli,269,7
Tamil Nadu,Tiruppur,32,0
Tamil Nadu,Tiruvallur,556,4
Tamil Nadu,Tiruvannamalai,39,5
Tamil Nadu,Vellore,183,13
Tamil Nadu,Villupuram,216,5
Tamil Nadu,Virudhunagar,54,0
Telangana,Adilabad,120,6
Telangana,Hyderabad,1113,22
Telangana,K.v. Rangareddy,810,24
Telangana,Karimnagar,165,8
Telangana,Khammam,108,4
Telangana,Mahabubnagar,173,6
Telangana,Medak,256,16
Telangana,Nalgonda,173,6
Telangana,Nizamabad,213,7
Telangana,Warangal,79,2
Tripura,Dhalai,96,1
Tripura,Gomati,114,10
Tripura,Khowai,163,0
Tripura,North Tripura,259,5
Tripura,Sepahijala,86,10
Tripura,South Tripura,12,1
Tripura,Unakoti,494,9
Tripura,West Tripura,104,13
Uttar Pradesh,Agra,515,57
Uttar Pradesh,Aligarh,483,59
Uttar Pradesh,Allahabad,1185,67
Uttar Pradesh,Ambedkar Nagar,485,17
Uttar Pradesh,Amethi,575,15
Uttar Pradesh,Amroha,248,28
Uttar Pradesh,Auraiya,432,23
Uttar Pradesh,Azamgarh,2343,49
Uttar Pradesh,Baghpat,597,19
Uttar Pradesh,Bahraich,2475,116
Uttar Pradesh,Ballia,624,38
Uttar Pradesh,Balrampur,3071,168
Uttar Pradesh,Banda,1759,54
Uttar Pradesh,Bara Banki,813,76
Uttar Pradesh,Bareilly,515,76
Uttar Pradesh,Basti,677,44
Uttar Pradesh,Bijnor,872,39
Uttar Pradesh,Budaun,1236,202
Uttar Pradesh,Bulandshahr,828,59
Uttar Pradesh,Chandauli,865,27
Uttar Pradesh,Chitrakoot,445,16
Uttar Pradesh,Deoria,946,34
Uttar Pradesh,Etah,210,27
Uttar Pradesh,Etawah,453,21
Uttar Pradesh,Faizabad,501,26
Uttar Pradesh,Farrukhabad,1311,22
Uttar Pradesh,Fatehpur,2146,123
Uttar Pradesh,Firozabad,481,47
Uttar Pradesh,Gautam Buddha Nagar,833,28
Uttar Pradesh,Ghaziabad,885,47
Uttar Pradesh,Ghazipur,1069,62
Uttar Pradesh,Gonda,1944,70
Uttar Pradesh,Gorakhpur,1718,61
Uttar Pradesh,Hamirpur,1797,59
Uttar Pradesh,Hapur,794,10
Uttar Pradesh,Hardoi,1913,135
Uttar Pradesh,Hathras,433,12
Uttar Pradesh,Jalaun,1651,135
Uttar Pradesh,Jaunpur,1320,30
Uttar Pradesh,Jhansi,927,168
Uttar Pradesh,Kannauj,374,24
Uttar Pradesh,Kanpur Dehat,363,14
Uttar Pradesh,Kanpur Nagar,917,43
Uttar Pradesh,Kasganj,255,77
Uttar Pradesh,Kaushambi,942,17
Uttar Pradesh,Kheri,1842,98
Uttar Pradesh,Kushinagar,677,39
Uttar Pradesh,Lalitpur,896,52
Uttar Pradesh,Lucknow,1190,38
Uttar Pradesh,Maharajganj,652,27
Uttar Pradesh,Mahoba,1188,116
Uttar Pradesh,Mainpuri,693,61
Uttar Pradesh,Mathura,529,68
Uttar Pradesh,Mau,845,51
Uttar Pradesh,Meerut,1202,24
Uttar Pradesh,Mirzapur,643,29
Uttar Pradesh,Moradabad,837,35
Uttar Pradesh,Muzaffarnagar,1219,57
Uttar Pradesh,Pilibhit,155,43
Uttar Pradesh,Pratapgarh,400,27
Uttar Pradesh,Rae Bareli,650,14
Uttar Pradesh,Rampur,620,12
Uttar Pradesh,Saharanpur,446,42
Uttar Pradesh,Sambhal,551,26
Uttar Pradesh,Sant Kabir Nagar,1270,15
Uttar Pradesh,Sant Ravidas Nagar,244,6
Uttar Pradesh,Shahjahanpur,1710,52
Uttar Pradesh,Shamli,397,25
Uttar Pradesh,Shrawasti,931,35
Uttar Pradesh,Siddharthnagar,2575,66
Uttar Pradesh,Sitapur,1091,94
Uttar Pradesh,Sonbhadra,1709,183
Uttar Pradesh,Sultanpur,960,36
Uttar Pradesh,Unnao,738,153
Uttar Pradesh,Varanasi,590,19
Uttarakhand,Almora,516,17
Uttarakhand,Bageshwar,241,9
Uttarakhand,Chamoli,385,14
Uttarakhand,Champawat,41,3
Uttarakhand,Dehradun,489,25
Uttarakhand,Haridwar,710,15
Uttarakhand,Nainital,792,134
Uttarakhand,Pauri Garhwal,1038,49
Uttarakhand,Pithoragarh,787,4
Uttarakhand,Rudraprayag,301,7
Uttarakhand,Tehri Garhwal,642,38
Uttarakhand,Udham Singh Nagar,372,17
Uttarakhand,Uttarkashi,524,58
West Bengal,Bankura,110,14
West Bengal,Barddhaman,573,94
West Bengal,Birbhum,120,1
West Bengal,Cooch Behar,1150,30
West Bengal,Dakshin Dinajpur,37,1
West Bengal,Darjeeling,65,33
West Bengal,Hooghly,596,1
West Bengal,Howrah,36,3
West Bengal,Jalpaiguri,115,3
West Bengal,Kolkata,31,18
West Bengal,Malda,365,15
West Bengal,Murshidabad,2656,75
West Bengal,Nadia,8347,44
West Bengal,North 24 Parganas,2447,80
West Bengal,Paschim Medinipur,241,16
West Bengal,Purba Medinipur,204,204
West Bengal,Puruliya,408,7
West Bengal,South 24 Parganas,597,51
West Bengal,Uttar Dinajpur,75,7
