Registrar,Enrolment Agency,Aadhaar generated,Enrolment Rejected
Allahabad Bank,Vakrangee Softwares Limited,115,28
Bank Of India,A3 Logics  India  Ltd,327,88
Bank Of India,Akanksha International,40,0
Bank Of India,Blue Circle Instrument,34,5
Bank Of India,CHESSY CONSULTANTS PVT LTD,43,1
Bank Of India,Frontech Systems Pvt Ltd,563,86
Bank Of India,Matrix Processing House,132,12
Bank Of India,OSWAL COMPUTERS & CONSULTANTS,164,129
Bank Of India,PROTEX COMPUTER PVT LTD,16,1
Bank Of India,SHRIKRISHNA KHANDASARI SUGAR M,1666,135
Bank Of India,SPANCO,29,8
Bank Of India,SREI INFRASTRUCTURE FINANCES L,32,19
Bank Of India,Silver Touch Technologies Ltd,277,34
Bank Of India,VEETECHNOLOGIES PVT. LTD,32,0
Bank Of India,Vakrangee Softwares Limited,10,3
Bank of Baroda,TEAM LIFE CARE COMPANY INDIA P,379,72
Bank of Maharashtra,FINANCIAL INFORMATION NETWORK,39,3
Bank of Maharashtra,Micro Technologies India Ltd,458,20
CSC e-Governance Services India Limited,A I Soc for Electronics and Comp Tech,2,0
CSC e-Governance Services India Limited,BASIX,29,26
CSC e-Governance Services India Limited,Network for Information & Computer,2,0
Central Bank of India,CALANCE SOFTWARE PRIVATE LTD,2006,215
Central Bank of India,IAP COMPANY Pvt. Ltd,159,10
Central Bank of India,The Peerless General Finance,401,20
DENA BANK,ATISHAY INFOTECH PVT. LTD.,326,12
DENA BANK,Business Information Processing Services,8,0
DENA BANK,DATASOFT COMPUTER SERVICES(P),17,0
DENA BANK,K W Consulting P Ltd,5,5
DENA BANK,Soc for Advancement of Environ Science,1208,0
DENA BANK,WEBEL,19,0
Delhi - Central DC,Smart Chip Limited,1,0
Delhi - ND DC,Smart Chip Limited,6,1
Delhi - NE DC,Smart Chip Limited,10,14
Delhi - North DC,NVR & ASSOCIATES LIMITED,939,0
Delhi - North DC,Smart Chip Limited,1,0
Delhi SW DC,VIRGO SOFTECH LIMITED,130,0
Delhi- South DC,Karvy Computershare Private Li,18,6
Delhi- West DC,VIRGO SOFTECH LIMITED,111,5
Delhi-NW DC,Karvy Computershare Private Li,189,64
Department of Information Technology Govt of Jharkhand,Blue Circle Instrument,347,76
Department of Information Technology Govt of Jharkhand,MKS Enterprises,598,106
Department of Information Technology Govt of Jharkhand,Vayam technologies Ltd,5,0
Dept of ITC Govt of Rajasthan,ATISHAY INFOTECH PVT. LTD.,305,34
Dept of ITC Govt of Rajasthan,Business Information Processing Services,9,0
Dept of ITC Govt of Rajasthan,DATASOFT COMPUTER SERVICES(P),3812,286
Dept of ITC Govt of Rajasthan,Gem Computers,12,0
Dept of ITC Govt of Rajasthan,Netlink software Pvt Ltd,10,0
Dept of ITC Govt of Rajasthan,TechSmart India Pvt Ltd,6,1
Dept of ITC Govt of Rajasthan,Transline Technologies P Ltd,2125,43
Dept of ITC Govt of Rajasthan,Vakrangee Softwares Limited,175,16
Dept of ITC Govt of Rajasthan,Vayam technologies Ltd,3370,191
FCR Govt of Haryana,Vakrangee Softwares Limited,2,0
FCS Govt of Punjab,CSS TECHNERGY LIMITED,277,53
FCS Govt of Punjab,Karvy Computershare Private Li,478,43
FCS Govt of Punjab,Vayam technologies Ltd,454,4
FCS Govt of Punjab,eCentric solutions pvt ltd,2163,75
Govt of Andhra Pradesh,Gouthami Educational Society,31,6
Govt of Andhra Pradesh,GrapeSoft,422,404
Govt of Andhra Pradesh,INFRONICS SYSTEMS LTD,698,318
Govt of Andhra Pradesh,TechSmart India Pvt Ltd,1142,494
Govt of Andhra Pradesh,Tera Software Ltd,439,97
Govt of Goa,MARS Telecom Systems Pvt Ltd,36,17
Govt of Goa,Tera Software Ltd,0,1
Govt of Gujarat,GSS Infotech Ltd,966,119
Govt of Gujarat,Karvy Computershare Private Li,1204,76
Govt of Gujarat,Silver Touch Technologies Ltd,69,0
Govt of Gujarat,Transline Technologies P Ltd,1,0
Govt of Gujarat,Vayam technologies Ltd,81,0
Govt of Himachal Pradesh,Wipro Ltd,2211,25
Govt of Himachal Pradesh,i-Grandee SoftwareTechnologies,220,22
Govt of Karnataka ,MARS Telecom Systems Pvt Ltd,1,0
Govt of Karnataka ,Ninestars Information Technologies Ltd,4665,68
Govt of Karnataka ,Origin ITFS Pvt Ltd,234,0
Govt of Karnataka ,SREEVEN INFOCOM LIMITED,14,50
Govt of Kerala,Akshaya,29500,13
Govt of Kerala,Keltron,1781,13
Govt of Maharashtra,Alankit Finsec Ltd,446,160
Govt of Maharashtra,Eagle press pvt ltd,4,0
Govt of Maharashtra,Karvy Computershare Private Li,1721,179
Govt of Maharashtra,M/s. Vidya Online  Pune,1,4
Govt of Maharashtra,Narayana Electricals Solution Pvt Ltd,3538,7
Govt of Maharashtra,Netlink software Pvt Ltd,4855,88
Govt of Maharashtra,Network for Information & Computer,368,4
Govt of Maharashtra,Rudranee Infotech Ltd,5,91
Govt of Maharashtra,SHREERAM PRINTING PRESS,15,43
Govt of Maharashtra,SPANCO,0,1
Govt of Maharashtra,STRATEGIC OUTSOURCING SERVICE,214,14
Govt of Maharashtra,Silver Touch Technologies Ltd,338,3
Govt of Maharashtra,TechSmart India Pvt Ltd,332,83
Govt of Maharashtra,Tera Software Ltd,34,15
Govt of Maharashtra,Transline Technologies P Ltd,547,28
Govt of Maharashtra,Wipro Ltd,1661,41
Govt of Sikkim - Dept of Econo,Department of Economics Statistics  Monitoring and Evaluation DESME,46,25
IDBI Bank ltd,ATISHAY INFOTECH PVT. LTD.,838,129
IDBI Bank ltd,Matrix Processing House,15,0
IDBI Bank ltd,SREEVEN INFOCOM LIMITED,1003,83
Indiapost,Delhi Integrated MMTS Ltd,244,15
Indiapost,M/S STAR DATA CENTRE,24,0
Indiapost,MARS Telecom Systems Pvt Ltd,122,44
Indiapost,Smart Chip Limited,5,0
Indiapost,TEAM LIFE CARE COMPANY INDIA P,1,0
Indiapost,WEBEL,329,0
Information Technology & Communication Department,4G INFORMATICS,204,0
Information Technology & Communication Department,BNR UDYOG LIMITED,8,0
Information Technology & Communication Department,Bloom Solutions Pvt Ltd,2792,142
Information Technology & Communication Department,GDC Advertising Pvt. Limited,7665,349
Information Technology & Communication Department,JYOTHI COMPUTER SERVICES,408,103
Information Technology & Communication Department,Karvy Data Management Services,494,156
Information Technology & Communication Department,MARS Telecom Systems Pvt Ltd,31,11
Information Technology & Communication Department,SREEVEN INFOCOM LIMITED,46,40
Jharkhand,Alankit Assignments Limited,81,2
Jharkhand,Blue Circle Instrument,107,59
Jharkhand,MKS Enterprises,141,15
Jharkhand,Nevaeh Technology Pvt. Ltd.,266,5
Jharkhand,STRATEGIC OUTSOURCING SERVICE,124,4
Jharkhand,Wipro Ltd,1113,15
Mission Convergence - GNCT Del,Karvy Computershare Private Li,103,13
Mission Convergence - GNCT Del,NVR & ASSOCIATES LIMITED,637,45
NSDL e-Governance Infrastructure Limited,Abhipra Capital Ltd,9,26
NSDL e-Governance Infrastructure Limited,Alankit Assignments Limited,710,77
NSDL e-Governance Infrastructure Limited,INTEGRATED REGISTRY SERVICES LTD,87,0
NSDL e-Governance Infrastructure Limited,Karvy Data Management Services,13270,203
NSDL e-Governance Infrastructure Limited,Netlink software Pvt Ltd,7914,47
NSDL e-Governance Infrastructure Limited,PROWIZ MANSYTEMS PVT LTD,1230,6
NSDL e-Governance Infrastructure Limited,TEAM LIFE CARE COMPANY INDIA P,59,5
NSDL e-Governance Infrastructure Limited,VIRGO SOFTECH LIMITED,152,4
Oriental Bank of Commerce,DATASOFT COMPUTER SERVICES(P),98,37
Oriental Bank of Commerce,Euro Finmart Ltd,561,1
Oriental Bank of Commerce,FINANCIAL INFORMATION NETWORK,26,3
Oriental Bank of Commerce,JNET Technologies Pvt.Ltd,5,0
Oriental Bank of Commerce,Redim Software Technologies Pvt Ltd,117,0
Oriental Bank of Commerce,Sri Ramraja Sarkar Lok Kalyan Trust,1154,0
Oriental Bank of Commerce,Wipro Ltd,68,1
Registrar General India BEL2,Alankit Assignments Limited,139,11
Registrar General India BEL2,Computer LAB,46,1
Registrar General India BEL2,Emdee Digitronics Pvt.Ltd.,65,2
Registrar General India BEL2,In Media Computer Services LLP,163,0
Registrar General India BEL2,MKS Enterprises,65,0
Registrar General India BEL2,Netlink software Pvt Ltd,565,18
Registrar General India BEL2,Nielsen  India  Private Limited,115,13
Registrar General India BEL2,Om Softwares,14033,24
Registrar General India BEL2,STRATEGIC OUTSOURCING SERVICE,45,0
Registrar General India BEL2,Satyanarayana Raju Company Pvt ltd,3,4
Registrar General India BEL2,Swathy Smartcards Hi-Tech Pvt,1564,25
Registrar General India BEL2,Tera Software Ltd,6,3
Registrar General India BEL2,Vansh Infotech Pvt Ltd,13,12
Registrar General India BEL2,Vedavaag Systems Limited,65,2
Registrar General India ECIL,COMTECHINFO SOLUTIONS PVT.LTD,2,0
Registrar General India ECIL,Computer LAB,266,73
Registrar General India ECIL,Karvy Data Management Services,18452,42
Registrar General India ECIL,Krishna Infotech,2,0
Registrar General India ECIL,Nielsen  India  Private Limited,111,0
Registrar General India ECIL,SWISSTECH NPR 57CR PROJECT PVT,1,0
Registrar General India ECIL,Vedavaag Systems Limited,1,0
Registrar General India Others,Karvy Data Management Services,19,0
Registrar General India Others,Vedavaag Systems Limited,1,0
Registrar General of India ITI,COMTECH INSTITUTE OFTECHNOLOGY,1,15
Registrar General of India ITI,CommunitiWorks Welfare Society,10,16
Registrar General of India ITI,Karvy Data Management Services,13395,7
Registrar General of India ITI,Netlink software Pvt Ltd,2961,0
Registrar General of India ITI,Nielsen  India  Private Limited,650,0
Registrar General of India ITI,STRATEGIC OUTSOURCING SERVICE,238,0
Registrar General of India ITI,Satyanarayana Raju Company Pvt ltd,14,0
Registrar General of India ITI,Swathy Smartcards Hi-Tech Pvt,358,31
Registrar General of India ITI,Urmila Info solution,1127,0
Registrar General of India ITI,WEBEL TECHNOLOGY LIMITED,8566,28
State Bank of Bikaner & Jaipur,Multiwave Innovation,330,7
UIDAI-Registrar,UIDAI-EA,3,0
UT Of Daman and Diu,Alankit Assignments Limited,417,37
UT of Puducherry,Madras Security Printers Ltd,43,10
Union Bank,FINANCIAL INFORMATION NETWORK,939,114
Union Bank,Smart Chip Limited,1150,147
Union Bank,Vakrangee Softwares Limited,4839,104
