Registrar,Enrolment Agency,Aadhaar generated,Enrolment Rejected
Allahabad Bank,Vakrangee Softwares Limited,290,118
Bank Of India,A3 Logics  India  Ltd,7262,192
Bank Of India,Akanksha International,934,38
Bank Of India,Blue Circle Instrument,1107,66
Bank Of India,CHESSY CONSULTANTS PVT LTD,1733,22
Bank Of India,DATASOFT COMPUTER SERVICES(P),1103,59
Bank Of India,Emdee Digitronics Pvt.Ltd.,2153,1
Bank Of India,Frontech Systems Pvt Ltd,4123,285
Bank Of India,ITI LIMITED,15,24
Bank Of India,MANTRA SOFTTECH (INDIA) PVTLTD,676,16
Bank Of India,Matrix Processing House,9663,632
Bank Of India,OPTIMIX CONSULTANCY PRIVATE LT,0,2
Bank Of India,OSWAL COMPUTERS & CONSULTANTS,10892,422
Bank Of India,PROTEX COMPUTER PVT LTD,1442,105
Bank Of India,SARADA SYSTEMS,2205,47
Bank Of India,SHRIKRISHNA KHANDASARI SUGAR M,16961,2497
Bank Of India,SPANCO,3207,201
Bank Of India,SREI INFRASTRUCTURE FINANCES L,5124,200
Bank Of India,Silver Touch Technologies Ltd,2276,187
Bank Of India,Systematic & Advance Const P L,11528,157
Bank Of India,VEETECHNOLOGIES PVT. LTD,3886,121
Bank Of India,Vakrangee Softwares Limited,126,109
Bank of Baroda,IL&FS LTD,0,1
Bank of Baroda,TEAM LIFE CARE COMPANY INDIA P,5329,416
Bank of Maharashtra,Alankit Assignments Limited,0,6
Bank of Maharashtra,Alankit Finsec Ltd,222,7
Bank of Maharashtra,FINANCIAL INFORMATION NETWORK,357,37
Bank of Maharashtra,Micro Technologies India Ltd,1570,78
Bank of Maharashtra,Tera Software Ltd,1,0
CSC e-Governance Services India Limited,A I Soc for Electronics and Comp Tech,2117,139
CSC e-Governance Services India Limited,AKSH OPTIFIBRE LIMITED,906,15
CSC e-Governance Services India Limited,BASIX,2165,322
CSC e-Governance Services India Limited,CALANCE SOFTWARE PRIVATE LTD,953,38
CSC e-Governance Services India Limited,CMS Computers Ltd,2759,18
CSC e-Governance Services India Limited,CSC e-Governance Services India Limited,25,2
CSC e-Governance Services India Limited,Intelligent Communication Systems India Limited,178,112
CSC e-Governance Services India Limited,Network for Information & Computer,1093,9
CSC e-Governance Services India Limited,Reliance Communication Limited,1282,15
CSC e-Governance Services India Limited,SPANCO,206,27
CSC e-Governance Services India Limited,Tera Software Ltd,9,3
CSC e-Governance Services India Limited,United Telecoms e-Services Pvt Ltd,250,6
CSC e-Governance Services India Limited,VIKALP MULTIMEDIA,29,0
Canara Bank,Smart Chip Limited,0,1
Central Bank of India,CALANCE SOFTWARE PRIVATE LTD,17388,719
Central Bank of India,Frontech Systems Pvt Ltd,1,0
Central Bank of India,IAP COMPANY Pvt. Ltd,12078,827
Central Bank of India,IL&FS LTD,0,11
Central Bank of India,MANTRA SOFTTECH (INDIA) PVTLTD,101,8
Central Bank of India,The Peerless General Finance,5892,254
Civil Supplies - A&N Islands,India Computer Technology,0,1
DENA BANK,ATISHAY INFOTECH PVT. LTD.,1420,64
DENA BANK,Business Information Processing Services,64,7
DENA BANK,DATASOFT COMPUTER SERVICES(P),301,33
DENA BANK,JNET Technologies Pvt.Ltd,786,1
DENA BANK,K W Consulting P Ltd,5456,35
DENA BANK,Multiwave Innovation,977,40
DENA BANK,Netlink software Pvt Ltd,353,42
DENA BANK,Soc for Advancement of Environ Science,44,29
DENA BANK,TechSmart India Pvt Ltd,15,0
DENA BANK,Tera Software Ltd,50,0
Delhi - Central DC,Smart Chip Limited,374,224
Delhi - East DC,DATASOFT COMPUTER SERVICES(P),884,238
Delhi - East DC,Tera Software Ltd,1,1
Delhi - ND DC,Smart Chip Limited,270,38
Delhi - NE DC,Alankit Assignments Limited,0,25
Delhi - NE DC,Smart Chip Limited,665,379
Delhi - NE DC,Smart ID,1,1
Delhi - North DC,CALANCE SOFTWARE PRIVATE LTD,2991,681
Delhi - North DC,DATASOFT COMPUTER SERVICES(P),0,1
Delhi - North DC,NVR & ASSOCIATES LIMITED,520,306
Delhi - North DC,Smart Chip Limited,628,354
Delhi SW DC,STRATEGIC OUTSOURCING SERVICE,0,12
Delhi SW DC,VIRGO SOFTECH LIMITED,840,195
Delhi Urban Shelter Improvemen,Alankit Assignments Limited,0,4
Delhi Urban Shelter Improvemen,STRATEGIC OUTSOURCING SERVICE,0,34
Delhi Urban Shelter Improvemen,Smart Chip Limited,0,1
Delhi Urban Shelter Improvemen,Tera Software Ltd,0,5
Delhi- South DC,Karvy Computershare Private Li,83,28
Delhi- South DC,Smart Chip Limited,252,169
Delhi- South DC,Tera Software Ltd,1,5
Delhi- West DC,Smart Chip Limited,224,210
Delhi- West DC,VIRGO SOFTECH LIMITED,850,237
Delhi-NW DC,Karvy Computershare Private Li,679,488
Delhi-NW DC,STRATEGIC OUTSOURCING SERVICE,0,28
Department of Information Technology Govt of Jharkhand,Blue Circle Instrument,1830,254
Department of Information Technology Govt of Jharkhand,IL&FS LTD,1,2
Department of Information Technology Govt of Jharkhand,MKS Enterprises,6765,510
Department of Information Technology Govt of Jharkhand,Smart ID,0,6
Department of Information Technology Govt of Jharkhand,Systematic & Advance Const P L,15,20
Department of Information Technology Govt of Jharkhand,Vayam technologies Ltd,14,5
Dept of ITC Govt of Rajasthan,ATISHAY INFOTECH PVT. LTD.,8514,372
Dept of ITC Govt of Rajasthan,AVVAS INFOTECH PVT  LTD,6929,176
Dept of ITC Govt of Rajasthan,Alankit Finsec Ltd,2633,159
Dept of ITC Govt of Rajasthan,Business Information Processing Services,2148,20
Dept of ITC Govt of Rajasthan,DATASOFT COMPUTER SERVICES(P),30232,1226
Dept of ITC Govt of Rajasthan,GSS Infotech Ltd,0,1
Dept of ITC Govt of Rajasthan,Gem Computers,1074,19
Dept of ITC Govt of Rajasthan,Multiwave Innovation,6732,37
Dept of ITC Govt of Rajasthan,Netlink software Pvt Ltd,3842,75
Dept of ITC Govt of Rajasthan,TechSmart India Pvt Ltd,1492,102
Dept of ITC Govt of Rajasthan,Transline Technologies P Ltd,8660,364
Dept of ITC Govt of Rajasthan,Vakrangee Softwares Limited,8606,740
Dept of ITC Govt of Rajasthan,Vayam technologies Ltd,14910,1126
FCR Govt of Haryana,Vakrangee Softwares Limited,11,133
FCS Govt of Punjab,Alankit Assignments Limited,0,1
FCS Govt of Punjab,Alankit Finsec Ltd,0,1
FCS Govt of Punjab,CSS TECHNERGY LIMITED,729,79
FCS Govt of Punjab,Karvy Computershare Private Li,7584,621
FCS Govt of Punjab,Vayam technologies Ltd,12726,270
FCS Govt of Punjab,eCentric solutions pvt ltd,9984,571
Govt of Andhra Pradesh,Gouthami Educational Society,1350,186
Govt of Andhra Pradesh,GrapeSoft,4506,1128
Govt of Andhra Pradesh,IL&FS LTD,1,17
Govt of Andhra Pradesh,INFRONICS SYSTEMS LTD,4315,1692
Govt of Andhra Pradesh,Madras Security Printers Ltd,1,24
Govt of Andhra Pradesh,SREEVEN INFOCOM LIMITED,932,109
Govt of Andhra Pradesh,Smart Chip Limited,0,1
Govt of Andhra Pradesh,TechSmart India Pvt Ltd,9190,2040
Govt of Andhra Pradesh,Tera Software Ltd,6396,1114
Govt of Andhra Pradesh,eCentric solutions pvt ltd,0,5
Govt of Goa,MARS Telecom Systems Pvt Ltd,1768,258
Govt of Gujarat,GSS Infotech Ltd,16376,514
Govt of Gujarat,Karvy Computershare Private Li,16132,459
Govt of Gujarat,Silver Touch Technologies Ltd,15626,287
Govt of Gujarat,Tera Software Ltd,7825,67
Govt of Gujarat,Transline Technologies P Ltd,1994,39
Govt of Gujarat,Vayam technologies Ltd,9283,101
Govt of Gujarat,eCentric solutions pvt ltd,3758,90
Govt of Himachal Pradesh,IL&FS LTD,1,7
Govt of Himachal Pradesh,Wipro Ltd,2140,354
Govt of Himachal Pradesh,i-Grandee SoftwareTechnologies,4193,69
Govt of Karnataka ,GLODYNE TECHNOSERVE,0,7
Govt of Karnataka ,Integra Micro Systems Pvt.ltd,2,5
Govt of Karnataka ,MARS Telecom Systems Pvt Ltd,8405,330
Govt of Karnataka ,Ninestars Information Technologies Ltd,4529,899
Govt of Karnataka ,Origin ITFS Pvt Ltd,3765,381
Govt of Karnataka ,SREEVEN INFOCOM LIMITED,6461,507
Govt of Karnataka ,Tera Software Ltd,0,2
Govt of Karnataka ,Wipro Ltd,0,1
Govt of Kerala,Akshaya,10195,864
Govt of Kerala,Keltron,3794,487
Govt of Madhya Pradesh,VIRGO SOFTECH LIMITED,0,3
Govt of Maharashtra,Alankit Assignments Limited,0,33
Govt of Maharashtra,Alankit Finsec Ltd,6348,596
Govt of Maharashtra,Eagle press pvt ltd,227,157
Govt of Maharashtra,GLODYNE TECHNOSERVE,778,164
Govt of Maharashtra,GSS Infotech Ltd,0,3
Govt of Maharashtra,Karvy Computershare Private Li,12380,1321
Govt of Maharashtra,M/S King Computer System pvt Ltd,6,0
Govt of Maharashtra,M/s. Vidya Online  Pune,1588,74
Govt of Maharashtra,Mahaonline Limited,0,25
Govt of Maharashtra,Narayana Electricals Solution Pvt Ltd,10900,92
Govt of Maharashtra,Netlink software Pvt Ltd,11244,401
Govt of Maharashtra,Network for Information & Computer,378,76
Govt of Maharashtra,Obel projects Pvt Ltd,2,7
Govt of Maharashtra,Rudranee Infotech Ltd,4765,638
Govt of Maharashtra,SHREERAM PRINTING PRESS,4151,447
Govt of Maharashtra,SPANCO,1889,101
Govt of Maharashtra,STRATEGIC OUTSOURCING SERVICE,1879,439
Govt of Maharashtra,Silver Touch Technologies Ltd,6449,213
Govt of Maharashtra,Smart Chip Limited,0,1
Govt of Maharashtra,Systematic & Advance Const P L,97,13
Govt of Maharashtra,TEAM LIFE CARE COMPANY INDIA P,447,9
Govt of Maharashtra,TechSmart India Pvt Ltd,1642,779
Govt of Maharashtra,Tera Software Ltd,696,129
Govt of Maharashtra,Transline Technologies P Ltd,454,132
Govt of Maharashtra,Wep Solution India Limited,0,11
Govt of Maharashtra,Wipro Ltd,11331,451
Govt of Sikkim - Dept of Econo,Department of Economics Statistics  Monitoring and Evaluation DESME,602,33
IDBI Bank ltd,ATISHAY INFOTECH PVT. LTD.,2052,429
IDBI Bank ltd,Matrix Processing House,596,72
IDBI Bank ltd,Pioneer E Labs limited,57,7
IDBI Bank ltd,SREEVEN INFOCOM LIMITED,18428,794
IDBI Bank ltd,UTI TECHNOLOGY SERVICES LIMITE,1584,210
Indian Bank,GSS Infotech Ltd,0,1
Indiapost,Delhi Integrated MMTS Ltd,8591,272
Indiapost,GLODYNE TECHNOSERVE,0,2
Indiapost,GSS Infotech Ltd,0,1
Indiapost,IL&FS LTD,0,3
Indiapost,M/S STAR DATA CENTRE,708,5
Indiapost,MARS Telecom Systems Pvt Ltd,950,351
Indiapost,Smart Chip Limited,414,13
Indiapost,TEAM LIFE CARE COMPANY INDIA P,3436,432
Indiapost,UTI TECHNOLOGY SERVICES LIMITE,0,2
Indiapost,Vayam technologies Ltd,166,3
Indiapost,WEBEL,188,85
Information Technology & Communication Department,4G INFORMATICS,4113,225
Information Technology & Communication Department,BNR UDYOG LIMITED,3247,143
Information Technology & Communication Department,Bloom Solutions Pvt Ltd,3109,330
Information Technology & Communication Department,CSS TECHNERGY LIMITED,4520,261
Information Technology & Communication Department,GDC Advertising Pvt. Limited,5644,2077
Information Technology & Communication Department,JYOTHI COMPUTER SERVICES,4223,535
Information Technology & Communication Department,Karvy Data Management Services,2095,334
Information Technology & Communication Department,MARS Telecom Systems Pvt Ltd,1483,337
Information Technology & Communication Department,SREEVEN INFOCOM LIMITED,2910,283
Information Technology & Communication Department,Tera Software Ltd,1810,102
Jharkhand,Alankit Assignments Limited,10,42
Jharkhand,Blue Circle Instrument,411,93
Jharkhand,Emdee Digitronics Pvt.Ltd.,5723,547
Jharkhand,IL&FS LTD,0,3
Jharkhand,MKS Enterprises,2214,306
Jharkhand,Nevaeh Technology Pvt. Ltd.,324,66
Jharkhand,STRATEGIC OUTSOURCING SERVICE,27,61
Jharkhand,Smart ID,1,4
Jharkhand,Systematic & Advance Const P L,2192,74
Jharkhand,VISION COMPTECH INTEGRATOR LTD,1268,140
Jharkhand,Wipro Ltd,11094,518
Life Insurance Corporation,DATASOFT COMPUTER SERVICES(P),0,2
Life Insurance Corporation,Smart ID,0,1
Mission Convergence - GNCT Del,Alankit Assignments Limited,0,9
Mission Convergence - GNCT Del,Karvy Computershare Private Li,485,113
Mission Convergence - GNCT Del,NVR & ASSOCIATES LIMITED,975,412
Mission Convergence - GNCT Del,STRATEGIC OUTSOURCING SERVICE,0,25
Mission Convergence - GNCT Del,Tera Software Ltd,0,4
NSDL e-Governance Infrastructure Limited,Abhipra Capital Ltd,1249,197
NSDL e-Governance Infrastructure Limited,Alankit Assignments Limited,13846,412
NSDL e-Governance Infrastructure Limited,Delhi Integrated MMTS Ltd,1443,13
NSDL e-Governance Infrastructure Limited,INTEGRATED REGISTRY SERVICES LTD,72,0
NSDL e-Governance Infrastructure Limited,Karvy Data Management Services,11167,1260
NSDL e-Governance Infrastructure Limited,Netlink software Pvt Ltd,22526,638
NSDL e-Governance Infrastructure Limited,PROWIZ MANSYTEMS PVT LTD,6318,85
NSDL e-Governance Infrastructure Limited,TEAM LIFE CARE COMPANY INDIA P,1842,85
NSDL e-Governance Infrastructure Limited,VIRGO SOFTECH LIMITED,14832,138
Oriental Bank of Commerce,DATASOFT COMPUTER SERVICES(P),2612,99
Oriental Bank of Commerce,Euro Finmart Ltd,846,66
Oriental Bank of Commerce,FINANCIAL INFORMATION NETWORK,0,1
Oriental Bank of Commerce,JNET Technologies Pvt.Ltd,1290,15
Oriental Bank of Commerce,Redim Software Technologies Pvt Ltd,1484,45
Oriental Bank of Commerce,Sri Ramraja Sarkar Lok Kalyan Trust,4588,237
Oriental Bank of Commerce,Wipro Ltd,4505,106
Others,Others,0,1
Registrar General India - BEL,Manipur Electronics Dev Corp,1056,0
Registrar General India - BEL,Swathy Smartcards Hi-Tech Pvt,8,14
Registrar General India BEL2,Alankit Assignments Limited,327,158
Registrar General India BEL2,Computer LAB,1576,359
Registrar General India BEL2,Emdee Digitronics Pvt.Ltd.,159,16
Registrar General India BEL2,In Media Computer Services LLP,65,0
Registrar General India BEL2,India Computer Technology,11661,3202
Registrar General India BEL2,MACRO INFOTECH PVT LTD,3529,48
Registrar General India BEL2,MKS Enterprises,730,35
Registrar General India BEL2,Madras Security Printers Ltd,13866,4894
Registrar General India BEL2,Multiwave Innovation,276,236
Registrar General India BEL2,Netlink software Pvt Ltd,2700,351
Registrar General India BEL2,Nevaeh Technology Pvt. Ltd.,1415,1
Registrar General India BEL2,Nielsen  India  Private Limited,1426,61
Registrar General India BEL2,Om Softwares,2995,335
Registrar General India BEL2,SREEVEN INFOCOM LIMITED,72,1
Registrar General India BEL2,STRATEGIC OUTSOURCING SERVICE,405,107
Registrar General India BEL2,Satyanarayana Raju Company Pvt ltd,363,28
Registrar General India BEL2,Swathy Smartcards Hi-Tech Pvt,7864,4146
Registrar General India BEL2,Swiss Tech India Pvt Ltd,1905,1404
Registrar General India BEL2,Tera Software Ltd,3214,8667
Registrar General India BEL2,UNITED DATA SERVICES PRIVATE LIMITED,5092,687
Registrar General India BEL2,Vansh Infotech Pvt Ltd,2199,118
Registrar General India BEL2,Vedavaag Systems Limited,1308,25
Registrar General India ECIL,AVVAS INFOTECH PVT  LTD,2960,28
Registrar General India ECIL,BUSINESS INFORMATION PROCESSING SERVICES,64,10
Registrar General India ECIL,COMTECH INSTITUTE OFTECHNOLOGY,83,863
Registrar General India ECIL,COMTECHINFO SOLUTIONS PVT.LTD,1533,7
Registrar General India ECIL,Chinar Construction Company Prime agency,439,0
Registrar General India ECIL,Clairvoyance Technologies Pvt.,846,90
Registrar General India ECIL,Computer LAB,11789,2948
Registrar General India ECIL,Eagle Software India Pvt. Ltd,11036,498
Registrar General India ECIL,In Media Computer Services LLP,15220,712
Registrar General India ECIL,India Computer Technology,207,1037
Registrar General India ECIL,Karvy Data Management Services,19972,313
Registrar General India ECIL,Krishna Infotech,5321,2027
Registrar General India ECIL,Madras Security Printers Ltd,5969,799
Registrar General India ECIL,Mphasis Ltd,1928,195
Registrar General India ECIL,Netwing Technologies Pvt Ltd,190,32
Registrar General India ECIL,Nielsen  India  Private Limited,961,1
Registrar General India ECIL,Pioneer E Labs limited,134,228
Registrar General India ECIL,SARADA SYSTEMS,95,3
Registrar General India ECIL,SWISSTECH NPR 57CR PROJECT PVT,7471,3182
Registrar General India ECIL,Tera Software Ltd,18237,158
Registrar General India ECIL,Vedavaag Systems Limited,14225,2350
Registrar General India Others,AVVAS INFOTECH PVT  LTD,9,0
Registrar General India Others,COMTECH INSTITUTE OFTECHNOLOGY,2,0
Registrar General India Others,COMTECHINFO SOLUTIONS PVT.LTD,8,0
Registrar General India Others,CSS TECHNERGY LIMITED,1,0
Registrar General India Others,Chinar Construction Company Prime agency,5,0
Registrar General India Others,Computer LAB,0,6
Registrar General India Others,Eagle Software India Pvt. Ltd,28,2
Registrar General India Others,Emdee Digitronics Pvt.Ltd.,0,2
Registrar General India Others,Karvy Data Management Services,16,10
Registrar General India Others,Madras Security Printers Ltd,0,325
Registrar General India Others,Mphasis Ltd,1,0
Registrar General India Others,Nielsen  India  Private Limited,0,1
Registrar General India Others,SARADA SYSTEMS,2,0
Registrar General India Others,SWISSTECH NPR 57CR PROJECT PVT,8,21
Registrar General India Others,Swathy Smartcards Hi-Tech Pvt,15,4
Registrar General India Others,Vansh Infotech Pvt Ltd,18,1
Registrar General of India ITI,COMTECH INSTITUTE OFTECHNOLOGY,2719,140
Registrar General of India ITI,CSS TECHNERGY LIMITED,1046,22
Registrar General of India ITI,CommunitiWorks Welfare Society,620,234
Registrar General of India ITI,Eagle Software India Pvt. Ltd,4347,239
Registrar General of India ITI,Emdee Digitronics Pvt.Ltd.,23082,277
Registrar General of India ITI,Karvy Data Management Services,4793,168
Registrar General of India ITI,Madras Security Printers Ltd,232,5
Registrar General of India ITI,Mphasis Ltd,365,59
Registrar General of India ITI,Multiwave Innovation,81,4
Registrar General of India ITI,Netlink software Pvt Ltd,750,27
Registrar General of India ITI,Netwing Technologies Pvt Ltd,25,26
Registrar General of India ITI,Nielsen  India  Private Limited,543,239
Registrar General of India ITI,SREEVEN INFOCOM LIMITED,25,222
Registrar General of India ITI,STRATEGIC OUTSOURCING SERVICE,5917,113
Registrar General of India ITI,Satyanarayana Raju Company Pvt ltd,1014,41
Registrar General of India ITI,Swathy Smartcards Hi-Tech Pvt,17125,9568
Registrar General of India ITI,TechSmart India Pvt Ltd,23,364
Registrar General of India ITI,Urmila Info solution,181,0
Registrar General of India ITI,VIRGO SOFTECH LIMITED,905,7
Registrar General of India ITI,Vedavaag Systems Limited,1940,18
Registrar General of India ITI,WEBEL TECHNOLOGY LIMITED,460,37
STATE BANK OF PATIALA,CSS TECHNERGY LIMITED,3,3
State Bank of Bikaner & Jaipur,Multiwave Innovation,1041,91
State Bank of India,Eagle press pvt ltd,0,8
State Bank of India,IL&FS LTD,1,18
State Bank of India,Smart Chip Limited,1,4
State Bank of India,VIRGO SOFTECH LIMITED,3,0
State Bank of Travancore,Tera Software Ltd,137,79
UIDAI-Registrar,UIDAI-EA,39,6
UT Of Daman and Diu,Alankit Assignments Limited,91,103
UT of Puducherry,Madras Security Printers Ltd,378,172
Union Bank,FINANCIAL INFORMATION NETWORK,12827,1986
Union Bank,Smart Chip Limited,32246,2942
Union Bank,Vakrangee Softwares Limited,55243,4241
