Registrar,Enrolment Agency,Aadhaar generated,Enrolment Rejected
Allahabad Bank,Vakrangee Softwares Limited,24,0
Bank Of India,A3 Logics  India  Ltd,78,0
Bank Of India,Blue Circle Instrument,59,0
Bank Of India,CHESSY CONSULTANTS PVT LTD,37,0
Bank Of India,DATASOFT COMPUTER SERVICES(P),153,0
Bank Of India,Emdee Digitronics Pvt.Ltd.,10,0
Bank Of India,Frontech Systems Pvt Ltd,12,0
Bank Of India,MANTRA SOFTTECH (INDIA) PVTLTD,1,0
Bank Of India,Matrix Processing House,69,0
Bank Of India,OSWAL COMPUTERS & CONSULTANTS,37,0
Bank Of India,PROTEX COMPUTER PVT LTD,30,0
Bank Of India,SARADA SYSTEMS,17,0
Bank Of India,SHRIKRISHNA KHANDASARI SUGAR M,29,0
Bank Of India,SPANCO,70,0
Bank Of India,SREI INFRASTRUCTURE FINANCES L,48,0
Bank Of India,Silver Touch Technologies Ltd,25,0
Bank Of India,Systematic & Advance Const P L,67,0
Bank Of India,VEETECHNOLOGIES PVT. LTD,3,0
Bank Of India,Vakrangee Softwares Limited,42,0
Bank of Baroda,TEAM LIFE CARE COMPANY INDIA P,23,0
Bank of Maharashtra,Alankit Finsec Ltd,2,0
Bank of Maharashtra,FINANCIAL INFORMATION NETWORK,1,0
Bank of Maharashtra,Micro Technologies India Ltd,5,0
CSC e-Governance Services India Limited,A I Soc for Electronics and Comp Tech,48,0
CSC e-Governance Services India Limited,AKSH OPTIFIBRE LIMITED,15,0
CSC e-Governance Services India Limited,BASIX,1,0
CSC e-Governance Services India Limited,CALANCE SOFTWARE PRIVATE LTD,47,0
CSC e-Governance Services India Limited,CMS Computers Ltd,22,0
CSC e-Governance Services India Limited,Network for Information & Computer,10,0
CSC e-Governance Services India Limited,Reliance Communication Limited,11,0
CSC e-Governance Services India Limited,VIKALP MULTIMEDIA,2,0
Central Bank of India,CALANCE SOFTWARE PRIVATE LTD,224,0
Central Bank of India,IAP COMPANY Pvt. Ltd,362,0
Central Bank of India,MANTRA SOFTTECH (INDIA) PVTLTD,4,0
Central Bank of India,The Peerless General Finance,16,0
DENA BANK,ATISHAY INFOTECH PVT. LTD.,9,0
DENA BANK,DATASOFT COMPUTER SERVICES(P),12,0
Delhi - Central DC,Smart Chip Limited,1,0
Delhi - East DC,DATASOFT COMPUTER SERVICES(P),1,0
Delhi - NE DC,Smart Chip Limited,1,0
Delhi - North DC,CALANCE SOFTWARE PRIVATE LTD,33,0
Delhi - North DC,NVR & ASSOCIATES LIMITED,6,0
Delhi - North DC,Smart Chip Limited,2,0
Delhi SW DC,VIRGO SOFTECH LIMITED,3,0
Delhi- West DC,Smart Chip Limited,3,0
Delhi- West DC,VIRGO SOFTECH LIMITED,2,0
Delhi-NW DC,Karvy Computershare Private Li,1,0
Department of Information Technology Govt of Jharkhand,Blue Circle Instrument,30,0
Department of Information Technology Govt of Jharkhand,MKS Enterprises,22,0
Department of Information Technology Govt of Jharkhand,Systematic & Advance Const P L,2,0
Department of Information Technology Govt of Jharkhand,Vayam technologies Ltd,1,0
Dept of ITC Govt of Rajasthan,ATISHAY INFOTECH PVT. LTD.,232,0
Dept of ITC Govt of Rajasthan,AVVAS INFOTECH PVT  LTD,114,0
Dept of ITC Govt of Rajasthan,Alankit Finsec Ltd,113,0
Dept of ITC Govt of Rajasthan,Business Information Processing Services,13,0
Dept of ITC Govt of Rajasthan,DATASOFT COMPUTER SERVICES(P),95,0
Dept of ITC Govt of Rajasthan,Gem Computers,13,0
Dept of ITC Govt of Rajasthan,Multiwave Innovation,1,0
Dept of ITC Govt of Rajasthan,Netlink software Pvt Ltd,10,0
Dept of ITC Govt of Rajasthan,TechSmart India Pvt Ltd,27,0
Dept of ITC Govt of Rajasthan,Transline Technologies P Ltd,32,0
Dept of ITC Govt of Rajasthan,Vakrangee Softwares Limited,192,0
Dept of ITC Govt of Rajasthan,Vayam technologies Ltd,36,0
FCR Govt of Haryana,Vakrangee Softwares Limited,12,0
FCS Govt of Punjab,Karvy Computershare Private Li,40,0
FCS Govt of Punjab,Vayam technologies Ltd,13,0
FCS Govt of Punjab,eCentric solutions pvt ltd,98,0
Govt of Andhra Pradesh,Gouthami Educational Society,4,0
Govt of Andhra Pradesh,GrapeSoft,31,0
Govt of Andhra Pradesh,INFRONICS SYSTEMS LTD,17,0
Govt of Andhra Pradesh,SREEVEN INFOCOM LIMITED,16,0
Govt of Andhra Pradesh,TechSmart India Pvt Ltd,86,0
Govt of Andhra Pradesh,Tera Software Ltd,13,0
Govt of Gujarat,GSS Infotech Ltd,123,0
Govt of Gujarat,Karvy Computershare Private Li,17,0
Govt of Gujarat,Silver Touch Technologies Ltd,209,0
Govt of Gujarat,Tera Software Ltd,36,0
Govt of Gujarat,Transline Technologies P Ltd,6,0
Govt of Gujarat,Vayam technologies Ltd,22,0
Govt of Gujarat,eCentric solutions pvt ltd,135,0
Govt of Himachal Pradesh,Wipro Ltd,2,0
Govt of Himachal Pradesh,i-Grandee SoftwareTechnologies,1,0
Govt of Karnataka ,MARS Telecom Systems Pvt Ltd,14,0
Govt of Karnataka ,Ninestars Information Technologies Ltd,10,0
Govt of Karnataka ,Origin ITFS Pvt Ltd,22,0
Govt of Karnataka ,SREEVEN INFOCOM LIMITED,99,0
Govt of Kerala,Akshaya,39,0
Govt of Kerala,Keltron,6,0
Govt of Maharashtra,Alankit Finsec Ltd,112,0
Govt of Maharashtra,Eagle press pvt ltd,12,0
Govt of Maharashtra,Karvy Computershare Private Li,138,0
Govt of Maharashtra,M/s. Vidya Online  Pune,1,0
Govt of Maharashtra,Narayana Electricals Solution Pvt Ltd,7,0
Govt of Maharashtra,Netlink software Pvt Ltd,16,0
Govt of Maharashtra,Rudranee Infotech Ltd,6,0
Govt of Maharashtra,SHREERAM PRINTING PRESS,12,0
Govt of Maharashtra,SPANCO,10,0
Govt of Maharashtra,STRATEGIC OUTSOURCING SERVICE,19,0
Govt of Maharashtra,Silver Touch Technologies Ltd,11,0
Govt of Maharashtra,TechSmart India Pvt Ltd,11,0
Govt of Maharashtra,Tera Software Ltd,2,0
Govt of Maharashtra,Transline Technologies P Ltd,2,0
Govt of Maharashtra,Wipro Ltd,38,0
Govt of Sikkim - Dept of Econo,Department of Economics Statistics  Monitoring and Evaluation DESME,6,0
IDBI Bank ltd,ATISHAY INFOTECH PVT. LTD.,21,0
IDBI Bank ltd,SREEVEN INFOCOM LIMITED,31,0
IDBI Bank ltd,UTI TECHNOLOGY SERVICES LIMITE,5,0
Indiapost,Delhi Integrated MMTS Ltd,245,0
Indiapost,M/S STAR DATA CENTRE,2,0
Indiapost,MARS Telecom Systems Pvt Ltd,22,0
Indiapost,Smart Chip Limited,1,0
Indiapost,TEAM LIFE CARE COMPANY INDIA P,13,0
Indiapost,WEBEL,4,0
Information Technology & Communication Department,4G INFORMATICS,114,0
Information Technology & Communication Department,BNR UDYOG LIMITED,20,0
Information Technology & Communication Department,Bloom Solutions Pvt Ltd,40,0
Information Technology & Communication Department,CSS TECHNERGY LIMITED,218,0
Information Technology & Communication Department,GDC Advertising Pvt. Limited,7,0
Information Technology & Communication Department,JYOTHI COMPUTER SERVICES,63,0
Information Technology & Communication Department,Karvy Data Management Services,9,0
Information Technology & Communication Department,MARS Telecom Systems Pvt Ltd,15,0
Information Technology & Communication Department,SREEVEN INFOCOM LIMITED,74,0
Information Technology & Communication Department,Tera Software Ltd,3,0
Jharkhand,Blue Circle Instrument,2,0
Jharkhand,Emdee Digitronics Pvt.Ltd.,25,0
Jharkhand,MKS Enterprises,4,0
Jharkhand,Nevaeh Technology Pvt. Ltd.,1,0
Jharkhand,VISION COMPTECH INTEGRATOR LTD,18,0
Jharkhand,Wipro Ltd,29,0
NSDL e-Governance Infrastructure Limited,Abhipra Capital Ltd,45,0
NSDL e-Governance Infrastructure Limited,Alankit Assignments Limited,56,0
NSDL e-Governance Infrastructure Limited,Delhi Integrated MMTS Ltd,29,0
NSDL e-Governance Infrastructure Limited,Karvy Data Management Services,108,0
NSDL e-Governance Infrastructure Limited,Netlink software Pvt Ltd,57,0
NSDL e-Governance Infrastructure Limited,PROWIZ MANSYTEMS PVT LTD,44,0
NSDL e-Governance Infrastructure Limited,TEAM LIFE CARE COMPANY INDIA P,5,0
NSDL e-Governance Infrastructure Limited,VIRGO SOFTECH LIMITED,53,0
Oriental Bank of Commerce,DATASOFT COMPUTER SERVICES(P),35,0
Oriental Bank of Commerce,Euro Finmart Ltd,2,0
Oriental Bank of Commerce,JNET Technologies Pvt.Ltd,25,0
Oriental Bank of Commerce,Redim Software Technologies Pvt Ltd,13,0
Oriental Bank of Commerce,Sri Ramraja Sarkar Lok Kalyan Trust,76,0
Oriental Bank of Commerce,Wipro Ltd,9,0
Others,Others,0,1
Registrar General India BEL2,Alankit Assignments Limited,8,0
Registrar General India BEL2,Computer LAB,2,0
Registrar General India BEL2,India Computer Technology,386,0
Registrar General India BEL2,MACRO INFOTECH PVT LTD,48,0
Registrar General India BEL2,Madras Security Printers Ltd,79,0
Registrar General India BEL2,Multiwave Innovation,373,0
Registrar General India BEL2,Netlink software Pvt Ltd,2,0
Registrar General India BEL2,Nielsen  India  Private Limited,4,0
Registrar General India BEL2,Om Softwares,20,0
Registrar General India BEL2,SREEVEN INFOCOM LIMITED,1,0
Registrar General India BEL2,STRATEGIC OUTSOURCING SERVICE,1,0
Registrar General India BEL2,Satyanarayana Raju Company Pvt ltd,3,0
Registrar General India BEL2,Swathy Smartcards Hi-Tech Pvt,334,0
Registrar General India BEL2,Swiss Tech India Pvt Ltd,1,0
Registrar General India BEL2,Tera Software Ltd,24,0
Registrar General India BEL2,UNITED DATA SERVICES PRIVATE LIMITED,21,0
Registrar General India BEL2,Vansh Infotech Pvt Ltd,3,0
Registrar General India BEL2,Vedavaag Systems Limited,1,0
Registrar General India ECIL,AVVAS INFOTECH PVT  LTD,27,0
Registrar General India ECIL,COMTECH INSTITUTE OFTECHNOLOGY,52,0
Registrar General India ECIL,Clairvoyance Technologies Pvt.,4,0
Registrar General India ECIL,Computer LAB,140,0
Registrar General India ECIL,Eagle Software India Pvt. Ltd,2,0
Registrar General India ECIL,In Media Computer Services LLP,134,0
Registrar General India ECIL,India Computer Technology,537,0
Registrar General India ECIL,Karvy Data Management Services,23,0
Registrar General India ECIL,Krishna Infotech,56,0
Registrar General India ECIL,Madras Security Printers Ltd,116,0
Registrar General India ECIL,Mphasis Ltd,8,0
Registrar General India ECIL,Netwing Technologies Pvt Ltd,18,0
Registrar General India ECIL,Nielsen  India  Private Limited,1,0
Registrar General India ECIL,Pioneer E Labs limited,52,0
Registrar General India ECIL,SWISSTECH NPR 57CR PROJECT PVT,193,0
Registrar General India ECIL,Tera Software Ltd,105,0
Registrar General India ECIL,Vedavaag Systems Limited,162,0
Registrar General of India ITI,COMTECH INSTITUTE OFTECHNOLOGY,13,0
Registrar General of India ITI,CSS TECHNERGY LIMITED,102,0
Registrar General of India ITI,Eagle Software India Pvt. Ltd,15,0
Registrar General of India ITI,Emdee Digitronics Pvt.Ltd.,661,0
Registrar General of India ITI,Karvy Data Management Services,4,0
Registrar General of India ITI,Madras Security Printers Ltd,1,0
Registrar General of India ITI,Netwing Technologies Pvt Ltd,7,0
Registrar General of India ITI,Nielsen  India  Private Limited,15,0
Registrar General of India ITI,SREEVEN INFOCOM LIMITED,1,0
Registrar General of India ITI,STRATEGIC OUTSOURCING SERVICE,3,0
Registrar General of India ITI,Satyanarayana Raju Company Pvt ltd,1,0
Registrar General of India ITI,Swathy Smartcards Hi-Tech Pvt,122,0
Registrar General of India ITI,WEBEL TECHNOLOGY LIMITED,144,0
Registrar General of India ITI,Webx Technologies Private Limited,5,0
State Bank of Bikaner & Jaipur,Multiwave Innovation,84,0
UIDAI-Registrar,UIDAI-EA,2,0
UT Of Daman and Diu,Alankit Assignments Limited,2,0
UT of Puducherry,Madras Security Printers Ltd,3,0
Union Bank,FINANCIAL INFORMATION NETWORK,359,0
Union Bank,Smart Chip Limited,189,0
Union Bank,Vakrangee Softwares Limited,514,0
