Registrar,Enrolment Agency,Aadhaar generated,Enrolment Rejected
Allahabad Bank,Tera Software Ltd,2,0
Allahabad Bank,Vakrangee Softwares Limited,587,23
Bank Of India,A3 Logics  India  Ltd,6803,121
Bank Of India,Akanksha International,735,0
Bank Of India,Blue Circle Instrument,1523,14
Bank Of India,CHESSY CONSULTANTS PVT LTD,633,6
Bank Of India,DATASOFT COMPUTER SERVICES(P),594,7
Bank Of India,Emdee Digitronics Pvt.Ltd.,106,3
Bank Of India,Frontech Systems Pvt Ltd,1947,295
Bank Of India,ITI LIMITED,8,0
Bank Of India,MANTRA SOFTTECH (INDIA) PVTLTD,82,1
Bank Of India,Matrix Processing House,17638,187
Bank Of India,OSWAL COMPUTERS & CONSULTANTS,3975,394
Bank Of India,PROTEX COMPUTER PVT LTD,1942,11
Bank Of India,SARADA SYSTEMS,2610,8
Bank Of India,SHRIKRISHNA KHANDASARI SUGAR M,11418,492
Bank Of India,SPANCO,3620,54
Bank Of India,SREI INFRASTRUCTURE FINANCES L,6043,58
Bank Of India,Silver Touch Technologies Ltd,884,38
Bank Of India,Systematic & Advance Const P L,5364,32
Bank Of India,VEETECHNOLOGIES PVT. LTD,5122,58
Bank Of India,Vakrangee Softwares Limited,1138,9
Bank of Baroda,DATASOFT COMPUTER SERVICES(P),1,0
Bank of Baroda,TEAM LIFE CARE COMPANY INDIA P,6315,178
Bank of Maharashtra,Alankit Finsec Ltd,554,33
Bank of Maharashtra,FINANCIAL INFORMATION NETWORK,2200,28
Bank of Maharashtra,Micro Technologies India Ltd,987,51
Bank of Maharashtra,Tera Software Ltd,9,1
CSC e-Governance Services India Limited,A I Soc for Electronics and Comp Tech,3458,115
CSC e-Governance Services India Limited,AKSH OPTIFIBRE LIMITED,699,6
CSC e-Governance Services India Limited,BASIX,1552,146
CSC e-Governance Services India Limited,CALANCE SOFTWARE PRIVATE LTD,3578,24
CSC e-Governance Services India Limited,CMS Computers Ltd,3886,44
CSC e-Governance Services India Limited,CSC e-Governance Services India Limited,300,8
CSC e-Governance Services India Limited,Intelligent Communication Systems India Limited,86,11
CSC e-Governance Services India Limited,Network for Information & Computer,489,4
CSC e-Governance Services India Limited,Reliance Communication Limited,1573,19
CSC e-Governance Services India Limited,SPANCO,780,13
CSC e-Governance Services India Limited,Tera Software Ltd,42,0
CSC e-Governance Services India Limited,United Telecoms e-Services Pvt Ltd,2001,97
CSC e-Governance Services India Limited,VIKALP MULTIMEDIA,339,0
Central Bank of India,CALANCE SOFTWARE PRIVATE LTD,6244,142
Central Bank of India,IAP COMPANY Pvt. Ltd,11093,285
Central Bank of India,MANTRA SOFTTECH (INDIA) PVTLTD,3,1
Central Bank of India,SREI INFRASTRUCTURE FINANCES L,2,0
Central Bank of India,The Peerless General Finance,2988,45
DENA BANK,ATISHAY INFOTECH PVT. LTD.,1572,32
DENA BANK,Business Information Processing Services,263,2
DENA BANK,CALANCE SOFTWARE PRIVATE LTD,11,0
DENA BANK,DATASOFT COMPUTER SERVICES(P),85,4
DENA BANK,JNET Technologies Pvt.Ltd,144,0
DENA BANK,K W Consulting P Ltd,747,21
DENA BANK,Multiwave Innovation,1986,19
DENA BANK,Netlink software Pvt Ltd,25,1
DENA BANK,Ortem Securities Limited,23,0
DENA BANK,Soc for Advancement of Environ Science,115,15
DENA BANK,Tera Software Ltd,433,1
Delhi - Central DC,Smart Chip Limited,301,67
Delhi - East DC,DATASOFT COMPUTER SERVICES(P),1792,123
Delhi - East DC,Tera Software Ltd,5,0
Delhi - ND DC,Smart Chip Limited,208,16
Delhi - NE DC,Alankit Assignments Limited,2,0
Delhi - NE DC,Smart Chip Limited,1209,127
Delhi - North DC,CALANCE SOFTWARE PRIVATE LTD,2062,145
Delhi - North DC,NVR & ASSOCIATES LIMITED,521,225
Delhi - North DC,Smart Chip Limited,155,103
Delhi SW DC,STRATEGIC OUTSOURCING SERVICE,4,0
Delhi SW DC,VIRGO SOFTECH LIMITED,75,30
Delhi Urban Shelter Improvemen,STRATEGIC OUTSOURCING SERVICE,1,0
Delhi Urban Shelter Improvemen,Tera Software Ltd,1,0
Delhi- South DC,Karvy Computershare Private Li,119,14
Delhi- South DC,Smart Chip Limited,101,28
Delhi- West DC,Smart Chip Limited,139,11
Delhi- West DC,VIRGO SOFTECH LIMITED,814,84
Delhi-NW DC,Karvy Computershare Private Li,221,267
Delhi-NW DC,STRATEGIC OUTSOURCING SERVICE,3,0
Department of Information Technology Govt of Jharkhand,Blue Circle Instrument,1293,78
Department of Information Technology Govt of Jharkhand,MKS Enterprises,1907,160
Department of Information Technology Govt of Jharkhand,Systematic & Advance Const P L,3,0
Dept of ITC Govt of Rajasthan,ATISHAY INFOTECH PVT. LTD.,7619,110
Dept of ITC Govt of Rajasthan,AVVAS INFOTECH PVT  LTD,4994,74
Dept of ITC Govt of Rajasthan,Alankit Finsec Ltd,2264,20
Dept of ITC Govt of Rajasthan,Business Information Processing Services,853,6
Dept of ITC Govt of Rajasthan,DATASOFT COMPUTER SERVICES(P),18171,611
Dept of ITC Govt of Rajasthan,Gem Computers,603,3
Dept of ITC Govt of Rajasthan,Multiwave Innovation,3551,20
Dept of ITC Govt of Rajasthan,Netlink software Pvt Ltd,1757,11
Dept of ITC Govt of Rajasthan,TechSmart India Pvt Ltd,698,23
Dept of ITC Govt of Rajasthan,Transline Technologies P Ltd,866,144
Dept of ITC Govt of Rajasthan,Vakrangee Softwares Limited,17975,419
Dept of ITC Govt of Rajasthan,Vayam technologies Ltd,5617,525
FCR Govt of Haryana,4G INFORMATICS,7,0
FCR Govt of Haryana,Vakrangee Softwares Limited,255,8
FCS Govt of Punjab,Alankit Assignments Limited,70,0
FCS Govt of Punjab,Alankit Finsec Ltd,61,0
FCS Govt of Punjab,Alankit Life Care Ltd,9,0
FCS Govt of Punjab,CSS TECHNERGY LIMITED,516,57
FCS Govt of Punjab,Diwakar Commercials Pvt Ltd,14,0
FCS Govt of Punjab,Karvy Computershare Private Li,6622,307
FCS Govt of Punjab,Vayam technologies Ltd,6586,147
FCS Govt of Punjab,eCentric solutions pvt ltd,6434,222
Govt of Andhra Pradesh,Gouthami Educational Society,2545,118
Govt of Andhra Pradesh,GrapeSoft,4090,813
Govt of Andhra Pradesh,IL&FS LTD,3,3
Govt of Andhra Pradesh,INFRONICS SYSTEMS LTD,7443,1092
Govt of Andhra Pradesh,Madras Security Printers Ltd,4,0
Govt of Andhra Pradesh,SREEVEN INFOCOM LIMITED,63,2
Govt of Andhra Pradesh,TechSmart India Pvt Ltd,4448,1693
Govt of Andhra Pradesh,Tera Software Ltd,1488,329
Govt of Goa,MARS Telecom Systems Pvt Ltd,142,101
Govt of Goa,Tera Software Ltd,4,0
Govt of Gujarat,GSS Infotech Ltd,9561,93
Govt of Gujarat,Karvy Computershare Private Li,11371,203
Govt of Gujarat,Silver Touch Technologies Ltd,26917,128
Govt of Gujarat,Tera Software Ltd,6872,19
Govt of Gujarat,Transline Technologies P Ltd,1267,12
Govt of Gujarat,Vayam technologies Ltd,6659,38
Govt of Gujarat,eCentric solutions pvt ltd,151,6
Govt of Himachal Pradesh,IL&FS LTD,6,0
Govt of Himachal Pradesh,Wipro Ltd,1381,123
Govt of Himachal Pradesh,i-Grandee SoftwareTechnologies,1840,59
Govt of Karnataka ,COMAT TECHNOLOGIES P LTD,2,0
Govt of Karnataka ,GLODYNE TECHNOSERVE,15,0
Govt of Karnataka ,MARS Telecom Systems Pvt Ltd,13686,110
Govt of Karnataka ,Ninestars Information Technologies Ltd,8870,419
Govt of Karnataka ,Origin ITFS Pvt Ltd,12457,179
Govt of Karnataka ,SREEVEN INFOCOM LIMITED,11380,226
Govt of Karnataka ,Tera Software Ltd,2,0
Govt of Kerala,Akshaya,12394,437
Govt of Kerala,Keltron,564,88
Govt of Madhya Pradesh,VIRGO SOFTECH LIMITED,187,0
Govt of Maharashtra,Alankit Finsec Ltd,7429,184
Govt of Maharashtra,Eagle press pvt ltd,608,1
Govt of Maharashtra,GLODYNE TECHNOSERVE,140,0
Govt of Maharashtra,Karvy Computershare Private Li,9852,383
Govt of Maharashtra,M/S King Computer System pvt Ltd,1,1
Govt of Maharashtra,M/s. Vidya Online  Pune,942,77
Govt of Maharashtra,Mahaonline Limited,1,0
Govt of Maharashtra,Narayana Electricals Solution Pvt Ltd,1483,35
Govt of Maharashtra,Netlink software Pvt Ltd,2976,274
Govt of Maharashtra,Network for Information & Computer,78,1
Govt of Maharashtra,Obel projects Pvt Ltd,12,0
Govt of Maharashtra,Rudranee Infotech Ltd,1917,252
Govt of Maharashtra,SHREERAM PRINTING PRESS,1641,168
Govt of Maharashtra,SPANCO,2892,42
Govt of Maharashtra,STRATEGIC OUTSOURCING SERVICE,1775,76
Govt of Maharashtra,Silver Touch Technologies Ltd,2002,37
Govt of Maharashtra,Systematic & Advance Const P L,263,8
Govt of Maharashtra,TEAM LIFE CARE COMPANY INDIA P,424,2
Govt of Maharashtra,TechSmart India Pvt Ltd,413,226
Govt of Maharashtra,Tera Software Ltd,169,8
Govt of Maharashtra,Transline Technologies P Ltd,424,55
Govt of Maharashtra,Wipro Ltd,5779,310
Govt of Sikkim - Dept of Econo,Department of Economics Statistics  Monitoring and Evaluation DESME,408,12
IDBI Bank ltd,ATISHAY INFOTECH PVT. LTD.,2631,174
IDBI Bank ltd,Matrix Processing House,891,43
IDBI Bank ltd,Pioneer E Labs limited,2,0
IDBI Bank ltd,SREEVEN INFOCOM LIMITED,11445,230
IDBI Bank ltd,UTI TECHNOLOGY SERVICES LIMITE,1733,18
Indian Overseas Bank,Eagle Software India Pvt. Ltd,1,0
Indiapost,4G IDENTITY SOLUTIONS,10,0
Indiapost,Delhi Integrated MMTS Ltd,19103,128
Indiapost,GLODYNE TECHNOSERVE,14,0
Indiapost,GSS Infotech Ltd,1,0
Indiapost,M/S STAR DATA CENTRE,84,1
Indiapost,MARS Telecom Systems Pvt Ltd,677,83
Indiapost,Smart Chip Limited,1446,22
Indiapost,TEAM LIFE CARE COMPANY INDIA P,6032,177
Indiapost,UTI TECHNOLOGY SERVICES LIMITE,2,0
Indiapost,Vayam technologies Ltd,70,10
Indiapost,WEBEL,501,90
Information Technology & Communication Department,4G INFORMATICS,2904,40
Information Technology & Communication Department,BNR UDYOG LIMITED,2418,15
Information Technology & Communication Department,Bloom Solutions Pvt Ltd,2280,158
Information Technology & Communication Department,CSS TECHNERGY LIMITED,1344,36
Information Technology & Communication Department,GDC Advertising Pvt. Limited,2188,519
Information Technology & Communication Department,JYOTHI COMPUTER SERVICES,6752,126
Information Technology & Communication Department,Karvy Data Management Services,12093,71
Information Technology & Communication Department,MARS Telecom Systems Pvt Ltd,2532,393
Information Technology & Communication Department,SREEVEN INFOCOM LIMITED,4077,262
Information Technology & Communication Department,Tera Software Ltd,1293,29
Jharkhand,Alankit Assignments Limited,45,1
Jharkhand,Blue Circle Instrument,421,44
Jharkhand,Emdee Digitronics Pvt.Ltd.,3220,10
Jharkhand,MKS Enterprises,1769,156
Jharkhand,Nevaeh Technology Pvt. Ltd.,779,16
Jharkhand,STRATEGIC OUTSOURCING SERVICE,3,2
Jharkhand,Smart ID,1,0
Jharkhand,Systematic & Advance Const P L,1053,7
Jharkhand,VISION COMPTECH INTEGRATOR LTD,1299,7
Jharkhand,Wipro Ltd,9831,288
Mission Convergence - GNCT Del,Karvy Computershare Private Li,581,55
Mission Convergence - GNCT Del,NVR & ASSOCIATES LIMITED,259,147
NSDL e-Governance Infrastructure Limited,Abhipra Capital Ltd,1268,24
NSDL e-Governance Infrastructure Limited,Alankit Assignments Limited,7852,159
NSDL e-Governance Infrastructure Limited,Delhi Integrated MMTS Ltd,945,5
NSDL e-Governance Infrastructure Limited,INTEGRATED REGISTRY SERVICES LTD,3,1
NSDL e-Governance Infrastructure Limited,Karvy Data Management Services,18213,563
NSDL e-Governance Infrastructure Limited,Netlink software Pvt Ltd,5245,126
NSDL e-Governance Infrastructure Limited,PROWIZ MANSYTEMS PVT LTD,1426,30
NSDL e-Governance Infrastructure Limited,TEAM LIFE CARE COMPANY INDIA P,1033,34
NSDL e-Governance Infrastructure Limited,VIRGO SOFTECH LIMITED,4210,44
Oriental Bank of Commerce,DATASOFT COMPUTER SERVICES(P),1184,43
Oriental Bank of Commerce,Euro Finmart Ltd,439,15
Oriental Bank of Commerce,FINANCIAL INFORMATION NETWORK,22,0
Oriental Bank of Commerce,IL&FS LTD,12,0
Oriental Bank of Commerce,JNET Technologies Pvt.Ltd,781,4
Oriental Bank of Commerce,Redim Software Technologies Pvt Ltd,375,8
Oriental Bank of Commerce,Sri Ramraja Sarkar Lok Kalyan Trust,4752,65
Oriental Bank of Commerce,Wipro Ltd,2141,131
Punjab and Sind Bank,Matrix Processing House,1,0
RDD Govt of Tripura,Alankit Assignments Limited,3,0
Registrar General India - BEL,Manipur Electronics Dev Corp,13346,9
Registrar General India BEL2,Alankit Assignments Limited,51,16
Registrar General India BEL2,Computer LAB,1644,300
Registrar General India BEL2,Emdee Digitronics Pvt.Ltd.,33,16
Registrar General India BEL2,In Media Computer Services LLP,5,2
Registrar General India BEL2,India Computer Technology,10952,79
Registrar General India BEL2,MACRO INFOTECH PVT LTD,5390,4
Registrar General India BEL2,MKS Enterprises,1,0
Registrar General India BEL2,Madras Security Printers Ltd,23062,285
Registrar General India BEL2,Manipur Electronics Dev Corp,3,0
Registrar General India BEL2,Multiwave Innovation,2268,258
Registrar General India BEL2,Netlink software Pvt Ltd,799,52
Registrar General India BEL2,Nevaeh Technology Pvt. Ltd.,127,2
Registrar General India BEL2,Nielsen  India  Private Limited,489,3
Registrar General India BEL2,Om Softwares,8435,72
Registrar General India BEL2,SREEVEN INFOCOM LIMITED,17,1
Registrar General India BEL2,STRATEGIC OUTSOURCING SERVICE,1657,115
Registrar General India BEL2,Satyanarayana Raju Company Pvt ltd,361,24
Registrar General India BEL2,Swathy Smartcards Hi-Tech Pvt,33571,705
Registrar General India BEL2,Swiss Tech India Pvt Ltd,12513,368
Registrar General India BEL2,Tera Software Ltd,5116,1174
Registrar General India BEL2,UNITED DATA SERVICES PRIVATE LIMITED,4298,23
Registrar General India BEL2,Vansh Infotech Pvt Ltd,2089,137
Registrar General India BEL2,Vedavaag Systems Limited,893,23
Registrar General India ECIL,AVVAS INFOTECH PVT  LTD,2040,12
Registrar General India ECIL,BUSINESS INFORMATION PROCESSING SERVICES,421,1
Registrar General India ECIL,COMTECH INSTITUTE OFTECHNOLOGY,1954,5
Registrar General India ECIL,COMTECHINFO SOLUTIONS PVT.LTD,1154,2
Registrar General India ECIL,Chinar Construction Company Prime agency,1112,2
Registrar General India ECIL,Clairvoyance Technologies Pvt.,6,0
Registrar General India ECIL,Computer LAB,5004,1641
Registrar General India ECIL,Eagle Software India Pvt. Ltd,7657,6638
Registrar General India ECIL,Esoft Consulting Limited,2,0
Registrar General India ECIL,In Media Computer Services LLP,75,1
Registrar General India ECIL,India Computer Technology,12429,7262
Registrar General India ECIL,Karvy Data Management Services,14712,123
Registrar General India ECIL,Krishna Infotech,2738,1494
Registrar General India ECIL,Madras Security Printers Ltd,6753,3005
Registrar General India ECIL,Mphasis Ltd,2252,13
Registrar General India ECIL,Netwing Technologies Pvt Ltd,294,20
Registrar General India ECIL,Nielsen  India  Private Limited,424,0
Registrar General India ECIL,Pioneer E Labs limited,1207,142
Registrar General India ECIL,SARADA SYSTEMS,20,0
Registrar General India ECIL,SWISSTECH NPR 57CR PROJECT PVT,4468,477
Registrar General India ECIL,Tera Software Ltd,3848,4
Registrar General India ECIL,Vedavaag Systems Limited,3882,89
Registrar General India Others,AVVAS INFOTECH PVT  LTD,1,0
Registrar General India Others,COMTECH INSTITUTE OFTECHNOLOGY,3,0
Registrar General India Others,Computer LAB,0,1
Registrar General India Others,Eagle Software India Pvt. Ltd,9,0
Registrar General India Others,In Media Computer Services LLP,54,0
Registrar General India Others,India Computer Technology,1,0
Registrar General India Others,Karvy Data Management Services,5,0
Registrar General India Others,Krishna Infotech,1,0
Registrar General India Others,Madras Security Printers Ltd,6,10
Registrar General India Others,Mphasis Ltd,2,0
Registrar General India Others,SARADA SYSTEMS,7,0
Registrar General India Others,STRATEGIC OUTSOURCING SERVICE,4,0
Registrar General India Others,SWISSTECH NPR 57CR PROJECT PVT,3,0
Registrar General India Others,Swathy Smartcards Hi-Tech Pvt,1,0
Registrar General India Others,Swiss Tech India Pvt Ltd,19,0
Registrar General India Others,Vedavaag Systems Limited,2,0
Registrar General India Others,WEBEL TECHNOLOGY LIMITED,26,0
Registrar General of India ITI,COMTECH INSTITUTE OFTECHNOLOGY,3324,39
Registrar General of India ITI,CSS TECHNERGY LIMITED,1562,4
Registrar General of India ITI,CommunitiWorks Welfare Society,305,22
Registrar General of India ITI,Eagle Software India Pvt. Ltd,2208,30
Registrar General of India ITI,Emdee Digitronics Pvt.Ltd.,13299,79
Registrar General of India ITI,Karvy Data Management Services,9866,181
Registrar General of India ITI,Madras Security Printers Ltd,604,9
Registrar General of India ITI,Mphasis Ltd,49,1
Registrar General of India ITI,Multiwave Innovation,81,0
Registrar General of India ITI,Netlink software Pvt Ltd,1568,29
Registrar General of India ITI,Netwing Technologies Pvt Ltd,86,0
Registrar General of India ITI,Nielsen  India  Private Limited,5114,38
Registrar General of India ITI,SREEVEN INFOCOM LIMITED,7,2
Registrar General of India ITI,STRATEGIC OUTSOURCING SERVICE,4366,40
Registrar General of India ITI,Satyanarayana Raju Company Pvt ltd,1734,22
Registrar General of India ITI,Swathy Smartcards Hi-Tech Pvt,10731,1611
Registrar General of India ITI,TechSmart India Pvt Ltd,60,0
Registrar General of India ITI,Urmila Info solution,60,0
Registrar General of India ITI,VIRGO SOFTECH LIMITED,563,7
Registrar General of India ITI,Vedavaag Systems Limited,364,3
Registrar General of India ITI,WEBEL TECHNOLOGY LIMITED,2697,81
STATE BANK OF HYDERABAD,CSS TECHNERGY LIMITED,2,0
STATE BANK OF PATIALA,CSS TECHNERGY LIMITED,1,0
State Bank of Bikaner & Jaipur,Multiwave Innovation,277,19
State Bank of India,4G IDENTITY SOLUTIONS,21,0
State Bank of India,CSS TECHNERGY LIMITED,1,0
State Bank of India,VIRGO SOFTECH LIMITED,2,0
State Bank of Travancore,Tera Software Ltd,247,6
UIDAI-Registrar,UIDAI-EA,29,1
UT Of Daman and Diu,Alankit Assignments Limited,7,8
UT of Puducherry,Madras Security Printers Ltd,143,100
Union Bank,4G IDENTITY SOLUTIONS,3,0
Union Bank,FINANCIAL INFORMATION NETWORK,27409,676
Union Bank,Smart Chip Limited,22140,1426
Union Bank,Vakrangee Softwares Limited,117249,1711
