Registrar,Enrolment Agency,Aadhaar generated,Enrolment Rejected
Allahabad Bank,IL&FS LTD,0,1
Allahabad Bank,Tera Software Ltd,1,0
Allahabad Bank,Vakrangee Softwares Limited,6483,4228
Bank Of India,A3 Logics  India  Ltd,2224,533
Bank Of India,Akanksha International,451,86
Bank Of India,Blue Circle Instrument,145,43
Bank Of India,CHESSY CONSULTANTS PVT LTD,694,197
Bank Of India,DATASOFT COMPUTER SERVICES(P),264,130
Bank Of India,Emdee Digitronics Pvt.Ltd.,63,39
Bank Of India,Frontech Systems Pvt Ltd,6070,593
Bank Of India,ITI LIMITED,16,26
Bank Of India,MANTRA SOFTTECH (INDIA) PVTLTD,211,214
Bank Of India,Matrix Processing House,4829,1416
Bank Of India,OPTIMIX CONSULTANCY PRIVATE LT,6,13
Bank Of India,OSWAL COMPUTERS & CONSULTANTS,6749,1740
Bank Of India,PROTEX COMPUTER PVT LTD,1053,311
Bank Of India,SARADA SYSTEMS,574,159
Bank Of India,SHRIKRISHNA KHANDASARI SUGAR M,30918,1733
Bank Of India,SPANCO,3198,759
Bank Of India,SREI INFRASTRUCTURE FINANCES L,1629,571
Bank Of India,Silver Touch Technologies Ltd,4620,300
Bank Of India,Systematic & Advance Const P L,2838,1092
Bank Of India,VEETECHNOLOGIES PVT. LTD,612,548
Bank Of India,Vakrangee Softwares Limited,2958,1484
Bank of Baroda,DATASOFT COMPUTER SERVICES(P),0,72
Bank of Baroda,IL&FS LTD,0,1
Bank of Baroda,TEAM LIFE CARE COMPANY INDIA P,8101,352
Bank of Maharashtra,Alankit Assignments Limited,0,2
Bank of Maharashtra,Alankit Finsec Ltd,20,40
Bank of Maharashtra,FINANCIAL INFORMATION NETWORK,234,27
Bank of Maharashtra,Micro Technologies India Ltd,2999,89
CSC e-Governance Services India Limited,A I Soc for Electronics and Comp Tech,1007,199
CSC e-Governance Services India Limited,AKSH OPTIFIBRE LIMITED,305,38
CSC e-Governance Services India Limited,BASIX,1313,68
CSC e-Governance Services India Limited,CALANCE SOFTWARE PRIVATE LTD,397,93
CSC e-Governance Services India Limited,CMS Computers Ltd,434,64
CSC e-Governance Services India Limited,CSC e-Governance Services India Limited,0,1
CSC e-Governance Services India Limited,Intelligent Communication Systems India Limited,76,73
CSC e-Governance Services India Limited,Network for Information & Computer,53,38
CSC e-Governance Services India Limited,Reliance Communication Limited,282,28
CSC e-Governance Services India Limited,SPANCO,111,54
CSC e-Governance Services India Limited,Tera Software Ltd,0,5
CSC e-Governance Services India Limited,United Telecoms e-Services Pvt Ltd,105,26
CSC e-Governance Services India Limited,VIKALP MULTIMEDIA,3,0
Central Bank of India,CALANCE SOFTWARE PRIVATE LTD,6805,687
Central Bank of India,Frontech Systems Pvt Ltd,4,4
Central Bank of India,GSS Infotech Ltd,0,1
Central Bank of India,IAP COMPANY Pvt. Ltd,11274,2130
Central Bank of India,IL&FS LTD,0,16
Central Bank of India,MANTRA SOFTTECH (INDIA) PVTLTD,227,59
Central Bank of India,SREI INFRASTRUCTURE FINANCES L,0,4
Central Bank of India,The Peerless General Finance,5170,285
DENA BANK,ATISHAY INFOTECH PVT. LTD.,866,22
DENA BANK,Business Information Processing Services,5,10
DENA BANK,DATASOFT COMPUTER SERVICES(P),443,131
DENA BANK,JNET Technologies Pvt.Ltd,0,7
DENA BANK,K W Consulting P Ltd,219,6
DENA BANK,Multiwave Innovation,110,47
DENA BANK,Netlink software Pvt Ltd,171,101
DENA BANK,Soc for Advancement of Environ Science,125,116
DENA BANK,Tera Software Ltd,0,1
Delhi - Central DC,Smart Chip Limited,706,749
Delhi - East DC,DATASOFT COMPUTER SERVICES(P),865,908
Delhi - East DC,Tera Software Ltd,0,3
Delhi - ND DC,Smart Chip Limited,196,102
Delhi - NE DC,Alankit Assignments Limited,0,34
Delhi - NE DC,Smart Chip Limited,1070,605
Delhi - North DC,CALANCE SOFTWARE PRIVATE LTD,1218,1363
Delhi - North DC,DATASOFT COMPUTER SERVICES(P),0,28
Delhi - North DC,NVR & ASSOCIATES LIMITED,1315,940
Delhi - North DC,Smart Chip Limited,611,901
Delhi SW DC,STRATEGIC OUTSOURCING SERVICE,0,2
Delhi SW DC,VIRGO SOFTECH LIMITED,294,406
Delhi Urban Shelter Improvemen,Matrix Processing House,0,2
Delhi Urban Shelter Improvemen,STRATEGIC OUTSOURCING SERVICE,0,2
Delhi Urban Shelter Improvemen,Smart Chip Limited,0,1
Delhi Urban Shelter Improvemen,Tera Software Ltd,0,2
Delhi- South DC,Karvy Computershare Private Li,153,242
Delhi- South DC,Smart Chip Limited,268,164
Delhi- South DC,Tera Software Ltd,0,5
Delhi- South DC,eCentric solutions pvt ltd,0,3
Delhi- West DC,Smart Chip Limited,93,235
Delhi- West DC,VIRGO SOFTECH LIMITED,816,1107
Delhi-NW DC,Karvy Computershare Private Li,1047,368
Delhi-NW DC,STRATEGIC OUTSOURCING SERVICE,0,2
Department of Information Technology Govt of Jharkhand,Blue Circle Instrument,3162,485
Department of Information Technology Govt of Jharkhand,IL&FS LTD,0,1
Department of Information Technology Govt of Jharkhand,MKS Enterprises,12932,611
Department of Information Technology Govt of Jharkhand,Systematic & Advance Const P L,129,67
Department of Information Technology Govt of Jharkhand,Vayam technologies Ltd,22,75
Dept of ITC Govt of Rajasthan,ATISHAY INFOTECH PVT. LTD.,4415,2375
Dept of ITC Govt of Rajasthan,AVVAS INFOTECH PVT  LTD,1537,1405
Dept of ITC Govt of Rajasthan,Alankit Finsec Ltd,723,645
Dept of ITC Govt of Rajasthan,Business Information Processing Services,15,87
Dept of ITC Govt of Rajasthan,DATASOFT COMPUTER SERVICES(P),14257,1275
Dept of ITC Govt of Rajasthan,Gem Computers,138,89
Dept of ITC Govt of Rajasthan,Multiwave Innovation,659,87
Dept of ITC Govt of Rajasthan,Netlink software Pvt Ltd,243,129
Dept of ITC Govt of Rajasthan,TechSmart India Pvt Ltd,2964,281
Dept of ITC Govt of Rajasthan,Transline Technologies P Ltd,5352,1056
Dept of ITC Govt of Rajasthan,Vakrangee Softwares Limited,13985,3007
Dept of ITC Govt of Rajasthan,Vayam technologies Ltd,6781,1484
FCR Govt of Haryana,Vakrangee Softwares Limited,303,1238
FCS Govt of Punjab,Alankit Assignments Limited,0,24
FCS Govt of Punjab,Alankit Finsec Ltd,0,30
FCS Govt of Punjab,Alankit Life Care Ltd,0,9
FCS Govt of Punjab,CSS TECHNERGY LIMITED,583,206
FCS Govt of Punjab,Delhi Integrated MMTS Ltd,0,12
FCS Govt of Punjab,Diwakar Commercials Pvt Ltd,0,11
FCS Govt of Punjab,Karvy Computershare Private Li,6647,2056
FCS Govt of Punjab,VIRGO SOFTECH LIMITED,0,1
FCS Govt of Punjab,Vayam technologies Ltd,1575,1045
FCS Govt of Punjab,eCentric solutions pvt ltd,9619,1628
Govt of Andhra Pradesh,Gouthami Educational Society,1718,510
Govt of Andhra Pradesh,GrapeSoft,3980,332
Govt of Andhra Pradesh,IL&FS LTD,206,288
Govt of Andhra Pradesh,INFRONICS SYSTEMS LTD,14142,1505
Govt of Andhra Pradesh,Madras Security Printers Ltd,0,12
Govt of Andhra Pradesh,SREEVEN INFOCOM LIMITED,205,1152
Govt of Andhra Pradesh,Smart Chip Limited,0,1
Govt of Andhra Pradesh,TechSmart India Pvt Ltd,9206,3714
Govt of Andhra Pradesh,Tera Software Ltd,15556,825
Govt of Andhra Pradesh,eCentric solutions pvt ltd,8,209
Govt of Goa,MARS Telecom Systems Pvt Ltd,2110,60
Govt of Goa,Tera Software Ltd,7,12
Govt of Gujarat,GSS Infotech Ltd,14262,323
Govt of Gujarat,Karvy Computershare Private Li,20777,493
Govt of Gujarat,Silver Touch Technologies Ltd,2890,1248
Govt of Gujarat,Tera Software Ltd,731,279
Govt of Gujarat,Transline Technologies P Ltd,189,103
Govt of Gujarat,Vayam technologies Ltd,600,599
Govt of Gujarat,eCentric solutions pvt ltd,789,285
Govt of Himachal Pradesh,Wipro Ltd,5038,247
Govt of Himachal Pradesh,i-Grandee SoftwareTechnologies,1355,186
Govt of Karnataka ,COMAT TECHNOLOGIES P LTD,0,11
Govt of Karnataka ,GLODYNE TECHNOSERVE,0,15
Govt of Karnataka ,Integra Micro Systems Pvt.ltd,0,2
Govt of Karnataka ,MARS Telecom Systems Pvt Ltd,1024,1707
Govt of Karnataka ,Ninestars Information Technologies Ltd,4961,2640
Govt of Karnataka ,Origin ITFS Pvt Ltd,6482,2635
Govt of Karnataka ,SREEVEN INFOCOM LIMITED,1751,1631
Govt of Karnataka ,Tera Software Ltd,0,2
Govt of Karnataka ,Wipro Ltd,0,1
Govt of Kerala,Akshaya,11461,6459
Govt of Kerala,Keltron,969,6089
Govt of Madhya Pradesh,VIRGO SOFTECH LIMITED,0,9
Govt of Maharashtra,Alankit Assignments Limited,0,21
Govt of Maharashtra,Alankit Finsec Ltd,4947,2364
Govt of Maharashtra,Eagle press pvt ltd,629,312
Govt of Maharashtra,GLODYNE TECHNOSERVE,92,70
Govt of Maharashtra,Karvy Computershare Private Li,10122,1547
Govt of Maharashtra,M/S King Computer System pvt Ltd,0,1
Govt of Maharashtra,M/s. Vidya Online  Pune,2229,21
Govt of Maharashtra,Mahaonline Limited,0,4
Govt of Maharashtra,Narayana Electricals Solution Pvt Ltd,1044,182
Govt of Maharashtra,Netlink software Pvt Ltd,2618,814
Govt of Maharashtra,Network for Information & Computer,224,10
Govt of Maharashtra,Obel projects Pvt Ltd,2,21
Govt of Maharashtra,Rudranee Infotech Ltd,2894,244
Govt of Maharashtra,SHREERAM PRINTING PRESS,8598,265
Govt of Maharashtra,SPANCO,2091,93
Govt of Maharashtra,STRATEGIC OUTSOURCING SERVICE,1523,980
Govt of Maharashtra,Silver Touch Technologies Ltd,1846,378
Govt of Maharashtra,Systematic & Advance Const P L,399,76
Govt of Maharashtra,TEAM LIFE CARE COMPANY INDIA P,13,66
Govt of Maharashtra,TechSmart India Pvt Ltd,2813,635
Govt of Maharashtra,Tera Software Ltd,386,39
Govt of Maharashtra,Transline Technologies P Ltd,5771,207
Govt of Maharashtra,Wipro Ltd,12329,872
Govt of Sikkim - Dept of Econo,Department of Economics Statistics  Monitoring and Evaluation DESME,747,10
IDBI Bank ltd,ATISHAY INFOTECH PVT. LTD.,2542,204
IDBI Bank ltd,Matrix Processing House,913,100
IDBI Bank ltd,Pioneer E Labs limited,0,6
IDBI Bank ltd,SREEVEN INFOCOM LIMITED,19426,454
IDBI Bank ltd,UTI TECHNOLOGY SERVICES LIMITE,419,234
Indiapost,Delhi Integrated MMTS Ltd,4332,1659
Indiapost,GLODYNE TECHNOSERVE,17,41
Indiapost,IL&FS LTD,0,1
Indiapost,M/S STAR DATA CENTRE,61,20
Indiapost,MARS Telecom Systems Pvt Ltd,1848,529
Indiapost,Smart Chip Limited,288,103
Indiapost,TEAM LIFE CARE COMPANY INDIA P,2708,1981
Indiapost,The NSIC ltd,0,1
Indiapost,Vayam technologies Ltd,100,45
Indiapost,WEBEL,416,178
Information Technology & Communication Department,4G INFORMATICS,2524,4839
Information Technology & Communication Department,BNR UDYOG LIMITED,444,1023
Information Technology & Communication Department,Bloom Solutions Pvt Ltd,9768,2596
Information Technology & Communication Department,CSS TECHNERGY LIMITED,1838,995
Information Technology & Communication Department,GDC Advertising Pvt. Limited,15781,1457
Information Technology & Communication Department,JYOTHI COMPUTER SERVICES,3471,2459
Information Technology & Communication Department,Karvy Data Management Services,8791,260
Information Technology & Communication Department,MARS Telecom Systems Pvt Ltd,6788,1376
Information Technology & Communication Department,SREEVEN INFOCOM LIMITED,4623,1055
Information Technology & Communication Department,Tera Software Ltd,428,375
Jharkhand,Alankit Assignments Limited,49,27
Jharkhand,Blue Circle Instrument,1201,61
Jharkhand,Emdee Digitronics Pvt.Ltd.,539,1146
Jharkhand,IL&FS LTD,0,1
Jharkhand,MKS Enterprises,3815,470
Jharkhand,Nevaeh Technology Pvt. Ltd.,2501,124
Jharkhand,STRATEGIC OUTSOURCING SERVICE,95,111
Jharkhand,Systematic & Advance Const P L,177,566
Jharkhand,VISION COMPTECH INTEGRATOR LTD,384,512
Jharkhand,Wipro Ltd,5755,1967
Life Insurance Corporation,DATASOFT COMPUTER SERVICES(P),0,1
Life Insurance Corporation,LYRA  CONSULTANCY SERVICE,0,2
Life Insurance Corporation,eCentric solutions pvt ltd,0,1
Mission Convergence - GNCT Del,Alankit Assignments Limited,1,0
Mission Convergence - GNCT Del,Karvy Computershare Private Li,708,276
Mission Convergence - GNCT Del,NVR & ASSOCIATES LIMITED,869,44
Mission Convergence - GNCT Del,STRATEGIC OUTSOURCING SERVICE,0,1
Mission Convergence - GNCT Del,Tera Software Ltd,0,1
Mission Convergence - GNCT Del,eCentric solutions pvt ltd,0,3
NSDL e-Governance Infrastructure Limited,Abhipra Capital Ltd,1571,996
NSDL e-Governance Infrastructure Limited,Alankit Assignments Limited,7088,1293
NSDL e-Governance Infrastructure Limited,Delhi Integrated MMTS Ltd,747,96
NSDL e-Governance Infrastructure Limited,INTEGRATED REGISTRY SERVICES LTD,35,2
NSDL e-Governance Infrastructure Limited,Karvy Data Management Services,25873,6454
NSDL e-Governance Infrastructure Limited,Netlink software Pvt Ltd,4725,913
NSDL e-Governance Infrastructure Limited,PROWIZ MANSYTEMS PVT LTD,2000,844
NSDL e-Governance Infrastructure Limited,TEAM LIFE CARE COMPANY INDIA P,1284,379
NSDL e-Governance Infrastructure Limited,VIRGO SOFTECH LIMITED,2975,709
Oriental Bank of Commerce,DATASOFT COMPUTER SERVICES(P),2495,217
Oriental Bank of Commerce,Euro Finmart Ltd,776,20
Oriental Bank of Commerce,FINANCIAL INFORMATION NETWORK,3,3
Oriental Bank of Commerce,IL&FS LTD,0,2
Oriental Bank of Commerce,JNET Technologies Pvt.Ltd,151,97
Oriental Bank of Commerce,Redim Software Technologies Pvt Ltd,156,141
Oriental Bank of Commerce,Sri Ramraja Sarkar Lok Kalyan Trust,2112,791
Oriental Bank of Commerce,Wipro Ltd,906,895
Others,Others,0,1
Punjab and Sind Bank,Matrix Processing House,0,12
RDD Govt of Tripura,Alankit Assignments Limited,0,5
Registrar General India - BEL,In Media Computer Services LLP,0,1
Registrar General India - BEL,Swathy Smartcards Hi-Tech Pvt,0,65
Registrar General India BEL2,Alankit Assignments Limited,626,315
Registrar General India BEL2,Computer LAB,1246,5546
Registrar General India BEL2,Emdee Digitronics Pvt.Ltd.,133,8
Registrar General India BEL2,In Media Computer Services LLP,1,11
Registrar General India BEL2,India Computer Technology,12160,12772
Registrar General India BEL2,MACRO INFOTECH PVT LTD,269,53
Registrar General India BEL2,MKS Enterprises,10,25
Registrar General India BEL2,Madras Security Printers Ltd,5685,4290
Registrar General India BEL2,Multiwave Innovation,597,14617
Registrar General India BEL2,Netlink software Pvt Ltd,1902,251
Registrar General India BEL2,Nevaeh Technology Pvt. Ltd.,444,23
Registrar General India BEL2,Nielsen  India  Private Limited,677,496
Registrar General India BEL2,Om Softwares,4183,4723
Registrar General India BEL2,SREEVEN INFOCOM LIMITED,51,15
Registrar General India BEL2,STRATEGIC OUTSOURCING SERVICE,1099,553
Registrar General India BEL2,Satyanarayana Raju Company Pvt ltd,1376,25
Registrar General India BEL2,Swathy Smartcards Hi-Tech Pvt,65951,52419
Registrar General India BEL2,Swiss Tech India Pvt Ltd,1488,3348
Registrar General India BEL2,Tera Software Ltd,9463,9476
Registrar General India BEL2,UNITED DATA SERVICES PRIVATE LIMITED,296,513
Registrar General India BEL2,Vansh Infotech Pvt Ltd,6394,100
Registrar General India BEL2,Vedavaag Systems Limited,1707,31
Registrar General India ECIL,AVVAS INFOTECH PVT  LTD,119,188
Registrar General India ECIL,BUSINESS INFORMATION PROCESSING SERVICES,132,24
Registrar General India ECIL,COMTECH INSTITUTE OFTECHNOLOGY,598,583
Registrar General India ECIL,COMTECHINFO SOLUTIONS PVT.LTD,267,17
Registrar General India ECIL,Chinar Construction Company Prime agency,0,7
Registrar General India ECIL,Clairvoyance Technologies Pvt.,162,308
Registrar General India ECIL,Computer LAB,25068,24050
Registrar General India ECIL,Eagle Software India Pvt. Ltd,26,1647
Registrar General India ECIL,Esoft Consulting Limited,1,0
Registrar General India ECIL,In Media Computer Services LLP,677,1908
Registrar General India ECIL,India Computer Technology,1122,12457
Registrar General India ECIL,Karvy Data Management Services,13869,259
Registrar General India ECIL,Krishna Infotech,3118,13866
Registrar General India ECIL,Madras Security Printers Ltd,5967,1875
Registrar General India ECIL,Mphasis Ltd,0,217
Registrar General India ECIL,Netwing Technologies Pvt Ltd,830,41
Registrar General India ECIL,Nielsen  India  Private Limited,94,10
Registrar General India ECIL,Pioneer E Labs limited,150,245
Registrar General India ECIL,SARADA SYSTEMS,0,22
Registrar General India ECIL,SWISSTECH NPR 57CR PROJECT PVT,12098,22223
Registrar General India ECIL,Tera Software Ltd,4478,898
Registrar General India ECIL,Vedavaag Systems Limited,7331,10180
Registrar General India Others,AVVAS INFOTECH PVT  LTD,1,2
Registrar General India Others,BUSINESS INFORMATION PROCESSING SERVICES,0,1
Registrar General India Others,COMTECH INSTITUTE OFTECHNOLOGY,7,0
Registrar General India Others,COMTECHINFO SOLUTIONS PVT.LTD,13,0
Registrar General India Others,CSS TECHNERGY LIMITED,1,0
Registrar General India Others,Clairvoyance Technologies Pvt.,1,0
Registrar General India Others,Computer LAB,1,3
Registrar General India Others,Eagle Software India Pvt. Ltd,3,4
Registrar General India Others,Karvy Data Management Services,2,8
Registrar General India Others,Madras Security Printers Ltd,2,8
Registrar General India Others,Mphasis Ltd,1,0
Registrar General India Others,Multiwave Innovation,0,301
Registrar General India Others,Om Softwares,77,1
Registrar General India Others,SWISSTECH NPR 57CR PROJECT PVT,0,20
Registrar General India Others,Swathy Smartcards Hi-Tech Pvt,0,58
Registrar General India Others,Swiss Tech India Pvt Ltd,3,0
Registrar General India Others,Tera Software Ltd,2,0
Registrar General India Others,Vansh Infotech Pvt Ltd,0,2
Registrar General India Others,Vedavaag Systems Limited,0,1
Registrar General of India ITI,COMTECH INSTITUTE OFTECHNOLOGY,3774,111
Registrar General of India ITI,CSS TECHNERGY LIMITED,55,74
Registrar General of India ITI,CommunitiWorks Welfare Society,1483,102
Registrar General of India ITI,Eagle Software India Pvt. Ltd,3155,988
Registrar General of India ITI,Emdee Digitronics Pvt.Ltd.,35998,7964
Registrar General of India ITI,Karvy Data Management Services,6585,99
Registrar General of India ITI,Madras Security Printers Ltd,3,102
Registrar General of India ITI,Mphasis Ltd,12,38
Registrar General of India ITI,Multiwave Innovation,0,6249
Registrar General of India ITI,Netlink software Pvt Ltd,1748,45
Registrar General of India ITI,Netwing Technologies Pvt Ltd,7,56
Registrar General of India ITI,Nielsen  India  Private Limited,432,437
Registrar General of India ITI,SREEVEN INFOCOM LIMITED,205,2009
Registrar General of India ITI,STRATEGIC OUTSOURCING SERVICE,8741,124
Registrar General of India ITI,Satyanarayana Raju Company Pvt ltd,1025,39
Registrar General of India ITI,Swathy Smartcards Hi-Tech Pvt,13212,44796
Registrar General of India ITI,TechSmart India Pvt Ltd,12,10651
Registrar General of India ITI,Urmila Info solution,420,13
Registrar General of India ITI,VIRGO SOFTECH LIMITED,77,14
Registrar General of India ITI,Vedavaag Systems Limited,26,46
Registrar General of India ITI,WEBEL TECHNOLOGY LIMITED,40211,414
STATE BANK OF HYDERABAD,CSS TECHNERGY LIMITED,0,2
STATE BANK OF PATIALA,CSS TECHNERGY LIMITED,2,60
State Bank of Bikaner & Jaipur,Multiwave Innovation,6999,884
State Bank of India,4G IDENTITY SOLUTIONS,0,3
State Bank of India,COMAT TECHNOLOGIES P LTD,0,1
State Bank of India,CSS TECHNERGY LIMITED,0,19
State Bank of India,Delhi Integrated MMTS Ltd,0,6
State Bank of India,Eagle press pvt ltd,0,1
State Bank of India,IL&FS LTD,0,11
State Bank of India,VIRGO SOFTECH LIMITED,4,12
State Bank of Travancore,Tera Software Ltd,165,194
UIDAI-Registrar,UIDAI-EA,14,1
UT Of Daman and Diu,Alankit Assignments Limited,51,29
UT of Puducherry,Madras Security Printers Ltd,559,207
Union Bank,FINANCIAL INFORMATION NETWORK,22687,3216
Union Bank,Smart Chip Limited,16096,4851
Union Bank,Vakrangee Softwares Limited,69125,10757
