Registrar,Enrolment Agency,Aadhaar generated,Enrolment Rejected
Allahabad Bank,Tera Software Ltd,1,0
Allahabad Bank,Vakrangee Softwares Limited,849,343
Bank Of India,A3 Logics  India  Ltd,2735,134
Bank Of India,Akanksha International,547,30
Bank Of India,Blue Circle Instrument,519,33
Bank Of India,CHESSY CONSULTANTS PVT LTD,624,16
Bank Of India,DATASOFT COMPUTER SERVICES(P),994,15
Bank Of India,Emdee Digitronics Pvt.Ltd.,430,2
Bank Of India,Frontech Systems Pvt Ltd,2497,108
Bank Of India,ITI LIMITED,193,19
Bank Of India,MANTRA SOFTTECH (INDIA) PVTLTD,293,6
Bank Of India,Matrix Processing House,5439,356
Bank Of India,OPTIMIX CONSULTANCY PRIVATE LT,2,14
Bank Of India,OSWAL COMPUTERS & CONSULTANTS,6630,296
Bank Of India,PROTEX COMPUTER PVT LTD,977,41
Bank Of India,SARADA SYSTEMS,995,12
Bank Of India,SHRIKRISHNA KHANDASARI SUGAR M,17411,468
Bank Of India,SPANCO,3380,313
Bank Of India,SREI INFRASTRUCTURE FINANCES L,3727,194
Bank Of India,Silver Touch Technologies Ltd,2572,176
Bank Of India,Systematic & Advance Const P L,5278,109
Bank Of India,VEETECHNOLOGIES PVT. LTD,2770,18
Bank Of India,Vakrangee Softwares Limited,616,278
Bank of Baroda,TEAM LIFE CARE COMPANY INDIA P,3187,29
Bank of Maharashtra,Alankit Finsec Ltd,76,2
Bank of Maharashtra,FINANCIAL INFORMATION NETWORK,131,35
Bank of Maharashtra,Micro Technologies India Ltd,915,51
CSC e-Governance Services India Limited,A I Soc for Electronics and Comp Tech,1058,47
CSC e-Governance Services India Limited,AKSH OPTIFIBRE LIMITED,670,5
CSC e-Governance Services India Limited,BASIX,2343,143
CSC e-Governance Services India Limited,CALANCE SOFTWARE PRIVATE LTD,604,0
CSC e-Governance Services India Limited,CMS Computers Ltd,967,0
CSC e-Governance Services India Limited,CSC e-Governance Services India Limited,8,0
CSC e-Governance Services India Limited,Intelligent Communication Systems India Limited,171,22
CSC e-Governance Services India Limited,Network for Information & Computer,1177,0
CSC e-Governance Services India Limited,Reliance Communication Limited,597,4
CSC e-Governance Services India Limited,SPANCO,140,11
CSC e-Governance Services India Limited,Tera Software Ltd,14,0
CSC e-Governance Services India Limited,United Telecoms e-Services Pvt Ltd,99,4
Canara Bank,Swiss Tech India Pvt Ltd,1,0
Central Bank of India,CALANCE SOFTWARE PRIVATE LTD,11340,410
Central Bank of India,IAP COMPANY Pvt. Ltd,8198,510
Central Bank of India,IL&FS LTD,27,3
Central Bank of India,MANTRA SOFTTECH (INDIA) PVTLTD,346,0
Central Bank of India,The Peerless General Finance,8932,106
DENA BANK,ATISHAY INFOTECH PVT. LTD.,432,18
DENA BANK,Business Information Processing Services,87,1
DENA BANK,DATASOFT COMPUTER SERVICES(P),325,2
DENA BANK,JNET Technologies Pvt.Ltd,416,0
DENA BANK,K W Consulting P Ltd,5020,66
DENA BANK,Multiwave Innovation,502,11
DENA BANK,Netlink software Pvt Ltd,366,0
DENA BANK,Soc for Advancement of Environ Science,103,17
Delhi - Central DC,Smart Chip Limited,431,2
Delhi - East DC,DATASOFT COMPUTER SERVICES(P),668,248
Delhi - East DC,Tera Software Ltd,4,0
Delhi - ND DC,Smart Chip Limited,253,13
Delhi - NE DC,Alankit Assignments Limited,17,0
Delhi - NE DC,Smart Chip Limited,382,88
Delhi - NE DC,Smart ID,1,0
Delhi - North DC,CALANCE SOFTWARE PRIVATE LTD,2542,465
Delhi - North DC,DATASOFT COMPUTER SERVICES(P),2,0
Delhi - North DC,NVR & ASSOCIATES LIMITED,835,79
Delhi - North DC,Smart Chip Limited,321,117
Delhi SW DC,STRATEGIC OUTSOURCING SERVICE,3,0
Delhi SW DC,VIRGO SOFTECH LIMITED,468,249
Delhi Urban Shelter Improvemen,STRATEGIC OUTSOURCING SERVICE,10,0
Delhi Urban Shelter Improvemen,Smart Chip Limited,1,0
Delhi Urban Shelter Improvemen,Tera Software Ltd,0,1
Delhi- South DC,Karvy Computershare Private Li,208,50
Delhi- South DC,Smart Chip Limited,212,45
Delhi- South DC,Tera Software Ltd,12,2
Delhi- West DC,Smart Chip Limited,254,63
Delhi- West DC,VIRGO SOFTECH LIMITED,1160,114
Delhi-NW DC,Karvy Computershare Private Li,350,294
Delhi-NW DC,STRATEGIC OUTSOURCING SERVICE,36,0
Department of Information Technology Govt of Jharkhand,Blue Circle Instrument,2098,96
Department of Information Technology Govt of Jharkhand,IL&FS LTD,5,0
Department of Information Technology Govt of Jharkhand,MKS Enterprises,4320,367
Department of Information Technology Govt of Jharkhand,Smart ID,1,0
Department of Information Technology Govt of Jharkhand,Systematic & Advance Const P L,38,33
Department of Information Technology Govt of Jharkhand,Vayam technologies Ltd,36,0
Dept of ITC Govt of Rajasthan,ATISHAY INFOTECH PVT. LTD.,6496,319
Dept of ITC Govt of Rajasthan,AVVAS INFOTECH PVT  LTD,3917,186
Dept of ITC Govt of Rajasthan,Alankit Finsec Ltd,1956,108
Dept of ITC Govt of Rajasthan,Business Information Processing Services,1161,4
Dept of ITC Govt of Rajasthan,DATASOFT COMPUTER SERVICES(P),21958,996
Dept of ITC Govt of Rajasthan,Gem Computers,688,1
Dept of ITC Govt of Rajasthan,Multiwave Innovation,633,17
Dept of ITC Govt of Rajasthan,Netlink software Pvt Ltd,2121,18
Dept of ITC Govt of Rajasthan,TechSmart India Pvt Ltd,1452,39
Dept of ITC Govt of Rajasthan,Transline Technologies P Ltd,8779,212
Dept of ITC Govt of Rajasthan,Vakrangee Softwares Limited,11622,397
Dept of ITC Govt of Rajasthan,Vayam technologies Ltd,11142,816
FCR Govt of Haryana,Vakrangee Softwares Limited,51,582
FCS Govt of Punjab,Alankit Assignments Limited,3,1
FCS Govt of Punjab,CSS TECHNERGY LIMITED,491,21
FCS Govt of Punjab,Karvy Computershare Private Li,11044,378
FCS Govt of Punjab,Vayam technologies Ltd,5040,236
FCS Govt of Punjab,eCentric solutions pvt ltd,5270,343
Govt of Andhra Pradesh,Gouthami Educational Society,377,170
Govt of Andhra Pradesh,GrapeSoft,1396,651
Govt of Andhra Pradesh,IL&FS LTD,14,14
Govt of Andhra Pradesh,INFRONICS SYSTEMS LTD,3178,822
Govt of Andhra Pradesh,Madras Security Printers Ltd,19,2
Govt of Andhra Pradesh,SREEVEN INFOCOM LIMITED,713,74
Govt of Andhra Pradesh,TechSmart India Pvt Ltd,5414,1013
Govt of Andhra Pradesh,Tera Software Ltd,5500,427
Govt of Andhra Pradesh,eCentric solutions pvt ltd,1,13
Govt of Goa,MARS Telecom Systems Pvt Ltd,1327,89
Govt of Gujarat,GSS Infotech Ltd,14392,207
Govt of Gujarat,Karvy Computershare Private Li,31852,388
Govt of Gujarat,Silver Touch Technologies Ltd,9276,193
Govt of Gujarat,Tera Software Ltd,5012,44
Govt of Gujarat,Transline Technologies P Ltd,925,11
Govt of Gujarat,Vayam technologies Ltd,5509,98
Govt of Gujarat,eCentric solutions pvt ltd,4014,69
Govt of Himachal Pradesh,IL&FS LTD,5,1
Govt of Himachal Pradesh,Wipro Ltd,3404,254
Govt of Himachal Pradesh,i-Grandee SoftwareTechnologies,1191,112
Govt of Karnataka ,GLODYNE TECHNOSERVE,10,0
Govt of Karnataka ,Integra Micro Systems Pvt.ltd,3,0
Govt of Karnataka ,MARS Telecom Systems Pvt Ltd,3345,310
Govt of Karnataka ,Ninestars Information Technologies Ltd,4605,248
Govt of Karnataka ,Origin ITFS Pvt Ltd,6514,174
Govt of Karnataka ,SREEVEN INFOCOM LIMITED,4729,244
Govt of Karnataka ,Tera Software Ltd,1,0
Govt of Karnataka ,Wipro Ltd,3,0
Govt of Kerala,Akshaya,9196,964
Govt of Kerala,Keltron,1929,135
Govt of Madhya Pradesh,VIRGO SOFTECH LIMITED,0,6
Govt of Maharashtra,Alankit Assignments Limited,40,0
Govt of Maharashtra,Alankit Finsec Ltd,2869,263
Govt of Maharashtra,Eagle press pvt ltd,1053,126
Govt of Maharashtra,GLODYNE TECHNOSERVE,566,521
Govt of Maharashtra,GSS Infotech Ltd,6,0
Govt of Maharashtra,Karvy Computershare Private Li,12477,580
Govt of Maharashtra,M/S King Computer System pvt Ltd,1,0
Govt of Maharashtra,M/s. Vidya Online  Pune,3089,39
Govt of Maharashtra,Mahaonline Limited,47,0
Govt of Maharashtra,Narayana Electricals Solution Pvt Ltd,9835,50
Govt of Maharashtra,Netlink software Pvt Ltd,7063,496
Govt of Maharashtra,Network for Information & Computer,360,38
Govt of Maharashtra,Obel projects Pvt Ltd,9,35
Govt of Maharashtra,Rudranee Infotech Ltd,5080,297
Govt of Maharashtra,SHREERAM PRINTING PRESS,3508,140
Govt of Maharashtra,SPANCO,2202,26
Govt of Maharashtra,STRATEGIC OUTSOURCING SERVICE,4383,289
Govt of Maharashtra,Silver Touch Technologies Ltd,3228,153
Govt of Maharashtra,Smart Chip Limited,1,0
Govt of Maharashtra,Systematic & Advance Const P L,227,1
Govt of Maharashtra,TEAM LIFE CARE COMPANY INDIA P,190,2
Govt of Maharashtra,TechSmart India Pvt Ltd,2055,440
Govt of Maharashtra,Tera Software Ltd,470,64
Govt of Maharashtra,Transline Technologies P Ltd,631,88
Govt of Maharashtra,Wep Solution India Limited,13,0
Govt of Maharashtra,Wipro Ltd,9664,282
Govt of Sikkim - Dept of Econo,Department of Economics Statistics  Monitoring and Evaluation DESME,900,19
IDBI Bank ltd,ATISHAY INFOTECH PVT. LTD.,740,147
IDBI Bank ltd,Matrix Processing House,285,30
IDBI Bank ltd,Pioneer E Labs limited,160,1
IDBI Bank ltd,SREEVEN INFOCOM LIMITED,10033,353
IDBI Bank ltd,UTI TECHNOLOGY SERVICES LIMITE,2079,103
Indiapost,4G IDENTITY SOLUTIONS,4,1
Indiapost,Delhi Integrated MMTS Ltd,6931,362
Indiapost,Eagle press pvt ltd,2,0
Indiapost,GLODYNE TECHNOSERVE,2,9
Indiapost,IL&FS LTD,1,0
Indiapost,M/S STAR DATA CENTRE,381,1
Indiapost,MARS Telecom Systems Pvt Ltd,1279,140
Indiapost,Madras Security Printers Ltd,2,0
Indiapost,Smart Chip Limited,186,7
Indiapost,TEAM LIFE CARE COMPANY INDIA P,3274,526
Indiapost,The NSIC ltd,2,0
Indiapost,UTI TECHNOLOGY SERVICES LIMITE,3,1
Indiapost,Vayam technologies Ltd,25,3
Indiapost,WEBEL,234,15
Information Technology & Communication Department,4G INFORMATICS,6720,246
Information Technology & Communication Department,BNR UDYOG LIMITED,2015,334
Information Technology & Communication Department,Bloom Solutions Pvt Ltd,6351,392
Information Technology & Communication Department,CSS TECHNERGY LIMITED,3952,180
Information Technology & Communication Department,GDC Advertising Pvt. Limited,6967,1388
Information Technology & Communication Department,JYOTHI COMPUTER SERVICES,5654,514
Information Technology & Communication Department,Karvy Data Management Services,5016,82
Information Technology & Communication Department,MARS Telecom Systems Pvt Ltd,1925,246
Information Technology & Communication Department,SREEVEN INFOCOM LIMITED,3684,206
Information Technology & Communication Department,Tera Software Ltd,990,34
Jharkhand,Alankit Assignments Limited,34,16
Jharkhand,Blue Circle Instrument,895,32
Jharkhand,Emdee Digitronics Pvt.Ltd.,1748,130
Jharkhand,MKS Enterprises,1334,150
Jharkhand,Nevaeh Technology Pvt. Ltd.,664,40
Jharkhand,STRATEGIC OUTSOURCING SERVICE,106,0
Jharkhand,Smart ID,2,1
Jharkhand,Systematic & Advance Const P L,2191,91
Jharkhand,VISION COMPTECH INTEGRATOR LTD,1422,16
Jharkhand,Wipro Ltd,9871,428
Life Insurance Corporation,MICROVIEWS INFOSYSTEMS PVT LTD,2,0
Life Insurance Corporation,Smart ID,1,0
Mission Convergence - GNCT Del,Alankit Assignments Limited,2,0
Mission Convergence - GNCT Del,Karvy Computershare Private Li,577,96
Mission Convergence - GNCT Del,NVR & ASSOCIATES LIMITED,659,290
Mission Convergence - GNCT Del,STRATEGIC OUTSOURCING SERVICE,2,0
Mission Convergence - GNCT Del,Tera Software Ltd,1,0
NSDL e-Governance Infrastructure Limited,Abhipra Capital Ltd,1464,132
NSDL e-Governance Infrastructure Limited,Alankit Assignments Limited,8635,401
NSDL e-Governance Infrastructure Limited,Delhi Integrated MMTS Ltd,677,5
NSDL e-Governance Infrastructure Limited,INTEGRATED REGISTRY SERVICES LTD,56,0
NSDL e-Governance Infrastructure Limited,Karvy Data Management Services,22200,1047
NSDL e-Governance Infrastructure Limited,Netlink software Pvt Ltd,7564,351
NSDL e-Governance Infrastructure Limited,PROWIZ MANSYTEMS PVT LTD,5028,39
NSDL e-Governance Infrastructure Limited,TEAM LIFE CARE COMPANY INDIA P,1111,17
NSDL e-Governance Infrastructure Limited,VIRGO SOFTECH LIMITED,4676,173
Oriental Bank of Commerce,DATASOFT COMPUTER SERVICES(P),1907,43
Oriental Bank of Commerce,Euro Finmart Ltd,1020,29
Oriental Bank of Commerce,FINANCIAL INFORMATION NETWORK,0,2
Oriental Bank of Commerce,IL&FS LTD,1,4
Oriental Bank of Commerce,JNET Technologies Pvt.Ltd,1430,2
Oriental Bank of Commerce,Redim Software Technologies Pvt Ltd,666,9
Oriental Bank of Commerce,Sri Ramraja Sarkar Lok Kalyan Trust,5844,101
Oriental Bank of Commerce,Wipro Ltd,3248,70
Registrar General India - BEL,In Media Computer Services LLP,2,1
Registrar General India - BEL,Manipur Electronics Dev Corp,54,0
Registrar General India - BEL,Swathy Smartcards Hi-Tech Pvt,0,10
Registrar General India BEL2,Alankit Assignments Limited,1540,101
Registrar General India BEL2,Computer LAB,537,1452
Registrar General India BEL2,Emdee Digitronics Pvt.Ltd.,136,3
Registrar General India BEL2,In Media Computer Services LLP,1,0
Registrar General India BEL2,India Computer Technology,15494,3782
Registrar General India BEL2,MACRO INFOTECH PVT LTD,2365,1
Registrar General India BEL2,MKS Enterprises,164,17
Registrar General India BEL2,Madras Security Printers Ltd,17700,6686
Registrar General India BEL2,Multiwave Innovation,307,1146
Registrar General India BEL2,Netlink software Pvt Ltd,3188,116
Registrar General India BEL2,Nevaeh Technology Pvt. Ltd.,556,0
Registrar General India BEL2,Nielsen  India  Private Limited,2404,22
Registrar General India BEL2,Om Softwares,4068,2765
Registrar General India BEL2,SREEVEN INFOCOM LIMITED,103,0
Registrar General India BEL2,STRATEGIC OUTSOURCING SERVICE,490,148
Registrar General India BEL2,Satyanarayana Raju Company Pvt ltd,626,5
Registrar General India BEL2,Swathy Smartcards Hi-Tech Pvt,14191,7998
Registrar General India BEL2,Swiss Tech India Pvt Ltd,703,4532
Registrar General India BEL2,Tera Software Ltd,5697,16459
Registrar General India BEL2,UNITED DATA SERVICES PRIVATE LIMITED,1343,133
Registrar General India BEL2,Vansh Infotech Pvt Ltd,4320,27
Registrar General India BEL2,Vedavaag Systems Limited,1031,24
Registrar General India ECIL,AVVAS INFOTECH PVT  LTD,1123,114
Registrar General India ECIL,BUSINESS INFORMATION PROCESSING SERVICES,123,2
Registrar General India ECIL,COMTECH INSTITUTE OFTECHNOLOGY,193,123
Registrar General India ECIL,COMTECHINFO SOLUTIONS PVT.LTD,1705,0
Registrar General India ECIL,Chinar Construction Company Prime agency,210,0
Registrar General India ECIL,Clairvoyance Technologies Pvt.,356,86
Registrar General India ECIL,Computer LAB,4718,1386
Registrar General India ECIL,Eagle Software India Pvt. Ltd,2811,179
Registrar General India ECIL,In Media Computer Services LLP,3778,158
Registrar General India ECIL,India Computer Technology,1296,2074
Registrar General India ECIL,Karvy Data Management Services,21489,246
Registrar General India ECIL,Krishna Infotech,2533,8297
Registrar General India ECIL,Madras Security Printers Ltd,7638,603
Registrar General India ECIL,Mphasis Ltd,3646,3
Registrar General India ECIL,Netwing Technologies Pvt Ltd,1288,18
Registrar General India ECIL,Nielsen  India  Private Limited,260,2
Registrar General India ECIL,Pioneer E Labs limited,14,322
Registrar General India ECIL,SARADA SYSTEMS,162,0
Registrar General India ECIL,SWISSTECH NPR 57CR PROJECT PVT,7128,12043
Registrar General India ECIL,Tera Software Ltd,3226,1045
Registrar General India ECIL,Vedavaag Systems Limited,13088,5416
Registrar General India Others,AVVAS INFOTECH PVT  LTD,4,0
Registrar General India Others,BUSINESS INFORMATION PROCESSING SERVICES,2,0
Registrar General India Others,COMTECH INSTITUTE OFTECHNOLOGY,3,0
Registrar General India Others,COMTECHINFO SOLUTIONS PVT.LTD,1,0
Registrar General India Others,Computer LAB,2,1
Registrar General India Others,Eagle Software India Pvt. Ltd,8,0
Registrar General India Others,Emdee Digitronics Pvt.Ltd.,0,1
Registrar General India Others,Esoft Consulting Limited,1,2
Registrar General India Others,Karvy Data Management Services,66,3
Registrar General India Others,Madras Security Printers Ltd,0,3
Registrar General India Others,SWISSTECH NPR 57CR PROJECT PVT,22,42
Registrar General India Others,Swathy Smartcards Hi-Tech Pvt,2,28
Registrar General India Others,Vansh Infotech Pvt Ltd,18,0
Registrar General of India ITI,COMTECH INSTITUTE OFTECHNOLOGY,1666,98
Registrar General of India ITI,CSS TECHNERGY LIMITED,571,3
Registrar General of India ITI,CommunitiWorks Welfare Society,608,51
Registrar General of India ITI,Eagle Software India Pvt. Ltd,2971,150
Registrar General of India ITI,Emdee Digitronics Pvt.Ltd.,10934,424
Registrar General of India ITI,Karvy Data Management Services,3457,69
Registrar General of India ITI,Madras Security Printers Ltd,183,3
Registrar General of India ITI,Mphasis Ltd,693,3
Registrar General of India ITI,Multiwave Innovation,78,0
Registrar General of India ITI,Netlink software Pvt Ltd,601,35
Registrar General of India ITI,Netwing Technologies Pvt Ltd,72,10
Registrar General of India ITI,Nielsen  India  Private Limited,1493,158
Registrar General of India ITI,SREEVEN INFOCOM LIMITED,65,76
Registrar General of India ITI,STRATEGIC OUTSOURCING SERVICE,7991,67
Registrar General of India ITI,Satyanarayana Raju Company Pvt ltd,1236,18
Registrar General of India ITI,Swathy Smartcards Hi-Tech Pvt,12413,31412
Registrar General of India ITI,TechSmart India Pvt Ltd,192,3906
Registrar General of India ITI,Urmila Info solution,375,1
Registrar General of India ITI,VIRGO SOFTECH LIMITED,611,1
Registrar General of India ITI,Vedavaag Systems Limited,2107,12
Registrar General of India ITI,WEBEL TECHNOLOGY LIMITED,2209,17
STATE BANK OF PATIALA,CSS TECHNERGY LIMITED,14,0
State Bank of Bikaner & Jaipur,Multiwave Innovation,2783,131
State Bank of India,CSS TECHNERGY LIMITED,7,0
State Bank of India,Eagle press pvt ltd,4,0
State Bank of India,IL&FS LTD,25,1
State Bank of India,Smart Chip Limited,32,0
State Bank of India,VIRGO SOFTECH LIMITED,4,1
State Bank of Travancore,Tera Software Ltd,35,144
UIDAI-Registrar,UIDAI-EA,9,0
UT Of Daman and Diu,Alankit Assignments Limited,517,7
UT of Puducherry,Madras Security Printers Ltd,440,228
Union Bank,FINANCIAL INFORMATION NETWORK,16720,1167
Union Bank,Smart Chip Limited,31959,1697
Union Bank,Vakrangee Softwares Limited,58130,2289
