Registrar,Enrolment Agency,Aadhaar generated,Enrolment Rejected
Allahabad Bank,Vakrangee Softwares Limited,480,129
Bank Of India,A3 Logics  India  Ltd,1411,226
Bank Of India,Akanksha International,11,0
Bank Of India,Blue Circle Instrument,862,13
Bank Of India,CHESSY CONSULTANTS PVT LTD,625,12
Bank Of India,DATASOFT COMPUTER SERVICES(P),6,0
Bank Of India,Emdee Digitronics Pvt.Ltd.,10,0
Bank Of India,Frontech Systems Pvt Ltd,4489,202
Bank Of India,MANTRA SOFTTECH (INDIA) PVTLTD,993,12
Bank Of India,Matrix Processing House,4384,58
Bank Of India,OSWAL COMPUTERS & CONSULTANTS,918,335
Bank Of India,PROTEX COMPUTER PVT LTD,109,18
Bank Of India,SARADA SYSTEMS,5,0
Bank Of India,SHRIKRISHNA KHANDASARI SUGAR M,24995,807
Bank Of India,SPANCO,1016,37
Bank Of India,SREI INFRASTRUCTURE FINANCES L,2512,84
Bank Of India,Silver Touch Technologies Ltd,604,141
Bank Of India,Systematic & Advance Const P L,256,2
Bank Of India,VEETECHNOLOGIES PVT. LTD,166,1
Bank Of India,Vakrangee Softwares Limited,181,12
Bank of Baroda,TEAM LIFE CARE COMPANY INDIA P,1461,251
Bank of Maharashtra,Alankit Finsec Ltd,74,0
Bank of Maharashtra,FINANCIAL INFORMATION NETWORK,409,53
Bank of Maharashtra,Micro Technologies India Ltd,625,100
Bank of Maharashtra,Tera Software Ltd,11,0
CSC e-Governance Services India Limited,A I Soc for Electronics and Comp Tech,80,2
CSC e-Governance Services India Limited,AKSH OPTIFIBRE LIMITED,24,1
CSC e-Governance Services India Limited,BASIX,249,137
CSC e-Governance Services India Limited,CALANCE SOFTWARE PRIVATE LTD,2,0
CSC e-Governance Services India Limited,CMS Computers Ltd,74,5
CSC e-Governance Services India Limited,Intelligent Communication Systems India Limited,19,0
CSC e-Governance Services India Limited,Network for Information & Computer,2,0
CSC e-Governance Services India Limited,Reliance Communication Limited,20,1
CSC e-Governance Services India Limited,SPANCO,1,0
CSC e-Governance Services India Limited,Tera Software Ltd,60,0
CSC e-Governance Services India Limited,United Telecoms e-Services Pvt Ltd,19,1
Central Bank of India,CALANCE SOFTWARE PRIVATE LTD,13390,490
Central Bank of India,Frontech Systems Pvt Ltd,5,0
Central Bank of India,IAP COMPANY Pvt. Ltd,12091,186
Central Bank of India,The Peerless General Finance,1603,68
DENA BANK,ATISHAY INFOTECH PVT. LTD.,1834,27
DENA BANK,Business Information Processing Services,15,0
DENA BANK,DATASOFT COMPUTER SERVICES(P),157,12
DENA BANK,K W Consulting P Ltd,62,12
DENA BANK,Multiwave Innovation,48,0
DENA BANK,Soc for Advancement of Environ Science,50,94
DENA BANK,WEBEL,25,0
Delhi - Central DC,Smart Chip Limited,1380,34
Delhi - East DC,DATASOFT COMPUTER SERVICES(P),1094,55
Delhi - ND DC,Smart Chip Limited,73,8
Delhi - NE DC,Smart Chip Limited,3350,108
Delhi - North DC,CALANCE SOFTWARE PRIVATE LTD,3496,382
Delhi - North DC,NVR & ASSOCIATES LIMITED,170,47
Delhi - North DC,Smart Chip Limited,2996,24
Delhi SW DC,VIRGO SOFTECH LIMITED,832,90
Delhi- South DC,Karvy Computershare Private Li,811,16
Delhi- South DC,Smart Chip Limited,2286,30
Delhi- West DC,Smart Chip Limited,2213,21
Delhi- West DC,VIRGO SOFTECH LIMITED,642,79
Delhi-NW DC,Karvy Computershare Private Li,1399,186
Department of Information Technology Govt of Jharkhand,Blue Circle Instrument,6576,309
Department of Information Technology Govt of Jharkhand,MKS Enterprises,4827,313
Department of Information Technology Govt of Jharkhand,Vayam technologies Ltd,21,0
Dept of ITC Govt of Rajasthan,ATISHAY INFOTECH PVT. LTD.,880,88
Dept of ITC Govt of Rajasthan,AVVAS INFOTECH PVT  LTD,149,1
Dept of ITC Govt of Rajasthan,Alankit Finsec Ltd,54,3
Dept of ITC Govt of Rajasthan,Business Information Processing Services,13,1
Dept of ITC Govt of Rajasthan,DATASOFT COMPUTER SERVICES(P),20793,1142
Dept of ITC Govt of Rajasthan,Gem Computers,5,0
Dept of ITC Govt of Rajasthan,Multiwave Innovation,17,0
Dept of ITC Govt of Rajasthan,Netlink software Pvt Ltd,3,0
Dept of ITC Govt of Rajasthan,TechSmart India Pvt Ltd,3434,24
Dept of ITC Govt of Rajasthan,Transline Technologies P Ltd,2651,284
Dept of ITC Govt of Rajasthan,Vakrangee Softwares Limited,8250,389
Dept of ITC Govt of Rajasthan,Vayam technologies Ltd,2763,754
FCR Govt of Haryana,Vakrangee Softwares Limited,38,9
FCS Govt of Punjab,CSS TECHNERGY LIMITED,1697,224
FCS Govt of Punjab,Karvy Computershare Private Li,2713,247
FCS Govt of Punjab,Vayam technologies Ltd,281,19
FCS Govt of Punjab,eCentric solutions pvt ltd,8926,356
Govt of Andhra Pradesh,Gouthami Educational Society,3987,41
Govt of Andhra Pradesh,GrapeSoft,3509,1499
Govt of Andhra Pradesh,INFRONICS SYSTEMS LTD,10544,905
Govt of Andhra Pradesh,SREEVEN INFOCOM LIMITED,23,0
Govt of Andhra Pradesh,TechSmart India Pvt Ltd,6246,1470
Govt of Andhra Pradesh,Tera Software Ltd,6577,528
Govt of Andhra Pradesh,eCentric solutions pvt ltd,122,13
Govt of Goa,MARS Telecom Systems Pvt Ltd,213,67
Govt of Goa,Tera Software Ltd,1,3
Govt of Gujarat,GSS Infotech Ltd,25711,282
Govt of Gujarat,Karvy Computershare Private Li,3786,183
Govt of Gujarat,Silver Touch Technologies Ltd,102,1
Govt of Gujarat,Tera Software Ltd,242,0
Govt of Gujarat,Transline Technologies P Ltd,3,0
Govt of Gujarat,Vayam technologies Ltd,48,1
Govt of Gujarat,eCentric solutions pvt ltd,12,0
Govt of Himachal Pradesh,Wipro Ltd,2134,162
Govt of Himachal Pradesh,i-Grandee SoftwareTechnologies,5485,49
Govt of Karnataka ,MARS Telecom Systems Pvt Ltd,545,3
Govt of Karnataka ,Ninestars Information Technologies Ltd,641,321
Govt of Karnataka ,Origin ITFS Pvt Ltd,32,9
Govt of Karnataka ,SREEVEN INFOCOM LIMITED,2761,149
Govt of Kerala,Akshaya,10070,517
Govt of Kerala,Keltron,107,91
Govt of Maharashtra,Alankit Finsec Ltd,7140,157
Govt of Maharashtra,Eagle press pvt ltd,4,0
Govt of Maharashtra,GLODYNE TECHNOSERVE,28,0
Govt of Maharashtra,Karvy Computershare Private Li,23097,507
Govt of Maharashtra,M/s. Vidya Online  Pune,68,6
Govt of Maharashtra,Narayana Electricals Solution Pvt Ltd,94,29
Govt of Maharashtra,Netlink software Pvt Ltd,427,358
Govt of Maharashtra,Network for Information & Computer,388,4
Govt of Maharashtra,Obel projects Pvt Ltd,4,0
Govt of Maharashtra,Rudranee Infotech Ltd,357,179
Govt of Maharashtra,SHREERAM PRINTING PRESS,454,75
Govt of Maharashtra,SPANCO,2236,16
Govt of Maharashtra,STRATEGIC OUTSOURCING SERVICE,2915,95
Govt of Maharashtra,Silver Touch Technologies Ltd,489,17
Govt of Maharashtra,Systematic & Advance Const P L,485,3
Govt of Maharashtra,TEAM LIFE CARE COMPANY INDIA P,9,0
Govt of Maharashtra,TechSmart India Pvt Ltd,2222,200
Govt of Maharashtra,Tera Software Ltd,1848,56
Govt of Maharashtra,Transline Technologies P Ltd,813,102
Govt of Maharashtra,Wipro Ltd,2648,172
Govt of Sikkim - Dept of Econo,Department of Economics Statistics  Monitoring and Evaluation DESME,1571,39
IDBI Bank ltd,ATISHAY INFOTECH PVT. LTD.,3405,349
IDBI Bank ltd,Matrix Processing House,1624,45
IDBI Bank ltd,SREEVEN INFOCOM LIMITED,11759,310
IDBI Bank ltd,UTI TECHNOLOGY SERVICES LIMITE,1299,16
Indiapost,Delhi Integrated MMTS Ltd,4166,61
Indiapost,GLODYNE TECHNOSERVE,5,0
Indiapost,M/S STAR DATA CENTRE,4,2
Indiapost,MARS Telecom Systems Pvt Ltd,4539,167
Indiapost,Smart Chip Limited,54,0
Indiapost,TEAM LIFE CARE COMPANY INDIA P,1219,23
Indiapost,Vayam technologies Ltd,14,3
Indiapost,WEBEL,720,70
Information Technology & Communication Department,4G INFORMATICS,48,6
Information Technology & Communication Department,BNR UDYOG LIMITED,10,0
Information Technology & Communication Department,Bloom Solutions Pvt Ltd,1016,533
Information Technology & Communication Department,CSS TECHNERGY LIMITED,12,1
Information Technology & Communication Department,GDC Advertising Pvt. Limited,4090,1027
Information Technology & Communication Department,JYOTHI COMPUTER SERVICES,273,314
Information Technology & Communication Department,Karvy Data Management Services,1136,569
Information Technology & Communication Department,MARS Telecom Systems Pvt Ltd,8174,151
Information Technology & Communication Department,SREEVEN INFOCOM LIMITED,693,151
Information Technology & Communication Department,Tera Software Ltd,26,0
Jharkhand,Alankit Assignments Limited,335,12
Jharkhand,Blue Circle Instrument,3796,133
Jharkhand,MKS Enterprises,3882,102
Jharkhand,Nevaeh Technology Pvt. Ltd.,164,19
Jharkhand,STRATEGIC OUTSOURCING SERVICE,98,16
Jharkhand,Systematic & Advance Const P L,9,0
Jharkhand,VISION COMPTECH INTEGRATOR LTD,6,0
Jharkhand,Wipro Ltd,1671,97
Mission Convergence - GNCT Del,Karvy Computershare Private Li,518,47
Mission Convergence - GNCT Del,NVR & ASSOCIATES LIMITED,81,223
NSDL e-Governance Infrastructure Limited,Abhipra Capital Ltd,335,96
NSDL e-Governance Infrastructure Limited,Alankit Assignments Limited,10840,268
NSDL e-Governance Infrastructure Limited,Delhi Integrated MMTS Ltd,18,0
NSDL e-Governance Infrastructure Limited,INTEGRATED REGISTRY SERVICES LTD,8,0
NSDL e-Governance Infrastructure Limited,Karvy Data Management Services,1773,1061
NSDL e-Governance Infrastructure Limited,Netlink software Pvt Ltd,280,401
NSDL e-Governance Infrastructure Limited,PROWIZ MANSYTEMS PVT LTD,1404,47
NSDL e-Governance Infrastructure Limited,TEAM LIFE CARE COMPANY INDIA P,4408,69
NSDL e-Governance Infrastructure Limited,VIRGO SOFTECH LIMITED,803,11
Oriental Bank of Commerce,DATASOFT COMPUTER SERVICES(P),1979,55
Oriental Bank of Commerce,Euro Finmart Ltd,91,16
Oriental Bank of Commerce,FINANCIAL INFORMATION NETWORK,38,20
Oriental Bank of Commerce,JNET Technologies Pvt.Ltd,6,0
Oriental Bank of Commerce,Redim Software Technologies Pvt Ltd,8,1
Oriental Bank of Commerce,Sri Ramraja Sarkar Lok Kalyan Trust,177,27
Oriental Bank of Commerce,Wipro Ltd,125,18
Registrar General India BEL2,Alankit Assignments Limited,697,48
Registrar General India BEL2,Computer LAB,82,7
Registrar General India BEL2,Emdee Digitronics Pvt.Ltd.,166,6
Registrar General India BEL2,In Media Computer Services LLP,4,0
Registrar General India BEL2,India Computer Technology,5,0
Registrar General India BEL2,MACRO INFOTECH PVT LTD,4,0
Registrar General India BEL2,MKS Enterprises,115,1
Registrar General India BEL2,Madras Security Printers Ltd,10,0
Registrar General India BEL2,Netlink software Pvt Ltd,206,43
Registrar General India BEL2,Nevaeh Technology Pvt. Ltd.,1746,1
Registrar General India BEL2,Nielsen  India  Private Limited,217,44
Registrar General India BEL2,Om Softwares,2534,113
Registrar General India BEL2,STRATEGIC OUTSOURCING SERVICE,263,12
Registrar General India BEL2,Satyanarayana Raju Company Pvt ltd,175,24
Registrar General India BEL2,Swathy Smartcards Hi-Tech Pvt,1449,40
Registrar General India BEL2,Swiss Tech India Pvt Ltd,7,0
Registrar General India BEL2,Tera Software Ltd,3223,111
Registrar General India BEL2,UNITED DATA SERVICES PRIVATE LIMITED,9,0
Registrar General India BEL2,Vansh Infotech Pvt Ltd,808,44
Registrar General India BEL2,Vedavaag Systems Limited,231,10
Registrar General India ECIL,AVVAS INFOTECH PVT  LTD,1,0
Registrar General India ECIL,Computer LAB,5539,215
Registrar General India ECIL,Karvy Data Management Services,1326,149
Registrar General India ECIL,Krishna Infotech,1177,115
Registrar General India ECIL,Madras Security Printers Ltd,0,1
Registrar General India ECIL,Netwing Technologies Pvt Ltd,12,3
Registrar General India ECIL,Nielsen  India  Private Limited,139,0
Registrar General India ECIL,Pioneer E Labs limited,4313,11
Registrar General India ECIL,SWISSTECH NPR 57CR PROJECT PVT,117,14
Registrar General India ECIL,Vedavaag Systems Limited,808,87
Registrar General India Others,AVVAS INFOTECH PVT  LTD,4,0
Registrar General India Others,COMTECH INSTITUTE OFTECHNOLOGY,5,0
Registrar General India Others,Computer LAB,1,0
Registrar General India Others,Karvy Data Management Services,2,0
Registrar General of India ITI,COMTECH INSTITUTE OFTECHNOLOGY,5978,177
Registrar General of India ITI,CommunitiWorks Welfare Society,60,69
Registrar General of India ITI,Eagle Software India Pvt. Ltd,2497,19
Registrar General of India ITI,Emdee Digitronics Pvt.Ltd.,15,3
Registrar General of India ITI,Karvy Data Management Services,953,86
Registrar General of India ITI,Netlink software Pvt Ltd,363,19
Registrar General of India ITI,Netwing Technologies Pvt Ltd,1,0
Registrar General of India ITI,Nielsen  India  Private Limited,584,7
Registrar General of India ITI,SREEVEN INFOCOM LIMITED,16,5
Registrar General of India ITI,STRATEGIC OUTSOURCING SERVICE,6575,24
Registrar General of India ITI,Satyanarayana Raju Company Pvt ltd,249,4
Registrar General of India ITI,Swathy Smartcards Hi-Tech Pvt,908,391
Registrar General of India ITI,TechSmart India Pvt Ltd,103,92
Registrar General of India ITI,Urmila Info solution,921,16
Registrar General of India ITI,Vedavaag Systems Limited,1,0
Registrar General of India ITI,WEBEL TECHNOLOGY LIMITED,3631,64
STATE BANK OF PATIALA,CSS TECHNERGY LIMITED,1,0
State Bank of Bikaner & Jaipur,Multiwave Innovation,917,39
State Bank of Travancore,Tera Software Ltd,349,4
UIDAI-Registrar,UIDAI-EA,56,0
UT Of Daman and Diu,Alankit Assignments Limited,905,60
UT of Puducherry,Madras Security Printers Ltd,639,50
Union Bank,FINANCIAL INFORMATION NETWORK,21875,655
Union Bank,Smart Chip Limited,19568,952
Union Bank,Vakrangee Softwares Limited,52690,1350
