Registrar,Enrolment Agency,Aadhaar generated,Enrolment Rejected
Allahabad Bank,A-Onerealtors Pvt Ltd,4928,582
Allahabad Bank,Agro Tech Engineers,3,30
Allahabad Bank,Asha Security Guard Services,4202,805
Allahabad Bank,Ayush Enterprises,5,0
Allahabad Bank,Emdee Digitronics Pvt.Ltd.,1376,343
Allahabad Bank,MEGHA VINCOM PVT LTD,1801,320
Allahabad Bank,Nevaeh Technology Pvt. Ltd.,2507,257
Allahabad Bank,Ortem Securities Limited,49,7
Allahabad Bank,PROTEX COMPUTER PVT LTD,152,14
Allahabad Bank,Redim Software Technologies Pvt Ltd,513,108
Allahabad Bank,SGS INDIA PVT LTD,4216,734
Allahabad Bank,Sri Ramraja Sarkar Lok Kalyan Trust,95,22
Allahabad Bank,VAP INFOSOLUTIONS,859,57
Allahabad Bank,Vedavaag Systems Limited,1478,349
Atalji Janasnehi Directorate  Government of Karnataka,Atalji Janasnehi Directorate  GOK,11002,1963
Bank Of India,A3 Logics  India  Ltd,737,101
Bank Of India,Blue Circle Instrument,3,1
Bank Of India,CHESSY CONSULTANTS PVT LTD,13,11
Bank Of India,DATASOFT COMPUTER SERVICES(P),1076,204
Bank Of India,Frontech Systems Pvt Ltd,546,57
Bank Of India,OSWAL COMPUTERS & CONSULTANTS,516,118
Bank Of India,PROTEX COMPUTER PVT LTD,1789,128
Bank Of India,SARADA SYSTEMS,5123,102
Bank Of India,SHRIKRISHNA KHANDASARI SUGAR M,1,16
Bank Of India,SREI INFRASTRUCTURE FINANCES L,15002,1401
Bank Of India,VEETECHNOLOGIES PVT. LTD,5172,986
Bank Of India,VIRGO SOFTECH LIMITED,1,1
Bank Of India,Vakrangee Softwares Limited,0,1
Bank of Baroda,Global Finsol Private Limited,290,46
Bank of Maharashtra,Tera Software Ltd,2919,346
CSC e-Governance Services India Limited,A I Soc for Electronics and Comp Tech,10192,2997
CSC e-Governance Services India Limited,AKSH OPTIFIBRE LIMITED,13011,4259
CSC e-Governance Services India Limited,APOnline Limited,1,0
CSC e-Governance Services India Limited,BASIX,13722,3190
CSC e-Governance Services India Limited,Binary Systems,571,159
CSC e-Governance Services India Limited,Bloom Solutions Pvt Ltd,6283,457
CSC e-Governance Services India Limited,CALANCE SOFTWARE PRIVATE LTD,1620,276
CSC e-Governance Services India Limited,CHIPS,7653,1331
CSC e-Governance Services India Limited,CMS Computers Ltd,31759,6760
CSC e-Governance Services India Limited,CSC e-Governance Services India Limited,17348,2371
CSC e-Governance Services India Limited,Computer Print,1597,259
CSC e-Governance Services India Limited,Conatus Infocom Pvt. Ltd,1011,101
CSC e-Governance Services India Limited,DATASOFT COMPUTER SERVICES(P),2567,773
CSC e-Governance Services India Limited,Gem Computers,231,74
CSC e-Governance Services India Limited,Home Life Buildcon Pvt Ltd,5598,881
CSC e-Governance Services India Limited,HyperSoft Technologies Ltd,3398,109
CSC e-Governance Services India Limited,IAP COMPANY Pvt. Ltd,36209,3488
CSC e-Governance Services India Limited,Janta Silikon Consortium,5364,758
CSC e-Governance Services India Limited,Jeevan Deep Charitable Society,4247,418
CSC e-Governance Services India Limited,K W Consulting P Ltd,1946,100
CSC e-Governance Services India Limited,MANTRA SOFTTECH (INDIA) PVTLTD,2077,397
CSC e-Governance Services India Limited,MEGHA VINCOM PVT LTD,1878,455
CSC e-Governance Services India Limited,Mahamritunjay Traders,2093,391
CSC e-Governance Services India Limited,Mahaonline Limited,3751,971
CSC e-Governance Services India Limited,Murano India Pvt Ltd,375,41
CSC e-Governance Services India Limited,NPS Technologies Pvt. Ltd,12244,2009
CSC e-Governance Services India Limited,NVR & ASSOCIATES LIMITED,326,106
CSC e-Governance Services India Limited,National Cooperative Consumers Federation of India Limited,208,119
CSC e-Governance Services India Limited,Nekton IT India Pvt Ltd.,6819,513
CSC e-Governance Services India Limited,Network for Information & Computer,5257,746
CSC e-Governance Services India Limited,Promind Solutions P Limited,5218,670
CSC e-Governance Services India Limited,Radiant Haroti Industries India Ltd,6915,1713
CSC e-Governance Services India Limited,Raj Construction Co.,1332,109
CSC e-Governance Services India Limited,SPANCO,2046,553
CSC e-Governance Services India Limited,SRR Infotech,1381,598
CSC e-Governance Services India Limited,Sahaj e-Village Limited,10270,4504
CSC e-Governance Services India Limited,Sri Ramraja Sarkar Lok Kalyan Trust,360,12
CSC e-Governance Services India Limited,Super Printers,873,197
CSC e-Governance Services India Limited,Tera Software Ltd,14082,1747
CSC e-Governance Services India Limited,Twinstar Industries Ltd.,45,23
CSC e-Governance Services India Limited,United Telecoms e-Services Pvt Ltd,3698,2074
CSC e-Governance Services India Limited,VIKALP MULTIMEDIA,271,484
CSC e-Governance Services India Limited,VISION COMPTECH INTEGRATOR LTD,2452,437
CSC e-Governance Services India Limited,Vakrangee Softwares Limited,0,1
CSC e-Governance Services India Limited,Vayam technologies Ltd,9486,1319
CSC e-Governance Services India Limited,Vedavaag Systems Limited,8347,2342
CSC e-Governance Services India Limited,Vigilant Corporate Services Pvt Ltd,341,1
CSC e-Governance Services India Limited,Yash Ornaments Pvt. Ltd,1683,352
CSC e-Governance Services India Limited,Zephyr System Pvt.Ltd.,12311,1745
Canara Bank,FINANCIAL INFORMATION NETWORK,18794,2164
Canara Bank,Karvy Data Management Services,2837,2442
Canara Bank,Ojus Healthcare Private Limited,92,85
Canara Bank,Osiris Infotech Pvt. Ltd.,1157,361
Canara Bank,Smart Chip Limited,888,332
Canara Bank,Virinchi Technologies Ltd,2555,748
Civil Supplies - A&N Islands,India Computer Technology,117,88
DENA BANK,77 Infosystems Pvt Ltd,649,85
DENA BANK,A-Onerealtors Pvt Ltd,275,49
DENA BANK,APEX Services,1540,352
DENA BANK,AS International,502,95
DENA BANK,ATISHAY INFOTECH PVT. LTD.,4168,614
DENA BANK,AVVAS INFOTECH PVT  LTD,3829,461
DENA BANK,Advent Infomax Private Ltd,210,64
DENA BANK,Amar Constructions,2070,301
DENA BANK,Apnatech Consultancy Services Pvt Ltd,647,17
DENA BANK,Asha Security Guard Services,4407,570
DENA BANK,Asray Gram,193,33
DENA BANK,BNR UDYOG LIMITED,102,151
DENA BANK,Binary Systems,357,161
DENA BANK,Bloom Solutions Pvt Ltd,177,95
DENA BANK,Blue Circle Instrument,43,41
DENA BANK,Business Information Processing Services,957,305
DENA BANK,CALANCE SOFTWARE PRIVATE LTD,2751,351
DENA BANK,DATASOFT COMPUTER SERVICES(P),2058,443
DENA BANK,DEVASHISH SECURITIES PVT. LTD.,10,3
DENA BANK,Eagle Software India Pvt. Ltd,1617,369
DENA BANK,Emdee Digitronics Pvt.Ltd.,2,0
DENA BANK,FINANCIAL INFORMATION NETWORK,4411,469
DENA BANK,Gem Computers,198,141
DENA BANK,Gujarat Infotech Ltd.,997,164
DENA BANK,HyperSoft Technologies Ltd,3,8
DENA BANK,IAP COMPANY Pvt. Ltd,4051,522
DENA BANK,India Computer Technology,549,114
DENA BANK,JNET Technologies Pvt.Ltd,271,45
DENA BANK,Jeevan Deep Charitable Society,3,1
DENA BANK,K W Consulting P Ltd,707,95
DENA BANK,Lankipalli Integrated Services Private Limited,203,22
DENA BANK,M/S STAR DATA CENTRE,1048,104
DENA BANK,M/s Gold Square Builders & Promoters Pvt. Ltd.,648,314
DENA BANK,M2C Private Solution,5,5
DENA BANK,MARS Telecom Systems Pvt Ltd,1232,540
DENA BANK,MEGHA VINCOM PVT LTD,2561,641
DENA BANK,MKS Enterprises,3077,106
DENA BANK,Make India Smart Private Limited,1707,418
DENA BANK,Multiwave Innovation,4374,435
DENA BANK,NVR & ASSOCIATES LIMITED,3574,524
DENA BANK,Netlink software Pvt Ltd,6636,1201
DENA BANK,Nielsen  India  Private Limited,16493,1843
DENA BANK,Offshoot Agency Pvt. Ltd.,1380,159
DENA BANK,Om Softwares,2839,353
DENA BANK,Ortem Securities Limited,266,103
DENA BANK,Prodigy Systems and Services Private Limited,1,0
DENA BANK,Ricoh India Limited,736,291
DENA BANK,SGS INDIA PVT LTD,3657,501
DENA BANK,Silver Touch Technologies Ltd,3062,165
DENA BANK,Sixth Dimension Project Solutions Ltd,398,59
DENA BANK,Soc for Advancement of Environ Science,206,120
DENA BANK,SoftAge Information Technology Limited,69,17
DENA BANK,Super Printers,2677,506
DENA BANK,Systematic & Advance Const P L,0,1
DENA BANK,TechSmart India Pvt Ltd,788,373
DENA BANK,Tera Software Ltd,10,17
DENA BANK,The NSIC ltd,792,149
DENA BANK,Transline Technologies P Ltd,54,52
DENA BANK,Utility Forms Pvt Ltd,261,71
DENA BANK,VAP INFOSOLUTIONS,3090,696
DENA BANK,VISION COMPTECH INTEGRATOR LTD,5177,649
DENA BANK,Vedavaag Systems Limited,3505,790
DENA BANK,Virinchi Technologies Ltd,4989,517
DENA BANK,WEBEL,10597,1887
DENA BANK,Wipro Ltd,13419,2626
DENA BANK,Yash Ornaments Pvt. Ltd,205,34
DENA BANK,Zephyr System Pvt.Ltd.,9865,1080
Delhi - East DC,DATASOFT COMPUTER SERVICES(P),1,0
Department of Information Technology Govt of Jharkhand,Blue Circle Instrument,0,1
Department of Information Technology Govt of Jharkhand,Wipro Ltd,2,1
Dept of ITC Govt of Rajasthan,AKSH OPTIFIBRE LIMITED,40,2
Dept of ITC Govt of Rajasthan,ATISHAY INFOTECH PVT. LTD.,379,155
Dept of ITC Govt of Rajasthan,AVVAS INFOTECH PVT  LTD,2,7
Dept of ITC Govt of Rajasthan,Academy of Management Studies,21,9
Dept of ITC Govt of Rajasthan,Binary Systems,0,13
Dept of ITC Govt of Rajasthan,Business Information Processing Services,19,27
Dept of ITC Govt of Rajasthan,CMS Computers Ltd,901,253
Dept of ITC Govt of Rajasthan,COMTECH INSTITUTE OFTECHNOLOGY,950,122
Dept of ITC Govt of Rajasthan,DATASOFT COMPUTER SERVICES(P),1301,153
Dept of ITC Govt of Rajasthan,FINANCIAL INFORMATION NETWORK,4443,565
Dept of ITC Govt of Rajasthan,Gujarat Infotech Ltd.,1,1
Dept of ITC Govt of Rajasthan,IAP COMPANY Pvt. Ltd,434,51
Dept of ITC Govt of Rajasthan,Karvy Data Management Services,393,260
Dept of ITC Govt of Rajasthan,M/s Sanish Choudhary,300,99
Dept of ITC Govt of Rajasthan,MEGHA VINCOM PVT LTD,675,185
Dept of ITC Govt of Rajasthan,Matrix Processing House,703,87
Dept of ITC Govt of Rajasthan,Multiwave Innovation,70,31
Dept of ITC Govt of Rajasthan,Osiris Infotech Pvt. Ltd.,2,6
Dept of ITC Govt of Rajasthan,Radiant Info Systems Ltd,81,117
Dept of ITC Govt of Rajasthan,Rajcomp Info Services Ltd,1642,193
Dept of ITC Govt of Rajasthan,Ricoh India Limited,204,130
Dept of ITC Govt of Rajasthan,SAR Technology,100,72
Dept of ITC Govt of Rajasthan,SREI INFRASTRUCTURE FINANCES L,48,5
Dept of ITC Govt of Rajasthan,TechSmart India Pvt Ltd,234,103
Dept of ITC Govt of Rajasthan,Transline Technologies P Ltd,66,187
Dept of ITC Govt of Rajasthan,UMC Technologies Pvt. Ltd,162,51
Dept of ITC Govt of Rajasthan,VFS Global Services Pvt. Ltd,0,9
Dept of ITC Govt of Rajasthan,VIRGO SOFTECH LIMITED,927,128
Dept of ITC Govt of Rajasthan,Vakrangee Softwares Limited,2599,559
Dept of ITC Govt of Rajasthan,Vayam technologies Ltd,25,7
FCR Govt of Haryana,4G INFORMATICS,181,74
FCR Govt of Haryana,Academy of Management Studies,441,236
FCR Govt of Haryana,District IT Society Ambala,2,46
FCR Govt of Haryana,District IT Society Bhiwani,463,100
FCR Govt of Haryana,District IT Society Faridabad,244,91
FCR Govt of Haryana,District IT Society Fatehabad,489,105
FCR Govt of Haryana,District IT Society Gurgaon,25,50
FCR Govt of Haryana,District IT Society Hisar,339,92
FCR Govt of Haryana,District IT Society Jhajjar,20,225
FCR Govt of Haryana,District IT Society Kaithal,219,161
FCR Govt of Haryana,District IT Society Karnal,170,67
FCR Govt of Haryana,District IT Society Kurukshetra,101,105
FCR Govt of Haryana,District IT Society Mahendragarh,304,81
FCR Govt of Haryana,District IT Society Mewat,359,69
FCR Govt of Haryana,District IT Society Palwal,359,213
FCR Govt of Haryana,District IT Society Panchkula,194,77
FCR Govt of Haryana,District IT Society Panipat,37,43
FCR Govt of Haryana,District IT Society Rewari,389,114
FCR Govt of Haryana,District IT Society Rohtak,633,143
FCR Govt of Haryana,District IT Society Sirsa,439,184
FCR Govt of Haryana,District IT Society Sonipat,412,76
FCR Govt of Haryana,District IT Society Yamuna Nagar,123,59
FCR Govt of Haryana,Radiant Info Systems Ltd,335,76
FCR Govt of Haryana,SoftAge Information Technology Limited,1439,537
FCR Govt of Haryana,Vayam technologies Ltd,487,24
FCS Govt of Punjab,District Sukhmani Society  Jalandhar  Punjab,463,19
FCS Govt of Punjab,District Sukhmani Society  Ludhiana  Punjab,315,86
FCS Govt of Punjab,District Sukhmani Society  Moga  Punjab,198,15
FCS Govt of Punjab,District Sukhmani Society Amritsar Punjab,222,59
FCS Govt of Punjab,District Sukhmani Society Barnala Punjab,56,58
FCS Govt of Punjab,District Sukhmani Society Bathinda Punjab,84,76
FCS Govt of Punjab,District Sukhmani Society Fatehgarh Sahib Punjab,56,38
FCS Govt of Punjab,District Sukhmani Society Fazilka Punjab,156,40
FCS Govt of Punjab,District Sukhmani Society Ferozepur Punjab,65,12
FCS Govt of Punjab,District Sukhmani Society For Citizen Services Mansa Punjab,170,47
FCS Govt of Punjab,District Sukhmani Society For Citizen Services Nawanshahr Punjab,74,31
FCS Govt of Punjab,District Sukhmani Society For Citizen Services SAS Nagar District e-Governance Society Punjab,71,21
FCS Govt of Punjab,District Sukhmani Society Pathankot Punjab,44,33
FCS Govt of Punjab,District Sukhmani Society Patiala Punjab,80,40
FCS Govt of Punjab,District Sukhmani Society Rupnagar Punjab,4,47
FCS Govt of Punjab,District Sukhmani Society Sangrur Punjab,196,50
FCS Govt of Punjab,District Sukhmani Society Sri Muktsar Sahib Punjab,43,37
FCS Govt of Punjab,District Sukhmani Society Tarn Taran Punjab,159,41
FCS Govt of Punjab,Karvy Computershare Private Li,272,121
FCS Govt of Punjab,Sukhmani Society For Citizen Services  Kapurthala  Punjab,48,12
FCS Govt of Punjab,Sukhmani Society For Citizen Services Gurdaspur Punjab,36,11
FCS Govt of Punjab,Sukhmani Society For Citizens Services Faridkot Punjab,51,22
FCS Govt of Punjab,Suwidha Society Hoshiarpur Punjab,76,19
FCS Govt of Punjab,Vayam technologies Ltd,378,73
FCS Govt of Punjab,eCentric solutions pvt ltd,137,29
Govt of Andhra Pradesh,GrapeSoft,2,0
Govt of Andhra Pradesh,INFRONICS SYSTEMS LTD,1,1
Govt of Andhra Pradesh,TechSmart India Pvt Ltd,7,1
Govt of Andhra Pradesh,Tera Software Ltd,0,1
Govt of Gujarat,GSS Infotech Ltd,366,27
Govt of Gujarat,Karvy Computershare Private Li,3531,474
Govt of Gujarat,Silver Touch Technologies Ltd,655,141
Govt of Gujarat,Tera Software Ltd,1266,128
Govt of Gujarat,Transline Technologies P Ltd,19,6
Govt of Gujarat,Vayam technologies Ltd,5,9
Govt of Gujarat,eCentric solutions pvt ltd,500,14
Govt of Himachal Pradesh,i-Grandee SoftwareTechnologies,78,12
Govt of Karnataka ,Centre for e-Governance  GOK,29,16
Govt of Karnataka ,EDCS GOK,222,301
Govt of Kerala,Akshaya,8104,782
Govt of Kerala,Keltron,127,4
Govt of Maharashtra,Alankit Finsec Ltd,2,1
Govt of Maharashtra,M/S King Computer System pvt Ltd,206,18
Govt of Maharashtra,M/s. Vidya Online  Pune,127,17
Govt of Maharashtra,Rudranee Infotech Ltd,91,2
Govt of Maharashtra,SETU MAHARASHTRA,813,88
Govt of Maharashtra,SHREERAM PRINTING PRESS,813,48
Govt of Maharashtra,SILVER JUBILEE MOTORS LTD.,296,15
Govt of Maharashtra,Vidarbha Infotech Pvt Ltd,2,2
Govt of Sikkim - Dept of Econo,Department of Economics Statistics  Monitoring and Evaluation DESME,29,27
IDBI Bank ltd,ATISHAY INFOTECH PVT. LTD.,1011,168
IDBI Bank ltd,Matrix Processing House,1481,64
IDBI Bank ltd,SREEVEN INFOCOM LIMITED,1631,214
IDBI Bank ltd,UTI TECHNOLOGY SERVICES LIMITE,1,1
Information Technology & Communication Department,Bloom Solutions Pvt Ltd,0,1
Information Technology & Communication Department,Directorate of ESD,12770,2636
NSDL e-Governance Infrastructure Limited,ATISHAY INFOTECH PVT. LTD.,48,89
NSDL e-Governance Infrastructure Limited,Abhipra Capital Ltd,426,301
NSDL e-Governance Infrastructure Limited,Alankit Assignments Limited,0,2
NSDL e-Governance Infrastructure Limited,Alankit Finsec Ltd,4437,786
NSDL e-Governance Infrastructure Limited,Amar Constructions,800,173
NSDL e-Governance Infrastructure Limited,COMTECHINFO SOLUTIONS PVT.LTD,7,0
NSDL e-Governance Infrastructure Limited,Gujarat Infotech Ltd.,6851,1250
NSDL e-Governance Infrastructure Limited,Gundal Infotech Private Limited,1,2
NSDL e-Governance Infrastructure Limited,IAP COMPANY Pvt. Ltd,50,4
NSDL e-Governance Infrastructure Limited,Karvy Consultants Limited,169,42
NSDL e-Governance Infrastructure Limited,Karvy Data Management Services,45741,8298
NSDL e-Governance Infrastructure Limited,N.K. Sharma Enterprises Ltd.,718,99
NSDL e-Governance Infrastructure Limited,Netlink software Pvt Ltd,1750,284
NSDL e-Governance Infrastructure Limited,Offshoot Agency Pvt. Ltd.,2717,662
NSDL e-Governance Infrastructure Limited,Ojus G Enterprises,945,154
NSDL e-Governance Infrastructure Limited,Promind Solutions P Limited,5315,639
NSDL e-Governance Infrastructure Limited,RELIGARE SECURITIES LTD,1887,567
NSDL e-Governance Infrastructure Limited,Ricoh India Limited,3159,999
NSDL e-Governance Infrastructure Limited,S.J. Technologies,190,31
NSDL e-Governance Infrastructure Limited,SNR Edatas Pvt Ltd,44,14
NSDL e-Governance Infrastructure Limited,Sri Ramraja Sarkar Lok Kalyan Trust,3488,492
NSDL e-Governance Infrastructure Limited,Utility Forms Pvt Ltd,901,205
NSDL e-Governance Infrastructure Limited,VIRGO SOFTECH LIMITED,7857,1285
Oriental Bank of Commerce,JNET Technologies Pvt.Ltd,1,0
Project Coordinator UID Project Madhya Pradesh,A I Soc for Electronics and Comp Tech,6868,2195
Project Coordinator UID Project Madhya Pradesh,DATASOFT COMPUTER SERVICES(P),592,104
Project Coordinator UID Project Madhya Pradesh,LYRA  CONSULTANCY SERVICE,4019,426
Project Coordinator UID Project Madhya Pradesh,MPOnline Limited,2253,492
Project Coordinator UID Project Madhya Pradesh,Matrix Processing House,1526,109
Project Coordinator UID Project Madhya Pradesh,OSWAL COMPUTERS & CONSULTANTS,2532,933
Project Coordinator UID Project Madhya Pradesh,Orion Security Solutions Private Ltd,1519,178
Project Coordinator UID Project Madhya Pradesh,Sixth Dimension Project Solutions Ltd,411,261
Punjab National Bank,Alankit Finsec Ltd,3457,659
Punjab National Bank,Eagle Software India Pvt. Ltd,6648,1539
Punjab National Bank,MARS Telecom Systems Pvt Ltd,81,6
Punjab National Bank,Smart Chip Limited,972,568
Punjab National Bank,Vayam technologies Ltd,3694,467
Punjab and Sind Bank,Matrix Processing House,3365,297
RDD Govt of Tripura,Alankit Assignments Limited,0,4
Registrar General India - BEL,Manipur Electronics Dev Corp,207,141
Registrar General India BEL2,Bharat Electronics Limited,23,0
Registrar General India BEL2,Chinar Construction Company Prime agency,882,13
Registrar General India BEL2,Emdee Digitronics Pvt.Ltd.,9,2
Registrar General India BEL2,In Media Computer Services LLP,278,67
Registrar General India BEL2,India Computer Technology,0,1
Registrar General India BEL2,Karvy Data Management Services,2773,633
Registrar General India BEL2,MACRO INFOTECH PVT LTD,52,495
Registrar General India BEL2,Madras Security Printers Ltd,685,89
Registrar General India BEL2,Manipur Electronics Dev Corp,277,68
Registrar General India BEL2,Multiwave Innovation,3,54
Registrar General India BEL2,Netlink software Pvt Ltd,1,41
Registrar General India BEL2,Nevaeh Technology Pvt. Ltd.,242,3
Registrar General India BEL2,SNR Edatas Pvt Ltd,17852,1613
Registrar General India BEL2,SREI INFRASTRUCTURE FINANCES L,394,36
Registrar General India BEL2,Swiss Tech India Pvt Ltd,5,3
Registrar General India BEL2,Tera Software Ltd,1162,44
Registrar General India BEL2,UNITED DATA SERVICES PRIVATE LIMITED,27,125
Registrar General India BEL2,Vansh Infotech Pvt Ltd,1,0
Registrar General India BEL2,Vedavaag Systems Limited,0,1
Registrar General India BEL2,Viesa Technologies,2513,443
Registrar General India ECIL,AVVAS INFOTECH PVT  LTD,114,25
Registrar General India ECIL,BUSINESS INFORMATION PROCESSING SERVICES,14,23
Registrar General India ECIL,COMTECHINFO SOLUTIONS PVT.LTD,650,197
Registrar General India ECIL,Chinar Construction Company Prime agency,757,207
Registrar General India ECIL,Clairvoyance Technologies Pvt.,3603,15
Registrar General India ECIL,Computer LAB,8651,610
Registrar General India ECIL,ECIL,1,3
Registrar General India ECIL,Eagle Software India Pvt. Ltd,11049,2429
Registrar General India ECIL,Emdee Digitronics Pvt.Ltd.,3169,254
Registrar General India ECIL,In Media Computer Services LLP,5660,1585
Registrar General India ECIL,India Computer Technology,3630,230
Registrar General India ECIL,Integrated Systems & Services,10,4
Registrar General India ECIL,Karvy Data Management Services,703,69
Registrar General India ECIL,LYRA  CONSULTANCY SERVICE,5,4
Registrar General India ECIL,Madras Security Printers Ltd,286,525
Registrar General India ECIL,Mphasis Ltd,0,1
Registrar General India ECIL,SARADA SYSTEMS,4050,470
Registrar General India ECIL,SWISSTECH NPR 57CR PROJECT PVT,11,1
Registrar General India ECIL,Tera Software Ltd,0,1
Registrar General India ECIL,The NSIC ltd,17,245
Registrar General India ECIL,Vedavaag Systems Limited,271,117
Registrar General India ECIL,WEBEL TECHNOLOGY LIMITED,4,186
Registrar General of India ITI,Eagle Software India Pvt. Ltd,13,26
Registrar General of India ITI,Emdee Digitronics Pvt.Ltd.,21736,505
Registrar General of India ITI,In Media Computer Services LLP,161,62
Registrar General of India ITI,Karvy Data Management Services,1856,23
Registrar General of India ITI,Madras Security Printers Ltd,1171,511
Registrar General of India ITI,Netlink software Pvt Ltd,1561,204
Registrar General of India ITI,Nevaeh Technology Pvt. Ltd.,1,0
Registrar General of India ITI,Quick Data IT Services Pvt Ltd,1,3
Registrar General of India ITI,SNR Edatas Pvt Ltd,414,108
Registrar General of India ITI,Swathy Smartcards Hi-Tech Pvt,0,67
Registrar General of India ITI,VIRGO SOFTECH LIMITED,60,34
Registrar General of India ITI,WEBEL TECHNOLOGY LIMITED,3838,392
Registrar General of India ITI,Webx Technologies Private Limited,469,11
Rural Development Dept  Govt. of Bihar,Bloom Solutions Pvt Ltd,7436,481
Rural Development Dept  Govt. of Bihar,Computer LAB,5895,247
Rural Development Dept  Govt. of Bihar,Emdee Digitronics Pvt.Ltd.,827,245
Rural Development Dept  Govt. of Bihar,FINANCIAL INFORMATION NETWORK,5328,752
Rural Development Dept  Govt. of Bihar,M2C Private Solution,742,142
Rural Development Dept  Govt. of Bihar,MKS Enterprises,944,54
Rural Development Dept  Govt. of Bihar,Orion Security Solutions Private Ltd,268,29
Rural Development Dept  Govt. of Bihar,Urmila Info solution,4381,303
State Bank of Bikaner & Jaipur,Multiwave Innovation,1,1
State Bank of India,FINANCIAL INFORMATION NETWORK,12328,800
State Bank of India,IL&FS LTD,0,5
State Bank of India,Silver Touch Technologies Ltd,0,1
State Bank of India,Smart Chip Limited,1295,218
State Bank of India,Utility Forms Pvt Ltd,5033,614
UIDAI-Registrar,UIDAI-EA,78,6
UTI Infrastructure Technology & Services Limited,Omnitech Infosolutions Ltd,1007,186
Union Bank,FINANCIAL INFORMATION NETWORK,19526,3035
Union Bank,Smart Chip Limited,359,68
Union Bank,Vakrangee Softwares Limited,30116,5332
