Registrar,Enrolment Agency,Aadhaar generated,Enrolment Rejected
Allahabad Bank,A-Onerealtors Pvt Ltd,6878,563
Allahabad Bank,Agro Tech Engineers,34,27
Allahabad Bank,Asha Security Guard Services,8018,771
Allahabad Bank,Ayush Enterprises,1,0
Allahabad Bank,Emdee Digitronics Pvt.Ltd.,276,235
Allahabad Bank,MEGHA VINCOM PVT LTD,4407,148
Allahabad Bank,Nevaeh Technology Pvt. Ltd.,1856,163
Allahabad Bank,Ortem Securities Limited,262,9
Allahabad Bank,PROTEX COMPUTER PVT LTD,121,15
Allahabad Bank,Redim Software Technologies Pvt Ltd,741,172
Allahabad Bank,SGS INDIA PVT LTD,7759,391
Allahabad Bank,Sri Ramraja Sarkar Lok Kalyan Trust,78,15
Allahabad Bank,VAP INFOSOLUTIONS,2342,282
Allahabad Bank,Vakrangee Softwares Limited,0,2
Allahabad Bank,Vedavaag Systems Limited,464,199
Atalji Janasnehi Directorate  Government of Karnataka,Atalji Janasnehi Directorate  GOK,8446,1629
Bank Of India,A3 Logics  India  Ltd,256,112
Bank Of India,Blue Circle Instrument,0,1
Bank Of India,CHESSY CONSULTANTS PVT LTD,7,5
Bank Of India,DATASOFT COMPUTER SERVICES(P),568,124
Bank Of India,Frontech Systems Pvt Ltd,1700,42
Bank Of India,OSWAL COMPUTERS & CONSULTANTS,528,102
Bank Of India,PROTEX COMPUTER PVT LTD,943,84
Bank Of India,SARADA SYSTEMS,3610,85
Bank Of India,SHRIKRISHNA KHANDASARI SUGAR M,22,4
Bank Of India,SPANCO,0,1
Bank Of India,SREI INFRASTRUCTURE FINANCES L,10344,1350
Bank Of India,Silver Touch Technologies Ltd,1,0
Bank Of India,Systematic & Advance Const P L,0,13
Bank Of India,VEETECHNOLOGIES PVT. LTD,2995,659
Bank Of India,VIRGO SOFTECH LIMITED,23,5
Bank Of India,Vakrangee Softwares Limited,0,2
Bank of Baroda,Global Finsol Private Limited,122,32
Bank of Maharashtra,Tera Software Ltd,1407,153
CSC e-Governance Services India Limited,A I Soc for Electronics and Comp Tech,5894,3083
CSC e-Governance Services India Limited,AKSH OPTIFIBRE LIMITED,11842,4050
CSC e-Governance Services India Limited,APOnline Limited,1,0
CSC e-Governance Services India Limited,BASIX,8567,2834
CSC e-Governance Services India Limited,Binary Systems,468,132
CSC e-Governance Services India Limited,Bloom Solutions Pvt Ltd,10028,412
CSC e-Governance Services India Limited,CALANCE SOFTWARE PRIVATE LTD,980,311
CSC e-Governance Services India Limited,CHIPS,8904,1239
CSC e-Governance Services India Limited,CMS Computers Ltd,23259,6523
CSC e-Governance Services India Limited,CSC e-Governance Services India Limited,11331,2106
CSC e-Governance Services India Limited,Computer Print,2521,355
CSC e-Governance Services India Limited,Conatus Infocom Pvt. Ltd,950,234
CSC e-Governance Services India Limited,DATASOFT COMPUTER SERVICES(P),1353,642
CSC e-Governance Services India Limited,Gem Computers,346,56
CSC e-Governance Services India Limited,Home Life Buildcon Pvt Ltd,4962,1053
CSC e-Governance Services India Limited,HyperSoft Technologies Ltd,6104,501
CSC e-Governance Services India Limited,IAP COMPANY Pvt. Ltd,28185,2753
CSC e-Governance Services India Limited,Janta Silikon Consortium,5703,881
CSC e-Governance Services India Limited,Jeevan Deep Charitable Society,3441,911
CSC e-Governance Services India Limited,K W Consulting P Ltd,1341,185
CSC e-Governance Services India Limited,MANTRA SOFTTECH (INDIA) PVTLTD,2221,299
CSC e-Governance Services India Limited,MEGHA VINCOM PVT LTD,2371,291
CSC e-Governance Services India Limited,Mahamritunjay Traders,4502,422
CSC e-Governance Services India Limited,Mahaonline Limited,2950,1070
CSC e-Governance Services India Limited,Murano India Pvt Ltd,655,50
CSC e-Governance Services India Limited,NPS Technologies Pvt. Ltd,17240,1965
CSC e-Governance Services India Limited,NVR & ASSOCIATES LIMITED,714,111
CSC e-Governance Services India Limited,National Cooperative Consumers Federation of India Limited,414,147
CSC e-Governance Services India Limited,Nekton IT India Pvt Ltd.,7870,686
CSC e-Governance Services India Limited,Network for Information & Computer,9404,516
CSC e-Governance Services India Limited,Promind Solutions P Limited,8339,643
CSC e-Governance Services India Limited,Radiant Haroti Industries India Ltd,9877,2963
CSC e-Governance Services India Limited,Raj Construction Co.,1627,142
CSC e-Governance Services India Limited,SPANCO,1688,416
CSC e-Governance Services India Limited,SRR Infotech,3346,507
CSC e-Governance Services India Limited,Sahaj e-Village Limited,11224,3114
CSC e-Governance Services India Limited,Sri Ramraja Sarkar Lok Kalyan Trust,57,69
CSC e-Governance Services India Limited,Super Printers,934,135
CSC e-Governance Services India Limited,Tera Software Ltd,10064,1284
CSC e-Governance Services India Limited,Twinstar Industries Ltd.,10,13
CSC e-Governance Services India Limited,United Telecoms e-Services Pvt Ltd,3434,1561
CSC e-Governance Services India Limited,VIKALP MULTIMEDIA,408,504
CSC e-Governance Services India Limited,VISION COMPTECH INTEGRATOR LTD,3817,338
CSC e-Governance Services India Limited,Vakrangee Softwares Limited,1,1
CSC e-Governance Services India Limited,Vayam technologies Ltd,14631,1223
CSC e-Governance Services India Limited,Vedavaag Systems Limited,5860,1766
CSC e-Governance Services India Limited,Vigilant Corporate Services Pvt Ltd,231,4
CSC e-Governance Services India Limited,Yash Ornaments Pvt. Ltd,1369,346
CSC e-Governance Services India Limited,Zephyr System Pvt.Ltd.,16430,1369
Canara Bank,FINANCIAL INFORMATION NETWORK,13485,2026
Canara Bank,Karvy Data Management Services,4293,2523
Canara Bank,Ojus Healthcare Private Limited,736,48
Canara Bank,Osiris Infotech Pvt. Ltd.,898,363
Canara Bank,Smart Chip Limited,871,437
Canara Bank,Virinchi Technologies Ltd,5923,560
Central Bank of India,CALANCE SOFTWARE PRIVATE LTD,0,1
Civil Supplies - A&N Islands,India Computer Technology,100,38
DENA BANK,77 Infosystems Pvt Ltd,1168,91
DENA BANK,A-Onerealtors Pvt Ltd,605,79
DENA BANK,APEX Services,3303,397
DENA BANK,AS International,495,146
DENA BANK,ATISHAY INFOTECH PVT. LTD.,3746,529
DENA BANK,AVVAS INFOTECH PVT  LTD,1575,459
DENA BANK,Advent Infomax Private Ltd,240,48
DENA BANK,Amar Constructions,2008,458
DENA BANK,Apnatech Consultancy Services Pvt Ltd,395,39
DENA BANK,Asha Security Guard Services,7099,604
DENA BANK,Asray Gram,576,63
DENA BANK,BNR UDYOG LIMITED,145,46
DENA BANK,Binary Systems,320,127
DENA BANK,Bloom Solutions Pvt Ltd,410,63
DENA BANK,Blue Circle Instrument,207,22
DENA BANK,Business Information Processing Services,2215,169
DENA BANK,CALANCE SOFTWARE PRIVATE LTD,1306,460
DENA BANK,DATASOFT COMPUTER SERVICES(P),1854,318
DENA BANK,DEVASHISH SECURITIES PVT. LTD.,65,4
DENA BANK,Eagle Software India Pvt. Ltd,1680,308
DENA BANK,Emdee Digitronics Pvt.Ltd.,2,1
DENA BANK,FINANCIAL INFORMATION NETWORK,1760,518
DENA BANK,Gem Computers,1238,122
DENA BANK,Gujarat Infotech Ltd.,1623,97
DENA BANK,HyperSoft Technologies Ltd,22,4
DENA BANK,IAP COMPANY Pvt. Ltd,3383,496
DENA BANK,India Computer Technology,374,49
DENA BANK,JNET Technologies Pvt.Ltd,384,72
DENA BANK,Jeevan Deep Charitable Society,101,8
DENA BANK,K W Consulting P Ltd,549,124
DENA BANK,Lankipalli Integrated Services Private Limited,360,22
DENA BANK,M/S STAR DATA CENTRE,1691,79
DENA BANK,M/s Gold Square Builders & Promoters Pvt. Ltd.,682,278
DENA BANK,M2C Private Solution,2,36
DENA BANK,MARS Telecom Systems Pvt Ltd,3104,532
DENA BANK,MEGHA VINCOM PVT LTD,2991,302
DENA BANK,MKS Enterprises,1277,50
DENA BANK,Make India Smart Private Limited,1981,369
DENA BANK,Multiwave Innovation,4015,443
DENA BANK,NVR & ASSOCIATES LIMITED,5681,695
DENA BANK,Netlink software Pvt Ltd,10267,907
DENA BANK,Nielsen  India  Private Limited,25706,1475
DENA BANK,Offshoot Agency Pvt. Ltd.,2008,190
DENA BANK,Ojus G Enterprises,333,0
DENA BANK,Om Softwares,4990,590
DENA BANK,Ortem Securities Limited,655,121
DENA BANK,Prodigy Systems and Services Private Limited,0,1
DENA BANK,Radiant Haroti Industries India Ltd,1,4
DENA BANK,Ricoh India Limited,972,445
DENA BANK,SGS INDIA PVT LTD,5942,365
DENA BANK,Silver Touch Technologies Ltd,3685,188
DENA BANK,Sixth Dimension Project Solutions Ltd,451,27
DENA BANK,Soc for Advancement of Environ Science,979,146
DENA BANK,SoftAge Information Technology Limited,88,6
DENA BANK,Super Printers,4551,627
DENA BANK,Systematic & Advance Const P L,8,1
DENA BANK,TechSmart India Pvt Ltd,193,196
DENA BANK,Tera Software Ltd,15,29
DENA BANK,The NSIC ltd,904,91
DENA BANK,Transline Technologies P Ltd,179,58
DENA BANK,Utility Forms Pvt Ltd,169,131
DENA BANK,VAP INFOSOLUTIONS,3740,719
DENA BANK,VISION COMPTECH INTEGRATOR LTD,4465,378
DENA BANK,Vedavaag Systems Limited,1179,458
DENA BANK,Virinchi Technologies Ltd,3245,605
DENA BANK,WEBEL,11054,1122
DENA BANK,Wipro Ltd,16302,5619
DENA BANK,Yash Ornaments Pvt. Ltd,108,103
DENA BANK,Zephyr System Pvt.Ltd.,15312,1302
Delhi - East DC,DATASOFT COMPUTER SERVICES(P),1,0
Delhi - NE DC,Smart Chip Limited,2,0
Delhi - North DC,CALANCE SOFTWARE PRIVATE LTD,0,1
Delhi SW DC,VIRGO SOFTECH LIMITED,0,1
Delhi- South DC,Karvy Computershare Private Li,1,0
Delhi- West DC,Smart Chip Limited,1,0
Delhi- West DC,VIRGO SOFTECH LIMITED,0,1
Delhi-NW DC,Karvy Computershare Private Li,0,1
Department of Information Technology Govt of Jharkhand,Wipro Ltd,2,3
Dept of ITC Govt of Rajasthan,AKSH OPTIFIBRE LIMITED,66,2
Dept of ITC Govt of Rajasthan,ATISHAY INFOTECH PVT. LTD.,141,156
Dept of ITC Govt of Rajasthan,AVVAS INFOTECH PVT  LTD,2,0
Dept of ITC Govt of Rajasthan,Academy of Management Studies,61,13
Dept of ITC Govt of Rajasthan,Binary Systems,2,1
Dept of ITC Govt of Rajasthan,Business Information Processing Services,89,18
Dept of ITC Govt of Rajasthan,CMS Computers Ltd,689,209
Dept of ITC Govt of Rajasthan,COMTECH INSTITUTE OFTECHNOLOGY,376,145
Dept of ITC Govt of Rajasthan,DATASOFT COMPUTER SERVICES(P),1064,192
Dept of ITC Govt of Rajasthan,FINANCIAL INFORMATION NETWORK,2416,551
Dept of ITC Govt of Rajasthan,Gujarat Infotech Ltd.,1,1
Dept of ITC Govt of Rajasthan,IAP COMPANY Pvt. Ltd,457,53
Dept of ITC Govt of Rajasthan,Karvy Data Management Services,1073,483
Dept of ITC Govt of Rajasthan,M/s Sanish Choudhary,517,90
Dept of ITC Govt of Rajasthan,MEGHA VINCOM PVT LTD,961,137
Dept of ITC Govt of Rajasthan,Matrix Processing House,911,114
Dept of ITC Govt of Rajasthan,Multiwave Innovation,54,33
Dept of ITC Govt of Rajasthan,Osiris Infotech Pvt. Ltd.,7,11
Dept of ITC Govt of Rajasthan,Radiant Info Systems Ltd,756,145
Dept of ITC Govt of Rajasthan,Rajcomp Info Services Ltd,2588,176
Dept of ITC Govt of Rajasthan,Ricoh India Limited,297,95
Dept of ITC Govt of Rajasthan,SAR Technology,47,42
Dept of ITC Govt of Rajasthan,SREI INFRASTRUCTURE FINANCES L,25,4
Dept of ITC Govt of Rajasthan,TechSmart India Pvt Ltd,236,84
Dept of ITC Govt of Rajasthan,Transline Technologies P Ltd,624,194
Dept of ITC Govt of Rajasthan,UMC Technologies Pvt. Ltd,246,36
Dept of ITC Govt of Rajasthan,VFS Global Services Pvt. Ltd,181,2
Dept of ITC Govt of Rajasthan,VIRGO SOFTECH LIMITED,1088,68
Dept of ITC Govt of Rajasthan,VISION COMPTECH INTEGRATOR LTD,2,3
Dept of ITC Govt of Rajasthan,Vakrangee Softwares Limited,3903,525
Dept of ITC Govt of Rajasthan,Vayam technologies Ltd,12,17
FCR Govt of Haryana,4G INFORMATICS,240,59
FCR Govt of Haryana,Academy of Management Studies,612,131
FCR Govt of Haryana,District IT Society Ambala,1095,252
FCR Govt of Haryana,District IT Society Bhiwani,1074,148
FCR Govt of Haryana,District IT Society Faridabad,527,116
FCR Govt of Haryana,District IT Society Fatehabad,1119,132
FCR Govt of Haryana,District IT Society Gurgaon,113,30
FCR Govt of Haryana,District IT Society Hisar,1081,155
FCR Govt of Haryana,District IT Society Jhajjar,493,124
FCR Govt of Haryana,District IT Society Kaithal,983,141
FCR Govt of Haryana,District IT Society Karnal,468,70
FCR Govt of Haryana,District IT Society Kurukshetra,640,75
FCR Govt of Haryana,District IT Society Mahendragarh,1176,139
FCR Govt of Haryana,District IT Society Mewat,1100,135
FCR Govt of Haryana,District IT Society Palwal,1050,359
FCR Govt of Haryana,District IT Society Panchkula,638,96
FCR Govt of Haryana,District IT Society Panipat,243,66
FCR Govt of Haryana,District IT Society Rewari,1211,236
FCR Govt of Haryana,District IT Society Rohtak,1822,229
FCR Govt of Haryana,District IT Society Sirsa,1340,337
FCR Govt of Haryana,District IT Society Sonipat,587,148
FCR Govt of Haryana,District IT Society Yamuna Nagar,429,75
FCR Govt of Haryana,Radiant Info Systems Ltd,536,45
FCR Govt of Haryana,SoftAge Information Technology Limited,1990,279
FCR Govt of Haryana,Vakrangee Softwares Limited,0,1
FCR Govt of Haryana,Vayam technologies Ltd,560,38
FCS Govt of Punjab,District Sukhmani Society  Jalandhar  Punjab,357,36
FCS Govt of Punjab,District Sukhmani Society  Ludhiana  Punjab,458,78
FCS Govt of Punjab,District Sukhmani Society  Moga  Punjab,185,28
FCS Govt of Punjab,District Sukhmani Society Amritsar Punjab,236,80
FCS Govt of Punjab,District Sukhmani Society Barnala Punjab,107,35
FCS Govt of Punjab,District Sukhmani Society Bathinda Punjab,120,74
FCS Govt of Punjab,District Sukhmani Society Fatehgarh Sahib Punjab,239,51
FCS Govt of Punjab,District Sukhmani Society Fazilka Punjab,100,23
FCS Govt of Punjab,District Sukhmani Society Ferozepur Punjab,64,21
FCS Govt of Punjab,District Sukhmani Society For Citizen Services Mansa Punjab,228,37
FCS Govt of Punjab,District Sukhmani Society For Citizen Services Nawanshahr Punjab,150,31
FCS Govt of Punjab,District Sukhmani Society For Citizen Services SAS Nagar District e-Governance Society Punjab,100,27
FCS Govt of Punjab,District Sukhmani Society Pathankot Punjab,78,27
FCS Govt of Punjab,District Sukhmani Society Patiala Punjab,217,53
FCS Govt of Punjab,District Sukhmani Society Rupnagar Punjab,223,19
FCS Govt of Punjab,District Sukhmani Society Sangrur Punjab,219,33
FCS Govt of Punjab,District Sukhmani Society Sri Muktsar Sahib Punjab,123,24
FCS Govt of Punjab,District Sukhmani Society Tarn Taran Punjab,125,40
FCS Govt of Punjab,Karvy Computershare Private Li,392,59
FCS Govt of Punjab,Sukhmani Society For Citizen Services  Kapurthala  Punjab,62,7
FCS Govt of Punjab,Sukhmani Society For Citizen Services Gurdaspur Punjab,19,7
FCS Govt of Punjab,Sukhmani Society For Citizens Services Faridkot Punjab,100,31
FCS Govt of Punjab,Suwidha Society Hoshiarpur Punjab,250,19
FCS Govt of Punjab,Vayam technologies Ltd,468,112
FCS Govt of Punjab,eCentric solutions pvt ltd,144,48
Govt of Andhra Pradesh,GrapeSoft,2,0
Govt of Andhra Pradesh,INFRONICS SYSTEMS LTD,0,1
Govt of Andhra Pradesh,TechSmart India Pvt Ltd,0,6
Govt of Gujarat,GSS Infotech Ltd,538,55
Govt of Gujarat,Karvy Computershare Private Li,3294,390
Govt of Gujarat,Silver Touch Technologies Ltd,771,102
Govt of Gujarat,Tera Software Ltd,809,83
Govt of Gujarat,Transline Technologies P Ltd,4,2
Govt of Gujarat,Vayam technologies Ltd,8,25
Govt of Gujarat,eCentric solutions pvt ltd,160,27
Govt of Himachal Pradesh,i-Grandee SoftwareTechnologies,166,77
Govt of Karnataka ,Centre for e-Governance  GOK,31,4
Govt of Karnataka ,EDCS GOK,1819,299
Govt of Karnataka ,SREEVEN INFOCOM LIMITED,3,2
Govt of Kerala,Akshaya,7711,555
Govt of Kerala,Keltron,10,8
Govt of Maharashtra,Alankit Finsec Ltd,1,0
Govt of Maharashtra,GLODYNE TECHNOSERVE,0,1
Govt of Maharashtra,M/S King Computer System pvt Ltd,146,18
Govt of Maharashtra,M/s. Vidya Online  Pune,125,15
Govt of Maharashtra,Rudranee Infotech Ltd,65,9
Govt of Maharashtra,SETU MAHARASHTRA,783,81
Govt of Maharashtra,SHREERAM PRINTING PRESS,130,24
Govt of Maharashtra,SILVER JUBILEE MOTORS LTD.,269,32
Govt of Maharashtra,Vidarbha Infotech Pvt Ltd,16,5
Govt of Sikkim - Dept of Econo,Department of Economics Statistics  Monitoring and Evaluation DESME,41,20
IDBI Bank ltd,ATISHAY INFOTECH PVT. LTD.,503,139
IDBI Bank ltd,Matrix Processing House,658,49
IDBI Bank ltd,SREEVEN INFOCOM LIMITED,1363,165
Indiapost,Delhi Integrated MMTS Ltd,3,2
Indiapost,MARS Telecom Systems Pvt Ltd,0,1
Indiapost,WEBEL,0,1
Information Technology & Communication Department,Directorate of ESD,9517,1260
Jharkhand,Alankit Assignments Limited,1,0
Jharkhand,VISION COMPTECH INTEGRATOR LTD,0,1
Jharkhand,Wipro Ltd,0,15
Mission Convergence - GNCT Del,NVR & ASSOCIATES LIMITED,1,0
NSDL e-Governance Infrastructure Limited,ATISHAY INFOTECH PVT. LTD.,65,47
NSDL e-Governance Infrastructure Limited,Abhipra Capital Ltd,332,198
NSDL e-Governance Infrastructure Limited,Alankit Assignments Limited,0,4
NSDL e-Governance Infrastructure Limited,Alankit Finsec Ltd,3454,724
NSDL e-Governance Infrastructure Limited,Amar Constructions,1020,285
NSDL e-Governance Infrastructure Limited,COMTECHINFO SOLUTIONS PVT.LTD,9,0
NSDL e-Governance Infrastructure Limited,Gujarat Infotech Ltd.,13661,934
NSDL e-Governance Infrastructure Limited,Gundal Infotech Private Limited,1,1
NSDL e-Governance Infrastructure Limited,IAP COMPANY Pvt. Ltd,86,12
NSDL e-Governance Infrastructure Limited,Karvy Consultants Limited,160,41
NSDL e-Governance Infrastructure Limited,Karvy Data Management Services,45941,9979
NSDL e-Governance Infrastructure Limited,N.K. Sharma Enterprises Ltd.,831,69
NSDL e-Governance Infrastructure Limited,Netlink software Pvt Ltd,1640,404
NSDL e-Governance Infrastructure Limited,Offshoot Agency Pvt. Ltd.,3583,465
NSDL e-Governance Infrastructure Limited,Ojus G Enterprises,584,1163
NSDL e-Governance Infrastructure Limited,PROWIZ MANSYTEMS PVT LTD,2,0
NSDL e-Governance Infrastructure Limited,Promind Solutions P Limited,8012,837
NSDL e-Governance Infrastructure Limited,RELIGARE SECURITIES LTD,2994,658
NSDL e-Governance Infrastructure Limited,Radiant Haroti Industries India Ltd,0,1
NSDL e-Governance Infrastructure Limited,Ricoh India Limited,3764,1626
NSDL e-Governance Infrastructure Limited,S.J. Technologies,304,14
NSDL e-Governance Infrastructure Limited,SNR Edatas Pvt Ltd,7,7
NSDL e-Governance Infrastructure Limited,Sri Ramraja Sarkar Lok Kalyan Trust,8687,572
NSDL e-Governance Infrastructure Limited,Utility Forms Pvt Ltd,1023,264
NSDL e-Governance Infrastructure Limited,VIRGO SOFTECH LIMITED,7655,1065
Oriental Bank of Commerce,Wipro Ltd,0,1
Principal Revenue Commissioner  Dept of Revenue  Govt of MP,K W Consulting P Ltd,0,1
Principal Revenue Commissioner  Dept of Revenue  Govt of MP,OSWAL COMPUTERS & CONSULTANTS,0,1
Principal Revenue Commissioner  Dept of Revenue  Govt of MP,Vedavaag Systems Limited,0,1
Project Coordinator UID Project Madhya Pradesh,A I Soc for Electronics and Comp Tech,4367,1495
Project Coordinator UID Project Madhya Pradesh,DATASOFT COMPUTER SERVICES(P),558,102
Project Coordinator UID Project Madhya Pradesh,LYRA  CONSULTANCY SERVICE,3410,401
Project Coordinator UID Project Madhya Pradesh,MPOnline Limited,2982,600
Project Coordinator UID Project Madhya Pradesh,Matrix Processing House,793,80
Project Coordinator UID Project Madhya Pradesh,OSWAL COMPUTERS & CONSULTANTS,4498,797
Project Coordinator UID Project Madhya Pradesh,Orion Security Solutions Private Ltd,1755,497
Project Coordinator UID Project Madhya Pradesh,Sixth Dimension Project Solutions Ltd,529,168
Punjab National Bank,Alankit Finsec Ltd,2970,680
Punjab National Bank,Eagle Software India Pvt. Ltd,5349,1152
Punjab National Bank,MARS Telecom Systems Pvt Ltd,26,11
Punjab National Bank,Smart Chip Limited,1898,719
Punjab National Bank,Vayam technologies Ltd,6471,373
Punjab and Sind Bank,Matrix Processing House,3006,255
RDD Govt of Tripura,Alankit Assignments Limited,0,1
Registrar General India - BEL,Manipur Electronics Dev Corp,107,94
Registrar General India BEL2,Bharat Electronics Limited,50,2
Registrar General India BEL2,Chinar Construction Company Prime agency,2285,31
Registrar General India BEL2,Computer LAB,0,1
Registrar General India BEL2,Emdee Digitronics Pvt.Ltd.,114,0
Registrar General India BEL2,In Media Computer Services LLP,275,32
Registrar General India BEL2,Karvy Data Management Services,3567,649
Registrar General India BEL2,MACRO INFOTECH PVT LTD,3122,409
Registrar General India BEL2,MKS Enterprises,0,1
Registrar General India BEL2,Madras Security Printers Ltd,461,71
Registrar General India BEL2,Manipur Electronics Dev Corp,257,69
Registrar General India BEL2,Multiwave Innovation,5,17
Registrar General India BEL2,Netlink software Pvt Ltd,1,16
Registrar General India BEL2,Nevaeh Technology Pvt. Ltd.,117,5
Registrar General India BEL2,Om Softwares,0,1
Registrar General India BEL2,SNR Edatas Pvt Ltd,17935,1165
Registrar General India BEL2,SREI INFRASTRUCTURE FINANCES L,380,10
Registrar General India BEL2,Swathy Smartcards Hi-Tech Pvt,2,4
Registrar General India BEL2,Tera Software Ltd,1081,14
Registrar General India BEL2,UNITED DATA SERVICES PRIVATE LIMITED,6,49
Registrar General India BEL2,Urmila Info solution,1,3
Registrar General India BEL2,Vedavaag Systems Limited,14,3
Registrar General India BEL2,Viesa Technologies,6723,221
Registrar General India ECIL,AVVAS INFOTECH PVT  LTD,35,22
Registrar General India ECIL,BUSINESS INFORMATION PROCESSING SERVICES,0,12
Registrar General India ECIL,COMTECHINFO SOLUTIONS PVT.LTD,1094,810
Registrar General India ECIL,Chinar Construction Company Prime agency,1056,125
Registrar General India ECIL,Clairvoyance Technologies Pvt.,383,4
Registrar General India ECIL,Computer LAB,1898,658
Registrar General India ECIL,ECIL,2,1
Registrar General India ECIL,Eagle Software India Pvt. Ltd,5153,1958
Registrar General India ECIL,Emdee Digitronics Pvt.Ltd.,3336,161
Registrar General India ECIL,In Media Computer Services LLP,3580,1092
Registrar General India ECIL,India Computer Technology,1478,528
Registrar General India ECIL,Integrated Systems & Services,8,1
Registrar General India ECIL,Karvy Data Management Services,819,285
Registrar General India ECIL,Krishna Infotech,0,2
Registrar General India ECIL,LYRA  CONSULTANCY SERVICE,5,0
Registrar General India ECIL,Madras Security Printers Ltd,588,311
Registrar General India ECIL,Nielsen  India  Private Limited,0,4
Registrar General India ECIL,SARADA SYSTEMS,5862,197
Registrar General India ECIL,SWISSTECH NPR 57CR PROJECT PVT,0,11
Registrar General India ECIL,The NSIC ltd,696,79
Registrar General India ECIL,Vedavaag Systems Limited,35,102
Registrar General India ECIL,WEBEL TECHNOLOGY LIMITED,1272,41
Registrar General India Others,Clairvoyance Technologies Pvt.,3,1
Registrar General India Others,Karvy Data Management Services,0,1
Registrar General of India ITI,Eagle Software India Pvt. Ltd,1344,41
Registrar General of India ITI,Emdee Digitronics Pvt.Ltd.,14708,364
Registrar General of India ITI,In Media Computer Services LLP,699,12
Registrar General of India ITI,Karvy Data Management Services,458,38
Registrar General of India ITI,Madras Security Printers Ltd,1098,502
Registrar General of India ITI,Netlink software Pvt Ltd,1003,113
Registrar General of India ITI,Nevaeh Technology Pvt. Ltd.,2,1
Registrar General of India ITI,Quick Data IT Services Pvt Ltd,1,0
Registrar General of India ITI,SNR Edatas Pvt Ltd,240,58
Registrar General of India ITI,Swathy Smartcards Hi-Tech Pvt,0,9
Registrar General of India ITI,VIRGO SOFTECH LIMITED,7,22
Registrar General of India ITI,WEBEL TECHNOLOGY LIMITED,5163,249
Registrar General of India ITI,Webx Technologies Private Limited,38,8
Rural Development Dept  Govt. of Bihar,Bloom Solutions Pvt Ltd,12357,395
Rural Development Dept  Govt. of Bihar,Computer LAB,3082,222
Rural Development Dept  Govt. of Bihar,Emdee Digitronics Pvt.Ltd.,108,161
Rural Development Dept  Govt. of Bihar,FINANCIAL INFORMATION NETWORK,3947,681
Rural Development Dept  Govt. of Bihar,M2C Private Solution,542,100
Rural Development Dept  Govt. of Bihar,MKS Enterprises,595,73
Rural Development Dept  Govt. of Bihar,Orion Security Solutions Private Ltd,690,63
Rural Development Dept  Govt. of Bihar,Urmila Info solution,5649,163
State Bank of India,FINANCIAL INFORMATION NETWORK,11163,595
State Bank of India,IL&FS LTD,0,1
State Bank of India,Silver Touch Technologies Ltd,4,1
State Bank of India,Smart Chip Limited,695,239
State Bank of India,Utility Forms Pvt Ltd,6734,565
UIDAI-Registrar,UIDAI-EA,70,2
UTI Infrastructure Technology & Services Limited,Omnitech Infosolutions Ltd,1055,133
Union Bank,FINANCIAL INFORMATION NETWORK,14183,2466
Union Bank,Smart Chip Limited,161,48
Union Bank,Vakrangee Softwares Limited,32793,4625
