Registrar,Enrolment Agency,Aadhaar generated,Enrolment Rejected
Allahabad Bank,A-Onerealtors Pvt Ltd,7361,1621
Allahabad Bank,Agro Tech Engineers,147,209
Allahabad Bank,Asha Security Guard Services,6011,1979
Allahabad Bank,Ayush Enterprises,26,11
Allahabad Bank,Emdee Digitronics Pvt.Ltd.,3204,355
Allahabad Bank,MEGHA VINCOM PVT LTD,3515,523
Allahabad Bank,Nevaeh Technology Pvt. Ltd.,5012,577
Allahabad Bank,Ortem Securities Limited,119,21
Allahabad Bank,PROTEX COMPUTER PVT LTD,367,30
Allahabad Bank,Radiant Haroti Industries India Ltd,1,0
Allahabad Bank,Redim Software Technologies Pvt Ltd,425,376
Allahabad Bank,SGS INDIA PVT LTD,3105,1353
Allahabad Bank,Sri Ramraja Sarkar Lok Kalyan Trust,9,56
Allahabad Bank,VAP INFOSOLUTIONS,896,186
Allahabad Bank,Vakrangee Softwares Limited,0,10
Allahabad Bank,Vedavaag Systems Limited,2689,638
Atalji Janasnehi Directorate  Government of Karnataka,Atalji Janasnehi Directorate  GOK,7585,4045
Bank Of India,A3 Logics  India  Ltd,572,184
Bank Of India,Akanksha International,1,2
Bank Of India,Blue Circle Instrument,46,4
Bank Of India,CHESSY CONSULTANTS PVT LTD,8,19
Bank Of India,DATASOFT COMPUTER SERVICES(P),578,304
Bank Of India,Emdee Digitronics Pvt.Ltd.,0,1
Bank Of India,Frontech Systems Pvt Ltd,300,181
Bank Of India,Matrix Processing House,0,10
Bank Of India,OSWAL COMPUTERS & CONSULTANTS,131,181
Bank Of India,PROTEX COMPUTER PVT LTD,878,184
Bank Of India,SARADA SYSTEMS,1895,337
Bank Of India,SHRIKRISHNA KHANDASARI SUGAR M,32,13
Bank Of India,SPANCO,0,1
Bank Of India,SREI INFRASTRUCTURE FINANCES L,10986,2544
Bank Of India,Systematic & Advance Const P L,0,6
Bank Of India,VEETECHNOLOGIES PVT. LTD,4246,1675
Bank Of India,VIRGO SOFTECH LIMITED,0,4
Bank Of India,Vakrangee Softwares Limited,0,2
Bank of Baroda,Global Finsol Private Limited,183,101
Bank of Maharashtra,FINANCIAL INFORMATION NETWORK,0,51
Bank of Maharashtra,Micro Technologies India Ltd,0,12
Bank of Maharashtra,Tera Software Ltd,1476,697
CSC e-Governance Services India Limited,A I Soc for Electronics and Comp Tech,11634,4681
CSC e-Governance Services India Limited,AKSH OPTIFIBRE LIMITED,14879,6776
CSC e-Governance Services India Limited,Alankit Limited,14,0
CSC e-Governance Services India Limited,BASIX,10465,5094
CSC e-Governance Services India Limited,Binary Systems,900,567
CSC e-Governance Services India Limited,Bloom Solutions Pvt Ltd,5836,1314
CSC e-Governance Services India Limited,CALANCE SOFTWARE PRIVATE LTD,1306,461
CSC e-Governance Services India Limited,CHIPS,9280,3507
CSC e-Governance Services India Limited,CMS Computers Ltd,29997,12743
CSC e-Governance Services India Limited,CSC e-Governance Services India Limited,14338,4021
CSC e-Governance Services India Limited,Computer Print,1263,575
CSC e-Governance Services India Limited,Conatus Infocom Pvt. Ltd,470,430
CSC e-Governance Services India Limited,DATASOFT COMPUTER SERVICES(P),4189,1137
CSC e-Governance Services India Limited,Gem Computers,436,275
CSC e-Governance Services India Limited,Home Life Buildcon Pvt Ltd,11862,3198
CSC e-Governance Services India Limited,HyperSoft Technologies Ltd,7176,435
CSC e-Governance Services India Limited,IAP COMPANY Pvt. Ltd,25654,8029
CSC e-Governance Services India Limited,Intelligent Communication Sys India Ltd,0,1
CSC e-Governance Services India Limited,Janta Silikon Consortium,5187,2602
CSC e-Governance Services India Limited,Jeevan Deep Charitable Society,2312,1992
CSC e-Governance Services India Limited,K W Consulting P Ltd,1213,233
CSC e-Governance Services India Limited,MANTRA SOFTTECH (INDIA) PVTLTD,4567,1112
CSC e-Governance Services India Limited,MEGHA VINCOM PVT LTD,2032,836
CSC e-Governance Services India Limited,Mahamritunjay Traders,3914,1596
CSC e-Governance Services India Limited,Mahaonline Limited,3204,2478
CSC e-Governance Services India Limited,Murano India Pvt Ltd,904,243
CSC e-Governance Services India Limited,NPS Technologies Pvt. Ltd,13253,4601
CSC e-Governance Services India Limited,NVR & ASSOCIATES LIMITED,2201,299
CSC e-Governance Services India Limited,National Cooperative Consumers Federation of India Limited,737,287
CSC e-Governance Services India Limited,Nekton IT India Pvt Ltd.,7064,1958
CSC e-Governance Services India Limited,Network for Information & Computer,4404,1746
CSC e-Governance Services India Limited,Promind Solutions P Limited,4692,2078
CSC e-Governance Services India Limited,Radiant Haroti Industries India Ltd,13741,5444
CSC e-Governance Services India Limited,Raj Construction Co.,3115,482
CSC e-Governance Services India Limited,Reliance Communication Limited,0,1
CSC e-Governance Services India Limited,SPANCO,2510,962
CSC e-Governance Services India Limited,SRR Infotech,2065,942
CSC e-Governance Services India Limited,Sahaj e-Village Limited,15456,5012
CSC e-Governance Services India Limited,Sri Ramraja Sarkar Lok Kalyan Trust,69,207
CSC e-Governance Services India Limited,Super Printers,859,292
CSC e-Governance Services India Limited,Tera Software Ltd,12355,3373
CSC e-Governance Services India Limited,Twinstar Industries Ltd.,383,48
CSC e-Governance Services India Limited,United Telecoms e-Services Pvt Ltd,3746,2780
CSC e-Governance Services India Limited,VIKALP MULTIMEDIA,753,762
CSC e-Governance Services India Limited,VISION COMPTECH INTEGRATOR LTD,1914,1062
CSC e-Governance Services India Limited,Vakrangee Softwares Limited,3,3
CSC e-Governance Services India Limited,Vayam technologies Ltd,10295,5223
CSC e-Governance Services India Limited,Vedavaag Systems Limited,9531,3834
CSC e-Governance Services India Limited,Vigilant Corporate Services Pvt Ltd,731,59
CSC e-Governance Services India Limited,Yash Ornaments Pvt. Ltd,3635,1114
CSC e-Governance Services India Limited,Zephyr System Pvt.Ltd.,21778,4993
Canara Bank,FINANCIAL INFORMATION NETWORK,10766,3426
Canara Bank,Karvy Data Management Services,6647,4593
Canara Bank,Ojus Healthcare Private Limited,488,154
Canara Bank,Osiris Infotech Pvt. Ltd.,592,427
Canara Bank,Smart Chip Limited,488,595
Canara Bank,Virinchi Technologies Ltd,9336,1765
Central Bank of India,CALANCE SOFTWARE PRIVATE LTD,1,42
Central Bank of India,IAP COMPANY Pvt. Ltd,1,8
Central Bank of India,IL&FS LTD,0,4
Central Bank of India,The Peerless General Finance,0,2
Civil Supplies - A&N Islands,India Computer Technology,2457,138
DENA BANK,77 Infosystems Pvt Ltd,2741,414
DENA BANK,A-Onerealtors Pvt Ltd,734,261
DENA BANK,APEX Services,2803,1075
DENA BANK,AS International,611,347
DENA BANK,ATISHAY INFOTECH PVT. LTD.,4518,1005
DENA BANK,AVVAS INFOTECH PVT  LTD,2481,1172
DENA BANK,Advent Infomax Private Ltd,360,154
DENA BANK,Amar Constructions,2108,1048
DENA BANK,Apnatech Consultancy Services Pvt Ltd,86,123
DENA BANK,Asha Security Guard Services,5164,1345
DENA BANK,Asray Gram,845,116
DENA BANK,BNR UDYOG LIMITED,15,132
DENA BANK,Binary Systems,603,922
DENA BANK,Bloom Solutions Pvt Ltd,112,219
DENA BANK,Blue Circle Instrument,699,194
DENA BANK,Business Information Processing Services,3386,691
DENA BANK,CALANCE SOFTWARE PRIVATE LTD,2374,702
DENA BANK,DATASOFT COMPUTER SERVICES(P),2249,482
DENA BANK,DEVASHISH SECURITIES PVT. LTD.,42,30
DENA BANK,Eagle Software India Pvt. Ltd,3295,468
DENA BANK,Ecartes Technology Pvt. Ltd,0,1
DENA BANK,Emdee Digitronics Pvt.Ltd.,1,1
DENA BANK,FINANCIAL INFORMATION NETWORK,2823,895
DENA BANK,Gem Computers,238,286
DENA BANK,Gujarat Infotech Ltd.,1484,518
DENA BANK,HyperSoft Technologies Ltd,10,33
DENA BANK,IAP COMPANY Pvt. Ltd,4074,944
DENA BANK,India Computer Technology,413,120
DENA BANK,JNET Technologies Pvt.Ltd,121,113
DENA BANK,Jeevan Deep Charitable Society,6,4
DENA BANK,K W Consulting P Ltd,643,163
DENA BANK,Lankipalli Integrated Services Private Limited,177,56
DENA BANK,M/S STAR DATA CENTRE,804,364
DENA BANK,M/s Gold Square Builders & Promoters Pvt. Ltd.,1730,422
DENA BANK,M2C Private Solution,56,8
DENA BANK,MARS Telecom Systems Pvt Ltd,238,703
DENA BANK,MEGHA VINCOM PVT LTD,3651,1397
DENA BANK,MKS Enterprises,1351,192
DENA BANK,Make India Smart Private Limited,1887,1183
DENA BANK,Multiwave Innovation,3848,1027
DENA BANK,NVR & ASSOCIATES LIMITED,4358,1594
DENA BANK,Narayana Electricals Solution Pvt Ltd,0,1
DENA BANK,Netlink software Pvt Ltd,10975,2535
DENA BANK,Nielsen  India  Private Limited,22484,6132
DENA BANK,Offshoot Agency Pvt. Ltd.,1764,455
DENA BANK,Ojus G Enterprises,9,54
DENA BANK,Om Softwares,5199,887
DENA BANK,Ortem Securities Limited,583,456
DENA BANK,Prodigy Systems and Services Private Limited,0,6
DENA BANK,Radiant Haroti Industries India Ltd,2,10
DENA BANK,Ricoh India Limited,6445,1208
DENA BANK,SGS INDIA PVT LTD,2517,1021
DENA BANK,Silver Touch Technologies Ltd,1753,701
DENA BANK,Sixth Dimension Project Solutions Ltd,415,119
DENA BANK,Soc for Advancement of Environ Science,344,379
DENA BANK,SoftAge Information Technology Limited,161,18
DENA BANK,Super Printers,3786,1068
DENA BANK,Systematic & Advance Const P L,5,7
DENA BANK,TechSmart India Pvt Ltd,1870,746
DENA BANK,Tera Software Ltd,53,41
DENA BANK,The NSIC ltd,494,447
DENA BANK,Transline Technologies P Ltd,76,80
DENA BANK,Utility Forms Pvt Ltd,461,231
DENA BANK,VAP INFOSOLUTIONS,1575,1117
DENA BANK,VISION COMPTECH INTEGRATOR LTD,6864,1277
DENA BANK,Vedavaag Systems Limited,3738,1201
DENA BANK,Virinchi Technologies Ltd,6084,1707
DENA BANK,WEBEL,7873,2215
DENA BANK,Wipro Ltd,10913,5543
DENA BANK,Yash Ornaments Pvt. Ltd,101,247
DENA BANK,Zephyr System Pvt.Ltd.,10521,4138
Delhi - ND DC,Smart Chip Limited,0,1
Delhi - North DC,CALANCE SOFTWARE PRIVATE LTD,0,1
Delhi - North DC,NVR & ASSOCIATES LIMITED,0,2
Delhi- West DC,VIRGO SOFTECH LIMITED,0,1
Department of Information Technology Govt of Jharkhand,Blue Circle Instrument,0,1
Department of Information Technology Govt of Jharkhand,Wipro Ltd,2,19
Dept of ITC Govt of Rajasthan,AKSH OPTIFIBRE LIMITED,10,16
Dept of ITC Govt of Rajasthan,ATISHAY INFOTECH PVT. LTD.,22,140
Dept of ITC Govt of Rajasthan,AVVAS INFOTECH PVT  LTD,4,99
Dept of ITC Govt of Rajasthan,Academy of Management Studies,380,39
Dept of ITC Govt of Rajasthan,Binary Systems,2,29
Dept of ITC Govt of Rajasthan,Business Information Processing Services,251,88
Dept of ITC Govt of Rajasthan,CMS Computers Ltd,498,313
Dept of ITC Govt of Rajasthan,COMTECH INSTITUTE OFTECHNOLOGY,680,189
Dept of ITC Govt of Rajasthan,DATASOFT COMPUTER SERVICES(P),992,361
Dept of ITC Govt of Rajasthan,FINANCIAL INFORMATION NETWORK,2764,1192
Dept of ITC Govt of Rajasthan,Gem Computers,0,2
Dept of ITC Govt of Rajasthan,Gujarat Infotech Ltd.,0,9
Dept of ITC Govt of Rajasthan,IAP COMPANY Pvt. Ltd,350,271
Dept of ITC Govt of Rajasthan,Karvy Data Management Services,983,660
Dept of ITC Govt of Rajasthan,M/s Sanish Choudhary,933,196
Dept of ITC Govt of Rajasthan,MEGHA VINCOM PVT LTD,877,456
Dept of ITC Govt of Rajasthan,Matrix Processing House,310,205
Dept of ITC Govt of Rajasthan,Multiwave Innovation,74,94
Dept of ITC Govt of Rajasthan,Netlink software Pvt Ltd,1,3
Dept of ITC Govt of Rajasthan,Osiris Infotech Pvt. Ltd.,4,41
Dept of ITC Govt of Rajasthan,Radiant Haroti Industries India Ltd,5,7
Dept of ITC Govt of Rajasthan,Radiant Info Systems Ltd,562,476
Dept of ITC Govt of Rajasthan,Rajcomp Info Services Ltd,1978,796
Dept of ITC Govt of Rajasthan,Ricoh India Limited,830,486
Dept of ITC Govt of Rajasthan,SAR Technology,1503,150
Dept of ITC Govt of Rajasthan,SREI INFRASTRUCTURE FINANCES L,38,12
Dept of ITC Govt of Rajasthan,TechSmart India Pvt Ltd,467,258
Dept of ITC Govt of Rajasthan,Transline Technologies P Ltd,202,548
Dept of ITC Govt of Rajasthan,UMC Technologies Pvt. Ltd,139,139
Dept of ITC Govt of Rajasthan,VFS Global Services Pvt. Ltd,57,45
Dept of ITC Govt of Rajasthan,VIRGO SOFTECH LIMITED,579,248
Dept of ITC Govt of Rajasthan,VISION COMPTECH INTEGRATOR LTD,0,1
Dept of ITC Govt of Rajasthan,Vakrangee Softwares Limited,2933,1506
Dept of ITC Govt of Rajasthan,Vayam technologies Ltd,17,48
FCR Govt of Haryana,4G INFORMATICS,157,71
FCR Govt of Haryana,Academy of Management Studies,527,185
FCR Govt of Haryana,District IT Society Ambala,79,62
FCR Govt of Haryana,District IT Society Bhiwani,765,86
FCR Govt of Haryana,District IT Society Faridabad,332,144
FCR Govt of Haryana,District IT Society Fatehabad,559,99
FCR Govt of Haryana,District IT Society Gurgaon,194,63
FCR Govt of Haryana,District IT Society Hisar,807,241
FCR Govt of Haryana,District IT Society Jhajjar,497,228
FCR Govt of Haryana,District IT Society Kaithal,802,220
FCR Govt of Haryana,District IT Society Karnal,154,87
FCR Govt of Haryana,District IT Society Kurukshetra,252,126
FCR Govt of Haryana,District IT Society Mahendragarh,428,96
FCR Govt of Haryana,District IT Society Mewat,545,229
FCR Govt of Haryana,District IT Society Palwal,602,392
FCR Govt of Haryana,District IT Society Panchkula,315,100
FCR Govt of Haryana,District IT Society Panipat,202,65
FCR Govt of Haryana,District IT Society Rewari,708,207
FCR Govt of Haryana,District IT Society Rohtak,311,225
FCR Govt of Haryana,District IT Society Sirsa,228,224
FCR Govt of Haryana,District IT Society Sonipat,318,119
FCR Govt of Haryana,District IT Society Yamuna Nagar,278,69
FCR Govt of Haryana,Radiant Info Systems Ltd,489,138
FCR Govt of Haryana,SoftAge Information Technology Limited,1622,874
FCR Govt of Haryana,Vakrangee Softwares Limited,0,1
FCR Govt of Haryana,Vayam technologies Ltd,28,113
FCS Govt of Punjab,District Sukhmani Society  Jalandhar  Punjab,118,82
FCS Govt of Punjab,District Sukhmani Society  Ludhiana  Punjab,424,102
FCS Govt of Punjab,District Sukhmani Society  Moga  Punjab,223,78
FCS Govt of Punjab,District Sukhmani Society Amritsar Punjab,489,181
FCS Govt of Punjab,District Sukhmani Society Barnala Punjab,100,48
FCS Govt of Punjab,District Sukhmani Society Bathinda Punjab,311,121
FCS Govt of Punjab,District Sukhmani Society Fatehgarh Sahib Punjab,127,62
FCS Govt of Punjab,District Sukhmani Society Fazilka Punjab,211,53
FCS Govt of Punjab,District Sukhmani Society Ferozepur Punjab,88,42
FCS Govt of Punjab,District Sukhmani Society For Citizen Services Mansa Punjab,271,102
FCS Govt of Punjab,District Sukhmani Society For Citizen Services Nawanshahr Punjab,212,63
FCS Govt of Punjab,District Sukhmani Society For Citizen Services SAS Nagar District e-Governance Society Punjab,107,37
FCS Govt of Punjab,District Sukhmani Society Pathankot Punjab,43,32
FCS Govt of Punjab,District Sukhmani Society Patiala Punjab,124,54
FCS Govt of Punjab,District Sukhmani Society Rupnagar Punjab,143,67
FCS Govt of Punjab,District Sukhmani Society Sangrur Punjab,240,97
FCS Govt of Punjab,District Sukhmani Society Sri Muktsar Sahib Punjab,211,59
FCS Govt of Punjab,District Sukhmani Society Tarn Taran Punjab,274,72
FCS Govt of Punjab,Karvy Computershare Private Li,301,208
FCS Govt of Punjab,Sukhmani Society For Citizen Services  Kapurthala  Punjab,42,32
FCS Govt of Punjab,Sukhmani Society For Citizen Services Gurdaspur Punjab,11,17
FCS Govt of Punjab,Sukhmani Society For Citizens Services Faridkot Punjab,129,50
FCS Govt of Punjab,Suwidha Society Hoshiarpur Punjab,258,33
FCS Govt of Punjab,Vayam technologies Ltd,640,151
FCS Govt of Punjab,eCentric solutions pvt ltd,79,74
Govt of Andhra Pradesh,Gouthami Educational Society,0,3
Govt of Andhra Pradesh,GrapeSoft,0,7
Govt of Andhra Pradesh,IL&FS LTD,0,10
Govt of Andhra Pradesh,INFRONICS SYSTEMS LTD,0,4
Govt of Andhra Pradesh,Madras Security Printers Ltd,0,7
Govt of Andhra Pradesh,Smart Chip Limited,0,1
Govt of Andhra Pradesh,TechSmart India Pvt Ltd,7,4
Govt of Andhra Pradesh,Tera Software Ltd,0,9
Govt of Andhra Pradesh,eCentric solutions pvt ltd,0,10
Govt of Gujarat,GSS Infotech Ltd,781,93
Govt of Gujarat,Karvy Computershare Private Li,8750,1227
Govt of Gujarat,Silver Touch Technologies Ltd,2161,569
Govt of Gujarat,Tera Software Ltd,2474,387
Govt of Gujarat,Transline Technologies P Ltd,4,7
Govt of Gujarat,Vayam technologies Ltd,32,57
Govt of Gujarat,eCentric solutions pvt ltd,560,82
Govt of Himachal Pradesh,Wipro Ltd,0,1
Govt of Himachal Pradesh,i-Grandee SoftwareTechnologies,12,54
Govt of Karnataka ,COMAT TECHNOLOGIES P LTD,0,2
Govt of Karnataka ,Centre for e-Governance  GOK,53,17
Govt of Karnataka ,EDCS GOK,1154,533
Govt of Karnataka ,MARS Telecom Systems Pvt Ltd,0,5
Govt of Karnataka ,Ninestars Information Technologies Ltd,0,2
Govt of Karnataka ,Origin ITFS Pvt Ltd,0,1
Govt of Karnataka ,SREEVEN INFOCOM LIMITED,0,6
Govt of Kerala,Akshaya,6631,1115
Govt of Kerala,Keltron,92,14
Govt of Maharashtra,Alankit Finsec Ltd,0,16
Govt of Maharashtra,Eagle press pvt ltd,0,2
Govt of Maharashtra,Karvy Computershare Private Li,1,8
Govt of Maharashtra,M/S King Computer System pvt Ltd,104,48
Govt of Maharashtra,M/s. Vidya Online  Pune,46,24
Govt of Maharashtra,Narayana Electricals Solution Pvt Ltd,0,2
Govt of Maharashtra,Netlink software Pvt Ltd,0,2
Govt of Maharashtra,Rudranee Infotech Ltd,115,57
Govt of Maharashtra,SETU MAHARASHTRA,911,277
Govt of Maharashtra,SHREERAM PRINTING PRESS,781,97
Govt of Maharashtra,SILVER JUBILEE MOTORS LTD.,112,62
Govt of Maharashtra,SPANCO,0,2
Govt of Maharashtra,STRATEGIC OUTSOURCING SERVICE,10,2
Govt of Maharashtra,TechSmart India Pvt Ltd,0,1
Govt of Maharashtra,Tera Software Ltd,0,2
Govt of Maharashtra,Transline Technologies P Ltd,0,1
Govt of Maharashtra,Vidarbha Infotech Pvt Ltd,20,11
Govt of Maharashtra,Wipro Ltd,0,3
Govt of Sikkim - Dept of Econo,Department of Economics Statistics  Monitoring and Evaluation DESME,63,36
IDBI Bank ltd,ATISHAY INFOTECH PVT. LTD.,589,282
IDBI Bank ltd,Matrix Processing House,345,89
IDBI Bank ltd,SREEVEN INFOCOM LIMITED,1692,610
Indiapost,Delhi Integrated MMTS Ltd,0,1
Indiapost,Global Finsol Private Limited,0,1
Indiapost,MARS Telecom Systems Pvt Ltd,0,9
Indiapost,Smart Chip Limited,0,1
Information Technology & Communication Department,4G INFORMATICS,0,3
Information Technology & Communication Department,BNR UDYOG LIMITED,0,3
Information Technology & Communication Department,Bloom Solutions Pvt Ltd,0,3
Information Technology & Communication Department,CSS TECHNERGY LIMITED,0,1
Information Technology & Communication Department,Directorate of ESD,5260,4019
Information Technology & Communication Department,Karvy Data Management Services,0,1
Information Technology & Communication Department,MARS Telecom Systems Pvt Ltd,0,4
Information Technology & Communication Department,SREEVEN INFOCOM LIMITED,0,40
Information Technology & Communication Department,Tera Software Ltd,0,7
Jharkhand,VISION COMPTECH INTEGRATOR LTD,0,2
Jharkhand,Wipro Ltd,0,18
Mission Convergence - GNCT Del,NVR & ASSOCIATES LIMITED,0,1
NSDL e-Governance Infrastructure Limited,ATISHAY INFOTECH PVT. LTD.,21,80
NSDL e-Governance Infrastructure Limited,Abhipra Capital Ltd,225,368
NSDL e-Governance Infrastructure Limited,Alankit Assignments Limited,2,32
NSDL e-Governance Infrastructure Limited,Alankit Finsec Ltd,4485,1655
NSDL e-Governance Infrastructure Limited,Amar Constructions,1719,733
NSDL e-Governance Infrastructure Limited,COMTECHINFO SOLUTIONS PVT.LTD,5,12
NSDL e-Governance Infrastructure Limited,Gujarat Infotech Ltd.,7845,3932
NSDL e-Governance Infrastructure Limited,Gundal Infotech Private Limited,0,3
NSDL e-Governance Infrastructure Limited,IAP COMPANY Pvt. Ltd,50,46
NSDL e-Governance Infrastructure Limited,INTEGRATED REGISTRY SERVICES LTD,0,1
NSDL e-Governance Infrastructure Limited,Karvy Consultants Limited,68,49
NSDL e-Governance Infrastructure Limited,Karvy Data Management Services,49123,18032
NSDL e-Governance Infrastructure Limited,N.K. Sharma Enterprises Ltd.,671,267
NSDL e-Governance Infrastructure Limited,Netlink software Pvt Ltd,1174,774
NSDL e-Governance Infrastructure Limited,Offshoot Agency Pvt. Ltd.,3469,1950
NSDL e-Governance Infrastructure Limited,Ojus G Enterprises,559,809
NSDL e-Governance Infrastructure Limited,PROWIZ MANSYTEMS PVT LTD,0,13
NSDL e-Governance Infrastructure Limited,Promind Solutions P Limited,4693,1672
NSDL e-Governance Infrastructure Limited,RELIGARE SECURITIES LTD,2794,1704
NSDL e-Governance Infrastructure Limited,Ricoh India Limited,6749,3405
NSDL e-Governance Infrastructure Limited,S.J. Technologies,557,55
NSDL e-Governance Infrastructure Limited,SNR Edatas Pvt Ltd,5,37
NSDL e-Governance Infrastructure Limited,Sri Ramraja Sarkar Lok Kalyan Trust,5095,1315
NSDL e-Governance Infrastructure Limited,Utility Forms Pvt Ltd,691,610
NSDL e-Governance Infrastructure Limited,VIRGO SOFTECH LIMITED,6693,3310
Oriental Bank of Commerce,Alankit Limited,0,1
Oriental Bank of Commerce,DATASOFT COMPUTER SERVICES(P),0,4
Oriental Bank of Commerce,JNET Technologies Pvt.Ltd,0,1
Oriental Bank of Commerce,Redim Software Technologies Pvt Ltd,1,0
Oriental Bank of Commerce,Sri Ramraja Sarkar Lok Kalyan Trust,0,17
Oriental Bank of Commerce,Wipro Ltd,1,0
Principal Revenue Commissioner  Dept of Revenue  Govt of MP,GDC Advertising Pvt. Limited,0,1
Principal Revenue Commissioner  Dept of Revenue  Govt of MP,K W Consulting P Ltd,0,3
Principal Revenue Commissioner  Dept of Revenue  Govt of MP,Vedavaag Systems Limited,0,2
Project Coordinator UID Project Madhya Pradesh,A I Soc for Electronics and Comp Tech,10297,3067
Project Coordinator UID Project Madhya Pradesh,DATASOFT COMPUTER SERVICES(P),498,178
Project Coordinator UID Project Madhya Pradesh,LYRA  CONSULTANCY SERVICE,1059,586
Project Coordinator UID Project Madhya Pradesh,MPOnline Limited,3402,1701
Project Coordinator UID Project Madhya Pradesh,Matrix Processing House,1729,242
Project Coordinator UID Project Madhya Pradesh,OSWAL COMPUTERS & CONSULTANTS,3396,1439
Project Coordinator UID Project Madhya Pradesh,Orion Security Solutions Private Ltd,1652,646
Project Coordinator UID Project Madhya Pradesh,Sixth Dimension Project Solutions Ltd,581,268
Punjab National Bank,Alankit Finsec Ltd,3990,1339
Punjab National Bank,Eagle Software India Pvt. Ltd,6220,1486
Punjab National Bank,MARS Telecom Systems Pvt Ltd,12,39
Punjab National Bank,Smart Chip Limited,2864,916
Punjab National Bank,Vayam technologies Ltd,4193,1534
Punjab and Sind Bank,Matrix Processing House,2328,709
Registrar General India - BEL,Manipur Electronics Dev Corp,979,144
Registrar General India BEL2,Bharat Electronics Limited,62,11
Registrar General India BEL2,Chinar Construction Company Prime agency,19,141
Registrar General India BEL2,Computer LAB,1,32
Registrar General India BEL2,Emdee Digitronics Pvt.Ltd.,4,8
Registrar General India BEL2,In Media Computer Services LLP,1381,162
Registrar General India BEL2,India Computer Technology,0,2
Registrar General India BEL2,Karvy Data Management Services,7373,756
Registrar General India BEL2,MACRO INFOTECH PVT LTD,15370,1728
Registrar General India BEL2,Madras Security Printers Ltd,477,377
Registrar General India BEL2,Manipur Electronics Dev Corp,168,91
Registrar General India BEL2,Multiwave Innovation,401,177
Registrar General India BEL2,Netlink software Pvt Ltd,150,21
Registrar General India BEL2,Nevaeh Technology Pvt. Ltd.,7,12
Registrar General India BEL2,Nielsen  India  Private Limited,0,3
Registrar General India BEL2,Om Softwares,0,7
Registrar General India BEL2,SNR Edatas Pvt Ltd,15968,4491
Registrar General India BEL2,SREI INFRASTRUCTURE FINANCES L,469,112
Registrar General India BEL2,Swathy Smartcards Hi-Tech Pvt,0,11
Registrar General India BEL2,Swiss Tech India Pvt Ltd,0,6
Registrar General India BEL2,Tera Software Ltd,893,107
Registrar General India BEL2,UNITED DATA SERVICES PRIVATE LIMITED,1760,386
Registrar General India BEL2,Urmila Info solution,0,1
Registrar General India BEL2,Vedavaag Systems Limited,4,19
Registrar General India BEL2,Viesa Technologies,8874,784
Registrar General India ECIL,AVVAS INFOTECH PVT  LTD,17,34
Registrar General India ECIL,BUSINESS INFORMATION PROCESSING SERVICES,7,2
Registrar General India ECIL,COMTECH INSTITUTE OFTECHNOLOGY,798,183
Registrar General India ECIL,COMTECHINFO SOLUTIONS PVT.LTD,1933,7063
Registrar General India ECIL,Chinar Construction Company Prime agency,3159,4952
Registrar General India ECIL,Clairvoyance Technologies Pvt.,140,165
Registrar General India ECIL,Computer LAB,19781,1475
Registrar General India ECIL,ECIL,0,1
Registrar General India ECIL,Eagle Software India Pvt. Ltd,15511,3143
Registrar General India ECIL,Emdee Digitronics Pvt.Ltd.,2518,474
Registrar General India ECIL,In Media Computer Services LLP,2762,792
Registrar General India ECIL,India Computer Technology,6791,1252
Registrar General India ECIL,Integrated Systems & Services,1235,34
Registrar General India ECIL,Karvy Data Management Services,979,2733
Registrar General India ECIL,Krishna Infotech,0,2
Registrar General India ECIL,LYRA  CONSULTANCY SERVICE,100,2
Registrar General India ECIL,Madras Security Printers Ltd,7903,1030
Registrar General India ECIL,Mphasis Ltd,0,7
Registrar General India ECIL,Nielsen  India  Private Limited,1,1
Registrar General India ECIL,Pioneer E Labs limited,0,1
Registrar General India ECIL,Quick Data IT Services Pvt Ltd,0,1
Registrar General India ECIL,SARADA SYSTEMS,10018,1112
Registrar General India ECIL,SWISSTECH NPR 57CR PROJECT PVT,2,16
Registrar General India ECIL,Tera Software Ltd,2,4
Registrar General India ECIL,The NSIC ltd,4565,488
Registrar General India ECIL,Vedavaag Systems Limited,35,187
Registrar General India ECIL,WEBEL TECHNOLOGY LIMITED,653,104
Registrar General India Others,COMTECHINFO SOLUTIONS PVT.LTD,13,1
Registrar General India Others,Tera Software Ltd,0,1
Registrar General India Others,Webx Technologies Private Limited,8,0
Registrar General of India ITI,Eagle Software India Pvt. Ltd,1,72
Registrar General of India ITI,Emdee Digitronics Pvt.Ltd.,7883,1662
Registrar General of India ITI,In Media Computer Services LLP,247,25
Registrar General of India ITI,Karvy Data Management Services,45,262
Registrar General of India ITI,Madras Security Printers Ltd,3057,907
Registrar General of India ITI,Netlink software Pvt Ltd,1202,350
Registrar General of India ITI,Nevaeh Technology Pvt. Ltd.,4,6
Registrar General of India ITI,Nielsen  India  Private Limited,0,3
Registrar General of India ITI,Quick Data IT Services Pvt Ltd,1,4
Registrar General of India ITI,SNR Edatas Pvt Ltd,254,387
Registrar General of India ITI,SREEVEN INFOCOM LIMITED,0,2
Registrar General of India ITI,Swathy Smartcards Hi-Tech Pvt,4,38
Registrar General of India ITI,TechSmart India Pvt Ltd,0,2
Registrar General of India ITI,VIRGO SOFTECH LIMITED,186,92
Registrar General of India ITI,WEBEL TECHNOLOGY LIMITED,7473,986
Registrar General of India ITI,Webx Technologies Private Limited,761,86
Rural Development Dept  Govt. of Bihar,Bloom Solutions Pvt Ltd,7370,1242
Rural Development Dept  Govt. of Bihar,Computer LAB,2919,550
Rural Development Dept  Govt. of Bihar,Emdee Digitronics Pvt.Ltd.,2859,385
Rural Development Dept  Govt. of Bihar,FINANCIAL INFORMATION NETWORK,8907,1366
Rural Development Dept  Govt. of Bihar,M2C Private Solution,2567,269
Rural Development Dept  Govt. of Bihar,MKS Enterprises,2832,158
Rural Development Dept  Govt. of Bihar,Orion Security Solutions Private Ltd,72,82
Rural Development Dept  Govt. of Bihar,Urmila Info solution,3154,1063
State Bank of India,CSS TECHNERGY LIMITED,0,1
State Bank of India,FINANCIAL INFORMATION NETWORK,14266,2222
State Bank of India,Silver Touch Technologies Ltd,1,4
State Bank of India,Smart Chip Limited,842,625
State Bank of India,Utility Forms Pvt Ltd,7891,1524
UIDAI-Registrar,UIDAI-EA,136,9
UT of Puducherry,Madras Security Printers Ltd,3,0
UTI Infrastructure Technology & Services Limited,Omnitech Infosolutions Ltd,1648,691
Union Bank,FINANCIAL INFORMATION NETWORK,25339,6027
Union Bank,Smart Chip Limited,89,157
Union Bank,Vakrangee Softwares Limited,22898,8886
