Registrar,Enrolment Agency,Aadhaar generated,Enrolment Rejected
Allahabad Bank,A-Onerealtors Pvt Ltd,5377,355
Allahabad Bank,Agro Tech Engineers,61,23
Allahabad Bank,Asha Security Guard Services,8401,711
Allahabad Bank,Ayush Enterprises,5,0
Allahabad Bank,Emdee Digitronics Pvt.Ltd.,1034,409
Allahabad Bank,MEGHA VINCOM PVT LTD,3427,225
Allahabad Bank,Nevaeh Technology Pvt. Ltd.,1441,269
Allahabad Bank,Ortem Securities Limited,213,5
Allahabad Bank,PROTEX COMPUTER PVT LTD,155,1
Allahabad Bank,Redim Software Technologies Pvt Ltd,672,114
Allahabad Bank,SGS INDIA PVT LTD,4377,524
Allahabad Bank,Sri Ramraja Sarkar Lok Kalyan Trust,17,11
Allahabad Bank,VAP INFOSOLUTIONS,2327,404
Allahabad Bank,Vakrangee Softwares Limited,0,1
Allahabad Bank,Vedavaag Systems Limited,2209,185
Atalji Janasnehi Directorate  Government of Karnataka,Atalji Janasnehi Directorate  GOK,6143,1715
Bank Of India,A3 Logics  India  Ltd,470,140
Bank Of India,Blue Circle Instrument,1,2
Bank Of India,CHESSY CONSULTANTS PVT LTD,26,5
Bank Of India,DATASOFT COMPUTER SERVICES(P),586,140
Bank Of India,Frontech Systems Pvt Ltd,405,50
Bank Of India,OSWAL COMPUTERS & CONSULTANTS,490,83
Bank Of India,PROTEX COMPUTER PVT LTD,454,88
Bank Of India,SARADA SYSTEMS,4909,158
Bank Of India,SHRIKRISHNA KHANDASARI SUGAR M,30,3
Bank Of India,SPANCO,0,1
Bank Of India,SREI INFRASTRUCTURE FINANCES L,7494,1263
Bank Of India,Systematic & Advance Const P L,0,3
Bank Of India,VEETECHNOLOGIES PVT. LTD,2554,574
Bank Of India,VIRGO SOFTECH LIMITED,10,0
Bank Of India,Vakrangee Softwares Limited,0,1
Bank of Baroda,Global Finsol Private Limited,66,44
Bank of Maharashtra,FINANCIAL INFORMATION NETWORK,0,1
Bank of Maharashtra,Tera Software Ltd,729,243
CSC e-Governance Services India Limited,A I Soc for Electronics and Comp Tech,16286,2725
CSC e-Governance Services India Limited,AKSH OPTIFIBRE LIMITED,22442,3403
CSC e-Governance Services India Limited,BASIX,11759,2386
CSC e-Governance Services India Limited,Binary Systems,1085,83
CSC e-Governance Services India Limited,Bloom Solutions Pvt Ltd,6049,523
CSC e-Governance Services India Limited,CALANCE SOFTWARE PRIVATE LTD,1183,294
CSC e-Governance Services India Limited,CHIPS,8113,1062
CSC e-Governance Services India Limited,CMS Computers Ltd,41789,6262
CSC e-Governance Services India Limited,CSC e-Governance Services India Limited,17382,2800
CSC e-Governance Services India Limited,Computer Print,1831,298
CSC e-Governance Services India Limited,Conatus Infocom Pvt. Ltd,518,65
CSC e-Governance Services India Limited,DATASOFT COMPUTER SERVICES(P),2647,565
CSC e-Governance Services India Limited,Gem Computers,28,37
CSC e-Governance Services India Limited,Home Life Buildcon Pvt Ltd,8983,786
CSC e-Governance Services India Limited,HyperSoft Technologies Ltd,13076,153
CSC e-Governance Services India Limited,IAP COMPANY Pvt. Ltd,33189,4033
CSC e-Governance Services India Limited,Janta Silikon Consortium,10364,511
CSC e-Governance Services India Limited,Jeevan Deep Charitable Society,7105,442
CSC e-Governance Services India Limited,K W Consulting P Ltd,4016,224
CSC e-Governance Services India Limited,MANTRA SOFTTECH (INDIA) PVTLTD,7117,274
CSC e-Governance Services India Limited,MEGHA VINCOM PVT LTD,2656,249
CSC e-Governance Services India Limited,Mahamritunjay Traders,7100,423
CSC e-Governance Services India Limited,Mahaonline Limited,4733,1154
CSC e-Governance Services India Limited,Murano India Pvt Ltd,1296,23
CSC e-Governance Services India Limited,NPS Technologies Pvt. Ltd,12521,1684
CSC e-Governance Services India Limited,NVR & ASSOCIATES LIMITED,1590,77
CSC e-Governance Services India Limited,National Cooperative Consumers Federation of India Limited,923,121
CSC e-Governance Services India Limited,Nekton IT India Pvt Ltd.,5181,513
CSC e-Governance Services India Limited,Network for Information & Computer,4002,429
CSC e-Governance Services India Limited,Promind Solutions P Limited,7638,484
CSC e-Governance Services India Limited,Radiant Haroti Industries India Ltd,21617,1528
CSC e-Governance Services India Limited,Raj Construction Co.,2707,60
CSC e-Governance Services India Limited,SPANCO,2477,368
CSC e-Governance Services India Limited,SRR Infotech,2417,356
CSC e-Governance Services India Limited,Sahaj e-Village Limited,11633,2180
CSC e-Governance Services India Limited,Sri Ramraja Sarkar Lok Kalyan Trust,8,28
CSC e-Governance Services India Limited,Super Printers,929,140
CSC e-Governance Services India Limited,Tera Software Ltd,6801,1142
CSC e-Governance Services India Limited,Twinstar Industries Ltd.,140,32
CSC e-Governance Services India Limited,United Telecoms e-Services Pvt Ltd,4851,1031
CSC e-Governance Services India Limited,VIKALP MULTIMEDIA,673,407
CSC e-Governance Services India Limited,VISION COMPTECH INTEGRATOR LTD,2058,234
CSC e-Governance Services India Limited,Vakrangee Softwares Limited,1,0
CSC e-Governance Services India Limited,Vayam technologies Ltd,8643,932
CSC e-Governance Services India Limited,Vedavaag Systems Limited,16426,1672
CSC e-Governance Services India Limited,Vigilant Corporate Services Pvt Ltd,44,8
CSC e-Governance Services India Limited,Yash Ornaments Pvt. Ltd,2866,212
CSC e-Governance Services India Limited,Zephyr System Pvt.Ltd.,12342,1824
Canara Bank,FINANCIAL INFORMATION NETWORK,18875,2446
Canara Bank,Karvy Data Management Services,11301,1510
Canara Bank,Ojus Healthcare Private Limited,566,54
Canara Bank,Osiris Infotech Pvt. Ltd.,2182,227
Canara Bank,Smart Chip Limited,646,212
Canara Bank,Virinchi Technologies Ltd,10970,615
Central Bank of India,IAP COMPANY Pvt. Ltd,0,2
Civil Supplies - A&N Islands,India Computer Technology,73,64
DENA BANK,77 Infosystems Pvt Ltd,2209,41
DENA BANK,A-Onerealtors Pvt Ltd,713,44
DENA BANK,APEX Services,4279,359
DENA BANK,AS International,982,95
DENA BANK,ATISHAY INFOTECH PVT. LTD.,4675,463
DENA BANK,AVVAS INFOTECH PVT  LTD,1609,516
DENA BANK,Advent Infomax Private Ltd,402,39
DENA BANK,Amar Constructions,3710,342
DENA BANK,Apnatech Consultancy Services Pvt Ltd,663,13
DENA BANK,Asha Security Guard Services,6313,459
DENA BANK,Asray Gram,930,68
DENA BANK,BNR UDYOG LIMITED,251,37
DENA BANK,Binary Systems,553,136
DENA BANK,Bloom Solutions Pvt Ltd,632,99
DENA BANK,Blue Circle Instrument,229,30
DENA BANK,Business Information Processing Services,925,153
DENA BANK,CALANCE SOFTWARE PRIVATE LTD,1589,419
DENA BANK,DATASOFT COMPUTER SERVICES(P),1210,208
DENA BANK,DEVASHISH SECURITIES PVT. LTD.,117,3
DENA BANK,Eagle Software India Pvt. Ltd,2940,211
DENA BANK,Emdee Digitronics Pvt.Ltd.,6,2
DENA BANK,FINANCIAL INFORMATION NETWORK,3638,742
DENA BANK,Gem Computers,855,76
DENA BANK,Gujarat Infotech Ltd.,1588,144
DENA BANK,HyperSoft Technologies Ltd,30,5
DENA BANK,IAP COMPANY Pvt. Ltd,5622,690
DENA BANK,India Computer Technology,383,207
DENA BANK,JNET Technologies Pvt.Ltd,244,50
DENA BANK,Jeevan Deep Charitable Society,190,3
DENA BANK,K W Consulting P Ltd,1527,168
DENA BANK,Lankipalli Integrated Services Private Limited,694,15
DENA BANK,M/S STAR DATA CENTRE,332,57
DENA BANK,M/s Gold Square Builders & Promoters Pvt. Ltd.,1243,249
DENA BANK,M2C Private Solution,16,11
DENA BANK,MARS Telecom Systems Pvt Ltd,3039,250
DENA BANK,MEGHA VINCOM PVT LTD,2962,483
DENA BANK,MKS Enterprises,179,38
DENA BANK,Make India Smart Private Limited,1783,359
DENA BANK,Multiwave Innovation,3288,347
DENA BANK,NVR & ASSOCIATES LIMITED,3166,652
DENA BANK,Netlink software Pvt Ltd,6054,759
DENA BANK,Nielsen  India  Private Limited,11808,2428
DENA BANK,Offshoot Agency Pvt. Ltd.,1395,140
DENA BANK,Ojus G Enterprises,686,21
DENA BANK,Om Softwares,8452,559
DENA BANK,Ortem Securities Limited,337,74
DENA BANK,Prodigy Systems and Services Private Limited,1,0
DENA BANK,Ricoh India Limited,2584,384
DENA BANK,SGS INDIA PVT LTD,4012,212
DENA BANK,Silver Touch Technologies Ltd,2166,234
DENA BANK,Sixth Dimension Project Solutions Ltd,383,45
DENA BANK,Soc for Advancement of Environ Science,816,81
DENA BANK,SoftAge Information Technology Limited,77,7
DENA BANK,Super Printers,6163,767
DENA BANK,Systematic & Advance Const P L,23,2
DENA BANK,TechSmart India Pvt Ltd,739,222
DENA BANK,Tera Software Ltd,51,14
DENA BANK,The NSIC ltd,967,26
DENA BANK,Transline Technologies P Ltd,115,22
DENA BANK,Utility Forms Pvt Ltd,161,63
DENA BANK,VAP INFOSOLUTIONS,4973,760
DENA BANK,VISION COMPTECH INTEGRATOR LTD,3683,516
DENA BANK,Vedavaag Systems Limited,3642,592
DENA BANK,Virinchi Technologies Ltd,6112,436
DENA BANK,WEBEL,6591,681
DENA BANK,Wipro Ltd,8746,3350
DENA BANK,Yash Ornaments Pvt. Ltd,355,40
DENA BANK,Zephyr System Pvt.Ltd.,13400,1982
Delhi - Central DC,Smart Chip Limited,1,0
Department of Information Technology Govt of Jharkhand,Wipro Ltd,1,1
Dept of ITC Govt of Rajasthan,AKSH OPTIFIBRE LIMITED,81,2
Dept of ITC Govt of Rajasthan,ATISHAY INFOTECH PVT. LTD.,119,105
Dept of ITC Govt of Rajasthan,AVVAS INFOTECH PVT  LTD,0,19
Dept of ITC Govt of Rajasthan,Academy of Management Studies,209,9
Dept of ITC Govt of Rajasthan,Binary Systems,4,0
Dept of ITC Govt of Rajasthan,Business Information Processing Services,36,22
Dept of ITC Govt of Rajasthan,CMS Computers Ltd,1526,191
Dept of ITC Govt of Rajasthan,COMTECH INSTITUTE OFTECHNOLOGY,239,156
Dept of ITC Govt of Rajasthan,DATASOFT COMPUTER SERVICES(P),954,159
Dept of ITC Govt of Rajasthan,FINANCIAL INFORMATION NETWORK,1730,1351
Dept of ITC Govt of Rajasthan,Gem Computers,0,1
Dept of ITC Govt of Rajasthan,Gujarat Infotech Ltd.,1,2
Dept of ITC Govt of Rajasthan,IAP COMPANY Pvt. Ltd,395,56
Dept of ITC Govt of Rajasthan,Karvy Data Management Services,2248,177
Dept of ITC Govt of Rajasthan,M/s Sanish Choudhary,1129,72
Dept of ITC Govt of Rajasthan,MEGHA VINCOM PVT LTD,974,122
Dept of ITC Govt of Rajasthan,Matrix Processing House,496,57
Dept of ITC Govt of Rajasthan,Multiwave Innovation,55,29
Dept of ITC Govt of Rajasthan,Osiris Infotech Pvt. Ltd.,30,8
Dept of ITC Govt of Rajasthan,Radiant Info Systems Ltd,530,58
Dept of ITC Govt of Rajasthan,Rajcomp Info Services Ltd,1369,77
Dept of ITC Govt of Rajasthan,Ricoh India Limited,770,95
Dept of ITC Govt of Rajasthan,SAR Technology,140,79
Dept of ITC Govt of Rajasthan,SREI INFRASTRUCTURE FINANCES L,19,2
Dept of ITC Govt of Rajasthan,TechSmart India Pvt Ltd,779,113
Dept of ITC Govt of Rajasthan,Transline Technologies P Ltd,1027,228
Dept of ITC Govt of Rajasthan,UMC Technologies Pvt. Ltd,75,38
Dept of ITC Govt of Rajasthan,VFS Global Services Pvt. Ltd,376,5
Dept of ITC Govt of Rajasthan,VIRGO SOFTECH LIMITED,546,72
Dept of ITC Govt of Rajasthan,Vakrangee Softwares Limited,2166,425
Dept of ITC Govt of Rajasthan,Vayam technologies Ltd,34,19
FCR Govt of Haryana,4G INFORMATICS,222,30
FCR Govt of Haryana,Academy of Management Studies,648,90
FCR Govt of Haryana,District IT Society Ambala,932,126
FCR Govt of Haryana,District IT Society Bhiwani,707,75
FCR Govt of Haryana,District IT Society Faridabad,407,107
FCR Govt of Haryana,District IT Society Fatehabad,721,57
FCR Govt of Haryana,District IT Society Gurgaon,151,47
FCR Govt of Haryana,District IT Society Hisar,754,106
FCR Govt of Haryana,District IT Society Jhajjar,565,127
FCR Govt of Haryana,District IT Society Kaithal,660,110
FCR Govt of Haryana,District IT Society Karnal,335,47
FCR Govt of Haryana,District IT Society Kurukshetra,343,49
FCR Govt of Haryana,District IT Society Mahendragarh,702,54
FCR Govt of Haryana,District IT Society Mewat,705,77
FCR Govt of Haryana,District IT Society Palwal,811,171
FCR Govt of Haryana,District IT Society Panchkula,412,40
FCR Govt of Haryana,District IT Society Panipat,180,47
FCR Govt of Haryana,District IT Society Rewari,880,64
FCR Govt of Haryana,District IT Society Rohtak,1073,101
FCR Govt of Haryana,District IT Society Sirsa,1079,132
FCR Govt of Haryana,District IT Society Sonipat,371,109
FCR Govt of Haryana,District IT Society Yamuna Nagar,188,61
FCR Govt of Haryana,Radiant Info Systems Ltd,311,54
FCR Govt of Haryana,SoftAge Information Technology Limited,2144,233
FCR Govt of Haryana,Vayam technologies Ltd,335,52
FCS Govt of Punjab,District Sukhmani Society  Jalandhar  Punjab,171,28
FCS Govt of Punjab,District Sukhmani Society  Ludhiana  Punjab,445,70
FCS Govt of Punjab,District Sukhmani Society  Moga  Punjab,153,13
FCS Govt of Punjab,District Sukhmani Society Amritsar Punjab,103,87
FCS Govt of Punjab,District Sukhmani Society Barnala Punjab,128,36
FCS Govt of Punjab,District Sukhmani Society Bathinda Punjab,266,15
FCS Govt of Punjab,District Sukhmani Society Fatehgarh Sahib Punjab,441,19
FCS Govt of Punjab,District Sukhmani Society Fazilka Punjab,126,22
FCS Govt of Punjab,District Sukhmani Society Ferozepur Punjab,89,10
FCS Govt of Punjab,District Sukhmani Society For Citizen Services Mansa Punjab,219,68
FCS Govt of Punjab,District Sukhmani Society For Citizen Services Nawanshahr Punjab,158,34
FCS Govt of Punjab,District Sukhmani Society For Citizen Services SAS Nagar District e-Governance Society Punjab,135,21
FCS Govt of Punjab,District Sukhmani Society Pathankot Punjab,63,18
FCS Govt of Punjab,District Sukhmani Society Patiala Punjab,207,32
FCS Govt of Punjab,District Sukhmani Society Rupnagar Punjab,334,93
FCS Govt of Punjab,District Sukhmani Society Sangrur Punjab,122,44
FCS Govt of Punjab,District Sukhmani Society Sri Muktsar Sahib Punjab,246,16
FCS Govt of Punjab,District Sukhmani Society Tarn Taran Punjab,29,17
FCS Govt of Punjab,Karvy Computershare Private Li,877,108
FCS Govt of Punjab,Sukhmani Society For Citizen Services  Kapurthala  Punjab,89,8
FCS Govt of Punjab,Sukhmani Society For Citizen Services Gurdaspur Punjab,8,4
FCS Govt of Punjab,Sukhmani Society For Citizens Services Faridkot Punjab,92,16
FCS Govt of Punjab,Suwidha Society Hoshiarpur Punjab,179,12
FCS Govt of Punjab,Vayam technologies Ltd,423,67
FCS Govt of Punjab,eCentric solutions pvt ltd,191,34
Govt of Andhra Pradesh,Gouthami Educational Society,0,2
Govt of Andhra Pradesh,GrapeSoft,1,0
Govt of Andhra Pradesh,IL&FS LTD,0,1
Govt of Andhra Pradesh,INFRONICS SYSTEMS LTD,1,5
Govt of Andhra Pradesh,TechSmart India Pvt Ltd,2,2
Govt of Gujarat,GSS Infotech Ltd,1240,79
Govt of Gujarat,Karvy Computershare Private Li,3440,448
Govt of Gujarat,Silver Touch Technologies Ltd,1139,84
Govt of Gujarat,Tera Software Ltd,4149,93
Govt of Gujarat,Transline Technologies P Ltd,60,4
Govt of Gujarat,Vayam technologies Ltd,61,31
Govt of Gujarat,eCentric solutions pvt ltd,78,15
Govt of Himachal Pradesh,Wipro Ltd,0,21
Govt of Himachal Pradesh,i-Grandee SoftwareTechnologies,314,10
Govt of Karnataka ,Centre for e-Governance  GOK,66,10
Govt of Karnataka ,EDCS GOK,2218,242
Govt of Karnataka ,MARS Telecom Systems Pvt Ltd,0,1
Govt of Karnataka ,Origin ITFS Pvt Ltd,0,3
Govt of Kerala,Akshaya,11762,376
Govt of Kerala,Keltron,10,2
Govt of Maharashtra,Alankit Finsec Ltd,0,1
Govt of Maharashtra,GLODYNE TECHNOSERVE,1,1
Govt of Maharashtra,M/S King Computer System pvt Ltd,187,17
Govt of Maharashtra,M/s. Vidya Online  Pune,194,4
Govt of Maharashtra,Network for Information & Computer,0,1
Govt of Maharashtra,Rudranee Infotech Ltd,17,2
Govt of Maharashtra,SETU MAHARASHTRA,1103,131
Govt of Maharashtra,SHREERAM PRINTING PRESS,168,31
Govt of Maharashtra,SILVER JUBILEE MOTORS LTD.,176,22
Govt of Maharashtra,STRATEGIC OUTSOURCING SERVICE,0,1
Govt of Maharashtra,Tera Software Ltd,0,1
Govt of Maharashtra,Transline Technologies P Ltd,0,1
Govt of Maharashtra,Vidarbha Infotech Pvt Ltd,22,8
Govt of Sikkim - Dept of Econo,Department of Economics Statistics  Monitoring and Evaluation DESME,172,33
IDBI Bank ltd,ATISHAY INFOTECH PVT. LTD.,554,152
IDBI Bank ltd,Matrix Processing House,942,147
IDBI Bank ltd,SREEVEN INFOCOM LIMITED,1802,166
Indiapost,Vayam technologies Ltd,1,1
Information Technology & Communication Department,Directorate of ESD,7757,1348
Information Technology & Communication Department,JYOTHI COMPUTER SERVICES,0,4
Information Technology & Communication Department,MARS Telecom Systems Pvt Ltd,0,2
Information Technology & Communication Department,SREEVEN INFOCOM LIMITED,0,2
Jharkhand,MKS Enterprises,0,1
Jharkhand,Wipro Ltd,0,2
NSDL e-Governance Infrastructure Limited,ATISHAY INFOTECH PVT. LTD.,226,104
NSDL e-Governance Infrastructure Limited,Abhipra Capital Ltd,705,166
NSDL e-Governance Infrastructure Limited,Alankit Assignments Limited,0,3
NSDL e-Governance Infrastructure Limited,Alankit Finsec Ltd,3360,670
NSDL e-Governance Infrastructure Limited,Amar Constructions,2227,176
NSDL e-Governance Infrastructure Limited,COMTECHINFO SOLUTIONS PVT.LTD,6,0
NSDL e-Governance Infrastructure Limited,Gujarat Infotech Ltd.,7471,799
NSDL e-Governance Infrastructure Limited,Gundal Infotech Private Limited,3,0
NSDL e-Governance Infrastructure Limited,IAP COMPANY Pvt. Ltd,175,9
NSDL e-Governance Infrastructure Limited,Karvy Consultants Limited,165,25
NSDL e-Governance Infrastructure Limited,Karvy Data Management Services,91486,9504
NSDL e-Governance Infrastructure Limited,N.K. Sharma Enterprises Ltd.,541,60
NSDL e-Governance Infrastructure Limited,Netlink software Pvt Ltd,1432,384
NSDL e-Governance Infrastructure Limited,Offshoot Agency Pvt. Ltd.,4227,388
NSDL e-Governance Infrastructure Limited,Ojus G Enterprises,1118,264
NSDL e-Governance Infrastructure Limited,PROWIZ MANSYTEMS PVT LTD,0,2
NSDL e-Governance Infrastructure Limited,Promind Solutions P Limited,5676,584
NSDL e-Governance Infrastructure Limited,RELIGARE SECURITIES LTD,5582,331
NSDL e-Governance Infrastructure Limited,Radiant Haroti Industries India Ltd,2,1
NSDL e-Governance Infrastructure Limited,Ricoh India Limited,8021,1104
NSDL e-Governance Infrastructure Limited,S.J. Technologies,544,11
NSDL e-Governance Infrastructure Limited,SNR Edatas Pvt Ltd,2,2
NSDL e-Governance Infrastructure Limited,Sri Ramraja Sarkar Lok Kalyan Trust,6026,321
NSDL e-Governance Infrastructure Limited,Utility Forms Pvt Ltd,1479,195
NSDL e-Governance Infrastructure Limited,VIRGO SOFTECH LIMITED,5600,815
Oriental Bank of Commerce,DATASOFT COMPUTER SERVICES(P),1,0
Oriental Bank of Commerce,Wipro Ltd,1,0
Principal Revenue Commissioner  Dept of Revenue  Govt of MP,Vedavaag Systems Limited,0,1
Project Coordinator UID Project Madhya Pradesh,A I Soc for Electronics and Comp Tech,16325,2682
Project Coordinator UID Project Madhya Pradesh,DATASOFT COMPUTER SERVICES(P),736,112
Project Coordinator UID Project Madhya Pradesh,LYRA  CONSULTANCY SERVICE,3709,589
Project Coordinator UID Project Madhya Pradesh,MPOnline Limited,2022,493
Project Coordinator UID Project Madhya Pradesh,Matrix Processing House,1066,145
Project Coordinator UID Project Madhya Pradesh,OSWAL COMPUTERS & CONSULTANTS,5502,1128
Project Coordinator UID Project Madhya Pradesh,Orion Security Solutions Private Ltd,4558,412
Project Coordinator UID Project Madhya Pradesh,Sixth Dimension Project Solutions Ltd,1640,185
Punjab National Bank,Alankit Finsec Ltd,5382,797
Punjab National Bank,Eagle Software India Pvt. Ltd,4782,1278
Punjab National Bank,MARS Telecom Systems Pvt Ltd,6,6
Punjab National Bank,Smart Chip Limited,2603,627
Punjab National Bank,Vayam technologies Ltd,3468,305
Punjab and Sind Bank,Matrix Processing House,3278,267
Registrar General India - BEL,Manipur Electronics Dev Corp,700,53
Registrar General India BEL2,Bharat Electronics Limited,40,1
Registrar General India BEL2,Chinar Construction Company Prime agency,263,13
Registrar General India BEL2,Emdee Digitronics Pvt.Ltd.,80,3
Registrar General India BEL2,In Media Computer Services LLP,764,35
Registrar General India BEL2,India Computer Technology,0,1
Registrar General India BEL2,Karvy Data Management Services,5342,223
Registrar General India BEL2,MACRO INFOTECH PVT LTD,14864,281
Registrar General India BEL2,Madras Security Printers Ltd,177,30
Registrar General India BEL2,Manipur Electronics Dev Corp,586,18
Registrar General India BEL2,Multiwave Innovation,208,8
Registrar General India BEL2,Netlink software Pvt Ltd,3,19
Registrar General India BEL2,Nevaeh Technology Pvt. Ltd.,8,1
Registrar General India BEL2,Nielsen  India  Private Limited,0,2
Registrar General India BEL2,SNR Edatas Pvt Ltd,15757,655
Registrar General India BEL2,SREI INFRASTRUCTURE FINANCES L,147,10
Registrar General India BEL2,STRATEGIC OUTSOURCING SERVICE,1,0
Registrar General India BEL2,Swathy Smartcards Hi-Tech Pvt,0,3
Registrar General India BEL2,Swiss Tech India Pvt Ltd,0,12
Registrar General India BEL2,Tera Software Ltd,2565,6
Registrar General India BEL2,UNITED DATA SERVICES PRIVATE LIMITED,0,55
Registrar General India BEL2,Vedavaag Systems Limited,7,3
Registrar General India BEL2,Viesa Technologies,5523,150
Registrar General India ECIL,AVVAS INFOTECH PVT  LTD,4,13
Registrar General India ECIL,BUSINESS INFORMATION PROCESSING SERVICES,29,7
Registrar General India ECIL,COMTECHINFO SOLUTIONS PVT.LTD,1516,265
Registrar General India ECIL,Chinar Construction Company Prime agency,622,308
Registrar General India ECIL,Clairvoyance Technologies Pvt.,281,11
Registrar General India ECIL,Computer LAB,2065,466
Registrar General India ECIL,ECIL,10,0
Registrar General India ECIL,Eagle Software India Pvt. Ltd,1218,945
Registrar General India ECIL,Emdee Digitronics Pvt.Ltd.,3180,93
Registrar General India ECIL,In Media Computer Services LLP,5679,318
Registrar General India ECIL,India Computer Technology,5062,418
Registrar General India ECIL,Integrated Systems & Services,1,3
Registrar General India ECIL,Karvy Data Management Services,1444,109
Registrar General India ECIL,LYRA  CONSULTANCY SERVICE,8,2
Registrar General India ECIL,Madras Security Printers Ltd,672,334
Registrar General India ECIL,Nielsen  India  Private Limited,0,3
Registrar General India ECIL,Pioneer E Labs limited,0,1
Registrar General India ECIL,SARADA SYSTEMS,4206,184
Registrar General India ECIL,SWISSTECH NPR 57CR PROJECT PVT,5,1
Registrar General India ECIL,Tera Software Ltd,1,1
Registrar General India ECIL,The NSIC ltd,3606,13
Registrar General India ECIL,Vedavaag Systems Limited,498,117
Registrar General India ECIL,WEBEL TECHNOLOGY LIMITED,3779,70
Registrar General India Others,Clairvoyance Technologies Pvt.,3,1
Registrar General of India ITI,Eagle Software India Pvt. Ltd,698,21
Registrar General of India ITI,Emdee Digitronics Pvt.Ltd.,9425,303
Registrar General of India ITI,In Media Computer Services LLP,1868,119
Registrar General of India ITI,Karvy Data Management Services,292,23
Registrar General of India ITI,Madras Security Printers Ltd,3810,341
Registrar General of India ITI,Netlink software Pvt Ltd,435,93
Registrar General of India ITI,Quick Data IT Services Pvt Ltd,1,1
Registrar General of India ITI,SNR Edatas Pvt Ltd,63,43
Registrar General of India ITI,STRATEGIC OUTSOURCING SERVICE,0,1
Registrar General of India ITI,Swathy Smartcards Hi-Tech Pvt,0,32
Registrar General of India ITI,TechSmart India Pvt Ltd,0,1
Registrar General of India ITI,VIRGO SOFTECH LIMITED,0,15
Registrar General of India ITI,WEBEL TECHNOLOGY LIMITED,3509,186
Registrar General of India ITI,Webx Technologies Private Limited,156,7
Rural Development Dept  Govt. of Bihar,Bloom Solutions Pvt Ltd,2309,389
Rural Development Dept  Govt. of Bihar,Computer LAB,3198,250
Rural Development Dept  Govt. of Bihar,Emdee Digitronics Pvt.Ltd.,194,229
Rural Development Dept  Govt. of Bihar,FINANCIAL INFORMATION NETWORK,3494,1414
Rural Development Dept  Govt. of Bihar,M2C Private Solution,568,275
Rural Development Dept  Govt. of Bihar,MKS Enterprises,195,53
Rural Development Dept  Govt. of Bihar,Orion Security Solutions Private Ltd,1532,58
Rural Development Dept  Govt. of Bihar,Urmila Info solution,1398,236
State Bank of Bikaner & Jaipur,Multiwave Innovation,0,2
State Bank of India,FINANCIAL INFORMATION NETWORK,12887,1133
State Bank of India,Silver Touch Technologies Ltd,8,0
State Bank of India,Smart Chip Limited,1231,237
State Bank of India,Utility Forms Pvt Ltd,6226,575
UIDAI-Registrar,UIDAI-EA,100,8
UTI Infrastructure Technology & Services Limited,Omnitech Infosolutions Ltd,1586,133
Union Bank,FINANCIAL INFORMATION NETWORK,18932,3472
Union Bank,Smart Chip Limited,127,34
Union Bank,Vakrangee Softwares Limited,38446,4357
