Registrar,Enrolment Agency,Aadhaar generated,Enrolment Rejected
Allahabad Bank,IL&FS LTD,1,0
Allahabad Bank,Vakrangee Softwares Limited,37,0
Bank Of India,A3 Logics  India  Ltd,3234,175
Bank Of India,Akanksha International,10,0
Bank Of India,Blue Circle Instrument,6093,68
Bank Of India,CHESSY CONSULTANTS PVT LTD,130,2
Bank Of India,DATASOFT COMPUTER SERVICES(P),9482,217
Bank Of India,Emdee Digitronics Pvt.Ltd.,4113,49
Bank Of India,Frontech Systems Pvt Ltd,686,23
Bank Of India,MANTRA SOFTTECH (INDIA) PVTLTD,5,0
Bank Of India,Matrix Processing House,76,0
Bank Of India,OSWAL COMPUTERS & CONSULTANTS,1294,59
Bank Of India,PROTEX COMPUTER PVT LTD,2212,74
Bank Of India,SARADA SYSTEMS,3837,58
Bank Of India,SHRIKRISHNA KHANDASARI SUGAR M,2811,45
Bank Of India,SPANCO,47,1
Bank Of India,SREI INFRASTRUCTURE FINANCES L,17654,426
Bank Of India,Silver Touch Technologies Ltd,22,0
Bank Of India,Systematic & Advance Const P L,13,0
Bank Of India,VEETECHNOLOGIES PVT. LTD,1759,400
Bank Of India,VIRGO SOFTECH LIMITED,1,0
Bank Of India,Vakrangee Softwares Limited,14,0
Bank of Baroda,DATASOFT COMPUTER SERVICES(P),23,0
Bank of Baroda,Global Finsol Private Limited,546,15
Bank of Baroda,IL&FS LTD,1,0
Bank of Maharashtra,FINANCIAL INFORMATION NETWORK,95,21
Bank of Maharashtra,Micro Technologies India Ltd,56,8
Bank of Maharashtra,Tera Software Ltd,1573,157
CSC e-Governance Services India Limited,A I Soc for Electronics and Comp Tech,7131,338
CSC e-Governance Services India Limited,AKSH OPTIFIBRE LIMITED,2559,95
CSC e-Governance Services India Limited,BASIX,3295,240
CSC e-Governance Services India Limited,CALANCE SOFTWARE PRIVATE LTD,102,4
CSC e-Governance Services India Limited,CMS Computers Ltd,8157,415
CSC e-Governance Services India Limited,CSC e-Governance Services India Limited,1441,83
CSC e-Governance Services India Limited,Intelligent Communication Sys India Ltd,104,45
CSC e-Governance Services India Limited,MANTRA SOFTTECH (INDIA) PVTLTD,4011,76
CSC e-Governance Services India Limited,Mahaonline Limited,919,22
CSC e-Governance Services India Limited,Nekton IT India Pvt Ltd.,104,46
CSC e-Governance Services India Limited,Network for Information & Computer,1652,105
CSC e-Governance Services India Limited,Reliance Communication Limited,2,0
CSC e-Governance Services India Limited,SPANCO,2410,146
CSC e-Governance Services India Limited,Sahaj e-Village Limited,1900,68
CSC e-Governance Services India Limited,Tera Software Ltd,284,11
CSC e-Governance Services India Limited,United Telecoms e-Services Pvt Ltd,2664,285
CSC e-Governance Services India Limited,VIKALP MULTIMEDIA,1380,120
CSC e-Governance Services India Limited,Vakrangee Softwares Limited,19,8
CSC e-Governance Services India Limited,Vayam technologies Ltd,3855,53
CSC e-Governance Services India Limited,Vedavaag Systems Limited,3280,80
CSC e-Governance Services India Limited,Zephyr System Pvt.Ltd.,5517,129
Canara Bank,FINANCIAL INFORMATION NETWORK,8386,211
Canara Bank,Karvy Data Management Services,13277,407
Canara Bank,Ojus Healthcare Private Limited,74,19
Canara Bank,Osiris Infotech Pvt. Ltd.,845,35
Canara Bank,Smart Chip Limited,11021,506
Canara Bank,Virinchi Technologies Ltd,494,8
Central Bank of India,CALANCE SOFTWARE PRIVATE LTD,91,4
Central Bank of India,IAP COMPANY Pvt. Ltd,259,10
Central Bank of India,IL&FS LTD,45,0
Central Bank of India,MANTRA SOFTTECH (INDIA) PVTLTD,1,0
Central Bank of India,The Peerless General Finance,47,2
DENA BANK,APEX Services,1230,22
DENA BANK,ATISHAY INFOTECH PVT. LTD.,6885,82
DENA BANK,AVVAS INFOTECH PVT  LTD,9628,143
DENA BANK,Asha Security Guard Services,6400,122
DENA BANK,BNR UDYOG LIMITED,3657,20
DENA BANK,Binary Systems,3280,100
DENA BANK,Bloom Solutions Pvt Ltd,18196,620
DENA BANK,Blue Circle Instrument,1689,18
DENA BANK,Business Information Processing Services,2637,105
DENA BANK,CALANCE SOFTWARE PRIVATE LTD,4801,88
DENA BANK,DATASOFT COMPUTER SERVICES(P),4811,113
DENA BANK,DEVASHISH SECURITIES PVT. LTD.,118,6
DENA BANK,Eagle Software India Pvt. Ltd,7204,137
DENA BANK,FINANCIAL INFORMATION NETWORK,13417,176
DENA BANK,Gem Computers,5128,119
DENA BANK,Gujarat Infotech Ltd.,1202,6
DENA BANK,IAP COMPANY Pvt. Ltd,40753,687
DENA BANK,India Computer Technology,1531,40
DENA BANK,JNET Technologies Pvt.Ltd,2761,37
DENA BANK,K W Consulting P Ltd,3205,225
DENA BANK,M/S STAR DATA CENTRE,2584,22
DENA BANK,M/s Gold Square Builders & Promoters Pvt. Ltd.,6061,390
DENA BANK,MARS Telecom Systems Pvt Ltd,3299,28
DENA BANK,MEGHA VINCOM PVT LTD,20811,203
DENA BANK,MKS Enterprises,3386,86
DENA BANK,Make India Smart Private Limited,3308,209
DENA BANK,Multiwave Innovation,7724,186
DENA BANK,NVR & ASSOCIATES LIMITED,4834,227
DENA BANK,Narayana Electricals Solution Pvt Ltd,6,0
DENA BANK,Netlink software Pvt Ltd,8247,264
DENA BANK,Nielsen  India  Private Limited,25622,683
DENA BANK,Offshoot Agency Pvt. Ltd.,2382,144
DENA BANK,Ortem Securities Limited,1204,42
DENA BANK,Prodigy Systems and Services Private Limited,13,17
DENA BANK,Radiant Haroti Industries India Ltd,10073,190
DENA BANK,SGS INDIA PVT LTD,6094,175
DENA BANK,Silver Touch Technologies Ltd,1819,26
DENA BANK,Sixth Dimension Project Solutions Ltd,1534,2
DENA BANK,Soc for Advancement of Environ Science,190,6
DENA BANK,SoftAge Information Technology Limited,126,0
DENA BANK,Super Printers,3018,37
DENA BANK,Systematic & Advance Const P L,609,12
DENA BANK,TechSmart India Pvt Ltd,4096,549
DENA BANK,Tera Software Ltd,16121,348
DENA BANK,The NSIC ltd,151,10
DENA BANK,Transline Technologies P Ltd,8561,203
DENA BANK,Utility Forms Pvt Ltd,2264,97
DENA BANK,VAP INFOSOLUTIONS,3114,141
DENA BANK,VISION COMPTECH INTEGRATOR LTD,7357,66
DENA BANK,Vedavaag Systems Limited,15442,485
DENA BANK,WEBEL,19559,695
DENA BANK,Wipro Ltd,3352,174
DENA BANK,Zephyr System Pvt.Ltd.,8448,373
Delhi - Central DC,Smart Chip Limited,10,0
Delhi - East DC,DATASOFT COMPUTER SERVICES(P),27,2
Delhi - East DC,Tera Software Ltd,6,1
Delhi - ND DC,Smart Chip Limited,6,0
Delhi - NE DC,Alankit Assignments Limited,3,0
Delhi - NE DC,Smart Chip Limited,24,0
Delhi - NE DC,Smart ID,1,0
Delhi - North DC,CALANCE SOFTWARE PRIVATE LTD,161,8
Delhi - North DC,NVR & ASSOCIATES LIMITED,42,0
Delhi - North DC,Smart Chip Limited,21,0
Delhi SW DC,STRATEGIC OUTSOURCING SERVICE,2,0
Delhi SW DC,VIRGO SOFTECH LIMITED,2,0
Delhi Urban Shelter Improvemen,STRATEGIC OUTSOURCING SERVICE,2,0
Delhi Urban Shelter Improvemen,Tera Software Ltd,8,1
Delhi- South DC,Karvy Computershare Private Li,7,1
Delhi- South DC,Smart Chip Limited,10,0
Delhi- South DC,Tera Software Ltd,4,0
Delhi- South DC,eCentric solutions pvt ltd,6,4
Delhi- West DC,Matrix Processing House,6,1
Delhi- West DC,Smart Chip Limited,9,0
Delhi- West DC,VIRGO SOFTECH LIMITED,18,0
Delhi-NW DC,Karvy Computershare Private Li,27,3
Delhi-NW DC,STRATEGIC OUTSOURCING SERVICE,3,4
Department of Information Technology Govt of Jharkhand,Blue Circle Instrument,13,0
Department of Information Technology Govt of Jharkhand,IL&FS LTD,2,0
Department of Information Technology Govt of Jharkhand,MKS Enterprises,1,0
Department of Information Technology Govt of Jharkhand,Systematic & Advance Const P L,5,0
Department of Information Technology Govt of Jharkhand,Wipro Ltd,34,2
Dept of ITC Govt of Rajasthan,ATISHAY INFOTECH PVT. LTD.,670,19
Dept of ITC Govt of Rajasthan,AVVAS INFOTECH PVT  LTD,658,69
Dept of ITC Govt of Rajasthan,Alankit Finsec Ltd,3,0
Dept of ITC Govt of Rajasthan,Business Information Processing Services,3,0
Dept of ITC Govt of Rajasthan,DATASOFT COMPUTER SERVICES(P),430,70
Dept of ITC Govt of Rajasthan,GSS Infotech Ltd,3,2
Dept of ITC Govt of Rajasthan,Gem Computers,4,0
Dept of ITC Govt of Rajasthan,MANTRA SOFTTECH (INDIA) PVTLTD,5,0
Dept of ITC Govt of Rajasthan,Multiwave Innovation,6,0
Dept of ITC Govt of Rajasthan,Netlink software Pvt Ltd,20,0
Dept of ITC Govt of Rajasthan,TechSmart India Pvt Ltd,54,14
Dept of ITC Govt of Rajasthan,Transline Technologies P Ltd,116,6
Dept of ITC Govt of Rajasthan,VIRGO SOFTECH LIMITED,15,0
Dept of ITC Govt of Rajasthan,Vakrangee Softwares Limited,150,18
Dept of ITC Govt of Rajasthan,Vayam technologies Ltd,43,10
FCR Govt of Haryana,4G INFORMATICS,156,5
FCR Govt of Haryana,Academy of Management Studies,251,16
FCR Govt of Haryana,Radiant Info Systems Ltd,315,41
FCR Govt of Haryana,SoftAge Information Technology Limited,590,53
FCR Govt of Haryana,Vakrangee Softwares Limited,41,0
FCR Govt of Haryana,Vayam technologies Ltd,27,6
FCS Govt of Punjab,Alankit Assignments Limited,6,0
FCS Govt of Punjab,Alankit Finsec Ltd,2,0
FCS Govt of Punjab,Alankit Life Care Ltd,1,0
FCS Govt of Punjab,CSS TECHNERGY LIMITED,8,0
FCS Govt of Punjab,Delhi Integrated MMTS Ltd,1,0
FCS Govt of Punjab,District Sukhmani Society  Jalandhar  Punjab,93,2
FCS Govt of Punjab,District Sukhmani Society  Ludhiana  Punjab,118,20
FCS Govt of Punjab,District Sukhmani Society  Moga  Punjab,54,6
FCS Govt of Punjab,District Sukhmani Society Amritsar Punjab,109,11
FCS Govt of Punjab,District Sukhmani Society Barnala Punjab,107,13
FCS Govt of Punjab,District Sukhmani Society Bathinda Punjab,83,12
FCS Govt of Punjab,District Sukhmani Society Fatehgarh Sahib Punjab,126,4
FCS Govt of Punjab,District Sukhmani Society Fazilka Punjab,21,0
FCS Govt of Punjab,District Sukhmani Society Ferozepur Punjab,23,5
FCS Govt of Punjab,District Sukhmani Society For Citizen Services Mansa Punjab,37,8
FCS Govt of Punjab,District Sukhmani Society For Citizen Services Nawanshahr Punjab,98,7
FCS Govt of Punjab,District Sukhmani Society For Citizen Services SAS Nagar District e-Governance Society Punjab,71,0
FCS Govt of Punjab,District Sukhmani Society Pathankot Punjab,15,1
FCS Govt of Punjab,District Sukhmani Society Patiala Punjab,94,5
FCS Govt of Punjab,District Sukhmani Society Rupnagar Punjab,21,5
FCS Govt of Punjab,District Sukhmani Society Sangrur Punjab,105,10
FCS Govt of Punjab,District Sukhmani Society Sri Muktsar Sahib Punjab,83,7
FCS Govt of Punjab,District Sukhmani Society Tarn Taran Punjab,36,19
FCS Govt of Punjab,Diwakar Commercials Pvt Ltd,5,0
FCS Govt of Punjab,Karvy Computershare Private Li,276,1
FCS Govt of Punjab,Sukhmani Society For Citizen Services  Kapurthala  Punjab,36,0
FCS Govt of Punjab,Sukhmani Society For Citizen Services Gurdaspur Punjab,3,3
FCS Govt of Punjab,Sukhmani Society For Citizens Services Faridkot Punjab,97,8
FCS Govt of Punjab,Suwidha Society Hoshiarpur Punjab,109,6
FCS Govt of Punjab,Vayam technologies Ltd,228,1
FCS Govt of Punjab,eCentric solutions pvt ltd,563,35
Govt of Andhra Pradesh,Gouthami Educational Society,140,69
Govt of Andhra Pradesh,GrapeSoft,57,0
Govt of Andhra Pradesh,INFRONICS SYSTEMS LTD,20,2
Govt of Andhra Pradesh,SREEVEN INFOCOM LIMITED,5,1
Govt of Andhra Pradesh,TechSmart India Pvt Ltd,13,1
Govt of Andhra Pradesh,Tera Software Ltd,7,0
Govt of Andhra Pradesh,eCentric solutions pvt ltd,1,0
Govt of Goa,MARS Telecom Systems Pvt Ltd,34,14
Govt of Gujarat,GSS Infotech Ltd,156,3
Govt of Gujarat,Karvy Computershare Private Li,2663,210
Govt of Gujarat,Silver Touch Technologies Ltd,2494,122
Govt of Gujarat,Tera Software Ltd,1811,29
Govt of Gujarat,Transline Technologies P Ltd,3181,59
Govt of Gujarat,Vayam technologies Ltd,190,3
Govt of Gujarat,eCentric solutions pvt ltd,83,1
Govt of Himachal Pradesh,IL&FS LTD,8,0
Govt of Himachal Pradesh,Wipro Ltd,51,0
Govt of Himachal Pradesh,i-Grandee SoftwareTechnologies,51,0
Govt of Karnataka ,BNR UDYOG LIMITED,132,1
Govt of Karnataka ,Bloom Solutions Pvt Ltd,21,0
Govt of Karnataka ,MARS Telecom Systems Pvt Ltd,64,0
Govt of Karnataka ,Ninestars Information Technologies Ltd,49,1
Govt of Karnataka ,Om Softwares,2,0
Govt of Karnataka ,Origin ITFS Pvt Ltd,233,4
Govt of Karnataka ,Radiant Info Systems Ltd,2,0
Govt of Karnataka ,SREEVEN INFOCOM LIMITED,166,29
Govt of Karnataka ,Tera Software Ltd,2,1
Govt of Kerala,Akshaya,6679,254
Govt of Kerala,Keltron,6,0
Govt of Madhya Pradesh,VIRGO SOFTECH LIMITED,3,0
Govt of Maharashtra,Alankit Assignments Limited,2,0
Govt of Maharashtra,Alankit Finsec Ltd,1,0
Govt of Maharashtra,Bharat Technical Solutions Private Limited,14,2
Govt of Maharashtra,Eagle press pvt ltd,4,0
Govt of Maharashtra,Global Finsol Private Limited,3,0
Govt of Maharashtra,Karvy Computershare Private Li,265,17
Govt of Maharashtra,M/S King Computer System pvt Ltd,33,1
Govt of Maharashtra,M/s. Vidya Online  Pune,7,0
Govt of Maharashtra,Netlink software Pvt Ltd,282,42
Govt of Maharashtra,Rudranee Infotech Ltd,11,0
Govt of Maharashtra,SETU MAHARASHTRA,420,1
Govt of Maharashtra,SHREERAM PRINTING PRESS,19,1
Govt of Maharashtra,SILVER JUBILEE MOTORS LTD.,13,0
Govt of Maharashtra,SPANCO,17,3
Govt of Maharashtra,STRATEGIC OUTSOURCING SERVICE,58,0
Govt of Maharashtra,Silver Touch Technologies Ltd,71,0
Govt of Maharashtra,Tera Software Ltd,1,1
Govt of Maharashtra,Transline Technologies P Ltd,40,17
Govt of Maharashtra,Vidarbha Infotech Pvt Ltd,9,0
Govt of Maharashtra,Wipro Ltd,5,0
Govt of Sikkim - Dept of Econo,Department of Economics Statistics  Monitoring and Evaluation DESME,28,5
IDBI Bank ltd,ATISHAY INFOTECH PVT. LTD.,301,6
IDBI Bank ltd,Matrix Processing House,1193,20
IDBI Bank ltd,SREEVEN INFOCOM LIMITED,292,7
IDBI Bank ltd,UTI TECHNOLOGY SERVICES LIMITE,13,0
IGNOU,Vakrangee Softwares Limited,20,0
Indian Bank,Redim Software Technologies Pvt Ltd,35,1
Indiapost,Delhi Integrated MMTS Ltd,47,1
Indiapost,Global Finsol Private Limited,20,0
Indiapost,M/S STAR DATA CENTRE,2,0
Indiapost,MARS Telecom Systems Pvt Ltd,7,10
Indiapost,The NSIC ltd,13,0
Indiapost,Vayam technologies Ltd,40,19
Indiapost,WEBEL,5,0
Information Technology & Communication Department,4G INFORMATICS,5,0
Information Technology & Communication Department,BNR UDYOG LIMITED,4,0
Information Technology & Communication Department,Bloom Solutions Pvt Ltd,7,0
Information Technology & Communication Department,CSS TECHNERGY LIMITED,1,0
Information Technology & Communication Department,Directorate of ESD,21769,3917
Information Technology & Communication Department,JYOTHI COMPUTER SERVICES,129,5
Information Technology & Communication Department,MARS Telecom Systems Pvt Ltd,99,5
Information Technology & Communication Department,SREEVEN INFOCOM LIMITED,16,0
Information Technology & Communication Department,Tera Software Ltd,6,1
Jharkhand,Alankit Assignments Limited,4,1
Jharkhand,Emdee Digitronics Pvt.Ltd.,8,2
Jharkhand,MKS Enterprises,11,3
Jharkhand,Nevaeh Technology Pvt. Ltd.,3,12
Jharkhand,STRATEGIC OUTSOURCING SERVICE,11,0
Jharkhand,Smart Chip Limited,0,2
Jharkhand,Systematic & Advance Const P L,9,0
Jharkhand,VISION COMPTECH INTEGRATOR LTD,6,0
Jharkhand,Wipro Ltd,107,12
Mission Convergence - GNCT Del,Karvy Computershare Private Li,5,0
Mission Convergence - GNCT Del,NVR & ASSOCIATES LIMITED,7,0
Mission Convergence - GNCT Del,eCentric solutions pvt ltd,6,3
NSDL e-Governance Infrastructure Limited,Abhipra Capital Ltd,2633,151
NSDL e-Governance Infrastructure Limited,Alankit Assignments Limited,265,10
NSDL e-Governance Infrastructure Limited,Alankit Finsec Ltd,12552,507
NSDL e-Governance Infrastructure Limited,Delhi Integrated MMTS Ltd,6,0
NSDL e-Governance Infrastructure Limited,Global Finsol Private Limited,1,0
NSDL e-Governance Infrastructure Limited,Gujarat Infotech Ltd.,17737,207
NSDL e-Governance Infrastructure Limited,Karvy Consultants Limited,2,0
NSDL e-Governance Infrastructure Limited,Karvy Data Management Services,73889,2533
NSDL e-Governance Infrastructure Limited,N.K. Sharma Enterprises Ltd.,3222,170
NSDL e-Governance Infrastructure Limited,Netlink software Pvt Ltd,650,61
NSDL e-Governance Infrastructure Limited,Offshoot Agency Pvt. Ltd.,1684,29
NSDL e-Governance Infrastructure Limited,PROWIZ MANSYTEMS PVT LTD,58,1
NSDL e-Governance Infrastructure Limited,Promind Solutions P Limited,12520,481
NSDL e-Governance Infrastructure Limited,RELIGARE SECURITIES LTD,3295,70
NSDL e-Governance Infrastructure Limited,Radiant Haroti Industries India Ltd,1582,33
NSDL e-Governance Infrastructure Limited,Sri Ramraja Sarkar Lok Kalyan Trust,6076,248
NSDL e-Governance Infrastructure Limited,Utility Forms Pvt Ltd,6557,130
NSDL e-Governance Infrastructure Limited,VIRGO SOFTECH LIMITED,77,2
Oriental Bank of Commerce,DATASOFT COMPUTER SERVICES(P),1137,62
Oriental Bank of Commerce,IL&FS LTD,1,0
Oriental Bank of Commerce,JNET Technologies Pvt.Ltd,462,3
Oriental Bank of Commerce,Redim Software Technologies Pvt Ltd,3,0
Oriental Bank of Commerce,Sri Ramraja Sarkar Lok Kalyan Trust,202,47
Oriental Bank of Commerce,Wipro Ltd,59,1
Principal Revenue Commissioner  Dept of Revenue  Govt of MP,Frontech Systems Pvt Ltd,78,2
Principal Revenue Commissioner  Dept of Revenue  Govt of MP,GDC Advertising Pvt. Limited,28,0
Principal Revenue Commissioner  Dept of Revenue  Govt of MP,K W Consulting P Ltd,59,5
Principal Revenue Commissioner  Dept of Revenue  Govt of MP,LYRA  CONSULTANCY SERVICE,77,7
Principal Revenue Commissioner  Dept of Revenue  Govt of MP,Netlink software Pvt Ltd,21,10
Principal Revenue Commissioner  Dept of Revenue  Govt of MP,OSWAL COMPUTERS & CONSULTANTS,73,1
Principal Revenue Commissioner  Dept of Revenue  Govt of MP,Tera Software Ltd,794,47
Principal Revenue Commissioner  Dept of Revenue  Govt of MP,Vedavaag Systems Limited,477,23
Punjab and Sind Bank,Matrix Processing House,536,32
Registrar General India - BEL,In Media Computer Services LLP,0,1
Registrar General India BEL2,4G INFORMATICS,2,0
Registrar General India BEL2,Alankit Assignments Limited,12,0
Registrar General India BEL2,Bharat Electronics Limited,87,1
Registrar General India BEL2,Chinar Construction Company Prime agency,1638,2
Registrar General India BEL2,Computer LAB,1709,79
Registrar General India BEL2,Emdee Digitronics Pvt.Ltd.,273,8
Registrar General India BEL2,In Media Computer Services LLP,124,0
Registrar General India BEL2,India Computer Technology,978,3
Registrar General India BEL2,Karvy Data Management Services,331,55
Registrar General India BEL2,MACRO INFOTECH PVT LTD,172,3
Registrar General India BEL2,MKS Enterprises,31,0
Registrar General India BEL2,Madras Security Printers Ltd,6394,120
Registrar General India BEL2,Manipur Electronics Dev Corp,231,2
Registrar General India BEL2,Multiwave Innovation,1027,7
Registrar General India BEL2,NVR & ASSOCIATES LIMITED,30,16
Registrar General India BEL2,Netlink software Pvt Ltd,31,3
Registrar General India BEL2,Nevaeh Technology Pvt. Ltd.,289,2
Registrar General India BEL2,Nielsen  India  Private Limited,90,2
Registrar General India BEL2,Om Softwares,405,3
Registrar General India BEL2,SREI INFRASTRUCTURE FINANCES L,101,7
Registrar General India BEL2,STRATEGIC OUTSOURCING SERVICE,77,0
Registrar General India BEL2,Satyanarayana Raju Company Pvt ltd,930,23
Registrar General India BEL2,Swathy Smartcards Hi-Tech Pvt,7286,22
Registrar General India BEL2,Swiss Tech India Pvt Ltd,1,0
Registrar General India BEL2,Tera Software Ltd,1794,47
Registrar General India BEL2,UNITED DATA SERVICES PRIVATE LIMITED,429,2
Registrar General India BEL2,Urmila Info solution,1,2
Registrar General India BEL2,VIRGO SOFTECH LIMITED,196,1
Registrar General India BEL2,Vansh Infotech Pvt Ltd,305,8
Registrar General India BEL2,Vedavaag Systems Limited,684,82
Registrar General India BEL2,Viesa Technologies,304,9
Registrar General India BEL2,WEBEL,10,0
Registrar General India ECIL,AVVAS INFOTECH PVT  LTD,131,2
Registrar General India ECIL,BUSINESS INFORMATION PROCESSING SERVICES,115,10
Registrar General India ECIL,COMTECH INSTITUTE OFTECHNOLOGY,17,0
Registrar General India ECIL,COMTECHINFO SOLUTIONS PVT.LTD,2086,43
Registrar General India ECIL,Chinar Construction Company Prime agency,9570,110
Registrar General India ECIL,Computer LAB,38850,521
Registrar General India ECIL,Eagle Software India Pvt. Ltd,61480,444
Registrar General India ECIL,Esoft Consulting Limited,11,0
Registrar General India ECIL,In Media Computer Services LLP,5856,154
Registrar General India ECIL,India Computer Technology,4539,1
Registrar General India ECIL,Integrated Systems & Services,309,3
Registrar General India ECIL,Karvy Data Management Services,12294,396
Registrar General India ECIL,Krishna Infotech,34,0
Registrar General India ECIL,LYRA  CONSULTANCY SERVICE,752,1
Registrar General India ECIL,Madras Security Printers Ltd,25523,156
Registrar General India ECIL,Mphasis Ltd,22,0
Registrar General India ECIL,Netwing Technologies Pvt Ltd,87,0
Registrar General India ECIL,Nielsen  India  Private Limited,119,2
Registrar General India ECIL,Pioneer E Labs limited,295,7
Registrar General India ECIL,Quick Data IT Services Pvt Ltd,2,0
Registrar General India ECIL,SARADA SYSTEMS,2568,6
Registrar General India ECIL,SWISSTECH NPR 57CR PROJECT PVT,10193,77
Registrar General India ECIL,Tera Software Ltd,29,0
Registrar General India ECIL,Vedavaag Systems Limited,358,9
Registrar General India Others,COMTECHINFO SOLUTIONS PVT.LTD,25,0
Registrar General India Others,Clairvoyance Technologies Pvt.,8,0
Registrar General India Others,Computer LAB,1,0
Registrar General India Others,Eagle Software India Pvt. Ltd,4,2
Registrar General India Others,Madras Security Printers Ltd,70,0
Registrar General India Others,Swathy Smartcards Hi-Tech Pvt,1,0
Registrar General of India ITI,COMTECH INSTITUTE OFTECHNOLOGY,3,0
Registrar General of India ITI,CSS TECHNERGY LIMITED,1,0
Registrar General of India ITI,Eagle Software India Pvt. Ltd,237,129
Registrar General of India ITI,Emdee Digitronics Pvt.Ltd.,44520,398
Registrar General of India ITI,FINANCIAL INFORMATION NETWORK,0,1
Registrar General of India ITI,In Media Computer Services LLP,38,0
Registrar General of India ITI,Karvy Data Management Services,719,6
Registrar General of India ITI,Madras Security Printers Ltd,238,39
Registrar General of India ITI,Mphasis Ltd,10,0
Registrar General of India ITI,Netlink software Pvt Ltd,2,0
Registrar General of India ITI,Netwing Technologies Pvt Ltd,1,0
Registrar General of India ITI,Nielsen  India  Private Limited,418,14
Registrar General of India ITI,PROTEX COMPUTER PVT LTD,78,1
Registrar General of India ITI,SREEVEN INFOCOM LIMITED,2,0
Registrar General of India ITI,SREI INFRASTRUCTURE FINANCES L,1,0
Registrar General of India ITI,STRATEGIC OUTSOURCING SERVICE,942,4
Registrar General of India ITI,Satyanarayana Raju Company Pvt ltd,88,13
Registrar General of India ITI,Swathy Smartcards Hi-Tech Pvt,22,19
Registrar General of India ITI,TechSmart India Pvt Ltd,3,0
Registrar General of India ITI,VIRGO SOFTECH LIMITED,261,86
Registrar General of India ITI,Vedavaag Systems Limited,52,11
Registrar General of India ITI,WEBEL TECHNOLOGY LIMITED,10572,226
Registrar General of India ITI,Webx Technologies Private Limited,321,0
State Bank of Bikaner & Jaipur,Multiwave Innovation,24,2
State Bank of India,CSS TECHNERGY LIMITED,1,0
State Bank of India,Delhi Integrated MMTS Ltd,1,0
State Bank of India,IL&FS LTD,32,1
State Bank of India,Smart Chip Limited,4,1
State Bank of Travancore,Tera Software Ltd,1,0
UIDAI-Registrar,UIDAI-EA,51,5
UT Of Daman and Diu,Alankit Assignments Limited,1,0
UT of Puducherry,Madras Security Printers Ltd,7,1
Union Bank,FINANCIAL INFORMATION NETWORK,12391,482
Union Bank,Smart Chip Limited,10636,754
Union Bank,Vakrangee Softwares Limited,1187,247
