Registrar,Enrolment Agency,Aadhaar generated,Enrolment Rejected
Allahabad Bank,IL&FS LTD,6,0
Allahabad Bank,Tera Software Ltd,2,0
Allahabad Bank,Vakrangee Softwares Limited,37,4
Bank Of India,A3 Logics  India  Ltd,4404,132
Bank Of India,Akanksha International,14,0
Bank Of India,Blue Circle Instrument,3975,41
Bank Of India,CHESSY CONSULTANTS PVT LTD,31,0
Bank Of India,DATASOFT COMPUTER SERVICES(P),14460,179
Bank Of India,Emdee Digitronics Pvt.Ltd.,3544,29
Bank Of India,Frontech Systems Pvt Ltd,1432,12
Bank Of India,MANTRA SOFTTECH (INDIA) PVTLTD,8,0
Bank Of India,Matrix Processing House,129,0
Bank Of India,OSWAL COMPUTERS & CONSULTANTS,1004,37
Bank Of India,PROTEX COMPUTER PVT LTD,2177,4
Bank Of India,SARADA SYSTEMS,4187,62
Bank Of India,SHRIKRISHNA KHANDASARI SUGAR M,4125,7
Bank Of India,SPANCO,51,0
Bank Of India,SREI INFRASTRUCTURE FINANCES L,16590,205
Bank Of India,Silver Touch Technologies Ltd,26,0
Bank Of India,Systematic & Advance Const P L,15,0
Bank Of India,VEETECHNOLOGIES PVT. LTD,2498,23
Bank Of India,VIRGO SOFTECH LIMITED,1,0
Bank Of India,Vakrangee Softwares Limited,51,2
Bank of Baroda,DATASOFT COMPUTER SERVICES(P),78,0
Bank of Baroda,Global Finsol Private Limited,657,0
Bank of Baroda,IL&FS LTD,9,0
Bank of Maharashtra,Alankit Finsec Ltd,4,0
Bank of Maharashtra,FINANCIAL INFORMATION NETWORK,105,1
Bank of Maharashtra,Micro Technologies India Ltd,212,0
Bank of Maharashtra,Tera Software Ltd,1853,68
CSC e-Governance Services India Limited,A I Soc for Electronics and Comp Tech,5920,209
CSC e-Governance Services India Limited,AKSH OPTIFIBRE LIMITED,2187,37
CSC e-Governance Services India Limited,BASIX,3622,120
CSC e-Governance Services India Limited,CALANCE SOFTWARE PRIVATE LTD,58,0
CSC e-Governance Services India Limited,CMS Computers Ltd,9198,181
CSC e-Governance Services India Limited,CSC e-Governance Services India Limited,915,16
CSC e-Governance Services India Limited,Intelligent Communication Sys India Ltd,49,0
CSC e-Governance Services India Limited,MANTRA SOFTTECH (INDIA) PVTLTD,2535,22
CSC e-Governance Services India Limited,Mahaonline Limited,578,27
CSC e-Governance Services India Limited,Nekton IT India Pvt Ltd.,409,18
CSC e-Governance Services India Limited,Network for Information & Computer,2263,39
CSC e-Governance Services India Limited,Reliance Communication Limited,3,0
CSC e-Governance Services India Limited,SPANCO,3209,85
CSC e-Governance Services India Limited,Sahaj e-Village Limited,2292,11
CSC e-Governance Services India Limited,Tera Software Ltd,242,7
CSC e-Governance Services India Limited,United Telecoms e-Services Pvt Ltd,1573,75
CSC e-Governance Services India Limited,VIKALP MULTIMEDIA,1114,68
CSC e-Governance Services India Limited,Vakrangee Softwares Limited,26,6
CSC e-Governance Services India Limited,Vayam technologies Ltd,4161,37
CSC e-Governance Services India Limited,Vedavaag Systems Limited,2640,47
CSC e-Governance Services India Limited,Zephyr System Pvt.Ltd.,5408,69
Canara Bank,FINANCIAL INFORMATION NETWORK,12676,119
Canara Bank,Karvy Data Management Services,18450,184
Canara Bank,Ojus Healthcare Private Limited,76,2
Canara Bank,Osiris Infotech Pvt. Ltd.,886,20
Canara Bank,Smart Chip Limited,13155,313
Canara Bank,Virinchi Technologies Ltd,55,11
Central Bank of India,CALANCE SOFTWARE PRIVATE LTD,234,0
Central Bank of India,IAP COMPANY Pvt. Ltd,225,1
Central Bank of India,IL&FS LTD,214,0
Central Bank of India,MANTRA SOFTTECH (INDIA) PVTLTD,2,0
Central Bank of India,The Peerless General Finance,5,0
DENA BANK,APEX Services,1131,3
DENA BANK,ATISHAY INFOTECH PVT. LTD.,5809,62
DENA BANK,AVVAS INFOTECH PVT  LTD,11352,82
DENA BANK,Asha Security Guard Services,5881,44
DENA BANK,BNR UDYOG LIMITED,3316,5
DENA BANK,Binary Systems,2639,8
DENA BANK,Bloom Solutions Pvt Ltd,25742,104
DENA BANK,Blue Circle Instrument,435,14
DENA BANK,Business Information Processing Services,1168,31
DENA BANK,CALANCE SOFTWARE PRIVATE LTD,3031,12
DENA BANK,DATASOFT COMPUTER SERVICES(P),6085,41
DENA BANK,DEVASHISH SECURITIES PVT. LTD.,44,1
DENA BANK,Eagle Software India Pvt. Ltd,12157,79
DENA BANK,FINANCIAL INFORMATION NETWORK,12953,72
DENA BANK,Gem Computers,2221,23
DENA BANK,Gujarat Infotech Ltd.,2347,13
DENA BANK,IAP COMPANY Pvt. Ltd,41860,376
DENA BANK,India Computer Technology,749,34
DENA BANK,JNET Technologies Pvt.Ltd,1336,2
DENA BANK,K W Consulting P Ltd,3708,57
DENA BANK,M/S STAR DATA CENTRE,2217,3
DENA BANK,M/s Gold Square Builders & Promoters Pvt. Ltd.,5135,36
DENA BANK,MARS Telecom Systems Pvt Ltd,6329,14
DENA BANK,MEGHA VINCOM PVT LTD,23051,91
DENA BANK,MKS Enterprises,2851,38
DENA BANK,Make India Smart Private Limited,2472,37
DENA BANK,Multiwave Innovation,8556,235
DENA BANK,NVR & ASSOCIATES LIMITED,5664,43
DENA BANK,Narayana Electricals Solution Pvt Ltd,8,0
DENA BANK,Netlink software Pvt Ltd,5894,50
DENA BANK,Nielsen  India  Private Limited,32799,387
DENA BANK,Offshoot Agency Pvt. Ltd.,2131,56
DENA BANK,Ortem Securities Limited,883,0
DENA BANK,Prodigy Systems and Services Private Limited,46,3
DENA BANK,Radiant Haroti Industries India Ltd,11715,82
DENA BANK,SGS INDIA PVT LTD,12203,69
DENA BANK,Silver Touch Technologies Ltd,1395,10
DENA BANK,Sixth Dimension Project Solutions Ltd,1875,1
DENA BANK,Soc for Advancement of Environ Science,233,9
DENA BANK,SoftAge Information Technology Limited,35,0
DENA BANK,Super Printers,2635,31
DENA BANK,Systematic & Advance Const P L,1335,7
DENA BANK,TechSmart India Pvt Ltd,4508,86
DENA BANK,Tera Software Ltd,15670,101
DENA BANK,The NSIC ltd,238,1
DENA BANK,Transline Technologies P Ltd,11182,51
DENA BANK,Utility Forms Pvt Ltd,1369,11
DENA BANK,VAP INFOSOLUTIONS,3291,37
DENA BANK,VISION COMPTECH INTEGRATOR LTD,10257,78
DENA BANK,Vedavaag Systems Limited,12928,200
DENA BANK,WEBEL,30386,151
DENA BANK,Wipro Ltd,4299,90
DENA BANK,Zephyr System Pvt.Ltd.,10871,85
Delhi - Central DC,Smart Chip Limited,11,0
Delhi - East DC,DATASOFT COMPUTER SERVICES(P),24,0
Delhi - East DC,Tera Software Ltd,24,0
Delhi - ND DC,Smart Chip Limited,3,0
Delhi - NE DC,Alankit Assignments Limited,8,0
Delhi - NE DC,Smart Chip Limited,22,0
Delhi - NE DC,Smart ID,1,0
Delhi - North DC,CALANCE SOFTWARE PRIVATE LTD,145,1
Delhi - North DC,DATASOFT COMPUTER SERVICES(P),7,0
Delhi - North DC,NVR & ASSOCIATES LIMITED,26,0
Delhi - North DC,Smart Chip Limited,23,0
Delhi SW DC,STRATEGIC OUTSOURCING SERVICE,7,0
Delhi SW DC,VIRGO SOFTECH LIMITED,4,0
Delhi Urban Shelter Improvemen,STRATEGIC OUTSOURCING SERVICE,7,0
Delhi Urban Shelter Improvemen,Tera Software Ltd,40,0
Delhi- South DC,Karvy Computershare Private Li,6,5
Delhi- South DC,Smart Chip Limited,4,0
Delhi- South DC,Tera Software Ltd,12,0
Delhi- South DC,eCentric solutions pvt ltd,44,0
Delhi- West DC,Matrix Processing House,22,0
Delhi- West DC,Smart Chip Limited,9,0
Delhi- West DC,VIRGO SOFTECH LIMITED,23,0
Delhi-NW DC,Karvy Computershare Private Li,19,0
Delhi-NW DC,STRATEGIC OUTSOURCING SERVICE,22,0
Department of Information Technology Govt of Jharkhand,Blue Circle Instrument,15,0
Department of Information Technology Govt of Jharkhand,IL&FS LTD,4,0
Department of Information Technology Govt of Jharkhand,MKS Enterprises,18,0
Department of Information Technology Govt of Jharkhand,Systematic & Advance Const P L,16,0
Department of Information Technology Govt of Jharkhand,Wipro Ltd,715,80
Dept of ITC Govt of Rajasthan,ATISHAY INFOTECH PVT. LTD.,459,2
Dept of ITC Govt of Rajasthan,AVVAS INFOTECH PVT  LTD,2346,21
Dept of ITC Govt of Rajasthan,Alankit Finsec Ltd,9,0
Dept of ITC Govt of Rajasthan,Business Information Processing Services,1,0
Dept of ITC Govt of Rajasthan,DATASOFT COMPUTER SERVICES(P),288,0
Dept of ITC Govt of Rajasthan,GSS Infotech Ltd,6,0
Dept of ITC Govt of Rajasthan,Gem Computers,127,0
Dept of ITC Govt of Rajasthan,MANTRA SOFTTECH (INDIA) PVTLTD,3,0
Dept of ITC Govt of Rajasthan,Multiwave Innovation,2,0
Dept of ITC Govt of Rajasthan,Netlink software Pvt Ltd,24,0
Dept of ITC Govt of Rajasthan,TechSmart India Pvt Ltd,46,3
Dept of ITC Govt of Rajasthan,Transline Technologies P Ltd,1048,43
Dept of ITC Govt of Rajasthan,VIRGO SOFTECH LIMITED,5,0
Dept of ITC Govt of Rajasthan,Vakrangee Softwares Limited,334,23
Dept of ITC Govt of Rajasthan,Vayam technologies Ltd,29,0
FCR Govt of Haryana,4G INFORMATICS,47,1
FCR Govt of Haryana,Academy of Management Studies,83,4
FCR Govt of Haryana,Radiant Info Systems Ltd,770,129
FCR Govt of Haryana,SoftAge Information Technology Limited,957,40
FCR Govt of Haryana,Vakrangee Softwares Limited,176,0
FCR Govt of Haryana,Vayam technologies Ltd,17,0
FCS Govt of Punjab,Alankit Assignments Limited,34,0
FCS Govt of Punjab,Alankit Finsec Ltd,7,0
FCS Govt of Punjab,Alankit Life Care Ltd,1,0
FCS Govt of Punjab,CSS TECHNERGY LIMITED,13,0
FCS Govt of Punjab,Delhi Integrated MMTS Ltd,10,0
FCS Govt of Punjab,District Sukhmani Society  Jalandhar  Punjab,56,4
FCS Govt of Punjab,District Sukhmani Society  Ludhiana  Punjab,65,1
FCS Govt of Punjab,District Sukhmani Society  Moga  Punjab,33,0
FCS Govt of Punjab,District Sukhmani Society Amritsar Punjab,106,1
FCS Govt of Punjab,District Sukhmani Society Barnala Punjab,94,1
FCS Govt of Punjab,District Sukhmani Society Bathinda Punjab,75,3
FCS Govt of Punjab,District Sukhmani Society Fatehgarh Sahib Punjab,102,0
FCS Govt of Punjab,District Sukhmani Society Fazilka Punjab,11,0
FCS Govt of Punjab,District Sukhmani Society Ferozepur Punjab,37,3
FCS Govt of Punjab,District Sukhmani Society For Citizen Services Mansa Punjab,37,1
FCS Govt of Punjab,District Sukhmani Society For Citizen Services Nawanshahr Punjab,79,3
FCS Govt of Punjab,District Sukhmani Society For Citizen Services SAS Nagar District e-Governance Society Punjab,62,0
FCS Govt of Punjab,District Sukhmani Society Pathankot Punjab,9,0
FCS Govt of Punjab,District Sukhmani Society Patiala Punjab,30,0
FCS Govt of Punjab,District Sukhmani Society Rupnagar Punjab,16,2
FCS Govt of Punjab,District Sukhmani Society Sangrur Punjab,32,2
FCS Govt of Punjab,District Sukhmani Society Sri Muktsar Sahib Punjab,34,2
FCS Govt of Punjab,District Sukhmani Society Tarn Taran Punjab,25,2
FCS Govt of Punjab,Diwakar Commercials Pvt Ltd,21,0
FCS Govt of Punjab,Karvy Computershare Private Li,308,42
FCS Govt of Punjab,Sukhmani Society For Citizen Services  Kapurthala  Punjab,32,0
FCS Govt of Punjab,Sukhmani Society For Citizen Services Gurdaspur Punjab,70,1
FCS Govt of Punjab,Sukhmani Society For Citizens Services Faridkot Punjab,43,4
FCS Govt of Punjab,Suwidha Society Hoshiarpur Punjab,40,0
FCS Govt of Punjab,Vayam technologies Ltd,196,1
FCS Govt of Punjab,eCentric solutions pvt ltd,1247,12
Govt of Andhra Pradesh,Gouthami Educational Society,150,50
Govt of Andhra Pradesh,GrapeSoft,78,2
Govt of Andhra Pradesh,IL&FS LTD,2,0
Govt of Andhra Pradesh,INFRONICS SYSTEMS LTD,43,0
Govt of Andhra Pradesh,Madras Security Printers Ltd,3,0
Govt of Andhra Pradesh,SREEVEN INFOCOM LIMITED,6,1
Govt of Andhra Pradesh,TechSmart India Pvt Ltd,21,1
Govt of Andhra Pradesh,Tera Software Ltd,12,0
Govt of Andhra Pradesh,eCentric solutions pvt ltd,11,0
Govt of Goa,MARS Telecom Systems Pvt Ltd,81,0
Govt of Gujarat,GSS Infotech Ltd,146,1
Govt of Gujarat,Karvy Computershare Private Li,1746,50
Govt of Gujarat,Silver Touch Technologies Ltd,2247,49
Govt of Gujarat,Tera Software Ltd,1654,21
Govt of Gujarat,Transline Technologies P Ltd,5136,46
Govt of Gujarat,Vayam technologies Ltd,1843,4
Govt of Gujarat,eCentric solutions pvt ltd,2997,12
Govt of Himachal Pradesh,IL&FS LTD,29,0
Govt of Himachal Pradesh,Wipro Ltd,120,0
Govt of Himachal Pradesh,i-Grandee SoftwareTechnologies,115,0
Govt of Karnataka ,BNR UDYOG LIMITED,95,0
Govt of Karnataka ,Bloom Solutions Pvt Ltd,19,0
Govt of Karnataka ,COMAT TECHNOLOGIES P LTD,4,0
Govt of Karnataka ,GLODYNE TECHNOSERVE,3,0
Govt of Karnataka ,MARS Telecom Systems Pvt Ltd,91,0
Govt of Karnataka ,Ninestars Information Technologies Ltd,50,0
Govt of Karnataka ,Om Softwares,3,0
Govt of Karnataka ,Origin ITFS Pvt Ltd,160,0
Govt of Karnataka ,Radiant Info Systems Ltd,4,0
Govt of Karnataka ,SREEVEN INFOCOM LIMITED,165,0
Govt of Karnataka ,Tera Software Ltd,18,0
Govt of Kerala,Akshaya,5489,134
Govt of Kerala,Keltron,52,0
Govt of Madhya Pradesh,VIRGO SOFTECH LIMITED,25,0
Govt of Maharashtra,Alankit Assignments Limited,16,0
Govt of Maharashtra,Alankit Finsec Ltd,3,0
Govt of Maharashtra,Bharat Technical Solutions Private Limited,18,0
Govt of Maharashtra,Eagle press pvt ltd,8,0
Govt of Maharashtra,GSS Infotech Ltd,1,0
Govt of Maharashtra,Global Finsol Private Limited,1,0
Govt of Maharashtra,Karvy Computershare Private Li,455,3
Govt of Maharashtra,M/S King Computer System pvt Ltd,11,1
Govt of Maharashtra,M/s. Vidya Online  Pune,1,0
Govt of Maharashtra,Narayana Electricals Solution Pvt Ltd,1,0
Govt of Maharashtra,Netlink software Pvt Ltd,130,3
Govt of Maharashtra,Rudranee Infotech Ltd,7,0
Govt of Maharashtra,SETU MAHARASHTRA,190,2
Govt of Maharashtra,SHREERAM PRINTING PRESS,13,0
Govt of Maharashtra,SILVER JUBILEE MOTORS LTD.,35,1
Govt of Maharashtra,SPANCO,17,0
Govt of Maharashtra,STRATEGIC OUTSOURCING SERVICE,98,1
Govt of Maharashtra,Silver Touch Technologies Ltd,43,0
Govt of Maharashtra,TechSmart India Pvt Ltd,1,1
Govt of Maharashtra,Tera Software Ltd,13,0
Govt of Maharashtra,Transline Technologies P Ltd,67,0
Govt of Maharashtra,Vidarbha Infotech Pvt Ltd,2,1
Govt of Maharashtra,Wipro Ltd,5,0
Govt of Sikkim - Dept of Econo,4G IDENTITY SOLUTIONS,3,0
Govt of Sikkim - Dept of Econo,Department of Economics Statistics  Monitoring and Evaluation DESME,20,0
IDBI Bank ltd,ATISHAY INFOTECH PVT. LTD.,274,12
IDBI Bank ltd,Matrix Processing House,980,11
IDBI Bank ltd,SREEVEN INFOCOM LIMITED,235,2
IDBI Bank ltd,UTI TECHNOLOGY SERVICES LIMITE,13,0
IGNOU,Vakrangee Softwares Limited,79,0
Indian Bank,Redim Software Technologies Pvt Ltd,27,4
Indiapost,4G IDENTITY SOLUTIONS,3,0
Indiapost,Delhi Integrated MMTS Ltd,95,0
Indiapost,GLODYNE TECHNOSERVE,1,0
Indiapost,Global Finsol Private Limited,35,0
Indiapost,IL&FS LTD,1,0
Indiapost,M/S STAR DATA CENTRE,2,0
Indiapost,MARS Telecom Systems Pvt Ltd,11,0
Indiapost,The NSIC ltd,43,0
Indiapost,The Peerless General Finance,1,0
Indiapost,UTI TECHNOLOGY SERVICES LIMITE,4,0
Indiapost,Vayam technologies Ltd,170,19
Indiapost,WEBEL,4,0
Indiapost,eCentric solutions pvt ltd,1,0
Information Technology & Communication Department,4G INFORMATICS,13,0
Information Technology & Communication Department,BNR UDYOG LIMITED,4,0
Information Technology & Communication Department,Bloom Solutions Pvt Ltd,9,0
Information Technology & Communication Department,CSS TECHNERGY LIMITED,2,0
Information Technology & Communication Department,Directorate of ESD,23391,1158
Information Technology & Communication Department,GDC Advertising Pvt. Limited,4,0
Information Technology & Communication Department,JYOTHI COMPUTER SERVICES,58,16
Information Technology & Communication Department,Karvy Data Management Services,2,0
Information Technology & Communication Department,MARS Telecom Systems Pvt Ltd,127,0
Information Technology & Communication Department,SREEVEN INFOCOM LIMITED,5,0
Information Technology & Communication Department,Tera Software Ltd,4,0
Jharkhand,Alankit Assignments Limited,11,0
Jharkhand,Blue Circle Instrument,1,0
Jharkhand,Emdee Digitronics Pvt.Ltd.,8,1
Jharkhand,IL&FS LTD,1,0
Jharkhand,MKS Enterprises,17,0
Jharkhand,Nevaeh Technology Pvt. Ltd.,3,0
Jharkhand,STRATEGIC OUTSOURCING SERVICE,55,0
Jharkhand,Smart Chip Limited,1,0
Jharkhand,Systematic & Advance Const P L,67,0
Jharkhand,VISION COMPTECH INTEGRATOR LTD,5,0
Jharkhand,Wipro Ltd,170,4
Mission Convergence - GNCT Del,Karvy Computershare Private Li,8,0
Mission Convergence - GNCT Del,NVR & ASSOCIATES LIMITED,4,0
Mission Convergence - GNCT Del,STRATEGIC OUTSOURCING SERVICE,2,0
Mission Convergence - GNCT Del,Tera Software Ltd,1,0
Mission Convergence - GNCT Del,eCentric solutions pvt ltd,43,0
NSDL e-Governance Infrastructure Limited,Abhipra Capital Ltd,1376,34
NSDL e-Governance Infrastructure Limited,Alankit Assignments Limited,190,3
NSDL e-Governance Infrastructure Limited,Alankit Finsec Ltd,15300,291
NSDL e-Governance Infrastructure Limited,Delhi Integrated MMTS Ltd,2,0
NSDL e-Governance Infrastructure Limited,Gujarat Infotech Ltd.,14904,115
NSDL e-Governance Infrastructure Limited,INTEGRATED REGISTRY SERVICES LTD,1,0
NSDL e-Governance Infrastructure Limited,Karvy Consultants Limited,1,0
NSDL e-Governance Infrastructure Limited,Karvy Data Management Services,89114,1453
NSDL e-Governance Infrastructure Limited,N.K. Sharma Enterprises Ltd.,1786,11
NSDL e-Governance Infrastructure Limited,Netlink software Pvt Ltd,391,9
NSDL e-Governance Infrastructure Limited,Offshoot Agency Pvt. Ltd.,1531,26
NSDL e-Governance Infrastructure Limited,PROWIZ MANSYTEMS PVT LTD,63,0
NSDL e-Governance Infrastructure Limited,Promind Solutions P Limited,22225,279
NSDL e-Governance Infrastructure Limited,RELIGARE SECURITIES LTD,2317,31
NSDL e-Governance Infrastructure Limited,Radiant Haroti Industries India Ltd,1944,50
NSDL e-Governance Infrastructure Limited,Sri Ramraja Sarkar Lok Kalyan Trust,7659,107
NSDL e-Governance Infrastructure Limited,Utility Forms Pvt Ltd,7381,53
NSDL e-Governance Infrastructure Limited,VIRGO SOFTECH LIMITED,84,0
Oriental Bank of Commerce,DATASOFT COMPUTER SERVICES(P),687,11
Oriental Bank of Commerce,IL&FS LTD,1,0
Oriental Bank of Commerce,JNET Technologies Pvt.Ltd,661,7
Oriental Bank of Commerce,Redim Software Technologies Pvt Ltd,1,0
Oriental Bank of Commerce,Sri Ramraja Sarkar Lok Kalyan Trust,159,1
Oriental Bank of Commerce,The NSIC ltd,1,0
Oriental Bank of Commerce,Wipro Ltd,63,2
Principal Revenue Commissioner  Dept of Revenue  Govt of MP,Frontech Systems Pvt Ltd,44,1
Principal Revenue Commissioner  Dept of Revenue  Govt of MP,GDC Advertising Pvt. Limited,19,4
Principal Revenue Commissioner  Dept of Revenue  Govt of MP,K W Consulting P Ltd,42,17
Principal Revenue Commissioner  Dept of Revenue  Govt of MP,LYRA  CONSULTANCY SERVICE,47,1
Principal Revenue Commissioner  Dept of Revenue  Govt of MP,Netlink software Pvt Ltd,11,0
Principal Revenue Commissioner  Dept of Revenue  Govt of MP,OSWAL COMPUTERS & CONSULTANTS,30,0
Principal Revenue Commissioner  Dept of Revenue  Govt of MP,Tera Software Ltd,672,21
Principal Revenue Commissioner  Dept of Revenue  Govt of MP,The NSIC ltd,1,0
Principal Revenue Commissioner  Dept of Revenue  Govt of MP,Vedavaag Systems Limited,147,3
Punjab and Sind Bank,Matrix Processing House,1195,10
RDD Govt of Tripura,Alankit Assignments Limited,6,0
Registrar General India BEL2,Alankit Assignments Limited,44,0
Registrar General India BEL2,Bharat Electronics Limited,42,0
Registrar General India BEL2,Chinar Construction Company Prime agency,1157,3
Registrar General India BEL2,Computer LAB,5747,0
Registrar General India BEL2,Emdee Digitronics Pvt.Ltd.,136,5
Registrar General India BEL2,In Media Computer Services LLP,503,0
Registrar General India BEL2,India Computer Technology,3288,0
Registrar General India BEL2,Karvy Data Management Services,326,0
Registrar General India BEL2,MACRO INFOTECH PVT LTD,372,0
Registrar General India BEL2,MKS Enterprises,23,0
Registrar General India BEL2,Madras Security Printers Ltd,17360,1
Registrar General India BEL2,Manipur Electronics Dev Corp,249,0
Registrar General India BEL2,Multiwave Innovation,691,1
Registrar General India BEL2,NVR & ASSOCIATES LIMITED,9,3
Registrar General India BEL2,Netlink software Pvt Ltd,269,0
Registrar General India BEL2,Nevaeh Technology Pvt. Ltd.,160,0
Registrar General India BEL2,Nielsen  India  Private Limited,339,0
Registrar General India BEL2,Om Softwares,659,8
Registrar General India BEL2,SREI INFRASTRUCTURE FINANCES L,82,0
Registrar General India BEL2,STRATEGIC OUTSOURCING SERVICE,59,0
Registrar General India BEL2,Satyanarayana Raju Company Pvt ltd,384,0
Registrar General India BEL2,Swathy Smartcards Hi-Tech Pvt,29192,1
Registrar General India BEL2,Swiss Tech India Pvt Ltd,7,0
Registrar General India BEL2,Tera Software Ltd,951,1
Registrar General India BEL2,UNITED DATA SERVICES PRIVATE LIMITED,951,0
Registrar General India BEL2,Urmila Info solution,2,0
Registrar General India BEL2,VIRGO SOFTECH LIMITED,29,0
Registrar General India BEL2,Vansh Infotech Pvt Ltd,595,0
Registrar General India BEL2,Vedavaag Systems Limited,237,21
Registrar General India BEL2,Viesa Technologies,140,1
Registrar General India BEL2,WEBEL,2,0
Registrar General India ECIL,AVVAS INFOTECH PVT  LTD,71,0
Registrar General India ECIL,BUSINESS INFORMATION PROCESSING SERVICES,23,0
Registrar General India ECIL,COMTECH INSTITUTE OFTECHNOLOGY,12,0
Registrar General India ECIL,COMTECHINFO SOLUTIONS PVT.LTD,3976,1093
Registrar General India ECIL,Chinar Construction Company Prime agency,9749,13
Registrar General India ECIL,Clairvoyance Technologies Pvt.,2,0
Registrar General India ECIL,Computer LAB,31088,2019
Registrar General India ECIL,Eagle Software India Pvt. Ltd,99039,292
Registrar General India ECIL,Esoft Consulting Limited,13,0
Registrar General India ECIL,Gundal Infotech Private Limited,1,0
Registrar General India ECIL,In Media Computer Services LLP,4165,33
Registrar General India ECIL,India Computer Technology,19048,3
Registrar General India ECIL,Integrated Systems & Services,500,0
Registrar General India ECIL,Karvy Data Management Services,8404,86
Registrar General India ECIL,Krishna Infotech,156,0
Registrar General India ECIL,LYRA  CONSULTANCY SERVICE,1210,0
Registrar General India ECIL,Madras Security Printers Ltd,54802,6869
Registrar General India ECIL,Mphasis Ltd,21,0
Registrar General India ECIL,Netwing Technologies Pvt Ltd,419,0
Registrar General India ECIL,Nielsen  India  Private Limited,11,0
Registrar General India ECIL,Pioneer E Labs limited,1266,0
Registrar General India ECIL,SARADA SYSTEMS,2114,0
Registrar General India ECIL,SWISSTECH NPR 57CR PROJECT PVT,5446,17
Registrar General India ECIL,Tera Software Ltd,84,0
Registrar General India ECIL,VEETECHNOLOGIES PVT. LTD,2,0
Registrar General India ECIL,Vedavaag Systems Limited,243,0
Registrar General India Others,COMTECHINFO SOLUTIONS PVT.LTD,1,0
Registrar General India Others,Clairvoyance Technologies Pvt.,3,2
Registrar General India Others,Eagle Software India Pvt. Ltd,2,0
Registrar General India Others,In Media Computer Services LLP,3,0
Registrar General India Others,Madras Security Printers Ltd,343,0
Registrar General India Others,Vedavaag Systems Limited,1,0
Registrar General of India ITI,COMTECH INSTITUTE OFTECHNOLOGY,1,0
Registrar General of India ITI,CommunitiWorks Welfare Society,1,0
Registrar General of India ITI,Eagle Software India Pvt. Ltd,54,0
Registrar General of India ITI,Emdee Digitronics Pvt.Ltd.,57956,242
Registrar General of India ITI,FINANCIAL INFORMATION NETWORK,0,25
Registrar General of India ITI,In Media Computer Services LLP,122,0
Registrar General of India ITI,Karvy Data Management Services,106,0
Registrar General of India ITI,MACRO INFOTECH PVT LTD,1,0
Registrar General of India ITI,Madras Security Printers Ltd,59,0
Registrar General of India ITI,Mphasis Ltd,13,0
Registrar General of India ITI,Netlink software Pvt Ltd,3,0
Registrar General of India ITI,Nielsen  India  Private Limited,281,0
Registrar General of India ITI,PROTEX COMPUTER PVT LTD,41,4
Registrar General of India ITI,Quick Data IT Services Pvt Ltd,105,2
Registrar General of India ITI,SREEVEN INFOCOM LIMITED,7,0
Registrar General of India ITI,STRATEGIC OUTSOURCING SERVICE,1064,0
Registrar General of India ITI,Satyanarayana Raju Company Pvt ltd,23,0
Registrar General of India ITI,Swathy Smartcards Hi-Tech Pvt,40,1
Registrar General of India ITI,TechSmart India Pvt Ltd,8,0
Registrar General of India ITI,Urmila Info solution,2,0
Registrar General of India ITI,VIRGO SOFTECH LIMITED,197,7
Registrar General of India ITI,Vedavaag Systems Limited,48,0
Registrar General of India ITI,WEBEL TECHNOLOGY LIMITED,11493,252
Registrar General of India ITI,Webx Technologies Private Limited,310,0
STATE BANK OF HYDERABAD,CSS TECHNERGY LIMITED,5,0
State Bank of Bikaner & Jaipur,Multiwave Innovation,83,0
State Bank of India,COMAT TECHNOLOGIES P LTD,1,0
State Bank of India,CSS TECHNERGY LIMITED,4,0
State Bank of India,Delhi Integrated MMTS Ltd,1,0
State Bank of India,IL&FS LTD,136,0
State Bank of India,Smart Chip Limited,27,0
State Bank of Travancore,Tera Software Ltd,2,0
UIDAI-Registrar,UIDAI-EA,21,1
UT of Puducherry,Madras Security Printers Ltd,6,0
Union Bank,FINANCIAL INFORMATION NETWORK,12074,225
Union Bank,Smart Chip Limited,8127,246
Union Bank,Vakrangee Softwares Limited,1735,45
