Registrar,Enrolment Agency,Aadhaar generated,Enrolment Rejected
Allahabad Bank,Vakrangee Softwares Limited,6,15
Bank Of India,A3 Logics  India  Ltd,1459,120
Bank Of India,Akanksha International,4,2
Bank Of India,Blue Circle Instrument,768,124
Bank Of India,CHESSY CONSULTANTS PVT LTD,119,16
Bank Of India,DATASOFT COMPUTER SERVICES(P),3338,277
Bank Of India,Emdee Digitronics Pvt.Ltd.,629,84
Bank Of India,Frontech Systems Pvt Ltd,542,121
Bank Of India,MANTRA SOFTTECH (INDIA) PVTLTD,1,1
Bank Of India,Matrix Processing House,30,23
Bank Of India,OSWAL COMPUTERS & CONSULTANTS,680,213
Bank Of India,PROTEX COMPUTER PVT LTD,2020,74
Bank Of India,SARADA SYSTEMS,2276,200
Bank Of India,SHRIKRISHNA KHANDASARI SUGAR M,1328,40
Bank Of India,SPANCO,5,5
Bank Of India,SREI INFRASTRUCTURE FINANCES L,8293,658
Bank Of India,Silver Touch Technologies Ltd,2,0
Bank Of India,Systematic & Advance Const P L,2,12
Bank Of India,VEETECHNOLOGIES PVT. LTD,1968,354
Bank Of India,VIRGO SOFTECH LIMITED,0,1
Bank Of India,Vakrangee Softwares Limited,10,27
Bank of Baroda,Global Finsol Private Limited,570,33
Bank of Maharashtra,FINANCIAL INFORMATION NETWORK,5,10
Bank of Maharashtra,Micro Technologies India Ltd,213,13
Bank of Maharashtra,Tera Software Ltd,2583,402
CSC e-Governance Services India Limited,A I Soc for Electronics and Comp Tech,4407,574
CSC e-Governance Services India Limited,AKSH OPTIFIBRE LIMITED,1440,91
CSC e-Governance Services India Limited,BASIX,2287,473
CSC e-Governance Services India Limited,CALANCE SOFTWARE PRIVATE LTD,123,11
CSC e-Governance Services India Limited,CMS Computers Ltd,7962,708
CSC e-Governance Services India Limited,CSC e-Governance Services India Limited,189,112
CSC e-Governance Services India Limited,Intelligent Communication Sys India Ltd,846,68
CSC e-Governance Services India Limited,MANTRA SOFTTECH (INDIA) PVTLTD,5180,128
CSC e-Governance Services India Limited,Mahaonline Limited,536,79
CSC e-Governance Services India Limited,Nekton IT India Pvt Ltd.,197,36
CSC e-Governance Services India Limited,Network for Information & Computer,587,197
CSC e-Governance Services India Limited,Reliance Communication Limited,1,0
CSC e-Governance Services India Limited,SPANCO,991,209
CSC e-Governance Services India Limited,Sahaj e-Village Limited,2240,108
CSC e-Governance Services India Limited,Tera Software Ltd,97,29
CSC e-Governance Services India Limited,United Telecoms e-Services Pvt Ltd,763,298
CSC e-Governance Services India Limited,VIKALP MULTIMEDIA,799,411
CSC e-Governance Services India Limited,Vakrangee Softwares Limited,0,53
CSC e-Governance Services India Limited,Vayam technologies Ltd,2640,158
CSC e-Governance Services India Limited,Vedavaag Systems Limited,1952,116
CSC e-Governance Services India Limited,Zephyr System Pvt.Ltd.,4108,267
Canara Bank,FINANCIAL INFORMATION NETWORK,6714,272
Canara Bank,Karvy Data Management Services,14919,471
Canara Bank,Ojus Healthcare Private Limited,54,14
Canara Bank,Osiris Infotech Pvt. Ltd.,343,65
Canara Bank,Smart Chip Limited,15332,882
Canara Bank,Virinchi Technologies Ltd,0,14
Central Bank of India,CALANCE SOFTWARE PRIVATE LTD,9,6
Central Bank of India,IAP COMPANY Pvt. Ltd,141,47
Central Bank of India,The Peerless General Finance,0,91
DENA BANK,APEX Services,893,25
DENA BANK,ATISHAY INFOTECH PVT. LTD.,2052,86
DENA BANK,AVVAS INFOTECH PVT  LTD,7586,262
DENA BANK,Asha Security Guard Services,3153,269
DENA BANK,BNR UDYOG LIMITED,57,5
DENA BANK,Binary Systems,365,81
DENA BANK,Bloom Solutions Pvt Ltd,24290,1064
DENA BANK,Blue Circle Instrument,3000,17
DENA BANK,Business Information Processing Services,2238,127
DENA BANK,CALANCE SOFTWARE PRIVATE LTD,2882,130
DENA BANK,DATASOFT COMPUTER SERVICES(P),3435,93
DENA BANK,DEVASHISH SECURITIES PVT. LTD.,25,1
DENA BANK,Eagle Software India Pvt. Ltd,1615,224
DENA BANK,FINANCIAL INFORMATION NETWORK,12910,362
DENA BANK,Gem Computers,137,157
DENA BANK,Gujarat Infotech Ltd.,910,57
DENA BANK,IAP COMPANY Pvt. Ltd,26493,1054
DENA BANK,India Computer Technology,55,89
DENA BANK,JNET Technologies Pvt.Ltd,12,74
DENA BANK,K W Consulting P Ltd,1316,204
DENA BANK,M/S STAR DATA CENTRE,722,36
DENA BANK,M/s Gold Square Builders & Promoters Pvt. Ltd.,1980,156
DENA BANK,MARS Telecom Systems Pvt Ltd,3097,94
DENA BANK,MEGHA VINCOM PVT LTD,16909,396
DENA BANK,MKS Enterprises,1013,176
DENA BANK,Make India Smart Private Limited,761,148
DENA BANK,Multiwave Innovation,2271,321
DENA BANK,NVR & ASSOCIATES LIMITED,5298,180
DENA BANK,Narayana Electricals Solution Pvt Ltd,0,5
DENA BANK,Netlink software Pvt Ltd,3504,330
DENA BANK,Nielsen  India  Private Limited,11368,1237
DENA BANK,Offshoot Agency Pvt. Ltd.,2714,134
DENA BANK,Ortem Securities Limited,135,20
DENA BANK,Prodigy Systems and Services Private Limited,103,5
DENA BANK,Radiant Haroti Industries India Ltd,6153,735
DENA BANK,SGS INDIA PVT LTD,2702,240
DENA BANK,Silver Touch Technologies Ltd,588,23
DENA BANK,Sixth Dimension Project Solutions Ltd,70,3
DENA BANK,Soc for Advancement of Environ Science,159,35
DENA BANK,SoftAge Information Technology Limited,57,1
DENA BANK,Super Printers,1596,67
DENA BANK,Systematic & Advance Const P L,151,33
DENA BANK,TechSmart India Pvt Ltd,4345,134
DENA BANK,Tera Software Ltd,6909,654
DENA BANK,The NSIC ltd,1,13
DENA BANK,Transline Technologies P Ltd,6950,323
DENA BANK,Utility Forms Pvt Ltd,795,48
DENA BANK,VAP INFOSOLUTIONS,5640,225
DENA BANK,VISION COMPTECH INTEGRATOR LTD,4281,193
DENA BANK,Vedavaag Systems Limited,7033,612
DENA BANK,WEBEL,20524,1095
DENA BANK,Wipro Ltd,4514,298
DENA BANK,Zephyr System Pvt.Ltd.,4303,343
Delhi - Central DC,Smart Chip Limited,0,7
Delhi - East DC,DATASOFT COMPUTER SERVICES(P),46,5
Delhi - ND DC,Smart Chip Limited,0,2
Delhi - NE DC,Smart Chip Limited,0,7
Delhi - North DC,CALANCE SOFTWARE PRIVATE LTD,77,23
Delhi - North DC,NVR & ASSOCIATES LIMITED,0,3
Delhi - North DC,Smart Chip Limited,0,3
Delhi SW DC,VIRGO SOFTECH LIMITED,0,2
Delhi- South DC,Karvy Computershare Private Li,1,3
Delhi- West DC,Smart Chip Limited,0,3
Delhi- West DC,VIRGO SOFTECH LIMITED,1,9
Delhi-NW DC,Karvy Computershare Private Li,5,6
Department of Information Technology Govt of Jharkhand,MKS Enterprises,0,2
Department of Information Technology Govt of Jharkhand,Wipro Ltd,698,24
Dept of ITC Govt of Rajasthan,ATISHAY INFOTECH PVT. LTD.,18,18
Dept of ITC Govt of Rajasthan,AVVAS INFOTECH PVT  LTD,816,96
Dept of ITC Govt of Rajasthan,Alankit Finsec Ltd,2,0
Dept of ITC Govt of Rajasthan,Business Information Processing Services,0,1
Dept of ITC Govt of Rajasthan,DATASOFT COMPUTER SERVICES(P),1,70
Dept of ITC Govt of Rajasthan,Gem Computers,0,3
Dept of ITC Govt of Rajasthan,MANTRA SOFTTECH (INDIA) PVTLTD,1,0
Dept of ITC Govt of Rajasthan,Multiwave Innovation,0,27
Dept of ITC Govt of Rajasthan,Netlink software Pvt Ltd,0,3
Dept of ITC Govt of Rajasthan,TechSmart India Pvt Ltd,329,78
Dept of ITC Govt of Rajasthan,Transline Technologies P Ltd,274,19
Dept of ITC Govt of Rajasthan,VIRGO SOFTECH LIMITED,0,3
Dept of ITC Govt of Rajasthan,Vakrangee Softwares Limited,19,74
Dept of ITC Govt of Rajasthan,Vayam technologies Ltd,3,4
FCR Govt of Haryana,4G INFORMATICS,3,9
FCR Govt of Haryana,Academy of Management Studies,82,26
FCR Govt of Haryana,Radiant Info Systems Ltd,467,72
FCR Govt of Haryana,SoftAge Information Technology Limited,844,163
FCR Govt of Haryana,Vakrangee Softwares Limited,1,27
FCR Govt of Haryana,Vayam technologies Ltd,50,6
FCS Govt of Punjab,District Sukhmani Society  Jalandhar  Punjab,83,1
FCS Govt of Punjab,District Sukhmani Society  Ludhiana  Punjab,101,22
FCS Govt of Punjab,District Sukhmani Society  Moga  Punjab,103,7
FCS Govt of Punjab,District Sukhmani Society Amritsar Punjab,43,14
FCS Govt of Punjab,District Sukhmani Society Barnala Punjab,103,23
FCS Govt of Punjab,District Sukhmani Society Bathinda Punjab,46,10
FCS Govt of Punjab,District Sukhmani Society Fatehgarh Sahib Punjab,19,9
FCS Govt of Punjab,District Sukhmani Society Fazilka Punjab,27,3
FCS Govt of Punjab,District Sukhmani Society Ferozepur Punjab,15,3
FCS Govt of Punjab,District Sukhmani Society For Citizen Services Mansa Punjab,12,5
FCS Govt of Punjab,District Sukhmani Society For Citizen Services Nawanshahr Punjab,49,4
FCS Govt of Punjab,District Sukhmani Society For Citizen Services SAS Nagar District e-Governance Society Punjab,40,8
FCS Govt of Punjab,District Sukhmani Society Pathankot Punjab,22,5
FCS Govt of Punjab,District Sukhmani Society Patiala Punjab,65,7
FCS Govt of Punjab,District Sukhmani Society Rupnagar Punjab,27,4
FCS Govt of Punjab,District Sukhmani Society Sangrur Punjab,54,17
FCS Govt of Punjab,District Sukhmani Society Sri Muktsar Sahib Punjab,15,6
FCS Govt of Punjab,District Sukhmani Society Tarn Taran Punjab,7,2
FCS Govt of Punjab,Karvy Computershare Private Li,87,278
FCS Govt of Punjab,Sukhmani Society For Citizen Services  Kapurthala  Punjab,1,2
FCS Govt of Punjab,Sukhmani Society For Citizen Services Gurdaspur Punjab,13,0
FCS Govt of Punjab,Sukhmani Society For Citizens Services Faridkot Punjab,81,11
FCS Govt of Punjab,Suwidha Society Hoshiarpur Punjab,140,2
FCS Govt of Punjab,Vayam technologies Ltd,41,17
FCS Govt of Punjab,eCentric solutions pvt ltd,370,146
Govt of Andhra Pradesh,Gouthami Educational Society,11,42
Govt of Andhra Pradesh,GrapeSoft,776,138
Govt of Andhra Pradesh,IL&FS LTD,0,8
Govt of Andhra Pradesh,INFRONICS SYSTEMS LTD,0,53
Govt of Andhra Pradesh,Madras Security Printers Ltd,0,4
Govt of Andhra Pradesh,SREEVEN INFOCOM LIMITED,0,18
Govt of Andhra Pradesh,TechSmart India Pvt Ltd,45,2
Govt of Andhra Pradesh,Tera Software Ltd,0,35
Govt of Goa,MARS Telecom Systems Pvt Ltd,218,12
Govt of Goa,Tera Software Ltd,0,1
Govt of Gujarat,GSS Infotech Ltd,153,8
Govt of Gujarat,Karvy Computershare Private Li,2617,274
Govt of Gujarat,Silver Touch Technologies Ltd,1986,68
Govt of Gujarat,Tera Software Ltd,4049,141
Govt of Gujarat,Transline Technologies P Ltd,978,174
Govt of Gujarat,Vayam technologies Ltd,141,21
Govt of Gujarat,eCentric solutions pvt ltd,150,13
Govt of Himachal Pradesh,Wipro Ltd,0,1
Govt of Himachal Pradesh,i-Grandee SoftwareTechnologies,2,11
Govt of Karnataka ,BNR UDYOG LIMITED,0,2
Govt of Karnataka ,Bloom Solutions Pvt Ltd,2,2
Govt of Karnataka ,MARS Telecom Systems Pvt Ltd,6,21
Govt of Karnataka ,Ninestars Information Technologies Ltd,3,3
Govt of Karnataka ,Om Softwares,0,1
Govt of Karnataka ,Origin ITFS Pvt Ltd,2,36
Govt of Karnataka ,SREEVEN INFOCOM LIMITED,722,16
Govt of Kerala,Akshaya,3712,334
Govt of Kerala,Keltron,81,1
Govt of Maharashtra,Alankit Finsec Ltd,0,1
Govt of Maharashtra,Bharat Technical Solutions Private Limited,60,5
Govt of Maharashtra,Eagle press pvt ltd,19,0
Govt of Maharashtra,Global Finsol Private Limited,1,4
Govt of Maharashtra,Karvy Computershare Private Li,540,93
Govt of Maharashtra,M/S King Computer System pvt Ltd,0,10
Govt of Maharashtra,M/s. Vidya Online  Pune,20,0
Govt of Maharashtra,Netlink software Pvt Ltd,52,24
Govt of Maharashtra,Rudranee Infotech Ltd,17,3
Govt of Maharashtra,SETU MAHARASHTRA,251,16
Govt of Maharashtra,SHREERAM PRINTING PRESS,4,3
Govt of Maharashtra,SILVER JUBILEE MOTORS LTD.,18,5
Govt of Maharashtra,SPANCO,1,1
Govt of Maharashtra,STRATEGIC OUTSOURCING SERVICE,72,7
Govt of Maharashtra,Silver Touch Technologies Ltd,2,3
Govt of Maharashtra,Tera Software Ltd,0,2
Govt of Maharashtra,Transline Technologies P Ltd,805,10
Govt of Maharashtra,Vidarbha Infotech Pvt Ltd,23,2
Govt of Sikkim - Dept of Econo,Department of Economics Statistics  Monitoring and Evaluation DESME,50,3
IDBI Bank ltd,ATISHAY INFOTECH PVT. LTD.,73,23
IDBI Bank ltd,Matrix Processing House,149,15
IDBI Bank ltd,Pioneer E Labs limited,0,1
IDBI Bank ltd,SREEVEN INFOCOM LIMITED,6,12
IDBI Bank ltd,UTI TECHNOLOGY SERVICES LIMITE,6,6
Indian Bank,Redim Software Technologies Pvt Ltd,65,6
Indiapost,Delhi Integrated MMTS Ltd,13,15
Indiapost,Global Finsol Private Limited,2,16
Indiapost,MARS Telecom Systems Pvt Ltd,2,11
Indiapost,Smart Chip Limited,0,1
Indiapost,The NSIC ltd,0,3
Indiapost,Vayam technologies Ltd,93,41
Indiapost,WEBEL,3,2
Information Technology & Communication Department,Bloom Solutions Pvt Ltd,0,1
Information Technology & Communication Department,Directorate of ESD,16585,4784
Information Technology & Communication Department,JYOTHI COMPUTER SERVICES,1,5
Information Technology & Communication Department,MARS Telecom Systems Pvt Ltd,66,27
Information Technology & Communication Department,SREEVEN INFOCOM LIMITED,0,26
Information Technology & Communication Department,Tera Software Ltd,0,16
Jharkhand,Emdee Digitronics Pvt.Ltd.,0,1
Jharkhand,IL&FS LTD,0,9
Jharkhand,MKS Enterprises,0,3
Jharkhand,Nevaeh Technology Pvt. Ltd.,0,11
Jharkhand,Smart Chip Limited,0,2
Jharkhand,Systematic & Advance Const P L,0,15
Jharkhand,VISION COMPTECH INTEGRATOR LTD,0,3
Jharkhand,Wipro Ltd,15,28
Mission Convergence - GNCT Del,Karvy Computershare Private Li,0,4
NSDL e-Governance Infrastructure Limited,Abhipra Capital Ltd,2644,177
NSDL e-Governance Infrastructure Limited,Alankit Assignments Limited,89,15
NSDL e-Governance Infrastructure Limited,Alankit Finsec Ltd,8235,911
NSDL e-Governance Infrastructure Limited,Delhi Integrated MMTS Ltd,1,1
NSDL e-Governance Infrastructure Limited,Gujarat Infotech Ltd.,9464,429
NSDL e-Governance Infrastructure Limited,Karvy Data Management Services,60718,5694
NSDL e-Governance Infrastructure Limited,N.K. Sharma Enterprises Ltd.,557,48
NSDL e-Governance Infrastructure Limited,Netlink software Pvt Ltd,184,55
NSDL e-Governance Infrastructure Limited,Offshoot Agency Pvt. Ltd.,711,103
NSDL e-Governance Infrastructure Limited,PROWIZ MANSYTEMS PVT LTD,160,4
NSDL e-Governance Infrastructure Limited,Promind Solutions P Limited,10615,801
NSDL e-Governance Infrastructure Limited,RELIGARE SECURITIES LTD,2435,124
NSDL e-Governance Infrastructure Limited,Radiant Haroti Industries India Ltd,2317,112
NSDL e-Governance Infrastructure Limited,Sri Ramraja Sarkar Lok Kalyan Trust,3037,326
NSDL e-Governance Infrastructure Limited,Utility Forms Pvt Ltd,3272,251
NSDL e-Governance Infrastructure Limited,VIRGO SOFTECH LIMITED,7,8
Oriental Bank of Commerce,DATASOFT COMPUTER SERVICES(P),717,43
Oriental Bank of Commerce,JNET Technologies Pvt.Ltd,2,14
Oriental Bank of Commerce,Redim Software Technologies Pvt Ltd,1,0
Oriental Bank of Commerce,Sri Ramraja Sarkar Lok Kalyan Trust,856,36
Oriental Bank of Commerce,Wipro Ltd,12,16
Principal Revenue Commissioner  Dept of Revenue  Govt of MP,Frontech Systems Pvt Ltd,27,20
Principal Revenue Commissioner  Dept of Revenue  Govt of MP,GDC Advertising Pvt. Limited,4,11
Principal Revenue Commissioner  Dept of Revenue  Govt of MP,K W Consulting P Ltd,25,50
Principal Revenue Commissioner  Dept of Revenue  Govt of MP,LYRA  CONSULTANCY SERVICE,34,16
Principal Revenue Commissioner  Dept of Revenue  Govt of MP,Netlink software Pvt Ltd,0,4
Principal Revenue Commissioner  Dept of Revenue  Govt of MP,OSWAL COMPUTERS & CONSULTANTS,8,14
Principal Revenue Commissioner  Dept of Revenue  Govt of MP,Tera Software Ltd,9,19
Principal Revenue Commissioner  Dept of Revenue  Govt of MP,Vedavaag Systems Limited,1633,153
Punjab and Sind Bank,Matrix Processing House,874,61
Registrar General India - BEL,In Media Computer Services LLP,0,2
Registrar General India BEL2,Alankit Assignments Limited,1,1
Registrar General India BEL2,Bharat Electronics Limited,0,1
Registrar General India BEL2,Chinar Construction Company Prime agency,7,13
Registrar General India BEL2,Computer LAB,16,5
Registrar General India BEL2,Eagle Software India Pvt. Ltd,0,2
Registrar General India BEL2,Emdee Digitronics Pvt.Ltd.,1,11
Registrar General India BEL2,In Media Computer Services LLP,581,289
Registrar General India BEL2,India Computer Technology,2,21
Registrar General India BEL2,Karvy Data Management Services,113,75
Registrar General India BEL2,MACRO INFOTECH PVT LTD,0,8
Registrar General India BEL2,MKS Enterprises,5,135
Registrar General India BEL2,Madras Security Printers Ltd,37,29
Registrar General India BEL2,Manipur Electronics Dev Corp,48,0
Registrar General India BEL2,Multiwave Innovation,59,31
Registrar General India BEL2,NVR & ASSOCIATES LIMITED,4,9
Registrar General India BEL2,Netlink software Pvt Ltd,0,5
Registrar General India BEL2,Nevaeh Technology Pvt. Ltd.,63,60
Registrar General India BEL2,Nielsen  India  Private Limited,262,351
Registrar General India BEL2,Om Softwares,408,773
Registrar General India BEL2,SREI INFRASTRUCTURE FINANCES L,147,7
Registrar General India BEL2,STRATEGIC OUTSOURCING SERVICE,12,3
Registrar General India BEL2,Satyanarayana Raju Company Pvt ltd,2083,90
Registrar General India BEL2,Swathy Smartcards Hi-Tech Pvt,7,65
Registrar General India BEL2,Swiss Tech India Pvt Ltd,1,5
Registrar General India BEL2,Tera Software Ltd,840,232
Registrar General India BEL2,UNITED DATA SERVICES PRIVATE LIMITED,95,10
Registrar General India BEL2,VIRGO SOFTECH LIMITED,26,46
Registrar General India BEL2,Vansh Infotech Pvt Ltd,46,7
Registrar General India BEL2,Vayam technologies Ltd,1,2
Registrar General India BEL2,Vedavaag Systems Limited,712,28
Registrar General India BEL2,Viesa Technologies,122,7
Registrar General India ECIL,AVVAS INFOTECH PVT  LTD,48,15
Registrar General India ECIL,BUSINESS INFORMATION PROCESSING SERVICES,9,15
Registrar General India ECIL,COMTECH INSTITUTE OFTECHNOLOGY,3,1
Registrar General India ECIL,COMTECHINFO SOLUTIONS PVT.LTD,1540,133
Registrar General India ECIL,Chinar Construction Company Prime agency,14875,333
Registrar General India ECIL,Computer LAB,16483,4002
Registrar General India ECIL,Eagle Software India Pvt. Ltd,47357,1462
Registrar General India ECIL,Esoft Consulting Limited,30,20
Registrar General India ECIL,Gundal Infotech Private Limited,0,1
Registrar General India ECIL,In Media Computer Services LLP,121,85
Registrar General India ECIL,India Computer Technology,60,481
Registrar General India ECIL,Integrated Systems & Services,203,3
Registrar General India ECIL,Karvy Data Management Services,1807,228
Registrar General India ECIL,LYRA  CONSULTANCY SERVICE,537,9
Registrar General India ECIL,Madras Security Printers Ltd,50988,16296
Registrar General India ECIL,Mphasis Ltd,0,2
Registrar General India ECIL,Nielsen  India  Private Limited,2,4
Registrar General India ECIL,SARADA SYSTEMS,3,82
Registrar General India ECIL,SWISSTECH NPR 57CR PROJECT PVT,3,34
Registrar General India ECIL,Tera Software Ltd,1,3
Registrar General India ECIL,Vedavaag Systems Limited,2,8
Registrar General India Others,COMTECHINFO SOLUTIONS PVT.LTD,2,0
Registrar General India Others,Clairvoyance Technologies Pvt.,18,2
Registrar General India Others,Computer LAB,0,1
Registrar General India Others,Eagle Software India Pvt. Ltd,100,0
Registrar General India Others,Madras Security Printers Ltd,0,111
Registrar General of India ITI,COMTECH INSTITUTE OFTECHNOLOGY,0,1
Registrar General of India ITI,CommunitiWorks Welfare Society,0,1
Registrar General of India ITI,Eagle Software India Pvt. Ltd,12,13
Registrar General of India ITI,Emdee Digitronics Pvt.Ltd.,51535,1253
Registrar General of India ITI,FINANCIAL INFORMATION NETWORK,0,448
Registrar General of India ITI,In Media Computer Services LLP,4,2
Registrar General of India ITI,Karvy Data Management Services,30,38
Registrar General of India ITI,MACRO INFOTECH PVT LTD,0,1
Registrar General of India ITI,Madras Security Printers Ltd,1,17
Registrar General of India ITI,Mphasis Ltd,0,2
Registrar General of India ITI,Multiwave Innovation,0,1
Registrar General of India ITI,Nielsen  India  Private Limited,3,2
Registrar General of India ITI,PROTEX COMPUTER PVT LTD,1,3
Registrar General of India ITI,Quick Data IT Services Pvt Ltd,98,4
Registrar General of India ITI,SREI INFRASTRUCTURE FINANCES L,0,1
Registrar General of India ITI,STRATEGIC OUTSOURCING SERVICE,1,11
Registrar General of India ITI,Satyanarayana Raju Company Pvt ltd,2,46
Registrar General of India ITI,Swathy Smartcards Hi-Tech Pvt,2,3
Registrar General of India ITI,TechSmart India Pvt Ltd,0,1
Registrar General of India ITI,VEETECHNOLOGIES PVT. LTD,1,0
Registrar General of India ITI,VIRGO SOFTECH LIMITED,139,28
Registrar General of India ITI,Vedavaag Systems Limited,2,1
Registrar General of India ITI,WEBEL TECHNOLOGY LIMITED,7055,442
Registrar General of India ITI,Webx Technologies Private Limited,321,0
State Bank of Bikaner & Jaipur,Multiwave Innovation,1,16
UIDAI-Registrar,UIDAI-EA,26,9
UT of Puducherry,Madras Security Printers Ltd,23,5
Union Bank,FINANCIAL INFORMATION NETWORK,3437,588
Union Bank,Smart Chip Limited,2300,542
Union Bank,Vakrangee Softwares Limited,1183,215
