Registrar,Enrolment Agency,Aadhaar generated,Enrolment Rejected
Allahabad Bank,Vakrangee Softwares Limited,44,3
Bank Of India,A3 Logics  India  Ltd,128,204
Bank Of India,Akanksha International,0,3
Bank Of India,Blue Circle Instrument,470,148
Bank Of India,CHESSY CONSULTANTS PVT LTD,43,4
Bank Of India,DATASOFT COMPUTER SERVICES(P),2228,599
Bank Of India,Emdee Digitronics Pvt.Ltd.,1720,399
Bank Of India,Frontech Systems Pvt Ltd,615,45
Bank Of India,Matrix Processing House,0,6
Bank Of India,OSWAL COMPUTERS & CONSULTANTS,41,117
Bank Of India,PROTEX COMPUTER PVT LTD,145,61
Bank Of India,SARADA SYSTEMS,1248,78
Bank Of India,SHRIKRISHNA KHANDASARI SUGAR M,285,27
Bank Of India,SPANCO,0,3
Bank Of India,SREI INFRASTRUCTURE FINANCES L,5390,1105
Bank Of India,Silver Touch Technologies Ltd,0,2
Bank Of India,Systematic & Advance Const P L,0,2
Bank Of India,VEETECHNOLOGIES PVT. LTD,643,226
Bank Of India,Vakrangee Softwares Limited,0,2
Bank of Baroda,DATASOFT COMPUTER SERVICES(P),0,1
Bank of Baroda,Global Finsol Private Limited,2,17
Bank of Maharashtra,Alankit Finsec Ltd,0,1
Bank of Maharashtra,FINANCIAL INFORMATION NETWORK,59,15
Bank of Maharashtra,Micro Technologies India Ltd,5,7
Bank of Maharashtra,Tera Software Ltd,317,425
CSC e-Governance Services India Limited,A I Soc for Electronics and Comp Tech,2280,896
CSC e-Governance Services India Limited,AKSH OPTIFIBRE LIMITED,955,196
CSC e-Governance Services India Limited,BASIX,765,680
CSC e-Governance Services India Limited,CALANCE SOFTWARE PRIVATE LTD,22,17
CSC e-Governance Services India Limited,CMS Computers Ltd,2806,902
CSC e-Governance Services India Limited,CSC e-Governance Services India Limited,122,467
CSC e-Governance Services India Limited,Intelligent Communication Sys India Ltd,93,273
CSC e-Governance Services India Limited,MANTRA SOFTTECH (INDIA) PVTLTD,63,93
CSC e-Governance Services India Limited,Mahaonline Limited,220,147
CSC e-Governance Services India Limited,Nekton IT India Pvt Ltd.,25,11
CSC e-Governance Services India Limited,Network for Information & Computer,796,166
CSC e-Governance Services India Limited,Reliance Communication Limited,0,1
CSC e-Governance Services India Limited,SPANCO,758,455
CSC e-Governance Services India Limited,Sahaj e-Village Limited,320,80
CSC e-Governance Services India Limited,Tera Software Ltd,26,41
CSC e-Governance Services India Limited,United Telecoms e-Services Pvt Ltd,1253,725
CSC e-Governance Services India Limited,VIKALP MULTIMEDIA,586,328
CSC e-Governance Services India Limited,Vakrangee Softwares Limited,1,8
CSC e-Governance Services India Limited,Vayam technologies Ltd,851,141
CSC e-Governance Services India Limited,Vedavaag Systems Limited,1225,139
CSC e-Governance Services India Limited,Zephyr System Pvt.Ltd.,812,668
Canara Bank,FINANCIAL INFORMATION NETWORK,2203,296
Canara Bank,Karvy Data Management Services,1481,303
Canara Bank,Ojus Healthcare Private Limited,8,18
Canara Bank,Osiris Infotech Pvt. Ltd.,37,161
Canara Bank,Smart Chip Limited,2700,858
Canara Bank,Virinchi Technologies Ltd,687,22
Central Bank of India,CALANCE SOFTWARE PRIVATE LTD,0,57
Central Bank of India,IAP COMPANY Pvt. Ltd,23,81
Central Bank of India,The Peerless General Finance,0,151
DENA BANK,APEX Services,432,113
DENA BANK,ATISHAY INFOTECH PVT. LTD.,2109,168
DENA BANK,AVVAS INFOTECH PVT  LTD,697,357
DENA BANK,Asha Security Guard Services,3302,275
DENA BANK,BNR UDYOG LIMITED,2167,40
DENA BANK,Binary Systems,1285,114
DENA BANK,Bloom Solutions Pvt Ltd,10245,552
DENA BANK,Business Information Processing Services,1312,228
DENA BANK,CALANCE SOFTWARE PRIVATE LTD,1690,320
DENA BANK,DATASOFT COMPUTER SERVICES(P),1165,167
DENA BANK,DEVASHISH SECURITIES PVT. LTD.,4,13
DENA BANK,Eagle Software India Pvt. Ltd,3010,222
DENA BANK,FINANCIAL INFORMATION NETWORK,3155,387
DENA BANK,Gem Computers,435,555
DENA BANK,Gujarat Infotech Ltd.,16,27
DENA BANK,IAP COMPANY Pvt. Ltd,7800,1763
DENA BANK,India Computer Technology,664,65
DENA BANK,JNET Technologies Pvt.Ltd,821,72
DENA BANK,K W Consulting P Ltd,1445,482
DENA BANK,M/S STAR DATA CENTRE,801,91
DENA BANK,M/s Gold Square Builders & Promoters Pvt. Ltd.,1115,705
DENA BANK,MARS Telecom Systems Pvt Ltd,0,32
DENA BANK,MEGHA VINCOM PVT LTD,7953,703
DENA BANK,MKS Enterprises,8,409
DENA BANK,Make India Smart Private Limited,1880,335
DENA BANK,Multiwave Innovation,1970,377
DENA BANK,NVR & ASSOCIATES LIMITED,1597,400
DENA BANK,Narayana Electricals Solution Pvt Ltd,0,1
DENA BANK,Netlink software Pvt Ltd,1848,664
DENA BANK,Nielsen  India  Private Limited,9834,1032
DENA BANK,Offshoot Agency Pvt. Ltd.,1448,521
DENA BANK,Ortem Securities Limited,1,105
DENA BANK,Prodigy Systems and Services Private Limited,3,6
DENA BANK,Radiant Haroti Industries India Ltd,434,466
DENA BANK,SGS INDIA PVT LTD,2181,265
DENA BANK,Silver Touch Technologies Ltd,359,76
DENA BANK,Sixth Dimension Project Solutions Ltd,161,21
DENA BANK,Soc for Advancement of Environ Science,11,175
DENA BANK,Super Printers,719,91
DENA BANK,Systematic & Advance Const P L,28,38
DENA BANK,TechSmart India Pvt Ltd,1515,229
DENA BANK,Tera Software Ltd,4718,704
DENA BANK,The NSIC ltd,0,29
DENA BANK,Transline Technologies P Ltd,2363,350
DENA BANK,Utility Forms Pvt Ltd,1740,92
DENA BANK,VAP INFOSOLUTIONS,692,307
DENA BANK,VISION COMPTECH INTEGRATOR LTD,1626,148
DENA BANK,Vedavaag Systems Limited,2262,642
DENA BANK,WEBEL,6450,958
DENA BANK,Wipro Ltd,2236,406
DENA BANK,Zephyr System Pvt.Ltd.,2892,414
Delhi - East DC,DATASOFT COMPUTER SERVICES(P),2,54
Delhi - NE DC,Smart Chip Limited,0,5
Delhi - North DC,CALANCE SOFTWARE PRIVATE LTD,35,30
Delhi - North DC,NVR & ASSOCIATES LIMITED,0,17
Delhi - North DC,Smart Chip Limited,0,2
Delhi SW DC,VIRGO SOFTECH LIMITED,0,1
Delhi Urban Shelter Improvemen,Tera Software Ltd,0,1
Delhi- South DC,Karvy Computershare Private Li,0,9
Delhi- South DC,eCentric solutions pvt ltd,0,2
Delhi- West DC,VIRGO SOFTECH LIMITED,0,4
Delhi-NW DC,Karvy Computershare Private Li,0,21
Delhi-NW DC,STRATEGIC OUTSOURCING SERVICE,0,1
Department of Information Technology Govt of Jharkhand,Blue Circle Instrument,0,3
Department of Information Technology Govt of Jharkhand,MKS Enterprises,0,6
Department of Information Technology Govt of Jharkhand,Systematic & Advance Const P L,0,1
Department of Information Technology Govt of Jharkhand,Wipro Ltd,1,38
Dept of ITC Govt of Rajasthan,ATISHAY INFOTECH PVT. LTD.,0,16
Dept of ITC Govt of Rajasthan,AVVAS INFOTECH PVT  LTD,11,84
Dept of ITC Govt of Rajasthan,Alankit Finsec Ltd,0,2
Dept of ITC Govt of Rajasthan,DATASOFT COMPUTER SERVICES(P),1,190
Dept of ITC Govt of Rajasthan,Gem Computers,0,5
Dept of ITC Govt of Rajasthan,MANTRA SOFTTECH (INDIA) PVTLTD,0,3
Dept of ITC Govt of Rajasthan,Netlink software Pvt Ltd,0,3
Dept of ITC Govt of Rajasthan,TechSmart India Pvt Ltd,7,24
Dept of ITC Govt of Rajasthan,Transline Technologies P Ltd,103,33
Dept of ITC Govt of Rajasthan,VIRGO SOFTECH LIMITED,0,6
Dept of ITC Govt of Rajasthan,Vakrangee Softwares Limited,2,49
Dept of ITC Govt of Rajasthan,Vayam technologies Ltd,0,19
FCR Govt of Haryana,4G INFORMATICS,0,130
FCR Govt of Haryana,Academy of Management Studies,29,141
FCR Govt of Haryana,Radiant Info Systems Ltd,153,250
FCR Govt of Haryana,SoftAge Information Technology Limited,68,407
FCR Govt of Haryana,Vakrangee Softwares Limited,0,2
FCR Govt of Haryana,Vayam technologies Ltd,8,25
FCS Govt of Punjab,Alankit Assignments Limited,0,1
FCS Govt of Punjab,CSS TECHNERGY LIMITED,0,1
FCS Govt of Punjab,District Sukhmani Society  Jalandhar  Punjab,31,21
FCS Govt of Punjab,District Sukhmani Society  Ludhiana  Punjab,35,84
FCS Govt of Punjab,District Sukhmani Society  Moga  Punjab,5,20
FCS Govt of Punjab,District Sukhmani Society Amritsar Punjab,5,84
FCS Govt of Punjab,District Sukhmani Society Barnala Punjab,35,57
FCS Govt of Punjab,District Sukhmani Society Bathinda Punjab,27,41
FCS Govt of Punjab,District Sukhmani Society Fatehgarh Sahib Punjab,11,12
FCS Govt of Punjab,District Sukhmani Society Fazilka Punjab,7,19
FCS Govt of Punjab,District Sukhmani Society Ferozepur Punjab,7,28
FCS Govt of Punjab,District Sukhmani Society For Citizen Services Mansa Punjab,5,55
FCS Govt of Punjab,District Sukhmani Society For Citizen Services Nawanshahr Punjab,28,52
FCS Govt of Punjab,District Sukhmani Society For Citizen Services SAS Nagar District e-Governance Society Punjab,10,37
FCS Govt of Punjab,District Sukhmani Society Pathankot Punjab,8,11
FCS Govt of Punjab,District Sukhmani Society Patiala Punjab,42,61
FCS Govt of Punjab,District Sukhmani Society Rupnagar Punjab,3,19
FCS Govt of Punjab,District Sukhmani Society Sangrur Punjab,7,65
FCS Govt of Punjab,District Sukhmani Society Sri Muktsar Sahib Punjab,0,22
FCS Govt of Punjab,District Sukhmani Society Tarn Taran Punjab,12,19
FCS Govt of Punjab,Karvy Computershare Private Li,0,30
FCS Govt of Punjab,Sukhmani Society For Citizen Services  Kapurthala  Punjab,2,8
FCS Govt of Punjab,Sukhmani Society For Citizen Services Gurdaspur Punjab,3,6
FCS Govt of Punjab,Sukhmani Society For Citizens Services Faridkot Punjab,74,39
FCS Govt of Punjab,Suwidha Society Hoshiarpur Punjab,4,16
FCS Govt of Punjab,Vayam technologies Ltd,1,31
FCS Govt of Punjab,eCentric solutions pvt ltd,88,82
Govt of Andhra Pradesh,Gouthami Educational Society,1,81
Govt of Andhra Pradesh,GrapeSoft,13,28
Govt of Andhra Pradesh,INFRONICS SYSTEMS LTD,0,14
Govt of Andhra Pradesh,TechSmart India Pvt Ltd,0,2
Govt of Andhra Pradesh,Tera Software Ltd,0,4
Govt of Goa,MARS Telecom Systems Pvt Ltd,135,17
Govt of Gujarat,GSS Infotech Ltd,29,22
Govt of Gujarat,Karvy Computershare Private Li,4101,265
Govt of Gujarat,Silver Touch Technologies Ltd,1052,173
Govt of Gujarat,Tera Software Ltd,424,134
Govt of Gujarat,Transline Technologies P Ltd,477,16
Govt of Gujarat,Vayam technologies Ltd,7,24
Govt of Gujarat,eCentric solutions pvt ltd,0,6
Govt of Himachal Pradesh,IL&FS LTD,0,1
Govt of Himachal Pradesh,Wipro Ltd,0,1
Govt of Himachal Pradesh,i-Grandee SoftwareTechnologies,0,3
Govt of Karnataka ,BNR UDYOG LIMITED,0,1
Govt of Karnataka ,Bloom Solutions Pvt Ltd,2,1
Govt of Karnataka ,MARS Telecom Systems Pvt Ltd,1,3
Govt of Karnataka ,Ninestars Information Technologies Ltd,0,33
Govt of Karnataka ,Om Softwares,2,1
Govt of Karnataka ,Origin ITFS Pvt Ltd,5,45
Govt of Karnataka ,SREEVEN INFOCOM LIMITED,2,59
Govt of Kerala,Akshaya,2611,2357
Govt of Kerala,Keltron,0,4
Govt of Madhya Pradesh,VIRGO SOFTECH LIMITED,0,2
Govt of Maharashtra,Alankit Finsec Ltd,0,4
Govt of Maharashtra,Bharat Technical Solutions Private Limited,3,3
Govt of Maharashtra,Eagle press pvt ltd,0,1
Govt of Maharashtra,Global Finsol Private Limited,0,3
Govt of Maharashtra,Karvy Computershare Private Li,11,135
Govt of Maharashtra,M/S King Computer System pvt Ltd,0,6
Govt of Maharashtra,M/s. Vidya Online  Pune,2,1
Govt of Maharashtra,Narayana Electricals Solution Pvt Ltd,0,5
Govt of Maharashtra,Netlink software Pvt Ltd,102,58
Govt of Maharashtra,Rudranee Infotech Ltd,0,57
Govt of Maharashtra,SETU MAHARASHTRA,0,33
Govt of Maharashtra,SHREERAM PRINTING PRESS,0,24
Govt of Maharashtra,SILVER JUBILEE MOTORS LTD.,0,3
Govt of Maharashtra,SPANCO,0,12
Govt of Maharashtra,STRATEGIC OUTSOURCING SERVICE,3,11
Govt of Maharashtra,Silver Touch Technologies Ltd,0,5
Govt of Maharashtra,TechSmart India Pvt Ltd,0,2
Govt of Maharashtra,Tera Software Ltd,0,1
Govt of Maharashtra,Transline Technologies P Ltd,0,28
Govt of Maharashtra,Vidarbha Infotech Pvt Ltd,2,3
Govt of Maharashtra,Wipro Ltd,0,1
Govt of Sikkim - Dept of Econo,Department of Economics Statistics  Monitoring and Evaluation DESME,73,13
IDBI Bank ltd,ATISHAY INFOTECH PVT. LTD.,3,51
IDBI Bank ltd,Matrix Processing House,548,25
IDBI Bank ltd,SREEVEN INFOCOM LIMITED,519,39
IDBI Bank ltd,UTI TECHNOLOGY SERVICES LIMITE,0,7
Indian Bank,Redim Software Technologies Pvt Ltd,0,9
Indiapost,Delhi Integrated MMTS Ltd,0,3
Indiapost,M/S STAR DATA CENTRE,0,1
Indiapost,MARS Telecom Systems Pvt Ltd,0,6
Indiapost,The NSIC ltd,0,1
Indiapost,UTI TECHNOLOGY SERVICES LIMITE,0,1
Indiapost,Vayam technologies Ltd,6,225
Indiapost,WEBEL,0,1
Information Technology & Communication Department,4G INFORMATICS,0,5
Information Technology & Communication Department,BNR UDYOG LIMITED,0,2
Information Technology & Communication Department,Bloom Solutions Pvt Ltd,0,1
Information Technology & Communication Department,CSS TECHNERGY LIMITED,0,1
Information Technology & Communication Department,Directorate of ESD,8565,5587
Information Technology & Communication Department,GDC Advertising Pvt. Limited,0,2
Information Technology & Communication Department,JYOTHI COMPUTER SERVICES,0,54
Information Technology & Communication Department,MARS Telecom Systems Pvt Ltd,2,15
Information Technology & Communication Department,SREEVEN INFOCOM LIMITED,0,2
Information Technology & Communication Department,Tera Software Ltd,0,7
Jharkhand,Alankit Assignments Limited,0,1
Jharkhand,Emdee Digitronics Pvt.Ltd.,0,3
Jharkhand,MKS Enterprises,0,1
Jharkhand,Nevaeh Technology Pvt. Ltd.,0,7
Jharkhand,STRATEGIC OUTSOURCING SERVICE,0,1
Jharkhand,Systematic & Advance Const P L,0,5
Jharkhand,VISION COMPTECH INTEGRATOR LTD,0,1
Jharkhand,Wipro Ltd,1,107
Mission Convergence - GNCT Del,Karvy Computershare Private Li,0,1
Mission Convergence - GNCT Del,NVR & ASSOCIATES LIMITED,0,2
Mission Convergence - GNCT Del,STRATEGIC OUTSOURCING SERVICE,0,1
Mission Convergence - GNCT Del,eCentric solutions pvt ltd,0,2
NSDL e-Governance Infrastructure Limited,Abhipra Capital Ltd,118,135
NSDL e-Governance Infrastructure Limited,Alankit Assignments Limited,244,84
NSDL e-Governance Infrastructure Limited,Alankit Finsec Ltd,7152,1041
NSDL e-Governance Infrastructure Limited,Global Finsol Private Limited,0,1
NSDL e-Governance Infrastructure Limited,Gujarat Infotech Ltd.,6455,455
NSDL e-Governance Infrastructure Limited,INTEGRATED REGISTRY SERVICES LTD,0,3
NSDL e-Governance Infrastructure Limited,Karvy Data Management Services,11429,7509
NSDL e-Governance Infrastructure Limited,N.K. Sharma Enterprises Ltd.,2684,141
NSDL e-Governance Infrastructure Limited,Netlink software Pvt Ltd,41,112
NSDL e-Governance Infrastructure Limited,Offshoot Agency Pvt. Ltd.,54,247
NSDL e-Governance Infrastructure Limited,PROWIZ MANSYTEMS PVT LTD,1,2
NSDL e-Governance Infrastructure Limited,Promind Solutions P Limited,1264,737
NSDL e-Governance Infrastructure Limited,RELIGARE SECURITIES LTD,861,134
NSDL e-Governance Infrastructure Limited,Radiant Haroti Industries India Ltd,194,138
NSDL e-Governance Infrastructure Limited,Sri Ramraja Sarkar Lok Kalyan Trust,3020,415
NSDL e-Governance Infrastructure Limited,Utility Forms Pvt Ltd,1161,302
NSDL e-Governance Infrastructure Limited,VIRGO SOFTECH LIMITED,0,16
Oriental Bank of Commerce,DATASOFT COMPUTER SERVICES(P),525,185
Oriental Bank of Commerce,JNET Technologies Pvt.Ltd,26,4
Oriental Bank of Commerce,Redim Software Technologies Pvt Ltd,0,1
Oriental Bank of Commerce,Sri Ramraja Sarkar Lok Kalyan Trust,35,75
Oriental Bank of Commerce,Wipro Ltd,1,15
Principal Revenue Commissioner  Dept of Revenue  Govt of MP,Frontech Systems Pvt Ltd,3,10
Principal Revenue Commissioner  Dept of Revenue  Govt of MP,GDC Advertising Pvt. Limited,1,11
Principal Revenue Commissioner  Dept of Revenue  Govt of MP,K W Consulting P Ltd,6,29
Principal Revenue Commissioner  Dept of Revenue  Govt of MP,LYRA  CONSULTANCY SERVICE,52,7
Principal Revenue Commissioner  Dept of Revenue  Govt of MP,Netlink software Pvt Ltd,74,45
Principal Revenue Commissioner  Dept of Revenue  Govt of MP,OSWAL COMPUTERS & CONSULTANTS,5,35
Principal Revenue Commissioner  Dept of Revenue  Govt of MP,Tera Software Ltd,171,100
Principal Revenue Commissioner  Dept of Revenue  Govt of MP,Vedavaag Systems Limited,18,156
Punjab and Sind Bank,Matrix Processing House,42,96
Registrar General India BEL2,Alankit Assignments Limited,0,1
Registrar General India BEL2,Bharat Electronics Limited,96,0
Registrar General India BEL2,Chinar Construction Company Prime agency,0,36
Registrar General India BEL2,Computer LAB,2,708
Registrar General India BEL2,Emdee Digitronics Pvt.Ltd.,177,76
Registrar General India BEL2,In Media Computer Services LLP,0,4
Registrar General India BEL2,India Computer Technology,0,128
Registrar General India BEL2,Karvy Data Management Services,705,50
Registrar General India BEL2,MACRO INFOTECH PVT LTD,214,6
Registrar General India BEL2,MKS Enterprises,0,14
Registrar General India BEL2,Madras Security Printers Ltd,210,870
Registrar General India BEL2,Manipur Electronics Dev Corp,50,128
Registrar General India BEL2,Multiwave Innovation,0,29
Registrar General India BEL2,NVR & ASSOCIATES LIMITED,3,24
Registrar General India BEL2,Netlink software Pvt Ltd,1,9
Registrar General India BEL2,Nevaeh Technology Pvt. Ltd.,4,32
Registrar General India BEL2,Nielsen  India  Private Limited,0,22
Registrar General India BEL2,Om Softwares,0,130
Registrar General India BEL2,SREI INFRASTRUCTURE FINANCES L,0,73
Registrar General India BEL2,STRATEGIC OUTSOURCING SERVICE,0,2
Registrar General India BEL2,Satyanarayana Raju Company Pvt ltd,1,634
Registrar General India BEL2,Swathy Smartcards Hi-Tech Pvt,0,989
Registrar General India BEL2,Swiss Tech India Pvt Ltd,0,1
Registrar General India BEL2,Tera Software Ltd,156,598
Registrar General India BEL2,UNITED DATA SERVICES PRIVATE LIMITED,2,37
Registrar General India BEL2,Urmila Info solution,0,6
Registrar General India BEL2,VIRGO SOFTECH LIMITED,0,19
Registrar General India BEL2,Vansh Infotech Pvt Ltd,0,53
Registrar General India BEL2,Vedavaag Systems Limited,235,319
Registrar General India BEL2,Viesa Technologies,190,14
Registrar General India ECIL,AVVAS INFOTECH PVT  LTD,0,9
Registrar General India ECIL,BUSINESS INFORMATION PROCESSING SERVICES,0,30
Registrar General India ECIL,COMTECH INSTITUTE OFTECHNOLOGY,0,2
Registrar General India ECIL,COMTECHINFO SOLUTIONS PVT.LTD,322,109
Registrar General India ECIL,Chinar Construction Company Prime agency,1810,214
Registrar General India ECIL,Computer LAB,5216,5162
Registrar General India ECIL,Eagle Software India Pvt. Ltd,1124,1399
Registrar General India ECIL,Esoft Consulting Limited,0,4
Registrar General India ECIL,In Media Computer Services LLP,117,413
Registrar General India ECIL,India Computer Technology,0,54
Registrar General India ECIL,Integrated Systems & Services,96,5
Registrar General India ECIL,Karvy Data Management Services,4812,151
Registrar General India ECIL,Krishna Infotech,0,50
Registrar General India ECIL,LYRA  CONSULTANCY SERVICE,0,22
Registrar General India ECIL,Madras Security Printers Ltd,4699,7493
Registrar General India ECIL,Nielsen  India  Private Limited,0,13
Registrar General India ECIL,Pioneer E Labs limited,0,333
Registrar General India ECIL,SARADA SYSTEMS,2,230
Registrar General India ECIL,SWISSTECH NPR 57CR PROJECT PVT,6749,183
Registrar General India ECIL,Vedavaag Systems Limited,0,110
Registrar General India Others,COMTECH INSTITUTE OFTECHNOLOGY,0,1
Registrar General India Others,COMTECHINFO SOLUTIONS PVT.LTD,0,2
Registrar General India Others,Clairvoyance Technologies Pvt.,0,1
Registrar General India Others,Eagle Software India Pvt. Ltd,0,1
Registrar General India Others,Madras Security Printers Ltd,0,102
Registrar General India Others,SARADA SYSTEMS,0,1
Registrar General of India ITI,CommunitiWorks Welfare Society,0,1
Registrar General of India ITI,Eagle Software India Pvt. Ltd,46,14
Registrar General of India ITI,Emdee Digitronics Pvt.Ltd.,11652,898
Registrar General of India ITI,In Media Computer Services LLP,0,8
Registrar General of India ITI,Karvy Data Management Services,1,49
Registrar General of India ITI,Madras Security Printers Ltd,6,8
Registrar General of India ITI,Mphasis Ltd,0,1
Registrar General of India ITI,Nielsen  India  Private Limited,199,8
Registrar General of India ITI,PROTEX COMPUTER PVT LTD,78,7
Registrar General of India ITI,SREI INFRASTRUCTURE FINANCES L,0,2
Registrar General of India ITI,STRATEGIC OUTSOURCING SERVICE,16,18
Registrar General of India ITI,Satyanarayana Raju Company Pvt ltd,0,11
Registrar General of India ITI,Swathy Smartcards Hi-Tech Pvt,0,42
Registrar General of India ITI,TechSmart India Pvt Ltd,0,1
Registrar General of India ITI,VIRGO SOFTECH LIMITED,10,23
Registrar General of India ITI,Vedavaag Systems Limited,0,16
Registrar General of India ITI,WEBEL TECHNOLOGY LIMITED,3406,255
Registrar General of India ITI,Webx Technologies Private Limited,0,1
State Bank of Bikaner & Jaipur,Multiwave Innovation,0,4
State Bank of Travancore,Tera Software Ltd,0,1
UIDAI-Registrar,UIDAI-EA,0,7
Union Bank,FINANCIAL INFORMATION NETWORK,1712,696
Union Bank,Smart Chip Limited,3367,961
Union Bank,Vakrangee Softwares Limited,186,264
