Registrar,Enrolment Agency,Aadhaar generated,Enrolment Rejected
Allahabad Bank,IL&FS LTD,1,0
Allahabad Bank,Vakrangee Softwares Limited,85,37
Bank Of India,A3 Logics  India  Ltd,2313,361
Bank Of India,Akanksha International,360,67
Bank Of India,Blue Circle Instrument,1727,122
Bank Of India,CHESSY CONSULTANTS PVT LTD,12,3
Bank Of India,DATASOFT COMPUTER SERVICES(P),4314,247
Bank Of India,Emdee Digitronics Pvt.Ltd.,905,31
Bank Of India,Frontech Systems Pvt Ltd,1057,129
Bank Of India,MANTRA SOFTTECH (INDIA) PVTLTD,117,21
Bank Of India,Matrix Processing House,4419,805
Bank Of India,OSWAL COMPUTERS & CONSULTANTS,4696,4899
Bank Of India,PROTEX COMPUTER PVT LTD,867,52
Bank Of India,SARADA SYSTEMS,1553,152
Bank Of India,SHRIKRISHNA KHANDASARI SUGAR M,231,21
Bank Of India,SPANCO,1757,227
Bank Of India,SREI INFRASTRUCTURE FINANCES L,12984,751
Bank Of India,Silver Touch Technologies Ltd,860,144
Bank Of India,Systematic & Advance Const P L,509,149
Bank Of India,VEETECHNOLOGIES PVT. LTD,1311,696
Bank Of India,VIRGO SOFTECH LIMITED,17,3
Bank Of India,Vakrangee Softwares Limited,747,464
Bank of Baroda,DATASOFT COMPUTER SERVICES(P),21,0
Bank of Baroda,Global Finsol Private Limited,794,158
Bank of Baroda,IL&FS LTD,1,0
Bank of Maharashtra,Alankit Finsec Ltd,46,16
Bank of Maharashtra,FINANCIAL INFORMATION NETWORK,50,9
Bank of Maharashtra,Micro Technologies India Ltd,77,13
Bank of Maharashtra,Tera Software Ltd,3727,740
CSC e-Governance Services India Limited,A I Soc for Electronics and Comp Tech,5248,651
CSC e-Governance Services India Limited,AKSH OPTIFIBRE LIMITED,1174,104
CSC e-Governance Services India Limited,BASIX,3146,514
CSC e-Governance Services India Limited,CALANCE SOFTWARE PRIVATE LTD,1504,542
CSC e-Governance Services India Limited,CMS Computers Ltd,4521,325
CSC e-Governance Services India Limited,CSC e-Governance Services India Limited,2225,465
CSC e-Governance Services India Limited,Intelligent Communication Sys India Ltd,1440,154
CSC e-Governance Services India Limited,MANTRA SOFTTECH (INDIA) PVTLTD,2505,53
CSC e-Governance Services India Limited,Mahaonline Limited,277,19
CSC e-Governance Services India Limited,Nekton IT India Pvt Ltd.,1,0
CSC e-Governance Services India Limited,Network for Information & Computer,2435,272
CSC e-Governance Services India Limited,Reliance Communication Limited,183,23
CSC e-Governance Services India Limited,SPANCO,1653,266
CSC e-Governance Services India Limited,Sahaj e-Village Limited,456,52
CSC e-Governance Services India Limited,Tera Software Ltd,224,17
CSC e-Governance Services India Limited,United Telecoms e-Services Pvt Ltd,1118,190
CSC e-Governance Services India Limited,VIKALP MULTIMEDIA,255,115
CSC e-Governance Services India Limited,Vakrangee Softwares Limited,251,95
CSC e-Governance Services India Limited,Vayam technologies Ltd,1999,41
CSC e-Governance Services India Limited,Vedavaag Systems Limited,2146,76
CSC e-Governance Services India Limited,Zephyr System Pvt.Ltd.,5631,414
Canara Bank,FINANCIAL INFORMATION NETWORK,1518,43
Canara Bank,Karvy Data Management Services,2944,80
Canara Bank,Ojus Healthcare Private Limited,112,17
Canara Bank,Osiris Infotech Pvt. Ltd.,1506,63
Canara Bank,Smart Chip Limited,3664,228
Canara Bank,Virinchi Technologies Ltd,233,6
Central Bank of India,CALANCE SOFTWARE PRIVATE LTD,2505,540
Central Bank of India,Frontech Systems Pvt Ltd,1,0
Central Bank of India,IAP COMPANY Pvt. Ltd,2872,517
Central Bank of India,IL&FS LTD,65,1
Central Bank of India,MANTRA SOFTTECH (INDIA) PVTLTD,24,5
Central Bank of India,SREI INFRASTRUCTURE FINANCES L,3,0
Central Bank of India,The Peerless General Finance,204,18
DENA BANK,APEX Services,66,2
DENA BANK,ATISHAY INFOTECH PVT. LTD.,1513,171
DENA BANK,AVVAS INFOTECH PVT  LTD,3134,195
DENA BANK,Asha Security Guard Services,423,23
DENA BANK,BNR UDYOG LIMITED,1988,77
DENA BANK,Binary Systems,1506,17
DENA BANK,Bloom Solutions Pvt Ltd,18342,311
DENA BANK,Business Information Processing Services,2798,76
DENA BANK,CALANCE SOFTWARE PRIVATE LTD,1919,275
DENA BANK,DATASOFT COMPUTER SERVICES(P),1743,201
DENA BANK,DEVASHISH SECURITIES PVT. LTD.,309,7
DENA BANK,Eagle Software India Pvt. Ltd,4379,134
DENA BANK,FINANCIAL INFORMATION NETWORK,2620,122
DENA BANK,Gem Computers,3445,80
DENA BANK,Gujarat Infotech Ltd.,1056,14
DENA BANK,IAP COMPANY Pvt. Ltd,11072,473
DENA BANK,India Computer Technology,1723,26
DENA BANK,JNET Technologies Pvt.Ltd,1382,214
DENA BANK,K W Consulting P Ltd,3201,542
DENA BANK,M/S STAR DATA CENTRE,1445,11
DENA BANK,M/s Gold Square Builders & Promoters Pvt. Ltd.,4895,574
DENA BANK,MARS Telecom Systems Pvt Ltd,996,7
DENA BANK,MEGHA VINCOM PVT LTD,12412,150
DENA BANK,MKS Enterprises,1683,96
DENA BANK,Make India Smart Private Limited,2039,78
DENA BANK,Multiwave Innovation,7960,276
DENA BANK,NVR & ASSOCIATES LIMITED,5359,64
DENA BANK,Narayana Electricals Solution Pvt Ltd,318,78
DENA BANK,Netlink software Pvt Ltd,5568,142
DENA BANK,Nielsen  India  Private Limited,14453,331
DENA BANK,Offshoot Agency Pvt. Ltd.,2344,81
DENA BANK,Ortem Securities Limited,1239,22
DENA BANK,Prodigy Systems and Services Private Limited,108,45
DENA BANK,Radiant Haroti Industries India Ltd,4104,143
DENA BANK,SGS INDIA PVT LTD,3116,42
DENA BANK,Silver Touch Technologies Ltd,854,12
DENA BANK,Sixth Dimension Project Solutions Ltd,265,1
DENA BANK,Soc for Advancement of Environ Science,746,153
DENA BANK,Super Printers,3257,133
DENA BANK,Systematic & Advance Const P L,229,9
DENA BANK,TechSmart India Pvt Ltd,1831,335
DENA BANK,Tera Software Ltd,6836,133
DENA BANK,The NSIC ltd,1115,50
DENA BANK,Transline Technologies P Ltd,4106,117
DENA BANK,Utility Forms Pvt Ltd,1334,8
DENA BANK,VAP INFOSOLUTIONS,2091,34
DENA BANK,VISION COMPTECH INTEGRATOR LTD,5148,92
DENA BANK,Vedavaag Systems Limited,8099,111
DENA BANK,WEBEL,15881,470
DENA BANK,Wipro Ltd,2139,62
DENA BANK,Zephyr System Pvt.Ltd.,4704,182
Delhi - Central DC,Smart Chip Limited,758,108
Delhi - East DC,DATASOFT COMPUTER SERVICES(P),894,201
Delhi - East DC,Tera Software Ltd,6,0
Delhi - ND DC,Smart Chip Limited,166,61
Delhi - NE DC,Alankit Assignments Limited,1,0
Delhi - NE DC,Smart Chip Limited,1244,208
Delhi - North DC,CALANCE SOFTWARE PRIVATE LTD,1915,955
Delhi - North DC,DATASOFT COMPUTER SERVICES(P),5,0
Delhi - North DC,NVR & ASSOCIATES LIMITED,1701,298
Delhi - North DC,Smart Chip Limited,820,167
Delhi SW DC,STRATEGIC OUTSOURCING SERVICE,4,0
Delhi SW DC,VIRGO SOFTECH LIMITED,247,311
Delhi Urban Shelter Improvemen,Tera Software Ltd,10,0
Delhi- South DC,Karvy Computershare Private Li,168,161
Delhi- South DC,Smart Chip Limited,209,47
Delhi- South DC,Tera Software Ltd,2,0
Delhi- South DC,eCentric solutions pvt ltd,17,0
Delhi- West DC,Matrix Processing House,8,0
Delhi- West DC,Smart Chip Limited,481,177
Delhi- West DC,VIRGO SOFTECH LIMITED,1022,462
Delhi-NW DC,Karvy Computershare Private Li,1046,272
Delhi-NW DC,STRATEGIC OUTSOURCING SERVICE,10,0
Department of Information Technology Govt of Jharkhand,Blue Circle Instrument,508,132
Department of Information Technology Govt of Jharkhand,MKS Enterprises,284,286
Department of Information Technology Govt of Jharkhand,Systematic & Advance Const P L,16,2
Department of Information Technology Govt of Jharkhand,Vayam technologies Ltd,0,1
Department of Information Technology Govt of Jharkhand,Wipro Ltd,113,58
Dept of ITC Govt of Rajasthan,ATISHAY INFOTECH PVT. LTD.,725,350
Dept of ITC Govt of Rajasthan,AVVAS INFOTECH PVT  LTD,1618,136
Dept of ITC Govt of Rajasthan,Alankit Finsec Ltd,189,52
Dept of ITC Govt of Rajasthan,Business Information Processing Services,40,21
Dept of ITC Govt of Rajasthan,DATASOFT COMPUTER SERVICES(P),1397,323
Dept of ITC Govt of Rajasthan,Gem Computers,320,44
Dept of ITC Govt of Rajasthan,MANTRA SOFTTECH (INDIA) PVTLTD,36,13
Dept of ITC Govt of Rajasthan,Multiwave Innovation,126,28
Dept of ITC Govt of Rajasthan,Netlink software Pvt Ltd,91,25
Dept of ITC Govt of Rajasthan,TechSmart India Pvt Ltd,256,67
Dept of ITC Govt of Rajasthan,Transline Technologies P Ltd,582,154
Dept of ITC Govt of Rajasthan,VIRGO SOFTECH LIMITED,71,18
Dept of ITC Govt of Rajasthan,Vakrangee Softwares Limited,2190,1103
Dept of ITC Govt of Rajasthan,Vayam technologies Ltd,446,181
FCR Govt of Haryana,4G INFORMATICS,1043,121
FCR Govt of Haryana,Academy of Management Studies,460,63
FCR Govt of Haryana,Radiant Info Systems Ltd,1153,139
FCR Govt of Haryana,SoftAge Information Technology Limited,826,127
FCR Govt of Haryana,Vakrangee Softwares Limited,1648,1067
FCR Govt of Haryana,Vayam technologies Ltd,641,207
FCS Govt of Punjab,Alankit Assignments Limited,9,0
FCS Govt of Punjab,Alankit Finsec Ltd,2,0
FCS Govt of Punjab,CSS TECHNERGY LIMITED,330,46
FCS Govt of Punjab,Delhi Integrated MMTS Ltd,1,0
FCS Govt of Punjab,District Sukhmani Society  Jalandhar  Punjab,21,3
FCS Govt of Punjab,District Sukhmani Society  Ludhiana  Punjab,72,16
FCS Govt of Punjab,District Sukhmani Society  Moga  Punjab,117,7
FCS Govt of Punjab,District Sukhmani Society Amritsar Punjab,98,5
FCS Govt of Punjab,District Sukhmani Society Barnala Punjab,98,22
FCS Govt of Punjab,District Sukhmani Society Bathinda Punjab,19,7
FCS Govt of Punjab,District Sukhmani Society Fatehgarh Sahib Punjab,118,29
FCS Govt of Punjab,District Sukhmani Society Fazilka Punjab,28,1
FCS Govt of Punjab,District Sukhmani Society Ferozepur Punjab,29,4
FCS Govt of Punjab,District Sukhmani Society For Citizen Services Mansa Punjab,95,6
FCS Govt of Punjab,District Sukhmani Society For Citizen Services Nawanshahr Punjab,64,22
FCS Govt of Punjab,District Sukhmani Society For Citizen Services SAS Nagar District e-Governance Society Punjab,82,8
FCS Govt of Punjab,District Sukhmani Society Pathankot Punjab,7,2
FCS Govt of Punjab,District Sukhmani Society Patiala Punjab,41,7
FCS Govt of Punjab,District Sukhmani Society Rupnagar Punjab,48,5
FCS Govt of Punjab,District Sukhmani Society Sangrur Punjab,45,8
FCS Govt of Punjab,District Sukhmani Society Sri Muktsar Sahib Punjab,27,4
FCS Govt of Punjab,District Sukhmani Society Tarn Taran Punjab,6,1
FCS Govt of Punjab,Diwakar Commercials Pvt Ltd,5,0
FCS Govt of Punjab,Karvy Computershare Private Li,7212,1707
FCS Govt of Punjab,Sukhmani Society For Citizen Services  Kapurthala  Punjab,1,1
FCS Govt of Punjab,Sukhmani Society For Citizen Services Gurdaspur Punjab,1,1
FCS Govt of Punjab,Sukhmani Society For Citizens Services Faridkot Punjab,91,17
FCS Govt of Punjab,Suwidha Society Hoshiarpur Punjab,57,3
FCS Govt of Punjab,Vayam technologies Ltd,5020,1629
FCS Govt of Punjab,eCentric solutions pvt ltd,5763,1228
Govt of Andhra Pradesh,Gouthami Educational Society,183,138
Govt of Andhra Pradesh,GrapeSoft,824,282
Govt of Andhra Pradesh,IL&FS LTD,9,0
Govt of Andhra Pradesh,INFRONICS SYSTEMS LTD,467,166
Govt of Andhra Pradesh,Madras Security Printers Ltd,14,1
Govt of Andhra Pradesh,SREEVEN INFOCOM LIMITED,350,153
Govt of Andhra Pradesh,TechSmart India Pvt Ltd,918,383
Govt of Andhra Pradesh,Tera Software Ltd,296,150
Govt of Andhra Pradesh,eCentric solutions pvt ltd,3,0
Govt of Goa,MARS Telecom Systems Pvt Ltd,63,17
Govt of Gujarat,GSS Infotech Ltd,116,9
Govt of Gujarat,Karvy Computershare Private Li,1822,77
Govt of Gujarat,Silver Touch Technologies Ltd,3498,68
Govt of Gujarat,Tera Software Ltd,2962,64
Govt of Gujarat,Transline Technologies P Ltd,7,3
Govt of Gujarat,Vayam technologies Ltd,155,9
Govt of Gujarat,eCentric solutions pvt ltd,105,3
Govt of Himachal Pradesh,IL&FS LTD,6,0
Govt of Himachal Pradesh,Wipro Ltd,3169,533
Govt of Himachal Pradesh,i-Grandee SoftwareTechnologies,3172,348
Govt of Karnataka ,BNR UDYOG LIMITED,400,142
Govt of Karnataka ,Bloom Solutions Pvt Ltd,889,136
Govt of Karnataka ,COMAT TECHNOLOGIES P LTD,1,0
Govt of Karnataka ,GLODYNE TECHNOSERVE,3,0
Govt of Karnataka ,MARS Telecom Systems Pvt Ltd,3163,642
Govt of Karnataka ,Ninestars Information Technologies Ltd,1888,579
Govt of Karnataka ,Om Softwares,76,16
Govt of Karnataka ,Origin ITFS Pvt Ltd,2478,704
Govt of Karnataka ,Radiant Info Systems Ltd,20,2
Govt of Karnataka ,SREEVEN INFOCOM LIMITED,4254,1163
Govt of Karnataka ,Tera Software Ltd,2,0
Govt of Kerala,Akshaya,5789,330
Govt of Kerala,Keltron,107,26
Govt of Madhya Pradesh,VIRGO SOFTECH LIMITED,7,0
Govt of Maharashtra,Adcc Infocad Pvt.Ltd Nagpur,0,2
Govt of Maharashtra,Alankit Assignments Limited,7,0
Govt of Maharashtra,Alankit Finsec Ltd,40,10
Govt of Maharashtra,Bharat Technical Solutions Private Limited,17,0
Govt of Maharashtra,Eagle press pvt ltd,1,0
Govt of Maharashtra,Global Finsol Private Limited,7,2
Govt of Maharashtra,Karvy Computershare Private Li,447,79
Govt of Maharashtra,M/S King Computer System pvt Ltd,43,1
Govt of Maharashtra,M/s. Vidya Online  Pune,4,0
Govt of Maharashtra,Narayana Electricals Solution Pvt Ltd,4,9
Govt of Maharashtra,Netlink software Pvt Ltd,375,75
Govt of Maharashtra,Network for Information & Computer,1,0
Govt of Maharashtra,Obel projects Pvt Ltd,3,1
Govt of Maharashtra,Rudranee Infotech Ltd,4,3
Govt of Maharashtra,SETU MAHARASHTRA,50,8
Govt of Maharashtra,SHREERAM PRINTING PRESS,34,2
Govt of Maharashtra,SILVER JUBILEE MOTORS LTD.,135,1
Govt of Maharashtra,SPANCO,30,4
Govt of Maharashtra,STRATEGIC OUTSOURCING SERVICE,51,5
Govt of Maharashtra,Silver Touch Technologies Ltd,30,21
Govt of Maharashtra,TechSmart India Pvt Ltd,27,7
Govt of Maharashtra,Tera Software Ltd,9,5
Govt of Maharashtra,Transline Technologies P Ltd,48,20
Govt of Maharashtra,Wipro Ltd,81,22
Govt of Sikkim - Dept of Econo,Department of Economics Statistics  Monitoring and Evaluation DESME,56,3
IDBI Bank ltd,ATISHAY INFOTECH PVT. LTD.,690,193
IDBI Bank ltd,Matrix Processing House,756,24
IDBI Bank ltd,SREEVEN INFOCOM LIMITED,245,7
IDBI Bank ltd,UTI TECHNOLOGY SERVICES LIMITE,647,90
IGNOU,Vakrangee Softwares Limited,17,0
Indian Bank,Redim Software Technologies Pvt Ltd,5,0
Indiapost,Delhi Integrated MMTS Ltd,3061,3231
Indiapost,GLODYNE TECHNOSERVE,1,0
Indiapost,Global Finsol Private Limited,846,129
Indiapost,M/S STAR DATA CENTRE,13,3
Indiapost,MARS Telecom Systems Pvt Ltd,244,84
Indiapost,Smart Chip Limited,35,2
Indiapost,The NSIC ltd,12,0
Indiapost,UTI TECHNOLOGY SERVICES LIMITE,1,0
Indiapost,Vayam technologies Ltd,179,242
Indiapost,WEBEL,270,71
Indiapost,eCentric solutions pvt ltd,1,0
Information Technology & Communication Department,4G INFORMATICS,331,264
Information Technology & Communication Department,BNR UDYOG LIMITED,229,111
Information Technology & Communication Department,Bloom Solutions Pvt Ltd,234,155
Information Technology & Communication Department,CSS TECHNERGY LIMITED,98,52
Information Technology & Communication Department,Directorate of ESD,6553,8598
Information Technology & Communication Department,GDC Advertising Pvt. Limited,60,27
Information Technology & Communication Department,JYOTHI COMPUTER SERVICES,295,194
Information Technology & Communication Department,Karvy Data Management Services,15,31
Information Technology & Communication Department,MARS Telecom Systems Pvt Ltd,769,252
Information Technology & Communication Department,SREEVEN INFOCOM LIMITED,351,142
Information Technology & Communication Department,Tera Software Ltd,166,148
Jharkhand,Alankit Assignments Limited,157,20
Jharkhand,Blue Circle Instrument,57,20
Jharkhand,Emdee Digitronics Pvt.Ltd.,301,236
Jharkhand,IL&FS LTD,3,0
Jharkhand,MKS Enterprises,559,119
Jharkhand,Nevaeh Technology Pvt. Ltd.,98,30
Jharkhand,STRATEGIC OUTSOURCING SERVICE,419,92
Jharkhand,Smart Chip Limited,15,7
Jharkhand,Systematic & Advance Const P L,942,133
Jharkhand,VISION COMPTECH INTEGRATOR LTD,219,142
Jharkhand,Wipro Ltd,4165,1648
Mission Convergence - GNCT Del,Karvy Computershare Private Li,182,40
Mission Convergence - GNCT Del,NVR & ASSOCIATES LIMITED,311,54
Mission Convergence - GNCT Del,STRATEGIC OUTSOURCING SERVICE,2,0
Mission Convergence - GNCT Del,eCentric solutions pvt ltd,10,0
NSDL e-Governance Infrastructure Limited,Abhipra Capital Ltd,3455,412
NSDL e-Governance Infrastructure Limited,Alankit Assignments Limited,6298,1212
NSDL e-Governance Infrastructure Limited,Alankit Finsec Ltd,2759,154
NSDL e-Governance Infrastructure Limited,Delhi Integrated MMTS Ltd,369,97
NSDL e-Governance Infrastructure Limited,Global Finsol Private Limited,8,1
NSDL e-Governance Infrastructure Limited,Gujarat Infotech Ltd.,7859,132
NSDL e-Governance Infrastructure Limited,INTEGRATED REGISTRY SERVICES LTD,3,2
NSDL e-Governance Infrastructure Limited,Karvy Consultants Limited,36,11
NSDL e-Governance Infrastructure Limited,Karvy Data Management Services,48126,4157
NSDL e-Governance Infrastructure Limited,N.K. Sharma Enterprises Ltd.,502,16
NSDL e-Governance Infrastructure Limited,Netlink software Pvt Ltd,2628,596
NSDL e-Governance Infrastructure Limited,Offshoot Agency Pvt. Ltd.,1856,56
NSDL e-Governance Infrastructure Limited,PROWIZ MANSYTEMS PVT LTD,2114,342
NSDL e-Governance Infrastructure Limited,Promind Solutions P Limited,10107,361
NSDL e-Governance Infrastructure Limited,RELIGARE SECURITIES LTD,533,42
NSDL e-Governance Infrastructure Limited,Radiant Haroti Industries India Ltd,1717,33
NSDL e-Governance Infrastructure Limited,Sri Ramraja Sarkar Lok Kalyan Trust,3014,47
NSDL e-Governance Infrastructure Limited,Utility Forms Pvt Ltd,3319,77
NSDL e-Governance Infrastructure Limited,VIRGO SOFTECH LIMITED,4327,526
Oriental Bank of Commerce,DATASOFT COMPUTER SERVICES(P),487,68
Oriental Bank of Commerce,Euro Finmart Ltd,6,2
Oriental Bank of Commerce,FINANCIAL INFORMATION NETWORK,1,0
Oriental Bank of Commerce,JNET Technologies Pvt.Ltd,347,111
Oriental Bank of Commerce,Redim Software Technologies Pvt Ltd,16,5
Oriental Bank of Commerce,Sri Ramraja Sarkar Lok Kalyan Trust,3392,806
Oriental Bank of Commerce,Wipro Ltd,3016,998
Principal Revenue Commissioner  Dept of Revenue  Govt of MP,Frontech Systems Pvt Ltd,628,88
Principal Revenue Commissioner  Dept of Revenue  Govt of MP,GDC Advertising Pvt. Limited,886,183
Principal Revenue Commissioner  Dept of Revenue  Govt of MP,K W Consulting P Ltd,1414,463
Principal Revenue Commissioner  Dept of Revenue  Govt of MP,LYRA  CONSULTANCY SERVICE,232,8
Principal Revenue Commissioner  Dept of Revenue  Govt of MP,Netlink software Pvt Ltd,64,18
Principal Revenue Commissioner  Dept of Revenue  Govt of MP,OSWAL COMPUTERS & CONSULTANTS,1681,496
Principal Revenue Commissioner  Dept of Revenue  Govt of MP,Tera Software Ltd,523,54
Principal Revenue Commissioner  Dept of Revenue  Govt of MP,The NSIC ltd,53,20
Principal Revenue Commissioner  Dept of Revenue  Govt of MP,Vedavaag Systems Limited,1570,322
Punjab and Sind Bank,Matrix Processing House,524,6
RDD Govt of Tripura,Alankit Assignments Limited,4,1
Registrar General India - BEL,In Media Computer Services LLP,0,1
Registrar General India - BEL,Swathy Smartcards Hi-Tech Pvt,7,0
Registrar General India BEL2,4G INFORMATICS,34,21
Registrar General India BEL2,Alankit Assignments Limited,31,0
Registrar General India BEL2,Bharat Electronics Limited,19,3
Registrar General India BEL2,Chinar Construction Company Prime agency,2,13
Registrar General India BEL2,Computer LAB,3969,168
Registrar General India BEL2,Eagle Software India Pvt. Ltd,2,0
Registrar General India BEL2,Emdee Digitronics Pvt.Ltd.,201,270
Registrar General India BEL2,In Media Computer Services LLP,161,0
Registrar General India BEL2,India Computer Technology,3816,152
Registrar General India BEL2,Karvy Data Management Services,205,956
Registrar General India BEL2,MACRO INFOTECH PVT LTD,395,11
Registrar General India BEL2,MKS Enterprises,8,53
Registrar General India BEL2,Madras Security Printers Ltd,13831,96
Registrar General India BEL2,Manipur Electronics Dev Corp,70,7
Registrar General India BEL2,Multiwave Innovation,350,620
Registrar General India BEL2,NVR & ASSOCIATES LIMITED,60,23
Registrar General India BEL2,Netlink software Pvt Ltd,67,13
Registrar General India BEL2,Nevaeh Technology Pvt. Ltd.,823,223
Registrar General India BEL2,Nielsen  India  Private Limited,225,794
Registrar General India BEL2,Om Softwares,291,99
Registrar General India BEL2,SREEVEN INFOCOM LIMITED,6,5
Registrar General India BEL2,SREI INFRASTRUCTURE FINANCES L,13,692
Registrar General India BEL2,STRATEGIC OUTSOURCING SERVICE,557,2334
Registrar General India BEL2,Satyanarayana Raju Company Pvt ltd,1197,225
Registrar General India BEL2,Swathy Smartcards Hi-Tech Pvt,15767,230
Registrar General India BEL2,Swiss Tech India Pvt Ltd,3,75
Registrar General India BEL2,Tera Software Ltd,1396,452
Registrar General India BEL2,UNITED DATA SERVICES PRIVATE LIMITED,641,27
Registrar General India BEL2,Urmila Info solution,10,73
Registrar General India BEL2,VIRGO SOFTECH LIMITED,204,678
Registrar General India BEL2,Vansh Infotech Pvt Ltd,1145,6
Registrar General India BEL2,Vayam technologies Ltd,4,0
Registrar General India BEL2,Vedavaag Systems Limited,381,124
Registrar General India BEL2,Viesa Technologies,208,124
Registrar General India BEL2,WEBEL,87,152
Registrar General India ECIL,AVVAS INFOTECH PVT  LTD,581,643
Registrar General India ECIL,BUSINESS INFORMATION PROCESSING SERVICES,283,89
Registrar General India ECIL,COMTECH INSTITUTE OFTECHNOLOGY,40,36
Registrar General India ECIL,COMTECHINFO SOLUTIONS PVT.LTD,3792,56
Registrar General India ECIL,Chinar Construction Company Prime agency,1835,53
Registrar General India ECIL,Clairvoyance Technologies Pvt.,8,0
Registrar General India ECIL,Computer LAB,12684,640
Registrar General India ECIL,Eagle Software India Pvt. Ltd,24177,380
Registrar General India ECIL,Esoft Consulting Limited,285,1
Registrar General India ECIL,Gundal Infotech Private Limited,71,48
Registrar General India ECIL,In Media Computer Services LLP,8307,18
Registrar General India ECIL,India Computer Technology,5699,177
Registrar General India ECIL,Integrated Systems & Services,113,1
Registrar General India ECIL,Karvy Data Management Services,2683,399
Registrar General India ECIL,Krishna Infotech,75,8
Registrar General India ECIL,LYRA  CONSULTANCY SERVICE,799,13
Registrar General India ECIL,Madras Security Printers Ltd,15159,569
Registrar General India ECIL,Mphasis Ltd,956,1913
Registrar General India ECIL,Netwing Technologies Pvt Ltd,114,0
Registrar General India ECIL,Nielsen  India  Private Limited,209,1
Registrar General India ECIL,Pioneer E Labs limited,338,73
Registrar General India ECIL,Quick Data IT Services Pvt Ltd,0,1
Registrar General India ECIL,SARADA SYSTEMS,2265,117
Registrar General India ECIL,SWISSTECH NPR 57CR PROJECT PVT,328,60
Registrar General India ECIL,Tera Software Ltd,43,4
Registrar General India ECIL,VEETECHNOLOGIES PVT. LTD,0,4
Registrar General India ECIL,Vedavaag Systems Limited,945,1591
Registrar General India Others,COMTECHINFO SOLUTIONS PVT.LTD,4,1
Registrar General India Others,Computer LAB,26,6
Registrar General India Others,Eagle Software India Pvt. Ltd,50,1
Registrar General India Others,LYRA  CONSULTANCY SERVICE,0,1
Registrar General India Others,Madras Security Printers Ltd,77,1
Registrar General India Others,Nielsen  India  Private Limited,1,0
Registrar General India Others,SARADA SYSTEMS,1,0
Registrar General India Others,Swathy Smartcards Hi-Tech Pvt,1,0
Registrar General of India ITI,COMTECH INSTITUTE OFTECHNOLOGY,9,31
Registrar General of India ITI,CSS TECHNERGY LIMITED,12,5
Registrar General of India ITI,CommunitiWorks Welfare Society,7,6
Registrar General of India ITI,Eagle Software India Pvt. Ltd,1571,1663
Registrar General of India ITI,Emdee Digitronics Pvt.Ltd.,20252,372
Registrar General of India ITI,FINANCIAL INFORMATION NETWORK,7,144
Registrar General of India ITI,In Media Computer Services LLP,124,3
Registrar General of India ITI,Karvy Data Management Services,120,37
Registrar General of India ITI,MKS Enterprises,6,67
Registrar General of India ITI,Madras Security Printers Ltd,410,20
Registrar General of India ITI,Mphasis Ltd,288,604
Registrar General of India ITI,Multiwave Innovation,0,2
Registrar General of India ITI,Netlink software Pvt Ltd,21,59
Registrar General of India ITI,Netwing Technologies Pvt Ltd,2,0
Registrar General of India ITI,Nielsen  India  Private Limited,635,437
Registrar General of India ITI,PROTEX COMPUTER PVT LTD,7,254
Registrar General of India ITI,SREEVEN INFOCOM LIMITED,5,0
Registrar General of India ITI,SREI INFRASTRUCTURE FINANCES L,2,85
Registrar General of India ITI,STRATEGIC OUTSOURCING SERVICE,301,14
Registrar General of India ITI,Satyanarayana Raju Company Pvt ltd,193,55
Registrar General of India ITI,Swathy Smartcards Hi-Tech Pvt,250,11
Registrar General of India ITI,Swiss Tech India Pvt Ltd,4,3
Registrar General of India ITI,TechSmart India Pvt Ltd,14,14
Registrar General of India ITI,Urmila Info solution,8,7
Registrar General of India ITI,VEETECHNOLOGIES PVT. LTD,0,2
Registrar General of India ITI,VIRGO SOFTECH LIMITED,53,4
Registrar General of India ITI,Vedavaag Systems Limited,305,182
Registrar General of India ITI,WEBEL TECHNOLOGY LIMITED,7382,76
Registrar General of India ITI,Webx Technologies Private Limited,34,0
STATE BANK OF HYDERABAD,CSS TECHNERGY LIMITED,1,0
State Bank of Bikaner & Jaipur,Multiwave Innovation,421,116
State Bank of India,COMAT TECHNOLOGIES P LTD,1,0
State Bank of India,IL&FS LTD,35,1
State Bank of India,Smart Chip Limited,6,1
State Bank of Travancore,Tera Software Ltd,6,1
UIDAI-Registrar,UIDAI-EA,20,1
UT Of Daman and Diu,Alankit Assignments Limited,11,2
UT of Puducherry,Madras Security Printers Ltd,292,88
Union Bank,FINANCIAL INFORMATION NETWORK,7664,2636
Union Bank,Smart Chip Limited,13886,3226
Union Bank,Vakrangee Softwares Limited,5703,2182
