Registrar,Enrolment Agency,Aadhaar generated,Enrolment Rejected
Allahabad Bank,Vakrangee Softwares Limited,13,0
Bank Of India,A3 Logics  India  Ltd,1198,112
Bank Of India,Blue Circle Instrument,697,70
Bank Of India,CHESSY CONSULTANTS PVT LTD,13,2
Bank Of India,DATASOFT COMPUTER SERVICES(P),1715,160
Bank Of India,Emdee Digitronics Pvt.Ltd.,997,39
Bank Of India,Frontech Systems Pvt Ltd,292,8
Bank Of India,OSWAL COMPUTERS & CONSULTANTS,266,72
Bank Of India,PROTEX COMPUTER PVT LTD,1391,31
Bank Of India,SARADA SYSTEMS,1138,59
Bank Of India,SHRIKRISHNA KHANDASARI SUGAR M,173,20
Bank Of India,SPANCO,3,0
Bank Of India,SREI INFRASTRUCTURE FINANCES L,5715,271
Bank Of India,Systematic & Advance Const P L,0,1
Bank Of India,VEETECHNOLOGIES PVT. LTD,163,84
Bank of Baroda,Global Finsol Private Limited,1,2
Bank of Maharashtra,FINANCIAL INFORMATION NETWORK,19,4
Bank of Maharashtra,Micro Technologies India Ltd,165,3
Bank of Maharashtra,Tera Software Ltd,1374,108
CSC e-Governance Services India Limited,A I Soc for Electronics and Comp Tech,1357,264
CSC e-Governance Services India Limited,AKSH OPTIFIBRE LIMITED,519,40
CSC e-Governance Services India Limited,BASIX,915,195
CSC e-Governance Services India Limited,CALANCE SOFTWARE PRIVATE LTD,8,1
CSC e-Governance Services India Limited,CMS Computers Ltd,2574,273
CSC e-Governance Services India Limited,CSC e-Governance Services India Limited,190,60
CSC e-Governance Services India Limited,Intelligent Communication Sys India Ltd,12,10
CSC e-Governance Services India Limited,MANTRA SOFTTECH (INDIA) PVTLTD,1326,35
CSC e-Governance Services India Limited,Mahaonline Limited,117,13
CSC e-Governance Services India Limited,Nekton IT India Pvt Ltd.,77,8
CSC e-Governance Services India Limited,Network for Information & Computer,347,19
CSC e-Governance Services India Limited,SPANCO,596,133
CSC e-Governance Services India Limited,Sahaj e-Village Limited,692,36
CSC e-Governance Services India Limited,Tera Software Ltd,135,6
CSC e-Governance Services India Limited,United Telecoms e-Services Pvt Ltd,1200,116
CSC e-Governance Services India Limited,VIKALP MULTIMEDIA,377,92
CSC e-Governance Services India Limited,Vakrangee Softwares Limited,2,1
CSC e-Governance Services India Limited,Vayam technologies Ltd,1576,53
CSC e-Governance Services India Limited,Vedavaag Systems Limited,1500,114
CSC e-Governance Services India Limited,Zephyr System Pvt.Ltd.,905,96
Canara Bank,FINANCIAL INFORMATION NETWORK,5533,172
Canara Bank,Karvy Data Management Services,3090,115
Canara Bank,Ojus Healthcare Private Limited,22,3
Canara Bank,Osiris Infotech Pvt. Ltd.,377,33
Canara Bank,Smart Chip Limited,4401,259
Canara Bank,Virinchi Technologies Ltd,791,7
Central Bank of India,CALANCE SOFTWARE PRIVATE LTD,0,7
Central Bank of India,IAP COMPANY Pvt. Ltd,30,15
Central Bank of India,IL&FS LTD,0,3
DENA BANK,APEX Services,243,13
DENA BANK,ATISHAY INFOTECH PVT. LTD.,3263,76
DENA BANK,AVVAS INFOTECH PVT  LTD,2912,112
DENA BANK,Asha Security Guard Services,562,77
DENA BANK,BNR UDYOG LIMITED,597,26
DENA BANK,Binary Systems,109,17
DENA BANK,Bloom Solutions Pvt Ltd,9543,290
DENA BANK,Blue Circle Instrument,1416,34
DENA BANK,Business Information Processing Services,642,17
DENA BANK,CALANCE SOFTWARE PRIVATE LTD,855,127
DENA BANK,DATASOFT COMPUTER SERVICES(P),2613,55
DENA BANK,DEVASHISH SECURITIES PVT. LTD.,450,3
DENA BANK,Eagle Software India Pvt. Ltd,3790,65
DENA BANK,FINANCIAL INFORMATION NETWORK,4459,238
DENA BANK,Gem Computers,2804,108
DENA BANK,Gujarat Infotech Ltd.,535,2
DENA BANK,IAP COMPANY Pvt. Ltd,9591,495
DENA BANK,India Computer Technology,645,58
DENA BANK,JNET Technologies Pvt.Ltd,432,16
DENA BANK,K W Consulting P Ltd,1579,86
DENA BANK,M/S STAR DATA CENTRE,568,9
DENA BANK,M/s Gold Square Builders & Promoters Pvt. Ltd.,1056,63
DENA BANK,MARS Telecom Systems Pvt Ltd,28,35
DENA BANK,MEGHA VINCOM PVT LTD,2214,62
DENA BANK,MKS Enterprises,2617,39
DENA BANK,Make India Smart Private Limited,827,121
DENA BANK,Multiwave Innovation,8109,77
DENA BANK,NVR & ASSOCIATES LIMITED,578,46
DENA BANK,Netlink software Pvt Ltd,3893,174
DENA BANK,Nielsen  India  Private Limited,6093,345
DENA BANK,Offshoot Agency Pvt. Ltd.,1303,75
DENA BANK,Ortem Securities Limited,686,18
DENA BANK,Radiant Haroti Industries India Ltd,3578,346
DENA BANK,SGS INDIA PVT LTD,1361,69
DENA BANK,Silver Touch Technologies Ltd,1263,32
DENA BANK,Sixth Dimension Project Solutions Ltd,1269,8
DENA BANK,Soc for Advancement of Environ Science,288,12
DENA BANK,SoftAge Information Technology Limited,14,0
DENA BANK,Super Printers,1396,102
DENA BANK,Systematic & Advance Const P L,90,6
DENA BANK,TechSmart India Pvt Ltd,2404,108
DENA BANK,Tera Software Ltd,2398,193
DENA BANK,The NSIC ltd,8,0
DENA BANK,Transline Technologies P Ltd,1612,81
DENA BANK,Utility Forms Pvt Ltd,993,38
DENA BANK,VAP INFOSOLUTIONS,2427,84
DENA BANK,VISION COMPTECH INTEGRATOR LTD,2994,103
DENA BANK,Vedavaag Systems Limited,5206,458
DENA BANK,WEBEL,6610,212
DENA BANK,Wipro Ltd,851,102
DENA BANK,Zephyr System Pvt.Ltd.,2553,125
Delhi - East DC,DATASOFT COMPUTER SERVICES(P),0,2
Delhi - East DC,Tera Software Ltd,0,1
Delhi - North DC,CALANCE SOFTWARE PRIVATE LTD,14,8
Delhi Urban Shelter Improvemen,Tera Software Ltd,0,1
Delhi- South DC,Karvy Computershare Private Li,1,0
Delhi- West DC,VIRGO SOFTECH LIMITED,50,3
Delhi-NW DC,Karvy Computershare Private Li,0,1
Department of Information Technology Govt of Jharkhand,Wipro Ltd,1,3
Dept of ITC Govt of Rajasthan,ATISHAY INFOTECH PVT. LTD.,4,26
Dept of ITC Govt of Rajasthan,AVVAS INFOTECH PVT  LTD,87,18
Dept of ITC Govt of Rajasthan,DATASOFT COMPUTER SERVICES(P),1,0
Dept of ITC Govt of Rajasthan,Gem Computers,2,2
Dept of ITC Govt of Rajasthan,MANTRA SOFTTECH (INDIA) PVTLTD,1,0
Dept of ITC Govt of Rajasthan,Netlink software Pvt Ltd,3,0
Dept of ITC Govt of Rajasthan,TechSmart India Pvt Ltd,0,4
Dept of ITC Govt of Rajasthan,Transline Technologies P Ltd,93,6
Dept of ITC Govt of Rajasthan,VIRGO SOFTECH LIMITED,2,1
Dept of ITC Govt of Rajasthan,Vakrangee Softwares Limited,7,16
FCR Govt of Haryana,4G INFORMATICS,398,14
FCR Govt of Haryana,Academy of Management Studies,484,63
FCR Govt of Haryana,Radiant Info Systems Ltd,534,38
FCR Govt of Haryana,SoftAge Information Technology Limited,246,36
FCR Govt of Haryana,Vayam technologies Ltd,1,0
FCS Govt of Punjab,District Sukhmani Society  Jalandhar  Punjab,2,6
FCS Govt of Punjab,District Sukhmani Society  Ludhiana  Punjab,53,26
FCS Govt of Punjab,District Sukhmani Society  Moga  Punjab,8,2
FCS Govt of Punjab,District Sukhmani Society Amritsar Punjab,57,22
FCS Govt of Punjab,District Sukhmani Society Barnala Punjab,40,12
FCS Govt of Punjab,District Sukhmani Society Bathinda Punjab,51,17
FCS Govt of Punjab,District Sukhmani Society Fatehgarh Sahib Punjab,40,4
FCS Govt of Punjab,District Sukhmani Society Fazilka Punjab,14,3
FCS Govt of Punjab,District Sukhmani Society Ferozepur Punjab,3,6
FCS Govt of Punjab,District Sukhmani Society For Citizen Services Mansa Punjab,22,6
FCS Govt of Punjab,District Sukhmani Society For Citizen Services Nawanshahr Punjab,34,6
FCS Govt of Punjab,District Sukhmani Society For Citizen Services SAS Nagar District e-Governance Society Punjab,42,4
FCS Govt of Punjab,District Sukhmani Society Pathankot Punjab,28,0
FCS Govt of Punjab,District Sukhmani Society Patiala Punjab,15,2
FCS Govt of Punjab,District Sukhmani Society Rupnagar Punjab,39,2
FCS Govt of Punjab,District Sukhmani Society Sangrur Punjab,49,10
FCS Govt of Punjab,District Sukhmani Society Sri Muktsar Sahib Punjab,2,2
FCS Govt of Punjab,District Sukhmani Society Tarn Taran Punjab,15,4
FCS Govt of Punjab,Karvy Computershare Private Li,1445,167
FCS Govt of Punjab,Sukhmani Society For Citizen Services  Kapurthala  Punjab,0,4
FCS Govt of Punjab,Sukhmani Society For Citizens Services Faridkot Punjab,33,4
FCS Govt of Punjab,Suwidha Society Hoshiarpur Punjab,3,5
FCS Govt of Punjab,Vayam technologies Ltd,75,12
FCS Govt of Punjab,eCentric solutions pvt ltd,254,17
Govt of Andhra Pradesh,Gouthami Educational Society,52,7
Govt of Andhra Pradesh,GrapeSoft,247,5
Govt of Andhra Pradesh,INFRONICS SYSTEMS LTD,1,0
Govt of Goa,MARS Telecom Systems Pvt Ltd,2,1
Govt of Gujarat,GSS Infotech Ltd,1,1
Govt of Gujarat,Karvy Computershare Private Li,162,22
Govt of Gujarat,Silver Touch Technologies Ltd,2015,65
Govt of Gujarat,Tera Software Ltd,119,8
Govt of Gujarat,Transline Technologies P Ltd,1566,40
Govt of Gujarat,Vayam technologies Ltd,192,3
Govt of Gujarat,eCentric solutions pvt ltd,1282,24
Govt of Karnataka ,BNR UDYOG LIMITED,5,4
Govt of Karnataka ,MARS Telecom Systems Pvt Ltd,1,0
Govt of Karnataka ,Ninestars Information Technologies Ltd,1,0
Govt of Karnataka ,Om Softwares,1,0
Govt of Karnataka ,Origin ITFS Pvt Ltd,1,2
Govt of Karnataka ,SREEVEN INFOCOM LIMITED,129,7
Govt of Kerala,Akshaya,1551,163
Govt of Madhya Pradesh,VIRGO SOFTECH LIMITED,0,5
Govt of Maharashtra,Bharat Technical Solutions Private Limited,55,2
Govt of Maharashtra,Eagle press pvt ltd,49,1
Govt of Maharashtra,Global Finsol Private Limited,1,0
Govt of Maharashtra,Karvy Computershare Private Li,1,15
Govt of Maharashtra,M/S King Computer System pvt Ltd,0,2
Govt of Maharashtra,Netlink software Pvt Ltd,41,3
Govt of Maharashtra,Rudranee Infotech Ltd,0,3
Govt of Maharashtra,SETU MAHARASHTRA,95,4
Govt of Maharashtra,SHREERAM PRINTING PRESS,0,3
Govt of Maharashtra,SILVER JUBILEE MOTORS LTD.,0,2
Govt of Maharashtra,SPANCO,1,1
Govt of Maharashtra,STRATEGIC OUTSOURCING SERVICE,34,4
Govt of Maharashtra,Transline Technologies P Ltd,0,8
Govt of Maharashtra,Vidarbha Infotech Pvt Ltd,0,4
Govt of Sikkim - Dept of Econo,Department of Economics Statistics  Monitoring and Evaluation DESME,108,2
IDBI Bank ltd,ATISHAY INFOTECH PVT. LTD.,217,28
IDBI Bank ltd,Matrix Processing House,882,16
IDBI Bank ltd,SREEVEN INFOCOM LIMITED,81,18
IDBI Bank ltd,UTI TECHNOLOGY SERVICES LIMITE,0,1
Indian Bank,Redim Software Technologies Pvt Ltd,59,0
Indiapost,MARS Telecom Systems Pvt Ltd,0,1
Indiapost,Vayam technologies Ltd,0,5
Information Technology & Communication Department,Directorate of ESD,8592,2192
Information Technology & Communication Department,JYOTHI COMPUTER SERVICES,10,16
Information Technology & Communication Department,MARS Telecom Systems Pvt Ltd,59,12
Jharkhand,Emdee Digitronics Pvt.Ltd.,0,2
Jharkhand,MKS Enterprises,1,0
Jharkhand,VISION COMPTECH INTEGRATOR LTD,1,0
Jharkhand,Wipro Ltd,0,7
Mission Convergence - GNCT Del,Karvy Computershare Private Li,0,1
NSDL e-Governance Infrastructure Limited,Abhipra Capital Ltd,379,33
NSDL e-Governance Infrastructure Limited,Alankit Assignments Limited,67,18
NSDL e-Governance Infrastructure Limited,Alankit Finsec Ltd,3527,377
NSDL e-Governance Infrastructure Limited,Gujarat Infotech Ltd.,5805,130
NSDL e-Governance Infrastructure Limited,Karvy Data Management Services,31321,2122
NSDL e-Governance Infrastructure Limited,N.K. Sharma Enterprises Ltd.,624,15
NSDL e-Governance Infrastructure Limited,Netlink software Pvt Ltd,6,8
NSDL e-Governance Infrastructure Limited,Offshoot Agency Pvt. Ltd.,257,32
NSDL e-Governance Infrastructure Limited,Promind Solutions P Limited,4081,213
NSDL e-Governance Infrastructure Limited,RELIGARE SECURITIES LTD,1638,36
NSDL e-Governance Infrastructure Limited,Radiant Haroti Industries India Ltd,866,70
NSDL e-Governance Infrastructure Limited,Sri Ramraja Sarkar Lok Kalyan Trust,1251,55
NSDL e-Governance Infrastructure Limited,Utility Forms Pvt Ltd,1386,87
NSDL e-Governance Infrastructure Limited,VIRGO SOFTECH LIMITED,1,0
Oriental Bank of Commerce,DATASOFT COMPUTER SERVICES(P),246,26
Oriental Bank of Commerce,JNET Technologies Pvt.Ltd,59,6
Oriental Bank of Commerce,Redim Software Technologies Pvt Ltd,0,2
Oriental Bank of Commerce,Sri Ramraja Sarkar Lok Kalyan Trust,613,42
Oriental Bank of Commerce,Wipro Ltd,0,3
Principal Revenue Commissioner  Dept of Revenue  Govt of MP,Frontech Systems Pvt Ltd,1,0
Principal Revenue Commissioner  Dept of Revenue  Govt of MP,GDC Advertising Pvt. Limited,1,0
Principal Revenue Commissioner  Dept of Revenue  Govt of MP,K W Consulting P Ltd,1,2
Principal Revenue Commissioner  Dept of Revenue  Govt of MP,LYRA  CONSULTANCY SERVICE,7,2
Principal Revenue Commissioner  Dept of Revenue  Govt of MP,Netlink software Pvt Ltd,0,12
Principal Revenue Commissioner  Dept of Revenue  Govt of MP,OSWAL COMPUTERS & CONSULTANTS,1,1
Principal Revenue Commissioner  Dept of Revenue  Govt of MP,Tera Software Ltd,28,33
Principal Revenue Commissioner  Dept of Revenue  Govt of MP,Vedavaag Systems Limited,11,18
Punjab and Sind Bank,Matrix Processing House,641,4
Registrar General India BEL2,Bharat Electronics Limited,0,2
Registrar General India BEL2,Chinar Construction Company Prime agency,2,3
Registrar General India BEL2,Computer LAB,0,9
Registrar General India BEL2,Emdee Digitronics Pvt.Ltd.,36,3
Registrar General India BEL2,India Computer Technology,2,0
Registrar General India BEL2,Karvy Data Management Services,10,2
Registrar General India BEL2,MACRO INFOTECH PVT LTD,6,0
Registrar General India BEL2,MKS Enterprises,6,5
Registrar General India BEL2,Madras Security Printers Ltd,26,34
Registrar General India BEL2,Manipur Electronics Dev Corp,92,1
Registrar General India BEL2,Multiwave Innovation,63,8
Registrar General India BEL2,NVR & ASSOCIATES LIMITED,0,10
Registrar General India BEL2,Netlink software Pvt Ltd,0,3
Registrar General India BEL2,Nevaeh Technology Pvt. Ltd.,5,0
Registrar General India BEL2,Nielsen  India  Private Limited,2,0
Registrar General India BEL2,Om Softwares,2,1
Registrar General India BEL2,SREI INFRASTRUCTURE FINANCES L,566,0
Registrar General India BEL2,Satyanarayana Raju Company Pvt ltd,3,10
Registrar General India BEL2,Swathy Smartcards Hi-Tech Pvt,4,15
Registrar General India BEL2,Tera Software Ltd,1,138
Registrar General India BEL2,UNITED DATA SERVICES PRIVATE LIMITED,1,2
Registrar General India BEL2,Urmila Info solution,1,0
Registrar General India BEL2,VIRGO SOFTECH LIMITED,0,7
Registrar General India BEL2,Vansh Infotech Pvt Ltd,1,0
Registrar General India BEL2,Vedavaag Systems Limited,2,3
Registrar General India BEL2,Viesa Technologies,35,2
Registrar General India ECIL,AVVAS INFOTECH PVT  LTD,4,0
Registrar General India ECIL,BUSINESS INFORMATION PROCESSING SERVICES,1,0
Registrar General India ECIL,COMTECHINFO SOLUTIONS PVT.LTD,1764,11
Registrar General India ECIL,Chinar Construction Company Prime agency,5013,29
Registrar General India ECIL,Computer LAB,7293,190
Registrar General India ECIL,Eagle Software India Pvt. Ltd,11514,158
Registrar General India ECIL,In Media Computer Services LLP,3006,20
Registrar General India ECIL,India Computer Technology,3,0
Registrar General India ECIL,Integrated Systems & Services,99,2
Registrar General India ECIL,Karvy Data Management Services,582,62
Registrar General India ECIL,LYRA  CONSULTANCY SERVICE,410,0
Registrar General India ECIL,Madras Security Printers Ltd,3920,1158
Registrar General India ECIL,Mphasis Ltd,1,0
Registrar General India ECIL,Pioneer E Labs limited,2,0
Registrar General India ECIL,SARADA SYSTEMS,2,64
Registrar General India ECIL,SWISSTECH NPR 57CR PROJECT PVT,720,19
Registrar General India ECIL,VEETECHNOLOGIES PVT. LTD,50,3
Registrar General India ECIL,Vedavaag Systems Limited,6,1
Registrar General India Others,Madras Security Printers Ltd,0,15
Registrar General of India ITI,Eagle Software India Pvt. Ltd,1,2
Registrar General of India ITI,Emdee Digitronics Pvt.Ltd.,16099,353
Registrar General of India ITI,FINANCIAL INFORMATION NETWORK,3,0
Registrar General of India ITI,Karvy Data Management Services,2,4
Registrar General of India ITI,Madras Security Printers Ltd,1,15
Registrar General of India ITI,Netlink software Pvt Ltd,1,0
Registrar General of India ITI,Nielsen  India  Private Limited,0,2
Registrar General of India ITI,PROTEX COMPUTER PVT LTD,19,0
Registrar General of India ITI,Quick Data IT Services Pvt Ltd,143,0
Registrar General of India ITI,STRATEGIC OUTSOURCING SERVICE,3,3
Registrar General of India ITI,Satyanarayana Raju Company Pvt ltd,0,3
Registrar General of India ITI,Swiss Tech India Pvt Ltd,1,0
Registrar General of India ITI,VIRGO SOFTECH LIMITED,1840,34
Registrar General of India ITI,Vedavaag Systems Limited,2,5
Registrar General of India ITI,WEBEL TECHNOLOGY LIMITED,3880,72
State Bank of Bikaner & Jaipur,Multiwave Innovation,0,2
State Bank of India,Smart Chip Limited,0,4
UIDAI-Registrar,UIDAI-EA,20,2
Union Bank,FINANCIAL INFORMATION NETWORK,1086,451
Union Bank,Smart Chip Limited,2966,336
Union Bank,Vakrangee Softwares Limited,757,156
