Registrar,Enrolment Agency,Aadhaar generated,Enrolment Rejected
Allahabad Bank,Vakrangee Softwares Limited,10,164
Bank Of India,A3 Logics  India  Ltd,1357,500
Bank Of India,Akanksha International,51,19
Bank Of India,Blue Circle Instrument,462,392
Bank Of India,CHESSY CONSULTANTS PVT LTD,91,62
Bank Of India,DATASOFT COMPUTER SERVICES(P),3344,954
Bank Of India,Emdee Digitronics Pvt.Ltd.,1523,306
Bank Of India,Frontech Systems Pvt Ltd,345,237
Bank Of India,MANTRA SOFTTECH (INDIA) PVTLTD,17,7
Bank Of India,Matrix Processing House,766,247
Bank Of India,OSWAL COMPUTERS & CONSULTANTS,1218,1168
Bank Of India,PROTEX COMPUTER PVT LTD,1011,91
Bank Of India,SARADA SYSTEMS,2073,234
Bank Of India,SHRIKRISHNA KHANDASARI SUGAR M,1167,722
Bank Of India,SPANCO,251,86
Bank Of India,SREI INFRASTRUCTURE FINANCES L,8940,1396
Bank Of India,Silver Touch Technologies Ltd,120,57
Bank Of India,Systematic & Advance Const P L,55,57
Bank Of India,VEETECHNOLOGIES PVT. LTD,1239,779
Bank Of India,VIRGO SOFTECH LIMITED,3,1
Bank Of India,Vakrangee Softwares Limited,157,119
Bank of Baroda,Global Finsol Private Limited,222,192
Bank of Maharashtra,Alankit Finsec Ltd,7,19
Bank of Maharashtra,FINANCIAL INFORMATION NETWORK,20,129
Bank of Maharashtra,Micro Technologies India Ltd,82,97
Bank of Maharashtra,Tera Software Ltd,2546,921
CSC e-Governance Services India Limited,A I Soc for Electronics and Comp Tech,4208,1104
CSC e-Governance Services India Limited,AKSH OPTIFIBRE LIMITED,902,261
CSC e-Governance Services India Limited,BASIX,1801,1479
CSC e-Governance Services India Limited,CALANCE SOFTWARE PRIVATE LTD,281,83
CSC e-Governance Services India Limited,CMS Computers Ltd,5655,1862
CSC e-Governance Services India Limited,CSC e-Governance Services India Limited,366,799
CSC e-Governance Services India Limited,Intelligent Communication Sys India Ltd,551,67
CSC e-Governance Services India Limited,MANTRA SOFTTECH (INDIA) PVTLTD,1393,339
CSC e-Governance Services India Limited,Mahaonline Limited,119,250
CSC e-Governance Services India Limited,Nekton IT India Pvt Ltd.,230,21
CSC e-Governance Services India Limited,Network for Information & Computer,718,245
CSC e-Governance Services India Limited,Reliance Communication Limited,1,13
CSC e-Governance Services India Limited,SPANCO,1590,705
CSC e-Governance Services India Limited,SRR Infotech,6,2
CSC e-Governance Services India Limited,Sahaj e-Village Limited,1594,147
CSC e-Governance Services India Limited,Tera Software Ltd,131,44
CSC e-Governance Services India Limited,United Telecoms e-Services Pvt Ltd,876,1081
CSC e-Governance Services India Limited,VIKALP MULTIMEDIA,615,1301
CSC e-Governance Services India Limited,Vakrangee Softwares Limited,24,52
CSC e-Governance Services India Limited,Vayam technologies Ltd,966,253
CSC e-Governance Services India Limited,Vedavaag Systems Limited,1475,120
CSC e-Governance Services India Limited,Zephyr System Pvt.Ltd.,3402,631
Canara Bank,FINANCIAL INFORMATION NETWORK,4264,741
Canara Bank,Karvy Data Management Services,10526,1230
Canara Bank,Ojus Healthcare Private Limited,46,28
Canara Bank,Osiris Infotech Pvt. Ltd.,682,137
Canara Bank,Smart Chip Limited,8836,1526
Canara Bank,Virinchi Technologies Ltd,0,14
Central Bank of India,CALANCE SOFTWARE PRIVATE LTD,326,197
Central Bank of India,IAP COMPANY Pvt. Ltd,463,213
Central Bank of India,MANTRA SOFTTECH (INDIA) PVTLTD,2,3
Central Bank of India,SREI INFRASTRUCTURE FINANCES L,0,1
Central Bank of India,The Peerless General Finance,2,63
DENA BANK,APEX Services,603,79
DENA BANK,ATISHAY INFOTECH PVT. LTD.,2536,362
DENA BANK,AVVAS INFOTECH PVT  LTD,4130,972
DENA BANK,Asha Security Guard Services,584,233
DENA BANK,BNR UDYOG LIMITED,104,101
DENA BANK,Binary Systems,120,44
DENA BANK,Bloom Solutions Pvt Ltd,11849,1909
DENA BANK,Blue Circle Instrument,2249,76
DENA BANK,Business Information Processing Services,1247,103
DENA BANK,CALANCE SOFTWARE PRIVATE LTD,2764,295
DENA BANK,DATASOFT COMPUTER SERVICES(P),2207,537
DENA BANK,DEVASHISH SECURITIES PVT. LTD.,389,19
DENA BANK,Eagle Software India Pvt. Ltd,5313,606
DENA BANK,FINANCIAL INFORMATION NETWORK,7023,778
DENA BANK,Gem Computers,169,229
DENA BANK,Gujarat Infotech Ltd.,330,126
DENA BANK,IAP COMPANY Pvt. Ltd,22012,1945
DENA BANK,India Computer Technology,241,171
DENA BANK,JNET Technologies Pvt.Ltd,938,113
DENA BANK,K W Consulting P Ltd,964,631
DENA BANK,M/S STAR DATA CENTRE,1108,101
DENA BANK,M/s Gold Square Builders & Promoters Pvt. Ltd.,2465,427
DENA BANK,MARS Telecom Systems Pvt Ltd,2262,44
DENA BANK,MEGHA VINCOM PVT LTD,11024,1028
DENA BANK,MKS Enterprises,788,163
DENA BANK,Make India Smart Private Limited,885,250
DENA BANK,Multiwave Innovation,3513,614
DENA BANK,NVR & ASSOCIATES LIMITED,4333,390
DENA BANK,Narayana Electricals Solution Pvt Ltd,34,53
DENA BANK,Netlink software Pvt Ltd,1493,442
DENA BANK,Nielsen  India  Private Limited,10530,2177
DENA BANK,Offshoot Agency Pvt. Ltd.,1695,164
DENA BANK,Ortem Securities Limited,421,168
DENA BANK,Prodigy Systems and Services Private Limited,31,49
DENA BANK,Radiant Haroti Industries India Ltd,4760,837
DENA BANK,SGS INDIA PVT LTD,4543,761
DENA BANK,Silver Touch Technologies Ltd,222,48
DENA BANK,Sixth Dimension Project Solutions Ltd,53,61
DENA BANK,Soc for Advancement of Environ Science,267,76
DENA BANK,SoftAge Information Technology Limited,267,43
DENA BANK,Super Printers,1049,181
DENA BANK,Systematic & Advance Const P L,126,86
DENA BANK,TechSmart India Pvt Ltd,2738,778
DENA BANK,Tera Software Ltd,4893,958
DENA BANK,The NSIC ltd,1,1
DENA BANK,Transline Technologies P Ltd,5232,521
DENA BANK,Utility Forms Pvt Ltd,1055,82
DENA BANK,VAP INFOSOLUTIONS,3877,279
DENA BANK,VISION COMPTECH INTEGRATOR LTD,2351,392
DENA BANK,Vedavaag Systems Limited,7362,1087
DENA BANK,WEBEL,12605,1408
DENA BANK,Wipro Ltd,3762,414
DENA BANK,Zephyr System Pvt.Ltd.,2618,749
Delhi - Central DC,Smart Chip Limited,111,30
Delhi - East DC,DATASOFT COMPUTER SERVICES(P),109,68
Delhi - ND DC,Smart Chip Limited,32,8
Delhi - NE DC,Smart Chip Limited,139,63
Delhi - North DC,CALANCE SOFTWARE PRIVATE LTD,341,212
Delhi - North DC,NVR & ASSOCIATES LIMITED,208,100
Delhi - North DC,Smart Chip Limited,77,47
Delhi SW DC,STRATEGIC OUTSOURCING SERVICE,0,2
Delhi SW DC,VIRGO SOFTECH LIMITED,23,51
Delhi Urban Shelter Improvemen,STRATEGIC OUTSOURCING SERVICE,0,1
Delhi- South DC,Karvy Computershare Private Li,29,47
Delhi- South DC,Smart Chip Limited,36,23
Delhi- South DC,Tera Software Ltd,0,2
Delhi- West DC,Matrix Processing House,0,1
Delhi- West DC,Smart Chip Limited,90,40
Delhi- West DC,VIRGO SOFTECH LIMITED,142,105
Delhi-NW DC,Karvy Computershare Private Li,129,70
Delhi-NW DC,STRATEGIC OUTSOURCING SERVICE,0,4
Department of Information Technology Govt of Jharkhand,Blue Circle Instrument,63,138
Department of Information Technology Govt of Jharkhand,MKS Enterprises,22,132
Department of Information Technology Govt of Jharkhand,Systematic & Advance Const P L,5,3
Department of Information Technology Govt of Jharkhand,Vayam technologies Ltd,0,4
Department of Information Technology Govt of Jharkhand,Wipro Ltd,485,318
Dept of ITC Govt of Rajasthan,ATISHAY INFOTECH PVT. LTD.,155,130
Dept of ITC Govt of Rajasthan,AVVAS INFOTECH PVT  LTD,437,427
Dept of ITC Govt of Rajasthan,Alankit Finsec Ltd,23,12
Dept of ITC Govt of Rajasthan,Business Information Processing Services,2,10
Dept of ITC Govt of Rajasthan,DATASOFT COMPUTER SERVICES(P),168,187
Dept of ITC Govt of Rajasthan,Gem Computers,53,13
Dept of ITC Govt of Rajasthan,MANTRA SOFTTECH (INDIA) PVTLTD,3,9
Dept of ITC Govt of Rajasthan,Multiwave Innovation,16,7
Dept of ITC Govt of Rajasthan,Netlink software Pvt Ltd,10,16
Dept of ITC Govt of Rajasthan,TechSmart India Pvt Ltd,128,61
Dept of ITC Govt of Rajasthan,Transline Technologies P Ltd,210,145
Dept of ITC Govt of Rajasthan,VIRGO SOFTECH LIMITED,5,37
Dept of ITC Govt of Rajasthan,Vakrangee Softwares Limited,210,283
Dept of ITC Govt of Rajasthan,Vayam technologies Ltd,58,102
FCR Govt of Haryana,4G INFORMATICS,20,61
FCR Govt of Haryana,Academy of Management Studies,51,48
FCR Govt of Haryana,Radiant Info Systems Ltd,910,223
FCR Govt of Haryana,SoftAge Information Technology Limited,804,380
FCR Govt of Haryana,Vakrangee Softwares Limited,299,168
FCR Govt of Haryana,Vayam technologies Ltd,64,44
FCS Govt of Punjab,Alankit Assignments Limited,0,5
FCS Govt of Punjab,CSS TECHNERGY LIMITED,81,23
FCS Govt of Punjab,Delhi Integrated MMTS Ltd,0,1
FCS Govt of Punjab,District Sukhmani Society  Jalandhar  Punjab,40,14
FCS Govt of Punjab,District Sukhmani Society  Ludhiana  Punjab,102,58
FCS Govt of Punjab,District Sukhmani Society  Moga  Punjab,172,23
FCS Govt of Punjab,District Sukhmani Society Amritsar Punjab,61,45
FCS Govt of Punjab,District Sukhmani Society Barnala Punjab,110,47
FCS Govt of Punjab,District Sukhmani Society Bathinda Punjab,40,36
FCS Govt of Punjab,District Sukhmani Society Fatehgarh Sahib Punjab,7,25
FCS Govt of Punjab,District Sukhmani Society Fazilka Punjab,20,11
FCS Govt of Punjab,District Sukhmani Society Ferozepur Punjab,28,31
FCS Govt of Punjab,District Sukhmani Society For Citizen Services Mansa Punjab,0,24
FCS Govt of Punjab,District Sukhmani Society For Citizen Services Nawanshahr Punjab,23,15
FCS Govt of Punjab,District Sukhmani Society For Citizen Services SAS Nagar District e-Governance Society Punjab,31,21
FCS Govt of Punjab,District Sukhmani Society Pathankot Punjab,18,7
FCS Govt of Punjab,District Sukhmani Society Patiala Punjab,55,12
FCS Govt of Punjab,District Sukhmani Society Rupnagar Punjab,74,15
FCS Govt of Punjab,District Sukhmani Society Sangrur Punjab,58,22
FCS Govt of Punjab,District Sukhmani Society Sri Muktsar Sahib Punjab,11,20
FCS Govt of Punjab,District Sukhmani Society Tarn Taran Punjab,7,10
FCS Govt of Punjab,Karvy Computershare Private Li,1460,896
FCS Govt of Punjab,Sukhmani Society For Citizen Services  Kapurthala  Punjab,41,14
FCS Govt of Punjab,Sukhmani Society For Citizen Services Gurdaspur Punjab,11,22
FCS Govt of Punjab,Sukhmani Society For Citizens Services Faridkot Punjab,44,33
FCS Govt of Punjab,Suwidha Society Hoshiarpur Punjab,149,11
FCS Govt of Punjab,Vayam technologies Ltd,818,442
FCS Govt of Punjab,eCentric solutions pvt ltd,1328,472
Govt of Andhra Pradesh,Gouthami Educational Society,19,229
Govt of Andhra Pradesh,GrapeSoft,384,453
Govt of Andhra Pradesh,IL&FS LTD,4,0
Govt of Andhra Pradesh,INFRONICS SYSTEMS LTD,66,782
Govt of Andhra Pradesh,Madras Security Printers Ltd,0,3
Govt of Andhra Pradesh,SREEVEN INFOCOM LIMITED,41,125
Govt of Andhra Pradesh,TechSmart India Pvt Ltd,79,241
Govt of Andhra Pradesh,Tera Software Ltd,55,323
Govt of Andhra Pradesh,eCentric solutions pvt ltd,0,2
Govt of Goa,MARS Telecom Systems Pvt Ltd,16,28
Govt of Gujarat,GSS Infotech Ltd,40,39
Govt of Gujarat,Karvy Computershare Private Li,1591,340
Govt of Gujarat,Silver Touch Technologies Ltd,843,347
Govt of Gujarat,Tera Software Ltd,1090,108
Govt of Gujarat,Transline Technologies P Ltd,948,180
Govt of Gujarat,Vayam technologies Ltd,439,271
Govt of Gujarat,eCentric solutions pvt ltd,1802,211
Govt of Himachal Pradesh,Wipro Ltd,364,282
Govt of Himachal Pradesh,i-Grandee SoftwareTechnologies,474,153
Govt of Karnataka ,BNR UDYOG LIMITED,49,29
Govt of Karnataka ,Bloom Solutions Pvt Ltd,93,33
Govt of Karnataka ,MARS Telecom Systems Pvt Ltd,461,270
Govt of Karnataka ,Ninestars Information Technologies Ltd,304,275
Govt of Karnataka ,Om Softwares,0,9
Govt of Karnataka ,Origin ITFS Pvt Ltd,249,346
Govt of Karnataka ,Radiant Info Systems Ltd,1,5
Govt of Karnataka ,SREEVEN INFOCOM LIMITED,871,487
Govt of Karnataka ,Tera Software Ltd,0,1
Govt of Karnataka ,Wipro Ltd,0,1
Govt of Kerala,Akshaya,2388,1000
Govt of Kerala,Keltron,11,111
Govt of Maharashtra,Adcc Infocad Pvt.Ltd Nagpur,0,4
Govt of Maharashtra,Alankit Assignments Limited,0,1
Govt of Maharashtra,Alankit Finsec Ltd,5,105
Govt of Maharashtra,Bharat Technical Solutions Private Limited,23,20
Govt of Maharashtra,Eagle press pvt ltd,10,23
Govt of Maharashtra,GLODYNE TECHNOSERVE,0,7
Govt of Maharashtra,Global Finsol Private Limited,0,18
Govt of Maharashtra,Karvy Computershare Private Li,102,979
Govt of Maharashtra,M/S King Computer System pvt Ltd,0,5
Govt of Maharashtra,M/s. Vidya Online  Pune,22,40
Govt of Maharashtra,Narayana Electricals Solution Pvt Ltd,1,117
Govt of Maharashtra,Netlink software Pvt Ltd,3,313
Govt of Maharashtra,Network for Information & Computer,0,3
Govt of Maharashtra,Obel projects Pvt Ltd,0,7
Govt of Maharashtra,Rudranee Infotech Ltd,2,55
Govt of Maharashtra,SETU MAHARASHTRA,65,66
Govt of Maharashtra,SHREERAM PRINTING PRESS,0,33
Govt of Maharashtra,SILVER JUBILEE MOTORS LTD.,5,19
Govt of Maharashtra,SPANCO,1,160
Govt of Maharashtra,STRATEGIC OUTSOURCING SERVICE,33,156
Govt of Maharashtra,Silver Touch Technologies Ltd,3,101
Govt of Maharashtra,Systematic & Advance Const P L,0,10
Govt of Maharashtra,TechSmart India Pvt Ltd,0,48
Govt of Maharashtra,Tera Software Ltd,0,10
Govt of Maharashtra,Transline Technologies P Ltd,233,320
Govt of Maharashtra,Vidarbha Infotech Pvt Ltd,3,14
Govt of Maharashtra,Wipro Ltd,5,636
Govt of Sikkim - Dept of Econo,Department of Economics Statistics  Monitoring and Evaluation DESME,66,23
IDBI Bank ltd,ATISHAY INFOTECH PVT. LTD.,106,144
IDBI Bank ltd,Matrix Processing House,974,94
IDBI Bank ltd,Pioneer E Labs limited,0,1
IDBI Bank ltd,SREEVEN INFOCOM LIMITED,1,442
IDBI Bank ltd,UTI TECHNOLOGY SERVICES LIMITE,150,51
Indian Bank,Redim Software Technologies Pvt Ltd,24,9
Indiapost,4G IDENTITY SOLUTIONS,0,1
Indiapost,Delhi Integrated MMTS Ltd,782,162
Indiapost,GLODYNE TECHNOSERVE,0,2
Indiapost,Global Finsol Private Limited,148,132
Indiapost,M/S STAR DATA CENTRE,0,151
Indiapost,MARS Telecom Systems Pvt Ltd,40,151
Indiapost,Smart Chip Limited,7,10
Indiapost,UTI TECHNOLOGY SERVICES LIMITE,0,1
Indiapost,Vayam technologies Ltd,84,162
Indiapost,WEBEL,34,16
Information Technology & Communication Department,4G INFORMATICS,30,304
Information Technology & Communication Department,BNR UDYOG LIMITED,33,130
Information Technology & Communication Department,Bloom Solutions Pvt Ltd,26,198
Information Technology & Communication Department,CSS TECHNERGY LIMITED,9,19
Information Technology & Communication Department,Directorate of ESD,9433,15026
Information Technology & Communication Department,GDC Advertising Pvt. Limited,6,244
Information Technology & Communication Department,JYOTHI COMPUTER SERVICES,3,414
Information Technology & Communication Department,Karvy Data Management Services,0,60
Information Technology & Communication Department,MARS Telecom Systems Pvt Ltd,132,339
Information Technology & Communication Department,SREEVEN INFOCOM LIMITED,39,275
Information Technology & Communication Department,Tera Software Ltd,18,116
Jharkhand,Alankit Assignments Limited,28,3
Jharkhand,Blue Circle Instrument,7,12
Jharkhand,Emdee Digitronics Pvt.Ltd.,16,62
Jharkhand,MKS Enterprises,44,45
Jharkhand,Nevaeh Technology Pvt. Ltd.,8,19
Jharkhand,STRATEGIC OUTSOURCING SERVICE,65,28
Jharkhand,Systematic & Advance Const P L,93,36
Jharkhand,VISION COMPTECH INTEGRATOR LTD,6,36
Jharkhand,Wipro Ltd,387,2400
Life Insurance Corporation,Smart ID,0,1
Mission Convergence - GNCT Del,Karvy Computershare Private Li,25,30
Mission Convergence - GNCT Del,NVR & ASSOCIATES LIMITED,31,39
Mission Convergence - GNCT Del,STRATEGIC OUTSOURCING SERVICE,0,1
NSDL e-Governance Infrastructure Limited,Abhipra Capital Ltd,2612,255
NSDL e-Governance Infrastructure Limited,Alankit Assignments Limited,1034,569
NSDL e-Governance Infrastructure Limited,Alankit Finsec Ltd,9175,1897
NSDL e-Governance Infrastructure Limited,Delhi Integrated MMTS Ltd,46,17
NSDL e-Governance Infrastructure Limited,Global Finsol Private Limited,1,28
NSDL e-Governance Infrastructure Limited,Gujarat Infotech Ltd.,4633,499
NSDL e-Governance Infrastructure Limited,INTEGRATED REGISTRY SERVICES LTD,0,15
NSDL e-Governance Infrastructure Limited,Karvy Consultants Limited,1,1
NSDL e-Governance Infrastructure Limited,Karvy Data Management Services,68836,11290
NSDL e-Governance Infrastructure Limited,N.K. Sharma Enterprises Ltd.,189,50
NSDL e-Governance Infrastructure Limited,Netlink software Pvt Ltd,528,354
NSDL e-Governance Infrastructure Limited,Offshoot Agency Pvt. Ltd.,613,166
NSDL e-Governance Infrastructure Limited,PROWIZ MANSYTEMS PVT LTD,354,64
NSDL e-Governance Infrastructure Limited,Promind Solutions P Limited,8337,1512
NSDL e-Governance Infrastructure Limited,RELIGARE SECURITIES LTD,1127,157
NSDL e-Governance Infrastructure Limited,Radiant Haroti Industries India Ltd,2001,212
NSDL e-Governance Infrastructure Limited,Sri Ramraja Sarkar Lok Kalyan Trust,2441,467
NSDL e-Governance Infrastructure Limited,Utility Forms Pvt Ltd,2616,332
NSDL e-Governance Infrastructure Limited,VIRGO SOFTECH LIMITED,553,98
Oriental Bank of Commerce,DATASOFT COMPUTER SERVICES(P),450,197
Oriental Bank of Commerce,Euro Finmart Ltd,1,30
Oriental Bank of Commerce,JNET Technologies Pvt.Ltd,32,47
Oriental Bank of Commerce,Redim Software Technologies Pvt Ltd,1,15
Oriental Bank of Commerce,Sri Ramraja Sarkar Lok Kalyan Trust,638,221
Oriental Bank of Commerce,Wipro Ltd,577,307
Principal Revenue Commissioner  Dept of Revenue  Govt of MP,Frontech Systems Pvt Ltd,18,28
Principal Revenue Commissioner  Dept of Revenue  Govt of MP,GDC Advertising Pvt. Limited,66,34
Principal Revenue Commissioner  Dept of Revenue  Govt of MP,K W Consulting P Ltd,1,184
Principal Revenue Commissioner  Dept of Revenue  Govt of MP,LYRA  CONSULTANCY SERVICE,24,19
Principal Revenue Commissioner  Dept of Revenue  Govt of MP,Netlink software Pvt Ltd,4,23
Principal Revenue Commissioner  Dept of Revenue  Govt of MP,OSWAL COMPUTERS & CONSULTANTS,93,91
Principal Revenue Commissioner  Dept of Revenue  Govt of MP,Tera Software Ltd,9,47
Principal Revenue Commissioner  Dept of Revenue  Govt of MP,The NSIC ltd,0,2
Principal Revenue Commissioner  Dept of Revenue  Govt of MP,Vedavaag Systems Limited,2378,212
Punjab and Sind Bank,Matrix Processing House,703,96
RDD Govt of Tripura,Alankit Assignments Limited,0,3
Registrar General India - BEL,Manipur Electronics Dev Corp,0,1
Registrar General India BEL2,4G INFORMATICS,0,4
Registrar General India BEL2,Alankit Assignments Limited,5,2
Registrar General India BEL2,Bharat Electronics Limited,1,6
Registrar General India BEL2,Chinar Construction Company Prime agency,59,12
Registrar General India BEL2,Computer LAB,18,103
Registrar General India BEL2,Eagle Software India Pvt. Ltd,0,8
Registrar General India BEL2,Emdee Digitronics Pvt.Ltd.,6,128
Registrar General India BEL2,In Media Computer Services LLP,80,32
Registrar General India BEL2,India Computer Technology,16,182
Registrar General India BEL2,Karvy Data Management Services,27,168
Registrar General India BEL2,MACRO INFOTECH PVT LTD,2,14
Registrar General India BEL2,MKS Enterprises,2,67
Registrar General India BEL2,Madras Security Printers Ltd,9305,259
Registrar General India BEL2,Manipur Electronics Dev Corp,1,12
Registrar General India BEL2,Multiwave Innovation,54,1422
Registrar General India BEL2,NVR & ASSOCIATES LIMITED,5,31
Registrar General India BEL2,Netlink software Pvt Ltd,5,37
Registrar General India BEL2,Nevaeh Technology Pvt. Ltd.,17,53
Registrar General India BEL2,Nielsen  India  Private Limited,91,454
Registrar General India BEL2,Om Softwares,93,3510
Registrar General India BEL2,SREEVEN INFOCOM LIMITED,1,33
Registrar General India BEL2,SREI INFRASTRUCTURE FINANCES L,426,163
Registrar General India BEL2,STRATEGIC OUTSOURCING SERVICE,52,206
Registrar General India BEL2,Satyanarayana Raju Company Pvt ltd,895,263
Registrar General India BEL2,Swathy Smartcards Hi-Tech Pvt,5,467
Registrar General India BEL2,Swiss Tech India Pvt Ltd,1,1393
Registrar General India BEL2,Tera Software Ltd,167,992
Registrar General India BEL2,UNITED DATA SERVICES PRIVATE LIMITED,166,31
Registrar General India BEL2,Urmila Info solution,0,21
Registrar General India BEL2,VIRGO SOFTECH LIMITED,13,83
Registrar General India BEL2,Vansh Infotech Pvt Ltd,8,22
Registrar General India BEL2,Vayam technologies Ltd,0,4
Registrar General India BEL2,Vedavaag Systems Limited,409,93
Registrar General India BEL2,Viesa Technologies,327,126
Registrar General India BEL2,WEBEL,1,20
Registrar General India ECIL,AVVAS INFOTECH PVT  LTD,31,209
Registrar General India ECIL,BUSINESS INFORMATION PROCESSING SERVICES,0,12
Registrar General India ECIL,COMTECH INSTITUTE OFTECHNOLOGY,2,21
Registrar General India ECIL,COMTECHINFO SOLUTIONS PVT.LTD,2985,560
Registrar General India ECIL,Chinar Construction Company Prime agency,4952,248
Registrar General India ECIL,Clairvoyance Technologies Pvt.,0,1
Registrar General India ECIL,Computer LAB,11992,2863
Registrar General India ECIL,Eagle Software India Pvt. Ltd,32282,3141
Registrar General India ECIL,Esoft Consulting Limited,0,5
Registrar General India ECIL,Gundal Infotech Private Limited,2,31
Registrar General India ECIL,In Media Computer Services LLP,20,430
Registrar General India ECIL,India Computer Technology,52,150
Registrar General India ECIL,Integrated Systems & Services,206,5
Registrar General India ECIL,Karvy Data Management Services,1050,810
Registrar General India ECIL,Krishna Infotech,1,332
Registrar General India ECIL,LYRA  CONSULTANCY SERVICE,141,31
Registrar General India ECIL,Madras Security Printers Ltd,44622,10027
Registrar General India ECIL,Mphasis Ltd,0,51
Registrar General India ECIL,Netwing Technologies Pvt Ltd,0,1
Registrar General India ECIL,Nielsen  India  Private Limited,0,23
Registrar General India ECIL,Pioneer E Labs limited,0,55
Registrar General India ECIL,Quick Data IT Services Pvt Ltd,0,1
Registrar General India ECIL,SARADA SYSTEMS,21,22
Registrar General India ECIL,SWISSTECH NPR 57CR PROJECT PVT,1,9360
Registrar General India ECIL,Tera Software Ltd,1,27
Registrar General India ECIL,VEETECHNOLOGIES PVT. LTD,0,1
Registrar General India ECIL,Vedavaag Systems Limited,0,912
Registrar General India Others,COMTECHINFO SOLUTIONS PVT.LTD,1,22
Registrar General India Others,Computer LAB,0,3
Registrar General India Others,Eagle Software India Pvt. Ltd,12,3
Registrar General India Others,Madras Security Printers Ltd,0,58
Registrar General India Others,SREEVEN INFOCOM LIMITED,0,3
Registrar General India Others,SWISSTECH NPR 57CR PROJECT PVT,0,2
Registrar General India Others,Swathy Smartcards Hi-Tech Pvt,1,1
Registrar General India Others,Tera Software Ltd,0,1
Registrar General of India ITI,COMTECH INSTITUTE OFTECHNOLOGY,0,12
Registrar General of India ITI,CSS TECHNERGY LIMITED,1,1
Registrar General of India ITI,CommunitiWorks Welfare Society,0,2
Registrar General of India ITI,Eagle Software India Pvt. Ltd,232,204
Registrar General of India ITI,Emdee Digitronics Pvt.Ltd.,29764,3943
Registrar General of India ITI,FINANCIAL INFORMATION NETWORK,0,370
Registrar General of India ITI,In Media Computer Services LLP,0,8
Registrar General of India ITI,Karvy Data Management Services,1,136
Registrar General of India ITI,MACRO INFOTECH PVT LTD,0,7
Registrar General of India ITI,MKS Enterprises,0,4
Registrar General of India ITI,Madras Security Printers Ltd,21,43
Registrar General of India ITI,Mphasis Ltd,0,20
Registrar General of India ITI,Multiwave Innovation,0,4
Registrar General of India ITI,Netlink software Pvt Ltd,0,11
Registrar General of India ITI,Nielsen  India  Private Limited,31,123
Registrar General of India ITI,PROTEX COMPUTER PVT LTD,0,37
Registrar General of India ITI,Quick Data IT Services Pvt Ltd,48,15
Registrar General of India ITI,SREEVEN INFOCOM LIMITED,0,34
Registrar General of India ITI,SREI INFRASTRUCTURE FINANCES L,1,11
Registrar General of India ITI,STRATEGIC OUTSOURCING SERVICE,10,41
Registrar General of India ITI,Satyanarayana Raju Company Pvt ltd,1,23
Registrar General of India ITI,Swathy Smartcards Hi-Tech Pvt,0,258
Registrar General of India ITI,Swiss Tech India Pvt Ltd,0,2
Registrar General of India ITI,TechSmart India Pvt Ltd,1,42
Registrar General of India ITI,Urmila Info solution,1,0
Registrar General of India ITI,VEETECHNOLOGIES PVT. LTD,0,2
Registrar General of India ITI,VIRGO SOFTECH LIMITED,33,141
Registrar General of India ITI,Vedavaag Systems Limited,0,86
Registrar General of India ITI,WEBEL TECHNOLOGY LIMITED,4957,427
Registrar General of India ITI,Webx Technologies Private Limited,136,0
STATE BANK OF PATIALA,CSS TECHNERGY LIMITED,0,1
State Bank of Bikaner & Jaipur,Multiwave Innovation,67,27
State Bank of India,VIRGO SOFTECH LIMITED,0,1
State Bank of Travancore,Tera Software Ltd,1,11
UIDAI-Registrar,UIDAI-EA,47,10
UT Of Daman and Diu,Alankit Assignments Limited,1,4
UT of Puducherry,Madras Security Printers Ltd,36,160
Union Bank,FINANCIAL INFORMATION NETWORK,2524,2326
Union Bank,Smart Chip Limited,6662,2213
Union Bank,Vakrangee Softwares Limited,860,2787
