Registrar,Enrolment Agency,Aadhaar generated,Enrolment Rejected
Allahabad Bank,Vakrangee Softwares Limited,225,2
Bank Of India,A3 Logics  India  Ltd,753,171
Bank Of India,Akanksha International,0,7
Bank Of India,Blue Circle Instrument,1894,124
Bank Of India,CHESSY CONSULTANTS PVT LTD,2,7
Bank Of India,DATASOFT COMPUTER SERVICES(P),4381,346
Bank Of India,Emdee Digitronics Pvt.Ltd.,1082,164
Bank Of India,Frontech Systems Pvt Ltd,3478,141
Bank Of India,Matrix Processing House,1,72
Bank Of India,OSWAL COMPUTERS & CONSULTANTS,378,813
Bank Of India,PROTEX COMPUTER PVT LTD,1585,67
Bank Of India,SARADA SYSTEMS,1487,122
Bank Of India,SHRIKRISHNA KHANDASARI SUGAR M,1592,48
Bank Of India,SPANCO,1,17
Bank Of India,SREI INFRASTRUCTURE FINANCES L,9240,736
Bank Of India,Silver Touch Technologies Ltd,0,8
Bank Of India,Systematic & Advance Const P L,0,13
Bank Of India,VEETECHNOLOGIES PVT. LTD,580,413
Bank Of India,Vakrangee Softwares Limited,0,67
Bank of Baroda,Global Finsol Private Limited,113,19
Bank of Maharashtra,Alankit Finsec Ltd,0,1
Bank of Maharashtra,FINANCIAL INFORMATION NETWORK,155,6
Bank of Maharashtra,Micro Technologies India Ltd,22,14
Bank of Maharashtra,Tera Software Ltd,314,281
CSC e-Governance Services India Limited,A I Soc for Electronics and Comp Tech,3632,644
CSC e-Governance Services India Limited,AKSH OPTIFIBRE LIMITED,1533,185
CSC e-Governance Services India Limited,BASIX,1086,472
CSC e-Governance Services India Limited,CALANCE SOFTWARE PRIVATE LTD,9,36
CSC e-Governance Services India Limited,CMS Computers Ltd,3933,862
CSC e-Governance Services India Limited,CSC e-Governance Services India Limited,256,330
CSC e-Governance Services India Limited,Intelligent Communication Sys India Ltd,8,39
CSC e-Governance Services India Limited,MANTRA SOFTTECH (INDIA) PVTLTD,252,76
CSC e-Governance Services India Limited,Mahaonline Limited,173,82
CSC e-Governance Services India Limited,Nekton IT India Pvt Ltd.,256,25
CSC e-Governance Services India Limited,Network for Information & Computer,354,162
CSC e-Governance Services India Limited,Reliance Communication Limited,0,3
CSC e-Governance Services India Limited,SPANCO,969,315
CSC e-Governance Services India Limited,Sahaj e-Village Limited,743,71
CSC e-Governance Services India Limited,Tera Software Ltd,98,36
CSC e-Governance Services India Limited,United Telecoms e-Services Pvt Ltd,736,693
CSC e-Governance Services India Limited,VIKALP MULTIMEDIA,1025,474
CSC e-Governance Services India Limited,Vakrangee Softwares Limited,10,8
CSC e-Governance Services India Limited,Vayam technologies Ltd,868,133
CSC e-Governance Services India Limited,Vedavaag Systems Limited,1100,179
CSC e-Governance Services India Limited,Zephyr System Pvt.Ltd.,1182,359
Canara Bank,FINANCIAL INFORMATION NETWORK,4614,297
Canara Bank,Karvy Data Management Services,4230,519
Canara Bank,Ojus Healthcare Private Limited,34,25
Canara Bank,Osiris Infotech Pvt. Ltd.,385,79
Canara Bank,Smart Chip Limited,5551,885
Canara Bank,Virinchi Technologies Ltd,0,99
Central Bank of India,CALANCE SOFTWARE PRIVATE LTD,0,6
Central Bank of India,IAP COMPANY Pvt. Ltd,5,30
Central Bank of India,The Peerless General Finance,1,27
DENA BANK,APEX Services,111,43
DENA BANK,ATISHAY INFOTECH PVT. LTD.,893,134
DENA BANK,AVVAS INFOTECH PVT  LTD,2965,322
DENA BANK,Asha Security Guard Services,1242,397
DENA BANK,BNR UDYOG LIMITED,479,35
DENA BANK,Binary Systems,2170,102
DENA BANK,Bloom Solutions Pvt Ltd,17210,1017
DENA BANK,Blue Circle Instrument,128,7
DENA BANK,Business Information Processing Services,2065,221
DENA BANK,CALANCE SOFTWARE PRIVATE LTD,1006,130
DENA BANK,DATASOFT COMPUTER SERVICES(P),2032,183
DENA BANK,DEVASHISH SECURITIES PVT. LTD.,5,12
DENA BANK,Eagle Software India Pvt. Ltd,2845,167
DENA BANK,FINANCIAL INFORMATION NETWORK,4764,421
DENA BANK,Gem Computers,1099,449
DENA BANK,Gujarat Infotech Ltd.,2820,34
DENA BANK,IAP COMPANY Pvt. Ltd,17286,1405
DENA BANK,India Computer Technology,523,129
DENA BANK,JNET Technologies Pvt.Ltd,915,200
DENA BANK,K W Consulting P Ltd,287,390
DENA BANK,M/S STAR DATA CENTRE,971,102
DENA BANK,M/s Gold Square Builders & Promoters Pvt. Ltd.,1188,376
DENA BANK,MARS Telecom Systems Pvt Ltd,107,0
DENA BANK,MEGHA VINCOM PVT LTD,7567,780
DENA BANK,MKS Enterprises,3505,226
DENA BANK,Make India Smart Private Limited,3834,273
DENA BANK,Multiwave Innovation,4675,311
DENA BANK,NVR & ASSOCIATES LIMITED,929,405
DENA BANK,Narayana Electricals Solution Pvt Ltd,0,7
DENA BANK,Netlink software Pvt Ltd,2702,423
DENA BANK,Nielsen  India  Private Limited,12202,1261
DENA BANK,Offshoot Agency Pvt. Ltd.,3259,373
DENA BANK,Ortem Securities Limited,750,38
DENA BANK,Prodigy Systems and Services Private Limited,0,5
DENA BANK,Radiant Haroti Industries India Ltd,4140,509
DENA BANK,SGS INDIA PVT LTD,278,291
DENA BANK,Silver Touch Technologies Ltd,805,109
DENA BANK,Sixth Dimension Project Solutions Ltd,6,11
DENA BANK,Soc for Advancement of Environ Science,229,65
DENA BANK,SoftAge Information Technology Limited,73,10
DENA BANK,Super Printers,200,94
DENA BANK,Systematic & Advance Const P L,637,68
DENA BANK,TechSmart India Pvt Ltd,1283,464
DENA BANK,Tera Software Ltd,2770,791
DENA BANK,The NSIC ltd,764,18
DENA BANK,Transline Technologies P Ltd,1428,257
DENA BANK,Utility Forms Pvt Ltd,287,181
DENA BANK,VAP INFOSOLUTIONS,1380,228
DENA BANK,VISION COMPTECH INTEGRATOR LTD,2300,205
DENA BANK,Vedavaag Systems Limited,5749,565
DENA BANK,WEBEL,8443,869
DENA BANK,Wipro Ltd,1506,280
DENA BANK,Zephyr System Pvt.Ltd.,2182,412
Delhi - Central DC,Smart Chip Limited,0,1
Delhi - East DC,DATASOFT COMPUTER SERVICES(P),1,27
Delhi - East DC,Tera Software Ltd,0,1
Delhi - ND DC,Smart Chip Limited,0,2
Delhi - NE DC,Smart Chip Limited,0,7
Delhi - North DC,CALANCE SOFTWARE PRIVATE LTD,15,29
Delhi - North DC,NVR & ASSOCIATES LIMITED,0,28
Delhi - North DC,Smart Chip Limited,0,4
Delhi SW DC,VIRGO SOFTECH LIMITED,0,9
Delhi Urban Shelter Improvemen,STRATEGIC OUTSOURCING SERVICE,0,1
Delhi Urban Shelter Improvemen,Tera Software Ltd,0,1
Delhi- South DC,Karvy Computershare Private Li,1,5
Delhi- South DC,Smart Chip Limited,0,3
Delhi- South DC,eCentric solutions pvt ltd,0,1
Delhi- West DC,Matrix Processing House,0,1
Delhi- West DC,Smart Chip Limited,1,13
Delhi- West DC,VIRGO SOFTECH LIMITED,1,26
Delhi-NW DC,Karvy Computershare Private Li,3,14
Department of Information Technology Govt of Jharkhand,Blue Circle Instrument,0,6
Department of Information Technology Govt of Jharkhand,MKS Enterprises,0,33
Department of Information Technology Govt of Jharkhand,Wipro Ltd,57,26
Dept of ITC Govt of Rajasthan,ATISHAY INFOTECH PVT. LTD.,82,24
Dept of ITC Govt of Rajasthan,AVVAS INFOTECH PVT  LTD,3,31
Dept of ITC Govt of Rajasthan,Alankit Finsec Ltd,0,6
Dept of ITC Govt of Rajasthan,DATASOFT COMPUTER SERVICES(P),3,93
Dept of ITC Govt of Rajasthan,Gem Computers,0,3
Dept of ITC Govt of Rajasthan,Netlink software Pvt Ltd,0,3
Dept of ITC Govt of Rajasthan,TechSmart India Pvt Ltd,0,11
Dept of ITC Govt of Rajasthan,Transline Technologies P Ltd,527,21
Dept of ITC Govt of Rajasthan,VIRGO SOFTECH LIMITED,0,1
Dept of ITC Govt of Rajasthan,Vakrangee Softwares Limited,244,105
Dept of ITC Govt of Rajasthan,Vayam technologies Ltd,2,23
FCR Govt of Haryana,4G INFORMATICS,2,17
FCR Govt of Haryana,Academy of Management Studies,11,88
FCR Govt of Haryana,Radiant Info Systems Ltd,8,108
FCR Govt of Haryana,SoftAge Information Technology Limited,297,109
FCR Govt of Haryana,Vakrangee Softwares Limited,1,89
FCR Govt of Haryana,Vayam technologies Ltd,1,35
FCS Govt of Punjab,Alankit Assignments Limited,0,1
FCS Govt of Punjab,CSS TECHNERGY LIMITED,0,1
FCS Govt of Punjab,District Sukhmani Society  Jalandhar  Punjab,1,18
FCS Govt of Punjab,District Sukhmani Society  Ludhiana  Punjab,2,25
FCS Govt of Punjab,District Sukhmani Society  Moga  Punjab,21,8
FCS Govt of Punjab,District Sukhmani Society Amritsar Punjab,64,33
FCS Govt of Punjab,District Sukhmani Society Barnala Punjab,42,21
FCS Govt of Punjab,District Sukhmani Society Bathinda Punjab,49,27
FCS Govt of Punjab,District Sukhmani Society Fatehgarh Sahib Punjab,12,21
FCS Govt of Punjab,District Sukhmani Society Fazilka Punjab,8,11
FCS Govt of Punjab,District Sukhmani Society Ferozepur Punjab,3,5
FCS Govt of Punjab,District Sukhmani Society For Citizen Services Mansa Punjab,8,7
FCS Govt of Punjab,District Sukhmani Society For Citizen Services Nawanshahr Punjab,40,17
FCS Govt of Punjab,District Sukhmani Society For Citizen Services SAS Nagar District e-Governance Society Punjab,19,9
FCS Govt of Punjab,District Sukhmani Society Pathankot Punjab,12,2
FCS Govt of Punjab,District Sukhmani Society Patiala Punjab,33,21
FCS Govt of Punjab,District Sukhmani Society Rupnagar Punjab,0,3
FCS Govt of Punjab,District Sukhmani Society Sangrur Punjab,38,19
FCS Govt of Punjab,District Sukhmani Society Sri Muktsar Sahib Punjab,8,6
FCS Govt of Punjab,District Sukhmani Society Tarn Taran Punjab,13,16
FCS Govt of Punjab,Karvy Computershare Private Li,93,139
FCS Govt of Punjab,Sukhmani Society For Citizen Services  Kapurthala  Punjab,0,1
FCS Govt of Punjab,Sukhmani Society For Citizen Services Gurdaspur Punjab,1,1
FCS Govt of Punjab,Sukhmani Society For Citizens Services Faridkot Punjab,49,24
FCS Govt of Punjab,Suwidha Society Hoshiarpur Punjab,18,5
FCS Govt of Punjab,Vayam technologies Ltd,3,202
FCS Govt of Punjab,eCentric solutions pvt ltd,268,113
Govt of Andhra Pradesh,Gouthami Educational Society,2,17
Govt of Andhra Pradesh,GrapeSoft,18,32
Govt of Andhra Pradesh,INFRONICS SYSTEMS LTD,8,8
Govt of Andhra Pradesh,TechSmart India Pvt Ltd,1,15
Govt of Andhra Pradesh,Tera Software Ltd,0,3
Govt of Goa,MARS Telecom Systems Pvt Ltd,0,3
Govt of Gujarat,GSS Infotech Ltd,3,12
Govt of Gujarat,Karvy Computershare Private Li,1014,213
Govt of Gujarat,Silver Touch Technologies Ltd,2513,140
Govt of Gujarat,Tera Software Ltd,770,162
Govt of Gujarat,Transline Technologies P Ltd,1334,28
Govt of Gujarat,Vayam technologies Ltd,23,1
Govt of Gujarat,eCentric solutions pvt ltd,5,7
Govt of Himachal Pradesh,Wipro Ltd,1,62
Govt of Himachal Pradesh,i-Grandee SoftwareTechnologies,2,7
Govt of Karnataka ,BNR UDYOG LIMITED,0,4
Govt of Karnataka ,Bloom Solutions Pvt Ltd,0,3
Govt of Karnataka ,MARS Telecom Systems Pvt Ltd,1,20
Govt of Karnataka ,Ninestars Information Technologies Ltd,0,35
Govt of Karnataka ,Om Softwares,0,1
Govt of Karnataka ,Origin ITFS Pvt Ltd,115,51
Govt of Karnataka ,SREEVEN INFOCOM LIMITED,1,50
Govt of Karnataka ,Tera Software Ltd,0,1
Govt of Kerala,Akshaya,1933,632
Govt of Kerala,Keltron,0,1
Govt of Madhya Pradesh,VIRGO SOFTECH LIMITED,0,1
Govt of Maharashtra,Bharat Technical Solutions Private Limited,11,0
Govt of Maharashtra,Eagle press pvt ltd,0,3
Govt of Maharashtra,Karvy Computershare Private Li,13,63
Govt of Maharashtra,M/S King Computer System pvt Ltd,1,2
Govt of Maharashtra,M/s. Vidya Online  Pune,0,1
Govt of Maharashtra,Netlink software Pvt Ltd,211,80
Govt of Maharashtra,Rudranee Infotech Ltd,0,8
Govt of Maharashtra,SETU MAHARASHTRA,67,59
Govt of Maharashtra,SHREERAM PRINTING PRESS,0,4
Govt of Maharashtra,SILVER JUBILEE MOTORS LTD.,316,6
Govt of Maharashtra,STRATEGIC OUTSOURCING SERVICE,4,7
Govt of Maharashtra,Silver Touch Technologies Ltd,0,4
Govt of Maharashtra,Tera Software Ltd,0,1
Govt of Maharashtra,Transline Technologies P Ltd,2,11
Govt of Maharashtra,Vidarbha Infotech Pvt Ltd,1,29
Govt of Maharashtra,Wipro Ltd,4,0
Govt of Sikkim - Dept of Econo,Department of Economics Statistics  Monitoring and Evaluation DESME,26,14
IDBI Bank ltd,ATISHAY INFOTECH PVT. LTD.,183,70
IDBI Bank ltd,Matrix Processing House,359,56
IDBI Bank ltd,SREEVEN INFOCOM LIMITED,9,13
IDBI Bank ltd,UTI TECHNOLOGY SERVICES LIMITE,0,9
Indian Bank,Redim Software Technologies Pvt Ltd,32,1
Indiapost,Delhi Integrated MMTS Ltd,0,38
Indiapost,Global Finsol Private Limited,1,7
Indiapost,MARS Telecom Systems Pvt Ltd,14,6
Indiapost,Vayam technologies Ltd,0,27
Indiapost,WEBEL,0,4
Information Technology & Communication Department,4G INFORMATICS,0,1
Information Technology & Communication Department,BNR UDYOG LIMITED,1,2
Information Technology & Communication Department,Bloom Solutions Pvt Ltd,3,1
Information Technology & Communication Department,CSS TECHNERGY LIMITED,0,3
Information Technology & Communication Department,Directorate of ESD,9603,8547
Information Technology & Communication Department,GDC Advertising Pvt. Limited,1,0
Information Technology & Communication Department,JYOTHI COMPUTER SERVICES,39,10
Information Technology & Communication Department,MARS Telecom Systems Pvt Ltd,15,12
Information Technology & Communication Department,SREEVEN INFOCOM LIMITED,2,1
Information Technology & Communication Department,Tera Software Ltd,0,1
Jharkhand,Blue Circle Instrument,0,2
Jharkhand,Emdee Digitronics Pvt.Ltd.,0,5
Jharkhand,MKS Enterprises,0,6
Jharkhand,Nevaeh Technology Pvt. Ltd.,0,5
Jharkhand,Systematic & Advance Const P L,0,3
Jharkhand,Wipro Ltd,147,99
Mission Convergence - GNCT Del,NVR & ASSOCIATES LIMITED,0,1
NSDL e-Governance Infrastructure Limited,Abhipra Capital Ltd,2794,123
NSDL e-Governance Infrastructure Limited,Alankit Assignments Limited,4,76
NSDL e-Governance Infrastructure Limited,Alankit Finsec Ltd,3518,588
NSDL e-Governance Infrastructure Limited,Delhi Integrated MMTS Ltd,0,12
NSDL e-Governance Infrastructure Limited,Gujarat Infotech Ltd.,7701,603
NSDL e-Governance Infrastructure Limited,INTEGRATED REGISTRY SERVICES LTD,0,1
NSDL e-Governance Infrastructure Limited,Karvy Data Management Services,34986,5981
NSDL e-Governance Infrastructure Limited,N.K. Sharma Enterprises Ltd.,311,226
NSDL e-Governance Infrastructure Limited,Netlink software Pvt Ltd,34,135
NSDL e-Governance Infrastructure Limited,Offshoot Agency Pvt. Ltd.,549,175
NSDL e-Governance Infrastructure Limited,PROWIZ MANSYTEMS PVT LTD,2,45
NSDL e-Governance Infrastructure Limited,Promind Solutions P Limited,13881,614
NSDL e-Governance Infrastructure Limited,RELIGARE SECURITIES LTD,988,115
NSDL e-Governance Infrastructure Limited,Radiant Haroti Industries India Ltd,1726,89
NSDL e-Governance Infrastructure Limited,Sri Ramraja Sarkar Lok Kalyan Trust,6282,348
NSDL e-Governance Infrastructure Limited,Utility Forms Pvt Ltd,2104,220
NSDL e-Governance Infrastructure Limited,VIRGO SOFTECH LIMITED,3,43
Oriental Bank of Commerce,DATASOFT COMPUTER SERVICES(P),106,95
Oriental Bank of Commerce,JNET Technologies Pvt.Ltd,3,25
Oriental Bank of Commerce,Redim Software Technologies Pvt Ltd,0,1
Oriental Bank of Commerce,Sri Ramraja Sarkar Lok Kalyan Trust,0,98
Oriental Bank of Commerce,Wipro Ltd,1,81
Principal Revenue Commissioner  Dept of Revenue  Govt of MP,Frontech Systems Pvt Ltd,0,13
Principal Revenue Commissioner  Dept of Revenue  Govt of MP,GDC Advertising Pvt. Limited,0,18
Principal Revenue Commissioner  Dept of Revenue  Govt of MP,K W Consulting P Ltd,1,35
Principal Revenue Commissioner  Dept of Revenue  Govt of MP,LYRA  CONSULTANCY SERVICE,2,6
Principal Revenue Commissioner  Dept of Revenue  Govt of MP,Netlink software Pvt Ltd,3,12
Principal Revenue Commissioner  Dept of Revenue  Govt of MP,OSWAL COMPUTERS & CONSULTANTS,2,56
Principal Revenue Commissioner  Dept of Revenue  Govt of MP,Tera Software Ltd,216,82
Principal Revenue Commissioner  Dept of Revenue  Govt of MP,Vedavaag Systems Limited,21,72
Punjab and Sind Bank,Matrix Processing House,390,38
Registrar General India BEL2,Bharat Electronics Limited,0,15
Registrar General India BEL2,Chinar Construction Company Prime agency,0,98
Registrar General India BEL2,Computer LAB,1,73
Registrar General India BEL2,Emdee Digitronics Pvt.Ltd.,289,46
Registrar General India BEL2,In Media Computer Services LLP,0,1
Registrar General India BEL2,India Computer Technology,0,12
Registrar General India BEL2,Karvy Data Management Services,0,29
Registrar General India BEL2,MACRO INFOTECH PVT LTD,0,4
Registrar General India BEL2,MKS Enterprises,0,1
Registrar General India BEL2,Madras Security Printers Ltd,0,161
Registrar General India BEL2,Manipur Electronics Dev Corp,8,40
Registrar General India BEL2,Multiwave Innovation,15,2
Registrar General India BEL2,NVR & ASSOCIATES LIMITED,0,11
Registrar General India BEL2,Netlink software Pvt Ltd,0,3
Registrar General India BEL2,Nevaeh Technology Pvt. Ltd.,4,6
Registrar General India BEL2,Nielsen  India  Private Limited,0,1
Registrar General India BEL2,Om Softwares,0,24
Registrar General India BEL2,SREI INFRASTRUCTURE FINANCES L,0,14
Registrar General India BEL2,Satyanarayana Raju Company Pvt ltd,0,171
Registrar General India BEL2,Swathy Smartcards Hi-Tech Pvt,2,97
Registrar General India BEL2,Tera Software Ltd,109,1547
Registrar General India BEL2,UNITED DATA SERVICES PRIVATE LIMITED,2,11
Registrar General India BEL2,VIRGO SOFTECH LIMITED,0,47
Registrar General India BEL2,Vansh Infotech Pvt Ltd,0,5
Registrar General India BEL2,Vedavaag Systems Limited,122,73
Registrar General India BEL2,Viesa Technologies,348,25
Registrar General India ECIL,AVVAS INFOTECH PVT  LTD,7,5
Registrar General India ECIL,BUSINESS INFORMATION PROCESSING SERVICES,0,8
Registrar General India ECIL,COMTECH INSTITUTE OFTECHNOLOGY,0,1
Registrar General India ECIL,COMTECHINFO SOLUTIONS PVT.LTD,3154,49
Registrar General India ECIL,Chinar Construction Company Prime agency,1409,631
Registrar General India ECIL,Computer LAB,6096,1161
Registrar General India ECIL,Eagle Software India Pvt. Ltd,42129,791
Registrar General India ECIL,In Media Computer Services LLP,1888,300
Registrar General India ECIL,India Computer Technology,0,17
Registrar General India ECIL,Integrated Systems & Services,183,9
Registrar General India ECIL,Karvy Data Management Services,2115,330
Registrar General India ECIL,Krishna Infotech,0,5
Registrar General India ECIL,LYRA  CONSULTANCY SERVICE,431,2
Registrar General India ECIL,Madras Security Printers Ltd,3195,1045
Registrar General India ECIL,Mphasis Ltd,0,1
Registrar General India ECIL,Nielsen  India  Private Limited,4,1
Registrar General India ECIL,Pioneer E Labs limited,0,21
Registrar General India ECIL,SARADA SYSTEMS,0,52
Registrar General India ECIL,SWISSTECH NPR 57CR PROJECT PVT,5295,176
Registrar General India ECIL,VEETECHNOLOGIES PVT. LTD,0,157
Registrar General India ECIL,Vedavaag Systems Limited,1,16
Registrar General India Others,COMTECHINFO SOLUTIONS PVT.LTD,0,7
Registrar General India Others,Chinar Construction Company Prime agency,0,1
Registrar General India Others,Eagle Software India Pvt. Ltd,0,1
Registrar General India Others,In Media Computer Services LLP,2,0
Registrar General of India ITI,Eagle Software India Pvt. Ltd,1,141
Registrar General of India ITI,Emdee Digitronics Pvt.Ltd.,11201,1120
Registrar General of India ITI,In Media Computer Services LLP,0,1
Registrar General of India ITI,Karvy Data Management Services,0,81
Registrar General of India ITI,Madras Security Printers Ltd,174,116
Registrar General of India ITI,Netwing Technologies Pvt Ltd,0,1
Registrar General of India ITI,Nielsen  India  Private Limited,20,21
Registrar General of India ITI,PROTEX COMPUTER PVT LTD,55,7
Registrar General of India ITI,Quick Data IT Services Pvt Ltd,60,0
Registrar General of India ITI,STRATEGIC OUTSOURCING SERVICE,23,19
Registrar General of India ITI,Satyanarayana Raju Company Pvt ltd,0,5
Registrar General of India ITI,Swathy Smartcards Hi-Tech Pvt,0,4
Registrar General of India ITI,VIRGO SOFTECH LIMITED,0,164
Registrar General of India ITI,Vedavaag Systems Limited,1,3
Registrar General of India ITI,WEBEL TECHNOLOGY LIMITED,4679,407
Registrar General of India ITI,Webx Technologies Private Limited,1,1
State Bank of Bikaner & Jaipur,Multiwave Innovation,0,5
State Bank of India,IL&FS LTD,0,1
UIDAI-Registrar,UIDAI-EA,3,5
UT of Puducherry,Madras Security Printers Ltd,0,2
Union Bank,FINANCIAL INFORMATION NETWORK,4781,993
Union Bank,Smart Chip Limited,4099,1106
Union Bank,Vakrangee Softwares Limited,445,498
