Registrar,Enrolment Agency,Aadhaar generated,Enrolment Rejected
Allahabad Bank,Tera Software Ltd,0,23
Allahabad Bank,Vakrangee Softwares Limited,9264,2511
Bank Of India,A3 Logics  India  Ltd,3588,370
Bank Of India,Akanksha International,409,27
Bank Of India,Blue Circle Instrument,65,0
Bank Of India,CHESSY CONSULTANTS PVT LTD,2717,123
Bank Of India,DATASOFT COMPUTER SERVICES(P),757,45
Bank Of India,Emdee Digitronics Pvt.Ltd.,79,5
Bank Of India,Frontech Systems Pvt Ltd,1995,307
Bank Of India,ITI LIMITED,0,125
Bank Of India,MANTRA SOFTTECH (INDIA) PVTLTD,253,395
Bank Of India,Matrix Processing House,2850,344
Bank Of India,OPTIMIX CONSULTANCY PRIVATE LT,0,1
Bank Of India,OSWAL COMPUTERS & CONSULTANTS,1837,707
Bank Of India,PROTEX COMPUTER PVT LTD,306,74
Bank Of India,SARADA SYSTEMS,236,16
Bank Of India,SHRIKRISHNA KHANDASARI SUGAR M,4683,639
Bank Of India,SPANCO,621,341
Bank Of India,SREI INFRASTRUCTURE FINANCES L,906,79
Bank Of India,Silver Touch Technologies Ltd,921,138
Bank Of India,Systematic & Advance Const P L,410,332
Bank Of India,VEETECHNOLOGIES PVT. LTD,45,99
Bank Of India,Vakrangee Softwares Limited,8091,2041
Bank of Baroda,IL&FS LTD,4,0
Bank of Baroda,TEAM LIFE CARE COMPANY INDIA P,12,22
Bank of Maharashtra,Alankit Finsec Ltd,45,1
Bank of Maharashtra,FINANCIAL INFORMATION NETWORK,256,0
Bank of Maharashtra,Micro Technologies India Ltd,315,1
Central Bank of India,CALANCE SOFTWARE PRIVATE LTD,2559,865
Central Bank of India,Frontech Systems Pvt Ltd,70,0
Central Bank of India,IAP COMPANY Pvt. Ltd,12939,788
Central Bank of India,IL&FS LTD,2,1
Central Bank of India,MANTRA SOFTTECH (INDIA) PVTLTD,496,32
Central Bank of India,The Peerless General Finance,452,62
DENA BANK,ATISHAY INFOTECH PVT. LTD.,181,10
DENA BANK,DATASOFT COMPUTER SERVICES(P),1026,94
Delhi - Central DC,Smart Chip Limited,150,186
Delhi - East DC,DATASOFT COMPUTER SERVICES(P),554,126
Delhi - ND DC,Smart Chip Limited,102,16
Delhi - NE DC,Smart Chip Limited,585,126
Delhi - North DC,DATASOFT COMPUTER SERVICES(P),0,6
Delhi - North DC,Smart Chip Limited,238,156
Delhi SW DC,VIRGO SOFTECH LIMITED,9,85
Delhi Urban Shelter Improvemen,Smart Chip Limited,0,2
Delhi- South DC,Karvy Computershare Private Li,8,244
Delhi- South DC,Smart Chip Limited,1,6
Delhi- West DC,Smart Chip Limited,133,150
Delhi- West DC,VIRGO SOFTECH LIMITED,157,549
Delhi-NW DC,Karvy Computershare Private Li,1,37
Dept of ITC Govt of Rajasthan,ATISHAY INFOTECH PVT. LTD.,5406,509
Dept of ITC Govt of Rajasthan,AVVAS INFOTECH PVT  LTD,694,6
Dept of ITC Govt of Rajasthan,Alankit Finsec Ltd,1243,402
Dept of ITC Govt of Rajasthan,DATASOFT COMPUTER SERVICES(P),6589,1048
Dept of ITC Govt of Rajasthan,Transline Technologies P Ltd,2038,259
Dept of ITC Govt of Rajasthan,Vakrangee Softwares Limited,6703,1763
Dept of ITC Govt of Rajasthan,Vayam technologies Ltd,395,177
FCR Govt of Haryana,Vakrangee Softwares Limited,3042,1726
FCS Govt of Punjab,CSS TECHNERGY LIMITED,621,225
FCS Govt of Punjab,Karvy Computershare Private Li,8851,497
FCS Govt of Punjab,Vayam technologies Ltd,2392,203
FCS Govt of Punjab,eCentric solutions pvt ltd,4763,652
Govt of Andhra Pradesh,Gouthami Educational Society,417,276
Govt of Andhra Pradesh,GrapeSoft,2034,200
Govt of Andhra Pradesh,IL&FS LTD,428,8
Govt of Andhra Pradesh,INFRONICS SYSTEMS LTD,14655,3067
Govt of Andhra Pradesh,Madras Security Printers Ltd,0,17
Govt of Andhra Pradesh,SREEVEN INFOCOM LIMITED,317,166
Govt of Andhra Pradesh,TechSmart India Pvt Ltd,45,3
Govt of Andhra Pradesh,Tera Software Ltd,877,824
Govt of Andhra Pradesh,eCentric solutions pvt ltd,5,18
Govt of Goa,COMAT TECHNOLOGIES P LTD,0,20
Govt of Goa,MARS Telecom Systems Pvt Ltd,472,777
Govt of Goa,Tera Software Ltd,39,11
Govt of Gujarat,GSS Infotech Ltd,6174,200
Govt of Gujarat,Karvy Computershare Private Li,8276,288
Govt of Gujarat,Silver Touch Technologies Ltd,966,311
Govt of Gujarat,Tera Software Ltd,361,34
Govt of Gujarat,Transline Technologies P Ltd,61,16
Govt of Gujarat,Vayam technologies Ltd,729,330
Govt of Gujarat,eCentric solutions pvt ltd,6,79
Govt of Himachal Pradesh,Wipro Ltd,696,128
Govt of Himachal Pradesh,i-Grandee SoftwareTechnologies,907,218
Govt of Karnataka ,COMAT TECHNOLOGIES P LTD,0,2
Govt of Karnataka ,MARS Telecom Systems Pvt Ltd,3447,139
Govt of Karnataka ,Ninestars Information Technologies Limited,1358,329
Govt of Karnataka ,Origin ITFS Pvt Ltd,2026,272
Govt of Karnataka ,SREEVEN INFOCOM LIMITED,380,194
Govt of Kerala,Akshaya,5147,3229
Govt of Kerala,Keltron,390,9509
Govt of Madhya Pradesh,VIRGO SOFTECH LIMITED,0,9
Govt of Maharashtra,Alankit Finsec Ltd,2671,1260
Govt of Maharashtra,Eagle press pvt ltd,991,39
Govt of Maharashtra,GLODYNE TECHNOSERVE,0,81
Govt of Maharashtra,Karvy Computershare Private Li,15356,1171
Govt of Maharashtra,Netlink software Pvt Ltd,209,130
Govt of Maharashtra,Network for Information & Computer,34,14
Govt of Maharashtra,SHREERAM PRINTING PRESS,4,0
Govt of Maharashtra,STRATEGIC OUTSOURCING SERVICE,849,826
Govt of Maharashtra,Silver Touch Technologies Ltd,3696,273
Govt of Maharashtra,Systematic & Advance Const P L,161,9
Govt of Maharashtra,TEAM LIFE CARE COMPANY INDIA P,16,2
Govt of Maharashtra,TechSmart India Pvt Ltd,5438,317
Govt of Maharashtra,Tera Software Ltd,389,119
Govt of Maharashtra,Transline Technologies P Ltd,2707,577
Govt of Maharashtra,Wipro Ltd,10423,1130
Govt of Sikkim - Dept of Econo,Department of Economics Statistics  Monitoring and Evaluation DESME,38,9
IDBI Bank ltd,ATISHAY INFOTECH PVT. LTD.,469,177
IDBI Bank ltd,Matrix Processing House,82,36
IDBI Bank ltd,Pioneer E Labs limited,0,2
IDBI Bank ltd,SREEVEN INFOCOM LIMITED,3274,99
IDBI Bank ltd,UTI TECHNOLOGY SERVICES LIMITE,470,53
Indiapost,Delhi Integrated MMTS Ltd,4860,472
Indiapost,GLODYNE TECHNOSERVE,11,12
Indiapost,MARS Telecom Systems Pvt Ltd,816,48
Indiapost,Smart Chip Limited,132,26
Indiapost,TEAM LIFE CARE COMPANY INDIA P,928,800
Indiapost,The NSIC ltd,1,0
Indiapost,eCentric solutions pvt ltd,5,0
Information Technology & Communication Department,4G INFORMATICS,195,263
Information Technology & Communication Department,BNR UDYOG LIMITED,19,245
Information Technology & Communication Department,Bloom Solutions Pvt Ltd,117,603
Information Technology & Communication Department,CSS TECHNERGY LIMITED,1797,32
Information Technology & Communication Department,GDC Advertising Pvt. Limited,35,446
Information Technology & Communication Department,JYOTHI COMPUTER SERVICES,72,33
Information Technology & Communication Department,MARS Telecom Systems Pvt Ltd,2615,38
Information Technology & Communication Department,SREEVEN INFOCOM LIMITED,32,55
Information Technology & Communication Department,Tera Software Ltd,12,240
Jharkhand,Alankit Assignments Limited,466,175
Jharkhand,Blue Circle Instrument,19,26
Jharkhand,Emdee Digitronics Pvt.Ltd.,368,254
Jharkhand,IL&FS LTD,0,2
Jharkhand,MKS Enterprises,411,191
Jharkhand,Nevaeh Technology Pvt. Ltd.,84,58
Jharkhand,STRATEGIC OUTSOURCING SERVICE,2224,223
Jharkhand,Systematic & Advance Const P L,797,122
Jharkhand,VISION COMPTECH INTEGRATOR LTD,385,221
Jharkhand,Wipro Ltd,6108,1730
Mission Convergence - GNCT Del,Karvy Computershare Private Li,0,21
NSDL e-Governance Infrastructure Limited,Abhipra Capital Ltd,659,372
NSDL e-Governance Infrastructure Limited,Alankit Assignments Limited,1947,196
NSDL e-Governance Infrastructure Limited,INTEGRATED REGISTRY SERVICES,2,0
NSDL e-Governance Infrastructure Limited,Karvy Data Management Services,3886,1390
NSDL e-Governance Infrastructure Limited,Netlink software Pvt Ltd,109,1
NSDL e-Governance Infrastructure Limited,PROWIZ MANSYTEMS PVT LTD,4041,460
NSDL e-Governance Infrastructure Limited,TEAM LIFE CARE COMPANY INDIA P,193,39
NSDL e-Governance Infrastructure Limited,VIRGO SOFTECH LIMITED,2021,74
Oriental Bank of Commerce,DATASOFT COMPUTER SERVICES(P),2097,90
Oriental Bank of Commerce,Euro Finmart Ltd,81,0
Oriental Bank of Commerce,FINANCIAL INFORMATION NETWORK,1297,87
Oriental Bank of Commerce,IL&FS LTD,12,0
Oriental Bank of Commerce,JNET Technologies Pvt.Ltd,3,0
Oriental Bank of Commerce,Redim Software Technologies Pvt Ltd,48,0
Oriental Bank of Commerce,Sri Ramraja Sarkar Lok Kalyan Trust,356,20
Oriental Bank of Commerce,Wipro Ltd,1505,203
Registrar General India - BEL,In Media Computer Services LLP,9,3
Registrar General India - BEL,Manipur Electronics Dev Corp,83,0
Registrar General India - BEL,Swathy Smartcards Hi-Tech Pvt,8,437
Registrar General India BEL2,Computer LAB,60,418
Registrar General India BEL2,India Computer Technology,11205,858
Registrar General India BEL2,Madras Security Printers Ltd,3696,762
Registrar General India BEL2,Multiwave Innovation,541,471
Registrar General India BEL2,Netlink software Pvt Ltd,23,31
Registrar General India BEL2,Om Softwares,207,653
Registrar General India BEL2,SREEVEN INFOCOM LIMITED,0,5
Registrar General India BEL2,Swathy Smartcards Hi-Tech Pvt,8348,11073
Registrar General India BEL2,Swiss Tech India Pvt Ltd,11,3913
Registrar General India BEL2,Tera Software Ltd,598,65004
Registrar General India ECIL,Clairvoyance Technologies Pvt.,329,0
Registrar General India ECIL,Computer LAB,3873,12263
Registrar General India ECIL,Eagle Software India Pvt. Ltd,49,338
Registrar General India ECIL,In Media Computer Services LLP,926,1890
Registrar General India ECIL,India Computer Technology,22,7749
Registrar General India ECIL,Karvy Data Management Services,0,3
Registrar General India ECIL,Krishna Infotech,75,819
Registrar General India ECIL,Madras Security Printers Ltd,147,880
Registrar General India ECIL,Pioneer E Labs limited,13,30
Registrar General India ECIL,SWISSTECH NPR 57CR PROJECT PVT,831,8266
Registrar General India ECIL,Tera Software Ltd,87,106
Registrar General India ECIL,Vedavaag Systems Limited,1050,5834
Registrar General India Others,AVVAS INFOTECH PVT  LTD,3,1
Registrar General India Others,Alankit Assignments Limited,10,2
Registrar General India Others,Computer LAB,3,1
Registrar General India Others,Eagle Software India Pvt. Ltd,2,0
Registrar General India Others,Emdee Digitronics Pvt.Ltd.,0,8
Registrar General India Others,Madras Security Printers Ltd,12,11
Registrar General India Others,Nielsen  India  Private Limited,0,1
Registrar General India Others,STRATEGIC OUTSOURCING SERVICE,2,0
Registrar General India Others,SWISSTECH NPR 57CR PROJECT PVT,0,1
Registrar General India Others,Swathy Smartcards Hi-Tech Pvt,40,89
Registrar General India Others,TechSmart India Pvt Ltd,32,0
Registrar General India Others,Tera Software Ltd,0,1
Registrar General India Others,Vedavaag Systems Limited,0,1
Registrar General India Others,WEBEL TECHNOLOGY LIMITED,3,0
Registrar General of India ITI,CommunitiWorks Welfare Society,1,0
Registrar General of India ITI,Eagle Software India Pvt. Ltd,82,0
Registrar General of India ITI,Emdee Digitronics Pvt.Ltd.,11708,11575
Registrar General of India ITI,Madras Security Printers Ltd,0,2274
Registrar General of India ITI,Multiwave Innovation,0,1223
Registrar General of India ITI,Nielsen  India  Private Limited,1,0
Registrar General of India ITI,SREEVEN INFOCOM LIMITED,93,410
Registrar General of India ITI,STRATEGIC OUTSOURCING SERVICE,9,4
Registrar General of India ITI,Swathy Smartcards Hi-Tech Pvt,13944,63403
Registrar General of India ITI,TechSmart India Pvt Ltd,1009,2380
Registrar General of India ITI,VIRGO SOFTECH LIMITED,0,6
Registrar General of India ITI,WEBEL TECHNOLOGY LIMITED,2393,608
STATE BANK OF PATIALA,CSS TECHNERGY LIMITED,0,11
State Bank of Bikaner & Jaipur,Multiwave Innovation,3644,566
State Bank of India,IL&FS LTD,1,1
State Bank of India,VIRGO SOFTECH LIMITED,2,77
State Bank of Travancore,Tera Software Ltd,0,83
UDD Govt of Jharkhand,Blue Circle Instrument,562,202
UDD Govt of Jharkhand,MKS Enterprises,2851,771
UDD Govt of Jharkhand,Systematic & Advance Const P L,0,305
UDD Govt of Jharkhand,Vayam technologies Ltd,18,22
UIDAI-Registrar,UIDAI-EA,52,3
UT Of Daman and Diu,Alankit Assignments Limited,2,69
UT of Puducherry,Madras Security Printers Ltd,490,50
Union Bank,FINANCIAL INFORMATION NETWORK,3014,21
Union Bank,Smart Chip Limited,4666,2064
Union Bank,Vakrangee Softwares Limited,7911,1308
