Registrar,Enrolment Agency,Aadhaar generated,Enrolment Rejected
Allahabad Bank,Tera Software Ltd,1005,5
Allahabad Bank,Vakrangee Softwares Limited,1094,6
Bank Of India,A3 Logics  India  Ltd,2468,233
Bank Of India,CHESSY CONSULTANTS PVT LTD,722,16
Bank Of India,DATASOFT COMPUTER SERVICES(P),2531,9
Bank Of India,Emdee Digitronics Pvt.Ltd.,9,0
Bank Of India,Frontech Systems Pvt Ltd,1778,663
Bank Of India,ITI LIMITED,0,68
Bank Of India,MANTRA SOFTTECH (INDIA) PVTLTD,4333,107
Bank Of India,Matrix Processing House,20636,725
Bank Of India,OPTIMIX CONSULTANCY PRIVATE LT,0,1
Bank Of India,OSWAL COMPUTERS & CONSULTANTS,1986,99
Bank Of India,PROTEX COMPUTER PVT LTD,860,4
Bank Of India,SARADA SYSTEMS,244,3
Bank Of India,SHRIKRISHNA KHANDASARI SUGAR M,14652,211
Bank Of India,SPANCO,1071,15
Bank Of India,SREI INFRASTRUCTURE FINANCES L,254,3
Bank Of India,Silver Touch Technologies Ltd,0,7
Bank Of India,Systematic & Advance Const P L,5,9
Bank Of India,VEETECHNOLOGIES PVT. LTD,0,9
Bank Of India,Vakrangee Softwares Limited,605,174
Bank of Baroda,IL&FS LTD,8,0
Bank of Baroda,TEAM LIFE CARE COMPANY INDIA P,1,0
Bank of Maharashtra,Alankit Finsec Ltd,3,2
Bank of Maharashtra,FINANCIAL INFORMATION NETWORK,8,0
Bank of Maharashtra,Micro Technologies India Ltd,3,0
Central Bank of India,CALANCE SOFTWARE PRIVATE LTD,3400,55
Central Bank of India,IAP COMPANY Pvt. Ltd,3175,117
Central Bank of India,IL&FS LTD,2,0
Central Bank of India,MANTRA SOFTTECH (INDIA) PVTLTD,759,8
Central Bank of India,The Peerless General Finance,0,1
DENA BANK,ATISHAY INFOTECH PVT. LTD.,148,0
DENA BANK,DATASOFT COMPUTER SERVICES(P),410,18
Delhi - Central DC,Smart Chip Limited,344,22
Delhi - East DC,DATASOFT COMPUTER SERVICES(P),498,1
Delhi - ND DC,Smart Chip Limited,657,5
Delhi - NE DC,Smart Chip Limited,1282,5
Delhi - North DC,DATASOFT COMPUTER SERVICES(P),17,0
Delhi - North DC,Smart Chip Limited,0,21
Delhi SW DC,VIRGO SOFTECH LIMITED,0,2
Delhi Urban Shelter Improvemen,Smart Chip Limited,0,7
Delhi- South DC,Karvy Computershare Private Li,34,25
Delhi- West DC,Smart Chip Limited,2,0
Delhi-NW DC,Karvy Computershare Private Li,180,474
Dept of ITC Govt of Rajasthan,ATISHAY INFOTECH PVT. LTD.,3445,250
Dept of ITC Govt of Rajasthan,AVVAS INFOTECH PVT  LTD,1050,4
Dept of ITC Govt of Rajasthan,Alankit Finsec Ltd,2026,69
Dept of ITC Govt of Rajasthan,DATASOFT COMPUTER SERVICES(P),14595,59
Dept of ITC Govt of Rajasthan,Transline Technologies P Ltd,0,12
Dept of ITC Govt of Rajasthan,Vakrangee Softwares Limited,2134,41
FCR Govt of Haryana,Vakrangee Softwares Limited,1486,61
FCS Govt of Punjab,CSS TECHNERGY LIMITED,3283,62
FCS Govt of Punjab,Karvy Computershare Private Li,4462,90
FCS Govt of Punjab,Vayam technologies Ltd,1,9
FCS Govt of Punjab,eCentric solutions pvt ltd,11854,56
Govt of Andhra Pradesh,Gouthami Educational Society,68,44
Govt of Andhra Pradesh,GrapeSoft,710,295
Govt of Andhra Pradesh,IL&FS LTD,4,27
Govt of Andhra Pradesh,INFRONICS SYSTEMS LTD,4007,886
Govt of Andhra Pradesh,Madras Security Printers Ltd,0,1
Govt of Andhra Pradesh,SREEVEN INFOCOM LIMITED,0,22
Govt of Andhra Pradesh,TechSmart India Pvt Ltd,93,1
Govt of Andhra Pradesh,Tera Software Ltd,10479,6014
Govt of Andhra Pradesh,eCentric solutions pvt ltd,9,0
Govt of Goa,MARS Telecom Systems Pvt Ltd,3540,1549
Govt of Goa,Tera Software Ltd,369,134
Govt of Gujarat,GSS Infotech Ltd,5150,23
Govt of Gujarat,Karvy Computershare Private Li,7124,90
Govt of Gujarat,Silver Touch Technologies Ltd,10,6
Govt of Gujarat,Tera Software Ltd,0,1247
Govt of Gujarat,Transline Technologies P Ltd,0,4
Govt of Gujarat,Vayam technologies Ltd,0,29
Govt of Gujarat,eCentric solutions pvt ltd,4752,40
Govt of Himachal Pradesh,IL&FS LTD,1,0
Govt of Himachal Pradesh,Wipro Ltd,13,5
Govt of Himachal Pradesh,i-Grandee SoftwareTechnologies,151,264
Govt of Karnataka ,MARS Telecom Systems Pvt Ltd,1058,10
Govt of Karnataka ,SREEVEN INFOCOM LIMITED,817,112
Govt of Kerala,Akshaya,41,337
Govt of Kerala,Keltron,4,44
Govt of Madhya Pradesh,VIRGO SOFTECH LIMITED,0,4
Govt of Maharashtra,Alankit Finsec Ltd,382,84
Govt of Maharashtra,Eagle press pvt ltd,253,2
Govt of Maharashtra,GLODYNE TECHNOSERVE,0,4
Govt of Maharashtra,Karvy Computershare Private Li,8195,467
Govt of Maharashtra,STRATEGIC OUTSOURCING SERVICE,41,25
Govt of Maharashtra,Silver Touch Technologies Ltd,0,6
Govt of Maharashtra,TechSmart India Pvt Ltd,798,91
Govt of Maharashtra,Tera Software Ltd,1242,1004
Govt of Maharashtra,Transline Technologies P Ltd,1,31
Govt of Maharashtra,Wipro Ltd,3,31
Govt of Sikkim - Dept of Econo,Department of Economics Statistics  Monitoring and Evaluation DESME,18,22
IDBI Bank ltd,ATISHAY INFOTECH PVT. LTD.,646,76
IDBI Bank ltd,Matrix Processing House,1009,9
IDBI Bank ltd,SREEVEN INFOCOM LIMITED,1262,6
IDBI Bank ltd,UTI TECHNOLOGY SERVICES LIMITE,318,0
Indiapost,Delhi Integrated MMTS Ltd,9208,91
Indiapost,GLODYNE TECHNOSERVE,3,1
Indiapost,MARS Telecom Systems Pvt Ltd,446,24
Indiapost,Smart Chip Limited,164,2
Indiapost,TEAM LIFE CARE COMPANY INDIA P,139,52
Information Technology & Communication Department,4G INFORMATICS,0,1
Information Technology & Communication Department,CSS TECHNERGY LIMITED,797,0
Information Technology & Communication Department,GDC Advertising Pvt. Limited,12,0
Information Technology & Communication Department,MARS Telecom Systems Pvt Ltd,2534,98
Information Technology & Communication Department,SREEVEN INFOCOM LIMITED,3,0
Information Technology & Communication Department,Tera Software Ltd,0,106
Jharkhand,Alankit Assignments Limited,948,127
Jharkhand,Blue Circle Instrument,10,3
Jharkhand,Emdee Digitronics Pvt.Ltd.,1638,29
Jharkhand,IL&FS LTD,22,0
Jharkhand,MKS Enterprises,6572,370
Jharkhand,Nevaeh Technology Pvt. Ltd.,252,20
Jharkhand,STRATEGIC OUTSOURCING SERVICE,6174,153
Jharkhand,Systematic & Advance Const P L,1,20
Jharkhand,VISION COMPTECH INTEGRATOR LTD,8,24
Jharkhand,Wipro Ltd,28,226
Mission Convergence - GNCT Del,Karvy Computershare Private Li,6,13
Mission Convergence - GNCT Del,Smart Chip Limited,0,1
NSDL e-Governance Infrastructure Limited,Abhipra Capital Ltd,1,4
NSDL e-Governance Infrastructure Limited,Alankit Assignments Limited,2424,92
NSDL e-Governance Infrastructure Limited,Karvy Data Management Services,1,54
NSDL e-Governance Infrastructure Limited,PROWIZ MANSYTEMS PVT LTD,1,7
NSDL e-Governance Infrastructure Limited,TEAM LIFE CARE COMPANY INDIA P,96,1
NSDL e-Governance Infrastructure Limited,VIRGO SOFTECH LIMITED,0,1
Oriental Bank of Commerce,DATASOFT COMPUTER SERVICES(P),4348,126
Oriental Bank of Commerce,FINANCIAL INFORMATION NETWORK,3,24
Oriental Bank of Commerce,IL&FS LTD,1,0
Oriental Bank of Commerce,Wipro Ltd,0,2
RDD Govt of Tripura,Alankit Assignments Limited,0,1
Registrar General India - BEL,In Media Computer Services LLP,2,3
Registrar General India - BEL,Manipur Electronics Dev Corp,21,0
Registrar General India - BEL,Swathy Smartcards Hi-Tech Pvt,0,33
Registrar General India BEL2,Computer LAB,1350,1999
Registrar General India BEL2,India Computer Technology,2674,1352
Registrar General India BEL2,Madras Security Printers Ltd,1312,124
Registrar General India BEL2,Multiwave Innovation,18,75
Registrar General India BEL2,Om Softwares,0,1
Registrar General India BEL2,Swathy Smartcards Hi-Tech Pvt,9,2155
Registrar General India BEL2,Tera Software Ltd,75,6496
Registrar General India ECIL,Computer LAB,47462,850
Registrar General India ECIL,Eagle Software India Pvt. Ltd,25690,4933
Registrar General India ECIL,In Media Computer Services LLP,6,189
Registrar General India ECIL,India Computer Technology,315,415
Registrar General India ECIL,Krishna Infotech,23,528
Registrar General India ECIL,Madras Security Printers Ltd,1377,542
Registrar General India ECIL,Pioneer E Labs limited,4,0
Registrar General India ECIL,SWISSTECH NPR 57CR PROJECT PVT,74,434
Registrar General India ECIL,Tera Software Ltd,373,1
Registrar General India ECIL,Vedavaag Systems Limited,2,968
Registrar General India Others,AVVAS INFOTECH PVT  LTD,3,0
Registrar General India Others,Alankit Assignments Limited,3,0
Registrar General India Others,COMTECH INSTITUTE OFTECHNOLOGY,101,2
Registrar General India Others,Computer LAB,3,0
Registrar General India Others,Madras Security Printers Ltd,110,16
Registrar General India Others,Om Softwares,4,0
Registrar General India Others,Pioneer E Labs limited,0,1
Registrar General India Others,Swathy Smartcards Hi-Tech Pvt,9,14
Registrar General India Others,WEBEL TECHNOLOGY LIMITED,1,0
Registrar General of India ITI,Emdee Digitronics Pvt.Ltd.,5783,3532
Registrar General of India ITI,Madras Security Printers Ltd,0,6
Registrar General of India ITI,Multiwave Innovation,0,10
Registrar General of India ITI,SREEVEN INFOCOM LIMITED,0,13
Registrar General of India ITI,STRATEGIC OUTSOURCING SERVICE,157,0
Registrar General of India ITI,Swathy Smartcards Hi-Tech Pvt,19,16688
Registrar General of India ITI,TechSmart India Pvt Ltd,10,12
Registrar General of India ITI,WEBEL TECHNOLOGY LIMITED,3,29
STATE BANK OF PATIALA,CSS TECHNERGY LIMITED,0,1
State Bank of Bikaner & Jaipur,Multiwave Innovation,17047,411
State Bank of India,IL&FS LTD,90,0
State Bank of Travancore,Tera Software Ltd,0,185
UDD Govt of Jharkhand,Blue Circle Instrument,78,15
UDD Govt of Jharkhand,MKS Enterprises,25731,997
UIDAI-Registrar,UIDAI-EA,16,1
UT Of Daman and Diu,Alankit Assignments Limited,1005,30
UT of Puducherry,Madras Security Printers Ltd,1595,579
Union Bank,FINANCIAL INFORMATION NETWORK,1302,11
Union Bank,Smart Chip Limited,63908,1338
Union Bank,Vakrangee Softwares Limited,503,45
