Registrar,Enrolment Agency,Aadhaar generated,Enrolment Rejected
Allahabad Bank,IL&FS LTD,0,334
Allahabad Bank,Tera Software Ltd,29,407
Allahabad Bank,Vakrangee Softwares Limited,2846,301
Bank Of India,A3 Logics  India  Ltd,1330,3697
Bank Of India,Akanksha International,761,5
Bank Of India,CHESSY CONSULTANTS PVT LTD,254,22
Bank Of India,DATASOFT COMPUTER SERVICES(P),66,199
Bank Of India,Emdee Digitronics Pvt.Ltd.,4,9
Bank Of India,Frontech Systems Pvt Ltd,430,568
Bank Of India,ITI LIMITED,1,180
Bank Of India,Integra Micro Systems Pvt.ltd,0,27
Bank Of India,MANTRA SOFTTECH (INDIA) PVTLTD,506,739
Bank Of India,Matrix Processing House,395,321
Bank Of India,OPTIMIX CONSULTANCY PRIVATE LT,0,13
Bank Of India,OSWAL COMPUTERS & CONSULTANTS,2541,646
Bank Of India,PROTEX COMPUTER PVT LTD,256,93
Bank Of India,SARADA SYSTEMS,204,31
Bank Of India,SHRIKRISHNA KHANDASARI SUGAR M,2007,325
Bank Of India,SPANCO,1449,72
Bank Of India,SREI INFRASTRUCTURE FINANCES L,1017,230
Bank Of India,Silver Touch Technologies Ltd,6307,235
Bank Of India,Systematic & Advance Const P L,3917,246
Bank Of India,Tera Software Ltd,0,125
Bank Of India,VEETECHNOLOGIES PVT. LTD,277,89
Bank Of India,Vakrangee Softwares Limited,4246,1500
Bank of Baroda,DATASOFT COMPUTER SERVICES(P),0,1808
Bank of Baroda,IL&FS LTD,27,825
Bank of Baroda,TEAM LIFE CARE COMPANY INDIA P,0,714
Bank of Maharashtra,Alankit Assignments Limited,0,17
Bank of Maharashtra,Alankit Finsec Ltd,1,4
Bank of Maharashtra,FINANCIAL INFORMATION NETWORK,2,0
Bank of Maharashtra,Micro Technologies India Ltd,280,0
Canara Bank,ITI LIMITED,0,19
Canara Bank,Rosmerta technoliges Limited,0,92
Canara Bank,Smart Chip Limited,0,54
Canara Bank,Swiss Tech India Pvt Ltd,0,80
Canara Bank,VIRGO SOFTECH LIMITED,0,2
Canara Bank,Vakrangee Softwares Limited,0,1
Central Bank of India,CALANCE SOFTWARE PRIVATE LTD,1222,1396
Central Bank of India,Frontech Systems Pvt Ltd,0,239
Central Bank of India,GSS Infotech Ltd,0,144
Central Bank of India,IAP COMPANY Pvt. Ltd,12152,1184
Central Bank of India,IL&FS LTD,8,2447
Central Bank of India,Integra Micro Systems Pvt.ltd,0,6
Central Bank of India,MANTRA SOFTTECH (INDIA) PVTLTD,183,948
Central Bank of India,SREI INFRASTRUCTURE FINANCES L,0,828
Central Bank of India,Smart ID,0,11
Central Bank of India,Tera Software Ltd,0,60
Central Bank of India,The Peerless General Finance,80,158
Civil Supplies - A&N Islands,India Computer Technology,0,162
DENA BANK,ATISHAY INFOTECH PVT. LTD.,20,2
DENA BANK,DATASOFT COMPUTER SERVICES(P),14,3
Delhi - Central DC,Smart Chip Limited,350,581
Delhi - East DC,DATASOFT COMPUTER SERVICES(P),30,252
Delhi - East DC,IAP COMPANY Pvt. Ltd,0,13
Delhi - East DC,Tera Software Ltd,0,1274
Delhi - ND DC,Smart Chip Limited,162,89
Delhi - NE DC,Alankit Assignments Limited,0,2467
Delhi - NE DC,Smart Chip Limited,13,5
Delhi - NE DC,Smart ID,0,254
Delhi - North DC,DATASOFT COMPUTER SERVICES(P),3,174
Delhi - North DC,Smart Chip Limited,57,941
Delhi SW DC,STRATEGIC OUTSOURCING SERVICE,0,1529
Delhi SW DC,VIRGO SOFTECH LIMITED,4,17
Delhi Urban Shelter Improvemen,Alankit Assignments Limited,0,113
Delhi Urban Shelter Improvemen,Matrix Processing House,0,193
Delhi Urban Shelter Improvemen,STRATEGIC OUTSOURCING SERVICE,0,754
Delhi Urban Shelter Improvemen,Smart Chip Limited,0,138
Delhi Urban Shelter Improvemen,Tera Software Ltd,1,762
Delhi- South DC,Karvy Computershare Private Li,0,2
Delhi- South DC,Smart Chip Limited,9,0
Delhi- South DC,Tera Software Ltd,0,1577
Delhi- South DC,eCentric solutions pvt ltd,0,1013
Delhi- West DC,Matrix Processing House,0,1673
Delhi- West DC,Smart Chip Limited,3,0
Delhi- West DC,VIRGO SOFTECH LIMITED,5,540
Delhi-NW DC,Karvy Computershare Private Li,0,732
Delhi-NW DC,STRATEGIC OUTSOURCING SERVICE,0,1873
Dept of ITC Govt of Rajasthan,ATISHAY INFOTECH PVT. LTD.,1040,2253
Dept of ITC Govt of Rajasthan,AVVAS INFOTECH PVT  LTD,592,0
Dept of ITC Govt of Rajasthan,Alankit Finsec Ltd,386,42
Dept of ITC Govt of Rajasthan,DATASOFT COMPUTER SERVICES(P),1230,852
Dept of ITC Govt of Rajasthan,GSS Infotech Ltd,0,387
Dept of ITC Govt of Rajasthan,TechSmart India Pvt Ltd,0,763
Dept of ITC Govt of Rajasthan,Transline Technologies P Ltd,20277,56
Dept of ITC Govt of Rajasthan,Vakrangee Softwares Limited,1506,1103
Dept of ITC Govt of Rajasthan,Vayam technologies Ltd,14638,11
FCR Govt of Haryana,Vakrangee Softwares Limited,1404,1654
FCS Govt of Punjab,Alankit Assignments Limited,0,6766
FCS Govt of Punjab,Alankit Finsec Ltd,0,4932
FCS Govt of Punjab,Alankit Life Care Ltd,0,1000
FCS Govt of Punjab,CSS TECHNERGY LIMITED,229,135
FCS Govt of Punjab,Delhi Integrated MMTS Ltd,0,3213
FCS Govt of Punjab,Diwakar Commercials Pvt Ltd,0,2949
FCS Govt of Punjab,Karvy Computershare Private Li,6424,414
FCS Govt of Punjab,VIRGO SOFTECH LIMITED,0,1102
FCS Govt of Punjab,VISESH INFOTECNICS LIMITED,0,257
FCS Govt of Punjab,Vayam technologies Ltd,15298,182
FCS Govt of Punjab,eCentric solutions pvt ltd,1048,289
Govt of Andhra Pradesh,Gouthami Educational Society,467,3462
Govt of Andhra Pradesh,GrapeSoft,183,3030
Govt of Andhra Pradesh,IL&FS LTD,910,7030
Govt of Andhra Pradesh,INFRONICS SYSTEMS LTD,1976,6628
Govt of Andhra Pradesh,Madras Security Printers Ltd,0,12539
Govt of Andhra Pradesh,Mahaonline Limited,0,4
Govt of Andhra Pradesh,SREEVEN INFOCOM LIMITED,655,1885
Govt of Andhra Pradesh,Smart Chip Limited,0,1475
Govt of Andhra Pradesh,TechSmart India Pvt Ltd,8,20889
Govt of Andhra Pradesh,Tera Software Ltd,856,6132
Govt of Andhra Pradesh,eCentric solutions pvt ltd,1,6537
Govt of Chhattisgrah - FCSCP&L,4G IDENTITY SOLUTIONS,0,2
Govt of Goa,COMAT TECHNOLOGIES P LTD,0,108
Govt of Goa,MARS Telecom Systems Pvt Ltd,24,1026
Govt of Goa,Tera Software Ltd,2,276
Govt of Gujarat,GSS Infotech Ltd,2128,162
Govt of Gujarat,Karvy Computershare Private Li,3781,201
Govt of Gujarat,Silver Touch Technologies Ltd,15775,375
Govt of Gujarat,Tera Software Ltd,813,129
Govt of Gujarat,Transline Technologies P Ltd,799,99
Govt of Gujarat,Vayam technologies Ltd,34646,239
Govt of Gujarat,eCentric solutions pvt ltd,660,295
Govt of Himachal Pradesh,IL&FS LTD,3,828
Govt of Himachal Pradesh,Wipro Ltd,3900,1779
Govt of Himachal Pradesh,i-Grandee SoftwareTechnologies,649,726
Govt of Karnataka ,COMAT TECHNOLOGIES P LTD,0,3083
Govt of Karnataka ,GLODYNE TECHNOSERVE,0,4996
Govt of Karnataka ,Integra Micro Systems Pvt.ltd,0,1066
Govt of Karnataka ,MARS Telecom Systems Pvt Ltd,1397,36
Govt of Karnataka ,Ninestars Information Technologies Limited,16375,14
Govt of Karnataka ,Origin ITFS Pvt Ltd,13706,5
Govt of Karnataka ,SREEVEN INFOCOM LIMITED,1193,12
Govt of Karnataka ,Tera Software Ltd,0,11159
Govt of Karnataka ,Wipro Ltd,0,5390
Govt of Kerala,Akshaya,12174,2962
Govt of Kerala,Keltron,11973,864
Govt of Madhya Pradesh,Bharatiya Samruddhi Investment & Consulting Services Ltd.,0,4
Govt of Madhya Pradesh,IL&FS LTD,0,10
Govt of Madhya Pradesh,Systematic & Advance Const P L,0,1
Govt of Madhya Pradesh,Tera Software Ltd,0,3
Govt of Madhya Pradesh,VIRGO SOFTECH LIMITED,0,14120
Govt of Madhya Pradesh,Wipro Ltd,0,3
Govt of Maharashtra,Alankit Assignments Limited,0,3355
Govt of Maharashtra,Alankit Finsec Ltd,487,263
Govt of Maharashtra,COMAT TECHNOLOGIES P LTD,0,451
Govt of Maharashtra,Eagle press pvt ltd,33,320
Govt of Maharashtra,GLODYNE TECHNOSERVE,0,127
Govt of Maharashtra,GSS Infotech Ltd,0,2525
Govt of Maharashtra,Karvy Computershare Private Li,4937,3169
Govt of Maharashtra,MARS Telecom Systems Pvt Ltd,0,1
Govt of Maharashtra,Mahaonline Limited,0,9783
Govt of Maharashtra,Netlink software Pvt Ltd,6090,10
Govt of Maharashtra,Network for Information & Computer,915,1
Govt of Maharashtra,SPANCO,0,973
Govt of Maharashtra,STRATEGIC OUTSOURCING SERVICE,4842,4194
Govt of Maharashtra,Silver Touch Technologies Ltd,7777,179
Govt of Maharashtra,Smart Chip Limited,0,327
Govt of Maharashtra,Systematic & Advance Const P L,1,0
Govt of Maharashtra,TEAM LIFE CARE COMPANY INDIA P,4,597
Govt of Maharashtra,TechSmart India Pvt Ltd,599,384
Govt of Maharashtra,Tera Software Ltd,58,11027
Govt of Maharashtra,Transline Technologies P Ltd,19605,616
Govt of Maharashtra,Wep Solution India Limited,0,993
Govt of Maharashtra,Wipro Ltd,17139,11582
Govt of Sikkim - Dept of Econo,4G IDENTITY SOLUTIONS,0,365
Govt of Sikkim - Dept of Econo,Alankit Assignments Limited,0,1
Govt of Sikkim - Dept of Econo,Department of Economics Statistics  Monitoring and Evaluation DESME,4,2
IDBI Bank ltd,ATISHAY INFOTECH PVT. LTD.,377,51
IDBI Bank ltd,GSS Infotech Ltd,0,11
IDBI Bank ltd,Matrix Processing House,48,2
IDBI Bank ltd,Pioneer E Labs limited,0,46
IDBI Bank ltd,SREEVEN INFOCOM LIMITED,63,55
IDBI Bank ltd,UTI TECHNOLOGY SERVICES LIMITE,72,2
IGNOU,VIRGO SOFTECH LIMITED,0,93
IGNOU,Vakrangee Softwares Limited,0,91
Indian Bank,GSS Infotech Ltd,0,16
Indian Bank,i-Grandee SoftwareTechnologies,0,4
Indian Overseas Bank,Eagle Software India Pvt. Ltd,0,83
Indian Overseas Bank,Karvy Computershare Private Li,0,117
Indian Overseas Bank,Wipro Ltd,0,6
Indiapost,4G IDENTITY SOLUTIONS,0,3155
Indiapost,COMAT TECHNOLOGIES P LTD,0,387
Indiapost,CSS TECHNERGY LIMITED,0,12
Indiapost,Delhi Integrated MMTS Ltd,562,1331
Indiapost,Eagle press pvt ltd,0,457
Indiapost,GLODYNE TECHNOSERVE,14,49
Indiapost,GSS Infotech Ltd,0,533
Indiapost,IL&FS LTD,0,1071
Indiapost,MARS Telecom Systems Pvt Ltd,122,2
Indiapost,Madras Security Printers Ltd,0,406
Indiapost,Smart Chip Limited,41,290
Indiapost,TEAM LIFE CARE COMPANY INDIA P,1714,2919
Indiapost,Tera Software Ltd,0,1
Indiapost,The NSIC ltd,0,558
Indiapost,The Peerless General Finance,0,131
Indiapost,UTI TECHNOLOGY SERVICES LIMITE,0,1348
Indiapost,WEBEL,0,149
Indiapost,eCentric solutions pvt ltd,0,844
Information Technology & Communication Department,4G INFORMATICS,27507,12
Information Technology & Communication Department,BNR UDYOG LIMITED,7317,9
Information Technology & Communication Department,Bloom Solutions Pvt Ltd,64409,59
Information Technology & Communication Department,CSS TECHNERGY LIMITED,1,1
Information Technology & Communication Department,GDC Advertising Pvt. Limited,11728,26
Information Technology & Communication Department,JYOTHI COMPUTER SERVICES,13711,3
Information Technology & Communication Department,MARS Telecom Systems Pvt Ltd,1372,2
Information Technology & Communication Department,SREEVEN INFOCOM LIMITED,241,0
Information Technology & Communication Department,Tera Software Ltd,117,0
Jammu and Kashmir Bank,COMTECH INSTITUTE OFTECHNOLOGY,0,20
Jharkhand,Alankit Assignments Limited,99,868
Jharkhand,Blue Circle Instrument,8,344
Jharkhand,Emdee Digitronics Pvt.Ltd.,381,3
Jharkhand,GLODYNE TECHNOSERVE,0,1
Jharkhand,IL&FS LTD,5,373
Jharkhand,MKS Enterprises,212,486
Jharkhand,Nevaeh Technology Pvt. Ltd.,57,248
Jharkhand,STRATEGIC OUTSOURCING SERVICE,162,638
Jharkhand,Smart ID,0,140
Jharkhand,Systematic & Advance Const P L,7,1015
Jharkhand,VISION COMPTECH INTEGRATOR LTD,124,1108
Jharkhand,Wipro Ltd,10064,5110
Life Insurance Corporation,ATISHAY INFOTECH PVT. LTD.,0,14
Life Insurance Corporation,COMAT TECHNOLOGIES P LTD,0,18
Life Insurance Corporation,DATASOFT COMPUTER SERVICES(P),0,29
Life Insurance Corporation,Emdee Digitronics Pvt.Ltd.,0,2
Life Insurance Corporation,LOHIA JUTE PRESS PVT LTD,0,1
Life Insurance Corporation,LYRA  CONSULTANCY SERVICE,0,15
Life Insurance Corporation,MICROVIEWS INFOSYSTEMS PVT LTD,0,14
Life Insurance Corporation,PROTEX COMPUTER PVT LTD,0,4
Life Insurance Corporation,Smart ID,0,70
Life Insurance Corporation,UNIVERSAL SOLUTIONS,0,1
Life Insurance Corporation,eCentric solutions pvt ltd,0,80
Mission Convergence - GNCT Del,Alankit Assignments Limited,0,117
Mission Convergence - GNCT Del,IL&FS LTD,0,214
Mission Convergence - GNCT Del,Karvy Computershare Private Li,0,90
Mission Convergence - GNCT Del,Matrix Processing House,0,184
Mission Convergence - GNCT Del,STRATEGIC OUTSOURCING SERVICE,0,1159
Mission Convergence - GNCT Del,Smart Chip Limited,1,205
Mission Convergence - GNCT Del,Tera Software Ltd,0,194
Mission Convergence - GNCT Del,eCentric solutions pvt ltd,0,408
NSDL e-Governance Infrastructure Limited,Abhipra Capital Ltd,106,1513
NSDL e-Governance Infrastructure Limited,Alankit Assignments Limited,270,1520
NSDL e-Governance Infrastructure Limited,Atlas Documentary Facilitator,0,1
NSDL e-Governance Infrastructure Limited,INTEGRATED REGISTRY SERVICES,1,2
NSDL e-Governance Infrastructure Limited,Karvy Data Management Services,716,5391
NSDL e-Governance Infrastructure Limited,Netlink software Pvt Ltd,124,0
NSDL e-Governance Infrastructure Limited,PROWIZ MANSYTEMS PVT LTD,17755,330
NSDL e-Governance Infrastructure Limited,RELIGARE SECURITIES LTD,0,1
NSDL e-Governance Infrastructure Limited,TEAM LIFE CARE COMPANY INDIA P,39,0
NSDL e-Governance Infrastructure Limited,VIRGO SOFTECH LIMITED,20,0
Oriental Bank of Commerce,DATASOFT COMPUTER SERVICES(P),217,1499
Oriental Bank of Commerce,FINANCIAL INFORMATION NETWORK,0,15
Oriental Bank of Commerce,IL&FS LTD,0,448
Oriental Bank of Commerce,Redim Software Technologies Pvt Ltd,12,0
Oriental Bank of Commerce,Sri Ramraja Sarkar Lok Kalyan Trust,5489,1
Oriental Bank of Commerce,The NSIC ltd,0,80
Oriental Bank of Commerce,Wipro Ltd,2666,1376
Others,GSS Infotech Ltd,0,1
Punjab and Sind Bank,Matrix Processing House,0,185
RDD Govt of Tripura,Alankit Assignments Limited,0,3211
RDD Govt of Tripura,Madras Security Printers Ltd,0,6
Registrar General India - BEL,In Media Computer Services LLP,0,257
Registrar General India - BEL,Manipur Electronics Dev Corp,0,158
Registrar General India - BEL,Swathy Smartcards Hi-Tech Pvt,57,136
Registrar General India BEL2,Computer LAB,822,190
Registrar General India BEL2,India Computer Technology,17307,1316
Registrar General India BEL2,Madras Security Printers Ltd,451,3461
Registrar General India BEL2,Multiwave Innovation,906,934
Registrar General India BEL2,Netlink software Pvt Ltd,3130,0
Registrar General India BEL2,Om Softwares,4651,2060
Registrar General India BEL2,SREEVEN INFOCOM LIMITED,0,178
Registrar General India BEL2,Swathy Smartcards Hi-Tech Pvt,72142,56414
Registrar General India BEL2,Swiss Tech India Pvt Ltd,4758,307
Registrar General India BEL2,Tera Software Ltd,5558,6685
Registrar General India BEL2,VIRGO SOFTECH LIMITED,3,157
Registrar General India ECIL,Clairvoyance Technologies Pvt.,0,22826
Registrar General India ECIL,Computer LAB,24870,114769
Registrar General India ECIL,Eagle Software India Pvt. Ltd,32486,7009
Registrar General India ECIL,In Media Computer Services LLP,9,7145
Registrar General India ECIL,India Computer Technology,32,1280
Registrar General India ECIL,Krishna Infotech,31,8173
Registrar General India ECIL,Madras Security Printers Ltd,30434,6043
Registrar General India ECIL,Nielsen  India  Private Limited,1414,0
Registrar General India ECIL,Pioneer E Labs limited,0,102357
Registrar General India ECIL,SWISSTECH NPR 57CR PROJECT PVT,19,19465
Registrar General India ECIL,Tera Software Ltd,4944,39
Registrar General India ECIL,Vedavaag Systems Limited,21,3238
Registrar General India Others,Alankit Assignments Limited,1,0
Registrar General India Others,COMTECH INSTITUTE OFTECHNOLOGY,0,2
Registrar General India Others,Computer LAB,0,41
Registrar General India Others,Emdee Digitronics Pvt.Ltd.,0,12
Registrar General India Others,In Media Computer Services LLP,0,3
Registrar General India Others,India Computer Technology,0,18
Registrar General India Others,Madras Security Printers Ltd,97,32
Registrar General India Others,Manipur Electronics Dev Corp,0,1
Registrar General India Others,Multiwave Innovation,0,11
Registrar General India Others,Nielsen  India  Private Limited,88,0
Registrar General India Others,Om Softwares,0,5
Registrar General India Others,Pioneer E Labs limited,0,5
Registrar General India Others,SREEVEN INFOCOM LIMITED,0,1
Registrar General India Others,SWISSTECH NPR 57CR PROJECT PVT,14,8
Registrar General India Others,Swathy Smartcards Hi-Tech Pvt,113,250
Registrar General India Others,TechSmart India Pvt Ltd,0,1
Registrar General India Others,Vedavaag Systems Limited,0,1
Registrar General India Others,WEBEL TECHNOLOGY LIMITED,0,6
Registrar General of India ITI,Emdee Digitronics Pvt.Ltd.,4581,1570
Registrar General of India ITI,Madras Security Printers Ltd,0,1
Registrar General of India ITI,Multiwave Innovation,0,1581
Registrar General of India ITI,Nielsen  India  Private Limited,7,0
Registrar General of India ITI,SREEVEN INFOCOM LIMITED,1618,1354
Registrar General of India ITI,STRATEGIC OUTSOURCING SERVICE,1112,0
Registrar General of India ITI,Swathy Smartcards Hi-Tech Pvt,43917,46510
Registrar General of India ITI,TechSmart India Pvt Ltd,47,388
Registrar General of India ITI,VIRGO SOFTECH LIMITED,1,0
Registrar General of India ITI,WEBEL TECHNOLOGY LIMITED,224,105
STATE BANK OF HYDERABAD,CSS TECHNERGY LIMITED,0,1229
STATE BANK OF HYDERABAD,Smart Chip Limited,0,9
STATE BANK OF PATIALA,CSS TECHNERGY LIMITED,0,438
State Bank of Bikaner & Jaipur,Multiwave Innovation,2226,1872
State Bank of India,4G IDENTITY SOLUTIONS,0,13243
State Bank of India,COMAT TECHNOLOGIES P LTD,0,152
State Bank of India,CSS TECHNERGY LIMITED,0,13252
State Bank of India,Delhi Integrated MMTS Ltd,0,507
State Bank of India,Eagle press pvt ltd,0,528
State Bank of India,IL&FS LTD,21,4088
State Bank of India,Smart Chip Limited,0,3606
State Bank of India,VIRGO SOFTECH LIMITED,0,989
State Bank of Travancore,Tera Software Ltd,32,49
Syndicate Bank,Smart Chip Limited,0,257
UDD Govt of Jharkhand,Blue Circle Instrument,119,451
UDD Govt of Jharkhand,IL&FS LTD,0,1418
UDD Govt of Jharkhand,MKS Enterprises,932,1261
UDD Govt of Jharkhand,Smart ID,0,148
UDD Govt of Jharkhand,Systematic & Advance Const P L,0,332
UDD Govt of Jharkhand,Vayam technologies Ltd,140,0
UIDAI-Registrar,UIDAI-EA,7,2
UT Of Daman and Diu,Alankit Assignments Limited,61,162
UT of Puducherry,Madras Security Printers Ltd,89,1098
Union Bank,4G IDENTITY SOLUTIONS,0,695
Union Bank,FINANCIAL INFORMATION NETWORK,1093,3
Union Bank,Smart Chip Limited,1345,1253
Union Bank,Vakrangee Softwares Limited,2019,37581
United Bank of India,Atyati Technologies Pvt Ltd,0,6
