Registrar,Enrolment Agency,Aadhaar generated,Enrolment Rejected
Allahabad Bank,IL&FS LTD,4,373
Allahabad Bank,Tera Software Ltd,9,430
Allahabad Bank,Vakrangee Softwares Limited,12652,416
Bank Of India,A3 Logics  India  Ltd,15920,4061
Bank Of India,Akanksha International,466,1
Bank Of India,Blue Circle Instrument,335,0
Bank Of India,CHESSY CONSULTANTS PVT LTD,2177,21
Bank Of India,DATASOFT COMPUTER SERVICES(P),592,191
Bank Of India,Emdee Digitronics Pvt.Ltd.,3,8
Bank Of India,Frontech Systems Pvt Ltd,4504,347
Bank Of India,ITI LIMITED,0,127
Bank Of India,Integra Micro Systems Pvt.ltd,0,35
Bank Of India,MANTRA SOFTTECH (INDIA) PVTLTD,1121,809
Bank Of India,Matrix Processing House,1640,358
Bank Of India,OPTIMIX CONSULTANCY PRIVATE LT,0,9
Bank Of India,OSWAL COMPUTERS & CONSULTANTS,4442,979
Bank Of India,PROTEX COMPUTER PVT LTD,1378,94
Bank Of India,SARADA SYSTEMS,887,36
Bank Of India,SHRIKRISHNA KHANDASARI SUGAR M,4473,350
Bank Of India,SPANCO,2197,76
Bank Of India,SREI INFRASTRUCTURE FINANCES L,290,240
Bank Of India,Silver Touch Technologies Ltd,2254,209
Bank Of India,Systematic & Advance Const P L,3176,260
Bank Of India,Tera Software Ltd,0,134
Bank Of India,VEETECHNOLOGIES PVT. LTD,932,127
Bank Of India,Vakrangee Softwares Limited,9348,1528
Bank of Baroda,4G IDENTITY SOLUTIONS,0,1
Bank of Baroda,DATASOFT COMPUTER SERVICES(P),0,2020
Bank of Baroda,IL&FS LTD,28,919
Bank of Baroda,TEAM LIFE CARE COMPANY INDIA P,9,786
Bank of Maharashtra,Alankit Assignments Limited,0,14
Bank of Maharashtra,Alankit Finsec Ltd,48,2
Bank of Maharashtra,Bartronics India Limited,0,6
Bank of Maharashtra,FINANCIAL INFORMATION NETWORK,47,0
Bank of Maharashtra,Micro Technologies India Ltd,17,0
Canara Bank,ITI LIMITED,0,20
Canara Bank,Rosmerta technoliges Limited,0,105
Canara Bank,Smart Chip Limited,0,57
Canara Bank,Swiss Tech India Pvt Ltd,0,69
Canara Bank,VIRGO SOFTECH LIMITED,0,5
Canara Bank,Vakrangee Softwares Limited,0,1
Central Bank of India,CALANCE SOFTWARE PRIVATE LTD,7182,1524
Central Bank of India,Frontech Systems Pvt Ltd,0,298
Central Bank of India,GSS Infotech Ltd,0,191
Central Bank of India,IAP COMPANY Pvt. Ltd,5790,1308
Central Bank of India,IL&FS LTD,99,2709
Central Bank of India,Integra Micro Systems Pvt.ltd,0,3
Central Bank of India,MANTRA SOFTTECH (INDIA) PVTLTD,1209,1078
Central Bank of India,SREI INFRASTRUCTURE FINANCES L,0,995
Central Bank of India,Smart ID,0,8
Central Bank of India,Tera Software Ltd,0,80
Central Bank of India,The Peerless General Finance,424,144
Civil Supplies - A&N Islands,India Computer Technology,0,173
DENA BANK,ATISHAY INFOTECH PVT. LTD.,214,1
DENA BANK,DATASOFT COMPUTER SERVICES(P),534,16
Delhi - Central DC,Smart Chip Limited,120,646
Delhi - East DC,DATASOFT COMPUTER SERVICES(P),187,253
Delhi - East DC,IAP COMPANY Pvt. Ltd,0,16
Delhi - East DC,Tera Software Ltd,0,1420
Delhi - ND DC,Smart Chip Limited,125,130
Delhi - NE DC,Alankit Assignments Limited,0,2664
Delhi - NE DC,Smart Chip Limited,1654,43
Delhi - NE DC,Smart ID,0,229
Delhi - North DC,DATASOFT COMPUTER SERVICES(P),3,241
Delhi - North DC,Smart Chip Limited,78,1101
Delhi SW DC,STRATEGIC OUTSOURCING SERVICE,0,1805
Delhi SW DC,VIRGO SOFTECH LIMITED,73,17
Delhi Urban Shelter Improvemen,Alankit Assignments Limited,0,110
Delhi Urban Shelter Improvemen,Matrix Processing House,0,197
Delhi Urban Shelter Improvemen,STRATEGIC OUTSOURCING SERVICE,0,746
Delhi Urban Shelter Improvemen,Smart Chip Limited,0,110
Delhi Urban Shelter Improvemen,Tera Software Ltd,0,831
Delhi- South DC,Karvy Computershare Private Li,6,11
Delhi- South DC,Smart Chip Limited,146,0
Delhi- South DC,Tera Software Ltd,0,1720
Delhi- South DC,eCentric solutions pvt ltd,0,1138
Delhi- West DC,Matrix Processing House,0,1880
Delhi- West DC,Smart Chip Limited,124,6
Delhi- West DC,VIRGO SOFTECH LIMITED,71,581
Delhi-NW DC,Karvy Computershare Private Li,20,865
Delhi-NW DC,STRATEGIC OUTSOURCING SERVICE,0,2127
Dept of ITC Govt of Rajasthan,ATISHAY INFOTECH PVT. LTD.,4068,2459
Dept of ITC Govt of Rajasthan,AVVAS INFOTECH PVT  LTD,1321,0
Dept of ITC Govt of Rajasthan,Alankit Finsec Ltd,1352,89
Dept of ITC Govt of Rajasthan,DATASOFT COMPUTER SERVICES(P),4956,1046
Dept of ITC Govt of Rajasthan,GSS Infotech Ltd,0,473
Dept of ITC Govt of Rajasthan,TechSmart India Pvt Ltd,0,891
Dept of ITC Govt of Rajasthan,Transline Technologies P Ltd,2128,65
Dept of ITC Govt of Rajasthan,Vakrangee Softwares Limited,22338,1327
Dept of ITC Govt of Rajasthan,Vayam technologies Ltd,110,16
FCR Govt of Haryana,Vakrangee Softwares Limited,2969,1554
FCS Govt of Punjab,Alankit Assignments Limited,0,7551
FCS Govt of Punjab,Alankit Finsec Ltd,1,5541
FCS Govt of Punjab,Alankit Life Care Ltd,0,1074
FCS Govt of Punjab,CSS TECHNERGY LIMITED,543,161
FCS Govt of Punjab,Delhi Integrated MMTS Ltd,0,3601
FCS Govt of Punjab,Diwakar Commercials Pvt Ltd,0,3369
FCS Govt of Punjab,Karvy Computershare Private Li,3753,402
FCS Govt of Punjab,VIRGO SOFTECH LIMITED,0,1138
FCS Govt of Punjab,VISESH INFOTECNICS LIMITED,0,304
FCS Govt of Punjab,Vayam technologies Ltd,1209,187
FCS Govt of Punjab,eCentric solutions pvt ltd,2099,193
Govt of Andhra Pradesh,Gouthami Educational Society,237,3837
Govt of Andhra Pradesh,GrapeSoft,2255,3462
Govt of Andhra Pradesh,IL&FS LTD,3,8069
Govt of Andhra Pradesh,INFRONICS SYSTEMS LTD,3845,6308
Govt of Andhra Pradesh,Madras Security Printers Ltd,9,13898
Govt of Andhra Pradesh,Mahaonline Limited,0,1
Govt of Andhra Pradesh,SREEVEN INFOCOM LIMITED,1371,2033
Govt of Andhra Pradesh,Smart Chip Limited,0,1603
Govt of Andhra Pradesh,TechSmart India Pvt Ltd,167,23236
Govt of Andhra Pradesh,Tera Software Ltd,652,6796
Govt of Andhra Pradesh,eCentric solutions pvt ltd,4,7278
Govt of Goa,COMAT TECHNOLOGIES P LTD,0,134
Govt of Goa,MARS Telecom Systems Pvt Ltd,2081,1102
Govt of Goa,Tera Software Ltd,24,332
Govt of Gujarat,GSS Infotech Ltd,4125,192
Govt of Gujarat,Karvy Computershare Private Li,9966,201
Govt of Gujarat,Silver Touch Technologies Ltd,3778,553
Govt of Gujarat,Tera Software Ltd,254,199
Govt of Gujarat,Transline Technologies P Ltd,94,85
Govt of Gujarat,Vayam technologies Ltd,3082,296
Govt of Gujarat,eCentric solutions pvt ltd,560,292
Govt of Himachal Pradesh,IL&FS LTD,16,1002
Govt of Himachal Pradesh,Wipro Ltd,6395,2065
Govt of Himachal Pradesh,i-Grandee SoftwareTechnologies,594,745
Govt of Karnataka ,COMAT TECHNOLOGIES P LTD,0,3555
Govt of Karnataka ,GLODYNE TECHNOSERVE,4,5560
Govt of Karnataka ,Integra Micro Systems Pvt.ltd,0,1207
Govt of Karnataka ,MARS Telecom Systems Pvt Ltd,2324,23
Govt of Karnataka ,Ninestars Information Technologies Limited,3377,38
Govt of Karnataka ,Origin ITFS Pvt Ltd,277,28
Govt of Karnataka ,SREEVEN INFOCOM LIMITED,2601,23
Govt of Karnataka ,Tera Software Ltd,0,12384
Govt of Karnataka ,Wipro Ltd,4,5884
Govt of Kerala,Akshaya,13715,3015
Govt of Kerala,Keltron,2143,859
Govt of Madhya Pradesh,Bharatiya Samruddhi Investment & Consulting Services Ltd.,0,9
Govt of Madhya Pradesh,IL&FS LTD,0,11
Govt of Madhya Pradesh,Systematic & Advance Const P L,0,1
Govt of Madhya Pradesh,Tera Software Ltd,0,3
Govt of Madhya Pradesh,VIRGO SOFTECH LIMITED,0,14422
Govt of Maharashtra,4G IDENTITY SOLUTIONS,0,1
Govt of Maharashtra,Alankit Assignments Limited,0,3742
Govt of Maharashtra,Alankit Finsec Ltd,2500,207
Govt of Maharashtra,COMAT TECHNOLOGIES P LTD,0,536
Govt of Maharashtra,Eagle press pvt ltd,66,388
Govt of Maharashtra,GLODYNE TECHNOSERVE,1,156
Govt of Maharashtra,GSS Infotech Ltd,0,2868
Govt of Maharashtra,Karvy Computershare Private Li,9201,3336
Govt of Maharashtra,Mahaonline Limited,0,10925
Govt of Maharashtra,Netlink software Pvt Ltd,69,10
Govt of Maharashtra,Network for Information & Computer,87,0
Govt of Maharashtra,SHREERAM PRINTING PRESS,0,3
Govt of Maharashtra,SPANCO,0,1077
Govt of Maharashtra,STRATEGIC OUTSOURCING SERVICE,1671,4586
Govt of Maharashtra,Silver Touch Technologies Ltd,6385,203
Govt of Maharashtra,Smart Chip Limited,0,356
Govt of Maharashtra,Systematic & Advance Const P L,2,0
Govt of Maharashtra,TEAM LIFE CARE COMPANY INDIA P,38,671
Govt of Maharashtra,TechSmart India Pvt Ltd,930,376
Govt of Maharashtra,Tera Software Ltd,502,12307
Govt of Maharashtra,Transline Technologies P Ltd,3981,525
Govt of Maharashtra,Wep Solution India Limited,0,1155
Govt of Maharashtra,Wipro Ltd,15469,12853
Govt of Sikkim - Dept of Econo,4G IDENTITY SOLUTIONS,0,427
Govt of Sikkim - Dept of Econo,Department of Economics Statistics  Monitoring and Evaluation DESME,91,4
Govt of Sikkim - Dept of Econo,Madras Security Printers Ltd,0,1
IDBI Bank ltd,ATISHAY INFOTECH PVT. LTD.,1395,48
IDBI Bank ltd,GSS Infotech Ltd,0,16
IDBI Bank ltd,Matrix Processing House,30,3
IDBI Bank ltd,Pioneer E Labs limited,0,51
IDBI Bank ltd,SREEVEN INFOCOM LIMITED,1217,67
IDBI Bank ltd,UTI TECHNOLOGY SERVICES LIMITE,981,10
IGNOU,VIRGO SOFTECH LIMITED,0,131
IGNOU,Vakrangee Softwares Limited,0,130
Indian Bank,GSS Infotech Ltd,0,17
Indian Bank,i-Grandee SoftwareTechnologies,0,7
Indian Overseas Bank,Eagle Software India Pvt. Ltd,0,108
Indian Overseas Bank,Karvy Computershare Private Li,0,121
Indian Overseas Bank,Wipro Ltd,0,7
Indiapost,4G IDENTITY SOLUTIONS,0,3678
Indiapost,COMAT TECHNOLOGIES P LTD,0,396
Indiapost,CSS TECHNERGY LIMITED,0,13
Indiapost,Delhi Integrated MMTS Ltd,2761,1498
Indiapost,Eagle press pvt ltd,0,491
Indiapost,GLODYNE TECHNOSERVE,147,58
Indiapost,GSS Infotech Ltd,0,570
Indiapost,IL&FS LTD,0,1069
Indiapost,MARS Telecom Systems Pvt Ltd,72,3
Indiapost,Madras Security Printers Ltd,0,453
Indiapost,Smart Chip Limited,110,339
Indiapost,TEAM LIFE CARE COMPANY INDIA P,1206,3248
Indiapost,Tera Software Ltd,0,2
Indiapost,The NSIC ltd,0,615
Indiapost,The Peerless General Finance,0,142
Indiapost,UTI TECHNOLOGY SERVICES LIMITE,0,1447
Indiapost,WEBEL,0,166
Indiapost,eCentric solutions pvt ltd,2,964
Information Technology & Communication Department,4G INFORMATICS,956,55
Information Technology & Communication Department,BNR UDYOG LIMITED,4198,5
Information Technology & Communication Department,Bloom Solutions Pvt Ltd,3171,103
Information Technology & Communication Department,CSS TECHNERGY LIMITED,69,0
Information Technology & Communication Department,GDC Advertising Pvt. Limited,5941,39
Information Technology & Communication Department,JYOTHI COMPUTER SERVICES,182,6
Information Technology & Communication Department,MARS Telecom Systems Pvt Ltd,2049,19
Information Technology & Communication Department,SREEVEN INFOCOM LIMITED,929,2
Information Technology & Communication Department,Tera Software Ltd,73,1
Jammu and Kashmir Bank,COMTECH INSTITUTE OFTECHNOLOGY,0,17
Jharkhand,Alankit Assignments Limited,2037,937
Jharkhand,Blue Circle Instrument,395,371
Jharkhand,Emdee Digitronics Pvt.Ltd.,271,71
Jharkhand,GLODYNE TECHNOSERVE,0,5
Jharkhand,IL&FS LTD,5,408
Jharkhand,MKS Enterprises,600,645
Jharkhand,Nevaeh Technology Pvt. Ltd.,137,251
Jharkhand,STRATEGIC OUTSOURCING SERVICE,1754,779
Jharkhand,Smart ID,0,134
Jharkhand,Systematic & Advance Const P L,2280,1291
Jharkhand,VISION COMPTECH INTEGRATOR LTD,1561,1276
Jharkhand,Wipro Ltd,24341,5721
Life Insurance Corporation,ATISHAY INFOTECH PVT. LTD.,0,17
Life Insurance Corporation,COMAT TECHNOLOGIES P LTD,0,22
Life Insurance Corporation,DATASOFT COMPUTER SERVICES(P),0,31
Life Insurance Corporation,Emdee Digitronics Pvt.Ltd.,0,2
Life Insurance Corporation,LOHIA JUTE PRESS PVT LTD,0,2
Life Insurance Corporation,LYRA  CONSULTANCY SERVICE,0,15
Life Insurance Corporation,MICROVIEWS INFOSYSTEMS PVT LTD,0,13
Life Insurance Corporation,PROTEX COMPUTER PVT LTD,0,8
Life Insurance Corporation,Smart ID,0,102
Life Insurance Corporation,eCentric solutions pvt ltd,0,69
Mission Convergence - GNCT Del,Alankit Assignments Limited,0,101
Mission Convergence - GNCT Del,IL&FS LTD,1,78
Mission Convergence - GNCT Del,Karvy Computershare Private Li,2,96
Mission Convergence - GNCT Del,Matrix Processing House,0,191
Mission Convergence - GNCT Del,STRATEGIC OUTSOURCING SERVICE,0,1304
Mission Convergence - GNCT Del,Smart Chip Limited,1,214
Mission Convergence - GNCT Del,Tera Software Ltd,0,243
Mission Convergence - GNCT Del,eCentric solutions pvt ltd,0,419
NSDL e-Governance Infrastructure Limited,Abhipra Capital Ltd,3343,1382
NSDL e-Governance Infrastructure Limited,Alankit Assignments Limited,2300,1773
NSDL e-Governance Infrastructure Limited,Atlas Documentary Facilitator,0,1
NSDL e-Governance Infrastructure Limited,INTEGRATED REGISTRY SERVICES,50,0
NSDL e-Governance Infrastructure Limited,Karvy Data Management Services,21589,5411
NSDL e-Governance Infrastructure Limited,Netlink software Pvt Ltd,4,0
NSDL e-Governance Infrastructure Limited,PROWIZ MANSYTEMS PVT LTD,7101,320
NSDL e-Governance Infrastructure Limited,RELIGARE SECURITIES LTD,0,1
NSDL e-Governance Infrastructure Limited,TEAM LIFE CARE COMPANY INDIA P,239,11
NSDL e-Governance Infrastructure Limited,Tera Software Ltd,0,1
NSDL e-Governance Infrastructure Limited,VIRGO SOFTECH LIMITED,3600,5
Oriental Bank of Commerce,DATASOFT COMPUTER SERVICES(P),996,1631
Oriental Bank of Commerce,Euro Finmart Ltd,8,1
Oriental Bank of Commerce,FINANCIAL INFORMATION NETWORK,350,39
Oriental Bank of Commerce,IL&FS LTD,20,499
Oriental Bank of Commerce,Sri Ramraja Sarkar Lok Kalyan Trust,1149,7
Oriental Bank of Commerce,The NSIC ltd,0,104
Oriental Bank of Commerce,Wipro Ltd,1348,1431
Others,Madras Security Printers Ltd,0,1
Punjab and Sind Bank,Matrix Processing House,0,220
RDD Govt of Tripura,Alankit Assignments Limited,0,3609
RDD Govt of Tripura,Madras Security Printers Ltd,0,9
Registrar General India - BEL,In Media Computer Services LLP,0,382
Registrar General India - BEL,Manipur Electronics Dev Corp,311,375
Registrar General India - BEL,Swathy Smartcards Hi-Tech Pvt,420,70
Registrar General India BEL2,Computer LAB,297,435
Registrar General India BEL2,India Computer Technology,17355,900
Registrar General India BEL2,Madras Security Printers Ltd,1275,2815
Registrar General India BEL2,Multiwave Innovation,1003,1759
Registrar General India BEL2,Netlink software Pvt Ltd,2,0
Registrar General India BEL2,Om Softwares,1607,2232
Registrar General India BEL2,SREEVEN INFOCOM LIMITED,0,298
Registrar General India BEL2,Swathy Smartcards Hi-Tech Pvt,42433,35185
Registrar General India BEL2,Swiss Tech India Pvt Ltd,155,5
Registrar General India BEL2,Tera Software Ltd,1779,10642
Registrar General India BEL2,VIRGO SOFTECH LIMITED,124,193
Registrar General India BEL2,Vansh Infotech Pvt Ltd,14,0
Registrar General India ECIL,Clairvoyance Technologies Pvt.,0,25486
Registrar General India ECIL,Computer LAB,14797,37406
Registrar General India ECIL,Eagle Software India Pvt. Ltd,6941,3614
Registrar General India ECIL,In Media Computer Services LLP,116,3514
Registrar General India ECIL,India Computer Technology,23,1164
Registrar General India ECIL,Krishna Infotech,176,4253
Registrar General India ECIL,Madras Security Printers Ltd,2972,2240
Registrar General India ECIL,Nielsen  India  Private Limited,39,0
Registrar General India ECIL,Pioneer E Labs limited,14,74858
Registrar General India ECIL,SWISSTECH NPR 57CR PROJECT PVT,3676,14756
Registrar General India ECIL,Tera Software Ltd,791,4
Registrar General India ECIL,Vedavaag Systems Limited,1189,798
Registrar General India Others,AVVAS INFOTECH PVT  LTD,128,0
Registrar General India Others,Alankit Assignments Limited,18,0
Registrar General India Others,COMTECH INSTITUTE OFTECHNOLOGY,11,4
Registrar General India Others,Clairvoyance Technologies Pvt.,0,1
Registrar General India Others,Computer LAB,0,13
Registrar General India Others,Eagle Software India Pvt. Ltd,1,0
Registrar General India Others,Emdee Digitronics Pvt.Ltd.,0,14
Registrar General India Others,In Media Computer Services LLP,3,5
Registrar General India Others,India Computer Technology,9,5
Registrar General India Others,Madras Security Printers Ltd,30,45
Registrar General India Others,Om Softwares,0,4
Registrar General India Others,Pioneer E Labs limited,0,5
Registrar General India Others,SREEVEN INFOCOM LIMITED,0,1
Registrar General India Others,SWISSTECH NPR 57CR PROJECT PVT,0,2
Registrar General India Others,Swathy Smartcards Hi-Tech Pvt,457,169
Registrar General India Others,Tera Software Ltd,1,0
Registrar General India Others,Vansh Infotech Pvt Ltd,1,0
Registrar General India Others,WEBEL TECHNOLOGY LIMITED,0,7
Registrar General of India ITI,CommunitiWorks Welfare Society,70,0
Registrar General of India ITI,Emdee Digitronics Pvt.Ltd.,6196,2051
Registrar General of India ITI,Madras Security Printers Ltd,0,2
Registrar General of India ITI,Multiwave Innovation,0,1780
Registrar General of India ITI,SREEVEN INFOCOM LIMITED,1245,656
Registrar General of India ITI,STRATEGIC OUTSOURCING SERVICE,609,0
Registrar General of India ITI,Swathy Smartcards Hi-Tech Pvt,83129,28804
Registrar General of India ITI,TechSmart India Pvt Ltd,60,486
Registrar General of India ITI,WEBEL TECHNOLOGY LIMITED,499,73
STATE BANK OF HYDERABAD,CSS TECHNERGY LIMITED,0,1288
STATE BANK OF HYDERABAD,Smart Chip Limited,0,10
STATE BANK OF PATIALA,CSS TECHNERGY LIMITED,0,470
State Bank of Bikaner & Jaipur,Multiwave Innovation,6165,1993
State Bank of India,4G IDENTITY SOLUTIONS,0,14676
State Bank of India,COMAT TECHNOLOGIES P LTD,0,163
State Bank of India,CSS TECHNERGY LIMITED,0,14647
State Bank of India,Delhi Integrated MMTS Ltd,0,582
State Bank of India,Eagle press pvt ltd,0,552
State Bank of India,IL&FS LTD,290,4428
State Bank of India,Smart Chip Limited,0,3996
State Bank of India,VIRGO SOFTECH LIMITED,3,1062
State Bank of Travancore,Tera Software Ltd,10,69
Syndicate Bank,Smart Chip Limited,0,273
UDD Govt of Jharkhand,Blue Circle Instrument,1097,456
UDD Govt of Jharkhand,IL&FS LTD,1,1541
UDD Govt of Jharkhand,MKS Enterprises,2483,1427
UDD Govt of Jharkhand,Smart ID,0,157
UDD Govt of Jharkhand,Systematic & Advance Const P L,2,336
UDD Govt of Jharkhand,Vayam technologies Ltd,8,0
UIDAI-Registrar,UIDAI-EA,48,8
UT Of Daman and Diu,Alankit Assignments Limited,222,185
UT Of Daman and Diu,Madras Security Printers Ltd,0,1
UT of Puducherry,Madras Security Printers Ltd,858,1100
Union Bank,4G IDENTITY SOLUTIONS,0,771
Union Bank,FINANCIAL INFORMATION NETWORK,8306,43
Union Bank,Smart Chip Limited,4441,1319
Union Bank,Vakrangee Softwares Limited,11859,42277
United Bank of India,Atyati Technologies Pvt Ltd,0,5
