Registrar,Enrolment Agency,Aadhaar generated,Enrolment Rejected
Allahabad Bank,IL&FS LTD,0,215
Allahabad Bank,Tera Software Ltd,1,276
Allahabad Bank,Vakrangee Softwares Limited,55457,277
Bank Of India,A3 Logics  India  Ltd,2275,2301
Bank Of India,Akanksha International,689,7
Bank Of India,CHESSY CONSULTANTS PVT LTD,2839,27
Bank Of India,DATASOFT COMPUTER SERVICES(P),1305,109
Bank Of India,Emdee Digitronics Pvt.Ltd.,38,7
Bank Of India,Frontech Systems Pvt Ltd,1312,189
Bank Of India,ITI LIMITED,21,67
Bank Of India,Integra Micro Systems Pvt.ltd,0,21
Bank Of India,MANTRA SOFTTECH (INDIA) PVTLTD,353,502
Bank Of India,Matrix Processing House,1727,225
Bank Of India,OPTIMIX CONSULTANCY PRIVATE LT,0,6
Bank Of India,OSWAL COMPUTERS & CONSULTANTS,1288,615
Bank Of India,PROTEX COMPUTER PVT LTD,525,58
Bank Of India,SARADA SYSTEMS,489,17
Bank Of India,SHRIKRISHNA KHANDASARI SUGAR M,1335,263
Bank Of India,SPANCO,848,56
Bank Of India,SREI INFRASTRUCTURE FINANCES L,47,164
Bank Of India,Silver Touch Technologies Ltd,1480,160
Bank Of India,Systematic & Advance Const P L,7774,124
Bank Of India,Tera Software Ltd,0,87
Bank Of India,VEETECHNOLOGIES PVT. LTD,2358,99
Bank Of India,Vakrangee Softwares Limited,12322,807
Bank of Baroda,4G IDENTITY SOLUTIONS,0,1
Bank of Baroda,DATASOFT COMPUTER SERVICES(P),0,1216
Bank of Baroda,IL&FS LTD,0,571
Bank of Baroda,TEAM LIFE CARE COMPANY INDIA P,5,460
Bank of Maharashtra,Alankit Assignments Limited,0,12
Bank of Maharashtra,Alankit Finsec Ltd,51,0
Bank of Maharashtra,Bartronics India Limited,0,2
Canara Bank,ITI LIMITED,0,13
Canara Bank,Rosmerta technoliges Limited,0,79
Canara Bank,Smart Chip Limited,0,43
Canara Bank,Swiss Tech India Pvt Ltd,0,50
Canara Bank,VIRGO SOFTECH LIMITED,0,4
Canara Bank,Vakrangee Softwares Limited,0,1
Central Bank of India,CALANCE SOFTWARE PRIVATE LTD,14082,1000
Central Bank of India,Frontech Systems Pvt Ltd,0,170
Central Bank of India,GSS Infotech Ltd,0,102
Central Bank of India,IAP COMPANY Pvt. Ltd,625,770
Central Bank of India,IL&FS LTD,0,1667
Central Bank of India,MANTRA SOFTTECH (INDIA) PVTLTD,52,664
Central Bank of India,SREI INFRASTRUCTURE FINANCES L,0,578
Central Bank of India,Smart ID,0,6
Central Bank of India,Tera Software Ltd,0,45
Central Bank of India,The Peerless General Finance,1376,108
Civil Supplies - A&N Islands,India Computer Technology,0,110
DENA BANK,ATISHAY INFOTECH PVT. LTD.,62,0
DENA BANK,DATASOFT COMPUTER SERVICES(P),105,2
Delhi - Central DC,Smart Chip Limited,48,431
Delhi - East DC,DATASOFT COMPUTER SERVICES(P),232,189
Delhi - East DC,IAP COMPANY Pvt. Ltd,0,9
Delhi - East DC,Tera Software Ltd,0,871
Delhi - ND DC,Smart Chip Limited,35,91
Delhi - NE DC,Alankit Assignments Limited,0,1641
Delhi - NE DC,Smart Chip Limited,866,362
Delhi - NE DC,Smart ID,0,179
Delhi - North DC,DATASOFT COMPUTER SERVICES(P),0,131
Delhi - North DC,Smart Chip Limited,16,691
Delhi SW DC,STRATEGIC OUTSOURCING SERVICE,0,1022
Delhi SW DC,VIRGO SOFTECH LIMITED,27,25
Delhi Urban Shelter Improvemen,Alankit Assignments Limited,0,76
Delhi Urban Shelter Improvemen,Matrix Processing House,0,125
Delhi Urban Shelter Improvemen,STRATEGIC OUTSOURCING SERVICE,0,478
Delhi Urban Shelter Improvemen,Smart Chip Limited,0,87
Delhi Urban Shelter Improvemen,Tera Software Ltd,0,500
Delhi- South DC,Karvy Computershare Private Li,2,2
Delhi- South DC,Smart Chip Limited,2,0
Delhi- South DC,Tera Software Ltd,0,1090
Delhi- South DC,eCentric solutions pvt ltd,0,661
Delhi- West DC,Matrix Processing House,0,1181
Delhi- West DC,Smart Chip Limited,7,0
Delhi- West DC,VIRGO SOFTECH LIMITED,437,359
Delhi-NW DC,Karvy Computershare Private Li,0,524
Delhi-NW DC,STRATEGIC OUTSOURCING SERVICE,0,1349
Dept of ITC Govt of Rajasthan,ATISHAY INFOTECH PVT. LTD.,12866,1544
Dept of ITC Govt of Rajasthan,AVVAS INFOTECH PVT  LTD,340,0
Dept of ITC Govt of Rajasthan,Alankit Finsec Ltd,4134,59
Dept of ITC Govt of Rajasthan,DATASOFT COMPUTER SERVICES(P),8862,763
Dept of ITC Govt of Rajasthan,GSS Infotech Ltd,0,289
Dept of ITC Govt of Rajasthan,TechSmart India Pvt Ltd,0,547
Dept of ITC Govt of Rajasthan,Transline Technologies P Ltd,282,18
Dept of ITC Govt of Rajasthan,Vakrangee Softwares Limited,3151,656
Dept of ITC Govt of Rajasthan,Vayam technologies Ltd,1147,28
FCR Govt of Haryana,Vakrangee Softwares Limited,2145,964
FCS Govt of Punjab,Alankit Assignments Limited,0,4641
FCS Govt of Punjab,Alankit Finsec Ltd,0,3270
FCS Govt of Punjab,Alankit Life Care Ltd,0,659
FCS Govt of Punjab,CSS TECHNERGY LIMITED,616,76
FCS Govt of Punjab,Delhi Integrated MMTS Ltd,0,2283
FCS Govt of Punjab,Diwakar Commercials Pvt Ltd,0,2038
FCS Govt of Punjab,Karvy Computershare Private Li,405,156
FCS Govt of Punjab,VIRGO SOFTECH LIMITED,0,750
FCS Govt of Punjab,VISESH INFOTECNICS LIMITED,0,178
FCS Govt of Punjab,Vayam technologies Ltd,4874,63
FCS Govt of Punjab,eCentric solutions pvt ltd,3800,120
Govt of Andhra Pradesh,Gouthami Educational Society,283,2251
Govt of Andhra Pradesh,GrapeSoft,1204,2177
Govt of Andhra Pradesh,IL&FS LTD,7,4802
Govt of Andhra Pradesh,INFRONICS SYSTEMS LTD,1729,4206
Govt of Andhra Pradesh,Madras Security Printers Ltd,0,8349
Govt of Andhra Pradesh,Mahaonline Limited,0,2
Govt of Andhra Pradesh,SPANCO,0,1
Govt of Andhra Pradesh,SREEVEN INFOCOM LIMITED,446,1180
Govt of Andhra Pradesh,Smart Chip Limited,0,973
Govt of Andhra Pradesh,TechSmart India Pvt Ltd,4,14244
Govt of Andhra Pradesh,Tera Software Ltd,4610,4884
Govt of Andhra Pradesh,eCentric solutions pvt ltd,59,4398
Govt of Chhattisgrah - FCSCP&L,4G IDENTITY SOLUTIONS,0,4
Govt of Goa,COMAT TECHNOLOGIES P LTD,1,70
Govt of Goa,MARS Telecom Systems Pvt Ltd,818,817
Govt of Goa,Tera Software Ltd,1,184
Govt of Gujarat,GSS Infotech Ltd,418,98
Govt of Gujarat,Karvy Computershare Private Li,369,76
Govt of Gujarat,Silver Touch Technologies Ltd,3457,242
Govt of Gujarat,Tera Software Ltd,240,69
Govt of Gujarat,Transline Technologies P Ltd,5,34
Govt of Gujarat,Vayam technologies Ltd,3059,276
Govt of Gujarat,eCentric solutions pvt ltd,1708,132
Govt of Himachal Pradesh,IL&FS LTD,0,575
Govt of Himachal Pradesh,Wipro Ltd,2069,1244
Govt of Himachal Pradesh,i-Grandee SoftwareTechnologies,510,454
Govt of Karnataka ,COMAT TECHNOLOGIES P LTD,1,2182
Govt of Karnataka ,GLODYNE TECHNOSERVE,0,3324
Govt of Karnataka ,Integra Micro Systems Pvt.ltd,0,728
Govt of Karnataka ,MARS Telecom Systems Pvt Ltd,79,1
Govt of Karnataka ,Ninestars Information Technologies Limited,641,123
Govt of Karnataka ,Origin ITFS Pvt Ltd,1730,5
Govt of Karnataka ,SREEVEN INFOCOM LIMITED,1196,59
Govt of Karnataka ,Tera Software Ltd,0,7561
Govt of Karnataka ,Wipro Ltd,1,3584
Govt of Kerala,Akshaya,4736,1728
Govt of Kerala,Keltron,717,622
Govt of Madhya Pradesh,Bharatiya Samruddhi Investment & Consulting Services Ltd.,0,5
Govt of Madhya Pradesh,IL&FS LTD,0,9
Govt of Madhya Pradesh,Tera Software Ltd,0,1
Govt of Madhya Pradesh,VIRGO SOFTECH LIMITED,0,8554
Govt of Madhya Pradesh,Wipro Ltd,0,1
Govt of Maharashtra,Alankit Assignments Limited,0,2238
Govt of Maharashtra,Alankit Finsec Ltd,25030,353
Govt of Maharashtra,COMAT TECHNOLOGIES P LTD,0,302
Govt of Maharashtra,Eagle press pvt ltd,246,213
Govt of Maharashtra,GLODYNE TECHNOSERVE,54,60
Govt of Maharashtra,GSS Infotech Ltd,0,1722
Govt of Maharashtra,Karvy Computershare Private Li,220,1921
Govt of Maharashtra,Mahaonline Limited,0,6584
Govt of Maharashtra,Netlink software Pvt Ltd,15,0
Govt of Maharashtra,Network for Information & Computer,6,0
Govt of Maharashtra,SPANCO,0,675
Govt of Maharashtra,STRATEGIC OUTSOURCING SERVICE,216,2901
Govt of Maharashtra,Silver Touch Technologies Ltd,1433,93
Govt of Maharashtra,Smart Chip Limited,0,202
Govt of Maharashtra,TEAM LIFE CARE COMPANY INDIA P,24,377
Govt of Maharashtra,TechSmart India Pvt Ltd,3191,133
Govt of Maharashtra,Tera Software Ltd,1,7656
Govt of Maharashtra,Transline Technologies P Ltd,2629,378
Govt of Maharashtra,Wep Solution India Limited,0,691
Govt of Maharashtra,Wipro Ltd,7976,8158
Govt of Sikkim - Dept of Econo,4G IDENTITY SOLUTIONS,0,226
Govt of Sikkim - Dept of Econo,Department of Economics Statistics  Monitoring and Evaluation DESME,280,4
Govt of Sikkim - Dept of Econo,Madras Security Printers Ltd,0,1
IDBI Bank ltd,ATISHAY INFOTECH PVT. LTD.,4281,108
IDBI Bank ltd,GSS Infotech Ltd,0,10
IDBI Bank ltd,Matrix Processing House,55,0
IDBI Bank ltd,Pioneer E Labs limited,0,29
IDBI Bank ltd,SREEVEN INFOCOM LIMITED,459,47
IDBI Bank ltd,UTI TECHNOLOGY SERVICES LIMITE,151,5
IGNOU,VIRGO SOFTECH LIMITED,0,66
IGNOU,Vakrangee Softwares Limited,0,65
Indian Bank,GSS Infotech Ltd,0,4
Indian Bank,i-Grandee SoftwareTechnologies,0,2
Indian Overseas Bank,Eagle Software India Pvt. Ltd,0,63
Indian Overseas Bank,Karvy Computershare Private Li,0,70
Indian Overseas Bank,Wipro Ltd,0,3
Indiapost,4G IDENTITY SOLUTIONS,0,2165
Indiapost,COMAT TECHNOLOGIES P LTD,0,236
Indiapost,CSS TECHNERGY LIMITED,0,5
Indiapost,Delhi Integrated MMTS Ltd,7709,909
Indiapost,Eagle press pvt ltd,0,299
Indiapost,GLODYNE TECHNOSERVE,10,32
Indiapost,GSS Infotech Ltd,0,363
Indiapost,IL&FS LTD,0,725
Indiapost,MARS Telecom Systems Pvt Ltd,55,6
Indiapost,Madras Security Printers Ltd,0,319
Indiapost,Smart Chip Limited,19,189
Indiapost,TEAM LIFE CARE COMPANY INDIA P,6244,2034
Indiapost,Tera Software Ltd,0,3
Indiapost,The NSIC ltd,0,359
Indiapost,The Peerless General Finance,0,91
Indiapost,UTI TECHNOLOGY SERVICES LIMITE,4,947
Indiapost,WEBEL,0,110
Indiapost,eCentric solutions pvt ltd,0,573
Information Technology & Communication Department,4G INFORMATICS,1222,1
Information Technology & Communication Department,BNR UDYOG LIMITED,7,0
Information Technology & Communication Department,Bloom Solutions Pvt Ltd,20,0
Information Technology & Communication Department,CSS TECHNERGY LIMITED,817,0
Information Technology & Communication Department,GDC Advertising Pvt. Limited,17,0
Information Technology & Communication Department,MARS Telecom Systems Pvt Ltd,4,2
Information Technology & Communication Department,SREEVEN INFOCOM LIMITED,167,2
Information Technology & Communication Department,Tera Software Ltd,191,373
Jammu and Kashmir Bank,COMTECH INSTITUTE OFTECHNOLOGY,0,8
Jharkhand,Alankit Assignments Limited,459,548
Jharkhand,Blue Circle Instrument,211,238
Jharkhand,GLODYNE TECHNOSERVE,0,2
Jharkhand,IL&FS LTD,0,263
Jharkhand,MKS Enterprises,1000,425
Jharkhand,Nevaeh Technology Pvt. Ltd.,83,163
Jharkhand,STRATEGIC OUTSOURCING SERVICE,1446,496
Jharkhand,Smart ID,0,88
Jharkhand,Systematic & Advance Const P L,20,657
Jharkhand,VISION COMPTECH INTEGRATOR LTD,3044,802
Jharkhand,Wipro Ltd,9326,3371
Life Insurance Corporation,ATISHAY INFOTECH PVT. LTD.,0,8
Life Insurance Corporation,C-SAASTRA SOLUTIONS PVT LTD,0,1
Life Insurance Corporation,COMAT TECHNOLOGIES P LTD,0,14
Life Insurance Corporation,DATASOFT COMPUTER SERVICES(P),0,23
Life Insurance Corporation,Emdee Digitronics Pvt.Ltd.,0,3
Life Insurance Corporation,LYRA  CONSULTANCY SERVICE,0,7
Life Insurance Corporation,MICROVIEWS INFOSYSTEMS PVT LTD,0,8
Life Insurance Corporation,PROTEX COMPUTER PVT LTD,0,4
Life Insurance Corporation,Smart ID,0,56
Life Insurance Corporation,eCentric solutions pvt ltd,0,46
Mission Convergence - GNCT Del,Alankit Assignments Limited,0,61
Mission Convergence - GNCT Del,IL&FS LTD,0,39
Mission Convergence - GNCT Del,Karvy Computershare Private Li,0,72
Mission Convergence - GNCT Del,Matrix Processing House,0,141
Mission Convergence - GNCT Del,STRATEGIC OUTSOURCING SERVICE,0,816
Mission Convergence - GNCT Del,Smart Chip Limited,1,133
Mission Convergence - GNCT Del,Tera Software Ltd,0,130
Mission Convergence - GNCT Del,eCentric solutions pvt ltd,0,277
NSDL e-Governance Infrastructure Limited,Abhipra Capital Ltd,193,833
NSDL e-Governance Infrastructure Limited,Alankit Assignments Limited,1318,1069
NSDL e-Governance Infrastructure Limited,INTEGRATED REGISTRY SERVICES,1,2
NSDL e-Governance Infrastructure Limited,Karvy Data Management Services,9399,3338
NSDL e-Governance Infrastructure Limited,PROWIZ MANSYTEMS PVT LTD,7985,305
NSDL e-Governance Infrastructure Limited,RELIGARE SECURITIES LTD,0,2
NSDL e-Governance Infrastructure Limited,TEAM LIFE CARE COMPANY INDIA P,403,11
NSDL e-Governance Infrastructure Limited,Tera Software Ltd,0,1
NSDL e-Governance Infrastructure Limited,VIRGO SOFTECH LIMITED,695,3
Oriental Bank of Commerce,DATASOFT COMPUTER SERVICES(P),1012,965
Oriental Bank of Commerce,FINANCIAL INFORMATION NETWORK,85,18
Oriental Bank of Commerce,IL&FS LTD,0,271
Oriental Bank of Commerce,Sri Ramraja Sarkar Lok Kalyan Trust,151,2
Oriental Bank of Commerce,The NSIC ltd,0,67
Oriental Bank of Commerce,Wipro Ltd,4982,887
Others,Abhipra Capital Ltd,0,1
Others,eCentric solutions pvt ltd,0,1
Punjab and Sind Bank,Matrix Processing House,0,96
RDD Govt of Tripura,Alankit Assignments Limited,0,2109
RDD Govt of Tripura,Madras Security Printers Ltd,0,9
Registrar General India - BEL,In Media Computer Services LLP,1,172
Registrar General India - BEL,Manipur Electronics Dev Corp,0,123
Registrar General India - BEL,Swathy Smartcards Hi-Tech Pvt,6,16
Registrar General India BEL2,Computer LAB,3304,5308
Registrar General India BEL2,India Computer Technology,18015,368
Registrar General India BEL2,Madras Security Printers Ltd,363,1326
Registrar General India BEL2,Multiwave Innovation,18,626
Registrar General India BEL2,Netlink software Pvt Ltd,1,0
Registrar General India BEL2,Om Softwares,17,1380
Registrar General India BEL2,SREEVEN INFOCOM LIMITED,0,97
Registrar General India BEL2,Swathy Smartcards Hi-Tech Pvt,20820,20456
Registrar General India BEL2,Swiss Tech India Pvt Ltd,1463,0
Registrar General India BEL2,Tera Software Ltd,2057,15998
Registrar General India BEL2,VIRGO SOFTECH LIMITED,1,110
Registrar General India ECIL,Clairvoyance Technologies Pvt.,0,13033
Registrar General India ECIL,Computer LAB,69056,13749
Registrar General India ECIL,Eagle Software India Pvt. Ltd,33910,13196
Registrar General India ECIL,In Media Computer Services LLP,228,1382
Registrar General India ECIL,India Computer Technology,12,904
Registrar General India ECIL,Krishna Infotech,51,2068
Registrar General India ECIL,Madras Security Printers Ltd,1069,387
Registrar General India ECIL,Pioneer E Labs limited,18,8343
Registrar General India ECIL,SWISSTECH NPR 57CR PROJECT PVT,1213,8636
Registrar General India ECIL,Tera Software Ltd,145,10
Registrar General India ECIL,Vedavaag Systems Limited,51,612
Registrar General India Others,AVVAS INFOTECH PVT  LTD,30,1
Registrar General India Others,Computer LAB,1,32
Registrar General India Others,Eagle Software India Pvt. Ltd,3,0
Registrar General India Others,Emdee Digitronics Pvt.Ltd.,0,4
Registrar General India Others,India Computer Technology,0,11
Registrar General India Others,Madras Security Printers Ltd,28,33
Registrar General India Others,Multiwave Innovation,0,1
Registrar General India Others,Om Softwares,1,3
Registrar General India Others,Pioneer E Labs limited,0,4
Registrar General India Others,SWISSTECH NPR 57CR PROJECT PVT,0,5
Registrar General India Others,Swathy Smartcards Hi-Tech Pvt,1,113
Registrar General India Others,TechSmart India Pvt Ltd,0,1
Registrar General India Others,Tera Software Ltd,5,0
Registrar General India Others,VIRGO SOFTECH LIMITED,0,1
Registrar General India Others,Vedavaag Systems Limited,0,1
Registrar General India Others,WEBEL TECHNOLOGY LIMITED,22,1
Registrar General of India ITI,Emdee Digitronics Pvt.Ltd.,264,2918
Registrar General of India ITI,Multiwave Innovation,0,1200
Registrar General of India ITI,SREEVEN INFOCOM LIMITED,252,52
Registrar General of India ITI,STRATEGIC OUTSOURCING SERVICE,41,0
Registrar General of India ITI,Swathy Smartcards Hi-Tech Pvt,437,27609
Registrar General of India ITI,TechSmart India Pvt Ltd,47,247
Registrar General of India ITI,WEBEL TECHNOLOGY LIMITED,843,38
STATE BANK OF HYDERABAD,CSS TECHNERGY LIMITED,0,801
STATE BANK OF HYDERABAD,Smart Chip Limited,0,9
STATE BANK OF PATIALA,CSS TECHNERGY LIMITED,3,292
State Bank of Bikaner & Jaipur,Multiwave Innovation,1399,1019
State Bank of India,4G IDENTITY SOLUTIONS,0,8918
State Bank of India,COMAT TECHNOLOGIES P LTD,0,121
State Bank of India,CSS TECHNERGY LIMITED,1,8690
State Bank of India,Delhi Integrated MMTS Ltd,0,304
State Bank of India,Eagle press pvt ltd,0,377
State Bank of India,GSS Infotech Ltd,0,1
State Bank of India,IL&FS LTD,0,2700
State Bank of India,Smart Chip Limited,0,2502
State Bank of India,VIRGO SOFTECH LIMITED,1,661
State Bank of Travancore,Tera Software Ltd,6,96
Syndicate Bank,Smart Chip Limited,0,165
UDD Govt of Jharkhand,Blue Circle Instrument,2074,314
UDD Govt of Jharkhand,IL&FS LTD,0,890
UDD Govt of Jharkhand,MKS Enterprises,2805,972
UDD Govt of Jharkhand,Smart ID,0,101
UDD Govt of Jharkhand,Systematic & Advance Const P L,2,201
UDD Govt of Jharkhand,Vayam technologies Ltd,3,0
UIDAI-Registrar,UIDAI-EA,53,5
UT Of Daman and Diu,Alankit Assignments Limited,162,108
UT of Puducherry,Madras Security Printers Ltd,38,667
Union Bank,4G IDENTITY SOLUTIONS,0,477
Union Bank,FINANCIAL INFORMATION NETWORK,16,1
Union Bank,Smart Chip Limited,8545,873
Union Bank,Vakrangee Softwares Limited,13208,25414
United Bank of India,Atyati Technologies Pvt Ltd,0,3
