Registrar,Enrolment Agency,Aadhaar generated,Enrolment Rejected
Allahabad Bank,IL&FS LTD,4,0
Allahabad Bank,Tera Software Ltd,2,77
Allahabad Bank,Vakrangee Softwares Limited,6307,965
Bank Of India,A3 Logics  India  Ltd,2401,586
Bank Of India,Akanksha International,1795,17
Bank Of India,Blue Circle Instrument,35,6
Bank Of India,CHESSY CONSULTANTS PVT LTD,2362,47
Bank Of India,DATASOFT COMPUTER SERVICES(P),48,22
Bank Of India,Emdee Digitronics Pvt.Ltd.,0,2
Bank Of India,Frontech Systems Pvt Ltd,2666,287
Bank Of India,ITI LIMITED,0,95
Bank Of India,MANTRA SOFTTECH (INDIA) PVTLTD,6670,110
Bank Of India,Matrix Processing House,2799,212
Bank Of India,OSWAL COMPUTERS & CONSULTANTS,14075,421
Bank Of India,PROTEX COMPUTER PVT LTD,828,48
Bank Of India,SARADA SYSTEMS,1085,18
Bank Of India,SHRIKRISHNA KHANDASARI SUGAR M,4828,1632
Bank Of India,SPANCO,2810,190
Bank Of India,SREI INFRASTRUCTURE FINANCES L,394,54
Bank Of India,Silver Touch Technologies Ltd,1159,331
Bank Of India,Systematic & Advance Const P L,8270,192
Bank Of India,VEETECHNOLOGIES PVT. LTD,332,118
Bank Of India,Vakrangee Softwares Limited,11455,1423
Bank of Baroda,DATASOFT COMPUTER SERVICES(P),1,0
Bank of Baroda,IL&FS LTD,3,0
Bank of Baroda,TEAM LIFE CARE COMPANY INDIA P,7,0
Bank of Maharashtra,Alankit Finsec Ltd,4,0
Bank of Maharashtra,FINANCIAL INFORMATION NETWORK,118,2
Bank of Maharashtra,Micro Technologies India Ltd,186,1
Central Bank of India,CALANCE SOFTWARE PRIVATE LTD,5721,435
Central Bank of India,IAP COMPANY Pvt. Ltd,3005,741
Central Bank of India,IL&FS LTD,27,16
Central Bank of India,MANTRA SOFTTECH (INDIA) PVTLTD,185,10
Central Bank of India,The Peerless General Finance,507,35
DENA BANK,ATISHAY INFOTECH PVT. LTD.,149,2
DENA BANK,DATASOFT COMPUTER SERVICES(P),379,60
Delhi - Central DC,Smart Chip Limited,117,68
Delhi - East DC,DATASOFT COMPUTER SERVICES(P),286,52
Delhi - East DC,Tera Software Ltd,0,30
Delhi - ND DC,Smart Chip Limited,156,23
Delhi - NE DC,Alankit Assignments Limited,2,24
Delhi - NE DC,Smart Chip Limited,201,489
Delhi - NE DC,Smart ID,0,3
Delhi - North DC,DATASOFT COMPUTER SERVICES(P),1,4
Delhi - North DC,Smart Chip Limited,450,36
Delhi SW DC,STRATEGIC OUTSOURCING SERVICE,0,13
Delhi SW DC,VIRGO SOFTECH LIMITED,9,274
Delhi Urban Shelter Improvemen,Alankit Assignments Limited,0,2
Delhi Urban Shelter Improvemen,Smart Chip Limited,0,2
Delhi Urban Shelter Improvemen,Tera Software Ltd,0,24
Delhi- South DC,Karvy Computershare Private Li,17,12
Delhi- South DC,Smart Chip Limited,10,8
Delhi- South DC,Tera Software Ltd,1,9
Delhi- South DC,eCentric solutions pvt ltd,0,2
Delhi- West DC,Matrix Processing House,1,2
Delhi- West DC,Smart Chip Limited,69,9
Delhi- West DC,VIRGO SOFTECH LIMITED,31,77
Delhi-NW DC,Karvy Computershare Private Li,0,46
Delhi-NW DC,STRATEGIC OUTSOURCING SERVICE,1,8
Dept of ITC Govt of Rajasthan,ATISHAY INFOTECH PVT. LTD.,803,508
Dept of ITC Govt of Rajasthan,AVVAS INFOTECH PVT  LTD,270,16
Dept of ITC Govt of Rajasthan,Alankit Finsec Ltd,751,227
Dept of ITC Govt of Rajasthan,DATASOFT COMPUTER SERVICES(P),5527,237
Dept of ITC Govt of Rajasthan,GSS Infotech Ltd,0,1
Dept of ITC Govt of Rajasthan,TechSmart India Pvt Ltd,0,1
Dept of ITC Govt of Rajasthan,Transline Technologies P Ltd,2087,227
Dept of ITC Govt of Rajasthan,Vakrangee Softwares Limited,7456,1681
Dept of ITC Govt of Rajasthan,Vayam technologies Ltd,35,123
FCR Govt of Haryana,Vakrangee Softwares Limited,3195,1468
FCS Govt of Punjab,Alankit Assignments Limited,0,4
FCS Govt of Punjab,Alankit Finsec Ltd,0,2
FCS Govt of Punjab,Alankit Life Care Ltd,0,1
FCS Govt of Punjab,CSS TECHNERGY LIMITED,805,111
FCS Govt of Punjab,Delhi Integrated MMTS Ltd,0,1
FCS Govt of Punjab,Diwakar Commercials Pvt Ltd,0,6
FCS Govt of Punjab,Karvy Computershare Private Li,4984,227
FCS Govt of Punjab,VIRGO SOFTECH LIMITED,1,2
FCS Govt of Punjab,Vayam technologies Ltd,8952,240
FCS Govt of Punjab,eCentric solutions pvt ltd,4069,247
Govt of Andhra Pradesh,Gouthami Educational Society,219,257
Govt of Andhra Pradesh,GrapeSoft,935,133
Govt of Andhra Pradesh,IL&FS LTD,7,4
Govt of Andhra Pradesh,INFRONICS SYSTEMS LTD,4716,1558
Govt of Andhra Pradesh,Madras Security Printers Ltd,1,14
Govt of Andhra Pradesh,SREEVEN INFOCOM LIMITED,3611,182
Govt of Andhra Pradesh,Smart Chip Limited,1,0
Govt of Andhra Pradesh,TechSmart India Pvt Ltd,366,86
Govt of Andhra Pradesh,Tera Software Ltd,999,174
Govt of Andhra Pradesh,eCentric solutions pvt ltd,1,6
Govt of Goa,COMAT TECHNOLOGIES P LTD,0,17
Govt of Goa,MARS Telecom Systems Pvt Ltd,903,694
Govt of Goa,Tera Software Ltd,16,19
Govt of Gujarat,GSS Infotech Ltd,5609,178
Govt of Gujarat,Karvy Computershare Private Li,9028,210
Govt of Gujarat,Silver Touch Technologies Ltd,1875,326
Govt of Gujarat,Tera Software Ltd,3544,130
Govt of Gujarat,Transline Technologies P Ltd,201,21
Govt of Gujarat,Vayam technologies Ltd,3076,447
Govt of Gujarat,eCentric solutions pvt ltd,241,75
Govt of Himachal Pradesh,IL&FS LTD,1,0
Govt of Himachal Pradesh,Wipro Ltd,4133,169
Govt of Himachal Pradesh,i-Grandee SoftwareTechnologies,2369,401
Govt of Karnataka ,COMAT TECHNOLOGIES P LTD,0,5
Govt of Karnataka ,GLODYNE TECHNOSERVE,7,1
Govt of Karnataka ,Integra Micro Systems Pvt.ltd,0,2
Govt of Karnataka ,MARS Telecom Systems Pvt Ltd,195,180
Govt of Karnataka ,Ninestars Information Technologies Limited,6071,754
Govt of Karnataka ,Origin ITFS Pvt Ltd,11693,76
Govt of Karnataka ,SREEVEN INFOCOM LIMITED,759,351
Govt of Karnataka ,Tera Software Ltd,4,0
Govt of Karnataka ,Wipro Ltd,1,0
Govt of Kerala,Akshaya,11225,3038
Govt of Kerala,Keltron,1517,5381
Govt of Madhya Pradesh,VIRGO SOFTECH LIMITED,11,93
Govt of Maharashtra,Alankit Assignments Limited,1,0
Govt of Maharashtra,Alankit Finsec Ltd,2471,599
Govt of Maharashtra,Eagle press pvt ltd,1004,82
Govt of Maharashtra,GLODYNE TECHNOSERVE,0,231
Govt of Maharashtra,Karvy Computershare Private Li,5088,1314
Govt of Maharashtra,Mahaonline Limited,0,2
Govt of Maharashtra,Netlink software Pvt Ltd,56,13
Govt of Maharashtra,Network for Information & Computer,28,12
Govt of Maharashtra,SHREERAM PRINTING PRESS,31,0
Govt of Maharashtra,STRATEGIC OUTSOURCING SERVICE,1420,342
Govt of Maharashtra,Silver Touch Technologies Ltd,3364,180
Govt of Maharashtra,Systematic & Advance Const P L,261,0
Govt of Maharashtra,TEAM LIFE CARE COMPANY INDIA P,13,2
Govt of Maharashtra,TechSmart India Pvt Ltd,8993,487
Govt of Maharashtra,Tera Software Ltd,1249,180
Govt of Maharashtra,Transline Technologies P Ltd,6388,579
Govt of Maharashtra,Wipro Ltd,43831,1116
Govt of Sikkim - Dept of Econo,Department of Economics Statistics  Monitoring and Evaluation DESME,118,1
IDBI Bank ltd,ATISHAY INFOTECH PVT. LTD.,363,149
IDBI Bank ltd,Matrix Processing House,236,6
IDBI Bank ltd,Pioneer E Labs limited,0,14
IDBI Bank ltd,SREEVEN INFOCOM LIMITED,5760,27
IDBI Bank ltd,UTI TECHNOLOGY SERVICES LIMITE,379,19
Indiapost,4G IDENTITY SOLUTIONS,0,9
Indiapost,Delhi Integrated MMTS Ltd,5753,276
Indiapost,GLODYNE TECHNOSERVE,9,27
Indiapost,IL&FS LTD,1,4
Indiapost,MARS Telecom Systems Pvt Ltd,152,20
Indiapost,Madras Security Printers Ltd,1,0
Indiapost,Smart Chip Limited,279,29
Indiapost,TEAM LIFE CARE COMPANY INDIA P,2809,301
Indiapost,The Peerless General Finance,0,1
Indiapost,UTI TECHNOLOGY SERVICES LIMITE,1,0
Indiapost,eCentric solutions pvt ltd,6,0
Information Technology & Communication Department,4G INFORMATICS,33,115
Information Technology & Communication Department,BNR UDYOG LIMITED,175,72
Information Technology & Communication Department,Bloom Solutions Pvt Ltd,346,85
Information Technology & Communication Department,CSS TECHNERGY LIMITED,1413,8
Information Technology & Communication Department,GDC Advertising Pvt. Limited,321,27
Information Technology & Communication Department,JYOTHI COMPUTER SERVICES,37,15
Information Technology & Communication Department,MARS Telecom Systems Pvt Ltd,492,59
Information Technology & Communication Department,SREEVEN INFOCOM LIMITED,203,60
Information Technology & Communication Department,Tera Software Ltd,93,0
Jharkhand,Alankit Assignments Limited,548,123
Jharkhand,Blue Circle Instrument,138,29
Jharkhand,Emdee Digitronics Pvt.Ltd.,759,199
Jharkhand,IL&FS LTD,2,3
Jharkhand,MKS Enterprises,115,83
Jharkhand,Nevaeh Technology Pvt. Ltd.,32,68
Jharkhand,STRATEGIC OUTSOURCING SERVICE,2857,277
Jharkhand,Systematic & Advance Const P L,2956,43
Jharkhand,VISION COMPTECH INTEGRATOR LTD,2375,225
Jharkhand,Wipro Ltd,9953,1191
Life Insurance Corporation,eCentric solutions pvt ltd,0,1
Mission Convergence - GNCT Del,Alankit Assignments Limited,0,2
Mission Convergence - GNCT Del,Karvy Computershare Private Li,14,36
Mission Convergence - GNCT Del,STRATEGIC OUTSOURCING SERVICE,0,12
Mission Convergence - GNCT Del,Smart Chip Limited,0,3
Mission Convergence - GNCT Del,Tera Software Ltd,0,6
Mission Convergence - GNCT Del,eCentric solutions pvt ltd,0,3
NSDL e-Governance Infrastructure Limited,Abhipra Capital Ltd,1062,242
NSDL e-Governance Infrastructure Limited,Alankit Assignments Limited,1582,221
NSDL e-Governance Infrastructure Limited,INTEGRATED REGISTRY SERVICES,5,0
NSDL e-Governance Infrastructure Limited,Karvy Data Management Services,1191,1026
NSDL e-Governance Infrastructure Limited,Netlink software Pvt Ltd,2,1
NSDL e-Governance Infrastructure Limited,PROWIZ MANSYTEMS PVT LTD,3712,315
NSDL e-Governance Infrastructure Limited,TEAM LIFE CARE COMPANY INDIA P,932,17
NSDL e-Governance Infrastructure Limited,VIRGO SOFTECH LIMITED,1031,37
Oriental Bank of Commerce,DATASOFT COMPUTER SERVICES(P),750,92
Oriental Bank of Commerce,Euro Finmart Ltd,59,0
Oriental Bank of Commerce,FINANCIAL INFORMATION NETWORK,946,45
Oriental Bank of Commerce,IL&FS LTD,11,0
Oriental Bank of Commerce,JNET Technologies Pvt.Ltd,5,0
Oriental Bank of Commerce,Redim Software Technologies Pvt Ltd,1,1
Oriental Bank of Commerce,Sri Ramraja Sarkar Lok Kalyan Trust,1150,38
Oriental Bank of Commerce,The NSIC ltd,0,1
Oriental Bank of Commerce,Wipro Ltd,643,120
RDD Govt of Tripura,Alankit Assignments Limited,0,8
Registrar General India - BEL,In Media Computer Services LLP,0,4
Registrar General India - BEL,Manipur Electronics Dev Corp,0,7
Registrar General India - BEL,Swathy Smartcards Hi-Tech Pvt,6,232
Registrar General India BEL2,Computer LAB,411,703
Registrar General India BEL2,India Computer Technology,5233,957
Registrar General India BEL2,Madras Security Printers Ltd,9515,1233
Registrar General India BEL2,Multiwave Innovation,991,404
Registrar General India BEL2,Netlink software Pvt Ltd,3,3
Registrar General India BEL2,Om Softwares,5,127
Registrar General India BEL2,SREEVEN INFOCOM LIMITED,0,345
Registrar General India BEL2,Swathy Smartcards Hi-Tech Pvt,14995,14058
Registrar General India BEL2,Swiss Tech India Pvt Ltd,8,17
Registrar General India BEL2,Tera Software Ltd,468,70305
Registrar General India BEL2,VIRGO SOFTECH LIMITED,1,151
Registrar General India ECIL,Clairvoyance Technologies Pvt.,69,3
Registrar General India ECIL,Computer LAB,6873,7549
Registrar General India ECIL,Eagle Software India Pvt. Ltd,1139,467
Registrar General India ECIL,In Media Computer Services LLP,11,862
Registrar General India ECIL,India Computer Technology,19,2458
Registrar General India ECIL,Krishna Infotech,4,961
Registrar General India ECIL,Madras Security Printers Ltd,2315,1165
Registrar General India ECIL,Nielsen  India  Private Limited,2,0
Registrar General India ECIL,Pioneer E Labs limited,1,268
Registrar General India ECIL,SWISSTECH NPR 57CR PROJECT PVT,206,7172
Registrar General India ECIL,Tera Software Ltd,106,22
Registrar General India ECIL,Vedavaag Systems Limited,19,3274
Registrar General India Others,AVVAS INFOTECH PVT  LTD,6,2
Registrar General India Others,Alankit Assignments Limited,2,0
Registrar General India Others,Computer LAB,18,2
Registrar General India Others,Eagle Software India Pvt. Ltd,1,0
Registrar General India Others,In Media Computer Services LLP,11,0
Registrar General India Others,India Computer Technology,0,1
Registrar General India Others,Madras Security Printers Ltd,4,6
Registrar General India Others,Nielsen  India  Private Limited,0,1
Registrar General India Others,STRATEGIC OUTSOURCING SERVICE,10,0
Registrar General India Others,SWISSTECH NPR 57CR PROJECT PVT,1,3
Registrar General India Others,Swathy Smartcards Hi-Tech Pvt,4,177
Registrar General India Others,Vansh Infotech Pvt Ltd,1,0
Registrar General India Others,WEBEL TECHNOLOGY LIMITED,13,0
Registrar General of India ITI,CommunitiWorks Welfare Society,0,4
Registrar General of India ITI,Emdee Digitronics Pvt.Ltd.,5719,3963
Registrar General of India ITI,Madras Security Printers Ltd,0,61
Registrar General of India ITI,Multiwave Innovation,0,208
Registrar General of India ITI,SREEVEN INFOCOM LIMITED,120,531
Registrar General of India ITI,STRATEGIC OUTSOURCING SERVICE,26,1
Registrar General of India ITI,Swathy Smartcards Hi-Tech Pvt,2655,93393
Registrar General of India ITI,TechSmart India Pvt Ltd,624,1948
Registrar General of India ITI,VIRGO SOFTECH LIMITED,0,1
Registrar General of India ITI,WEBEL TECHNOLOGY LIMITED,1387,387
STATE BANK OF HYDERABAD,CSS TECHNERGY LIMITED,0,5
STATE BANK OF PATIALA,CSS TECHNERGY LIMITED,0,3
State Bank of Bikaner & Jaipur,Multiwave Innovation,3565,1471
State Bank of India,4G IDENTITY SOLUTIONS,6,33
State Bank of India,CSS TECHNERGY LIMITED,7,13
State Bank of India,Delhi Integrated MMTS Ltd,1,16
State Bank of India,IL&FS LTD,147,11
State Bank of India,Smart Chip Limited,2,4
State Bank of India,VIRGO SOFTECH LIMITED,5,7
State Bank of Travancore,Tera Software Ltd,8,144
UDD Govt of Jharkhand,Blue Circle Instrument,1626,134
UDD Govt of Jharkhand,IL&FS LTD,0,1
UDD Govt of Jharkhand,MKS Enterprises,6667,536
UDD Govt of Jharkhand,Systematic & Advance Const P L,83,0
UDD Govt of Jharkhand,Vayam technologies Ltd,99,5
UIDAI-Registrar,UIDAI-EA,23,1
UT Of Daman and Diu,Alankit Assignments Limited,48,42
UT of Puducherry,Madras Security Printers Ltd,269,224
Union Bank,FINANCIAL INFORMATION NETWORK,1872,62
Union Bank,Smart Chip Limited,6578,1149
Union Bank,Vakrangee Softwares Limited,8824,1110
