Registrar,Enrolment Agency,Aadhaar generated,Enrolment Rejected
Allahabad Bank,IL&FS LTD,0,235
Allahabad Bank,Tera Software Ltd,0,242
Allahabad Bank,Vakrangee Softwares Limited,4460,238
Bank Of India,A3 Logics  India  Ltd,1349,2185
Bank Of India,Akanksha International,27,1
Bank Of India,CHESSY CONSULTANTS PVT LTD,75,12
Bank Of India,DATASOFT COMPUTER SERVICES(P),103,119
Bank Of India,Emdee Digitronics Pvt.Ltd.,0,9
Bank Of India,Frontech Systems Pvt Ltd,1097,198
Bank Of India,ITI LIMITED,1,170
Bank Of India,Integra Micro Systems Pvt.ltd,0,17
Bank Of India,MANTRA SOFTTECH (INDIA) PVTLTD,452,458
Bank Of India,Matrix Processing House,142,184
Bank Of India,OPTIMIX CONSULTANCY PRIVATE LT,0,6
Bank Of India,OSWAL COMPUTERS & CONSULTANTS,762,405
Bank Of India,PROTEX COMPUTER PVT LTD,91,67
Bank Of India,SARADA SYSTEMS,67,11
Bank Of India,SHRIKRISHNA KHANDASARI SUGAR M,1926,327
Bank Of India,SPANCO,601,41
Bank Of India,SREI INFRASTRUCTURE FINANCES L,79,156
Bank Of India,Silver Touch Technologies Ltd,482,98
Bank Of India,Systematic & Advance Const P L,451,159
Bank Of India,Tera Software Ltd,0,81
Bank Of India,VEETECHNOLOGIES PVT. LTD,247,93
Bank Of India,Vakrangee Softwares Limited,3101,973
Bank of Baroda,4G IDENTITY SOLUTIONS,0,1
Bank of Baroda,DATASOFT COMPUTER SERVICES(P),0,1167
Bank of Baroda,IL&FS LTD,0,523
Bank of Baroda,TEAM LIFE CARE COMPANY INDIA P,0,460
Bank of Maharashtra,Alankit Assignments Limited,0,18
Bank of Maharashtra,Bartronics India Limited,0,2
Canara Bank,ITI LIMITED,0,11
Canara Bank,Rosmerta technoliges Limited,0,62
Canara Bank,Smart Chip Limited,0,45
Canara Bank,Swiss Tech India Pvt Ltd,0,41
Canara Bank,VIRGO SOFTECH LIMITED,0,2
Central Bank of India,CALANCE SOFTWARE PRIVATE LTD,540,885
Central Bank of India,Frontech Systems Pvt Ltd,0,174
Central Bank of India,GSS Infotech Ltd,0,113
Central Bank of India,IAP COMPANY Pvt. Ltd,1734,798
Central Bank of India,IL&FS LTD,0,1560
Central Bank of India,MANTRA SOFTTECH (INDIA) PVTLTD,125,570
Central Bank of India,SREI INFRASTRUCTURE FINANCES L,0,574
Central Bank of India,Smart ID,0,10
Central Bank of India,Tera Software Ltd,0,36
Central Bank of India,The Peerless General Finance,65,91
Civil Supplies - A&N Islands,India Computer Technology,0,85
DENA BANK,ATISHAY INFOTECH PVT. LTD.,64,1
DENA BANK,DATASOFT COMPUTER SERVICES(P),475,11
Delhi - Central DC,Smart Chip Limited,21,420
Delhi - East DC,DATASOFT COMPUTER SERVICES(P),15,156
Delhi - East DC,IAP COMPANY Pvt. Ltd,0,9
Delhi - East DC,Tera Software Ltd,0,792
Delhi - ND DC,Smart Chip Limited,37,65
Delhi - NE DC,Alankit Assignments Limited,0,1586
Delhi - NE DC,Smart Chip Limited,20,10
Delhi - NE DC,Smart ID,0,139
Delhi - North DC,DATASOFT COMPUTER SERVICES(P),4,128
Delhi - North DC,Smart Chip Limited,15,660
Delhi SW DC,STRATEGIC OUTSOURCING SERVICE,0,991
Delhi SW DC,VIRGO SOFTECH LIMITED,17,4
Delhi Urban Shelter Improvemen,Alankit Assignments Limited,0,78
Delhi Urban Shelter Improvemen,Matrix Processing House,0,122
Delhi Urban Shelter Improvemen,STRATEGIC OUTSOURCING SERVICE,0,404
Delhi Urban Shelter Improvemen,Smart Chip Limited,0,83
Delhi Urban Shelter Improvemen,Tera Software Ltd,0,512
Delhi- South DC,Smart Chip Limited,3,0
Delhi- South DC,Tera Software Ltd,0,1014
Delhi- South DC,eCentric solutions pvt ltd,0,728
Delhi- West DC,Matrix Processing House,0,1212
Delhi- West DC,Smart Chip Limited,31,0
Delhi- West DC,VIRGO SOFTECH LIMITED,4,316
Delhi-NW DC,Karvy Computershare Private Li,0,526
Delhi-NW DC,STRATEGIC OUTSOURCING SERVICE,0,1208
Dept of ITC Govt of Rajasthan,ATISHAY INFOTECH PVT. LTD.,748,1213
Dept of ITC Govt of Rajasthan,Alankit Finsec Ltd,195,48
Dept of ITC Govt of Rajasthan,DATASOFT COMPUTER SERVICES(P),686,569
Dept of ITC Govt of Rajasthan,GSS Infotech Ltd,0,267
Dept of ITC Govt of Rajasthan,TechSmart India Pvt Ltd,0,441
Dept of ITC Govt of Rajasthan,Transline Technologies P Ltd,943,49
Dept of ITC Govt of Rajasthan,Vakrangee Softwares Limited,2079,745
Dept of ITC Govt of Rajasthan,Vayam technologies Ltd,15,6
FCR Govt of Haryana,Vakrangee Softwares Limited,2567,1093
FCS Govt of Punjab,Alankit Assignments Limited,0,4405
FCS Govt of Punjab,Alankit Finsec Ltd,0,3288
FCS Govt of Punjab,Alankit Life Care Ltd,0,637
FCS Govt of Punjab,CSS TECHNERGY LIMITED,2307,52
FCS Govt of Punjab,Delhi Integrated MMTS Ltd,0,2205
FCS Govt of Punjab,Diwakar Commercials Pvt Ltd,0,1929
FCS Govt of Punjab,Karvy Computershare Private Li,1119,142
FCS Govt of Punjab,VIRGO SOFTECH LIMITED,0,773
FCS Govt of Punjab,VISESH INFOTECNICS LIMITED,0,173
FCS Govt of Punjab,Vayam technologies Ltd,2955,49
FCS Govt of Punjab,eCentric solutions pvt ltd,479,86
Govt of Andhra Pradesh,Gouthami Educational Society,217,2321
Govt of Andhra Pradesh,GrapeSoft,223,2073
Govt of Andhra Pradesh,IL&FS LTD,0,4687
Govt of Andhra Pradesh,INFRONICS SYSTEMS LTD,2006,5640
Govt of Andhra Pradesh,Madras Security Printers Ltd,0,7957
Govt of Andhra Pradesh,Mahaonline Limited,0,4
Govt of Andhra Pradesh,SREEVEN INFOCOM LIMITED,332,1205
Govt of Andhra Pradesh,Smart Chip Limited,0,968
Govt of Andhra Pradesh,TechSmart India Pvt Ltd,2,13641
Govt of Andhra Pradesh,Tera Software Ltd,303,4038
Govt of Andhra Pradesh,eCentric solutions pvt ltd,0,4279
Govt of Chhattisgrah - FCSCP&L,4G IDENTITY SOLUTIONS,0,3
Govt of Goa,COMAT TECHNOLOGIES P LTD,0,86
Govt of Goa,MARS Telecom Systems Pvt Ltd,439,591
Govt of Goa,Tera Software Ltd,0,198
Govt of Gujarat,GSS Infotech Ltd,353,75
Govt of Gujarat,Karvy Computershare Private Li,1261,102
Govt of Gujarat,Silver Touch Technologies Ltd,555,174
Govt of Gujarat,Tera Software Ltd,8,176
Govt of Gujarat,Transline Technologies P Ltd,14,49
Govt of Gujarat,Vayam technologies Ltd,961,224
Govt of Gujarat,eCentric solutions pvt ltd,460,119
Govt of Himachal Pradesh,IL&FS LTD,0,587
Govt of Himachal Pradesh,Wipro Ltd,2855,1217
Govt of Himachal Pradesh,i-Grandee SoftwareTechnologies,2753,450
Govt of Karnataka ,COMAT TECHNOLOGIES P LTD,0,1905
Govt of Karnataka ,GLODYNE TECHNOSERVE,0,3202
Govt of Karnataka ,Integra Micro Systems Pvt.ltd,0,680
Govt of Karnataka ,MARS Telecom Systems Pvt Ltd,32,2
Govt of Karnataka ,Ninestars Information Technologies Limited,1635,77
Govt of Karnataka ,Origin ITFS Pvt Ltd,205,13
Govt of Karnataka ,SREEVEN INFOCOM LIMITED,355,17
Govt of Karnataka ,Tera Software Ltd,0,7394
Govt of Karnataka ,Wipro Ltd,0,3457
Govt of Kerala,Akshaya,4918,1944
Govt of Kerala,Keltron,541,632
Govt of Madhya Pradesh,Bharatiya Samruddhi Investment & Consulting Services Ltd.,0,4
Govt of Madhya Pradesh,IL&FS LTD,0,4
Govt of Madhya Pradesh,Tera Software Ltd,0,4
Govt of Madhya Pradesh,VIRGO SOFTECH LIMITED,0,9731
Govt of Maharashtra,Alankit Assignments Limited,0,2224
Govt of Maharashtra,Alankit Finsec Ltd,806,148
Govt of Maharashtra,COMAT TECHNOLOGIES P LTD,0,267
Govt of Maharashtra,Eagle press pvt ltd,143,229
Govt of Maharashtra,GLODYNE TECHNOSERVE,4,55
Govt of Maharashtra,GSS Infotech Ltd,0,1618
Govt of Maharashtra,Karvy Computershare Private Li,1514,1916
Govt of Maharashtra,Mahaonline Limited,0,6429
Govt of Maharashtra,Netlink software Pvt Ltd,98,14
Govt of Maharashtra,Network for Information & Computer,8,0
Govt of Maharashtra,SPANCO,0,630
Govt of Maharashtra,STRATEGIC OUTSOURCING SERVICE,411,2597
Govt of Maharashtra,Silver Touch Technologies Ltd,1365,109
Govt of Maharashtra,Smart Chip Limited,0,211
Govt of Maharashtra,TEAM LIFE CARE COMPANY INDIA P,24,348
Govt of Maharashtra,TechSmart India Pvt Ltd,22,586
Govt of Maharashtra,Tera Software Ltd,8,7313
Govt of Maharashtra,Transline Technologies P Ltd,6606,359
Govt of Maharashtra,Wep Solution India Limited,0,688
Govt of Maharashtra,Wipro Ltd,1786,7586
Govt of Sikkim - Dept of Econo,4G IDENTITY SOLUTIONS,0,231
Govt of Sikkim - Dept of Econo,Department of Economics Statistics  Monitoring and Evaluation DESME,4,4
Govt of Sikkim - Dept of Econo,Madras Security Printers Ltd,0,1
IDBI Bank ltd,ATISHAY INFOTECH PVT. LTD.,46,12
IDBI Bank ltd,GSS Infotech Ltd,0,8
IDBI Bank ltd,Matrix Processing House,30,1
IDBI Bank ltd,Pioneer E Labs limited,0,24
IDBI Bank ltd,SREEVEN INFOCOM LIMITED,755,51
IGNOU,VIRGO SOFTECH LIMITED,0,84
IGNOU,Vakrangee Softwares Limited,0,60
Indian Bank,GSS Infotech Ltd,0,11
Indian Bank,i-Grandee SoftwareTechnologies,0,7
Indian Overseas Bank,Eagle Software India Pvt. Ltd,0,68
Indian Overseas Bank,Karvy Computershare Private Li,0,79
Indiapost,4G IDENTITY SOLUTIONS,0,2122
Indiapost,COMAT TECHNOLOGIES P LTD,0,228
Indiapost,CSS TECHNERGY LIMITED,0,3
Indiapost,Delhi Integrated MMTS Ltd,673,859
Indiapost,Eagle press pvt ltd,0,298
Indiapost,GLODYNE TECHNOSERVE,0,24
Indiapost,GSS Infotech Ltd,0,307
Indiapost,IL&FS LTD,0,678
Indiapost,MARS Telecom Systems Pvt Ltd,152,0
Indiapost,Madras Security Printers Ltd,0,267
Indiapost,Smart Chip Limited,20,199
Indiapost,TEAM LIFE CARE COMPANY INDIA P,288,1961
Indiapost,Tera Software Ltd,0,2
Indiapost,The NSIC ltd,0,359
Indiapost,The Peerless General Finance,0,76
Indiapost,UTI TECHNOLOGY SERVICES LIMITE,0,877
Indiapost,WEBEL,0,112
Indiapost,eCentric solutions pvt ltd,0,559
Information Technology & Communication Department,4G INFORMATICS,274,4
Information Technology & Communication Department,BNR UDYOG LIMITED,96,1
Information Technology & Communication Department,Bloom Solutions Pvt Ltd,114,1
Information Technology & Communication Department,CSS TECHNERGY LIMITED,13,0
Information Technology & Communication Department,GDC Advertising Pvt. Limited,278,0
Information Technology & Communication Department,JYOTHI COMPUTER SERVICES,4,0
Information Technology & Communication Department,MARS Telecom Systems Pvt Ltd,2,0
Information Technology & Communication Department,SREEVEN INFOCOM LIMITED,40,0
Information Technology & Communication Department,Tera Software Ltd,4,0
Jammu and Kashmir Bank,COMTECH INSTITUTE OFTECHNOLOGY,0,9
Jharkhand,Alankit Assignments Limited,307,559
Jharkhand,Blue Circle Instrument,154,243
Jharkhand,Emdee Digitronics Pvt.Ltd.,10,7
Jharkhand,GLODYNE TECHNOSERVE,0,2
Jharkhand,IL&FS LTD,3,229
Jharkhand,MKS Enterprises,268,409
Jharkhand,Nevaeh Technology Pvt. Ltd.,490,219
Jharkhand,STRATEGIC OUTSOURCING SERVICE,485,565
Jharkhand,Smart ID,0,85
Jharkhand,Systematic & Advance Const P L,3,715
Jharkhand,VISION COMPTECH INTEGRATOR LTD,477,792
Jharkhand,Wipro Ltd,2085,3246
Life Insurance Corporation,ATISHAY INFOTECH PVT. LTD.,0,6
Life Insurance Corporation,C-SAASTRA SOLUTIONS PVT LTD,0,1
Life Insurance Corporation,COMAT TECHNOLOGIES P LTD,0,17
Life Insurance Corporation,DATASOFT COMPUTER SERVICES(P),0,14
Life Insurance Corporation,Emdee Digitronics Pvt.Ltd.,0,1
Life Insurance Corporation,LOHIA JUTE PRESS PVT LTD,0,2
Life Insurance Corporation,LYRA  CONSULTANCY SERVICE,0,11
Life Insurance Corporation,MICROVIEWS INFOSYSTEMS PVT LTD,0,10
Life Insurance Corporation,PROTEX COMPUTER PVT LTD,0,3
Life Insurance Corporation,Smart ID,0,59
Life Insurance Corporation,eCentric solutions pvt ltd,0,44
Mission Convergence - GNCT Del,Alankit Assignments Limited,0,56
Mission Convergence - GNCT Del,IL&FS LTD,0,47
Mission Convergence - GNCT Del,Karvy Computershare Private Li,0,63
Mission Convergence - GNCT Del,Matrix Processing House,0,138
Mission Convergence - GNCT Del,STRATEGIC OUTSOURCING SERVICE,0,744
Mission Convergence - GNCT Del,Smart Chip Limited,0,109
Mission Convergence - GNCT Del,Tera Software Ltd,0,132
Mission Convergence - GNCT Del,eCentric solutions pvt ltd,0,274
NSDL e-Governance Infrastructure Limited,Abhipra Capital Ltd,7580,790
NSDL e-Governance Infrastructure Limited,Alankit Assignments Limited,621,1026
NSDL e-Governance Infrastructure Limited,INTEGRATED REGISTRY SERVICES,2,0
NSDL e-Governance Infrastructure Limited,Karvy Data Management Services,5813,3112
NSDL e-Governance Infrastructure Limited,PROWIZ MANSYTEMS PVT LTD,2219,138
NSDL e-Governance Infrastructure Limited,RELIGARE SECURITIES LTD,0,1
NSDL e-Governance Infrastructure Limited,TEAM LIFE CARE COMPANY INDIA P,260,3
NSDL e-Governance Infrastructure Limited,VIRGO SOFTECH LIMITED,626,0
Oriental Bank of Commerce,DATASOFT COMPUTER SERVICES(P),405,920
Oriental Bank of Commerce,FINANCIAL INFORMATION NETWORK,15,15
Oriental Bank of Commerce,IL&FS LTD,0,289
Oriental Bank of Commerce,Redim Software Technologies Pvt Ltd,4,0
Oriental Bank of Commerce,Sri Ramraja Sarkar Lok Kalyan Trust,365,0
Oriental Bank of Commerce,The NSIC ltd,0,60
Oriental Bank of Commerce,Wipro Ltd,426,879
Others,Madras Security Printers Ltd,0,2
Punjab and Sind Bank,Matrix Processing House,0,124
RDD Govt of Tripura,Alankit Assignments Limited,0,1985
RDD Govt of Tripura,Madras Security Printers Ltd,0,4
Registrar General India - BEL,In Media Computer Services LLP,0,175
Registrar General India - BEL,Manipur Electronics Dev Corp,0,139
Registrar General India - BEL,Swathy Smartcards Hi-Tech Pvt,15,41
Registrar General India BEL2,Computer LAB,139,245
Registrar General India BEL2,India Computer Technology,1102,133
Registrar General India BEL2,Madras Security Printers Ltd,1396,2130
Registrar General India BEL2,Multiwave Innovation,0,1930
Registrar General India BEL2,Netlink software Pvt Ltd,15,0
Registrar General India BEL2,Om Softwares,45,1340
Registrar General India BEL2,SREEVEN INFOCOM LIMITED,0,111
Registrar General India BEL2,Swathy Smartcards Hi-Tech Pvt,28654,22767
Registrar General India BEL2,Swiss Tech India Pvt Ltd,24,5
Registrar General India BEL2,Tera Software Ltd,2522,15634
Registrar General India BEL2,VIRGO SOFTECH LIMITED,0,266
Registrar General India ECIL,Clairvoyance Technologies Pvt.,0,12129
Registrar General India ECIL,Computer LAB,5168,8699
Registrar General India ECIL,Eagle Software India Pvt. Ltd,7834,3402
Registrar General India ECIL,In Media Computer Services LLP,10,1512
Registrar General India ECIL,India Computer Technology,1,692
Registrar General India ECIL,Krishna Infotech,890,3985
Registrar General India ECIL,Madras Security Printers Ltd,1971,2572
Registrar General India ECIL,Pioneer E Labs limited,0,8111
Registrar General India ECIL,SWISSTECH NPR 57CR PROJECT PVT,17098,17544
Registrar General India ECIL,Tera Software Ltd,25,3
Registrar General India ECIL,Vedavaag Systems Limited,3316,2334
Registrar General India Others,AVVAS INFOTECH PVT  LTD,24,0
Registrar General India Others,Computer LAB,58,39
Registrar General India Others,Eagle Software India Pvt. Ltd,6,0
Registrar General India Others,Emdee Digitronics Pvt.Ltd.,0,5
Registrar General India Others,In Media Computer Services LLP,0,2
Registrar General India Others,India Computer Technology,0,3
Registrar General India Others,Madras Security Printers Ltd,1,29
Registrar General India Others,Om Softwares,0,5
Registrar General India Others,Pioneer E Labs limited,0,6
Registrar General India Others,SWISSTECH NPR 57CR PROJECT PVT,22,0
Registrar General India Others,Swathy Smartcards Hi-Tech Pvt,0,124
Registrar General India Others,TechSmart India Pvt Ltd,0,1
Registrar General India Others,WEBEL TECHNOLOGY LIMITED,4,8
Registrar General of India ITI,Emdee Digitronics Pvt.Ltd.,172,1645
Registrar General of India ITI,Multiwave Innovation,2,1146
Registrar General of India ITI,SREEVEN INFOCOM LIMITED,388,20
Registrar General of India ITI,STRATEGIC OUTSOURCING SERVICE,5,0
Registrar General of India ITI,Swathy Smartcards Hi-Tech Pvt,1085,34858
Registrar General of India ITI,TechSmart India Pvt Ltd,3,180
Registrar General of India ITI,WEBEL TECHNOLOGY LIMITED,21,61
STATE BANK OF HYDERABAD,CSS TECHNERGY LIMITED,0,770
STATE BANK OF HYDERABAD,Smart Chip Limited,0,2
STATE BANK OF PATIALA,CSS TECHNERGY LIMITED,0,248
State Bank of Bikaner & Jaipur,Multiwave Innovation,2007,1144
State Bank of India,4G IDENTITY SOLUTIONS,0,8561
State Bank of India,COMAT TECHNOLOGIES P LTD,0,96
State Bank of India,CSS TECHNERGY LIMITED,0,8607
State Bank of India,Delhi Integrated MMTS Ltd,0,328
State Bank of India,Eagle press pvt ltd,0,327
State Bank of India,IL&FS LTD,0,2569
State Bank of India,Smart Chip Limited,0,2241
State Bank of India,VIRGO SOFTECH LIMITED,0,626
State Bank of Travancore,Tera Software Ltd,0,60
Syndicate Bank,Smart Chip Limited,0,140
UDD Govt of Jharkhand,Blue Circle Instrument,380,294
UDD Govt of Jharkhand,IL&FS LTD,0,866
UDD Govt of Jharkhand,MKS Enterprises,1684,868
UDD Govt of Jharkhand,Smart ID,0,97
UDD Govt of Jharkhand,Systematic & Advance Const P L,0,181
UDD Govt of Jharkhand,Vayam technologies Ltd,1,0
UIDAI-Registrar,UIDAI-EA,6,4
UT Of Daman and Diu,Alankit Assignments Limited,2,87
UT Of Daman and Diu,Madras Security Printers Ltd,0,1
UT of Puducherry,Madras Security Printers Ltd,68,659
Union Bank,4G IDENTITY SOLUTIONS,0,428
Union Bank,FINANCIAL INFORMATION NETWORK,104,0
Union Bank,Smart Chip Limited,3976,825
Union Bank,Vakrangee Softwares Limited,2055,24537
United Bank of India,Atyati Technologies Pvt Ltd,0,4
