Registrar,Enrolment Agency,Aadhaar generated,Enrolment Rejected
Allahabad Bank,IL&FS LTD,0,76
Allahabad Bank,Tera Software Ltd,0,101
Allahabad Bank,Vakrangee Softwares Limited,676,74
Bank Of India,A3 Logics  India  Ltd,17118,1199
Bank Of India,Akanksha International,4,1
Bank Of India,Blue Circle Instrument,813,2
Bank Of India,CHESSY CONSULTANTS PVT LTD,4452,31
Bank Of India,DATASOFT COMPUTER SERVICES(P),161,104
Bank Of India,Emdee Digitronics Pvt.Ltd.,7,0
Bank Of India,Frontech Systems Pvt Ltd,9969,113
Bank Of India,ITI LIMITED,0,47
Bank Of India,Integra Micro Systems Pvt.ltd,0,3
Bank Of India,MANTRA SOFTTECH (INDIA) PVTLTD,78,225
Bank Of India,Matrix Processing House,424,84
Bank Of India,OPTIMIX CONSULTANCY PRIVATE LT,0,3
Bank Of India,OSWAL COMPUTERS & CONSULTANTS,299,166
Bank Of India,PROTEX COMPUTER PVT LTD,39,37
Bank Of India,SARADA SYSTEMS,8,5
Bank Of India,SHRIKRISHNA KHANDASARI SUGAR M,1704,125
Bank Of India,SPANCO,74,21
Bank Of India,SREI INFRASTRUCTURE FINANCES L,103,57
Bank Of India,Silver Touch Technologies Ltd,64,51
Bank Of India,Systematic & Advance Const P L,230,63
Bank Of India,Tera Software Ltd,0,29
Bank Of India,VEETECHNOLOGIES PVT. LTD,23,42
Bank Of India,Vakrangee Softwares Limited,764,462
Bank of Baroda,DATASOFT COMPUTER SERVICES(P),0,428
Bank of Baroda,IL&FS LTD,0,186
Bank of Baroda,TEAM LIFE CARE COMPANY INDIA P,0,152
Bank of Maharashtra,Alankit Assignments Limited,0,4
Bank of Maharashtra,Alankit Finsec Ltd,728,17
Bank of Maharashtra,Micro Technologies India Ltd,4,0
Canara Bank,ITI LIMITED,0,6
Canara Bank,Rosmerta technoliges Limited,0,24
Canara Bank,Smart Chip Limited,0,14
Canara Bank,Swiss Tech India Pvt Ltd,0,16
Canara Bank,VIRGO SOFTECH LIMITED,0,5
Central Bank of India,CALANCE SOFTWARE PRIVATE LTD,19618,534
Central Bank of India,Frontech Systems Pvt Ltd,0,69
Central Bank of India,GSS Infotech Ltd,0,37
Central Bank of India,IAP COMPANY Pvt. Ltd,1518,305
Central Bank of India,IL&FS LTD,0,595
Central Bank of India,Integra Micro Systems Pvt.ltd,0,1
Central Bank of India,MANTRA SOFTTECH (INDIA) PVTLTD,7,225
Central Bank of India,SREI INFRASTRUCTURE FINANCES L,0,215
Central Bank of India,Smart ID,0,3
Central Bank of India,Tera Software Ltd,0,19
Central Bank of India,The Peerless General Finance,34,35
Civil Supplies - A&N Islands,India Computer Technology,0,44
DENA BANK,ATISHAY INFOTECH PVT. LTD.,1037,9
DENA BANK,DATASOFT COMPUTER SERVICES(P),220,13
Delhi - Central DC,Smart Chip Limited,32,152
Delhi - East DC,DATASOFT COMPUTER SERVICES(P),13,72
Delhi - East DC,IAP COMPANY Pvt. Ltd,0,5
Delhi - East DC,Tera Software Ltd,0,289
Delhi - ND DC,Smart Chip Limited,6,39
Delhi - NE DC,Alankit Assignments Limited,0,583
Delhi - NE DC,Smart Chip Limited,0,6
Delhi - NE DC,Smart ID,0,51
Delhi - North DC,DATASOFT COMPUTER SERVICES(P),0,56
Delhi - North DC,Smart Chip Limited,90,235
Delhi SW DC,STRATEGIC OUTSOURCING SERVICE,0,422
Delhi SW DC,VIRGO SOFTECH LIMITED,0,12
Delhi Urban Shelter Improvemen,Alankit Assignments Limited,0,30
Delhi Urban Shelter Improvemen,Matrix Processing House,0,50
Delhi Urban Shelter Improvemen,STRATEGIC OUTSOURCING SERVICE,0,207
Delhi Urban Shelter Improvemen,Smart Chip Limited,0,29
Delhi Urban Shelter Improvemen,Tera Software Ltd,0,199
Delhi- South DC,Karvy Computershare Private Li,0,1
Delhi- South DC,Tera Software Ltd,0,377
Delhi- South DC,eCentric solutions pvt ltd,0,260
Delhi- West DC,Matrix Processing House,0,434
Delhi- West DC,VIRGO SOFTECH LIMITED,7,118
Delhi-NW DC,Karvy Computershare Private Li,0,182
Delhi-NW DC,STRATEGIC OUTSOURCING SERVICE,0,470
Dept of ITC Govt of Rajasthan,ATISHAY INFOTECH PVT. LTD.,18646,1141
Dept of ITC Govt of Rajasthan,AVVAS INFOTECH PVT  LTD,2658,1
Dept of ITC Govt of Rajasthan,Alankit Finsec Ltd,8491,110
Dept of ITC Govt of Rajasthan,DATASOFT COMPUTER SERVICES(P),592,563
Dept of ITC Govt of Rajasthan,GSS Infotech Ltd,0,96
Dept of ITC Govt of Rajasthan,TechSmart India Pvt Ltd,0,187
Dept of ITC Govt of Rajasthan,Transline Technologies P Ltd,32,11
Dept of ITC Govt of Rajasthan,Vakrangee Softwares Limited,283,239
Dept of ITC Govt of Rajasthan,Vayam technologies Ltd,6,3
FCR Govt of Haryana,Vakrangee Softwares Limited,402,406
FCS Govt of Punjab,Alankit Assignments Limited,0,1671
FCS Govt of Punjab,Alankit Finsec Ltd,0,1180
FCS Govt of Punjab,Alankit Life Care Ltd,0,251
FCS Govt of Punjab,CSS TECHNERGY LIMITED,1068,41
FCS Govt of Punjab,Delhi Integrated MMTS Ltd,0,799
FCS Govt of Punjab,Diwakar Commercials Pvt Ltd,0,755
FCS Govt of Punjab,Karvy Computershare Private Li,228,61
FCS Govt of Punjab,VIRGO SOFTECH LIMITED,1,266
FCS Govt of Punjab,VISESH INFOTECNICS LIMITED,0,69
FCS Govt of Punjab,Vayam technologies Ltd,16,24
FCS Govt of Punjab,eCentric solutions pvt ltd,153,82
Govt of Andhra Pradesh,Gouthami Educational Society,160,843
Govt of Andhra Pradesh,GrapeSoft,2814,786
Govt of Andhra Pradesh,IL&FS LTD,0,1661
Govt of Andhra Pradesh,INFRONICS SYSTEMS LTD,4117,2294
Govt of Andhra Pradesh,Madras Security Printers Ltd,0,3041
Govt of Andhra Pradesh,Mahaonline Limited,0,1
Govt of Andhra Pradesh,SREEVEN INFOCOM LIMITED,91,461
Govt of Andhra Pradesh,Smart Chip Limited,0,334
Govt of Andhra Pradesh,TechSmart India Pvt Ltd,254,5034
Govt of Andhra Pradesh,Tera Software Ltd,16,1506
Govt of Andhra Pradesh,eCentric solutions pvt ltd,0,1606
Govt of Chhattisgrah - FCSCP&L,4G IDENTITY SOLUTIONS,0,1
Govt of Goa,COMAT TECHNOLOGIES P LTD,0,31
Govt of Goa,MARS Telecom Systems Pvt Ltd,410,400
Govt of Goa,Tera Software Ltd,0,66
Govt of Gujarat,GSS Infotech Ltd,1079,40
Govt of Gujarat,Karvy Computershare Private Li,892,47
Govt of Gujarat,Silver Touch Technologies Ltd,244,87
Govt of Gujarat,Tera Software Ltd,78,50
Govt of Gujarat,Transline Technologies P Ltd,0,17
Govt of Gujarat,Vayam technologies Ltd,31,68
Govt of Gujarat,eCentric solutions pvt ltd,161,240
Govt of Himachal Pradesh,IL&FS LTD,0,213
Govt of Himachal Pradesh,Wipro Ltd,128,427
Govt of Himachal Pradesh,i-Grandee SoftwareTechnologies,565,154
Govt of Karnataka ,COMAT TECHNOLOGIES P LTD,0,763
Govt of Karnataka ,GLODYNE TECHNOSERVE,0,1214
Govt of Karnataka ,Integra Micro Systems Pvt.ltd,0,272
Govt of Karnataka ,MARS Telecom Systems Pvt Ltd,792,0
Govt of Karnataka ,Ninestars Information Technologies Limited,168,7
Govt of Karnataka ,Origin ITFS Pvt Ltd,374,13
Govt of Karnataka ,SREEVEN INFOCOM LIMITED,323,4
Govt of Karnataka ,Tera Software Ltd,0,2650
Govt of Karnataka ,Wipro Ltd,0,1273
Govt of Kerala,Akshaya,784,835
Govt of Kerala,Keltron,12,307
Govt of Madhya Pradesh,Bharatiya Samruddhi Investment & Consulting Services Ltd.,0,2
Govt of Madhya Pradesh,IL&FS LTD,0,1
Govt of Madhya Pradesh,VIRGO SOFTECH LIMITED,43,3050
Govt of Maharashtra,Alankit Assignments Limited,0,837
Govt of Maharashtra,Alankit Finsec Ltd,19201,325
Govt of Maharashtra,COMAT TECHNOLOGIES P LTD,0,107
Govt of Maharashtra,Eagle press pvt ltd,14,84
Govt of Maharashtra,GLODYNE TECHNOSERVE,0,46
Govt of Maharashtra,GSS Infotech Ltd,0,614
Govt of Maharashtra,Karvy Computershare Private Li,8181,847
Govt of Maharashtra,Mahaonline Limited,0,2336
Govt of Maharashtra,Netlink software Pvt Ltd,1,0
Govt of Maharashtra,Network for Information & Computer,34,0
Govt of Maharashtra,SPANCO,0,242
Govt of Maharashtra,STRATEGIC OUTSOURCING SERVICE,514,1171
Govt of Maharashtra,Silver Touch Technologies Ltd,10,35
Govt of Maharashtra,Smart Chip Limited,0,77
Govt of Maharashtra,TEAM LIFE CARE COMPANY INDIA P,38,141
Govt of Maharashtra,TechSmart India Pvt Ltd,5746,267
Govt of Maharashtra,Tera Software Ltd,0,2753
Govt of Maharashtra,Transline Technologies P Ltd,185,120
Govt of Maharashtra,Wep Solution India Limited,0,259
Govt of Maharashtra,Wipro Ltd,115,2949
Govt of Sikkim - Dept of Econo,4G IDENTITY SOLUTIONS,0,102
Govt of Sikkim - Dept of Econo,Department of Economics Statistics  Monitoring and Evaluation DESME,748,13
IDBI Bank ltd,ATISHAY INFOTECH PVT. LTD.,4825,129
IDBI Bank ltd,GSS Infotech Ltd,0,2
IDBI Bank ltd,Matrix Processing House,23,0
IDBI Bank ltd,Pioneer E Labs limited,0,15
IDBI Bank ltd,SREEVEN INFOCOM LIMITED,1431,20
IDBI Bank ltd,UTI TECHNOLOGY SERVICES LIMITE,0,1
IGNOU,VIRGO SOFTECH LIMITED,0,29
IGNOU,Vakrangee Softwares Limited,0,18
Indian Bank,GSS Infotech Ltd,0,2
Indian Overseas Bank,Eagle Software India Pvt. Ltd,0,31
Indian Overseas Bank,Karvy Computershare Private Li,0,32
Indian Overseas Bank,Wipro Ltd,0,1
Indiapost,4G IDENTITY SOLUTIONS,2,778
Indiapost,COMAT TECHNOLOGIES P LTD,0,110
Indiapost,CSS TECHNERGY LIMITED,0,6
Indiapost,Delhi Integrated MMTS Ltd,1539,475
Indiapost,Eagle press pvt ltd,0,89
Indiapost,GLODYNE TECHNOSERVE,11,21
Indiapost,GSS Infotech Ltd,0,121
Indiapost,IL&FS LTD,0,264
Indiapost,MARS Telecom Systems Pvt Ltd,88,1
Indiapost,Madras Security Printers Ltd,0,94
Indiapost,Smart Chip Limited,65,88
Indiapost,TEAM LIFE CARE COMPANY INDIA P,92,780
Indiapost,The NSIC ltd,0,118
Indiapost,The Peerless General Finance,0,28
Indiapost,UTI TECHNOLOGY SERVICES LIMITE,0,320
Indiapost,WEBEL,0,26
Indiapost,eCentric solutions pvt ltd,0,196
Information Technology & Communication Department,4G INFORMATICS,768,8
Information Technology & Communication Department,Bloom Solutions Pvt Ltd,78,0
Information Technology & Communication Department,CSS TECHNERGY LIMITED,480,1
Information Technology & Communication Department,JYOTHI COMPUTER SERVICES,1,0
Information Technology & Communication Department,MARS Telecom Systems Pvt Ltd,167,5
Information Technology & Communication Department,SREEVEN INFOCOM LIMITED,13,0
Information Technology & Communication Department,Tera Software Ltd,5,0
Jammu and Kashmir Bank,COMTECH INSTITUTE OFTECHNOLOGY,0,4
Jharkhand,Alankit Assignments Limited,7167,272
Jharkhand,Blue Circle Instrument,193,76
Jharkhand,Emdee Digitronics Pvt.Ltd.,11,1
Jharkhand,IL&FS LTD,0,81
Jharkhand,MKS Enterprises,139,154
Jharkhand,Nevaeh Technology Pvt. Ltd.,69,71
Jharkhand,STRATEGIC OUTSOURCING SERVICE,470,267
Jharkhand,Smart ID,0,34
Jharkhand,Systematic & Advance Const P L,0,259
Jharkhand,VISION COMPTECH INTEGRATOR LTD,17,278
Jharkhand,Wipro Ltd,57,1530
Life Insurance Corporation,ATISHAY INFOTECH PVT. LTD.,0,3
Life Insurance Corporation,COMAT TECHNOLOGIES P LTD,0,5
Life Insurance Corporation,DATASOFT COMPUTER SERVICES(P),0,10
Life Insurance Corporation,LOHIA JUTE PRESS PVT LTD,0,2
Life Insurance Corporation,LYRA  CONSULTANCY SERVICE,0,3
Life Insurance Corporation,MICROVIEWS INFOSYSTEMS PVT LTD,0,3
Life Insurance Corporation,PROTEX COMPUTER PVT LTD,0,2
Life Insurance Corporation,Smart ID,0,20
Life Insurance Corporation,eCentric solutions pvt ltd,0,14
Mission Convergence - GNCT Del,Alankit Assignments Limited,0,24
Mission Convergence - GNCT Del,IL&FS LTD,0,28
Mission Convergence - GNCT Del,Karvy Computershare Private Li,0,20
Mission Convergence - GNCT Del,Matrix Processing House,0,49
Mission Convergence - GNCT Del,STRATEGIC OUTSOURCING SERVICE,0,253
Mission Convergence - GNCT Del,Smart Chip Limited,0,58
Mission Convergence - GNCT Del,Tera Software Ltd,0,61
Mission Convergence - GNCT Del,eCentric solutions pvt ltd,0,87
NSDL e-Governance Infrastructure Limited,Abhipra Capital Ltd,5,322
NSDL e-Governance Infrastructure Limited,Alankit Assignments Limited,10728,538
NSDL e-Governance Infrastructure Limited,INTEGRATED REGISTRY SERVICES,0,1
NSDL e-Governance Infrastructure Limited,Karvy Data Management Services,669,1195
NSDL e-Governance Infrastructure Limited,PROWIZ MANSYTEMS PVT LTD,137,69
NSDL e-Governance Infrastructure Limited,TEAM LIFE CARE COMPANY INDIA P,295,1
NSDL e-Governance Infrastructure Limited,VIRGO SOFTECH LIMITED,170,0
Oriental Bank of Commerce,DATASOFT COMPUTER SERVICES(P),1198,417
Oriental Bank of Commerce,FINANCIAL INFORMATION NETWORK,92,10
Oriental Bank of Commerce,IL&FS LTD,8,109
Oriental Bank of Commerce,Sri Ramraja Sarkar Lok Kalyan Trust,217,0
Oriental Bank of Commerce,The NSIC ltd,0,21
Oriental Bank of Commerce,Wipro Ltd,68,312
Others,GSS Infotech Ltd,0,1
Punjab and Sind Bank,Matrix Processing House,0,48
RDD Govt of Tripura,Alankit Assignments Limited,0,803
RDD Govt of Tripura,Madras Security Printers Ltd,0,2
Registrar General India - BEL,In Media Computer Services LLP,0,53
Registrar General India - BEL,Manipur Electronics Dev Corp,0,41
Registrar General India - BEL,Swathy Smartcards Hi-Tech Pvt,5,99
Registrar General India BEL2,Computer LAB,38,649
Registrar General India BEL2,India Computer Technology,1496,61
Registrar General India BEL2,Madras Security Printers Ltd,82,522
Registrar General India BEL2,Multiwave Innovation,21,493
Registrar General India BEL2,Om Softwares,0,468
Registrar General India BEL2,SREEVEN INFOCOM LIMITED,0,36
Registrar General India BEL2,Swathy Smartcards Hi-Tech Pvt,13760,8216
Registrar General India BEL2,Swiss Tech India Pvt Ltd,97,0
Registrar General India BEL2,Tera Software Ltd,886,10637
Registrar General India BEL2,VIRGO SOFTECH LIMITED,8,38
Registrar General India ECIL,Clairvoyance Technologies Pvt.,0,4573
Registrar General India ECIL,Computer LAB,52442,5486
Registrar General India ECIL,Eagle Software India Pvt. Ltd,562,3207
Registrar General India ECIL,In Media Computer Services LLP,5,974
Registrar General India ECIL,India Computer Technology,0,769
Registrar General India ECIL,Krishna Infotech,0,1174
Registrar General India ECIL,Madras Security Printers Ltd,154,948
Registrar General India ECIL,Pioneer E Labs limited,5,2881
Registrar General India ECIL,SWISSTECH NPR 57CR PROJECT PVT,2,4360
Registrar General India ECIL,Tera Software Ltd,26,0
Registrar General India ECIL,Vedavaag Systems Limited,1,1200
Registrar General India Others,AVVAS INFOTECH PVT  LTD,125,0
Registrar General India Others,COMTECH INSTITUTE OFTECHNOLOGY,237,7
Registrar General India Others,Computer LAB,17,9
Registrar General India Others,Eagle Software India Pvt. Ltd,2,0
Registrar General India Others,Emdee Digitronics Pvt.Ltd.,14,11
Registrar General India Others,India Computer Technology,1,3
Registrar General India Others,Madras Security Printers Ltd,119,26
Registrar General India Others,Pioneer E Labs limited,0,1
Registrar General India Others,SWISSTECH NPR 57CR PROJECT PVT,0,1
Registrar General India Others,Swathy Smartcards Hi-Tech Pvt,91,47
Registrar General India Others,WEBEL TECHNOLOGY LIMITED,0,1
Registrar General of India ITI,Emdee Digitronics Pvt.Ltd.,57,1265
Registrar General of India ITI,Madras Security Printers Ltd,0,1
Registrar General of India ITI,Multiwave Innovation,1,521
Registrar General of India ITI,SREEVEN INFOCOM LIMITED,617,9
Registrar General of India ITI,STRATEGIC OUTSOURCING SERVICE,48,0
Registrar General of India ITI,Swathy Smartcards Hi-Tech Pvt,4879,22066
Registrar General of India ITI,TechSmart India Pvt Ltd,24,469
Registrar General of India ITI,WEBEL TECHNOLOGY LIMITED,4,57
STATE BANK OF HYDERABAD,CSS TECHNERGY LIMITED,0,298
STATE BANK OF HYDERABAD,Smart Chip Limited,0,4
STATE BANK OF PATIALA,CSS TECHNERGY LIMITED,0,102
State Bank of Bikaner & Jaipur,Multiwave Innovation,1192,361
State Bank of India,4G IDENTITY SOLUTIONS,3,3211
State Bank of India,COMAT TECHNOLOGIES P LTD,0,48
State Bank of India,CSS TECHNERGY LIMITED,0,3212
State Bank of India,Delhi Integrated MMTS Ltd,0,123
State Bank of India,Eagle press pvt ltd,0,138
State Bank of India,IL&FS LTD,0,918
State Bank of India,Smart Chip Limited,0,906
State Bank of India,VIRGO SOFTECH LIMITED,0,237
State Bank of Travancore,Tera Software Ltd,0,57
Syndicate Bank,Smart Chip Limited,0,59
UDD Govt of Jharkhand,Blue Circle Instrument,2451,124
UDD Govt of Jharkhand,IL&FS LTD,0,339
UDD Govt of Jharkhand,MKS Enterprises,700,357
UDD Govt of Jharkhand,Smart ID,0,40
UDD Govt of Jharkhand,Systematic & Advance Const P L,0,86
UIDAI-Registrar,UIDAI-EA,157,1
UT Of Daman and Diu,Alankit Assignments Limited,1797,68
UT of Puducherry,Madras Security Printers Ltd,64,222
Union Bank,4G IDENTITY SOLUTIONS,0,154
Union Bank,FINANCIAL INFORMATION NETWORK,329,0
Union Bank,Smart Chip Limited,938,432
Union Bank,Vakrangee Softwares Limited,660,9255
United Bank of India,Atyati Technologies Pvt Ltd,0,1
