Registrar,Enrolment Agency,Aadhaar generated,Enrolment Rejected
Allahabad Bank,IL&FS LTD,0,303
Allahabad Bank,Tera Software Ltd,1,388
Allahabad Bank,Vakrangee Softwares Limited,1715,288
Bank Of India,A3 Logics  India  Ltd,1204,3220
Bank Of India,Akanksha International,157,46
Bank Of India,CHESSY CONSULTANTS PVT LTD,402,29
Bank Of India,DATASOFT COMPUTER SERVICES(P),178,154
Bank Of India,Emdee Digitronics Pvt.Ltd.,0,6
Bank Of India,Frontech Systems Pvt Ltd,480,191
Bank Of India,ITI LIMITED,2,104
Bank Of India,Integra Micro Systems Pvt.ltd,0,25
Bank Of India,MANTRA SOFTTECH (INDIA) PVTLTD,50,700
Bank Of India,Matrix Processing House,551,270
Bank Of India,OPTIMIX CONSULTANCY PRIVATE LT,0,5
Bank Of India,OSWAL COMPUTERS & CONSULTANTS,645,584
Bank Of India,PROTEX COMPUTER PVT LTD,77,86
Bank Of India,SARADA SYSTEMS,61,11
Bank Of India,SHRIKRISHNA KHANDASARI SUGAR M,709,371
Bank Of India,SPANCO,149,53
Bank Of India,SREI INFRASTRUCTURE FINANCES L,62,234
Bank Of India,Silver Touch Technologies Ltd,379,212
Bank Of India,Systematic & Advance Const P L,667,232
Bank Of India,Tera Software Ltd,0,124
Bank Of India,VEETECHNOLOGIES PVT. LTD,279,135
Bank Of India,Vakrangee Softwares Limited,1288,1456
Bank of Baroda,DATASOFT COMPUTER SERVICES(P),0,1651
Bank of Baroda,IL&FS LTD,0,789
Bank of Baroda,TEAM LIFE CARE COMPANY INDIA P,0,668
Bank of Maharashtra,Alankit Assignments Limited,0,13
Bank of Maharashtra,Alankit Finsec Ltd,2,7
Bank of Maharashtra,Bartronics India Limited,0,1
Bank of Maharashtra,Micro Technologies India Ltd,10,0
Canara Bank,ITI LIMITED,0,22
Canara Bank,Rosmerta technoliges Limited,0,90
Canara Bank,Smart Chip Limited,0,55
Canara Bank,Swiss Tech India Pvt Ltd,0,69
Canara Bank,VIRGO SOFTECH LIMITED,0,5
Canara Bank,Vakrangee Softwares Limited,0,1
Central Bank of India,CALANCE SOFTWARE PRIVATE LTD,1752,1321
Central Bank of India,Frontech Systems Pvt Ltd,0,269
Central Bank of India,GSS Infotech Ltd,0,156
Central Bank of India,IAP COMPANY Pvt. Ltd,473,1037
Central Bank of India,IL&FS LTD,0,2166
Central Bank of India,Integra Micro Systems Pvt.ltd,0,3
Central Bank of India,MANTRA SOFTTECH (INDIA) PVTLTD,4,940
Central Bank of India,SREI INFRASTRUCTURE FINANCES L,0,808
Central Bank of India,Smart ID,0,13
Central Bank of India,Tera Software Ltd,0,60
Central Bank of India,The Peerless General Finance,19,119
Civil Supplies - A&N Islands,India Computer Technology,0,144
DENA BANK,ATISHAY INFOTECH PVT. LTD.,26,1
DENA BANK,DATASOFT COMPUTER SERVICES(P),83,5
Delhi - Central DC,Smart Chip Limited,57,523
Delhi - East DC,DATASOFT COMPUTER SERVICES(P),9,239
Delhi - East DC,IAP COMPANY Pvt. Ltd,0,16
Delhi - East DC,Tera Software Ltd,1,1166
Delhi - ND DC,Smart Chip Limited,59,110
Delhi - NE DC,Alankit Assignments Limited,0,2268
Delhi - NE DC,Smart Chip Limited,19,19
Delhi - NE DC,Smart ID,0,255
Delhi - North DC,DATASOFT COMPUTER SERVICES(P),0,177
Delhi - North DC,Smart Chip Limited,186,912
Delhi SW DC,STRATEGIC OUTSOURCING SERVICE,0,1382
Delhi SW DC,VIRGO SOFTECH LIMITED,0,27
Delhi Urban Shelter Improvemen,Alankit Assignments Limited,0,98
Delhi Urban Shelter Improvemen,Matrix Processing House,0,196
Delhi Urban Shelter Improvemen,STRATEGIC OUTSOURCING SERVICE,0,681
Delhi Urban Shelter Improvemen,Smart Chip Limited,0,97
Delhi Urban Shelter Improvemen,Tera Software Ltd,0,723
Delhi- South DC,Karvy Computershare Private Li,0,45
Delhi- South DC,Smart Chip Limited,4,0
Delhi- South DC,Tera Software Ltd,0,1402
Delhi- South DC,eCentric solutions pvt ltd,0,972
Delhi- West DC,Matrix Processing House,0,1551
Delhi- West DC,Smart Chip Limited,2,0
Delhi- West DC,VIRGO SOFTECH LIMITED,31,472
Delhi-NW DC,Karvy Computershare Private Li,0,694
Delhi-NW DC,STRATEGIC OUTSOURCING SERVICE,0,1789
Dept of ITC Govt of Rajasthan,ATISHAY INFOTECH PVT. LTD.,605,2009
Dept of ITC Govt of Rajasthan,AVVAS INFOTECH PVT  LTD,10,0
Dept of ITC Govt of Rajasthan,Alankit Finsec Ltd,208,40
Dept of ITC Govt of Rajasthan,DATASOFT COMPUTER SERVICES(P),1476,1181
Dept of ITC Govt of Rajasthan,GSS Infotech Ltd,0,392
Dept of ITC Govt of Rajasthan,TechSmart India Pvt Ltd,0,670
Dept of ITC Govt of Rajasthan,Transline Technologies P Ltd,74,25
Dept of ITC Govt of Rajasthan,Vakrangee Softwares Limited,494,1027
Dept of ITC Govt of Rajasthan,Vayam technologies Ltd,36,21
FCR Govt of Haryana,Vakrangee Softwares Limited,484,1325
FCS Govt of Punjab,Alankit Assignments Limited,0,6335
FCS Govt of Punjab,Alankit Finsec Ltd,0,4579
FCS Govt of Punjab,Alankit Life Care Ltd,0,935
FCS Govt of Punjab,CSS TECHNERGY LIMITED,228,60
FCS Govt of Punjab,Delhi Integrated MMTS Ltd,0,3078
FCS Govt of Punjab,Diwakar Commercials Pvt Ltd,1,2801
FCS Govt of Punjab,Karvy Computershare Private Li,1010,371
FCS Govt of Punjab,VIRGO SOFTECH LIMITED,5,1037
FCS Govt of Punjab,VISESH INFOTECNICS LIMITED,2,239
FCS Govt of Punjab,Vayam technologies Ltd,190,77
FCS Govt of Punjab,eCentric solutions pvt ltd,381,88
Govt of Andhra Pradesh,Gouthami Educational Society,163,3478
Govt of Andhra Pradesh,GrapeSoft,41,2816
Govt of Andhra Pradesh,IL&FS LTD,0,6697
Govt of Andhra Pradesh,INFRONICS SYSTEMS LTD,535,6022
Govt of Andhra Pradesh,Madras Security Printers Ltd,0,11555
Govt of Andhra Pradesh,Mahaonline Limited,0,2
Govt of Andhra Pradesh,SREEVEN INFOCOM LIMITED,90,1811
Govt of Andhra Pradesh,Smart Chip Limited,0,1360
Govt of Andhra Pradesh,TechSmart India Pvt Ltd,19,19331
Govt of Andhra Pradesh,Tera Software Ltd,156,5689
Govt of Andhra Pradesh,eCentric solutions pvt ltd,0,6137
Govt of Chhattisgrah - FCSCP&L,4G IDENTITY SOLUTIONS,0,1
Govt of Goa,COMAT TECHNOLOGIES P LTD,0,99
Govt of Goa,MARS Telecom Systems Pvt Ltd,130,1055
Govt of Goa,Tera Software Ltd,0,261
Govt of Gujarat,GSS Infotech Ltd,652,156
Govt of Gujarat,Karvy Computershare Private Li,559,123
Govt of Gujarat,Silver Touch Technologies Ltd,693,330
Govt of Gujarat,Tera Software Ltd,58,122
Govt of Gujarat,Transline Technologies P Ltd,6,49
Govt of Gujarat,Vayam technologies Ltd,138,200
Govt of Gujarat,eCentric solutions pvt ltd,165,155
Govt of Himachal Pradesh,IL&FS LTD,0,805
Govt of Himachal Pradesh,Wipro Ltd,552,1636
Govt of Himachal Pradesh,i-Grandee SoftwareTechnologies,436,533
Govt of Karnataka ,COMAT TECHNOLOGIES P LTD,0,2975
Govt of Karnataka ,GLODYNE TECHNOSERVE,0,4700
Govt of Karnataka ,Integra Micro Systems Pvt.ltd,0,1034
Govt of Karnataka ,MARS Telecom Systems Pvt Ltd,981,14
Govt of Karnataka ,Ninestars Information Technologies Limited,191,23
Govt of Karnataka ,Origin ITFS Pvt Ltd,8095,59
Govt of Karnataka ,SREEVEN INFOCOM LIMITED,271,5
Govt of Karnataka ,Tera Software Ltd,0,10607
Govt of Karnataka ,Wipro Ltd,0,5105
Govt of Kerala,Akshaya,4505,2208
Govt of Kerala,Keltron,103,706
Govt of Madhya Pradesh,Bharatiya Samruddhi Investment & Consulting Services Ltd.,0,6
Govt of Madhya Pradesh,IL&FS LTD,0,8
Govt of Madhya Pradesh,Systematic & Advance Const P L,0,1
Govt of Madhya Pradesh,Tera Software Ltd,0,1
Govt of Madhya Pradesh,VIRGO SOFTECH LIMITED,337,11996
Govt of Maharashtra,Alankit Assignments Limited,0,3110
Govt of Maharashtra,Alankit Finsec Ltd,4664,324
Govt of Maharashtra,COMAT TECHNOLOGIES P LTD,0,439
Govt of Maharashtra,Eagle press pvt ltd,8,312
Govt of Maharashtra,GLODYNE TECHNOSERVE,0,99
Govt of Maharashtra,GSS Infotech Ltd,0,2312
Govt of Maharashtra,Karvy Computershare Private Li,699,2571
Govt of Maharashtra,Mahaonline Limited,0,8949
Govt of Maharashtra,Netlink software Pvt Ltd,1,0
Govt of Maharashtra,Network for Information & Computer,18,0
Govt of Maharashtra,SPANCO,0,876
Govt of Maharashtra,STRATEGIC OUTSOURCING SERVICE,375,3867
Govt of Maharashtra,Silver Touch Technologies Ltd,55,102
Govt of Maharashtra,Smart Chip Limited,0,254
Govt of Maharashtra,TEAM LIFE CARE COMPANY INDIA P,15,543
Govt of Maharashtra,TechSmart India Pvt Ltd,208,198
Govt of Maharashtra,Tera Software Ltd,0,10531
Govt of Maharashtra,Transline Technologies P Ltd,407,389
Govt of Maharashtra,Wep Solution India Limited,0,1010
Govt of Maharashtra,Wipro Ltd,394,10794
Govt of Sikkim - Dept of Econo,4G IDENTITY SOLUTIONS,0,315
Govt of Sikkim - Dept of Econo,Department of Economics Statistics  Monitoring and Evaluation DESME,33,0
IDBI Bank ltd,ATISHAY INFOTECH PVT. LTD.,387,39
IDBI Bank ltd,GSS Infotech Ltd,0,7
IDBI Bank ltd,Matrix Processing House,38,1
IDBI Bank ltd,Pioneer E Labs limited,0,43
IDBI Bank ltd,SREEVEN INFOCOM LIMITED,309,78
IDBI Bank ltd,UTI TECHNOLOGY SERVICES LIMITE,14,4
IGNOU,VIRGO SOFTECH LIMITED,0,125
IGNOU,Vakrangee Softwares Limited,0,83
Indian Bank,GSS Infotech Ltd,0,24
Indian Bank,i-Grandee SoftwareTechnologies,0,3
Indian Overseas Bank,Eagle Software India Pvt. Ltd,0,95
Indian Overseas Bank,Karvy Computershare Private Li,0,106
Indian Overseas Bank,Wipro Ltd,0,5
Indiapost,4G IDENTITY SOLUTIONS,0,2979
Indiapost,COMAT TECHNOLOGIES P LTD,0,367
Indiapost,CSS TECHNERGY LIMITED,0,9
Indiapost,Delhi Integrated MMTS Ltd,1177,1248
Indiapost,Eagle press pvt ltd,0,426
Indiapost,GLODYNE TECHNOSERVE,5,47
Indiapost,GSS Infotech Ltd,0,469
Indiapost,IL&FS LTD,0,943
Indiapost,MARS Telecom Systems Pvt Ltd,44,1
Indiapost,Madras Security Printers Ltd,0,433
Indiapost,Smart Chip Limited,28,254
Indiapost,TEAM LIFE CARE COMPANY INDIA P,150,2906
Indiapost,Tera Software Ltd,0,3
Indiapost,The NSIC ltd,0,517
Indiapost,The Peerless General Finance,0,125
Indiapost,UTI TECHNOLOGY SERVICES LIMITE,0,1184
Indiapost,WEBEL,0,134
Indiapost,eCentric solutions pvt ltd,0,833
Information Technology & Communication Department,4G INFORMATICS,13714,14
Information Technology & Communication Department,BNR UDYOG LIMITED,20,0
Information Technology & Communication Department,Bloom Solutions Pvt Ltd,90,1
Information Technology & Communication Department,CSS TECHNERGY LIMITED,100,0
Information Technology & Communication Department,GDC Advertising Pvt. Limited,1,0
Information Technology & Communication Department,JYOTHI COMPUTER SERVICES,1,0
Information Technology & Communication Department,MARS Telecom Systems Pvt Ltd,147,1
Information Technology & Communication Department,SREEVEN INFOCOM LIMITED,24,0
Information Technology & Communication Department,Tera Software Ltd,9,0
Jammu and Kashmir Bank,COMTECH INSTITUTE OFTECHNOLOGY,0,18
Jharkhand,Alankit Assignments Limited,143,755
Jharkhand,Blue Circle Instrument,25,350
Jharkhand,Emdee Digitronics Pvt.Ltd.,71,11
Jharkhand,GLODYNE TECHNOSERVE,0,6
Jharkhand,IL&FS LTD,0,333
Jharkhand,MKS Enterprises,251,522
Jharkhand,Nevaeh Technology Pvt. Ltd.,50,261
Jharkhand,STRATEGIC OUTSOURCING SERVICE,219,607
Jharkhand,Smart ID,0,143
Jharkhand,Systematic & Advance Const P L,1,944
Jharkhand,VISION COMPTECH INTEGRATOR LTD,335,1128
Jharkhand,Wipro Ltd,1348,4971
Life Insurance Corporation,ATISHAY INFOTECH PVT. LTD.,0,14
Life Insurance Corporation,C-SAASTRA SOLUTIONS PVT LTD,0,1
Life Insurance Corporation,COMAT TECHNOLOGIES P LTD,0,28
Life Insurance Corporation,DATASOFT COMPUTER SERVICES(P),0,20
Life Insurance Corporation,Emdee Digitronics Pvt.Ltd.,0,5
Life Insurance Corporation,LOHIA JUTE PRESS PVT LTD,0,4
Life Insurance Corporation,LYRA  CONSULTANCY SERVICE,0,9
Life Insurance Corporation,MICROVIEWS INFOSYSTEMS PVT LTD,0,4
Life Insurance Corporation,PROTEX COMPUTER PVT LTD,0,4
Life Insurance Corporation,Smart ID,0,74
Life Insurance Corporation,eCentric solutions pvt ltd,0,75
Mission Convergence - GNCT Del,Alankit Assignments Limited,0,83
Mission Convergence - GNCT Del,IL&FS LTD,0,92
Mission Convergence - GNCT Del,Karvy Computershare Private Li,0,102
Mission Convergence - GNCT Del,Matrix Processing House,0,184
Mission Convergence - GNCT Del,STRATEGIC OUTSOURCING SERVICE,0,1139
Mission Convergence - GNCT Del,Smart Chip Limited,0,173
Mission Convergence - GNCT Del,Tera Software Ltd,0,184
Mission Convergence - GNCT Del,eCentric solutions pvt ltd,0,360
NSDL e-Governance Infrastructure Limited,Abhipra Capital Ltd,175,1144
NSDL e-Governance Infrastructure Limited,Alankit Assignments Limited,583,1402
NSDL e-Governance Infrastructure Limited,Karvy Data Management Services,2441,4474
NSDL e-Governance Infrastructure Limited,PROWIZ MANSYTEMS PVT LTD,2052,301
NSDL e-Governance Infrastructure Limited,RELIGARE SECURITIES LTD,0,1
NSDL e-Governance Infrastructure Limited,TEAM LIFE CARE COMPANY INDIA P,196,5
NSDL e-Governance Infrastructure Limited,VIRGO SOFTECH LIMITED,78,1
Oriental Bank of Commerce,DATASOFT COMPUTER SERVICES(P),87,1357
Oriental Bank of Commerce,FINANCIAL INFORMATION NETWORK,8,19
Oriental Bank of Commerce,IL&FS LTD,0,426
Oriental Bank of Commerce,Sri Ramraja Sarkar Lok Kalyan Trust,295,2
Oriental Bank of Commerce,The NSIC ltd,0,95
Oriental Bank of Commerce,Wipro Ltd,157,1258
Others,GSS Infotech Ltd,0,1
Punjab and Sind Bank,Matrix Processing House,0,175
RDD Govt of Tripura,Alankit Assignments Limited,0,3032
RDD Govt of Tripura,Madras Security Printers Ltd,0,3
Registrar General India - BEL,In Media Computer Services LLP,2,234
Registrar General India - BEL,Manipur Electronics Dev Corp,0,169
Registrar General India - BEL,Swathy Smartcards Hi-Tech Pvt,25,19
Registrar General India BEL2,Computer LAB,157,292
Registrar General India BEL2,India Computer Technology,3702,897
Registrar General India BEL2,Madras Security Printers Ltd,479,1958
Registrar General India BEL2,Multiwave Innovation,1,1590
Registrar General India BEL2,Om Softwares,0,1840
Registrar General India BEL2,SREEVEN INFOCOM LIMITED,0,162
Registrar General India BEL2,Swathy Smartcards Hi-Tech Pvt,53621,29277
Registrar General India BEL2,Swiss Tech India Pvt Ltd,88,1
Registrar General India BEL2,Tera Software Ltd,899,15619
Registrar General India BEL2,VIRGO SOFTECH LIMITED,30,175
Registrar General India ECIL,Clairvoyance Technologies Pvt.,2,17848
Registrar General India ECIL,Computer LAB,1383,12363
Registrar General India ECIL,Eagle Software India Pvt. Ltd,1414,1554
Registrar General India ECIL,In Media Computer Services LLP,11,2355
Registrar General India ECIL,India Computer Technology,0,1242
Registrar General India ECIL,Krishna Infotech,79,2743
Registrar General India ECIL,Madras Security Printers Ltd,1436,832
Registrar General India ECIL,Nielsen  India  Private Limited,1,0
Registrar General India ECIL,Pioneer E Labs limited,34,11709
Registrar General India ECIL,SWISSTECH NPR 57CR PROJECT PVT,58,10512
Registrar General India ECIL,Tera Software Ltd,39,44
Registrar General India ECIL,Vedavaag Systems Limited,21,1605
Registrar General India Others,Computer LAB,4,9
Registrar General India Others,Eagle Software India Pvt. Ltd,0,1
Registrar General India Others,Emdee Digitronics Pvt.Ltd.,0,5
Registrar General India Others,India Computer Technology,0,12
Registrar General India Others,Madras Security Printers Ltd,3,36
Registrar General India Others,Manipur Electronics Dev Corp,0,2
Registrar General India Others,Om Softwares,0,5
Registrar General India Others,Pioneer E Labs limited,0,5
Registrar General India Others,SWISSTECH NPR 57CR PROJECT PVT,0,4
Registrar General India Others,Swathy Smartcards Hi-Tech Pvt,500,150
Registrar General India Others,TechSmart India Pvt Ltd,0,2
Registrar General India Others,VIRGO SOFTECH LIMITED,0,1
Registrar General India Others,WEBEL TECHNOLOGY LIMITED,0,6
Registrar General of India ITI,Emdee Digitronics Pvt.Ltd.,140,2552
Registrar General of India ITI,Madras Security Printers Ltd,0,3
Registrar General of India ITI,Multiwave Innovation,0,1599
Registrar General of India ITI,SREEVEN INFOCOM LIMITED,581,477
Registrar General of India ITI,STRATEGIC OUTSOURCING SERVICE,37,0
Registrar General of India ITI,Swathy Smartcards Hi-Tech Pvt,20566,44411
Registrar General of India ITI,TechSmart India Pvt Ltd,1,1445
Registrar General of India ITI,WEBEL TECHNOLOGY LIMITED,18,129
STATE BANK OF HYDERABAD,CSS TECHNERGY LIMITED,0,1169
STATE BANK OF HYDERABAD,Smart Chip Limited,0,9
STATE BANK OF PATIALA,CSS TECHNERGY LIMITED,0,369
State Bank of Bikaner & Jaipur,Multiwave Innovation,911,1348
State Bank of India,4G IDENTITY SOLUTIONS,0,12220
State Bank of India,COMAT TECHNOLOGIES P LTD,0,138
State Bank of India,CSS TECHNERGY LIMITED,0,12428
State Bank of India,Delhi Integrated MMTS Ltd,0,451
State Bank of India,Eagle press pvt ltd,0,466
State Bank of India,IL&FS LTD,0,3751
State Bank of India,Smart Chip Limited,0,3394
State Bank of India,VIRGO SOFTECH LIMITED,0,870
State Bank of Travancore,Tera Software Ltd,0,88
Syndicate Bank,Smart Chip Limited,0,223
UDD Govt of Jharkhand,Blue Circle Instrument,287,418
UDD Govt of Jharkhand,IL&FS LTD,0,1323
UDD Govt of Jharkhand,MKS Enterprises,587,1211
UDD Govt of Jharkhand,Smart ID,0,116
UDD Govt of Jharkhand,Systematic & Advance Const P L,0,297
UIDAI-Registrar,UIDAI-EA,8,6
UT Of Daman and Diu,Alankit Assignments Limited,14,159
UT Of Daman and Diu,Madras Security Printers Ltd,0,1
UT of Puducherry,Madras Security Printers Ltd,10,930
Union Bank,4G IDENTITY SOLUTIONS,0,624
Union Bank,FINANCIAL INFORMATION NETWORK,421,38
Union Bank,Smart Chip Limited,2608,1108
Union Bank,Vakrangee Softwares Limited,1516,35411
United Bank of India,Atyati Technologies Pvt Ltd,0,6
