State,District,Aadhaar generated,Enrolment Rejected
Andhra Pradesh,Adilabad,982,85
Andhra Pradesh,Anantapur,12,0
Andhra Pradesh,Ananthapur,822,153
Andhra Pradesh,Chittoor,1168,127
Andhra Pradesh,Cuddapah,9057,273
Andhra Pradesh,East Godavari,845,88
Andhra Pradesh,Guntur,1782,172
Andhra Pradesh,Hyderabad,2321,290
Andhra Pradesh,K.V.Rangareddy,21,2
Andhra Pradesh,K.v. Rangareddy,5821,291
Andhra Pradesh,Karim Nagar,17,0
Andhra Pradesh,Karimnagar,37644,117
Andhra Pradesh,Khammam,3313,23
Andhra Pradesh,Krishna,2113,172
Andhra Pradesh,Kurnool,15069,74
Andhra Pradesh,Mahabub Nagar,7165,0
Andhra Pradesh,Mahabubnagar,8084,19
Andhra Pradesh,Mahbubnagar,3395,0
Andhra Pradesh,Medak,12681,40
Andhra Pradesh,Nalgonda,26538,98
Andhra Pradesh,Nellore,9042,48
Andhra Pradesh,Nizamabad,7350,122
Andhra Pradesh,Prakasam,7277,70
Andhra Pradesh,Srikakulam,497,207
Andhra Pradesh,Visakhapatnam,5807,22
Andhra Pradesh,Vizianagaram,983,1
Andhra Pradesh,Warangal,40893,27
Andhra Pradesh,West Godavari,7870,130
Arunachal Pradesh,Lohit,2,0
Arunachal Pradesh,Papum Pare,1,0
Arunachal Pradesh,Upper Subansiri,2,0
Assam,Baksa,3,0
Assam,Barpeta,6,0
Assam,Bongaigaon,1,0
Assam,Cachar,16,0
Assam,Chirang,1,0
Assam,Darrang,5,0
Assam,Dhemaji,4,0
Assam,Dhubri,4,0
Assam,Dibrugarh,3,0
Assam,Goalpara,2,0
Assam,Golaghat,4,0
Assam,Hailakandi,5,0
Assam,Jorhat,9,0
Assam,Kamrup,8,0
Assam,Kamrup Metro,3,0
Assam,Karbi Anglong,1,1
Assam,Karimganj,4,0
Assam,Lakhimpur,11,0
Assam,Marigaon,2,0
Assam,Nagaon,8,0
Assam,Nalbari,1,0
Assam,Sibsagar,3,2
Assam,Sonitpur,19,0
Assam,Tinsukia,11,0
Assam,Udalguri,4,0
Bihar,Araria,21,0
Bihar,Arwal,433,223
Bihar,Aurangabad,36,2
Bihar,Aurangabad(BH),2,1
Bihar,Banka,34,1
Bihar,Begusarai,53,1
Bihar,Bhagalpur,44,1
Bihar,Bhojpur,60,3
Bihar,Buxar,49,0
Bihar,Darbhanga,418,6
Bihar,East Champaran,100,1
Bihar,Gaya,59,0
Bihar,Gopalganj,76,4
Bihar,Jamui,71,0
Bihar,Jehanabad,12,0
Bihar,Kaimur (Bhabua),19,0
Bihar,Katihar,25,0
Bihar,Khagaria,17,0
Bihar,Kishanganj,50,9
Bihar,Lakhisarai,33,2
Bihar,Madhepura,22,1
Bihar,Madhubani,154,1
Bihar,Munger,23,1
Bihar,Muzaffarpur,55,1
Bihar,Nalanda,149,1
Bihar,Nawada,31,1
Bihar,Patna,102,2
Bihar,Purnia,16,0
Bihar,Rohtas,103,6
Bihar,Saharsa,41,0
Bihar,Samastipur,76,3
Bihar,Saran,105,2
Bihar,Sheikhpura,413,45
Bihar,Sheohar,99,50
Bihar,Sitamarhi,96,3
Bihar,Siwan,58,3
Bihar,Supaul,30,0
Bihar,Vaishali,92,2
Bihar,West Champaran,43,0
Chandigarh,Chandigarh,203,25
Chhattisgarh,Balod,2,1
Chhattisgarh,Baloda Bazar,2,0
Chhattisgarh,Bastar,1,0
Chhattisgarh,Bemetara,23,0
Chhattisgarh,Bilaspur,23,0
Chhattisgarh,Dantewada,1,0
Chhattisgarh,Dhamtari,1593,31
Chhattisgarh,Durg,197,9
Chhattisgarh,Gariyaband ,1,0
Chhattisgarh,Janjgir-champa,5,0
Chhattisgarh,Jashpur,3,2
Chhattisgarh,Kanker,3,0
Chhattisgarh,Korba,816,0
Chhattisgarh,Koriya,675,21
Chhattisgarh,Mahasamund,42,0
Chhattisgarh,Mungeli ,2,0
Chhattisgarh,Raigarh,14,22
Chhattisgarh,Raipur,24,0
Chhattisgarh,Rajnandgaon,10,1
Chhattisgarh,Surguja,5,0
Dadra and Nagar Haveli,Dadra and Nagar Haveli,53,10
Daman and Diu,Daman,12,15
Daman and Diu,Diu,15,9
Delhi,Central Delhi,463,26
Delhi,East Delhi,2061,57
Delhi,Najafgarh,20,1
Delhi,New Delhi,40,2
Delhi,North Delhi,295,17
Delhi,North East,656,62
Delhi,North East Delhi,1201,112
Delhi,North West Delhi,2240,204
Delhi,South Delhi,1591,148
Delhi,South West Delhi,809,214
Delhi,West Delhi,3577,211
Goa,Bicholim,1,0
Goa,North Goa,321,5
Goa,South Goa,123,5
Gujarat,Ahmadabad,14,1
Gujarat,Ahmedabad,3911,36
Gujarat,Amreli,2314,0
Gujarat,Anand,1020,21
Gujarat,Banaskantha,2636,10
Gujarat,Bharuch,1653,15
Gujarat,Bhavnagar,3114,59
Gujarat,Dahod,60,2
Gujarat,Dohad,505,37
Gujarat,Gandhinagar,910,5
Gujarat,Jamnagar,2625,5
Gujarat,Junagadh,6985,60
Gujarat,Kachchh,1505,35
Gujarat,Kheda,772,12
Gujarat,Mahesana,1303,23
Gujarat,Narmada,545,21
Gujarat,Navsari,2026,7
Gujarat,Panchmahals,1657,34
Gujarat,Patan,292,5
Gujarat,Porbandar,66,3
Gujarat,Rajkot,5527,60
Gujarat,Sabarkantha,717,9
Gujarat,Surat,3308,60
Gujarat,Surendra Nagar,1290,10
Gujarat,Tapi,753,10
Gujarat,The Dangs,88,5
Gujarat,Vadodara,1132,11
Gujarat,Valsad,540,44
Haryana,Ambala,567,3
Haryana,Bhiwani,1751,19
Haryana,Faridabad,4081,26
Haryana,Fatehabad,981,7
Haryana,Gurgaon,1502,38
Haryana,Hisar,2344,11
Haryana,Jhajjar,531,2
Haryana,Jind,5496,10
Haryana,Kaithal,3292,17
Haryana,Karnal,463,29
Haryana,Kurukshetra,1949,3
Haryana,Mahendragarh,1283,39
Haryana,Mewat,1050,68
Haryana,Palwal,3026,46
Haryana,Panchkula,839,13
Haryana,Panipat,4266,125
Haryana,Rewari,404,13
Haryana,Rohtak,1338,16
Haryana,Sirsa,1489,24
Haryana,Sonipat,2146,11
Haryana,Yamuna Nagar,1283,15
Himachal Pradesh,Bilaspur,28,0
Himachal Pradesh,Bilaspur ,1,0
Himachal Pradesh,Chamba,294,9
Himachal Pradesh,Hamirpur,43,18
Himachal Pradesh,Kangra,884,25
Himachal Pradesh,Kinnaur,8,3
Himachal Pradesh,Kullu,450,18
Himachal Pradesh,Lahul and Spiti,4,0
Himachal Pradesh,Mandi,288,55
Himachal Pradesh,Shimla,317,15
Himachal Pradesh,Sirmaur,212,23
Himachal Pradesh,Solan,150,81
Himachal Pradesh,Una,264,9
Jammu and Kashmir,Anantnag,774,0
Jammu and Kashmir,Badgam,2,0
Jammu and Kashmir,Baramula,1,0
Jammu and Kashmir,Doda,712,0
Jammu and Kashmir,Jammu,1455,2
Jammu and Kashmir,Kargil,40,1
Jammu and Kashmir,Kathua,12,0
Jammu and Kashmir,Kupwara,3,0
Jammu and Kashmir,Leh,2,0
Jammu and Kashmir,Pulwama,280,0
Jammu and Kashmir,Punch,1,0
Jammu and Kashmir,Rajouri,3,0
Jammu and Kashmir,Srinagar,2,0
Jammu and Kashmir,Udhampur,5,0
Jharkhand,Bokaro,578,159
Jharkhand,Chatra,1048,46
Jharkhand,Deoghar,2226,122
Jharkhand,Dhanbad,2649,8
Jharkhand,Dumka,2034,24
Jharkhand,East Singhbhum,1251,29
Jharkhand,Garhwa,1080,18
Jharkhand,Giridih,2961,92
Jharkhand,Godda,855,91
Jharkhand,Gumla,1259,10
Jharkhand,Hazaribag,27,0
Jharkhand,Hazaribagh,1123,214
Jharkhand,Jamtara,604,16
Jharkhand,Khunti,123,19
Jharkhand,Koderma,692,36
Jharkhand,Latehar,2414,9
Jharkhand,Lohardaga,353,42
Jharkhand,Pakaur,1,0
Jharkhand,Pakur,1294,10
Jharkhand,Palamau,4,0
Jharkhand,Palamu,458,11
Jharkhand,Ramgarh,318,47
Jharkhand,Ranchi,885,96
Jharkhand,Sahebganj,286,13
Jharkhand,Seraikela-Kharsawan,753,16
Jharkhand,Simdega,337,13
Jharkhand,West Singhbhum,1126,16
Karnataka,Bagalkot,1941,63
Karnataka,Bangalore,16150,215
Karnataka,Bangalore Rural,1600,5
Karnataka,Belgaum,9124,49
Karnataka,Bellary,969,15
Karnataka,Bidar,56,0
Karnataka,Bijapur,2214,38
Karnataka,Bijapur(KAR),427,0
Karnataka,Chamarajanagar,1,0
Karnataka,Chamrajanagar,1040,15
Karnataka,Chickmagalur,865,22
Karnataka,Chikkaballapur,350,16
Karnataka,Chitradurga,1324,4
Karnataka,Dakshina Kannada,3615,84
Karnataka,Davangere,1159,0
Karnataka,Dharwad,2626,102
Karnataka,Gadag,477,0
Karnataka,Gulbarga,535,3
Karnataka,Hasan,1535,4
Karnataka,Hassan,131,0
Karnataka,Haveri,1639,2
Karnataka,Kodagu,362,1
Karnataka,Kolar,1047,35
Karnataka,Koppal,646,36
Karnataka,Mandya,902,8
Karnataka,Mysore,318,27
Karnataka,Raichur,159,0
Karnataka,Ramanagar,1818,16
Karnataka,Shimoga,1693,30
Karnataka,Tumkur,381,16
Karnataka,Udupi,413,3
Karnataka,Uttara Kannada,338,1
Karnataka,Yadgir,427,1
Kerala,Alappuzha,1975,21
Kerala,Ernakulam,1555,13
Kerala,Idukki,511,7
Kerala,Kannur,1372,34
Kerala,Kasaragod,791,6
Kerala,Kasargod,139,11
Kerala,Kollam,2846,108
Kerala,Kottayam,1448,34
Kerala,Kozhikode,2608,10
Kerala,Malappuram,5009,15
Kerala,Palakkad,1675,14
Kerala,Pathanamthitta,268,45
Kerala,Thiruvananthapuram,1544,21
Kerala,Thrissur,1452,62
Kerala,Wayanad,60,56
Lakshadweep,Lakshadweep,5,0
Madhya Pradesh,Alirajpur,2154,97
Madhya Pradesh,Anuppur,692,77
Madhya Pradesh,Ashok Nagar,309,6
Madhya Pradesh,Balaghat,1876,44
Madhya Pradesh,Barwani,131,3
Madhya Pradesh,Betul,560,11
Madhya Pradesh,Bhind,1007,46
Madhya Pradesh,Bhopal,1109,220
Madhya Pradesh,Burhanpur,12,12
Madhya Pradesh,Chhatarpur,553,48
Madhya Pradesh,Chhindwara,1256,46
Madhya Pradesh,Damoh,1069,36
Madhya Pradesh,Datia,1901,18
Madhya Pradesh,Dewas,348,32
Madhya Pradesh,Dhar,2187,69
Madhya Pradesh,Dindori,2018,68
Madhya Pradesh,Guna,446,228
Madhya Pradesh,Gwalior,1745,42
Madhya Pradesh,Harda,338,71
Madhya Pradesh,Hoshangabad,266,68
Madhya Pradesh,Indore,1704,42
Madhya Pradesh,Jabalpur,598,140
Madhya Pradesh,Jhabua,1926,273
Madhya Pradesh,Katni,1523,14
Madhya Pradesh,Khandwa,247,139
Madhya Pradesh,Khargone,1830,40
Madhya Pradesh,Mandla,2437,36
Madhya Pradesh,Mandsaur,430,1
Madhya Pradesh,Morena,535,12
Madhya Pradesh,Narsinghpur,661,36
Madhya Pradesh,Neemuch,85,0
Madhya Pradesh,Panna,880,30
Madhya Pradesh,Raisen,1507,39
Madhya Pradesh,Rajgarh,303,4
Madhya Pradesh,Ratlam,492,0
Madhya Pradesh,Rewa,2559,140
Madhya Pradesh,Sagar,1596,15
Madhya Pradesh,Satna,1469,45
Madhya Pradesh,Sehore,1823,74
Madhya Pradesh,Seoni,2544,159
Madhya Pradesh,Shahdol,1433,40
Madhya Pradesh,Shajapur,10,0
Madhya Pradesh,Sheopur,115,2
Madhya Pradesh,Shivpuri,424,11
Madhya Pradesh,Sidhi,1150,51
Madhya Pradesh,Singrauli,904,18
Madhya Pradesh,Tikamgarh,3024,14
Madhya Pradesh,Ujjain,1134,36
Madhya Pradesh,Umaria,1889,45
Madhya Pradesh,Vidisha,840,217
Maharashtra,Ahmadnagar,1262,43
Maharashtra,Ahmed Nagar,127,0
Maharashtra,Akola,1258,10
Maharashtra,Amravati,1551,116
Maharashtra,Aurangabad,1595,192
Maharashtra,Beed,995,37
Maharashtra,Bhandara,613,47
Maharashtra,Buldhana,969,22
Maharashtra,Chandrapur,1329,6
Maharashtra,Dhule,435,54
Maharashtra,Gadchiroli,484,0
Maharashtra,Gondia,4,0
Maharashtra,Gondiya,1290,95
Maharashtra,Hingoli,219,0
Maharashtra,Jalgaon,3632,111
Maharashtra,Jalna,601,50
Maharashtra,Kolhapur,2775,20
Maharashtra,Latur,2172,182
Maharashtra,Mumbai,8365,656
Maharashtra,Mumbai City,46,0
Maharashtra,Mumbai( Sub Urban ),1,0
Maharashtra,Nagpur,1794,88
Maharashtra,Nanded,1293,17
Maharashtra,Nandurbar,1632,54
Maharashtra,Nashik,1999,117
Maharashtra,Osmanabad,1261,18
Maharashtra,Parbhani,661,10
Maharashtra,Pune,7281,472
Maharashtra,Raigarh,460,11
Maharashtra,Raigarh(MH),33,1
Maharashtra,Ratnagiri,396,119
Maharashtra,Sangli,1099,5
Maharashtra,Satara,1111,9
Maharashtra,Sindhudurg,877,3
Maharashtra,Solapur,740,14
Maharashtra,Thane,6853,257
Maharashtra,Wardha,117,14
Maharashtra,Washim,380,10
Maharashtra,Yavatmal,856,8
Manipur,Bishnupur,0,1
Manipur,Chandel,0,1
Manipur,Imphal East,2,0
Manipur,Imphal West,7,0
Manipur,Senapati,3,0
Manipur,Thoubal,4,0
Manipur,Ukhrul,2,7
Meghalaya,East Khasi Hills,5,1
Meghalaya,West Garo Hills,2,0
Mizoram,Kolasib,1,0
Mizoram,Mammit,1,0
Nagaland,Dimapur,63,0
Nagaland,Kiphire,5,0
Nagaland,Kohima,32,1
Nagaland,Longleng,1,0
Nagaland,Mokokchung,53,0
Nagaland,Mon,13,0
Nagaland,Phek,20,0
Nagaland,Tuensang,3,0
Nagaland,Wokha,21,0
Nagaland,Zunheboto,66,0
Odisha,Angul,4,0
Odisha,Balangir,1785,0
Odisha,Baleswar,1473,224
Odisha,Bargarh,449,20
Odisha,Bhadrak,1366,499
Odisha,Cuttack,1415,32
Odisha,Dhenkanal,15,0
Odisha,Gajapati,4,0
Odisha,Ganjam,6641,126
Odisha,Jagatsinghapur,1051,6
Odisha,Jajapur,23,0
Odisha,Jharsuguda,1,0
Odisha,Kalahandi,6,0
Odisha,Kandhamal,36,7
Odisha,Kendrapara,2117,20
Odisha,Kendujhar,6310,1
Odisha,Khorda,30,0
Odisha,Khordha,1369,121
Odisha,Koraput,139,2
Odisha,Malkangiri,1,0
Odisha,Mayurbhanj,404,0
Odisha,Nabarangapur,460,0
Odisha,Nayagarh,9,0
Odisha,Nuapada,1,0
Odisha,Puri,6133,100
Odisha,Rayagada,6,0
Odisha,Sambalpur,7,4
Odisha,Sonapur,502,0
Odisha,Sundergarh,1507,0
Others,Others,0,3118
Puducherry,Karaikal,40,0
Puducherry,Pondicherry,99,0
Puducherry,Puducherry,33,22
Puducherry,Yanam,346,1
Punjab,Amritsar,1401,59
Punjab,Barnala,336,134
Punjab,Bathinda,617,248
Punjab,Faridkot,129,6
Punjab,Fatehgarh Sahib,106,3
Punjab,Fazilka,850,62
Punjab,Ferozepur,580,14
Punjab,Gurdaspur,1653,205
Punjab,Hoshiarpur,1047,53
Punjab,Jalandhar,2602,119
Punjab,Kapurthala,810,6
Punjab,Ludhiana,3074,80
Punjab,Mansa,1836,5
Punjab,Moga,864,37
Punjab,Muktsar,9,0
Punjab,Pathankot,302,51
Punjab,Patiala,3738,24
Punjab,Rupnagar,1349,8
Punjab,SAS Nagar (Mohali),1588,13
Punjab,Sangrur,2567,37
Punjab,Shaheed Bhagat Singh Nagar,161,6
Punjab,Sri Muktsar Sahib,681,39
Punjab,Tarn Taran,512,14
Rajasthan,Ajmer,1348,110
Rajasthan,Alwar,3562,289
Rajasthan,Banswara,3176,21
Rajasthan,Baran,1827,48
Rajasthan,Barmer,2224,240
Rajasthan,Bharatpur,758,10
Rajasthan,Bhilwara,7233,43
Rajasthan,Bikaner,1330,38
Rajasthan,Bundi,345,11
Rajasthan,Chittorgarh,2130,28
Rajasthan,Churu,1611,54
Rajasthan,Dausa,1664,22
Rajasthan,Dholpur,513,3
Rajasthan,Dungarpur,2407,18
Rajasthan,Ganganagar,2657,140
Rajasthan,Hanumangarh,4576,19
Rajasthan,Jaipur,4825,188
Rajasthan,Jaisalmer,327,33
Rajasthan,Jalor,1259,141
Rajasthan,Jhalawar,3914,33
Rajasthan,Jhunjhunu,390,2
Rajasthan,Jhunjhunun,1614,81
Rajasthan,Jodhpur,2740,110
Rajasthan,Karauli,470,16
Rajasthan,Kota,2000,287
Rajasthan,Nagaur,3747,80
Rajasthan,Pali,2903,699
Rajasthan,Pratapgarh,1413,13
Rajasthan,Rajsamand,409,121
Rajasthan,Sawai Madhopur,318,16
Rajasthan,Sikar,2817,101
Rajasthan,Sirohi,355,26
Rajasthan,Tonk,602,57
Rajasthan,Udaipur,1204,247
Sikkim,East Sikkim,69,1
Sikkim,North Sikkim,6,0
Sikkim,South Sikkim,117,1
Sikkim,West Sikkim,16,0
Tamil Nadu,Ariyalur,5,0
Tamil Nadu,Chennai,918,14
Tamil Nadu,Coimbatore,1161,21
Tamil Nadu,Cuddalore,458,0
Tamil Nadu,Dharmapuri,1985,11
Tamil Nadu,Dindigul,614,0
Tamil Nadu,Erode,1852,3
Tamil Nadu,Kancheepuram,4630,39
Tamil Nadu,Kanchipuram,437,0
Tamil Nadu,Kanniyakumari,612,8
Tamil Nadu,Kanyakumari,23,1
Tamil Nadu,Karur,529,0
Tamil Nadu,Krishnagiri,526,4
Tamil Nadu,Madurai,919,5
Tamil Nadu,Nagapattinam,177,2
Tamil Nadu,Namakkal,1578,4
Tamil Nadu,Nilgiris,3,0
Tamil Nadu,Perambalur,40,0
Tamil Nadu,Pudukkottai,363,0
Tamil Nadu,Ramanathapuram,620,21
Tamil Nadu,Salem,3317,56
Tamil Nadu,Sivaganga,153,1
Tamil Nadu,Thanjavur,854,1
Tamil Nadu,The Nilgiris,437,1
Tamil Nadu,Theni,3265,5
Tamil Nadu,Thiruvarur,52,1
Tamil Nadu,Thoothukkudi,3922,51
Tamil Nadu,Tiruchirappalli,1298,24
Tamil Nadu,Tirunelveli,20378,50
Tamil Nadu,Tiruppur,1837,19
Tamil Nadu,Tiruvallur,496,5
Tamil Nadu,Tiruvannamalai,3465,22
Tamil Nadu,Tiruvarur,279,0
Tamil Nadu,Vellore,3519,14
Tamil Nadu,Villupuram,264,0
Tamil Nadu,Viluppuram,4474,12
Tamil Nadu,Virudhunagar,8915,25
Tripura,Dhalai,34,3
Tripura,Gomati,3,1
Tripura,Khowai,141,4
Tripura,North Tripura,108,39
Tripura,Sepahijala,19,0
Tripura,South Tripura,21,0
Tripura,Unakoti,3,0
Tripura,West Tripura,313,4
Uttar Pradesh,Agra,41,1
Uttar Pradesh,Aligarh,79,2
Uttar Pradesh,Allahabad,71,4
Uttar Pradesh,Ambedkar Nagar,33,1
Uttar Pradesh,Amethi,347,8
Uttar Pradesh,Amroha,10,0
Uttar Pradesh,Auraiya,43,1
Uttar Pradesh,Azamgarh,140,2
Uttar Pradesh,Baghpat,19,0
Uttar Pradesh,Bahraich,47,3
Uttar Pradesh,Ballia,185,6
Uttar Pradesh,Balrampur,21,1
Uttar Pradesh,Banda,50,0
Uttar Pradesh,Bara Banki,44,0
Uttar Pradesh,Bareilly,205,9
Uttar Pradesh,Basti,219,1
Uttar Pradesh,Bijnor,75,11
Uttar Pradesh,Budaun,20,1
Uttar Pradesh,Bulandshahar,1,0
Uttar Pradesh,Bulandshahr,50,0
Uttar Pradesh,Chandauli,243,1
Uttar Pradesh,Chitrakoot,561,13
Uttar Pradesh,Deoria,73,0
Uttar Pradesh,Etah,23,0
Uttar Pradesh,Etawah,811,131
Uttar Pradesh,Faizabad,220,2
Uttar Pradesh,Farrukhabad,24,0
Uttar Pradesh,Fatehpur,215,1
Uttar Pradesh,Firozabad,24,0
Uttar Pradesh,Gautam Buddha Nagar,193,5
Uttar Pradesh,Ghaziabad,968,264
Uttar Pradesh,Ghazipur,159,6
Uttar Pradesh,Gonda,544,10
Uttar Pradesh,Gorakhpur,271,5
Uttar Pradesh,Hamirpur,12,0
Uttar Pradesh,Hardoi,70,0
Uttar Pradesh,Hathras,28,0
Uttar Pradesh,Jalaun,15,1
Uttar Pradesh,Jaunpur,91,1
Uttar Pradesh,Jhansi,33,0
Uttar Pradesh,Kannauj,20,0
Uttar Pradesh,Kanpur Dehat,18,0
Uttar Pradesh,Kanpur Nagar,40,1
Uttar Pradesh,Kasganj,10,1
Uttar Pradesh,Kaushambi,24,0
Uttar Pradesh,Kheri,21,0
Uttar Pradesh,Kushinagar,46,1
Uttar Pradesh,Lalitpur,2,0
Uttar Pradesh,Lucknow,96,1
Uttar Pradesh,Maharajganj,625,7
Uttar Pradesh,Mahoba,644,2
Uttar Pradesh,Mainpuri,24,0
Uttar Pradesh,Mathura,361,0
Uttar Pradesh,Mau,27,0
Uttar Pradesh,Meerut,124,0
Uttar Pradesh,Mirzapur,25,0
Uttar Pradesh,Moradabad,16,0
Uttar Pradesh,Muzaffarnagar,27,0
Uttar Pradesh,Pilibhit,103,4
Uttar Pradesh,Pratapgarh,71,0
Uttar Pradesh,Rae Bareli,2372,7
Uttar Pradesh,Raebareli,11,0
Uttar Pradesh,Rampur,5,2
Uttar Pradesh,Saharanpur,25,0
Uttar Pradesh,Sambhal,6,1
Uttar Pradesh,Sant Kabir Nagar,396,0
Uttar Pradesh,Sant Ravidas Nagar,218,1
Uttar Pradesh,Sant Ravidas Nagar Bhadohi,2,0
Uttar Pradesh,Shahjahanpur,17,0
Uttar Pradesh,Shamli,14,0
Uttar Pradesh,Shrawasti,656,43
Uttar Pradesh,Siddharthnagar,35,0
Uttar Pradesh,Sitapur,35,0
Uttar Pradesh,Sonbhadra,50,2
Uttar Pradesh,Sultanpur,53,0
Uttar Pradesh,Unnao,26,0
Uttar Pradesh,Varanasi,529,2
Uttarakhand,Almora,30,1
Uttarakhand,Bageshwar,34,3
Uttarakhand,Chamoli,12,1
Uttarakhand,Champawat,529,14
Uttarakhand,Dehradun,395,2
Uttarakhand,Hardwar,1,0
Uttarakhand,Haridwar,105,1
Uttarakhand,Nainital,18,1
Uttarakhand,Pauri Garhwal,44,0
Uttarakhand,Pithoragarh,22,0
Uttarakhand,Rudraprayag,6,0
Uttarakhand,Tehri Garhwal,68,4
Uttarakhand,Udham Singh Nagar,383,8
Uttarakhand,Uttarkashi,3,0
West Bengal,Bally Jagachha,1,0
West Bengal,Bankura,21,0
West Bengal,Barddhaman,67,6
West Bengal,Bardhaman,11,0
West Bengal,Birbhum,417,3
West Bengal,Cooch Behar,6577,6732
West Bengal,Dakshin Dinajpur,2706,4
West Bengal,Darjeeling,5017,32
West Bengal,East Midnapore,47,1
West Bengal,Hooghly,199,292
West Bengal,Howrah,7684,3
West Bengal,Jalpaiguri,1224,4463
West Bengal,Kolkata,2336,25
West Bengal,Malda,810,2
West Bengal,Medinipur,890,30
West Bengal,Murshidabad,7475,20
West Bengal,Nadia,3826,9
West Bengal,North 24 Parganas,455,365
West Bengal,North Dinajpur,22,0
West Bengal,Paschim Medinipur,26,0
West Bengal,Purba Medinipur,44,0
West Bengal,Purulia,4320,1
West Bengal,Puruliya,933,2
West Bengal,South 24 Parganas,1574,1
West Bengal,South Dinajpur,1,0
West Bengal,South Twenty Four Parganas,4681,0
West Bengal,Uttar Dinajpur,1154,4
West Bengal,West Midnapore,222,7
