State,District,Aadhaar generated,Enrolment Rejected
Andaman and Nicobar Islands,North And Middle Andaman,1,0
Andhra Pradesh,Adilabad,1644,35
Andhra Pradesh,Anantapur,167,0
Andhra Pradesh,Ananthapur,915,55
Andhra Pradesh,Chittoor,1032,40
Andhra Pradesh,Cuddapah,10399,39
Andhra Pradesh,East Godavari,1616,25
Andhra Pradesh,Guntur,3132,54
Andhra Pradesh,Hyderabad,3009,135
Andhra Pradesh,K.V.Rangareddy,22,1
Andhra Pradesh,K.v. Rangareddy,6247,133
Andhra Pradesh,Karim Nagar,0,1
Andhra Pradesh,Karimnagar,11577,66
Andhra Pradesh,Khammam,2245,23
Andhra Pradesh,Krishna,1778,44
Andhra Pradesh,Kurnool,1312,53
Andhra Pradesh,Mahabub Nagar,239,19
Andhra Pradesh,Mahabubnagar,2058,113
Andhra Pradesh,Mahbubnagar,18,0
Andhra Pradesh,Medak,6373,114
Andhra Pradesh,Nalgonda,1744,29
Andhra Pradesh,Nellore,1173,21
Andhra Pradesh,Nizamabad,4441,242
Andhra Pradesh,Prakasam,2615,57
Andhra Pradesh,Srikakulam,227,8
Andhra Pradesh,Visakhapatnam,4298,73
Andhra Pradesh,Vizianagaram,255,0
Andhra Pradesh,Warangal,4603,121
Andhra Pradesh,West Godavari,2799,53
Arunachal Pradesh,East Siang,1,0
Arunachal Pradesh,Lohit,2,0
Arunachal Pradesh,Tawang,1,0
Arunachal Pradesh,Tirap,1,0
Arunachal Pradesh,West Siang,2,0
Assam,Baksa,7,0
Assam,Barpeta,4,0
Assam,Bongaigaon,3,0
Assam,Cachar,9,0
Assam,Chirang,2,0
Assam,Darrang,1,0
Assam,Dhubri,2,0
Assam,Golaghat,3,0
Assam,Hailakandi,1,0
Assam,Jorhat,2,0
Assam,Kamrup,6,0
Assam,Kamrup Metro,1,0
Assam,Karbi Anglong,4,0
Assam,Karimganj,2,1
Assam,Kokrajhar,1,0
Assam,Lakhimpur,3,0
Assam,Marigaon,3,0
Assam,Nagaon,7,0
Assam,Sibsagar,3,0
Assam,Sonitpur,6,0
Assam,Udalguri,1,0
Bihar,Araria,20,0
Bihar,Arwal,314,17
Bihar,Aurangabad,73,2
Bihar,Aurangabad(BH),3,0
Bihar,Banka,50,0
Bihar,Begusarai,59,0
Bihar,Bhagalpur,41,0
Bihar,Bhojpur,70,0
Bihar,Buxar,35,0
Bihar,Darbhanga,248,2
Bihar,East Champaran,100,0
Bihar,Gaya,60,0
Bihar,Gopalganj,102,0
Bihar,Jamui,148,0
Bihar,Jehanabad,19,0
Bihar,Kaimur (Bhabua),14,0
Bihar,Katihar,54,0
Bihar,Khagaria,28,0
Bihar,Kishanganj,346,9
Bihar,Lakhisarai,49,3
Bihar,Madhepura,14,1
Bihar,Madhubani,150,1
Bihar,Munger,31,1
Bihar,Muzaffarpur,73,0
Bihar,Nalanda,161,2
Bihar,Nawada,48,1
Bihar,Patna,110,0
Bihar,Purnia,18,0
Bihar,Rohtas,201,0
Bihar,Saharsa,33,1
Bihar,Samastipur,86,2
Bihar,Saran,115,4
Bihar,Sheikhpura,5544,38
Bihar,Sheohar,1622,0
Bihar,Sitamarhi,85,3
Bihar,Siwan,87,1
Bihar,Supaul,34,0
Bihar,Vaishali,147,4
Bihar,West Champaran,48,1
Chandigarh,Chandigarh,515,8
Chandigarh,Mohali,3,0
Chhattisgarh,Balod,1,0
Chhattisgarh,Baloda Bazar,4,0
Chhattisgarh,Bastar,1,0
Chhattisgarh,Bemetara,1,0
Chhattisgarh,Bilaspur,33,0
Chhattisgarh,Dhamtari,1396,11
Chhattisgarh,Durg,36,2
Chhattisgarh,Gariyaband ,1,0
Chhattisgarh,Janjgir Champa,4,0
Chhattisgarh,Jashpur,4,0
Chhattisgarh,Kawardha,1,0
Chhattisgarh,Korba,323,0
Chhattisgarh,Koriya,649,0
Chhattisgarh,Mahasamund,1,3
Chhattisgarh,Raigarh,106,0
Chhattisgarh,Raipur,16,0
Chhattisgarh,Rajnandgaon,9,0
Chhattisgarh,Surajpur ,1,0
Dadra and Nagar Haveli,Dadra and Nagar Haveli,300,245
Daman and Diu,Daman,17,4
Daman and Diu,Diu,9,3
Delhi,Central Delhi,386,4
Delhi,East Delhi,979,24
Delhi,Najafgarh,77,3
Delhi,New Delhi,65,9
Delhi,North Delhi,341,19
Delhi,North East,359,8
Delhi,North East Delhi,750,63
Delhi,North West Delhi,1974,91
Delhi,South Delhi,1783,84
Delhi,South West Delhi,473,46
Delhi,West Delhi,1251,66
Goa,Bardez,19,0
Goa,Bicholim,1,0
Goa,North Goa,211,2
Goa,Ponda,1,0
Goa,South Goa,186,4
Gujarat,Ahmadabad,21,1
Gujarat,Ahmedabad,629,18
Gujarat,Amreli,769,15
Gujarat,Anand,3385,4
Gujarat,Banaskantha,842,17
Gujarat,Bharuch,244,14
Gujarat,Bhavnagar,1939,6
Gujarat,Dahod,37,2
Gujarat,Dohad,337,13
Gujarat,Gandhinagar,580,4
Gujarat,Jamnagar,772,5
Gujarat,Junagadh,1304,65
Gujarat,Kachchh,310,19
Gujarat,Kheda,401,10
Gujarat,Mahesana,1840,6
Gujarat,Narmada,169,9
Gujarat,Navsari,392,13
Gujarat,Panchmahals,484,33
Gujarat,Patan,357,34
Gujarat,Porbandar,267,8
Gujarat,Rajkot,2340,59
Gujarat,Sabarkantha,866,56
Gujarat,Surat,644,26
Gujarat,Surendra Nagar,531,12
Gujarat,Tapi,343,20
Gujarat,The Dangs,46,3
Gujarat,Vadodara,447,16
Gujarat,Valsad,540,16
Haryana,Ambala,1193,33
Haryana,Bhiwani,1439,19
Haryana,Faridabad,3651,65
Haryana,Fatehabad,1690,6
Haryana,Gurgaon,1589,30
Haryana,Hisar,1459,14
Haryana,Jhajjar,2659,8
Haryana,Jind,1585,9
Haryana,Kaithal,2686,30
Haryana,Karnal,2115,35
Haryana,Kurukshetra,1633,15
Haryana,Mahendragarh,1357,1
Haryana,Mewat,314,3
Haryana,Palwal,2079,18
Haryana,Panchkula,1716,6
Haryana,Panipat,2561,22
Haryana,Rewari,1216,21
Haryana,Rohtak,2577,7
Haryana,Sirsa,1520,4
Haryana,Sonipat,1179,63
Haryana,Yamuna Nagar,1447,5
Himachal Pradesh,Bilaspur,17,2
Himachal Pradesh,Chamba,609,19
Himachal Pradesh,Hamirpur,92,0
Himachal Pradesh,Kangra,2037,19
Himachal Pradesh,Kinnaur,11,0
Himachal Pradesh,Kullu,260,2
Himachal Pradesh,Lahul and Spiti,2,0
Himachal Pradesh,Mandi,234,5
Himachal Pradesh,Shimla,1232,14
Himachal Pradesh,Sirmaur,504,13
Himachal Pradesh,Solan,91,10
Himachal Pradesh,Una,45,0
Jammu and Kashmir,Anantnag,25,0
Jammu and Kashmir,Badgam,4,0
Jammu and Kashmir,Baramula,4,0
Jammu and Kashmir,Doda,174,2
Jammu and Kashmir,Jammu,101,4
Jammu and Kashmir,Kargil,20,1
Jammu and Kashmir,Kathua,5,0
Jammu and Kashmir,Pulwama,46,0
Jammu and Kashmir,Rajouri,3,0
Jammu and Kashmir,Srinagar,3,0
Jammu and Kashmir,Udhampur,2,0
Jharkhand,Bokaro,1256,122
Jharkhand,Chatra,1598,54
Jharkhand,Deoghar,1003,103
Jharkhand,Dhanbad,2603,35
Jharkhand,Dumka,4923,67
Jharkhand,East Singhbhum,3643,40
Jharkhand,Garhwa,2577,50
Jharkhand,Giridih,5192,140
Jharkhand,Godda,2620,41
Jharkhand,Gumla,1336,27
Jharkhand,Hazaribag,7,0
Jharkhand,Hazaribagh,1497,35
Jharkhand,Jamtara,1004,27
Jharkhand,Khunti,214,3
Jharkhand,Kodarma,1,0
Jharkhand,Koderma,834,20
Jharkhand,Latehar,800,8
Jharkhand,Lohardaga,317,11
Jharkhand,Pakaur,2,0
Jharkhand,Pakur,1906,21
Jharkhand,Palamau,15,0
Jharkhand,Palamu,2496,25
Jharkhand,Ramgarh,470,9
Jharkhand,Ranchi,1093,39
Jharkhand,Sahebganj,1794,42
Jharkhand,Seraikela-Kharsawan,888,7
Jharkhand,Simdega,810,8
Jharkhand,West Singhbhum,2639,35
Karnataka,Bagalkot,1190,28
Karnataka,Bangalore,7196,124
Karnataka,Bangalore Rural,864,96
Karnataka,Belgaum,4065,105
Karnataka,Bellary,1186,56
Karnataka,Bidar,113,19
Karnataka,Bijapur,900,28
Karnataka,Bijapur(KAR),11,0
Karnataka,Chamrajanagar,567,11
Karnataka,Chickmagalur,891,32
Karnataka,Chikkaballapur,2176,67
Karnataka,Chitradurga,954,70
Karnataka,Dakshina Kannada,3292,31
Karnataka,Davangere,639,31
Karnataka,Dharwad,1540,34
Karnataka,Gadag,624,15
Karnataka,Gulbarga,898,47
Karnataka,Hasan,670,8
Karnataka,Hassan,6,0
Karnataka,Haveri,1458,4
Karnataka,Kodagu,369,5
Karnataka,Kolar,1315,71
Karnataka,Koppal,481,5
Karnataka,Mandya,546,12
Karnataka,Mysore,353,5
Karnataka,Raichur,228,6
Karnataka,Ramanagar,1027,5
Karnataka,Shimoga,620,17
Karnataka,Tumkur,240,5
Karnataka,Udupi,162,2
Karnataka,Uttara Kannada,1713,1
Karnataka,Yadgir,90,78
Kerala,Alappuzha,905,5
Kerala,Ernakulam,931,20
Kerala,Idukki,482,5
Kerala,Kannur,838,9
Kerala,Kasaragod,977,20
Kerala,Kasargod,934,10
Kerala,Kollam,756,55
Kerala,Kottayam,657,3
Kerala,Kozhikode,1087,5
Kerala,Malappuram,4008,57
Kerala,Palakkad,1107,8
Kerala,Pathanamthitta,205,8
Kerala,Thiruvananthapuram,902,13
Kerala,Thrissur,960,4
Kerala,Wayanad,137,1
Madhya Pradesh,Alirajpur,2112,214
Madhya Pradesh,Anuppur,477,19
Madhya Pradesh,Ashok Nagar,37,8
Madhya Pradesh,Balaghat,1475,23
Madhya Pradesh,Barwani,466,53
Madhya Pradesh,Betul,1477,5
Madhya Pradesh,Bhind,1346,33
Madhya Pradesh,Bhopal,874,69
Madhya Pradesh,Burhanpur,257,5
Madhya Pradesh,Chhatarpur,1492,49
Madhya Pradesh,Chhindwara,1307,50
Madhya Pradesh,Damoh,684,42
Madhya Pradesh,Datia,615,18
Madhya Pradesh,Dewas,243,25
Madhya Pradesh,Dhar,2971,114
Madhya Pradesh,Dindori,2235,127
Madhya Pradesh,Guna,732,169
Madhya Pradesh,Gwalior,1657,52
Madhya Pradesh,Harda,214,15
Madhya Pradesh,Hoshangabad,349,22
Madhya Pradesh,Indore,3274,103
Madhya Pradesh,Jabalpur,792,157
Madhya Pradesh,Jhabua,2612,262
Madhya Pradesh,Katni,1141,26
Madhya Pradesh,Khandwa,672,61
Madhya Pradesh,Khargone,3248,82
Madhya Pradesh,Mandla,946,97
Madhya Pradesh,Mandsaur,194,10
Madhya Pradesh,Morena,594,10
Madhya Pradesh,Narsinghpur,683,50
Madhya Pradesh,Neemuch,21,0
Madhya Pradesh,Panna,1769,36
Madhya Pradesh,Raisen,1018,136
Madhya Pradesh,Rajgarh,548,212
Madhya Pradesh,Ratlam,302,7
Madhya Pradesh,Rewa,4920,196
Madhya Pradesh,Sagar,4942,64
Madhya Pradesh,Satna,3954,160
Madhya Pradesh,Sehore,1137,101
Madhya Pradesh,Seoni,2005,90
Madhya Pradesh,Shahdol,2408,52
Madhya Pradesh,Shajapur,48,1
Madhya Pradesh,Sheopur,110,16
Madhya Pradesh,Shivpuri,150,4
Madhya Pradesh,Sidhi,2228,63
Madhya Pradesh,Singrauli,810,5
Madhya Pradesh,Tikamgarh,268,9
Madhya Pradesh,Ujjain,763,65
Madhya Pradesh,Umaria,1319,34
Madhya Pradesh,Vidisha,410,171
Maharashtra,Ahmadnagar,3131,133
Maharashtra,Ahmed Nagar,64,2
Maharashtra,Akola,1176,20
Maharashtra,Amravati,1362,49
Maharashtra,Aurangabad,3364,60
Maharashtra,Beed,2259,24
Maharashtra,Bhandara,636,24
Maharashtra,Buldhana,989,15
Maharashtra,Chandrapur,1263,11
Maharashtra,Dhule,929,40
Maharashtra,Gadchiroli,107,1
Maharashtra,Gondia,76,0
Maharashtra,Gondiya,2069,34
Maharashtra,Hingoli,109,1
Maharashtra,Jalgaon,3382,20
Maharashtra,Jalna,331,73
Maharashtra,Kolhapur,2637,30
Maharashtra,Latur,1937,20
Maharashtra,Mumbai,8973,91
Maharashtra,Mumbai City,46,0
Maharashtra,Mumbai( Sub Urban ),2,0
Maharashtra,Nagpur,1950,226
Maharashtra,Nanded,1229,15
Maharashtra,Nandurbar,2623,11
Maharashtra,Nashik,3892,271
Maharashtra,Osmanabad,491,34
Maharashtra,Parbhani,859,33
Maharashtra,Pune,8367,63
Maharashtra,Raigarh,731,26
Maharashtra,Raigarh(MH),146,0
Maharashtra,Ratnagiri,263,167
Maharashtra,Sangli,1431,15
Maharashtra,Satara,1198,23
Maharashtra,Sindhudurg,259,9
Maharashtra,Solapur,1328,41
Maharashtra,Thane,7194,292
Maharashtra,Wardha,223,4
Maharashtra,Washim,226,15
Maharashtra,Yavatmal,1090,35
Manipur,Bishnupur,9,0
Manipur,Churachandpur,1,0
Manipur,Imphal West,5,0
Manipur,Senapati,4,0
Manipur,Thoubal,4,0
Manipur,Ukhrul,1,0
Meghalaya,East Khasi Hills,3,0
Nagaland,Dimapur,117,1
Nagaland,Kohima,47,0
Nagaland,Longleng,1,0
Nagaland,Mokokchung,12,0
Nagaland,Mon,17,0
Nagaland,Phek,46,0
Nagaland,Tuensang,15,0
Nagaland,Wokha,34,0
Nagaland,Zunheboto,70,1
Odisha,Angul,6,0
Odisha,Balangir,565,2
Odisha,Baleswar,75,7
Odisha,Bargarh,53,147
Odisha,Bhadrak,289,17
Odisha,Cuttack,506,1
Odisha,Debagarh,1,0
Odisha,Dhenkanal,8,1
Odisha,Gajapati,4,0
Odisha,Ganjam,193,325
Odisha,Jagatsinghapur,654,1
Odisha,Jajapur,31,1
Odisha,Jharsuguda,2,0
Odisha,Kalahandi,5,0
Odisha,Kandhamal,127,551
Odisha,Kendrapara,1141,107
Odisha,Kendujhar,264,3
Odisha,Khorda,12,0
Odisha,Khordha,297,16
Odisha,Koraput,37,0
Odisha,Malkangiri,1,0
Odisha,Mayurbhanj,683,13
Odisha,Nayagarh,9,0
Odisha,Nuapada,1,0
Odisha,Puri,1056,3
Odisha,Rayagada,1,0
Odisha,Sambalpur,7,37
Odisha,Sonapur,26,307
Odisha,Sundergarh,308,24
Others,Others,48,5408
Puducherry,Karaikal,9,0
Puducherry,Pondicherry,17,0
Puducherry,Puducherry,99,6
Puducherry,Yanam,24,1
Punjab,Amritsar,1831,50
Punjab,Barnala,347,37
Punjab,Bathinda,1053,134
Punjab,Faridkot,536,23
Punjab,Fatehgarh Sahib,257,5
Punjab,Fazilka,944,380
Punjab,Ferozepur,522,26
Punjab,Gurdaspur,2216,43
Punjab,Hoshiarpur,869,61
Punjab,Jalandhar,5416,22
Punjab,Kapurthala,342,16
Punjab,Ludhiana,2979,255
Punjab,Mansa,434,15
Punjab,Moga,615,38
Punjab,Muktsar,10,0
Punjab,Nawanshahr,1,0
Punjab,Pathankot,199,6
Punjab,Patiala,1735,91
Punjab,Rupnagar,509,12
Punjab,SAS Nagar (Mohali),798,10
Punjab,Sangrur,1033,27
Punjab,Shaheed Bhagat Singh Nagar,188,9
Punjab,Sri Muktsar Sahib,610,82
Punjab,Tarn Taran,230,17
Rajasthan,Ajmer,1959,119
Rajasthan,Alwar,4374,107
Rajasthan,Banswara,1278,20
Rajasthan,Baran,831,41
Rajasthan,Barmer,2056,362
Rajasthan,Bharatpur,1081,21
Rajasthan,Bhilwara,3988,27
Rajasthan,Bikaner,431,103
Rajasthan,Bundi,458,18
Rajasthan,Chittorgarh,661,32
Rajasthan,Churu,809,170
Rajasthan,Dausa,1234,58
Rajasthan,Dholpur,354,10
Rajasthan,Dungarpur,823,7
Rajasthan,Ganganagar,4079,116
Rajasthan,Hanumangarh,2573,29
Rajasthan,Jaipur,4977,236
Rajasthan,Jaisalmer,214,1
Rajasthan,Jalor,1938,320
Rajasthan,Jhalawar,864,33
Rajasthan,Jhunjhunu,54,2
Rajasthan,Jhunjhunun,2894,22
Rajasthan,Jodhpur,2911,68
Rajasthan,Karauli,1307,26
Rajasthan,Kota,2148,46
Rajasthan,Nagaur,2334,105
Rajasthan,Pali,3486,120
Rajasthan,Pratapgarh,1093,11
Rajasthan,Rajsamand,493,86
Rajasthan,Sawai Madhopur,1288,20
Rajasthan,Sikar,2731,111
Rajasthan,Sirohi,1017,129
Rajasthan,Tonk,625,59
Rajasthan,Udaipur,2467,141
Sikkim,East Sikkim,64,0
Sikkim,North Sikkim,8,1
Sikkim,South Sikkim,4,0
Sikkim,West Sikkim,3,0
Tamil Nadu,Ariyalur,44,1
Tamil Nadu,Chennai,2120,18
Tamil Nadu,Coimbatore,641,16
Tamil Nadu,Cuddalore,106,2
Tamil Nadu,Dharmapuri,2587,12
Tamil Nadu,Dindigul,518,10
Tamil Nadu,Erode,606,10
Tamil Nadu,Kancheepuram,358,10
Tamil Nadu,Kanchipuram,91,6
Tamil Nadu,Kanniyakumari,283,3
Tamil Nadu,Kanyakumari,41,1
Tamil Nadu,Karur,41,6
Tamil Nadu,Krishnagiri,223,8
Tamil Nadu,Madurai,3209,24
Tamil Nadu,Nagapattinam,85,1
Tamil Nadu,Namakkal,526,4
Tamil Nadu,Nilgiris,20,0
Tamil Nadu,Perambalur,12,1
Tamil Nadu,Pudukkottai,41,2
Tamil Nadu,Ramanathapuram,4374,8
Tamil Nadu,Salem,15058,42
Tamil Nadu,Sivaganga,984,14
Tamil Nadu,Thanjavur,2023,32
Tamil Nadu,The Nilgiris,138,3
Tamil Nadu,Theni,46,6
Tamil Nadu,Thiruvarur,73,4
Tamil Nadu,Thoothukkudi,280,16
Tamil Nadu,Tiruchirappalli,107,9
Tamil Nadu,Tirunelveli,936,14
Tamil Nadu,Tiruppur,698,206
Tamil Nadu,Tiruvallur,1107,13
Tamil Nadu,Tiruvannamalai,1468,37
Tamil Nadu,Tiruvarur,41,3
Tamil Nadu,Vellore,3554,27
Tamil Nadu,Villupuram,6,7
Tamil Nadu,Viluppuram,4303,2
Tamil Nadu,Virudhunagar,389,3
Tripura,Dhalai,84,1
Tripura,Gomati,1,0
Tripura,Khowai,67,1
Tripura,North Tripura,127,13
Tripura,Sepahijala,7,0
Tripura,South Tripura,9,0
Tripura,Unakoti,4,0
Tripura,West Tripura,134,1
Uttar Pradesh,Agra,54,0
Uttar Pradesh,Aligarh,308,1
Uttar Pradesh,Allahabad,99,4
Uttar Pradesh,Ambedkar Nagar,46,0
Uttar Pradesh,Amethi,704,2
Uttar Pradesh,Amroha,12,0
Uttar Pradesh,Auraiya,25,0
Uttar Pradesh,Azamgarh,332,5
Uttar Pradesh,Baghpat,25,0
Uttar Pradesh,Bahraich,28,0
Uttar Pradesh,Ballia,303,6
Uttar Pradesh,Balrampur,25,0
Uttar Pradesh,Banda,35,4
Uttar Pradesh,Bara Banki,235,0
Uttar Pradesh,Barabanki,3,0
Uttar Pradesh,Bareilly,34,0
Uttar Pradesh,Basti,307,2
Uttar Pradesh,Bijnor,523,32
Uttar Pradesh,Budaun,36,4
Uttar Pradesh,Bulandshahr,41,0
Uttar Pradesh,Chandauli,683,0
Uttar Pradesh,Chitrakoot,453,4
Uttar Pradesh,Deoria,70,1
Uttar Pradesh,Etah,19,0
Uttar Pradesh,Etawah,1647,0
Uttar Pradesh,Faizabad,655,6
Uttar Pradesh,Farrukhabad,17,0
Uttar Pradesh,Fatehpur,170,0
Uttar Pradesh,Firozabad,21,1
Uttar Pradesh,Gautam Buddha Nagar,240,3
Uttar Pradesh,Ghaziabad,878,359
Uttar Pradesh,Ghazipur,173,1
Uttar Pradesh,Gonda,94,2
Uttar Pradesh,Gorakhpur,213,3
Uttar Pradesh,Hamirpur,10,0
Uttar Pradesh,Hardoi,69,4
Uttar Pradesh,Hathras,23,0
Uttar Pradesh,Jalaun,22,0
Uttar Pradesh,Jaunpur,104,1
Uttar Pradesh,Jhansi,22,0
Uttar Pradesh,Kannauj,27,0
Uttar Pradesh,Kanpur Dehat,20,0
Uttar Pradesh,Kanpur Nagar,60,0
Uttar Pradesh,Kasganj,13,0
Uttar Pradesh,Kaushambi,183,1
Uttar Pradesh,Kheri,20,0
Uttar Pradesh,Kushinagar,61,0
Uttar Pradesh,Lalitpur,3,0
Uttar Pradesh,Lucknow,46,2
Uttar Pradesh,Maharajganj,227,2
Uttar Pradesh,Mahoba,105,0
Uttar Pradesh,Mahrajganj,3,0
Uttar Pradesh,Mainpuri,97,2
Uttar Pradesh,Mathura,52,0
Uttar Pradesh,Mau,38,0
Uttar Pradesh,Meerut,363,1
Uttar Pradesh,Mirzapur,135,0
Uttar Pradesh,Moradabad,14,0
Uttar Pradesh,Muzaffarnagar,31,2
Uttar Pradesh,Pilibhit,331,2
Uttar Pradesh,Pratapgarh,890,2
Uttar Pradesh,Rae Bareli,1153,0
Uttar Pradesh,Raebareli,3,1
Uttar Pradesh,Rampur,10,0
Uttar Pradesh,Saharanpur,29,0
Uttar Pradesh,Sambhal,9,1
Uttar Pradesh,Sant Kabir Nagar,549,4
Uttar Pradesh,Sant Ravidas Nagar,368,12
Uttar Pradesh,Sant Ravidas Nagar Bhadohi,3,0
Uttar Pradesh,Shahjahanpur,12,0
Uttar Pradesh,Shamli,13,0
Uttar Pradesh,Shrawasti,479,9
Uttar Pradesh,Siddharthnagar,92,0
Uttar Pradesh,Sitapur,18,1
Uttar Pradesh,Sonbhadra,36,2
Uttar Pradesh,Sultanpur,59,1
Uttar Pradesh,Unnao,26,0
Uttar Pradesh,Varanasi,203,4
Uttarakhand,Almora,35,0
Uttarakhand,Bageshwar,34,0
Uttarakhand,Chamoli,11,0
Uttarakhand,Champawat,444,0
Uttarakhand,Dehradun,101,3
Uttarakhand,Garhwal,1,0
Uttarakhand,Hardwar,4,0
Uttarakhand,Haridwar,10,1
Uttarakhand,Nainital,17,1
Uttarakhand,Pauri Garhwal,36,0
Uttarakhand,Pithoragarh,24,1
Uttarakhand,Rudraprayag,10,0
Uttarakhand,Tehri Garhwal,60,1
Uttarakhand,Udham Singh Nagar,141,0
Uttarakhand,Uttarkashi,9,0
West Bengal,Bally Jagachha,1,0
West Bengal,Bankura,30,0
West Bengal,Barddhaman,806,58
West Bengal,Bardhaman,1076,27
West Bengal,Birbhum,540,1
West Bengal,Cooch Behar,192,0
West Bengal,Dakshin Dinajpur,4621,943
West Bengal,Darjeeling,1447,0
West Bengal,East Midnapore,642,2
West Bengal,Hooghly,4717,2
West Bengal,Howrah,711,26
West Bengal,Jalpaiguri,918,3
West Bengal,Kolkata,1608,162
West Bengal,Malda,8565,147
West Bengal,Medinipur,510,752
West Bengal,Murshidabad,7814,544
West Bengal,Nadia,7430,274
West Bengal,North 24 Parganas,402,570
West Bengal,North Dinajpur,40,0
West Bengal,Purba Medinipur,38,1
West Bengal,Purulia,1335,23
West Bengal,Puruliya,714,2
West Bengal,South 24 Parganas,185,1
West Bengal,South Dinajpur,44,0
West Bengal,South Twenty Four Parganas,8237,32
West Bengal,Uttar Dinajpur,281,9
West Bengal,West Midnapore,125,91
