State,District,Aadhaar generated,Enrolment Rejected
Andaman and Nicobar Islands,Andamans,2,0
Andaman and Nicobar Islands,North And Middle Andaman,1,0
Andaman and Nicobar Islands,South Andaman,2,0
Andhra Pradesh,Adilabad,2284,895
Andhra Pradesh,Anantapur,696,1
Andhra Pradesh,Ananthapur,1633,3356
Andhra Pradesh,Chittoor,4273,4743
Andhra Pradesh,Cuddapah,7306,6212
Andhra Pradesh,East Godavari,4114,3308
Andhra Pradesh,Guntur,5010,3519
Andhra Pradesh,Hyderabad,6891,2349
Andhra Pradesh,K.V.Rangareddy,711,7
Andhra Pradesh,K.v. Rangareddy,14058,4413
Andhra Pradesh,Karim Nagar,8,0
Andhra Pradesh,Karimnagar,2148,400
Andhra Pradesh,Khammam,1834,268
Andhra Pradesh,Krishna,3971,3334
Andhra Pradesh,Kurnool,66882,1092
Andhra Pradesh,Mahabub Nagar,301,78
Andhra Pradesh,Mahabubnagar,775,924
Andhra Pradesh,Mahbubnagar,70,18
Andhra Pradesh,Medak,2319,601
Andhra Pradesh,Nalgonda,3093,574
Andhra Pradesh,Nellore,4384,143
Andhra Pradesh,Nizamabad,2023,347
Andhra Pradesh,Prakasam,882,341
Andhra Pradesh,Srikakulam,1329,3387
Andhra Pradesh,Visakhapatnam,1656,1192
Andhra Pradesh,Vizianagaram,15562,34
Andhra Pradesh,Warangal,6456,420
Andhra Pradesh,West Godavari,697,403
Arunachal Pradesh,East Siang,1,0
Arunachal Pradesh,Papum Pare,1,0
Arunachal Pradesh,Upper Subansiri,2,0
Assam,Baksa,4,1
Assam,Barpeta,3,1
Assam,Bongaigaon,2,0
Assam,Cachar,11,0
Assam,Chirang,1,1
Assam,Darrang,4,1
Assam,Dhemaji,1,0
Assam,Dhubri,2,1
Assam,Golaghat,2,0
Assam,Hailakandi,4,1
Assam,Jorhat,6,2
Assam,Kamrup,4,0
Assam,Kamrup Metro,3,0
Assam,Karbi Anglong,2,0
Assam,Karimganj,4,0
Assam,Kokrajhar,1,0
Assam,Lakhimpur,5,0
Assam,Marigaon,3,0
Assam,Nagaon,5,0
Assam,Nalbari,2,1
Assam,North Cachar Hills,1,0
Assam,Sibsagar,4,1
Assam,Sonitpur,2,1
Assam,Tinsukia,2,0
Assam,Udalguri,10,0
Bihar,Araria,12,2
Bihar,Arwal,7594,238
Bihar,Aurangabad,227,8
Bihar,Aurangabad(BH),1,0
Bihar,Banka,13,5
Bihar,Begusarai,29,5
Bihar,Bhabua,1,0
Bihar,Bhagalpur,32,9
Bihar,Bhojpur,45,13
Bihar,Buxar,28,8
Bihar,Darbhanga,110,19
Bihar,East Champaran,60,6
Bihar,Gaya,49,9
Bihar,Gopalganj,46,6
Bihar,Jamui,39,6
Bihar,Jehanabad,16,1
Bihar,Kaimur (Bhabua),7,2
Bihar,Katihar,32,3
Bihar,Khagaria,13,3
Bihar,Kishanganj,36,5
Bihar,Lakhisarai,46,3
Bihar,Madhepura,11,2
Bihar,Madhubani,70,12
Bihar,Munger,21,7
Bihar,Muzaffarpur,50,9
Bihar,Nalanda,91,9
Bihar,Nawada,23,8
Bihar,Patna,72,14
Bihar,Purnia,9,3
Bihar,Rohtas,107,6
Bihar,Saharsa,25,15
Bihar,Samastipur,39,6
Bihar,Saran,67,14
Bihar,Sheikhpura,2983,647
Bihar,Sheohar,464,107
Bihar,Sitamarhi,39,10
Bihar,Siwan,43,7
Bihar,Supaul,17,1
Bihar,Vaishali,116,6
Bihar,West Champaran,24,2
Chandigarh,Chandigarh,517,321
Chhattisgarh,Balod,21,0
Chhattisgarh,Bemetara,8,1
Chhattisgarh,Bilaspur,7,0
Chhattisgarh,Dantewada,1,0
Chhattisgarh,Dhamtari,3199,127
Chhattisgarh,Durg,127,17
Chhattisgarh,Janjgir Champa,3,0
Chhattisgarh,Janjgir-champa,9,0
Chhattisgarh,Jashpur,1,0
Chhattisgarh,Korba,34,0
Chhattisgarh,Koriya,463,49
Chhattisgarh,Mahasamund,62,0
Chhattisgarh,Mungeli ,1,0
Chhattisgarh,Narayanpur,1,0
Chhattisgarh,Raigarh,40,36
Chhattisgarh,Raipur,109,4
Chhattisgarh,Rajnandgaon,9,1
Dadra and Nagar Haveli,Dadra and Nagar Haveli,448,1
Daman and Diu,Daman,17,39
Daman and Diu,Diu,23,45
Delhi,Central Delhi,619,324
Delhi,East Delhi,2099,464
Delhi,Najafgarh,160,9
Delhi,New Delhi,5,8
Delhi,North Delhi,439,233
Delhi,North East,1177,177
Delhi,North East Delhi,337,602
Delhi,North West Delhi,3707,2414
Delhi,South Delhi,2328,931
Delhi,South West Delhi,2110,736
Delhi,West Delhi,2045,3069
Goa,Bardez,10,15
Goa,Bicholim,1,0
Goa,North Goa,894,658
Goa,Ponda,0,1
Goa,South Goa,184,215
Gujarat,Ahmadabad,2,1
Gujarat,Ahmedabad,119,44
Gujarat,Amreli,16,14
Gujarat,Anand,2283,178
Gujarat,Banaskantha,310,33
Gujarat,Bharuch,301,14
Gujarat,Bhavnagar,1884,181
Gujarat,Dahod,9,4
Gujarat,Dohad,16,44
Gujarat,Gandhinagar,916,14
Gujarat,Jamnagar,78,111
Gujarat,Junagadh,390,71
Gujarat,Kachchh,442,25
Gujarat,Kheda,99,12
Gujarat,Mahesana,498,194
Gujarat,Narmada,41,8
Gujarat,Navsari,1565,21
Gujarat,Panchmahals,70,35
Gujarat,Patan,58,78
Gujarat,Porbandar,18,124
Gujarat,Rajkot,1497,199
Gujarat,Sabarkantha,28,35
Gujarat,Surat,192,104
Gujarat,Surendra Nagar,1072,33
Gujarat,Tapi,349,14
Gujarat,The Dangs,161,15
Gujarat,Vadodara,72,22
Gujarat,Valsad,858,116
Haryana,Ambala,495,281
Haryana,Bhiwani,294,53
Haryana,Faridabad,1058,121
Haryana,Fatehabad,2991,16
Haryana,Gurgaon,688,80
Haryana,Hisar,537,61
Haryana,Jhajjar,732,75
Haryana,Jind,250,36
Haryana,Kaithal,1209,57
Haryana,Karnal,461,53
Haryana,Kurukshetra,1354,43
Haryana,Mahendragarh,621,8
Haryana,Mewat,85,4
Haryana,Palwal,107,55
Haryana,Panchkula,1942,50
Haryana,Panipat,1876,42
Haryana,Rewari,900,56
Haryana,Rohtak,413,47
Haryana,Sirsa,479,94
Haryana,Sonipat,1026,531
Haryana,Yamuna Nagar,306,23
Himachal Pradesh,Bilaspur,388,182
Himachal Pradesh,Bilaspur ,5,0
Himachal Pradesh,Chamba,415,118
Himachal Pradesh,Hamirpur,440,135
Himachal Pradesh,Kangra,2447,552
Himachal Pradesh,Kinnaur,11,2
Himachal Pradesh,Kullu,412,282
Himachal Pradesh,Lahul and Spiti,9,1
Himachal Pradesh,Mandi,769,616
Himachal Pradesh,Shimla,1617,116
Himachal Pradesh,Sirmaur,188,49
Himachal Pradesh,Solan,228,72
Himachal Pradesh,Una,602,88
Jammu and Kashmir,Anantnag,3,0
Jammu and Kashmir,Badgam,3,0
Jammu and Kashmir,Bandipore,2,0
Jammu and Kashmir,Baramula,1,0
Jammu and Kashmir,Doda,3,0
Jammu and Kashmir,Jammu,49,7
Jammu and Kashmir,Kargil,2,0
Jammu and Kashmir,Kathua,9,3
Jammu and Kashmir,Punch,3,0
Jammu and Kashmir,Rajouri,5,0
Jammu and Kashmir,Udhampur,6,0
Jharkhand,Bokaro,1259,1551
Jharkhand,Chatra,1583,202
Jharkhand,Deoghar,767,394
Jharkhand,Dhanbad,478,143
Jharkhand,Dumka,1690,65
Jharkhand,East Singhbhum,2229,455
Jharkhand,Garhwa,62,42
Jharkhand,Giridih,3509,768
Jharkhand,Godda,421,155
Jharkhand,Gumla,99,82
Jharkhand,Hazaribag,3,0
Jharkhand,Hazaribagh,1557,623
Jharkhand,Jamtara,597,49
Jharkhand,Khunti,178,195
Jharkhand,Kodarma,6,2
Jharkhand,Koderma,240,72
Jharkhand,Latehar,138,45
Jharkhand,Lohardaga,704,296
Jharkhand,Pakur,373,71
Jharkhand,Palamau,12,1
Jharkhand,Palamu,244,106
Jharkhand,Ramgarh,1434,265
Jharkhand,Ranchi,3600,894
Jharkhand,Sahebganj,354,50
Jharkhand,Seraikela-Kharsawan,2679,558
Jharkhand,Simdega,556,133
Jharkhand,West Singhbhum,2101,125
Karnataka,Bagalkot,559,51
Karnataka,Bangalore,4644,611
Karnataka,Bangalore Rural,890,220
Karnataka,Belgaum,625,200
Karnataka,Bellary,457,129
Karnataka,Bidar,380,13
Karnataka,Bijapur,331,64
Karnataka,Bijapur(KAR),48,2
Karnataka,Chamrajanagar,345,19
Karnataka,Chickmagalur,1077,39
Karnataka,Chikkaballapur,1503,15
Karnataka,Chitradurga,781,30
Karnataka,Dakshina Kannada,645,120
Karnataka,Davangere,40982,12
Karnataka,Dharwad,3330,1001
Karnataka,Gadag,21192,55
Karnataka,Gulbarga,331,122
Karnataka,Hasan,218,19
Karnataka,Hassan,1,0
Karnataka,Haveri,613,23
Karnataka,Kodagu,46,197
Karnataka,Kolar,2306,33
Karnataka,Koppal,65,136
Karnataka,Mandya,721,61
Karnataka,Mysore,191,713
Karnataka,Raichur,184,7
Karnataka,Ramanagar,100,26
Karnataka,Shimoga,208,23
Karnataka,Tumkur,534,827
Karnataka,Udupi,4435,47
Karnataka,Uttara Kannada,16,35
Karnataka,Yadgir,952,6
Kerala,Alappuzha,1373,5229
Kerala,Ernakulam,1517,389
Kerala,Idukki,565,204
Kerala,Kannur,1808,4664
Kerala,Kasaragod,90,152
Kerala,Kasargod,776,2509
Kerala,Kollam,714,10977
Kerala,Kottayam,5432,922
Kerala,Kozhikode,1115,6292
Kerala,Malappuram,1875,2266
Kerala,Palakkad,1202,310
Kerala,Pathanamthitta,927,1403
Kerala,Thiruvananthapuram,568,2638
Kerala,Thrissur,2514,2015
Kerala,Wayanad,492,953
Lakshadweep,Lakshadweep,15,2
Madhya Pradesh,Alirajpur,759,55
Madhya Pradesh,Anuppur,373,46
Madhya Pradesh,Ashok Nagar,56,5
Madhya Pradesh,Balaghat,718,21
Madhya Pradesh,Barwani,123,123
Madhya Pradesh,Betul,423,23
Madhya Pradesh,Bhind,932,77
Madhya Pradesh,Bhopal,1049,434
Madhya Pradesh,Burhanpur,6,13
Madhya Pradesh,Chhatarpur,1179,91
Madhya Pradesh,Chhindwara,2287,59
Madhya Pradesh,Damoh,291,44
Madhya Pradesh,Datia,772,21
Madhya Pradesh,Dewas,149,29
Madhya Pradesh,Dhar,1085,79
Madhya Pradesh,Dindori,309,14
Madhya Pradesh,Guna,391,47
Madhya Pradesh,Gwalior,462,134
Madhya Pradesh,Harda,377,329
Madhya Pradesh,Hoshangabad,901,963
Madhya Pradesh,Indore,800,259
Madhya Pradesh,Jabalpur,446,307
Madhya Pradesh,Jhabua,567,81
Madhya Pradesh,Katni,579,43
Madhya Pradesh,Khandwa,442,436
Madhya Pradesh,Khargone,550,62
Madhya Pradesh,Mandla,196,31
Madhya Pradesh,Mandsaur,97,21
Madhya Pradesh,Morena,542,42
Madhya Pradesh,Narsinghpur,116,20
Madhya Pradesh,Neemuch,68,2
Madhya Pradesh,Panna,2906,21
Madhya Pradesh,Raisen,386,80
Madhya Pradesh,Rajgarh,291,36
Madhya Pradesh,Ratlam,143,21
Madhya Pradesh,Rewa,2310,237
Madhya Pradesh,Sagar,3697,38
Madhya Pradesh,Satna,1094,79
Madhya Pradesh,Sehore,687,191
Madhya Pradesh,Seoni,522,19
Madhya Pradesh,Shahdol,1198,48
Madhya Pradesh,Shajapur,34,4
Madhya Pradesh,Sheopur,16,2
Madhya Pradesh,Shivpuri,124,23
Madhya Pradesh,Sidhi,967,84
Madhya Pradesh,Singrauli,492,9
Madhya Pradesh,Tikamgarh,1732,24
Madhya Pradesh,Ujjain,113,56
Madhya Pradesh,Umaria,405,52
Madhya Pradesh,Vidisha,736,69
Maharashtra,Ahmadnagar,2337,335
Maharashtra,Ahmed Nagar,458,0
Maharashtra,Akola,949,206
Maharashtra,Amravati,3445,1833
Maharashtra,Aurangabad,1530,3422
Maharashtra,Beed,1499,361
Maharashtra,Bhandara,6344,259
Maharashtra,Buldhana,598,133
Maharashtra,Chandrapur,1093,184
Maharashtra,Dhule,1318,1266
Maharashtra,Gadchiroli,73,19
Maharashtra,Gondia,64,9
Maharashtra,Gondiya,1930,1098
Maharashtra,Hingoli,410,13
Maharashtra,Jalgaon,3730,2178
Maharashtra,Jalna,874,986
Maharashtra,Kolhapur,2377,156
Maharashtra,Latur,1215,2243
Maharashtra,Mumbai,19732,3449
Maharashtra,Mumbai City,95,8
Maharashtra,Mumbai( Sub Urban ),4,1
Maharashtra,Nagpur,19829,531
Maharashtra,Nanded,468,43
Maharashtra,Nandurbar,4032,1389
Maharashtra,Nashik,2786,381
Maharashtra,Osmanabad,1742,42
Maharashtra,Parbhani,1062,54
Maharashtra,Pune,16618,2624
Maharashtra,Raigarh,3241,44
Maharashtra,Raigarh(MH),368,3
Maharashtra,Ratnagiri,711,157
Maharashtra,Sangli,1652,169
Maharashtra,Satara,3544,85
Maharashtra,Sindhudurg,117,13
Maharashtra,Solapur,1092,98
Maharashtra,Thane,33514,1422
Maharashtra,Wardha,565,559
Maharashtra,Washim,330,63
Maharashtra,Yavatmal,1210,83
Manipur,Bishnupur,1,1
Manipur,Chandel,8,1
Manipur,Churachandpur,7,1
Manipur,Imphal East,46,2
Manipur,Imphal West,24,0
Manipur,Senapati,2,0
Manipur,Tamenglong,218,0
Manipur,Thoubal,3,0
Manipur,Ukhrul,2,0
Meghalaya,East Khasi Hills,2,0
Meghalaya,Ri Bhoi,1,0
Meghalaya,West Garo Hills,1,0
Mizoram,Aizawl,1,0
Nagaland,Dimapur,1907,95
Nagaland,Kiphire,35,0
Nagaland,Kohima,1537,72
Nagaland,Longleng,1,0
Nagaland,Mokokchung,19,10
Nagaland,Mon,4,0
Nagaland,Phek,397,15
Nagaland,Tuensang,28,0
Nagaland,Wokha,1482,10
Nagaland,Zunheboto,2612,23
Odisha,Angul,7,2
Odisha,Balangir,9111,39
Odisha,Baleswar,10831,73
Odisha,Bargarh,953,10
Odisha,Bhadrak,27622,6
Odisha,Cuttack,3917,26
Odisha,Debagarh,4,0
Odisha,Dhenkanal,15,0
Odisha,Gajapati,2,0
Odisha,Ganjam,2359,399
Odisha,Jagatsinghapur,9441,65
Odisha,Jajapur,18,2
Odisha,Kalahandi,4,2
Odisha,Kandhamal,8,0
Odisha,Kendrapara,1466,306
Odisha,Kendujhar,11750,4
Odisha,Khorda,16,4
Odisha,Khordha,4264,2377
Odisha,Koraput,150,0
Odisha,Mayurbhanj,21,2
Odisha,Nayagarh,6,1
Odisha,Nuapada,1,0
Odisha,Puri,36456,1424
Odisha,Rayagada,31,0
Odisha,Sambalpur,4,0
Odisha,Sonapur,2201,1
Odisha,Sundergarh,6277,39
Others,Others,71,938
Puducherry,Karaikal,39,0
Puducherry,Pondicherry,113,2
Puducherry,Puducherry,223,805
Puducherry,Yanam,125,191
Punjab,Amritsar,1889,201
Punjab,Barnala,867,500
Punjab,Bathinda,478,286
Punjab,Faridkot,52,18
Punjab,Fatehgarh Sahib,109,135
Punjab,Fazilka,73,127
Punjab,Ferozepur,121,52
Punjab,Gurdaspur,2973,1822
Punjab,Hoshiarpur,2582,84
Punjab,Jalandhar,2443,1600
Punjab,Kapurthala,269,142
Punjab,Ludhiana,1267,336
Punjab,Mansa,194,42
Punjab,Moga,534,33
Punjab,Muktsar,5,1
Punjab,Pathankot,792,376
Punjab,Patiala,749,373
Punjab,Rupnagar,282,46
Punjab,SAS Nagar (Mohali),595,45
Punjab,Sangrur,654,149
Punjab,Shaheed Bhagat Singh Nagar,162,129
Punjab,Sri Muktsar Sahib,263,198
Punjab,Tarn Taran,463,24
Rajasthan,Ajmer,1967,671
Rajasthan,Alwar,3563,1213
Rajasthan,Banswara,125,59
Rajasthan,Baran,399,189
Rajasthan,Barmer,1533,80
Rajasthan,Bharatpur,1152,169
Rajasthan,Bhilwara,321,41
Rajasthan,Bikaner,3245,98
Rajasthan,Bundi,260,71
Rajasthan,Chittorgarh,611,109
Rajasthan,Churu,11635,124
Rajasthan,Dausa,3634,833
Rajasthan,Dholpur,1549,96
Rajasthan,Dungarpur,78,19
Rajasthan,Ganganagar,1247,89
Rajasthan,Hanumangarh,1545,82
Rajasthan,Jaipur,3032,573
Rajasthan,Jaisalmer,67,3
Rajasthan,Jalor,953,66
Rajasthan,Jhalawar,599,86
Rajasthan,Jhunjhunu,76,38
Rajasthan,Jhunjhunun,2084,1047
Rajasthan,Jodhpur,724,145
Rajasthan,Karauli,1552,66
Rajasthan,Kota,1619,2438
Rajasthan,Nagaur,2080,201
Rajasthan,Pali,4736,1640
Rajasthan,Pratapgarh,28,9
Rajasthan,Rajsamand,495,102
Rajasthan,Sawai Madhopur,507,90
Rajasthan,Sikar,744,129
Rajasthan,Sirohi,287,47
Rajasthan,Tonk,1531,99
Rajasthan,Udaipur,3699,1390
Sikkim,East Sikkim,143,55
Sikkim,North Sikkim,18,17
Sikkim,South Sikkim,29,10
Sikkim,West Sikkim,42,22
Tamil Nadu,Ariyalur,1330,16
Tamil Nadu,Chennai,459,13
Tamil Nadu,Coimbatore,76,2
Tamil Nadu,Cuddalore,1409,3
Tamil Nadu,Dharmapuri,1877,7
Tamil Nadu,Dindigul,1758,16
Tamil Nadu,Erode,10525,7
Tamil Nadu,Kancheepuram,342,161
Tamil Nadu,Kanchipuram,164,0
Tamil Nadu,Kanniyakumari,144,4
Tamil Nadu,Kanyakumari,138,0
Tamil Nadu,Karur,425,2
Tamil Nadu,Krishnagiri,780,583
Tamil Nadu,Madurai,4032,1692
Tamil Nadu,Nagapattinam,459,48
Tamil Nadu,Namakkal,28,7
Tamil Nadu,Nilgiris,110,0
Tamil Nadu,Perambalur,315,0
Tamil Nadu,Pudukkottai,6333,2
Tamil Nadu,Ramanathapuram,279,9
Tamil Nadu,Salem,1442,160
Tamil Nadu,Sivaganga,847,378
Tamil Nadu,Thanjavur,3357,109
Tamil Nadu,The Nilgiris,1,1
Tamil Nadu,Theni,40,13
Tamil Nadu,Thiruvarur,595,76
Tamil Nadu,Thoothukkudi,1778,1074
Tamil Nadu,Tiruchirappalli,11560,75
Tamil Nadu,Tirunelveli,2868,138
Tamil Nadu,Tiruppur,165,15
Tamil Nadu,Tiruvallur,205,288
Tamil Nadu,Tiruvannamalai,6689,5
Tamil Nadu,Tiruvarur,699,0
Tamil Nadu,Vellore,9525,854
Tamil Nadu,Villupuram,60,1
Tamil Nadu,Viluppuram,660,69
Tamil Nadu,Virudhunagar,2178,265
Tripura,Dhalai,226,87
Tripura,Gomati,2,7
Tripura,Khowai,246,45
Tripura,North Tripura,155,41
Tripura,Sepahijala,5,0
Tripura,South Tripura,11,1
Tripura,Unakoti,4,0
Tripura,West Tripura,231,71
Uttar Pradesh,Agra,119,5
Uttar Pradesh,Aligarh,26,6
Uttar Pradesh,Allahabad,75,12
Uttar Pradesh,Ambedkar Nagar,33,3
Uttar Pradesh,Amethi,138,15
Uttar Pradesh,Amroha,5,0
Uttar Pradesh,Auraiya,202,4
Uttar Pradesh,Azamgarh,86,31
Uttar Pradesh,Baghpat,16,1
Uttar Pradesh,Bahraich,36,5
Uttar Pradesh,Ballia,96,32
Uttar Pradesh,Balrampur,27,1
Uttar Pradesh,Banda,14,2
Uttar Pradesh,Bara Banki,66,83
Uttar Pradesh,Barabanki,1,1
Uttar Pradesh,Bareilly,81,7
Uttar Pradesh,Basti,42,9
Uttar Pradesh,Bijnor,22,12
Uttar Pradesh,Budaun,19,2
Uttar Pradesh,Bulandshahar,2,0
Uttar Pradesh,Bulandshahr,35,5
Uttar Pradesh,Chandauli,21,10
Uttar Pradesh,Chitrakoot,423,69
Uttar Pradesh,Deoria,170,11
Uttar Pradesh,Etah,55,1
Uttar Pradesh,Etawah,512,841
Uttar Pradesh,Faizabad,414,145
Uttar Pradesh,Farrukhabad,11,2
Uttar Pradesh,Fatehpur,20,4
Uttar Pradesh,Firozabad,21,6
Uttar Pradesh,Gautam Buddha Nagar,75,11
Uttar Pradesh,Ghaziabad,284,93
Uttar Pradesh,Ghazipur,106,22
Uttar Pradesh,Gonda,84,15
Uttar Pradesh,Gorakhpur,81,17
Uttar Pradesh,Hamirpur,13,0
Uttar Pradesh,Hardoi,20,19
Uttar Pradesh,Hathras,16,3
Uttar Pradesh,Jalaun,12,2
Uttar Pradesh,Jaunpur,83,16
Uttar Pradesh,Jhansi,40,7
Uttar Pradesh,Jyotiba Phule Nagar,2,0
Uttar Pradesh,Kannauj,17,1
Uttar Pradesh,Kanpur Dehat,13,2
Uttar Pradesh,Kanpur Nagar,99,6
Uttar Pradesh,Kasganj,11,2
Uttar Pradesh,Kaushambi,6,1
Uttar Pradesh,Kheri,11,1
Uttar Pradesh,Kushinagar,64,2
Uttar Pradesh,Lalitpur,4,0
Uttar Pradesh,Lucknow,111,3
Uttar Pradesh,Maharajganj,76,6
Uttar Pradesh,Mahoba,5,229
Uttar Pradesh,Mahrajganj,2,1
Uttar Pradesh,Mainpuri,71,22
Uttar Pradesh,Mathura,27,3
Uttar Pradesh,Mau,40,2
Uttar Pradesh,Meerut,642,16
Uttar Pradesh,Mirzapur,24,2
Uttar Pradesh,Moradabad,13,1
Uttar Pradesh,Muzaffarnagar,16,0
Uttar Pradesh,Pilibhit,470,261
Uttar Pradesh,Pratapgarh,53,12
Uttar Pradesh,Rae Bareli,1669,32
Uttar Pradesh,Raebareli,7,0
Uttar Pradesh,Rampur,9,0
Uttar Pradesh,Saharanpur,14,1
Uttar Pradesh,Sambhal,6,0
Uttar Pradesh,Sant Kabir Nagar,99,28
Uttar Pradesh,Sant Ravidas Nagar,33,9
Uttar Pradesh,Sant Ravidas Nagar Bhadohi,5,0
Uttar Pradesh,Shahjahanpur,14,2
Uttar Pradesh,Shamli,6,0
Uttar Pradesh,Shrawasti,725,88
Uttar Pradesh,Siddharthnagar,38,4
Uttar Pradesh,Sitapur,10,4
Uttar Pradesh,Sonbhadra,16,2
Uttar Pradesh,Sultanpur,43,11
Uttar Pradesh,Unnao,25,8
Uttar Pradesh,Varanasi,61,2
Uttarakhand,Almora,25,1
Uttarakhand,Bageshwar,21,2
Uttarakhand,Chamoli,12,0
Uttarakhand,Champawat,758,204
Uttarakhand,Dehradun,134,14
Uttarakhand,Garhwal,3,1
Uttarakhand,Hardwar,7,0
Uttarakhand,Haridwar,8,1
Uttarakhand,Nainital,29,7
Uttarakhand,Pauri Garhwal,44,3
Uttarakhand,Pithoragarh,21,3
Uttarakhand,Rudraprayag,16,0
Uttarakhand,Tehri Garhwal,57,4
Uttarakhand,Udham Singh Nagar,110,275
Uttarakhand,Uttarkashi,2,0
West Bengal,Bally Jagachha,9,0
West Bengal,Bankura,15,2
West Bengal,Barddhaman,2959,2
West Bengal,Bardhaman,6375,1
West Bengal,Birbhum,31,3
West Bengal,Cooch Behar,3593,505
West Bengal,Dakshin Dinajpur,3365,339
West Bengal,Darjeeling,809,2
West Bengal,East Midnapore,6203,1
West Bengal,Hooghly,9058,282
West Bengal,Howrah,31245,58
West Bengal,Jalpaiguri,495,39
West Bengal,Kolkata,4987,88
West Bengal,Malda,4737,45
West Bengal,Medinipur,8436,0
West Bengal,Murshidabad,28668,56
West Bengal,Nadia,10047,35
West Bengal,North 24 Parganas,2430,5
West Bengal,North Dinajpur,1158,4
West Bengal,Purba Medinipur,33,5
West Bengal,Purulia,0,16
West Bengal,Puruliya,11,3
West Bengal,South 24 Parganas,31,1
West Bengal,South Dinajpur,3,0
West Bengal,South Twenty Four Parganas,33373,0
West Bengal,Uttar Dinajpur,68,3
West Bengal,West Midnapore,2091,4
