State,District,Aadhaar generated,Enrolment Rejected
Andhra Pradesh,Adilabad,672,9
Andhra Pradesh,Anantapur,74,0
Andhra Pradesh,Ananthapur,708,15
Andhra Pradesh,Chittoor,771,36
Andhra Pradesh,Cuddapah,5532,24
Andhra Pradesh,East Godavari,1374,19
Andhra Pradesh,Guntur,856,23
Andhra Pradesh,Hyderabad,2705,38
Andhra Pradesh,K.V.Rangareddy,17,0
Andhra Pradesh,K.v. Rangareddy,9243,80
Andhra Pradesh,Karimnagar,4630,69
Andhra Pradesh,Khammam,3697,27
Andhra Pradesh,Krishna,1641,32
Andhra Pradesh,Kurnool,919,41
Andhra Pradesh,Mahabub Nagar,64,3
Andhra Pradesh,Mahabubnagar,3896,18
Andhra Pradesh,Mahbubnagar,14,0
Andhra Pradesh,Medak,6274,69
Andhra Pradesh,Nalgonda,1194,74
Andhra Pradesh,Nellore,1889,27
Andhra Pradesh,Nizamabad,12354,184
Andhra Pradesh,Prakasam,2573,44
Andhra Pradesh,Srikakulam,89,39
Andhra Pradesh,Visakhapatnam,5576,55
Andhra Pradesh,Vizianagaram,117,1
Andhra Pradesh,Warangal,3909,11
Andhra Pradesh,West Godavari,2105,39
Assam,Baksa,7,0
Assam,Barpeta,5,0
Assam,Bongaigaon,1,0
Assam,Cachar,11,0
Assam,Chirang,1,0
Assam,Darrang,3,0
Assam,Dhemaji,1,0
Assam,Dhubri,4,0
Assam,Dibrugarh,4,0
Assam,Goalpara,2,0
Assam,Hailakandi,6,0
Assam,Jorhat,3,0
Assam,Kamrup,6,0
Assam,Kamrup Metro,5,0
Assam,Karimganj,3,0
Assam,Lakhimpur,4,0
Assam,Marigaon,5,0
Assam,Nagaon,9,0
Assam,Nalbari,2,0
Assam,Sibsagar,6,0
Assam,Sonitpur,6,0
Assam,Tinsukia,2,0
Assam,Udalguri,2,0
Bihar,Araria,22,0
Bihar,Arwal,137,7
Bihar,Aurangabad,46,0
Bihar,Aurangabad(BH),1,0
Bihar,Banka,55,1
Bihar,Begusarai,49,0
Bihar,Bhabua,1,0
Bihar,Bhagalpur,69,1
Bihar,Bhojpur,54,1
Bihar,Buxar,41,1
Bihar,Darbhanga,214,2
Bihar,East Champaran,85,0
Bihar,Gaya,93,0
Bihar,Gopalganj,122,0
Bihar,Jamui,132,2
Bihar,Jehanabad,14,1
Bihar,Kaimur (Bhabua),15,0
Bihar,Katihar,73,0
Bihar,Khagaria,20,0
Bihar,Kishanganj,197,2
Bihar,Lakhisarai,70,0
Bihar,Madhepura,18,0
Bihar,Madhubani,128,0
Bihar,Munger,22,1
Bihar,Muzaffarpur,59,2
Bihar,Nalanda,278,5
Bihar,Nawada,37,0
Bihar,Patna,96,0
Bihar,Purnia,19,0
Bihar,Rohtas,178,0
Bihar,Saharsa,46,0
Bihar,Samastipur,69,3
Bihar,Saran,116,4
Bihar,Sheikhpura,6925,24
Bihar,Sheohar,1617,3
Bihar,Sitamarhi,86,0
Bihar,Siwan,69,4
Bihar,Supaul,27,0
Bihar,Vaishali,158,2
Bihar,West Champaran,35,0
Chandigarh,Chandigarh,363,14
Chandigarh,Mohali,0,1
Chhattisgarh,Balod,11,0
Chhattisgarh,Baloda Bazar,4,0
Chhattisgarh,Bemetara,10,0
Chhattisgarh,Bilaspur,5,0
Chhattisgarh,Dhamtari,1118,0
Chhattisgarh,Durg,108,2
Chhattisgarh,Gariyaband ,1,0
Chhattisgarh,Janjgir Champa,6,0
Chhattisgarh,Jashpur,4,0
Chhattisgarh,Kanker,1,0
Chhattisgarh,Korba,425,0
Chhattisgarh,Koriya,250,0
Chhattisgarh,Raigarh,63,0
Chhattisgarh,Raipur,23,0
Chhattisgarh,Rajnandgaon,19,0
Chhattisgarh,Surguja,3,0
Dadra and Nagar Haveli,Dadra and Nagar Haveli,43,9
Daman and Diu,Daman,4,4
Daman and Diu,Diu,5,0
Delhi,Central Delhi,281,10
Delhi,East Delhi,722,31
Delhi,Najafgarh,67,0
Delhi,New Delhi,54,7
Delhi,North Delhi,256,17
Delhi,North East,447,4
Delhi,North East Delhi,846,52
Delhi,North West Delhi,1164,100
Delhi,South Delhi,1569,94
Delhi,South West Delhi,372,48
Delhi,West Delhi,1058,51
Goa,Bardez,68,0
Goa,Bicholim,1,0
Goa,North Goa,156,5
Goa,Ponda,1,0
Goa,South Goa,161,5
Gujarat,Ahmadabad,24,0
Gujarat,Ahmedabad,730,24
Gujarat,Amreli,1189,13
Gujarat,Anand,2285,13
Gujarat,Banaskantha,552,10
Gujarat,Bharuch,397,18
Gujarat,Bhavnagar,1350,29
Gujarat,Dahod,55,0
Gujarat,Dohad,573,13
Gujarat,Gandhinagar,1493,6
Gujarat,Jamnagar,650,19
Gujarat,Junagadh,1007,149
Gujarat,Kachchh,695,23
Gujarat,Kheda,586,43
Gujarat,Mahesana,1182,5
Gujarat,Narmada,196,18
Gujarat,Navsari,859,15
Gujarat,Panchmahals,501,65
Gujarat,Patan,456,39
Gujarat,Porbandar,280,3
Gujarat,Rajkot,1656,113
Gujarat,Sabarkantha,1729,112
Gujarat,Surat,799,43
Gujarat,Surendra Nagar,1205,10
Gujarat,Tapi,656,13
Gujarat,The Dangs,113,4
Gujarat,Vadodara,448,10
Gujarat,Valsad,226,8
Haryana,Ambala,714,6
Haryana,Bhiwani,1732,43
Haryana,Faridabad,3029,124
Haryana,Fatehabad,1796,18
Haryana,Gurgaon,1355,42
Haryana,Hisar,2067,7
Haryana,Jhajjar,1426,4
Haryana,Jind,1123,11
Haryana,Kaithal,1718,54
Haryana,Karnal,1712,19
Haryana,Kurukshetra,984,4
Haryana,Mahendragarh,379,7
Haryana,Mewat,632,7
Haryana,Palwal,941,85
Haryana,Panchkula,2002,13
Haryana,Panipat,3492,23
Haryana,Rewari,828,54
Haryana,Rohtak,1697,13
Haryana,Sirsa,2006,5
Haryana,Sonipat,1140,19
Haryana,Yamuna Nagar,1780,7
Himachal Pradesh,Bilaspur,35,0
Himachal Pradesh,Chamba,527,12
Himachal Pradesh,Hamirpur,68,1
Himachal Pradesh,Kangra,1298,16
Himachal Pradesh,Kinnaur,4,0
Himachal Pradesh,Kullu,143,10
Himachal Pradesh,Lahul and Spiti,3,0
Himachal Pradesh,Mandi,141,6
Himachal Pradesh,Shimla,1207,15
Himachal Pradesh,Sirmaur,361,9
Himachal Pradesh,Solan,38,4
Himachal Pradesh,Una,47,1
Jammu and Kashmir,Anantnag,58,1
Jammu and Kashmir,Bandipore,2,0
Jammu and Kashmir,Baramula,2,0
Jammu and Kashmir,Doda,14,3
Jammu and Kashmir,Jammu,113,3
Jammu and Kashmir,Kargil,148,8
Jammu and Kashmir,Kathua,9,0
Jammu and Kashmir,Kupwara,2,0
Jammu and Kashmir,Leh,2,0
Jammu and Kashmir,Pulwama,66,3
Jammu and Kashmir,Punch,1,0
Jammu and Kashmir,Rajouri,7,0
Jammu and Kashmir,Srinagar,3,0
Jammu and Kashmir,Udhampur,4,0
Jharkhand,Bokaro,901,672
Jharkhand,Chatra,2948,50
Jharkhand,Deoghar,1304,232
Jharkhand,Dhanbad,3510,39
Jharkhand,Dumka,960,64
Jharkhand,East Singhbhum,6475,38
Jharkhand,Garhwa,3591,40
Jharkhand,Giridih,5804,81
Jharkhand,Godda,5808,11
Jharkhand,Gumla,1677,11
Jharkhand,Hazaribag,4,0
Jharkhand,Hazaribagh,775,53
Jharkhand,Jamtara,2980,51
Jharkhand,Khunti,117,3
Jharkhand,Kodarma,1,0
Jharkhand,Koderma,1015,6
Jharkhand,Latehar,941,9
Jharkhand,Lohardaga,226,8
Jharkhand,Pakaur,3,0
Jharkhand,Pakur,2191,13
Jharkhand,Palamau,21,0
Jharkhand,Palamu,2559,58
Jharkhand,Ramgarh,266,7
Jharkhand,Ranchi,542,36
Jharkhand,Sahebganj,4979,11
Jharkhand,Seraikela-Kharsawan,520,10
Jharkhand,Simdega,553,3
Jharkhand,West Singhbhum,2222,20
Karnataka,Bagalkot,629,86
Karnataka,Bangalore,10606,138
Karnataka,Bangalore Rural,2803,12
Karnataka,Belgaum,3825,124
Karnataka,Bellary,2729,13
Karnataka,Bidar,198,5
Karnataka,Bijapur,737,2
Karnataka,Bijapur(KAR),2,0
Karnataka,Chamarajanagar,4,0
Karnataka,Chamrajanagar,424,6
Karnataka,Chickmagalur,1924,25
Karnataka,Chikkaballapur,2709,8
Karnataka,Chitradurga,2221,34
Karnataka,Dakshina Kannada,2287,7
Karnataka,Davangere,1454,7
Karnataka,Dharwad,1414,32
Karnataka,Gadag,589,1
Karnataka,Gulbarga,1061,34
Karnataka,Hasan,1112,1
Karnataka,Hassan,20,0
Karnataka,Haveri,1230,1
Karnataka,Kodagu,157,27
Karnataka,Kolar,4698,10
Karnataka,Koppal,333,7
Karnataka,Mandya,2273,8
Karnataka,Mysore,308,18
Karnataka,Raichur,228,5
Karnataka,Ramanagar,618,14
Karnataka,Shimoga,932,17
Karnataka,Tumkur,355,4
Karnataka,Udupi,146,0
Karnataka,Uttara Kannada,428,2
Karnataka,Yadgir,147,7
Kerala,Alappuzha,652,8
Kerala,Ernakulam,627,28
Kerala,Idukki,314,13
Kerala,Kannur,1225,40
Kerala,Kasaragod,388,31
Kerala,Kasargod,381,9
Kerala,Kollam,1278,244
Kerala,Kottayam,693,5
Kerala,Kozhikode,1021,13
Kerala,Malappuram,2358,59
Kerala,Palakkad,879,10
Kerala,Pathanamthitta,167,3
Kerala,Thiruvananthapuram,705,11
Kerala,Thrissur,858,28
Kerala,Wayanad,197,14
Madhya Pradesh,Alirajpur,1953,402
Madhya Pradesh,Anuppur,516,51
Madhya Pradesh,Ashok Nagar,47,4
Madhya Pradesh,Balaghat,1478,31
Madhya Pradesh,Barwani,184,76
Madhya Pradesh,Betul,1469,8
Madhya Pradesh,Bhind,729,53
Madhya Pradesh,Bhopal,473,118
Madhya Pradesh,Burhanpur,116,5
Madhya Pradesh,Chhatarpur,576,44
Madhya Pradesh,Chhindwara,2068,79
Madhya Pradesh,Damoh,772,43
Madhya Pradesh,Datia,358,42
Madhya Pradesh,Dewas,203,39
Madhya Pradesh,Dhar,1952,155
Madhya Pradesh,Dindori,1664,72
Madhya Pradesh,Guna,949,86
Madhya Pradesh,Gwalior,979,25
Madhya Pradesh,Harda,103,19
Madhya Pradesh,Hoshangabad,129,8
Madhya Pradesh,Indore,1009,132
Madhya Pradesh,Jabalpur,357,71
Madhya Pradesh,Jhabua,799,577
Madhya Pradesh,Katni,542,69
Madhya Pradesh,Khandwa,402,29
Madhya Pradesh,Khargone,1390,89
Madhya Pradesh,Mandla,1245,82
Madhya Pradesh,Mandsaur,123,6
Madhya Pradesh,Morena,459,5
Madhya Pradesh,Narsinghpur,987,44
Madhya Pradesh,Neemuch,27,1
Madhya Pradesh,Panna,1034,34
Madhya Pradesh,Raisen,851,137
Madhya Pradesh,Rajgarh,287,208
Madhya Pradesh,Ratlam,102,5
Madhya Pradesh,Rewa,3731,241
Madhya Pradesh,Sagar,2632,59
Madhya Pradesh,Satna,2848,184
Madhya Pradesh,Sehore,1166,176
Madhya Pradesh,Seoni,1051,42
Madhya Pradesh,Shahdol,2227,62
Madhya Pradesh,Shajapur,44,0
Madhya Pradesh,Sheopur,101,3
Madhya Pradesh,Shivpuri,138,11
Madhya Pradesh,Sidhi,1493,78
Madhya Pradesh,Singrauli,563,5
Madhya Pradesh,Tikamgarh,339,19
Madhya Pradesh,Ujjain,839,77
Madhya Pradesh,Umaria,1257,37
Madhya Pradesh,Vidisha,606,127
Maharashtra,Ahmadnagar,4385,93
Maharashtra,Ahmed Nagar,82,2
Maharashtra,Akola,763,18
Maharashtra,Amravati,316,20
Maharashtra,Aurangabad,2085,162
Maharashtra,Beed,2148,20
Maharashtra,Bhandara,695,45
Maharashtra,Buldhana,2233,27
Maharashtra,Chandrapur,1290,4
Maharashtra,Dhule,2274,9
Maharashtra,Gadchiroli,293,0
Maharashtra,Gondia,16,0
Maharashtra,Gondiya,1006,57
Maharashtra,Hingoli,179,0
Maharashtra,Jalgaon,1493,20
Maharashtra,Jalna,249,14
Maharashtra,Kolhapur,4585,43
Maharashtra,Latur,654,28
Maharashtra,Mumbai,3682,124
Maharashtra,Mumbai City,10,0
Maharashtra,Mumbai( Sub Urban ),3,0
Maharashtra,Nagpur,3786,412
Maharashtra,Nanded,908,15
Maharashtra,Nandurbar,1081,10
Maharashtra,Nashik,4941,123
Maharashtra,Osmanabad,438,12
Maharashtra,Parbhani,1428,16
Maharashtra,Pune,4834,79
Maharashtra,Raigarh,2812,8
Maharashtra,Raigarh(MH),97,0
Maharashtra,Ratnagiri,90,116
Maharashtra,Sangli,1481,21
Maharashtra,Satara,1837,50
Maharashtra,Sindhudurg,680,13
Maharashtra,Solapur,1930,57
Maharashtra,Thane,7723,219
Maharashtra,Wardha,77,1
Maharashtra,Washim,219,34
Maharashtra,Yavatmal,1148,29
Manipur,Bishnupur,34,0
Manipur,Chandel,1,0
Manipur,Churachandpur,2,0
Manipur,Imphal East,2,0
Manipur,Imphal West,3,0
Manipur,Senapati,5,0
Manipur,Thoubal,2,0
Manipur,Ukhrul,3,0
Meghalaya,East Khasi Hills,5,0
Meghalaya,West Garo Hills,1,0
Mizoram,Aizawl,3,0
Mizoram,Kolasib,1,0
Mizoram,Mammit,1,0
Mizoram,Serchhip,1,0
Nagaland,Dimapur,27,0
Nagaland,Kiphire,1,0
Nagaland,Kohima,8,0
Nagaland,Longleng,7,0
Nagaland,Mokokchung,14,0
Nagaland,Mon,13,0
Nagaland,Phek,10,0
Nagaland,Tuensang,108,0
Nagaland,Wokha,20,0
Nagaland,Zunheboto,55,0
Odisha,Angul,5,0
Odisha,Anugul,1,0
Odisha,Balangir,317,1
Odisha,Baleswar,132,5
Odisha,Bargarh,605,430
Odisha,Bhadrak,50,5
Odisha,Boudh,1,0
Odisha,Cuttack,536,0
Odisha,Debagarh,2,0
Odisha,Dhenkanal,21,0
Odisha,Gajapati,4,0
Odisha,Ganjam,168,227
Odisha,Jagatsinghapur,249,0
Odisha,Jajapur,27,0
Odisha,Jharsuguda,2,0
Odisha,Kalahandi,4,0
Odisha,Kandhamal,330,589
Odisha,Kendrapara,753,443
Odisha,Kendujhar,438,0
Odisha,Khorda,18,0
Odisha,Khordha,434,0
Odisha,Koraput,20,0
Odisha,Malkangiri,3,0
Odisha,Mayurbhanj,350,0
Odisha,Nabarangapur,448,0
Odisha,Nayagarh,8,0
Odisha,Nuapada,1,0
Odisha,Puri,562,0
Odisha,Rayagada,2,0
Odisha,Sambalpur,6,2
Odisha,Sonapur,72,98
Odisha,Sundergarh,318,82
Others,Others,3,5413
Puducherry,Karaikal,9,0
Puducherry,Pondicherry,9,0
Puducherry,Puducherry,54,0
Puducherry,Yanam,9,0
Punjab,Amritsar,2766,31
Punjab,Barnala,281,157
Punjab,Bathinda,1465,101
Punjab,Faridkot,1718,8
Punjab,Fatehgarh Sahib,180,4
Punjab,Fazilka,2190,85
Punjab,Ferozepur,1708,28
Punjab,Gurdaspur,1314,25
Punjab,Hoshiarpur,1625,43
Punjab,Jalandhar,2590,57
Punjab,Kapurthala,455,35
Punjab,Ludhiana,3200,187
Punjab,Mansa,1561,21
Punjab,Moga,1046,14
Punjab,Muktsar,22,0
Punjab,Nawanshahr,2,0
Punjab,Pathankot,331,21
Punjab,Patiala,2106,160
Punjab,Rupnagar,500,29
Punjab,SAS Nagar (Mohali),960,15
Punjab,Sangrur,1260,48
Punjab,Shaheed Bhagat Singh Nagar,155,2
Punjab,Sri Muktsar Sahib,1903,38
Punjab,Tarn Taran,1642,15
Rajasthan,Ajmer,866,82
Rajasthan,Alwar,2185,120
Rajasthan,Banswara,1851,31
Rajasthan,Baran,607,93
Rajasthan,Barmer,2681,384
Rajasthan,Bharatpur,1068,15
Rajasthan,Bhilwara,2733,72
Rajasthan,Bikaner,683,68
Rajasthan,Bundi,292,11
Rajasthan,Chittorgarh,1234,32
Rajasthan,Churu,1012,52
Rajasthan,Dausa,936,34
Rajasthan,Dholpur,378,4
Rajasthan,Dungarpur,969,16
Rajasthan,Ganganagar,5315,80
Rajasthan,Hanumangarh,3187,39
Rajasthan,Jaipur,4395,204
Rajasthan,Jaisalmer,170,1
Rajasthan,Jalor,1552,141
Rajasthan,Jhalawar,1362,117
Rajasthan,Jhunjhunu,50,6
Rajasthan,Jhunjhunun,1425,16
Rajasthan,Jodhpur,1466,110
Rajasthan,Karauli,1043,20
Rajasthan,Kota,1128,53
Rajasthan,Nagaur,4672,73
Rajasthan,Pali,1608,109
Rajasthan,Pratapgarh,1081,38
Rajasthan,Rajsamand,799,53
Rajasthan,Sawai Madhopur,656,28
Rajasthan,Sikar,2195,67
Rajasthan,Sirohi,799,69
Rajasthan,Tonk,587,43
Rajasthan,Udaipur,1321,120
Sikkim,East Sikkim,112,0
Sikkim,North Sikkim,12,0
Sikkim,South Sikkim,14,0
Sikkim,West Sikkim,4,0
Tamil Nadu,Ariyalur,9,0
Tamil Nadu,Chennai,3761,12
Tamil Nadu,Coimbatore,2141,11
Tamil Nadu,Cuddalore,13,0
Tamil Nadu,Dharmapuri,2295,0
Tamil Nadu,Dindigul,2021,1
Tamil Nadu,Erode,1261,1
Tamil Nadu,Kancheepuram,682,6
Tamil Nadu,Kanchipuram,316,0
Tamil Nadu,Kanniyakumari,1347,5
Tamil Nadu,Kanyakumari,93,0
Tamil Nadu,Karur,150,13
Tamil Nadu,Krishnagiri,119,3
Tamil Nadu,Madurai,5916,0
Tamil Nadu,Nagapattinam,22,1
Tamil Nadu,Namakkal,285,0
Tamil Nadu,Nilgiris,135,0
Tamil Nadu,Perambalur,76,0
Tamil Nadu,Pudukkottai,17,1
Tamil Nadu,Ramanathapuram,2584,6
Tamil Nadu,Salem,4394,2
Tamil Nadu,Sivaganga,1892,2
Tamil Nadu,Thanjavur,1289,10
Tamil Nadu,The Nilgiris,1079,0
Tamil Nadu,Theni,28,1
Tamil Nadu,Thiruvarur,125,3
Tamil Nadu,Thoothukkudi,1885,1
Tamil Nadu,Tiruchirappalli,311,5
Tamil Nadu,Tirunelveli,2791,23
Tamil Nadu,Tiruppur,2264,4
Tamil Nadu,Tiruvallur,3184,3
Tamil Nadu,Tiruvannamalai,8041,16
Tamil Nadu,Tiruvarur,4,0
Tamil Nadu,Vellore,4014,1
Tamil Nadu,Villupuram,5,1
Tamil Nadu,Viluppuram,3454,3
Tamil Nadu,Virudhunagar,1018,0
Tripura,Dhalai,122,12
Tripura,Gomati,4,0
Tripura,Khowai,145,0
Tripura,North Tripura,139,28
Tripura,Sepahijala,6,0
Tripura,South Tripura,8,0
Tripura,Unakoti,1,0
Tripura,West Tripura,172,0
Uttar Pradesh,Agra,43,0
Uttar Pradesh,Aligarh,189,2
Uttar Pradesh,Allahabad,87,1
Uttar Pradesh,Ambedkar Nagar,40,0
Uttar Pradesh,Amethi,461,2
Uttar Pradesh,Amroha,13,0
Uttar Pradesh,Auraiya,32,0
Uttar Pradesh,Azamgarh,340,10
Uttar Pradesh,Baghpat,32,3
Uttar Pradesh,Bahraich,56,1
Uttar Pradesh,Ballia,346,2
Uttar Pradesh,Balrampur,36,0
Uttar Pradesh,Banda,14,0
Uttar Pradesh,Bara Banki,161,0
Uttar Pradesh,Barabanki,1,0
Uttar Pradesh,Bareilly,30,0
Uttar Pradesh,Basti,178,0
Uttar Pradesh,Bijnor,398,5
Uttar Pradesh,Budaun,29,0
Uttar Pradesh,Bulandshahar,4,0
Uttar Pradesh,Bulandshahr,31,0
Uttar Pradesh,Chandauli,162,1
Uttar Pradesh,Chitrakoot,225,0
Uttar Pradesh,Deoria,68,1
Uttar Pradesh,Etah,27,0
Uttar Pradesh,Etawah,1814,5
Uttar Pradesh,Faizabad,560,1
Uttar Pradesh,Farrukhabad,15,0
Uttar Pradesh,Fatehpur,154,1
Uttar Pradesh,Firozabad,19,0
Uttar Pradesh,Gautam Buddha Nagar,219,1
Uttar Pradesh,Ghaziabad,1059,217
Uttar Pradesh,Ghazipur,182,5
Uttar Pradesh,Gonda,141,5
Uttar Pradesh,Gorakhpur,158,4
Uttar Pradesh,Hamirpur,2,0
Uttar Pradesh,Hardoi,63,0
Uttar Pradesh,Hathras,21,1
Uttar Pradesh,Jalaun,10,0
Uttar Pradesh,Jaunpur,123,0
Uttar Pradesh,Jhansi,17,0
Uttar Pradesh,Jyotiba Phule Nagar,1,0
Uttar Pradesh,Kannauj,21,0
Uttar Pradesh,Kanpur Dehat,13,0
Uttar Pradesh,Kanpur Nagar,50,0
Uttar Pradesh,Kasganj,13,0
Uttar Pradesh,Kaushambi,319,0
Uttar Pradesh,Kheri,10,0
Uttar Pradesh,Kushinagar,58,0
Uttar Pradesh,Lalitpur,3,0
Uttar Pradesh,Lucknow,56,0
Uttar Pradesh,Maharajganj,346,9
Uttar Pradesh,Mahoba,122,4
Uttar Pradesh,Mahrajganj,3,0
Uttar Pradesh,Mainpuri,153,1
Uttar Pradesh,Mathura,104,0
Uttar Pradesh,Mau,42,0
Uttar Pradesh,Meerut,368,0
Uttar Pradesh,Mirzapur,45,0
Uttar Pradesh,Moradabad,15,1
Uttar Pradesh,Muzaffarnagar,23,2
Uttar Pradesh,Pilibhit,788,0
Uttar Pradesh,Pratapgarh,820,0
Uttar Pradesh,Rae Bareli,482,10
Uttar Pradesh,Raebareli,5,0
Uttar Pradesh,Rampur,4,0
Uttar Pradesh,Saharanpur,25,1
Uttar Pradesh,Sambhal,10,0
Uttar Pradesh,Sant Kabir Nagar,210,0
Uttar Pradesh,Sant Ravidas Nagar,731,3
Uttar Pradesh,Sant Ravidas Nagar Bhadohi,4,0
Uttar Pradesh,Shahjahanpur,15,0
Uttar Pradesh,Shamli,10,0
Uttar Pradesh,Shrawasti,221,6
Uttar Pradesh,Siddharthnagar,72,0
Uttar Pradesh,Sitapur,19,0
Uttar Pradesh,Sonbhadra,23,3
Uttar Pradesh,Sultanpur,58,3
Uttar Pradesh,Unnao,22,0
Uttar Pradesh,Varanasi,110,6
Uttarakhand,Almora,22,1
Uttarakhand,Bageshwar,60,0
Uttarakhand,Chamoli,11,0
Uttarakhand,Champawat,1055,0
Uttarakhand,Dehradun,186,1
Uttarakhand,Garhwal,2,0
Uttarakhand,Haridwar,35,0
Uttarakhand,Nainital,20,0
Uttarakhand,Pauri Garhwal,36,0
Uttarakhand,Pithoragarh,19,0
Uttarakhand,Rudraprayag,7,0
Uttarakhand,Tehri Garhwal,93,2
Uttarakhand,Udham Singh Nagar,124,5
Uttarakhand,Uttarkashi,4,0
West Bengal,Bankura,18,0
West Bengal,Barddhaman,1031,22
West Bengal,Bardhaman,1575,2
West Bengal,Birbhum,1059,1
West Bengal,Cooch Behar,228,1
West Bengal,Dakshin Dinajpur,5360,1315
West Bengal,Darjeeling,866,0
West Bengal,East Midnapore,878,0
West Bengal,Hooghly,5034,5
West Bengal,Howrah,592,6
West Bengal,Jalpaiguri,643,0
West Bengal,Kolkata,1764,306
West Bengal,Malda,6224,119
West Bengal,Medinipur,909,696
West Bengal,Murshidabad,7349,66
West Bengal,Nadia,6164,79
West Bengal,North 24 Parganas,428,1018
West Bengal,North Dinajpur,258,1
West Bengal,Purba Medinipur,35,1
West Bengal,Purulia,1568,56
West Bengal,Puruliya,765,4
West Bengal,South 24 Parganas,927,0
West Bengal,South Dinajpur,7,0
West Bengal,South Twenty Four Parganas,10644,108
West Bengal,Uttar Dinajpur,1135,3
West Bengal,West Midnapore,220,77
