State,District,Aadhaar generated,Enrolment Rejected
Andaman and Nicobar Islands,North And Middle Andaman,1,0
Andhra Pradesh,Adilabad,691,0
Andhra Pradesh,Anantapur,4,0
Andhra Pradesh,Ananthapur,2008,0
Andhra Pradesh,Chittoor,1178,1
Andhra Pradesh,Cuddapah,6068,1
Andhra Pradesh,East Godavari,1852,2
Andhra Pradesh,Guntur,3299,0
Andhra Pradesh,Hyderabad,5184,2
Andhra Pradesh,K.V.Rangareddy,4,0
Andhra Pradesh,K.v. Rangareddy,9665,1
Andhra Pradesh,Karimnagar,39781,1
Andhra Pradesh,Khammam,6562,0
Andhra Pradesh,Krishna,3798,1
Andhra Pradesh,Kurnool,9691,0
Andhra Pradesh,Mahabub Nagar,811,0
Andhra Pradesh,Mahabubnagar,5624,0
Andhra Pradesh,Mahbubnagar,607,0
Andhra Pradesh,Medak,7408,0
Andhra Pradesh,Nalgonda,2529,0
Andhra Pradesh,Nellore,1631,0
Andhra Pradesh,Nizamabad,9077,0
Andhra Pradesh,Prakasam,17434,0
Andhra Pradesh,Srikakulam,340,0
Andhra Pradesh,Visakhapatnam,7387,0
Andhra Pradesh,Vizianagaram,383,0
Andhra Pradesh,Warangal,5943,0
Andhra Pradesh,West Godavari,18592,0
Arunachal Pradesh,Changlang,1,0
Assam,Baksa,2,0
Assam,Barpeta,6,0
Assam,Bongaigaon,3,0
Assam,Cachar,21,0
Assam,Chirang,2,0
Assam,Darrang,5,0
Assam,Dhemaji,2,0
Assam,Dhubri,3,0
Assam,Dibrugarh,4,0
Assam,Goalpara,4,0
Assam,Golaghat,5,0
Assam,Hailakandi,7,0
Assam,Jorhat,9,0
Assam,Kamrup,12,0
Assam,Kamrup Metro,1,0
Assam,Karbi Anglong,3,0
Assam,Karimganj,12,0
Assam,Kokrajhar,1,0
Assam,Lakhimpur,2,0
Assam,Marigaon,2,0
Assam,Nagaon,15,0
Assam,Sibsagar,3,0
Assam,Sonitpur,19,0
Assam,Tinsukia,5,0
Assam,Udalguri,8,0
Bihar,Araria,17,0
Bihar,Arwal,339,0
Bihar,Aurangabad,64,0
Bihar,Aurangabad(BH),4,0
Bihar,Banka,69,0
Bihar,Begusarai,65,0
Bihar,Bhagalpur,66,0
Bihar,Bhojpur,106,0
Bihar,Buxar,51,0
Bihar,Darbhanga,234,0
Bihar,East Champaran,113,0
Bihar,Gaya,117,0
Bihar,Gopalganj,164,0
Bihar,Jamui,95,0
Bihar,Jehanabad,36,0
Bihar,Kaimur (Bhabua),19,0
Bihar,Katihar,68,0
Bihar,Khagaria,24,0
Bihar,Kishanganj,126,0
Bihar,Lakhisarai,20,0
Bihar,Madhepura,26,0
Bihar,Madhubani,173,0
Bihar,Munger,48,0
Bihar,Muzaffarpur,112,0
Bihar,Nalanda,190,0
Bihar,Nawada,65,0
Bihar,Patna,130,0
Bihar,Purnia,37,0
Bihar,Rohtas,142,0
Bihar,Saharsa,46,0
Bihar,Samastipur,99,0
Bihar,Saran,153,0
Bihar,Sheikhpura,2499,0
Bihar,Sheohar,36,0
Bihar,Sitamarhi,101,0
Bihar,Siwan,106,0
Bihar,Supaul,46,0
Bihar,Vaishali,106,0
Bihar,West Champaran,69,0
Chandigarh,Chandigarh,433,0
Chhattisgarh,Baloda Bazar,3,0
Chhattisgarh,Bastar,2,0
Chhattisgarh,Bemetara,4,0
Chhattisgarh,Bilaspur,15,0
Chhattisgarh,Dantewada,1,0
Chhattisgarh,Dhamtari,1819,0
Chhattisgarh,Durg,52,0
Chhattisgarh,Janjgir-champa,6,0
Chhattisgarh,Jashpur,7,0
Chhattisgarh,Kanker,4,0
Chhattisgarh,Korba,60,0
Chhattisgarh,Koriya,940,0
Chhattisgarh,Mahasamund,3,0
Chhattisgarh,Mungeli ,4,0
Chhattisgarh,Raigarh,17,0
Chhattisgarh,Raipur,7,0
Chhattisgarh,Rajnandgaon,4,0
Chhattisgarh,Surajpur ,2,0
Chhattisgarh,Surguja,4,0
Dadra and Nagar Haveli,Dadra and Nagar Haveli,40,0
Daman and Diu,Daman,134,0
Daman and Diu,Diu,73,0
Delhi,Central Delhi,535,0
Delhi,East Delhi,1390,0
Delhi,Najafgarh,75,0
Delhi,New Delhi,58,0
Delhi,North Delhi,226,1
Delhi,North East,87,0
Delhi,North East Delhi,926,0
Delhi,North West Delhi,2069,4
Delhi,South Delhi,1590,0
Delhi,South West Delhi,915,1
Delhi,West Delhi,2570,0
Goa,Bardez,1,0
Goa,North Goa,77,0
Goa,South Goa,141,1
Gujarat,Ahmadabad,19,0
Gujarat,Ahmedabad,1002,0
Gujarat,Amreli,958,0
Gujarat,Anand,1368,1
Gujarat,Banaskantha,3068,0
Gujarat,Bharuch,1115,0
Gujarat,Bhavnagar,1243,0
Gujarat,Dahod,18,0
Gujarat,Dohad,233,0
Gujarat,Gandhinagar,1069,0
Gujarat,Jamnagar,1401,1
Gujarat,Junagadh,2460,1
Gujarat,Kachchh,341,1
Gujarat,Kheda,789,0
Gujarat,Mahesana,1892,0
Gujarat,Narmada,357,0
Gujarat,Navsari,1109,0
Gujarat,Panchmahals,1473,1
Gujarat,Patan,574,0
Gujarat,Porbandar,156,0
Gujarat,Rajkot,5289,0
Gujarat,Sabarkantha,572,0
Gujarat,Surat,2554,0
Gujarat,Surendra Nagar,1264,0
Gujarat,Tapi,464,0
Gujarat,The Dangs,294,0
Gujarat,Vadodara,4363,1
Gujarat,Valsad,1141,0
Haryana,Ambala,1122,0
Haryana,Bhiwani,12435,0
Haryana,Faridabad,4626,0
Haryana,Fatehabad,546,0
Haryana,Gurgaon,2053,0
Haryana,Hisar,6626,0
Haryana,Jhajjar,2883,0
Haryana,Jind,2794,0
Haryana,Kaithal,10299,0
Haryana,Karnal,1108,0
Haryana,Kurukshetra,7188,0
Haryana,Mahendragarh,5204,0
Haryana,Mewat,3327,0
Haryana,Palwal,2968,0
Haryana,Panchkula,375,0
Haryana,Panipat,6238,0
Haryana,Rewari,1298,1
Haryana,Rohtak,3356,0
Haryana,Sirsa,703,0
Haryana,Sonipat,764,1
Haryana,Yamuna Nagar,4459,0
Himachal Pradesh,Bilaspur,31,0
Himachal Pradesh,Chamba,698,0
Himachal Pradesh,Hamirpur,95,0
Himachal Pradesh,Kangra,918,0
Himachal Pradesh,Kinnaur,64,0
Himachal Pradesh,Kullu,586,0
Himachal Pradesh,Lahul and Spiti,4,0
Himachal Pradesh,Mandi,404,0
Himachal Pradesh,Shimla,467,0
Himachal Pradesh,Sirmaur,270,0
Himachal Pradesh,Solan,150,0
Himachal Pradesh,Una,350,0
Jammu and Kashmir,Anantnag,412,0
Jammu and Kashmir,Badgam,7,0
Jammu and Kashmir,Bandipore,1,0
Jammu and Kashmir,Bandipur,1,0
Jammu and Kashmir,Baramula,2,0
Jammu and Kashmir,Doda,1707,0
Jammu and Kashmir,Jammu,2871,0
Jammu and Kashmir,Kargil,79,0
Jammu and Kashmir,Kathua,11,0
Jammu and Kashmir,Kupwara,3,0
Jammu and Kashmir,Leh,2,0
Jammu and Kashmir,Pulwama,944,0
Jammu and Kashmir,Punch,7,0
Jammu and Kashmir,Rajouri,4,0
Jammu and Kashmir,Srinagar,7,0
Jammu and Kashmir,Udhampur,5,0
Jharkhand,Bokaro,1845,13
Jharkhand,Chatra,2840,0
Jharkhand,Deoghar,1456,8
Jharkhand,Dhanbad,3749,0
Jharkhand,Dumka,3051,1
Jharkhand,East Singhbhum,3180,0
Jharkhand,Garhwa,681,0
Jharkhand,Giridih,3941,1
Jharkhand,Godda,1976,0
Jharkhand,Gumla,1671,0
Jharkhand,Hazaribag,4,0
Jharkhand,Hazaribagh,1727,5
Jharkhand,Jamtara,1023,0
Jharkhand,Khunti,351,0
Jharkhand,Koderma,635,0
Jharkhand,Latehar,1863,0
Jharkhand,Lohardaga,983,1
Jharkhand,Pakaur,1,0
Jharkhand,Pakur,378,0
Jharkhand,Palamau,1,0
Jharkhand,Palamu,1926,0
Jharkhand,Ramgarh,586,0
Jharkhand,Ranchi,1217,0
Jharkhand,Sahebganj,1276,0
Jharkhand,Seraikela-Kharsawan,1791,0
Jharkhand,Simdega,440,0
Jharkhand,West Singhbhum,1779,0
Karnataka,Bagalkot,2563,0
Karnataka,Bangalore,25966,0
Karnataka,Bangalore Rural,2705,0
Karnataka,Belgaum,5515,3
Karnataka,Bellary,1914,0
Karnataka,Bidar,29,0
Karnataka,Bijapur,2150,0
Karnataka,Bijapur(KAR),784,0
Karnataka,Chamarajanagar,5,0
Karnataka,Chamrajanagar,962,0
Karnataka,Chickmagalur,5753,0
Karnataka,Chikkaballapur,495,1
Karnataka,Chitradurga,2095,0
Karnataka,Dakshina Kannada,9418,0
Karnataka,Davangere,1072,0
Karnataka,Dharwad,1383,2
Karnataka,Gadag,440,0
Karnataka,Gulbarga,1310,2
Karnataka,Hasan,3531,0
Karnataka,Hassan,254,0
Karnataka,Haveri,1660,0
Karnataka,Kodagu,1001,0
Karnataka,Kolar,2469,0
Karnataka,Koppal,1454,0
Karnataka,Mandya,1867,0
Karnataka,Mysore,368,0
Karnataka,Raichur,267,0
Karnataka,Ramanagar,1059,0
Karnataka,Shimoga,1946,0
Karnataka,Tumkur,428,0
Karnataka,Udupi,633,0
Karnataka,Uttara Kannada,445,0
Karnataka,Yadgir,670,0
Kerala,Alappuzha,2240,0
Kerala,Ernakulam,1741,0
Kerala,Idukki,712,0
Kerala,Kannur,1375,0
Kerala,Kasaragod,502,0
Kerala,Kasargod,418,0
Kerala,Kollam,2448,6
Kerala,Kottayam,1429,0
Kerala,Kozhikode,1556,0
Kerala,Malappuram,8813,0
Kerala,Palakkad,1122,1
Kerala,Pathanamthitta,409,0
Kerala,Thiruvananthapuram,1274,1
Kerala,Thrissur,1972,1
Kerala,Wayanad,69,2
Lakshadweep,Lakshadweep,2,0
Madhya Pradesh,Alirajpur,2310,0
Madhya Pradesh,Anuppur,2161,0
Madhya Pradesh,Ashok Nagar,26,0
Madhya Pradesh,Balaghat,3645,0
Madhya Pradesh,Barwani,506,0
Madhya Pradesh,Betul,1751,0
Madhya Pradesh,Bhind,1097,0
Madhya Pradesh,Bhopal,846,1
Madhya Pradesh,Burhanpur,116,0
Madhya Pradesh,Chhatarpur,1064,0
Madhya Pradesh,Chhindwara,1949,0
Madhya Pradesh,Damoh,481,0
Madhya Pradesh,Datia,1184,0
Madhya Pradesh,Dewas,112,0
Madhya Pradesh,Dhar,3961,2
Madhya Pradesh,Dindori,6938,0
Madhya Pradesh,Guna,1266,1
Madhya Pradesh,Gwalior,1661,0
Madhya Pradesh,Harda,511,0
Madhya Pradesh,Hoshangabad,183,0
Madhya Pradesh,Indore,2920,6
Madhya Pradesh,Jabalpur,1579,4
Madhya Pradesh,Jhabua,3561,3
Madhya Pradesh,Katni,1053,0
Madhya Pradesh,Khandwa,228,0
Madhya Pradesh,Khargone,1319,0
Madhya Pradesh,Mandla,4422,0
Madhya Pradesh,Mandsaur,46,0
Madhya Pradesh,Morena,1380,0
Madhya Pradesh,Narsinghpur,3609,0
Madhya Pradesh,Neemuch,56,0
Madhya Pradesh,Panna,1875,0
Madhya Pradesh,Raisen,2148,0
Madhya Pradesh,Rajgarh,174,0
Madhya Pradesh,Ratlam,585,1
Madhya Pradesh,Rewa,3022,2
Madhya Pradesh,Sagar,2683,0
Madhya Pradesh,Satna,3356,2
Madhya Pradesh,Sehore,1699,0
Madhya Pradesh,Seoni,6066,0
Madhya Pradesh,Shahdol,2065,0
Madhya Pradesh,Shajapur,11,0
Madhya Pradesh,Sheopur,64,0
Madhya Pradesh,Shivpuri,649,0
Madhya Pradesh,Sidhi,2113,1
Madhya Pradesh,Singrauli,1531,0
Madhya Pradesh,Tikamgarh,1457,0
Madhya Pradesh,Ujjain,2002,0
Madhya Pradesh,Umaria,3330,0
Madhya Pradesh,Vidisha,392,0
Maharashtra,Ahmadnagar,13378,0
Maharashtra,Ahmed Nagar,273,0
Maharashtra,Akola,1111,0
Maharashtra,Amravati,1167,1
Maharashtra,Aurangabad,2379,0
Maharashtra,Beed,3835,0
Maharashtra,Bhandara,1588,0
Maharashtra,Buldhana,1367,0
Maharashtra,Chandrapur,1994,0
Maharashtra,Dhule,904,4
Maharashtra,Gadchiroli,729,0
Maharashtra,Gondiya,2586,0
Maharashtra,Hingoli,432,0
Maharashtra,Jalgaon,5758,3
Maharashtra,Jalna,442,0
Maharashtra,Kolhapur,8492,0
Maharashtra,Latur,1771,0
Maharashtra,Mumbai,11498,4
Maharashtra,Mumbai City,161,0
Maharashtra,Mumbai( Sub Urban ),6,0
Maharashtra,Nagpur,7022,1
Maharashtra,Nanded,1482,0
Maharashtra,Nandurbar,1674,4
Maharashtra,Nashik,5582,0
Maharashtra,Osmanabad,2402,0
Maharashtra,Parbhani,710,0
Maharashtra,Pune,18323,5
Maharashtra,Raigarh,2586,0
Maharashtra,Raigarh(MH),47,0
Maharashtra,Ratnagiri,343,0
Maharashtra,Sangli,3141,0
Maharashtra,Satara,9932,0
Maharashtra,Sindhudurg,3215,0
Maharashtra,Solapur,1505,0
Maharashtra,Thane,14857,12
Maharashtra,Wardha,204,0
Maharashtra,Washim,1222,0
Maharashtra,Yavatmal,2693,0
Manipur,Bishnupur,2,0
Manipur,Churachandpur,2,0
Manipur,Imphal East,4,0
Manipur,Imphal West,10,0
Manipur,Senapati,2,0
Manipur,Thoubal,10,0
Manipur,Ukhrul,1,0
Meghalaya,East Khasi Hills,11,0
Meghalaya,West Garo Hills,2,0
Mizoram,Aizawl,2,0
Nagaland,Dimapur,30,0
Nagaland,Kohima,9,0
Nagaland,Longleng,1,0
Nagaland,Mokokchung,18,0
Nagaland,Mon,15,0
Nagaland,Phek,27,0
Nagaland,Tuensang,2,0
Nagaland,Wokha,8,0
Nagaland,Zunheboto,55,0
Odisha,Angul,10,0
Odisha,Anugul,1,0
Odisha,Balangir,111,0
Odisha,Baleswar,3013,0
Odisha,Bargarh,912,1
Odisha,Bhadrak,5398,1
Odisha,Boudh,2,0
Odisha,Cuttack,1346,0
Odisha,Dhenkanal,21,0
Odisha,Gajapati,3,0
Odisha,Ganjam,488,0
Odisha,Jagatsinghapur,1546,0
Odisha,Jajapur,43,0
Odisha,Jharsuguda,1,0
Odisha,Kalahandi,9,0
Odisha,Kandhamal,37,0
Odisha,Kendrapara,249,0
Odisha,Kendujhar,72,0
Odisha,Khorda,35,0
Odisha,Khordha,156,0
Odisha,Koraput,13,0
Odisha,Mayurbhanj,68,0
Odisha,Nabarangapur,35,0
Odisha,Nayagarh,13,0
Odisha,Nuapada,2,0
Odisha,Puri,4126,0
Odisha,Rayagada,1,0
Odisha,Sambalpur,20,0
Odisha,Sonapur,8,0
Odisha,Sundergarh,2302,0
Others,Others,1,493
Puducherry,Karaikal,2,0
Puducherry,Pondicherry,13,0
Puducherry,Puducherry,150,0
Puducherry,Yanam,12,0
Punjab,Amritsar,3124,0
Punjab,Barnala,578,0
Punjab,Bathinda,620,1
Punjab,Faridkot,518,0
Punjab,Fatehgarh Sahib,671,0
Punjab,Fazilka,536,33
Punjab,Ferozepur,459,0
Punjab,Gurdaspur,3505,2
Punjab,Hoshiarpur,1237,0
Punjab,Jalandhar,2391,0
Punjab,Kapurthala,791,0
Punjab,Ludhiana,2758,0
Punjab,Mansa,1554,0
Punjab,Moga,411,2
Punjab,Muktsar,16,0
Punjab,Pathankot,92,0
Punjab,Patiala,4806,0
Punjab,Rupnagar,672,0
Punjab,SAS Nagar (Mohali),1061,0
Punjab,Sangrur,4174,0
Punjab,Shaheed Bhagat Singh Nagar,437,0
Punjab,Sri Muktsar Sahib,1041,0
Punjab,Tarn Taran,892,0
Rajasthan,Ajmer,1651,25
Rajasthan,Alwar,3511,6
Rajasthan,Banswara,1312,1
Rajasthan,Baran,195,0
Rajasthan,Barmer,1564,0
Rajasthan,Bharatpur,1632,0
Rajasthan,Bhilwara,4835,0
Rajasthan,Bikaner,1907,0
Rajasthan,Bundi,1390,0
Rajasthan,Chittorgarh,1853,0
Rajasthan,Churu,2734,0
Rajasthan,Dausa,1502,0
Rajasthan,Dholpur,1135,0
Rajasthan,Dungarpur,586,0
Rajasthan,Ganganagar,2404,0
Rajasthan,Hanumangarh,2064,0
Rajasthan,Jaipur,11361,1
Rajasthan,Jaisalmer,407,0
Rajasthan,Jalor,1403,0
Rajasthan,Jhalawar,698,0
Rajasthan,Jhunjhunu,252,0
Rajasthan,Jhunjhunun,1814,0
Rajasthan,Jodhpur,7870,0
Rajasthan,Karauli,1475,0
Rajasthan,Kota,1950,3
Rajasthan,Nagaur,6202,0
Rajasthan,Pali,3954,12
Rajasthan,Pratapgarh,236,0
Rajasthan,Rajsamand,788,0
Rajasthan,Sawai Madhopur,924,0
Rajasthan,Sikar,4292,0
Rajasthan,Sirohi,767,0
Rajasthan,Tonk,1541,1
Rajasthan,Udaipur,7204,14
Sikkim,East Sikkim,161,0
Sikkim,North Sikkim,44,0
Sikkim,South Sikkim,43,0
Sikkim,West Sikkim,70,0
Tamil Nadu,Ariyalur,28,0
Tamil Nadu,Chennai,1896,0
Tamil Nadu,Coimbatore,6808,0
Tamil Nadu,Cuddalore,148,0
Tamil Nadu,Dharmapuri,357,0
Tamil Nadu,Dindigul,912,0
Tamil Nadu,Erode,1109,0
Tamil Nadu,Kancheepuram,348,0
Tamil Nadu,Kanchipuram,321,0
Tamil Nadu,Kanniyakumari,234,0
Tamil Nadu,Kanyakumari,36,0
Tamil Nadu,Karur,146,0
Tamil Nadu,Krishnagiri,354,0
Tamil Nadu,Madurai,915,0
Tamil Nadu,Nagapattinam,281,0
Tamil Nadu,Namakkal,883,0
Tamil Nadu,Nilgiris,70,0
Tamil Nadu,Perambalur,22,0
Tamil Nadu,Pudukkottai,64,0
Tamil Nadu,Ramanathapuram,513,0
Tamil Nadu,Salem,1060,0
Tamil Nadu,Sivaganga,108,0
Tamil Nadu,Thanjavur,787,0
Tamil Nadu,The Nilgiris,2614,0
Tamil Nadu,Theni,73,0
Tamil Nadu,Thiruvarur,91,0
Tamil Nadu,Thoothukkudi,891,0
Tamil Nadu,Tiruchirappalli,319,0
Tamil Nadu,Tirunelveli,768,0
Tamil Nadu,Tiruppur,7106,1
Tamil Nadu,Tiruvallur,742,0
Tamil Nadu,Tiruvannamalai,11611,0
Tamil Nadu,Tiruvarur,19,0
Tamil Nadu,Vellore,1319,0
Tamil Nadu,Villupuram,23,0
Tamil Nadu,Viluppuram,746,0
Tamil Nadu,Virudhunagar,745,0
Tripura,Dhalai,148,0
Tripura,Gomati,4,0
Tripura,Khowai,138,0
Tripura,North Tripura,323,2
Tripura,Sepahijala,19,0
Tripura,South Tripura,16,0
Tripura,Unakoti,4,0
Tripura,West Tripura,487,0
Uttar Pradesh,Agra,71,0
Uttar Pradesh,Aligarh,148,0
Uttar Pradesh,Allahabad,126,0
Uttar Pradesh,Ambedkar Nagar,72,0
Uttar Pradesh,Amethi,579,0
Uttar Pradesh,Amroha,14,0
Uttar Pradesh,Auraiya,33,0
Uttar Pradesh,Azamgarh,279,0
Uttar Pradesh,Baghpat,37,0
Uttar Pradesh,Bahraich,46,0
Uttar Pradesh,Ballia,777,0
Uttar Pradesh,Balrampur,27,0
Uttar Pradesh,Banda,38,0
Uttar Pradesh,Bara Banki,307,0
Uttar Pradesh,Bareilly,312,0
Uttar Pradesh,Basti,66,0
Uttar Pradesh,Bijnor,155,0
Uttar Pradesh,Budaun,46,0
Uttar Pradesh,Bulandshahar,2,0
Uttar Pradesh,Bulandshahr,76,0
Uttar Pradesh,Chandauli,158,0
Uttar Pradesh,Chitrakoot,1241,0
Uttar Pradesh,Deoria,84,0
Uttar Pradesh,Etah,23,0
Uttar Pradesh,Etawah,885,0
Uttar Pradesh,Faizabad,597,0
Uttar Pradesh,Farrukhabad,31,0
Uttar Pradesh,Fatehpur,98,0
Uttar Pradesh,Firozabad,21,0
Uttar Pradesh,Gautam Buddha Nagar,591,0
Uttar Pradesh,Ghaziabad,1386,134
Uttar Pradesh,Ghazipur,176,0
Uttar Pradesh,Gonda,1236,0
Uttar Pradesh,Gorakhpur,189,0
Uttar Pradesh,Hamirpur,10,0
Uttar Pradesh,Hardoi,51,0
Uttar Pradesh,Hathras,36,0
Uttar Pradesh,Jalaun,21,0
Uttar Pradesh,Jaunpur,157,0
Uttar Pradesh,Jhansi,37,0
Uttar Pradesh,Kannauj,28,0
Uttar Pradesh,Kanpur Dehat,28,0
Uttar Pradesh,Kanpur Nagar,62,0
Uttar Pradesh,Kasganj,16,0
Uttar Pradesh,Kaushambi,254,0
Uttar Pradesh,Kheri,19,0
Uttar Pradesh,Kushinagar,99,0
Uttar Pradesh,Lalitpur,4,0
Uttar Pradesh,Lucknow,95,0
Uttar Pradesh,Maharajganj,1427,0
Uttar Pradesh,Mahoba,518,0
Uttar Pradesh,Mahrajganj,1,0
Uttar Pradesh,Mainpuri,69,0
Uttar Pradesh,Mathura,345,0
Uttar Pradesh,Mau,48,0
Uttar Pradesh,Meerut,296,0
Uttar Pradesh,Mirzapur,60,0
Uttar Pradesh,Moradabad,21,0
Uttar Pradesh,Muzaffarnagar,30,0
Uttar Pradesh,Pilibhit,284,0
Uttar Pradesh,Pratapgarh,156,0
Uttar Pradesh,Rae Bareli,1841,0
Uttar Pradesh,Raebareli,6,0
Uttar Pradesh,Rampur,17,0
Uttar Pradesh,Saharanpur,39,0
Uttar Pradesh,Sambhal,15,0
Uttar Pradesh,Sant Kabir Nagar,376,0
Uttar Pradesh,Sant Ravidas Nagar,380,0
Uttar Pradesh,Sant Ravidas Nagar Bhadohi,2,0
Uttar Pradesh,Shahjahanpur,21,0
Uttar Pradesh,Shamli,20,0
Uttar Pradesh,Shrawasti,1560,0
Uttar Pradesh,Siddharthnagar,54,0
Uttar Pradesh,Sitapur,17,0
Uttar Pradesh,Sonbhadra,515,0
Uttar Pradesh,Sultanpur,63,0
Uttar Pradesh,Unnao,39,0
Uttar Pradesh,Varanasi,181,0
Uttarakhand,Almora,41,0
Uttarakhand,Bageshwar,53,0
Uttarakhand,Chamoli,6,0
Uttarakhand,Champawat,402,0
Uttarakhand,Dehradun,175,0
Uttarakhand,Hardwar,2,0
Uttarakhand,Haridwar,73,0
Uttarakhand,Nainital,26,0
Uttarakhand,Pauri Garhwal,49,0
Uttarakhand,Pithoragarh,24,0
Uttarakhand,Rudraprayag,14,0
Uttarakhand,Tehri Garhwal,116,0
Uttarakhand,Udham Singh Nagar,636,0
Uttarakhand,Uttarkashi,5,0
West Bengal,Bankura,26,0
West Bengal,Barddhaman,228,0
West Bengal,Bardhaman,49,0
West Bengal,Birbhum,166,0
West Bengal,Cooch Behar,6467,0
West Bengal,Dakshin Dinajpur,586,0
West Bengal,Darjeeling,11158,0
West Bengal,East Midnapore,336,0
West Bengal,Hooghly,18654,0
West Bengal,Howrah,309,0
West Bengal,Jalpaiguri,24031,0
West Bengal,Kolkata,249,14
West Bengal,Malda,1043,0
West Bengal,Medinipur,484,0
West Bengal,Murshidabad,4101,0
West Bengal,Nadia,3718,0
West Bengal,North 24 Parganas,197,1
West Bengal,North Dinajpur,59,0
West Bengal,Purba Medinipur,60,0
West Bengal,Purulia,45,0
West Bengal,Puruliya,45,0
West Bengal,South 24 Parganas,158,0
West Bengal,South Dinajpur,2,0
West Bengal,South Twenty Four Parganas,971,0
West Bengal,Uttar Dinajpur,434,0
West Bengal,West Midnapore,152,0
