Gender,Age Band,Aadhaar generated,Enrolment Rejected
F,0 to 5 Years,178521,45114
F,16 to 30 Years,148677,33182
F,31 to 45 Years,112410,18691
F,46 to 65 Years,81452,14108
F,6 to 15 Years,109097,28765
F,66 Years and Above,20323,3819
M,0 to 5 Years,204720,50794
M,16 to 30 Years,148702,28304
M,31 to 45 Years,106141,16121
M,46 to 65 Years,79871,12534
M,6 to 15 Years,128516,35446
M,66 Years and Above,20850,3858
T,0 to 5 Years,4,1
T,16 to 30 Years,6,5
T,31 to 45 Years,5,2
T,46 to 65 Years,3,1
T,6 to 15 Years,2,0
T,66 Years and Above,0,1
