Gender,Age Band,Aadhaar generated,Enrolment Rejected
F,0 to 5 Years,17846,3761
F,16 to 30 Years,181164,5676
F,31 to 45 Years,148468,3662
F,46 to 65 Years,114292,2581
F,6 to 15 Years,115816,4253
F,66 Years and Above,29783,709
M,0 to 5 Years,20180,4303
M,16 to 30 Years,194386,5642
M,31 to 45 Years,149994,3772
M,46 to 65 Years,114683,2883
M,6 to 15 Years,130255,4897
M,66 Years and Above,28611,797
T,0 to 5 Years,0,1
T,16 to 30 Years,13,2
T,31 to 45 Years,4,0
T,46 to 65 Years,2,2
T,6 to 15 Years,1,3
T,66 Years and Above,1,0
