Gender,Age Band,Aadhaar generated,Enrolment Rejected
F,0 to 5 Years,39839,7576
F,16 to 30 Years,157093,21547
F,31 to 45 Years,106671,14345
F,46 to 65 Years,75934,10966
F,6 to 15 Years,136018,13376
F,66 Years and Above,22124,3442
M,0 to 5 Years,45051,8548
M,16 to 30 Years,156046,18708
M,31 to 45 Years,106553,13493
M,46 to 65 Years,77318,10636
M,6 to 15 Years,153555,15210
M,66 Years and Above,23974,3383
T,0 to 5 Years,1,0
T,16 to 30 Years,3,2
T,31 to 45 Years,2,3
T,46 to 65 Years,1,0
T,6 to 15 Years,1,0
T,66 Years and Above,1,3
