Registrar,Enrolment Agency,Aadhaar generated,Enrolment Rejected
Allahabad Bank,Tera Software Ltd,0,8
Allahabad Bank,Vakrangee Softwares Limited,2,575
Bank Of India,A3 Logics  India  Ltd,1319,1029
Bank Of India,Akanksha International,114,433
Bank Of India,Blue Circle Instrument,1124,161
Bank Of India,CHESSY CONSULTANTS PVT LTD,873,252
Bank Of India,DATASOFT COMPUTER SERVICES(P),208,239
Bank Of India,Emdee Digitronics Pvt.Ltd.,2,2
Bank Of India,Frontech Systems Pvt Ltd,48,157
Bank Of India,ITI LIMITED,0,8
Bank Of India,MANTRA SOFTTECH (INDIA) PVTLTD,176,460
Bank Of India,Matrix Processing House,113,1578
Bank Of India,OSWAL COMPUTERS & CONSULTANTS,400,5574
Bank Of India,PROTEX COMPUTER PVT LTD,153,309
Bank Of India,SARADA SYSTEMS,1692,309
Bank Of India,SHRIKRISHNA KHANDASARI SUGAR M,1385,275
Bank Of India,SPANCO,170,1174
Bank Of India,SREI INFRASTRUCTURE FINANCES L,2061,1684
Bank Of India,Silver Touch Technologies Ltd,12,339
Bank Of India,Systematic & Advance Const P L,8,3528
Bank Of India,VEETECHNOLOGIES PVT. LTD,5675,5076
Bank Of India,VIRGO SOFTECH LIMITED,0,5
Bank Of India,Vakrangee Softwares Limited,63,1096
Bank of Baroda,Global Finsol Private Limited,1247,187
Bank of Maharashtra,Alankit Finsec Ltd,126,106
Bank of Maharashtra,FINANCIAL INFORMATION NETWORK,603,506
Bank of Maharashtra,Micro Technologies India Ltd,338,103
Bank of Maharashtra,Tera Software Ltd,2905,490
CSC e-Governance Services India Limited,A I Soc for Electronics and Comp Tech,2358,1127
CSC e-Governance Services India Limited,AKSH OPTIFIBRE LIMITED,700,248
CSC e-Governance Services India Limited,BASIX,1550,198
CSC e-Governance Services India Limited,CALANCE SOFTWARE PRIVATE LTD,197,480
CSC e-Governance Services India Limited,CMS Computers Ltd,4329,889
CSC e-Governance Services India Limited,CSC e-Governance Services India Limited,7362,670
CSC e-Governance Services India Limited,Intelligent Communication Sys India Ltd,48,42
CSC e-Governance Services India Limited,MANTRA SOFTTECH (INDIA) PVTLTD,4335,74
CSC e-Governance Services India Limited,Network for Information & Computer,1579,304
CSC e-Governance Services India Limited,Reliance Communication Limited,264,309
CSC e-Governance Services India Limited,SPANCO,596,114
CSC e-Governance Services India Limited,Tera Software Ltd,145,16
CSC e-Governance Services India Limited,United Telecoms e-Services Pvt Ltd,385,47
CSC e-Governance Services India Limited,VIKALP MULTIMEDIA,40,10
CSC e-Governance Services India Limited,Vakrangee Softwares Limited,4776,560
CSC e-Governance Services India Limited,Zephyr System Pvt.Ltd.,2900,226
Canara Bank,Ojus Healthcare Private Limited,14,4
Central Bank of India,CALANCE SOFTWARE PRIVATE LTD,6,132
Central Bank of India,IAP COMPANY Pvt. Ltd,491,870
Central Bank of India,IL&FS LTD,0,1
Central Bank of India,MANTRA SOFTTECH (INDIA) PVTLTD,0,97
Central Bank of India,The Peerless General Finance,1230,137
DENA BANK,ATISHAY INFOTECH PVT. LTD.,1492,356
DENA BANK,AVVAS INFOTECH PVT  LTD,2833,285
DENA BANK,BNR UDYOG LIMITED,745,36
DENA BANK,Bloom Solutions Pvt Ltd,2231,292
DENA BANK,Business Information Processing Services,342,83
DENA BANK,CALANCE SOFTWARE PRIVATE LTD,1610,543
DENA BANK,DATASOFT COMPUTER SERVICES(P),162,77
DENA BANK,DEVASHISH SECURITIES PVT. LTD.,125,1
DENA BANK,Gujarat Infotech Ltd.,1072,90
DENA BANK,IAP COMPANY Pvt. Ltd,1032,52
DENA BANK,JNET Technologies Pvt.Ltd,1291,779
DENA BANK,K W Consulting P Ltd,291,65
DENA BANK,MARS Telecom Systems Pvt Ltd,1,0
DENA BANK,Multiwave Innovation,254,204
DENA BANK,Narayana Electricals Solution Pvt Ltd,437,101
DENA BANK,Netlink software Pvt Ltd,1943,84
DENA BANK,Offshoot Agency Pvt. Ltd.,146,7
DENA BANK,Prodigy Systems and Services Private Limited,54,77
DENA BANK,Soc for Advancement of Environ Science,185,34
DENA BANK,Super Printers,2667,90
DENA BANK,Systematic & Advance Const P L,5817,281
DENA BANK,TechSmart India Pvt Ltd,2302,895
DENA BANK,Tera Software Ltd,64,160
DENA BANK,WEBEL,901,182
DENA BANK,Zephyr System Pvt.Ltd.,412,29
Delhi - Central DC,Smart Chip Limited,0,112
Delhi - East DC,DATASOFT COMPUTER SERVICES(P),225,151
Delhi - East DC,Tera Software Ltd,0,3
Delhi - ND DC,Smart Chip Limited,0,21
Delhi - NE DC,Alankit Assignments Limited,0,1
Delhi - NE DC,Smart Chip Limited,0,172
Delhi - North DC,CALANCE SOFTWARE PRIVATE LTD,693,494
Delhi - North DC,DATASOFT COMPUTER SERVICES(P),0,1
Delhi - North DC,NVR & ASSOCIATES LIMITED,173,84
Delhi - North DC,Smart Chip Limited,0,75
Delhi SW DC,VIRGO SOFTECH LIMITED,0,90
Delhi Urban Shelter Improvemen,STRATEGIC OUTSOURCING SERVICE,0,1
Delhi Urban Shelter Improvemen,Tera Software Ltd,0,1
Delhi- South DC,Karvy Computershare Private Li,69,35
Delhi- South DC,Smart Chip Limited,0,44
Delhi- West DC,Smart Chip Limited,0,27
Delhi- West DC,VIRGO SOFTECH LIMITED,245,133
Delhi-NW DC,Karvy Computershare Private Li,110,43
Department of Information Technology Govt of Jharkhand,Blue Circle Instrument,31,49
Department of Information Technology Govt of Jharkhand,MKS Enterprises,11,387
Department of Information Technology Govt of Jharkhand,Systematic & Advance Const P L,0,104
Department of Information Technology Govt of Jharkhand,Vayam technologies Ltd,0,6
Department of Information Technology Govt of Jharkhand,Wipro Ltd,12,15
Dept of ITC Govt of Rajasthan,ATISHAY INFOTECH PVT. LTD.,207,3151
Dept of ITC Govt of Rajasthan,AVVAS INFOTECH PVT  LTD,142,871
Dept of ITC Govt of Rajasthan,Alankit Finsec Ltd,22,999
Dept of ITC Govt of Rajasthan,Business Information Processing Services,0,170
Dept of ITC Govt of Rajasthan,DATASOFT COMPUTER SERVICES(P),658,3755
Dept of ITC Govt of Rajasthan,Gem Computers,86,40
Dept of ITC Govt of Rajasthan,MANTRA SOFTTECH (INDIA) PVTLTD,556,47
Dept of ITC Govt of Rajasthan,Multiwave Innovation,0,99
Dept of ITC Govt of Rajasthan,Netlink software Pvt Ltd,0,318
Dept of ITC Govt of Rajasthan,TechSmart India Pvt Ltd,874,470
Dept of ITC Govt of Rajasthan,Transline Technologies P Ltd,615,1913
Dept of ITC Govt of Rajasthan,VIRGO SOFTECH LIMITED,1030,103
Dept of ITC Govt of Rajasthan,Vakrangee Softwares Limited,3536,3927
Dept of ITC Govt of Rajasthan,Vayam technologies Ltd,737,1372
FCR Govt of Haryana,4G INFORMATICS,39,14
FCR Govt of Haryana,Academy of Management Studies,322,26
FCR Govt of Haryana,Radiant Info Systems Ltd,831,46
FCR Govt of Haryana,Vakrangee Softwares Limited,24,175
FCR Govt of Haryana,Vayam technologies Ltd,444,86
FCS Govt of Punjab,CSS TECHNERGY LIMITED,0,75
FCS Govt of Punjab,District Sukhmani Society Amritsar Punjab,106,9
FCS Govt of Punjab,District Sukhmani Society Barnala Punjab,57,0
FCS Govt of Punjab,District Sukhmani Society Bathinda Punjab,37,1
FCS Govt of Punjab,District Sukhmani Society Fatehgarh Sahib Punjab,130,13
FCS Govt of Punjab,District Sukhmani Society Fazilka Punjab,14,0
FCS Govt of Punjab,District Sukhmani Society Ferozepur Punjab,28,0
FCS Govt of Punjab,District Sukhmani Society For Citizen Services Mansa Punjab,15,5
FCS Govt of Punjab,District Sukhmani Society For Citizen Services Nawanshahr Punjab,58,1
FCS Govt of Punjab,District Sukhmani Society For Citizen Services SAS Nagar District e-Governance Society Punjab,35,0
FCS Govt of Punjab,District Sukhmani Society Patiala Punjab,26,2
FCS Govt of Punjab,District Sukhmani Society Sangrur Punjab,36,2
FCS Govt of Punjab,District Sukhmani Society Sri Muktsar Sahib Punjab,0,1
FCS Govt of Punjab,District Sukhmani Society Tarn Taran Punjab,8,0
FCS Govt of Punjab,Karvy Computershare Private Li,552,1326
FCS Govt of Punjab,Sukhmani Society For Citizens Services Faridkot Punjab,39,1
FCS Govt of Punjab,Suwidha Society Hoshiarpur Punjab,30,3
FCS Govt of Punjab,Vayam technologies Ltd,831,1007
FCS Govt of Punjab,eCentric solutions pvt ltd,1705,705
Govt of Andhra Pradesh,Gouthami Educational Society,10,21
Govt of Andhra Pradesh,GrapeSoft,283,70
Govt of Andhra Pradesh,IL&FS LTD,0,2
Govt of Andhra Pradesh,INFRONICS SYSTEMS LTD,34,153
Govt of Andhra Pradesh,Madras Security Printers Ltd,0,1
Govt of Andhra Pradesh,SREEVEN INFOCOM LIMITED,7,50
Govt of Andhra Pradesh,TechSmart India Pvt Ltd,31,167
Govt of Andhra Pradesh,Tera Software Ltd,13,52
Govt of Andhra Pradesh,eCentric solutions pvt ltd,0,6
Govt of Goa,COMAT TECHNOLOGIES P LTD,0,10
Govt of Goa,MARS Telecom Systems Pvt Ltd,4,65
Govt of Goa,Tera Software Ltd,0,4
Govt of Gujarat,GSS Infotech Ltd,3619,488
Govt of Gujarat,Karvy Computershare Private Li,14516,1939
Govt of Gujarat,Silver Touch Technologies Ltd,6609,3650
Govt of Gujarat,Tera Software Ltd,1882,312
Govt of Gujarat,Transline Technologies P Ltd,403,371
Govt of Gujarat,Vayam technologies Ltd,3520,1321
Govt of Gujarat,eCentric solutions pvt ltd,2567,399
Govt of Himachal Pradesh,Wipro Ltd,157,449
Govt of Himachal Pradesh,i-Grandee SoftwareTechnologies,1,114
Govt of Karnataka ,BNR UDYOG LIMITED,344,150
Govt of Karnataka ,Bloom Solutions Pvt Ltd,443,94
Govt of Karnataka ,MARS Telecom Systems Pvt Ltd,747,473
Govt of Karnataka ,Ninestars Information Technologies Ltd,0,75
Govt of Karnataka ,Om Softwares,7,58
Govt of Karnataka ,Origin ITFS Pvt Ltd,2446,1075
Govt of Karnataka ,Radiant Info Systems Ltd,14,2
Govt of Karnataka ,SREEVEN INFOCOM LIMITED,2395,360
Govt of Karnataka ,Tera Software Ltd,0,2
Govt of Karnataka ,Wipro Ltd,0,1
Govt of Kerala,Akshaya,1584,1012
Govt of Kerala,Keltron,6,270
Govt of Maharashtra,Alankit Finsec Ltd,0,285
Govt of Maharashtra,Bharat Technical Solutions Private Limited,347,6
Govt of Maharashtra,Eagle press pvt ltd,46,77
Govt of Maharashtra,GLODYNE TECHNOSERVE,71,42
Govt of Maharashtra,Global Finsol Private Limited,93,382
Govt of Maharashtra,Karvy Computershare Private Li,3563,1086
Govt of Maharashtra,M/S King Computer System pvt Ltd,68,8
Govt of Maharashtra,M/s. Vidya Online  Pune,69,7
Govt of Maharashtra,Narayana Electricals Solution Pvt Ltd,131,28
Govt of Maharashtra,Netlink software Pvt Ltd,1253,515
Govt of Maharashtra,Network for Information & Computer,6,72
Govt of Maharashtra,Obel projects Pvt Ltd,1,3
Govt of Maharashtra,Rudranee Infotech Ltd,170,7
Govt of Maharashtra,SETU MAHARASHTRA,1582,449
Govt of Maharashtra,SHREERAM PRINTING PRESS,0,2
Govt of Maharashtra,SILVER JUBILEE MOTORS LTD.,22,1
Govt of Maharashtra,SPANCO,1825,225
Govt of Maharashtra,STRATEGIC OUTSOURCING SERVICE,176,200
Govt of Maharashtra,Silver Touch Technologies Ltd,947,163
Govt of Maharashtra,Systematic & Advance Const P L,0,2
Govt of Maharashtra,TechSmart India Pvt Ltd,2,232
Govt of Maharashtra,Tera Software Ltd,42,19
Govt of Maharashtra,Transline Technologies P Ltd,142,161
Govt of Maharashtra,Wipro Ltd,1016,365
Govt of Sikkim - Dept of Econo,Department of Economics Statistics  Monitoring and Evaluation DESME,8,2
IDBI Bank ltd,ATISHAY INFOTECH PVT. LTD.,401,616
IDBI Bank ltd,Matrix Processing House,0,60
IDBI Bank ltd,Pioneer E Labs limited,0,6
IDBI Bank ltd,SREEVEN INFOCOM LIMITED,3952,1834
IDBI Bank ltd,UTI TECHNOLOGY SERVICES LIMITE,713,183
Indiapost,4G IDENTITY SOLUTIONS,0,4
Indiapost,Delhi Integrated MMTS Ltd,1,1326
Indiapost,GLODYNE TECHNOSERVE,0,6
Indiapost,Global Finsol Private Limited,2,460
Indiapost,M/S STAR DATA CENTRE,27,5
Indiapost,MARS Telecom Systems Pvt Ltd,931,143
Indiapost,Smart Chip Limited,2,92
Indiapost,Vayam technologies Ltd,451,105
Indiapost,WEBEL,2,111
Indiapost,eCentric solutions pvt ltd,0,1
Information Technology & Communication Department,4G INFORMATICS,5,224
Information Technology & Communication Department,BNR UDYOG LIMITED,3,19
Information Technology & Communication Department,Bloom Solutions Pvt Ltd,0,37
Information Technology & Communication Department,CSS TECHNERGY LIMITED,0,80
Information Technology & Communication Department,Directorate of ESD,240,33
Information Technology & Communication Department,GDC Advertising Pvt. Limited,0,8
Information Technology & Communication Department,JYOTHI COMPUTER SERVICES,0,94
Information Technology & Communication Department,Karvy Data Management Services,0,4
Information Technology & Communication Department,MARS Telecom Systems Pvt Ltd,283,64
Information Technology & Communication Department,SREEVEN INFOCOM LIMITED,61,153
Information Technology & Communication Department,Tera Software Ltd,147,43
Jharkhand,Alankit Assignments Limited,0,5
Jharkhand,Blue Circle Instrument,0,7
Jharkhand,Emdee Digitronics Pvt.Ltd.,50,35
Jharkhand,MKS Enterprises,297,357
Jharkhand,Nevaeh Technology Pvt. Ltd.,0,110
Jharkhand,STRATEGIC OUTSOURCING SERVICE,0,5
Jharkhand,Systematic & Advance Const P L,0,13
Jharkhand,VISION COMPTECH INTEGRATOR LTD,20,100
Jharkhand,Wipro Ltd,295,372
Mission Convergence - GNCT Del,Karvy Computershare Private Li,99,26
Mission Convergence - GNCT Del,NVR & ASSOCIATES LIMITED,205,38
NSDL e-Governance Infrastructure Limited,Abhipra Capital Ltd,399,134
NSDL e-Governance Infrastructure Limited,Alankit Assignments Limited,3331,1406
NSDL e-Governance Infrastructure Limited,Alankit Finsec Ltd,212,8
NSDL e-Governance Infrastructure Limited,Delhi Integrated MMTS Ltd,0,327
NSDL e-Governance Infrastructure Limited,Global Finsol Private Limited,0,41
NSDL e-Governance Infrastructure Limited,INTEGRATED REGISTRY SERVICES LTD,65,3
NSDL e-Governance Infrastructure Limited,Karvy Consultants Limited,6,19
NSDL e-Governance Infrastructure Limited,Karvy Data Management Services,4664,2306
NSDL e-Governance Infrastructure Limited,N.K. Sharma Enterprises Ltd.,16,14
NSDL e-Governance Infrastructure Limited,Netlink software Pvt Ltd,2067,1822
NSDL e-Governance Infrastructure Limited,PROWIZ MANSYTEMS PVT LTD,0,516
NSDL e-Governance Infrastructure Limited,Promind Solutions P Limited,1463,459
NSDL e-Governance Infrastructure Limited,RELIGARE SECURITIES LTD,3,1
NSDL e-Governance Infrastructure Limited,Utility Forms Pvt Ltd,426,23
NSDL e-Governance Infrastructure Limited,VIRGO SOFTECH LIMITED,0,830
Oriental Bank of Commerce,DATASOFT COMPUTER SERVICES(P),1288,292
Oriental Bank of Commerce,Euro Finmart Ltd,59,26
Oriental Bank of Commerce,FINANCIAL INFORMATION NETWORK,0,4
Oriental Bank of Commerce,JNET Technologies Pvt.Ltd,113,585
Oriental Bank of Commerce,Redim Software Technologies Pvt Ltd,17,166
Oriental Bank of Commerce,Sri Ramraja Sarkar Lok Kalyan Trust,485,2677
Oriental Bank of Commerce,Wipro Ltd,2508,2112
Principal Revenue Commissioner  Dept of Revenue  Govt of MP,Frontech Systems Pvt Ltd,98,53
Principal Revenue Commissioner  Dept of Revenue  Govt of MP,GDC Advertising Pvt. Limited,665,75
Principal Revenue Commissioner  Dept of Revenue  Govt of MP,K W Consulting P Ltd,1603,529
Principal Revenue Commissioner  Dept of Revenue  Govt of MP,LYRA  CONSULTANCY SERVICE,1405,257
Principal Revenue Commissioner  Dept of Revenue  Govt of MP,Netlink software Pvt Ltd,882,136
Principal Revenue Commissioner  Dept of Revenue  Govt of MP,OSWAL COMPUTERS & CONSULTANTS,1700,452
Principal Revenue Commissioner  Dept of Revenue  Govt of MP,Tera Software Ltd,861,727
Principal Revenue Commissioner  Dept of Revenue  Govt of MP,The NSIC ltd,202,79
Principal Revenue Commissioner  Dept of Revenue  Govt of MP,Vedavaag Systems Limited,1659,249
Punjab and Sind Bank,Matrix Processing House,0,1
RDD Govt of Tripura,Alankit Assignments Limited,0,25494
Registrar General India - BEL,Swathy Smartcards Hi-Tech Pvt,0,3
Registrar General India BEL2,4G INFORMATICS,166,5
Registrar General India BEL2,Alankit Assignments Limited,0,17
Registrar General India BEL2,Bharat Electronics Limited,1,0
Registrar General India BEL2,Computer LAB,5938,563
Registrar General India BEL2,Emdee Digitronics Pvt.Ltd.,4888,395
Registrar General India BEL2,In Media Computer Services LLP,9,0
Registrar General India BEL2,India Computer Technology,2591,942
Registrar General India BEL2,Karvy Data Management Services,4222,971
Registrar General India BEL2,MACRO INFOTECH PVT LTD,7422,2811
Registrar General India BEL2,MKS Enterprises,1457,63
Registrar General India BEL2,Madras Security Printers Ltd,13256,5367
Registrar General India BEL2,Manipur Electronics Dev Corp,1,1
Registrar General India BEL2,Multiwave Innovation,8633,670
Registrar General India BEL2,NVR & ASSOCIATES LIMITED,2122,26
Registrar General India BEL2,Netlink software Pvt Ltd,1250,191
Registrar General India BEL2,Nevaeh Technology Pvt. Ltd.,2448,307
Registrar General India BEL2,Nielsen  India  Private Limited,2534,2258
Registrar General India BEL2,Om Softwares,3020,252
Registrar General India BEL2,SREEVEN INFOCOM LIMITED,0,11
Registrar General India BEL2,SREI INFRASTRUCTURE FINANCES L,4950,530
Registrar General India BEL2,STRATEGIC OUTSOURCING SERVICE,6859,723
Registrar General India BEL2,Satyanarayana Raju Company Pvt ltd,337,265
Registrar General India BEL2,Swathy Smartcards Hi-Tech Pvt,2957,2539
Registrar General India BEL2,Swiss Tech India Pvt Ltd,0,331
Registrar General India BEL2,Tera Software Ltd,3248,1906
Registrar General India BEL2,UNITED DATA SERVICES PRIVATE LIMITED,124,587
Registrar General India BEL2,Urmila Info solution,1757,535
Registrar General India BEL2,VIRGO SOFTECH LIMITED,1412,641
Registrar General India BEL2,Vansh Infotech Pvt Ltd,1359,66
Registrar General India BEL2,Vayam technologies Ltd,248,36
Registrar General India BEL2,Vedavaag Systems Limited,3793,238
Registrar General India BEL2,Viesa Technologies,996,16
Registrar General India BEL2,WEBEL,1434,105
Registrar General India ECIL,AVVAS INFOTECH PVT  LTD,6318,1920
Registrar General India ECIL,BUSINESS INFORMATION PROCESSING SERVICES,0,5
Registrar General India ECIL,COMTECH INSTITUTE OFTECHNOLOGY,1735,572
Registrar General India ECIL,COMTECHINFO SOLUTIONS PVT.LTD,618,164
Registrar General India ECIL,Chinar Construction Company Prime agency,2020,12
Registrar General India ECIL,Clairvoyance Technologies Pvt.,0,5
Registrar General India ECIL,Computer LAB,16922,5982
Registrar General India ECIL,Eagle Software India Pvt. Ltd,22982,12193
Registrar General India ECIL,Esoft Consulting Limited,96,2
Registrar General India ECIL,Gundal Infotech Private Limited,1122,326
Registrar General India ECIL,In Media Computer Services LLP,314,983
Registrar General India ECIL,India Computer Technology,63,1105
Registrar General India ECIL,Karvy Data Management Services,6061,358
Registrar General India ECIL,Krishna Infotech,0,38
Registrar General India ECIL,LYRA  CONSULTANCY SERVICE,337,3
Registrar General India ECIL,Madras Security Printers Ltd,10813,2396
Registrar General India ECIL,Mphasis Ltd,4863,1421
Registrar General India ECIL,Netwing Technologies Pvt Ltd,0,9
Registrar General India ECIL,Nielsen  India  Private Limited,4330,118
Registrar General India ECIL,Pioneer E Labs limited,0,19
Registrar General India ECIL,Quick Data IT Services Pvt Ltd,0,2
Registrar General India ECIL,SARADA SYSTEMS,3,52
Registrar General India ECIL,SWISSTECH NPR 57CR PROJECT PVT,256,158
Registrar General India ECIL,Tera Software Ltd,0,228
Registrar General India ECIL,VEETECHNOLOGIES PVT. LTD,1656,130
Registrar General India ECIL,Vedavaag Systems Limited,346,360
Registrar General India Others,COMTECH INSTITUTE OFTECHNOLOGY,2,0
Registrar General India Others,Computer LAB,2,7
Registrar General India Others,Eagle Software India Pvt. Ltd,17,0
Registrar General India Others,In Media Computer Services LLP,31,3
Registrar General India Others,Karvy Data Management Services,7,0
Registrar General India Others,Madras Security Printers Ltd,0,1
Registrar General India Others,Om Softwares,9,3
Registrar General India Others,Swathy Smartcards Hi-Tech Pvt,1,65
Registrar General India Others,Tera Software Ltd,6,2
Registrar General India Others,Vansh Infotech Pvt Ltd,7,0
Registrar General India Others,Vedavaag Systems Limited,1,0
Registrar General India Others,WEBEL TECHNOLOGY LIMITED,0,1
Registrar General of India ITI,COMTECH INSTITUTE OFTECHNOLOGY,0,58
Registrar General of India ITI,CSS TECHNERGY LIMITED,0,36
Registrar General of India ITI,CommunitiWorks Welfare Society,0,11
Registrar General of India ITI,Eagle Software India Pvt. Ltd,3374,687
Registrar General of India ITI,Emdee Digitronics Pvt.Ltd.,16376,2548
Registrar General of India ITI,FINANCIAL INFORMATION NETWORK,1884,143
Registrar General of India ITI,In Media Computer Services LLP,13,11
Registrar General of India ITI,Karvy Data Management Services,125,85
Registrar General of India ITI,MKS Enterprises,653,12
Registrar General of India ITI,Madras Security Printers Ltd,438,86
Registrar General of India ITI,Mphasis Ltd,1082,300
Registrar General of India ITI,Multiwave Innovation,0,140
Registrar General of India ITI,Netlink software Pvt Ltd,5,2
Registrar General of India ITI,Nielsen  India  Private Limited,3608,1245
Registrar General of India ITI,PROTEX COMPUTER PVT LTD,1963,154
Registrar General of India ITI,Quick Data IT Services Pvt Ltd,1,0
Registrar General of India ITI,SREEVEN INFOCOM LIMITED,0,20
Registrar General of India ITI,SREI INFRASTRUCTURE FINANCES L,2595,256
Registrar General of India ITI,STRATEGIC OUTSOURCING SERVICE,609,368
Registrar General of India ITI,Satyanarayana Raju Company Pvt ltd,2680,412
Registrar General of India ITI,Swathy Smartcards Hi-Tech Pvt,26,1641
Registrar General of India ITI,TechSmart India Pvt Ltd,0,35
Registrar General of India ITI,VIRGO SOFTECH LIMITED,896,348
Registrar General of India ITI,Vedavaag Systems Limited,3485,778
Registrar General of India ITI,WEBEL TECHNOLOGY LIMITED,756,277
Registrar General of India ITI,Webx Technologies Private Limited,3,0
STATE BANK OF PATIALA,CSS TECHNERGY LIMITED,0,1
State Bank of Bikaner & Jaipur,Multiwave Innovation,0,398
State Bank of India,Smart Chip Limited,0,1
State Bank of India,VIRGO SOFTECH LIMITED,0,6
State Bank of Travancore,Tera Software Ltd,0,59
UIDAI-Registrar,UIDAI-EA,21,4
UT Of Daman and Diu,Alankit Assignments Limited,0,18
UT of Puducherry,Madras Security Printers Ltd,14,23
Union Bank,FINANCIAL INFORMATION NETWORK,13295,5622
Union Bank,Smart Chip Limited,11365,6279
Union Bank,Vakrangee Softwares Limited,10323,10007
