Registrar,Enrolment Agency,Aadhaar generated,Enrolment Rejected
Allahabad Bank,IL&FS LTD,0,1
Allahabad Bank,Tera Software Ltd,0,2
Allahabad Bank,Vakrangee Softwares Limited,10,114
Bank Of India,A3 Logics  India  Ltd,3218,319
Bank Of India,Akanksha International,312,65
Bank Of India,Blue Circle Instrument,3476,98
Bank Of India,CHESSY CONSULTANTS PVT LTD,1337,51
Bank Of India,DATASOFT COMPUTER SERVICES(P),453,46
Bank Of India,Emdee Digitronics Pvt.Ltd.,23,14
Bank Of India,Frontech Systems Pvt Ltd,60,39
Bank Of India,ITI LIMITED,0,4
Bank Of India,MANTRA SOFTTECH (INDIA) PVTLTD,426,71
Bank Of India,Matrix Processing House,336,290
Bank Of India,OSWAL COMPUTERS & CONSULTANTS,2750,214
Bank Of India,PROTEX COMPUTER PVT LTD,46,6
Bank Of India,SARADA SYSTEMS,1373,108
Bank Of India,SHRIKRISHNA KHANDASARI SUGAR M,4992,435
Bank Of India,SPANCO,151,84
Bank Of India,SREI INFRASTRUCTURE FINANCES L,2994,519
Bank Of India,Silver Touch Technologies Ltd,35,27
Bank Of India,Systematic & Advance Const P L,44,110
Bank Of India,VEETECHNOLOGIES PVT. LTD,4207,515
Bank Of India,VIRGO SOFTECH LIMITED,19,7
Bank Of India,Vakrangee Softwares Limited,421,312
Bank of Baroda,DATASOFT COMPUTER SERVICES(P),0,1
Bank of Baroda,Global Finsol Private Limited,240,145
Bank of Maharashtra,Alankit Finsec Ltd,19,2
Bank of Maharashtra,FINANCIAL INFORMATION NETWORK,1594,346
Bank of Maharashtra,Micro Technologies India Ltd,1111,58
Bank of Maharashtra,Tera Software Ltd,6747,991
CSC e-Governance Services India Limited,A I Soc for Electronics and Comp Tech,9041,1143
CSC e-Governance Services India Limited,AKSH OPTIFIBRE LIMITED,2935,148
CSC e-Governance Services India Limited,BASIX,1979,393
CSC e-Governance Services India Limited,CALANCE SOFTWARE PRIVATE LTD,311,161
CSC e-Governance Services India Limited,CMS Computers Ltd,6768,1312
CSC e-Governance Services India Limited,CSC e-Governance Services India Limited,7829,367
CSC e-Governance Services India Limited,Intelligent Communication Sys India Ltd,706,79
CSC e-Governance Services India Limited,MANTRA SOFTTECH (INDIA) PVTLTD,5218,75
CSC e-Governance Services India Limited,Network for Information & Computer,2784,156
CSC e-Governance Services India Limited,Reliance Communication Limited,124,7
CSC e-Governance Services India Limited,SPANCO,611,102
CSC e-Governance Services India Limited,Tera Software Ltd,121,1
CSC e-Governance Services India Limited,United Telecoms e-Services Pvt Ltd,1833,246
CSC e-Governance Services India Limited,VIKALP MULTIMEDIA,829,208
CSC e-Governance Services India Limited,Vakrangee Softwares Limited,2527,407
CSC e-Governance Services India Limited,Zephyr System Pvt.Ltd.,8885,461
Canara Bank,Ojus Healthcare Private Limited,164,21
Central Bank of India,CALANCE SOFTWARE PRIVATE LTD,41,127
Central Bank of India,Frontech Systems Pvt Ltd,0,1
Central Bank of India,IAP COMPANY Pvt. Ltd,1298,163
Central Bank of India,IL&FS LTD,0,1
Central Bank of India,MANTRA SOFTTECH (INDIA) PVTLTD,1,5
Central Bank of India,The Peerless General Finance,758,39
Civil Supplies - A&N Islands,India Computer Technology,1,0
DENA BANK,ATISHAY INFOTECH PVT. LTD.,2614,285
DENA BANK,AVVAS INFOTECH PVT  LTD,2435,33
DENA BANK,BNR UDYOG LIMITED,769,11
DENA BANK,Bloom Solutions Pvt Ltd,2630,401
DENA BANK,Business Information Processing Services,676,60
DENA BANK,CALANCE SOFTWARE PRIVATE LTD,1152,392
DENA BANK,DATASOFT COMPUTER SERVICES(P),535,9
DENA BANK,DEVASHISH SECURITIES PVT. LTD.,207,46
DENA BANK,Gujarat Infotech Ltd.,1041,96
DENA BANK,IAP COMPANY Pvt. Ltd,1801,88
DENA BANK,JNET Technologies Pvt.Ltd,798,187
DENA BANK,K W Consulting P Ltd,2338,115
DENA BANK,MARS Telecom Systems Pvt Ltd,182,17
DENA BANK,Multiwave Innovation,969,46
DENA BANK,Narayana Electricals Solution Pvt Ltd,85,80
DENA BANK,Netlink software Pvt Ltd,2203,37
DENA BANK,Offshoot Agency Pvt. Ltd.,136,30
DENA BANK,Prodigy Systems and Services Private Limited,50,37
DENA BANK,Soc for Advancement of Environ Science,343,22
DENA BANK,Super Printers,5430,126
DENA BANK,Systematic & Advance Const P L,5468,349
DENA BANK,TechSmart India Pvt Ltd,2754,329
DENA BANK,Tera Software Ltd,259,101
DENA BANK,WEBEL,1080,61
DENA BANK,Zephyr System Pvt.Ltd.,1677,112
Delhi - Central DC,Smart Chip Limited,2,17
Delhi - East DC,DATASOFT COMPUTER SERVICES(P),348,39
Delhi - East DC,Tera Software Ltd,0,5
Delhi - ND DC,Smart Chip Limited,2,1
Delhi - NE DC,Smart Chip Limited,2,16
Delhi - NE DC,Smart ID,0,1
Delhi - North DC,CALANCE SOFTWARE PRIVATE LTD,1219,128
Delhi - North DC,DATASOFT COMPUTER SERVICES(P),0,1
Delhi - North DC,NVR & ASSOCIATES LIMITED,253,28
Delhi - North DC,Smart Chip Limited,3,12
Delhi SW DC,STRATEGIC OUTSOURCING SERVICE,0,2
Delhi SW DC,VIRGO SOFTECH LIMITED,3,5
Delhi Urban Shelter Improvemen,STRATEGIC OUTSOURCING SERVICE,0,1
Delhi Urban Shelter Improvemen,Smart Chip Limited,0,2
Delhi Urban Shelter Improvemen,Tera Software Ltd,0,3
Delhi- South DC,Karvy Computershare Private Li,435,20
Delhi- South DC,Smart Chip Limited,1,3
Delhi- South DC,Tera Software Ltd,0,20
Delhi- West DC,Matrix Processing House,0,4
Delhi- West DC,Smart Chip Limited,0,9
Delhi- West DC,VIRGO SOFTECH LIMITED,55,13
Delhi-NW DC,Karvy Computershare Private Li,173,20
Delhi-NW DC,STRATEGIC OUTSOURCING SERVICE,0,2
Department of Information Technology Govt of Jharkhand,Blue Circle Instrument,117,45
Department of Information Technology Govt of Jharkhand,MKS Enterprises,176,31
Department of Information Technology Govt of Jharkhand,Systematic & Advance Const P L,0,18
Department of Information Technology Govt of Jharkhand,Wipro Ltd,85,18
Dept of ITC Govt of Rajasthan,ATISHAY INFOTECH PVT. LTD.,585,169
Dept of ITC Govt of Rajasthan,AVVAS INFOTECH PVT  LTD,517,456
Dept of ITC Govt of Rajasthan,Alankit Finsec Ltd,197,101
Dept of ITC Govt of Rajasthan,Business Information Processing Services,2,1
Dept of ITC Govt of Rajasthan,DATASOFT COMPUTER SERVICES(P),2374,214
Dept of ITC Govt of Rajasthan,Gem Computers,393,66
Dept of ITC Govt of Rajasthan,MANTRA SOFTTECH (INDIA) PVTLTD,304,40
Dept of ITC Govt of Rajasthan,Multiwave Innovation,2,14
Dept of ITC Govt of Rajasthan,Netlink software Pvt Ltd,49,90
Dept of ITC Govt of Rajasthan,TechSmart India Pvt Ltd,1091,72
Dept of ITC Govt of Rajasthan,Transline Technologies P Ltd,665,75
Dept of ITC Govt of Rajasthan,VIRGO SOFTECH LIMITED,1417,114
Dept of ITC Govt of Rajasthan,Vakrangee Softwares Limited,3755,608
Dept of ITC Govt of Rajasthan,Vayam technologies Ltd,357,50
FCR Govt of Haryana,4G INFORMATICS,182,27
FCR Govt of Haryana,Academy of Management Studies,82,2
FCR Govt of Haryana,Radiant Info Systems Ltd,632,47
FCR Govt of Haryana,Vakrangee Softwares Limited,24,131
FCR Govt of Haryana,Vayam technologies Ltd,510,116
FCS Govt of Punjab,Alankit Assignments Limited,0,3
FCS Govt of Punjab,Alankit Finsec Ltd,0,5
FCS Govt of Punjab,CSS TECHNERGY LIMITED,0,9
FCS Govt of Punjab,Delhi Integrated MMTS Ltd,0,3
FCS Govt of Punjab,District Sukhmani Society Amritsar Punjab,74,2
FCS Govt of Punjab,District Sukhmani Society Barnala Punjab,78,3
FCS Govt of Punjab,District Sukhmani Society Bathinda Punjab,22,0
FCS Govt of Punjab,District Sukhmani Society Fatehgarh Sahib Punjab,25,2
FCS Govt of Punjab,District Sukhmani Society Fazilka Punjab,12,0
FCS Govt of Punjab,District Sukhmani Society Ferozepur Punjab,50,2
FCS Govt of Punjab,District Sukhmani Society For Citizen Services Mansa Punjab,98,6
FCS Govt of Punjab,District Sukhmani Society For Citizen Services Nawanshahr Punjab,32,0
FCS Govt of Punjab,District Sukhmani Society For Citizen Services SAS Nagar District e-Governance Society Punjab,39,2
FCS Govt of Punjab,District Sukhmani Society Patiala Punjab,20,0
FCS Govt of Punjab,District Sukhmani Society Sangrur Punjab,10,0
FCS Govt of Punjab,District Sukhmani Society Sri Muktsar Sahib Punjab,1,0
FCS Govt of Punjab,District Sukhmani Society Tarn Taran Punjab,5,0
FCS Govt of Punjab,Diwakar Commercials Pvt Ltd,0,4
FCS Govt of Punjab,Karvy Computershare Private Li,691,395
FCS Govt of Punjab,Sukhmani Society For Citizens Services Faridkot Punjab,53,4
FCS Govt of Punjab,Suwidha Society Hoshiarpur Punjab,41,1
FCS Govt of Punjab,Vayam technologies Ltd,156,81
FCS Govt of Punjab,eCentric solutions pvt ltd,2107,275
Govt of Andhra Pradesh,Gouthami Educational Society,66,30
Govt of Andhra Pradesh,GrapeSoft,1009,120
Govt of Andhra Pradesh,IL&FS LTD,0,1
Govt of Andhra Pradesh,INFRONICS SYSTEMS LTD,82,20
Govt of Andhra Pradesh,Madras Security Printers Ltd,0,10
Govt of Andhra Pradesh,SREEVEN INFOCOM LIMITED,217,93
Govt of Andhra Pradesh,TechSmart India Pvt Ltd,80,80
Govt of Andhra Pradesh,Tera Software Ltd,108,47
Govt of Andhra Pradesh,eCentric solutions pvt ltd,0,34
Govt of Goa,MARS Telecom Systems Pvt Ltd,172,18
Govt of Gujarat,GSS Infotech Ltd,2174,272
Govt of Gujarat,Karvy Computershare Private Li,8319,1732
Govt of Gujarat,Silver Touch Technologies Ltd,23769,1898
Govt of Gujarat,Tera Software Ltd,5328,258
Govt of Gujarat,Transline Technologies P Ltd,4468,440
Govt of Gujarat,Vayam technologies Ltd,9714,1241
Govt of Gujarat,eCentric solutions pvt ltd,1040,56
Govt of Himachal Pradesh,Wipro Ltd,189,7
Govt of Himachal Pradesh,i-Grandee SoftwareTechnologies,10,19
Govt of Karnataka ,BNR UDYOG LIMITED,253,151
Govt of Karnataka ,Bloom Solutions Pvt Ltd,939,25
Govt of Karnataka ,COMAT TECHNOLOGIES P LTD,0,2
Govt of Karnataka ,GLODYNE TECHNOSERVE,0,2
Govt of Karnataka ,MARS Telecom Systems Pvt Ltd,2510,923
Govt of Karnataka ,Ninestars Information Technologies Ltd,0,16
Govt of Karnataka ,Om Softwares,631,93
Govt of Karnataka ,Origin ITFS Pvt Ltd,3113,1004
Govt of Karnataka ,Radiant Info Systems Ltd,124,6
Govt of Karnataka ,SREEVEN INFOCOM LIMITED,4135,807
Govt of Karnataka ,Tera Software Ltd,0,1
Govt of Karnataka ,Wipro Ltd,0,1
Govt of Kerala,Akshaya,2809,82
Govt of Kerala,Keltron,105,23
Govt of Madhya Pradesh,VIRGO SOFTECH LIMITED,0,5
Govt of Maharashtra,Adcc Infocad Pvt.Ltd Nagpur,228,33
Govt of Maharashtra,Alankit Finsec Ltd,1,207
Govt of Maharashtra,Bharat Technical Solutions Private Limited,523,12
Govt of Maharashtra,Eagle press pvt ltd,30,4
Govt of Maharashtra,GLODYNE TECHNOSERVE,133,25
Govt of Maharashtra,Global Finsol Private Limited,102,32
Govt of Maharashtra,Karvy Computershare Private Li,3193,220
Govt of Maharashtra,M/S King Computer System pvt Ltd,250,16
Govt of Maharashtra,M/s. Vidya Online  Pune,108,3
Govt of Maharashtra,Mahaonline Limited,0,7
Govt of Maharashtra,Narayana Electricals Solution Pvt Ltd,56,28
Govt of Maharashtra,Netlink software Pvt Ltd,767,222
Govt of Maharashtra,Rudranee Infotech Ltd,76,5
Govt of Maharashtra,SETU MAHARASHTRA,2054,189
Govt of Maharashtra,SHREERAM PRINTING PRESS,3,5
Govt of Maharashtra,SILVER JUBILEE MOTORS LTD.,178,13
Govt of Maharashtra,SPANCO,3032,321
Govt of Maharashtra,STRATEGIC OUTSOURCING SERVICE,1730,296
Govt of Maharashtra,Silver Touch Technologies Ltd,2424,47
Govt of Maharashtra,Systematic & Advance Const P L,15,3
Govt of Maharashtra,TechSmart India Pvt Ltd,98,72
Govt of Maharashtra,Tera Software Ltd,3,7
Govt of Maharashtra,Transline Technologies P Ltd,366,107
Govt of Maharashtra,Vidarbha Infotech Pvt Ltd,49,4
Govt of Maharashtra,Wep Solution India Limited,0,4
Govt of Maharashtra,Wipro Ltd,831,134
Govt of Sikkim - Dept of Econo,4G IDENTITY SOLUTIONS,0,1
Govt of Sikkim - Dept of Econo,Department of Economics Statistics  Monitoring and Evaluation DESME,139,4
IDBI Bank ltd,ATISHAY INFOTECH PVT. LTD.,676,100
IDBI Bank ltd,Matrix Processing House,1,2
IDBI Bank ltd,SREEVEN INFOCOM LIMITED,7431,1684
IDBI Bank ltd,UTI TECHNOLOGY SERVICES LIMITE,681,70
IGNOU,VIRGO SOFTECH LIMITED,0,1
Indiapost,4G IDENTITY SOLUTIONS,1,12
Indiapost,Delhi Integrated MMTS Ltd,7,60
Indiapost,Eagle press pvt ltd,0,2
Indiapost,GLODYNE TECHNOSERVE,0,5
Indiapost,Global Finsol Private Limited,8,57
Indiapost,IL&FS LTD,0,2
Indiapost,M/S STAR DATA CENTRE,51,9
Indiapost,MARS Telecom Systems Pvt Ltd,223,55
Indiapost,Smart Chip Limited,12,5
Indiapost,UTI TECHNOLOGY SERVICES LIMITE,0,1
Indiapost,Vayam technologies Ltd,547,71
Indiapost,WEBEL,42,16
Information Technology & Communication Department,4G INFORMATICS,11,44
Information Technology & Communication Department,BNR UDYOG LIMITED,7,9
Information Technology & Communication Department,Bloom Solutions Pvt Ltd,1,8
Information Technology & Communication Department,CSS TECHNERGY LIMITED,0,2
Information Technology & Communication Department,Directorate of ESD,1569,241
Information Technology & Communication Department,GDC Advertising Pvt. Limited,0,1
Information Technology & Communication Department,JYOTHI COMPUTER SERVICES,23,86
Information Technology & Communication Department,Karvy Data Management Services,1,1
Information Technology & Communication Department,MARS Telecom Systems Pvt Ltd,260,67
Information Technology & Communication Department,SREEVEN INFOCOM LIMITED,780,408
Information Technology & Communication Department,Tera Software Ltd,704,261
Jharkhand,Blue Circle Instrument,2,13
Jharkhand,Emdee Digitronics Pvt.Ltd.,4,8
Jharkhand,MKS Enterprises,382,21
Jharkhand,Nevaeh Technology Pvt. Ltd.,26,12
Jharkhand,STRATEGIC OUTSOURCING SERVICE,3,0
Jharkhand,Smart Chip Limited,5,1
Jharkhand,Systematic & Advance Const P L,23,39
Jharkhand,VISION COMPTECH INTEGRATOR LTD,773,476
Jharkhand,Wipro Ltd,1642,654
Mission Convergence - GNCT Del,Karvy Computershare Private Li,431,23
Mission Convergence - GNCT Del,NVR & ASSOCIATES LIMITED,108,20
Mission Convergence - GNCT Del,STRATEGIC OUTSOURCING SERVICE,0,1
Mission Convergence - GNCT Del,Tera Software Ltd,0,3
Mission Convergence - GNCT Del,eCentric solutions pvt ltd,0,2
NSDL e-Governance Infrastructure Limited,Abhipra Capital Ltd,1185,71
NSDL e-Governance Infrastructure Limited,Alankit Assignments Limited,4966,1341
NSDL e-Governance Infrastructure Limited,Alankit Finsec Ltd,133,4
NSDL e-Governance Infrastructure Limited,Global Finsol Private Limited,3,2
NSDL e-Governance Infrastructure Limited,INTEGRATED REGISTRY SERVICES LTD,43,1
NSDL e-Governance Infrastructure Limited,Karvy Consultants Limited,56,33
NSDL e-Governance Infrastructure Limited,Karvy Data Management Services,10689,1040
NSDL e-Governance Infrastructure Limited,N.K. Sharma Enterprises Ltd.,433,3
NSDL e-Governance Infrastructure Limited,Netlink software Pvt Ltd,2197,347
NSDL e-Governance Infrastructure Limited,PROWIZ MANSYTEMS PVT LTD,5,13
NSDL e-Governance Infrastructure Limited,Promind Solutions P Limited,5188,347
NSDL e-Governance Infrastructure Limited,RELIGARE SECURITIES LTD,1,0
NSDL e-Governance Infrastructure Limited,Utility Forms Pvt Ltd,50,25
NSDL e-Governance Infrastructure Limited,VIRGO SOFTECH LIMITED,7,42
Oriental Bank of Commerce,DATASOFT COMPUTER SERVICES(P),739,408
Oriental Bank of Commerce,Euro Finmart Ltd,174,21
Oriental Bank of Commerce,FINANCIAL INFORMATION NETWORK,1,1
Oriental Bank of Commerce,JNET Technologies Pvt.Ltd,846,189
Oriental Bank of Commerce,Redim Software Technologies Pvt Ltd,85,6
Oriental Bank of Commerce,Sri Ramraja Sarkar Lok Kalyan Trust,1375,773
Oriental Bank of Commerce,Wipro Ltd,1937,185
Others,Others,0,3
Principal Revenue Commissioner  Dept of Revenue  Govt of MP,Frontech Systems Pvt Ltd,1801,41
Principal Revenue Commissioner  Dept of Revenue  Govt of MP,GDC Advertising Pvt. Limited,852,79
Principal Revenue Commissioner  Dept of Revenue  Govt of MP,K W Consulting P Ltd,26872,2190
Principal Revenue Commissioner  Dept of Revenue  Govt of MP,LYRA  CONSULTANCY SERVICE,1810,166
Principal Revenue Commissioner  Dept of Revenue  Govt of MP,Netlink software Pvt Ltd,1556,198
Principal Revenue Commissioner  Dept of Revenue  Govt of MP,OSWAL COMPUTERS & CONSULTANTS,1502,211
Principal Revenue Commissioner  Dept of Revenue  Govt of MP,Tera Software Ltd,525,183
Principal Revenue Commissioner  Dept of Revenue  Govt of MP,The NSIC ltd,37,8
Principal Revenue Commissioner  Dept of Revenue  Govt of MP,Vedavaag Systems Limited,4025,915
Punjab and Sind Bank,Matrix Processing House,0,1
RDD Govt of Tripura,Alankit Assignments Limited,42,8
Registrar General India - BEL,In Media Computer Services LLP,0,11
Registrar General India - BEL,Manipur Electronics Dev Corp,105,13
Registrar General India - BEL,Swathy Smartcards Hi-Tech Pvt,0,1
Registrar General India BEL2,4G INFORMATICS,403,5
Registrar General India BEL2,Alankit Assignments Limited,2,1
Registrar General India BEL2,Computer LAB,5142,502
Registrar General India BEL2,Emdee Digitronics Pvt.Ltd.,4528,493
Registrar General India BEL2,In Media Computer Services LLP,24,0
Registrar General India BEL2,India Computer Technology,696,3518
Registrar General India BEL2,Karvy Data Management Services,8816,1071
Registrar General India BEL2,MACRO INFOTECH PVT LTD,6553,2395
Registrar General India BEL2,MKS Enterprises,895,15
Registrar General India BEL2,Madras Security Printers Ltd,13464,3276
Registrar General India BEL2,Manipur Electronics Dev Corp,4,1
Registrar General India BEL2,Multiwave Innovation,4011,151
Registrar General India BEL2,NVR & ASSOCIATES LIMITED,2510,130
Registrar General India BEL2,Netlink software Pvt Ltd,1188,22
Registrar General India BEL2,Nevaeh Technology Pvt. Ltd.,1716,201
Registrar General India BEL2,Nielsen  India  Private Limited,3669,1923
Registrar General India BEL2,Om Softwares,20874,1387
Registrar General India BEL2,SREEVEN INFOCOM LIMITED,0,2
Registrar General India BEL2,SREI INFRASTRUCTURE FINANCES L,1592,291
Registrar General India BEL2,STRATEGIC OUTSOURCING SERVICE,5577,266
Registrar General India BEL2,Satyanarayana Raju Company Pvt ltd,17164,2619
Registrar General India BEL2,Swathy Smartcards Hi-Tech Pvt,225,4907
Registrar General India BEL2,Swiss Tech India Pvt Ltd,10,171
Registrar General India BEL2,Tera Software Ltd,440,608
Registrar General India BEL2,UNITED DATA SERVICES PRIVATE LIMITED,36,458
Registrar General India BEL2,Urmila Info solution,2077,113
Registrar General India BEL2,VIRGO SOFTECH LIMITED,2768,499
Registrar General India BEL2,Vansh Infotech Pvt Ltd,3339,36
Registrar General India BEL2,Vedavaag Systems Limited,6197,563
Registrar General India BEL2,Viesa Technologies,1854,184
Registrar General India BEL2,WEBEL,1835,37
Registrar General India ECIL,AVVAS INFOTECH PVT  LTD,7589,1466
Registrar General India ECIL,BUSINESS INFORMATION PROCESSING SERVICES,0,2
Registrar General India ECIL,COMTECH INSTITUTE OFTECHNOLOGY,1917,524
Registrar General India ECIL,COMTECHINFO SOLUTIONS PVT.LTD,259,4
Registrar General India ECIL,Chinar Construction Company Prime agency,7707,63
Registrar General India ECIL,Clairvoyance Technologies Pvt.,1,5
Registrar General India ECIL,Computer LAB,18820,4004
Registrar General India ECIL,Eagle Software India Pvt. Ltd,61440,7466
Registrar General India ECIL,Esoft Consulting Limited,3473,29
Registrar General India ECIL,Gundal Infotech Private Limited,3,0
Registrar General India ECIL,In Media Computer Services LLP,2474,1045
Registrar General India ECIL,India Computer Technology,686,831
Registrar General India ECIL,Karvy Data Management Services,11903,697
Registrar General India ECIL,Krishna Infotech,9,346
Registrar General India ECIL,LYRA  CONSULTANCY SERVICE,1691,4
Registrar General India ECIL,Madras Security Printers Ltd,14978,3277
Registrar General India ECIL,Mphasis Ltd,3718,2664
Registrar General India ECIL,Netwing Technologies Pvt Ltd,0,3
Registrar General India ECIL,Nielsen  India  Private Limited,693,75
Registrar General India ECIL,Pioneer E Labs limited,1,22
Registrar General India ECIL,Quick Data IT Services Pvt Ltd,9,2
Registrar General India ECIL,SARADA SYSTEMS,99,135
Registrar General India ECIL,SWISSTECH NPR 57CR PROJECT PVT,2728,3406
Registrar General India ECIL,Tera Software Ltd,3,242
Registrar General India ECIL,VEETECHNOLOGIES PVT. LTD,14,1
Registrar General India ECIL,Vedavaag Systems Limited,1785,1106
Registrar General India Others,COMTECH INSTITUTE OFTECHNOLOGY,3,0
Registrar General India Others,COMTECHINFO SOLUTIONS PVT.LTD,5,0
Registrar General India Others,Karvy Data Management Services,1,0
Registrar General India Others,Madras Security Printers Ltd,3,2
Registrar General India Others,Mphasis Ltd,1,0
Registrar General India Others,SWISSTECH NPR 57CR PROJECT PVT,0,4
Registrar General India Others,Swathy Smartcards Hi-Tech Pvt,0,2
Registrar General India Others,Vedavaag Systems Limited,7,0
Registrar General India Others,WEBEL TECHNOLOGY LIMITED,4,0
Registrar General of India ITI,COMTECH INSTITUTE OFTECHNOLOGY,22,92
Registrar General of India ITI,CSS TECHNERGY LIMITED,0,2
Registrar General of India ITI,CommunitiWorks Welfare Society,0,7
Registrar General of India ITI,Eagle Software India Pvt. Ltd,4218,272
Registrar General of India ITI,Emdee Digitronics Pvt.Ltd.,9806,2523
Registrar General of India ITI,FINANCIAL INFORMATION NETWORK,1840,292
Registrar General of India ITI,In Media Computer Services LLP,509,6
Registrar General of India ITI,Karvy Data Management Services,276,106
Registrar General of India ITI,MKS Enterprises,12,0
Registrar General of India ITI,Madras Security Printers Ltd,314,138
Registrar General of India ITI,Mphasis Ltd,4319,565
Registrar General of India ITI,Multiwave Innovation,11,10
Registrar General of India ITI,Netlink software Pvt Ltd,9,2
Registrar General of India ITI,Nielsen  India  Private Limited,2252,600
Registrar General of India ITI,PROTEX COMPUTER PVT LTD,652,61
Registrar General of India ITI,Quick Data IT Services Pvt Ltd,20,0
Registrar General of India ITI,SREEVEN INFOCOM LIMITED,0,14
Registrar General of India ITI,SREI INFRASTRUCTURE FINANCES L,665,98
Registrar General of India ITI,STRATEGIC OUTSOURCING SERVICE,420,174
Registrar General of India ITI,Satyanarayana Raju Company Pvt ltd,186,15
Registrar General of India ITI,Swathy Smartcards Hi-Tech Pvt,5,228
Registrar General of India ITI,TechSmart India Pvt Ltd,0,48
Registrar General of India ITI,VIRGO SOFTECH LIMITED,1822,795
Registrar General of India ITI,Vedavaag Systems Limited,5773,1635
Registrar General of India ITI,WEBEL TECHNOLOGY LIMITED,2754,205
Registrar General of India ITI,Webx Technologies Private Limited,17,0
STATE BANK OF PATIALA,CSS TECHNERGY LIMITED,0,3
State Bank of Bikaner & Jaipur,Multiwave Innovation,0,108
State Bank of India,4G IDENTITY SOLUTIONS,0,11
State Bank of India,CSS TECHNERGY LIMITED,0,1
State Bank of India,Delhi Integrated MMTS Ltd,0,1
State Bank of India,IL&FS LTD,0,3
State Bank of India,Smart Chip Limited,0,6
State Bank of Travancore,Tera Software Ltd,2,4
UIDAI-Registrar,UIDAI-EA,58,8
UT Of Daman and Diu,Alankit Assignments Limited,0,1
UT of Puducherry,Madras Security Printers Ltd,14,2
Union Bank,FINANCIAL INFORMATION NETWORK,19596,3328
Union Bank,Smart Chip Limited,15911,1750
Union Bank,Vakrangee Softwares Limited,20457,2447
