Registrar,Enrolment Agency,Aadhaar generated,Enrolment Rejected
Allahabad Bank,Tera Software Ltd,0,1
Allahabad Bank,Vakrangee Softwares Limited,292,491
Bank Of India,A3 Logics  India  Ltd,4232,664
Bank Of India,Akanksha International,575,177
Bank Of India,Blue Circle Instrument,5856,170
Bank Of India,CHESSY CONSULTANTS PVT LTD,1776,53
Bank Of India,DATASOFT COMPUTER SERVICES(P),1453,102
Bank Of India,Emdee Digitronics Pvt.Ltd.,87,23
Bank Of India,Frontech Systems Pvt Ltd,194,104
Bank Of India,ITI LIMITED,0,11
Bank Of India,MANTRA SOFTTECH (INDIA) PVTLTD,658,196
Bank Of India,Matrix Processing House,765,1159
Bank Of India,OSWAL COMPUTERS & CONSULTANTS,3527,931
Bank Of India,PROTEX COMPUTER PVT LTD,152,335
Bank Of India,SARADA SYSTEMS,3019,204
Bank Of India,SHRIKRISHNA KHANDASARI SUGAR M,4210,910
Bank Of India,SPANCO,459,191
Bank Of India,SREI INFRASTRUCTURE FINANCES L,3610,884
Bank Of India,Silver Touch Technologies Ltd,74,73
Bank Of India,Systematic & Advance Const P L,93,637
Bank Of India,VEETECHNOLOGIES PVT. LTD,9194,859
Bank Of India,VIRGO SOFTECH LIMITED,41,6
Bank Of India,Vakrangee Softwares Limited,235,431
Bank of Baroda,DATASOFT COMPUTER SERVICES(P),0,1
Bank of Baroda,Global Finsol Private Limited,969,205
Bank of Maharashtra,Alankit Finsec Ltd,43,14
Bank of Maharashtra,FINANCIAL INFORMATION NETWORK,1928,349
Bank of Maharashtra,Micro Technologies India Ltd,2921,199
Bank of Maharashtra,Tera Software Ltd,20230,1952
CSC e-Governance Services India Limited,A I Soc for Electronics and Comp Tech,12612,1370
CSC e-Governance Services India Limited,AKSH OPTIFIBRE LIMITED,5445,204
CSC e-Governance Services India Limited,BASIX,4301,495
CSC e-Governance Services India Limited,CALANCE SOFTWARE PRIVATE LTD,678,450
CSC e-Governance Services India Limited,CMS Computers Ltd,11734,1815
CSC e-Governance Services India Limited,CSC e-Governance Services India Limited,16888,897
CSC e-Governance Services India Limited,Intelligent Communication Sys India Ltd,652,83
CSC e-Governance Services India Limited,MANTRA SOFTTECH (INDIA) PVTLTD,10555,123
CSC e-Governance Services India Limited,Network for Information & Computer,6051,348
CSC e-Governance Services India Limited,Reliance Communication Limited,387,91
CSC e-Governance Services India Limited,SPANCO,1180,113
CSC e-Governance Services India Limited,Tera Software Ltd,522,21
CSC e-Governance Services India Limited,United Telecoms e-Services Pvt Ltd,3058,319
CSC e-Governance Services India Limited,VIKALP MULTIMEDIA,1068,167
CSC e-Governance Services India Limited,Vakrangee Softwares Limited,5485,557
CSC e-Governance Services India Limited,Zephyr System Pvt.Ltd.,18498,598
Canara Bank,Ojus Healthcare Private Limited,454,8
Central Bank of India,CALANCE SOFTWARE PRIVATE LTD,65,464
Central Bank of India,IAP COMPANY Pvt. Ltd,2282,542
Central Bank of India,MANTRA SOFTTECH (INDIA) PVTLTD,0,17
Central Bank of India,SREI INFRASTRUCTURE FINANCES L,0,11
Central Bank of India,The Peerless General Finance,1098,90
DENA BANK,ATISHAY INFOTECH PVT. LTD.,4300,263
DENA BANK,AVVAS INFOTECH PVT  LTD,6387,123
DENA BANK,BNR UDYOG LIMITED,1402,11
DENA BANK,Bloom Solutions Pvt Ltd,5453,551
DENA BANK,Business Information Processing Services,1237,62
DENA BANK,CALANCE SOFTWARE PRIVATE LTD,1783,542
DENA BANK,DATASOFT COMPUTER SERVICES(P),384,32
DENA BANK,DEVASHISH SECURITIES PVT. LTD.,449,76
DENA BANK,Gujarat Infotech Ltd.,2309,45
DENA BANK,IAP COMPANY Pvt. Ltd,3305,26
DENA BANK,JNET Technologies Pvt.Ltd,1576,571
DENA BANK,K W Consulting P Ltd,1349,349
DENA BANK,MARS Telecom Systems Pvt Ltd,385,6
DENA BANK,Multiwave Innovation,1408,118
DENA BANK,Narayana Electricals Solution Pvt Ltd,1468,67
DENA BANK,Netlink software Pvt Ltd,4865,94
DENA BANK,Offshoot Agency Pvt. Ltd.,382,17
DENA BANK,Ortem Securities Limited,0,12
DENA BANK,Prodigy Systems and Services Private Limited,170,158
DENA BANK,Soc for Advancement of Environ Science,915,36
DENA BANK,Super Printers,10432,137
DENA BANK,Systematic & Advance Const P L,10407,624
DENA BANK,TechSmart India Pvt Ltd,6330,668
DENA BANK,Tera Software Ltd,580,257
DENA BANK,WEBEL,1938,206
DENA BANK,Zephyr System Pvt.Ltd.,2800,103
Delhi - Central DC,Smart Chip Limited,5,26
Delhi - East DC,DATASOFT COMPUTER SERVICES(P),639,62
Delhi - ND DC,Smart Chip Limited,1,10
Delhi - NE DC,Smart Chip Limited,1,15
Delhi - North DC,CALANCE SOFTWARE PRIVATE LTD,2912,376
Delhi - North DC,DATASOFT COMPUTER SERVICES(P),0,1
Delhi - North DC,NVR & ASSOCIATES LIMITED,900,51
Delhi - North DC,Smart Chip Limited,10,12
Delhi SW DC,VIRGO SOFTECH LIMITED,13,6
Delhi- South DC,Karvy Computershare Private Li,632,41
Delhi- South DC,Smart Chip Limited,3,5
Delhi- South DC,Tera Software Ltd,2,0
Delhi- West DC,Smart Chip Limited,0,12
Delhi- West DC,VIRGO SOFTECH LIMITED,147,22
Delhi-NW DC,Karvy Computershare Private Li,372,45
Department of Information Technology Govt of Jharkhand,Blue Circle Instrument,298,142
Department of Information Technology Govt of Jharkhand,MKS Enterprises,406,192
Department of Information Technology Govt of Jharkhand,Systematic & Advance Const P L,1,45
Department of Information Technology Govt of Jharkhand,Wipro Ltd,335,12
Dept of ITC Govt of Rajasthan,ATISHAY INFOTECH PVT. LTD.,1068,476
Dept of ITC Govt of Rajasthan,AVVAS INFOTECH PVT  LTD,1054,1136
Dept of ITC Govt of Rajasthan,Alankit Finsec Ltd,582,216
Dept of ITC Govt of Rajasthan,Business Information Processing Services,13,40
Dept of ITC Govt of Rajasthan,DATASOFT COMPUTER SERVICES(P),5105,525
Dept of ITC Govt of Rajasthan,Gem Computers,840,146
Dept of ITC Govt of Rajasthan,MANTRA SOFTTECH (INDIA) PVTLTD,929,70
Dept of ITC Govt of Rajasthan,Multiwave Innovation,5,147
Dept of ITC Govt of Rajasthan,Netlink software Pvt Ltd,106,190
Dept of ITC Govt of Rajasthan,TechSmart India Pvt Ltd,1615,182
Dept of ITC Govt of Rajasthan,Transline Technologies P Ltd,1093,397
Dept of ITC Govt of Rajasthan,VIRGO SOFTECH LIMITED,3212,320
Dept of ITC Govt of Rajasthan,Vakrangee Softwares Limited,7377,1319
Dept of ITC Govt of Rajasthan,Vayam technologies Ltd,1125,278
FCR Govt of Haryana,4G INFORMATICS,610,22
FCR Govt of Haryana,Academy of Management Studies,211,7
FCR Govt of Haryana,Radiant Info Systems Ltd,1510,43
FCR Govt of Haryana,Vakrangee Softwares Limited,38,88
FCR Govt of Haryana,Vayam technologies Ltd,1401,298
FCS Govt of Punjab,Alankit Assignments Limited,0,3
FCS Govt of Punjab,Alankit Finsec Ltd,0,3
FCS Govt of Punjab,Alankit Life Care Ltd,0,1
FCS Govt of Punjab,CSS TECHNERGY LIMITED,0,34
FCS Govt of Punjab,Delhi Integrated MMTS Ltd,0,5
FCS Govt of Punjab,District Sukhmani Society Amritsar Punjab,181,4
FCS Govt of Punjab,District Sukhmani Society Barnala Punjab,130,11
FCS Govt of Punjab,District Sukhmani Society Bathinda Punjab,37,2
FCS Govt of Punjab,District Sukhmani Society Fatehgarh Sahib Punjab,64,1
FCS Govt of Punjab,District Sukhmani Society Fazilka Punjab,29,4
FCS Govt of Punjab,District Sukhmani Society Ferozepur Punjab,97,3
FCS Govt of Punjab,District Sukhmani Society For Citizen Services Mansa Punjab,130,7
FCS Govt of Punjab,District Sukhmani Society For Citizen Services Nawanshahr Punjab,81,1
FCS Govt of Punjab,District Sukhmani Society For Citizen Services SAS Nagar District e-Governance Society Punjab,84,1
FCS Govt of Punjab,District Sukhmani Society Patiala Punjab,32,1
FCS Govt of Punjab,District Sukhmani Society Sangrur Punjab,31,1
FCS Govt of Punjab,District Sukhmani Society Sri Muktsar Sahib Punjab,1,0
FCS Govt of Punjab,District Sukhmani Society Tarn Taran Punjab,5,0
FCS Govt of Punjab,Diwakar Commercials Pvt Ltd,0,1
FCS Govt of Punjab,Karvy Computershare Private Li,1980,640
FCS Govt of Punjab,Sukhmani Society For Citizens Services Faridkot Punjab,82,3
FCS Govt of Punjab,Suwidha Society Hoshiarpur Punjab,89,2
FCS Govt of Punjab,Vayam technologies Ltd,1157,617
FCS Govt of Punjab,eCentric solutions pvt ltd,7464,1090
Govt of Andhra Pradesh,Gouthami Educational Society,214,64
Govt of Andhra Pradesh,GrapeSoft,1601,221
Govt of Andhra Pradesh,INFRONICS SYSTEMS LTD,99,121
Govt of Andhra Pradesh,SREEVEN INFOCOM LIMITED,282,282
Govt of Andhra Pradesh,TechSmart India Pvt Ltd,513,280
Govt of Andhra Pradesh,Tera Software Ltd,448,102
Govt of Andhra Pradesh,eCentric solutions pvt ltd,0,3
Govt of Goa,MARS Telecom Systems Pvt Ltd,186,12
Govt of Gujarat,GSS Infotech Ltd,5266,398
Govt of Gujarat,Karvy Computershare Private Li,14978,2287
Govt of Gujarat,Silver Touch Technologies Ltd,31353,3613
Govt of Gujarat,Tera Software Ltd,9203,385
Govt of Gujarat,Transline Technologies P Ltd,1172,200
Govt of Gujarat,Vayam technologies Ltd,27208,2889
Govt of Gujarat,eCentric solutions pvt ltd,2373,452
Govt of Himachal Pradesh,Wipro Ltd,609,56
Govt of Himachal Pradesh,i-Grandee SoftwareTechnologies,55,146
Govt of Karnataka ,BNR UDYOG LIMITED,681,331
Govt of Karnataka ,Bloom Solutions Pvt Ltd,2397,204
Govt of Karnataka ,GLODYNE TECHNOSERVE,0,3
Govt of Karnataka ,MARS Telecom Systems Pvt Ltd,6172,1904
Govt of Karnataka ,Ninestars Information Technologies Ltd,1,174
Govt of Karnataka ,Om Softwares,1853,173
Govt of Karnataka ,Origin ITFS Pvt Ltd,6860,2261
Govt of Karnataka ,Radiant Info Systems Ltd,274,5
Govt of Karnataka ,SREEVEN INFOCOM LIMITED,8926,1020
Govt of Kerala,Akshaya,10787,832
Govt of Kerala,Keltron,166,68
Govt of Madhya Pradesh,Bharatiya Samruddhi I & CS Ltd,0,24
Govt of Madhya Pradesh,VIRGO SOFTECH LIMITED,1,0
Govt of Maharashtra,Adcc Infocad Pvt.Ltd Nagpur,65,27
Govt of Maharashtra,Alankit Finsec Ltd,9,110
Govt of Maharashtra,Bharat Technical Solutions Private Limited,633,60
Govt of Maharashtra,Eagle press pvt ltd,200,101
Govt of Maharashtra,GLODYNE TECHNOSERVE,760,182
Govt of Maharashtra,Global Finsol Private Limited,104,233
Govt of Maharashtra,Karvy Computershare Private Li,5859,417
Govt of Maharashtra,M/S King Computer System pvt Ltd,422,46
Govt of Maharashtra,M/s. Vidya Online  Pune,178,15
Govt of Maharashtra,Narayana Electricals Solution Pvt Ltd,164,27
Govt of Maharashtra,Netlink software Pvt Ltd,1260,447
Govt of Maharashtra,Network for Information & Computer,2,0
Govt of Maharashtra,Obel projects Pvt Ltd,0,3
Govt of Maharashtra,Rudranee Infotech Ltd,196,26
Govt of Maharashtra,SETU MAHARASHTRA,4811,355
Govt of Maharashtra,SHREERAM PRINTING PRESS,9,39
Govt of Maharashtra,SILVER JUBILEE MOTORS LTD.,156,14
Govt of Maharashtra,SPANCO,3558,490
Govt of Maharashtra,STRATEGIC OUTSOURCING SERVICE,792,288
Govt of Maharashtra,Silver Touch Technologies Ltd,8338,421
Govt of Maharashtra,Systematic & Advance Const P L,39,2
Govt of Maharashtra,TechSmart India Pvt Ltd,124,229
Govt of Maharashtra,Tera Software Ltd,7,3
Govt of Maharashtra,Transline Technologies P Ltd,879,331
Govt of Maharashtra,Vidarbha Infotech Pvt Ltd,4,3
Govt of Maharashtra,Wipro Ltd,4236,252
Govt of Sikkim - Dept of Econo,Department of Economics Statistics  Monitoring and Evaluation DESME,283,6
IDBI Bank ltd,ATISHAY INFOTECH PVT. LTD.,1829,135
IDBI Bank ltd,Matrix Processing House,7,60
IDBI Bank ltd,SREEVEN INFOCOM LIMITED,4158,1142
IDBI Bank ltd,UTI TECHNOLOGY SERVICES LIMITE,1534,66
Indiapost,4G IDENTITY SOLUTIONS,1,1
Indiapost,Delhi Integrated MMTS Ltd,23,334
Indiapost,Global Finsol Private Limited,44,93
Indiapost,IL&FS LTD,0,1
Indiapost,M/S STAR DATA CENTRE,156,4
Indiapost,MARS Telecom Systems Pvt Ltd,538,98
Indiapost,Smart Chip Limited,13,4
Indiapost,Vayam technologies Ltd,972,48
Indiapost,WEBEL,92,11
Information Technology & Communication Department,4G INFORMATICS,16,349
Information Technology & Communication Department,BNR UDYOG LIMITED,40,211
Information Technology & Communication Department,Bloom Solutions Pvt Ltd,2,68
Information Technology & Communication Department,CSS TECHNERGY LIMITED,0,133
Information Technology & Communication Department,Directorate of ESD,2127,336
Information Technology & Communication Department,GDC Advertising Pvt. Limited,1,13
Information Technology & Communication Department,JYOTHI COMPUTER SERVICES,66,276
Information Technology & Communication Department,Karvy Data Management Services,1,13
Information Technology & Communication Department,MARS Telecom Systems Pvt Ltd,529,158
Information Technology & Communication Department,SREEVEN INFOCOM LIMITED,1849,262
Information Technology & Communication Department,Tera Software Ltd,697,209
Jharkhand,Alankit Assignments Limited,0,3
Jharkhand,Blue Circle Instrument,5,51
Jharkhand,Emdee Digitronics Pvt.Ltd.,50,246
Jharkhand,MKS Enterprises,900,476
Jharkhand,Nevaeh Technology Pvt. Ltd.,87,92
Jharkhand,STRATEGIC OUTSOURCING SERVICE,4,31
Jharkhand,Smart Chip Limited,11,70
Jharkhand,Systematic & Advance Const P L,72,731
Jharkhand,VISION COMPTECH INTEGRATOR LTD,1063,973
Jharkhand,Wipro Ltd,2848,1578
Mission Convergence - GNCT Del,Karvy Computershare Private Li,453,56
Mission Convergence - GNCT Del,NVR & ASSOCIATES LIMITED,373,25
NSDL e-Governance Infrastructure Limited,Abhipra Capital Ltd,1774,189
NSDL e-Governance Infrastructure Limited,Alankit Assignments Limited,8735,1406
NSDL e-Governance Infrastructure Limited,Alankit Finsec Ltd,309,4
NSDL e-Governance Infrastructure Limited,Delhi Integrated MMTS Ltd,4,10
NSDL e-Governance Infrastructure Limited,Global Finsol Private Limited,2,10
NSDL e-Governance Infrastructure Limited,INTEGRATED REGISTRY SERVICES LTD,103,2
NSDL e-Governance Infrastructure Limited,Karvy Consultants Limited,117,1
NSDL e-Governance Infrastructure Limited,Karvy Data Management Services,20592,1772
NSDL e-Governance Infrastructure Limited,N.K. Sharma Enterprises Ltd.,543,82
NSDL e-Governance Infrastructure Limited,Netlink software Pvt Ltd,5624,687
NSDL e-Governance Infrastructure Limited,PROWIZ MANSYTEMS PVT LTD,20,246
NSDL e-Governance Infrastructure Limited,Promind Solutions P Limited,8726,377
NSDL e-Governance Infrastructure Limited,RELIGARE SECURITIES LTD,8,0
NSDL e-Governance Infrastructure Limited,Utility Forms Pvt Ltd,116,9
NSDL e-Governance Infrastructure Limited,VIRGO SOFTECH LIMITED,14,186
Oriental Bank of Commerce,DATASOFT COMPUTER SERVICES(P),2544,326
Oriental Bank of Commerce,Euro Finmart Ltd,203,24
Oriental Bank of Commerce,IL&FS LTD,1,0
Oriental Bank of Commerce,JNET Technologies Pvt.Ltd,1410,269
Oriental Bank of Commerce,Redim Software Technologies Pvt Ltd,318,14
Oriental Bank of Commerce,Sri Ramraja Sarkar Lok Kalyan Trust,2643,2440
Oriental Bank of Commerce,Wipro Ltd,5596,858
Others,Madras Security Printers Ltd,0,2
Others,Others,0,2
Others,eCentric solutions pvt ltd,0,1
Principal Revenue Commissioner  Dept of Revenue  Govt of MP,Frontech Systems Pvt Ltd,3919,117
Principal Revenue Commissioner  Dept of Revenue  Govt of MP,GDC Advertising Pvt. Limited,2107,49
Principal Revenue Commissioner  Dept of Revenue  Govt of MP,K W Consulting P Ltd,12793,3000
Principal Revenue Commissioner  Dept of Revenue  Govt of MP,LYRA  CONSULTANCY SERVICE,3962,156
Principal Revenue Commissioner  Dept of Revenue  Govt of MP,Netlink software Pvt Ltd,2882,189
Principal Revenue Commissioner  Dept of Revenue  Govt of MP,OSWAL COMPUTERS & CONSULTANTS,3634,332
Principal Revenue Commissioner  Dept of Revenue  Govt of MP,Tera Software Ltd,1294,249
Principal Revenue Commissioner  Dept of Revenue  Govt of MP,The NSIC ltd,211,13
Principal Revenue Commissioner  Dept of Revenue  Govt of MP,Vedavaag Systems Limited,7739,747
RDD Govt of Tripura,Alankit Assignments Limited,126,0
Registrar General India - BEL,Manipur Electronics Dev Corp,246,2330
Registrar General India BEL2,4G INFORMATICS,1053,1
Registrar General India BEL2,Alankit Assignments Limited,13,4
Registrar General India BEL2,Bharat Electronics Limited,2,0
Registrar General India BEL2,Computer LAB,9936,868
Registrar General India BEL2,Emdee Digitronics Pvt.Ltd.,9787,715
Registrar General India BEL2,In Media Computer Services LLP,174,1
Registrar General India BEL2,India Computer Technology,240,1040
Registrar General India BEL2,Karvy Data Management Services,23856,2736
Registrar General India BEL2,MACRO INFOTECH PVT LTD,190,1666
Registrar General India BEL2,MKS Enterprises,3251,67
Registrar General India BEL2,Madras Security Printers Ltd,18918,6315
Registrar General India BEL2,Manipur Electronics Dev Corp,162,13
Registrar General India BEL2,Multiwave Innovation,9614,622
Registrar General India BEL2,NVR & ASSOCIATES LIMITED,5966,76
Registrar General India BEL2,Netlink software Pvt Ltd,2877,159
Registrar General India BEL2,Nevaeh Technology Pvt. Ltd.,4051,327
Registrar General India BEL2,Nielsen  India  Private Limited,7602,2589
Registrar General India BEL2,Om Softwares,29932,2115
Registrar General India BEL2,SREEVEN INFOCOM LIMITED,0,2
Registrar General India BEL2,SREI INFRASTRUCTURE FINANCES L,4217,517
Registrar General India BEL2,STRATEGIC OUTSOURCING SERVICE,10268,231
Registrar General India BEL2,Satyanarayana Raju Company Pvt ltd,19987,3349
Registrar General India BEL2,Swathy Smartcards Hi-Tech Pvt,551,2753
Registrar General India BEL2,Swiss Tech India Pvt Ltd,38,395
Registrar General India BEL2,Tera Software Ltd,1550,644
Registrar General India BEL2,UNITED DATA SERVICES PRIVATE LIMITED,68,1400
Registrar General India BEL2,Urmila Info solution,3963,97
Registrar General India BEL2,VIRGO SOFTECH LIMITED,3567,857
Registrar General India BEL2,Vansh Infotech Pvt Ltd,6819,87
Registrar General India BEL2,Vayam technologies Ltd,47,2
Registrar General India BEL2,Vedavaag Systems Limited,11123,707
Registrar General India BEL2,Viesa Technologies,3208,226
Registrar General India BEL2,WEBEL,5159,40
Registrar General India ECIL,AVVAS INFOTECH PVT  LTD,15219,2422
Registrar General India ECIL,BUSINESS INFORMATION PROCESSING SERVICES,0,2
Registrar General India ECIL,COMTECH INSTITUTE OFTECHNOLOGY,5705,985
Registrar General India ECIL,COMTECHINFO SOLUTIONS PVT.LTD,989,688
Registrar General India ECIL,Chinar Construction Company Prime agency,13349,81
Registrar General India ECIL,Clairvoyance Technologies Pvt.,7,178
Registrar General India ECIL,Computer LAB,46503,6763
Registrar General India ECIL,Eagle Software India Pvt. Ltd,89270,19780
Registrar General India ECIL,Esoft Consulting Limited,6352,31
Registrar General India ECIL,Gundal Infotech Private Limited,2,0
Registrar General India ECIL,In Media Computer Services LLP,5448,2643
Registrar General India ECIL,India Computer Technology,976,457
Registrar General India ECIL,Integrated Systems & Services,290,0
Registrar General India ECIL,Karvy Data Management Services,26750,1335
Registrar General India ECIL,Krishna Infotech,15,60
Registrar General India ECIL,LYRA  CONSULTANCY SERVICE,433,5
Registrar General India ECIL,Madras Security Printers Ltd,34700,5444
Registrar General India ECIL,Mphasis Ltd,11929,3931
Registrar General India ECIL,Netwing Technologies Pvt Ltd,0,45
Registrar General India ECIL,Nielsen  India  Private Limited,1885,130
Registrar General India ECIL,Pioneer E Labs limited,4,10
Registrar General India ECIL,Quick Data IT Services Pvt Ltd,21,1
Registrar General India ECIL,SARADA SYSTEMS,153,256
Registrar General India ECIL,SWISSTECH NPR 57CR PROJECT PVT,4787,370
Registrar General India ECIL,Tera Software Ltd,8,275
Registrar General India ECIL,VEETECHNOLOGIES PVT. LTD,777,15
Registrar General India ECIL,Vedavaag Systems Limited,2386,665
Registrar General India Others,COMTECH INSTITUTE OFTECHNOLOGY,9,0
Registrar General India Others,COMTECHINFO SOLUTIONS PVT.LTD,4,0
Registrar General India Others,Clairvoyance Technologies Pvt.,1,0
Registrar General India Others,Computer LAB,0,5
Registrar General India Others,Eagle Software India Pvt. Ltd,4,0
Registrar General India Others,In Media Computer Services LLP,0,2
Registrar General India Others,Karvy Data Management Services,1,0
Registrar General India Others,Madras Security Printers Ltd,2,2
Registrar General India Others,VIRGO SOFTECH LIMITED,3,0
Registrar General India Others,Vansh Infotech Pvt Ltd,3,0
Registrar General India Others,Vedavaag Systems Limited,2,0
Registrar General India Others,WEBEL TECHNOLOGY LIMITED,3,3
Registrar General of India ITI,COMTECH INSTITUTE OFTECHNOLOGY,26,55
Registrar General of India ITI,CSS TECHNERGY LIMITED,4,4
Registrar General of India ITI,CommunitiWorks Welfare Society,0,62
Registrar General of India ITI,Eagle Software India Pvt. Ltd,8899,612
Registrar General of India ITI,Emdee Digitronics Pvt.Ltd.,25514,15506
Registrar General of India ITI,FINANCIAL INFORMATION NETWORK,5364,336
Registrar General of India ITI,In Media Computer Services LLP,894,42
Registrar General of India ITI,Karvy Data Management Services,1085,62
Registrar General of India ITI,MKS Enterprises,145,1
Registrar General of India ITI,Madras Security Printers Ltd,864,265
Registrar General of India ITI,Mphasis Ltd,8465,990
Registrar General of India ITI,Multiwave Innovation,65,19
Registrar General of India ITI,Netlink software Pvt Ltd,43,2
Registrar General of India ITI,Nielsen  India  Private Limited,5355,677
Registrar General of India ITI,PROTEX COMPUTER PVT LTD,1694,159
Registrar General of India ITI,Quick Data IT Services Pvt Ltd,373,1
Registrar General of India ITI,SREEVEN INFOCOM LIMITED,0,7
Registrar General of India ITI,SREI INFRASTRUCTURE FINANCES L,1631,98
Registrar General of India ITI,STRATEGIC OUTSOURCING SERVICE,1155,193
Registrar General of India ITI,Satyanarayana Raju Company Pvt ltd,680,262
Registrar General of India ITI,Swathy Smartcards Hi-Tech Pvt,16,1318
Registrar General of India ITI,TechSmart India Pvt Ltd,0,6
Registrar General of India ITI,VIRGO SOFTECH LIMITED,5103,1233
Registrar General of India ITI,Vedavaag Systems Limited,8979,1614
Registrar General of India ITI,WEBEL TECHNOLOGY LIMITED,6081,728
Registrar General of India ITI,Webx Technologies Private Limited,951,1
State Bank of Bikaner & Jaipur,Multiwave Innovation,3,318
State Bank of India,Eagle press pvt ltd,1,0
State Bank of Travancore,Tera Software Ltd,4,4
UIDAI-Registrar,UIDAI-EA,50,4
UT Of Daman and Diu,Alankit Assignments Limited,1,5
UT of Puducherry,Madras Security Printers Ltd,47,8
Union Bank,FINANCIAL INFORMATION NETWORK,41291,5414
Union Bank,Smart Chip Limited,27930,3538
Union Bank,Vakrangee Softwares Limited,33812,6090
