Registrar,Enrolment Agency,Aadhaar generated,Enrolment Rejected
Allahabad Bank,Vakrangee Softwares Limited,79,321
Bank Of India,A3 Logics  India  Ltd,3649,961
Bank Of India,Akanksha International,745,291
Bank Of India,Blue Circle Instrument,2873,380
Bank Of India,CHESSY CONSULTANTS PVT LTD,2053,215
Bank Of India,DATASOFT COMPUTER SERVICES(P),850,136
Bank Of India,Emdee Digitronics Pvt.Ltd.,307,37
Bank Of India,Frontech Systems Pvt Ltd,441,112
Bank Of India,MANTRA SOFTTECH (INDIA) PVTLTD,322,18
Bank Of India,Matrix Processing House,2828,1436
Bank Of India,OSWAL COMPUTERS & CONSULTANTS,2653,394
Bank Of India,PROTEX COMPUTER PVT LTD,609,269
Bank Of India,SARADA SYSTEMS,1295,397
Bank Of India,SHRIKRISHNA KHANDASARI SUGAR M,4820,695
Bank Of India,SPANCO,958,129
Bank Of India,SREI INFRASTRUCTURE FINANCES L,3599,1584
Bank Of India,Silver Touch Technologies Ltd,113,16
Bank Of India,Systematic & Advance Const P L,1224,176
Bank Of India,VEETECHNOLOGIES PVT. LTD,5935,1607
Bank Of India,VIRGO SOFTECH LIMITED,5,0
Bank Of India,Vakrangee Softwares Limited,7,17
Bank of Baroda,Global Finsol Private Limited,659,283
Bank of Maharashtra,Alankit Finsec Ltd,31,35
Bank of Maharashtra,FINANCIAL INFORMATION NETWORK,1462,543
Bank of Maharashtra,Micro Technologies India Ltd,1506,521
Bank of Maharashtra,Tera Software Ltd,3340,1061
CSC e-Governance Services India Limited,A I Soc for Electronics and Comp Tech,19034,3279
CSC e-Governance Services India Limited,AKSH OPTIFIBRE LIMITED,6611,1889
CSC e-Governance Services India Limited,BASIX,6010,1847
CSC e-Governance Services India Limited,CALANCE SOFTWARE PRIVATE LTD,813,313
CSC e-Governance Services India Limited,CMS Computers Ltd,22721,4341
CSC e-Governance Services India Limited,CSC e-Governance Services India Limited,12100,4367
CSC e-Governance Services India Limited,Intelligent Communication Sys India Ltd,302,698
CSC e-Governance Services India Limited,MANTRA SOFTTECH (INDIA) PVTLTD,5641,418
CSC e-Governance Services India Limited,Network for Information & Computer,3728,568
CSC e-Governance Services India Limited,Reliance Communication Limited,996,442
CSC e-Governance Services India Limited,SPANCO,731,636
CSC e-Governance Services India Limited,Tera Software Ltd,251,195
CSC e-Governance Services India Limited,United Telecoms e-Services Pvt Ltd,4254,1302
CSC e-Governance Services India Limited,VIKALP MULTIMEDIA,1232,584
CSC e-Governance Services India Limited,Vakrangee Softwares Limited,3502,681
CSC e-Governance Services India Limited,Zephyr System Pvt.Ltd.,20383,2650
Canara Bank,Ojus Healthcare Private Limited,150,145
Central Bank of India,CALANCE SOFTWARE PRIVATE LTD,630,401
Central Bank of India,IAP COMPANY Pvt. Ltd,3710,1363
Central Bank of India,IL&FS LTD,0,2
Central Bank of India,MANTRA SOFTTECH (INDIA) PVTLTD,63,0
Central Bank of India,SREI INFRASTRUCTURE FINANCES L,0,11
Central Bank of India,The Peerless General Finance,662,240
Civil Supplies - A&N Islands,India Computer Technology,2,0
DENA BANK,ATISHAY INFOTECH PVT. LTD.,3934,585
DENA BANK,AVVAS INFOTECH PVT  LTD,1569,165
DENA BANK,BNR UDYOG LIMITED,1751,126
DENA BANK,Bloom Solutions Pvt Ltd,3878,2164
DENA BANK,Business Information Processing Services,682,347
DENA BANK,C-SAASTRA SOLUTIONS PVT LTD,3,0
DENA BANK,CALANCE SOFTWARE PRIVATE LTD,1632,770
DENA BANK,DATASOFT COMPUTER SERVICES(P),233,70
DENA BANK,DEVASHISH SECURITIES PVT. LTD.,504,98
DENA BANK,Gujarat Infotech Ltd.,712,85
DENA BANK,IAP COMPANY Pvt. Ltd,1388,209
DENA BANK,JNET Technologies Pvt.Ltd,4930,726
DENA BANK,K W Consulting P Ltd,1945,843
DENA BANK,MARS Telecom Systems Pvt Ltd,49,0
DENA BANK,Multiwave Innovation,2859,366
DENA BANK,Narayana Electricals Solution Pvt Ltd,1239,455
DENA BANK,Netlink software Pvt Ltd,9642,356
DENA BANK,Offshoot Agency Pvt. Ltd.,166,151
DENA BANK,Ortem Securities Limited,28,2
DENA BANK,Prodigy Systems and Services Private Limited,150,140
DENA BANK,Soc for Advancement of Environ Science,293,492
DENA BANK,Super Printers,3934,498
DENA BANK,Systematic & Advance Const P L,15088,558
DENA BANK,TechSmart India Pvt Ltd,5650,2270
DENA BANK,Tera Software Ltd,435,107
DENA BANK,WEBEL,700,384
DENA BANK,Zephyr System Pvt.Ltd.,2022,243
Delhi - Central DC,Smart Chip Limited,84,1
Delhi - East DC,DATASOFT COMPUTER SERVICES(P),480,729
Delhi - ND DC,Smart Chip Limited,23,1
Delhi - NE DC,Alankit Assignments Limited,0,1
Delhi - NE DC,Smart Chip Limited,49,6
Delhi - North DC,CALANCE SOFTWARE PRIVATE LTD,837,881
Delhi - North DC,DATASOFT COMPUTER SERVICES(P),0,1
Delhi - North DC,NVR & ASSOCIATES LIMITED,586,563
Delhi - North DC,Smart Chip Limited,91,4
Delhi SW DC,VIRGO SOFTECH LIMITED,107,141
Delhi- South DC,Karvy Computershare Private Li,252,414
Delhi- South DC,Smart Chip Limited,49,1
Delhi- South DC,eCentric solutions pvt ltd,0,1
Delhi- West DC,Smart Chip Limited,15,0
Delhi- West DC,VIRGO SOFTECH LIMITED,334,560
Delhi-NW DC,Karvy Computershare Private Li,748,810
Department of Information Technology Govt of Jharkhand,Blue Circle Instrument,968,896
Department of Information Technology Govt of Jharkhand,MKS Enterprises,346,95
Department of Information Technology Govt of Jharkhand,Systematic & Advance Const P L,1,0
Department of Information Technology Govt of Jharkhand,Vayam technologies Ltd,2,0
Department of Information Technology Govt of Jharkhand,Wipro Ltd,562,789
Dept of ITC Govt of Rajasthan,ATISHAY INFOTECH PVT. LTD.,1328,311
Dept of ITC Govt of Rajasthan,AVVAS INFOTECH PVT  LTD,1864,686
Dept of ITC Govt of Rajasthan,Alankit Finsec Ltd,1030,199
Dept of ITC Govt of Rajasthan,Business Information Processing Services,183,49
Dept of ITC Govt of Rajasthan,DATASOFT COMPUTER SERVICES(P),2708,958
Dept of ITC Govt of Rajasthan,Gem Computers,613,238
Dept of ITC Govt of Rajasthan,MANTRA SOFTTECH (INDIA) PVTLTD,255,210
Dept of ITC Govt of Rajasthan,Multiwave Innovation,162,7
Dept of ITC Govt of Rajasthan,Netlink software Pvt Ltd,527,93
Dept of ITC Govt of Rajasthan,TechSmart India Pvt Ltd,809,245
Dept of ITC Govt of Rajasthan,Transline Technologies P Ltd,1312,167
Dept of ITC Govt of Rajasthan,VIRGO SOFTECH LIMITED,1584,783
Dept of ITC Govt of Rajasthan,Vakrangee Softwares Limited,7164,1822
Dept of ITC Govt of Rajasthan,Vayam technologies Ltd,1161,446
FCR Govt of Haryana,4G INFORMATICS,604,767
FCR Govt of Haryana,Academy of Management Studies,139,64
FCR Govt of Haryana,Radiant Info Systems Ltd,744,743
FCR Govt of Haryana,Vakrangee Softwares Limited,26,14
FCR Govt of Haryana,Vayam technologies Ltd,644,237
FCS Govt of Punjab,CSS TECHNERGY LIMITED,2,0
FCS Govt of Punjab,Delhi Integrated MMTS Ltd,0,1
FCS Govt of Punjab,District Sukhmani Society Amritsar Punjab,112,154
FCS Govt of Punjab,District Sukhmani Society Barnala Punjab,43,75
FCS Govt of Punjab,District Sukhmani Society Bathinda Punjab,21,36
FCS Govt of Punjab,District Sukhmani Society Fatehgarh Sahib Punjab,38,108
FCS Govt of Punjab,District Sukhmani Society Fazilka Punjab,19,29
FCS Govt of Punjab,District Sukhmani Society Ferozepur Punjab,114,106
FCS Govt of Punjab,District Sukhmani Society For Citizen Services Mansa Punjab,86,67
FCS Govt of Punjab,District Sukhmani Society For Citizen Services Nawanshahr Punjab,50,113
FCS Govt of Punjab,District Sukhmani Society For Citizen Services SAS Nagar District e-Governance Society Punjab,103,83
FCS Govt of Punjab,District Sukhmani Society Patiala Punjab,44,47
FCS Govt of Punjab,District Sukhmani Society Sangrur Punjab,5,28
FCS Govt of Punjab,District Sukhmani Society Sri Muktsar Sahib Punjab,0,36
FCS Govt of Punjab,District Sukhmani Society Tarn Taran Punjab,1,25
FCS Govt of Punjab,Diwakar Commercials Pvt Ltd,0,1
FCS Govt of Punjab,Karvy Computershare Private Li,2134,2144
FCS Govt of Punjab,Sukhmani Society For Citizens Services Faridkot Punjab,40,78
FCS Govt of Punjab,Suwidha Society Hoshiarpur Punjab,94,61
FCS Govt of Punjab,Vayam technologies Ltd,1263,1054
FCS Govt of Punjab,eCentric solutions pvt ltd,3297,1921
Govt of Andhra Pradesh,Gouthami Educational Society,224,190
Govt of Andhra Pradesh,GrapeSoft,720,455
Govt of Andhra Pradesh,INFRONICS SYSTEMS LTD,280,83
Govt of Andhra Pradesh,SREEVEN INFOCOM LIMITED,295,166
Govt of Andhra Pradesh,TechSmart India Pvt Ltd,555,292
Govt of Andhra Pradesh,Tera Software Ltd,707,462
Govt of Goa,MARS Telecom Systems Pvt Ltd,104,40
Govt of Gujarat,GSS Infotech Ltd,3748,420
Govt of Gujarat,Karvy Computershare Private Li,14518,958
Govt of Gujarat,Silver Touch Technologies Ltd,19160,1418
Govt of Gujarat,Tera Software Ltd,7783,1042
Govt of Gujarat,Transline Technologies P Ltd,1702,508
Govt of Gujarat,Vayam technologies Ltd,12324,2252
Govt of Gujarat,eCentric solutions pvt ltd,1252,200
Govt of Himachal Pradesh,Wipro Ltd,265,150
Govt of Himachal Pradesh,i-Grandee SoftwareTechnologies,253,305
Govt of Karnataka ,BNR UDYOG LIMITED,2112,264
Govt of Karnataka ,Bloom Solutions Pvt Ltd,2318,294
Govt of Karnataka ,GLODYNE TECHNOSERVE,0,3
Govt of Karnataka ,Integra Micro Systems Pvt.ltd,0,5
Govt of Karnataka ,MARS Telecom Systems Pvt Ltd,1515,422
Govt of Karnataka ,Ninestars Information Technologies Ltd,1036,157
Govt of Karnataka ,Om Softwares,554,280
Govt of Karnataka ,Origin ITFS Pvt Ltd,8563,2673
Govt of Karnataka ,Radiant Info Systems Ltd,98,18
Govt of Karnataka ,SREEVEN INFOCOM LIMITED,5146,1436
Govt of Kerala,Akshaya,12134,3233
Govt of Kerala,Keltron,580,293
Govt of Madhya Pradesh,VIRGO SOFTECH LIMITED,1,0
Govt of Maharashtra,Adcc Infocad Pvt.Ltd Nagpur,148,27
Govt of Maharashtra,Alankit Finsec Ltd,250,39
Govt of Maharashtra,Bharat Technical Solutions Private Limited,1200,167
Govt of Maharashtra,Eagle press pvt ltd,95,40
Govt of Maharashtra,GLODYNE TECHNOSERVE,9,0
Govt of Maharashtra,Global Finsol Private Limited,154,68
Govt of Maharashtra,Karvy Computershare Private Li,5825,1749
Govt of Maharashtra,M/S King Computer System pvt Ltd,937,70
Govt of Maharashtra,M/s. Vidya Online  Pune,343,33
Govt of Maharashtra,Narayana Electricals Solution Pvt Ltd,143,125
Govt of Maharashtra,Netlink software Pvt Ltd,2197,523
Govt of Maharashtra,Network for Information & Computer,3,0
Govt of Maharashtra,Rudranee Infotech Ltd,1241,213
Govt of Maharashtra,SETU MAHARASHTRA,2339,1418
Govt of Maharashtra,SHREERAM PRINTING PRESS,185,16
Govt of Maharashtra,SILVER JUBILEE MOTORS LTD.,175,56
Govt of Maharashtra,SPANCO,1858,493
Govt of Maharashtra,STRATEGIC OUTSOURCING SERVICE,1810,583
Govt of Maharashtra,Silver Touch Technologies Ltd,2374,566
Govt of Maharashtra,Systematic & Advance Const P L,98,8
Govt of Maharashtra,TechSmart India Pvt Ltd,1490,554
Govt of Maharashtra,Tera Software Ltd,73,9
Govt of Maharashtra,Transline Technologies P Ltd,370,312
Govt of Maharashtra,Vidarbha Infotech Pvt Ltd,0,1
Govt of Maharashtra,Wipro Ltd,2437,729
Govt of Sikkim - Dept of Econo,Department of Economics Statistics  Monitoring and Evaluation DESME,129,34
IDBI Bank ltd,ATISHAY INFOTECH PVT. LTD.,1216,504
IDBI Bank ltd,Matrix Processing House,203,246
IDBI Bank ltd,SREEVEN INFOCOM LIMITED,2544,623
IDBI Bank ltd,UTI TECHNOLOGY SERVICES LIMITE,1133,615
Indiapost,Delhi Integrated MMTS Ltd,843,54
Indiapost,Global Finsol Private Limited,612,7
Indiapost,M/S STAR DATA CENTRE,379,120
Indiapost,MARS Telecom Systems Pvt Ltd,972,390
Indiapost,Smart Chip Limited,35,0
Indiapost,Vayam technologies Ltd,657,574
Indiapost,WEBEL,228,284
Information Technology & Communication Department,4G INFORMATICS,592,34
Information Technology & Communication Department,BNR UDYOG LIMITED,441,61
Information Technology & Communication Department,Bloom Solutions Pvt Ltd,83,21
Information Technology & Communication Department,CSS TECHNERGY LIMITED,8,9
Information Technology & Communication Department,Directorate of ESD,1612,1255
Information Technology & Communication Department,GDC Advertising Pvt. Limited,2,26
Information Technology & Communication Department,JYOTHI COMPUTER SERVICES,411,147
Information Technology & Communication Department,Karvy Data Management Services,57,11
Information Technology & Communication Department,MARS Telecom Systems Pvt Ltd,228,175
Information Technology & Communication Department,SREEVEN INFOCOM LIMITED,1948,634
Information Technology & Communication Department,Tera Software Ltd,517,632
Jharkhand,Blue Circle Instrument,18,22
Jharkhand,Emdee Digitronics Pvt.Ltd.,1094,290
Jharkhand,MKS Enterprises,1197,561
Jharkhand,Nevaeh Technology Pvt. Ltd.,378,178
Jharkhand,STRATEGIC OUTSOURCING SERVICE,2,0
Jharkhand,Smart Chip Limited,59,13
Jharkhand,Smart ID,1,0
Jharkhand,Systematic & Advance Const P L,299,759
Jharkhand,VISION COMPTECH INTEGRATOR LTD,1578,1474
Jharkhand,Wipro Ltd,8473,4042
Mission Convergence - GNCT Del,Karvy Computershare Private Li,89,170
Mission Convergence - GNCT Del,NVR & ASSOCIATES LIMITED,117,212
NSDL e-Governance Infrastructure Limited,Abhipra Capital Ltd,1593,1694
NSDL e-Governance Infrastructure Limited,Alankit Assignments Limited,7404,3706
NSDL e-Governance Infrastructure Limited,Alankit Finsec Ltd,172,13
NSDL e-Governance Infrastructure Limited,Delhi Integrated MMTS Ltd,41,1
NSDL e-Governance Infrastructure Limited,Global Finsol Private Limited,73,29
NSDL e-Governance Infrastructure Limited,INTEGRATED REGISTRY SERVICES LTD,88,9
NSDL e-Governance Infrastructure Limited,Karvy Consultants Limited,31,11
NSDL e-Governance Infrastructure Limited,Karvy Data Management Services,17513,7715
NSDL e-Governance Infrastructure Limited,N.K. Sharma Enterprises Ltd.,1794,89
NSDL e-Governance Infrastructure Limited,Netlink software Pvt Ltd,4403,760
NSDL e-Governance Infrastructure Limited,PROWIZ MANSYTEMS PVT LTD,848,26
NSDL e-Governance Infrastructure Limited,Promind Solutions P Limited,8829,1094
NSDL e-Governance Infrastructure Limited,Utility Forms Pvt Ltd,703,59
NSDL e-Governance Infrastructure Limited,VIRGO SOFTECH LIMITED,410,76
Oriental Bank of Commerce,DATASOFT COMPUTER SERVICES(P),2240,664
Oriental Bank of Commerce,Euro Finmart Ltd,129,69
Oriental Bank of Commerce,JNET Technologies Pvt.Ltd,1049,256
Oriental Bank of Commerce,Redim Software Technologies Pvt Ltd,303,337
Oriental Bank of Commerce,Sri Ramraja Sarkar Lok Kalyan Trust,4227,1838
Oriental Bank of Commerce,Wipro Ltd,3345,2728
Others,Others,0,1
Principal Revenue Commissioner  Dept of Revenue  Govt of MP,Frontech Systems Pvt Ltd,678,107
Principal Revenue Commissioner  Dept of Revenue  Govt of MP,GDC Advertising Pvt. Limited,834,426
Principal Revenue Commissioner  Dept of Revenue  Govt of MP,K W Consulting P Ltd,15084,2685
Principal Revenue Commissioner  Dept of Revenue  Govt of MP,LYRA  CONSULTANCY SERVICE,1189,286
Principal Revenue Commissioner  Dept of Revenue  Govt of MP,Netlink software Pvt Ltd,2292,619
Principal Revenue Commissioner  Dept of Revenue  Govt of MP,OSWAL COMPUTERS & CONSULTANTS,2194,1097
Principal Revenue Commissioner  Dept of Revenue  Govt of MP,Tera Software Ltd,624,138
Principal Revenue Commissioner  Dept of Revenue  Govt of MP,The NSIC ltd,345,61
Principal Revenue Commissioner  Dept of Revenue  Govt of MP,Vedavaag Systems Limited,17933,3572
RDD Govt of Tripura,Alankit Assignments Limited,3,0
Registrar General India - BEL,Manipur Electronics Dev Corp,22,0
Registrar General India BEL2,4G INFORMATICS,323,53
Registrar General India BEL2,Alankit Assignments Limited,10,9
Registrar General India BEL2,Bharat Electronics Limited,56,0
Registrar General India BEL2,Computer LAB,7397,911
Registrar General India BEL2,Emdee Digitronics Pvt.Ltd.,2721,124
Registrar General India BEL2,In Media Computer Services LLP,47,49
Registrar General India BEL2,India Computer Technology,6010,174
Registrar General India BEL2,Karvy Data Management Services,7785,1641
Registrar General India BEL2,MACRO INFOTECH PVT LTD,1690,260
Registrar General India BEL2,MKS Enterprises,511,94
Registrar General India BEL2,Madras Security Printers Ltd,7664,1738
Registrar General India BEL2,Manipur Electronics Dev Corp,1712,47
Registrar General India BEL2,Multiwave Innovation,2289,2763
Registrar General India BEL2,NVR & ASSOCIATES LIMITED,3337,827
Registrar General India BEL2,Netlink software Pvt Ltd,2719,549
Registrar General India BEL2,Nevaeh Technology Pvt. Ltd.,3305,426
Registrar General India BEL2,Nielsen  India  Private Limited,4240,2813
Registrar General India BEL2,Om Softwares,15339,9087
Registrar General India BEL2,SREI INFRASTRUCTURE FINANCES L,789,194
Registrar General India BEL2,STRATEGIC OUTSOURCING SERVICE,4394,503
Registrar General India BEL2,Satyanarayana Raju Company Pvt ltd,11147,6147
Registrar General India BEL2,Swathy Smartcards Hi-Tech Pvt,18985,1269
Registrar General India BEL2,Swiss Tech India Pvt Ltd,561,416
Registrar General India BEL2,Tera Software Ltd,2012,3377
Registrar General India BEL2,UNITED DATA SERVICES PRIVATE LIMITED,2015,218
Registrar General India BEL2,Urmila Info solution,1921,105
Registrar General India BEL2,VIRGO SOFTECH LIMITED,2272,2158
Registrar General India BEL2,Vansh Infotech Pvt Ltd,4488,838
Registrar General India BEL2,Vedavaag Systems Limited,11167,1328
Registrar General India BEL2,Viesa Technologies,4386,1690
Registrar General India BEL2,WEBEL,2016,96
Registrar General India ECIL,AVVAS INFOTECH PVT  LTD,12842,2242
Registrar General India ECIL,BUSINESS INFORMATION PROCESSING SERVICES,111,40
Registrar General India ECIL,COMTECH INSTITUTE OFTECHNOLOGY,3493,661
Registrar General India ECIL,COMTECHINFO SOLUTIONS PVT.LTD,6594,430
Registrar General India ECIL,Chinar Construction Company Prime agency,10379,655
Registrar General India ECIL,Clairvoyance Technologies Pvt.,2,2
Registrar General India ECIL,Computer LAB,20132,11288
Registrar General India ECIL,Eagle Software India Pvt. Ltd,66595,10312
Registrar General India ECIL,Esoft Consulting Limited,3112,91
Registrar General India ECIL,In Media Computer Services LLP,16330,4402
Registrar General India ECIL,India Computer Technology,8560,3771
Registrar General India ECIL,Integrated Systems & Services,2,1
Registrar General India ECIL,Karvy Data Management Services,40817,6028
Registrar General India ECIL,Krishna Infotech,29,3512
Registrar General India ECIL,LYRA  CONSULTANCY SERVICE,948,3
Registrar General India ECIL,Madras Security Printers Ltd,32884,11076
Registrar General India ECIL,Mphasis Ltd,35509,2949
Registrar General India ECIL,Netwing Technologies Pvt Ltd,27,318
Registrar General India ECIL,Nielsen  India  Private Limited,1916,135
Registrar General India ECIL,Pioneer E Labs limited,124,12
Registrar General India ECIL,Quick Data IT Services Pvt Ltd,67,8
Registrar General India ECIL,SARADA SYSTEMS,2357,196
Registrar General India ECIL,SWISSTECH NPR 57CR PROJECT PVT,3709,913
Registrar General India ECIL,Tera Software Ltd,1824,4205
Registrar General India ECIL,VEETECHNOLOGIES PVT. LTD,49,5
Registrar General India ECIL,Vedavaag Systems Limited,1207,446
Registrar General India Others,AVVAS INFOTECH PVT  LTD,4,0
Registrar General India Others,COMTECH INSTITUTE OFTECHNOLOGY,1,5
Registrar General India Others,COMTECHINFO SOLUTIONS PVT.LTD,27,11
Registrar General India Others,Chinar Construction Company Prime agency,1,0
Registrar General India Others,Clairvoyance Technologies Pvt.,1,0
Registrar General India Others,Computer LAB,4,1
Registrar General India Others,Eagle Software India Pvt. Ltd,1,4
Registrar General India Others,In Media Computer Services LLP,4,6
Registrar General India Others,Integrated Systems & Services,1,0
Registrar General India Others,Karvy Data Management Services,16,5
Registrar General India Others,LYRA  CONSULTANCY SERVICE,0,5
Registrar General India Others,Madras Security Printers Ltd,2,5
Registrar General India Others,Mphasis Ltd,8,7
Registrar General India Others,Nielsen  India  Private Limited,1,12
Registrar General India Others,Om Softwares,7,0
Registrar General India Others,Quick Data IT Services Pvt Ltd,1,0
Registrar General India Others,SARADA SYSTEMS,1,0
Registrar General India Others,Swathy Smartcards Hi-Tech Pvt,1,13
Registrar General India Others,Swiss Tech India Pvt Ltd,3,12
Registrar General India Others,Tera Software Ltd,0,1
Registrar General India Others,Vedavaag Systems Limited,6,9
Registrar General India Others,WEBEL TECHNOLOGY LIMITED,3,0
Registrar General India Others,Webx Technologies Private Limited,1,0
Registrar General of India ITI,COMTECH INSTITUTE OFTECHNOLOGY,245,1069
Registrar General of India ITI,CSS TECHNERGY LIMITED,137,2
Registrar General of India ITI,CommunitiWorks Welfare Society,49,101
Registrar General of India ITI,Eagle Software India Pvt. Ltd,3478,330
Registrar General of India ITI,Emdee Digitronics Pvt.Ltd.,78277,4235
Registrar General of India ITI,FINANCIAL INFORMATION NETWORK,1540,686
Registrar General of India ITI,In Media Computer Services LLP,4834,286
Registrar General of India ITI,Karvy Data Management Services,4058,1434
Registrar General of India ITI,Madras Security Printers Ltd,1086,97
Registrar General of India ITI,Mphasis Ltd,4154,2814
Registrar General of India ITI,Multiwave Innovation,94,38
Registrar General of India ITI,Netlink software Pvt Ltd,449,5
Registrar General of India ITI,Nielsen  India  Private Limited,2311,1664
Registrar General of India ITI,PROTEX COMPUTER PVT LTD,120,28
Registrar General of India ITI,Quick Data IT Services Pvt Ltd,137,5
Registrar General of India ITI,SREEVEN INFOCOM LIMITED,4,0
Registrar General of India ITI,SREI INFRASTRUCTURE FINANCES L,300,105
Registrar General of India ITI,STRATEGIC OUTSOURCING SERVICE,2056,136
Registrar General of India ITI,Satyanarayana Raju Company Pvt ltd,1067,363
Registrar General of India ITI,Swathy Smartcards Hi-Tech Pvt,3932,4150
Registrar General of India ITI,VIRGO SOFTECH LIMITED,1861,959
Registrar General of India ITI,Vedavaag Systems Limited,12089,2491
Registrar General of India ITI,WEBEL TECHNOLOGY LIMITED,20760,1965
Registrar General of India ITI,Webx Technologies Private Limited,480,5
State Bank of Bikaner & Jaipur,Multiwave Innovation,50,6
State Bank of India,IL&FS LTD,0,1
State Bank of Travancore,Tera Software Ltd,28,1
UIDAI-Registrar,UIDAI-EA,62,23
UT Of Daman and Diu,Alankit Assignments Limited,1,1
UT of Puducherry,Madras Security Printers Ltd,13,14
Union Bank,FINANCIAL INFORMATION NETWORK,17489,5967
Union Bank,Smart Chip Limited,28103,6036
Union Bank,Vakrangee Softwares Limited,31483,7372
