Name of State/UT,Name of District,Population (Census),Aadhaar Generated,Aadhaar Saturation %,District Code
Andhra pradesh,Adilabad,2737738,2737382,99.99%,SD001
Gujarat,Ahmedabad,7208200,4031284,55.93%,SD003
Maharashtra,Ahmednagar,4543083,3704515,81.54%,SD004
Rajasthan,Ajmer,2584913,1955411,75.65%,SD006
Maharashtra,Akola,1818617,1399930,76.98%,SD007
Kerala,Alappuzha,2121943,2013340,94.88%,SD008
Madhya Pradesh,Alirajpur,728677,551425,75.67%,SD010
Rajasthan,Alwar,3671999,2458837,66.96%,SD013
Haryana,Ambala,1136784,1020505,89.77%,SD014
Maharashtra,Amravati,2887826,2457457,85.10%,SD016
Punjab,Amritsar,2490891,2154140,86.48%,SD018
Andhra pradesh,Anantapur,4083315,3994558,97.83%,SD021
Tamil Nadu,Ariyalur,752481,590536,78.48%,SD027
Maharashtra,Aurangabad (MH),3695928,2850413,77.12%,SD032
Karnataka,Bagalkot,1890826,1416337,74.91%,SD035
Odisha,Balangir,1648574,1110258,67.35%,SD041
Odisha,Baleshwar,2317419,1372154,59.21%,SD042
Karnataka,Bangalore,9588910,6934966,72.32%,SD049
Karnataka,Bangalore Rural,987257,697224,70.62%,SD050
Rajasthan,Baran,1223921,602826,49.25%,SD056
Rajasthan,Barmer,2604453,1615173,62.02%,SD060
Punjab,Barnala,596294,526377,88.27%,SD061
Madhya Pradesh,Barwani,1385659,876882,63.28%,SD063
Punjab,Bathinda,1388859,1165912,83.95%,SD066
Karnataka,Belgaum,4778439,3805221,79.63%,SD069
Karnataka,Bellary,2532383,1867913,73.76%,SD070
Madhya Pradesh,Betul,1575247,1178930,74.84%,SD071
Odisha,Bhadrak ,1506522,853201,56.63%,SD073
Maharashtra,Bhandara,1198810,1018151,84.93%,SD075
Madhya Pradesh,Bhopal,2368145,1947909,82.25%,SD083
Maharashtra,Bid,2585962,1713755,66.27%,SD084
Karnataka,Bidar,1700018,1176598,69.21%,SD085
Karnataka,Bijapur (KAR),2175102,1557216,71.59%,SD086
Rajasthan,Bikaner,2367745,1347845,56.93%,SD089
Himachal Pradesh,Bilaspur (HP),382056,384633,100.67%,SD091
Jharkhand,Bokaro,2061918,1602544,77.72%,SD094
Maharashtra,Buldana,2588039,2010368,77.68%,SD098
Rajasthan,Bundi,1113725,586664,52.68%,SD099
Madhya Pradesh,Burhanpur,756993,664760,87.82%,SD100
Delhi,Central Delhi,578671,848737,146.67%,SD103
Karnataka,Chamarajanagar,1020962,810758,79.41%,SD104
Himachal Pradesh,Chamba,518844,484642,93.41%,SD105
Uttarakhand,Champawat,259315,139103,53.64%,SD107
Chandigarh,Chandigarh,1054686,953095,90.37%,SD111
Maharashtra,Chandrapur,2194262,1741106,79.35%,SD112
Madhya Pradesh,Chhindwara,2090306,1582532,75.71%,SD117
Karnataka,Chikkaballapur,1254377,765363,61.02%,SD118
Karnataka,Chikmagalur,1137753,886212,77.89%,SD119
Rajasthan,Chittaurgarh,1544392,964569,62.46%,SD123
Andhra pradesh,Chittoor,4170468,3994396,95.78%,SD124
Rajasthan,Churu,2041172,1320679,64.70%,SD126
Tamil Nadu,Cuddalore,2600880,1651926,63.51%,SD128
Andhra pradesh,Cuddapah (YSR Kadapa),2884524,2627462,91.09%,SD129
Odisha,Cuttack,2618708,1754753,67.01%,SD130
West Bengal,Dakshin Dinajpur,1670931,997346,59.69%,SD132
Karnataka,Dakshina Kannada,2083625,1598220,76.70%,SD133
Daman & Diu,Daman,190855,113046,59.23%,SD134
Madhya Pradesh,Damoh,1263703,899010,71.14%,SD135
Rajasthan,Dausa,1637226,956554,58.43%,SD141
Karnataka,Davanagere,1946905,1372694,70.51%,SD142
Jharkhand,Deoghar,1491879,1108358,74.29%,SD145
Madhya Pradesh,Dewas,1563107,1118553,71.56%,SD148
Jharkhand,Dhanbad,2682662,2043884,76.19%,SD151
Madhya Pradesh,Dhar,2184672,1422231,65.10%,SD152
Tamil Nadu,Dharmapuri,1502900,1053893,70.12%,SD153
Karnataka,Dharwad,1846993,1602021,86.74%,SD154
Maharashtra,Dhule,2048781,1731252,84.50%,SD159
Tamil Nadu,Dindigul,2161367,1375810,63.65%,SD163
Daman & Diu,Diu,52056,50649,97.30%,SD165
Jharkhand,Dumka,1321096,1085100,82.14%,SD168
Delhi,East Delhi,1707725,2047187,119.88%,SD172
Madhya Pradesh,East Nimar (Khandwa),1309443,1148531,87.71%,SD177
Andhra pradesh,East godavari,5151549,5030567,97.65%,SD174
Kerala,Ernakulam,3279860,3019375,92.06%,SD179
Tamil Nadu,Erode,2259608,1619588,71.68%,SD180
Uttar Pradesh,Etawah,1579160,755489,47.84%,SD182
Haryana,Faridabad,1798954,1726227,95.96%,SD184
Punjab,Faridkot,618008,583915,94.48%,SD185
Punjab,Fatehgarh Sahib,599814,545198,90.89%,SD188
Punjab,Fazilka,0,494249,N.A.,SD190
Punjab,Firozpur,2026831,1138739,56.18%,SD192
Karnataka,Gadag,1065235,762599,71.59%,SD193
Maharashtra,Gadchiroli,1071795,832741,77.70%,SD194
Rajasthan,Ganganagar,1969520,1283452,65.17%,SD198
Jharkhand,Garhwa,1322387,1089042,82.35%,SD200
Jharkhand,Giridih,2445203,1910272,78.12%,SD206
Jharkhand,Godda,1311382,1061694,80.96%,SD208
Maharashtra,Gondiya,1322331,1147088,86.75%,SD211
Karnataka,Gulbarga,2564892,1608124,62.70%,SD214
Jharkhand,Gumla,1025656,871772,85.00%,SD215
Madhya Pradesh,Guna,1240938,742703,59.85%,SD216
Andhra pradesh,Guntur,4889230,4577272,93.62%,SD217
Punjab,Gurdaspur,2299026,1930104,83.95%,SD218
Haryana,Gurgaon,1514085,1090096,72.00%,SD219
Madhya Pradesh,Gwalior,2030543,1175300,57.88%,SD220
Himachal Pradesh,Hamirpur (HP),454293,493372,108.60%,SD222
Rajasthan,Hanumangarh,1779650,1037198,58.28%,SD224
West Bengal,Haora,4841638,3488002,72.04%,SD225
Madhya Pradesh,Harda,570302,506490,88.81%,SD226
Karnataka,Haveri,1598506,1135188,71.02%,SD231
Jharkhand,Hazaribag,1734005,1468885,84.71%,SD232
Maharashtra,Hingoli,1178973,726090,61.59%,SD233
Haryana,Hisar,1742815,1300974,74.65%,SD234
Madhya Pradesh,Hoshangabad,1240975,1138859,91.77%,SD235
Punjab,Hoshiarpur,1582793,1385108,87.51%,SD236
West Bengal,Hugli,5520389,4501762,81.55%,SD237
Kerala,Idukki,1107453,1011733,91.36%,SD238
Madhya Pradesh,Indore,3272335,2447710,74.80%,SD241
Madhya Pradesh,Jabalpur,2460714,1946513,79.10%,SD242
Rajasthan,Jaipur,6663971,4406675,66.13%,SD245
Punjab,Jalandhar,2181753,2040897,93.54%,SD248
Maharashtra,Jalgaon,4224442,3413952,80.81%,SD250
Maharashtra,Jalna,1958483,1487465,75.95%,SD251
Rajasthan,Jalor,1830151,1085126,59.29%,SD252
Jharkhand,Jamtara,790207,666238,84.31%,SD256
Madhya Pradesh,Jhabua,1024091,621873,60.72%,SD262
Haryana,Jhajjar,956907,679973,71.06%,SD263
Rajasthan,Jhunjhunun,2139658,1576940,73.70%,SD267
Rajasthan,Jodhpur,3685681,2019908,54.80%,SD269
Gujarat,Junagadh,2742291,2086311,76.08%,SD271
Haryana,Kaithal,1072861,846344,78.89%,SD274
Tamil Nadu,Kancheepuram,3990897,2482647,62.21%,SD278
Himachal Pradesh,Kangra,1507223,1483677,98.44%,SD280
Tamil Nadu,Kanniyakumari,1863174,1260945,67.68%,SD283
Kerala,Kannur,2525637,2366465,93.70%,SD284
Uttar Pradesh,Kanpur Nagar,4572951,1717093,37.55%,SD286
Punjab,Kapurthala,817668,715268,87.48%,SD288
Puducherry,Karaikal,200314,155634,77.70%,SD289
Andhra pradesh,Karimnagar,3811738,3589811,94.18%,SD294
Haryana,Karnal,1506323,1271775,84.43%,SD295
Tamil Nadu,Karur,1076588,752320,69.88%,SD296
Kerala,Kasaragod,1302600,1171160,89.91%,SD297
Madhya Pradesh,Katni,1291684,863494,66.85%,SD300
Andhra pradesh,Khammam,2798214,2658794,95.02%,SD306
Odisha,Khordha ,2246341,1573414,70.04%,SD309
Jharkhand,Khunti,530299,450464,84.95%,SD310
Himachal Pradesh,Kinnaur,84298,68620,81.40%,SD311
West Bengal,Koch Bihar,2822780,1897875,67.23%,SD315
Karnataka,Kodagu,554762,360082,64.91%,SD316
Jharkhand,Kodarma,717169,585962,81.70%,SD317
Karnataka,Kolar,1540231,1077440,69.95%,SD320
Maharashtra,Kolhapur,3874015,3122412,80.60%,SD322
West Bengal,Kolkata,4486679,3016730,67.24%,SD323
Kerala,Kollam,2629703,2439518,92.77%,SD324
Karnataka,Koppal,1391292,967151,69.51%,SD325
Rajasthan,Kota,1950491,1347264,69.07%,SD329
Kerala,Kottayam,1979384,1851881,93.56%,SD330
Kerala,Kozhikode,3089543,2885604,93.40%,SD331
Andhra pradesh,Krishna,4529009,4186654,92.44%,SD332
Tamil Nadu,Krishnagiri,1883731,1123192,59.63%,SD333
Himachal Pradesh,Kullu,437474,397357,90.83%,SD335
Andhra pradesh,Kurnool,4046601,3600822,88.98%,SD337
Haryana,Kurukshetra,964231,829335,86.01%,SD338
Lakshadweep,Lakshadweep,64429,55421,86.02%,SD344
Maharashtra,Latur,2455543,1792105,72.98%,SD347
Jharkhand,Lohardaga,461738,427080,92.49%,SD350
Uttar Pradesh,Lucknow,4588455,2172098,47.34%,SD355
Punjab,Ludhiana,3487882,3313002,94.99%,SD356
Tamil Nadu,Madurai,3041038,2162167,71.10%,SD360
Andhra pradesh,Mahbubnagar,4042191,3643427,90.13%,SD362
Puducherry,Mahe,41934,0,0.00%,SD363
Gujarat,Mahesana,2027727,1433922,70.72%,SD365
Kerala,Malappuram,4110956,3719977,90.49%,SD369
West Bengal,Maldah,3997970,2521637,63.07%,SD370
Himachal Pradesh,Mandi,999518,986373,98.68%,SD373
Madhya Pradesh,Mandla,1053522,799854,75.92%,SD374
Madhya Pradesh,Mandsaur,1339832,984946,73.51%,SD375
Karnataka,Mandya,1808680,1282981,70.93%,SD376
Punjab,Mansa,768808,671956,87.40%,SD377
Andhra pradesh,Medak,3031877,2757576,90.95%,SD382
Punjab,Moga,992289,898875,90.59%,SD386
Punjab,Muktsar,902702,780861,86.50%,SD391
Maharashtra,Mumbai (incl. Mumbai SubUrban & Mumbai City) ,12478447,10769316,86.30%,SD392
West Bengal,Murshidabad,7102430,4681155,65.91%,SD394
Karnataka,Mysore,2994744,2816883,94.06%,SD397
Tamil Nadu,Nagapattinam,1614069,1158190,71.76%,SD401
Rajasthan,Nagaur,3309234,1844508,55.74%,SD402
Maharashtra,Nagpur,4653171,4120253,88.55%,SD403
Andhra pradesh,Nalgonda,3483648,3200984,91.89%,SD407
Tamil Nadu,Namakkal,1721179,1090449,63.35%,SD408
Maharashtra,Nanded,3356566,2122088,63.22%,SD409
Maharashtra,Nandurbar,1646177,1305053,79.28%,SD410
Gujarat,Narmada,590379,350682,59.40%,SD412
Madhya Pradesh,Narsimhapur,1092141,804780,73.69%,SD413
Maharashtra,Nashik,6109052,4795765,78.50%,SD414
Gujarat,Navsari,1330711,969522,72.86%,SD415
Punjab,Nawanshahr,614362,570008,92.78%,SD417
Madhya Pradesh,Neemuch,825958,520941,63.07%,SD419
Andhra pradesh,Nellore (sri Potti Sriramulu Nellore),2966082,2650475,89.36%,SD420
Delhi,New Delhi,133713,19344,14.47%,SD421
Andhra pradesh,Nizamabad,2552073,2383326,93.39%,SD423
Andaman & Nicobar Islands,North & Middle Andamans,105539,117390,111.23%,SD425
Delhi,North Delhi,883418,930475,105.33%,SD427
Delhi,North East Delhi,2240749,1970623,87.94%,SD428
Goa,North Goa,817761,763997,93.43%,SD429
Delhi,North West Delhi,3651261,3902969,106.89%,SD432
Maharashtra,Osmanabad,1660311,1207417,72.72%,SD434
Jharkhand,Pakaur,899200,767385,85.34%,SD435
Kerala,Palakkad,2810892,2634478,93.72%,SD436
Jharkhand,Palamu,1936319,1568203,80.99%,SD437
Rajasthan,Pali,2038533,1369786,67.19%,SD438
Haryana,Palwal,1040493,679197,65.28%,SD439
Haryana,Panchkula,558890,467596,83.67%,SD441
Haryana,Panipat,1202811,968749,80.54%,SD442
Madhya Pradesh,Panna,1016028,655446,64.51%,SD443
Jharkhand,Pashchimi Singhbhum,1501619,1234344,82.20%,SD448
Kerala,Pathanamthitta,1195537,1177817,98.52%,SD450
Punjab,Pathankot,0,121992,N.A.,SD451
Punjab,Patiala,1892282,1671929,88.36%,SD452
Tamil Nadu,Perambalur,564511,389279,68.96%,SD454
Gujarat,Porbandar,586062,391497,66.80%,SD459
Andhra pradesh,Prakasam,3392764,3149505,92.83%,SD460
Puducherry,Puducherry,946600,964184,101.86%,SD463
Tamil Nadu,Pudukkottai,1618725,1100031,67.96%,SD464
Maharashtra,Pune,9426959,7111087,75.43%,SD467
Jharkhand,Purbi Singhbhum,2291032,1822239,79.54%,SD469
Odisha,Puri,1697983,1235276,72.75%,SD471
Maharashtra,Raigarh (MH),2635394,2057973,78.09%,SD477
Madhya Pradesh,Raisen,1331699,844139,63.39%,SD479
Gujarat,Rajkot,3799770,2636513,69.39%,SD482
Rajasthan,Rajsamand,1158283,776132,67.01%,SD484
Karnataka,Ramanagar,1082739,779842,72.02%,SD485
Tamil Nadu,Ramanathapuram,1337560,810933,60.63%,SD486
Jharkhand,Ramgarh,949159,801092,84.40%,SD488
Jharkhand,Ranchi,2912022,2402987,82.52%,SD490
Andhra pradesh,Rangareddi (inclg. Hyderabad),9306634,10771502,115.74%,SD491
Madhya Pradesh,Ratlam,1454483,1042141,71.65%,SD492
Maharashtra,Ratnagiri,1612672,1305674,80.96%,SD493
Madhya Pradesh,Rewa,2363744,1452150,61.43%,SD496
Haryana,Rewari,896129,691910,77.21%,SD497
Haryana,Rohtak,1058683,753972,71.22%,SD499
Punjab,Rupnagar,683349,639890,93.64%,SD502
Punjab,S.A.S Nagar(Mohali),986147,768245,77.90%,SD503
Madhya Pradesh,Sagar,2378295,1509440,63.47%,SD505
Jharkhand,Sahibganj,1150038,1010781,87.89%,SD508
Tamil Nadu,Salem,3480008,2411910,69.31%,SD510
Maharashtra,Sangli,2820575,2312507,81.99%,SD514
Punjab,Sangrur,1654408,1448814,87.57%,SD515
Maharashtra,Satara,3003922,2412092,80.30%,SD519
Madhya Pradesh,Satna,2228619,1540899,69.14%,SD520
Madhya Pradesh,Sehore,1311008,825843,62.99%,SD522
Madhya Pradesh,Seoni,1378876,1093496,79.30%,SD524
Jharkhand,Seraikela-kharsawan,1063458,860802,80.94%,SD525
Madhya Pradesh,Shajapur,1512353,1187420,78.51%,SD529
Himachal Pradesh,Shimla,813384,694617,85.40%,SD533
Rajasthan,Sikar,2677737,1738687,64.93%,SD541
Jharkhand,Simdega,599813,529446,88.27%,SD542
Himachal Pradesh,Sirmaur,530164,454527,85.73%,SD545
Rajasthan,Sirohi,1037185,630897,60.83%,SD546
Haryana,Sirsa,1295114,1027802,79.36%,SD547
Himachal Pradesh,Solan,576670,480191,83.27%,SD552
Maharashtra,Solapur,4315527,2795449,64.78%,SD553
Haryana,Sonipat,1480080,1190562,80.44%,SD556
Delhi,South Delhi,2733752,2734969,100.04%,SD561
Goa,South Goa,639962,575271,89.89%,SD563
Delhi,South West Delhi,2292363,2215626,96.65%,SD565
Andhra pradesh,Srikakulam,2699471,2689689,99.64%,SD566
Odisha,Sundargarh,2080664,1024505,49.24%,SD569
Punjab,Tarn Taran,1120070,934142,83.40%,SD576
Maharashtra,Thane,11054131,8676682,78.49%,SD579
Tamil Nadu,Thanjavur,2402781,1654229,68.85%,SD580
Tamil Nadu,Theni,1243684,867583,69.76%,SD583
Kerala,Thiruvananthapuram,3307284,2965894,89.68%,SD585
Tamil Nadu,Thiruvarur,1268094,859493,67.78%,SD586
Tamil Nadu,Thoothukkudi,1738376,1094427,62.96%,SD587
Kerala,Thrissur,3110327,2947306,94.76%,SD589
Tamil Nadu,Tiruchirappalli,2713858,1994856,73.51%,SD593
Tamil Nadu,Tirunelveli,3072880,2007761,65.34%,SD594
Rajasthan,Tonk,1421711,851301,59.88%,SD597
Karnataka,Tumkur,2681449,2523986,94.13%,SD599
Rajasthan,Udaipur,3067549,2104523,68.61%,SD600
Karnataka,Udupi,1177908,957893,81.32%,SD604
Madhya Pradesh,Ujjain,1986597,1399374,70.44%,SD605
Himachal Pradesh,Una,521057,537173,103.09%,SD608
Karnataka,Uttara Kannada,1436847,1144016,79.62%,SD613
Gujarat,Valsad,1703068,1244969,73.10%,SD617
Tamil Nadu,Vellore,3928106,2660771,67.74%,SD619
Madhya Pradesh,Vidisha,1458212,918705,63.00%,SD620
Tamil Nadu,Viluppuram,3463284,2206306,63.71%,SD621
Tamil Nadu,Virudhunagar,1943309,1418765,73.01%,SD622
Andhra pradesh,Visakhapatnam,4288113,3920034,91.42%,SD623
Andhra pradesh,Vizianagaram,2342868,2085917,89.03%,SD624
Andhra pradesh,Warangal,3522644,3298434,93.64%,SD625
Maharashtra,Wardha,1296157,1201767,92.72%,SD626
Maharashtra,Washim,1196714,810815,67.75%,SD627
Kerala,Wayanad,816558,773623,94.74%,SD628
Delhi,West Delhi,2531583,2502548,98.85%,SD630
Andhra pradesh,West Godavari,3934782,3681866,93.57%,SD632
Haryana,Yamunanagar,1214162,1012771,83.41%,SD640
Puducherry,Yanam,55616,21947,39.46%,SD641
Maharashtra,Yavatmal,2775457,1941191,69.94%,SD642
Total,,620069960,485092550,78.23%
