State,District,Aadhaar generated,Enrolment Rejected
Andhra Pradesh,Ananthapur,1814,438
Andhra Pradesh,Chittoor,565,351
Andhra Pradesh,Cuddapah,392,123
Andhra Pradesh,East Godavari,672,322
Andhra Pradesh,Guntur,622,229
Andhra Pradesh,Krishna,568,187
Andhra Pradesh,Kurnool,1083,609
Andhra Pradesh,Nellore,459,123
Andhra Pradesh,Prakasam,717,114
Andhra Pradesh,Srikakulam,560,181
Andhra Pradesh,Visakhapatnam,2604,600
Andhra Pradesh,Vizianagaram,577,551
Andhra Pradesh,West Godavari,914,128
Arunachal Pradesh,Changlang,2,2
Arunachal Pradesh,Lohit,1,0
Arunachal Pradesh,Lower Subansiri,3,0
Arunachal Pradesh,Papum Pare,3,0
Arunachal Pradesh,Tawang,10,0
Arunachal Pradesh,Tirap,4,0
Arunachal Pradesh,Upper Subansiri,3,0
Arunachal Pradesh,West Kameng,4,0
Arunachal Pradesh,West Siang,3,0
Assam,Baksa,10,0
Assam,Barpeta,23,1
Assam,Bongaigaon,13,1
Assam,Cachar,35,0
Assam,Chirang,8,1
Assam,Darrang,1,0
Assam,Dhemaji,5,0
Assam,Dhubri,4,0
Assam,Dibrugarh,8,0
Assam,Goalpara,8,1
Assam,Hailakandi,11,0
Assam,Jorhat,9,0
Assam,Kamrup,16,0
Assam,Kamrup Metro,3,1
Assam,Karbi Anglong,4,0
Assam,Karimganj,9,0
Assam,Kokrajhar,4,0
Assam,Lakhimpur,7,0
Assam,Marigaon,9,0
Assam,Nagaon,28,5
Assam,Nalbari,3,0
Assam,Sibsagar,10,0
Assam,Sonitpur,1022,7
Assam,Tinsukia,5,0
Assam,Udalguri,15,0
Bihar,Araria,5421,108
Bihar,Arwal,226,22
Bihar,Aurangabad,5325,408
Bihar,Banka,2164,101
Bihar,Begusarai,5978,561
Bihar,Bhagalpur,5437,163
Bihar,Bhojpur,1302,88
Bihar,Buxar,790,48
Bihar,Darbhanga,5399,89
Bihar,East Champaran,11499,406
Bihar,Gaya,9615,302
Bihar,Gopalganj,2555,124
Bihar,Jamui,1376,59
Bihar,Jehanabad,732,83
Bihar,Kaimur (Bhabua),1182,54
Bihar,Katihar,2486,90
Bihar,Khagaria,7210,120
Bihar,Kishanganj,2423,144
Bihar,Lakhisarai,305,53
Bihar,Madhepura,375,46
Bihar,Madhubani,7240,250
Bihar,Munger,958,105
Bihar,Muzaffarpur,13211,495
Bihar,Nalanda,2415,180
Bihar,Nawada,757,95
Bihar,Patna,19388,526
Bihar,Purnia,4896,492
Bihar,Rohtas,1290,74
Bihar,Saharsa,848,61
Bihar,Samastipur,10447,194
Bihar,Saran,11719,292
Bihar,Sheikhpura,301,31
Bihar,Sheohar,141,23
Bihar,Sitamarhi,17043,290
Bihar,Siwan,2742,184
Bihar,Supaul,2018,105
Bihar,Vaishali,3867,410
Bihar,West Champaran,8024,221
Chandigarh,Chandigarh,216,11
Chhattisgarh,Balod,1179,74
Chhattisgarh,Baloda Bazar,4958,81
Chhattisgarh,Balrampur,32,39
Chhattisgarh,Bastar,1218,119
Chhattisgarh,Bemetara,19929,385
Chhattisgarh,Bijapur,31,9
Chhattisgarh,Bilaspur,1682,388
Chhattisgarh,Dakshin Bastar Dantewada,27,1
Chhattisgarh,Dantewada,6,0
Chhattisgarh,Dhamtari,463,46
Chhattisgarh,Durg,10448,168
Chhattisgarh,Gariyaband,44,7
Chhattisgarh,Janjgir-champa,3776,416
Chhattisgarh,Jashpur,90,3
Chhattisgarh,Kabeerdham,112,19
Chhattisgarh,Kanker,1213,99
Chhattisgarh,Kawardha,1165,130
Chhattisgarh,Kondagaon,1998,289
Chhattisgarh,Korba,466,37
Chhattisgarh,Koriya,494,96
Chhattisgarh,Mahasamund,3506,51
Chhattisgarh,Mungeli,157,13
Chhattisgarh,Narayanpur,387,28
Chhattisgarh,Raigarh,7741,234
Chhattisgarh,Raipur,16811,356
Chhattisgarh,Rajnandgaon,7499,160
Chhattisgarh,Sukma,222,7
Chhattisgarh,Surajpur,61,20
Chhattisgarh,Surguja,1867,82
Chhattisgarh,Uttar Bastar Kanker,1003,171
Dadra and Nagar Haveli,Dadra and Nagar Haveli,1739,118
Daman and Diu,Daman,166,39
Daman and Diu,Diu,10,25
Delhi,Central Delhi,200,142
Delhi,East Delhi,543,303
Delhi,New Delhi,40,5
Delhi,North Delhi,175,117
Delhi,North East Delhi,564,208
Delhi,North West Delhi,893,405
Delhi,South Delhi,1154,355
Delhi,South West Delhi,734,238
Delhi,West Delhi,353,273
Goa,North Goa,42,6
Goa,South Goa,132,15
Gujarat,Ahmedabad,6783,516
Gujarat,Amreli,1575,68
Gujarat,Anand,1620,89
Gujarat,Banaskantha,2150,332
Gujarat,Bharuch,720,55
Gujarat,Bhavnagar,3272,178
Gujarat,Dahod,349,45
Gujarat,Gandhinagar,500,9
Gujarat,Jamnagar,1541,138
Gujarat,Junagadh,492,160
Gujarat,Kachchh,2362,39
Gujarat,Kheda,252,40
Gujarat,Mahesana,648,36
Gujarat,Narmada,143,12
Gujarat,Navsari,512,40
Gujarat,Panchmahals,1175,105
Gujarat,Patan,269,7
Gujarat,Porbandar,250,6
Gujarat,Rajkot,735,172
Gujarat,Sabarkantha,2535,92
Gujarat,Surat,7893,484
Gujarat,Surendra Nagar,2495,174
Gujarat,Tapi,1219,25
Gujarat,The Dangs,67,3
Gujarat,Vadodara,2477,129
Gujarat,Valsad,872,32
Haryana,Ambala,874,131
Haryana,Bhiwani,1666,173
Haryana,Faridabad,1349,258
Haryana,Fatehabad,573,14
Haryana,Gurgaon,1096,316
Haryana,Hisar,4604,178
Haryana,Jhajjar,793,112
Haryana,Jind,2153,79
Haryana,Kaithal,1806,154
Haryana,Karnal,1617,46
Haryana,Kurukshetra,1650,117
Haryana,Mahendragarh,1073,79
Haryana,Mewat,11876,1171
Haryana,Palwal,1479,94
Haryana,Panchkula,169,7
Haryana,Panipat,621,293
Haryana,Rewari,493,39
Haryana,Rohtak,481,166
Haryana,Sirsa,287,69
Haryana,Sonipat,880,210
Haryana,Yamuna Nagar,736,108
Himachal Pradesh,Bilaspur,2,4
Himachal Pradesh,Chamba,485,54
Himachal Pradesh,Hamirpur,21,6
Himachal Pradesh,Kangra,32,39
Himachal Pradesh,Kullu,15,4
Himachal Pradesh,Mandi,15,10
Himachal Pradesh,Shimla,9,30
Himachal Pradesh,Sirmaur,16,16
Himachal Pradesh,Solan,111,19
Himachal Pradesh,Una,18,12
Jammu and Kashmir,Anantnag,27,15
Jammu and Kashmir,Badgam,0,1
Jammu and Kashmir,Bandipore,5,0
Jammu and Kashmir,Baramula,127,63
Jammu and Kashmir,Doda,259,3
Jammu and Kashmir,Ganderbal,8,5
Jammu and Kashmir,Jammu,2545,11
Jammu and Kashmir,Kargil,0,1
Jammu and Kashmir,Kathua,56,2
Jammu and Kashmir,Kishtwar,852,1
Jammu and Kashmir,Kupwara,7,2
Jammu and Kashmir,Leh,0,1
Jammu and Kashmir,Pulwama,2,8
Jammu and Kashmir,Punch,2,2
Jammu and Kashmir,Rajouri,11,1
Jammu and Kashmir,Ramban,190,0
Jammu and Kashmir,Reasi,981,11
Jammu and Kashmir,Samba,31,6
Jammu and Kashmir,Srinagar,21,0
Jammu and Kashmir,Udhampur,869,1
Jharkhand,Bokaro,155,80
Jharkhand,Chatra,26,15
Jharkhand,Deoghar,10,12
Jharkhand,Dhanbad,39,20
Jharkhand,Dumka,10,11
Jharkhand,East Singhbhum,15,8
Jharkhand,Garhwa,54,65
Jharkhand,Giridih,76,70
Jharkhand,Godda,12,23
Jharkhand,Gumla,17,24
Jharkhand,Hazaribagh,56,43
Jharkhand,Jamtara,8,7
Jharkhand,Khunti,38,10
Jharkhand,Koderma,24,12
Jharkhand,Latehar,25,53
Jharkhand,Lohardaga,16,22
Jharkhand,Pakur,8,3
Jharkhand,Palamu,37,69
Jharkhand,Ramgarh,20,55
Jharkhand,Ranchi,178,94
Jharkhand,Sahebganj,16,9
Jharkhand,Seraikela-Kharsawan,43,15
Jharkhand,Simdega,3,9
Jharkhand,West Singhbhum,11,12
Karnataka,Bagalkot,34,21
Karnataka,Bangalore,1459,112
Karnataka,Bangalore Rural,628,5
Karnataka,Belgaum,446,48
Karnataka,Bellary,2621,232
Karnataka,Bidar,829,87
Karnataka,Bijapur,664,57
Karnataka,Chamrajanagar,203,6
Karnataka,Chickmagalur,352,17
Karnataka,Chikkaballapur,1301,564
Karnataka,Chitradurga,2950,106
Karnataka,Dakshina Kannada,44,6
Karnataka,Davangere,1448,463
Karnataka,Dharwad,191,80
Karnataka,Gadag,1087,94
Karnataka,Gulbarga,3604,125
Karnataka,Hassan,1236,26
Karnataka,Haveri,4702,950
Karnataka,Kodagu,104,34
Karnataka,Kolar,1705,361
Karnataka,Koppal,544,11
Karnataka,Mandya,1327,56
Karnataka,Mysore,171,16
Karnataka,Raichur,906,131
Karnataka,Ramanagar,55,4
Karnataka,Shimoga,1491,50
Karnataka,Tumkur,890,302
Karnataka,Udupi,370,5
Karnataka,Uttara Kannada,21,2
Karnataka,Yadgir,414,23
Kerala,Alappuzha,412,11
Kerala,Ernakulam,471,35
Kerala,Idukki,322,13
Kerala,Kannur,411,43
Kerala,Kasaragod,59,24
Kerala,Kollam,442,40
Kerala,Kottayam,702,14
Kerala,Kozhikode,336,25
Kerala,Malappuram,517,64
Kerala,Palakkad,819,27
Kerala,Pathanamthitta,781,23
Kerala,Thiruvananthapuram,1432,56
Kerala,Thrissur,161,28
Kerala,Wayanad,146,9
Lakshadweep,Lakshadweep,8,0
Madhya Pradesh,Alirajpur,382,21
Madhya Pradesh,Anuppur,266,44
Madhya Pradesh,Ashok Nagar,68,19
Madhya Pradesh,Balaghat,319,105
Madhya Pradesh,Barwani,805,47
Madhya Pradesh,Betul,47,34
Madhya Pradesh,Bhind,306,41
Madhya Pradesh,Bhopal,309,300
Madhya Pradesh,Burhanpur,17,49
Madhya Pradesh,Chhatarpur,300,105
Madhya Pradesh,Chhindwara,865,89
Madhya Pradesh,Damoh,217,26
Madhya Pradesh,Datia,177,17
Madhya Pradesh,Dewas,454,28
Madhya Pradesh,Dhar,855,85
Madhya Pradesh,Dindori,45,14
Madhya Pradesh,Guna,57,35
Madhya Pradesh,Gwalior,405,46
Madhya Pradesh,Harda,38,16
Madhya Pradesh,Hoshangabad,132,39
Madhya Pradesh,Indore,1466,78
Madhya Pradesh,Jabalpur,251,150
Madhya Pradesh,Jhabua,597,25
Madhya Pradesh,Katni,142,13
Madhya Pradesh,Khandwa,199,103
Madhya Pradesh,Khargone,1251,52
Madhya Pradesh,Mandla,77,19
Madhya Pradesh,Mandsaur,420,52
Madhya Pradesh,Morena,291,28
Madhya Pradesh,Narsinghpur,37,19
Madhya Pradesh,Neemuch,231,78
Madhya Pradesh,Panna,147,18
Madhya Pradesh,Raisen,136,20
Madhya Pradesh,Rajgarh,390,31
Madhya Pradesh,Ratlam,1664,60
Madhya Pradesh,Rewa,517,65
Madhya Pradesh,Sagar,179,69
Madhya Pradesh,Satna,348,46
Madhya Pradesh,Sehore,215,71
Madhya Pradesh,Seoni,73,41
Madhya Pradesh,Shahdol,702,35
Madhya Pradesh,Shajapur,118,35
Madhya Pradesh,Sheopur,43,5
Madhya Pradesh,Shivpuri,696,103
Madhya Pradesh,Sidhi,319,38
Madhya Pradesh,Singrauli,222,43
Madhya Pradesh,Tikamgarh,391,23
Madhya Pradesh,Ujjain,601,18
Madhya Pradesh,Umaria,408,28
Madhya Pradesh,Vidisha,11,10
Maharashtra,Ahmadnagar,1167,136
Maharashtra,Akola,912,31
Maharashtra,Amravati,386,243
Maharashtra,Aurangabad,1594,382
Maharashtra,Beed,1937,98
Maharashtra,Bhandara,725,19
Maharashtra,Buldhana,2866,57
Maharashtra,Chandrapur,954,28
Maharashtra,Dhule,282,40
Maharashtra,Gadchiroli,404,21
Maharashtra,Gondiya,356,167
Maharashtra,Hingoli,1944,45
Maharashtra,Jalgaon,637,208
Maharashtra,Jalna,1292,373
Maharashtra,Kolhapur,1508,245
Maharashtra,Latur,956,437
Maharashtra,Mumbai,1737,338
Maharashtra,Nagpur,791,106
Maharashtra,Nanded,5911,186
Maharashtra,Nandurbar,566,474
Maharashtra,Nashik,1938,207
Maharashtra,Osmanabad,678,47
Maharashtra,Palghar,542,604
Maharashtra,Parbhani,2278,77
Maharashtra,Pune,2010,405
Maharashtra,Raigarh,1251,76
Maharashtra,Ratnagiri,602,108
Maharashtra,Sangli,1033,65
Maharashtra,Satara,1062,107
Maharashtra,Sindhudurg,1499,77
Maharashtra,Solapur,3972,255
Maharashtra,Thane,1727,80
Maharashtra,Wardha,192,41
Maharashtra,Washim,1134,71
Maharashtra,Yavatmal,2420,98
Manipur,Bishnupur,5,0
Manipur,Chandel,4,1
Manipur,Churachandpur,443,3
Manipur,Imphal East,5,3
Manipur,Imphal West,22,14
Manipur,Senapati,9,0
Manipur,Thoubal,11,0
Manipur,Ukhrul,3,0
Meghalaya,East Garo Hills,1,0
Meghalaya,East Khasi Hills,4,2
Meghalaya,Ri Bhoi,2,0
Meghalaya,West Garo Hills,2,0
Mizoram,Aizawl,261,10
Mizoram,Champhai,548,0
Mizoram,Kolasib,3,1
Mizoram,Lawngtlai,2,0
Mizoram,Lunglei,3,1
Mizoram,Mammit,3,1
Mizoram,Saiha,1,0
Mizoram,Serchhip,1,0
Nagaland,Dimapur,22,2
Nagaland,Kiphire,0,1
Nagaland,Kohima,31,1
Nagaland,Longleng,3,1
Nagaland,Mokokchung,8,0
Nagaland,Peren,2,2
Nagaland,Phek,1,0
Nagaland,Tuensang,3,0
Nagaland,Wokha,5,0
Nagaland,Zunheboto,7,0
Odisha,Angul,40,312
Odisha,Balangir,9,14
Odisha,Baleswar,56,118
Odisha,Bargarh,17,59
Odisha,Bhadrak,72,65
Odisha,Boudh,550,2
Odisha,Cuttack,146,86
Odisha,Debagarh,1,1
Odisha,Dhenkanal,128,2137
Odisha,Gajapati,10,257
Odisha,Ganjam,273,127
Odisha,Jagatsinghapur,4007,52
Odisha,Jajapur,7736,177
Odisha,Jharsuguda,105,786
Odisha,Kalahandi,61,450
Odisha,Kandhamal,3,1
Odisha,Kendrapara,1283,33
Odisha,Kendujhar,6344,184
Odisha,Khorda,124,23
Odisha,Koraput,101,117
Odisha,Malkangiri,9,6
Odisha,Mayurbhanj,12064,378
Odisha,Nabarangapur,22,601
Odisha,Nayagarh,8910,60
Odisha,Nuapada,13,1
Odisha,Puri,1382,2105
Odisha,Rayagada,19951,147
Odisha,Sambalpur,63,154
Odisha,Sonapur,104,12
Odisha,Sundergarh,223,37
Others,Others,264,1
Puducherry,Karaikal,43,1
Puducherry,Puducherry,80,9
Punjab,Amritsar,418,128
Punjab,Barnala,51,19
Punjab,Bathinda,262,66
Punjab,Faridkot,39,21
Punjab,Fatehgarh Sahib,47,13
Punjab,Fazilka,492,112
Punjab,Ferozepur,313,61
Punjab,Gurdaspur,497,170
Punjab,Hoshiarpur,855,53
Punjab,Jalandhar,553,57
Punjab,Kapurthala,169,33
Punjab,Ludhiana,1026,279
Punjab,Mansa,150,98
Punjab,Moga,47,46
Punjab,Pathankot,219,92
Punjab,Patiala,453,100
Punjab,Rupnagar,241,36
Punjab,SAS Nagar (Mohali),202,25
Punjab,Sangrur,405,61
Punjab,Shaheed Bhagat Singh Nagar,108,44
Punjab,Sri Muktsar Sahib,248,99
Punjab,Tarn Taran,166,23
Rajasthan,Ajmer,1878,546
Rajasthan,Alwar,1302,446
Rajasthan,Banswara,4322,178
Rajasthan,Baran,792,104
Rajasthan,Barmer,1755,158
Rajasthan,Bharatpur,3554,201
Rajasthan,Bhilwara,1663,213
Rajasthan,Bikaner,513,139
Rajasthan,Bundi,326,272
Rajasthan,Chittorgarh,242,85
Rajasthan,Churu,431,222
Rajasthan,Dausa,2596,112
Rajasthan,Dholpur,780,107
Rajasthan,Dungarpur,3191,106
Rajasthan,Ganganagar,1040,94
Rajasthan,Hanumangarh,2315,194
Rajasthan,Jaipur,5065,555
Rajasthan,Jaisalmer,342,188
Rajasthan,Jalor,1149,158
Rajasthan,Jhalawar,1633,117
Rajasthan,Jhunjhunun,941,177
Rajasthan,Jodhpur,1309,603
Rajasthan,Karauli,1259,179
Rajasthan,Kota,522,396
Rajasthan,Nagaur,1797,170
Rajasthan,Pali,1855,677
Rajasthan,Pratapgarh,118,44
Rajasthan,Rajsamand,421,175
Rajasthan,Sawai Madhopur,1051,122
Rajasthan,Sikar,2486,234
Rajasthan,Sirohi,639,51
Rajasthan,Tonk,986,226
Rajasthan,Udaipur,1459,636
Sikkim,East Sikkim,5,1
Sikkim,North Sikkim,18,0
Sikkim,South Sikkim,8,0
Sikkim,West Sikkim,47,5
Tamil Nadu,Ariyalur,3,0
Tamil Nadu,Chennai,70,22
Tamil Nadu,Coimbatore,485,7
Tamil Nadu,Cuddalore,2813,10
Tamil Nadu,Dharmapuri,3,19
Tamil Nadu,Dindigul,719,11
Tamil Nadu,Erode,972,143
Tamil Nadu,Kancheepuram,65,15
Tamil Nadu,Kanniyakumari,243,82
Tamil Nadu,Karur,2,0
Tamil Nadu,Krishnagiri,14,15
Tamil Nadu,Madurai,795,86
Tamil Nadu,Nagapattinam,1612,5
Tamil Nadu,Namakkal,129,5
Tamil Nadu,Perambalur,5,5
Tamil Nadu,Pudukkottai,2,0
Tamil Nadu,Ramanathapuram,630,0
Tamil Nadu,Salem,9,0
Tamil Nadu,Sivaganga,16,0
Tamil Nadu,Thanjavur,6,0
Tamil Nadu,The Nilgiris,27,0
Tamil Nadu,Theni,437,12
Tamil Nadu,Thiruvarur,150,1
Tamil Nadu,Thoothukkudi,53,1
Tamil Nadu,Tiruchirappalli,12,47
Tamil Nadu,Tirunelveli,2756,83
Tamil Nadu,Tiruppur,789,18
Tamil Nadu,Tiruvallur,67,31
Tamil Nadu,Tiruvannamalai,783,37
Tamil Nadu,Vellore,30,41
Tamil Nadu,Villupuram,520,27
Tamil Nadu,Virudhunagar,589,67
Telangana,Adilabad,590,156
Telangana,Hyderabad,1877,267
Telangana,K.v. Rangareddy,1623,291
Telangana,Karimnagar,1009,102
Telangana,Khammam,862,95
Telangana,Mahabubnagar,1241,342
Telangana,Medak,1118,280
Telangana,Nalgonda,866,227
Telangana,Nizamabad,646,178
Telangana,Warangal,1076,158
Tripura,Dhalai,85,10
Tripura,Gomati,6,12
Tripura,Khowai,1,0
Tripura,North Tripura,19,3
Tripura,Sepahijala,3,2
Tripura,South Tripura,12,5
Tripura,Unakoti,2,1
Tripura,West Tripura,6,6
Uttar Pradesh,Agra,7180,855
Uttar Pradesh,Aligarh,3862,912
Uttar Pradesh,Allahabad,6176,457
Uttar Pradesh,Ambedkar Nagar,12348,330
Uttar Pradesh,Amethi,1999,210
Uttar Pradesh,Amroha,6877,124
Uttar Pradesh,Auraiya,4639,274
Uttar Pradesh,Azamgarh,8190,351
Uttar Pradesh,Baghpat,1233,126
Uttar Pradesh,Bahraich,3243,120
Uttar Pradesh,Ballia,17369,866
Uttar Pradesh,Balrampur,399,19
Uttar Pradesh,Banda,576,173
Uttar Pradesh,Bara Banki,13080,569
Uttar Pradesh,Bareilly,9094,1119
Uttar Pradesh,Basti,2359,126
Uttar Pradesh,Bijnor,2209,216
Uttar Pradesh,Budaun,5501,181
Uttar Pradesh,Bulandshahr,11184,392
Uttar Pradesh,Chandauli,1624,36
Uttar Pradesh,Chitrakoot,71,16
Uttar Pradesh,Deoria,8094,293
Uttar Pradesh,Etah,1754,366
Uttar Pradesh,Etawah,2362,250
Uttar Pradesh,Faizabad,4403,189
Uttar Pradesh,Farrukhabad,816,99
Uttar Pradesh,Fatehpur,1367,41
Uttar Pradesh,Firozabad,3785,457
Uttar Pradesh,Gautam Buddha Nagar,1067,191
Uttar Pradesh,Ghaziabad,3980,1172
Uttar Pradesh,Ghazipur,5219,195
Uttar Pradesh,Gonda,3542,213
Uttar Pradesh,Gorakhpur,15286,675
Uttar Pradesh,Hamirpur,605,93
Uttar Pradesh,Hapur,377,35
Uttar Pradesh,Hardoi,6817,92
Uttar Pradesh,Hathras,878,88
Uttar Pradesh,Jalaun,703,18
Uttar Pradesh,Jaunpur,8056,166
Uttar Pradesh,Jhansi,4450,139
Uttar Pradesh,Kannauj,5537,126
Uttar Pradesh,Kanpur Dehat,7131,273
Uttar Pradesh,Kanpur Nagar,9670,810
Uttar Pradesh,Kasganj,230,24
Uttar Pradesh,Kaushambi,761,86
Uttar Pradesh,Kheri,6228,121
Uttar Pradesh,Kushinagar,4417,219
Uttar Pradesh,Lalitpur,1535,92
Uttar Pradesh,Lucknow,3311,576
Uttar Pradesh,Maharajganj,1828,108
Uttar Pradesh,Mahoba,76,3
Uttar Pradesh,Mainpuri,3068,69
Uttar Pradesh,Mathura,2624,162
Uttar Pradesh,Mau,8552,139
Uttar Pradesh,Meerut,5132,262
Uttar Pradesh,Mirzapur,5202,381
Uttar Pradesh,Moradabad,16117,404
Uttar Pradesh,Muzaffarnagar,10545,583
Uttar Pradesh,Pilibhit,1802,345
Uttar Pradesh,Pratapgarh,4074,320
Uttar Pradesh,Rae Bareli,1980,344
Uttar Pradesh,Rampur,3401,481
Uttar Pradesh,Saharanpur,12507,520
Uttar Pradesh,Sambhal,4500,210
Uttar Pradesh,Sant Kabir Nagar,215,47
Uttar Pradesh,Sant Ravidas Nagar,870,99
Uttar Pradesh,Shahjahanpur,4349,283
Uttar Pradesh,Shamli,6318,151
Uttar Pradesh,Shrawasti,503,36
Uttar Pradesh,Siddharthnagar,2815,108
Uttar Pradesh,Sitapur,6148,395
Uttar Pradesh,Sonbhadra,1029,135
Uttar Pradesh,Sultanpur,12233,286
Uttar Pradesh,Unnao,11205,832
Uttar Pradesh,Varanasi,4918,346
Uttarakhand,Almora,716,25
Uttarakhand,Bageshwar,68,14
Uttarakhand,Chamoli,49,7
Uttarakhand,Champawat,39,7
Uttarakhand,Dehradun,1556,252
Uttarakhand,Haridwar,1821,149
Uttarakhand,Nainital,2968,200
Uttarakhand,Pauri Garhwal,997,94
Uttarakhand,Pithoragarh,116,25
Uttarakhand,Rudraprayag,23,1
Uttarakhand,Tehri Garhwal,230,9
Uttarakhand,Udham Singh Nagar,2044,178
Uttarakhand,Uttarkashi,144,16
West Bengal,Bankura,2287,474
West Bengal,Barddhaman,1626,448
West Bengal,Birbhum,118,52
West Bengal,Cooch Behar,25,1
West Bengal,Dakshin Dinajpur,623,47
West Bengal,Darjeeling,383,13
West Bengal,Hooghly,115,29
West Bengal,Howrah,47,14
West Bengal,Jalpaiguri,1094,168
West Bengal,Kolkata,53,59
West Bengal,Malda,1626,15
West Bengal,Murshidabad,314,27
West Bengal,Nadia,233,5
West Bengal,North 24 Parganas,48037,747
West Bengal,Paschim Medinipur,6341,877
West Bengal,Purba Medinipur,165,4
West Bengal,Puruliya,3417,395
West Bengal,South 24 Parganas,442,92
West Bengal,Uttar Dinajpur,788,11
