State,District,Aadhaar generated,Enrolment Rejected
Andhra Pradesh,Ananthapur,276,85
Andhra Pradesh,Chittoor,422,35
Andhra Pradesh,Cuddapah,118,13
Andhra Pradesh,East Godavari,169,34
Andhra Pradesh,Guntur,211,31
Andhra Pradesh,Krishna,139,17
Andhra Pradesh,Kurnool,303,41
Andhra Pradesh,Nellore,125,16
Andhra Pradesh,Prakasam,65,15
Andhra Pradesh,Srikakulam,227,25
Andhra Pradesh,Visakhapatnam,239,75
Andhra Pradesh,Vizianagaram,214,38
Andhra Pradesh,West Godavari,64,15
Arunachal Pradesh,Lower Subansiri,0,2
Arunachal Pradesh,Papum Pare,142,1
Arunachal Pradesh,Tawang,213,1
Arunachal Pradesh,West Kameng,1,0
Arunachal Pradesh,West Siang,2,0
Assam,Baksa,7,0
Assam,Barpeta,13,0
Assam,Bongaigaon,3,0
Assam,Cachar,13,1
Assam,Chirang,2,1
Assam,Darrang,1,0
Assam,Dhemaji,3,0
Assam,Dhubri,2,0
Assam,Dibrugarh,4,0
Assam,Goalpara,1,0
Assam,Golaghat,3,0
Assam,Hailakandi,7,1
Assam,Jorhat,2,0
Assam,Kamrup,17,0
Assam,Karbi Anglong,1,0
Assam,Karimganj,9,0
Assam,Kokrajhar,2,0
Assam,Lakhimpur,3,0
Assam,Marigaon,1,1
Assam,Nagaon,10,2
Assam,Nalbari,4,0
Assam,North Cachar Hills,1,0
Assam,Sonitpur,1411,0
Assam,Tinsukia,4,0
Assam,Udalguri,6,0
Bihar,Araria,708,46
Bihar,Arwal,121,4
Bihar,Aurangabad,2505,89
Bihar,Banka,433,84
Bihar,Begusarai,6383,148
Bihar,Bhagalpur,3445,220
Bihar,Bhojpur,3098,42
Bihar,Buxar,2390,15
Bihar,Darbhanga,2003,30
Bihar,East Champaran,3468,159
Bihar,Gaya,8645,396
Bihar,Gopalganj,6482,117
Bihar,Jamui,2124,72
Bihar,Jehanabad,5466,32
Bihar,Kaimur (Bhabua),1836,10
Bihar,Katihar,729,29
Bihar,Khagaria,978,112
Bihar,Kishanganj,32,7
Bihar,Lakhisarai,511,26
Bihar,Madhepura,2276,14
Bihar,Madhubani,8053,67
Bihar,Munger,132,14
Bihar,Muzaffarpur,7576,258
Bihar,Nalanda,1990,70
Bihar,Nawada,812,76
Bihar,Patna,6390,301
Bihar,Purnia,2165,75
Bihar,Rohtas,4309,35
Bihar,Saharsa,3770,68
Bihar,Samastipur,10826,81
Bihar,Saran,13136,142
Bihar,Sheikhpura,105,6
Bihar,Sheohar,175,4
Bihar,Sitamarhi,5203,69
Bihar,Siwan,10334,207
Bihar,Supaul,4991,65
Bihar,Vaishali,12191,147
Bihar,West Champaran,3015,213
Chandigarh,Chandigarh,42,3
Chhattisgarh,Balod,578,10
Chhattisgarh,Baloda Bazar,1386,29
Chhattisgarh,Balrampur,535,9
Chhattisgarh,Bastar,1081,13
Chhattisgarh,Bemetara,1003,58
Chhattisgarh,Bijapur,1688,4
Chhattisgarh,Bilaspur,65,269
Chhattisgarh,Dakshin Bastar Dantewada,134,0
Chhattisgarh,Dantewada,13,0
Chhattisgarh,Dhamtari,619,8
Chhattisgarh,Durg,1085,71
Chhattisgarh,Gariyaband,110,2
Chhattisgarh,Janjgir-champa,540,62
Chhattisgarh,Jashpur,28,2
Chhattisgarh,Kabeerdham,2135,5
Chhattisgarh,Kanker,901,30
Chhattisgarh,Kawardha,16341,43
Chhattisgarh,Kondagaon,255,54
Chhattisgarh,Korba,999,13
Chhattisgarh,Koriya,84,6
Chhattisgarh,Mahasamund,222,13
Chhattisgarh,Mungeli,1,20
Chhattisgarh,Narayanpur,1154,54
Chhattisgarh,Raigarh,509,78
Chhattisgarh,Raipur,4666,103
Chhattisgarh,Rajnandgaon,435,49
Chhattisgarh,Sukma,272,4
Chhattisgarh,Surajpur,46,0
Chhattisgarh,Surguja,1404,27
Chhattisgarh,Uttar Bastar Kanker,23,16
Dadra and Nagar Haveli,Dadra and Nagar Haveli,229,7
Daman and Diu,Daman,52,1
Delhi,Central Delhi,342,22
Delhi,East Delhi,160,29
Delhi,New Delhi,51,1
Delhi,North Delhi,125,9
Delhi,North East Delhi,388,37
Delhi,North West Delhi,660,105
Delhi,South Delhi,373,47
Delhi,South West Delhi,518,33
Delhi,West Delhi,227,48
Goa,North Goa,65,1
Goa,South Goa,131,1
Gujarat,Ahmedabad,4668,105
Gujarat,Amreli,305,1
Gujarat,Anand,369,7
Gujarat,Banaskantha,1045,22
Gujarat,Bharuch,1515,30
Gujarat,Bhavnagar,290,9
Gujarat,Dahod,459,5
Gujarat,Gandhinagar,1191,12
Gujarat,Jamnagar,4320,14
Gujarat,Junagadh,2054,13
Gujarat,Kachchh,124,11
Gujarat,Kheda,1126,12
Gujarat,Mahesana,62,1
Gujarat,Narmada,965,18
Gujarat,Navsari,1638,24
Gujarat,Panchmahals,1605,57
Gujarat,Patan,52,4
Gujarat,Porbandar,120,0
Gujarat,Rajkot,1077,17
Gujarat,Sabarkantha,107,15
Gujarat,Surat,3225,44
Gujarat,Surendra Nagar,42,2
Gujarat,Tapi,1832,9
Gujarat,The Dangs,162,7
Gujarat,Vadodara,465,12
Gujarat,Valsad,437,6
Haryana,Ambala,220,34
Haryana,Bhiwani,1343,49
Haryana,Faridabad,411,30
Haryana,Fatehabad,105,27
Haryana,Gurgaon,1013,33
Haryana,Hisar,1457,86
Haryana,Jhajjar,1741,53
Haryana,Jind,541,51
Haryana,Kaithal,208,61
Haryana,Karnal,86,44
Haryana,Kurukshetra,70,82
Haryana,Mahendragarh,669,43
Haryana,Mewat,844,182
Haryana,Palwal,175,18
Haryana,Panchkula,80,4
Haryana,Panipat,710,111
Haryana,Rewari,747,23
Haryana,Rohtak,583,27
Haryana,Sirsa,619,24
Haryana,Sonipat,266,43
Haryana,Yamuna Nagar,99,55
Himachal Pradesh,Bilaspur,7,3
Himachal Pradesh,Chamba,102,15
Himachal Pradesh,Hamirpur,8,2
Himachal Pradesh,Kangra,267,6
Himachal Pradesh,Kinnaur,13,0
Himachal Pradesh,Kullu,6,0
Himachal Pradesh,Lahul and Spiti,1,0
Himachal Pradesh,Mandi,55,5
Himachal Pradesh,Shimla,80,4
Himachal Pradesh,Sirmaur,46,1
Himachal Pradesh,Solan,42,16
Himachal Pradesh,Una,4,1
Jammu and Kashmir,Anantnag,41,0
Jammu and Kashmir,Badgam,0,3
Jammu and Kashmir,Baramula,1,0
Jammu and Kashmir,Doda,165,1
Jammu and Kashmir,Ganderbal,1,0
Jammu and Kashmir,Jammu,1941,10
Jammu and Kashmir,Kargil,1,0
Jammu and Kashmir,Kathua,331,1
Jammu and Kashmir,Kishtwar,36,0
Jammu and Kashmir,Kupwara,1,0
Jammu and Kashmir,Leh,4,0
Jammu and Kashmir,Pulwama,1,2
Jammu and Kashmir,Punch,1,0
Jammu and Kashmir,Rajouri,4,0
Jammu and Kashmir,Ramban,53,0
Jammu and Kashmir,Reasi,959,11
Jammu and Kashmir,Samba,10,3
Jammu and Kashmir,Srinagar,2,0
Jammu and Kashmir,Udhampur,1683,3
Jharkhand,Bokaro,135,8
Jharkhand,Chatra,217,6
Jharkhand,Deoghar,310,13
Jharkhand,Dhanbad,205,7
Jharkhand,Dumka,100,1
Jharkhand,East Singhbhum,226,7
Jharkhand,Garhwa,1518,20
Jharkhand,Giridih,376,25
Jharkhand,Godda,212,3
Jharkhand,Gumla,195,6
Jharkhand,Hazaribagh,98,5
Jharkhand,Jamtara,105,9
Jharkhand,Khunti,25,2
Jharkhand,Koderma,161,10
Jharkhand,Latehar,577,5
Jharkhand,Lohardaga,35,0
Jharkhand,Pakur,98,3
Jharkhand,Palamu,378,12
Jharkhand,Ramgarh,27,3
Jharkhand,Ranchi,303,29
Jharkhand,Sahebganj,187,5
Jharkhand,Seraikela-Kharsawan,40,0
Jharkhand,Simdega,17,0
Jharkhand,West Singhbhum,226,4
Karnataka,Bagalkot,9,8
Karnataka,Bangalore,272,57
Karnataka,Bangalore Rural,50,24
Karnataka,Belgaum,43,18
Karnataka,Bellary,71,16
Karnataka,Bidar,116,21
Karnataka,Bijapur,96,16
Karnataka,Chamrajanagar,3,4
Karnataka,Chickmagalur,47,4
Karnataka,Chikkaballapur,319,42
Karnataka,Chitradurga,147,17
Karnataka,Dakshina Kannada,3,1
Karnataka,Davangere,208,35
Karnataka,Dharwad,6,5
Karnataka,Gadag,88,19
Karnataka,Gulbarga,132,27
Karnataka,Hassan,56,5
Karnataka,Haveri,63,53
Karnataka,Kodagu,3,1
Karnataka,Kolar,156,30
Karnataka,Koppal,3,7
Karnataka,Mandya,215,24
Karnataka,Mysore,7,4
Karnataka,Raichur,73,37
Karnataka,Ramanagar,8,2
Karnataka,Shimoga,23,7
Karnataka,Tumkur,69,21
Karnataka,Udupi,2,0
Karnataka,Uttara Kannada,5,1
Karnataka,Yadgir,29,4
Kerala,Alappuzha,311,8
Kerala,Ernakulam,190,6
Kerala,Idukki,99,0
Kerala,Kannur,251,5
Kerala,Kasaragod,15,2
Kerala,Kollam,124,16
Kerala,Kottayam,275,6
Kerala,Kozhikode,242,8
Kerala,Malappuram,236,5
Kerala,Palakkad,101,1
Kerala,Pathanamthitta,220,2
Kerala,Thiruvananthapuram,376,25
Kerala,Thrissur,193,3
Kerala,Wayanad,22,0
Lakshadweep,Lakshadweep,2,0
Madhya Pradesh,Alirajpur,1,4
Madhya Pradesh,Anuppur,776,42
Madhya Pradesh,Ashok Nagar,401,2
Madhya Pradesh,Balaghat,1152,34
Madhya Pradesh,Barwani,43,13
Madhya Pradesh,Betul,689,11
Madhya Pradesh,Bhind,853,34
Madhya Pradesh,Bhopal,182,25
Madhya Pradesh,Burhanpur,2,3
Madhya Pradesh,Chhatarpur,662,40
Madhya Pradesh,Chhindwara,1072,21
Madhya Pradesh,Damoh,502,20
Madhya Pradesh,Datia,175,11
Madhya Pradesh,Dewas,192,4
Madhya Pradesh,Dhar,400,34
Madhya Pradesh,Dindori,59,0
Madhya Pradesh,Guna,533,23
Madhya Pradesh,Gwalior,447,27
Madhya Pradesh,Harda,151,1
Madhya Pradesh,Hoshangabad,147,7
Madhya Pradesh,Indore,81,28
Madhya Pradesh,Jabalpur,179,22
Madhya Pradesh,Jhabua,50,4
Madhya Pradesh,Katni,249,6
Madhya Pradesh,Khandwa,215,6
Madhya Pradesh,Khargone,207,11
Madhya Pradesh,Mandla,377,10
Madhya Pradesh,Mandsaur,60,10
Madhya Pradesh,Morena,982,24
Madhya Pradesh,Narsinghpur,334,12
Madhya Pradesh,Neemuch,38,12
Madhya Pradesh,Panna,675,9
Madhya Pradesh,Raisen,310,14
Madhya Pradesh,Rajgarh,1170,9
Madhya Pradesh,Ratlam,249,11
Madhya Pradesh,Rewa,1019,78
Madhya Pradesh,Sagar,1173,34
Madhya Pradesh,Satna,849,33
Madhya Pradesh,Sehore,468,11
Madhya Pradesh,Seoni,364,25
Madhya Pradesh,Shahdol,703,36
Madhya Pradesh,Shajapur,49,2
Madhya Pradesh,Sheopur,246,2
Madhya Pradesh,Shivpuri,759,46
Madhya Pradesh,Sidhi,684,16
Madhya Pradesh,Singrauli,1715,33
Madhya Pradesh,Tikamgarh,615,34
Madhya Pradesh,Ujjain,114,37
Madhya Pradesh,Umaria,300,15
Madhya Pradesh,Vidisha,427,12
Maharashtra,Ahmadnagar,706,33
Maharashtra,Akola,707,34
Maharashtra,Amravati,350,16
Maharashtra,Aurangabad,873,42
Maharashtra,Beed,1154,14
Maharashtra,Bhandara,267,13
Maharashtra,Buldhana,1294,19
Maharashtra,Chandrapur,742,27
Maharashtra,Dhule,504,8
Maharashtra,Gadchiroli,253,4
Maharashtra,Gondiya,165,16
Maharashtra,Hingoli,1118,19
Maharashtra,Jalgaon,601,10
Maharashtra,Jalna,699,27
Maharashtra,Kolhapur,270,36
Maharashtra,Latur,909,25
Maharashtra,Mumbai,448,23
Maharashtra,Nagpur,807,92
Maharashtra,Nanded,6166,70
Maharashtra,Nandurbar,953,8
Maharashtra,Nashik,2070,74
Maharashtra,Osmanabad,165,49
Maharashtra,Palghar,67,108
Maharashtra,Parbhani,821,30
Maharashtra,Pune,859,46
Maharashtra,Raigarh,353,10
Maharashtra,Ratnagiri,194,8
Maharashtra,Sangli,192,22
Maharashtra,Satara,348,12
Maharashtra,Sindhudurg,118,52
Maharashtra,Solapur,381,28
Maharashtra,Thane,469,29
Maharashtra,Wardha,141,5
Maharashtra,Washim,821,16
Maharashtra,Yavatmal,2306,34
Manipur,Churachandpur,19,1
Manipur,Imphal East,10,0
Manipur,Imphal West,56,1
Manipur,Thoubal,2,0
Meghalaya,East Khasi Hills,3,0
Meghalaya,West Garo Hills,1,0
Mizoram,Aizawl,0,12
Mizoram,Saiha,1,0
Nagaland,Dimapur,2,0
Nagaland,Kiphire,154,0
Nagaland,Kohima,39,1
Nagaland,Longleng,144,0
Nagaland,Mokokchung,0,1
Nagaland,Peren,10,0
Nagaland,Tuensang,219,1
Nagaland,Zunheboto,9,1
Odisha,Angul,34,48
Odisha,Balangir,8,2
Odisha,Baleswar,498,34
Odisha,Bargarh,689,208
Odisha,Bhadrak,103,9
Odisha,Boudh,1,6
Odisha,Cuttack,8,8
Odisha,Debagarh,1,0
Odisha,Dhenkanal,79,37
Odisha,Gajapati,2,0
Odisha,Ganjam,3084,520
Odisha,Jagatsinghapur,23,50
Odisha,Jajapur,1017,45
Odisha,Jharsuguda,4,11
Odisha,Kalahandi,13951,234
Odisha,Kandhamal,718,79
Odisha,Kendrapara,27,105
Odisha,Kendujhar,1147,52
Odisha,Khorda,23,45
Odisha,Koraput,6013,87
Odisha,Malkangiri,1,8
Odisha,Mayurbhanj,5299,167
Odisha,Nabarangapur,2,45
Odisha,Nayagarh,23,22
Odisha,Nuapada,2,0
Odisha,Puri,393,19
Odisha,Rayagada,3479,196
Odisha,Sambalpur,246,11
Odisha,Sonapur,1418,10
Odisha,Sundergarh,1223,19
Others,Others,1,948
Puducherry,Karaikal,68,1
Puducherry,Puducherry,52,3
Punjab,Amritsar,870,34
Punjab,Barnala,139,15
Punjab,Bathinda,284,21
Punjab,Faridkot,69,3
Punjab,Fatehgarh Sahib,155,6
Punjab,Fazilka,928,31
Punjab,Ferozepur,344,19
Punjab,Gurdaspur,458,21
Punjab,Hoshiarpur,326,20
Punjab,Jalandhar,410,17
Punjab,Kapurthala,256,21
Punjab,Ludhiana,1006,107
Punjab,Mansa,98,16
Punjab,Moga,103,4
Punjab,Pathankot,224,19
Punjab,Patiala,303,33
Punjab,Rupnagar,278,22
Punjab,SAS Nagar (Mohali),300,5
Punjab,Sangrur,284,34
Punjab,Shaheed Bhagat Singh Nagar,202,11
Punjab,Sri Muktsar Sahib,315,23
Punjab,Tarn Taran,63,30
Rajasthan,Ajmer,1078,144
Rajasthan,Alwar,684,85
Rajasthan,Banswara,952,81
Rajasthan,Baran,395,57
Rajasthan,Barmer,1129,195
Rajasthan,Bharatpur,2660,187
Rajasthan,Bhilwara,1688,71
Rajasthan,Bikaner,748,27
Rajasthan,Bundi,190,166
Rajasthan,Chittorgarh,651,13
Rajasthan,Churu,1238,70
Rajasthan,Dausa,950,218
Rajasthan,Dholpur,3635,42
Rajasthan,Dungarpur,627,32
Rajasthan,Ganganagar,398,32
Rajasthan,Hanumangarh,868,65
Rajasthan,Jaipur,3594,188
Rajasthan,Jaisalmer,55,71
Rajasthan,Jalor,889,28
Rajasthan,Jhalawar,1297,61
Rajasthan,Jhunjhunun,1651,25
Rajasthan,Jodhpur,2631,74
Rajasthan,Karauli,3596,54
Rajasthan,Kota,236,65
Rajasthan,Nagaur,5571,182
Rajasthan,Pali,1118,71
Rajasthan,Pratapgarh,631,12
Rajasthan,Rajsamand,55,26
Rajasthan,Sawai Madhopur,2534,24
Rajasthan,Sikar,1894,37
Rajasthan,Sirohi,234,27
Rajasthan,Tonk,179,75
Rajasthan,Udaipur,965,105
Sikkim,East Sikkim,13,0
Sikkim,North Sikkim,51,0
Sikkim,South Sikkim,66,0
Sikkim,West Sikkim,75,7
Tamil Nadu,Ariyalur,3,0
Tamil Nadu,Chennai,71,10
Tamil Nadu,Coimbatore,238,6
Tamil Nadu,Cuddalore,923,35
Tamil Nadu,Dharmapuri,4,0
Tamil Nadu,Dindigul,70,36
Tamil Nadu,Erode,1035,28
Tamil Nadu,Kancheepuram,40,55
Tamil Nadu,Kanniyakumari,1950,2
Tamil Nadu,Karur,1,0
Tamil Nadu,Krishnagiri,63,6
Tamil Nadu,Madurai,2885,11
Tamil Nadu,Nagapattinam,349,4
Tamil Nadu,Namakkal,14,10
Tamil Nadu,Perambalur,228,0
Tamil Nadu,Pudukkottai,4,0
Tamil Nadu,Ramanathapuram,11,1
Tamil Nadu,Salem,4,1
Tamil Nadu,Sivaganga,18,0
Tamil Nadu,Thanjavur,11,1
Tamil Nadu,The Nilgiris,3,0
Tamil Nadu,Theni,838,20
Tamil Nadu,Thiruvarur,15,0
Tamil Nadu,Thoothukkudi,16,8
Tamil Nadu,Tiruchirappalli,305,3
Tamil Nadu,Tirunelveli,3977,33
Tamil Nadu,Tiruppur,757,1
Tamil Nadu,Tiruvallur,14,13
Tamil Nadu,Tiruvannamalai,923,50
Tamil Nadu,Vellore,13,5
Tamil Nadu,Villupuram,346,11
Tamil Nadu,Virudhunagar,2170,9
Telangana,Adilabad,211,29
Telangana,Hyderabad,293,25
Telangana,K.v. Rangareddy,195,37
Telangana,Karimnagar,76,20
Telangana,Khammam,80,16
Telangana,Mahabubnagar,129,55
Telangana,Medak,110,32
Telangana,Nalgonda,356,23
Telangana,Nizamabad,63,28
Telangana,Warangal,120,33
Tripura,Dhalai,1,0
Tripura,Gomati,2,4
Tripura,Khowai,2,0
Tripura,Sepahijala,12,3
Tripura,South Tripura,4,0
Tripura,Unakoti,2,1
Tripura,West Tripura,36,1
Uttar Pradesh,Agra,3601,232
Uttar Pradesh,Aligarh,6220,254
Uttar Pradesh,Allahabad,2308,192
Uttar Pradesh,Ambedkar Nagar,11455,238
Uttar Pradesh,Amethi,304,34
Uttar Pradesh,Amroha,1970,44
Uttar Pradesh,Auraiya,4041,182
Uttar Pradesh,Azamgarh,6096,73
Uttar Pradesh,Baghpat,987,43
Uttar Pradesh,Bahraich,822,66
Uttar Pradesh,Ballia,877,164
Uttar Pradesh,Balrampur,1733,60
Uttar Pradesh,Banda,2780,28
Uttar Pradesh,Bara Banki,6309,125
Uttar Pradesh,Bareilly,13390,423
Uttar Pradesh,Basti,1494,56
Uttar Pradesh,Bijnor,2321,163
Uttar Pradesh,Budaun,1748,134
Uttar Pradesh,Bulandshahr,5594,232
Uttar Pradesh,Chandauli,816,11
Uttar Pradesh,Chitrakoot,78,8
Uttar Pradesh,Deoria,4739,112
Uttar Pradesh,Etah,889,68
Uttar Pradesh,Etawah,730,65
Uttar Pradesh,Faizabad,7080,127
Uttar Pradesh,Farrukhabad,485,44
Uttar Pradesh,Fatehpur,4600,72
Uttar Pradesh,Firozabad,379,169
Uttar Pradesh,Gautam Buddha Nagar,651,61
Uttar Pradesh,Ghaziabad,2354,1196
Uttar Pradesh,Ghazipur,4930,67
Uttar Pradesh,Gonda,4275,174
Uttar Pradesh,Gorakhpur,4060,161
Uttar Pradesh,Hamirpur,319,44
Uttar Pradesh,Hapur,146,18
Uttar Pradesh,Hardoi,3190,124
Uttar Pradesh,Hathras,198,18
Uttar Pradesh,Jalaun,1519,57
Uttar Pradesh,Jaunpur,6149,81
Uttar Pradesh,Jhansi,695,67
Uttar Pradesh,Kannauj,3192,73
Uttar Pradesh,Kanpur Dehat,3861,130
Uttar Pradesh,Kanpur Nagar,4114,294
Uttar Pradesh,Kasganj,3202,13
Uttar Pradesh,Kaushambi,2857,27
Uttar Pradesh,Kheri,3488,186
Uttar Pradesh,Kushinagar,9434,54
Uttar Pradesh,Lalitpur,343,23
Uttar Pradesh,Lucknow,5591,421
Uttar Pradesh,Maharajganj,1729,45
Uttar Pradesh,Mahoba,24,15
Uttar Pradesh,Mainpuri,2493,128
Uttar Pradesh,Mathura,313,27
Uttar Pradesh,Mau,428,68
Uttar Pradesh,Meerut,1027,186
Uttar Pradesh,Mirzapur,2538,45
Uttar Pradesh,Moradabad,5466,219
Uttar Pradesh,Muzaffarnagar,5540,319
Uttar Pradesh,Pilibhit,5613,275
Uttar Pradesh,Pratapgarh,1704,235
Uttar Pradesh,Rae Bareli,505,51
Uttar Pradesh,Rampur,7550,216
Uttar Pradesh,Saharanpur,2055,171
Uttar Pradesh,Sambhal,3379,99
Uttar Pradesh,Sant Kabir Nagar,67,3
Uttar Pradesh,Sant Ravidas Nagar,542,24
Uttar Pradesh,Shahjahanpur,3173,81
Uttar Pradesh,Shamli,3509,26
Uttar Pradesh,Shrawasti,682,12
Uttar Pradesh,Siddharthnagar,10259,29
Uttar Pradesh,Sitapur,5971,193
Uttar Pradesh,Sonbhadra,627,18
Uttar Pradesh,Sultanpur,5677,115
Uttar Pradesh,Unnao,5486,173
Uttar Pradesh,Varanasi,4354,120
Uttarakhand,Almora,1271,8
Uttarakhand,Bageshwar,56,0
Uttarakhand,Chamoli,106,1
Uttarakhand,Champawat,32,0
Uttarakhand,Dehradun,2528,38
Uttarakhand,Haridwar,4281,162
Uttarakhand,Nainital,2283,43
Uttarakhand,Pauri Garhwal,2491,46
Uttarakhand,Pithoragarh,1300,11
Uttarakhand,Rudraprayag,92,1
Uttarakhand,Tehri Garhwal,396,85
Uttarakhand,Udham Singh Nagar,5452,130
Uttarakhand,Uttarkashi,249,3
West Bengal,Bankura,51528,2980
West Bengal,Barddhaman,33775,1693
West Bengal,Birbhum,711,6
West Bengal,Cooch Behar,21,9
West Bengal,Dakshin Dinajpur,77,5
West Bengal,Darjeeling,37,6
West Bengal,Hooghly,46,1
West Bengal,Howrah,12,0
West Bengal,Jalpaiguri,426,37
West Bengal,Kolkata,46,2
West Bengal,Malda,124,20
West Bengal,Murshidabad,48,129
West Bengal,Nadia,51,7
West Bengal,North 24 Parganas,42344,520
West Bengal,Paschim Medinipur,130,60
West Bengal,Purba Medinipur,49,2
West Bengal,Puruliya,923,49
West Bengal,South 24 Parganas,44,36
West Bengal,Uttar Dinajpur,73,5
