State,District,Aadhaar generated,Enrolment Rejected
Andaman and Nicobar Islands,Nicobar,1,0
Andaman and Nicobar Islands,South Andaman,1,0
Andhra Pradesh,Ananthapur,1517,98
Andhra Pradesh,Chittoor,897,34
Andhra Pradesh,Cuddapah,545,25
Andhra Pradesh,East Godavari,1357,28
Andhra Pradesh,Guntur,1069,30
Andhra Pradesh,Krishna,781,21
Andhra Pradesh,Kurnool,2768,52
Andhra Pradesh,Nellore,1185,40
Andhra Pradesh,Prakasam,809,26
Andhra Pradesh,Srikakulam,1226,25
Andhra Pradesh,Visakhapatnam,2608,195
Andhra Pradesh,Vizianagaram,2682,36
Andhra Pradesh,West Godavari,1112,32
Arunachal Pradesh,East Kameng,3,0
Arunachal Pradesh,Lohit,1,0
Arunachal Pradesh,Lower Dibang Valley,66,1
Arunachal Pradesh,Lower Subansiri,5,0
Arunachal Pradesh,Papum Pare,34,0
Arunachal Pradesh,Tawang,246,2
Arunachal Pradesh,Upper Siang,1,0
Arunachal Pradesh,West Kameng,132,0
Arunachal Pradesh,West Siang,1,0
Assam,Baksa,18,0
Assam,Barpeta,54,1
Assam,Bongaigaon,15,0
Assam,Cachar,21,0
Assam,Chirang,14,0
Assam,Darrang,5,0
Assam,Dhemaji,6,0
Assam,Dhubri,11,0
Assam,Dibrugarh,7,0
Assam,Goalpara,7,0
Assam,Golaghat,41,0
Assam,Hailakandi,7,0
Assam,Jorhat,11,0
Assam,Kamrup,21,0
Assam,Kamrup Metro,4,0
Assam,Karbi Anglong,9,0
Assam,Karimganj,21,0
Assam,Kokrajhar,5,0
Assam,Lakhimpur,11,0
Assam,Marigaon,2,0
Assam,Nagaon,2747,2
Assam,Nalbari,6,0
Assam,Sibsagar,12,0
Assam,Sonitpur,316,0
Assam,Tinsukia,15,0
Assam,Udalguri,27,1
Bihar,Araria,7122,87
Bihar,Arwal,446,2
Bihar,Aurangabad,12077,322
Bihar,Banka,4245,67
Bihar,Begusarai,18444,440
Bihar,Bhagalpur,15827,222
Bihar,Bhojpur,6934,89
Bihar,Buxar,5648,68
Bihar,Darbhanga,11956,154
Bihar,East Champaran,26051,205
Bihar,Gaya,21967,478
Bihar,Gopalganj,19473,86
Bihar,Jamui,3564,64
Bihar,Jehanabad,4235,36
Bihar,Kaimur (Bhabua),3894,71
Bihar,Katihar,5090,53
Bihar,Khagaria,9141,212
Bihar,Kishanganj,3595,28
Bihar,Lakhisarai,1935,27
Bihar,Madhepura,3353,13
Bihar,Madhubani,11694,507
Bihar,Munger,4043,29
Bihar,Muzaffarpur,33618,545
Bihar,Nalanda,10192,104
Bihar,Nawada,8631,72
Bihar,Patna,25246,339
Bihar,Purnia,11084,171
Bihar,Rohtas,9331,150
Bihar,Saharsa,2799,118
Bihar,Samastipur,15443,76
Bihar,Saran,21361,231
Bihar,Sheikhpura,569,20
Bihar,Sheohar,504,22
Bihar,Sitamarhi,30401,136
Bihar,Siwan,32818,372
Bihar,Supaul,10077,91
Bihar,Vaishali,22943,380
Bihar,West Champaran,10549,212
Chandigarh,Chandigarh,316,15
Chhattisgarh,Balod,2857,37
Chhattisgarh,Baloda Bazar,11613,176
Chhattisgarh,Balrampur,196,10
Chhattisgarh,Bastar,684,5
Chhattisgarh,Bemetara,11237,443
Chhattisgarh,Bijapur,83,2
Chhattisgarh,Bilaspur,4939,61
Chhattisgarh,Dakshin Bastar Dantewada,73,0
Chhattisgarh,Dantewada,6,0
Chhattisgarh,Dhamtari,1603,19
Chhattisgarh,Durg,6060,55
Chhattisgarh,Gariyaband,1221,23
Chhattisgarh,Janjgir-champa,8301,471
Chhattisgarh,Jashpur,194,0
Chhattisgarh,Kabeerdham,584,11
Chhattisgarh,Kanker,1442,9
Chhattisgarh,Kawardha,13600,87
Chhattisgarh,Kondagaon,2071,7
Chhattisgarh,Korba,1816,34
Chhattisgarh,Koriya,464,24
Chhattisgarh,Mahasamund,2710,14
Chhattisgarh,Mungeli,1164,90
Chhattisgarh,Narayanpur,1489,502
Chhattisgarh,Raigarh,9529,377
Chhattisgarh,Raipur,18526,241
Chhattisgarh,Rajnandgaon,8004,119
Chhattisgarh,Sukma,158,9
Chhattisgarh,Surajpur,444,5
Chhattisgarh,Surguja,5267,61
Chhattisgarh,Uttar Bastar Kanker,1305,30
Dadra and Nagar Haveli,Dadra and Nagar Haveli,1344,20
Daman and Diu,Daman,71,3
Daman and Diu,Diu,13,4
Delhi,Central Delhi,401,8
Delhi,East Delhi,933,37
Delhi,New Delhi,44,2
Delhi,North Delhi,268,6
Delhi,North East Delhi,2030,77
Delhi,North West Delhi,2242,126
Delhi,South Delhi,3071,89
Delhi,South West Delhi,1056,31
Delhi,West Delhi,1568,40
Goa,North Goa,52,0
Goa,South Goa,82,0
Gujarat,Ahmedabad,6761,110
Gujarat,Amreli,1836,54
Gujarat,Anand,1487,43
Gujarat,Banaskantha,3545,56
Gujarat,Bharuch,880,24
Gujarat,Bhavnagar,4235,187
Gujarat,Dahod,634,56
Gujarat,Gandhinagar,1127,44
Gujarat,Jamnagar,1366,12
Gujarat,Junagadh,1075,20
Gujarat,Kachchh,1841,26
Gujarat,Kheda,522,5
Gujarat,Mahesana,616,8
Gujarat,Narmada,166,8
Gujarat,Navsari,908,5
Gujarat,Panchmahals,1781,91
Gujarat,Patan,873,3
Gujarat,Porbandar,379,10
Gujarat,Rajkot,1416,32
Gujarat,Sabarkantha,2202,35
Gujarat,Surat,9862,126
Gujarat,Surendra Nagar,1949,10
Gujarat,Tapi,1429,11
Gujarat,The Dangs,188,4
Gujarat,Vadodara,2820,45
Gujarat,Valsad,1614,51
Haryana,Ambala,1223,15
Haryana,Bhiwani,2910,129
Haryana,Faridabad,2327,58
Haryana,Fatehabad,494,13
Haryana,Gurgaon,1797,80
Haryana,Hisar,4482,126
Haryana,Jhajjar,744,45
Haryana,Jind,1057,79
Haryana,Kaithal,1968,50
Haryana,Karnal,1628,61
Haryana,Kurukshetra,1424,30
Haryana,Mahendragarh,562,21
Haryana,Mewat,5679,1361
Haryana,Palwal,1199,142
Haryana,Panchkula,141,7
Haryana,Panipat,1242,87
Haryana,Rewari,396,11
Haryana,Rohtak,1404,40
Haryana,Sirsa,1012,40
Haryana,Sonipat,1406,14
Haryana,Yamuna Nagar,1533,31
Himachal Pradesh,Bilaspur,30,2
Himachal Pradesh,Chamba,727,56
Himachal Pradesh,Hamirpur,48,4
Himachal Pradesh,Kangra,281,3
Himachal Pradesh,Kinnaur,13,0
Himachal Pradesh,Kullu,63,1
Himachal Pradesh,Lahul and Spiti,1,1
Himachal Pradesh,Mandi,59,2
Himachal Pradesh,Shimla,299,27
Himachal Pradesh,Sirmaur,328,326
Himachal Pradesh,Solan,874,239
Himachal Pradesh,Una,27,2
Jammu and Kashmir,Anantnag,336,0
Jammu and Kashmir,Badgam,2370,57
Jammu and Kashmir,Bandipore,98,0
Jammu and Kashmir,Baramula,612,2
Jammu and Kashmir,Doda,337,0
Jammu and Kashmir,Ganderbal,754,0
Jammu and Kashmir,Jammu,3995,615
Jammu and Kashmir,Kargil,11,0
Jammu and Kashmir,Kathua,1354,3
Jammu and Kashmir,Kishtwar,88,1
Jammu and Kashmir,Kulgam,174,0
Jammu and Kashmir,Kupwara,729,0
Jammu and Kashmir,Leh,13,0
Jammu and Kashmir,Pulwama,122,0
Jammu and Kashmir,Punch,18,1
Jammu and Kashmir,Rajouri,73,0
Jammu and Kashmir,Ramban,10454,34
Jammu and Kashmir,Reasi,1179,3
Jammu and Kashmir,Samba,994,10
Jammu and Kashmir,Shupiyan,308,0
Jammu and Kashmir,Srinagar,347,2
Jammu and Kashmir,Udhampur,1518,21
Jharkhand,Bokaro,457,20
Jharkhand,Chatra,212,8
Jharkhand,Deoghar,326,4
Jharkhand,Dhanbad,596,25
Jharkhand,Dumka,254,2
Jharkhand,East Singhbhum,263,7
Jharkhand,Garhwa,572,25
Jharkhand,Giridih,1983,30
Jharkhand,Godda,384,1
Jharkhand,Gumla,501,15
Jharkhand,Hazaribagh,205,8
Jharkhand,Jamtara,93,0
Jharkhand,Khunti,27,3
Jharkhand,Koderma,275,6
Jharkhand,Latehar,309,8
Jharkhand,Lohardaga,79,5
Jharkhand,Pakur,131,2
Jharkhand,Palamu,287,31
Jharkhand,Ramgarh,163,2
Jharkhand,Ranchi,755,33
Jharkhand,Sahebganj,240,2
Jharkhand,Seraikela-Kharsawan,202,2
Jharkhand,Simdega,186,4
Jharkhand,West Singhbhum,128,6
Karnataka,Bagalkot,934,28
Karnataka,Bangalore,3229,56
Karnataka,Bangalore Rural,952,12
Karnataka,Belgaum,3823,46
Karnataka,Bellary,1768,120
Karnataka,Bidar,1724,73
Karnataka,Bijapur,2866,77
Karnataka,Chamrajanagar,622,2
Karnataka,Chickmagalur,207,4
Karnataka,Chikkaballapur,3752,150
Karnataka,Chitradurga,5049,55
Karnataka,Dakshina Kannada,626,0
Karnataka,Davangere,2872,89
Karnataka,Dharwad,758,38
Karnataka,Gadag,243,76
Karnataka,Gulbarga,2214,122
Karnataka,Hassan,1549,11
Karnataka,Haveri,14257,687
Karnataka,Kodagu,382,11
Karnataka,Kolar,2639,69
Karnataka,Koppal,796,2
Karnataka,Mandya,3127,44
Karnataka,Mysore,355,7
Karnataka,Raichur,1184,100
Karnataka,Ramanagar,140,2
Karnataka,Shimoga,293,3
Karnataka,Tumkur,853,23
Karnataka,Udupi,548,9
Karnataka,Uttara Kannada,352,0
Karnataka,Yadgir,932,16
Kerala,Alappuzha,431,8
Kerala,Ernakulam,876,17
Kerala,Idukki,832,26
Kerala,Kannur,947,24
Kerala,Kasaragod,702,5
Kerala,Kollam,1124,49
Kerala,Kottayam,815,12
Kerala,Kozhikode,788,17
Kerala,Malappuram,2149,9
Kerala,Palakkad,1051,14
Kerala,Pathanamthitta,235,7
Kerala,Thiruvananthapuram,2119,55
Kerala,Thrissur,989,11
Kerala,Wayanad,142,4
Lakshadweep,Lakshadweep,8,0
Madhya Pradesh,Alirajpur,398,5
Madhya Pradesh,Anuppur,606,26
Madhya Pradesh,Ashok Nagar,311,4
Madhya Pradesh,Balaghat,1885,42
Madhya Pradesh,Barwani,944,42
Madhya Pradesh,Betul,1228,19
Madhya Pradesh,Bhind,918,14
Madhya Pradesh,Bhopal,1343,51
Madhya Pradesh,Burhanpur,35,5
Madhya Pradesh,Chhatarpur,1669,45
Madhya Pradesh,Chhindwara,1354,39
Madhya Pradesh,Damoh,1374,44
Madhya Pradesh,Datia,803,11
Madhya Pradesh,Dewas,515,20
Madhya Pradesh,Dhar,1574,28
Madhya Pradesh,Dindori,268,8
Madhya Pradesh,Guna,1231,8
Madhya Pradesh,Gwalior,1440,15
Madhya Pradesh,Harda,98,3
Madhya Pradesh,Hoshangabad,176,10
Madhya Pradesh,Indore,1580,65
Madhya Pradesh,Jabalpur,1098,23
Madhya Pradesh,Jhabua,185,2
Madhya Pradesh,Katni,1465,7
Madhya Pradesh,Khandwa,299,19
Madhya Pradesh,Khargone,1632,104
Madhya Pradesh,Mandla,390,11
Madhya Pradesh,Mandsaur,569,63
Madhya Pradesh,Morena,1316,29
Madhya Pradesh,Narsinghpur,449,4
Madhya Pradesh,Neemuch,495,50
Madhya Pradesh,Panna,1661,8
Madhya Pradesh,Raisen,810,9
Madhya Pradesh,Rajgarh,2288,17
Madhya Pradesh,Ratlam,600,51
Madhya Pradesh,Rewa,923,30
Madhya Pradesh,Sagar,2115,25
Madhya Pradesh,Satna,748,17
Madhya Pradesh,Sehore,1599,27
Madhya Pradesh,Seoni,497,82
Madhya Pradesh,Shahdol,1136,33
Madhya Pradesh,Shajapur,231,4
Madhya Pradesh,Sheopur,238,28
Madhya Pradesh,Shivpuri,2588,81
Madhya Pradesh,Sidhi,1500,20
Madhya Pradesh,Singrauli,1459,62
Madhya Pradesh,Tikamgarh,855,23
Madhya Pradesh,Ujjain,829,33
Madhya Pradesh,Umaria,379,20
Madhya Pradesh,Vidisha,489,2
Maharashtra,Ahmadnagar,2272,32
Maharashtra,Akola,2093,12
Maharashtra,Amravati,836,9
Maharashtra,Aurangabad,2395,41
Maharashtra,Beed,3084,16
Maharashtra,Bhandara,778,6
Maharashtra,Buldhana,2146,20
Maharashtra,Chandrapur,2640,14
Maharashtra,Dhule,980,18
Maharashtra,Gadchiroli,915,7
Maharashtra,Gondiya,699,6
Maharashtra,Hingoli,2006,10
Maharashtra,Jalgaon,1550,15
Maharashtra,Jalna,2530,33
Maharashtra,Kolhapur,1828,34
Maharashtra,Latur,1597,10
Maharashtra,Mumbai,3113,65
Maharashtra,Nagpur,1316,55
Maharashtra,Nanded,6224,41
Maharashtra,Nandurbar,647,44
Maharashtra,Nashik,3129,56
Maharashtra,Osmanabad,1109,18
Maharashtra,Palghar,554,202
Maharashtra,Parbhani,3579,15
Maharashtra,Pune,3303,155
Maharashtra,Raigarh,1141,9
Maharashtra,Ratnagiri,825,6
Maharashtra,Sangli,766,15
Maharashtra,Satara,1140,18
Maharashtra,Sindhudurg,2067,4
Maharashtra,Solapur,4599,38
Maharashtra,Thane,2771,20
Maharashtra,Wardha,91,1
Maharashtra,Washim,1797,13
Maharashtra,Yavatmal,3116,9
Manipur,Bishnupur,22,0
Manipur,Chandel,8,1
Manipur,Churachandpur,229,0
Manipur,Imphal East,428,1
Manipur,Imphal West,509,2
Manipur,Senapati,14,0
Manipur,Tamenglong,12,0
Manipur,Thoubal,382,0
Manipur,Ukhrul,3,0
Meghalaya,East Khasi Hills,17,0
Meghalaya,Jaintia Hills,3,0
Meghalaya,Ri Bhoi,2,0
Meghalaya,South Garo Hills,1,0
Meghalaya,West Garo Hills,2,0
Meghalaya,West Khasi Hills,1,0
Mizoram,Aizawl,3139,1
Mizoram,Champhai,534,0
Mizoram,Kolasib,416,0
Mizoram,Lawngtlai,27,0
Mizoram,Lunglei,33,0
Mizoram,Mammit,314,2
Mizoram,Saiha,46,0
Mizoram,Serchhip,11,0
Nagaland,Dimapur,28,0
Nagaland,Kiphire,2,3
Nagaland,Kohima,40,0
Nagaland,Longleng,3,0
Nagaland,Mokokchung,2,0
Nagaland,Mon,8,0
Nagaland,Peren,29,0
Nagaland,Phek,1,0
Nagaland,Tuensang,6,13
Nagaland,Wokha,2,0
Nagaland,Zunheboto,10,0
Odisha,Angul,1295,54
Odisha,Balangir,320,0
Odisha,Baleswar,2939,3
Odisha,Bargarh,12251,2
Odisha,Bhadrak,2445,3
Odisha,Boudh,1100,0
Odisha,Cuttack,606,2
Odisha,Debagarh,946,0
Odisha,Dhenkanal,1008,26
Odisha,Gajapati,3531,27
Odisha,Ganjam,7985,8
Odisha,Jagatsinghapur,3544,0
Odisha,Jajapur,11141,62
Odisha,Jharsuguda,6585,0
Odisha,Kalahandi,29776,22
Odisha,Kandhamal,1184,0
Odisha,Kendrapara,1365,1
Odisha,Kendujhar,4974,25
Odisha,Khorda,792,74
Odisha,Koraput,5230,7
Odisha,Malkangiri,19,0
Odisha,Mayurbhanj,5174,18
Odisha,Nabarangapur,10928,0
Odisha,Nayagarh,8377,3
Odisha,Nuapada,650,0
Odisha,Puri,291,18
Odisha,Rayagada,1680,61
Odisha,Sambalpur,1879,2
Odisha,Sonapur,2148,6
Odisha,Sundergarh,4810,3
Others,Others,52273,157
Puducherry,Karaikal,213,0
Puducherry,Puducherry,111,4
Punjab,Amritsar,992,30
Punjab,Barnala,723,10
Punjab,Bathinda,468,20
Punjab,Faridkot,112,17
Punjab,Fatehgarh Sahib,188,9
Punjab,Fazilka,1484,42
Punjab,Ferozepur,848,27
Punjab,Gurdaspur,984,19
Punjab,Hoshiarpur,1866,13
Punjab,Jalandhar,1046,41
Punjab,Kapurthala,569,3
Punjab,Ludhiana,3109,132
Punjab,Mansa,490,32
Punjab,Moga,739,9
Punjab,Pathankot,316,11
Punjab,Patiala,1423,33
Punjab,Rupnagar,222,1
Punjab,SAS Nagar (Mohali),560,11
Punjab,Sangrur,2058,26
Punjab,Shaheed Bhagat Singh Nagar,172,11
Punjab,Sri Muktsar Sahib,1072,35
Punjab,Tarn Taran,526,13
Rajasthan,Ajmer,2238,177
Rajasthan,Alwar,1511,59
Rajasthan,Banswara,3756,65
Rajasthan,Baran,3405,39
Rajasthan,Barmer,1276,30
Rajasthan,Bharatpur,4361,71
Rajasthan,Bhilwara,4375,70
Rajasthan,Bikaner,1932,73
Rajasthan,Bundi,2436,17
Rajasthan,Chittorgarh,4640,63
Rajasthan,Churu,2783,151
Rajasthan,Dausa,2455,32
Rajasthan,Dholpur,2367,30
Rajasthan,Dungarpur,4207,7
Rajasthan,Ganganagar,1666,55
Rajasthan,Hanumangarh,2713,57
Rajasthan,Jaipur,4808,201
Rajasthan,Jaisalmer,901,26
Rajasthan,Jalor,1943,106
Rajasthan,Jhalawar,6099,27
Rajasthan,Jhunjhunun,1477,30
Rajasthan,Jodhpur,4111,51
Rajasthan,Karauli,3320,27
Rajasthan,Kota,1344,20
Rajasthan,Nagaur,3673,120
Rajasthan,Pali,2478,119
Rajasthan,Pratapgarh,483,11
Rajasthan,Rajsamand,1028,23
Rajasthan,Sawai Madhopur,2091,38
Rajasthan,Sikar,2721,68
Rajasthan,Sirohi,1067,10
Rajasthan,Tonk,1398,48
Rajasthan,Udaipur,2614,52
Sikkim,East Sikkim,11,0
Sikkim,North Sikkim,6,1
Sikkim,South Sikkim,2,0
Sikkim,West Sikkim,39,1
Tamil Nadu,Ariyalur,126,1
Tamil Nadu,Chennai,3539,7
Tamil Nadu,Coimbatore,4409,4
Tamil Nadu,Cuddalore,658,2
Tamil Nadu,Dharmapuri,514,4
Tamil Nadu,Dindigul,1804,5
Tamil Nadu,Erode,6773,3
Tamil Nadu,Kancheepuram,668,6
Tamil Nadu,Kanniyakumari,6063,1
Tamil Nadu,Karur,1313,1
Tamil Nadu,Krishnagiri,183,3
Tamil Nadu,Madurai,6427,2
Tamil Nadu,Nagapattinam,225,1
Tamil Nadu,Namakkal,125,0
Tamil Nadu,Perambalur,658,0
Tamil Nadu,Pudukkottai,88,0
Tamil Nadu,Ramanathapuram,1357,0
Tamil Nadu,Salem,4707,15
Tamil Nadu,Sivaganga,152,1
Tamil Nadu,Thanjavur,2730,5
Tamil Nadu,The Nilgiris,1253,14
Tamil Nadu,Theni,492,2
Tamil Nadu,Thiruvarur,3218,1
Tamil Nadu,Thoothukkudi,3777,0
Tamil Nadu,Tiruchirappalli,616,1
Tamil Nadu,Tirunelveli,2644,15
Tamil Nadu,Tiruppur,2915,1
Tamil Nadu,Tiruvallur,3530,19
Tamil Nadu,Tiruvannamalai,4323,15
Tamil Nadu,Vellore,2165,5
Tamil Nadu,Villupuram,1539,18
Tamil Nadu,Virudhunagar,548,2
Telangana,Adilabad,1872,41
Telangana,Hyderabad,1944,101
Telangana,K.v. Rangareddy,2353,61
Telangana,Karimnagar,1969,50
Telangana,Khammam,1418,24
Telangana,Mahabubnagar,2125,96
Telangana,Medak,1619,67
Telangana,Nalgonda,2117,38
Telangana,Nizamabad,1514,26
Telangana,Warangal,3058,24
Tripura,Dhalai,61,0
Tripura,Gomati,110,3
Tripura,Khowai,10,1
Tripura,North Tripura,31,0
Tripura,Sepahijala,52,5
Tripura,South Tripura,48,2
Tripura,Unakoti,11,3
Tripura,West Tripura,147,6
Uttar Pradesh,Agra,18141,268
Uttar Pradesh,Aligarh,18787,433
Uttar Pradesh,Allahabad,21456,285
Uttar Pradesh,Ambedkar Nagar,14362,540
Uttar Pradesh,Amethi,1275,34
Uttar Pradesh,Amroha,8898,70
Uttar Pradesh,Auraiya,3993,199
Uttar Pradesh,Azamgarh,16447,170
Uttar Pradesh,Baghpat,6266,49
Uttar Pradesh,Bahraich,4153,112
Uttar Pradesh,Ballia,18632,278
Uttar Pradesh,Balrampur,2934,132
Uttar Pradesh,Banda,1464,9
Uttar Pradesh,Bara Banki,18842,345
Uttar Pradesh,Bareilly,26428,2459
Uttar Pradesh,Basti,14891,89
Uttar Pradesh,Bijnor,16674,151
Uttar Pradesh,Budaun,12877,167
Uttar Pradesh,Bulandshahr,26010,278
Uttar Pradesh,Chandauli,6392,15
Uttar Pradesh,Chitrakoot,273,2
Uttar Pradesh,Deoria,15660,75
Uttar Pradesh,Etah,15498,121
Uttar Pradesh,Etawah,2126,22
Uttar Pradesh,Faizabad,14116,325
Uttar Pradesh,Farrukhabad,14042,39
Uttar Pradesh,Fatehpur,5698,13
Uttar Pradesh,Firozabad,8431,525
Uttar Pradesh,Gautam Buddha Nagar,3994,48
Uttar Pradesh,Ghaziabad,10212,528
Uttar Pradesh,Ghazipur,18795,150
Uttar Pradesh,Gonda,17303,1149
Uttar Pradesh,Gorakhpur,20959,182
Uttar Pradesh,Hamirpur,1057,39
Uttar Pradesh,Hapur,9350,58
Uttar Pradesh,Hardoi,13317,87
Uttar Pradesh,Hathras,4300,32
Uttar Pradesh,Jalaun,3298,43
Uttar Pradesh,Jaunpur,18775,102
Uttar Pradesh,Jhansi,4044,92
Uttar Pradesh,Kannauj,7720,212
Uttar Pradesh,Kanpur Dehat,5041,58
Uttar Pradesh,Kanpur Nagar,11875,200
Uttar Pradesh,Kasganj,6987,29
Uttar Pradesh,Kaushambi,7767,74
Uttar Pradesh,Kheri,14771,156
Uttar Pradesh,Kushinagar,12386,84
Uttar Pradesh,Lalitpur,2578,37
Uttar Pradesh,Lucknow,15999,478
Uttar Pradesh,Maharajganj,5221,87
Uttar Pradesh,Mahoba,312,11
Uttar Pradesh,Mainpuri,8856,128
Uttar Pradesh,Mathura,6208,47
Uttar Pradesh,Mau,19004,155
Uttar Pradesh,Meerut,20919,122
Uttar Pradesh,Mirzapur,18451,261
Uttar Pradesh,Moradabad,27012,441
Uttar Pradesh,Muzaffarnagar,31604,858
Uttar Pradesh,Pilibhit,9144,1070
Uttar Pradesh,Pratapgarh,8890,133
Uttar Pradesh,Rae Bareli,2647,27
Uttar Pradesh,Rampur,20531,224
Uttar Pradesh,Saharanpur,15768,389
Uttar Pradesh,Sambhal,14933,154
Uttar Pradesh,Sant Kabir Nagar,1210,5
Uttar Pradesh,Sant Ravidas Nagar,2185,73
Uttar Pradesh,Shahjahanpur,10073,216
Uttar Pradesh,Shamli,5060,376
Uttar Pradesh,Shrawasti,941,15
Uttar Pradesh,Siddharthnagar,10011,67
Uttar Pradesh,Sitapur,18169,394
Uttar Pradesh,Sonbhadra,9078,90
Uttar Pradesh,Sultanpur,15548,92
Uttar Pradesh,Unnao,11487,167
Uttar Pradesh,Varanasi,13843,99
Uttarakhand,Almora,1793,20
Uttarakhand,Bageshwar,86,1
Uttarakhand,Chamoli,278,3
Uttarakhand,Champawat,79,0
Uttarakhand,Dehradun,4905,80
Uttarakhand,Haridwar,6965,126
Uttarakhand,Nainital,5937,57
Uttarakhand,Pauri Garhwal,4865,58
Uttarakhand,Pithoragarh,1485,23
Uttarakhand,Rudraprayag,101,2
Uttarakhand,Tehri Garhwal,524,14
Uttarakhand,Udham Singh Nagar,11278,136
Uttarakhand,Uttarkashi,1184,5
West Bengal,Bankura,7805,108
West Bengal,Barddhaman,12960,21
West Bengal,Birbhum,12632,8
West Bengal,Cooch Behar,1043,1
West Bengal,Dakshin Dinajpur,2905,6
West Bengal,Darjeeling,404,5
West Bengal,Hooghly,1574,1
West Bengal,Howrah,440,6
West Bengal,Jalpaiguri,3336,1
West Bengal,Kolkata,2085,8
West Bengal,Malda,16031,1067
West Bengal,Murshidabad,6191,38
West Bengal,Nadia,4342,6
West Bengal,North 24 Parganas,29118,313
West Bengal,Paschim Medinipur,55428,1538
West Bengal,Purba Medinipur,10737,4
West Bengal,Puruliya,11356,17
West Bengal,South 24 Parganas,12512,16
West Bengal,Uttar Dinajpur,3271,17
