State,District,Aadhaar generated,Enrolment Rejected
Andhra Pradesh,Ananthapur,26,25
Andhra Pradesh,Chittoor,1078,106
Andhra Pradesh,Cuddapah,783,18
Andhra Pradesh,East Godavari,871,25
Andhra Pradesh,Guntur,1047,74
Andhra Pradesh,Krishna,972,18
Andhra Pradesh,Kurnool,987,74
Andhra Pradesh,Nellore,53,18
Andhra Pradesh,Prakasam,10,6
Andhra Pradesh,Srikakulam,692,48
Andhra Pradesh,Visakhapatnam,118,60
Andhra Pradesh,Vizianagaram,1010,54
Andhra Pradesh,West Godavari,21,3
Arunachal Pradesh,Changlang,1,0
Arunachal Pradesh,Lohit,1,0
Arunachal Pradesh,Lower Dibang Valley,9,0
Arunachal Pradesh,Papum Pare,301,0
Arunachal Pradesh,Tawang,48,0
Arunachal Pradesh,Upper Siang,1,0
Arunachal Pradesh,West Kameng,195,1
Arunachal Pradesh,West Siang,1,0
Assam,Baksa,1,0
Assam,Barpeta,5,0
Assam,Cachar,3,0
Assam,Chirang,1,0
Assam,Dhemaji,1,0
Assam,Dhubri,3,0
Assam,Goalpara,1,0
Assam,Golaghat,2,0
Assam,Hailakandi,1,0
Assam,Jorhat,3,0
Assam,Kamrup,2,0
Assam,Kamrup Metro,1,0
Assam,Karbi Anglong,1,0
Assam,Karimganj,3,0
Assam,Lakhimpur,1,0
Assam,Nagaon,4,0
Assam,Sonitpur,82,1
Assam,Tinsukia,1,0
Assam,Udalguri,4,0
Bihar,Araria,1382,180
Bihar,Arwal,148,3
Bihar,Aurangabad,4670,152
Bihar,Banka,1581,67
Bihar,Begusarai,705,110
Bihar,Bhagalpur,1064,99
Bihar,Bhojpur,291,101
Bihar,Buxar,504,24
Bihar,Darbhanga,2878,49
Bihar,East Champaran,3164,199
Bihar,Gaya,3853,399
Bihar,Gopalganj,5564,182
Bihar,Jamui,605,27
Bihar,Jehanabad,374,21
Bihar,Kaimur (Bhabua),759,18
Bihar,Katihar,1925,27
Bihar,Khagaria,873,49
Bihar,Kishanganj,139,6
Bihar,Lakhisarai,191,53
Bihar,Madhepura,284,8
Bihar,Madhubani,2988,54
Bihar,Munger,74,4
Bihar,Muzaffarpur,10445,148
Bihar,Nalanda,716,88
Bihar,Nawada,1189,79
Bihar,Patna,2288,211
Bihar,Purnia,1625,78
Bihar,Rohtas,633,23
Bihar,Saharsa,529,19
Bihar,Samastipur,3875,114
Bihar,Saran,2804,94
Bihar,Sheikhpura,1008,5
Bihar,Sheohar,107,0
Bihar,Sitamarhi,4844,55
Bihar,Siwan,3090,50
Bihar,Supaul,879,27
Bihar,Vaishali,2938,146
Bihar,West Champaran,3802,138
Chandigarh,Chandigarh,27,8
Chhattisgarh,Balod,1209,15
Chhattisgarh,Baloda Bazar,2057,20
Chhattisgarh,Balrampur,79,1
Chhattisgarh,Bastar,249,11
Chhattisgarh,Bemetara,1048,48
Chhattisgarh,Bijapur,53,1
Chhattisgarh,Bilaspur,307,241
Chhattisgarh,Dakshin Bastar Dantewada,43,0
Chhattisgarh,Dhamtari,438,6
Chhattisgarh,Durg,281,43
Chhattisgarh,Gariyaband,52,1
Chhattisgarh,Janjgir-champa,720,87
Chhattisgarh,Jashpur,99,0
Chhattisgarh,Kabeerdham,75,6
Chhattisgarh,Kanker,390,19
Chhattisgarh,Kawardha,2061,104
Chhattisgarh,Kondagaon,632,26
Chhattisgarh,Korba,47,7
Chhattisgarh,Koriya,329,19
Chhattisgarh,Mahasamund,498,28
Chhattisgarh,Mungeli,0,40
Chhattisgarh,Narayanpur,192,6
Chhattisgarh,Raigarh,959,67
Chhattisgarh,Raipur,1229,61
Chhattisgarh,Rajnandgaon,653,69
Chhattisgarh,Sukma,52,4
Chhattisgarh,Surajpur,332,1
Chhattisgarh,Surguja,1043,23
Chhattisgarh,Uttar Bastar Kanker,61,45
Dadra and Nagar Haveli,Dadra and Nagar Haveli,92,6
Daman and Diu,Daman,22,0
Daman and Diu,Diu,0,1
Delhi,Central Delhi,361,17
Delhi,East Delhi,726,28
Delhi,New Delhi,12,2
Delhi,North Delhi,130,18
Delhi,North East Delhi,129,16
Delhi,North West Delhi,1213,101
Delhi,South Delhi,1602,61
Delhi,South West Delhi,393,9
Delhi,West Delhi,584,49
Goa,North Goa,71,0
Goa,South Goa,97,0
Gujarat,Ahmedabad,2817,52
Gujarat,Amreli,45,4
Gujarat,Anand,1085,10
Gujarat,Banaskantha,414,10
Gujarat,Bharuch,299,10
Gujarat,Bhavnagar,2171,10
Gujarat,Dahod,113,3
Gujarat,Gandhinagar,204,9
Gujarat,Jamnagar,773,16
Gujarat,Junagadh,287,0
Gujarat,Kachchh,604,1
Gujarat,Kheda,81,1
Gujarat,Mahesana,150,5
Gujarat,Narmada,119,7
Gujarat,Navsari,683,5
Gujarat,Panchmahals,413,19
Gujarat,Patan,314,2
Gujarat,Porbandar,7,2
Gujarat,Rajkot,584,6
Gujarat,Sabarkantha,176,12
Gujarat,Surat,5353,33
Gujarat,Surendra Nagar,14,36
Gujarat,Tapi,193,2
Gujarat,The Dangs,181,2
Gujarat,Vadodara,1772,19
Gujarat,Valsad,806,17
Haryana,Ambala,618,11
Haryana,Bhiwani,795,72
Haryana,Faridabad,331,16
Haryana,Fatehabad,510,13
Haryana,Gurgaon,210,13
Haryana,Hisar,816,69
Haryana,Jhajjar,579,46
Haryana,Jind,549,29
Haryana,Kaithal,727,30
Haryana,Karnal,128,10
Haryana,Kurukshetra,534,25
Haryana,Mahendragarh,432,11
Haryana,Mewat,883,150
Haryana,Palwal,329,22
Haryana,Panchkula,60,0
Haryana,Panipat,319,138
Haryana,Rewari,52,12
Haryana,Rohtak,187,26
Haryana,Sirsa,577,18
Haryana,Sonipat,1477,164
Haryana,Yamuna Nagar,243,22
Himachal Pradesh,Bilaspur,56,1
Himachal Pradesh,Chamba,131,32
Himachal Pradesh,Hamirpur,55,2
Himachal Pradesh,Kangra,36,2
Himachal Pradesh,Kinnaur,3,0
Himachal Pradesh,Kullu,19,0
Himachal Pradesh,Mandi,12,2
Himachal Pradesh,Shimla,6,1
Himachal Pradesh,Sirmaur,3,2
Himachal Pradesh,Solan,510,40
Himachal Pradesh,Una,1,0
Jammu and Kashmir,Anantnag,596,0
Jammu and Kashmir,Badgam,0,6
Jammu and Kashmir,Baramula,13,0
Jammu and Kashmir,Doda,360,2
Jammu and Kashmir,Jammu,916,5
Jammu and Kashmir,Kathua,45,0
Jammu and Kashmir,Kishtwar,89,1
Jammu and Kashmir,Leh,1,0
Jammu and Kashmir,Pulwama,1,0
Jammu and Kashmir,Punch,0,1
Jammu and Kashmir,Rajouri,12,1
Jammu and Kashmir,Ramban,16,5
Jammu and Kashmir,Reasi,592,3
Jammu and Kashmir,Samba,4,0
Jammu and Kashmir,Srinagar,5,1
Jammu and Kashmir,Udhampur,1955,8
Jharkhand,Bokaro,127,4
Jharkhand,Chatra,22,7
Jharkhand,Deoghar,66,5
Jharkhand,Dhanbad,52,9
Jharkhand,Dumka,13,1
Jharkhand,East Singhbhum,16,2
Jharkhand,Garhwa,116,6
Jharkhand,Giridih,84,8
Jharkhand,Godda,55,4
Jharkhand,Gumla,60,3
Jharkhand,Hazaribagh,95,4
Jharkhand,Jamtara,4,3
Jharkhand,Khunti,53,1
Jharkhand,Koderma,68,11
Jharkhand,Latehar,119,0
Jharkhand,Lohardaga,25,7
Jharkhand,Pakur,3,3
Jharkhand,Palamu,23,10
Jharkhand,Ramgarh,36,3
Jharkhand,Ranchi,424,24
Jharkhand,Sahebganj,30,3
Jharkhand,Seraikela-Kharsawan,21,2
Jharkhand,Simdega,2,3
Jharkhand,West Singhbhum,19,3
Karnataka,Bagalkot,17,0
Karnataka,Bangalore,2299,76
Karnataka,Bangalore Rural,188,2
Karnataka,Belgaum,742,27
Karnataka,Bellary,64,4
Karnataka,Bidar,1417,29
Karnataka,Bijapur,428,11
Karnataka,Chamrajanagar,6,0
Karnataka,Chickmagalur,339,5
Karnataka,Chikkaballapur,1410,14
Karnataka,Chitradurga,71,23
Karnataka,Dakshina Kannada,7,0
Karnataka,Davangere,6225,109
Karnataka,Dharwad,238,16
Karnataka,Gadag,1228,9
Karnataka,Gulbarga,4460,47
Karnataka,Hassan,198,16
Karnataka,Haveri,601,49
Karnataka,Kodagu,18,4
Karnataka,Kolar,1663,48
Karnataka,Koppal,2,2
Karnataka,Mandya,1813,16
Karnataka,Mysore,43,3
Karnataka,Raichur,729,33
Karnataka,Ramanagar,29,0
Karnataka,Shimoga,35,2
Karnataka,Tumkur,909,26
Karnataka,Udupi,16,5
Karnataka,Uttara Kannada,9,1
Karnataka,Yadgir,324,3
Kerala,Alappuzha,395,0
Kerala,Ernakulam,740,13
Kerala,Idukki,245,5
Kerala,Kannur,526,6
Kerala,Kasaragod,188,2
Kerala,Kollam,658,16
Kerala,Kottayam,754,7
Kerala,Kozhikode,441,5
Kerala,Malappuram,790,16
Kerala,Palakkad,708,6
Kerala,Pathanamthitta,172,2
Kerala,Thiruvananthapuram,897,30
Kerala,Thrissur,804,4
Kerala,Wayanad,111,3
Lakshadweep,Lakshadweep,3,0
Madhya Pradesh,Alirajpur,5,1
Madhya Pradesh,Anuppur,164,24
Madhya Pradesh,Ashok Nagar,48,9
Madhya Pradesh,Balaghat,369,15
Madhya Pradesh,Barwani,26,11
Madhya Pradesh,Betul,33,5
Madhya Pradesh,Bhind,288,13
Madhya Pradesh,Bhopal,509,61
Madhya Pradesh,Burhanpur,2,1
Madhya Pradesh,Chhatarpur,175,16
Madhya Pradesh,Chhindwara,301,10
Madhya Pradesh,Damoh,137,10
Madhya Pradesh,Datia,106,11
Madhya Pradesh,Dewas,182,7
Madhya Pradesh,Dhar,233,10
Madhya Pradesh,Dindori,39,0
Madhya Pradesh,Guna,25,5
Madhya Pradesh,Gwalior,115,12
Madhya Pradesh,Harda,52,2
Madhya Pradesh,Hoshangabad,182,9
Madhya Pradesh,Indore,269,45
Madhya Pradesh,Jabalpur,475,29
Madhya Pradesh,Jhabua,126,1
Madhya Pradesh,Katni,30,3
Madhya Pradesh,Khandwa,31,3
Madhya Pradesh,Khargone,150,16
Madhya Pradesh,Mandla,71,5
Madhya Pradesh,Mandsaur,100,3
Madhya Pradesh,Morena,209,7
Madhya Pradesh,Narsinghpur,106,6
Madhya Pradesh,Neemuch,45,5
Madhya Pradesh,Panna,51,6
Madhya Pradesh,Raisen,116,6
Madhya Pradesh,Rajgarh,280,6
Madhya Pradesh,Ratlam,46,18
Madhya Pradesh,Rewa,239,19
Madhya Pradesh,Sagar,246,15
Madhya Pradesh,Satna,155,10
Madhya Pradesh,Sehore,128,4
Madhya Pradesh,Seoni,57,18
Madhya Pradesh,Shahdol,380,29
Madhya Pradesh,Shajapur,2,9
Madhya Pradesh,Sheopur,17,3
Madhya Pradesh,Shivpuri,385,18
Madhya Pradesh,Sidhi,79,8
Madhya Pradesh,Singrauli,1275,15
Madhya Pradesh,Tikamgarh,583,6
Madhya Pradesh,Ujjain,379,20
Madhya Pradesh,Umaria,118,9
Madhya Pradesh,Vidisha,58,5
Maharashtra,Ahmadnagar,180,7
Maharashtra,Akola,52,8
Maharashtra,Amravati,742,18
Maharashtra,Aurangabad,886,11
Maharashtra,Beed,81,4
Maharashtra,Bhandara,19,8
Maharashtra,Buldhana,127,13
Maharashtra,Chandrapur,106,9
Maharashtra,Dhule,30,5
Maharashtra,Gadchiroli,17,1
Maharashtra,Gondiya,265,7
Maharashtra,Hingoli,53,2
Maharashtra,Jalgaon,500,11
Maharashtra,Jalna,1172,15
Maharashtra,Kolhapur,53,6
Maharashtra,Latur,960,11
Maharashtra,Mumbai,1895,34
Maharashtra,Nagpur,295,19
Maharashtra,Nanded,464,35
Maharashtra,Nandurbar,856,37
Maharashtra,Nashik,158,18
Maharashtra,Osmanabad,117,6
Maharashtra,Palghar,8,61
Maharashtra,Parbhani,49,11
Maharashtra,Pune,1786,38
Maharashtra,Raigarh,55,5
Maharashtra,Ratnagiri,527,4
Maharashtra,Sangli,23,4
Maharashtra,Satara,34,6
Maharashtra,Sindhudurg,718,25
Maharashtra,Solapur,49,22
Maharashtra,Thane,277,12
Maharashtra,Wardha,200,2
Maharashtra,Washim,220,11
Maharashtra,Yavatmal,243,12
Manipur,Chandel,9,0
Manipur,Churachandpur,103,1
Manipur,Imphal East,28,1
Manipur,Imphal West,178,0
Manipur,Senapati,1,0
Manipur,Tamenglong,2,0
Manipur,Thoubal,1,0
Manipur,Ukhrul,1,0
Meghalaya,East Khasi Hills,2,0
Meghalaya,Ri Bhoi,1,0
Meghalaya,West Garo Hills,1,0
Mizoram,Aizawl,1373,1
Mizoram,Champhai,27,0
Mizoram,Mammit,539,0
Mizoram,Saiha,20,0
Nagaland,Kiphire,24,0
Nagaland,Kohima,4,2
Nagaland,Longleng,50,0
Nagaland,Peren,6,1
Nagaland,Tuensang,122,0
Nagaland,Zunheboto,2,0
Odisha,Angul,289,20
Odisha,Balangir,1,2
Odisha,Baleswar,20,4
Odisha,Bargarh,10,4
Odisha,Bhadrak,12,0
Odisha,Cuttack,22,3
Odisha,Dhenkanal,3,13
Odisha,Gajapati,10,0
Odisha,Ganjam,1063,30
Odisha,Jagatsinghapur,5,1
Odisha,Jajapur,96,13
Odisha,Jharsuguda,3517,0
Odisha,Kalahandi,32742,528
Odisha,Kandhamal,11,6
Odisha,Kendrapara,11,9
Odisha,Kendujhar,529,15
Odisha,Khorda,3,5
Odisha,Koraput,1672,20
Odisha,Malkangiri,1,0
Odisha,Mayurbhanj,262,50
Odisha,Nabarangapur,1523,19
Odisha,Nayagarh,8,7
Odisha,Nuapada,0,2
Odisha,Puri,198,20
Odisha,Rayagada,224,37
Odisha,Sambalpur,13,2
Odisha,Sonapur,64,3
Odisha,Sundergarh,1430,7
Others,Others,0,98
Puducherry,Karaikal,10,0
Puducherry,Puducherry,76,4
Punjab,Amritsar,451,18
Punjab,Barnala,265,24
Punjab,Bathinda,228,21
Punjab,Faridkot,150,15
Punjab,Fatehgarh Sahib,219,5
Punjab,Fazilka,468,10
Punjab,Ferozepur,188,3
Punjab,Gurdaspur,599,13
Punjab,Hoshiarpur,778,18
Punjab,Jalandhar,376,7
Punjab,Kapurthala,151,10
Punjab,Ludhiana,2259,69
Punjab,Mansa,337,25
Punjab,Moga,69,3
Punjab,Pathankot,196,8
Punjab,Patiala,711,63
Punjab,Rupnagar,177,9
Punjab,SAS Nagar (Mohali),318,3
Punjab,Sangrur,977,39
Punjab,Shaheed Bhagat Singh Nagar,357,29
Punjab,Sri Muktsar Sahib,409,17
Punjab,Tarn Taran,631,24
Rajasthan,Ajmer,1128,57
Rajasthan,Alwar,1176,30
Rajasthan,Banswara,1016,57
Rajasthan,Baran,284,84
Rajasthan,Barmer,409,239
Rajasthan,Bharatpur,822,99
Rajasthan,Bhilwara,809,63
Rajasthan,Bikaner,421,43
Rajasthan,Bundi,1274,28
Rajasthan,Chittorgarh,152,47
Rajasthan,Churu,555,44
Rajasthan,Dausa,194,125
Rajasthan,Dholpur,642,58
Rajasthan,Dungarpur,317,20
Rajasthan,Ganganagar,157,20
Rajasthan,Hanumangarh,349,45
Rajasthan,Jaipur,1489,160
Rajasthan,Jaisalmer,464,45
Rajasthan,Jalor,332,199
Rajasthan,Jhalawar,431,62
Rajasthan,Jhunjhunun,751,24
Rajasthan,Jodhpur,664,27
Rajasthan,Karauli,869,35
Rajasthan,Kota,1229,50
Rajasthan,Nagaur,669,122
Rajasthan,Pali,1776,79
Rajasthan,Pratapgarh,20,5
Rajasthan,Rajsamand,526,36
Rajasthan,Sawai Madhopur,474,70
Rajasthan,Sikar,532,53
Rajasthan,Sirohi,138,20
Rajasthan,Tonk,707,81
Rajasthan,Udaipur,1026,101
Sikkim,East Sikkim,5,0
Sikkim,North Sikkim,1,0
Sikkim,South Sikkim,2,1
Sikkim,West Sikkim,2,0
Tamil Nadu,Ariyalur,6,0
Tamil Nadu,Chennai,42,4
Tamil Nadu,Coimbatore,13,3
Tamil Nadu,Cuddalore,1069,8
Tamil Nadu,Dharmapuri,0,1
Tamil Nadu,Dindigul,1050,4
Tamil Nadu,Erode,141,4
Tamil Nadu,Kancheepuram,244,24
Tamil Nadu,Kanniyakumari,68,7
Tamil Nadu,Karur,1,0
Tamil Nadu,Krishnagiri,19,0
Tamil Nadu,Madurai,143,2
Tamil Nadu,Nagapattinam,52,6
Tamil Nadu,Namakkal,28,1
Tamil Nadu,Perambalur,10,0
Tamil Nadu,Pudukkottai,5,0
Tamil Nadu,Ramanathapuram,3,0
Tamil Nadu,Salem,3,14
Tamil Nadu,Sivaganga,3,0
Tamil Nadu,Thanjavur,9,0
Tamil Nadu,The Nilgiris,15,0
Tamil Nadu,Theni,350,5
Tamil Nadu,Thiruvarur,1035,4
Tamil Nadu,Thoothukkudi,1,8
Tamil Nadu,Tiruchirappalli,6990,19
Tamil Nadu,Tirunelveli,158,6
Tamil Nadu,Tiruppur,38,0
Tamil Nadu,Tiruvallur,371,6
Tamil Nadu,Tiruvannamalai,1960,12
Tamil Nadu,Vellore,13,2
Tamil Nadu,Villupuram,72,3
Tamil Nadu,Virudhunagar,31,2
Telangana,Adilabad,1675,102
Telangana,Hyderabad,160,18
Telangana,K.v. Rangareddy,172,26
Telangana,Karimnagar,21,8
Telangana,Khammam,72,11
Telangana,Mahabubnagar,19,27
Telangana,Medak,20,19
Telangana,Nalgonda,1097,15
Telangana,Nizamabad,48,20
Telangana,Warangal,108,16
Tripura,Dhalai,1,0
Tripura,Gomati,1,0
Tripura,Khowai,1,0
Tripura,North Tripura,1,0
Tripura,Sepahijala,3,1
Tripura,South Tripura,4,0
Tripura,Unakoti,3,0
Tripura,West Tripura,41,1
Uttar Pradesh,Agra,2346,204
Uttar Pradesh,Aligarh,2840,320
Uttar Pradesh,Allahabad,2774,160
Uttar Pradesh,Ambedkar Nagar,3281,78
Uttar Pradesh,Amethi,1363,28
Uttar Pradesh,Amroha,2029,91
Uttar Pradesh,Auraiya,875,185
Uttar Pradesh,Azamgarh,6133,78
Uttar Pradesh,Baghpat,133,84
Uttar Pradesh,Bahraich,315,13
Uttar Pradesh,Ballia,3439,196
Uttar Pradesh,Balrampur,100,33
Uttar Pradesh,Banda,278,19
Uttar Pradesh,Bara Banki,1798,90
Uttar Pradesh,Bareilly,8269,335
Uttar Pradesh,Basti,1791,118
Uttar Pradesh,Bijnor,2750,199
Uttar Pradesh,Budaun,2741,103
Uttar Pradesh,Bulandshahr,2982,282
Uttar Pradesh,Chandauli,288,63
Uttar Pradesh,Chitrakoot,118,2
Uttar Pradesh,Deoria,4864,195
Uttar Pradesh,Etah,3023,90
Uttar Pradesh,Etawah,2246,62
Uttar Pradesh,Faizabad,1880,71
Uttar Pradesh,Farrukhabad,1365,26
Uttar Pradesh,Fatehpur,3206,44
Uttar Pradesh,Firozabad,1386,134
Uttar Pradesh,Gautam Buddha Nagar,509,52
Uttar Pradesh,Ghaziabad,959,617
Uttar Pradesh,Ghazipur,2659,92
Uttar Pradesh,Gonda,3110,285
Uttar Pradesh,Gorakhpur,4539,190
Uttar Pradesh,Hamirpur,3679,26
Uttar Pradesh,Hapur,84,11
Uttar Pradesh,Hardoi,2775,108
Uttar Pradesh,Hathras,418,22
Uttar Pradesh,Jalaun,820,13
Uttar Pradesh,Jaunpur,2410,57
Uttar Pradesh,Jhansi,468,93
Uttar Pradesh,Kannauj,1578,94
Uttar Pradesh,Kanpur Dehat,2173,76
Uttar Pradesh,Kanpur Nagar,3115,228
Uttar Pradesh,Kasganj,446,15
Uttar Pradesh,Kaushambi,2568,36
Uttar Pradesh,Kheri,2195,58
Uttar Pradesh,Kushinagar,4640,126
Uttar Pradesh,Lalitpur,218,74
Uttar Pradesh,Lucknow,3456,264
Uttar Pradesh,Maharajganj,572,27
Uttar Pradesh,Mahoba,141,20
Uttar Pradesh,Mainpuri,1173,80
Uttar Pradesh,Mathura,698,37
Uttar Pradesh,Mau,4150,62
Uttar Pradesh,Meerut,1696,196
Uttar Pradesh,Mirzapur,1039,54
Uttar Pradesh,Moradabad,4431,245
Uttar Pradesh,Muzaffarnagar,9251,562
Uttar Pradesh,Pilibhit,1563,295
Uttar Pradesh,Pratapgarh,2891,133
Uttar Pradesh,Rae Bareli,1120,22
Uttar Pradesh,Rampur,4244,132
Uttar Pradesh,Saharanpur,2774,182
Uttar Pradesh,Sambhal,2827,137
Uttar Pradesh,Sant Kabir Nagar,237,16
Uttar Pradesh,Sant Ravidas Nagar,196,20
Uttar Pradesh,Shahjahanpur,2360,102
Uttar Pradesh,Shamli,637,67
Uttar Pradesh,Shrawasti,466,23
Uttar Pradesh,Siddharthnagar,2746,43
Uttar Pradesh,Sitapur,2791,125
Uttar Pradesh,Sonbhadra,1483,26
Uttar Pradesh,Sultanpur,3331,101
Uttar Pradesh,Unnao,2299,154
Uttar Pradesh,Varanasi,2880,179
Uttarakhand,Almora,145,2
Uttarakhand,Bageshwar,40,1
Uttarakhand,Chamoli,46,0
Uttarakhand,Champawat,56,0
Uttarakhand,Dehradun,878,58
Uttarakhand,Haridwar,187,177
Uttarakhand,Nainital,181,21
Uttarakhand,Pauri Garhwal,137,11
Uttarakhand,Pithoragarh,509,4
Uttarakhand,Rudraprayag,6,0
Uttarakhand,Tehri Garhwal,108,7
Uttarakhand,Udham Singh Nagar,2299,107
Uttarakhand,Uttarkashi,124,3
West Bengal,Bankura,14212,260
West Bengal,Barddhaman,25500,546
West Bengal,Birbhum,40,4
West Bengal,Cooch Behar,14,0
West Bengal,Dakshin Dinajpur,6,6
West Bengal,Darjeeling,21,5
West Bengal,Hooghly,19,2
West Bengal,Howrah,24,0
West Bengal,Jalpaiguri,20,6
West Bengal,Kolkata,17,3
West Bengal,Malda,16,3
West Bengal,Murshidabad,16,6
West Bengal,Nadia,15,94
West Bengal,North 24 Parganas,20662,235
West Bengal,Paschim Medinipur,24,11
West Bengal,Purba Medinipur,28,0
West Bengal,Puruliya,1063,6
West Bengal,South 24 Parganas,38,2
West Bengal,Uttar Dinajpur,24,1
