State,District,Aadhaar generated,Enrolment Rejected
Andaman and Nicobar Islands,Nicobar,1,0
Andhra Pradesh,Ananthapur,142,95
Andhra Pradesh,Chittoor,81,70
Andhra Pradesh,Cuddapah,61,40
Andhra Pradesh,East Godavari,132,47
Andhra Pradesh,Guntur,107,47
Andhra Pradesh,Krishna,129,67
Andhra Pradesh,Kurnool,121,237
Andhra Pradesh,Nellore,133,96
Andhra Pradesh,Prakasam,77,55
Andhra Pradesh,Srikakulam,31,71
Andhra Pradesh,Visakhapatnam,263,334
Andhra Pradesh,Vizianagaram,92,298
Andhra Pradesh,West Godavari,161,58
Arunachal Pradesh,Lohit,1,0
Arunachal Pradesh,Lower Dibang Valley,3,5
Arunachal Pradesh,Papum Pare,14,9
Arunachal Pradesh,Tawang,350,3
Arunachal Pradesh,Tirap,41,3
Arunachal Pradesh,West Kameng,13,8
Assam,Baksa,1,1
Assam,Barpeta,10,6
Assam,Bongaigaon,1,0
Assam,Cachar,14,3
Assam,Darrang,1,0
Assam,Dhemaji,3,0
Assam,Dibrugarh,2,1
Assam,Goalpara,1,1
Assam,Golaghat,2,2
Assam,Hailakandi,3,0
Assam,Jorhat,3,0
Assam,Kamrup,6,2
Assam,Karbi Anglong,3,0
Assam,Karimganj,0,1
Assam,Kokrajhar,3,1
Assam,Lakhimpur,2,0
Assam,Marigaon,1,0
Assam,Nagaon,11,11
Assam,Nalbari,3,1
Assam,Sibsagar,3,3
Assam,Sonitpur,18,1
Assam,Tinsukia,3,0
Assam,Udalguri,4,2
Bihar,Araria,994,396
Bihar,Arwal,91,46
Bihar,Aurangabad,2033,299
Bihar,Banka,870,165
Bihar,Begusarai,1330,462
Bihar,Bhagalpur,3134,303
Bihar,Bhojpur,929,177
Bihar,Buxar,2493,75
Bihar,Darbhanga,1825,495
Bihar,East Champaran,3285,599
Bihar,Gaya,5672,1351
Bihar,Gopalganj,3006,541
Bihar,Jamui,727,131
Bihar,Jehanabad,1015,131
Bihar,Kaimur (Bhabua),754,146
Bihar,Katihar,992,164
Bihar,Khagaria,474,212
Bihar,Kishanganj,131,39
Bihar,Lakhisarai,154,105
Bihar,Madhepura,453,129
Bihar,Madhubani,2608,405
Bihar,Munger,587,121
Bihar,Muzaffarpur,5120,846
Bihar,Nalanda,612,433
Bihar,Nawada,2476,339
Bihar,Patna,5171,1009
Bihar,Purnia,3170,472
Bihar,Rohtas,1151,122
Bihar,Saharsa,989,147
Bihar,Samastipur,6075,828
Bihar,Saran,3429,771
Bihar,Sheikhpura,35,85
Bihar,Sheohar,347,46
Bihar,Sitamarhi,7914,1399
Bihar,Siwan,3075,658
Bihar,Supaul,2920,359
Bihar,Vaishali,8954,1551
Bihar,West Champaran,3698,635
Chandigarh,Chandigarh,45,27
Chhattisgarh,Balod,448,32
Chhattisgarh,Baloda Bazar,1514,204
Chhattisgarh,Balrampur,100,11
Chhattisgarh,Bastar,122,19
Chhattisgarh,Bemetara,1698,1191
Chhattisgarh,Bijapur,3428,3
Chhattisgarh,Bilaspur,255,85
Chhattisgarh,Dakshin Bastar Dantewada,5,4
Chhattisgarh,Dantewada,2,0
Chhattisgarh,Dhamtari,319,54
Chhattisgarh,Durg,1002,612
Chhattisgarh,Gariyaband,772,35
Chhattisgarh,Janjgir-champa,1386,353
Chhattisgarh,Jashpur,22,10
Chhattisgarh,Kabeerdham,1337,24
Chhattisgarh,Kanker,528,31
Chhattisgarh,Kawardha,11031,333
Chhattisgarh,Kondagaon,380,37
Chhattisgarh,Korba,75,31
Chhattisgarh,Koriya,207,141
Chhattisgarh,Mahasamund,664,39
Chhattisgarh,Mungeli,0,2
Chhattisgarh,Narayanpur,177,13
Chhattisgarh,Raigarh,4157,241
Chhattisgarh,Raipur,8395,713
Chhattisgarh,Rajnandgaon,3893,330
Chhattisgarh,Sukma,57,5
Chhattisgarh,Surajpur,17,12
Chhattisgarh,Surguja,1504,66
Chhattisgarh,Uttar Bastar Kanker,84,15
Dadra and Nagar Haveli,Dadra and Nagar Haveli,19,63
Daman and Diu,Daman,87,20
Delhi,Central Delhi,42,52
Delhi,East Delhi,123,152
Delhi,New Delhi,8,4
Delhi,North Delhi,23,34
Delhi,North East Delhi,339,235
Delhi,North West Delhi,356,334
Delhi,South Delhi,526,223
Delhi,South West Delhi,149,100
Delhi,West Delhi,195,125
Goa,North Goa,2,4
Goa,South Goa,3,8
Gujarat,Ahmedabad,1251,438
Gujarat,Amreli,121,118
Gujarat,Anand,306,58
Gujarat,Banaskantha,366,150
Gujarat,Bharuch,66,145
Gujarat,Bhavnagar,427,88
Gujarat,Dahod,51,26
Gujarat,Gandhinagar,273,57
Gujarat,Jamnagar,695,65
Gujarat,Junagadh,223,108
Gujarat,Kachchh,68,57
Gujarat,Kheda,21,30
Gujarat,Mahesana,22,32
Gujarat,Narmada,20,20
Gujarat,Navsari,254,71
Gujarat,Panchmahals,447,76
Gujarat,Patan,48,51
Gujarat,Porbandar,34,22
Gujarat,Rajkot,330,61
Gujarat,Sabarkantha,314,91
Gujarat,Surat,1318,630
Gujarat,Surendra Nagar,185,34
Gujarat,Tapi,220,44
Gujarat,The Dangs,38,15
Gujarat,Vadodara,614,120
Gujarat,Valsad,765,54
Haryana,Ambala,357,67
Haryana,Bhiwani,1037,277
Haryana,Faridabad,334,362
Haryana,Fatehabad,72,120
Haryana,Gurgaon,297,253
Haryana,Hisar,649,610
Haryana,Jhajjar,330,116
Haryana,Jind,500,323
Haryana,Kaithal,198,456
Haryana,Karnal,243,290
Haryana,Kurukshetra,635,345
Haryana,Mahendragarh,212,172
Haryana,Mewat,1216,1149
Haryana,Palwal,458,214
Haryana,Panchkula,35,50
Haryana,Panipat,266,290
Haryana,Rewari,183,91
Haryana,Rohtak,375,181
Haryana,Sirsa,128,132
Haryana,Sonipat,295,132
Haryana,Yamuna Nagar,223,283
Himachal Pradesh,Bilaspur,1,1
Himachal Pradesh,Chamba,193,18
Himachal Pradesh,Hamirpur,0,5
Himachal Pradesh,Kangra,60,16
Himachal Pradesh,Kinnaur,2,5
Himachal Pradesh,Kullu,2,2
Himachal Pradesh,Mandi,1,6
Himachal Pradesh,Shimla,7,21
Himachal Pradesh,Sirmaur,4,60
Himachal Pradesh,Solan,33,32
Himachal Pradesh,Una,44,1
Jammu and Kashmir,Anantnag,10,31
Jammu and Kashmir,Badgam,78,17
Jammu and Kashmir,Bandipore,0,1
Jammu and Kashmir,Baramula,1,0
Jammu and Kashmir,Doda,5,5
Jammu and Kashmir,Jammu,215,54
Jammu and Kashmir,Kargil,1,0
Jammu and Kashmir,Kathua,14,3
Jammu and Kashmir,Kishtwar,9,20
Jammu and Kashmir,Kulgam,1,6
Jammu and Kashmir,Kupwara,1,0
Jammu and Kashmir,Leh,3,0
Jammu and Kashmir,Pulwama,2253,25
Jammu and Kashmir,Punch,147,0
Jammu and Kashmir,Rajouri,69,3
Jammu and Kashmir,Ramban,0,1
Jammu and Kashmir,Reasi,12,5
Jammu and Kashmir,Samba,5,2
Jammu and Kashmir,Srinagar,8,0
Jammu and Kashmir,Udhampur,14,21
Jharkhand,Bokaro,55,29
Jharkhand,Chatra,43,79
Jharkhand,Deoghar,38,23
Jharkhand,Dhanbad,51,32
Jharkhand,Dumka,8,50
Jharkhand,East Singhbhum,7,28
Jharkhand,Garhwa,146,186
Jharkhand,Giridih,56,100
Jharkhand,Godda,80,49
Jharkhand,Gumla,86,72
Jharkhand,Hazaribagh,32,27
Jharkhand,Jamtara,7,12
Jharkhand,Khunti,7,13
Jharkhand,Koderma,74,31
Jharkhand,Latehar,10,47
Jharkhand,Lohardaga,13,11
Jharkhand,Pakur,12,20
Jharkhand,Palamu,11,86
Jharkhand,Ramgarh,7,26
Jharkhand,Ranchi,164,106
Jharkhand,Sahebganj,26,46
Jharkhand,Seraikela-Kharsawan,17,15
Jharkhand,Simdega,5,10
Jharkhand,West Singhbhum,59,23
Karnataka,Bagalkot,144,25
Karnataka,Bangalore,384,129
Karnataka,Bangalore Rural,220,151
Karnataka,Belgaum,180,395
Karnataka,Bellary,102,55
Karnataka,Bidar,108,181
Karnataka,Bijapur,159,221
Karnataka,Chamrajanagar,20,27
Karnataka,Chickmagalur,13,62
Karnataka,Chikkaballapur,44,249
Karnataka,Chitradurga,91,98
Karnataka,Dakshina Kannada,4,18
Karnataka,Davangere,40,186
Karnataka,Dharwad,26,47
Karnataka,Gadag,6,25
Karnataka,Gulbarga,38,241
Karnataka,Hassan,179,83
Karnataka,Haveri,130,65
Karnataka,Kodagu,5,3
Karnataka,Kolar,20,213
Karnataka,Koppal,11,45
Karnataka,Mandya,300,78
Karnataka,Mysore,22,41
Karnataka,Raichur,92,87
Karnataka,Ramanagar,6,6
Karnataka,Shimoga,3,9
Karnataka,Tumkur,112,37
Karnataka,Udupi,25,44
Karnataka,Uttara Kannada,10,1
Karnataka,Yadgir,87,14
Kerala,Alappuzha,318,40
Kerala,Ernakulam,512,54
Kerala,Idukki,236,75
Kerala,Kannur,915,68
Kerala,Kasaragod,262,35
Kerala,Kollam,548,84
Kerala,Kottayam,623,40
Kerala,Kozhikode,490,50
Kerala,Malappuram,456,121
Kerala,Palakkad,160,47
Kerala,Pathanamthitta,147,14
Kerala,Thiruvananthapuram,645,136
Kerala,Thrissur,503,51
Kerala,Wayanad,45,12
Lakshadweep,Lakshadweep,1,0
Madhya Pradesh,Alirajpur,4,25
Madhya Pradesh,Anuppur,164,107
Madhya Pradesh,Ashok Nagar,30,6
Madhya Pradesh,Balaghat,460,123
Madhya Pradesh,Barwani,296,31
Madhya Pradesh,Betul,105,126
Madhya Pradesh,Bhind,360,40
Madhya Pradesh,Bhopal,271,126
Madhya Pradesh,Burhanpur,6,2
Madhya Pradesh,Chhatarpur,358,74
Madhya Pradesh,Chhindwara,300,180
Madhya Pradesh,Damoh,41,68
Madhya Pradesh,Datia,38,54
Madhya Pradesh,Dewas,147,40
Madhya Pradesh,Dhar,44,114
Madhya Pradesh,Dindori,15,66
Madhya Pradesh,Guna,119,65
Madhya Pradesh,Gwalior,200,146
Madhya Pradesh,Harda,10,3
Madhya Pradesh,Hoshangabad,20,17
Madhya Pradesh,Indore,54,90
Madhya Pradesh,Jabalpur,195,44
Madhya Pradesh,Jhabua,8,43
Madhya Pradesh,Katni,92,14
Madhya Pradesh,Khandwa,39,18
Madhya Pradesh,Khargone,332,77
Madhya Pradesh,Mandla,38,22
Madhya Pradesh,Mandsaur,129,49
Madhya Pradesh,Morena,557,88
Madhya Pradesh,Narsinghpur,34,14
Madhya Pradesh,Neemuch,16,13
Madhya Pradesh,Panna,37,18
Madhya Pradesh,Raisen,135,41
Madhya Pradesh,Rajgarh,527,80
Madhya Pradesh,Ratlam,99,75
Madhya Pradesh,Rewa,247,105
Madhya Pradesh,Sagar,184,86
Madhya Pradesh,Satna,176,89
Madhya Pradesh,Sehore,152,88
Madhya Pradesh,Seoni,137,73
Madhya Pradesh,Shahdol,394,67
Madhya Pradesh,Shajapur,14,23
Madhya Pradesh,Sheopur,47,8
Madhya Pradesh,Shivpuri,887,131
Madhya Pradesh,Sidhi,33,79
Madhya Pradesh,Singrauli,264,260
Madhya Pradesh,Tikamgarh,118,91
Madhya Pradesh,Ujjain,56,43
Madhya Pradesh,Umaria,133,42
Madhya Pradesh,Vidisha,118,27
Maharashtra,Ahmadnagar,235,211
Maharashtra,Akola,139,133
Maharashtra,Amravati,220,77
Maharashtra,Aurangabad,329,249
Maharashtra,Beed,541,288
Maharashtra,Bhandara,132,88
Maharashtra,Buldhana,292,169
Maharashtra,Chandrapur,238,99
Maharashtra,Dhule,205,97
Maharashtra,Gadchiroli,160,70
Maharashtra,Gondiya,47,122
Maharashtra,Hingoli,401,125
Maharashtra,Jalgaon,204,126
Maharashtra,Jalna,160,147
Maharashtra,Kolhapur,136,97
Maharashtra,Latur,267,150
Maharashtra,Mumbai,485,116
Maharashtra,Nagpur,245,104
Maharashtra,Nanded,1114,562
Maharashtra,Nandurbar,86,120
Maharashtra,Nashik,639,233
Maharashtra,Osmanabad,254,71
Maharashtra,Palghar,102,27
Maharashtra,Parbhani,255,198
Maharashtra,Pune,881,197
Maharashtra,Raigarh,277,47
Maharashtra,Ratnagiri,76,17
Maharashtra,Sangli,69,24
Maharashtra,Satara,211,74
Maharashtra,Sindhudurg,770,81
Maharashtra,Solapur,489,135
Maharashtra,Thane,234,73
Maharashtra,Wardha,58,33
Maharashtra,Washim,175,94
Maharashtra,Yavatmal,555,274
Manipur,Bishnupur,1,0
Manipur,Chandel,43,3
Manipur,Churachandpur,5,23
Manipur,Imphal East,687,19
Manipur,Imphal West,1013,72
Manipur,Senapati,2,0
Manipur,Tamenglong,19,11
Manipur,Thoubal,2,1
Manipur,Ukhrul,2,0
Meghalaya,East Garo Hills,1,0
Meghalaya,East Khasi Hills,5,3
Meghalaya,Ri Bhoi,1,0
Meghalaya,West Garo Hills,158,0
Mizoram,Aizawl,68,10
Mizoram,Champhai,7,5
Mizoram,Kolasib,2,1
Mizoram,Mammit,5,2
Mizoram,Saiha,1,0
Nagaland,Dimapur,2,1
Nagaland,Kiphire,1,1
Nagaland,Kohima,53,2
Nagaland,Longleng,2,1
Nagaland,Mokokchung,1,0
Nagaland,Phek,1,0
Nagaland,Tuensang,0,7
Nagaland,Wokha,0,1
Odisha,Angul,10,245
Odisha,Balangir,4,4
Odisha,Baleswar,18,153
Odisha,Bargarh,22,271
Odisha,Bhadrak,7,20
Odisha,Boudh,1,1
Odisha,Cuttack,15,25
Odisha,Debagarh,0,1
Odisha,Dhenkanal,13,587
Odisha,Gajapati,109,204
Odisha,Ganjam,49,97
Odisha,Jagatsinghapur,10,30
Odisha,Jajapur,169,724
Odisha,Jharsuguda,21,385
Odisha,Kalahandi,234,612
Odisha,Kandhamal,11,5
Odisha,Kendrapara,23,18
Odisha,Kendujhar,34,341
Odisha,Khorda,255,41
Odisha,Koraput,35,180
Odisha,Malkangiri,4,0
Odisha,Mayurbhanj,28,501
Odisha,Nabarangapur,16,252
Odisha,Nayagarh,13,15
Odisha,Nuapada,1,0
Odisha,Puri,18,21
Odisha,Rayagada,145,641
Odisha,Sambalpur,3,17
Odisha,Sonapur,22,25
Odisha,Sundergarh,18,99
Others,Others,70,14
Puducherry,Karaikal,0,6
Puducherry,Puducherry,1,3
Punjab,Amritsar,102,141
Punjab,Barnala,18,14
Punjab,Bathinda,164,45
Punjab,Faridkot,17,22
Punjab,Fatehgarh Sahib,52,17
Punjab,Fazilka,108,56
Punjab,Ferozepur,12,43
Punjab,Gurdaspur,32,63
Punjab,Hoshiarpur,102,55
Punjab,Jalandhar,141,54
Punjab,Kapurthala,162,53
Punjab,Ludhiana,299,260
Punjab,Mansa,67,43
Punjab,Moga,22,45
Punjab,Pathankot,26,19
Punjab,Patiala,127,69
Punjab,Rupnagar,87,6
Punjab,SAS Nagar (Mohali),191,38
Punjab,Sangrur,138,66
Punjab,Shaheed Bhagat Singh Nagar,32,12
Punjab,Sri Muktsar Sahib,19,52
Punjab,Tarn Taran,26,80
Rajasthan,Ajmer,273,213
Rajasthan,Alwar,133,119
Rajasthan,Banswara,575,414
Rajasthan,Baran,70,305
Rajasthan,Barmer,358,174
Rajasthan,Bharatpur,1586,296
Rajasthan,Bhilwara,416,247
Rajasthan,Bikaner,449,162
Rajasthan,Bundi,260,177
Rajasthan,Chittorgarh,229,367
Rajasthan,Churu,655,173
Rajasthan,Dausa,280,363
Rajasthan,Dholpur,1077,175
Rajasthan,Dungarpur,152,371
Rajasthan,Ganganagar,374,101
Rajasthan,Hanumangarh,317,245
Rajasthan,Jaipur,718,656
Rajasthan,Jaisalmer,120,86
Rajasthan,Jalor,42,115
Rajasthan,Jhalawar,249,251
Rajasthan,Jhunjhunun,114,142
Rajasthan,Jodhpur,458,331
Rajasthan,Karauli,1069,138
Rajasthan,Kota,103,189
Rajasthan,Nagaur,2452,270
Rajasthan,Pali,380,203
Rajasthan,Pratapgarh,11,17
Rajasthan,Rajsamand,14,91
Rajasthan,Sawai Madhopur,316,85
Rajasthan,Sikar,130,204
Rajasthan,Sirohi,170,87
Rajasthan,Tonk,84,162
Rajasthan,Udaipur,118,283
Sikkim,East Sikkim,39,3
Sikkim,North Sikkim,1,2
Sikkim,South Sikkim,5,0
Sikkim,West Sikkim,4,1
Tamil Nadu,Chennai,101,41
Tamil Nadu,Coimbatore,7,13
Tamil Nadu,Cuddalore,28,37
Tamil Nadu,Dharmapuri,58,20
Tamil Nadu,Dindigul,39,27
Tamil Nadu,Erode,8,7
Tamil Nadu,Kancheepuram,25,26
Tamil Nadu,Kanniyakumari,342,64
Tamil Nadu,Karur,1,51
Tamil Nadu,Krishnagiri,61,18
Tamil Nadu,Madurai,49,49
Tamil Nadu,Nagapattinam,10,2
Tamil Nadu,Namakkal,0,1
Tamil Nadu,Ramanathapuram,4,1
Tamil Nadu,Salem,328,201
Tamil Nadu,Sivaganga,4,2
Tamil Nadu,Thanjavur,1,29
Tamil Nadu,The Nilgiris,6,135
Tamil Nadu,Theni,15,40
Tamil Nadu,Thiruvarur,69,46
Tamil Nadu,Thoothukkudi,132,118
Tamil Nadu,Tiruchirappalli,1018,92
Tamil Nadu,Tirunelveli,1685,27
Tamil Nadu,Tiruppur,0,16
Tamil Nadu,Tiruvallur,345,115
Tamil Nadu,Tiruvannamalai,489,32
Tamil Nadu,Vellore,12,10
Tamil Nadu,Villupuram,32,156
Tamil Nadu,Virudhunagar,236,1
Telangana,Adilabad,80,66
Telangana,Hyderabad,500,142
Telangana,K.v. Rangareddy,313,178
Telangana,Karimnagar,147,100
Telangana,Khammam,140,69
Telangana,Mahabubnagar,168,132
Telangana,Medak,100,72
Telangana,Nalgonda,111,154
Telangana,Nizamabad,63,46
Telangana,Warangal,96,92
Tripura,Dhalai,19,3
Tripura,Gomati,166,16
Tripura,Khowai,6,0
Tripura,North Tripura,6,7
Tripura,Sepahijala,71,14
Tripura,South Tripura,20,8
Tripura,Unakoti,24,3
Tripura,West Tripura,120,20
Uttar Pradesh,Agra,4005,1247
Uttar Pradesh,Aligarh,2490,1553
Uttar Pradesh,Allahabad,5693,1235
Uttar Pradesh,Ambedkar Nagar,2571,680
Uttar Pradesh,Amethi,460,147
Uttar Pradesh,Amroha,1832,751
Uttar Pradesh,Auraiya,1751,403
Uttar Pradesh,Azamgarh,3968,973
Uttar Pradesh,Baghpat,705,297
Uttar Pradesh,Bahraich,433,243
Uttar Pradesh,Ballia,3789,1179
Uttar Pradesh,Balrampur,131,93
Uttar Pradesh,Banda,2118,75
Uttar Pradesh,Bara Banki,1860,608
Uttar Pradesh,Bareilly,10116,1803
Uttar Pradesh,Basti,2204,629
Uttar Pradesh,Bijnor,1548,1842
Uttar Pradesh,Budaun,1966,466
Uttar Pradesh,Bulandshahr,6825,1252
Uttar Pradesh,Chandauli,2076,243
Uttar Pradesh,Chitrakoot,26,76
Uttar Pradesh,Deoria,3661,605
Uttar Pradesh,Etah,4790,820
Uttar Pradesh,Etawah,105,147
Uttar Pradesh,Faizabad,1886,755
Uttar Pradesh,Farrukhabad,774,919
Uttar Pradesh,Fatehpur,1162,300
Uttar Pradesh,Firozabad,1993,432
Uttar Pradesh,Gautam Buddha Nagar,767,398
Uttar Pradesh,Ghaziabad,1921,921
Uttar Pradesh,Ghazipur,3704,731
Uttar Pradesh,Gonda,5430,841
Uttar Pradesh,Gorakhpur,3612,1052
Uttar Pradesh,Hamirpur,366,27
Uttar Pradesh,Hapur,3,41
Uttar Pradesh,Hardoi,4657,801
Uttar Pradesh,Hathras,1291,236
Uttar Pradesh,Jalaun,606,134
Uttar Pradesh,Jaunpur,4356,771
Uttar Pradesh,Jhansi,2157,492
Uttar Pradesh,Kannauj,3140,435
Uttar Pradesh,Kanpur Dehat,2419,332
Uttar Pradesh,Kanpur Nagar,5656,1080
Uttar Pradesh,Kasganj,556,134
Uttar Pradesh,Kaushambi,1105,189
Uttar Pradesh,Kheri,3693,315
Uttar Pradesh,Kushinagar,4472,750
Uttar Pradesh,Lalitpur,2065,261
Uttar Pradesh,Lucknow,3638,1088
Uttar Pradesh,Maharajganj,977,217
Uttar Pradesh,Mahoba,38,16
Uttar Pradesh,Mainpuri,1819,553
Uttar Pradesh,Mathura,714,643
Uttar Pradesh,Mau,2321,768
Uttar Pradesh,Meerut,3018,2146
Uttar Pradesh,Mirzapur,3334,857
Uttar Pradesh,Moradabad,7125,1380
Uttar Pradesh,Muzaffarnagar,5270,1623
Uttar Pradesh,Pilibhit,1539,614
Uttar Pradesh,Pratapgarh,1407,985
Uttar Pradesh,Rae Bareli,432,238
Uttar Pradesh,Rampur,5113,700
Uttar Pradesh,Saharanpur,2218,786
Uttar Pradesh,Sambhal,3675,699
Uttar Pradesh,Sant Kabir Nagar,227,47
Uttar Pradesh,Sant Ravidas Nagar,876,340
Uttar Pradesh,Shahjahanpur,1604,574
Uttar Pradesh,Shamli,3142,527
Uttar Pradesh,Shrawasti,244,35
Uttar Pradesh,Siddharthnagar,4128,183
Uttar Pradesh,Sitapur,5074,544
Uttar Pradesh,Sonbhadra,2133,289
Uttar Pradesh,Sultanpur,3796,729
Uttar Pradesh,Unnao,1630,255
Uttar Pradesh,Varanasi,1784,1370
Uttarakhand,Almora,327,38
Uttarakhand,Bageshwar,33,4
Uttarakhand,Chamoli,90,6
Uttarakhand,Champawat,20,5
Uttarakhand,Dehradun,1000,239
Uttarakhand,Haridwar,2025,525
Uttarakhand,Nainital,3625,145
Uttarakhand,Pauri Garhwal,1638,59
Uttarakhand,Pithoragarh,676,25
Uttarakhand,Rudraprayag,34,4
Uttarakhand,Tehri Garhwal,822,10
Uttarakhand,Udham Singh Nagar,2521,348
Uttarakhand,Uttarkashi,284,13
West Bengal,Bankura,376,435
West Bengal,Barddhaman,123,94
West Bengal,Birbhum,21,13
West Bengal,Cooch Behar,16,13
West Bengal,Dakshin Dinajpur,20,95
West Bengal,Darjeeling,47,2
West Bengal,Hooghly,672,287
West Bengal,Howrah,12,5
West Bengal,Jalpaiguri,273,54
West Bengal,Kolkata,33,48
West Bengal,Malda,125,365
West Bengal,Murshidabad,637,200
West Bengal,Nadia,58,130
West Bengal,North 24 Parganas,1575,587
West Bengal,Paschim Medinipur,984,417
West Bengal,Purba Medinipur,25,5
West Bengal,Puruliya,46,221
West Bengal,South 24 Parganas,927,259
West Bengal,Uttar Dinajpur,43,100
