State,District,Aadhaar generated,Enrolment Rejected
Andhra Pradesh,Ananthapur,78,36
Andhra Pradesh,Chittoor,39,26
Andhra Pradesh,Cuddapah,12,3
Andhra Pradesh,East Godavari,338,30
Andhra Pradesh,Guntur,101,23
Andhra Pradesh,Krishna,318,8
Andhra Pradesh,Kurnool,143,39
Andhra Pradesh,Nellore,176,9
Andhra Pradesh,Prakasam,45,14
Andhra Pradesh,Srikakulam,40,10
Andhra Pradesh,Visakhapatnam,1403,95
Andhra Pradesh,Vizianagaram,171,40
Andhra Pradesh,West Godavari,81,10
Arunachal Pradesh,Changlang,1,0
Arunachal Pradesh,Lower Subansiri,1,0
Arunachal Pradesh,West Kameng,2,0
Arunachal Pradesh,West Siang,1,1
Assam,Baksa,9,3
Assam,Barpeta,50,0
Assam,Bongaigaon,5,0
Assam,Cachar,9,0
Assam,Chirang,8,1
Assam,Darrang,0,1
Assam,Dhemaji,0,1
Assam,Dhubri,4,0
Assam,Dibrugarh,5,0
Assam,Goalpara,7,1
Assam,Golaghat,7,0
Assam,Hailakandi,1,0
Assam,Jorhat,5,1
Assam,Kamrup,17,1
Assam,Kamrup Metro,5,0
Assam,Karbi Anglong,4,0
Assam,Karimganj,2,0
Assam,Kokrajhar,5,1
Assam,Lakhimpur,3,0
Assam,Marigaon,5,1
Assam,Nagaon,370,1
Assam,Nalbari,3,0
Assam,Sibsagar,5,0
Assam,Sonitpur,5,2
Assam,Tinsukia,1,1
Assam,Udalguri,9,0
Bihar,Araria,1037,26
Bihar,Arwal,45,3
Bihar,Aurangabad,322,155
Bihar,Banka,917,22
Bihar,Begusarai,4643,656
Bihar,Bhagalpur,11246,82
Bihar,Bhojpur,2715,354
Bihar,Buxar,6126,49
Bihar,Darbhanga,1752,265
Bihar,East Champaran,5211,82
Bihar,Gaya,5968,304
Bihar,Gopalganj,7280,73
Bihar,Jamui,1540,61
Bihar,Jehanabad,9110,59
Bihar,Kaimur (Bhabua),7434,47
Bihar,Katihar,279,22
Bihar,Khagaria,421,71
Bihar,Kishanganj,347,204
Bihar,Lakhisarai,290,90
Bihar,Madhepura,2496,43
Bihar,Madhubani,7779,192
Bihar,Munger,256,28
Bihar,Muzaffarpur,11409,432
Bihar,Nalanda,4277,90
Bihar,Nawada,1462,77
Bihar,Patna,15958,475
Bihar,Purnia,2640,73
Bihar,Rohtas,13012,107
Bihar,Saharsa,3427,83
Bihar,Samastipur,6571,70
Bihar,Saran,9161,220
Bihar,Sheikhpura,12,23
Bihar,Sheohar,13,8
Bihar,Sitamarhi,5541,152
Bihar,Siwan,9297,142
Bihar,Supaul,4829,63
Bihar,Vaishali,16348,290
Bihar,West Champaran,4119,70
Chandigarh,Chandigarh,78,2
Chhattisgarh,Balod,330,109
Chhattisgarh,Baloda Bazar,4836,27
Chhattisgarh,Balrampur,236,2
Chhattisgarh,Bastar,1524,13
Chhattisgarh,Bemetara,781,210
Chhattisgarh,Bijapur,2524,7
Chhattisgarh,Bilaspur,409,367
Chhattisgarh,Dakshin Bastar Dantewada,339,4
Chhattisgarh,Dantewada,22,0
Chhattisgarh,Dhamtari,1,5
Chhattisgarh,Durg,1417,206
Chhattisgarh,Gariyaband,76,5
Chhattisgarh,Janjgir-champa,595,149
Chhattisgarh,Jashpur,88,4
Chhattisgarh,Kabeerdham,264,3
Chhattisgarh,Kanker,1143,11
Chhattisgarh,Kawardha,3436,28
Chhattisgarh,Kondagaon,322,19
Chhattisgarh,Korba,2174,24
Chhattisgarh,Koriya,7,25
Chhattisgarh,Mahasamund,149,9
Chhattisgarh,Mungeli,2803,91
Chhattisgarh,Narayanpur,2154,200
Chhattisgarh,Raigarh,8652,169
Chhattisgarh,Raipur,9591,248
Chhattisgarh,Rajnandgaon,1230,114
Chhattisgarh,Sukma,211,13
Chhattisgarh,Surajpur,22,3
Chhattisgarh,Surguja,915,61
Chhattisgarh,Uttar Bastar Kanker,25,11
Dadra and Nagar Haveli,Dadra and Nagar Haveli,6,0
Daman and Diu,Daman,19,1
Delhi,Central Delhi,34,12
Delhi,East Delhi,79,77
Delhi,New Delhi,79,0
Delhi,North Delhi,59,22
Delhi,North East Delhi,1045,105
Delhi,North West Delhi,204,130
Delhi,South Delhi,296,46
Delhi,South West Delhi,147,43
Delhi,West Delhi,154,62
Goa,North Goa,1,0
Goa,South Goa,4,0
Gujarat,Ahmedabad,1256,141
Gujarat,Amreli,93,16
Gujarat,Anand,44,19
Gujarat,Banaskantha,766,133
Gujarat,Bharuch,2,4
Gujarat,Bhavnagar,51,12
Gujarat,Dahod,37,18
Gujarat,Gandhinagar,16,5
Gujarat,Jamnagar,27,38
Gujarat,Junagadh,66,61
Gujarat,Kachchh,37,8
Gujarat,Kheda,12,32
Gujarat,Mahesana,4,1
Gujarat,Narmada,40,13
Gujarat,Navsari,226,75
Gujarat,Panchmahals,585,174
Gujarat,Patan,91,7
Gujarat,Porbandar,7,2
Gujarat,Rajkot,47,17
Gujarat,Sabarkantha,288,23
Gujarat,Surat,718,43
Gujarat,Surendra Nagar,4,3
Gujarat,Tapi,256,11
Gujarat,The Dangs,37,0
Gujarat,Vadodara,74,56
Gujarat,Valsad,2,6
Haryana,Ambala,9,34
Haryana,Bhiwani,9396,308
Haryana,Faridabad,207,65
Haryana,Fatehabad,387,15
Haryana,Gurgaon,452,122
Haryana,Hisar,1429,211
Haryana,Jhajjar,653,95
Haryana,Jind,357,74
Haryana,Kaithal,439,82
Haryana,Karnal,59,77
Haryana,Kurukshetra,106,139
Haryana,Mahendragarh,1411,37
Haryana,Mewat,1500,302
Haryana,Palwal,189,22
Haryana,Panchkula,12,1
Haryana,Panipat,152,60
Haryana,Rewari,651,27
Haryana,Rohtak,156,55
Haryana,Sirsa,58,32
Haryana,Sonipat,340,18
Haryana,Yamuna Nagar,1791,85
Himachal Pradesh,Bilaspur,2,0
Himachal Pradesh,Chamba,7,53
Himachal Pradesh,Hamirpur,1,9
Himachal Pradesh,Kangra,24,10
Himachal Pradesh,Kinnaur,1,0
Himachal Pradesh,Kullu,0,2
Himachal Pradesh,Mandi,2,6
Himachal Pradesh,Shimla,19,1
Himachal Pradesh,Sirmaur,6,2
Himachal Pradesh,Solan,4,0
Himachal Pradesh,Una,1,2
Jammu and Kashmir,Anantnag,5,10
Jammu and Kashmir,Badgam,8,3
Jammu and Kashmir,Bandipore,1,0
Jammu and Kashmir,Baramula,3150,25
Jammu and Kashmir,Doda,3,5
Jammu and Kashmir,Jammu,48,1
Jammu and Kashmir,Kargil,3,0
Jammu and Kashmir,Kathua,13,3
Jammu and Kashmir,Kishtwar,1,1
Jammu and Kashmir,Kulgam,2,0
Jammu and Kashmir,Kupwara,96,0
Jammu and Kashmir,Leh,2,0
Jammu and Kashmir,Pulwama,3,6
Jammu and Kashmir,Punch,4,1
Jammu and Kashmir,Rajouri,14,0
Jammu and Kashmir,Ramban,0,1
Jammu and Kashmir,Reasi,3,0
Jammu and Kashmir,Samba,2,6
Jammu and Kashmir,Srinagar,2,0
Jammu and Kashmir,Udhampur,1,1
Jharkhand,Bokaro,30,5
Jharkhand,Chatra,299,13
Jharkhand,Deoghar,276,14
Jharkhand,Dhanbad,272,8
Jharkhand,Dumka,190,3
Jharkhand,East Singhbhum,94,10
Jharkhand,Garhwa,306,12
Jharkhand,Giridih,637,8
Jharkhand,Godda,262,11
Jharkhand,Gumla,412,1
Jharkhand,Hazaribagh,10,3
Jharkhand,Jamtara,98,13
Jharkhand,Khunti,0,1
Jharkhand,Koderma,287,29
Jharkhand,Latehar,93,13
Jharkhand,Lohardaga,3,2
Jharkhand,Pakur,76,11
Jharkhand,Palamu,184,3
Jharkhand,Ramgarh,7,0
Jharkhand,Ranchi,20,12
Jharkhand,Sahebganj,135,8
Jharkhand,Seraikela-Kharsawan,1,0
Jharkhand,Simdega,222,5
Jharkhand,West Singhbhum,218,3
Karnataka,Bagalkot,6,2
Karnataka,Bangalore,968,46
Karnataka,Bangalore Rural,293,5
Karnataka,Belgaum,56,4
Karnataka,Bellary,1033,50
Karnataka,Bidar,432,26
Karnataka,Bijapur,286,19
Karnataka,Chamrajanagar,0,1
Karnataka,Chickmagalur,9,0
Karnataka,Chikkaballapur,752,126
Karnataka,Chitradurga,558,72
Karnataka,Dakshina Kannada,18,1
Karnataka,Davangere,2885,57
Karnataka,Dharwad,3,7
Karnataka,Gadag,17,21
Karnataka,Gulbarga,189,18
Karnataka,Hassan,7,7
Karnataka,Haveri,116,28
Karnataka,Kodagu,2,39
Karnataka,Kolar,458,88
Karnataka,Mandya,676,74
Karnataka,Mysore,3,8
Karnataka,Raichur,1355,29
Karnataka,Ramanagar,16,1
Karnataka,Shimoga,837,27
Karnataka,Tumkur,435,52
Karnataka,Udupi,3,1
Karnataka,Uttara Kannada,4,0
Karnataka,Yadgir,37,1
Kerala,Alappuzha,123,12
Kerala,Ernakulam,159,8
Kerala,Idukki,78,4
Kerala,Kannur,373,6
Kerala,Kasaragod,58,0
Kerala,Kollam,192,9
Kerala,Kottayam,8,4
Kerala,Kozhikode,550,13
Kerala,Malappuram,966,21
Kerala,Palakkad,273,6
Kerala,Pathanamthitta,26,11
Kerala,Thiruvananthapuram,260,11
Kerala,Thrissur,321,2
Kerala,Wayanad,18,2
Lakshadweep,Lakshadweep,6,1
Madhya Pradesh,Alirajpur,10,8
Madhya Pradesh,Anuppur,623,40
Madhya Pradesh,Ashok Nagar,1551,23
Madhya Pradesh,Balaghat,2877,41
Madhya Pradesh,Barwani,576,60
Madhya Pradesh,Betul,619,27
Madhya Pradesh,Bhind,1184,42
Madhya Pradesh,Bhopal,125,40
Madhya Pradesh,Burhanpur,136,11
Madhya Pradesh,Chhatarpur,1688,92
Madhya Pradesh,Chhindwara,1136,38
Madhya Pradesh,Damoh,834,40
Madhya Pradesh,Datia,273,4
Madhya Pradesh,Dewas,121,3
Madhya Pradesh,Dhar,59,35
Madhya Pradesh,Dindori,61,6
Madhya Pradesh,Guna,1054,36
Madhya Pradesh,Gwalior,509,38
Madhya Pradesh,Harda,3,2
Madhya Pradesh,Hoshangabad,13,10
Madhya Pradesh,Indore,13,10
Madhya Pradesh,Jabalpur,52,26
Madhya Pradesh,Jhabua,14,3
Madhya Pradesh,Katni,907,20
Madhya Pradesh,Khandwa,111,27
Madhya Pradesh,Khargone,23,62
Madhya Pradesh,Mandla,779,56
Madhya Pradesh,Mandsaur,57,21
Madhya Pradesh,Morena,2859,44
Madhya Pradesh,Narsinghpur,435,19
Madhya Pradesh,Neemuch,18,27
Madhya Pradesh,Panna,1164,68
Madhya Pradesh,Raisen,1226,19
Madhya Pradesh,Rajgarh,2383,27
Madhya Pradesh,Ratlam,836,75
Madhya Pradesh,Rewa,1506,89
Madhya Pradesh,Sagar,1487,51
Madhya Pradesh,Satna,1424,56
Madhya Pradesh,Sehore,344,17
Madhya Pradesh,Seoni,681,22
Madhya Pradesh,Shahdol,1063,36
Madhya Pradesh,Shajapur,133,7
Madhya Pradesh,Sheopur,588,4
Madhya Pradesh,Shivpuri,1866,46
Madhya Pradesh,Sidhi,1104,26
Madhya Pradesh,Singrauli,810,29
Madhya Pradesh,Tikamgarh,641,32
Madhya Pradesh,Ujjain,39,7
Madhya Pradesh,Umaria,372,53
Madhya Pradesh,Vidisha,901,19
Maharashtra,Ahmadnagar,330,52
Maharashtra,Akola,269,36
Maharashtra,Amravati,2,11
Maharashtra,Aurangabad,0,55
Maharashtra,Beed,130,35
Maharashtra,Bhandara,14,11
Maharashtra,Buldhana,32,43
Maharashtra,Chandrapur,62,22
Maharashtra,Dhule,264,29
Maharashtra,Gadchiroli,12,6
Maharashtra,Gondiya,1,9
Maharashtra,Hingoli,315,28
Maharashtra,Jalgaon,7,22
Maharashtra,Jalna,10,31
Maharashtra,Kolhapur,15,32
Maharashtra,Latur,2,30
Maharashtra,Mumbai,32,53
Maharashtra,Nagpur,12,15
Maharashtra,Nanded,2316,145
Maharashtra,Nandurbar,1,43
Maharashtra,Nashik,1098,103
Maharashtra,Osmanabad,84,24
Maharashtra,Palghar,61,18
Maharashtra,Parbhani,79,27
Maharashtra,Pune,9,36
Maharashtra,Raigarh,13,22
Maharashtra,Ratnagiri,2,31
Maharashtra,Sangli,12,12
Maharashtra,Satara,8,18
Maharashtra,Sindhudurg,3,25
Maharashtra,Solapur,20,61
Maharashtra,Thane,33,7
Maharashtra,Wardha,0,2
Maharashtra,Washim,70,26
Maharashtra,Yavatmal,1128,47
Manipur,Bishnupur,2,2
Manipur,Chandel,0,1
Manipur,Churachandpur,1,3
Manipur,Imphal East,5,0
Manipur,Imphal West,6,0
Manipur,Senapati,0,1
Manipur,Tamenglong,1,0
Manipur,Thoubal,3,1
Manipur,Ukhrul,0,1
Meghalaya,East Khasi Hills,133,0
Meghalaya,West Garo Hills,4,0
Mizoram,Aizawl,0,2
Mizoram,Champhai,0,1
Nagaland,Dimapur,64,3
Nagaland,Kohima,156,0
Nagaland,Longleng,0,1
Nagaland,Mokokchung,0,2
Nagaland,Zunheboto,51,6
Odisha,Angul,19821,16
Odisha,Balangir,24,1
Odisha,Baleswar,12,4
Odisha,Bargarh,6,0
Odisha,Bhadrak,9,0
Odisha,Boudh,29,1
Odisha,Cuttack,7,6
Odisha,Dhenkanal,9988,222
Odisha,Gajapati,1,1
Odisha,Ganjam,39,45
Odisha,Jagatsinghapur,329,5
Odisha,Jajapur,3275,4
Odisha,Jharsuguda,4,0
Odisha,Kalahandi,17,171
Odisha,Kandhamal,3,0
Odisha,Kendrapara,178,5
Odisha,Kendujhar,1649,13
Odisha,Khorda,19,1
Odisha,Koraput,5,15
Odisha,Mayurbhanj,269,637
Odisha,Nayagarh,131,22
Odisha,Nuapada,2,0
Odisha,Puri,3607,2
Odisha,Rayagada,1,9
Odisha,Sambalpur,471,7
Odisha,Sonapur,1,20
Odisha,Sundergarh,14,6
Others,Others,0,134
Puducherry,Karaikal,60,1
Puducherry,Puducherry,76,2
Punjab,Amritsar,467,23
Punjab,Barnala,319,18
Punjab,Bathinda,762,23
Punjab,Faridkot,363,9
Punjab,Fatehgarh Sahib,308,23
Punjab,Fazilka,524,25
Punjab,Ferozepur,571,22
Punjab,Gurdaspur,421,69
Punjab,Hoshiarpur,1259,32
Punjab,Jalandhar,458,53
Punjab,Kapurthala,433,22
Punjab,Ludhiana,757,156
Punjab,Mansa,895,39
Punjab,Moga,107,23
Punjab,Pathankot,451,34
Punjab,Patiala,560,76
Punjab,Rupnagar,812,57
Punjab,SAS Nagar (Mohali),593,6
Punjab,Sangrur,800,23
Punjab,Shaheed Bhagat Singh Nagar,355,26
Punjab,Sri Muktsar Sahib,298,67
Punjab,Tarn Taran,368,9
Rajasthan,Ajmer,59,85
Rajasthan,Alwar,170,105
Rajasthan,Banswara,1626,69
Rajasthan,Baran,813,48
Rajasthan,Barmer,1046,53
Rajasthan,Bharatpur,3517,145
Rajasthan,Bhilwara,1166,409
Rajasthan,Bikaner,953,95
Rajasthan,Bundi,382,15
Rajasthan,Chittorgarh,109,121
Rajasthan,Churu,1557,68
Rajasthan,Dausa,480,120
Rajasthan,Dholpur,2065,104
Rajasthan,Dungarpur,216,30
Rajasthan,Ganganagar,511,19
Rajasthan,Hanumangarh,1337,18
Rajasthan,Jaipur,3761,362
Rajasthan,Jaisalmer,36,2
Rajasthan,Jalor,447,199
Rajasthan,Jhalawar,1648,62
Rajasthan,Jhunjhunun,46,74
Rajasthan,Jodhpur,2510,214
Rajasthan,Karauli,3799,69
Rajasthan,Kota,213,45
Rajasthan,Nagaur,5735,406
Rajasthan,Pali,151,100
Rajasthan,Pratapgarh,140,14
Rajasthan,Rajsamand,81,5
Rajasthan,Sawai Madhopur,2921,64
Rajasthan,Sikar,1860,109
Rajasthan,Sirohi,129,14
Rajasthan,Tonk,132,217
Rajasthan,Udaipur,92,35
Sikkim,West Sikkim,1,5
Tamil Nadu,Chennai,1806,18
Tamil Nadu,Coimbatore,389,0
Tamil Nadu,Cuddalore,172,0
Tamil Nadu,Dharmapuri,2,18
Tamil Nadu,Dindigul,1160,3
Tamil Nadu,Erode,1535,75
Tamil Nadu,Kancheepuram,116,2
Tamil Nadu,Kanniyakumari,1755,2
Tamil Nadu,Krishnagiri,9,2
Tamil Nadu,Madurai,6,13
Tamil Nadu,Nagapattinam,35,0
Tamil Nadu,Namakkal,44,0
Tamil Nadu,Perambalur,49,0
Tamil Nadu,Pudukkottai,1,0
Tamil Nadu,Ramanathapuram,2,0
Tamil Nadu,Salem,12,0
Tamil Nadu,Sivaganga,10,0
Tamil Nadu,Thanjavur,7,0
Tamil Nadu,The Nilgiris,2,0
Tamil Nadu,Theni,9,1
Tamil Nadu,Thiruvarur,11,0
Tamil Nadu,Thoothukkudi,7,1
Tamil Nadu,Tiruchirappalli,8,1
Tamil Nadu,Tirunelveli,938,59
Tamil Nadu,Tiruppur,5,7
Tamil Nadu,Tiruvallur,250,7
Tamil Nadu,Tiruvannamalai,1106,166
Tamil Nadu,Vellore,27,1
Tamil Nadu,Villupuram,349,12
Tamil Nadu,Virudhunagar,5,26
Telangana,Adilabad,9,10
Telangana,Hyderabad,927,50
Telangana,K.v. Rangareddy,359,37
Telangana,Karimnagar,151,30
Telangana,Khammam,50,16
Telangana,Mahabubnagar,397,39
Telangana,Medak,598,60
Telangana,Nalgonda,224,34
Telangana,Nizamabad,144,24
Telangana,Warangal,278,33
Tripura,Gomati,1,62
Tripura,Khowai,0,3
Tripura,North Tripura,0,4
Tripura,Sepahijala,1,13
Tripura,South Tripura,1,10
Tripura,Unakoti,0,3
Tripura,West Tripura,4,27
Uttar Pradesh,Agra,1303,288
Uttar Pradesh,Aligarh,4413,327
Uttar Pradesh,Allahabad,3754,692
Uttar Pradesh,Ambedkar Nagar,2748,168
Uttar Pradesh,Amethi,135,51
Uttar Pradesh,Amroha,3811,207
Uttar Pradesh,Auraiya,5317,173
Uttar Pradesh,Azamgarh,2149,233
Uttar Pradesh,Baghpat,1670,65
Uttar Pradesh,Bahraich,2065,326
Uttar Pradesh,Ballia,962,360
Uttar Pradesh,Balrampur,239,40
Uttar Pradesh,Banda,7593,151
Uttar Pradesh,Bara Banki,1835,234
Uttar Pradesh,Bareilly,4794,441
Uttar Pradesh,Basti,2992,163
Uttar Pradesh,Bijnor,3053,295
Uttar Pradesh,Budaun,547,225
Uttar Pradesh,Bulandshahr,2295,284
Uttar Pradesh,Chandauli,1543,59
Uttar Pradesh,Chitrakoot,7,7
Uttar Pradesh,Deoria,2973,129
Uttar Pradesh,Etah,824,89
Uttar Pradesh,Etawah,139,152
Uttar Pradesh,Faizabad,1616,230
Uttar Pradesh,Farrukhabad,792,37
Uttar Pradesh,Fatehpur,2771,228
Uttar Pradesh,Firozabad,723,280
Uttar Pradesh,Gautam Buddha Nagar,2177,124
Uttar Pradesh,Ghaziabad,5305,948
Uttar Pradesh,Ghazipur,2128,220
Uttar Pradesh,Gonda,2389,218
Uttar Pradesh,Gorakhpur,9328,178
Uttar Pradesh,Hamirpur,261,18
Uttar Pradesh,Hapur,78,70
Uttar Pradesh,Hardoi,2691,222
Uttar Pradesh,Hathras,142,36
Uttar Pradesh,Jalaun,643,54
Uttar Pradesh,Jaunpur,5338,175
Uttar Pradesh,Jhansi,781,184
Uttar Pradesh,Kannauj,765,150
Uttar Pradesh,Kanpur Dehat,3690,144
Uttar Pradesh,Kanpur Nagar,4547,671
Uttar Pradesh,Kasganj,1490,70
Uttar Pradesh,Kaushambi,1552,46
Uttar Pradesh,Kheri,6719,143
Uttar Pradesh,Kushinagar,11438,120
Uttar Pradesh,Lalitpur,714,38
Uttar Pradesh,Lucknow,11431,868
Uttar Pradesh,Maharajganj,2118,33
Uttar Pradesh,Mahoba,51,10
Uttar Pradesh,Mainpuri,601,124
Uttar Pradesh,Mathura,524,308
Uttar Pradesh,Mau,1089,101
Uttar Pradesh,Meerut,1135,149
Uttar Pradesh,Mirzapur,1109,281
Uttar Pradesh,Moradabad,12183,520
Uttar Pradesh,Muzaffarnagar,11513,259
Uttar Pradesh,Pilibhit,2697,263
Uttar Pradesh,Pratapgarh,1073,328
Uttar Pradesh,Rae Bareli,499,31
Uttar Pradesh,Rampur,12211,197
Uttar Pradesh,Saharanpur,2260,245
Uttar Pradesh,Sambhal,6048,132
Uttar Pradesh,Sant Kabir Nagar,68,12
Uttar Pradesh,Sant Ravidas Nagar,1037,79
Uttar Pradesh,Shahjahanpur,1727,258
Uttar Pradesh,Shamli,3988,95
Uttar Pradesh,Shrawasti,17,23
Uttar Pradesh,Siddharthnagar,5125,129
Uttar Pradesh,Sitapur,9583,252
Uttar Pradesh,Sonbhadra,1908,171
Uttar Pradesh,Sultanpur,1260,206
Uttar Pradesh,Unnao,8241,317
Uttar Pradesh,Varanasi,5516,179
Uttarakhand,Almora,134,10
Uttarakhand,Bageshwar,6,4
Uttarakhand,Chamoli,52,2
Uttarakhand,Champawat,2,1
Uttarakhand,Dehradun,943,78
Uttarakhand,Haridwar,1301,137
Uttarakhand,Nainital,818,92
Uttarakhand,Pauri Garhwal,1421,45
Uttarakhand,Pithoragarh,50,12
Uttarakhand,Rudraprayag,62,1
Uttarakhand,Tehri Garhwal,20,9
Uttarakhand,Udham Singh Nagar,275,319
Uttarakhand,Uttarkashi,128,3
West Bengal,Bankura,13100,433
West Bengal,Barddhaman,4812,170
West Bengal,Birbhum,1066,31
West Bengal,Cooch Behar,25,1
West Bengal,Dakshin Dinajpur,17,2
West Bengal,Darjeeling,162,11
West Bengal,Hooghly,164,11
West Bengal,Howrah,4,0
West Bengal,Jalpaiguri,24,35
West Bengal,Kolkata,65,0
West Bengal,Malda,129,46
West Bengal,Murshidabad,53,74
West Bengal,Nadia,78,70
West Bengal,North 24 Parganas,198,17
West Bengal,Paschim Medinipur,23485,466
West Bengal,Purba Medinipur,42,2
West Bengal,Puruliya,12706,174
West Bengal,South 24 Parganas,657,234
West Bengal,Uttar Dinajpur,53,3
