State,District,Aadhaar generated,Enrolment Rejected
Andaman and Nicobar Islands,South Andaman,1,0
Andhra Pradesh,Ananthapur,1424,98
Andhra Pradesh,Chittoor,390,30
Andhra Pradesh,Cuddapah,345,7
Andhra Pradesh,East Godavari,603,30
Andhra Pradesh,Guntur,512,19
Andhra Pradesh,Krishna,677,10
Andhra Pradesh,Kurnool,846,44
Andhra Pradesh,Nellore,1263,16
Andhra Pradesh,Prakasam,1030,30
Andhra Pradesh,Srikakulam,289,13
Andhra Pradesh,Visakhapatnam,3976,255
Andhra Pradesh,Vizianagaram,538,41
Andhra Pradesh,West Godavari,992,12
Arunachal Pradesh,East Kameng,1,0
Arunachal Pradesh,East Siang,2,0
Arunachal Pradesh,Lohit,0,1
Arunachal Pradesh,Lower Dibang Valley,19,0
Arunachal Pradesh,Papum Pare,416,0
Arunachal Pradesh,Tawang,137,0
Arunachal Pradesh,Tirap,1,0
Arunachal Pradesh,West Kameng,306,0
Arunachal Pradesh,West Siang,1,0
Assam,Baksa,10,0
Assam,Barpeta,18,1
Assam,Bongaigaon,1,0
Assam,Cachar,10,0
Assam,Chirang,13,0
Assam,Darrang,1,0
Assam,Dhemaji,5,0
Assam,Dhubri,9,1
Assam,Dibrugarh,2,0
Assam,Goalpara,3,0
Assam,Golaghat,8,0
Assam,Hailakandi,9,0
Assam,Jorhat,4,0
Assam,Kamrup,15,0
Assam,Kamrup Metro,1,0
Assam,Karbi Anglong,3,0
Assam,Karimganj,7,0
Assam,Kokrajhar,6,0
Assam,Lakhimpur,4,0
Assam,Marigaon,4,0
Assam,Nagaon,68,0
Assam,Nalbari,2,0
Assam,North Cachar Hills,2,0
Assam,Sibsagar,3,0
Assam,Sonitpur,1168,6
Assam,Tinsukia,7,0
Assam,Udalguri,10,0
Bihar,Araria,1716,277
Bihar,Arwal,118,3
Bihar,Aurangabad,3370,76
Bihar,Banka,1530,68
Bihar,Begusarai,31985,1767
Bihar,Bhagalpur,2985,35
Bihar,Bhojpur,3325,16
Bihar,Buxar,1467,1
Bihar,Darbhanga,6952,39
Bihar,East Champaran,7029,91
Bihar,Gaya,10863,104
Bihar,Gopalganj,5433,89
Bihar,Jamui,2016,13
Bihar,Jehanabad,2480,5
Bihar,Kaimur (Bhabua),1416,3
Bihar,Katihar,11621,24
Bihar,Khagaria,13218,58
Bihar,Kishanganj,1959,30
Bihar,Lakhisarai,815,27
Bihar,Madhepura,1705,8
Bihar,Madhubani,5448,45
Bihar,Munger,566,14
Bihar,Muzaffarpur,17614,169
Bihar,Nalanda,2551,48
Bihar,Nawada,5432,60
Bihar,Patna,4727,111
Bihar,Purnia,2622,48
Bihar,Rohtas,1598,16
Bihar,Saharsa,856,15
Bihar,Samastipur,10034,26
Bihar,Saran,8972,108
Bihar,Sheikhpura,2432,7
Bihar,Sheohar,183,8
Bihar,Sitamarhi,10107,45
Bihar,Siwan,7551,55
Bihar,Supaul,1250,16
Bihar,Vaishali,15762,107
Bihar,West Champaran,4245,65
Chandigarh,Chandigarh,45,6
Chhattisgarh,Balod,8836,58
Chhattisgarh,Baloda Bazar,3927,35
Chhattisgarh,Balrampur,172,4
Chhattisgarh,Bastar,306,13
Chhattisgarh,Bemetara,3215,32
Chhattisgarh,Bijapur,179,4
Chhattisgarh,Bilaspur,212,76
Chhattisgarh,Dakshin Bastar Dantewada,48,1
Chhattisgarh,Dantewada,2,1
Chhattisgarh,Dhamtari,583,5
Chhattisgarh,Durg,1679,30
Chhattisgarh,Gariyaband,138,2
Chhattisgarh,Janjgir-champa,1961,134
Chhattisgarh,Jashpur,644,0
Chhattisgarh,Kabeerdham,330,1
Chhattisgarh,Kanker,277,45
Chhattisgarh,Kawardha,4001,16
Chhattisgarh,Kondagaon,166,26
Chhattisgarh,Korba,249,5
Chhattisgarh,Koriya,338,9
Chhattisgarh,Mahasamund,1046,24
Chhattisgarh,Mungeli,3,10
Chhattisgarh,Narayanpur,123,2
Chhattisgarh,Raigarh,2364,47
Chhattisgarh,Raipur,13410,67
Chhattisgarh,Rajnandgaon,653,16
Chhattisgarh,Sukma,240,0
Chhattisgarh,Surajpur,1819,6
Chhattisgarh,Surguja,5758,22
Chhattisgarh,Uttar Bastar Kanker,54,146
Dadra and Nagar Haveli,Dadra and Nagar Haveli,1814,0
Daman and Diu,Daman,12,0
Delhi,Central Delhi,128,2
Delhi,East Delhi,330,16
Delhi,New Delhi,19,0
Delhi,North Delhi,136,12
Delhi,North East Delhi,423,13
Delhi,North West Delhi,840,23
Delhi,South Delhi,621,23
Delhi,South West Delhi,408,11
Delhi,West Delhi,272,12
Goa,North Goa,13,0
Goa,South Goa,36,0
Gujarat,Ahmedabad,4267,38
Gujarat,Amreli,152,0
Gujarat,Anand,719,1
Gujarat,Banaskantha,4370,4
Gujarat,Bharuch,528,3
Gujarat,Bhavnagar,1100,5
Gujarat,Dahod,341,10
Gujarat,Gandhinagar,1202,2
Gujarat,Jamnagar,1912,7
Gujarat,Junagadh,992,3
Gujarat,Kachchh,1964,4
Gujarat,Kheda,594,1
Gujarat,Mahesana,917,1
Gujarat,Narmada,253,3
Gujarat,Navsari,1234,3
Gujarat,Panchmahals,853,7
Gujarat,Patan,190,1
Gujarat,Porbandar,77,1
Gujarat,Rajkot,1200,1
Gujarat,Sabarkantha,1063,6
Gujarat,Surat,9875,34
Gujarat,Surendra Nagar,2264,1
Gujarat,Tapi,818,1
Gujarat,The Dangs,44,0
Gujarat,Vadodara,937,2
Gujarat,Valsad,211,2
Haryana,Ambala,167,5
Haryana,Bhiwani,2076,31
Haryana,Faridabad,521,4
Haryana,Fatehabad,322,3
Haryana,Gurgaon,741,17
Haryana,Hisar,1059,28
Haryana,Jhajjar,1436,10
Haryana,Jind,1262,25
Haryana,Kaithal,930,18
Haryana,Karnal,96,6
Haryana,Kurukshetra,91,9
Haryana,Mahendragarh,603,2
Haryana,Mewat,1933,164
Haryana,Palwal,603,26
Haryana,Panchkula,39,1
Haryana,Panipat,1250,51
Haryana,Rewari,334,5
Haryana,Rohtak,563,10
Haryana,Sirsa,386,7
Haryana,Sonipat,642,29
Haryana,Yamuna Nagar,284,3
Himachal Pradesh,Bilaspur,69,0
Himachal Pradesh,Chamba,64,8
Himachal Pradesh,Hamirpur,21,1
Himachal Pradesh,Kangra,104,5
Himachal Pradesh,Kinnaur,5,0
Himachal Pradesh,Kullu,17,0
Himachal Pradesh,Mandi,28,1
Himachal Pradesh,Shimla,40,0
Himachal Pradesh,Sirmaur,10,2
Himachal Pradesh,Solan,672,49
Himachal Pradesh,Una,3,1
Jammu and Kashmir,Anantnag,180,0
Jammu and Kashmir,Badgam,3,1
Jammu and Kashmir,Baramula,25,0
Jammu and Kashmir,Doda,111,0
Jammu and Kashmir,Jammu,716,3
Jammu and Kashmir,Kathua,39,0
Jammu and Kashmir,Kishtwar,70,0
Jammu and Kashmir,Kulgam,2,0
Jammu and Kashmir,Kupwara,1,0
Jammu and Kashmir,Leh,1,0
Jammu and Kashmir,Punch,3,0
Jammu and Kashmir,Rajouri,3,0
Jammu and Kashmir,Ramban,4,0
Jammu and Kashmir,Reasi,1444,6
Jammu and Kashmir,Samba,5,0
Jammu and Kashmir,Srinagar,3,1
Jammu and Kashmir,Udhampur,2533,6
Jharkhand,Bokaro,83,8
Jharkhand,Chatra,77,2
Jharkhand,Deoghar,131,0
Jharkhand,Dhanbad,81,1
Jharkhand,Dumka,34,0
Jharkhand,East Singhbhum,40,0
Jharkhand,Garhwa,479,6
Jharkhand,Giridih,77,5
Jharkhand,Godda,94,2
Jharkhand,Gumla,67,2
Jharkhand,Hazaribagh,32,1
Jharkhand,Jamtara,20,7
Jharkhand,Khunti,26,0
Jharkhand,Koderma,72,3
Jharkhand,Latehar,121,3
Jharkhand,Lohardaga,11,0
Jharkhand,Pakur,22,1
Jharkhand,Palamu,61,2
Jharkhand,Ramgarh,9,3
Jharkhand,Ranchi,185,19
Jharkhand,Sahebganj,83,0
Jharkhand,Seraikela-Kharsawan,35,1
Jharkhand,Simdega,8,1
Jharkhand,West Singhbhum,42,1
Karnataka,Bagalkot,14,2
Karnataka,Bangalore,2136,16
Karnataka,Bangalore Rural,353,3
Karnataka,Belgaum,853,9
Karnataka,Bellary,157,11
Karnataka,Bidar,1071,23
Karnataka,Bijapur,859,16
Karnataka,Chamrajanagar,10,0
Karnataka,Chickmagalur,152,1
Karnataka,Chikkaballapur,3439,25
Karnataka,Chitradurga,1252,7
Karnataka,Dakshina Kannada,7,1
Karnataka,Davangere,754,24
Karnataka,Dharwad,283,8
Karnataka,Gadag,156,2
Karnataka,Gulbarga,540,11
Karnataka,Hassan,368,2
Karnataka,Haveri,369,57
Karnataka,Kodagu,21,0
Karnataka,Kolar,778,28
Karnataka,Koppal,0,1
Karnataka,Mandya,1629,6
Karnataka,Mysore,24,3
Karnataka,Raichur,165,22
Karnataka,Ramanagar,70,0
Karnataka,Shimoga,51,0
Karnataka,Tumkur,231,11
Karnataka,Udupi,16,0
Karnataka,Uttara Kannada,39,0
Karnataka,Yadgir,47,3
Kerala,Alappuzha,218,0
Kerala,Ernakulam,351,2
Kerala,Idukki,248,1
Kerala,Kannur,295,4
Kerala,Kasaragod,105,4
Kerala,Kollam,184,7
Kerala,Kottayam,254,0
Kerala,Kozhikode,145,1
Kerala,Malappuram,217,3
Kerala,Palakkad,171,4
Kerala,Pathanamthitta,108,2
Kerala,Thiruvananthapuram,597,4
Kerala,Thrissur,90,1
Kerala,Wayanad,21,0
Madhya Pradesh,Alirajpur,113,9
Madhya Pradesh,Anuppur,274,12
Madhya Pradesh,Ashok Nagar,172,0
Madhya Pradesh,Balaghat,563,7
Madhya Pradesh,Barwani,57,4
Madhya Pradesh,Betul,192,1
Madhya Pradesh,Bhind,428,24
Madhya Pradesh,Bhopal,595,104
Madhya Pradesh,Burhanpur,5,1
Madhya Pradesh,Chhatarpur,328,6
Madhya Pradesh,Chhindwara,347,3
Madhya Pradesh,Damoh,292,10
Madhya Pradesh,Datia,86,2
Madhya Pradesh,Dewas,111,3
Madhya Pradesh,Dhar,342,32
Madhya Pradesh,Dindori,115,6
Madhya Pradesh,Guna,275,6
Madhya Pradesh,Gwalior,180,5
Madhya Pradesh,Harda,77,4
Madhya Pradesh,Hoshangabad,102,3
Madhya Pradesh,Indore,601,54
Madhya Pradesh,Jabalpur,368,21
Madhya Pradesh,Jhabua,120,2
Madhya Pradesh,Katni,203,7
Madhya Pradesh,Khandwa,50,12
Madhya Pradesh,Khargone,789,92
Madhya Pradesh,Mandla,123,9
Madhya Pradesh,Mandsaur,134,8
Madhya Pradesh,Morena,415,9
Madhya Pradesh,Narsinghpur,100,3
Madhya Pradesh,Neemuch,207,5
Madhya Pradesh,Panna,147,3
Madhya Pradesh,Raisen,102,3
Madhya Pradesh,Rajgarh,278,8
Madhya Pradesh,Ratlam,200,14
Madhya Pradesh,Rewa,716,33
Madhya Pradesh,Sagar,859,29
Madhya Pradesh,Satna,277,9
Madhya Pradesh,Sehore,230,12
Madhya Pradesh,Seoni,161,9
Madhya Pradesh,Shahdol,514,17
Madhya Pradesh,Shajapur,198,2
Madhya Pradesh,Sheopur,42,1
Madhya Pradesh,Shivpuri,1466,34
Madhya Pradesh,Sidhi,610,2
Madhya Pradesh,Singrauli,1934,50
Madhya Pradesh,Tikamgarh,538,6
Madhya Pradesh,Ujjain,454,18
Madhya Pradesh,Umaria,221,3
Madhya Pradesh,Vidisha,165,3
Maharashtra,Ahmadnagar,1759,8
Maharashtra,Akola,463,2
Maharashtra,Amravati,531,5
Maharashtra,Aurangabad,746,15
Maharashtra,Beed,1328,7
Maharashtra,Bhandara,604,11
Maharashtra,Buldhana,1150,12
Maharashtra,Chandrapur,908,6
Maharashtra,Dhule,663,5
Maharashtra,Gadchiroli,647,6
Maharashtra,Gondiya,233,7
Maharashtra,Hingoli,1321,2
Maharashtra,Jalgaon,750,2
Maharashtra,Jalna,956,20
Maharashtra,Kolhapur,1368,6
Maharashtra,Latur,734,7
Maharashtra,Mumbai,808,21
Maharashtra,Nagpur,1283,35
Maharashtra,Nanded,4543,17
Maharashtra,Nandurbar,784,5
Maharashtra,Nashik,4481,41
Maharashtra,Osmanabad,507,5
Maharashtra,Palghar,420,54
Maharashtra,Parbhani,1034,14
Maharashtra,Pune,943,11
Maharashtra,Raigarh,943,2
Maharashtra,Ratnagiri,240,0
Maharashtra,Sangli,766,0
Maharashtra,Satara,448,4
Maharashtra,Sindhudurg,1514,13
Maharashtra,Solapur,2841,25
Maharashtra,Thane,2344,6
Maharashtra,Wardha,209,3
Maharashtra,Washim,709,3
Maharashtra,Yavatmal,1866,2
Manipur,Bishnupur,4,0
Manipur,Chandel,7,0
Manipur,Churachandpur,76,0
Manipur,Imphal East,34,0
Manipur,Imphal West,198,0
Manipur,Senapati,6,0
Manipur,Tamenglong,3,0
Manipur,Thoubal,7,0
Manipur,Ukhrul,2,0
Meghalaya,East Khasi Hills,2,0
Meghalaya,Ri Bhoi,3,0
Meghalaya,West Garo Hills,1,0
Mizoram,Aizawl,195,0
Mizoram,Champhai,649,2
Mizoram,Kolasib,2,0
Mizoram,Mammit,369,0
Mizoram,Saiha,6,0
Nagaland,Dimapur,4,0
Nagaland,Kiphire,106,0
Nagaland,Kohima,16,0
Nagaland,Longleng,164,0
Nagaland,Mokokchung,1,0
Nagaland,Peren,29,0
Nagaland,Tuensang,276,0
Nagaland,Wokha,2,0
Nagaland,Zunheboto,3,0
Odisha,Angul,7419,44
Odisha,Balangir,7,0
Odisha,Baleswar,71,2
Odisha,Bargarh,9314,265
Odisha,Bhadrak,41,0
Odisha,Boudh,3,0
Odisha,Cuttack,6,1
Odisha,Debagarh,2,1
Odisha,Dhenkanal,2505,37
Odisha,Gajapati,4690,8
Odisha,Ganjam,431,11
Odisha,Jagatsinghapur,30,2
Odisha,Jajapur,557,8
Odisha,Jharsuguda,4198,4
Odisha,Kalahandi,4668,75
Odisha,Kandhamal,50,2
Odisha,Kendrapara,81,3
Odisha,Kendujhar,931,4
Odisha,Khorda,17,2
Odisha,Koraput,945,9
Odisha,Malkangiri,2,0
Odisha,Mayurbhanj,1058,18
Odisha,Nabarangapur,8905,11
Odisha,Nayagarh,110,4
Odisha,Puri,180,5
Odisha,Rayagada,1214,23
Odisha,Sambalpur,54,2
Odisha,Sonapur,326,0
Odisha,Sundergarh,281,0
Others,Others,15,23
Puducherry,Karaikal,29,0
Puducherry,Puducherry,16,0
Punjab,Amritsar,803,12
Punjab,Barnala,82,9
Punjab,Bathinda,156,7
Punjab,Faridkot,25,0
Punjab,Fatehgarh Sahib,53,0
Punjab,Fazilka,404,8
Punjab,Ferozepur,142,2
Punjab,Gurdaspur,151,7
Punjab,Hoshiarpur,550,12
Punjab,Jalandhar,167,1
Punjab,Kapurthala,122,2
Punjab,Ludhiana,930,19
Punjab,Mansa,42,3
Punjab,Moga,28,2
Punjab,Pathankot,90,3
Punjab,Patiala,134,8
Punjab,Rupnagar,46,0
Punjab,SAS Nagar (Mohali),67,0
Punjab,Sangrur,132,5
Punjab,Shaheed Bhagat Singh Nagar,111,11
Punjab,Sri Muktsar Sahib,374,17
Punjab,Tarn Taran,140,4
Rajasthan,Ajmer,1081,38
Rajasthan,Alwar,726,43
Rajasthan,Banswara,2834,23
Rajasthan,Baran,772,27
Rajasthan,Barmer,656,112
Rajasthan,Bharatpur,1193,39
Rajasthan,Bhilwara,913,20
Rajasthan,Bikaner,1246,52
Rajasthan,Bundi,309,10
Rajasthan,Chittorgarh,593,7
Rajasthan,Churu,1226,107
Rajasthan,Dausa,723,16
Rajasthan,Dholpur,2968,6
Rajasthan,Dungarpur,1339,11
Rajasthan,Ganganagar,326,11
Rajasthan,Hanumangarh,1175,18
Rajasthan,Jaipur,2818,58
Rajasthan,Jaisalmer,702,33
Rajasthan,Jalor,317,30
Rajasthan,Jhalawar,870,24
Rajasthan,Jhunjhunun,718,16
Rajasthan,Jodhpur,3022,50
Rajasthan,Karauli,3885,21
Rajasthan,Kota,1182,22
Rajasthan,Nagaur,2459,94
Rajasthan,Pali,785,21
Rajasthan,Pratapgarh,108,3
Rajasthan,Rajsamand,1134,67
Rajasthan,Sawai Madhopur,703,16
Rajasthan,Sikar,1103,24
Rajasthan,Sirohi,304,9
Rajasthan,Tonk,1105,37
Rajasthan,Udaipur,1590,97
Sikkim,East Sikkim,13,3
Sikkim,North Sikkim,7,0
Sikkim,South Sikkim,7,0
Sikkim,West Sikkim,24,2
Tamil Nadu,Ariyalur,1,0
Tamil Nadu,Chennai,45,0
Tamil Nadu,Coimbatore,30,0
Tamil Nadu,Cuddalore,737,0
Tamil Nadu,Dharmapuri,21,1
Tamil Nadu,Dindigul,1287,2
Tamil Nadu,Erode,152,4
Tamil Nadu,Kancheepuram,919,4
Tamil Nadu,Kanniyakumari,317,4
Tamil Nadu,Karur,10,0
Tamil Nadu,Krishnagiri,1464,6
Tamil Nadu,Madurai,560,3
Tamil Nadu,Nagapattinam,268,0
Tamil Nadu,Namakkal,23,1
Tamil Nadu,Perambalur,30,0
Tamil Nadu,Pudukkottai,4,0
Tamil Nadu,Ramanathapuram,3,0
Tamil Nadu,Salem,1203,1
Tamil Nadu,Sivaganga,8,0
Tamil Nadu,Thanjavur,21,0
Tamil Nadu,The Nilgiris,9,0
Tamil Nadu,Theni,942,1
Tamil Nadu,Thiruvarur,687,1
Tamil Nadu,Thoothukkudi,4996,2
Tamil Nadu,Tiruchirappalli,840,1
Tamil Nadu,Tirunelveli,2343,3
Tamil Nadu,Tiruppur,73,1
Tamil Nadu,Tiruvallur,123,9
Tamil Nadu,Tiruvannamalai,524,3
Tamil Nadu,Vellore,8,1
Tamil Nadu,Villupuram,77,2
Tamil Nadu,Virudhunagar,235,0
Telangana,Adilabad,409,35
Telangana,Hyderabad,1981,52
Telangana,K.v. Rangareddy,2454,126
Telangana,Karimnagar,1237,67
Telangana,Khammam,440,10
Telangana,Mahabubnagar,1625,77
Telangana,Medak,1314,49
Telangana,Nalgonda,580,39
Telangana,Nizamabad,942,55
Telangana,Warangal,2306,41
Tripura,Dhalai,0,1
Tripura,Gomati,1,2
Tripura,Khowai,3,0
Tripura,North Tripura,1,0
Tripura,Sepahijala,8,0
Tripura,South Tripura,3,0
Tripura,Unakoti,9,0
Tripura,West Tripura,50,0
Uttar Pradesh,Agra,3869,139
Uttar Pradesh,Aligarh,6259,200
Uttar Pradesh,Allahabad,12316,158
Uttar Pradesh,Ambedkar Nagar,5122,58
Uttar Pradesh,Amethi,1242,8
Uttar Pradesh,Amroha,4078,23
Uttar Pradesh,Auraiya,1829,78
Uttar Pradesh,Azamgarh,16024,104
Uttar Pradesh,Baghpat,360,10
Uttar Pradesh,Bahraich,1759,4
Uttar Pradesh,Ballia,12457,164
Uttar Pradesh,Balrampur,228,6
Uttar Pradesh,Banda,1070,18
Uttar Pradesh,Bara Banki,9068,177
Uttar Pradesh,Bareilly,8491,243
Uttar Pradesh,Basti,3181,56
Uttar Pradesh,Bijnor,3266,145
Uttar Pradesh,Budaun,7042,75
Uttar Pradesh,Bulandshahr,6641,114
Uttar Pradesh,Chandauli,1352,4
Uttar Pradesh,Chitrakoot,58,0
Uttar Pradesh,Deoria,4483,90
Uttar Pradesh,Etah,3109,61
Uttar Pradesh,Etawah,1912,26
Uttar Pradesh,Faizabad,5258,67
Uttar Pradesh,Farrukhabad,1133,4
Uttar Pradesh,Fatehpur,782,9
Uttar Pradesh,Firozabad,1202,144
Uttar Pradesh,Gautam Buddha Nagar,1800,24
Uttar Pradesh,Ghaziabad,3374,708
Uttar Pradesh,Ghazipur,8786,52
Uttar Pradesh,Gonda,9090,236
Uttar Pradesh,Gorakhpur,8247,335
Uttar Pradesh,Hamirpur,1765,21
Uttar Pradesh,Hapur,254,11
Uttar Pradesh,Hardoi,2953,78
Uttar Pradesh,Hathras,353,60
Uttar Pradesh,Jalaun,1091,20
Uttar Pradesh,Jaunpur,9310,37
Uttar Pradesh,Jhansi,1867,39
Uttar Pradesh,Kannauj,3219,109
Uttar Pradesh,Kanpur Dehat,2474,57
Uttar Pradesh,Kanpur Nagar,4741,159
Uttar Pradesh,Kasganj,659,5
Uttar Pradesh,Kaushambi,2838,27
Uttar Pradesh,Kheri,4184,69
Uttar Pradesh,Kushinagar,7683,157
Uttar Pradesh,Lalitpur,1220,28
Uttar Pradesh,Lucknow,5304,179
Uttar Pradesh,Maharajganj,1293,23
Uttar Pradesh,Mahoba,232,34
Uttar Pradesh,Mainpuri,1474,51
Uttar Pradesh,Mathura,677,44
Uttar Pradesh,Mau,12870,63
Uttar Pradesh,Meerut,2356,30
Uttar Pradesh,Mirzapur,3269,45
Uttar Pradesh,Moradabad,4488,194
Uttar Pradesh,Muzaffarnagar,8014,163
Uttar Pradesh,Pilibhit,1160,33
Uttar Pradesh,Pratapgarh,11413,412
Uttar Pradesh,Rae Bareli,942,24
Uttar Pradesh,Rampur,4184,70
Uttar Pradesh,Saharanpur,3110,158
Uttar Pradesh,Sambhal,5785,111
Uttar Pradesh,Sant Kabir Nagar,291,1
Uttar Pradesh,Sant Ravidas Nagar,821,5
Uttar Pradesh,Shahjahanpur,3880,62
Uttar Pradesh,Shamli,3703,12
Uttar Pradesh,Shrawasti,418,6
Uttar Pradesh,Siddharthnagar,4598,35
Uttar Pradesh,Sitapur,8627,96
Uttar Pradesh,Sonbhadra,11471,182
Uttar Pradesh,Sultanpur,3630,41
Uttar Pradesh,Unnao,3346,90
Uttar Pradesh,Varanasi,4420,43
Uttarakhand,Almora,654,8
Uttarakhand,Bageshwar,30,0
Uttarakhand,Chamoli,124,0
Uttarakhand,Champawat,23,0
Uttarakhand,Dehradun,2212,23
Uttarakhand,Haridwar,1432,28
Uttarakhand,Nainital,968,54
Uttarakhand,Pauri Garhwal,963,24
Uttarakhand,Pithoragarh,864,4
Uttarakhand,Rudraprayag,54,0
Uttarakhand,Tehri Garhwal,146,3
Uttarakhand,Udham Singh Nagar,2044,50
Uttarakhand,Uttarkashi,252,0
West Bengal,Bankura,51695,1485
West Bengal,Barddhaman,17254,1459
West Bengal,Birbhum,76,2
West Bengal,Cooch Behar,33,1
West Bengal,Dakshin Dinajpur,34,1
West Bengal,Darjeeling,27,43
West Bengal,Hooghly,50,3
West Bengal,Howrah,15,0
West Bengal,Jalpaiguri,61,12
West Bengal,Kolkata,49,3
West Bengal,Malda,168,5
West Bengal,Murshidabad,50,3
West Bengal,Nadia,80,0
West Bengal,North 24 Parganas,39615,119
West Bengal,Paschim Medinipur,179,23
West Bengal,Purba Medinipur,70,1
West Bengal,Puruliya,482,17
West Bengal,South 24 Parganas,182,1
West Bengal,Uttar Dinajpur,113,0
