Registrar,Enrolment Agency,Aadhaar generated,Enrolment Rejected
Allahabad Bank,Vakrangee Softwares Limited,55,15
Bank Of India,A3 Logics  India  Ltd,3029,910
Bank Of India,Akanksha International,667,27
Bank Of India,Blue Circle Instrument,2002,45
Bank Of India,CHESSY CONSULTANTS PVT LTD,215,44
Bank Of India,DATASOFT COMPUTER SERVICES(P),518,24
Bank Of India,Emdee Digitronics Pvt.Ltd.,73,1
Bank Of India,Frontech Systems Pvt Ltd,349,34
Bank Of India,MANTRA SOFTTECH (INDIA) PVTLTD,542,8
Bank Of India,Matrix Processing House,9726,319
Bank Of India,OSWAL COMPUTERS & CONSULTANTS,9430,231
Bank Of India,PROTEX COMPUTER PVT LTD,545,112
Bank Of India,SARADA SYSTEMS,1704,66
Bank Of India,SHRIKRISHNA KHANDASARI SUGAR M,1234,321
Bank Of India,SPANCO,4123,103
Bank Of India,SREI INFRASTRUCTURE FINANCES L,7655,172
Bank Of India,Silver Touch Technologies Ltd,775,30
Bank Of India,Systematic & Advance Const P L,6095,153
Bank Of India,VEETECHNOLOGIES PVT. LTD,3413,205
Bank Of India,Vakrangee Softwares Limited,6,3
Bank of Baroda,DATASOFT COMPUTER SERVICES(P),1,0
Bank of Baroda,Global Finsol Private Limited,2277,138
Bank of Maharashtra,Alankit Finsec Ltd,134,150
Bank of Maharashtra,FINANCIAL INFORMATION NETWORK,327,117
Bank of Maharashtra,Micro Technologies India Ltd,1141,141
Bank of Maharashtra,Tera Software Ltd,1807,61
CSC e-Governance Services India Limited,A I Soc for Electronics and Comp Tech,5193,326
CSC e-Governance Services India Limited,AKSH OPTIFIBRE LIMITED,1628,47
CSC e-Governance Services India Limited,BASIX,2408,116
CSC e-Governance Services India Limited,CALANCE SOFTWARE PRIVATE LTD,4878,116
CSC e-Governance Services India Limited,CMS Computers Ltd,6559,312
CSC e-Governance Services India Limited,CSC e-Governance Services India Limited,1606,1333
CSC e-Governance Services India Limited,Intelligent Communication Systems India Limited,623,70
CSC e-Governance Services India Limited,MANTRA SOFTTECH (INDIA) PVTLTD,2467,33
CSC e-Governance Services India Limited,Network for Information & Computer,1874,46
CSC e-Governance Services India Limited,Reliance Communication Limited,1688,33
CSC e-Governance Services India Limited,SPANCO,1193,100
CSC e-Governance Services India Limited,Tera Software Ltd,129,6
CSC e-Governance Services India Limited,United Telecoms e-Services Pvt Ltd,1034,51
CSC e-Governance Services India Limited,VIKALP MULTIMEDIA,333,28
CSC e-Governance Services India Limited,Vakrangee Softwares Limited,1707,63
CSC e-Governance Services India Limited,Zephyr System Pvt.Ltd.,1051,3
Canara Bank,Ojus Healthcare Private Limited,115,0
Central Bank of India,CALANCE SOFTWARE PRIVATE LTD,878,88
Central Bank of India,IAP COMPANY Pvt. Ltd,7709,292
Central Bank of India,MANTRA SOFTTECH (INDIA) PVTLTD,1,0
Central Bank of India,The Peerless General Finance,390,26
DENA BANK,ATISHAY INFOTECH PVT. LTD.,2766,156
DENA BANK,BNR UDYOG LIMITED,194,1
DENA BANK,Bloom Solutions Pvt Ltd,1952,114
DENA BANK,Business Information Processing Services,619,6
DENA BANK,C-SAASTRA SOLUTIONS PVT LTD,1,0
DENA BANK,CALANCE SOFTWARE PRIVATE LTD,807,53
DENA BANK,DATASOFT COMPUTER SERVICES(P),449,35
DENA BANK,DEVASHISH SECURITIES PVT. LTD.,1,0
DENA BANK,Gujarat Infotech Ltd.,147,4
DENA BANK,IAP COMPANY Pvt. Ltd,643,2
DENA BANK,JNET Technologies Pvt.Ltd,3098,88
DENA BANK,K W Consulting P Ltd,1787,54
DENA BANK,MARS Telecom Systems Pvt Ltd,15,0
DENA BANK,Multiwave Innovation,3244,64
DENA BANK,Narayana Electricals Solution Pvt Ltd,902,19
DENA BANK,Netlink software Pvt Ltd,848,29
DENA BANK,Ortem Securities Limited,3,7
DENA BANK,Prodigy Systems and Services Private Limited,408,212
DENA BANK,Soc for Advancement of Environ Science,587,42
DENA BANK,Super Printers,452,11
DENA BANK,Systematic & Advance Const P L,2788,19
DENA BANK,TechSmart India Pvt Ltd,1349,126
DENA BANK,Tera Software Ltd,1055,74
DENA BANK,WEBEL,73,8
DENA BANK,Zephyr System Pvt.Ltd.,18,7
Delhi - Central DC,Smart Chip Limited,321,49
Delhi - East DC,DATASOFT COMPUTER SERVICES(P),592,58
Delhi - ND DC,Smart Chip Limited,63,17
Delhi - NE DC,Smart Chip Limited,721,120
Delhi - North DC,CALANCE SOFTWARE PRIVATE LTD,859,240
Delhi - North DC,NVR & ASSOCIATES LIMITED,871,53
Delhi - North DC,Smart Chip Limited,1074,96
Delhi SW DC,VIRGO SOFTECH LIMITED,193,38
Delhi- South DC,Karvy Computershare Private Li,419,3
Delhi- South DC,Smart Chip Limited,92,9
Delhi- West DC,Smart Chip Limited,1161,23
Delhi- West DC,VIRGO SOFTECH LIMITED,401,175
Delhi-NW DC,Karvy Computershare Private Li,258,33
Department of Information Technology Govt of Jharkhand,Blue Circle Instrument,174,16
Department of Information Technology Govt of Jharkhand,MKS Enterprises,576,27
Department of Information Technology Govt of Jharkhand,Systematic & Advance Const P L,6,0
Department of Information Technology Govt of Jharkhand,Vayam technologies Ltd,3,0
Department of Information Technology Govt of Jharkhand,Wipro Ltd,164,11
Dept of ITC Govt of Rajasthan,ATISHAY INFOTECH PVT. LTD.,7369,261
Dept of ITC Govt of Rajasthan,AVVAS INFOTECH PVT  LTD,6065,188
Dept of ITC Govt of Rajasthan,Alankit Finsec Ltd,3743,172
Dept of ITC Govt of Rajasthan,Business Information Processing Services,1513,50
Dept of ITC Govt of Rajasthan,DATASOFT COMPUTER SERVICES(P),7914,184
Dept of ITC Govt of Rajasthan,Gem Computers,2579,73
Dept of ITC Govt of Rajasthan,MANTRA SOFTTECH (INDIA) PVTLTD,372,10
Dept of ITC Govt of Rajasthan,Multiwave Innovation,1159,243
Dept of ITC Govt of Rajasthan,Netlink software Pvt Ltd,577,27
Dept of ITC Govt of Rajasthan,TechSmart India Pvt Ltd,619,29
Dept of ITC Govt of Rajasthan,Transline Technologies P Ltd,9817,192
Dept of ITC Govt of Rajasthan,VIRGO SOFTECH LIMITED,897,29
Dept of ITC Govt of Rajasthan,Vakrangee Softwares Limited,9517,414
Dept of ITC Govt of Rajasthan,Vayam technologies Ltd,2435,259
FCR Govt of Haryana,4G INFORMATICS,1187,9
FCR Govt of Haryana,Radiant Info Systems Ltd,65,0
FCR Govt of Haryana,Vakrangee Softwares Limited,43,11
FCR Govt of Haryana,Vayam technologies Ltd,530,63
FCS Govt of Punjab,CSS TECHNERGY LIMITED,25,1
FCS Govt of Punjab,District Sukhmani Society Amritsar Punjab,5,1
FCS Govt of Punjab,District Sukhmani Society Barnala Punjab,4,4
FCS Govt of Punjab,District Sukhmani Society Ferozepur Punjab,56,0
FCS Govt of Punjab,District Sukhmani Society For Citizen Services Mansa Punjab,4,1
FCS Govt of Punjab,District Sukhmani Society For Citizen Services Nawanshahr Punjab,3,0
FCS Govt of Punjab,District Sukhmani Society For Citizen Services SAS Nagar District e-Governance Society Punjab,4,0
FCS Govt of Punjab,Karvy Computershare Private Li,1580,159
FCS Govt of Punjab,Suwidha Society Hoshiarpur Punjab,2,3
FCS Govt of Punjab,Vayam technologies Ltd,3602,368
FCS Govt of Punjab,eCentric solutions pvt ltd,1803,112
Govt of Andhra Pradesh,Gouthami Educational Society,109,29
Govt of Andhra Pradesh,GrapeSoft,931,76
Govt of Andhra Pradesh,INFRONICS SYSTEMS LTD,531,180
Govt of Andhra Pradesh,SREEVEN INFOCOM LIMITED,666,42
Govt of Andhra Pradesh,TechSmart India Pvt Ltd,169,39
Govt of Andhra Pradesh,Tera Software Ltd,304,179
Govt of Goa,MARS Telecom Systems Pvt Ltd,213,8
Govt of Goa,Tera Software Ltd,0,1
Govt of Gujarat,GSS Infotech Ltd,2141,34
Govt of Gujarat,Karvy Computershare Private Li,19942,188
Govt of Gujarat,Silver Touch Technologies Ltd,15779,332
Govt of Gujarat,Tera Software Ltd,8301,167
Govt of Gujarat,Transline Technologies P Ltd,1057,68
Govt of Gujarat,Vayam technologies Ltd,7662,156
Govt of Gujarat,eCentric solutions pvt ltd,808,37
Govt of Himachal Pradesh,Wipro Ltd,349,17
Govt of Himachal Pradesh,i-Grandee SoftwareTechnologies,1138,59
Govt of Karnataka ,BNR UDYOG LIMITED,213,9
Govt of Karnataka ,Bloom Solutions Pvt Ltd,1281,10
Govt of Karnataka ,MARS Telecom Systems Pvt Ltd,5104,171
Govt of Karnataka ,Ninestars Information Technologies Ltd,6048,384
Govt of Karnataka ,Om Softwares,74,0
Govt of Karnataka ,Origin ITFS Pvt Ltd,12510,2196
Govt of Karnataka ,Radiant Info Systems Ltd,75,0
Govt of Karnataka ,SREEVEN INFOCOM LIMITED,8989,360
Govt of Kerala,Akshaya,6034,226
Govt of Kerala,Keltron,986,79
Govt of Maharashtra,Adcc Infocad Pvt.Ltd Nagpur,4,0
Govt of Maharashtra,Alankit Finsec Ltd,1921,70
Govt of Maharashtra,Bharat Technical Solutions Private Limited,518,3
Govt of Maharashtra,Eagle press pvt ltd,62,6
Govt of Maharashtra,GLODYNE TECHNOSERVE,5,0
Govt of Maharashtra,Global Finsol Private Limited,281,9
Govt of Maharashtra,Karvy Computershare Private Li,3838,305
Govt of Maharashtra,M/S King Computer System pvt Ltd,418,0
Govt of Maharashtra,M/s. Vidya Online  Pune,57,16
Govt of Maharashtra,Narayana Electricals Solution Pvt Ltd,482,9
Govt of Maharashtra,Netlink software Pvt Ltd,2294,90
Govt of Maharashtra,Network for Information & Computer,3,0
Govt of Maharashtra,Rudranee Infotech Ltd,246,4
Govt of Maharashtra,SETU MAHARASHTRA,368,15
Govt of Maharashtra,SHREERAM PRINTING PRESS,451,6
Govt of Maharashtra,SPANCO,1664,53
Govt of Maharashtra,STRATEGIC OUTSOURCING SERVICE,610,47
Govt of Maharashtra,Silver Touch Technologies Ltd,2592,71
Govt of Maharashtra,Systematic & Advance Const P L,50,3
Govt of Maharashtra,TechSmart India Pvt Ltd,453,26
Govt of Maharashtra,Tera Software Ltd,10,7
Govt of Maharashtra,Transline Technologies P Ltd,149,19
Govt of Maharashtra,Wipro Ltd,717,58
Govt of Sikkim - Dept of Econo,Department of Economics Statistics  Monitoring and Evaluation DESME,25,5
IDBI Bank ltd,ATISHAY INFOTECH PVT. LTD.,706,81
IDBI Bank ltd,Matrix Processing House,119,11
IDBI Bank ltd,SREEVEN INFOCOM LIMITED,1811,107
IDBI Bank ltd,UTI TECHNOLOGY SERVICES LIMITE,2168,21
Indiapost,Delhi Integrated MMTS Ltd,10181,139
Indiapost,GLODYNE TECHNOSERVE,0,2
Indiapost,Global Finsol Private Limited,2957,388
Indiapost,M/S STAR DATA CENTRE,98,15
Indiapost,MARS Telecom Systems Pvt Ltd,602,127
Indiapost,Smart Chip Limited,1149,18
Indiapost,Vayam technologies Ltd,41,6
Indiapost,WEBEL,118,58
Information Technology & Communication Department,4G INFORMATICS,1635,271
Information Technology & Communication Department,BNR UDYOG LIMITED,1674,6
Information Technology & Communication Department,Bloom Solutions Pvt Ltd,332,85
Information Technology & Communication Department,CSS TECHNERGY LIMITED,5,3
Information Technology & Communication Department,Directorate of ESD,242,44
Information Technology & Communication Department,GDC Advertising Pvt. Limited,6,26
Information Technology & Communication Department,JYOTHI COMPUTER SERVICES,2401,51
Information Technology & Communication Department,Karvy Data Management Services,1027,33
Information Technology & Communication Department,MARS Telecom Systems Pvt Ltd,1079,63
Information Technology & Communication Department,SREEVEN INFOCOM LIMITED,2437,32
Information Technology & Communication Department,Tera Software Ltd,1267,56
Jharkhand,Blue Circle Instrument,11,9
Jharkhand,Emdee Digitronics Pvt.Ltd.,830,36
Jharkhand,IL&FS LTD,0,3
Jharkhand,MKS Enterprises,630,136
Jharkhand,Nevaeh Technology Pvt. Ltd.,714,48
Jharkhand,STRATEGIC OUTSOURCING SERVICE,16,2
Jharkhand,Smart Chip Limited,82,7
Jharkhand,Systematic & Advance Const P L,183,12
Jharkhand,VISION COMPTECH INTEGRATOR LTD,485,100
Jharkhand,Wipro Ltd,3026,370
Mission Convergence - GNCT Del,Karvy Computershare Private Li,195,5
Mission Convergence - GNCT Del,NVR & ASSOCIATES LIMITED,69,9
NSDL e-Governance Infrastructure Limited,Abhipra Capital Ltd,4918,66
NSDL e-Governance Infrastructure Limited,Alankit Assignments Limited,7295,261
NSDL e-Governance Infrastructure Limited,Alankit Finsec Ltd,15,0
NSDL e-Governance Infrastructure Limited,Delhi Integrated MMTS Ltd,69,15
NSDL e-Governance Infrastructure Limited,Global Finsol Private Limited,63,4
NSDL e-Governance Infrastructure Limited,INTEGRATED REGISTRY SERVICES LTD,80,0
NSDL e-Governance Infrastructure Limited,Karvy Consultants Limited,2,2
NSDL e-Governance Infrastructure Limited,Karvy Data Management Services,30335,533
NSDL e-Governance Infrastructure Limited,Netlink software Pvt Ltd,6894,309
NSDL e-Governance Infrastructure Limited,PROWIZ MANSYTEMS PVT LTD,4156,65
NSDL e-Governance Infrastructure Limited,Promind Solutions P Limited,618,49
NSDL e-Governance Infrastructure Limited,VIRGO SOFTECH LIMITED,6501,90
Oriental Bank of Commerce,DATASOFT COMPUTER SERVICES(P),1204,48
Oriental Bank of Commerce,Euro Finmart Ltd,72,1
Oriental Bank of Commerce,JNET Technologies Pvt.Ltd,965,236
Oriental Bank of Commerce,Redim Software Technologies Pvt Ltd,798,62
Oriental Bank of Commerce,Sri Ramraja Sarkar Lok Kalyan Trust,9210,190
Oriental Bank of Commerce,Wipro Ltd,6123,129
Principal Revenue Commissioner  Dept of Revenue  Govt of MP,Frontech Systems Pvt Ltd,467,25
Principal Revenue Commissioner  Dept of Revenue  Govt of MP,GDC Advertising Pvt. Limited,92,12
Principal Revenue Commissioner  Dept of Revenue  Govt of MP,K W Consulting P Ltd,1319,133
Principal Revenue Commissioner  Dept of Revenue  Govt of MP,LYRA  CONSULTANCY SERVICE,528,10
Principal Revenue Commissioner  Dept of Revenue  Govt of MP,Netlink software Pvt Ltd,222,14
Principal Revenue Commissioner  Dept of Revenue  Govt of MP,OSWAL COMPUTERS & CONSULTANTS,629,167
Principal Revenue Commissioner  Dept of Revenue  Govt of MP,Tera Software Ltd,101,18
Principal Revenue Commissioner  Dept of Revenue  Govt of MP,The NSIC ltd,270,16
Principal Revenue Commissioner  Dept of Revenue  Govt of MP,Vedavaag Systems Limited,95,14
RDD Govt of Tripura,Alankit Assignments Limited,25,4351
Registrar General India - BEL,Manipur Electronics Dev Corp,316,0
Registrar General India BEL2,Alankit Assignments Limited,8,0
Registrar General India BEL2,Computer LAB,4728,168
Registrar General India BEL2,Emdee Digitronics Pvt.Ltd.,1894,47
Registrar General India BEL2,In Media Computer Services LLP,63,0
Registrar General India BEL2,India Computer Technology,16770,435
Registrar General India BEL2,Karvy Data Management Services,7,0
Registrar General India BEL2,MACRO INFOTECH PVT LTD,10181,245
Registrar General India BEL2,MKS Enterprises,11,3
Registrar General India BEL2,Madras Security Printers Ltd,26956,2147
Registrar General India BEL2,Manipur Electronics Dev Corp,402,1
Registrar General India BEL2,Multiwave Innovation,668,58
Registrar General India BEL2,NVR & ASSOCIATES LIMITED,21,1
Registrar General India BEL2,Netlink software Pvt Ltd,1149,28
Registrar General India BEL2,Nevaeh Technology Pvt. Ltd.,1004,9
Registrar General India BEL2,Nielsen  India  Private Limited,1051,28
Registrar General India BEL2,Om Softwares,6124,241
Registrar General India BEL2,SREEVEN INFOCOM LIMITED,1,1
Registrar General India BEL2,SREI INFRASTRUCTURE FINANCES L,32,0
Registrar General India BEL2,STRATEGIC OUTSOURCING SERVICE,1144,97
Registrar General India BEL2,Satyanarayana Raju Company Pvt ltd,526,4
Registrar General India BEL2,Swathy Smartcards Hi-Tech Pvt,87601,2508
Registrar General India BEL2,Swiss Tech India Pvt Ltd,301,39
Registrar General India BEL2,Tera Software Ltd,2337,452
Registrar General India BEL2,UNITED DATA SERVICES PRIVATE LIMITED,3305,224
Registrar General India BEL2,Urmila Info solution,164,0
Registrar General India BEL2,VIRGO SOFTECH LIMITED,124,2
Registrar General India BEL2,Vansh Infotech Pvt Ltd,2107,6
Registrar General India BEL2,Vedavaag Systems Limited,637,6
Registrar General India BEL2,Viesa Technologies,30,0
Registrar General India BEL2,WEBEL,266,0
Registrar General India ECIL,AVVAS INFOTECH PVT  LTD,4859,73
Registrar General India ECIL,BUSINESS INFORMATION PROCESSING SERVICES,506,40
Registrar General India ECIL,COMTECH INSTITUTE OFTECHNOLOGY,4912,204
Registrar General India ECIL,COMTECHINFO SOLUTIONS PVT.LTD,1895,15
Registrar General India ECIL,Chinar Construction Company Prime agency,528,8
Registrar General India ECIL,Clairvoyance Technologies Pvt.,28,0
Registrar General India ECIL,Computer LAB,16385,661
Registrar General India ECIL,Eagle Software India Pvt. Ltd,37974,18809
Registrar General India ECIL,Esoft Consulting Limited,486,42
Registrar General India ECIL,In Media Computer Services LLP,1865,32
Registrar General India ECIL,India Computer Technology,6878,10342
Registrar General India ECIL,Karvy Data Management Services,6782,127
Registrar General India ECIL,Krishna Infotech,9,71
Registrar General India ECIL,Madras Security Printers Ltd,14199,8740
Registrar General India ECIL,Mphasis Ltd,8158,69
Registrar General India ECIL,Netwing Technologies Pvt Ltd,143,18
Registrar General India ECIL,Nielsen  India  Private Limited,3280,13
Registrar General India ECIL,Pioneer E Labs limited,716,108
Registrar General India ECIL,Quick Data IT Services Pvt Ltd,114,2
Registrar General India ECIL,SARADA SYSTEMS,1364,8
Registrar General India ECIL,SWISSTECH NPR 57CR PROJECT PVT,6051,232
Registrar General India ECIL,Tera Software Ltd,4062,35
Registrar General India ECIL,Vedavaag Systems Limited,3287,112
Registrar General India Others,AVVAS INFOTECH PVT  LTD,8,0
Registrar General India Others,In Media Computer Services LLP,5,0
Registrar General India Others,Karvy Data Management Services,2,0
Registrar General India Others,Madras Security Printers Ltd,21,85
Registrar General India Others,Nielsen  India  Private Limited,8,0
Registrar General India Others,SARADA SYSTEMS,2,0
Registrar General India Others,Swathy Smartcards Hi-Tech Pvt,2,2
Registrar General India Others,Vedavaag Systems Limited,2,0
Registrar General of India ITI,COMTECH INSTITUTE OFTECHNOLOGY,636,32
Registrar General of India ITI,CSS TECHNERGY LIMITED,337,44
Registrar General of India ITI,CommunitiWorks Welfare Society,242,1
Registrar General of India ITI,Eagle Software India Pvt. Ltd,6488,170
Registrar General of India ITI,Emdee Digitronics Pvt.Ltd.,26257,252
Registrar General of India ITI,FINANCIAL INFORMATION NETWORK,28,0
Registrar General of India ITI,In Media Computer Services LLP,292,3
Registrar General of India ITI,Karvy Data Management Services,4283,167
Registrar General of India ITI,Madras Security Printers Ltd,177,1
Registrar General of India ITI,Mphasis Ltd,957,40
Registrar General of India ITI,Multiwave Innovation,80,2
Registrar General of India ITI,Netlink software Pvt Ltd,997,77
Registrar General of India ITI,Nielsen  India  Private Limited,4320,82
Registrar General of India ITI,Quick Data IT Services Pvt Ltd,23,2
Registrar General of India ITI,SREEVEN INFOCOM LIMITED,73,36
Registrar General of India ITI,SREI INFRASTRUCTURE FINANCES L,36,1
Registrar General of India ITI,STRATEGIC OUTSOURCING SERVICE,1830,38
Registrar General of India ITI,Satyanarayana Raju Company Pvt ltd,142,48
Registrar General of India ITI,Swathy Smartcards Hi-Tech Pvt,4392,765
Registrar General of India ITI,TechSmart India Pvt Ltd,0,1
Registrar General of India ITI,Urmila Info solution,49,0
Registrar General of India ITI,VIRGO SOFTECH LIMITED,1050,45
Registrar General of India ITI,Vedavaag Systems Limited,2557,47
Registrar General of India ITI,WEBEL TECHNOLOGY LIMITED,2596,24
Registrar General of India ITI,Webx Technologies Private Limited,33,0
State Bank of Bikaner & Jaipur,Multiwave Innovation,33,26
State Bank of India,VIRGO SOFTECH LIMITED,0,1
State Bank of Travancore,Tera Software Ltd,179,17
UIDAI-Registrar,UIDAI-EA,11,1
UT Of Daman and Diu,Alankit Assignments Limited,12,3
UT of Puducherry,Madras Security Printers Ltd,105,4
Union Bank,FINANCIAL INFORMATION NETWORK,15350,1206
Union Bank,Smart Chip Limited,11748,932
Union Bank,Vakrangee Softwares Limited,18276,1298
