Registrar,Enrolment Agency,Aadhaar generated,Enrolment Rejected
Allahabad Bank,Vakrangee Softwares Limited,334,1636
Bank Of India,A3 Logics  India  Ltd,3799,702
Bank Of India,Akanksha International,632,24
Bank Of India,Blue Circle Instrument,3636,700
Bank Of India,CHESSY CONSULTANTS PVT LTD,2673,388
Bank Of India,DATASOFT COMPUTER SERVICES(P),927,167
Bank Of India,Emdee Digitronics Pvt.Ltd.,461,20
Bank Of India,Frontech Systems Pvt Ltd,483,61
Bank Of India,ITI LIMITED,0,1
Bank Of India,MANTRA SOFTTECH (INDIA) PVTLTD,99,53
Bank Of India,Matrix Processing House,4293,828
Bank Of India,OSWAL COMPUTERS & CONSULTANTS,3433,746
Bank Of India,PROTEX COMPUTER PVT LTD,1438,203
Bank Of India,SARADA SYSTEMS,2298,641
Bank Of India,SHRIKRISHNA KHANDASARI SUGAR M,8535,444
Bank Of India,SPANCO,1422,298
Bank Of India,SREI INFRASTRUCTURE FINANCES L,4215,2173
Bank Of India,Silver Touch Technologies Ltd,29,172
Bank Of India,Systematic & Advance Const P L,962,2695
Bank Of India,VEETECHNOLOGIES PVT. LTD,6155,416
Bank Of India,VIRGO SOFTECH LIMITED,12,0
Bank Of India,Vakrangee Softwares Limited,5,105
Bank of Baroda,Global Finsol Private Limited,541,763
Bank of Maharashtra,Alankit Finsec Ltd,34,122
Bank of Maharashtra,FINANCIAL INFORMATION NETWORK,1795,209
Bank of Maharashtra,Micro Technologies India Ltd,2814,433
Bank of Maharashtra,Tera Software Ltd,5589,405
CSC e-Governance Services India Limited,A I Soc for Electronics and Comp Tech,4352,506
CSC e-Governance Services India Limited,AKSH OPTIFIBRE LIMITED,3237,314
CSC e-Governance Services India Limited,BASIX,4476,141
CSC e-Governance Services India Limited,CALANCE SOFTWARE PRIVATE LTD,1792,460
CSC e-Governance Services India Limited,CMS Computers Ltd,14337,1394
CSC e-Governance Services India Limited,CSC e-Governance Services India Limited,14005,950
CSC e-Governance Services India Limited,Intelligent Communication Sys India Ltd,136,67
CSC e-Governance Services India Limited,MANTRA SOFTTECH (INDIA) PVTLTD,6960,62
CSC e-Governance Services India Limited,Network for Information & Computer,2443,56
CSC e-Governance Services India Limited,Reliance Communication Limited,1121,478
CSC e-Governance Services India Limited,SPANCO,694,59
CSC e-Governance Services India Limited,Tera Software Ltd,422,20
CSC e-Governance Services India Limited,United Telecoms e-Services Pvt Ltd,2974,381
CSC e-Governance Services India Limited,VIKALP MULTIMEDIA,149,57
CSC e-Governance Services India Limited,Vakrangee Softwares Limited,2656,224
CSC e-Governance Services India Limited,Zephyr System Pvt.Ltd.,6150,52
Canara Bank,Ojus Healthcare Private Limited,249,6
Central Bank of India,CALANCE SOFTWARE PRIVATE LTD,1398,326
Central Bank of India,GSS Infotech Ltd,0,1
Central Bank of India,IAP COMPANY Pvt. Ltd,5173,2566
Central Bank of India,MANTRA SOFTTECH (INDIA) PVTLTD,0,10
Central Bank of India,SREI INFRASTRUCTURE FINANCES L,0,33
Central Bank of India,The Peerless General Finance,1211,118
DENA BANK,ATISHAY INFOTECH PVT. LTD.,4906,181
DENA BANK,AVVAS INFOTECH PVT  LTD,188,13
DENA BANK,BNR UDYOG LIMITED,1286,22
DENA BANK,Bloom Solutions Pvt Ltd,2476,407
DENA BANK,Business Information Processing Services,738,177
DENA BANK,C-SAASTRA SOLUTIONS PVT LTD,0,1
DENA BANK,CALANCE SOFTWARE PRIVATE LTD,2396,1269
DENA BANK,DATASOFT COMPUTER SERVICES(P),283,29
DENA BANK,DEVASHISH SECURITIES PVT. LTD.,153,28
DENA BANK,Gujarat Infotech Ltd.,839,29
DENA BANK,IAP COMPANY Pvt. Ltd,3153,5
DENA BANK,JNET Technologies Pvt.Ltd,4165,218
DENA BANK,K W Consulting P Ltd,1992,87
DENA BANK,MARS Telecom Systems Pvt Ltd,80,22
DENA BANK,Multiwave Innovation,5745,1470
DENA BANK,Narayana Electricals Solution Pvt Ltd,1203,47
DENA BANK,Netlink software Pvt Ltd,3838,81
DENA BANK,Offshoot Agency Pvt. Ltd.,104,3
DENA BANK,Prodigy Systems and Services Private Limited,321,48
DENA BANK,Soc for Advancement of Environ Science,670,76
DENA BANK,Super Printers,3167,29
DENA BANK,Systematic & Advance Const P L,5566,69
DENA BANK,TechSmart India Pvt Ltd,4790,446
DENA BANK,Tera Software Ltd,516,322
DENA BANK,WEBEL,483,13
DENA BANK,Zephyr System Pvt.Ltd.,502,32
Delhi - Central DC,Smart Chip Limited,17,87
Delhi - East DC,DATASOFT COMPUTER SERVICES(P),878,346
Delhi - ND DC,Smart Chip Limited,43,13
Delhi - NE DC,Smart Chip Limited,35,60
Delhi - North DC,CALANCE SOFTWARE PRIVATE LTD,1644,598
Delhi - North DC,NVR & ASSOCIATES LIMITED,675,340
Delhi - North DC,Smart Chip Limited,80,185
Delhi SW DC,VIRGO SOFTECH LIMITED,451,109
Delhi- South DC,Karvy Computershare Private Li,190,17
Delhi- South DC,Smart Chip Limited,10,3
Delhi- West DC,Smart Chip Limited,27,22
Delhi- West DC,VIRGO SOFTECH LIMITED,361,86
Delhi-NW DC,Karvy Computershare Private Li,543,43
Department of Information Technology Govt of Jharkhand,Blue Circle Instrument,708,789
Department of Information Technology Govt of Jharkhand,MKS Enterprises,424,93
Department of Information Technology Govt of Jharkhand,Systematic & Advance Const P L,0,3
Department of Information Technology Govt of Jharkhand,Vayam technologies Ltd,0,2
Department of Information Technology Govt of Jharkhand,Wipro Ltd,434,45
Dept of ITC Govt of Rajasthan,ATISHAY INFOTECH PVT. LTD.,1594,1224
Dept of ITC Govt of Rajasthan,AVVAS INFOTECH PVT  LTD,4052,1386
Dept of ITC Govt of Rajasthan,Alankit Finsec Ltd,1521,875
Dept of ITC Govt of Rajasthan,Business Information Processing Services,109,222
Dept of ITC Govt of Rajasthan,DATASOFT COMPUTER SERVICES(P),2552,542
Dept of ITC Govt of Rajasthan,Gem Computers,777,975
Dept of ITC Govt of Rajasthan,MANTRA SOFTTECH (INDIA) PVTLTD,523,56
Dept of ITC Govt of Rajasthan,Multiwave Innovation,399,611
Dept of ITC Govt of Rajasthan,Netlink software Pvt Ltd,666,58
Dept of ITC Govt of Rajasthan,TechSmart India Pvt Ltd,1776,129
Dept of ITC Govt of Rajasthan,Transline Technologies P Ltd,1240,185
Dept of ITC Govt of Rajasthan,VIRGO SOFTECH LIMITED,1849,63
Dept of ITC Govt of Rajasthan,Vakrangee Softwares Limited,5799,1205
Dept of ITC Govt of Rajasthan,Vayam technologies Ltd,1563,276
FCR Govt of Haryana,4G INFORMATICS,324,223
FCR Govt of Haryana,Academy of Management Studies,7,1
FCR Govt of Haryana,Radiant Info Systems Ltd,605,5
FCR Govt of Haryana,Vakrangee Softwares Limited,10,74
FCR Govt of Haryana,Vayam technologies Ltd,2,1
FCS Govt of Punjab,CSS TECHNERGY LIMITED,0,16
FCS Govt of Punjab,District Sukhmani Society Amritsar Punjab,45,3
FCS Govt of Punjab,District Sukhmani Society Barnala Punjab,14,1
FCS Govt of Punjab,District Sukhmani Society Fazilka Punjab,6,1
FCS Govt of Punjab,District Sukhmani Society Ferozepur Punjab,64,5
FCS Govt of Punjab,District Sukhmani Society For Citizen Services Mansa Punjab,2,0
FCS Govt of Punjab,District Sukhmani Society For Citizen Services Nawanshahr Punjab,1,0
FCS Govt of Punjab,District Sukhmani Society For Citizen Services SAS Nagar District e-Governance Society Punjab,1,0
FCS Govt of Punjab,District Sukhmani Society Patiala Punjab,12,3
FCS Govt of Punjab,District Sukhmani Society Sangrur Punjab,18,2
FCS Govt of Punjab,Karvy Computershare Private Li,3473,939
FCS Govt of Punjab,Suwidha Society Hoshiarpur Punjab,108,3
FCS Govt of Punjab,Vayam technologies Ltd,1727,1265
FCS Govt of Punjab,eCentric solutions pvt ltd,3964,638
Govt of Andhra Pradesh,Gouthami Educational Society,600,139
Govt of Andhra Pradesh,GrapeSoft,1216,104
Govt of Andhra Pradesh,IL&FS LTD,0,7
Govt of Andhra Pradesh,INFRONICS SYSTEMS LTD,175,408
Govt of Andhra Pradesh,Madras Security Printers Ltd,0,6
Govt of Andhra Pradesh,SREEVEN INFOCOM LIMITED,434,122
Govt of Andhra Pradesh,TechSmart India Pvt Ltd,542,172
Govt of Andhra Pradesh,Tera Software Ltd,2069,117
Govt of Andhra Pradesh,eCentric solutions pvt ltd,0,2
Govt of Goa,MARS Telecom Systems Pvt Ltd,0,5
Govt of Goa,Tera Software Ltd,0,1
Govt of Gujarat,GSS Infotech Ltd,5483,813
Govt of Gujarat,Karvy Computershare Private Li,15253,718
Govt of Gujarat,Silver Touch Technologies Ltd,53594,1475
Govt of Gujarat,Tera Software Ltd,13225,1290
Govt of Gujarat,Transline Technologies P Ltd,1512,77
Govt of Gujarat,Vayam technologies Ltd,19553,1394
Govt of Gujarat,eCentric solutions pvt ltd,1071,141
Govt of Himachal Pradesh,Wipro Ltd,635,46
Govt of Himachal Pradesh,i-Grandee SoftwareTechnologies,177,36
Govt of Karnataka ,BNR UDYOG LIMITED,252,9
Govt of Karnataka ,Bloom Solutions Pvt Ltd,2077,125
Govt of Karnataka ,MARS Telecom Systems Pvt Ltd,1890,1063
Govt of Karnataka ,Ninestars Information Technologies Ltd,159,1134
Govt of Karnataka ,Origin ITFS Pvt Ltd,12974,3438
Govt of Karnataka ,Radiant Info Systems Ltd,98,3
Govt of Karnataka ,SREEVEN INFOCOM LIMITED,7349,3141
Govt of Kerala,Akshaya,15680,714
Govt of Kerala,Keltron,1396,132
Govt of Madhya Pradesh,VIRGO SOFTECH LIMITED,0,2
Govt of Maharashtra,Adcc Infocad Pvt.Ltd Nagpur,5,1
Govt of Maharashtra,Alankit Finsec Ltd,47,1141
Govt of Maharashtra,Bharat Technical Solutions Private Limited,583,85
Govt of Maharashtra,Eagle press pvt ltd,134,547
Govt of Maharashtra,GLODYNE TECHNOSERVE,45,53
Govt of Maharashtra,Global Finsol Private Limited,254,48
Govt of Maharashtra,Karvy Computershare Private Li,12697,1032
Govt of Maharashtra,M/S King Computer System pvt Ltd,483,34
Govt of Maharashtra,M/s. Vidya Online  Pune,777,8
Govt of Maharashtra,Narayana Electricals Solution Pvt Ltd,24,734
Govt of Maharashtra,Netlink software Pvt Ltd,4371,715
Govt of Maharashtra,Network for Information & Computer,1,4
Govt of Maharashtra,Obel projects Pvt Ltd,2,9
Govt of Maharashtra,Rudranee Infotech Ltd,631,75
Govt of Maharashtra,SETU MAHARASHTRA,4802,289
Govt of Maharashtra,SHREERAM PRINTING PRESS,448,85
Govt of Maharashtra,SILVER JUBILEE MOTORS LTD.,12,2
Govt of Maharashtra,SPANCO,4285,517
Govt of Maharashtra,STRATEGIC OUTSOURCING SERVICE,3015,156
Govt of Maharashtra,Silver Touch Technologies Ltd,4824,325
Govt of Maharashtra,Systematic & Advance Const P L,146,18
Govt of Maharashtra,TechSmart India Pvt Ltd,1124,211
Govt of Maharashtra,Tera Software Ltd,37,11
Govt of Maharashtra,Transline Technologies P Ltd,1318,669
Govt of Maharashtra,Wipro Ltd,4755,210
Govt of Sikkim - Dept of Econo,Department of Economics Statistics  Monitoring and Evaluation DESME,177,1
IDBI Bank ltd,ATISHAY INFOTECH PVT. LTD.,1201,395
IDBI Bank ltd,Matrix Processing House,1007,54
IDBI Bank ltd,SREEVEN INFOCOM LIMITED,2970,208
IDBI Bank ltd,UTI TECHNOLOGY SERVICES LIMITE,1621,221
Indiapost,Delhi Integrated MMTS Ltd,230,4069
Indiapost,GLODYNE TECHNOSERVE,0,2
Indiapost,Global Finsol Private Limited,181,411
Indiapost,M/S STAR DATA CENTRE,743,46
Indiapost,MARS Telecom Systems Pvt Ltd,670,404
Indiapost,Smart Chip Limited,125,64
Indiapost,Vayam technologies Ltd,57,62
Indiapost,WEBEL,303,275
Information Technology & Communication Department,4G INFORMATICS,933,387
Information Technology & Communication Department,BNR UDYOG LIMITED,232,267
Information Technology & Communication Department,Bloom Solutions Pvt Ltd,65,180
Information Technology & Communication Department,CSS TECHNERGY LIMITED,0,78
Information Technology & Communication Department,Directorate of ESD,1595,67
Information Technology & Communication Department,GDC Advertising Pvt. Limited,7,35
Information Technology & Communication Department,JYOTHI COMPUTER SERVICES,477,1160
Information Technology & Communication Department,Karvy Data Management Services,47,138
Information Technology & Communication Department,MARS Telecom Systems Pvt Ltd,136,125
Information Technology & Communication Department,SREEVEN INFOCOM LIMITED,368,411
Information Technology & Communication Department,Tera Software Ltd,375,155
Jharkhand,Alankit Assignments Limited,0,3
Jharkhand,Blue Circle Instrument,31,2
Jharkhand,Emdee Digitronics Pvt.Ltd.,3063,196
Jharkhand,IL&FS LTD,0,1
Jharkhand,MKS Enterprises,2229,214
Jharkhand,Nevaeh Technology Pvt. Ltd.,507,109
Jharkhand,Smart Chip Limited,60,0
Jharkhand,Systematic & Advance Const P L,356,1201
Jharkhand,VISION COMPTECH INTEGRATOR LTD,2192,153
Jharkhand,Wipro Ltd,17164,2821
Mission Convergence - GNCT Del,Karvy Computershare Private Li,289,10
Mission Convergence - GNCT Del,NVR & ASSOCIATES LIMITED,121,30
NSDL e-Governance Infrastructure Limited,Abhipra Capital Ltd,1261,524
NSDL e-Governance Infrastructure Limited,Alankit Assignments Limited,9478,1213
NSDL e-Governance Infrastructure Limited,Alankit Finsec Ltd,674,8
NSDL e-Governance Infrastructure Limited,Delhi Integrated MMTS Ltd,15,82
NSDL e-Governance Infrastructure Limited,Global Finsol Private Limited,69,44
NSDL e-Governance Infrastructure Limited,INTEGRATED REGISTRY SERVICES LTD,111,1
NSDL e-Governance Infrastructure Limited,Karvy Consultants Limited,1,0
NSDL e-Governance Infrastructure Limited,Karvy Data Management Services,16629,2668
NSDL e-Governance Infrastructure Limited,N.K. Sharma Enterprises Ltd.,160,1
NSDL e-Governance Infrastructure Limited,Netlink software Pvt Ltd,7157,1156
NSDL e-Governance Infrastructure Limited,PROWIZ MANSYTEMS PVT LTD,168,1198
NSDL e-Governance Infrastructure Limited,Promind Solutions P Limited,2826,95
NSDL e-Governance Infrastructure Limited,Utility Forms Pvt Ltd,645,3
NSDL e-Governance Infrastructure Limited,VIRGO SOFTECH LIMITED,65,1420
Oriental Bank of Commerce,DATASOFT COMPUTER SERVICES(P),1780,266
Oriental Bank of Commerce,Euro Finmart Ltd,196,16
Oriental Bank of Commerce,JNET Technologies Pvt.Ltd,951,233
Oriental Bank of Commerce,Redim Software Technologies Pvt Ltd,381,59
Oriental Bank of Commerce,Sri Ramraja Sarkar Lok Kalyan Trust,3255,1327
Oriental Bank of Commerce,Wipro Ltd,3366,330
Others,Others,0,1
Principal Revenue Commissioner  Dept of Revenue  Govt of MP,Frontech Systems Pvt Ltd,2421,24
Principal Revenue Commissioner  Dept of Revenue  Govt of MP,GDC Advertising Pvt. Limited,920,38
Principal Revenue Commissioner  Dept of Revenue  Govt of MP,K W Consulting P Ltd,4970,159
Principal Revenue Commissioner  Dept of Revenue  Govt of MP,LYRA  CONSULTANCY SERVICE,1020,73
Principal Revenue Commissioner  Dept of Revenue  Govt of MP,Netlink software Pvt Ltd,1772,118
Principal Revenue Commissioner  Dept of Revenue  Govt of MP,OSWAL COMPUTERS & CONSULTANTS,4042,311
Principal Revenue Commissioner  Dept of Revenue  Govt of MP,Tera Software Ltd,580,39
Principal Revenue Commissioner  Dept of Revenue  Govt of MP,The NSIC ltd,537,24
Principal Revenue Commissioner  Dept of Revenue  Govt of MP,Vedavaag Systems Limited,1029,39
Registrar General India - BEL,In Media Computer Services LLP,0,1
Registrar General India - BEL,Manipur Electronics Dev Corp,21,1
Registrar General India - BEL,Swathy Smartcards Hi-Tech Pvt,0,1
Registrar General India BEL2,Alankit Assignments Limited,0,4
Registrar General India BEL2,Computer LAB,9658,541
Registrar General India BEL2,Emdee Digitronics Pvt.Ltd.,1847,118
Registrar General India BEL2,In Media Computer Services LLP,1,0
Registrar General India BEL2,India Computer Technology,20824,7584
Registrar General India BEL2,Karvy Data Management Services,334,97
Registrar General India BEL2,MACRO INFOTECH PVT LTD,1268,674
Registrar General India BEL2,Madras Security Printers Ltd,12302,1402
Registrar General India BEL2,Manipur Electronics Dev Corp,3591,17
Registrar General India BEL2,Multiwave Innovation,1148,861
Registrar General India BEL2,NVR & ASSOCIATES LIMITED,523,0
Registrar General India BEL2,Netlink software Pvt Ltd,2498,149
Registrar General India BEL2,Nevaeh Technology Pvt. Ltd.,2103,196
Registrar General India BEL2,Nielsen  India  Private Limited,3977,460
Registrar General India BEL2,Om Softwares,18458,6284
Registrar General India BEL2,SREEVEN INFOCOM LIMITED,0,2
Registrar General India BEL2,SREI INFRASTRUCTURE FINANCES L,10,2
Registrar General India BEL2,STRATEGIC OUTSOURCING SERVICE,3757,824
Registrar General India BEL2,Satyanarayana Raju Company Pvt ltd,780,265
Registrar General India BEL2,Swathy Smartcards Hi-Tech Pvt,17972,7796
Registrar General India BEL2,Swiss Tech India Pvt Ltd,790,54
Registrar General India BEL2,Tera Software Ltd,1325,376
Registrar General India BEL2,UNITED DATA SERVICES PRIVATE LIMITED,2397,3345
Registrar General India BEL2,Urmila Info solution,1567,2
Registrar General India BEL2,VIRGO SOFTECH LIMITED,1974,840
Registrar General India BEL2,Vansh Infotech Pvt Ltd,840,25
Registrar General India BEL2,Vedavaag Systems Limited,2015,356
Registrar General India BEL2,Viesa Technologies,3317,435
Registrar General India BEL2,WEBEL,935,0
Registrar General India ECIL,AVVAS INFOTECH PVT  LTD,10406,2898
Registrar General India ECIL,BUSINESS INFORMATION PROCESSING SERVICES,391,10
Registrar General India ECIL,COMTECH INSTITUTE OFTECHNOLOGY,4496,770
Registrar General India ECIL,COMTECHINFO SOLUTIONS PVT.LTD,2310,1428
Registrar General India ECIL,Chinar Construction Company Prime agency,3955,90
Registrar General India ECIL,Clairvoyance Technologies Pvt.,0,49
Registrar General India ECIL,Computer LAB,17278,675
Registrar General India ECIL,Eagle Software India Pvt. Ltd,75581,14414
Registrar General India ECIL,Esoft Consulting Limited,3078,98
Registrar General India ECIL,In Media Computer Services LLP,7117,1156
Registrar General India ECIL,India Computer Technology,909,486
Registrar General India ECIL,Karvy Data Management Services,16925,945
Registrar General India ECIL,Krishna Infotech,0,78
Registrar General India ECIL,Madras Security Printers Ltd,7586,1178
Registrar General India ECIL,Mphasis Ltd,3410,440
Registrar General India ECIL,Netwing Technologies Pvt Ltd,0,12
Registrar General India ECIL,Nielsen  India  Private Limited,2379,261
Registrar General India ECIL,Pioneer E Labs limited,219,186
Registrar General India ECIL,Quick Data IT Services Pvt Ltd,1,0
Registrar General India ECIL,SARADA SYSTEMS,4052,3194
Registrar General India ECIL,SWISSTECH NPR 57CR PROJECT PVT,6174,392
Registrar General India ECIL,Tera Software Ltd,855,244
Registrar General India ECIL,Vedavaag Systems Limited,1353,887
Registrar General India Others,AVVAS INFOTECH PVT  LTD,0,9
Registrar General India Others,COMTECH INSTITUTE OFTECHNOLOGY,2,0
Registrar General India Others,COMTECHINFO SOLUTIONS PVT.LTD,11,0
Registrar General India Others,Eagle Software India Pvt. Ltd,4,0
Registrar General India Others,India Computer Technology,12,0
Registrar General India Others,Karvy Data Management Services,4,1
Registrar General India Others,SARADA SYSTEMS,1,0
Registrar General India Others,Vedavaag Systems Limited,6,0
Registrar General of India ITI,COMTECH INSTITUTE OFTECHNOLOGY,81,129
Registrar General of India ITI,CSS TECHNERGY LIMITED,0,191
Registrar General of India ITI,CommunitiWorks Welfare Society,101,205
Registrar General of India ITI,Eagle Software India Pvt. Ltd,3705,1096
Registrar General of India ITI,Emdee Digitronics Pvt.Ltd.,19060,578
Registrar General of India ITI,FINANCIAL INFORMATION NETWORK,1180,73
Registrar General of India ITI,In Media Computer Services LLP,1893,27
Registrar General of India ITI,Karvy Data Management Services,4038,1337
Registrar General of India ITI,Madras Security Printers Ltd,2587,114
Registrar General of India ITI,Mphasis Ltd,1264,839
Registrar General of India ITI,Multiwave Innovation,59,136
Registrar General of India ITI,Netlink software Pvt Ltd,52,188
Registrar General of India ITI,Netwing Technologies Pvt Ltd,0,2
Registrar General of India ITI,Nielsen  India  Private Limited,972,115
Registrar General of India ITI,PROTEX COMPUTER PVT LTD,51,1
Registrar General of India ITI,Quick Data IT Services Pvt Ltd,49,4
Registrar General of India ITI,SREEVEN INFOCOM LIMITED,0,26
Registrar General of India ITI,SREI INFRASTRUCTURE FINANCES L,10,1
Registrar General of India ITI,STRATEGIC OUTSOURCING SERVICE,556,190
Registrar General of India ITI,Satyanarayana Raju Company Pvt ltd,372,13
Registrar General of India ITI,Swathy Smartcards Hi-Tech Pvt,1511,950
Registrar General of India ITI,TechSmart India Pvt Ltd,7,89
Registrar General of India ITI,Urmila Info solution,0,1
Registrar General of India ITI,VIRGO SOFTECH LIMITED,2062,257
Registrar General of India ITI,Vedavaag Systems Limited,7404,520
Registrar General of India ITI,WEBEL TECHNOLOGY LIMITED,5617,247
Registrar General of India ITI,Webx Technologies Private Limited,200,0
State Bank of Bikaner & Jaipur,Multiwave Innovation,0,84
State Bank of India,IL&FS LTD,0,1
State Bank of Travancore,Tera Software Ltd,99,43
UIDAI-Registrar,UIDAI-EA,55,3
UT Of Daman and Diu,Alankit Assignments Limited,0,4
UT of Puducherry,Madras Security Printers Ltd,26,9
Union Bank,FINANCIAL INFORMATION NETWORK,25539,7657
Union Bank,Smart Chip Limited,17954,2526
Union Bank,Vakrangee Softwares Limited,45458,6936
