Registrar,Enrolment Agency,Aadhaar generated,Enrolment Rejected
Allahabad Bank,IL&FS LTD,0,2
Allahabad Bank,Tera Software Ltd,0,14
Allahabad Bank,Vakrangee Softwares Limited,66,165
Bank Of India,A3 Logics  India  Ltd,2171,345
Bank Of India,Akanksha International,287,54
Bank Of India,Blue Circle Instrument,989,32
Bank Of India,CHESSY CONSULTANTS PVT LTD,733,34
Bank Of India,DATASOFT COMPUTER SERVICES(P),303,65
Bank Of India,Emdee Digitronics Pvt.Ltd.,19,5
Bank Of India,Frontech Systems Pvt Ltd,228,50
Bank Of India,ITI LIMITED,0,22
Bank Of India,MANTRA SOFTTECH (INDIA) PVTLTD,128,34
Bank Of India,Matrix Processing House,5238,195
Bank Of India,OSWAL COMPUTERS & CONSULTANTS,1906,269
Bank Of India,PROTEX COMPUTER PVT LTD,622,47
Bank Of India,SARADA SYSTEMS,1248,45
Bank Of India,SHRIKRISHNA KHANDASARI SUGAR M,2471,113
Bank Of India,SPANCO,1479,133
Bank Of India,SREI INFRASTRUCTURE FINANCES L,2797,187
Bank Of India,Silver Touch Technologies Ltd,109,50
Bank Of India,Systematic & Advance Const P L,2357,137
Bank Of India,VEETECHNOLOGIES PVT. LTD,3266,96
Bank Of India,Vakrangee Softwares Limited,8,285
Bank of Baroda,Global Finsol Private Limited,976,58
Bank of Maharashtra,Alankit Finsec Ltd,101,3
Bank of Maharashtra,FINANCIAL INFORMATION NETWORK,411,59
Bank of Maharashtra,Micro Technologies India Ltd,676,69
Bank of Maharashtra,Tera Software Ltd,2232,46
CSC e-Governance Services India Limited,A I Soc for Electronics and Comp Tech,4523,210
CSC e-Governance Services India Limited,AKSH OPTIFIBRE LIMITED,1703,71
CSC e-Governance Services India Limited,BASIX,1133,138
CSC e-Governance Services India Limited,CALANCE SOFTWARE PRIVATE LTD,888,153
CSC e-Governance Services India Limited,CMS Computers Ltd,6723,248
CSC e-Governance Services India Limited,CSC e-Governance Services India Limited,2836,337
CSC e-Governance Services India Limited,Intelligent Communication Systems India Limited,136,21
CSC e-Governance Services India Limited,MANTRA SOFTTECH (INDIA) PVTLTD,2058,17
CSC e-Governance Services India Limited,Network for Information & Computer,1785,42
CSC e-Governance Services India Limited,Reliance Communication Limited,1089,37
CSC e-Governance Services India Limited,SPANCO,251,26
CSC e-Governance Services India Limited,Tera Software Ltd,57,18
CSC e-Governance Services India Limited,United Telecoms e-Services Pvt Ltd,537,52
CSC e-Governance Services India Limited,VIKALP MULTIMEDIA,395,49
CSC e-Governance Services India Limited,Vakrangee Softwares Limited,1549,40
CSC e-Governance Services India Limited,Zephyr System Pvt.Ltd.,2027,68
Canara Bank,Ojus Healthcare Private Limited,153,10
Central Bank of India,CALANCE SOFTWARE PRIVATE LTD,535,185
Central Bank of India,IAP COMPANY Pvt. Ltd,3221,305
Central Bank of India,IL&FS LTD,0,21
Central Bank of India,MANTRA SOFTTECH (INDIA) PVTLTD,4,5
Central Bank of India,The Peerless General Finance,655,50
DENA BANK,ATISHAY INFOTECH PVT. LTD.,1587,61
DENA BANK,BNR UDYOG LIMITED,410,8
DENA BANK,Bloom Solutions Pvt Ltd,720,136
DENA BANK,Business Information Processing Services,229,8
DENA BANK,CALANCE SOFTWARE PRIVATE LTD,779,30
DENA BANK,DATASOFT COMPUTER SERVICES(P),149,15
DENA BANK,DEVASHISH SECURITIES PVT. LTD.,45,0
DENA BANK,Gujarat Infotech Ltd.,252,3
DENA BANK,IAP COMPANY Pvt. Ltd,634,12
DENA BANK,JNET Technologies Pvt.Ltd,1209,68
DENA BANK,K W Consulting P Ltd,514,37
DENA BANK,MARS Telecom Systems Pvt Ltd,116,0
DENA BANK,Multiwave Innovation,2541,43
DENA BANK,Narayana Electricals Solution Pvt Ltd,538,15
DENA BANK,Netlink software Pvt Ltd,1823,19
DENA BANK,Ortem Securities Limited,6,28
DENA BANK,Prodigy Systems and Services Private Limited,114,19
DENA BANK,Soc for Advancement of Environ Science,217,70
DENA BANK,Super Printers,495,25
DENA BANK,Systematic & Advance Const P L,1631,50
DENA BANK,TechSmart India Pvt Ltd,2339,226
DENA BANK,Tera Software Ltd,284,18
DENA BANK,WEBEL,90,4
DENA BANK,Zephyr System Pvt.Ltd.,63,6
Delhi - Central DC,Smart Chip Limited,231,90
Delhi - East DC,DATASOFT COMPUTER SERVICES(P),460,98
Delhi - ND DC,Smart Chip Limited,67,9
Delhi - NE DC,Alankit Assignments Limited,0,3
Delhi - NE DC,Smart Chip Limited,199,42
Delhi - North DC,CALANCE SOFTWARE PRIVATE LTD,329,69
Delhi - North DC,DATASOFT COMPUTER SERVICES(P),0,5
Delhi - North DC,NVR & ASSOCIATES LIMITED,330,19
Delhi - North DC,Smart Chip Limited,104,26
Delhi SW DC,VIRGO SOFTECH LIMITED,191,51
Delhi- South DC,Karvy Computershare Private Li,126,65
Delhi- South DC,Smart Chip Limited,89,14
Delhi- West DC,Smart Chip Limited,60,56
Delhi- West DC,VIRGO SOFTECH LIMITED,171,107
Delhi-NW DC,Karvy Computershare Private Li,137,68
Department of Information Technology Govt of Jharkhand,Blue Circle Instrument,189,141
Department of Information Technology Govt of Jharkhand,IL&FS LTD,0,6
Department of Information Technology Govt of Jharkhand,MKS Enterprises,342,187
Department of Information Technology Govt of Jharkhand,Systematic & Advance Const P L,1,28
Department of Information Technology Govt of Jharkhand,Wipro Ltd,168,28
Dept of ITC Govt of Rajasthan,ATISHAY INFOTECH PVT. LTD.,2169,204
Dept of ITC Govt of Rajasthan,AVVAS INFOTECH PVT  LTD,4490,355
Dept of ITC Govt of Rajasthan,Alankit Finsec Ltd,1134,154
Dept of ITC Govt of Rajasthan,Business Information Processing Services,791,7
Dept of ITC Govt of Rajasthan,DATASOFT COMPUTER SERVICES(P),3913,274
Dept of ITC Govt of Rajasthan,Gem Computers,1259,4
Dept of ITC Govt of Rajasthan,MANTRA SOFTTECH (INDIA) PVTLTD,109,3
Dept of ITC Govt of Rajasthan,Multiwave Innovation,1908,12
Dept of ITC Govt of Rajasthan,Netlink software Pvt Ltd,800,23
Dept of ITC Govt of Rajasthan,TechSmart India Pvt Ltd,756,54
Dept of ITC Govt of Rajasthan,Transline Technologies P Ltd,2910,146
Dept of ITC Govt of Rajasthan,VIRGO SOFTECH LIMITED,435,36
Dept of ITC Govt of Rajasthan,Vakrangee Softwares Limited,4094,525
Dept of ITC Govt of Rajasthan,Vayam technologies Ltd,2172,91
FCR Govt of Haryana,4G INFORMATICS,248,11
FCR Govt of Haryana,Radiant Info Systems Ltd,98,18
FCR Govt of Haryana,Vakrangee Softwares Limited,27,266
FCR Govt of Haryana,Vayam technologies Ltd,229,32
FCS Govt of Punjab,CSS TECHNERGY LIMITED,263,45
FCS Govt of Punjab,District Sukhmani Society Amritsar Punjab,4,26
FCS Govt of Punjab,District Sukhmani Society Barnala Punjab,2,0
FCS Govt of Punjab,District Sukhmani Society Fatehgarh Sahib Punjab,0,15
FCS Govt of Punjab,District Sukhmani Society Ferozepur Punjab,10,15
FCS Govt of Punjab,District Sukhmani Society For Citizen Services Mansa Punjab,1,22
FCS Govt of Punjab,District Sukhmani Society For Citizen Services Nawanshahr Punjab,0,47
FCS Govt of Punjab,District Sukhmani Society For Citizen Services SAS Nagar District e-Governance Society Punjab,0,10
FCS Govt of Punjab,Diwakar Commercials Pvt Ltd,0,2
FCS Govt of Punjab,Karvy Computershare Private Li,2393,215
FCS Govt of Punjab,Sukhmani Society For Citizens Services Faridkot Punjab,0,17
FCS Govt of Punjab,Suwidha Society Hoshiarpur Punjab,2,12
FCS Govt of Punjab,Vayam technologies Ltd,2128,293
FCS Govt of Punjab,eCentric solutions pvt ltd,2381,434
Govt of Andhra Pradesh,Gouthami Educational Society,304,135
Govt of Andhra Pradesh,GrapeSoft,485,96
Govt of Andhra Pradesh,IL&FS LTD,0,13
Govt of Andhra Pradesh,INFRONICS SYSTEMS LTD,247,487
Govt of Andhra Pradesh,Madras Security Printers Ltd,0,6
Govt of Andhra Pradesh,SREEVEN INFOCOM LIMITED,64,96
Govt of Andhra Pradesh,TechSmart India Pvt Ltd,279,56
Govt of Andhra Pradesh,Tera Software Ltd,269,239
Govt of Andhra Pradesh,eCentric solutions pvt ltd,0,79
Govt of Goa,COMAT TECHNOLOGIES P LTD,0,40
Govt of Goa,MARS Telecom Systems Pvt Ltd,38,237
Govt of Goa,Tera Software Ltd,0,3
Govt of Gujarat,GSS Infotech Ltd,2075,72
Govt of Gujarat,Karvy Computershare Private Li,9763,88
Govt of Gujarat,Silver Touch Technologies Ltd,8922,222
Govt of Gujarat,Tera Software Ltd,2959,47
Govt of Gujarat,Transline Technologies P Ltd,1102,37
Govt of Gujarat,Vayam technologies Ltd,4332,94
Govt of Gujarat,eCentric solutions pvt ltd,1383,48
Govt of Himachal Pradesh,Wipro Ltd,123,44
Govt of Himachal Pradesh,i-Grandee SoftwareTechnologies,426,18
Govt of Karnataka ,BNR UDYOG LIMITED,87,3
Govt of Karnataka ,Bloom Solutions Pvt Ltd,522,18
Govt of Karnataka ,COMAT TECHNOLOGIES P LTD,0,4
Govt of Karnataka ,GLODYNE TECHNOSERVE,0,1
Govt of Karnataka ,MARS Telecom Systems Pvt Ltd,1239,87
Govt of Karnataka ,Ninestars Information Technologies Ltd,1701,65
Govt of Karnataka ,Om Softwares,25,0
Govt of Karnataka ,Origin ITFS Pvt Ltd,10796,357
Govt of Karnataka ,Radiant Info Systems Ltd,81,2
Govt of Karnataka ,SREEVEN INFOCOM LIMITED,5113,182
Govt of Karnataka ,Wipro Ltd,1,0
Govt of Kerala,Akshaya,1841,1753
Govt of Kerala,Keltron,239,2256
Govt of Madhya Pradesh,VIRGO SOFTECH LIMITED,0,4
Govt of Maharashtra,Adcc Infocad Pvt.Ltd Nagpur,3,3
Govt of Maharashtra,Alankit Finsec Ltd,1478,163
Govt of Maharashtra,Bharat Technical Solutions Private Limited,114,7
Govt of Maharashtra,Eagle press pvt ltd,71,33
Govt of Maharashtra,GLODYNE TECHNOSERVE,14,24
Govt of Maharashtra,Global Finsol Private Limited,162,3
Govt of Maharashtra,Karvy Computershare Private Li,4079,477
Govt of Maharashtra,M/S King Computer System pvt Ltd,311,13
Govt of Maharashtra,M/s. Vidya Online  Pune,97,2
Govt of Maharashtra,Narayana Electricals Solution Pvt Ltd,199,15
Govt of Maharashtra,Netlink software Pvt Ltd,1145,90
Govt of Maharashtra,Network for Information & Computer,17,0
Govt of Maharashtra,Rudranee Infotech Ltd,206,16
Govt of Maharashtra,SETU MAHARASHTRA,1650,105
Govt of Maharashtra,SHREERAM PRINTING PRESS,582,7
Govt of Maharashtra,SILVER JUBILEE MOTORS LTD.,1,0
Govt of Maharashtra,SPANCO,599,91
Govt of Maharashtra,STRATEGIC OUTSOURCING SERVICE,709,127
Govt of Maharashtra,Silver Touch Technologies Ltd,1010,220
Govt of Maharashtra,Systematic & Advance Const P L,60,0
Govt of Maharashtra,TechSmart India Pvt Ltd,1507,156
Govt of Maharashtra,Tera Software Ltd,10,10
Govt of Maharashtra,Transline Technologies P Ltd,177,230
Govt of Maharashtra,Wipro Ltd,728,204
Govt of Sikkim - Dept of Econo,Department of Economics Statistics  Monitoring and Evaluation DESME,63,12
IDBI Bank ltd,ATISHAY INFOTECH PVT. LTD.,396,70
IDBI Bank ltd,Matrix Processing House,64,15
IDBI Bank ltd,Pioneer E Labs limited,0,6
IDBI Bank ltd,SREEVEN INFOCOM LIMITED,1147,76
IDBI Bank ltd,UTI TECHNOLOGY SERVICES LIMITE,486,36
Indiapost,Delhi Integrated MMTS Ltd,4824,210
Indiapost,GLODYNE TECHNOSERVE,0,13
Indiapost,Global Finsol Private Limited,2373,200
Indiapost,IL&FS LTD,0,1
Indiapost,M/S STAR DATA CENTRE,249,7
Indiapost,MARS Telecom Systems Pvt Ltd,353,221
Indiapost,Smart Chip Limited,131,6
Indiapost,Vayam technologies Ltd,78,4
Indiapost,WEBEL,114,47
Information Technology & Communication Department,4G INFORMATICS,844,155
Information Technology & Communication Department,BNR UDYOG LIMITED,110,30
Information Technology & Communication Department,Bloom Solutions Pvt Ltd,445,77
Information Technology & Communication Department,CSS TECHNERGY LIMITED,23,13
Information Technology & Communication Department,Directorate of ESD,102,194
Information Technology & Communication Department,GDC Advertising Pvt. Limited,2,38
Information Technology & Communication Department,JYOTHI COMPUTER SERVICES,120,75
Information Technology & Communication Department,Karvy Data Management Services,403,3
Information Technology & Communication Department,MARS Telecom Systems Pvt Ltd,440,95
Information Technology & Communication Department,SREEVEN INFOCOM LIMITED,259,65
Information Technology & Communication Department,Tera Software Ltd,544,59
Jharkhand,Alankit Assignments Limited,0,16
Jharkhand,Blue Circle Instrument,14,14
Jharkhand,Emdee Digitronics Pvt.Ltd.,749,55
Jharkhand,MKS Enterprises,577,110
Jharkhand,Nevaeh Technology Pvt. Ltd.,465,60
Jharkhand,STRATEGIC OUTSOURCING SERVICE,3,3
Jharkhand,Smart Chip Limited,77,47
Jharkhand,Systematic & Advance Const P L,326,174
Jharkhand,VISION COMPTECH INTEGRATOR LTD,221,193
Jharkhand,Wipro Ltd,1747,783
Life Insurance Corporation,eCentric solutions pvt ltd,0,2
Mission Convergence - GNCT Del,IL&FS LTD,0,1
Mission Convergence - GNCT Del,Karvy Computershare Private Li,17,32
Mission Convergence - GNCT Del,NVR & ASSOCIATES LIMITED,41,8
Mission Convergence - GNCT Del,Smart Chip Limited,0,4
NSDL e-Governance Infrastructure Limited,Abhipra Capital Ltd,623,200
NSDL e-Governance Infrastructure Limited,Alankit Assignments Limited,6886,868
NSDL e-Governance Infrastructure Limited,Alankit Finsec Ltd,61,3
NSDL e-Governance Infrastructure Limited,Delhi Integrated MMTS Ltd,286,6
NSDL e-Governance Infrastructure Limited,Global Finsol Private Limited,36,24
NSDL e-Governance Infrastructure Limited,INTEGRATED REGISTRY SERVICES LTD,37,1
NSDL e-Governance Infrastructure Limited,Karvy Consultants Limited,2,0
NSDL e-Governance Infrastructure Limited,Karvy Data Management Services,8218,944
NSDL e-Governance Infrastructure Limited,Netlink software Pvt Ltd,6026,110
NSDL e-Governance Infrastructure Limited,PROWIZ MANSYTEMS PVT LTD,1897,61
NSDL e-Governance Infrastructure Limited,Promind Solutions P Limited,1713,37
NSDL e-Governance Infrastructure Limited,VIRGO SOFTECH LIMITED,3378,50
Oriental Bank of Commerce,DATASOFT COMPUTER SERVICES(P),877,64
Oriental Bank of Commerce,Euro Finmart Ltd,25,0
Oriental Bank of Commerce,FINANCIAL INFORMATION NETWORK,0,22
Oriental Bank of Commerce,IL&FS LTD,0,14
Oriental Bank of Commerce,JNET Technologies Pvt.Ltd,654,28
Oriental Bank of Commerce,Redim Software Technologies Pvt Ltd,281,32
Oriental Bank of Commerce,Sri Ramraja Sarkar Lok Kalyan Trust,3133,213
Oriental Bank of Commerce,Wipro Ltd,3903,470
Others,Others,0,3
Principal Revenue Commissioner  Dept of Revenue  Govt of MP,Frontech Systems Pvt Ltd,829,8
Principal Revenue Commissioner  Dept of Revenue  Govt of MP,GDC Advertising Pvt. Limited,86,88
Principal Revenue Commissioner  Dept of Revenue  Govt of MP,K W Consulting P Ltd,1963,104
Principal Revenue Commissioner  Dept of Revenue  Govt of MP,LYRA  CONSULTANCY SERVICE,156,16
Principal Revenue Commissioner  Dept of Revenue  Govt of MP,Netlink software Pvt Ltd,520,35
Principal Revenue Commissioner  Dept of Revenue  Govt of MP,OSWAL COMPUTERS & CONSULTANTS,373,58
Principal Revenue Commissioner  Dept of Revenue  Govt of MP,Tera Software Ltd,60,1
Principal Revenue Commissioner  Dept of Revenue  Govt of MP,The NSIC ltd,329,5
Principal Revenue Commissioner  Dept of Revenue  Govt of MP,Vedavaag Systems Limited,1076,3
RDD Govt of Tripura,Alankit Assignments Limited,102,0
Registrar General India - BEL,In Media Computer Services LLP,0,7
Registrar General India - BEL,Manipur Electronics Dev Corp,1132,11
Registrar General India - BEL,Swathy Smartcards Hi-Tech Pvt,0,82
Registrar General India BEL2,Alankit Assignments Limited,15,1
Registrar General India BEL2,Computer LAB,4506,553
Registrar General India BEL2,Emdee Digitronics Pvt.Ltd.,1154,40
Registrar General India BEL2,In Media Computer Services LLP,26,2
Registrar General India BEL2,India Computer Technology,4702,703
Registrar General India BEL2,Karvy Data Management Services,174,1
Registrar General India BEL2,MACRO INFOTECH PVT LTD,5759,59
Registrar General India BEL2,MKS Enterprises,9,0
Registrar General India BEL2,Madras Security Printers Ltd,17115,716
Registrar General India BEL2,Manipur Electronics Dev Corp,333,16
Registrar General India BEL2,Multiwave Innovation,1247,442
Registrar General India BEL2,NVR & ASSOCIATES LIMITED,12,52
Registrar General India BEL2,Netlink software Pvt Ltd,1100,110
Registrar General India BEL2,Nevaeh Technology Pvt. Ltd.,954,6
Registrar General India BEL2,Nielsen  India  Private Limited,812,154
Registrar General India BEL2,Om Softwares,9516,496
Registrar General India BEL2,SREEVEN INFOCOM LIMITED,7,160
Registrar General India BEL2,SREI INFRASTRUCTURE FINANCES L,116,7
Registrar General India BEL2,STRATEGIC OUTSOURCING SERVICE,1081,19
Registrar General India BEL2,Satyanarayana Raju Company Pvt ltd,795,27
Registrar General India BEL2,Swathy Smartcards Hi-Tech Pvt,58194,5778
Registrar General India BEL2,Swiss Tech India Pvt Ltd,1071,568
Registrar General India BEL2,Tera Software Ltd,1213,10090
Registrar General India BEL2,UNITED DATA SERVICES PRIVATE LIMITED,5949,42
Registrar General India BEL2,Urmila Info solution,174,1
Registrar General India BEL2,VIRGO SOFTECH LIMITED,112,256
Registrar General India BEL2,Vansh Infotech Pvt Ltd,687,1
Registrar General India BEL2,Vedavaag Systems Limited,1974,17
Registrar General India BEL2,Viesa Technologies,21,2
Registrar General India BEL2,WEBEL,155,4
Registrar General India ECIL,AVVAS INFOTECH PVT  LTD,3595,192
Registrar General India ECIL,BUSINESS INFORMATION PROCESSING SERVICES,632,0
Registrar General India ECIL,COMTECH INSTITUTE OFTECHNOLOGY,2301,64
Registrar General India ECIL,COMTECHINFO SOLUTIONS PVT.LTD,1147,3
Registrar General India ECIL,Chinar Construction Company Prime agency,381,1
Registrar General India ECIL,Clairvoyance Technologies Pvt.,1,327
Registrar General India ECIL,Computer LAB,7739,7267
Registrar General India ECIL,Eagle Software India Pvt. Ltd,5667,859
Registrar General India ECIL,Esoft Consulting Limited,1631,9
Registrar General India ECIL,In Media Computer Services LLP,2616,1009
Registrar General India ECIL,India Computer Technology,7593,2012
Registrar General India ECIL,Karvy Data Management Services,7098,103
Registrar General India ECIL,Krishna Infotech,161,308
Registrar General India ECIL,Madras Security Printers Ltd,8813,4316
Registrar General India ECIL,Mphasis Ltd,11390,77
Registrar General India ECIL,Netwing Technologies Pvt Ltd,98,0
Registrar General India ECIL,Nielsen  India  Private Limited,2620,19
Registrar General India ECIL,Pioneer E Labs limited,326,93
Registrar General India ECIL,Quick Data IT Services Pvt Ltd,75,1
Registrar General India ECIL,SARADA SYSTEMS,847,1
Registrar General India ECIL,SWISSTECH NPR 57CR PROJECT PVT,5788,9032
Registrar General India ECIL,Tera Software Ltd,7506,269
Registrar General India ECIL,Vedavaag Systems Limited,3045,3139
Registrar General India Others,AVVAS INFOTECH PVT  LTD,3,1
Registrar General India Others,COMTECH INSTITUTE OFTECHNOLOGY,6,0
Registrar General India Others,COMTECHINFO SOLUTIONS PVT.LTD,2,0
Registrar General India Others,Computer LAB,37,0
Registrar General India Others,Eagle Software India Pvt. Ltd,0,1
Registrar General India Others,In Media Computer Services LLP,3,0
Registrar General India Others,Karvy Data Management Services,2,0
Registrar General India Others,Madras Security Printers Ltd,9,62
Registrar General India Others,Mphasis Ltd,1,0
Registrar General India Others,SARADA SYSTEMS,2,0
Registrar General India Others,SREEVEN INFOCOM LIMITED,0,2
Registrar General India Others,Swathy Smartcards Hi-Tech Pvt,1,218
Registrar General India Others,Swiss Tech India Pvt Ltd,7,0
Registrar General India Others,Tera Software Ltd,0,1
Registrar General India Others,Vansh Infotech Pvt Ltd,0,3
Registrar General India Others,Vedavaag Systems Limited,2,0
Registrar General of India ITI,COMTECH INSTITUTE OFTECHNOLOGY,711,0
Registrar General of India ITI,CSS TECHNERGY LIMITED,258,1
Registrar General of India ITI,CommunitiWorks Welfare Society,221,2
Registrar General of India ITI,Eagle Software India Pvt. Ltd,4643,65
Registrar General of India ITI,Emdee Digitronics Pvt.Ltd.,9837,3136
Registrar General of India ITI,FINANCIAL INFORMATION NETWORK,19,2
Registrar General of India ITI,In Media Computer Services LLP,428,0
Registrar General of India ITI,Karvy Data Management Services,8377,38
Registrar General of India ITI,Madras Security Printers Ltd,319,108
Registrar General of India ITI,Mphasis Ltd,712,13
Registrar General of India ITI,Multiwave Innovation,26,1694
Registrar General of India ITI,Netlink software Pvt Ltd,948,25
Registrar General of India ITI,Nielsen  India  Private Limited,2302,483
Registrar General of India ITI,Quick Data IT Services Pvt Ltd,32,0
Registrar General of India ITI,SREEVEN INFOCOM LIMITED,25,595
Registrar General of India ITI,SREI INFRASTRUCTURE FINANCES L,25,2
Registrar General of India ITI,STRATEGIC OUTSOURCING SERVICE,973,25
Registrar General of India ITI,Satyanarayana Raju Company Pvt ltd,1101,66
Registrar General of India ITI,Swathy Smartcards Hi-Tech Pvt,1076,55303
Registrar General of India ITI,TechSmart India Pvt Ltd,0,1342
Registrar General of India ITI,Urmila Info solution,6,0
Registrar General of India ITI,VIRGO SOFTECH LIMITED,1758,74
Registrar General of India ITI,Vedavaag Systems Limited,3737,114
Registrar General of India ITI,WEBEL TECHNOLOGY LIMITED,2538,190
Registrar General of India ITI,Webx Technologies Private Limited,11,1
STATE BANK OF PATIALA,CSS TECHNERGY LIMITED,0,16
State Bank of Bikaner & Jaipur,Multiwave Innovation,25,150
State Bank of India,Delhi Integrated MMTS Ltd,0,2
State Bank of India,IL&FS LTD,0,5
State Bank of India,Smart Chip Limited,0,1
State Bank of India,VIRGO SOFTECH LIMITED,0,50
State Bank of Travancore,Tera Software Ltd,49,179
UIDAI-Registrar,UIDAI-EA,30,2
UT Of Daman and Diu,Alankit Assignments Limited,21,13
UT of Puducherry,Madras Security Printers Ltd,17,1
Union Bank,FINANCIAL INFORMATION NETWORK,10630,622
Union Bank,Smart Chip Limited,7924,744
Union Bank,Vakrangee Softwares Limited,13447,883
