Registrar,Enrolment Agency,Aadhaar generated,Enrolment Rejected
Allahabad Bank,Tera Software Ltd,0,1
Allahabad Bank,Vakrangee Softwares Limited,135,713
Bank Of India,A3 Logics  India  Ltd,2786,801
Bank Of India,Akanksha International,579,421
Bank Of India,Blue Circle Instrument,1129,137
Bank Of India,CHESSY CONSULTANTS PVT LTD,1358,229
Bank Of India,DATASOFT COMPUTER SERVICES(P),679,265
Bank Of India,Emdee Digitronics Pvt.Ltd.,74,27
Bank Of India,Frontech Systems Pvt Ltd,272,132
Bank Of India,ITI LIMITED,2,27
Bank Of India,MANTRA SOFTTECH (INDIA) PVTLTD,14,347
Bank Of India,Matrix Processing House,5569,972
Bank Of India,OSWAL COMPUTERS & CONSULTANTS,3135,1609
Bank Of India,PROTEX COMPUTER PVT LTD,301,263
Bank Of India,SARADA SYSTEMS,1945,209
Bank Of India,SHRIKRISHNA KHANDASARI SUGAR M,3664,534
Bank Of India,SPANCO,1696,543
Bank Of India,SREI INFRASTRUCTURE FINANCES L,3388,677
Bank Of India,Silver Touch Technologies Ltd,2069,241
Bank Of India,Systematic & Advance Const P L,2330,1764
Bank Of India,VEETECHNOLOGIES PVT. LTD,4925,434
Bank Of India,Vakrangee Softwares Limited,11,2185
Bank of Baroda,DATASOFT COMPUTER SERVICES(P),0,1
Bank of Baroda,Global Finsol Private Limited,2077,208
Bank of Maharashtra,Alankit Finsec Ltd,42,118
Bank of Maharashtra,FINANCIAL INFORMATION NETWORK,1474,83
Bank of Maharashtra,Micro Technologies India Ltd,778,121
Bank of Maharashtra,Tera Software Ltd,3986,324
CSC e-Governance Services India Limited,A I Soc for Electronics and Comp Tech,3697,684
CSC e-Governance Services India Limited,AKSH OPTIFIBRE LIMITED,1998,167
CSC e-Governance Services India Limited,BASIX,1411,513
CSC e-Governance Services India Limited,CALANCE SOFTWARE PRIVATE LTD,720,212
CSC e-Governance Services India Limited,CMS Computers Ltd,7816,1620
CSC e-Governance Services India Limited,CSC e-Governance Services India Limited,6688,549
CSC e-Governance Services India Limited,Intelligent Communication Sys India Ltd,82,87
CSC e-Governance Services India Limited,MANTRA SOFTTECH (INDIA) PVTLTD,5433,240
CSC e-Governance Services India Limited,Network for Information & Computer,4594,231
CSC e-Governance Services India Limited,Reliance Communication Limited,1407,160
CSC e-Governance Services India Limited,SPANCO,555,127
CSC e-Governance Services India Limited,Tera Software Ltd,193,25
CSC e-Governance Services India Limited,United Telecoms e-Services Pvt Ltd,650,347
CSC e-Governance Services India Limited,VIKALP MULTIMEDIA,98,92
CSC e-Governance Services India Limited,Vakrangee Softwares Limited,998,242
CSC e-Governance Services India Limited,Zephyr System Pvt.Ltd.,2266,80
Canara Bank,Ojus Healthcare Private Limited,143,18
Central Bank of India,CALANCE SOFTWARE PRIVATE LTD,543,314
Central Bank of India,Frontech Systems Pvt Ltd,0,1
Central Bank of India,IAP COMPANY Pvt. Ltd,6277,920
Central Bank of India,IL&FS LTD,0,6
Central Bank of India,MANTRA SOFTTECH (INDIA) PVTLTD,3,59
Central Bank of India,SREI INFRASTRUCTURE FINANCES L,0,2
Central Bank of India,The Peerless General Finance,666,91
DENA BANK,ATISHAY INFOTECH PVT. LTD.,2817,168
DENA BANK,AVVAS INFOTECH PVT  LTD,16,0
DENA BANK,BNR UDYOG LIMITED,981,39
DENA BANK,Bloom Solutions Pvt Ltd,2561,1462
DENA BANK,Business Information Processing Services,880,62
DENA BANK,CALANCE SOFTWARE PRIVATE LTD,691,92
DENA BANK,DATASOFT COMPUTER SERVICES(P),351,64
DENA BANK,DEVASHISH SECURITIES PVT. LTD.,6,2
DENA BANK,Gujarat Infotech Ltd.,718,35
DENA BANK,IAP COMPANY Pvt. Ltd,784,38
DENA BANK,JNET Technologies Pvt.Ltd,2697,172
DENA BANK,K W Consulting P Ltd,1218,234
DENA BANK,MARS Telecom Systems Pvt Ltd,8,0
DENA BANK,Multiwave Innovation,2783,162
DENA BANK,Narayana Electricals Solution Pvt Ltd,941,50
DENA BANK,Netlink software Pvt Ltd,4035,95
DENA BANK,Offshoot Agency Pvt. Ltd.,27,0
DENA BANK,Ortem Securities Limited,1,1
DENA BANK,Prodigy Systems and Services Private Limited,332,161
DENA BANK,Soc for Advancement of Environ Science,159,62
DENA BANK,Super Printers,1010,41
DENA BANK,Systematic & Advance Const P L,2327,134
DENA BANK,TechSmart India Pvt Ltd,4131,2093
DENA BANK,Tera Software Ltd,321,73
DENA BANK,WEBEL,72,20
DENA BANK,Zephyr System Pvt.Ltd.,166,20
Delhi - Central DC,Smart Chip Limited,54,131
Delhi - East DC,DATASOFT COMPUTER SERVICES(P),409,234
Delhi - ND DC,Smart Chip Limited,2,30
Delhi - NE DC,Smart Chip Limited,315,179
Delhi - North DC,CALANCE SOFTWARE PRIVATE LTD,1201,444
Delhi - North DC,DATASOFT COMPUTER SERVICES(P),0,1
Delhi - North DC,NVR & ASSOCIATES LIMITED,382,90
Delhi - North DC,Smart Chip Limited,1106,145
Delhi SW DC,VIRGO SOFTECH LIMITED,191,69
Delhi Urban Shelter Improvemen,Matrix Processing House,0,1
Delhi Urban Shelter Improvemen,Tera Software Ltd,0,3
Delhi- South DC,Karvy Computershare Private Li,24,38
Delhi- South DC,Smart Chip Limited,12,126
Delhi- South DC,Tera Software Ltd,0,2
Delhi- South DC,eCentric solutions pvt ltd,0,1
Delhi- West DC,Smart Chip Limited,53,37
Delhi- West DC,VIRGO SOFTECH LIMITED,213,113
Delhi-NW DC,Karvy Computershare Private Li,20,59
Department of Information Technology Govt of Jharkhand,Blue Circle Instrument,33,70
Department of Information Technology Govt of Jharkhand,MKS Enterprises,541,413
Department of Information Technology Govt of Jharkhand,Systematic & Advance Const P L,3,155
Department of Information Technology Govt of Jharkhand,Vayam technologies Ltd,8,5
Department of Information Technology Govt of Jharkhand,Wipro Ltd,173,110
Dept of ITC Govt of Rajasthan,ATISHAY INFOTECH PVT. LTD.,6994,1454
Dept of ITC Govt of Rajasthan,AVVAS INFOTECH PVT  LTD,2434,630
Dept of ITC Govt of Rajasthan,Alankit Finsec Ltd,1277,423
Dept of ITC Govt of Rajasthan,Business Information Processing Services,717,147
Dept of ITC Govt of Rajasthan,DATASOFT COMPUTER SERVICES(P),2372,1081
Dept of ITC Govt of Rajasthan,Gem Computers,222,85
Dept of ITC Govt of Rajasthan,MANTRA SOFTTECH (INDIA) PVTLTD,94,102
Dept of ITC Govt of Rajasthan,Multiwave Innovation,3572,86
Dept of ITC Govt of Rajasthan,Netlink software Pvt Ltd,567,152
Dept of ITC Govt of Rajasthan,TechSmart India Pvt Ltd,1158,193
Dept of ITC Govt of Rajasthan,Transline Technologies P Ltd,2485,811
Dept of ITC Govt of Rajasthan,VIRGO SOFTECH LIMITED,565,142
Dept of ITC Govt of Rajasthan,Vakrangee Softwares Limited,3035,4837
Dept of ITC Govt of Rajasthan,Vayam technologies Ltd,2073,645
FCR Govt of Haryana,4G INFORMATICS,161,57
FCR Govt of Haryana,Radiant Info Systems Ltd,277,18
FCR Govt of Haryana,Vakrangee Softwares Limited,8,568
FCR Govt of Haryana,Vayam technologies Ltd,296,21
FCS Govt of Punjab,Alankit Assignments Limited,0,4
FCS Govt of Punjab,Alankit Finsec Ltd,0,2
FCS Govt of Punjab,Alankit Life Care Ltd,0,1
FCS Govt of Punjab,CSS TECHNERGY LIMITED,18,39
FCS Govt of Punjab,District Sukhmani Society Amritsar Punjab,7,0
FCS Govt of Punjab,District Sukhmani Society Barnala Punjab,9,2
FCS Govt of Punjab,District Sukhmani Society Fazilka Punjab,1,0
FCS Govt of Punjab,District Sukhmani Society Ferozepur Punjab,22,4
FCS Govt of Punjab,District Sukhmani Society For Citizen Services Nawanshahr Punjab,0,1
FCS Govt of Punjab,Diwakar Commercials Pvt Ltd,0,13
FCS Govt of Punjab,Karvy Computershare Private Li,5732,868
FCS Govt of Punjab,Suwidha Society Hoshiarpur Punjab,6,1
FCS Govt of Punjab,VIRGO SOFTECH LIMITED,0,1
FCS Govt of Punjab,Vayam technologies Ltd,4892,572
FCS Govt of Punjab,eCentric solutions pvt ltd,4505,539
Govt of Andhra Pradesh,Gouthami Educational Society,491,143
Govt of Andhra Pradesh,GrapeSoft,568,298
Govt of Andhra Pradesh,INFRONICS SYSTEMS LTD,956,221
Govt of Andhra Pradesh,Madras Security Printers Ltd,0,10
Govt of Andhra Pradesh,Mahaonline Limited,0,1
Govt of Andhra Pradesh,SREEVEN INFOCOM LIMITED,256,144
Govt of Andhra Pradesh,TechSmart India Pvt Ltd,1908,222
Govt of Andhra Pradesh,Tera Software Ltd,105,257
Govt of Andhra Pradesh,eCentric solutions pvt ltd,0,12
Govt of Goa,MARS Telecom Systems Pvt Ltd,6,44
Govt of Goa,Tera Software Ltd,0,2
Govt of Gujarat,GSS Infotech Ltd,5207,170
Govt of Gujarat,Karvy Computershare Private Li,11672,631
Govt of Gujarat,Silver Touch Technologies Ltd,16642,1295
Govt of Gujarat,Tera Software Ltd,7896,359
Govt of Gujarat,Transline Technologies P Ltd,1237,217
Govt of Gujarat,Vayam technologies Ltd,4172,566
Govt of Gujarat,eCentric solutions pvt ltd,4193,289
Govt of Himachal Pradesh,Wipro Ltd,196,347
Govt of Himachal Pradesh,i-Grandee SoftwareTechnologies,280,111
Govt of Karnataka ,BNR UDYOG LIMITED,59,33
Govt of Karnataka ,Bloom Solutions Pvt Ltd,1347,63
Govt of Karnataka ,COMAT TECHNOLOGIES P LTD,0,3
Govt of Karnataka ,GLODYNE TECHNOSERVE,0,3
Govt of Karnataka ,Integra Micro Systems Pvt.ltd,0,2
Govt of Karnataka ,MARS Telecom Systems Pvt Ltd,8395,562
Govt of Karnataka ,Ninestars Information Technologies Ltd,4567,266
Govt of Karnataka ,Om Softwares,0,3
Govt of Karnataka ,Origin ITFS Pvt Ltd,12010,1943
Govt of Karnataka ,Radiant Info Systems Ltd,147,33
Govt of Karnataka ,SREEVEN INFOCOM LIMITED,7615,1004
Govt of Karnataka ,Wipro Ltd,0,1
Govt of Kerala,Akshaya,3697,944
Govt of Kerala,Keltron,298,145
Govt of Madhya Pradesh,VIRGO SOFTECH LIMITED,1,27
Govt of Maharashtra,Adcc Infocad Pvt.Ltd Nagpur,5,0
Govt of Maharashtra,Alankit Assignments Limited,0,3
Govt of Maharashtra,Alankit Finsec Ltd,763,154
Govt of Maharashtra,Bharat Technical Solutions Private Limited,378,24
Govt of Maharashtra,Eagle press pvt ltd,106,28
Govt of Maharashtra,GLODYNE TECHNOSERVE,60,146
Govt of Maharashtra,Global Finsol Private Limited,385,42
Govt of Maharashtra,Karvy Computershare Private Li,3854,999
Govt of Maharashtra,M/S King Computer System pvt Ltd,329,36
Govt of Maharashtra,M/s. Vidya Online  Pune,82,5
Govt of Maharashtra,Mahaonline Limited,0,15
Govt of Maharashtra,Narayana Electricals Solution Pvt Ltd,132,17
Govt of Maharashtra,Netlink software Pvt Ltd,1234,287
Govt of Maharashtra,Network for Information & Computer,7,0
Govt of Maharashtra,Obel projects Pvt Ltd,0,11
Govt of Maharashtra,Rudranee Infotech Ltd,903,31
Govt of Maharashtra,SETU MAHARASHTRA,1918,292
Govt of Maharashtra,SHREERAM PRINTING PRESS,38,53
Govt of Maharashtra,SILVER JUBILEE MOTORS LTD.,0,1
Govt of Maharashtra,SPANCO,821,129
Govt of Maharashtra,STRATEGIC OUTSOURCING SERVICE,475,186
Govt of Maharashtra,Silver Touch Technologies Ltd,3034,276
Govt of Maharashtra,Smart Chip Limited,0,1
Govt of Maharashtra,Systematic & Advance Const P L,30,6
Govt of Maharashtra,TechSmart India Pvt Ltd,259,424
Govt of Maharashtra,Tera Software Ltd,59,8
Govt of Maharashtra,Transline Technologies P Ltd,1225,209
Govt of Maharashtra,Wep Solution India Limited,0,4
Govt of Maharashtra,Wipro Ltd,1371,579
Govt of Sikkim - Dept of Econo,4G IDENTITY SOLUTIONS,0,1
Govt of Sikkim - Dept of Econo,Department of Economics Statistics  Monitoring and Evaluation DESME,21,2
IDBI Bank ltd,ATISHAY INFOTECH PVT. LTD.,451,341
IDBI Bank ltd,Matrix Processing House,39,48
IDBI Bank ltd,Pioneer E Labs limited,0,2
IDBI Bank ltd,SREEVEN INFOCOM LIMITED,2366,328
IDBI Bank ltd,UTI TECHNOLOGY SERVICES LIMITE,1005,178
Indiapost,4G IDENTITY SOLUTIONS,0,5
Indiapost,COMAT TECHNOLOGIES P LTD,0,1
Indiapost,Delhi Integrated MMTS Ltd,7342,1294
Indiapost,GLODYNE TECHNOSERVE,0,19
Indiapost,Global Finsol Private Limited,2824,988
Indiapost,M/S STAR DATA CENTRE,150,50
Indiapost,MARS Telecom Systems Pvt Ltd,422,415
Indiapost,Madras Security Printers Ltd,0,1
Indiapost,Smart Chip Limited,8,95
Indiapost,Vayam technologies Ltd,32,21
Indiapost,WEBEL,43,135
Information Technology & Communication Department,4G INFORMATICS,4217,634
Information Technology & Communication Department,BNR UDYOG LIMITED,529,217
Information Technology & Communication Department,Bloom Solutions Pvt Ltd,50,651
Information Technology & Communication Department,CSS TECHNERGY LIMITED,837,15
Information Technology & Communication Department,Directorate of ESD,639,102
Information Technology & Communication Department,GDC Advertising Pvt. Limited,4,9
Information Technology & Communication Department,JYOTHI COMPUTER SERVICES,2152,224
Information Technology & Communication Department,Karvy Data Management Services,280,14
Information Technology & Communication Department,MARS Telecom Systems Pvt Ltd,726,255
Information Technology & Communication Department,SREEVEN INFOCOM LIMITED,1189,248
Information Technology & Communication Department,Tera Software Ltd,473,405
Jharkhand,Alankit Assignments Limited,0,2
Jharkhand,Blue Circle Instrument,1,12
Jharkhand,Emdee Digitronics Pvt.Ltd.,375,120
Jharkhand,IL&FS LTD,0,4
Jharkhand,MKS Enterprises,1614,186
Jharkhand,Nevaeh Technology Pvt. Ltd.,641,53
Jharkhand,STRATEGIC OUTSOURCING SERVICE,0,1
Jharkhand,Smart Chip Limited,27,241
Jharkhand,Systematic & Advance Const P L,1513,88
Jharkhand,VISION COMPTECH INTEGRATOR LTD,787,452
Jharkhand,Wipro Ltd,2387,927
Life Insurance Corporation,DATASOFT COMPUTER SERVICES(P),0,2
Mission Convergence - GNCT Del,IL&FS LTD,0,1
Mission Convergence - GNCT Del,Karvy Computershare Private Li,38,66
Mission Convergence - GNCT Del,NVR & ASSOCIATES LIMITED,29,40
Mission Convergence - GNCT Del,STRATEGIC OUTSOURCING SERVICE,0,1
NSDL e-Governance Infrastructure Limited,Abhipra Capital Ltd,2089,410
NSDL e-Governance Infrastructure Limited,Alankit Assignments Limited,8140,1180
NSDL e-Governance Infrastructure Limited,Alankit Finsec Ltd,186,14
NSDL e-Governance Infrastructure Limited,Delhi Integrated MMTS Ltd,358,185
NSDL e-Governance Infrastructure Limited,Global Finsol Private Limited,82,25
NSDL e-Governance Infrastructure Limited,INTEGRATED REGISTRY SERVICES LTD,80,8
NSDL e-Governance Infrastructure Limited,Karvy Consultants Limited,1,0
NSDL e-Governance Infrastructure Limited,Karvy Data Management Services,20625,2318
NSDL e-Governance Infrastructure Limited,N.K. Sharma Enterprises Ltd.,44,1
NSDL e-Governance Infrastructure Limited,Netlink software Pvt Ltd,6822,817
NSDL e-Governance Infrastructure Limited,PROWIZ MANSYTEMS PVT LTD,3949,370
NSDL e-Governance Infrastructure Limited,Promind Solutions P Limited,7065,133
NSDL e-Governance Infrastructure Limited,Utility Forms Pvt Ltd,14,0
NSDL e-Governance Infrastructure Limited,VIRGO SOFTECH LIMITED,2547,468
Oriental Bank of Commerce,DATASOFT COMPUTER SERVICES(P),576,139
Oriental Bank of Commerce,Euro Finmart Ltd,181,15
Oriental Bank of Commerce,FINANCIAL INFORMATION NETWORK,0,6
Oriental Bank of Commerce,JNET Technologies Pvt.Ltd,974,227
Oriental Bank of Commerce,Redim Software Technologies Pvt Ltd,172,112
Oriental Bank of Commerce,Sri Ramraja Sarkar Lok Kalyan Trust,3047,607
Oriental Bank of Commerce,Wipro Ltd,3112,1199
Principal Revenue Commissioner  Dept of Revenue  Govt of MP,Frontech Systems Pvt Ltd,733,120
Principal Revenue Commissioner  Dept of Revenue  Govt of MP,GDC Advertising Pvt. Limited,533,41
Principal Revenue Commissioner  Dept of Revenue  Govt of MP,K W Consulting P Ltd,4447,587
Principal Revenue Commissioner  Dept of Revenue  Govt of MP,LYRA  CONSULTANCY SERVICE,643,43
Principal Revenue Commissioner  Dept of Revenue  Govt of MP,Netlink software Pvt Ltd,1297,153
Principal Revenue Commissioner  Dept of Revenue  Govt of MP,OSWAL COMPUTERS & CONSULTANTS,2027,411
Principal Revenue Commissioner  Dept of Revenue  Govt of MP,Tera Software Ltd,403,28
Principal Revenue Commissioner  Dept of Revenue  Govt of MP,The NSIC ltd,607,42
Principal Revenue Commissioner  Dept of Revenue  Govt of MP,Vedavaag Systems Limited,67,60
RDD Govt of Tripura,Alankit Assignments Limited,0,3
Registrar General India - BEL,In Media Computer Services LLP,0,51
Registrar General India - BEL,Manipur Electronics Dev Corp,0,14
Registrar General India - BEL,Swathy Smartcards Hi-Tech Pvt,2,7
Registrar General India BEL2,Alankit Assignments Limited,9,4
Registrar General India BEL2,Computer LAB,1206,280
Registrar General India BEL2,Emdee Digitronics Pvt.Ltd.,3187,105
Registrar General India BEL2,In Media Computer Services LLP,9,3
Registrar General India BEL2,India Computer Technology,11188,805
Registrar General India BEL2,Karvy Data Management Services,69,6
Registrar General India BEL2,MACRO INFOTECH PVT LTD,5934,250
Registrar General India BEL2,MKS Enterprises,1,1
Registrar General India BEL2,Madras Security Printers Ltd,52789,1527
Registrar General India BEL2,Manipur Electronics Dev Corp,168,61
Registrar General India BEL2,Multiwave Innovation,2102,443
Registrar General India BEL2,NVR & ASSOCIATES LIMITED,11,1
Registrar General India BEL2,Netlink software Pvt Ltd,2319,118
Registrar General India BEL2,Nevaeh Technology Pvt. Ltd.,1052,55
Registrar General India BEL2,Nielsen  India  Private Limited,1573,219
Registrar General India BEL2,Om Softwares,4207,822
Registrar General India BEL2,SREI INFRASTRUCTURE FINANCES L,97,10
Registrar General India BEL2,STRATEGIC OUTSOURCING SERVICE,5079,191
Registrar General India BEL2,Satyanarayana Raju Company Pvt ltd,3458,28
Registrar General India BEL2,Swathy Smartcards Hi-Tech Pvt,29307,4857
Registrar General India BEL2,Swiss Tech India Pvt Ltd,64,141
Registrar General India BEL2,Tera Software Ltd,889,576
Registrar General India BEL2,UNITED DATA SERVICES PRIVATE LIMITED,4048,329
Registrar General India BEL2,Urmila Info solution,144,9
Registrar General India BEL2,VIRGO SOFTECH LIMITED,411,65
Registrar General India BEL2,Vansh Infotech Pvt Ltd,730,13
Registrar General India BEL2,Vedavaag Systems Limited,2565,157
Registrar General India BEL2,Viesa Technologies,341,172
Registrar General India BEL2,WEBEL,548,5
Registrar General India ECIL,AVVAS INFOTECH PVT  LTD,2616,429
Registrar General India ECIL,BUSINESS INFORMATION PROCESSING SERVICES,56,14
Registrar General India ECIL,COMTECH INSTITUTE OFTECHNOLOGY,1119,474
Registrar General India ECIL,COMTECHINFO SOLUTIONS PVT.LTD,1641,328
Registrar General India ECIL,Chinar Construction Company Prime agency,505,23
Registrar General India ECIL,Clairvoyance Technologies Pvt.,0,70
Registrar General India ECIL,Computer LAB,15509,1108
Registrar General India ECIL,Eagle Software India Pvt. Ltd,19058,1093
Registrar General India ECIL,Esoft Consulting Limited,1030,6
Registrar General India ECIL,In Media Computer Services LLP,2900,365
Registrar General India ECIL,India Computer Technology,7561,1715
Registrar General India ECIL,Karvy Data Management Services,5585,331
Registrar General India ECIL,Krishna Infotech,5,180
Registrar General India ECIL,Madras Security Printers Ltd,17286,1206
Registrar General India ECIL,Mphasis Ltd,7171,250
Registrar General India ECIL,Netwing Technologies Pvt Ltd,58,4
Registrar General India ECIL,Nielsen  India  Private Limited,1659,81
Registrar General India ECIL,Pioneer E Labs limited,453,53
Registrar General India ECIL,Quick Data IT Services Pvt Ltd,98,0
Registrar General India ECIL,SARADA SYSTEMS,1307,18
Registrar General India ECIL,SWISSTECH NPR 57CR PROJECT PVT,1108,814
Registrar General India ECIL,Tera Software Ltd,3154,210
Registrar General India ECIL,Vedavaag Systems Limited,2441,366
Registrar General India Others,AVVAS INFOTECH PVT  LTD,2,2
Registrar General India Others,COMTECHINFO SOLUTIONS PVT.LTD,1,0
Registrar General India Others,Computer LAB,25,7
Registrar General India Others,Eagle Software India Pvt. Ltd,5,0
Registrar General India Others,In Media Computer Services LLP,7,0
Registrar General India Others,Madras Security Printers Ltd,14,6
Registrar General India Others,STRATEGIC OUTSOURCING SERVICE,0,1
Registrar General India Others,Swathy Smartcards Hi-Tech Pvt,1,11
Registrar General of India ITI,COMTECH INSTITUTE OFTECHNOLOGY,537,19
Registrar General of India ITI,CSS TECHNERGY LIMITED,290,69
Registrar General of India ITI,CommunitiWorks Welfare Society,157,59
Registrar General of India ITI,Eagle Software India Pvt. Ltd,6786,266
Registrar General of India ITI,Emdee Digitronics Pvt.Ltd.,12634,878
Registrar General of India ITI,FINANCIAL INFORMATION NETWORK,157,0
Registrar General of India ITI,In Media Computer Services LLP,1032,22
Registrar General of India ITI,Karvy Data Management Services,3275,201
Registrar General of India ITI,Madras Security Printers Ltd,3244,46
Registrar General of India ITI,Mphasis Ltd,434,90
Registrar General of India ITI,Multiwave Innovation,2,6
Registrar General of India ITI,Netlink software Pvt Ltd,1457,19
Registrar General of India ITI,Netwing Technologies Pvt Ltd,1,0
Registrar General of India ITI,Nielsen  India  Private Limited,3208,117
Registrar General of India ITI,Quick Data IT Services Pvt Ltd,22,0
Registrar General of India ITI,SREEVEN INFOCOM LIMITED,3,39
Registrar General of India ITI,SREI INFRASTRUCTURE FINANCES L,154,1
Registrar General of India ITI,STRATEGIC OUTSOURCING SERVICE,751,76
Registrar General of India ITI,Satyanarayana Raju Company Pvt ltd,249,44
Registrar General of India ITI,Swathy Smartcards Hi-Tech Pvt,655,3669
Registrar General of India ITI,TechSmart India Pvt Ltd,0,17
Registrar General of India ITI,Urmila Info solution,7,0
Registrar General of India ITI,VIRGO SOFTECH LIMITED,2761,182
Registrar General of India ITI,Vedavaag Systems Limited,3121,149
Registrar General of India ITI,WEBEL TECHNOLOGY LIMITED,1984,178
Registrar General of India ITI,Webx Technologies Private Limited,124,0
STATE BANK OF HYDERABAD,CSS TECHNERGY LIMITED,0,1
State Bank of Bikaner & Jaipur,Multiwave Innovation,22,310
State Bank of India,4G IDENTITY SOLUTIONS,0,8
State Bank of India,CSS TECHNERGY LIMITED,0,8
State Bank of India,IL&FS LTD,0,3
State Bank of India,Smart Chip Limited,0,5
State Bank of India,VIRGO SOFTECH LIMITED,0,1
State Bank of Travancore,Tera Software Ltd,58,81
Syndicate Bank,Smart Chip Limited,0,1
UIDAI-Registrar,UIDAI-EA,18,0
UT Of Daman and Diu,Alankit Assignments Limited,2,3
UT of Puducherry,Madras Security Printers Ltd,67,14
Union Bank,FINANCIAL INFORMATION NETWORK,18263,3223
Union Bank,Smart Chip Limited,12392,4220
Union Bank,Vakrangee Softwares Limited,12143,6120
