Registrar,Enrolment Agency,Aadhaar generated,Enrolment Rejected
Allahabad Bank,Vakrangee Softwares Limited,302,260
Bank Of India,A3 Logics  India  Ltd,5407,464
Bank Of India,Akanksha International,1590,39
Bank Of India,Blue Circle Instrument,3356,382
Bank Of India,CHESSY CONSULTANTS PVT LTD,1491,72
Bank Of India,DATASOFT COMPUTER SERVICES(P),819,111
Bank Of India,Emdee Digitronics Pvt.Ltd.,222,31
Bank Of India,Frontech Systems Pvt Ltd,392,87
Bank Of India,ITI LIMITED,3,0
Bank Of India,MANTRA SOFTTECH (INDIA) PVTLTD,331,51
Bank Of India,Matrix Processing House,6343,819
Bank Of India,OSWAL COMPUTERS & CONSULTANTS,3708,779
Bank Of India,PROTEX COMPUTER PVT LTD,561,276
Bank Of India,SARADA SYSTEMS,2076,310
Bank Of India,SHRIKRISHNA KHANDASARI SUGAR M,4872,597
Bank Of India,SPANCO,2578,300
Bank Of India,SREI INFRASTRUCTURE FINANCES L,6725,2709
Bank Of India,Silver Touch Technologies Ltd,444,1261
Bank Of India,Systematic & Advance Const P L,3351,2087
Bank Of India,VEETECHNOLOGIES PVT. LTD,5868,269
Bank Of India,VIRGO SOFTECH LIMITED,6,5
Bank Of India,Vakrangee Softwares Limited,76,10
Bank of Baroda,Global Finsol Private Limited,1468,1725
Bank of Maharashtra,Alankit Finsec Ltd,154,22
Bank of Maharashtra,FINANCIAL INFORMATION NETWORK,1060,227
Bank of Maharashtra,Micro Technologies India Ltd,2463,280
Bank of Maharashtra,Tera Software Ltd,4922,338
CSC e-Governance Services India Limited,A I Soc for Electronics and Comp Tech,6525,566
CSC e-Governance Services India Limited,AKSH OPTIFIBRE LIMITED,3003,164
CSC e-Governance Services India Limited,BASIX,2638,104
CSC e-Governance Services India Limited,CALANCE SOFTWARE PRIVATE LTD,1480,758
CSC e-Governance Services India Limited,CMS Computers Ltd,9982,729
CSC e-Governance Services India Limited,CSC e-Governance Services India Limited,11713,667
CSC e-Governance Services India Limited,Intelligent Communication Sys India Ltd,275,178
CSC e-Governance Services India Limited,MANTRA SOFTTECH (INDIA) PVTLTD,4239,61
CSC e-Governance Services India Limited,Network for Information & Computer,4138,119
CSC e-Governance Services India Limited,Reliance Communication Limited,1492,302
CSC e-Governance Services India Limited,SPANCO,827,84
CSC e-Governance Services India Limited,Tera Software Ltd,222,16
CSC e-Governance Services India Limited,United Telecoms e-Services Pvt Ltd,2179,359
CSC e-Governance Services India Limited,VIKALP MULTIMEDIA,878,124
CSC e-Governance Services India Limited,Vakrangee Softwares Limited,3133,344
CSC e-Governance Services India Limited,Zephyr System Pvt.Ltd.,3138,102
Canara Bank,Ojus Healthcare Private Limited,87,3
Central Bank of India,CALANCE SOFTWARE PRIVATE LTD,1132,713
Central Bank of India,IAP COMPANY Pvt. Ltd,6559,1684
Central Bank of India,MANTRA SOFTTECH (INDIA) PVTLTD,20,2
Central Bank of India,The Peerless General Finance,1030,103
DENA BANK,ATISHAY INFOTECH PVT. LTD.,3536,227
DENA BANK,AVVAS INFOTECH PVT  LTD,1136,3
DENA BANK,BNR UDYOG LIMITED,1020,52
DENA BANK,Bloom Solutions Pvt Ltd,3465,312
DENA BANK,Business Information Processing Services,487,161
DENA BANK,C-SAASTRA SOLUTIONS PVT LTD,12,0
DENA BANK,CALANCE SOFTWARE PRIVATE LTD,3031,632
DENA BANK,DATASOFT COMPUTER SERVICES(P),295,23
DENA BANK,DEVASHISH SECURITIES PVT. LTD.,56,4
DENA BANK,Gujarat Infotech Ltd.,719,15
DENA BANK,IAP COMPANY Pvt. Ltd,2684,12
DENA BANK,JNET Technologies Pvt.Ltd,2996,246
DENA BANK,K W Consulting P Ltd,1240,1112
DENA BANK,MARS Telecom Systems Pvt Ltd,22,0
DENA BANK,Multiwave Innovation,3299,1182
DENA BANK,Narayana Electricals Solution Pvt Ltd,1895,83
DENA BANK,Netlink software Pvt Ltd,3244,75
DENA BANK,Offshoot Agency Pvt. Ltd.,311,1
DENA BANK,Ortem Securities Limited,12,2
DENA BANK,Prodigy Systems and Services Private Limited,218,75
DENA BANK,Soc for Advancement of Environ Science,584,20
DENA BANK,Super Printers,1972,366
DENA BANK,Systematic & Advance Const P L,5288,99
DENA BANK,TechSmart India Pvt Ltd,6240,428
DENA BANK,Tera Software Ltd,560,288
DENA BANK,WEBEL,146,11
DENA BANK,Zephyr System Pvt.Ltd.,561,28
Delhi - Central DC,Smart Chip Limited,250,159
Delhi - East DC,DATASOFT COMPUTER SERVICES(P),683,116
Delhi - ND DC,Smart Chip Limited,76,11
Delhi - NE DC,Smart Chip Limited,187,215
Delhi - North DC,CALANCE SOFTWARE PRIVATE LTD,1938,449
Delhi - North DC,NVR & ASSOCIATES LIMITED,687,346
Delhi - North DC,Smart Chip Limited,226,96
Delhi SW DC,VIRGO SOFTECH LIMITED,249,65
Delhi- South DC,Karvy Computershare Private Li,382,19
Delhi- South DC,Smart Chip Limited,92,15
Delhi- West DC,Smart Chip Limited,130,38
Delhi- West DC,VIRGO SOFTECH LIMITED,211,58
Delhi-NW DC,Karvy Computershare Private Li,189,42
Department of Information Technology Govt of Jharkhand,Blue Circle Instrument,1371,180
Department of Information Technology Govt of Jharkhand,MKS Enterprises,565,50
Department of Information Technology Govt of Jharkhand,Systematic & Advance Const P L,12,7
Department of Information Technology Govt of Jharkhand,Vayam technologies Ltd,3,0
Department of Information Technology Govt of Jharkhand,Wipro Ltd,838,20
Dept of ITC Govt of Rajasthan,ATISHAY INFOTECH PVT. LTD.,2915,741
Dept of ITC Govt of Rajasthan,AVVAS INFOTECH PVT  LTD,4639,951
Dept of ITC Govt of Rajasthan,Alankit Finsec Ltd,2346,934
Dept of ITC Govt of Rajasthan,Business Information Processing Services,793,105
Dept of ITC Govt of Rajasthan,DATASOFT COMPUTER SERVICES(P),3572,1078
Dept of ITC Govt of Rajasthan,Gem Computers,914,1765
Dept of ITC Govt of Rajasthan,MANTRA SOFTTECH (INDIA) PVTLTD,277,31
Dept of ITC Govt of Rajasthan,Multiwave Innovation,888,934
Dept of ITC Govt of Rajasthan,Netlink software Pvt Ltd,2169,333
Dept of ITC Govt of Rajasthan,TechSmart India Pvt Ltd,2175,212
Dept of ITC Govt of Rajasthan,Transline Technologies P Ltd,5116,600
Dept of ITC Govt of Rajasthan,VIRGO SOFTECH LIMITED,1234,101
Dept of ITC Govt of Rajasthan,Vakrangee Softwares Limited,8698,933
Dept of ITC Govt of Rajasthan,Vayam technologies Ltd,2906,1953
FCR Govt of Haryana,4G INFORMATICS,419,141
FCR Govt of Haryana,Academy of Management Studies,6,1
FCR Govt of Haryana,Radiant Info Systems Ltd,629,17
FCR Govt of Haryana,Vakrangee Softwares Limited,46,12
FCR Govt of Haryana,Vayam technologies Ltd,1018,148
FCS Govt of Punjab,CSS TECHNERGY LIMITED,18,0
FCS Govt of Punjab,District Sukhmani Society Amritsar Punjab,38,4
FCS Govt of Punjab,District Sukhmani Society Barnala Punjab,26,0
FCS Govt of Punjab,District Sukhmani Society Bathinda Punjab,6,1
FCS Govt of Punjab,District Sukhmani Society Fatehgarh Sahib Punjab,3,0
FCS Govt of Punjab,District Sukhmani Society Fazilka Punjab,8,0
FCS Govt of Punjab,District Sukhmani Society Ferozepur Punjab,66,2
FCS Govt of Punjab,District Sukhmani Society For Citizen Services Mansa Punjab,1,0
FCS Govt of Punjab,District Sukhmani Society For Citizen Services Nawanshahr Punjab,2,0
FCS Govt of Punjab,District Sukhmani Society Patiala Punjab,18,1
FCS Govt of Punjab,District Sukhmani Society Sangrur Punjab,1,1
FCS Govt of Punjab,District Sukhmani Society Sri Muktsar Sahib Punjab,1,0
FCS Govt of Punjab,Karvy Computershare Private Li,3874,392
FCS Govt of Punjab,Sukhmani Society For Citizens Services Faridkot Punjab,4,0
FCS Govt of Punjab,Suwidha Society Hoshiarpur Punjab,29,3
FCS Govt of Punjab,Vayam technologies Ltd,3511,350
FCS Govt of Punjab,eCentric solutions pvt ltd,5378,857
Govt of Andhra Pradesh,Gouthami Educational Society,366,152
Govt of Andhra Pradesh,GrapeSoft,1307,113
Govt of Andhra Pradesh,INFRONICS SYSTEMS LTD,393,45
Govt of Andhra Pradesh,SREEVEN INFOCOM LIMITED,276,86
Govt of Andhra Pradesh,TechSmart India Pvt Ltd,556,147
Govt of Andhra Pradesh,Tera Software Ltd,432,28
Govt of Goa,MARS Telecom Systems Pvt Ltd,27,4
Govt of Gujarat,GSS Infotech Ltd,4916,377
Govt of Gujarat,Karvy Computershare Private Li,21130,453
Govt of Gujarat,Silver Touch Technologies Ltd,28570,1931
Govt of Gujarat,Tera Software Ltd,11045,1654
Govt of Gujarat,Transline Technologies P Ltd,1797,188
Govt of Gujarat,Vayam technologies Ltd,12235,2026
Govt of Gujarat,eCentric solutions pvt ltd,2315,122
Govt of Himachal Pradesh,Wipro Ltd,376,51
Govt of Himachal Pradesh,i-Grandee SoftwareTechnologies,820,1710
Govt of Karnataka ,BNR UDYOG LIMITED,423,13
Govt of Karnataka ,Bloom Solutions Pvt Ltd,2383,141
Govt of Karnataka ,MARS Telecom Systems Pvt Ltd,4250,244
Govt of Karnataka ,Ninestars Information Technologies Ltd,1744,1992
Govt of Karnataka ,Om Softwares,25,1
Govt of Karnataka ,Origin ITFS Pvt Ltd,11567,1637
Govt of Karnataka ,Radiant Info Systems Ltd,117,1
Govt of Karnataka ,SREEVEN INFOCOM LIMITED,7057,2054
Govt of Kerala,Akshaya,10363,627
Govt of Kerala,Keltron,920,75
Govt of Maharashtra,Adcc Infocad Pvt.Ltd Nagpur,18,3
Govt of Maharashtra,Alankit Finsec Ltd,590,793
Govt of Maharashtra,Bharat Technical Solutions Private Limited,612,197
Govt of Maharashtra,Eagle press pvt ltd,130,121
Govt of Maharashtra,GLODYNE TECHNOSERVE,8,27
Govt of Maharashtra,Global Finsol Private Limited,496,21
Govt of Maharashtra,Karvy Computershare Private Li,7951,649
Govt of Maharashtra,M/S King Computer System pvt Ltd,368,29
Govt of Maharashtra,M/s. Vidya Online  Pune,164,14
Govt of Maharashtra,Mahaonline Limited,0,2
Govt of Maharashtra,Narayana Electricals Solution Pvt Ltd,359,1056
Govt of Maharashtra,Netlink software Pvt Ltd,2811,392
Govt of Maharashtra,Network for Information & Computer,12,0
Govt of Maharashtra,Rudranee Infotech Ltd,277,35
Govt of Maharashtra,SETU MAHARASHTRA,2216,84
Govt of Maharashtra,SHREERAM PRINTING PRESS,361,48
Govt of Maharashtra,SILVER JUBILEE MOTORS LTD.,15,0
Govt of Maharashtra,SPANCO,3695,891
Govt of Maharashtra,STRATEGIC OUTSOURCING SERVICE,2742,306
Govt of Maharashtra,Silver Touch Technologies Ltd,3885,80
Govt of Maharashtra,Systematic & Advance Const P L,139,6
Govt of Maharashtra,TechSmart India Pvt Ltd,1027,134
Govt of Maharashtra,Tera Software Ltd,77,1
Govt of Maharashtra,Transline Technologies P Ltd,573,378
Govt of Maharashtra,Wipro Ltd,2048,165
Govt of Sikkim - Dept of Econo,Department of Economics Statistics  Monitoring and Evaluation DESME,55,4
IDBI Bank ltd,ATISHAY INFOTECH PVT. LTD.,1566,366
IDBI Bank ltd,Matrix Processing House,335,18
IDBI Bank ltd,SREEVEN INFOCOM LIMITED,2516,382
IDBI Bank ltd,UTI TECHNOLOGY SERVICES LIMITE,1856,126
Indiapost,Delhi Integrated MMTS Ltd,4093,2290
Indiapost,Global Finsol Private Limited,1660,174
Indiapost,M/S STAR DATA CENTRE,296,22
Indiapost,MARS Telecom Systems Pvt Ltd,825,435
Indiapost,Smart Chip Limited,164,2
Indiapost,Vayam technologies Ltd,178,23
Indiapost,WEBEL,178,107
Information Technology & Communication Department,4G INFORMATICS,2095,130
Information Technology & Communication Department,BNR UDYOG LIMITED,1108,41
Information Technology & Communication Department,Bloom Solutions Pvt Ltd,523,1949
Information Technology & Communication Department,CSS TECHNERGY LIMITED,23,44
Information Technology & Communication Department,Directorate of ESD,782,61
Information Technology & Communication Department,GDC Advertising Pvt. Limited,3,1
Information Technology & Communication Department,JYOTHI COMPUTER SERVICES,1524,187
Information Technology & Communication Department,Karvy Data Management Services,324,144
Information Technology & Communication Department,MARS Telecom Systems Pvt Ltd,381,50
Information Technology & Communication Department,SREEVEN INFOCOM LIMITED,1545,188
Information Technology & Communication Department,Tera Software Ltd,1703,1489
Jharkhand,Alankit Assignments Limited,1,0
Jharkhand,Blue Circle Instrument,46,11
Jharkhand,Emdee Digitronics Pvt.Ltd.,912,220
Jharkhand,MKS Enterprises,1497,283
Jharkhand,Nevaeh Technology Pvt. Ltd.,846,366
Jharkhand,STRATEGIC OUTSOURCING SERVICE,1,0
Jharkhand,Smart Chip Limited,61,26
Jharkhand,Systematic & Advance Const P L,448,260
Jharkhand,VISION COMPTECH INTEGRATOR LTD,1702,153
Jharkhand,Wipro Ltd,11655,5118
Mission Convergence - GNCT Del,Karvy Computershare Private Li,165,6
Mission Convergence - GNCT Del,NVR & ASSOCIATES LIMITED,177,43
NSDL e-Governance Infrastructure Limited,Abhipra Capital Ltd,1793,230
NSDL e-Governance Infrastructure Limited,Alankit Assignments Limited,13036,1716
NSDL e-Governance Infrastructure Limited,Alankit Finsec Ltd,93,2
NSDL e-Governance Infrastructure Limited,Delhi Integrated MMTS Ltd,142,71
NSDL e-Governance Infrastructure Limited,Global Finsol Private Limited,144,2
NSDL e-Governance Infrastructure Limited,INTEGRATED REGISTRY SERVICES LTD,99,3
NSDL e-Governance Infrastructure Limited,Karvy Consultants Limited,6,1
NSDL e-Governance Infrastructure Limited,Karvy Data Management Services,23598,2325
NSDL e-Governance Infrastructure Limited,N.K. Sharma Enterprises Ltd.,175,0
NSDL e-Governance Infrastructure Limited,Netlink software Pvt Ltd,7229,1246
NSDL e-Governance Infrastructure Limited,PROWIZ MANSYTEMS PVT LTD,1729,1240
NSDL e-Governance Infrastructure Limited,Promind Solutions P Limited,2171,135
NSDL e-Governance Infrastructure Limited,Utility Forms Pvt Ltd,129,0
NSDL e-Governance Infrastructure Limited,VIRGO SOFTECH LIMITED,2108,3131
Oriental Bank of Commerce,DATASOFT COMPUTER SERVICES(P),1143,151
Oriental Bank of Commerce,Euro Finmart Ltd,177,50
Oriental Bank of Commerce,JNET Technologies Pvt.Ltd,1146,705
Oriental Bank of Commerce,Redim Software Technologies Pvt Ltd,426,62
Oriental Bank of Commerce,Sri Ramraja Sarkar Lok Kalyan Trust,5485,1591
Oriental Bank of Commerce,Wipro Ltd,4430,334
Others,Others,0,1
Principal Revenue Commissioner  Dept of Revenue  Govt of MP,Frontech Systems Pvt Ltd,1763,37
Principal Revenue Commissioner  Dept of Revenue  Govt of MP,GDC Advertising Pvt. Limited,842,57
Principal Revenue Commissioner  Dept of Revenue  Govt of MP,K W Consulting P Ltd,6478,339
Principal Revenue Commissioner  Dept of Revenue  Govt of MP,LYRA  CONSULTANCY SERVICE,683,87
Principal Revenue Commissioner  Dept of Revenue  Govt of MP,Netlink software Pvt Ltd,1589,174
Principal Revenue Commissioner  Dept of Revenue  Govt of MP,OSWAL COMPUTERS & CONSULTANTS,1685,305
Principal Revenue Commissioner  Dept of Revenue  Govt of MP,Tera Software Ltd,720,15
Principal Revenue Commissioner  Dept of Revenue  Govt of MP,The NSIC ltd,515,84
Principal Revenue Commissioner  Dept of Revenue  Govt of MP,Vedavaag Systems Limited,2292,153
RDD Govt of Tripura,Alankit Assignments Limited,102,115
Registrar General India - BEL,Manipur Electronics Dev Corp,268,1
Registrar General India BEL2,Alankit Assignments Limited,21,3
Registrar General India BEL2,Computer LAB,10629,1194
Registrar General India BEL2,Emdee Digitronics Pvt.Ltd.,1735,46
Registrar General India BEL2,In Media Computer Services LLP,49,1
Registrar General India BEL2,India Computer Technology,24836,3371
Registrar General India BEL2,Karvy Data Management Services,868,166
Registrar General India BEL2,MACRO INFOTECH PVT LTD,6124,2401
Registrar General India BEL2,MKS Enterprises,3,0
Registrar General India BEL2,Madras Security Printers Ltd,13633,1988
Registrar General India BEL2,Manipur Electronics Dev Corp,1203,70
Registrar General India BEL2,Multiwave Innovation,1769,1492
Registrar General India BEL2,NVR & ASSOCIATES LIMITED,693,2
Registrar General India BEL2,Netlink software Pvt Ltd,1740,85
Registrar General India BEL2,Nevaeh Technology Pvt. Ltd.,3452,347
Registrar General India BEL2,Nielsen  India  Private Limited,3817,289
Registrar General India BEL2,Om Softwares,6160,2080
Registrar General India BEL2,SREEVEN INFOCOM LIMITED,1,0
Registrar General India BEL2,SREI INFRASTRUCTURE FINANCES L,201,23
Registrar General India BEL2,STRATEGIC OUTSOURCING SERVICE,4076,251
Registrar General India BEL2,Satyanarayana Raju Company Pvt ltd,1603,295
Registrar General India BEL2,Swathy Smartcards Hi-Tech Pvt,52463,9668
Registrar General India BEL2,Swiss Tech India Pvt Ltd,2249,2493
Registrar General India BEL2,Tera Software Ltd,1833,460
Registrar General India BEL2,UNITED DATA SERVICES PRIVATE LIMITED,5016,2177
Registrar General India BEL2,Urmila Info solution,981,13
Registrar General India BEL2,VIRGO SOFTECH LIMITED,1823,863
Registrar General India BEL2,Vansh Infotech Pvt Ltd,1711,268
Registrar General India BEL2,Vedavaag Systems Limited,3974,825
Registrar General India BEL2,Viesa Technologies,989,262
Registrar General India BEL2,WEBEL,367,8
Registrar General India ECIL,AVVAS INFOTECH PVT  LTD,12653,1684
Registrar General India ECIL,BUSINESS INFORMATION PROCESSING SERVICES,547,76
Registrar General India ECIL,COMTECH INSTITUTE OFTECHNOLOGY,3320,482
Registrar General India ECIL,COMTECHINFO SOLUTIONS PVT.LTD,2427,230
Registrar General India ECIL,Chinar Construction Company Prime agency,2893,127
Registrar General India ECIL,Clairvoyance Technologies Pvt.,1,0
Registrar General India ECIL,Computer LAB,17536,1545
Registrar General India ECIL,Eagle Software India Pvt. Ltd,40971,21688
Registrar General India ECIL,Esoft Consulting Limited,3199,52
Registrar General India ECIL,In Media Computer Services LLP,6066,849
Registrar General India ECIL,India Computer Technology,17684,25904
Registrar General India ECIL,Karvy Data Management Services,20739,1522
Registrar General India ECIL,Krishna Infotech,40,10
Registrar General India ECIL,LYRA  CONSULTANCY SERVICE,227,1
Registrar General India ECIL,Madras Security Printers Ltd,18613,21549
Registrar General India ECIL,Mphasis Ltd,8388,877
Registrar General India ECIL,Netwing Technologies Pvt Ltd,128,89
Registrar General India ECIL,Nielsen  India  Private Limited,3100,216
Registrar General India ECIL,Pioneer E Labs limited,369,463
Registrar General India ECIL,Quick Data IT Services Pvt Ltd,54,6
Registrar General India ECIL,SARADA SYSTEMS,2501,481
Registrar General India ECIL,SWISSTECH NPR 57CR PROJECT PVT,4175,386
Registrar General India ECIL,Tera Software Ltd,2948,839
Registrar General India ECIL,Vedavaag Systems Limited,4131,5753
Registrar General India Others,AVVAS INFOTECH PVT  LTD,34,1
Registrar General India Others,COMTECH INSTITUTE OFTECHNOLOGY,2,0
Registrar General India Others,COMTECHINFO SOLUTIONS PVT.LTD,2,0
Registrar General India Others,Computer LAB,25,0
Registrar General India Others,Eagle Software India Pvt. Ltd,2,0
Registrar General India Others,In Media Computer Services LLP,5,0
Registrar General India Others,India Computer Technology,5,0
Registrar General India Others,Karvy Data Management Services,3,1
Registrar General India Others,Madras Security Printers Ltd,17,0
Registrar General India Others,Om Softwares,7,0
Registrar General India Others,Swathy Smartcards Hi-Tech Pvt,2,0
Registrar General India Others,Vansh Infotech Pvt Ltd,1,0
Registrar General India Others,Vedavaag Systems Limited,32,0
Registrar General India Others,WEBEL TECHNOLOGY LIMITED,1,0
Registrar General of India ITI,COMTECH INSTITUTE OFTECHNOLOGY,300,186
Registrar General of India ITI,CSS TECHNERGY LIMITED,440,1260
Registrar General of India ITI,CommunitiWorks Welfare Society,201,403
Registrar General of India ITI,Eagle Software India Pvt. Ltd,6362,844
Registrar General of India ITI,Emdee Digitronics Pvt.Ltd.,25459,834
Registrar General of India ITI,FINANCIAL INFORMATION NETWORK,715,23
Registrar General of India ITI,In Media Computer Services LLP,1639,49
Registrar General of India ITI,Karvy Data Management Services,6964,699
Registrar General of India ITI,Madras Security Printers Ltd,1296,98
Registrar General of India ITI,Mphasis Ltd,2034,904
Registrar General of India ITI,Multiwave Innovation,103,52
Registrar General of India ITI,Netlink software Pvt Ltd,975,277
Registrar General of India ITI,Netwing Technologies Pvt Ltd,0,1
Registrar General of India ITI,Nielsen  India  Private Limited,3511,521
Registrar General of India ITI,PROTEX COMPUTER PVT LTD,60,5
Registrar General of India ITI,Quick Data IT Services Pvt Ltd,171,2
Registrar General of India ITI,SREEVEN INFOCOM LIMITED,28,22
Registrar General of India ITI,SREI INFRASTRUCTURE FINANCES L,82,7
Registrar General of India ITI,STRATEGIC OUTSOURCING SERVICE,1200,171
Registrar General of India ITI,Satyanarayana Raju Company Pvt ltd,750,87
Registrar General of India ITI,Swathy Smartcards Hi-Tech Pvt,3331,278
Registrar General of India ITI,TechSmart India Pvt Ltd,0,16
Registrar General of India ITI,Urmila Info solution,4,0
Registrar General of India ITI,VIRGO SOFTECH LIMITED,2062,572
Registrar General of India ITI,Vedavaag Systems Limited,7553,694
Registrar General of India ITI,WEBEL TECHNOLOGY LIMITED,4968,212
Registrar General of India ITI,Webx Technologies Private Limited,119,0
State Bank of Bikaner & Jaipur,Multiwave Innovation,309,4
State Bank of Travancore,Tera Software Ltd,71,10
UIDAI-Registrar,UIDAI-EA,55,2
UT Of Daman and Diu,Alankit Assignments Limited,3,1
UT of Puducherry,Madras Security Printers Ltd,8,5
Union Bank,FINANCIAL INFORMATION NETWORK,22037,4628
Union Bank,Smart Chip Limited,16633,7411
Union Bank,Vakrangee Softwares Limited,37154,9661
