Registrar,Enrolment Agency,Aadhaar generated,Enrolment Rejected
Allahabad Bank,Vakrangee Softwares Limited,127,100
Bank Of India,A3 Logics  India  Ltd,9185,378
Bank Of India,Akanksha International,1841,41
Bank Of India,Blue Circle Instrument,2173,29
Bank Of India,CHESSY CONSULTANTS PVT LTD,633,25
Bank Of India,DATASOFT COMPUTER SERVICES(P),1241,70
Bank Of India,Emdee Digitronics Pvt.Ltd.,200,8
Bank Of India,Frontech Systems Pvt Ltd,507,53
Bank Of India,ITI LIMITED,0,2
Bank Of India,MANTRA SOFTTECH (INDIA) PVTLTD,484,6
Bank Of India,Matrix Processing House,16399,553
Bank Of India,OSWAL COMPUTERS & CONSULTANTS,4919,1588
Bank Of India,PROTEX COMPUTER PVT LTD,836,109
Bank Of India,SARADA SYSTEMS,4111,110
Bank Of India,SHRIKRISHNA KHANDASARI SUGAR M,4688,62
Bank Of India,SPANCO,9665,159
Bank Of India,SREI INFRASTRUCTURE FINANCES L,8943,436
Bank Of India,Silver Touch Technologies Ltd,1319,65
Bank Of India,Systematic & Advance Const P L,16214,589
Bank Of India,VEETECHNOLOGIES PVT. LTD,5470,188
Bank Of India,VIRGO SOFTECH LIMITED,61,1
Bank Of India,Vakrangee Softwares Limited,12,52
Bank of Baroda,Global Finsol Private Limited,3345,48
Bank of Maharashtra,Alankit Finsec Ltd,259,42
Bank of Maharashtra,FINANCIAL INFORMATION NETWORK,576,10
Bank of Maharashtra,Micro Technologies India Ltd,1069,33
Bank of Maharashtra,Tera Software Ltd,5385,112
CSC e-Governance Services India Limited,A I Soc for Electronics and Comp Tech,7451,471
CSC e-Governance Services India Limited,AKSH OPTIFIBRE LIMITED,4199,74
CSC e-Governance Services India Limited,BASIX,2079,47
CSC e-Governance Services India Limited,CALANCE SOFTWARE PRIVATE LTD,3256,133
CSC e-Governance Services India Limited,CMS Computers Ltd,13766,338
CSC e-Governance Services India Limited,CSC e-Governance Services India Limited,5492,128
CSC e-Governance Services India Limited,Intelligent Communication Systems India Limited,439,24
CSC e-Governance Services India Limited,MANTRA SOFTTECH (INDIA) PVTLTD,1986,19
CSC e-Governance Services India Limited,Network for Information & Computer,4835,226
CSC e-Governance Services India Limited,Reliance Communication Limited,2757,53
CSC e-Governance Services India Limited,SPANCO,666,60
CSC e-Governance Services India Limited,Tera Software Ltd,218,5
CSC e-Governance Services India Limited,United Telecoms e-Services Pvt Ltd,1285,93
CSC e-Governance Services India Limited,VIKALP MULTIMEDIA,414,25
CSC e-Governance Services India Limited,Vakrangee Softwares Limited,2803,308
CSC e-Governance Services India Limited,Zephyr System Pvt.Ltd.,3106,26
Canara Bank,Ojus Healthcare Private Limited,110,1
Canara Bank,Smart Chip Limited,0,1
Central Bank of India,CALANCE SOFTWARE PRIVATE LTD,2872,51
Central Bank of India,IAP COMPANY Pvt. Ltd,9994,283
Central Bank of India,MANTRA SOFTTECH (INDIA) PVTLTD,27,1
Central Bank of India,The Peerless General Finance,571,7
DENA BANK,ATISHAY INFOTECH PVT. LTD.,2338,172
DENA BANK,BNR UDYOG LIMITED,978,14
DENA BANK,Bloom Solutions Pvt Ltd,2604,75
DENA BANK,Business Information Processing Services,799,68
DENA BANK,C-SAASTRA SOLUTIONS PVT LTD,0,5
DENA BANK,CALANCE SOFTWARE PRIVATE LTD,829,27
DENA BANK,DATASOFT COMPUTER SERVICES(P),550,25
DENA BANK,DEVASHISH SECURITIES PVT. LTD.,110,2
DENA BANK,Gujarat Infotech Ltd.,1113,1
DENA BANK,IAP COMPANY Pvt. Ltd,1056,1
DENA BANK,JNET Technologies Pvt.Ltd,2423,104
DENA BANK,K W Consulting P Ltd,1597,28
DENA BANK,MARS Telecom Systems Pvt Ltd,22,0
DENA BANK,Multiwave Innovation,4240,114
DENA BANK,Narayana Electricals Solution Pvt Ltd,978,23
DENA BANK,Netlink software Pvt Ltd,2062,27
DENA BANK,Ortem Securities Limited,0,3
DENA BANK,Prodigy Systems and Services Private Limited,252,19
DENA BANK,Soc for Advancement of Environ Science,568,13
DENA BANK,Super Printers,1080,21
DENA BANK,Systematic & Advance Const P L,3531,63
DENA BANK,TechSmart India Pvt Ltd,4561,120
DENA BANK,Tera Software Ltd,1123,71
DENA BANK,WEBEL,206,9
DENA BANK,Zephyr System Pvt.Ltd.,450,41
Delhi - Central DC,Smart Chip Limited,346,43
Delhi - East DC,DATASOFT COMPUTER SERVICES(P),1662,50
Delhi - ND DC,Smart Chip Limited,171,9
Delhi - NE DC,Alankit Assignments Limited,0,1
Delhi - NE DC,Smart Chip Limited,740,37
Delhi - North DC,CALANCE SOFTWARE PRIVATE LTD,1212,116
Delhi - North DC,NVR & ASSOCIATES LIMITED,651,75
Delhi - North DC,Smart Chip Limited,956,48
Delhi SW DC,VIRGO SOFTECH LIMITED,1277,205
Delhi Urban Shelter Improvemen,STRATEGIC OUTSOURCING SERVICE,0,2
Delhi- South DC,Karvy Computershare Private Li,137,22
Delhi- South DC,Smart Chip Limited,143,9
Delhi- West DC,Smart Chip Limited,152,20
Delhi- West DC,VIRGO SOFTECH LIMITED,1304,79
Delhi-NW DC,Karvy Computershare Private Li,158,42
Delhi-NW DC,STRATEGIC OUTSOURCING SERVICE,0,1
Department of Information Technology Govt of Jharkhand,Blue Circle Instrument,114,8
Department of Information Technology Govt of Jharkhand,MKS Enterprises,888,56
Department of Information Technology Govt of Jharkhand,Systematic & Advance Const P L,19,7
Department of Information Technology Govt of Jharkhand,Vayam technologies Ltd,2,1
Department of Information Technology Govt of Jharkhand,Wipro Ltd,723,29
Dept of ITC Govt of Rajasthan,ATISHAY INFOTECH PVT. LTD.,5976,234
Dept of ITC Govt of Rajasthan,AVVAS INFOTECH PVT  LTD,7007,287
Dept of ITC Govt of Rajasthan,Alankit Finsec Ltd,3482,55
Dept of ITC Govt of Rajasthan,Business Information Processing Services,3113,199
Dept of ITC Govt of Rajasthan,DATASOFT COMPUTER SERVICES(P),6989,307
Dept of ITC Govt of Rajasthan,Gem Computers,2284,23
Dept of ITC Govt of Rajasthan,MANTRA SOFTTECH (INDIA) PVTLTD,388,12
Dept of ITC Govt of Rajasthan,Multiwave Innovation,2480,132
Dept of ITC Govt of Rajasthan,Netlink software Pvt Ltd,3185,114
Dept of ITC Govt of Rajasthan,TechSmart India Pvt Ltd,1982,106
Dept of ITC Govt of Rajasthan,Transline Technologies P Ltd,4637,425
Dept of ITC Govt of Rajasthan,VIRGO SOFTECH LIMITED,1092,80
Dept of ITC Govt of Rajasthan,Vakrangee Softwares Limited,12028,2845
Dept of ITC Govt of Rajasthan,Vayam technologies Ltd,4431,647
FCR Govt of Haryana,4G INFORMATICS,909,19
FCR Govt of Haryana,Radiant Info Systems Ltd,301,5
FCR Govt of Haryana,Vakrangee Softwares Limited,51,151
FCR Govt of Haryana,Vayam technologies Ltd,690,34
FCS Govt of Punjab,Alankit Assignments Limited,0,3
FCS Govt of Punjab,CSS TECHNERGY LIMITED,235,3
FCS Govt of Punjab,District Sukhmani Society Amritsar Punjab,66,0
FCS Govt of Punjab,District Sukhmani Society Barnala Punjab,33,2
FCS Govt of Punjab,District Sukhmani Society Fatehgarh Sahib Punjab,3,1
FCS Govt of Punjab,District Sukhmani Society Fazilka Punjab,0,2
FCS Govt of Punjab,District Sukhmani Society Ferozepur Punjab,97,2
FCS Govt of Punjab,District Sukhmani Society For Citizen Services Mansa Punjab,1,0
FCS Govt of Punjab,District Sukhmani Society For Citizen Services Nawanshahr Punjab,0,2
FCS Govt of Punjab,District Sukhmani Society For Citizen Services SAS Nagar District e-Governance Society Punjab,2,0
FCS Govt of Punjab,District Sukhmani Society Sangrur Punjab,1,0
FCS Govt of Punjab,Karvy Computershare Private Li,1826,184
FCS Govt of Punjab,Sukhmani Society For Citizens Services Faridkot Punjab,2,0
FCS Govt of Punjab,Suwidha Society Hoshiarpur Punjab,30,0
FCS Govt of Punjab,VIRGO SOFTECH LIMITED,0,1
FCS Govt of Punjab,Vayam technologies Ltd,10954,361
FCS Govt of Punjab,eCentric solutions pvt ltd,2669,133
Govt of Andhra Pradesh,Gouthami Educational Society,213,13
Govt of Andhra Pradesh,GrapeSoft,1103,23
Govt of Andhra Pradesh,IL&FS LTD,6,4
Govt of Andhra Pradesh,INFRONICS SYSTEMS LTD,1846,47
Govt of Andhra Pradesh,Madras Security Printers Ltd,0,203
Govt of Andhra Pradesh,SREEVEN INFOCOM LIMITED,274,10
Govt of Andhra Pradesh,Smart Chip Limited,0,3
Govt of Andhra Pradesh,TechSmart India Pvt Ltd,589,34
Govt of Andhra Pradesh,Tera Software Ltd,526,193
Govt of Andhra Pradesh,eCentric solutions pvt ltd,0,9
Govt of Goa,COMAT TECHNOLOGIES P LTD,0,1
Govt of Goa,MARS Telecom Systems Pvt Ltd,130,0
Govt of Gujarat,GSS Infotech Ltd,8468,62
Govt of Gujarat,Karvy Computershare Private Li,13121,199
Govt of Gujarat,Silver Touch Technologies Ltd,21713,351
Govt of Gujarat,Tera Software Ltd,11270,107
Govt of Gujarat,Transline Technologies P Ltd,2396,149
Govt of Gujarat,Vayam technologies Ltd,10851,127
Govt of Gujarat,eCentric solutions pvt ltd,3961,56
Govt of Himachal Pradesh,IL&FS LTD,0,20
Govt of Himachal Pradesh,Wipro Ltd,268,65
Govt of Himachal Pradesh,i-Grandee SoftwareTechnologies,977,44
Govt of Karnataka ,BNR UDYOG LIMITED,1246,41
Govt of Karnataka ,Bloom Solutions Pvt Ltd,1050,24
Govt of Karnataka ,COMAT TECHNOLOGIES P LTD,0,4
Govt of Karnataka ,MARS Telecom Systems Pvt Ltd,5459,104
Govt of Karnataka ,Ninestars Information Technologies Ltd,2928,78
Govt of Karnataka ,Om Softwares,157,4
Govt of Karnataka ,Origin ITFS Pvt Ltd,21710,904
Govt of Karnataka ,Radiant Info Systems Ltd,50,0
Govt of Karnataka ,SREEVEN INFOCOM LIMITED,11713,254
Govt of Karnataka ,Wipro Ltd,0,3
Govt of Kerala,Akshaya,6533,172
Govt of Kerala,Keltron,205,13
Govt of Madhya Pradesh,VIRGO SOFTECH LIMITED,0,2
Govt of Maharashtra,Adcc Infocad Pvt.Ltd Nagpur,21,21
Govt of Maharashtra,Alankit Finsec Ltd,1685,24
Govt of Maharashtra,Bharat Technical Solutions Private Limited,168,0
Govt of Maharashtra,Eagle press pvt ltd,181,5
Govt of Maharashtra,GLODYNE TECHNOSERVE,12,0
Govt of Maharashtra,Global Finsol Private Limited,733,8
Govt of Maharashtra,Karvy Computershare Private Li,5332,126
Govt of Maharashtra,M/S King Computer System pvt Ltd,252,1
Govt of Maharashtra,M/s. Vidya Online  Pune,119,3
Govt of Maharashtra,Mahaonline Limited,0,2
Govt of Maharashtra,Narayana Electricals Solution Pvt Ltd,213,4
Govt of Maharashtra,Netlink software Pvt Ltd,2504,95
Govt of Maharashtra,Network for Information & Computer,12,3
Govt of Maharashtra,Rudranee Infotech Ltd,762,7
Govt of Maharashtra,SETU MAHARASHTRA,1931,6
Govt of Maharashtra,SHREERAM PRINTING PRESS,594,2
Govt of Maharashtra,SILVER JUBILEE MOTORS LTD.,6,0
Govt of Maharashtra,SPANCO,1136,8
Govt of Maharashtra,STRATEGIC OUTSOURCING SERVICE,1148,42
Govt of Maharashtra,Silver Touch Technologies Ltd,2586,37
Govt of Maharashtra,Systematic & Advance Const P L,88,0
Govt of Maharashtra,TechSmart India Pvt Ltd,1680,12
Govt of Maharashtra,Tera Software Ltd,26,2
Govt of Maharashtra,Transline Technologies P Ltd,270,17
Govt of Maharashtra,Wipro Ltd,1878,69
Govt of Sikkim - Dept of Econo,4G IDENTITY SOLUTIONS,0,1
Govt of Sikkim - Dept of Econo,Department of Economics Statistics  Monitoring and Evaluation DESME,91,13
IDBI Bank ltd,ATISHAY INFOTECH PVT. LTD.,1374,93
IDBI Bank ltd,Matrix Processing House,138,12
IDBI Bank ltd,SREEVEN INFOCOM LIMITED,1535,40
IDBI Bank ltd,UTI TECHNOLOGY SERVICES LIMITE,2031,32
Indian Overseas Bank,Eagle Software India Pvt. Ltd,0,1
Indiapost,Delhi Integrated MMTS Ltd,13817,224
Indiapost,GLODYNE TECHNOSERVE,0,2
Indiapost,Global Finsol Private Limited,5029,112
Indiapost,M/S STAR DATA CENTRE,381,4
Indiapost,MARS Telecom Systems Pvt Ltd,799,44
Indiapost,Smart Chip Limited,522,8
Indiapost,UTI TECHNOLOGY SERVICES LIMITE,0,1
Indiapost,Vayam technologies Ltd,277,18
Indiapost,WEBEL,225,43
Information Technology & Communication Department,4G INFORMATICS,5867,94
Information Technology & Communication Department,BNR UDYOG LIMITED,771,33
Information Technology & Communication Department,Bloom Solutions Pvt Ltd,1042,85
Information Technology & Communication Department,CSS TECHNERGY LIMITED,15,2
Information Technology & Communication Department,Directorate of ESD,254,20
Information Technology & Communication Department,GDC Advertising Pvt. Limited,32,1
Information Technology & Communication Department,JYOTHI COMPUTER SERVICES,1003,48
Information Technology & Communication Department,Karvy Data Management Services,921,8
Information Technology & Communication Department,MARS Telecom Systems Pvt Ltd,582,7
Information Technology & Communication Department,SREEVEN INFOCOM LIMITED,859,19
Information Technology & Communication Department,Tera Software Ltd,1288,45
Jharkhand,Alankit Assignments Limited,0,1
Jharkhand,Blue Circle Instrument,4,1
Jharkhand,Emdee Digitronics Pvt.Ltd.,618,46
Jharkhand,IL&FS LTD,0,16
Jharkhand,MKS Enterprises,621,54
Jharkhand,Nevaeh Technology Pvt. Ltd.,1351,36
Jharkhand,STRATEGIC OUTSOURCING SERVICE,8,13
Jharkhand,Smart Chip Limited,129,0
Jharkhand,Smart ID,1,2
Jharkhand,Systematic & Advance Const P L,933,36
Jharkhand,VISION COMPTECH INTEGRATOR LTD,681,121
Jharkhand,Wipro Ltd,4614,492
Mission Convergence - GNCT Del,Karvy Computershare Private Li,54,2
Mission Convergence - GNCT Del,NVR & ASSOCIATES LIMITED,347,14
NSDL e-Governance Infrastructure Limited,Abhipra Capital Ltd,2285,52
NSDL e-Governance Infrastructure Limited,Alankit Assignments Limited,12360,216
NSDL e-Governance Infrastructure Limited,Alankit Finsec Ltd,80,1
NSDL e-Governance Infrastructure Limited,Delhi Integrated MMTS Ltd,409,5
NSDL e-Governance Infrastructure Limited,Global Finsol Private Limited,416,1
NSDL e-Governance Infrastructure Limited,INTEGRATED REGISTRY SERVICES LTD,64,0
NSDL e-Governance Infrastructure Limited,Karvy Consultants Limited,3,0
NSDL e-Governance Infrastructure Limited,Karvy Data Management Services,25955,733
NSDL e-Governance Infrastructure Limited,N.K. Sharma Enterprises Ltd.,449,7
NSDL e-Governance Infrastructure Limited,Netlink software Pvt Ltd,11618,591
NSDL e-Governance Infrastructure Limited,PROWIZ MANSYTEMS PVT LTD,4116,317
NSDL e-Governance Infrastructure Limited,Promind Solutions P Limited,1088,10
NSDL e-Governance Infrastructure Limited,Utility Forms Pvt Ltd,86,1
NSDL e-Governance Infrastructure Limited,VIRGO SOFTECH LIMITED,10094,273
Oriental Bank of Commerce,DATASOFT COMPUTER SERVICES(P),1325,23
Oriental Bank of Commerce,Euro Finmart Ltd,159,4
Oriental Bank of Commerce,JNET Technologies Pvt.Ltd,1613,217
Oriental Bank of Commerce,Redim Software Technologies Pvt Ltd,512,10
Oriental Bank of Commerce,Sri Ramraja Sarkar Lok Kalyan Trust,6467,424
Oriental Bank of Commerce,Wipro Ltd,7213,456
Principal Revenue Commissioner  Dept of Revenue  Govt of MP,Frontech Systems Pvt Ltd,938,55
Principal Revenue Commissioner  Dept of Revenue  Govt of MP,GDC Advertising Pvt. Limited,247,25
Principal Revenue Commissioner  Dept of Revenue  Govt of MP,K W Consulting P Ltd,2317,286
Principal Revenue Commissioner  Dept of Revenue  Govt of MP,LYRA  CONSULTANCY SERVICE,527,28
Principal Revenue Commissioner  Dept of Revenue  Govt of MP,Netlink software Pvt Ltd,814,59
Principal Revenue Commissioner  Dept of Revenue  Govt of MP,OSWAL COMPUTERS & CONSULTANTS,2106,312
Principal Revenue Commissioner  Dept of Revenue  Govt of MP,Tera Software Ltd,372,24
Principal Revenue Commissioner  Dept of Revenue  Govt of MP,The NSIC ltd,534,32
Principal Revenue Commissioner  Dept of Revenue  Govt of MP,Vedavaag Systems Limited,792,74
Punjab and Sind Bank,Matrix Processing House,0,5
RDD Govt of Tripura,Alankit Assignments Limited,2396,0
Registrar General India - BEL,Manipur Electronics Dev Corp,5048,8
Registrar General India BEL2,Alankit Assignments Limited,11,2
Registrar General India BEL2,Computer LAB,7109,91
Registrar General India BEL2,Emdee Digitronics Pvt.Ltd.,1702,50
Registrar General India BEL2,In Media Computer Services LLP,319,0
Registrar General India BEL2,India Computer Technology,37127,202
Registrar General India BEL2,Karvy Data Management Services,33,3
Registrar General India BEL2,MACRO INFOTECH PVT LTD,10042,38
Registrar General India BEL2,MKS Enterprises,27,0
Registrar General India BEL2,Madras Security Printers Ltd,26290,482
Registrar General India BEL2,Manipur Electronics Dev Corp,736,7
Registrar General India BEL2,Multiwave Innovation,3412,26
Registrar General India BEL2,NVR & ASSOCIATES LIMITED,23,1
Registrar General India BEL2,Netlink software Pvt Ltd,2521,32
Registrar General India BEL2,Nevaeh Technology Pvt. Ltd.,3230,23
Registrar General India BEL2,Nielsen  India  Private Limited,3776,151
Registrar General India BEL2,Om Softwares,10653,439
Registrar General India BEL2,SREEVEN INFOCOM LIMITED,6,0
Registrar General India BEL2,SREI INFRASTRUCTURE FINANCES L,309,2
Registrar General India BEL2,STRATEGIC OUTSOURCING SERVICE,5344,102
Registrar General India BEL2,Satyanarayana Raju Company Pvt ltd,600,4
Registrar General India BEL2,Swathy Smartcards Hi-Tech Pvt,88292,1170
Registrar General India BEL2,Swiss Tech India Pvt Ltd,3398,25
Registrar General India BEL2,Tera Software Ltd,3657,239
Registrar General India BEL2,UNITED DATA SERVICES PRIVATE LIMITED,8890,102
Registrar General India BEL2,Urmila Info solution,152,3
Registrar General India BEL2,VIRGO SOFTECH LIMITED,240,63
Registrar General India BEL2,Vansh Infotech Pvt Ltd,890,5
Registrar General India BEL2,Vedavaag Systems Limited,7629,69
Registrar General India BEL2,Viesa Technologies,1165,23
Registrar General India BEL2,WEBEL,522,5
Registrar General India ECIL,AVVAS INFOTECH PVT  LTD,12608,75
Registrar General India ECIL,BUSINESS INFORMATION PROCESSING SERVICES,594,3
Registrar General India ECIL,COMTECH INSTITUTE OFTECHNOLOGY,4836,115
Registrar General India ECIL,COMTECHINFO SOLUTIONS PVT.LTD,2726,46
Registrar General India ECIL,Chinar Construction Company Prime agency,4209,26
Registrar General India ECIL,Clairvoyance Technologies Pvt.,9,1
Registrar General India ECIL,Computer LAB,16156,415
Registrar General India ECIL,Eagle Software India Pvt. Ltd,48344,10382
Registrar General India ECIL,Esoft Consulting Limited,1383,3
Registrar General India ECIL,In Media Computer Services LLP,3607,160
Registrar General India ECIL,India Computer Technology,21042,10124
Registrar General India ECIL,Karvy Data Management Services,16148,136
Registrar General India ECIL,Krishna Infotech,259,41
Registrar General India ECIL,LYRA  CONSULTANCY SERVICE,1,0
Registrar General India ECIL,Madras Security Printers Ltd,16378,9266
Registrar General India ECIL,Mphasis Ltd,9494,242
Registrar General India ECIL,Netwing Technologies Pvt Ltd,274,1
Registrar General India ECIL,Nielsen  India  Private Limited,4252,15
Registrar General India ECIL,Pioneer E Labs limited,826,13
Registrar General India ECIL,Quick Data IT Services Pvt Ltd,57,0
Registrar General India ECIL,SARADA SYSTEMS,4501,4
Registrar General India ECIL,SWISSTECH NPR 57CR PROJECT PVT,9569,91
Registrar General India ECIL,Tera Software Ltd,7129,72
Registrar General India ECIL,Vedavaag Systems Limited,8860,204
Registrar General India Others,AVVAS INFOTECH PVT  LTD,2,0
Registrar General India Others,COMTECH INSTITUTE OFTECHNOLOGY,4,1
Registrar General India Others,COMTECHINFO SOLUTIONS PVT.LTD,10,2
Registrar General India Others,Computer LAB,73,0
Registrar General India Others,Eagle Software India Pvt. Ltd,6,0
Registrar General India Others,India Computer Technology,3,0
Registrar General India Others,Karvy Data Management Services,1,0
Registrar General India Others,Madras Security Printers Ltd,16,10
Registrar General India Others,Mphasis Ltd,0,1
Registrar General India Others,Nielsen  India  Private Limited,1,0
Registrar General India Others,Om Softwares,1,0
Registrar General India Others,SARADA SYSTEMS,2,0
Registrar General India Others,STRATEGIC OUTSOURCING SERVICE,0,1
Registrar General India Others,SWISSTECH NPR 57CR PROJECT PVT,1,0
Registrar General India Others,Swathy Smartcards Hi-Tech Pvt,6,3
Registrar General India Others,Swiss Tech India Pvt Ltd,1,2
Registrar General India Others,Vedavaag Systems Limited,1,0
Registrar General India Others,WEBEL,22,0
Registrar General India Others,WEBEL TECHNOLOGY LIMITED,5,0
Registrar General of India ITI,COMTECH INSTITUTE OFTECHNOLOGY,2108,15
Registrar General of India ITI,CSS TECHNERGY LIMITED,2249,6
Registrar General of India ITI,CommunitiWorks Welfare Society,381,23
Registrar General of India ITI,Eagle Software India Pvt. Ltd,7615,105
Registrar General of India ITI,Emdee Digitronics Pvt.Ltd.,16795,141
Registrar General of India ITI,FINANCIAL INFORMATION NETWORK,265,1
Registrar General of India ITI,In Media Computer Services LLP,693,6
Registrar General of India ITI,Karvy Data Management Services,13250,174
Registrar General of India ITI,Madras Security Printers Ltd,404,3
Registrar General of India ITI,Mphasis Ltd,4213,379
Registrar General of India ITI,Multiwave Innovation,84,0
Registrar General of India ITI,Netlink software Pvt Ltd,2180,10
Registrar General of India ITI,Netwing Technologies Pvt Ltd,5,0
Registrar General of India ITI,Nielsen  India  Private Limited,2771,58
Registrar General of India ITI,Quick Data IT Services Pvt Ltd,26,0
Registrar General of India ITI,SREEVEN INFOCOM LIMITED,58,2
Registrar General of India ITI,SREI INFRASTRUCTURE FINANCES L,118,0
Registrar General of India ITI,STRATEGIC OUTSOURCING SERVICE,2032,33
Registrar General of India ITI,Satyanarayana Raju Company Pvt ltd,2196,29
Registrar General of India ITI,Swathy Smartcards Hi-Tech Pvt,1929,48
Registrar General of India ITI,Urmila Info solution,4,0
Registrar General of India ITI,VIRGO SOFTECH LIMITED,3400,10
Registrar General of India ITI,Vedavaag Systems Limited,5405,21
Registrar General of India ITI,WEBEL TECHNOLOGY LIMITED,6201,35
Registrar General of India ITI,Webx Technologies Private Limited,26,0
State Bank of Bikaner & Jaipur,Multiwave Innovation,5957,727
State Bank of India,4G IDENTITY SOLUTIONS,1,14
State Bank of India,CSS TECHNERGY LIMITED,0,75
State Bank of India,IL&FS LTD,0,1
State Bank of India,VIRGO SOFTECH LIMITED,0,1
State Bank of Travancore,Tera Software Ltd,209,6
UIDAI-Registrar,UIDAI-EA,39,1
UT Of Daman and Diu,Alankit Assignments Limited,11,2
UT of Puducherry,Madras Security Printers Ltd,78,5
Union Bank,FINANCIAL INFORMATION NETWORK,21644,1099
Union Bank,Smart Chip Limited,22719,991
Union Bank,Vakrangee Softwares Limited,38770,2185
