Registrar,Enrolment Agency,Aadhaar generated,Enrolment Rejected
Allahabad Bank,Vakrangee Softwares Limited,252,1402
Bank Of India,A3 Logics  India  Ltd,3938,248
Bank Of India,Akanksha International,2113,69
Bank Of India,Blue Circle Instrument,3679,293
Bank Of India,CHESSY CONSULTANTS PVT LTD,2081,37
Bank Of India,DATASOFT COMPUTER SERVICES(P),2384,84
Bank Of India,Emdee Digitronics Pvt.Ltd.,686,6
Bank Of India,Frontech Systems Pvt Ltd,421,96
Bank Of India,ITI LIMITED,0,2
Bank Of India,MANTRA SOFTTECH (INDIA) PVTLTD,95,15
Bank Of India,Matrix Processing House,7879,1177
Bank Of India,OSWAL COMPUTERS & CONSULTANTS,2308,123
Bank Of India,PROTEX COMPUTER PVT LTD,2388,537
Bank Of India,SARADA SYSTEMS,2383,330
Bank Of India,SHRIKRISHNA KHANDASARI SUGAR M,10900,1002
Bank Of India,SPANCO,1817,209
Bank Of India,SREI INFRASTRUCTURE FINANCES L,6371,2853
Bank Of India,Silver Touch Technologies Ltd,0,15
Bank Of India,Systematic & Advance Const P L,829,1318
Bank Of India,VEETECHNOLOGIES PVT. LTD,6963,665
Bank Of India,VIRGO SOFTECH LIMITED,4,1
Bank Of India,Vakrangee Softwares Limited,2,67
Bank of Baroda,Global Finsol Private Limited,870,91
Bank of Maharashtra,Alankit Finsec Ltd,29,90
Bank of Maharashtra,FINANCIAL INFORMATION NETWORK,4794,671
Bank of Maharashtra,Micro Technologies India Ltd,3181,559
Bank of Maharashtra,Tera Software Ltd,6476,346
CSC e-Governance Services India Limited,A I Soc for Electronics and Comp Tech,6526,265
CSC e-Governance Services India Limited,AKSH OPTIFIBRE LIMITED,3987,208
CSC e-Governance Services India Limited,BASIX,5150,89
CSC e-Governance Services India Limited,CALANCE SOFTWARE PRIVATE LTD,2220,412
CSC e-Governance Services India Limited,CMS Computers Ltd,22560,921
CSC e-Governance Services India Limited,CSC e-Governance Services India Limited,17033,565
CSC e-Governance Services India Limited,Intelligent Communication Sys India Ltd,485,25
CSC e-Governance Services India Limited,MANTRA SOFTTECH (INDIA) PVTLTD,8406,16
CSC e-Governance Services India Limited,Network for Information & Computer,3375,84
CSC e-Governance Services India Limited,Reliance Communication Limited,1411,303
CSC e-Governance Services India Limited,SPANCO,1569,32
CSC e-Governance Services India Limited,Tera Software Ltd,401,1
CSC e-Governance Services India Limited,United Telecoms e-Services Pvt Ltd,5034,439
CSC e-Governance Services India Limited,VIKALP MULTIMEDIA,654,11
CSC e-Governance Services India Limited,Vakrangee Softwares Limited,5243,1147
CSC e-Governance Services India Limited,Zephyr System Pvt.Ltd.,9458,286
Canara Bank,Ojus Healthcare Private Limited,186,0
Central Bank of India,CALANCE SOFTWARE PRIVATE LTD,804,109
Central Bank of India,IAP COMPANY Pvt. Ltd,5515,1167
Central Bank of India,MANTRA SOFTTECH (INDIA) PVTLTD,0,1
Central Bank of India,SREI INFRASTRUCTURE FINANCES L,0,146
Central Bank of India,The Peerless General Finance,1176,346
DENA BANK,ATISHAY INFOTECH PVT. LTD.,6889,97
DENA BANK,AVVAS INFOTECH PVT  LTD,1432,19
DENA BANK,BNR UDYOG LIMITED,2466,0
DENA BANK,Bloom Solutions Pvt Ltd,6637,237
DENA BANK,Business Information Processing Services,1364,35
DENA BANK,CALANCE SOFTWARE PRIVATE LTD,3278,400
DENA BANK,DATASOFT COMPUTER SERVICES(P),384,6
DENA BANK,DEVASHISH SECURITIES PVT. LTD.,90,23
DENA BANK,Gujarat Infotech Ltd.,2009,71
DENA BANK,IAP COMPANY Pvt. Ltd,2314,9
DENA BANK,JNET Technologies Pvt.Ltd,4221,594
DENA BANK,K W Consulting P Ltd,3002,112
DENA BANK,MARS Telecom Systems Pvt Ltd,712,0
DENA BANK,Multiwave Innovation,3554,1078
DENA BANK,Narayana Electricals Solution Pvt Ltd,1909,32
DENA BANK,Netlink software Pvt Ltd,4440,23
DENA BANK,Offshoot Agency Pvt. Ltd.,836,4
DENA BANK,Ortem Securities Limited,0,16
DENA BANK,Prodigy Systems and Services Private Limited,429,81
DENA BANK,Soc for Advancement of Environ Science,585,23
DENA BANK,Super Printers,2726,19
DENA BANK,Systematic & Advance Const P L,7543,23
DENA BANK,TechSmart India Pvt Ltd,7145,232
DENA BANK,Tera Software Ltd,834,175
DENA BANK,WEBEL,244,22
DENA BANK,Zephyr System Pvt.Ltd.,1522,17
Delhi - Central DC,Smart Chip Limited,11,25
Delhi - East DC,DATASOFT COMPUTER SERVICES(P),622,138
Delhi - ND DC,Smart Chip Limited,5,7
Delhi - NE DC,Smart Chip Limited,2,12
Delhi - North DC,CALANCE SOFTWARE PRIVATE LTD,1590,164
Delhi - North DC,NVR & ASSOCIATES LIMITED,607,67
Delhi - North DC,Smart Chip Limited,0,6
Delhi SW DC,VIRGO SOFTECH LIMITED,182,44
Delhi- South DC,Karvy Computershare Private Li,13,11
Delhi- South DC,Smart Chip Limited,12,5
Delhi- West DC,Smart Chip Limited,1,3
Delhi- West DC,VIRGO SOFTECH LIMITED,111,42
Delhi-NW DC,Karvy Computershare Private Li,567,13
Department of Information Technology Govt of Jharkhand,Blue Circle Instrument,765,657
Department of Information Technology Govt of Jharkhand,MKS Enterprises,880,103
Department of Information Technology Govt of Jharkhand,Systematic & Advance Const P L,0,16
Department of Information Technology Govt of Jharkhand,Vayam technologies Ltd,0,2
Department of Information Technology Govt of Jharkhand,Wipro Ltd,853,23
Dept of ITC Govt of Rajasthan,ATISHAY INFOTECH PVT. LTD.,2719,878
Dept of ITC Govt of Rajasthan,AVVAS INFOTECH PVT  LTD,3058,278
Dept of ITC Govt of Rajasthan,Alankit Finsec Ltd,1915,690
Dept of ITC Govt of Rajasthan,Business Information Processing Services,353,85
Dept of ITC Govt of Rajasthan,DATASOFT COMPUTER SERVICES(P),5556,1917
Dept of ITC Govt of Rajasthan,Gem Computers,1011,413
Dept of ITC Govt of Rajasthan,MANTRA SOFTTECH (INDIA) PVTLTD,521,163
Dept of ITC Govt of Rajasthan,Multiwave Innovation,114,302
Dept of ITC Govt of Rajasthan,Netlink software Pvt Ltd,772,116
Dept of ITC Govt of Rajasthan,TechSmart India Pvt Ltd,1240,46
Dept of ITC Govt of Rajasthan,Transline Technologies P Ltd,912,172
Dept of ITC Govt of Rajasthan,VIRGO SOFTECH LIMITED,2628,49
Dept of ITC Govt of Rajasthan,Vakrangee Softwares Limited,8674,1952
Dept of ITC Govt of Rajasthan,Vayam technologies Ltd,2537,2859
FCR Govt of Haryana,4G INFORMATICS,394,14
FCR Govt of Haryana,Academy of Management Studies,2,2
FCR Govt of Haryana,Radiant Info Systems Ltd,690,6
FCR Govt of Haryana,Vakrangee Softwares Limited,15,70
FCR Govt of Haryana,Vayam technologies Ltd,1,9
FCS Govt of Punjab,CSS TECHNERGY LIMITED,0,480
FCS Govt of Punjab,District Sukhmani Society Amritsar Punjab,92,0
FCS Govt of Punjab,District Sukhmani Society Barnala Punjab,62,1
FCS Govt of Punjab,District Sukhmani Society Bathinda Punjab,4,1
FCS Govt of Punjab,District Sukhmani Society Fazilka Punjab,21,0
FCS Govt of Punjab,District Sukhmani Society Ferozepur Punjab,223,2
FCS Govt of Punjab,District Sukhmani Society For Citizen Services Nawanshahr Punjab,1,0
FCS Govt of Punjab,District Sukhmani Society For Citizen Services SAS Nagar District e-Governance Society Punjab,2,0
FCS Govt of Punjab,District Sukhmani Society Patiala Punjab,14,2
FCS Govt of Punjab,District Sukhmani Society Sangrur Punjab,15,0
FCS Govt of Punjab,Karvy Computershare Private Li,4842,957
FCS Govt of Punjab,Suwidha Society Hoshiarpur Punjab,147,1
FCS Govt of Punjab,Vayam technologies Ltd,842,200
FCS Govt of Punjab,eCentric solutions pvt ltd,8998,445
Govt of Andhra Pradesh,Gouthami Educational Society,1014,27
Govt of Andhra Pradesh,GrapeSoft,1418,133
Govt of Andhra Pradesh,INFRONICS SYSTEMS LTD,292,110
Govt of Andhra Pradesh,Madras Security Printers Ltd,0,4
Govt of Andhra Pradesh,SREEVEN INFOCOM LIMITED,490,23
Govt of Andhra Pradesh,TechSmart India Pvt Ltd,122,66
Govt of Andhra Pradesh,Tera Software Ltd,1151,402
Govt of Andhra Pradesh,eCentric solutions pvt ltd,0,4
Govt of Goa,COMAT TECHNOLOGIES P LTD,0,1
Govt of Goa,MARS Telecom Systems Pvt Ltd,0,6
Govt of Gujarat,GSS Infotech Ltd,8179,841
Govt of Gujarat,Karvy Computershare Private Li,24486,1306
Govt of Gujarat,Silver Touch Technologies Ltd,43860,1542
Govt of Gujarat,Tera Software Ltd,13685,1401
Govt of Gujarat,Transline Technologies P Ltd,2450,111
Govt of Gujarat,Vayam technologies Ltd,15652,770
Govt of Gujarat,eCentric solutions pvt ltd,4883,24
Govt of Himachal Pradesh,Wipro Ltd,631,57
Govt of Himachal Pradesh,i-Grandee SoftwareTechnologies,305,16
Govt of Karnataka ,BNR UDYOG LIMITED,208,8
Govt of Karnataka ,Bloom Solutions Pvt Ltd,3178,295
Govt of Karnataka ,MARS Telecom Systems Pvt Ltd,3220,331
Govt of Karnataka ,Ninestars Information Technologies Ltd,48,2109
Govt of Karnataka ,Origin ITFS Pvt Ltd,13182,2593
Govt of Karnataka ,Radiant Info Systems Ltd,365,1
Govt of Karnataka ,SREEVEN INFOCOM LIMITED,7754,2277
Govt of Kerala,Akshaya,27637,583
Govt of Kerala,Keltron,1675,66
Govt of Maharashtra,Adcc Infocad Pvt.Ltd Nagpur,132,2
Govt of Maharashtra,Alankit Finsec Ltd,390,1683
Govt of Maharashtra,Bharat Technical Solutions Private Limited,861,45
Govt of Maharashtra,Eagle press pvt ltd,390,252
Govt of Maharashtra,GLODYNE TECHNOSERVE,52,7
Govt of Maharashtra,Global Finsol Private Limited,526,269
Govt of Maharashtra,Karvy Computershare Private Li,15719,638
Govt of Maharashtra,M/S King Computer System pvt Ltd,569,50
Govt of Maharashtra,M/s. Vidya Online  Pune,397,6
Govt of Maharashtra,Narayana Electricals Solution Pvt Ltd,229,348
Govt of Maharashtra,Netlink software Pvt Ltd,4021,2194
Govt of Maharashtra,Network for Information & Computer,16,1
Govt of Maharashtra,Rudranee Infotech Ltd,1136,126
Govt of Maharashtra,SETU MAHARASHTRA,4608,159
Govt of Maharashtra,SHREERAM PRINTING PRESS,354,6
Govt of Maharashtra,SILVER JUBILEE MOTORS LTD.,51,0
Govt of Maharashtra,SPANCO,2960,239
Govt of Maharashtra,STRATEGIC OUTSOURCING SERVICE,4334,575
Govt of Maharashtra,Silver Touch Technologies Ltd,6191,396
Govt of Maharashtra,Systematic & Advance Const P L,331,64
Govt of Maharashtra,TechSmart India Pvt Ltd,895,347
Govt of Maharashtra,Tera Software Ltd,123,4
Govt of Maharashtra,Transline Technologies P Ltd,1460,276
Govt of Maharashtra,Wipro Ltd,4326,299
Govt of Sikkim - Dept of Econo,Department of Economics Statistics  Monitoring and Evaluation DESME,23,0
IDBI Bank ltd,ATISHAY INFOTECH PVT. LTD.,1153,140
IDBI Bank ltd,Matrix Processing House,569,8
IDBI Bank ltd,SREEVEN INFOCOM LIMITED,5956,745
IDBI Bank ltd,UTI TECHNOLOGY SERVICES LIMITE,2460,35
Indiapost,Delhi Integrated MMTS Ltd,74,1700
Indiapost,GLODYNE TECHNOSERVE,0,1
Indiapost,Global Finsol Private Limited,177,122
Indiapost,M/S STAR DATA CENTRE,372,6
Indiapost,MARS Telecom Systems Pvt Ltd,882,250
Indiapost,Smart Chip Limited,5,3
Indiapost,Vayam technologies Ltd,94,5
Indiapost,WEBEL,206,152
Information Technology & Communication Department,4G INFORMATICS,480,58
Information Technology & Communication Department,BNR UDYOG LIMITED,123,84
Information Technology & Communication Department,Bloom Solutions Pvt Ltd,28,18
Information Technology & Communication Department,CSS TECHNERGY LIMITED,0,6
Information Technology & Communication Department,Directorate of ESD,3089,101
Information Technology & Communication Department,GDC Advertising Pvt. Limited,6,14
Information Technology & Communication Department,JYOTHI COMPUTER SERVICES,416,462
Information Technology & Communication Department,Karvy Data Management Services,175,115
Information Technology & Communication Department,MARS Telecom Systems Pvt Ltd,188,35
Information Technology & Communication Department,SREEVEN INFOCOM LIMITED,411,32
Information Technology & Communication Department,Tera Software Ltd,839,141
Jharkhand,Alankit Assignments Limited,0,7
Jharkhand,Blue Circle Instrument,15,20
Jharkhand,Emdee Digitronics Pvt.Ltd.,1887,229
Jharkhand,MKS Enterprises,3226,179
Jharkhand,Nevaeh Technology Pvt. Ltd.,833,27
Jharkhand,STRATEGIC OUTSOURCING SERVICE,0,2
Jharkhand,Smart Chip Limited,62,4
Jharkhand,Systematic & Advance Const P L,86,1817
Jharkhand,VISION COMPTECH INTEGRATOR LTD,2665,682
Jharkhand,Wipro Ltd,8625,5229
Mission Convergence - GNCT Del,Karvy Computershare Private Li,119,36
Mission Convergence - GNCT Del,NVR & ASSOCIATES LIMITED,295,22
NSDL e-Governance Infrastructure Limited,Abhipra Capital Ltd,1179,611
NSDL e-Governance Infrastructure Limited,Alankit Assignments Limited,8163,1204
NSDL e-Governance Infrastructure Limited,Alankit Finsec Ltd,383,2
NSDL e-Governance Infrastructure Limited,Delhi Integrated MMTS Ltd,0,2
NSDL e-Governance Infrastructure Limited,Global Finsol Private Limited,376,127
NSDL e-Governance Infrastructure Limited,INTEGRATED REGISTRY SERVICES LTD,161,1
NSDL e-Governance Infrastructure Limited,Karvy Consultants Limited,0,4
NSDL e-Governance Infrastructure Limited,Karvy Data Management Services,19111,4614
NSDL e-Governance Infrastructure Limited,N.K. Sharma Enterprises Ltd.,322,5
NSDL e-Governance Infrastructure Limited,Netlink software Pvt Ltd,9270,3333
NSDL e-Governance Infrastructure Limited,PROWIZ MANSYTEMS PVT LTD,153,525
NSDL e-Governance Infrastructure Limited,Promind Solutions P Limited,4654,67
NSDL e-Governance Infrastructure Limited,Utility Forms Pvt Ltd,200,0
NSDL e-Governance Infrastructure Limited,VIRGO SOFTECH LIMITED,78,2490
Oriental Bank of Commerce,DATASOFT COMPUTER SERVICES(P),3863,176
Oriental Bank of Commerce,Euro Finmart Ltd,256,10
Oriental Bank of Commerce,FINANCIAL INFORMATION NETWORK,0,2
Oriental Bank of Commerce,JNET Technologies Pvt.Ltd,1183,418
Oriental Bank of Commerce,Redim Software Technologies Pvt Ltd,432,22
Oriental Bank of Commerce,Sri Ramraja Sarkar Lok Kalyan Trust,7264,2263
Oriental Bank of Commerce,Wipro Ltd,8646,1021
Principal Revenue Commissioner  Dept of Revenue  Govt of MP,Frontech Systems Pvt Ltd,3988,77
Principal Revenue Commissioner  Dept of Revenue  Govt of MP,GDC Advertising Pvt. Limited,1554,23
Principal Revenue Commissioner  Dept of Revenue  Govt of MP,K W Consulting P Ltd,8672,143
Principal Revenue Commissioner  Dept of Revenue  Govt of MP,LYRA  CONSULTANCY SERVICE,1869,84
Principal Revenue Commissioner  Dept of Revenue  Govt of MP,Netlink software Pvt Ltd,3252,99
Principal Revenue Commissioner  Dept of Revenue  Govt of MP,OSWAL COMPUTERS & CONSULTANTS,5821,259
Principal Revenue Commissioner  Dept of Revenue  Govt of MP,Tera Software Ltd,1924,44
Principal Revenue Commissioner  Dept of Revenue  Govt of MP,The NSIC ltd,1327,16
Principal Revenue Commissioner  Dept of Revenue  Govt of MP,Vedavaag Systems Limited,2396,28
Registrar General India - BEL,In Media Computer Services LLP,0,1
Registrar General India - BEL,Manipur Electronics Dev Corp,0,7
Registrar General India - BEL,Swathy Smartcards Hi-Tech Pvt,0,2
Registrar General India BEL2,Alankit Assignments Limited,0,3
Registrar General India BEL2,Computer LAB,13379,469
Registrar General India BEL2,Emdee Digitronics Pvt.Ltd.,5696,71
Registrar General India BEL2,In Media Computer Services LLP,114,1
Registrar General India BEL2,India Computer Technology,2761,586
Registrar General India BEL2,Karvy Data Management Services,562,184
Registrar General India BEL2,MACRO INFOTECH PVT LTD,2279,313
Registrar General India BEL2,Madras Security Printers Ltd,19289,1196
Registrar General India BEL2,Manipur Electronics Dev Corp,1365,4
Registrar General India BEL2,Multiwave Innovation,3559,1071
Registrar General India BEL2,NVR & ASSOCIATES LIMITED,56,3
Registrar General India BEL2,Netlink software Pvt Ltd,3143,123
Registrar General India BEL2,Nevaeh Technology Pvt. Ltd.,1892,168
Registrar General India BEL2,Nielsen  India  Private Limited,7206,473
Registrar General India BEL2,Om Softwares,7100,271
Registrar General India BEL2,SREEVEN INFOCOM LIMITED,0,2
Registrar General India BEL2,SREI INFRASTRUCTURE FINANCES L,335,0
Registrar General India BEL2,STRATEGIC OUTSOURCING SERVICE,3440,161
Registrar General India BEL2,Satyanarayana Raju Company Pvt ltd,1688,183
Registrar General India BEL2,Swathy Smartcards Hi-Tech Pvt,39957,7321
Registrar General India BEL2,Swiss Tech India Pvt Ltd,42,29
Registrar General India BEL2,Tera Software Ltd,1614,447
Registrar General India BEL2,UNITED DATA SERVICES PRIVATE LIMITED,7675,1354
Registrar General India BEL2,Urmila Info solution,442,0
Registrar General India BEL2,VIRGO SOFTECH LIMITED,1646,998
Registrar General India BEL2,Vansh Infotech Pvt Ltd,1549,129
Registrar General India BEL2,Vedavaag Systems Limited,12258,266
Registrar General India BEL2,Viesa Technologies,5242,12
Registrar General India BEL2,WEBEL,1448,19
Registrar General India ECIL,AVVAS INFOTECH PVT  LTD,20992,2343
Registrar General India ECIL,BUSINESS INFORMATION PROCESSING SERVICES,86,12
Registrar General India ECIL,COMTECH INSTITUTE OFTECHNOLOGY,4609,111
Registrar General India ECIL,COMTECHINFO SOLUTIONS PVT.LTD,3814,20
Registrar General India ECIL,Chinar Construction Company Prime agency,3699,108
Registrar General India ECIL,Clairvoyance Technologies Pvt.,0,22
Registrar General India ECIL,Computer LAB,26845,2667
Registrar General India ECIL,Eagle Software India Pvt. Ltd,75467,10321
Registrar General India ECIL,Esoft Consulting Limited,2349,28
Registrar General India ECIL,In Media Computer Services LLP,9439,678
Registrar General India ECIL,India Computer Technology,6085,3442
Registrar General India ECIL,Karvy Data Management Services,21905,1299
Registrar General India ECIL,Krishna Infotech,0,79
Registrar General India ECIL,LYRA  CONSULTANCY SERVICE,1,0
Registrar General India ECIL,Madras Security Printers Ltd,14787,6260
Registrar General India ECIL,Mphasis Ltd,9144,319
Registrar General India ECIL,Netwing Technologies Pvt Ltd,6,7
Registrar General India ECIL,Nielsen  India  Private Limited,879,33
Registrar General India ECIL,Pioneer E Labs limited,244,98
Registrar General India ECIL,Quick Data IT Services Pvt Ltd,3,2
Registrar General India ECIL,SARADA SYSTEMS,1192,425
Registrar General India ECIL,SWISSTECH NPR 57CR PROJECT PVT,6440,587
Registrar General India ECIL,Tera Software Ltd,3414,7113
Registrar General India ECIL,Vedavaag Systems Limited,3044,1382
Registrar General India Others,COMTECH INSTITUTE OFTECHNOLOGY,3,0
Registrar General India Others,COMTECHINFO SOLUTIONS PVT.LTD,8,1
Registrar General India Others,Eagle Software India Pvt. Ltd,2,0
Registrar General India Others,In Media Computer Services LLP,2,0
Registrar General India Others,India Computer Technology,7,1
Registrar General India Others,Karvy Data Management Services,8,0
Registrar General India Others,Madras Security Printers Ltd,0,17
Registrar General India Others,SARADA SYSTEMS,5,0
Registrar General India Others,Vedavaag Systems Limited,3,0
Registrar General India Others,WEBEL TECHNOLOGY LIMITED,12,0
Registrar General of India ITI,COMTECH INSTITUTE OFTECHNOLOGY,11,61
Registrar General of India ITI,CSS TECHNERGY LIMITED,0,9
Registrar General of India ITI,CommunitiWorks Welfare Society,0,308
Registrar General of India ITI,Eagle Software India Pvt. Ltd,8729,651
Registrar General of India ITI,Emdee Digitronics Pvt.Ltd.,49560,774
Registrar General of India ITI,FINANCIAL INFORMATION NETWORK,1433,3
Registrar General of India ITI,In Media Computer Services LLP,3247,86
Registrar General of India ITI,Karvy Data Management Services,7059,818
Registrar General of India ITI,Madras Security Printers Ltd,3720,63
Registrar General of India ITI,Mphasis Ltd,3259,724
Registrar General of India ITI,Multiwave Innovation,55,251
Registrar General of India ITI,Netlink software Pvt Ltd,333,73
Registrar General of India ITI,Netwing Technologies Pvt Ltd,0,1
Registrar General of India ITI,Nielsen  India  Private Limited,3193,1761
Registrar General of India ITI,PROTEX COMPUTER PVT LTD,20,0
Registrar General of India ITI,Quick Data IT Services Pvt Ltd,142,0
Registrar General of India ITI,SREEVEN INFOCOM LIMITED,4,88
Registrar General of India ITI,SREI INFRASTRUCTURE FINANCES L,309,0
Registrar General of India ITI,STRATEGIC OUTSOURCING SERVICE,1441,363
Registrar General of India ITI,Satyanarayana Raju Company Pvt ltd,317,229
Registrar General of India ITI,Swathy Smartcards Hi-Tech Pvt,15372,2501
Registrar General of India ITI,TechSmart India Pvt Ltd,0,16
Registrar General of India ITI,Urmila Info solution,0,1
Registrar General of India ITI,VIRGO SOFTECH LIMITED,3097,144
Registrar General of India ITI,Vedavaag Systems Limited,8510,69
Registrar General of India ITI,WEBEL TECHNOLOGY LIMITED,8124,295
Registrar General of India ITI,Webx Technologies Private Limited,348,0
State Bank of Bikaner & Jaipur,Multiwave Innovation,0,28
State Bank of Travancore,Tera Software Ltd,0,8
UIDAI-Registrar,UIDAI-EA,64,0
UT Of Daman and Diu,Alankit Assignments Limited,1,0
UT of Puducherry,Madras Security Printers Ltd,39,5
Union Bank,FINANCIAL INFORMATION NETWORK,31959,9847
Union Bank,Smart Chip Limited,20154,3655
Union Bank,Vakrangee Softwares Limited,72080,24047
