Registrar,Enrolment Agency,Aadhaar generated,Enrolment Rejected
Allahabad Bank,Vakrangee Softwares Limited,218,540
Bank Of India,A3 Logics  India  Ltd,3929,220
Bank Of India,Akanksha International,732,133
Bank Of India,Blue Circle Instrument,1351,95
Bank Of India,CHESSY CONSULTANTS PVT LTD,909,88
Bank Of India,DATASOFT COMPUTER SERVICES(P),2615,20
Bank Of India,Emdee Digitronics Pvt.Ltd.,39,20
Bank Of India,Frontech Systems Pvt Ltd,166,74
Bank Of India,ITI LIMITED,0,1
Bank Of India,MANTRA SOFTTECH (INDIA) PVTLTD,271,9
Bank Of India,Matrix Processing House,9865,547
Bank Of India,OSWAL COMPUTERS & CONSULTANTS,3511,480
Bank Of India,PROTEX COMPUTER PVT LTD,353,82
Bank Of India,SARADA SYSTEMS,2172,175
Bank Of India,SHRIKRISHNA KHANDASARI SUGAR M,1886,492
Bank Of India,SPANCO,3625,121
Bank Of India,SREI INFRASTRUCTURE FINANCES L,5215,426
Bank Of India,Silver Touch Technologies Ltd,345,45
Bank Of India,Systematic & Advance Const P L,5234,228
Bank Of India,VEETECHNOLOGIES PVT. LTD,5380,433
Bank Of India,VIRGO SOFTECH LIMITED,26,3
Bank Of India,Vakrangee Softwares Limited,4,50
Bank of Baroda,Global Finsol Private Limited,1257,91
Bank of Maharashtra,Alankit Finsec Ltd,133,7
Bank of Maharashtra,FINANCIAL INFORMATION NETWORK,902,50
Bank of Maharashtra,Micro Technologies India Ltd,857,95
Bank of Maharashtra,Tera Software Ltd,1977,285
CSC e-Governance Services India Limited,A I Soc for Electronics and Comp Tech,4798,431
CSC e-Governance Services India Limited,AKSH OPTIFIBRE LIMITED,2161,298
CSC e-Governance Services India Limited,BASIX,1599,482
CSC e-Governance Services India Limited,CALANCE SOFTWARE PRIVATE LTD,2212,130
CSC e-Governance Services India Limited,CMS Computers Ltd,10159,948
CSC e-Governance Services India Limited,CSC e-Governance Services India Limited,8873,480
CSC e-Governance Services India Limited,Intelligent Communication Sys India Ltd,286,36
CSC e-Governance Services India Limited,MANTRA SOFTTECH (INDIA) PVTLTD,2485,128
CSC e-Governance Services India Limited,Network for Information & Computer,1590,131
CSC e-Governance Services India Limited,Reliance Communication Limited,1693,151
CSC e-Governance Services India Limited,SPANCO,258,48
CSC e-Governance Services India Limited,Tera Software Ltd,326,36
CSC e-Governance Services India Limited,United Telecoms e-Services Pvt Ltd,753,249
CSC e-Governance Services India Limited,VIKALP MULTIMEDIA,306,138
CSC e-Governance Services India Limited,Vakrangee Softwares Limited,2917,180
CSC e-Governance Services India Limited,Zephyr System Pvt.Ltd.,1659,155
Canara Bank,Ojus Healthcare Private Limited,180,26
Central Bank of India,CALANCE SOFTWARE PRIVATE LTD,2086,108
Central Bank of India,IAP COMPANY Pvt. Ltd,5345,615
Central Bank of India,MANTRA SOFTTECH (INDIA) PVTLTD,9,0
Central Bank of India,The Peerless General Finance,475,59
DENA BANK,ATISHAY INFOTECH PVT. LTD.,1222,153
DENA BANK,AVVAS INFOTECH PVT  LTD,35,0
DENA BANK,BNR UDYOG LIMITED,339,31
DENA BANK,Bloom Solutions Pvt Ltd,1736,911
DENA BANK,Business Information Processing Services,312,113
DENA BANK,C-SAASTRA SOLUTIONS PVT LTD,1,0
DENA BANK,CALANCE SOFTWARE PRIVATE LTD,502,80
DENA BANK,DATASOFT COMPUTER SERVICES(P),241,29
DENA BANK,DEVASHISH SECURITIES PVT. LTD.,40,2
DENA BANK,Gujarat Infotech Ltd.,1275,54
DENA BANK,IAP COMPANY Pvt. Ltd,645,48
DENA BANK,JNET Technologies Pvt.Ltd,1518,137
DENA BANK,K W Consulting P Ltd,1354,357
DENA BANK,MARS Telecom Systems Pvt Ltd,49,7
DENA BANK,Multiwave Innovation,2649,359
DENA BANK,Narayana Electricals Solution Pvt Ltd,694,138
DENA BANK,Netlink software Pvt Ltd,1410,105
DENA BANK,Offshoot Agency Pvt. Ltd.,3,3
DENA BANK,Ortem Securities Limited,4,0
DENA BANK,Prodigy Systems and Services Private Limited,188,64
DENA BANK,Soc for Advancement of Environ Science,253,50
DENA BANK,Super Printers,543,52
DENA BANK,Systematic & Advance Const P L,2441,213
DENA BANK,TechSmart India Pvt Ltd,1073,1147
DENA BANK,Tera Software Ltd,455,44
DENA BANK,WEBEL,280,36
DENA BANK,Zephyr System Pvt.Ltd.,903,75
Delhi - Central DC,Smart Chip Limited,87,35
Delhi - East DC,DATASOFT COMPUTER SERVICES(P),1110,124
Delhi - ND DC,Smart Chip Limited,25,7
Delhi - NE DC,Smart Chip Limited,101,60
Delhi - North DC,CALANCE SOFTWARE PRIVATE LTD,466,182
Delhi - North DC,NVR & ASSOCIATES LIMITED,431,182
Delhi - North DC,Smart Chip Limited,271,370
Delhi SW DC,VIRGO SOFTECH LIMITED,413,70
Delhi Urban Shelter Improvemen,Tera Software Ltd,0,1
Delhi- South DC,Karvy Computershare Private Li,62,64
Delhi- South DC,Smart Chip Limited,30,6
Delhi- South DC,Tera Software Ltd,0,1
Delhi- West DC,Smart Chip Limited,33,6
Delhi- West DC,VIRGO SOFTECH LIMITED,314,87
Delhi-NW DC,Karvy Computershare Private Li,33,43
Department of Information Technology Govt of Jharkhand,Blue Circle Instrument,53,32
Department of Information Technology Govt of Jharkhand,MKS Enterprises,255,46
Department of Information Technology Govt of Jharkhand,Systematic & Advance Const P L,3,1
Department of Information Technology Govt of Jharkhand,Vayam technologies Ltd,4,0
Department of Information Technology Govt of Jharkhand,Wipro Ltd,405,38
Dept of ITC Govt of Rajasthan,ATISHAY INFOTECH PVT. LTD.,3620,159
Dept of ITC Govt of Rajasthan,AVVAS INFOTECH PVT  LTD,2992,165
Dept of ITC Govt of Rajasthan,Alankit Finsec Ltd,1617,128
Dept of ITC Govt of Rajasthan,Business Information Processing Services,536,42
Dept of ITC Govt of Rajasthan,DATASOFT COMPUTER SERVICES(P),2890,184
Dept of ITC Govt of Rajasthan,Gem Computers,552,21
Dept of ITC Govt of Rajasthan,MANTRA SOFTTECH (INDIA) PVTLTD,234,36
Dept of ITC Govt of Rajasthan,Multiwave Innovation,808,59
Dept of ITC Govt of Rajasthan,Netlink software Pvt Ltd,801,127
Dept of ITC Govt of Rajasthan,TechSmart India Pvt Ltd,751,51
Dept of ITC Govt of Rajasthan,Transline Technologies P Ltd,2664,138
Dept of ITC Govt of Rajasthan,VIRGO SOFTECH LIMITED,830,161
Dept of ITC Govt of Rajasthan,Vakrangee Softwares Limited,5422,567
Dept of ITC Govt of Rajasthan,Vayam technologies Ltd,1752,106
FCR Govt of Haryana,4G INFORMATICS,447,56
FCR Govt of Haryana,Radiant Info Systems Ltd,221,33
FCR Govt of Haryana,Vakrangee Softwares Limited,6,55
FCR Govt of Haryana,Vayam technologies Ltd,413,17
FCS Govt of Punjab,CSS TECHNERGY LIMITED,5,7
FCS Govt of Punjab,Delhi Integrated MMTS Ltd,0,1
FCS Govt of Punjab,District Sukhmani Society Amritsar Punjab,4,12
FCS Govt of Punjab,District Sukhmani Society Barnala Punjab,8,8
FCS Govt of Punjab,District Sukhmani Society Fazilka Punjab,1,4
FCS Govt of Punjab,District Sukhmani Society Ferozepur Punjab,24,5
FCS Govt of Punjab,District Sukhmani Society For Citizen Services Mansa Punjab,1,0
FCS Govt of Punjab,District Sukhmani Society For Citizen Services Nawanshahr Punjab,2,1
FCS Govt of Punjab,District Sukhmani Society For Citizen Services SAS Nagar District e-Governance Society Punjab,1,0
FCS Govt of Punjab,Diwakar Commercials Pvt Ltd,0,1
FCS Govt of Punjab,Karvy Computershare Private Li,859,173
FCS Govt of Punjab,Sukhmani Society For Citizens Services Faridkot Punjab,6,0
FCS Govt of Punjab,Suwidha Society Hoshiarpur Punjab,17,3
FCS Govt of Punjab,Vayam technologies Ltd,4220,157
FCS Govt of Punjab,eCentric solutions pvt ltd,1448,265
Govt of Andhra Pradesh,Gouthami Educational Society,162,572
Govt of Andhra Pradesh,GrapeSoft,138,379
Govt of Andhra Pradesh,INFRONICS SYSTEMS LTD,963,285
Govt of Andhra Pradesh,SREEVEN INFOCOM LIMITED,214,107
Govt of Andhra Pradesh,TechSmart India Pvt Ltd,613,236
Govt of Andhra Pradesh,Tera Software Ltd,192,79
Govt of Andhra Pradesh,eCentric solutions pvt ltd,0,2
Govt of Goa,MARS Telecom Systems Pvt Ltd,13,10
Govt of Goa,Tera Software Ltd,0,1
Govt of Gujarat,GSS Infotech Ltd,4273,168
Govt of Gujarat,Karvy Computershare Private Li,7849,257
Govt of Gujarat,Silver Touch Technologies Ltd,8319,752
Govt of Gujarat,Tera Software Ltd,6785,269
Govt of Gujarat,Transline Technologies P Ltd,1168,23
Govt of Gujarat,Vayam technologies Ltd,4363,351
Govt of Gujarat,eCentric solutions pvt ltd,1341,41
Govt of Himachal Pradesh,Wipro Ltd,226,52
Govt of Himachal Pradesh,i-Grandee SoftwareTechnologies,388,96
Govt of Karnataka ,BNR UDYOG LIMITED,344,206
Govt of Karnataka ,Bloom Solutions Pvt Ltd,1021,41
Govt of Karnataka ,MARS Telecom Systems Pvt Ltd,5611,726
Govt of Karnataka ,Ninestars Information Technologies Ltd,3247,747
Govt of Karnataka ,Om Softwares,1,2
Govt of Karnataka ,Origin ITFS Pvt Ltd,11708,2557
Govt of Karnataka ,Radiant Info Systems Ltd,93,14
Govt of Karnataka ,SREEVEN INFOCOM LIMITED,3898,605
Govt of Kerala,Akshaya,1739,333
Govt of Kerala,Keltron,253,131
Govt of Maharashtra,Adcc Infocad Pvt.Ltd Nagpur,12,2
Govt of Maharashtra,Alankit Finsec Ltd,715,100
Govt of Maharashtra,Bharat Technical Solutions Private Limited,236,19
Govt of Maharashtra,Eagle press pvt ltd,50,19
Govt of Maharashtra,GLODYNE TECHNOSERVE,17,126
Govt of Maharashtra,Global Finsol Private Limited,159,40
Govt of Maharashtra,Karvy Computershare Private Li,3970,1816
Govt of Maharashtra,M/S King Computer System pvt Ltd,321,31
Govt of Maharashtra,M/s. Vidya Online  Pune,188,14
Govt of Maharashtra,Mahaonline Limited,0,2
Govt of Maharashtra,Narayana Electricals Solution Pvt Ltd,208,8
Govt of Maharashtra,Netlink software Pvt Ltd,1208,591
Govt of Maharashtra,Network for Information & Computer,7,30
Govt of Maharashtra,Obel projects Pvt Ltd,0,1
Govt of Maharashtra,Rudranee Infotech Ltd,329,31
Govt of Maharashtra,SETU MAHARASHTRA,1173,146
Govt of Maharashtra,SHREERAM PRINTING PRESS,273,44
Govt of Maharashtra,SILVER JUBILEE MOTORS LTD.,1,7
Govt of Maharashtra,SPANCO,676,53
Govt of Maharashtra,STRATEGIC OUTSOURCING SERVICE,751,122
Govt of Maharashtra,Silver Touch Technologies Ltd,1249,138
Govt of Maharashtra,Systematic & Advance Const P L,26,5
Govt of Maharashtra,TechSmart India Pvt Ltd,608,116
Govt of Maharashtra,Tera Software Ltd,1,7
Govt of Maharashtra,Transline Technologies P Ltd,86,30
Govt of Maharashtra,Wipro Ltd,2132,110
Govt of Sikkim - Dept of Econo,Department of Economics Statistics  Monitoring and Evaluation DESME,13,6
IDBI Bank ltd,ATISHAY INFOTECH PVT. LTD.,482,164
IDBI Bank ltd,Matrix Processing House,90,28
IDBI Bank ltd,SREEVEN INFOCOM LIMITED,1108,156
IDBI Bank ltd,UTI TECHNOLOGY SERVICES LIMITE,1305,73
Indiapost,Delhi Integrated MMTS Ltd,6877,246
Indiapost,Global Finsol Private Limited,1793,279
Indiapost,M/S STAR DATA CENTRE,137,78
Indiapost,MARS Telecom Systems Pvt Ltd,707,554
Indiapost,Smart Chip Limited,59,8
Indiapost,Vayam technologies Ltd,351,86
Indiapost,WEBEL,114,33
Information Technology & Communication Department,4G INFORMATICS,8597,713
Information Technology & Communication Department,BNR UDYOG LIMITED,6371,161
Information Technology & Communication Department,Bloom Solutions Pvt Ltd,338,31
Information Technology & Communication Department,CSS TECHNERGY LIMITED,10,12
Information Technology & Communication Department,Directorate of ESD,329,153
Information Technology & Communication Department,GDC Advertising Pvt. Limited,2,8
Information Technology & Communication Department,JYOTHI COMPUTER SERVICES,1252,105
Information Technology & Communication Department,Karvy Data Management Services,195,23
Information Technology & Communication Department,MARS Telecom Systems Pvt Ltd,456,517
Information Technology & Communication Department,SREEVEN INFOCOM LIMITED,5008,709
Information Technology & Communication Department,Tera Software Ltd,812,126
Jharkhand,Blue Circle Instrument,7,1
Jharkhand,Emdee Digitronics Pvt.Ltd.,588,53
Jharkhand,MKS Enterprises,380,123
Jharkhand,Nevaeh Technology Pvt. Ltd.,821,123
Jharkhand,STRATEGIC OUTSOURCING SERVICE,0,8
Jharkhand,Smart Chip Limited,50,114
Jharkhand,Systematic & Advance Const P L,311,27
Jharkhand,VISION COMPTECH INTEGRATOR LTD,589,554
Jharkhand,Wipro Ltd,1988,491
Mission Convergence - GNCT Del,Karvy Computershare Private Li,22,11
Mission Convergence - GNCT Del,NVR & ASSOCIATES LIMITED,145,27
NSDL e-Governance Infrastructure Limited,Abhipra Capital Ltd,2710,229
NSDL e-Governance Infrastructure Limited,Alankit Assignments Limited,5708,1581
NSDL e-Governance Infrastructure Limited,Alankit Finsec Ltd,47,2
NSDL e-Governance Infrastructure Limited,Delhi Integrated MMTS Ltd,96,1
NSDL e-Governance Infrastructure Limited,Global Finsol Private Limited,82,1
NSDL e-Governance Infrastructure Limited,INTEGRATED REGISTRY SERVICES LTD,45,4
NSDL e-Governance Infrastructure Limited,Karvy Consultants Limited,13,5
NSDL e-Governance Infrastructure Limited,Karvy Data Management Services,10517,1661
NSDL e-Governance Infrastructure Limited,N.K. Sharma Enterprises Ltd.,60,3
NSDL e-Governance Infrastructure Limited,Netlink software Pvt Ltd,5045,1127
NSDL e-Governance Infrastructure Limited,PROWIZ MANSYTEMS PVT LTD,1371,94
NSDL e-Governance Infrastructure Limited,Promind Solutions P Limited,1143,58
NSDL e-Governance Infrastructure Limited,Utility Forms Pvt Ltd,20,4
NSDL e-Governance Infrastructure Limited,VIRGO SOFTECH LIMITED,2448,118
Oriental Bank of Commerce,DATASOFT COMPUTER SERVICES(P),618,98
Oriental Bank of Commerce,Euro Finmart Ltd,25,15
Oriental Bank of Commerce,JNET Technologies Pvt.Ltd,921,137
Oriental Bank of Commerce,Redim Software Technologies Pvt Ltd,388,43
Oriental Bank of Commerce,Sri Ramraja Sarkar Lok Kalyan Trust,3707,424
Oriental Bank of Commerce,Wipro Ltd,3319,462
Principal Revenue Commissioner  Dept of Revenue  Govt of MP,Frontech Systems Pvt Ltd,1184,51
Principal Revenue Commissioner  Dept of Revenue  Govt of MP,GDC Advertising Pvt. Limited,339,44
Principal Revenue Commissioner  Dept of Revenue  Govt of MP,K W Consulting P Ltd,1545,668
Principal Revenue Commissioner  Dept of Revenue  Govt of MP,LYRA  CONSULTANCY SERVICE,307,94
Principal Revenue Commissioner  Dept of Revenue  Govt of MP,Netlink software Pvt Ltd,642,274
Principal Revenue Commissioner  Dept of Revenue  Govt of MP,OSWAL COMPUTERS & CONSULTANTS,608,418
Principal Revenue Commissioner  Dept of Revenue  Govt of MP,Tera Software Ltd,325,83
Principal Revenue Commissioner  Dept of Revenue  Govt of MP,The NSIC ltd,539,107
Principal Revenue Commissioner  Dept of Revenue  Govt of MP,Vedavaag Systems Limited,627,89
RDD Govt of Tripura,Alankit Assignments Limited,0,81
Registrar General India - BEL,Manipur Electronics Dev Corp,1,1
Registrar General India - BEL,Swathy Smartcards Hi-Tech Pvt,0,1
Registrar General India BEL2,Alankit Assignments Limited,15,2
Registrar General India BEL2,Computer LAB,2487,133
Registrar General India BEL2,Emdee Digitronics Pvt.Ltd.,1036,126
Registrar General India BEL2,In Media Computer Services LLP,25,9
Registrar General India BEL2,India Computer Technology,17055,1295
Registrar General India BEL2,Karvy Data Management Services,67,3
Registrar General India BEL2,MACRO INFOTECH PVT LTD,5298,143
Registrar General India BEL2,MKS Enterprises,1,0
Registrar General India BEL2,Madras Security Printers Ltd,11732,975
Registrar General India BEL2,Manipur Electronics Dev Corp,1236,13
Registrar General India BEL2,Multiwave Innovation,4407,282
Registrar General India BEL2,NVR & ASSOCIATES LIMITED,23,6
Registrar General India BEL2,Netlink software Pvt Ltd,1872,229
Registrar General India BEL2,Nevaeh Technology Pvt. Ltd.,865,58
Registrar General India BEL2,Nielsen  India  Private Limited,2138,155
Registrar General India BEL2,Om Softwares,8947,6071
Registrar General India BEL2,SREI INFRASTRUCTURE FINANCES L,143,95
Registrar General India BEL2,STRATEGIC OUTSOURCING SERVICE,2416,110
Registrar General India BEL2,Satyanarayana Raju Company Pvt ltd,419,12
Registrar General India BEL2,Swathy Smartcards Hi-Tech Pvt,46573,2355
Registrar General India BEL2,Swiss Tech India Pvt Ltd,9,27
Registrar General India BEL2,Tera Software Ltd,903,350
Registrar General India BEL2,UNITED DATA SERVICES PRIVATE LIMITED,5450,156
Registrar General India BEL2,Urmila Info solution,63,4
Registrar General India BEL2,VIRGO SOFTECH LIMITED,175,77
Registrar General India BEL2,Vansh Infotech Pvt Ltd,744,36
Registrar General India BEL2,Vedavaag Systems Limited,5054,202
Registrar General India BEL2,Viesa Technologies,1666,23
Registrar General India BEL2,WEBEL,885,6
Registrar General India ECIL,AVVAS INFOTECH PVT  LTD,3954,296
Registrar General India ECIL,BUSINESS INFORMATION PROCESSING SERVICES,178,2
Registrar General India ECIL,COMTECH INSTITUTE OFTECHNOLOGY,2711,373
Registrar General India ECIL,COMTECHINFO SOLUTIONS PVT.LTD,1396,89
Registrar General India ECIL,Chinar Construction Company Prime agency,1556,12
Registrar General India ECIL,Clairvoyance Technologies Pvt.,4,11
Registrar General India ECIL,Computer LAB,11733,492
Registrar General India ECIL,Eagle Software India Pvt. Ltd,41903,2416
Registrar General India ECIL,Esoft Consulting Limited,413,11
Registrar General India ECIL,In Media Computer Services LLP,1776,281
Registrar General India ECIL,India Computer Technology,38115,4246
Registrar General India ECIL,Karvy Data Management Services,8432,509
Registrar General India ECIL,Krishna Infotech,255,623
Registrar General India ECIL,Madras Security Printers Ltd,23003,1861
Registrar General India ECIL,Mphasis Ltd,4737,269
Registrar General India ECIL,Netwing Technologies Pvt Ltd,120,2
Registrar General India ECIL,Nielsen  India  Private Limited,1149,15
Registrar General India ECIL,Pioneer E Labs limited,488,52
Registrar General India ECIL,Quick Data IT Services Pvt Ltd,34,7
Registrar General India ECIL,SARADA SYSTEMS,753,11
Registrar General India ECIL,SWISSTECH NPR 57CR PROJECT PVT,4167,493
Registrar General India ECIL,Tera Software Ltd,2628,68
Registrar General India ECIL,Vedavaag Systems Limited,4049,331
Registrar General India Others,AVVAS INFOTECH PVT  LTD,5,1
Registrar General India Others,COMTECHINFO SOLUTIONS PVT.LTD,1,0
Registrar General India Others,Chinar Construction Company Prime agency,1,0
Registrar General India Others,Computer LAB,10,7
Registrar General India Others,Eagle Software India Pvt. Ltd,1,0
Registrar General India Others,In Media Computer Services LLP,2,1
Registrar General India Others,Karvy Data Management Services,2,1
Registrar General India Others,Madras Security Printers Ltd,58,12
Registrar General India Others,Swathy Smartcards Hi-Tech Pvt,2,24
Registrar General India Others,Vansh Infotech Pvt Ltd,1,0
Registrar General India Others,Vedavaag Systems Limited,0,8
Registrar General India Others,WEBEL,2,0
Registrar General India Others,WEBEL TECHNOLOGY LIMITED,2,0
Registrar General of India ITI,COMTECH INSTITUTE OFTECHNOLOGY,193,5
Registrar General of India ITI,CSS TECHNERGY LIMITED,1129,14
Registrar General of India ITI,CommunitiWorks Welfare Society,505,72
Registrar General of India ITI,Eagle Software India Pvt. Ltd,5844,142
Registrar General of India ITI,Emdee Digitronics Pvt.Ltd.,9785,1176
Registrar General of India ITI,FINANCIAL INFORMATION NETWORK,20,7
Registrar General of India ITI,In Media Computer Services LLP,637,22
Registrar General of India ITI,Karvy Data Management Services,9808,527
Registrar General of India ITI,Madras Security Printers Ltd,405,8
Registrar General of India ITI,Mphasis Ltd,1480,176
Registrar General of India ITI,Multiwave Innovation,6,7
Registrar General of India ITI,Netlink software Pvt Ltd,1455,83
Registrar General of India ITI,Nielsen  India  Private Limited,1648,494
Registrar General of India ITI,Quick Data IT Services Pvt Ltd,7,2
Registrar General of India ITI,SREEVEN INFOCOM LIMITED,4,5
Registrar General of India ITI,SREI INFRASTRUCTURE FINANCES L,40,10
Registrar General of India ITI,STRATEGIC OUTSOURCING SERVICE,1111,42
Registrar General of India ITI,Satyanarayana Raju Company Pvt ltd,642,54
Registrar General of India ITI,Swathy Smartcards Hi-Tech Pvt,680,1802
Registrar General of India ITI,TechSmart India Pvt Ltd,0,10
Registrar General of India ITI,Urmila Info solution,2,0
Registrar General of India ITI,VIRGO SOFTECH LIMITED,1455,895
Registrar General of India ITI,Vedavaag Systems Limited,2865,272
Registrar General of India ITI,WEBEL TECHNOLOGY LIMITED,2831,96
Registrar General of India ITI,Webx Technologies Private Limited,56,0
State Bank of Bikaner & Jaipur,Multiwave Innovation,2054,57
State Bank of Travancore,Tera Software Ltd,130,9
UIDAI-Registrar,UIDAI-EA,28,4
UT Of Daman and Diu,Alankit Assignments Limited,0,2
UT of Puducherry,Madras Security Printers Ltd,9,9
Union Bank,FINANCIAL INFORMATION NETWORK,10718,2334
Union Bank,Smart Chip Limited,11363,2597
Union Bank,Vakrangee Softwares Limited,14799,1200
