Registrar,Enrolment Agency,Aadhaar generated,Enrolment Rejected
Allahabad Bank,Tera Software Ltd,0,2
Allahabad Bank,Vakrangee Softwares Limited,170,44
Bank Of India,A3 Logics  India  Ltd,4682,1299
Bank Of India,Akanksha International,1272,59
Bank Of India,Blue Circle Instrument,1648,140
Bank Of India,CHESSY CONSULTANTS PVT LTD,552,58
Bank Of India,DATASOFT COMPUTER SERVICES(P),1440,119
Bank Of India,Emdee Digitronics Pvt.Ltd.,150,39
Bank Of India,Frontech Systems Pvt Ltd,369,106
Bank Of India,ITI LIMITED,0,1
Bank Of India,MANTRA SOFTTECH (INDIA) PVTLTD,214,29
Bank Of India,Matrix Processing House,11085,957
Bank Of India,OSWAL COMPUTERS & CONSULTANTS,5252,1047
Bank Of India,PROTEX COMPUTER PVT LTD,559,182
Bank Of India,SARADA SYSTEMS,2655,218
Bank Of India,SHRIKRISHNA KHANDASARI SUGAR M,4800,433
Bank Of India,SPANCO,4391,281
Bank Of India,SREI INFRASTRUCTURE FINANCES L,6848,739
Bank Of India,Silver Touch Technologies Ltd,682,46
Bank Of India,Systematic & Advance Const P L,8386,851
Bank Of India,VEETECHNOLOGIES PVT. LTD,4534,582
Bank Of India,VIRGO SOFTECH LIMITED,21,0
Bank Of India,Vakrangee Softwares Limited,22,111
Bank of Baroda,DATASOFT COMPUTER SERVICES(P),0,3
Bank of Baroda,Global Finsol Private Limited,2514,158
Bank of Maharashtra,Alankit Finsec Ltd,619,50
Bank of Maharashtra,FINANCIAL INFORMATION NETWORK,305,136
Bank of Maharashtra,Micro Technologies India Ltd,801,68
Bank of Maharashtra,Tera Software Ltd,3587,249
CSC e-Governance Services India Limited,A I Soc for Electronics and Comp Tech,4989,915
CSC e-Governance Services India Limited,AKSH OPTIFIBRE LIMITED,2611,236
CSC e-Governance Services India Limited,BASIX,2301,175
CSC e-Governance Services India Limited,CALANCE SOFTWARE PRIVATE LTD,1073,245
CSC e-Governance Services India Limited,CMS Computers Ltd,10160,1153
CSC e-Governance Services India Limited,CSC e-Governance Services India Limited,4696,818
CSC e-Governance Services India Limited,Intelligent Communication Systems India Limited,193,124
CSC e-Governance Services India Limited,MANTRA SOFTTECH (INDIA) PVTLTD,1498,53
CSC e-Governance Services India Limited,Network for Information & Computer,3467,261
CSC e-Governance Services India Limited,Reliance Communication Limited,2070,385
CSC e-Governance Services India Limited,SPANCO,561,100
CSC e-Governance Services India Limited,Tera Software Ltd,251,43
CSC e-Governance Services India Limited,United Telecoms e-Services Pvt Ltd,977,130
CSC e-Governance Services India Limited,VIKALP MULTIMEDIA,291,33
CSC e-Governance Services India Limited,Vakrangee Softwares Limited,4335,164
CSC e-Governance Services India Limited,Zephyr System Pvt.Ltd.,2117,23
Canara Bank,Ojus Healthcare Private Limited,100,5
Central Bank of India,CALANCE SOFTWARE PRIVATE LTD,1281,370
Central Bank of India,GSS Infotech Ltd,0,1
Central Bank of India,IAP COMPANY Pvt. Ltd,6513,1016
Central Bank of India,IL&FS LTD,0,14
Central Bank of India,MANTRA SOFTTECH (INDIA) PVTLTD,9,7
Central Bank of India,SREI INFRASTRUCTURE FINANCES L,2,4
Central Bank of India,The Peerless General Finance,506,40
DENA BANK,ATISHAY INFOTECH PVT. LTD.,2345,279
DENA BANK,BNR UDYOG LIMITED,1214,6
DENA BANK,Bloom Solutions Pvt Ltd,2650,722
DENA BANK,Business Information Processing Services,721,29
DENA BANK,C-SAASTRA SOLUTIONS PVT LTD,226,1
DENA BANK,CALANCE SOFTWARE PRIVATE LTD,994,75
DENA BANK,DATASOFT COMPUTER SERVICES(P),392,9
DENA BANK,DEVASHISH SECURITIES PVT. LTD.,84,0
DENA BANK,Gujarat Infotech Ltd.,1082,7
DENA BANK,IAP COMPANY Pvt. Ltd,1425,12
DENA BANK,JNET Technologies Pvt.Ltd,1947,146
DENA BANK,K W Consulting P Ltd,946,89
DENA BANK,MARS Telecom Systems Pvt Ltd,19,0
DENA BANK,Multiwave Innovation,3461,168
DENA BANK,Narayana Electricals Solution Pvt Ltd,840,46
DENA BANK,Netlink software Pvt Ltd,1996,60
DENA BANK,Ortem Securities Limited,3,1
DENA BANK,Prodigy Systems and Services Private Limited,607,131
DENA BANK,Soc for Advancement of Environ Science,339,152
DENA BANK,Super Printers,631,17
DENA BANK,Systematic & Advance Const P L,3300,57
DENA BANK,TechSmart India Pvt Ltd,3507,1839
DENA BANK,Tera Software Ltd,1104,154
DENA BANK,WEBEL,918,22
DENA BANK,Zephyr System Pvt.Ltd.,563,3
Delhi - Central DC,Smart Chip Limited,1305,187
Delhi - East DC,DATASOFT COMPUTER SERVICES(P),961,236
Delhi - East DC,Tera Software Ltd,0,1
Delhi - ND DC,Smart Chip Limited,323,53
Delhi - NE DC,Alankit Assignments Limited,0,1
Delhi - NE DC,Smart Chip Limited,362,177
Delhi - NE DC,Smart ID,0,1
Delhi - North DC,CALANCE SOFTWARE PRIVATE LTD,848,365
Delhi - North DC,DATASOFT COMPUTER SERVICES(P),0,1
Delhi - North DC,NVR & ASSOCIATES LIMITED,646,287
Delhi - North DC,Smart Chip Limited,236,170
Delhi SW DC,STRATEGIC OUTSOURCING SERVICE,3,5
Delhi SW DC,VIRGO SOFTECH LIMITED,546,158
Delhi Urban Shelter Improvemen,Alankit Assignments Limited,0,1
Delhi Urban Shelter Improvemen,STRATEGIC OUTSOURCING SERVICE,0,3
Delhi Urban Shelter Improvemen,Tera Software Ltd,0,3
Delhi- South DC,Karvy Computershare Private Li,205,84
Delhi- South DC,Smart Chip Limited,159,33
Delhi- South DC,Tera Software Ltd,0,3
Delhi- West DC,Matrix Processing House,0,8
Delhi- West DC,Smart Chip Limited,147,87
Delhi- West DC,VIRGO SOFTECH LIMITED,565,230
Delhi-NW DC,Karvy Computershare Private Li,47,83
Delhi-NW DC,STRATEGIC OUTSOURCING SERVICE,0,5
Department of Information Technology Govt of Jharkhand,Blue Circle Instrument,56,177
Department of Information Technology Govt of Jharkhand,MKS Enterprises,1126,157
Department of Information Technology Govt of Jharkhand,Smart ID,0,1
Department of Information Technology Govt of Jharkhand,Systematic & Advance Const P L,6,1
Department of Information Technology Govt of Jharkhand,Vayam technologies Ltd,36,0
Department of Information Technology Govt of Jharkhand,Wipro Ltd,288,18
Dept of ITC Govt of Rajasthan,ATISHAY INFOTECH PVT. LTD.,4924,683
Dept of ITC Govt of Rajasthan,AVVAS INFOTECH PVT  LTD,6872,1156
Dept of ITC Govt of Rajasthan,Alankit Finsec Ltd,2749,524
Dept of ITC Govt of Rajasthan,Business Information Processing Services,933,142
Dept of ITC Govt of Rajasthan,DATASOFT COMPUTER SERVICES(P),4579,668
Dept of ITC Govt of Rajasthan,Gem Computers,1836,39
Dept of ITC Govt of Rajasthan,MANTRA SOFTTECH (INDIA) PVTLTD,520,15
Dept of ITC Govt of Rajasthan,Multiwave Innovation,2526,230
Dept of ITC Govt of Rajasthan,Netlink software Pvt Ltd,1612,111
Dept of ITC Govt of Rajasthan,TechSmart India Pvt Ltd,1895,179
Dept of ITC Govt of Rajasthan,Transline Technologies P Ltd,4195,499
Dept of ITC Govt of Rajasthan,VIRGO SOFTECH LIMITED,789,90
Dept of ITC Govt of Rajasthan,Vakrangee Softwares Limited,10477,2002
Dept of ITC Govt of Rajasthan,Vayam technologies Ltd,2540,357
FCR Govt of Haryana,4G INFORMATICS,518,22
FCR Govt of Haryana,Radiant Info Systems Ltd,221,2
FCR Govt of Haryana,Vakrangee Softwares Limited,37,103
FCR Govt of Haryana,Vayam technologies Ltd,426,20
FCS Govt of Punjab,Alankit Assignments Limited,0,11
FCS Govt of Punjab,Alankit Finsec Ltd,0,4
FCS Govt of Punjab,CSS TECHNERGY LIMITED,96,265
FCS Govt of Punjab,Delhi Integrated MMTS Ltd,1,2
FCS Govt of Punjab,District Sukhmani Society Amritsar Punjab,22,1
FCS Govt of Punjab,District Sukhmani Society Barnala Punjab,11,1
FCS Govt of Punjab,District Sukhmani Society Fatehgarh Sahib Punjab,1,0
FCS Govt of Punjab,District Sukhmani Society Fazilka Punjab,0,1
FCS Govt of Punjab,District Sukhmani Society Ferozepur Punjab,48,2
FCS Govt of Punjab,District Sukhmani Society For Citizen Services Nawanshahr Punjab,1,0
FCS Govt of Punjab,District Sukhmani Society For Citizen Services SAS Nagar District e-Governance Society Punjab,1,0
FCS Govt of Punjab,District Sukhmani Society Sangrur Punjab,1,0
FCS Govt of Punjab,Diwakar Commercials Pvt Ltd,0,1
FCS Govt of Punjab,Karvy Computershare Private Li,1496,377
FCS Govt of Punjab,Sukhmani Society For Citizens Services Faridkot Punjab,1,0
FCS Govt of Punjab,Suwidha Society Hoshiarpur Punjab,29,1
FCS Govt of Punjab,VIRGO SOFTECH LIMITED,0,5
FCS Govt of Punjab,Vayam technologies Ltd,3733,532
FCS Govt of Punjab,eCentric solutions pvt ltd,1815,271
Govt of Andhra Pradesh,Gouthami Educational Society,167,165
Govt of Andhra Pradesh,GrapeSoft,797,79
Govt of Andhra Pradesh,IL&FS LTD,1,23
Govt of Andhra Pradesh,INFRONICS SYSTEMS LTD,703,230
Govt of Andhra Pradesh,Madras Security Printers Ltd,5,193
Govt of Andhra Pradesh,SREEVEN INFOCOM LIMITED,344,79
Govt of Andhra Pradesh,Smart Chip Limited,0,16
Govt of Andhra Pradesh,TechSmart India Pvt Ltd,568,263
Govt of Andhra Pradesh,Tera Software Ltd,675,221
Govt of Andhra Pradesh,eCentric solutions pvt ltd,0,37
Govt of Goa,COMAT TECHNOLOGIES P LTD,0,1
Govt of Goa,MARS Telecom Systems Pvt Ltd,72,21
Govt of Gujarat,GSS Infotech Ltd,3313,144
Govt of Gujarat,Karvy Computershare Private Li,14129,450
Govt of Gujarat,Silver Touch Technologies Ltd,13669,958
Govt of Gujarat,Tera Software Ltd,8710,260
Govt of Gujarat,Transline Technologies P Ltd,2415,133
Govt of Gujarat,Vayam technologies Ltd,9542,400
Govt of Gujarat,eCentric solutions pvt ltd,1960,64
Govt of Himachal Pradesh,IL&FS LTD,0,1
Govt of Himachal Pradesh,Wipro Ltd,439,116
Govt of Himachal Pradesh,i-Grandee SoftwareTechnologies,306,82
Govt of Karnataka ,BNR UDYOG LIMITED,763,61
Govt of Karnataka ,Bloom Solutions Pvt Ltd,835,40
Govt of Karnataka ,COMAT TECHNOLOGIES P LTD,0,32
Govt of Karnataka ,GLODYNE TECHNOSERVE,1,12
Govt of Karnataka ,MARS Telecom Systems Pvt Ltd,3783,1209
Govt of Karnataka ,Ninestars Information Technologies Ltd,3605,754
Govt of Karnataka ,Om Softwares,9,0
Govt of Karnataka ,Origin ITFS Pvt Ltd,12992,4531
Govt of Karnataka ,Radiant Info Systems Ltd,100,4
Govt of Karnataka ,SREEVEN INFOCOM LIMITED,7964,1997
Govt of Karnataka ,Tera Software Ltd,0,13
Govt of Karnataka ,Wipro Ltd,0,53
Govt of Kerala,Akshaya,3362,608
Govt of Kerala,Keltron,338,40
Govt of Madhya Pradesh,VIRGO SOFTECH LIMITED,5,62
Govt of Maharashtra,Adcc Infocad Pvt.Ltd Nagpur,7,0
Govt of Maharashtra,Alankit Assignments Limited,1,23
Govt of Maharashtra,Alankit Finsec Ltd,641,323
Govt of Maharashtra,Bharat Technical Solutions Private Limited,886,8
Govt of Maharashtra,COMAT TECHNOLOGIES P LTD,0,2
Govt of Maharashtra,Eagle press pvt ltd,96,44
Govt of Maharashtra,GLODYNE TECHNOSERVE,134,7
Govt of Maharashtra,GSS Infotech Ltd,2,3
Govt of Maharashtra,Global Finsol Private Limited,151,17
Govt of Maharashtra,Karvy Computershare Private Li,3104,496
Govt of Maharashtra,M/S King Computer System pvt Ltd,244,3
Govt of Maharashtra,M/s. Vidya Online  Pune,84,23
Govt of Maharashtra,Mahaonline Limited,0,93
Govt of Maharashtra,Narayana Electricals Solution Pvt Ltd,144,30
Govt of Maharashtra,Netlink software Pvt Ltd,2083,278
Govt of Maharashtra,Network for Information & Computer,27,4
Govt of Maharashtra,Rudranee Infotech Ltd,419,90
Govt of Maharashtra,SETU MAHARASHTRA,1353,175
Govt of Maharashtra,SHREERAM PRINTING PRESS,186,57
Govt of Maharashtra,SILVER JUBILEE MOTORS LTD.,5,0
Govt of Maharashtra,SPANCO,873,61
Govt of Maharashtra,STRATEGIC OUTSOURCING SERVICE,889,136
Govt of Maharashtra,Silver Touch Technologies Ltd,2213,179
Govt of Maharashtra,Smart Chip Limited,0,28
Govt of Maharashtra,Systematic & Advance Const P L,44,5
Govt of Maharashtra,TechSmart India Pvt Ltd,1290,298
Govt of Maharashtra,Tera Software Ltd,11,54
Govt of Maharashtra,Transline Technologies P Ltd,57,101
Govt of Maharashtra,Wep Solution India Limited,4,8
Govt of Maharashtra,Wipro Ltd,1295,382
Govt of Sikkim - Dept of Econo,4G IDENTITY SOLUTIONS,0,4
Govt of Sikkim - Dept of Econo,Department of Economics Statistics  Monitoring and Evaluation DESME,42,9
IDBI Bank ltd,ATISHAY INFOTECH PVT. LTD.,934,231
IDBI Bank ltd,Matrix Processing House,67,11
IDBI Bank ltd,Pioneer E Labs limited,1,0
IDBI Bank ltd,SREEVEN INFOCOM LIMITED,1948,172
IDBI Bank ltd,UTI TECHNOLOGY SERVICES LIMITE,1869,100
Indiapost,4G IDENTITY SOLUTIONS,1,7
Indiapost,Delhi Integrated MMTS Ltd,6663,995
Indiapost,GLODYNE TECHNOSERVE,0,11
Indiapost,Global Finsol Private Limited,2989,786
Indiapost,IL&FS LTD,0,1
Indiapost,M/S STAR DATA CENTRE,155,19
Indiapost,MARS Telecom Systems Pvt Ltd,575,239
Indiapost,Madras Security Printers Ltd,0,1
Indiapost,Smart Chip Limited,172,105
Indiapost,The Peerless General Finance,0,7
Indiapost,UTI TECHNOLOGY SERVICES LIMITE,0,5
Indiapost,Vayam technologies Ltd,155,33
Indiapost,WEBEL,121,66
Indiapost,eCentric solutions pvt ltd,0,2
Information Technology & Communication Department,4G INFORMATICS,2675,540
Information Technology & Communication Department,BNR UDYOG LIMITED,1194,826
Information Technology & Communication Department,Bloom Solutions Pvt Ltd,2052,496
Information Technology & Communication Department,CSS TECHNERGY LIMITED,9,8
Information Technology & Communication Department,Directorate of ESD,316,93
Information Technology & Communication Department,GDC Advertising Pvt. Limited,11,14
Information Technology & Communication Department,JYOTHI COMPUTER SERVICES,4721,481
Information Technology & Communication Department,Karvy Data Management Services,233,75
Information Technology & Communication Department,MARS Telecom Systems Pvt Ltd,697,147
Information Technology & Communication Department,SREEVEN INFOCOM LIMITED,1156,961
Information Technology & Communication Department,Tera Software Ltd,1373,382
Jammu and Kashmir Bank,COMTECH INSTITUTE OFTECHNOLOGY,0,1
Jharkhand,Alankit Assignments Limited,0,9
Jharkhand,Blue Circle Instrument,1,18
Jharkhand,Emdee Digitronics Pvt.Ltd.,344,89
Jharkhand,IL&FS LTD,0,1
Jharkhand,MKS Enterprises,703,314
Jharkhand,Nevaeh Technology Pvt. Ltd.,588,73
Jharkhand,STRATEGIC OUTSOURCING SERVICE,63,20
Jharkhand,Smart Chip Limited,32,67
Jharkhand,Smart ID,1,1
Jharkhand,Systematic & Advance Const P L,348,176
Jharkhand,VISION COMPTECH INTEGRATOR LTD,591,250
Jharkhand,Wipro Ltd,4314,1669
Life Insurance Corporation,LYRA  CONSULTANCY SERVICE,0,2
Life Insurance Corporation,Smart ID,0,1
Mission Convergence - GNCT Del,Alankit Assignments Limited,1,0
Mission Convergence - GNCT Del,Karvy Computershare Private Li,134,22
Mission Convergence - GNCT Del,NVR & ASSOCIATES LIMITED,111,16
Mission Convergence - GNCT Del,STRATEGIC OUTSOURCING SERVICE,0,1
Mission Convergence - GNCT Del,Tera Software Ltd,0,3
NSDL e-Governance Infrastructure Limited,Abhipra Capital Ltd,1699,375
NSDL e-Governance Infrastructure Limited,Alankit Assignments Limited,8294,1912
NSDL e-Governance Infrastructure Limited,Alankit Finsec Ltd,68,1
NSDL e-Governance Infrastructure Limited,Delhi Integrated MMTS Ltd,113,53
NSDL e-Governance Infrastructure Limited,Global Finsol Private Limited,251,17
NSDL e-Governance Infrastructure Limited,INTEGRATED REGISTRY SERVICES LTD,32,4
NSDL e-Governance Infrastructure Limited,Karvy Consultants Limited,4,5
NSDL e-Governance Infrastructure Limited,Karvy Data Management Services,13315,2248
NSDL e-Governance Infrastructure Limited,N.K. Sharma Enterprises Ltd.,396,0
NSDL e-Governance Infrastructure Limited,Netlink software Pvt Ltd,7592,805
NSDL e-Governance Infrastructure Limited,PROWIZ MANSYTEMS PVT LTD,2998,539
NSDL e-Governance Infrastructure Limited,Promind Solutions P Limited,1762,42
NSDL e-Governance Infrastructure Limited,Utility Forms Pvt Ltd,102,0
NSDL e-Governance Infrastructure Limited,VIRGO SOFTECH LIMITED,5363,426
Oriental Bank of Commerce,DATASOFT COMPUTER SERVICES(P),876,150
Oriental Bank of Commerce,Euro Finmart Ltd,170,0
Oriental Bank of Commerce,IL&FS LTD,0,1
Oriental Bank of Commerce,JNET Technologies Pvt.Ltd,1606,169
Oriental Bank of Commerce,Redim Software Technologies Pvt Ltd,542,354
Oriental Bank of Commerce,Sri Ramraja Sarkar Lok Kalyan Trust,6625,507
Oriental Bank of Commerce,Wipro Ltd,6500,660
Principal Revenue Commissioner  Dept of Revenue  Govt of MP,Frontech Systems Pvt Ltd,1201,59
Principal Revenue Commissioner  Dept of Revenue  Govt of MP,GDC Advertising Pvt. Limited,473,21
Principal Revenue Commissioner  Dept of Revenue  Govt of MP,K W Consulting P Ltd,2377,156
Principal Revenue Commissioner  Dept of Revenue  Govt of MP,LYRA  CONSULTANCY SERVICE,545,27
Principal Revenue Commissioner  Dept of Revenue  Govt of MP,Netlink software Pvt Ltd,854,32
Principal Revenue Commissioner  Dept of Revenue  Govt of MP,OSWAL COMPUTERS & CONSULTANTS,1813,422
Principal Revenue Commissioner  Dept of Revenue  Govt of MP,Tera Software Ltd,596,15
Principal Revenue Commissioner  Dept of Revenue  Govt of MP,The NSIC ltd,420,32
Principal Revenue Commissioner  Dept of Revenue  Govt of MP,Vedavaag Systems Limited,1029,31
Punjab and Sind Bank,Matrix Processing House,3,3
RDD Govt of Tripura,Alankit Assignments Limited,261,48
Registrar General India - BEL,In Media Computer Services LLP,1,212
Registrar General India - BEL,Manipur Electronics Dev Corp,792,2709
Registrar General India - BEL,Swathy Smartcards Hi-Tech Pvt,1,2
Registrar General India BEL2,Computer LAB,4306,1894
Registrar General India BEL2,Emdee Digitronics Pvt.Ltd.,1338,28
Registrar General India BEL2,In Media Computer Services LLP,41,1
Registrar General India BEL2,India Computer Technology,28528,2265
Registrar General India BEL2,Karvy Data Management Services,94,0
Registrar General India BEL2,MACRO INFOTECH PVT LTD,5434,205
Registrar General India BEL2,MKS Enterprises,26,0
Registrar General India BEL2,Madras Security Printers Ltd,18764,4607
Registrar General India BEL2,Manipur Electronics Dev Corp,405,56
Registrar General India BEL2,Multiwave Innovation,1787,51
Registrar General India BEL2,NVR & ASSOCIATES LIMITED,22,3
Registrar General India BEL2,Netlink software Pvt Ltd,1826,75
Registrar General India BEL2,Nevaeh Technology Pvt. Ltd.,2205,32
Registrar General India BEL2,Nielsen  India  Private Limited,4245,224
Registrar General India BEL2,Om Softwares,4447,1748
Registrar General India BEL2,SREEVEN INFOCOM LIMITED,3,109
Registrar General India BEL2,SREI INFRASTRUCTURE FINANCES L,175,1
Registrar General India BEL2,STRATEGIC OUTSOURCING SERVICE,2923,264
Registrar General India BEL2,Satyanarayana Raju Company Pvt ltd,738,15
Registrar General India BEL2,Swathy Smartcards Hi-Tech Pvt,96023,11140
Registrar General India BEL2,Swiss Tech India Pvt Ltd,2215,57
Registrar General India BEL2,Tera Software Ltd,2810,1983
Registrar General India BEL2,UNITED DATA SERVICES PRIVATE LIMITED,7724,768
Registrar General India BEL2,Urmila Info solution,148,0
Registrar General India BEL2,VIRGO SOFTECH LIMITED,379,93
Registrar General India BEL2,Vansh Infotech Pvt Ltd,547,23
Registrar General India BEL2,Vedavaag Systems Limited,5085,127
Registrar General India BEL2,Viesa Technologies,1979,39
Registrar General India BEL2,WEBEL,1072,5
Registrar General India ECIL,AVVAS INFOTECH PVT  LTD,8003,295
Registrar General India ECIL,BUSINESS INFORMATION PROCESSING SERVICES,2487,62
Registrar General India ECIL,COMTECH INSTITUTE OFTECHNOLOGY,4530,661
Registrar General India ECIL,COMTECHINFO SOLUTIONS PVT.LTD,1253,18
Registrar General India ECIL,Chinar Construction Company Prime agency,2519,24
Registrar General India ECIL,Clairvoyance Technologies Pvt.,317,14
Registrar General India ECIL,Computer LAB,17108,1947
Registrar General India ECIL,Eagle Software India Pvt. Ltd,52296,23003
Registrar General India ECIL,Esoft Consulting Limited,699,3
Registrar General India ECIL,In Media Computer Services LLP,2669,218
Registrar General India ECIL,India Computer Technology,16192,13886
Registrar General India ECIL,Karvy Data Management Services,15568,368
Registrar General India ECIL,Krishna Infotech,72,5304
Registrar General India ECIL,Madras Security Printers Ltd,24831,9652
Registrar General India ECIL,Mphasis Ltd,11555,472
Registrar General India ECIL,Netwing Technologies Pvt Ltd,118,27
Registrar General India ECIL,Nielsen  India  Private Limited,2241,23
Registrar General India ECIL,Pioneer E Labs limited,382,668
Registrar General India ECIL,Quick Data IT Services Pvt Ltd,28,2
Registrar General India ECIL,SARADA SYSTEMS,1204,5
Registrar General India ECIL,SWISSTECH NPR 57CR PROJECT PVT,9789,1470
Registrar General India ECIL,Tera Software Ltd,3509,260
Registrar General India ECIL,Vedavaag Systems Limited,6889,8664
Registrar General India Others,AVVAS INFOTECH PVT  LTD,2,2
Registrar General India Others,COMTECH INSTITUTE OFTECHNOLOGY,3,0
Registrar General India Others,COMTECHINFO SOLUTIONS PVT.LTD,4,0
Registrar General India Others,Computer LAB,4,7
Registrar General India Others,Eagle Software India Pvt. Ltd,3,0
Registrar General India Others,In Media Computer Services LLP,0,2
Registrar General India Others,India Computer Technology,1,1
Registrar General India Others,Karvy Data Management Services,1,0
Registrar General India Others,Madras Security Printers Ltd,12,78
Registrar General India Others,Mphasis Ltd,1,0
Registrar General India Others,Nielsen  India  Private Limited,0,1
Registrar General India Others,Om Softwares,1,0
Registrar General India Others,STRATEGIC OUTSOURCING SERVICE,1,0
Registrar General India Others,SWISSTECH NPR 57CR PROJECT PVT,2,1
Registrar General India Others,Swathy Smartcards Hi-Tech Pvt,2,4
Registrar General India Others,Vedavaag Systems Limited,3,0
Registrar General India Others,WEBEL,8,0
Registrar General of India ITI,COMTECH INSTITUTE OFTECHNOLOGY,221,62
Registrar General of India ITI,CSS TECHNERGY LIMITED,237,61
Registrar General of India ITI,CommunitiWorks Welfare Society,981,110
Registrar General of India ITI,Eagle Software India Pvt. Ltd,4805,506
Registrar General of India ITI,Emdee Digitronics Pvt.Ltd.,16895,920
Registrar General of India ITI,FINANCIAL INFORMATION NETWORK,258,0
Registrar General of India ITI,In Media Computer Services LLP,942,8
Registrar General of India ITI,Karvy Data Management Services,8301,459
Registrar General of India ITI,Madras Security Printers Ltd,1119,101
Registrar General of India ITI,Mphasis Ltd,2083,231
Registrar General of India ITI,Multiwave Innovation,24,5
Registrar General of India ITI,Netlink software Pvt Ltd,828,40
Registrar General of India ITI,Netwing Technologies Pvt Ltd,0,1
Registrar General of India ITI,Nielsen  India  Private Limited,1711,251
Registrar General of India ITI,Quick Data IT Services Pvt Ltd,17,0
Registrar General of India ITI,SREEVEN INFOCOM LIMITED,10,88
Registrar General of India ITI,SREI INFRASTRUCTURE FINANCES L,104,0
Registrar General of India ITI,STRATEGIC OUTSOURCING SERVICE,2884,115
Registrar General of India ITI,Satyanarayana Raju Company Pvt ltd,1858,206
Registrar General of India ITI,Swathy Smartcards Hi-Tech Pvt,946,5083
Registrar General of India ITI,TechSmart India Pvt Ltd,1,2
Registrar General of India ITI,VIRGO SOFTECH LIMITED,1923,446
Registrar General of India ITI,Vedavaag Systems Limited,3754,86
Registrar General of India ITI,WEBEL TECHNOLOGY LIMITED,4879,834
Registrar General of India ITI,Webx Technologies Private Limited,35,2
STATE BANK OF PATIALA,CSS TECHNERGY LIMITED,0,5
State Bank of Bikaner & Jaipur,Multiwave Innovation,485,104
State Bank of India,4G IDENTITY SOLUTIONS,3,45
State Bank of India,COMAT TECHNOLOGIES P LTD,0,1
State Bank of India,CSS TECHNERGY LIMITED,0,42
State Bank of India,Delhi Integrated MMTS Ltd,0,3
State Bank of India,Eagle press pvt ltd,0,10
State Bank of India,IL&FS LTD,0,6
State Bank of India,Smart Chip Limited,3,36
State Bank of India,VIRGO SOFTECH LIMITED,0,6
State Bank of Travancore,Tera Software Ltd,57,32
Syndicate Bank,Smart Chip Limited,0,10
UIDAI-Registrar,UIDAI-EA,14,12
UT Of Daman and Diu,Alankit Assignments Limited,3,28
UT of Puducherry,Madras Security Printers Ltd,120,4
Union Bank,4G IDENTITY SOLUTIONS,0,1
Union Bank,FINANCIAL INFORMATION NETWORK,17432,3164
Union Bank,Smart Chip Limited,18639,4790
Union Bank,Vakrangee Softwares Limited,23592,4602
United Bank of India,Atyati Technologies Pvt Ltd,0,2
