Registrar,Enrolment Agency,Aadhaar generated,Enrolment Rejected
Allahabad Bank,Vakrangee Softwares Limited,88,77
Bank Of India,A3 Logics  India  Ltd,4118,589
Bank Of India,Akanksha International,1482,66
Bank Of India,Blue Circle Instrument,2144,104
Bank Of India,CHESSY CONSULTANTS PVT LTD,1267,60
Bank Of India,DATASOFT COMPUTER SERVICES(P),1362,267
Bank Of India,Emdee Digitronics Pvt.Ltd.,60,13
Bank Of India,Frontech Systems Pvt Ltd,440,120
Bank Of India,ITI LIMITED,0,1
Bank Of India,MANTRA SOFTTECH (INDIA) PVTLTD,195,32
Bank Of India,Matrix Processing House,9045,692
Bank Of India,OSWAL COMPUTERS & CONSULTANTS,3221,650
Bank Of India,PROTEX COMPUTER PVT LTD,344,139
Bank Of India,SARADA SYSTEMS,2372,219
Bank Of India,SHRIKRISHNA KHANDASARI SUGAR M,2069,440
Bank Of India,SPANCO,3274,184
Bank Of India,SREI INFRASTRUCTURE FINANCES L,6112,799
Bank Of India,Silver Touch Technologies Ltd,545,75
Bank Of India,Systematic & Advance Const P L,4054,351
Bank Of India,VEETECHNOLOGIES PVT. LTD,3910,930
Bank Of India,VIRGO SOFTECH LIMITED,18,3
Bank Of India,Vakrangee Softwares Limited,7,24
Bank of Baroda,Global Finsol Private Limited,1620,276
Bank of Maharashtra,Alankit Finsec Ltd,383,44
Bank of Maharashtra,FINANCIAL INFORMATION NETWORK,997,101
Bank of Maharashtra,Micro Technologies India Ltd,702,256
Bank of Maharashtra,Tera Software Ltd,2478,799
CSC e-Governance Services India Limited,A I Soc for Electronics and Comp Tech,6587,960
CSC e-Governance Services India Limited,AKSH OPTIFIBRE LIMITED,2589,418
CSC e-Governance Services India Limited,BASIX,3400,838
CSC e-Governance Services India Limited,CALANCE SOFTWARE PRIVATE LTD,2312,573
CSC e-Governance Services India Limited,CMS Computers Ltd,14394,2008
CSC e-Governance Services India Limited,CSC e-Governance Services India Limited,6504,840
CSC e-Governance Services India Limited,Intelligent Communication Sys India Ltd,478,112
CSC e-Governance Services India Limited,MANTRA SOFTTECH (INDIA) PVTLTD,1607,355
CSC e-Governance Services India Limited,Network for Information & Computer,2237,323
CSC e-Governance Services India Limited,Reliance Communication Limited,2878,299
CSC e-Governance Services India Limited,SPANCO,848,185
CSC e-Governance Services India Limited,Tera Software Ltd,247,25
CSC e-Governance Services India Limited,United Telecoms e-Services Pvt Ltd,1787,146
CSC e-Governance Services India Limited,VIKALP MULTIMEDIA,498,369
CSC e-Governance Services India Limited,Vakrangee Softwares Limited,2747,379
CSC e-Governance Services India Limited,Zephyr System Pvt.Ltd.,1747,210
Canara Bank,Ojus Healthcare Private Limited,249,45
Central Bank of India,CALANCE SOFTWARE PRIVATE LTD,712,330
Central Bank of India,IAP COMPANY Pvt. Ltd,6069,764
Central Bank of India,MANTRA SOFTTECH (INDIA) PVTLTD,9,2
Central Bank of India,The Peerless General Finance,433,72
DENA BANK,ATISHAY INFOTECH PVT. LTD.,2809,284
DENA BANK,AVVAS INFOTECH PVT  LTD,0,1
DENA BANK,BNR UDYOG LIMITED,798,48
DENA BANK,Bloom Solutions Pvt Ltd,3024,1743
DENA BANK,Business Information Processing Services,719,57
DENA BANK,C-SAASTRA SOLUTIONS PVT LTD,16,0
DENA BANK,CALANCE SOFTWARE PRIVATE LTD,819,162
DENA BANK,DATASOFT COMPUTER SERVICES(P),731,54
DENA BANK,DEVASHISH SECURITIES PVT. LTD.,4,0
DENA BANK,Gujarat Infotech Ltd.,704,15
DENA BANK,IAP COMPANY Pvt. Ltd,1196,58
DENA BANK,JNET Technologies Pvt.Ltd,2072,414
DENA BANK,K W Consulting P Ltd,1335,405
DENA BANK,MARS Telecom Systems Pvt Ltd,3,0
DENA BANK,Multiwave Innovation,2522,271
DENA BANK,Narayana Electricals Solution Pvt Ltd,775,192
DENA BANK,Netlink software Pvt Ltd,2422,249
DENA BANK,Ortem Securities Limited,0,4
DENA BANK,Prodigy Systems and Services Private Limited,395,93
DENA BANK,Soc for Advancement of Environ Science,136,106
DENA BANK,Super Printers,464,33
DENA BANK,Systematic & Advance Const P L,2355,143
DENA BANK,TechSmart India Pvt Ltd,2230,3597
DENA BANK,Tera Software Ltd,835,76
DENA BANK,WEBEL,319,12
DENA BANK,Zephyr System Pvt.Ltd.,258,20
Delhi - Central DC,Smart Chip Limited,620,88
Delhi - East DC,DATASOFT COMPUTER SERVICES(P),890,117
Delhi - ND DC,Smart Chip Limited,158,8
Delhi - NE DC,Smart Chip Limited,292,42
Delhi - North DC,CALANCE SOFTWARE PRIVATE LTD,1006,333
Delhi - North DC,NVR & ASSOCIATES LIMITED,353,164
Delhi - North DC,Smart Chip Limited,384,35
Delhi SW DC,VIRGO SOFTECH LIMITED,163,59
Delhi- South DC,Karvy Computershare Private Li,299,35
Delhi- South DC,Smart Chip Limited,431,31
Delhi- West DC,Smart Chip Limited,29,35
Delhi- West DC,VIRGO SOFTECH LIMITED,201,44
Delhi-NW DC,Karvy Computershare Private Li,45,88
Department of Information Technology Govt of Jharkhand,Blue Circle Instrument,119,118
Department of Information Technology Govt of Jharkhand,MKS Enterprises,688,36
Department of Information Technology Govt of Jharkhand,Systematic & Advance Const P L,10,17
Department of Information Technology Govt of Jharkhand,Wipro Ltd,349,75
Dept of ITC Govt of Rajasthan,ATISHAY INFOTECH PVT. LTD.,3992,754
Dept of ITC Govt of Rajasthan,AVVAS INFOTECH PVT  LTD,4418,1139
Dept of ITC Govt of Rajasthan,Alankit Finsec Ltd,1808,329
Dept of ITC Govt of Rajasthan,Business Information Processing Services,1189,37
Dept of ITC Govt of Rajasthan,DATASOFT COMPUTER SERVICES(P),3697,620
Dept of ITC Govt of Rajasthan,Gem Computers,2047,76
Dept of ITC Govt of Rajasthan,MANTRA SOFTTECH (INDIA) PVTLTD,571,10
Dept of ITC Govt of Rajasthan,Multiwave Innovation,1280,284
Dept of ITC Govt of Rajasthan,Netlink software Pvt Ltd,1335,213
Dept of ITC Govt of Rajasthan,TechSmart India Pvt Ltd,1728,255
Dept of ITC Govt of Rajasthan,Transline Technologies P Ltd,3697,398
Dept of ITC Govt of Rajasthan,VIRGO SOFTECH LIMITED,926,219
Dept of ITC Govt of Rajasthan,Vakrangee Softwares Limited,8427,1667
Dept of ITC Govt of Rajasthan,Vayam technologies Ltd,2800,522
FCR Govt of Haryana,4G INFORMATICS,477,65
FCR Govt of Haryana,Radiant Info Systems Ltd,167,20
FCR Govt of Haryana,Vakrangee Softwares Limited,17,15
FCR Govt of Haryana,Vayam technologies Ltd,339,122
FCS Govt of Punjab,CSS TECHNERGY LIMITED,32,1
FCS Govt of Punjab,District Sukhmani Society Amritsar Punjab,49,1
FCS Govt of Punjab,District Sukhmani Society Barnala Punjab,14,2
FCS Govt of Punjab,District Sukhmani Society Fazilka Punjab,2,0
FCS Govt of Punjab,District Sukhmani Society Ferozepur Punjab,92,13
FCS Govt of Punjab,District Sukhmani Society For Citizen Services Mansa Punjab,2,0
FCS Govt of Punjab,District Sukhmani Society For Citizen Services Nawanshahr Punjab,15,2
FCS Govt of Punjab,District Sukhmani Society For Citizen Services SAS Nagar District e-Governance Society Punjab,2,0
FCS Govt of Punjab,District Sukhmani Society Patiala Punjab,1,0
FCS Govt of Punjab,District Sukhmani Society Sangrur Punjab,2,0
FCS Govt of Punjab,Karvy Computershare Private Li,1461,131
FCS Govt of Punjab,Sukhmani Society For Citizens Services Faridkot Punjab,3,0
FCS Govt of Punjab,Suwidha Society Hoshiarpur Punjab,33,4
FCS Govt of Punjab,Vayam technologies Ltd,2714,193
FCS Govt of Punjab,eCentric solutions pvt ltd,2355,568
Govt of Andhra Pradesh,Gouthami Educational Society,446,67
Govt of Andhra Pradesh,GrapeSoft,403,286
Govt of Andhra Pradesh,INFRONICS SYSTEMS LTD,586,94
Govt of Andhra Pradesh,SREEVEN INFOCOM LIMITED,156,107
Govt of Andhra Pradesh,TechSmart India Pvt Ltd,187,649
Govt of Andhra Pradesh,Tera Software Ltd,157,170
Govt of Goa,COMAT TECHNOLOGIES P LTD,0,1
Govt of Goa,MARS Telecom Systems Pvt Ltd,41,20
Govt of Gujarat,GSS Infotech Ltd,4817,270
Govt of Gujarat,Karvy Computershare Private Li,14342,568
Govt of Gujarat,Silver Touch Technologies Ltd,17839,1215
Govt of Gujarat,Tera Software Ltd,5679,337
Govt of Gujarat,Transline Technologies P Ltd,2427,124
Govt of Gujarat,Vayam technologies Ltd,8150,517
Govt of Gujarat,eCentric solutions pvt ltd,3025,254
Govt of Himachal Pradesh,Wipro Ltd,357,69
Govt of Himachal Pradesh,i-Grandee SoftwareTechnologies,148,33
Govt of Karnataka ,BNR UDYOG LIMITED,340,58
Govt of Karnataka ,Bloom Solutions Pvt Ltd,1068,91
Govt of Karnataka ,MARS Telecom Systems Pvt Ltd,3769,582
Govt of Karnataka ,Ninestars Information Technologies Ltd,1737,503
Govt of Karnataka ,Om Softwares,1,0
Govt of Karnataka ,Origin ITFS Pvt Ltd,12746,3556
Govt of Karnataka ,Radiant Info Systems Ltd,145,30
Govt of Karnataka ,SREEVEN INFOCOM LIMITED,6763,1529
Govt of Kerala,Akshaya,3170,580
Govt of Kerala,Keltron,283,48
Govt of Maharashtra,Adcc Infocad Pvt.Ltd Nagpur,31,16
Govt of Maharashtra,Alankit Finsec Ltd,830,100
Govt of Maharashtra,Bharat Technical Solutions Private Limited,890,38
Govt of Maharashtra,Eagle press pvt ltd,81,45
Govt of Maharashtra,GLODYNE TECHNOSERVE,85,0
Govt of Maharashtra,Global Finsol Private Limited,243,4
Govt of Maharashtra,Karvy Computershare Private Li,2985,297
Govt of Maharashtra,M/S King Computer System pvt Ltd,461,79
Govt of Maharashtra,M/s. Vidya Online  Pune,87,95
Govt of Maharashtra,Narayana Electricals Solution Pvt Ltd,351,24
Govt of Maharashtra,Netlink software Pvt Ltd,1769,641
Govt of Maharashtra,Network for Information & Computer,7,0
Govt of Maharashtra,Rudranee Infotech Ltd,271,117
Govt of Maharashtra,SETU MAHARASHTRA,1759,250
Govt of Maharashtra,SHREERAM PRINTING PRESS,353,266
Govt of Maharashtra,SILVER JUBILEE MOTORS LTD.,2,0
Govt of Maharashtra,SPANCO,810,191
Govt of Maharashtra,STRATEGIC OUTSOURCING SERVICE,761,292
Govt of Maharashtra,Silver Touch Technologies Ltd,2819,490
Govt of Maharashtra,Systematic & Advance Const P L,50,36
Govt of Maharashtra,TechSmart India Pvt Ltd,693,107
Govt of Maharashtra,Tera Software Ltd,20,1
Govt of Maharashtra,Transline Technologies P Ltd,165,218
Govt of Maharashtra,Wipro Ltd,2292,346
Govt of Sikkim - Dept of Econo,Department of Economics Statistics  Monitoring and Evaluation DESME,20,31
IDBI Bank ltd,ATISHAY INFOTECH PVT. LTD.,1096,254
IDBI Bank ltd,Matrix Processing House,81,22
IDBI Bank ltd,SREEVEN INFOCOM LIMITED,1911,255
IDBI Bank ltd,UTI TECHNOLOGY SERVICES LIMITE,1590,96
Indiapost,Delhi Integrated MMTS Ltd,7155,411
Indiapost,Global Finsol Private Limited,4775,243
Indiapost,M/S STAR DATA CENTRE,132,155
Indiapost,MARS Telecom Systems Pvt Ltd,608,184
Indiapost,Smart Chip Limited,59,17
Indiapost,Vayam technologies Ltd,83,44
Indiapost,WEBEL,90,83
Information Technology & Communication Department,4G INFORMATICS,3298,555
Information Technology & Communication Department,BNR UDYOG LIMITED,362,128
Information Technology & Communication Department,Bloom Solutions Pvt Ltd,2116,319
Information Technology & Communication Department,CSS TECHNERGY LIMITED,2,14
Information Technology & Communication Department,Directorate of ESD,543,99
Information Technology & Communication Department,GDC Advertising Pvt. Limited,7,5
Information Technology & Communication Department,JYOTHI COMPUTER SERVICES,936,164
Information Technology & Communication Department,Karvy Data Management Services,427,5
Information Technology & Communication Department,MARS Telecom Systems Pvt Ltd,536,459
Information Technology & Communication Department,SREEVEN INFOCOM LIMITED,901,485
Information Technology & Communication Department,Tera Software Ltd,740,293
Jharkhand,Alankit Assignments Limited,0,1
Jharkhand,Blue Circle Instrument,1,9
Jharkhand,Emdee Digitronics Pvt.Ltd.,1325,154
Jharkhand,IL&FS LTD,0,6
Jharkhand,MKS Enterprises,1165,455
Jharkhand,Nevaeh Technology Pvt. Ltd.,964,255
Jharkhand,STRATEGIC OUTSOURCING SERVICE,28,17
Jharkhand,Smart Chip Limited,164,41
Jharkhand,Systematic & Advance Const P L,339,23
Jharkhand,VISION COMPTECH INTEGRATOR LTD,746,393
Jharkhand,Wipro Ltd,2206,1291
Mission Convergence - GNCT Del,Karvy Computershare Private Li,135,10
Mission Convergence - GNCT Del,NVR & ASSOCIATES LIMITED,29,23
NSDL e-Governance Infrastructure Limited,Abhipra Capital Ltd,2378,207
NSDL e-Governance Infrastructure Limited,Alankit Assignments Limited,8358,1144
NSDL e-Governance Infrastructure Limited,Alankit Finsec Ltd,201,18
NSDL e-Governance Infrastructure Limited,Delhi Integrated MMTS Ltd,228,6
NSDL e-Governance Infrastructure Limited,Global Finsol Private Limited,73,8
NSDL e-Governance Infrastructure Limited,INTEGRATED REGISTRY SERVICES LTD,105,3
NSDL e-Governance Infrastructure Limited,Karvy Data Management Services,12059,2017
NSDL e-Governance Infrastructure Limited,N.K. Sharma Enterprises Ltd.,11,0
NSDL e-Governance Infrastructure Limited,Netlink software Pvt Ltd,5121,538
NSDL e-Governance Infrastructure Limited,PROWIZ MANSYTEMS PVT LTD,2824,163
NSDL e-Governance Infrastructure Limited,Promind Solutions P Limited,1553,99
NSDL e-Governance Infrastructure Limited,Utility Forms Pvt Ltd,37,0
NSDL e-Governance Infrastructure Limited,VIRGO SOFTECH LIMITED,2943,204
Oriental Bank of Commerce,DATASOFT COMPUTER SERVICES(P),817,234
Oriental Bank of Commerce,Euro Finmart Ltd,60,8
Oriental Bank of Commerce,JNET Technologies Pvt.Ltd,1261,296
Oriental Bank of Commerce,Redim Software Technologies Pvt Ltd,506,51
Oriental Bank of Commerce,Sri Ramraja Sarkar Lok Kalyan Trust,5713,816
Oriental Bank of Commerce,Wipro Ltd,3489,739
Others,Others,0,1
Principal Revenue Commissioner  Dept of Revenue  Govt of MP,Frontech Systems Pvt Ltd,1735,126
Principal Revenue Commissioner  Dept of Revenue  Govt of MP,GDC Advertising Pvt. Limited,559,80
Principal Revenue Commissioner  Dept of Revenue  Govt of MP,K W Consulting P Ltd,2535,1185
Principal Revenue Commissioner  Dept of Revenue  Govt of MP,LYRA  CONSULTANCY SERVICE,838,92
Principal Revenue Commissioner  Dept of Revenue  Govt of MP,Netlink software Pvt Ltd,839,202
Principal Revenue Commissioner  Dept of Revenue  Govt of MP,OSWAL COMPUTERS & CONSULTANTS,2883,694
Principal Revenue Commissioner  Dept of Revenue  Govt of MP,Tera Software Ltd,301,49
Principal Revenue Commissioner  Dept of Revenue  Govt of MP,The NSIC ltd,331,93
Principal Revenue Commissioner  Dept of Revenue  Govt of MP,Vedavaag Systems Limited,850,197
RDD Govt of Tripura,Alankit Assignments Limited,17,0
Registrar General India - BEL,Manipur Electronics Dev Corp,45,1
Registrar General India BEL2,Alankit Assignments Limited,5,5
Registrar General India BEL2,Computer LAB,5784,300
Registrar General India BEL2,Emdee Digitronics Pvt.Ltd.,1341,179
Registrar General India BEL2,In Media Computer Services LLP,31,1
Registrar General India BEL2,India Computer Technology,24199,2797
Registrar General India BEL2,Karvy Data Management Services,75,0
Registrar General India BEL2,MACRO INFOTECH PVT LTD,7297,713
Registrar General India BEL2,MKS Enterprises,5,0
Registrar General India BEL2,Madras Security Printers Ltd,16422,3016
Registrar General India BEL2,Manipur Electronics Dev Corp,2927,59
Registrar General India BEL2,Multiwave Innovation,1824,349
Registrar General India BEL2,NVR & ASSOCIATES LIMITED,8,48
Registrar General India BEL2,Netlink software Pvt Ltd,1211,233
Registrar General India BEL2,Nevaeh Technology Pvt. Ltd.,1774,77
Registrar General India BEL2,Nielsen  India  Private Limited,1300,509
Registrar General India BEL2,Om Softwares,6216,6681
Registrar General India BEL2,SREEVEN INFOCOM LIMITED,2,1
Registrar General India BEL2,SREI INFRASTRUCTURE FINANCES L,171,1
Registrar General India BEL2,STRATEGIC OUTSOURCING SERVICE,2018,330
Registrar General India BEL2,Satyanarayana Raju Company Pvt ltd,1987,25
Registrar General India BEL2,Swathy Smartcards Hi-Tech Pvt,97262,13764
Registrar General India BEL2,Swiss Tech India Pvt Ltd,478,9
Registrar General India BEL2,Tera Software Ltd,2852,792
Registrar General India BEL2,UNITED DATA SERVICES PRIVATE LIMITED,4075,360
Registrar General India BEL2,Urmila Info solution,114,12
Registrar General India BEL2,VIRGO SOFTECH LIMITED,89,248
Registrar General India BEL2,Vansh Infotech Pvt Ltd,512,42
Registrar General India BEL2,Vedavaag Systems Limited,3059,145
Registrar General India BEL2,Viesa Technologies,2263,13
Registrar General India BEL2,WEBEL,778,26
Registrar General India ECIL,AVVAS INFOTECH PVT  LTD,6958,896
Registrar General India ECIL,BUSINESS INFORMATION PROCESSING SERVICES,434,14
Registrar General India ECIL,COMTECH INSTITUTE OFTECHNOLOGY,3907,615
Registrar General India ECIL,COMTECHINFO SOLUTIONS PVT.LTD,2630,11
Registrar General India ECIL,Chinar Construction Company Prime agency,2981,5
Registrar General India ECIL,Clairvoyance Technologies Pvt.,1,0
Registrar General India ECIL,Computer LAB,22115,3370
Registrar General India ECIL,Eagle Software India Pvt. Ltd,74592,3923
Registrar General India ECIL,Esoft Consulting Limited,768,19
Registrar General India ECIL,In Media Computer Services LLP,2617,696
Registrar General India ECIL,India Computer Technology,11729,4049
Registrar General India ECIL,Karvy Data Management Services,8422,1066
Registrar General India ECIL,Krishna Infotech,38,15
Registrar General India ECIL,Madras Security Printers Ltd,20940,3340
Registrar General India ECIL,Mphasis Ltd,7487,765
Registrar General India ECIL,Netwing Technologies Pvt Ltd,1397,5
Registrar General India ECIL,Nielsen  India  Private Limited,1096,26
Registrar General India ECIL,Pioneer E Labs limited,303,281
Registrar General India ECIL,Quick Data IT Services Pvt Ltd,32,5
Registrar General India ECIL,SARADA SYSTEMS,623,20
Registrar General India ECIL,SWISSTECH NPR 57CR PROJECT PVT,3298,629
Registrar General India ECIL,Tera Software Ltd,13228,399
Registrar General India ECIL,Vedavaag Systems Limited,5610,1294
Registrar General India Others,AVVAS INFOTECH PVT  LTD,50,0
Registrar General India Others,COMTECH INSTITUTE OFTECHNOLOGY,2,0
Registrar General India Others,Computer LAB,18,0
Registrar General India Others,Eagle Software India Pvt. Ltd,2,0
Registrar General India Others,Karvy Data Management Services,2,0
Registrar General India Others,Madras Security Printers Ltd,6,28
Registrar General India Others,Om Softwares,1,0
Registrar General India Others,Quick Data IT Services Pvt Ltd,1,0
Registrar General India Others,STRATEGIC OUTSOURCING SERVICE,0,1
Registrar General India Others,Swathy Smartcards Hi-Tech Pvt,2,71
Registrar General India Others,Vedavaag Systems Limited,0,2
Registrar General India Others,WEBEL TECHNOLOGY LIMITED,3,0
Registrar General of India ITI,COMTECH INSTITUTE OFTECHNOLOGY,415,69
Registrar General of India ITI,CSS TECHNERGY LIMITED,1215,59
Registrar General of India ITI,CommunitiWorks Welfare Society,514,30
Registrar General of India ITI,Eagle Software India Pvt. Ltd,4510,407
Registrar General of India ITI,Emdee Digitronics Pvt.Ltd.,26825,1310
Registrar General of India ITI,FINANCIAL INFORMATION NETWORK,95,1
Registrar General of India ITI,In Media Computer Services LLP,1180,97
Registrar General of India ITI,Karvy Data Management Services,7237,370
Registrar General of India ITI,Madras Security Printers Ltd,492,39
Registrar General of India ITI,Mphasis Ltd,1168,123
Registrar General of India ITI,Multiwave Innovation,1,369
Registrar General of India ITI,Netlink software Pvt Ltd,1834,43
Registrar General of India ITI,Nielsen  India  Private Limited,1171,437
Registrar General of India ITI,Quick Data IT Services Pvt Ltd,20,0
Registrar General of India ITI,SREI INFRASTRUCTURE FINANCES L,52,0
Registrar General of India ITI,STRATEGIC OUTSOURCING SERVICE,2697,62
Registrar General of India ITI,Satyanarayana Raju Company Pvt ltd,1301,12
Registrar General of India ITI,Swathy Smartcards Hi-Tech Pvt,1745,10433
Registrar General of India ITI,TechSmart India Pvt Ltd,0,1
Registrar General of India ITI,Urmila Info solution,0,2
Registrar General of India ITI,VIRGO SOFTECH LIMITED,2116,191
Registrar General of India ITI,Vedavaag Systems Limited,2869,356
Registrar General of India ITI,WEBEL TECHNOLOGY LIMITED,10683,233
Registrar General of India ITI,Webx Technologies Private Limited,130,0
State Bank of Bikaner & Jaipur,Multiwave Innovation,80,29
State Bank of Travancore,Tera Software Ltd,206,35
UIDAI-Registrar,UIDAI-EA,15,2
UT Of Daman and Diu,Alankit Assignments Limited,3,1
UT of Puducherry,Madras Security Printers Ltd,51,6
Union Bank,FINANCIAL INFORMATION NETWORK,18059,3631
Union Bank,Smart Chip Limited,18750,4716
Union Bank,Vakrangee Softwares Limited,20868,3121
