State,District,Aadhaar generated,Enrolment Rejected
Andaman and Nicobar Islands,Andamans,180,0
Andaman and Nicobar Islands,South Andaman,104,0
Andhra Pradesh,Adilabad,7825,0
Andhra Pradesh,Anantapur,2540,0
Andhra Pradesh,Chittoor,210,0
Andhra Pradesh,Cuddapah,1935,0
Andhra Pradesh,East Godavari,21151,0
Andhra Pradesh,Guntur,7432,0
Andhra Pradesh,Hyderabad,2688,0
Andhra Pradesh,K.V.Rangareddy,8422,0
Andhra Pradesh,Karimnagar,3756,0
Andhra Pradesh,Khammam,3303,0
Andhra Pradesh,Krishna,5573,0
Andhra Pradesh,Kurnool,1331,0
Andhra Pradesh,Mahbubnagar,3124,0
Andhra Pradesh,Medak,3428,0
Andhra Pradesh,Nalgonda,9281,0
Andhra Pradesh,Nellore,1520,0
Andhra Pradesh,Nizamabad,1929,0
Andhra Pradesh,Prakasam,4028,0
Andhra Pradesh,Srikakulam,5359,0
Andhra Pradesh,Visakhapatnam,3317,0
Andhra Pradesh,Vizianagaram,855,0
Andhra Pradesh,Warangal,2885,0
Andhra Pradesh,West Godavari,12858,0
Arunachal Pradesh,Lohit,1,0
Assam,Barpeta,1,0
Assam,Bongaigaon,2,0
Assam,Cachar,2,0
Assam,Darrang,1,0
Assam,Dhemaji,4,0
Assam,Dhubri,1,0
Assam,Dibrugarh,1,0
Assam,Hailakandi,2,0
Assam,Jorhat,3,0
Assam,Kamrup,1,0
Assam,Marigaon,1,0
Assam,Nagaon,3,0
Assam,Sonitpur,2,0
Bihar,Araria,17,0
Bihar,Arwal,7,0
Bihar,Aurangabad(BH),258,0
Bihar,Banka,104,0
Bihar,Begusarai,271,0
Bihar,Bhabua,12,0
Bihar,Bhagalpur,442,0
Bihar,Bhojpur,1798,0
Bihar,Buxar,593,0
Bihar,Darbhanga,225,0
Bihar,East Champaran,400,0
Bihar,Gaya,716,0
Bihar,Gopalganj,337,0
Bihar,Jamui,19,0
Bihar,Jehanabad,49,0
Bihar,Katihar,17,0
Bihar,Khagaria,6,0
Bihar,Kishanganj,28,0
Bihar,Lakhisarai,10,0
Bihar,Madhepura,40,0
Bihar,Madhubani,31,0
Bihar,Munger,85,0
Bihar,Muzaffarpur,509,0
Bihar,Nalanda,55,0
Bihar,Nawada,99,0
Bihar,Patna,1049,0
Bihar,Purnia,45,0
Bihar,Rohtas,141,0
Bihar,Saharsa,19,0
Bihar,Samastipur,418,0
Bihar,Saran,427,0
Bihar,Sheikhpura,21,0
Bihar,Sheohar,2,0
Bihar,Sitamarhi,25,0
Bihar,Siwan,464,0
Bihar,Supaul,6,0
Bihar,Vaishali,390,0
Bihar,West Champaran,56,0
Chandigarh,Chandigarh,526,0
Chhattisgarh,Bastar,39,0
Chhattisgarh,Bilaspur,27,0
Chhattisgarh,Dantewada,2,0
Chhattisgarh,Durg,67,0
Chhattisgarh,Janjgir-champa,7,0
Chhattisgarh,Jashpur,3,0
Chhattisgarh,Korba,2,0
Chhattisgarh,Raigarh,24,0
Chhattisgarh,Raipur,75,0
Chhattisgarh,Rajnandgaon,1,0
Chhattisgarh,Surguja,2,0
Dadra and Nagar Haveli,Dadra and Nagar Haveli,132,0
Daman and Diu,Daman,1,0
Delhi,Central Delhi,99,0
Delhi,East Delhi,718,0
Delhi,North Delhi,224,0
Delhi,North East,920,0
Delhi,North West Delhi,1097,0
Delhi,South Delhi,1177,0
Delhi,South West Delhi,464,0
Delhi,West Delhi,921,0
Goa,North Goa,1091,0
Goa,South Goa,1109,0
Gujarat,Ahmadabad,704,0
Gujarat,Amreli,13,0
Gujarat,Anand,98,0
Gujarat,Banaskantha,4,0
Gujarat,Bharuch,2,0
Gujarat,Bhavnagar,231,0
Gujarat,Dohad,8,0
Gujarat,Gandhinagar,29,0
Gujarat,Jamnagar,417,0
Gujarat,Junagadh,1015,0
Gujarat,Kachchh,1,0
Gujarat,Kheda,122,0
Gujarat,Mahesana,77,0
Gujarat,Navsari,45,0
Gujarat,Panchmahals,2,0
Gujarat,Patan,14,0
Gujarat,Porbandar,73,0
Gujarat,Rajkot,617,0
Gujarat,Sabarkantha,22,0
Gujarat,Surat,284,0
Gujarat,Surendra Nagar,244,0
Gujarat,Vadodara,236,0
Gujarat,Valsad,11,0
Haryana,Ambala,14,0
Haryana,Bhiwani,116,0
Haryana,Faridabad,631,0
Haryana,Fatehabad,1,0
Haryana,Gurgaon,1683,0
Haryana,Hisar,35,0
Haryana,Jhajjar,72,0
Haryana,Jind,21,0
Haryana,Kaithal,3,0
Haryana,Karnal,182,0
Haryana,Kurukshetra,33,0
Haryana,Mahendragarh,17,0
Haryana,Mewat,73,0
Haryana,Panchkula,134,0
Haryana,Panipat,59,0
Haryana,Rewari,42,0
Haryana,Rohtak,240,0
Haryana,Sirsa,109,0
Haryana,Sonipat,256,0
Haryana,Yamuna Nagar,34,0
Himachal Pradesh,Bilaspur ,57,0
Himachal Pradesh,Chamba,56,0
Himachal Pradesh,Hamirpur,19,0
Himachal Pradesh,Kangra,397,0
Himachal Pradesh,Kinnaur,20,0
Himachal Pradesh,Kullu,886,0
Himachal Pradesh,Lahul and Spiti,1,0
Himachal Pradesh,Mandi,1481,0
Himachal Pradesh,Shimla,355,0
Himachal Pradesh,Sirmaur,378,0
Himachal Pradesh,Solan,339,0
Himachal Pradesh,Una,60,0
Jammu and Kashmir,Anantnag,1,0
Jammu and Kashmir,Baramulla,2,0
Jammu and Kashmir,Doda,2,0
Jammu and Kashmir,Jammu,36,0
Jammu and Kashmir,Kathua,2,0
Jammu and Kashmir,Kupwara,1,0
Jammu and Kashmir,Udhampur,2,0
Jharkhand,Bokaro,413,0
Jharkhand,Chatra,4,0
Jharkhand,Deoghar,12,0
Jharkhand,Dhanbad,1343,0
Jharkhand,Dumka,35,0
Jharkhand,East Singhbhum,2288,0
Jharkhand,Garhwa,261,0
Jharkhand,Giridih,1678,0
Jharkhand,Godda,29,0
Jharkhand,Gumla,886,0
Jharkhand,Hazaribagh,137,0
Jharkhand,Jamtara,10,0
Jharkhand,Khunti,38,0
Jharkhand,Kodarma,153,0
Jharkhand,Lohardaga,158,0
Jharkhand,Pakaur,179,0
Jharkhand,Palamau,1206,0
Jharkhand,Ramgarh,74,0
Jharkhand,Ranchi,236,0
Jharkhand,Sahebganj,24,0
Jharkhand,Seraikela-Kharsawan,107,0
Jharkhand,Simdega,166,0
Jharkhand,West Singhbhum,243,0
Karnataka,Bagalkot,521,0
Karnataka,Bangalore,5295,0
Karnataka,Bangalore Rural,17,0
Karnataka,Belgaum,1423,0
Karnataka,Bellary,1029,0
Karnataka,Bidar,1681,0
Karnataka,Bijapur(KAR),751,0
Karnataka,Chamarajanagar,79,0
Karnataka,Chickmagalur,692,0
Karnataka,Chikkaballapur,6,0
Karnataka,Chitradurga,17,0
Karnataka,Dakshina Kannada,445,0
Karnataka,Davangere,463,0
Karnataka,Dharwad,158,0
Karnataka,Gadag,363,0
Karnataka,Gulbarga,3325,0
Karnataka,Hassan,58,0
Karnataka,Haveri,1655,0
Karnataka,Kodagu,15,0
Karnataka,Kolar,206,0
Karnataka,Koppal,1778,0
Karnataka,Mandya,180,0
Karnataka,Mysore,1113,0
Karnataka,Raichur,792,0
Karnataka,Ramanagar,14,0
Karnataka,Shimoga,50,0
Karnataka,Tumkur,713,0
Karnataka,Udupi,43,0
Karnataka,Uttara Kannada,464,0
Karnataka,Yadgir,627,0
Kerala,Alappuzha,4127,0
Kerala,Ernakulam,3145,0
Kerala,Idukki,1963,0
Kerala,Kannur,2901,0
Kerala,Kasargod,1306,0
Kerala,Kollam,6142,0
Kerala,Kottayam,1077,0
Kerala,Kozhikode,13000,0
Kerala,Malappuram,6172,0
Kerala,Palakkad,3637,0
Kerala,Pathanamthitta,5694,0
Kerala,Thiruvananthapuram,4917,0
Kerala,Thrissur,4449,0
Kerala,Wayanad,6968,0
Lakshadweep,Lakshadweep,1,0
Madhya Pradesh,Balaghat,309,0
Madhya Pradesh,Barwani,1,0
Madhya Pradesh,Betul,46,0
Madhya Pradesh,Bhind,1,0
Madhya Pradesh,Bhopal,575,0
Madhya Pradesh,Burhanpur,1582,0
Madhya Pradesh,Chhatarpur,223,0
Madhya Pradesh,Chhindwara,1369,0
Madhya Pradesh,Damoh,9,0
Madhya Pradesh,Datia,8,0
Madhya Pradesh,Dewas,6190,0
Madhya Pradesh,Dhar,21,0
Madhya Pradesh,Dindori,3,0
Madhya Pradesh,Guna,72,0
Madhya Pradesh,Gwalior,616,0
Madhya Pradesh,Harda,3305,0
Madhya Pradesh,Hoshangabad,4599,0
Madhya Pradesh,Indore,448,0
Madhya Pradesh,Jabalpur,617,0
Madhya Pradesh,Katni,6,0
Madhya Pradesh,Khandwa,1704,0
Madhya Pradesh,Khargone,138,0
Madhya Pradesh,Mandla,1701,0
Madhya Pradesh,Mandsaur,69,0
Madhya Pradesh,Morena,45,0
Madhya Pradesh,Narsinghpur,759,0
Madhya Pradesh,Neemuch,65,0
Madhya Pradesh,Panna,2,0
Madhya Pradesh,Raisen,311,0
Madhya Pradesh,Rajgarh,36,0
Madhya Pradesh,Ratlam,42,0
Madhya Pradesh,Rewa,106,0
Madhya Pradesh,Sagar,4,0
Madhya Pradesh,Satna,26,0
Madhya Pradesh,Sehore,2,0
Madhya Pradesh,Seoni,26,0
Madhya Pradesh,Shahdol,2,0
Madhya Pradesh,Shajapur,3734,0
Madhya Pradesh,Sheopur,1,0
Madhya Pradesh,Shivpuri,65,0
Madhya Pradesh,Sidhi,7,0
Madhya Pradesh,Tikamgarh,11,0
Madhya Pradesh,Ujjain,195,0
Madhya Pradesh,Vidisha,317,0
Maharashtra,Ahmed Nagar,6891,0
Maharashtra,Akola,1161,0
Maharashtra,Amravati,1780,0
Maharashtra,Aurangabad,5827,0
Maharashtra,Beed,213,0
Maharashtra,Bhandara,2080,0
Maharashtra,Buldhana,1640,0
Maharashtra,Chandrapur,53,0
Maharashtra,Dhule,4659,0
Maharashtra,Gadchiroli,30,0
Maharashtra,Gondiya,2229,0
Maharashtra,Hingoli,63,0
Maharashtra,Jalgaon,6279,0
Maharashtra,Jalna,1630,0
Maharashtra,Kolhapur,4694,0
Maharashtra,Latur,418,0
Maharashtra,Mumbai,13301,0
Maharashtra,Mumbai City,351,0
Maharashtra,Mumbai( Sub Urban ),221,0
Maharashtra,Nagpur,4909,0
Maharashtra,Nanded,4730,0
Maharashtra,Nandurbar,1341,0
Maharashtra,Nashik,1688,0
Maharashtra,Osmanabad,302,0
Maharashtra,Parbhani,781,0
Maharashtra,Pune,14520,0
Maharashtra,Raigarh(MH),413,0
Maharashtra,Ratnagiri,113,0
Maharashtra,Sangli,705,0
Maharashtra,Satara,3859,0
Maharashtra,Sindhudurg,13,0
Maharashtra,Solapur,2183,0
Maharashtra,Thane,3368,0
Maharashtra,Wardha,769,0
Maharashtra,Washim,46,0
Maharashtra,Yavatmal,546,0
Manipur,Bishnupur,14,0
Manipur,Chandel,27,0
Manipur,Imphal East,3,0
Manipur,Senapati,34,0
Manipur,Thoubal,13,0
Mizoram,Lunglei,3,0
Nagaland,Kohima,1,0
Odisha,Anugul,318,0
Odisha,Balangir,4,0
Odisha,Baleswar,519,0
Odisha,Bargarh,12,0
Odisha,Bhadrak,2259,0
Odisha,Cuttack,2228,0
Odisha,Dhenkanal,594,0
Odisha,Gajapati,11,0
Odisha,Ganjam,1357,0
Odisha,Jagatsinghapur,301,0
Odisha,Jajapur,306,0
Odisha,Jharsuguda,7,0
Odisha,Kalahandi,3,0
Odisha,Kandhamal,6,0
Odisha,Kendrapara,60,0
Odisha,Kendujhar,29,0
Odisha,Khordha,1517,0
Odisha,Koraput,73,0
Odisha,Malkangiri,745,0
Odisha,Mayurbhanj,14,0
Odisha,Nabarangapur,3,0
Odisha,Nayagarh,123,0
Odisha,Nuapada,3,0
Odisha,Puri,2366,0
Odisha,Rayagada,73,0
Odisha,Sambalpur,163,0
Odisha,Sonapur,5,0
Odisha,Sundergarh,989,0
Others,Others,4117,0
Puducherry,Pondicherry,120,0
Puducherry,Yanam,39,0
Punjab,Amritsar,4770,0
Punjab,Barnala,357,0
Punjab,Bathinda,122,0
Punjab,Faridkot,62,0
Punjab,Fatehgarh Sahib,70,0
Punjab,Fazilka,108,0
Punjab,Ferozepur,750,0
Punjab,Gurdaspur,7082,0
Punjab,Hoshiarpur,740,0
Punjab,Jalandhar,2288,0
Punjab,Kapurthala,28,0
Punjab,Ludhiana,1792,0
Punjab,Mansa,96,0
Punjab,Moga,298,0
Punjab,Muktsar,63,0
Punjab,Nawanshahr,870,0
Punjab,Patiala,287,0
Punjab,Rupnagar,156,0
Punjab,SAS Nagar (Mohali),475,0
Punjab,Sangrur,543,0
Punjab,Tarn Taran,298,0
Rajasthan,Ajmer,1102,0
Rajasthan,Alwar,348,0
Rajasthan,Banswara,20,0
Rajasthan,Baran,46,0
Rajasthan,Barmer,124,0
Rajasthan,Bharatpur,312,0
Rajasthan,Bhilwara,2279,0
Rajasthan,Bikaner,473,0
Rajasthan,Bundi,162,0
Rajasthan,Chittorgarh,671,0
Rajasthan,Churu,103,0
Rajasthan,Dausa,234,0
Rajasthan,Dholpur,4,0
Rajasthan,Dungarpur,802,0
Rajasthan,Ganganagar,37,0
Rajasthan,Hanumangarh,78,0
Rajasthan,Jaipur,799,0
Rajasthan,Jaisalmer,2,0
Rajasthan,Jalor,48,0
Rajasthan,Jhalawar,312,0
Rajasthan,Jhunjhunun,157,0
Rajasthan,Jodhpur,148,0
Rajasthan,Karauli,25,0
Rajasthan,Kota,437,0
Rajasthan,Nagaur,78,0
Rajasthan,Pali,69,0
Rajasthan,Pratapgarh,5,0
Rajasthan,Rajsamand,178,0
Rajasthan,Sawai Madhopur,137,0
Rajasthan,Sikar,55,0
Rajasthan,Sirohi,68,0
Rajasthan,Tonk,31,0
Rajasthan,Udaipur,186,0
Sikkim,East Sikkim,3110,0
Sikkim,North Sikkim,2,0
Sikkim,South Sikkim,59,0
Sikkim,West Sikkim,213,0
Tamil Nadu,Chennai,151,0
Tamil Nadu,Coimbatore,1590,0
Tamil Nadu,Cuddalore,14,0
Tamil Nadu,Dharmapuri,17,0
Tamil Nadu,Dindigul,21,0
Tamil Nadu,Erode,191,0
Tamil Nadu,Kanchipuram,47,0
Tamil Nadu,Kanyakumari,10,0
Tamil Nadu,Karur,3,0
Tamil Nadu,Madurai,120,0
Tamil Nadu,Nagapattinam,1,0
Tamil Nadu,Namakkal,30,0
Tamil Nadu,Nilgiris,3,0
Tamil Nadu,Perambalur,2,0
Tamil Nadu,Pudukkottai,77,0
Tamil Nadu,Ramanathapuram,8,0
Tamil Nadu,Salem,114,0
Tamil Nadu,Sivaganga,15,0
Tamil Nadu,Thanjavur,60,0
Tamil Nadu,Theni,142,0
Tamil Nadu,Thoothukkudi,10,0
Tamil Nadu,Tiruchirappalli,129,0
Tamil Nadu,Tirunelveli,122,0
Tamil Nadu,Tiruvallur,137,0
Tamil Nadu,Tiruvannamalai,189,0
Tamil Nadu,Tiruvarur,4,0
Tamil Nadu,Vellore,43,0
Tamil Nadu,Villupuram,70,0
Tamil Nadu,Virudhunagar,297,0
Tripura,Dhalai,84,0
Tripura,North Tripura,15,0
Tripura,South Tripura,57,0
Tripura,West Tripura,124,0
Uttar Pradesh,Agra,625,0
Uttar Pradesh,Aligarh,393,0
Uttar Pradesh,Allahabad,509,0
Uttar Pradesh,Ambedkar Nagar,10,0
Uttar Pradesh,Auraiya,108,0
Uttar Pradesh,Azamgarh,147,0
Uttar Pradesh,Baghpat,128,0
Uttar Pradesh,Bahraich,3,0
Uttar Pradesh,Ballia,54,0
Uttar Pradesh,Balrampur,7,0
Uttar Pradesh,Banda,84,0
Uttar Pradesh,Barabanki,144,0
Uttar Pradesh,Bareilly,173,0
Uttar Pradesh,Basti,15,0
Uttar Pradesh,Bijnor,114,0
Uttar Pradesh,Budaun,7,0
Uttar Pradesh,Bulandshahar,85,0
Uttar Pradesh,Chandauli,18,0
Uttar Pradesh,Chitrakoot,4,0
Uttar Pradesh,Deoria,45,0
Uttar Pradesh,Etah,21,0
Uttar Pradesh,Etawah,96,0
Uttar Pradesh,Faizabad,27,0
Uttar Pradesh,Farrukhabad,16,0
Uttar Pradesh,Fatehpur,19,0
Uttar Pradesh,Firozabad,265,0
Uttar Pradesh,Gautam Buddha Nagar,440,0
Uttar Pradesh,Ghaziabad,839,0
Uttar Pradesh,Ghazipur,94,0
Uttar Pradesh,Gonda,25,0
Uttar Pradesh,Gorakhpur,45,0
Uttar Pradesh,Hamirpur,4,0
Uttar Pradesh,Hardoi,19,0
Uttar Pradesh,Hathras,76,0
Uttar Pradesh,Jalaun,11,0
Uttar Pradesh,Jaunpur,29,0
Uttar Pradesh,Jhansi,83,0
Uttar Pradesh,Jyotiba Phule Nagar,35,0
Uttar Pradesh,Kannauj,9,0
Uttar Pradesh,Kanpur Dehat,15,0
Uttar Pradesh,Kanpur Nagar,1099,0
Uttar Pradesh,Kaushambi,9,0
Uttar Pradesh,Kheri,48,0
Uttar Pradesh,Kushinagar,30,0
Uttar Pradesh,Lalitpur,17,0
Uttar Pradesh,Lucknow,1102,0
Uttar Pradesh,Mahoba,46,0
Uttar Pradesh,Mahrajganj,6,0
Uttar Pradesh,Mainpuri,90,0
Uttar Pradesh,Mathura,168,0
Uttar Pradesh,Mau,15,0
Uttar Pradesh,Meerut,434,0
Uttar Pradesh,Mirzapur,15,0
Uttar Pradesh,Moradabad,361,0
Uttar Pradesh,Muzaffarnagar,208,0
Uttar Pradesh,Pilibhit,191,0
Uttar Pradesh,Pratapgarh,39,0
Uttar Pradesh,Raebareli,50,0
Uttar Pradesh,Rampur,66,0
Uttar Pradesh,Saharanpur,54,0
Uttar Pradesh,Sant Kabir Nagar,3,0
Uttar Pradesh,Sant Ravidas Nagar Bhadohi,9,0
Uttar Pradesh,Shahjahanpur,36,0
Uttar Pradesh,Shrawasti,1,0
Uttar Pradesh,Siddharthnagar,2,0
Uttar Pradesh,Sitapur,55,0
Uttar Pradesh,Sonbhadra,11,0
Uttar Pradesh,Sultanpur,65,0
Uttar Pradesh,Unnao,232,0
Uttar Pradesh,Varanasi,174,0
Uttarakhand,Almora,932,0
Uttarakhand,Bageshwar,42,0
Uttarakhand,Chamoli,105,0
Uttarakhand,Champawat,189,0
Uttarakhand,Dehradun,660,0
Uttarakhand,Garhwal,364,0
Uttarakhand,Hardwar,62,0
Uttarakhand,Nainital,709,0
Uttarakhand,Pithoragarh,86,0
Uttarakhand,Rudraprayag,5,0
Uttarakhand,Tehri Garhwal,65,0
Uttarakhand,Udham Singh Nagar,1739,0
Uttarakhand,Uttarkashi,4,0
West Bengal,Bankura,326,0
West Bengal,Barddhaman,173,0
West Bengal,Birbhum,84,0
West Bengal,Cooch Behar,38,0
West Bengal,Dakshin Dinajpur,48,0
West Bengal,Darjeeling,96,0
West Bengal,East Midnapore,92,0
West Bengal,Hooghly,335,0
West Bengal,Howrah,290,0
West Bengal,Jalpaiguri,185,0
West Bengal,Kolkata,763,0
West Bengal,Malda,33,0
West Bengal,Medinipur,33,0
West Bengal,Murshidabad,76,0
West Bengal,Nadia,297,0
West Bengal,North 24 Parganas,198,0
West Bengal,North Dinajpur,11,0
West Bengal,Purulia,44,0
West Bengal,South Twenty Four Parganas,68,0
West Bengal,West Midnapore,69,0
