Gender,Age Band,Aadhaar generated,Enrolment Rejected
F,0 to 5 Years,6180,861
F,16 to 30 Years,101430,3547
F,31 to 45 Years,85205,2543
F,46 to 65 Years,61217,1589
F,6 to 15 Years,54750,2614
F,66 Years and Above,12969,296
M,0 to 5 Years,7795,946
M,16 to 30 Years,98371,2462
M,31 to 45 Years,74813,1617
M,46 to 65 Years,54895,1277
M,6 to 15 Years,56435,2425
M,66 Years and Above,11881,251
T,0 to 5 Years,1,0
T,16 to 30 Years,12,3
T,31 to 45 Years,7,1
T,46 to 65 Years,1,2
T,6 to 15 Years,2,0
T,66 Years and Above,0,1
