Registrar,Enrolment Agency,State,District,Sub District,Pin Code,Gender,Age,Aadhaar generated,Enrolment Rejected,Residents providing email,Residents providing mobile number
Allahabad Bank,Vakrangee Softwares Limited,Maharashtra,Nandurbar,Shahade,425424,F,4,1,0,0,0
Allahabad Bank,Vakrangee Softwares Limited,Maharashtra,Nandurbar,Shahade,425424,M,4,1,0,0,0
Allahabad Bank,Vakrangee Softwares Limited,Maharashtra,Raigarh,Panvel,410218,F,4,0,1,0,0
Allahabad Bank,Vakrangee Softwares Limited,Maharashtra,Thane,Bhiwandi,421302,F,3,0,1,0,1
Bank Of India,Vakrangee Softwares Limited,Madhya Pradesh,Bhopal,Huzur,462001,F,17,0,1,0,0
Dept of ITC Govt of Rajasthan,DATASOFT COMPUTER SERVICES(P),Rajasthan,Jhunjhunun,Khetri,333503,M,9,0,1,0,0
Dept of ITC Govt of Rajasthan,DATASOFT COMPUTER SERVICES(P),Rajasthan,Pali,Jaitaran,306305,M,4,0,1,0,0
Govt of Andhra Pradesh,INFRONICS SYSTEMS LTD,Andhra Pradesh,East Godavari,Kakinada (urban),533005,F,2,0,1,0,0
Govt of Andhra Pradesh,INFRONICS SYSTEMS LTD,Andhra Pradesh,K.v. Rangareddy,Kulkacharla,509340,F,2,0,1,0,0
Govt of Andhra Pradesh,TechSmart India Pvt Ltd,Andhra Pradesh,Cuddapah,Sambepalle,516215,M,4,0,1,0,0
Govt of Andhra Pradesh,TechSmart India Pvt Ltd,Andhra Pradesh,Hyderabad,Nampally,500012,M,2,0,1,0,1
Govt of Andhra Pradesh,TechSmart India Pvt Ltd,Andhra Pradesh,Visakhapatnam,Visakhapatnam (urban),530016,F,0,0,1,0,1
Govt of Karnataka ,Wipro Ltd,Karnataka,Bangalore,Bangalore South,560026,M,19,0,1,0,1
Govt of Kerala,Akshaya,Kerala,Kasargod,Hosdurg,671533,M,11,0,1,0,1
Govt of Madhya Pradesh,VIRGO SOFTECH LIMITED,Madhya Pradesh,Barwani,Sendhwa,451666,M,2,0,1,0,0
Govt of Madhya Pradesh,VIRGO SOFTECH LIMITED,Madhya Pradesh,Ratlam,Alot,457114,M,8,0,1,0,0
Govt of Madhya Pradesh,VIRGO SOFTECH LIMITED,Madhya Pradesh,Ratlam,Bajna,457001,M,17,0,1,0,0
Govt of Maharashtra,Alankit Finsec Ltd,Maharashtra,Jalgaon,Jamner,424207,M,4,0,1,0,0
Information Technology & Communication Department,Bloom Solutions Pvt Ltd,Andhra Pradesh,Warangal,Cherial,506223,F,70,1,0,0,0
NSDL e-Governance Infrastructure Limited,Alankit Assignments Limited,Maharashtra,Thane,Thane,400601,F,3,0,1,0,0
NSDL e-Governance Infrastructure Limited,Karvy Data Management Services,Andhra Pradesh,Ananthapur,Somandepalle,515122,F,3,0,1,0,1
NSDL e-Governance Infrastructure Limited,Karvy Data Management Services,Haryana,Bhiwani,Bhiwani,127021,F,4,0,1,0,1
NSDL e-Governance Infrastructure Limited,Karvy Data Management Services,Haryana,Bhiwani,Loharu ,127028,F,17,0,1,0,1
Oriental Bank of Commerce,Wipro Ltd,Punjab,Ludhiana,Ludhiana (west),142022,M,69,0,1,0,1
Others,Others,Delhi,North Delhi,Delhi,110006,M,NULL,0,1,NULL,NULL
Others,Others,Karnataka,Bangalore,Bangalore,560001,F,NULL,0,2,NULL,NULL
Others,Others,Karnataka,Bangalore,Bangalore,560001,M,NULL,0,1,NULL,NULL
Others,Others,Maharashtra,Pune,Pune City,411001,M,NULL,0,1,NULL,NULL
Others,Others,Maharashtra,Pune,Pune City,411021,M,NULL,0,1,NULL,NULL
Others,Others,Maharashtra,Pune,Pune City,411027,M,NULL,0,1,NULL,NULL
Others,Others,Puducherry,Puducherry,Puducherry Taluk,605012,M,NULL,0,1,NULL,NULL
Union Bank,Vakrangee Softwares Limited,Madhya Pradesh,Bhopal,Huzur,462001,F,16,0,1,0,0
Union Bank,Vakrangee Softwares Limited,Madhya Pradesh,Morena,Morena,476001,F,21,0,1,0,1
Union Bank,Vakrangee Softwares Limited,Madhya Pradesh,Raisen,Raisen,464551,F,17,0,1,0,0
Union Bank,Vakrangee Softwares Limited,Madhya Pradesh,Raisen,Raisen,464551,M,7,0,1,0,0
Union Bank,Vakrangee Softwares Limited,Madhya Pradesh,Ratlam,Ratlam,457001,F,40,0,1,0,0
Union Bank,Vakrangee Softwares Limited,Madhya Pradesh,Ratlam,Ratlam,457001,M,9,0,1,0,0
Union Bank,Vakrangee Softwares Limited,Madhya Pradesh,Ratlam,Ratlam,457001,M,16,0,1,0,0
