Registrar,Enrolment Agency,Aadhaar generated,Enrolment Rejected
Allahabad Bank,IL&FS LTD,1,1
Allahabad Bank,Tera Software Ltd,20,0
Allahabad Bank,Vakrangee Softwares Limited,601,31
Bank Of India,A3 Logics  India  Ltd,1226,174
Bank Of India,Akanksha International,8,0
Bank Of India,Blue Circle Instrument,124,16
Bank Of India,CHESSY CONSULTANTS PVT LTD,23,5
Bank Of India,DATASOFT COMPUTER SERVICES(P),1579,237
Bank Of India,Emdee Digitronics Pvt.Ltd.,472,49
Bank Of India,Frontech Systems Pvt Ltd,490,104
Bank Of India,ITI LIMITED,83,0
Bank Of India,MANTRA SOFTTECH (INDIA) PVTLTD,103,0
Bank Of India,Matrix Processing House,143,35
Bank Of India,OPTIMIX CONSULTANCY PRIVATE LT,2,0
Bank Of India,OSWAL COMPUTERS & CONSULTANTS,399,81
Bank Of India,PROTEX COMPUTER PVT LTD,510,40
Bank Of India,SARADA SYSTEMS,3051,144
Bank Of India,SHRIKRISHNA KHANDASARI SUGAR M,569,23
Bank Of India,SPANCO,74,2
Bank Of India,SREI INFRASTRUCTURE FINANCES L,5142,456
Bank Of India,Silver Touch Technologies Ltd,51,0
Bank Of India,Systematic & Advance Const P L,399,86
Bank Of India,VEETECHNOLOGIES PVT. LTD,149,211
Bank Of India,Vakrangee Softwares Limited,817,8
Bank of Baroda,Global Finsol Private Limited,31,5
Bank of Baroda,IL&FS LTD,1,0
Bank of Maharashtra,Alankit Finsec Ltd,1,0
Bank of Maharashtra,FINANCIAL INFORMATION NETWORK,26,34
Bank of Maharashtra,Micro Technologies India Ltd,11,20
Bank of Maharashtra,Tera Software Ltd,119,69
CSC e-Governance Services India Limited,A I Soc for Electronics and Comp Tech,2060,459
CSC e-Governance Services India Limited,AKSH OPTIFIBRE LIMITED,1171,198
CSC e-Governance Services India Limited,BASIX,1077,767
CSC e-Governance Services India Limited,CALANCE SOFTWARE PRIVATE LTD,38,15
CSC e-Governance Services India Limited,CMS Computers Ltd,2935,658
CSC e-Governance Services India Limited,CSC e-Governance Services India Limited,155,63
CSC e-Governance Services India Limited,Conatus Infocom Pvt. Ltd,16,6
CSC e-Governance Services India Limited,Intelligent Communication Sys India Ltd,6,12
CSC e-Governance Services India Limited,MANTRA SOFTTECH (INDIA) PVTLTD,724,92
CSC e-Governance Services India Limited,Mahaonline Limited,139,124
CSC e-Governance Services India Limited,Nekton IT India Pvt Ltd.,318,208
CSC e-Governance Services India Limited,Network for Information & Computer,475,39
CSC e-Governance Services India Limited,SPANCO,999,394
CSC e-Governance Services India Limited,SRR Infotech,124,49
CSC e-Governance Services India Limited,Sahaj e-Village Limited,1306,138
CSC e-Governance Services India Limited,Tera Software Ltd,55,22
CSC e-Governance Services India Limited,United Telecoms e-Services Pvt Ltd,839,357
CSC e-Governance Services India Limited,VIKALP MULTIMEDIA,258,157
CSC e-Governance Services India Limited,Vakrangee Softwares Limited,530,206
CSC e-Governance Services India Limited,Vayam technologies Ltd,1681,190
CSC e-Governance Services India Limited,Vedavaag Systems Limited,668,114
CSC e-Governance Services India Limited,Zephyr System Pvt.Ltd.,813,179
Canara Bank,FINANCIAL INFORMATION NETWORK,3688,266
Canara Bank,Karvy Data Management Services,6124,327
Canara Bank,Ojus Healthcare Private Limited,9,4
Canara Bank,Osiris Infotech Pvt. Ltd.,5,1
Canara Bank,Smart Chip Limited,1422,233
Canara Bank,Virinchi Technologies Ltd,0,6
Central Bank of India,CALANCE SOFTWARE PRIVATE LTD,413,6
Central Bank of India,IAP COMPANY Pvt. Ltd,246,21
Central Bank of India,IL&FS LTD,1,0
Central Bank of India,MANTRA SOFTTECH (INDIA) PVTLTD,10,0
Central Bank of India,The Peerless General Finance,12,5
DENA BANK,APEX Services,147,22
DENA BANK,ATISHAY INFOTECH PVT. LTD.,4150,264
DENA BANK,AVVAS INFOTECH PVT  LTD,1574,121
DENA BANK,Asha Security Guard Services,1464,129
DENA BANK,BNR UDYOG LIMITED,8,5
DENA BANK,Binary Systems,572,76
DENA BANK,Bloom Solutions Pvt Ltd,5141,641
DENA BANK,Blue Circle Instrument,1072,43
DENA BANK,Business Information Processing Services,449,238
DENA BANK,CALANCE SOFTWARE PRIVATE LTD,986,136
DENA BANK,DATASOFT COMPUTER SERVICES(P),1416,133
DENA BANK,DEVASHISH SECURITIES PVT. LTD.,95,0
DENA BANK,Eagle Software India Pvt. Ltd,3815,162
DENA BANK,FINANCIAL INFORMATION NETWORK,5082,286
DENA BANK,Gem Computers,185,82
DENA BANK,Gujarat Infotech Ltd.,148,22
DENA BANK,IAP COMPANY Pvt. Ltd,9052,581
DENA BANK,India Computer Technology,946,121
DENA BANK,JNET Technologies Pvt.Ltd,9,4
DENA BANK,K W Consulting P Ltd,514,270
DENA BANK,M/S STAR DATA CENTRE,308,20
DENA BANK,M/s Gold Square Builders & Promoters Pvt. Ltd.,1162,171
DENA BANK,MARS Telecom Systems Pvt Ltd,1442,26
DENA BANK,MEGHA VINCOM PVT LTD,5363,169
DENA BANK,MKS Enterprises,1135,47
DENA BANK,Make India Smart Private Limited,432,37
DENA BANK,Multiwave Innovation,2093,106
DENA BANK,NVR & ASSOCIATES LIMITED,1058,66
DENA BANK,Netlink software Pvt Ltd,1992,169
DENA BANK,Nielsen  India  Private Limited,11147,896
DENA BANK,Offshoot Agency Pvt. Ltd.,753,128
DENA BANK,Ortem Securities Limited,318,51
DENA BANK,Prodigy Systems and Services Private Limited,2,8
DENA BANK,Radiant Haroti Industries India Ltd,1220,178
DENA BANK,SGS INDIA PVT LTD,2276,243
DENA BANK,Silver Touch Technologies Ltd,557,37
DENA BANK,Sixth Dimension Project Solutions Ltd,187,24
DENA BANK,Soc for Advancement of Environ Science,184,88
DENA BANK,Super Printers,1993,142
DENA BANK,Systematic & Advance Const P L,386,58
DENA BANK,TechSmart India Pvt Ltd,1531,295
DENA BANK,Tera Software Ltd,2846,343
DENA BANK,The NSIC ltd,0,9
DENA BANK,Transline Technologies P Ltd,2663,128
DENA BANK,Utility Forms Pvt Ltd,319,29
DENA BANK,VAP INFOSOLUTIONS,1945,175
DENA BANK,VISION COMPTECH INTEGRATOR LTD,2116,111
DENA BANK,Vedavaag Systems Limited,2651,281
DENA BANK,Virinchi Technologies Ltd,481,12
DENA BANK,WEBEL,9697,720
DENA BANK,Wipro Ltd,749,110
DENA BANK,Zephyr System Pvt.Ltd.,3040,560
Delhi - Central DC,Smart Chip Limited,37,118
Delhi - East DC,DATASOFT COMPUTER SERVICES(P),281,428
Delhi - East DC,Tera Software Ltd,1,0
Delhi - ND DC,Smart Chip Limited,11,33
Delhi - NE DC,Smart Chip Limited,31,331
Delhi - North DC,CALANCE SOFTWARE PRIVATE LTD,6,61
Delhi - North DC,DATASOFT COMPUTER SERVICES(P),1,1
Delhi - North DC,NVR & ASSOCIATES LIMITED,10,468
Delhi - North DC,Smart Chip Limited,13,3
Delhi SW DC,STRATEGIC OUTSOURCING SERVICE,1,0
Delhi SW DC,VIRGO SOFTECH LIMITED,21,14
Delhi- South DC,Karvy Computershare Private Li,3,3
Delhi- South DC,Smart Chip Limited,2,3
Delhi- South DC,Tera Software Ltd,1,0
Delhi- South DC,eCentric solutions pvt ltd,1,0
Delhi- West DC,Matrix Processing House,1,0
Delhi- West DC,Smart Chip Limited,2,2
Delhi- West DC,VIRGO SOFTECH LIMITED,6,7
Delhi-NW DC,Karvy Computershare Private Li,16,1
Delhi-NW DC,STRATEGIC OUTSOURCING SERVICE,2,0
Department of Information Technology Govt of Jharkhand,Blue Circle Instrument,56,0
Department of Information Technology Govt of Jharkhand,MKS Enterprises,308,30
Department of Information Technology Govt of Jharkhand,Systematic & Advance Const P L,43,0
Department of Information Technology Govt of Jharkhand,Wipro Ltd,165,121
Dept of ITC Govt of Rajasthan,ATISHAY INFOTECH PVT. LTD.,1346,162
Dept of ITC Govt of Rajasthan,AVVAS INFOTECH PVT  LTD,675,84
Dept of ITC Govt of Rajasthan,Alankit Finsec Ltd,66,0
Dept of ITC Govt of Rajasthan,Business Information Processing Services,315,32
Dept of ITC Govt of Rajasthan,COMTECH INSTITUTE OFTECHNOLOGY,58,0
Dept of ITC Govt of Rajasthan,DATASOFT COMPUTER SERVICES(P),1280,166
Dept of ITC Govt of Rajasthan,FINANCIAL INFORMATION NETWORK,42,0
Dept of ITC Govt of Rajasthan,Gem Computers,21,3
Dept of ITC Govt of Rajasthan,IAP COMPANY Pvt. Ltd,189,16
Dept of ITC Govt of Rajasthan,Matrix Processing House,55,22
Dept of ITC Govt of Rajasthan,Multiwave Innovation,284,10
Dept of ITC Govt of Rajasthan,Netlink software Pvt Ltd,2,0
Dept of ITC Govt of Rajasthan,Radiant Haroti Industries India Ltd,208,1
Dept of ITC Govt of Rajasthan,SAR Technology,2,1
Dept of ITC Govt of Rajasthan,TechSmart India Pvt Ltd,9,10
Dept of ITC Govt of Rajasthan,Transline Technologies P Ltd,115,20
Dept of ITC Govt of Rajasthan,UMC Technologies Pvt. Ltd,27,3
Dept of ITC Govt of Rajasthan,Vakrangee Softwares Limited,1328,77
Dept of ITC Govt of Rajasthan,Vayam technologies Ltd,55,4
FCR Govt of Haryana,4G INFORMATICS,0,1
FCR Govt of Haryana,Academy of Management Studies,10,31
FCR Govt of Haryana,Radiant Info Systems Ltd,396,90
FCR Govt of Haryana,SoftAge Information Technology Limited,596,194
FCR Govt of Haryana,Vakrangee Softwares Limited,131,1
FCR Govt of Haryana,Vayam technologies Ltd,664,208
FCS Govt of Punjab,Alankit Finsec Ltd,2,0
FCS Govt of Punjab,CSS TECHNERGY LIMITED,75,0
FCS Govt of Punjab,Delhi Integrated MMTS Ltd,2,0
FCS Govt of Punjab,District Sukhmani Society  Jalandhar  Punjab,4,4
FCS Govt of Punjab,District Sukhmani Society  Ludhiana  Punjab,5,24
FCS Govt of Punjab,District Sukhmani Society  Moga  Punjab,2,8
FCS Govt of Punjab,District Sukhmani Society Amritsar Punjab,5,24
FCS Govt of Punjab,District Sukhmani Society Barnala Punjab,13,21
FCS Govt of Punjab,District Sukhmani Society Bathinda Punjab,8,28
FCS Govt of Punjab,District Sukhmani Society Fatehgarh Sahib Punjab,1,3
FCS Govt of Punjab,District Sukhmani Society Fazilka Punjab,15,1
FCS Govt of Punjab,District Sukhmani Society Ferozepur Punjab,2,16
FCS Govt of Punjab,District Sukhmani Society For Citizen Services Mansa Punjab,0,1
FCS Govt of Punjab,District Sukhmani Society For Citizen Services Nawanshahr Punjab,19,10
FCS Govt of Punjab,District Sukhmani Society For Citizen Services SAS Nagar District e-Governance Society Punjab,0,7
FCS Govt of Punjab,District Sukhmani Society Pathankot Punjab,0,1
FCS Govt of Punjab,District Sukhmani Society Patiala Punjab,36,23
FCS Govt of Punjab,District Sukhmani Society Rupnagar Punjab,0,2
FCS Govt of Punjab,District Sukhmani Society Sangrur Punjab,2,10
FCS Govt of Punjab,District Sukhmani Society Sri Muktsar Sahib Punjab,0,7
FCS Govt of Punjab,District Sukhmani Society Tarn Taran Punjab,16,9
FCS Govt of Punjab,Karvy Computershare Private Li,345,593
FCS Govt of Punjab,Sukhmani Society For Citizen Services  Kapurthala  Punjab,0,1
FCS Govt of Punjab,Sukhmani Society For Citizen Services Gurdaspur Punjab,1,0
FCS Govt of Punjab,Sukhmani Society For Citizens Services Faridkot Punjab,7,13
FCS Govt of Punjab,Suwidha Society Hoshiarpur Punjab,1,2
FCS Govt of Punjab,Vayam technologies Ltd,151,240
FCS Govt of Punjab,eCentric solutions pvt ltd,234,23
Govt of Andhra Pradesh,Gouthami Educational Society,518,25
Govt of Andhra Pradesh,GrapeSoft,60,31
Govt of Andhra Pradesh,IL&FS LTD,3,0
Govt of Andhra Pradesh,INFRONICS SYSTEMS LTD,527,4
Govt of Andhra Pradesh,Madras Security Printers Ltd,6,1
Govt of Andhra Pradesh,SREEVEN INFOCOM LIMITED,41,1
Govt of Andhra Pradesh,TechSmart India Pvt Ltd,92,1
Govt of Andhra Pradesh,Tera Software Ltd,174,0
Govt of Andhra Pradesh,eCentric solutions pvt ltd,31,0
Govt of Goa,COMAT TECHNOLOGIES P LTD,3,0
Govt of Goa,MARS Telecom Systems Pvt Ltd,45,0
Govt of Goa,Tera Software Ltd,5,0
Govt of Gujarat,GSS Infotech Ltd,171,1
Govt of Gujarat,Karvy Computershare Private Li,386,76
Govt of Gujarat,Silver Touch Technologies Ltd,1231,119
Govt of Gujarat,Tera Software Ltd,497,41
Govt of Gujarat,Transline Technologies P Ltd,714,60
Govt of Gujarat,Vayam technologies Ltd,281,31
Govt of Gujarat,eCentric solutions pvt ltd,117,12
Govt of Himachal Pradesh,IL&FS LTD,1,0
Govt of Himachal Pradesh,Wipro Ltd,64,8
Govt of Himachal Pradesh,i-Grandee SoftwareTechnologies,112,3
Govt of Karnataka ,BNR UDYOG LIMITED,1,1
Govt of Karnataka ,GLODYNE TECHNOSERVE,1,0
Govt of Karnataka ,MARS Telecom Systems Pvt Ltd,129,4
Govt of Karnataka ,Ninestars Information Technologies Ltd,123,1
Govt of Karnataka ,Origin ITFS Pvt Ltd,354,12
Govt of Karnataka ,SREEVEN INFOCOM LIMITED,75,5
Govt of Kerala,Akshaya,2533,914
Govt of Kerala,Keltron,533,92
Govt of Madhya Pradesh,VIRGO SOFTECH LIMITED,157,12
Govt of Maharashtra,Alankit Assignments Limited,1,0
Govt of Maharashtra,Alankit Finsec Ltd,297,0
Govt of Maharashtra,Bharat Technical Solutions Private Limited,0,2
Govt of Maharashtra,Eagle press pvt ltd,51,1
Govt of Maharashtra,GLODYNE TECHNOSERVE,50,0
Govt of Maharashtra,Global Finsol Private Limited,3,0
Govt of Maharashtra,Karvy Computershare Private Li,322,10
Govt of Maharashtra,M/S King Computer System pvt Ltd,11,1
Govt of Maharashtra,M/s. Vidya Online  Pune,1,0
Govt of Maharashtra,Narayana Electricals Solution Pvt Ltd,5,0
Govt of Maharashtra,Netlink software Pvt Ltd,81,60
Govt of Maharashtra,Network for Information & Computer,2,0
Govt of Maharashtra,Obel projects Pvt Ltd,7,0
Govt of Maharashtra,Rudranee Infotech Ltd,8,3
Govt of Maharashtra,SETU MAHARASHTRA,89,1
Govt of Maharashtra,SHREERAM PRINTING PRESS,12,2
Govt of Maharashtra,SILVER JUBILEE MOTORS LTD.,0,1
Govt of Maharashtra,SPANCO,0,1
Govt of Maharashtra,STRATEGIC OUTSOURCING SERVICE,173,1
Govt of Maharashtra,Silver Touch Technologies Ltd,155,5
Govt of Maharashtra,Systematic & Advance Const P L,2,0
Govt of Maharashtra,TechSmart India Pvt Ltd,141,0
Govt of Maharashtra,Tera Software Ltd,24,0
Govt of Maharashtra,Transline Technologies P Ltd,248,1
Govt of Maharashtra,Wipro Ltd,254,16
Govt of Sikkim - Dept of Econo,Department of Economics Statistics  Monitoring and Evaluation DESME,3,0
IDBI Bank ltd,ATISHAY INFOTECH PVT. LTD.,31,30
IDBI Bank ltd,Matrix Processing House,255,11
IDBI Bank ltd,Pioneer E Labs limited,1,0
IDBI Bank ltd,SREEVEN INFOCOM LIMITED,75,16
IDBI Bank ltd,UTI TECHNOLOGY SERVICES LIMITE,31,38
Indian Bank,Redim Software Technologies Pvt Ltd,0,1
Indiapost,COMAT TECHNOLOGIES P LTD,1,0
Indiapost,Delhi Integrated MMTS Ltd,151,10
Indiapost,GLODYNE TECHNOSERVE,5,0
Indiapost,Global Finsol Private Limited,108,1
Indiapost,MARS Telecom Systems Pvt Ltd,22,1
Indiapost,Smart Chip Limited,0,6
Indiapost,The Peerless General Finance,1,0
Indiapost,Vayam technologies Ltd,17,16
Indiapost,WEBEL,4,149
Information Technology & Communication Department,4G INFORMATICS,51,0
Information Technology & Communication Department,BNR UDYOG LIMITED,49,0
Information Technology & Communication Department,Bloom Solutions Pvt Ltd,75,0
Information Technology & Communication Department,CSS TECHNERGY LIMITED,42,0
Information Technology & Communication Department,Directorate of ESD,12345,6737
Information Technology & Communication Department,GDC Advertising Pvt. Limited,72,0
Information Technology & Communication Department,JYOTHI COMPUTER SERVICES,38,0
Information Technology & Communication Department,Karvy Data Management Services,2,0
Information Technology & Communication Department,MARS Telecom Systems Pvt Ltd,59,19
Information Technology & Communication Department,SREEVEN INFOCOM LIMITED,70,1
Information Technology & Communication Department,Tera Software Ltd,5,0
Jharkhand,Alankit Assignments Limited,67,0
Jharkhand,Blue Circle Instrument,34,0
Jharkhand,Emdee Digitronics Pvt.Ltd.,31,1
Jharkhand,MKS Enterprises,209,0
Jharkhand,Nevaeh Technology Pvt. Ltd.,63,0
Jharkhand,STRATEGIC OUTSOURCING SERVICE,183,0
Jharkhand,Systematic & Advance Const P L,184,0
Jharkhand,VISION COMPTECH INTEGRATOR LTD,106,0
Jharkhand,Wipro Ltd,1459,58
Mission Convergence - GNCT Del,Karvy Computershare Private Li,12,1
Mission Convergence - GNCT Del,Matrix Processing House,1,0
Mission Convergence - GNCT Del,NVR & ASSOCIATES LIMITED,1,44
Mission Convergence - GNCT Del,STRATEGIC OUTSOURCING SERVICE,4,0
NSDL e-Governance Infrastructure Limited,Abhipra Capital Ltd,293,130
NSDL e-Governance Infrastructure Limited,Alankit Assignments Limited,81,73
NSDL e-Governance Infrastructure Limited,Alankit Finsec Ltd,6083,545
NSDL e-Governance Infrastructure Limited,Delhi Integrated MMTS Ltd,4,0
NSDL e-Governance Infrastructure Limited,Global Finsol Private Limited,17,1
NSDL e-Governance Infrastructure Limited,Gujarat Infotech Ltd.,2725,212
NSDL e-Governance Infrastructure Limited,IAP COMPANY Pvt. Ltd,32,1
NSDL e-Governance Infrastructure Limited,INTEGRATED REGISTRY SERVICES LTD,0,1
NSDL e-Governance Infrastructure Limited,Karvy Data Management Services,15498,3295
NSDL e-Governance Infrastructure Limited,N.K. Sharma Enterprises Ltd.,945,40
NSDL e-Governance Infrastructure Limited,Netlink software Pvt Ltd,143,42
NSDL e-Governance Infrastructure Limited,Offshoot Agency Pvt. Ltd.,655,30
NSDL e-Governance Infrastructure Limited,PROWIZ MANSYTEMS PVT LTD,291,6
NSDL e-Governance Infrastructure Limited,Promind Solutions P Limited,3202,269
NSDL e-Governance Infrastructure Limited,RELIGARE SECURITIES LTD,914,151
NSDL e-Governance Infrastructure Limited,Radiant Haroti Industries India Ltd,408,47
NSDL e-Governance Infrastructure Limited,Sri Ramraja Sarkar Lok Kalyan Trust,2988,396
NSDL e-Governance Infrastructure Limited,Utility Forms Pvt Ltd,484,90
NSDL e-Governance Infrastructure Limited,VIRGO SOFTECH LIMITED,39,8
Oriental Bank of Commerce,DATASOFT COMPUTER SERVICES(P),204,20
Oriental Bank of Commerce,Euro Finmart Ltd,2,0
Oriental Bank of Commerce,FINANCIAL INFORMATION NETWORK,24,0
Oriental Bank of Commerce,JNET Technologies Pvt.Ltd,3,0
Oriental Bank of Commerce,Redim Software Technologies Pvt Ltd,5,0
Oriental Bank of Commerce,Sri Ramraja Sarkar Lok Kalyan Trust,151,215
Oriental Bank of Commerce,Wipro Ltd,54,10
Principal Revenue Commissioner  Dept of Revenue  Govt of MP,Frontech Systems Pvt Ltd,3,0
Principal Revenue Commissioner  Dept of Revenue  Govt of MP,GDC Advertising Pvt. Limited,19,2
Principal Revenue Commissioner  Dept of Revenue  Govt of MP,K W Consulting P Ltd,0,10
Principal Revenue Commissioner  Dept of Revenue  Govt of MP,LYRA  CONSULTANCY SERVICE,0,13
Principal Revenue Commissioner  Dept of Revenue  Govt of MP,Netlink software Pvt Ltd,1,8
Principal Revenue Commissioner  Dept of Revenue  Govt of MP,OSWAL COMPUTERS & CONSULTANTS,0,2
Principal Revenue Commissioner  Dept of Revenue  Govt of MP,Tera Software Ltd,20,30
Principal Revenue Commissioner  Dept of Revenue  Govt of MP,Vedavaag Systems Limited,3,8
Punjab and Sind Bank,Matrix Processing House,283,30
Registrar General India - BEL,In Media Computer Services LLP,186,8
Registrar General India - BEL,Manipur Electronics Dev Corp,5,2
Registrar General India - BEL,Swathy Smartcards Hi-Tech Pvt,5,0
Registrar General India BEL2,Alankit Assignments Limited,18,0
Registrar General India BEL2,Computer LAB,147,3
Registrar General India BEL2,Emdee Digitronics Pvt.Ltd.,94,1
Registrar General India BEL2,In Media Computer Services LLP,0,1
Registrar General India BEL2,India Computer Technology,475,0
Registrar General India BEL2,MACRO INFOTECH PVT LTD,5,0
Registrar General India BEL2,MKS Enterprises,1,0
Registrar General India BEL2,Madras Security Printers Ltd,216,1
Registrar General India BEL2,Manipur Electronics Dev Corp,6,0
Registrar General India BEL2,Multiwave Innovation,79,0
Registrar General India BEL2,NVR & ASSOCIATES LIMITED,3,2
Registrar General India BEL2,Netlink software Pvt Ltd,35,4
Registrar General India BEL2,Nielsen  India  Private Limited,5,10
Registrar General India BEL2,Om Softwares,138,193
Registrar General India BEL2,SREEVEN INFOCOM LIMITED,118,0
Registrar General India BEL2,SREI INFRASTRUCTURE FINANCES L,58,32
Registrar General India BEL2,STRATEGIC OUTSOURCING SERVICE,5,0
Registrar General India BEL2,Satyanarayana Raju Company Pvt ltd,6,10
Registrar General India BEL2,Swathy Smartcards Hi-Tech Pvt,1800,67
Registrar General India BEL2,Swiss Tech India Pvt Ltd,56,2
Registrar General India BEL2,Tera Software Ltd,399,15
Registrar General India BEL2,UNITED DATA SERVICES PRIVATE LIMITED,7,0
Registrar General India BEL2,VIRGO SOFTECH LIMITED,19,0
Registrar General India BEL2,Vansh Infotech Pvt Ltd,14,0
Registrar General India BEL2,Vedavaag Systems Limited,77,7
Registrar General India BEL2,Viesa Technologies,1,31
Registrar General India ECIL,AVVAS INFOTECH PVT  LTD,10,1
Registrar General India ECIL,BUSINESS INFORMATION PROCESSING SERVICES,1,0
Registrar General India ECIL,COMTECH INSTITUTE OFTECHNOLOGY,7,1
Registrar General India ECIL,COMTECHINFO SOLUTIONS PVT.LTD,3924,745
Registrar General India ECIL,Chinar Construction Company Prime agency,0,11
Registrar General India ECIL,Clairvoyance Technologies Pvt.,124,3
Registrar General India ECIL,Computer LAB,82131,19832
Registrar General India ECIL,Eagle Software India Pvt. Ltd,27777,4163
Registrar General India ECIL,In Media Computer Services LLP,7434,658
Registrar General India ECIL,India Computer Technology,50727,10233
Registrar General India ECIL,Integrated Systems & Services,109,1
Registrar General India ECIL,Karvy Data Management Services,4156,291
Registrar General India ECIL,Krishna Infotech,281,958
Registrar General India ECIL,LYRA  CONSULTANCY SERVICE,0,1
Registrar General India ECIL,Madras Security Printers Ltd,25527,6395
Registrar General India ECIL,Mphasis Ltd,2,0
Registrar General India ECIL,Netwing Technologies Pvt Ltd,0,1
Registrar General India ECIL,Nielsen  India  Private Limited,14,0
Registrar General India ECIL,Pioneer E Labs limited,3,261
Registrar General India ECIL,SWISSTECH NPR 57CR PROJECT PVT,2738,704
Registrar General India ECIL,Tera Software Ltd,19004,713
Registrar General India ECIL,Vedavaag Systems Limited,383,586
Registrar General India Others,AVVAS INFOTECH PVT  LTD,2,0
Registrar General India Others,COMTECH INSTITUTE OFTECHNOLOGY,1,0
Registrar General India Others,COMTECHINFO SOLUTIONS PVT.LTD,0,4
Registrar General India Others,Chinar Construction Company Prime agency,0,2
Registrar General India Others,Clairvoyance Technologies Pvt.,0,3
Registrar General India Others,Computer LAB,25,13
Registrar General India Others,Eagle Software India Pvt. Ltd,1,4
Registrar General India Others,In Media Computer Services LLP,0,3
Registrar General India Others,India Computer Technology,41,0
Registrar General India Others,Madras Security Printers Ltd,12,93
Registrar General India Others,Om Softwares,1,0
Registrar General India Others,Swathy Smartcards Hi-Tech Pvt,7,0
Registrar General of India ITI,COMTECH INSTITUTE OFTECHNOLOGY,16,0
Registrar General of India ITI,CSS TECHNERGY LIMITED,2,0
Registrar General of India ITI,CommunitiWorks Welfare Society,3,0
Registrar General of India ITI,Eagle Software India Pvt. Ltd,10,2
Registrar General of India ITI,Emdee Digitronics Pvt.Ltd.,25398,1061
Registrar General of India ITI,In Media Computer Services LLP,24,12
Registrar General of India ITI,Karvy Data Management Services,25,0
Registrar General of India ITI,Madras Security Printers Ltd,6,2
Registrar General of India ITI,Multiwave Innovation,41,2
Registrar General of India ITI,Netlink software Pvt Ltd,2,0
Registrar General of India ITI,Netwing Technologies Pvt Ltd,4,0
Registrar General of India ITI,Nielsen  India  Private Limited,10,0
Registrar General of India ITI,Quick Data IT Services Pvt Ltd,3,1
Registrar General of India ITI,SREEVEN INFOCOM LIMITED,49,0
Registrar General of India ITI,STRATEGIC OUTSOURCING SERVICE,18,0
Registrar General of India ITI,Satyanarayana Raju Company Pvt ltd,1,0
Registrar General of India ITI,Swathy Smartcards Hi-Tech Pvt,2227,1683
Registrar General of India ITI,TechSmart India Pvt Ltd,115,0
Registrar General of India ITI,VIRGO SOFTECH LIMITED,18,20
Registrar General of India ITI,Vedavaag Systems Limited,2,0
Registrar General of India ITI,WEBEL TECHNOLOGY LIMITED,2224,147
Registrar General of India ITI,Webx Technologies Private Limited,397,4
STATE BANK OF PATIALA,CSS TECHNERGY LIMITED,5,0
State Bank of Bikaner & Jaipur,Multiwave Innovation,590,62
State Bank of India,VIRGO SOFTECH LIMITED,40,0
State Bank of Travancore,Tera Software Ltd,10,0
Syndicate Bank,Smart Chip Limited,1,0
UIDAI-Registrar,UIDAI-EA,28,9
UT Of Daman and Diu,Alankit Assignments Limited,23,0
UT of Puducherry,Madras Security Printers Ltd,18,2
Union Bank,FINANCIAL INFORMATION NETWORK,3564,931
Union Bank,Smart Chip Limited,2951,442
Union Bank,Vakrangee Softwares Limited,1830,288
