Registrar,Enrolment Agency,Aadhaar generated,Enrolment Rejected
Allahabad Bank,Vakrangee Softwares Limited,22,158
Bank Of India,A3 Logics  India  Ltd,1417,782
Bank Of India,Akanksha International,1,2
Bank Of India,Blue Circle Instrument,56,68
Bank Of India,CHESSY CONSULTANTS PVT LTD,14,15
Bank Of India,DATASOFT COMPUTER SERVICES(P),2699,1847
Bank Of India,Emdee Digitronics Pvt.Ltd.,557,649
Bank Of India,Frontech Systems Pvt Ltd,1176,164
Bank Of India,MANTRA SOFTTECH (INDIA) PVTLTD,0,6
Bank Of India,Matrix Processing House,34,35
Bank Of India,OSWAL COMPUTERS & CONSULTANTS,602,384
Bank Of India,PROTEX COMPUTER PVT LTD,730,76
Bank Of India,SARADA SYSTEMS,867,126
Bank Of India,SHRIKRISHNA KHANDASARI SUGAR M,560,92
Bank Of India,SPANCO,7,23
Bank Of India,SREI INFRASTRUCTURE FINANCES L,4793,790
Bank Of India,Silver Touch Technologies Ltd,0,8
Bank Of India,Systematic & Advance Const P L,942,283
Bank Of India,VEETECHNOLOGIES PVT. LTD,383,591
Bank Of India,VIRGO SOFTECH LIMITED,0,1
Bank Of India,Vakrangee Softwares Limited,23,145
Bank of Baroda,Global Finsol Private Limited,122,91
Bank of Maharashtra,Alankit Finsec Ltd,3,1
Bank of Maharashtra,FINANCIAL INFORMATION NETWORK,53,40
Bank of Maharashtra,Micro Technologies India Ltd,186,6
Bank of Maharashtra,Tera Software Ltd,474,1009
CSC e-Governance Services India Limited,A I Soc for Electronics and Comp Tech,2921,967
CSC e-Governance Services India Limited,AKSH OPTIFIBRE LIMITED,717,375
CSC e-Governance Services India Limited,BASIX,1895,1740
CSC e-Governance Services India Limited,CALANCE SOFTWARE PRIVATE LTD,66,42
CSC e-Governance Services India Limited,CHIPS,26,21
CSC e-Governance Services India Limited,CMS Computers Ltd,2664,1148
CSC e-Governance Services India Limited,CSC e-Governance Services India Limited,395,172
CSC e-Governance Services India Limited,Conatus Infocom Pvt. Ltd,33,11
CSC e-Governance Services India Limited,Intelligent Communication Sys India Ltd,95,65
CSC e-Governance Services India Limited,MANTRA SOFTTECH (INDIA) PVTLTD,894,121
CSC e-Governance Services India Limited,Mahaonline Limited,156,238
CSC e-Governance Services India Limited,Nekton IT India Pvt Ltd.,369,108
CSC e-Governance Services India Limited,Network for Information & Computer,304,101
CSC e-Governance Services India Limited,Reliance Communication Limited,2,41
CSC e-Governance Services India Limited,SPANCO,976,491
CSC e-Governance Services India Limited,SRR Infotech,182,84
CSC e-Governance Services India Limited,Sahaj e-Village Limited,1308,161
CSC e-Governance Services India Limited,Tera Software Ltd,127,44
CSC e-Governance Services India Limited,United Telecoms e-Services Pvt Ltd,404,920
CSC e-Governance Services India Limited,VIKALP MULTIMEDIA,171,432
CSC e-Governance Services India Limited,Vakrangee Softwares Limited,159,189
CSC e-Governance Services India Limited,Vayam technologies Ltd,1663,601
CSC e-Governance Services India Limited,Vedavaag Systems Limited,1216,214
CSC e-Governance Services India Limited,Zephyr System Pvt.Ltd.,1562,375
Canara Bank,FINANCIAL INFORMATION NETWORK,2105,956
Canara Bank,Karvy Data Management Services,3082,2065
Canara Bank,Ojus Healthcare Private Limited,29,8
Canara Bank,Osiris Infotech Pvt. Ltd.,30,72
Canara Bank,Smart Chip Limited,8960,578
Canara Bank,Virinchi Technologies Ltd,86,59
Central Bank of India,CALANCE SOFTWARE PRIVATE LTD,5,27
Central Bank of India,IAP COMPANY Pvt. Ltd,186,109
Central Bank of India,The Peerless General Finance,88,29
DENA BANK,APEX Services,198,81
DENA BANK,ATISHAY INFOTECH PVT. LTD.,1082,352
DENA BANK,AVVAS INFOTECH PVT  LTD,965,2265
DENA BANK,Asha Security Guard Services,1795,660
DENA BANK,BNR UDYOG LIMITED,143,5
DENA BANK,Binary Systems,1575,172
DENA BANK,Bloom Solutions Pvt Ltd,6449,923
DENA BANK,Blue Circle Instrument,178,75
DENA BANK,Business Information Processing Services,1770,416
DENA BANK,CALANCE SOFTWARE PRIVATE LTD,1220,241
DENA BANK,DATASOFT COMPUTER SERVICES(P),2756,659
DENA BANK,DEVASHISH SECURITIES PVT. LTD.,26,1
DENA BANK,Eagle Software India Pvt. Ltd,3395,826
DENA BANK,FINANCIAL INFORMATION NETWORK,3088,889
DENA BANK,Gem Computers,1269,345
DENA BANK,Gujarat Infotech Ltd.,300,82
DENA BANK,IAP COMPANY Pvt. Ltd,11548,2404
DENA BANK,India Computer Technology,98,249
DENA BANK,JNET Technologies Pvt.Ltd,78,94
DENA BANK,K W Consulting P Ltd,1048,296
DENA BANK,M/S STAR DATA CENTRE,587,87
DENA BANK,M/s Gold Square Builders & Promoters Pvt. Ltd.,1028,738
DENA BANK,MARS Telecom Systems Pvt Ltd,125,221
DENA BANK,MEGHA VINCOM PVT LTD,2237,1678
DENA BANK,MKS Enterprises,448,89
DENA BANK,Make India Smart Private Limited,648,478
DENA BANK,Multiwave Innovation,568,133
DENA BANK,NVR & ASSOCIATES LIMITED,308,251
DENA BANK,Narayana Electricals Solution Pvt Ltd,2,16
DENA BANK,Netlink software Pvt Ltd,2018,1016
DENA BANK,Nielsen  India  Private Limited,6460,7626
DENA BANK,Offshoot Agency Pvt. Ltd.,772,720
DENA BANK,Ortem Securities Limited,261,161
DENA BANK,Prodigy Systems and Services Private Limited,27,144
DENA BANK,Radiant Haroti Industries India Ltd,959,180
DENA BANK,SGS INDIA PVT LTD,1823,271
DENA BANK,Silver Touch Technologies Ltd,1108,79
DENA BANK,Sixth Dimension Project Solutions Ltd,19,153
DENA BANK,Soc for Advancement of Environ Science,562,324
DENA BANK,SoftAge Information Technology Limited,16,6
DENA BANK,Super Printers,1987,147
DENA BANK,Systematic & Advance Const P L,337,348
DENA BANK,TechSmart India Pvt Ltd,458,1184
DENA BANK,Tera Software Ltd,1870,488
DENA BANK,The NSIC ltd,206,40
DENA BANK,Transline Technologies P Ltd,1821,1189
DENA BANK,Utility Forms Pvt Ltd,47,74
DENA BANK,VAP INFOSOLUTIONS,1267,822
DENA BANK,VISION COMPTECH INTEGRATOR LTD,1098,293
DENA BANK,Vedavaag Systems Limited,1503,5751
DENA BANK,Virinchi Technologies Ltd,428,17
DENA BANK,WEBEL,8974,2344
DENA BANK,Wipro Ltd,1552,494
DENA BANK,Zephyr System Pvt.Ltd.,5655,577
Delhi - Central DC,Smart Chip Limited,50,25
Delhi - East DC,DATASOFT COMPUTER SERVICES(P),172,11
Delhi - ND DC,Smart Chip Limited,8,15
Delhi - NE DC,Smart Chip Limited,108,41
Delhi - North DC,CALANCE SOFTWARE PRIVATE LTD,47,71
Delhi - North DC,NVR & ASSOCIATES LIMITED,1659,63
Delhi - North DC,Smart Chip Limited,3,47
Delhi SW DC,VIRGO SOFTECH LIMITED,2,28
Delhi- South DC,Karvy Computershare Private Li,9,0
Delhi- South DC,Smart Chip Limited,2,0
Delhi- West DC,Smart Chip Limited,4,83
Delhi- West DC,VIRGO SOFTECH LIMITED,4,26
Delhi-NW DC,Karvy Computershare Private Li,11,22
Department of Information Technology Govt of Jharkhand,Blue Circle Instrument,6,11
Department of Information Technology Govt of Jharkhand,MKS Enterprises,0,1
Department of Information Technology Govt of Jharkhand,Wipro Ltd,418,408
Dept of ITC Govt of Rajasthan,ATISHAY INFOTECH PVT. LTD.,75,203
Dept of ITC Govt of Rajasthan,AVVAS INFOTECH PVT  LTD,1131,459
Dept of ITC Govt of Rajasthan,Alankit Finsec Ltd,1,33
Dept of ITC Govt of Rajasthan,Business Information Processing Services,1,45
Dept of ITC Govt of Rajasthan,DATASOFT COMPUTER SERVICES(P),465,486
Dept of ITC Govt of Rajasthan,Gem Computers,1,3
Dept of ITC Govt of Rajasthan,IAP COMPANY Pvt. Ltd,4,6
Dept of ITC Govt of Rajasthan,MANTRA SOFTTECH (INDIA) PVTLTD,1,2
Dept of ITC Govt of Rajasthan,Multiwave Innovation,76,90
Dept of ITC Govt of Rajasthan,Netlink software Pvt Ltd,7,12
Dept of ITC Govt of Rajasthan,Radiant Haroti Industries India Ltd,35,0
Dept of ITC Govt of Rajasthan,SAR Technology,32,3
Dept of ITC Govt of Rajasthan,TechSmart India Pvt Ltd,107,22
Dept of ITC Govt of Rajasthan,Transline Technologies P Ltd,13,176
Dept of ITC Govt of Rajasthan,VIRGO SOFTECH LIMITED,0,43
Dept of ITC Govt of Rajasthan,Vakrangee Softwares Limited,316,1416
Dept of ITC Govt of Rajasthan,Vayam technologies Ltd,11,128
FCR Govt of Haryana,4G INFORMATICS,29,5
FCR Govt of Haryana,Academy of Management Studies,91,62
FCR Govt of Haryana,Radiant Info Systems Ltd,584,242
FCR Govt of Haryana,SoftAge Information Technology Limited,490,161
FCR Govt of Haryana,Vakrangee Softwares Limited,0,14
FCR Govt of Haryana,Vayam technologies Ltd,196,115
FCS Govt of Punjab,CSS TECHNERGY LIMITED,1,5
FCS Govt of Punjab,District Sukhmani Society  Jalandhar  Punjab,6,23
FCS Govt of Punjab,District Sukhmani Society  Ludhiana  Punjab,106,59
FCS Govt of Punjab,District Sukhmani Society  Moga  Punjab,24,7
FCS Govt of Punjab,District Sukhmani Society Amritsar Punjab,80,30
FCS Govt of Punjab,District Sukhmani Society Barnala Punjab,55,29
FCS Govt of Punjab,District Sukhmani Society Bathinda Punjab,83,35
FCS Govt of Punjab,District Sukhmani Society Fatehgarh Sahib Punjab,47,14
FCS Govt of Punjab,District Sukhmani Society Fazilka Punjab,14,17
FCS Govt of Punjab,District Sukhmani Society Ferozepur Punjab,87,21
FCS Govt of Punjab,District Sukhmani Society For Citizen Services Mansa Punjab,26,26
FCS Govt of Punjab,District Sukhmani Society For Citizen Services Nawanshahr Punjab,19,10
FCS Govt of Punjab,District Sukhmani Society For Citizen Services SAS Nagar District e-Governance Society Punjab,42,33
FCS Govt of Punjab,District Sukhmani Society Pathankot Punjab,6,10
FCS Govt of Punjab,District Sukhmani Society Patiala Punjab,27,6
FCS Govt of Punjab,District Sukhmani Society Rupnagar Punjab,58,23
FCS Govt of Punjab,District Sukhmani Society Sangrur Punjab,48,21
FCS Govt of Punjab,District Sukhmani Society Sri Muktsar Sahib Punjab,50,6
FCS Govt of Punjab,District Sukhmani Society Tarn Taran Punjab,22,8
FCS Govt of Punjab,Karvy Computershare Private Li,161,295
FCS Govt of Punjab,Sukhmani Society For Citizen Services  Kapurthala  Punjab,5,5
FCS Govt of Punjab,Sukhmani Society For Citizens Services Faridkot Punjab,46,23
FCS Govt of Punjab,Suwidha Society Hoshiarpur Punjab,28,9
FCS Govt of Punjab,Vayam technologies Ltd,944,437
FCS Govt of Punjab,eCentric solutions pvt ltd,251,128
Govt of Andhra Pradesh,Gouthami Educational Society,70,64
Govt of Andhra Pradesh,GrapeSoft,43,12
Govt of Andhra Pradesh,IL&FS LTD,0,2
Govt of Andhra Pradesh,INFRONICS SYSTEMS LTD,4,6
Govt of Andhra Pradesh,SREEVEN INFOCOM LIMITED,0,13
Govt of Andhra Pradesh,TechSmart India Pvt Ltd,1,9
Govt of Andhra Pradesh,Tera Software Ltd,3,9
Govt of Goa,MARS Telecom Systems Pvt Ltd,2,1
Govt of Gujarat,GSS Infotech Ltd,6,57
Govt of Gujarat,Karvy Computershare Private Li,917,588
Govt of Gujarat,Silver Touch Technologies Ltd,460,364
Govt of Gujarat,Tera Software Ltd,378,82
Govt of Gujarat,Transline Technologies P Ltd,281,894
Govt of Gujarat,Vayam technologies Ltd,34,254
Govt of Gujarat,eCentric solutions pvt ltd,44,454
Govt of Himachal Pradesh,Wipro Ltd,3,24
Govt of Himachal Pradesh,i-Grandee SoftwareTechnologies,8,1
Govt of Karnataka ,BNR UDYOG LIMITED,11,36
Govt of Karnataka ,Bloom Solutions Pvt Ltd,1,49
Govt of Karnataka ,MARS Telecom Systems Pvt Ltd,54,37
Govt of Karnataka ,Ninestars Information Technologies Ltd,0,11
Govt of Karnataka ,Om Softwares,0,15
Govt of Karnataka ,Origin ITFS Pvt Ltd,141,273
Govt of Karnataka ,SREEVEN INFOCOM LIMITED,105,89
Govt of Kerala,Akshaya,1531,847
Govt of Kerala,Keltron,6,21
Govt of Madhya Pradesh,VIRGO SOFTECH LIMITED,1,5
Govt of Maharashtra,Alankit Finsec Ltd,0,9
Govt of Maharashtra,Bharat Technical Solutions Private Limited,27,20
Govt of Maharashtra,Eagle press pvt ltd,14,8
Govt of Maharashtra,GLODYNE TECHNOSERVE,0,1
Govt of Maharashtra,Global Finsol Private Limited,0,1
Govt of Maharashtra,Karvy Computershare Private Li,73,35
Govt of Maharashtra,M/S King Computer System pvt Ltd,0,7
Govt of Maharashtra,M/s. Vidya Online  Pune,0,4
Govt of Maharashtra,Narayana Electricals Solution Pvt Ltd,0,88
Govt of Maharashtra,Netlink software Pvt Ltd,5,53
Govt of Maharashtra,Rudranee Infotech Ltd,2,24
Govt of Maharashtra,SETU MAHARASHTRA,14,20
Govt of Maharashtra,SHREERAM PRINTING PRESS,8,2
Govt of Maharashtra,SILVER JUBILEE MOTORS LTD.,8,7
Govt of Maharashtra,SPANCO,15,9
Govt of Maharashtra,STRATEGIC OUTSOURCING SERVICE,6,37
Govt of Maharashtra,Silver Touch Technologies Ltd,32,54
Govt of Maharashtra,Systematic & Advance Const P L,0,2
Govt of Maharashtra,TechSmart India Pvt Ltd,0,1
Govt of Maharashtra,Tera Software Ltd,2,1
Govt of Maharashtra,Transline Technologies P Ltd,1,114
Govt of Maharashtra,Vidarbha Infotech Pvt Ltd,11,5
Govt of Maharashtra,Wep Solution India Limited,1,0
Govt of Maharashtra,Wipro Ltd,26,15
Govt of Sikkim - Dept of Econo,Department of Economics Statistics  Monitoring and Evaluation DESME,6,3
IDBI Bank ltd,ATISHAY INFOTECH PVT. LTD.,145,28
IDBI Bank ltd,Matrix Processing House,342,46
IDBI Bank ltd,SREEVEN INFOCOM LIMITED,131,198
IDBI Bank ltd,UTI TECHNOLOGY SERVICES LIMITE,36,40
Indian Bank,Redim Software Technologies Pvt Ltd,8,1
Indiapost,Delhi Integrated MMTS Ltd,10,105
Indiapost,Global Finsol Private Limited,6,71
Indiapost,M/S STAR DATA CENTRE,0,12
Indiapost,MARS Telecom Systems Pvt Ltd,112,12
Indiapost,Madras Security Printers Ltd,0,6
Indiapost,Smart Chip Limited,7,0
Indiapost,Vayam technologies Ltd,38,47
Indiapost,WEBEL,341,2
Information Technology & Communication Department,4G INFORMATICS,2,75
Information Technology & Communication Department,BNR UDYOG LIMITED,1,6
Information Technology & Communication Department,Bloom Solutions Pvt Ltd,0,25
Information Technology & Communication Department,CSS TECHNERGY LIMITED,0,2
Information Technology & Communication Department,Directorate of ESD,14059,18743
Information Technology & Communication Department,GDC Advertising Pvt. Limited,0,6
Information Technology & Communication Department,JYOTHI COMPUTER SERVICES,12,125
Information Technology & Communication Department,Karvy Data Management Services,0,2
Information Technology & Communication Department,MARS Telecom Systems Pvt Ltd,30,107
Information Technology & Communication Department,SREEVEN INFOCOM LIMITED,0,81
Information Technology & Communication Department,Tera Software Ltd,0,13
Jammu and Kashmir Bank,COMTECH INSTITUTE OFTECHNOLOGY,0,2
Jharkhand,Blue Circle Instrument,1,0
Jharkhand,Emdee Digitronics Pvt.Ltd.,5,22
Jharkhand,MKS Enterprises,2,6
Jharkhand,Nevaeh Technology Pvt. Ltd.,0,8
Jharkhand,STRATEGIC OUTSOURCING SERVICE,0,10
Jharkhand,Smart Chip Limited,0,4
Jharkhand,Systematic & Advance Const P L,1,19
Jharkhand,VISION COMPTECH INTEGRATOR LTD,0,25
Jharkhand,Wipro Ltd,162,382
Mission Convergence - GNCT Del,Karvy Computershare Private Li,2,2
Mission Convergence - GNCT Del,NVR & ASSOCIATES LIMITED,321,46
NSDL e-Governance Infrastructure Limited,Abhipra Capital Ltd,606,191
NSDL e-Governance Infrastructure Limited,Alankit Assignments Limited,203,96
NSDL e-Governance Infrastructure Limited,Alankit Finsec Ltd,4053,1177
NSDL e-Governance Infrastructure Limited,Delhi Integrated MMTS Ltd,0,5
NSDL e-Governance Infrastructure Limited,Global Finsol Private Limited,0,1
NSDL e-Governance Infrastructure Limited,Gujarat Infotech Ltd.,1527,1380
NSDL e-Governance Infrastructure Limited,INTEGRATED REGISTRY SERVICES LTD,2,1
NSDL e-Governance Infrastructure Limited,Karvy Consultants Limited,0,1
NSDL e-Governance Infrastructure Limited,Karvy Data Management Services,26956,12260
NSDL e-Governance Infrastructure Limited,N.K. Sharma Enterprises Ltd.,352,50
NSDL e-Governance Infrastructure Limited,Netlink software Pvt Ltd,178,162
NSDL e-Governance Infrastructure Limited,Offshoot Agency Pvt. Ltd.,890,104
NSDL e-Governance Infrastructure Limited,PROWIZ MANSYTEMS PVT LTD,492,93
NSDL e-Governance Infrastructure Limited,Promind Solutions P Limited,5168,1899
NSDL e-Governance Infrastructure Limited,RELIGARE SECURITIES LTD,940,122
NSDL e-Governance Infrastructure Limited,Radiant Haroti Industries India Ltd,200,47
NSDL e-Governance Infrastructure Limited,Sri Ramraja Sarkar Lok Kalyan Trust,1886,281
NSDL e-Governance Infrastructure Limited,Utility Forms Pvt Ltd,1758,550
NSDL e-Governance Infrastructure Limited,VIRGO SOFTECH LIMITED,44,17
Oriental Bank of Commerce,DATASOFT COMPUTER SERVICES(P),63,82
Oriental Bank of Commerce,Euro Finmart Ltd,0,1
Oriental Bank of Commerce,JNET Technologies Pvt.Ltd,1,33
Oriental Bank of Commerce,Redim Software Technologies Pvt Ltd,0,2
Oriental Bank of Commerce,Sri Ramraja Sarkar Lok Kalyan Trust,93,237
Oriental Bank of Commerce,Wipro Ltd,69,136
Principal Revenue Commissioner  Dept of Revenue  Govt of MP,Frontech Systems Pvt Ltd,24,20
Principal Revenue Commissioner  Dept of Revenue  Govt of MP,GDC Advertising Pvt. Limited,64,17
Principal Revenue Commissioner  Dept of Revenue  Govt of MP,K W Consulting P Ltd,269,179
Principal Revenue Commissioner  Dept of Revenue  Govt of MP,LYRA  CONSULTANCY SERVICE,74,38
Principal Revenue Commissioner  Dept of Revenue  Govt of MP,Netlink software Pvt Ltd,97,7
Principal Revenue Commissioner  Dept of Revenue  Govt of MP,OSWAL COMPUTERS & CONSULTANTS,18,32
Principal Revenue Commissioner  Dept of Revenue  Govt of MP,Tera Software Ltd,207,25
Principal Revenue Commissioner  Dept of Revenue  Govt of MP,Vedavaag Systems Limited,125,331
Punjab and Sind Bank,Matrix Processing House,786,218
Registrar General India - BEL,In Media Computer Services LLP,1,0
Registrar General India - BEL,Manipur Electronics Dev Corp,54,0
Registrar General India BEL2,4G INFORMATICS,13,0
Registrar General India BEL2,Bharat Electronics Limited,2,0
Registrar General India BEL2,Chinar Construction Company Prime agency,7,5
Registrar General India BEL2,Computer LAB,0,525
Registrar General India BEL2,Eagle Software India Pvt. Ltd,0,4
Registrar General India BEL2,Emdee Digitronics Pvt.Ltd.,20,153
Registrar General India BEL2,In Media Computer Services LLP,16,135
Registrar General India BEL2,India Computer Technology,11,613
Registrar General India BEL2,Karvy Data Management Services,11,1570
Registrar General India BEL2,MACRO INFOTECH PVT LTD,0,472
Registrar General India BEL2,MKS Enterprises,0,6
Registrar General India BEL2,Madras Security Printers Ltd,38,2582
Registrar General India BEL2,Manipur Electronics Dev Corp,20,11
Registrar General India BEL2,Multiwave Innovation,116,14
Registrar General India BEL2,NVR & ASSOCIATES LIMITED,75,57
Registrar General India BEL2,Netlink software Pvt Ltd,68,139
Registrar General India BEL2,Nevaeh Technology Pvt. Ltd.,9,160
Registrar General India BEL2,Nielsen  India  Private Limited,766,441
Registrar General India BEL2,Om Softwares,36,1375
Registrar General India BEL2,SREI INFRASTRUCTURE FINANCES L,0,84
Registrar General India BEL2,STRATEGIC OUTSOURCING SERVICE,0,29
Registrar General India BEL2,Satyanarayana Raju Company Pvt ltd,59,515
Registrar General India BEL2,Swathy Smartcards Hi-Tech Pvt,11,2917
Registrar General India BEL2,Swiss Tech India Pvt Ltd,2,71
Registrar General India BEL2,Tera Software Ltd,22,272
Registrar General India BEL2,UNITED DATA SERVICES PRIVATE LIMITED,10,349
Registrar General India BEL2,Urmila Info solution,1,27
Registrar General India BEL2,VIRGO SOFTECH LIMITED,0,53
Registrar General India BEL2,Vansh Infotech Pvt Ltd,9,20
Registrar General India BEL2,Vedavaag Systems Limited,9,569
Registrar General India BEL2,Viesa Technologies,261,397
Registrar General India BEL2,WEBEL,0,42
Registrar General India ECIL,AVVAS INFOTECH PVT  LTD,32,371
Registrar General India ECIL,BUSINESS INFORMATION PROCESSING SERVICES,0,2
Registrar General India ECIL,COMTECH INSTITUTE OFTECHNOLOGY,30,211
Registrar General India ECIL,COMTECHINFO SOLUTIONS PVT.LTD,21517,4332
Registrar General India ECIL,Chinar Construction Company Prime agency,635,74
Registrar General India ECIL,Clairvoyance Technologies Pvt.,7,0
Registrar General India ECIL,Computer LAB,225623,14210
Registrar General India ECIL,Eagle Software India Pvt. Ltd,78795,57782
Registrar General India ECIL,Gundal Infotech Private Limited,9,53
Registrar General India ECIL,In Media Computer Services LLP,982,16504
Registrar General India ECIL,India Computer Technology,149566,5248
Registrar General India ECIL,Integrated Systems & Services,93,31
Registrar General India ECIL,Karvy Data Management Services,11366,1084
Registrar General India ECIL,Krishna Infotech,0,40
Registrar General India ECIL,LYRA  CONSULTANCY SERVICE,29,4
Registrar General India ECIL,Madras Security Printers Ltd,175939,19962
Registrar General India ECIL,Mphasis Ltd,2,612
Registrar General India ECIL,Netwing Technologies Pvt Ltd,0,2
Registrar General India ECIL,Nielsen  India  Private Limited,0,157
Registrar General India ECIL,Pioneer E Labs limited,2,20
Registrar General India ECIL,Quick Data IT Services Pvt Ltd,0,1
Registrar General India ECIL,SARADA SYSTEMS,7,45
Registrar General India ECIL,SWISSTECH NPR 57CR PROJECT PVT,1515,1803
Registrar General India ECIL,Tera Software Ltd,6540,2449
Registrar General India ECIL,VEETECHNOLOGIES PVT. LTD,0,3
Registrar General India ECIL,Vedavaag Systems Limited,2,234
Registrar General India Others,COMTECHINFO SOLUTIONS PVT.LTD,24,2
Registrar General India Others,Chinar Construction Company Prime agency,4,0
Registrar General India Others,Clairvoyance Technologies Pvt.,3,4
Registrar General India Others,Computer LAB,10,0
Registrar General India Others,Eagle Software India Pvt. Ltd,1,1
Registrar General India Others,India Computer Technology,0,1
Registrar General India Others,Karvy Data Management Services,1,0
Registrar General India Others,Madras Security Printers Ltd,1365,5
Registrar General India Others,Quick Data IT Services Pvt Ltd,1,1
Registrar General India Others,Swathy Smartcards Hi-Tech Pvt,0,13
Registrar General India Others,Webx Technologies Private Limited,12,0
Registrar General of India ITI,COMTECH INSTITUTE OFTECHNOLOGY,0,2
Registrar General of India ITI,CSS TECHNERGY LIMITED,0,1
Registrar General of India ITI,CommunitiWorks Welfare Society,0,2
Registrar General of India ITI,Eagle Software India Pvt. Ltd,75,324
Registrar General of India ITI,Emdee Digitronics Pvt.Ltd.,46836,17884
Registrar General of India ITI,FINANCIAL INFORMATION NETWORK,0,23
Registrar General of India ITI,In Media Computer Services LLP,0,11
Registrar General of India ITI,Karvy Data Management Services,75,492
Registrar General of India ITI,MACRO INFOTECH PVT LTD,0,12
Registrar General of India ITI,MKS Enterprises,20,5
Registrar General of India ITI,Madras Security Printers Ltd,8,243
Registrar General of India ITI,Mphasis Ltd,0,96
Registrar General of India ITI,Multiwave Innovation,0,6
Registrar General of India ITI,Netlink software Pvt Ltd,0,19
Registrar General of India ITI,Nielsen  India  Private Limited,0,499
Registrar General of India ITI,PROTEX COMPUTER PVT LTD,1,8
Registrar General of India ITI,Quick Data IT Services Pvt Ltd,36,0
Registrar General of India ITI,SREI INFRASTRUCTURE FINANCES L,0,10
Registrar General of India ITI,STRATEGIC OUTSOURCING SERVICE,0,88
Registrar General of India ITI,Satyanarayana Raju Company Pvt ltd,50,77
Registrar General of India ITI,Swathy Smartcards Hi-Tech Pvt,89,1067
Registrar General of India ITI,Swiss Tech India Pvt Ltd,0,24
Registrar General of India ITI,TechSmart India Pvt Ltd,0,1
Registrar General of India ITI,VIRGO SOFTECH LIMITED,93,478
Registrar General of India ITI,Vedavaag Systems Limited,28,535
Registrar General of India ITI,WEBEL TECHNOLOGY LIMITED,2344,2934
Registrar General of India ITI,Webx Technologies Private Limited,18,2
State Bank of Bikaner & Jaipur,Multiwave Innovation,0,963
State Bank of India,VIRGO SOFTECH LIMITED,1,0
State Bank of Travancore,Tera Software Ltd,0,4
UIDAI-Registrar,UIDAI-EA,37,5
UT Of Daman and Diu,Alankit Assignments Limited,1,2
UT of Puducherry,Madras Security Printers Ltd,1,7
Union Bank,FINANCIAL INFORMATION NETWORK,2520,2364
Union Bank,Smart Chip Limited,2264,622
Union Bank,Vakrangee Softwares Limited,943,1644
