Registrar,Enrolment Agency,Aadhaar generated,Enrolment Rejected
Allahabad Bank,Vakrangee Softwares Limited,0,9
Bank Of India,A3 Logics  India  Ltd,2244,188
Bank Of India,Akanksha International,0,2
Bank Of India,Blue Circle Instrument,69,12
Bank Of India,CHESSY CONSULTANTS PVT LTD,2,2
Bank Of India,DATASOFT COMPUTER SERVICES(P),2898,487
Bank Of India,Emdee Digitronics Pvt.Ltd.,1422,135
Bank Of India,Frontech Systems Pvt Ltd,245,29
Bank Of India,MANTRA SOFTTECH (INDIA) PVTLTD,0,1
Bank Of India,Matrix Processing House,2,12
Bank Of India,OSWAL COMPUTERS & CONSULTANTS,356,190
Bank Of India,PROTEX COMPUTER PVT LTD,930,37
Bank Of India,SARADA SYSTEMS,3894,231
Bank Of India,SHRIKRISHNA KHANDASARI SUGAR M,149,18
Bank Of India,SREI INFRASTRUCTURE FINANCES L,11473,600
Bank Of India,Silver Touch Technologies Ltd,1,0
Bank Of India,Systematic & Advance Const P L,130,15
Bank Of India,VEETECHNOLOGIES PVT. LTD,127,172
Bank Of India,Vakrangee Softwares Limited,0,43
Bank of Baroda,DATASOFT COMPUTER SERVICES(P),0,1
Bank of Baroda,Global Finsol Private Limited,1,5
Bank of Maharashtra,FINANCIAL INFORMATION NETWORK,95,35
Bank of Maharashtra,Micro Technologies India Ltd,1,3
Bank of Maharashtra,Tera Software Ltd,198,82
CSC e-Governance Services India Limited,A I Soc for Electronics and Comp Tech,2451,509
CSC e-Governance Services India Limited,AKSH OPTIFIBRE LIMITED,2605,540
CSC e-Governance Services India Limited,BASIX,858,912
CSC e-Governance Services India Limited,CALANCE SOFTWARE PRIVATE LTD,31,24
CSC e-Governance Services India Limited,CHIPS,1,0
CSC e-Governance Services India Limited,CMS Computers Ltd,4358,573
CSC e-Governance Services India Limited,CSC e-Governance Services India Limited,231,78
CSC e-Governance Services India Limited,Conatus Infocom Pvt. Ltd,7,219
CSC e-Governance Services India Limited,Intelligent Communication Sys India Ltd,5,50
CSC e-Governance Services India Limited,MANTRA SOFTTECH (INDIA) PVTLTD,1916,79
CSC e-Governance Services India Limited,Mahaonline Limited,86,109
CSC e-Governance Services India Limited,Nekton IT India Pvt Ltd.,409,72
CSC e-Governance Services India Limited,Network for Information & Computer,258,109
CSC e-Governance Services India Limited,SPANCO,698,271
CSC e-Governance Services India Limited,SRR Infotech,46,65
CSC e-Governance Services India Limited,Sahaj e-Village Limited,2139,118
CSC e-Governance Services India Limited,Tera Software Ltd,72,33
CSC e-Governance Services India Limited,United Telecoms e-Services Pvt Ltd,385,563
CSC e-Governance Services India Limited,VIKALP MULTIMEDIA,891,181
CSC e-Governance Services India Limited,Vakrangee Softwares Limited,28,13
CSC e-Governance Services India Limited,Vayam technologies Ltd,2114,191
CSC e-Governance Services India Limited,Vedavaag Systems Limited,2275,91
CSC e-Governance Services India Limited,Zephyr System Pvt.Ltd.,2559,473
Canara Bank,FINANCIAL INFORMATION NETWORK,7213,316
Canara Bank,Karvy Data Management Services,5751,391
Canara Bank,Ojus Healthcare Private Limited,0,10
Canara Bank,Osiris Infotech Pvt. Ltd.,4,1
Canara Bank,Smart Chip Limited,1516,255
Canara Bank,Virinchi Technologies Ltd,2,1
Central Bank of India,CALANCE SOFTWARE PRIVATE LTD,4,46
Central Bank of India,IAP COMPANY Pvt. Ltd,218,41
Central Bank of India,IL&FS LTD,7,2
Central Bank of India,The Peerless General Finance,0,4
DENA BANK,APEX Services,30,53
DENA BANK,ATISHAY INFOTECH PVT. LTD.,1921,111
DENA BANK,AVVAS INFOTECH PVT  LTD,4331,189
DENA BANK,Asha Security Guard Services,1946,142
DENA BANK,Binary Systems,1175,29
DENA BANK,Bloom Solutions Pvt Ltd,9122,715
DENA BANK,Blue Circle Instrument,1053,76
DENA BANK,Business Information Processing Services,2468,173
DENA BANK,CALANCE SOFTWARE PRIVATE LTD,1645,264
DENA BANK,DATASOFT COMPUTER SERVICES(P),6379,225
DENA BANK,DEVASHISH SECURITIES PVT. LTD.,6,2
DENA BANK,Eagle Software India Pvt. Ltd,5633,164
DENA BANK,FINANCIAL INFORMATION NETWORK,6825,383
DENA BANK,Gem Computers,760,186
DENA BANK,Gujarat Infotech Ltd.,93,10
DENA BANK,IAP COMPANY Pvt. Ltd,18367,1061
DENA BANK,India Computer Technology,234,86
DENA BANK,JNET Technologies Pvt.Ltd,1,3
DENA BANK,K W Consulting P Ltd,893,200
DENA BANK,M/S STAR DATA CENTRE,921,84
DENA BANK,M/s Gold Square Builders & Promoters Pvt. Ltd.,2020,284
DENA BANK,MARS Telecom Systems Pvt Ltd,888,22
DENA BANK,MEGHA VINCOM PVT LTD,12386,215
DENA BANK,MKS Enterprises,3000,100
DENA BANK,Make India Smart Private Limited,542,55
DENA BANK,Multiwave Innovation,7885,228
DENA BANK,NVR & ASSOCIATES LIMITED,1794,256
DENA BANK,Narayana Electricals Solution Pvt Ltd,0,1
DENA BANK,Netlink software Pvt Ltd,1986,371
DENA BANK,Nielsen  India  Private Limited,14213,1404
DENA BANK,Offshoot Agency Pvt. Ltd.,539,304
DENA BANK,Ortem Securities Limited,704,345
DENA BANK,Prodigy Systems and Services Private Limited,1,8
DENA BANK,Radiant Haroti Industries India Ltd,4096,243
DENA BANK,SGS INDIA PVT LTD,2122,163
DENA BANK,Silver Touch Technologies Ltd,574,24
DENA BANK,Sixth Dimension Project Solutions Ltd,9,7
DENA BANK,Soc for Advancement of Environ Science,13,72
DENA BANK,SoftAge Information Technology Limited,2,2
DENA BANK,Super Printers,1608,111
DENA BANK,Systematic & Advance Const P L,65,9
DENA BANK,TechSmart India Pvt Ltd,3285,253
DENA BANK,Tera Software Ltd,6196,556
DENA BANK,Transline Technologies P Ltd,3300,184
DENA BANK,Utility Forms Pvt Ltd,700,16
DENA BANK,VAP INFOSOLUTIONS,3108,303
DENA BANK,VISION COMPTECH INTEGRATOR LTD,3681,110
DENA BANK,Vedavaag Systems Limited,3006,314
DENA BANK,Virinchi Technologies Ltd,446,44
DENA BANK,WEBEL,13374,838
DENA BANK,Wipro Ltd,1795,214
DENA BANK,Zephyr System Pvt.Ltd.,6250,533
Delhi - Central DC,Smart Chip Limited,0,20
Delhi - East DC,DATASOFT COMPUTER SERVICES(P),1,275
Delhi - ND DC,Smart Chip Limited,0,4
Delhi - NE DC,Alankit Assignments Limited,1,0
Delhi - NE DC,Smart Chip Limited,0,127
Delhi - NE DC,Smart ID,1,0
Delhi - North DC,CALANCE SOFTWARE PRIVATE LTD,17,55
Delhi - North DC,DATASOFT COMPUTER SERVICES(P),0,1
Delhi - North DC,NVR & ASSOCIATES LIMITED,0,461
Delhi - North DC,Smart Chip Limited,0,6
Delhi SW DC,VIRGO SOFTECH LIMITED,0,6
Delhi- South DC,Smart Chip Limited,0,6
Delhi- West DC,Matrix Processing House,1,0
Delhi- West DC,Smart Chip Limited,0,10
Delhi- West DC,VIRGO SOFTECH LIMITED,0,6
Delhi-NW DC,Karvy Computershare Private Li,1,3
Department of Information Technology Govt of Jharkhand,Blue Circle Instrument,3,1
Department of Information Technology Govt of Jharkhand,MKS Enterprises,0,3
Department of Information Technology Govt of Jharkhand,Systematic & Advance Const P L,1,0
Department of Information Technology Govt of Jharkhand,Wipro Ltd,88,58
Dept of ITC Govt of Rajasthan,AKSH OPTIFIBRE LIMITED,30,9
Dept of ITC Govt of Rajasthan,ATISHAY INFOTECH PVT. LTD.,403,236
Dept of ITC Govt of Rajasthan,AVVAS INFOTECH PVT  LTD,2,8
Dept of ITC Govt of Rajasthan,Alankit Finsec Ltd,1,0
Dept of ITC Govt of Rajasthan,Binary Systems,4,283
Dept of ITC Govt of Rajasthan,Business Information Processing Services,214,169
Dept of ITC Govt of Rajasthan,COMTECH INSTITUTE OFTECHNOLOGY,2,112
Dept of ITC Govt of Rajasthan,DATASOFT COMPUTER SERVICES(P),1729,188
Dept of ITC Govt of Rajasthan,FINANCIAL INFORMATION NETWORK,101,230
Dept of ITC Govt of Rajasthan,Gem Computers,12,160
Dept of ITC Govt of Rajasthan,Gujarat Infotech Ltd.,8,24
Dept of ITC Govt of Rajasthan,IAP COMPANY Pvt. Ltd,550,94
Dept of ITC Govt of Rajasthan,MEGHA VINCOM PVT LTD,6,63
Dept of ITC Govt of Rajasthan,Matrix Processing House,109,132
Dept of ITC Govt of Rajasthan,Multiwave Innovation,595,212
Dept of ITC Govt of Rajasthan,Osiris Infotech Pvt. Ltd.,6,14
Dept of ITC Govt of Rajasthan,Radiant Haroti Industries India Ltd,283,121
Dept of ITC Govt of Rajasthan,Radiant Info Systems Ltd,0,18
Dept of ITC Govt of Rajasthan,SAR Technology,35,55
Dept of ITC Govt of Rajasthan,TechSmart India Pvt Ltd,78,73
Dept of ITC Govt of Rajasthan,Transline Technologies P Ltd,172,32
Dept of ITC Govt of Rajasthan,UMC Technologies Pvt. Ltd,1,31
Dept of ITC Govt of Rajasthan,Vakrangee Softwares Limited,47,28
Dept of ITC Govt of Rajasthan,Vayam technologies Ltd,12,2
FCR Govt of Haryana,4G INFORMATICS,11,8
FCR Govt of Haryana,Academy of Management Studies,2,22
FCR Govt of Haryana,Radiant Info Systems Ltd,48,136
FCR Govt of Haryana,SoftAge Information Technology Limited,331,498
FCR Govt of Haryana,Vakrangee Softwares Limited,0,1
FCR Govt of Haryana,Vayam technologies Ltd,192,132
FCS Govt of Punjab,CSS TECHNERGY LIMITED,0,1
FCS Govt of Punjab,District Sukhmani Society  Jalandhar  Punjab,2,3
FCS Govt of Punjab,District Sukhmani Society  Ludhiana  Punjab,18,69
FCS Govt of Punjab,District Sukhmani Society  Moga  Punjab,8,1
FCS Govt of Punjab,District Sukhmani Society Amritsar Punjab,16,3
FCS Govt of Punjab,District Sukhmani Society Barnala Punjab,15,17
FCS Govt of Punjab,District Sukhmani Society Bathinda Punjab,2,17
FCS Govt of Punjab,District Sukhmani Society Fatehgarh Sahib Punjab,15,6
FCS Govt of Punjab,District Sukhmani Society Fazilka Punjab,2,23
FCS Govt of Punjab,District Sukhmani Society Ferozepur Punjab,5,37
FCS Govt of Punjab,District Sukhmani Society For Citizen Services Mansa Punjab,0,1
FCS Govt of Punjab,District Sukhmani Society For Citizen Services Nawanshahr Punjab,7,4
FCS Govt of Punjab,District Sukhmani Society For Citizen Services SAS Nagar District e-Governance Society Punjab,7,24
FCS Govt of Punjab,District Sukhmani Society Pathankot Punjab,3,6
FCS Govt of Punjab,District Sukhmani Society Patiala Punjab,8,30
FCS Govt of Punjab,District Sukhmani Society Rupnagar Punjab,6,7
FCS Govt of Punjab,District Sukhmani Society Sangrur Punjab,6,41
FCS Govt of Punjab,District Sukhmani Society Sri Muktsar Sahib Punjab,4,18
FCS Govt of Punjab,District Sukhmani Society Tarn Taran Punjab,0,20
FCS Govt of Punjab,Karvy Computershare Private Li,90,247
FCS Govt of Punjab,Sukhmani Society For Citizen Services  Kapurthala  Punjab,4,13
FCS Govt of Punjab,Sukhmani Society For Citizen Services Gurdaspur Punjab,0,1
FCS Govt of Punjab,Sukhmani Society For Citizens Services Faridkot Punjab,1,8
FCS Govt of Punjab,Suwidha Society Hoshiarpur Punjab,24,20
FCS Govt of Punjab,Vayam technologies Ltd,6,349
FCS Govt of Punjab,eCentric solutions pvt ltd,682,46
Govt of Andhra Pradesh,Gouthami Educational Society,12,21
Govt of Andhra Pradesh,GrapeSoft,75,14
Govt of Andhra Pradesh,INFRONICS SYSTEMS LTD,19,11
Govt of Andhra Pradesh,SREEVEN INFOCOM LIMITED,0,1
Govt of Andhra Pradesh,Smart Chip Limited,0,1
Govt of Andhra Pradesh,TechSmart India Pvt Ltd,7,0
Govt of Andhra Pradesh,Tera Software Ltd,1,1
Govt of Andhra Pradesh,eCentric solutions pvt ltd,1,0
Govt of Goa,MARS Telecom Systems Pvt Ltd,0,1
Govt of Gujarat,GSS Infotech Ltd,4,2
Govt of Gujarat,Karvy Computershare Private Li,2240,166
Govt of Gujarat,Silver Touch Technologies Ltd,140,42
Govt of Gujarat,Tera Software Ltd,2074,114
Govt of Gujarat,Transline Technologies P Ltd,2939,233
Govt of Gujarat,Vayam technologies Ltd,15,35
Govt of Gujarat,eCentric solutions pvt ltd,67,2
Govt of Himachal Pradesh,IL&FS LTD,8,0
Govt of Himachal Pradesh,Wipro Ltd,0,1
Govt of Himachal Pradesh,i-Grandee SoftwareTechnologies,9,5
Govt of Karnataka ,BNR UDYOG LIMITED,0,9
Govt of Karnataka ,MARS Telecom Systems Pvt Ltd,0,2
Govt of Karnataka ,Ninestars Information Technologies Ltd,2,0
Govt of Karnataka ,Origin ITFS Pvt Ltd,10,2
Govt of Karnataka ,SREEVEN INFOCOM LIMITED,1,2
Govt of Kerala,Akshaya,316,309
Govt of Kerala,Keltron,1,1
Govt of Madhya Pradesh,VIRGO SOFTECH LIMITED,0,7
Govt of Maharashtra,Alankit Finsec Ltd,1,0
Govt of Maharashtra,Bharat Technical Solutions Private Limited,1,1
Govt of Maharashtra,Eagle press pvt ltd,1,1
Govt of Maharashtra,Karvy Computershare Private Li,1,5
Govt of Maharashtra,M/S King Computer System pvt Ltd,8,8
Govt of Maharashtra,M/s. Vidya Online  Pune,0,1
Govt of Maharashtra,Narayana Electricals Solution Pvt Ltd,1,0
Govt of Maharashtra,Netlink software Pvt Ltd,2,19
Govt of Maharashtra,Rudranee Infotech Ltd,2,1
Govt of Maharashtra,SETU MAHARASHTRA,171,22
Govt of Maharashtra,SHREERAM PRINTING PRESS,2,45
Govt of Maharashtra,SILVER JUBILEE MOTORS LTD.,0,9
Govt of Maharashtra,SPANCO,0,1
Govt of Maharashtra,STRATEGIC OUTSOURCING SERVICE,9,65
Govt of Maharashtra,Silver Touch Technologies Ltd,0,1
Govt of Maharashtra,TechSmart India Pvt Ltd,2,0
Govt of Maharashtra,Tera Software Ltd,0,1
Govt of Maharashtra,Vidarbha Infotech Pvt Ltd,1,15
Govt of Maharashtra,Wipro Ltd,14,6
Govt of Sikkim - Dept of Econo,4G IDENTITY SOLUTIONS,0,1
Govt of Sikkim - Dept of Econo,Department of Economics Statistics  Monitoring and Evaluation DESME,202,24
IDBI Bank ltd,ATISHAY INFOTECH PVT. LTD.,2,31
IDBI Bank ltd,Matrix Processing House,208,2
IDBI Bank ltd,SREEVEN INFOCOM LIMITED,12,4
IDBI Bank ltd,UTI TECHNOLOGY SERVICES LIMITE,1,5
Indian Bank,Redim Software Technologies Pvt Ltd,0,9
Indiapost,4G IDENTITY SOLUTIONS,1,1
Indiapost,Delhi Integrated MMTS Ltd,6,5
Indiapost,GSS Infotech Ltd,11,0
Indiapost,Global Finsol Private Limited,2,5
Indiapost,MARS Telecom Systems Pvt Ltd,0,1
Indiapost,Madras Security Printers Ltd,19,0
Indiapost,Smart Chip Limited,0,3
Indiapost,Vayam technologies Ltd,44,54
Indiapost,WEBEL,0,139
Information Technology & Communication Department,4G INFORMATICS,8,1
Information Technology & Communication Department,BNR UDYOG LIMITED,1,0
Information Technology & Communication Department,Bloom Solutions Pvt Ltd,3,0
Information Technology & Communication Department,CSS TECHNERGY LIMITED,2,1
Information Technology & Communication Department,Directorate of ESD,7253,3977
Information Technology & Communication Department,GDC Advertising Pvt. Limited,3,0
Information Technology & Communication Department,JYOTHI COMPUTER SERVICES,5,0
Information Technology & Communication Department,MARS Telecom Systems Pvt Ltd,50,6
Information Technology & Communication Department,SREEVEN INFOCOM LIMITED,3,0
Jharkhand,Blue Circle Instrument,0,1
Jharkhand,Nevaeh Technology Pvt. Ltd.,3,1
Jharkhand,Systematic & Advance Const P L,7,0
Jharkhand,Wipro Ltd,14,13
Mission Convergence - GNCT Del,NVR & ASSOCIATES LIMITED,0,70
NSDL e-Governance Infrastructure Limited,Abhipra Capital Ltd,469,79
NSDL e-Governance Infrastructure Limited,Alankit Assignments Limited,5,35
NSDL e-Governance Infrastructure Limited,Alankit Finsec Ltd,7373,962
NSDL e-Governance Infrastructure Limited,Global Finsol Private Limited,0,1
NSDL e-Governance Infrastructure Limited,Gujarat Infotech Ltd.,3363,419
NSDL e-Governance Infrastructure Limited,IAP COMPANY Pvt. Ltd,13,6
NSDL e-Governance Infrastructure Limited,Karvy Data Management Services,24017,3580
NSDL e-Governance Infrastructure Limited,N.K. Sharma Enterprises Ltd.,294,37
NSDL e-Governance Infrastructure Limited,Netlink software Pvt Ltd,169,44
NSDL e-Governance Infrastructure Limited,Offshoot Agency Pvt. Ltd.,188,168
NSDL e-Governance Infrastructure Limited,PROWIZ MANSYTEMS PVT LTD,1,3
NSDL e-Governance Infrastructure Limited,Promind Solutions P Limited,10882,515
NSDL e-Governance Infrastructure Limited,RELIGARE SECURITIES LTD,396,164
NSDL e-Governance Infrastructure Limited,Radiant Haroti Industries India Ltd,1014,119
NSDL e-Governance Infrastructure Limited,Sri Ramraja Sarkar Lok Kalyan Trust,773,232
NSDL e-Governance Infrastructure Limited,Utility Forms Pvt Ltd,631,119
NSDL e-Governance Infrastructure Limited,VIRGO SOFTECH LIMITED,4,12
Oriental Bank of Commerce,DATASOFT COMPUTER SERVICES(P),379,56
Oriental Bank of Commerce,JNET Technologies Pvt.Ltd,1,2
Oriental Bank of Commerce,Sri Ramraja Sarkar Lok Kalyan Trust,9,62
Oriental Bank of Commerce,Wipro Ltd,0,32
Principal Revenue Commissioner  Dept of Revenue  Govt of MP,Frontech Systems Pvt Ltd,0,1
Principal Revenue Commissioner  Dept of Revenue  Govt of MP,GDC Advertising Pvt. Limited,1,0
Principal Revenue Commissioner  Dept of Revenue  Govt of MP,K W Consulting P Ltd,0,4
Principal Revenue Commissioner  Dept of Revenue  Govt of MP,Netlink software Pvt Ltd,1,2
Principal Revenue Commissioner  Dept of Revenue  Govt of MP,OSWAL COMPUTERS & CONSULTANTS,6,0
Principal Revenue Commissioner  Dept of Revenue  Govt of MP,Tera Software Ltd,16,10
Principal Revenue Commissioner  Dept of Revenue  Govt of MP,Vedavaag Systems Limited,27,20
Punjab and Sind Bank,Matrix Processing House,1003,60
Registrar General India BEL2,Alankit Assignments Limited,1,0
Registrar General India BEL2,Computer LAB,8,90
Registrar General India BEL2,Emdee Digitronics Pvt.Ltd.,4,4
Registrar General India BEL2,India Computer Technology,10,0
Registrar General India BEL2,Karvy Data Management Services,299,178
Registrar General India BEL2,MACRO INFOTECH PVT LTD,11,1
Registrar General India BEL2,Madras Security Printers Ltd,4,0
Registrar General India BEL2,Manipur Electronics Dev Corp,3,15
Registrar General India BEL2,Multiwave Innovation,7,19
Registrar General India BEL2,NVR & ASSOCIATES LIMITED,1,14
Registrar General India BEL2,Netlink software Pvt Ltd,5,0
Registrar General India BEL2,Nevaeh Technology Pvt. Ltd.,1,0
Registrar General India BEL2,Nielsen  India  Private Limited,0,70
Registrar General India BEL2,Om Softwares,9,129
Registrar General India BEL2,SREI INFRASTRUCTURE FINANCES L,172,196
Registrar General India BEL2,Satyanarayana Raju Company Pvt ltd,22,6
Registrar General India BEL2,Swathy Smartcards Hi-Tech Pvt,24,0
Registrar General India BEL2,Swiss Tech India Pvt Ltd,1,87
Registrar General India BEL2,Tera Software Ltd,175,4
Registrar General India BEL2,UNITED DATA SERVICES PRIVATE LIMITED,2,0
Registrar General India BEL2,Vansh Infotech Pvt Ltd,1,0
Registrar General India BEL2,Vedavaag Systems Limited,6,40
Registrar General India BEL2,Viesa Technologies,14,0
Registrar General India ECIL,AVVAS INFOTECH PVT  LTD,0,1
Registrar General India ECIL,BUSINESS INFORMATION PROCESSING SERVICES,2,30
Registrar General India ECIL,COMTECHINFO SOLUTIONS PVT.LTD,2132,189
Registrar General India ECIL,Chinar Construction Company Prime agency,0,1
Registrar General India ECIL,Clairvoyance Technologies Pvt.,0,3
Registrar General India ECIL,Computer LAB,38299,11563
Registrar General India ECIL,Eagle Software India Pvt. Ltd,41680,1030
Registrar General India ECIL,In Media Computer Services LLP,4,10
Registrar General India ECIL,India Computer Technology,429,3079
Registrar General India ECIL,Integrated Systems & Services,53,1
Registrar General India ECIL,Karvy Data Management Services,807,24
Registrar General India ECIL,Krishna Infotech,3,2
Registrar General India ECIL,LYRA  CONSULTANCY SERVICE,175,3
Registrar General India ECIL,Madras Security Printers Ltd,18299,4246
Registrar General India ECIL,Netwing Technologies Pvt Ltd,95,21
Registrar General India ECIL,SWISSTECH NPR 57CR PROJECT PVT,888,82
Registrar General India ECIL,Tera Software Ltd,5246,324
Registrar General India ECIL,Vedavaag Systems Limited,9,77
Registrar General India Others,COMTECHINFO SOLUTIONS PVT.LTD,0,3
Registrar General India Others,Computer LAB,0,1
Registrar General India Others,Madras Security Printers Ltd,0,41
Registrar General of India ITI,COMTECH INSTITUTE OFTECHNOLOGY,2,0
Registrar General of India ITI,Eagle Software India Pvt. Ltd,2,0
Registrar General of India ITI,Emdee Digitronics Pvt.Ltd.,20017,1008
Registrar General of India ITI,In Media Computer Services LLP,6,63
Registrar General of India ITI,Karvy Data Management Services,1,1
Registrar General of India ITI,Madras Security Printers Ltd,0,1
Registrar General of India ITI,Quick Data IT Services Pvt Ltd,0,2
Registrar General of India ITI,Satyanarayana Raju Company Pvt ltd,1,0
Registrar General of India ITI,Swathy Smartcards Hi-Tech Pvt,2,186
Registrar General of India ITI,VIRGO SOFTECH LIMITED,0,22
Registrar General of India ITI,WEBEL TECHNOLOGY LIMITED,2798,95
Registrar General of India ITI,Webx Technologies Private Limited,472,29
State Bank of Bikaner & Jaipur,Multiwave Innovation,1,0
State Bank of India,CSS TECHNERGY LIMITED,0,1
State Bank of India,IL&FS LTD,2,0
State Bank of India,Smart Chip Limited,2,0
State Bank of India,VIRGO SOFTECH LIMITED,0,1
UIDAI-Registrar,UIDAI-EA,12,12
UT of Puducherry,Madras Security Printers Ltd,0,2
Union Bank,FINANCIAL INFORMATION NETWORK,5698,865
Union Bank,Smart Chip Limited,3884,339
Union Bank,Vakrangee Softwares Limited,370,146
