Registrar,Enrolment Agency,Aadhaar generated,Enrolment Rejected
Allahabad Bank,Vakrangee Softwares Limited,86,33
Bank Of India,A3 Logics  India  Ltd,4434,715
Bank Of India,Akanksha International,3,3
Bank Of India,Blue Circle Instrument,340,36
Bank Of India,CHESSY CONSULTANTS PVT LTD,115,15
Bank Of India,DATASOFT COMPUTER SERVICES(P),10024,1233
Bank Of India,Emdee Digitronics Pvt.Ltd.,1396,70
Bank Of India,Frontech Systems Pvt Ltd,1811,269
Bank Of India,MANTRA SOFTTECH (INDIA) PVTLTD,1,0
Bank Of India,Matrix Processing House,12,5
Bank Of India,OSWAL COMPUTERS & CONSULTANTS,2236,284
Bank Of India,PROTEX COMPUTER PVT LTD,2533,73
Bank Of India,SARADA SYSTEMS,4432,238
Bank Of India,SHRIKRISHNA KHANDASARI SUGAR M,2544,81
Bank Of India,SPANCO,7,1
Bank Of India,SREI INFRASTRUCTURE FINANCES L,18651,562
Bank Of India,Silver Touch Technologies Ltd,2,0
Bank Of India,Systematic & Advance Const P L,308,67
Bank Of India,VEETECHNOLOGIES PVT. LTD,1411,267
Bank Of India,Vakrangee Softwares Limited,108,78
Bank of Baroda,DATASOFT COMPUTER SERVICES(P),2,0
Bank of Baroda,Global Finsol Private Limited,773,28
Bank of Maharashtra,Alankit Finsec Ltd,2,0
Bank of Maharashtra,FINANCIAL INFORMATION NETWORK,311,9
Bank of Maharashtra,Micro Technologies India Ltd,73,19
Bank of Maharashtra,Tera Software Ltd,2399,306
CSC e-Governance Services India Limited,A I Soc for Electronics and Comp Tech,6940,631
CSC e-Governance Services India Limited,AKSH OPTIFIBRE LIMITED,3280,216
CSC e-Governance Services India Limited,BASIX,5672,776
CSC e-Governance Services India Limited,CALANCE SOFTWARE PRIVATE LTD,120,19
CSC e-Governance Services India Limited,CHIPS,29,52
CSC e-Governance Services India Limited,CMS Computers Ltd,10737,882
CSC e-Governance Services India Limited,CSC e-Governance Services India Limited,475,135
CSC e-Governance Services India Limited,Conatus Infocom Pvt. Ltd,77,10
CSC e-Governance Services India Limited,Intelligent Communication Sys India Ltd,179,39
CSC e-Governance Services India Limited,MANTRA SOFTTECH (INDIA) PVTLTD,2677,174
CSC e-Governance Services India Limited,Mahaonline Limited,1114,173
CSC e-Governance Services India Limited,Nekton IT India Pvt Ltd.,554,59
CSC e-Governance Services India Limited,Network for Information & Computer,1687,130
CSC e-Governance Services India Limited,Reliance Communication Limited,1,3
CSC e-Governance Services India Limited,SPANCO,3744,288
CSC e-Governance Services India Limited,SRR Infotech,259,44
CSC e-Governance Services India Limited,Sahaj e-Village Limited,3302,129
CSC e-Governance Services India Limited,Tera Software Ltd,203,20
CSC e-Governance Services India Limited,United Telecoms e-Services Pvt Ltd,3491,445
CSC e-Governance Services India Limited,VIKALP MULTIMEDIA,827,113
CSC e-Governance Services India Limited,Vakrangee Softwares Limited,564,80
CSC e-Governance Services India Limited,Vayam technologies Ltd,6734,526
CSC e-Governance Services India Limited,Vedavaag Systems Limited,2718,110
CSC e-Governance Services India Limited,Zephyr System Pvt.Ltd.,4989,250
Canara Bank,FINANCIAL INFORMATION NETWORK,18963,618
Canara Bank,Karvy Data Management Services,17601,773
Canara Bank,Ojus Healthcare Private Limited,89,8
Canara Bank,Osiris Infotech Pvt. Ltd.,191,34
Canara Bank,Smart Chip Limited,7660,398
Canara Bank,Virinchi Technologies Ltd,478,88
Central Bank of India,CALANCE SOFTWARE PRIVATE LTD,6,2
Central Bank of India,IAP COMPANY Pvt. Ltd,203,39
Central Bank of India,MANTRA SOFTTECH (INDIA) PVTLTD,1,0
Central Bank of India,The Peerless General Finance,4,3
DENA BANK,APEX Services,1191,66
DENA BANK,ATISHAY INFOTECH PVT. LTD.,4771,205
DENA BANK,AVVAS INFOTECH PVT  LTD,8343,852
DENA BANK,Asha Security Guard Services,5352,484
DENA BANK,BNR UDYOG LIMITED,16,2
DENA BANK,Binary Systems,3327,97
DENA BANK,Bloom Solutions Pvt Ltd,28526,1119
DENA BANK,Blue Circle Instrument,3304,153
DENA BANK,Business Information Processing Services,3319,79
DENA BANK,CALANCE SOFTWARE PRIVATE LTD,4025,312
DENA BANK,DATASOFT COMPUTER SERVICES(P),5301,269
DENA BANK,DEVASHISH SECURITIES PVT. LTD.,80,5
DENA BANK,Eagle Software India Pvt. Ltd,8493,344
DENA BANK,Emdee Digitronics Pvt.Ltd.,0,6
DENA BANK,FINANCIAL INFORMATION NETWORK,17195,553
DENA BANK,Gem Computers,5662,279
DENA BANK,Gujarat Infotech Ltd.,779,27
DENA BANK,IAP COMPANY Pvt. Ltd,25519,1143
DENA BANK,India Computer Technology,99,19
DENA BANK,JNET Technologies Pvt.Ltd,296,7
DENA BANK,K W Consulting P Ltd,1420,126
DENA BANK,M/S STAR DATA CENTRE,1228,71
DENA BANK,M/s Gold Square Builders & Promoters Pvt. Ltd.,5266,463
DENA BANK,MARS Telecom Systems Pvt Ltd,3860,238
DENA BANK,MEGHA VINCOM PVT LTD,16160,680
DENA BANK,MKS Enterprises,4404,144
DENA BANK,Make India Smart Private Limited,2057,166
DENA BANK,Multiwave Innovation,7326,227
DENA BANK,NVR & ASSOCIATES LIMITED,2419,128
DENA BANK,Netlink software Pvt Ltd,9984,722
DENA BANK,Nielsen  India  Private Limited,28145,3511
DENA BANK,Offshoot Agency Pvt. Ltd.,3666,213
DENA BANK,Ortem Securities Limited,2205,58
DENA BANK,Prodigy Systems and Services Private Limited,555,28
DENA BANK,Radiant Haroti Industries India Ltd,4048,78
DENA BANK,SGS INDIA PVT LTD,8321,279
DENA BANK,Silver Touch Technologies Ltd,2634,57
DENA BANK,Sixth Dimension Project Solutions Ltd,49,2
DENA BANK,Soc for Advancement of Environ Science,1167,148
DENA BANK,SoftAge Information Technology Limited,114,20
DENA BANK,Super Printers,5528,189
DENA BANK,Systematic & Advance Const P L,389,18
DENA BANK,TechSmart India Pvt Ltd,4192,547
DENA BANK,Tera Software Ltd,8386,445
DENA BANK,The NSIC ltd,1178,31
DENA BANK,Transline Technologies P Ltd,6551,298
DENA BANK,Utility Forms Pvt Ltd,252,16
DENA BANK,VAP INFOSOLUTIONS,4006,364
DENA BANK,VISION COMPTECH INTEGRATOR LTD,11108,326
DENA BANK,Vedavaag Systems Limited,2882,1336
DENA BANK,Virinchi Technologies Ltd,1254,81
DENA BANK,WEBEL,30316,1286
DENA BANK,Wipro Ltd,7362,409
DENA BANK,Zephyr System Pvt.Ltd.,15740,627
Delhi - Central DC,Smart Chip Limited,10,2
Delhi - East DC,DATASOFT COMPUTER SERVICES(P),81,9
Delhi - ND DC,Smart Chip Limited,5,0
Delhi - NE DC,Alankit Assignments Limited,0,1
Delhi - NE DC,Smart Chip Limited,10,4
Delhi - North DC,CALANCE SOFTWARE PRIVATE LTD,340,43
Delhi - North DC,NVR & ASSOCIATES LIMITED,40,11
Delhi - North DC,Smart Chip Limited,0,2
Delhi SW DC,VIRGO SOFTECH LIMITED,0,3
Delhi- South DC,Karvy Computershare Private Li,3,0
Delhi- West DC,Smart Chip Limited,0,2
Delhi- West DC,VIRGO SOFTECH LIMITED,0,5
Delhi-NW DC,Karvy Computershare Private Li,2,1
Department of Information Technology Govt of Jharkhand,Blue Circle Instrument,2,9
Department of Information Technology Govt of Jharkhand,MKS Enterprises,1,5
Department of Information Technology Govt of Jharkhand,Wipro Ltd,1155,161
Dept of ITC Govt of Rajasthan,ATISHAY INFOTECH PVT. LTD.,809,130
Dept of ITC Govt of Rajasthan,AVVAS INFOTECH PVT  LTD,2774,374
Dept of ITC Govt of Rajasthan,Alankit Finsec Ltd,1,1
Dept of ITC Govt of Rajasthan,Business Information Processing Services,28,0
Dept of ITC Govt of Rajasthan,DATASOFT COMPUTER SERVICES(P),848,93
Dept of ITC Govt of Rajasthan,Gem Computers,0,1
Dept of ITC Govt of Rajasthan,MANTRA SOFTTECH (INDIA) PVTLTD,0,1
Dept of ITC Govt of Rajasthan,Multiwave Innovation,618,9
Dept of ITC Govt of Rajasthan,Netlink software Pvt Ltd,30,0
Dept of ITC Govt of Rajasthan,Osiris Infotech Pvt. Ltd.,1,0
Dept of ITC Govt of Rajasthan,TechSmart India Pvt Ltd,129,62
Dept of ITC Govt of Rajasthan,Transline Technologies P Ltd,625,22
Dept of ITC Govt of Rajasthan,VIRGO SOFTECH LIMITED,3,0
Dept of ITC Govt of Rajasthan,Vakrangee Softwares Limited,1314,125
Dept of ITC Govt of Rajasthan,Vayam technologies Ltd,4,3
FCR Govt of Haryana,4G INFORMATICS,1,0
FCR Govt of Haryana,Academy of Management Studies,365,46
FCR Govt of Haryana,Radiant Info Systems Ltd,367,39
FCR Govt of Haryana,SoftAge Information Technology Limited,1118,173
FCR Govt of Haryana,Vayam technologies Ltd,488,134
FCS Govt of Punjab,Alankit Assignments Limited,0,1
FCS Govt of Punjab,Alankit Finsec Ltd,0,1
FCS Govt of Punjab,CSS TECHNERGY LIMITED,3,0
FCS Govt of Punjab,District Sukhmani Society  Jalandhar  Punjab,49,9
FCS Govt of Punjab,District Sukhmani Society  Ludhiana  Punjab,170,33
FCS Govt of Punjab,District Sukhmani Society  Moga  Punjab,86,9
FCS Govt of Punjab,District Sukhmani Society Amritsar Punjab,67,18
FCS Govt of Punjab,District Sukhmani Society Barnala Punjab,125,20
FCS Govt of Punjab,District Sukhmani Society Bathinda Punjab,78,23
FCS Govt of Punjab,District Sukhmani Society Fatehgarh Sahib Punjab,37,11
FCS Govt of Punjab,District Sukhmani Society Fazilka Punjab,49,6
FCS Govt of Punjab,District Sukhmani Society Ferozepur Punjab,63,15
FCS Govt of Punjab,District Sukhmani Society For Citizen Services Mansa Punjab,95,14
FCS Govt of Punjab,District Sukhmani Society For Citizen Services Nawanshahr Punjab,74,7
FCS Govt of Punjab,District Sukhmani Society For Citizen Services SAS Nagar District e-Governance Society Punjab,72,7
FCS Govt of Punjab,District Sukhmani Society Pathankot Punjab,30,4
FCS Govt of Punjab,District Sukhmani Society Patiala Punjab,28,12
FCS Govt of Punjab,District Sukhmani Society Rupnagar Punjab,14,2
FCS Govt of Punjab,District Sukhmani Society Sangrur Punjab,36,10
FCS Govt of Punjab,District Sukhmani Society Sri Muktsar Sahib Punjab,42,9
FCS Govt of Punjab,District Sukhmani Society Tarn Taran Punjab,45,15
FCS Govt of Punjab,Diwakar Commercials Pvt Ltd,1,0
FCS Govt of Punjab,Karvy Computershare Private Li,517,76
FCS Govt of Punjab,Sukhmani Society For Citizen Services  Kapurthala  Punjab,15,3
FCS Govt of Punjab,Sukhmani Society For Citizen Services Gurdaspur Punjab,5,3
FCS Govt of Punjab,Sukhmani Society For Citizens Services Faridkot Punjab,46,16
FCS Govt of Punjab,Suwidha Society Hoshiarpur Punjab,69,4
FCS Govt of Punjab,VIRGO SOFTECH LIMITED,0,1
FCS Govt of Punjab,Vayam technologies Ltd,143,22
FCS Govt of Punjab,eCentric solutions pvt ltd,825,115
Govt of Andhra Pradesh,Gouthami Educational Society,565,216
Govt of Andhra Pradesh,GrapeSoft,44,88
Govt of Andhra Pradesh,INFRONICS SYSTEMS LTD,4,33
Govt of Andhra Pradesh,Madras Security Printers Ltd,2,0
Govt of Andhra Pradesh,SREEVEN INFOCOM LIMITED,1,2
Govt of Andhra Pradesh,TechSmart India Pvt Ltd,4,37
Govt of Andhra Pradesh,Tera Software Ltd,5,15
Govt of Andhra Pradesh,eCentric solutions pvt ltd,0,1
Govt of Goa,MARS Telecom Systems Pvt Ltd,3,6
Govt of Gujarat,GSS Infotech Ltd,44,9
Govt of Gujarat,Karvy Computershare Private Li,6548,223
Govt of Gujarat,Silver Touch Technologies Ltd,2703,126
Govt of Gujarat,Tera Software Ltd,2159,82
Govt of Gujarat,Transline Technologies P Ltd,948,373
Govt of Gujarat,Vayam technologies Ltd,117,22
Govt of Gujarat,eCentric solutions pvt ltd,3294,111
Govt of Himachal Pradesh,Wipro Ltd,4,12
Govt of Himachal Pradesh,i-Grandee SoftwareTechnologies,3,15
Govt of Karnataka ,BNR UDYOG LIMITED,76,21
Govt of Karnataka ,Bloom Solutions Pvt Ltd,2,1
Govt of Karnataka ,GLODYNE TECHNOSERVE,2,1
Govt of Karnataka ,MARS Telecom Systems Pvt Ltd,12,11
Govt of Karnataka ,Ninestars Information Technologies Ltd,4,5
Govt of Karnataka ,Origin ITFS Pvt Ltd,192,20
Govt of Karnataka ,SREEVEN INFOCOM LIMITED,35,29
Govt of Kerala,Akshaya,4390,322
Govt of Kerala,Keltron,14,6
Govt of Madhya Pradesh,VIRGO SOFTECH LIMITED,26,0
Govt of Maharashtra,Alankit Finsec Ltd,3,3
Govt of Maharashtra,Bharat Technical Solutions Private Limited,33,11
Govt of Maharashtra,Eagle press pvt ltd,54,2
Govt of Maharashtra,Global Finsol Private Limited,1,0
Govt of Maharashtra,Karvy Computershare Private Li,17,68
Govt of Maharashtra,M/S King Computer System pvt Ltd,0,1
Govt of Maharashtra,M/s. Vidya Online  Pune,0,2
Govt of Maharashtra,Narayana Electricals Solution Pvt Ltd,0,3
Govt of Maharashtra,Netlink software Pvt Ltd,194,24
Govt of Maharashtra,Rudranee Infotech Ltd,6,6
Govt of Maharashtra,SETU MAHARASHTRA,135,30
Govt of Maharashtra,SHREERAM PRINTING PRESS,1,2
Govt of Maharashtra,SILVER JUBILEE MOTORS LTD.,231,11
Govt of Maharashtra,SPANCO,10,1
Govt of Maharashtra,STRATEGIC OUTSOURCING SERVICE,22,15
Govt of Maharashtra,Silver Touch Technologies Ltd,41,5
Govt of Maharashtra,TechSmart India Pvt Ltd,2,4
Govt of Maharashtra,Transline Technologies P Ltd,8,55
Govt of Maharashtra,Vidarbha Infotech Pvt Ltd,20,7
Govt of Maharashtra,Wipro Ltd,3,17
Govt of Sikkim - Dept of Econo,Department of Economics Statistics  Monitoring and Evaluation DESME,45,3
IDBI Bank ltd,ATISHAY INFOTECH PVT. LTD.,167,27
IDBI Bank ltd,Matrix Processing House,677,12
IDBI Bank ltd,SREEVEN INFOCOM LIMITED,359,44
IDBI Bank ltd,UTI TECHNOLOGY SERVICES LIMITE,36,6
Indian Bank,Redim Software Technologies Pvt Ltd,43,9
Indiapost,Delhi Integrated MMTS Ltd,6,3
Indiapost,Global Finsol Private Limited,4,5
Indiapost,M/S STAR DATA CENTRE,1,1
Indiapost,MARS Telecom Systems Pvt Ltd,2,16
Indiapost,Vayam technologies Ltd,11,2
Indiapost,WEBEL,3,3
Information Technology & Communication Department,4G INFORMATICS,6,7
Information Technology & Communication Department,BNR UDYOG LIMITED,5,5
Information Technology & Communication Department,Bloom Solutions Pvt Ltd,1,10
Information Technology & Communication Department,CSS TECHNERGY LIMITED,0,4
Information Technology & Communication Department,Directorate of ESD,57923,23006
Information Technology & Communication Department,GDC Advertising Pvt. Limited,0,6
Information Technology & Communication Department,JYOTHI COMPUTER SERVICES,152,24
Information Technology & Communication Department,Karvy Data Management Services,1,1
Information Technology & Communication Department,MARS Telecom Systems Pvt Ltd,213,75
Information Technology & Communication Department,SREEVEN INFOCOM LIMITED,5,11
Information Technology & Communication Department,Tera Software Ltd,0,11
Jammu and Kashmir Bank,COMTECH INSTITUTE OFTECHNOLOGY,8,0
Jharkhand,Blue Circle Instrument,0,1
Jharkhand,Emdee Digitronics Pvt.Ltd.,0,3
Jharkhand,MKS Enterprises,3,4
Jharkhand,Nevaeh Technology Pvt. Ltd.,1,1
Jharkhand,STRATEGIC OUTSOURCING SERVICE,0,1
Jharkhand,Systematic & Advance Const P L,1,0
Jharkhand,VISION COMPTECH INTEGRATOR LTD,3,2
Jharkhand,Wipro Ltd,189,87
Mission Convergence - GNCT Del,Karvy Computershare Private Li,1,2
Mission Convergence - GNCT Del,NVR & ASSOCIATES LIMITED,10,1
NSDL e-Governance Infrastructure Limited,Abhipra Capital Ltd,675,36
NSDL e-Governance Infrastructure Limited,Alankit Assignments Limited,60,13
NSDL e-Governance Infrastructure Limited,Alankit Finsec Ltd,13248,1231
NSDL e-Governance Infrastructure Limited,Global Finsol Private Limited,0,5
NSDL e-Governance Infrastructure Limited,Gujarat Infotech Ltd.,17631,1069
NSDL e-Governance Infrastructure Limited,INTEGRATED REGISTRY SERVICES LTD,2,0
NSDL e-Governance Infrastructure Limited,Karvy Data Management Services,72542,6059
NSDL e-Governance Infrastructure Limited,N.K. Sharma Enterprises Ltd.,1382,68
NSDL e-Governance Infrastructure Limited,Netlink software Pvt Ltd,449,32
NSDL e-Governance Infrastructure Limited,Offshoot Agency Pvt. Ltd.,935,38
NSDL e-Governance Infrastructure Limited,PROWIZ MANSYTEMS PVT LTD,8,2
NSDL e-Governance Infrastructure Limited,Promind Solutions P Limited,17302,1076
NSDL e-Governance Infrastructure Limited,RELIGARE SECURITIES LTD,1804,90
NSDL e-Governance Infrastructure Limited,Radiant Haroti Industries India Ltd,1393,97
NSDL e-Governance Infrastructure Limited,Sri Ramraja Sarkar Lok Kalyan Trust,4244,226
NSDL e-Governance Infrastructure Limited,Utility Forms Pvt Ltd,6805,199
NSDL e-Governance Infrastructure Limited,VIRGO SOFTECH LIMITED,13,1
Oriental Bank of Commerce,DATASOFT COMPUTER SERVICES(P),153,34
Oriental Bank of Commerce,Euro Finmart Ltd,0,1
Oriental Bank of Commerce,JNET Technologies Pvt.Ltd,62,4
Oriental Bank of Commerce,Redim Software Technologies Pvt Ltd,3,4
Oriental Bank of Commerce,Sri Ramraja Sarkar Lok Kalyan Trust,574,29
Oriental Bank of Commerce,Wipro Ltd,28,12
Principal Revenue Commissioner  Dept of Revenue  Govt of MP,Frontech Systems Pvt Ltd,38,13
Principal Revenue Commissioner  Dept of Revenue  Govt of MP,GDC Advertising Pvt. Limited,69,5
Principal Revenue Commissioner  Dept of Revenue  Govt of MP,K W Consulting P Ltd,98,57
Principal Revenue Commissioner  Dept of Revenue  Govt of MP,LYRA  CONSULTANCY SERVICE,35,5
Principal Revenue Commissioner  Dept of Revenue  Govt of MP,Netlink software Pvt Ltd,10,3
Principal Revenue Commissioner  Dept of Revenue  Govt of MP,OSWAL COMPUTERS & CONSULTANTS,22,5
Principal Revenue Commissioner  Dept of Revenue  Govt of MP,Tera Software Ltd,51,7
Principal Revenue Commissioner  Dept of Revenue  Govt of MP,Vedavaag Systems Limited,202,9
Punjab and Sind Bank,Matrix Processing House,3714,192
RDD Govt of Tripura,Alankit Assignments Limited,1,0
Registrar General India - BEL,In Media Computer Services LLP,10,0
Registrar General India - BEL,Manipur Electronics Dev Corp,3,0
Registrar General India BEL2,4G INFORMATICS,15,0
Registrar General India BEL2,Alankit Assignments Limited,1,0
Registrar General India BEL2,Bharat Electronics Limited,478,52
Registrar General India BEL2,Chinar Construction Company Prime agency,374,46
Registrar General India BEL2,Computer LAB,129,15
Registrar General India BEL2,Eagle Software India Pvt. Ltd,1,0
Registrar General India BEL2,Emdee Digitronics Pvt.Ltd.,631,39
Registrar General India BEL2,In Media Computer Services LLP,3378,25
Registrar General India BEL2,India Computer Technology,156,127
Registrar General India BEL2,Karvy Data Management Services,13,102
Registrar General India BEL2,MACRO INFOTECH PVT LTD,31,59
Registrar General India BEL2,Madras Security Printers Ltd,1885,2795
Registrar General India BEL2,Manipur Electronics Dev Corp,206,7
Registrar General India BEL2,Multiwave Innovation,137,24
Registrar General India BEL2,NVR & ASSOCIATES LIMITED,81,1
Registrar General India BEL2,Netlink software Pvt Ltd,235,4
Registrar General India BEL2,Nevaeh Technology Pvt. Ltd.,24,7
Registrar General India BEL2,Nielsen  India  Private Limited,35,151
Registrar General India BEL2,Om Softwares,550,232
Registrar General India BEL2,SREI INFRASTRUCTURE FINANCES L,17,64
Registrar General India BEL2,STRATEGIC OUTSOURCING SERVICE,3,0
Registrar General India BEL2,Satyanarayana Raju Company Pvt ltd,616,323
Registrar General India BEL2,Swathy Smartcards Hi-Tech Pvt,317,272
Registrar General India BEL2,Swiss Tech India Pvt Ltd,105,13
Registrar General India BEL2,Tera Software Ltd,193,126
Registrar General India BEL2,UNITED DATA SERVICES PRIVATE LIMITED,15,0
Registrar General India BEL2,VIRGO SOFTECH LIMITED,0,1
Registrar General India BEL2,Vansh Infotech Pvt Ltd,5,0
Registrar General India BEL2,Vedavaag Systems Limited,404,53
Registrar General India BEL2,Viesa Technologies,2638,136
Registrar General India BEL2,WEBEL,2,0
Registrar General India ECIL,AVVAS INFOTECH PVT  LTD,121,36
Registrar General India ECIL,BUSINESS INFORMATION PROCESSING SERVICES,6,0
Registrar General India ECIL,COMTECH INSTITUTE OFTECHNOLOGY,37,8
Registrar General India ECIL,COMTECHINFO SOLUTIONS PVT.LTD,35080,509
Registrar General India ECIL,Chinar Construction Company Prime agency,951,87
Registrar General India ECIL,Clairvoyance Technologies Pvt.,1,3
Registrar General India ECIL,Computer LAB,37649,5622
Registrar General India ECIL,Eagle Software India Pvt. Ltd,48843,6544
Registrar General India ECIL,Esoft Consulting Limited,9,0
Registrar General India ECIL,Gundal Infotech Private Limited,13,1
Registrar General India ECIL,In Media Computer Services LLP,5692,4346
Registrar General India ECIL,India Computer Technology,14957,1923
Registrar General India ECIL,Integrated Systems & Services,1437,8
Registrar General India ECIL,Karvy Data Management Services,22321,467
Registrar General India ECIL,Krishna Infotech,10,7
Registrar General India ECIL,LYRA  CONSULTANCY SERVICE,847,10
Registrar General India ECIL,Madras Security Printers Ltd,48955,9054
Registrar General India ECIL,Mphasis Ltd,3,13
Registrar General India ECIL,Nielsen  India  Private Limited,1,0
Registrar General India ECIL,Pioneer E Labs limited,1,0
Registrar General India ECIL,SARADA SYSTEMS,18,0
Registrar General India ECIL,SWISSTECH NPR 57CR PROJECT PVT,23,97
Registrar General India ECIL,Tera Software Ltd,15266,6354
Registrar General India ECIL,Vedavaag Systems Limited,28,34
Registrar General India Others,COMTECHINFO SOLUTIONS PVT.LTD,19,2
Registrar General India Others,Chinar Construction Company Prime agency,4,0
Registrar General India Others,Clairvoyance Technologies Pvt.,26,1
Registrar General India Others,Computer LAB,3,0
Registrar General India Others,Eagle Software India Pvt. Ltd,5,2
Registrar General India Others,In Media Computer Services LLP,3,0
Registrar General India Others,Quick Data IT Services Pvt Ltd,1,0
Registrar General India Others,SARADA SYSTEMS,3,0
Registrar General India Others,Vansh Infotech Pvt Ltd,1,0
Registrar General India Others,Vedavaag Systems Limited,1,0
Registrar General India Others,Webx Technologies Private Limited,1,0
Registrar General of India ITI,COMTECH INSTITUTE OFTECHNOLOGY,2,1
Registrar General of India ITI,CSS TECHNERGY LIMITED,1,0
Registrar General of India ITI,CommunitiWorks Welfare Society,0,1
Registrar General of India ITI,Eagle Software India Pvt. Ltd,631,585
Registrar General of India ITI,Emdee Digitronics Pvt.Ltd.,44547,3281
Registrar General of India ITI,FINANCIAL INFORMATION NETWORK,3,41
Registrar General of India ITI,In Media Computer Services LLP,5,1
Registrar General of India ITI,Karvy Data Management Services,129,19
Registrar General of India ITI,MKS Enterprises,12,1
Registrar General of India ITI,Madras Security Printers Ltd,964,2239
Registrar General of India ITI,Mphasis Ltd,1,2
Registrar General of India ITI,Multiwave Innovation,0,1
Registrar General of India ITI,Nielsen  India  Private Limited,88,28
Registrar General of India ITI,PROTEX COMPUTER PVT LTD,3,0
Registrar General of India ITI,Quick Data IT Services Pvt Ltd,72,1
Registrar General of India ITI,STRATEGIC OUTSOURCING SERVICE,206,307
Registrar General of India ITI,Satyanarayana Raju Company Pvt ltd,16,1
Registrar General of India ITI,Swathy Smartcards Hi-Tech Pvt,171,10
Registrar General of India ITI,TechSmart India Pvt Ltd,1,0
Registrar General of India ITI,VIRGO SOFTECH LIMITED,2739,346
Registrar General of India ITI,Vedavaag Systems Limited,8,0
Registrar General of India ITI,WEBEL TECHNOLOGY LIMITED,19298,2993
Registrar General of India ITI,Webx Technologies Private Limited,24,2
State Bank of Bikaner & Jaipur,Multiwave Innovation,1,2
State Bank of India,CSS TECHNERGY LIMITED,1,0
State Bank of Travancore,Tera Software Ltd,0,1
UIDAI-Registrar,UIDAI-EA,66,6
UT of Puducherry,Madras Security Printers Ltd,0,21
Union Bank,FINANCIAL INFORMATION NETWORK,14790,2472
Union Bank,Smart Chip Limited,6331,326
Union Bank,Vakrangee Softwares Limited,2648,290
