Registrar,Enrolment Agency,Aadhaar generated,Enrolment Rejected
Allahabad Bank,Vakrangee Softwares Limited,0,7
Bank Of India,A3 Logics  India  Ltd,2389,611
Bank Of India,Akanksha International,1,2
Bank Of India,Blue Circle Instrument,306,49
Bank Of India,CHESSY CONSULTANTS PVT LTD,64,26
Bank Of India,DATASOFT COMPUTER SERVICES(P),1494,597
Bank Of India,Emdee Digitronics Pvt.Ltd.,2061,200
Bank Of India,Frontech Systems Pvt Ltd,668,254
Bank Of India,Matrix Processing House,2,0
Bank Of India,OSWAL COMPUTERS & CONSULTANTS,785,284
Bank Of India,PROTEX COMPUTER PVT LTD,3016,80
Bank Of India,SARADA SYSTEMS,5424,383
Bank Of India,SHRIKRISHNA KHANDASARI SUGAR M,903,36
Bank Of India,SPANCO,0,2
Bank Of India,SREI INFRASTRUCTURE FINANCES L,13357,1535
Bank Of India,Silver Touch Technologies Ltd,0,1
Bank Of India,Systematic & Advance Const P L,23,42
Bank Of India,VEETECHNOLOGIES PVT. LTD,1745,102
Bank Of India,Vakrangee Softwares Limited,5,4
Bank of Baroda,Global Finsol Private Limited,266,17
Bank of Maharashtra,FINANCIAL INFORMATION NETWORK,4,75
Bank of Maharashtra,Micro Technologies India Ltd,2,2
Bank of Maharashtra,Tera Software Ltd,569,203
CSC e-Governance Services India Limited,A I Soc for Electronics and Comp Tech,6314,999
CSC e-Governance Services India Limited,AKSH OPTIFIBRE LIMITED,6569,1575
CSC e-Governance Services India Limited,BASIX,3115,1379
CSC e-Governance Services India Limited,CALANCE SOFTWARE PRIVATE LTD,462,17
CSC e-Governance Services India Limited,CHIPS,14,2
CSC e-Governance Services India Limited,CMS Computers Ltd,12576,1889
CSC e-Governance Services India Limited,CSC e-Governance Services India Limited,724,171
CSC e-Governance Services India Limited,Conatus Infocom Pvt. Ltd,372,129
CSC e-Governance Services India Limited,Intelligent Communication Sys India Ltd,91,32
CSC e-Governance Services India Limited,MANTRA SOFTTECH (INDIA) PVTLTD,1058,309
CSC e-Governance Services India Limited,Mahaonline Limited,705,247
CSC e-Governance Services India Limited,Nekton IT India Pvt Ltd.,985,249
CSC e-Governance Services India Limited,Network for Information & Computer,503,114
CSC e-Governance Services India Limited,SPANCO,2243,635
CSC e-Governance Services India Limited,SRR Infotech,461,126
CSC e-Governance Services India Limited,Sahaj e-Village Limited,4000,411
CSC e-Governance Services India Limited,Tera Software Ltd,131,36
CSC e-Governance Services India Limited,United Telecoms e-Services Pvt Ltd,2442,1030
CSC e-Governance Services India Limited,VIKALP MULTIMEDIA,356,999
CSC e-Governance Services India Limited,Vakrangee Softwares Limited,196,84
CSC e-Governance Services India Limited,Vayam technologies Ltd,3097,488
CSC e-Governance Services India Limited,Vedavaag Systems Limited,2831,313
CSC e-Governance Services India Limited,Zephyr System Pvt.Ltd.,3714,614
Canara Bank,FINANCIAL INFORMATION NETWORK,12607,1076
Canara Bank,Karvy Data Management Services,15147,1506
Canara Bank,Ojus Healthcare Private Limited,116,16
Canara Bank,Osiris Infotech Pvt. Ltd.,12,8
Canara Bank,Smart Chip Limited,11793,976
Canara Bank,Virinchi Technologies Ltd,458,65
Central Bank of India,CALANCE SOFTWARE PRIVATE LTD,17,42
Central Bank of India,IAP COMPANY Pvt. Ltd,35,45
Central Bank of India,The Peerless General Finance,1,1
DENA BANK,A-Onerealtors Pvt Ltd,6,1
DENA BANK,APEX Services,556,72
DENA BANK,ATISHAY INFOTECH PVT. LTD.,4448,209
DENA BANK,AVVAS INFOTECH PVT  LTD,4355,666
DENA BANK,Asha Security Guard Services,4818,590
DENA BANK,BNR UDYOG LIMITED,1,3
DENA BANK,Binary Systems,1934,103
DENA BANK,Bloom Solutions Pvt Ltd,9495,1314
DENA BANK,Blue Circle Instrument,850,185
DENA BANK,Business Information Processing Services,1706,272
DENA BANK,CALANCE SOFTWARE PRIVATE LTD,4485,554
DENA BANK,DATASOFT COMPUTER SERVICES(P),3334,573
DENA BANK,DEVASHISH SECURITIES PVT. LTD.,355,9
DENA BANK,Eagle Software India Pvt. Ltd,4294,587
DENA BANK,FINANCIAL INFORMATION NETWORK,9633,1034
DENA BANK,Gem Computers,581,226
DENA BANK,Gujarat Infotech Ltd.,402,50
DENA BANK,IAP COMPANY Pvt. Ltd,20292,1953
DENA BANK,India Computer Technology,418,148
DENA BANK,JNET Technologies Pvt.Ltd,44,13
DENA BANK,K W Consulting P Ltd,6395,650
DENA BANK,M/S STAR DATA CENTRE,633,125
DENA BANK,M/s Gold Square Builders & Promoters Pvt. Ltd.,1979,584
DENA BANK,MARS Telecom Systems Pvt Ltd,1257,75
DENA BANK,MEGHA VINCOM PVT LTD,12784,1434
DENA BANK,MKS Enterprises,4624,232
DENA BANK,Make India Smart Private Limited,4866,156
DENA BANK,Multiwave Innovation,2639,431
DENA BANK,NVR & ASSOCIATES LIMITED,1886,349
DENA BANK,Narayana Electricals Solution Pvt Ltd,0,2
DENA BANK,Netlink software Pvt Ltd,3623,676
DENA BANK,Nielsen  India  Private Limited,23650,3687
DENA BANK,Offshoot Agency Pvt. Ltd.,1570,247
DENA BANK,Ortem Securities Limited,975,367
DENA BANK,Prodigy Systems and Services Private Limited,4,11
DENA BANK,Radiant Haroti Industries India Ltd,7212,942
DENA BANK,SGS INDIA PVT LTD,6186,628
DENA BANK,Silver Touch Technologies Ltd,866,67
DENA BANK,Sixth Dimension Project Solutions Ltd,531,67
DENA BANK,Soc for Advancement of Environ Science,187,62
DENA BANK,SoftAge Information Technology Limited,237,14
DENA BANK,Super Printers,2100,297
DENA BANK,Systematic & Advance Const P L,392,35
DENA BANK,TechSmart India Pvt Ltd,2596,772
DENA BANK,Tera Software Ltd,4986,1476
DENA BANK,The NSIC ltd,10,0
DENA BANK,Transline Technologies P Ltd,5426,347
DENA BANK,Utility Forms Pvt Ltd,27,62
DENA BANK,VAP INFOSOLUTIONS,5619,615
DENA BANK,VISION COMPTECH INTEGRATOR LTD,5632,487
DENA BANK,Vedavaag Systems Limited,11071,1149
DENA BANK,Virinchi Technologies Ltd,3014,255
DENA BANK,WEBEL,23199,1657
DENA BANK,Wipro Ltd,5249,459
DENA BANK,Zephyr System Pvt.Ltd.,13960,1490
Delhi - Central DC,Smart Chip Limited,1,7
Delhi - East DC,DATASOFT COMPUTER SERVICES(P),16,18
Delhi - ND DC,Smart Chip Limited,1,2
Delhi - NE DC,Smart Chip Limited,15,8
Delhi - North DC,CALANCE SOFTWARE PRIVATE LTD,5,13
Delhi - North DC,DATASOFT COMPUTER SERVICES(P),0,1
Delhi - North DC,NVR & ASSOCIATES LIMITED,23,21
Delhi - North DC,Smart Chip Limited,0,1
Delhi SW DC,VIRGO SOFTECH LIMITED,0,1
Delhi- South DC,Karvy Computershare Private Li,0,2
Delhi- South DC,Smart Chip Limited,2,0
Delhi- West DC,Matrix Processing House,0,1
Delhi-NW DC,Karvy Computershare Private Li,1,1
Delhi-NW DC,STRATEGIC OUTSOURCING SERVICE,0,2
Department of Information Technology Govt of Jharkhand,Blue Circle Instrument,1,1
Department of Information Technology Govt of Jharkhand,Wipro Ltd,133,169
Dept of ITC Govt of Rajasthan,AKSH OPTIFIBRE LIMITED,8,50
Dept of ITC Govt of Rajasthan,ATISHAY INFOTECH PVT. LTD.,107,295
Dept of ITC Govt of Rajasthan,AVVAS INFOTECH PVT  LTD,431,82
Dept of ITC Govt of Rajasthan,Binary Systems,820,142
Dept of ITC Govt of Rajasthan,Business Information Processing Services,540,255
Dept of ITC Govt of Rajasthan,CMS Computers Ltd,634,7
Dept of ITC Govt of Rajasthan,COMTECH INSTITUTE OFTECHNOLOGY,84,411
Dept of ITC Govt of Rajasthan,DATASOFT COMPUTER SERVICES(P),1939,583
Dept of ITC Govt of Rajasthan,FINANCIAL INFORMATION NETWORK,304,329
Dept of ITC Govt of Rajasthan,Gem Computers,62,154
Dept of ITC Govt of Rajasthan,Gujarat Infotech Ltd.,2,45
Dept of ITC Govt of Rajasthan,IAP COMPANY Pvt. Ltd,194,262
Dept of ITC Govt of Rajasthan,MEGHA VINCOM PVT LTD,1731,267
Dept of ITC Govt of Rajasthan,Matrix Processing House,305,125
Dept of ITC Govt of Rajasthan,Multiwave Innovation,539,276
Dept of ITC Govt of Rajasthan,Netlink software Pvt Ltd,0,2
Dept of ITC Govt of Rajasthan,Osiris Infotech Pvt. Ltd.,1,8
Dept of ITC Govt of Rajasthan,Radiant Haroti Industries India Ltd,644,247
Dept of ITC Govt of Rajasthan,Radiant Info Systems Ltd,509,227
Dept of ITC Govt of Rajasthan,SAR Technology,13,63
Dept of ITC Govt of Rajasthan,TechSmart India Pvt Ltd,323,96
Dept of ITC Govt of Rajasthan,Transline Technologies P Ltd,26,33
Dept of ITC Govt of Rajasthan,UMC Technologies Pvt. Ltd,5,18
Dept of ITC Govt of Rajasthan,VIRGO SOFTECH LIMITED,0,1
Dept of ITC Govt of Rajasthan,Vakrangee Softwares Limited,6543,366
Dept of ITC Govt of Rajasthan,Vayam technologies Ltd,0,29
FCR Govt of Haryana,4G INFORMATICS,1,3
FCR Govt of Haryana,Academy of Management Studies,4,30
FCR Govt of Haryana,Radiant Info Systems Ltd,732,55
FCR Govt of Haryana,SoftAge Information Technology Limited,1917,369
FCR Govt of Haryana,Vayam technologies Ltd,929,459
FCS Govt of Punjab,Alankit Finsec Ltd,0,6
FCS Govt of Punjab,District Sukhmani Society  Jalandhar  Punjab,20,7
FCS Govt of Punjab,District Sukhmani Society  Ludhiana  Punjab,188,64
FCS Govt of Punjab,District Sukhmani Society  Moga  Punjab,20,8
FCS Govt of Punjab,District Sukhmani Society Amritsar Punjab,180,34
FCS Govt of Punjab,District Sukhmani Society Barnala Punjab,165,33
FCS Govt of Punjab,District Sukhmani Society Bathinda Punjab,198,43
FCS Govt of Punjab,District Sukhmani Society Fatehgarh Sahib Punjab,46,6
FCS Govt of Punjab,District Sukhmani Society Fazilka Punjab,14,24
FCS Govt of Punjab,District Sukhmani Society Ferozepur Punjab,31,17
FCS Govt of Punjab,District Sukhmani Society For Citizen Services Mansa Punjab,489,45
FCS Govt of Punjab,District Sukhmani Society For Citizen Services Nawanshahr Punjab,16,15
FCS Govt of Punjab,District Sukhmani Society For Citizen Services SAS Nagar District e-Governance Society Punjab,178,34
FCS Govt of Punjab,District Sukhmani Society Pathankot Punjab,66,2
FCS Govt of Punjab,District Sukhmani Society Patiala Punjab,46,13
FCS Govt of Punjab,District Sukhmani Society Rupnagar Punjab,9,9
FCS Govt of Punjab,District Sukhmani Society Sangrur Punjab,134,33
FCS Govt of Punjab,District Sukhmani Society Sri Muktsar Sahib Punjab,12,31
FCS Govt of Punjab,District Sukhmani Society Tarn Taran Punjab,32,19
FCS Govt of Punjab,Karvy Computershare Private Li,106,93
FCS Govt of Punjab,Sukhmani Society For Citizen Services  Kapurthala  Punjab,13,7
FCS Govt of Punjab,Sukhmani Society For Citizen Services Gurdaspur Punjab,70,0
FCS Govt of Punjab,Sukhmani Society For Citizens Services Faridkot Punjab,71,40
FCS Govt of Punjab,Suwidha Society Hoshiarpur Punjab,83,10
FCS Govt of Punjab,Vayam technologies Ltd,44,39
FCS Govt of Punjab,eCentric solutions pvt ltd,159,145
Govt of Andhra Pradesh,Gouthami Educational Society,254,106
Govt of Andhra Pradesh,GrapeSoft,16,37
Govt of Andhra Pradesh,INFRONICS SYSTEMS LTD,12,9
Govt of Andhra Pradesh,Madras Security Printers Ltd,0,4
Govt of Andhra Pradesh,SREEVEN INFOCOM LIMITED,0,3
Govt of Andhra Pradesh,TechSmart India Pvt Ltd,0,2
Govt of Andhra Pradesh,Tera Software Ltd,0,3
Govt of Andhra Pradesh,eCentric solutions pvt ltd,0,4
Govt of Goa,MARS Telecom Systems Pvt Ltd,0,1
Govt of Gujarat,GSS Infotech Ltd,46,2
Govt of Gujarat,Karvy Computershare Private Li,352,229
Govt of Gujarat,Silver Touch Technologies Ltd,1279,144
Govt of Gujarat,Tera Software Ltd,426,188
Govt of Gujarat,Transline Technologies P Ltd,200,175
Govt of Gujarat,Vayam technologies Ltd,94,67
Govt of Gujarat,eCentric solutions pvt ltd,2459,148
Govt of Himachal Pradesh,Wipro Ltd,0,1
Govt of Himachal Pradesh,i-Grandee SoftwareTechnologies,0,1
Govt of Karnataka ,BNR UDYOG LIMITED,100,14
Govt of Karnataka ,GLODYNE TECHNOSERVE,0,1
Govt of Karnataka ,MARS Telecom Systems Pvt Ltd,0,2
Govt of Karnataka ,Ninestars Information Technologies Ltd,1,0
Govt of Karnataka ,Origin ITFS Pvt Ltd,0,2
Govt of Karnataka ,SREEVEN INFOCOM LIMITED,2,3
Govt of Kerala,Akshaya,1160,258
Govt of Kerala,Keltron,1,1
Govt of Madhya Pradesh,VIRGO SOFTECH LIMITED,1,0
Govt of Maharashtra,Bharat Technical Solutions Private Limited,18,2
Govt of Maharashtra,Eagle press pvt ltd,14,4
Govt of Maharashtra,Karvy Computershare Private Li,0,4
Govt of Maharashtra,M/S King Computer System pvt Ltd,0,17
Govt of Maharashtra,Narayana Electricals Solution Pvt Ltd,0,1
Govt of Maharashtra,Netlink software Pvt Ltd,106,11
Govt of Maharashtra,Rudranee Infotech Ltd,0,2
Govt of Maharashtra,SETU MAHARASHTRA,242,48
Govt of Maharashtra,SHREERAM PRINTING PRESS,6,59
Govt of Maharashtra,SILVER JUBILEE MOTORS LTD.,12,3
Govt of Maharashtra,STRATEGIC OUTSOURCING SERVICE,43,24
Govt of Maharashtra,Silver Touch Technologies Ltd,1,0
Govt of Maharashtra,Transline Technologies P Ltd,3,3
Govt of Maharashtra,Vidarbha Infotech Pvt Ltd,16,6
Govt of Maharashtra,Wipro Ltd,0,3
Govt of Sikkim - Dept of Econo,Department of Economics Statistics  Monitoring and Evaluation DESME,104,17
IDBI Bank ltd,ATISHAY INFOTECH PVT. LTD.,396,72
IDBI Bank ltd,Matrix Processing House,901,70
IDBI Bank ltd,SREEVEN INFOCOM LIMITED,12,9
IDBI Bank ltd,UTI TECHNOLOGY SERVICES LIMITE,5,4
Indian Bank,Redim Software Technologies Pvt Ltd,133,19
Indiapost,Delhi Integrated MMTS Ltd,1,0
Indiapost,M/S STAR DATA CENTRE,0,3
Indiapost,MARS Telecom Systems Pvt Ltd,1,6
Indiapost,Madras Security Printers Ltd,0,1
Indiapost,Vayam technologies Ltd,126,30
Indiapost,WEBEL,6,4
Information Technology & Communication Department,4G INFORMATICS,0,3
Information Technology & Communication Department,Directorate of ESD,29966,19264
Information Technology & Communication Department,JYOTHI COMPUTER SERVICES,132,3
Information Technology & Communication Department,MARS Telecom Systems Pvt Ltd,75,46
Information Technology & Communication Department,SREEVEN INFOCOM LIMITED,0,2
Information Technology & Communication Department,Tera Software Ltd,0,2
Jharkhand,Systematic & Advance Const P L,0,4
Jharkhand,Wipro Ltd,5,47
Mission Convergence - GNCT Del,NVR & ASSOCIATES LIMITED,5,4
NSDL e-Governance Infrastructure Limited,Abhipra Capital Ltd,2042,261
NSDL e-Governance Infrastructure Limited,Alankit Assignments Limited,82,15
NSDL e-Governance Infrastructure Limited,Alankit Finsec Ltd,7757,1812
NSDL e-Governance Infrastructure Limited,Gujarat Infotech Ltd.,13496,1077
NSDL e-Governance Infrastructure Limited,IAP COMPANY Pvt. Ltd,471,7
NSDL e-Governance Infrastructure Limited,Karvy Data Management Services,54626,8307
NSDL e-Governance Infrastructure Limited,N.K. Sharma Enterprises Ltd.,39,45
NSDL e-Governance Infrastructure Limited,Netlink software Pvt Ltd,252,117
NSDL e-Governance Infrastructure Limited,Offshoot Agency Pvt. Ltd.,2972,176
NSDL e-Governance Infrastructure Limited,PROWIZ MANSYTEMS PVT LTD,6,0
NSDL e-Governance Infrastructure Limited,Promind Solutions P Limited,15787,1833
NSDL e-Governance Infrastructure Limited,RELIGARE SECURITIES LTD,3334,201
NSDL e-Governance Infrastructure Limited,Radiant Haroti Industries India Ltd,5074,242
NSDL e-Governance Infrastructure Limited,Sri Ramraja Sarkar Lok Kalyan Trust,3934,573
NSDL e-Governance Infrastructure Limited,Utility Forms Pvt Ltd,5534,394
NSDL e-Governance Infrastructure Limited,VIRGO SOFTECH LIMITED,2392,19
Oriental Bank of Commerce,DATASOFT COMPUTER SERVICES(P),10,47
Oriental Bank of Commerce,JNET Technologies Pvt.Ltd,7,3
Oriental Bank of Commerce,Sri Ramraja Sarkar Lok Kalyan Trust,43,36
Oriental Bank of Commerce,Wipro Ltd,3,3
Principal Revenue Commissioner  Dept of Revenue  Govt of MP,Frontech Systems Pvt Ltd,1,1
Principal Revenue Commissioner  Dept of Revenue  Govt of MP,GDC Advertising Pvt. Limited,2,0
Principal Revenue Commissioner  Dept of Revenue  Govt of MP,K W Consulting P Ltd,4,10
Principal Revenue Commissioner  Dept of Revenue  Govt of MP,LYRA  CONSULTANCY SERVICE,1,2
Principal Revenue Commissioner  Dept of Revenue  Govt of MP,Netlink software Pvt Ltd,5,4
Principal Revenue Commissioner  Dept of Revenue  Govt of MP,OSWAL COMPUTERS & CONSULTANTS,0,1
Principal Revenue Commissioner  Dept of Revenue  Govt of MP,Tera Software Ltd,10,14
Principal Revenue Commissioner  Dept of Revenue  Govt of MP,Vedavaag Systems Limited,6,12
Punjab and Sind Bank,Matrix Processing House,1588,238
RDD Govt of Tripura,Alankit Assignments Limited,0,2
Registrar General India - BEL,In Media Computer Services LLP,4,0
Registrar General India BEL2,4G INFORMATICS,1,0
Registrar General India BEL2,Chinar Construction Company Prime agency,3,0
Registrar General India BEL2,Computer LAB,4,23
Registrar General India BEL2,Eagle Software India Pvt. Ltd,0,1
Registrar General India BEL2,Emdee Digitronics Pvt.Ltd.,0,4
Registrar General India BEL2,In Media Computer Services LLP,84,1
Registrar General India BEL2,India Computer Technology,2,0
Registrar General India BEL2,Karvy Data Management Services,126,53
Registrar General India BEL2,MACRO INFOTECH PVT LTD,113,42
Registrar General India BEL2,MKS Enterprises,50,0
Registrar General India BEL2,Madras Security Printers Ltd,12,1
Registrar General India BEL2,Manipur Electronics Dev Corp,285,2
Registrar General India BEL2,Multiwave Innovation,4,3
Registrar General India BEL2,NVR & ASSOCIATES LIMITED,16,13
Registrar General India BEL2,Netlink software Pvt Ltd,60,9
Registrar General India BEL2,Nevaeh Technology Pvt. Ltd.,2,0
Registrar General India BEL2,Nielsen  India  Private Limited,8,9
Registrar General India BEL2,Om Softwares,17,31
Registrar General India BEL2,SREI INFRASTRUCTURE FINANCES L,1,61
Registrar General India BEL2,Satyanarayana Raju Company Pvt ltd,105,43
Registrar General India BEL2,Swathy Smartcards Hi-Tech Pvt,19,6
Registrar General India BEL2,Swiss Tech India Pvt Ltd,3,4601
Registrar General India BEL2,Tera Software Ltd,243,176
Registrar General India BEL2,UNITED DATA SERVICES PRIVATE LIMITED,1,0
Registrar General India BEL2,Urmila Info solution,0,1
Registrar General India BEL2,VIRGO SOFTECH LIMITED,0,2
Registrar General India BEL2,Vansh Infotech Pvt Ltd,2,2
Registrar General India BEL2,Vayam technologies Ltd,0,1
Registrar General India BEL2,Vedavaag Systems Limited,50,32
Registrar General India BEL2,Viesa Technologies,37,27
Registrar General India BEL2,WEBEL,0,1
Registrar General India ECIL,AVVAS INFOTECH PVT  LTD,2,4
Registrar General India ECIL,BUSINESS INFORMATION PROCESSING SERVICES,0,2
Registrar General India ECIL,COMTECH INSTITUTE OFTECHNOLOGY,2,2
Registrar General India ECIL,COMTECHINFO SOLUTIONS PVT.LTD,6826,233
Registrar General India ECIL,Chinar Construction Company Prime agency,87,1
Registrar General India ECIL,Clairvoyance Technologies Pvt.,0,1
Registrar General India ECIL,Computer LAB,43338,7103
Registrar General India ECIL,Eagle Software India Pvt. Ltd,32884,7963
Registrar General India ECIL,In Media Computer Services LLP,177,480
Registrar General India ECIL,India Computer Technology,8030,2941
Registrar General India ECIL,Integrated Systems & Services,295,17
Registrar General India ECIL,Karvy Data Management Services,364,320
Registrar General India ECIL,Krishna Infotech,0,35
Registrar General India ECIL,LYRA  CONSULTANCY SERVICE,728,8
Registrar General India ECIL,Madras Security Printers Ltd,33341,8776
Registrar General India ECIL,Netwing Technologies Pvt Ltd,1,46
Registrar General India ECIL,Pioneer E Labs limited,1,3
Registrar General India ECIL,SARADA SYSTEMS,1,0
Registrar General India ECIL,SWISSTECH NPR 57CR PROJECT PVT,121,201
Registrar General India ECIL,Tera Software Ltd,1059,492
Registrar General India ECIL,Vedavaag Systems Limited,3,70
Registrar General India Others,COMTECHINFO SOLUTIONS PVT.LTD,1,0
Registrar General India Others,Chinar Construction Company Prime agency,2,0
Registrar General India Others,Clairvoyance Technologies Pvt.,48,74
Registrar General India Others,Computer LAB,0,6
Registrar General India Others,Eagle Software India Pvt. Ltd,2,0
Registrar General India Others,In Media Computer Services LLP,2,4
Registrar General India Others,Madras Security Printers Ltd,8,17
Registrar General India Others,Webx Technologies Private Limited,1,0
Registrar General of India ITI,Eagle Software India Pvt. Ltd,2,55
Registrar General of India ITI,Emdee Digitronics Pvt.Ltd.,33635,4058
Registrar General of India ITI,In Media Computer Services LLP,56,44
Registrar General of India ITI,Karvy Data Management Services,0,1
Registrar General of India ITI,MKS Enterprises,0,1
Registrar General of India ITI,Madras Security Printers Ltd,14,4
Registrar General of India ITI,Nielsen  India  Private Limited,1,1
Registrar General of India ITI,Quick Data IT Services Pvt Ltd,2,0
Registrar General of India ITI,Satyanarayana Raju Company Pvt ltd,2,0
Registrar General of India ITI,Swathy Smartcards Hi-Tech Pvt,15,27
Registrar General of India ITI,Swiss Tech India Pvt Ltd,0,1
Registrar General of India ITI,VIRGO SOFTECH LIMITED,29,11
Registrar General of India ITI,Vedavaag Systems Limited,0,1
Registrar General of India ITI,WEBEL TECHNOLOGY LIMITED,5198,420
Registrar General of India ITI,Webx Technologies Private Limited,4,9
State Bank of Bikaner & Jaipur,Multiwave Innovation,0,1
State Bank of India,CSS TECHNERGY LIMITED,0,1
State Bank of India,Smart Chip Limited,0,1
UIDAI-Registrar,UIDAI-EA,70,25
UT of Puducherry,Madras Security Printers Ltd,0,2
Union Bank,FINANCIAL INFORMATION NETWORK,3080,2401
Union Bank,Smart Chip Limited,2184,528
Union Bank,Vakrangee Softwares Limited,4659,435
