Registrar,Enrolment Agency,Aadhaar generated,Enrolment Rejected
Bank Of India,A3 Logics  India  Ltd,1422,115
Bank Of India,Akanksha International,0,1
Bank Of India,Blue Circle Instrument,98,29
Bank Of India,CHESSY CONSULTANTS PVT LTD,44,2
Bank Of India,DATASOFT COMPUTER SERVICES(P),304,116
Bank Of India,Emdee Digitronics Pvt.Ltd.,475,22
Bank Of India,Frontech Systems Pvt Ltd,464,135
Bank Of India,OSWAL COMPUTERS & CONSULTANTS,906,73
Bank Of India,PROTEX COMPUTER PVT LTD,940,34
Bank Of India,SARADA SYSTEMS,3840,162
Bank Of India,SHRIKRISHNA KHANDASARI SUGAR M,888,26
Bank Of India,SREI INFRASTRUCTURE FINANCES L,7986,313
Bank Of India,Systematic & Advance Const P L,0,8
Bank Of India,VEETECHNOLOGIES PVT. LTD,624,87
Bank Of India,Vakrangee Softwares Limited,2,1
Bank of Baroda,Global Finsol Private Limited,46,0
Bank of Maharashtra,FINANCIAL INFORMATION NETWORK,9,10
Bank of Maharashtra,Tera Software Ltd,820,60
CSC e-Governance Services India Limited,A I Soc for Electronics and Comp Tech,2182,258
CSC e-Governance Services India Limited,AKSH OPTIFIBRE LIMITED,5048,116
CSC e-Governance Services India Limited,BASIX,1639,104
CSC e-Governance Services India Limited,CALANCE SOFTWARE PRIVATE LTD,43,3
CSC e-Governance Services India Limited,CMS Computers Ltd,5727,260
CSC e-Governance Services India Limited,CSC e-Governance Services India Limited,148,63
CSC e-Governance Services India Limited,Conatus Infocom Pvt. Ltd,118,9
CSC e-Governance Services India Limited,Intelligent Communication Sys India Ltd,171,0
CSC e-Governance Services India Limited,MANTRA SOFTTECH (INDIA) PVTLTD,995,53
CSC e-Governance Services India Limited,Mahaonline Limited,177,40
CSC e-Governance Services India Limited,Nekton IT India Pvt Ltd.,407,37
CSC e-Governance Services India Limited,Network for Information & Computer,580,37
CSC e-Governance Services India Limited,SPANCO,710,124
CSC e-Governance Services India Limited,SRR Infotech,283,29
CSC e-Governance Services India Limited,Sahaj e-Village Limited,3504,82
CSC e-Governance Services India Limited,Tera Software Ltd,50,3
CSC e-Governance Services India Limited,United Telecoms e-Services Pvt Ltd,1096,82
CSC e-Governance Services India Limited,VIKALP MULTIMEDIA,65,21
CSC e-Governance Services India Limited,Vakrangee Softwares Limited,28,0
CSC e-Governance Services India Limited,Vayam technologies Ltd,3528,55
CSC e-Governance Services India Limited,Vedavaag Systems Limited,3394,87
CSC e-Governance Services India Limited,Zephyr System Pvt.Ltd.,2966,171
Canara Bank,FINANCIAL INFORMATION NETWORK,5635,351
Canara Bank,Karvy Data Management Services,4811,175
Canara Bank,Ojus Healthcare Private Limited,8,1
Canara Bank,Osiris Infotech Pvt. Ltd.,1,1
Canara Bank,Smart Chip Limited,6459,495
Canara Bank,Virinchi Technologies Ltd,13,0
Central Bank of India,CALANCE SOFTWARE PRIVATE LTD,1,0
Central Bank of India,IAP COMPANY Pvt. Ltd,78,8
DENA BANK,A-Onerealtors Pvt Ltd,32,8
DENA BANK,APEX Services,252,14
DENA BANK,ATISHAY INFOTECH PVT. LTD.,2896,137
DENA BANK,AVVAS INFOTECH PVT  LTD,2776,98
DENA BANK,Asha Security Guard Services,1730,157
DENA BANK,Binary Systems,2528,89
DENA BANK,Bloom Solutions Pvt Ltd,3248,282
DENA BANK,Blue Circle Instrument,3473,35
DENA BANK,Business Information Processing Services,690,62
DENA BANK,CALANCE SOFTWARE PRIVATE LTD,148,152
DENA BANK,DATASOFT COMPUTER SERVICES(P),1623,64
DENA BANK,DEVASHISH SECURITIES PVT. LTD.,1,0
DENA BANK,Eagle Software India Pvt. Ltd,2717,86
DENA BANK,FINANCIAL INFORMATION NETWORK,4017,244
DENA BANK,Gem Computers,1155,66
DENA BANK,Gujarat Infotech Ltd.,60,6
DENA BANK,IAP COMPANY Pvt. Ltd,13857,483
DENA BANK,India Computer Technology,45,17
DENA BANK,JNET Technologies Pvt.Ltd,13,0
DENA BANK,K W Consulting P Ltd,1665,126
DENA BANK,M/S STAR DATA CENTRE,377,6
DENA BANK,M/s Gold Square Builders & Promoters Pvt. Ltd.,1729,108
DENA BANK,MARS Telecom Systems Pvt Ltd,99,12
DENA BANK,MEGHA VINCOM PVT LTD,10375,73
DENA BANK,MKS Enterprises,1814,52
DENA BANK,Make India Smart Private Limited,119,48
DENA BANK,Multiwave Innovation,903,23
DENA BANK,NVR & ASSOCIATES LIMITED,720,48
DENA BANK,Narayana Electricals Solution Pvt Ltd,0,1
DENA BANK,Netlink software Pvt Ltd,1789,137
DENA BANK,Nielsen  India  Private Limited,11046,822
DENA BANK,Offshoot Agency Pvt. Ltd.,201,59
DENA BANK,Ortem Securities Limited,513,38
DENA BANK,Prodigy Systems and Services Private Limited,38,12
DENA BANK,Radiant Haroti Industries India Ltd,2447,47
DENA BANK,SGS INDIA PVT LTD,1867,131
DENA BANK,Silver Touch Technologies Ltd,667,16
DENA BANK,Sixth Dimension Project Solutions Ltd,2,2
DENA BANK,Soc for Advancement of Environ Science,141,17
DENA BANK,SoftAge Information Technology Limited,1,6
DENA BANK,Super Printers,1112,67
DENA BANK,Systematic & Advance Const P L,2,6
DENA BANK,TechSmart India Pvt Ltd,1322,300
DENA BANK,Tera Software Ltd,7918,276
DENA BANK,The NSIC ltd,97,1
DENA BANK,Transline Technologies P Ltd,1913,73
DENA BANK,Utility Forms Pvt Ltd,2,1
DENA BANK,VAP INFOSOLUTIONS,3812,210
DENA BANK,VISION COMPTECH INTEGRATOR LTD,1884,76
DENA BANK,Vedavaag Systems Limited,1788,90
DENA BANK,Virinchi Technologies Ltd,407,34
DENA BANK,WEBEL,12940,572
DENA BANK,Wipro Ltd,2222,197
DENA BANK,Zephyr System Pvt.Ltd.,4130,212
Delhi - Central DC,Smart Chip Limited,29,0
Delhi - East DC,DATASOFT COMPUTER SERVICES(P),15,2
Delhi - ND DC,Smart Chip Limited,2,0
Delhi - NE DC,Smart Chip Limited,6,0
Delhi - North DC,CALANCE SOFTWARE PRIVATE LTD,0,1
Delhi- West DC,Smart Chip Limited,1,0
Delhi- West DC,VIRGO SOFTECH LIMITED,1,0
Department of Information Technology Govt of Jharkhand,Blue Circle Instrument,1,0
Department of Information Technology Govt of Jharkhand,MKS Enterprises,0,1
Department of Information Technology Govt of Jharkhand,Wipro Ltd,4,1
Dept of ITC Govt of Rajasthan,AKSH OPTIFIBRE LIMITED,2,1
Dept of ITC Govt of Rajasthan,ATISHAY INFOTECH PVT. LTD.,226,18
Dept of ITC Govt of Rajasthan,AVVAS INFOTECH PVT  LTD,107,25
Dept of ITC Govt of Rajasthan,Alankit Finsec Ltd,9,0
Dept of ITC Govt of Rajasthan,Binary Systems,361,70
Dept of ITC Govt of Rajasthan,Business Information Processing Services,546,19
Dept of ITC Govt of Rajasthan,CMS Computers Ltd,92,1
Dept of ITC Govt of Rajasthan,COMTECH INSTITUTE OFTECHNOLOGY,0,2
Dept of ITC Govt of Rajasthan,DATASOFT COMPUTER SERVICES(P),476,147
Dept of ITC Govt of Rajasthan,FINANCIAL INFORMATION NETWORK,243,39
Dept of ITC Govt of Rajasthan,Gem Computers,0,3
Dept of ITC Govt of Rajasthan,Gujarat Infotech Ltd.,82,1
Dept of ITC Govt of Rajasthan,IAP COMPANY Pvt. Ltd,107,23
Dept of ITC Govt of Rajasthan,MEGHA VINCOM PVT LTD,455,49
Dept of ITC Govt of Rajasthan,Matrix Processing House,80,7
Dept of ITC Govt of Rajasthan,Multiwave Innovation,4,58
Dept of ITC Govt of Rajasthan,Osiris Infotech Pvt. Ltd.,10,6
Dept of ITC Govt of Rajasthan,Radiant Haroti Industries India Ltd,48,11
Dept of ITC Govt of Rajasthan,Radiant Info Systems Ltd,5,15
Dept of ITC Govt of Rajasthan,SAR Technology,63,8
Dept of ITC Govt of Rajasthan,TechSmart India Pvt Ltd,79,21
Dept of ITC Govt of Rajasthan,Transline Technologies P Ltd,204,13
Dept of ITC Govt of Rajasthan,Vakrangee Softwares Limited,1791,148
Dept of ITC Govt of Rajasthan,Vayam technologies Ltd,245,17
FCR Govt of Haryana,4G INFORMATICS,1,0
FCR Govt of Haryana,Academy of Management Studies,6,2
FCR Govt of Haryana,Radiant Info Systems Ltd,92,32
FCR Govt of Haryana,SoftAge Information Technology Limited,398,112
FCR Govt of Haryana,Vayam technologies Ltd,54,60
FCS Govt of Punjab,District Sukhmani Society  Jalandhar  Punjab,1,0
FCS Govt of Punjab,District Sukhmani Society  Ludhiana  Punjab,3,7
FCS Govt of Punjab,District Sukhmani Society  Moga  Punjab,1,0
FCS Govt of Punjab,District Sukhmani Society Amritsar Punjab,4,1
FCS Govt of Punjab,District Sukhmani Society Barnala Punjab,13,1
FCS Govt of Punjab,District Sukhmani Society Bathinda Punjab,3,3
FCS Govt of Punjab,District Sukhmani Society Fatehgarh Sahib Punjab,6,3
FCS Govt of Punjab,District Sukhmani Society Fazilka Punjab,16,0
FCS Govt of Punjab,District Sukhmani Society Ferozepur Punjab,1,0
FCS Govt of Punjab,District Sukhmani Society For Citizen Services Mansa Punjab,1,4
FCS Govt of Punjab,District Sukhmani Society For Citizen Services Nawanshahr Punjab,4,0
FCS Govt of Punjab,District Sukhmani Society For Citizen Services SAS Nagar District e-Governance Society Punjab,0,3
FCS Govt of Punjab,District Sukhmani Society Pathankot Punjab,2,4
FCS Govt of Punjab,District Sukhmani Society Patiala Punjab,14,4
FCS Govt of Punjab,District Sukhmani Society Rupnagar Punjab,14,0
FCS Govt of Punjab,District Sukhmani Society Sangrur Punjab,21,6
FCS Govt of Punjab,District Sukhmani Society Tarn Taran Punjab,1,0
FCS Govt of Punjab,Karvy Computershare Private Li,33,29
FCS Govt of Punjab,Sukhmani Society For Citizens Services Faridkot Punjab,11,1
FCS Govt of Punjab,Suwidha Society Hoshiarpur Punjab,3,1
FCS Govt of Punjab,Vayam technologies Ltd,76,1
FCS Govt of Punjab,eCentric solutions pvt ltd,168,8
Govt of Andhra Pradesh,Gouthami Educational Society,20,6
Govt of Andhra Pradesh,GrapeSoft,145,7
Govt of Andhra Pradesh,INFRONICS SYSTEMS LTD,37,5
Govt of Andhra Pradesh,TechSmart India Pvt Ltd,1,1
Govt of Gujarat,GSS Infotech Ltd,3,16
Govt of Gujarat,Karvy Computershare Private Li,393,60
Govt of Gujarat,Silver Touch Technologies Ltd,776,25
Govt of Gujarat,Tera Software Ltd,837,18
Govt of Gujarat,Transline Technologies P Ltd,539,92
Govt of Gujarat,Vayam technologies Ltd,4,0
Govt of Gujarat,eCentric solutions pvt ltd,8,50
Govt of Himachal Pradesh,i-Grandee SoftwareTechnologies,1,1
Govt of Karnataka ,BNR UDYOG LIMITED,8,4
Govt of Karnataka ,COMAT TECHNOLOGIES P LTD,1,0
Govt of Karnataka ,MARS Telecom Systems Pvt Ltd,1,0
Govt of Karnataka ,Origin ITFS Pvt Ltd,3,0
Govt of Karnataka ,SREEVEN INFOCOM LIMITED,1,1
Govt of Kerala,Akshaya,678,56
Govt of Kerala,Keltron,5,0
Govt of Madhya Pradesh,VIRGO SOFTECH LIMITED,0,1
Govt of Maharashtra,Bharat Technical Solutions Private Limited,18,0
Govt of Maharashtra,Eagle press pvt ltd,1,0
Govt of Maharashtra,Karvy Computershare Private Li,16,3
Govt of Maharashtra,M/S King Computer System pvt Ltd,35,0
Govt of Maharashtra,Netlink software Pvt Ltd,22,5
Govt of Maharashtra,Rudranee Infotech Ltd,8,0
Govt of Maharashtra,SETU MAHARASHTRA,155,0
Govt of Maharashtra,STRATEGIC OUTSOURCING SERVICE,29,2
Govt of Maharashtra,Silver Touch Technologies Ltd,0,1
Govt of Maharashtra,TechSmart India Pvt Ltd,4,0
Govt of Maharashtra,Vidarbha Infotech Pvt Ltd,19,2
Govt of Maharashtra,Wipro Ltd,37,3
Govt of Sikkim - Dept of Econo,Department of Economics Statistics  Monitoring and Evaluation DESME,112,3
IDBI Bank ltd,ATISHAY INFOTECH PVT. LTD.,145,65
IDBI Bank ltd,Matrix Processing House,419,6
IDBI Bank ltd,SREEVEN INFOCOM LIMITED,1,0
Indian Bank,Redim Software Technologies Pvt Ltd,3,1
Indiapost,4G IDENTITY SOLUTIONS,1,0
Indiapost,Delhi Integrated MMTS Ltd,1,1
Indiapost,Vayam technologies Ltd,10,9
Information Technology & Communication Department,Directorate of ESD,14842,2061
Information Technology & Communication Department,JYOTHI COMPUTER SERVICES,24,21
Information Technology & Communication Department,MARS Telecom Systems Pvt Ltd,44,10
Information Technology & Communication Department,Tera Software Ltd,0,1
Jharkhand,Alankit Assignments Limited,2,0
Jharkhand,Blue Circle Instrument,2,0
Jharkhand,Wipro Ltd,2,7
NSDL e-Governance Infrastructure Limited,Abhipra Capital Ltd,66,12
NSDL e-Governance Infrastructure Limited,Alankit Assignments Limited,43,21
NSDL e-Governance Infrastructure Limited,Alankit Finsec Ltd,3860,360
NSDL e-Governance Infrastructure Limited,Gujarat Infotech Ltd.,3234,140
NSDL e-Governance Infrastructure Limited,IAP COMPANY Pvt. Ltd,125,8
NSDL e-Governance Infrastructure Limited,Karvy Data Management Services,25087,1577
NSDL e-Governance Infrastructure Limited,N.K. Sharma Enterprises Ltd.,4,2
NSDL e-Governance Infrastructure Limited,Netlink software Pvt Ltd,22,11
NSDL e-Governance Infrastructure Limited,Offshoot Agency Pvt. Ltd.,22,31
NSDL e-Governance Infrastructure Limited,PROWIZ MANSYTEMS PVT LTD,0,1
NSDL e-Governance Infrastructure Limited,Promind Solutions P Limited,1906,179
NSDL e-Governance Infrastructure Limited,RELIGARE SECURITIES LTD,204,29
NSDL e-Governance Infrastructure Limited,Radiant Haroti Industries India Ltd,893,82
NSDL e-Governance Infrastructure Limited,Sri Ramraja Sarkar Lok Kalyan Trust,2523,148
NSDL e-Governance Infrastructure Limited,Utility Forms Pvt Ltd,1911,54
NSDL e-Governance Infrastructure Limited,VIRGO SOFTECH LIMITED,23,17
Oriental Bank of Commerce,DATASOFT COMPUTER SERVICES(P),27,1
Oriental Bank of Commerce,JNET Technologies Pvt.Ltd,72,0
Oriental Bank of Commerce,Sri Ramraja Sarkar Lok Kalyan Trust,5,9
Oriental Bank of Commerce,Wipro Ltd,1,0
Principal Revenue Commissioner  Dept of Revenue  Govt of MP,Frontech Systems Pvt Ltd,3,0
Principal Revenue Commissioner  Dept of Revenue  Govt of MP,K W Consulting P Ltd,0,2
Principal Revenue Commissioner  Dept of Revenue  Govt of MP,Vedavaag Systems Limited,27,9
Punjab and Sind Bank,Matrix Processing House,933,34
Registrar General India - BEL,In Media Computer Services LLP,3,0
Registrar General India BEL2,Computer LAB,38,5
Registrar General India BEL2,Emdee Digitronics Pvt.Ltd.,15,0
Registrar General India BEL2,In Media Computer Services LLP,6,2
Registrar General India BEL2,India Computer Technology,27,0
Registrar General India BEL2,Karvy Data Management Services,1374,16
Registrar General India BEL2,MACRO INFOTECH PVT LTD,0,2
Registrar General India BEL2,MKS Enterprises,1,2
Registrar General India BEL2,Madras Security Printers Ltd,4,81
Registrar General India BEL2,Manipur Electronics Dev Corp,67,1
Registrar General India BEL2,Multiwave Innovation,553,0
Registrar General India BEL2,NVR & ASSOCIATES LIMITED,6,0
Registrar General India BEL2,Netlink software Pvt Ltd,1,1
Registrar General India BEL2,Nevaeh Technology Pvt. Ltd.,4,0
Registrar General India BEL2,Nielsen  India  Private Limited,1,0
Registrar General India BEL2,Om Softwares,926,1
Registrar General India BEL2,SREI INFRASTRUCTURE FINANCES L,1170,3
Registrar General India BEL2,Satyanarayana Raju Company Pvt ltd,63,264
Registrar General India BEL2,Swathy Smartcards Hi-Tech Pvt,273,7
Registrar General India BEL2,Swiss Tech India Pvt Ltd,1,62
Registrar General India BEL2,Tera Software Ltd,2733,4
Registrar General India BEL2,UNITED DATA SERVICES PRIVATE LIMITED,1,0
Registrar General India BEL2,Vedavaag Systems Limited,1,0
Registrar General India ECIL,AVVAS INFOTECH PVT  LTD,27,3
Registrar General India ECIL,BUSINESS INFORMATION PROCESSING SERVICES,1,0
Registrar General India ECIL,COMTECH INSTITUTE OFTECHNOLOGY,46,5
Registrar General India ECIL,COMTECHINFO SOLUTIONS PVT.LTD,2534,1568
Registrar General India ECIL,Chinar Construction Company Prime agency,2,0
Registrar General India ECIL,Computer LAB,14084,538
Registrar General India ECIL,Eagle Software India Pvt. Ltd,19790,508
Registrar General India ECIL,In Media Computer Services LLP,342,14
Registrar General India ECIL,India Computer Technology,6769,448
Registrar General India ECIL,Integrated Systems & Services,101,0
Registrar General India ECIL,Karvy Data Management Services,645,159
Registrar General India ECIL,Krishna Infotech,37,0
Registrar General India ECIL,LYRA  CONSULTANCY SERVICE,175,2
Registrar General India ECIL,Madras Security Printers Ltd,28252,548
Registrar General India ECIL,Mphasis Ltd,1,0
Registrar General India ECIL,SARADA SYSTEMS,1,0
Registrar General India ECIL,SWISSTECH NPR 57CR PROJECT PVT,49,4
Registrar General India ECIL,Tera Software Ltd,1777,6
Registrar General India ECIL,VEETECHNOLOGIES PVT. LTD,0,5
Registrar General India ECIL,Vedavaag Systems Limited,6,0
Registrar General India Others,Clairvoyance Technologies Pvt.,1,2
Registrar General India Others,India Computer Technology,1,0
Registrar General India Others,Karvy Data Management Services,3,0
Registrar General of India ITI,COMTECH INSTITUTE OFTECHNOLOGY,8,0
Registrar General of India ITI,Eagle Software India Pvt. Ltd,25,4
Registrar General of India ITI,Emdee Digitronics Pvt.Ltd.,10337,527
Registrar General of India ITI,FINANCIAL INFORMATION NETWORK,0,1
Registrar General of India ITI,In Media Computer Services LLP,0,1
Registrar General of India ITI,Karvy Data Management Services,81,0
Registrar General of India ITI,Madras Security Printers Ltd,17,0
Registrar General of India ITI,Quick Data IT Services Pvt Ltd,8,0
Registrar General of India ITI,Swathy Smartcards Hi-Tech Pvt,27,2
Registrar General of India ITI,WEBEL TECHNOLOGY LIMITED,3439,40
State Bank of Bikaner & Jaipur,Multiwave Innovation,3,0
Syndicate Bank,Smart Chip Limited,0,2
UIDAI-Registrar,UIDAI-EA,11,1
UT Of Daman and Diu,Alankit Assignments Limited,4,0
Union Bank,FINANCIAL INFORMATION NETWORK,1950,436
Union Bank,Smart Chip Limited,1071,220
Union Bank,Vakrangee Softwares Limited,1192,109
