Registrar,Enrolment Agency,Aadhaar generated,Enrolment Rejected
Allahabad Bank,Vakrangee Softwares Limited,5,0
Bank Of India,A3 Logics  India  Ltd,1573,0
Bank Of India,Akanksha International,1,0
Bank Of India,Blue Circle Instrument,300,0
Bank Of India,CHESSY CONSULTANTS PVT LTD,3,0
Bank Of India,DATASOFT COMPUTER SERVICES(P),3637,0
Bank Of India,Emdee Digitronics Pvt.Ltd.,1763,0
Bank Of India,Frontech Systems Pvt Ltd,557,0
Bank Of India,Matrix Processing House,1,0
Bank Of India,OSWAL COMPUTERS & CONSULTANTS,499,0
Bank Of India,PROTEX COMPUTER PVT LTD,1140,0
Bank Of India,SARADA SYSTEMS,2816,0
Bank Of India,SHRIKRISHNA KHANDASARI SUGAR M,1834,0
Bank Of India,SPANCO,4,0
Bank Of India,SREI INFRASTRUCTURE FINANCES L,14210,0
Bank Of India,Silver Touch Technologies Ltd,1,0
Bank Of India,Systematic & Advance Const P L,3,0
Bank Of India,VEETECHNOLOGIES PVT. LTD,1098,0
Bank Of India,Vakrangee Softwares Limited,19,0
Bank of Baroda,Global Finsol Private Limited,57,0
Bank of Maharashtra,FINANCIAL INFORMATION NETWORK,293,0
Bank of Maharashtra,Micro Technologies India Ltd,54,0
Bank of Maharashtra,Tera Software Ltd,1219,0
CSC e-Governance Services India Limited,A I Soc for Electronics and Comp Tech,5839,0
CSC e-Governance Services India Limited,AKSH OPTIFIBRE LIMITED,2066,0
CSC e-Governance Services India Limited,BASIX,2092,0
CSC e-Governance Services India Limited,CALANCE SOFTWARE PRIVATE LTD,28,0
CSC e-Governance Services India Limited,CMS Computers Ltd,7616,0
CSC e-Governance Services India Limited,CSC e-Governance Services India Limited,205,0
CSC e-Governance Services India Limited,Intelligent Communication Sys India Ltd,214,0
CSC e-Governance Services India Limited,MANTRA SOFTTECH (INDIA) PVTLTD,2472,0
CSC e-Governance Services India Limited,Mahaonline Limited,584,0
CSC e-Governance Services India Limited,Nekton IT India Pvt Ltd.,222,0
CSC e-Governance Services India Limited,Network for Information & Computer,211,0
CSC e-Governance Services India Limited,SPANCO,1725,0
CSC e-Governance Services India Limited,SRR Infotech,107,0
CSC e-Governance Services India Limited,Sahaj e-Village Limited,3442,0
CSC e-Governance Services India Limited,Tera Software Ltd,100,0
CSC e-Governance Services India Limited,United Telecoms e-Services Pvt Ltd,1110,0
CSC e-Governance Services India Limited,VIKALP MULTIMEDIA,592,0
CSC e-Governance Services India Limited,Vakrangee Softwares Limited,2,0
CSC e-Governance Services India Limited,Vayam technologies Ltd,2034,0
CSC e-Governance Services India Limited,Vedavaag Systems Limited,2954,0
CSC e-Governance Services India Limited,Zephyr System Pvt.Ltd.,3506,0
Canara Bank,FINANCIAL INFORMATION NETWORK,10383,0
Canara Bank,Karvy Data Management Services,5276,0
Canara Bank,Ojus Healthcare Private Limited,56,0
Canara Bank,Osiris Infotech Pvt. Ltd.,522,0
Canara Bank,Smart Chip Limited,8315,0
Canara Bank,Virinchi Technologies Ltd,267,0
Central Bank of India,CALANCE SOFTWARE PRIVATE LTD,1,0
Central Bank of India,IAP COMPANY Pvt. Ltd,51,0
Central Bank of India,IL&FS LTD,1,0
DENA BANK,APEX Services,810,0
DENA BANK,ATISHAY INFOTECH PVT. LTD.,3091,0
DENA BANK,AVVAS INFOTECH PVT  LTD,5604,0
DENA BANK,Asha Security Guard Services,1826,0
DENA BANK,BNR UDYOG LIMITED,35,0
DENA BANK,Binary Systems,358,0
DENA BANK,Bloom Solutions Pvt Ltd,17968,0
DENA BANK,Blue Circle Instrument,762,0
DENA BANK,Business Information Processing Services,670,0
DENA BANK,CALANCE SOFTWARE PRIVATE LTD,796,0
DENA BANK,DATASOFT COMPUTER SERVICES(P),2152,0
DENA BANK,DEVASHISH SECURITIES PVT. LTD.,57,0
DENA BANK,Eagle Software India Pvt. Ltd,6789,0
DENA BANK,FINANCIAL INFORMATION NETWORK,6646,0
DENA BANK,Gem Computers,315,0
DENA BANK,Gujarat Infotech Ltd.,434,0
DENA BANK,IAP COMPANY Pvt. Ltd,18553,0
DENA BANK,India Computer Technology,384,0
DENA BANK,JNET Technologies Pvt.Ltd,189,0
DENA BANK,K W Consulting P Ltd,2955,0
DENA BANK,M/S STAR DATA CENTRE,1427,0
DENA BANK,M/s Gold Square Builders & Promoters Pvt. Ltd.,23153,0
DENA BANK,MARS Telecom Systems Pvt Ltd,54,0
DENA BANK,MEGHA VINCOM PVT LTD,21855,0
DENA BANK,MKS Enterprises,3564,0
DENA BANK,Make India Smart Private Limited,1466,0
DENA BANK,Multiwave Innovation,2025,0
DENA BANK,NVR & ASSOCIATES LIMITED,2524,0
DENA BANK,Netlink software Pvt Ltd,4842,0
DENA BANK,Nielsen  India  Private Limited,23254,0
DENA BANK,Offshoot Agency Pvt. Ltd.,2485,0
DENA BANK,Ortem Securities Limited,903,0
DENA BANK,Prodigy Systems and Services Private Limited,33,0
DENA BANK,Radiant Haroti Industries India Ltd,1977,0
DENA BANK,SGS INDIA PVT LTD,3125,0
DENA BANK,Silver Touch Technologies Ltd,198,0
DENA BANK,Sixth Dimension Project Solutions Ltd,65,0
DENA BANK,Soc for Advancement of Environ Science,648,0
DENA BANK,SoftAge Information Technology Limited,362,0
DENA BANK,Super Printers,3515,0
DENA BANK,Systematic & Advance Const P L,322,0
DENA BANK,TechSmart India Pvt Ltd,2080,0
DENA BANK,Tera Software Ltd,5569,0
DENA BANK,The NSIC ltd,435,0
DENA BANK,Transline Technologies P Ltd,4972,0
DENA BANK,Utility Forms Pvt Ltd,1715,0
DENA BANK,VAP INFOSOLUTIONS,4607,0
DENA BANK,VISION COMPTECH INTEGRATOR LTD,5078,0
DENA BANK,Vedavaag Systems Limited,9081,0
DENA BANK,WEBEL,13850,0
DENA BANK,Wipro Ltd,5081,0
DENA BANK,Zephyr System Pvt.Ltd.,6304,0
Delhi - East DC,DATASOFT COMPUTER SERVICES(P),3,0
Delhi - NE DC,Alankit Assignments Limited,3,0
Delhi - North DC,CALANCE SOFTWARE PRIVATE LTD,43,0
Delhi - North DC,NVR & ASSOCIATES LIMITED,2,0
Delhi SW DC,STRATEGIC OUTSOURCING SERVICE,2,0
Delhi-NW DC,Karvy Computershare Private Li,1,0
Department of Information Technology Govt of Jharkhand,Systematic & Advance Const P L,1,0
Department of Information Technology Govt of Jharkhand,Wipro Ltd,147,0
Dept of ITC Govt of Rajasthan,ATISHAY INFOTECH PVT. LTD.,6,0
Dept of ITC Govt of Rajasthan,AVVAS INFOTECH PVT  LTD,1014,0
Dept of ITC Govt of Rajasthan,Business Information Processing Services,1,0
Dept of ITC Govt of Rajasthan,DATASOFT COMPUTER SERVICES(P),39,0
Dept of ITC Govt of Rajasthan,Netlink software Pvt Ltd,2,0
Dept of ITC Govt of Rajasthan,TechSmart India Pvt Ltd,9,0
Dept of ITC Govt of Rajasthan,Transline Technologies P Ltd,309,0
Dept of ITC Govt of Rajasthan,Vakrangee Softwares Limited,281,0
Dept of ITC Govt of Rajasthan,Vayam technologies Ltd,2,0
FCR Govt of Haryana,4G INFORMATICS,1,0
FCR Govt of Haryana,Academy of Management Studies,242,0
FCR Govt of Haryana,Radiant Info Systems Ltd,374,0
FCR Govt of Haryana,SoftAge Information Technology Limited,878,0
FCR Govt of Haryana,Vakrangee Softwares Limited,5,0
FCR Govt of Haryana,Vayam technologies Ltd,1126,0
FCS Govt of Punjab,Alankit Assignments Limited,3,0
FCS Govt of Punjab,Alankit Finsec Ltd,4,0
FCS Govt of Punjab,CSS TECHNERGY LIMITED,5,0
FCS Govt of Punjab,Delhi Integrated MMTS Ltd,3,0
FCS Govt of Punjab,District Sukhmani Society  Jalandhar  Punjab,40,0
FCS Govt of Punjab,District Sukhmani Society  Ludhiana  Punjab,96,0
FCS Govt of Punjab,District Sukhmani Society  Moga  Punjab,30,0
FCS Govt of Punjab,District Sukhmani Society Amritsar Punjab,53,0
FCS Govt of Punjab,District Sukhmani Society Barnala Punjab,60,0
FCS Govt of Punjab,District Sukhmani Society Bathinda Punjab,47,0
FCS Govt of Punjab,District Sukhmani Society Fatehgarh Sahib Punjab,98,0
FCS Govt of Punjab,District Sukhmani Society Fazilka Punjab,16,0
FCS Govt of Punjab,District Sukhmani Society Ferozepur Punjab,12,0
FCS Govt of Punjab,District Sukhmani Society For Citizen Services Mansa Punjab,53,0
FCS Govt of Punjab,District Sukhmani Society For Citizen Services Nawanshahr Punjab,40,0
FCS Govt of Punjab,District Sukhmani Society For Citizen Services SAS Nagar District e-Governance Society Punjab,142,0
FCS Govt of Punjab,District Sukhmani Society Pathankot Punjab,6,0
FCS Govt of Punjab,District Sukhmani Society Patiala Punjab,42,0
FCS Govt of Punjab,District Sukhmani Society Rupnagar Punjab,15,0
FCS Govt of Punjab,District Sukhmani Society Sangrur Punjab,22,0
FCS Govt of Punjab,District Sukhmani Society Sri Muktsar Sahib Punjab,159,0
FCS Govt of Punjab,District Sukhmani Society Tarn Taran Punjab,32,0
FCS Govt of Punjab,Diwakar Commercials Pvt Ltd,5,0
FCS Govt of Punjab,Karvy Computershare Private Li,352,0
FCS Govt of Punjab,Sukhmani Society For Citizen Services  Kapurthala  Punjab,15,0
FCS Govt of Punjab,Sukhmani Society For Citizen Services Gurdaspur Punjab,7,0
FCS Govt of Punjab,Sukhmani Society For Citizens Services Faridkot Punjab,24,0
FCS Govt of Punjab,Suwidha Society Hoshiarpur Punjab,34,0
FCS Govt of Punjab,VIRGO SOFTECH LIMITED,2,0
FCS Govt of Punjab,Vayam technologies Ltd,64,0
FCS Govt of Punjab,eCentric solutions pvt ltd,266,0
Govt of Andhra Pradesh,Gouthami Educational Society,9,0
Govt of Andhra Pradesh,GrapeSoft,29,0
Govt of Andhra Pradesh,IL&FS LTD,1,0
Govt of Andhra Pradesh,INFRONICS SYSTEMS LTD,1,0
Govt of Andhra Pradesh,Madras Security Printers Ltd,8,0
Govt of Andhra Pradesh,TechSmart India Pvt Ltd,1,0
Govt of Andhra Pradesh,Tera Software Ltd,1,0
Govt of Andhra Pradesh,eCentric solutions pvt ltd,6,0
Govt of Goa,MARS Telecom Systems Pvt Ltd,8,0
Govt of Gujarat,GSS Infotech Ltd,18,0
Govt of Gujarat,Karvy Computershare Private Li,1420,0
Govt of Gujarat,Silver Touch Technologies Ltd,622,0
Govt of Gujarat,Tera Software Ltd,2116,0
Govt of Gujarat,Transline Technologies P Ltd,1670,0
Govt of Gujarat,Vayam technologies Ltd,276,0
Govt of Gujarat,eCentric solutions pvt ltd,205,0
Govt of Himachal Pradesh,Wipro Ltd,3,0
Govt of Himachal Pradesh,i-Grandee SoftwareTechnologies,3,0
Govt of Karnataka ,Bloom Solutions Pvt Ltd,1,0
Govt of Karnataka ,COMAT TECHNOLOGIES P LTD,11,0
Govt of Karnataka ,GLODYNE TECHNOSERVE,1,0
Govt of Karnataka ,Integra Micro Systems Pvt.ltd,4,0
Govt of Karnataka ,Ninestars Information Technologies Ltd,5,0
Govt of Karnataka ,Om Softwares,1,0
Govt of Karnataka ,Origin ITFS Pvt Ltd,10,0
Govt of Karnataka ,SREEVEN INFOCOM LIMITED,35,0
Govt of Kerala,Akshaya,2843,0
Govt of Kerala,Keltron,1,0
Govt of Maharashtra,Alankit Finsec Ltd,1,0
Govt of Maharashtra,Bharat Technical Solutions Private Limited,19,0
Govt of Maharashtra,Eagle press pvt ltd,20,0
Govt of Maharashtra,Global Finsol Private Limited,3,0
Govt of Maharashtra,Karvy Computershare Private Li,8,0
Govt of Maharashtra,M/s. Vidya Online  Pune,7,0
Govt of Maharashtra,Netlink software Pvt Ltd,192,0
Govt of Maharashtra,SETU MAHARASHTRA,79,0
Govt of Maharashtra,SHREERAM PRINTING PRESS,1,0
Govt of Maharashtra,SILVER JUBILEE MOTORS LTD.,11,0
Govt of Maharashtra,SPANCO,11,0
Govt of Maharashtra,STRATEGIC OUTSOURCING SERVICE,18,0
Govt of Maharashtra,Silver Touch Technologies Ltd,15,0
Govt of Maharashtra,TechSmart India Pvt Ltd,1,0
Govt of Maharashtra,Transline Technologies P Ltd,19,0
Govt of Maharashtra,Vidarbha Infotech Pvt Ltd,23,0
Govt of Maharashtra,Wipro Ltd,12,0
Govt of Sikkim - Dept of Econo,Department of Economics Statistics  Monitoring and Evaluation DESME,27,0
IDBI Bank ltd,ATISHAY INFOTECH PVT. LTD.,215,0
IDBI Bank ltd,Matrix Processing House,705,0
IDBI Bank ltd,SREEVEN INFOCOM LIMITED,127,0
IDBI Bank ltd,UTI TECHNOLOGY SERVICES LIMITE,1,0
Indian Bank,Redim Software Technologies Pvt Ltd,11,0
Indiapost,4G IDENTITY SOLUTIONS,1,0
Indiapost,Delhi Integrated MMTS Ltd,7,0
Indiapost,Global Finsol Private Limited,1,0
Indiapost,MARS Telecom Systems Pvt Ltd,2,0
Indiapost,Vayam technologies Ltd,3,0
Information Technology & Communication Department,4G INFORMATICS,6,0
Information Technology & Communication Department,Bloom Solutions Pvt Ltd,2,0
Information Technology & Communication Department,CSS TECHNERGY LIMITED,3,0
Information Technology & Communication Department,Directorate of ESD,29952,0
Information Technology & Communication Department,GDC Advertising Pvt. Limited,2,0
Information Technology & Communication Department,JYOTHI COMPUTER SERVICES,101,0
Information Technology & Communication Department,MARS Telecom Systems Pvt Ltd,50,0
Jharkhand,MKS Enterprises,1,0
Jharkhand,STRATEGIC OUTSOURCING SERVICE,7,0
Jharkhand,Systematic & Advance Const P L,4,0
Jharkhand,VISION COMPTECH INTEGRATOR LTD,3,0
Jharkhand,Wipro Ltd,131,0
Life Insurance Corporation,eCentric solutions pvt ltd,1,0
Mission Convergence - GNCT Del,Karvy Computershare Private Li,12,0
NSDL e-Governance Infrastructure Limited,Abhipra Capital Ltd,860,0
NSDL e-Governance Infrastructure Limited,Alankit Assignments Limited,37,0
NSDL e-Governance Infrastructure Limited,Alankit Finsec Ltd,7603,0
NSDL e-Governance Infrastructure Limited,Global Finsol Private Limited,1,0
NSDL e-Governance Infrastructure Limited,Gujarat Infotech Ltd.,8308,0
NSDL e-Governance Infrastructure Limited,Karvy Data Management Services,59871,0
NSDL e-Governance Infrastructure Limited,N.K. Sharma Enterprises Ltd.,603,0
NSDL e-Governance Infrastructure Limited,Netlink software Pvt Ltd,397,0
NSDL e-Governance Infrastructure Limited,Offshoot Agency Pvt. Ltd.,950,0
NSDL e-Governance Infrastructure Limited,PROWIZ MANSYTEMS PVT LTD,12,0
NSDL e-Governance Infrastructure Limited,Promind Solutions P Limited,9489,0
NSDL e-Governance Infrastructure Limited,RELIGARE SECURITIES LTD,1573,0
NSDL e-Governance Infrastructure Limited,Radiant Haroti Industries India Ltd,3039,0
NSDL e-Governance Infrastructure Limited,Sri Ramraja Sarkar Lok Kalyan Trust,5819,0
NSDL e-Governance Infrastructure Limited,Utility Forms Pvt Ltd,2081,0
NSDL e-Governance Infrastructure Limited,VIRGO SOFTECH LIMITED,3,0
Oriental Bank of Commerce,DATASOFT COMPUTER SERVICES(P),112,0
Oriental Bank of Commerce,Euro Finmart Ltd,1,0
Oriental Bank of Commerce,JNET Technologies Pvt.Ltd,25,0
Oriental Bank of Commerce,Sri Ramraja Sarkar Lok Kalyan Trust,298,0
Oriental Bank of Commerce,Wipro Ltd,4,0
Principal Revenue Commissioner  Dept of Revenue  Govt of MP,Frontech Systems Pvt Ltd,104,0
Principal Revenue Commissioner  Dept of Revenue  Govt of MP,K W Consulting P Ltd,129,0
Principal Revenue Commissioner  Dept of Revenue  Govt of MP,LYRA  CONSULTANCY SERVICE,6,0
Principal Revenue Commissioner  Dept of Revenue  Govt of MP,Netlink software Pvt Ltd,2,0
Principal Revenue Commissioner  Dept of Revenue  Govt of MP,OSWAL COMPUTERS & CONSULTANTS,5,0
Principal Revenue Commissioner  Dept of Revenue  Govt of MP,Tera Software Ltd,23,0
Principal Revenue Commissioner  Dept of Revenue  Govt of MP,Vedavaag Systems Limited,376,0
Punjab and Sind Bank,Matrix Processing House,853,0
RDD Govt of Tripura,Alankit Assignments Limited,22,0
Registrar General India - BEL,Manipur Electronics Dev Corp,13,0
Registrar General India BEL2,Alankit Assignments Limited,3,0
Registrar General India BEL2,Bharat Electronics Limited,38,0
Registrar General India BEL2,Chinar Construction Company Prime agency,241,0
Registrar General India BEL2,Computer LAB,24,0
Registrar General India BEL2,Emdee Digitronics Pvt.Ltd.,236,0
Registrar General India BEL2,In Media Computer Services LLP,1,0
Registrar General India BEL2,India Computer Technology,365,0
Registrar General India BEL2,MACRO INFOTECH PVT LTD,101,0
Registrar General India BEL2,MKS Enterprises,1,0
Registrar General India BEL2,Madras Security Printers Ltd,7868,0
Registrar General India BEL2,Manipur Electronics Dev Corp,146,0
Registrar General India BEL2,Multiwave Innovation,17,0
Registrar General India BEL2,NVR & ASSOCIATES LIMITED,23,0
Registrar General India BEL2,Netlink software Pvt Ltd,25,0
Registrar General India BEL2,Nevaeh Technology Pvt. Ltd.,16,0
Registrar General India BEL2,Nielsen  India  Private Limited,172,0
Registrar General India BEL2,Om Softwares,251,0
Registrar General India BEL2,SREI INFRASTRUCTURE FINANCES L,155,0
Registrar General India BEL2,STRATEGIC OUTSOURCING SERVICE,1,0
Registrar General India BEL2,Satyanarayana Raju Company Pvt ltd,1060,0
Registrar General India BEL2,Swathy Smartcards Hi-Tech Pvt,1141,0
Registrar General India BEL2,Tera Software Ltd,105,0
Registrar General India BEL2,UNITED DATA SERVICES PRIVATE LIMITED,56,0
Registrar General India BEL2,VIRGO SOFTECH LIMITED,4,0
Registrar General India BEL2,Vedavaag Systems Limited,689,0
Registrar General India BEL2,Viesa Technologies,894,0
Registrar General India ECIL,AVVAS INFOTECH PVT  LTD,3,0
Registrar General India ECIL,COMTECH INSTITUTE OFTECHNOLOGY,1,0
Registrar General India ECIL,COMTECHINFO SOLUTIONS PVT.LTD,10859,0
Registrar General India ECIL,Chinar Construction Company Prime agency,1547,0
Registrar General India ECIL,Computer LAB,10347,0
Registrar General India ECIL,Eagle Software India Pvt. Ltd,26771,0
Registrar General India ECIL,Esoft Consulting Limited,268,0
Registrar General India ECIL,In Media Computer Services LLP,169,0
Registrar General India ECIL,India Computer Technology,21,0
Registrar General India ECIL,Integrated Systems & Services,340,0
Registrar General India ECIL,Karvy Data Management Services,13397,0
Registrar General India ECIL,Krishna Infotech,5,0
Registrar General India ECIL,LYRA  CONSULTANCY SERVICE,360,0
Registrar General India ECIL,Madras Security Printers Ltd,24630,0
Registrar General India ECIL,Nielsen  India  Private Limited,3,0
Registrar General India ECIL,SARADA SYSTEMS,2,0
Registrar General India ECIL,SWISSTECH NPR 57CR PROJECT PVT,2,0
Registrar General India ECIL,Tera Software Ltd,12096,0
Registrar General India ECIL,Vedavaag Systems Limited,8,0
Registrar General India Others,COMTECHINFO SOLUTIONS PVT.LTD,18,0
Registrar General India Others,In Media Computer Services LLP,7,0
Registrar General India Others,Quick Data IT Services Pvt Ltd,2,0
Registrar General of India ITI,Eagle Software India Pvt. Ltd,1094,0
Registrar General of India ITI,Emdee Digitronics Pvt.Ltd.,16905,0
Registrar General of India ITI,In Media Computer Services LLP,77,0
Registrar General of India ITI,Karvy Data Management Services,211,0
Registrar General of India ITI,Madras Security Printers Ltd,924,0
Registrar General of India ITI,Multiwave Innovation,1,0
Registrar General of India ITI,Nielsen  India  Private Limited,212,0
Registrar General of India ITI,Quick Data IT Services Pvt Ltd,106,0
Registrar General of India ITI,STRATEGIC OUTSOURCING SERVICE,115,0
Registrar General of India ITI,Satyanarayana Raju Company Pvt ltd,72,0
Registrar General of India ITI,Swathy Smartcards Hi-Tech Pvt,13,0
Registrar General of India ITI,VIRGO SOFTECH LIMITED,1364,0
Registrar General of India ITI,WEBEL TECHNOLOGY LIMITED,32165,0
Registrar General of India ITI,Webx Technologies Private Limited,122,0
State Bank of Bikaner & Jaipur,Multiwave Innovation,1,0
State Bank of India,Delhi Integrated MMTS Ltd,3,0
State Bank of India,VIRGO SOFTECH LIMITED,4,0
UIDAI-Registrar,UIDAI-EA,10,0
UT of Puducherry,Madras Security Printers Ltd,2,0
Union Bank,FINANCIAL INFORMATION NETWORK,7536,0
Union Bank,Smart Chip Limited,4353,0
Union Bank,Vakrangee Softwares Limited,862,0
