Registrar,Enrolment Agency,Aadhaar generated,Enrolment Rejected
Allahabad Bank,Vakrangee Softwares Limited,3,8
Bank Of India,A3 Logics  India  Ltd,1790,97
Bank Of India,Akanksha International,2,2
Bank Of India,Blue Circle Instrument,195,34
Bank Of India,CHESSY CONSULTANTS PVT LTD,0,2
Bank Of India,DATASOFT COMPUTER SERVICES(P),7259,263
Bank Of India,Emdee Digitronics Pvt.Ltd.,2036,81
Bank Of India,Frontech Systems Pvt Ltd,361,9
Bank Of India,Matrix Processing House,1,35
Bank Of India,OSWAL COMPUTERS & CONSULTANTS,855,115
Bank Of India,PROTEX COMPUTER PVT LTD,1237,18
Bank Of India,SARADA SYSTEMS,5594,151
Bank Of India,SHRIKRISHNA KHANDASARI SUGAR M,304,20
Bank Of India,SPANCO,1,7
Bank Of India,SREI INFRASTRUCTURE FINANCES L,13720,558
Bank Of India,Silver Touch Technologies Ltd,0,4
Bank Of India,Systematic & Advance Const P L,521,83
Bank Of India,VEETECHNOLOGIES PVT. LTD,129,276
Bank Of India,Vakrangee Softwares Limited,0,162
Bank of Baroda,DATASOFT COMPUTER SERVICES(P),0,15
Bank of Baroda,Global Finsol Private Limited,0,8
Bank of Baroda,IL&FS LTD,0,1
Bank of Maharashtra,FINANCIAL INFORMATION NETWORK,257,47
Bank of Maharashtra,Micro Technologies India Ltd,0,2
Bank of Maharashtra,Tera Software Ltd,543,51
CSC e-Governance Services India Limited,A I Soc for Electronics and Comp Tech,6145,384
CSC e-Governance Services India Limited,AKSH OPTIFIBRE LIMITED,5714,369
CSC e-Governance Services India Limited,BASIX,4461,719
CSC e-Governance Services India Limited,CALANCE SOFTWARE PRIVATE LTD,29,12
CSC e-Governance Services India Limited,CHIPS,9,7
CSC e-Governance Services India Limited,CMS Computers Ltd,10700,640
CSC e-Governance Services India Limited,CSC e-Governance Services India Limited,300,33
CSC e-Governance Services India Limited,Conatus Infocom Pvt. Ltd,244,61
CSC e-Governance Services India Limited,Intelligent Communication Sys India Ltd,83,24
CSC e-Governance Services India Limited,MANTRA SOFTTECH (INDIA) PVTLTD,3398,75
CSC e-Governance Services India Limited,Mahaonline Limited,646,56
CSC e-Governance Services India Limited,Nekton IT India Pvt Ltd.,802,77
CSC e-Governance Services India Limited,Network for Information & Computer,1626,44
CSC e-Governance Services India Limited,SPANCO,2324,176
CSC e-Governance Services India Limited,SRR Infotech,223,33
CSC e-Governance Services India Limited,Sahaj e-Village Limited,4769,210
CSC e-Governance Services India Limited,Tera Software Ltd,190,6
CSC e-Governance Services India Limited,United Telecoms e-Services Pvt Ltd,2710,568
CSC e-Governance Services India Limited,VIKALP MULTIMEDIA,1401,151
CSC e-Governance Services India Limited,Vakrangee Softwares Limited,360,10
CSC e-Governance Services India Limited,Vayam technologies Ltd,5162,160
CSC e-Governance Services India Limited,Vedavaag Systems Limited,3563,221
CSC e-Governance Services India Limited,Zephyr System Pvt.Ltd.,5173,273
Canara Bank,FINANCIAL INFORMATION NETWORK,9688,329
Canara Bank,Karvy Data Management Services,13055,501
Canara Bank,Ojus Healthcare Private Limited,35,3
Canara Bank,Osiris Infotech Pvt. Ltd.,1,11
Canara Bank,Smart Chip Limited,2491,387
Canara Bank,Virinchi Technologies Ltd,2,0
Central Bank of India,CALANCE SOFTWARE PRIVATE LTD,55,37
Central Bank of India,IAP COMPANY Pvt. Ltd,170,28
Central Bank of India,IL&FS LTD,0,6
Central Bank of India,The Peerless General Finance,0,4
DENA BANK,A-Onerealtors Pvt Ltd,40,0
DENA BANK,APEX Services,400,17
DENA BANK,ATISHAY INFOTECH PVT. LTD.,2816,138
DENA BANK,AVVAS INFOTECH PVT  LTD,7565,196
DENA BANK,Asha Security Guard Services,3397,126
DENA BANK,BNR UDYOG LIMITED,1,1
DENA BANK,Binary Systems,2327,20
DENA BANK,Bloom Solutions Pvt Ltd,22919,998
DENA BANK,Blue Circle Instrument,3575,82
DENA BANK,Business Information Processing Services,3012,81
DENA BANK,CALANCE SOFTWARE PRIVATE LTD,3308,169
DENA BANK,DATASOFT COMPUTER SERVICES(P),4686,86
DENA BANK,DEVASHISH SECURITIES PVT. LTD.,120,0
DENA BANK,Eagle Software India Pvt. Ltd,11320,222
DENA BANK,FINANCIAL INFORMATION NETWORK,11271,250
DENA BANK,Gem Computers,2488,124
DENA BANK,Gujarat Infotech Ltd.,217,6
DENA BANK,IAP COMPANY Pvt. Ltd,18449,650
DENA BANK,India Computer Technology,1491,43
DENA BANK,JNET Technologies Pvt.Ltd,33,3
DENA BANK,K W Consulting P Ltd,2237,226
DENA BANK,M/S STAR DATA CENTRE,1938,18
DENA BANK,M/s Gold Square Builders & Promoters Pvt. Ltd.,5082,223
DENA BANK,MARS Telecom Systems Pvt Ltd,3652,23
DENA BANK,MEGHA VINCOM PVT LTD,10779,200
DENA BANK,MKS Enterprises,5079,84
DENA BANK,Make India Smart Private Limited,2161,43
DENA BANK,Multiwave Innovation,8065,187
DENA BANK,NVR & ASSOCIATES LIMITED,4588,211
DENA BANK,Narayana Electricals Solution Pvt Ltd,0,3
DENA BANK,Netlink software Pvt Ltd,5764,271
DENA BANK,Nielsen  India  Private Limited,28365,1665
DENA BANK,Offshoot Agency Pvt. Ltd.,3128,106
DENA BANK,Ortem Securities Limited,2769,81
DENA BANK,Prodigy Systems and Services Private Limited,29,0
DENA BANK,Radiant Haroti Industries India Ltd,6623,248
DENA BANK,SGS INDIA PVT LTD,9422,69
DENA BANK,Silver Touch Technologies Ltd,489,15
DENA BANK,Sixth Dimension Project Solutions Ltd,36,38
DENA BANK,Soc for Advancement of Environ Science,268,28
DENA BANK,SoftAge Information Technology Limited,91,1
DENA BANK,Super Printers,6105,116
DENA BANK,Systematic & Advance Const P L,347,2
DENA BANK,TechSmart India Pvt Ltd,6303,211
DENA BANK,Tera Software Ltd,8956,299
DENA BANK,Transline Technologies P Ltd,6044,191
DENA BANK,Utility Forms Pvt Ltd,1707,28
DENA BANK,VAP INFOSOLUTIONS,7046,352
DENA BANK,VISION COMPTECH INTEGRATOR LTD,4980,97
DENA BANK,Vedavaag Systems Limited,9032,587
DENA BANK,Virinchi Technologies Ltd,1470,22
DENA BANK,WEBEL,20835,1116
DENA BANK,Wipro Ltd,4425,181
DENA BANK,Zephyr System Pvt.Ltd.,8867,441
Delhi - Central DC,Smart Chip Limited,0,33
Delhi - East DC,DATASOFT COMPUTER SERVICES(P),0,232
Delhi - East DC,Tera Software Ltd,0,5
Delhi - ND DC,Smart Chip Limited,0,10
Delhi - NE DC,Smart Chip Limited,2,43
Delhi - NE DC,Smart ID,0,2
Delhi - North DC,CALANCE SOFTWARE PRIVATE LTD,37,29
Delhi - North DC,DATASOFT COMPUTER SERVICES(P),0,4
Delhi - North DC,NVR & ASSOCIATES LIMITED,2,216
Delhi - North DC,Smart Chip Limited,0,4
Delhi SW DC,VIRGO SOFTECH LIMITED,0,6
Delhi Urban Shelter Improvemen,Tera Software Ltd,0,5
Delhi- South DC,Karvy Computershare Private Li,0,1
Delhi- South DC,Smart Chip Limited,0,1
Delhi- South DC,Tera Software Ltd,0,1
Delhi- South DC,eCentric solutions pvt ltd,0,4
Delhi- West DC,Matrix Processing House,0,2
Delhi- West DC,Smart Chip Limited,0,2
Delhi- West DC,VIRGO SOFTECH LIMITED,0,3
Delhi-NW DC,Karvy Computershare Private Li,0,2
Department of Information Technology Govt of Jharkhand,Blue Circle Instrument,2,7
Department of Information Technology Govt of Jharkhand,MKS Enterprises,1,4
Department of Information Technology Govt of Jharkhand,Systematic & Advance Const P L,1,0
Department of Information Technology Govt of Jharkhand,Wipro Ltd,617,72
Dept of ITC Govt of Rajasthan,AKSH OPTIFIBRE LIMITED,58,3
Dept of ITC Govt of Rajasthan,ATISHAY INFOTECH PVT. LTD.,1128,80
Dept of ITC Govt of Rajasthan,AVVAS INFOTECH PVT  LTD,42,8
Dept of ITC Govt of Rajasthan,Alankit Finsec Ltd,1,1
Dept of ITC Govt of Rajasthan,Binary Systems,352,182
Dept of ITC Govt of Rajasthan,Business Information Processing Services,1526,93
Dept of ITC Govt of Rajasthan,COMTECH INSTITUTE OFTECHNOLOGY,80,21
Dept of ITC Govt of Rajasthan,DATASOFT COMPUTER SERVICES(P),1156,51
Dept of ITC Govt of Rajasthan,FINANCIAL INFORMATION NETWORK,665,101
Dept of ITC Govt of Rajasthan,Gem Computers,489,59
Dept of ITC Govt of Rajasthan,Gujarat Infotech Ltd.,121,39
Dept of ITC Govt of Rajasthan,IAP COMPANY Pvt. Ltd,334,40
Dept of ITC Govt of Rajasthan,MEGHA VINCOM PVT LTD,690,17
Dept of ITC Govt of Rajasthan,Matrix Processing House,213,100
Dept of ITC Govt of Rajasthan,Multiwave Innovation,1149,56
Dept of ITC Govt of Rajasthan,Netlink software Pvt Ltd,2,2
Dept of ITC Govt of Rajasthan,Osiris Infotech Pvt. Ltd.,117,15
Dept of ITC Govt of Rajasthan,Radiant Haroti Industries India Ltd,1433,37
Dept of ITC Govt of Rajasthan,Radiant Info Systems Ltd,22,2
Dept of ITC Govt of Rajasthan,SAR Technology,242,44
Dept of ITC Govt of Rajasthan,TechSmart India Pvt Ltd,114,30
Dept of ITC Govt of Rajasthan,Transline Technologies P Ltd,66,17
Dept of ITC Govt of Rajasthan,UMC Technologies Pvt. Ltd,52,21
Dept of ITC Govt of Rajasthan,Vakrangee Softwares Limited,317,26
Dept of ITC Govt of Rajasthan,Vayam technologies Ltd,102,1
FCR Govt of Haryana,4G INFORMATICS,6,2
FCR Govt of Haryana,Academy of Management Studies,21,54
FCR Govt of Haryana,Radiant Info Systems Ltd,294,44
FCR Govt of Haryana,SoftAge Information Technology Limited,1883,177
FCR Govt of Haryana,Vakrangee Softwares Limited,2,7
FCR Govt of Haryana,Vayam technologies Ltd,1460,334
FCS Govt of Punjab,Alankit Assignments Limited,0,1
FCS Govt of Punjab,CSS TECHNERGY LIMITED,1,8
FCS Govt of Punjab,Delhi Integrated MMTS Ltd,0,2
FCS Govt of Punjab,District Sukhmani Society  Jalandhar  Punjab,25,0
FCS Govt of Punjab,District Sukhmani Society  Ludhiana  Punjab,169,26
FCS Govt of Punjab,District Sukhmani Society  Moga  Punjab,6,2
FCS Govt of Punjab,District Sukhmani Society Amritsar Punjab,22,28
FCS Govt of Punjab,District Sukhmani Society Barnala Punjab,81,11
FCS Govt of Punjab,District Sukhmani Society Bathinda Punjab,27,12
FCS Govt of Punjab,District Sukhmani Society Fatehgarh Sahib Punjab,35,1
FCS Govt of Punjab,District Sukhmani Society Fazilka Punjab,57,5
FCS Govt of Punjab,District Sukhmani Society Ferozepur Punjab,75,29
FCS Govt of Punjab,District Sukhmani Society For Citizen Services Nawanshahr Punjab,49,14
FCS Govt of Punjab,District Sukhmani Society For Citizen Services SAS Nagar District e-Governance Society Punjab,54,12
FCS Govt of Punjab,District Sukhmani Society Pathankot Punjab,6,1
FCS Govt of Punjab,District Sukhmani Society Patiala Punjab,130,10
FCS Govt of Punjab,District Sukhmani Society Rupnagar Punjab,12,1
FCS Govt of Punjab,District Sukhmani Society Sangrur Punjab,35,13
FCS Govt of Punjab,District Sukhmani Society Sri Muktsar Sahib Punjab,36,5
FCS Govt of Punjab,District Sukhmani Society Tarn Taran Punjab,44,7
FCS Govt of Punjab,Diwakar Commercials Pvt Ltd,0,3
FCS Govt of Punjab,Karvy Computershare Private Li,371,109
FCS Govt of Punjab,Sukhmani Society For Citizen Services  Kapurthala  Punjab,10,0
FCS Govt of Punjab,Sukhmani Society For Citizen Services Gurdaspur Punjab,1,0
FCS Govt of Punjab,Sukhmani Society For Citizens Services Faridkot Punjab,52,5
FCS Govt of Punjab,Suwidha Society Hoshiarpur Punjab,28,5
FCS Govt of Punjab,VIRGO SOFTECH LIMITED,1,0
FCS Govt of Punjab,Vayam technologies Ltd,141,239
FCS Govt of Punjab,eCentric solutions pvt ltd,768,62
Govt of Andhra Pradesh,Gouthami Educational Society,137,2
Govt of Andhra Pradesh,GrapeSoft,173,8
Govt of Andhra Pradesh,INFRONICS SYSTEMS LTD,43,4
Govt of Andhra Pradesh,TechSmart India Pvt Ltd,7,2
Govt of Andhra Pradesh,Tera Software Ltd,2,1
Govt of Gujarat,GSS Infotech Ltd,20,0
Govt of Gujarat,Karvy Computershare Private Li,3136,135
Govt of Gujarat,Silver Touch Technologies Ltd,1004,28
Govt of Gujarat,Tera Software Ltd,3943,123
Govt of Gujarat,Transline Technologies P Ltd,3585,47
Govt of Gujarat,Vayam technologies Ltd,163,14
Govt of Gujarat,eCentric solutions pvt ltd,97,4
Govt of Himachal Pradesh,Wipro Ltd,1,7
Govt of Himachal Pradesh,i-Grandee SoftwareTechnologies,1,33
Govt of Karnataka ,BNR UDYOG LIMITED,21,13
Govt of Karnataka ,Bloom Solutions Pvt Ltd,0,4
Govt of Karnataka ,MARS Telecom Systems Pvt Ltd,3,6
Govt of Karnataka ,Ninestars Information Technologies Ltd,2,10
Govt of Karnataka ,Origin ITFS Pvt Ltd,14,10
Govt of Karnataka ,SREEVEN INFOCOM LIMITED,5,30
Govt of Kerala,Akshaya,2046,238
Govt of Kerala,Keltron,2,12
Govt of Madhya Pradesh,VIRGO SOFTECH LIMITED,0,52
Govt of Maharashtra,Bharat Technical Solutions Private Limited,19,1
Govt of Maharashtra,Eagle press pvt ltd,8,1
Govt of Maharashtra,Karvy Computershare Private Li,0,5
Govt of Maharashtra,M/S King Computer System pvt Ltd,154,4
Govt of Maharashtra,M/s. Vidya Online  Pune,3,0
Govt of Maharashtra,Mahaonline Limited,0,1
Govt of Maharashtra,Netlink software Pvt Ltd,31,86
Govt of Maharashtra,Rudranee Infotech Ltd,0,2
Govt of Maharashtra,SETU MAHARASHTRA,179,10
Govt of Maharashtra,SHREERAM PRINTING PRESS,588,29
Govt of Maharashtra,SILVER JUBILEE MOTORS LTD.,0,5
Govt of Maharashtra,SPANCO,3,0
Govt of Maharashtra,STRATEGIC OUTSOURCING SERVICE,110,21
Govt of Maharashtra,Silver Touch Technologies Ltd,0,2
Govt of Maharashtra,TechSmart India Pvt Ltd,0,4
Govt of Maharashtra,Transline Technologies P Ltd,0,2
Govt of Maharashtra,Vidarbha Infotech Pvt Ltd,9,11
Govt of Maharashtra,Wipro Ltd,1,0
Govt of Sikkim - Dept of Econo,4G IDENTITY SOLUTIONS,0,6
Govt of Sikkim - Dept of Econo,Department of Economics Statistics  Monitoring and Evaluation DESME,212,0
IDBI Bank ltd,ATISHAY INFOTECH PVT. LTD.,46,7
IDBI Bank ltd,Matrix Processing House,326,3
IDBI Bank ltd,SREEVEN INFOCOM LIMITED,24,1
IDBI Bank ltd,UTI TECHNOLOGY SERVICES LIMITE,0,13
Indian Bank,Redim Software Technologies Pvt Ltd,24,1
Indiapost,Delhi Integrated MMTS Ltd,2,30
Indiapost,Global Finsol Private Limited,2,9
Indiapost,IL&FS LTD,0,1
Indiapost,M/S STAR DATA CENTRE,0,1
Indiapost,MARS Telecom Systems Pvt Ltd,4,1
Indiapost,Smart Chip Limited,0,3
Indiapost,Vayam technologies Ltd,181,1
Indiapost,WEBEL,0,32
Information Technology & Communication Department,4G INFORMATICS,11,0
Information Technology & Communication Department,BNR UDYOG LIMITED,0,1
Information Technology & Communication Department,Bloom Solutions Pvt Ltd,2,0
Information Technology & Communication Department,CSS TECHNERGY LIMITED,4,1
Information Technology & Communication Department,Directorate of ESD,22911,6407
Information Technology & Communication Department,GDC Advertising Pvt. Limited,6,0
Information Technology & Communication Department,JYOTHI COMPUTER SERVICES,1,0
Information Technology & Communication Department,MARS Telecom Systems Pvt Ltd,85,9
Information Technology & Communication Department,SREEVEN INFOCOM LIMITED,5,0
Information Technology & Communication Department,Tera Software Ltd,2,0
Jharkhand,Alankit Assignments Limited,0,1
Jharkhand,Blue Circle Instrument,2,0
Jharkhand,MKS Enterprises,0,4
Jharkhand,Nevaeh Technology Pvt. Ltd.,3,1
Jharkhand,Systematic & Advance Const P L,2,6
Jharkhand,Wipro Ltd,85,49
Mission Convergence - GNCT Del,NVR & ASSOCIATES LIMITED,0,25
Mission Convergence - GNCT Del,Tera Software Ltd,0,1
NSDL e-Governance Infrastructure Limited,Abhipra Capital Ltd,1016,121
NSDL e-Governance Infrastructure Limited,Alankit Assignments Limited,13,57
NSDL e-Governance Infrastructure Limited,Alankit Finsec Ltd,13440,519
NSDL e-Governance Infrastructure Limited,Delhi Integrated MMTS Ltd,0,1
NSDL e-Governance Infrastructure Limited,Global Finsol Private Limited,1,0
NSDL e-Governance Infrastructure Limited,Gujarat Infotech Ltd.,10015,326
NSDL e-Governance Infrastructure Limited,IAP COMPANY Pvt. Ltd,355,7
NSDL e-Governance Infrastructure Limited,INTEGRATED REGISTRY SERVICES LTD,0,1
NSDL e-Governance Infrastructure Limited,Karvy Data Management Services,36601,2892
NSDL e-Governance Infrastructure Limited,N.K. Sharma Enterprises Ltd.,1309,21
NSDL e-Governance Infrastructure Limited,Netlink software Pvt Ltd,367,99
NSDL e-Governance Infrastructure Limited,Offshoot Agency Pvt. Ltd.,1223,86
NSDL e-Governance Infrastructure Limited,PROWIZ MANSYTEMS PVT LTD,2,3
NSDL e-Governance Infrastructure Limited,Promind Solutions P Limited,15317,435
NSDL e-Governance Infrastructure Limited,RELIGARE SECURITIES LTD,1656,37
NSDL e-Governance Infrastructure Limited,Radiant Haroti Industries India Ltd,1461,53
NSDL e-Governance Infrastructure Limited,Sri Ramraja Sarkar Lok Kalyan Trust,5933,153
NSDL e-Governance Infrastructure Limited,Utility Forms Pvt Ltd,2468,96
NSDL e-Governance Infrastructure Limited,VIRGO SOFTECH LIMITED,215,20
Oriental Bank of Commerce,DATASOFT COMPUTER SERVICES(P),521,13
Oriental Bank of Commerce,JNET Technologies Pvt.Ltd,15,2
Oriental Bank of Commerce,Sri Ramraja Sarkar Lok Kalyan Trust,285,119
Oriental Bank of Commerce,Wipro Ltd,2,41
Principal Revenue Commissioner  Dept of Revenue  Govt of MP,Frontech Systems Pvt Ltd,0,1
Principal Revenue Commissioner  Dept of Revenue  Govt of MP,GDC Advertising Pvt. Limited,4,3
Principal Revenue Commissioner  Dept of Revenue  Govt of MP,K W Consulting P Ltd,2,1
Principal Revenue Commissioner  Dept of Revenue  Govt of MP,LYRA  CONSULTANCY SERVICE,1,8
Principal Revenue Commissioner  Dept of Revenue  Govt of MP,Netlink software Pvt Ltd,0,2
Principal Revenue Commissioner  Dept of Revenue  Govt of MP,OSWAL COMPUTERS & CONSULTANTS,9,10
Principal Revenue Commissioner  Dept of Revenue  Govt of MP,Tera Software Ltd,37,1
Principal Revenue Commissioner  Dept of Revenue  Govt of MP,Vedavaag Systems Limited,221,33
Punjab and Sind Bank,Matrix Processing House,1784,35
RDD Govt of Tripura,Alankit Assignments Limited,0,1
Registrar General India - BEL,In Media Computer Services LLP,0,1
Registrar General India BEL2,Computer LAB,94,11
Registrar General India BEL2,Emdee Digitronics Pvt.Ltd.,167,1
Registrar General India BEL2,India Computer Technology,7,2
Registrar General India BEL2,Karvy Data Management Services,1889,72
Registrar General India BEL2,MACRO INFOTECH PVT LTD,5,0
Registrar General India BEL2,Madras Security Printers Ltd,3,16
Registrar General India BEL2,Manipur Electronics Dev Corp,25,2
Registrar General India BEL2,Multiwave Innovation,29,17
Registrar General India BEL2,NVR & ASSOCIATES LIMITED,38,3
Registrar General India BEL2,Netlink software Pvt Ltd,7,0
Registrar General India BEL2,Nielsen  India  Private Limited,2,32
Registrar General India BEL2,Om Softwares,154,25
Registrar General India BEL2,SREI INFRASTRUCTURE FINANCES L,579,55
Registrar General India BEL2,STRATEGIC OUTSOURCING SERVICE,0,3
Registrar General India BEL2,Satyanarayana Raju Company Pvt ltd,187,3
Registrar General India BEL2,Swathy Smartcards Hi-Tech Pvt,14,6
Registrar General India BEL2,Swiss Tech India Pvt Ltd,0,189
Registrar General India BEL2,Tera Software Ltd,195,8
Registrar General India BEL2,VIRGO SOFTECH LIMITED,0,1
Registrar General India BEL2,Vansh Infotech Pvt Ltd,17,0
Registrar General India BEL2,Vedavaag Systems Limited,127,15
Registrar General India ECIL,AVVAS INFOTECH PVT  LTD,0,2
Registrar General India ECIL,BUSINESS INFORMATION PROCESSING SERVICES,6,8
Registrar General India ECIL,COMTECH INSTITUTE OFTECHNOLOGY,1,0
Registrar General India ECIL,COMTECHINFO SOLUTIONS PVT.LTD,4937,94
Registrar General India ECIL,Chinar Construction Company Prime agency,1,0
Registrar General India ECIL,Clairvoyance Technologies Pvt.,0,6
Registrar General India ECIL,Computer LAB,42513,5247
Registrar General India ECIL,Eagle Software India Pvt. Ltd,42352,4890
Registrar General India ECIL,In Media Computer Services LLP,3,78
Registrar General India ECIL,India Computer Technology,6177,5368
Registrar General India ECIL,Integrated Systems & Services,299,1
Registrar General India ECIL,Karvy Data Management Services,1268,112
Registrar General India ECIL,Krishna Infotech,2,70
Registrar General India ECIL,LYRA  CONSULTANCY SERVICE,387,2
Registrar General India ECIL,Madras Security Printers Ltd,29478,4526
Registrar General India ECIL,Netwing Technologies Pvt Ltd,583,1
Registrar General India ECIL,Nielsen  India  Private Limited,0,10
Registrar General India ECIL,Pioneer E Labs limited,0,15
Registrar General India ECIL,SWISSTECH NPR 57CR PROJECT PVT,6742,349
Registrar General India ECIL,Tera Software Ltd,7268,3353
Registrar General India ECIL,Vedavaag Systems Limited,75,172
Registrar General India Others,LYRA  CONSULTANCY SERVICE,1,0
Registrar General India Others,Madras Security Printers Ltd,0,18
Registrar General of India ITI,Eagle Software India Pvt. Ltd,0,1
Registrar General of India ITI,Emdee Digitronics Pvt.Ltd.,46046,2906
Registrar General of India ITI,In Media Computer Services LLP,228,3
Registrar General of India ITI,Karvy Data Management Services,3,0
Registrar General of India ITI,Quick Data IT Services Pvt Ltd,32,0
Registrar General of India ITI,Swathy Smartcards Hi-Tech Pvt,3,451
Registrar General of India ITI,TechSmart India Pvt Ltd,1,0
Registrar General of India ITI,VIRGO SOFTECH LIMITED,2,2
Registrar General of India ITI,WEBEL TECHNOLOGY LIMITED,5392,183
Registrar General of India ITI,Webx Technologies Private Limited,684,7
State Bank of Bikaner & Jaipur,Multiwave Innovation,0,11
State Bank of India,Delhi Integrated MMTS Ltd,0,4
State Bank of India,IL&FS LTD,0,4
State Bank of India,Smart Chip Limited,0,5
State Bank of India,VIRGO SOFTECH LIMITED,0,1
State Bank of Travancore,Tera Software Ltd,0,1
UIDAI-Registrar,UIDAI-EA,33,2
UT Of Daman and Diu,Alankit Assignments Limited,1,0
Union Bank,FINANCIAL INFORMATION NETWORK,7578,585
Union Bank,Smart Chip Limited,6716,398
Union Bank,Vakrangee Softwares Limited,1708,158
