Registrar,Enrolment Agency,Aadhaar generated,Enrolment Rejected
Allahabad Bank,Vakrangee Softwares Limited,52,22
Bank Of India,A3 Logics  India  Ltd,1756,72
Bank Of India,Blue Circle Instrument,184,6
Bank Of India,CHESSY CONSULTANTS PVT LTD,9,0
Bank Of India,DATASOFT COMPUTER SERVICES(P),2017,275
Bank Of India,Emdee Digitronics Pvt.Ltd.,793,29
Bank Of India,Frontech Systems Pvt Ltd,528,66
Bank Of India,Matrix Processing House,56,1
Bank Of India,OPTIMIX CONSULTANCY PRIVATE LT,1,0
Bank Of India,OSWAL COMPUTERS & CONSULTANTS,465,61
Bank Of India,PROTEX COMPUTER PVT LTD,1308,25
Bank Of India,SARADA SYSTEMS,2246,50
Bank Of India,SHRIKRISHNA KHANDASARI SUGAR M,1160,16
Bank Of India,SPANCO,4,0
Bank Of India,SREI INFRASTRUCTURE FINANCES L,12912,250
Bank Of India,Systematic & Advance Const P L,885,75
Bank Of India,VEETECHNOLOGIES PVT. LTD,377,19
Bank Of India,Vakrangee Softwares Limited,10,3
Bank of Baroda,Global Finsol Private Limited,109,4
Bank of Maharashtra,Alankit Finsec Ltd,1,0
Bank of Maharashtra,FINANCIAL INFORMATION NETWORK,152,4
Bank of Maharashtra,Micro Technologies India Ltd,40,14
Bank of Maharashtra,Tera Software Ltd,322,35
CSC e-Governance Services India Limited,A I Soc for Electronics and Comp Tech,4162,240
CSC e-Governance Services India Limited,AKSH OPTIFIBRE LIMITED,2254,66
CSC e-Governance Services India Limited,BASIX,2308,230
CSC e-Governance Services India Limited,CALANCE SOFTWARE PRIVATE LTD,139,5
CSC e-Governance Services India Limited,CHIPS,17,0
CSC e-Governance Services India Limited,CMS Computers Ltd,5293,250
CSC e-Governance Services India Limited,CSC e-Governance Services India Limited,455,16
CSC e-Governance Services India Limited,Conatus Infocom Pvt. Ltd,47,1
CSC e-Governance Services India Limited,Intelligent Communication Sys India Ltd,177,19
CSC e-Governance Services India Limited,MANTRA SOFTTECH (INDIA) PVTLTD,2522,57
CSC e-Governance Services India Limited,Mahaonline Limited,520,26
CSC e-Governance Services India Limited,Nekton IT India Pvt Ltd.,478,34
CSC e-Governance Services India Limited,Network for Information & Computer,477,14
CSC e-Governance Services India Limited,SPANCO,1332,77
CSC e-Governance Services India Limited,SRR Infotech,210,26
CSC e-Governance Services India Limited,Sahaj e-Village Limited,2612,95
CSC e-Governance Services India Limited,Tera Software Ltd,96,4
CSC e-Governance Services India Limited,United Telecoms e-Services Pvt Ltd,2244,82
CSC e-Governance Services India Limited,VIKALP MULTIMEDIA,511,38
CSC e-Governance Services India Limited,Vakrangee Softwares Limited,207,44
CSC e-Governance Services India Limited,Vayam technologies Ltd,2657,111
CSC e-Governance Services India Limited,Vedavaag Systems Limited,2498,69
CSC e-Governance Services India Limited,Zephyr System Pvt.Ltd.,3189,84
Canara Bank,FINANCIAL INFORMATION NETWORK,7824,263
Canara Bank,Karvy Data Management Services,6454,117
Canara Bank,Ojus Healthcare Private Limited,35,1
Canara Bank,Osiris Infotech Pvt. Ltd.,56,15
Canara Bank,Smart Chip Limited,5963,356
Canara Bank,Virinchi Technologies Ltd,52,1
Central Bank of India,CALANCE SOFTWARE PRIVATE LTD,20,1
Central Bank of India,IAP COMPANY Pvt. Ltd,137,8
Central Bank of India,The Peerless General Finance,82,4
DENA BANK,APEX Services,241,11
DENA BANK,ATISHAY INFOTECH PVT. LTD.,5334,75
DENA BANK,AVVAS INFOTECH PVT  LTD,5467,122
DENA BANK,Asha Security Guard Services,1446,32
DENA BANK,BNR UDYOG LIMITED,84,4
DENA BANK,Binary Systems,2082,28
DENA BANK,Bloom Solutions Pvt Ltd,4892,241
DENA BANK,Blue Circle Instrument,481,20
DENA BANK,Business Information Processing Services,1462,47
DENA BANK,CALANCE SOFTWARE PRIVATE LTD,2643,144
DENA BANK,DATASOFT COMPUTER SERVICES(P),2548,63
DENA BANK,DEVASHISH SECURITIES PVT. LTD.,46,1
DENA BANK,Eagle Software India Pvt. Ltd,4920,78
DENA BANK,FINANCIAL INFORMATION NETWORK,5040,309
DENA BANK,Gem Computers,826,57
DENA BANK,Gujarat Infotech Ltd.,589,10
DENA BANK,IAP COMPANY Pvt. Ltd,15126,301
DENA BANK,India Computer Technology,552,48
DENA BANK,JNET Technologies Pvt.Ltd,131,0
DENA BANK,K W Consulting P Ltd,2268,208
DENA BANK,M/S STAR DATA CENTRE,815,5
DENA BANK,M/s Gold Square Builders & Promoters Pvt. Ltd.,2585,100
DENA BANK,MARS Telecom Systems Pvt Ltd,44,6
DENA BANK,MEGHA VINCOM PVT LTD,5936,134
DENA BANK,MKS Enterprises,1792,19
DENA BANK,Make India Smart Private Limited,777,22
DENA BANK,Multiwave Innovation,3922,24
DENA BANK,NVR & ASSOCIATES LIMITED,2504,35
DENA BANK,Netlink software Pvt Ltd,4465,104
DENA BANK,Nielsen  India  Private Limited,11578,895
DENA BANK,Offshoot Agency Pvt. Ltd.,1405,57
DENA BANK,Ortem Securities Limited,401,7
DENA BANK,Prodigy Systems and Services Private Limited,35,0
DENA BANK,Radiant Haroti Industries India Ltd,1995,33
DENA BANK,SGS INDIA PVT LTD,1165,104
DENA BANK,Silver Touch Technologies Ltd,1557,25
DENA BANK,Sixth Dimension Project Solutions Ltd,1070,24
DENA BANK,Soc for Advancement of Environ Science,591,32
DENA BANK,SoftAge Information Technology Limited,20,0
DENA BANK,Super Printers,1593,74
DENA BANK,Systematic & Advance Const P L,238,11
DENA BANK,TechSmart India Pvt Ltd,492,54
DENA BANK,Tera Software Ltd,4312,146
DENA BANK,The NSIC ltd,209,0
DENA BANK,Transline Technologies P Ltd,3091,139
DENA BANK,Utility Forms Pvt Ltd,403,20
DENA BANK,VAP INFOSOLUTIONS,4422,517
DENA BANK,VISION COMPTECH INTEGRATOR LTD,2227,48
DENA BANK,Vedavaag Systems Limited,8306,440
DENA BANK,Virinchi Technologies Ltd,675,5
DENA BANK,WEBEL,16804,525
DENA BANK,Wipro Ltd,3109,129
DENA BANK,Zephyr System Pvt.Ltd.,8270,559
Delhi - Central DC,Smart Chip Limited,48,0
Delhi - East DC,DATASOFT COMPUTER SERVICES(P),641,9
Delhi - ND DC,Smart Chip Limited,8,0
Delhi - NE DC,Smart Chip Limited,107,6
Delhi - North DC,CALANCE SOFTWARE PRIVATE LTD,119,12
Delhi - North DC,NVR & ASSOCIATES LIMITED,240,24
Delhi - North DC,Smart Chip Limited,2,0
Delhi SW DC,VIRGO SOFTECH LIMITED,10,0
Delhi- South DC,Karvy Computershare Private Li,9,0
Delhi- South DC,Smart Chip Limited,6,0
Delhi- West DC,Smart Chip Limited,1,0
Delhi- West DC,VIRGO SOFTECH LIMITED,3,0
Delhi-NW DC,Karvy Computershare Private Li,2,0
Department of Information Technology Govt of Jharkhand,Blue Circle Instrument,2,0
Department of Information Technology Govt of Jharkhand,Vayam technologies Ltd,1,0
Department of Information Technology Govt of Jharkhand,Wipro Ltd,383,50
Dept of ITC Govt of Rajasthan,ATISHAY INFOTECH PVT. LTD.,73,7
Dept of ITC Govt of Rajasthan,AVVAS INFOTECH PVT  LTD,599,70
Dept of ITC Govt of Rajasthan,Alankit Finsec Ltd,1,0
Dept of ITC Govt of Rajasthan,Business Information Processing Services,247,7
Dept of ITC Govt of Rajasthan,DATASOFT COMPUTER SERVICES(P),405,89
Dept of ITC Govt of Rajasthan,Gem Computers,1,0
Dept of ITC Govt of Rajasthan,IAP COMPANY Pvt. Ltd,135,9
Dept of ITC Govt of Rajasthan,Matrix Processing House,43,1
Dept of ITC Govt of Rajasthan,Multiwave Innovation,26,1
Dept of ITC Govt of Rajasthan,Netlink software Pvt Ltd,5,0
Dept of ITC Govt of Rajasthan,Radiant Haroti Industries India Ltd,49,0
Dept of ITC Govt of Rajasthan,SAR Technology,81,1
Dept of ITC Govt of Rajasthan,TechSmart India Pvt Ltd,44,9
Dept of ITC Govt of Rajasthan,Transline Technologies P Ltd,264,12
Dept of ITC Govt of Rajasthan,Vakrangee Softwares Limited,355,103
Dept of ITC Govt of Rajasthan,Vayam technologies Ltd,8,3
FCR Govt of Haryana,4G INFORMATICS,33,2
FCR Govt of Haryana,Academy of Management Studies,252,14
FCR Govt of Haryana,Radiant Info Systems Ltd,368,33
FCR Govt of Haryana,SoftAge Information Technology Limited,939,144
FCR Govt of Haryana,Vakrangee Softwares Limited,0,1
FCR Govt of Haryana,Vayam technologies Ltd,1736,277
FCS Govt of Punjab,CSS TECHNERGY LIMITED,5,0
FCS Govt of Punjab,District Sukhmani Society  Jalandhar  Punjab,11,2
FCS Govt of Punjab,District Sukhmani Society  Ludhiana  Punjab,136,32
FCS Govt of Punjab,District Sukhmani Society  Moga  Punjab,55,2
FCS Govt of Punjab,District Sukhmani Society Amritsar Punjab,172,24
FCS Govt of Punjab,District Sukhmani Society Barnala Punjab,92,11
FCS Govt of Punjab,District Sukhmani Society Bathinda Punjab,170,22
FCS Govt of Punjab,District Sukhmani Society Fatehgarh Sahib Punjab,56,4
FCS Govt of Punjab,District Sukhmani Society Fazilka Punjab,5,2
FCS Govt of Punjab,District Sukhmani Society Ferozepur Punjab,75,14
FCS Govt of Punjab,District Sukhmani Society For Citizen Services Mansa Punjab,31,1
FCS Govt of Punjab,District Sukhmani Society For Citizen Services Nawanshahr Punjab,110,15
FCS Govt of Punjab,District Sukhmani Society For Citizen Services SAS Nagar District e-Governance Society Punjab,88,3
FCS Govt of Punjab,District Sukhmani Society Pathankot Punjab,22,1
FCS Govt of Punjab,District Sukhmani Society Patiala Punjab,71,19
FCS Govt of Punjab,District Sukhmani Society Rupnagar Punjab,10,1
FCS Govt of Punjab,District Sukhmani Society Sangrur Punjab,50,3
FCS Govt of Punjab,District Sukhmani Society Sri Muktsar Sahib Punjab,48,2
FCS Govt of Punjab,District Sukhmani Society Tarn Taran Punjab,26,4
FCS Govt of Punjab,Karvy Computershare Private Li,336,38
FCS Govt of Punjab,Sukhmani Society For Citizen Services  Kapurthala  Punjab,12,2
FCS Govt of Punjab,Sukhmani Society For Citizen Services Gurdaspur Punjab,4,0
FCS Govt of Punjab,Sukhmani Society For Citizens Services Faridkot Punjab,66,3
FCS Govt of Punjab,Suwidha Society Hoshiarpur Punjab,49,7
FCS Govt of Punjab,Vayam technologies Ltd,169,29
FCS Govt of Punjab,eCentric solutions pvt ltd,156,2
Govt of Andhra Pradesh,Gouthami Educational Society,18,1
Govt of Andhra Pradesh,GrapeSoft,41,22
Govt of Andhra Pradesh,IL&FS LTD,2,0
Govt of Andhra Pradesh,INFRONICS SYSTEMS LTD,14,2
Govt of Andhra Pradesh,SREEVEN INFOCOM LIMITED,0,2
Govt of Andhra Pradesh,TechSmart India Pvt Ltd,1,1
Govt of Andhra Pradesh,Tera Software Ltd,2,1
Govt of Goa,MARS Telecom Systems Pvt Ltd,3,0
Govt of Gujarat,GSS Infotech Ltd,6,0
Govt of Gujarat,Karvy Computershare Private Li,616,31
Govt of Gujarat,Silver Touch Technologies Ltd,1586,13
Govt of Gujarat,Tera Software Ltd,850,57
Govt of Gujarat,Transline Technologies P Ltd,955,19
Govt of Gujarat,Vayam technologies Ltd,48,9
Govt of Gujarat,eCentric solutions pvt ltd,56,7
Govt of Himachal Pradesh,Wipro Ltd,1,0
Govt of Himachal Pradesh,i-Grandee SoftwareTechnologies,3,6
Govt of Karnataka ,BNR UDYOG LIMITED,7,1
Govt of Karnataka ,Bloom Solutions Pvt Ltd,2,0
Govt of Karnataka ,MARS Telecom Systems Pvt Ltd,6,1
Govt of Karnataka ,Origin ITFS Pvt Ltd,102,21
Govt of Karnataka ,SREEVEN INFOCOM LIMITED,21,5
Govt of Kerala,Akshaya,2136,108
Govt of Kerala,Keltron,3,0
Govt of Madhya Pradesh,VIRGO SOFTECH LIMITED,13,0
Govt of Maharashtra,Bharat Technical Solutions Private Limited,33,2
Govt of Maharashtra,Eagle press pvt ltd,45,0
Govt of Maharashtra,Karvy Computershare Private Li,60,8
Govt of Maharashtra,M/s. Vidya Online  Pune,15,40
Govt of Maharashtra,Netlink software Pvt Ltd,309,65
Govt of Maharashtra,SETU MAHARASHTRA,25,1
Govt of Maharashtra,SHREERAM PRINTING PRESS,7,0
Govt of Maharashtra,SILVER JUBILEE MOTORS LTD.,7,0
Govt of Maharashtra,SPANCO,4,0
Govt of Maharashtra,STRATEGIC OUTSOURCING SERVICE,14,0
Govt of Maharashtra,Silver Touch Technologies Ltd,17,1
Govt of Maharashtra,TechSmart India Pvt Ltd,0,3
Govt of Maharashtra,Vidarbha Infotech Pvt Ltd,16,1
Govt of Maharashtra,Wipro Ltd,4,0
Govt of Sikkim - Dept of Econo,Department of Economics Statistics  Monitoring and Evaluation DESME,8,2
IDBI Bank ltd,ATISHAY INFOTECH PVT. LTD.,254,10
IDBI Bank ltd,Matrix Processing House,648,5
IDBI Bank ltd,SREEVEN INFOCOM LIMITED,129,20
IDBI Bank ltd,UTI TECHNOLOGY SERVICES LIMITE,30,1
Indian Bank,Redim Software Technologies Pvt Ltd,4,0
Indiapost,Delhi Integrated MMTS Ltd,3,5
Indiapost,Global Finsol Private Limited,4,3
Indiapost,MARS Telecom Systems Pvt Ltd,56,1
Indiapost,Smart Chip Limited,1,0
Indiapost,Vayam technologies Ltd,35,2
Indiapost,WEBEL,4,3
Information Technology & Communication Department,4G INFORMATICS,0,2
Information Technology & Communication Department,Directorate of ESD,19966,4013
Information Technology & Communication Department,JYOTHI COMPUTER SERVICES,12,0
Information Technology & Communication Department,MARS Telecom Systems Pvt Ltd,60,2
Information Technology & Communication Department,SREEVEN INFOCOM LIMITED,0,1
Information Technology & Communication Department,Tera Software Ltd,0,1
Jharkhand,Emdee Digitronics Pvt.Ltd.,2,2
Jharkhand,Nevaeh Technology Pvt. Ltd.,2,0
Jharkhand,Systematic & Advance Const P L,1,0
Jharkhand,Wipro Ltd,276,53
Mission Convergence - GNCT Del,NVR & ASSOCIATES LIMITED,31,6
NSDL e-Governance Infrastructure Limited,Abhipra Capital Ltd,2797,135
NSDL e-Governance Infrastructure Limited,Alankit Assignments Limited,90,8
NSDL e-Governance Infrastructure Limited,Alankit Finsec Ltd,6849,325
NSDL e-Governance Infrastructure Limited,Gujarat Infotech Ltd.,4640,95
NSDL e-Governance Infrastructure Limited,IAP COMPANY Pvt. Ltd,12,0
NSDL e-Governance Infrastructure Limited,INTEGRATED REGISTRY SERVICES LTD,4,0
NSDL e-Governance Infrastructure Limited,Karvy Data Management Services,40441,1944
NSDL e-Governance Infrastructure Limited,N.K. Sharma Enterprises Ltd.,778,9
NSDL e-Governance Infrastructure Limited,Netlink software Pvt Ltd,467,92
NSDL e-Governance Infrastructure Limited,Offshoot Agency Pvt. Ltd.,473,7
NSDL e-Governance Infrastructure Limited,PROWIZ MANSYTEMS PVT LTD,1,5
NSDL e-Governance Infrastructure Limited,Promind Solutions P Limited,6777,691
NSDL e-Governance Infrastructure Limited,RELIGARE SECURITIES LTD,1988,20
NSDL e-Governance Infrastructure Limited,Radiant Haroti Industries India Ltd,922,52
NSDL e-Governance Infrastructure Limited,Sri Ramraja Sarkar Lok Kalyan Trust,3101,145
NSDL e-Governance Infrastructure Limited,Utility Forms Pvt Ltd,4223,77
NSDL e-Governance Infrastructure Limited,VIRGO SOFTECH LIMITED,7,0
Oriental Bank of Commerce,DATASOFT COMPUTER SERVICES(P),79,3
Oriental Bank of Commerce,JNET Technologies Pvt.Ltd,4,0
Oriental Bank of Commerce,Sri Ramraja Sarkar Lok Kalyan Trust,214,6
Oriental Bank of Commerce,Wipro Ltd,41,5
Principal Revenue Commissioner  Dept of Revenue  Govt of MP,Frontech Systems Pvt Ltd,7,3
Principal Revenue Commissioner  Dept of Revenue  Govt of MP,GDC Advertising Pvt. Limited,61,1
Principal Revenue Commissioner  Dept of Revenue  Govt of MP,K W Consulting P Ltd,155,50
Principal Revenue Commissioner  Dept of Revenue  Govt of MP,LYRA  CONSULTANCY SERVICE,34,0
Principal Revenue Commissioner  Dept of Revenue  Govt of MP,Netlink software Pvt Ltd,81,1
Principal Revenue Commissioner  Dept of Revenue  Govt of MP,OSWAL COMPUTERS & CONSULTANTS,33,2
Principal Revenue Commissioner  Dept of Revenue  Govt of MP,Tera Software Ltd,167,3
Principal Revenue Commissioner  Dept of Revenue  Govt of MP,Vedavaag Systems Limited,71,24
Punjab and Sind Bank,Matrix Processing House,610,30
Registrar General India - BEL,In Media Computer Services LLP,18,0
Registrar General India - BEL,Manipur Electronics Dev Corp,7,1
Registrar General India BEL2,4G INFORMATICS,6,0
Registrar General India BEL2,Bharat Electronics Limited,4,0
Registrar General India BEL2,Chinar Construction Company Prime agency,1,0
Registrar General India BEL2,Computer LAB,1,8
Registrar General India BEL2,Emdee Digitronics Pvt.Ltd.,4,0
Registrar General India BEL2,In Media Computer Services LLP,3,0
Registrar General India BEL2,India Computer Technology,0,13
Registrar General India BEL2,Karvy Data Management Services,8,16
Registrar General India BEL2,MACRO INFOTECH PVT LTD,0,1
Registrar General India BEL2,Madras Security Printers Ltd,20,15
Registrar General India BEL2,Manipur Electronics Dev Corp,92,1
Registrar General India BEL2,Multiwave Innovation,59,0
Registrar General India BEL2,NVR & ASSOCIATES LIMITED,37,4
Registrar General India BEL2,Netlink software Pvt Ltd,47,5
Registrar General India BEL2,Nevaeh Technology Pvt. Ltd.,5,0
Registrar General India BEL2,Nielsen  India  Private Limited,686,2
Registrar General India BEL2,Om Softwares,44,16
Registrar General India BEL2,SREI INFRASTRUCTURE FINANCES L,448,1
Registrar General India BEL2,Satyanarayana Raju Company Pvt ltd,61,1
Registrar General India BEL2,Swathy Smartcards Hi-Tech Pvt,562,30
Registrar General India BEL2,Swiss Tech India Pvt Ltd,9,5
Registrar General India BEL2,Tera Software Ltd,20,2
Registrar General India BEL2,UNITED DATA SERVICES PRIVATE LIMITED,0,1
Registrar General India BEL2,VIRGO SOFTECH LIMITED,1,1
Registrar General India BEL2,Vansh Infotech Pvt Ltd,12,0
Registrar General India BEL2,Vedavaag Systems Limited,134,0
Registrar General India BEL2,Viesa Technologies,296,17
Registrar General India ECIL,AVVAS INFOTECH PVT  LTD,24,1
Registrar General India ECIL,COMTECH INSTITUTE OFTECHNOLOGY,27,3
Registrar General India ECIL,COMTECHINFO SOLUTIONS PVT.LTD,12404,924
Registrar General India ECIL,Chinar Construction Company Prime agency,582,0
Registrar General India ECIL,Clairvoyance Technologies Pvt.,10,0
Registrar General India ECIL,Computer LAB,47565,3273
Registrar General India ECIL,Eagle Software India Pvt. Ltd,51595,1501
Registrar General India ECIL,Gundal Infotech Private Limited,7,0
Registrar General India ECIL,In Media Computer Services LLP,1557,242
Registrar General India ECIL,India Computer Technology,52392,3654
Registrar General India ECIL,Integrated Systems & Services,251,1
Registrar General India ECIL,Karvy Data Management Services,10649,60
Registrar General India ECIL,Krishna Infotech,0,1
Registrar General India ECIL,LYRA  CONSULTANCY SERVICE,12,0
Registrar General India ECIL,Madras Security Printers Ltd,60482,2294
Registrar General India ECIL,Mphasis Ltd,0,21
Registrar General India ECIL,Nielsen  India  Private Limited,91,0
Registrar General India ECIL,Pioneer E Labs limited,12,6
Registrar General India ECIL,SARADA SYSTEMS,2,0
Registrar General India ECIL,SWISSTECH NPR 57CR PROJECT PVT,3921,647
Registrar General India ECIL,Tera Software Ltd,38962,692
Registrar General India ECIL,VEETECHNOLOGIES PVT. LTD,0,15
Registrar General India ECIL,Vedavaag Systems Limited,3,3
Registrar General India Others,COMTECH INSTITUTE OFTECHNOLOGY,0,1
Registrar General India Others,COMTECHINFO SOLUTIONS PVT.LTD,18,6
Registrar General India Others,Chinar Construction Company Prime agency,1,0
Registrar General India Others,Clairvoyance Technologies Pvt.,11,0
Registrar General India Others,Computer LAB,7,0
Registrar General India Others,Madras Security Printers Ltd,15,8
Registrar General India Others,Vedavaag Systems Limited,1,0
Registrar General India Others,Webx Technologies Private Limited,11,0
Registrar General of India ITI,Eagle Software India Pvt. Ltd,28,9
Registrar General of India ITI,Emdee Digitronics Pvt.Ltd.,26515,733
Registrar General of India ITI,In Media Computer Services LLP,133,0
Registrar General of India ITI,Karvy Data Management Services,57,1
Registrar General of India ITI,MKS Enterprises,14,1
Registrar General of India ITI,Madras Security Printers Ltd,6,0
Registrar General of India ITI,PROTEX COMPUTER PVT LTD,3,0
Registrar General of India ITI,Quick Data IT Services Pvt Ltd,41,0
Registrar General of India ITI,Satyanarayana Raju Company Pvt ltd,71,0
Registrar General of India ITI,Swathy Smartcards Hi-Tech Pvt,824,47
Registrar General of India ITI,TechSmart India Pvt Ltd,0,2
Registrar General of India ITI,VIRGO SOFTECH LIMITED,101,28
Registrar General of India ITI,Vedavaag Systems Limited,29,3
Registrar General of India ITI,WEBEL TECHNOLOGY LIMITED,4227,108
Registrar General of India ITI,Webx Technologies Private Limited,650,1
State Bank of Bikaner & Jaipur,Multiwave Innovation,10,2
State Bank of India,CSS TECHNERGY LIMITED,1,0
UIDAI-Registrar,UIDAI-EA,58,12
UT of Puducherry,Madras Security Printers Ltd,2,1
Union Bank,FINANCIAL INFORMATION NETWORK,3375,535
Union Bank,Smart Chip Limited,3749,146
Union Bank,Vakrangee Softwares Limited,2204,131
