Registrar,Enrolment Agency,Aadhaar generated,Enrolment Rejected
Allahabad Bank,Tera Software Ltd,1,0
Allahabad Bank,Vakrangee Softwares Limited,14,56
Bank Of India,A3 Logics  India  Ltd,1056,154
Bank Of India,Akanksha International,0,5
Bank Of India,Blue Circle Instrument,121,27
Bank Of India,CHESSY CONSULTANTS PVT LTD,9,1
Bank Of India,DATASOFT COMPUTER SERVICES(P),1179,282
Bank Of India,Emdee Digitronics Pvt.Ltd.,363,19
Bank Of India,Frontech Systems Pvt Ltd,146,29
Bank Of India,Matrix Processing House,42,12
Bank Of India,OSWAL COMPUTERS & CONSULTANTS,164,109
Bank Of India,PROTEX COMPUTER PVT LTD,900,39
Bank Of India,SARADA SYSTEMS,915,76
Bank Of India,SHRIKRISHNA KHANDASARI SUGAR M,312,33
Bank Of India,SPANCO,3,5
Bank Of India,SREI INFRASTRUCTURE FINANCES L,6029,497
Bank Of India,Silver Touch Technologies Ltd,1,1
Bank Of India,Systematic & Advance Const P L,479,142
Bank Of India,VEETECHNOLOGIES PVT. LTD,351,44
Bank Of India,Vakrangee Softwares Limited,15,13
Bank of Baroda,Global Finsol Private Limited,47,10
Bank of Maharashtra,Alankit Finsec Ltd,0,1
Bank of Maharashtra,FINANCIAL INFORMATION NETWORK,465,16
Bank of Maharashtra,Micro Technologies India Ltd,21,6
Bank of Maharashtra,Tera Software Ltd,126,242
CSC e-Governance Services India Limited,A I Soc for Electronics and Comp Tech,984,323
CSC e-Governance Services India Limited,AKSH OPTIFIBRE LIMITED,1018,110
CSC e-Governance Services India Limited,BASIX,823,668
CSC e-Governance Services India Limited,CALANCE SOFTWARE PRIVATE LTD,23,537
CSC e-Governance Services India Limited,CHIPS,1,3
CSC e-Governance Services India Limited,CMS Computers Ltd,1794,344
CSC e-Governance Services India Limited,CSC e-Governance Services India Limited,132,16
CSC e-Governance Services India Limited,Conatus Infocom Pvt. Ltd,35,24
CSC e-Governance Services India Limited,Intelligent Communication Sys India Ltd,13,42
CSC e-Governance Services India Limited,MANTRA SOFTTECH (INDIA) PVTLTD,824,81
CSC e-Governance Services India Limited,Mahaonline Limited,213,83
CSC e-Governance Services India Limited,Nekton IT India Pvt Ltd.,116,40
CSC e-Governance Services India Limited,Network for Information & Computer,259,54
CSC e-Governance Services India Limited,SPANCO,861,170
CSC e-Governance Services India Limited,SRR Infotech,68,63
CSC e-Governance Services India Limited,Sahaj e-Village Limited,982,76
CSC e-Governance Services India Limited,Tera Software Ltd,22,22
CSC e-Governance Services India Limited,United Telecoms e-Services Pvt Ltd,409,223
CSC e-Governance Services India Limited,VIKALP MULTIMEDIA,221,97
CSC e-Governance Services India Limited,Vakrangee Softwares Limited,165,47
CSC e-Governance Services India Limited,Vayam technologies Ltd,956,144
CSC e-Governance Services India Limited,Vedavaag Systems Limited,805,59
CSC e-Governance Services India Limited,Zephyr System Pvt.Ltd.,1128,194
Canara Bank,FINANCIAL INFORMATION NETWORK,2774,214
Canara Bank,Karvy Data Management Services,3471,177
Canara Bank,Ojus Healthcare Private Limited,28,1
Canara Bank,Osiris Infotech Pvt. Ltd.,15,17
Canara Bank,Smart Chip Limited,3367,295
Canara Bank,Virinchi Technologies Ltd,3,34
Central Bank of India,CALANCE SOFTWARE PRIVATE LTD,17,5
Central Bank of India,IAP COMPANY Pvt. Ltd,69,30
Central Bank of India,The Peerless General Finance,6,5
DENA BANK,APEX Services,88,32
DENA BANK,ATISHAY INFOTECH PVT. LTD.,4049,140
DENA BANK,AVVAS INFOTECH PVT  LTD,1747,116
DENA BANK,Asha Security Guard Services,522,69
DENA BANK,BNR UDYOG LIMITED,35,1
DENA BANK,Binary Systems,1128,31
DENA BANK,Bloom Solutions Pvt Ltd,2944,533
DENA BANK,Blue Circle Instrument,49,25
DENA BANK,Business Information Processing Services,493,247
DENA BANK,CALANCE SOFTWARE PRIVATE LTD,1163,173
DENA BANK,DATASOFT COMPUTER SERVICES(P),1954,129
DENA BANK,DEVASHISH SECURITIES PVT. LTD.,40,131
DENA BANK,Eagle Software India Pvt. Ltd,3237,151
DENA BANK,FINANCIAL INFORMATION NETWORK,3018,184
DENA BANK,Gem Computers,366,146
DENA BANK,Gujarat Infotech Ltd.,684,21
DENA BANK,IAP COMPANY Pvt. Ltd,7630,568
DENA BANK,India Computer Technology,666,60
DENA BANK,JNET Technologies Pvt.Ltd,37,13
DENA BANK,K W Consulting P Ltd,870,115
DENA BANK,M/S STAR DATA CENTRE,214,6
DENA BANK,M/s Gold Square Builders & Promoters Pvt. Ltd.,1168,191
DENA BANK,MARS Telecom Systems Pvt Ltd,42,34
DENA BANK,MEGHA VINCOM PVT LTD,2323,103
DENA BANK,MKS Enterprises,526,40
DENA BANK,Make India Smart Private Limited,325,61
DENA BANK,Multiwave Innovation,388,83
DENA BANK,NVR & ASSOCIATES LIMITED,835,55
DENA BANK,Narayana Electricals Solution Pvt Ltd,0,1
DENA BANK,Netlink software Pvt Ltd,1055,167
DENA BANK,Nielsen  India  Private Limited,3699,745
DENA BANK,Offshoot Agency Pvt. Ltd.,697,123
DENA BANK,Ortem Securities Limited,157,90
DENA BANK,Prodigy Systems and Services Private Limited,14,24
DENA BANK,Radiant Haroti Industries India Ltd,599,74
DENA BANK,SGS INDIA PVT LTD,417,119
DENA BANK,Silver Touch Technologies Ltd,565,22
DENA BANK,Sixth Dimension Project Solutions Ltd,42,6
DENA BANK,Soc for Advancement of Environ Science,262,124
DENA BANK,SoftAge Information Technology Limited,0,5
DENA BANK,Super Printers,871,73
DENA BANK,Systematic & Advance Const P L,145,34
DENA BANK,TechSmart India Pvt Ltd,525,315
DENA BANK,Tera Software Ltd,1751,141
DENA BANK,The NSIC ltd,2,5
DENA BANK,Transline Technologies P Ltd,910,65
DENA BANK,Utility Forms Pvt Ltd,2,1
DENA BANK,VAP INFOSOLUTIONS,738,131
DENA BANK,VISION COMPTECH INTEGRATOR LTD,979,105
DENA BANK,Vedavaag Systems Limited,3596,163
DENA BANK,Virinchi Technologies Ltd,411,28
DENA BANK,WEBEL,4016,724
DENA BANK,Wipro Ltd,1250,170
DENA BANK,Zephyr System Pvt.Ltd.,2123,389
Delhi - Central DC,Smart Chip Limited,116,5
Delhi - East DC,DATASOFT COMPUTER SERVICES(P),405,63
Delhi - ND DC,Smart Chip Limited,45,2
Delhi - NE DC,Smart Chip Limited,248,28
Delhi - North DC,CALANCE SOFTWARE PRIVATE LTD,15,64
Delhi - North DC,DATASOFT COMPUTER SERVICES(P),1,0
Delhi - North DC,NVR & ASSOCIATES LIMITED,277,56
Delhi - North DC,Smart Chip Limited,3,3
Delhi SW DC,VIRGO SOFTECH LIMITED,13,0
Delhi- South DC,Karvy Computershare Private Li,2,0
Delhi- South DC,Smart Chip Limited,1,0
Delhi- West DC,Smart Chip Limited,0,3
Delhi- West DC,VIRGO SOFTECH LIMITED,7,4
Delhi-NW DC,Karvy Computershare Private Li,5,1
Department of Information Technology Govt of Jharkhand,Blue Circle Instrument,0,2
Department of Information Technology Govt of Jharkhand,MKS Enterprises,25,3
Department of Information Technology Govt of Jharkhand,Wipro Ltd,293,89
Dept of ITC Govt of Rajasthan,ATISHAY INFOTECH PVT. LTD.,138,25
Dept of ITC Govt of Rajasthan,AVVAS INFOTECH PVT  LTD,562,77
Dept of ITC Govt of Rajasthan,Business Information Processing Services,229,13
Dept of ITC Govt of Rajasthan,DATASOFT COMPUTER SERVICES(P),300,418
Dept of ITC Govt of Rajasthan,Gem Computers,4,0
Dept of ITC Govt of Rajasthan,IAP COMPANY Pvt. Ltd,118,0
Dept of ITC Govt of Rajasthan,MANTRA SOFTTECH (INDIA) PVTLTD,4,1
Dept of ITC Govt of Rajasthan,Multiwave Innovation,12,33
Dept of ITC Govt of Rajasthan,Netlink software Pvt Ltd,2,1
Dept of ITC Govt of Rajasthan,Radiant Haroti Industries India Ltd,22,0
Dept of ITC Govt of Rajasthan,SAR Technology,23,6
Dept of ITC Govt of Rajasthan,TechSmart India Pvt Ltd,9,12
Dept of ITC Govt of Rajasthan,Transline Technologies P Ltd,1,12
Dept of ITC Govt of Rajasthan,VIRGO SOFTECH LIMITED,3,1
Dept of ITC Govt of Rajasthan,Vakrangee Softwares Limited,190,143
Dept of ITC Govt of Rajasthan,Vayam technologies Ltd,3,1
FCR Govt of Haryana,Academy of Management Studies,129,39
FCR Govt of Haryana,Radiant Info Systems Ltd,185,28
FCR Govt of Haryana,SoftAge Information Technology Limited,141,90
FCR Govt of Haryana,Vakrangee Softwares Limited,1,0
FCR Govt of Haryana,Vayam technologies Ltd,1718,184
FCS Govt of Punjab,CSS TECHNERGY LIMITED,0,1
FCS Govt of Punjab,District Sukhmani Society  Jalandhar  Punjab,4,6
FCS Govt of Punjab,District Sukhmani Society  Ludhiana  Punjab,34,35
FCS Govt of Punjab,District Sukhmani Society  Moga  Punjab,0,2
FCS Govt of Punjab,District Sukhmani Society Amritsar Punjab,35,25
FCS Govt of Punjab,District Sukhmani Society Barnala Punjab,30,27
FCS Govt of Punjab,District Sukhmani Society Bathinda Punjab,21,29
FCS Govt of Punjab,District Sukhmani Society Fatehgarh Sahib Punjab,19,6
FCS Govt of Punjab,District Sukhmani Society Fazilka Punjab,4,8
FCS Govt of Punjab,District Sukhmani Society Ferozepur Punjab,12,15
FCS Govt of Punjab,District Sukhmani Society For Citizen Services Mansa Punjab,26,10
FCS Govt of Punjab,District Sukhmani Society For Citizen Services Nawanshahr Punjab,9,3
FCS Govt of Punjab,District Sukhmani Society For Citizen Services SAS Nagar District e-Governance Society Punjab,34,5
FCS Govt of Punjab,District Sukhmani Society Pathankot Punjab,8,1
FCS Govt of Punjab,District Sukhmani Society Patiala Punjab,5,2
FCS Govt of Punjab,District Sukhmani Society Rupnagar Punjab,3,9
FCS Govt of Punjab,District Sukhmani Society Sangrur Punjab,11,8
FCS Govt of Punjab,District Sukhmani Society Sri Muktsar Sahib Punjab,1,0
FCS Govt of Punjab,District Sukhmani Society Tarn Taran Punjab,5,6
FCS Govt of Punjab,Karvy Computershare Private Li,481,53
FCS Govt of Punjab,Sukhmani Society For Citizen Services  Kapurthala  Punjab,12,2
FCS Govt of Punjab,Sukhmani Society For Citizen Services Gurdaspur Punjab,4,1
FCS Govt of Punjab,Sukhmani Society For Citizens Services Faridkot Punjab,37,7
FCS Govt of Punjab,Suwidha Society Hoshiarpur Punjab,1,12
FCS Govt of Punjab,Vayam technologies Ltd,197,155
FCS Govt of Punjab,eCentric solutions pvt ltd,55,9
Govt of Andhra Pradesh,Gouthami Educational Society,11,30
Govt of Andhra Pradesh,GrapeSoft,12,28
Govt of Andhra Pradesh,INFRONICS SYSTEMS LTD,16,24
Govt of Andhra Pradesh,SREEVEN INFOCOM LIMITED,2,13
Govt of Andhra Pradesh,TechSmart India Pvt Ltd,3,17
Govt of Andhra Pradesh,Tera Software Ltd,1,5
Govt of Andhra Pradesh,eCentric solutions pvt ltd,1,0
Govt of Goa,MARS Telecom Systems Pvt Ltd,0,1
Govt of Gujarat,GSS Infotech Ltd,1,1
Govt of Gujarat,Karvy Computershare Private Li,115,141
Govt of Gujarat,Silver Touch Technologies Ltd,711,58
Govt of Gujarat,Tera Software Ltd,475,38
Govt of Gujarat,Transline Technologies P Ltd,420,68
Govt of Gujarat,Vayam technologies Ltd,18,3
Govt of Gujarat,eCentric solutions pvt ltd,22,24
Govt of Himachal Pradesh,Wipro Ltd,2,4
Govt of Himachal Pradesh,i-Grandee SoftwareTechnologies,1,0
Govt of Karnataka ,BNR UDYOG LIMITED,1,22
Govt of Karnataka ,Bloom Solutions Pvt Ltd,1,4
Govt of Karnataka ,MARS Telecom Systems Pvt Ltd,8,9
Govt of Karnataka ,Ninestars Information Technologies Ltd,2,3
Govt of Karnataka ,Om Softwares,0,2
Govt of Karnataka ,Origin ITFS Pvt Ltd,102,65
Govt of Karnataka ,SREEVEN INFOCOM LIMITED,21,25
Govt of Kerala,Akshaya,985,204
Govt of Kerala,Keltron,10,2
Govt of Madhya Pradesh,VIRGO SOFTECH LIMITED,25,8
Govt of Maharashtra,Alankit Finsec Ltd,1,0
Govt of Maharashtra,Bharat Technical Solutions Private Limited,9,2
Govt of Maharashtra,Eagle press pvt ltd,12,1
Govt of Maharashtra,Karvy Computershare Private Li,6,6
Govt of Maharashtra,M/s. Vidya Online  Pune,4,1
Govt of Maharashtra,Narayana Electricals Solution Pvt Ltd,0,2
Govt of Maharashtra,Netlink software Pvt Ltd,39,11
Govt of Maharashtra,Rudranee Infotech Ltd,0,3
Govt of Maharashtra,SETU MAHARASHTRA,30,5
Govt of Maharashtra,SHREERAM PRINTING PRESS,1,1
Govt of Maharashtra,SILVER JUBILEE MOTORS LTD.,1,3
Govt of Maharashtra,SPANCO,6,0
Govt of Maharashtra,STRATEGIC OUTSOURCING SERVICE,8,0
Govt of Maharashtra,Silver Touch Technologies Ltd,6,3
Govt of Maharashtra,Systematic & Advance Const P L,0,2
Govt of Maharashtra,TechSmart India Pvt Ltd,0,10
Govt of Maharashtra,Transline Technologies P Ltd,0,4
Govt of Maharashtra,Vidarbha Infotech Pvt Ltd,13,3
Govt of Maharashtra,Wipro Ltd,22,1
Govt of Sikkim - Dept of Econo,Department of Economics Statistics  Monitoring and Evaluation DESME,2,1
IDBI Bank ltd,ATISHAY INFOTECH PVT. LTD.,171,18
IDBI Bank ltd,Matrix Processing House,436,11
IDBI Bank ltd,SREEVEN INFOCOM LIMITED,74,10
IDBI Bank ltd,UTI TECHNOLOGY SERVICES LIMITE,47,12
Indiapost,Delhi Integrated MMTS Ltd,38,44
Indiapost,Global Finsol Private Limited,1,2
Indiapost,M/S STAR DATA CENTRE,1,1
Indiapost,MARS Telecom Systems Pvt Ltd,0,9
Indiapost,Smart Chip Limited,4,1
Indiapost,Vayam technologies Ltd,2,0
Indiapost,WEBEL,11,36
Information Technology & Communication Department,4G INFORMATICS,4,8
Information Technology & Communication Department,BNR UDYOG LIMITED,3,2
Information Technology & Communication Department,Bloom Solutions Pvt Ltd,2,4
Information Technology & Communication Department,CSS TECHNERGY LIMITED,2,2
Information Technology & Communication Department,Directorate of ESD,10885,9220
Information Technology & Communication Department,GDC Advertising Pvt. Limited,1,5
Information Technology & Communication Department,JYOTHI COMPUTER SERVICES,1,10
Information Technology & Communication Department,Karvy Data Management Services,1,0
Information Technology & Communication Department,MARS Telecom Systems Pvt Ltd,19,19
Information Technology & Communication Department,SREEVEN INFOCOM LIMITED,1,12
Information Technology & Communication Department,Tera Software Ltd,4,15
Jammu and Kashmir Bank,COMTECH INSTITUTE OFTECHNOLOGY,0,1
Jharkhand,Alankit Assignments Limited,1,0
Jharkhand,Emdee Digitronics Pvt.Ltd.,0,3
Jharkhand,Nevaeh Technology Pvt. Ltd.,0,1
Jharkhand,STRATEGIC OUTSOURCING SERVICE,0,1
Jharkhand,Systematic & Advance Const P L,3,4
Jharkhand,VISION COMPTECH INTEGRATOR LTD,2,5
Jharkhand,Wipro Ltd,198,135
Mission Convergence - GNCT Del,Karvy Computershare Private Li,2,0
Mission Convergence - GNCT Del,NVR & ASSOCIATES LIMITED,11,11
NSDL e-Governance Infrastructure Limited,Abhipra Capital Ltd,964,194
NSDL e-Governance Infrastructure Limited,Alankit Assignments Limited,81,11
NSDL e-Governance Infrastructure Limited,Alankit Finsec Ltd,3394,348
NSDL e-Governance Infrastructure Limited,Delhi Integrated MMTS Ltd,0,1
NSDL e-Governance Infrastructure Limited,Global Finsol Private Limited,2,0
NSDL e-Governance Infrastructure Limited,Gujarat Infotech Ltd.,2040,179
NSDL e-Governance Infrastructure Limited,INTEGRATED REGISTRY SERVICES LTD,1,1
NSDL e-Governance Infrastructure Limited,Karvy Data Management Services,14600,2999
NSDL e-Governance Infrastructure Limited,N.K. Sharma Enterprises Ltd.,96,7
NSDL e-Governance Infrastructure Limited,Netlink software Pvt Ltd,118,27
NSDL e-Governance Infrastructure Limited,Offshoot Agency Pvt. Ltd.,406,21
NSDL e-Governance Infrastructure Limited,PROWIZ MANSYTEMS PVT LTD,1,1
NSDL e-Governance Infrastructure Limited,Promind Solutions P Limited,2427,297
NSDL e-Governance Infrastructure Limited,RELIGARE SECURITIES LTD,793,32
NSDL e-Governance Infrastructure Limited,Radiant Haroti Industries India Ltd,40,34
NSDL e-Governance Infrastructure Limited,Sri Ramraja Sarkar Lok Kalyan Trust,1308,189
NSDL e-Governance Infrastructure Limited,Utility Forms Pvt Ltd,847,239
NSDL e-Governance Infrastructure Limited,VIRGO SOFTECH LIMITED,12,0
Oriental Bank of Commerce,DATASOFT COMPUTER SERVICES(P),11,9
Oriental Bank of Commerce,FINANCIAL INFORMATION NETWORK,1,0
Oriental Bank of Commerce,JNET Technologies Pvt.Ltd,1,12
Oriental Bank of Commerce,Sri Ramraja Sarkar Lok Kalyan Trust,265,34
Oriental Bank of Commerce,Wipro Ltd,23,11
Principal Revenue Commissioner  Dept of Revenue  Govt of MP,Frontech Systems Pvt Ltd,8,4
Principal Revenue Commissioner  Dept of Revenue  Govt of MP,GDC Advertising Pvt. Limited,21,9
Principal Revenue Commissioner  Dept of Revenue  Govt of MP,K W Consulting P Ltd,9,77
Principal Revenue Commissioner  Dept of Revenue  Govt of MP,LYRA  CONSULTANCY SERVICE,12,1
Principal Revenue Commissioner  Dept of Revenue  Govt of MP,Netlink software Pvt Ltd,6,1
Principal Revenue Commissioner  Dept of Revenue  Govt of MP,OSWAL COMPUTERS & CONSULTANTS,6,10
Principal Revenue Commissioner  Dept of Revenue  Govt of MP,Tera Software Ltd,27,5
Principal Revenue Commissioner  Dept of Revenue  Govt of MP,The NSIC ltd,0,1
Principal Revenue Commissioner  Dept of Revenue  Govt of MP,Vedavaag Systems Limited,26,18
Punjab and Sind Bank,Matrix Processing House,333,117
Registrar General India - BEL,In Media Computer Services LLP,243,0
Registrar General India - BEL,Manipur Electronics Dev Corp,30,0
Registrar General India BEL2,4G INFORMATICS,1,0
Registrar General India BEL2,Computer LAB,14,28
Registrar General India BEL2,Emdee Digitronics Pvt.Ltd.,5,2
Registrar General India BEL2,In Media Computer Services LLP,13,0
Registrar General India BEL2,India Computer Technology,2,6
Registrar General India BEL2,Karvy Data Management Services,0,20
Registrar General India BEL2,MACRO INFOTECH PVT LTD,1,0
Registrar General India BEL2,Madras Security Printers Ltd,4,17
Registrar General India BEL2,Manipur Electronics Dev Corp,22,1
Registrar General India BEL2,Multiwave Innovation,11,15
Registrar General India BEL2,NVR & ASSOCIATES LIMITED,1,20
Registrar General India BEL2,Netlink software Pvt Ltd,24,25
Registrar General India BEL2,Nevaeh Technology Pvt. Ltd.,1,0
Registrar General India BEL2,Nielsen  India  Private Limited,3,4
Registrar General India BEL2,Om Softwares,141,45
Registrar General India BEL2,SREI INFRASTRUCTURE FINANCES L,0,23
Registrar General India BEL2,Satyanarayana Raju Company Pvt ltd,219,25
Registrar General India BEL2,Swathy Smartcards Hi-Tech Pvt,663,23
Registrar General India BEL2,Swiss Tech India Pvt Ltd,32,22
Registrar General India BEL2,Tera Software Ltd,80,6
Registrar General India BEL2,UNITED DATA SERVICES PRIVATE LIMITED,7,5
Registrar General India BEL2,Vansh Infotech Pvt Ltd,2,1
Registrar General India BEL2,Vedavaag Systems Limited,117,16
Registrar General India BEL2,Viesa Technologies,197,27
Registrar General India BEL2,WEBEL,1,0
Registrar General India ECIL,AVVAS INFOTECH PVT  LTD,11,5
Registrar General India ECIL,COMTECH INSTITUTE OFTECHNOLOGY,15,10
Registrar General India ECIL,COMTECHINFO SOLUTIONS PVT.LTD,13108,2815
Registrar General India ECIL,Chinar Construction Company Prime agency,428,1
Registrar General India ECIL,Clairvoyance Technologies Pvt.,2,4
Registrar General India ECIL,Computer LAB,139571,7010
Registrar General India ECIL,Eagle Software India Pvt. Ltd,67453,753
Registrar General India ECIL,Gundal Infotech Private Limited,1,0
Registrar General India ECIL,In Media Computer Services LLP,8886,195
Registrar General India ECIL,India Computer Technology,77381,7255
Registrar General India ECIL,Integrated Systems & Services,128,4
Registrar General India ECIL,Karvy Data Management Services,7559,89
Registrar General India ECIL,Krishna Infotech,68,1
Registrar General India ECIL,LYRA  CONSULTANCY SERVICE,10,2
Registrar General India ECIL,Madras Security Printers Ltd,87508,2098
Registrar General India ECIL,Mphasis Ltd,2,16
Registrar General India ECIL,Pioneer E Labs limited,34,0
Registrar General India ECIL,SWISSTECH NPR 57CR PROJECT PVT,91,585
Registrar General India ECIL,Tera Software Ltd,17692,772
Registrar General India ECIL,VEETECHNOLOGIES PVT. LTD,0,50
Registrar General India ECIL,Vedavaag Systems Limited,85,7
Registrar General India Others,COMTECH INSTITUTE OFTECHNOLOGY,0,5
Registrar General India Others,COMTECHINFO SOLUTIONS PVT.LTD,1,6
Registrar General India Others,Clairvoyance Technologies Pvt.,3,0
Registrar General India Others,Computer LAB,34,0
Registrar General India Others,Eagle Software India Pvt. Ltd,2,2
Registrar General India Others,In Media Computer Services LLP,4,1
Registrar General India Others,India Computer Technology,34,0
Registrar General India Others,Karvy Data Management Services,1,0
Registrar General India Others,Madras Security Printers Ltd,529,2
Registrar General India Others,Mphasis Ltd,0,2
Registrar General India Others,Om Softwares,1,0
Registrar General India Others,Vedavaag Systems Limited,0,3
Registrar General of India ITI,CSS TECHNERGY LIMITED,2,0
Registrar General of India ITI,CommunitiWorks Welfare Society,0,1
Registrar General of India ITI,Eagle Software India Pvt. Ltd,23,13
Registrar General of India ITI,Emdee Digitronics Pvt.Ltd.,20159,717
Registrar General of India ITI,In Media Computer Services LLP,95,0
Registrar General of India ITI,Karvy Data Management Services,9,4
Registrar General of India ITI,MKS Enterprises,5,1
Registrar General of India ITI,Madras Security Printers Ltd,2,3
Registrar General of India ITI,Mphasis Ltd,0,2
Registrar General of India ITI,Multiwave Innovation,0,3
Registrar General of India ITI,Nielsen  India  Private Limited,2,0
Registrar General of India ITI,Quick Data IT Services Pvt Ltd,16,0
Registrar General of India ITI,STRATEGIC OUTSOURCING SERVICE,2,1
Registrar General of India ITI,Satyanarayana Raju Company Pvt ltd,25,2
Registrar General of India ITI,Swathy Smartcards Hi-Tech Pvt,569,242
Registrar General of India ITI,VIRGO SOFTECH LIMITED,91,64
Registrar General of India ITI,Vedavaag Systems Limited,9,3
Registrar General of India ITI,WEBEL TECHNOLOGY LIMITED,1897,157
Registrar General of India ITI,Webx Technologies Private Limited,212,0
State Bank of Bikaner & Jaipur,Multiwave Innovation,32,3
UIDAI-Registrar,UIDAI-EA,27,8
UT of Puducherry,Madras Security Printers Ltd,0,1
Union Bank,FINANCIAL INFORMATION NETWORK,1373,795
Union Bank,Smart Chip Limited,1521,236
Union Bank,Vakrangee Softwares Limited,1630,286
