Gender,Age Band,Aadhaar generated,Enrolment Rejected
F,0 to 5 Years,6115,178
F,16 to 30 Years,43145,922
F,31 to 45 Years,39047,608
F,46 to 65 Years,29489,434
F,6 to 15 Years,24245,664
F,66 Years and Above,6555,109
M,0 to 5 Years,7031,184
M,16 to 30 Years,48690,1175
M,31 to 45 Years,38994,721
M,46 to 65 Years,30892,521
M,6 to 15 Years,27713,742
M,66 Years and Above,7678,153
T,0 to 5 Years,1,0
T,16 to 30 Years,10,0
T,31 to 45 Years,7,0
T,46 to 65 Years,4,0
T,6 to 15 Years,4,1
T,66 Years and Above,1,0
