State,District,Aadhaar generated,Enrolment Rejected
Andhra Pradesh,Adilabad,61,329
Andhra Pradesh,Anantapur,0,2
Andhra Pradesh,Ananthapur,131,121
Andhra Pradesh,Chittoor,120,237
Andhra Pradesh,Cuddapah,43,61
Andhra Pradesh,East Godavari,71,79
Andhra Pradesh,Guntur,38,92
Andhra Pradesh,Hyderabad,73,235
Andhra Pradesh,Karimnagar,91,52
Andhra Pradesh,Khammam,71,66
Andhra Pradesh,Krishna,76,35
Andhra Pradesh,Kurnool,97,508
Andhra Pradesh,Mahbubnagar,384,133
Andhra Pradesh,Medak,137,79
Andhra Pradesh,Nalgonda,22,148
Andhra Pradesh,Nellore,26,79
Andhra Pradesh,Nizamabad,149,102
Andhra Pradesh,Prakasam,88,56
Andhra Pradesh,Ranga Reddy,145,258
Andhra Pradesh,Srikakulam,21,70
Andhra Pradesh,Visakhapatnam,111,54
Andhra Pradesh,Vizianagaram,600,226
Andhra Pradesh,Warangal,91,65
Andhra Pradesh,West Godavari,152,180
Arunachal Pradesh,Dibang Valley,1,0
Arunachal Pradesh,Lohit,1,0
Arunachal Pradesh,Lower Dibang Valley,2,0
Arunachal Pradesh,West Kameng,1,0
Assam,Baksa,3,0
Assam,Barpeta,5,0
Assam,Cachar,1,0
Assam,Dhemaji,1,0
Assam,Dhubri,0,1
Assam,Dibrugarh,2,0
Assam,Goalpara,1,0
Assam,Golaghat,1,0
Assam,Hailakandi,2,1
Assam,Kamrup,1,0
Assam,Kamrup Metro,1,0
Assam,Karbi Anglong,1,0
Assam,Karimganj,1,1
Assam,Nagaon,24,1
Assam,Nalbari,1,0
Assam,North Cachar Hills,1,0
Assam,Sibsagar,3,0
Assam,Sonitpur,3,2
Assam,Tinsukia,1,0
Assam,Udalguri,2,0
Bihar,Araria,97,3
Bihar,Arwal,24,4
Bihar,Aurangabad,106,10
Bihar,Banka,469,66
Bihar,Begusarai,1062,99
Bihar,Bhagalpur,4412,92
Bihar,Bhojpur,1478,19
Bihar,Buxar,246,24
Bihar,Darbhanga,95,12
Bihar,East Champaran,1514,39
Bihar,Gaya,704,42
Bihar,Gopalganj,349,25
Bihar,Jamui,275,39
Bihar,Jehanabad,2273,19
Bihar,Kaimur (Bhabua),35,7
Bihar,Katihar,55,23
Bihar,Khagaria,60,0
Bihar,Kishanganj,18,8
Bihar,Lakhisarai,27,22
Bihar,Madhepura,50,2
Bihar,Madhubani,183,64
Bihar,Munger,969,94
Bihar,Muzaffarpur,7524,765
Bihar,Nalanda,67,13
Bihar,Nawada,445,13
Bihar,Patna,6651,854
Bihar,Purnia,4108,234
Bihar,Rohtas,3994,362
Bihar,Saharsa,141,23
Bihar,Samastipur,1627,23
Bihar,Saran,2897,202
Bihar,Sheikhpura,32,8
Bihar,Sheohar,12,6
Bihar,Sitamarhi,690,35
Bihar,Siwan,2260,92
Bihar,Supaul,195,22
Bihar,Vaishali,351,27
Bihar,West Champaran,1153,39
Chandigarh,Chandigarh,100,14
Chhattisgarh,Balod,351,19
Chhattisgarh,Baloda Bazar,872,39
Chhattisgarh,Bastar,237,32
Chhattisgarh,Bemetara,10,1
Chhattisgarh,Bilaspur,3661,354
Chhattisgarh,Dakshin Bastar Dantewada,1,0
Chhattisgarh,Dhamtari,1,2
Chhattisgarh,Durg,14559,273
Chhattisgarh,Gariyaband,35,1
Chhattisgarh,Janjgir Champa,2951,216
Chhattisgarh,Jashpur,5,0
Chhattisgarh,Kanker,6,1
Chhattisgarh,Kawardha,4,0
Chhattisgarh,Kondagaon,4284,113
Chhattisgarh,Korba,6,0
Chhattisgarh,Koriya,1,1
Chhattisgarh,Mahasamund,1434,127
Chhattisgarh,Mungeli,2084,53
Chhattisgarh,Narayanpur,19,0
Chhattisgarh,Raigarh,9,2
Chhattisgarh,Raipur,31,2
Chhattisgarh,Rajnandgaon,623,0
Chhattisgarh,Surajpur,3,0
Chhattisgarh,Surguja,534,9
Chhattisgarh,Uttar Bastar Kanker,56,12
Dadra and Nagar Haveli,Dadra and Nagar Haveli,491,0
Daman and Diu,Daman,14,11
Daman and Diu,Diu,0,5
Delhi,Central Delhi,164,64
Delhi,East Delhi,105,137
Delhi,New Delhi,24,4
Delhi,North Delhi,40,60
Delhi,North East,0,9
Delhi,North East Delhi,116,138
Delhi,North West Delhi,144,403
Delhi,South Delhi,451,257
Delhi,South West Delhi,176,70
Delhi,West Delhi,137,146
Goa,North Goa,0,5
Goa,South Goa,1,10
Gujarat,Ahmedabad,1420,274
Gujarat,Amreli,81,66
Gujarat,Anand,45,32
Gujarat,Banaskantha,888,20
Gujarat,Bharuch,13,6
Gujarat,Bhavnagar,1829,223
Gujarat,Dahod,46,126
Gujarat,Gandhinagar,2943,106
Gujarat,Jamnagar,319,167
Gujarat,Junagadh,1377,22
Gujarat,Kachchh,4647,146
Gujarat,Kheda,2356,53
Gujarat,Mahesana,81,24
Gujarat,Narmada,3,3
Gujarat,Navsari,53,30
Gujarat,Panchmahal,447,75
Gujarat,Patan,1030,54
Gujarat,Porbandar,14,10
Gujarat,Rajkot,603,71
Gujarat,Sabarkantha,4034,331
Gujarat,Surat,2219,353
Gujarat,Surendranagar,1178,20
Gujarat,Tapi,1290,19
Gujarat,The Dangs,796,100
Gujarat,Vadodara,5215,176
Gujarat,Valsad,926,132
Haryana,Ambala,175,53
Haryana,Bhiwani,23,42
Haryana,Faridabad,138,36
Haryana,Fatehabad,9,3
Haryana,Gurgaon,46,20
Haryana,Hisar,300,66
Haryana,Jhajjar,49,29
Haryana,Jind,168,52
Haryana,Kaithal,164,32
Haryana,Karnal,92,45
Haryana,Kurukshetra,103,39
Haryana,Mahendragarh,13,10
Haryana,Mewat,105,126
Haryana,Palwal,943,19
Haryana,Panchkula,36,15
Haryana,Panipat,40,22
Haryana,Rewari,13,11
Haryana,Rohtak,243,15
Haryana,Sirsa,72,22
Haryana,Sonipat,30,34
Haryana,Yamuna Nagar,204,90
Himachal Pradesh,Bilaspur,5,24
Himachal Pradesh,Chamba,5,22
Himachal Pradesh,Hamirpur,6,3
Himachal Pradesh,Kangra,20,38
Himachal Pradesh,Kinnaur,0,1
Himachal Pradesh,Kullu,0,1
Himachal Pradesh,Mandi,4,7
Himachal Pradesh,Shimla,4,26
Himachal Pradesh,Sirmaur,1,5
Himachal Pradesh,Solan,8,6
Himachal Pradesh,Una,1,6
Jammu and Kashmir,Anantnag,4,17
Jammu and Kashmir,Badgam,5,5
Jammu and Kashmir,Bandipore,2531,7
Jammu and Kashmir,Baramula,1001,7
Jammu and Kashmir,Doda,2,2
Jammu and Kashmir,Jammu,3345,101
Jammu and Kashmir,Kargil,1,1
Jammu and Kashmir,Kathua,7,3
Jammu and Kashmir,Kupwara,4809,42
Jammu and Kashmir,Leh,13,0
Jammu and Kashmir,Pulwama,1,0
Jammu and Kashmir,Punch,5,0
Jammu and Kashmir,Rajouri,3,0
Jammu and Kashmir,Reasi,1,0
Jammu and Kashmir,Srinagar,1,3
Jammu and Kashmir,Udhampur,1,5
Jharkhand,Bokaro,103,133
Jharkhand,Chatra,15,12
Jharkhand,Deoghar,48,49
Jharkhand,Dhanbad,323,52
Jharkhand,Dumka,15,17
Jharkhand,East Singhbhum,96,34
Jharkhand,Garhwa,264,39
Jharkhand,Giridih,205,70
Jharkhand,Godda,83,61
Jharkhand,Gumla,52,22
Jharkhand,Hazaribagh,70,67
Jharkhand,Jamtara,92,33
Jharkhand,Khunti,25,24
Jharkhand,Koderma,32,35
Jharkhand,Latehar,45,16
Jharkhand,Lohardaga,24,16
Jharkhand,Pakur,18,53
Jharkhand,Palamu,48,28
Jharkhand,Ramgarh,9,24
Jharkhand,Ranchi,232,93
Jharkhand,Sahibganj,35,18
Jharkhand,Seraikela-Kharsawan,15,24
Jharkhand,Simdega,175,9
Jharkhand,West Singhbhum,28,5
Karnataka,Bagalkot,281,17
Karnataka,Bangalore,386,161
Karnataka,Bangalore Rural,47,10
Karnataka,Belgaum,34,32
Karnataka,Bellary,507,40
Karnataka,Bidar,7,67
Karnataka,Bijapur,903,120
Karnataka,Bijapur(KAR),0,8
Karnataka,Chamarajanagar,26,32
Karnataka,Chikkaballapur,80,30
Karnataka,Chikmagalur,46,13
Karnataka,Chitradurga,25,30
Karnataka,Dakshina Kannada,15,24
Karnataka,Davangere,1859,443
Karnataka,Dharwad,370,35
Karnataka,Gadag,8,23
Karnataka,Gulbarga,402,177
Karnataka,Hassan,734,48
Karnataka,Haveri,13,99
Karnataka,Kodagu,4,3
Karnataka,Kolar,11,46
Karnataka,Koppal,39,15
Karnataka,Mandya,23,22
Karnataka,Mysore,0,26
Karnataka,Raichur,219,111
Karnataka,Ramanagar,14,4
Karnataka,Shimoga,50,24
Karnataka,Tumkur,21,68
Karnataka,Udupi,4,1
Karnataka,Uttara Kannada,58,6
Karnataka,Yadgir,14,41
Kerala,Alappuzha,40,29
Kerala,Ernakulam,87,33
Kerala,Idukki,36,6
Kerala,Kannur,282,44
Kerala,Kasaragod,205,33
Kerala,Kollam,120,35
Kerala,Kottayam,95,19
Kerala,Kozhikode,263,46
Kerala,Malappuram,666,86
Kerala,Palakkad,350,31
Kerala,Pathanamthitta,152,9
Kerala,Thiruvananthapuram,158,38
Kerala,Thrissur,74,15
Kerala,Wayanad,129,17
Madhya Pradesh,Alirajpur,25,14
Madhya Pradesh,Anuppur,41,6
Madhya Pradesh,Ashok Nagar,48,5
Madhya Pradesh,Balaghat,145,26
Madhya Pradesh,Barwani,77,82
Madhya Pradesh,Betul,887,53
Madhya Pradesh,Bhind,247,22
Madhya Pradesh,Bhopal,51,88
Madhya Pradesh,Burhanpur,3,26
Madhya Pradesh,Chhatarpur,48,23
Madhya Pradesh,Chhindwara,975,93
Madhya Pradesh,Damoh,188,100
Madhya Pradesh,Datia,58,6
Madhya Pradesh,Dewas,1829,144
Madhya Pradesh,Dhar,205,49
Madhya Pradesh,Dindori,62,25
Madhya Pradesh,Guna,200,63
Madhya Pradesh,Gwalior,205,45
Madhya Pradesh,Harda,5,30
Madhya Pradesh,Hoshangabad,60,28
Madhya Pradesh,Indore,132,81
Madhya Pradesh,Jabalpur,392,163
Madhya Pradesh,Jhabua,54,10
Madhya Pradesh,Katni,37,8
Madhya Pradesh,Khandwa,65,14
Madhya Pradesh,Khargone,672,66
Madhya Pradesh,Mandla,508,134
Madhya Pradesh,Mandsaur,196,29
Madhya Pradesh,Morena,261,70
Madhya Pradesh,Narsinghpur,29,11
Madhya Pradesh,Neemuch,2,6
Madhya Pradesh,Panna,29,4
Madhya Pradesh,Raisen,126,21
Madhya Pradesh,Rajgarh,5512,79
Madhya Pradesh,Ratlam,280,130
Madhya Pradesh,Rewa,21,15
Madhya Pradesh,Sagar,144,35
Madhya Pradesh,Satna,96,31
Madhya Pradesh,Sehore,307,100
Madhya Pradesh,Seoni,199,40
Madhya Pradesh,Shahdol,39,17
Madhya Pradesh,Shajapur,307,187
Madhya Pradesh,Sheopur,16,2
Madhya Pradesh,Shivpuri,171,17
Madhya Pradesh,Sidhi,20,9
Madhya Pradesh,Singrauli,244,34
Madhya Pradesh,Tikamgarh,168,44
Madhya Pradesh,Ujjain,214,101
Madhya Pradesh,Umaria,52,2
Madhya Pradesh,Vidisha,98,118
Maharashtra,Ahmednagar,170,34
Maharashtra,Akola,101,10
Maharashtra,Amravati,245,21
Maharashtra,Aurangabad,218,70
Maharashtra,Beed,163,110
Maharashtra,Bhandara,39,24
Maharashtra,Buldhana,231,30
Maharashtra,Chandrapur,475,59
Maharashtra,Dhule,5,16
Maharashtra,Gadchiroli,585,38
Maharashtra,Gondia,61,96
Maharashtra,Hingoli,95,8
Maharashtra,Jalgaon,47,57
Maharashtra,Jalna,32,59
Maharashtra,Kolhapur,145,33
Maharashtra,Latur,60,41
Maharashtra,Mumbai,228,164
Maharashtra,Nagpur,74,26
Maharashtra,Nanded,436,88
Maharashtra,Nandurbar,10,9
Maharashtra,Nashik,265,67
Maharashtra,Osmanabad,85,58
Maharashtra,Parbhani,107,40
Maharashtra,Pune,151,39
Maharashtra,Raigad,63,31
Maharashtra,Ratnagiri,309,44
Maharashtra,Sangli,139,44
Maharashtra,Satara,9,19
Maharashtra,Sindhudurg,30,25
Maharashtra,Solapur,277,148
Maharashtra,Thane,391,91
Maharashtra,Wardha,31,4
Maharashtra,Washim,208,16
Maharashtra,Yavatmal,167,21
Manipur,Chandel,1,0
Manipur,Imphal East,1,1
Manipur,Imphal West,21,4
Manipur,Senapati,2,0
Manipur,Tamenglong,0,2
Meghalaya,East Khasi Hills,2,0
Meghalaya,Jaintia Hills,1,1
Mizoram,Lunglei,0,3
Mizoram,Serchhip,1,0
Nagaland,Mokokchung,1,0
Nagaland,Mon,1,0
Nagaland,Peren,1,0
Nagaland,Zunheboto,1,0
Odisha,Angul,0,1
Odisha,Anugul,0,1
Odisha,Balangir,12,2
Odisha,Baleswar,11,5
Odisha,Bargarh,0,1
Odisha,Bhadrak,22,6
Odisha,Cuttack,11,16
Odisha,Debagarh,0,1
Odisha,Dhenkanal,2,3
Odisha,Gajapati,0,1
Odisha,Ganjam,18,40
Odisha,Jagatsinghapur,5,2
Odisha,Jajapur,10,14
Odisha,Jharsuguda,0,1
Odisha,Kalahandi,3,1
Odisha,Kandhamal,0,3
Odisha,Kendrapara,4,4
Odisha,Kendujhar,3,9
Odisha,Khorda,7,52
Odisha,Malkangiri,1,0
Odisha,Mayurbhanj,5,10
Odisha,Nabarangapur,1,0
Odisha,Nayagarh,141,3
Odisha,Nuapada,0,3
Odisha,Puri,3,4
Odisha,Rayagada,6,5
Odisha,Sambalpur,2,0
Odisha,Sonapur,0,2
Odisha,Sundergarh,7,3
Others,Others,905,2055
Puducherry,Karaikal,10,3
Puducherry,Puducherry,35,37
Punjab,Amritsar,112,76
Punjab,Barnala,33,37
Punjab,Bathinda,144,45
Punjab,Faridkot,43,36
Punjab,Fatehgarh Sahib,44,17
Punjab,Fazilka,168,67
Punjab,Firozpur,32,28
Punjab,Gurdaspur,86,70
Punjab,Hoshiarpur,103,36
Punjab,Jalandhar,154,175
Punjab,Kapurthala,41,21
Punjab,Ludhiana,233,234
Punjab,Mansa,52,28
Punjab,Moga,183,50
Punjab,Pathankot,32,7
Punjab,Patiala,169,116
Punjab,Rupnagar,89,14
Punjab,SAS Nagar (Mohali),113,32
Punjab,Sangrur,79,58
Punjab,Shaheed Bhagat Singh Nagar,43,15
Punjab,Sri Muktsar Sahib,50,25
Punjab,Tarn Taran,70,59
Rajasthan,Ajmer,110,97
Rajasthan,Alwar,103,61
Rajasthan,Banswara,68,33
Rajasthan,Baran,17,22
Rajasthan,Barmer,45,26
Rajasthan,Bharatpur,30,28
Rajasthan,Bhilwara,13,20
Rajasthan,Bikaner,265,57
Rajasthan,Bundi,201,5
Rajasthan,Chittorgarh,40,66
Rajasthan,Churu,111,19
Rajasthan,Dausa,38,84
Rajasthan,Dholpur,63,60
Rajasthan,Dungarpur,76,12
Rajasthan,Ganganagar,112,5
Rajasthan,Hanumangarh,42,36
Rajasthan,Jaipur,255,76
Rajasthan,Jaisalmer,18,15
Rajasthan,Jalor,14,10
Rajasthan,Jhalawar,16,24
Rajasthan,Jhunjhunu,30,38
Rajasthan,Jodhpur,144,82
Rajasthan,Karauli,18,9
Rajasthan,Kota,26,8
Rajasthan,Nagaur,201,44
Rajasthan,Pali,66,32
Rajasthan,Pratapgarh,6,9
Rajasthan,Rajsamand,6,4
Rajasthan,Sawai Madhopur,1060,70
Rajasthan,Sikar,90,45
Rajasthan,Sirohi,2,1
Rajasthan,Tonk,33,35
Rajasthan,Udaipur,27,34
Sikkim,East Sikkim,10,0
Sikkim,South Sikkim,1,10
Tamil Nadu,Ariyalur,0,1
Tamil Nadu,Chennai,295,26
Tamil Nadu,Coimbatore,10,16
Tamil Nadu,Cuddalore,9,6
Tamil Nadu,Dharmapuri,10,12
Tamil Nadu,Dindigul,16,11
Tamil Nadu,Erode,4,12
Tamil Nadu,Kancheepuram,21,38
Tamil Nadu,Kanyakumari,5,1
Tamil Nadu,Karur,1,3
Tamil Nadu,Krishnagiri,14,10
Tamil Nadu,Madurai,7,1
Tamil Nadu,Nagapattinam,73,1
Tamil Nadu,Namakkal,16,19
Tamil Nadu,Perambalur,5,1
Tamil Nadu,Pudukkottai,0,4
Tamil Nadu,Ramanathapuram,1,3
Tamil Nadu,Salem,22,23
Tamil Nadu,Sivaganga,6,4
Tamil Nadu,Thanjavur,11,2
Tamil Nadu,The Nilgiris,5,2
Tamil Nadu,Theni,6,7
Tamil Nadu,Thiruvarur,2,1
Tamil Nadu,Thoothukudi,2,2
Tamil Nadu,Tiruchirappalli,4,7
Tamil Nadu,Tirunelveli,6,5
Tamil Nadu,Tirupur,23,20
Tamil Nadu,Tiruvallur,45,222
Tamil Nadu,Tiruvannamalai,8,11
Tamil Nadu,Tiruvarur,1,0
Tamil Nadu,Vellore,63,90
Tamil Nadu,Viluppuram,18,9
Tamil Nadu,Virudhunagar,2,2
Tripura,Dhalai,1,1
Tripura,Gomati,39,5
Tripura,Khowai,169,3
Tripura,North Tripura,1,2
Tripura,Sepahijala,192,41
Tripura,South Tripura,169,18
Tripura,Unakoti,1,10
Tripura,West Tripura,49,9
Uttar Pradesh,Agra,6338,749
Uttar Pradesh,Aligarh,3612,337
Uttar Pradesh,Allahabad,2022,192
Uttar Pradesh,Ambedkar Nagar,2395,111
Uttar Pradesh,Amethi,322,103
Uttar Pradesh,Amroha,5700,93
Uttar Pradesh,Auraiya,227,18
Uttar Pradesh,Azamgarh,1079,195
Uttar Pradesh,Baghpat,109,17
Uttar Pradesh,Bahraich,818,386
Uttar Pradesh,Ballia,6203,277
Uttar Pradesh,Balrampur,505,47
Uttar Pradesh,Banda,104,14
Uttar Pradesh,Barabanki,1087,229
Uttar Pradesh,Bareilly,4805,375
Uttar Pradesh,Basti,455,59
Uttar Pradesh,Bijnor,8854,319
Uttar Pradesh,Budaun,747,39
Uttar Pradesh,Bulandshahr,527,73
Uttar Pradesh,Chandauli,736,95
Uttar Pradesh,Chitrakoot,154,16
Uttar Pradesh,Deoria,2220,71
Uttar Pradesh,Etah,896,173
Uttar Pradesh,Etawah,16,19
Uttar Pradesh,Faizabad,3765,76
Uttar Pradesh,Farrukhabad,991,169
Uttar Pradesh,Fatehpur,76,26
Uttar Pradesh,Firozabad,861,31
Uttar Pradesh,Gautam Buddha Nagar,2643,284
Uttar Pradesh,Ghaziabad,5818,872
Uttar Pradesh,Ghazipur,171,28
Uttar Pradesh,Gonda,52,13
Uttar Pradesh,Gorakhpur,6079,442
Uttar Pradesh,Hamirpur,60,4
Uttar Pradesh,Hapur,3,589
Uttar Pradesh,Hardoi,711,75
Uttar Pradesh,Hathras,467,218
Uttar Pradesh,Jalaun,817,54
Uttar Pradesh,Jaunpur,1029,74
Uttar Pradesh,Jhansi,1491,191
Uttar Pradesh,Kannauj,2154,82
Uttar Pradesh,Kanpur Dehat,805,130
Uttar Pradesh,Kanpur Nagar,1409,505
Uttar Pradesh,Kasganj,1743,159
Uttar Pradesh,Kaushambi,125,29
Uttar Pradesh,Kheri,497,57
Uttar Pradesh,Kushinagar,750,145
Uttar Pradesh,Lalitpur,554,35
Uttar Pradesh,Lucknow,3748,916
Uttar Pradesh,Maharajganj,1323,23
Uttar Pradesh,Mahoba,6,2
Uttar Pradesh,Mainpuri,56,35
Uttar Pradesh,Mathura,6081,376
Uttar Pradesh,Mau,3306,148
Uttar Pradesh,Meerut,9665,842
Uttar Pradesh,Mirzapur,2805,107
Uttar Pradesh,Moradabad,5056,394
Uttar Pradesh,Muzaffarnagar,698,37
Uttar Pradesh,Pilibhit,16,6
Uttar Pradesh,Pratapgarh,482,255
Uttar Pradesh,Raebareli,26,30
Uttar Pradesh,Rampur,14,9
Uttar Pradesh,Saharanpur,10000,189
Uttar Pradesh,Sambhal,3302,142
Uttar Pradesh,Sant Kabir Nagar,18,18
Uttar Pradesh,Sant Ravidas Nagar,176,59
Uttar Pradesh,Shahjahanpur,26,9
Uttar Pradesh,Shamli,86,23
Uttar Pradesh,Shrawasti,5,9
Uttar Pradesh,Siddharthnagar,1280,79
Uttar Pradesh,Sitapur,3058,170
Uttar Pradesh,Sonbhadra,489,22
Uttar Pradesh,Sultanpur,982,8
Uttar Pradesh,Unnao,6027,209
Uttar Pradesh,Varanasi,6572,380
Uttarakhand,Almora,17,0
Uttarakhand,Bageshwar,4,1
Uttarakhand,Chamoli,10,1
Uttarakhand,Champawat,3,1
Uttarakhand,Dehradun,2832,78
Uttarakhand,Haridwar,4720,105
Uttarakhand,Nainital,6,0
Uttarakhand,Pauri Garhwal,33,30
Uttarakhand,Pithoragarh,1,1
Uttarakhand,Rudraprayag,6,0
Uttarakhand,Tehri Garhwal,13,1
Uttarakhand,Udham Singh Nagar,31,15
Uttarakhand,Uttarkashi,4,1
West Bengal,Bankura,55,2
West Bengal,Bardhaman,264,122
West Bengal,Birbhum,58,10
West Bengal,Cooch Behar,57,6
West Bengal,Darjeeling,1361,90
West Bengal,East Midnapore,1985,113
West Bengal,Hooghly,5463,13
West Bengal,Howrah,25,10
West Bengal,Jalpaiguri,6361,739
West Bengal,Kolkata,18,40
West Bengal,Malda,26,5
West Bengal,Medinipur,330,384
West Bengal,Murshidabad,120,335
West Bengal,Nadia,1133,431
West Bengal,North 24 Parganas,115,12
West Bengal,North Dinajpur,4407,521
West Bengal,Purulia,19,84
West Bengal,South 24 Parganas,4693,172
West Bengal,South Dinajpur,9,1
West Bengal,South Twenty Four Parganas,1,3
West Bengal,West Midnapore,8496,23
