State,District,Aadhaar generated,Enrolment Rejected
Andaman and Nicobar Islands,South Andaman,1,1
Andhra Pradesh,Adilabad,213,137
Andhra Pradesh,Ananthapur,651,418
Andhra Pradesh,Chittoor,480,154
Andhra Pradesh,Cuddapah,310,81
Andhra Pradesh,East Godavari,388,129
Andhra Pradesh,Guntur,137,60
Andhra Pradesh,Hyderabad,110,43
Andhra Pradesh,Karimnagar,638,150
Andhra Pradesh,Khammam,790,224
Andhra Pradesh,Krishna,142,41
Andhra Pradesh,Kurnool,310,332
Andhra Pradesh,Mahbubnagar,1276,322
Andhra Pradesh,Medak,180,155
Andhra Pradesh,Nalgonda,254,88
Andhra Pradesh,Nellore,686,137
Andhra Pradesh,Nizamabad,403,217
Andhra Pradesh,Prakasam,385,171
Andhra Pradesh,Ranga Reddy,246,155
Andhra Pradesh,Srikakulam,318,104
Andhra Pradesh,Visakhapatnam,401,216
Andhra Pradesh,Vizianagaram,517,702
Andhra Pradesh,Warangal,711,205
Andhra Pradesh,West Godavari,259,177
Arunachal Pradesh,East Siang,1,0
Arunachal Pradesh,Papum Pare,4,1
Arunachal Pradesh,West Kameng,1,0
Assam,Baksa,2,1
Assam,Barpeta,1,0
Assam,Chirang,6,1
Assam,Darrang,1,0
Assam,Dhemaji,1,2
Assam,Dhubri,3,0
Assam,Dibrugarh,2,0
Assam,Golaghat,3,1
Assam,Hailakandi,3,0
Assam,Jorhat,4,0
Assam,Kamrup,5,1
Assam,Karbi Anglong,3,0
Assam,Karimganj,2,1
Assam,Kokrajhar,1,0
Assam,Lakhimpur,3,0
Assam,Marigaon,2,0
Assam,Nagaon,8,0
Assam,Nalbari,1,0
Assam,North Cachar Hills,3,0
Assam,Sibsagar,22,0
Assam,Sonitpur,6,1
Assam,Tinsukia,1,1
Assam,Udalguri,1,0
Bihar,Araria,1064,15
Bihar,Arwal,30,7
Bihar,Aurangabad,522,73
Bihar,Banka,2455,188
Bihar,Begusarai,1070,216
Bihar,Bhagalpur,922,102
Bihar,Bhojpur,268,106
Bihar,Buxar,265,53
Bihar,Darbhanga,196,16
Bihar,East Champaran,1015,115
Bihar,Gaya,1991,86
Bihar,Gopalganj,1133,606
Bihar,Jamui,225,23
Bihar,Jehanabad,389,84
Bihar,Kaimur (Bhabua),48,4
Bihar,Katihar,182,36
Bihar,Khagaria,33,6
Bihar,Kishanganj,178,37
Bihar,Lakhisarai,1030,16
Bihar,Madhepura,36,10
Bihar,Madhubani,2307,179
Bihar,Munger,1840,167
Bihar,Muzaffarpur,5707,531
Bihar,Nalanda,129,28
Bihar,Nawada,82,19
Bihar,Patna,9036,1979
Bihar,Purnia,2477,281
Bihar,Rohtas,1447,123
Bihar,Saharsa,89,17
Bihar,Samastipur,667,106
Bihar,Saran,1838,264
Bihar,Sheikhpura,22,9
Bihar,Sheohar,14,6
Bihar,Sitamarhi,809,67
Bihar,Siwan,660,138
Bihar,Supaul,297,17
Bihar,Vaishali,513,63
Bihar,West Champaran,1414,112
Chandigarh,Chandigarh,113,40
Chhattisgarh,Balod,1487,81
Chhattisgarh,Baloda Bazar,1432,39
Chhattisgarh,Balrampur,41,0
Chhattisgarh,Bastar,160,21
Chhattisgarh,Bemetara,419,4
Chhattisgarh,Bilaspur,5565,212
Chhattisgarh,Dakshin Bastar Dantewada,1,0
Chhattisgarh,Dantewada,1,0
Chhattisgarh,Dhamtari,69,25
Chhattisgarh,Durg,5348,525
Chhattisgarh,Gariyaband,32,4
Chhattisgarh,Janjgir Champa,444,102
Chhattisgarh,Jashpur,2,0
Chhattisgarh,Kanker,102,11
Chhattisgarh,Kawardha,2,0
Chhattisgarh,Kondagaon,631,55
Chhattisgarh,Korba,641,29
Chhattisgarh,Koriya,1,3
Chhattisgarh,Mahasamund,1313,52
Chhattisgarh,Mungeli,3671,58
Chhattisgarh,Narayanpur,176,24
Chhattisgarh,Raigarh,1192,228
Chhattisgarh,Raipur,47,39
Chhattisgarh,Rajnandgaon,3848,46
Chhattisgarh,Surajpur,2,0
Chhattisgarh,Surguja,1347,53
Chhattisgarh,Uttar Bastar Kanker,2350,42
Dadra and Nagar Haveli,Dadra and Nagar Haveli,44,18
Daman and Diu,Daman,8,0
Daman and Diu,Diu,1,0
Delhi,Central Delhi,117,112
Delhi,East Delhi,295,467
Delhi,New Delhi,3,8
Delhi,North Delhi,80,257
Delhi,North East,0,564
Delhi,North East Delhi,218,238
Delhi,North West Delhi,667,858
Delhi,South Delhi,396,386
Delhi,South West Delhi,155,190
Delhi,West Delhi,159,192
Goa,North Goa,1,2
Goa,South Goa,1,4
Gujarat,Ahmedabad,3405,166
Gujarat,Amreli,24,27
Gujarat,Anand,226,17
Gujarat,Banaskantha,1690,70
Gujarat,Bharuch,9,16
Gujarat,Bhavnagar,2121,157
Gujarat,Dahod,84,25
Gujarat,Gandhinagar,1036,82
Gujarat,Jamnagar,1623,75
Gujarat,Junagadh,288,54
Gujarat,Kachchh,2304,89
Gujarat,Kheda,425,66
Gujarat,Mahesana,63,34
Gujarat,Narmada,6,4
Gujarat,Navsari,83,88
Gujarat,Panchmahal,248,114
Gujarat,Patan,34,11
Gujarat,Porbandar,1093,23
Gujarat,Rajkot,388,63
Gujarat,Sabarkantha,398,194
Gujarat,Surat,551,253
Gujarat,Surendranagar,312,35
Gujarat,Tapi,185,30
Gujarat,The Dangs,1387,24
Gujarat,Vadodara,1558,190
Gujarat,Valsad,130,41
Haryana,Ambala,127,167
Haryana,Bhiwani,108,68
Haryana,Faridabad,51,46
Haryana,Fatehabad,21,11
Haryana,Gurgaon,81,100
Haryana,Hisar,58,80
Haryana,Jhajjar,31,44
Haryana,Jind,416,155
Haryana,Kaithal,476,95
Haryana,Karnal,858,142
Haryana,Kurukshetra,1056,193
Haryana,Mahendragarh,39,39
Haryana,Mewat,473,115
Haryana,Palwal,96,45
Haryana,Panchkula,29,12
Haryana,Panipat,200,187
Haryana,Rewari,21,21
Haryana,Rohtak,114,60
Haryana,Sirsa,75,60
Haryana,Sonipat,75,57
Haryana,Yamuna Nagar,318,302
Himachal Pradesh,Bilaspur,4,8
Himachal Pradesh,Chamba,6,18
Himachal Pradesh,Hamirpur,2,11
Himachal Pradesh,Kangra,25,56
Himachal Pradesh,Kinnaur,2,9
Himachal Pradesh,Kullu,13,10
Himachal Pradesh,Mandi,57,25
Himachal Pradesh,Shimla,8,21
Himachal Pradesh,Sirmaur,12,13
Himachal Pradesh,Solan,8,14
Himachal Pradesh,Una,4,13
Jammu and Kashmir,Anantnag,8,4
Jammu and Kashmir,Badgam,43,16
Jammu and Kashmir,Bandipore,123,7
Jammu and Kashmir,Baramula,12,27
Jammu and Kashmir,Doda,3,2
Jammu and Kashmir,Jammu,806,143
Jammu and Kashmir,Kathua,12,3
Jammu and Kashmir,Kupwara,6060,32
Jammu and Kashmir,Leh,1,0
Jammu and Kashmir,Pulwama,330,1
Jammu and Kashmir,Punch,11,0
Jammu and Kashmir,Rajouri,5,0
Jammu and Kashmir,Reasi,94,1
Jammu and Kashmir,Srinagar,1,19
Jammu and Kashmir,Udhampur,3,2
Jharkhand,Bokaro,26,67
Jharkhand,Chatra,13,48
Jharkhand,Deoghar,36,37
Jharkhand,Dhanbad,317,173
Jharkhand,Dumka,18,74
Jharkhand,East Singhbhum,100,76
Jharkhand,Garhwa,209,272
Jharkhand,Giridih,140,82
Jharkhand,Godda,81,73
Jharkhand,Gumla,28,32
Jharkhand,Hazaribagh,60,65
Jharkhand,Jamtara,28,17
Jharkhand,Khunti,12,21
Jharkhand,Koderma,12,63
Jharkhand,Latehar,79,24
Jharkhand,Lohardaga,34,33
Jharkhand,Pakur,10,32
Jharkhand,Palamu,179,174
Jharkhand,Ramgarh,11,31
Jharkhand,Ranchi,118,219
Jharkhand,Sahibganj,25,17
Jharkhand,Seraikela-Kharsawan,13,24
Jharkhand,Simdega,163,48
Jharkhand,West Singhbhum,17,52
Karnataka,Bagalkot,233,78
Karnataka,Bangalore,246,107
Karnataka,Bangalore Rural,22,14
Karnataka,Belgaum,12,81
Karnataka,Bellary,399,180
Karnataka,Bidar,163,33
Karnataka,Bijapur,551,109
Karnataka,Bijapur(KAR),0,67
Karnataka,Chamarajanagar,34,28
Karnataka,Chikkaballapur,17,361
Karnataka,Chikmagalur,24,16
Karnataka,Chitradurga,102,147
Karnataka,Dakshina Kannada,2,12
Karnataka,Davangere,122,287
Karnataka,Dharwad,92,77
Karnataka,Gadag,15,50
Karnataka,Gulbarga,616,112
Karnataka,Hassan,194,144
Karnataka,Haveri,330,1354
Karnataka,Kodagu,0,11
Karnataka,Kolar,59,845
Karnataka,Koppal,151,47
Karnataka,Mandya,250,136
Karnataka,Mysore,20,67
Karnataka,Raichur,492,296
Karnataka,Ramanagar,22,6
Karnataka,Shimoga,52,68
Karnataka,Tumkur,233,97
Karnataka,Udupi,22,121
Karnataka,Uttara Kannada,14,46
Karnataka,Yadgir,175,62
Kerala,Alappuzha,217,90
Kerala,Ernakulam,311,80
Kerala,Idukki,153,38
Kerala,Kannur,416,69
Kerala,Kasaragod,39,51
Kerala,Kollam,408,131
Kerala,Kottayam,191,64
Kerala,Kozhikode,983,119
Kerala,Malappuram,788,193
Kerala,Palakkad,445,101
Kerala,Pathanamthitta,153,34
Kerala,Thiruvananthapuram,419,158
Kerala,Thrissur,406,110
Kerala,Wayanad,169,55
Madhya Pradesh,Alirajpur,105,22
Madhya Pradesh,Anuppur,15,3
Madhya Pradesh,Ashok Nagar,47,59
Madhya Pradesh,Balaghat,54,44
Madhya Pradesh,Barwani,531,215
Madhya Pradesh,Betul,133,86
Madhya Pradesh,Bhind,169,40
Madhya Pradesh,Bhopal,103,37
Madhya Pradesh,Burhanpur,13,4
Madhya Pradesh,Chhatarpur,249,45
Madhya Pradesh,Chhindwara,207,73
Madhya Pradesh,Damoh,698,80
Madhya Pradesh,Datia,60,40
Madhya Pradesh,Dewas,262,82
Madhya Pradesh,Dhar,254,87
Madhya Pradesh,Dindori,143,30
Madhya Pradesh,Guna,179,206
Madhya Pradesh,Gwalior,103,62
Madhya Pradesh,Harda,191,22
Madhya Pradesh,Hoshangabad,35,25
Madhya Pradesh,Indore,69,120
Madhya Pradesh,Jabalpur,361,71
Madhya Pradesh,Jhabua,250,10
Madhya Pradesh,Katni,63,17
Madhya Pradesh,Khandwa,78,41
Madhya Pradesh,Khargone,180,92
Madhya Pradesh,Mandla,182,57
Madhya Pradesh,Mandsaur,113,58
Madhya Pradesh,Morena,383,40
Madhya Pradesh,Narsinghpur,76,20
Madhya Pradesh,Neemuch,15,13
Madhya Pradesh,Panna,47,11
Madhya Pradesh,Raisen,41,26
Madhya Pradesh,Rajgarh,439,67
Madhya Pradesh,Ratlam,313,159
Madhya Pradesh,Rewa,71,26
Madhya Pradesh,Sagar,307,43
Madhya Pradesh,Satna,148,61
Madhya Pradesh,Sehore,125,75
Madhya Pradesh,Seoni,176,69
Madhya Pradesh,Shahdol,72,21
Madhya Pradesh,Shajapur,111,50
Madhya Pradesh,Sheopur,39,7
Madhya Pradesh,Shivpuri,499,74
Madhya Pradesh,Sidhi,70,19
Madhya Pradesh,Singrauli,32,10
Madhya Pradesh,Tikamgarh,120,57
Madhya Pradesh,Ujjain,62,79
Madhya Pradesh,Umaria,31,7
Madhya Pradesh,Vidisha,78,50
Maharashtra,Ahmednagar,119,50
Maharashtra,Akola,55,45
Maharashtra,Amravati,74,89
Maharashtra,Aurangabad,86,64
Maharashtra,Beed,271,39
Maharashtra,Bhandara,42,42
Maharashtra,Buldhana,332,61
Maharashtra,Chandrapur,92,63
Maharashtra,Dhule,220,26
Maharashtra,Gadchiroli,319,46
Maharashtra,Gondia,91,68
Maharashtra,Hingoli,105,29
Maharashtra,Jalgaon,715,87
Maharashtra,Jalna,49,54
Maharashtra,Kolhapur,43,76
Maharashtra,Latur,118,50
Maharashtra,Mumbai,452,135
Maharashtra,Nagpur,95,87
Maharashtra,Nanded,924,91
Maharashtra,Nandurbar,32,6
Maharashtra,Nashik,373,88
Maharashtra,Osmanabad,127,19
Maharashtra,Parbhani,299,23
Maharashtra,Pune,361,142
Maharashtra,Raigad,69,50
Maharashtra,Ratnagiri,176,64
Maharashtra,Sangli,89,49
Maharashtra,Satara,116,83
Maharashtra,Sindhudurg,140,22
Maharashtra,Solapur,510,185
Maharashtra,Thane,356,182
Maharashtra,Wardha,13,10
Maharashtra,Washim,69,49
Maharashtra,Yavatmal,315,88
Manipur,Bishnupur,2,1
Manipur,Imphal East,206,1
Manipur,Imphal West,54,29
Manipur,Senapati,0,1
Manipur,Tamenglong,0,1
Manipur,Thoubal,1,4
Meghalaya,East Khasi Hills,1,0
Meghalaya,Jaintia Hills,0,1
Mizoram,Aizawl,681,26
Mizoram,Champhai,1,0
Mizoram,Kolasib,392,4
Mizoram,Lawngtlai,10,0
Mizoram,Lunglei,200,14
Mizoram,Serchhip,0,2
Nagaland,Dimapur,3,2
Nagaland,Kohima,0,1
Nagaland,Wokha,0,1
Odisha,Anugul,1,4
Odisha,Balangir,469,171
Odisha,Baleswar,13,8
Odisha,Bargarh,2,3
Odisha,Baudh,661,5
Odisha,Bhadrak,7,13
Odisha,Boudh,85,2
Odisha,Cuttack,397,1404
Odisha,Debagarh,401,15
Odisha,Dhenkanal,62,101
Odisha,Gajapati,0,3
Odisha,Ganjam,133,162
Odisha,Jagatsinghapur,8,48
Odisha,Jajapur,10,71
Odisha,Jharsuguda,886,77
Odisha,Kalahandi,7,1
Odisha,Kandhamal,3,4
Odisha,Kendrapara,37,8
Odisha,Kendujhar,9,18
Odisha,Khorda,28,629
Odisha,Khordha,0,21
Odisha,Koraput,1,2
Odisha,Malkangiri,20,396
Odisha,Mayurbhanj,9,10
Odisha,Nabarangapur,10,4
Odisha,Nayagarh,4,292
Odisha,Puri,17,168
Odisha,Rayagada,2,3
Odisha,Sambalpur,1,1
Odisha,Sonapur,2,6
Odisha,Sundergarh,8,16
Others,Others,4,3346
Puducherry,Karaikal,7,30
Puducherry,Puducherry,25,14
Punjab,Amritsar,129,118
Punjab,Barnala,80,52
Punjab,Bathinda,59,48
Punjab,Faridkot,71,37
Punjab,Fatehgarh Sahib,27,16
Punjab,Fazilka,40,51
Punjab,Firozpur,15,38
Punjab,Gurdaspur,233,109
Punjab,Hoshiarpur,134,62
Punjab,Jalandhar,167,98
Punjab,Kapurthala,60,45
Punjab,Ludhiana,278,246
Punjab,Mansa,49,27
Punjab,Moga,33,53
Punjab,Pathankot,29,27
Punjab,Patiala,73,51
Punjab,Rupnagar,35,35
Punjab,SAS Nagar (Mohali),181,45
Punjab,Sangrur,45,46
Punjab,Shaheed Bhagat Singh Nagar,22,30
Punjab,Sri Muktsar Sahib,26,31
Punjab,Tarn Taran,14,57
Rajasthan,Ajmer,50,44
Rajasthan,Alwar,123,45
Rajasthan,Banswara,145,37
Rajasthan,Baran,69,21
Rajasthan,Barmer,38,26
Rajasthan,Bharatpur,183,32
Rajasthan,Bhilwara,115,28
Rajasthan,Bikaner,64,28
Rajasthan,Bundi,42,14
Rajasthan,Chittorgarh,4,12
Rajasthan,Churu,38,27
Rajasthan,Dausa,14,23
Rajasthan,Dholpur,73,80
Rajasthan,Dungarpur,532,26
Rajasthan,Ganganagar,49,21
Rajasthan,Hanumangarh,40,26
Rajasthan,Jaipur,140,100
Rajasthan,Jaisalmer,30,33
Rajasthan,Jalor,7,23
Rajasthan,Jhalawar,138,68
Rajasthan,Jhunjhunu,131,56
Rajasthan,Jodhpur,103,56
Rajasthan,Karauli,7,2
Rajasthan,Kota,144,51
Rajasthan,Nagaur,86,61
Rajasthan,Pali,27,15
Rajasthan,Pratapgarh,293,10
Rajasthan,Rajsamand,18,11
Rajasthan,Sawai Madhopur,139,27
Rajasthan,Sikar,63,45
Rajasthan,Sirohi,0,4
Rajasthan,Tonk,38,40
Rajasthan,Udaipur,85,42
Sikkim,East Sikkim,2,6
Sikkim,North Sikkim,0,1
Sikkim,South Sikkim,2,4
Sikkim,West Sikkim,1,3
Tamil Nadu,Ariyalur,0,1
Tamil Nadu,Chennai,8,120
Tamil Nadu,Coimbatore,510,125
Tamil Nadu,Cuddalore,0,29
Tamil Nadu,Dharmapuri,0,57
Tamil Nadu,Dindigul,2,1
Tamil Nadu,Erode,42,525
Tamil Nadu,Kancheepuram,436,22
Tamil Nadu,Kanchipuram,0,1
Tamil Nadu,Kanyakumari,4,1
Tamil Nadu,Karur,0,5
Tamil Nadu,Krishnagiri,1,10
Tamil Nadu,Madurai,2,26
Tamil Nadu,Nagapattinam,2,18
Tamil Nadu,Namakkal,0,4
Tamil Nadu,Perambalur,1,43
Tamil Nadu,Pudukkottai,0,25
Tamil Nadu,Ramanathapuram,0,15
Tamil Nadu,Salem,1,104
Tamil Nadu,Sivaganga,0,5
Tamil Nadu,Thanjavur,2,36
Tamil Nadu,The Nilgiris,4,2
Tamil Nadu,Theni,1,28
Tamil Nadu,Thiruvarur,0,3
Tamil Nadu,Thoothukudi,0,9
Tamil Nadu,Tiruchirappalli,8,29
Tamil Nadu,Tirunelveli,5,18
Tamil Nadu,Tirupur,0,12
Tamil Nadu,Tiruvallur,4,464
Tamil Nadu,Tiruvannamalai,25,50
Tamil Nadu,Tiruvarur,0,16
Tamil Nadu,Vellore,10,32
Tamil Nadu,Viluppuram,6,29
Tamil Nadu,Virudhunagar,0,4
Tripura,Dhalai,1,6
Tripura,Gomati,13,12
Tripura,Khowai,93,7
Tripura,North Tripura,23,28
Tripura,Sepahijala,275,28
Tripura,South Tripura,135,52
Tripura,Unakoti,5,8
Tripura,West Tripura,17,33
Uttar Pradesh,Agra,16358,1575
Uttar Pradesh,Aligarh,8194,424
Uttar Pradesh,Allahabad,1809,1069
Uttar Pradesh,Ambedkar Nagar,1817,152
Uttar Pradesh,Amethi,124,41
Uttar Pradesh,Amroha,2398,148
Uttar Pradesh,Auraiya,1198,87
Uttar Pradesh,Azamgarh,765,100
Uttar Pradesh,Baghpat,899,36
Uttar Pradesh,Bahraich,554,105
Uttar Pradesh,Ballia,1954,230
Uttar Pradesh,Balrampur,196,70
Uttar Pradesh,Banda,227,70
Uttar Pradesh,Barabanki,3035,166
Uttar Pradesh,Bareilly,1977,496
Uttar Pradesh,Basti,3998,109
Uttar Pradesh,Bijnor,7170,323
Uttar Pradesh,Budaun,2477,77
Uttar Pradesh,Bulandshahr,4330,139
Uttar Pradesh,Chandauli,2551,95
Uttar Pradesh,Chitrakoot,15,12
Uttar Pradesh,Deoria,400,117
Uttar Pradesh,Etah,1893,193
Uttar Pradesh,Etawah,89,38
Uttar Pradesh,Faizabad,1720,107
Uttar Pradesh,Farrukhabad,1901,162
Uttar Pradesh,Fatehpur,783,186
Uttar Pradesh,Firozabad,1412,109
Uttar Pradesh,Gautam Buddha Nagar,9467,499
Uttar Pradesh,Ghaziabad,14305,1783
Uttar Pradesh,Ghazipur,374,70
Uttar Pradesh,Gonda,195,22
Uttar Pradesh,Gorakhpur,3199,489
Uttar Pradesh,Hamirpur,61,7
Uttar Pradesh,Hapur,94,292
Uttar Pradesh,Hardoi,1741,91
Uttar Pradesh,Hathras,5921,300
Uttar Pradesh,Jalaun,2316,151
Uttar Pradesh,Jaunpur,633,114
Uttar Pradesh,Jhansi,274,541
Uttar Pradesh,Kannauj,1269,92
Uttar Pradesh,Kanpur Dehat,740,158
Uttar Pradesh,Kanpur Nagar,7874,927
Uttar Pradesh,Kasganj,1754,138
Uttar Pradesh,Kaushambi,457,13
Uttar Pradesh,Kheri,433,113
Uttar Pradesh,Kushinagar,306,98
Uttar Pradesh,Lalitpur,1178,58
Uttar Pradesh,Lucknow,3020,2239
Uttar Pradesh,Maharajganj,752,77
Uttar Pradesh,Mahoba,31,11
Uttar Pradesh,Mainpuri,204,119
Uttar Pradesh,Mathura,8502,594
Uttar Pradesh,Mau,2284,132
Uttar Pradesh,Meerut,6150,802
Uttar Pradesh,Mirzapur,825,151
Uttar Pradesh,Moradabad,7203,774
Uttar Pradesh,Muzaffarnagar,423,45
Uttar Pradesh,Pilibhit,3101,99
Uttar Pradesh,Pratapgarh,146,140
Uttar Pradesh,Raebareli,246,28
Uttar Pradesh,Rampur,89,111
Uttar Pradesh,Saharanpur,3310,461
Uttar Pradesh,Sambhal,2415,123
Uttar Pradesh,Sant Kabir Nagar,59,25
Uttar Pradesh,Sant Ravidas Nagar,1040,85
Uttar Pradesh,Shahjahanpur,144,18
Uttar Pradesh,Shamli,332,57
Uttar Pradesh,Shrawasti,36,18
Uttar Pradesh,Siddharthnagar,471,46
Uttar Pradesh,Sitapur,3730,167
Uttar Pradesh,Sonbhadra,112,35
Uttar Pradesh,Sultanpur,1886,98
Uttar Pradesh,Unnao,1955,281
Uttar Pradesh,Varanasi,3571,629
Uttarakhand,Almora,51,25
Uttarakhand,Bageshwar,30,7
Uttarakhand,Chamoli,47,9
Uttarakhand,Champawat,15,5
Uttarakhand,Dehradun,652,123
Uttarakhand,Haridwar,267,353
Uttarakhand,Nainital,360,26
Uttarakhand,Pauri Garhwal,69,45
Uttarakhand,Pithoragarh,78,11
Uttarakhand,Rudraprayag,17,2
Uttarakhand,Tehri Garhwal,22,6
Uttarakhand,Udham Singh Nagar,1757,401
Uttarakhand,Uttarkashi,5,0
West Bengal,Bankura,7695,263
West Bengal,Bardhaman,138,219
West Bengal,Birbhum,8089,523
West Bengal,Cooch Behar,21,5
West Bengal,Darjeeling,625,249
West Bengal,East Midnapore,1091,103
West Bengal,Hooghly,2732,661
West Bengal,Howrah,9,45
West Bengal,Jalpaiguri,2975,229
West Bengal,Kolkata,67,247
West Bengal,Malda,42,32
West Bengal,Murshidabad,500,241
West Bengal,Nadia,988,331
West Bengal,North 24 Parganas,666,4192
West Bengal,North Dinajpur,496,633
West Bengal,Purulia,1245,746
West Bengal,South 24 Parganas,2058,144
West Bengal,South Dinajpur,49,25
West Bengal,South Twenty Four Parganas,0,1
West Bengal,West Midnapore,4033,761
