State,District,Aadhaar generated,Enrolment Rejected
Andhra Pradesh,Adilabad,44,42
Andhra Pradesh,Ananthapur,163,48
Andhra Pradesh,Chittoor,171,51
Andhra Pradesh,Cuddapah,32,20
Andhra Pradesh,East Godavari,90,21
Andhra Pradesh,Guntur,17,14
Andhra Pradesh,Hyderabad,97,39
Andhra Pradesh,Karimnagar,92,57
Andhra Pradesh,Khammam,81,22
Andhra Pradesh,Krishna,15,18
Andhra Pradesh,Kurnool,128,100
Andhra Pradesh,Mahbubnagar,257,100
Andhra Pradesh,Medak,29,45
Andhra Pradesh,Nalgonda,94,50
Andhra Pradesh,Nellore,566,13
Andhra Pradesh,Nizamabad,384,180
Andhra Pradesh,Prakasam,154,26
Andhra Pradesh,Ranga Reddy,113,85
Andhra Pradesh,Srikakulam,46,19
Andhra Pradesh,Visakhapatnam,303,40
Andhra Pradesh,Vizianagaram,246,36
Andhra Pradesh,Warangal,31,66
Andhra Pradesh,West Godavari,146,50
Arunachal Pradesh,Changlang,3,0
Arunachal Pradesh,Papum Pare,44,0
Arunachal Pradesh,West Kameng,1,0
Assam,Baksa,2,0
Assam,Barpeta,2,2
Assam,Bongaigaon,0,1
Assam,Cachar,10,1
Assam,Dhemaji,2,0
Assam,Dhubri,1,1
Assam,Golaghat,0,1
Assam,Hailakandi,2,0
Assam,Jorhat,0,2
Assam,Kamrup,1,0
Assam,Karimganj,2,0
Assam,Kokrajhar,1,0
Assam,Marigaon,0,1
Assam,Nagaon,1,0
Assam,Nalbari,0,1
Assam,Sonitpur,1,0
Assam,Tinsukia,1,2
Bihar,Araria,24,2
Bihar,Arwal,10,3
Bihar,Aurangabad,245,13
Bihar,Banka,407,45
Bihar,Begusarai,2169,77
Bihar,Bhagalpur,110,26
Bihar,Bhojpur,550,28
Bihar,Buxar,772,13
Bihar,Darbhanga,57,12
Bihar,East Champaran,1404,50
Bihar,Gaya,908,22
Bihar,Gopalganj,685,21
Bihar,Jamui,115,3
Bihar,Jehanabad,54,7
Bihar,Kaimur (Bhabua),8,4
Bihar,Katihar,116,5
Bihar,Khagaria,9,0
Bihar,Kishanganj,8,2
Bihar,Lakhisarai,594,20
Bihar,Madhepura,22,0
Bihar,Madhubani,206,7
Bihar,Munger,1501,22
Bihar,Muzaffarpur,5252,165
Bihar,Nalanda,61,9
Bihar,Nawada,1056,10
Bihar,Patna,6316,249
Bihar,Purnia,2904,81
Bihar,Rohtas,494,95
Bihar,Saharsa,96,1
Bihar,Samastipur,1041,10
Bihar,Saran,3252,59
Bihar,Sheikhpura,12,7
Bihar,Sheohar,10,0
Bihar,Sitamarhi,1046,34
Bihar,Siwan,3573,87
Bihar,Supaul,97,5
Bihar,Vaishali,2131,12
Bihar,West Champaran,2699,114
Chandigarh,Chandigarh,50,7
Chhattisgarh,Balod,1013,28
Chhattisgarh,Baloda Bazar,541,22
Chhattisgarh,Bastar,609,74
Chhattisgarh,Bemetara,4,0
Chhattisgarh,Bilaspur,483,35
Chhattisgarh,Dakshin Bastar Dantewada,1,0
Chhattisgarh,Dantewada,2,0
Chhattisgarh,Dhamtari,4,0
Chhattisgarh,Durg,11365,233
Chhattisgarh,Gariyaband,30,1
Chhattisgarh,Janjgir Champa,24,12
Chhattisgarh,Jashpur,1,0
Chhattisgarh,Kanker,42,0
Chhattisgarh,Kondagaon,1993,117
Chhattisgarh,Koriya,1,0
Chhattisgarh,Mahasamund,3968,42
Chhattisgarh,Mungeli,23,6
Chhattisgarh,Narayanpur,1051,26
Chhattisgarh,Raigarh,969,66
Chhattisgarh,Raipur,80,1
Chhattisgarh,Rajnandgaon,1477,19
Chhattisgarh,Surajpur,2,0
Chhattisgarh,Surguja,886,5
Chhattisgarh,Uttar Bastar Kanker,239,8
Dadra and Nagar Haveli,Dadra and Nagar Haveli,26,1
Daman and Diu,Daman,8,1
Delhi,Central Delhi,51,8
Delhi,East Delhi,192,174
Delhi,New Delhi,8,1
Delhi,North Delhi,28,15
Delhi,North East,0,1
Delhi,North East Delhi,132,108
Delhi,North West Delhi,137,53
Delhi,South Delhi,97,115
Delhi,South West Delhi,53,22
Delhi,West Delhi,29,52
Goa,South Goa,3,2
Gujarat,Ahmedabad,2014,159
Gujarat,Amreli,2332,18
Gujarat,Anand,71,3
Gujarat,Banaskantha,629,6
Gujarat,Bharuch,256,13
Gujarat,Bhavnagar,484,45
Gujarat,Dahod,67,13
Gujarat,Gandhinagar,726,40
Gujarat,Jamnagar,729,20
Gujarat,Junagadh,454,70
Gujarat,Kachchh,3050,266
Gujarat,Kheda,493,53
Gujarat,Mahesana,69,2
Gujarat,Navsari,240,40
Gujarat,Panchmahal,311,15
Gujarat,Patan,449,33
Gujarat,Porbandar,58,12
Gujarat,Rajkot,184,45
Gujarat,Sabarkantha,3689,196
Gujarat,Surat,595,83
Gujarat,Surendranagar,1316,2
Gujarat,Tapi,7,7
Gujarat,The Dangs,561,13
Gujarat,Vadodara,1669,200
Gujarat,Valsad,273,25
Haryana,Ambala,48,20
Haryana,Bhiwani,210,59
Haryana,Faridabad,8,44
Haryana,Fatehabad,0,6
Haryana,Gurgaon,36,32
Haryana,Hisar,19,30
Haryana,Jhajjar,36,15
Haryana,Jind,35,16
Haryana,Kaithal,33,21
Haryana,Karnal,51,18
Haryana,Kurukshetra,26,16
Haryana,Mahendragarh,2,3
Haryana,Mewat,1251,59
Haryana,Palwal,19,17
Haryana,Panchkula,18,4
Haryana,Panipat,76,10
Haryana,Rewari,5,9
Haryana,Rohtak,17,8
Haryana,Sirsa,99,28
Haryana,Sonipat,8,25
Haryana,Yamuna Nagar,261,16
Himachal Pradesh,Bilaspur,20,5
Himachal Pradesh,Chamba,21,3
Himachal Pradesh,Hamirpur,1,1
Himachal Pradesh,Kangra,71,9
Himachal Pradesh,Kullu,15,1
Himachal Pradesh,Mandi,8,7
Himachal Pradesh,Shimla,138,3
Himachal Pradesh,Sirmaur,18,4
Himachal Pradesh,Solan,12,4
Himachal Pradesh,Una,32,13
Jammu and Kashmir,Anantnag,3,0
Jammu and Kashmir,Badgam,1,0
Jammu and Kashmir,Bandipore,66,9
Jammu and Kashmir,Baramula,20,10
Jammu and Kashmir,Doda,1,0
Jammu and Kashmir,Jammu,1460,60
Jammu and Kashmir,Kathua,3,1
Jammu and Kashmir,Kupwara,37,11
Jammu and Kashmir,Punch,1,0
Jammu and Kashmir,Rajouri,1,0
Jammu and Kashmir,Reasi,0,2
Jammu and Kashmir,Srinagar,57,49
Jammu and Kashmir,Udhampur,2,0
Jharkhand,Bokaro,34,12
Jharkhand,Chatra,129,11
Jharkhand,Deoghar,22,13
Jharkhand,Dhanbad,607,59
Jharkhand,Dumka,14,26
Jharkhand,East Singhbhum,16,35
Jharkhand,Garhwa,144,37
Jharkhand,Giridih,198,53
Jharkhand,Godda,43,19
Jharkhand,Gumla,54,15
Jharkhand,Hazaribag,1,0
Jharkhand,Hazaribagh,35,10
Jharkhand,Jamtara,39,20
Jharkhand,Khunti,1,3
Jharkhand,Koderma,99,21
Jharkhand,Latehar,2,10
Jharkhand,Lohardaga,1,2
Jharkhand,Pakur,77,17
Jharkhand,Palamu,9,14
Jharkhand,Ramgarh,9,4
Jharkhand,Ranchi,62,39
Jharkhand,Sahibganj,47,13
Jharkhand,Seraikela-Kharsawan,16,7
Jharkhand,Simdega,137,14
Jharkhand,West Singhbhum,64,22
Karnataka,Bagalkot,54,2
Karnataka,Bangalore,37,19
Karnataka,Bangalore Rural,103,11
Karnataka,Belgaum,69,163
Karnataka,Bellary,25,92
Karnataka,Bidar,96,31
Karnataka,Bijapur,362,27
Karnataka,Bijapur(KAR),0,1
Karnataka,Chamarajanagar,352,10
Karnataka,Chikkaballapur,234,6
Karnataka,Chikmagalur,218,2
Karnataka,Chitradurga,111,27
Karnataka,Dakshina Kannada,4,10
Karnataka,Davangere,166,37
Karnataka,Dharwad,6,7
Karnataka,Gadag,1,7
Karnataka,Gulbarga,3098,324
Karnataka,Hassan,760,17
Karnataka,Haveri,56,11
Karnataka,Kodagu,2,4
Karnataka,Kolar,1,16
Karnataka,Koppal,1,1
Karnataka,Mandya,5,3
Karnataka,Mysore,252,13
Karnataka,Raichur,3,26
Karnataka,Ramanagar,2,4
Karnataka,Shimoga,97,4
Karnataka,Tumkur,5,5
Karnataka,Uttara Kannada,269,2
Karnataka,Yadgir,87,7
Kerala,Alappuzha,71,38
Kerala,Ernakulam,290,14
Kerala,Idukki,210,13
Kerala,Kannur,78,22
Kerala,Kasaragod,103,13
Kerala,Kollam,119,12
Kerala,Kottayam,115,5
Kerala,Kozhikode,190,8
Kerala,Malappuram,541,54
Kerala,Palakkad,224,17
Kerala,Pathanamthitta,39,5
Kerala,Thiruvananthapuram,212,16
Kerala,Thrissur,270,9
Kerala,Wayanad,180,13
Madhya Pradesh,Alirajpur,145,15
Madhya Pradesh,Anuppur,12,2
Madhya Pradesh,Ashok Nagar,192,18
Madhya Pradesh,Balaghat,113,54
Madhya Pradesh,Barwani,613,145
Madhya Pradesh,Betul,452,87
Madhya Pradesh,Bhind,121,8
Madhya Pradesh,Bhopal,169,22
Madhya Pradesh,Burhanpur,21,5
Madhya Pradesh,Chhatarpur,626,80
Madhya Pradesh,Chhindwara,128,54
Madhya Pradesh,Damoh,89,38
Madhya Pradesh,Datia,28,10
Madhya Pradesh,Dewas,324,54
Madhya Pradesh,Dhar,123,30
Madhya Pradesh,Dindori,234,106
Madhya Pradesh,Guna,149,13
Madhya Pradesh,Gwalior,270,15
Madhya Pradesh,Harda,9,5
Madhya Pradesh,Hoshangabad,36,17
Madhya Pradesh,Indore,264,40
Madhya Pradesh,Jabalpur,12,22
Madhya Pradesh,Jhabua,12,2
Madhya Pradesh,Katni,205,6
Madhya Pradesh,Khandwa,2,9
Madhya Pradesh,Khargone,121,52
Madhya Pradesh,Mandla,213,57
Madhya Pradesh,Mandsaur,70,10
Madhya Pradesh,Morena,259,11
Madhya Pradesh,Narsinghpur,86,10
Madhya Pradesh,Neemuch,3,1
Madhya Pradesh,Panna,24,0
Madhya Pradesh,Raisen,210,13
Madhya Pradesh,Rajgarh,1552,88
Madhya Pradesh,Ratlam,475,117
Madhya Pradesh,Rewa,8,8
Madhya Pradesh,Sagar,121,16
Madhya Pradesh,Satna,114,26
Madhya Pradesh,Sehore,451,59
Madhya Pradesh,Seoni,75,10
Madhya Pradesh,Shahdol,346,55
Madhya Pradesh,Shajapur,51,18
Madhya Pradesh,Sheopur,18,2
Madhya Pradesh,Shivpuri,32,25
Madhya Pradesh,Sidhi,24,8
Madhya Pradesh,Singrauli,9,7
Madhya Pradesh,Tikamgarh,22,8
Madhya Pradesh,Ujjain,368,27
Madhya Pradesh,Umaria,115,9
Madhya Pradesh,Vidisha,25,16
Maharashtra,Ahmednagar,59,16
Maharashtra,Akola,57,8
Maharashtra,Amravati,20,18
Maharashtra,Aurangabad,242,26
Maharashtra,Beed,134,9
Maharashtra,Bhandara,19,8
Maharashtra,Buldhana,232,11
Maharashtra,Chandrapur,180,14
Maharashtra,Dhule,34,6
Maharashtra,Gadchiroli,73,2
Maharashtra,Gondia,26,11
Maharashtra,Hingoli,109,3
Maharashtra,Jalgaon,108,16
Maharashtra,Jalna,45,11
Maharashtra,Kolhapur,117,8
Maharashtra,Latur,143,8
Maharashtra,Mumbai,459,59
Maharashtra,Nagpur,111,28
Maharashtra,Nanded,738,13
Maharashtra,Nandurbar,28,5
Maharashtra,Nashik,646,21
Maharashtra,Osmanabad,46,8
Maharashtra,Parbhani,73,2
Maharashtra,Pune,357,24
Maharashtra,Raigad,160,9
Maharashtra,Ratnagiri,127,7
Maharashtra,Sangli,15,3
Maharashtra,Satara,75,2
Maharashtra,Sindhudurg,23,3
Maharashtra,Solapur,450,42
Maharashtra,Thane,247,49
Maharashtra,Wardha,6,5
Maharashtra,Washim,112,14
Maharashtra,Yavatmal,318,20
Manipur,Chandel,0,1
Manipur,Imphal East,1,0
Manipur,Imphal West,9,1
Manipur,Thoubal,1,2
Meghalaya,West Garo Hills,1,0
Mizoram,Lawngtlai,6,1
Mizoram,Lunglei,219,1
Nagaland,Dimapur,0,1
Odisha,Angul,2,0
Odisha,Anugul,0,12
Odisha,Balangir,7,6
Odisha,Baleswar,15,1
Odisha,Baudh,0,2
Odisha,Bhadrak,4,0
Odisha,Cuttack,15,32
Odisha,Debagarh,2,0
Odisha,Dhenkanal,0,182
Odisha,Ganjam,12,6
Odisha,Jagatsinghapur,3,5
Odisha,Jajapur,2,1
Odisha,Kendrapara,5,55
Odisha,Khorda,5,9
Odisha,Khordha,0,59
Odisha,Mayurbhanj,1,0
Odisha,Nayagarh,21,15
Odisha,Nuapada,1,0
Odisha,Puri,29,50
Odisha,Rayagada,2,0
Odisha,Sambalpur,1,0
Odisha,Sundergarh,0,4
Others,Others,3,184
Puducherry,Karaikal,20,2
Puducherry,Puducherry,29,4
Punjab,Amritsar,101,51
Punjab,Barnala,16,8
Punjab,Bathinda,30,27
Punjab,Faridkot,15,4
Punjab,Fatehgarh Sahib,9,5
Punjab,Fazilka,28,19
Punjab,Firozpur,94,16
Punjab,Gurdaspur,22,36
Punjab,Hoshiarpur,80,15
Punjab,Jalandhar,18,14
Punjab,Kapurthala,14,11
Punjab,Ludhiana,285,20
Punjab,Mansa,29,10
Punjab,Moga,10,11
Punjab,Pathankot,10,14
Punjab,Patiala,23,33
Punjab,Rupnagar,4,5
Punjab,SAS Nagar (Mohali),10,7
Punjab,Sangrur,18,18
Punjab,Shaheed Bhagat Singh Nagar,14,9
Punjab,Sri Muktsar Sahib,25,13
Punjab,Tarn Taran,12,52
Rajasthan,Ajmer,8,13
Rajasthan,Alwar,59,16
Rajasthan,Banswara,165,10
Rajasthan,Baran,257,94
Rajasthan,Barmer,253,24
Rajasthan,Bharatpur,48,25
Rajasthan,Bhilwara,24,38
Rajasthan,Bikaner,38,9
Rajasthan,Bundi,56,9
Rajasthan,Chittorgarh,124,20
Rajasthan,Churu,81,11
Rajasthan,Dausa,21,14
Rajasthan,Dholpur,3,7
Rajasthan,Dungarpur,789,39
Rajasthan,Ganganagar,96,11
Rajasthan,Hanumangarh,17,8
Rajasthan,Jaipur,55,59
Rajasthan,Jaisalmer,4,2
Rajasthan,Jalor,523,16
Rajasthan,Jhalawar,1,2
Rajasthan,Jhunjhunu,18,28
Rajasthan,Jodhpur,446,25
Rajasthan,Karauli,3,2
Rajasthan,Kota,101,12
Rajasthan,Nagaur,322,25
Rajasthan,Pali,12,44
Rajasthan,Pratapgarh,3,4
Rajasthan,Rajsamand,2,1
Rajasthan,Sawai Madhopur,44,13
Rajasthan,Sikar,174,38
Rajasthan,Sirohi,0,26
Rajasthan,Tonk,350,29
Rajasthan,Udaipur,12,11
Sikkim,East Sikkim,2,0
Sikkim,South Sikkim,19,0
Sikkim,West Sikkim,1,1
Tamil Nadu,Ariyalur,3,1
Tamil Nadu,Chennai,48,10
Tamil Nadu,Coimbatore,169,37
Tamil Nadu,Cuddalore,25,3
Tamil Nadu,Dharmapuri,2,2
Tamil Nadu,Dindigul,0,2
Tamil Nadu,Erode,14,3
Tamil Nadu,Kancheepuram,43,5
Tamil Nadu,Kanchipuram,0,3
Tamil Nadu,Kanyakumari,19,2
Tamil Nadu,Karur,6,1
Tamil Nadu,Krishnagiri,1,6
Tamil Nadu,Madurai,5,8
Tamil Nadu,Nagapattinam,4,5
Tamil Nadu,Namakkal,5,1
Tamil Nadu,Perambalur,19,10
Tamil Nadu,Pudukkottai,2,0
Tamil Nadu,Salem,87,31
Tamil Nadu,Sivaganga,13,2
Tamil Nadu,Thanjavur,22,19
Tamil Nadu,The Nilgiris,0,1
Tamil Nadu,Theni,30,29
Tamil Nadu,Thiruvarur,2,0
Tamil Nadu,Tiruchirappalli,66,35
Tamil Nadu,Tirupur,48,15
Tamil Nadu,Tiruvallur,16,5
Tamil Nadu,Tiruvannamalai,2,0
Tamil Nadu,Vellore,8,18
Tamil Nadu,Viluppuram,88,34
Tripura,Dhalai,41,1
Tripura,Gomati,39,1
Tripura,Khowai,1,9
Tripura,North Tripura,1,0
Tripura,Sepahijala,98,3
Tripura,South Tripura,28,14
Tripura,Unakoti,12,0
Tripura,West Tripura,12,3
Uttar Pradesh,Agra,3796,289
Uttar Pradesh,Aligarh,1182,92
Uttar Pradesh,Allahabad,4004,465
Uttar Pradesh,Ambedkar Nagar,1317,43
Uttar Pradesh,Amethi,84,29
Uttar Pradesh,Amroha,2276,61
Uttar Pradesh,Auraiya,31,9
Uttar Pradesh,Azamgarh,1011,90
Uttar Pradesh,Baghpat,33,11
Uttar Pradesh,Bahraich,120,102
Uttar Pradesh,Ballia,1688,121
Uttar Pradesh,Balrampur,230,3
Uttar Pradesh,Banda,97,13
Uttar Pradesh,Barabanki,2309,27
Uttar Pradesh,Bareilly,626,78
Uttar Pradesh,Basti,769,29
Uttar Pradesh,Bijnor,4179,129
Uttar Pradesh,Budaun,4547,26
Uttar Pradesh,Bulandshahr,1083,42
Uttar Pradesh,Chandauli,436,23
Uttar Pradesh,Chitrakoot,6,4
Uttar Pradesh,Deoria,1047,90
Uttar Pradesh,Etah,921,21
Uttar Pradesh,Etawah,138,50
Uttar Pradesh,Faizabad,895,68
Uttar Pradesh,Farrukhabad,3127,37
Uttar Pradesh,Fatehpur,2146,127
Uttar Pradesh,Firozabad,1167,56
Uttar Pradesh,Gautam Buddha Nagar,2602,141
Uttar Pradesh,Ghaziabad,10393,424
Uttar Pradesh,Ghazipur,481,36
Uttar Pradesh,Gonda,687,15
Uttar Pradesh,Gorakhpur,4431,161
Uttar Pradesh,Hamirpur,66,2
Uttar Pradesh,Hapur,12,60
Uttar Pradesh,Hardoi,1862,22
Uttar Pradesh,Hathras,323,79
Uttar Pradesh,Jalaun,270,19
Uttar Pradesh,Jaunpur,195,20
Uttar Pradesh,Jhansi,781,111
Uttar Pradesh,Kannauj,3367,49
Uttar Pradesh,Kanpur Dehat,1943,52
Uttar Pradesh,Kanpur Nagar,996,35
Uttar Pradesh,Kasganj,285,30
Uttar Pradesh,Kaushambi,55,12
Uttar Pradesh,Kheri,1362,26
Uttar Pradesh,Kushinagar,845,138
Uttar Pradesh,Lalitpur,495,21
Uttar Pradesh,Lucknow,2744,366
Uttar Pradesh,Maharajganj,2674,25
Uttar Pradesh,Mahoba,7,0
Uttar Pradesh,Mainpuri,110,10
Uttar Pradesh,Mathura,8205,213
Uttar Pradesh,Mau,1561,47
Uttar Pradesh,Meerut,2211,402
Uttar Pradesh,Mirzapur,2828,115
Uttar Pradesh,Moradabad,3140,257
Uttar Pradesh,Muzaffarnagar,252,44
Uttar Pradesh,Pilibhit,116,21
Uttar Pradesh,Pratapgarh,132,34
Uttar Pradesh,Raebareli,16,9
Uttar Pradesh,Rampur,171,6
Uttar Pradesh,Saharanpur,5882,268
Uttar Pradesh,Sambhal,1325,43
Uttar Pradesh,Sant Kabir Nagar,15,2
Uttar Pradesh,Sant Ravidas Nagar,561,38
Uttar Pradesh,Shahjahanpur,19,1
Uttar Pradesh,Shamli,96,11
Uttar Pradesh,Shrawasti,16,1
Uttar Pradesh,Siddharthnagar,189,30
Uttar Pradesh,Sitapur,535,44
Uttar Pradesh,Sonbhadra,125,15
Uttar Pradesh,Sultanpur,211,61
Uttar Pradesh,Unnao,709,102
Uttar Pradesh,Varanasi,4808,148
Uttarakhand,Almora,43,20
Uttarakhand,Bageshwar,1,2
Uttarakhand,Chamoli,9,4
Uttarakhand,Champawat,6,1
Uttarakhand,Dehradun,184,40
Uttarakhand,Haridwar,190,64
Uttarakhand,Nainital,15,9
Uttarakhand,Pauri Garhwal,509,11
Uttarakhand,Pithoragarh,5,9
Uttarakhand,Rudraprayag,4,1
Uttarakhand,Tehri Garhwal,16,3
Uttarakhand,Udham Singh Nagar,20,3
Uttarakhand,Uttarkashi,2,6
West Bengal,Bankura,60,45
West Bengal,Bardhaman,4604,231
West Bengal,Birbhum,74,17
West Bengal,Cooch Behar,7,1
West Bengal,Darjeeling,1215,24
West Bengal,East Midnapore,129,8
West Bengal,Hooghly,92,98
West Bengal,Howrah,2,3
West Bengal,Jalpaiguri,5768,448
West Bengal,Kolkata,71,39
West Bengal,Malda,4,1
West Bengal,Medinipur,238,41
West Bengal,Murshidabad,1899,12
West Bengal,Nadia,1497,27
West Bengal,North 24 Parganas,1430,7
West Bengal,North Dinajpur,16,35
West Bengal,Purulia,1760,1489
West Bengal,South 24 Parganas,2231,71
West Bengal,South Dinajpur,2,0
West Bengal,South Twenty Four Parganas,0,6
West Bengal,West Midnapore,5388,589
