State,District,Aadhaar generated,Enrolment Rejected
Andaman and Nicobar Islands,Nicobar,1,0
Andaman and Nicobar Islands,North And Middle Andaman,1,0
Andhra Pradesh,Adilabad,250,57
Andhra Pradesh,Anantapur,4,1
Andhra Pradesh,Ananthapur,1647,706
Andhra Pradesh,Chittoor,335,90
Andhra Pradesh,Cuddapah,508,76
Andhra Pradesh,East Godavari,399,71
Andhra Pradesh,Guntur,253,63
Andhra Pradesh,Hyderabad,158,31
Andhra Pradesh,Karimnagar,666,161
Andhra Pradesh,Khammam,602,218
Andhra Pradesh,Krishna,178,31
Andhra Pradesh,Kurnool,737,339
Andhra Pradesh,Mahbubnagar,2027,501
Andhra Pradesh,Medak,167,92
Andhra Pradesh,Nalgonda,311,43
Andhra Pradesh,Nellore,1498,355
Andhra Pradesh,Nizamabad,535,256
Andhra Pradesh,Prakasam,596,107
Andhra Pradesh,Ranga Reddy,387,128
Andhra Pradesh,Srikakulam,160,86
Andhra Pradesh,Visakhapatnam,488,199
Andhra Pradesh,Vizianagaram,1404,1025
Andhra Pradesh,Warangal,818,158
Andhra Pradesh,West Godavari,486,129
Arunachal Pradesh,Lohit,2,0
Arunachal Pradesh,Lower Subansiri,1,0
Arunachal Pradesh,Papum Pare,19,1
Arunachal Pradesh,West Kameng,2,0
Arunachal Pradesh,West Siang,1,0
Assam,Baksa,11,0
Assam,Barpeta,55,2
Assam,Bongaigaon,22,0
Assam,Cachar,25,2
Assam,Chirang,5,0
Assam,Darrang,4,0
Assam,Dhemaji,4,0
Assam,Dhubri,19,0
Assam,Dibrugarh,7,0
Assam,Goalpara,6,0
Assam,Golaghat,5,0
Assam,Hailakandi,4,1
Assam,Jorhat,6,0
Assam,Kamrup,42,0
Assam,Kamrup Metro,1,0
Assam,Karbi Anglong,6,1
Assam,Karimganj,12,0
Assam,Kokrajhar,6,0
Assam,Lakhimpur,6,0
Assam,Marigaon,3,0
Assam,Nagaon,10,1
Assam,Nalbari,2,0
Assam,Sibsagar,6,0
Assam,Sonitpur,17,0
Assam,Tinsukia,3,0
Assam,Udalguri,26,0
Bihar,Araria,56,33
Bihar,Arwal,28,5
Bihar,Aurangabad,861,46
Bihar,Banka,5467,248
Bihar,Begusarai,2816,184
Bihar,Bhagalpur,1439,70
Bihar,Bhojpur,1920,161
Bihar,Buxar,454,23
Bihar,Darbhanga,142,4
Bihar,East Champaran,1802,53
Bihar,Gaya,2427,125
Bihar,Gopalganj,1250,314
Bihar,Jamui,237,46
Bihar,Jehanabad,1542,73
Bihar,Kaimur (Bhabua),717,6
Bihar,Katihar,472,36
Bihar,Khagaria,53,2
Bihar,Kishanganj,69,11
Bihar,Lakhisarai,204,19
Bihar,Madhepura,58,19
Bihar,Madhubani,5232,212
Bihar,Munger,3242,144
Bihar,Muzaffarpur,9825,512
Bihar,Nalanda,150,10
Bihar,Nawada,928,23
Bihar,Patna,17188,1323
Bihar,Purnia,3205,301
Bihar,Rohtas,1607,211
Bihar,Saharsa,198,23
Bihar,Samastipur,2713,62
Bihar,Saran,5712,259
Bihar,Sheikhpura,22,3
Bihar,Sheohar,17,3
Bihar,Sitamarhi,1368,87
Bihar,Siwan,1341,104
Bihar,Supaul,372,39
Bihar,Vaishali,839,77
Bihar,West Champaran,1553,129
Chandigarh,Chandigarh,92,3
Chhattisgarh,Balod,1827,67
Chhattisgarh,Baloda Bazar,1374,53
Chhattisgarh,Balrampur,18,21
Chhattisgarh,Bastar,415,43
Chhattisgarh,Bemetara,639,41
Chhattisgarh,Bilaspur,6373,428
Chhattisgarh,Dakshin Bastar Dantewada,29,2
Chhattisgarh,Dantewada,2,0
Chhattisgarh,Dhamtari,444,24
Chhattisgarh,Durg,8954,640
Chhattisgarh,Gariyaband,56,1
Chhattisgarh,Janjgir Champa,787,172
Chhattisgarh,Janjgir-champa,0,1
Chhattisgarh,Jashpur,8,0
Chhattisgarh,Kabeerdham,1,0
Chhattisgarh,Kanker,75,3
Chhattisgarh,Kawardha,2,0
Chhattisgarh,Kondagaon,4597,126
Chhattisgarh,Korba,1017,53
Chhattisgarh,Koriya,1,0
Chhattisgarh,Mahasamund,2347,189
Chhattisgarh,Mungeli,4272,153
Chhattisgarh,Narayanpur,664,24
Chhattisgarh,Raigarh,2090,272
Chhattisgarh,Raipur,284,30
Chhattisgarh,Rajnandgaon,5055,159
Chhattisgarh,Sukma,1,0
Chhattisgarh,Surajpur,1,0
Chhattisgarh,Surguja,1876,37
Chhattisgarh,Uttar Bastar Kanker,670,60
Dadra and Nagar Haveli,Dadra and Nagar Haveli,10,50
Daman and Diu,Daman,32,2
Daman and Diu,Diu,15,0
Delhi,Central Delhi,101,52
Delhi,East Delhi,226,119
Delhi,New Delhi,9,6
Delhi,North Delhi,117,86
Delhi,North East,41,109
Delhi,North East Delhi,274,79
Delhi,North West Delhi,292,352
Delhi,South Delhi,448,168
Delhi,South West Delhi,171,74
Delhi,West Delhi,116,78
Goa,Bardez,1,0
Goa,North Goa,43,4
Goa,South Goa,211,7
Gujarat,Ahmedabad,3271,353
Gujarat,Amreli,354,24
Gujarat,Anand,281,42
Gujarat,Banaskantha,1584,100
Gujarat,Bharuch,112,4
Gujarat,Bhavnagar,3397,148
Gujarat,Dahod,259,51
Gujarat,Gandhinagar,1417,47
Gujarat,Jamnagar,2019,109
Gujarat,Junagadh,786,81
Gujarat,Kachchh,4846,178
Gujarat,Kheda,2036,67
Gujarat,Mahesana,85,24
Gujarat,Narmada,8,6
Gujarat,Navsari,15,23
Gujarat,Panchmahal,1432,84
Gujarat,Patan,151,8
Gujarat,Porbandar,187,40
Gujarat,Rajkot,402,64
Gujarat,Sabarkantha,2993,219
Gujarat,Surat,2480,197
Gujarat,Surendranagar,1705,90
Gujarat,Tapi,316,32
Gujarat,The Dangs,1008,126
Gujarat,Vadodara,1444,335
Gujarat,Valsad,1172,111
Haryana,Ambala,373,74
Haryana,Bhiwani,328,51
Haryana,Faridabad,242,29
Haryana,Fatehabad,8,2
Haryana,Gurgaon,156,63
Haryana,Hisar,250,45
Haryana,Jhajjar,43,26
Haryana,Jind,87,37
Haryana,Kaithal,69,51
Haryana,Karnal,264,73
Haryana,Kurukshetra,173,26
Haryana,Mahendragarh,26,47
Haryana,Mewat,579,121
Haryana,Palwal,149,30
Haryana,Panchkula,40,33
Haryana,Panipat,76,12
Haryana,Rewari,27,21
Haryana,Rohtak,108,39
Haryana,Sirsa,76,20
Haryana,Sonipat,476,27
Haryana,Yamuna Nagar,449,205
Himachal Pradesh,Bilaspur,26,20
Himachal Pradesh,Chamba,78,16
Himachal Pradesh,Hamirpur,46,2
Himachal Pradesh,Kangra,163,23
Himachal Pradesh,Kinnaur,1,1
Himachal Pradesh,Kullu,19,0
Himachal Pradesh,Lahul and Spiti,1,0
Himachal Pradesh,Mandi,93,7
Himachal Pradesh,Shimla,82,6
Himachal Pradesh,Sirmaur,25,0
Himachal Pradesh,Solan,27,7
Himachal Pradesh,Una,58,0
Jammu and Kashmir,Anantnag,828,10
Jammu and Kashmir,Badgam,822,34
Jammu and Kashmir,Bandipore,363,20
Jammu and Kashmir,Baramula,6267,91
Jammu and Kashmir,Doda,10,2
Jammu and Kashmir,Jammu,2303,30
Jammu and Kashmir,Kathua,6,2
Jammu and Kashmir,Kupwara,533,71
Jammu and Kashmir,Pulwama,167,5
Jammu and Kashmir,Punch,266,0
Jammu and Kashmir,Rajouri,15,0
Jammu and Kashmir,Reasi,775,3
Jammu and Kashmir,Srinagar,2,9
Jammu and Kashmir,Udhampur,3581,19
Jharkhand,Bokaro,134,40
Jharkhand,Chatra,101,16
Jharkhand,Deoghar,36,28
Jharkhand,Dhanbad,248,134
Jharkhand,Dumka,60,34
Jharkhand,East Singhbhum,100,42
Jharkhand,Garhwa,211,309
Jharkhand,Giridih,370,80
Jharkhand,Godda,106,66
Jharkhand,Gumla,129,42
Jharkhand,Hazaribagh,311,55
Jharkhand,Jamtara,37,40
Jharkhand,Khunti,106,31
Jharkhand,Koderma,61,20
Jharkhand,Latehar,95,45
Jharkhand,Lohardaga,85,25
Jharkhand,Pakur,54,42
Jharkhand,Palamu,233,243
Jharkhand,Ramgarh,188,20
Jharkhand,Ranchi,557,143
Jharkhand,Sahibganj,83,23
Jharkhand,Seraikela-Kharsawan,49,41
Jharkhand,Simdega,29,74
Jharkhand,West Singhbhum,68,51
Karnataka,Bagalkot,977,89
Karnataka,Bangalore,409,93
Karnataka,Bangalore Rural,58,20
Karnataka,Belgaum,360,29
Karnataka,Bellary,1590,231
Karnataka,Bidar,120,53
Karnataka,Bijapur,1811,385
Karnataka,Bijapur(KAR),89,111
Karnataka,Chamarajanagar,55,11
Karnataka,Chikkaballapur,738,429
Karnataka,Chikmagalur,406,29
Karnataka,Chitradurga,1510,259
Karnataka,Dakshina Kannada,26,6
Karnataka,Davangere,1174,465
Karnataka,Dharwad,603,73
Karnataka,Gadag,465,76
Karnataka,Gulbarga,694,345
Karnataka,Hassan,726,91
Karnataka,Haveri,4138,1755
Karnataka,Kodagu,118,19
Karnataka,Kolar,1411,779
Karnataka,Koppal,177,29
Karnataka,Mandya,700,232
Karnataka,Mysore,78,58
Karnataka,Raichur,2054,165
Karnataka,Ramanagar,41,11
Karnataka,Shimoga,484,38
Karnataka,Tumkur,269,186
Karnataka,Udupi,6,34
Karnataka,Uttara Kannada,457,23
Karnataka,Yadgir,506,145
Kerala,Alappuzha,342,47
Kerala,Ernakulam,352,37
Kerala,Idukki,103,25
Kerala,Kannur,1125,107
Kerala,Kasaragod,197,16
Kerala,Kollam,496,91
Kerala,Kottayam,345,40
Kerala,Kozhikode,873,76
Kerala,Malappuram,1988,109
Kerala,Palakkad,658,81
Kerala,Pathanamthitta,305,26
Kerala,Thiruvananthapuram,502,62
Kerala,Thrissur,413,61
Kerala,Wayanad,280,44
Madhya Pradesh,Alirajpur,319,11
Madhya Pradesh,Anuppur,19,12
Madhya Pradesh,Ashok Nagar,536,19
Madhya Pradesh,Balaghat,161,38
Madhya Pradesh,Barwani,1245,184
Madhya Pradesh,Betul,374,24
Madhya Pradesh,Bhind,366,38
Madhya Pradesh,Bhopal,367,46
Madhya Pradesh,Burhanpur,14,9
Madhya Pradesh,Chhatarpur,205,74
Madhya Pradesh,Chhindwara,447,33
Madhya Pradesh,Damoh,362,214
Madhya Pradesh,Datia,274,29
Madhya Pradesh,Dewas,395,94
Madhya Pradesh,Dhar,987,40
Madhya Pradesh,Dindori,198,43
Madhya Pradesh,Guna,608,84
Madhya Pradesh,Gwalior,340,48
Madhya Pradesh,Harda,20,41
Madhya Pradesh,Hoshangabad,90,29
Madhya Pradesh,Indore,393,78
Madhya Pradesh,Jabalpur,264,128
Madhya Pradesh,Jhabua,185,27
Madhya Pradesh,Katni,114,25
Madhya Pradesh,Khandwa,109,46
Madhya Pradesh,Khargone,528,61
Madhya Pradesh,Mandla,339,105
Madhya Pradesh,Mandsaur,152,70
Madhya Pradesh,Morena,555,61
Madhya Pradesh,Narsinghpur,122,39
Madhya Pradesh,Neemuch,62,7
Madhya Pradesh,Panna,85,20
Madhya Pradesh,Raisen,58,40
Madhya Pradesh,Rajgarh,385,72
Madhya Pradesh,Ratlam,509,115
Madhya Pradesh,Rewa,16,34
Madhya Pradesh,Sagar,587,121
Madhya Pradesh,Satna,314,68
Madhya Pradesh,Sehore,532,45
Madhya Pradesh,Seoni,364,68
Madhya Pradesh,Shahdol,95,25
Madhya Pradesh,Shajapur,55,96
Madhya Pradesh,Sheopur,176,15
Madhya Pradesh,Shivpuri,676,54
Madhya Pradesh,Sidhi,67,13
Madhya Pradesh,Singrauli,59,22
Madhya Pradesh,Tikamgarh,407,85
Madhya Pradesh,Ujjain,505,75
Madhya Pradesh,Umaria,89,8
Madhya Pradesh,Vidisha,285,66
Maharashtra,Ahmednagar,314,43
Maharashtra,Akola,91,43
Maharashtra,Amravati,274,63
Maharashtra,Aurangabad,284,69
Maharashtra,Beed,396,58
Maharashtra,Bhandara,56,24
Maharashtra,Buldhana,326,57
Maharashtra,Chandrapur,105,39
Maharashtra,Dhule,313,65
Maharashtra,Gadchiroli,389,40
Maharashtra,Gondia,76,35
Maharashtra,Hingoli,188,45
Maharashtra,Jalgaon,574,200
Maharashtra,Jalna,286,96
Maharashtra,Kolhapur,110,31
Maharashtra,Latur,213,69
Maharashtra,Mumbai,1314,101
Maharashtra,Nagpur,422,68
Maharashtra,Nanded,495,103
Maharashtra,Nandurbar,321,87
Maharashtra,Nashik,803,116
Maharashtra,Osmanabad,175,42
Maharashtra,Parbhani,475,25
Maharashtra,Pune,871,101
Maharashtra,Raigad,75,24
Maharashtra,Ratnagiri,441,44
Maharashtra,Sangli,114,58
Maharashtra,Satara,167,51
Maharashtra,Sindhudurg,40,10
Maharashtra,Solapur,1820,355
Maharashtra,Thane,1063,95
Maharashtra,Wardha,44,14
Maharashtra,Washim,195,44
Maharashtra,Yavatmal,1013,120
Manipur,Bishnupur,24,1
Manipur,Chandel,0,1
Manipur,Churachandpur,231,2
Manipur,Imphal East,9,6
Manipur,Imphal West,24,6
Manipur,Senapati,1,0
Manipur,Tamenglong,3,0
Manipur,Thoubal,116,3
Meghalaya,East Khasi Hills,1,0
Meghalaya,West Garo Hills,1,0
Mizoram,Aizawl,392,23
Mizoram,Kolasib,279,16
Mizoram,Lawngtlai,1,0
Mizoram,Lunglei,426,11
Mizoram,Serchhip,114,0
Nagaland,Dimapur,10,1
Nagaland,Kiphire,1,0
Nagaland,Kohima,1,0
Nagaland,Mon,2,0
Nagaland,Peren,0,1
Nagaland,Phek,3,0
Nagaland,Tuensang,1,0
Odisha,Angul,4,0
Odisha,Anugul,307,8
Odisha,Balangir,495,459
Odisha,Baleswar,132,18
Odisha,Bargarh,692,13
Odisha,Baudh,726,41
Odisha,Bhadrak,175,62
Odisha,Boudh,28,8
Odisha,Cuttack,620,394
Odisha,Debagarh,199,23
Odisha,Dhenkanal,95,82
Odisha,Gajapati,19,0
Odisha,Ganjam,3979,146
Odisha,Jagatsinghapur,334,114
Odisha,Jajapur,3133,131
Odisha,Jharsuguda,20299,200
Odisha,Kalahandi,2,1
Odisha,Kandhamal,140,2
Odisha,Kendrapara,195,14
Odisha,Kendujhar,673,27
Odisha,Khorda,745,179
Odisha,Khordha,279,12
Odisha,Koraput,97,3
Odisha,Malkangiri,5504,537
Odisha,Mayurbhanj,631,19
Odisha,Nabarangapur,6,0
Odisha,Nayagarh,617,76
Odisha,Nuapada,5,0
Odisha,Puri,144,145
Odisha,Rayagada,5,7
Odisha,Sambalpur,438,5448
Odisha,Sonapur,482,21
Odisha,Sundergarh,2066,8076
Others,Others,12,381
Puducherry,Karaikal,108,12
Puducherry,Puducherry,71,13
Punjab,Amritsar,227,76
Punjab,Barnala,114,38
Punjab,Bathinda,104,19
Punjab,Faridkot,99,19
Punjab,Fatehgarh Sahib,105,18
Punjab,Fazilka,175,31
Punjab,Firozpur,72,35
Punjab,Gurdaspur,278,51
Punjab,Hoshiarpur,160,26
Punjab,Jalandhar,372,74
Punjab,Kapurthala,178,40
Punjab,Ludhiana,554,107
Punjab,Mansa,54,12
Punjab,Moga,101,10
Punjab,Muktsar,1,0
Punjab,Pathankot,40,19
Punjab,Patiala,232,56
Punjab,Rupnagar,116,19
Punjab,SAS Nagar (Mohali),123,24
Punjab,Sangrur,126,30
Punjab,Shaheed Bhagat Singh Nagar,110,23
Punjab,Sri Muktsar Sahib,209,20
Punjab,Tarn Taran,95,21
Rajasthan,Ajmer,361,58
Rajasthan,Alwar,359,46
Rajasthan,Banswara,385,40
Rajasthan,Baran,97,32
Rajasthan,Barmer,211,15
Rajasthan,Bharatpur,107,17
Rajasthan,Bhilwara,247,31
Rajasthan,Bikaner,91,29
Rajasthan,Bundi,149,24
Rajasthan,Chittorgarh,39,31
Rajasthan,Churu,235,13
Rajasthan,Dausa,82,32
Rajasthan,Dholpur,407,24
Rajasthan,Dungarpur,51,31
Rajasthan,Ganganagar,182,27
Rajasthan,Hanumangarh,135,14
Rajasthan,Jaipur,341,110
Rajasthan,Jaisalmer,314,10
Rajasthan,Jalor,53,18
Rajasthan,Jhalawar,181,44
Rajasthan,Jhunjhunu,169,33
Rajasthan,Jodhpur,368,25
Rajasthan,Karauli,56,3
Rajasthan,Kota,124,29
Rajasthan,Nagaur,154,37
Rajasthan,Pali,134,28
Rajasthan,Pratapgarh,35,37
Rajasthan,Rajsamand,85,19
Rajasthan,Sawai Madhopur,224,27
Rajasthan,Sikar,232,33
Rajasthan,Sirohi,7,4
Rajasthan,Tonk,100,32
Rajasthan,Udaipur,196,66
Sikkim,East Sikkim,7,1
Sikkim,South Sikkim,3,1
Sikkim,West Sikkim,2,2
Tamil Nadu,Ariyalur,28,1
Tamil Nadu,Chennai,493,24
Tamil Nadu,Coimbatore,2061,139
Tamil Nadu,Cuddalore,283,7
Tamil Nadu,Dharmapuri,1421,120
Tamil Nadu,Dindigul,84,14
Tamil Nadu,Erode,3948,666
Tamil Nadu,Kancheepuram,565,94
Tamil Nadu,Kanchipuram,30,0
Tamil Nadu,Kanyakumari,38,6
Tamil Nadu,Karur,236,3
Tamil Nadu,Krishnagiri,51,1
Tamil Nadu,Madurai,199,26
Tamil Nadu,Nagapattinam,424,10
Tamil Nadu,Namakkal,15,2
Tamil Nadu,Nilgiris,1,0
Tamil Nadu,Perambalur,372,12
Tamil Nadu,Pudukkottai,483,16
Tamil Nadu,Ramanathapuram,793,21
Tamil Nadu,Salem,1514,168
Tamil Nadu,Sivaganga,303,11
Tamil Nadu,Thanjavur,1337,61
Tamil Nadu,The Nilgiris,68,7
Tamil Nadu,Theni,354,70
Tamil Nadu,Thiruvarur,49,0
Tamil Nadu,Thoothukudi,485,10
Tamil Nadu,Tiruchirappalli,278,9
Tamil Nadu,Tirunelveli,673,19
Tamil Nadu,Tirupur,561,20
Tamil Nadu,Tiruvallur,4489,653
Tamil Nadu,Tiruvannamalai,1027,82
Tamil Nadu,Tiruvarur,1240,15
Tamil Nadu,Vellore,217,33
Tamil Nadu,Viluppuram,384,45
Tamil Nadu,Virudhunagar,190,9
Tripura,Dhalai,9,3
Tripura,Gomati,67,3
Tripura,Khowai,13,5
Tripura,North Tripura,172,8
Tripura,Sepahijala,45,38
Tripura,South Tripura,309,35
Tripura,Unakoti,174,6
Tripura,West Tripura,38,16
Uttar Pradesh,Agra,13697,1351
Uttar Pradesh,Aligarh,3180,323
Uttar Pradesh,Allahabad,10278,509
Uttar Pradesh,Ambedkar Nagar,1607,98
Uttar Pradesh,Amethi,110,68
Uttar Pradesh,Amroha,5041,144
Uttar Pradesh,Auraiya,915,136
Uttar Pradesh,Azamgarh,2696,149
Uttar Pradesh,Baghpat,431,34
Uttar Pradesh,Bahraich,3104,526
Uttar Pradesh,Ballia,5371,360
Uttar Pradesh,Balrampur,275,53
Uttar Pradesh,Banda,3845,234
Uttar Pradesh,Barabanki,5347,1362
Uttar Pradesh,Bareilly,5104,533
Uttar Pradesh,Basti,2269,198
Uttar Pradesh,Bijnor,8652,398
Uttar Pradesh,Budaun,1132,143
Uttar Pradesh,Bulandshahr,2975,161
Uttar Pradesh,Chandauli,462,130
Uttar Pradesh,Chitrakoot,154,13
Uttar Pradesh,Deoria,1310,128
Uttar Pradesh,Etah,4411,269
Uttar Pradesh,Etawah,479,23
Uttar Pradesh,Faizabad,2832,120
Uttar Pradesh,Farrukhabad,1015,146
Uttar Pradesh,Fatehpur,1582,49
Uttar Pradesh,Firozabad,1888,214
Uttar Pradesh,Gautam Buddha Nagar,4626,330
Uttar Pradesh,Ghaziabad,11224,791
Uttar Pradesh,Ghazipur,2144,107
Uttar Pradesh,Gonda,380,26
Uttar Pradesh,Gorakhpur,7399,459
Uttar Pradesh,Hamirpur,29,1
Uttar Pradesh,Hapur,156,38
Uttar Pradesh,Hardoi,3700,135
Uttar Pradesh,Hathras,5107,288
Uttar Pradesh,Jalaun,2421,138
Uttar Pradesh,Jaunpur,1702,78
Uttar Pradesh,Jhansi,2779,204
Uttar Pradesh,Kannauj,2213,99
Uttar Pradesh,Kanpur Dehat,4023,292
Uttar Pradesh,Kanpur Nagar,3714,609
Uttar Pradesh,Kasganj,3473,184
Uttar Pradesh,Kaushambi,531,14
Uttar Pradesh,Kheri,1775,488
Uttar Pradesh,Kushinagar,2198,159
Uttar Pradesh,Lalitpur,1956,101
Uttar Pradesh,Lucknow,11783,1681
Uttar Pradesh,Maharajganj,2062,146
Uttar Pradesh,Mahoba,25,8
Uttar Pradesh,Mainpuri,1163,93
Uttar Pradesh,Mathura,12380,893
Uttar Pradesh,Mau,4746,224
Uttar Pradesh,Meerut,9855,747
Uttar Pradesh,Mirzapur,2450,152
Uttar Pradesh,Moradabad,5038,789
Uttar Pradesh,Muzaffarnagar,1026,53
Uttar Pradesh,Pilibhit,560,268
Uttar Pradesh,Pratapgarh,3389,188
Uttar Pradesh,Raebareli,476,17
Uttar Pradesh,Rampur,1872,43
Uttar Pradesh,Saharanpur,4623,434
Uttar Pradesh,Sambhal,2717,147
Uttar Pradesh,Sant Kabir Nagar,160,17
Uttar Pradesh,Sant Ravidas Nagar,1021,85
Uttar Pradesh,Shahjahanpur,892,34
Uttar Pradesh,Shamli,2114,73
Uttar Pradesh,Shrawasti,21,8
Uttar Pradesh,Siddharthnagar,58,15
Uttar Pradesh,Sitapur,3872,340
Uttar Pradesh,Sonbhadra,1819,53
Uttar Pradesh,Sultanpur,1497,285
Uttar Pradesh,Unnao,3671,332
Uttar Pradesh,Varanasi,8560,414
Uttarakhand,Almora,46,7
Uttarakhand,Bageshwar,38,5
Uttarakhand,Chamoli,22,5
Uttarakhand,Champawat,6,0
Uttarakhand,Dehradun,5399,264
Uttarakhand,Haridwar,2062,101
Uttarakhand,Nainital,213,34
Uttarakhand,Pauri Garhwal,71,10
Uttarakhand,Pithoragarh,66,4
Uttarakhand,Rudraprayag,22,2
Uttarakhand,Tehri Garhwal,53,5
Uttarakhand,Udham Singh Nagar,1443,149
Uttarakhand,Uttarkashi,7,1
West Bengal,Bankura,1212,583
West Bengal,Bardhaman,16315,299
West Bengal,Birbhum,8317,1209
West Bengal,Cooch Behar,120,9
West Bengal,Dakshin Dinajpur,4,0
West Bengal,Darjeeling,2670,38
West Bengal,East Midnapore,3573,142
West Bengal,Hooghly,1390,129
West Bengal,Howrah,140,40
West Bengal,Jalpaiguri,6399,441
West Bengal,Kolkata,697,33
West Bengal,Malda,38,17
West Bengal,Murshidabad,3375,212
West Bengal,Nadia,8048,457
West Bengal,North 24 Parganas,8194,29082
West Bengal,North Dinajpur,20218,1470
West Bengal,Purulia,1511,355
West Bengal,South 24 Parganas,10739,327
West Bengal,South Dinajpur,31,2
West Bengal,South Twenty Four Parganas,51,3
West Bengal,West Midnapore,7326,906
