State,District,Aadhaar generated,Enrolment Rejected
Andhra Pradesh,Adilabad,122,101
Andhra Pradesh,Ananthapur,129,209
Andhra Pradesh,Chittoor,24,53
Andhra Pradesh,Cuddapah,4,63
Andhra Pradesh,East Godavari,62,127
Andhra Pradesh,Guntur,42,64
Andhra Pradesh,Hyderabad,113,170
Andhra Pradesh,Karimnagar,66,257
Andhra Pradesh,Khammam,89,105
Andhra Pradesh,Krishna,41,85
Andhra Pradesh,Kurnool,122,228
Andhra Pradesh,Mahbubnagar,96,282
Andhra Pradesh,Medak,1,105
Andhra Pradesh,Nalgonda,195,73
Andhra Pradesh,Nellore,22,134
Andhra Pradesh,Nizamabad,39,173
Andhra Pradesh,Prakasam,30,157
Andhra Pradesh,Ranga Reddy,127,143
Andhra Pradesh,Srikakulam,45,78
Andhra Pradesh,Visakhapatnam,35,119
Andhra Pradesh,Vizianagaram,118,234
Andhra Pradesh,Warangal,1,145
Andhra Pradesh,West Godavari,102,242
Arunachal Pradesh,Papum Pare,0,1
Assam,Baksa,4,0
Assam,Barpeta,11,0
Assam,Dibrugarh,1,0
Assam,Goalpara,0,1
Assam,Golaghat,2,0
Assam,Hailakandi,1,0
Assam,Karimganj,1,0
Assam,Marigaon,1,0
Assam,Nagaon,2,2
Assam,Sonitpur,2,1
Assam,Tinsukia,24,0
Assam,Udalguri,4,0
Bihar,Araria,44,3
Bihar,Arwal,9,4
Bihar,Aurangabad,72,34
Bihar,Banka,68,87
Bihar,Begusarai,1141,115
Bihar,Bhagalpur,259,26
Bihar,Bhojpur,81,14
Bihar,Buxar,706,6
Bihar,Darbhanga,44,75
Bihar,East Champaran,116,64
Bihar,Gaya,197,27
Bihar,Gopalganj,377,100
Bihar,Jamui,134,23
Bihar,Jehanabad,9,24
Bihar,Kaimur (Bhabua),14,3
Bihar,Katihar,74,60
Bihar,Khagaria,21,4
Bihar,Kishanganj,7,35
Bihar,Lakhisarai,30,3
Bihar,Madhepura,27,3
Bihar,Madhubani,218,110
Bihar,Munger,2642,87
Bihar,Muzaffarpur,4689,337
Bihar,Nalanda,44,43
Bihar,Nawada,15,4
Bihar,Patna,5485,474
Bihar,Purnia,2502,238
Bihar,Rohtas,936,157
Bihar,Saharsa,26,54
Bihar,Samastipur,108,30
Bihar,Saran,1494,86
Bihar,Sheikhpura,6,9
Bihar,Sheohar,29,6
Bihar,Sitamarhi,505,54
Bihar,Siwan,1072,120
Bihar,Supaul,247,27
Bihar,Vaishali,343,29
Bihar,West Champaran,237,19
Chandigarh,Chandigarh,17,56
Chhattisgarh,Balod,981,28
Chhattisgarh,Baloda Bazar,411,49
Chhattisgarh,Bastar,6,19
Chhattisgarh,Bemetara,0,7
Chhattisgarh,Bilaspur,810,65
Chhattisgarh,Dhamtari,2,175
Chhattisgarh,Durg,3182,497
Chhattisgarh,Gariyaband,11,3
Chhattisgarh,Janjgir Champa,187,125
Chhattisgarh,Jashpur,2,1
Chhattisgarh,Kanker,2,2
Chhattisgarh,Kondagaon,760,28
Chhattisgarh,Korba,4,17
Chhattisgarh,Koriya,16,6
Chhattisgarh,Mahasamund,2799,105
Chhattisgarh,Mungeli,11,16
Chhattisgarh,Narayanpur,1309,47
Chhattisgarh,Raigarh,11,5
Chhattisgarh,Raipur,18,20
Chhattisgarh,Rajnandgaon,2,10
Chhattisgarh,Surajpur,14,13
Chhattisgarh,Surguja,23,6
Chhattisgarh,Uttar Bastar Kanker,7,1
Dadra and Nagar Haveli,Dadra and Nagar Haveli,0,11
Daman and Diu,Daman,10,14
Daman and Diu,Diu,13,0
Delhi,Central Delhi,19,46
Delhi,East Delhi,118,98
Delhi,New Delhi,4,3
Delhi,North Delhi,21,101
Delhi,North East,3,61
Delhi,North East Delhi,77,121
Delhi,North West Delhi,86,371
Delhi,South Delhi,226,173
Delhi,South West Delhi,98,96
Delhi,West Delhi,124,114
Goa,North Goa,55,3
Goa,South Goa,60,4
Gujarat,Ahmedabad,2991,215
Gujarat,Amreli,69,31
Gujarat,Anand,52,92
Gujarat,Banaskantha,568,33
Gujarat,Bharuch,36,17
Gujarat,Bhavnagar,3405,128
Gujarat,Dahod,110,54
Gujarat,Gandhinagar,553,12
Gujarat,Jamnagar,1838,52
Gujarat,Junagadh,531,74
Gujarat,Kachchh,2694,216
Gujarat,Kheda,662,43
Gujarat,Mahesana,193,22
Gujarat,Narmada,0,4
Gujarat,Navsari,4,34
Gujarat,Panchmahal,410,44
Gujarat,Patan,1445,44
Gujarat,Porbandar,7,3
Gujarat,Rajkot,31,52
Gujarat,Sabarkantha,5938,427
Gujarat,Surat,1151,175
Gujarat,Surendranagar,11,43
Gujarat,Tapi,203,9
Gujarat,The Dangs,467,64
Gujarat,Vadodara,2950,92
Gujarat,Valsad,649,72
Haryana,Ambala,90,136
Haryana,Bhiwani,87,187
Haryana,Faridabad,9,195
Haryana,Fatehabad,2,112
Haryana,Gurgaon,16,131
Haryana,Hisar,104,198
Haryana,Jhajjar,22,74
Haryana,Jind,45,164
Haryana,Kaithal,64,80
Haryana,Karnal,358,124
Haryana,Kurukshetra,20,95
Haryana,Mahendragarh,11,98
Haryana,Mewat,7,115
Haryana,Palwal,2,58
Haryana,Panchkula,16,29
Haryana,Panipat,5,105
Haryana,Rewari,4,134
Haryana,Rohtak,20,81
Haryana,Sirsa,26,63
Haryana,Sonipat,69,152
Haryana,Yamuna Nagar,84,508
Himachal Pradesh,Bilaspur,5,5
Himachal Pradesh,Chamba,37,18
Himachal Pradesh,Hamirpur,8,8
Himachal Pradesh,Kangra,42,26
Himachal Pradesh,Kinnaur,0,7
Himachal Pradesh,Kullu,5,5
Himachal Pradesh,Mandi,21,14
Himachal Pradesh,Shimla,6,19
Himachal Pradesh,Sirmaur,5,30
Himachal Pradesh,Solan,7,16
Himachal Pradesh,Una,25,7
Jammu and Kashmir,Anantnag,181,0
Jammu and Kashmir,Badgam,1148,10
Jammu and Kashmir,Bandipore,1,69
Jammu and Kashmir,Baramula,535,12
Jammu and Kashmir,Doda,21,8
Jammu and Kashmir,Jammu,4839,60
Jammu and Kashmir,Kathua,28,56
Jammu and Kashmir,Kupwara,329,4
Jammu and Kashmir,Leh,0,1
Jammu and Kashmir,Rajouri,0,2
Jammu and Kashmir,Reasi,1,13
Jammu and Kashmir,Srinagar,1,2
Jammu and Kashmir,Udhampur,2,43
Jharkhand,Bokaro,10,116
Jharkhand,Chatra,13,142
Jharkhand,Deoghar,45,137
Jharkhand,Dhanbad,26,235
Jharkhand,Dumka,203,97
Jharkhand,East Singhbhum,2,191
Jharkhand,Garhwa,13,260
Jharkhand,Giridih,123,137
Jharkhand,Godda,49,156
Jharkhand,Gumla,52,152
Jharkhand,Hazaribagh,19,88
Jharkhand,Jamtara,63,163
Jharkhand,Khunti,30,31
Jharkhand,Koderma,17,130
Jharkhand,Latehar,3,129
Jharkhand,Lohardaga,3,37
Jharkhand,Pakur,66,95
Jharkhand,Palamu,19,243
Jharkhand,Ramgarh,26,44
Jharkhand,Ranchi,620,270
Jharkhand,Sahibganj,6,132
Jharkhand,Seraikela-Kharsawan,5,37
Jharkhand,Simdega,133,86
Jharkhand,West Singhbhum,2,164
Karnataka,Bagalkot,37,94
Karnataka,Bangalore,170,448
Karnataka,Bangalore Rural,6,41
Karnataka,Belgaum,1,299
Karnataka,Bellary,383,173
Karnataka,Bidar,7,191
Karnataka,Bijapur,15,253
Karnataka,Bijapur(KAR),0,132
Karnataka,Chamarajanagar,45,52
Karnataka,Chikkaballapur,2,16
Karnataka,Chikmagalur,20,49
Karnataka,Chitradurga,62,87
Karnataka,Dakshina Kannada,1,276
Karnataka,Davangere,6,413
Karnataka,Dharwad,155,86
Karnataka,Gadag,4,34
Karnataka,Gulbarga,77,241
Karnataka,Hassan,30,89
Karnataka,Haveri,6,180
Karnataka,Kodagu,1,19
Karnataka,Kolar,0,81
Karnataka,Koppal,34,32
Karnataka,Mandya,5,187
Karnataka,Mysore,16,48
Karnataka,Raichur,1560,184
Karnataka,Ramanagar,0,38
Karnataka,Shimoga,150,101
Karnataka,Tumkur,11,28
Karnataka,Udupi,2,8
Karnataka,Uttara Kannada,8,28
Karnataka,Yadgir,12,46
Kerala,Alappuzha,127,20
Kerala,Ernakulam,447,73
Kerala,Idukki,148,33
Kerala,Kannur,75,96
Kerala,Kasaragod,106,35
Kerala,Kollam,153,64
Kerala,Kottayam,136,40
Kerala,Kozhikode,129,49
Kerala,Malappuram,395,105
Kerala,Palakkad,212,73
Kerala,Pathanamthitta,74,16
Kerala,Thiruvananthapuram,138,54
Kerala,Thrissur,248,59
Kerala,Wayanad,4,11
Madhya Pradesh,Alirajpur,6,13
Madhya Pradesh,Anuppur,0,35
Madhya Pradesh,Ashok Nagar,23,25
Madhya Pradesh,Balaghat,118,213
Madhya Pradesh,Barwani,1945,307
Madhya Pradesh,Betul,932,180
Madhya Pradesh,Bhind,12,35
Madhya Pradesh,Bhopal,150,125
Madhya Pradesh,Burhanpur,2,25
Madhya Pradesh,Chhatarpur,34,78
Madhya Pradesh,Chhindwara,371,154
Madhya Pradesh,Damoh,206,82
Madhya Pradesh,Datia,23,35
Madhya Pradesh,Dewas,117,110
Madhya Pradesh,Dhar,140,76
Madhya Pradesh,Dindori,38,33
Madhya Pradesh,Guna,70,67
Madhya Pradesh,Gwalior,70,104
Madhya Pradesh,Harda,4,47
Madhya Pradesh,Hoshangabad,33,47
Madhya Pradesh,Indore,191,83
Madhya Pradesh,Jabalpur,630,57
Madhya Pradesh,Jhabua,121,32
Madhya Pradesh,Katni,53,48
Madhya Pradesh,Khandwa,3,16
Madhya Pradesh,Khargone,80,102
Madhya Pradesh,Mandla,368,109
Madhya Pradesh,Mandsaur,18,35
Madhya Pradesh,Morena,181,69
Madhya Pradesh,Narsinghpur,36,71
Madhya Pradesh,Neemuch,53,11
Madhya Pradesh,Panna,39,32
Madhya Pradesh,Raisen,180,81
Madhya Pradesh,Rajgarh,771,165
Madhya Pradesh,Ratlam,808,213
Madhya Pradesh,Rewa,9,105
Madhya Pradesh,Sagar,121,96
Madhya Pradesh,Satna,102,87
Madhya Pradesh,Sehore,928,181
Madhya Pradesh,Seoni,47,72
Madhya Pradesh,Shahdol,13,56
Madhya Pradesh,Shajapur,5,32
Madhya Pradesh,Sheopur,189,32
Madhya Pradesh,Shivpuri,113,78
Madhya Pradesh,Sidhi,18,44
Madhya Pradesh,Singrauli,19,58
Madhya Pradesh,Tikamgarh,54,91
Madhya Pradesh,Ujjain,24,106
Madhya Pradesh,Umaria,14,38
Madhya Pradesh,Vidisha,75,59
Maharashtra,Ahmednagar,156,43
Maharashtra,Akola,25,51
Maharashtra,Amravati,67,87
Maharashtra,Aurangabad,229,104
Maharashtra,Beed,460,78
Maharashtra,Bhandara,39,60
Maharashtra,Buldhana,218,56
Maharashtra,Chandrapur,1720,104
Maharashtra,Dhule,178,44
Maharashtra,Gadchiroli,53,55
Maharashtra,Gondia,32,41
Maharashtra,Hingoli,83,33
Maharashtra,Jalgaon,70,43
Maharashtra,Jalna,40,243
Maharashtra,Kolhapur,29,54
Maharashtra,Latur,72,141
Maharashtra,Mumbai,353,137
Maharashtra,Nagpur,16,148
Maharashtra,Nanded,271,181
Maharashtra,Nandurbar,69,33
Maharashtra,Nashik,544,192
Maharashtra,Osmanabad,302,47
Maharashtra,Parbhani,45,87
Maharashtra,Pune,368,143
Maharashtra,Raigad,76,39
Maharashtra,Ratnagiri,505,31
Maharashtra,Sangli,22,67
Maharashtra,Satara,14,77
Maharashtra,Sindhudurg,11,24
Maharashtra,Solapur,517,248
Maharashtra,Thane,320,177
Maharashtra,Wardha,14,9
Maharashtra,Washim,129,27
Maharashtra,Yavatmal,162,149
Manipur,Bishnupur,1,1
Manipur,Imphal East,7,2
Manipur,Imphal West,346,2
Manipur,Tamenglong,45,0
Mizoram,Aizawl,0,1
Mizoram,Lawngtlai,8,1
Mizoram,Lunglei,117,1
Nagaland,Dimapur,1,0
Odisha,Angul,1,0
Odisha,Anugul,1,0
Odisha,Balangir,3,32
Odisha,Baleswar,4,95
Odisha,Bargarh,1,0
Odisha,Bhadrak,3,62
Odisha,Cuttack,5,123
Odisha,Debagarh,97,0
Odisha,Dhenkanal,0,3
Odisha,Gajapati,1,0
Odisha,Ganjam,26,195
Odisha,Jagatsinghapur,3,3
Odisha,Jajapur,0,10
Odisha,Jharsuguda,0,5
Odisha,Kalahandi,2,0
Odisha,Kendrapara,1,3
Odisha,Kendujhar,0,1
Odisha,Khorda,110,259
Odisha,Khordha,0,10
Odisha,Koraput,0,1
Odisha,Mayurbhanj,1,0
Odisha,Nabarangapur,1,1
Odisha,Nayagarh,1,1
Odisha,Nuapada,1,0
Odisha,Puri,9,538
Odisha,Rayagada,2,55
Odisha,Sambalpur,2,0
Odisha,Sonapur,0,2
Odisha,Sundergarh,2,8
Others,Others,1,46
Puducherry,Karaikal,21,7
Puducherry,Puducherry,4,10
Punjab,Amritsar,45,285
Punjab,Barnala,61,42
Punjab,Bathinda,53,84
Punjab,Faridkot,93,65
Punjab,Fatehgarh Sahib,1,60
Punjab,Fazilka,20,99
Punjab,Firozpur,22,84
Punjab,Gurdaspur,66,368
Punjab,Hoshiarpur,41,109
Punjab,Jalandhar,176,250
Punjab,Kapurthala,18,80
Punjab,Ludhiana,749,338
Punjab,Mansa,7,103
Punjab,Moga,7,73
Punjab,Muktsar,0,1
Punjab,Pathankot,26,49
Punjab,Patiala,131,207
Punjab,Rupnagar,27,62
Punjab,SAS Nagar (Mohali),14,87
Punjab,Sangrur,23,126
Punjab,Shaheed Bhagat Singh Nagar,2,23
Punjab,Sri Muktsar Sahib,7,115
Punjab,Tarn Taran,16,211
Rajasthan,Ajmer,59,55
Rajasthan,Alwar,58,123
Rajasthan,Banswara,75,78
Rajasthan,Baran,101,23
Rajasthan,Barmer,43,85
Rajasthan,Bharatpur,133,87
Rajasthan,Bhilwara,3,94
Rajasthan,Bikaner,101,30
Rajasthan,Bundi,246,52
Rajasthan,Chittorgarh,808,130
Rajasthan,Churu,104,48
Rajasthan,Dausa,2,39
Rajasthan,Dholpur,3,80
Rajasthan,Dungarpur,62,53
Rajasthan,Ganganagar,152,81
Rajasthan,Hanumangarh,20,65
Rajasthan,Jaipur,149,305
Rajasthan,Jaisalmer,231,20
Rajasthan,Jalor,3,51
Rajasthan,Jhalawar,33,32
Rajasthan,Jhunjhunu,120,136
Rajasthan,Jodhpur,120,176
Rajasthan,Karauli,80,20
Rajasthan,Kota,25,107
Rajasthan,Nagaur,199,90
Rajasthan,Pali,117,40
Rajasthan,Pratapgarh,4,24
Rajasthan,Rajsamand,1,10
Rajasthan,Sawai Madhopur,199,45
Rajasthan,Sikar,162,131
Rajasthan,Sirohi,0,11
Rajasthan,Tonk,217,30
Rajasthan,Udaipur,14,104
Sikkim,East Sikkim,2,3
Sikkim,North Sikkim,0,1
Sikkim,South Sikkim,3,2
Sikkim,West Sikkim,3,4
Tamil Nadu,Ariyalur,0,11
Tamil Nadu,Chennai,19,196
Tamil Nadu,Coimbatore,24,221
Tamil Nadu,Cuddalore,9,23
Tamil Nadu,Dharmapuri,2,68
Tamil Nadu,Dindigul,1,28
Tamil Nadu,Erode,4,49
Tamil Nadu,Kancheepuram,3,188
Tamil Nadu,Kanchipuram,0,1
Tamil Nadu,Kanyakumari,1,137
Tamil Nadu,Karur,0,16
Tamil Nadu,Krishnagiri,3,93
Tamil Nadu,Madurai,3,23
Tamil Nadu,Nagapattinam,9,64
Tamil Nadu,Namakkal,0,26
Tamil Nadu,Perambalur,0,20
Tamil Nadu,Pudukkottai,0,35
Tamil Nadu,Ramanathapuram,2,13
Tamil Nadu,Salem,2,63
Tamil Nadu,Sivaganga,2,43
Tamil Nadu,Thanjavur,0,89
Tamil Nadu,The Nilgiris,6,15
Tamil Nadu,Theni,1,53
Tamil Nadu,Thiruvarur,14,26
Tamil Nadu,Thoothukudi,0,31
Tamil Nadu,Tiruchirappalli,0,47
Tamil Nadu,Tirunelveli,10,111
Tamil Nadu,Tirupur,2,105
Tamil Nadu,Tiruvallur,6,297
Tamil Nadu,Tiruvannamalai,0,72
Tamil Nadu,Vellore,1,176
Tamil Nadu,Viluppuram,15,99
Tamil Nadu,Virudhunagar,1,23
Tripura,Dhalai,0,8
Tripura,Gomati,1,3
Tripura,Khowai,0,4
Tripura,North Tripura,0,20
Tripura,Sepahijala,7,25
Tripura,South Tripura,4,8
Tripura,Unakoti,4,12
Tripura,West Tripura,3,28
Uttar Pradesh,Agra,11401,797
Uttar Pradesh,Aligarh,1528,323
Uttar Pradesh,Allahabad,1466,302
Uttar Pradesh,Ambedkar Nagar,1453,104
Uttar Pradesh,Amethi,40,118
Uttar Pradesh,Amroha,1865,110
Uttar Pradesh,Auraiya,90,8
Uttar Pradesh,Azamgarh,1964,78
Uttar Pradesh,Baghpat,73,60
Uttar Pradesh,Bahraich,931,252
Uttar Pradesh,Ballia,391,186
Uttar Pradesh,Balrampur,6,45
Uttar Pradesh,Banda,9,64
Uttar Pradesh,Barabanki,575,128
Uttar Pradesh,Bareilly,3062,208
Uttar Pradesh,Basti,632,74
Uttar Pradesh,Bijnor,4116,233
Uttar Pradesh,Budaun,1120,15
Uttar Pradesh,Bulandshahr,977,109
Uttar Pradesh,Chandauli,618,109
Uttar Pradesh,Chitrakoot,12,229
Uttar Pradesh,Deoria,929,91
Uttar Pradesh,Etah,3033,223
Uttar Pradesh,Etawah,168,60
Uttar Pradesh,Faizabad,3496,81
Uttar Pradesh,Farrukhabad,314,97
Uttar Pradesh,Fatehpur,45,50
Uttar Pradesh,Firozabad,1433,58
Uttar Pradesh,Gautam Buddha Nagar,2576,185
Uttar Pradesh,Ghaziabad,3193,859
Uttar Pradesh,Ghazipur,140,93
Uttar Pradesh,Gonda,24,25
Uttar Pradesh,Gorakhpur,2781,245
Uttar Pradesh,Hamirpur,13,3
Uttar Pradesh,Hapur,6,130
Uttar Pradesh,Hardoi,1087,55
Uttar Pradesh,Hathras,3335,171
Uttar Pradesh,Jalaun,154,60
Uttar Pradesh,Jaunpur,520,47
Uttar Pradesh,Jhansi,3775,112
Uttar Pradesh,Kannauj,785,76
Uttar Pradesh,Kanpur Dehat,236,203
Uttar Pradesh,Kanpur Nagar,566,269
Uttar Pradesh,Kasganj,2117,184
Uttar Pradesh,Kaushambi,23,21
Uttar Pradesh,Kheri,797,57
Uttar Pradesh,Kushinagar,3412,142
Uttar Pradesh,Lalitpur,277,7
Uttar Pradesh,Lucknow,7593,875
Uttar Pradesh,Maharajganj,1711,76
Uttar Pradesh,Mahoba,7,20
Uttar Pradesh,Mainpuri,285,149
Uttar Pradesh,Mathura,3041,271
Uttar Pradesh,Mau,1250,168
Uttar Pradesh,Meerut,252,221
Uttar Pradesh,Mirzapur,953,59
Uttar Pradesh,Moradabad,4376,211
Uttar Pradesh,Muzaffarnagar,42,20
Uttar Pradesh,Pilibhit,788,22
Uttar Pradesh,Pratapgarh,997,200
Uttar Pradesh,Raebareli,50,642
Uttar Pradesh,Rampur,71,2
Uttar Pradesh,Saharanpur,2402,217
Uttar Pradesh,Sambhal,1507,35
Uttar Pradesh,Sant Kabir Nagar,32,62
Uttar Pradesh,Sant Ravidas Nagar,364,38
Uttar Pradesh,Shahjahanpur,44,56
Uttar Pradesh,Shamli,185,18
Uttar Pradesh,Shrawasti,10,8
Uttar Pradesh,Siddharthnagar,1348,41
Uttar Pradesh,Sitapur,1243,170
Uttar Pradesh,Sonbhadra,225,60
Uttar Pradesh,Sultanpur,491,13
Uttar Pradesh,Unnao,65,54
Uttar Pradesh,Varanasi,6071,575
Uttarakhand,Almora,3,1
Uttarakhand,Bageshwar,4,21
Uttarakhand,Chamoli,6,0
Uttarakhand,Champawat,2,0
Uttarakhand,Dehradun,188,111
Uttarakhand,Haridwar,97,34
Uttarakhand,Nainital,5,4
Uttarakhand,Pauri Garhwal,51,10
Uttarakhand,Pithoragarh,1,0
Uttarakhand,Rudraprayag,5,0
Uttarakhand,Tehri Garhwal,5,11
Uttarakhand,Udham Singh Nagar,17,24
Uttarakhand,Uttarkashi,2,0
West Bengal,Bankura,3,6
West Bengal,Bardhaman,17,24
West Bengal,Birbhum,5,7
West Bengal,Cooch Behar,13,9
West Bengal,Dakshin Dinajpur,0,1
West Bengal,Darjeeling,1534,69
West Bengal,East Midnapore,26,12
West Bengal,Hooghly,17,62
West Bengal,Howrah,8,113
West Bengal,Jalpaiguri,2273,307
West Bengal,Kolkata,55,7
West Bengal,Malda,9,11
West Bengal,Medinipur,1,4
West Bengal,Murshidabad,8131,18
West Bengal,Nadia,16827,82
West Bengal,North 24 Parganas,15,36
West Bengal,North Dinajpur,2179,335
West Bengal,Purulia,8,106
West Bengal,South 24 Parganas,6840,102
West Bengal,South Dinajpur,3,4
West Bengal,South Twenty Four Parganas,0,1
West Bengal,West Midnapore,152,25
