State,District,Aadhaar generated,Enrolment Rejected
Andhra Pradesh,Adilabad,39,40
Andhra Pradesh,Anantapur,0,4
Andhra Pradesh,Ananthapur,229,173
Andhra Pradesh,Chittoor,193,307
Andhra Pradesh,Cuddapah,40,122
Andhra Pradesh,East Godavari,40,37
Andhra Pradesh,Guntur,12,53
Andhra Pradesh,Hyderabad,33,137
Andhra Pradesh,Karimnagar,72,243
Andhra Pradesh,Khammam,13,89
Andhra Pradesh,Krishna,21,37
Andhra Pradesh,Kurnool,49,217
Andhra Pradesh,Mahbubnagar,98,350
Andhra Pradesh,Medak,33,167
Andhra Pradesh,Nalgonda,30,50
Andhra Pradesh,Nellore,41,226
Andhra Pradesh,Nizamabad,79,246
Andhra Pradesh,Prakasam,24,69
Andhra Pradesh,Ranga Reddy,96,261
Andhra Pradesh,Srikakulam,15,32
Andhra Pradesh,Visakhapatnam,29,526
Andhra Pradesh,Vizianagaram,44,397
Andhra Pradesh,Warangal,50,148
Andhra Pradesh,West Godavari,96,105
Arunachal Pradesh,Lower Subansiri,1,0
Arunachal Pradesh,Papum Pare,18,0
Assam,Baksa,1,0
Assam,Barpeta,4,0
Assam,Bongaigaon,1,1
Assam,Cachar,3,1
Assam,Chirang,4,0
Assam,Darrang,1,0
Assam,Dhemaji,1,0
Assam,Dhubri,3,0
Assam,Dibrugarh,2,0
Assam,Goalpara,1,1
Assam,Jorhat,1,0
Assam,Kamrup,3,0
Assam,Karbi Anglong,1,0
Assam,Karimganj,2,0
Assam,Nagaon,4,1
Assam,Nalbari,1,0
Assam,Sonitpur,4,0
Assam,Udalguri,2,1
Bihar,Araria,107,1
Bihar,Arwal,5,4
Bihar,Aurangabad,78,30
Bihar,Banka,734,141
Bihar,Begusarai,457,126
Bihar,Bhagalpur,214,64
Bihar,Bhojpur,204,102
Bihar,Buxar,206,10
Bihar,Darbhanga,20,19
Bihar,East Champaran,979,51
Bihar,Gaya,349,50
Bihar,Gopalganj,216,37
Bihar,Jamui,46,16
Bihar,Jehanabad,42,54
Bihar,Kaimur (Bhabua),9,2
Bihar,Katihar,82,23
Bihar,Khagaria,16,5
Bihar,Kishanganj,30,13
Bihar,Lakhisarai,101,28
Bihar,Madhepura,18,3
Bihar,Madhubani,212,56
Bihar,Munger,566,48
Bihar,Muzaffarpur,1227,551
Bihar,Nalanda,50,13
Bihar,Nawada,42,21
Bihar,Patna,3150,963
Bihar,Purnia,403,128
Bihar,Rohtas,642,324
Bihar,Saharsa,252,31
Bihar,Samastipur,848,47
Bihar,Saran,698,162
Bihar,Sheikhpura,6,1
Bihar,Sheohar,8,3
Bihar,Sitamarhi,233,61
Bihar,Siwan,574,124
Bihar,Supaul,55,19
Bihar,Vaishali,86,37
Bihar,West Champaran,479,66
Chandigarh,Chandigarh,22,7
Chhattisgarh,Balod,221,17
Chhattisgarh,Baloda Bazar,170,50
Chhattisgarh,Bastar,135,8
Chhattisgarh,Bemetara,4,0
Chhattisgarh,Bijapur,0,1
Chhattisgarh,Bilaspur,1522,129
Chhattisgarh,Dantewada,0,9
Chhattisgarh,Dhamtari,21,1
Chhattisgarh,Durg,981,430
Chhattisgarh,Gariyaband,2,0
Chhattisgarh,Janjgir Champa,78,99
Chhattisgarh,Jashpur,3,1
Chhattisgarh,Kanker,5,0
Chhattisgarh,Kawardha,1,0
Chhattisgarh,Kondagaon,624,146
Chhattisgarh,Korba,20,1
Chhattisgarh,Koriya,0,1
Chhattisgarh,Mahasamund,187,67
Chhattisgarh,Mungeli,981,152
Chhattisgarh,Narayanpur,37,15
Chhattisgarh,Raigarh,1172,179
Chhattisgarh,Raipur,95,61
Chhattisgarh,Rajnandgaon,12,9
Chhattisgarh,Sukma,0,1
Chhattisgarh,Surajpur,2,4
Chhattisgarh,Surguja,412,22
Chhattisgarh,Uttar Bastar Kanker,30,10
Dadra and Nagar Haveli,Dadra and Nagar Haveli,73,156
Daman and Diu,Daman,1,0
Delhi,Central Delhi,70,43
Delhi,East Delhi,76,51
Delhi,New Delhi,2,5
Delhi,North Delhi,26,29
Delhi,North East,0,11
Delhi,North East Delhi,164,98
Delhi,North West Delhi,125,175
Delhi,South Delhi,140,104
Delhi,South West Delhi,72,30
Delhi,West Delhi,79,65
Goa,Bardez,0,1
Goa,North Goa,0,39
Goa,South Goa,2,26
Gujarat,Ahmedabad,392,227
Gujarat,Amreli,259,108
Gujarat,Anand,19,8
Gujarat,Banaskantha,170,40
Gujarat,Bharuch,17,15
Gujarat,Bhavnagar,332,43
Gujarat,Dahod,23,20
Gujarat,Gandhinagar,164,68
Gujarat,Jamnagar,463,65
Gujarat,Junagadh,43,47
Gujarat,Kachchh,499,178
Gujarat,Kheda,65,59
Gujarat,Mahesana,39,8
Gujarat,Narmada,0,6
Gujarat,Navsari,25,11
Gujarat,Panchmahal,103,57
Gujarat,Patan,33,30
Gujarat,Porbandar,10,3
Gujarat,Rajkot,95,78
Gujarat,Sabarkantha,228,199
Gujarat,Surat,860,124
Gujarat,Surendranagar,131,48
Gujarat,Tapi,58,16
Gujarat,The Dangs,173,35
Gujarat,Vadodara,314,171
Gujarat,Valsad,45,30
Haryana,Ambala,62,37
Haryana,Bhiwani,53,25
Haryana,Faridabad,30,44
Haryana,Fatehabad,3,5
Haryana,Gurgaon,45,44
Haryana,Hisar,150,49
Haryana,Jhajjar,29,26
Haryana,Jind,54,71
Haryana,Kaithal,54,66
Haryana,Karnal,104,65
Haryana,Kurukshetra,36,33
Haryana,Mahendragarh,44,7
Haryana,Mewat,263,88
Haryana,Palwal,54,42
Haryana,Panchkula,7,8
Haryana,Panipat,67,36
Haryana,Rewari,20,17
Haryana,Rohtak,173,69
Haryana,Sirsa,77,40
Haryana,Sonipat,67,39
Haryana,Yamuna Nagar,522,80
Himachal Pradesh,Bilaspur,0,2
Himachal Pradesh,Chamba,2,7
Himachal Pradesh,Hamirpur,3,1
Himachal Pradesh,Kangra,42,19
Himachal Pradesh,Kullu,0,8
Himachal Pradesh,Mandi,5,8
Himachal Pradesh,Shimla,13,6
Himachal Pradesh,Sirmaur,6,5
Himachal Pradesh,Solan,4,2
Himachal Pradesh,Una,3,1
Jammu and Kashmir,Anantnag,2159,95
Jammu and Kashmir,Badgam,17,1
Jammu and Kashmir,Bandipore,264,30
Jammu and Kashmir,Baramula,71,13
Jammu and Kashmir,Doda,6,0
Jammu and Kashmir,Jammu,1146,78
Jammu and Kashmir,Kathua,7,5
Jammu and Kashmir,Kupwara,241,102
Jammu and Kashmir,Leh,2,0
Jammu and Kashmir,Pulwama,47,0
Jammu and Kashmir,Punch,1,0
Jammu and Kashmir,Rajouri,2,0
Jammu and Kashmir,Reasi,0,3
Jammu and Kashmir,Srinagar,16,23
Jammu and Kashmir,Udhampur,0,2
Jharkhand,Bokaro,16,137
Jharkhand,Chatra,19,24
Jharkhand,Deoghar,4,64
Jharkhand,Dhanbad,74,103
Jharkhand,Dumka,6,47
Jharkhand,East Singhbhum,14,71
Jharkhand,Garhwa,449,117
Jharkhand,Giridih,33,55
Jharkhand,Godda,8,74
Jharkhand,Gumla,64,53
Jharkhand,Hazaribagh,19,108
Jharkhand,Jamtara,7,57
Jharkhand,Khunti,9,21
Jharkhand,Koderma,41,27
Jharkhand,Latehar,5,40
Jharkhand,Lohardaga,41,20
Jharkhand,Pakur,41,44
Jharkhand,Palamu,25,153
Jharkhand,Ramgarh,22,37
Jharkhand,Ranchi,70,139
Jharkhand,Sahibganj,12,25
Jharkhand,Seraikela-Kharsawan,3,25
Jharkhand,Simdega,22,91
Jharkhand,West Singhbhum,20,100
Karnataka,Bagalkot,13,28
Karnataka,Bangalore,92,208
Karnataka,Bangalore Rural,67,36
Karnataka,Belgaum,43,140
Karnataka,Bellary,121,252
Karnataka,Bidar,25,56
Karnataka,Bijapur,39,140
Karnataka,Bijapur(KAR),0,11
Karnataka,Chamarajanagar,124,10
Karnataka,Chikkaballapur,24,27
Karnataka,Chikmagalur,48,33
Karnataka,Chitradurga,52,68
Karnataka,Dakshina Kannada,1,72
Karnataka,Davangere,138,280
Karnataka,Dharwad,18,86
Karnataka,Gadag,4,13
Karnataka,Gulbarga,142,82
Karnataka,Hassan,112,96
Karnataka,Haveri,23,36
Karnataka,Kodagu,1,2
Karnataka,Kolar,10,41
Karnataka,Koppal,23,80
Karnataka,Mandya,57,46
Karnataka,Mysore,246,7
Karnataka,Raichur,281,69
Karnataka,Ramanagar,3,17
Karnataka,Shimoga,143,18
Karnataka,Tumkur,79,18
Karnataka,Udupi,6,1
Karnataka,Uttara Kannada,33,9
Karnataka,Yadgir,217,29
Kerala,Alappuzha,53,13
Kerala,Ernakulam,91,15
Kerala,Idukki,46,12
Kerala,Kannur,73,20
Kerala,Kasaragod,35,14
Kerala,Kollam,76,12
Kerala,Kottayam,43,13
Kerala,Kozhikode,108,16
Kerala,Malappuram,160,37
Kerala,Palakkad,159,46
Kerala,Pathanamthitta,56,6
Kerala,Thiruvananthapuram,142,16
Kerala,Thrissur,101,14
Kerala,Wayanad,72,5
Madhya Pradesh,Alirajpur,33,41
Madhya Pradesh,Anuppur,7,6
Madhya Pradesh,Ashok Nagar,52,80
Madhya Pradesh,Balaghat,29,23
Madhya Pradesh,Barwani,185,145
Madhya Pradesh,Betul,84,92
Madhya Pradesh,Bhind,102,29
Madhya Pradesh,Bhopal,36,18
Madhya Pradesh,Burhanpur,13,41
Madhya Pradesh,Chhatarpur,108,36
Madhya Pradesh,Chhindwara,72,152
Madhya Pradesh,Damoh,31,27
Madhya Pradesh,Datia,60,28
Madhya Pradesh,Dewas,173,201
Madhya Pradesh,Dhar,80,44
Madhya Pradesh,Dindori,198,80
Madhya Pradesh,Guna,113,52
Madhya Pradesh,Gwalior,56,50
Madhya Pradesh,Harda,22,16
Madhya Pradesh,Hoshangabad,23,16
Madhya Pradesh,Indore,146,202
Madhya Pradesh,Jabalpur,32,122
Madhya Pradesh,Jhabua,26,31
Madhya Pradesh,Katni,40,11
Madhya Pradesh,Khandwa,47,35
Madhya Pradesh,Khargone,194,91
Madhya Pradesh,Mandla,246,98
Madhya Pradesh,Mandsaur,82,22
Madhya Pradesh,Morena,132,30
Madhya Pradesh,Narsinghpur,41,17
Madhya Pradesh,Neemuch,5,7
Madhya Pradesh,Panna,10,8
Madhya Pradesh,Raisen,114,31
Madhya Pradesh,Rajgarh,369,271
Madhya Pradesh,Ratlam,316,115
Madhya Pradesh,Rewa,13,19
Madhya Pradesh,Sagar,75,50
Madhya Pradesh,Satna,60,32
Madhya Pradesh,Sehore,241,111
Madhya Pradesh,Seoni,78,72
Madhya Pradesh,Shahdol,37,15
Madhya Pradesh,Shajapur,25,46
Madhya Pradesh,Sheopur,44,4
Madhya Pradesh,Shivpuri,64,24
Madhya Pradesh,Sidhi,21,15
Madhya Pradesh,Singrauli,15,8
Madhya Pradesh,Tikamgarh,58,32
Madhya Pradesh,Ujjain,129,54
Madhya Pradesh,Umaria,22,21
Madhya Pradesh,Vidisha,21,34
Maharashtra,Ahmednagar,35,53
Maharashtra,Akola,56,28
Maharashtra,Amravati,8,53
Maharashtra,Aurangabad,59,70
Maharashtra,Beed,28,51
Maharashtra,Bhandara,10,48
Maharashtra,Buldhana,29,28
Maharashtra,Chandrapur,28,39
Maharashtra,Dhule,43,46
Maharashtra,Gadchiroli,48,33
Maharashtra,Gondia,21,20
Maharashtra,Hingoli,55,21
Maharashtra,Jalgaon,13,29
Maharashtra,Jalna,36,26
Maharashtra,Kolhapur,11,32
Maharashtra,Latur,20,39
Maharashtra,Mumbai,233,44
Maharashtra,Nagpur,81,73
Maharashtra,Nanded,235,208
Maharashtra,Nandurbar,15,7
Maharashtra,Nashik,94,95
Maharashtra,Osmanabad,29,66
Maharashtra,Parbhani,30,29
Maharashtra,Pune,127,69
Maharashtra,Raigad,16,9
Maharashtra,Ratnagiri,99,15
Maharashtra,Sangli,25,33
Maharashtra,Satara,61,32
Maharashtra,Sindhudurg,8,5
Maharashtra,Solapur,51,93
Maharashtra,Thane,52,104
Maharashtra,Wardha,1,6
Maharashtra,Washim,23,8
Maharashtra,Yavatmal,71,61
Manipur,Bishnupur,2,0
Manipur,Imphal East,1,0
Manipur,Imphal West,3,5
Manipur,Tamenglong,1,0
Manipur,Thoubal,1,0
Meghalaya,West Garo Hills,2,0
Mizoram,Aizawl,20,0
Mizoram,Lunglei,92,6
Nagaland,Tuensang,0,1
Odisha,Angul,1,1
Odisha,Anugul,4,0
Odisha,Balangir,9,31
Odisha,Baleswar,3,20
Odisha,Bargarh,0,22
Odisha,Baudh,0,1
Odisha,Bhadrak,4,18
Odisha,Cuttack,0,17
Odisha,Debagarh,0,2
Odisha,Dhenkanal,0,1
Odisha,Ganjam,50,46
Odisha,Jagatsinghapur,2,2
Odisha,Jajapur,1,2
Odisha,Jharsuguda,0,1
Odisha,Kandhamal,0,1
Odisha,Kendrapara,2,1
Odisha,Kendujhar,0,1
Odisha,Khorda,1,1214
Odisha,Khordha,0,4
Odisha,Koraput,0,6
Odisha,Malkangiri,374,480
Odisha,Mayurbhanj,3,5
Odisha,Nabarangapur,0,2
Odisha,Nayagarh,136,322
Odisha,Nuapada,0,1
Odisha,Puri,1,22
Odisha,Rayagada,0,15
Odisha,Sambalpur,0,4
Odisha,Sundergarh,0,126
Others,Others,125,160
Puducherry,Karaikal,6,1
Puducherry,Puducherry,10,64
Puducherry,Yanam,0,1
Punjab,Amritsar,159,106
Punjab,Barnala,39,23
Punjab,Bathinda,101,84
Punjab,Faridkot,29,5
Punjab,Fatehgarh Sahib,33,21
Punjab,Fazilka,42,87
Punjab,Firozpur,60,59
Punjab,Gurdaspur,101,45
Punjab,Hoshiarpur,109,38
Punjab,Jalandhar,112,45
Punjab,Kapurthala,76,21
Punjab,Ludhiana,179,72
Punjab,Mansa,55,30
Punjab,Moga,49,50
Punjab,Pathankot,15,14
Punjab,Patiala,78,86
Punjab,Rupnagar,35,16
Punjab,SAS Nagar (Mohali),38,22
Punjab,Sangrur,42,30
Punjab,Shaheed Bhagat Singh Nagar,29,18
Punjab,Sri Muktsar Sahib,40,89
Punjab,Tarn Taran,32,87
Rajasthan,Ajmer,23,137
Rajasthan,Alwar,32,29
Rajasthan,Banswara,43,43
Rajasthan,Baran,24,15
Rajasthan,Barmer,51,55
Rajasthan,Bharatpur,46,27
Rajasthan,Bhilwara,58,43
Rajasthan,Bikaner,123,27
Rajasthan,Bundi,54,20
Rajasthan,Chittorgarh,32,33
Rajasthan,Churu,62,16
Rajasthan,Dausa,8,16
Rajasthan,Dholpur,8,14
Rajasthan,Dungarpur,43,21
Rajasthan,Ganganagar,162,34
Rajasthan,Hanumangarh,21,18
Rajasthan,Jaipur,170,131
Rajasthan,Jaisalmer,25,4
Rajasthan,Jalor,51,22
Rajasthan,Jhalawar,68,3
Rajasthan,Jhunjhunu,68,17
Rajasthan,Jodhpur,195,25
Rajasthan,Karauli,8,8
Rajasthan,Kota,26,15
Rajasthan,Nagaur,89,38
Rajasthan,Pali,22,14
Rajasthan,Pratapgarh,6,13
Rajasthan,Rajsamand,2,13
Rajasthan,Sawai Madhopur,59,46
Rajasthan,Sikar,49,39
Rajasthan,Sirohi,2,8
Rajasthan,Tonk,62,17
Rajasthan,Udaipur,13,21
Sikkim,East Sikkim,2,0
Sikkim,North Sikkim,2,1
Sikkim,South Sikkim,1,1
Tamil Nadu,Ariyalur,1,1
Tamil Nadu,Chennai,150,365
Tamil Nadu,Coimbatore,71,240
Tamil Nadu,Cuddalore,8,7
Tamil Nadu,Dharmapuri,1,3
Tamil Nadu,Dindigul,1,1
Tamil Nadu,Erode,2,55
Tamil Nadu,Kancheepuram,10,5
Tamil Nadu,Kanyakumari,16,1
Tamil Nadu,Karur,1,0
Tamil Nadu,Krishnagiri,4,2
Tamil Nadu,Madurai,5,2
Tamil Nadu,Nagapattinam,4,2
Tamil Nadu,Namakkal,5,1
Tamil Nadu,Perambalur,3,7
Tamil Nadu,Pudukkottai,1,0
Tamil Nadu,Ramanathapuram,0,1
Tamil Nadu,Salem,17,9
Tamil Nadu,Sivaganga,3,1
Tamil Nadu,Thanjavur,6,4
Tamil Nadu,The Nilgiris,2,3
Tamil Nadu,Theni,2,8
Tamil Nadu,Thiruvarur,0,2
Tamil Nadu,Thoothukudi,12,10
Tamil Nadu,Tiruchirappalli,47,4
Tamil Nadu,Tirunelveli,66,4
Tamil Nadu,Tirupur,8,21
Tamil Nadu,Tiruvallur,126,70
Tamil Nadu,Tiruvannamalai,1,6
Tamil Nadu,Vellore,6,10
Tamil Nadu,Viluppuram,16,7
Tamil Nadu,Virudhunagar,1,2
Tripura,Dhalai,5,1
Tripura,Gomati,19,1
Tripura,Khowai,7,10
Tripura,North Tripura,2,0
Tripura,Sepahijala,58,12
Tripura,South Tripura,83,44
Tripura,Unakoti,4,1
Tripura,West Tripura,22,8
Uttar Pradesh,Agra,3007,955
Uttar Pradesh,Aligarh,1685,191
Uttar Pradesh,Allahabad,1845,268
Uttar Pradesh,Ambedkar Nagar,364,97
Uttar Pradesh,Amethi,142,35
Uttar Pradesh,Amroha,506,112
Uttar Pradesh,Auraiya,285,29
Uttar Pradesh,Azamgarh,463,96
Uttar Pradesh,Baghpat,250,14
Uttar Pradesh,Bahraich,204,76
Uttar Pradesh,Ballia,721,132
Uttar Pradesh,Balrampur,590,57
Uttar Pradesh,Banda,456,100
Uttar Pradesh,Barabanki,1241,298
Uttar Pradesh,Bareilly,687,206
Uttar Pradesh,Basti,510,34
Uttar Pradesh,Bijnor,685,293
Uttar Pradesh,Budaun,552,42
Uttar Pradesh,Bulandshahr,230,89
Uttar Pradesh,Chandauli,100,63
Uttar Pradesh,Chitrakoot,42,5
Uttar Pradesh,Deoria,472,101
Uttar Pradesh,Etah,1527,88
Uttar Pradesh,Etawah,75,18
Uttar Pradesh,Faizabad,753,94
Uttar Pradesh,Farrukhabad,482,102
Uttar Pradesh,Fatehpur,1732,322
Uttar Pradesh,Firozabad,304,34
Uttar Pradesh,Gautam Buddha Nagar,1192,197
Uttar Pradesh,Ghaziabad,3147,676
Uttar Pradesh,Ghazipur,66,38
Uttar Pradesh,Gonda,229,75
Uttar Pradesh,Gorakhpur,1913,365
Uttar Pradesh,Hamirpur,12,1
Uttar Pradesh,Hapur,17,58
Uttar Pradesh,Hardoi,531,40
Uttar Pradesh,Hathras,364,84
Uttar Pradesh,Jalaun,289,42
Uttar Pradesh,Jaunpur,613,69
Uttar Pradesh,Jhansi,524,95
Uttar Pradesh,Kannauj,588,55
Uttar Pradesh,Kanpur Dehat,951,153
Uttar Pradesh,Kanpur Nagar,374,155
Uttar Pradesh,Kasganj,301,90
Uttar Pradesh,Kaushambi,39,7
Uttar Pradesh,Kheri,332,47
Uttar Pradesh,Kushinagar,163,50
Uttar Pradesh,Lalitpur,164,20
Uttar Pradesh,Lucknow,1277,779
Uttar Pradesh,Maharajganj,111,112
Uttar Pradesh,Mahoba,6,4
Uttar Pradesh,Mainpuri,116,34
Uttar Pradesh,Mathura,2269,418
Uttar Pradesh,Mau,1167,189
Uttar Pradesh,Meerut,1523,498
Uttar Pradesh,Mirzapur,316,167
Uttar Pradesh,Moradabad,1867,358
Uttar Pradesh,Muzaffarnagar,149,23
Uttar Pradesh,Pilibhit,245,70
Uttar Pradesh,Pratapgarh,653,134
Uttar Pradesh,Raebareli,14,25
Uttar Pradesh,Rampur,134,16
Uttar Pradesh,Saharanpur,1580,274
Uttar Pradesh,Sambhal,868,122
Uttar Pradesh,Sant Kabir Nagar,14,0
Uttar Pradesh,Sant Ravidas Nagar,59,20
Uttar Pradesh,Shahjahanpur,21,3
Uttar Pradesh,Shamli,39,28
Uttar Pradesh,Shrawasti,28,4
Uttar Pradesh,Siddharthnagar,52,32
Uttar Pradesh,Sitapur,847,289
Uttar Pradesh,Sonbhadra,65,25
Uttar Pradesh,Sultanpur,397,124
Uttar Pradesh,Unnao,628,288
Uttar Pradesh,Varanasi,1840,314
Uttarakhand,Almora,28,8
Uttarakhand,Bageshwar,6,0
Uttarakhand,Chamoli,13,4
Uttarakhand,Champawat,2,0
Uttarakhand,Dehradun,554,131
Uttarakhand,Haridwar,797,334
Uttarakhand,Nainital,9,2
Uttarakhand,Pauri Garhwal,305,7
Uttarakhand,Pithoragarh,26,2
Uttarakhand,Rudraprayag,4,0
Uttarakhand,Tehri Garhwal,6,0
Uttarakhand,Udham Singh Nagar,52,7
Uttarakhand,Uttarkashi,4,0
West Bengal,Bankura,47,1
West Bengal,Bardhaman,1745,374
West Bengal,Birbhum,60,9
West Bengal,Cooch Behar,8,3
West Bengal,Dakshin Dinajpur,0,15
West Bengal,Darjeeling,259,457
West Bengal,East Midnapore,153,18
West Bengal,Hooghly,213,322
West Bengal,Howrah,2,4
West Bengal,Jalpaiguri,1861,430
West Bengal,Kolkata,16,19
West Bengal,Malda,5,28
West Bengal,Medinipur,4,3
West Bengal,Murshidabad,1604,52
West Bengal,Nadia,2209,160
West Bengal,North 24 Parganas,1279,87
West Bengal,North Dinajpur,928,372
West Bengal,Purulia,160,248
West Bengal,South 24 Parganas,574,305
West Bengal,South Dinajpur,0,10
West Bengal,South Twenty Four Parganas,0,3
West Bengal,West Midnapore,633,1215
