Registrar,Enrolment Agency,Aadhaar generated,Enrolment Rejected
Allahabad Bank,Tera Software Ltd,34,1
Allahabad Bank,Vakrangee Softwares Limited,4,0
Bank Of India,A3 Logics  India  Ltd,2072,1022
Bank Of India,CHESSY CONSULTANTS PVT LTD,529,1
Bank Of India,DATASOFT COMPUTER SERVICES(P),168,152
Bank Of India,Frontech Systems Pvt Ltd,1698,32
Bank Of India,ITI LIMITED,1539,1384
Bank Of India,MANTRA SOFTTECH (INDIA) PVTLTD,859,704
Bank Of India,Matrix Processing House,11,23
Bank Of India,OSWAL COMPUTERS & CONSULTANTS,1431,1051
Bank Of India,PROTEX COMPUTER PVT LTD,332,24
Bank Of India,SARADA SYSTEMS,183,23
Bank Of India,SHRIKRISHNA KHANDASARI SUGAR M,2742,6
Bank Of India,SPANCO,591,308
Bank Of India,Silver Touch Technologies Ltd,1331,425
Bank Of India,Systematic & Advance Const P L,1408,239
Bank Of India,VEETECHNOLOGIES PVT. LTD,812,28
Bank Of India,Vakrangee Softwares Limited,8650,5902
Central Bank of India,CALANCE SOFTWARE PRIVATE LTD,1720,276
Central Bank of India,IAP COMPANY Pvt. Ltd,1529,811
Central Bank of India,MANTRA SOFTTECH (INDIA) PVTLTD,59,101
Central Bank of India,The Peerless General Finance,368,16
Delhi - Central DC,Smart Chip Limited,27,38
Delhi - East DC,DATASOFT COMPUTER SERVICES(P),11,0
Delhi - ND DC,Smart Chip Limited,1,4
Delhi - NE DC,Smart ID,0,8
Delhi - North DC,DATASOFT COMPUTER SERVICES(P),8,52
Delhi - North DC,Smart Chip Limited,2,5
Delhi SW DC,VIRGO SOFTECH LIMITED,43,9
Delhi- South DC,Karvy Computershare Private Li,2,2
Delhi- West DC,VIRGO SOFTECH LIMITED,1,0
Dept of ITC Govt of Rajasthan,ATISHAY INFOTECH PVT. LTD.,2316,587
Dept of ITC Govt of Rajasthan,Alankit Finsec Ltd,427,51
Dept of ITC Govt of Rajasthan,DATASOFT COMPUTER SERVICES(P),1466,274
Dept of ITC Govt of Rajasthan,Transline Technologies P Ltd,3,4
Dept of ITC Govt of Rajasthan,Vakrangee Softwares Limited,886,2054
Dept of ITC Govt of Rajasthan,Vayam technologies Ltd,8,0
FCR Govt of Haryana,Vakrangee Softwares Limited,655,2208
FCS Govt of Punjab,CSS TECHNERGY LIMITED,174,83
FCS Govt of Punjab,Karvy Computershare Private Li,3700,485
FCS Govt of Punjab,Vayam technologies Ltd,967,327
FCS Govt of Punjab,eCentric solutions pvt ltd,1802,487
Govt of Andhra Pradesh,Gouthami Educational Society,6881,1
Govt of Andhra Pradesh,GrapeSoft,729,170
Govt of Andhra Pradesh,INFRONICS SYSTEMS LTD,4994,402
Govt of Andhra Pradesh,Madras Security Printers Ltd,3,0
Govt of Andhra Pradesh,SREEVEN INFOCOM LIMITED,2063,19
Govt of Andhra Pradesh,TechSmart India Pvt Ltd,3,0
Govt of Andhra Pradesh,Tera Software Ltd,999,86
Govt of Andhra Pradesh,eCentric solutions pvt ltd,1,0
Govt of Goa,COMAT TECHNOLOGIES P LTD,335,1
Govt of Goa,MARS Telecom Systems Pvt Ltd,5081,165
Govt of Goa,Tera Software Ltd,1,0
Govt of Gujarat,GSS Infotech Ltd,1085,20
Govt of Gujarat,Karvy Computershare Private Li,6354,47
Govt of Gujarat,Silver Touch Technologies Ltd,5336,92
Govt of Gujarat,Tera Software Ltd,2075,2
Govt of Gujarat,Transline Technologies P Ltd,1137,3
Govt of Gujarat,Vayam technologies Ltd,4020,196
Govt of Gujarat,eCentric solutions pvt ltd,1057,1
Govt of Himachal Pradesh,IL&FS LTD,7,0
Govt of Himachal Pradesh,Wipro Ltd,713,692
Govt of Himachal Pradesh,i-Grandee SoftwareTechnologies,483,1257
Govt of Kerala,Akshaya,15265,13443
Govt of Kerala,Keltron,1404,1213
Govt of Maharashtra,Alankit Finsec Ltd,5052,40
Govt of Maharashtra,Eagle press pvt ltd,3395,63
Govt of Maharashtra,GLODYNE TECHNOSERVE,1297,0
Govt of Maharashtra,Karvy Computershare Private Li,12743,177
Govt of Maharashtra,STRATEGIC OUTSOURCING SERVICE,1788,0
Govt of Maharashtra,Silver Touch Technologies Ltd,1458,0
Govt of Maharashtra,TechSmart India Pvt Ltd,1922,25
Govt of Maharashtra,Tera Software Ltd,332,0
Govt of Maharashtra,Transline Technologies P Ltd,1679,14
Govt of Maharashtra,Wipro Ltd,13563,39
IDBI Bank ltd,Pioneer E Labs limited,152,52
IDBI Bank ltd,SREEVEN INFOCOM LIMITED,99,0
IDBI Bank ltd,UTI TECHNOLOGY SERVICES LIMITE,8,0
Indiapost,Delhi Integrated MMTS Ltd,790,376
Indiapost,GLODYNE TECHNOSERVE,101,0
Indiapost,TEAM LIFE CARE COMPANY INDIA P,789,317
Jharkhand,Alankit Assignments Limited,204,27
Jharkhand,Blue Circle Instrument,171,0
Jharkhand,MKS Enterprises,903,79
Jharkhand,Nevaeh Technology Pvt. Ltd.,179,50
Jharkhand,STRATEGIC OUTSOURCING SERVICE,808,222
Jharkhand,Systematic & Advance Const P L,10636,3925
Jharkhand,VISION COMPTECH INTEGRATOR LTD,1082,20
Jharkhand,Wipro Ltd,2747,255
Mission Convergence - GNCT Del,Karvy Computershare Private Li,3,2
N S D L,Abhipra Capital Ltd,114,342
N S D L,Karvy Data Management Services,2763,462
N S D L,PROWIZ MANSYTEMS PVT LTD,433,228
Oriental Bank of Commerce,DATASOFT COMPUTER SERVICES(P),527,454
Oriental Bank of Commerce,FINANCIAL INFORMATION NETWORK,365,3
Oriental Bank of Commerce,Wipro Ltd,68,92
RDD Govt of Tripura,Alankit Assignments Limited,2,0
Registrar General India - BEL,In Media Computer Services LLP,4066,0
Registrar General India - BEL,Swathy Smartcards Hi-Tech Pvt,50,4
Registrar General India BEL2,Madras Security Printers Ltd,1198,2398
Registrar General India BEL2,Multiwave Innovation,845,9
Registrar General India BEL2,Om Softwares,2957,57
Registrar General India BEL2,Swathy Smartcards Hi-Tech Pvt,23359,5655
Registrar General India BEL2,Tera Software Ltd,3228,5958
Registrar General India ECIL,Computer LAB,50592,9806
Registrar General India ECIL,Eagle Software India Pvt. Ltd,140,2
Registrar General India ECIL,In Media Computer Services LLP,11662,8847
Registrar General India ECIL,India Computer Technology,25,0
Registrar General India ECIL,Krishna Infotech,3422,7507
Registrar General India ECIL,Madras Security Printers Ltd,2708,113
Registrar General India ECIL,Pioneer E Labs limited,135,0
Registrar General India ECIL,SWISSTECH NPR 57CR PROJECT PVT,6093,1944
Registrar General India ECIL,Vedavaag Systems Limited,1230,45
Registrar General India Others,Madras Security Printers Ltd,33,0
Registrar General India Others,SWISSTECH NPR 57CR PROJECT PVT,1,0
Registrar General India Others,Swathy Smartcards Hi-Tech Pvt,193,156
Registrar General India Others,WEBEL TECHNOLOGY LIMITED,39,0
Registrar General of India ITI,Emdee Digitronics Pvt.Ltd.,11996,1660
Registrar General of India ITI,Swathy Smartcards Hi-Tech Pvt,51547,32573
Registrar General of India ITI,TechSmart India Pvt Ltd,2747,0
Registrar General of India ITI,WEBEL TECHNOLOGY LIMITED,5249,421
STATE BANK OF PATIALA,CSS TECHNERGY LIMITED,6,0
State Bank of Bikaner & Jaipur,Multiwave Innovation,4580,1773
State Bank of India,VIRGO SOFTECH LIMITED,49,22
State Bank of Travancore,Tera Software Ltd,87,12
UDD Govt of Jharkhand,Blue Circle Instrument,699,73
UDD Govt of Jharkhand,MKS Enterprises,1028,166
UDD Govt of Jharkhand,Systematic & Advance Const P L,1,0
UIDAI-Registrar,UIDAI-EA,12,0
UT Of Daman and Diu,Alankit Assignments Limited,7,4
Union Bank,Smart Chip Limited,6057,1841
Union Bank,Vakrangee Softwares Limited,917,1424
