Registrar,Enrolment Agency,Aadhaar generated,Enrolment Rejected
Allahabad Bank,Tera Software Ltd,184,1
Allahabad Bank,Vakrangee Softwares Limited,66,0
Bank Of India,A3 Logics  India  Ltd,3379,402
Bank Of India,CHESSY CONSULTANTS PVT LTD,647,3
Bank Of India,DATASOFT COMPUTER SERVICES(P),769,9
Bank Of India,Frontech Systems Pvt Ltd,843,75
Bank Of India,ITI LIMITED,5486,155
Bank Of India,MANTRA SOFTTECH (INDIA) PVTLTD,1338,80
Bank Of India,Matrix Processing House,313,18
Bank Of India,OPTIMIX CONSULTANCY PRIVATE LT,13,14
Bank Of India,OSWAL COMPUTERS & CONSULTANTS,2873,141
Bank Of India,PROTEX COMPUTER PVT LTD,572,12
Bank Of India,SARADA SYSTEMS,236,5
Bank Of India,SHRIKRISHNA KHANDASARI SUGAR M,2322,73
Bank Of India,SPANCO,1461,28
Bank Of India,Silver Touch Technologies Ltd,2693,92
Bank Of India,Systematic & Advance Const P L,693,18
Bank Of India,VEETECHNOLOGIES PVT. LTD,496,260
Bank Of India,Vakrangee Softwares Limited,7070,469
Bank of Baroda,DATASOFT COMPUTER SERVICES(P),0,3
Bank of Baroda,IL&FS LTD,26,10
Bank of Maharashtra,Alankit Assignments Limited,0,19
Bank of Maharashtra,Bartronics India Limited,0,3
Canara Bank,Smart Chip Limited,0,7
Central Bank of India,CALANCE SOFTWARE PRIVATE LTD,1146,40
Central Bank of India,Frontech Systems Pvt Ltd,0,2
Central Bank of India,IAP COMPANY Pvt. Ltd,841,17
Central Bank of India,IL&FS LTD,11,171
Central Bank of India,MANTRA SOFTTECH (INDIA) PVTLTD,432,24
Central Bank of India,SREI INFRASTRUCTURE FINANCES L,0,87
Central Bank of India,Tera Software Ltd,1,0
Central Bank of India,The Peerless General Finance,111,0
Delhi - Central DC,Smart Chip Limited,340,3
Delhi - East DC,DATASOFT COMPUTER SERVICES(P),14,0
Delhi - East DC,Tera Software Ltd,1,0
Delhi - ND DC,Smart Chip Limited,64,2
Delhi - NE DC,Alankit Assignments Limited,1,31
Delhi - NE DC,Smart ID,3,0
Delhi - North DC,DATASOFT COMPUTER SERVICES(P),68,20
Delhi - North DC,Smart Chip Limited,21,2
Delhi SW DC,STRATEGIC OUTSOURCING SERVICE,10,163
Delhi SW DC,VIRGO SOFTECH LIMITED,125,1
Delhi Urban Shelter Improvemen,Alankit Assignments Limited,0,1
Delhi Urban Shelter Improvemen,STRATEGIC OUTSOURCING SERVICE,0,111
Delhi Urban Shelter Improvemen,Smart Chip Limited,0,1
Delhi- South DC,Karvy Computershare Private Li,12,0
Delhi- South DC,Tera Software Ltd,0,3
Delhi- West DC,Matrix Processing House,0,1
Delhi- West DC,VIRGO SOFTECH LIMITED,49,3
Delhi-NW DC,Karvy Computershare Private Li,1,1
Delhi-NW DC,STRATEGIC OUTSOURCING SERVICE,3,7
Dept of ITC Govt of Rajasthan,ATISHAY INFOTECH PVT. LTD.,1735,86
Dept of ITC Govt of Rajasthan,Alankit Finsec Ltd,262,1
Dept of ITC Govt of Rajasthan,DATASOFT COMPUTER SERVICES(P),2112,42
Dept of ITC Govt of Rajasthan,Transline Technologies P Ltd,1389,8
Dept of ITC Govt of Rajasthan,Vakrangee Softwares Limited,2933,197
Dept of ITC Govt of Rajasthan,Vayam technologies Ltd,3,0
FCR Govt of Haryana,Vakrangee Softwares Limited,2624,254
FCS Govt of Punjab,Alankit Assignments Limited,1,9
FCS Govt of Punjab,Alankit Finsec Ltd,1,19
FCS Govt of Punjab,Alankit Life Care Ltd,1,3
FCS Govt of Punjab,CSS TECHNERGY LIMITED,601,30
FCS Govt of Punjab,Delhi Integrated MMTS Ltd,0,7
FCS Govt of Punjab,Diwakar Commercials Pvt Ltd,7,15
FCS Govt of Punjab,Karvy Computershare Private Li,1606,28
FCS Govt of Punjab,VIRGO SOFTECH LIMITED,2,2
FCS Govt of Punjab,Vayam technologies Ltd,1250,7
FCS Govt of Punjab,eCentric solutions pvt ltd,3687,24
Govt of Andhra Pradesh,Gouthami Educational Society,1674,529
Govt of Andhra Pradesh,GrapeSoft,414,232
Govt of Andhra Pradesh,IL&FS LTD,76,600
Govt of Andhra Pradesh,INFRONICS SYSTEMS LTD,11148,1034
Govt of Andhra Pradesh,Madras Security Printers Ltd,135,2287
Govt of Andhra Pradesh,SREEVEN INFOCOM LIMITED,205,90
Govt of Andhra Pradesh,Smart Chip Limited,2,287
Govt of Andhra Pradesh,TechSmart India Pvt Ltd,4,578
Govt of Andhra Pradesh,Tera Software Ltd,1828,2094
Govt of Andhra Pradesh,eCentric solutions pvt ltd,152,948
Govt of Goa,COMAT TECHNOLOGIES P LTD,5,3
Govt of Goa,MARS Telecom Systems Pvt Ltd,486,74
Govt of Goa,Tera Software Ltd,12,3
Govt of Gujarat,GSS Infotech Ltd,957,64
Govt of Gujarat,Karvy Computershare Private Li,3099,118
Govt of Gujarat,Silver Touch Technologies Ltd,5196,228
Govt of Gujarat,Tera Software Ltd,2361,32
Govt of Gujarat,Transline Technologies P Ltd,1070,116
Govt of Gujarat,Vayam technologies Ltd,3454,152
Govt of Gujarat,eCentric solutions pvt ltd,470,83
Govt of Himachal Pradesh,IL&FS LTD,1,66
Govt of Himachal Pradesh,Wipro Ltd,2601,90
Govt of Himachal Pradesh,i-Grandee SoftwareTechnologies,2157,1293
Govt of Karnataka ,COMAT TECHNOLOGIES P LTD,107,1093
Govt of Karnataka ,GLODYNE TECHNOSERVE,25,0
Govt of Karnataka ,Integra Micro Systems Pvt.ltd,11,1
Govt of Karnataka ,Tera Software Ltd,3,2
Govt of Karnataka ,Wipro Ltd,73,971
Govt of Kerala,Akshaya,25162,1527
Govt of Kerala,Keltron,3784,259
Govt of Madhya Pradesh,Bharatiya Samruddhi Investment & Consulting Services Ltd.,0,145
Govt of Madhya Pradesh,VIRGO SOFTECH LIMITED,71,4735
Govt of Maharashtra,Alankit Assignments Limited,0,156
Govt of Maharashtra,Alankit Finsec Ltd,2806,68
Govt of Maharashtra,COMAT TECHNOLOGIES P LTD,1,103
Govt of Maharashtra,Eagle press pvt ltd,233,133
Govt of Maharashtra,GLODYNE TECHNOSERVE,342,184
Govt of Maharashtra,GSS Infotech Ltd,0,61
Govt of Maharashtra,Karvy Computershare Private Li,2851,670
Govt of Maharashtra,Mahaonline Limited,13,146
Govt of Maharashtra,SPANCO,0,9
Govt of Maharashtra,STRATEGIC OUTSOURCING SERVICE,621,142
Govt of Maharashtra,Silver Touch Technologies Ltd,2640,191
Govt of Maharashtra,Smart Chip Limited,0,3
Govt of Maharashtra,TEAM LIFE CARE COMPANY INDIA P,0,31
Govt of Maharashtra,TechSmart India Pvt Ltd,5338,209
Govt of Maharashtra,Tera Software Ltd,28,531
Govt of Maharashtra,Transline Technologies P Ltd,2780,274
Govt of Maharashtra,Wep Solution India Limited,0,69
Govt of Maharashtra,Wipro Ltd,18328,1855
Govt of Sikkim - Dept of Econo,4G IDENTITY SOLUTIONS,0,3
IDBI Bank ltd,ATISHAY INFOTECH PVT. LTD.,313,4
IDBI Bank ltd,Pioneer E Labs limited,32,5
IDBI Bank ltd,SREEVEN INFOCOM LIMITED,97,0
IDBI Bank ltd,UTI TECHNOLOGY SERVICES LIMITE,125,0
IGNOU,Vakrangee Softwares Limited,2,10
Indian Bank,GSS Infotech Ltd,0,1
Indian Bank,i-Grandee SoftwareTechnologies,0,1
Indian Overseas Bank,Wipro Ltd,0,1
Indiapost,4G IDENTITY SOLUTIONS,0,12
Indiapost,COMAT TECHNOLOGIES P LTD,9,0
Indiapost,Delhi Integrated MMTS Ltd,1986,54
Indiapost,GLODYNE TECHNOSERVE,131,40
Indiapost,IL&FS LTD,0,3
Indiapost,TEAM LIFE CARE COMPANY INDIA P,2312,14
Indiapost,The NSIC ltd,0,518
Indiapost,UTI TECHNOLOGY SERVICES LIMITE,17,1
Jharkhand,Alankit Assignments Limited,942,48
Jharkhand,Blue Circle Instrument,235,69
Jharkhand,IL&FS LTD,0,63
Jharkhand,MKS Enterprises,839,134
Jharkhand,Nevaeh Technology Pvt. Ltd.,83,16
Jharkhand,STRATEGIC OUTSOURCING SERVICE,2213,134
Jharkhand,Smart ID,0,69
Jharkhand,Systematic & Advance Const P L,59,85
Jharkhand,VISION COMPTECH INTEGRATOR LTD,648,115
Jharkhand,Wipro Ltd,15241,649
Life Insurance Corporation,ATISHAY INFOTECH PVT. LTD.,0,1
Life Insurance Corporation,COMAT TECHNOLOGIES P LTD,0,31
Life Insurance Corporation,DATASOFT COMPUTER SERVICES(P),0,1
Life Insurance Corporation,Smart ID,1,0
Mission Convergence - GNCT Del,IL&FS LTD,0,5
Mission Convergence - GNCT Del,Karvy Computershare Private Li,18,4
Mission Convergence - GNCT Del,STRATEGIC OUTSOURCING SERVICE,0,154
Mission Convergence - GNCT Del,Smart Chip Limited,9,0
N S D L,Abhipra Capital Ltd,1120,63
N S D L,Alankit Assignments Limited,20,662
N S D L,INTEGRATED REGISTRY SERVICES,0,2
N S D L,Karvy Data Management Services,8511,190
N S D L,PROWIZ MANSYTEMS PVT LTD,1369,69
Oriental Bank of Commerce,DATASOFT COMPUTER SERVICES(P),471,15
Oriental Bank of Commerce,FINANCIAL INFORMATION NETWORK,90,1
Oriental Bank of Commerce,IL&FS LTD,1,2
Oriental Bank of Commerce,Wipro Ltd,675,5
Others,Madras Security Printers Ltd,0,1
Others,Others,0,1
RDD Govt of Tripura,Alankit Assignments Limited,250,1032
Registrar General India - BEL,In Media Computer Services LLP,486,42
Registrar General India - BEL,Manipur Electronics Dev Corp,501,171
Registrar General India - BEL,Swathy Smartcards Hi-Tech Pvt,20,51
Registrar General India BEL2,Computer LAB,288,0
Registrar General India BEL2,India Computer Technology,663,0
Registrar General India BEL2,Madras Security Printers Ltd,1513,1284
Registrar General India BEL2,Multiwave Innovation,263,46
Registrar General India BEL2,Om Softwares,1062,1255
Registrar General India BEL2,SREEVEN INFOCOM LIMITED,73,0
Registrar General India BEL2,Swathy Smartcards Hi-Tech Pvt,8249,14039
Registrar General India BEL2,Tera Software Ltd,7381,2449
Registrar General India BEL2,VIRGO SOFTECH LIMITED,93,113
Registrar General India ECIL,Clairvoyance Technologies Pvt.,116,31674
Registrar General India ECIL,Computer LAB,24433,4855
Registrar General India ECIL,Eagle Software India Pvt. Ltd,643,5769
Registrar General India ECIL,In Media Computer Services LLP,12773,9812
Registrar General India ECIL,India Computer Technology,1417,653
Registrar General India ECIL,Krishna Infotech,14256,14707
Registrar General India ECIL,Madras Security Printers Ltd,10347,11231
Registrar General India ECIL,Pioneer E Labs limited,1736,2995
Registrar General India ECIL,SWISSTECH NPR 57CR PROJECT PVT,3725,13073
Registrar General India ECIL,Tera Software Ltd,94,0
Registrar General India ECIL,Vedavaag Systems Limited,9558,1077
Registrar General India Others,Computer LAB,4,0
Registrar General India Others,Eagle Software India Pvt. Ltd,1,0
Registrar General India Others,Emdee Digitronics Pvt.Ltd.,6,0
Registrar General India Others,In Media Computer Services LLP,3,0
Registrar General India Others,Madras Security Printers Ltd,13,3
Registrar General India Others,Om Softwares,3,0
Registrar General India Others,SWISSTECH NPR 57CR PROJECT PVT,2,0
Registrar General India Others,Swathy Smartcards Hi-Tech Pvt,374,13
Registrar General India Others,TechSmart India Pvt Ltd,1,1
Registrar General India Others,Vedavaag Systems Limited,1,25
Registrar General of India ITI,Emdee Digitronics Pvt.Ltd.,40593,3454
Registrar General of India ITI,Multiwave Innovation,322,66
Registrar General of India ITI,SREEVEN INFOCOM LIMITED,28,0
Registrar General of India ITI,Swathy Smartcards Hi-Tech Pvt,30160,3739
Registrar General of India ITI,TechSmart India Pvt Ltd,86,882
Registrar General of India ITI,WEBEL TECHNOLOGY LIMITED,23970,21
STATE BANK OF PATIALA,CSS TECHNERGY LIMITED,6,0
State Bank of Bikaner & Jaipur,Multiwave Innovation,3612,632
State Bank of India,4G IDENTITY SOLUTIONS,8,808
State Bank of India,COMAT TECHNOLOGIES P LTD,1,43
State Bank of India,CSS TECHNERGY LIMITED,1,497
State Bank of India,Delhi Integrated MMTS Ltd,6,103
State Bank of India,Eagle press pvt ltd,0,125
State Bank of India,IL&FS LTD,0,178
State Bank of India,Smart Chip Limited,1,186
State Bank of India,VIRGO SOFTECH LIMITED,4,242
State Bank of Travancore,Tera Software Ltd,74,6
Syndicate Bank,Smart Chip Limited,0,2
UDD Govt of Jharkhand,Blue Circle Instrument,1277,0
UDD Govt of Jharkhand,IL&FS LTD,0,35
UDD Govt of Jharkhand,MKS Enterprises,2223,30
UDD Govt of Jharkhand,Smart ID,0,9
UDD Govt of Jharkhand,Systematic & Advance Const P L,8,1
UIDAI-Registrar,UIDAI-EA,4,3
UT Of Daman and Diu,Alankit Assignments Limited,18,22
UT of Puducherry,Madras Security Printers Ltd,4,171
Union Bank,4G IDENTITY SOLUTIONS,3,2
Union Bank,Smart Chip Limited,9598,423
Union Bank,Vakrangee Softwares Limited,1548,674
United Bank of India,Atyati Technologies Pvt Ltd,0,1
