Registrar,Enrolment Agency,Aadhaar generated,Enrolment Rejected
Allahabad Bank,Tera Software Ltd,281,73
Bank Of India,A3 Logics  India  Ltd,1666,835
Bank Of India,CHESSY CONSULTANTS PVT LTD,548,6
Bank Of India,DATASOFT COMPUTER SERVICES(P),298,199
Bank Of India,Frontech Systems Pvt Ltd,968,136
Bank Of India,ITI LIMITED,1029,812
Bank Of India,MANTRA SOFTTECH (INDIA) PVTLTD,480,131
Bank Of India,Matrix Processing House,20,46
Bank Of India,OPTIMIX CONSULTANCY PRIVATE LT,5,0
Bank Of India,OSWAL COMPUTERS & CONSULTANTS,1594,1720
Bank Of India,PROTEX COMPUTER PVT LTD,325,231
Bank Of India,SARADA SYSTEMS,341,5
Bank Of India,SHRIKRISHNA KHANDASARI SUGAR M,2245,25
Bank Of India,SPANCO,561,547
Bank Of India,Silver Touch Technologies Ltd,1075,626
Bank Of India,Systematic & Advance Const P L,568,53
Bank Of India,VEETECHNOLOGIES PVT. LTD,686,564
Bank Of India,Vakrangee Softwares Limited,6842,7467
Central Bank of India,CALANCE SOFTWARE PRIVATE LTD,1326,678
Central Bank of India,IAP COMPANY Pvt. Ltd,701,683
Central Bank of India,MANTRA SOFTTECH (INDIA) PVTLTD,33,0
Central Bank of India,The Peerless General Finance,135,12
Delhi - Central DC,Smart Chip Limited,33,0
Delhi - East DC,DATASOFT COMPUTER SERVICES(P),45,11
Delhi - NE DC,Smart ID,7,10
Delhi - North DC,DATASOFT COMPUTER SERVICES(P),2,0
Delhi - North DC,Smart Chip Limited,8,0
Delhi SW DC,VIRGO SOFTECH LIMITED,62,11
Delhi- South DC,Karvy Computershare Private Li,7,11
Delhi- West DC,VIRGO SOFTECH LIMITED,5,6
Dept of ITC Govt of Rajasthan,ATISHAY INFOTECH PVT. LTD.,1658,895
Dept of ITC Govt of Rajasthan,Alankit Finsec Ltd,98,70
Dept of ITC Govt of Rajasthan,DATASOFT COMPUTER SERVICES(P),1159,669
Dept of ITC Govt of Rajasthan,Transline Technologies P Ltd,41,15
Dept of ITC Govt of Rajasthan,Vakrangee Softwares Limited,1926,6485
Dept of ITC Govt of Rajasthan,Vayam technologies Ltd,44,108
FCR Govt of Haryana,Vakrangee Softwares Limited,864,1249
FCS Govt of Punjab,Alankit Finsec Ltd,1,0
FCS Govt of Punjab,CSS TECHNERGY LIMITED,383,116
FCS Govt of Punjab,Karvy Computershare Private Li,2640,985
FCS Govt of Punjab,Vayam technologies Ltd,1417,126
FCS Govt of Punjab,eCentric solutions pvt ltd,2134,176
Govt of Andhra Pradesh,Gouthami Educational Society,8886,121
Govt of Andhra Pradesh,GrapeSoft,247,31
Govt of Andhra Pradesh,INFRONICS SYSTEMS LTD,3520,79
Govt of Andhra Pradesh,Madras Security Printers Ltd,90,2
Govt of Andhra Pradesh,SREEVEN INFOCOM LIMITED,701,26
Govt of Andhra Pradesh,TechSmart India Pvt Ltd,31,1
Govt of Andhra Pradesh,Tera Software Ltd,590,69
Govt of Andhra Pradesh,eCentric solutions pvt ltd,9,2
Govt of Goa,COMAT TECHNOLOGIES P LTD,136,0
Govt of Goa,MARS Telecom Systems Pvt Ltd,485,6
Govt of Goa,Tera Software Ltd,25,0
Govt of Gujarat,GSS Infotech Ltd,1164,13
Govt of Gujarat,Karvy Computershare Private Li,3000,17
Govt of Gujarat,Silver Touch Technologies Ltd,4939,137
Govt of Gujarat,Tera Software Ltd,1846,15
Govt of Gujarat,Transline Technologies P Ltd,500,20
Govt of Gujarat,Vayam technologies Ltd,2036,194
Govt of Gujarat,eCentric solutions pvt ltd,578,0
Govt of Himachal Pradesh,IL&FS LTD,29,0
Govt of Himachal Pradesh,Wipro Ltd,1344,2128
Govt of Himachal Pradesh,i-Grandee SoftwareTechnologies,1153,1498
Govt of Karnataka ,COMAT TECHNOLOGIES P LTD,13,0
Govt of Karnataka ,GLODYNE TECHNOSERVE,4,15
Govt of Kerala,Akshaya,14192,10814
Govt of Kerala,Keltron,1122,2302
Govt of Madhya Pradesh,VIRGO SOFTECH LIMITED,1,0
Govt of Maharashtra,Alankit Finsec Ltd,2428,6
Govt of Maharashtra,Eagle press pvt ltd,2138,76
Govt of Maharashtra,GLODYNE TECHNOSERVE,801,7
Govt of Maharashtra,Karvy Computershare Private Li,4129,34
Govt of Maharashtra,STRATEGIC OUTSOURCING SERVICE,1148,1
Govt of Maharashtra,Silver Touch Technologies Ltd,1958,19
Govt of Maharashtra,TechSmart India Pvt Ltd,596,4
Govt of Maharashtra,Tera Software Ltd,224,4
Govt of Maharashtra,Transline Technologies P Ltd,1556,95
Govt of Maharashtra,Wipro Ltd,8492,70
IDBI Bank ltd,ATISHAY INFOTECH PVT. LTD.,1,0
IDBI Bank ltd,Pioneer E Labs limited,49,18
IDBI Bank ltd,SREEVEN INFOCOM LIMITED,614,19
IDBI Bank ltd,UTI TECHNOLOGY SERVICES LIMITE,60,18
Indiapost,Delhi Integrated MMTS Ltd,842,1198
Indiapost,GLODYNE TECHNOSERVE,485,2
Indiapost,TEAM LIFE CARE COMPANY INDIA P,918,686
Jharkhand,Alankit Assignments Limited,155,42
Jharkhand,Blue Circle Instrument,364,27
Jharkhand,MKS Enterprises,691,14
Jharkhand,Nevaeh Technology Pvt. Ltd.,23,2
Jharkhand,STRATEGIC OUTSOURCING SERVICE,694,100
Jharkhand,Systematic & Advance Const P L,327,105
Jharkhand,VISION COMPTECH INTEGRATOR LTD,1355,613
Jharkhand,Wipro Ltd,7078,324
Mission Convergence - GNCT Del,Karvy Computershare Private Li,1,14
N S D L,Abhipra Capital Ltd,401,377
N S D L,Karvy Data Management Services,1860,708
N S D L,PROWIZ MANSYTEMS PVT LTD,600,958
Oriental Bank of Commerce,DATASOFT COMPUTER SERVICES(P),132,76
Oriental Bank of Commerce,FINANCIAL INFORMATION NETWORK,241,13
Oriental Bank of Commerce,Wipro Ltd,49,1
RDD Govt of Tripura,Alankit Assignments Limited,160,4
Registrar General India - BEL,In Media Computer Services LLP,2065,1
Registrar General India - BEL,Swathy Smartcards Hi-Tech Pvt,18,8
Registrar General India BEL2,Computer LAB,3,18
Registrar General India BEL2,India Computer Technology,13,0
Registrar General India BEL2,Madras Security Printers Ltd,2883,831
Registrar General India BEL2,Multiwave Innovation,8857,1973
Registrar General India BEL2,Om Softwares,3577,1010
Registrar General India BEL2,Swathy Smartcards Hi-Tech Pvt,21087,18619
Registrar General India BEL2,Tera Software Ltd,9683,47362
Registrar General India ECIL,Computer LAB,67545,19540
Registrar General India ECIL,Eagle Software India Pvt. Ltd,202,237
Registrar General India ECIL,In Media Computer Services LLP,22823,3215
Registrar General India ECIL,India Computer Technology,31,3
Registrar General India ECIL,Krishna Infotech,1923,12883
Registrar General India ECIL,Madras Security Printers Ltd,2733,4051
Registrar General India ECIL,Pioneer E Labs limited,282,127
Registrar General India ECIL,SWISSTECH NPR 57CR PROJECT PVT,12065,13182
Registrar General India ECIL,Vedavaag Systems Limited,2183,250
Registrar General India Others,Computer LAB,1,0
Registrar General India Others,Emdee Digitronics Pvt.Ltd.,8,1
Registrar General India Others,Krishna Infotech,9,0
Registrar General India Others,Madras Security Printers Ltd,2,5
Registrar General India Others,SWISSTECH NPR 57CR PROJECT PVT,82,0
Registrar General India Others,Swathy Smartcards Hi-Tech Pvt,108,195
Registrar General India Others,WEBEL TECHNOLOGY LIMITED,33,0
Registrar General of India ITI,Emdee Digitronics Pvt.Ltd.,15571,14037
Registrar General of India ITI,Multiwave Innovation,38,4
Registrar General of India ITI,Swathy Smartcards Hi-Tech Pvt,69029,26529
Registrar General of India ITI,TechSmart India Pvt Ltd,3927,65
Registrar General of India ITI,WEBEL TECHNOLOGY LIMITED,14633,2544
STATE BANK OF PATIALA,CSS TECHNERGY LIMITED,39,81
State Bank of Bikaner & Jaipur,Multiwave Innovation,2710,1915
State Bank of India,4G IDENTITY SOLUTIONS,9,0
State Bank of Travancore,Tera Software Ltd,54,111
UDD Govt of Jharkhand,Blue Circle Instrument,552,220
UDD Govt of Jharkhand,MKS Enterprises,1174,129
UDD Govt of Jharkhand,Systematic & Advance Const P L,0,8
UIDAI-Registrar,UIDAI-EA,1,1
UT Of Daman and Diu,Alankit Assignments Limited,20,9
Union Bank,4G IDENTITY SOLUTIONS,0,1
Union Bank,Smart Chip Limited,3937,1108
Union Bank,Vakrangee Softwares Limited,841,955
