Registrar,Enrolment Agency,Aadhaar generated,Enrolment Rejected
Allahabad Bank,Tera Software Ltd,54,6
Allahabad Bank,Vakrangee Softwares Limited,6,1
Bank Of India,A3 Logics  India  Ltd,1131,1010
Bank Of India,CHESSY CONSULTANTS PVT LTD,742,5
Bank Of India,DATASOFT COMPUTER SERVICES(P),456,405
Bank Of India,Frontech Systems Pvt Ltd,454,35
Bank Of India,ITI LIMITED,833,1016
Bank Of India,MANTRA SOFTTECH (INDIA) PVTLTD,542,114
Bank Of India,Matrix Processing House,10,18
Bank Of India,OPTIMIX CONSULTANCY PRIVATE LT,155,12
Bank Of India,OSWAL COMPUTERS & CONSULTANTS,1356,1200
Bank Of India,PROTEX COMPUTER PVT LTD,562,162
Bank Of India,SARADA SYSTEMS,114,9
Bank Of India,SHRIKRISHNA KHANDASARI SUGAR M,1738,14
Bank Of India,SPANCO,614,460
Bank Of India,Silver Touch Technologies Ltd,837,98
Bank Of India,Systematic & Advance Const P L,792,91
Bank Of India,VEETECHNOLOGIES PVT. LTD,450,533
Bank Of India,Vakrangee Softwares Limited,8103,6930
Central Bank of India,CALANCE SOFTWARE PRIVATE LTD,1132,351
Central Bank of India,IAP COMPANY Pvt. Ltd,1808,373
Central Bank of India,MANTRA SOFTTECH (INDIA) PVTLTD,128,369
Central Bank of India,The Peerless General Finance,273,139
Delhi - Central DC,Smart Chip Limited,75,59
Delhi - East DC,DATASOFT COMPUTER SERVICES(P),7,0
Delhi - ND DC,Smart Chip Limited,1,11
Delhi - NE DC,Smart ID,1,2
Delhi - North DC,DATASOFT COMPUTER SERVICES(P),5,4
Delhi - North DC,Smart Chip Limited,12,8
Delhi SW DC,VIRGO SOFTECH LIMITED,40,35
Delhi Urban Shelter Improvemen,Smart Chip Limited,3,0
Delhi- South DC,Karvy Computershare Private Li,10,5
Delhi- West DC,VIRGO SOFTECH LIMITED,5,5
Dept of ITC Govt of Rajasthan,ATISHAY INFOTECH PVT. LTD.,1220,961
Dept of ITC Govt of Rajasthan,Alankit Finsec Ltd,487,57
Dept of ITC Govt of Rajasthan,DATASOFT COMPUTER SERVICES(P),1126,670
Dept of ITC Govt of Rajasthan,Transline Technologies P Ltd,12,8
Dept of ITC Govt of Rajasthan,Vakrangee Softwares Limited,2018,5282
FCR Govt of Haryana,Vakrangee Softwares Limited,1688,3505
FCS Govt of Punjab,CSS TECHNERGY LIMITED,330,38
FCS Govt of Punjab,Karvy Computershare Private Li,3462,907
FCS Govt of Punjab,Vayam technologies Ltd,1099,119
FCS Govt of Punjab,eCentric solutions pvt ltd,2339,1104
Govt of Andhra Pradesh,Gouthami Educational Society,1101,11
Govt of Andhra Pradesh,GrapeSoft,344,41
Govt of Andhra Pradesh,INFRONICS SYSTEMS LTD,3188,363
Govt of Andhra Pradesh,Madras Security Printers Ltd,3,2
Govt of Andhra Pradesh,SREEVEN INFOCOM LIMITED,1049,89
Govt of Andhra Pradesh,TechSmart India Pvt Ltd,7,0
Govt of Andhra Pradesh,Tera Software Ltd,1791,195
Govt of Andhra Pradesh,eCentric solutions pvt ltd,2,0
Govt of Goa,COMAT TECHNOLOGIES P LTD,169,1
Govt of Goa,MARS Telecom Systems Pvt Ltd,1665,39
Govt of Gujarat,GSS Infotech Ltd,476,9
Govt of Gujarat,Karvy Computershare Private Li,2182,15
Govt of Gujarat,Silver Touch Technologies Ltd,3778,45
Govt of Gujarat,Tera Software Ltd,1714,16
Govt of Gujarat,Transline Technologies P Ltd,523,71
Govt of Gujarat,Vayam technologies Ltd,2751,61
Govt of Gujarat,eCentric solutions pvt ltd,1006,67
Govt of Himachal Pradesh,IL&FS LTD,1,1
Govt of Himachal Pradesh,Wipro Ltd,784,928
Govt of Himachal Pradesh,i-Grandee SoftwareTechnologies,1062,952
Govt of Kerala,Akshaya,6473,7583
Govt of Kerala,Keltron,1282,931
Govt of Maharashtra,Alankit Finsec Ltd,3440,29
Govt of Maharashtra,Eagle press pvt ltd,4547,16
Govt of Maharashtra,GLODYNE TECHNOSERVE,363,2
Govt of Maharashtra,Karvy Computershare Private Li,4169,75
Govt of Maharashtra,STRATEGIC OUTSOURCING SERVICE,2182,0
Govt of Maharashtra,Silver Touch Technologies Ltd,704,1
Govt of Maharashtra,TechSmart India Pvt Ltd,1811,32
Govt of Maharashtra,Tera Software Ltd,39,1
Govt of Maharashtra,Transline Technologies P Ltd,3113,129
Govt of Maharashtra,Wipro Ltd,6444,20
IDBI Bank ltd,ATISHAY INFOTECH PVT. LTD.,5,0
IDBI Bank ltd,Pioneer E Labs limited,118,31
IDBI Bank ltd,SREEVEN INFOCOM LIMITED,387,10
IDBI Bank ltd,UTI TECHNOLOGY SERVICES LIMITE,42,53
Indiapost,Delhi Integrated MMTS Ltd,1193,516
Indiapost,GLODYNE TECHNOSERVE,48,0
Indiapost,TEAM LIFE CARE COMPANY INDIA P,1554,1507
Jharkhand,Alankit Assignments Limited,307,122
Jharkhand,Blue Circle Instrument,14,0
Jharkhand,MKS Enterprises,591,223
Jharkhand,Nevaeh Technology Pvt. Ltd.,548,140
Jharkhand,STRATEGIC OUTSOURCING SERVICE,1130,390
Jharkhand,Systematic & Advance Const P L,7324,1559
Jharkhand,VISION COMPTECH INTEGRATOR LTD,167,130
Jharkhand,Wipro Ltd,1052,340
Mission Convergence - GNCT Del,Karvy Computershare Private Li,13,15
Mission Convergence - GNCT Del,Smart Chip Limited,0,7
N S D L,Abhipra Capital Ltd,243,201
N S D L,Karvy Data Management Services,3646,1575
N S D L,PROWIZ MANSYTEMS PVT LTD,217,113
Oriental Bank of Commerce,DATASOFT COMPUTER SERVICES(P),514,225
Oriental Bank of Commerce,FINANCIAL INFORMATION NETWORK,632,24
Oriental Bank of Commerce,Wipro Ltd,582,206
RDD Govt of Tripura,Alankit Assignments Limited,2,0
Registrar General India - BEL,In Media Computer Services LLP,19,0
Registrar General India - BEL,Manipur Electronics Dev Corp,1,0
Registrar General India - BEL,Swathy Smartcards Hi-Tech Pvt,10,0
Registrar General India BEL2,India Computer Technology,9,150
Registrar General India BEL2,Madras Security Printers Ltd,2858,5830
Registrar General India BEL2,Multiwave Innovation,350,160
Registrar General India BEL2,Om Softwares,462,352
Registrar General India BEL2,Swathy Smartcards Hi-Tech Pvt,7556,3341
Registrar General India BEL2,Tera Software Ltd,6270,21456
Registrar General India ECIL,Computer LAB,39197,5904
Registrar General India ECIL,Eagle Software India Pvt. Ltd,169,0
Registrar General India ECIL,In Media Computer Services LLP,7073,939
Registrar General India ECIL,India Computer Technology,19,0
Registrar General India ECIL,Krishna Infotech,3660,964
Registrar General India ECIL,Madras Security Printers Ltd,5839,412
Registrar General India ECIL,Pioneer E Labs limited,264,60
Registrar General India ECIL,SWISSTECH NPR 57CR PROJECT PVT,4879,814
Registrar General India ECIL,Vedavaag Systems Limited,1175,1054
Registrar General India Others,Computer LAB,15,8
Registrar General India Others,Madras Security Printers Ltd,254,48
Registrar General India Others,Swathy Smartcards Hi-Tech Pvt,160,290
Registrar General of India ITI,Emdee Digitronics Pvt.Ltd.,11699,4747
Registrar General of India ITI,Swathy Smartcards Hi-Tech Pvt,28344,23447
Registrar General of India ITI,TechSmart India Pvt Ltd,803,77
Registrar General of India ITI,WEBEL TECHNOLOGY LIMITED,6004,1546
STATE BANK OF PATIALA,CSS TECHNERGY LIMITED,23,0
State Bank of Bikaner & Jaipur,Multiwave Innovation,3399,1020
State Bank of India,4G IDENTITY SOLUTIONS,3,0
State Bank of India,VIRGO SOFTECH LIMITED,6,0
State Bank of Travancore,Tera Software Ltd,30,45
UDD Govt of Jharkhand,Blue Circle Instrument,337,20
UDD Govt of Jharkhand,MKS Enterprises,993,308
UIDAI-Registrar,UIDAI-EA,17,0
UT Of Daman and Diu,Alankit Assignments Limited,12,1
Union Bank,Smart Chip Limited,6825,2481
Union Bank,Vakrangee Softwares Limited,1333,1950
