Registrar,Enrolment Agency,Aadhaar generated,Enrolment Rejected
Allahabad Bank,Tera Software Ltd,59,0
Allahabad Bank,Vakrangee Softwares Limited,326,3
Bank Of India,A3 Logics  India  Ltd,3672,96
Bank Of India,Akanksha International,318,7
Bank Of India,CHESSY CONSULTANTS PVT LTD,1583,9
Bank Of India,DATASOFT COMPUTER SERVICES(P),1488,11
Bank Of India,Frontech Systems Pvt Ltd,1153,54
Bank Of India,ITI LIMITED,2521,189
Bank Of India,MANTRA SOFTTECH (INDIA) PVTLTD,2833,106
Bank Of India,Matrix Processing House,634,10
Bank Of India,OPTIMIX CONSULTANCY PRIVATE LT,28,8
Bank Of India,OSWAL COMPUTERS & CONSULTANTS,12566,173
Bank Of India,PROTEX COMPUTER PVT LTD,820,17
Bank Of India,SARADA SYSTEMS,250,27
Bank Of India,SHRIKRISHNA KHANDASARI SUGAR M,2494,102
Bank Of India,SPANCO,7594,57
Bank Of India,Silver Touch Technologies Ltd,1832,42
Bank Of India,Systematic & Advance Const P L,4673,53
Bank Of India,VEETECHNOLOGIES PVT. LTD,1060,6
Bank Of India,Vakrangee Softwares Limited,13183,640
Bank of Baroda,IL&FS LTD,15,0
Central Bank of India,CALANCE SOFTWARE PRIVATE LTD,3280,54
Central Bank of India,IAP COMPANY Pvt. Ltd,1964,115
Central Bank of India,IL&FS LTD,12,0
Central Bank of India,MANTRA SOFTTECH (INDIA) PVTLTD,737,43
Central Bank of India,Tera Software Ltd,1,0
Central Bank of India,The Peerless General Finance,820,11
DENA BANK,DATASOFT COMPUTER SERVICES(P),1,1
Delhi - Central DC,Smart Chip Limited,1163,43
Delhi - East DC,DATASOFT COMPUTER SERVICES(P),77,4
Delhi - East DC,Tera Software Ltd,1,0
Delhi - ND DC,Smart Chip Limited,56,0
Delhi - NE DC,Alankit Assignments Limited,1,0
Delhi - NE DC,Smart Chip Limited,10,0
Delhi - NE DC,Smart ID,1,0
Delhi - North DC,DATASOFT COMPUTER SERVICES(P),4,4
Delhi - North DC,Smart Chip Limited,93,32
Delhi SW DC,STRATEGIC OUTSOURCING SERVICE,4,0
Delhi SW DC,VIRGO SOFTECH LIMITED,338,13
Delhi Urban Shelter Improvemen,Smart Chip Limited,10,1
Delhi- South DC,Karvy Computershare Private Li,19,3
Delhi- South DC,Tera Software Ltd,1,0
Delhi- West DC,VIRGO SOFTECH LIMITED,47,0
Dept of ITC Govt of Rajasthan,ATISHAY INFOTECH PVT. LTD.,2350,77
Dept of ITC Govt of Rajasthan,Alankit Finsec Ltd,425,3
Dept of ITC Govt of Rajasthan,DATASOFT COMPUTER SERVICES(P),6041,98
Dept of ITC Govt of Rajasthan,Transline Technologies P Ltd,516,17
Dept of ITC Govt of Rajasthan,Vakrangee Softwares Limited,7245,551
Dept of ITC Govt of Rajasthan,Vayam technologies Ltd,415,43
FCR Govt of Haryana,Vakrangee Softwares Limited,3244,105
FCS Govt of Punjab,Alankit Assignments Limited,4,0
FCS Govt of Punjab,CSS TECHNERGY LIMITED,3052,33
FCS Govt of Punjab,Delhi Integrated MMTS Ltd,1,0
FCS Govt of Punjab,Diwakar Commercials Pvt Ltd,11,0
FCS Govt of Punjab,Karvy Computershare Private Li,13964,206
FCS Govt of Punjab,VIRGO SOFTECH LIMITED,1,0
FCS Govt of Punjab,Vayam technologies Ltd,7375,7
FCS Govt of Punjab,eCentric solutions pvt ltd,18112,160
Govt of Andhra Pradesh,Gouthami Educational Society,3154,44
Govt of Andhra Pradesh,GrapeSoft,322,3
Govt of Andhra Pradesh,IL&FS LTD,3,0
Govt of Andhra Pradesh,INFRONICS SYSTEMS LTD,7677,281
Govt of Andhra Pradesh,Madras Security Printers Ltd,92,7
Govt of Andhra Pradesh,SREEVEN INFOCOM LIMITED,267,0
Govt of Andhra Pradesh,Smart Chip Limited,3,0
Govt of Andhra Pradesh,TechSmart India Pvt Ltd,16,0
Govt of Andhra Pradesh,Tera Software Ltd,2085,56
Govt of Andhra Pradesh,eCentric solutions pvt ltd,88,26
Govt of Goa,COMAT TECHNOLOGIES P LTD,33,54
Govt of Goa,MARS Telecom Systems Pvt Ltd,348,31
Govt of Goa,Tera Software Ltd,168,15
Govt of Gujarat,GSS Infotech Ltd,4151,59
Govt of Gujarat,Karvy Computershare Private Li,8380,119
Govt of Gujarat,Silver Touch Technologies Ltd,9725,152
Govt of Gujarat,Tera Software Ltd,4245,147
Govt of Gujarat,Transline Technologies P Ltd,3936,75
Govt of Gujarat,Vayam technologies Ltd,6050,69
Govt of Gujarat,eCentric solutions pvt ltd,4226,27
Govt of Himachal Pradesh,Wipro Ltd,6787,90
Govt of Himachal Pradesh,i-Grandee SoftwareTechnologies,5344,22
Govt of Karnataka ,COMAT TECHNOLOGIES P LTD,63,0
Govt of Karnataka ,GLODYNE TECHNOSERVE,16,1
Govt of Karnataka ,Integra Micro Systems Pvt.ltd,3,0
Govt of Karnataka ,MARS Telecom Systems Pvt Ltd,3,2
Govt of Karnataka ,Origin ITFS Pvt Ltd,328,1
Govt of Karnataka ,Tera Software Ltd,4,13
Govt of Kerala,Akshaya,37770,503
Govt of Kerala,Keltron,3118,25
Govt of Madhya Pradesh,VIRGO SOFTECH LIMITED,37,3
Govt of Maharashtra,Alankit Finsec Ltd,1841,19
Govt of Maharashtra,Eagle press pvt ltd,368,23
Govt of Maharashtra,GLODYNE TECHNOSERVE,1365,13
Govt of Maharashtra,Karvy Computershare Private Li,7205,145
Govt of Maharashtra,STRATEGIC OUTSOURCING SERVICE,1225,7
Govt of Maharashtra,Silver Touch Technologies Ltd,3830,33
Govt of Maharashtra,TechSmart India Pvt Ltd,1116,89
Govt of Maharashtra,Tera Software Ltd,27,18
Govt of Maharashtra,Transline Technologies P Ltd,4125,113
Govt of Maharashtra,Wipro Ltd,16711,318
Govt of Sikkim - Dept of Econo,4G IDENTITY SOLUTIONS,11,0
Govt of Sikkim - Dept of Econo,Department of Economics Statistics  Monitoring and Evaluation DESME,432,3
IDBI Bank ltd,ATISHAY INFOTECH PVT. LTD.,0,1
IDBI Bank ltd,Pioneer E Labs limited,84,25
IDBI Bank ltd,SREEVEN INFOCOM LIMITED,405,3
IDBI Bank ltd,UTI TECHNOLOGY SERVICES LIMITE,112,5
IGNOU,Vakrangee Softwares Limited,2,0
Indiapost,COMAT TECHNOLOGIES P LTD,7,0
Indiapost,Delhi Integrated MMTS Ltd,3381,87
Indiapost,GLODYNE TECHNOSERVE,90,1
Indiapost,Smart Chip Limited,40,0
Indiapost,TEAM LIFE CARE COMPANY INDIA P,3788,61
Indiapost,The Peerless General Finance,2,0
Information Technology & Communication Department,4G INFORMATICS,395,3
Jharkhand,Alankit Assignments Limited,1940,18
Jharkhand,Blue Circle Instrument,277,9
Jharkhand,Emdee Digitronics Pvt.Ltd.,4,3
Jharkhand,MKS Enterprises,3648,6
Jharkhand,Nevaeh Technology Pvt. Ltd.,135,16
Jharkhand,STRATEGIC OUTSOURCING SERVICE,2049,33
Jharkhand,Systematic & Advance Const P L,5786,40
Jharkhand,VISION COMPTECH INTEGRATOR LTD,3173,48
Jharkhand,Wipro Ltd,5257,528
Life Insurance Corporation,Smart ID,1,0
Mission Convergence - GNCT Del,Karvy Computershare Private Li,42,4
Mission Convergence - GNCT Del,Smart Chip Limited,12,29
N S D L,Abhipra Capital Ltd,1122,20
N S D L,Alankit Assignments Limited,11,0
N S D L,Karvy Data Management Services,22925,262
N S D L,PROWIZ MANSYTEMS PVT LTD,1219,39
N S D L,TEAM LIFE CARE COMPANY INDIA P,3,0
Oriental Bank of Commerce,DATASOFT COMPUTER SERVICES(P),1219,30
Oriental Bank of Commerce,FINANCIAL INFORMATION NETWORK,659,1
Oriental Bank of Commerce,IL&FS LTD,1,0
Oriental Bank of Commerce,Wipro Ltd,937,16
RDD Govt of Tripura,Alankit Assignments Limited,181,0
Registrar General India - BEL,In Media Computer Services LLP,321,54
Registrar General India - BEL,Manipur Electronics Dev Corp,288,0
Registrar General India - BEL,Swathy Smartcards Hi-Tech Pvt,4,94
Registrar General India BEL2,Computer LAB,14832,95
Registrar General India BEL2,India Computer Technology,25426,4610
Registrar General India BEL2,Madras Security Printers Ltd,2335,683
Registrar General India BEL2,Multiwave Innovation,283,2257
Registrar General India BEL2,Om Softwares,1417,188
Registrar General India BEL2,SREEVEN INFOCOM LIMITED,45,0
Registrar General India BEL2,Swathy Smartcards Hi-Tech Pvt,21722,23196
Registrar General India BEL2,Tera Software Ltd,12569,25750
Registrar General India BEL2,VIRGO SOFTECH LIMITED,55,0
Registrar General India ECIL,Clairvoyance Technologies Pvt.,83,50
Registrar General India ECIL,Computer LAB,44006,9385
Registrar General India ECIL,Eagle Software India Pvt. Ltd,762,4146
Registrar General India ECIL,In Media Computer Services LLP,5938,892
Registrar General India ECIL,India Computer Technology,2838,460
Registrar General India ECIL,Krishna Infotech,906,341
Registrar General India ECIL,Madras Security Printers Ltd,4394,736
Registrar General India ECIL,Pioneer E Labs limited,660,174
Registrar General India ECIL,SWISSTECH NPR 57CR PROJECT PVT,3579,9331
Registrar General India ECIL,Vedavaag Systems Limited,1292,619
Registrar General India Others,Clairvoyance Technologies Pvt.,1,0
Registrar General India Others,Computer LAB,13,2
Registrar General India Others,Emdee Digitronics Pvt.Ltd.,6,2
Registrar General India Others,Madras Security Printers Ltd,99,2
Registrar General India Others,Om Softwares,8,2
Registrar General India Others,SWISSTECH NPR 57CR PROJECT PVT,1,0
Registrar General India Others,Swathy Smartcards Hi-Tech Pvt,209,36
Registrar General India Others,WEBEL TECHNOLOGY LIMITED,1,1
Registrar General of India ITI,Emdee Digitronics Pvt.Ltd.,46970,10655
Registrar General of India ITI,Multiwave Innovation,271,505
Registrar General of India ITI,SREEVEN INFOCOM LIMITED,14,438
Registrar General of India ITI,Swathy Smartcards Hi-Tech Pvt,94492,19257
Registrar General of India ITI,TechSmart India Pvt Ltd,32,0
Registrar General of India ITI,WEBEL TECHNOLOGY LIMITED,4911,68
STATE BANK OF PATIALA,CSS TECHNERGY LIMITED,31,12
State Bank of Bikaner & Jaipur,Multiwave Innovation,6593,179
State Bank of India,4G IDENTITY SOLUTIONS,2,0
State Bank of India,Delhi Integrated MMTS Ltd,7,0
State Bank of India,IL&FS LTD,1,0
State Bank of India,VIRGO SOFTECH LIMITED,2,0
State Bank of Travancore,Tera Software Ltd,146,201
UDD Govt of Jharkhand,Blue Circle Instrument,1487,10
UDD Govt of Jharkhand,MKS Enterprises,4219,121
UDD Govt of Jharkhand,Systematic & Advance Const P L,13,0
UDD Govt of Jharkhand,Vayam technologies Ltd,1,0
UIDAI-Registrar,UIDAI-EA,1,1
UT Of Daman and Diu,Alankit Assignments Limited,101,16
Union Bank,4G IDENTITY SOLUTIONS,5,0
Union Bank,Smart Chip Limited,20314,480
Union Bank,Vakrangee Softwares Limited,7461,123
