Registrar,Enrolment Agency,Aadhaar generated,Enrolment Rejected
Allahabad Bank,Vakrangee Softwares Limited,14,0
Bank Of India,A3 Logics  India  Ltd,2183,189
Bank Of India,Akanksha International,72,1
Bank Of India,Blue Circle Instrument,115,17
Bank Of India,CHESSY CONSULTANTS PVT LTD,182,17
Bank Of India,DATASOFT COMPUTER SERVICES(P),3845,425
Bank Of India,Emdee Digitronics Pvt.Ltd.,3029,326
Bank Of India,Frontech Systems Pvt Ltd,390,69
Bank Of India,MANTRA SOFTTECH (INDIA) PVTLTD,1,1
Bank Of India,Matrix Processing House,109,8
Bank Of India,OSWAL COMPUTERS & CONSULTANTS,4131,434
Bank Of India,PROTEX COMPUTER PVT LTD,2102,45
Bank Of India,SARADA SYSTEMS,3627,143
Bank Of India,SHRIKRISHNA KHANDASARI SUGAR M,996,21
Bank Of India,SPANCO,16,2
Bank Of India,SREI INFRASTRUCTURE FINANCES L,18738,716
Bank Of India,Systematic & Advance Const P L,62,5
Bank Of India,VEETECHNOLOGIES PVT. LTD,686,56
Bank Of India,Vakrangee Softwares Limited,20,0
Bank of Baroda,DATASOFT COMPUTER SERVICES(P),1,0
Bank of Baroda,Global Finsol Private Limited,243,37
Bank of Baroda,IL&FS LTD,1,0
Bank of Maharashtra,FINANCIAL INFORMATION NETWORK,131,9
Bank of Maharashtra,Micro Technologies India Ltd,4,1
Bank of Maharashtra,Tera Software Ltd,1020,30
CSC e-Governance Services India Limited,A I Soc for Electronics and Comp Tech,4535,517
CSC e-Governance Services India Limited,AKSH OPTIFIBRE LIMITED,3713,549
CSC e-Governance Services India Limited,BASIX,3680,684
CSC e-Governance Services India Limited,CALANCE SOFTWARE PRIVATE LTD,49,13
CSC e-Governance Services India Limited,CHIPS,53,15
CSC e-Governance Services India Limited,CMS Computers Ltd,8566,868
CSC e-Governance Services India Limited,CSC e-Governance Services India Limited,669,70
CSC e-Governance Services India Limited,Conatus Infocom Pvt. Ltd,363,39
CSC e-Governance Services India Limited,Intelligent Communication Sys India Ltd,204,21
CSC e-Governance Services India Limited,MANTRA SOFTTECH (INDIA) PVTLTD,4198,126
CSC e-Governance Services India Limited,Mahaonline Limited,679,119
CSC e-Governance Services India Limited,Nekton IT India Pvt Ltd.,1417,78
CSC e-Governance Services India Limited,Network for Information & Computer,1201,53
CSC e-Governance Services India Limited,Reliance Communication Limited,1,0
CSC e-Governance Services India Limited,SPANCO,3059,373
CSC e-Governance Services India Limited,SRR Infotech,483,61
CSC e-Governance Services India Limited,Sahaj e-Village Limited,3798,221
CSC e-Governance Services India Limited,Tera Software Ltd,109,11
CSC e-Governance Services India Limited,United Telecoms e-Services Pvt Ltd,1710,342
CSC e-Governance Services India Limited,VIKALP MULTIMEDIA,722,79
CSC e-Governance Services India Limited,Vakrangee Softwares Limited,231,19
CSC e-Governance Services India Limited,Vayam technologies Ltd,4566,374
CSC e-Governance Services India Limited,Vedavaag Systems Limited,2473,123
CSC e-Governance Services India Limited,Zephyr System Pvt.Ltd.,3673,327
Canara Bank,FINANCIAL INFORMATION NETWORK,11665,510
Canara Bank,Karvy Data Management Services,10236,716
Canara Bank,Ojus Healthcare Private Limited,45,2
Canara Bank,Osiris Infotech Pvt. Ltd.,36,21
Canara Bank,Smart Chip Limited,10259,606
Canara Bank,Virinchi Technologies Ltd,1002,115
Central Bank of India,CALANCE SOFTWARE PRIVATE LTD,22,2
Central Bank of India,IAP COMPANY Pvt. Ltd,164,16
Central Bank of India,The Peerless General Finance,37,1
DENA BANK,A-Onerealtors Pvt Ltd,141,6
DENA BANK,APEX Services,378,39
DENA BANK,ATISHAY INFOTECH PVT. LTD.,2537,166
DENA BANK,AVVAS INFOTECH PVT  LTD,5236,187
DENA BANK,Asha Security Guard Services,4386,786
DENA BANK,BNR UDYOG LIMITED,4,9
DENA BANK,Binary Systems,2694,127
DENA BANK,Bloom Solutions Pvt Ltd,15969,709
DENA BANK,Blue Circle Instrument,2310,70
DENA BANK,Business Information Processing Services,859,101
DENA BANK,CALANCE SOFTWARE PRIVATE LTD,2662,132
DENA BANK,DATASOFT COMPUTER SERVICES(P),2258,95
DENA BANK,DEVASHISH SECURITIES PVT. LTD.,4,5
DENA BANK,Eagle Software India Pvt. Ltd,3275,262
DENA BANK,Emdee Digitronics Pvt.Ltd.,2519,35
DENA BANK,FINANCIAL INFORMATION NETWORK,13779,708
DENA BANK,Gem Computers,934,90
DENA BANK,Gujarat Infotech Ltd.,1269,19
DENA BANK,IAP COMPANY Pvt. Ltd,23411,1308
DENA BANK,India Computer Technology,574,61
DENA BANK,JNET Technologies Pvt.Ltd,19,4
DENA BANK,K W Consulting P Ltd,3235,378
DENA BANK,M/S STAR DATA CENTRE,717,37
DENA BANK,M/s Gold Square Builders & Promoters Pvt. Ltd.,3929,236
DENA BANK,MARS Telecom Systems Pvt Ltd,993,55
DENA BANK,MEGHA VINCOM PVT LTD,8263,360
DENA BANK,MKS Enterprises,3510,49
DENA BANK,Make India Smart Private Limited,3021,109
DENA BANK,Multiwave Innovation,5017,154
DENA BANK,NVR & ASSOCIATES LIMITED,2215,108
DENA BANK,Narayana Electricals Solution Pvt Ltd,0,2
DENA BANK,Netlink software Pvt Ltd,3781,374
DENA BANK,Nielsen  India  Private Limited,22476,1997
DENA BANK,Offshoot Agency Pvt. Ltd.,1937,151
DENA BANK,Ortem Securities Limited,1399,48
DENA BANK,Prodigy Systems and Services Private Limited,196,143
DENA BANK,Radiant Haroti Industries India Ltd,1998,154
DENA BANK,SGS INDIA PVT LTD,4127,268
DENA BANK,Silver Touch Technologies Ltd,3751,74
DENA BANK,Sixth Dimension Project Solutions Ltd,263,31
DENA BANK,Soc for Advancement of Environ Science,249,27
DENA BANK,SoftAge Information Technology Limited,106,10
DENA BANK,Super Printers,1798,56
DENA BANK,Systematic & Advance Const P L,228,15
DENA BANK,TechSmart India Pvt Ltd,2060,313
DENA BANK,Tera Software Ltd,10199,397
DENA BANK,The NSIC ltd,1387,51
DENA BANK,Transline Technologies P Ltd,5739,450
DENA BANK,Utility Forms Pvt Ltd,241,36
DENA BANK,VAP INFOSOLUTIONS,3574,445
DENA BANK,VISION COMPTECH INTEGRATOR LTD,4316,155
DENA BANK,Vedavaag Systems Limited,5401,523
DENA BANK,Virinchi Technologies Ltd,2166,281
DENA BANK,WEBEL,25792,857
DENA BANK,Wipro Ltd,4114,343
DENA BANK,Zephyr System Pvt.Ltd.,10834,543
Delhi - Central DC,Smart Chip Limited,3,0
Delhi - East DC,DATASOFT COMPUTER SERVICES(P),44,0
Delhi - East DC,Tera Software Ltd,1,0
Delhi - ND DC,Smart Chip Limited,1,0
Delhi - NE DC,Smart Chip Limited,18,0
Delhi - North DC,CALANCE SOFTWARE PRIVATE LTD,24,1
Delhi - North DC,NVR & ASSOCIATES LIMITED,24,0
Delhi SW DC,VIRGO SOFTECH LIMITED,1,0
Delhi- South DC,Karvy Computershare Private Li,9,2
Delhi- South DC,Smart Chip Limited,2,0
Delhi- West DC,Smart Chip Limited,2,0
Delhi- West DC,VIRGO SOFTECH LIMITED,2,0
Department of Information Technology Govt of Jharkhand,MKS Enterprises,5,0
Department of Information Technology Govt of Jharkhand,Systematic & Advance Const P L,3,0
Department of Information Technology Govt of Jharkhand,Wipro Ltd,111,64
Dept of ITC Govt of Rajasthan,AKSH OPTIFIBRE LIMITED,121,89
Dept of ITC Govt of Rajasthan,ATISHAY INFOTECH PVT. LTD.,1240,180
Dept of ITC Govt of Rajasthan,AVVAS INFOTECH PVT  LTD,108,12
Dept of ITC Govt of Rajasthan,Alankit Finsec Ltd,10,0
Dept of ITC Govt of Rajasthan,Binary Systems,600,72
Dept of ITC Govt of Rajasthan,Business Information Processing Services,1329,42
Dept of ITC Govt of Rajasthan,CMS Computers Ltd,1386,125
Dept of ITC Govt of Rajasthan,COMTECH INSTITUTE OFTECHNOLOGY,149,68
Dept of ITC Govt of Rajasthan,DATASOFT COMPUTER SERVICES(P),2441,259
Dept of ITC Govt of Rajasthan,FINANCIAL INFORMATION NETWORK,3718,312
Dept of ITC Govt of Rajasthan,Gem Computers,372,38
Dept of ITC Govt of Rajasthan,Gujarat Infotech Ltd.,69,11
Dept of ITC Govt of Rajasthan,IAP COMPANY Pvt. Ltd,997,90
Dept of ITC Govt of Rajasthan,Karvy Data Management Services,39,211
Dept of ITC Govt of Rajasthan,MEGHA VINCOM PVT LTD,1135,242
Dept of ITC Govt of Rajasthan,Matrix Processing House,1386,87
Dept of ITC Govt of Rajasthan,Multiwave Innovation,1942,17
Dept of ITC Govt of Rajasthan,Osiris Infotech Pvt. Ltd.,140,169
Dept of ITC Govt of Rajasthan,Radiant Haroti Industries India Ltd,1331,341
Dept of ITC Govt of Rajasthan,Radiant Info Systems Ltd,1098,240
Dept of ITC Govt of Rajasthan,SAR Technology,132,78
Dept of ITC Govt of Rajasthan,TechSmart India Pvt Ltd,626,139
Dept of ITC Govt of Rajasthan,Transline Technologies P Ltd,897,240
Dept of ITC Govt of Rajasthan,UMC Technologies Pvt. Ltd,369,58
Dept of ITC Govt of Rajasthan,VIRGO SOFTECH LIMITED,16,3
Dept of ITC Govt of Rajasthan,Vakrangee Softwares Limited,3557,1140
Dept of ITC Govt of Rajasthan,Vayam technologies Ltd,599,78
FCR Govt of Haryana,4G INFORMATICS,98,11
FCR Govt of Haryana,Academy of Management Studies,264,46
FCR Govt of Haryana,Radiant Info Systems Ltd,96,23
FCR Govt of Haryana,SoftAge Information Technology Limited,992,131
FCR Govt of Haryana,Vayam technologies Ltd,214,27
FCS Govt of Punjab,Alankit Finsec Ltd,0,1
FCS Govt of Punjab,CSS TECHNERGY LIMITED,1,1
FCS Govt of Punjab,District Sukhmani Society  Jalandhar  Punjab,41,13
FCS Govt of Punjab,District Sukhmani Society  Ludhiana  Punjab,119,13
FCS Govt of Punjab,District Sukhmani Society  Moga  Punjab,29,9
FCS Govt of Punjab,District Sukhmani Society Amritsar Punjab,77,13
FCS Govt of Punjab,District Sukhmani Society Barnala Punjab,45,11
FCS Govt of Punjab,District Sukhmani Society Bathinda Punjab,62,15
FCS Govt of Punjab,District Sukhmani Society Fatehgarh Sahib Punjab,96,1
FCS Govt of Punjab,District Sukhmani Society Fazilka Punjab,15,4
FCS Govt of Punjab,District Sukhmani Society Ferozepur Punjab,65,15
FCS Govt of Punjab,District Sukhmani Society For Citizen Services Mansa Punjab,45,4
FCS Govt of Punjab,District Sukhmani Society For Citizen Services Nawanshahr Punjab,57,2
FCS Govt of Punjab,District Sukhmani Society For Citizen Services SAS Nagar District e-Governance Society Punjab,103,4
FCS Govt of Punjab,District Sukhmani Society Pathankot Punjab,10,1
FCS Govt of Punjab,District Sukhmani Society Patiala Punjab,42,8
FCS Govt of Punjab,District Sukhmani Society Rupnagar Punjab,39,2
FCS Govt of Punjab,District Sukhmani Society Sangrur Punjab,77,7
FCS Govt of Punjab,District Sukhmani Society Sri Muktsar Sahib Punjab,26,5
FCS Govt of Punjab,District Sukhmani Society Tarn Taran Punjab,19,1
FCS Govt of Punjab,Karvy Computershare Private Li,164,14
FCS Govt of Punjab,Sukhmani Society For Citizen Services  Kapurthala  Punjab,10,7
FCS Govt of Punjab,Sukhmani Society For Citizen Services Gurdaspur Punjab,11,4
FCS Govt of Punjab,Sukhmani Society For Citizens Services Faridkot Punjab,42,7
FCS Govt of Punjab,Suwidha Society Hoshiarpur Punjab,25,2
FCS Govt of Punjab,Vayam technologies Ltd,51,14
FCS Govt of Punjab,eCentric solutions pvt ltd,344,22
Govt of Andhra Pradesh,Gouthami Educational Society,196,4
Govt of Andhra Pradesh,GrapeSoft,26,3
Govt of Andhra Pradesh,IL&FS LTD,0,1
Govt of Andhra Pradesh,INFRONICS SYSTEMS LTD,123,6
Govt of Andhra Pradesh,SREEVEN INFOCOM LIMITED,2,2
Govt of Andhra Pradesh,TechSmart India Pvt Ltd,5,0
Govt of Andhra Pradesh,Tera Software Ltd,24,2
Govt of Andhra Pradesh,eCentric solutions pvt ltd,0,2
Govt of Goa,MARS Telecom Systems Pvt Ltd,3,2
Govt of Gujarat,GSS Infotech Ltd,45,0
Govt of Gujarat,Karvy Computershare Private Li,593,66
Govt of Gujarat,Silver Touch Technologies Ltd,692,75
Govt of Gujarat,Tera Software Ltd,1486,62
Govt of Gujarat,Transline Technologies P Ltd,197,13
Govt of Gujarat,Vayam technologies Ltd,89,41
Govt of Gujarat,eCentric solutions pvt ltd,226,3
Govt of Himachal Pradesh,Wipro Ltd,2,0
Govt of Himachal Pradesh,i-Grandee SoftwareTechnologies,0,4
Govt of Karnataka ,BNR UDYOG LIMITED,3,0
Govt of Karnataka ,Bloom Solutions Pvt Ltd,2,0
Govt of Karnataka ,COMAT TECHNOLOGIES P LTD,0,2
Govt of Karnataka ,Integra Micro Systems Pvt.ltd,0,3
Govt of Karnataka ,MARS Telecom Systems Pvt Ltd,70,3
Govt of Karnataka ,Ninestars Information Technologies Ltd,4,0
Govt of Karnataka ,Origin ITFS Pvt Ltd,13,1
Govt of Karnataka ,SREEVEN INFOCOM LIMITED,27,1
Govt of Kerala,Akshaya,1642,116
Govt of Kerala,Keltron,13,0
Govt of Madhya Pradesh,VIRGO SOFTECH LIMITED,9,1
Govt of Maharashtra,Alankit Finsec Ltd,5,0
Govt of Maharashtra,Bharat Technical Solutions Private Limited,23,1
Govt of Maharashtra,Eagle press pvt ltd,22,1
Govt of Maharashtra,Global Finsol Private Limited,1,0
Govt of Maharashtra,Karvy Computershare Private Li,62,1
Govt of Maharashtra,M/S King Computer System pvt Ltd,18,0
Govt of Maharashtra,M/s. Vidya Online  Pune,41,0
Govt of Maharashtra,Netlink software Pvt Ltd,375,35
Govt of Maharashtra,Rudranee Infotech Ltd,2,0
Govt of Maharashtra,SETU MAHARASHTRA,485,33
Govt of Maharashtra,SHREERAM PRINTING PRESS,25,0
Govt of Maharashtra,SILVER JUBILEE MOTORS LTD.,8,0
Govt of Maharashtra,SPANCO,22,1
Govt of Maharashtra,STRATEGIC OUTSOURCING SERVICE,115,6
Govt of Maharashtra,Silver Touch Technologies Ltd,9,1
Govt of Maharashtra,Systematic & Advance Const P L,3,0
Govt of Maharashtra,TechSmart India Pvt Ltd,9,1
Govt of Maharashtra,Tera Software Ltd,3,0
Govt of Maharashtra,Transline Technologies P Ltd,5,1
Govt of Maharashtra,Vidarbha Infotech Pvt Ltd,5,11
Govt of Maharashtra,Wipro Ltd,2,1
Govt of Sikkim - Dept of Econo,Department of Economics Statistics  Monitoring and Evaluation DESME,52,2
IDBI Bank ltd,ATISHAY INFOTECH PVT. LTD.,383,49
IDBI Bank ltd,Matrix Processing House,812,14
IDBI Bank ltd,SREEVEN INFOCOM LIMITED,633,27
IDBI Bank ltd,UTI TECHNOLOGY SERVICES LIMITE,29,0
Indian Bank,Redim Software Technologies Pvt Ltd,6,18
Indiapost,Delhi Integrated MMTS Ltd,11,13
Indiapost,Global Finsol Private Limited,2,2
Indiapost,MARS Telecom Systems Pvt Ltd,2,0
Indiapost,Vayam technologies Ltd,650,167
Indiapost,WEBEL,1,1
Information Technology & Communication Department,BNR UDYOG LIMITED,2,1
Information Technology & Communication Department,Directorate of ESD,20737,5031
Information Technology & Communication Department,JYOTHI COMPUTER SERVICES,8,1
Information Technology & Communication Department,Karvy Data Management Services,0,1
Information Technology & Communication Department,MARS Telecom Systems Pvt Ltd,71,29
Information Technology & Communication Department,SREEVEN INFOCOM LIMITED,4,0
Information Technology & Communication Department,Tera Software Ltd,8,3
Jharkhand,Alankit Assignments Limited,1,0
Jharkhand,Blue Circle Instrument,1,0
Jharkhand,Emdee Digitronics Pvt.Ltd.,2,0
Jharkhand,MKS Enterprises,9,1
Jharkhand,Nevaeh Technology Pvt. Ltd.,29,0
Jharkhand,STRATEGIC OUTSOURCING SERVICE,1,0
Jharkhand,Systematic & Advance Const P L,5,0
Jharkhand,VISION COMPTECH INTEGRATOR LTD,1,0
Jharkhand,Wipro Ltd,29,19
Mission Convergence - GNCT Del,NVR & ASSOCIATES LIMITED,2,0
NSDL e-Governance Infrastructure Limited,Abhipra Capital Ltd,1748,119
NSDL e-Governance Infrastructure Limited,Alankit Assignments Limited,74,18
NSDL e-Governance Infrastructure Limited,Alankit Finsec Ltd,10176,860
NSDL e-Governance Infrastructure Limited,CALANCE SOFTWARE PRIVATE LTD,8,2
NSDL e-Governance Infrastructure Limited,Global Finsol Private Limited,1,0
NSDL e-Governance Infrastructure Limited,Gujarat Infotech Ltd.,6079,248
NSDL e-Governance Infrastructure Limited,IAP COMPANY Pvt. Ltd,272,4
NSDL e-Governance Infrastructure Limited,Karvy Data Management Services,47422,4139
NSDL e-Governance Infrastructure Limited,N.K. Sharma Enterprises Ltd.,701,22
NSDL e-Governance Infrastructure Limited,Netlink software Pvt Ltd,289,45
NSDL e-Governance Infrastructure Limited,Offshoot Agency Pvt. Ltd.,2783,162
NSDL e-Governance Infrastructure Limited,PROWIZ MANSYTEMS PVT LTD,2,0
NSDL e-Governance Infrastructure Limited,Promind Solutions P Limited,11878,479
NSDL e-Governance Infrastructure Limited,RELIGARE SECURITIES LTD,1862,78
NSDL e-Governance Infrastructure Limited,Radiant Haroti Industries India Ltd,1705,132
NSDL e-Governance Infrastructure Limited,Sri Ramraja Sarkar Lok Kalyan Trust,4291,262
NSDL e-Governance Infrastructure Limited,Utility Forms Pvt Ltd,2866,134
NSDL e-Governance Infrastructure Limited,VIRGO SOFTECH LIMITED,585,54
Oriental Bank of Commerce,DATASOFT COMPUTER SERVICES(P),59,1
Oriental Bank of Commerce,JNET Technologies Pvt.Ltd,28,2
Oriental Bank of Commerce,Redim Software Technologies Pvt Ltd,0,1
Oriental Bank of Commerce,Sri Ramraja Sarkar Lok Kalyan Trust,72,7
Oriental Bank of Commerce,Wipro Ltd,7,1
Principal Revenue Commissioner  Dept of Revenue  Govt of MP,Frontech Systems Pvt Ltd,14,0
Principal Revenue Commissioner  Dept of Revenue  Govt of MP,GDC Advertising Pvt. Limited,3,0
Principal Revenue Commissioner  Dept of Revenue  Govt of MP,K W Consulting P Ltd,2,5
Principal Revenue Commissioner  Dept of Revenue  Govt of MP,LYRA  CONSULTANCY SERVICE,10,1
Principal Revenue Commissioner  Dept of Revenue  Govt of MP,Netlink software Pvt Ltd,93,22
Principal Revenue Commissioner  Dept of Revenue  Govt of MP,OSWAL COMPUTERS & CONSULTANTS,31,6
Principal Revenue Commissioner  Dept of Revenue  Govt of MP,Tera Software Ltd,46,4
Principal Revenue Commissioner  Dept of Revenue  Govt of MP,The NSIC ltd,18,9
Principal Revenue Commissioner  Dept of Revenue  Govt of MP,Vedavaag Systems Limited,35,4
Punjab and Sind Bank,Matrix Processing House,1335,80
RDD Govt of Tripura,Alankit Assignments Limited,0,1
Registrar General India - BEL,In Media Computer Services LLP,104,0
Registrar General India - BEL,Manipur Electronics Dev Corp,4,0
Registrar General India BEL2,4G INFORMATICS,1,0
Registrar General India BEL2,Alankit Assignments Limited,1,0
Registrar General India BEL2,Bharat Electronics Limited,2,0
Registrar General India BEL2,Chinar Construction Company Prime agency,10,3
Registrar General India BEL2,Computer LAB,69,9
Registrar General India BEL2,Emdee Digitronics Pvt.Ltd.,54,0
Registrar General India BEL2,In Media Computer Services LLP,168,6
Registrar General India BEL2,India Computer Technology,39,4
Registrar General India BEL2,Karvy Data Management Services,633,172
Registrar General India BEL2,MACRO INFOTECH PVT LTD,88,2
Registrar General India BEL2,MKS Enterprises,4,0
Registrar General India BEL2,Madras Security Printers Ltd,542,19
Registrar General India BEL2,Manipur Electronics Dev Corp,192,10
Registrar General India BEL2,Multiwave Innovation,85,4
Registrar General India BEL2,NVR & ASSOCIATES LIMITED,7,0
Registrar General India BEL2,Netlink software Pvt Ltd,110,15
Registrar General India BEL2,Nevaeh Technology Pvt. Ltd.,51,1
Registrar General India BEL2,Nielsen  India  Private Limited,193,0
Registrar General India BEL2,Om Softwares,129,1038
Registrar General India BEL2,SREEVEN INFOCOM LIMITED,0,1
Registrar General India BEL2,SREI INFRASTRUCTURE FINANCES L,296,5
Registrar General India BEL2,STRATEGIC OUTSOURCING SERVICE,275,6
Registrar General India BEL2,Satyanarayana Raju Company Pvt ltd,378,1954
Registrar General India BEL2,Swathy Smartcards Hi-Tech Pvt,248,12
Registrar General India BEL2,Swiss Tech India Pvt Ltd,2,27
Registrar General India BEL2,Tera Software Ltd,1116,10
Registrar General India BEL2,UNITED DATA SERVICES PRIVATE LIMITED,9,0
Registrar General India BEL2,Urmila Info solution,1,0
Registrar General India BEL2,VIRGO SOFTECH LIMITED,16,6
Registrar General India BEL2,Vansh Infotech Pvt Ltd,1,1
Registrar General India BEL2,Vedavaag Systems Limited,207,169
Registrar General India BEL2,Viesa Technologies,55,66
Registrar General India ECIL,AVVAS INFOTECH PVT  LTD,72,9
Registrar General India ECIL,BUSINESS INFORMATION PROCESSING SERVICES,4,1
Registrar General India ECIL,COMTECH INSTITUTE OFTECHNOLOGY,97,4
Registrar General India ECIL,COMTECHINFO SOLUTIONS PVT.LTD,13234,1530
Registrar General India ECIL,Chinar Construction Company Prime agency,1023,14
Registrar General India ECIL,Clairvoyance Technologies Pvt.,2,0
Registrar General India ECIL,Computer LAB,42641,190
Registrar General India ECIL,Eagle Software India Pvt. Ltd,33894,612
Registrar General India ECIL,Esoft Consulting Limited,0,1
Registrar General India ECIL,In Media Computer Services LLP,3521,1
Registrar General India ECIL,India Computer Technology,7303,24
Registrar General India ECIL,Integrated Systems & Services,498,10
Registrar General India ECIL,Karvy Data Management Services,1161,70
Registrar General India ECIL,Krishna Infotech,24,12
Registrar General India ECIL,LYRA  CONSULTANCY SERVICE,383,6
Registrar General India ECIL,Madras Security Printers Ltd,19034,53
Registrar General India ECIL,Netwing Technologies Pvt Ltd,11,0
Registrar General India ECIL,Nielsen  India  Private Limited,6,1
Registrar General India ECIL,Pioneer E Labs limited,4,0
Registrar General India ECIL,SARADA SYSTEMS,34,0
Registrar General India ECIL,SWISSTECH NPR 57CR PROJECT PVT,629,28
Registrar General India ECIL,Tera Software Ltd,6677,49
Registrar General India ECIL,VEETECHNOLOGIES PVT. LTD,1,2
Registrar General India ECIL,Vedavaag Systems Limited,17,5
Registrar General India Others,COMTECHINFO SOLUTIONS PVT.LTD,20,1
Registrar General India Others,Chinar Construction Company Prime agency,6,0
Registrar General India Others,Clairvoyance Technologies Pvt.,2,0
Registrar General India Others,Computer LAB,1,2
Registrar General India Others,Eagle Software India Pvt. Ltd,9,0
Registrar General India Others,India Computer Technology,2,0
Registrar General India Others,LYRA  CONSULTANCY SERVICE,1,0
Registrar General India Others,Vedavaag Systems Limited,1,0
Registrar General India Others,Webx Technologies Private Limited,1,0
Registrar General of India ITI,COMTECH INSTITUTE OFTECHNOLOGY,4,0
Registrar General of India ITI,Eagle Software India Pvt. Ltd,133,14
Registrar General of India ITI,Emdee Digitronics Pvt.Ltd.,12826,371
Registrar General of India ITI,FINANCIAL INFORMATION NETWORK,2,0
Registrar General of India ITI,In Media Computer Services LLP,141,5
Registrar General of India ITI,Karvy Data Management Services,13,11
Registrar General of India ITI,MKS Enterprises,33,2
Registrar General of India ITI,Madras Security Printers Ltd,518,136
Registrar General of India ITI,Multiwave Innovation,9,10
Registrar General of India ITI,Netlink software Pvt Ltd,5,17
Registrar General of India ITI,Nielsen  India  Private Limited,609,0
Registrar General of India ITI,PROTEX COMPUTER PVT LTD,40,0
Registrar General of India ITI,Quick Data IT Services Pvt Ltd,257,5
Registrar General of India ITI,SREEVEN INFOCOM LIMITED,1,0
Registrar General of India ITI,SREI INFRASTRUCTURE FINANCES L,1,4
Registrar General of India ITI,STRATEGIC OUTSOURCING SERVICE,1,0
Registrar General of India ITI,Satyanarayana Raju Company Pvt ltd,1,0
Registrar General of India ITI,Swathy Smartcards Hi-Tech Pvt,194,23
Registrar General of India ITI,Swiss Tech India Pvt Ltd,17,0
Registrar General of India ITI,TechSmart India Pvt Ltd,2,1
Registrar General of India ITI,VIRGO SOFTECH LIMITED,161,85
Registrar General of India ITI,Vedavaag Systems Limited,1,1
Registrar General of India ITI,WEBEL TECHNOLOGY LIMITED,4299,842
Registrar General of India ITI,Webx Technologies Private Limited,217,1
State Bank of Bikaner & Jaipur,Multiwave Innovation,9,0
State Bank of India,4G IDENTITY SOLUTIONS,0,1
State Bank of Travancore,Tera Software Ltd,1,0
UIDAI-Registrar,UIDAI-EA,57,2
UT Of Daman and Diu,Alankit Assignments Limited,1,0
UT of Puducherry,Madras Security Printers Ltd,4,0
Union Bank,FINANCIAL INFORMATION NETWORK,6277,947
Union Bank,Smart Chip Limited,3887,360
Union Bank,Vakrangee Softwares Limited,3867,400
