Registrar,Enrolment Agency,Aadhaar generated,Enrolment Rejected
Allahabad Bank,Nevaeh Technology Pvt. Ltd.,38,1
Bank Of India,A3 Logics  India  Ltd,572,54
Bank Of India,Akanksha International,5,3
Bank Of India,Blue Circle Instrument,148,18
Bank Of India,CHESSY CONSULTANTS PVT LTD,16,4
Bank Of India,DATASOFT COMPUTER SERVICES(P),552,120
Bank Of India,Emdee Digitronics Pvt.Ltd.,492,83
Bank Of India,Frontech Systems Pvt Ltd,903,100
Bank Of India,Matrix Processing House,4,8
Bank Of India,OSWAL COMPUTERS & CONSULTANTS,375,112
Bank Of India,PROTEX COMPUTER PVT LTD,859,13
Bank Of India,SARADA SYSTEMS,4233,160
Bank Of India,SHRIKRISHNA KHANDASARI SUGAR M,236,17
Bank Of India,SPANCO,2,1
Bank Of India,SREI INFRASTRUCTURE FINANCES L,9022,319
Bank Of India,Systematic & Advance Const P L,10,3
Bank Of India,VEETECHNOLOGIES PVT. LTD,1741,51
Bank Of India,Vakrangee Softwares Limited,0,1
Bank of Baroda,Global Finsol Private Limited,317,29
Bank of Maharashtra,FINANCIAL INFORMATION NETWORK,153,3
Bank of Maharashtra,Tera Software Ltd,2673,95
CSC e-Governance Services India Limited,A I Soc for Electronics and Comp Tech,5739,343
CSC e-Governance Services India Limited,AKSH OPTIFIBRE LIMITED,6209,211
CSC e-Governance Services India Limited,BASIX,4517,365
CSC e-Governance Services India Limited,CALANCE SOFTWARE PRIVATE LTD,1,10
CSC e-Governance Services India Limited,CHIPS,48,9
CSC e-Governance Services India Limited,CMS Computers Ltd,11511,521
CSC e-Governance Services India Limited,CSC e-Governance Services India Limited,360,11
CSC e-Governance Services India Limited,Conatus Infocom Pvt. Ltd,238,13
CSC e-Governance Services India Limited,Intelligent Communication Sys India Ltd,534,77
CSC e-Governance Services India Limited,MANTRA SOFTTECH (INDIA) PVTLTD,2621,125
CSC e-Governance Services India Limited,Mahaonline Limited,974,92
CSC e-Governance Services India Limited,Nekton IT India Pvt Ltd.,1038,87
CSC e-Governance Services India Limited,Network for Information & Computer,509,29
CSC e-Governance Services India Limited,Reliance Communication Limited,0,1
CSC e-Governance Services India Limited,SPANCO,2657,171
CSC e-Governance Services India Limited,SRR Infotech,394,29
CSC e-Governance Services India Limited,Sahaj e-Village Limited,5865,171
CSC e-Governance Services India Limited,Tera Software Ltd,9,3
CSC e-Governance Services India Limited,United Telecoms e-Services Pvt Ltd,2539,127
CSC e-Governance Services India Limited,VIKALP MULTIMEDIA,980,186
CSC e-Governance Services India Limited,Vakrangee Softwares Limited,36,8
CSC e-Governance Services India Limited,Vayam technologies Ltd,5196,156
CSC e-Governance Services India Limited,Vedavaag Systems Limited,5823,64
CSC e-Governance Services India Limited,Zephyr System Pvt.Ltd.,4347,424
Canara Bank,FINANCIAL INFORMATION NETWORK,7179,704
Canara Bank,Karvy Data Management Services,15188,486
Canara Bank,Ojus Healthcare Private Limited,83,5
Canara Bank,Osiris Infotech Pvt. Ltd.,40,5
Canara Bank,Smart Chip Limited,6467,335
Canara Bank,Virinchi Technologies Ltd,2224,37
Central Bank of India,CALANCE SOFTWARE PRIVATE LTD,0,2
Central Bank of India,IAP COMPANY Pvt. Ltd,114,12
Central Bank of India,The Peerless General Finance,3,1
DENA BANK,A-Onerealtors Pvt Ltd,479,19
DENA BANK,APEX Services,52,7
DENA BANK,ATISHAY INFOTECH PVT. LTD.,1612,27
DENA BANK,AVVAS INFOTECH PVT  LTD,7795,69
DENA BANK,Asha Security Guard Services,5304,208
DENA BANK,Binary Systems,4153,101
DENA BANK,Bloom Solutions Pvt Ltd,8533,483
DENA BANK,Blue Circle Instrument,1112,54
DENA BANK,Business Information Processing Services,3189,24
DENA BANK,CALANCE SOFTWARE PRIVATE LTD,2269,52
DENA BANK,DATASOFT COMPUTER SERVICES(P),6116,53
DENA BANK,Eagle Software India Pvt. Ltd,3082,85
DENA BANK,Emdee Digitronics Pvt.Ltd.,6775,43
DENA BANK,FINANCIAL INFORMATION NETWORK,8334,288
DENA BANK,Gem Computers,361,34
DENA BANK,Gujarat Infotech Ltd.,263,11
DENA BANK,IAP COMPANY Pvt. Ltd,14084,334
DENA BANK,India Computer Technology,28,14
DENA BANK,JNET Technologies Pvt.Ltd,48,30
DENA BANK,K W Consulting P Ltd,3381,194
DENA BANK,M/S STAR DATA CENTRE,1490,42
DENA BANK,M/s Gold Square Builders & Promoters Pvt. Ltd.,3296,90
DENA BANK,MARS Telecom Systems Pvt Ltd,1610,31
DENA BANK,MEGHA VINCOM PVT LTD,10861,199
DENA BANK,MKS Enterprises,4920,63
DENA BANK,Make India Smart Private Limited,2251,54
DENA BANK,Multiwave Innovation,6857,69
DENA BANK,NVR & ASSOCIATES LIMITED,1860,137
DENA BANK,Narayana Electricals Solution Pvt Ltd,7,5
DENA BANK,Netlink software Pvt Ltd,3265,155
DENA BANK,Nielsen  India  Private Limited,8814,647
DENA BANK,Offshoot Agency Pvt. Ltd.,1210,63
DENA BANK,Ortem Securities Limited,1463,41
DENA BANK,Prodigy Systems and Services Private Limited,118,44
DENA BANK,Radiant Haroti Industries India Ltd,2266,69
DENA BANK,SGS INDIA PVT LTD,2880,125
DENA BANK,Silver Touch Technologies Ltd,1255,41
DENA BANK,Sixth Dimension Project Solutions Ltd,270,3
DENA BANK,Soc for Advancement of Environ Science,553,37
DENA BANK,SoftAge Information Technology Limited,347,5
DENA BANK,Super Printers,3441,162
DENA BANK,Systematic & Advance Const P L,153,9
DENA BANK,TechSmart India Pvt Ltd,1403,106
DENA BANK,Tera Software Ltd,10224,231
DENA BANK,The NSIC ltd,1961,19
DENA BANK,Transline Technologies P Ltd,8734,137
DENA BANK,Utility Forms Pvt Ltd,2,5
DENA BANK,VAP INFOSOLUTIONS,2636,165
DENA BANK,VISION COMPTECH INTEGRATOR LTD,5318,117
DENA BANK,Vedavaag Systems Limited,4631,244
DENA BANK,Virinchi Technologies Ltd,3022,54
DENA BANK,WEBEL,16228,701
DENA BANK,Wipro Ltd,4554,271
DENA BANK,Zephyr System Pvt.Ltd.,10829,265
Delhi - NE DC,Smart Chip Limited,0,1
Delhi - NE DC,Smart ID,0,1
Delhi - North DC,NVR & ASSOCIATES LIMITED,2,0
Delhi SW DC,STRATEGIC OUTSOURCING SERVICE,0,3
Delhi- West DC,Matrix Processing House,0,3
Delhi-NW DC,STRATEGIC OUTSOURCING SERVICE,0,7
Department of Information Technology Govt of Jharkhand,MKS Enterprises,1,0
Department of Information Technology Govt of Jharkhand,Smart ID,0,1
Department of Information Technology Govt of Jharkhand,Systematic & Advance Const P L,0,1
Department of Information Technology Govt of Jharkhand,Wipro Ltd,339,86
Dept of ITC Govt of Rajasthan,AKSH OPTIFIBRE LIMITED,206,1
Dept of ITC Govt of Rajasthan,ATISHAY INFOTECH PVT. LTD.,1220,118
Dept of ITC Govt of Rajasthan,AVVAS INFOTECH PVT  LTD,85,10
Dept of ITC Govt of Rajasthan,Academy of Management Studies,342,11
Dept of ITC Govt of Rajasthan,Alankit Finsec Ltd,0,23
Dept of ITC Govt of Rajasthan,Binary Systems,790,21
Dept of ITC Govt of Rajasthan,Business Information Processing Services,1180,42
Dept of ITC Govt of Rajasthan,CMS Computers Ltd,2377,67
Dept of ITC Govt of Rajasthan,COMTECH INSTITUTE OFTECHNOLOGY,555,73
Dept of ITC Govt of Rajasthan,DATASOFT COMPUTER SERVICES(P),1546,117
Dept of ITC Govt of Rajasthan,FINANCIAL INFORMATION NETWORK,2697,230
Dept of ITC Govt of Rajasthan,GSS Infotech Ltd,0,1
Dept of ITC Govt of Rajasthan,Gem Computers,1484,21
Dept of ITC Govt of Rajasthan,Gujarat Infotech Ltd.,333,35
Dept of ITC Govt of Rajasthan,IAP COMPANY Pvt. Ltd,1491,96
Dept of ITC Govt of Rajasthan,Karvy Data Management Services,23,64
Dept of ITC Govt of Rajasthan,MEGHA VINCOM PVT LTD,1793,138
Dept of ITC Govt of Rajasthan,Matrix Processing House,361,42
Dept of ITC Govt of Rajasthan,Multiwave Innovation,577,89
Dept of ITC Govt of Rajasthan,Osiris Infotech Pvt. Ltd.,163,17
Dept of ITC Govt of Rajasthan,Radiant Haroti Industries India Ltd,581,92
Dept of ITC Govt of Rajasthan,Radiant Info Systems Ltd,1049,209
Dept of ITC Govt of Rajasthan,SAR Technology,177,30
Dept of ITC Govt of Rajasthan,TechSmart India Pvt Ltd,172,46
Dept of ITC Govt of Rajasthan,Transline Technologies P Ltd,1219,92
Dept of ITC Govt of Rajasthan,UMC Technologies Pvt. Ltd,146,5
Dept of ITC Govt of Rajasthan,Vakrangee Softwares Limited,4395,391
Dept of ITC Govt of Rajasthan,Vayam technologies Ltd,919,98
FCR Govt of Haryana,4G INFORMATICS,94,20
FCR Govt of Haryana,Academy of Management Studies,2,7
FCR Govt of Haryana,Radiant Info Systems Ltd,133,15
FCR Govt of Haryana,SoftAge Information Technology Limited,694,90
FCR Govt of Haryana,Vayam technologies Ltd,33,21
FCS Govt of Punjab,Alankit Finsec Ltd,0,1
FCS Govt of Punjab,Delhi Integrated MMTS Ltd,0,2
FCS Govt of Punjab,District Sukhmani Society  Jalandhar  Punjab,92,2
FCS Govt of Punjab,District Sukhmani Society  Ludhiana  Punjab,49,6
FCS Govt of Punjab,District Sukhmani Society  Moga  Punjab,3,4
FCS Govt of Punjab,District Sukhmani Society Amritsar Punjab,2,3
FCS Govt of Punjab,District Sukhmani Society Barnala Punjab,53,7
FCS Govt of Punjab,District Sukhmani Society Bathinda Punjab,2,2
FCS Govt of Punjab,District Sukhmani Society Fatehgarh Sahib Punjab,47,0
FCS Govt of Punjab,District Sukhmani Society Fazilka Punjab,7,0
FCS Govt of Punjab,District Sukhmani Society Ferozepur Punjab,9,5
FCS Govt of Punjab,District Sukhmani Society For Citizen Services Mansa Punjab,39,0
FCS Govt of Punjab,District Sukhmani Society For Citizen Services Nawanshahr Punjab,17,1
FCS Govt of Punjab,District Sukhmani Society For Citizen Services SAS Nagar District e-Governance Society Punjab,29,1
FCS Govt of Punjab,District Sukhmani Society Pathankot Punjab,4,0
FCS Govt of Punjab,District Sukhmani Society Patiala Punjab,54,3
FCS Govt of Punjab,District Sukhmani Society Rupnagar Punjab,0,1
FCS Govt of Punjab,District Sukhmani Society Sangrur Punjab,65,2
FCS Govt of Punjab,District Sukhmani Society Sri Muktsar Sahib Punjab,3,5
FCS Govt of Punjab,District Sukhmani Society Tarn Taran Punjab,38,1
FCS Govt of Punjab,Karvy Computershare Private Li,21,0
FCS Govt of Punjab,Sukhmani Society For Citizen Services  Kapurthala  Punjab,1,0
FCS Govt of Punjab,Sukhmani Society For Citizen Services Gurdaspur Punjab,0,1
FCS Govt of Punjab,Sukhmani Society For Citizens Services Faridkot Punjab,11,1
FCS Govt of Punjab,Suwidha Society Hoshiarpur Punjab,4,2
FCS Govt of Punjab,Vayam technologies Ltd,2,8
FCS Govt of Punjab,eCentric solutions pvt ltd,267,36
Govt of Andhra Pradesh,Gouthami Educational Society,214,14
Govt of Andhra Pradesh,GrapeSoft,42,16
Govt of Andhra Pradesh,INFRONICS SYSTEMS LTD,1,12
Govt of Andhra Pradesh,Madras Security Printers Ltd,0,3
Govt of Andhra Pradesh,TechSmart India Pvt Ltd,0,4
Govt of Andhra Pradesh,Tera Software Ltd,3,0
Govt of Goa,MARS Telecom Systems Pvt Ltd,1,0
Govt of Gujarat,Karvy Computershare Private Li,17,0
Govt of Gujarat,Silver Touch Technologies Ltd,1297,56
Govt of Gujarat,Tera Software Ltd,722,138
Govt of Gujarat,Transline Technologies P Ltd,13,0
Govt of Gujarat,Vayam technologies Ltd,104,45
Govt of Gujarat,eCentric solutions pvt ltd,2,1
Govt of Himachal Pradesh,i-Grandee SoftwareTechnologies,0,5
Govt of Karnataka ,BNR UDYOG LIMITED,96,4
Govt of Karnataka ,COMAT TECHNOLOGIES P LTD,0,1
Govt of Karnataka ,GLODYNE TECHNOSERVE,0,1
Govt of Karnataka ,MARS Telecom Systems Pvt Ltd,8,0
Govt of Karnataka ,Ninestars Information Technologies Ltd,0,2
Govt of Karnataka ,Origin ITFS Pvt Ltd,1,34
Govt of Karnataka ,SREEVEN INFOCOM LIMITED,7,10
Govt of Kerala,Akshaya,1534,120
Govt of Maharashtra,Bharat Technical Solutions Private Limited,13,1
Govt of Maharashtra,Eagle press pvt ltd,3,1
Govt of Maharashtra,Global Finsol Private Limited,0,1
Govt of Maharashtra,Karvy Computershare Private Li,3,1
Govt of Maharashtra,M/s. Vidya Online  Pune,6,0
Govt of Maharashtra,Narayana Electricals Solution Pvt Ltd,0,11
Govt of Maharashtra,Netlink software Pvt Ltd,64,11
Govt of Maharashtra,Rudranee Infotech Ltd,0,3
Govt of Maharashtra,SETU MAHARASHTRA,336,13
Govt of Maharashtra,SHREERAM PRINTING PRESS,112,0
Govt of Maharashtra,SILVER JUBILEE MOTORS LTD.,10,0
Govt of Maharashtra,SPANCO,2,0
Govt of Maharashtra,STRATEGIC OUTSOURCING SERVICE,4,4
Govt of Maharashtra,Silver Touch Technologies Ltd,1,0
Govt of Maharashtra,Systematic & Advance Const P L,1,0
Govt of Maharashtra,TechSmart India Pvt Ltd,1,2
Govt of Maharashtra,Tera Software Ltd,1,0
Govt of Maharashtra,Transline Technologies P Ltd,0,1
Govt of Maharashtra,Vidarbha Infotech Pvt Ltd,1,3
Govt of Maharashtra,Wipro Ltd,0,1
Govt of Sikkim - Dept of Econo,Department of Economics Statistics  Monitoring and Evaluation DESME,3,0
IDBI Bank ltd,ATISHAY INFOTECH PVT. LTD.,29,25
IDBI Bank ltd,Matrix Processing House,773,10
IDBI Bank ltd,SREEVEN INFOCOM LIMITED,622,78
IDBI Bank ltd,UTI TECHNOLOGY SERVICES LIMITE,4,0
Indian Bank,Redim Software Technologies Pvt Ltd,45,4
Indiapost,4G IDENTITY SOLUTIONS,0,10
Indiapost,Delhi Integrated MMTS Ltd,14,188
Indiapost,Global Finsol Private Limited,0,3
Indiapost,MARS Telecom Systems Pvt Ltd,1,0
Indiapost,Vayam technologies Ltd,193,63
Information Technology & Communication Department,CSS TECHNERGY LIMITED,0,1
Information Technology & Communication Department,Directorate of ESD,16397,2545
Information Technology & Communication Department,JYOTHI COMPUTER SERVICES,0,1
Information Technology & Communication Department,MARS Telecom Systems Pvt Ltd,23,8
Information Technology & Communication Department,SREEVEN INFOCOM LIMITED,3,2
Information Technology & Communication Department,Tera Software Ltd,0,1
Jharkhand,MKS Enterprises,1,0
Jharkhand,Nevaeh Technology Pvt. Ltd.,1,0
Jharkhand,VISION COMPTECH INTEGRATOR LTD,1,0
Jharkhand,Wipro Ltd,0,18
NSDL e-Governance Infrastructure Limited,Abhipra Capital Ltd,2771,105
NSDL e-Governance Infrastructure Limited,Alankit Assignments Limited,29,54
NSDL e-Governance Infrastructure Limited,Alankit Finsec Ltd,13098,460
NSDL e-Governance Infrastructure Limited,CALANCE SOFTWARE PRIVATE LTD,312,5
NSDL e-Governance Infrastructure Limited,Global Finsol Private Limited,0,1
NSDL e-Governance Infrastructure Limited,Gujarat Infotech Ltd.,4471,91
NSDL e-Governance Infrastructure Limited,IAP COMPANY Pvt. Ltd,241,1
NSDL e-Governance Infrastructure Limited,Karvy Data Management Services,63389,2638
NSDL e-Governance Infrastructure Limited,N.K. Sharma Enterprises Ltd.,167,15
NSDL e-Governance Infrastructure Limited,Netlink software Pvt Ltd,151,17
NSDL e-Governance Infrastructure Limited,Offshoot Agency Pvt. Ltd.,2644,380
NSDL e-Governance Infrastructure Limited,Promind Solutions P Limited,14223,335
NSDL e-Governance Infrastructure Limited,RELIGARE SECURITIES LTD,1914,45
NSDL e-Governance Infrastructure Limited,Radiant Haroti Industries India Ltd,2973,121
NSDL e-Governance Infrastructure Limited,Ricoh India Limited,59,18
NSDL e-Governance Infrastructure Limited,Sri Ramraja Sarkar Lok Kalyan Trust,7749,288
NSDL e-Governance Infrastructure Limited,Utility Forms Pvt Ltd,3327,62
NSDL e-Governance Infrastructure Limited,VIRGO SOFTECH LIMITED,1216,17
Oriental Bank of Commerce,DATASOFT COMPUTER SERVICES(P),37,1
Oriental Bank of Commerce,JNET Technologies Pvt.Ltd,2,7
Oriental Bank of Commerce,Sri Ramraja Sarkar Lok Kalyan Trust,57,31
Principal Revenue Commissioner  Dept of Revenue  Govt of MP,Frontech Systems Pvt Ltd,0,1
Principal Revenue Commissioner  Dept of Revenue  Govt of MP,K W Consulting P Ltd,2,3
Principal Revenue Commissioner  Dept of Revenue  Govt of MP,LYRA  CONSULTANCY SERVICE,2,0
Principal Revenue Commissioner  Dept of Revenue  Govt of MP,Netlink software Pvt Ltd,8,8
Principal Revenue Commissioner  Dept of Revenue  Govt of MP,Tera Software Ltd,6,2
Principal Revenue Commissioner  Dept of Revenue  Govt of MP,The NSIC ltd,5,0
Principal Revenue Commissioner  Dept of Revenue  Govt of MP,Vedavaag Systems Limited,13,1
Punjab and Sind Bank,Matrix Processing House,2784,81
Registrar General India BEL2,Computer LAB,4,3
Registrar General India BEL2,Emdee Digitronics Pvt.Ltd.,1,4
Registrar General India BEL2,India Computer Technology,2,11
Registrar General India BEL2,Karvy Data Management Services,18,28
Registrar General India BEL2,MACRO INFOTECH PVT LTD,12,20
Registrar General India BEL2,MKS Enterprises,1,0
Registrar General India BEL2,Madras Security Printers Ltd,20274,46
Registrar General India BEL2,Manipur Electronics Dev Corp,644,4
Registrar General India BEL2,Multiwave Innovation,752,9
Registrar General India BEL2,Netlink software Pvt Ltd,105,4
Registrar General India BEL2,Nevaeh Technology Pvt. Ltd.,7,0
Registrar General India BEL2,Om Softwares,30,249
Registrar General India BEL2,SREI INFRASTRUCTURE FINANCES L,1655,3
Registrar General India BEL2,STRATEGIC OUTSOURCING SERVICE,17,0
Registrar General India BEL2,Satyanarayana Raju Company Pvt ltd,416,125
Registrar General India BEL2,Swathy Smartcards Hi-Tech Pvt,8,28
Registrar General India BEL2,Swiss Tech India Pvt Ltd,1,72
Registrar General India BEL2,Tera Software Ltd,80,37
Registrar General India BEL2,UNITED DATA SERVICES PRIVATE LIMITED,3,239
Registrar General India BEL2,VIRGO SOFTECH LIMITED,0,4
Registrar General India BEL2,Vansh Infotech Pvt Ltd,0,3
Registrar General India BEL2,Vedavaag Systems Limited,2,21
Registrar General India BEL2,Viesa Technologies,1613,1
Registrar General India ECIL,AVVAS INFOTECH PVT  LTD,3,0
Registrar General India ECIL,BUSINESS INFORMATION PROCESSING SERVICES,12,0
Registrar General India ECIL,COMTECH INSTITUTE OFTECHNOLOGY,13,12
Registrar General India ECIL,COMTECHINFO SOLUTIONS PVT.LTD,2486,20
Registrar General India ECIL,Computer LAB,9532,147
Registrar General India ECIL,Eagle Software India Pvt. Ltd,26464,355
Registrar General India ECIL,Esoft Consulting Limited,0,8
Registrar General India ECIL,In Media Computer Services LLP,8112,785
Registrar General India ECIL,India Computer Technology,5697,1580
Registrar General India ECIL,Integrated Systems & Services,122,0
Registrar General India ECIL,Karvy Data Management Services,48,134
Registrar General India ECIL,Krishna Infotech,0,35
Registrar General India ECIL,LYRA  CONSULTANCY SERVICE,330,1
Registrar General India ECIL,Madras Security Printers Ltd,3660,168
Registrar General India ECIL,Mphasis Ltd,1,5
Registrar General India ECIL,Netwing Technologies Pvt Ltd,0,2
Registrar General India ECIL,SARADA SYSTEMS,9,19
Registrar General India ECIL,SWISSTECH NPR 57CR PROJECT PVT,3,0
Registrar General India ECIL,Tera Software Ltd,5851,31
Registrar General India ECIL,VEETECHNOLOGIES PVT. LTD,0,1
Registrar General India ECIL,Vedavaag Systems Limited,0,2
Registrar General of India ITI,CSS TECHNERGY LIMITED,0,12
Registrar General of India ITI,Eagle Software India Pvt. Ltd,4,22
Registrar General of India ITI,Emdee Digitronics Pvt.Ltd.,2206,44
Registrar General of India ITI,In Media Computer Services LLP,133,3
Registrar General of India ITI,Karvy Data Management Services,17,25
Registrar General of India ITI,MACRO INFOTECH PVT LTD,1,0
Registrar General of India ITI,MKS Enterprises,3,0
Registrar General of India ITI,Madras Security Printers Ltd,513,19
Registrar General of India ITI,Mphasis Ltd,0,1
Registrar General of India ITI,Multiwave Innovation,0,3
Registrar General of India ITI,Nielsen  India  Private Limited,4,27
Registrar General of India ITI,PROTEX COMPUTER PVT LTD,26,0
Registrar General of India ITI,Quick Data IT Services Pvt Ltd,16,0
Registrar General of India ITI,SREI INFRASTRUCTURE FINANCES L,1,1
Registrar General of India ITI,STRATEGIC OUTSOURCING SERVICE,2,0
Registrar General of India ITI,Satyanarayana Raju Company Pvt ltd,0,2
Registrar General of India ITI,Swathy Smartcards Hi-Tech Pvt,0,6
Registrar General of India ITI,VIRGO SOFTECH LIMITED,82,14
Registrar General of India ITI,Vedavaag Systems Limited,3,0
Registrar General of India ITI,WEBEL TECHNOLOGY LIMITED,4594,127
Registrar General of India ITI,Webx Technologies Private Limited,2,0
State Bank of India,4G IDENTITY SOLUTIONS,0,1
State Bank of India,IL&FS LTD,0,2
UIDAI-Registrar,UIDAI-EA,8,0
UT of Puducherry,Madras Security Printers Ltd,1,0
Union Bank,FINANCIAL INFORMATION NETWORK,5875,727
Union Bank,Smart Chip Limited,4133,261
Union Bank,Vakrangee Softwares Limited,5831,234
