State,District,Aadhaar generated,Enrolment Rejected
Andaman and Nicobar Islands,Nicobar,1181,27
Andaman and Nicobar Islands,North And Middle Andaman,259,3
Andaman and Nicobar Islands,South Andaman,479,16
Andhra Pradesh,Ananthapur,489,85
Andhra Pradesh,Chittoor,424,55
Andhra Pradesh,Cuddapah,421,36
Andhra Pradesh,East Godavari,530,80
Andhra Pradesh,Guntur,557,94
Andhra Pradesh,Krishna,285,53
Andhra Pradesh,Kurnool,871,87
Andhra Pradesh,Nellore,773,76
Andhra Pradesh,Prakasam,355,56
Andhra Pradesh,Srikakulam,402,52
Andhra Pradesh,Visakhapatnam,693,80
Andhra Pradesh,Vizianagaram,209,30
Andhra Pradesh,West Godavari,303,32
Arunachal Pradesh,Changlang,1,2
Arunachal Pradesh,East Siang,5,9
Arunachal Pradesh,Kurung Kumey,577,16
Arunachal Pradesh,Lohit,556,13
Arunachal Pradesh,Longding,2,0
Arunachal Pradesh,Lower Dibang Valley,0,1
Arunachal Pradesh,Lower Subansiri,1,0
Arunachal Pradesh,Namsai,1,2
Arunachal Pradesh,Papum Pare,2,4
Arunachal Pradesh,Tawang,0,3
Arunachal Pradesh,Tirap,1,0
Arunachal Pradesh,Upper Siang,2,2
Arunachal Pradesh,West Kameng,203,1
Arunachal Pradesh,West Siang,9,13
Assam,Baksa,14,0
Assam,Barpeta,42,2
Assam,Bongaigaon,16,1
Assam,Cachar,34,5
Assam,Chirang,11,0
Assam,Darrang,9,0
Assam,Dhemaji,9,1
Assam,Dhubri,18,0
Assam,Dibrugarh,19,0
Assam,Goalpara,3,1
Assam,Golaghat,8,5
Assam,Hailakandi,8,0
Assam,Jorhat,20,1
Assam,Kamrup,92,4
Assam,Kamrup Metro,31,0
Assam,Karbi Anglong,11,2
Assam,Karimganj,17,1
Assam,Kokrajhar,8,0
Assam,Lakhimpur,15,2
Assam,Marigaon,7,0
Assam,Nagaon,305,6
Assam,Nalbari,11,1
Assam,North Cachar Hills,2,0
Assam,Sibsagar,14,2
Assam,Sonitpur,40,0
Assam,Tinsukia,19,0
Assam,Udalguri,25,2
Bihar,Araria,20608,3007
Bihar,Arwal,596,129
Bihar,Aurangabad,1647,221
Bihar,Banka,840,205
Bihar,Begusarai,5746,527
Bihar,Bhagalpur,2405,317
Bihar,Bhojpur,3651,446
Bihar,Buxar,1931,243
Bihar,Darbhanga,17053,2386
Bihar,East Champaran,4203,376
Bihar,Gaya,3947,909
Bihar,Gopalganj,3062,187
Bihar,Jamui,2331,475
Bihar,Jehanabad,1189,51
Bihar,Kaimur (Bhabua),1694,159
Bihar,Katihar,7944,958
Bihar,Khagaria,4955,230
Bihar,Kishanganj,1996,375
Bihar,Lakhisarai,884,208
Bihar,Madhepura,5338,521
Bihar,Madhubani,4917,369
Bihar,Munger,757,161
Bihar,Muzaffarpur,3682,339
Bihar,Nalanda,5665,507
Bihar,Nawada,6683,390
Bihar,Patna,4277,736
Bihar,Purnia,6391,589
Bihar,Rohtas,3082,312
Bihar,Saharsa,1611,262
Bihar,Samastipur,4873,398
Bihar,Saran,2664,229
Bihar,Sheikhpura,873,158
Bihar,Sheohar,426,91
Bihar,Sitamarhi,2616,269
Bihar,Siwan,3569,216
Bihar,Supaul,3772,231
Bihar,Vaishali,2356,191
Bihar,West Champaran,10246,1559
Chandigarh,Chandigarh,283,27
Chhattisgarh,Balod,2145,241
Chhattisgarh,Baloda Bazar,5941,591
Chhattisgarh,Balrampur,1331,133
Chhattisgarh,Bastar,2212,225
Chhattisgarh,Bemetara,1504,144
Chhattisgarh,Bijapur,602,129
Chhattisgarh,Bilaspur,2549,595
Chhattisgarh,Dakshin Bastar Dantewada,497,57
Chhattisgarh,Dantewada,365,77
Chhattisgarh,Dhamtari,928,74
Chhattisgarh,Durg,1325,121
Chhattisgarh,Gariyaband,109,19
Chhattisgarh,Janjgir-champa,2287,341
Chhattisgarh,Jashpur,153,5
Chhattisgarh,Kabeerdham,325,19
Chhattisgarh,Kanker,379,76
Chhattisgarh,Kawardha,460,100
Chhattisgarh,Kondagaon,1363,47
Chhattisgarh,Korba,682,225
Chhattisgarh,Koriya,229,131
Chhattisgarh,Mahasamund,3990,393
Chhattisgarh,Mungeli,1325,316
Chhattisgarh,Narayanpur,55,11
Chhattisgarh,Raigarh,1085,93
Chhattisgarh,Raipur,1456,172
Chhattisgarh,Rajnandgaon,997,131
Chhattisgarh,Sukma,607,122
Chhattisgarh,Surajpur,1986,326
Chhattisgarh,Surguja,2600,237
Chhattisgarh,Uttar Bastar Kanker,260,107
Dadra and Nagar Haveli,Dadra and Nagar Haveli,80,4
Daman and Diu,Daman,51,1
Daman and Diu,Diu,7,1
Delhi,Central Delhi,827,71
Delhi,East Delhi,1708,183
Delhi,New Delhi,51,0
Delhi,North Delhi,361,67
Delhi,North East Delhi,1917,398
Delhi,North West Delhi,2835,375
Delhi,South Delhi,1864,241
Delhi,South West Delhi,1086,127
Delhi,West Delhi,1838,170
Goa,North Goa,448,51
Goa,South Goa,560,37
Gujarat,Ahmedabad,5026,352
Gujarat,Amreli,2430,57
Gujarat,Anand,1876,309
Gujarat,Arvalli,681,17
Gujarat,Banaskantha,1050,125
Gujarat,Bharuch,366,102
Gujarat,Bhavnagar,2489,104
Gujarat,Dahod,2487,567
Gujarat,Devbhumi Dwarka,333,68
Gujarat,Gandhinagar,864,134
Gujarat,Gir Somnath,495,23
Gujarat,Jamnagar,87,204
Gujarat,Junagadh,524,48
Gujarat,Kachchh,753,53
Gujarat,Kheda,2711,423
Gujarat,Mahesana,1462,91
Gujarat,Narmada,224,73
Gujarat,Navsari,767,53
Gujarat,Panchmahals,2773,459
Gujarat,Patan,1065,91
Gujarat,Porbandar,815,41
Gujarat,Rajkot,3211,147
Gujarat,Sabarkantha,1281,83
Gujarat,Surat,4203,213
Gujarat,Surendra Nagar,1782,63
Gujarat,Tapi,427,32
Gujarat,The Dangs,930,45
Gujarat,Vadodara,7675,767
Gujarat,Valsad,563,55
Haryana,Ambala,912,151
Haryana,Bhiwani,565,126
Haryana,Faridabad,2629,344
Haryana,Fatehabad,598,152
Haryana,Gurgaon,1078,122
Haryana,Hisar,2540,317
Haryana,Jhajjar,1392,130
Haryana,Jind,1518,159
Haryana,Kaithal,1361,230
Haryana,Karnal,982,196
Haryana,Kurukshetra,1479,142
Haryana,Mahendragarh,1262,121
Haryana,Mewat,3257,496
Haryana,Palwal,2850,392
Haryana,Panchkula,544,56
Haryana,Panipat,816,287
Haryana,Rewari,875,171
Haryana,Rohtak,1203,178
Haryana,Sirsa,1229,162
Haryana,Sonipat,1027,176
Haryana,Yamuna Nagar,661,114
Himachal Pradesh,Bilaspur,52,2
Himachal Pradesh,Chamba,30,6
Himachal Pradesh,Hamirpur,20,12
Himachal Pradesh,Kangra,286,44
Himachal Pradesh,Kinnaur,6,1
Himachal Pradesh,Kullu,245,9
Himachal Pradesh,Lahul and Spiti,2,1
Himachal Pradesh,Mandi,144,21
Himachal Pradesh,Shimla,278,22
Himachal Pradesh,Sirmaur,76,15
Himachal Pradesh,Solan,59,10
Himachal Pradesh,Una,66,9
Jammu and Kashmir,Anantnag,616,9
Jammu and Kashmir,Badgam,1225,28
Jammu and Kashmir,Bandipore,274,3
Jammu and Kashmir,Baramula,212,70
Jammu and Kashmir,Doda,10,2
Jammu and Kashmir,Ganderbal,4,133
Jammu and Kashmir,Jammu,779,21
Jammu and Kashmir,Kargil,1,0
Jammu and Kashmir,Kathua,102,3
Jammu and Kashmir,Kishtwar,9,0
Jammu and Kashmir,Kulgam,500,10
Jammu and Kashmir,Kupwara,178,31
Jammu and Kashmir,Leh,6,0
Jammu and Kashmir,Pulwama,1280,14
Jammu and Kashmir,Punch,533,17
Jammu and Kashmir,Rajouri,60,19
Jammu and Kashmir,Ramban,199,18
Jammu and Kashmir,Reasi,568,28
Jammu and Kashmir,Samba,142,3
Jammu and Kashmir,Shupiyan,324,7
Jammu and Kashmir,Srinagar,908,442
Jammu and Kashmir,Udhampur,146,12
Jharkhand,Bokaro,773,129
Jharkhand,Chatra,461,197
Jharkhand,Deoghar,313,59
Jharkhand,Dhanbad,449,142
Jharkhand,Dumka,140,127
Jharkhand,East Singhbhum,663,133
Jharkhand,Garhwa,495,100
Jharkhand,Giridih,1285,456
Jharkhand,Godda,288,83
Jharkhand,Gumla,80,34
Jharkhand,Hazaribagh,234,92
Jharkhand,Jamtara,56,18
Jharkhand,Khunti,52,31
Jharkhand,Koderma,199,99
Jharkhand,Latehar,139,64
Jharkhand,Lohardaga,117,23
Jharkhand,Pakur,103,29
Jharkhand,Palamu,568,431
Jharkhand,Ramgarh,152,47
Jharkhand,Ranchi,667,116
Jharkhand,Sahebganj,182,71
Jharkhand,Seraikela-Kharsawan,1040,56
Jharkhand,Simdega,369,43
Jharkhand,West Singhbhum,240,79
Karnataka,Bagalkot,3178,207
Karnataka,Ballari,1609,397
Karnataka,Bangalore Rural,965,134
Karnataka,Belagavi,3098,558
Karnataka,Bengaluru,1553,405
Karnataka,Bidar,1486,292
Karnataka,Chamrajanagar,731,123
Karnataka,Chikkaballapur,1325,108
Karnataka,Chikkamagaluru,462,83
Karnataka,Chitradurga,1593,469
Karnataka,Dakshina Kannada,1857,109
Karnataka,Davangere,1490,222
Karnataka,Dharwad,1953,169
Karnataka,Gadag,576,172
Karnataka,Hassan,942,224
Karnataka,Haveri,1715,235
Karnataka,Kalaburagi,2161,251
Karnataka,Kodagu,322,28
Karnataka,Kolar,1237,409
Karnataka,Koppal,1230,113
Karnataka,Mandya,1324,208
Karnataka,Mysuru,1359,119
Karnataka,Raichur,2718,686
Karnataka,Ramanagar,1165,77
Karnataka,Shivamogga,1374,228
Karnataka,Tumakuru,1370,150
Karnataka,Udupi,438,19
Karnataka,Uttara Kannada,948,43
Karnataka,Vijayapura,954,88
Karnataka,Yadgir,2722,498
Kerala,Alappuzha,926,19
Kerala,Ernakulam,987,25
Kerala,Idukki,133,12
Kerala,Kannur,564,27
Kerala,Kasaragod,242,26
Kerala,Kollam,1478,35
Kerala,Kottayam,483,9
Kerala,Kozhikode,1279,59
Kerala,Malappuram,1075,66
Kerala,Palakkad,567,58
Kerala,Pathanamthitta,229,11
Kerala,Thiruvananthapuram,483,40
Kerala,Thrissur,621,32
Kerala,Wayanad,109,14
Lakshadweep,Lakshadweep,2,0
Madhya Pradesh,Alirajpur,447,38
Madhya Pradesh,Anuppur,1185,144
Madhya Pradesh,Ashok Nagar,4007,517
Madhya Pradesh,Balaghat,2467,346
Madhya Pradesh,Barwani,1653,267
Madhya Pradesh,Betul,1228,134
Madhya Pradesh,Bhind,2401,398
Madhya Pradesh,Bhopal,1950,404
Madhya Pradesh,Burhanpur,694,155
Madhya Pradesh,Chhatarpur,6939,580
Madhya Pradesh,Chhindwara,2415,189
Madhya Pradesh,Damoh,775,96
Madhya Pradesh,Datia,975,125
Madhya Pradesh,Dewas,1350,175
Madhya Pradesh,Dhar,2215,173
Madhya Pradesh,Dindori,1875,401
Madhya Pradesh,Guna,1745,174
Madhya Pradesh,Gwalior,1630,286
Madhya Pradesh,Harda,69,30
Madhya Pradesh,Hoshangabad,201,215
Madhya Pradesh,Indore,2147,187
Madhya Pradesh,Jabalpur,2903,408
Madhya Pradesh,Jhabua,1496,73
Madhya Pradesh,Katni,1713,237
Madhya Pradesh,Khandwa,854,78
Madhya Pradesh,Khargone,1225,264
Madhya Pradesh,Mandla,854,160
Madhya Pradesh,Mandsaur,1110,199
Madhya Pradesh,Morena,6200,525
Madhya Pradesh,Narsinghpur,1143,147
Madhya Pradesh,Neemuch,1034,105
Madhya Pradesh,Panna,2317,281
Madhya Pradesh,Raisen,1047,147
Madhya Pradesh,Rajgarh,2219,361
Madhya Pradesh,Ratlam,963,113
Madhya Pradesh,Rewa,3874,377
Madhya Pradesh,Sagar,3105,239
Madhya Pradesh,Satna,2463,292
Madhya Pradesh,Sehore,1246,138
Madhya Pradesh,Seoni,1001,84
Madhya Pradesh,Shahdol,2700,212
Madhya Pradesh,Shajapur,700,166
Madhya Pradesh,Sheopur,2019,221
Madhya Pradesh,Shivpuri,5098,504
Madhya Pradesh,Sidhi,4092,686
Madhya Pradesh,Singrauli,1562,415
Madhya Pradesh,Tikamgarh,4603,298
Madhya Pradesh,Ujjain,1378,135
Madhya Pradesh,Umaria,952,93
Madhya Pradesh,Vidisha,661,225
Maharashtra,Ahmadnagar,7732,1054
Maharashtra,Akola,479,193
Maharashtra,Amravati,1270,177
Maharashtra,Aurangabad,3774,464
Maharashtra,Beed,5569,564
Maharashtra,Bhandara,452,119
Maharashtra,Buldhana,737,174
Maharashtra,Chandrapur,1309,265
Maharashtra,Dhule,1150,278
Maharashtra,Gadchiroli,666,138
Maharashtra,Gondiya,493,198
Maharashtra,Hingoli,1601,183
Maharashtra,Jalgaon,3496,379
Maharashtra,Jalna,2135,363
Maharashtra,Kolhapur,1885,424
Maharashtra,Latur,2756,319
Maharashtra,Mumbai,5576,406
Maharashtra,Nagpur,2500,382
Maharashtra,Nanded,3244,421
Maharashtra,Nandurbar,1988,146
Maharashtra,Nashik,4815,529
Maharashtra,Osmanabad,1604,156
Maharashtra,Palghar,1363,142
Maharashtra,Parbhani,4757,308
Maharashtra,Pune,8882,970
Maharashtra,Raigarh,1855,328
Maharashtra,Ratnagiri,1489,383
Maharashtra,Sangli,1600,284
Maharashtra,Satara,3579,334
Maharashtra,Sindhudurg,1433,56
Maharashtra,Solapur,8848,610
Maharashtra,Thane,5173,400
Maharashtra,Wardha,332,125
Maharashtra,Washim,1314,194
Maharashtra,Yavatmal,1878,210
Manipur,Bishnupur,9,3
Manipur,Chandel,1,14
Manipur,Churachandpur,2,1
Manipur,Imphal East,22,1
Manipur,Imphal West,16,3
Manipur,Senapati,19,12
Manipur,Tamenglong,8,0
Manipur,Thoubal,27,53
Meghalaya,East Khasi Hills,22,0
Meghalaya,Ri Bhoi,1,0
Meghalaya,West Garo Hills,3,1
Meghalaya,West Khasi Hills,368,0
Mizoram,Aizawl,1239,45
Mizoram,Champhai,58,1
Mizoram,Kolasib,20,33
Mizoram,Lawngtlai,4,0
Mizoram,Lunglei,64,1
Mizoram,Mammit,1,0
Mizoram,Saiha,0,1
Mizoram,Serchhip,19,6
Nagaland,Dimapur,14,6
Nagaland,Kiphire,1,0
Nagaland,Kohima,2,1
Nagaland,Longleng,0,2
Nagaland,Mokokchung,2,0
Nagaland,Mon,1,0
Nagaland,Peren,1,0
Nagaland,Tuensang,0,1
Nagaland,Wokha,1,1
Nagaland,Zunheboto,0,1
Odisha,Angul,409,49
Odisha,Balangir,13,57
Odisha,Baleswar,1022,63
Odisha,Bargarh,1538,149
Odisha,Bhadrak,49,24
Odisha,Cuttack,58,25
Odisha,Debagarh,2,0
Odisha,Dhenkanal,20,3
Odisha,Gajapati,55,68
Odisha,Ganjam,538,158
Odisha,Jagatsinghapur,155,12
Odisha,Jajapur,124,23
Odisha,Jharsuguda,22,23
Odisha,Kalahandi,3559,231
Odisha,Kandhamal,1605,157
Odisha,Kendrapara,1340,61
Odisha,Kendujhar,184,60
Odisha,Khorda,72,45
Odisha,Koraput,1189,263
Odisha,Malkangiri,793,26
Odisha,Mayurbhanj,1021,59
Odisha,Nabarangapur,3,175
Odisha,Nayagarh,12,1
Odisha,Nuapada,436,81
Odisha,Puri,21,8
Odisha,Rayagada,691,217
Odisha,Sambalpur,3477,152
Odisha,Sonapur,1151,117
Odisha,Sundergarh,883,1082
Puducherry,Karaikal,23,5
Puducherry,Puducherry,66,9
Punjab,Amritsar,2734,291
Punjab,Barnala,364,43
Punjab,Bathinda,1048,112
Punjab,Faridkot,237,16
Punjab,Fatehgarh Sahib,121,20
Punjab,Fazilka,1135,74
Punjab,Ferozepur,868,89
Punjab,Gurdaspur,1492,175
Punjab,Hoshiarpur,1056,73
Punjab,Jalandhar,622,164
Punjab,Kapurthala,299,47
Punjab,Ludhiana,1312,317
Punjab,Mansa,615,55
Punjab,Moga,377,80
Punjab,Pathankot,229,44
Punjab,Patiala,780,168
Punjab,Rupnagar,358,16
Punjab,SAS Nagar (Mohali),625,74
Punjab,Sangrur,624,120
Punjab,Shaheed Bhagat Singh Nagar,339,51
Punjab,Sri Muktsar Sahib,716,81
Punjab,Tarn Taran,1344,197
Rajasthan,Ajmer,815,241
Rajasthan,Alwar,2074,421
Rajasthan,Banswara,2126,255
Rajasthan,Baran,866,159
Rajasthan,Barmer,1578,239
Rajasthan,Bharatpur,3852,295
Rajasthan,Bhilwara,2295,415
Rajasthan,Bikaner,2360,200
Rajasthan,Bundi,1826,162
Rajasthan,Chittorgarh,772,126
Rajasthan,Churu,1155,129
Rajasthan,Dausa,1632,171
Rajasthan,Dholpur,2229,232
Rajasthan,Dungarpur,938,322
Rajasthan,Ganganagar,1065,235
Rajasthan,Hanumangarh,1378,177
Rajasthan,Jaipur,2830,428
Rajasthan,Jaisalmer,1457,381
Rajasthan,Jalor,1166,184
Rajasthan,Jhalawar,2481,294
Rajasthan,Jhunjhunun,861,145
Rajasthan,Jodhpur,2618,307
Rajasthan,Karauli,2408,122
Rajasthan,Kota,1150,178
Rajasthan,Nagaur,2128,233
Rajasthan,Pali,1483,188
Rajasthan,Pratapgarh,1647,189
Rajasthan,Rajsamand,954,87
Rajasthan,Sawai Madhopur,1157,157
Rajasthan,Sikar,1398,224
Rajasthan,Sirohi,526,98
Rajasthan,Tonk,2147,249
Rajasthan,Udaipur,1613,434
Sikkim,East Sikkim,51,4
Sikkim,North Sikkim,2,0
Sikkim,South Sikkim,9,2
Sikkim,West Sikkim,9,1
Tamil Nadu,Ariyalur,6,18
Tamil Nadu,Chennai,798,185
Tamil Nadu,Coimbatore,168,32
Tamil Nadu,Cuddalore,99,23
Tamil Nadu,Dharmapuri,50,95
Tamil Nadu,Dindigul,25,116
Tamil Nadu,Erode,35,152
Tamil Nadu,Kancheepuram,3140,37
Tamil Nadu,Kanniyakumari,385,19
Tamil Nadu,Karur,19,112
Tamil Nadu,Krishnagiri,171,221
Tamil Nadu,Madurai,24,114
Tamil Nadu,Nagapattinam,12,6
Tamil Nadu,Namakkal,6095,260
Tamil Nadu,Perambalur,4259,34
Tamil Nadu,Pudukkottai,33,74
Tamil Nadu,Ramanathapuram,31,31
Tamil Nadu,Salem,26,111
Tamil Nadu,Sivaganga,3,8
Tamil Nadu,Thanjavur,5,5
Tamil Nadu,The Nilgiris,5,45
Tamil Nadu,Theni,15,3
Tamil Nadu,Thiruvarur,9,62
Tamil Nadu,Thoothukkudi,72,38
Tamil Nadu,Tiruchirappalli,1728,75
Tamil Nadu,Tirunelveli,36,131
Tamil Nadu,Tiruppur,44,108
Tamil Nadu,Tiruvallur,3189,153
Tamil Nadu,Tiruvannamalai,2411,207
Tamil Nadu,Vellore,137,97
Tamil Nadu,Villupuram,178,63
Tamil Nadu,Virudhunagar,3,4
Telangana,Adilabad,223,23
Telangana,Hyderabad,3306,269
Telangana,K.v. Rangareddy,1917,176
Telangana,Karimnagar,334,38
Telangana,Khammam,329,22
Telangana,Mahabubnagar,602,83
Telangana,Medak,547,67
Telangana,Nalgonda,448,45
Telangana,Nizamabad,270,28
Telangana,Warangal,262,26
Tripura,Dhalai,498,77
Tripura,Gomati,47,34
Tripura,Khowai,169,20
Tripura,North Tripura,44,12
Tripura,Sepahijala,57,40
Tripura,South Tripura,55,43
Tripura,Unakoti,69,8
Tripura,West Tripura,86,32
Uttar Pradesh,Agra,2859,301
Uttar Pradesh,Aligarh,2126,671
Uttar Pradesh,Allahabad,2385,349
Uttar Pradesh,Ambedkar Nagar,1279,129
Uttar Pradesh,Amethi,1988,233
Uttar Pradesh,Amroha,1746,245
Uttar Pradesh,Auraiya,677,122
Uttar Pradesh,Azamgarh,4635,276
Uttar Pradesh,Baghpat,527,103
Uttar Pradesh,Bahraich,3221,334
Uttar Pradesh,Ballia,2392,232
Uttar Pradesh,Balrampur,4445,832
Uttar Pradesh,Banda,5066,209
Uttar Pradesh,Bara Banki,1335,264
Uttar Pradesh,Bareilly,1627,336
Uttar Pradesh,Basti,1477,253
Uttar Pradesh,Bijnor,3095,250
Uttar Pradesh,Budaun,3147,394
Uttar Pradesh,Bulandshahr,3871,415
Uttar Pradesh,Chandauli,1244,106
Uttar Pradesh,Chitrakoot,1803,254
Uttar Pradesh,Deoria,1531,193
Uttar Pradesh,Etah,783,87
Uttar Pradesh,Etawah,723,135
Uttar Pradesh,Faizabad,1426,281
Uttar Pradesh,Farrukhabad,2157,288
Uttar Pradesh,Fatehpur,5209,423
Uttar Pradesh,Firozabad,1172,192
Uttar Pradesh,Gautam Buddha Nagar,1566,130
Uttar Pradesh,Ghaziabad,3176,261
Uttar Pradesh,Ghazipur,2292,211
Uttar Pradesh,Gonda,1578,232
Uttar Pradesh,Gorakhpur,3100,456
Uttar Pradesh,Hamirpur,1674,137
Uttar Pradesh,Hapur,701,55
Uttar Pradesh,Hardoi,6848,609
Uttar Pradesh,Hathras,545,125
Uttar Pradesh,Jalaun,2691,343
Uttar Pradesh,Jaunpur,3119,220
Uttar Pradesh,Jhansi,3732,263
Uttar Pradesh,Kannauj,1602,218
Uttar Pradesh,Kanpur Dehat,1000,83
Uttar Pradesh,Kanpur Nagar,1545,294
Uttar Pradesh,Kasganj,955,93
Uttar Pradesh,Kaushambi,1679,154
Uttar Pradesh,Kheri,6759,1041
Uttar Pradesh,Kushinagar,4817,272
Uttar Pradesh,Lalitpur,3572,329
Uttar Pradesh,Lucknow,1614,332
Uttar Pradesh,Maharajganj,3158,303
Uttar Pradesh,Mahoba,1634,232
Uttar Pradesh,Mainpuri,1441,326
Uttar Pradesh,Mathura,2215,219
Uttar Pradesh,Mau,1712,124
Uttar Pradesh,Meerut,2476,302
Uttar Pradesh,Mirzapur,1937,168
Uttar Pradesh,Moradabad,1892,411
Uttar Pradesh,Muzaffarnagar,1856,333
Uttar Pradesh,Pilibhit,1576,157
Uttar Pradesh,Pratapgarh,1613,239
Uttar Pradesh,Rae Bareli,1656,235
Uttar Pradesh,Rampur,1144,169
Uttar Pradesh,Saharanpur,1181,649
Uttar Pradesh,Sambhal,1519,158
Uttar Pradesh,Sant Kabir Nagar,1221,258
Uttar Pradesh,Sant Ravidas Nagar,591,114
Uttar Pradesh,Shahjahanpur,5392,395
Uttar Pradesh,Shamli,1154,148
Uttar Pradesh,Shrawasti,2047,167
Uttar Pradesh,Siddharthnagar,3515,351
Uttar Pradesh,Sitapur,4200,581
Uttar Pradesh,Sonbhadra,3478,391
Uttar Pradesh,Sultanpur,967,130
Uttar Pradesh,Unnao,1232,235
Uttar Pradesh,Varanasi,1199,258
Uttarakhand,Almora,1148,44
Uttarakhand,Bageshwar,622,182
Uttarakhand,Chamoli,4198,146
Uttarakhand,Champawat,4516,100
Uttarakhand,Dehradun,501,67
Uttarakhand,Haridwar,954,155
Uttarakhand,Nainital,1111,78
Uttarakhand,Pauri Garhwal,1254,58
Uttarakhand,Pithoragarh,1364,35
Uttarakhand,Rudraprayag,1293,56
Uttarakhand,Tehri Garhwal,1223,276
Uttarakhand,Udham Singh Nagar,891,234
Uttarakhand,Uttarkashi,325,18
West Bengal,Bankura,1065,88
West Bengal,Barddhaman,3094,315
West Bengal,Birbhum,2995,101
West Bengal,Cooch Behar,587,88
West Bengal,Dakshin Dinajpur,2430,34
West Bengal,Darjeeling,1105,26
West Bengal,Hooghly,1697,56
West Bengal,Howrah,2099,246
West Bengal,Jalpaiguri,1848,56
West Bengal,Kolkata,457,38
West Bengal,Malda,1291,104
West Bengal,Murshidabad,9009,131
West Bengal,Nadia,5631,94
West Bengal,North 24 Parganas,2775,248
West Bengal,Paschim Medinipur,796,157
West Bengal,Purba Medinipur,3366,193
West Bengal,Puruliya,608,43
West Bengal,South 24 Parganas,7081,72
West Bengal,Uttar Dinajpur,558,101
