State,District,Aadhaar generated,Enrolment Rejected
Andaman and Nicobar Islands,Nicobar,115,4
Andaman and Nicobar Islands,North And Middle Andaman,779,70
Andaman and Nicobar Islands,South Andaman,214,9
Andhra Pradesh,Ananthapur,415,103
Andhra Pradesh,Chittoor,190,49
Andhra Pradesh,Cuddapah,231,25
Andhra Pradesh,East Godavari,491,72
Andhra Pradesh,Guntur,485,71
Andhra Pradesh,Krishna,336,46
Andhra Pradesh,Kurnool,323,109
Andhra Pradesh,Nellore,253,98
Andhra Pradesh,Prakasam,293,34
Andhra Pradesh,Srikakulam,196,38
Andhra Pradesh,Visakhapatnam,368,100
Andhra Pradesh,Vizianagaram,191,49
Andhra Pradesh,West Godavari,256,55
Arunachal Pradesh,Changlang,14,0
Arunachal Pradesh,East Kameng,1,0
Arunachal Pradesh,East Siang,387,2
Arunachal Pradesh,Kurung Kumey,1405,3
Arunachal Pradesh,Lohit,436,5
Arunachal Pradesh,Longding,7,1
Arunachal Pradesh,Lower Dibang Valley,8,0
Arunachal Pradesh,Lower Subansiri,12,0
Arunachal Pradesh,Namsai,776,7
Arunachal Pradesh,Papum Pare,396,6
Arunachal Pradesh,Siang,3,0
Arunachal Pradesh,Tawang,201,2
Arunachal Pradesh,Tirap,0,13
Arunachal Pradesh,Upper Siang,25,48
Arunachal Pradesh,West Kameng,108,1
Arunachal Pradesh,West Siang,39,9
Assam,Baksa,7,1
Assam,Barpeta,70,1
Assam,Bongaigaon,16,1
Assam,Cachar,58,1
Assam,Chirang,9,0
Assam,Darrang,8,1
Assam,Dhemaji,25,0
Assam,Dhubri,19,1
Assam,Dibrugarh,15,0
Assam,Goalpara,5,0
Assam,Golaghat,229,7
Assam,Hailakandi,8,0
Assam,Jorhat,21,1
Assam,Kamrup,68,1
Assam,Kamrup Metro,17,0
Assam,Karbi Anglong,11,0
Assam,Karimganj,13,2
Assam,Kokrajhar,11,0
Assam,Lakhimpur,10,0
Assam,Marigaon,6,1
Assam,Nagaon,678,3
Assam,Nalbari,6,0
Assam,North Cachar Hills,1,0
Assam,Sibsagar,12,0
Assam,Sonitpur,52,0
Assam,Tinsukia,16,1
Assam,Udalguri,25,1
Bihar,Araria,12210,934
Bihar,Arwal,219,35
Bihar,Aurangabad,1485,291
Bihar,Banka,1828,286
Bihar,Begusarai,2127,488
Bihar,Bhagalpur,2049,477
Bihar,Bhojpur,2861,283
Bihar,Buxar,1813,106
Bihar,Darbhanga,11494,1198
Bihar,East Champaran,3607,254
Bihar,Gaya,1831,320
Bihar,Gopalganj,1498,166
Bihar,Jamui,2596,568
Bihar,Jehanabad,320,85
Bihar,Kaimur (Bhabua),2016,249
Bihar,Katihar,9054,587
Bihar,Khagaria,1524,225
Bihar,Kishanganj,3446,191
Bihar,Lakhisarai,1129,97
Bihar,Madhepura,2953,437
Bihar,Madhubani,3253,378
Bihar,Munger,1087,58
Bihar,Muzaffarpur,3063,341
Bihar,Nalanda,3153,736
Bihar,Nawada,2690,422
Bihar,Patna,2775,328
Bihar,Purnia,4472,650
Bihar,Rohtas,1437,302
Bihar,Saharsa,1210,242
Bihar,Samastipur,4905,604
Bihar,Saran,1718,176
Bihar,Sheikhpura,90,69
Bihar,Sheohar,472,176
Bihar,Sitamarhi,2348,163
Bihar,Siwan,1845,287
Bihar,Supaul,2152,526
Bihar,Vaishali,1737,194
Bihar,West Champaran,7060,998
Chandigarh,Chandigarh,138,23
Chhattisgarh,Balod,530,149
Chhattisgarh,Baloda Bazar,4908,1328
Chhattisgarh,Balrampur,924,240
Chhattisgarh,Bastar,1749,1888
Chhattisgarh,Bemetara,1209,115
Chhattisgarh,Bijapur,1919,84
Chhattisgarh,Bilaspur,2033,218
Chhattisgarh,Dakshin Bastar Dantewada,1318,36
Chhattisgarh,Dantewada,817,32
Chhattisgarh,Dhamtari,602,86
Chhattisgarh,Durg,704,110
Chhattisgarh,Gariyaband,170,136
Chhattisgarh,Janjgir-champa,1828,174
Chhattisgarh,Jashpur,585,278
Chhattisgarh,Kabeerdham,270,25
Chhattisgarh,Kanker,118,20
Chhattisgarh,Kawardha,619,45
Chhattisgarh,Kondagaon,159,74
Chhattisgarh,Korba,1250,100
Chhattisgarh,Koriya,281,116
Chhattisgarh,Mahasamund,2395,96
Chhattisgarh,Mungeli,470,170
Chhattisgarh,Narayanpur,12,25
Chhattisgarh,Raigarh,820,167
Chhattisgarh,Raipur,1652,163
Chhattisgarh,Rajnandgaon,528,165
Chhattisgarh,Sukma,341,51
Chhattisgarh,Surajpur,2553,551
Chhattisgarh,Surguja,2082,204
Chhattisgarh,Uttar Bastar Kanker,43,45
Dadra and Nagar Haveli,Dadra and Nagar Haveli,81,35
Daman and Diu,Daman,15,0
Daman and Diu,Diu,43,0
Delhi,Central Delhi,258,27
Delhi,East Delhi,790,114
Delhi,New Delhi,50,5
Delhi,North Delhi,347,52
Delhi,North East Delhi,1416,239
Delhi,North West Delhi,1817,216
Delhi,South Delhi,1543,164
Delhi,South West Delhi,983,90
Delhi,West Delhi,1364,138
Goa,North Goa,26,7
Goa,South Goa,86,19
Gujarat,Ahmedabad,2664,429
Gujarat,Amreli,567,35
Gujarat,Anand,2616,172
Gujarat,Arvalli,299,46
Gujarat,Banaskantha,1950,159
Gujarat,Bharuch,1140,89
Gujarat,Bhavnagar,1511,189
Gujarat,Dahod,3547,105
Gujarat,Devbhumi Dwarka,547,18
Gujarat,Gandhinagar,1592,64
Gujarat,Gir Somnath,37,8
Gujarat,Jamnagar,264,10
Gujarat,Junagadh,251,47
Gujarat,Kachchh,602,75
Gujarat,Kheda,5461,160
Gujarat,Mahesana,900,176
Gujarat,Narmada,547,35
Gujarat,Navsari,266,31
Gujarat,Panchmahals,2791,78
Gujarat,Patan,1220,115
Gujarat,Porbandar,34,55
Gujarat,Rajkot,2988,204
Gujarat,Sabarkantha,1157,72
Gujarat,Surat,2570,211
Gujarat,Surendra Nagar,1210,133
Gujarat,Tapi,787,27
Gujarat,The Dangs,252,7
Gujarat,Vadodara,6684,238
Gujarat,Valsad,854,39
Haryana,Ambala,787,142
Haryana,Bhiwani,2248,142
Haryana,Faridabad,1809,187
Haryana,Fatehabad,1190,99
Haryana,Gurgaon,1488,110
Haryana,Hisar,1117,191
Haryana,Jhajjar,794,129
Haryana,Jind,1075,143
Haryana,Kaithal,812,119
Haryana,Karnal,993,118
Haryana,Kurukshetra,1049,57
Haryana,Mahendragarh,1344,54
Haryana,Mewat,1747,434
Haryana,Palwal,1138,284
Haryana,Panchkula,813,50
Haryana,Panipat,921,258
Haryana,Rewari,616,79
Haryana,Rohtak,1296,96
Haryana,Sirsa,906,144
Haryana,Sonipat,1460,165
Haryana,Yamuna Nagar,681,142
Himachal Pradesh,Bilaspur,27,5
Himachal Pradesh,Chamba,16,10
Himachal Pradesh,Hamirpur,19,6
Himachal Pradesh,Kangra,288,32
Himachal Pradesh,Kinnaur,71,4
Himachal Pradesh,Kullu,130,12
Himachal Pradesh,Lahul and Spiti,1,0
Himachal Pradesh,Mandi,154,14
Himachal Pradesh,Shimla,340,10
Himachal Pradesh,Sirmaur,103,10
Himachal Pradesh,Solan,138,6
Himachal Pradesh,Una,43,17
Jammu and Kashmir,Anantnag,89,24
Jammu and Kashmir,Badgam,1142,106
Jammu and Kashmir,Bandipore,85,9
Jammu and Kashmir,Baramula,280,4
Jammu and Kashmir,Doda,44,28
Jammu and Kashmir,Ganderbal,446,3
Jammu and Kashmir,Jammu,674,82
Jammu and Kashmir,Kargil,4,3
Jammu and Kashmir,Kathua,89,66
Jammu and Kashmir,Kishtwar,274,1
Jammu and Kashmir,Kulgam,212,1
Jammu and Kashmir,Kupwara,1046,0
Jammu and Kashmir,Leh,12,4
Jammu and Kashmir,Pulwama,2550,12
Jammu and Kashmir,Punch,5927,24
Jammu and Kashmir,Rajouri,6480,19
Jammu and Kashmir,Ramban,199,2
Jammu and Kashmir,Reasi,29,3
Jammu and Kashmir,Samba,43,63
Jammu and Kashmir,Shupiyan,5,1
Jammu and Kashmir,Srinagar,2690,115
Jammu and Kashmir,Udhampur,412,31
Jharkhand,Bokaro,933,78
Jharkhand,Chatra,593,90
Jharkhand,Deoghar,384,76
Jharkhand,Dhanbad,657,90
Jharkhand,Dumka,318,83
Jharkhand,East Singhbhum,396,67
Jharkhand,Garhwa,494,85
Jharkhand,Giridih,834,256
Jharkhand,Godda,201,82
Jharkhand,Gumla,156,21
Jharkhand,Hazaribagh,168,111
Jharkhand,Jamtara,75,62
Jharkhand,Khunti,157,10
Jharkhand,Koderma,231,24
Jharkhand,Latehar,162,42
Jharkhand,Lohardaga,65,9
Jharkhand,Pakur,92,11
Jharkhand,Palamu,628,117
Jharkhand,Ramgarh,165,14
Jharkhand,Ranchi,921,118
Jharkhand,Sahebganj,184,71
Jharkhand,Seraikela-Kharsawan,161,26
Jharkhand,Simdega,88,25
Jharkhand,West Singhbhum,288,105
Karnataka,Bagalkot,1393,353
Karnataka,Ballari,1187,180
Karnataka,Bangalore Rural,389,232
Karnataka,Belagavi,2260,439
Karnataka,Bengaluru,1664,461
Karnataka,Bidar,847,198
Karnataka,Chamrajanagar,593,49
Karnataka,Chikkaballapur,842,329
Karnataka,Chikkamagaluru,694,38
Karnataka,Chitradurga,1867,218
Karnataka,Dakshina Kannada,1130,120
Karnataka,Davangere,826,116
Karnataka,Dharwad,1661,156
Karnataka,Gadag,714,67
Karnataka,Hassan,1025,87
Karnataka,Haveri,2125,233
Karnataka,Kalaburagi,1621,239
Karnataka,Kodagu,111,17
Karnataka,Kolar,740,308
Karnataka,Koppal,1016,102
Karnataka,Mandya,1584,98
Karnataka,Mysuru,984,66
Karnataka,Raichur,2608,218
Karnataka,Ramanagar,755,75
Karnataka,Shivamogga,1059,101
Karnataka,Tumakuru,391,188
Karnataka,Udupi,686,24
Karnataka,Uttara Kannada,697,56
Karnataka,Vijayapura,865,72
Karnataka,Yadgir,1093,125
Kerala,Alappuzha,614,23
Kerala,Ernakulam,909,18
Kerala,Idukki,308,7
Kerala,Kannur,455,17
Kerala,Kasaragod,146,9
Kerala,Kollam,1901,40
Kerala,Kottayam,322,8
Kerala,Kozhikode,1258,13
Kerala,Malappuram,998,21
Kerala,Palakkad,619,29
Kerala,Pathanamthitta,479,9
Kerala,Thiruvananthapuram,978,22
Kerala,Thrissur,666,17
Kerala,Wayanad,99,8
Lakshadweep,Lakshadweep,2,1
Madhya Pradesh,Alirajpur,148,50
Madhya Pradesh,Anuppur,640,108
Madhya Pradesh,Ashok Nagar,2468,160
Madhya Pradesh,Balaghat,1503,214
Madhya Pradesh,Barwani,1082,279
Madhya Pradesh,Betul,620,62
Madhya Pradesh,Bhind,2163,109
Madhya Pradesh,Bhopal,1102,355
Madhya Pradesh,Burhanpur,394,105
Madhya Pradesh,Chhatarpur,3297,415
Madhya Pradesh,Chhindwara,1099,164
Madhya Pradesh,Damoh,588,138
Madhya Pradesh,Datia,1038,63
Madhya Pradesh,Dewas,1297,298
Madhya Pradesh,Dhar,1627,164
Madhya Pradesh,Dindori,661,117
Madhya Pradesh,Guna,960,184
Madhya Pradesh,Gwalior,1785,264
Madhya Pradesh,Harda,82,20
Madhya Pradesh,Hoshangabad,755,154
Madhya Pradesh,Indore,928,313
Madhya Pradesh,Jabalpur,1662,340
Madhya Pradesh,Jhabua,1000,104
Madhya Pradesh,Katni,1110,116
Madhya Pradesh,Khandwa,356,118
Madhya Pradesh,Khargone,1909,214
Madhya Pradesh,Mandla,545,191
Madhya Pradesh,Mandsaur,812,334
Madhya Pradesh,Morena,2640,249
Madhya Pradesh,Narsinghpur,834,151
Madhya Pradesh,Neemuch,324,55
Madhya Pradesh,Panna,1051,98
Madhya Pradesh,Raisen,680,127
Madhya Pradesh,Rajgarh,997,313
Madhya Pradesh,Ratlam,538,137
Madhya Pradesh,Rewa,2458,321
Madhya Pradesh,Sagar,1229,166
Madhya Pradesh,Satna,1407,241
Madhya Pradesh,Sehore,967,104
Madhya Pradesh,Seoni,504,81
Madhya Pradesh,Shahdol,1303,130
Madhya Pradesh,Shajapur,412,160
Madhya Pradesh,Sheopur,769,130
Madhya Pradesh,Shivpuri,2562,286
Madhya Pradesh,Sidhi,1942,233
Madhya Pradesh,Singrauli,989,386
Madhya Pradesh,Tikamgarh,1954,212
Madhya Pradesh,Ujjain,455,140
Madhya Pradesh,Umaria,397,65
Madhya Pradesh,Vidisha,891,68
Maharashtra,Ahmadnagar,4957,485
Maharashtra,Akola,1380,107
Maharashtra,Amravati,1561,106
Maharashtra,Aurangabad,3098,382
Maharashtra,Beed,6285,361
Maharashtra,Bhandara,882,55
Maharashtra,Buldhana,1484,128
Maharashtra,Chandrapur,1743,209
Maharashtra,Dhule,1238,128
Maharashtra,Gadchiroli,1066,78
Maharashtra,Gondiya,515,87
Maharashtra,Hingoli,1980,106
Maharashtra,Jalgaon,3676,173
Maharashtra,Jalna,2222,416
Maharashtra,Kolhapur,3934,198
Maharashtra,Latur,2697,316
Maharashtra,Mumbai,2849,362
Maharashtra,Nagpur,2368,279
Maharashtra,Nanded,4498,302
Maharashtra,Nandurbar,1119,86
Maharashtra,Nashik,6558,260
Maharashtra,Osmanabad,1363,249
Maharashtra,Palghar,914,189
Maharashtra,Parbhani,2913,315
Maharashtra,Pune,6987,636
Maharashtra,Raigarh,2124,131
Maharashtra,Ratnagiri,1779,229
Maharashtra,Sangli,2076,141
Maharashtra,Satara,3330,161
Maharashtra,Sindhudurg,1121,65
Maharashtra,Solapur,7906,517
Maharashtra,Thane,3453,169
Maharashtra,Wardha,467,96
Maharashtra,Washim,1410,162
Maharashtra,Yavatmal,3186,133
Manipur,Bishnupur,95,3
Manipur,Chandel,49,0
Manipur,Churachandpur,43,2
Manipur,Imphal East,77,2
Manipur,Imphal West,145,3
Manipur,Senapati,559,1
Manipur,Tamenglong,10,0
Manipur,Thoubal,521,7
Manipur,Ukhrul,20,1
Meghalaya,East Khasi Hills,44,1
Meghalaya,Ri Bhoi,8,0
Meghalaya,West Garo Hills,7,0
Meghalaya,West Khasi Hills,90,2
Mizoram,Aizawl,487,22
Mizoram,Champhai,30,0
Mizoram,Kolasib,0,1
Mizoram,Lawngtlai,1,0
Mizoram,Lunglei,28,0
Mizoram,Mammit,1,1
Mizoram,Saiha,1,0
Mizoram,Serchhip,277,2
Nagaland,Dimapur,357,125
Nagaland,Kohima,40,0
Nagaland,Longleng,19,0
Nagaland,Mokokchung,3,0
Nagaland,Mon,4,0
Nagaland,Peren,42,4
Nagaland,Tuensang,7,0
Nagaland,Wokha,2,0
Nagaland,Zunheboto,6,0
Odisha,Angul,8,0
Odisha,Balangir,2375,179
Odisha,Baleswar,977,217
Odisha,Bargarh,443,238
Odisha,Bhadrak,47,179
Odisha,Boudh,1,68
Odisha,Cuttack,216,123
Odisha,Debagarh,9,0
Odisha,Dhenkanal,21,2
Odisha,Gajapati,351,30
Odisha,Ganjam,1087,727
Odisha,Jagatsinghapur,15,170
Odisha,Jajapur,377,378
Odisha,Jharsuguda,23,64
Odisha,Kalahandi,2584,227
Odisha,Kandhamal,2701,85
Odisha,Kendrapara,29,58
Odisha,Kendujhar,267,8
Odisha,Khorda,88,48
Odisha,Koraput,3842,1385
Odisha,Malkangiri,287,2414
Odisha,Mayurbhanj,83,322
Odisha,Nabarangapur,2,2
Odisha,Nayagarh,27,9
Odisha,Nuapada,37,183
Odisha,Puri,25,141
Odisha,Rayagada,1529,82
Odisha,Sambalpur,1347,18
Odisha,Sonapur,771,8
Odisha,Sundergarh,3319,663
Puducherry,Karaikal,80,6
Puducherry,Puducherry,81,13
Punjab,Amritsar,1558,135
Punjab,Barnala,227,25
Punjab,Bathinda,581,111
Punjab,Faridkot,159,10
Punjab,Fatehgarh Sahib,78,23
Punjab,Fazilka,380,51
Punjab,Ferozepur,649,29
Punjab,Gurdaspur,906,61
Punjab,Hoshiarpur,753,47
Punjab,Jalandhar,819,78
Punjab,Kapurthala,371,42
Punjab,Ludhiana,1702,186
Punjab,Mansa,189,60
Punjab,Moga,389,40
Punjab,Pathankot,205,12
Punjab,Patiala,827,67
Punjab,Rupnagar,147,18
Punjab,SAS Nagar (Mohali),430,47
Punjab,Sangrur,1022,42
Punjab,Shaheed Bhagat Singh Nagar,312,38
Punjab,Sri Muktsar Sahib,496,33
Punjab,Tarn Taran,477,108
Rajasthan,Ajmer,841,217
Rajasthan,Alwar,2433,346
Rajasthan,Banswara,860,135
Rajasthan,Baran,580,157
Rajasthan,Barmer,1461,287
Rajasthan,Bharatpur,2552,191
Rajasthan,Bhilwara,1426,295
Rajasthan,Bikaner,1186,287
Rajasthan,Bundi,947,179
Rajasthan,Chittorgarh,653,134
Rajasthan,Churu,952,161
Rajasthan,Dausa,924,194
Rajasthan,Dholpur,2069,199
Rajasthan,Dungarpur,1188,128
Rajasthan,Ganganagar,1950,159
Rajasthan,Hanumangarh,1550,142
Rajasthan,Jaipur,2571,408
Rajasthan,Jaisalmer,1188,145
Rajasthan,Jalor,1033,172
Rajasthan,Jhalawar,1659,230
Rajasthan,Jhunjhunun,1035,173
Rajasthan,Jodhpur,2133,284
Rajasthan,Karauli,2334,202
Rajasthan,Kota,961,204
Rajasthan,Nagaur,1924,227
Rajasthan,Pali,1201,239
Rajasthan,Pratapgarh,976,102
Rajasthan,Rajsamand,365,91
Rajasthan,Sawai Madhopur,1525,195
Rajasthan,Sikar,1595,174
Rajasthan,Sirohi,333,115
Rajasthan,Tonk,1242,216
Rajasthan,Udaipur,1216,460
Sikkim,East Sikkim,66,0
Sikkim,North Sikkim,4,0
Sikkim,South Sikkim,27,3
Sikkim,West Sikkim,14,1
Tamil Nadu,Ariyalur,6,1
Tamil Nadu,Chennai,1332,70
Tamil Nadu,Coimbatore,243,4
Tamil Nadu,Cuddalore,250,213
Tamil Nadu,Dharmapuri,36,88
Tamil Nadu,Dindigul,79,55
Tamil Nadu,Erode,737,89
Tamil Nadu,Kancheepuram,2144,74
Tamil Nadu,Kanniyakumari,1201,72
Tamil Nadu,Karur,3,10
Tamil Nadu,Krishnagiri,1745,252
Tamil Nadu,Madurai,1143,246
Tamil Nadu,Nagapattinam,65,4
Tamil Nadu,Namakkal,267,28
Tamil Nadu,Perambalur,24,79
Tamil Nadu,Pudukkottai,1209,149
Tamil Nadu,Ramanathapuram,941,133
Tamil Nadu,Salem,117,176
Tamil Nadu,Sivaganga,287,3
Tamil Nadu,Thanjavur,18,6
Tamil Nadu,The Nilgiris,80,15
Tamil Nadu,Theni,9,161
Tamil Nadu,Thiruvarur,30,3
Tamil Nadu,Thoothukkudi,108,39
Tamil Nadu,Tiruchirappalli,107,117
Tamil Nadu,Tirunelveli,1951,197
Tamil Nadu,Tiruppur,1370,29
Tamil Nadu,Tiruvallur,1542,179
Tamil Nadu,Tiruvannamalai,43,3
Tamil Nadu,Vellore,1481,259
Tamil Nadu,Villupuram,385,52
Tamil Nadu,Virudhunagar,26,4
Telangana,Adilabad,191,25
Telangana,Hyderabad,1025,150
Telangana,K.v. Rangareddy,850,198
Telangana,Karimnagar,195,38
Telangana,Khammam,92,18
Telangana,Mahabubnagar,257,63
Telangana,Medak,313,94
Telangana,Nalgonda,380,54
Telangana,Nizamabad,230,53
Telangana,Warangal,269,57
Tripura,Dhalai,67,28
Tripura,Gomati,88,6
Tripura,Khowai,72,16
Tripura,North Tripura,34,5
Tripura,Sepahijala,85,11
Tripura,South Tripura,225,23
Tripura,Unakoti,60,6
Tripura,West Tripura,207,6
Uttar Pradesh,Agra,2640,314
Uttar Pradesh,Aligarh,1420,224
Uttar Pradesh,Allahabad,2732,313
Uttar Pradesh,Ambedkar Nagar,1511,90
Uttar Pradesh,Amethi,1868,323
Uttar Pradesh,Amroha,1111,130
Uttar Pradesh,Auraiya,628,91
Uttar Pradesh,Azamgarh,3061,327
Uttar Pradesh,Baghpat,330,32
Uttar Pradesh,Bahraich,2897,283
Uttar Pradesh,Ballia,1439,212
Uttar Pradesh,Balrampur,2691,447
Uttar Pradesh,Banda,4333,199
Uttar Pradesh,Bara Banki,1522,312
Uttar Pradesh,Bareilly,1378,219
Uttar Pradesh,Basti,2135,209
Uttar Pradesh,Bijnor,1062,190
Uttar Pradesh,Budaun,1925,240
Uttar Pradesh,Bulandshahr,3113,360
Uttar Pradesh,Chandauli,698,99
Uttar Pradesh,Chitrakoot,1034,170
Uttar Pradesh,Deoria,1697,290
Uttar Pradesh,Etah,893,68
Uttar Pradesh,Etawah,992,129
Uttar Pradesh,Faizabad,1594,167
Uttar Pradesh,Farrukhabad,1337,174
Uttar Pradesh,Fatehpur,3907,468
Uttar Pradesh,Firozabad,1666,153
Uttar Pradesh,Gautam Buddha Nagar,1277,107
Uttar Pradesh,Ghaziabad,1629,172
Uttar Pradesh,Ghazipur,2083,279
Uttar Pradesh,Gonda,2596,284
Uttar Pradesh,Gorakhpur,4027,733
Uttar Pradesh,Hamirpur,2443,192
Uttar Pradesh,Hapur,304,58
Uttar Pradesh,Hardoi,6076,437
Uttar Pradesh,Hathras,410,83
Uttar Pradesh,Jalaun,2488,336
Uttar Pradesh,Jaunpur,2813,181
Uttar Pradesh,Jhansi,1443,236
Uttar Pradesh,Kannauj,1322,161
Uttar Pradesh,Kanpur Dehat,691,69
Uttar Pradesh,Kanpur Nagar,2145,406
Uttar Pradesh,Kasganj,1567,267
Uttar Pradesh,Kaushambi,1414,119
Uttar Pradesh,Kheri,3888,389
Uttar Pradesh,Kushinagar,3725,355
Uttar Pradesh,Lalitpur,2515,210
Uttar Pradesh,Lucknow,1341,378
Uttar Pradesh,Maharajganj,3139,153
Uttar Pradesh,Mahoba,1273,374
Uttar Pradesh,Mainpuri,1227,234
Uttar Pradesh,Mathura,1591,248
Uttar Pradesh,Mau,1132,211
Uttar Pradesh,Meerut,1303,243
Uttar Pradesh,Mirzapur,1275,140
Uttar Pradesh,Moradabad,2709,276
Uttar Pradesh,Muzaffarnagar,2072,373
Uttar Pradesh,Pilibhit,710,290
Uttar Pradesh,Pratapgarh,1562,138
Uttar Pradesh,Rae Bareli,1291,266
Uttar Pradesh,Rampur,1257,70
Uttar Pradesh,Saharanpur,1628,523
Uttar Pradesh,Sambhal,1460,142
Uttar Pradesh,Sant Kabir Nagar,1263,354
Uttar Pradesh,Sant Ravidas Nagar,675,157
Uttar Pradesh,Shahjahanpur,2477,283
Uttar Pradesh,Shamli,1066,114
Uttar Pradesh,Shrawasti,882,227
Uttar Pradesh,Siddharthnagar,2177,144
Uttar Pradesh,Sitapur,5508,378
Uttar Pradesh,Sonbhadra,2723,369
Uttar Pradesh,Sultanpur,1141,157
Uttar Pradesh,Unnao,1309,403
Uttar Pradesh,Varanasi,1833,170
Uttarakhand,Almora,1110,90
Uttarakhand,Bageshwar,228,19
Uttarakhand,Chamoli,1931,67
Uttarakhand,Champawat,147,20
Uttarakhand,Dehradun,472,77
Uttarakhand,Haridwar,787,291
Uttarakhand,Nainital,662,130
Uttarakhand,Pauri Garhwal,1830,57
Uttarakhand,Pithoragarh,1245,25
Uttarakhand,Rudraprayag,616,106
Uttarakhand,Tehri Garhwal,1243,96
Uttarakhand,Udham Singh Nagar,652,112
Uttarakhand,Uttarkashi,450,29
West Bengal,Bankura,637,62
West Bengal,Barddhaman,2429,291
West Bengal,Birbhum,917,60
West Bengal,Cooch Behar,238,139
West Bengal,Dakshin Dinajpur,2572,125
West Bengal,Darjeeling,406,109
West Bengal,Hooghly,424,52
West Bengal,Howrah,1904,81
West Bengal,Jalpaiguri,514,88
West Bengal,Kolkata,695,5
West Bengal,Malda,3431,292
West Bengal,Murshidabad,2125,54
West Bengal,Nadia,4683,246
West Bengal,North 24 Parganas,11164,385
West Bengal,Paschim Medinipur,3233,312
West Bengal,Purba Medinipur,2744,1298
West Bengal,Puruliya,395,32
West Bengal,South 24 Parganas,1424,383
West Bengal,Uttar Dinajpur,5359,94
