State,District,Aadhaar generated,Enrolment Rejected
Andaman and Nicobar Islands,Nicobar,2289,9
Andaman and Nicobar Islands,North And Middle Andaman,1022,3
Andaman and Nicobar Islands,South Andaman,1027,8
Andhra Pradesh,Ananthapur,795,42
Andhra Pradesh,Chittoor,449,29
Andhra Pradesh,Cuddapah,614,21
Andhra Pradesh,East Godavari,3852,23
Andhra Pradesh,Guntur,1116,61
Andhra Pradesh,Krishna,755,24
Andhra Pradesh,Kurnool,849,47
Andhra Pradesh,Nellore,453,36
Andhra Pradesh,Prakasam,572,19
Andhra Pradesh,Srikakulam,546,10
Andhra Pradesh,Visakhapatnam,871,42
Andhra Pradesh,Vizianagaram,330,17
Andhra Pradesh,West Godavari,535,22
Arunachal Pradesh,Changlang,2,0
Arunachal Pradesh,East Siang,778,1
Arunachal Pradesh,Kurung Kumey,244,0
Arunachal Pradesh,Lohit,10,0
Arunachal Pradesh,Longding,975,0
Arunachal Pradesh,Lower Dibang Valley,1,0
Arunachal Pradesh,Lower Subansiri,1,0
Arunachal Pradesh,Namsai,6,0
Arunachal Pradesh,Papum Pare,93,1
Arunachal Pradesh,Siang,1,0
Arunachal Pradesh,Tawang,6,0
Arunachal Pradesh,Tirap,218,0
Arunachal Pradesh,Upper Siang,1471,2
Arunachal Pradesh,West Kameng,268,2
Arunachal Pradesh,West Siang,536,1
Assam,Baksa,24,0
Assam,Barpeta,59,1
Assam,Bongaigaon,18,1
Assam,Cachar,40,0
Assam,Chirang,18,1
Assam,Darrang,13,0
Assam,Dhemaji,15,0
Assam,Dhubri,11,0
Assam,Dibrugarh,17,1
Assam,Goalpara,10,0
Assam,Golaghat,23,1
Assam,Hailakandi,11,1
Assam,Jorhat,30,2
Assam,Kamrup,138,0
Assam,Kamrup Metro,39,1
Assam,Karbi Anglong,23,0
Assam,Karimganj,20,0
Assam,Kokrajhar,15,0
Assam,Lakhimpur,25,0
Assam,Marigaon,22,0
Assam,Nagaon,1167,3
Assam,Nalbari,16,0
Assam,North Cachar Hills,9,0
Assam,Sibsagar,45,1
Assam,Sonitpur,81,3
Assam,Tinsukia,34,0
Assam,Udalguri,34,1
Bihar,Araria,13510,558
Bihar,Arwal,334,17
Bihar,Aurangabad,1779,148
Bihar,Banka,2774,61
Bihar,Begusarai,3912,194
Bihar,Bhagalpur,2243,187
Bihar,Bhojpur,3083,114
Bihar,Buxar,2642,57
Bihar,Darbhanga,10624,550
Bihar,East Champaran,4115,114
Bihar,Gaya,3701,137
Bihar,Gopalganj,2823,104
Bihar,Jamui,2085,69
Bihar,Jehanabad,1180,32
Bihar,Kaimur (Bhabua),4223,134
Bihar,Katihar,7468,160
Bihar,Khagaria,3619,85
Bihar,Kishanganj,5628,69
Bihar,Lakhisarai,1050,62
Bihar,Madhepura,5353,281
Bihar,Madhubani,5963,168
Bihar,Munger,2477,51
Bihar,Muzaffarpur,3155,100
Bihar,Nalanda,5042,192
Bihar,Nawada,4045,106
Bihar,Patna,3346,156
Bihar,Purnia,4707,208
Bihar,Rohtas,3445,81
Bihar,Saharsa,1915,84
Bihar,Samastipur,5161,281
Bihar,Saran,2825,66
Bihar,Sheikhpura,802,79
Bihar,Sheohar,838,60
Bihar,Sitamarhi,2753,77
Bihar,Siwan,2796,76
Bihar,Supaul,2644,54
Bihar,Vaishali,2097,64
Bihar,West Champaran,8771,212
Chandigarh,Chandigarh,1035,16
Chhattisgarh,Balod,1965,85
Chhattisgarh,Baloda Bazar,6570,136
Chhattisgarh,Balrampur,1791,51
Chhattisgarh,Bastar,3185,139
Chhattisgarh,Bemetara,1779,43
Chhattisgarh,Bijapur,1860,34
Chhattisgarh,Bilaspur,2501,383
Chhattisgarh,Dakshin Bastar Dantewada,331,18
Chhattisgarh,Dantewada,678,26
Chhattisgarh,Dhamtari,1485,43
Chhattisgarh,Durg,1502,47
Chhattisgarh,Gariyaband,242,2
Chhattisgarh,Janjgir-champa,1929,218
Chhattisgarh,Jashpur,173,12
Chhattisgarh,Kabeerdham,244,4
Chhattisgarh,Kanker,1055,21
Chhattisgarh,Kawardha,599,16
Chhattisgarh,Kondagaon,335,20
Chhattisgarh,Korba,2093,78
Chhattisgarh,Koriya,398,49
Chhattisgarh,Mahasamund,2169,109
Chhattisgarh,Mungeli,564,17
Chhattisgarh,Narayanpur,2,1
Chhattisgarh,Raigarh,1258,54
Chhattisgarh,Raipur,1436,41
Chhattisgarh,Rajnandgaon,1676,43
Chhattisgarh,Sukma,410,19
Chhattisgarh,Surajpur,2816,93
Chhattisgarh,Surguja,1753,41
Chhattisgarh,Uttar Bastar Kanker,416,10
Dadra and Nagar Haveli,Dadra and Nagar Haveli,159,4
Daman and Diu,Daman,23,0
Daman and Diu,Diu,172,0
Delhi,Central Delhi,514,33
Delhi,East Delhi,1231,54
Delhi,New Delhi,46,3
Delhi,North Delhi,369,17
Delhi,North East Delhi,1891,119
Delhi,North West Delhi,2802,157
Delhi,South Delhi,1792,94
Delhi,South West Delhi,1426,60
Delhi,West Delhi,1645,80
Goa,North Goa,233,8
Goa,South Goa,361,3
Gujarat,Ahmedabad,4504,238
Gujarat,Amreli,905,17
Gujarat,Anand,5789,101
Gujarat,Arvalli,214,10
Gujarat,Banaskantha,1178,39
Gujarat,Bharuch,539,23
Gujarat,Bhavnagar,4275,141
Gujarat,Dahod,1411,50
Gujarat,Devbhumi Dwarka,178,8
Gujarat,Gandhinagar,703,17
Gujarat,Gir Somnath,61,2
Gujarat,Jamnagar,174,23
Gujarat,Junagadh,359,10
Gujarat,Kachchh,736,17
Gujarat,Kheda,2279,35
Gujarat,Mahesana,1671,61
Gujarat,Narmada,368,22
Gujarat,Navsari,350,14
Gujarat,Panchmahals,1129,17
Gujarat,Patan,790,29
Gujarat,Porbandar,458,31
Gujarat,Rajkot,1324,69
Gujarat,Sabarkantha,713,18
Gujarat,Surat,1938,44
Gujarat,Surendra Nagar,896,23
Gujarat,Tapi,157,5
Gujarat,The Dangs,72,2
Gujarat,Vadodara,2553,53
Gujarat,Valsad,606,17
Haryana,Ambala,838,25
Haryana,Bhiwani,2226,63
Haryana,Faridabad,2291,119
Haryana,Fatehabad,1586,44
Haryana,Gurgaon,1071,40
Haryana,Hisar,2581,108
Haryana,Jhajjar,1159,58
Haryana,Jind,1099,49
Haryana,Kaithal,676,42
Haryana,Karnal,1825,70
Haryana,Kurukshetra,738,27
Haryana,Mahendragarh,1665,32
Haryana,Mewat,1812,62
Haryana,Palwal,1306,145
Haryana,Panchkula,1016,34
Haryana,Panipat,1111,71
Haryana,Rewari,618,44
Haryana,Rohtak,1217,54
Haryana,Sirsa,949,64
Haryana,Sonipat,1198,73
Haryana,Yamuna Nagar,666,27
Himachal Pradesh,Bilaspur,64,5
Himachal Pradesh,Chamba,35,2
Himachal Pradesh,Hamirpur,135,4
Himachal Pradesh,Kangra,344,15
Himachal Pradesh,Kinnaur,14,0
Himachal Pradesh,Kullu,236,15
Himachal Pradesh,Lahul and Spiti,2,0
Himachal Pradesh,Mandi,302,10
Himachal Pradesh,Shimla,277,19
Himachal Pradesh,Sirmaur,94,1
Himachal Pradesh,Solan,122,7
Himachal Pradesh,Una,52,2
Jammu and Kashmir,Anantnag,51,5
Jammu and Kashmir,Badgam,7654,13
Jammu and Kashmir,Bandipore,541,15
Jammu and Kashmir,Baramula,430,8
Jammu and Kashmir,Doda,57,2
Jammu and Kashmir,Ganderbal,82,0
Jammu and Kashmir,Jammu,1014,6
Jammu and Kashmir,Kargil,4,1
Jammu and Kashmir,Kathua,410,11
Jammu and Kashmir,Kishtwar,149,0
Jammu and Kashmir,Kulgam,4,1
Jammu and Kashmir,Kupwara,88,4
Jammu and Kashmir,Leh,66,2
Jammu and Kashmir,Pulwama,418,1
Jammu and Kashmir,Punch,477,0
Jammu and Kashmir,Rajouri,1006,1
Jammu and Kashmir,Ramban,333,32
Jammu and Kashmir,Reasi,50,4
Jammu and Kashmir,Samba,167,3
Jammu and Kashmir,Shupiyan,508,1
Jammu and Kashmir,Srinagar,2052,33
Jammu and Kashmir,Udhampur,255,2
Jharkhand,Bokaro,975,74
Jharkhand,Chatra,792,43
Jharkhand,Deoghar,736,31
Jharkhand,Dhanbad,1556,59
Jharkhand,Dumka,761,55
Jharkhand,East Singhbhum,864,48
Jharkhand,Garhwa,609,29
Jharkhand,Giridih,2654,106
Jharkhand,Godda,567,45
Jharkhand,Gumla,336,20
Jharkhand,Hazaribagh,487,34
Jharkhand,Jamtara,155,8
Jharkhand,Khunti,272,4
Jharkhand,Koderma,867,35
Jharkhand,Latehar,224,14
Jharkhand,Lohardaga,220,11
Jharkhand,Pakur,105,5
Jharkhand,Palamu,1170,37
Jharkhand,Ramgarh,298,9
Jharkhand,Ranchi,1054,66
Jharkhand,Sahebganj,301,19
Jharkhand,Seraikela-Kharsawan,351,41
Jharkhand,Simdega,136,7
Jharkhand,West Singhbhum,626,29
Karnataka,Bagalkot,3065,109
Karnataka,Ballari,2217,142
Karnataka,Bangalore Rural,857,81
Karnataka,Belagavi,3690,206
Karnataka,Bengaluru,3429,199
Karnataka,Bidar,1301,92
Karnataka,Chamrajanagar,972,29
Karnataka,Chikkaballapur,1433,158
Karnataka,Chikkamagaluru,830,36
Karnataka,Chitradurga,2904,126
Karnataka,Dakshina Kannada,1488,72
Karnataka,Davangere,1381,126
Karnataka,Dharwad,1779,69
Karnataka,Gadag,621,40
Karnataka,Hassan,1262,39
Karnataka,Haveri,1958,146
Karnataka,Kalaburagi,2668,324
Karnataka,Kodagu,285,20
Karnataka,Kolar,2068,198
Karnataka,Koppal,1011,119
Karnataka,Mandya,3902,112
Karnataka,Mysuru,1067,74
Karnataka,Raichur,4759,121
Karnataka,Ramanagar,1348,60
Karnataka,Shivamogga,1706,34
Karnataka,Tumakuru,1328,153
Karnataka,Udupi,470,28
Karnataka,Uttara Kannada,1076,62
Karnataka,Vijayapura,1153,98
Karnataka,Yadgir,2761,140
Kerala,Alappuzha,477,8
Kerala,Ernakulam,1001,8
Kerala,Idukki,382,18
Kerala,Kannur,637,7
Kerala,Kasaragod,353,4
Kerala,Kollam,1984,31
Kerala,Kottayam,445,3
Kerala,Kozhikode,1300,6
Kerala,Malappuram,1350,6
Kerala,Palakkad,738,6
Kerala,Pathanamthitta,605,7
Kerala,Thiruvananthapuram,777,10
Kerala,Thrissur,703,8
Kerala,Wayanad,147,2
Lakshadweep,Lakshadweep,2,0
Madhya Pradesh,Alirajpur,273,13
Madhya Pradesh,Anuppur,700,29
Madhya Pradesh,Ashok Nagar,4106,143
Madhya Pradesh,Balaghat,1717,48
Madhya Pradesh,Barwani,1337,104
Madhya Pradesh,Betul,1338,32
Madhya Pradesh,Bhind,3031,43
Madhya Pradesh,Bhopal,1711,160
Madhya Pradesh,Burhanpur,638,48
Madhya Pradesh,Chhatarpur,3967,127
Madhya Pradesh,Chhindwara,1589,76
Madhya Pradesh,Damoh,752,45
Madhya Pradesh,Datia,1560,33
Madhya Pradesh,Dewas,1063,114
Madhya Pradesh,Dhar,1506,93
Madhya Pradesh,Dindori,1583,64
Madhya Pradesh,Guna,1301,37
Madhya Pradesh,Gwalior,1756,95
Madhya Pradesh,Harda,235,13
Madhya Pradesh,Hoshangabad,334,35
Madhya Pradesh,Indore,2107,119
Madhya Pradesh,Jabalpur,2282,148
Madhya Pradesh,Jhabua,777,35
Madhya Pradesh,Katni,1544,109
Madhya Pradesh,Khandwa,2230,67
Madhya Pradesh,Khargone,1438,69
Madhya Pradesh,Mandla,913,57
Madhya Pradesh,Mandsaur,1227,91
Madhya Pradesh,Morena,4725,72
Madhya Pradesh,Narsinghpur,1124,59
Madhya Pradesh,Neemuch,617,54
Madhya Pradesh,Panna,2173,63
Madhya Pradesh,Raisen,977,74
Madhya Pradesh,Rajgarh,2252,100
Madhya Pradesh,Ratlam,503,47
Madhya Pradesh,Rewa,3653,205
Madhya Pradesh,Sagar,2639,100
Madhya Pradesh,Satna,2558,140
Madhya Pradesh,Sehore,805,58
Madhya Pradesh,Seoni,871,37
Madhya Pradesh,Shahdol,1735,49
Madhya Pradesh,Shajapur,505,135
Madhya Pradesh,Sheopur,2309,124
Madhya Pradesh,Shivpuri,4496,116
Madhya Pradesh,Sidhi,2868,105
Madhya Pradesh,Singrauli,863,62
Madhya Pradesh,Tikamgarh,2605,90
Madhya Pradesh,Ujjain,921,67
Madhya Pradesh,Umaria,779,24
Madhya Pradesh,Vidisha,983,64
Maharashtra,Ahmadnagar,10104,496
Maharashtra,Akola,2218,91
Maharashtra,Amravati,2245,75
Maharashtra,Aurangabad,6190,243
Maharashtra,Beed,9435,312
Maharashtra,Bhandara,971,40
Maharashtra,Buldhana,2744,86
Maharashtra,Chandrapur,2961,95
Maharashtra,Dhule,1992,102
Maharashtra,Gadchiroli,1367,56
Maharashtra,Gondiya,1029,76
Maharashtra,Hingoli,3517,97
Maharashtra,Jalgaon,4897,156
Maharashtra,Jalna,3902,197
Maharashtra,Kolhapur,5297,169
Maharashtra,Latur,3871,179
Maharashtra,Mumbai,5897,212
Maharashtra,Nagpur,4103,182
Maharashtra,Nanded,6654,254
Maharashtra,Nandurbar,1447,52
Maharashtra,Nashik,8829,274
Maharashtra,Osmanabad,2619,93
Maharashtra,Palghar,1857,77
Maharashtra,Parbhani,6382,121
Maharashtra,Pune,10650,498
Maharashtra,Raigarh,3370,110
Maharashtra,Ratnagiri,4743,154
Maharashtra,Sangli,3810,97
Maharashtra,Satara,6967,143
Maharashtra,Sindhudurg,1602,19
Maharashtra,Solapur,12330,481
Maharashtra,Thane,5396,209
Maharashtra,Wardha,1048,54
Maharashtra,Washim,2062,73
Maharashtra,Yavatmal,4043,107
Manipur,Bishnupur,341,4
Manipur,Chandel,120,2
Manipur,Churachandpur,58,3
Manipur,Imphal East,208,9
Manipur,Imphal West,257,1
Manipur,Senapati,1142,4
Manipur,Tamenglong,87,1
Manipur,Thoubal,811,8
Manipur,Ukhrul,53,1
Meghalaya,East Garo Hills,2,0
Meghalaya,East Khasi Hills,21,2
Meghalaya,West Garo Hills,6,0
Meghalaya,West Khasi Hills,24,0
Mizoram,Aizawl,209,3
Mizoram,Champhai,308,0
Mizoram,Lunglei,212,0
Mizoram,Mammit,1,0
Mizoram,Saiha,1,0
Mizoram,Serchhip,35,0
Nagaland,Dimapur,16,5
Nagaland,Kiphire,8,2
Nagaland,Kohima,12,0
Nagaland,Mokokchung,5,0
Nagaland,Mon,1,3
Nagaland,Peren,14,2
Nagaland,Phek,0,1
Nagaland,Tuensang,6,2
Nagaland,Wokha,8,1
Nagaland,Zunheboto,4,0
Odisha,Angul,16,1
Odisha,Balangir,2253,51
Odisha,Baleswar,562,88
Odisha,Bargarh,182,35
Odisha,Bhadrak,354,33
Odisha,Boudh,61,1
Odisha,Cuttack,2294,146
Odisha,Debagarh,49,0
Odisha,Dhenkanal,136,9
Odisha,Gajapati,724,107
Odisha,Ganjam,5400,76
Odisha,Jagatsinghapur,137,5
Odisha,Jajapur,1147,242
Odisha,Jharsuguda,345,18
Odisha,Kalahandi,3065,131
Odisha,Kandhamal,881,49
Odisha,Kendrapara,382,23
Odisha,Kendujhar,199,7
Odisha,Khorda,920,74
Odisha,Koraput,1318,28
Odisha,Malkangiri,3194,23
Odisha,Mayurbhanj,725,41
Odisha,Nabarangapur,2,6
Odisha,Nayagarh,524,52
Odisha,Nuapada,492,13
Odisha,Puri,448,64
Odisha,Rayagada,970,80
Odisha,Sambalpur,562,37
Odisha,Sonapur,2222,133
Odisha,Sundergarh,1658,453
Puducherry,Karaikal,171,2
Puducherry,Puducherry,222,10
Punjab,Amritsar,1953,137
Punjab,Barnala,255,18
Punjab,Bathinda,812,58
Punjab,Faridkot,102,6
Punjab,Fatehgarh Sahib,153,11
Punjab,Fazilka,765,25
Punjab,Ferozepur,617,15
Punjab,Gurdaspur,1025,50
Punjab,Hoshiarpur,1193,28
Punjab,Jalandhar,776,44
Punjab,Kapurthala,488,15
Punjab,Ludhiana,3076,85
Punjab,Mansa,295,21
Punjab,Moga,583,29
Punjab,Pathankot,214,5
Punjab,Patiala,899,39
Punjab,Rupnagar,161,15
Punjab,SAS Nagar (Mohali),778,17
Punjab,Sangrur,645,39
Punjab,Shaheed Bhagat Singh Nagar,451,12
Punjab,Sri Muktsar Sahib,629,17
Punjab,Tarn Taran,1455,55
Rajasthan,Ajmer,1964,158
Rajasthan,Alwar,3261,182
Rajasthan,Banswara,2025,83
Rajasthan,Baran,1489,89
Rajasthan,Barmer,2002,87
Rajasthan,Bharatpur,3796,83
Rajasthan,Bhilwara,2892,117
Rajasthan,Bikaner,2100,156
Rajasthan,Bundi,1562,80
Rajasthan,Chittorgarh,1171,48
Rajasthan,Churu,1426,69
Rajasthan,Dausa,1405,80
Rajasthan,Dholpur,2306,95
Rajasthan,Dungarpur,2035,82
Rajasthan,Ganganagar,2466,122
Rajasthan,Hanumangarh,1666,79
Rajasthan,Jaipur,3708,202
Rajasthan,Jaisalmer,2181,83
Rajasthan,Jalor,1314,67
Rajasthan,Jhalawar,3097,129
Rajasthan,Jhunjhunun,2037,65
Rajasthan,Jodhpur,3693,164
Rajasthan,Karauli,3959,89
Rajasthan,Kota,1318,96
Rajasthan,Nagaur,2123,98
Rajasthan,Pali,2170,133
Rajasthan,Pratapgarh,1639,36
Rajasthan,Rajsamand,985,60
Rajasthan,Sawai Madhopur,2002,68
Rajasthan,Sikar,1612,70
Rajasthan,Sirohi,971,53
Rajasthan,Tonk,2230,101
Rajasthan,Udaipur,2237,136
Sikkim,East Sikkim,41,0
Sikkim,North Sikkim,39,0
Sikkim,South Sikkim,4,1
Sikkim,West Sikkim,45,0
Tamil Nadu,Ariyalur,13,0
Tamil Nadu,Chennai,2034,59
Tamil Nadu,Coimbatore,1934,10
Tamil Nadu,Cuddalore,1042,34
Tamil Nadu,Dharmapuri,854,50
Tamil Nadu,Dindigul,335,33
Tamil Nadu,Erode,5383,101
Tamil Nadu,Kancheepuram,1107,76
Tamil Nadu,Kanniyakumari,834,15
Tamil Nadu,Karur,144,32
Tamil Nadu,Krishnagiri,1825,85
Tamil Nadu,Madurai,1523,145
Tamil Nadu,Nagapattinam,87,2
Tamil Nadu,Namakkal,813,27
Tamil Nadu,Perambalur,84,9
Tamil Nadu,Pudukkottai,3061,29
Tamil Nadu,Ramanathapuram,2364,9
Tamil Nadu,Salem,6919,36
Tamil Nadu,Sivaganga,799,10
Tamil Nadu,Thanjavur,43,2
Tamil Nadu,The Nilgiris,1142,43
Tamil Nadu,Theni,19,7
Tamil Nadu,Thiruvarur,63,1
Tamil Nadu,Thoothukkudi,440,42
Tamil Nadu,Tiruchirappalli,662,105
Tamil Nadu,Tirunelveli,1438,29
Tamil Nadu,Tiruppur,5117,70
Tamil Nadu,Tiruvallur,6474,88
Tamil Nadu,Tiruvannamalai,388,5
Tamil Nadu,Vellore,3848,126
Tamil Nadu,Villupuram,1086,25
Tamil Nadu,Virudhunagar,160,10
Telangana,Adilabad,257,11
Telangana,Hyderabad,2014,76
Telangana,K.v. Rangareddy,1205,60
Telangana,Karimnagar,365,16
Telangana,Khammam,258,14
Telangana,Mahabubnagar,558,21
Telangana,Medak,641,40
Telangana,Nalgonda,541,22
Telangana,Nizamabad,344,14
Telangana,Warangal,305,17
Tripura,Dhalai,483,36
Tripura,Gomati,51,4
Tripura,Khowai,60,2
Tripura,North Tripura,264,5
Tripura,Sepahijala,128,10
Tripura,South Tripura,25,4
Tripura,Unakoti,151,6
Tripura,West Tripura,294,14
Uttar Pradesh,Agra,2926,114
Uttar Pradesh,Aligarh,2307,153
Uttar Pradesh,Allahabad,4531,151
Uttar Pradesh,Ambedkar Nagar,1411,34
Uttar Pradesh,Amethi,1430,126
Uttar Pradesh,Amroha,930,56
Uttar Pradesh,Auraiya,995,32
Uttar Pradesh,Azamgarh,3837,184
Uttar Pradesh,Baghpat,651,25
Uttar Pradesh,Bahraich,4084,184
Uttar Pradesh,Ballia,2488,96
Uttar Pradesh,Balrampur,4339,361
Uttar Pradesh,Banda,6578,101
Uttar Pradesh,Bara Banki,1361,70
Uttar Pradesh,Bareilly,2178,233
Uttar Pradesh,Basti,2469,103
Uttar Pradesh,Bijnor,1454,202
Uttar Pradesh,Budaun,2343,76
Uttar Pradesh,Bulandshahr,2784,120
Uttar Pradesh,Chandauli,1303,83
Uttar Pradesh,Chitrakoot,2105,120
Uttar Pradesh,Deoria,2139,137
Uttar Pradesh,Etah,1128,30
Uttar Pradesh,Etawah,1452,88
Uttar Pradesh,Faizabad,2009,95
Uttar Pradesh,Farrukhabad,1857,128
Uttar Pradesh,Fatehpur,7863,296
Uttar Pradesh,Firozabad,1960,134
Uttar Pradesh,Gautam Buddha Nagar,1777,54
Uttar Pradesh,Ghaziabad,1782,99
Uttar Pradesh,Ghazipur,2480,141
Uttar Pradesh,Gonda,2131,111
Uttar Pradesh,Gorakhpur,5107,235
Uttar Pradesh,Hamirpur,3944,118
Uttar Pradesh,Hapur,488,28
Uttar Pradesh,Hardoi,5571,270
Uttar Pradesh,Hathras,672,52
Uttar Pradesh,Jalaun,4621,224
Uttar Pradesh,Jaunpur,3773,95
Uttar Pradesh,Jhansi,2171,93
Uttar Pradesh,Kannauj,2389,112
Uttar Pradesh,Kanpur Dehat,1228,48
Uttar Pradesh,Kanpur Nagar,2385,153
Uttar Pradesh,Kasganj,1090,37
Uttar Pradesh,Kaushambi,1840,54
Uttar Pradesh,Kheri,4798,152
Uttar Pradesh,Kushinagar,4059,125
Uttar Pradesh,Lalitpur,2564,65
Uttar Pradesh,Lucknow,1914,131
Uttar Pradesh,Maharajganj,4122,120
Uttar Pradesh,Mahoba,2431,133
Uttar Pradesh,Mainpuri,2082,125
Uttar Pradesh,Mathura,1865,167
Uttar Pradesh,Mau,1158,43
Uttar Pradesh,Meerut,1451,119
Uttar Pradesh,Mirzapur,2193,57
Uttar Pradesh,Moradabad,1579,88
Uttar Pradesh,Muzaffarnagar,2979,142
Uttar Pradesh,Pilibhit,1479,56
Uttar Pradesh,Pratapgarh,1433,79
Uttar Pradesh,Rae Bareli,1880,154
Uttar Pradesh,Rampur,1093,26
Uttar Pradesh,Saharanpur,2380,156
Uttar Pradesh,Sambhal,1892,55
Uttar Pradesh,Sant Kabir Nagar,1450,106
Uttar Pradesh,Sant Ravidas Nagar,845,58
Uttar Pradesh,Shahjahanpur,3687,153
Uttar Pradesh,Shamli,1160,43
Uttar Pradesh,Shrawasti,1808,125
Uttar Pradesh,Siddharthnagar,4093,98
Uttar Pradesh,Sitapur,4879,191
Uttar Pradesh,Sonbhadra,3987,107
Uttar Pradesh,Sultanpur,1400,70
Uttar Pradesh,Unnao,1841,339
Uttar Pradesh,Varanasi,1850,82
Uttarakhand,Almora,2133,26
Uttarakhand,Bageshwar,657,32
Uttarakhand,Chamoli,1872,708
Uttarakhand,Champawat,451,27
Uttarakhand,Dehradun,791,21
Uttarakhand,Haridwar,1846,102
Uttarakhand,Nainital,780,23
Uttarakhand,Pauri Garhwal,2102,36
Uttarakhand,Pithoragarh,3934,32
Uttarakhand,Rudraprayag,2454,18
Uttarakhand,Tehri Garhwal,2060,74
Uttarakhand,Udham Singh Nagar,932,57
Uttarakhand,Uttarkashi,820,9
West Bengal,Bankura,4312,46
West Bengal,Barddhaman,13219,649
West Bengal,Birbhum,598,67
West Bengal,Cooch Behar,1262,32
West Bengal,Dakshin Dinajpur,644,48
West Bengal,Darjeeling,1526,20
West Bengal,Hooghly,461,35
West Bengal,Howrah,2524,50
West Bengal,Jalpaiguri,602,17
West Bengal,Kolkata,1774,15
West Bengal,Malda,1565,149
West Bengal,Murshidabad,1703,70
West Bengal,Nadia,3228,42
West Bengal,North 24 Parganas,11113,216
West Bengal,Paschim Medinipur,7013,263
West Bengal,Purba Medinipur,14757,724
West Bengal,Puruliya,1739,56
West Bengal,South 24 Parganas,6063,1189
West Bengal,Uttar Dinajpur,1521,11
