State,District,Aadhaar generated,Enrolment Rejected
Andhra Pradesh,Ananthapur,140,2
Andhra Pradesh,Chittoor,68,0
Andhra Pradesh,Cuddapah,57,2
Andhra Pradesh,East Godavari,78,3
Andhra Pradesh,Guntur,68,5
Andhra Pradesh,Krishna,86,0
Andhra Pradesh,Kurnool,138,7
Andhra Pradesh,Nellore,63,7
Andhra Pradesh,Prakasam,123,1
Andhra Pradesh,Srikakulam,60,0
Andhra Pradesh,Visakhapatnam,111,0
Andhra Pradesh,Vizianagaram,45,3
Andhra Pradesh,West Godavari,90,0
Arunachal Pradesh,Anjaw,5,0
Arunachal Pradesh,East Kameng,1,0
Arunachal Pradesh,East Siang,0,1
Arunachal Pradesh,Kurung Kumey,135,0
Arunachal Pradesh,Lohit,1,0
Arunachal Pradesh,Lower Subansiri,5,0
Arunachal Pradesh,Tirap,3,0
Arunachal Pradesh,Upper Subansiri,28,3
Arunachal Pradesh,West Kameng,2,1
Assam,Baksa,7,0
Assam,Barpeta,16,0
Assam,Bongaigaon,4,0
Assam,Cachar,107,1
Assam,Chirang,19,0
Assam,Darrang,8,0
Assam,Dhemaji,1,0
Assam,Dhubri,2,0
Assam,Dibrugarh,5,0
Assam,Goalpara,3,0
Assam,Golaghat,11,2
Assam,Hailakandi,5,0
Assam,Jorhat,2,0
Assam,Kamrup,15,0
Assam,Kamrup Metro,1,0
Assam,Karbi Anglong,3,0
Assam,Karimganj,5,0
Assam,Kokrajhar,3,0
Assam,Lakhimpur,3,1
Assam,Marigaon,3,0
Assam,Nagaon,12,0
Assam,Nalbari,2,0
Assam,North Cachar Hills,1,0
Assam,Sibsagar,7,0
Assam,Sonitpur,2,0
Assam,Tinsukia,6,0
Assam,Udalguri,20,0
Bihar,Araria,275,166
Bihar,Arwal,34,24
Bihar,Aurangabad,86,17
Bihar,Banka,54,9
Bihar,Begusarai,66,44
Bihar,Bhagalpur,118,14
Bihar,Bhojpur,54,133
Bihar,Buxar,29,27
Bihar,Darbhanga,166,180
Bihar,East Champaran,150,84
Bihar,Gaya,150,24
Bihar,Gopalganj,56,64
Bihar,Jamui,22,25
Bihar,Jehanabad,314,16
Bihar,Kaimur (Bhabua),86,20
Bihar,Katihar,192,103
Bihar,Khagaria,190,35
Bihar,Kishanganj,130,139
Bihar,Lakhisarai,12,4
Bihar,Madhepura,82,113
Bihar,Madhubani,258,122
Bihar,Munger,19,18
Bihar,Muzaffarpur,212,52
Bihar,Nalanda,115,91
Bihar,Nawada,39,38
Bihar,Patna,112,78
Bihar,Purnia,312,38
Bihar,Rohtas,93,28
Bihar,Saharsa,23,7
Bihar,Samastipur,118,53
Bihar,Saran,60,47
Bihar,Sheikhpura,5,2
Bihar,Sheohar,8,10
Bihar,Sitamarhi,59,19
Bihar,Siwan,97,69
Bihar,Supaul,144,33
Bihar,Vaishali,85,70
Bihar,West Champaran,359,104
Chandigarh,Chandigarh,8,5
Chhattisgarh,Balod,237,31
Chhattisgarh,Baloda Bazar,1405,22
Chhattisgarh,Balrampur,26,4
Chhattisgarh,Bastar,162,2
Chhattisgarh,Bemetara,270,12
Chhattisgarh,Bijapur,5,1
Chhattisgarh,Bilaspur,670,69
Chhattisgarh,Dakshin Bastar Dantewada,12,1
Chhattisgarh,Dantewada,2,0
Chhattisgarh,Dhamtari,206,54
Chhattisgarh,Durg,160,8
Chhattisgarh,Gariyaband,28,9
Chhattisgarh,Janjgir-champa,371,25
Chhattisgarh,Jashpur,21,27
Chhattisgarh,Kabeerdham,47,1
Chhattisgarh,Kanker,38,14
Chhattisgarh,Kawardha,151,2
Chhattisgarh,Kondagaon,36,19
Chhattisgarh,Korba,109,10
Chhattisgarh,Koriya,74,7
Chhattisgarh,Mahasamund,355,42
Chhattisgarh,Mungeli,29,2
Chhattisgarh,Raigarh,318,1
Chhattisgarh,Raipur,433,6
Chhattisgarh,Rajnandgaon,45,20
Chhattisgarh,Sukma,2,2
Chhattisgarh,Surajpur,83,31
Chhattisgarh,Surguja,152,8
Chhattisgarh,Uttar Bastar Kanker,2,20
Dadra and Nagar Haveli,Dadra and Nagar Haveli,2,2
Daman and Diu,Daman,0,4
Daman and Diu,Diu,0,1
Delhi,Central Delhi,58,0
Delhi,East Delhi,50,17
Delhi,New Delhi,2,0
Delhi,North Delhi,14,7
Delhi,North East Delhi,34,18
Delhi,North West Delhi,283,34
Delhi,South Delhi,54,25
Delhi,South West Delhi,55,13
Delhi,West Delhi,51,8
Goa,North Goa,2,2
Goa,South Goa,2,1
Gujarat,Ahmedabad,91,41
Gujarat,Amreli,18,9
Gujarat,Anand,156,10
Gujarat,Arvalli,4,10
Gujarat,Banaskantha,2,41
Gujarat,Bharuch,36,7
Gujarat,Bhavnagar,1,5
Gujarat,Dahod,5,14
Gujarat,Devbhumi Dwarka,5,0
Gujarat,Gandhinagar,1,26
Gujarat,Gir Somnath,0,1
Gujarat,Jamnagar,1,4
Gujarat,Junagadh,18,4
Gujarat,Kachchh,79,9
Gujarat,Kheda,3,105
Gujarat,Mahesana,4,21
Gujarat,Narmada,0,3
Gujarat,Navsari,0,12
Gujarat,Panchmahals,31,29
Gujarat,Patan,3,16
Gujarat,Porbandar,1,0
Gujarat,Rajkot,142,12
Gujarat,Sabarkantha,58,13
Gujarat,Surat,15,33
Gujarat,Surendra Nagar,5,21
Gujarat,Tapi,3,1
Gujarat,The Dangs,0,1
Gujarat,Vadodara,8,89
Gujarat,Valsad,0,13
Haryana,Ambala,93,2
Haryana,Bhiwani,85,3
Haryana,Faridabad,213,36
Haryana,Fatehabad,123,7
Haryana,Gurgaon,134,10
Haryana,Hisar,130,25
Haryana,Jhajjar,235,13
Haryana,Jind,23,40
Haryana,Kaithal,110,8
Haryana,Karnal,81,21
Haryana,Kurukshetra,132,2
Haryana,Mahendragarh,254,8
Haryana,Mewat,144,27
Haryana,Palwal,76,51
Haryana,Panchkula,29,0
Haryana,Panipat,87,22
Haryana,Rewari,227,1
Haryana,Rohtak,235,13
Haryana,Sirsa,460,30
Haryana,Sonipat,66,9
Haryana,Yamuna Nagar,78,10
Himachal Pradesh,Bilaspur,4,1
Himachal Pradesh,Chamba,13,0
Himachal Pradesh,Hamirpur,3,0
Himachal Pradesh,Kangra,143,16
Himachal Pradesh,Kinnaur,3,0
Himachal Pradesh,Kullu,0,1
Himachal Pradesh,Mandi,108,7
Himachal Pradesh,Shimla,6,1
Himachal Pradesh,Sirmaur,15,5
Himachal Pradesh,Solan,6,0
Himachal Pradesh,Una,1,0
Jammu and Kashmir,Anantnag,0,1
Jammu and Kashmir,Badgam,0,7
Jammu and Kashmir,Bandipore,27,94
Jammu and Kashmir,Baramula,10,11
Jammu and Kashmir,Doda,2,0
Jammu and Kashmir,Ganderbal,0,44
Jammu and Kashmir,Jammu,22,2
Jammu and Kashmir,Kargil,0,2
Jammu and Kashmir,Kathua,4,0
Jammu and Kashmir,Kupwara,1,6
Jammu and Kashmir,Pulwama,12,0
Jammu and Kashmir,Punch,1,0
Jammu and Kashmir,Rajouri,2,0
Jammu and Kashmir,Reasi,0,1
Jammu and Kashmir,Samba,3,0
Jammu and Kashmir,Srinagar,31,221
Jammu and Kashmir,Udhampur,2,0
Jharkhand,Bokaro,495,28
Jharkhand,Chatra,71,9
Jharkhand,Deoghar,35,5
Jharkhand,Dhanbad,263,25
Jharkhand,Dumka,32,6
Jharkhand,East Singhbhum,139,23
Jharkhand,Garhwa,536,23
Jharkhand,Giridih,400,13
Jharkhand,Godda,96,9
Jharkhand,Gumla,155,1
Jharkhand,Hazaribagh,135,6
Jharkhand,Jamtara,12,1
Jharkhand,Khunti,13,0
Jharkhand,Koderma,205,1
Jharkhand,Latehar,50,0
Jharkhand,Lohardaga,85,13
Jharkhand,Pakur,14,0
Jharkhand,Palamu,83,9
Jharkhand,Ramgarh,179,3
Jharkhand,Ranchi,530,20
Jharkhand,Sahebganj,101,9
Jharkhand,Seraikela-Kharsawan,191,18
Jharkhand,Simdega,58,1
Jharkhand,West Singhbhum,77,7
Karnataka,Bagalkot,1,7
Karnataka,Ballari,26,3
Karnataka,Bangalore Rural,2,6
Karnataka,Belagavi,21,52
Karnataka,Bengaluru,164,7
Karnataka,Bidar,77,10
Karnataka,Chamrajanagar,10,6
Karnataka,Chikkaballapur,2,5
Karnataka,Chikkamagaluru,3,2
Karnataka,Chitradurga,2,32
Karnataka,Dakshina Kannada,19,3
Karnataka,Davangere,26,1
Karnataka,Dharwad,69,0
Karnataka,Gadag,6,0
Karnataka,Hassan,55,2
Karnataka,Haveri,19,3
Karnataka,Kalaburagi,73,17
Karnataka,Kodagu,1,0
Karnataka,Kolar,1,19
Karnataka,Koppal,0,2
Karnataka,Mandya,11,9
Karnataka,Mysuru,72,6
Karnataka,Raichur,8,19
Karnataka,Ramanagar,0,4
Karnataka,Shivamogga,1,7
Karnataka,Tumakuru,3,2
Karnataka,Udupi,2,1
Karnataka,Uttara Kannada,2,1
Karnataka,Vijayapura,25,11
Karnataka,Yadgir,0,19
Kerala,Alappuzha,6,5
Kerala,Ernakulam,1,5
Kerala,Idukki,0,2
Kerala,Kannur,7,6
Kerala,Kollam,5,2
Kerala,Kozhikode,2,4
Kerala,Palakkad,11,1
Kerala,Pathanamthitta,9,2
Kerala,Thiruvananthapuram,4,2
Kerala,Thrissur,6,2
Lakshadweep,Lakshadweep,12,0
Madhya Pradesh,Alirajpur,23,5
Madhya Pradesh,Anuppur,53,7
Madhya Pradesh,Ashok Nagar,706,24
Madhya Pradesh,Balaghat,489,54
Madhya Pradesh,Barwani,151,61
Madhya Pradesh,Betul,174,17
Madhya Pradesh,Bhind,158,17
Madhya Pradesh,Bhopal,304,31
Madhya Pradesh,Burhanpur,25,50
Madhya Pradesh,Chhatarpur,460,36
Madhya Pradesh,Chhindwara,314,21
Madhya Pradesh,Damoh,53,8
Madhya Pradesh,Datia,247,5
Madhya Pradesh,Dewas,77,34
Madhya Pradesh,Dhar,104,42
Madhya Pradesh,Dindori,247,10
Madhya Pradesh,Guna,485,5
Madhya Pradesh,Gwalior,451,52
Madhya Pradesh,Harda,18,2
Madhya Pradesh,Hoshangabad,70,5
Madhya Pradesh,Indore,189,30
Madhya Pradesh,Jabalpur,434,35
Madhya Pradesh,Jhabua,121,4
Madhya Pradesh,Katni,232,20
Madhya Pradesh,Khandwa,40,9
Madhya Pradesh,Khargone,181,19
Madhya Pradesh,Mandla,267,9
Madhya Pradesh,Mandsaur,62,29
Madhya Pradesh,Morena,327,35
Madhya Pradesh,Narsinghpur,236,15
Madhya Pradesh,Neemuch,34,43
Madhya Pradesh,Panna,159,13
Madhya Pradesh,Raisen,666,11
Madhya Pradesh,Rajgarh,691,16
Madhya Pradesh,Ratlam,35,28
Madhya Pradesh,Rewa,395,77
Madhya Pradesh,Sagar,282,36
Madhya Pradesh,Satna,171,23
Madhya Pradesh,Sehore,256,46
Madhya Pradesh,Seoni,102,7
Madhya Pradesh,Shahdol,111,50
Madhya Pradesh,Shajapur,190,22
Madhya Pradesh,Sheopur,139,3
Madhya Pradesh,Shivpuri,850,59
Madhya Pradesh,Sidhi,344,72
Madhya Pradesh,Singrauli,52,99
Madhya Pradesh,Tikamgarh,553,20
Madhya Pradesh,Ujjain,77,9
Madhya Pradesh,Umaria,45,8
Madhya Pradesh,Vidisha,430,11
Maharashtra,Ahmadnagar,2858,99
Maharashtra,Akola,995,19
Maharashtra,Amravati,281,86
Maharashtra,Aurangabad,1629,95
Maharashtra,Beed,3216,95
Maharashtra,Bhandara,171,33
Maharashtra,Buldhana,838,27
Maharashtra,Chandrapur,9,24
Maharashtra,Dhule,940,22
Maharashtra,Gadchiroli,17,23
Maharashtra,Gondiya,23,29
Maharashtra,Hingoli,1304,27
Maharashtra,Jalgaon,985,61
Maharashtra,Jalna,674,35
Maharashtra,Kolhapur,344,41
Maharashtra,Latur,1715,57
Maharashtra,Mumbai,1026,32
Maharashtra,Nagpur,96,74
Maharashtra,Nanded,4278,59
Maharashtra,Nandurbar,626,4
Maharashtra,Nashik,4033,101
Maharashtra,Osmanabad,524,14
Maharashtra,Palghar,295,21
Maharashtra,Parbhani,1796,44
Maharashtra,Pune,2205,139
Maharashtra,Raigarh,1440,15
Maharashtra,Ratnagiri,446,36
Maharashtra,Sangli,558,18
Maharashtra,Satara,932,38
Maharashtra,Sindhudurg,133,5
Maharashtra,Solapur,2087,121
Maharashtra,Thane,977,54
Maharashtra,Wardha,10,9
Maharashtra,Washim,949,52
Maharashtra,Yavatmal,1925,44
Manipur,Bishnupur,2,1
Manipur,Chandel,14,0
Manipur,Churachandpur,29,1
Manipur,Imphal East,6,0
Manipur,Imphal West,18,0
Manipur,Senapati,6,0
Manipur,Tamenglong,24,0
Manipur,Thoubal,117,0
Manipur,Ukhrul,3,0
Meghalaya,East Khasi Hills,26,0
Meghalaya,Ri Bhoi,7,0
Meghalaya,West Khasi Hills,228,0
Mizoram,Aizawl,18,1
Mizoram,Champhai,5,0
Mizoram,Kolasib,2,2
Mizoram,Lunglei,1,0
Mizoram,Mammit,1,0
Mizoram,Saiha,1,0
Mizoram,Serchhip,3,0
Nagaland,Dimapur,57,0
Nagaland,Kohima,16,0
Nagaland,Mokokchung,2,0
Nagaland,Mon,9,1
Nagaland,Peren,14,0
Nagaland,Phek,4,0
Nagaland,Tuensang,18,0
Nagaland,Wokha,25,0
Nagaland,Zunheboto,27,0
Odisha,Angul,3,5
Odisha,Balangir,1,61
Odisha,Baleswar,9,62
Odisha,Bargarh,0,1
Odisha,Bhadrak,8,112
Odisha,Boudh,1,1
Odisha,Cuttack,4,94
Odisha,Dhenkanal,7,37
Odisha,Gajapati,0,116
Odisha,Ganjam,11,99
Odisha,Jagatsinghapur,5,0
Odisha,Jajapur,7,103
Odisha,Jharsuguda,1,0
Odisha,Kalahandi,1,1
Odisha,Kendrapara,4,1
Odisha,Khorda,1,151
Odisha,Koraput,1,1
Odisha,Malkangiri,48,4
Odisha,Mayurbhanj,7,4
Odisha,Nabarangapur,2,195
Odisha,Nayagarh,1,0
Odisha,Nuapada,1,4
Odisha,Puri,3,1
Odisha,Sambalpur,2,4
Odisha,Sundergarh,4,307
Puducherry,Puducherry,0,1
Punjab,Amritsar,83,29
Punjab,Barnala,118,1
Punjab,Bathinda,78,17
Punjab,Faridkot,44,1
Punjab,Fatehgarh Sahib,116,0
Punjab,Fazilka,140,15
Punjab,Ferozepur,24,17
Punjab,Gurdaspur,185,4
Punjab,Hoshiarpur,248,6
Punjab,Jalandhar,151,11
Punjab,Kapurthala,60,9
Punjab,Ludhiana,724,16
Punjab,Mansa,304,3
Punjab,Moga,113,9
Punjab,Pathankot,58,2
Punjab,Patiala,438,6
Punjab,Rupnagar,62,0
Punjab,SAS Nagar (Mohali),131,6
Punjab,Sangrur,79,10
Punjab,Shaheed Bhagat Singh Nagar,43,0
Punjab,Sri Muktsar Sahib,144,5
Punjab,Tarn Taran,70,16
Rajasthan,Ajmer,365,42
Rajasthan,Alwar,664,80
Rajasthan,Banswara,826,14
Rajasthan,Baran,200,44
Rajasthan,Barmer,422,21
Rajasthan,Bharatpur,374,82
Rajasthan,Bhilwara,293,65
Rajasthan,Bikaner,337,23
Rajasthan,Bundi,218,6
Rajasthan,Chittorgarh,272,26
Rajasthan,Churu,415,26
Rajasthan,Dausa,158,33
Rajasthan,Dholpur,465,74
Rajasthan,Dungarpur,222,20
Rajasthan,Ganganagar,901,11
Rajasthan,Hanumangarh,304,19
Rajasthan,Jaipur,879,97
Rajasthan,Jaisalmer,328,79
Rajasthan,Jalor,152,56
Rajasthan,Jhalawar,109,60
Rajasthan,Jhunjhunun,380,43
Rajasthan,Jodhpur,760,27
Rajasthan,Karauli,250,29
Rajasthan,Kota,382,20
Rajasthan,Nagaur,771,33
Rajasthan,Pali,497,57
Rajasthan,Pratapgarh,132,9
Rajasthan,Rajsamand,53,4
Rajasthan,Sawai Madhopur,214,14
Rajasthan,Sikar,502,33
Rajasthan,Sirohi,176,7
Rajasthan,Tonk,368,32
Rajasthan,Udaipur,794,32
Tamil Nadu,Ariyalur,10,13
Tamil Nadu,Chennai,2,15
Tamil Nadu,Coimbatore,13,9
Tamil Nadu,Cuddalore,1,42
Tamil Nadu,Dharmapuri,1604,1
Tamil Nadu,Dindigul,10,1
Tamil Nadu,Erode,654,0
Tamil Nadu,Kancheepuram,8,38
Tamil Nadu,Kanniyakumari,8,16
Tamil Nadu,Karur,5,15
Tamil Nadu,Krishnagiri,52,6
Tamil Nadu,Madurai,1553,26
Tamil Nadu,Namakkal,8,6
Tamil Nadu,Perambalur,0,3
Tamil Nadu,Pudukkottai,3,6
Tamil Nadu,Ramanathapuram,3,109
Tamil Nadu,Salem,5,0
Tamil Nadu,Sivaganga,7,1
Tamil Nadu,Thanjavur,10,92
Tamil Nadu,The Nilgiris,0,1
Tamil Nadu,Theni,1,66
Tamil Nadu,Thiruvarur,0,8
Tamil Nadu,Thoothukkudi,6,14
Tamil Nadu,Tiruchirappalli,22,5
Tamil Nadu,Tirunelveli,334,44
Tamil Nadu,Tiruppur,5,28
Tamil Nadu,Tiruvallur,187,44
Tamil Nadu,Tiruvannamalai,12,40
Tamil Nadu,Vellore,6,9
Tamil Nadu,Virudhunagar,1,2
Telangana,Adilabad,34,2
Telangana,Hyderabad,150,20
Telangana,K.v. Rangareddy,151,13
Telangana,Karimnagar,64,4
Telangana,Khammam,57,0
Telangana,Mahabubnagar,222,1
Telangana,Medak,27,0
Telangana,Nalgonda,90,2
Telangana,Nizamabad,98,0
Telangana,Warangal,69,4
Tripura,Dhalai,44,0
Tripura,Gomati,28,0
Tripura,Khowai,233,0
Tripura,North Tripura,238,0
Tripura,Sepahijala,448,0
Tripura,South Tripura,123,0
Tripura,Unakoti,196,0
Tripura,West Tripura,227,0
Uttar Pradesh,Agra,32,38
Uttar Pradesh,Aligarh,92,195
Uttar Pradesh,Allahabad,151,67
Uttar Pradesh,Ambedkar Nagar,36,15
Uttar Pradesh,Amethi,27,19
Uttar Pradesh,Amroha,55,7
Uttar Pradesh,Auraiya,130,8
Uttar Pradesh,Azamgarh,94,65
Uttar Pradesh,Baghpat,8,27
Uttar Pradesh,Bahraich,30,33
Uttar Pradesh,Ballia,47,34
Uttar Pradesh,Balrampur,71,53
Uttar Pradesh,Banda,455,23
Uttar Pradesh,Bara Banki,61,30
Uttar Pradesh,Bareilly,21,29
Uttar Pradesh,Basti,67,32
Uttar Pradesh,Bijnor,69,62
Uttar Pradesh,Budaun,91,56
Uttar Pradesh,Bulandshahr,73,72
Uttar Pradesh,Chandauli,67,25
Uttar Pradesh,Chitrakoot,80,31
Uttar Pradesh,Deoria,186,77
Uttar Pradesh,Etah,47,13
Uttar Pradesh,Etawah,464,73
Uttar Pradesh,Faizabad,52,35
Uttar Pradesh,Farrukhabad,292,18
Uttar Pradesh,Fatehpur,472,41
Uttar Pradesh,Firozabad,31,76
Uttar Pradesh,Gautam Buddha Nagar,53,25
Uttar Pradesh,Ghaziabad,46,12
Uttar Pradesh,Ghazipur,119,16
Uttar Pradesh,Gonda,127,33
Uttar Pradesh,Gorakhpur,86,82
Uttar Pradesh,Hamirpur,316,105
Uttar Pradesh,Hapur,1,20
Uttar Pradesh,Hardoi,128,98
Uttar Pradesh,Hathras,13,17
Uttar Pradesh,Jalaun,256,172
Uttar Pradesh,Jaunpur,155,62
Uttar Pradesh,Jhansi,112,41
Uttar Pradesh,Kannauj,78,54
Uttar Pradesh,Kanpur Dehat,65,43
Uttar Pradesh,Kanpur Nagar,300,81
Uttar Pradesh,Kasganj,59,17
Uttar Pradesh,Kaushambi,11,7
Uttar Pradesh,Kheri,25,94
Uttar Pradesh,Kushinagar,247,87
Uttar Pradesh,Lalitpur,40,23
Uttar Pradesh,Lucknow,44,8
Uttar Pradesh,Maharajganj,462,32
Uttar Pradesh,Mahoba,259,24
Uttar Pradesh,Mainpuri,30,28
Uttar Pradesh,Mathura,38,51
Uttar Pradesh,Mau,91,37
Uttar Pradesh,Meerut,17,18
Uttar Pradesh,Mirzapur,43,22
Uttar Pradesh,Moradabad,117,23
Uttar Pradesh,Muzaffarnagar,219,37
Uttar Pradesh,Pilibhit,92,14
Uttar Pradesh,Pratapgarh,41,15
Uttar Pradesh,Rae Bareli,29,48
Uttar Pradesh,Rampur,104,52
Uttar Pradesh,Saharanpur,119,44
Uttar Pradesh,Sambhal,53,15
Uttar Pradesh,Sant Kabir Nagar,27,20
Uttar Pradesh,Sant Ravidas Nagar,9,13
Uttar Pradesh,Shahjahanpur,153,102
Uttar Pradesh,Shamli,64,18
Uttar Pradesh,Shrawasti,132,35
Uttar Pradesh,Siddharthnagar,19,24
Uttar Pradesh,Sitapur,19,48
Uttar Pradesh,Sonbhadra,69,121
Uttar Pradesh,Sultanpur,52,20
Uttar Pradesh,Unnao,166,28
Uttar Pradesh,Varanasi,30,43
Uttarakhand,Almora,78,10
Uttarakhand,Bageshwar,110,29
Uttarakhand,Chamoli,572,8
Uttarakhand,Champawat,207,50
Uttarakhand,Dehradun,294,5
Uttarakhand,Haridwar,24,16
Uttarakhand,Nainital,379,9
Uttarakhand,Pauri Garhwal,867,4
Uttarakhand,Pithoragarh,943,7
Uttarakhand,Rudraprayag,138,24
Uttarakhand,Tehri Garhwal,116,34
Uttarakhand,Udham Singh Nagar,205,14
Uttarakhand,Uttarkashi,301,3
West Bengal,Bankura,5,22
West Bengal,Barddhaman,15,192
West Bengal,Birbhum,4,13
West Bengal,Cooch Behar,7,8
West Bengal,Dakshin Dinajpur,20,16
West Bengal,Darjeeling,6,2
West Bengal,Hooghly,5,5
West Bengal,Howrah,1,0
West Bengal,Jalpaiguri,13,0
West Bengal,Kolkata,6,5
West Bengal,Malda,8,22
West Bengal,Murshidabad,14,23
West Bengal,Nadia,22,71
West Bengal,North 24 Parganas,19,78
West Bengal,Paschim Medinipur,11,12
West Bengal,Purba Medinipur,11,6
West Bengal,Puruliya,61,2
West Bengal,South 24 Parganas,11,9
West Bengal,Uttar Dinajpur,26,24
