State,District,Aadhaar generated,Enrolment Rejected
Andaman and Nicobar Islands,South Andaman,0,1
Andhra Pradesh,Ananthapur,2,1
Andhra Pradesh,Chittoor,29,7
Andhra Pradesh,Cuddapah,372,11
Andhra Pradesh,East Godavari,136,7
Andhra Pradesh,Guntur,871,26
Andhra Pradesh,Krishna,337,20
Andhra Pradesh,Kurnool,132,19
Andhra Pradesh,Nellore,1,19
Andhra Pradesh,Prakasam,10,3
Andhra Pradesh,Srikakulam,234,7
Andhra Pradesh,Visakhapatnam,0,5
Andhra Pradesh,Vizianagaram,51,3
Andhra Pradesh,West Godavari,4,5
Arunachal Pradesh,Changlang,3,0
Arunachal Pradesh,East Kameng,1,0
Arunachal Pradesh,East Siang,1,2
Arunachal Pradesh,Kurung Kumey,0,2
Arunachal Pradesh,Lower Dibang Valley,1,0
Arunachal Pradesh,Lower Subansiri,2,0
Arunachal Pradesh,Namsai,1,0
Arunachal Pradesh,Papum Pare,1,0
Arunachal Pradesh,Tawang,1,0
Arunachal Pradesh,Upper Subansiri,1,43
Arunachal Pradesh,West Kameng,1,0
Arunachal Pradesh,West Siang,1,0
Assam,Baksa,8,0
Assam,Barpeta,15,1
Assam,Bongaigaon,4,0
Assam,Cachar,5,2
Assam,Chirang,7,1
Assam,Darrang,3,0
Assam,Dhemaji,4,0
Assam,Dhubri,9,0
Assam,Dibrugarh,13,2
Assam,Golaghat,3,1
Assam,Hailakandi,1,0
Assam,Jorhat,18,1
Assam,Kamrup,22,3
Assam,Kamrup Metro,7,0
Assam,Karbi Anglong,10,0
Assam,Karimganj,4,0
Assam,Kokrajhar,10,0
Assam,Lakhimpur,5,0
Assam,Marigaon,10,0
Assam,Nagaon,10,1
Assam,Nalbari,11,0
Assam,Sibsagar,19,3
Assam,Sonitpur,17,1
Assam,Tinsukia,22,3
Assam,Udalguri,6,1
Bihar,Araria,10197,551
Bihar,Arwal,568,21
Bihar,Aurangabad,581,103
Bihar,Banka,229,11
Bihar,Begusarai,2100,231
Bihar,Bhagalpur,1135,63
Bihar,Bhojpur,3311,169
Bihar,Buxar,5318,69
Bihar,Darbhanga,6957,332
Bihar,East Champaran,3496,103
Bihar,Gaya,2063,385
Bihar,Gopalganj,2602,108
Bihar,Jamui,1890,92
Bihar,Jehanabad,669,29
Bihar,Kaimur (Bhabua),1940,47
Bihar,Katihar,2355,120
Bihar,Khagaria,2277,103
Bihar,Kishanganj,360,118
Bihar,Lakhisarai,1043,80
Bihar,Madhepura,2005,104
Bihar,Madhubani,3437,101
Bihar,Munger,749,42
Bihar,Muzaffarpur,2139,74
Bihar,Nalanda,1903,797
Bihar,Nawada,2868,176
Bihar,Patna,8190,312
Bihar,Purnia,2206,108
Bihar,Rohtas,3204,77
Bihar,Saharsa,887,71
Bihar,Samastipur,2426,52
Bihar,Saran,1835,63
Bihar,Sheikhpura,2075,98
Bihar,Sheohar,869,165
Bihar,Sitamarhi,2589,52
Bihar,Siwan,1081,78
Bihar,Supaul,983,50
Bihar,Vaishali,1498,93
Bihar,West Champaran,6332,172
Chandigarh,Chandigarh,64,9
Chhattisgarh,Balod,1191,55
Chhattisgarh,Baloda Bazar,9496,307
Chhattisgarh,Balrampur,618,14
Chhattisgarh,Bastar,3864,85
Chhattisgarh,Bemetara,1587,17
Chhattisgarh,Bijapur,352,2
Chhattisgarh,Bilaspur,2520,94
Chhattisgarh,Dakshin Bastar Dantewada,560,4
Chhattisgarh,Dantewada,286,2
Chhattisgarh,Dhamtari,1042,29
Chhattisgarh,Durg,585,20
Chhattisgarh,Gariyaband,155,4
Chhattisgarh,Janjgir-champa,2661,78
Chhattisgarh,Jashpur,102,28
Chhattisgarh,Kabeerdham,71,1
Chhattisgarh,Kanker,308,15
Chhattisgarh,Kawardha,524,6
Chhattisgarh,Kondagaon,485,5
Chhattisgarh,Korba,2419,110
Chhattisgarh,Koriya,270,20
Chhattisgarh,Mahasamund,852,94
Chhattisgarh,Mungeli,2258,34
Chhattisgarh,Narayanpur,367,25
Chhattisgarh,Raigarh,2392,160
Chhattisgarh,Raipur,483,42
Chhattisgarh,Rajnandgaon,891,51
Chhattisgarh,Sukma,68,9
Chhattisgarh,Surajpur,208,48
Chhattisgarh,Surguja,1086,42
Chhattisgarh,Uttar Bastar Kanker,51,7
Dadra and Nagar Haveli,Dadra and Nagar Haveli,2,4
Daman and Diu,Daman,62,1
Daman and Diu,Diu,5,0
Delhi,Central Delhi,359,7
Delhi,East Delhi,914,70
Delhi,New Delhi,20,1
Delhi,North Delhi,253,16
Delhi,North East Delhi,1503,114
Delhi,North West Delhi,1980,128
Delhi,South Delhi,1055,89
Delhi,South West Delhi,389,29
Delhi,West Delhi,821,64
Goa,North Goa,54,11
Goa,South Goa,15,7
Gujarat,Ahmedabad,2942,139
Gujarat,Amreli,429,12
Gujarat,Anand,5047,55
Gujarat,Arvalli,217,25
Gujarat,Banaskantha,1878,19
Gujarat,Bharuch,354,22
Gujarat,Bhavnagar,1857,56
Gujarat,Dahod,281,49
Gujarat,Devbhumi Dwarka,235,6
Gujarat,Gandhinagar,971,34
Gujarat,Gir Somnath,82,4
Gujarat,Jamnagar,300,2
Gujarat,Junagadh,902,36
Gujarat,Kachchh,436,5
Gujarat,Kheda,2682,11
Gujarat,Mahesana,1681,39
Gujarat,Narmada,352,12
Gujarat,Navsari,156,10
Gujarat,Panchmahals,1180,67
Gujarat,Patan,1186,38
Gujarat,Porbandar,96,1
Gujarat,Rajkot,1060,38
Gujarat,Sabarkantha,833,16
Gujarat,Surat,807,139
Gujarat,Surendra Nagar,100,34
Gujarat,Tapi,274,4
Gujarat,The Dangs,76,5
Gujarat,Vadodara,1419,85
Gujarat,Valsad,906,14
Haryana,Ambala,573,69
Haryana,Bhiwani,216,17
Haryana,Faridabad,786,68
Haryana,Fatehabad,875,24
Haryana,Gurgaon,457,48
Haryana,Hisar,650,78
Haryana,Jhajjar,464,49
Haryana,Jind,257,36
Haryana,Kaithal,883,45
Haryana,Karnal,1529,56
Haryana,Kurukshetra,528,10
Haryana,Mahendragarh,717,8
Haryana,Mewat,2050,95
Haryana,Palwal,369,66
Haryana,Panchkula,386,13
Haryana,Panipat,379,33
Haryana,Rewari,789,42
Haryana,Rohtak,957,86
Haryana,Sirsa,228,22
Haryana,Sonipat,834,67
Haryana,Yamuna Nagar,611,43
Himachal Pradesh,Bilaspur,33,2
Himachal Pradesh,Chamba,74,2
Himachal Pradesh,Hamirpur,137,0
Himachal Pradesh,Kangra,195,13
Himachal Pradesh,Kullu,4,1
Himachal Pradesh,Lahul and Spiti,1,0
Himachal Pradesh,Mandi,14,0
Himachal Pradesh,Shimla,328,11
Himachal Pradesh,Sirmaur,77,1
Himachal Pradesh,Solan,43,1
Himachal Pradesh,Una,8,2
Jammu and Kashmir,Anantnag,259,1
Jammu and Kashmir,Badgam,267,35
Jammu and Kashmir,Bandipore,107,15
Jammu and Kashmir,Baramula,1230,117
Jammu and Kashmir,Doda,8,0
Jammu and Kashmir,Ganderbal,1699,82
Jammu and Kashmir,Jammu,49,2
Jammu and Kashmir,Kargil,3,16
Jammu and Kashmir,Kathua,21,7
Jammu and Kashmir,Kishtwar,4,0
Jammu and Kashmir,Kulgam,466,0
Jammu and Kashmir,Kupwara,356,3
Jammu and Kashmir,Leh,0,5
Jammu and Kashmir,Pulwama,59,2
Jammu and Kashmir,Punch,12,0
Jammu and Kashmir,Rajouri,20,2
Jammu and Kashmir,Ramban,96,5
Jammu and Kashmir,Reasi,333,0
Jammu and Kashmir,Samba,9,1
Jammu and Kashmir,Shupiyan,131,0
Jammu and Kashmir,Srinagar,2273,257
Jammu and Kashmir,Udhampur,304,2
Jharkhand,Bokaro,688,18
Jharkhand,Chatra,524,8
Jharkhand,Deoghar,269,14
Jharkhand,Dhanbad,454,28
Jharkhand,Dumka,195,13
Jharkhand,East Singhbhum,348,39
Jharkhand,Garhwa,265,29
Jharkhand,Giridih,651,29
Jharkhand,Godda,536,21
Jharkhand,Gumla,133,4
Jharkhand,Hazaribagh,195,8
Jharkhand,Jamtara,34,0
Jharkhand,Khunti,145,2
Jharkhand,Koderma,214,6
Jharkhand,Latehar,11,10
Jharkhand,Lohardaga,94,5
Jharkhand,Pakur,200,5
Jharkhand,Palamu,171,74
Jharkhand,Ramgarh,277,7
Jharkhand,Ranchi,502,33
Jharkhand,Sahebganj,277,11
Jharkhand,Seraikela-Kharsawan,247,4
Jharkhand,Simdega,50,4
Jharkhand,West Singhbhum,341,6
Karnataka,Bagalkot,294,20
Karnataka,Ballari,1362,32
Karnataka,Bangalore Rural,257,13
Karnataka,Belagavi,1072,62
Karnataka,Bengaluru,1369,56
Karnataka,Bidar,493,34
Karnataka,Chamrajanagar,51,29
Karnataka,Chikkaballapur,215,19
Karnataka,Chikkamagaluru,749,2
Karnataka,Chitradurga,420,22
Karnataka,Dakshina Kannada,41,9
Karnataka,Davangere,75,17
Karnataka,Dharwad,959,19
Karnataka,Gadag,101,9
Karnataka,Hassan,749,44
Karnataka,Haveri,453,24
Karnataka,Kalaburagi,595,44
Karnataka,Kodagu,31,6
Karnataka,Kolar,421,109
Karnataka,Koppal,136,17
Karnataka,Mandya,285,43
Karnataka,Mysuru,87,38
Karnataka,Raichur,1556,110
Karnataka,Ramanagar,270,9
Karnataka,Shivamogga,438,7
Karnataka,Tumakuru,92,30
Karnataka,Udupi,29,5
Karnataka,Uttara Kannada,32,5
Karnataka,Vijayapura,89,13
Karnataka,Yadgir,425,106
Kerala,Alappuzha,25,10
Kerala,Ernakulam,490,26
Kerala,Idukki,14,9
Kerala,Kannur,1298,12
Kerala,Kasaragod,3,29
Kerala,Kollam,22,20
Kerala,Kottayam,19,9
Kerala,Kozhikode,4003,41
Kerala,Malappuram,723,23
Kerala,Palakkad,644,19
Kerala,Pathanamthitta,11,8
Kerala,Thiruvananthapuram,16,15
Kerala,Thrissur,821,12
Kerala,Wayanad,116,9
Madhya Pradesh,Alirajpur,1187,9
Madhya Pradesh,Anuppur,377,22
Madhya Pradesh,Ashok Nagar,4644,88
Madhya Pradesh,Balaghat,1292,135
Madhya Pradesh,Barwani,1019,155
Madhya Pradesh,Betul,1069,73
Madhya Pradesh,Bhind,2351,58
Madhya Pradesh,Bhopal,1775,147
Madhya Pradesh,Burhanpur,210,54
Madhya Pradesh,Chhatarpur,4661,89
Madhya Pradesh,Chhindwara,1701,106
Madhya Pradesh,Damoh,990,40
Madhya Pradesh,Datia,861,17
Madhya Pradesh,Dewas,1076,62
Madhya Pradesh,Dhar,1381,32
Madhya Pradesh,Dindori,1144,84
Madhya Pradesh,Guna,3170,56
Madhya Pradesh,Gwalior,1973,77
Madhya Pradesh,Harda,235,13
Madhya Pradesh,Hoshangabad,362,21
Madhya Pradesh,Indore,692,44
Madhya Pradesh,Jabalpur,1447,286
Madhya Pradesh,Jhabua,1100,10
Madhya Pradesh,Katni,1242,80
Madhya Pradesh,Khandwa,211,23
Madhya Pradesh,Khargone,1117,16
Madhya Pradesh,Mandla,1028,35
Madhya Pradesh,Mandsaur,332,20
Madhya Pradesh,Morena,3239,83
Madhya Pradesh,Narsinghpur,912,56
Madhya Pradesh,Neemuch,1172,70
Madhya Pradesh,Panna,1594,42
Madhya Pradesh,Raisen,1297,36
Madhya Pradesh,Rajgarh,3899,202
Madhya Pradesh,Ratlam,216,24
Madhya Pradesh,Rewa,2082,127
Madhya Pradesh,Sagar,1998,104
Madhya Pradesh,Satna,1981,78
Madhya Pradesh,Sehore,928,47
Madhya Pradesh,Seoni,772,35
Madhya Pradesh,Shahdol,731,56
Madhya Pradesh,Shajapur,719,21
Madhya Pradesh,Sheopur,1825,44
Madhya Pradesh,Shivpuri,3808,131
Madhya Pradesh,Sidhi,2181,49
Madhya Pradesh,Singrauli,675,82
Madhya Pradesh,Tikamgarh,1798,50
Madhya Pradesh,Ujjain,831,23
Madhya Pradesh,Umaria,678,19
Madhya Pradesh,Vidisha,1598,71
Maharashtra,Ahmadnagar,2857,292
Maharashtra,Akola,976,14
Maharashtra,Amravati,2004,39
Maharashtra,Aurangabad,4748,279
Maharashtra,Beed,3913,131
Maharashtra,Bhandara,214,94
Maharashtra,Buldhana,645,17
Maharashtra,Chandrapur,1628,76
Maharashtra,Dhule,1345,31
Maharashtra,Gadchiroli,1374,52
Maharashtra,Gondiya,884,92
Maharashtra,Hingoli,750,24
Maharashtra,Jalgaon,4540,142
Maharashtra,Jalna,2991,156
Maharashtra,Kolhapur,473,122
Maharashtra,Latur,5206,110
Maharashtra,Mumbai,4128,124
Maharashtra,Nagpur,2256,167
Maharashtra,Nanded,2818,100
Maharashtra,Nandurbar,1487,25
Maharashtra,Nashik,2964,166
Maharashtra,Osmanabad,690,37
Maharashtra,Palghar,335,87
Maharashtra,Parbhani,786,97
Maharashtra,Pune,11549,424
Maharashtra,Raigarh,471,70
Maharashtra,Ratnagiri,4009,97
Maharashtra,Sangli,1284,57
Maharashtra,Satara,1009,118
Maharashtra,Sindhudurg,97,14
Maharashtra,Solapur,3675,343
Maharashtra,Thane,1903,126
Maharashtra,Wardha,1217,61
Maharashtra,Washim,258,26
Maharashtra,Yavatmal,1180,50
Manipur,Bishnupur,3,3
Manipur,Chandel,0,7
Manipur,Churachandpur,3,2
Manipur,Imphal East,1,1
Manipur,Imphal West,5,0
Manipur,Senapati,5,13
Manipur,Tamenglong,1,12
Manipur,Thoubal,3,17
Manipur,Ukhrul,2,1
Meghalaya,East Khasi Hills,3,0
Meghalaya,Ri Bhoi,1,0
Meghalaya,West Garo Hills,3,0
Mizoram,Aizawl,2,56
Mizoram,Champhai,15,0
Mizoram,Kolasib,2,0
Mizoram,Lunglei,0,16
Mizoram,Mammit,0,1
Mizoram,Serchhip,1,0
Nagaland,Dimapur,2,0
Nagaland,Mokokchung,1,0
Nagaland,Zunheboto,2,1
Odisha,Angul,285,8
Odisha,Balangir,4,4
Odisha,Baleswar,49,112
Odisha,Bargarh,45,53
Odisha,Bhadrak,7,1
Odisha,Boudh,3,0
Odisha,Cuttack,18,133
Odisha,Debagarh,1,0
Odisha,Dhenkanal,1,0
Odisha,Gajapati,184,13
Odisha,Ganjam,224,110
Odisha,Jagatsinghapur,272,10
Odisha,Jajapur,11,2
Odisha,Jharsuguda,20,1
Odisha,Kalahandi,268,94
Odisha,Kandhamal,18,53
Odisha,Kendrapara,2679,35
Odisha,Kendujhar,18,6
Odisha,Khorda,88,7
Odisha,Koraput,333,67
Odisha,Malkangiri,1303,3
Odisha,Mayurbhanj,354,21
Odisha,Nabarangapur,1779,186
Odisha,Nayagarh,20,1
Odisha,Nuapada,2522,33
Odisha,Puri,3,1
Odisha,Rayagada,79,48
Odisha,Sambalpur,5690,125
Odisha,Sonapur,52,12
Odisha,Sundergarh,1598,92
Puducherry,Karaikal,16,0
Puducherry,Puducherry,32,13
Punjab,Amritsar,2276,80
Punjab,Barnala,59,17
Punjab,Bathinda,189,37
Punjab,Faridkot,47,2
Punjab,Fatehgarh Sahib,71,7
Punjab,Fazilka,200,33
Punjab,Ferozepur,347,46
Punjab,Gurdaspur,1243,66
Punjab,Hoshiarpur,902,25
Punjab,Jalandhar,1171,50
Punjab,Kapurthala,375,15
Punjab,Ludhiana,972,71
Punjab,Mansa,140,36
Punjab,Moga,243,18
Punjab,Pathankot,268,18
Punjab,Patiala,911,41
Punjab,Rupnagar,117,10
Punjab,SAS Nagar (Mohali),285,18
Punjab,Sangrur,568,50
Punjab,Shaheed Bhagat Singh Nagar,169,8
Punjab,Sri Muktsar Sahib,458,26
Punjab,Tarn Taran,818,48
Rajasthan,Ajmer,1837,63
Rajasthan,Alwar,3220,148
Rajasthan,Banswara,2185,89
Rajasthan,Baran,916,70
Rajasthan,Barmer,966,108
Rajasthan,Bharatpur,2971,228
Rajasthan,Bhilwara,2563,98
Rajasthan,Bikaner,909,62
Rajasthan,Bundi,1115,40
Rajasthan,Chittorgarh,1147,48
Rajasthan,Churu,1051,34
Rajasthan,Dausa,1245,54
Rajasthan,Dholpur,2431,116
Rajasthan,Dungarpur,2147,64
Rajasthan,Ganganagar,918,56
Rajasthan,Hanumangarh,1527,84
Rajasthan,Jaipur,2550,128
Rajasthan,Jaisalmer,759,78
Rajasthan,Jalor,531,56
Rajasthan,Jhalawar,2674,708
Rajasthan,Jhunjhunun,1058,68
Rajasthan,Jodhpur,1815,108
Rajasthan,Karauli,2067,40
Rajasthan,Kota,1212,64
Rajasthan,Nagaur,2214,94
Rajasthan,Pali,1881,81
Rajasthan,Pratapgarh,798,27
Rajasthan,Rajsamand,426,64
Rajasthan,Sawai Madhopur,2370,34
Rajasthan,Sikar,1395,60
Rajasthan,Sirohi,816,28
Rajasthan,Tonk,1731,65
Rajasthan,Udaipur,1733,115
Sikkim,East Sikkim,1,0
Sikkim,South Sikkim,0,1
Tamil Nadu,Ariyalur,2317,13
Tamil Nadu,Chennai,5151,55
Tamil Nadu,Coimbatore,4,9
Tamil Nadu,Cuddalore,16,28
Tamil Nadu,Dharmapuri,4,2
Tamil Nadu,Dindigul,3,2
Tamil Nadu,Erode,1,10
Tamil Nadu,Kancheepuram,140,23
Tamil Nadu,Kanniyakumari,6,43
Tamil Nadu,Karur,0,7
Tamil Nadu,Krishnagiri,14,11
Tamil Nadu,Madurai,441,4
Tamil Nadu,Nagapattinam,16,0
Tamil Nadu,Namakkal,44,134
Tamil Nadu,Perambalur,3,88
Tamil Nadu,Pudukkottai,9,46
Tamil Nadu,Ramanathapuram,2,5
Tamil Nadu,Salem,12,0
Tamil Nadu,Sivaganga,3,0
Tamil Nadu,Thanjavur,13,2
Tamil Nadu,The Nilgiris,1,2
Tamil Nadu,Theni,1,6
Tamil Nadu,Thiruvarur,2221,1
Tamil Nadu,Thoothukkudi,10,64
Tamil Nadu,Tiruchirappalli,2342,25
Tamil Nadu,Tirunelveli,8,58
Tamil Nadu,Tiruppur,2,29
Tamil Nadu,Tiruvallur,2724,86
Tamil Nadu,Tiruvannamalai,2465,82
Tamil Nadu,Vellore,13,13
Tamil Nadu,Villupuram,49,31
Tamil Nadu,Virudhunagar,3,1
Telangana,Adilabad,0,2
Telangana,Hyderabad,20,54
Telangana,K.v. Rangareddy,6,20
Telangana,Karimnagar,0,3
Telangana,Khammam,2,3
Telangana,Mahabubnagar,0,19
Telangana,Medak,0,12
Telangana,Nalgonda,15,6
Telangana,Nizamabad,0,6
Telangana,Warangal,0,2
Tripura,Dhalai,74,12
Tripura,Gomati,151,5
Tripura,Khowai,1,0
Tripura,North Tripura,3,2
Tripura,Sepahijala,2,1
Tripura,South Tripura,154,4
Tripura,Unakoti,4,0
Tripura,West Tripura,3,21
Uttar Pradesh,Agra,2215,143
Uttar Pradesh,Aligarh,1567,173
Uttar Pradesh,Allahabad,1985,79
Uttar Pradesh,Ambedkar Nagar,1028,34
Uttar Pradesh,Amethi,1364,85
Uttar Pradesh,Amroha,1047,44
Uttar Pradesh,Auraiya,479,13
Uttar Pradesh,Azamgarh,3046,249
Uttar Pradesh,Baghpat,357,42
Uttar Pradesh,Bahraich,2798,75
Uttar Pradesh,Ballia,2369,79
Uttar Pradesh,Balrampur,3655,303
Uttar Pradesh,Banda,3531,71
Uttar Pradesh,Bara Banki,1568,122
Uttar Pradesh,Bareilly,961,79
Uttar Pradesh,Basti,1946,49
Uttar Pradesh,Bijnor,760,85
Uttar Pradesh,Budaun,1439,198
Uttar Pradesh,Bulandshahr,1684,154
Uttar Pradesh,Chandauli,816,36
Uttar Pradesh,Chitrakoot,545,119
Uttar Pradesh,Deoria,1418,124
Uttar Pradesh,Etah,644,49
Uttar Pradesh,Etawah,465,48
Uttar Pradesh,Faizabad,2232,93
Uttar Pradesh,Farrukhabad,1349,74
Uttar Pradesh,Fatehpur,3329,157
Uttar Pradesh,Firozabad,1255,95
Uttar Pradesh,Gautam Buddha Nagar,552,41
Uttar Pradesh,Ghaziabad,1646,69
Uttar Pradesh,Ghazipur,2212,66
Uttar Pradesh,Gonda,1665,56
Uttar Pradesh,Gorakhpur,3164,166
Uttar Pradesh,Hamirpur,2605,63
Uttar Pradesh,Hapur,676,19
Uttar Pradesh,Hardoi,4623,286
Uttar Pradesh,Hathras,355,34
Uttar Pradesh,Jalaun,1529,172
Uttar Pradesh,Jaunpur,3265,84
Uttar Pradesh,Jhansi,1460,112
Uttar Pradesh,Kannauj,2413,44
Uttar Pradesh,Kanpur Dehat,430,31
Uttar Pradesh,Kanpur Nagar,1520,100
Uttar Pradesh,Kasganj,606,32
Uttar Pradesh,Kaushambi,1571,20
Uttar Pradesh,Kheri,3796,324
Uttar Pradesh,Kushinagar,5126,145
Uttar Pradesh,Lalitpur,3345,89
Uttar Pradesh,Lucknow,1699,44
Uttar Pradesh,Maharajganj,2350,86
Uttar Pradesh,Mahoba,1925,52
Uttar Pradesh,Mainpuri,803,155
Uttar Pradesh,Mathura,1096,134
Uttar Pradesh,Mau,1342,77
Uttar Pradesh,Meerut,894,89
Uttar Pradesh,Mirzapur,1949,79
Uttar Pradesh,Moradabad,2417,251
Uttar Pradesh,Muzaffarnagar,1872,104
Uttar Pradesh,Pilibhit,397,41
Uttar Pradesh,Pratapgarh,1642,130
Uttar Pradesh,Rae Bareli,1526,67
Uttar Pradesh,Rampur,872,48
Uttar Pradesh,Saharanpur,989,76
Uttar Pradesh,Sambhal,2207,41
Uttar Pradesh,Sant Kabir Nagar,2418,55
Uttar Pradesh,Sant Ravidas Nagar,794,22
Uttar Pradesh,Shahjahanpur,2746,146
Uttar Pradesh,Shamli,504,27
Uttar Pradesh,Shrawasti,2380,104
Uttar Pradesh,Siddharthnagar,3546,129
Uttar Pradesh,Sitapur,2965,173
Uttar Pradesh,Sonbhadra,1872,280
Uttar Pradesh,Sultanpur,1025,59
Uttar Pradesh,Unnao,1235,70
Uttar Pradesh,Varanasi,2000,51
Uttarakhand,Almora,1077,10
Uttarakhand,Bageshwar,510,48
Uttarakhand,Chamoli,2108,9
Uttarakhand,Champawat,705,16
Uttarakhand,Dehradun,1259,3
Uttarakhand,Haridwar,378,30
Uttarakhand,Nainital,849,5
Uttarakhand,Pauri Garhwal,916,11
Uttarakhand,Pithoragarh,1111,12
Uttarakhand,Rudraprayag,2806,51
Uttarakhand,Tehri Garhwal,2612,71
Uttarakhand,Udham Singh Nagar,1122,37
Uttarakhand,Uttarkashi,628,1
West Bengal,Bankura,360,59
West Bengal,Barddhaman,2086,81
West Bengal,Birbhum,1453,14
West Bengal,Cooch Behar,1721,113
West Bengal,Dakshin Dinajpur,258,26
West Bengal,Darjeeling,595,6
West Bengal,Hooghly,242,18
West Bengal,Howrah,1830,260
West Bengal,Jalpaiguri,1246,41
West Bengal,Kolkata,35,3
West Bengal,Malda,158,12
West Bengal,Murshidabad,6494,54
West Bengal,Nadia,130,31
West Bengal,North 24 Parganas,605,31
West Bengal,Paschim Medinipur,1380,20
West Bengal,Purba Medinipur,3801,38
West Bengal,Puruliya,369,12
West Bengal,South 24 Parganas,1261,98
West Bengal,Uttar Dinajpur,2317,30
