State,District,Aadhaar generated,Enrolment Rejected
Andaman and Nicobar Islands,Nicobar,865,5
Andaman and Nicobar Islands,North And Middle Andaman,234,7
Andaman and Nicobar Islands,South Andaman,347,2
Andhra Pradesh,Ananthapur,4,43
Andhra Pradesh,Chittoor,16,33
Andhra Pradesh,Cuddapah,3,30
Andhra Pradesh,East Godavari,23,48
Andhra Pradesh,Guntur,4,57
Andhra Pradesh,Krishna,0,43
Andhra Pradesh,Kurnool,6,95
Andhra Pradesh,Nellore,0,64
Andhra Pradesh,Prakasam,1,41
Andhra Pradesh,Srikakulam,5,18
Andhra Pradesh,Visakhapatnam,2,54
Andhra Pradesh,Vizianagaram,5,30
Andhra Pradesh,West Godavari,0,27
Arunachal Pradesh,Changlang,2,0
Arunachal Pradesh,East Siang,37,0
Arunachal Pradesh,Lohit,0,2
Arunachal Pradesh,Longding,12,0
Arunachal Pradesh,Papum Pare,177,2
Arunachal Pradesh,Tawang,0,3
Arunachal Pradesh,Upper Siang,62,4
Arunachal Pradesh,West Kameng,504,1
Arunachal Pradesh,West Siang,0,5
Assam,Baksa,9,0
Assam,Barpeta,15,2
Assam,Bongaigaon,3,0
Assam,Cachar,29,0
Assam,Chirang,3,0
Assam,Darrang,4,0
Assam,Dhemaji,4,0
Assam,Dhubri,7,0
Assam,Dibrugarh,47,0
Assam,Goalpara,4,0
Assam,Golaghat,5,0
Assam,Hailakandi,5,0
Assam,Jorhat,6,0
Assam,Kamrup,31,2
Assam,Kamrup Metro,7,0
Assam,Karbi Anglong,6,1
Assam,Karimganj,12,0
Assam,Kokrajhar,5,0
Assam,Lakhimpur,6,0
Assam,Marigaon,13,0
Assam,Nagaon,169,1
Assam,Nalbari,4,1
Assam,North Cachar Hills,3,0
Assam,Sibsagar,21,0
Assam,Sonitpur,14,3
Assam,Tinsukia,60,0
Assam,Udalguri,12,0
Bihar,Araria,8121,358
Bihar,Arwal,169,64
Bihar,Aurangabad,924,127
Bihar,Banka,322,84
Bihar,Begusarai,821,168
Bihar,Bhagalpur,607,174
Bihar,Bhojpur,1985,189
Bihar,Buxar,774,115
Bihar,Darbhanga,4567,420
Bihar,East Champaran,1357,112
Bihar,Gaya,2107,111
Bihar,Gopalganj,1053,76
Bihar,Jamui,1087,121
Bihar,Jehanabad,336,44
Bihar,Kaimur (Bhabua),338,113
Bihar,Katihar,3072,230
Bihar,Khagaria,1308,83
Bihar,Kishanganj,1208,118
Bihar,Lakhisarai,232,53
Bihar,Madhepura,2609,181
Bihar,Madhubani,2040,130
Bihar,Munger,264,58
Bihar,Muzaffarpur,1700,156
Bihar,Nalanda,2684,260
Bihar,Nawada,1156,92
Bihar,Patna,1610,294
Bihar,Purnia,1443,199
Bihar,Rohtas,3290,101
Bihar,Saharsa,623,99
Bihar,Samastipur,2755,195
Bihar,Saran,1093,68
Bihar,Sheikhpura,108,65
Bihar,Sheohar,32,53
Bihar,Sitamarhi,1407,74
Bihar,Siwan,830,181
Bihar,Supaul,720,82
Bihar,Vaishali,1041,85
Bihar,West Champaran,3964,250
Chandigarh,Chandigarh,11,12
Chhattisgarh,Balod,526,61
Chhattisgarh,Baloda Bazar,3864,156
Chhattisgarh,Balrampur,80,25
Chhattisgarh,Bastar,270,324
Chhattisgarh,Bemetara,408,39
Chhattisgarh,Bijapur,56,36
Chhattisgarh,Bilaspur,1115,181
Chhattisgarh,Dakshin Bastar Dantewada,12,3
Chhattisgarh,Dantewada,46,12
Chhattisgarh,Dhamtari,357,41
Chhattisgarh,Durg,286,53
Chhattisgarh,Gariyaband,84,11
Chhattisgarh,Janjgir-champa,469,81
Chhattisgarh,Jashpur,83,19
Chhattisgarh,Kabeerdham,186,12
Chhattisgarh,Kanker,755,24
Chhattisgarh,Kawardha,109,26
Chhattisgarh,Kondagaon,557,40
Chhattisgarh,Korba,312,44
Chhattisgarh,Koriya,168,34
Chhattisgarh,Mahasamund,1454,64
Chhattisgarh,Mungeli,178,92
Chhattisgarh,Narayanpur,0,6
Chhattisgarh,Raigarh,359,51
Chhattisgarh,Raipur,356,65
Chhattisgarh,Rajnandgaon,2764,66
Chhattisgarh,Sukma,8,18
Chhattisgarh,Surajpur,702,40
Chhattisgarh,Surguja,463,40
Chhattisgarh,Uttar Bastar Kanker,925,46
Dadra and Nagar Haveli,Dadra and Nagar Haveli,9,25
Daman and Diu,Daman,21,1
Daman and Diu,Diu,1,0
Delhi,Central Delhi,91,28
Delhi,East Delhi,665,78
Delhi,New Delhi,12,2
Delhi,North Delhi,147,36
Delhi,North East Delhi,638,134
Delhi,North West Delhi,1352,176
Delhi,South Delhi,579,123
Delhi,South West Delhi,340,90
Delhi,West Delhi,365,87
Goa,North Goa,110,17
Goa,South Goa,133,11
Gujarat,Ahmedabad,1612,272
Gujarat,Amreli,417,99
Gujarat,Anand,809,158
Gujarat,Arvalli,38,21
Gujarat,Banaskantha,241,73
Gujarat,Bharuch,283,89
Gujarat,Bhavnagar,1166,194
Gujarat,Dahod,717,113
Gujarat,Devbhumi Dwarka,102,13
Gujarat,Gandhinagar,217,39
Gujarat,Gir Somnath,6,1
Gujarat,Jamnagar,26,8
Gujarat,Junagadh,90,16
Gujarat,Kachchh,573,39
Gujarat,Kheda,49,50
Gujarat,Mahesana,321,69
Gujarat,Narmada,11,33
Gujarat,Navsari,317,19
Gujarat,Panchmahals,471,58
Gujarat,Patan,294,85
Gujarat,Porbandar,524,27
Gujarat,Rajkot,769,133
Gujarat,Sabarkantha,358,59
Gujarat,Surat,401,109
Gujarat,Surendra Nagar,862,60
Gujarat,Tapi,94,24
Gujarat,The Dangs,0,6
Gujarat,Vadodara,372,127
Gujarat,Valsad,333,33
Haryana,Ambala,290,49
Haryana,Bhiwani,463,42
Haryana,Faridabad,932,148
Haryana,Fatehabad,580,31
Haryana,Gurgaon,440,66
Haryana,Hisar,809,80
Haryana,Jhajjar,322,54
Haryana,Jind,351,48
Haryana,Kaithal,351,48
Haryana,Karnal,749,62
Haryana,Kurukshetra,140,37
Haryana,Mahendragarh,558,33
Haryana,Mewat,960,66
Haryana,Palwal,43,180
Haryana,Panchkula,24,31
Haryana,Panipat,621,100
Haryana,Rewari,455,43
Haryana,Rohtak,544,71
Haryana,Sirsa,620,101
Haryana,Sonipat,574,87
Haryana,Yamuna Nagar,536,30
Himachal Pradesh,Bilaspur,8,1
Himachal Pradesh,Chamba,5,5
Himachal Pradesh,Hamirpur,8,3
Himachal Pradesh,Kangra,101,15
Himachal Pradesh,Kinnaur,1,4
Himachal Pradesh,Kullu,66,7
Himachal Pradesh,Lahul and Spiti,1,0
Himachal Pradesh,Mandi,27,5
Himachal Pradesh,Shimla,14,5
Himachal Pradesh,Sirmaur,36,6
Himachal Pradesh,Solan,45,6
Himachal Pradesh,Una,14,3
Jammu and Kashmir,Anantnag,6,13
Jammu and Kashmir,Badgam,10,18
Jammu and Kashmir,Bandipore,24,15
Jammu and Kashmir,Baramula,4,2
Jammu and Kashmir,Doda,14,7
Jammu and Kashmir,Ganderbal,2,1
Jammu and Kashmir,Jammu,143,9
Jammu and Kashmir,Kathua,45,4
Jammu and Kashmir,Kishtwar,3,1
Jammu and Kashmir,Kulgam,3,2
Jammu and Kashmir,Kupwara,113,2
Jammu and Kashmir,Leh,3,2
Jammu and Kashmir,Pulwama,13,3
Jammu and Kashmir,Punch,26,2
Jammu and Kashmir,Rajouri,69,5
Jammu and Kashmir,Ramban,2,15
Jammu and Kashmir,Reasi,7,4
Jammu and Kashmir,Samba,41,6
Jammu and Kashmir,Shupiyan,1,4
Jammu and Kashmir,Srinagar,469,20
Jammu and Kashmir,Udhampur,87,1
Jharkhand,Bokaro,649,34
Jharkhand,Chatra,232,52
Jharkhand,Deoghar,306,51
Jharkhand,Dhanbad,1133,66
Jharkhand,Dumka,223,57
Jharkhand,East Singhbhum,75,87
Jharkhand,Garhwa,163,37
Jharkhand,Giridih,1614,154
Jharkhand,Godda,203,48
Jharkhand,Gumla,141,25
Jharkhand,Hazaribagh,223,48
Jharkhand,Jamtara,81,20
Jharkhand,Khunti,122,10
Jharkhand,Koderma,114,12
Jharkhand,Latehar,160,18
Jharkhand,Lohardaga,52,13
Jharkhand,Pakur,32,14
Jharkhand,Palamu,228,75
Jharkhand,Ramgarh,198,27
Jharkhand,Ranchi,338,80
Jharkhand,Sahebganj,76,35
Jharkhand,Seraikela-Kharsawan,105,32
Jharkhand,Simdega,135,21
Jharkhand,West Singhbhum,519,47
Karnataka,Bagalkot,684,152
Karnataka,Ballari,181,88
Karnataka,Bangalore Rural,268,111
Karnataka,Belagavi,1205,238
Karnataka,Bengaluru,1073,197
Karnataka,Bidar,1290,148
Karnataka,Chamrajanagar,242,51
Karnataka,Chikkaballapur,166,184
Karnataka,Chikkamagaluru,110,24
Karnataka,Chitradurga,736,83
Karnataka,Dakshina Kannada,508,31
Karnataka,Davangere,412,85
Karnataka,Dharwad,881,91
Karnataka,Gadag,124,35
Karnataka,Hassan,765,65
Karnataka,Haveri,1304,157
Karnataka,Kalaburagi,1009,175
Karnataka,Kodagu,70,14
Karnataka,Kolar,267,217
Karnataka,Koppal,306,67
Karnataka,Mandya,1098,157
Karnataka,Mysuru,151,80
Karnataka,Raichur,1228,198
Karnataka,Ramanagar,1137,46
Karnataka,Shivamogga,186,28
Karnataka,Tumakuru,325,122
Karnataka,Udupi,275,24
Karnataka,Uttara Kannada,294,45
Karnataka,Vijayapura,236,68
Karnataka,Yadgir,497,64
Kerala,Alappuzha,302,9
Kerala,Ernakulam,311,11
Kerala,Idukki,298,9
Kerala,Kannur,400,11
Kerala,Kasaragod,167,15
Kerala,Kollam,566,23
Kerala,Kottayam,297,6
Kerala,Kozhikode,489,13
Kerala,Malappuram,353,27
Kerala,Palakkad,481,19
Kerala,Pathanamthitta,386,8
Kerala,Thiruvananthapuram,291,20
Kerala,Thrissur,201,7
Kerala,Wayanad,54,11
Madhya Pradesh,Alirajpur,197,23
Madhya Pradesh,Anuppur,105,44
Madhya Pradesh,Ashok Nagar,1331,141
Madhya Pradesh,Balaghat,352,87
Madhya Pradesh,Barwani,264,112
Madhya Pradesh,Betul,701,40
Madhya Pradesh,Bhind,1112,68
Madhya Pradesh,Bhopal,377,156
Madhya Pradesh,Burhanpur,131,96
Madhya Pradesh,Chhatarpur,2387,149
Madhya Pradesh,Chhindwara,476,76
Madhya Pradesh,Damoh,420,86
Madhya Pradesh,Datia,696,122
Madhya Pradesh,Dewas,695,181
Madhya Pradesh,Dhar,528,116
Madhya Pradesh,Dindori,504,71
Madhya Pradesh,Guna,214,85
Madhya Pradesh,Gwalior,780,149
Madhya Pradesh,Harda,133,20
Madhya Pradesh,Hoshangabad,42,70
Madhya Pradesh,Indore,1695,185
Madhya Pradesh,Jabalpur,1112,210
Madhya Pradesh,Jhabua,659,40
Madhya Pradesh,Katni,694,92
Madhya Pradesh,Khandwa,96,111
Madhya Pradesh,Khargone,1882,108
Madhya Pradesh,Mandla,316,78
Madhya Pradesh,Mandsaur,1195,113
Madhya Pradesh,Morena,1156,101
Madhya Pradesh,Narsinghpur,185,94
Madhya Pradesh,Neemuch,181,88
Madhya Pradesh,Panna,439,54
Madhya Pradesh,Raisen,227,60
Madhya Pradesh,Rajgarh,1323,141
Madhya Pradesh,Ratlam,744,58
Madhya Pradesh,Rewa,1121,205
Madhya Pradesh,Sagar,990,185
Madhya Pradesh,Satna,1104,173
Madhya Pradesh,Sehore,202,57
Madhya Pradesh,Seoni,548,47
Madhya Pradesh,Shahdol,971,40
Madhya Pradesh,Shajapur,331,136
Madhya Pradesh,Sheopur,787,47
Madhya Pradesh,Shivpuri,1085,112
Madhya Pradesh,Sidhi,1720,100
Madhya Pradesh,Singrauli,734,92
Madhya Pradesh,Tikamgarh,885,98
Madhya Pradesh,Ujjain,734,111
Madhya Pradesh,Umaria,249,28
Madhya Pradesh,Vidisha,496,488
Maharashtra,Ahmadnagar,3125,655
Maharashtra,Akola,1280,100
Maharashtra,Amravati,534,84
Maharashtra,Aurangabad,1587,239
Maharashtra,Beed,2806,337
Maharashtra,Bhandara,263,38
Maharashtra,Buldhana,1043,95
Maharashtra,Chandrapur,945,95
Maharashtra,Dhule,324,81
Maharashtra,Gadchiroli,380,45
Maharashtra,Gondiya,352,49
Maharashtra,Hingoli,763,73
Maharashtra,Jalgaon,2251,147
Maharashtra,Jalna,947,252
Maharashtra,Kolhapur,2200,160
Maharashtra,Latur,1209,157
Maharashtra,Mumbai,2727,207
Maharashtra,Nagpur,774,165
Maharashtra,Nanded,2394,175
Maharashtra,Nandurbar,552,87
Maharashtra,Nashik,2268,219
Maharashtra,Osmanabad,530,154
Maharashtra,Palghar,240,61
Maharashtra,Parbhani,1582,182
Maharashtra,Pune,4982,528
Maharashtra,Raigarh,1631,113
Maharashtra,Ratnagiri,1921,215
Maharashtra,Sangli,1242,118
Maharashtra,Satara,1311,184
Maharashtra,Sindhudurg,179,29
Maharashtra,Solapur,3663,455
Maharashtra,Thane,1113,204
Maharashtra,Wardha,349,40
Maharashtra,Washim,232,61
Maharashtra,Yavatmal,1359,79
Manipur,Bishnupur,282,1
Manipur,Chandel,43,2
Manipur,Churachandpur,15,0
Manipur,Imphal East,137,2
Manipur,Imphal West,119,3
Manipur,Senapati,868,2
Manipur,Tamenglong,125,0
Manipur,Thoubal,647,6
Manipur,Ukhrul,32,0
Meghalaya,East Khasi Hills,8,0
Meghalaya,Ri Bhoi,5,0
Mizoram,Aizawl,941,0
Mizoram,Champhai,1465,0
Mizoram,Kolasib,2,0
Mizoram,Lunglei,738,2
Mizoram,Saiha,1,2
Mizoram,Serchhip,125,1
Nagaland,Dimapur,5,15
Nagaland,Kohima,0,3
Nagaland,Mokokchung,2,15
Nagaland,Mon,1,4
Nagaland,Peren,0,1
Nagaland,Phek,0,5
Nagaland,Tuensang,2,20
Nagaland,Wokha,0,6
Nagaland,Zunheboto,2,10
Odisha,Angul,2,1
Odisha,Balangir,1626,39
Odisha,Baleswar,345,29
Odisha,Bargarh,4,40
Odisha,Bhadrak,12,80
Odisha,Boudh,1,6
Odisha,Cuttack,1150,58
Odisha,Debagarh,0,6
Odisha,Dhenkanal,4,36
Odisha,Gajapati,220,29
Odisha,Ganjam,567,288
Odisha,Jagatsinghapur,6,66
Odisha,Jajapur,818,20
Odisha,Jharsuguda,43,20
Odisha,Kalahandi,1253,85
Odisha,Kandhamal,5,74
Odisha,Kendrapara,49,38
Odisha,Kendujhar,174,96
Odisha,Khorda,189,47
Odisha,Koraput,3,144
Odisha,Malkangiri,2674,12
Odisha,Mayurbhanj,456,42
Odisha,Nabarangapur,0,38
Odisha,Nayagarh,6,74
Odisha,Nuapada,4,22
Odisha,Puri,10,85
Odisha,Rayagada,1304,93
Odisha,Sambalpur,495,23
Odisha,Sonapur,945,13
Odisha,Sundergarh,9,277
Others,Others,6,0
Puducherry,Karaikal,61,3
Puducherry,Puducherry,114,4
Punjab,Amritsar,661,90
Punjab,Barnala,94,14
Punjab,Bathinda,110,54
Punjab,Faridkot,38,4
Punjab,Fatehgarh Sahib,66,7
Punjab,Fazilka,252,54
Punjab,Ferozepur,269,9
Punjab,Gurdaspur,295,49
Punjab,Hoshiarpur,184,25
Punjab,Jalandhar,266,33
Punjab,Kapurthala,174,16
Punjab,Ludhiana,920,106
Punjab,Mansa,139,32
Punjab,Moga,234,36
Punjab,Pathankot,43,11
Punjab,Patiala,347,39
Punjab,Rupnagar,56,8
Punjab,SAS Nagar (Mohali),243,35
Punjab,Sangrur,277,67
Punjab,Shaheed Bhagat Singh Nagar,262,17
Punjab,Sri Muktsar Sahib,344,43
Punjab,Tarn Taran,218,75
Rajasthan,Ajmer,847,131
Rajasthan,Alwar,1639,187
Rajasthan,Banswara,975,110
Rajasthan,Baran,234,110
Rajasthan,Barmer,457,107
Rajasthan,Bharatpur,1422,127
Rajasthan,Bhilwara,565,185
Rajasthan,Bikaner,591,146
Rajasthan,Bundi,956,90
Rajasthan,Chittorgarh,634,101
Rajasthan,Churu,466,60
Rajasthan,Dausa,1458,75
Rajasthan,Dholpur,1468,102
Rajasthan,Dungarpur,984,182
Rajasthan,Ganganagar,832,103
Rajasthan,Hanumangarh,496,81
Rajasthan,Jaipur,1443,220
Rajasthan,Jaisalmer,675,78
Rajasthan,Jalor,864,93
Rajasthan,Jhalawar,1044,142
Rajasthan,Jhunjhunun,506,79
Rajasthan,Jodhpur,960,190
Rajasthan,Karauli,1287,48
Rajasthan,Kota,334,130
Rajasthan,Nagaur,985,93
Rajasthan,Pali,961,126
Rajasthan,Pratapgarh,1055,75
Rajasthan,Rajsamand,560,78
Rajasthan,Sawai Madhopur,883,88
Rajasthan,Sikar,602,100
Rajasthan,Sirohi,391,61
Rajasthan,Tonk,1009,97
Rajasthan,Udaipur,920,206
Sikkim,East Sikkim,0,3
Sikkim,South Sikkim,0,2
Sikkim,West Sikkim,0,1
Tamil Nadu,Ariyalur,4,2
Tamil Nadu,Chennai,1976,53
Tamil Nadu,Coimbatore,134,54
Tamil Nadu,Cuddalore,267,90
Tamil Nadu,Dharmapuri,348,61
Tamil Nadu,Dindigul,175,72
Tamil Nadu,Erode,9,102
Tamil Nadu,Kancheepuram,903,117
Tamil Nadu,Kanniyakumari,286,25
Tamil Nadu,Karur,80,31
Tamil Nadu,Krishnagiri,291,210
Tamil Nadu,Madurai,26,82
Tamil Nadu,Nagapattinam,8,14
Tamil Nadu,Namakkal,6,79
Tamil Nadu,Perambalur,10,16
Tamil Nadu,Pudukkottai,2,73
Tamil Nadu,Ramanathapuram,2,46
Tamil Nadu,Salem,22,147
Tamil Nadu,Sivaganga,4,29
Tamil Nadu,Thanjavur,8,34
Tamil Nadu,The Nilgiris,277,70
Tamil Nadu,Theni,7,63
Tamil Nadu,Thiruvarur,1,16
Tamil Nadu,Thoothukkudi,174,12
Tamil Nadu,Tiruchirappalli,104,58
Tamil Nadu,Tirunelveli,5083,70
Tamil Nadu,Tiruppur,838,80
Tamil Nadu,Tiruvallur,1727,106
Tamil Nadu,Tiruvannamalai,19,65
Tamil Nadu,Vellore,20,134
Tamil Nadu,Villupuram,509,175
Tamil Nadu,Virudhunagar,7,22
Telangana,Adilabad,2,12
Telangana,Hyderabad,126,98
Telangana,K.v. Rangareddy,36,90
Telangana,Karimnagar,2,33
Telangana,Khammam,4,24
Telangana,Mahabubnagar,3,39
Telangana,Medak,7,64
Telangana,Nalgonda,3,36
Telangana,Nizamabad,2,17
Telangana,Warangal,4,21
Tripura,Dhalai,392,50
Tripura,Gomati,3,0
Tripura,Khowai,3,11
Tripura,North Tripura,1,5
Tripura,Sepahijala,84,12
Tripura,South Tripura,6,14
Tripura,Unakoti,1,8
Tripura,West Tripura,59,5
Uttar Pradesh,Agra,1111,159
Uttar Pradesh,Aligarh,1555,219
Uttar Pradesh,Allahabad,1232,187
Uttar Pradesh,Ambedkar Nagar,593,45
Uttar Pradesh,Amethi,315,179
Uttar Pradesh,Amroha,359,40
Uttar Pradesh,Auraiya,208,52
Uttar Pradesh,Azamgarh,1107,168
Uttar Pradesh,Baghpat,244,32
Uttar Pradesh,Bahraich,1079,109
Uttar Pradesh,Ballia,926,110
Uttar Pradesh,Balrampur,666,540
Uttar Pradesh,Banda,1807,125
Uttar Pradesh,Bara Banki,304,159
Uttar Pradesh,Bareilly,418,265
Uttar Pradesh,Basti,396,139
Uttar Pradesh,Bijnor,423,82
Uttar Pradesh,Budaun,1116,258
Uttar Pradesh,Bulandshahr,377,142
Uttar Pradesh,Chandauli,438,64
Uttar Pradesh,Chitrakoot,657,143
Uttar Pradesh,Deoria,1070,112
Uttar Pradesh,Etah,413,46
Uttar Pradesh,Etawah,520,134
Uttar Pradesh,Faizabad,536,123
Uttar Pradesh,Farrukhabad,1230,97
Uttar Pradesh,Fatehpur,1990,252
Uttar Pradesh,Firozabad,737,116
Uttar Pradesh,Gautam Buddha Nagar,739,52
Uttar Pradesh,Ghaziabad,409,115
Uttar Pradesh,Ghazipur,895,105
Uttar Pradesh,Gonda,943,122
Uttar Pradesh,Gorakhpur,2478,285
Uttar Pradesh,Hamirpur,1956,147
Uttar Pradesh,Hapur,64,41
Uttar Pradesh,Hardoi,2378,352
Uttar Pradesh,Hathras,274,43
Uttar Pradesh,Jalaun,2067,146
Uttar Pradesh,Jaunpur,1284,73
Uttar Pradesh,Jhansi,943,77
Uttar Pradesh,Kannauj,544,53
Uttar Pradesh,Kanpur Dehat,374,53
Uttar Pradesh,Kanpur Nagar,993,205
Uttar Pradesh,Kasganj,223,100
Uttar Pradesh,Kaushambi,765,61
Uttar Pradesh,Kheri,3939,208
Uttar Pradesh,Kushinagar,1324,84
Uttar Pradesh,Lalitpur,699,67
Uttar Pradesh,Lucknow,845,258
Uttar Pradesh,Maharajganj,1103,90
Uttar Pradesh,Mahoba,900,174
Uttar Pradesh,Mainpuri,951,144
Uttar Pradesh,Mathura,647,83
Uttar Pradesh,Mau,320,69
Uttar Pradesh,Meerut,638,143
Uttar Pradesh,Mirzapur,1077,113
Uttar Pradesh,Moradabad,786,83
Uttar Pradesh,Muzaffarnagar,833,126
Uttar Pradesh,Pilibhit,313,79
Uttar Pradesh,Pratapgarh,384,98
Uttar Pradesh,Rae Bareli,784,162
Uttar Pradesh,Rampur,330,53
Uttar Pradesh,Saharanpur,705,148
Uttar Pradesh,Sambhal,1029,54
Uttar Pradesh,Sant Kabir Nagar,439,156
Uttar Pradesh,Sant Ravidas Nagar,815,87
Uttar Pradesh,Shahjahanpur,1370,138
Uttar Pradesh,Shamli,763,49
Uttar Pradesh,Shrawasti,829,171
Uttar Pradesh,Siddharthnagar,1494,111
Uttar Pradesh,Sitapur,1249,238
Uttar Pradesh,Sonbhadra,1921,153
Uttar Pradesh,Sultanpur,354,74
Uttar Pradesh,Unnao,566,155
Uttar Pradesh,Varanasi,993,99
Uttarakhand,Almora,380,29
Uttarakhand,Bageshwar,385,22
Uttarakhand,Chamoli,1531,30
Uttarakhand,Champawat,524,8
Uttarakhand,Dehradun,801,35
Uttarakhand,Haridwar,994,99
Uttarakhand,Nainital,561,50
Uttarakhand,Pauri Garhwal,1087,15
Uttarakhand,Pithoragarh,2999,10
Uttarakhand,Rudraprayag,1300,8
Uttarakhand,Tehri Garhwal,1340,53
Uttarakhand,Udham Singh Nagar,280,68
Uttarakhand,Uttarkashi,640,8
West Bengal,Bankura,4854,121
West Bengal,Barddhaman,16736,1100
West Bengal,Birbhum,587,9
West Bengal,Cooch Behar,311,41
West Bengal,Dakshin Dinajpur,27,30
West Bengal,Darjeeling,30,18
West Bengal,Hooghly,158,25
West Bengal,Howrah,23,44
West Bengal,Jalpaiguri,29,23
West Bengal,Kolkata,32,18
West Bengal,Malda,1613,74
West Bengal,Murshidabad,1863,76
West Bengal,Nadia,1330,38
West Bengal,North 24 Parganas,7443,294
West Bengal,Paschim Medinipur,7026,494
West Bengal,Purba Medinipur,5589,272
West Bengal,Puruliya,54,20
West Bengal,South 24 Parganas,670,118
West Bengal,Uttar Dinajpur,359,29
