State,District,Aadhaar generated,Enrolment Rejected
Andaman and Nicobar Islands,Nicobar,3165,3
Andaman and Nicobar Islands,North And Middle Andaman,1144,2
Andaman and Nicobar Islands,South Andaman,1692,9
Andhra Pradesh,Ananthapur,973,46
Andhra Pradesh,Chittoor,569,33
Andhra Pradesh,Cuddapah,939,32
Andhra Pradesh,East Godavari,945,29
Andhra Pradesh,Guntur,1329,47
Andhra Pradesh,Krishna,1218,71
Andhra Pradesh,Kurnool,1273,65
Andhra Pradesh,Nellore,620,41
Andhra Pradesh,Prakasam,779,36
Andhra Pradesh,Srikakulam,501,20
Andhra Pradesh,Visakhapatnam,987,43
Andhra Pradesh,Vizianagaram,621,19
Andhra Pradesh,West Godavari,599,29
Arunachal Pradesh,Changlang,6,0
Arunachal Pradesh,East Kameng,1,0
Arunachal Pradesh,East Siang,1033,4
Arunachal Pradesh,Kurung Kumey,338,0
Arunachal Pradesh,Lohit,13,0
Arunachal Pradesh,Longding,1270,1
Arunachal Pradesh,Lower Dibang Valley,1,0
Arunachal Pradesh,Lower Subansiri,5,0
Arunachal Pradesh,Namsai,16,0
Arunachal Pradesh,Papum Pare,156,0
Arunachal Pradesh,Siang,2,0
Arunachal Pradesh,Tawang,1,0
Arunachal Pradesh,Tirap,341,1
Arunachal Pradesh,Upper Siang,2316,18
Arunachal Pradesh,West Kameng,298,1
Arunachal Pradesh,West Siang,735,0
Assam,Baksa,29,0
Assam,Barpeta,85,0
Assam,Bongaigaon,25,0
Assam,Cachar,51,0
Assam,Chirang,16,0
Assam,Darrang,12,0
Assam,Dhemaji,14,0
Assam,Dhubri,18,0
Assam,Dibrugarh,35,0
Assam,Goalpara,12,0
Assam,Golaghat,34,1
Assam,Hailakandi,14,0
Assam,Jorhat,36,0
Assam,Kamrup,212,0
Assam,Kamrup Metro,60,0
Assam,Karbi Anglong,21,0
Assam,Karimganj,28,1
Assam,Kokrajhar,12,0
Assam,Lakhimpur,30,0
Assam,Marigaon,29,0
Assam,Nagaon,1613,1
Assam,Nalbari,16,0
Assam,North Cachar Hills,10,0
Assam,Sibsagar,81,0
Assam,Sonitpur,70,0
Assam,Tinsukia,37,0
Assam,Udalguri,50,0
Bihar,Araria,19030,230
Bihar,Arwal,503,18
Bihar,Aurangabad,2500,117
Bihar,Banka,3389,51
Bihar,Begusarai,5622,128
Bihar,Bhagalpur,3251,92
Bihar,Bhojpur,4367,48
Bihar,Buxar,4321,50
Bihar,Darbhanga,12714,234
Bihar,East Champaran,6061,65
Bihar,Gaya,5069,66
Bihar,Gopalganj,3309,72
Bihar,Jamui,3494,54
Bihar,Jehanabad,1139,15
Bihar,Kaimur (Bhabua),4646,182
Bihar,Katihar,8960,126
Bihar,Khagaria,3639,26
Bihar,Kishanganj,4876,40
Bihar,Lakhisarai,1424,28
Bihar,Madhepura,6849,67
Bihar,Madhubani,7410,87
Bihar,Munger,2766,27
Bihar,Muzaffarpur,4174,78
Bihar,Nalanda,7255,220
Bihar,Nawada,6387,76
Bihar,Patna,4497,95
Bihar,Purnia,6208,103
Bihar,Rohtas,5122,54
Bihar,Saharsa,2132,37
Bihar,Samastipur,7013,101
Bihar,Saran,3821,53
Bihar,Sheikhpura,1408,81
Bihar,Sheohar,600,64
Bihar,Sitamarhi,3869,33
Bihar,Siwan,4170,58
Bihar,Supaul,2602,36
Bihar,Vaishali,2868,42
Bihar,West Champaran,12452,120
Chandigarh,Chandigarh,524,131
Chhattisgarh,Balod,2248,52
Chhattisgarh,Baloda Bazar,8478,45
Chhattisgarh,Balrampur,1925,196
Chhattisgarh,Bastar,3610,140
Chhattisgarh,Bemetara,2111,23
Chhattisgarh,Bijapur,2299,48
Chhattisgarh,Bilaspur,2582,318
Chhattisgarh,Dakshin Bastar Dantewada,369,1
Chhattisgarh,Dantewada,1026,4
Chhattisgarh,Dhamtari,1280,58
Chhattisgarh,Durg,2296,43
Chhattisgarh,Gariyaband,271,4
Chhattisgarh,Janjgir-champa,2054,175
Chhattisgarh,Jashpur,231,8
Chhattisgarh,Kabeerdham,278,0
Chhattisgarh,Kanker,707,16
Chhattisgarh,Kawardha,774,9
Chhattisgarh,Kondagaon,481,4
Chhattisgarh,Korba,3256,65
Chhattisgarh,Koriya,496,45
Chhattisgarh,Mahasamund,2746,56
Chhattisgarh,Mungeli,884,15
Chhattisgarh,Narayanpur,5,1
Chhattisgarh,Raigarh,1564,53
Chhattisgarh,Raipur,1598,33
Chhattisgarh,Rajnandgaon,2309,33
Chhattisgarh,Sukma,602,2
Chhattisgarh,Surajpur,2629,31
Chhattisgarh,Surguja,2228,25
Chhattisgarh,Uttar Bastar Kanker,691,29
Dadra and Nagar Haveli,Dadra and Nagar Haveli,257,10
Daman and Diu,Daman,23,4
Daman and Diu,Diu,5,0
Delhi,Central Delhi,523,28
Delhi,East Delhi,1087,60
Delhi,New Delhi,45,2
Delhi,North Delhi,473,23
Delhi,North East Delhi,1853,155
Delhi,North West Delhi,2469,156
Delhi,South Delhi,1608,102
Delhi,South West Delhi,1269,66
Delhi,West Delhi,1573,92
Goa,North Goa,222,11
Goa,South Goa,301,17
Gujarat,Ahmedabad,5279,341
Gujarat,Amreli,1066,13
Gujarat,Anand,4852,170
Gujarat,Arvalli,405,10
Gujarat,Banaskantha,1701,30
Gujarat,Bharuch,176,10
Gujarat,Bhavnagar,5317,197
Gujarat,Dahod,2334,29
Gujarat,Devbhumi Dwarka,310,8
Gujarat,Gandhinagar,662,15
Gujarat,Gir Somnath,94,8
Gujarat,Jamnagar,328,19
Gujarat,Junagadh,268,14
Gujarat,Kachchh,1297,33
Gujarat,Kheda,3909,36
Gujarat,Mahesana,2263,105
Gujarat,Narmada,555,63
Gujarat,Navsari,555,46
Gujarat,Panchmahals,1980,15
Gujarat,Patan,774,24
Gujarat,Porbandar,254,10
Gujarat,Rajkot,2086,132
Gujarat,Sabarkantha,1144,19
Gujarat,Surat,1866,34
Gujarat,Surendra Nagar,1885,30
Gujarat,Tapi,219,9
Gujarat,The Dangs,113,1
Gujarat,Vadodara,3202,31
Gujarat,Valsad,991,18
Haryana,Ambala,1052,86
Haryana,Bhiwani,1839,44
Haryana,Faridabad,2609,118
Haryana,Fatehabad,2394,60
Haryana,Gurgaon,1397,54
Haryana,Hisar,3115,160
Haryana,Jhajjar,1431,82
Haryana,Jind,1759,62
Haryana,Kaithal,919,55
Haryana,Karnal,1959,70
Haryana,Kurukshetra,695,31
Haryana,Mahendragarh,1880,19
Haryana,Mewat,2009,47
Haryana,Palwal,1748,210
Haryana,Panchkula,686,37
Haryana,Panipat,1651,77
Haryana,Rewari,967,73
Haryana,Rohtak,1762,69
Haryana,Sirsa,1168,88
Haryana,Sonipat,1360,102
Haryana,Yamuna Nagar,817,90
Himachal Pradesh,Bilaspur,43,2
Himachal Pradesh,Chamba,49,1
Himachal Pradesh,Hamirpur,50,0
Himachal Pradesh,Kangra,322,22
Himachal Pradesh,Kinnaur,21,0
Himachal Pradesh,Kullu,195,18
Himachal Pradesh,Lahul and Spiti,2,0
Himachal Pradesh,Mandi,165,7
Himachal Pradesh,Shimla,269,32
Himachal Pradesh,Sirmaur,112,5
Himachal Pradesh,Solan,88,6
Himachal Pradesh,Una,56,6
Jammu and Kashmir,Anantnag,125,1
Jammu and Kashmir,Badgam,2959,7
Jammu and Kashmir,Bandipore,1035,9
Jammu and Kashmir,Baramula,788,8
Jammu and Kashmir,Doda,50,2
Jammu and Kashmir,Ganderbal,138,0
Jammu and Kashmir,Jammu,1233,4
Jammu and Kashmir,Kargil,10,1
Jammu and Kashmir,Kathua,653,3
Jammu and Kashmir,Kishtwar,206,3
Jammu and Kashmir,Kulgam,35,1
Jammu and Kashmir,Kupwara,58,1
Jammu and Kashmir,Leh,90,0
Jammu and Kashmir,Pulwama,683,1
Jammu and Kashmir,Punch,1905,2
Jammu and Kashmir,Rajouri,1352,0
Jammu and Kashmir,Ramban,1232,40
Jammu and Kashmir,Reasi,99,3
Jammu and Kashmir,Samba,361,2
Jammu and Kashmir,Shupiyan,343,1
Jammu and Kashmir,Srinagar,3360,316
Jammu and Kashmir,Udhampur,391,0
Jharkhand,Bokaro,1266,78
Jharkhand,Chatra,891,31
Jharkhand,Deoghar,942,61
Jharkhand,Dhanbad,1924,83
Jharkhand,Dumka,563,61
Jharkhand,East Singhbhum,1260,106
Jharkhand,Garhwa,543,41
Jharkhand,Giridih,2600,168
Jharkhand,Godda,587,37
Jharkhand,Gumla,354,33
Jharkhand,Hazaribagh,531,77
Jharkhand,Jamtara,270,18
Jharkhand,Khunti,209,29
Jharkhand,Koderma,917,43
Jharkhand,Latehar,240,4
Jharkhand,Lohardaga,196,17
Jharkhand,Pakur,152,10
Jharkhand,Palamu,689,59
Jharkhand,Ramgarh,296,23
Jharkhand,Ranchi,1194,127
Jharkhand,Sahebganj,340,25
Jharkhand,Seraikela-Kharsawan,567,40
Jharkhand,Simdega,205,7
Jharkhand,West Singhbhum,826,56
Karnataka,Bagalkot,3737,190
Karnataka,Ballari,3101,241
Karnataka,Bangalore Rural,1277,136
Karnataka,Belagavi,4274,201
Karnataka,Bengaluru,3559,296
Karnataka,Bidar,1417,99
Karnataka,Chamrajanagar,1104,20
Karnataka,Chikkaballapur,3315,210
Karnataka,Chikkamagaluru,1226,35
Karnataka,Chitradurga,4175,68
Karnataka,Dakshina Kannada,1950,56
Karnataka,Davangere,1965,110
Karnataka,Dharwad,2307,109
Karnataka,Gadag,1018,45
Karnataka,Hassan,1795,29
Karnataka,Haveri,3581,104
Karnataka,Kalaburagi,3749,239
Karnataka,Kodagu,333,8
Karnataka,Kolar,4693,249
Karnataka,Koppal,1636,98
Karnataka,Mandya,3365,139
Karnataka,Mysuru,1388,90
Karnataka,Raichur,4997,131
Karnataka,Ramanagar,1583,54
Karnataka,Shivamogga,2426,41
Karnataka,Tumakuru,1517,161
Karnataka,Udupi,722,15
Karnataka,Uttara Kannada,1279,61
Karnataka,Vijayapura,1221,48
Karnataka,Yadgir,2229,75
Kerala,Alappuzha,722,14
Kerala,Ernakulam,1342,22
Kerala,Idukki,506,11
Kerala,Kannur,685,3
Kerala,Kasaragod,443,5
Kerala,Kollam,2128,33
Kerala,Kottayam,516,8
Kerala,Kozhikode,1465,19
Kerala,Malappuram,2099,18
Kerala,Palakkad,1047,15
Kerala,Pathanamthitta,1041,4
Kerala,Thiruvananthapuram,1018,17
Kerala,Thrissur,616,16
Kerala,Wayanad,198,7
Lakshadweep,Lakshadweep,1,1
Madhya Pradesh,Alirajpur,483,27
Madhya Pradesh,Anuppur,854,23
Madhya Pradesh,Ashok Nagar,5667,63
Madhya Pradesh,Balaghat,1909,57
Madhya Pradesh,Barwani,1579,150
Madhya Pradesh,Betul,1657,56
Madhya Pradesh,Bhind,3187,39
Madhya Pradesh,Bhopal,1539,159
Madhya Pradesh,Burhanpur,440,47
Madhya Pradesh,Chhatarpur,4455,50
Madhya Pradesh,Chhindwara,2026,97
Madhya Pradesh,Damoh,931,38
Madhya Pradesh,Datia,1973,12
Madhya Pradesh,Dewas,1627,161
Madhya Pradesh,Dhar,1990,90
Madhya Pradesh,Dindori,2041,43
Madhya Pradesh,Guna,1585,74
Madhya Pradesh,Gwalior,1965,117
Madhya Pradesh,Harda,109,8
Madhya Pradesh,Hoshangabad,291,163
Madhya Pradesh,Indore,3188,161
Madhya Pradesh,Jabalpur,2254,210
Madhya Pradesh,Jhabua,1271,63
Madhya Pradesh,Katni,1906,107
Madhya Pradesh,Khandwa,858,104
Madhya Pradesh,Khargone,2007,52
Madhya Pradesh,Mandla,825,52
Madhya Pradesh,Mandsaur,2083,87
Madhya Pradesh,Morena,5997,50
Madhya Pradesh,Narsinghpur,1307,87
Madhya Pradesh,Neemuch,833,118
Madhya Pradesh,Panna,2005,44
Madhya Pradesh,Raisen,1044,64
Madhya Pradesh,Rajgarh,3241,65
Madhya Pradesh,Ratlam,689,38
Madhya Pradesh,Rewa,4134,178
Madhya Pradesh,Sagar,3536,120
Madhya Pradesh,Satna,3225,118
Madhya Pradesh,Sehore,1106,65
Madhya Pradesh,Seoni,843,54
Madhya Pradesh,Shahdol,2125,34
Madhya Pradesh,Shajapur,622,174
Madhya Pradesh,Sheopur,3013,123
Madhya Pradesh,Shivpuri,5504,109
Madhya Pradesh,Sidhi,3642,51
Madhya Pradesh,Singrauli,1094,93
Madhya Pradesh,Tikamgarh,3445,43
Madhya Pradesh,Ujjain,1264,89
Madhya Pradesh,Umaria,1024,15
Madhya Pradesh,Vidisha,1065,86
Maharashtra,Ahmadnagar,10427,550
Maharashtra,Akola,2551,91
Maharashtra,Amravati,2692,103
Maharashtra,Aurangabad,6834,242
Maharashtra,Beed,10559,310
Maharashtra,Bhandara,898,43
Maharashtra,Buldhana,3106,88
Maharashtra,Chandrapur,3892,86
Maharashtra,Dhule,2561,113
Maharashtra,Gadchiroli,1456,125
Maharashtra,Gondiya,1243,104
Maharashtra,Hingoli,4298,93
Maharashtra,Jalgaon,5848,142
Maharashtra,Jalna,3996,277
Maharashtra,Kolhapur,5385,159
Maharashtra,Latur,4265,178
Maharashtra,Mumbai,6090,184
Maharashtra,Nagpur,3757,111
Maharashtra,Nanded,7474,192
Maharashtra,Nandurbar,1585,78
Maharashtra,Nashik,11160,329
Maharashtra,Osmanabad,2516,123
Maharashtra,Palghar,2133,51
Maharashtra,Parbhani,7190,82
Maharashtra,Pune,13453,447
Maharashtra,Raigarh,3930,103
Maharashtra,Ratnagiri,5201,124
Maharashtra,Sangli,4195,119
Maharashtra,Satara,7083,157
Maharashtra,Sindhudurg,2033,18
Maharashtra,Solapur,13983,489
Maharashtra,Thane,6028,208
Maharashtra,Wardha,1067,78
Maharashtra,Washim,2372,58
Maharashtra,Yavatmal,4533,99
Manipur,Bishnupur,364,1
Manipur,Chandel,145,5
Manipur,Churachandpur,84,4
Manipur,Imphal East,324,2
Manipur,Imphal West,344,1
Manipur,Senapati,1266,2
Manipur,Tamenglong,167,1
Manipur,Thoubal,985,4
Manipur,Ukhrul,84,0
Meghalaya,East Garo Hills,3,0
Meghalaya,East Khasi Hills,38,1
Meghalaya,Ri Bhoi,6,1
Meghalaya,West Garo Hills,9,0
Meghalaya,West Khasi Hills,4,0
Mizoram,Aizawl,402,2
Mizoram,Champhai,558,0
Mizoram,Kolasib,18,0
Mizoram,Lunglei,418,1
Mizoram,Mammit,4,0
Mizoram,Saiha,1,0
Mizoram,Serchhip,56,0
Nagaland,Dimapur,23,7
Nagaland,Kiphire,9,0
Nagaland,Kohima,17,0
Nagaland,Longleng,2,0
Nagaland,Mokokchung,11,1
Nagaland,Mon,3,1
Nagaland,Peren,15,0
Nagaland,Phek,2,0
Nagaland,Tuensang,12,0
Nagaland,Wokha,7,0
Nagaland,Zunheboto,7,1
Odisha,Angul,129,2
Odisha,Balangir,1047,39
Odisha,Baleswar,1574,69
Odisha,Bargarh,502,18
Odisha,Bhadrak,808,29
Odisha,Boudh,117,3
Odisha,Cuttack,4260,67
Odisha,Debagarh,89,0
Odisha,Dhenkanal,220,9
Odisha,Gajapati,2396,29
Odisha,Ganjam,6295,192
Odisha,Jagatsinghapur,380,5
Odisha,Jajapur,3127,28
Odisha,Jharsuguda,555,16
Odisha,Kalahandi,4184,410
Odisha,Kandhamal,1150,17
Odisha,Kendrapara,642,18
Odisha,Kendujhar,749,9
Odisha,Khorda,2398,36
Odisha,Koraput,609,22
Odisha,Malkangiri,3115,40
Odisha,Mayurbhanj,932,30
Odisha,Nabarangapur,7,4
Odisha,Nayagarh,933,48
Odisha,Nuapada,788,10
Odisha,Puri,786,67
Odisha,Rayagada,1586,49
Odisha,Sambalpur,1032,10
Odisha,Sonapur,2320,96
Odisha,Sundergarh,2352,265
Puducherry,Karaikal,150,9
Puducherry,Puducherry,283,12
Puducherry,Yanam,4,0
Punjab,Amritsar,2825,112
Punjab,Barnala,523,23
Punjab,Bathinda,1143,93
Punjab,Faridkot,197,7
Punjab,Fatehgarh Sahib,249,23
Punjab,Fazilka,901,27
Punjab,Ferozepur,1036,9
Punjab,Gurdaspur,1483,105
Punjab,Hoshiarpur,1534,36
Punjab,Jalandhar,955,44
Punjab,Kapurthala,562,20
Punjab,Ludhiana,3255,131
Punjab,Mansa,402,118
Punjab,Moga,879,38
Punjab,Pathankot,396,15
Punjab,Patiala,1252,87
Punjab,Rupnagar,278,16
Punjab,SAS Nagar (Mohali),857,54
Punjab,Sangrur,1098,48
Punjab,Shaheed Bhagat Singh Nagar,547,19
Punjab,Sri Muktsar Sahib,891,17
Punjab,Tarn Taran,1446,102
Rajasthan,Ajmer,1719,142
Rajasthan,Alwar,3521,181
Rajasthan,Banswara,2614,59
Rajasthan,Baran,1492,104
Rajasthan,Barmer,2588,126
Rajasthan,Bharatpur,4273,76
Rajasthan,Bhilwara,4254,83
Rajasthan,Bikaner,2275,133
Rajasthan,Bundi,1790,116
Rajasthan,Chittorgarh,1572,72
Rajasthan,Churu,1624,50
Rajasthan,Dausa,1839,102
Rajasthan,Dholpur,3020,56
Rajasthan,Dungarpur,2530,51
Rajasthan,Ganganagar,2600,124
Rajasthan,Hanumangarh,1762,94
Rajasthan,Jaipur,3790,307
Rajasthan,Jaisalmer,2820,32
Rajasthan,Jalor,1727,120
Rajasthan,Jhalawar,3647,70
Rajasthan,Jhunjhunun,1474,63
Rajasthan,Jodhpur,4171,207
Rajasthan,Karauli,4415,28
Rajasthan,Kota,1322,95
Rajasthan,Nagaur,2532,117
Rajasthan,Pali,3090,124
Rajasthan,Pratapgarh,2344,31
Rajasthan,Rajsamand,1409,59
Rajasthan,Sawai Madhopur,2291,31
Rajasthan,Sikar,1913,100
Rajasthan,Sirohi,1238,60
Rajasthan,Tonk,2031,132
Rajasthan,Udaipur,2688,201
Sikkim,East Sikkim,21,1
Sikkim,North Sikkim,3,0
Sikkim,South Sikkim,7,4
Sikkim,West Sikkim,6,5
Tamil Nadu,Ariyalur,9,1
Tamil Nadu,Chennai,3147,40
Tamil Nadu,Coimbatore,2080,11
Tamil Nadu,Cuddalore,1319,126
Tamil Nadu,Dharmapuri,2354,29
Tamil Nadu,Dindigul,517,32
Tamil Nadu,Erode,6422,99
Tamil Nadu,Kancheepuram,1449,74
Tamil Nadu,Kanniyakumari,1441,14
Tamil Nadu,Karur,321,12
Tamil Nadu,Krishnagiri,2190,228
Tamil Nadu,Madurai,2437,208
Tamil Nadu,Nagapattinam,75,4
Tamil Nadu,Namakkal,968,39
Tamil Nadu,Perambalur,192,19
Tamil Nadu,Pudukkottai,6024,42
Tamil Nadu,Ramanathapuram,2116,18
Tamil Nadu,Salem,8738,61
Tamil Nadu,Sivaganga,936,7
Tamil Nadu,Thanjavur,334,5
Tamil Nadu,The Nilgiris,1752,18
Tamil Nadu,Theni,41,13
Tamil Nadu,Thiruvarur,251,1
Tamil Nadu,Thoothukkudi,851,5
Tamil Nadu,Tiruchirappalli,1019,50
Tamil Nadu,Tirunelveli,2582,54
Tamil Nadu,Tiruppur,4129,24
Tamil Nadu,Tiruvallur,5139,199
Tamil Nadu,Tiruvannamalai,995,4
Tamil Nadu,Vellore,5127,136
Tamil Nadu,Villupuram,1733,73
Tamil Nadu,Virudhunagar,279,18
Telangana,Adilabad,451,9
Telangana,Hyderabad,2500,88
Telangana,K.v. Rangareddy,2075,83
Telangana,Karimnagar,446,20
Telangana,Khammam,604,22
Telangana,Mahabubnagar,882,176
Telangana,Medak,674,51
Telangana,Nalgonda,770,30
Telangana,Nizamabad,398,30
Telangana,Warangal,455,27
Tripura,Dhalai,464,51
Tripura,Gomati,57,4
Tripura,Khowai,73,9
Tripura,North Tripura,472,10
Tripura,Sepahijala,184,3
Tripura,South Tripura,48,10
Tripura,Unakoti,258,6
Tripura,West Tripura,282,22
Uttar Pradesh,Agra,3680,72
Uttar Pradesh,Aligarh,2946,119
Uttar Pradesh,Allahabad,6330,94
Uttar Pradesh,Ambedkar Nagar,1963,43
Uttar Pradesh,Amethi,1777,136
Uttar Pradesh,Amroha,1332,41
Uttar Pradesh,Auraiya,936,32
Uttar Pradesh,Azamgarh,5162,86
Uttar Pradesh,Baghpat,743,10
Uttar Pradesh,Bahraich,5754,48
Uttar Pradesh,Ballia,3225,53
Uttar Pradesh,Balrampur,5725,167
Uttar Pradesh,Banda,6436,42
Uttar Pradesh,Bara Banki,1539,47
Uttar Pradesh,Bareilly,2769,141
Uttar Pradesh,Basti,3397,65
Uttar Pradesh,Bijnor,1886,499
Uttar Pradesh,Budaun,3316,84
Uttar Pradesh,Bulandshahr,3024,99
Uttar Pradesh,Chandauli,1995,44
Uttar Pradesh,Chitrakoot,2602,110
Uttar Pradesh,Deoria,2847,122
Uttar Pradesh,Etah,1256,12
Uttar Pradesh,Etawah,1395,102
Uttar Pradesh,Faizabad,2953,80
Uttar Pradesh,Farrukhabad,2626,46
Uttar Pradesh,Fatehpur,8688,171
Uttar Pradesh,Firozabad,2403,138
Uttar Pradesh,Gautam Buddha Nagar,1928,40
Uttar Pradesh,Ghaziabad,2524,62
Uttar Pradesh,Ghazipur,3304,57
Uttar Pradesh,Gonda,3715,70
Uttar Pradesh,Gorakhpur,6288,146
Uttar Pradesh,Hamirpur,4751,121
Uttar Pradesh,Hapur,1032,24
Uttar Pradesh,Hardoi,8003,173
Uttar Pradesh,Hathras,812,49
Uttar Pradesh,Jalaun,5818,107
Uttar Pradesh,Jaunpur,4789,58
Uttar Pradesh,Jhansi,2565,49
Uttar Pradesh,Kannauj,1896,46
Uttar Pradesh,Kanpur Dehat,1475,31
Uttar Pradesh,Kanpur Nagar,3002,182
Uttar Pradesh,Kasganj,1483,18
Uttar Pradesh,Kaushambi,2503,37
Uttar Pradesh,Kheri,6672,69
Uttar Pradesh,Kushinagar,4750,85
Uttar Pradesh,Lalitpur,3376,38
Uttar Pradesh,Lucknow,2574,156
Uttar Pradesh,Maharajganj,5418,91
Uttar Pradesh,Mahoba,3696,54
Uttar Pradesh,Mainpuri,2844,64
Uttar Pradesh,Mathura,2061,106
Uttar Pradesh,Mau,1594,26
Uttar Pradesh,Meerut,2085,81
Uttar Pradesh,Mirzapur,2712,37
Uttar Pradesh,Moradabad,1874,58
Uttar Pradesh,Muzaffarnagar,2798,56
Uttar Pradesh,Pilibhit,1969,40
Uttar Pradesh,Pratapgarh,1570,60
Uttar Pradesh,Rae Bareli,2130,160
Uttar Pradesh,Rampur,1180,27
Uttar Pradesh,Saharanpur,2905,87
Uttar Pradesh,Sambhal,2874,44
Uttar Pradesh,Sant Kabir Nagar,1484,115
Uttar Pradesh,Sant Ravidas Nagar,1256,43
Uttar Pradesh,Shahjahanpur,4990,143
Uttar Pradesh,Shamli,1482,30
Uttar Pradesh,Shrawasti,2501,159
Uttar Pradesh,Siddharthnagar,5100,81
Uttar Pradesh,Sitapur,6670,138
Uttar Pradesh,Sonbhadra,4443,54
Uttar Pradesh,Sultanpur,2221,42
Uttar Pradesh,Unnao,3050,442
Uttar Pradesh,Varanasi,3053,50
Uttarakhand,Almora,2830,21
Uttarakhand,Bageshwar,888,49
Uttarakhand,Chamoli,2087,412
Uttarakhand,Champawat,622,20
Uttarakhand,Dehradun,932,13
Uttarakhand,Haridwar,1238,24
Uttarakhand,Nainital,860,16
Uttarakhand,Pauri Garhwal,2773,20
Uttarakhand,Pithoragarh,5363,5
Uttarakhand,Rudraprayag,3110,24
Uttarakhand,Tehri Garhwal,2170,48
Uttarakhand,Udham Singh Nagar,1185,31
Uttarakhand,Uttarkashi,1523,8
West Bengal,Bankura,6934,70
West Bengal,Barddhaman,21096,555
West Bengal,Birbhum,2342,43
West Bengal,Cooch Behar,2006,80
West Bengal,Dakshin Dinajpur,592,23
West Bengal,Darjeeling,1570,10
West Bengal,Hooghly,657,28
West Bengal,Howrah,4501,97
West Bengal,Jalpaiguri,911,10
West Bengal,Kolkata,2654,6
West Bengal,Malda,1678,35
West Bengal,Murshidabad,2731,60
West Bengal,Nadia,4660,48
West Bengal,North 24 Parganas,19717,136
West Bengal,Paschim Medinipur,8429,227
West Bengal,Purba Medinipur,14788,417
West Bengal,Puruliya,2492,32
West Bengal,South 24 Parganas,9842,75
West Bengal,Uttar Dinajpur,1068,24
