Registrar,Enrolment Agency,Aadhaar generated,Enrolment Rejected
Allahabad Bank,Vakrangee Softwares Limited,97,425
Bank Of India,A3 Logics  India  Ltd,2225,503
Bank Of India,Akanksha International,569,173
Bank Of India,Blue Circle Instrument,757,152
Bank Of India,CHESSY CONSULTANTS PVT LTD,753,281
Bank Of India,DATASOFT COMPUTER SERVICES(P),365,97
Bank Of India,Emdee Digitronics Pvt.Ltd.,3051,55
Bank Of India,Frontech Systems Pvt Ltd,337,140
Bank Of India,ITI LIMITED,11,7
Bank Of India,MANTRA SOFTTECH (INDIA) PVTLTD,167,39
Bank Of India,Matrix Processing House,5123,772
Bank Of India,OSWAL COMPUTERS & CONSULTANTS,5057,961
Bank Of India,PROTEX COMPUTER PVT LTD,1765,258
Bank Of India,SARADA SYSTEMS,883,129
Bank Of India,SHRIKRISHNA KHANDASARI SUGAR M,2007,549
Bank Of India,SPANCO,2912,574
Bank Of India,SREI INFRASTRUCTURE FINANCES L,7491,1110
Bank Of India,Silver Touch Technologies Ltd,649,227
Bank Of India,Systematic & Advance Const P L,3219,768
Bank Of India,VEETECHNOLOGIES PVT. LTD,2004,600
Bank Of India,VIRGO SOFTECH LIMITED,1,23
Bank Of India,Vakrangee Softwares Limited,97,154
Bank of Baroda,DATASOFT COMPUTER SERVICES(P),0,14
Bank of Baroda,TEAM LIFE CARE COMPANY INDIA P,769,356
Bank of Maharashtra,Alankit Finsec Ltd,92,32
Bank of Maharashtra,FINANCIAL INFORMATION NETWORK,824,60
Bank of Maharashtra,Micro Technologies India Ltd,765,334
Bank of Maharashtra,Tera Software Ltd,836,67
CSC e-Governance Services India Limited,A I Soc for Electronics and Comp Tech,19871,849
CSC e-Governance Services India Limited,AKSH OPTIFIBRE LIMITED,12181,269
CSC e-Governance Services India Limited,BASIX,373,257
CSC e-Governance Services India Limited,CALANCE SOFTWARE PRIVATE LTD,1438,148
CSC e-Governance Services India Limited,CMS Computers Ltd,17507,681
CSC e-Governance Services India Limited,CSC e-Governance Services India Limited,1961,206
CSC e-Governance Services India Limited,Intelligent Communication Systems India Limited,651,443
CSC e-Governance Services India Limited,Network for Information & Computer,988,147
CSC e-Governance Services India Limited,Reliance Communication Limited,5785,210
CSC e-Governance Services India Limited,SPANCO,656,181
CSC e-Governance Services India Limited,Tera Software Ltd,33,117
CSC e-Governance Services India Limited,United Telecoms e-Services Pvt Ltd,8812,776
CSC e-Governance Services India Limited,VIKALP MULTIMEDIA,822,45
CSC e-Governance Services India Limited,Vakrangee Softwares Limited,2004,420
Central Bank of India,CALANCE SOFTWARE PRIVATE LTD,1917,374
Central Bank of India,Frontech Systems Pvt Ltd,0,3
Central Bank of India,IAP COMPANY Pvt. Ltd,8739,1619
Central Bank of India,MANTRA SOFTTECH (INDIA) PVTLTD,60,22
Central Bank of India,SREI INFRASTRUCTURE FINANCES L,55,0
Central Bank of India,The Peerless General Finance,432,161
DENA BANK,ATISHAY INFOTECH PVT. LTD.,401,95
DENA BANK,Bloom Solutions Pvt Ltd,618,298
DENA BANK,Business Information Processing Services,168,141
DENA BANK,CALANCE SOFTWARE PRIVATE LTD,130,56
DENA BANK,DATASOFT COMPUTER SERVICES(P),992,54
DENA BANK,JNET Technologies Pvt.Ltd,1966,211
DENA BANK,K W Consulting P Ltd,6026,211
DENA BANK,Multiwave Innovation,1573,528
DENA BANK,Narayana Electricals Solution Pvt Ltd,205,27
DENA BANK,Netlink software Pvt Ltd,50,56
DENA BANK,Ortem Securities Limited,9,148
DENA BANK,Prodigy Systems and Services Private Limited,77,157
DENA BANK,Soc for Advancement of Environ Science,428,206
DENA BANK,TechSmart India Pvt Ltd,51,121
DENA BANK,Tera Software Ltd,515,88
DENA BANK,WEBEL,25,20
Delhi - Central DC,Smart Chip Limited,274,414
Delhi - East DC,DATASOFT COMPUTER SERVICES(P),648,752
Delhi - ND DC,Smart Chip Limited,53,159
Delhi - NE DC,Smart Chip Limited,579,428
Delhi - North DC,CALANCE SOFTWARE PRIVATE LTD,954,1184
Delhi - North DC,NVR & ASSOCIATES LIMITED,968,1354
Delhi - North DC,Smart Chip Limited,408,697
Delhi SW DC,VIRGO SOFTECH LIMITED,252,701
Delhi- South DC,Karvy Computershare Private Li,448,353
Delhi- South DC,Smart Chip Limited,79,274
Delhi- West DC,Smart Chip Limited,153,74
Delhi- West DC,VIRGO SOFTECH LIMITED,1024,1016
Delhi-NW DC,Karvy Computershare Private Li,251,384
Department of Information Technology Govt of Jharkhand,Blue Circle Instrument,579,289
Department of Information Technology Govt of Jharkhand,MKS Enterprises,838,443
Department of Information Technology Govt of Jharkhand,Systematic & Advance Const P L,15,7
Department of Information Technology Govt of Jharkhand,Vayam technologies Ltd,4,2
Dept of ITC Govt of Rajasthan,ATISHAY INFOTECH PVT. LTD.,3468,911
Dept of ITC Govt of Rajasthan,AVVAS INFOTECH PVT  LTD,3094,612
Dept of ITC Govt of Rajasthan,Alankit Finsec Ltd,856,265
Dept of ITC Govt of Rajasthan,Business Information Processing Services,773,142
Dept of ITC Govt of Rajasthan,DATASOFT COMPUTER SERVICES(P),4877,1232
Dept of ITC Govt of Rajasthan,Gem Computers,1043,133
Dept of ITC Govt of Rajasthan,MANTRA SOFTTECH (INDIA) PVTLTD,15,21
Dept of ITC Govt of Rajasthan,Multiwave Innovation,1018,483
Dept of ITC Govt of Rajasthan,Netlink software Pvt Ltd,1490,169
Dept of ITC Govt of Rajasthan,TechSmart India Pvt Ltd,911,218
Dept of ITC Govt of Rajasthan,Transline Technologies P Ltd,3630,885
Dept of ITC Govt of Rajasthan,VIRGO SOFTECH LIMITED,537,280
Dept of ITC Govt of Rajasthan,Vakrangee Softwares Limited,4888,2366
Dept of ITC Govt of Rajasthan,Vayam technologies Ltd,3791,885
FCR Govt of Haryana,4G INFORMATICS,664,86
FCR Govt of Haryana,Vakrangee Softwares Limited,62,44
FCR Govt of Haryana,Vayam technologies Ltd,282,16
FCS Govt of Punjab,CSS TECHNERGY LIMITED,423,45
FCS Govt of Punjab,Karvy Computershare Private Li,5528,2035
FCS Govt of Punjab,Vayam technologies Ltd,7814,2508
FCS Govt of Punjab,eCentric solutions pvt ltd,9901,2315
Govt of Andhra Pradesh,Gouthami Educational Society,935,413
Govt of Andhra Pradesh,GrapeSoft,498,162
Govt of Andhra Pradesh,IL&FS LTD,39,4
Govt of Andhra Pradesh,INFRONICS SYSTEMS LTD,637,1525
Govt of Andhra Pradesh,SREEVEN INFOCOM LIMITED,469,112
Govt of Andhra Pradesh,TechSmart India Pvt Ltd,4469,796
Govt of Andhra Pradesh,Tera Software Ltd,286,524
Govt of Andhra Pradesh,eCentric solutions pvt ltd,0,7
Govt of Goa,COMAT TECHNOLOGIES P LTD,1,0
Govt of Goa,MARS Telecom Systems Pvt Ltd,55,128
Govt of Gujarat,GSS Infotech Ltd,2233,212
Govt of Gujarat,Karvy Computershare Private Li,2550,320
Govt of Gujarat,Silver Touch Technologies Ltd,22214,530
Govt of Gujarat,Tera Software Ltd,4813,199
Govt of Gujarat,Transline Technologies P Ltd,859,133
Govt of Gujarat,Vayam technologies Ltd,8484,549
Govt of Gujarat,eCentric solutions pvt ltd,889,141
Govt of Himachal Pradesh,Wipro Ltd,1072,423
Govt of Himachal Pradesh,i-Grandee SoftwareTechnologies,3948,816
Govt of Karnataka ,BNR UDYOG LIMITED,69,11
Govt of Karnataka ,Bloom Solutions Pvt Ltd,20,5
Govt of Karnataka ,GLODYNE TECHNOSERVE,1,0
Govt of Karnataka ,MARS Telecom Systems Pvt Ltd,2407,1383
Govt of Karnataka ,Ninestars Information Technologies Ltd,4675,983
Govt of Karnataka ,Origin ITFS Pvt Ltd,27996,1725
Govt of Karnataka ,SREEVEN INFOCOM LIMITED,3393,1285
Govt of Kerala,Akshaya,10181,5415
Govt of Kerala,Keltron,972,1488
Govt of Maharashtra,Alankit Finsec Ltd,2244,790
Govt of Maharashtra,Bharat Technical Solutions Private Limited,158,78
Govt of Maharashtra,Eagle press pvt ltd,117,40
Govt of Maharashtra,GLODYNE TECHNOSERVE,145,2
Govt of Maharashtra,Karvy Computershare Private Li,2798,1298
Govt of Maharashtra,M/S King Computer System pvt Ltd,22,0
Govt of Maharashtra,M/s. Vidya Online  Pune,68,83
Govt of Maharashtra,Narayana Electricals Solution Pvt Ltd,889,193
Govt of Maharashtra,Netlink software Pvt Ltd,3109,629
Govt of Maharashtra,Network for Information & Computer,4,10
Govt of Maharashtra,Obel projects Pvt Ltd,1,3
Govt of Maharashtra,Rudranee Infotech Ltd,462,317
Govt of Maharashtra,SHREERAM PRINTING PRESS,525,83
Govt of Maharashtra,SPANCO,2422,503
Govt of Maharashtra,STRATEGIC OUTSOURCING SERVICE,1164,380
Govt of Maharashtra,Silver Touch Technologies Ltd,1325,555
Govt of Maharashtra,Systematic & Advance Const P L,63,43
Govt of Maharashtra,TEAM LIFE CARE COMPANY INDIA P,333,56
Govt of Maharashtra,TechSmart India Pvt Ltd,1437,347
Govt of Maharashtra,Tera Software Ltd,18,35
Govt of Maharashtra,Transline Technologies P Ltd,318,319
Govt of Maharashtra,Wipro Ltd,3493,820
Govt of Sikkim - Dept of Econo,Department of Economics Statistics  Monitoring and Evaluation DESME,72,37
IDBI Bank ltd,ATISHAY INFOTECH PVT. LTD.,708,326
IDBI Bank ltd,Matrix Processing House,453,142
IDBI Bank ltd,Pioneer E Labs limited,5,1
IDBI Bank ltd,SREEVEN INFOCOM LIMITED,881,580
IDBI Bank ltd,UTI TECHNOLOGY SERVICES LIMITE,1321,358
Indiapost,Delhi Integrated MMTS Ltd,5793,1296
Indiapost,GLODYNE TECHNOSERVE,0,2
Indiapost,M/S STAR DATA CENTRE,415,40
Indiapost,MARS Telecom Systems Pvt Ltd,525,252
Indiapost,Smart Chip Limited,393,80
Indiapost,TEAM LIFE CARE COMPANY INDIA P,1455,790
Indiapost,Vayam technologies Ltd,162,92
Indiapost,WEBEL,258,320
Information Technology & Communication Department,4G INFORMATICS,12086,473
Information Technology & Communication Department,BNR UDYOG LIMITED,1070,234
Information Technology & Communication Department,Bloom Solutions Pvt Ltd,802,600
Information Technology & Communication Department,CSS TECHNERGY LIMITED,413,172
Information Technology & Communication Department,GDC Advertising Pvt. Limited,53,131
Information Technology & Communication Department,JYOTHI COMPUTER SERVICES,2346,1080
Information Technology & Communication Department,Karvy Data Management Services,28,251
Information Technology & Communication Department,MARS Telecom Systems Pvt Ltd,512,137
Information Technology & Communication Department,SREEVEN INFOCOM LIMITED,803,530
Information Technology & Communication Department,Tera Software Ltd,793,150
Jharkhand,Alankit Assignments Limited,10,7
Jharkhand,Blue Circle Instrument,102,106
Jharkhand,Emdee Digitronics Pvt.Ltd.,3152,411
Jharkhand,MKS Enterprises,1267,401
Jharkhand,Nevaeh Technology Pvt. Ltd.,223,175
Jharkhand,STRATEGIC OUTSOURCING SERVICE,13,1
Jharkhand,Smart Chip Limited,496,52
Jharkhand,Systematic & Advance Const P L,706,93
Jharkhand,VISION COMPTECH INTEGRATOR LTD,1140,601
Jharkhand,Wipro Ltd,11537,2721
Mission Convergence - GNCT Del,Karvy Computershare Private Li,114,173
Mission Convergence - GNCT Del,NVR & ASSOCIATES LIMITED,341,252
NSDL e-Governance Infrastructure Limited,Abhipra Capital Ltd,2642,558
NSDL e-Governance Infrastructure Limited,Alankit Assignments Limited,6136,1610
NSDL e-Governance Infrastructure Limited,Delhi Integrated MMTS Ltd,619,30
NSDL e-Governance Infrastructure Limited,INTEGRATED REGISTRY SERVICES LTD,9,7
NSDL e-Governance Infrastructure Limited,Karvy Data Management Services,13681,3323
NSDL e-Governance Infrastructure Limited,Netlink software Pvt Ltd,5203,724
NSDL e-Governance Infrastructure Limited,PROWIZ MANSYTEMS PVT LTD,2813,345
NSDL e-Governance Infrastructure Limited,TEAM LIFE CARE COMPANY INDIA P,47,59
NSDL e-Governance Infrastructure Limited,VIRGO SOFTECH LIMITED,4080,888
Oriental Bank of Commerce,DATASOFT COMPUTER SERVICES(P),356,176
Oriental Bank of Commerce,Euro Finmart Ltd,167,44
Oriental Bank of Commerce,JNET Technologies Pvt.Ltd,1140,63
Oriental Bank of Commerce,Redim Software Technologies Pvt Ltd,194,409
Oriental Bank of Commerce,Sri Ramraja Sarkar Lok Kalyan Trust,3543,981
Oriental Bank of Commerce,Wipro Ltd,3895,950
Registrar General India - BEL,Manipur Electronics Dev Corp,240,3
Registrar General India - BEL,Swathy Smartcards Hi-Tech Pvt,17,53
Registrar General India BEL2,Alankit Assignments Limited,346,26
Registrar General India BEL2,Computer LAB,2246,1576
Registrar General India BEL2,Emdee Digitronics Pvt.Ltd.,1199,93
Registrar General India BEL2,In Media Computer Services LLP,8,4
Registrar General India BEL2,India Computer Technology,21686,1124
Registrar General India BEL2,MACRO INFOTECH PVT LTD,1314,279
Registrar General India BEL2,MKS Enterprises,8,52
Registrar General India BEL2,Madras Security Printers Ltd,14253,847
Registrar General India BEL2,Manipur Electronics Dev Corp,283,3
Registrar General India BEL2,Multiwave Innovation,173,132
Registrar General India BEL2,Netlink software Pvt Ltd,619,289
Registrar General India BEL2,Nevaeh Technology Pvt. Ltd.,53,3
Registrar General India BEL2,Nielsen  India  Private Limited,539,681
Registrar General India BEL2,Om Softwares,17942,1713
Registrar General India BEL2,SREEVEN INFOCOM LIMITED,5,1
Registrar General India BEL2,STRATEGIC OUTSOURCING SERVICE,1197,307
Registrar General India BEL2,Satyanarayana Raju Company Pvt ltd,462,3
Registrar General India BEL2,Swathy Smartcards Hi-Tech Pvt,30173,19478
Registrar General India BEL2,Swiss Tech India Pvt Ltd,307,5
Registrar General India BEL2,Tera Software Ltd,8949,1449
Registrar General India BEL2,UNITED DATA SERVICES PRIVATE LIMITED,5677,572
Registrar General India BEL2,VIRGO SOFTECH LIMITED,0,2
Registrar General India BEL2,Vansh Infotech Pvt Ltd,6720,196
Registrar General India BEL2,Vedavaag Systems Limited,2359,191
Registrar General India BEL2,Viesa Technologies,368,52
Registrar General India ECIL,AVVAS INFOTECH PVT  LTD,2992,210
Registrar General India ECIL,BUSINESS INFORMATION PROCESSING SERVICES,2808,63
Registrar General India ECIL,COMTECH INSTITUTE OFTECHNOLOGY,1828,453
Registrar General India ECIL,COMTECHINFO SOLUTIONS PVT.LTD,2092,67
Registrar General India ECIL,Chinar Construction Company Prime agency,495,12
Registrar General India ECIL,Clairvoyance Technologies Pvt.,26,226
Registrar General India ECIL,Computer LAB,8888,7698
Registrar General India ECIL,Eagle Software India Pvt. Ltd,10155,2734
Registrar General India ECIL,Esoft Consulting Limited,13221,997
Registrar General India ECIL,In Media Computer Services LLP,2695,135
Registrar General India ECIL,India Computer Technology,1507,3374
Registrar General India ECIL,Karvy Data Management Services,13644,522
Registrar General India ECIL,Krishna Infotech,3666,33114
Registrar General India ECIL,Madras Security Printers Ltd,6335,8655
Registrar General India ECIL,Mphasis Ltd,22069,1085
Registrar General India ECIL,Netwing Technologies Pvt Ltd,2244,14
Registrar General India ECIL,Nielsen  India  Private Limited,222,305
Registrar General India ECIL,Pioneer E Labs limited,96,239
Registrar General India ECIL,Quick Data IT Services Pvt Ltd,0,2
Registrar General India ECIL,SARADA SYSTEMS,14,1
Registrar General India ECIL,SWISSTECH NPR 57CR PROJECT PVT,3687,23453
Registrar General India ECIL,Tera Software Ltd,259,82
Registrar General India ECIL,Vedavaag Systems Limited,1712,8215
Registrar General India Others,AVVAS INFOTECH PVT  LTD,1,0
Registrar General India Others,Alankit Assignments Limited,0,1
Registrar General India Others,BUSINESS INFORMATION PROCESSING SERVICES,1,0
Registrar General India Others,COMTECHINFO SOLUTIONS PVT.LTD,3,0
Registrar General India Others,Chinar Construction Company Prime agency,7,0
Registrar General India Others,Computer LAB,1,3
Registrar General India Others,Eagle Software India Pvt. Ltd,0,2
Registrar General India Others,Esoft Consulting Limited,1,0
Registrar General India Others,In Media Computer Services LLP,0,6
Registrar General India Others,Karvy Data Management Services,46,1
Registrar General India Others,Krishna Infotech,0,5
Registrar General India Others,Madras Security Printers Ltd,5,3
Registrar General India Others,Mphasis Ltd,24,1
Registrar General India Others,Nielsen  India  Private Limited,0,11
Registrar General India Others,STRATEGIC OUTSOURCING SERVICE,1,0
Registrar General India Others,SWISSTECH NPR 57CR PROJECT PVT,3,2
Registrar General India Others,Swathy Smartcards Hi-Tech Pvt,16,15
Registrar General India Others,Swiss Tech India Pvt Ltd,0,2
Registrar General India Others,Vansh Infotech Pvt Ltd,4,2
Registrar General India Others,Vedavaag Systems Limited,4,1
Registrar General India Others,WEBEL TECHNOLOGY LIMITED,0,2
Registrar General of India ITI,COMTECH INSTITUTE OFTECHNOLOGY,1251,47
Registrar General of India ITI,CSS TECHNERGY LIMITED,254,104
Registrar General of India ITI,CommunitiWorks Welfare Society,1665,165
Registrar General of India ITI,Eagle Software India Pvt. Ltd,1917,241
Registrar General of India ITI,Emdee Digitronics Pvt.Ltd.,12985,1512
Registrar General of India ITI,In Media Computer Services LLP,200,2
Registrar General of India ITI,Karvy Data Management Services,3149,151
Registrar General of India ITI,Madras Security Printers Ltd,258,14
Registrar General of India ITI,Mphasis Ltd,4764,110
Registrar General of India ITI,Multiwave Innovation,5,36
Registrar General of India ITI,Netlink software Pvt Ltd,556,125
Registrar General of India ITI,Netwing Technologies Pvt Ltd,23,8
Registrar General of India ITI,Nielsen  India  Private Limited,1040,188
Registrar General of India ITI,SREEVEN INFOCOM LIMITED,46,50
Registrar General of India ITI,STRATEGIC OUTSOURCING SERVICE,1051,207
Registrar General of India ITI,Satyanarayana Raju Company Pvt ltd,2222,31
Registrar General of India ITI,Swathy Smartcards Hi-Tech Pvt,15658,24446
Registrar General of India ITI,TechSmart India Pvt Ltd,14,10
Registrar General of India ITI,Urmila Info solution,4,6
Registrar General of India ITI,VIRGO SOFTECH LIMITED,503,98
Registrar General of India ITI,Vedavaag Systems Limited,4386,476
Registrar General of India ITI,WEBEL TECHNOLOGY LIMITED,5693,1086
STATE BANK OF PATIALA,CSS TECHNERGY LIMITED,2,1
State Bank of Bikaner & Jaipur,Multiwave Innovation,461,119
State Bank of Travancore,Tera Software Ltd,31,201
UIDAI-Registrar,UIDAI-EA,6,13
UT Of Daman and Diu,Alankit Assignments Limited,30,12
UT of Puducherry,Madras Security Printers Ltd,139,186
Union Bank,FINANCIAL INFORMATION NETWORK,18275,3410
Union Bank,Smart Chip Limited,5518,3157
Union Bank,Vakrangee Softwares Limited,38276,4993
