Registrar,Enrolment Agency,Aadhaar generated,Enrolment Rejected
Allahabad Bank,Vakrangee Softwares Limited,436,47
Bank Of India,A3 Logics  India  Ltd,3407,108
Bank Of India,Akanksha International,4464,39
Bank Of India,Blue Circle Instrument,1607,16
Bank Of India,CHESSY CONSULTANTS PVT LTD,920,30
Bank Of India,DATASOFT COMPUTER SERVICES(P),912,24
Bank Of India,Emdee Digitronics Pvt.Ltd.,285,6
Bank Of India,Frontech Systems Pvt Ltd,1266,17
Bank Of India,ITI LIMITED,129,0
Bank Of India,MANTRA SOFTTECH (INDIA) PVTLTD,331,5
Bank Of India,Matrix Processing House,8740,305
Bank Of India,OSWAL COMPUTERS & CONSULTANTS,6261,1013
Bank Of India,PROTEX COMPUTER PVT LTD,1790,89
Bank Of India,SARADA SYSTEMS,1749,29
Bank Of India,SHRIKRISHNA KHANDASARI SUGAR M,8022,127
Bank Of India,SPANCO,3691,181
Bank Of India,SREI INFRASTRUCTURE FINANCES L,11220,335
Bank Of India,Silver Touch Technologies Ltd,2555,23
Bank Of India,Systematic & Advance Const P L,7904,504
Bank Of India,VEETECHNOLOGIES PVT. LTD,12818,67
Bank Of India,VIRGO SOFTECH LIMITED,8,1
Bank Of India,Vakrangee Softwares Limited,627,51
Bank of Baroda,DATASOFT COMPUTER SERVICES(P),27,0
Bank of Baroda,IL&FS LTD,1,0
Bank of Baroda,TEAM LIFE CARE COMPANY INDIA P,2945,15
Bank of Maharashtra,Alankit Finsec Ltd,327,5
Bank of Maharashtra,FINANCIAL INFORMATION NETWORK,988,60
Bank of Maharashtra,Micro Technologies India Ltd,2448,58
Bank of Maharashtra,Tera Software Ltd,5863,26
CSC e-Governance Services India Limited,A I Soc for Electronics and Comp Tech,4999,139
CSC e-Governance Services India Limited,AKSH OPTIFIBRE LIMITED,1711,47
CSC e-Governance Services India Limited,BASIX,1621,5
CSC e-Governance Services India Limited,CALANCE SOFTWARE PRIVATE LTD,3940,115
CSC e-Governance Services India Limited,CMS Computers Ltd,12061,161
CSC e-Governance Services India Limited,CSC e-Governance Services India Limited,3583,125
CSC e-Governance Services India Limited,Intelligent Communication Systems India Limited,331,6
CSC e-Governance Services India Limited,Network for Information & Computer,7408,70
CSC e-Governance Services India Limited,Reliance Communication Limited,3228,47
CSC e-Governance Services India Limited,SPANCO,791,33
CSC e-Governance Services India Limited,Tera Software Ltd,124,2
CSC e-Governance Services India Limited,United Telecoms e-Services Pvt Ltd,1448,23
CSC e-Governance Services India Limited,VIKALP MULTIMEDIA,254,4
CSC e-Governance Services India Limited,Vakrangee Softwares Limited,2102,24
Central Bank of India,CALANCE SOFTWARE PRIVATE LTD,2497,24
Central Bank of India,IAP COMPANY Pvt. Ltd,18494,345
Central Bank of India,IL&FS LTD,2,0
Central Bank of India,MANTRA SOFTTECH (INDIA) PVTLTD,97,10
Central Bank of India,SREI INFRASTRUCTURE FINANCES L,2,0
Central Bank of India,The Peerless General Finance,1493,15
DENA BANK,ATISHAY INFOTECH PVT. LTD.,1064,11
DENA BANK,Bloom Solutions Pvt Ltd,2238,37
DENA BANK,Business Information Processing Services,1498,17
DENA BANK,CALANCE SOFTWARE PRIVATE LTD,289,5
DENA BANK,DATASOFT COMPUTER SERVICES(P),371,19
DENA BANK,JNET Technologies Pvt.Ltd,5500,120
DENA BANK,K W Consulting P Ltd,1571,43
DENA BANK,Multiwave Innovation,2098,68
DENA BANK,Narayana Electricals Solution Pvt Ltd,2463,30
DENA BANK,Netlink software Pvt Ltd,580,3
DENA BANK,Ortem Securities Limited,220,3
DENA BANK,Prodigy Systems and Services Private Limited,853,14
DENA BANK,Soc for Advancement of Environ Science,294,11
DENA BANK,TechSmart India Pvt Ltd,1436,44
DENA BANK,Tera Software Ltd,1605,30
DENA BANK,WEBEL,44,3
Delhi - Central DC,Smart Chip Limited,423,37
Delhi - East DC,DATASOFT COMPUTER SERVICES(P),989,86
Delhi - ND DC,Smart Chip Limited,90,23
Delhi - NE DC,Alankit Assignments Limited,1,0
Delhi - NE DC,Smart Chip Limited,664,84
Delhi - North DC,CALANCE SOFTWARE PRIVATE LTD,1249,291
Delhi - North DC,DATASOFT COMPUTER SERVICES(P),3,0
Delhi - North DC,NVR & ASSOCIATES LIMITED,1554,684
Delhi - North DC,Smart Chip Limited,459,29
Delhi SW DC,VIRGO SOFTECH LIMITED,214,29
Delhi Urban Shelter Improvemen,Tera Software Ltd,1,0
Delhi- South DC,Karvy Computershare Private Li,665,84
Delhi- South DC,Smart Chip Limited,225,31
Delhi- South DC,Tera Software Ltd,10,0
Delhi- South DC,eCentric solutions pvt ltd,5,0
Delhi- West DC,Matrix Processing House,2,0
Delhi- West DC,Smart Chip Limited,88,9
Delhi- West DC,VIRGO SOFTECH LIMITED,462,88
Delhi-NW DC,Karvy Computershare Private Li,702,102
Department of Information Technology Govt of Jharkhand,Blue Circle Instrument,730,23
Department of Information Technology Govt of Jharkhand,MKS Enterprises,1547,56
Department of Information Technology Govt of Jharkhand,Systematic & Advance Const P L,10,2
Department of Information Technology Govt of Jharkhand,Vayam technologies Ltd,28,0
Dept of ITC Govt of Rajasthan,ATISHAY INFOTECH PVT. LTD.,3266,180
Dept of ITC Govt of Rajasthan,AVVAS INFOTECH PVT  LTD,4678,106
Dept of ITC Govt of Rajasthan,Alankit Finsec Ltd,1599,75
Dept of ITC Govt of Rajasthan,Business Information Processing Services,4719,22
Dept of ITC Govt of Rajasthan,DATASOFT COMPUTER SERVICES(P),4430,164
Dept of ITC Govt of Rajasthan,Gem Computers,7872,121
Dept of ITC Govt of Rajasthan,MANTRA SOFTTECH (INDIA) PVTLTD,186,11
Dept of ITC Govt of Rajasthan,Multiwave Innovation,545,31
Dept of ITC Govt of Rajasthan,Netlink software Pvt Ltd,6979,41
Dept of ITC Govt of Rajasthan,TechSmart India Pvt Ltd,796,58
Dept of ITC Govt of Rajasthan,Transline Technologies P Ltd,18084,389
Dept of ITC Govt of Rajasthan,VIRGO SOFTECH LIMITED,695,45
Dept of ITC Govt of Rajasthan,Vakrangee Softwares Limited,4868,653
Dept of ITC Govt of Rajasthan,Vayam technologies Ltd,19868,284
FCR Govt of Haryana,4G INFORMATICS,2831,36
FCR Govt of Haryana,Vakrangee Softwares Limited,88,4
FCR Govt of Haryana,Vayam technologies Ltd,1075,3
FCS Govt of Punjab,Alankit Assignments Limited,27,9
FCS Govt of Punjab,Alankit Finsec Ltd,50,0
FCS Govt of Punjab,CSS TECHNERGY LIMITED,292,1
FCS Govt of Punjab,Delhi Integrated MMTS Ltd,56,0
FCS Govt of Punjab,Diwakar Commercials Pvt Ltd,11,0
FCS Govt of Punjab,Karvy Computershare Private Li,7551,439
FCS Govt of Punjab,VIRGO SOFTECH LIMITED,3,0
FCS Govt of Punjab,Vayam technologies Ltd,4749,322
FCS Govt of Punjab,eCentric solutions pvt ltd,6841,112
Govt of Andhra Pradesh,Gouthami Educational Society,2888,112
Govt of Andhra Pradesh,GrapeSoft,1242,40
Govt of Andhra Pradesh,IL&FS LTD,21,0
Govt of Andhra Pradesh,INFRONICS SYSTEMS LTD,1744,60
Govt of Andhra Pradesh,SREEVEN INFOCOM LIMITED,1052,76
Govt of Andhra Pradesh,TechSmart India Pvt Ltd,2881,249
Govt of Andhra Pradesh,Tera Software Ltd,1439,81
Govt of Andhra Pradesh,eCentric solutions pvt ltd,20,3
Govt of Goa,COMAT TECHNOLOGIES P LTD,9,0
Govt of Goa,MARS Telecom Systems Pvt Ltd,380,14
Govt of Gujarat,GSS Infotech Ltd,7223,139
Govt of Gujarat,Karvy Computershare Private Li,17721,228
Govt of Gujarat,Silver Touch Technologies Ltd,13034,249
Govt of Gujarat,Tera Software Ltd,10011,89
Govt of Gujarat,Transline Technologies P Ltd,694,52
Govt of Gujarat,Vayam technologies Ltd,4402,155
Govt of Gujarat,eCentric solutions pvt ltd,2007,32
Govt of Himachal Pradesh,Wipro Ltd,3446,61
Govt of Himachal Pradesh,i-Grandee SoftwareTechnologies,2783,48
Govt of Karnataka ,BNR UDYOG LIMITED,73,1
Govt of Karnataka ,Bloom Solutions Pvt Ltd,104,0
Govt of Karnataka ,GLODYNE TECHNOSERVE,5,0
Govt of Karnataka ,MARS Telecom Systems Pvt Ltd,5833,191
Govt of Karnataka ,Ninestars Information Technologies Ltd,33441,1744
Govt of Karnataka ,Origin ITFS Pvt Ltd,18357,2586
Govt of Karnataka ,SREEVEN INFOCOM LIMITED,7201,259
Govt of Karnataka ,Tera Software Ltd,5,0
Govt of Kerala,Akshaya,11205,116
Govt of Kerala,Keltron,1453,25
Govt of Madhya Pradesh,VIRGO SOFTECH LIMITED,8,0
Govt of Maharashtra,Alankit Finsec Ltd,2141,46
Govt of Maharashtra,Bharat Technical Solutions Private Limited,951,3
Govt of Maharashtra,Eagle press pvt ltd,1240,8
Govt of Maharashtra,GLODYNE TECHNOSERVE,249,1
Govt of Maharashtra,GSS Infotech Ltd,2,0
Govt of Maharashtra,Karvy Computershare Private Li,6093,242
Govt of Maharashtra,M/S King Computer System pvt Ltd,490,0
Govt of Maharashtra,M/s. Vidya Online  Pune,1365,4
Govt of Maharashtra,Mahaonline Limited,10,0
Govt of Maharashtra,Narayana Electricals Solution Pvt Ltd,2887,28
Govt of Maharashtra,Netlink software Pvt Ltd,4370,239
Govt of Maharashtra,Network for Information & Computer,33,1
Govt of Maharashtra,Obel projects Pvt Ltd,61,0
Govt of Maharashtra,Rudranee Infotech Ltd,2636,18
Govt of Maharashtra,SHREERAM PRINTING PRESS,4211,15
Govt of Maharashtra,SPANCO,3446,30
Govt of Maharashtra,STRATEGIC OUTSOURCING SERVICE,4323,182
Govt of Maharashtra,Silver Touch Technologies Ltd,2419,45
Govt of Maharashtra,Systematic & Advance Const P L,283,3
Govt of Maharashtra,TEAM LIFE CARE COMPANY INDIA P,686,1
Govt of Maharashtra,TechSmart India Pvt Ltd,738,170
Govt of Maharashtra,Tera Software Ltd,520,0
Govt of Maharashtra,Transline Technologies P Ltd,1869,19
Govt of Maharashtra,Wipro Ltd,7692,109
Govt of Sikkim - Dept of Econo,Department of Economics Statistics  Monitoring and Evaluation DESME,298,0
IDBI Bank ltd,ATISHAY INFOTECH PVT. LTD.,1180,101
IDBI Bank ltd,Matrix Processing House,336,14
IDBI Bank ltd,Pioneer E Labs limited,2,0
IDBI Bank ltd,SREEVEN INFOCOM LIMITED,5186,55
IDBI Bank ltd,UTI TECHNOLOGY SERVICES LIMITE,1998,31
Indian Overseas Bank,Eagle Software India Pvt. Ltd,1,0
Indiapost,COMAT TECHNOLOGIES P LTD,1,0
Indiapost,Delhi Integrated MMTS Ltd,5645,244
Indiapost,Eagle press pvt ltd,2,0
Indiapost,GSS Infotech Ltd,1,0
Indiapost,M/S STAR DATA CENTRE,1173,25
Indiapost,MARS Telecom Systems Pvt Ltd,650,22
Indiapost,Smart Chip Limited,30,5
Indiapost,TEAM LIFE CARE COMPANY INDIA P,3936,74
Indiapost,Vayam technologies Ltd,657,50
Indiapost,WEBEL,361,55
Information Technology & Communication Department,4G INFORMATICS,7073,291
Information Technology & Communication Department,BNR UDYOG LIMITED,2663,156
Information Technology & Communication Department,Bloom Solutions Pvt Ltd,2097,23
Information Technology & Communication Department,CSS TECHNERGY LIMITED,605,18
Information Technology & Communication Department,GDC Advertising Pvt. Limited,365,0
Information Technology & Communication Department,JYOTHI COMPUTER SERVICES,3401,43
Information Technology & Communication Department,Karvy Data Management Services,489,19
Information Technology & Communication Department,MARS Telecom Systems Pvt Ltd,717,11
Information Technology & Communication Department,SREEVEN INFOCOM LIMITED,2226,76
Information Technology & Communication Department,Tera Software Ltd,406,41
Jharkhand,Alankit Assignments Limited,29,0
Jharkhand,Blue Circle Instrument,76,1
Jharkhand,Emdee Digitronics Pvt.Ltd.,1322,143
Jharkhand,MKS Enterprises,1870,37
Jharkhand,Nevaeh Technology Pvt. Ltd.,707,40
Jharkhand,STRATEGIC OUTSOURCING SERVICE,22,0
Jharkhand,Smart Chip Limited,894,92
Jharkhand,Systematic & Advance Const P L,1888,15
Jharkhand,VISION COMPTECH INTEGRATOR LTD,2661,149
Jharkhand,Wipro Ltd,18859,391
Mission Convergence - GNCT Del,Karvy Computershare Private Li,229,21
Mission Convergence - GNCT Del,NVR & ASSOCIATES LIMITED,512,52
Mission Convergence - GNCT Del,eCentric solutions pvt ltd,6,0
NSDL e-Governance Infrastructure Limited,Abhipra Capital Ltd,6086,85
NSDL e-Governance Infrastructure Limited,Alankit Assignments Limited,6232,340
NSDL e-Governance Infrastructure Limited,Delhi Integrated MMTS Ltd,130,3
NSDL e-Governance Infrastructure Limited,INTEGRATED REGISTRY SERVICES LTD,50,0
NSDL e-Governance Infrastructure Limited,Karvy Data Management Services,30290,1057
NSDL e-Governance Infrastructure Limited,Netlink software Pvt Ltd,28812,480
NSDL e-Governance Infrastructure Limited,PROWIZ MANSYTEMS PVT LTD,15973,100
NSDL e-Governance Infrastructure Limited,TEAM LIFE CARE COMPANY INDIA P,485,11
NSDL e-Governance Infrastructure Limited,VIRGO SOFTECH LIMITED,4037,211
Oriental Bank of Commerce,DATASOFT COMPUTER SERVICES(P),584,20
Oriental Bank of Commerce,Euro Finmart Ltd,503,2
Oriental Bank of Commerce,FINANCIAL INFORMATION NETWORK,4,0
Oriental Bank of Commerce,JNET Technologies Pvt.Ltd,3284,231
Oriental Bank of Commerce,Redim Software Technologies Pvt Ltd,797,4
Oriental Bank of Commerce,Sri Ramraja Sarkar Lok Kalyan Trust,25945,147
Oriental Bank of Commerce,Wipro Ltd,7784,445
Others,Others,0,4
Registrar General India - BEL,Manipur Electronics Dev Corp,54,0
Registrar General India - BEL,Swathy Smartcards Hi-Tech Pvt,477,0
Registrar General India BEL2,Alankit Assignments Limited,119,1
Registrar General India BEL2,Computer LAB,1728,22
Registrar General India BEL2,Emdee Digitronics Pvt.Ltd.,347,12
Registrar General India BEL2,In Media Computer Services LLP,17,0
Registrar General India BEL2,India Computer Technology,15546,84
Registrar General India BEL2,MACRO INFOTECH PVT LTD,6208,47
Registrar General India BEL2,MKS Enterprises,16,0
Registrar General India BEL2,Madras Security Printers Ltd,42795,228
Registrar General India BEL2,Manipur Electronics Dev Corp,610,5
Registrar General India BEL2,Multiwave Innovation,490,11
Registrar General India BEL2,Netlink software Pvt Ltd,3625,36
Registrar General India BEL2,Nevaeh Technology Pvt. Ltd.,51,0
Registrar General India BEL2,Nielsen  India  Private Limited,2740,113
Registrar General India BEL2,Om Softwares,34001,218
Registrar General India BEL2,SREEVEN INFOCOM LIMITED,6,0
Registrar General India BEL2,STRATEGIC OUTSOURCING SERVICE,1662,277
Registrar General India BEL2,Satyanarayana Raju Company Pvt ltd,177,0
Registrar General India BEL2,Swathy Smartcards Hi-Tech Pvt,159913,1153
Registrar General India BEL2,Swiss Tech India Pvt Ltd,578,1
Registrar General India BEL2,Tera Software Ltd,5800,59
Registrar General India BEL2,UNITED DATA SERVICES PRIVATE LIMITED,10114,58
Registrar General India BEL2,VIRGO SOFTECH LIMITED,13,0
Registrar General India BEL2,Vansh Infotech Pvt Ltd,2166,4
Registrar General India BEL2,Vedavaag Systems Limited,2701,22
Registrar General India BEL2,Viesa Technologies,31,0
Registrar General India ECIL,AVVAS INFOTECH PVT  LTD,3495,38
Registrar General India ECIL,BUSINESS INFORMATION PROCESSING SERVICES,888,2
Registrar General India ECIL,COMTECH INSTITUTE OFTECHNOLOGY,1017,27
Registrar General India ECIL,COMTECHINFO SOLUTIONS PVT.LTD,2759,3
Registrar General India ECIL,Chinar Construction Company Prime agency,3139,5
Registrar General India ECIL,Clairvoyance Technologies Pvt.,112,0
Registrar General India ECIL,Computer LAB,35607,807
Registrar General India ECIL,Eagle Software India Pvt. Ltd,28755,5973
Registrar General India ECIL,Esoft Consulting Limited,1130,14
Registrar General India ECIL,In Media Computer Services LLP,5616,25
Registrar General India ECIL,India Computer Technology,21561,15719
Registrar General India ECIL,Karvy Data Management Services,11747,375
Registrar General India ECIL,Krishna Infotech,143223,61
Registrar General India ECIL,Madras Security Printers Ltd,28164,3658
Registrar General India ECIL,Mphasis Ltd,3404,49
Registrar General India ECIL,Netwing Technologies Pvt Ltd,88,0
Registrar General India ECIL,Nielsen  India  Private Limited,1493,5
Registrar General India ECIL,Pioneer E Labs limited,529,25
Registrar General India ECIL,Quick Data IT Services Pvt Ltd,84,1
Registrar General India ECIL,SARADA SYSTEMS,7,0
Registrar General India ECIL,SWISSTECH NPR 57CR PROJECT PVT,55255,330
Registrar General India ECIL,Tera Software Ltd,511,0
Registrar General India ECIL,Vedavaag Systems Limited,30193,108
Registrar General India Others,AVVAS INFOTECH PVT  LTD,3,0
Registrar General India Others,COMTECHINFO SOLUTIONS PVT.LTD,2,0
Registrar General India Others,Computer LAB,4,0
Registrar General India Others,Eagle Software India Pvt. Ltd,1,0
Registrar General India Others,Karvy Data Management Services,122,1
Registrar General India Others,Madras Security Printers Ltd,113,0
Registrar General India Others,SWISSTECH NPR 57CR PROJECT PVT,81,3
Registrar General India Others,Swathy Smartcards Hi-Tech Pvt,77,1
Registrar General India Others,Vedavaag Systems Limited,5,1
Registrar General of India ITI,COMTECH INSTITUTE OFTECHNOLOGY,979,15
Registrar General of India ITI,CSS TECHNERGY LIMITED,688,3
Registrar General of India ITI,CommunitiWorks Welfare Society,698,2
Registrar General of India ITI,Eagle Software India Pvt. Ltd,3541,55
Registrar General of India ITI,Emdee Digitronics Pvt.Ltd.,16522,734
Registrar General of India ITI,In Media Computer Services LLP,670,1
Registrar General of India ITI,Karvy Data Management Services,5697,65
Registrar General of India ITI,Madras Security Printers Ltd,1490,42
Registrar General of India ITI,Mphasis Ltd,942,13
Registrar General of India ITI,Multiwave Innovation,20,18
Registrar General of India ITI,Netlink software Pvt Ltd,2475,70
Registrar General of India ITI,Netwing Technologies Pvt Ltd,16,4
Registrar General of India ITI,Nielsen  India  Private Limited,4508,7
Registrar General of India ITI,SREEVEN INFOCOM LIMITED,1431,1
Registrar General of India ITI,STRATEGIC OUTSOURCING SERVICE,2775,10
Registrar General of India ITI,Satyanarayana Raju Company Pvt ltd,982,2
Registrar General of India ITI,Swathy Smartcards Hi-Tech Pvt,11262,197
Registrar General of India ITI,TechSmart India Pvt Ltd,441,3
Registrar General of India ITI,Urmila Info solution,87,0
Registrar General of India ITI,VIRGO SOFTECH LIMITED,1076,6
Registrar General of India ITI,Vedavaag Systems Limited,1612,26
Registrar General of India ITI,WEBEL TECHNOLOGY LIMITED,7020,47
State Bank of Bikaner & Jaipur,Multiwave Innovation,918,54
State Bank of India,CSS TECHNERGY LIMITED,2,0
State Bank of India,IL&FS LTD,1,0
State Bank of India,Smart Chip Limited,1,0
State Bank of Travancore,Tera Software Ltd,94,1
UIDAI-Registrar,UIDAI-EA,17,1
UT Of Daman and Diu,Alankit Assignments Limited,80,5
UT of Puducherry,Madras Security Printers Ltd,79,4
Union Bank,FINANCIAL INFORMATION NETWORK,28272,1118
Union Bank,Smart Chip Limited,12153,1149
Union Bank,Vakrangee Softwares Limited,33195,1095
