Registrar,Enrolment Agency,Aadhaar generated,Enrolment Rejected
Allahabad Bank,Vakrangee Softwares Limited,417,10
Bank Of India,A3 Logics  India  Ltd,4372,185
Bank Of India,Akanksha International,1564,35
Bank Of India,Blue Circle Instrument,1922,16
Bank Of India,CHESSY CONSULTANTS PVT LTD,2787,5
Bank Of India,DATASOFT COMPUTER SERVICES(P),625,53
Bank Of India,Emdee Digitronics Pvt.Ltd.,1598,15
Bank Of India,Frontech Systems Pvt Ltd,1516,31
Bank Of India,ITI LIMITED,134,2
Bank Of India,MANTRA SOFTTECH (INDIA) PVTLTD,301,16
Bank Of India,Matrix Processing House,8043,242
Bank Of India,OPTIMIX CONSULTANCY PRIVATE LT,0,1
Bank Of India,OSWAL COMPUTERS & CONSULTANTS,5201,1376
Bank Of India,PROTEX COMPUTER PVT LTD,1807,90
Bank Of India,SARADA SYSTEMS,1882,28
Bank Of India,SHRIKRISHNA KHANDASARI SUGAR M,6262,10
Bank Of India,SPANCO,5833,141
Bank Of India,SREI INFRASTRUCTURE FINANCES L,11190,182
Bank Of India,Silver Touch Technologies Ltd,813,34
Bank Of India,Systematic & Advance Const P L,5960,271
Bank Of India,VEETECHNOLOGIES PVT. LTD,6471,14
Bank Of India,VIRGO SOFTECH LIMITED,1,0
Bank Of India,Vakrangee Softwares Limited,491,56
Bank of Baroda,DATASOFT COMPUTER SERVICES(P),18,0
Bank of Baroda,IL&FS LTD,2,0
Bank of Baroda,TEAM LIFE CARE COMPANY INDIA P,1978,16
Bank of Maharashtra,Alankit Finsec Ltd,156,8
Bank of Maharashtra,FINANCIAL INFORMATION NETWORK,1639,8
Bank of Maharashtra,Micro Technologies India Ltd,1128,85
Bank of Maharashtra,Tera Software Ltd,2009,0
CSC e-Governance Services India Limited,A I Soc for Electronics and Comp Tech,7933,748
CSC e-Governance Services India Limited,AKSH OPTIFIBRE LIMITED,1416,126
CSC e-Governance Services India Limited,BASIX,830,3
CSC e-Governance Services India Limited,CALANCE SOFTWARE PRIVATE LTD,2802,40
CSC e-Governance Services India Limited,CMS Computers Ltd,6003,236
CSC e-Governance Services India Limited,CSC e-Governance Services India Limited,3893,55
CSC e-Governance Services India Limited,Intelligent Communication Systems India Limited,2559,3
CSC e-Governance Services India Limited,Network for Information & Computer,2430,25
CSC e-Governance Services India Limited,Reliance Communication Limited,1716,178
CSC e-Governance Services India Limited,SPANCO,866,47
CSC e-Governance Services India Limited,Tera Software Ltd,94,1
CSC e-Governance Services India Limited,United Telecoms e-Services Pvt Ltd,1877,142
CSC e-Governance Services India Limited,VIKALP MULTIMEDIA,75,3
CSC e-Governance Services India Limited,Vakrangee Softwares Limited,3037,0
Central Bank of India,CALANCE SOFTWARE PRIVATE LTD,1904,39
Central Bank of India,IAP COMPANY Pvt. Ltd,19688,248
Central Bank of India,MANTRA SOFTTECH (INDIA) PVTLTD,111,7
Central Bank of India,SREI INFRASTRUCTURE FINANCES L,5,0
Central Bank of India,The Peerless General Finance,1718,3
DENA BANK,ATISHAY INFOTECH PVT. LTD.,1624,9
DENA BANK,Bloom Solutions Pvt Ltd,1796,0
DENA BANK,Business Information Processing Services,795,15
DENA BANK,CALANCE SOFTWARE PRIVATE LTD,178,10
DENA BANK,DATASOFT COMPUTER SERVICES(P),676,9
DENA BANK,JNET Technologies Pvt.Ltd,3607,15
DENA BANK,K W Consulting P Ltd,1109,46
DENA BANK,Multiwave Innovation,1760,24
DENA BANK,Narayana Electricals Solution Pvt Ltd,2079,0
DENA BANK,Netlink software Pvt Ltd,140,3
DENA BANK,Ortem Securities Limited,54,0
DENA BANK,Prodigy Systems and Services Private Limited,304,0
DENA BANK,Soc for Advancement of Environ Science,1597,23
DENA BANK,TechSmart India Pvt Ltd,573,0
DENA BANK,Tera Software Ltd,1579,8
DENA BANK,WEBEL,126,0
Delhi - Central DC,Smart Chip Limited,358,15
Delhi - East DC,DATASOFT COMPUTER SERVICES(P),1145,47
Delhi - ND DC,Smart Chip Limited,81,4
Delhi - NE DC,Alankit Assignments Limited,5,0
Delhi - NE DC,Smart Chip Limited,692,67
Delhi - North DC,CALANCE SOFTWARE PRIVATE LTD,1559,123
Delhi - North DC,DATASOFT COMPUTER SERVICES(P),1,0
Delhi - North DC,NVR & ASSOCIATES LIMITED,1409,136
Delhi - North DC,Smart Chip Limited,381,11
Delhi SW DC,VIRGO SOFTECH LIMITED,216,35
Delhi Urban Shelter Improvemen,Tera Software Ltd,4,0
Delhi- South DC,Karvy Computershare Private Li,799,157
Delhi- South DC,Smart Chip Limited,230,2
Delhi- South DC,Tera Software Ltd,3,0
Delhi- South DC,eCentric solutions pvt ltd,3,0
Delhi- West DC,Smart Chip Limited,90,3
Delhi- West DC,VIRGO SOFTECH LIMITED,1608,49
Delhi-NW DC,Karvy Computershare Private Li,332,56
Department of Information Technology Govt of Jharkhand,Blue Circle Instrument,1775,37
Department of Information Technology Govt of Jharkhand,MKS Enterprises,1697,43
Department of Information Technology Govt of Jharkhand,Systematic & Advance Const P L,11,14
Department of Information Technology Govt of Jharkhand,Vayam technologies Ltd,3,0
Dept of ITC Govt of Rajasthan,ATISHAY INFOTECH PVT. LTD.,3207,217
Dept of ITC Govt of Rajasthan,AVVAS INFOTECH PVT  LTD,2762,178
Dept of ITC Govt of Rajasthan,Alankit Finsec Ltd,1469,74
Dept of ITC Govt of Rajasthan,Business Information Processing Services,2428,34
Dept of ITC Govt of Rajasthan,DATASOFT COMPUTER SERVICES(P),4247,297
Dept of ITC Govt of Rajasthan,Gem Computers,3071,13
Dept of ITC Govt of Rajasthan,MANTRA SOFTTECH (INDIA) PVTLTD,43,2
Dept of ITC Govt of Rajasthan,Multiwave Innovation,648,44
Dept of ITC Govt of Rajasthan,Netlink software Pvt Ltd,1164,17
Dept of ITC Govt of Rajasthan,TechSmart India Pvt Ltd,1198,44
Dept of ITC Govt of Rajasthan,Transline Technologies P Ltd,9912,191
Dept of ITC Govt of Rajasthan,VIRGO SOFTECH LIMITED,1938,2
Dept of ITC Govt of Rajasthan,Vakrangee Softwares Limited,9231,1763
Dept of ITC Govt of Rajasthan,Vayam technologies Ltd,8620,176
FCR Govt of Haryana,4G INFORMATICS,1322,4
FCR Govt of Haryana,Vakrangee Softwares Limited,62,3
FCR Govt of Haryana,Vayam technologies Ltd,641,1
FCS Govt of Punjab,Alankit Assignments Limited,17,0
FCS Govt of Punjab,Alankit Finsec Ltd,44,0
FCS Govt of Punjab,CSS TECHNERGY LIMITED,288,19
FCS Govt of Punjab,Delhi Integrated MMTS Ltd,52,0
FCS Govt of Punjab,Diwakar Commercials Pvt Ltd,11,0
FCS Govt of Punjab,Karvy Computershare Private Li,6414,727
FCS Govt of Punjab,VIRGO SOFTECH LIMITED,1,0
FCS Govt of Punjab,Vayam technologies Ltd,4303,2036
FCS Govt of Punjab,eCentric solutions pvt ltd,6104,369
Govt of Andhra Pradesh,Gouthami Educational Society,4256,27
Govt of Andhra Pradesh,GrapeSoft,1302,1
Govt of Andhra Pradesh,IL&FS LTD,3,0
Govt of Andhra Pradesh,INFRONICS SYSTEMS LTD,1612,15
Govt of Andhra Pradesh,SREEVEN INFOCOM LIMITED,2092,46
Govt of Andhra Pradesh,TechSmart India Pvt Ltd,1814,67
Govt of Andhra Pradesh,Tera Software Ltd,698,22
Govt of Andhra Pradesh,eCentric solutions pvt ltd,13,0
Govt of Goa,COMAT TECHNOLOGIES P LTD,2,0
Govt of Goa,MARS Telecom Systems Pvt Ltd,419,0
Govt of Gujarat,GSS Infotech Ltd,5511,23
Govt of Gujarat,Karvy Computershare Private Li,14583,72
Govt of Gujarat,Silver Touch Technologies Ltd,24622,433
Govt of Gujarat,Tera Software Ltd,9701,174
Govt of Gujarat,Transline Technologies P Ltd,1047,75
Govt of Gujarat,Vayam technologies Ltd,8914,96
Govt of Gujarat,eCentric solutions pvt ltd,2404,14
Govt of Himachal Pradesh,Wipro Ltd,3927,63
Govt of Himachal Pradesh,i-Grandee SoftwareTechnologies,3105,99
Govt of Karnataka ,BNR UDYOG LIMITED,349,0
Govt of Karnataka ,Bloom Solutions Pvt Ltd,170,0
Govt of Karnataka ,GLODYNE TECHNOSERVE,15,0
Govt of Karnataka ,Integra Micro Systems Pvt.ltd,6,0
Govt of Karnataka ,MARS Telecom Systems Pvt Ltd,5850,65
Govt of Karnataka ,Ninestars Information Technologies Ltd,15963,217
Govt of Karnataka ,Origin ITFS Pvt Ltd,18969,2247
Govt of Karnataka ,SREEVEN INFOCOM LIMITED,7655,90
Govt of Karnataka ,Tera Software Ltd,4,0
Govt of Kerala,Akshaya,11587,148
Govt of Kerala,Keltron,1074,58
Govt of Madhya Pradesh,VIRGO SOFTECH LIMITED,7,0
Govt of Maharashtra,Alankit Finsec Ltd,2852,39
Govt of Maharashtra,Bharat Technical Solutions Private Limited,523,0
Govt of Maharashtra,COMAT TECHNOLOGIES P LTD,1,0
Govt of Maharashtra,Eagle press pvt ltd,957,2
Govt of Maharashtra,GLODYNE TECHNOSERVE,319,10
Govt of Maharashtra,GSS Infotech Ltd,2,0
Govt of Maharashtra,Karvy Computershare Private Li,7123,36
Govt of Maharashtra,M/S King Computer System pvt Ltd,67,1
Govt of Maharashtra,M/s. Vidya Online  Pune,267,0
Govt of Maharashtra,Mahaonline Limited,5,0
Govt of Maharashtra,Narayana Electricals Solution Pvt Ltd,1734,13
Govt of Maharashtra,Netlink software Pvt Ltd,2537,42
Govt of Maharashtra,Network for Information & Computer,10,0
Govt of Maharashtra,Obel projects Pvt Ltd,73,0
Govt of Maharashtra,Rudranee Infotech Ltd,1167,0
Govt of Maharashtra,SHREERAM PRINTING PRESS,1712,4
Govt of Maharashtra,SPANCO,3990,5
Govt of Maharashtra,STRATEGIC OUTSOURCING SERVICE,3091,25
Govt of Maharashtra,Silver Touch Technologies Ltd,3127,2
Govt of Maharashtra,Smart Chip Limited,2,0
Govt of Maharashtra,Systematic & Advance Const P L,234,0
Govt of Maharashtra,TEAM LIFE CARE COMPANY INDIA P,808,0
Govt of Maharashtra,TechSmart India Pvt Ltd,977,7
Govt of Maharashtra,Tera Software Ltd,101,0
Govt of Maharashtra,Transline Technologies P Ltd,1716,5
Govt of Maharashtra,Wipro Ltd,6020,80
Govt of Sikkim - Dept of Econo,Department of Economics Statistics  Monitoring and Evaluation DESME,267,0
IDBI Bank ltd,ATISHAY INFOTECH PVT. LTD.,1307,245
IDBI Bank ltd,Matrix Processing House,409,10
IDBI Bank ltd,SREEVEN INFOCOM LIMITED,3169,16
IDBI Bank ltd,UTI TECHNOLOGY SERVICES LIMITE,1634,55
Indian Overseas Bank,Eagle Software India Pvt. Ltd,1,0
Indiapost,Delhi Integrated MMTS Ltd,6363,251
Indiapost,Eagle press pvt ltd,3,0
Indiapost,GSS Infotech Ltd,2,0
Indiapost,IL&FS LTD,1,0
Indiapost,M/S STAR DATA CENTRE,736,9
Indiapost,MARS Telecom Systems Pvt Ltd,1167,15
Indiapost,Smart Chip Limited,56,50
Indiapost,TEAM LIFE CARE COMPANY INDIA P,2682,28
Indiapost,UTI TECHNOLOGY SERVICES LIMITE,1,0
Indiapost,Vayam technologies Ltd,388,7
Indiapost,WEBEL,603,144
Indiapost,eCentric solutions pvt ltd,1,0
Information Technology & Communication Department,4G INFORMATICS,12530,249
Information Technology & Communication Department,BNR UDYOG LIMITED,4365,40
Information Technology & Communication Department,Bloom Solutions Pvt Ltd,1705,21
Information Technology & Communication Department,CSS TECHNERGY LIMITED,584,46
Information Technology & Communication Department,GDC Advertising Pvt. Limited,136,0
Information Technology & Communication Department,JYOTHI COMPUTER SERVICES,4615,99
Information Technology & Communication Department,Karvy Data Management Services,757,0
Information Technology & Communication Department,MARS Telecom Systems Pvt Ltd,2319,1
Information Technology & Communication Department,SREEVEN INFOCOM LIMITED,4962,104
Information Technology & Communication Department,Tera Software Ltd,240,6
Jharkhand,Alankit Assignments Limited,10,0
Jharkhand,Blue Circle Instrument,102,5
Jharkhand,Emdee Digitronics Pvt.Ltd.,1781,116
Jharkhand,MKS Enterprises,2050,138
Jharkhand,Nevaeh Technology Pvt. Ltd.,635,24
Jharkhand,STRATEGIC OUTSOURCING SERVICE,10,0
Jharkhand,Smart Chip Limited,1835,11
Jharkhand,Systematic & Advance Const P L,1922,57
Jharkhand,VISION COMPTECH INTEGRATOR LTD,2557,116
Jharkhand,Wipro Ltd,15109,285
Mission Convergence - GNCT Del,Karvy Computershare Private Li,214,3
Mission Convergence - GNCT Del,NVR & ASSOCIATES LIMITED,509,26
Mission Convergence - GNCT Del,eCentric solutions pvt ltd,1,0
NSDL e-Governance Infrastructure Limited,Abhipra Capital Ltd,3721,40
NSDL e-Governance Infrastructure Limited,Alankit Assignments Limited,7646,141
NSDL e-Governance Infrastructure Limited,Delhi Integrated MMTS Ltd,320,121
NSDL e-Governance Infrastructure Limited,INTEGRATED REGISTRY SERVICES LTD,25,0
NSDL e-Governance Infrastructure Limited,Karvy Data Management Services,18526,581
NSDL e-Governance Infrastructure Limited,Netlink software Pvt Ltd,8202,268
NSDL e-Governance Infrastructure Limited,PROWIZ MANSYTEMS PVT LTD,6946,73
NSDL e-Governance Infrastructure Limited,TEAM LIFE CARE COMPANY INDIA P,190,4
NSDL e-Governance Infrastructure Limited,VIRGO SOFTECH LIMITED,6120,249
Oriental Bank of Commerce,DATASOFT COMPUTER SERVICES(P),538,7
Oriental Bank of Commerce,Euro Finmart Ltd,279,1
Oriental Bank of Commerce,JNET Technologies Pvt.Ltd,1760,97
Oriental Bank of Commerce,Redim Software Technologies Pvt Ltd,550,2
Oriental Bank of Commerce,Sri Ramraja Sarkar Lok Kalyan Trust,7638,90
Oriental Bank of Commerce,Wipro Ltd,5829,429
Registrar General India - BEL,In Media Computer Services LLP,1,0
Registrar General India - BEL,Manipur Electronics Dev Corp,12,2
Registrar General India - BEL,Swathy Smartcards Hi-Tech Pvt,141,117
Registrar General India BEL2,Alankit Assignments Limited,77,8
Registrar General India BEL2,Computer LAB,2134,1002
Registrar General India BEL2,Emdee Digitronics Pvt.Ltd.,1510,6
Registrar General India BEL2,In Media Computer Services LLP,5,0
Registrar General India BEL2,India Computer Technology,13714,206
Registrar General India BEL2,MACRO INFOTECH PVT LTD,4737,5
Registrar General India BEL2,MKS Enterprises,11,1
Registrar General India BEL2,Madras Security Printers Ltd,27801,215
Registrar General India BEL2,Manipur Electronics Dev Corp,593,0
Registrar General India BEL2,Multiwave Innovation,435,0
Registrar General India BEL2,Netlink software Pvt Ltd,1288,0
Registrar General India BEL2,Nevaeh Technology Pvt. Ltd.,26,0
Registrar General India BEL2,Nielsen  India  Private Limited,1083,5
Registrar General India BEL2,Om Softwares,31918,560
Registrar General India BEL2,SREEVEN INFOCOM LIMITED,13,0
Registrar General India BEL2,STRATEGIC OUTSOURCING SERVICE,2195,19
Registrar General India BEL2,Satyanarayana Raju Company Pvt ltd,239,0
Registrar General India BEL2,Swathy Smartcards Hi-Tech Pvt,45641,24752
Registrar General India BEL2,Swiss Tech India Pvt Ltd,900,11
Registrar General India BEL2,Tera Software Ltd,5216,451
Registrar General India BEL2,UNITED DATA SERVICES PRIVATE LIMITED,8757,17
Registrar General India BEL2,VIRGO SOFTECH LIMITED,4,0
Registrar General India BEL2,Vansh Infotech Pvt Ltd,4622,56
Registrar General India BEL2,Vedavaag Systems Limited,4953,4
Registrar General India BEL2,Viesa Technologies,4,2
Registrar General India ECIL,AVVAS INFOTECH PVT  LTD,5447,48
Registrar General India ECIL,BUSINESS INFORMATION PROCESSING SERVICES,917,9
Registrar General India ECIL,COMTECH INSTITUTE OFTECHNOLOGY,2506,13
Registrar General India ECIL,COMTECHINFO SOLUTIONS PVT.LTD,3057,6
Registrar General India ECIL,Chinar Construction Company Prime agency,1785,0
Registrar General India ECIL,Clairvoyance Technologies Pvt.,107,0
Registrar General India ECIL,Computer LAB,24880,4850
Registrar General India ECIL,Eagle Software India Pvt. Ltd,34033,6894
Registrar General India ECIL,Esoft Consulting Limited,870,78
Registrar General India ECIL,In Media Computer Services LLP,4413,1
Registrar General India ECIL,India Computer Technology,13714,3181
Registrar General India ECIL,Karvy Data Management Services,16603,218
Registrar General India ECIL,Krishna Infotech,17095,57016
Registrar General India ECIL,Madras Security Printers Ltd,31418,4280
Registrar General India ECIL,Mphasis Ltd,2795,256
Registrar General India ECIL,Netwing Technologies Pvt Ltd,104,39
Registrar General India ECIL,Nielsen  India  Private Limited,472,4
Registrar General India ECIL,Pioneer E Labs limited,284,0
Registrar General India ECIL,Quick Data IT Services Pvt Ltd,19,0
Registrar General India ECIL,SARADA SYSTEMS,1,0
Registrar General India ECIL,SWISSTECH NPR 57CR PROJECT PVT,14258,33263
Registrar General India ECIL,Tera Software Ltd,422,369
Registrar General India ECIL,Vedavaag Systems Limited,11392,13215
Registrar General India Others,AVVAS INFOTECH PVT  LTD,8,3
Registrar General India Others,COMTECH INSTITUTE OFTECHNOLOGY,1,0
Registrar General India Others,Chinar Construction Company Prime agency,0,2
Registrar General India Others,Computer LAB,10,3
Registrar General India Others,Eagle Software India Pvt. Ltd,2,1
Registrar General India Others,India Computer Technology,0,1
Registrar General India Others,Karvy Data Management Services,133,0
Registrar General India Others,Krishna Infotech,0,6
Registrar General India Others,Madras Security Printers Ltd,181,5
Registrar General India Others,Mphasis Ltd,1,0
Registrar General India Others,Multiwave Innovation,0,1
Registrar General India Others,SWISSTECH NPR 57CR PROJECT PVT,26,3
Registrar General India Others,Swathy Smartcards Hi-Tech Pvt,19,28
Registrar General India Others,Swiss Tech India Pvt Ltd,1,1
Registrar General India Others,TechSmart India Pvt Ltd,0,1
Registrar General India Others,Vansh Infotech Pvt Ltd,1,0
Registrar General India Others,Vedavaag Systems Limited,9,1
Registrar General of India ITI,COMTECH INSTITUTE OFTECHNOLOGY,1797,29
Registrar General of India ITI,CSS TECHNERGY LIMITED,353,2
Registrar General of India ITI,CommunitiWorks Welfare Society,673,10
Registrar General of India ITI,Eagle Software India Pvt. Ltd,5738,3
Registrar General of India ITI,Emdee Digitronics Pvt.Ltd.,19908,3308
Registrar General of India ITI,In Media Computer Services LLP,222,0
Registrar General of India ITI,Karvy Data Management Services,7001,33
Registrar General of India ITI,Madras Security Printers Ltd,1273,1
Registrar General of India ITI,Mphasis Ltd,502,170
Registrar General of India ITI,Multiwave Innovation,29,0
Registrar General of India ITI,Netlink software Pvt Ltd,1898,3
Registrar General of India ITI,Netwing Technologies Pvt Ltd,9,0
Registrar General of India ITI,Nielsen  India  Private Limited,4778,7
Registrar General of India ITI,SREEVEN INFOCOM LIMITED,1646,0
Registrar General of India ITI,STRATEGIC OUTSOURCING SERVICE,1538,4
Registrar General of India ITI,Satyanarayana Raju Company Pvt ltd,1168,8
Registrar General of India ITI,Swathy Smartcards Hi-Tech Pvt,7825,5771
Registrar General of India ITI,TechSmart India Pvt Ltd,893,1
Registrar General of India ITI,Urmila Info solution,37,0
Registrar General of India ITI,VIRGO SOFTECH LIMITED,2428,1
Registrar General of India ITI,Vedavaag Systems Limited,2357,64
Registrar General of India ITI,WEBEL TECHNOLOGY LIMITED,8755,22
State Bank of Bikaner & Jaipur,Multiwave Innovation,891,38
State Bank of India,CSS TECHNERGY LIMITED,3,0
State Bank of Travancore,Tera Software Ltd,113,2
UIDAI-Registrar,UIDAI-EA,17,0
UT Of Daman and Diu,Alankit Assignments Limited,52,0
UT of Puducherry,Madras Security Printers Ltd,89,2
Union Bank,FINANCIAL INFORMATION NETWORK,27960,930
Union Bank,Smart Chip Limited,16189,343
Union Bank,Vakrangee Softwares Limited,58821,1833
