Registrar,Enrolment Agency,Aadhaar generated,Enrolment Rejected
Allahabad Bank,IL&FS LTD,1,1
Allahabad Bank,Tera Software Ltd,0,1
Allahabad Bank,Vakrangee Softwares Limited,256,117
Bank Of India,A3 Logics  India  Ltd,5213,215
Bank Of India,Akanksha International,2668,57
Bank Of India,Blue Circle Instrument,3612,83
Bank Of India,CHESSY CONSULTANTS PVT LTD,552,119
Bank Of India,DATASOFT COMPUTER SERVICES(P),376,69
Bank Of India,Emdee Digitronics Pvt.Ltd.,2521,13
Bank Of India,Frontech Systems Pvt Ltd,1126,151
Bank Of India,ITI LIMITED,72,42
Bank Of India,MANTRA SOFTTECH (INDIA) PVTLTD,119,62
Bank Of India,Matrix Processing House,6941,532
Bank Of India,OPTIMIX CONSULTANCY PRIVATE LT,1,0
Bank Of India,OSWAL COMPUTERS & CONSULTANTS,4143,907
Bank Of India,PROTEX COMPUTER PVT LTD,1643,682
Bank Of India,SARADA SYSTEMS,1368,169
Bank Of India,SHRIKRISHNA KHANDASARI SUGAR M,11719,1413
Bank Of India,SPANCO,5749,453
Bank Of India,SREI INFRASTRUCTURE FINANCES L,10885,1228
Bank Of India,Silver Touch Technologies Ltd,1661,148
Bank Of India,Systematic & Advance Const P L,7563,856
Bank Of India,VEETECHNOLOGIES PVT. LTD,11287,837
Bank Of India,VIRGO SOFTECH LIMITED,262,0
Bank Of India,Vakrangee Softwares Limited,263,263
Bank of Baroda,DATASOFT COMPUTER SERVICES(P),0,2
Bank of Baroda,IL&FS LTD,0,2
Bank of Baroda,TEAM LIFE CARE COMPANY INDIA P,2135,289
Bank of Maharashtra,Alankit Finsec Ltd,252,35
Bank of Maharashtra,FINANCIAL INFORMATION NETWORK,1880,249
Bank of Maharashtra,Micro Technologies India Ltd,1628,322
Bank of Maharashtra,Tera Software Ltd,5343,164
CSC e-Governance Services India Limited,A I Soc for Electronics and Comp Tech,4330,421
CSC e-Governance Services India Limited,AKSH OPTIFIBRE LIMITED,1596,155
CSC e-Governance Services India Limited,BASIX,1113,62
CSC e-Governance Services India Limited,CALANCE SOFTWARE PRIVATE LTD,3797,90
CSC e-Governance Services India Limited,CMS Computers Ltd,6854,566
CSC e-Governance Services India Limited,CSC e-Governance Services India Limited,5125,206
CSC e-Governance Services India Limited,Intelligent Communication Systems India Limited,219,28
CSC e-Governance Services India Limited,Network for Information & Computer,4310,357
CSC e-Governance Services India Limited,Reliance Communication Limited,2306,150
CSC e-Governance Services India Limited,SPANCO,1129,18
CSC e-Governance Services India Limited,Tera Software Ltd,99,2
CSC e-Governance Services India Limited,United Telecoms e-Services Pvt Ltd,1033,344
CSC e-Governance Services India Limited,VIKALP MULTIMEDIA,165,28
CSC e-Governance Services India Limited,Vakrangee Softwares Limited,2612,281
Central Bank of India,CALANCE SOFTWARE PRIVATE LTD,2352,236
Central Bank of India,Frontech Systems Pvt Ltd,2,4
Central Bank of India,IAP COMPANY Pvt. Ltd,8602,1342
Central Bank of India,IL&FS LTD,0,1
Central Bank of India,MANTRA SOFTTECH (INDIA) PVTLTD,63,30
Central Bank of India,SREI INFRASTRUCTURE FINANCES L,0,2
Central Bank of India,The Peerless General Finance,2918,81
DENA BANK,ATISHAY INFOTECH PVT. LTD.,1662,46
DENA BANK,Bloom Solutions Pvt Ltd,3195,168
DENA BANK,Business Information Processing Services,1910,90
DENA BANK,CALANCE SOFTWARE PRIVATE LTD,720,17
DENA BANK,DATASOFT COMPUTER SERVICES(P),564,22
DENA BANK,JNET Technologies Pvt.Ltd,2363,158
DENA BANK,K W Consulting P Ltd,1472,307
DENA BANK,Multiwave Innovation,2679,147
DENA BANK,Narayana Electricals Solution Pvt Ltd,521,17
DENA BANK,Netlink software Pvt Ltd,383,19
DENA BANK,Ortem Securities Limited,112,10
DENA BANK,Prodigy Systems and Services Private Limited,1120,107
DENA BANK,Soc for Advancement of Environ Science,163,142
DENA BANK,TechSmart India Pvt Ltd,1396,583
DENA BANK,Tera Software Ltd,1445,219
DENA BANK,WEBEL,100,1
Delhi - Central DC,Smart Chip Limited,861,255
Delhi - East DC,DATASOFT COMPUTER SERVICES(P),832,340
Delhi - East DC,Tera Software Ltd,0,2
Delhi - ND DC,Smart Chip Limited,118,90
Delhi - NE DC,Alankit Assignments Limited,0,1
Delhi - NE DC,Smart Chip Limited,1108,493
Delhi - NE DC,Smart ID,0,1
Delhi - North DC,CALANCE SOFTWARE PRIVATE LTD,1130,496
Delhi - North DC,NVR & ASSOCIATES LIMITED,607,668
Delhi - North DC,Smart Chip Limited,469,585
Delhi SW DC,STRATEGIC OUTSOURCING SERVICE,0,7
Delhi SW DC,VIRGO SOFTECH LIMITED,337,267
Delhi Urban Shelter Improvemen,STRATEGIC OUTSOURCING SERVICE,0,2
Delhi Urban Shelter Improvemen,Tera Software Ltd,0,3
Delhi- South DC,Karvy Computershare Private Li,977,113
Delhi- South DC,Smart Chip Limited,316,152
Delhi- South DC,Tera Software Ltd,0,1
Delhi- West DC,Matrix Processing House,0,2
Delhi- West DC,Smart Chip Limited,166,182
Delhi- West DC,VIRGO SOFTECH LIMITED,481,398
Delhi-NW DC,Karvy Computershare Private Li,497,360
Delhi-NW DC,STRATEGIC OUTSOURCING SERVICE,0,1
Department of Information Technology Govt of Jharkhand,Blue Circle Instrument,690,561
Department of Information Technology Govt of Jharkhand,MKS Enterprises,747,280
Department of Information Technology Govt of Jharkhand,Systematic & Advance Const P L,25,9
Department of Information Technology Govt of Jharkhand,Vayam technologies Ltd,9,2
Dept of ITC Govt of Rajasthan,ATISHAY INFOTECH PVT. LTD.,5489,267
Dept of ITC Govt of Rajasthan,AVVAS INFOTECH PVT  LTD,5779,219
Dept of ITC Govt of Rajasthan,Alankit Finsec Ltd,2763,249
Dept of ITC Govt of Rajasthan,Business Information Processing Services,3690,175
Dept of ITC Govt of Rajasthan,DATASOFT COMPUTER SERVICES(P),5336,435
Dept of ITC Govt of Rajasthan,Gem Computers,2303,75
Dept of ITC Govt of Rajasthan,MANTRA SOFTTECH (INDIA) PVTLTD,68,19
Dept of ITC Govt of Rajasthan,Multiwave Innovation,1245,48
Dept of ITC Govt of Rajasthan,Netlink software Pvt Ltd,4415,334
Dept of ITC Govt of Rajasthan,TechSmart India Pvt Ltd,1137,64
Dept of ITC Govt of Rajasthan,Transline Technologies P Ltd,13323,623
Dept of ITC Govt of Rajasthan,VIRGO SOFTECH LIMITED,900,74
Dept of ITC Govt of Rajasthan,Vakrangee Softwares Limited,9083,3286
Dept of ITC Govt of Rajasthan,Vayam technologies Ltd,12325,1467
FCR Govt of Haryana,4G INFORMATICS,346,9
FCR Govt of Haryana,Vakrangee Softwares Limited,61,141
FCR Govt of Haryana,Vayam technologies Ltd,684,9
FCS Govt of Punjab,Alankit Assignments Limited,0,5
FCS Govt of Punjab,Alankit Life Care Ltd,1,0
FCS Govt of Punjab,CSS TECHNERGY LIMITED,203,14
FCS Govt of Punjab,Delhi Integrated MMTS Ltd,5,0
FCS Govt of Punjab,Diwakar Commercials Pvt Ltd,0,1
FCS Govt of Punjab,Karvy Computershare Private Li,9280,667
FCS Govt of Punjab,Vayam technologies Ltd,2820,319
FCS Govt of Punjab,eCentric solutions pvt ltd,5336,589
Govt of Andhra Pradesh,Gouthami Educational Society,1584,2271
Govt of Andhra Pradesh,GrapeSoft,1310,196
Govt of Andhra Pradesh,IL&FS LTD,7,19
Govt of Andhra Pradesh,INFRONICS SYSTEMS LTD,1179,375
Govt of Andhra Pradesh,Madras Security Printers Ltd,0,115
Govt of Andhra Pradesh,SREEVEN INFOCOM LIMITED,1175,249
Govt of Andhra Pradesh,Smart Chip Limited,0,15
Govt of Andhra Pradesh,TechSmart India Pvt Ltd,2213,1089
Govt of Andhra Pradesh,Tera Software Ltd,1742,950
Govt of Andhra Pradesh,eCentric solutions pvt ltd,0,39
Govt of Goa,COMAT TECHNOLOGIES P LTD,48,0
Govt of Goa,MARS Telecom Systems Pvt Ltd,446,50
Govt of Gujarat,GSS Infotech Ltd,8355,147
Govt of Gujarat,Karvy Computershare Private Li,16272,271
Govt of Gujarat,Silver Touch Technologies Ltd,16932,382
Govt of Gujarat,Tera Software Ltd,5816,167
Govt of Gujarat,Transline Technologies P Ltd,947,27
Govt of Gujarat,Vayam technologies Ltd,8908,249
Govt of Gujarat,eCentric solutions pvt ltd,3539,52
Govt of Himachal Pradesh,IL&FS LTD,1,5
Govt of Himachal Pradesh,Wipro Ltd,1200,218
Govt of Himachal Pradesh,i-Grandee SoftwareTechnologies,1800,265
Govt of Karnataka ,BNR UDYOG LIMITED,144,2
Govt of Karnataka ,Bloom Solutions Pvt Ltd,420,6
Govt of Karnataka ,COMAT TECHNOLOGIES P LTD,0,28
Govt of Karnataka ,GLODYNE TECHNOSERVE,0,19
Govt of Karnataka ,Integra Micro Systems Pvt.ltd,0,7
Govt of Karnataka ,MARS Telecom Systems Pvt Ltd,7067,327
Govt of Karnataka ,Ninestars Information Technologies Ltd,16172,4196
Govt of Karnataka ,Origin ITFS Pvt Ltd,14594,3011
Govt of Karnataka ,SREEVEN INFOCOM LIMITED,9521,559
Govt of Karnataka ,Tera Software Ltd,0,15
Govt of Karnataka ,Wipro Ltd,0,48
Govt of Kerala,Akshaya,8808,6487
Govt of Kerala,Keltron,2393,2276
Govt of Madhya Pradesh,VIRGO SOFTECH LIMITED,0,394
Govt of Maharashtra,Alankit Assignments Limited,0,4
Govt of Maharashtra,Alankit Finsec Ltd,4058,276
Govt of Maharashtra,Bharat Technical Solutions Private Limited,281,16
Govt of Maharashtra,Eagle press pvt ltd,1112,37
Govt of Maharashtra,GLODYNE TECHNOSERVE,122,35
Govt of Maharashtra,Karvy Computershare Private Li,13098,555
Govt of Maharashtra,M/S King Computer System pvt Ltd,391,5
Govt of Maharashtra,M/s. Vidya Online  Pune,701,25
Govt of Maharashtra,Mahaonline Limited,0,21
Govt of Maharashtra,Narayana Electricals Solution Pvt Ltd,1936,92
Govt of Maharashtra,Netlink software Pvt Ltd,1791,470
Govt of Maharashtra,Network for Information & Computer,69,3
Govt of Maharashtra,Obel projects Pvt Ltd,1,1
Govt of Maharashtra,Rudranee Infotech Ltd,2053,139
Govt of Maharashtra,SHREERAM PRINTING PRESS,2767,62
Govt of Maharashtra,SPANCO,3304,249
Govt of Maharashtra,STRATEGIC OUTSOURCING SERVICE,3160,379
Govt of Maharashtra,Silver Touch Technologies Ltd,2211,105
Govt of Maharashtra,Systematic & Advance Const P L,378,124
Govt of Maharashtra,TEAM LIFE CARE COMPANY INDIA P,95,40
Govt of Maharashtra,TechSmart India Pvt Ltd,413,60
Govt of Maharashtra,Tera Software Ltd,595,78
Govt of Maharashtra,Transline Technologies P Ltd,1291,312
Govt of Maharashtra,Wipro Ltd,4290,409
Govt of Sikkim - Dept of Econo,4G IDENTITY SOLUTIONS,0,1
Govt of Sikkim - Dept of Econo,Department of Economics Statistics  Monitoring and Evaluation DESME,390,4
IDBI Bank ltd,ATISHAY INFOTECH PVT. LTD.,2053,249
IDBI Bank ltd,Matrix Processing House,269,159
IDBI Bank ltd,Pioneer E Labs limited,1,0
IDBI Bank ltd,SREEVEN INFOCOM LIMITED,6416,550
IDBI Bank ltd,UTI TECHNOLOGY SERVICES LIMITE,1472,224
IGNOU,Vakrangee Softwares Limited,0,1
Indiapost,4G IDENTITY SOLUTIONS,0,1
Indiapost,Delhi Integrated MMTS Ltd,5204,396
Indiapost,GLODYNE TECHNOSERVE,7,4
Indiapost,IL&FS LTD,0,6
Indiapost,M/S STAR DATA CENTRE,423,140
Indiapost,MARS Telecom Systems Pvt Ltd,983,816
Indiapost,Smart Chip Limited,76,12
Indiapost,TEAM LIFE CARE COMPANY INDIA P,4893,799
Indiapost,The NSIC ltd,0,3
Indiapost,UTI TECHNOLOGY SERVICES LIMITE,0,1
Indiapost,Vayam technologies Ltd,734,122
Indiapost,WEBEL,326,464
Information Technology & Communication Department,4G INFORMATICS,2120,423
Information Technology & Communication Department,BNR UDYOG LIMITED,932,338
Information Technology & Communication Department,Bloom Solutions Pvt Ltd,709,404
Information Technology & Communication Department,CSS TECHNERGY LIMITED,629,160
Information Technology & Communication Department,GDC Advertising Pvt. Limited,172,94
Information Technology & Communication Department,JYOTHI COMPUTER SERVICES,1744,1278
Information Technology & Communication Department,Karvy Data Management Services,226,211
Information Technology & Communication Department,MARS Telecom Systems Pvt Ltd,3850,1538
Information Technology & Communication Department,SREEVEN INFOCOM LIMITED,3993,322
Information Technology & Communication Department,Tera Software Ltd,1346,122
Jharkhand,Alankit Assignments Limited,5,6
Jharkhand,Blue Circle Instrument,49,69
Jharkhand,Emdee Digitronics Pvt.Ltd.,1079,439
Jharkhand,MKS Enterprises,2298,356
Jharkhand,Nevaeh Technology Pvt. Ltd.,329,113
Jharkhand,STRATEGIC OUTSOURCING SERVICE,2,19
Jharkhand,Smart Chip Limited,2471,76
Jharkhand,Smart ID,2,0
Jharkhand,Systematic & Advance Const P L,996,391
Jharkhand,VISION COMPTECH INTEGRATOR LTD,2523,572
Jharkhand,Wipro Ltd,10737,1816
Mission Convergence - GNCT Del,Karvy Computershare Private Li,408,122
Mission Convergence - GNCT Del,NVR & ASSOCIATES LIMITED,194,203
Mission Convergence - GNCT Del,STRATEGIC OUTSOURCING SERVICE,0,2
Mission Convergence - GNCT Del,Smart Chip Limited,0,3
NSDL e-Governance Infrastructure Limited,Abhipra Capital Ltd,1654,286
NSDL e-Governance Infrastructure Limited,Alankit Assignments Limited,7003,654
NSDL e-Governance Infrastructure Limited,Delhi Integrated MMTS Ltd,215,8
NSDL e-Governance Infrastructure Limited,INTEGRATED REGISTRY SERVICES LTD,32,1
NSDL e-Governance Infrastructure Limited,Karvy Data Management Services,17215,4106
NSDL e-Governance Infrastructure Limited,Netlink software Pvt Ltd,18763,1416
NSDL e-Governance Infrastructure Limited,PROWIZ MANSYTEMS PVT LTD,10044,611
NSDL e-Governance Infrastructure Limited,TEAM LIFE CARE COMPANY INDIA P,160,89
NSDL e-Governance Infrastructure Limited,VIRGO SOFTECH LIMITED,7972,514
Oriental Bank of Commerce,DATASOFT COMPUTER SERVICES(P),376,57
Oriental Bank of Commerce,Euro Finmart Ltd,443,18
Oriental Bank of Commerce,FINANCIAL INFORMATION NETWORK,1,3
Oriental Bank of Commerce,JNET Technologies Pvt.Ltd,1026,92
Oriental Bank of Commerce,Redim Software Technologies Pvt Ltd,630,58
Oriental Bank of Commerce,Sri Ramraja Sarkar Lok Kalyan Trust,18757,864
Oriental Bank of Commerce,The NSIC ltd,0,1
Oriental Bank of Commerce,Wipro Ltd,9347,671
Others,Others,0,3
RDD Govt of Tripura,Alankit Assignments Limited,194,25
Registrar General India - BEL,In Media Computer Services LLP,1,17
Registrar General India - BEL,Manipur Electronics Dev Corp,66,2
Registrar General India - BEL,Swathy Smartcards Hi-Tech Pvt,398,0
Registrar General India BEL2,Alankit Assignments Limited,89,10
Registrar General India BEL2,Computer LAB,1674,81
Registrar General India BEL2,Emdee Digitronics Pvt.Ltd.,167,81
Registrar General India BEL2,In Media Computer Services LLP,36,1
Registrar General India BEL2,India Computer Technology,8409,482
Registrar General India BEL2,MACRO INFOTECH PVT LTD,11173,72
Registrar General India BEL2,MKS Enterprises,64,0
Registrar General India BEL2,Madras Security Printers Ltd,29848,703
Registrar General India BEL2,Manipur Electronics Dev Corp,1033,6
Registrar General India BEL2,Multiwave Innovation,678,36
Registrar General India BEL2,Netlink software Pvt Ltd,2654,179
Registrar General India BEL2,Nevaeh Technology Pvt. Ltd.,20,7
Registrar General India BEL2,Nielsen  India  Private Limited,2220,746
Registrar General India BEL2,Om Softwares,31142,1788
Registrar General India BEL2,SREEVEN INFOCOM LIMITED,108,6
Registrar General India BEL2,STRATEGIC OUTSOURCING SERVICE,1913,438
Registrar General India BEL2,Satyanarayana Raju Company Pvt ltd,118,21
Registrar General India BEL2,Swathy Smartcards Hi-Tech Pvt,156085,9690
Registrar General India BEL2,Swiss Tech India Pvt Ltd,558,9
Registrar General India BEL2,Tera Software Ltd,14307,12242
Registrar General India BEL2,UNITED DATA SERVICES PRIVATE LIMITED,5268,104
Registrar General India BEL2,Vansh Infotech Pvt Ltd,9625,94
Registrar General India BEL2,Vedavaag Systems Limited,12977,86
Registrar General India BEL2,Viesa Technologies,84,0
Registrar General India ECIL,AVVAS INFOTECH PVT  LTD,5873,53
Registrar General India ECIL,BUSINESS INFORMATION PROCESSING SERVICES,731,19
Registrar General India ECIL,COMTECH INSTITUTE OFTECHNOLOGY,1994,100
Registrar General India ECIL,COMTECHINFO SOLUTIONS PVT.LTD,4359,219
Registrar General India ECIL,Chinar Construction Company Prime agency,2016,12
Registrar General India ECIL,Clairvoyance Technologies Pvt.,5,15
Registrar General India ECIL,Computer LAB,28700,1037
Registrar General India ECIL,Eagle Software India Pvt. Ltd,12443,1202
Registrar General India ECIL,Esoft Consulting Limited,751,328
Registrar General India ECIL,In Media Computer Services LLP,2590,79
Registrar General India ECIL,India Computer Technology,3038,1804
Registrar General India ECIL,Karvy Data Management Services,11328,650
Registrar General India ECIL,Krishna Infotech,154689,1325
Registrar General India ECIL,Madras Security Printers Ltd,26453,7440
Registrar General India ECIL,Mphasis Ltd,4203,1843
Registrar General India ECIL,Netwing Technologies Pvt Ltd,57,27
Registrar General India ECIL,Nielsen  India  Private Limited,2037,29
Registrar General India ECIL,Pioneer E Labs limited,4738,551
Registrar General India ECIL,Quick Data IT Services Pvt Ltd,28,0
Registrar General India ECIL,SARADA SYSTEMS,12,0
Registrar General India ECIL,SWISSTECH NPR 57CR PROJECT PVT,54380,7306
Registrar General India ECIL,Tera Software Ltd,282,73
Registrar General India ECIL,Vedavaag Systems Limited,30251,2975
Registrar General India Others,AVVAS INFOTECH PVT  LTD,2,2
Registrar General India Others,Alankit Assignments Limited,1,0
Registrar General India Others,BUSINESS INFORMATION PROCESSING SERVICES,1,0
Registrar General India Others,COMTECH INSTITUTE OFTECHNOLOGY,1,0
Registrar General India Others,COMTECHINFO SOLUTIONS PVT.LTD,3,0
Registrar General India Others,Computer LAB,13,12
Registrar General India Others,Eagle Software India Pvt. Ltd,5,0
Registrar General India Others,India Computer Technology,0,1
Registrar General India Others,Karvy Data Management Services,21,8
Registrar General India Others,Krishna Infotech,1,0
Registrar General India Others,LYRA  CONSULTANCY SERVICE,1,0
Registrar General India Others,Madras Security Printers Ltd,124,0
Registrar General India Others,Nielsen  India  Private Limited,12,0
Registrar General India Others,Om Softwares,1,0
Registrar General India Others,STRATEGIC OUTSOURCING SERVICE,8,1
Registrar General India Others,SWISSTECH NPR 57CR PROJECT PVT,6,0
Registrar General India Others,Swathy Smartcards Hi-Tech Pvt,501,8
Registrar General India Others,Tera Software Ltd,1,1
Registrar General India Others,Vansh Infotech Pvt Ltd,1,0
Registrar General India Others,Vedavaag Systems Limited,1,3
Registrar General India Others,WEBEL TECHNOLOGY LIMITED,1,0
Registrar General of India ITI,COMTECH INSTITUTE OFTECHNOLOGY,985,38
Registrar General of India ITI,CSS TECHNERGY LIMITED,590,20
Registrar General of India ITI,CommunitiWorks Welfare Society,482,339
Registrar General of India ITI,Eagle Software India Pvt. Ltd,6191,126
Registrar General of India ITI,Emdee Digitronics Pvt.Ltd.,8643,11007
Registrar General of India ITI,In Media Computer Services LLP,361,5
Registrar General of India ITI,Karvy Data Management Services,3125,231
Registrar General of India ITI,Madras Security Printers Ltd,1639,26
Registrar General of India ITI,Mphasis Ltd,208,828
Registrar General of India ITI,Multiwave Innovation,10,14
Registrar General of India ITI,Netlink software Pvt Ltd,2277,120
Registrar General of India ITI,Netwing Technologies Pvt Ltd,14,32
Registrar General of India ITI,Nielsen  India  Private Limited,2107,505
Registrar General of India ITI,SREEVEN INFOCOM LIMITED,1137,18
Registrar General of India ITI,STRATEGIC OUTSOURCING SERVICE,2729,174
Registrar General of India ITI,Satyanarayana Raju Company Pvt ltd,744,91
Registrar General of India ITI,Swathy Smartcards Hi-Tech Pvt,9373,8957
Registrar General of India ITI,TechSmart India Pvt Ltd,32,118
Registrar General of India ITI,Urmila Info solution,116,6
Registrar General of India ITI,VIRGO SOFTECH LIMITED,2640,27
Registrar General of India ITI,Vedavaag Systems Limited,1840,85
Registrar General of India ITI,WEBEL TECHNOLOGY LIMITED,1934,221
Registrar General of India ITI,Webx Technologies Private Limited,1,0
State Bank of Bikaner & Jaipur,Multiwave Innovation,223,125
State Bank of India,4G IDENTITY SOLUTIONS,4,9
State Bank of India,CSS TECHNERGY LIMITED,0,3
State Bank of India,IL&FS LTD,0,1
State Bank of India,Smart Chip Limited,0,54
State Bank of Travancore,Tera Software Ltd,93,31
UIDAI-Registrar,UIDAI-EA,23,0
UT Of Daman and Diu,Alankit Assignments Limited,59,5
UT of Puducherry,Madras Security Printers Ltd,72,26
Union Bank,4G IDENTITY SOLUTIONS,0,2
Union Bank,FINANCIAL INFORMATION NETWORK,23567,4758
Union Bank,Smart Chip Limited,13594,3117
Union Bank,Vakrangee Softwares Limited,30516,8197
