Registrar,Enrolment Agency,Aadhaar generated,Enrolment Rejected
Allahabad Bank,IL&FS LTD,0,1
Allahabad Bank,Tera Software Ltd,0,2
Allahabad Bank,Vakrangee Softwares Limited,98,883
Bank Of India,A3 Logics  India  Ltd,3574,1532
Bank Of India,Akanksha International,580,480
Bank Of India,Blue Circle Instrument,2464,429
Bank Of India,CHESSY CONSULTANTS PVT LTD,592,551
Bank Of India,DATASOFT COMPUTER SERVICES(P),544,331
Bank Of India,Emdee Digitronics Pvt.Ltd.,1105,153
Bank Of India,Frontech Systems Pvt Ltd,479,409
Bank Of India,ITI LIMITED,21,186
Bank Of India,MANTRA SOFTTECH (INDIA) PVTLTD,297,639
Bank Of India,Matrix Processing House,8859,3496
Bank Of India,OPTIMIX CONSULTANCY PRIVATE LT,2,1
Bank Of India,OSWAL COMPUTERS & CONSULTANTS,5063,4048
Bank Of India,PROTEX COMPUTER PVT LTD,3190,759
Bank Of India,SARADA SYSTEMS,1565,486
Bank Of India,SHRIKRISHNA KHANDASARI SUGAR M,1437,1543
Bank Of India,SPANCO,4490,1718
Bank Of India,SREI INFRASTRUCTURE FINANCES L,9026,2298
Bank Of India,Silver Touch Technologies Ltd,980,866
Bank Of India,Systematic & Advance Const P L,7851,2867
Bank Of India,VEETECHNOLOGIES PVT. LTD,2985,902
Bank Of India,VIRGO SOFTECH LIMITED,9,0
Bank Of India,Vakrangee Softwares Limited,115,4151
Bank of Baroda,DATASOFT COMPUTER SERVICES(P),3,8
Bank of Baroda,IL&FS LTD,0,2
Bank of Baroda,TEAM LIFE CARE COMPANY INDIA P,695,543
Bank of Maharashtra,Alankit Finsec Ltd,112,78
Bank of Maharashtra,FINANCIAL INFORMATION NETWORK,750,160
Bank of Maharashtra,Micro Technologies India Ltd,1777,529
Bank of Maharashtra,Tera Software Ltd,2123,304
CSC e-Governance Services India Limited,A I Soc for Electronics and Comp Tech,9569,1965
CSC e-Governance Services India Limited,AKSH OPTIFIBRE LIMITED,2736,510
CSC e-Governance Services India Limited,BASIX,198,627
CSC e-Governance Services India Limited,CALANCE SOFTWARE PRIVATE LTD,2769,251
CSC e-Governance Services India Limited,CMS Computers Ltd,4175,1496
CSC e-Governance Services India Limited,CSC e-Governance Services India Limited,2702,642
CSC e-Governance Services India Limited,Intelligent Communication Systems India Limited,56,1089
CSC e-Governance Services India Limited,Network for Information & Computer,1579,561
CSC e-Governance Services India Limited,Reliance Communication Limited,2399,452
CSC e-Governance Services India Limited,SPANCO,198,354
CSC e-Governance Services India Limited,Tera Software Ltd,66,85
CSC e-Governance Services India Limited,United Telecoms e-Services Pvt Ltd,2632,1317
CSC e-Governance Services India Limited,VIKALP MULTIMEDIA,349,47
CSC e-Governance Services India Limited,Vakrangee Softwares Limited,2107,321
Central Bank of India,CALANCE SOFTWARE PRIVATE LTD,4161,925
Central Bank of India,Frontech Systems Pvt Ltd,0,1
Central Bank of India,IAP COMPANY Pvt. Ltd,12748,4605
Central Bank of India,IL&FS LTD,0,56
Central Bank of India,MANTRA SOFTTECH (INDIA) PVTLTD,168,130
Central Bank of India,SREI INFRASTRUCTURE FINANCES L,95,1
Central Bank of India,The Peerless General Finance,360,485
DENA BANK,ATISHAY INFOTECH PVT. LTD.,808,143
DENA BANK,Bloom Solutions Pvt Ltd,135,119
DENA BANK,Business Information Processing Services,316,271
DENA BANK,C-SAASTRA SOLUTIONS PVT LTD,0,1
DENA BANK,CALANCE SOFTWARE PRIVATE LTD,550,199
DENA BANK,DATASOFT COMPUTER SERVICES(P),1285,388
DENA BANK,JNET Technologies Pvt.Ltd,1429,416
DENA BANK,K W Consulting P Ltd,1759,452
DENA BANK,Multiwave Innovation,2069,819
DENA BANK,Narayana Electricals Solution Pvt Ltd,347,45
DENA BANK,Netlink software Pvt Ltd,72,196
DENA BANK,Ortem Securities Limited,152,177
DENA BANK,Prodigy Systems and Services Private Limited,30,420
DENA BANK,Soc for Advancement of Environ Science,164,563
DENA BANK,TechSmart India Pvt Ltd,204,175
DENA BANK,Tera Software Ltd,1735,151
DENA BANK,WEBEL,8,28
Delhi - Central DC,Smart Chip Limited,729,1119
Delhi - East DC,DATASOFT COMPUTER SERVICES(P),1022,2547
Delhi - ND DC,Smart Chip Limited,109,314
Delhi - NE DC,Alankit Assignments Limited,0,13
Delhi - NE DC,Smart Chip Limited,797,2015
Delhi - North DC,CALANCE SOFTWARE PRIVATE LTD,1586,2717
Delhi - North DC,DATASOFT COMPUTER SERVICES(P),0,5
Delhi - North DC,NVR & ASSOCIATES LIMITED,390,2999
Delhi - North DC,Smart Chip Limited,555,2117
Delhi SW DC,STRATEGIC OUTSOURCING SERVICE,0,1
Delhi SW DC,VIRGO SOFTECH LIMITED,124,1282
Delhi Urban Shelter Improvemen,STRATEGIC OUTSOURCING SERVICE,0,2
Delhi Urban Shelter Improvemen,Tera Software Ltd,0,1
Delhi- South DC,Karvy Computershare Private Li,2711,657
Delhi- South DC,Smart Chip Limited,148,589
Delhi- South DC,Tera Software Ltd,0,2
Delhi- West DC,Matrix Processing House,0,1
Delhi- West DC,Smart Chip Limited,133,935
Delhi- West DC,VIRGO SOFTECH LIMITED,926,1811
Delhi-NW DC,Karvy Computershare Private Li,312,986
Delhi-NW DC,STRATEGIC OUTSOURCING SERVICE,0,6
Department of Information Technology Govt of Jharkhand,Blue Circle Instrument,885,881
Department of Information Technology Govt of Jharkhand,MKS Enterprises,1336,1760
Department of Information Technology Govt of Jharkhand,Systematic & Advance Const P L,109,55
Department of Information Technology Govt of Jharkhand,Vayam technologies Ltd,1,20
Dept of ITC Govt of Rajasthan,ATISHAY INFOTECH PVT. LTD.,6224,3542
Dept of ITC Govt of Rajasthan,AVVAS INFOTECH PVT  LTD,9881,1512
Dept of ITC Govt of Rajasthan,Alankit Finsec Ltd,1443,836
Dept of ITC Govt of Rajasthan,Business Information Processing Services,804,273
Dept of ITC Govt of Rajasthan,DATASOFT COMPUTER SERVICES(P),5498,3301
Dept of ITC Govt of Rajasthan,Gem Computers,1716,274
Dept of ITC Govt of Rajasthan,MANTRA SOFTTECH (INDIA) PVTLTD,385,2
Dept of ITC Govt of Rajasthan,Multiwave Innovation,1310,808
Dept of ITC Govt of Rajasthan,Netlink software Pvt Ltd,423,464
Dept of ITC Govt of Rajasthan,TechSmart India Pvt Ltd,1413,359
Dept of ITC Govt of Rajasthan,Transline Technologies P Ltd,4084,2493
Dept of ITC Govt of Rajasthan,VIRGO SOFTECH LIMITED,1236,602
Dept of ITC Govt of Rajasthan,Vakrangee Softwares Limited,9169,5234
Dept of ITC Govt of Rajasthan,Vayam technologies Ltd,3972,2358
FCR Govt of Haryana,4G INFORMATICS,885,152
FCR Govt of Haryana,Vakrangee Softwares Limited,137,206
FCR Govt of Haryana,Vayam technologies Ltd,92,52
FCS Govt of Punjab,Alankit Assignments Limited,0,138
FCS Govt of Punjab,Alankit Finsec Ltd,0,193
FCS Govt of Punjab,Alankit Life Care Ltd,0,13
FCS Govt of Punjab,CSS TECHNERGY LIMITED,351,331
FCS Govt of Punjab,Delhi Integrated MMTS Ltd,0,16
FCS Govt of Punjab,Diwakar Commercials Pvt Ltd,0,57
FCS Govt of Punjab,Karvy Computershare Private Li,7137,6200
FCS Govt of Punjab,VIRGO SOFTECH LIMITED,0,7
FCS Govt of Punjab,VISESH INFOTECNICS LIMITED,0,1
FCS Govt of Punjab,Vayam technologies Ltd,15336,4223
FCS Govt of Punjab,eCentric solutions pvt ltd,5565,6643
Govt of Andhra Pradesh,Gouthami Educational Society,287,1366
Govt of Andhra Pradesh,GrapeSoft,126,496
Govt of Andhra Pradesh,IL&FS LTD,7,341
Govt of Andhra Pradesh,INFRONICS SYSTEMS LTD,280,1782
Govt of Andhra Pradesh,Madras Security Printers Ltd,0,83
Govt of Andhra Pradesh,SREEVEN INFOCOM LIMITED,304,602
Govt of Andhra Pradesh,Smart Chip Limited,0,7
Govt of Andhra Pradesh,TechSmart India Pvt Ltd,2198,1695
Govt of Andhra Pradesh,Tera Software Ltd,344,1287
Govt of Andhra Pradesh,eCentric solutions pvt ltd,0,164
Govt of Goa,COMAT TECHNOLOGIES P LTD,1,0
Govt of Goa,MARS Telecom Systems Pvt Ltd,19,378
Govt of Gujarat,GSS Infotech Ltd,1378,697
Govt of Gujarat,Karvy Computershare Private Li,3221,1100
Govt of Gujarat,Silver Touch Technologies Ltd,14813,2013
Govt of Gujarat,Tera Software Ltd,4259,433
Govt of Gujarat,Transline Technologies P Ltd,1298,454
Govt of Gujarat,Vayam technologies Ltd,11359,1881
Govt of Gujarat,eCentric solutions pvt ltd,958,541
Govt of Himachal Pradesh,IL&FS LTD,0,16
Govt of Himachal Pradesh,Wipro Ltd,719,1991
Govt of Himachal Pradesh,i-Grandee SoftwareTechnologies,1800,2083
Govt of Karnataka ,BNR UDYOG LIMITED,411,32
Govt of Karnataka ,Bloom Solutions Pvt Ltd,111,8
Govt of Karnataka ,COMAT TECHNOLOGIES P LTD,0,27
Govt of Karnataka ,GLODYNE TECHNOSERVE,0,14
Govt of Karnataka ,Integra Micro Systems Pvt.ltd,0,3
Govt of Karnataka ,MARS Telecom Systems Pvt Ltd,7057,3695
Govt of Karnataka ,Ninestars Information Technologies Ltd,4323,2785
Govt of Karnataka ,Origin ITFS Pvt Ltd,30276,3412
Govt of Karnataka ,SREEVEN INFOCOM LIMITED,5522,2175
Govt of Karnataka ,Tera Software Ltd,0,11
Govt of Karnataka ,Wipro Ltd,0,14
Govt of Kerala,Akshaya,11128,13687
Govt of Kerala,Keltron,217,6412
Govt of Madhya Pradesh,VIRGO SOFTECH LIMITED,0,147
Govt of Maharashtra,Alankit Assignments Limited,0,124
Govt of Maharashtra,Alankit Finsec Ltd,6123,1390
Govt of Maharashtra,Bharat Technical Solutions Private Limited,273,77
Govt of Maharashtra,COMAT TECHNOLOGIES P LTD,0,1
Govt of Maharashtra,Eagle press pvt ltd,272,152
Govt of Maharashtra,GLODYNE TECHNOSERVE,227,60
Govt of Maharashtra,GSS Infotech Ltd,0,3
Govt of Maharashtra,Karvy Computershare Private Li,9746,3533
Govt of Maharashtra,M/S King Computer System pvt Ltd,12,1
Govt of Maharashtra,M/s. Vidya Online  Pune,54,102
Govt of Maharashtra,Mahaonline Limited,0,10
Govt of Maharashtra,Narayana Electricals Solution Pvt Ltd,884,361
Govt of Maharashtra,Netlink software Pvt Ltd,5891,1125
Govt of Maharashtra,Network for Information & Computer,0,13
Govt of Maharashtra,Obel projects Pvt Ltd,0,35
Govt of Maharashtra,Rudranee Infotech Ltd,103,614
Govt of Maharashtra,SHREERAM PRINTING PRESS,94,112
Govt of Maharashtra,SPANCO,341,601
Govt of Maharashtra,STRATEGIC OUTSOURCING SERVICE,922,1352
Govt of Maharashtra,Silver Touch Technologies Ltd,1270,710
Govt of Maharashtra,Systematic & Advance Const P L,60,52
Govt of Maharashtra,TEAM LIFE CARE COMPANY INDIA P,65,90
Govt of Maharashtra,TechSmart India Pvt Ltd,2678,973
Govt of Maharashtra,Tera Software Ltd,106,105
Govt of Maharashtra,Transline Technologies P Ltd,451,1306
Govt of Maharashtra,Wep Solution India Limited,0,1
Govt of Maharashtra,Wipro Ltd,6131,1335
Govt of Sikkim - Dept of Econo,4G IDENTITY SOLUTIONS,0,7
Govt of Sikkim - Dept of Econo,Department of Economics Statistics  Monitoring and Evaluation DESME,34,69
IDBI Bank ltd,ATISHAY INFOTECH PVT. LTD.,1306,1128
IDBI Bank ltd,Matrix Processing House,901,260
IDBI Bank ltd,Pioneer E Labs limited,3,8
IDBI Bank ltd,SREEVEN INFOCOM LIMITED,1024,1257
IDBI Bank ltd,UTI TECHNOLOGY SERVICES LIMITE,1458,840
Indiapost,4G IDENTITY SOLUTIONS,0,3
Indiapost,Delhi Integrated MMTS Ltd,11131,3476
Indiapost,Eagle press pvt ltd,0,6
Indiapost,GLODYNE TECHNOSERVE,0,18
Indiapost,IL&FS LTD,0,1
Indiapost,M/S STAR DATA CENTRE,795,140
Indiapost,MARS Telecom Systems Pvt Ltd,487,743
Indiapost,Smart Chip Limited,429,445
Indiapost,TEAM LIFE CARE COMPANY INDIA P,3074,2608
Indiapost,The NSIC ltd,0,8
Indiapost,UTI TECHNOLOGY SERVICES LIMITE,0,2
Indiapost,Vayam technologies Ltd,195,647
Indiapost,WEBEL,241,912
Information Technology & Communication Department,4G INFORMATICS,8188,1389
Information Technology & Communication Department,BNR UDYOG LIMITED,712,631
Information Technology & Communication Department,Bloom Solutions Pvt Ltd,991,1057
Information Technology & Communication Department,CSS TECHNERGY LIMITED,1150,250
Information Technology & Communication Department,GDC Advertising Pvt. Limited,9,211
Information Technology & Communication Department,JYOTHI COMPUTER SERVICES,1701,1514
Information Technology & Communication Department,Karvy Data Management Services,48,212
Information Technology & Communication Department,MARS Telecom Systems Pvt Ltd,100,865
Information Technology & Communication Department,SREEVEN INFOCOM LIMITED,700,848
Information Technology & Communication Department,Tera Software Ltd,978,204
Jharkhand,Alankit Assignments Limited,2,24
Jharkhand,Blue Circle Instrument,114,281
Jharkhand,Emdee Digitronics Pvt.Ltd.,4612,1297
Jharkhand,MKS Enterprises,1861,942
Jharkhand,Nevaeh Technology Pvt. Ltd.,217,265
Jharkhand,STRATEGIC OUTSOURCING SERVICE,8,36
Jharkhand,Smart Chip Limited,1157,79
Jharkhand,Smart ID,0,1
Jharkhand,Systematic & Advance Const P L,939,1979
Jharkhand,VISION COMPTECH INTEGRATOR LTD,1441,1519
Jharkhand,Wipro Ltd,8948,5074
Life Insurance Corporation,ATISHAY INFOTECH PVT. LTD.,0,1
Life Insurance Corporation,Smart ID,0,1
Life Insurance Corporation,eCentric solutions pvt ltd,0,4
Mission Convergence - GNCT Del,Karvy Computershare Private Li,395,193
Mission Convergence - GNCT Del,NVR & ASSOCIATES LIMITED,119,490
Mission Convergence - GNCT Del,STRATEGIC OUTSOURCING SERVICE,0,5
Mission Convergence - GNCT Del,Tera Software Ltd,0,1
NSDL e-Governance Infrastructure Limited,Abhipra Capital Ltd,2796,1596
NSDL e-Governance Infrastructure Limited,Alankit Assignments Limited,5416,4098
NSDL e-Governance Infrastructure Limited,Delhi Integrated MMTS Ltd,1079,118
NSDL e-Governance Infrastructure Limited,INTEGRATED REGISTRY SERVICES LTD,15,8
NSDL e-Governance Infrastructure Limited,Karvy Data Management Services,18161,7987
NSDL e-Governance Infrastructure Limited,Netlink software Pvt Ltd,5604,2583
NSDL e-Governance Infrastructure Limited,PROWIZ MANSYTEMS PVT LTD,4538,1756
NSDL e-Governance Infrastructure Limited,TEAM LIFE CARE COMPANY INDIA P,35,143
NSDL e-Governance Infrastructure Limited,VIRGO SOFTECH LIMITED,11115,1836
Oriental Bank of Commerce,DATASOFT COMPUTER SERVICES(P),585,457
Oriental Bank of Commerce,Euro Finmart Ltd,306,74
Oriental Bank of Commerce,FINANCIAL INFORMATION NETWORK,0,2
Oriental Bank of Commerce,IL&FS LTD,0,4
Oriental Bank of Commerce,JNET Technologies Pvt.Ltd,1007,177
Oriental Bank of Commerce,Redim Software Technologies Pvt Ltd,127,1004
Oriental Bank of Commerce,Sri Ramraja Sarkar Lok Kalyan Trust,7089,2670
Oriental Bank of Commerce,Wipro Ltd,5558,3386
Punjab and Sind Bank,Matrix Processing House,0,4
RDD Govt of Tripura,Alankit Assignments Limited,0,366
Registrar General India - BEL,In Media Computer Services LLP,2,0
Registrar General India - BEL,Manipur Electronics Dev Corp,541,10
Registrar General India - BEL,Swathy Smartcards Hi-Tech Pvt,4,80
Registrar General India BEL2,Alankit Assignments Limited,726,56
Registrar General India BEL2,Computer LAB,5009,2643
Registrar General India BEL2,Emdee Digitronics Pvt.Ltd.,2027,47
Registrar General India BEL2,In Media Computer Services LLP,89,1
Registrar General India BEL2,India Computer Technology,27754,2467
Registrar General India BEL2,MACRO INFOTECH PVT LTD,2366,314
Registrar General India BEL2,MKS Enterprises,1272,4
Registrar General India BEL2,Madras Security Printers Ltd,29741,4134
Registrar General India BEL2,Manipur Electronics Dev Corp,56,44
Registrar General India BEL2,Multiwave Innovation,169,317
Registrar General India BEL2,Netlink software Pvt Ltd,530,867
Registrar General India BEL2,Nevaeh Technology Pvt. Ltd.,385,0
Registrar General India BEL2,Nielsen  India  Private Limited,1221,1428
Registrar General India BEL2,Om Softwares,17947,4924
Registrar General India BEL2,SREEVEN INFOCOM LIMITED,14,35
Registrar General India BEL2,STRATEGIC OUTSOURCING SERVICE,1658,218
Registrar General India BEL2,Satyanarayana Raju Company Pvt ltd,872,6
Registrar General India BEL2,Swathy Smartcards Hi-Tech Pvt,37723,10584
Registrar General India BEL2,Swiss Tech India Pvt Ltd,465,285
Registrar General India BEL2,Tera Software Ltd,10136,6134
Registrar General India BEL2,UNITED DATA SERVICES PRIVATE LIMITED,6003,1443
Registrar General India BEL2,VIRGO SOFTECH LIMITED,226,2
Registrar General India BEL2,Vansh Infotech Pvt Ltd,11762,391
Registrar General India BEL2,Vedavaag Systems Limited,2109,257
Registrar General India BEL2,Viesa Technologies,70,0
Registrar General India ECIL,AVVAS INFOTECH PVT  LTD,6233,484
Registrar General India ECIL,BUSINESS INFORMATION PROCESSING SERVICES,963,156
Registrar General India ECIL,COMTECH INSTITUTE OFTECHNOLOGY,3261,1397
Registrar General India ECIL,COMTECHINFO SOLUTIONS PVT.LTD,3958,189
Registrar General India ECIL,Chinar Construction Company Prime agency,636,27
Registrar General India ECIL,Clairvoyance Technologies Pvt.,123,400
Registrar General India ECIL,Computer LAB,18401,19349
Registrar General India ECIL,Eagle Software India Pvt. Ltd,10127,8168
Registrar General India ECIL,Esoft Consulting Limited,2737,859
Registrar General India ECIL,In Media Computer Services LLP,2004,451
Registrar General India ECIL,India Computer Technology,1372,6470
Registrar General India ECIL,Integrated Systems & Services,0,1
Registrar General India ECIL,Karvy Data Management Services,20935,791
Registrar General India ECIL,Krishna Infotech,1478,1222
Registrar General India ECIL,Madras Security Printers Ltd,8766,9061
Registrar General India ECIL,Mphasis Ltd,23547,3952
Registrar General India ECIL,Netwing Technologies Pvt Ltd,3716,186
Registrar General India ECIL,Nielsen  India  Private Limited,522,185
Registrar General India ECIL,Pioneer E Labs limited,284,575
Registrar General India ECIL,Quick Data IT Services Pvt Ltd,28,0
Registrar General India ECIL,SARADA SYSTEMS,235,7
Registrar General India ECIL,SWISSTECH NPR 57CR PROJECT PVT,16185,3977
Registrar General India ECIL,Tera Software Ltd,673,2224
Registrar General India ECIL,Vedavaag Systems Limited,6782,2049
Registrar General India Others,AVVAS INFOTECH PVT  LTD,8,15
Registrar General India Others,BUSINESS INFORMATION PROCESSING SERVICES,2,0
Registrar General India Others,COMTECH INSTITUTE OFTECHNOLOGY,0,1
Registrar General India Others,COMTECHINFO SOLUTIONS PVT.LTD,15,3
Registrar General India Others,Chinar Construction Company Prime agency,1,0
Registrar General India Others,Computer LAB,1,12
Registrar General India Others,Eagle Software India Pvt. Ltd,5,12
Registrar General India Others,Esoft Consulting Limited,2,0
Registrar General India Others,In Media Computer Services LLP,0,1
Registrar General India Others,Karvy Data Management Services,74,17
Registrar General India Others,Madras Security Printers Ltd,4,16
Registrar General India Others,Mphasis Ltd,26,4
Registrar General India Others,Multiwave Innovation,0,8
Registrar General India Others,Nielsen  India  Private Limited,0,1
Registrar General India Others,Om Softwares,3,2
Registrar General India Others,SARADA SYSTEMS,0,2
Registrar General India Others,STRATEGIC OUTSOURCING SERVICE,3,8
Registrar General India Others,SWISSTECH NPR 57CR PROJECT PVT,11,11
Registrar General India Others,Swathy Smartcards Hi-Tech Pvt,12,18
Registrar General India Others,Tera Software Ltd,0,2
Registrar General India Others,Vansh Infotech Pvt Ltd,12,0
Registrar General India Others,Vedavaag Systems Limited,0,5
Registrar General India Others,WEBEL TECHNOLOGY LIMITED,0,2
Registrar General of India ITI,COMTECH INSTITUTE OFTECHNOLOGY,1233,107
Registrar General of India ITI,CSS TECHNERGY LIMITED,875,370
Registrar General of India ITI,CommunitiWorks Welfare Society,1246,339
Registrar General of India ITI,Eagle Software India Pvt. Ltd,3670,804
Registrar General of India ITI,Emdee Digitronics Pvt.Ltd.,15005,3069
Registrar General of India ITI,In Media Computer Services LLP,139,1
Registrar General of India ITI,Karvy Data Management Services,3700,471
Registrar General of India ITI,Madras Security Printers Ltd,205,18
Registrar General of India ITI,Mphasis Ltd,4209,289
Registrar General of India ITI,Multiwave Innovation,9,1244
Registrar General of India ITI,Netlink software Pvt Ltd,285,125
Registrar General of India ITI,Netwing Technologies Pvt Ltd,107,20
Registrar General of India ITI,Nielsen  India  Private Limited,350,491
Registrar General of India ITI,SREEVEN INFOCOM LIMITED,5,168
Registrar General of India ITI,STRATEGIC OUTSOURCING SERVICE,1220,355
Registrar General of India ITI,Satyanarayana Raju Company Pvt ltd,746,176
Registrar General of India ITI,Swathy Smartcards Hi-Tech Pvt,7073,42580
Registrar General of India ITI,TechSmart India Pvt Ltd,20,127
Registrar General of India ITI,Urmila Info solution,12,20
Registrar General of India ITI,VIRGO SOFTECH LIMITED,770,957
Registrar General of India ITI,Vedavaag Systems Limited,9771,615
Registrar General of India ITI,WEBEL TECHNOLOGY LIMITED,4840,1474
Registrar General of India ITI,Webx Technologies Private Limited,0,2
STATE BANK OF PATIALA,CSS TECHNERGY LIMITED,0,18
State Bank of Bikaner & Jaipur,Multiwave Innovation,495,1026
State Bank of India,4G IDENTITY SOLUTIONS,0,33
State Bank of India,CSS TECHNERGY LIMITED,0,64
State Bank of India,Eagle press pvt ltd,0,1
State Bank of India,IL&FS LTD,0,92
State Bank of India,Smart Chip Limited,0,62
State Bank of India,VIRGO SOFTECH LIMITED,0,6
State Bank of Travancore,Tera Software Ltd,10,360
Syndicate Bank,Smart Chip Limited,0,34
UIDAI-Registrar,UIDAI-EA,9,41
UT Of Daman and Diu,Alankit Assignments Limited,18,90
UT of Puducherry,Madras Security Printers Ltd,22,275
Union Bank,4G IDENTITY SOLUTIONS,0,1
Union Bank,FINANCIAL INFORMATION NETWORK,24222,8490
Union Bank,Smart Chip Limited,8814,10817
Union Bank,Vakrangee Softwares Limited,37711,14258
