Registrar,Enrolment Agency,Aadhaar generated,Enrolment Rejected
Allahabad Bank,Vakrangee Softwares Limited,427,0
Bank Of India,A3 Logics  India  Ltd,6511,252
Bank Of India,Akanksha International,1536,8
Bank Of India,Blue Circle Instrument,3853,8
Bank Of India,CHESSY CONSULTANTS PVT LTD,2090,98
Bank Of India,DATASOFT COMPUTER SERVICES(P),815,21
Bank Of India,Emdee Digitronics Pvt.Ltd.,2659,22
Bank Of India,Frontech Systems Pvt Ltd,598,30
Bank Of India,ITI LIMITED,41,0
Bank Of India,MANTRA SOFTTECH (INDIA) PVTLTD,144,5
Bank Of India,Matrix Processing House,9683,137
Bank Of India,OPTIMIX CONSULTANCY PRIVATE LT,1,0
Bank Of India,OSWAL COMPUTERS & CONSULTANTS,7113,404
Bank Of India,PROTEX COMPUTER PVT LTD,1688,18
Bank Of India,SARADA SYSTEMS,2726,43
Bank Of India,SHRIKRISHNA KHANDASARI SUGAR M,7323,18
Bank Of India,SPANCO,6929,109
Bank Of India,SREI INFRASTRUCTURE FINANCES L,11790,196
Bank Of India,Silver Touch Technologies Ltd,952,34
Bank Of India,Systematic & Advance Const P L,10533,215
Bank Of India,VEETECHNOLOGIES PVT. LTD,3093,8
Bank Of India,VIRGO SOFTECH LIMITED,14,0
Bank Of India,Vakrangee Softwares Limited,284,5
Bank of Baroda,DATASOFT COMPUTER SERVICES(P),4,0
Bank of Baroda,TEAM LIFE CARE COMPANY INDIA P,4197,8
Bank of Maharashtra,Alankit Finsec Ltd,351,9
Bank of Maharashtra,FINANCIAL INFORMATION NETWORK,2205,13
Bank of Maharashtra,Micro Technologies India Ltd,880,30
Bank of Maharashtra,Tera Software Ltd,2595,3
CSC e-Governance Services India Limited,A I Soc for Electronics and Comp Tech,10713,259
CSC e-Governance Services India Limited,AKSH OPTIFIBRE LIMITED,1913,14
CSC e-Governance Services India Limited,BASIX,778,5
CSC e-Governance Services India Limited,CALANCE SOFTWARE PRIVATE LTD,7778,88
CSC e-Governance Services India Limited,CMS Computers Ltd,8390,72
CSC e-Governance Services India Limited,CSC e-Governance Services India Limited,4721,132
CSC e-Governance Services India Limited,Intelligent Communication Systems India Limited,934,229
CSC e-Governance Services India Limited,Network for Information & Computer,2955,47
CSC e-Governance Services India Limited,Reliance Communication Limited,3515,41
CSC e-Governance Services India Limited,SPANCO,733,30
CSC e-Governance Services India Limited,Tera Software Ltd,147,0
CSC e-Governance Services India Limited,United Telecoms e-Services Pvt Ltd,2305,78
CSC e-Governance Services India Limited,VIKALP MULTIMEDIA,176,0
CSC e-Governance Services India Limited,Vakrangee Softwares Limited,2226,19
Central Bank of India,CALANCE SOFTWARE PRIVATE LTD,1966,71
Central Bank of India,IAP COMPANY Pvt. Ltd,14164,105
Central Bank of India,IL&FS LTD,1,0
Central Bank of India,MANTRA SOFTTECH (INDIA) PVTLTD,70,0
Central Bank of India,The Peerless General Finance,2196,17
DENA BANK,ATISHAY INFOTECH PVT. LTD.,2220,20
DENA BANK,Bloom Solutions Pvt Ltd,2491,39
DENA BANK,Business Information Processing Services,1068,20
DENA BANK,C-SAASTRA SOLUTIONS PVT LTD,1,0
DENA BANK,CALANCE SOFTWARE PRIVATE LTD,475,1
DENA BANK,DATASOFT COMPUTER SERVICES(P),623,32
DENA BANK,JNET Technologies Pvt.Ltd,4625,160
DENA BANK,K W Consulting P Ltd,1665,13
DENA BANK,Multiwave Innovation,3541,11
DENA BANK,Narayana Electricals Solution Pvt Ltd,1339,0
DENA BANK,Netlink software Pvt Ltd,120,0
DENA BANK,Ortem Securities Limited,65,0
DENA BANK,Prodigy Systems and Services Private Limited,447,7
DENA BANK,Soc for Advancement of Environ Science,248,216
DENA BANK,TechSmart India Pvt Ltd,935,7
DENA BANK,Tera Software Ltd,1707,12
DENA BANK,WEBEL,758,0
Delhi - Central DC,Smart Chip Limited,472,10
Delhi - East DC,DATASOFT COMPUTER SERVICES(P),1249,65
Delhi - ND DC,Smart Chip Limited,203,2
Delhi - NE DC,Smart Chip Limited,920,21
Delhi - North DC,CALANCE SOFTWARE PRIVATE LTD,1847,97
Delhi - North DC,DATASOFT COMPUTER SERVICES(P),1,0
Delhi - North DC,NVR & ASSOCIATES LIMITED,1241,132
Delhi - North DC,Smart Chip Limited,795,3
Delhi SW DC,VIRGO SOFTECH LIMITED,72,90
Delhi- South DC,Karvy Computershare Private Li,274,96
Delhi- South DC,Smart Chip Limited,542,3
Delhi- South DC,Tera Software Ltd,1,0
Delhi- West DC,Smart Chip Limited,153,3
Delhi- West DC,VIRGO SOFTECH LIMITED,622,250
Delhi-NW DC,Karvy Computershare Private Li,435,22
Department of Information Technology Govt of Jharkhand,Blue Circle Instrument,760,37
Department of Information Technology Govt of Jharkhand,MKS Enterprises,1852,70
Department of Information Technology Govt of Jharkhand,Systematic & Advance Const P L,3,0
Department of Information Technology Govt of Jharkhand,Vayam technologies Ltd,5,1
Dept of ITC Govt of Rajasthan,ATISHAY INFOTECH PVT. LTD.,5169,215
Dept of ITC Govt of Rajasthan,AVVAS INFOTECH PVT  LTD,5308,100
Dept of ITC Govt of Rajasthan,Alankit Finsec Ltd,2863,64
Dept of ITC Govt of Rajasthan,Business Information Processing Services,2494,37
Dept of ITC Govt of Rajasthan,DATASOFT COMPUTER SERVICES(P),4571,323
Dept of ITC Govt of Rajasthan,Gem Computers,5048,2
Dept of ITC Govt of Rajasthan,MANTRA SOFTTECH (INDIA) PVTLTD,295,0
Dept of ITC Govt of Rajasthan,Multiwave Innovation,582,5
Dept of ITC Govt of Rajasthan,Netlink software Pvt Ltd,2052,36
Dept of ITC Govt of Rajasthan,TechSmart India Pvt Ltd,1133,22
Dept of ITC Govt of Rajasthan,Transline Technologies P Ltd,7945,266
Dept of ITC Govt of Rajasthan,VIRGO SOFTECH LIMITED,682,93
Dept of ITC Govt of Rajasthan,Vakrangee Softwares Limited,4351,1308
Dept of ITC Govt of Rajasthan,Vayam technologies Ltd,3856,205
FCR Govt of Haryana,4G INFORMATICS,2070,6
FCR Govt of Haryana,Vakrangee Softwares Limited,84,3
FCR Govt of Haryana,Vayam technologies Ltd,327,1
FCS Govt of Punjab,Alankit Assignments Limited,1,0
FCS Govt of Punjab,Alankit Finsec Ltd,10,0
FCS Govt of Punjab,CSS TECHNERGY LIMITED,141,3
FCS Govt of Punjab,Delhi Integrated MMTS Ltd,7,0
FCS Govt of Punjab,Diwakar Commercials Pvt Ltd,2,0
FCS Govt of Punjab,Karvy Computershare Private Li,6756,151
FCS Govt of Punjab,VIRGO SOFTECH LIMITED,1,0
FCS Govt of Punjab,Vayam technologies Ltd,2559,293
FCS Govt of Punjab,eCentric solutions pvt ltd,6821,214
Govt of Andhra Pradesh,Gouthami Educational Society,2336,101
Govt of Andhra Pradesh,GrapeSoft,694,16
Govt of Andhra Pradesh,IL&FS LTD,13,0
Govt of Andhra Pradesh,INFRONICS SYSTEMS LTD,1834,55
Govt of Andhra Pradesh,SREEVEN INFOCOM LIMITED,3624,107
Govt of Andhra Pradesh,Smart Chip Limited,1,0
Govt of Andhra Pradesh,TechSmart India Pvt Ltd,3968,158
Govt of Andhra Pradesh,Tera Software Ltd,1414,15
Govt of Andhra Pradesh,eCentric solutions pvt ltd,30,0
Govt of Goa,COMAT TECHNOLOGIES P LTD,1,0
Govt of Goa,MARS Telecom Systems Pvt Ltd,197,13
Govt of Gujarat,GSS Infotech Ltd,5750,83
Govt of Gujarat,Karvy Computershare Private Li,15388,157
Govt of Gujarat,Silver Touch Technologies Ltd,24042,577
Govt of Gujarat,Tera Software Ltd,8321,80
Govt of Gujarat,Transline Technologies P Ltd,1570,37
Govt of Gujarat,Vayam technologies Ltd,7377,179
Govt of Gujarat,eCentric solutions pvt ltd,3613,189
Govt of Himachal Pradesh,Wipro Ltd,1814,102
Govt of Himachal Pradesh,i-Grandee SoftwareTechnologies,5222,84
Govt of Karnataka ,BNR UDYOG LIMITED,413,3
Govt of Karnataka ,Bloom Solutions Pvt Ltd,463,0
Govt of Karnataka ,GLODYNE TECHNOSERVE,3,0
Govt of Karnataka ,Integra Micro Systems Pvt.ltd,1,0
Govt of Karnataka ,MARS Telecom Systems Pvt Ltd,10914,57
Govt of Karnataka ,Ninestars Information Technologies Ltd,16101,141
Govt of Karnataka ,Origin ITFS Pvt Ltd,24587,719
Govt of Karnataka ,SREEVEN INFOCOM LIMITED,9888,129
Govt of Karnataka ,Tera Software Ltd,1,0
Govt of Karnataka ,Wipro Ltd,1,0
Govt of Kerala,Akshaya,11687,205
Govt of Kerala,Keltron,1284,24
Govt of Madhya Pradesh,VIRGO SOFTECH LIMITED,3,0
Govt of Maharashtra,Alankit Finsec Ltd,3044,42
Govt of Maharashtra,Bharat Technical Solutions Private Limited,992,0
Govt of Maharashtra,Eagle press pvt ltd,588,2
Govt of Maharashtra,GLODYNE TECHNOSERVE,129,8
Govt of Maharashtra,Karvy Computershare Private Li,13638,111
Govt of Maharashtra,M/S King Computer System pvt Ltd,250,8
Govt of Maharashtra,M/s. Vidya Online  Pune,662,2
Govt of Maharashtra,Mahaonline Limited,14,0
Govt of Maharashtra,Narayana Electricals Solution Pvt Ltd,1983,2
Govt of Maharashtra,Netlink software Pvt Ltd,3172,136
Govt of Maharashtra,Network for Information & Computer,15,0
Govt of Maharashtra,Obel projects Pvt Ltd,23,0
Govt of Maharashtra,Rudranee Infotech Ltd,1567,51
Govt of Maharashtra,SHREERAM PRINTING PRESS,1378,8
Govt of Maharashtra,SPANCO,6487,18
Govt of Maharashtra,STRATEGIC OUTSOURCING SERVICE,4117,66
Govt of Maharashtra,Silver Touch Technologies Ltd,2562,27
Govt of Maharashtra,Smart Chip Limited,1,0
Govt of Maharashtra,Systematic & Advance Const P L,171,0
Govt of Maharashtra,TEAM LIFE CARE COMPANY INDIA P,399,1
Govt of Maharashtra,TechSmart India Pvt Ltd,1097,10
Govt of Maharashtra,Tera Software Ltd,58,0
Govt of Maharashtra,Transline Technologies P Ltd,674,34
Govt of Maharashtra,Wipro Ltd,3443,108
Govt of Sikkim - Dept of Econo,Department of Economics Statistics  Monitoring and Evaluation DESME,435,2
IDBI Bank ltd,ATISHAY INFOTECH PVT. LTD.,1897,74
IDBI Bank ltd,Matrix Processing House,817,10
IDBI Bank ltd,SREEVEN INFOCOM LIMITED,3469,8
IDBI Bank ltd,UTI TECHNOLOGY SERVICES LIMITE,2391,5
Indiapost,Delhi Integrated MMTS Ltd,7041,125
Indiapost,Eagle press pvt ltd,1,0
Indiapost,M/S STAR DATA CENTRE,850,2
Indiapost,MARS Telecom Systems Pvt Ltd,1193,32
Indiapost,Smart Chip Limited,28,2
Indiapost,TEAM LIFE CARE COMPANY INDIA P,4146,22
Indiapost,Vayam technologies Ltd,142,78
Indiapost,WEBEL,270,104
Information Technology & Communication Department,4G INFORMATICS,4946,149
Information Technology & Communication Department,BNR UDYOG LIMITED,1785,96
Information Technology & Communication Department,Bloom Solutions Pvt Ltd,1213,34
Information Technology & Communication Department,CSS TECHNERGY LIMITED,365,10
Information Technology & Communication Department,GDC Advertising Pvt. Limited,180,0
Information Technology & Communication Department,JYOTHI COMPUTER SERVICES,2591,60
Information Technology & Communication Department,Karvy Data Management Services,1152,1
Information Technology & Communication Department,MARS Telecom Systems Pvt Ltd,786,53
Information Technology & Communication Department,SREEVEN INFOCOM LIMITED,6100,84
Information Technology & Communication Department,Tera Software Ltd,807,48
Jharkhand,Alankit Assignments Limited,26,0
Jharkhand,Blue Circle Instrument,35,6
Jharkhand,Emdee Digitronics Pvt.Ltd.,2597,281
Jharkhand,MKS Enterprises,1723,120
Jharkhand,Nevaeh Technology Pvt. Ltd.,1989,40
Jharkhand,STRATEGIC OUTSOURCING SERVICE,22,0
Jharkhand,Smart Chip Limited,6068,13
Jharkhand,Smart ID,1,0
Jharkhand,Systematic & Advance Const P L,2558,104
Jharkhand,VISION COMPTECH INTEGRATOR LTD,5512,225
Jharkhand,Wipro Ltd,12773,338
Mission Convergence - GNCT Del,Karvy Computershare Private Li,140,6
Mission Convergence - GNCT Del,NVR & ASSOCIATES LIMITED,475,65
NSDL e-Governance Infrastructure Limited,Abhipra Capital Ltd,6991,89
NSDL e-Governance Infrastructure Limited,Alankit Assignments Limited,9217,112
NSDL e-Governance Infrastructure Limited,Delhi Integrated MMTS Ltd,103,59
NSDL e-Governance Infrastructure Limited,INTEGRATED REGISTRY SERVICES LTD,33,1
NSDL e-Governance Infrastructure Limited,Karvy Data Management Services,26562,279
NSDL e-Governance Infrastructure Limited,Netlink software Pvt Ltd,10623,155
NSDL e-Governance Infrastructure Limited,PROWIZ MANSYTEMS PVT LTD,3478,62
NSDL e-Governance Infrastructure Limited,TEAM LIFE CARE COMPANY INDIA P,416,2
NSDL e-Governance Infrastructure Limited,VIRGO SOFTECH LIMITED,7057,192
Oriental Bank of Commerce,DATASOFT COMPUTER SERVICES(P),855,37
Oriental Bank of Commerce,Euro Finmart Ltd,222,4
Oriental Bank of Commerce,JNET Technologies Pvt.Ltd,2373,48
Oriental Bank of Commerce,Redim Software Technologies Pvt Ltd,506,3
Oriental Bank of Commerce,Sri Ramraja Sarkar Lok Kalyan Trust,7383,50
Oriental Bank of Commerce,Wipro Ltd,8662,159
Others,Others,0,1
RDD Govt of Tripura,Alankit Assignments Limited,24,0
Registrar General India - BEL,Manipur Electronics Dev Corp,71,0
Registrar General India - BEL,Swathy Smartcards Hi-Tech Pvt,362,0
Registrar General India BEL2,Alankit Assignments Limited,88,10
Registrar General India BEL2,Computer LAB,2662,8
Registrar General India BEL2,Emdee Digitronics Pvt.Ltd.,121,18
Registrar General India BEL2,In Media Computer Services LLP,8,0
Registrar General India BEL2,India Computer Technology,22043,22
Registrar General India BEL2,MACRO INFOTECH PVT LTD,8491,8
Registrar General India BEL2,MKS Enterprises,4,0
Registrar General India BEL2,Madras Security Printers Ltd,35045,29
Registrar General India BEL2,Manipur Electronics Dev Corp,798,0
Registrar General India BEL2,Multiwave Innovation,607,0
Registrar General India BEL2,Netlink software Pvt Ltd,1378,7
Registrar General India BEL2,Nevaeh Technology Pvt. Ltd.,37,0
Registrar General India BEL2,Nielsen  India  Private Limited,1607,1
Registrar General India BEL2,Om Softwares,29324,226
Registrar General India BEL2,SREEVEN INFOCOM LIMITED,7,0
Registrar General India BEL2,STRATEGIC OUTSOURCING SERVICE,4500,93
Registrar General India BEL2,Satyanarayana Raju Company Pvt ltd,74,0
Registrar General India BEL2,Swathy Smartcards Hi-Tech Pvt,135847,117
Registrar General India BEL2,Swiss Tech India Pvt Ltd,294,0
Registrar General India BEL2,Tera Software Ltd,3131,450
Registrar General India BEL2,UNITED DATA SERVICES PRIVATE LIMITED,6468,8
Registrar General India BEL2,VIRGO SOFTECH LIMITED,10,0
Registrar General India BEL2,Vansh Infotech Pvt Ltd,3917,14
Registrar General India BEL2,Vedavaag Systems Limited,4104,16
Registrar General India BEL2,Viesa Technologies,5,0
Registrar General India ECIL,AVVAS INFOTECH PVT  LTD,5521,122
Registrar General India ECIL,BUSINESS INFORMATION PROCESSING SERVICES,708,9
Registrar General India ECIL,COMTECH INSTITUTE OFTECHNOLOGY,2198,4
Registrar General India ECIL,COMTECHINFO SOLUTIONS PVT.LTD,5047,11
Registrar General India ECIL,Chinar Construction Company Prime agency,1164,0
Registrar General India ECIL,Clairvoyance Technologies Pvt.,25,0
Registrar General India ECIL,Computer LAB,29878,327
Registrar General India ECIL,Eagle Software India Pvt. Ltd,15216,3321
Registrar General India ECIL,Esoft Consulting Limited,1859,3
Registrar General India ECIL,In Media Computer Services LLP,3669,2
Registrar General India ECIL,India Computer Technology,13561,48
Registrar General India ECIL,Karvy Data Management Services,23008,94
Registrar General India ECIL,Krishna Infotech,119125,55
Registrar General India ECIL,Madras Security Printers Ltd,33308,3089
Registrar General India ECIL,Mphasis Ltd,5710,3
Registrar General India ECIL,Netwing Technologies Pvt Ltd,37,0
Registrar General India ECIL,Nielsen  India  Private Limited,319,0
Registrar General India ECIL,Pioneer E Labs limited,845,2
Registrar General India ECIL,Quick Data IT Services Pvt Ltd,54,0
Registrar General India ECIL,SARADA SYSTEMS,1,0
Registrar General India ECIL,SWISSTECH NPR 57CR PROJECT PVT,41915,19
Registrar General India ECIL,Tera Software Ltd,344,0
Registrar General India ECIL,Vedavaag Systems Limited,24451,12
Registrar General India Others,AVVAS INFOTECH PVT  LTD,26,0
Registrar General India Others,Computer LAB,4,0
Registrar General India Others,Eagle Software India Pvt. Ltd,1,12
Registrar General India Others,In Media Computer Services LLP,0,1
Registrar General India Others,Karvy Data Management Services,67,3
Registrar General India Others,Krishna Infotech,1,0
Registrar General India Others,LYRA  CONSULTANCY SERVICE,2,1
Registrar General India Others,Madras Security Printers Ltd,50,1
Registrar General India Others,Manipur Electronics Dev Corp,1,0
Registrar General India Others,Mphasis Ltd,0,2
Registrar General India Others,Nielsen  India  Private Limited,1,0
Registrar General India Others,SWISSTECH NPR 57CR PROJECT PVT,53,4
Registrar General India Others,Swathy Smartcards Hi-Tech Pvt,65,12
Registrar General India Others,Vansh Infotech Pvt Ltd,0,2
Registrar General India Others,Vedavaag Systems Limited,33,2
Registrar General of India ITI,COMTECH INSTITUTE OFTECHNOLOGY,1377,12
Registrar General of India ITI,CSS TECHNERGY LIMITED,653,0
Registrar General of India ITI,CommunitiWorks Welfare Society,1326,1
Registrar General of India ITI,Eagle Software India Pvt. Ltd,4988,57
Registrar General of India ITI,Emdee Digitronics Pvt.Ltd.,24556,523
Registrar General of India ITI,In Media Computer Services LLP,1142,0
Registrar General of India ITI,Karvy Data Management Services,3684,33
Registrar General of India ITI,Madras Security Printers Ltd,1783,4
Registrar General of India ITI,Mphasis Ltd,1076,4
Registrar General of India ITI,Multiwave Innovation,12,0
Registrar General of India ITI,Netlink software Pvt Ltd,763,25
Registrar General of India ITI,Netwing Technologies Pvt Ltd,18,0
Registrar General of India ITI,Nielsen  India  Private Limited,1516,15
Registrar General of India ITI,SREEVEN INFOCOM LIMITED,400,0
Registrar General of India ITI,STRATEGIC OUTSOURCING SERVICE,2549,3
Registrar General of India ITI,Satyanarayana Raju Company Pvt ltd,793,20
Registrar General of India ITI,Swathy Smartcards Hi-Tech Pvt,8969,1018
Registrar General of India ITI,TechSmart India Pvt Ltd,182,0
Registrar General of India ITI,Urmila Info solution,22,0
Registrar General of India ITI,VIRGO SOFTECH LIMITED,455,10
Registrar General of India ITI,Vedavaag Systems Limited,5443,9
Registrar General of India ITI,WEBEL TECHNOLOGY LIMITED,5837,19
STATE BANK OF PATIALA,CSS TECHNERGY LIMITED,1,0
State Bank of Bikaner & Jaipur,Multiwave Innovation,400,110
State Bank of Travancore,Tera Software Ltd,147,2
UIDAI-Registrar,UIDAI-EA,52,0
UT Of Daman and Diu,Alankit Assignments Limited,93,1
UT of Puducherry,Madras Security Printers Ltd,53,0
Union Bank,FINANCIAL INFORMATION NETWORK,29176,403
Union Bank,Smart Chip Limited,18026,350
Union Bank,Vakrangee Softwares Limited,24616,2148
