Registrar,Enrolment Agency,Aadhaar generated,Enrolment Rejected
Allahabad Bank,Vakrangee Softwares Limited,103,47
Bank Of India,A3 Logics  India  Ltd,2467,700
Bank Of India,Akanksha International,811,144
Bank Of India,Blue Circle Instrument,1676,443
Bank Of India,CHESSY CONSULTANTS PVT LTD,353,572
Bank Of India,DATASOFT COMPUTER SERVICES(P),589,143
Bank Of India,Emdee Digitronics Pvt.Ltd.,661,211
Bank Of India,Frontech Systems Pvt Ltd,248,697
Bank Of India,ITI LIMITED,12,5
Bank Of India,MANTRA SOFTTECH (INDIA) PVTLTD,223,24
Bank Of India,Matrix Processing House,8483,1180
Bank Of India,OPTIMIX CONSULTANCY PRIVATE LT,0,1
Bank Of India,OSWAL COMPUTERS & CONSULTANTS,5205,2502
Bank Of India,PROTEX COMPUTER PVT LTD,2066,517
Bank Of India,SARADA SYSTEMS,1946,243
Bank Of India,SHRIKRISHNA KHANDASARI SUGAR M,2255,822
Bank Of India,SPANCO,3582,762
Bank Of India,SREI INFRASTRUCTURE FINANCES L,8254,1421
Bank Of India,Silver Touch Technologies Ltd,1180,280
Bank Of India,Systematic & Advance Const P L,8533,1047
Bank Of India,VEETECHNOLOGIES PVT. LTD,2753,2044
Bank Of India,VIRGO SOFTECH LIMITED,10,27
Bank Of India,Vakrangee Softwares Limited,304,46
Bank of Baroda,TEAM LIFE CARE COMPANY INDIA P,2326,368
Bank of Maharashtra,Alankit Finsec Ltd,70,30
Bank of Maharashtra,FINANCIAL INFORMATION NETWORK,269,181
Bank of Maharashtra,Micro Technologies India Ltd,517,344
Bank of Maharashtra,Tera Software Ltd,998,775
CSC e-Governance Services India Limited,A I Soc for Electronics and Comp Tech,35544,2073
CSC e-Governance Services India Limited,AKSH OPTIFIBRE LIMITED,15015,438
CSC e-Governance Services India Limited,BASIX,379,254
CSC e-Governance Services India Limited,CALANCE SOFTWARE PRIVATE LTD,3032,457
CSC e-Governance Services India Limited,CMS Computers Ltd,27090,1151
CSC e-Governance Services India Limited,CSC e-Governance Services India Limited,815,634
CSC e-Governance Services India Limited,Intelligent Communication Systems India Limited,327,258
CSC e-Governance Services India Limited,Network for Information & Computer,1211,430
CSC e-Governance Services India Limited,Reliance Communication Limited,6478,325
CSC e-Governance Services India Limited,SPANCO,114,89
CSC e-Governance Services India Limited,Tera Software Ltd,83,67
CSC e-Governance Services India Limited,United Telecoms e-Services Pvt Ltd,11043,994
CSC e-Governance Services India Limited,VIKALP MULTIMEDIA,2510,134
CSC e-Governance Services India Limited,Vakrangee Softwares Limited,2042,481
Central Bank of India,CALANCE SOFTWARE PRIVATE LTD,3772,541
Central Bank of India,IAP COMPANY Pvt. Ltd,6107,2804
Central Bank of India,MANTRA SOFTTECH (INDIA) PVTLTD,91,15
Central Bank of India,SREI INFRASTRUCTURE FINANCES L,9,0
Central Bank of India,The Peerless General Finance,734,278
DENA BANK,ATISHAY INFOTECH PVT. LTD.,386,139
DENA BANK,Bloom Solutions Pvt Ltd,206,686
DENA BANK,Business Information Processing Services,167,456
DENA BANK,C-SAASTRA SOLUTIONS PVT LTD,0,5
DENA BANK,CALANCE SOFTWARE PRIVATE LTD,188,149
DENA BANK,DATASOFT COMPUTER SERVICES(P),1132,170
DENA BANK,JNET Technologies Pvt.Ltd,6095,299
DENA BANK,K W Consulting P Ltd,13189,700
DENA BANK,Multiwave Innovation,2491,400
DENA BANK,Narayana Electricals Solution Pvt Ltd,829,33
DENA BANK,Netlink software Pvt Ltd,294,47
DENA BANK,Ortem Securities Limited,251,118
DENA BANK,Prodigy Systems and Services Private Limited,202,207
DENA BANK,Soc for Advancement of Environ Science,229,316
DENA BANK,TechSmart India Pvt Ltd,164,500
DENA BANK,Tera Software Ltd,867,246
DENA BANK,WEBEL,2,12
Delhi - Central DC,Smart Chip Limited,393,670
Delhi - East DC,DATASOFT COMPUTER SERVICES(P),411,818
Delhi - ND DC,Smart Chip Limited,69,140
Delhi - NE DC,Smart Chip Limited,265,561
Delhi - North DC,CALANCE SOFTWARE PRIVATE LTD,1819,1279
Delhi - North DC,NVR & ASSOCIATES LIMITED,3030,1119
Delhi - North DC,Smart Chip Limited,160,606
Delhi SW DC,VIRGO SOFTECH LIMITED,179,437
Delhi- South DC,Karvy Computershare Private Li,156,681
Delhi- South DC,Smart Chip Limited,132,124
Delhi- West DC,Smart Chip Limited,67,201
Delhi- West DC,VIRGO SOFTECH LIMITED,543,1143
Delhi-NW DC,Karvy Computershare Private Li,99,627
Department of Information Technology Govt of Jharkhand,Blue Circle Instrument,3492,422
Department of Information Technology Govt of Jharkhand,MKS Enterprises,550,286
Department of Information Technology Govt of Jharkhand,Systematic & Advance Const P L,219,5
Department of Information Technology Govt of Jharkhand,Vayam technologies Ltd,22,1
Dept of ITC Govt of Rajasthan,ATISHAY INFOTECH PVT. LTD.,5511,1088
Dept of ITC Govt of Rajasthan,AVVAS INFOTECH PVT  LTD,9170,1231
Dept of ITC Govt of Rajasthan,Alankit Finsec Ltd,1299,368
Dept of ITC Govt of Rajasthan,Business Information Processing Services,290,215
Dept of ITC Govt of Rajasthan,DATASOFT COMPUTER SERVICES(P),15737,1279
Dept of ITC Govt of Rajasthan,Gem Computers,2481,227
Dept of ITC Govt of Rajasthan,MANTRA SOFTTECH (INDIA) PVTLTD,70,28
Dept of ITC Govt of Rajasthan,Multiwave Innovation,1169,305
Dept of ITC Govt of Rajasthan,Netlink software Pvt Ltd,2193,145
Dept of ITC Govt of Rajasthan,TechSmart India Pvt Ltd,1405,311
Dept of ITC Govt of Rajasthan,Transline Technologies P Ltd,4272,1043
Dept of ITC Govt of Rajasthan,VIRGO SOFTECH LIMITED,684,599
Dept of ITC Govt of Rajasthan,Vakrangee Softwares Limited,26104,4493
Dept of ITC Govt of Rajasthan,Vayam technologies Ltd,5623,1398
FCR Govt of Haryana,4G INFORMATICS,2292,89
FCR Govt of Haryana,Vakrangee Softwares Limited,40,13
FCR Govt of Haryana,Vayam technologies Ltd,350,48
FCS Govt of Punjab,CSS TECHNERGY LIMITED,156,110
FCS Govt of Punjab,Karvy Computershare Private Li,12918,2056
FCS Govt of Punjab,VIRGO SOFTECH LIMITED,1,0
FCS Govt of Punjab,Vayam technologies Ltd,5090,1519
FCS Govt of Punjab,eCentric solutions pvt ltd,3565,2176
Govt of Andhra Pradesh,Gouthami Educational Society,539,715
Govt of Andhra Pradesh,GrapeSoft,191,208
Govt of Andhra Pradesh,IL&FS LTD,7,1
Govt of Andhra Pradesh,INFRONICS SYSTEMS LTD,801,1097
Govt of Andhra Pradesh,SREEVEN INFOCOM LIMITED,211,376
Govt of Andhra Pradesh,TechSmart India Pvt Ltd,2213,1038
Govt of Andhra Pradesh,Tera Software Ltd,642,555
Govt of Andhra Pradesh,eCentric solutions pvt ltd,0,3
Govt of Goa,MARS Telecom Systems Pvt Ltd,105,308
Govt of Gujarat,GSS Infotech Ltd,2687,366
Govt of Gujarat,Karvy Computershare Private Li,5951,478
Govt of Gujarat,Silver Touch Technologies Ltd,8107,910
Govt of Gujarat,Tera Software Ltd,6931,691
Govt of Gujarat,Transline Technologies P Ltd,527,133
Govt of Gujarat,Vayam technologies Ltd,6593,735
Govt of Gujarat,eCentric solutions pvt ltd,964,110
Govt of Himachal Pradesh,Wipro Ltd,314,352
Govt of Himachal Pradesh,i-Grandee SoftwareTechnologies,988,1882
Govt of Karnataka ,BNR UDYOG LIMITED,202,246
Govt of Karnataka ,Bloom Solutions Pvt Ltd,2910,32
Govt of Karnataka ,GLODYNE TECHNOSERVE,0,1
Govt of Karnataka ,MARS Telecom Systems Pvt Ltd,12282,2214
Govt of Karnataka ,Ninestars Information Technologies Ltd,7161,1860
Govt of Karnataka ,Origin ITFS Pvt Ltd,21752,3606
Govt of Karnataka ,SREEVEN INFOCOM LIMITED,4820,1691
Govt of Kerala,Akshaya,5032,4773
Govt of Kerala,Keltron,363,1168
Govt of Madhya Pradesh,VIRGO SOFTECH LIMITED,0,1
Govt of Maharashtra,Alankit Finsec Ltd,1387,669
Govt of Maharashtra,Bharat Technical Solutions Private Limited,643,27
Govt of Maharashtra,Eagle press pvt ltd,73,103
Govt of Maharashtra,GLODYNE TECHNOSERVE,109,13
Govt of Maharashtra,Karvy Computershare Private Li,3777,1538
Govt of Maharashtra,M/S King Computer System pvt Ltd,19,8
Govt of Maharashtra,M/s. Vidya Online  Pune,111,83
Govt of Maharashtra,Narayana Electricals Solution Pvt Ltd,622,341
Govt of Maharashtra,Netlink software Pvt Ltd,1722,872
Govt of Maharashtra,Network for Information & Computer,24,3
Govt of Maharashtra,Obel projects Pvt Ltd,3,0
Govt of Maharashtra,Rudranee Infotech Ltd,685,283
Govt of Maharashtra,SHREERAM PRINTING PRESS,341,155
Govt of Maharashtra,SPANCO,1884,378
Govt of Maharashtra,STRATEGIC OUTSOURCING SERVICE,592,568
Govt of Maharashtra,Silver Touch Technologies Ltd,1165,260
Govt of Maharashtra,Systematic & Advance Const P L,34,60
Govt of Maharashtra,TEAM LIFE CARE COMPANY INDIA P,559,25
Govt of Maharashtra,TechSmart India Pvt Ltd,1990,183
Govt of Maharashtra,Tera Software Ltd,18,71
Govt of Maharashtra,Transline Technologies P Ltd,334,609
Govt of Maharashtra,Wipro Ltd,1215,506
Govt of Sikkim - Dept of Econo,Department of Economics Statistics  Monitoring and Evaluation DESME,24,42
IDBI Bank ltd,ATISHAY INFOTECH PVT. LTD.,830,593
IDBI Bank ltd,Matrix Processing House,123,151
IDBI Bank ltd,SREEVEN INFOCOM LIMITED,680,641
IDBI Bank ltd,UTI TECHNOLOGY SERVICES LIMITE,1702,338
Indiapost,Delhi Integrated MMTS Ltd,10746,1667
Indiapost,GLODYNE TECHNOSERVE,0,1
Indiapost,M/S STAR DATA CENTRE,756,178
Indiapost,MARS Telecom Systems Pvt Ltd,319,489
Indiapost,Smart Chip Limited,232,197
Indiapost,TEAM LIFE CARE COMPANY INDIA P,6236,1212
Indiapost,The Peerless General Finance,1,0
Indiapost,Vayam technologies Ltd,253,334
Indiapost,WEBEL,149,674
Information Technology & Communication Department,4G INFORMATICS,10121,1019
Information Technology & Communication Department,BNR UDYOG LIMITED,1566,721
Information Technology & Communication Department,Bloom Solutions Pvt Ltd,1226,464
Information Technology & Communication Department,CSS TECHNERGY LIMITED,4650,214
Information Technology & Communication Department,GDC Advertising Pvt. Limited,24,56
Information Technology & Communication Department,JYOTHI COMPUTER SERVICES,6190,405
Information Technology & Communication Department,Karvy Data Management Services,296,123
Information Technology & Communication Department,MARS Telecom Systems Pvt Ltd,109,407
Information Technology & Communication Department,SREEVEN INFOCOM LIMITED,4840,671
Information Technology & Communication Department,Tera Software Ltd,976,172
Jharkhand,Alankit Assignments Limited,1,0
Jharkhand,Blue Circle Instrument,18,95
Jharkhand,Emdee Digitronics Pvt.Ltd.,1069,943
Jharkhand,MKS Enterprises,432,291
Jharkhand,Nevaeh Technology Pvt. Ltd.,366,118
Jharkhand,STRATEGIC OUTSOURCING SERVICE,1,1
Jharkhand,Smart Chip Limited,489,202
Jharkhand,Smart ID,1,0
Jharkhand,Systematic & Advance Const P L,747,217
Jharkhand,VISION COMPTECH INTEGRATOR LTD,1173,1195
Jharkhand,Wipro Ltd,9036,4294
Mission Convergence - GNCT Del,Karvy Computershare Private Li,51,155
Mission Convergence - GNCT Del,NVR & ASSOCIATES LIMITED,727,200
NSDL e-Governance Infrastructure Limited,Abhipra Capital Ltd,9252,860
NSDL e-Governance Infrastructure Limited,Alankit Assignments Limited,4592,1541
NSDL e-Governance Infrastructure Limited,Delhi Integrated MMTS Ltd,398,42
NSDL e-Governance Infrastructure Limited,INTEGRATED REGISTRY SERVICES LTD,24,4
NSDL e-Governance Infrastructure Limited,Karvy Data Management Services,31643,4319
NSDL e-Governance Infrastructure Limited,Netlink software Pvt Ltd,8990,1572
NSDL e-Governance Infrastructure Limited,PROWIZ MANSYTEMS PVT LTD,5103,655
NSDL e-Governance Infrastructure Limited,TEAM LIFE CARE COMPANY INDIA P,230,83
NSDL e-Governance Infrastructure Limited,VIRGO SOFTECH LIMITED,7400,1168
Oriental Bank of Commerce,DATASOFT COMPUTER SERVICES(P),643,183
Oriental Bank of Commerce,Euro Finmart Ltd,123,49
Oriental Bank of Commerce,JNET Technologies Pvt.Ltd,2939,161
Oriental Bank of Commerce,Redim Software Technologies Pvt Ltd,232,358
Oriental Bank of Commerce,Sri Ramraja Sarkar Lok Kalyan Trust,16339,1855
Oriental Bank of Commerce,Wipro Ltd,4648,1004
Others,Others,0,4
RDD Govt of Tripura,Alankit Assignments Limited,68,0
Registrar General India - BEL,Manipur Electronics Dev Corp,125,35
Registrar General India - BEL,Swathy Smartcards Hi-Tech Pvt,5,0
Registrar General India BEL2,Alankit Assignments Limited,696,18
Registrar General India BEL2,Computer LAB,2310,946
Registrar General India BEL2,Emdee Digitronics Pvt.Ltd.,160,113
Registrar General India BEL2,In Media Computer Services LLP,90,10
Registrar General India BEL2,India Computer Technology,12207,1051
Registrar General India BEL2,MACRO INFOTECH PVT LTD,4332,328
Registrar General India BEL2,MKS Enterprises,106,25
Registrar General India BEL2,Madras Security Printers Ltd,11345,3999
Registrar General India BEL2,Manipur Electronics Dev Corp,309,49
Registrar General India BEL2,Multiwave Innovation,631,69
Registrar General India BEL2,Netlink software Pvt Ltd,1545,635
Registrar General India BEL2,Nevaeh Technology Pvt. Ltd.,196,16
Registrar General India BEL2,Nielsen  India  Private Limited,614,775
Registrar General India BEL2,Om Softwares,15293,6832
Registrar General India BEL2,SREEVEN INFOCOM LIMITED,78,4
Registrar General India BEL2,STRATEGIC OUTSOURCING SERVICE,994,298
Registrar General India BEL2,Satyanarayana Raju Company Pvt ltd,1117,32
Registrar General India BEL2,Swathy Smartcards Hi-Tech Pvt,21558,5936
Registrar General India BEL2,Swiss Tech India Pvt Ltd,327,253
Registrar General India BEL2,Tera Software Ltd,4652,5503
Registrar General India BEL2,UNITED DATA SERVICES PRIVATE LIMITED,5060,813
Registrar General India BEL2,VIRGO SOFTECH LIMITED,167,193
Registrar General India BEL2,Vansh Infotech Pvt Ltd,12873,338
Registrar General India BEL2,Vedavaag Systems Limited,11770,253
Registrar General India BEL2,Viesa Technologies,867,20
Registrar General India ECIL,AVVAS INFOTECH PVT  LTD,4231,864
Registrar General India ECIL,BUSINESS INFORMATION PROCESSING SERVICES,6255,75
Registrar General India ECIL,COMTECH INSTITUTE OFTECHNOLOGY,3349,1199
Registrar General India ECIL,COMTECHINFO SOLUTIONS PVT.LTD,3759,73
Registrar General India ECIL,Chinar Construction Company Prime agency,1197,15
Registrar General India ECIL,Clairvoyance Technologies Pvt.,29,107
Registrar General India ECIL,Computer LAB,9122,3433
Registrar General India ECIL,Eagle Software India Pvt. Ltd,12822,3934
Registrar General India ECIL,Esoft Consulting Limited,9168,601
Registrar General India ECIL,In Media Computer Services LLP,1604,706
Registrar General India ECIL,India Computer Technology,10103,5763
Registrar General India ECIL,Karvy Data Management Services,7102,873
Registrar General India ECIL,Krishna Infotech,653,689
Registrar General India ECIL,Madras Security Printers Ltd,8017,7762
Registrar General India ECIL,Mphasis Ltd,32104,1726
Registrar General India ECIL,Netwing Technologies Pvt Ltd,459,94
Registrar General India ECIL,Nielsen  India  Private Limited,471,134
Registrar General India ECIL,Pioneer E Labs limited,732,308
Registrar General India ECIL,Quick Data IT Services Pvt Ltd,2091,10
Registrar General India ECIL,SARADA SYSTEMS,1708,9
Registrar General India ECIL,SWISSTECH NPR 57CR PROJECT PVT,14083,3502
Registrar General India ECIL,Tera Software Ltd,1718,414
Registrar General India ECIL,Vedavaag Systems Limited,8399,1716
Registrar General India Others,AVVAS INFOTECH PVT  LTD,12,3
Registrar General India Others,BUSINESS INFORMATION PROCESSING SERVICES,23,0
Registrar General India Others,Computer LAB,1,6
Registrar General India Others,Eagle Software India Pvt. Ltd,3,11
Registrar General India Others,In Media Computer Services LLP,0,1
Registrar General India Others,Karvy Data Management Services,54,9
Registrar General India Others,Madras Security Printers Ltd,16,1
Registrar General India Others,Mphasis Ltd,65,1
Registrar General India Others,Om Softwares,1,0
Registrar General India Others,SWISSTECH NPR 57CR PROJECT PVT,10,12
Registrar General India Others,Swathy Smartcards Hi-Tech Pvt,5,9
Registrar General India Others,Swiss Tech India Pvt Ltd,3,2
Registrar General India Others,Tera Software Ltd,0,1
Registrar General India Others,Vedavaag Systems Limited,8,0
Registrar General of India ITI,COMTECH INSTITUTE OFTECHNOLOGY,391,108
Registrar General of India ITI,CSS TECHNERGY LIMITED,1382,699
Registrar General of India ITI,CommunitiWorks Welfare Society,6880,176
Registrar General of India ITI,Eagle Software India Pvt. Ltd,2950,379
Registrar General of India ITI,Emdee Digitronics Pvt.Ltd.,12020,1508
Registrar General of India ITI,In Media Computer Services LLP,236,4
Registrar General of India ITI,Karvy Data Management Services,2164,621
Registrar General of India ITI,Madras Security Printers Ltd,593,53
Registrar General of India ITI,Mphasis Ltd,4928,264
Registrar General of India ITI,Multiwave Innovation,58,1737
Registrar General of India ITI,Netlink software Pvt Ltd,1122,139
Registrar General of India ITI,Netwing Technologies Pvt Ltd,270,15
Registrar General of India ITI,Nielsen  India  Private Limited,616,329
Registrar General of India ITI,SREEVEN INFOCOM LIMITED,11,53
Registrar General of India ITI,STRATEGIC OUTSOURCING SERVICE,1074,246
Registrar General of India ITI,Satyanarayana Raju Company Pvt ltd,6427,198
Registrar General of India ITI,Swathy Smartcards Hi-Tech Pvt,3014,8867
Registrar General of India ITI,TechSmart India Pvt Ltd,12,24
Registrar General of India ITI,Urmila Info solution,68,7
Registrar General of India ITI,VIRGO SOFTECH LIMITED,609,614
Registrar General of India ITI,Vedavaag Systems Limited,6841,370
Registrar General of India ITI,WEBEL TECHNOLOGY LIMITED,3442,410
Registrar General of India ITI,Webx Technologies Private Limited,139,0
State Bank of Bikaner & Jaipur,Multiwave Innovation,451,155
State Bank of India,4G IDENTITY SOLUTIONS,0,2
State Bank of India,IL&FS LTD,7,0
State Bank of Travancore,Tera Software Ltd,39,126
UIDAI-Registrar,UIDAI-EA,13,5
UT Of Daman and Diu,Alankit Assignments Limited,21,34
UT of Puducherry,Madras Security Printers Ltd,81,86
Union Bank,FINANCIAL INFORMATION NETWORK,12480,7014
Union Bank,Smart Chip Limited,10349,6611
Union Bank,Vakrangee Softwares Limited,46732,10559
