Registrar,Enrolment Agency,Aadhaar generated,Enrolment Rejected
Allahabad Bank,Vakrangee Softwares Limited,133,35
Bank Of India,A3 Logics  India  Ltd,1633,445
Bank Of India,Akanksha International,634,100
Bank Of India,Blue Circle Instrument,1053,184
Bank Of India,CHESSY CONSULTANTS PVT LTD,728,275
Bank Of India,DATASOFT COMPUTER SERVICES(P),267,65
Bank Of India,Emdee Digitronics Pvt.Ltd.,690,50
Bank Of India,Frontech Systems Pvt Ltd,282,249
Bank Of India,ITI LIMITED,39,3
Bank Of India,MANTRA SOFTTECH (INDIA) PVTLTD,246,51
Bank Of India,Matrix Processing House,2842,944
Bank Of India,OSWAL COMPUTERS & CONSULTANTS,3042,1244
Bank Of India,PROTEX COMPUTER PVT LTD,2577,539
Bank Of India,SARADA SYSTEMS,562,186
Bank Of India,SHRIKRISHNA KHANDASARI SUGAR M,1565,891
Bank Of India,SPANCO,1666,724
Bank Of India,SREI INFRASTRUCTURE FINANCES L,4671,1116
Bank Of India,Silver Touch Technologies Ltd,889,218
Bank Of India,Systematic & Advance Const P L,3000,626
Bank Of India,VEETECHNOLOGIES PVT. LTD,3434,519
Bank Of India,VIRGO SOFTECH LIMITED,37,95
Bank Of India,Vakrangee Softwares Limited,259,39
Bank of Baroda,DATASOFT COMPUTER SERVICES(P),0,5
Bank of Baroda,TEAM LIFE CARE COMPANY INDIA P,1220,343
Bank of Maharashtra,Alankit Finsec Ltd,16,26
Bank of Maharashtra,FINANCIAL INFORMATION NETWORK,457,82
Bank of Maharashtra,Micro Technologies India Ltd,426,251
Bank of Maharashtra,Tera Software Ltd,794,192
CSC e-Governance Services India Limited,A I Soc for Electronics and Comp Tech,3533,1131
CSC e-Governance Services India Limited,AKSH OPTIFIBRE LIMITED,1242,262
CSC e-Governance Services India Limited,BASIX,462,194
CSC e-Governance Services India Limited,CALANCE SOFTWARE PRIVATE LTD,472,116
CSC e-Governance Services India Limited,CMS Computers Ltd,2044,983
CSC e-Governance Services India Limited,CSC e-Governance Services India Limited,726,437
CSC e-Governance Services India Limited,Intelligent Communication Systems India Limited,437,333
CSC e-Governance Services India Limited,Network for Information & Computer,1158,120
CSC e-Governance Services India Limited,Reliance Communication Limited,697,206
CSC e-Governance Services India Limited,SPANCO,197,167
CSC e-Governance Services India Limited,Tera Software Ltd,23,66
CSC e-Governance Services India Limited,United Telecoms e-Services Pvt Ltd,1904,583
CSC e-Governance Services India Limited,VIKALP MULTIMEDIA,71,13
CSC e-Governance Services India Limited,Vakrangee Softwares Limited,689,158
Central Bank of India,CALANCE SOFTWARE PRIVATE LTD,1515,300
Central Bank of India,Frontech Systems Pvt Ltd,1,0
Central Bank of India,IAP COMPANY Pvt. Ltd,6113,2040
Central Bank of India,MANTRA SOFTTECH (INDIA) PVTLTD,155,16
Central Bank of India,SREI INFRASTRUCTURE FINANCES L,3,1
Central Bank of India,The Peerless General Finance,1687,123
DENA BANK,ATISHAY INFOTECH PVT. LTD.,612,115
DENA BANK,Bloom Solutions Pvt Ltd,151,385
DENA BANK,Business Information Processing Services,217,73
DENA BANK,C-SAASTRA SOLUTIONS PVT LTD,0,1
DENA BANK,CALANCE SOFTWARE PRIVATE LTD,121,42
DENA BANK,DATASOFT COMPUTER SERVICES(P),193,75
DENA BANK,JNET Technologies Pvt.Ltd,3676,315
DENA BANK,K W Consulting P Ltd,682,394
DENA BANK,Multiwave Innovation,429,305
DENA BANK,Narayana Electricals Solution Pvt Ltd,1614,90
DENA BANK,Netlink software Pvt Ltd,122,25
DENA BANK,Ortem Securities Limited,473,21
DENA BANK,Prodigy Systems and Services Private Limited,61,133
DENA BANK,Soc for Advancement of Environ Science,367,333
DENA BANK,TechSmart India Pvt Ltd,134,298
DENA BANK,Tera Software Ltd,434,53
DENA BANK,WEBEL,8,10
Delhi - Central DC,Smart Chip Limited,245,660
Delhi - East DC,DATASOFT COMPUTER SERVICES(P),341,634
Delhi - ND DC,Smart Chip Limited,58,137
Delhi - NE DC,Smart Chip Limited,522,826
Delhi - North DC,CALANCE SOFTWARE PRIVATE LTD,571,852
Delhi - North DC,DATASOFT COMPUTER SERVICES(P),2,0
Delhi - North DC,NVR & ASSOCIATES LIMITED,2497,992
Delhi - North DC,Smart Chip Limited,186,936
Delhi SW DC,VIRGO SOFTECH LIMITED,188,346
Delhi- South DC,Karvy Computershare Private Li,299,307
Delhi- South DC,Smart Chip Limited,51,245
Delhi- West DC,Smart Chip Limited,63,385
Delhi- West DC,VIRGO SOFTECH LIMITED,436,917
Delhi-NW DC,Karvy Computershare Private Li,72,594
Department of Information Technology Govt of Jharkhand,Blue Circle Instrument,982,343
Department of Information Technology Govt of Jharkhand,MKS Enterprises,716,523
Department of Information Technology Govt of Jharkhand,Systematic & Advance Const P L,24,6
Department of Information Technology Govt of Jharkhand,Vayam technologies Ltd,1,6
Dept of ITC Govt of Rajasthan,ATISHAY INFOTECH PVT. LTD.,3803,961
Dept of ITC Govt of Rajasthan,AVVAS INFOTECH PVT  LTD,1968,737
Dept of ITC Govt of Rajasthan,Alankit Finsec Ltd,1043,326
Dept of ITC Govt of Rajasthan,Business Information Processing Services,425,85
Dept of ITC Govt of Rajasthan,DATASOFT COMPUTER SERVICES(P),2692,1012
Dept of ITC Govt of Rajasthan,Gem Computers,1820,142
Dept of ITC Govt of Rajasthan,MANTRA SOFTTECH (INDIA) PVTLTD,11,6
Dept of ITC Govt of Rajasthan,Multiwave Innovation,213,495
Dept of ITC Govt of Rajasthan,Netlink software Pvt Ltd,2011,223
Dept of ITC Govt of Rajasthan,TechSmart India Pvt Ltd,583,178
Dept of ITC Govt of Rajasthan,Transline Technologies P Ltd,4284,833
Dept of ITC Govt of Rajasthan,VIRGO SOFTECH LIMITED,723,190
Dept of ITC Govt of Rajasthan,Vakrangee Softwares Limited,8878,2222
Dept of ITC Govt of Rajasthan,Vayam technologies Ltd,6838,855
FCR Govt of Haryana,4G INFORMATICS,1099,75
FCR Govt of Haryana,Vakrangee Softwares Limited,38,16
FCR Govt of Haryana,Vayam technologies Ltd,626,14
FCS Govt of Punjab,Alankit Finsec Ltd,2,0
FCS Govt of Punjab,CSS TECHNERGY LIMITED,99,58
FCS Govt of Punjab,Diwakar Commercials Pvt Ltd,1,0
FCS Govt of Punjab,Karvy Computershare Private Li,6942,2801
FCS Govt of Punjab,Vayam technologies Ltd,5089,1730
FCS Govt of Punjab,eCentric solutions pvt ltd,3767,2023
Govt of Andhra Pradesh,Gouthami Educational Society,692,1036
Govt of Andhra Pradesh,GrapeSoft,166,553
Govt of Andhra Pradesh,IL&FS LTD,4,0
Govt of Andhra Pradesh,INFRONICS SYSTEMS LTD,196,1354
Govt of Andhra Pradesh,Madras Security Printers Ltd,4,0
Govt of Andhra Pradesh,SREEVEN INFOCOM LIMITED,292,231
Govt of Andhra Pradesh,TechSmart India Pvt Ltd,1562,1315
Govt of Andhra Pradesh,Tera Software Ltd,931,631
Govt of Andhra Pradesh,eCentric solutions pvt ltd,2,3
Govt of Goa,MARS Telecom Systems Pvt Ltd,64,202
Govt of Gujarat,GSS Infotech Ltd,2187,212
Govt of Gujarat,Karvy Computershare Private Li,1881,454
Govt of Gujarat,Silver Touch Technologies Ltd,9077,701
Govt of Gujarat,Tera Software Ltd,4934,159
Govt of Gujarat,Transline Technologies P Ltd,448,111
Govt of Gujarat,Vayam technologies Ltd,8221,583
Govt of Gujarat,eCentric solutions pvt ltd,1422,109
Govt of Himachal Pradesh,Wipro Ltd,576,315
Govt of Himachal Pradesh,i-Grandee SoftwareTechnologies,1298,428
Govt of Karnataka ,BNR UDYOG LIMITED,183,13
Govt of Karnataka ,Bloom Solutions Pvt Ltd,2169,22
Govt of Karnataka ,MARS Telecom Systems Pvt Ltd,2382,2181
Govt of Karnataka ,Ninestars Information Technologies Ltd,9766,2355
Govt of Karnataka ,Origin ITFS Pvt Ltd,19998,3440
Govt of Karnataka ,SREEVEN INFOCOM LIMITED,3003,1269
Govt of Kerala,Akshaya,7581,5048
Govt of Kerala,Keltron,1063,689
Govt of Maharashtra,Alankit Assignments Limited,1,0
Govt of Maharashtra,Alankit Finsec Ltd,988,1091
Govt of Maharashtra,Bharat Technical Solutions Private Limited,162,13
Govt of Maharashtra,Eagle press pvt ltd,469,56
Govt of Maharashtra,GLODYNE TECHNOSERVE,92,11
Govt of Maharashtra,GSS Infotech Ltd,2,0
Govt of Maharashtra,Karvy Computershare Private Li,4897,2882
Govt of Maharashtra,M/S King Computer System pvt Ltd,10,3
Govt of Maharashtra,M/s. Vidya Online  Pune,84,38
Govt of Maharashtra,Mahaonline Limited,27,0
Govt of Maharashtra,Narayana Electricals Solution Pvt Ltd,1452,256
Govt of Maharashtra,Netlink software Pvt Ltd,1762,1430
Govt of Maharashtra,Network for Information & Computer,4,5
Govt of Maharashtra,Rudranee Infotech Ltd,216,270
Govt of Maharashtra,SHREERAM PRINTING PRESS,341,208
Govt of Maharashtra,SPANCO,2031,419
Govt of Maharashtra,STRATEGIC OUTSOURCING SERVICE,890,534
Govt of Maharashtra,Silver Touch Technologies Ltd,1219,186
Govt of Maharashtra,Systematic & Advance Const P L,51,53
Govt of Maharashtra,TEAM LIFE CARE COMPANY INDIA P,105,86
Govt of Maharashtra,TechSmart India Pvt Ltd,796,266
Govt of Maharashtra,Tera Software Ltd,35,31
Govt of Maharashtra,Transline Technologies P Ltd,779,322
Govt of Maharashtra,Wipro Ltd,2342,947
Govt of Sikkim - Dept of Econo,Department of Economics Statistics  Monitoring and Evaluation DESME,45,23
IDBI Bank ltd,ATISHAY INFOTECH PVT. LTD.,445,411
IDBI Bank ltd,Matrix Processing House,188,174
IDBI Bank ltd,SREEVEN INFOCOM LIMITED,629,759
IDBI Bank ltd,UTI TECHNOLOGY SERVICES LIMITE,672,321
Indiapost,Delhi Integrated MMTS Ltd,6474,1268
Indiapost,IL&FS LTD,1,0
Indiapost,M/S STAR DATA CENTRE,816,129
Indiapost,MARS Telecom Systems Pvt Ltd,370,650
Indiapost,Smart Chip Limited,92,331
Indiapost,TEAM LIFE CARE COMPANY INDIA P,4393,891
Indiapost,Vayam technologies Ltd,329,274
Indiapost,WEBEL,431,435
Information Technology & Communication Department,4G INFORMATICS,2819,810
Information Technology & Communication Department,BNR UDYOG LIMITED,441,677
Information Technology & Communication Department,Bloom Solutions Pvt Ltd,307,705
Information Technology & Communication Department,CSS TECHNERGY LIMITED,344,113
Information Technology & Communication Department,GDC Advertising Pvt. Limited,23,134
Information Technology & Communication Department,JYOTHI COMPUTER SERVICES,868,555
Information Technology & Communication Department,Karvy Data Management Services,91,69
Information Technology & Communication Department,MARS Telecom Systems Pvt Ltd,329,563
Information Technology & Communication Department,SREEVEN INFOCOM LIMITED,599,983
Information Technology & Communication Department,Tera Software Ltd,360,172
Jharkhand,Blue Circle Instrument,34,77
Jharkhand,Emdee Digitronics Pvt.Ltd.,1003,537
Jharkhand,MKS Enterprises,605,504
Jharkhand,Nevaeh Technology Pvt. Ltd.,138,106
Jharkhand,STRATEGIC OUTSOURCING SERVICE,5,9
Jharkhand,Smart Chip Limited,208,59
Jharkhand,Smart ID,1,0
Jharkhand,Systematic & Advance Const P L,2128,138
Jharkhand,VISION COMPTECH INTEGRATOR LTD,1649,267
Jharkhand,Wipro Ltd,15345,2813
Mission Convergence - GNCT Del,Karvy Computershare Private Li,69,111
Mission Convergence - GNCT Del,NVR & ASSOCIATES LIMITED,572,267
Mission Convergence - GNCT Del,STRATEGIC OUTSOURCING SERVICE,1,0
NSDL e-Governance Infrastructure Limited,Abhipra Capital Ltd,785,633
NSDL e-Governance Infrastructure Limited,Alankit Assignments Limited,3024,1730
NSDL e-Governance Infrastructure Limited,Delhi Integrated MMTS Ltd,1657,28
NSDL e-Governance Infrastructure Limited,INTEGRATED REGISTRY SERVICES LTD,24,7
NSDL e-Governance Infrastructure Limited,Karvy Data Management Services,8451,3624
NSDL e-Governance Infrastructure Limited,Netlink software Pvt Ltd,5262,843
NSDL e-Governance Infrastructure Limited,PROWIZ MANSYTEMS PVT LTD,4088,381
NSDL e-Governance Infrastructure Limited,TEAM LIFE CARE COMPANY INDIA P,370,52
NSDL e-Governance Infrastructure Limited,VIRGO SOFTECH LIMITED,6196,751
Oriental Bank of Commerce,DATASOFT COMPUTER SERVICES(P),170,132
Oriental Bank of Commerce,Euro Finmart Ltd,212,68
Oriental Bank of Commerce,JNET Technologies Pvt.Ltd,1858,164
Oriental Bank of Commerce,Redim Software Technologies Pvt Ltd,196,275
Oriental Bank of Commerce,Sri Ramraja Sarkar Lok Kalyan Trust,6365,913
Oriental Bank of Commerce,Wipro Ltd,4324,781
Others,Others,0,2
RDD Govt of Tripura,Alankit Assignments Limited,2,0
Registrar General India - BEL,Manipur Electronics Dev Corp,179,71
Registrar General India - BEL,Swathy Smartcards Hi-Tech Pvt,4,9
Registrar General India BEL2,Alankit Assignments Limited,403,34
Registrar General India BEL2,Computer LAB,940,996
Registrar General India BEL2,Emdee Digitronics Pvt.Ltd.,387,170
Registrar General India BEL2,In Media Computer Services LLP,214,9
Registrar General India BEL2,India Computer Technology,7953,2350
Registrar General India BEL2,MACRO INFOTECH PVT LTD,1911,247
Registrar General India BEL2,MKS Enterprises,44,40
Registrar General India BEL2,Madras Security Printers Ltd,7962,5377
Registrar General India BEL2,Manipur Electronics Dev Corp,63,14
Registrar General India BEL2,Multiwave Innovation,93,37
Registrar General India BEL2,Netlink software Pvt Ltd,1485,181
Registrar General India BEL2,Nevaeh Technology Pvt. Ltd.,255,7
Registrar General India BEL2,Nielsen  India  Private Limited,602,456
Registrar General India BEL2,Om Softwares,12495,3387
Registrar General India BEL2,SREEVEN INFOCOM LIMITED,50,8
Registrar General India BEL2,STRATEGIC OUTSOURCING SERVICE,1531,135
Registrar General India BEL2,Satyanarayana Raju Company Pvt ltd,290,19
Registrar General India BEL2,Swathy Smartcards Hi-Tech Pvt,25006,4195
Registrar General India BEL2,Swiss Tech India Pvt Ltd,304,868
Registrar General India BEL2,Tera Software Ltd,4055,3955
Registrar General India BEL2,UNITED DATA SERVICES PRIVATE LIMITED,2928,639
Registrar General India BEL2,VIRGO SOFTECH LIMITED,58,3
Registrar General India BEL2,Vansh Infotech Pvt Ltd,2808,187
Registrar General India BEL2,Vedavaag Systems Limited,1353,177
Registrar General India BEL2,Viesa Technologies,22,9
Registrar General India ECIL,AVVAS INFOTECH PVT  LTD,1896,273
Registrar General India ECIL,BUSINESS INFORMATION PROCESSING SERVICES,430,67
Registrar General India ECIL,COMTECH INSTITUTE OFTECHNOLOGY,1019,693
Registrar General India ECIL,COMTECHINFO SOLUTIONS PVT.LTD,3555,39
Registrar General India ECIL,Chinar Construction Company Prime agency,524,21
Registrar General India ECIL,Clairvoyance Technologies Pvt.,312,17
Registrar General India ECIL,Computer LAB,5417,2510
Registrar General India ECIL,Eagle Software India Pvt. Ltd,19028,1891
Registrar General India ECIL,Esoft Consulting Limited,922,302
Registrar General India ECIL,In Media Computer Services LLP,3677,259
Registrar General India ECIL,India Computer Technology,1331,4749
Registrar General India ECIL,Karvy Data Management Services,8486,708
Registrar General India ECIL,Krishna Infotech,1034,1015
Registrar General India ECIL,Madras Security Printers Ltd,5520,5328
Registrar General India ECIL,Mphasis Ltd,3613,892
Registrar General India ECIL,Netwing Technologies Pvt Ltd,495,120
Registrar General India ECIL,Nielsen  India  Private Limited,1016,9
Registrar General India ECIL,Pioneer E Labs limited,3545,373
Registrar General India ECIL,Quick Data IT Services Pvt Ltd,79,3
Registrar General India ECIL,SARADA SYSTEMS,212,1
Registrar General India ECIL,SWISSTECH NPR 57CR PROJECT PVT,13992,2101
Registrar General India ECIL,Tera Software Ltd,1489,548
Registrar General India ECIL,Vedavaag Systems Limited,4389,1242
Registrar General India Others,AVVAS INFOTECH PVT  LTD,4,1
Registrar General India Others,Alankit Assignments Limited,1,0
Registrar General India Others,BUSINESS INFORMATION PROCESSING SERVICES,5,0
Registrar General India Others,COMTECHINFO SOLUTIONS PVT.LTD,0,1
Registrar General India Others,Computer LAB,5,4
Registrar General India Others,Eagle Software India Pvt. Ltd,6,0
Registrar General India Others,In Media Computer Services LLP,1,1
Registrar General India Others,Karvy Data Management Services,31,0
Registrar General India Others,LYRA  CONSULTANCY SERVICE,1,0
Registrar General India Others,Madras Security Printers Ltd,197,29
Registrar General India Others,Mphasis Ltd,3,0
Registrar General India Others,Om Softwares,3,0
Registrar General India Others,SARADA SYSTEMS,1,0
Registrar General India Others,STRATEGIC OUTSOURCING SERVICE,0,1
Registrar General India Others,SWISSTECH NPR 57CR PROJECT PVT,154,0
Registrar General India Others,Swathy Smartcards Hi-Tech Pvt,14,9
Registrar General India Others,Swiss Tech India Pvt Ltd,2,0
Registrar General India Others,Vansh Infotech Pvt Ltd,3,5
Registrar General India Others,Vedavaag Systems Limited,0,1
Registrar General of India ITI,COMTECH INSTITUTE OFTECHNOLOGY,875,55
Registrar General of India ITI,CSS TECHNERGY LIMITED,466,99
Registrar General of India ITI,CommunitiWorks Welfare Society,342,114
Registrar General of India ITI,Eagle Software India Pvt. Ltd,2378,268
Registrar General of India ITI,Emdee Digitronics Pvt.Ltd.,8903,1076
Registrar General of India ITI,In Media Computer Services LLP,19,3
Registrar General of India ITI,Karvy Data Management Services,2253,194
Registrar General of India ITI,Madras Security Printers Ltd,101,121
Registrar General of India ITI,Mphasis Ltd,726,111
Registrar General of India ITI,Multiwave Innovation,17,1067
Registrar General of India ITI,Netlink software Pvt Ltd,977,95
Registrar General of India ITI,Netwing Technologies Pvt Ltd,53,9
Registrar General of India ITI,Nielsen  India  Private Limited,1228,128
Registrar General of India ITI,SREEVEN INFOCOM LIMITED,12,52
Registrar General of India ITI,STRATEGIC OUTSOURCING SERVICE,640,173
Registrar General of India ITI,Satyanarayana Raju Company Pvt ltd,915,103
Registrar General of India ITI,Swathy Smartcards Hi-Tech Pvt,2900,17079
Registrar General of India ITI,TechSmart India Pvt Ltd,10,23
Registrar General of India ITI,Urmila Info solution,142,3
Registrar General of India ITI,VIRGO SOFTECH LIMITED,513,144
Registrar General of India ITI,Vedavaag Systems Limited,2026,313
Registrar General of India ITI,WEBEL TECHNOLOGY LIMITED,4280,363
Registrar General of India ITI,Webx Technologies Private Limited,4,0
STATE BANK OF HYDERABAD,CSS TECHNERGY LIMITED,1,0
STATE BANK OF PATIALA,CSS TECHNERGY LIMITED,2,0
State Bank of Bikaner & Jaipur,Multiwave Innovation,353,72
State Bank of India,Smart Chip Limited,3,0
State Bank of Travancore,Tera Software Ltd,42,99
UIDAI-Registrar,UIDAI-EA,8,3
UT Of Daman and Diu,Alankit Assignments Limited,24,11
UT of Puducherry,Madras Security Printers Ltd,20,120
Union Bank,FINANCIAL INFORMATION NETWORK,10902,4146
Union Bank,Smart Chip Limited,7123,4958
Union Bank,Vakrangee Softwares Limited,46323,9825
