Gender,Age Band,Aadhaar generated,Enrolment Rejected
F,0 to 5 Years,8737,9404
F,16 to 30 Years,55058,84403
F,31 to 45 Years,44003,72560
F,46 to 65 Years,31449,57848
F,6 to 15 Years,38465,55532
F,66 Years and Above,7250,13941
M,0 to 5 Years,9690,10041
M,16 to 30 Years,63257,82823
M,31 to 45 Years,47748,65243
M,46 to 65 Years,35918,55329
M,6 to 15 Years,45385,60530
M,66 Years and Above,8372,14998
T,0 to 5 Years,0,2
T,16 to 30 Years,8,36
T,31 to 45 Years,12,14
T,46 to 65 Years,6,23
T,6 to 15 Years,4,18
T,66 Years and Above,1,11
