Gender,Age Band,Aadhaar generated,Enrolment Rejected
F,0 to 5 Years,4660,7032
F,16 to 30 Years,69900,58207
F,31 to 45 Years,56548,52763
F,46 to 65 Years,38823,43666
F,6 to 15 Years,43476,45837
F,66 Years and Above,8108,11013
M,0 to 5 Years,5225,7224
M,16 to 30 Years,82299,53143
M,31 to 45 Years,61691,43099
M,46 to 65 Years,44015,38929
M,6 to 15 Years,49893,45996
M,66 Years and Above,9432,10403
T,0 to 5 Years,0,7
T,16 to 30 Years,7,122
T,31 to 45 Years,6,128
T,46 to 65 Years,5,121
T,6 to 15 Years,7,94
T,66 Years and Above,1,37
