Gender,Age Band,Aadhaar generated,Enrolment Rejected
F,0 to 5 Years,3808,6754
F,16 to 30 Years,69067,57365
F,31 to 45 Years,57626,49565
F,46 to 65 Years,40291,38978
F,6 to 15 Years,41686,38226
F,66 Years and Above,8633,9704
F,Others,0,1
M,0 to 5 Years,4821,7374
M,16 to 30 Years,80360,53495
M,31 to 45 Years,61784,42163
M,46 to 65 Years,45612,33921
M,6 to 15 Years,48023,40043
M,66 Years and Above,10156,9337
T,0 to 5 Years,1,1
T,16 to 30 Years,9,21
T,31 to 45 Years,10,19
T,46 to 65 Years,12,13
T,6 to 15 Years,10,19
T,66 Years and Above,1,9
