Gender,Age Band,Aadhaar generated,Enrolment Rejected
F,0 to 5 Years,5166,9371
F,16 to 30 Years,21904,71110
F,31 to 45 Years,18206,61177
F,46 to 65 Years,13637,49645
F,6 to 15 Years,17182,47642
F,66 Years and Above,3262,12719
F,Others,0,1
M,0 to 5 Years,6133,10386
M,16 to 30 Years,21466,70800
M,31 to 45 Years,16138,56292
M,46 to 65 Years,13715,47098
M,6 to 15 Years,18907,53473
M,66 Years and Above,3480,13035
T,0 to 5 Years,0,4
T,16 to 30 Years,4,51
T,31 to 45 Years,3,32
T,46 to 65 Years,5,25
T,6 to 15 Years,7,15
T,66 Years and Above,2,7
