Registrar,Enrolment Agency,Aadhaar generated,Enrolment Rejected
Allahabad Bank,A-Onerealtors Pvt Ltd,0,5
Allahabad Bank,Asha Security Guard Services,7315,136
Allahabad Bank,Emdee Digitronics Pvt.Ltd.,17,0
Allahabad Bank,MEGHA VINCOM PVT LTD,0,1
Allahabad Bank,Nevaeh Technology Pvt. Ltd.,1254,63
Allahabad Bank,PROTEX COMPUTER PVT LTD,12,1
Allahabad Bank,Radiant Haroti Industries India Ltd,481,12
Allahabad Bank,Redim Software Technologies Pvt Ltd,2,3
Allahabad Bank,SGS INDIA PVT LTD,382,13
Allahabad Bank,Sri Ramraja Sarkar Lok Kalyan Trust,213,3
Allahabad Bank,VAP INFOSOLUTIONS,8,0
Allahabad Bank,Vakrangee Softwares Limited,6,0
Allahabad Bank,Vedavaag Systems Limited,490,2
Bank Of India,A3 Logics  India  Ltd,198,42
Bank Of India,Akanksha International,12,4
Bank Of India,Blue Circle Instrument,23,9
Bank Of India,CHESSY CONSULTANTS PVT LTD,5,15
Bank Of India,DATASOFT COMPUTER SERVICES(P),1102,168
Bank Of India,Emdee Digitronics Pvt.Ltd.,83,0
Bank Of India,Frontech Systems Pvt Ltd,289,41
Bank Of India,Matrix Processing House,6,0
Bank Of India,OSWAL COMPUTERS & CONSULTANTS,160,53
Bank Of India,PROTEX COMPUTER PVT LTD,604,38
Bank Of India,SARADA SYSTEMS,1164,76
Bank Of India,SHRIKRISHNA KHANDASARI SUGAR M,47,4
Bank Of India,SREI INFRASTRUCTURE FINANCES L,5070,581
Bank Of India,Silver Touch Technologies Ltd,1,0
Bank Of India,Systematic & Advance Const P L,10,0
Bank Of India,VEETECHNOLOGIES PVT. LTD,485,705
Bank Of India,Vakrangee Softwares Limited,5,0
Bank of Baroda,Global Finsol Private Limited,231,83
Bank of Maharashtra,Alankit Finsec Ltd,0,3
Bank of Maharashtra,FINANCIAL INFORMATION NETWORK,149,30
Bank of Maharashtra,Micro Technologies India Ltd,2,0
Bank of Maharashtra,Tera Software Ltd,5345,251
CSC e-Governance Services India Limited,A I Soc for Electronics and Comp Tech,12074,546
CSC e-Governance Services India Limited,AKSH OPTIFIBRE LIMITED,2841,353
CSC e-Governance Services India Limited,BASIX,2100,503
CSC e-Governance Services India Limited,CALANCE SOFTWARE PRIVATE LTD,120,53
CSC e-Governance Services India Limited,CHIPS,448,48
CSC e-Governance Services India Limited,CMS Computers Ltd,10835,644
CSC e-Governance Services India Limited,CSC e-Governance Services India Limited,251,47
CSC e-Governance Services India Limited,Conatus Infocom Pvt. Ltd,303,14
CSC e-Governance Services India Limited,DATASOFT COMPUTER SERVICES(P),362,42
CSC e-Governance Services India Limited,IAP COMPANY Pvt. Ltd,184,84
CSC e-Governance Services India Limited,Intelligent Communication Sys India Ltd,1089,54
CSC e-Governance Services India Limited,MANTRA SOFTTECH (INDIA) PVTLTD,2953,92
CSC e-Governance Services India Limited,Mahaonline Limited,1391,87
CSC e-Governance Services India Limited,NVR & ASSOCIATES LIMITED,7,8
CSC e-Governance Services India Limited,Nekton IT India Pvt Ltd.,319,88
CSC e-Governance Services India Limited,Network for Information & Computer,398,54
CSC e-Governance Services India Limited,Promind Solutions P Limited,8,0
CSC e-Governance Services India Limited,Reliance Communication Limited,1,0
CSC e-Governance Services India Limited,SPANCO,3178,572
CSC e-Governance Services India Limited,SRR Infotech,331,99
CSC e-Governance Services India Limited,Sahaj e-Village Limited,6894,161
CSC e-Governance Services India Limited,Tera Software Ltd,561,52
CSC e-Governance Services India Limited,United Telecoms e-Services Pvt Ltd,774,118
CSC e-Governance Services India Limited,VIKALP MULTIMEDIA,64,11
CSC e-Governance Services India Limited,VISION COMPTECH INTEGRATOR LTD,13,12
CSC e-Governance Services India Limited,Vakrangee Softwares Limited,14,2
CSC e-Governance Services India Limited,Vayam technologies Ltd,3203,272
CSC e-Governance Services India Limited,Vedavaag Systems Limited,16125,165
CSC e-Governance Services India Limited,Zephyr System Pvt.Ltd.,2197,283
Canara Bank,FINANCIAL INFORMATION NETWORK,4123,570
Canara Bank,Karvy Data Management Services,12724,549
Canara Bank,Ojus Healthcare Private Limited,210,2
Canara Bank,Osiris Infotech Pvt. Ltd.,171,10
Canara Bank,Smart Chip Limited,1460,285
Canara Bank,Virinchi Technologies Ltd,1728,77
Central Bank of India,CALANCE SOFTWARE PRIVATE LTD,4,0
Central Bank of India,IAP COMPANY Pvt. Ltd,58,3
Central Bank of India,The Peerless General Finance,3,0
DENA BANK,77 Infosystems Pvt Ltd,858,22
DENA BANK,A-Onerealtors Pvt Ltd,776,153
DENA BANK,APEX Services,705,23
DENA BANK,AS International,241,67
DENA BANK,ATISHAY INFOTECH PVT. LTD.,478,39
DENA BANK,AVVAS INFOTECH PVT  LTD,1480,196
DENA BANK,Asha Security Guard Services,7766,558
DENA BANK,BNR UDYOG LIMITED,23,4
DENA BANK,Binary Systems,368,131
DENA BANK,Bloom Solutions Pvt Ltd,3504,316
DENA BANK,Blue Circle Instrument,883,63
DENA BANK,Business Information Processing Services,233,81
DENA BANK,CALANCE SOFTWARE PRIVATE LTD,1724,208
DENA BANK,DATASOFT COMPUTER SERVICES(P),1074,220
DENA BANK,DEVASHISH SECURITIES PVT. LTD.,199,0
DENA BANK,Eagle Software India Pvt. Ltd,1870,158
DENA BANK,Emdee Digitronics Pvt.Ltd.,492,61
DENA BANK,FINANCIAL INFORMATION NETWORK,4128,371
DENA BANK,Gem Computers,209,72
DENA BANK,Gujarat Infotech Ltd.,57,6
DENA BANK,HyperSoft Technologies Ltd,16860,127
DENA BANK,IAP COMPANY Pvt. Ltd,8396,1129
DENA BANK,India Computer Technology,1563,21
DENA BANK,JNET Technologies Pvt.Ltd,112,14
DENA BANK,K W Consulting P Ltd,650,80
DENA BANK,M/S STAR DATA CENTRE,185,32
DENA BANK,M/s Gold Square Builders & Promoters Pvt. Ltd.,513,29
DENA BANK,MARS Telecom Systems Pvt Ltd,996,302
DENA BANK,MEGHA VINCOM PVT LTD,9670,281
DENA BANK,MKS Enterprises,3231,104
DENA BANK,Make India Smart Private Limited,93,77
DENA BANK,Multiwave Innovation,433,452
DENA BANK,NVR & ASSOCIATES LIMITED,753,115
DENA BANK,Narayana Electricals Solution Pvt Ltd,2,1
DENA BANK,Netlink software Pvt Ltd,1036,221
DENA BANK,Nielsen  India  Private Limited,2805,476
DENA BANK,Offshoot Agency Pvt. Ltd.,380,135
DENA BANK,Om Softwares,562,12
DENA BANK,Ortem Securities Limited,135,22
DENA BANK,Prodigy Systems and Services Private Limited,32,4
DENA BANK,Radiant Haroti Industries India Ltd,3133,196
DENA BANK,Ricoh India Limited,1795,56
DENA BANK,SGS INDIA PVT LTD,1087,172
DENA BANK,Silver Touch Technologies Ltd,374,49
DENA BANK,Sixth Dimension Project Solutions Ltd,181,6
DENA BANK,Soc for Advancement of Environ Science,170,15
DENA BANK,SoftAge Information Technology Limited,17,2
DENA BANK,Super Printers,2645,136
DENA BANK,Systematic & Advance Const P L,22,7
DENA BANK,TechSmart India Pvt Ltd,812,244
DENA BANK,Tera Software Ltd,4492,375
DENA BANK,The NSIC ltd,93,6
DENA BANK,Transline Technologies P Ltd,934,47
DENA BANK,Utility Forms Pvt Ltd,901,14
DENA BANK,VAP INFOSOLUTIONS,3854,250
DENA BANK,VISION COMPTECH INTEGRATOR LTD,739,217
DENA BANK,Vedavaag Systems Limited,3016,66
DENA BANK,Virinchi Technologies Ltd,5555,203
DENA BANK,WEBEL,2799,607
DENA BANK,Wipro Ltd,2642,651
DENA BANK,Yash Ornaments Pvt. Ltd,1586,383
DENA BANK,Zephyr System Pvt.Ltd.,6522,352
Delhi - Central DC,Smart Chip Limited,2,0
Delhi - East DC,DATASOFT COMPUTER SERVICES(P),4,1
Delhi - ND DC,Smart Chip Limited,1,0
Delhi - NE DC,Smart Chip Limited,3,1
Delhi - North DC,CALANCE SOFTWARE PRIVATE LTD,7,0
Delhi - North DC,NVR & ASSOCIATES LIMITED,21,6
Delhi - North DC,Smart Chip Limited,1,0
Delhi SW DC,VIRGO SOFTECH LIMITED,1,0
Delhi- West DC,Smart Chip Limited,0,1
Delhi-NW DC,Karvy Computershare Private Li,1,0
Department of Information Technology Govt of Jharkhand,Blue Circle Instrument,1,0
Department of Information Technology Govt of Jharkhand,MKS Enterprises,2,0
Department of Information Technology Govt of Jharkhand,Wipro Ltd,31,2
Dept of ITC Govt of Rajasthan,AKSH OPTIFIBRE LIMITED,19,6
Dept of ITC Govt of Rajasthan,ATISHAY INFOTECH PVT. LTD.,190,200
Dept of ITC Govt of Rajasthan,AVVAS INFOTECH PVT  LTD,35,14
Dept of ITC Govt of Rajasthan,Academy of Management Studies,11,9
Dept of ITC Govt of Rajasthan,Binary Systems,130,76
Dept of ITC Govt of Rajasthan,Business Information Processing Services,526,126
Dept of ITC Govt of Rajasthan,CMS Computers Ltd,315,39
Dept of ITC Govt of Rajasthan,COMTECH INSTITUTE OFTECHNOLOGY,136,54
Dept of ITC Govt of Rajasthan,DATASOFT COMPUTER SERVICES(P),594,84
Dept of ITC Govt of Rajasthan,FINANCIAL INFORMATION NETWORK,475,246
Dept of ITC Govt of Rajasthan,Gem Computers,122,45
Dept of ITC Govt of Rajasthan,Gujarat Infotech Ltd.,26,16
Dept of ITC Govt of Rajasthan,IAP COMPANY Pvt. Ltd,103,62
Dept of ITC Govt of Rajasthan,Karvy Data Management Services,489,139
Dept of ITC Govt of Rajasthan,M/s Sanish Choudhary,30,27
Dept of ITC Govt of Rajasthan,MEGHA VINCOM PVT LTD,484,167
Dept of ITC Govt of Rajasthan,Matrix Processing House,665,89
Dept of ITC Govt of Rajasthan,Multiwave Innovation,54,7
Dept of ITC Govt of Rajasthan,Netlink software Pvt Ltd,0,4
Dept of ITC Govt of Rajasthan,Osiris Infotech Pvt. Ltd.,813,146
Dept of ITC Govt of Rajasthan,Radiant Haroti Industries India Ltd,1423,137
Dept of ITC Govt of Rajasthan,Radiant Info Systems Ltd,479,55
Dept of ITC Govt of Rajasthan,Ricoh India Limited,2347,74
Dept of ITC Govt of Rajasthan,SAR Technology,15,75
Dept of ITC Govt of Rajasthan,SREI INFRASTRUCTURE FINANCES L,6,25
Dept of ITC Govt of Rajasthan,TechSmart India Pvt Ltd,95,99
Dept of ITC Govt of Rajasthan,Transline Technologies P Ltd,216,105
Dept of ITC Govt of Rajasthan,UMC Technologies Pvt. Ltd,17,12
Dept of ITC Govt of Rajasthan,VIRGO SOFTECH LIMITED,1,1
Dept of ITC Govt of Rajasthan,VISION COMPTECH INTEGRATOR LTD,5,60
Dept of ITC Govt of Rajasthan,Vakrangee Softwares Limited,1524,376
Dept of ITC Govt of Rajasthan,Vayam technologies Ltd,466,122
FCR Govt of Haryana,4G INFORMATICS,97,53
FCR Govt of Haryana,Academy of Management Studies,591,179
FCR Govt of Haryana,Radiant Info Systems Ltd,146,37
FCR Govt of Haryana,SoftAge Information Technology Limited,493,220
FCR Govt of Haryana,Vayam technologies Ltd,181,52
FCS Govt of Punjab,CSS TECHNERGY LIMITED,2,0
FCS Govt of Punjab,District Sukhmani Society  Jalandhar  Punjab,32,3
FCS Govt of Punjab,District Sukhmani Society  Ludhiana  Punjab,192,34
FCS Govt of Punjab,District Sukhmani Society  Moga  Punjab,4,1
FCS Govt of Punjab,District Sukhmani Society Amritsar Punjab,198,28
FCS Govt of Punjab,District Sukhmani Society Barnala Punjab,38,5
FCS Govt of Punjab,District Sukhmani Society Bathinda Punjab,208,35
FCS Govt of Punjab,District Sukhmani Society Fatehgarh Sahib Punjab,250,28
FCS Govt of Punjab,District Sukhmani Society Fazilka Punjab,224,17
FCS Govt of Punjab,District Sukhmani Society Ferozepur Punjab,139,9
FCS Govt of Punjab,District Sukhmani Society For Citizen Services Mansa Punjab,118,55
FCS Govt of Punjab,District Sukhmani Society For Citizen Services Nawanshahr Punjab,30,13
FCS Govt of Punjab,District Sukhmani Society For Citizen Services SAS Nagar District e-Governance Society Punjab,128,15
FCS Govt of Punjab,District Sukhmani Society Pathankot Punjab,44,0
FCS Govt of Punjab,District Sukhmani Society Patiala Punjab,68,4
FCS Govt of Punjab,District Sukhmani Society Rupnagar Punjab,20,25
FCS Govt of Punjab,District Sukhmani Society Sangrur Punjab,264,34
FCS Govt of Punjab,District Sukhmani Society Sri Muktsar Sahib Punjab,180,15
FCS Govt of Punjab,District Sukhmani Society Tarn Taran Punjab,6,16
FCS Govt of Punjab,Diwakar Commercials Pvt Ltd,1,1
FCS Govt of Punjab,Karvy Computershare Private Li,59,7
FCS Govt of Punjab,Sukhmani Society For Citizen Services  Kapurthala  Punjab,179,10
FCS Govt of Punjab,Sukhmani Society For Citizen Services Gurdaspur Punjab,0,41
FCS Govt of Punjab,Sukhmani Society For Citizens Services Faridkot Punjab,39,3
FCS Govt of Punjab,Suwidha Society Hoshiarpur Punjab,330,7
FCS Govt of Punjab,Vayam technologies Ltd,471,87
FCS Govt of Punjab,eCentric solutions pvt ltd,37,8
Govt of Andhra Pradesh,Gouthami Educational Society,12,4
Govt of Andhra Pradesh,GrapeSoft,49,9
Govt of Andhra Pradesh,INFRONICS SYSTEMS LTD,4,1
Govt of Andhra Pradesh,SREEVEN INFOCOM LIMITED,1,0
Govt of Andhra Pradesh,TechSmart India Pvt Ltd,1,0
Govt of Andhra Pradesh,Tera Software Ltd,1,2
Govt of Andhra Pradesh,eCentric solutions pvt ltd,1,0
Govt of Gujarat,GSS Infotech Ltd,56,14
Govt of Gujarat,Karvy Computershare Private Li,1102,18
Govt of Gujarat,Silver Touch Technologies Ltd,490,50
Govt of Gujarat,Tera Software Ltd,247,14
Govt of Gujarat,Transline Technologies P Ltd,21,0
Govt of Gujarat,Vayam technologies Ltd,37,5
Govt of Gujarat,eCentric solutions pvt ltd,36,2
Govt of Himachal Pradesh,Wipro Ltd,1,0
Govt of Himachal Pradesh,i-Grandee SoftwareTechnologies,123,85
Govt of Karnataka ,BNR UDYOG LIMITED,5,3
Govt of Karnataka ,Bloom Solutions Pvt Ltd,2,0
Govt of Karnataka ,GLODYNE TECHNOSERVE,0,1
Govt of Karnataka ,MARS Telecom Systems Pvt Ltd,2,0
Govt of Karnataka ,Ninestars Information Technologies Ltd,24,0
Govt of Karnataka ,Om Softwares,223,3
Govt of Karnataka ,Origin ITFS Pvt Ltd,36,2
Govt of Karnataka ,SREEVEN INFOCOM LIMITED,12,0
Govt of Karnataka ,Tera Software Ltd,1,0
Govt of Kerala,Akshaya,3462,245
Govt of Kerala,Keltron,2,0
Govt of Madhya Pradesh,VIRGO SOFTECH LIMITED,0,1
Govt of Maharashtra,Alankit Finsec Ltd,5,0
Govt of Maharashtra,Bharat Technical Solutions Private Limited,1,0
Govt of Maharashtra,Eagle press pvt ltd,0,1
Govt of Maharashtra,GLODYNE TECHNOSERVE,1,0
Govt of Maharashtra,Karvy Computershare Private Li,7,0
Govt of Maharashtra,M/S King Computer System pvt Ltd,226,1
Govt of Maharashtra,M/s. Vidya Online  Pune,24,0
Govt of Maharashtra,Netlink software Pvt Ltd,12,0
Govt of Maharashtra,Obel projects Pvt Ltd,1,0
Govt of Maharashtra,Rudranee Infotech Ltd,3,3
Govt of Maharashtra,SETU MAHARASHTRA,279,32
Govt of Maharashtra,SHREERAM PRINTING PRESS,13,0
Govt of Maharashtra,SILVER JUBILEE MOTORS LTD.,6,0
Govt of Maharashtra,SPANCO,4,0
Govt of Maharashtra,STRATEGIC OUTSOURCING SERVICE,9,41
Govt of Maharashtra,Silver Touch Technologies Ltd,2,0
Govt of Maharashtra,TechSmart India Pvt Ltd,2,3
Govt of Maharashtra,Tera Software Ltd,2,0
Govt of Maharashtra,Transline Technologies P Ltd,2,0
Govt of Maharashtra,Wipro Ltd,4,1
Govt of Sikkim - Dept of Econo,Department of Economics Statistics  Monitoring and Evaluation DESME,17,1
IDBI Bank ltd,ATISHAY INFOTECH PVT. LTD.,280,51
IDBI Bank ltd,Matrix Processing House,230,31
IDBI Bank ltd,SREEVEN INFOCOM LIMITED,270,80
IDBI Bank ltd,UTI TECHNOLOGY SERVICES LIMITE,3,0
Indian Bank,Redim Software Technologies Pvt Ltd,1,0
Indiapost,Delhi Integrated MMTS Ltd,4,0
Indiapost,Global Finsol Private Limited,1,0
Indiapost,Vayam technologies Ltd,16,0
Indiapost,WEBEL,2,1
Information Technology & Communication Department,4G INFORMATICS,0,1
Information Technology & Communication Department,BNR UDYOG LIMITED,1,2
Information Technology & Communication Department,Directorate of ESD,10364,1232
Information Technology & Communication Department,GDC Advertising Pvt. Limited,0,1
Information Technology & Communication Department,JYOTHI COMPUTER SERVICES,3,0
Information Technology & Communication Department,Karvy Data Management Services,1,0
Information Technology & Communication Department,MARS Telecom Systems Pvt Ltd,4,0
Jharkhand,Emdee Digitronics Pvt.Ltd.,3,0
Jharkhand,MKS Enterprises,1,0
Jharkhand,VISION COMPTECH INTEGRATOR LTD,0,1
Jharkhand,Wipro Ltd,11,7
Mission Convergence - GNCT Del,NVR & ASSOCIATES LIMITED,2,0
NSDL e-Governance Infrastructure Limited,Abhipra Capital Ltd,2539,78
NSDL e-Governance Infrastructure Limited,Alankit Assignments Limited,7,3
NSDL e-Governance Infrastructure Limited,Alankit Finsec Ltd,6715,948
NSDL e-Governance Infrastructure Limited,CALANCE SOFTWARE PRIVATE LTD,3,0
NSDL e-Governance Infrastructure Limited,Global Finsol Private Limited,1,0
NSDL e-Governance Infrastructure Limited,Gujarat Infotech Ltd.,2350,421
NSDL e-Governance Infrastructure Limited,IAP COMPANY Pvt. Ltd,29,15
NSDL e-Governance Infrastructure Limited,Karvy Data Management Services,89143,5292
NSDL e-Governance Infrastructure Limited,N.K. Sharma Enterprises Ltd.,83,9
NSDL e-Governance Infrastructure Limited,Netlink software Pvt Ltd,169,38
NSDL e-Governance Infrastructure Limited,Offshoot Agency Pvt. Ltd.,3191,107
NSDL e-Governance Infrastructure Limited,Ojus G Enterprises,1542,137
NSDL e-Governance Infrastructure Limited,PROWIZ MANSYTEMS PVT LTD,7,0
NSDL e-Governance Infrastructure Limited,Promind Solutions P Limited,4232,540
NSDL e-Governance Infrastructure Limited,RELIGARE SECURITIES LTD,2739,132
NSDL e-Governance Infrastructure Limited,Radiant Haroti Industries India Ltd,3679,154
NSDL e-Governance Infrastructure Limited,Ricoh India Limited,6728,1153
NSDL e-Governance Infrastructure Limited,Sri Ramraja Sarkar Lok Kalyan Trust,1327,63
NSDL e-Governance Infrastructure Limited,Utility Forms Pvt Ltd,8207,211
NSDL e-Governance Infrastructure Limited,VIRGO SOFTECH LIMITED,711,213
Oriental Bank of Commerce,DATASOFT COMPUTER SERVICES(P),7,0
Oriental Bank of Commerce,JNET Technologies Pvt.Ltd,10,1
Oriental Bank of Commerce,Sri Ramraja Sarkar Lok Kalyan Trust,19,7
Oriental Bank of Commerce,Wipro Ltd,6,2
Principal Revenue Commissioner  Dept of Revenue  Govt of MP,Frontech Systems Pvt Ltd,7,2
Principal Revenue Commissioner  Dept of Revenue  Govt of MP,GDC Advertising Pvt. Limited,1,0
Principal Revenue Commissioner  Dept of Revenue  Govt of MP,K W Consulting P Ltd,10,2
Principal Revenue Commissioner  Dept of Revenue  Govt of MP,LYRA  CONSULTANCY SERVICE,5,0
Principal Revenue Commissioner  Dept of Revenue  Govt of MP,Netlink software Pvt Ltd,2,0
Principal Revenue Commissioner  Dept of Revenue  Govt of MP,OSWAL COMPUTERS & CONSULTANTS,3,4
Principal Revenue Commissioner  Dept of Revenue  Govt of MP,Tera Software Ltd,6,0
Principal Revenue Commissioner  Dept of Revenue  Govt of MP,Vedavaag Systems Limited,17,4
Project Coordinator UID Project Madhya Pradesh,A I Soc for Electronics and Comp Tech,929,38
Project Coordinator UID Project Madhya Pradesh,DATASOFT COMPUTER SERVICES(P),38,32
Project Coordinator UID Project Madhya Pradesh,LYRA  CONSULTANCY SERVICE,2,0
Project Coordinator UID Project Madhya Pradesh,Matrix Processing House,42,8
Project Coordinator UID Project Madhya Pradesh,OSWAL COMPUTERS & CONSULTANTS,140,70
Project Coordinator UID Project Madhya Pradesh,Sixth Dimension Project Solutions Ltd,0,26
Punjab National Bank,Alankit Finsec Ltd,750,21
Punjab National Bank,Eagle Software India Pvt. Ltd,972,126
Punjab National Bank,Smart Chip Limited,2,1
Punjab National Bank,Vayam technologies Ltd,220,14
Punjab and Sind Bank,Matrix Processing House,1054,132
Registrar General India BEL2,4G INFORMATICS,0,1
Registrar General India BEL2,Alankit Assignments Limited,1,0
Registrar General India BEL2,Bharat Electronics Limited,41,0
Registrar General India BEL2,Chinar Construction Company Prime agency,13,2
Registrar General India BEL2,Computer LAB,28,1
Registrar General India BEL2,Eagle Software India Pvt. Ltd,1,0
Registrar General India BEL2,Emdee Digitronics Pvt.Ltd.,6,0
Registrar General India BEL2,In Media Computer Services LLP,19,51
Registrar General India BEL2,India Computer Technology,30,6
Registrar General India BEL2,Karvy Data Management Services,183,121
Registrar General India BEL2,MACRO INFOTECH PVT LTD,223,45
Registrar General India BEL2,MKS Enterprises,44,0
Registrar General India BEL2,Madras Security Printers Ltd,1387,46
Registrar General India BEL2,Manipur Electronics Dev Corp,60,19
Registrar General India BEL2,Multiwave Innovation,114,5
Registrar General India BEL2,NVR & ASSOCIATES LIMITED,4,0
Registrar General India BEL2,Netlink software Pvt Ltd,39,1
Registrar General India BEL2,Nevaeh Technology Pvt. Ltd.,11,0
Registrar General India BEL2,Nielsen  India  Private Limited,10,0
Registrar General India BEL2,Om Softwares,517,1
Registrar General India BEL2,SNR Edatas Pvt Ltd,460,5
Registrar General India BEL2,SREI INFRASTRUCTURE FINANCES L,2249,140
Registrar General India BEL2,STRATEGIC OUTSOURCING SERVICE,16,0
Registrar General India BEL2,Swathy Smartcards Hi-Tech Pvt,421,1
Registrar General India BEL2,Tera Software Ltd,54,18
Registrar General India BEL2,UNITED DATA SERVICES PRIVATE LIMITED,2036,22
Registrar General India BEL2,VIRGO SOFTECH LIMITED,1,0
Registrar General India BEL2,Vansh Infotech Pvt Ltd,6,1
Registrar General India BEL2,Vayam technologies Ltd,8,0
Registrar General India BEL2,Vedavaag Systems Limited,487,4
Registrar General India BEL2,Viesa Technologies,13728,112
Registrar General India BEL2,WEBEL,1,0
Registrar General India ECIL,AVVAS INFOTECH PVT  LTD,26,8
Registrar General India ECIL,BUSINESS INFORMATION PROCESSING SERVICES,1,0
Registrar General India ECIL,COMTECH INSTITUTE OFTECHNOLOGY,6,0
Registrar General India ECIL,COMTECHINFO SOLUTIONS PVT.LTD,5111,82
Registrar General India ECIL,Chinar Construction Company Prime agency,177,0
Registrar General India ECIL,Computer LAB,4131,863
Registrar General India ECIL,Eagle Software India Pvt. Ltd,42632,3949
Registrar General India ECIL,Esoft Consulting Limited,1,0
Registrar General India ECIL,Gundal Infotech Private Limited,1,0
Registrar General India ECIL,In Media Computer Services LLP,267,188
Registrar General India ECIL,India Computer Technology,1315,337
Registrar General India ECIL,Integrated Systems & Services,53,1
Registrar General India ECIL,Karvy Data Management Services,296,7
Registrar General India ECIL,Krishna Infotech,4,0
Registrar General India ECIL,LYRA  CONSULTANCY SERVICE,119,33
Registrar General India ECIL,Madras Security Printers Ltd,4080,582
Registrar General India ECIL,Mphasis Ltd,106,29
Registrar General India ECIL,Netwing Technologies Pvt Ltd,2,0
Registrar General India ECIL,Nielsen  India  Private Limited,4,0
Registrar General India ECIL,Pioneer E Labs limited,9,0
Registrar General India ECIL,SARADA SYSTEMS,66,3
Registrar General India ECIL,SWISSTECH NPR 57CR PROJECT PVT,487,0
Registrar General India ECIL,Tera Software Ltd,430,76
Registrar General India ECIL,Vedavaag Systems Limited,16,2
Registrar General India Others,COMTECHINFO SOLUTIONS PVT.LTD,13,0
Registrar General India Others,Clairvoyance Technologies Pvt.,2,0
Registrar General India Others,Computer LAB,1,0
Registrar General India Others,Eagle Software India Pvt. Ltd,1,0
Registrar General India Others,Madras Security Printers Ltd,3,0
Registrar General India Others,SARADA SYSTEMS,0,1
Registrar General India Others,Swathy Smartcards Hi-Tech Pvt,1,0
Registrar General India Others,WEBEL TECHNOLOGY LIMITED,15,1
Registrar General of India ITI,COMTECH INSTITUTE OFTECHNOLOGY,1,0
Registrar General of India ITI,CommunitiWorks Welfare Society,1,0
Registrar General of India ITI,Eagle Software India Pvt. Ltd,812,2
Registrar General of India ITI,Emdee Digitronics Pvt.Ltd.,957,15
Registrar General of India ITI,FINANCIAL INFORMATION NETWORK,5,1
Registrar General of India ITI,In Media Computer Services LLP,14,0
Registrar General of India ITI,Karvy Data Management Services,101,7
Registrar General of India ITI,MKS Enterprises,4,0
Registrar General of India ITI,Madras Security Printers Ltd,1306,30
Registrar General of India ITI,Mphasis Ltd,461,120
Registrar General of India ITI,Netlink software Pvt Ltd,31,2
Registrar General of India ITI,Netwing Technologies Pvt Ltd,0,232
Registrar General of India ITI,Nielsen  India  Private Limited,9,0
Registrar General of India ITI,PROTEX COMPUTER PVT LTD,1,0
Registrar General of India ITI,Quick Data IT Services Pvt Ltd,28,2
Registrar General of India ITI,SNR Edatas Pvt Ltd,5,1
Registrar General of India ITI,SREI INFRASTRUCTURE FINANCES L,1,0
Registrar General of India ITI,STRATEGIC OUTSOURCING SERVICE,3,21
Registrar General of India ITI,Swathy Smartcards Hi-Tech Pvt,20,1
Registrar General of India ITI,Swiss Tech India Pvt Ltd,1,0
Registrar General of India ITI,TechSmart India Pvt Ltd,3,0
Registrar General of India ITI,VIRGO SOFTECH LIMITED,214,97
Registrar General of India ITI,Vedavaag Systems Limited,8,32
Registrar General of India ITI,WEBEL TECHNOLOGY LIMITED,433,8
Registrar General of India ITI,Webx Technologies Private Limited,12,0
State Bank of Bikaner & Jaipur,Multiwave Innovation,2,1
State Bank of India,4G IDENTITY SOLUTIONS,0,1
State Bank of India,VIRGO SOFTECH LIMITED,0,1
UIDAI-Registrar,UIDAI-EA,120,9
UT Of Daman and Diu,Alankit Assignments Limited,1,0
Union Bank,FINANCIAL INFORMATION NETWORK,10918,778
Union Bank,Smart Chip Limited,683,91
Union Bank,Vakrangee Softwares Limited,1428,415
