Registrar,Enrolment Agency,Aadhaar generated,Enrolment Rejected
Allahabad Bank,A-Onerealtors Pvt Ltd,15,1
Allahabad Bank,Asha Security Guard Services,5682,161
Allahabad Bank,Nevaeh Technology Pvt. Ltd.,1848,228
Allahabad Bank,PROTEX COMPUTER PVT LTD,1,18
Allahabad Bank,Radiant Haroti Industries India Ltd,284,148
Allahabad Bank,Redim Software Technologies Pvt Ltd,0,78
Allahabad Bank,SGS INDIA PVT LTD,7,96
Allahabad Bank,Sri Ramraja Sarkar Lok Kalyan Trust,764,57
Allahabad Bank,VAP INFOSOLUTIONS,0,17
Allahabad Bank,Vakrangee Softwares Limited,0,4
Allahabad Bank,Vedavaag Systems Limited,6,7
Bank Of India,A3 Logics  India  Ltd,620,217
Bank Of India,Akanksha International,52,0
Bank Of India,Blue Circle Instrument,0,2
Bank Of India,CHESSY CONSULTANTS PVT LTD,153,5
Bank Of India,DATASOFT COMPUTER SERVICES(P),154,193
Bank Of India,Emdee Digitronics Pvt.Ltd.,1,5
Bank Of India,Frontech Systems Pvt Ltd,57,239
Bank Of India,MANTRA SOFTTECH (INDIA) PVTLTD,0,1
Bank Of India,Matrix Processing House,1,1
Bank Of India,OPTIMIX CONSULTANCY PRIVATE LT,0,1
Bank Of India,OSWAL COMPUTERS & CONSULTANTS,58,191
Bank Of India,PROTEX COMPUTER PVT LTD,1789,320
Bank Of India,SARADA SYSTEMS,1298,526
Bank Of India,SHRIKRISHNA KHANDASARI SUGAR M,2,6
Bank Of India,SREI INFRASTRUCTURE FINANCES L,11020,1049
Bank Of India,Silver Touch Technologies Ltd,0,1
Bank Of India,VEETECHNOLOGIES PVT. LTD,660,180
Bank Of India,Vakrangee Softwares Limited,0,7
Bank of Baroda,DATASOFT COMPUTER SERVICES(P),0,1
Bank of Baroda,Global Finsol Private Limited,1418,293
Bank of Maharashtra,FINANCIAL INFORMATION NETWORK,3,1
Bank of Maharashtra,Tera Software Ltd,1132,383
CSC e-Governance Services India Limited,A I Soc for Electronics and Comp Tech,17308,878
CSC e-Governance Services India Limited,AKSH OPTIFIBRE LIMITED,23445,1232
CSC e-Governance Services India Limited,BASIX,5578,1340
CSC e-Governance Services India Limited,CALANCE SOFTWARE PRIVATE LTD,120,84
CSC e-Governance Services India Limited,CHIPS,1516,89
CSC e-Governance Services India Limited,CMS Computers Ltd,52818,3386
CSC e-Governance Services India Limited,CSC e-Governance Services India Limited,355,138
CSC e-Governance Services India Limited,Conatus Infocom Pvt. Ltd,115,14
CSC e-Governance Services India Limited,DATASOFT COMPUTER SERVICES(P),5,0
CSC e-Governance Services India Limited,Intelligent Communication Sys India Ltd,259,105
CSC e-Governance Services India Limited,MANTRA SOFTTECH (INDIA) PVTLTD,3594,699
CSC e-Governance Services India Limited,Mahaonline Limited,1072,459
CSC e-Governance Services India Limited,NVR & ASSOCIATES LIMITED,265,7
CSC e-Governance Services India Limited,Nekton IT India Pvt Ltd.,1778,96
CSC e-Governance Services India Limited,Network for Information & Computer,112,129
CSC e-Governance Services India Limited,Promind Solutions P Limited,0,2
CSC e-Governance Services India Limited,Reliance Communication Limited,5,0
CSC e-Governance Services India Limited,SPANCO,3406,1344
CSC e-Governance Services India Limited,SRR Infotech,869,116
CSC e-Governance Services India Limited,Sahaj e-Village Limited,24872,835
CSC e-Governance Services India Limited,Tera Software Ltd,289,62
CSC e-Governance Services India Limited,United Telecoms e-Services Pvt Ltd,1527,301
CSC e-Governance Services India Limited,VIKALP MULTIMEDIA,548,65
CSC e-Governance Services India Limited,VISION COMPTECH INTEGRATOR LTD,49,23
CSC e-Governance Services India Limited,Vakrangee Softwares Limited,165,2
CSC e-Governance Services India Limited,Vayam technologies Ltd,8185,967
CSC e-Governance Services India Limited,Vedavaag Systems Limited,5159,567
CSC e-Governance Services India Limited,Zephyr System Pvt.Ltd.,902,1366
Canara Bank,FINANCIAL INFORMATION NETWORK,5304,1296
Canara Bank,Karvy Data Management Services,20060,795
Canara Bank,Ojus Healthcare Private Limited,0,23
Canara Bank,Osiris Infotech Pvt. Ltd.,13,7
Canara Bank,Smart Chip Limited,3801,575
Canara Bank,Virinchi Technologies Ltd,532,114
Central Bank of India,CALANCE SOFTWARE PRIVATE LTD,0,17
Central Bank of India,IAP COMPANY Pvt. Ltd,1,53
Central Bank of India,The Peerless General Finance,1,3
DENA BANK,77 Infosystems Pvt Ltd,779,50
DENA BANK,A-Onerealtors Pvt Ltd,2821,410
DENA BANK,APEX Services,486,297
DENA BANK,AS International,581,144
DENA BANK,ATISHAY INFOTECH PVT. LTD.,16,58
DENA BANK,AVVAS INFOTECH PVT  LTD,2656,597
DENA BANK,Asha Security Guard Services,706,482
DENA BANK,BNR UDYOG LIMITED,2433,3
DENA BANK,Binary Systems,132,162
DENA BANK,Bloom Solutions Pvt Ltd,15561,1736
DENA BANK,Blue Circle Instrument,633,165
DENA BANK,Business Information Processing Services,355,22
DENA BANK,CALANCE SOFTWARE PRIVATE LTD,333,731
DENA BANK,DATASOFT COMPUTER SERVICES(P),929,170
DENA BANK,DEVASHISH SECURITIES PVT. LTD.,61,5
DENA BANK,Eagle Software India Pvt. Ltd,64,136
DENA BANK,Emdee Digitronics Pvt.Ltd.,4347,23
DENA BANK,FINANCIAL INFORMATION NETWORK,5654,873
DENA BANK,Gem Computers,1351,104
DENA BANK,Gujarat Infotech Ltd.,1,2
DENA BANK,HyperSoft Technologies Ltd,5931,329
DENA BANK,IAP COMPANY Pvt. Ltd,17497,3853
DENA BANK,India Computer Technology,2834,194
DENA BANK,JNET Technologies Pvt.Ltd,652,70
DENA BANK,K W Consulting P Ltd,8534,410
DENA BANK,M/S STAR DATA CENTRE,1223,146
DENA BANK,M/s Gold Square Builders & Promoters Pvt. Ltd.,3559,194
DENA BANK,MARS Telecom Systems Pvt Ltd,754,57
DENA BANK,MEGHA VINCOM PVT LTD,8959,963
DENA BANK,MKS Enterprises,4573,217
DENA BANK,Make India Smart Private Limited,1132,118
DENA BANK,Multiwave Innovation,322,666
DENA BANK,NVR & ASSOCIATES LIMITED,1210,515
DENA BANK,Narayana Electricals Solution Pvt Ltd,0,1
DENA BANK,Netlink software Pvt Ltd,2030,492
DENA BANK,Nielsen  India  Private Limited,5013,800
DENA BANK,Offshoot Agency Pvt. Ltd.,2028,175
DENA BANK,Om Softwares,40,1
DENA BANK,Ortem Securities Limited,514,21
DENA BANK,Prodigy Systems and Services Private Limited,20,53
DENA BANK,Radiant Haroti Industries India Ltd,2100,491
DENA BANK,Ricoh India Limited,371,126
DENA BANK,SGS INDIA PVT LTD,2703,837
DENA BANK,Silver Touch Technologies Ltd,564,35
DENA BANK,Sixth Dimension Project Solutions Ltd,102,55
DENA BANK,Soc for Advancement of Environ Science,2,45
DENA BANK,SoftAge Information Technology Limited,12,23
DENA BANK,Super Printers,3211,219
DENA BANK,Systematic & Advance Const P L,78,44
DENA BANK,TechSmart India Pvt Ltd,831,412
DENA BANK,Tera Software Ltd,4174,1795
DENA BANK,The NSIC ltd,154,36
DENA BANK,Transline Technologies P Ltd,1182,217
DENA BANK,Utility Forms Pvt Ltd,435,171
DENA BANK,VAP INFOSOLUTIONS,3631,913
DENA BANK,VISION COMPTECH INTEGRATOR LTD,3127,507
DENA BANK,Vedavaag Systems Limited,1746,149
DENA BANK,Virinchi Technologies Ltd,2868,692
DENA BANK,WEBEL,4253,1124
DENA BANK,Wipro Ltd,17778,825
DENA BANK,Yash Ornaments Pvt. Ltd,5,0
DENA BANK,Zephyr System Pvt.Ltd.,6656,2086
Delhi - East DC,DATASOFT COMPUTER SERVICES(P),0,2
Delhi - NE DC,Alankit Assignments Limited,0,1
Delhi - NE DC,Smart Chip Limited,0,1
Delhi - North DC,CALANCE SOFTWARE PRIVATE LTD,1,2
Delhi - North DC,NVR & ASSOCIATES LIMITED,0,2
Delhi SW DC,VIRGO SOFTECH LIMITED,0,1
Delhi Urban Shelter Improvemen,Tera Software Ltd,0,1
Delhi- South DC,Tera Software Ltd,0,1
Delhi-NW DC,Karvy Computershare Private Li,0,1
Department of Information Technology Govt of Jharkhand,Blue Circle Instrument,0,3
Department of Information Technology Govt of Jharkhand,MKS Enterprises,0,1
Department of Information Technology Govt of Jharkhand,Wipro Ltd,0,3
Dept of ITC Govt of Rajasthan,AKSH OPTIFIBRE LIMITED,1778,45
Dept of ITC Govt of Rajasthan,ATISHAY INFOTECH PVT. LTD.,611,542
Dept of ITC Govt of Rajasthan,AVVAS INFOTECH PVT  LTD,0,3
Dept of ITC Govt of Rajasthan,Academy of Management Studies,9,23
Dept of ITC Govt of Rajasthan,Binary Systems,63,527
Dept of ITC Govt of Rajasthan,Business Information Processing Services,8,113
Dept of ITC Govt of Rajasthan,CMS Computers Ltd,2154,558
Dept of ITC Govt of Rajasthan,COMTECH INSTITUTE OFTECHNOLOGY,500,77
Dept of ITC Govt of Rajasthan,DATASOFT COMPUTER SERVICES(P),1569,490
Dept of ITC Govt of Rajasthan,FINANCIAL INFORMATION NETWORK,1019,717
Dept of ITC Govt of Rajasthan,Gem Computers,117,373
Dept of ITC Govt of Rajasthan,Gujarat Infotech Ltd.,20,17
Dept of ITC Govt of Rajasthan,IAP COMPANY Pvt. Ltd,130,85
Dept of ITC Govt of Rajasthan,Karvy Data Management Services,4864,800
Dept of ITC Govt of Rajasthan,MANTRA SOFTTECH (INDIA) PVTLTD,0,1
Dept of ITC Govt of Rajasthan,MEGHA VINCOM PVT LTD,73,296
Dept of ITC Govt of Rajasthan,Matrix Processing House,395,291
Dept of ITC Govt of Rajasthan,Multiwave Innovation,13,166
Dept of ITC Govt of Rajasthan,Osiris Infotech Pvt. Ltd.,903,698
Dept of ITC Govt of Rajasthan,Radiant Haroti Industries India Ltd,732,754
Dept of ITC Govt of Rajasthan,Radiant Info Systems Ltd,535,150
Dept of ITC Govt of Rajasthan,Ricoh India Limited,730,368
Dept of ITC Govt of Rajasthan,SAR Technology,460,146
Dept of ITC Govt of Rajasthan,SREI INFRASTRUCTURE FINANCES L,9,31
Dept of ITC Govt of Rajasthan,TechSmart India Pvt Ltd,13,66
Dept of ITC Govt of Rajasthan,Transline Technologies P Ltd,259,96
Dept of ITC Govt of Rajasthan,UMC Technologies Pvt. Ltd,536,98
Dept of ITC Govt of Rajasthan,VIRGO SOFTECH LIMITED,0,2
Dept of ITC Govt of Rajasthan,VISION COMPTECH INTEGRATOR LTD,18,103
Dept of ITC Govt of Rajasthan,Vakrangee Softwares Limited,479,350
Dept of ITC Govt of Rajasthan,Vayam technologies Ltd,1384,161
FCR Govt of Haryana,4G INFORMATICS,3,2
FCR Govt of Haryana,Academy of Management Studies,47,467
FCR Govt of Haryana,Radiant Info Systems Ltd,289,64
FCR Govt of Haryana,SoftAge Information Technology Limited,1524,988
FCR Govt of Haryana,Vakrangee Softwares Limited,0,1
FCR Govt of Haryana,Vayam technologies Ltd,211,108
FCS Govt of Punjab,District Sukhmani Society  Jalandhar  Punjab,48,42
FCS Govt of Punjab,District Sukhmani Society  Ludhiana  Punjab,117,47
FCS Govt of Punjab,District Sukhmani Society  Moga  Punjab,1,15
FCS Govt of Punjab,District Sukhmani Society Amritsar Punjab,16,36
FCS Govt of Punjab,District Sukhmani Society Barnala Punjab,51,28
FCS Govt of Punjab,District Sukhmani Society Bathinda Punjab,16,27
FCS Govt of Punjab,District Sukhmani Society Fatehgarh Sahib Punjab,23,12
FCS Govt of Punjab,District Sukhmani Society Fazilka Punjab,33,21
FCS Govt of Punjab,District Sukhmani Society Ferozepur Punjab,9,15
FCS Govt of Punjab,District Sukhmani Society For Citizen Services Mansa Punjab,26,8
FCS Govt of Punjab,District Sukhmani Society For Citizen Services Nawanshahr Punjab,17,15
FCS Govt of Punjab,District Sukhmani Society For Citizen Services SAS Nagar District e-Governance Society Punjab,45,21
FCS Govt of Punjab,District Sukhmani Society Pathankot Punjab,15,8
FCS Govt of Punjab,District Sukhmani Society Patiala Punjab,4,8
FCS Govt of Punjab,District Sukhmani Society Rupnagar Punjab,2,6
FCS Govt of Punjab,District Sukhmani Society Sangrur Punjab,42,15
FCS Govt of Punjab,District Sukhmani Society Sri Muktsar Sahib Punjab,10,17
FCS Govt of Punjab,District Sukhmani Society Tarn Taran Punjab,3,9
FCS Govt of Punjab,Karvy Computershare Private Li,20,11
FCS Govt of Punjab,Sukhmani Society For Citizen Services  Kapurthala  Punjab,14,3
FCS Govt of Punjab,Sukhmani Society For Citizen Services Gurdaspur Punjab,0,10
FCS Govt of Punjab,Sukhmani Society For Citizens Services Faridkot Punjab,26,20
FCS Govt of Punjab,Suwidha Society Hoshiarpur Punjab,57,4
FCS Govt of Punjab,Vayam technologies Ltd,50,94
FCS Govt of Punjab,eCentric solutions pvt ltd,695,26
Govt of Andhra Pradesh,Gouthami Educational Society,58,23
Govt of Andhra Pradesh,GrapeSoft,24,17
Govt of Andhra Pradesh,INFRONICS SYSTEMS LTD,2,5
Govt of Andhra Pradesh,SREEVEN INFOCOM LIMITED,1,0
Govt of Andhra Pradesh,TechSmart India Pvt Ltd,0,6
Govt of Andhra Pradesh,Tera Software Ltd,0,12
Govt of Goa,MARS Telecom Systems Pvt Ltd,0,1
Govt of Gujarat,GSS Infotech Ltd,0,2
Govt of Gujarat,Karvy Computershare Private Li,1730,463
Govt of Gujarat,Silver Touch Technologies Ltd,1172,320
Govt of Gujarat,Tera Software Ltd,1368,133
Govt of Gujarat,Transline Technologies P Ltd,0,1
Govt of Gujarat,Vayam technologies Ltd,11,19
Govt of Gujarat,eCentric solutions pvt ltd,66,122
Govt of Himachal Pradesh,i-Grandee SoftwareTechnologies,688,5
Govt of Karnataka ,Bloom Solutions Pvt Ltd,0,1
Govt of Karnataka ,GLODYNE TECHNOSERVE,0,1
Govt of Karnataka ,Integra Micro Systems Pvt.ltd,0,1
Govt of Karnataka ,MARS Telecom Systems Pvt Ltd,0,6
Govt of Karnataka ,Ninestars Information Technologies Ltd,0,1
Govt of Karnataka ,Origin ITFS Pvt Ltd,1,10
Govt of Karnataka ,SREEVEN INFOCOM LIMITED,0,2
Govt of Kerala,Akshaya,2937,493
Govt of Kerala,Keltron,0,8
Govt of Maharashtra,Adcc Infocad Pvt.Ltd Nagpur,1,0
Govt of Maharashtra,Alankit Finsec Ltd,2,1
Govt of Maharashtra,GLODYNE TECHNOSERVE,0,1
Govt of Maharashtra,Global Finsol Private Limited,0,1
Govt of Maharashtra,Karvy Computershare Private Li,2,6
Govt of Maharashtra,M/S King Computer System pvt Ltd,0,1
Govt of Maharashtra,M/s. Vidya Online  Pune,1,4
Govt of Maharashtra,Narayana Electricals Solution Pvt Ltd,0,1
Govt of Maharashtra,Netlink software Pvt Ltd,3,1
Govt of Maharashtra,Rudranee Infotech Ltd,0,21
Govt of Maharashtra,SETU MAHARASHTRA,1289,120
Govt of Maharashtra,SHREERAM PRINTING PRESS,0,1
Govt of Maharashtra,SILVER JUBILEE MOTORS LTD.,1,3
Govt of Maharashtra,SPANCO,3,3
Govt of Maharashtra,STRATEGIC OUTSOURCING SERVICE,0,16
Govt of Maharashtra,Silver Touch Technologies Ltd,0,2
Govt of Maharashtra,TechSmart India Pvt Ltd,0,2
Govt of Maharashtra,Transline Technologies P Ltd,1,0
Govt of Maharashtra,Wipro Ltd,0,4
Govt of Sikkim - Dept of Econo,Department of Economics Statistics  Monitoring and Evaluation DESME,0,5
IDBI Bank ltd,ATISHAY INFOTECH PVT. LTD.,1,35
IDBI Bank ltd,Matrix Processing House,897,15
IDBI Bank ltd,SREEVEN INFOCOM LIMITED,1157,89
IDBI Bank ltd,UTI TECHNOLOGY SERVICES LIMITE,0,2
Indiapost,Delhi Integrated MMTS Ltd,1,3
Indiapost,GSS Infotech Ltd,0,1
Indiapost,Global Finsol Private Limited,0,1
Indiapost,M/S STAR DATA CENTRE,0,1
Indiapost,MARS Telecom Systems Pvt Ltd,1,6
Indiapost,Vayam technologies Ltd,745,3
Information Technology & Communication Department,4G INFORMATICS,0,2
Information Technology & Communication Department,BNR UDYOG LIMITED,0,2
Information Technology & Communication Department,Bloom Solutions Pvt Ltd,0,4
Information Technology & Communication Department,CSS TECHNERGY LIMITED,1,1
Information Technology & Communication Department,Directorate of ESD,4068,6166
Information Technology & Communication Department,JYOTHI COMPUTER SERVICES,0,1
Information Technology & Communication Department,MARS Telecom Systems Pvt Ltd,85,28
Information Technology & Communication Department,SREEVEN INFOCOM LIMITED,0,13
Information Technology & Communication Department,Tera Software Ltd,0,2
Jharkhand,Alankit Assignments Limited,0,2
Jharkhand,MKS Enterprises,0,2
Jharkhand,Nevaeh Technology Pvt. Ltd.,0,1
Jharkhand,Systematic & Advance Const P L,0,1
Jharkhand,VISION COMPTECH INTEGRATOR LTD,0,2
Jharkhand,Wipro Ltd,6,20
Mission Convergence - GNCT Del,Karvy Computershare Private Li,0,1
NSDL e-Governance Infrastructure Limited,Abhipra Capital Ltd,754,145
NSDL e-Governance Infrastructure Limited,Alankit Assignments Limited,81,13
NSDL e-Governance Infrastructure Limited,Alankit Finsec Ltd,4560,1040
NSDL e-Governance Infrastructure Limited,COMTECHINFO SOLUTIONS PVT.LTD,0,2
NSDL e-Governance Infrastructure Limited,Global Finsol Private Limited,2,0
NSDL e-Governance Infrastructure Limited,Gujarat Infotech Ltd.,3581,574
NSDL e-Governance Infrastructure Limited,IAP COMPANY Pvt. Ltd,368,7
NSDL e-Governance Infrastructure Limited,Karvy Data Management Services,134073,6379
NSDL e-Governance Infrastructure Limited,N.K. Sharma Enterprises Ltd.,67,32
NSDL e-Governance Infrastructure Limited,Netlink software Pvt Ltd,914,178
NSDL e-Governance Infrastructure Limited,Offshoot Agency Pvt. Ltd.,1181,532
NSDL e-Governance Infrastructure Limited,Ojus G Enterprises,1067,129
NSDL e-Governance Infrastructure Limited,PROWIZ MANSYTEMS PVT LTD,0,1
NSDL e-Governance Infrastructure Limited,Promind Solutions P Limited,6785,1368
NSDL e-Governance Infrastructure Limited,RELIGARE SECURITIES LTD,3141,128
NSDL e-Governance Infrastructure Limited,Radiant Haroti Industries India Ltd,1720,401
NSDL e-Governance Infrastructure Limited,Ricoh India Limited,3425,303
NSDL e-Governance Infrastructure Limited,Sri Ramraja Sarkar Lok Kalyan Trust,2210,542
NSDL e-Governance Infrastructure Limited,Transline Technologies P Ltd,0,9
NSDL e-Governance Infrastructure Limited,Utility Forms Pvt Ltd,6521,625
NSDL e-Governance Infrastructure Limited,VIRGO SOFTECH LIMITED,1253,780
Oriental Bank of Commerce,DATASOFT COMPUTER SERVICES(P),2,2
Oriental Bank of Commerce,JNET Technologies Pvt.Ltd,0,3
Oriental Bank of Commerce,Redim Software Technologies Pvt Ltd,1,0
Oriental Bank of Commerce,Sri Ramraja Sarkar Lok Kalyan Trust,4,6
Oriental Bank of Commerce,Wipro Ltd,1,5
Principal Revenue Commissioner  Dept of Revenue  Govt of MP,Frontech Systems Pvt Ltd,0,1
Principal Revenue Commissioner  Dept of Revenue  Govt of MP,GDC Advertising Pvt. Limited,0,1
Principal Revenue Commissioner  Dept of Revenue  Govt of MP,K W Consulting P Ltd,0,2
Principal Revenue Commissioner  Dept of Revenue  Govt of MP,LYRA  CONSULTANCY SERVICE,2,0
Principal Revenue Commissioner  Dept of Revenue  Govt of MP,Netlink software Pvt Ltd,2,1
Principal Revenue Commissioner  Dept of Revenue  Govt of MP,OSWAL COMPUTERS & CONSULTANTS,0,1
Principal Revenue Commissioner  Dept of Revenue  Govt of MP,Tera Software Ltd,0,1
Principal Revenue Commissioner  Dept of Revenue  Govt of MP,Vedavaag Systems Limited,5,5
Project Coordinator UID Project Madhya Pradesh,A I Soc for Electronics and Comp Tech,126,80
Project Coordinator UID Project Madhya Pradesh,DATASOFT COMPUTER SERVICES(P),0,1
Project Coordinator UID Project Madhya Pradesh,LYRA  CONSULTANCY SERVICE,1,5
Project Coordinator UID Project Madhya Pradesh,Matrix Processing House,1,7
Project Coordinator UID Project Madhya Pradesh,OSWAL COMPUTERS & CONSULTANTS,4,22
Project Coordinator UID Project Madhya Pradesh,Sixth Dimension Project Solutions Ltd,2,1
Punjab National Bank,Alankit Finsec Ltd,341,33
Punjab National Bank,Eagle Software India Pvt. Ltd,27,82
Punjab National Bank,Smart Chip Limited,1,9
Punjab National Bank,Vayam technologies Ltd,73,42
Punjab and Sind Bank,Matrix Processing House,1744,789
Registrar General India - BEL,In Media Computer Services LLP,0,1
Registrar General India BEL2,Chinar Construction Company Prime agency,0,1
Registrar General India BEL2,Computer LAB,0,6
Registrar General India BEL2,Emdee Digitronics Pvt.Ltd.,1,2
Registrar General India BEL2,In Media Computer Services LLP,1,1
Registrar General India BEL2,India Computer Technology,0,6
Registrar General India BEL2,Karvy Data Management Services,58,432
Registrar General India BEL2,MACRO INFOTECH PVT LTD,1,5
Registrar General India BEL2,MKS Enterprises,0,2
Registrar General India BEL2,Madras Security Printers Ltd,12,88
Registrar General India BEL2,Manipur Electronics Dev Corp,234,1
Registrar General India BEL2,Multiwave Innovation,3,14
Registrar General India BEL2,NVR & ASSOCIATES LIMITED,0,2
Registrar General India BEL2,Netlink software Pvt Ltd,1,5
Registrar General India BEL2,Nevaeh Technology Pvt. Ltd.,0,2
Registrar General India BEL2,Nielsen  India  Private Limited,0,9
Registrar General India BEL2,Om Softwares,4,20
Registrar General India BEL2,SREI INFRASTRUCTURE FINANCES L,1940,65
Registrar General India BEL2,STRATEGIC OUTSOURCING SERVICE,0,2
Registrar General India BEL2,Satyanarayana Raju Company Pvt ltd,364,213
Registrar General India BEL2,Swathy Smartcards Hi-Tech Pvt,3,19
Registrar General India BEL2,Swiss Tech India Pvt Ltd,0,1
Registrar General India BEL2,Tera Software Ltd,71,45
Registrar General India BEL2,UNITED DATA SERVICES PRIVATE LIMITED,42,4
Registrar General India BEL2,Vedavaag Systems Limited,210,19
Registrar General India BEL2,Viesa Technologies,4630,270
Registrar General India BEL2,WEBEL,0,2
Registrar General India ECIL,AVVAS INFOTECH PVT  LTD,3,18
Registrar General India ECIL,COMTECH INSTITUTE OFTECHNOLOGY,0,1
Registrar General India ECIL,COMTECHINFO SOLUTIONS PVT.LTD,719,178
Registrar General India ECIL,Chinar Construction Company Prime agency,0,19
Registrar General India ECIL,Clairvoyance Technologies Pvt.,0,1
Registrar General India ECIL,Computer LAB,5904,340
Registrar General India ECIL,Eagle Software India Pvt. Ltd,13234,733
Registrar General India ECIL,Gundal Infotech Private Limited,0,1
Registrar General India ECIL,In Media Computer Services LLP,2,11
Registrar General India ECIL,India Computer Technology,247,274
Registrar General India ECIL,Karvy Data Management Services,752,165
Registrar General India ECIL,Krishna Infotech,0,4
Registrar General India ECIL,LYRA  CONSULTANCY SERVICE,1491,51
Registrar General India ECIL,Madras Security Printers Ltd,8951,823
Registrar General India ECIL,Mphasis Ltd,37,44
Registrar General India ECIL,Nielsen  India  Private Limited,0,3
Registrar General India ECIL,Pioneer E Labs limited,0,4
Registrar General India ECIL,SARADA SYSTEMS,3,12
Registrar General India ECIL,SWISSTECH NPR 57CR PROJECT PVT,1,9
Registrar General India ECIL,Tera Software Ltd,0,13
Registrar General India ECIL,Vedavaag Systems Limited,2,7
Registrar General India Others,Alankit Assignments Limited,0,4
Registrar General India Others,Clairvoyance Technologies Pvt.,2,0
Registrar General India Others,India Computer Technology,0,1
Registrar General India Others,Webx Technologies Private Limited,3,0
Registrar General of India ITI,COMTECH INSTITUTE OFTECHNOLOGY,9,35
Registrar General of India ITI,CommunitiWorks Welfare Society,0,1
Registrar General of India ITI,Eagle Software India Pvt. Ltd,81,76
Registrar General of India ITI,Emdee Digitronics Pvt.Ltd.,78,547
Registrar General of India ITI,FINANCIAL INFORMATION NETWORK,1,1
Registrar General of India ITI,In Media Computer Services LLP,0,2
Registrar General of India ITI,Karvy Data Management Services,9,30
Registrar General of India ITI,MKS Enterprises,0,1
Registrar General of India ITI,Madras Security Printers Ltd,144,160
Registrar General of India ITI,Mphasis Ltd,0,2
Registrar General of India ITI,Netlink software Pvt Ltd,0,7
Registrar General of India ITI,Nielsen  India  Private Limited,0,1
Registrar General of India ITI,Quick Data IT Services Pvt Ltd,3,0
Registrar General of India ITI,STRATEGIC OUTSOURCING SERVICE,35,86
Registrar General of India ITI,Swathy Smartcards Hi-Tech Pvt,449,1352
Registrar General of India ITI,TechSmart India Pvt Ltd,0,1
Registrar General of India ITI,VIRGO SOFTECH LIMITED,12,105
Registrar General of India ITI,Vedavaag Systems Limited,2,0
Registrar General of India ITI,WEBEL TECHNOLOGY LIMITED,12977,1233
Registrar General of India ITI,Webx Technologies Private Limited,52,2
State Bank of Bikaner & Jaipur,Multiwave Innovation,0,1
UIDAI-Registrar,UIDAI-EA,18,5
Union Bank,FINANCIAL INFORMATION NETWORK,11132,3037
Union Bank,Smart Chip Limited,1189,106
Union Bank,Vakrangee Softwares Limited,2674,1209
