Registrar,Enrolment Agency,Aadhaar generated,Enrolment Rejected
Allahabad Bank,A-Onerealtors Pvt Ltd,22,2
Allahabad Bank,Asha Security Guard Services,1102,77
Allahabad Bank,Emdee Digitronics Pvt.Ltd.,5,0
Allahabad Bank,MEGHA VINCOM PVT LTD,0,4
Allahabad Bank,Nevaeh Technology Pvt. Ltd.,800,5
Allahabad Bank,PROTEX COMPUTER PVT LTD,4,0
Allahabad Bank,Radiant Haroti Industries India Ltd,96,8
Allahabad Bank,Redim Software Technologies Pvt Ltd,11,2
Allahabad Bank,SGS INDIA PVT LTD,23,38
Allahabad Bank,Sri Ramraja Sarkar Lok Kalyan Trust,22,1
Allahabad Bank,VAP INFOSOLUTIONS,0,3
Allahabad Bank,Vakrangee Softwares Limited,0,7
Allahabad Bank,Vedavaag Systems Limited,249,2
Bank Of India,A3 Logics  India  Ltd,1234,26
Bank Of India,Akanksha International,3,7
Bank Of India,DATASOFT COMPUTER SERVICES(P),4419,143
Bank Of India,Frontech Systems Pvt Ltd,307,7
Bank Of India,MANTRA SOFTTECH (INDIA) PVTLTD,0,2
Bank Of India,Matrix Processing House,0,1
Bank Of India,OSWAL COMPUTERS & CONSULTANTS,158,29
Bank Of India,PROTEX COMPUTER PVT LTD,325,8
Bank Of India,SARADA SYSTEMS,439,27
Bank Of India,SHRIKRISHNA KHANDASARI SUGAR M,0,3
Bank Of India,SPANCO,0,1
Bank Of India,SREI INFRASTRUCTURE FINANCES L,4255,175
Bank Of India,Silver Touch Technologies Ltd,0,2
Bank Of India,VEETECHNOLOGIES PVT. LTD,106,271
Bank Of India,Vakrangee Softwares Limited,0,10
Bank of Baroda,Global Finsol Private Limited,835,23
Bank of Maharashtra,FINANCIAL INFORMATION NETWORK,17,2
Bank of Maharashtra,Tera Software Ltd,165,119
CSC e-Governance Services India Limited,A I Soc for Electronics and Comp Tech,5351,285
CSC e-Governance Services India Limited,AKSH OPTIFIBRE LIMITED,17631,181
CSC e-Governance Services India Limited,BASIX,2643,435
CSC e-Governance Services India Limited,CALANCE SOFTWARE PRIVATE LTD,592,68
CSC e-Governance Services India Limited,CHIPS,4439,65
CSC e-Governance Services India Limited,CMS Computers Ltd,27901,706
CSC e-Governance Services India Limited,CSC e-Governance Services India Limited,355,43
CSC e-Governance Services India Limited,Conatus Infocom Pvt. Ltd,572,17
CSC e-Governance Services India Limited,DATASOFT COMPUTER SERVICES(P),902,8
CSC e-Governance Services India Limited,IAP COMPANY Pvt. Ltd,120,17
CSC e-Governance Services India Limited,Intelligent Communication Sys India Ltd,867,19
CSC e-Governance Services India Limited,MANTRA SOFTTECH (INDIA) PVTLTD,7259,70
CSC e-Governance Services India Limited,Mahaonline Limited,740,202
CSC e-Governance Services India Limited,NVR & ASSOCIATES LIMITED,1,16
CSC e-Governance Services India Limited,Nekton IT India Pvt Ltd.,7437,121
CSC e-Governance Services India Limited,Network for Information & Computer,116,13
CSC e-Governance Services India Limited,Promind Solutions P Limited,16,3
CSC e-Governance Services India Limited,SPANCO,1899,195
CSC e-Governance Services India Limited,SRR Infotech,3111,105
CSC e-Governance Services India Limited,Sahaj e-Village Limited,30078,264
CSC e-Governance Services India Limited,Tera Software Ltd,181,17
CSC e-Governance Services India Limited,United Telecoms e-Services Pvt Ltd,2111,100
CSC e-Governance Services India Limited,VIKALP MULTIMEDIA,210,9
CSC e-Governance Services India Limited,VISION COMPTECH INTEGRATOR LTD,32,7
CSC e-Governance Services India Limited,Vakrangee Softwares Limited,3,0
CSC e-Governance Services India Limited,Vayam technologies Ltd,1551,198
CSC e-Governance Services India Limited,Vedavaag Systems Limited,6452,89
CSC e-Governance Services India Limited,Zephyr System Pvt.Ltd.,1122,434
Canara Bank,FINANCIAL INFORMATION NETWORK,6801,192
Canara Bank,Karvy Data Management Services,3754,257
Canara Bank,Ojus Healthcare Private Limited,101,0
Canara Bank,Osiris Infotech Pvt. Ltd.,43,30
Canara Bank,Smart Chip Limited,514,46
Canara Bank,Virinchi Technologies Ltd,263,66
Central Bank of India,CALANCE SOFTWARE PRIVATE LTD,0,2
Central Bank of India,IAP COMPANY Pvt. Ltd,1,5
Central Bank of India,SREI INFRASTRUCTURE FINANCES L,1,0
DENA BANK,77 Infosystems Pvt Ltd,9,1
DENA BANK,A-Onerealtors Pvt Ltd,492,108
DENA BANK,APEX Services,119,14
DENA BANK,AS International,37,100
DENA BANK,ATISHAY INFOTECH PVT. LTD.,1265,27
DENA BANK,AVVAS INFOTECH PVT  LTD,5205,178
DENA BANK,Asha Security Guard Services,635,152
DENA BANK,BNR UDYOG LIMITED,3,0
DENA BANK,Binary Systems,96,28
DENA BANK,Bloom Solutions Pvt Ltd,4515,357
DENA BANK,Blue Circle Instrument,1945,43
DENA BANK,Business Information Processing Services,170,36
DENA BANK,CALANCE SOFTWARE PRIVATE LTD,7122,213
DENA BANK,DATASOFT COMPUTER SERVICES(P),5346,71
DENA BANK,DEVASHISH SECURITIES PVT. LTD.,124,0
DENA BANK,Eagle Software India Pvt. Ltd,7717,165
DENA BANK,Emdee Digitronics Pvt.Ltd.,2549,23
DENA BANK,FINANCIAL INFORMATION NETWORK,13348,220
DENA BANK,Gem Computers,376,44
DENA BANK,Gujarat Infotech Ltd.,45,12
DENA BANK,HyperSoft Technologies Ltd,880,18
DENA BANK,IAP COMPANY Pvt. Ltd,5958,371
DENA BANK,India Computer Technology,170,9
DENA BANK,JNET Technologies Pvt.Ltd,23,8
DENA BANK,K W Consulting P Ltd,6204,119
DENA BANK,M/S STAR DATA CENTRE,42,35
DENA BANK,M/s Gold Square Builders & Promoters Pvt. Ltd.,4723,34
DENA BANK,MARS Telecom Systems Pvt Ltd,726,13
DENA BANK,MEGHA VINCOM PVT LTD,1210,115
DENA BANK,MKS Enterprises,775,0
DENA BANK,Make India Smart Private Limited,4353,69
DENA BANK,Multiwave Innovation,454,82
DENA BANK,NVR & ASSOCIATES LIMITED,1673,140
DENA BANK,Netlink software Pvt Ltd,976,194
DENA BANK,Nielsen  India  Private Limited,1901,361
DENA BANK,Offshoot Agency Pvt. Ltd.,972,73
DENA BANK,Om Softwares,7,4
DENA BANK,Ortem Securities Limited,25,9
DENA BANK,Prodigy Systems and Services Private Limited,151,32
DENA BANK,Radiant Haroti Industries India Ltd,606,115
DENA BANK,Ricoh India Limited,216,2
DENA BANK,SGS INDIA PVT LTD,419,176
DENA BANK,Silver Touch Technologies Ltd,509,158
DENA BANK,Sixth Dimension Project Solutions Ltd,15,16
DENA BANK,Soc for Advancement of Environ Science,124,7
DENA BANK,SoftAge Information Technology Limited,11,7
DENA BANK,Super Printers,463,170
DENA BANK,Systematic & Advance Const P L,14,1
DENA BANK,TechSmart India Pvt Ltd,3381,79
DENA BANK,Tera Software Ltd,3605,159
DENA BANK,The NSIC ltd,50,9
DENA BANK,Transline Technologies P Ltd,505,32
DENA BANK,Utility Forms Pvt Ltd,721,22
DENA BANK,VAP INFOSOLUTIONS,489,82
DENA BANK,VISION COMPTECH INTEGRATOR LTD,614,75
DENA BANK,Vedavaag Systems Limited,1375,8
DENA BANK,Virinchi Technologies Ltd,266,108
DENA BANK,WEBEL,1773,224
DENA BANK,Wipro Ltd,3616,253
DENA BANK,Yash Ornaments Pvt. Ltd,211,22
DENA BANK,Zephyr System Pvt.Ltd.,3603,436
Delhi- South DC,Smart Chip Limited,0,1
Department of Information Technology Govt of Jharkhand,Blue Circle Instrument,0,2
Dept of ITC Govt of Rajasthan,AKSH OPTIFIBRE LIMITED,185,3
Dept of ITC Govt of Rajasthan,ATISHAY INFOTECH PVT. LTD.,1852,216
Dept of ITC Govt of Rajasthan,AVVAS INFOTECH PVT  LTD,20,1
Dept of ITC Govt of Rajasthan,Alankit Finsec Ltd,0,1
Dept of ITC Govt of Rajasthan,Binary Systems,101,50
Dept of ITC Govt of Rajasthan,Business Information Processing Services,347,86
Dept of ITC Govt of Rajasthan,CMS Computers Ltd,1436,614
Dept of ITC Govt of Rajasthan,COMTECH INSTITUTE OFTECHNOLOGY,432,36
Dept of ITC Govt of Rajasthan,DATASOFT COMPUTER SERVICES(P),1475,43
Dept of ITC Govt of Rajasthan,FINANCIAL INFORMATION NETWORK,1132,91
Dept of ITC Govt of Rajasthan,Gem Computers,203,45
Dept of ITC Govt of Rajasthan,Gujarat Infotech Ltd.,250,12
Dept of ITC Govt of Rajasthan,IAP COMPANY Pvt. Ltd,343,35
Dept of ITC Govt of Rajasthan,Karvy Data Management Services,121,20
Dept of ITC Govt of Rajasthan,M/s Sanish Choudhary,26,0
Dept of ITC Govt of Rajasthan,MEGHA VINCOM PVT LTD,117,244
Dept of ITC Govt of Rajasthan,Matrix Processing House,515,12
Dept of ITC Govt of Rajasthan,Multiwave Innovation,9,1
Dept of ITC Govt of Rajasthan,Osiris Infotech Pvt. Ltd.,211,60
Dept of ITC Govt of Rajasthan,Radiant Haroti Industries India Ltd,506,105
Dept of ITC Govt of Rajasthan,Radiant Info Systems Ltd,236,54
Dept of ITC Govt of Rajasthan,Ricoh India Limited,291,12
Dept of ITC Govt of Rajasthan,SAR Technology,11,6
Dept of ITC Govt of Rajasthan,SREI INFRASTRUCTURE FINANCES L,3,21
Dept of ITC Govt of Rajasthan,TechSmart India Pvt Ltd,95,1
Dept of ITC Govt of Rajasthan,Transline Technologies P Ltd,85,67
Dept of ITC Govt of Rajasthan,UMC Technologies Pvt. Ltd,18,4
Dept of ITC Govt of Rajasthan,VISION COMPTECH INTEGRATOR LTD,21,57
Dept of ITC Govt of Rajasthan,Vakrangee Softwares Limited,357,225
Dept of ITC Govt of Rajasthan,Vayam technologies Ltd,463,159
FCR Govt of Haryana,4G INFORMATICS,125,3
FCR Govt of Haryana,Academy of Management Studies,464,56
FCR Govt of Haryana,Radiant Info Systems Ltd,182,57
FCR Govt of Haryana,SoftAge Information Technology Limited,810,313
FCR Govt of Haryana,Vayam technologies Ltd,169,44
FCS Govt of Punjab,CSS TECHNERGY LIMITED,0,1
FCS Govt of Punjab,District Sukhmani Society  Jalandhar  Punjab,1,14
FCS Govt of Punjab,District Sukhmani Society  Ludhiana  Punjab,40,2
FCS Govt of Punjab,District Sukhmani Society Amritsar Punjab,5,2
FCS Govt of Punjab,District Sukhmani Society Barnala Punjab,34,7
FCS Govt of Punjab,District Sukhmani Society Bathinda Punjab,61,4
FCS Govt of Punjab,District Sukhmani Society Fatehgarh Sahib Punjab,133,4
FCS Govt of Punjab,District Sukhmani Society Fazilka Punjab,12,17
FCS Govt of Punjab,District Sukhmani Society Ferozepur Punjab,13,0
FCS Govt of Punjab,District Sukhmani Society For Citizen Services Mansa Punjab,126,7
FCS Govt of Punjab,District Sukhmani Society For Citizen Services Nawanshahr Punjab,3,0
FCS Govt of Punjab,District Sukhmani Society For Citizen Services SAS Nagar District e-Governance Society Punjab,18,1
FCS Govt of Punjab,District Sukhmani Society Pathankot Punjab,3,0
FCS Govt of Punjab,District Sukhmani Society Patiala Punjab,2,0
FCS Govt of Punjab,District Sukhmani Society Rupnagar Punjab,8,1
FCS Govt of Punjab,District Sukhmani Society Sangrur Punjab,126,22
FCS Govt of Punjab,District Sukhmani Society Sri Muktsar Sahib Punjab,2,0
FCS Govt of Punjab,District Sukhmani Society Tarn Taran Punjab,0,4
FCS Govt of Punjab,Karvy Computershare Private Li,55,6
FCS Govt of Punjab,Sukhmani Society For Citizen Services  Kapurthala  Punjab,23,0
FCS Govt of Punjab,Sukhmani Society For Citizens Services Faridkot Punjab,9,0
FCS Govt of Punjab,Suwidha Society Hoshiarpur Punjab,0,1
FCS Govt of Punjab,Vayam technologies Ltd,87,55
FCS Govt of Punjab,eCentric solutions pvt ltd,198,13
Govt of Andhra Pradesh,Gouthami Educational Society,1,0
Govt of Andhra Pradesh,GrapeSoft,2,0
Govt of Andhra Pradesh,INFRONICS SYSTEMS LTD,0,5
Govt of Andhra Pradesh,TechSmart India Pvt Ltd,0,1
Govt of Andhra Pradesh,Tera Software Ltd,0,2
Govt of Gujarat,GSS Infotech Ltd,142,4
Govt of Gujarat,Karvy Computershare Private Li,57,2
Govt of Gujarat,Silver Touch Technologies Ltd,162,71
Govt of Gujarat,Tera Software Ltd,1389,16
Govt of Gujarat,Transline Technologies P Ltd,0,2
Govt of Gujarat,Vayam technologies Ltd,13,2
Govt of Gujarat,eCentric solutions pvt ltd,11,2
Govt of Himachal Pradesh,Wipro Ltd,0,1
Govt of Himachal Pradesh,i-Grandee SoftwareTechnologies,194,78
Govt of Karnataka ,MARS Telecom Systems Pvt Ltd,0,1
Govt of Karnataka ,Ninestars Information Technologies Ltd,0,2
Govt of Karnataka ,Om Softwares,3,0
Govt of Karnataka ,Origin ITFS Pvt Ltd,0,8
Govt of Kerala,Akshaya,1441,171
Govt of Kerala,Keltron,3,3
Govt of Madhya Pradesh,VIRGO SOFTECH LIMITED,0,1
Govt of Maharashtra,Alankit Finsec Ltd,0,2
Govt of Maharashtra,Karvy Computershare Private Li,0,4
Govt of Maharashtra,M/S King Computer System pvt Ltd,78,0
Govt of Maharashtra,M/s. Vidya Online  Pune,24,1
Govt of Maharashtra,Rudranee Infotech Ltd,66,1
Govt of Maharashtra,SETU MAHARASHTRA,405,26
Govt of Maharashtra,SHREERAM PRINTING PRESS,0,1
Govt of Maharashtra,SILVER JUBILEE MOTORS LTD.,0,4
Govt of Maharashtra,STRATEGIC OUTSOURCING SERVICE,0,6
Govt of Maharashtra,TechSmart India Pvt Ltd,0,1
Govt of Maharashtra,Wipro Ltd,0,2
Govt of Sikkim - Dept of Econo,Department of Economics Statistics  Monitoring and Evaluation DESME,1,0
IDBI Bank ltd,ATISHAY INFOTECH PVT. LTD.,671,68
IDBI Bank ltd,Matrix Processing House,13,1
IDBI Bank ltd,SREEVEN INFOCOM LIMITED,171,12
Indiapost,Delhi Integrated MMTS Ltd,0,3
Indiapost,Global Finsol Private Limited,0,4
Indiapost,Vayam technologies Ltd,19,1
Indiapost,WEBEL,6,0
Information Technology & Communication Department,4G INFORMATICS,1,1
Information Technology & Communication Department,BNR UDYOG LIMITED,0,2
Information Technology & Communication Department,Bloom Solutions Pvt Ltd,0,2
Information Technology & Communication Department,Directorate of ESD,5368,889
Information Technology & Communication Department,JYOTHI COMPUTER SERVICES,0,3
Information Technology & Communication Department,MARS Telecom Systems Pvt Ltd,10,0
Jharkhand,MKS Enterprises,0,1
Jharkhand,Nevaeh Technology Pvt. Ltd.,0,1
Jharkhand,STRATEGIC OUTSOURCING SERVICE,0,1
Jharkhand,Wipro Ltd,0,7
NSDL e-Governance Infrastructure Limited,Abhipra Capital Ltd,1680,103
NSDL e-Governance Infrastructure Limited,Alankit Assignments Limited,109,3
NSDL e-Governance Infrastructure Limited,Alankit Finsec Ltd,16912,420
NSDL e-Governance Infrastructure Limited,COMTECHINFO SOLUTIONS PVT.LTD,121,0
NSDL e-Governance Infrastructure Limited,Gujarat Infotech Ltd.,1764,290
NSDL e-Governance Infrastructure Limited,IAP COMPANY Pvt. Ltd,204,4
NSDL e-Governance Infrastructure Limited,Karvy Data Management Services,24370,1671
NSDL e-Governance Infrastructure Limited,N.K. Sharma Enterprises Ltd.,9,1
NSDL e-Governance Infrastructure Limited,Netlink software Pvt Ltd,726,59
NSDL e-Governance Infrastructure Limited,Offshoot Agency Pvt. Ltd.,716,52
NSDL e-Governance Infrastructure Limited,Ojus G Enterprises,810,18
NSDL e-Governance Infrastructure Limited,PROWIZ MANSYTEMS PVT LTD,0,4
NSDL e-Governance Infrastructure Limited,Promind Solutions P Limited,2604,220
NSDL e-Governance Infrastructure Limited,RELIGARE SECURITIES LTD,688,77
NSDL e-Governance Infrastructure Limited,Radiant Haroti Industries India Ltd,654,41
NSDL e-Governance Infrastructure Limited,Ricoh India Limited,1318,209
NSDL e-Governance Infrastructure Limited,Sri Ramraja Sarkar Lok Kalyan Trust,579,83
NSDL e-Governance Infrastructure Limited,Transline Technologies P Ltd,2,0
NSDL e-Governance Infrastructure Limited,Utility Forms Pvt Ltd,984,101
NSDL e-Governance Infrastructure Limited,VIRGO SOFTECH LIMITED,989,78
Oriental Bank of Commerce,DATASOFT COMPUTER SERVICES(P),0,4
Oriental Bank of Commerce,JNET Technologies Pvt.Ltd,13,0
Oriental Bank of Commerce,Sri Ramraja Sarkar Lok Kalyan Trust,11,0
Principal Revenue Commissioner  Dept of Revenue  Govt of MP,Vedavaag Systems Limited,46,0
Project Coordinator UID Project Madhya Pradesh,A I Soc for Electronics and Comp Tech,469,48
Project Coordinator UID Project Madhya Pradesh,DATASOFT COMPUTER SERVICES(P),121,27
Project Coordinator UID Project Madhya Pradesh,Matrix Processing House,1,11
Project Coordinator UID Project Madhya Pradesh,OSWAL COMPUTERS & CONSULTANTS,367,22
Project Coordinator UID Project Madhya Pradesh,Sixth Dimension Project Solutions Ltd,60,3
Punjab National Bank,Alankit Finsec Ltd,1989,4
Punjab National Bank,Eagle Software India Pvt. Ltd,5634,44
Punjab National Bank,Smart Chip Limited,10,0
Punjab National Bank,Vayam technologies Ltd,84,28
Punjab and Sind Bank,Matrix Processing House,343,24
Registrar General India - BEL,In Media Computer Services LLP,0,1
Registrar General India BEL2,Bharat Electronics Limited,70,0
Registrar General India BEL2,Chinar Construction Company Prime agency,41,0
Registrar General India BEL2,Computer LAB,0,1
Registrar General India BEL2,Emdee Digitronics Pvt.Ltd.,42,0
Registrar General India BEL2,In Media Computer Services LLP,27,0
Registrar General India BEL2,India Computer Technology,0,10
Registrar General India BEL2,Karvy Data Management Services,0,8
Registrar General India BEL2,MACRO INFOTECH PVT LTD,69,4
Registrar General India BEL2,MKS Enterprises,147,0
Registrar General India BEL2,Madras Security Printers Ltd,218,14
Registrar General India BEL2,Manipur Electronics Dev Corp,604,1
Registrar General India BEL2,Multiwave Innovation,34,3
Registrar General India BEL2,Netlink software Pvt Ltd,10,1
Registrar General India BEL2,Om Softwares,35,2
Registrar General India BEL2,SNR Edatas Pvt Ltd,198,1
Registrar General India BEL2,SREI INFRASTRUCTURE FINANCES L,385,35
Registrar General India BEL2,STRATEGIC OUTSOURCING SERVICE,1,0
Registrar General India BEL2,Swathy Smartcards Hi-Tech Pvt,2,15
Registrar General India BEL2,Tera Software Ltd,48,82
Registrar General India BEL2,UNITED DATA SERVICES PRIVATE LIMITED,418,42
Registrar General India BEL2,VIRGO SOFTECH LIMITED,2,0
Registrar General India BEL2,Vedavaag Systems Limited,5,1
Registrar General India BEL2,Viesa Technologies,2084,58
Registrar General India ECIL,AVVAS INFOTECH PVT  LTD,7,4
Registrar General India ECIL,COMTECH INSTITUTE OFTECHNOLOGY,1,1
Registrar General India ECIL,COMTECHINFO SOLUTIONS PVT.LTD,4811,40
Registrar General India ECIL,Clairvoyance Technologies Pvt.,0,1
Registrar General India ECIL,Computer LAB,2118,127
Registrar General India ECIL,Eagle Software India Pvt. Ltd,28687,1738
Registrar General India ECIL,In Media Computer Services LLP,179,34
Registrar General India ECIL,India Computer Technology,3,15
Registrar General India ECIL,Integrated Systems & Services,0,1
Registrar General India ECIL,Karvy Data Management Services,964,20
Registrar General India ECIL,Krishna Infotech,0,2
Registrar General India ECIL,LYRA  CONSULTANCY SERVICE,75,62
Registrar General India ECIL,Madras Security Printers Ltd,2559,612
Registrar General India ECIL,Mphasis Ltd,206,2
Registrar General India ECIL,Pioneer E Labs limited,0,1
Registrar General India ECIL,SARADA SYSTEMS,102,1
Registrar General India ECIL,SWISSTECH NPR 57CR PROJECT PVT,187,8
Registrar General India ECIL,Tera Software Ltd,0,12
Registrar General India ECIL,Vedavaag Systems Limited,0,6
Registrar General India Others,Swathy Smartcards Hi-Tech Pvt,0,1
Registrar General India Others,WEBEL TECHNOLOGY LIMITED,9,0
Registrar General of India ITI,COMTECH INSTITUTE OFTECHNOLOGY,194,5
Registrar General of India ITI,Eagle Software India Pvt. Ltd,171,1
Registrar General of India ITI,Emdee Digitronics Pvt.Ltd.,174,9
Registrar General of India ITI,Karvy Data Management Services,10,1
Registrar General of India ITI,Madras Security Printers Ltd,387,0
Registrar General of India ITI,Mphasis Ltd,846,207
Registrar General of India ITI,Multiwave Innovation,0,1
Registrar General of India ITI,Netwing Technologies Pvt Ltd,372,1
Registrar General of India ITI,Quick Data IT Services Pvt Ltd,1102,2
Registrar General of India ITI,STRATEGIC OUTSOURCING SERVICE,40,0
Registrar General of India ITI,Swathy Smartcards Hi-Tech Pvt,0,31
Registrar General of India ITI,TechSmart India Pvt Ltd,0,1
Registrar General of India ITI,VIRGO SOFTECH LIMITED,0,76
Registrar General of India ITI,Vedavaag Systems Limited,3,2
Registrar General of India ITI,WEBEL TECHNOLOGY LIMITED,92,9
Registrar General of India ITI,Webx Technologies Private Limited,1191,0
State Bank of Bikaner & Jaipur,Multiwave Innovation,0,2
UIDAI-Registrar,UIDAI-EA,65,0
Union Bank,FINANCIAL INFORMATION NETWORK,2740,203
Union Bank,Smart Chip Limited,3720,138
Union Bank,Vakrangee Softwares Limited,3815,364
