Registrar,Enrolment Agency,Aadhaar generated,Enrolment Rejected
Allahabad Bank,A-Onerealtors Pvt Ltd,16,1
Allahabad Bank,Asha Security Guard Services,72,128
Allahabad Bank,Emdee Digitronics Pvt.Ltd.,0,1
Allahabad Bank,Nevaeh Technology Pvt. Ltd.,505,188
Allahabad Bank,Radiant Haroti Industries India Ltd,63,88
Allahabad Bank,Redim Software Technologies Pvt Ltd,0,8
Allahabad Bank,SGS INDIA PVT LTD,60,28
Allahabad Bank,Sri Ramraja Sarkar Lok Kalyan Trust,11,32
Allahabad Bank,VAP INFOSOLUTIONS,1,0
Allahabad Bank,Vakrangee Softwares Limited,2,0
Allahabad Bank,Vedavaag Systems Limited,26,91
Bank Of India,A3 Logics  India  Ltd,192,32
Bank Of India,Blue Circle Instrument,3,2
Bank Of India,CHESSY CONSULTANTS PVT LTD,15,8
Bank Of India,DATASOFT COMPUTER SERVICES(P),183,101
Bank Of India,Emdee Digitronics Pvt.Ltd.,30,0
Bank Of India,Frontech Systems Pvt Ltd,60,18
Bank Of India,Matrix Processing House,7,0
Bank Of India,OSWAL COMPUTERS & CONSULTANTS,345,41
Bank Of India,PROTEX COMPUTER PVT LTD,1219,125
Bank Of India,SARADA SYSTEMS,984,30
Bank Of India,SHRIKRISHNA KHANDASARI SUGAR M,7,33
Bank Of India,SPANCO,13,0
Bank Of India,SREI INFRASTRUCTURE FINANCES L,4114,568
Bank Of India,Systematic & Advance Const P L,2,0
Bank Of India,VEETECHNOLOGIES PVT. LTD,1278,460
Bank Of India,Vakrangee Softwares Limited,7,1
Bank of Baroda,Global Finsol Private Limited,441,279
Bank of Maharashtra,FINANCIAL INFORMATION NETWORK,2,1
Bank of Maharashtra,Micro Technologies India Ltd,1,1
Bank of Maharashtra,Tera Software Ltd,845,452
CSC e-Governance Services India Limited,A I Soc for Electronics and Comp Tech,6277,1092
CSC e-Governance Services India Limited,AKSH OPTIFIBRE LIMITED,6144,3467
CSC e-Governance Services India Limited,BASIX,1334,789
CSC e-Governance Services India Limited,CALANCE SOFTWARE PRIVATE LTD,444,52
CSC e-Governance Services India Limited,CHIPS,3037,38
CSC e-Governance Services India Limited,CMS Computers Ltd,6326,3583
CSC e-Governance Services India Limited,CSC e-Governance Services India Limited,101,25
CSC e-Governance Services India Limited,Conatus Infocom Pvt. Ltd,482,15
CSC e-Governance Services India Limited,DATASOFT COMPUTER SERVICES(P),184,17
CSC e-Governance Services India Limited,IAP COMPANY Pvt. Ltd,0,4
CSC e-Governance Services India Limited,Intelligent Communication Sys India Ltd,128,45
CSC e-Governance Services India Limited,MANTRA SOFTTECH (INDIA) PVTLTD,395,201
CSC e-Governance Services India Limited,Mahaonline Limited,47,241
CSC e-Governance Services India Limited,Nekton IT India Pvt Ltd.,3177,113
CSC e-Governance Services India Limited,Network for Information & Computer,51,238
CSC e-Governance Services India Limited,Reliance Communication Limited,0,1
CSC e-Governance Services India Limited,SPANCO,759,351
CSC e-Governance Services India Limited,SRR Infotech,1815,51
CSC e-Governance Services India Limited,Sahaj e-Village Limited,19369,2250
CSC e-Governance Services India Limited,Tera Software Ltd,89,20
CSC e-Governance Services India Limited,United Telecoms e-Services Pvt Ltd,1116,641
CSC e-Governance Services India Limited,VIKALP MULTIMEDIA,661,295
CSC e-Governance Services India Limited,VISION COMPTECH INTEGRATOR LTD,15,0
CSC e-Governance Services India Limited,Vakrangee Softwares Limited,2,21
CSC e-Governance Services India Limited,Vayam technologies Ltd,1844,1185
CSC e-Governance Services India Limited,Vedavaag Systems Limited,9661,970
CSC e-Governance Services India Limited,Zephyr System Pvt.Ltd.,297,411
Canara Bank,FINANCIAL INFORMATION NETWORK,3226,294
Canara Bank,Karvy Data Management Services,5010,1159
Canara Bank,Ojus Healthcare Private Limited,2,82
Canara Bank,Osiris Infotech Pvt. Ltd.,1,2
Canara Bank,Smart Chip Limited,3384,189
Canara Bank,Virinchi Technologies Ltd,197,208
Central Bank of India,CALANCE SOFTWARE PRIVATE LTD,9,4
Central Bank of India,IAP COMPANY Pvt. Ltd,21,10
Central Bank of India,The Peerless General Finance,1,0
DENA BANK,77 Infosystems Pvt Ltd,86,16
DENA BANK,A-Onerealtors Pvt Ltd,609,130
DENA BANK,APEX Services,116,131
DENA BANK,AS International,49,64
DENA BANK,ATISHAY INFOTECH PVT. LTD.,123,9
DENA BANK,AVVAS INFOTECH PVT  LTD,565,200
DENA BANK,Asha Security Guard Services,528,288
DENA BANK,BNR UDYOG LIMITED,162,33
DENA BANK,Binary Systems,142,78
DENA BANK,Bloom Solutions Pvt Ltd,4087,798
DENA BANK,Blue Circle Instrument,228,22
DENA BANK,Business Information Processing Services,17,106
DENA BANK,CALANCE SOFTWARE PRIVATE LTD,461,73
DENA BANK,DATASOFT COMPUTER SERVICES(P),332,31
DENA BANK,DEVASHISH SECURITIES PVT. LTD.,62,7
DENA BANK,Eagle Software India Pvt. Ltd,213,15
DENA BANK,Emdee Digitronics Pvt.Ltd.,1255,126
DENA BANK,FINANCIAL INFORMATION NETWORK,1990,281
DENA BANK,Gem Computers,48,146
DENA BANK,Gujarat Infotech Ltd.,2,1
DENA BANK,HyperSoft Technologies Ltd,294,203
DENA BANK,IAP COMPANY Pvt. Ltd,4619,961
DENA BANK,India Computer Technology,297,333
DENA BANK,JNET Technologies Pvt.Ltd,68,19
DENA BANK,K W Consulting P Ltd,4029,1099
DENA BANK,M/S STAR DATA CENTRE,14,122
DENA BANK,M/s Gold Square Builders & Promoters Pvt. Ltd.,3401,212
DENA BANK,MARS Telecom Systems Pvt Ltd,780,35
DENA BANK,MEGHA VINCOM PVT LTD,663,734
DENA BANK,MKS Enterprises,1383,216
DENA BANK,Make India Smart Private Limited,5673,254
DENA BANK,Multiwave Innovation,77,18
DENA BANK,NVR & ASSOCIATES LIMITED,603,234
DENA BANK,Narayana Electricals Solution Pvt Ltd,0,1
DENA BANK,Netlink software Pvt Ltd,647,173
DENA BANK,Nielsen  India  Private Limited,2301,1207
DENA BANK,Offshoot Agency Pvt. Ltd.,163,573
DENA BANK,Om Softwares,25,35
DENA BANK,Ortem Securities Limited,187,14
DENA BANK,Prodigy Systems and Services Private Limited,16,24
DENA BANK,Radiant Haroti Industries India Ltd,189,216
DENA BANK,Ricoh India Limited,72,16
DENA BANK,SGS INDIA PVT LTD,907,782
DENA BANK,Silver Touch Technologies Ltd,62,269
DENA BANK,Sixth Dimension Project Solutions Ltd,31,15
DENA BANK,Soc for Advancement of Environ Science,8,16
DENA BANK,SoftAge Information Technology Limited,22,14
DENA BANK,Super Printers,669,257
DENA BANK,Systematic & Advance Const P L,34,11
DENA BANK,TechSmart India Pvt Ltd,145,187
DENA BANK,Tera Software Ltd,2020,676
DENA BANK,The NSIC ltd,152,28
DENA BANK,Transline Technologies P Ltd,422,279
DENA BANK,Utility Forms Pvt Ltd,29,85
DENA BANK,VAP INFOSOLUTIONS,1777,338
DENA BANK,VISION COMPTECH INTEGRATOR LTD,1766,245
DENA BANK,Vedavaag Systems Limited,8954,574
DENA BANK,Virinchi Technologies Ltd,267,218
DENA BANK,WEBEL,1740,377
DENA BANK,Wipro Ltd,5719,1454
DENA BANK,Yash Ornaments Pvt. Ltd,0,4
DENA BANK,Zephyr System Pvt.Ltd.,2139,1572
Delhi - Central DC,Smart Chip Limited,6,0
Delhi - East DC,DATASOFT COMPUTER SERVICES(P),0,1
Delhi - ND DC,Smart Chip Limited,1,0
Delhi - NE DC,Smart Chip Limited,12,0
Delhi - North DC,CALANCE SOFTWARE PRIVATE LTD,2,4
Delhi - North DC,Smart Chip Limited,3,0
Delhi SW DC,VIRGO SOFTECH LIMITED,1,0
Delhi- South DC,Karvy Computershare Private Li,1,0
Delhi- South DC,Smart Chip Limited,3,0
Delhi- West DC,Smart Chip Limited,7,0
Delhi- West DC,VIRGO SOFTECH LIMITED,6,0
Delhi-NW DC,Karvy Computershare Private Li,4,2
Department of Information Technology Govt of Jharkhand,Blue Circle Instrument,1,0
Department of Information Technology Govt of Jharkhand,Systematic & Advance Const P L,1,0
Department of Information Technology Govt of Jharkhand,Wipro Ltd,8,3
Dept of ITC Govt of Rajasthan,AKSH OPTIFIBRE LIMITED,190,192
Dept of ITC Govt of Rajasthan,ATISHAY INFOTECH PVT. LTD.,331,126
Dept of ITC Govt of Rajasthan,AVVAS INFOTECH PVT  LTD,3,2
Dept of ITC Govt of Rajasthan,Academy of Management Studies,10,2
Dept of ITC Govt of Rajasthan,Alankit Finsec Ltd,1,0
Dept of ITC Govt of Rajasthan,Binary Systems,44,186
Dept of ITC Govt of Rajasthan,Business Information Processing Services,36,181
Dept of ITC Govt of Rajasthan,CMS Computers Ltd,693,176
Dept of ITC Govt of Rajasthan,COMTECH INSTITUTE OFTECHNOLOGY,9,121
Dept of ITC Govt of Rajasthan,DATASOFT COMPUTER SERVICES(P),89,245
Dept of ITC Govt of Rajasthan,FINANCIAL INFORMATION NETWORK,153,322
Dept of ITC Govt of Rajasthan,Gem Computers,11,100
Dept of ITC Govt of Rajasthan,Gujarat Infotech Ltd.,2,3
Dept of ITC Govt of Rajasthan,IAP COMPANY Pvt. Ltd,195,31
Dept of ITC Govt of Rajasthan,Karvy Data Management Services,30,322
Dept of ITC Govt of Rajasthan,M/s Sanish Choudhary,1,0
Dept of ITC Govt of Rajasthan,MEGHA VINCOM PVT LTD,227,94
Dept of ITC Govt of Rajasthan,Matrix Processing House,116,112
Dept of ITC Govt of Rajasthan,Multiwave Innovation,7,11
Dept of ITC Govt of Rajasthan,Osiris Infotech Pvt. Ltd.,74,314
Dept of ITC Govt of Rajasthan,Radiant Haroti Industries India Ltd,61,486
Dept of ITC Govt of Rajasthan,Radiant Info Systems Ltd,21,111
Dept of ITC Govt of Rajasthan,Ricoh India Limited,10,140
Dept of ITC Govt of Rajasthan,SAR Technology,48,10
Dept of ITC Govt of Rajasthan,SREI INFRASTRUCTURE FINANCES L,19,2
Dept of ITC Govt of Rajasthan,TechSmart India Pvt Ltd,14,31
Dept of ITC Govt of Rajasthan,Transline Technologies P Ltd,87,36
Dept of ITC Govt of Rajasthan,UMC Technologies Pvt. Ltd,16,43
Dept of ITC Govt of Rajasthan,VISION COMPTECH INTEGRATOR LTD,0,3
Dept of ITC Govt of Rajasthan,Vakrangee Softwares Limited,448,220
Dept of ITC Govt of Rajasthan,Vayam technologies Ltd,162,306
FCR Govt of Haryana,4G INFORMATICS,1,2
FCR Govt of Haryana,Academy of Management Studies,94,139
FCR Govt of Haryana,Radiant Info Systems Ltd,33,73
FCR Govt of Haryana,SoftAge Information Technology Limited,300,204
FCR Govt of Haryana,Vakrangee Softwares Limited,7,0
FCR Govt of Haryana,Vayam technologies Ltd,51,38
FCS Govt of Punjab,CSS TECHNERGY LIMITED,1,0
FCS Govt of Punjab,District Sukhmani Society  Jalandhar  Punjab,49,17
FCS Govt of Punjab,District Sukhmani Society  Ludhiana  Punjab,81,50
FCS Govt of Punjab,District Sukhmani Society Amritsar Punjab,3,23
FCS Govt of Punjab,District Sukhmani Society Barnala Punjab,2,11
FCS Govt of Punjab,District Sukhmani Society Bathinda Punjab,10,21
FCS Govt of Punjab,District Sukhmani Society Fatehgarh Sahib Punjab,6,13
FCS Govt of Punjab,District Sukhmani Society Fazilka Punjab,1,24
FCS Govt of Punjab,District Sukhmani Society Ferozepur Punjab,1,8
FCS Govt of Punjab,District Sukhmani Society For Citizen Services Mansa Punjab,8,8
FCS Govt of Punjab,District Sukhmani Society For Citizen Services Nawanshahr Punjab,8,13
FCS Govt of Punjab,District Sukhmani Society For Citizen Services SAS Nagar District e-Governance Society Punjab,6,19
FCS Govt of Punjab,District Sukhmani Society Pathankot Punjab,5,14
FCS Govt of Punjab,District Sukhmani Society Patiala Punjab,10,5
FCS Govt of Punjab,District Sukhmani Society Rupnagar Punjab,0,11
FCS Govt of Punjab,District Sukhmani Society Sangrur Punjab,16,25
FCS Govt of Punjab,District Sukhmani Society Sri Muktsar Sahib Punjab,8,19
FCS Govt of Punjab,District Sukhmani Society Tarn Taran Punjab,0,7
FCS Govt of Punjab,Karvy Computershare Private Li,166,15
FCS Govt of Punjab,Sukhmani Society For Citizen Services  Kapurthala  Punjab,31,17
FCS Govt of Punjab,Sukhmani Society For Citizens Services Faridkot Punjab,6,23
FCS Govt of Punjab,Suwidha Society Hoshiarpur Punjab,2,28
FCS Govt of Punjab,Vayam technologies Ltd,13,59
FCS Govt of Punjab,eCentric solutions pvt ltd,29,60
Govt of Andhra Pradesh,Gouthami Educational Society,62,17
Govt of Andhra Pradesh,GrapeSoft,11,8
Govt of Andhra Pradesh,IL&FS LTD,0,1
Govt of Andhra Pradesh,INFRONICS SYSTEMS LTD,5,4
Govt of Andhra Pradesh,Madras Security Printers Ltd,1,0
Govt of Andhra Pradesh,SREEVEN INFOCOM LIMITED,7,1
Govt of Andhra Pradesh,TechSmart India Pvt Ltd,1,0
Govt of Andhra Pradesh,Tera Software Ltd,15,2
Govt of Gujarat,Karvy Computershare Private Li,55,131
Govt of Gujarat,Silver Touch Technologies Ltd,865,334
Govt of Gujarat,Tera Software Ltd,46,85
Govt of Gujarat,Vayam technologies Ltd,42,24
Govt of Gujarat,eCentric solutions pvt ltd,2,4
Govt of Himachal Pradesh,Wipro Ltd,2,0
Govt of Himachal Pradesh,i-Grandee SoftwareTechnologies,145,66
Govt of Karnataka ,BNR UDYOG LIMITED,2,0
Govt of Karnataka ,MARS Telecom Systems Pvt Ltd,3,0
Govt of Karnataka ,Ninestars Information Technologies Ltd,2,2
Govt of Karnataka ,Om Softwares,1,1
Govt of Karnataka ,Origin ITFS Pvt Ltd,3,12
Govt of Karnataka ,SREEVEN INFOCOM LIMITED,27,13
Govt of Kerala,Akshaya,293,572
Govt of Kerala,Keltron,4,31
Govt of Maharashtra,Alankit Finsec Ltd,3,1
Govt of Maharashtra,GLODYNE TECHNOSERVE,0,1
Govt of Maharashtra,Karvy Computershare Private Li,6,0
Govt of Maharashtra,M/S King Computer System pvt Ltd,0,6
Govt of Maharashtra,M/s. Vidya Online  Pune,4,1
Govt of Maharashtra,Netlink software Pvt Ltd,5,2
Govt of Maharashtra,Rudranee Infotech Ltd,3,12
Govt of Maharashtra,SETU MAHARASHTRA,311,73
Govt of Maharashtra,SHREERAM PRINTING PRESS,3,1
Govt of Maharashtra,SILVER JUBILEE MOTORS LTD.,14,0
Govt of Maharashtra,SPANCO,1,1
Govt of Maharashtra,STRATEGIC OUTSOURCING SERVICE,3,1
Govt of Maharashtra,Silver Touch Technologies Ltd,1,1
Govt of Maharashtra,TechSmart India Pvt Ltd,0,1
Govt of Maharashtra,Transline Technologies P Ltd,5,3
Govt of Maharashtra,Wipro Ltd,2,0
Govt of Sikkim - Dept of Econo,Department of Economics Statistics  Monitoring and Evaluation DESME,17,1
IDBI Bank ltd,ATISHAY INFOTECH PVT. LTD.,105,5
IDBI Bank ltd,Matrix Processing House,672,28
IDBI Bank ltd,SREEVEN INFOCOM LIMITED,32,92
IDBI Bank ltd,UTI TECHNOLOGY SERVICES LIMITE,1,2
Indiapost,Delhi Integrated MMTS Ltd,15,1
Indiapost,Global Finsol Private Limited,3,2
Indiapost,M/S STAR DATA CENTRE,4,0
Indiapost,MARS Telecom Systems Pvt Ltd,0,1
Indiapost,Vayam technologies Ltd,4,5
Indiapost,WEBEL,1,0
Information Technology & Communication Department,4G INFORMATICS,1,0
Information Technology & Communication Department,CSS TECHNERGY LIMITED,1,5
Information Technology & Communication Department,Directorate of ESD,2933,1933
Information Technology & Communication Department,GDC Advertising Pvt. Limited,0,1
Information Technology & Communication Department,JYOTHI COMPUTER SERVICES,4,4
Information Technology & Communication Department,MARS Telecom Systems Pvt Ltd,9,10
Information Technology & Communication Department,SREEVEN INFOCOM LIMITED,4,3
Information Technology & Communication Department,Tera Software Ltd,2,1
Jharkhand,Alankit Assignments Limited,2,0
Jharkhand,Emdee Digitronics Pvt.Ltd.,0,3
Jharkhand,MKS Enterprises,10,1
Jharkhand,Systematic & Advance Const P L,7,0
Jharkhand,VISION COMPTECH INTEGRATOR LTD,1,0
Jharkhand,Wipro Ltd,17,8
NSDL e-Governance Infrastructure Limited,Abhipra Capital Ltd,1843,189
NSDL e-Governance Infrastructure Limited,Alankit Assignments Limited,68,10
NSDL e-Governance Infrastructure Limited,Alankit Finsec Ltd,1830,655
NSDL e-Governance Infrastructure Limited,Delhi Integrated MMTS Ltd,2,0
NSDL e-Governance Infrastructure Limited,Global Finsol Private Limited,3,0
NSDL e-Governance Infrastructure Limited,Gujarat Infotech Ltd.,534,779
NSDL e-Governance Infrastructure Limited,IAP COMPANY Pvt. Ltd,291,13
NSDL e-Governance Infrastructure Limited,INTEGRATED REGISTRY SERVICES LTD,1,0
NSDL e-Governance Infrastructure Limited,Karvy Data Management Services,13324,5561
NSDL e-Governance Infrastructure Limited,N.K. Sharma Enterprises Ltd.,60,35
NSDL e-Governance Infrastructure Limited,Netlink software Pvt Ltd,86,18
NSDL e-Governance Infrastructure Limited,Offshoot Agency Pvt. Ltd.,120,166
NSDL e-Governance Infrastructure Limited,Ojus G Enterprises,77,89
NSDL e-Governance Infrastructure Limited,PROWIZ MANSYTEMS PVT LTD,1,1
NSDL e-Governance Infrastructure Limited,Promind Solutions P Limited,2463,671
NSDL e-Governance Infrastructure Limited,RELIGARE SECURITIES LTD,468,217
NSDL e-Governance Infrastructure Limited,Radiant Haroti Industries India Ltd,247,104
NSDL e-Governance Infrastructure Limited,Ricoh India Limited,854,226
NSDL e-Governance Infrastructure Limited,Sri Ramraja Sarkar Lok Kalyan Trust,341,349
NSDL e-Governance Infrastructure Limited,Transline Technologies P Ltd,0,1
NSDL e-Governance Infrastructure Limited,Utility Forms Pvt Ltd,761,576
NSDL e-Governance Infrastructure Limited,VIRGO SOFTECH LIMITED,525,118
Oriental Bank of Commerce,DATASOFT COMPUTER SERVICES(P),0,1
Oriental Bank of Commerce,JNET Technologies Pvt.Ltd,0,3
Oriental Bank of Commerce,Redim Software Technologies Pvt Ltd,1,0
Oriental Bank of Commerce,Sri Ramraja Sarkar Lok Kalyan Trust,20,7
Oriental Bank of Commerce,Wipro Ltd,4,5
Principal Revenue Commissioner  Dept of Revenue  Govt of MP,Frontech Systems Pvt Ltd,2,0
Principal Revenue Commissioner  Dept of Revenue  Govt of MP,K W Consulting P Ltd,2,1
Principal Revenue Commissioner  Dept of Revenue  Govt of MP,LYRA  CONSULTANCY SERVICE,2,0
Principal Revenue Commissioner  Dept of Revenue  Govt of MP,Netlink software Pvt Ltd,1,1
Principal Revenue Commissioner  Dept of Revenue  Govt of MP,OSWAL COMPUTERS & CONSULTANTS,12,1
Principal Revenue Commissioner  Dept of Revenue  Govt of MP,Tera Software Ltd,1,2
Principal Revenue Commissioner  Dept of Revenue  Govt of MP,Vedavaag Systems Limited,5,0
Project Coordinator UID Project Madhya Pradesh,A I Soc for Electronics and Comp Tech,201,4
Project Coordinator UID Project Madhya Pradesh,DATASOFT COMPUTER SERVICES(P),6,1
Project Coordinator UID Project Madhya Pradesh,LYRA  CONSULTANCY SERVICE,0,2
Project Coordinator UID Project Madhya Pradesh,Matrix Processing House,5,3
Project Coordinator UID Project Madhya Pradesh,OSWAL COMPUTERS & CONSULTANTS,127,9
Punjab National Bank,Alankit Finsec Ltd,20,9
Punjab National Bank,Eagle Software India Pvt. Ltd,530,1
Punjab National Bank,Smart Chip Limited,142,0
Punjab National Bank,Vayam technologies Ltd,121,32
Punjab and Sind Bank,Matrix Processing House,401,145
Registrar General India BEL2,Bharat Electronics Limited,1,0
Registrar General India BEL2,Chinar Construction Company Prime agency,1,0
Registrar General India BEL2,Computer LAB,0,55
Registrar General India BEL2,Emdee Digitronics Pvt.Ltd.,7,3
Registrar General India BEL2,In Media Computer Services LLP,0,2
Registrar General India BEL2,India Computer Technology,1,46
Registrar General India BEL2,Karvy Data Management Services,8,78
Registrar General India BEL2,MACRO INFOTECH PVT LTD,2,1
Registrar General India BEL2,MKS Enterprises,14,0
Registrar General India BEL2,Madras Security Printers Ltd,8,93
Registrar General India BEL2,Manipur Electronics Dev Corp,24,17
Registrar General India BEL2,Multiwave Innovation,10,15
Registrar General India BEL2,NVR & ASSOCIATES LIMITED,2,0
Registrar General India BEL2,Netlink software Pvt Ltd,0,1
Registrar General India BEL2,Nevaeh Technology Pvt. Ltd.,6,1
Registrar General India BEL2,Nielsen  India  Private Limited,3,82
Registrar General India BEL2,Om Softwares,5,91
Registrar General India BEL2,SREI INFRASTRUCTURE FINANCES L,258,104
Registrar General India BEL2,STRATEGIC OUTSOURCING SERVICE,3,12
Registrar General India BEL2,Satyanarayana Raju Company Pvt ltd,502,207
Registrar General India BEL2,Swathy Smartcards Hi-Tech Pvt,7,61
Registrar General India BEL2,Tera Software Ltd,720,8
Registrar General India BEL2,UNITED DATA SERVICES PRIVATE LIMITED,15,26
Registrar General India BEL2,VIRGO SOFTECH LIMITED,1,0
Registrar General India BEL2,Vansh Infotech Pvt Ltd,1,14
Registrar General India BEL2,Vedavaag Systems Limited,252,54
Registrar General India BEL2,Viesa Technologies,942,205
Registrar General India ECIL,AVVAS INFOTECH PVT  LTD,13,11
Registrar General India ECIL,BUSINESS INFORMATION PROCESSING SERVICES,1,1
Registrar General India ECIL,COMTECHINFO SOLUTIONS PVT.LTD,5997,31
Registrar General India ECIL,Chinar Construction Company Prime agency,3,0
Registrar General India ECIL,Clairvoyance Technologies Pvt.,2,0
Registrar General India ECIL,Computer LAB,559,306
Registrar General India ECIL,Eagle Software India Pvt. Ltd,7590,871
Registrar General India ECIL,In Media Computer Services LLP,9,22
Registrar General India ECIL,India Computer Technology,16,58
Registrar General India ECIL,Integrated Systems & Services,48,1
Registrar General India ECIL,Karvy Data Management Services,14,36
Registrar General India ECIL,Krishna Infotech,2,6
Registrar General India ECIL,LYRA  CONSULTANCY SERVICE,1,8
Registrar General India ECIL,Madras Security Printers Ltd,11469,963
Registrar General India ECIL,Mphasis Ltd,1001,73
Registrar General India ECIL,Nielsen  India  Private Limited,1,0
Registrar General India ECIL,Pioneer E Labs limited,0,3
Registrar General India ECIL,SARADA SYSTEMS,4,2
Registrar General India ECIL,SWISSTECH NPR 57CR PROJECT PVT,359,90
Registrar General India ECIL,Tera Software Ltd,1,3
Registrar General India ECIL,Vedavaag Systems Limited,6,4
Registrar General India Others,Madras Security Printers Ltd,0,1
Registrar General India Others,Mphasis Ltd,0,9
Registrar General India Others,Swathy Smartcards Hi-Tech Pvt,0,2
Registrar General India Others,Vedavaag Systems Limited,0,1
Registrar General of India ITI,COMTECH INSTITUTE OFTECHNOLOGY,2,1
Registrar General of India ITI,Eagle Software India Pvt. Ltd,201,14
Registrar General of India ITI,Emdee Digitronics Pvt.Ltd.,32,44
Registrar General of India ITI,In Media Computer Services LLP,0,2
Registrar General of India ITI,Karvy Data Management Services,10,393
Registrar General of India ITI,Madras Security Printers Ltd,3,33
Registrar General of India ITI,Mphasis Ltd,0,9
Registrar General of India ITI,Multiwave Innovation,0,1
Registrar General of India ITI,Nielsen  India  Private Limited,4,8
Registrar General of India ITI,Quick Data IT Services Pvt Ltd,22,0
Registrar General of India ITI,SREI INFRASTRUCTURE FINANCES L,1,0
Registrar General of India ITI,STRATEGIC OUTSOURCING SERVICE,0,15
Registrar General of India ITI,Swathy Smartcards Hi-Tech Pvt,7,897
Registrar General of India ITI,VIRGO SOFTECH LIMITED,54,7
Registrar General of India ITI,Vedavaag Systems Limited,3,1
Registrar General of India ITI,WEBEL TECHNOLOGY LIMITED,180,241
Registrar General of India ITI,Webx Technologies Private Limited,6,0
State Bank of Bikaner & Jaipur,Multiwave Innovation,2,1
State Bank of India,IL&FS LTD,0,1
UIDAI-Registrar,UIDAI-EA,77,4
Union Bank,FINANCIAL INFORMATION NETWORK,3768,1704
Union Bank,Smart Chip Limited,701,45
Union Bank,Vakrangee Softwares Limited,1185,362
