Registrar,Enrolment Agency,Aadhaar generated,Enrolment Rejected
Allahabad Bank,A-Onerealtors Pvt Ltd,162,1
Allahabad Bank,Asha Security Guard Services,1460,5
Allahabad Bank,Emdee Digitronics Pvt.Ltd.,3287,0
Allahabad Bank,MEGHA VINCOM PVT LTD,98,0
Allahabad Bank,Nevaeh Technology Pvt. Ltd.,1104,18
Allahabad Bank,PROTEX COMPUTER PVT LTD,78,0
Allahabad Bank,Radiant Haroti Industries India Ltd,1600,2
Allahabad Bank,Redim Software Technologies Pvt Ltd,4,0
Allahabad Bank,SGS INDIA PVT LTD,188,1
Allahabad Bank,Sri Ramraja Sarkar Lok Kalyan Trust,132,1
Allahabad Bank,VAP INFOSOLUTIONS,217,0
Allahabad Bank,Vakrangee Softwares Limited,11,0
Allahabad Bank,Vedavaag Systems Limited,1363,0
Bank Of India,A3 Logics  India  Ltd,979,6
Bank Of India,Akanksha International,3,1
Bank Of India,Blue Circle Instrument,25,0
Bank Of India,CHESSY CONSULTANTS PVT LTD,19,1
Bank Of India,DATASOFT COMPUTER SERVICES(P),2177,17
Bank Of India,Emdee Digitronics Pvt.Ltd.,224,1
Bank Of India,Frontech Systems Pvt Ltd,508,0
Bank Of India,ITI LIMITED,3,0
Bank Of India,Matrix Processing House,4,3
Bank Of India,OSWAL COMPUTERS & CONSULTANTS,359,40
Bank Of India,PROTEX COMPUTER PVT LTD,1067,60
Bank Of India,SARADA SYSTEMS,1648,13
Bank Of India,SHRIKRISHNA KHANDASARI SUGAR M,65,3
Bank Of India,SPANCO,0,3
Bank Of India,SREI INFRASTRUCTURE FINANCES L,8785,142
Bank Of India,Silver Touch Technologies Ltd,4,0
Bank Of India,Systematic & Advance Const P L,13,0
Bank Of India,VEETECHNOLOGIES PVT. LTD,1142,22
Bank Of India,Vakrangee Softwares Limited,34,0
Bank of Baroda,Global Finsol Private Limited,104,7
Bank of Maharashtra,FINANCIAL INFORMATION NETWORK,27,0
Bank of Maharashtra,Tera Software Ltd,1571,38
CSC e-Governance Services India Limited,A I Soc for Electronics and Comp Tech,13558,179
CSC e-Governance Services India Limited,AKSH OPTIFIBRE LIMITED,11940,98
CSC e-Governance Services India Limited,BASIX,2941,51
CSC e-Governance Services India Limited,CALANCE SOFTWARE PRIVATE LTD,231,3
CSC e-Governance Services India Limited,CHIPS,916,21
CSC e-Governance Services India Limited,CMS Computers Ltd,21215,152
CSC e-Governance Services India Limited,CSC e-Governance Services India Limited,95,1
CSC e-Governance Services India Limited,Conatus Infocom Pvt. Ltd,109,0
CSC e-Governance Services India Limited,DATASOFT COMPUTER SERVICES(P),540,2
CSC e-Governance Services India Limited,Home Life Buildcon Pvt Ltd,8,0
CSC e-Governance Services India Limited,IAP COMPANY Pvt. Ltd,510,1
CSC e-Governance Services India Limited,Intelligent Communication Sys India Ltd,42,1
CSC e-Governance Services India Limited,MANTRA SOFTTECH (INDIA) PVTLTD,553,5
CSC e-Governance Services India Limited,Mahaonline Limited,455,4
CSC e-Governance Services India Limited,NVR & ASSOCIATES LIMITED,2,0
CSC e-Governance Services India Limited,Nekton IT India Pvt Ltd.,449,17
CSC e-Governance Services India Limited,Network for Information & Computer,863,3
CSC e-Governance Services India Limited,Promind Solutions P Limited,352,1
CSC e-Governance Services India Limited,Reliance Communication Limited,8,0
CSC e-Governance Services India Limited,SPANCO,931,17
CSC e-Governance Services India Limited,SRR Infotech,206,11
CSC e-Governance Services India Limited,Sahaj e-Village Limited,12242,75
CSC e-Governance Services India Limited,Tera Software Ltd,1567,3
CSC e-Governance Services India Limited,United Telecoms e-Services Pvt Ltd,1708,16
CSC e-Governance Services India Limited,VIKALP MULTIMEDIA,272,3
CSC e-Governance Services India Limited,VISION COMPTECH INTEGRATOR LTD,31,0
CSC e-Governance Services India Limited,Vakrangee Softwares Limited,40,1
CSC e-Governance Services India Limited,Vayam technologies Ltd,5718,80
CSC e-Governance Services India Limited,Vedavaag Systems Limited,19842,93
CSC e-Governance Services India Limited,Zephyr System Pvt.Ltd.,2672,32
Canara Bank,FINANCIAL INFORMATION NETWORK,7529,69
Canara Bank,Karvy Data Management Services,22756,176
Canara Bank,Ojus Healthcare Private Limited,21,0
Canara Bank,Osiris Infotech Pvt. Ltd.,86,4
Canara Bank,Smart Chip Limited,4626,130
Canara Bank,Virinchi Technologies Ltd,2577,27
Central Bank of India,CALANCE SOFTWARE PRIVATE LTD,3,0
Central Bank of India,IAP COMPANY Pvt. Ltd,50,0
DENA BANK,77 Infosystems Pvt Ltd,1192,1
DENA BANK,A-Onerealtors Pvt Ltd,1007,8
DENA BANK,APEX Services,530,4
DENA BANK,AS International,2403,119
DENA BANK,ATISHAY INFOTECH PVT. LTD.,949,2
DENA BANK,AVVAS INFOTECH PVT  LTD,4793,26
DENA BANK,Asha Security Guard Services,1819,129
DENA BANK,BNR UDYOG LIMITED,162,28
DENA BANK,Binary Systems,142,1
DENA BANK,Bloom Solutions Pvt Ltd,11236,289
DENA BANK,Blue Circle Instrument,434,6
DENA BANK,Business Information Processing Services,278,20
DENA BANK,CALANCE SOFTWARE PRIVATE LTD,1759,13
DENA BANK,DATASOFT COMPUTER SERVICES(P),1371,347
DENA BANK,DEVASHISH SECURITIES PVT. LTD.,12,0
DENA BANK,Eagle Software India Pvt. Ltd,1735,44
DENA BANK,Emdee Digitronics Pvt.Ltd.,799,28
DENA BANK,FINANCIAL INFORMATION NETWORK,4079,241
DENA BANK,Gem Computers,476,4
DENA BANK,Gujarat Infotech Ltd.,131,0
DENA BANK,HyperSoft Technologies Ltd,19629,53
DENA BANK,IAP COMPANY Pvt. Ltd,12123,225
DENA BANK,India Computer Technology,425,138
DENA BANK,JNET Technologies Pvt.Ltd,403,2
DENA BANK,K W Consulting P Ltd,5919,43
DENA BANK,M/S STAR DATA CENTRE,252,0
DENA BANK,M/s Gold Square Builders & Promoters Pvt. Ltd.,4638,55
DENA BANK,MARS Telecom Systems Pvt Ltd,388,88
DENA BANK,MEGHA VINCOM PVT LTD,3844,111
DENA BANK,MKS Enterprises,1404,22
DENA BANK,Make India Smart Private Limited,118,1
DENA BANK,Multiwave Innovation,981,92
DENA BANK,NVR & ASSOCIATES LIMITED,1535,5
DENA BANK,Narayana Electricals Solution Pvt Ltd,2,0
DENA BANK,Netlink software Pvt Ltd,1617,11
DENA BANK,Nielsen  India  Private Limited,8917,166
DENA BANK,Offshoot Agency Pvt. Ltd.,1097,25
DENA BANK,Om Softwares,342,4
DENA BANK,Ortem Securities Limited,609,1
DENA BANK,Prodigy Systems and Services Private Limited,10,1
DENA BANK,Radiant Haroti Industries India Ltd,3866,17
DENA BANK,Ricoh India Limited,2340,12
DENA BANK,SGS INDIA PVT LTD,2440,41
DENA BANK,Silver Touch Technologies Ltd,1003,13
DENA BANK,Sixth Dimension Project Solutions Ltd,1136,1
DENA BANK,Soc for Advancement of Environ Science,43,1
DENA BANK,SoftAge Information Technology Limited,58,0
DENA BANK,Super Printers,2049,45
DENA BANK,Systematic & Advance Const P L,118,1
DENA BANK,TechSmart India Pvt Ltd,694,16
DENA BANK,Tera Software Ltd,10064,50
DENA BANK,The NSIC ltd,84,0
DENA BANK,Transline Technologies P Ltd,1795,11
DENA BANK,Utility Forms Pvt Ltd,460,11
DENA BANK,VAP INFOSOLUTIONS,3064,447
DENA BANK,VISION COMPTECH INTEGRATOR LTD,3609,42
DENA BANK,Vedavaag Systems Limited,7589,14
DENA BANK,Virinchi Technologies Ltd,6392,19
DENA BANK,WEBEL,5233,931
DENA BANK,Wipro Ltd,10343,573
DENA BANK,Yash Ornaments Pvt. Ltd,2792,305
DENA BANK,Zephyr System Pvt.Ltd.,8391,67
Delhi - East DC,DATASOFT COMPUTER SERVICES(P),1,0
Delhi - NE DC,Alankit Assignments Limited,1,0
Delhi - North DC,CALANCE SOFTWARE PRIVATE LTD,5,0
Delhi - North DC,NVR & ASSOCIATES LIMITED,3,0
Delhi - North DC,Smart Chip Limited,1,0
Delhi- South DC,Karvy Computershare Private Li,4,0
Department of Information Technology Govt of Jharkhand,MKS Enterprises,1,0
Department of Information Technology Govt of Jharkhand,Wipro Ltd,48,1
Dept of ITC Govt of Rajasthan,AKSH OPTIFIBRE LIMITED,28,0
Dept of ITC Govt of Rajasthan,ATISHAY INFOTECH PVT. LTD.,756,35
Dept of ITC Govt of Rajasthan,AVVAS INFOTECH PVT  LTD,20,0
Dept of ITC Govt of Rajasthan,Academy of Management Studies,8,0
Dept of ITC Govt of Rajasthan,Alankit Finsec Ltd,1,0
Dept of ITC Govt of Rajasthan,Binary Systems,126,4
Dept of ITC Govt of Rajasthan,Business Information Processing Services,769,22
Dept of ITC Govt of Rajasthan,CMS Computers Ltd,692,5
Dept of ITC Govt of Rajasthan,COMTECH INSTITUTE OFTECHNOLOGY,384,128
Dept of ITC Govt of Rajasthan,DATASOFT COMPUTER SERVICES(P),234,6
Dept of ITC Govt of Rajasthan,FINANCIAL INFORMATION NETWORK,1067,21
Dept of ITC Govt of Rajasthan,Gem Computers,33,0
Dept of ITC Govt of Rajasthan,Gujarat Infotech Ltd.,153,1
Dept of ITC Govt of Rajasthan,IAP COMPANY Pvt. Ltd,790,30
Dept of ITC Govt of Rajasthan,Karvy Data Management Services,1072,69
Dept of ITC Govt of Rajasthan,M/s Sanish Choudhary,758,5
Dept of ITC Govt of Rajasthan,MEGHA VINCOM PVT LTD,2937,130
Dept of ITC Govt of Rajasthan,Matrix Processing House,476,30
Dept of ITC Govt of Rajasthan,Multiwave Innovation,67,6
Dept of ITC Govt of Rajasthan,Osiris Infotech Pvt. Ltd.,1840,69
Dept of ITC Govt of Rajasthan,Radiant Haroti Industries India Ltd,5385,16
Dept of ITC Govt of Rajasthan,Radiant Info Systems Ltd,539,12
Dept of ITC Govt of Rajasthan,Ricoh India Limited,646,16
Dept of ITC Govt of Rajasthan,SAR Technology,47,5
Dept of ITC Govt of Rajasthan,SREI INFRASTRUCTURE FINANCES L,117,3
Dept of ITC Govt of Rajasthan,TechSmart India Pvt Ltd,134,2
Dept of ITC Govt of Rajasthan,Transline Technologies P Ltd,933,15
Dept of ITC Govt of Rajasthan,UMC Technologies Pvt. Ltd,153,1
Dept of ITC Govt of Rajasthan,VIRGO SOFTECH LIMITED,2,0
Dept of ITC Govt of Rajasthan,VISION COMPTECH INTEGRATOR LTD,279,1
Dept of ITC Govt of Rajasthan,Vakrangee Softwares Limited,2336,29
Dept of ITC Govt of Rajasthan,Vayam technologies Ltd,1006,7
FCR Govt of Haryana,4G INFORMATICS,17,0
FCR Govt of Haryana,Academy of Management Studies,112,3
FCR Govt of Haryana,Radiant Info Systems Ltd,124,4
FCR Govt of Haryana,SoftAge Information Technology Limited,542,10
FCR Govt of Haryana,Vakrangee Softwares Limited,2,0
FCR Govt of Haryana,Vayam technologies Ltd,912,44
FCS Govt of Punjab,CSS TECHNERGY LIMITED,4,0
FCS Govt of Punjab,District Sukhmani Society  Jalandhar  Punjab,5,0
FCS Govt of Punjab,District Sukhmani Society  Ludhiana  Punjab,4,0
FCS Govt of Punjab,District Sukhmani Society  Moga  Punjab,2,0
FCS Govt of Punjab,District Sukhmani Society Amritsar Punjab,2,0
FCS Govt of Punjab,District Sukhmani Society Bathinda Punjab,9,0
FCS Govt of Punjab,District Sukhmani Society Fatehgarh Sahib Punjab,2,0
FCS Govt of Punjab,District Sukhmani Society Ferozepur Punjab,5,0
FCS Govt of Punjab,District Sukhmani Society For Citizen Services Mansa Punjab,10,2
FCS Govt of Punjab,District Sukhmani Society For Citizen Services Nawanshahr Punjab,6,0
FCS Govt of Punjab,District Sukhmani Society For Citizen Services SAS Nagar District e-Governance Society Punjab,5,0
FCS Govt of Punjab,District Sukhmani Society Patiala Punjab,2,0
FCS Govt of Punjab,District Sukhmani Society Sangrur Punjab,4,0
FCS Govt of Punjab,District Sukhmani Society Sri Muktsar Sahib Punjab,4,0
FCS Govt of Punjab,District Sukhmani Society Tarn Taran Punjab,3,0
FCS Govt of Punjab,Diwakar Commercials Pvt Ltd,1,0
FCS Govt of Punjab,Karvy Computershare Private Li,28,0
FCS Govt of Punjab,Sukhmani Society For Citizen Services  Kapurthala  Punjab,2,0
FCS Govt of Punjab,Sukhmani Society For Citizen Services Gurdaspur Punjab,1,0
FCS Govt of Punjab,Sukhmani Society For Citizens Services Faridkot Punjab,5,0
FCS Govt of Punjab,Suwidha Society Hoshiarpur Punjab,6,0
FCS Govt of Punjab,Vayam technologies Ltd,22,4
FCS Govt of Punjab,eCentric solutions pvt ltd,101,2
Govt of Andhra Pradesh,Gouthami Educational Society,16,0
Govt of Andhra Pradesh,GrapeSoft,10,0
Govt of Andhra Pradesh,INFRONICS SYSTEMS LTD,8,0
Govt of Andhra Pradesh,TechSmart India Pvt Ltd,1,0
Govt of Andhra Pradesh,Tera Software Ltd,5,0
Govt of Gujarat,GSS Infotech Ltd,68,0
Govt of Gujarat,Karvy Computershare Private Li,619,11
Govt of Gujarat,Silver Touch Technologies Ltd,167,1
Govt of Gujarat,Tera Software Ltd,115,1
Govt of Gujarat,Transline Technologies P Ltd,54,1
Govt of Gujarat,Vayam technologies Ltd,18,2
Govt of Gujarat,eCentric solutions pvt ltd,47,0
Govt of Himachal Pradesh,i-Grandee SoftwareTechnologies,342,21
Govt of Karnataka ,BNR UDYOG LIMITED,9,0
Govt of Karnataka ,Bloom Solutions Pvt Ltd,2,0
Govt of Karnataka ,GLODYNE TECHNOSERVE,1,0
Govt of Karnataka ,Integra Micro Systems Pvt.ltd,4,0
Govt of Karnataka ,MARS Telecom Systems Pvt Ltd,3,0
Govt of Karnataka ,Ninestars Information Technologies Ltd,4,0
Govt of Karnataka ,Origin ITFS Pvt Ltd,25,0
Govt of Karnataka ,SREEVEN INFOCOM LIMITED,6,0
Govt of Kerala,Akshaya,1766,8
Govt of Kerala,Keltron,10,0
Govt of Madhya Pradesh,VIRGO SOFTECH LIMITED,4,0
Govt of Maharashtra,Adcc Infocad Pvt.Ltd Nagpur,1,0
Govt of Maharashtra,Alankit Finsec Ltd,9,0
Govt of Maharashtra,Bharat Technical Solutions Private Limited,4,0
Govt of Maharashtra,Eagle press pvt ltd,2,0
Govt of Maharashtra,GLODYNE TECHNOSERVE,2,0
Govt of Maharashtra,Karvy Computershare Private Li,6,23
Govt of Maharashtra,M/S King Computer System pvt Ltd,5,0
Govt of Maharashtra,M/s. Vidya Online  Pune,1,0
Govt of Maharashtra,Mahaonline Limited,3,0
Govt of Maharashtra,Narayana Electricals Solution Pvt Ltd,2,0
Govt of Maharashtra,Netlink software Pvt Ltd,20,0
Govt of Maharashtra,Rudranee Infotech Ltd,8,0
Govt of Maharashtra,SETU MAHARASHTRA,132,5
Govt of Maharashtra,SHREERAM PRINTING PRESS,2,0
Govt of Maharashtra,SILVER JUBILEE MOTORS LTD.,4,0
Govt of Maharashtra,STRATEGIC OUTSOURCING SERVICE,19,0
Govt of Maharashtra,Silver Touch Technologies Ltd,1,0
Govt of Maharashtra,TechSmart India Pvt Ltd,1,0
Govt of Maharashtra,Transline Technologies P Ltd,1,0
Govt of Maharashtra,Wipro Ltd,3,0
Govt of Sikkim - Dept of Econo,Department of Economics Statistics  Monitoring and Evaluation DESME,1,0
IDBI Bank ltd,ATISHAY INFOTECH PVT. LTD.,380,27
IDBI Bank ltd,Matrix Processing House,144,12
IDBI Bank ltd,SREEVEN INFOCOM LIMITED,65,3
IDBI Bank ltd,UTI TECHNOLOGY SERVICES LIMITE,1,0
Indian Bank,Redim Software Technologies Pvt Ltd,8,0
Indiapost,Delhi Integrated MMTS Ltd,2,0
Indiapost,Vayam technologies Ltd,50,7
Information Technology & Communication Department,4G INFORMATICS,2,0
Information Technology & Communication Department,BNR UDYOG LIMITED,1,0
Information Technology & Communication Department,Directorate of ESD,4778,234
Information Technology & Communication Department,JYOTHI COMPUTER SERVICES,4,0
Information Technology & Communication Department,MARS Telecom Systems Pvt Ltd,4,0
Information Technology & Communication Department,SREEVEN INFOCOM LIMITED,1,0
Information Technology & Communication Department,Tera Software Ltd,1,0
Jharkhand,Emdee Digitronics Pvt.Ltd.,1,0
Jharkhand,MKS Enterprises,0,1
Jharkhand,Nevaeh Technology Pvt. Ltd.,2,0
Jharkhand,Smart Chip Limited,0,1
Jharkhand,Wipro Ltd,28,0
NSDL e-Governance Infrastructure Limited,Abhipra Capital Ltd,692,21
NSDL e-Governance Infrastructure Limited,Alankit Assignments Limited,8,0
NSDL e-Governance Infrastructure Limited,Alankit Finsec Ltd,3707,58
NSDL e-Governance Infrastructure Limited,CALANCE SOFTWARE PRIVATE LTD,6,0
NSDL e-Governance Infrastructure Limited,COMTECHINFO SOLUTIONS PVT.LTD,2,0
NSDL e-Governance Infrastructure Limited,Gujarat Infotech Ltd.,6325,63
NSDL e-Governance Infrastructure Limited,IAP COMPANY Pvt. Ltd,731,6
NSDL e-Governance Infrastructure Limited,Karvy Data Management Services,98093,2116
NSDL e-Governance Infrastructure Limited,N.K. Sharma Enterprises Ltd.,102,2
NSDL e-Governance Infrastructure Limited,Netlink software Pvt Ltd,768,11
NSDL e-Governance Infrastructure Limited,Offshoot Agency Pvt. Ltd.,1839,10
NSDL e-Governance Infrastructure Limited,Ojus G Enterprises,3922,107
NSDL e-Governance Infrastructure Limited,Promind Solutions P Limited,6351,114
NSDL e-Governance Infrastructure Limited,RELIGARE SECURITIES LTD,5789,14
NSDL e-Governance Infrastructure Limited,Radiant Haroti Industries India Ltd,5591,106
NSDL e-Governance Infrastructure Limited,Ricoh India Limited,8115,1445
NSDL e-Governance Infrastructure Limited,Sri Ramraja Sarkar Lok Kalyan Trust,1662,21
NSDL e-Governance Infrastructure Limited,Utility Forms Pvt Ltd,5293,121
NSDL e-Governance Infrastructure Limited,VIRGO SOFTECH LIMITED,1817,3
Oriental Bank of Commerce,DATASOFT COMPUTER SERVICES(P),12,0
Oriental Bank of Commerce,Euro Finmart Ltd,1,0
Oriental Bank of Commerce,JNET Technologies Pvt.Ltd,4,0
Oriental Bank of Commerce,Redim Software Technologies Pvt Ltd,1,0
Oriental Bank of Commerce,Sri Ramraja Sarkar Lok Kalyan Trust,16,0
Oriental Bank of Commerce,Wipro Ltd,4,0
Principal Revenue Commissioner  Dept of Revenue  Govt of MP,Frontech Systems Pvt Ltd,2,0
Principal Revenue Commissioner  Dept of Revenue  Govt of MP,K W Consulting P Ltd,2,0
Principal Revenue Commissioner  Dept of Revenue  Govt of MP,Netlink software Pvt Ltd,3,0
Principal Revenue Commissioner  Dept of Revenue  Govt of MP,OSWAL COMPUTERS & CONSULTANTS,0,4
Principal Revenue Commissioner  Dept of Revenue  Govt of MP,Tera Software Ltd,1,0
Principal Revenue Commissioner  Dept of Revenue  Govt of MP,The NSIC ltd,2,0
Principal Revenue Commissioner  Dept of Revenue  Govt of MP,Vedavaag Systems Limited,17,0
Project Coordinator UID Project Madhya Pradesh,A I Soc for Electronics and Comp Tech,874,23
Project Coordinator UID Project Madhya Pradesh,DATASOFT COMPUTER SERVICES(P),35,0
Project Coordinator UID Project Madhya Pradesh,Matrix Processing House,125,0
Project Coordinator UID Project Madhya Pradesh,OSWAL COMPUTERS & CONSULTANTS,128,5
Project Coordinator UID Project Madhya Pradesh,Sixth Dimension Project Solutions Ltd,20,0
Punjab National Bank,Alankit Finsec Ltd,225,1
Punjab National Bank,Eagle Software India Pvt. Ltd,1065,4
Punjab National Bank,Smart Chip Limited,186,1
Punjab National Bank,Vayam technologies Ltd,534,0
Punjab and Sind Bank,Matrix Processing House,1000,45
Registrar General India BEL2,Alankit Assignments Limited,1,0
Registrar General India BEL2,Bharat Electronics Limited,3,0
Registrar General India BEL2,Chinar Construction Company Prime agency,18,0
Registrar General India BEL2,Computer LAB,10,0
Registrar General India BEL2,Emdee Digitronics Pvt.Ltd.,5,3
Registrar General India BEL2,In Media Computer Services LLP,333,0
Registrar General India BEL2,India Computer Technology,13,0
Registrar General India BEL2,Karvy Data Management Services,3162,5
Registrar General India BEL2,MACRO INFOTECH PVT LTD,32,0
Registrar General India BEL2,MKS Enterprises,3,3
Registrar General India BEL2,Madras Security Printers Ltd,1612,2
Registrar General India BEL2,Manipur Electronics Dev Corp,34,0
Registrar General India BEL2,Multiwave Innovation,44,4
Registrar General India BEL2,NVR & ASSOCIATES LIMITED,4,0
Registrar General India BEL2,Netlink software Pvt Ltd,15,0
Registrar General India BEL2,Nevaeh Technology Pvt. Ltd.,6,4
Registrar General India BEL2,Nielsen  India  Private Limited,9,0
Registrar General India BEL2,Om Softwares,24,0
Registrar General India BEL2,SNR Edatas Pvt Ltd,263,1
Registrar General India BEL2,SREI INFRASTRUCTURE FINANCES L,899,3
Registrar General India BEL2,STRATEGIC OUTSOURCING SERVICE,19,1
Registrar General India BEL2,Swathy Smartcards Hi-Tech Pvt,42,0
Registrar General India BEL2,Swiss Tech India Pvt Ltd,1,0
Registrar General India BEL2,Tera Software Ltd,77,4
Registrar General India BEL2,UNITED DATA SERVICES PRIVATE LIMITED,3605,2
Registrar General India BEL2,VIRGO SOFTECH LIMITED,2,0
Registrar General India BEL2,Vansh Infotech Pvt Ltd,6,0
Registrar General India BEL2,Vedavaag Systems Limited,19,0
Registrar General India BEL2,Viesa Technologies,3448,10
Registrar General India ECIL,AVVAS INFOTECH PVT  LTD,7,0
Registrar General India ECIL,BUSINESS INFORMATION PROCESSING SERVICES,3,0
Registrar General India ECIL,COMTECH INSTITUTE OFTECHNOLOGY,6,0
Registrar General India ECIL,COMTECHINFO SOLUTIONS PVT.LTD,2014,1647
Registrar General India ECIL,Chinar Construction Company Prime agency,240,0
Registrar General India ECIL,Computer LAB,3714,0
Registrar General India ECIL,Eagle Software India Pvt. Ltd,41954,140
Registrar General India ECIL,Esoft Consulting Limited,730,0
Registrar General India ECIL,In Media Computer Services LLP,305,1
Registrar General India ECIL,India Computer Technology,1029,0
Registrar General India ECIL,Integrated Systems & Services,24,0
Registrar General India ECIL,Karvy Data Management Services,136,3
Registrar General India ECIL,Krishna Infotech,9,0
Registrar General India ECIL,LYRA  CONSULTANCY SERVICE,151,0
Registrar General India ECIL,Madras Security Printers Ltd,3939,4
Registrar General India ECIL,Mphasis Ltd,913,42
Registrar General India ECIL,Nielsen  India  Private Limited,4,0
Registrar General India ECIL,SARADA SYSTEMS,18,0
Registrar General India ECIL,SWISSTECH NPR 57CR PROJECT PVT,102,0
Registrar General India ECIL,Tera Software Ltd,432,0
Registrar General India ECIL,Vedavaag Systems Limited,9,0
Registrar General India Others,Clairvoyance Technologies Pvt.,2,0
Registrar General India Others,WEBEL TECHNOLOGY LIMITED,0,2
Registrar General of India ITI,COMTECH INSTITUTE OFTECHNOLOGY,5,0
Registrar General of India ITI,CommunitiWorks Welfare Society,1,0
Registrar General of India ITI,Eagle Software India Pvt. Ltd,19,0
Registrar General of India ITI,Emdee Digitronics Pvt.Ltd.,2210,1
Registrar General of India ITI,FINANCIAL INFORMATION NETWORK,2,0
Registrar General of India ITI,In Media Computer Services LLP,34,0
Registrar General of India ITI,Karvy Data Management Services,21,0
Registrar General of India ITI,MKS Enterprises,2,0
Registrar General of India ITI,Madras Security Printers Ltd,310,2
Registrar General of India ITI,Mphasis Ltd,0,2
Registrar General of India ITI,Multiwave Innovation,1,0
Registrar General of India ITI,Netlink software Pvt Ltd,4,0
Registrar General of India ITI,Netwing Technologies Pvt Ltd,1304,0
Registrar General of India ITI,Nielsen  India  Private Limited,12,0
Registrar General of India ITI,PROTEX COMPUTER PVT LTD,3,0
Registrar General of India ITI,Quick Data IT Services Pvt Ltd,55,0
Registrar General of India ITI,SNR Edatas Pvt Ltd,1,0
Registrar General of India ITI,STRATEGIC OUTSOURCING SERVICE,4,0
Registrar General of India ITI,Swathy Smartcards Hi-Tech Pvt,33,0
Registrar General of India ITI,Swiss Tech India Pvt Ltd,1,0
Registrar General of India ITI,TechSmart India Pvt Ltd,1,0
Registrar General of India ITI,VIRGO SOFTECH LIMITED,28,1
Registrar General of India ITI,Vedavaag Systems Limited,647,0
Registrar General of India ITI,WEBEL TECHNOLOGY LIMITED,678,4
Registrar General of India ITI,Webx Technologies Private Limited,12,2
STATE BANK OF HYDERABAD,CSS TECHNERGY LIMITED,1,0
State Bank of Bikaner & Jaipur,Multiwave Innovation,13,1
State Bank of India,IL&FS LTD,1,0
UIDAI-Registrar,UIDAI-EA,3,0
Union Bank,FINANCIAL INFORMATION NETWORK,6649,333
Union Bank,Smart Chip Limited,1465,35
Union Bank,Vakrangee Softwares Limited,5074,53
