Registrar,Enrolment Agency,Aadhaar generated,Enrolment Rejected
Allahabad Bank,Asha Security Guard Services,3385,113
Allahabad Bank,Nevaeh Technology Pvt. Ltd.,737,116
Allahabad Bank,PROTEX COMPUTER PVT LTD,210,4
Allahabad Bank,Radiant Haroti Industries India Ltd,1474,77
Allahabad Bank,Redim Software Technologies Pvt Ltd,16,0
Allahabad Bank,SGS INDIA PVT LTD,3884,107
Allahabad Bank,Sri Ramraja Sarkar Lok Kalyan Trust,111,55
Allahabad Bank,VAP INFOSOLUTIONS,797,64
Allahabad Bank,Vedavaag Systems Limited,31,57
Bank Of India,A3 Logics  India  Ltd,40,184
Bank Of India,Akanksha International,49,7
Bank Of India,Blue Circle Instrument,41,0
Bank Of India,CHESSY CONSULTANTS PVT LTD,4,16
Bank Of India,DATASOFT COMPUTER SERVICES(P),609,135
Bank Of India,Emdee Digitronics Pvt.Ltd.,1,11
Bank Of India,Frontech Systems Pvt Ltd,8,192
Bank Of India,MANTRA SOFTTECH (INDIA) PVTLTD,5,0
Bank Of India,Matrix Processing House,3,1
Bank Of India,OSWAL COMPUTERS & CONSULTANTS,177,350
Bank Of India,PROTEX COMPUTER PVT LTD,409,137
Bank Of India,SARADA SYSTEMS,268,177
Bank Of India,SHRIKRISHNA KHANDASARI SUGAR M,4,4
Bank Of India,SREI INFRASTRUCTURE FINANCES L,4508,1044
Bank Of India,Silver Touch Technologies Ltd,3,1
Bank Of India,Systematic & Advance Const P L,2,2
Bank Of India,VEETECHNOLOGIES PVT. LTD,539,420
Bank Of India,Vakrangee Softwares Limited,4,0
Bank of Baroda,Global Finsol Private Limited,370,78
Bank of Maharashtra,FINANCIAL INFORMATION NETWORK,73,23
Bank of Maharashtra,Micro Technologies India Ltd,1,1
Bank of Maharashtra,Tera Software Ltd,442,475
CSC e-Governance Services India Limited,A I Soc for Electronics and Comp Tech,1155,3675
CSC e-Governance Services India Limited,AKSH OPTIFIBRE LIMITED,1784,5560
CSC e-Governance Services India Limited,BASIX,1081,2654
CSC e-Governance Services India Limited,CALANCE SOFTWARE PRIVATE LTD,127,104
CSC e-Governance Services India Limited,CHIPS,110,409
CSC e-Governance Services India Limited,CMS Computers Ltd,1714,5590
CSC e-Governance Services India Limited,CSC e-Governance Services India Limited,95,120
CSC e-Governance Services India Limited,Conatus Infocom Pvt. Ltd,6,299
CSC e-Governance Services India Limited,DATASOFT COMPUTER SERVICES(P),0,2
CSC e-Governance Services India Limited,Intelligent Communication Sys India Ltd,96,181
CSC e-Governance Services India Limited,MANTRA SOFTTECH (INDIA) PVTLTD,826,128
CSC e-Governance Services India Limited,Mahaonline Limited,402,226
CSC e-Governance Services India Limited,NVR & ASSOCIATES LIMITED,6,0
CSC e-Governance Services India Limited,Nekton IT India Pvt Ltd.,448,844
CSC e-Governance Services India Limited,Network for Information & Computer,246,80
CSC e-Governance Services India Limited,Reliance Communication Limited,1,11
CSC e-Governance Services India Limited,SPANCO,1247,726
CSC e-Governance Services India Limited,SRR Infotech,71,839
CSC e-Governance Services India Limited,Sahaj e-Village Limited,1010,5477
CSC e-Governance Services India Limited,Tera Software Ltd,79,35
CSC e-Governance Services India Limited,United Telecoms e-Services Pvt Ltd,94,2454
CSC e-Governance Services India Limited,VIKALP MULTIMEDIA,11,1083
CSC e-Governance Services India Limited,VISION COMPTECH INTEGRATOR LTD,22,0
CSC e-Governance Services India Limited,Vakrangee Softwares Limited,8,4
CSC e-Governance Services India Limited,Vayam technologies Ltd,1628,385
CSC e-Governance Services India Limited,Vedavaag Systems Limited,1297,2285
CSC e-Governance Services India Limited,Zephyr System Pvt.Ltd.,1535,1230
Canara Bank,FINANCIAL INFORMATION NETWORK,3665,1626
Canara Bank,Karvy Data Management Services,8947,1827
Canara Bank,Ojus Healthcare Private Limited,4,30
Canara Bank,Osiris Infotech Pvt. Ltd.,56,4
Canara Bank,Smart Chip Limited,3220,1011
Canara Bank,Virinchi Technologies Ltd,567,157
Central Bank of India,CALANCE SOFTWARE PRIVATE LTD,1,2
Central Bank of India,IAP COMPANY Pvt. Ltd,100,37
Central Bank of India,The Peerless General Finance,5,1
DENA BANK,77 Infosystems Pvt Ltd,979,21
DENA BANK,A-Onerealtors Pvt Ltd,290,216
DENA BANK,APEX Services,2014,106
DENA BANK,AS International,2555,131
DENA BANK,ATISHAY INFOTECH PVT. LTD.,346,96
DENA BANK,AVVAS INFOTECH PVT  LTD,1025,430
DENA BANK,Asha Security Guard Services,6578,302
DENA BANK,BNR UDYOG LIMITED,83,1
DENA BANK,Binary Systems,324,82
DENA BANK,Bloom Solutions Pvt Ltd,2513,1107
DENA BANK,Blue Circle Instrument,1402,64
DENA BANK,Business Information Processing Services,51,114
DENA BANK,CALANCE SOFTWARE PRIVATE LTD,581,577
DENA BANK,DATASOFT COMPUTER SERVICES(P),415,425
DENA BANK,DEVASHISH SECURITIES PVT. LTD.,57,14
DENA BANK,Eagle Software India Pvt. Ltd,1314,375
DENA BANK,Emdee Digitronics Pvt.Ltd.,16,245
DENA BANK,FINANCIAL INFORMATION NETWORK,3687,1172
DENA BANK,Gem Computers,952,195
DENA BANK,Gujarat Infotech Ltd.,116,10
DENA BANK,HyperSoft Technologies Ltd,12517,417
DENA BANK,IAP COMPANY Pvt. Ltd,4241,3026
DENA BANK,India Computer Technology,746,41
DENA BANK,JNET Technologies Pvt.Ltd,208,20
DENA BANK,K W Consulting P Ltd,454,3069
DENA BANK,M/S STAR DATA CENTRE,318,52
DENA BANK,M/s Gold Square Builders & Promoters Pvt. Ltd.,407,979
DENA BANK,MARS Telecom Systems Pvt Ltd,301,752
DENA BANK,MEGHA VINCOM PVT LTD,21910,786
DENA BANK,MKS Enterprises,796,201
DENA BANK,Make India Smart Private Limited,151,1365
DENA BANK,Multiwave Innovation,544,520
DENA BANK,NVR & ASSOCIATES LIMITED,661,121
DENA BANK,Narayana Electricals Solution Pvt Ltd,1,1
DENA BANK,Netlink software Pvt Ltd,908,361
DENA BANK,Nielsen  India  Private Limited,2061,1234
DENA BANK,Offshoot Agency Pvt. Ltd.,4795,140
DENA BANK,Ortem Securities Limited,248,188
DENA BANK,Prodigy Systems and Services Private Limited,29,98
DENA BANK,Radiant Haroti Industries India Ltd,5080,328
DENA BANK,Ricoh India Limited,1275,59
DENA BANK,SGS INDIA PVT LTD,9344,589
DENA BANK,Silver Touch Technologies Ltd,432,149
DENA BANK,Sixth Dimension Project Solutions Ltd,2578,41
DENA BANK,Soc for Advancement of Environ Science,13,65
DENA BANK,SoftAge Information Technology Limited,15,9
DENA BANK,Super Printers,7398,240
DENA BANK,Systematic & Advance Const P L,63,2
DENA BANK,TechSmart India Pvt Ltd,162,792
DENA BANK,Tera Software Ltd,2897,1897
DENA BANK,The NSIC ltd,2,24
DENA BANK,Transline Technologies P Ltd,1018,232
DENA BANK,Utility Forms Pvt Ltd,2135,47
DENA BANK,VAP INFOSOLUTIONS,11005,1377
DENA BANK,VISION COMPTECH INTEGRATOR LTD,643,395
DENA BANK,Vedavaag Systems Limited,607,4594
DENA BANK,Virinchi Technologies Ltd,7040,357
DENA BANK,WEBEL,1207,742
DENA BANK,Wipro Ltd,2827,1510
DENA BANK,Yash Ornaments Pvt. Ltd,1,0
DENA BANK,Zephyr System Pvt.Ltd.,11519,1357
Delhi - East DC,DATASOFT COMPUTER SERVICES(P),3,1
Delhi - North DC,CALANCE SOFTWARE PRIVATE LTD,3,1
Delhi - North DC,NVR & ASSOCIATES LIMITED,2,0
Delhi Urban Shelter Improvemen,Tera Software Ltd,0,1
Delhi- West DC,VIRGO SOFTECH LIMITED,3,0
Department of Information Technology Govt of Jharkhand,Blue Circle Instrument,1,0
Department of Information Technology Govt of Jharkhand,Wipro Ltd,5,10
Dept of ITC Govt of Rajasthan,AKSH OPTIFIBRE LIMITED,131,509
Dept of ITC Govt of Rajasthan,ATISHAY INFOTECH PVT. LTD.,740,461
Dept of ITC Govt of Rajasthan,AVVAS INFOTECH PVT  LTD,42,8
Dept of ITC Govt of Rajasthan,Academy of Management Studies,8,61
Dept of ITC Govt of Rajasthan,Alankit Finsec Ltd,1,1
Dept of ITC Govt of Rajasthan,Binary Systems,286,333
Dept of ITC Govt of Rajasthan,Business Information Processing Services,233,390
Dept of ITC Govt of Rajasthan,CMS Computers Ltd,73,2196
Dept of ITC Govt of Rajasthan,COMTECH INSTITUTE OFTECHNOLOGY,60,22
Dept of ITC Govt of Rajasthan,DATASOFT COMPUTER SERVICES(P),774,336
Dept of ITC Govt of Rajasthan,FINANCIAL INFORMATION NETWORK,652,1172
Dept of ITC Govt of Rajasthan,Gem Computers,228,282
Dept of ITC Govt of Rajasthan,Gujarat Infotech Ltd.,4,26
Dept of ITC Govt of Rajasthan,IAP COMPANY Pvt. Ltd,18,377
Dept of ITC Govt of Rajasthan,Karvy Data Management Services,31,371
Dept of ITC Govt of Rajasthan,MEGHA VINCOM PVT LTD,2739,718
Dept of ITC Govt of Rajasthan,Matrix Processing House,105,186
Dept of ITC Govt of Rajasthan,Multiwave Innovation,22,305
Dept of ITC Govt of Rajasthan,Netlink software Pvt Ltd,2,0
Dept of ITC Govt of Rajasthan,Osiris Infotech Pvt. Ltd.,453,230
Dept of ITC Govt of Rajasthan,Radiant Haroti Industries India Ltd,2714,567
Dept of ITC Govt of Rajasthan,Radiant Info Systems Ltd,21,96
Dept of ITC Govt of Rajasthan,Ricoh India Limited,875,170
Dept of ITC Govt of Rajasthan,SAR Technology,307,218
Dept of ITC Govt of Rajasthan,SREI INFRASTRUCTURE FINANCES L,117,49
Dept of ITC Govt of Rajasthan,TechSmart India Pvt Ltd,229,75
Dept of ITC Govt of Rajasthan,Transline Technologies P Ltd,109,223
Dept of ITC Govt of Rajasthan,UMC Technologies Pvt. Ltd,285,14
Dept of ITC Govt of Rajasthan,VIRGO SOFTECH LIMITED,3,0
Dept of ITC Govt of Rajasthan,VISION COMPTECH INTEGRATOR LTD,50,77
Dept of ITC Govt of Rajasthan,Vakrangee Softwares Limited,1490,506
Dept of ITC Govt of Rajasthan,Vayam technologies Ltd,149,364
FCR Govt of Haryana,4G INFORMATICS,16,0
FCR Govt of Haryana,Academy of Management Studies,74,124
FCR Govt of Haryana,Radiant Info Systems Ltd,89,66
FCR Govt of Haryana,SoftAge Information Technology Limited,498,390
FCR Govt of Haryana,Vakrangee Softwares Limited,1,2
FCR Govt of Haryana,Vayam technologies Ltd,54,28
FCS Govt of Punjab,District Sukhmani Society  Jalandhar  Punjab,21,13
FCS Govt of Punjab,District Sukhmani Society  Ludhiana  Punjab,14,49
FCS Govt of Punjab,District Sukhmani Society  Moga  Punjab,37,1
FCS Govt of Punjab,District Sukhmani Society Amritsar Punjab,26,32
FCS Govt of Punjab,District Sukhmani Society Barnala Punjab,5,24
FCS Govt of Punjab,District Sukhmani Society Bathinda Punjab,39,31
FCS Govt of Punjab,District Sukhmani Society Fatehgarh Sahib Punjab,8,9
FCS Govt of Punjab,District Sukhmani Society Fazilka Punjab,51,22
FCS Govt of Punjab,District Sukhmani Society Ferozepur Punjab,20,30
FCS Govt of Punjab,District Sukhmani Society For Citizen Services Mansa Punjab,10,23
FCS Govt of Punjab,District Sukhmani Society For Citizen Services Nawanshahr Punjab,21,14
FCS Govt of Punjab,District Sukhmani Society For Citizen Services SAS Nagar District e-Governance Society Punjab,51,11
FCS Govt of Punjab,District Sukhmani Society Pathankot Punjab,16,12
FCS Govt of Punjab,District Sukhmani Society Patiala Punjab,0,9
FCS Govt of Punjab,District Sukhmani Society Rupnagar Punjab,3,4
FCS Govt of Punjab,District Sukhmani Society Sangrur Punjab,36,17
FCS Govt of Punjab,District Sukhmani Society Sri Muktsar Sahib Punjab,38,8
FCS Govt of Punjab,District Sukhmani Society Tarn Taran Punjab,16,22
FCS Govt of Punjab,Karvy Computershare Private Li,4,8
FCS Govt of Punjab,Sukhmani Society For Citizen Services  Kapurthala  Punjab,38,8
FCS Govt of Punjab,Sukhmani Society For Citizen Services Gurdaspur Punjab,18,0
FCS Govt of Punjab,Sukhmani Society For Citizens Services Faridkot Punjab,24,26
FCS Govt of Punjab,Suwidha Society Hoshiarpur Punjab,102,17
FCS Govt of Punjab,Vayam technologies Ltd,31,23
FCS Govt of Punjab,eCentric solutions pvt ltd,183,67
Govt of Andhra Pradesh,Gouthami Educational Society,0,22
Govt of Andhra Pradesh,GrapeSoft,9,10
Govt of Andhra Pradesh,INFRONICS SYSTEMS LTD,3,1
Govt of Andhra Pradesh,SREEVEN INFOCOM LIMITED,1,2
Govt of Andhra Pradesh,TechSmart India Pvt Ltd,0,1
Govt of Andhra Pradesh,Tera Software Ltd,0,2
Govt of Gujarat,GSS Infotech Ltd,5,1
Govt of Gujarat,Karvy Computershare Private Li,529,28
Govt of Gujarat,Silver Touch Technologies Ltd,569,222
Govt of Gujarat,Tera Software Ltd,299,85
Govt of Gujarat,Transline Technologies P Ltd,7,2
Govt of Gujarat,Vayam technologies Ltd,263,20
Govt of Gujarat,eCentric solutions pvt ltd,350,15
Govt of Himachal Pradesh,Wipro Ltd,5,5
Govt of Himachal Pradesh,i-Grandee SoftwareTechnologies,7,116
Govt of Karnataka ,BNR UDYOG LIMITED,0,2
Govt of Karnataka ,Bloom Solutions Pvt Ltd,1,0
Govt of Karnataka ,MARS Telecom Systems Pvt Ltd,19,1
Govt of Karnataka ,Ninestars Information Technologies Ltd,7,0
Govt of Karnataka ,Origin ITFS Pvt Ltd,25,6
Govt of Karnataka ,Radiant Info Systems Ltd,1,0
Govt of Karnataka ,SREEVEN INFOCOM LIMITED,1,1
Govt of Kerala,Akshaya,1729,289
Govt of Kerala,Keltron,49,1
Govt of Maharashtra,Adcc Infocad Pvt.Ltd Nagpur,0,8
Govt of Maharashtra,Alankit Finsec Ltd,0,1
Govt of Maharashtra,Bharat Technical Solutions Private Limited,13,1
Govt of Maharashtra,Global Finsol Private Limited,3,0
Govt of Maharashtra,Karvy Computershare Private Li,6,3
Govt of Maharashtra,M/S King Computer System pvt Ltd,0,8
Govt of Maharashtra,M/s. Vidya Online  Pune,0,25
Govt of Maharashtra,Narayana Electricals Solution Pvt Ltd,0,2
Govt of Maharashtra,Netlink software Pvt Ltd,8,4
Govt of Maharashtra,Rudranee Infotech Ltd,1,8
Govt of Maharashtra,SETU MAHARASHTRA,57,101
Govt of Maharashtra,SHREERAM PRINTING PRESS,1,4
Govt of Maharashtra,SILVER JUBILEE MOTORS LTD.,13,23
Govt of Maharashtra,SPANCO,5,0
Govt of Maharashtra,STRATEGIC OUTSOURCING SERVICE,2,6
Govt of Maharashtra,Silver Touch Technologies Ltd,4,0
Govt of Maharashtra,TechSmart India Pvt Ltd,0,1
Govt of Maharashtra,Transline Technologies P Ltd,1,2
Govt of Maharashtra,Vidarbha Infotech Pvt Ltd,0,21
Govt of Maharashtra,Wipro Ltd,2,3
Govt of Sikkim - Dept of Econo,Department of Economics Statistics  Monitoring and Evaluation DESME,113,14
IDBI Bank ltd,ATISHAY INFOTECH PVT. LTD.,46,244
IDBI Bank ltd,Matrix Processing House,218,25
IDBI Bank ltd,SREEVEN INFOCOM LIMITED,125,38
IDBI Bank ltd,UTI TECHNOLOGY SERVICES LIMITE,8,2
Indiapost,Delhi Integrated MMTS Ltd,0,2
Indiapost,Global Finsol Private Limited,1,1
Indiapost,M/S STAR DATA CENTRE,6,0
Indiapost,MARS Telecom Systems Pvt Ltd,3,0
Indiapost,Vayam technologies Ltd,2,42
Information Technology & Communication Department,4G INFORMATICS,0,2
Information Technology & Communication Department,BNR UDYOG LIMITED,0,1
Information Technology & Communication Department,Bloom Solutions Pvt Ltd,0,1
Information Technology & Communication Department,Directorate of ESD,1264,4984
Information Technology & Communication Department,JYOTHI COMPUTER SERVICES,6,14
Information Technology & Communication Department,MARS Telecom Systems Pvt Ltd,1,42
Information Technology & Communication Department,SREEVEN INFOCOM LIMITED,3,1
Jharkhand,MKS Enterprises,2,0
Jharkhand,VISION COMPTECH INTEGRATOR LTD,1,0
Jharkhand,Wipro Ltd,9,19
Mission Convergence - GNCT Del,Karvy Computershare Private Li,0,1
Mission Convergence - GNCT Del,NVR & ASSOCIATES LIMITED,1,0
NSDL e-Governance Infrastructure Limited,Abhipra Capital Ltd,245,223
NSDL e-Governance Infrastructure Limited,Alankit Assignments Limited,23,2
NSDL e-Governance Infrastructure Limited,Alankit Finsec Ltd,2228,1315
NSDL e-Governance Infrastructure Limited,COMTECHINFO SOLUTIONS PVT.LTD,32,2
NSDL e-Governance Infrastructure Limited,Gujarat Infotech Ltd.,2159,708
NSDL e-Governance Infrastructure Limited,IAP COMPANY Pvt. Ltd,18,65
NSDL e-Governance Infrastructure Limited,INTEGRATED REGISTRY SERVICES LTD,1,0
NSDL e-Governance Infrastructure Limited,Karvy Data Management Services,15175,12320
NSDL e-Governance Infrastructure Limited,N.K. Sharma Enterprises Ltd.,182,20
NSDL e-Governance Infrastructure Limited,Netlink software Pvt Ltd,196,94
NSDL e-Governance Infrastructure Limited,Offshoot Agency Pvt. Ltd.,5491,202
NSDL e-Governance Infrastructure Limited,Ojus G Enterprises,1459,36
NSDL e-Governance Infrastructure Limited,PROWIZ MANSYTEMS PVT LTD,23,3
NSDL e-Governance Infrastructure Limited,Promind Solutions P Limited,5590,770
NSDL e-Governance Infrastructure Limited,RELIGARE SECURITIES LTD,4571,271
NSDL e-Governance Infrastructure Limited,Radiant Haroti Industries India Ltd,4278,99
NSDL e-Governance Infrastructure Limited,Ricoh India Limited,6539,989
NSDL e-Governance Infrastructure Limited,Sri Ramraja Sarkar Lok Kalyan Trust,491,267
NSDL e-Governance Infrastructure Limited,Utility Forms Pvt Ltd,20848,481
NSDL e-Governance Infrastructure Limited,VIRGO SOFTECH LIMITED,1303,457
Oriental Bank of Commerce,DATASOFT COMPUTER SERVICES(P),13,2
Oriental Bank of Commerce,Sri Ramraja Sarkar Lok Kalyan Trust,41,9
Oriental Bank of Commerce,Wipro Ltd,23,4
Principal Revenue Commissioner  Dept of Revenue  Govt of MP,Frontech Systems Pvt Ltd,5,0
Principal Revenue Commissioner  Dept of Revenue  Govt of MP,GDC Advertising Pvt. Limited,21,0
Principal Revenue Commissioner  Dept of Revenue  Govt of MP,K W Consulting P Ltd,41,21
Principal Revenue Commissioner  Dept of Revenue  Govt of MP,LYRA  CONSULTANCY SERVICE,26,0
Principal Revenue Commissioner  Dept of Revenue  Govt of MP,Netlink software Pvt Ltd,12,2
Principal Revenue Commissioner  Dept of Revenue  Govt of MP,OSWAL COMPUTERS & CONSULTANTS,8,1
Principal Revenue Commissioner  Dept of Revenue  Govt of MP,Tera Software Ltd,7,0
Principal Revenue Commissioner  Dept of Revenue  Govt of MP,Vedavaag Systems Limited,32,83
Project Coordinator UID Project Madhya Pradesh,A I Soc for Electronics and Comp Tech,25,11
Project Coordinator UID Project Madhya Pradesh,DATASOFT COMPUTER SERVICES(P),0,1
Project Coordinator UID Project Madhya Pradesh,LYRA  CONSULTANCY SERVICE,0,2
Project Coordinator UID Project Madhya Pradesh,Matrix Processing House,0,3
Project Coordinator UID Project Madhya Pradesh,OSWAL COMPUTERS & CONSULTANTS,3,121
Punjab National Bank,Alankit Finsec Ltd,0,1
Punjab National Bank,Eagle Software India Pvt. Ltd,911,420
Punjab National Bank,Smart Chip Limited,3,40
Punjab National Bank,Vayam technologies Ltd,51,50
Punjab and Sind Bank,Matrix Processing House,911,395
Registrar General India BEL2,4G INFORMATICS,7,0
Registrar General India BEL2,Alankit Assignments Limited,4,0
Registrar General India BEL2,Bharat Electronics Limited,144,0
Registrar General India BEL2,Chinar Construction Company Prime agency,6,1
Registrar General India BEL2,Computer LAB,22,2
Registrar General India BEL2,Eagle Software India Pvt. Ltd,1,0
Registrar General India BEL2,Emdee Digitronics Pvt.Ltd.,63,2
Registrar General India BEL2,In Media Computer Services LLP,23,0
Registrar General India BEL2,India Computer Technology,49,1
Registrar General India BEL2,Karvy Data Management Services,87,116
Registrar General India BEL2,MACRO INFOTECH PVT LTD,6,19
Registrar General India BEL2,MKS Enterprises,9,21
Registrar General India BEL2,Madras Security Printers Ltd,935,96
Registrar General India BEL2,Manipur Electronics Dev Corp,76,23
Registrar General India BEL2,Multiwave Innovation,171,16
Registrar General India BEL2,NVR & ASSOCIATES LIMITED,9,0
Registrar General India BEL2,Netlink software Pvt Ltd,18,6
Registrar General India BEL2,Nevaeh Technology Pvt. Ltd.,24,0
Registrar General India BEL2,Nielsen  India  Private Limited,62,84
Registrar General India BEL2,Om Softwares,86,4
Registrar General India BEL2,SREI INFRASTRUCTURE FINANCES L,67,454
Registrar General India BEL2,STRATEGIC OUTSOURCING SERVICE,506,2
Registrar General India BEL2,Satyanarayana Raju Company Pvt ltd,1411,152
Registrar General India BEL2,Swathy Smartcards Hi-Tech Pvt,46,7
Registrar General India BEL2,Tera Software Ltd,248,46
Registrar General India BEL2,Urmila Info solution,1,0
Registrar General India BEL2,VIRGO SOFTECH LIMITED,3,0
Registrar General India BEL2,Vansh Infotech Pvt Ltd,6,15
Registrar General India BEL2,Vayam technologies Ltd,0,1
Registrar General India BEL2,Vedavaag Systems Limited,64,262
Registrar General India BEL2,Viesa Technologies,2188,372
Registrar General India BEL2,WEBEL,25,0
Registrar General India ECIL,AVVAS INFOTECH PVT  LTD,35,4
Registrar General India ECIL,COMTECH INSTITUTE OFTECHNOLOGY,33,0
Registrar General India ECIL,COMTECHINFO SOLUTIONS PVT.LTD,1689,194
Registrar General India ECIL,Chinar Construction Company Prime agency,68,103
Registrar General India ECIL,Computer LAB,619,1576
Registrar General India ECIL,Eagle Software India Pvt. Ltd,2429,340
Registrar General India ECIL,Gundal Infotech Private Limited,2,0
Registrar General India ECIL,In Media Computer Services LLP,289,25
Registrar General India ECIL,India Computer Technology,18,256
Registrar General India ECIL,Integrated Systems & Services,5,1
Registrar General India ECIL,Karvy Data Management Services,1022,57
Registrar General India ECIL,LYRA  CONSULTANCY SERVICE,52,21
Registrar General India ECIL,Madras Security Printers Ltd,1493,551
Registrar General India ECIL,Mphasis Ltd,120,26
Registrar General India ECIL,Nielsen  India  Private Limited,91,4
Registrar General India ECIL,Pioneer E Labs limited,2,0
Registrar General India ECIL,SARADA SYSTEMS,42,99
Registrar General India ECIL,SWISSTECH NPR 57CR PROJECT PVT,8,138
Registrar General India ECIL,Tera Software Ltd,199,32
Registrar General India ECIL,VEETECHNOLOGIES PVT. LTD,5,0
Registrar General India ECIL,Vedavaag Systems Limited,19,54
Registrar General India Others,Clairvoyance Technologies Pvt.,2,1
Registrar General India Others,Computer LAB,0,2
Registrar General of India ITI,Eagle Software India Pvt. Ltd,29,3
Registrar General of India ITI,Emdee Digitronics Pvt.Ltd.,1819,162
Registrar General of India ITI,FINANCIAL INFORMATION NETWORK,14,0
Registrar General of India ITI,In Media Computer Services LLP,7,5
Registrar General of India ITI,Karvy Data Management Services,211,30
Registrar General of India ITI,MACRO INFOTECH PVT LTD,5,0
Registrar General of India ITI,MKS Enterprises,2,1
Registrar General of India ITI,Madras Security Printers Ltd,97,66
Registrar General of India ITI,Mphasis Ltd,2,3
Registrar General of India ITI,Multiwave Innovation,2,0
Registrar General of India ITI,Netlink software Pvt Ltd,7,5
Registrar General of India ITI,Nielsen  India  Private Limited,76,3
Registrar General of India ITI,PROTEX COMPUTER PVT LTD,4,0
Registrar General of India ITI,Quick Data IT Services Pvt Ltd,19,20
Registrar General of India ITI,SREI INFRASTRUCTURE FINANCES L,8,0
Registrar General of India ITI,STRATEGIC OUTSOURCING SERVICE,2,1
Registrar General of India ITI,Satyanarayana Raju Company Pvt ltd,7,2
Registrar General of India ITI,Swathy Smartcards Hi-Tech Pvt,2696,1
Registrar General of India ITI,Swiss Tech India Pvt Ltd,7,0
Registrar General of India ITI,VIRGO SOFTECH LIMITED,80,68
Registrar General of India ITI,Vedavaag Systems Limited,47,46
Registrar General of India ITI,WEBEL TECHNOLOGY LIMITED,571,410
Registrar General of India ITI,Webx Technologies Private Limited,23,45
State Bank of Bikaner & Jaipur,Multiwave Innovation,1,3
State Bank of Travancore,Tera Software Ltd,1,0
UIDAI-Registrar,UIDAI-EA,131,15
UT of Puducherry,Madras Security Printers Ltd,1,0
Union Bank,FINANCIAL INFORMATION NETWORK,1932,4834
Union Bank,Smart Chip Limited,237,250
Union Bank,Vakrangee Softwares Limited,1281,539
