Registrar,Enrolment Agency,Aadhaar generated,Enrolment Rejected
Allahabad Bank,A-Onerealtors Pvt Ltd,9,0
Allahabad Bank,Asha Security Guard Services,3324,248
Allahabad Bank,Nevaeh Technology Pvt. Ltd.,1835,121
Allahabad Bank,PROTEX COMPUTER PVT LTD,0,1
Allahabad Bank,Radiant Haroti Industries India Ltd,105,56
Allahabad Bank,Redim Software Technologies Pvt Ltd,4,55
Allahabad Bank,SGS INDIA PVT LTD,61,23
Allahabad Bank,Sri Ramraja Sarkar Lok Kalyan Trust,188,9
Allahabad Bank,Vakrangee Softwares Limited,0,6
Allahabad Bank,Vedavaag Systems Limited,436,1
Bank Of India,A3 Logics  India  Ltd,237,138
Bank Of India,Akanksha International,7,1
Bank Of India,Blue Circle Instrument,1,2
Bank Of India,CHESSY CONSULTANTS PVT LTD,13,9
Bank Of India,DATASOFT COMPUTER SERVICES(P),133,138
Bank Of India,Emdee Digitronics Pvt.Ltd.,13,3
Bank Of India,Frontech Systems Pvt Ltd,85,124
Bank Of India,OSWAL COMPUTERS & CONSULTANTS,368,260
Bank Of India,PROTEX COMPUTER PVT LTD,619,91
Bank Of India,SARADA SYSTEMS,1230,381
Bank Of India,SHRIKRISHNA KHANDASARI SUGAR M,6,3
Bank Of India,SPANCO,0,3
Bank Of India,SREI INFRASTRUCTURE FINANCES L,6933,921
Bank Of India,Silver Touch Technologies Ltd,0,2
Bank Of India,Systematic & Advance Const P L,0,2
Bank Of India,VEETECHNOLOGIES PVT. LTD,1183,229
Bank Of India,Vakrangee Softwares Limited,0,3
Bank of Baroda,Global Finsol Private Limited,774,113
Bank of Maharashtra,FINANCIAL INFORMATION NETWORK,2,2
Bank of Maharashtra,Tera Software Ltd,410,312
CSC e-Governance Services India Limited,A I Soc for Electronics and Comp Tech,11525,800
CSC e-Governance Services India Limited,AKSH OPTIFIBRE LIMITED,7958,734
CSC e-Governance Services India Limited,BASIX,1934,627
CSC e-Governance Services India Limited,CALANCE SOFTWARE PRIVATE LTD,319,104
CSC e-Governance Services India Limited,CHIPS,7149,441
CSC e-Governance Services India Limited,CMS Computers Ltd,11231,1396
CSC e-Governance Services India Limited,CSC e-Governance Services India Limited,73,49
CSC e-Governance Services India Limited,Conatus Infocom Pvt. Ltd,684,35
CSC e-Governance Services India Limited,DATASOFT COMPUTER SERVICES(P),5,10
CSC e-Governance Services India Limited,Intelligent Communication Sys India Ltd,140,13
CSC e-Governance Services India Limited,MANTRA SOFTTECH (INDIA) PVTLTD,544,176
CSC e-Governance Services India Limited,Mahaonline Limited,335,198
CSC e-Governance Services India Limited,NVR & ASSOCIATES LIMITED,1,1
CSC e-Governance Services India Limited,Nekton IT India Pvt Ltd.,7968,547
CSC e-Governance Services India Limited,Network for Information & Computer,205,32
CSC e-Governance Services India Limited,Promind Solutions P Limited,0,1
CSC e-Governance Services India Limited,Reliance Communication Limited,1,0
CSC e-Governance Services India Limited,SPANCO,1508,341
CSC e-Governance Services India Limited,SRR Infotech,3364,206
CSC e-Governance Services India Limited,Sahaj e-Village Limited,31133,580
CSC e-Governance Services India Limited,Tera Software Ltd,138,11
CSC e-Governance Services India Limited,United Telecoms e-Services Pvt Ltd,1046,189
CSC e-Governance Services India Limited,VIKALP MULTIMEDIA,344,58
CSC e-Governance Services India Limited,VISION COMPTECH INTEGRATOR LTD,46,8
CSC e-Governance Services India Limited,Vakrangee Softwares Limited,4,4
CSC e-Governance Services India Limited,Vayam technologies Ltd,5586,566
CSC e-Governance Services India Limited,Vedavaag Systems Limited,22028,308
CSC e-Governance Services India Limited,Zephyr System Pvt.Ltd.,1164,633
Canara Bank,FINANCIAL INFORMATION NETWORK,4675,1017
Canara Bank,Karvy Data Management Services,10438,1346
Canara Bank,Ojus Healthcare Private Limited,131,9
Canara Bank,Osiris Infotech Pvt. Ltd.,9,1
Canara Bank,Smart Chip Limited,6185,1836
Canara Bank,Virinchi Technologies Ltd,1543,179
Central Bank of India,CALANCE SOFTWARE PRIVATE LTD,0,8
Central Bank of India,IAP COMPANY Pvt. Ltd,48,45
Central Bank of India,The Peerless General Finance,1,0
DENA BANK,77 Infosystems Pvt Ltd,195,84
DENA BANK,A-Onerealtors Pvt Ltd,1183,338
DENA BANK,APEX Services,519,109
DENA BANK,AS International,120,88
DENA BANK,ATISHAY INFOTECH PVT. LTD.,196,87
DENA BANK,AVVAS INFOTECH PVT  LTD,2203,315
DENA BANK,Asha Security Guard Services,1012,394
DENA BANK,BNR UDYOG LIMITED,277,45
DENA BANK,Binary Systems,108,241
DENA BANK,Bloom Solutions Pvt Ltd,8924,1941
DENA BANK,Blue Circle Instrument,438,166
DENA BANK,Business Information Processing Services,37,39
DENA BANK,CALANCE SOFTWARE PRIVATE LTD,547,372
DENA BANK,DATASOFT COMPUTER SERVICES(P),450,78
DENA BANK,DEVASHISH SECURITIES PVT. LTD.,168,16
DENA BANK,Eagle Software India Pvt. Ltd,125,247
DENA BANK,Emdee Digitronics Pvt.Ltd.,3741,162
DENA BANK,FINANCIAL INFORMATION NETWORK,3498,1403
DENA BANK,Gem Computers,83,52
DENA BANK,Gujarat Infotech Ltd.,1,2
DENA BANK,HyperSoft Technologies Ltd,3737,263
DENA BANK,IAP COMPANY Pvt. Ltd,10972,1772
DENA BANK,India Computer Technology,1955,568
DENA BANK,JNET Technologies Pvt.Ltd,82,18
DENA BANK,K W Consulting P Ltd,4994,418
DENA BANK,M/S STAR DATA CENTRE,259,64
DENA BANK,M/s Gold Square Builders & Promoters Pvt. Ltd.,3177,112
DENA BANK,MARS Telecom Systems Pvt Ltd,1344,459
DENA BANK,MEGHA VINCOM PVT LTD,1956,672
DENA BANK,MKS Enterprises,3436,80
DENA BANK,Make India Smart Private Limited,11602,212
DENA BANK,Multiwave Innovation,332,132
DENA BANK,NVR & ASSOCIATES LIMITED,1152,396
DENA BANK,Narayana Electricals Solution Pvt Ltd,0,1
DENA BANK,Netlink software Pvt Ltd,1060,249
DENA BANK,Nielsen  India  Private Limited,4311,1499
DENA BANK,Offshoot Agency Pvt. Ltd.,1153,177
DENA BANK,Om Softwares,652,8
DENA BANK,Ortem Securities Limited,251,92
DENA BANK,Prodigy Systems and Services Private Limited,48,132
DENA BANK,Radiant Haroti Industries India Ltd,631,551
DENA BANK,Ricoh India Limited,328,36
DENA BANK,SGS INDIA PVT LTD,1482,753
DENA BANK,Silver Touch Technologies Ltd,307,179
DENA BANK,Sixth Dimension Project Solutions Ltd,176,14
DENA BANK,Soc for Advancement of Environ Science,133,6
DENA BANK,SoftAge Information Technology Limited,16,50
DENA BANK,Super Printers,1539,423
DENA BANK,Systematic & Advance Const P L,47,14
DENA BANK,TechSmart India Pvt Ltd,381,245
DENA BANK,Tera Software Ltd,4633,842
DENA BANK,The NSIC ltd,19,4
DENA BANK,Transline Technologies P Ltd,457,109
DENA BANK,Utility Forms Pvt Ltd,221,44
DENA BANK,VAP INFOSOLUTIONS,5023,1313
DENA BANK,VISION COMPTECH INTEGRATOR LTD,2068,400
DENA BANK,Vedavaag Systems Limited,10461,100
DENA BANK,Virinchi Technologies Ltd,853,375
DENA BANK,WEBEL,3433,1304
DENA BANK,Wipro Ltd,8933,3923
DENA BANK,Yash Ornaments Pvt. Ltd,9,1
DENA BANK,Zephyr System Pvt.Ltd.,2955,1396
Delhi - East DC,DATASOFT COMPUTER SERVICES(P),1,3
Delhi - NE DC,Smart Chip Limited,1,1
Delhi - NE DC,Smart ID,1,0
Delhi - North DC,CALANCE SOFTWARE PRIVATE LTD,1,7
Delhi - North DC,NVR & ASSOCIATES LIMITED,0,2
Delhi - North DC,Smart Chip Limited,0,1
Delhi SW DC,VIRGO SOFTECH LIMITED,0,4
Delhi- West DC,VIRGO SOFTECH LIMITED,1,8
Delhi-NW DC,Karvy Computershare Private Li,0,1
Department of Information Technology Govt of Jharkhand,Wipro Ltd,2,1
Dept of ITC Govt of Rajasthan,AKSH OPTIFIBRE LIMITED,425,17
Dept of ITC Govt of Rajasthan,ATISHAY INFOTECH PVT. LTD.,563,207
Dept of ITC Govt of Rajasthan,AVVAS INFOTECH PVT  LTD,0,10
Dept of ITC Govt of Rajasthan,Academy of Management Studies,13,6
Dept of ITC Govt of Rajasthan,Alankit Finsec Ltd,0,2
Dept of ITC Govt of Rajasthan,Binary Systems,221,284
Dept of ITC Govt of Rajasthan,Business Information Processing Services,25,41
Dept of ITC Govt of Rajasthan,CMS Computers Ltd,738,298
Dept of ITC Govt of Rajasthan,COMTECH INSTITUTE OFTECHNOLOGY,197,61
Dept of ITC Govt of Rajasthan,DATASOFT COMPUTER SERVICES(P),1050,262
Dept of ITC Govt of Rajasthan,FINANCIAL INFORMATION NETWORK,797,228
Dept of ITC Govt of Rajasthan,Gem Computers,80,125
Dept of ITC Govt of Rajasthan,Gujarat Infotech Ltd.,13,7
Dept of ITC Govt of Rajasthan,IAP COMPANY Pvt. Ltd,109,131
Dept of ITC Govt of Rajasthan,Karvy Data Management Services,479,419
Dept of ITC Govt of Rajasthan,MEGHA VINCOM PVT LTD,293,293
Dept of ITC Govt of Rajasthan,Matrix Processing House,77,68
Dept of ITC Govt of Rajasthan,Multiwave Innovation,11,21
Dept of ITC Govt of Rajasthan,Netlink software Pvt Ltd,1,0
Dept of ITC Govt of Rajasthan,Osiris Infotech Pvt. Ltd.,550,600
Dept of ITC Govt of Rajasthan,Radiant Haroti Industries India Ltd,1030,493
Dept of ITC Govt of Rajasthan,Radiant Info Systems Ltd,186,60
Dept of ITC Govt of Rajasthan,Ricoh India Limited,327,174
Dept of ITC Govt of Rajasthan,SAR Technology,70,110
Dept of ITC Govt of Rajasthan,SREI INFRASTRUCTURE FINANCES L,35,54
Dept of ITC Govt of Rajasthan,TechSmart India Pvt Ltd,23,55
Dept of ITC Govt of Rajasthan,Transline Technologies P Ltd,46,205
Dept of ITC Govt of Rajasthan,UMC Technologies Pvt. Ltd,119,42
Dept of ITC Govt of Rajasthan,VIRGO SOFTECH LIMITED,1,0
Dept of ITC Govt of Rajasthan,VISION COMPTECH INTEGRATOR LTD,2,18
Dept of ITC Govt of Rajasthan,Vakrangee Softwares Limited,768,558
Dept of ITC Govt of Rajasthan,Vayam technologies Ltd,1017,104
FCR Govt of Haryana,4G INFORMATICS,0,2
FCR Govt of Haryana,Academy of Management Studies,189,328
FCR Govt of Haryana,Radiant Info Systems Ltd,150,72
FCR Govt of Haryana,SoftAge Information Technology Limited,1821,669
FCR Govt of Haryana,Vakrangee Softwares Limited,0,1
FCR Govt of Haryana,Vayam technologies Ltd,105,196
FCS Govt of Punjab,CSS TECHNERGY LIMITED,0,1
FCS Govt of Punjab,District Sukhmani Society  Jalandhar  Punjab,17,25
FCS Govt of Punjab,District Sukhmani Society  Ludhiana  Punjab,59,24
FCS Govt of Punjab,District Sukhmani Society  Moga  Punjab,1,2
FCS Govt of Punjab,District Sukhmani Society Amritsar Punjab,25,14
FCS Govt of Punjab,District Sukhmani Society Barnala Punjab,13,7
FCS Govt of Punjab,District Sukhmani Society Bathinda Punjab,40,14
FCS Govt of Punjab,District Sukhmani Society Fatehgarh Sahib Punjab,36,10
FCS Govt of Punjab,District Sukhmani Society Fazilka Punjab,13,8
FCS Govt of Punjab,District Sukhmani Society Ferozepur Punjab,2,1
FCS Govt of Punjab,District Sukhmani Society For Citizen Services Mansa Punjab,11,6
FCS Govt of Punjab,District Sukhmani Society For Citizen Services Nawanshahr Punjab,27,7
FCS Govt of Punjab,District Sukhmani Society For Citizen Services SAS Nagar District e-Governance Society Punjab,23,6
FCS Govt of Punjab,District Sukhmani Society Pathankot Punjab,11,2
FCS Govt of Punjab,District Sukhmani Society Patiala Punjab,27,12
FCS Govt of Punjab,District Sukhmani Society Rupnagar Punjab,35,5
FCS Govt of Punjab,District Sukhmani Society Sangrur Punjab,52,6
FCS Govt of Punjab,District Sukhmani Society Sri Muktsar Sahib Punjab,11,17
FCS Govt of Punjab,District Sukhmani Society Tarn Taran Punjab,2,4
FCS Govt of Punjab,Karvy Computershare Private Li,83,13
FCS Govt of Punjab,Sukhmani Society For Citizen Services  Kapurthala  Punjab,57,7
FCS Govt of Punjab,Sukhmani Society For Citizen Services Gurdaspur Punjab,0,2
FCS Govt of Punjab,Sukhmani Society For Citizens Services Faridkot Punjab,25,10
FCS Govt of Punjab,Suwidha Society Hoshiarpur Punjab,34,4
FCS Govt of Punjab,Vayam technologies Ltd,29,14
FCS Govt of Punjab,eCentric solutions pvt ltd,503,36
Govt of Andhra Pradesh,Gouthami Educational Society,33,10
Govt of Andhra Pradesh,GrapeSoft,6,2
Govt of Andhra Pradesh,IL&FS LTD,0,2
Govt of Andhra Pradesh,INFRONICS SYSTEMS LTD,1,1
Govt of Andhra Pradesh,TechSmart India Pvt Ltd,1,4
Govt of Andhra Pradesh,Tera Software Ltd,0,12
Govt of Gujarat,GSS Infotech Ltd,0,1
Govt of Gujarat,Karvy Computershare Private Li,648,128
Govt of Gujarat,Silver Touch Technologies Ltd,836,87
Govt of Gujarat,Tera Software Ltd,291,40
Govt of Gujarat,Vayam technologies Ltd,48,9
Govt of Gujarat,eCentric solutions pvt ltd,1,8
Govt of Himachal Pradesh,Wipro Ltd,0,1
Govt of Himachal Pradesh,i-Grandee SoftwareTechnologies,189,96
Govt of Karnataka ,MARS Telecom Systems Pvt Ltd,0,1
Govt of Karnataka ,Ninestars Information Technologies Ltd,0,5
Govt of Karnataka ,Origin ITFS Pvt Ltd,0,9
Govt of Karnataka ,SREEVEN INFOCOM LIMITED,1,6
Govt of Kerala,Akshaya,1349,241
Govt of Kerala,Keltron,2,1
Govt of Maharashtra,Adcc Infocad Pvt.Ltd Nagpur,0,1
Govt of Maharashtra,Alankit Finsec Ltd,0,3
Govt of Maharashtra,Karvy Computershare Private Li,3,2
Govt of Maharashtra,M/s. Vidya Online  Pune,6,2
Govt of Maharashtra,Narayana Electricals Solution Pvt Ltd,0,2
Govt of Maharashtra,Netlink software Pvt Ltd,2,2
Govt of Maharashtra,Rudranee Infotech Ltd,2,25
Govt of Maharashtra,SETU MAHARASHTRA,95,20
Govt of Maharashtra,SHREERAM PRINTING PRESS,9,1
Govt of Maharashtra,SILVER JUBILEE MOTORS LTD.,23,8
Govt of Maharashtra,SPANCO,0,2
Govt of Maharashtra,STRATEGIC OUTSOURCING SERVICE,1,4
Govt of Maharashtra,Silver Touch Technologies Ltd,1,0
Govt of Maharashtra,TechSmart India Pvt Ltd,1,0
Govt of Maharashtra,Transline Technologies P Ltd,1,0
Govt of Maharashtra,Vidarbha Infotech Pvt Ltd,3,1
Govt of Maharashtra,Wipro Ltd,1,0
Govt of Sikkim - Dept of Econo,Department of Economics Statistics  Monitoring and Evaluation DESME,45,6
IDBI Bank ltd,ATISHAY INFOTECH PVT. LTD.,127,164
IDBI Bank ltd,Matrix Processing House,1369,84
IDBI Bank ltd,SREEVEN INFOCOM LIMITED,82,26
Indiapost,Delhi Integrated MMTS Ltd,0,33
Indiapost,Global Finsol Private Limited,0,1
Indiapost,M/S STAR DATA CENTRE,0,1
Indiapost,MARS Telecom Systems Pvt Ltd,0,6
Indiapost,Vayam technologies Ltd,577,70
Information Technology & Communication Department,4G INFORMATICS,0,1
Information Technology & Communication Department,BNR UDYOG LIMITED,0,3
Information Technology & Communication Department,CSS TECHNERGY LIMITED,0,1
Information Technology & Communication Department,Directorate of ESD,2799,3998
Information Technology & Communication Department,JYOTHI COMPUTER SERVICES,2,7
Information Technology & Communication Department,MARS Telecom Systems Pvt Ltd,3,16
Information Technology & Communication Department,SREEVEN INFOCOM LIMITED,0,7
Information Technology & Communication Department,Tera Software Ltd,0,2
Jharkhand,Emdee Digitronics Pvt.Ltd.,0,6
Jharkhand,MKS Enterprises,0,3
Jharkhand,Nevaeh Technology Pvt. Ltd.,0,1
Jharkhand,Smart Chip Limited,0,1
Jharkhand,Systematic & Advance Const P L,0,2
Jharkhand,VISION COMPTECH INTEGRATOR LTD,1,0
Jharkhand,Wipro Ltd,7,16
NSDL e-Governance Infrastructure Limited,Abhipra Capital Ltd,2765,175
NSDL e-Governance Infrastructure Limited,Alankit Assignments Limited,2,24
NSDL e-Governance Infrastructure Limited,Alankit Finsec Ltd,2076,520
NSDL e-Governance Infrastructure Limited,Gujarat Infotech Ltd.,2360,442
NSDL e-Governance Infrastructure Limited,IAP COMPANY Pvt. Ltd,315,36
NSDL e-Governance Infrastructure Limited,Karvy Data Management Services,57893,11020
NSDL e-Governance Infrastructure Limited,N.K. Sharma Enterprises Ltd.,50,109
NSDL e-Governance Infrastructure Limited,Netlink software Pvt Ltd,320,76
NSDL e-Governance Infrastructure Limited,Offshoot Agency Pvt. Ltd.,1370,301
NSDL e-Governance Infrastructure Limited,Ojus G Enterprises,616,165
NSDL e-Governance Infrastructure Limited,Promind Solutions P Limited,3654,2182
NSDL e-Governance Infrastructure Limited,RELIGARE SECURITIES LTD,410,57
NSDL e-Governance Infrastructure Limited,Radiant Haroti Industries India Ltd,812,333
NSDL e-Governance Infrastructure Limited,Ricoh India Limited,2711,530
NSDL e-Governance Infrastructure Limited,Sri Ramraja Sarkar Lok Kalyan Trust,3294,294
NSDL e-Governance Infrastructure Limited,Utility Forms Pvt Ltd,4900,679
NSDL e-Governance Infrastructure Limited,VIRGO SOFTECH LIMITED,901,220
Oriental Bank of Commerce,DATASOFT COMPUTER SERVICES(P),0,2
Oriental Bank of Commerce,Euro Finmart Ltd,1,1
Oriental Bank of Commerce,JNET Technologies Pvt.Ltd,4,2
Oriental Bank of Commerce,Redim Software Technologies Pvt Ltd,1,0
Oriental Bank of Commerce,Sri Ramraja Sarkar Lok Kalyan Trust,13,8
Oriental Bank of Commerce,Wipro Ltd,0,1
Principal Revenue Commissioner  Dept of Revenue  Govt of MP,GDC Advertising Pvt. Limited,0,2
Principal Revenue Commissioner  Dept of Revenue  Govt of MP,K W Consulting P Ltd,0,5
Principal Revenue Commissioner  Dept of Revenue  Govt of MP,LYRA  CONSULTANCY SERVICE,0,3
Principal Revenue Commissioner  Dept of Revenue  Govt of MP,Netlink software Pvt Ltd,0,1
Principal Revenue Commissioner  Dept of Revenue  Govt of MP,OSWAL COMPUTERS & CONSULTANTS,0,4
Principal Revenue Commissioner  Dept of Revenue  Govt of MP,Tera Software Ltd,0,1
Principal Revenue Commissioner  Dept of Revenue  Govt of MP,The NSIC ltd,0,1
Principal Revenue Commissioner  Dept of Revenue  Govt of MP,Vedavaag Systems Limited,11,13
Project Coordinator UID Project Madhya Pradesh,A I Soc for Electronics and Comp Tech,474,6
Project Coordinator UID Project Madhya Pradesh,DATASOFT COMPUTER SERVICES(P),4,0
Project Coordinator UID Project Madhya Pradesh,LYRA  CONSULTANCY SERVICE,1,2
Project Coordinator UID Project Madhya Pradesh,Matrix Processing House,68,11
Project Coordinator UID Project Madhya Pradesh,OSWAL COMPUTERS & CONSULTANTS,157,70
Project Coordinator UID Project Madhya Pradesh,Sixth Dimension Project Solutions Ltd,1,2
Punjab National Bank,Alankit Finsec Ltd,25,2
Punjab National Bank,Eagle Software India Pvt. Ltd,709,243
Punjab National Bank,Smart Chip Limited,154,22
Punjab National Bank,Vayam technologies Ltd,276,39
Punjab and Sind Bank,Matrix Processing House,1114,358
Registrar General India BEL2,Computer LAB,1,1
Registrar General India BEL2,Emdee Digitronics Pvt.Ltd.,1,0
Registrar General India BEL2,In Media Computer Services LLP,35,1
Registrar General India BEL2,India Computer Technology,1,0
Registrar General India BEL2,Karvy Data Management Services,22,218
Registrar General India BEL2,MACRO INFOTECH PVT LTD,0,2
Registrar General India BEL2,MKS Enterprises,27,6
Registrar General India BEL2,Madras Security Printers Ltd,6,43
Registrar General India BEL2,Manipur Electronics Dev Corp,125,0
Registrar General India BEL2,Multiwave Innovation,3,9
Registrar General India BEL2,Netlink software Pvt Ltd,27,3
Registrar General India BEL2,Nielsen  India  Private Limited,2,0
Registrar General India BEL2,Om Softwares,63,1
Registrar General India BEL2,SREI INFRASTRUCTURE FINANCES L,791,20
Registrar General India BEL2,STRATEGIC OUTSOURCING SERVICE,0,1
Registrar General India BEL2,Satyanarayana Raju Company Pvt ltd,417,54
Registrar General India BEL2,Swathy Smartcards Hi-Tech Pvt,4,1
Registrar General India BEL2,Tera Software Ltd,985,10
Registrar General India BEL2,UNITED DATA SERVICES PRIVATE LIMITED,274,5
Registrar General India BEL2,Vansh Infotech Pvt Ltd,1,0
Registrar General India BEL2,Vedavaag Systems Limited,363,1
Registrar General India BEL2,Viesa Technologies,452,120
Registrar General India ECIL,AVVAS INFOTECH PVT  LTD,3,5
Registrar General India ECIL,COMTECHINFO SOLUTIONS PVT.LTD,5684,2870
Registrar General India ECIL,Chinar Construction Company Prime agency,5,8
Registrar General India ECIL,Computer LAB,277,98
Registrar General India ECIL,Eagle Software India Pvt. Ltd,6920,343
Registrar General India ECIL,Gundal Infotech Private Limited,1,0
Registrar General India ECIL,In Media Computer Services LLP,5,10
Registrar General India ECIL,India Computer Technology,138,95
Registrar General India ECIL,Integrated Systems & Services,109,0
Registrar General India ECIL,Karvy Data Management Services,297,91
Registrar General India ECIL,Krishna Infotech,0,1
Registrar General India ECIL,LYRA  CONSULTANCY SERVICE,31,18
Registrar General India ECIL,Madras Security Printers Ltd,11204,320
Registrar General India ECIL,Mphasis Ltd,718,0
Registrar General India ECIL,Nielsen  India  Private Limited,0,1
Registrar General India ECIL,SARADA SYSTEMS,0,9
Registrar General India ECIL,SWISSTECH NPR 57CR PROJECT PVT,301,2
Registrar General India ECIL,Tera Software Ltd,1,5
Registrar General India ECIL,Vedavaag Systems Limited,7,3
Registrar General India Others,COMTECH INSTITUTE OFTECHNOLOGY,0,1
Registrar General India Others,Clairvoyance Technologies Pvt.,0,1
Registrar General of India ITI,COMTECH INSTITUTE OFTECHNOLOGY,4,16
Registrar General of India ITI,Eagle Software India Pvt. Ltd,0,5
Registrar General of India ITI,Emdee Digitronics Pvt.Ltd.,9,29
Registrar General of India ITI,Karvy Data Management Services,1,9
Registrar General of India ITI,Madras Security Printers Ltd,14,47
Registrar General of India ITI,Netlink software Pvt Ltd,12,1
Registrar General of India ITI,Nielsen  India  Private Limited,1,0
Registrar General of India ITI,Quick Data IT Services Pvt Ltd,40,9
Registrar General of India ITI,STRATEGIC OUTSOURCING SERVICE,4,23
Registrar General of India ITI,Swathy Smartcards Hi-Tech Pvt,8,1901
Registrar General of India ITI,Swiss Tech India Pvt Ltd,1,0
Registrar General of India ITI,VIRGO SOFTECH LIMITED,129,16
Registrar General of India ITI,Vedavaag Systems Limited,1,0
Registrar General of India ITI,WEBEL TECHNOLOGY LIMITED,357,553
Registrar General of India ITI,Webx Technologies Private Limited,23,2
State Bank of Travancore,Tera Software Ltd,0,1
UIDAI-Registrar,UIDAI-EA,38,1
UT of Puducherry,Madras Security Printers Ltd,1,3
Union Bank,FINANCIAL INFORMATION NETWORK,9277,3336
Union Bank,Smart Chip Limited,881,508
Union Bank,Vakrangee Softwares Limited,3212,858
