Registrar,Enrolment Agency,Aadhaar generated,Enrolment Rejected
Allahabad Bank,A-Onerealtors Pvt Ltd,1908,395
Allahabad Bank,Agro Tech Engineers,77,2
Allahabad Bank,Asha Security Guard Services,3893,308
Allahabad Bank,Ayush Enterprises,232,7
Allahabad Bank,Corporate India Facilities Pvt Ltd,126,8
Allahabad Bank,Emdee Digitronics Pvt.Ltd.,58,54
Allahabad Bank,MEGHA VINCOM PVT LTD,816,61
Allahabad Bank,Nevaeh Technology Pvt. Ltd.,3443,1437
Allahabad Bank,Ortem Securities Limited,171,18
Allahabad Bank,PROTEX COMPUTER PVT LTD,427,26
Allahabad Bank,Redim Software Technologies Pvt Ltd,342,14
Allahabad Bank,SGS INDIA PVT LTD,2680,286
Allahabad Bank,Transmoovers India,189,20
Allahabad Bank,VAP INFOSOLUTIONS,478,102
Allahabad Bank,Vedavaag Systems Limited,1414,83
Atalji Janasnehi Directorate  Government of Karnataka,Atalji Janasnehi Directorate  GOK,10115,1763
Bank Of India,A3 Logics  India  Ltd,497,182
Bank Of India,Blue Circle Instrument,0,1
Bank Of India,CHESSY CONSULTANTS PVT LTD,300,4
Bank Of India,DATASOFT COMPUTER SERVICES(P),574,183
Bank Of India,Frontech Systems Pvt Ltd,831,76
Bank Of India,OSWAL COMPUTERS & CONSULTANTS,961,81
Bank Of India,PROTEX COMPUTER PVT LTD,353,43
Bank Of India,SARADA SYSTEMS,3251,601
Bank Of India,SHRIKRISHNA KHANDASARI SUGAR M,3,2
Bank Of India,SREI INFRASTRUCTURE FINANCES L,11497,1531
Bank Of India,VEETECHNOLOGIES PVT. LTD,4523,510
Bank Of India,VIRGO SOFTECH LIMITED,0,1
Bank of Baroda,DATASOFT COMPUTER SERVICES(P),1,0
Bank of Baroda,Global Finsol Private Limited,6,0
Bank of Baroda,IL&FS LTD,3,0
Bank of Maharashtra,Tera Software Ltd,729,234
CSC e-Governance Services India Limited,A I Soc for Electronics and Comp Tech,13811,913
CSC e-Governance Services India Limited,A-Onerealtors Pvt Ltd,162,11
CSC e-Governance Services India Limited,AKSH OPTIFIBRE LIMITED,20572,1182
CSC e-Governance Services India Limited,APOnline Limited,264,33
CSC e-Governance Services India Limited,Alankit Limited,385,19
CSC e-Governance Services India Limited,Amar Constructions,2879,289
CSC e-Governance Services India Limited,BASIX,15795,1298
CSC e-Governance Services India Limited,Binary Systems,753,46
CSC e-Governance Services India Limited,Bloom Solutions Pvt Ltd,1595,263
CSC e-Governance Services India Limited,CALANCE SOFTWARE PRIVATE LTD,1702,201
CSC e-Governance Services India Limited,CHIPS,15002,843
CSC e-Governance Services India Limited,CMS Computers Ltd,69472,3174
CSC e-Governance Services India Limited,CSC e-Governance Services India Limited,37429,3599
CSC e-Governance Services India Limited,Computer Print,2450,212
CSC e-Governance Services India Limited,Conatus Infocom Pvt. Ltd,753,60
CSC e-Governance Services India Limited,DATASOFT COMPUTER SERVICES(P),4658,638
CSC e-Governance Services India Limited,Digitcom Systems Pvt. Ltd.,3311,84
CSC e-Governance Services India Limited,Ecartes Technology Pvt. Ltd,182,2
CSC e-Governance Services India Limited,Estex Telecom Pvt Ltd,2413,116
CSC e-Governance Services India Limited,Excel Technovation Pvt. Ltd,153,5
CSC e-Governance Services India Limited,Gem Computers,74,17
CSC e-Governance Services India Limited,Home Life Buildcon Pvt Ltd,6822,528
CSC e-Governance Services India Limited,HyperSoft Technologies Ltd,2688,251
CSC e-Governance Services India Limited,IAP COMPANY Pvt. Ltd,23190,3424
CSC e-Governance Services India Limited,Janta Silikon Consortium,5796,377
CSC e-Governance Services India Limited,Jeevan Deep Charitable Society,2157,105
CSC e-Governance Services India Limited,K W Consulting P Ltd,3,7
CSC e-Governance Services India Limited,MANTRA SOFTTECH (INDIA) PVTLTD,4765,385
CSC e-Governance Services India Limited,MEGHA VINCOM PVT LTD,1858,115
CSC e-Governance Services India Limited,Mahamritunjay Traders,7606,374
CSC e-Governance Services India Limited,Mahaonline Limited,5461,600
CSC e-Governance Services India Limited,Murano India Pvt Ltd,2505,118
CSC e-Governance Services India Limited,NPS Technologies Pvt. Ltd,31590,1386
CSC e-Governance Services India Limited,NVR & ASSOCIATES LIMITED,2871,363
CSC e-Governance Services India Limited,National Cooperative Consumers Federation of India Limited,4,14
CSC e-Governance Services India Limited,Nekton IT India Pvt Ltd.,11520,337
CSC e-Governance Services India Limited,Netlink software Pvt Ltd,881,27
CSC e-Governance Services India Limited,Network for Information & Computer,5886,379
CSC e-Governance Services India Limited,Prakash Computer Services,1599,39
CSC e-Governance Services India Limited,Promind Solutions P Limited,4744,746
CSC e-Governance Services India Limited,Radiant Haroti Industries India Ltd,10671,777
CSC e-Governance Services India Limited,Raj Construction Co.,2548,273
CSC e-Governance Services India Limited,SGS INDIA PVT LTD,820,81
CSC e-Governance Services India Limited,SPANCO,2247,370
CSC e-Governance Services India Limited,SRR Infotech,1938,104
CSC e-Governance Services India Limited,Sahaj e-Village Limited,6638,430
CSC e-Governance Services India Limited,Saket Advertising Pvt. Ltd,271,5
CSC e-Governance Services India Limited,Sri Ramraja Sarkar Lok Kalyan Trust,205,10
CSC e-Governance Services India Limited,Super Printers,264,56
CSC e-Governance Services India Limited,Tera Software Ltd,6464,778
CSC e-Governance Services India Limited,Twinstar Industries Ltd.,2139,166
CSC e-Governance Services India Limited,United Telecoms e-Services Pvt Ltd,6351,562
CSC e-Governance Services India Limited,VIKALP MULTIMEDIA,1456,147
CSC e-Governance Services India Limited,VISION COMPTECH INTEGRATOR LTD,1816,136
CSC e-Governance Services India Limited,Vayam technologies Ltd,7613,335
CSC e-Governance Services India Limited,Vedavaag Systems Limited,17186,577
CSC e-Governance Services India Limited,Vigilant Corporate Services Pvt Ltd,377,18
CSC e-Governance Services India Limited,Virinchi Technologies Ltd,1511,91
CSC e-Governance Services India Limited,Yash Ornaments Pvt. Ltd,2595,140
CSC e-Governance Services India Limited,Zephyr System Pvt.Ltd.,16924,1251
Canara Bank,FINANCIAL INFORMATION NETWORK,6740,1202
Canara Bank,Karvy Data Management Services,4341,1489
Canara Bank,Ojus Healthcare Private Limited,106,43
Canara Bank,Osiris Infotech Pvt. Ltd.,353,34
Canara Bank,Smart Chip Limited,2321,75
Canara Bank,Virinchi Technologies Ltd,10401,798
Central Bank of India,IAP COMPANY Pvt. Ltd,4,0
Central Bank of India,IL&FS LTD,3,0
Central Bank of India,SREI INFRASTRUCTURE FINANCES L,2,0
Central Bank of India,The Peerless General Finance,3,0
Civil Supplies - A&N Islands,India Computer Technology,2665,193
DENA BANK,77 Infosystems Pvt Ltd,220,210
DENA BANK,A-Onerealtors Pvt Ltd,509,67
DENA BANK,APEX Services,1523,248
DENA BANK,AS International,1033,108
DENA BANK,ATISHAY INFOTECH PVT. LTD.,3898,538
DENA BANK,AVVAS INFOTECH PVT  LTD,3584,715
DENA BANK,Advent Infomax Private Ltd,431,27
DENA BANK,Akhil Bhartiya Majdoor Shiksha Sewa Samiti,42,1
DENA BANK,Amar Constructions,1273,116
DENA BANK,Apnatech Consultancy Services Pvt Ltd,233,30
DENA BANK,Asha Security Guard Services,2817,281
DENA BANK,Asray Gram,483,70
DENA BANK,BNR UDYOG LIMITED,7,2
DENA BANK,Binary Systems,1062,84
DENA BANK,Bloom Solutions Pvt Ltd,3901,255
DENA BANK,Blue Circle Instrument,713,36
DENA BANK,Business Information Processing Services,1451,140
DENA BANK,CALANCE SOFTWARE PRIVATE LTD,1425,178
DENA BANK,City Hawks Manpower Services & Consultancy,1003,29
DENA BANK,DATASOFT COMPUTER SERVICES(P),939,298
DENA BANK,Eagle Software India Pvt. Ltd,1168,80
DENA BANK,Ecartes Technology Pvt. Ltd,1860,86
DENA BANK,FINANCIAL INFORMATION NETWORK,2013,217
DENA BANK,Gem Computers,6,5
DENA BANK,Gujarat Infotech Ltd.,5585,174
DENA BANK,HyperSoft Technologies Ltd,0,2
DENA BANK,IAP COMPANY Pvt. Ltd,8441,903
DENA BANK,India Computer Technology,202,50
DENA BANK,JNET Technologies Pvt.Ltd,77,8
DENA BANK,Jeevan Deep Charitable Society,85,26
DENA BANK,K W Consulting P Ltd,346,63
DENA BANK,Lankipalli Integrated Services Private Limited,1,5
DENA BANK,M/S STAR DATA CENTRE,975,24
DENA BANK,M/s Gold Square Builders & Promoters Pvt. Ltd.,1567,150
DENA BANK,M2C Private Solution,2,2
DENA BANK,MARS Telecom Systems Pvt Ltd,475,182
DENA BANK,MEGHA VINCOM PVT LTD,1018,263
DENA BANK,MKS Enterprises,486,53
DENA BANK,Make India Smart Private Limited,1797,222
DENA BANK,Multiwave Innovation,1056,223
DENA BANK,NVR & ASSOCIATES LIMITED,1620,375
DENA BANK,Netlink software Pvt Ltd,10912,939
DENA BANK,Nielsen  India  Private Limited,8833,3306
DENA BANK,Offshoot Agency Pvt. Ltd.,139,20
DENA BANK,Ojus G Enterprises,508,6
DENA BANK,Om Softwares,651,238
DENA BANK,Ortem Securities Limited,259,39
DENA BANK,Ricoh India Limited,462,131
DENA BANK,SGS INDIA PVT LTD,419,95
DENA BANK,Silver Touch Technologies Ltd,2785,113
DENA BANK,Sixth Dimension Project Solutions Ltd,181,84
DENA BANK,Soc for Advancement of Environ Science,271,24
DENA BANK,SoftAge Information Technology Limited,245,34
DENA BANK,Super Printers,2318,271
DENA BANK,Systematic & Advance Const P L,0,1
DENA BANK,TechSmart India Pvt Ltd,1546,119
DENA BANK,Tera Software Ltd,1,1
DENA BANK,The NSIC ltd,2,2
DENA BANK,Transline Technologies P Ltd,132,18
DENA BANK,UT Computers Educational & Welfare Soc,22,13
DENA BANK,Utility Forms Pvt Ltd,537,1
DENA BANK,VAP INFOSOLUTIONS,3459,247
DENA BANK,VISION COMPTECH INTEGRATOR LTD,3636,826
DENA BANK,Vedavaag Systems Limited,1771,75
DENA BANK,Virinchi Technologies Ltd,1393,409
DENA BANK,WEBEL,1548,766
DENA BANK,Wipro Ltd,14069,7692
DENA BANK,Yash Ornaments Pvt. Ltd,16,6
DENA BANK,Zephyr System Pvt.Ltd.,5097,528
Delhi - Central DC,Smart Chip Limited,1,0
Delhi - East DC,Tera Software Ltd,2,0
Delhi - NE DC,Smart ID,2,0
Delhi - North DC,DATASOFT COMPUTER SERVICES(P),1,0
Delhi - North DC,Smart Chip Limited,2,0
Delhi SW DC,STRATEGIC OUTSOURCING SERVICE,5,0
Delhi- South DC,Tera Software Ltd,3,0
Delhi- West DC,Matrix Processing House,1,0
Delhi- West DC,VIRGO SOFTECH LIMITED,2,0
Delhi-NW DC,Karvy Computershare Private Li,9,0
Delhi-NW DC,STRATEGIC OUTSOURCING SERVICE,1,0
Dept of ITC Govt of Rajasthan,ATISHAY INFOTECH PVT. LTD.,0,2
Dept of ITC Govt of Rajasthan,Academy of Management Studies,20,2
Dept of ITC Govt of Rajasthan,Business Information Processing Services,110,5
Dept of ITC Govt of Rajasthan,CMS Computers Ltd,595,110
Dept of ITC Govt of Rajasthan,COMTECH INSTITUTE OFTECHNOLOGY,892,55
Dept of ITC Govt of Rajasthan,DATASOFT COMPUTER SERVICES(P),583,99
Dept of ITC Govt of Rajasthan,FINANCIAL INFORMATION NETWORK,1093,384
Dept of ITC Govt of Rajasthan,IAP COMPANY Pvt. Ltd,54,60
Dept of ITC Govt of Rajasthan,Karvy Data Management Services,598,100
Dept of ITC Govt of Rajasthan,M/s Sanish Choudhary,465,25
Dept of ITC Govt of Rajasthan,MEGHA VINCOM PVT LTD,117,36
Dept of ITC Govt of Rajasthan,Matrix Processing House,210,10
Dept of ITC Govt of Rajasthan,Multiwave Innovation,58,12
Dept of ITC Govt of Rajasthan,Osiris Infotech Pvt. Ltd.,1,0
Dept of ITC Govt of Rajasthan,Radiant Info Systems Ltd,53,10
Dept of ITC Govt of Rajasthan,Rajcomp Info Services Ltd,3574,333
Dept of ITC Govt of Rajasthan,Ricoh India Limited,333,30
Dept of ITC Govt of Rajasthan,SAR Technology,635,36
Dept of ITC Govt of Rajasthan,SREI INFRASTRUCTURE FINANCES L,20,11
Dept of ITC Govt of Rajasthan,TechSmart India Pvt Ltd,747,18
Dept of ITC Govt of Rajasthan,Transline Technologies P Ltd,9,64
Dept of ITC Govt of Rajasthan,UMC Technologies Pvt. Ltd,44,7
Dept of ITC Govt of Rajasthan,VIRGO SOFTECH LIMITED,1442,110
Dept of ITC Govt of Rajasthan,VISION COMPTECH INTEGRATOR LTD,1,0
Dept of ITC Govt of Rajasthan,Vakrangee Softwares Limited,1175,231
Dept of ITC Govt of Rajasthan,Vayam technologies Ltd,0,1
FCR Govt of Haryana,4G INFORMATICS,13,2
FCR Govt of Haryana,Academy of Management Studies,123,29
FCR Govt of Haryana,District IT Society Ambala,123,19
FCR Govt of Haryana,District IT Society Bhiwani,129,16
FCR Govt of Haryana,District IT Society Faridabad,256,32
FCR Govt of Haryana,District IT Society Fatehabad,1075,51
FCR Govt of Haryana,District IT Society Gurgaon,45,10
FCR Govt of Haryana,District IT Society Hisar,442,72
FCR Govt of Haryana,District IT Society Jhajjar,611,68
FCR Govt of Haryana,District IT Society Kaithal,31,55
FCR Govt of Haryana,District IT Society Karnal,360,27
FCR Govt of Haryana,District IT Society Kurukshetra,112,26
FCR Govt of Haryana,District IT Society Mahendragarh,186,46
FCR Govt of Haryana,District IT Society Mewat,452,61
FCR Govt of Haryana,District IT Society Palwal,148,67
FCR Govt of Haryana,District IT Society Panchkula,147,24
FCR Govt of Haryana,District IT Society Panipat,331,26
FCR Govt of Haryana,District IT Society Rewari,298,78
FCR Govt of Haryana,District IT Society Rohtak,243,49
FCR Govt of Haryana,District IT Society Sirsa,253,104
FCR Govt of Haryana,District IT Society Sonipat,205,42
FCR Govt of Haryana,District IT Society Yamuna Nagar,62,27
FCR Govt of Haryana,Radiant Info Systems Ltd,77,8
FCR Govt of Haryana,SoftAge Information Technology Limited,1575,109
FCS Govt of Punjab,Alankit Assignments Limited,2,0
FCS Govt of Punjab,Alankit Finsec Ltd,3,0
FCS Govt of Punjab,Delhi Integrated MMTS Ltd,3,0
FCS Govt of Punjab,District Sukhmani Society  Jalandhar  Punjab,78,9
FCS Govt of Punjab,District Sukhmani Society  Ludhiana  Punjab,162,37
FCS Govt of Punjab,District Sukhmani Society  Moga  Punjab,109,7
FCS Govt of Punjab,District Sukhmani Society Amritsar Punjab,77,20
FCS Govt of Punjab,District Sukhmani Society Barnala Punjab,87,10
FCS Govt of Punjab,District Sukhmani Society Bathinda Punjab,38,17
FCS Govt of Punjab,District Sukhmani Society Fatehgarh Sahib Punjab,50,8
FCS Govt of Punjab,District Sukhmani Society Fazilka Punjab,100,18
FCS Govt of Punjab,District Sukhmani Society Ferozepur Punjab,24,2
FCS Govt of Punjab,District Sukhmani Society For Citizen Services Mansa Punjab,191,22
FCS Govt of Punjab,District Sukhmani Society For Citizen Services Nawanshahr Punjab,209,22
FCS Govt of Punjab,District Sukhmani Society For Citizen Services SAS Nagar District e-Governance Society Punjab,36,11
FCS Govt of Punjab,District Sukhmani Society Pathankot Punjab,41,4
FCS Govt of Punjab,District Sukhmani Society Patiala Punjab,112,11
FCS Govt of Punjab,District Sukhmani Society Rupnagar Punjab,51,7
FCS Govt of Punjab,District Sukhmani Society Sangrur Punjab,79,14
FCS Govt of Punjab,District Sukhmani Society Sri Muktsar Sahib Punjab,219,32
FCS Govt of Punjab,District Sukhmani Society Tarn Taran Punjab,15,5
FCS Govt of Punjab,Diwakar Commercials Pvt Ltd,1,0
FCS Govt of Punjab,Karvy Computershare Private Li,569,81
FCS Govt of Punjab,Sukhmani Society For Citizen Services  Kapurthala  Punjab,20,1
FCS Govt of Punjab,Sukhmani Society For Citizen Services Gurdaspur Punjab,19,13
FCS Govt of Punjab,Sukhmani Society For Citizens Services Faridkot Punjab,87,8
FCS Govt of Punjab,Suwidha Society Hoshiarpur Punjab,62,9
FCS Govt of Punjab,VIRGO SOFTECH LIMITED,5,0
FCS Govt of Punjab,VISESH INFOTECNICS LIMITED,1,0
FCS Govt of Punjab,Vayam technologies Ltd,29,4
FCS Govt of Punjab,eCentric solutions pvt ltd,288,14
Govt of Andhra Pradesh,GrapeSoft,1,0
Govt of Andhra Pradesh,IL&FS LTD,1,0
Govt of Andhra Pradesh,INFRONICS SYSTEMS LTD,11,0
Govt of Andhra Pradesh,Madras Security Printers Ltd,5,0
Govt of Andhra Pradesh,Smart Chip Limited,2,0
Govt of Andhra Pradesh,TechSmart India Pvt Ltd,11,0
Govt of Andhra Pradesh,Tera Software Ltd,4,0
Govt of Andhra Pradesh,eCentric solutions pvt ltd,7,0
Govt of Goa,MARS Telecom Systems Pvt Ltd,3,0
Govt of Gujarat,GSS Infotech Ltd,864,44
Govt of Gujarat,Karvy Computershare Private Li,5807,818
Govt of Gujarat,Silver Touch Technologies Ltd,1979,111
Govt of Gujarat,Tera Software Ltd,3103,193
Govt of Gujarat,eCentric solutions pvt ltd,24,18
Govt of Himachal Pradesh,Department of IT  Govt. of HP,234,16
Govt of Himachal Pradesh,i-Grandee SoftwareTechnologies,3,0
Govt of Karnataka ,COMAT TECHNOLOGIES P LTD,1,0
Govt of Karnataka ,Centre for e-Governance  GOK,6837,526
Govt of Karnataka ,EDCS GOK,1386,57
Govt of Karnataka ,GLODYNE TECHNOSERVE,15,0
Govt of Karnataka ,MARS Telecom Systems Pvt Ltd,1,0
Govt of Karnataka ,SREEVEN INFOCOM LIMITED,0,2
Govt of Karnataka ,Tera Software Ltd,1,1
Govt of Karnataka ,Wipro Ltd,1,0
Govt of Kerala,Akshaya,13681,318
Govt of Kerala,Keltron,76,0
Govt of Madhya Pradesh,VIRGO SOFTECH LIMITED,28,0
Govt of Maharashtra,Alankit Assignments Limited,1,0
Govt of Maharashtra,GSS Infotech Ltd,1,0
Govt of Maharashtra,Karvy Computershare Private Li,9,0
Govt of Maharashtra,M/S King Computer System pvt Ltd,501,12
Govt of Maharashtra,M/s. Vidya Online  Pune,234,6
Govt of Maharashtra,Rudranee Infotech Ltd,860,1
Govt of Maharashtra,SETU MAHARASHTRA,1347,85
Govt of Maharashtra,SHREERAM PRINTING PRESS,275,19
Govt of Maharashtra,SILVER JUBILEE MOTORS LTD.,114,14
Govt of Maharashtra,Smart Chip Limited,7,0
Govt of Maharashtra,Tera Software Ltd,14,0
Govt of Maharashtra,Wep Solution India Limited,9,0
Govt of Maharashtra,Wipro Ltd,13,0
Govt of Sikkim - Dept of Econo,Department of Economics Statistics  Monitoring and Evaluation DESME,315,4
IDBI Bank ltd,ATISHAY INFOTECH PVT. LTD.,1148,97
IDBI Bank ltd,Matrix Processing House,490,83
IDBI Bank ltd,SREEVEN INFOCOM LIMITED,3143,370
Indian Bank,i-Grandee SoftwareTechnologies,1,0
Indiapost,Delhi Integrated MMTS Ltd,1,0
Indiapost,Global Finsol Private Limited,5,0
Indiapost,IL&FS LTD,1,0
Indiapost,Madras Security Printers Ltd,1,0
Indiapost,The Peerless General Finance,3,0
Indiapost,UTI TECHNOLOGY SERVICES LIMITE,2,0
Indiapost,eCentric solutions pvt ltd,1,0
Information Technology & Communication Department,Directorate of ESD,6610,705
Jharkhand,Systematic & Advance Const P L,1,0
Jharkhand,VISION COMPTECH INTEGRATOR LTD,3,0
Jharkhand,Wipro Ltd,6,0
Mission Convergence - GNCT Del,Smart Chip Limited,1,0
NSDL e-Governance Infrastructure Limited,Abhipra Capital Ltd,55,15
NSDL e-Governance Infrastructure Limited,Alankit Assignments Limited,0,10
NSDL e-Governance Infrastructure Limited,Alankit Finsec Ltd,6636,625
NSDL e-Governance Infrastructure Limited,Alankit Limited,25,1
NSDL e-Governance Infrastructure Limited,Amar Constructions,797,66
NSDL e-Governance Infrastructure Limited,COMTECHINFO SOLUTIONS PVT.LTD,24,0
NSDL e-Governance Infrastructure Limited,Gujarat Infotech Ltd.,9819,695
NSDL e-Governance Infrastructure Limited,IAP COMPANY Pvt. Ltd,9,1
NSDL e-Governance Infrastructure Limited,Karvy Consultants Limited,2,5
NSDL e-Governance Infrastructure Limited,Karvy Data Management Services,36720,4672
NSDL e-Governance Infrastructure Limited,N.K. Sharma Enterprises Ltd.,851,76
NSDL e-Governance Infrastructure Limited,Netlink software Pvt Ltd,12,9
NSDL e-Governance Infrastructure Limited,Offshoot Agency Pvt. Ltd.,1669,98
NSDL e-Governance Infrastructure Limited,Ojus G Enterprises,1311,581
NSDL e-Governance Infrastructure Limited,Promind Solutions P Limited,177,79
NSDL e-Governance Infrastructure Limited,RELIGARE SECURITIES LTD,3745,306
NSDL e-Governance Infrastructure Limited,Radiant Haroti Industries India Ltd,0,1
NSDL e-Governance Infrastructure Limited,Ricoh India Limited,1321,456
NSDL e-Governance Infrastructure Limited,S.J. Technologies,164,5
NSDL e-Governance Infrastructure Limited,SNR Edatas Pvt Ltd,7,13
NSDL e-Governance Infrastructure Limited,Sri Ramraja Sarkar Lok Kalyan Trust,4253,343
NSDL e-Governance Infrastructure Limited,Transline Technologies P Ltd,0,1
NSDL e-Governance Infrastructure Limited,Utility Forms Pvt Ltd,3175,154
NSDL e-Governance Infrastructure Limited,VFS Global Services Pvt. Ltd,13,17
NSDL e-Governance Infrastructure Limited,VIRGO SOFTECH LIMITED,4117,675
National Institute of Electronics & Information Technology,Alankit Finsec Ltd,19,0
Oriental Bank of Commerce,DATASOFT COMPUTER SERVICES(P),11,0
Oriental Bank of Commerce,Sri Ramraja Sarkar Lok Kalyan Trust,1,0
Oriental Bank of Commerce,Wipro Ltd,3,0
Project Coordinator UID Project Madhya Pradesh,A I Soc for Electronics and Comp Tech,20969,1343
Project Coordinator UID Project Madhya Pradesh,DATASOFT COMPUTER SERVICES(P),411,57
Project Coordinator UID Project Madhya Pradesh,LYRA  CONSULTANCY SERVICE,4981,553
Project Coordinator UID Project Madhya Pradesh,MPOnline Limited,12942,1144
Project Coordinator UID Project Madhya Pradesh,Matrix Processing House,482,88
Project Coordinator UID Project Madhya Pradesh,OSWAL COMPUTERS & CONSULTANTS,4149,909
Project Coordinator UID Project Madhya Pradesh,Orion Security Solutions Private Ltd,2199,245
Project Coordinator UID Project Madhya Pradesh,Sixth Dimension Project Solutions Ltd,997,105
Punjab National Bank,Alankit Finsec Ltd,8178,991
Punjab National Bank,Eagle Software India Pvt. Ltd,2576,297
Punjab National Bank,MARS Telecom Systems Pvt Ltd,936,225
Punjab National Bank,Smart Chip Limited,2852,1135
Punjab National Bank,Vayam technologies Ltd,640,95
Punjab and Sind Bank,Matrix Processing House,2465,319
RDD Govt of Tripura,Alankit Assignments Limited,7,3
Registrar General India BEL2,Bharat Electronics Limited,204,1
Registrar General India BEL2,Chinar Construction Company Prime agency,8,129
Registrar General India BEL2,Emdee Digitronics Pvt.Ltd.,68,3
Registrar General India BEL2,In Media Computer Services LLP,1141,16
Registrar General India BEL2,Karvy Data Management Services,2627,197
Registrar General India BEL2,MACRO INFOTECH PVT LTD,8235,253
Registrar General India BEL2,Madras Security Printers Ltd,1,1
Registrar General India BEL2,Manipur Electronics Dev Corp,18,24
Registrar General India BEL2,Multiwave Innovation,132,32
Registrar General India BEL2,Netlink software Pvt Ltd,2,0
Registrar General India BEL2,Nevaeh Technology Pvt. Ltd.,3,3
Registrar General India BEL2,Nielsen  India  Private Limited,1,2
Registrar General India BEL2,Pariza Enterprises,427,5
Registrar General India BEL2,SNR Edatas Pvt Ltd,5759,688
Registrar General India BEL2,SREI INFRASTRUCTURE FINANCES L,1,2
Registrar General India BEL2,Tera Software Ltd,3242,10
Registrar General India BEL2,UNITED DATA SERVICES PRIVATE LIMITED,10760,55
Registrar General India BEL2,Viesa Technologies,7163,142
Registrar General India ECIL,COMTECHINFO SOLUTIONS PVT.LTD,1573,33
Registrar General India ECIL,Chinar Construction Company Prime agency,3304,620
Registrar General India ECIL,Computer LAB,23316,1032
Registrar General India ECIL,Eagle Software India Pvt. Ltd,33676,541
Registrar General India ECIL,Emdee Digitronics Pvt.Ltd.,2280,148
Registrar General India ECIL,In Media Computer Services LLP,36796,170
Registrar General India ECIL,India Computer Technology,2125,356
Registrar General India ECIL,Karvy Data Management Services,1153,51
Registrar General India ECIL,Krishna Infotech,2,0
Registrar General India ECIL,LYRA  CONSULTANCY SERVICE,2822,19
Registrar General India ECIL,Madras Security Printers Ltd,1497,353
Registrar General India ECIL,SARADA SYSTEMS,890,6144
Registrar General India ECIL,SWISSTECH NPR 57CR PROJECT PVT,373,1
Registrar General India ECIL,The NSIC ltd,12,88
Registrar General India ECIL,WEBEL TECHNOLOGY LIMITED,415,47
Registrar General India Others,COMTECHINFO SOLUTIONS PVT.LTD,2,0
Registrar General of India ITI,Emdee Digitronics Pvt.Ltd.,12256,355
Registrar General of India ITI,In Media Computer Services LLP,933,12
Registrar General of India ITI,Karvy Data Management Services,16,23
Registrar General of India ITI,LYRA  CONSULTANCY SERVICE,328,0
Registrar General of India ITI,Madras Security Printers Ltd,181,16
Registrar General of India ITI,Netlink software Pvt Ltd,724,38
Registrar General of India ITI,Nevaeh Technology Pvt. Ltd.,746,3
Registrar General of India ITI,SNR Edatas Pvt Ltd,562,18
Registrar General of India ITI,SREEVEN INFOCOM LIMITED,1,0
Registrar General of India ITI,VIRGO SOFTECH LIMITED,354,11
Registrar General of India ITI,WEBEL TECHNOLOGY LIMITED,2607,118
Registrar General of India ITI,Webx Technologies Private Limited,3429,7
Rural Development Dept  Govt. of Bihar,Bloom Solutions Pvt Ltd,710,185
Rural Development Dept  Govt. of Bihar,Computer LAB,1727,319
Rural Development Dept  Govt. of Bihar,Emdee Digitronics Pvt.Ltd.,2064,281
Rural Development Dept  Govt. of Bihar,FINANCIAL INFORMATION NETWORK,551,310
Rural Development Dept  Govt. of Bihar,M2C Private Solution,61,117
Rural Development Dept  Govt. of Bihar,MKS Enterprises,916,17
Rural Development Dept  Govt. of Bihar,Orion Security Solutions Private Ltd,717,41
Rural Development Dept  Govt. of Bihar,Urmila Info solution,3148,236
State Bank of India,4G IDENTITY SOLUTIONS,20,0
State Bank of India,CSS TECHNERGY LIMITED,9,0
State Bank of India,Delhi Integrated MMTS Ltd,2,0
State Bank of India,FINANCIAL INFORMATION NETWORK,10140,1754
State Bank of India,Smart Chip Limited,1300,405
State Bank of India,Utility Forms Pvt Ltd,3072,546
State Bank of India,VIRGO SOFTECH LIMITED,1,0
Syndicate Bank,Smart Chip Limited,1,0
UIDAI-Registrar,UIDAI-EA,119,9
UT of Puducherry,Madras Security Printers Ltd,1,0
UTI Infrastructure Technology & Services Limited,Houston Technologies Limited,204,21
UTI Infrastructure Technology & Services Limited,Omnitech Infosolutions Ltd,2005,90
Union Bank,FINANCIAL INFORMATION NETWORK,29038,3378
Union Bank,Smart Chip Limited,287,7
Union Bank,Vakrangee Softwares Limited,9625,2234
