Registrar,Enrolment Agency,Aadhaar generated,Enrolment Rejected
Allahabad Bank,A-Onerealtors Pvt Ltd,0,47
Allahabad Bank,Asha Security Guard Services,1,16
Allahabad Bank,Ayush Enterprises,0,3
Allahabad Bank,Emdee Digitronics Pvt.Ltd.,2,1
Allahabad Bank,MEGHA VINCOM PVT LTD,0,2
Allahabad Bank,Nevaeh Technology Pvt. Ltd.,61,159
Allahabad Bank,Ortem Securities Limited,0,3
Allahabad Bank,PROTEX COMPUTER PVT LTD,1,4
Allahabad Bank,SGS INDIA PVT LTD,0,27
Allahabad Bank,Transmoovers India,2,0
Allahabad Bank,VAP INFOSOLUTIONS,1,4
Allahabad Bank,Vedavaag Systems Limited,106,0
Atalji Janasnehi Directorate  Government of Karnataka,Atalji Janasnehi Directorate  GOK,15,74
Bank Of India,A3 Logics  India  Ltd,14,13
Bank Of India,DATASOFT COMPUTER SERVICES(P),6,15
Bank Of India,Frontech Systems Pvt Ltd,24,20
Bank Of India,OSWAL COMPUTERS & CONSULTANTS,17,22
Bank Of India,PROTEX COMPUTER PVT LTD,4,10
Bank Of India,SARADA SYSTEMS,108,81
Bank Of India,SREI INFRASTRUCTURE FINANCES L,55,197
Bank Of India,VEETECHNOLOGIES PVT. LTD,24,64
Bank of Maharashtra,Tera Software Ltd,0,27
CSC e-Governance Services India Limited,A I Soc for Electronics and Comp Tech,2280,92
CSC e-Governance Services India Limited,A-Onerealtors Pvt Ltd,0,4
CSC e-Governance Services India Limited,AKSH OPTIFIBRE LIMITED,6080,207
CSC e-Governance Services India Limited,APOnline Limited,1,2
CSC e-Governance Services India Limited,Amar Constructions,4,15
CSC e-Governance Services India Limited,BASIX,11272,180
CSC e-Governance Services India Limited,Binary Systems,0,11
CSC e-Governance Services India Limited,Bloom Solutions Pvt Ltd,0,41
CSC e-Governance Services India Limited,CALANCE SOFTWARE PRIVATE LTD,11,23
CSC e-Governance Services India Limited,CHIPS,4756,100
CSC e-Governance Services India Limited,CMS Computers Ltd,31797,596
CSC e-Governance Services India Limited,CSC e-Governance Services India Limited,458,664
CSC e-Governance Services India Limited,Computer Print,1824,0
CSC e-Governance Services India Limited,Conatus Infocom Pvt. Ltd,343,13
CSC e-Governance Services India Limited,DATASOFT COMPUTER SERVICES(P),106,233
CSC e-Governance Services India Limited,Digitcom Systems Pvt. Ltd.,16,20
CSC e-Governance Services India Limited,Estex Telecom Pvt Ltd,1,21
CSC e-Governance Services India Limited,Excel Technovation Pvt. Ltd,0,1
CSC e-Governance Services India Limited,Gem Computers,0,4
CSC e-Governance Services India Limited,Home Life Buildcon Pvt Ltd,86,167
CSC e-Governance Services India Limited,HyperSoft Technologies Ltd,0,2
CSC e-Governance Services India Limited,IAP COMPANY Pvt. Ltd,845,737
CSC e-Governance Services India Limited,Janta Silikon Consortium,14,39
CSC e-Governance Services India Limited,Jeevan Deep Charitable Society,2,26
CSC e-Governance Services India Limited,K W Consulting P Ltd,0,2
CSC e-Governance Services India Limited,MANTRA SOFTTECH (INDIA) PVTLTD,13,45
CSC e-Governance Services India Limited,MEGHA VINCOM PVT LTD,5,29
CSC e-Governance Services India Limited,Mahamritunjay Traders,4,16
CSC e-Governance Services India Limited,Mahaonline Limited,237,132
CSC e-Governance Services India Limited,Murano India Pvt Ltd,6,1
CSC e-Governance Services India Limited,NPS Technologies Pvt. Ltd,10006,366
CSC e-Governance Services India Limited,NVR & ASSOCIATES LIMITED,1,16
CSC e-Governance Services India Limited,Nekton IT India Pvt Ltd.,3882,48
CSC e-Governance Services India Limited,Netlink software Pvt Ltd,0,13
CSC e-Governance Services India Limited,Network for Information & Computer,1,34
CSC e-Governance Services India Limited,Prakash Computer Services,5,14
CSC e-Governance Services India Limited,Promind Solutions P Limited,7,78
CSC e-Governance Services India Limited,Radiant Haroti Industries India Ltd,17,75
CSC e-Governance Services India Limited,Raj Construction Co.,0,67
CSC e-Governance Services India Limited,SGS INDIA PVT LTD,0,7
CSC e-Governance Services India Limited,SPANCO,2,53
CSC e-Governance Services India Limited,SRR Infotech,719,26
CSC e-Governance Services India Limited,Sahaj e-Village Limited,1900,42
CSC e-Governance Services India Limited,Super Printers,0,2
CSC e-Governance Services India Limited,Tera Software Ltd,18,170
CSC e-Governance Services India Limited,Twinstar Industries Ltd.,2,19
CSC e-Governance Services India Limited,United Telecoms e-Services Pvt Ltd,3067,95
CSC e-Governance Services India Limited,VIKALP MULTIMEDIA,636,1
CSC e-Governance Services India Limited,VISION COMPTECH INTEGRATOR LTD,2,23
CSC e-Governance Services India Limited,Vayam technologies Ltd,0,84
CSC e-Governance Services India Limited,Vedavaag Systems Limited,798,62
CSC e-Governance Services India Limited,Vigilant Corporate Services Pvt Ltd,77,0
CSC e-Governance Services India Limited,Virinchi Technologies Ltd,1,16
CSC e-Governance Services India Limited,Yash Ornaments Pvt. Ltd,1,9
CSC e-Governance Services India Limited,Zephyr System Pvt.Ltd.,39,143
Canara Bank,FINANCIAL INFORMATION NETWORK,169,341
Canara Bank,Karvy Data Management Services,239,16
Canara Bank,Ojus Healthcare Private Limited,0,1
Canara Bank,Osiris Infotech Pvt. Ltd.,0,2
Canara Bank,Smart Chip Limited,14,16
Canara Bank,Virinchi Technologies Ltd,6,66
DENA BANK,77 Infosystems Pvt Ltd,0,7
DENA BANK,A-Onerealtors Pvt Ltd,0,3
DENA BANK,APEX Services,1,6
DENA BANK,AS International,0,3
DENA BANK,ATISHAY INFOTECH PVT. LTD.,43,91
DENA BANK,AVVAS INFOTECH PVT  LTD,60,77
DENA BANK,Advent Infomax Private Ltd,2,1
DENA BANK,Amar Constructions,14,10
DENA BANK,Apnatech Consultancy Services Pvt Ltd,0,13
DENA BANK,Asha Security Guard Services,2,38
DENA BANK,BNR UDYOG LIMITED,0,1
DENA BANK,Binary Systems,1,4
DENA BANK,Bloom Solutions Pvt Ltd,0,16
DENA BANK,Blue Circle Instrument,9,7
DENA BANK,Business Information Processing Services,0,3
DENA BANK,CALANCE SOFTWARE PRIVATE LTD,29,11
DENA BANK,City Hawks Manpower Services & Consultancy,0,6
DENA BANK,DATASOFT COMPUTER SERVICES(P),11,31
DENA BANK,Eagle Software India Pvt. Ltd,37,25
DENA BANK,Ecartes Technology Pvt. Ltd,0,11
DENA BANK,FINANCIAL INFORMATION NETWORK,29,50
DENA BANK,Gem Computers,0,2
DENA BANK,Gujarat Infotech Ltd.,4,63
DENA BANK,IAP COMPANY Pvt. Ltd,236,165
DENA BANK,India Computer Technology,16,13
DENA BANK,JNET Technologies Pvt.Ltd,0,3
DENA BANK,Jeevan Deep Charitable Society,0,1
DENA BANK,K W Consulting P Ltd,4,3
DENA BANK,M/S STAR DATA CENTRE,0,25
DENA BANK,M/s Gold Square Builders & Promoters Pvt. Ltd.,388,5
DENA BANK,MARS Telecom Systems Pvt Ltd,39,65
DENA BANK,MEGHA VINCOM PVT LTD,0,35
DENA BANK,MKS Enterprises,0,14
DENA BANK,Make India Smart Private Limited,338,32
DENA BANK,Multiwave Innovation,42,141
DENA BANK,NVR & ASSOCIATES LIMITED,0,11
DENA BANK,Netlink software Pvt Ltd,6,115
DENA BANK,Nielsen  India  Private Limited,3,116
DENA BANK,Om Softwares,58,7
DENA BANK,Ortem Securities Limited,0,2
DENA BANK,Ricoh India Limited,0,3
DENA BANK,SGS INDIA PVT LTD,1,2
DENA BANK,Silver Touch Technologies Ltd,5,13
DENA BANK,Sixth Dimension Project Solutions Ltd,0,1
DENA BANK,Soc for Advancement of Environ Science,0,2
DENA BANK,SoftAge Information Technology Limited,0,1
DENA BANK,Super Printers,4,7
DENA BANK,TechSmart India Pvt Ltd,61,78
DENA BANK,Utility Forms Pvt Ltd,0,1
DENA BANK,VAP INFOSOLUTIONS,1,17
DENA BANK,VISION COMPTECH INTEGRATOR LTD,4,13
DENA BANK,Vedavaag Systems Limited,98,14
DENA BANK,Virinchi Technologies Ltd,1,19
DENA BANK,WEBEL,1,89
DENA BANK,Wipro Ltd,3,105
DENA BANK,Yash Ornaments Pvt. Ltd,0,1
DENA BANK,Zephyr System Pvt.Ltd.,6,24
Dept of ITC Govt of Rajasthan,Business Information Processing Services,0,1
Dept of ITC Govt of Rajasthan,CMS Computers Ltd,157,5
Dept of ITC Govt of Rajasthan,COMTECH INSTITUTE OFTECHNOLOGY,59,29
Dept of ITC Govt of Rajasthan,DATASOFT COMPUTER SERVICES(P),4,10
Dept of ITC Govt of Rajasthan,FINANCIAL INFORMATION NETWORK,71,198
Dept of ITC Govt of Rajasthan,IAP COMPANY Pvt. Ltd,13,7
Dept of ITC Govt of Rajasthan,Karvy Data Management Services,102,0
Dept of ITC Govt of Rajasthan,M/s Sanish Choudhary,1,4
Dept of ITC Govt of Rajasthan,MEGHA VINCOM PVT LTD,0,3
Dept of ITC Govt of Rajasthan,Matrix Processing House,0,3
Dept of ITC Govt of Rajasthan,Multiwave Innovation,10,22
Dept of ITC Govt of Rajasthan,Radiant Info Systems Ltd,0,5
Dept of ITC Govt of Rajasthan,Rajcomp Info Services Ltd,1702,20
Dept of ITC Govt of Rajasthan,SAR Technology,0,19
Dept of ITC Govt of Rajasthan,TechSmart India Pvt Ltd,16,8
Dept of ITC Govt of Rajasthan,Transline Technologies P Ltd,0,2
Dept of ITC Govt of Rajasthan,UMC Technologies Pvt. Ltd,0,3
Dept of ITC Govt of Rajasthan,VIRGO SOFTECH LIMITED,0,14
Dept of ITC Govt of Rajasthan,Vakrangee Softwares Limited,0,18
FCR Govt of Haryana,Academy of Management Studies,0,2
FCR Govt of Haryana,District IT Society Ambala,1,0
FCR Govt of Haryana,District IT Society Bhiwani,14,0
FCR Govt of Haryana,District IT Society Faridabad,224,0
FCR Govt of Haryana,District IT Society Fatehabad,36,0
FCR Govt of Haryana,District IT Society Gurgaon,14,0
FCR Govt of Haryana,District IT Society Hisar,97,1
FCR Govt of Haryana,District IT Society Jhajjar,230,0
FCR Govt of Haryana,District IT Society Kaithal,104,0
FCR Govt of Haryana,District IT Society Karnal,77,2
FCR Govt of Haryana,District IT Society Kurukshetra,146,0
FCR Govt of Haryana,District IT Society Mahendragarh,243,0
FCR Govt of Haryana,District IT Society Mewat,119,0
FCR Govt of Haryana,District IT Society Palwal,60,2
FCR Govt of Haryana,District IT Society Panchkula,25,0
FCR Govt of Haryana,District IT Society Panipat,75,0
FCR Govt of Haryana,District IT Society Rewari,258,1
FCR Govt of Haryana,District IT Society Rohtak,242,1
FCR Govt of Haryana,District IT Society Sirsa,417,0
FCR Govt of Haryana,District IT Society Sonipat,66,0
FCR Govt of Haryana,District IT Society Yamuna Nagar,42,0
FCR Govt of Haryana,Radiant Info Systems Ltd,0,2
FCR Govt of Haryana,SoftAge Information Technology Limited,0,36
FCS Govt of Punjab,District Sukhmani Society  Jalandhar  Punjab,3,0
FCS Govt of Punjab,District Sukhmani Society  Ludhiana  Punjab,58,1
FCS Govt of Punjab,District Sukhmani Society  Moga  Punjab,21,0
FCS Govt of Punjab,District Sukhmani Society Amritsar Punjab,29,0
FCS Govt of Punjab,District Sukhmani Society Barnala Punjab,45,0
FCS Govt of Punjab,District Sukhmani Society Bathinda Punjab,53,0
FCS Govt of Punjab,District Sukhmani Society Fatehgarh Sahib Punjab,152,0
FCS Govt of Punjab,District Sukhmani Society Fazilka Punjab,116,3
FCS Govt of Punjab,District Sukhmani Society Ferozepur Punjab,16,0
FCS Govt of Punjab,District Sukhmani Society For Citizen Services Mansa Punjab,309,0
FCS Govt of Punjab,District Sukhmani Society For Citizen Services Nawanshahr Punjab,29,0
FCS Govt of Punjab,District Sukhmani Society For Citizen Services SAS Nagar District e-Governance Society Punjab,55,0
FCS Govt of Punjab,District Sukhmani Society Pathankot Punjab,45,0
FCS Govt of Punjab,District Sukhmani Society Patiala Punjab,118,0
FCS Govt of Punjab,District Sukhmani Society Rupnagar Punjab,67,0
FCS Govt of Punjab,District Sukhmani Society Sangrur Punjab,63,4
FCS Govt of Punjab,District Sukhmani Society Sri Muktsar Sahib Punjab,135,0
FCS Govt of Punjab,District Sukhmani Society Tarn Taran Punjab,17,0
FCS Govt of Punjab,Karvy Computershare Private Li,0,1
FCS Govt of Punjab,Sukhmani Society For Citizen Services  Kapurthala  Punjab,3,0
FCS Govt of Punjab,Sukhmani Society For Citizen Services Gurdaspur Punjab,13,0
FCS Govt of Punjab,Sukhmani Society For Citizens Services Faridkot Punjab,50,0
FCS Govt of Punjab,Suwidha Society Hoshiarpur Punjab,203,1
FCS Govt of Punjab,Vayam technologies Ltd,0,1
FCS Govt of Punjab,eCentric solutions pvt ltd,2,11
Govt of Gujarat,GSS Infotech Ltd,2,23
Govt of Gujarat,Karvy Computershare Private Li,10,195
Govt of Gujarat,Silver Touch Technologies Ltd,1,17
Govt of Gujarat,Tera Software Ltd,3,23
Govt of Himachal Pradesh,Department of IT  Govt. of HP,6,0
Govt of Karnataka ,Centre for e-Governance  GOK,4,11
Govt of Karnataka ,EDCS GOK,336,2
Govt of Karnataka ,MARS Telecom Systems Pvt Ltd,1,1
Govt of Kerala,Akshaya,53,30
Govt of Maharashtra,M/S King Computer System pvt Ltd,105,3
Govt of Maharashtra,M/s. Vidya Online  Pune,11,0
Govt of Maharashtra,Rudranee Infotech Ltd,49,5
Govt of Maharashtra,SETU MAHARASHTRA,16,20
Govt of Maharashtra,SHREERAM PRINTING PRESS,75,0
Govt of Maharashtra,SILVER JUBILEE MOTORS LTD.,106,0
IDBI Bank ltd,ATISHAY INFOTECH PVT. LTD.,23,27
IDBI Bank ltd,Matrix Processing House,5,8
IDBI Bank ltd,SREEVEN INFOCOM LIMITED,1,40
Information Technology & Communication Department,Directorate of ESD,2063,27
NSDL e-Governance Infrastructure Limited,Alankit Finsec Ltd,16,42
NSDL e-Governance Infrastructure Limited,Amar Constructions,5,9
NSDL e-Governance Infrastructure Limited,Gujarat Infotech Ltd.,4,120
NSDL e-Governance Infrastructure Limited,Karvy Data Management Services,2065,117
NSDL e-Governance Infrastructure Limited,N.K. Sharma Enterprises Ltd.,0,15
NSDL e-Governance Infrastructure Limited,Netlink software Pvt Ltd,0,3
NSDL e-Governance Infrastructure Limited,Offshoot Agency Pvt. Ltd.,1,5
NSDL e-Governance Infrastructure Limited,Ojus G Enterprises,0,4
NSDL e-Governance Infrastructure Limited,Promind Solutions P Limited,0,5
NSDL e-Governance Infrastructure Limited,RELIGARE SECURITIES LTD,568,4
NSDL e-Governance Infrastructure Limited,Ricoh India Limited,5,76
NSDL e-Governance Infrastructure Limited,S.J. Technologies,0,1
NSDL e-Governance Infrastructure Limited,SNR Edatas Pvt Ltd,0,9
NSDL e-Governance Infrastructure Limited,Sri Ramraja Sarkar Lok Kalyan Trust,2,13
NSDL e-Governance Infrastructure Limited,Utility Forms Pvt Ltd,9,65
NSDL e-Governance Infrastructure Limited,VIRGO SOFTECH LIMITED,1,61
Project Coordinator UID Project Madhya Pradesh,A I Soc for Electronics and Comp Tech,2408,72
Project Coordinator UID Project Madhya Pradesh,DATASOFT COMPUTER SERVICES(P),10,13
Project Coordinator UID Project Madhya Pradesh,LYRA  CONSULTANCY SERVICE,64,198
Project Coordinator UID Project Madhya Pradesh,MPOnline Limited,5292,77
Project Coordinator UID Project Madhya Pradesh,Matrix Processing House,15,33
Project Coordinator UID Project Madhya Pradesh,OSWAL COMPUTERS & CONSULTANTS,172,197
Project Coordinator UID Project Madhya Pradesh,Orion Security Solutions Private Ltd,2,3
Project Coordinator UID Project Madhya Pradesh,Sixth Dimension Project Solutions Ltd,7,7
Punjab National Bank,Alankit Finsec Ltd,168,179
Punjab National Bank,Eagle Software India Pvt. Ltd,69,73
Punjab National Bank,MARS Telecom Systems Pvt Ltd,26,23
Punjab National Bank,Smart Chip Limited,0,4
Punjab National Bank,Vayam technologies Ltd,0,16
Punjab and Sind Bank,Matrix Processing House,65,245
Registrar General India BEL2,Chinar Construction Company Prime agency,1,0
Registrar General India BEL2,Emdee Digitronics Pvt.Ltd.,0,1
Registrar General India BEL2,In Media Computer Services LLP,112,0
Registrar General India BEL2,India Computer Technology,0,1
Registrar General India BEL2,Karvy Data Management Services,207,63
Registrar General India BEL2,MACRO INFOTECH PVT LTD,22,184
Registrar General India BEL2,Manipur Electronics Dev Corp,62,1
Registrar General India BEL2,Multiwave Innovation,0,7
Registrar General India BEL2,Nevaeh Technology Pvt. Ltd.,0,1
Registrar General India BEL2,Pariza Enterprises,247,0
Registrar General India BEL2,SNR Edatas Pvt Ltd,2365,113
Registrar General India BEL2,Tera Software Ltd,2,0
Registrar General India BEL2,UNITED DATA SERVICES PRIVATE LIMITED,0,192
Registrar General India BEL2,Viesa Technologies,1912,101
Registrar General India ECIL,AVVAS INFOTECH PVT  LTD,0,1
Registrar General India ECIL,COMTECHINFO SOLUTIONS PVT.LTD,3,4
Registrar General India ECIL,Chinar Construction Company Prime agency,68,385
Registrar General India ECIL,Computer LAB,10,663
Registrar General India ECIL,Eagle Software India Pvt. Ltd,0,222
Registrar General India ECIL,Emdee Digitronics Pvt.Ltd.,1,15
Registrar General India ECIL,In Media Computer Services LLP,10,78
Registrar General India ECIL,India Computer Technology,13,286
Registrar General India ECIL,Karvy Data Management Services,12,0
Registrar General India ECIL,LYRA  CONSULTANCY SERVICE,3,3
Registrar General India ECIL,Madras Security Printers Ltd,7,16
Registrar General India ECIL,SARADA SYSTEMS,1,76
Registrar General India ECIL,SWISSTECH NPR 57CR PROJECT PVT,0,4
Registrar General India ECIL,The NSIC ltd,0,332
Registrar General India ECIL,Vedavaag Systems Limited,0,1
Registrar General India ECIL,WEBEL TECHNOLOGY LIMITED,1,6
Registrar General of India ITI,Emdee Digitronics Pvt.Ltd.,30,150
Registrar General of India ITI,In Media Computer Services LLP,6,0
Registrar General of India ITI,Karvy Data Management Services,38,3
Registrar General of India ITI,Madras Security Printers Ltd,2,7
Registrar General of India ITI,Netlink software Pvt Ltd,0,13
Registrar General of India ITI,Quick Data IT Services Pvt Ltd,0,1
Registrar General of India ITI,SNR Edatas Pvt Ltd,34,1
Registrar General of India ITI,Swathy Smartcards Hi-Tech Pvt,12,0
Registrar General of India ITI,WEBEL TECHNOLOGY LIMITED,2,9
Registrar General of India ITI,Webx Technologies Private Limited,379,3
Rural Development Dept  Govt. of Bihar,Bloom Solutions Pvt Ltd,0,17
Rural Development Dept  Govt. of Bihar,Computer LAB,130,71
Rural Development Dept  Govt. of Bihar,Emdee Digitronics Pvt.Ltd.,53,109
Rural Development Dept  Govt. of Bihar,FINANCIAL INFORMATION NETWORK,33,57
Rural Development Dept  Govt. of Bihar,M2C Private Solution,12,1
Rural Development Dept  Govt. of Bihar,MKS Enterprises,3,16
Rural Development Dept  Govt. of Bihar,Urmila Info solution,0,8
State Bank of India,FINANCIAL INFORMATION NETWORK,452,599
State Bank of India,Smart Chip Limited,19,7
State Bank of India,Utility Forms Pvt Ltd,1,11
UIDAI-Registrar,UIDAI-EA,0,1
UTI Infrastructure Technology & Services Limited,Omnitech Infosolutions Ltd,2,2
Union Bank,FINANCIAL INFORMATION NETWORK,327,723
Union Bank,Smart Chip Limited,0,1
Union Bank,Vakrangee Softwares Limited,28,186
