Registrar,Enrolment Agency,Aadhaar generated,Enrolment Rejected
Allahabad Bank,A-Onerealtors Pvt Ltd,1752,187
Allahabad Bank,Agro Tech Engineers,81,2
Allahabad Bank,Asha Security Guard Services,1340,199
Allahabad Bank,Ayush Enterprises,386,20
Allahabad Bank,Corporate India Facilities Pvt Ltd,37,1
Allahabad Bank,Emdee Digitronics Pvt.Ltd.,189,6
Allahabad Bank,MEGHA VINCOM PVT LTD,497,21
Allahabad Bank,Nevaeh Technology Pvt. Ltd.,2819,139
Allahabad Bank,Ortem Securities Limited,225,3
Allahabad Bank,PROTEX COMPUTER PVT LTD,127,7
Allahabad Bank,Redim Software Technologies Pvt Ltd,1144,33
Allahabad Bank,SGS INDIA PVT LTD,2400,156
Allahabad Bank,Sri Ramraja Sarkar Lok Kalyan Trust,0,2
Allahabad Bank,Transmoovers India,188,13
Allahabad Bank,VAP INFOSOLUTIONS,595,11
Allahabad Bank,Vakrangee Softwares Limited,0,1
Allahabad Bank,Vedavaag Systems Limited,1981,84
Atalji Janasnehi Directorate  Government of Karnataka,Atalji Janasnehi Directorate  GOK,11680,960
Bank Of India,A3 Logics  India  Ltd,338,18
Bank Of India,Akanksha International,2,0
Bank Of India,Blue Circle Instrument,0,2
Bank Of India,CHESSY CONSULTANTS PVT LTD,10,2
Bank Of India,DATASOFT COMPUTER SERVICES(P),244,37
Bank Of India,Frontech Systems Pvt Ltd,300,28
Bank Of India,Matrix Processing House,1,0
Bank Of India,OSWAL COMPUTERS & CONSULTANTS,569,41
Bank Of India,PROTEX COMPUTER PVT LTD,282,23
Bank Of India,SARADA SYSTEMS,3776,43
Bank Of India,SHRIKRISHNA KHANDASARI SUGAR M,182,0
Bank Of India,SREI INFRASTRUCTURE FINANCES L,8528,389
Bank Of India,Systematic & Advance Const P L,1,0
Bank Of India,VEETECHNOLOGIES PVT. LTD,1350,244
Bank of Baroda,Global Finsol Private Limited,14,4
Bank of Maharashtra,Tera Software Ltd,2164,78
CSC e-Governance Services India Limited,A I Soc for Electronics and Comp Tech,5366,535
CSC e-Governance Services India Limited,AKSH OPTIFIBRE LIMITED,11199,891
CSC e-Governance Services India Limited,APOnline Limited,144,11
CSC e-Governance Services India Limited,Alankit Limited,168,5
CSC e-Governance Services India Limited,Amar Constructions,409,10
CSC e-Governance Services India Limited,BASIX,10566,794
CSC e-Governance Services India Limited,Binary Systems,238,34
CSC e-Governance Services India Limited,Bloom Solutions Pvt Ltd,4777,157
CSC e-Governance Services India Limited,CALANCE SOFTWARE PRIVATE LTD,737,71
CSC e-Governance Services India Limited,CHIPS,9879,349
CSC e-Governance Services India Limited,CMS Computers Ltd,30033,2289
CSC e-Governance Services India Limited,CSC e-Governance Services India Limited,20139,1148
CSC e-Governance Services India Limited,Computer Print,643,86
CSC e-Governance Services India Limited,Conatus Infocom Pvt. Ltd,356,35
CSC e-Governance Services India Limited,DATASOFT COMPUTER SERVICES(P),1856,217
CSC e-Governance Services India Limited,Digitcom Systems Pvt. Ltd.,1202,15
CSC e-Governance Services India Limited,Ecartes Technology Pvt. Ltd,2,0
CSC e-Governance Services India Limited,Estex Telecom Pvt Ltd,869,63
CSC e-Governance Services India Limited,Excel Technovation Pvt. Ltd,6,1
CSC e-Governance Services India Limited,Gem Computers,126,9
CSC e-Governance Services India Limited,Home Life Buildcon Pvt Ltd,2544,258
CSC e-Governance Services India Limited,HyperSoft Technologies Ltd,969,46
CSC e-Governance Services India Limited,IAP COMPANY Pvt. Ltd,18345,989
CSC e-Governance Services India Limited,Intelligent Communication Sys India Ltd,0,1
CSC e-Governance Services India Limited,Janta Silikon Consortium,3278,274
CSC e-Governance Services India Limited,Jeevan Deep Charitable Society,958,73
CSC e-Governance Services India Limited,MANTRA SOFTTECH (INDIA) PVTLTD,4522,144
CSC e-Governance Services India Limited,MEGHA VINCOM PVT LTD,2346,121
CSC e-Governance Services India Limited,Mahamritunjay Traders,3160,205
CSC e-Governance Services India Limited,Mahaonline Limited,4380,288
CSC e-Governance Services India Limited,Murano India Pvt Ltd,938,86
CSC e-Governance Services India Limited,NPS Technologies Pvt. Ltd,20010,992
CSC e-Governance Services India Limited,NVR & ASSOCIATES LIMITED,2193,84
CSC e-Governance Services India Limited,National Cooperative Consumers Federation of India Limited,46,10
CSC e-Governance Services India Limited,Nekton IT India Pvt Ltd.,5177,161
CSC e-Governance Services India Limited,Netlink software Pvt Ltd,604,5
CSC e-Governance Services India Limited,Network for Information & Computer,5307,275
CSC e-Governance Services India Limited,Prakash Computer Services,793,20
CSC e-Governance Services India Limited,Promind Solutions P Limited,6018,301
CSC e-Governance Services India Limited,Radiant Haroti Industries India Ltd,10407,615
CSC e-Governance Services India Limited,Raj Construction Co.,2675,78
CSC e-Governance Services India Limited,SGS INDIA PVT LTD,440,14
CSC e-Governance Services India Limited,SPANCO,1913,90
CSC e-Governance Services India Limited,SRR Infotech,1423,68
CSC e-Governance Services India Limited,Sahaj e-Village Limited,10881,740
CSC e-Governance Services India Limited,Saket Advertising Pvt. Ltd,33,4
CSC e-Governance Services India Limited,Sri Ramraja Sarkar Lok Kalyan Trust,584,4
CSC e-Governance Services India Limited,Super Printers,196,343
CSC e-Governance Services India Limited,Tera Software Ltd,5740,382
CSC e-Governance Services India Limited,Twinstar Industries Ltd.,1402,63
CSC e-Governance Services India Limited,United Telecoms e-Services Pvt Ltd,3602,350
CSC e-Governance Services India Limited,VIKALP MULTIMEDIA,441,97
CSC e-Governance Services India Limited,VISION COMPTECH INTEGRATOR LTD,3032,89
CSC e-Governance Services India Limited,Vayam technologies Ltd,5111,277
CSC e-Governance Services India Limited,Vedavaag Systems Limited,6912,425
CSC e-Governance Services India Limited,Vigilant Corporate Services Pvt Ltd,677,20
CSC e-Governance Services India Limited,Virinchi Technologies Ltd,958,54
CSC e-Governance Services India Limited,Yash Ornaments Pvt. Ltd,1465,52
CSC e-Governance Services India Limited,Zephyr System Pvt.Ltd.,9943,456
Canara Bank,FINANCIAL INFORMATION NETWORK,4910,393
Canara Bank,Karvy Data Management Services,5123,555
Canara Bank,Ojus Healthcare Private Limited,684,29
Canara Bank,Osiris Infotech Pvt. Ltd.,445,25
Canara Bank,Smart Chip Limited,26,6
Canara Bank,Virinchi Technologies Ltd,7683,336
Civil Supplies - A&N Islands,India Computer Technology,392,23
DENA BANK,77 Infosystems Pvt Ltd,335,32
DENA BANK,A-Onerealtors Pvt Ltd,1428,43
DENA BANK,APEX Services,790,66
DENA BANK,AS International,474,20
DENA BANK,ATISHAY INFOTECH PVT. LTD.,2382,289
DENA BANK,AVVAS INFOTECH PVT  LTD,2164,194
DENA BANK,Advent Infomax Private Ltd,219,17
DENA BANK,Akhil Bhartiya Majdoor Shiksha Sewa Samiti,60,2
DENA BANK,Amar Constructions,1609,113
DENA BANK,Apnatech Consultancy Services Pvt Ltd,736,24
DENA BANK,Asha Security Guard Services,2329,82
DENA BANK,Asray Gram,873,12
DENA BANK,BNR UDYOG LIMITED,0,3
DENA BANK,Binary Systems,31,36
DENA BANK,Bloom Solutions Pvt Ltd,1399,71
DENA BANK,Blue Circle Instrument,414,11
DENA BANK,Business Information Processing Services,1391,72
DENA BANK,CALANCE SOFTWARE PRIVATE LTD,1202,97
DENA BANK,City Hawks Manpower Services & Consultancy,6,2
DENA BANK,DATASOFT COMPUTER SERVICES(P),1322,117
DENA BANK,Eagle Software India Pvt. Ltd,1550,44
DENA BANK,Ecartes Technology Pvt. Ltd,345,9
DENA BANK,FINANCIAL INFORMATION NETWORK,1307,109
DENA BANK,Gem Computers,17,16
DENA BANK,Gujarat Infotech Ltd.,5607,102
DENA BANK,HyperSoft Technologies Ltd,0,1
DENA BANK,IAP COMPANY Pvt. Ltd,6126,272
DENA BANK,India Computer Technology,52,89
DENA BANK,JNET Technologies Pvt.Ltd,313,14
DENA BANK,Jeevan Deep Charitable Society,133,8
DENA BANK,K W Consulting P Ltd,991,38
DENA BANK,M/S STAR DATA CENTRE,1130,100
DENA BANK,M/s Gold Square Builders & Promoters Pvt. Ltd.,1666,156
DENA BANK,MARS Telecom Systems Pvt Ltd,106,48
DENA BANK,MEGHA VINCOM PVT LTD,977,104
DENA BANK,MKS Enterprises,180,5
DENA BANK,Make India Smart Private Limited,2293,125
DENA BANK,Multiwave Innovation,754,114
DENA BANK,NVR & ASSOCIATES LIMITED,1601,162
DENA BANK,Netlink software Pvt Ltd,9629,379
DENA BANK,Nielsen  India  Private Limited,13477,1015
DENA BANK,Offshoot Agency Pvt. Ltd.,145,15
DENA BANK,Ojus G Enterprises,81,15
DENA BANK,Om Softwares,852,97
DENA BANK,Ortem Securities Limited,74,19
DENA BANK,Radiant Haroti Industries India Ltd,2,1
DENA BANK,Ricoh India Limited,905,74
DENA BANK,SGS INDIA PVT LTD,750,98
DENA BANK,Silver Touch Technologies Ltd,2497,37
DENA BANK,Sixth Dimension Project Solutions Ltd,787,13
DENA BANK,Soc for Advancement of Environ Science,202,45
DENA BANK,SoftAge Information Technology Limited,0,3
DENA BANK,Super Printers,1050,80
DENA BANK,Systematic & Advance Const P L,2,0
DENA BANK,TechSmart India Pvt Ltd,849,69
DENA BANK,Tera Software Ltd,11,1
DENA BANK,The NSIC ltd,0,350
DENA BANK,Transline Technologies P Ltd,70,7
DENA BANK,UT Computers Educational & Welfare Soc,22,8
DENA BANK,Utility Forms Pvt Ltd,6,1
DENA BANK,VAP INFOSOLUTIONS,1492,127
DENA BANK,VISION COMPTECH INTEGRATOR LTD,3081,121
DENA BANK,Vedavaag Systems Limited,1054,200
DENA BANK,Virinchi Technologies Ltd,1207,71
DENA BANK,WEBEL,2602,188
DENA BANK,Wipro Ltd,9594,728
DENA BANK,Yash Ornaments Pvt. Ltd,7,14
DENA BANK,Zephyr System Pvt.Ltd.,6386,211
Dept of ITC Govt of Rajasthan,AKSH OPTIFIBRE LIMITED,7,0
Dept of ITC Govt of Rajasthan,ATISHAY INFOTECH PVT. LTD.,1,0
Dept of ITC Govt of Rajasthan,Academy of Management Studies,42,5
Dept of ITC Govt of Rajasthan,Business Information Processing Services,27,6
Dept of ITC Govt of Rajasthan,CMS Computers Ltd,571,72
Dept of ITC Govt of Rajasthan,COMTECH INSTITUTE OFTECHNOLOGY,291,59
Dept of ITC Govt of Rajasthan,DATASOFT COMPUTER SERVICES(P),373,31
Dept of ITC Govt of Rajasthan,FINANCIAL INFORMATION NETWORK,1870,153
Dept of ITC Govt of Rajasthan,Gujarat Infotech Ltd.,1,0
Dept of ITC Govt of Rajasthan,IAP COMPANY Pvt. Ltd,7,40
Dept of ITC Govt of Rajasthan,Karvy Data Management Services,322,33
Dept of ITC Govt of Rajasthan,M/s Sanish Choudhary,248,28
Dept of ITC Govt of Rajasthan,MEGHA VINCOM PVT LTD,274,38
Dept of ITC Govt of Rajasthan,Matrix Processing House,145,41
Dept of ITC Govt of Rajasthan,Multiwave Innovation,29,7
Dept of ITC Govt of Rajasthan,Osiris Infotech Pvt. Ltd.,118,5
Dept of ITC Govt of Rajasthan,Radiant Info Systems Ltd,84,2
Dept of ITC Govt of Rajasthan,Rajcomp Info Services Ltd,2748,176
Dept of ITC Govt of Rajasthan,Ricoh India Limited,278,31
Dept of ITC Govt of Rajasthan,SAR Technology,458,21
Dept of ITC Govt of Rajasthan,SREI INFRASTRUCTURE FINANCES L,23,1
Dept of ITC Govt of Rajasthan,TechSmart India Pvt Ltd,67,18
Dept of ITC Govt of Rajasthan,Transline Technologies P Ltd,2,0
Dept of ITC Govt of Rajasthan,UMC Technologies Pvt. Ltd,75,12
Dept of ITC Govt of Rajasthan,VIRGO SOFTECH LIMITED,1693,96
Dept of ITC Govt of Rajasthan,VISION COMPTECH INTEGRATOR LTD,27,0
Dept of ITC Govt of Rajasthan,Vakrangee Softwares Limited,320,121
Dept of ITC Govt of Rajasthan,Vayam technologies Ltd,9,1
FCR Govt of Haryana,4G INFORMATICS,78,1
FCR Govt of Haryana,Academy of Management Studies,302,26
FCR Govt of Haryana,District IT Society Ambala,50,8
FCR Govt of Haryana,District IT Society Bhiwani,706,6
FCR Govt of Haryana,District IT Society Faridabad,273,23
FCR Govt of Haryana,District IT Society Fatehabad,793,21
FCR Govt of Haryana,District IT Society Gurgaon,118,6
FCR Govt of Haryana,District IT Society Hisar,644,57
FCR Govt of Haryana,District IT Society Jhajjar,816,24
FCR Govt of Haryana,District IT Society Kaithal,533,24
FCR Govt of Haryana,District IT Society Karnal,104,4
FCR Govt of Haryana,District IT Society Kurukshetra,365,20
FCR Govt of Haryana,District IT Society Mahendragarh,541,21
FCR Govt of Haryana,District IT Society Mewat,541,17
FCR Govt of Haryana,District IT Society Palwal,316,32
FCR Govt of Haryana,District IT Society Panchkula,224,13
FCR Govt of Haryana,District IT Society Panipat,83,28
FCR Govt of Haryana,District IT Society Rewari,388,22
FCR Govt of Haryana,District IT Society Rohtak,286,16
FCR Govt of Haryana,District IT Society Sirsa,448,62
FCR Govt of Haryana,District IT Society Sonipat,165,29
FCR Govt of Haryana,District IT Society Yamuna Nagar,201,12
FCR Govt of Haryana,Radiant Info Systems Ltd,391,9
FCR Govt of Haryana,SoftAge Information Technology Limited,1965,77
FCR Govt of Haryana,Vayam technologies Ltd,5,0
FCS Govt of Punjab,Alankit Assignments Limited,1,0
FCS Govt of Punjab,District Sukhmani Society  Jalandhar  Punjab,74,8
FCS Govt of Punjab,District Sukhmani Society  Ludhiana  Punjab,291,20
FCS Govt of Punjab,District Sukhmani Society  Moga  Punjab,63,8
FCS Govt of Punjab,District Sukhmani Society Amritsar Punjab,155,11
FCS Govt of Punjab,District Sukhmani Society Barnala Punjab,95,8
FCS Govt of Punjab,District Sukhmani Society Bathinda Punjab,98,6
FCS Govt of Punjab,District Sukhmani Society Fatehgarh Sahib Punjab,192,4
FCS Govt of Punjab,District Sukhmani Society Fazilka Punjab,122,18
FCS Govt of Punjab,District Sukhmani Society Ferozepur Punjab,138,6
FCS Govt of Punjab,District Sukhmani Society For Citizen Services Mansa Punjab,170,5
FCS Govt of Punjab,District Sukhmani Society For Citizen Services Nawanshahr Punjab,162,13
FCS Govt of Punjab,District Sukhmani Society For Citizen Services SAS Nagar District e-Governance Society Punjab,44,6
FCS Govt of Punjab,District Sukhmani Society Pathankot Punjab,22,4
FCS Govt of Punjab,District Sukhmani Society Patiala Punjab,124,8
FCS Govt of Punjab,District Sukhmani Society Rupnagar Punjab,169,5
FCS Govt of Punjab,District Sukhmani Society Sangrur Punjab,70,7
FCS Govt of Punjab,District Sukhmani Society Sri Muktsar Sahib Punjab,61,9
FCS Govt of Punjab,District Sukhmani Society Tarn Taran Punjab,86,5
FCS Govt of Punjab,Diwakar Commercials Pvt Ltd,1,0
FCS Govt of Punjab,Karvy Computershare Private Li,137,12
FCS Govt of Punjab,Sukhmani Society For Citizen Services  Kapurthala  Punjab,57,2
FCS Govt of Punjab,Sukhmani Society For Citizen Services Gurdaspur Punjab,0,1
FCS Govt of Punjab,Sukhmani Society For Citizens Services Faridkot Punjab,57,1
FCS Govt of Punjab,Suwidha Society Hoshiarpur Punjab,207,5
FCS Govt of Punjab,Vayam technologies Ltd,12,8
FCS Govt of Punjab,eCentric solutions pvt ltd,8,12
Govt of Andhra Pradesh,TechSmart India Pvt Ltd,1,0
Govt of Andhra Pradesh,Tera Software Ltd,0,1
Govt of Gujarat,GSS Infotech Ltd,290,24
Govt of Gujarat,Karvy Computershare Private Li,3791,206
Govt of Gujarat,Silver Touch Technologies Ltd,2065,62
Govt of Gujarat,Tera Software Ltd,1071,35
Govt of Gujarat,Vayam technologies Ltd,1,1
Govt of Gujarat,eCentric solutions pvt ltd,43,25
Govt of Himachal Pradesh,Department of IT  Govt. of HP,225,6
Govt of Himachal Pradesh,i-Grandee SoftwareTechnologies,12,2
Govt of Karnataka ,BNR UDYOG LIMITED,0,1
Govt of Karnataka ,Centre for e-Governance  GOK,3745,44
Govt of Karnataka ,EDCS GOK,563,66
Govt of Karnataka ,Wipro Ltd,1,0
Govt of Kerala,Akshaya,4501,135
Govt of Kerala,Keltron,79,0
Govt of Maharashtra,M/S King Computer System pvt Ltd,102,6
Govt of Maharashtra,M/s. Vidya Online  Pune,121,6
Govt of Maharashtra,Mahaonline Limited,1,0
Govt of Maharashtra,Narayana Electricals Solution Pvt Ltd,0,2
Govt of Maharashtra,Rudranee Infotech Ltd,90,6
Govt of Maharashtra,SETU MAHARASHTRA,1172,42
Govt of Maharashtra,SHREERAM PRINTING PRESS,25,19
Govt of Maharashtra,SILVER JUBILEE MOTORS LTD.,119,14
Govt of Maharashtra,Tera Software Ltd,1,0
Govt of Maharashtra,Transline Technologies P Ltd,0,3
Govt of Maharashtra,Vidarbha Infotech Pvt Ltd,0,4
Govt of Maharashtra,Wipro Ltd,1,0
Govt of Sikkim - Dept of Econo,Department of Economics Statistics  Monitoring and Evaluation DESME,3,10
IDBI Bank ltd,ATISHAY INFOTECH PVT. LTD.,575,53
IDBI Bank ltd,Matrix Processing House,329,16
IDBI Bank ltd,SREEVEN INFOCOM LIMITED,3231,114
IDBI Bank ltd,UTI TECHNOLOGY SERVICES LIMITE,1,0
Information Technology & Communication Department,Directorate of ESD,3687,539
NSDL e-Governance Infrastructure Limited,Abhipra Capital Ltd,129,22
NSDL e-Governance Infrastructure Limited,Alankit Assignments Limited,2,5
NSDL e-Governance Infrastructure Limited,Alankit Finsec Ltd,3042,324
NSDL e-Governance Infrastructure Limited,Alankit Limited,46,0
NSDL e-Governance Infrastructure Limited,Amar Constructions,786,65
NSDL e-Governance Infrastructure Limited,COMTECHINFO SOLUTIONS PVT.LTD,1,0
NSDL e-Governance Infrastructure Limited,Gujarat Infotech Ltd.,8468,497
NSDL e-Governance Infrastructure Limited,IAP COMPANY Pvt. Ltd,2,3
NSDL e-Governance Infrastructure Limited,Karvy Consultants Limited,1,1
NSDL e-Governance Infrastructure Limited,Karvy Data Management Services,16728,1710
NSDL e-Governance Infrastructure Limited,N.K. Sharma Enterprises Ltd.,784,27
NSDL e-Governance Infrastructure Limited,Netlink software Pvt Ltd,13,14
NSDL e-Governance Infrastructure Limited,Offshoot Agency Pvt. Ltd.,2313,100
NSDL e-Governance Infrastructure Limited,Ojus G Enterprises,1026,184
NSDL e-Governance Infrastructure Limited,Promind Solutions P Limited,436,91
NSDL e-Governance Infrastructure Limited,RELIGARE SECURITIES LTD,1954,150
NSDL e-Governance Infrastructure Limited,Radiant Haroti Industries India Ltd,0,1
NSDL e-Governance Infrastructure Limited,Ricoh India Limited,336,182
NSDL e-Governance Infrastructure Limited,S.J. Technologies,350,7
NSDL e-Governance Infrastructure Limited,SNR Edatas Pvt Ltd,31,1
NSDL e-Governance Infrastructure Limited,Sri Ramraja Sarkar Lok Kalyan Trust,7187,123
NSDL e-Governance Infrastructure Limited,Transline Technologies P Ltd,48,0
NSDL e-Governance Infrastructure Limited,Utility Forms Pvt Ltd,1133,26
NSDL e-Governance Infrastructure Limited,VIRGO SOFTECH LIMITED,5235,203
Principal Revenue Commissioner  Dept of Revenue  Govt of MP,Vedavaag Systems Limited,1,0
Project Coordinator UID Project Madhya Pradesh,A I Soc for Electronics and Comp Tech,8953,678
Project Coordinator UID Project Madhya Pradesh,DATASOFT COMPUTER SERVICES(P),230,31
Project Coordinator UID Project Madhya Pradesh,LYRA  CONSULTANCY SERVICE,1406,129
Project Coordinator UID Project Madhya Pradesh,MPOnline Limited,7019,362
Project Coordinator UID Project Madhya Pradesh,Matrix Processing House,1646,54
Project Coordinator UID Project Madhya Pradesh,OSWAL COMPUTERS & CONSULTANTS,1988,214
Project Coordinator UID Project Madhya Pradesh,Orion Security Solutions Private Ltd,1779,247
Project Coordinator UID Project Madhya Pradesh,Sixth Dimension Project Solutions Ltd,399,57
Punjab National Bank,Alankit Finsec Ltd,4939,395
Punjab National Bank,Eagle Software India Pvt. Ltd,4557,441
Punjab National Bank,MARS Telecom Systems Pvt Ltd,770,80
Punjab National Bank,Smart Chip Limited,3601,133
Punjab National Bank,Vayam technologies Ltd,1417,81
Punjab and Sind Bank,Matrix Processing House,2781,120
Registrar General India - BEL,Manipur Electronics Dev Corp,16,0
Registrar General India BEL2,Chinar Construction Company Prime agency,836,7
Registrar General India BEL2,Computer LAB,1,0
Registrar General India BEL2,Emdee Digitronics Pvt.Ltd.,77,1
Registrar General India BEL2,In Media Computer Services LLP,1972,25
Registrar General India BEL2,Karvy Data Management Services,7051,202
Registrar General India BEL2,MACRO INFOTECH PVT LTD,239,252
Registrar General India BEL2,Madras Security Printers Ltd,18,3
Registrar General India BEL2,Manipur Electronics Dev Corp,976,10
Registrar General India BEL2,Multiwave Innovation,42,9
Registrar General India BEL2,Netlink software Pvt Ltd,183,2
Registrar General India BEL2,Nevaeh Technology Pvt. Ltd.,1,0
Registrar General India BEL2,Nielsen  India  Private Limited,5,1
Registrar General India BEL2,Om Softwares,3,0
Registrar General India BEL2,Pariza Enterprises,69,1
Registrar General India BEL2,Radiant Haroti Industries India Ltd,0,5
Registrar General India BEL2,SNR Edatas Pvt Ltd,6797,698
Registrar General India BEL2,SREI INFRASTRUCTURE FINANCES L,471,16
Registrar General India BEL2,Swathy Smartcards Hi-Tech Pvt,18,0
Registrar General India BEL2,Tera Software Ltd,887,3
Registrar General India BEL2,UNITED DATA SERVICES PRIVATE LIMITED,136,159
Registrar General India BEL2,Viesa Technologies,5150,282
Registrar General India BEL2,WEBEL,3,0
Registrar General India ECIL,AVVAS INFOTECH PVT  LTD,1,0
Registrar General India ECIL,BUSINESS INFORMATION PROCESSING SERVICES,0,20
Registrar General India ECIL,COMTECH INSTITUTE OFTECHNOLOGY,8,1
Registrar General India ECIL,COMTECHINFO SOLUTIONS PVT.LTD,4145,76
Registrar General India ECIL,Chinar Construction Company Prime agency,4795,24
Registrar General India ECIL,Clairvoyance Technologies Pvt.,4,64
Registrar General India ECIL,Computer LAB,18795,850
Registrar General India ECIL,ECIL,4,0
Registrar General India ECIL,Eagle Software India Pvt. Ltd,19216,2772
Registrar General India ECIL,Emdee Digitronics Pvt.Ltd.,1806,68
Registrar General India ECIL,In Media Computer Services LLP,9892,174
Registrar General India ECIL,India Computer Technology,8818,528
Registrar General India ECIL,Integrated Systems & Services,2,2
Registrar General India ECIL,Karvy Data Management Services,632,111
Registrar General India ECIL,LYRA  CONSULTANCY SERVICE,11,7
Registrar General India ECIL,Madras Security Printers Ltd,319,85
Registrar General India ECIL,Mphasis Ltd,0,1
Registrar General India ECIL,SARADA SYSTEMS,1493,293
Registrar General India ECIL,SWISSTECH NPR 57CR PROJECT PVT,5,1
Registrar General India ECIL,Tera Software Ltd,1,0
Registrar General India ECIL,The NSIC ltd,2640,201
Registrar General India ECIL,WEBEL TECHNOLOGY LIMITED,243,26
Registrar General India Others,Clairvoyance Technologies Pvt.,3,0
Registrar General of India ITI,COMTECH INSTITUTE OFTECHNOLOGY,2,0
Registrar General of India ITI,Eagle Software India Pvt. Ltd,244,34
Registrar General of India ITI,Emdee Digitronics Pvt.Ltd.,8420,315
Registrar General of India ITI,In Media Computer Services LLP,587,7
Registrar General of India ITI,Karvy Data Management Services,0,3
Registrar General of India ITI,LYRA  CONSULTANCY SERVICE,119,2
Registrar General of India ITI,Madras Security Printers Ltd,1261,93
Registrar General of India ITI,Netlink software Pvt Ltd,467,53
Registrar General of India ITI,Nevaeh Technology Pvt. Ltd.,1811,0
Registrar General of India ITI,SNR Edatas Pvt Ltd,0,82
Registrar General of India ITI,VIRGO SOFTECH LIMITED,1,19
Registrar General of India ITI,Vedavaag Systems Limited,0,1
Registrar General of India ITI,WEBEL TECHNOLOGY LIMITED,4082,100
Registrar General of India ITI,Webx Technologies Private Limited,957,13
Rural Development Dept  Govt. of Bihar,Bloom Solutions Pvt Ltd,2192,97
Rural Development Dept  Govt. of Bihar,Computer LAB,900,176
Rural Development Dept  Govt. of Bihar,Emdee Digitronics Pvt.Ltd.,1841,143
Rural Development Dept  Govt. of Bihar,FINANCIAL INFORMATION NETWORK,997,90
Rural Development Dept  Govt. of Bihar,M2C Private Solution,1000,117
Rural Development Dept  Govt. of Bihar,MKS Enterprises,223,11
Rural Development Dept  Govt. of Bihar,Orion Security Solutions Private Ltd,403,9
Rural Development Dept  Govt. of Bihar,Urmila Info solution,1258,114
State Bank of India,FINANCIAL INFORMATION NETWORK,9384,649
State Bank of India,Smart Chip Limited,1524,22
State Bank of India,Utility Forms Pvt Ltd,6233,286
UIDAI-Registrar,UIDAI-EA,58,109
UTI Infrastructure Technology & Services Limited,Houston Technologies Limited,37,5
UTI Infrastructure Technology & Services Limited,Omnitech Infosolutions Ltd,1907,81
Union Bank,FINANCIAL INFORMATION NETWORK,18395,1297
Union Bank,Smart Chip Limited,11,2
Union Bank,Vakrangee Softwares Limited,5913,808
