Registrar,Enrolment Agency,Aadhaar generated,Enrolment Rejected
Allahabad Bank,A-Onerealtors Pvt Ltd,2590,100
Allahabad Bank,Agro Tech Engineers,118,6
Allahabad Bank,Asha Security Guard Services,2502,78
Allahabad Bank,Ayush Enterprises,126,20
Allahabad Bank,Corporate India Facilities Pvt Ltd,31,3
Allahabad Bank,Emdee Digitronics Pvt.Ltd.,269,23
Allahabad Bank,IL&FS LTD,52,0
Allahabad Bank,MEGHA VINCOM PVT LTD,1494,85
Allahabad Bank,Nevaeh Technology Pvt. Ltd.,4245,85
Allahabad Bank,Ortem Securities Limited,230,6
Allahabad Bank,PROTEX COMPUTER PVT LTD,74,5
Allahabad Bank,Radiant Haroti Industries India Ltd,1,0
Allahabad Bank,Redim Software Technologies Pvt Ltd,442,34
Allahabad Bank,SGS INDIA PVT LTD,4741,118
Allahabad Bank,Sri Ramraja Sarkar Lok Kalyan Trust,2,0
Allahabad Bank,Tera Software Ltd,1,0
Allahabad Bank,Transmoovers India,206,32
Allahabad Bank,VAP INFOSOLUTIONS,515,22
Allahabad Bank,Vakrangee Softwares Limited,6,0
Allahabad Bank,Vedavaag Systems Limited,1272,41
Atalji Janasnehi Directorate  Government of Karnataka,Atalji Janasnehi Directorate  GOK,16805,1444
Bank Of India,A3 Logics  India  Ltd,695,24
Bank Of India,Akanksha International,230,0
Bank Of India,CHESSY CONSULTANTS PVT LTD,87,1
Bank Of India,DATASOFT COMPUTER SERVICES(P),259,27
Bank Of India,Frontech Systems Pvt Ltd,731,48
Bank Of India,ITI LIMITED,8,0
Bank Of India,MANTRA SOFTTECH (INDIA) PVTLTD,4,0
Bank Of India,Matrix Processing House,1,0
Bank Of India,OSWAL COMPUTERS & CONSULTANTS,743,58
Bank Of India,PROTEX COMPUTER PVT LTD,459,13
Bank Of India,SARADA SYSTEMS,2330,77
Bank Of India,SHRIKRISHNA KHANDASARI SUGAR M,192,5
Bank Of India,SREI INFRASTRUCTURE FINANCES L,11905,486
Bank Of India,Systematic & Advance Const P L,26,0
Bank Of India,VEETECHNOLOGIES PVT. LTD,4557,251
Bank Of India,Vakrangee Softwares Limited,246,0
Bank of Baroda,DATASOFT COMPUTER SERVICES(P),301,0
Bank of Baroda,Global Finsol Private Limited,275,7
Bank of Baroda,IL&FS LTD,247,0
Bank of Maharashtra,Alankit Assignments Limited,2,0
Bank of Maharashtra,Bartronics India Limited,10,0
Bank of Maharashtra,Tera Software Ltd,1436,132
CSC e-Governance Services India Limited,A I Soc for Electronics and Comp Tech,12570,378
CSC e-Governance Services India Limited,AKSH OPTIFIBRE LIMITED,20783,658
CSC e-Governance Services India Limited,APOnline Limited,225,6
CSC e-Governance Services India Limited,Alankit Limited,155,7
CSC e-Governance Services India Limited,Amar Constructions,443,31
CSC e-Governance Services India Limited,BASIX,20978,816
CSC e-Governance Services India Limited,Binary Systems,373,22
CSC e-Governance Services India Limited,Bloom Solutions Pvt Ltd,5807,190
CSC e-Governance Services India Limited,CALANCE SOFTWARE PRIVATE LTD,1287,64
CSC e-Governance Services India Limited,CHIPS,14394,372
CSC e-Governance Services India Limited,CMS Computers Ltd,57245,1881
CSC e-Governance Services India Limited,CSC e-Governance Services India Limited,29606,1075
CSC e-Governance Services India Limited,Computer Print,1529,81
CSC e-Governance Services India Limited,Conatus Infocom Pvt. Ltd,483,32
CSC e-Governance Services India Limited,DATASOFT COMPUTER SERVICES(P),2514,179
CSC e-Governance Services India Limited,Digitcom Systems Pvt. Ltd.,957,78
CSC e-Governance Services India Limited,Ecartes Technology Pvt. Ltd,15,0
CSC e-Governance Services India Limited,Estex Telecom Pvt Ltd,1674,38
CSC e-Governance Services India Limited,Excel Technovation Pvt. Ltd,43,0
CSC e-Governance Services India Limited,Gem Computers,303,9
CSC e-Governance Services India Limited,Home Life Buildcon Pvt Ltd,3520,180
CSC e-Governance Services India Limited,HyperSoft Technologies Ltd,2073,99
CSC e-Governance Services India Limited,IAP COMPANY Pvt. Ltd,26094,1320
CSC e-Governance Services India Limited,Janta Silikon Consortium,4766,226
CSC e-Governance Services India Limited,Jeevan Deep Charitable Society,1770,82
CSC e-Governance Services India Limited,K W Consulting P Ltd,1,0
CSC e-Governance Services India Limited,MANTRA SOFTTECH (INDIA) PVTLTD,4761,184
CSC e-Governance Services India Limited,MEGHA VINCOM PVT LTD,1928,143
CSC e-Governance Services India Limited,Mahamritunjay Traders,4638,252
CSC e-Governance Services India Limited,Mahaonline Limited,9231,369
CSC e-Governance Services India Limited,Murano India Pvt Ltd,1870,106
CSC e-Governance Services India Limited,NPS Technologies Pvt. Ltd,40001,1172
CSC e-Governance Services India Limited,NVR & ASSOCIATES LIMITED,2596,73
CSC e-Governance Services India Limited,National Cooperative Consumers Federation of India Limited,67,14
CSC e-Governance Services India Limited,Nekton IT India Pvt Ltd.,9250,112
CSC e-Governance Services India Limited,Netlink software Pvt Ltd,749,15
CSC e-Governance Services India Limited,Network for Information & Computer,4935,339
CSC e-Governance Services India Limited,Prakash Computer Services,1154,20
CSC e-Governance Services India Limited,Promind Solutions P Limited,7055,293
CSC e-Governance Services India Limited,Radiant Haroti Industries India Ltd,9786,531
CSC e-Governance Services India Limited,Raj Construction Co.,1535,99
CSC e-Governance Services India Limited,SGS INDIA PVT LTD,541,17
CSC e-Governance Services India Limited,SPANCO,2170,99
CSC e-Governance Services India Limited,SRR Infotech,2348,106
CSC e-Governance Services India Limited,Sahaj e-Village Limited,19116,343
CSC e-Governance Services India Limited,Saket Advertising Pvt. Ltd,52,4
CSC e-Governance Services India Limited,Sri Ramraja Sarkar Lok Kalyan Trust,324,16
CSC e-Governance Services India Limited,Super Printers,885,37
CSC e-Governance Services India Limited,Tera Software Ltd,10065,353
CSC e-Governance Services India Limited,Twinstar Industries Ltd.,1452,148
CSC e-Governance Services India Limited,United Telecoms e-Services Pvt Ltd,7714,394
CSC e-Governance Services India Limited,VIKALP MULTIMEDIA,597,38
CSC e-Governance Services India Limited,VISION COMPTECH INTEGRATOR LTD,3421,81
CSC e-Governance Services India Limited,Vakrangee Softwares Limited,2,0
CSC e-Governance Services India Limited,Vayam technologies Ltd,6823,254
CSC e-Governance Services India Limited,Vedavaag Systems Limited,13206,300
CSC e-Governance Services India Limited,Vigilant Corporate Services Pvt Ltd,434,14
CSC e-Governance Services India Limited,Virinchi Technologies Ltd,1304,47
CSC e-Governance Services India Limited,Yash Ornaments Pvt. Ltd,1989,116
CSC e-Governance Services India Limited,Zephyr System Pvt.Ltd.,13264,370
Canara Bank,FINANCIAL INFORMATION NETWORK,7371,345
Canara Bank,Karvy Data Management Services,3569,387
Canara Bank,Ojus Healthcare Private Limited,680,38
Canara Bank,Osiris Infotech Pvt. Ltd.,863,33
Canara Bank,Smart Chip Limited,37,15
Canara Bank,Swiss Tech India Pvt Ltd,7,0
Canara Bank,Virinchi Technologies Ltd,7902,335
Central Bank of India,CALANCE SOFTWARE PRIVATE LTD,185,0
Central Bank of India,Frontech Systems Pvt Ltd,6,0
Central Bank of India,GSS Infotech Ltd,2,0
Central Bank of India,IAP COMPANY Pvt. Ltd,18,0
Central Bank of India,IL&FS LTD,672,0
Central Bank of India,MANTRA SOFTTECH (INDIA) PVTLTD,26,0
Central Bank of India,SREI INFRASTRUCTURE FINANCES L,609,0
Central Bank of India,Tera Software Ltd,5,0
Central Bank of India,The Peerless General Finance,65,0
Civil Supplies - A&N Islands,India Computer Technology,4371,21
DENA BANK,77 Infosystems Pvt Ltd,305,11
DENA BANK,A-Onerealtors Pvt Ltd,882,38
DENA BANK,APEX Services,811,41
DENA BANK,AS International,671,34
DENA BANK,ATISHAY INFOTECH PVT. LTD.,3109,179
DENA BANK,AVVAS INFOTECH PVT  LTD,5910,277
DENA BANK,Advent Infomax Private Ltd,424,12
DENA BANK,Akhil Bhartiya Majdoor Shiksha Sewa Samiti,59,6
DENA BANK,Amar Constructions,2577,114
DENA BANK,Apnatech Consultancy Services Pvt Ltd,197,19
DENA BANK,Asha Security Guard Services,3443,77
DENA BANK,Asray Gram,511,36
DENA BANK,BNR UDYOG LIMITED,10,0
DENA BANK,Binary Systems,2434,31
DENA BANK,Bloom Solutions Pvt Ltd,2977,138
DENA BANK,Blue Circle Instrument,341,22
DENA BANK,Business Information Processing Services,785,77
DENA BANK,CALANCE SOFTWARE PRIVATE LTD,1380,102
DENA BANK,City Hawks Manpower Services & Consultancy,135,1
DENA BANK,DATASOFT COMPUTER SERVICES(P),1147,85
DENA BANK,DEVASHISH SECURITIES PVT. LTD.,2,0
DENA BANK,Eagle Software India Pvt. Ltd,1298,66
DENA BANK,Ecartes Technology Pvt. Ltd,768,24
DENA BANK,Emdee Digitronics Pvt.Ltd.,1,0
DENA BANK,FINANCIAL INFORMATION NETWORK,2428,108
DENA BANK,Gem Computers,57,4
DENA BANK,Gujarat Infotech Ltd.,2571,89
DENA BANK,HyperSoft Technologies Ltd,4,1
DENA BANK,IAP COMPANY Pvt. Ltd,8551,386
DENA BANK,India Computer Technology,70,13
DENA BANK,JNET Technologies Pvt.Ltd,99,33
DENA BANK,Jeevan Deep Charitable Society,259,20
DENA BANK,K W Consulting P Ltd,354,28
DENA BANK,M/S STAR DATA CENTRE,549,31
DENA BANK,M/s Gold Square Builders & Promoters Pvt. Ltd.,2687,108
DENA BANK,M2C Private Solution,3,0
DENA BANK,MARS Telecom Systems Pvt Ltd,143,12
DENA BANK,MEGHA VINCOM PVT LTD,1411,95
DENA BANK,MKS Enterprises,138,3
DENA BANK,Make India Smart Private Limited,1155,86
DENA BANK,Multiwave Innovation,876,129
DENA BANK,NVR & ASSOCIATES LIMITED,1305,62
DENA BANK,Netlink software Pvt Ltd,7960,369
DENA BANK,Nielsen  India  Private Limited,9946,699
DENA BANK,Offshoot Agency Pvt. Ltd.,358,9
DENA BANK,Ojus G Enterprises,29,1
DENA BANK,Om Softwares,661,61
DENA BANK,Ortem Securities Limited,129,11
DENA BANK,Radiant Haroti Industries India Ltd,3,0
DENA BANK,Ricoh India Limited,1149,81
DENA BANK,SGS INDIA PVT LTD,992,59
DENA BANK,Silver Touch Technologies Ltd,1806,55
DENA BANK,Sixth Dimension Project Solutions Ltd,500,29
DENA BANK,Soc for Advancement of Environ Science,159,23
DENA BANK,SoftAge Information Technology Limited,231,2
DENA BANK,Super Printers,2777,60
DENA BANK,Systematic & Advance Const P L,1,0
DENA BANK,TechSmart India Pvt Ltd,1411,61
DENA BANK,Tera Software Ltd,8,1
DENA BANK,The NSIC ltd,24,74
DENA BANK,Transline Technologies P Ltd,118,9
DENA BANK,UT Computers Educational & Welfare Soc,221,5
DENA BANK,Utility Forms Pvt Ltd,6,0
DENA BANK,VAP INFOSOLUTIONS,3259,124
DENA BANK,VISION COMPTECH INTEGRATOR LTD,4209,110
DENA BANK,Vedavaag Systems Limited,2664,73
DENA BANK,Virinchi Technologies Ltd,1661,68
DENA BANK,WEBEL,5967,279
DENA BANK,Wipro Ltd,11530,639
DENA BANK,Yash Ornaments Pvt. Ltd,80,3
DENA BANK,Zephyr System Pvt.Ltd.,6495,201
Delhi - Central DC,Smart Chip Limited,17,0
Delhi - East DC,DATASOFT COMPUTER SERVICES(P),2,0
Delhi - East DC,Tera Software Ltd,100,0
Delhi - ND DC,Smart Chip Limited,3,0
Delhi - NE DC,Alankit Assignments Limited,512,0
Delhi - NE DC,Smart ID,59,0
Delhi - North DC,DATASOFT COMPUTER SERVICES(P),31,0
Delhi - North DC,Smart Chip Limited,26,0
Delhi SW DC,STRATEGIC OUTSOURCING SERVICE,114,0
Delhi Urban Shelter Improvemen,STRATEGIC OUTSOURCING SERVICE,57,0
Delhi Urban Shelter Improvemen,Smart Chip Limited,3,0
Delhi Urban Shelter Improvemen,Tera Software Ltd,6,0
Delhi- South DC,Tera Software Ltd,86,0
Delhi- South DC,eCentric solutions pvt ltd,108,0
Delhi- West DC,Matrix Processing House,9,0
Delhi- West DC,VIRGO SOFTECH LIMITED,81,0
Delhi-NW DC,Karvy Computershare Private Li,98,0
Delhi-NW DC,STRATEGIC OUTSOURCING SERVICE,168,0
Department of Information Technology Govt of Jharkhand,Blue Circle Instrument,22,0
Department of Information Technology Govt of Jharkhand,IL&FS LTD,91,0
Department of Information Technology Govt of Jharkhand,MKS Enterprises,28,0
Department of Information Technology Govt of Jharkhand,Systematic & Advance Const P L,13,0
Dept of ITC Govt of Rajasthan,AKSH OPTIFIBRE LIMITED,7,1
Dept of ITC Govt of Rajasthan,ATISHAY INFOTECH PVT. LTD.,41,2
Dept of ITC Govt of Rajasthan,Academy of Management Studies,77,5
Dept of ITC Govt of Rajasthan,Alankit Finsec Ltd,0,1
Dept of ITC Govt of Rajasthan,Binary Systems,0,1
Dept of ITC Govt of Rajasthan,Business Information Processing Services,56,5
Dept of ITC Govt of Rajasthan,CMS Computers Ltd,402,34
Dept of ITC Govt of Rajasthan,COMTECH INSTITUTE OFTECHNOLOGY,577,44
Dept of ITC Govt of Rajasthan,DATASOFT COMPUTER SERVICES(P),326,34
Dept of ITC Govt of Rajasthan,FINANCIAL INFORMATION NETWORK,1749,137
Dept of ITC Govt of Rajasthan,Gujarat Infotech Ltd.,1,0
Dept of ITC Govt of Rajasthan,IAP COMPANY Pvt. Ltd,112,5
Dept of ITC Govt of Rajasthan,Karvy Data Management Services,503,30
Dept of ITC Govt of Rajasthan,M/s Sanish Choudhary,162,19
Dept of ITC Govt of Rajasthan,MEGHA VINCOM PVT LTD,579,29
Dept of ITC Govt of Rajasthan,Matrix Processing House,150,12
Dept of ITC Govt of Rajasthan,Multiwave Innovation,73,1
Dept of ITC Govt of Rajasthan,Osiris Infotech Pvt. Ltd.,96,2
Dept of ITC Govt of Rajasthan,Radiant Info Systems Ltd,37,6
Dept of ITC Govt of Rajasthan,Rajcomp Info Services Ltd,4707,215
Dept of ITC Govt of Rajasthan,Ricoh India Limited,215,14
Dept of ITC Govt of Rajasthan,SAR Technology,402,26
Dept of ITC Govt of Rajasthan,SREI INFRASTRUCTURE FINANCES L,47,5
Dept of ITC Govt of Rajasthan,TechSmart India Pvt Ltd,114,8
Dept of ITC Govt of Rajasthan,Transline Technologies P Ltd,161,2
Dept of ITC Govt of Rajasthan,UMC Technologies Pvt. Ltd,99,9
Dept of ITC Govt of Rajasthan,VIRGO SOFTECH LIMITED,1654,69
Dept of ITC Govt of Rajasthan,VISION COMPTECH INTEGRATOR LTD,10,7
Dept of ITC Govt of Rajasthan,Vakrangee Softwares Limited,556,31
Dept of ITC Govt of Rajasthan,Vayam technologies Ltd,14,1
FCR Govt of Haryana,4G INFORMATICS,73,7
FCR Govt of Haryana,Academy of Management Studies,287,15
FCR Govt of Haryana,District IT Society Ambala,187,3
FCR Govt of Haryana,District IT Society Bhiwani,1155,21
FCR Govt of Haryana,District IT Society Faridabad,505,27
FCR Govt of Haryana,District IT Society Fatehabad,905,19
FCR Govt of Haryana,District IT Society Gurgaon,150,6
FCR Govt of Haryana,District IT Society Hisar,1073,43
FCR Govt of Haryana,District IT Society Jhajjar,561,31
FCR Govt of Haryana,District IT Society Kaithal,246,21
FCR Govt of Haryana,District IT Society Karnal,623,19
FCR Govt of Haryana,District IT Society Kurukshetra,411,12
FCR Govt of Haryana,District IT Society Mahendragarh,944,16
FCR Govt of Haryana,District IT Society Mewat,428,16
FCR Govt of Haryana,District IT Society Palwal,435,58
FCR Govt of Haryana,District IT Society Panchkula,1074,31
FCR Govt of Haryana,District IT Society Panipat,257,12
FCR Govt of Haryana,District IT Society Rewari,281,26
FCR Govt of Haryana,District IT Society Rohtak,421,16
FCR Govt of Haryana,District IT Society Sirsa,481,28
FCR Govt of Haryana,District IT Society Sonipat,320,18
FCR Govt of Haryana,District IT Society Yamuna Nagar,179,4
FCR Govt of Haryana,Radiant Info Systems Ltd,259,14
FCR Govt of Haryana,SoftAge Information Technology Limited,2305,77
FCR Govt of Haryana,Vakrangee Softwares Limited,144,0
FCR Govt of Haryana,Vayam technologies Ltd,6,0
FCS Govt of Punjab,Alankit Assignments Limited,216,0
FCS Govt of Punjab,Alankit Finsec Ltd,16,0
FCS Govt of Punjab,CSS TECHNERGY LIMITED,5,0
FCS Govt of Punjab,Delhi Integrated MMTS Ltd,81,0
FCS Govt of Punjab,District Sukhmani Society  Jalandhar  Punjab,109,8
FCS Govt of Punjab,District Sukhmani Society  Ludhiana  Punjab,344,20
FCS Govt of Punjab,District Sukhmani Society  Moga  Punjab,23,1
FCS Govt of Punjab,District Sukhmani Society Amritsar Punjab,307,14
FCS Govt of Punjab,District Sukhmani Society Barnala Punjab,88,9
FCS Govt of Punjab,District Sukhmani Society Bathinda Punjab,186,6
FCS Govt of Punjab,District Sukhmani Society Fatehgarh Sahib Punjab,87,8
FCS Govt of Punjab,District Sukhmani Society Fazilka Punjab,105,6
FCS Govt of Punjab,District Sukhmani Society Ferozepur Punjab,70,2
FCS Govt of Punjab,District Sukhmani Society For Citizen Services Mansa Punjab,117,13
FCS Govt of Punjab,District Sukhmani Society For Citizen Services Nawanshahr Punjab,161,4
FCS Govt of Punjab,District Sukhmani Society For Citizen Services SAS Nagar District e-Governance Society Punjab,81,6
FCS Govt of Punjab,District Sukhmani Society Pathankot Punjab,28,1
FCS Govt of Punjab,District Sukhmani Society Patiala Punjab,129,8
FCS Govt of Punjab,District Sukhmani Society Rupnagar Punjab,77,10
FCS Govt of Punjab,District Sukhmani Society Sangrur Punjab,53,6
FCS Govt of Punjab,District Sukhmani Society Sri Muktsar Sahib Punjab,156,8
FCS Govt of Punjab,District Sukhmani Society Tarn Taran Punjab,107,5
FCS Govt of Punjab,Diwakar Commercials Pvt Ltd,929,0
FCS Govt of Punjab,Karvy Computershare Private Li,433,25
FCS Govt of Punjab,Sukhmani Society For Citizen Services  Kapurthala  Punjab,54,4
FCS Govt of Punjab,Sukhmani Society For Citizen Services Gurdaspur Punjab,2,0
FCS Govt of Punjab,Sukhmani Society For Citizens Services Faridkot Punjab,50,2
FCS Govt of Punjab,Suwidha Society Hoshiarpur Punjab,135,7
FCS Govt of Punjab,VIRGO SOFTECH LIMITED,686,0
FCS Govt of Punjab,VISESH INFOTECNICS LIMITED,175,0
FCS Govt of Punjab,Vayam technologies Ltd,40,4
FCS Govt of Punjab,eCentric solutions pvt ltd,23,2
Govt of Andhra Pradesh,Gouthami Educational Society,19,0
Govt of Andhra Pradesh,GrapeSoft,10,0
Govt of Andhra Pradesh,IL&FS LTD,19,0
Govt of Andhra Pradesh,INFRONICS SYSTEMS LTD,255,1
Govt of Andhra Pradesh,Madras Security Printers Ltd,2915,0
Govt of Andhra Pradesh,SREEVEN INFOCOM LIMITED,16,0
Govt of Andhra Pradesh,Smart Chip Limited,10,0
Govt of Andhra Pradesh,TechSmart India Pvt Ltd,277,0
Govt of Andhra Pradesh,Tera Software Ltd,70,0
Govt of Andhra Pradesh,eCentric solutions pvt ltd,331,0
Govt of Goa,COMAT TECHNOLOGIES P LTD,31,0
Govt of Goa,MARS Telecom Systems Pvt Ltd,165,0
Govt of Goa,Tera Software Ltd,6,0
Govt of Gujarat,GSS Infotech Ltd,520,19
Govt of Gujarat,Karvy Computershare Private Li,8222,144
Govt of Gujarat,Silver Touch Technologies Ltd,999,37
Govt of Gujarat,Tera Software Ltd,1439,39
Govt of Gujarat,Vayam technologies Ltd,1,0
Govt of Gujarat,eCentric solutions pvt ltd,135,7
Govt of Himachal Pradesh,Department of IT  Govt. of HP,373,28
Govt of Himachal Pradesh,IL&FS LTD,59,0
Govt of Himachal Pradesh,Wipro Ltd,231,1
Govt of Himachal Pradesh,i-Grandee SoftwareTechnologies,139,0
Govt of Karnataka ,COMAT TECHNOLOGIES P LTD,6,0
Govt of Karnataka ,Centre for e-Governance  GOK,4486,163
Govt of Karnataka ,EDCS GOK,1079,52
Govt of Karnataka ,GLODYNE TECHNOSERVE,8,0
Govt of Karnataka ,Integra Micro Systems Pvt.ltd,208,0
Govt of Karnataka ,MARS Telecom Systems Pvt Ltd,0,1
Govt of Karnataka ,SREEVEN INFOCOM LIMITED,2,1
Govt of Karnataka ,Tera Software Ltd,16,0
Govt of Karnataka ,Wipro Ltd,84,0
Govt of Kerala,Akshaya,11160,132
Govt of Kerala,Keltron,17,0
Govt of Madhya Pradesh,VIRGO SOFTECH LIMITED,2439,7
Govt of Maharashtra,Alankit Assignments Limited,683,0
Govt of Maharashtra,Alankit Finsec Ltd,2,0
Govt of Maharashtra,COMAT TECHNOLOGIES P LTD,185,0
Govt of Maharashtra,GSS Infotech Ltd,172,0
Govt of Maharashtra,Global Finsol Private Limited,20,0
Govt of Maharashtra,Karvy Computershare Private Li,85,0
Govt of Maharashtra,M/S King Computer System pvt Ltd,252,5
Govt of Maharashtra,M/s. Vidya Online  Pune,302,7
Govt of Maharashtra,Mahaonline Limited,142,0
Govt of Maharashtra,Rudranee Infotech Ltd,143,4
Govt of Maharashtra,SETU MAHARASHTRA,1014,45
Govt of Maharashtra,SHREERAM PRINTING PRESS,140,5
Govt of Maharashtra,SILVER JUBILEE MOTORS LTD.,138,7
Govt of Maharashtra,SPANCO,21,0
Govt of Maharashtra,STRATEGIC OUTSOURCING SERVICE,36,0
Govt of Maharashtra,Silver Touch Technologies Ltd,5,0
Govt of Maharashtra,Smart Chip Limited,10,0
Govt of Maharashtra,TechSmart India Pvt Ltd,3,0
Govt of Maharashtra,Tera Software Ltd,619,0
Govt of Maharashtra,Wep Solution India Limited,157,0
Govt of Maharashtra,Wipro Ltd,756,1
Govt of Sikkim - Dept of Econo,4G IDENTITY SOLUTIONS,130,0
Govt of Sikkim - Dept of Econo,Department of Economics Statistics  Monitoring and Evaluation DESME,13,1
IDBI Bank ltd,ATISHAY INFOTECH PVT. LTD.,616,55
IDBI Bank ltd,Matrix Processing House,714,7
IDBI Bank ltd,SREEVEN INFOCOM LIMITED,5270,134
IGNOU,VIRGO SOFTECH LIMITED,34,0
IGNOU,Vakrangee Softwares Limited,1,0
Indian Bank,GSS Infotech Ltd,1,0
Indian Bank,i-Grandee SoftwareTechnologies,1,0
Indian Overseas Bank,Karvy Computershare Private Li,3,0
Indiapost,4G IDENTITY SOLUTIONS,76,0
Indiapost,COMAT TECHNOLOGIES P LTD,12,0
Indiapost,Delhi Integrated MMTS Ltd,78,0
Indiapost,Eagle press pvt ltd,10,0
Indiapost,GLODYNE TECHNOSERVE,1,0
Indiapost,GSS Infotech Ltd,10,0
Indiapost,Global Finsol Private Limited,488,0
Indiapost,IL&FS LTD,349,0
Indiapost,Madras Security Printers Ltd,6,0
Indiapost,Smart Chip Limited,7,0
Indiapost,The NSIC ltd,2,0
Indiapost,The Peerless General Finance,30,0
Indiapost,UTI TECHNOLOGY SERVICES LIMITE,135,0
Indiapost,WEBEL,1,0
Indiapost,eCentric solutions pvt ltd,100,0
Information Technology & Communication Department,4G INFORMATICS,1,0
Information Technology & Communication Department,BNR UDYOG LIMITED,0,1
Information Technology & Communication Department,Bloom Solutions Pvt Ltd,4,0
Information Technology & Communication Department,Directorate of ESD,8474,404
Information Technology & Communication Department,GDC Advertising Pvt. Limited,1,0
Information Technology & Communication Department,SREEVEN INFOCOM LIMITED,1,0
Jharkhand,Alankit Assignments Limited,2,0
Jharkhand,Blue Circle Instrument,72,0
Jharkhand,Emdee Digitronics Pvt.Ltd.,1,0
Jharkhand,IL&FS LTD,4,0
Jharkhand,MKS Enterprises,26,0
Jharkhand,Nevaeh Technology Pvt. Ltd.,8,0
Jharkhand,STRATEGIC OUTSOURCING SERVICE,24,0
Jharkhand,Smart ID,13,0
Jharkhand,Systematic & Advance Const P L,32,0
Jharkhand,VISION COMPTECH INTEGRATOR LTD,330,0
Jharkhand,Wipro Ltd,906,0
Life Insurance Corporation,COMAT TECHNOLOGIES P LTD,2,0
Life Insurance Corporation,eCentric solutions pvt ltd,5,0
Mission Convergence - GNCT Del,Alankit Assignments Limited,6,0
Mission Convergence - GNCT Del,IL&FS LTD,10,0
Mission Convergence - GNCT Del,Karvy Computershare Private Li,4,0
Mission Convergence - GNCT Del,STRATEGIC OUTSOURCING SERVICE,6,0
Mission Convergence - GNCT Del,Smart Chip Limited,2,0
Mission Convergence - GNCT Del,Tera Software Ltd,2,0
Mission Convergence - GNCT Del,eCentric solutions pvt ltd,50,0
NSDL e-Governance Infrastructure Limited,Abhipra Capital Ltd,623,18
NSDL e-Governance Infrastructure Limited,Alankit Assignments Limited,11,0
NSDL e-Governance Infrastructure Limited,Alankit Finsec Ltd,5233,278
NSDL e-Governance Infrastructure Limited,Alankit Limited,52,3
NSDL e-Governance Infrastructure Limited,Amar Constructions,865,50
NSDL e-Governance Infrastructure Limited,COMTECHINFO SOLUTIONS PVT.LTD,6,0
NSDL e-Governance Infrastructure Limited,Gujarat Infotech Ltd.,13698,609
NSDL e-Governance Infrastructure Limited,IAP COMPANY Pvt. Ltd,63,3
NSDL e-Governance Infrastructure Limited,Karvy Consultants Limited,6,0
NSDL e-Governance Infrastructure Limited,Karvy Data Management Services,32663,1581
NSDL e-Governance Infrastructure Limited,N.K. Sharma Enterprises Ltd.,674,22
NSDL e-Governance Infrastructure Limited,Netlink software Pvt Ltd,27,5
NSDL e-Governance Infrastructure Limited,Offshoot Agency Pvt. Ltd.,1023,49
NSDL e-Governance Infrastructure Limited,Ojus G Enterprises,1522,1014
NSDL e-Governance Infrastructure Limited,PROWIZ MANSYTEMS PVT LTD,16,0
NSDL e-Governance Infrastructure Limited,Promind Solutions P Limited,654,50
NSDL e-Governance Infrastructure Limited,RELIGARE SECURITIES LTD,3015,207
NSDL e-Governance Infrastructure Limited,Radiant Haroti Industries India Ltd,2,0
NSDL e-Governance Infrastructure Limited,Ricoh India Limited,1542,299
NSDL e-Governance Infrastructure Limited,S.J. Technologies,156,6
NSDL e-Governance Infrastructure Limited,SNR Edatas Pvt Ltd,257,0
NSDL e-Governance Infrastructure Limited,Sri Ramraja Sarkar Lok Kalyan Trust,3172,130
NSDL e-Governance Infrastructure Limited,Transline Technologies P Ltd,42,3
NSDL e-Governance Infrastructure Limited,Utility Forms Pvt Ltd,2082,76
NSDL e-Governance Infrastructure Limited,VFS Global Services Pvt. Ltd,87,1
NSDL e-Governance Infrastructure Limited,VIRGO SOFTECH LIMITED,6134,301
National Institute of Electronics & Information Technology,Alankit Finsec Ltd,47,0
Oriental Bank of Commerce,DATASOFT COMPUTER SERVICES(P),168,0
Oriental Bank of Commerce,FINANCIAL INFORMATION NETWORK,1,0
Oriental Bank of Commerce,IL&FS LTD,24,0
Oriental Bank of Commerce,Sri Ramraja Sarkar Lok Kalyan Trust,1,0
Oriental Bank of Commerce,Wipro Ltd,51,0
Project Coordinator UID Project Madhya Pradesh,A I Soc for Electronics and Comp Tech,16921,515
Project Coordinator UID Project Madhya Pradesh,DATASOFT COMPUTER SERVICES(P),713,33
Project Coordinator UID Project Madhya Pradesh,LYRA  CONSULTANCY SERVICE,2354,148
Project Coordinator UID Project Madhya Pradesh,MPOnline Limited,9642,443
Project Coordinator UID Project Madhya Pradesh,Matrix Processing House,625,34
Project Coordinator UID Project Madhya Pradesh,OSWAL COMPUTERS & CONSULTANTS,3568,260
Project Coordinator UID Project Madhya Pradesh,Orion Security Solutions Private Ltd,1484,100
Project Coordinator UID Project Madhya Pradesh,Sixth Dimension Project Solutions Ltd,1165,59
Punjab National Bank,Alankit Finsec Ltd,8918,348
Punjab National Bank,Eagle Software India Pvt. Ltd,3922,205
Punjab National Bank,MARS Telecom Systems Pvt Ltd,1333,36
Punjab National Bank,Smart Chip Limited,3191,141
Punjab National Bank,Vayam technologies Ltd,1538,146
Punjab and Sind Bank,Matrix Processing House,2657,121
RDD Govt of Tripura,Alankit Assignments Limited,72,1
Registrar General India - BEL,Manipur Electronics Dev Corp,3,3
Registrar General India BEL2,Alankit Assignments Limited,52,0
Registrar General India BEL2,Bharat Electronics Limited,1,0
Registrar General India BEL2,Chinar Construction Company Prime agency,406,22
Registrar General India BEL2,Computer LAB,1992,0
Registrar General India BEL2,Emdee Digitronics Pvt.Ltd.,85,2
Registrar General India BEL2,In Media Computer Services LLP,2527,30
Registrar General India BEL2,India Computer Technology,313,0
Registrar General India BEL2,Karvy Data Management Services,8428,173
Registrar General India BEL2,MACRO INFOTECH PVT LTD,1742,68
Registrar General India BEL2,Madras Security Printers Ltd,297,2
Registrar General India BEL2,Manipur Electronics Dev Corp,661,13
Registrar General India BEL2,Multiwave Innovation,155,7
Registrar General India BEL2,Netlink software Pvt Ltd,49,2
Registrar General India BEL2,Nevaeh Technology Pvt. Ltd.,0,2
Registrar General India BEL2,Nielsen  India  Private Limited,14,0
Registrar General India BEL2,Om Softwares,1,0
Registrar General India BEL2,Pariza Enterprises,264,3
Registrar General India BEL2,Radiant Haroti Industries India Ltd,1,1
Registrar General India BEL2,SNR Edatas Pvt Ltd,27762,703
Registrar General India BEL2,SREI INFRASTRUCTURE FINANCES L,834,34
Registrar General India BEL2,Swathy Smartcards Hi-Tech Pvt,3262,0
Registrar General India BEL2,Tera Software Ltd,1137,2
Registrar General India BEL2,UNITED DATA SERVICES PRIVATE LIMITED,2693,28
Registrar General India BEL2,Vansh Infotech Pvt Ltd,194,2
Registrar General India BEL2,Viesa Technologies,3558,278
Registrar General India ECIL,BUSINESS INFORMATION PROCESSING SERVICES,887,13
Registrar General India ECIL,COMTECH INSTITUTE OFTECHNOLOGY,2,0
Registrar General India ECIL,COMTECHINFO SOLUTIONS PVT.LTD,2821,60
Registrar General India ECIL,Chinar Construction Company Prime agency,3208,41
Registrar General India ECIL,Clairvoyance Technologies Pvt.,0,1
Registrar General India ECIL,Computer LAB,14512,1016
Registrar General India ECIL,ECIL,8,2
Registrar General India ECIL,Eagle Software India Pvt. Ltd,34480,1660
Registrar General India ECIL,Emdee Digitronics Pvt.Ltd.,1881,100
Registrar General India ECIL,In Media Computer Services LLP,9876,1202
Registrar General India ECIL,India Computer Technology,8262,710
Registrar General India ECIL,Integrated Systems & Services,0,1
Registrar General India ECIL,Karvy Data Management Services,9651,38
Registrar General India ECIL,LYRA  CONSULTANCY SERVICE,747,2
Registrar General India ECIL,Madras Security Printers Ltd,8790,165
Registrar General India ECIL,SARADA SYSTEMS,9512,206
Registrar General India ECIL,SWISSTECH NPR 57CR PROJECT PVT,9,1
Registrar General India ECIL,Tera Software Ltd,3,0
Registrar General India ECIL,The NSIC ltd,2440,222
Registrar General India ECIL,Vedavaag Systems Limited,0,3
Registrar General India ECIL,WEBEL TECHNOLOGY LIMITED,2900,21
Registrar General India Others,COMTECHINFO SOLUTIONS PVT.LTD,13,0
Registrar General India Others,Clairvoyance Technologies Pvt.,7,0
Registrar General India Others,In Media Computer Services LLP,1,0
Registrar General India Others,Tera Software Ltd,1,0
Registrar General of India ITI,Eagle Software India Pvt. Ltd,377,11
Registrar General of India ITI,Emdee Digitronics Pvt.Ltd.,8046,295
Registrar General of India ITI,In Media Computer Services LLP,673,3
Registrar General of India ITI,Karvy Data Management Services,0,2
Registrar General of India ITI,LYRA  CONSULTANCY SERVICE,79,1
Registrar General of India ITI,Madras Security Printers Ltd,1114,109
Registrar General of India ITI,Netlink software Pvt Ltd,682,44
Registrar General of India ITI,Nevaeh Technology Pvt. Ltd.,1468,2
Registrar General of India ITI,Quick Data IT Services Pvt Ltd,1,1
Registrar General of India ITI,SNR Edatas Pvt Ltd,7,12
Registrar General of India ITI,VIRGO SOFTECH LIMITED,1,2
Registrar General of India ITI,WEBEL TECHNOLOGY LIMITED,4443,60
Registrar General of India ITI,Webx Technologies Private Limited,1109,6
Rural Development Dept  Govt. of Bihar,Bloom Solutions Pvt Ltd,1104,80
Rural Development Dept  Govt. of Bihar,Computer LAB,2286,82
Rural Development Dept  Govt. of Bihar,Emdee Digitronics Pvt.Ltd.,5886,116
Rural Development Dept  Govt. of Bihar,FINANCIAL INFORMATION NETWORK,1191,97
Rural Development Dept  Govt. of Bihar,M2C Private Solution,360,45
Rural Development Dept  Govt. of Bihar,MKS Enterprises,704,11
Rural Development Dept  Govt. of Bihar,Orion Security Solutions Private Ltd,771,23
Rural Development Dept  Govt. of Bihar,Urmila Info solution,2686,206
STATE BANK OF HYDERABAD,CSS TECHNERGY LIMITED,5,0
STATE BANK OF PATIALA,CSS TECHNERGY LIMITED,11,0
State Bank of Bikaner & Jaipur,Multiwave Innovation,77,0
State Bank of India,4G IDENTITY SOLUTIONS,148,0
State Bank of India,COMAT TECHNOLOGIES P LTD,15,0
State Bank of India,CSS TECHNERGY LIMITED,145,0
State Bank of India,Delhi Integrated MMTS Ltd,24,0
State Bank of India,Eagle press pvt ltd,90,0
State Bank of India,FINANCIAL INFORMATION NETWORK,11613,728
State Bank of India,IL&FS LTD,439,0
State Bank of India,Smart Chip Limited,3377,64
State Bank of India,Utility Forms Pvt Ltd,3971,195
State Bank of India,VIRGO SOFTECH LIMITED,93,0
Syndicate Bank,Smart Chip Limited,422,0
UIDAI-Registrar,UIDAI-EA,91,3
UT Of Daman and Diu,Alankit Assignments Limited,134,0
UT of Puducherry,Madras Security Printers Ltd,10,0
UTI Infrastructure Technology & Services Limited,Houston Technologies Limited,87,1
UTI Infrastructure Technology & Services Limited,Omnitech Infosolutions Ltd,2634,96
Union Bank,4G IDENTITY SOLUTIONS,1,0
Union Bank,FINANCIAL INFORMATION NETWORK,30957,1788
Union Bank,Smart Chip Limited,34,1
Union Bank,Vakrangee Softwares Limited,16481,610
United Bank of India,Atyati Technologies Pvt Ltd,40,0
