Registrar,Enrolment Agency,Aadhaar generated,Enrolment Rejected
Allahabad Bank,Asha Security Guard Services,41,33
Allahabad Bank,Nevaeh Technology Pvt. Ltd.,45,19
Allahabad Bank,SGS INDIA PVT LTD,228,37
Allahabad Bank,Vakrangee Softwares Limited,1,66
Allahabad Bank,Vedavaag Systems Limited,5,0
Bank Of India,A3 Logics  India  Ltd,217,43
Bank Of India,Akanksha International,4,14
Bank Of India,Blue Circle Instrument,77,11
Bank Of India,CHESSY CONSULTANTS PVT LTD,1,2
Bank Of India,DATASOFT COMPUTER SERVICES(P),4690,123
Bank Of India,Emdee Digitronics Pvt.Ltd.,6134,88
Bank Of India,Frontech Systems Pvt Ltd,404,86
Bank Of India,ITI LIMITED,0,16
Bank Of India,MANTRA SOFTTECH (INDIA) PVTLTD,0,9
Bank Of India,Matrix Processing House,1,13
Bank Of India,OSWAL COMPUTERS & CONSULTANTS,359,115
Bank Of India,PROTEX COMPUTER PVT LTD,614,33
Bank Of India,SARADA SYSTEMS,1546,83
Bank Of India,SHRIKRISHNA KHANDASARI SUGAR M,5,25
Bank Of India,SPANCO,0,9
Bank Of India,SREI INFRASTRUCTURE FINANCES L,6724,250
Bank Of India,Silver Touch Technologies Ltd,0,8
Bank Of India,Systematic & Advance Const P L,0,18
Bank Of India,VEETECHNOLOGIES PVT. LTD,2461,121
Bank Of India,Vakrangee Softwares Limited,0,79
Bank of Baroda,DATASOFT COMPUTER SERVICES(P),0,1
Bank of Baroda,Global Finsol Private Limited,1032,139
Bank of Maharashtra,FINANCIAL INFORMATION NETWORK,127,6
Bank of Maharashtra,Micro Technologies India Ltd,1,5
Bank of Maharashtra,Tera Software Ltd,542,285
CSC e-Governance Services India Limited,A I Soc for Electronics and Comp Tech,2079,330
CSC e-Governance Services India Limited,AKSH OPTIFIBRE LIMITED,2585,427
CSC e-Governance Services India Limited,BASIX,1732,441
CSC e-Governance Services India Limited,CALANCE SOFTWARE PRIVATE LTD,6,3
CSC e-Governance Services India Limited,CHIPS,201,14
CSC e-Governance Services India Limited,CMS Computers Ltd,4583,739
CSC e-Governance Services India Limited,CSC e-Governance Services India Limited,51,62
CSC e-Governance Services India Limited,Conatus Infocom Pvt. Ltd,45,22
CSC e-Governance Services India Limited,Intelligent Communication Sys India Ltd,307,50
CSC e-Governance Services India Limited,MANTRA SOFTTECH (INDIA) PVTLTD,1188,110
CSC e-Governance Services India Limited,Mahaonline Limited,971,134
CSC e-Governance Services India Limited,Nekton IT India Pvt Ltd.,972,147
CSC e-Governance Services India Limited,Network for Information & Computer,110,15
CSC e-Governance Services India Limited,Reliance Communication Limited,0,3
CSC e-Governance Services India Limited,SPANCO,2028,201
CSC e-Governance Services India Limited,SRR Infotech,196,18
CSC e-Governance Services India Limited,Sahaj e-Village Limited,4797,231
CSC e-Governance Services India Limited,Tera Software Ltd,145,19
CSC e-Governance Services India Limited,United Telecoms e-Services Pvt Ltd,1285,355
CSC e-Governance Services India Limited,VIKALP MULTIMEDIA,31,68
CSC e-Governance Services India Limited,Vakrangee Softwares Limited,8,26
CSC e-Governance Services India Limited,Vayam technologies Ltd,2722,125
CSC e-Governance Services India Limited,Vedavaag Systems Limited,2078,173
CSC e-Governance Services India Limited,Zephyr System Pvt.Ltd.,4556,225
Canara Bank,FINANCIAL INFORMATION NETWORK,36732,614
Canara Bank,Karvy Data Management Services,3614,358
Canara Bank,Ojus Healthcare Private Limited,407,27
Canara Bank,Osiris Infotech Pvt. Ltd.,9,4
Canara Bank,Smart Chip Limited,1552,109
Canara Bank,Virinchi Technologies Ltd,360,10
Central Bank of India,CALANCE SOFTWARE PRIVATE LTD,0,27
Central Bank of India,IAP COMPANY Pvt. Ltd,26,49
Central Bank of India,IL&FS LTD,0,5
Central Bank of India,MANTRA SOFTTECH (INDIA) PVTLTD,0,1
Central Bank of India,The Peerless General Finance,0,1
DENA BANK,A-Onerealtors Pvt Ltd,661,57
DENA BANK,APEX Services,82,18
DENA BANK,AS International,616,8
DENA BANK,ATISHAY INFOTECH PVT. LTD.,5276,108
DENA BANK,AVVAS INFOTECH PVT  LTD,10285,161
DENA BANK,Asha Security Guard Services,1957,287
DENA BANK,BNR UDYOG LIMITED,1,2
DENA BANK,Binary Systems,9,12
DENA BANK,Bloom Solutions Pvt Ltd,427,375
DENA BANK,Blue Circle Instrument,7420,62
DENA BANK,Business Information Processing Services,245,31
DENA BANK,CALANCE SOFTWARE PRIVATE LTD,4306,84
DENA BANK,DATASOFT COMPUTER SERVICES(P),9746,118
DENA BANK,DEVASHISH SECURITIES PVT. LTD.,0,4
DENA BANK,Eagle Software India Pvt. Ltd,27337,1502
DENA BANK,Emdee Digitronics Pvt.Ltd.,12611,354
DENA BANK,FINANCIAL INFORMATION NETWORK,17966,332
DENA BANK,Gem Computers,3,5
DENA BANK,HyperSoft Technologies Ltd,180,65
DENA BANK,IAP COMPANY Pvt. Ltd,5718,323
DENA BANK,India Computer Technology,0,2
DENA BANK,JNET Technologies Pvt.Ltd,0,2
DENA BANK,K W Consulting P Ltd,1215,215
DENA BANK,M/S STAR DATA CENTRE,135,16
DENA BANK,M/s Gold Square Builders & Promoters Pvt. Ltd.,1125,65
DENA BANK,MARS Telecom Systems Pvt Ltd,932,12
DENA BANK,MEGHA VINCOM PVT LTD,4970,426
DENA BANK,MKS Enterprises,929,17
DENA BANK,Make India Smart Private Limited,1066,29
DENA BANK,Multiwave Innovation,251,45
DENA BANK,NVR & ASSOCIATES LIMITED,422,25
DENA BANK,Narayana Electricals Solution Pvt Ltd,0,1
DENA BANK,Netlink software Pvt Ltd,3215,210
DENA BANK,Nielsen  India  Private Limited,6436,344
DENA BANK,Offshoot Agency Pvt. Ltd.,590,39
DENA BANK,Ortem Securities Limited,214,19
DENA BANK,Prodigy Systems and Services Private Limited,1,65
DENA BANK,Radiant Haroti Industries India Ltd,1176,45
DENA BANK,SGS INDIA PVT LTD,319,165
DENA BANK,Silver Touch Technologies Ltd,1336,44
DENA BANK,Sixth Dimension Project Solutions Ltd,911,35
DENA BANK,Soc for Advancement of Environ Science,339,32
DENA BANK,SoftAge Information Technology Limited,95,13
DENA BANK,Super Printers,2816,86
DENA BANK,Systematic & Advance Const P L,1,2
DENA BANK,TechSmart India Pvt Ltd,9899,359
DENA BANK,Tera Software Ltd,5289,332
DENA BANK,The NSIC ltd,0,12
DENA BANK,Transline Technologies P Ltd,924,29
DENA BANK,Utility Forms Pvt Ltd,7,11
DENA BANK,VAP INFOSOLUTIONS,1246,65
DENA BANK,VISION COMPTECH INTEGRATOR LTD,1517,58
DENA BANK,Vedavaag Systems Limited,3192,136
DENA BANK,Virinchi Technologies Ltd,1127,151
DENA BANK,WEBEL,5162,155
DENA BANK,Wipro Ltd,2327,187
DENA BANK,Zephyr System Pvt.Ltd.,4638,387
Delhi - Central DC,Smart Chip Limited,0,1
Delhi - East DC,DATASOFT COMPUTER SERVICES(P),0,3
Delhi - NE DC,Smart Chip Limited,0,6
Delhi - North DC,CALANCE SOFTWARE PRIVATE LTD,0,6
Delhi - North DC,NVR & ASSOCIATES LIMITED,1,8
Delhi - North DC,Smart Chip Limited,0,3
Delhi SW DC,STRATEGIC OUTSOURCING SERVICE,0,3
Delhi SW DC,VIRGO SOFTECH LIMITED,0,4
Delhi Urban Shelter Improvemen,Matrix Processing House,0,1
Delhi- South DC,Karvy Computershare Private Li,0,5
Delhi- South DC,eCentric solutions pvt ltd,0,18
Delhi- West DC,Smart Chip Limited,0,3
Delhi- West DC,VIRGO SOFTECH LIMITED,0,7
Delhi-NW DC,Karvy Computershare Private Li,1,10
Delhi-NW DC,STRATEGIC OUTSOURCING SERVICE,0,1
Department of Information Technology Govt of Jharkhand,Blue Circle Instrument,0,6
Department of Information Technology Govt of Jharkhand,IL&FS LTD,0,1
Department of Information Technology Govt of Jharkhand,MKS Enterprises,0,8
Department of Information Technology Govt of Jharkhand,Wipro Ltd,0,6
Dept of ITC Govt of Rajasthan,AKSH OPTIFIBRE LIMITED,63,29
Dept of ITC Govt of Rajasthan,ATISHAY INFOTECH PVT. LTD.,546,83
Dept of ITC Govt of Rajasthan,AVVAS INFOTECH PVT  LTD,613,22
Dept of ITC Govt of Rajasthan,Academy of Management Studies,1,14
Dept of ITC Govt of Rajasthan,Alankit Finsec Ltd,0,9
Dept of ITC Govt of Rajasthan,Binary Systems,30,122
Dept of ITC Govt of Rajasthan,Business Information Processing Services,669,157
Dept of ITC Govt of Rajasthan,CMS Computers Ltd,882,401
Dept of ITC Govt of Rajasthan,COMTECH INSTITUTE OFTECHNOLOGY,62,13
Dept of ITC Govt of Rajasthan,DATASOFT COMPUTER SERVICES(P),3307,82
Dept of ITC Govt of Rajasthan,FINANCIAL INFORMATION NETWORK,1308,360
Dept of ITC Govt of Rajasthan,Gem Computers,403,61
Dept of ITC Govt of Rajasthan,Gujarat Infotech Ltd.,258,34
Dept of ITC Govt of Rajasthan,IAP COMPANY Pvt. Ltd,299,46
Dept of ITC Govt of Rajasthan,Karvy Data Management Services,416,191
Dept of ITC Govt of Rajasthan,MANTRA SOFTTECH (INDIA) PVTLTD,0,3
Dept of ITC Govt of Rajasthan,MEGHA VINCOM PVT LTD,242,257
Dept of ITC Govt of Rajasthan,Matrix Processing House,65,60
Dept of ITC Govt of Rajasthan,Multiwave Innovation,221,25
Dept of ITC Govt of Rajasthan,Netlink software Pvt Ltd,0,3
Dept of ITC Govt of Rajasthan,Osiris Infotech Pvt. Ltd.,429,102
Dept of ITC Govt of Rajasthan,Radiant Haroti Industries India Ltd,1562,216
Dept of ITC Govt of Rajasthan,Radiant Info Systems Ltd,0,20
Dept of ITC Govt of Rajasthan,Ricoh India Limited,35,24
Dept of ITC Govt of Rajasthan,TechSmart India Pvt Ltd,3314,212
Dept of ITC Govt of Rajasthan,Transline Technologies P Ltd,510,230
Dept of ITC Govt of Rajasthan,UMC Technologies Pvt. Ltd,12,21
Dept of ITC Govt of Rajasthan,VIRGO SOFTECH LIMITED,0,14
Dept of ITC Govt of Rajasthan,VISION COMPTECH INTEGRATOR LTD,1,39
Dept of ITC Govt of Rajasthan,Vakrangee Softwares Limited,1833,639
Dept of ITC Govt of Rajasthan,Vayam technologies Ltd,1267,139
FCR Govt of Haryana,4G INFORMATICS,1,0
FCR Govt of Haryana,Academy of Management Studies,42,28
FCR Govt of Haryana,Radiant Info Systems Ltd,0,14
FCR Govt of Haryana,SoftAge Information Technology Limited,353,66
FCR Govt of Haryana,Vakrangee Softwares Limited,0,9
FCR Govt of Haryana,Vayam technologies Ltd,1,11
FCS Govt of Punjab,Alankit Assignments Limited,0,17
FCS Govt of Punjab,Alankit Finsec Ltd,0,30
FCS Govt of Punjab,CSS TECHNERGY LIMITED,0,66
FCS Govt of Punjab,Delhi Integrated MMTS Ltd,0,2
FCS Govt of Punjab,District Sukhmani Society  Jalandhar  Punjab,115,4
FCS Govt of Punjab,District Sukhmani Society  Ludhiana  Punjab,108,12
FCS Govt of Punjab,District Sukhmani Society  Moga  Punjab,14,4
FCS Govt of Punjab,District Sukhmani Society Amritsar Punjab,38,34
FCS Govt of Punjab,District Sukhmani Society Barnala Punjab,22,8
FCS Govt of Punjab,District Sukhmani Society Bathinda Punjab,32,14
FCS Govt of Punjab,District Sukhmani Society Fatehgarh Sahib Punjab,11,5
FCS Govt of Punjab,District Sukhmani Society Fazilka Punjab,57,8
FCS Govt of Punjab,District Sukhmani Society Ferozepur Punjab,2,3
FCS Govt of Punjab,District Sukhmani Society For Citizen Services Mansa Punjab,0,18
FCS Govt of Punjab,District Sukhmani Society For Citizen Services Nawanshahr Punjab,114,13
FCS Govt of Punjab,District Sukhmani Society For Citizen Services SAS Nagar District e-Governance Society Punjab,69,8
FCS Govt of Punjab,District Sukhmani Society Pathankot Punjab,5,1
FCS Govt of Punjab,District Sukhmani Society Patiala Punjab,0,6
FCS Govt of Punjab,District Sukhmani Society Rupnagar Punjab,113,2
FCS Govt of Punjab,District Sukhmani Society Sangrur Punjab,46,7
FCS Govt of Punjab,District Sukhmani Society Sri Muktsar Sahib Punjab,0,1
FCS Govt of Punjab,District Sukhmani Society Tarn Taran Punjab,79,2
FCS Govt of Punjab,Diwakar Commercials Pvt Ltd,0,12
FCS Govt of Punjab,Karvy Computershare Private Li,142,75
FCS Govt of Punjab,Sukhmani Society For Citizen Services  Kapurthala  Punjab,12,5
FCS Govt of Punjab,Sukhmani Society For Citizens Services Faridkot Punjab,79,8
FCS Govt of Punjab,Suwidha Society Hoshiarpur Punjab,126,5
FCS Govt of Punjab,Vayam technologies Ltd,33,13
FCS Govt of Punjab,eCentric solutions pvt ltd,815,63
Govt of Andhra Pradesh,Gouthami Educational Society,0,198
Govt of Andhra Pradesh,GrapeSoft,7,50
Govt of Andhra Pradesh,IL&FS LTD,0,3
Govt of Andhra Pradesh,INFRONICS SYSTEMS LTD,27,193
Govt of Andhra Pradesh,Madras Security Printers Ltd,0,27
Govt of Andhra Pradesh,SREEVEN INFOCOM LIMITED,0,37
Govt of Andhra Pradesh,TechSmart India Pvt Ltd,0,51
Govt of Andhra Pradesh,Tera Software Ltd,0,92
Govt of Andhra Pradesh,eCentric solutions pvt ltd,0,2
Govt of Goa,MARS Telecom Systems Pvt Ltd,0,3
Govt of Gujarat,GSS Infotech Ltd,0,12
Govt of Gujarat,Karvy Computershare Private Li,2,10
Govt of Gujarat,Silver Touch Technologies Ltd,500,52
Govt of Gujarat,Tera Software Ltd,15,58
Govt of Gujarat,Transline Technologies P Ltd,1,1
Govt of Gujarat,Vayam technologies Ltd,3,10
Govt of Gujarat,eCentric solutions pvt ltd,41,4
Govt of Himachal Pradesh,Wipro Ltd,0,3
Govt of Himachal Pradesh,i-Grandee SoftwareTechnologies,119,33
Govt of Karnataka ,BNR UDYOG LIMITED,0,2
Govt of Karnataka ,Bloom Solutions Pvt Ltd,0,2
Govt of Karnataka ,Integra Micro Systems Pvt.ltd,0,7
Govt of Karnataka ,MARS Telecom Systems Pvt Ltd,0,11
Govt of Karnataka ,Ninestars Information Technologies Ltd,0,19
Govt of Karnataka ,Om Softwares,0,1
Govt of Karnataka ,Origin ITFS Pvt Ltd,0,33
Govt of Karnataka ,SREEVEN INFOCOM LIMITED,0,21
Govt of Karnataka ,Tera Software Ltd,0,2
Govt of Kerala,Akshaya,1802,622
Govt of Kerala,Keltron,0,214
Govt of Madhya Pradesh,VIRGO SOFTECH LIMITED,0,16
Govt of Maharashtra,Alankit Assignments Limited,0,12
Govt of Maharashtra,Alankit Finsec Ltd,0,45
Govt of Maharashtra,Bharat Technical Solutions Private Limited,0,1
Govt of Maharashtra,Eagle press pvt ltd,6,5
Govt of Maharashtra,GLODYNE TECHNOSERVE,0,3
Govt of Maharashtra,GSS Infotech Ltd,0,4
Govt of Maharashtra,Global Finsol Private Limited,0,1
Govt of Maharashtra,Karvy Computershare Private Li,0,42
Govt of Maharashtra,M/S King Computer System pvt Ltd,0,119
Govt of Maharashtra,Mahaonline Limited,0,27
Govt of Maharashtra,Narayana Electricals Solution Pvt Ltd,0,3
Govt of Maharashtra,Netlink software Pvt Ltd,552,14
Govt of Maharashtra,Rudranee Infotech Ltd,0,6
Govt of Maharashtra,SETU MAHARASHTRA,151,15
Govt of Maharashtra,SHREERAM PRINTING PRESS,0,7
Govt of Maharashtra,SILVER JUBILEE MOTORS LTD.,1,0
Govt of Maharashtra,SPANCO,0,12
Govt of Maharashtra,STRATEGIC OUTSOURCING SERVICE,0,89
Govt of Maharashtra,Silver Touch Technologies Ltd,0,8
Govt of Maharashtra,TechSmart India Pvt Ltd,0,10
Govt of Maharashtra,Tera Software Ltd,0,20
Govt of Maharashtra,Transline Technologies P Ltd,0,10
Govt of Maharashtra,Vidarbha Infotech Pvt Ltd,3,12
Govt of Maharashtra,Wep Solution India Limited,0,4
Govt of Maharashtra,Wipro Ltd,0,26
Govt of Sikkim - Dept of Econo,4G IDENTITY SOLUTIONS,0,4
Govt of Sikkim - Dept of Econo,Department of Economics Statistics  Monitoring and Evaluation DESME,83,6
IDBI Bank ltd,ATISHAY INFOTECH PVT. LTD.,116,27
IDBI Bank ltd,Matrix Processing House,443,10
IDBI Bank ltd,Pioneer E Labs limited,0,1
IDBI Bank ltd,SREEVEN INFOCOM LIMITED,2,39
IDBI Bank ltd,UTI TECHNOLOGY SERVICES LIMITE,0,6
Indiapost,4G IDENTITY SOLUTIONS,0,13
Indiapost,Delhi Integrated MMTS Ltd,0,6
Indiapost,Global Finsol Private Limited,0,19
Indiapost,IL&FS LTD,0,6
Indiapost,M/S STAR DATA CENTRE,0,1
Indiapost,MARS Telecom Systems Pvt Ltd,0,30
Indiapost,Madras Security Printers Ltd,0,4
Indiapost,UTI TECHNOLOGY SERVICES LIMITE,0,1
Indiapost,Vayam technologies Ltd,1,2
Indiapost,WEBEL,0,2
Information Technology & Communication Department,4G INFORMATICS,0,28
Information Technology & Communication Department,BNR UDYOG LIMITED,1,21
Information Technology & Communication Department,Bloom Solutions Pvt Ltd,0,20
Information Technology & Communication Department,CSS TECHNERGY LIMITED,0,2
Information Technology & Communication Department,Directorate of ESD,11713,5239
Information Technology & Communication Department,GDC Advertising Pvt. Limited,0,7
Information Technology & Communication Department,JYOTHI COMPUTER SERVICES,0,26
Information Technology & Communication Department,Karvy Data Management Services,0,1
Information Technology & Communication Department,MARS Telecom Systems Pvt Ltd,64,44
Information Technology & Communication Department,SREEVEN INFOCOM LIMITED,0,28
Information Technology & Communication Department,Tera Software Ltd,0,36
Jharkhand,Blue Circle Instrument,0,1
Jharkhand,Emdee Digitronics Pvt.Ltd.,0,2
Jharkhand,MKS Enterprises,0,10
Jharkhand,Nevaeh Technology Pvt. Ltd.,0,2
Jharkhand,Systematic & Advance Const P L,0,4
Jharkhand,VISION COMPTECH INTEGRATOR LTD,0,21
Jharkhand,Wipro Ltd,0,110
Mission Convergence - GNCT Del,Karvy Computershare Private Li,0,10
Mission Convergence - GNCT Del,Matrix Processing House,0,2
Mission Convergence - GNCT Del,NVR & ASSOCIATES LIMITED,1,2
Mission Convergence - GNCT Del,eCentric solutions pvt ltd,0,16
NSDL e-Governance Infrastructure Limited,Abhipra Capital Ltd,91,50
NSDL e-Governance Infrastructure Limited,Alankit Assignments Limited,1,30
NSDL e-Governance Infrastructure Limited,Alankit Finsec Ltd,8178,684
NSDL e-Governance Infrastructure Limited,CALANCE SOFTWARE PRIVATE LTD,3,1
NSDL e-Governance Infrastructure Limited,Global Finsol Private Limited,0,2
NSDL e-Governance Infrastructure Limited,Gujarat Infotech Ltd.,2260,317
NSDL e-Governance Infrastructure Limited,INTEGRATED REGISTRY SERVICES LTD,0,1
NSDL e-Governance Infrastructure Limited,Karvy Data Management Services,28415,3449
NSDL e-Governance Infrastructure Limited,N.K. Sharma Enterprises Ltd.,519,7
NSDL e-Governance Infrastructure Limited,Netlink software Pvt Ltd,127,73
NSDL e-Governance Infrastructure Limited,Offshoot Agency Pvt. Ltd.,1133,65
NSDL e-Governance Infrastructure Limited,PROWIZ MANSYTEMS PVT LTD,1,14
NSDL e-Governance Infrastructure Limited,Promind Solutions P Limited,3694,295
NSDL e-Governance Infrastructure Limited,RELIGARE SECURITIES LTD,325,53
NSDL e-Governance Infrastructure Limited,Radiant Haroti Industries India Ltd,373,25
NSDL e-Governance Infrastructure Limited,Ricoh India Limited,761,49
NSDL e-Governance Infrastructure Limited,Sri Ramraja Sarkar Lok Kalyan Trust,262,150
NSDL e-Governance Infrastructure Limited,Utility Forms Pvt Ltd,2902,140
NSDL e-Governance Infrastructure Limited,VIRGO SOFTECH LIMITED,798,47
Oriental Bank of Commerce,DATASOFT COMPUTER SERVICES(P),4,3
Oriental Bank of Commerce,Euro Finmart Ltd,0,1
Oriental Bank of Commerce,FINANCIAL INFORMATION NETWORK,0,3
Oriental Bank of Commerce,IL&FS LTD,0,1
Oriental Bank of Commerce,JNET Technologies Pvt.Ltd,28,7
Oriental Bank of Commerce,Redim Software Technologies Pvt Ltd,0,19
Oriental Bank of Commerce,Sri Ramraja Sarkar Lok Kalyan Trust,0,20
Oriental Bank of Commerce,Wipro Ltd,0,16
Principal Revenue Commissioner  Dept of Revenue  Govt of MP,Frontech Systems Pvt Ltd,1,3
Principal Revenue Commissioner  Dept of Revenue  Govt of MP,GDC Advertising Pvt. Limited,1,2
Principal Revenue Commissioner  Dept of Revenue  Govt of MP,K W Consulting P Ltd,1,7
Principal Revenue Commissioner  Dept of Revenue  Govt of MP,LYRA  CONSULTANCY SERVICE,0,1
Principal Revenue Commissioner  Dept of Revenue  Govt of MP,Netlink software Pvt Ltd,0,3
Principal Revenue Commissioner  Dept of Revenue  Govt of MP,OSWAL COMPUTERS & CONSULTANTS,1,3
Principal Revenue Commissioner  Dept of Revenue  Govt of MP,Tera Software Ltd,0,3
Principal Revenue Commissioner  Dept of Revenue  Govt of MP,Vedavaag Systems Limited,145,3
Punjab National Bank,Eagle Software India Pvt. Ltd,17,1
Punjab National Bank,Smart Chip Limited,0,3
Punjab and Sind Bank,Matrix Processing House,666,34
RDD Govt of Tripura,Alankit Assignments Limited,0,14
Registrar General India BEL2,Alankit Assignments Limited,0,1
Registrar General India BEL2,Bharat Electronics Limited,3,4
Registrar General India BEL2,Chinar Construction Company Prime agency,534,22
Registrar General India BEL2,Computer LAB,6,7
Registrar General India BEL2,Emdee Digitronics Pvt.Ltd.,243,1028
Registrar General India BEL2,India Computer Technology,0,32
Registrar General India BEL2,Karvy Data Management Services,9107,79
Registrar General India BEL2,MACRO INFOTECH PVT LTD,11,0
Registrar General India BEL2,MKS Enterprises,0,2
Registrar General India BEL2,Madras Security Printers Ltd,1,53
Registrar General India BEL2,Manipur Electronics Dev Corp,1254,6
Registrar General India BEL2,Multiwave Innovation,0,32
Registrar General India BEL2,NVR & ASSOCIATES LIMITED,12,2
Registrar General India BEL2,Netlink software Pvt Ltd,1,7
Registrar General India BEL2,Nevaeh Technology Pvt. Ltd.,0,1
Registrar General India BEL2,Nielsen  India  Private Limited,0,3
Registrar General India BEL2,Om Softwares,0,16
Registrar General India BEL2,SREEVEN INFOCOM LIMITED,0,1
Registrar General India BEL2,SREI INFRASTRUCTURE FINANCES L,326,342
Registrar General India BEL2,Satyanarayana Raju Company Pvt ltd,3966,199
Registrar General India BEL2,Swathy Smartcards Hi-Tech Pvt,0,43
Registrar General India BEL2,Swiss Tech India Pvt Ltd,0,2
Registrar General India BEL2,Tera Software Ltd,74,165
Registrar General India BEL2,UNITED DATA SERVICES PRIVATE LIMITED,0,3
Registrar General India BEL2,VIRGO SOFTECH LIMITED,0,1
Registrar General India BEL2,Vansh Infotech Pvt Ltd,1,1
Registrar General India BEL2,Vayam technologies Ltd,0,2
Registrar General India BEL2,Vedavaag Systems Limited,1,11
Registrar General India BEL2,Viesa Technologies,1252,89
Registrar General India BEL2,WEBEL,0,1
Registrar General India ECIL,AVVAS INFOTECH PVT  LTD,0,9
Registrar General India ECIL,BUSINESS INFORMATION PROCESSING SERVICES,0,2
Registrar General India ECIL,COMTECH INSTITUTE OFTECHNOLOGY,1,1
Registrar General India ECIL,COMTECHINFO SOLUTIONS PVT.LTD,0,7
Registrar General India ECIL,Chinar Construction Company Prime agency,0,3
Registrar General India ECIL,Clairvoyance Technologies Pvt.,0,4
Registrar General India ECIL,Computer LAB,8281,188
Registrar General India ECIL,Eagle Software India Pvt. Ltd,52976,1307
Registrar General India ECIL,Esoft Consulting Limited,0,1
Registrar General India ECIL,In Media Computer Services LLP,3130,515
Registrar General India ECIL,India Computer Technology,108,120
Registrar General India ECIL,Integrated Systems & Services,899,3
Registrar General India ECIL,Karvy Data Management Services,1,6
Registrar General India ECIL,Krishna Infotech,0,312
Registrar General India ECIL,LYRA  CONSULTANCY SERVICE,784,2
Registrar General India ECIL,Madras Security Printers Ltd,76914,2402
Registrar General India ECIL,Mphasis Ltd,0,2
Registrar General India ECIL,Pioneer E Labs limited,0,8
Registrar General India ECIL,SWISSTECH NPR 57CR PROJECT PVT,3,204
Registrar General India ECIL,Tera Software Ltd,394,27
Registrar General India ECIL,Vedavaag Systems Limited,23,167
Registrar General India Others,Integrated Systems & Services,12,0
Registrar General of India ITI,Eagle Software India Pvt. Ltd,1,2
Registrar General of India ITI,Emdee Digitronics Pvt.Ltd.,61,21
Registrar General of India ITI,In Media Computer Services LLP,0,2
Registrar General of India ITI,Karvy Data Management Services,2,4
Registrar General of India ITI,Madras Security Printers Ltd,164,10
Registrar General of India ITI,Mphasis Ltd,0,3
Registrar General of India ITI,Multiwave Innovation,0,1
Registrar General of India ITI,Netlink software Pvt Ltd,14,5
Registrar General of India ITI,Nielsen  India  Private Limited,0,1
Registrar General of India ITI,SREEVEN INFOCOM LIMITED,0,2
Registrar General of India ITI,STRATEGIC OUTSOURCING SERVICE,0,1
Registrar General of India ITI,Satyanarayana Raju Company Pvt ltd,1,0
Registrar General of India ITI,Swathy Smartcards Hi-Tech Pvt,1,202
Registrar General of India ITI,TechSmart India Pvt Ltd,0,33
Registrar General of India ITI,VIRGO SOFTECH LIMITED,0,3
Registrar General of India ITI,Vedavaag Systems Limited,0,4
Registrar General of India ITI,WEBEL TECHNOLOGY LIMITED,0,17
Registrar General of India ITI,Webx Technologies Private Limited,3,0
STATE BANK OF HYDERABAD,CSS TECHNERGY LIMITED,0,1
STATE BANK OF PATIALA,CSS TECHNERGY LIMITED,0,1
State Bank of Bikaner & Jaipur,Multiwave Innovation,0,30
State Bank of India,4G IDENTITY SOLUTIONS,0,8
State Bank of India,CSS TECHNERGY LIMITED,0,8
State Bank of India,Delhi Integrated MMTS Ltd,0,1
State Bank of India,IL&FS LTD,0,1
State Bank of India,Smart Chip Limited,0,13
State Bank of India,VIRGO SOFTECH LIMITED,0,1
State Bank of Travancore,Tera Software Ltd,0,4
Syndicate Bank,Smart Chip Limited,0,3
UIDAI-Registrar,UIDAI-EA,63,2
UT of Puducherry,Madras Security Printers Ltd,0,3
Union Bank,FINANCIAL INFORMATION NETWORK,11323,1663
Union Bank,Smart Chip Limited,1214,429
Union Bank,Vakrangee Softwares Limited,2401,332
