Registrar,Enrolment Agency,Aadhaar generated,Enrolment Rejected
Allahabad Bank,Asha Security Guard Services,694,157
Allahabad Bank,Nevaeh Technology Pvt. Ltd.,526,97
Allahabad Bank,Vakrangee Softwares Limited,0,1
Allahabad Bank,Vedavaag Systems Limited,0,11
Bank Of India,A3 Logics  India  Ltd,184,48
Bank Of India,Akanksha International,25,3
Bank Of India,Blue Circle Instrument,39,22
Bank Of India,CHESSY CONSULTANTS PVT LTD,42,3
Bank Of India,DATASOFT COMPUTER SERVICES(P),1087,194
Bank Of India,Emdee Digitronics Pvt.Ltd.,462,31
Bank Of India,Frontech Systems Pvt Ltd,29,17
Bank Of India,Matrix Processing House,22,5
Bank Of India,OSWAL COMPUTERS & CONSULTANTS,125,200
Bank Of India,PROTEX COMPUTER PVT LTD,272,56
Bank Of India,SARADA SYSTEMS,193,77
Bank Of India,SHRIKRISHNA KHANDASARI SUGAR M,46,19
Bank Of India,SPANCO,5,1
Bank Of India,SREI INFRASTRUCTURE FINANCES L,3224,574
Bank Of India,Silver Touch Technologies Ltd,3,1
Bank Of India,Systematic & Advance Const P L,7,3
Bank Of India,VEETECHNOLOGIES PVT. LTD,132,106
Bank Of India,Vakrangee Softwares Limited,0,4
Bank of Baroda,Global Finsol Private Limited,218,40
Bank of Maharashtra,FINANCIAL INFORMATION NETWORK,5,25
Bank of Maharashtra,Micro Technologies India Ltd,10,4
Bank of Maharashtra,Tera Software Ltd,221,204
CSC e-Governance Services India Limited,A I Soc for Electronics and Comp Tech,941,303
CSC e-Governance Services India Limited,AKSH OPTIFIBRE LIMITED,1696,766
CSC e-Governance Services India Limited,BASIX,1066,551
CSC e-Governance Services India Limited,CALANCE SOFTWARE PRIVATE LTD,11,5
CSC e-Governance Services India Limited,CHIPS,38,6
CSC e-Governance Services India Limited,CMS Computers Ltd,2204,679
CSC e-Governance Services India Limited,CSC e-Governance Services India Limited,190,42
CSC e-Governance Services India Limited,Conatus Infocom Pvt. Ltd,71,42
CSC e-Governance Services India Limited,Intelligent Communication Sys India Ltd,17,60
CSC e-Governance Services India Limited,MANTRA SOFTTECH (INDIA) PVTLTD,150,26
CSC e-Governance Services India Limited,Mahaonline Limited,188,69
CSC e-Governance Services India Limited,Nekton IT India Pvt Ltd.,166,58
CSC e-Governance Services India Limited,Network for Information & Computer,238,37
CSC e-Governance Services India Limited,Reliance Communication Limited,16,1
CSC e-Governance Services India Limited,SPANCO,492,169
CSC e-Governance Services India Limited,SRR Infotech,76,28
CSC e-Governance Services India Limited,Sahaj e-Village Limited,1701,285
CSC e-Governance Services India Limited,Tera Software Ltd,11,14
CSC e-Governance Services India Limited,United Telecoms e-Services Pvt Ltd,92,338
CSC e-Governance Services India Limited,VIKALP MULTIMEDIA,23,125
CSC e-Governance Services India Limited,Vakrangee Softwares Limited,24,8
CSC e-Governance Services India Limited,Vayam technologies Ltd,2101,478
CSC e-Governance Services India Limited,Vedavaag Systems Limited,1995,177
CSC e-Governance Services India Limited,Zephyr System Pvt.Ltd.,345,174
Canara Bank,FINANCIAL INFORMATION NETWORK,4514,637
Canara Bank,Karvy Data Management Services,332,455
Canara Bank,Ojus Healthcare Private Limited,8,6
Canara Bank,Osiris Infotech Pvt. Ltd.,594,10
Canara Bank,Smart Chip Limited,2623,838
Canara Bank,Virinchi Technologies Ltd,11,6
Central Bank of India,IAP COMPANY Pvt. Ltd,84,16
Central Bank of India,The Peerless General Finance,5,0
DENA BANK,A-Onerealtors Pvt Ltd,736,84
DENA BANK,APEX Services,131,6
DENA BANK,AS International,10,6
DENA BANK,ATISHAY INFOTECH PVT. LTD.,2011,262
DENA BANK,AVVAS INFOTECH PVT  LTD,140,130
DENA BANK,Asha Security Guard Services,200,110
DENA BANK,BNR UDYOG LIMITED,14,1
DENA BANK,Binary Systems,533,108
DENA BANK,Bloom Solutions Pvt Ltd,366,615
DENA BANK,Blue Circle Instrument,347,73
DENA BANK,Business Information Processing Services,23,67
DENA BANK,CALANCE SOFTWARE PRIVATE LTD,265,184
DENA BANK,DATASOFT COMPUTER SERVICES(P),490,203
DENA BANK,DEVASHISH SECURITIES PVT. LTD.,1,0
DENA BANK,Eagle Software India Pvt. Ltd,424,164
DENA BANK,Emdee Digitronics Pvt.Ltd.,65,260
DENA BANK,FINANCIAL INFORMATION NETWORK,755,254
DENA BANK,Gem Computers,16,26
DENA BANK,Gujarat Infotech Ltd.,4,3
DENA BANK,HyperSoft Technologies Ltd,637,48
DENA BANK,IAP COMPANY Pvt. Ltd,3262,962
DENA BANK,India Computer Technology,17,42
DENA BANK,JNET Technologies Pvt.Ltd,14,0
DENA BANK,K W Consulting P Ltd,541,281
DENA BANK,M/S STAR DATA CENTRE,142,36
DENA BANK,M/s Gold Square Builders & Promoters Pvt. Ltd.,1473,128
DENA BANK,MARS Telecom Systems Pvt Ltd,54,133
DENA BANK,MEGHA VINCOM PVT LTD,133,420
DENA BANK,MKS Enterprises,101,61
DENA BANK,Make India Smart Private Limited,343,32
DENA BANK,Multiwave Innovation,279,147
DENA BANK,NVR & ASSOCIATES LIMITED,211,57
DENA BANK,Narayana Electricals Solution Pvt Ltd,1,3
DENA BANK,Netlink software Pvt Ltd,1332,192
DENA BANK,Nielsen  India  Private Limited,3752,1012
DENA BANK,Offshoot Agency Pvt. Ltd.,52,44
DENA BANK,Ortem Securities Limited,682,136
DENA BANK,Prodigy Systems and Services Private Limited,5,5
DENA BANK,Radiant Haroti Industries India Ltd,107,147
DENA BANK,SGS INDIA PVT LTD,1809,337
DENA BANK,Silver Touch Technologies Ltd,526,44
DENA BANK,Sixth Dimension Project Solutions Ltd,10,2
DENA BANK,Soc for Advancement of Environ Science,7,8
DENA BANK,SoftAge Information Technology Limited,1,5
DENA BANK,Super Printers,223,170
DENA BANK,Systematic & Advance Const P L,78,6
DENA BANK,TechSmart India Pvt Ltd,1039,597
DENA BANK,Tera Software Ltd,1318,451
DENA BANK,The NSIC ltd,0,5
DENA BANK,Transline Technologies P Ltd,295,118
DENA BANK,Utility Forms Pvt Ltd,307,10
DENA BANK,VAP INFOSOLUTIONS,557,135
DENA BANK,VISION COMPTECH INTEGRATOR LTD,885,110
DENA BANK,Vedavaag Systems Limited,1962,557
DENA BANK,Virinchi Technologies Ltd,1379,307
DENA BANK,WEBEL,2085,669
DENA BANK,Wipro Ltd,1037,365
DENA BANK,Zephyr System Pvt.Ltd.,832,555
Delhi - East DC,DATASOFT COMPUTER SERVICES(P),0,1
Delhi - North DC,CALANCE SOFTWARE PRIVATE LTD,0,3
Delhi - North DC,NVR & ASSOCIATES LIMITED,4,1
Delhi SW DC,VIRGO SOFTECH LIMITED,3,0
Delhi Urban Shelter Improvemen,Alankit Assignments Limited,0,1
Delhi- South DC,Karvy Computershare Private Li,0,1
Delhi- South DC,Smart Chip Limited,2,0
Delhi- South DC,Tera Software Ltd,0,1
Delhi- West DC,VIRGO SOFTECH LIMITED,0,1
Delhi-NW DC,Karvy Computershare Private Li,1,1
Department of Information Technology Govt of Jharkhand,Wipro Ltd,29,62
Dept of ITC Govt of Rajasthan,AKSH OPTIFIBRE LIMITED,47,212
Dept of ITC Govt of Rajasthan,ATISHAY INFOTECH PVT. LTD.,74,96
Dept of ITC Govt of Rajasthan,AVVAS INFOTECH PVT  LTD,9,2
Dept of ITC Govt of Rajasthan,Academy of Management Studies,17,15
Dept of ITC Govt of Rajasthan,Alankit Finsec Ltd,11,0
Dept of ITC Govt of Rajasthan,Binary Systems,39,156
Dept of ITC Govt of Rajasthan,Business Information Processing Services,27,78
Dept of ITC Govt of Rajasthan,CMS Computers Ltd,613,565
Dept of ITC Govt of Rajasthan,COMTECH INSTITUTE OFTECHNOLOGY,3,19
Dept of ITC Govt of Rajasthan,DATASOFT COMPUTER SERVICES(P),143,112
Dept of ITC Govt of Rajasthan,FINANCIAL INFORMATION NETWORK,2490,774
Dept of ITC Govt of Rajasthan,Gem Computers,3,10
Dept of ITC Govt of Rajasthan,Gujarat Infotech Ltd.,141,159
Dept of ITC Govt of Rajasthan,IAP COMPANY Pvt. Ltd,248,104
Dept of ITC Govt of Rajasthan,Karvy Data Management Services,225,51
Dept of ITC Govt of Rajasthan,MEGHA VINCOM PVT LTD,129,90
Dept of ITC Govt of Rajasthan,Matrix Processing House,187,111
Dept of ITC Govt of Rajasthan,Multiwave Innovation,1,5
Dept of ITC Govt of Rajasthan,Netlink software Pvt Ltd,5,3
Dept of ITC Govt of Rajasthan,Osiris Infotech Pvt. Ltd.,270,326
Dept of ITC Govt of Rajasthan,Radiant Haroti Industries India Ltd,530,365
Dept of ITC Govt of Rajasthan,Radiant Info Systems Ltd,13,60
Dept of ITC Govt of Rajasthan,Ricoh India Limited,8,8
Dept of ITC Govt of Rajasthan,SAR Technology,33,29
Dept of ITC Govt of Rajasthan,SREI INFRASTRUCTURE FINANCES L,8,8
Dept of ITC Govt of Rajasthan,TechSmart India Pvt Ltd,483,63
Dept of ITC Govt of Rajasthan,Transline Technologies P Ltd,608,38
Dept of ITC Govt of Rajasthan,UMC Technologies Pvt. Ltd,9,37
Dept of ITC Govt of Rajasthan,VIRGO SOFTECH LIMITED,9,0
Dept of ITC Govt of Rajasthan,VISION COMPTECH INTEGRATOR LTD,11,7
Dept of ITC Govt of Rajasthan,Vakrangee Softwares Limited,1555,753
Dept of ITC Govt of Rajasthan,Vayam technologies Ltd,353,487
FCR Govt of Haryana,4G INFORMATICS,3,5
FCR Govt of Haryana,Academy of Management Studies,1,2
FCR Govt of Haryana,Radiant Info Systems Ltd,1,13
FCR Govt of Haryana,SoftAge Information Technology Limited,9,9
FCR Govt of Haryana,Vayam technologies Ltd,6,15
FCS Govt of Punjab,District Sukhmani Society  Jalandhar  Punjab,66,7
FCS Govt of Punjab,District Sukhmani Society  Ludhiana  Punjab,21,12
FCS Govt of Punjab,District Sukhmani Society  Moga  Punjab,1,2
FCS Govt of Punjab,District Sukhmani Society Amritsar Punjab,28,22
FCS Govt of Punjab,District Sukhmani Society Barnala Punjab,8,5
FCS Govt of Punjab,District Sukhmani Society Bathinda Punjab,10,8
FCS Govt of Punjab,District Sukhmani Society Fatehgarh Sahib Punjab,70,7
FCS Govt of Punjab,District Sukhmani Society Fazilka Punjab,6,5
FCS Govt of Punjab,District Sukhmani Society Ferozepur Punjab,7,0
FCS Govt of Punjab,District Sukhmani Society For Citizen Services Mansa Punjab,1,0
FCS Govt of Punjab,District Sukhmani Society For Citizen Services Nawanshahr Punjab,13,4
FCS Govt of Punjab,District Sukhmani Society For Citizen Services SAS Nagar District e-Governance Society Punjab,16,7
FCS Govt of Punjab,District Sukhmani Society Pathankot Punjab,9,3
FCS Govt of Punjab,District Sukhmani Society Patiala Punjab,19,6
FCS Govt of Punjab,District Sukhmani Society Sangrur Punjab,26,9
FCS Govt of Punjab,District Sukhmani Society Sri Muktsar Sahib Punjab,23,16
FCS Govt of Punjab,District Sukhmani Society Tarn Taran Punjab,8,1
FCS Govt of Punjab,Karvy Computershare Private Li,103,85
FCS Govt of Punjab,Sukhmani Society For Citizen Services  Kapurthala  Punjab,7,2
FCS Govt of Punjab,Sukhmani Society For Citizen Services Gurdaspur Punjab,0,1
FCS Govt of Punjab,Sukhmani Society For Citizens Services Faridkot Punjab,8,3
FCS Govt of Punjab,Suwidha Society Hoshiarpur Punjab,48,6
FCS Govt of Punjab,Vayam technologies Ltd,19,9
FCS Govt of Punjab,eCentric solutions pvt ltd,63,37
Govt of Andhra Pradesh,Gouthami Educational Society,2,10
Govt of Andhra Pradesh,GrapeSoft,90,16
Govt of Andhra Pradesh,INFRONICS SYSTEMS LTD,5,4
Govt of Andhra Pradesh,SREEVEN INFOCOM LIMITED,1,0
Govt of Andhra Pradesh,TechSmart India Pvt Ltd,1,5
Govt of Andhra Pradesh,Tera Software Ltd,8,1
Govt of Goa,MARS Telecom Systems Pvt Ltd,6,1
Govt of Gujarat,GSS Infotech Ltd,6,1
Govt of Gujarat,Karvy Computershare Private Li,202,84
Govt of Gujarat,Silver Touch Technologies Ltd,167,99
Govt of Gujarat,Tera Software Ltd,261,20
Govt of Gujarat,Transline Technologies P Ltd,31,5
Govt of Gujarat,Vayam technologies Ltd,24,1
Govt of Gujarat,eCentric solutions pvt ltd,15,9
Govt of Himachal Pradesh,Wipro Ltd,3,0
Govt of Himachal Pradesh,i-Grandee SoftwareTechnologies,115,59
Govt of Karnataka ,BNR UDYOG LIMITED,18,2
Govt of Karnataka ,Bloom Solutions Pvt Ltd,17,1
Govt of Karnataka ,MARS Telecom Systems Pvt Ltd,31,4
Govt of Karnataka ,Ninestars Information Technologies Ltd,5,0
Govt of Karnataka ,Origin ITFS Pvt Ltd,58,6
Govt of Karnataka ,Radiant Info Systems Ltd,4,0
Govt of Karnataka ,SREEVEN INFOCOM LIMITED,21,3
Govt of Kerala,Akshaya,513,247
Govt of Kerala,Keltron,4,0
Govt of Maharashtra,Adcc Infocad Pvt.Ltd Nagpur,2,0
Govt of Maharashtra,Bharat Technical Solutions Private Limited,12,2
Govt of Maharashtra,Eagle press pvt ltd,4,0
Govt of Maharashtra,GLODYNE TECHNOSERVE,0,1
Govt of Maharashtra,Karvy Computershare Private Li,42,3
Govt of Maharashtra,M/S King Computer System pvt Ltd,3,0
Govt of Maharashtra,Narayana Electricals Solution Pvt Ltd,6,0
Govt of Maharashtra,Netlink software Pvt Ltd,19,0
Govt of Maharashtra,Rudranee Infotech Ltd,8,1
Govt of Maharashtra,SETU MAHARASHTRA,122,24
Govt of Maharashtra,SHREERAM PRINTING PRESS,4,0
Govt of Maharashtra,SILVER JUBILEE MOTORS LTD.,0,1
Govt of Maharashtra,SPANCO,12,1
Govt of Maharashtra,STRATEGIC OUTSOURCING SERVICE,27,2
Govt of Maharashtra,Silver Touch Technologies Ltd,8,1
Govt of Maharashtra,Systematic & Advance Const P L,2,0
Govt of Maharashtra,TechSmart India Pvt Ltd,8,7
Govt of Maharashtra,Tera Software Ltd,2,0
Govt of Maharashtra,Transline Technologies P Ltd,0,1
Govt of Maharashtra,Wipro Ltd,24,4
IDBI Bank ltd,ATISHAY INFOTECH PVT. LTD.,94,32
IDBI Bank ltd,Matrix Processing House,4,16
IDBI Bank ltd,SREEVEN INFOCOM LIMITED,122,11
IDBI Bank ltd,UTI TECHNOLOGY SERVICES LIMITE,8,0
Indiapost,Delhi Integrated MMTS Ltd,7,0
Indiapost,M/S STAR DATA CENTRE,2,0
Indiapost,MARS Telecom Systems Pvt Ltd,1,1
Indiapost,Smart Chip Limited,0,1
Indiapost,Vayam technologies Ltd,3,6
Indiapost,WEBEL,4,0
Information Technology & Communication Department,4G INFORMATICS,1,2
Information Technology & Communication Department,BNR UDYOG LIMITED,11,9
Information Technology & Communication Department,CSS TECHNERGY LIMITED,0,1
Information Technology & Communication Department,Directorate of ESD,12904,5606
Information Technology & Communication Department,JYOTHI COMPUTER SERVICES,2,2
Information Technology & Communication Department,MARS Telecom Systems Pvt Ltd,19,14
Information Technology & Communication Department,SREEVEN INFOCOM LIMITED,1,2
Information Technology & Communication Department,Tera Software Ltd,1,3
Jharkhand,MKS Enterprises,3,1
Jharkhand,Nevaeh Technology Pvt. Ltd.,3,1
Jharkhand,Systematic & Advance Const P L,0,1
Jharkhand,Wipro Ltd,25,30
Mission Convergence - GNCT Del,NVR & ASSOCIATES LIMITED,1,0
NSDL e-Governance Infrastructure Limited,Abhipra Capital Ltd,67,41
NSDL e-Governance Infrastructure Limited,Alankit Assignments Limited,32,6
NSDL e-Governance Infrastructure Limited,Alankit Finsec Ltd,3101,501
NSDL e-Governance Infrastructure Limited,Gujarat Infotech Ltd.,1480,374
NSDL e-Governance Infrastructure Limited,IAP COMPANY Pvt. Ltd,12,13
NSDL e-Governance Infrastructure Limited,INTEGRATED REGISTRY SERVICES LTD,1,0
NSDL e-Governance Infrastructure Limited,Karvy Data Management Services,14946,3236
NSDL e-Governance Infrastructure Limited,N.K. Sharma Enterprises Ltd.,61,19
NSDL e-Governance Infrastructure Limited,Netlink software Pvt Ltd,52,8
NSDL e-Governance Infrastructure Limited,Offshoot Agency Pvt. Ltd.,65,140
NSDL e-Governance Infrastructure Limited,PROWIZ MANSYTEMS PVT LTD,4,0
NSDL e-Governance Infrastructure Limited,Promind Solutions P Limited,3213,1148
NSDL e-Governance Infrastructure Limited,RELIGARE SECURITIES LTD,268,91
NSDL e-Governance Infrastructure Limited,Radiant Haroti Industries India Ltd,275,69
NSDL e-Governance Infrastructure Limited,Ricoh India Limited,245,167
NSDL e-Governance Infrastructure Limited,Sri Ramraja Sarkar Lok Kalyan Trust,3544,319
NSDL e-Governance Infrastructure Limited,Utility Forms Pvt Ltd,456,333
NSDL e-Governance Infrastructure Limited,VIRGO SOFTECH LIMITED,411,146
Oriental Bank of Commerce,DATASOFT COMPUTER SERVICES(P),12,6
Oriental Bank of Commerce,JNET Technologies Pvt.Ltd,5,1
Oriental Bank of Commerce,Redim Software Technologies Pvt Ltd,0,4
Oriental Bank of Commerce,Sri Ramraja Sarkar Lok Kalyan Trust,11,6
Oriental Bank of Commerce,Wipro Ltd,24,5
Principal Revenue Commissioner  Dept of Revenue  Govt of MP,Frontech Systems Pvt Ltd,5,4
Principal Revenue Commissioner  Dept of Revenue  Govt of MP,GDC Advertising Pvt. Limited,8,0
Principal Revenue Commissioner  Dept of Revenue  Govt of MP,K W Consulting P Ltd,19,3
Principal Revenue Commissioner  Dept of Revenue  Govt of MP,LYRA  CONSULTANCY SERVICE,4,1
Principal Revenue Commissioner  Dept of Revenue  Govt of MP,Netlink software Pvt Ltd,10,1
Principal Revenue Commissioner  Dept of Revenue  Govt of MP,OSWAL COMPUTERS & CONSULTANTS,5,1
Principal Revenue Commissioner  Dept of Revenue  Govt of MP,Tera Software Ltd,4,1
Principal Revenue Commissioner  Dept of Revenue  Govt of MP,The NSIC ltd,4,1
Principal Revenue Commissioner  Dept of Revenue  Govt of MP,Vedavaag Systems Limited,38,7
Punjab National Bank,Smart Chip Limited,3,0
Punjab and Sind Bank,Matrix Processing House,375,108
Registrar General India BEL2,Computer LAB,22,8
Registrar General India BEL2,Emdee Digitronics Pvt.Ltd.,12,0
Registrar General India BEL2,India Computer Technology,11,1
Registrar General India BEL2,Karvy Data Management Services,1,30
Registrar General India BEL2,MACRO INFOTECH PVT LTD,28,10
Registrar General India BEL2,MKS Enterprises,3,0
Registrar General India BEL2,Madras Security Printers Ltd,28,53
Registrar General India BEL2,Manipur Electronics Dev Corp,145,16
Registrar General India BEL2,Multiwave Innovation,108,89
Registrar General India BEL2,NVR & ASSOCIATES LIMITED,12,0
Registrar General India BEL2,Netlink software Pvt Ltd,29,2
Registrar General India BEL2,Nevaeh Technology Pvt. Ltd.,10,8
Registrar General India BEL2,Nielsen  India  Private Limited,3,3
Registrar General India BEL2,Om Softwares,0,13
Registrar General India BEL2,SREI INFRASTRUCTURE FINANCES L,2,5
Registrar General India BEL2,STRATEGIC OUTSOURCING SERVICE,99,8
Registrar General India BEL2,Satyanarayana Raju Company Pvt ltd,489,276
Registrar General India BEL2,Swathy Smartcards Hi-Tech Pvt,98,15
Registrar General India BEL2,Swiss Tech India Pvt Ltd,0,3
Registrar General India BEL2,Tera Software Ltd,80,19
Registrar General India BEL2,UNITED DATA SERVICES PRIVATE LIMITED,12,3
Registrar General India BEL2,Urmila Info solution,0,1
Registrar General India BEL2,VIRGO SOFTECH LIMITED,1,1
Registrar General India BEL2,Vansh Infotech Pvt Ltd,26,0
Registrar General India BEL2,Vayam technologies Ltd,0,1
Registrar General India BEL2,Vedavaag Systems Limited,161,6
Registrar General India BEL2,Viesa Technologies,404,161
Registrar General India BEL2,WEBEL,8,0
Registrar General India ECIL,AVVAS INFOTECH PVT  LTD,14,3
Registrar General India ECIL,COMTECH INSTITUTE OFTECHNOLOGY,53,1
Registrar General India ECIL,COMTECHINFO SOLUTIONS PVT.LTD,538,77
Registrar General India ECIL,Chinar Construction Company Prime agency,0,11
Registrar General India ECIL,Computer LAB,4396,1238
Registrar General India ECIL,Eagle Software India Pvt. Ltd,2128,1540
Registrar General India ECIL,Esoft Consulting Limited,3,0
Registrar General India ECIL,In Media Computer Services LLP,15,14
Registrar General India ECIL,India Computer Technology,21600,9648
Registrar General India ECIL,Integrated Systems & Services,296,9
Registrar General India ECIL,Karvy Data Management Services,126,50
Registrar General India ECIL,Krishna Infotech,0,1
Registrar General India ECIL,LYRA  CONSULTANCY SERVICE,534,470
Registrar General India ECIL,Madras Security Printers Ltd,2488,953
Registrar General India ECIL,Mphasis Ltd,2,70
Registrar General India ECIL,Nielsen  India  Private Limited,7,0
Registrar General India ECIL,SARADA SYSTEMS,4,1
Registrar General India ECIL,SWISSTECH NPR 57CR PROJECT PVT,20,3
Registrar General India ECIL,Tera Software Ltd,12,1
Registrar General India ECIL,Vedavaag Systems Limited,31,15
Registrar General India Others,Clairvoyance Technologies Pvt.,0,4
Registrar General India Others,Eagle Software India Pvt. Ltd,0,1
Registrar General India Others,WEBEL TECHNOLOGY LIMITED,0,1
Registrar General India Others,Webx Technologies Private Limited,0,1
Registrar General of India ITI,COMTECH INSTITUTE OFTECHNOLOGY,2,0
Registrar General of India ITI,CommunitiWorks Welfare Society,1,0
Registrar General of India ITI,Eagle Software India Pvt. Ltd,33,5
Registrar General of India ITI,Emdee Digitronics Pvt.Ltd.,824,52
Registrar General of India ITI,In Media Computer Services LLP,18,14
Registrar General of India ITI,Karvy Data Management Services,11,1
Registrar General of India ITI,MKS Enterprises,18,0
Registrar General of India ITI,Madras Security Printers Ltd,320,333
Registrar General of India ITI,Mphasis Ltd,3,0
Registrar General of India ITI,Multiwave Innovation,2,0
Registrar General of India ITI,Netlink software Pvt Ltd,36,4
Registrar General of India ITI,Nielsen  India  Private Limited,43,5
Registrar General of India ITI,PROTEX COMPUTER PVT LTD,0,1
Registrar General of India ITI,Quick Data IT Services Pvt Ltd,76,1
Registrar General of India ITI,SREI INFRASTRUCTURE FINANCES L,0,2
Registrar General of India ITI,Satyanarayana Raju Company Pvt ltd,6,0
Registrar General of India ITI,Swathy Smartcards Hi-Tech Pvt,1,7
Registrar General of India ITI,Swiss Tech India Pvt Ltd,6,0
Registrar General of India ITI,VIRGO SOFTECH LIMITED,8,12
Registrar General of India ITI,Vedavaag Systems Limited,118,42
Registrar General of India ITI,WEBEL TECHNOLOGY LIMITED,82,19
Registrar General of India ITI,Webx Technologies Private Limited,6,0
State Bank of Bikaner & Jaipur,Multiwave Innovation,0,1
UIDAI-Registrar,UIDAI-EA,20,6
UT Of Daman and Diu,Alankit Assignments Limited,1,0
UT of Puducherry,Madras Security Printers Ltd,1,0
Union Bank,FINANCIAL INFORMATION NETWORK,3485,1749
Union Bank,Smart Chip Limited,354,167
Union Bank,Vakrangee Softwares Limited,1274,258
