Registrar,Enrolment Agency,Aadhaar generated,Enrolment Rejected
Allahabad Bank,Asha Security Guard Services,1474,47
Allahabad Bank,Nevaeh Technology Pvt. Ltd.,1237,41
Allahabad Bank,SGS INDIA PVT LTD,61,0
Allahabad Bank,Vakrangee Softwares Limited,596,4
Allahabad Bank,Vedavaag Systems Limited,428,35
Bank Of India,A3 Logics  India  Ltd,2602,74
Bank Of India,Akanksha International,51,2
Bank Of India,Blue Circle Instrument,668,60
Bank Of India,CHESSY CONSULTANTS PVT LTD,38,15
Bank Of India,DATASOFT COMPUTER SERVICES(P),3766,388
Bank Of India,Emdee Digitronics Pvt.Ltd.,1186,98
Bank Of India,Frontech Systems Pvt Ltd,1124,58
Bank Of India,ITI LIMITED,277,1
Bank Of India,MANTRA SOFTTECH (INDIA) PVTLTD,8,0
Bank Of India,Matrix Processing House,114,6
Bank Of India,OSWAL COMPUTERS & CONSULTANTS,1318,187
Bank Of India,PROTEX COMPUTER PVT LTD,2977,51
Bank Of India,SARADA SYSTEMS,5354,219
Bank Of India,SHRIKRISHNA KHANDASARI SUGAR M,614,23
Bank Of India,SPANCO,65,2
Bank Of India,SREI INFRASTRUCTURE FINANCES L,33372,709
Bank Of India,Silver Touch Technologies Ltd,241,4
Bank Of India,Systematic & Advance Const P L,146,1
Bank Of India,VEETECHNOLOGIES PVT. LTD,4657,119
Bank Of India,Vakrangee Softwares Limited,1761,12
Bank of Baroda,Global Finsol Private Limited,1123,48
Bank of Baroda,IL&FS LTD,7,0
Bank of Maharashtra,Alankit Finsec Ltd,2,1
Bank of Maharashtra,FINANCIAL INFORMATION NETWORK,90,20
Bank of Maharashtra,Micro Technologies India Ltd,6,1
Bank of Maharashtra,Tera Software Ltd,2003,277
CSC e-Governance Services India Limited,A I Soc for Electronics and Comp Tech,6252,441
CSC e-Governance Services India Limited,AKSH OPTIFIBRE LIMITED,8778,837
CSC e-Governance Services India Limited,BASIX,5393,526
CSC e-Governance Services India Limited,CALANCE SOFTWARE PRIVATE LTD,84,37
CSC e-Governance Services India Limited,CHIPS,168,11
CSC e-Governance Services India Limited,CMS Computers Ltd,12817,869
CSC e-Governance Services India Limited,CSC e-Governance Services India Limited,216,40
CSC e-Governance Services India Limited,Conatus Infocom Pvt. Ltd,458,36
CSC e-Governance Services India Limited,Intelligent Communication Sys India Ltd,302,85
CSC e-Governance Services India Limited,MANTRA SOFTTECH (INDIA) PVTLTD,4839,152
CSC e-Governance Services India Limited,Mahaonline Limited,665,146
CSC e-Governance Services India Limited,Nekton IT India Pvt Ltd.,2190,158
CSC e-Governance Services India Limited,Network for Information & Computer,783,45
CSC e-Governance Services India Limited,Reliance Communication Limited,5,3
CSC e-Governance Services India Limited,SPANCO,2971,319
CSC e-Governance Services India Limited,SRR Infotech,764,52
CSC e-Governance Services India Limited,Sahaj e-Village Limited,14604,525
CSC e-Governance Services India Limited,Tera Software Ltd,89,10
CSC e-Governance Services India Limited,United Telecoms e-Services Pvt Ltd,2024,463
CSC e-Governance Services India Limited,VIKALP MULTIMEDIA,1113,179
CSC e-Governance Services India Limited,Vakrangee Softwares Limited,72,56
CSC e-Governance Services India Limited,Vayam technologies Ltd,14186,430
CSC e-Governance Services India Limited,Vedavaag Systems Limited,7043,226
CSC e-Governance Services India Limited,Zephyr System Pvt.Ltd.,7480,294
Canara Bank,FINANCIAL INFORMATION NETWORK,25492,644
Canara Bank,Karvy Data Management Services,30407,1163
Canara Bank,Ojus Healthcare Private Limited,136,8
Canara Bank,Osiris Infotech Pvt. Ltd.,101,4
Canara Bank,Smart Chip Limited,32362,1168
Canara Bank,VIRGO SOFTECH LIMITED,207,1
Canara Bank,Virinchi Technologies Ltd,481,16
Central Bank of India,CALANCE SOFTWARE PRIVATE LTD,260,6
Central Bank of India,IAP COMPANY Pvt. Ltd,712,35
Central Bank of India,IL&FS LTD,34,0
Central Bank of India,Tera Software Ltd,1,0
Central Bank of India,The Peerless General Finance,15,0
DENA BANK,A-Onerealtors Pvt Ltd,3719,200
DENA BANK,APEX Services,1757,11
DENA BANK,AS International,75,5
DENA BANK,ATISHAY INFOTECH PVT. LTD.,4018,122
DENA BANK,AVVAS INFOTECH PVT  LTD,8671,316
DENA BANK,Asha Security Guard Services,8669,536
DENA BANK,BNR UDYOG LIMITED,13,4
DENA BANK,Binary Systems,1873,76
DENA BANK,Bloom Solutions Pvt Ltd,26556,909
DENA BANK,Blue Circle Instrument,3135,244
DENA BANK,Business Information Processing Services,2630,41
DENA BANK,CALANCE SOFTWARE PRIVATE LTD,4431,221
DENA BANK,DATASOFT COMPUTER SERVICES(P),4288,175
DENA BANK,DEVASHISH SECURITIES PVT. LTD.,83,3
DENA BANK,Eagle Software India Pvt. Ltd,13955,281
DENA BANK,Emdee Digitronics Pvt.Ltd.,1943,85
DENA BANK,FINANCIAL INFORMATION NETWORK,24881,388
DENA BANK,Gem Computers,2676,14
DENA BANK,Gujarat Infotech Ltd.,631,6
DENA BANK,HyperSoft Technologies Ltd,3357,63
DENA BANK,IAP COMPANY Pvt. Ltd,42228,1325
DENA BANK,India Computer Technology,502,24
DENA BANK,JNET Technologies Pvt.Ltd,30,8
DENA BANK,K W Consulting P Ltd,6836,246
DENA BANK,M/S STAR DATA CENTRE,1178,31
DENA BANK,M/s Gold Square Builders & Promoters Pvt. Ltd.,8960,340
DENA BANK,MARS Telecom Systems Pvt Ltd,3720,28
DENA BANK,MEGHA VINCOM PVT LTD,22801,238
DENA BANK,MKS Enterprises,9543,151
DENA BANK,Make India Smart Private Limited,4170,68
DENA BANK,Multiwave Innovation,17687,674
DENA BANK,NVR & ASSOCIATES LIMITED,6763,231
DENA BANK,Narayana Electricals Solution Pvt Ltd,9,2
DENA BANK,Netlink software Pvt Ltd,5261,205
DENA BANK,Nielsen  India  Private Limited,34392,1772
DENA BANK,Offshoot Agency Pvt. Ltd.,3780,237
DENA BANK,Ortem Securities Limited,2661,123
DENA BANK,Prodigy Systems and Services Private Limited,105,13
DENA BANK,Radiant Haroti Industries India Ltd,4005,112
DENA BANK,SGS INDIA PVT LTD,10256,250
DENA BANK,Silver Touch Technologies Ltd,1961,33
DENA BANK,Sixth Dimension Project Solutions Ltd,3367,9
DENA BANK,Soc for Advancement of Environ Science,206,46
DENA BANK,SoftAge Information Technology Limited,88,17
DENA BANK,Super Printers,8075,249
DENA BANK,Systematic & Advance Const P L,194,5
DENA BANK,TechSmart India Pvt Ltd,5915,286
DENA BANK,Tera Software Ltd,17521,708
DENA BANK,The NSIC ltd,350,13
DENA BANK,Transline Technologies P Ltd,8289,183
DENA BANK,Utility Forms Pvt Ltd,1188,88
DENA BANK,VAP INFOSOLUTIONS,4293,150
DENA BANK,VISION COMPTECH INTEGRATOR LTD,7164,115
DENA BANK,Vedavaag Systems Limited,13104,810
DENA BANK,Virinchi Technologies Ltd,9222,212
DENA BANK,WEBEL,26010,735
DENA BANK,Wipro Ltd,9790,779
DENA BANK,Zephyr System Pvt.Ltd.,21084,606
Delhi - Central DC,Smart Chip Limited,4,0
Delhi - East DC,DATASOFT COMPUTER SERVICES(P),1,3
Delhi - ND DC,Smart Chip Limited,5,0
Delhi - NE DC,Smart Chip Limited,0,6
Delhi - North DC,CALANCE SOFTWARE PRIVATE LTD,8,0
Delhi - North DC,NVR & ASSOCIATES LIMITED,10,4
Delhi - North DC,Smart Chip Limited,2,0
Delhi SW DC,STRATEGIC OUTSOURCING SERVICE,1,0
Delhi SW DC,VIRGO SOFTECH LIMITED,10,0
Delhi- South DC,Karvy Computershare Private Li,70,1
Delhi- South DC,Smart Chip Limited,0,1
Delhi- West DC,VIRGO SOFTECH LIMITED,1,0
Delhi-NW DC,Karvy Computershare Private Li,63,0
Delhi-NW DC,STRATEGIC OUTSOURCING SERVICE,0,1
Department of Information Technology Govt of Jharkhand,Blue Circle Instrument,2,3
Department of Information Technology Govt of Jharkhand,MKS Enterprises,16,0
Department of Information Technology Govt of Jharkhand,Systematic & Advance Const P L,1,0
Department of Information Technology Govt of Jharkhand,Wipro Ltd,583,193
Dept of ITC Govt of Rajasthan,AKSH OPTIFIBRE LIMITED,363,31
Dept of ITC Govt of Rajasthan,ATISHAY INFOTECH PVT. LTD.,2630,242
Dept of ITC Govt of Rajasthan,AVVAS INFOTECH PVT  LTD,293,3
Dept of ITC Govt of Rajasthan,Academy of Management Studies,135,9
Dept of ITC Govt of Rajasthan,Alankit Finsec Ltd,16,0
Dept of ITC Govt of Rajasthan,Binary Systems,1700,156
Dept of ITC Govt of Rajasthan,Business Information Processing Services,2606,277
Dept of ITC Govt of Rajasthan,CMS Computers Ltd,4243,615
Dept of ITC Govt of Rajasthan,COMTECH INSTITUTE OFTECHNOLOGY,1112,33
Dept of ITC Govt of Rajasthan,DATASOFT COMPUTER SERVICES(P),3461,134
Dept of ITC Govt of Rajasthan,FINANCIAL INFORMATION NETWORK,6281,319
Dept of ITC Govt of Rajasthan,Gem Computers,1193,470
Dept of ITC Govt of Rajasthan,Gujarat Infotech Ltd.,623,122
Dept of ITC Govt of Rajasthan,IAP COMPANY Pvt. Ltd,1906,139
Dept of ITC Govt of Rajasthan,Karvy Data Management Services,329,115
Dept of ITC Govt of Rajasthan,MANTRA SOFTTECH (INDIA) PVTLTD,2,2
Dept of ITC Govt of Rajasthan,MEGHA VINCOM PVT LTD,1301,233
Dept of ITC Govt of Rajasthan,Matrix Processing House,2431,98
Dept of ITC Govt of Rajasthan,Multiwave Innovation,950,19
Dept of ITC Govt of Rajasthan,Netlink software Pvt Ltd,10,1
Dept of ITC Govt of Rajasthan,Osiris Infotech Pvt. Ltd.,1143,83
Dept of ITC Govt of Rajasthan,Radiant Haroti Industries India Ltd,3201,171
Dept of ITC Govt of Rajasthan,Radiant Info Systems Ltd,1649,349
Dept of ITC Govt of Rajasthan,Ricoh India Limited,100,82
Dept of ITC Govt of Rajasthan,SAR Technology,806,45
Dept of ITC Govt of Rajasthan,SREI INFRASTRUCTURE FINANCES L,199,11
Dept of ITC Govt of Rajasthan,TechSmart India Pvt Ltd,425,105
Dept of ITC Govt of Rajasthan,Transline Technologies P Ltd,1096,345
Dept of ITC Govt of Rajasthan,UMC Technologies Pvt. Ltd,289,72
Dept of ITC Govt of Rajasthan,VIRGO SOFTECH LIMITED,15,1
Dept of ITC Govt of Rajasthan,VISION COMPTECH INTEGRATOR LTD,234,33
Dept of ITC Govt of Rajasthan,Vakrangee Softwares Limited,2747,927
Dept of ITC Govt of Rajasthan,Vayam technologies Ltd,1332,94
FCR Govt of Haryana,4G INFORMATICS,38,2
FCR Govt of Haryana,Academy of Management Studies,464,26
FCR Govt of Haryana,Radiant Info Systems Ltd,233,29
FCR Govt of Haryana,SoftAge Information Technology Limited,612,88
FCR Govt of Haryana,Vakrangee Softwares Limited,119,3
FCR Govt of Haryana,Vayam technologies Ltd,137,3
FCS Govt of Punjab,CSS TECHNERGY LIMITED,372,0
FCS Govt of Punjab,Delhi Integrated MMTS Ltd,1,0
FCS Govt of Punjab,District Sukhmani Society  Jalandhar  Punjab,92,6
FCS Govt of Punjab,District Sukhmani Society  Ludhiana  Punjab,151,32
FCS Govt of Punjab,District Sukhmani Society  Moga  Punjab,57,7
FCS Govt of Punjab,District Sukhmani Society Amritsar Punjab,241,52
FCS Govt of Punjab,District Sukhmani Society Barnala Punjab,57,7
FCS Govt of Punjab,District Sukhmani Society Bathinda Punjab,75,26
FCS Govt of Punjab,District Sukhmani Society Fatehgarh Sahib Punjab,63,9
FCS Govt of Punjab,District Sukhmani Society Fazilka Punjab,24,2
FCS Govt of Punjab,District Sukhmani Society Ferozepur Punjab,42,10
FCS Govt of Punjab,District Sukhmani Society For Citizen Services Mansa Punjab,15,6
FCS Govt of Punjab,District Sukhmani Society For Citizen Services Nawanshahr Punjab,60,9
FCS Govt of Punjab,District Sukhmani Society For Citizen Services SAS Nagar District e-Governance Society Punjab,113,9
FCS Govt of Punjab,District Sukhmani Society Pathankot Punjab,20,1
FCS Govt of Punjab,District Sukhmani Society Patiala Punjab,56,10
FCS Govt of Punjab,District Sukhmani Society Rupnagar Punjab,31,9
FCS Govt of Punjab,District Sukhmani Society Sangrur Punjab,93,14
FCS Govt of Punjab,District Sukhmani Society Sri Muktsar Sahib Punjab,156,4
FCS Govt of Punjab,District Sukhmani Society Tarn Taran Punjab,40,10
FCS Govt of Punjab,Diwakar Commercials Pvt Ltd,55,1
FCS Govt of Punjab,Karvy Computershare Private Li,627,14
FCS Govt of Punjab,Sukhmani Society For Citizen Services  Kapurthala  Punjab,33,7
FCS Govt of Punjab,Sukhmani Society For Citizen Services Gurdaspur Punjab,1,0
FCS Govt of Punjab,Sukhmani Society For Citizens Services Faridkot Punjab,77,4
FCS Govt of Punjab,Suwidha Society Hoshiarpur Punjab,87,11
FCS Govt of Punjab,Vayam technologies Ltd,154,22
FCS Govt of Punjab,eCentric solutions pvt ltd,831,41
Govt of Andhra Pradesh,Gouthami Educational Society,977,35
Govt of Andhra Pradesh,GrapeSoft,23,32
Govt of Andhra Pradesh,IL&FS LTD,5,0
Govt of Andhra Pradesh,INFRONICS SYSTEMS LTD,896,14
Govt of Andhra Pradesh,Madras Security Printers Ltd,66,10
Govt of Andhra Pradesh,SREEVEN INFOCOM LIMITED,26,1
Govt of Andhra Pradesh,TechSmart India Pvt Ltd,26,9
Govt of Andhra Pradesh,Tera Software Ltd,172,8
Govt of Andhra Pradesh,eCentric solutions pvt ltd,17,0
Govt of Goa,MARS Telecom Systems Pvt Ltd,6,0
Govt of Gujarat,GSS Infotech Ltd,7,0
Govt of Gujarat,Karvy Computershare Private Li,1648,170
Govt of Gujarat,Silver Touch Technologies Ltd,1831,82
Govt of Gujarat,Tera Software Ltd,1411,21
Govt of Gujarat,Transline Technologies P Ltd,78,0
Govt of Gujarat,Vayam technologies Ltd,305,27
Govt of Gujarat,eCentric solutions pvt ltd,263,13
Govt of Himachal Pradesh,Wipro Ltd,5,0
Govt of Himachal Pradesh,i-Grandee SoftwareTechnologies,60,32
Govt of Karnataka ,BNR UDYOG LIMITED,44,2
Govt of Karnataka ,Bloom Solutions Pvt Ltd,48,1
Govt of Karnataka ,GLODYNE TECHNOSERVE,6,1
Govt of Karnataka ,Integra Micro Systems Pvt.ltd,88,2
Govt of Karnataka ,MARS Telecom Systems Pvt Ltd,23,3
Govt of Karnataka ,Ninestars Information Technologies Ltd,17,10
Govt of Karnataka ,Om Softwares,0,2
Govt of Karnataka ,Origin ITFS Pvt Ltd,119,20
Govt of Karnataka ,Radiant Info Systems Ltd,12,0
Govt of Karnataka ,SREEVEN INFOCOM LIMITED,156,8
Govt of Kerala,Akshaya,3117,224
Govt of Kerala,Keltron,494,4
Govt of Madhya Pradesh,VIRGO SOFTECH LIMITED,264,0
Govt of Maharashtra,Alankit Assignments Limited,2,0
Govt of Maharashtra,Alankit Finsec Ltd,660,0
Govt of Maharashtra,Bharat Technical Solutions Private Limited,21,2
Govt of Maharashtra,Eagle press pvt ltd,94,0
Govt of Maharashtra,GLODYNE TECHNOSERVE,74,3
Govt of Maharashtra,Global Finsol Private Limited,1,0
Govt of Maharashtra,Karvy Computershare Private Li,104,7
Govt of Maharashtra,M/S King Computer System pvt Ltd,4,3
Govt of Maharashtra,Mahaonline Limited,130,0
Govt of Maharashtra,Narayana Electricals Solution Pvt Ltd,10,2
Govt of Maharashtra,Netlink software Pvt Ltd,100,7
Govt of Maharashtra,Rudranee Infotech Ltd,1,3
Govt of Maharashtra,SETU MAHARASHTRA,384,30
Govt of Maharashtra,SHREERAM PRINTING PRESS,20,14
Govt of Maharashtra,SILVER JUBILEE MOTORS LTD.,95,2
Govt of Maharashtra,SPANCO,2,1
Govt of Maharashtra,STRATEGIC OUTSOURCING SERVICE,556,5
Govt of Maharashtra,Silver Touch Technologies Ltd,19,0
Govt of Maharashtra,Smart Chip Limited,1,0
Govt of Maharashtra,Systematic & Advance Const P L,0,1
Govt of Maharashtra,TechSmart India Pvt Ltd,135,1
Govt of Maharashtra,Tera Software Ltd,8,1
Govt of Maharashtra,Transline Technologies P Ltd,24,1
Govt of Maharashtra,Vidarbha Infotech Pvt Ltd,7,4
Govt of Maharashtra,Wipro Ltd,113,3
Govt of Sikkim - Dept of Econo,Department of Economics Statistics  Monitoring and Evaluation DESME,47,0
IDBI Bank ltd,ATISHAY INFOTECH PVT. LTD.,347,79
IDBI Bank ltd,Matrix Processing House,1630,41
IDBI Bank ltd,SREEVEN INFOCOM LIMITED,562,66
IDBI Bank ltd,UTI TECHNOLOGY SERVICES LIMITE,10,1
Indian Bank,Redim Software Technologies Pvt Ltd,14,6
Indiapost,4G IDENTITY SOLUTIONS,1,0
Indiapost,COMAT TECHNOLOGIES P LTD,1,0
Indiapost,Delhi Integrated MMTS Ltd,131,0
Indiapost,Global Finsol Private Limited,26,0
Indiapost,IL&FS LTD,2,2
Indiapost,M/S STAR DATA CENTRE,1,1
Indiapost,MARS Telecom Systems Pvt Ltd,1,1
Indiapost,The Peerless General Finance,1,0
Indiapost,Vayam technologies Ltd,73,5
Indiapost,WEBEL,14,1
Information Technology & Communication Department,4G INFORMATICS,1,0
Information Technology & Communication Department,BNR UDYOG LIMITED,25,6
Information Technology & Communication Department,Bloom Solutions Pvt Ltd,14,2
Information Technology & Communication Department,CSS TECHNERGY LIMITED,7,0
Information Technology & Communication Department,Directorate of ESD,35380,6833
Information Technology & Communication Department,GDC Advertising Pvt. Limited,0,2
Information Technology & Communication Department,JYOTHI COMPUTER SERVICES,56,3
Information Technology & Communication Department,MARS Telecom Systems Pvt Ltd,140,57
Information Technology & Communication Department,SREEVEN INFOCOM LIMITED,2,1
Information Technology & Communication Department,Tera Software Ltd,4,7
Jharkhand,Blue Circle Instrument,4,0
Jharkhand,Emdee Digitronics Pvt.Ltd.,9,0
Jharkhand,MKS Enterprises,0,1
Jharkhand,Nevaeh Technology Pvt. Ltd.,33,0
Jharkhand,Systematic & Advance Const P L,46,5
Jharkhand,VISION COMPTECH INTEGRATOR LTD,42,1
Jharkhand,Wipro Ltd,838,35
Mission Convergence - GNCT Del,Karvy Computershare Private Li,25,0
Mission Convergence - GNCT Del,NVR & ASSOCIATES LIMITED,0,1
Mission Convergence - GNCT Del,eCentric solutions pvt ltd,1,0
NSDL e-Governance Infrastructure Limited,Abhipra Capital Ltd,1379,101
NSDL e-Governance Infrastructure Limited,Alankit Assignments Limited,52,11
NSDL e-Governance Infrastructure Limited,Alankit Finsec Ltd,13425,615
NSDL e-Governance Infrastructure Limited,CALANCE SOFTWARE PRIVATE LTD,44,4
NSDL e-Governance Infrastructure Limited,Delhi Integrated MMTS Ltd,1,0
NSDL e-Governance Infrastructure Limited,Global Finsol Private Limited,15,0
NSDL e-Governance Infrastructure Limited,Gujarat Infotech Ltd.,14002,448
NSDL e-Governance Infrastructure Limited,IAP COMPANY Pvt. Ltd,828,5
NSDL e-Governance Infrastructure Limited,INTEGRATED REGISTRY SERVICES LTD,1,1
NSDL e-Governance Infrastructure Limited,Karvy Data Management Services,89150,3879
NSDL e-Governance Infrastructure Limited,N.K. Sharma Enterprises Ltd.,1324,12
NSDL e-Governance Infrastructure Limited,Netlink software Pvt Ltd,247,37
NSDL e-Governance Infrastructure Limited,Offshoot Agency Pvt. Ltd.,1997,207
NSDL e-Governance Infrastructure Limited,PROWIZ MANSYTEMS PVT LTD,128,3
NSDL e-Governance Infrastructure Limited,Promind Solutions P Limited,19629,885
NSDL e-Governance Infrastructure Limited,RELIGARE SECURITIES LTD,2528,72
NSDL e-Governance Infrastructure Limited,Radiant Haroti Industries India Ltd,6412,65
NSDL e-Governance Infrastructure Limited,Ricoh India Limited,1967,18
NSDL e-Governance Infrastructure Limited,Sri Ramraja Sarkar Lok Kalyan Trust,8264,194
NSDL e-Governance Infrastructure Limited,Utility Forms Pvt Ltd,10428,290
NSDL e-Governance Infrastructure Limited,VIRGO SOFTECH LIMITED,4356,83
Oriental Bank of Commerce,DATASOFT COMPUTER SERVICES(P),68,1
Oriental Bank of Commerce,Euro Finmart Ltd,2,2
Oriental Bank of Commerce,FINANCIAL INFORMATION NETWORK,29,0
Oriental Bank of Commerce,JNET Technologies Pvt.Ltd,9,3
Oriental Bank of Commerce,Redim Software Technologies Pvt Ltd,0,2
Oriental Bank of Commerce,Sri Ramraja Sarkar Lok Kalyan Trust,483,41
Oriental Bank of Commerce,Wipro Ltd,29,4
Principal Revenue Commissioner  Dept of Revenue  Govt of MP,Frontech Systems Pvt Ltd,9,1
Principal Revenue Commissioner  Dept of Revenue  Govt of MP,GDC Advertising Pvt. Limited,12,2
Principal Revenue Commissioner  Dept of Revenue  Govt of MP,K W Consulting P Ltd,15,12
Principal Revenue Commissioner  Dept of Revenue  Govt of MP,LYRA  CONSULTANCY SERVICE,4,2
Principal Revenue Commissioner  Dept of Revenue  Govt of MP,Netlink software Pvt Ltd,41,14
Principal Revenue Commissioner  Dept of Revenue  Govt of MP,OSWAL COMPUTERS & CONSULTANTS,8,3
Principal Revenue Commissioner  Dept of Revenue  Govt of MP,Tera Software Ltd,3,1
Principal Revenue Commissioner  Dept of Revenue  Govt of MP,The NSIC ltd,4,1
Principal Revenue Commissioner  Dept of Revenue  Govt of MP,Vedavaag Systems Limited,10,9
Punjab and Sind Bank,Matrix Processing House,3114,78
RDD Govt of Tripura,Alankit Assignments Limited,1,0
Registrar General India BEL2,4G INFORMATICS,2,0
Registrar General India BEL2,Alankit Assignments Limited,20,0
Registrar General India BEL2,Bharat Electronics Limited,1,1
Registrar General India BEL2,Computer LAB,214,7
Registrar General India BEL2,Eagle Software India Pvt. Ltd,1,3
Registrar General India BEL2,Emdee Digitronics Pvt.Ltd.,62,7
Registrar General India BEL2,In Media Computer Services LLP,10,19
Registrar General India BEL2,India Computer Technology,390,15
Registrar General India BEL2,Karvy Data Management Services,4590,192
Registrar General India BEL2,MACRO INFOTECH PVT LTD,21,7
Registrar General India BEL2,MKS Enterprises,8,0
Registrar General India BEL2,Madras Security Printers Ltd,1663,448
Registrar General India BEL2,Manipur Electronics Dev Corp,485,20
Registrar General India BEL2,Multiwave Innovation,342,8
Registrar General India BEL2,NVR & ASSOCIATES LIMITED,74,6
Registrar General India BEL2,Netlink software Pvt Ltd,166,7
Registrar General India BEL2,Nevaeh Technology Pvt. Ltd.,15,5
Registrar General India BEL2,Nielsen  India  Private Limited,130,20
Registrar General India BEL2,Om Softwares,50,14
Registrar General India BEL2,SREEVEN INFOCOM LIMITED,29,0
Registrar General India BEL2,SREI INFRASTRUCTURE FINANCES L,1300,44
Registrar General India BEL2,STRATEGIC OUTSOURCING SERVICE,19,4
Registrar General India BEL2,Satyanarayana Raju Company Pvt ltd,899,751
Registrar General India BEL2,Swathy Smartcards Hi-Tech Pvt,661,26
Registrar General India BEL2,Swiss Tech India Pvt Ltd,28,6
Registrar General India BEL2,Tera Software Ltd,1643,28
Registrar General India BEL2,UNITED DATA SERVICES PRIVATE LIMITED,119,5
Registrar General India BEL2,Urmila Info solution,1,0
Registrar General India BEL2,VIRGO SOFTECH LIMITED,23,3
Registrar General India BEL2,Vansh Infotech Pvt Ltd,5,2
Registrar General India BEL2,Vayam technologies Ltd,6,18
Registrar General India BEL2,Vedavaag Systems Limited,127,26
Registrar General India BEL2,Viesa Technologies,7684,40
Registrar General India BEL2,WEBEL,9,4
Registrar General India ECIL,AVVAS INFOTECH PVT  LTD,25,4
Registrar General India ECIL,COMTECH INSTITUTE OFTECHNOLOGY,57,6
Registrar General India ECIL,COMTECHINFO SOLUTIONS PVT.LTD,6305,99
Registrar General India ECIL,Chinar Construction Company Prime agency,4729,114
Registrar General India ECIL,Clairvoyance Technologies Pvt.,3,1
Registrar General India ECIL,Computer LAB,11762,264
Registrar General India ECIL,Eagle Software India Pvt. Ltd,14427,894
Registrar General India ECIL,Esoft Consulting Limited,6,0
Registrar General India ECIL,Gundal Infotech Private Limited,7,0
Registrar General India ECIL,In Media Computer Services LLP,3713,113
Registrar General India ECIL,India Computer Technology,1546,86
Registrar General India ECIL,Integrated Systems & Services,956,18
Registrar General India ECIL,Karvy Data Management Services,281,14
Registrar General India ECIL,Krishna Infotech,260,50
Registrar General India ECIL,LYRA  CONSULTANCY SERVICE,1128,105
Registrar General India ECIL,Madras Security Printers Ltd,43638,5692
Registrar General India ECIL,Mphasis Ltd,6,16
Registrar General India ECIL,Nielsen  India  Private Limited,27,3
Registrar General India ECIL,Pioneer E Labs limited,1,25
Registrar General India ECIL,SARADA SYSTEMS,6,0
Registrar General India ECIL,SWISSTECH NPR 57CR PROJECT PVT,564,46
Registrar General India ECIL,Tera Software Ltd,351,29
Registrar General India ECIL,VEETECHNOLOGIES PVT. LTD,0,2
Registrar General India ECIL,Vedavaag Systems Limited,271,24
Registrar General India Others,COMTECHINFO SOLUTIONS PVT.LTD,3,0
Registrar General India Others,Clairvoyance Technologies Pvt.,6,5
Registrar General India Others,Computer LAB,24,0
Registrar General India Others,Eagle Software India Pvt. Ltd,0,19
Registrar General of India ITI,COMTECH INSTITUTE OFTECHNOLOGY,3,0
Registrar General of India ITI,CSS TECHNERGY LIMITED,31,0
Registrar General of India ITI,CommunitiWorks Welfare Society,1,0
Registrar General of India ITI,Eagle Software India Pvt. Ltd,21,12
Registrar General of India ITI,Emdee Digitronics Pvt.Ltd.,1231,86
Registrar General of India ITI,FINANCIAL INFORMATION NETWORK,1,3
Registrar General of India ITI,In Media Computer Services LLP,718,107
Registrar General of India ITI,Karvy Data Management Services,38,4
Registrar General of India ITI,MACRO INFOTECH PVT LTD,1,0
Registrar General of India ITI,MKS Enterprises,5,0
Registrar General of India ITI,Madras Security Printers Ltd,1152,86
Registrar General of India ITI,Mphasis Ltd,11,0
Registrar General of India ITI,Multiwave Innovation,4,1
Registrar General of India ITI,Netlink software Pvt Ltd,40,4
Registrar General of India ITI,Nielsen  India  Private Limited,96,16
Registrar General of India ITI,PROTEX COMPUTER PVT LTD,113,0
Registrar General of India ITI,Quick Data IT Services Pvt Ltd,39,1
Registrar General of India ITI,STRATEGIC OUTSOURCING SERVICE,48,2
Registrar General of India ITI,Satyanarayana Raju Company Pvt ltd,2,4
Registrar General of India ITI,Swathy Smartcards Hi-Tech Pvt,173,8
Registrar General of India ITI,Swiss Tech India Pvt Ltd,2,0
Registrar General of India ITI,TechSmart India Pvt Ltd,94,2
Registrar General of India ITI,VEETECHNOLOGIES PVT. LTD,1,0
Registrar General of India ITI,VIRGO SOFTECH LIMITED,1806,12
Registrar General of India ITI,Vedavaag Systems Limited,96,12
Registrar General of India ITI,WEBEL TECHNOLOGY LIMITED,2583,21
Registrar General of India ITI,Webx Technologies Private Limited,100,7
STATE BANK OF HYDERABAD,CSS TECHNERGY LIMITED,1,0
STATE BANK OF PATIALA,CSS TECHNERGY LIMITED,1,0
State Bank of Bikaner & Jaipur,Multiwave Innovation,348,3
State Bank of India,4G IDENTITY SOLUTIONS,5,0
State Bank of India,CSS TECHNERGY LIMITED,3,0
State Bank of India,VIRGO SOFTECH LIMITED,3,0
UIDAI-Registrar,UIDAI-EA,101,19
UT Of Daman and Diu,Alankit Assignments Limited,1,0
UT of Puducherry,Madras Security Printers Ltd,1,0
Union Bank,FINANCIAL INFORMATION NETWORK,11256,821
Union Bank,Smart Chip Limited,4094,267
Union Bank,Vakrangee Softwares Limited,8369,553
