Registrar,Enrolment Agency,Aadhaar generated,Enrolment Rejected
Allahabad Bank,Asha Security Guard Services,2126,337
Allahabad Bank,Nevaeh Technology Pvt. Ltd.,2025,15
Allahabad Bank,SGS INDIA PVT LTD,327,4
Allahabad Bank,Vakrangee Softwares Limited,980,3
Allahabad Bank,Vedavaag Systems Limited,348,84
Bank Of India,A3 Logics  India  Ltd,3948,134
Bank Of India,Akanksha International,43,8
Bank Of India,Blue Circle Instrument,876,20
Bank Of India,CHESSY CONSULTANTS PVT LTD,160,21
Bank Of India,DATASOFT COMPUTER SERVICES(P),3587,619
Bank Of India,Emdee Digitronics Pvt.Ltd.,1697,120
Bank Of India,Frontech Systems Pvt Ltd,1571,206
Bank Of India,ITI LIMITED,390,0
Bank Of India,MANTRA SOFTTECH (INDIA) PVTLTD,11,1
Bank Of India,Matrix Processing House,137,14
Bank Of India,OSWAL COMPUTERS & CONSULTANTS,2293,372
Bank Of India,PROTEX COMPUTER PVT LTD,4197,46
Bank Of India,SARADA SYSTEMS,6518,134
Bank Of India,SHRIKRISHNA KHANDASARI SUGAR M,1144,15
Bank Of India,SPANCO,104,4
Bank Of India,SREI INFRASTRUCTURE FINANCES L,37366,840
Bank Of India,Silver Touch Technologies Ltd,384,3
Bank Of India,Systematic & Advance Const P L,230,5
Bank Of India,VEETECHNOLOGIES PVT. LTD,2546,219
Bank Of India,Vakrangee Softwares Limited,2754,51
Bank of Baroda,Global Finsol Private Limited,291,230
Bank of Baroda,IL&FS LTD,17,0
Bank of Maharashtra,Alankit Finsec Ltd,1,1
Bank of Maharashtra,FINANCIAL INFORMATION NETWORK,137,15
Bank of Maharashtra,Micro Technologies India Ltd,10,2
Bank of Maharashtra,Tera Software Ltd,2311,290
CSC e-Governance Services India Limited,A I Soc for Electronics and Comp Tech,8939,845
CSC e-Governance Services India Limited,AKSH OPTIFIBRE LIMITED,12286,982
CSC e-Governance Services India Limited,BASIX,6445,844
CSC e-Governance Services India Limited,CALANCE SOFTWARE PRIVATE LTD,116,146
CSC e-Governance Services India Limited,CHIPS,299,25
CSC e-Governance Services India Limited,CMS Computers Ltd,16712,1211
CSC e-Governance Services India Limited,CSC e-Governance Services India Limited,384,76
CSC e-Governance Services India Limited,Conatus Infocom Pvt. Ltd,696,75
CSC e-Governance Services India Limited,Intelligent Communication Sys India Ltd,463,75
CSC e-Governance Services India Limited,MANTRA SOFTTECH (INDIA) PVTLTD,5345,333
CSC e-Governance Services India Limited,Mahaonline Limited,1115,133
CSC e-Governance Services India Limited,Nekton IT India Pvt Ltd.,2823,200
CSC e-Governance Services India Limited,Network for Information & Computer,1155,158
CSC e-Governance Services India Limited,Reliance Communication Limited,7,1
CSC e-Governance Services India Limited,SPANCO,4573,417
CSC e-Governance Services India Limited,SRR Infotech,625,65
CSC e-Governance Services India Limited,Sahaj e-Village Limited,17443,767
CSC e-Governance Services India Limited,Tera Software Ltd,160,23
CSC e-Governance Services India Limited,United Telecoms e-Services Pvt Ltd,2477,697
CSC e-Governance Services India Limited,VIKALP MULTIMEDIA,1811,228
CSC e-Governance Services India Limited,Vakrangee Softwares Limited,106,37
CSC e-Governance Services India Limited,Vayam technologies Ltd,15914,518
CSC e-Governance Services India Limited,Vedavaag Systems Limited,9350,511
CSC e-Governance Services India Limited,Zephyr System Pvt.Ltd.,9131,531
Canara Bank,FINANCIAL INFORMATION NETWORK,27830,1060
Canara Bank,Karvy Data Management Services,35763,1315
Canara Bank,Ojus Healthcare Private Limited,182,18
Canara Bank,Osiris Infotech Pvt. Ltd.,183,29
Canara Bank,Rosmerta technoliges Limited,4,0
Canara Bank,Smart Chip Limited,31834,1537
Canara Bank,Virinchi Technologies Ltd,701,33
Central Bank of India,CALANCE SOFTWARE PRIVATE LTD,408,4
Central Bank of India,IAP COMPANY Pvt. Ltd,1119,100
Central Bank of India,IL&FS LTD,59,0
Central Bank of India,MANTRA SOFTTECH (INDIA) PVTLTD,2,0
Central Bank of India,The Peerless General Finance,16,2
DENA BANK,A-Onerealtors Pvt Ltd,2150,250
DENA BANK,APEX Services,1276,39
DENA BANK,AS International,81,3
DENA BANK,ATISHAY INFOTECH PVT. LTD.,2661,178
DENA BANK,AVVAS INFOTECH PVT  LTD,9984,433
DENA BANK,Asha Security Guard Services,10189,556
DENA BANK,BNR UDYOG LIMITED,33,8
DENA BANK,Binary Systems,2979,234
DENA BANK,Bloom Solutions Pvt Ltd,28489,552
DENA BANK,Blue Circle Instrument,4866,169
DENA BANK,Business Information Processing Services,3022,115
DENA BANK,CALANCE SOFTWARE PRIVATE LTD,5318,304
DENA BANK,DATASOFT COMPUTER SERVICES(P),5594,296
DENA BANK,DEVASHISH SECURITIES PVT. LTD.,112,4
DENA BANK,Eagle Software India Pvt. Ltd,11583,441
DENA BANK,Emdee Digitronics Pvt.Ltd.,3021,229
DENA BANK,FINANCIAL INFORMATION NETWORK,23139,446
DENA BANK,Gem Computers,4593,75
DENA BANK,Gujarat Infotech Ltd.,1062,9
DENA BANK,HyperSoft Technologies Ltd,4486,39
DENA BANK,IAP COMPANY Pvt. Ltd,56082,1887
DENA BANK,India Computer Technology,1163,65
DENA BANK,JNET Technologies Pvt.Ltd,62,6
DENA BANK,K W Consulting P Ltd,8918,434
DENA BANK,M/S STAR DATA CENTRE,1377,48
DENA BANK,M/s Gold Square Builders & Promoters Pvt. Ltd.,9164,581
DENA BANK,MARS Telecom Systems Pvt Ltd,4805,33
DENA BANK,MEGHA VINCOM PVT LTD,28161,478
DENA BANK,MKS Enterprises,12402,65
DENA BANK,Make India Smart Private Limited,6573,154
DENA BANK,Multiwave Innovation,18206,401
DENA BANK,NVR & ASSOCIATES LIMITED,8392,167
DENA BANK,Narayana Electricals Solution Pvt Ltd,13,4
DENA BANK,Netlink software Pvt Ltd,10436,441
DENA BANK,Nielsen  India  Private Limited,36038,2723
DENA BANK,Offshoot Agency Pvt. Ltd.,5527,159
DENA BANK,Ortem Securities Limited,2713,123
DENA BANK,Prodigy Systems and Services Private Limited,144,49
DENA BANK,Radiant Haroti Industries India Ltd,6657,281
DENA BANK,SGS INDIA PVT LTD,13393,690
DENA BANK,Silver Touch Technologies Ltd,2108,77
DENA BANK,Sixth Dimension Project Solutions Ltd,3177,33
DENA BANK,Soc for Advancement of Environ Science,346,36
DENA BANK,SoftAge Information Technology Limited,166,27
DENA BANK,Super Printers,9564,308
DENA BANK,Systematic & Advance Const P L,354,17
DENA BANK,TechSmart India Pvt Ltd,7603,293
DENA BANK,Tera Software Ltd,17484,781
DENA BANK,The NSIC ltd,544,74
DENA BANK,Transline Technologies P Ltd,9010,302
DENA BANK,Utility Forms Pvt Ltd,2164,113
DENA BANK,VAP INFOSOLUTIONS,6350,318
DENA BANK,VISION COMPTECH INTEGRATOR LTD,5038,91
DENA BANK,Vedavaag Systems Limited,10877,1991
DENA BANK,Virinchi Technologies Ltd,7963,386
DENA BANK,WEBEL,35260,1149
DENA BANK,Wipro Ltd,13051,971
DENA BANK,Zephyr System Pvt.Ltd.,27367,930
Delhi - Central DC,Smart Chip Limited,9,0
Delhi - East DC,DATASOFT COMPUTER SERVICES(P),4,16
Delhi - ND DC,Smart Chip Limited,5,0
Delhi - NE DC,Smart Chip Limited,1,4
Delhi - North DC,CALANCE SOFTWARE PRIVATE LTD,18,6
Delhi - North DC,NVR & ASSOCIATES LIMITED,11,12
Delhi - North DC,Smart Chip Limited,3,1
Delhi SW DC,STRATEGIC OUTSOURCING SERVICE,2,0
Delhi SW DC,VIRGO SOFTECH LIMITED,29,1
Delhi- South DC,Karvy Computershare Private Li,122,1
Delhi- South DC,eCentric solutions pvt ltd,1,0
Delhi- West DC,VIRGO SOFTECH LIMITED,2,2
Delhi-NW DC,Karvy Computershare Private Li,111,4
Department of Information Technology Govt of Jharkhand,Blue Circle Instrument,5,6
Department of Information Technology Govt of Jharkhand,MKS Enterprises,17,1
Department of Information Technology Govt of Jharkhand,Systematic & Advance Const P L,1,0
Department of Information Technology Govt of Jharkhand,Vayam technologies Ltd,1,0
Department of Information Technology Govt of Jharkhand,Wipro Ltd,1008,195
Dept of ITC Govt of Rajasthan,AKSH OPTIFIBRE LIMITED,548,39
Dept of ITC Govt of Rajasthan,ATISHAY INFOTECH PVT. LTD.,3223,248
Dept of ITC Govt of Rajasthan,AVVAS INFOTECH PVT  LTD,73,16
Dept of ITC Govt of Rajasthan,Academy of Management Studies,205,52
Dept of ITC Govt of Rajasthan,Alankit Finsec Ltd,17,4
Dept of ITC Govt of Rajasthan,Binary Systems,2230,102
Dept of ITC Govt of Rajasthan,Business Information Processing Services,2895,193
Dept of ITC Govt of Rajasthan,CMS Computers Ltd,5320,630
Dept of ITC Govt of Rajasthan,COMTECH INSTITUTE OFTECHNOLOGY,637,41
Dept of ITC Govt of Rajasthan,DATASOFT COMPUTER SERVICES(P),5131,184
Dept of ITC Govt of Rajasthan,FINANCIAL INFORMATION NETWORK,8827,612
Dept of ITC Govt of Rajasthan,Gem Computers,1410,270
Dept of ITC Govt of Rajasthan,Gujarat Infotech Ltd.,1357,255
Dept of ITC Govt of Rajasthan,IAP COMPANY Pvt. Ltd,3363,318
Dept of ITC Govt of Rajasthan,Karvy Data Management Services,417,134
Dept of ITC Govt of Rajasthan,MANTRA SOFTTECH (INDIA) PVTLTD,1,2
Dept of ITC Govt of Rajasthan,MEGHA VINCOM PVT LTD,1393,347
Dept of ITC Govt of Rajasthan,Matrix Processing House,1384,179
Dept of ITC Govt of Rajasthan,Multiwave Innovation,1499,28
Dept of ITC Govt of Rajasthan,Netlink software Pvt Ltd,17,2
Dept of ITC Govt of Rajasthan,Osiris Infotech Pvt. Ltd.,2029,247
Dept of ITC Govt of Rajasthan,Radiant Haroti Industries India Ltd,3413,168
Dept of ITC Govt of Rajasthan,Radiant Info Systems Ltd,1510,233
Dept of ITC Govt of Rajasthan,Ricoh India Limited,534,150
Dept of ITC Govt of Rajasthan,SAR Technology,1133,71
Dept of ITC Govt of Rajasthan,TechSmart India Pvt Ltd,530,140
Dept of ITC Govt of Rajasthan,Transline Technologies P Ltd,1711,358
Dept of ITC Govt of Rajasthan,UMC Technologies Pvt. Ltd,427,80
Dept of ITC Govt of Rajasthan,VIRGO SOFTECH LIMITED,23,1
Dept of ITC Govt of Rajasthan,VISION COMPTECH INTEGRATOR LTD,115,104
Dept of ITC Govt of Rajasthan,Vakrangee Softwares Limited,3761,1463
Dept of ITC Govt of Rajasthan,Vayam technologies Ltd,1261,99
FCR Govt of Haryana,4G INFORMATICS,44,5
FCR Govt of Haryana,Academy of Management Studies,721,29
FCR Govt of Haryana,Radiant Info Systems Ltd,319,26
FCR Govt of Haryana,SoftAge Information Technology Limited,984,200
FCR Govt of Haryana,Vakrangee Softwares Limited,175,5
FCR Govt of Haryana,Vayam technologies Ltd,226,11
FCS Govt of Punjab,Alankit Assignments Limited,2,0
FCS Govt of Punjab,Alankit Finsec Ltd,2,0
FCS Govt of Punjab,Alankit Life Care Ltd,1,0
FCS Govt of Punjab,CSS TECHNERGY LIMITED,605,2
FCS Govt of Punjab,District Sukhmani Society  Jalandhar  Punjab,143,10
FCS Govt of Punjab,District Sukhmani Society  Ludhiana  Punjab,187,29
FCS Govt of Punjab,District Sukhmani Society  Moga  Punjab,121,11
FCS Govt of Punjab,District Sukhmani Society Amritsar Punjab,286,53
FCS Govt of Punjab,District Sukhmani Society Barnala Punjab,94,17
FCS Govt of Punjab,District Sukhmani Society Bathinda Punjab,134,37
FCS Govt of Punjab,District Sukhmani Society Fatehgarh Sahib Punjab,102,22
FCS Govt of Punjab,District Sukhmani Society Fazilka Punjab,32,5
FCS Govt of Punjab,District Sukhmani Society Ferozepur Punjab,71,19
FCS Govt of Punjab,District Sukhmani Society For Citizen Services Mansa Punjab,26,20
FCS Govt of Punjab,District Sukhmani Society For Citizen Services Nawanshahr Punjab,64,10
FCS Govt of Punjab,District Sukhmani Society For Citizen Services SAS Nagar District e-Governance Society Punjab,145,17
FCS Govt of Punjab,District Sukhmani Society Pathankot Punjab,35,5
FCS Govt of Punjab,District Sukhmani Society Patiala Punjab,99,9
FCS Govt of Punjab,District Sukhmani Society Rupnagar Punjab,75,5
FCS Govt of Punjab,District Sukhmani Society Sangrur Punjab,135,29
FCS Govt of Punjab,District Sukhmani Society Sri Muktsar Sahib Punjab,228,25
FCS Govt of Punjab,District Sukhmani Society Tarn Taran Punjab,44,23
FCS Govt of Punjab,Diwakar Commercials Pvt Ltd,79,1
FCS Govt of Punjab,Karvy Computershare Private Li,988,82
FCS Govt of Punjab,Sukhmani Society For Citizen Services  Kapurthala  Punjab,54,11
FCS Govt of Punjab,Sukhmani Society For Citizen Services Gurdaspur Punjab,2,0
FCS Govt of Punjab,Sukhmani Society For Citizens Services Faridkot Punjab,87,9
FCS Govt of Punjab,Suwidha Society Hoshiarpur Punjab,97,14
FCS Govt of Punjab,Vayam technologies Ltd,249,55
FCS Govt of Punjab,eCentric solutions pvt ltd,1321,74
Govt of Andhra Pradesh,Gouthami Educational Society,1473,73
Govt of Andhra Pradesh,GrapeSoft,55,15
Govt of Andhra Pradesh,IL&FS LTD,20,0
Govt of Andhra Pradesh,INFRONICS SYSTEMS LTD,1412,65
Govt of Andhra Pradesh,Madras Security Printers Ltd,105,10
Govt of Andhra Pradesh,SREEVEN INFOCOM LIMITED,66,12
Govt of Andhra Pradesh,TechSmart India Pvt Ltd,41,2
Govt of Andhra Pradesh,Tera Software Ltd,292,21
Govt of Andhra Pradesh,eCentric solutions pvt ltd,31,1
Govt of Goa,MARS Telecom Systems Pvt Ltd,3,0
Govt of Gujarat,GSS Infotech Ltd,21,2
Govt of Gujarat,Karvy Computershare Private Li,2384,269
Govt of Gujarat,Silver Touch Technologies Ltd,2655,105
Govt of Gujarat,Tera Software Ltd,2492,61
Govt of Gujarat,Transline Technologies P Ltd,184,6
Govt of Gujarat,Vayam technologies Ltd,511,52
Govt of Gujarat,eCentric solutions pvt ltd,679,15
Govt of Himachal Pradesh,Wipro Ltd,6,0
Govt of Himachal Pradesh,i-Grandee SoftwareTechnologies,107,70
Govt of Karnataka ,BNR UDYOG LIMITED,74,4
Govt of Karnataka ,Bloom Solutions Pvt Ltd,84,16
Govt of Karnataka ,COMAT TECHNOLOGIES P LTD,1,0
Govt of Karnataka ,GLODYNE TECHNOSERVE,9,0
Govt of Karnataka ,Integra Micro Systems Pvt.ltd,127,2
Govt of Karnataka ,MARS Telecom Systems Pvt Ltd,39,13
Govt of Karnataka ,Ninestars Information Technologies Ltd,34,17
Govt of Karnataka ,Om Softwares,4,1
Govt of Karnataka ,Origin ITFS Pvt Ltd,215,27
Govt of Karnataka ,Radiant Info Systems Ltd,14,3
Govt of Karnataka ,SREEVEN INFOCOM LIMITED,204,28
Govt of Karnataka ,Tera Software Ltd,1,0
Govt of Karnataka ,Wipro Ltd,1,0
Govt of Kerala,Akshaya,3881,377
Govt of Kerala,Keltron,735,4
Govt of Madhya Pradesh,VIRGO SOFTECH LIMITED,397,1
Govt of Maharashtra,Adcc Infocad Pvt.Ltd Nagpur,0,2
Govt of Maharashtra,Alankit Assignments Limited,4,0
Govt of Maharashtra,Alankit Finsec Ltd,1112,6
Govt of Maharashtra,Bharat Technical Solutions Private Limited,27,3
Govt of Maharashtra,Eagle press pvt ltd,167,5
Govt of Maharashtra,GLODYNE TECHNOSERVE,142,2
Govt of Maharashtra,Global Finsol Private Limited,2,7
Govt of Maharashtra,Karvy Computershare Private Li,202,28
Govt of Maharashtra,M/S King Computer System pvt Ltd,19,2
Govt of Maharashtra,M/s. Vidya Online  Pune,1,3
Govt of Maharashtra,Mahaonline Limited,220,0
Govt of Maharashtra,Narayana Electricals Solution Pvt Ltd,11,10
Govt of Maharashtra,Netlink software Pvt Ltd,178,29
Govt of Maharashtra,Network for Information & Computer,1,0
Govt of Maharashtra,Obel projects Pvt Ltd,0,1
Govt of Maharashtra,Rudranee Infotech Ltd,2,3
Govt of Maharashtra,SETU MAHARASHTRA,870,28
Govt of Maharashtra,SHREERAM PRINTING PRESS,15,27
Govt of Maharashtra,SILVER JUBILEE MOTORS LTD.,18,1
Govt of Maharashtra,SPANCO,12,10
Govt of Maharashtra,STRATEGIC OUTSOURCING SERVICE,876,6
Govt of Maharashtra,Silver Touch Technologies Ltd,37,6
Govt of Maharashtra,Smart Chip Limited,2,0
Govt of Maharashtra,Systematic & Advance Const P L,1,0
Govt of Maharashtra,TechSmart India Pvt Ltd,227,3
Govt of Maharashtra,Tera Software Ltd,5,1
Govt of Maharashtra,Transline Technologies P Ltd,33,9
Govt of Maharashtra,Vidarbha Infotech Pvt Ltd,5,0
Govt of Maharashtra,Wep Solution India Limited,0,1
Govt of Maharashtra,Wipro Ltd,163,8
Govt of Sikkim - Dept of Econo,Department of Economics Statistics  Monitoring and Evaluation DESME,62,10
IDBI Bank ltd,ATISHAY INFOTECH PVT. LTD.,452,80
IDBI Bank ltd,Matrix Processing House,2272,35
IDBI Bank ltd,Pioneer E Labs limited,0,1
IDBI Bank ltd,SREEVEN INFOCOM LIMITED,867,44
IDBI Bank ltd,UTI TECHNOLOGY SERVICES LIMITE,25,3
Indian Bank,Redim Software Technologies Pvt Ltd,25,20
Indiapost,4G IDENTITY SOLUTIONS,8,0
Indiapost,Delhi Integrated MMTS Ltd,230,9
Indiapost,Global Finsol Private Limited,51,2
Indiapost,IL&FS LTD,3,15
Indiapost,M/S STAR DATA CENTRE,3,1
Indiapost,MARS Telecom Systems Pvt Ltd,2,5
Indiapost,Smart Chip Limited,0,1
Indiapost,The Peerless General Finance,1,0
Indiapost,Vayam technologies Ltd,100,17
Indiapost,WEBEL,26,5
Information Technology & Communication Department,4G INFORMATICS,5,3
Information Technology & Communication Department,BNR UDYOG LIMITED,28,23
Information Technology & Communication Department,Bloom Solutions Pvt Ltd,27,13
Information Technology & Communication Department,CSS TECHNERGY LIMITED,9,0
Information Technology & Communication Department,Directorate of ESD,34960,10624
Information Technology & Communication Department,GDC Advertising Pvt. Limited,0,1
Information Technology & Communication Department,JYOTHI COMPUTER SERVICES,95,3
Information Technology & Communication Department,MARS Telecom Systems Pvt Ltd,134,13
Information Technology & Communication Department,Others,0,1
Information Technology & Communication Department,SREEVEN INFOCOM LIMITED,7,9
Information Technology & Communication Department,Tera Software Ltd,3,37
Jharkhand,Blue Circle Instrument,4,0
Jharkhand,Emdee Digitronics Pvt.Ltd.,9,3
Jharkhand,MKS Enterprises,6,3
Jharkhand,Nevaeh Technology Pvt. Ltd.,32,2
Jharkhand,STRATEGIC OUTSOURCING SERVICE,1,0
Jharkhand,Systematic & Advance Const P L,77,14
Jharkhand,VISION COMPTECH INTEGRATOR LTD,69,5
Jharkhand,Wipro Ltd,1390,109
Life Insurance Corporation,eCentric solutions pvt ltd,1,0
Mission Convergence - GNCT Del,Karvy Computershare Private Li,47,2
Mission Convergence - GNCT Del,NVR & ASSOCIATES LIMITED,4,10
Mission Convergence - GNCT Del,eCentric solutions pvt ltd,1,0
NSDL e-Governance Infrastructure Limited,Abhipra Capital Ltd,1939,160
NSDL e-Governance Infrastructure Limited,Alankit Assignments Limited,100,25
NSDL e-Governance Infrastructure Limited,Alankit Finsec Ltd,16095,990
NSDL e-Governance Infrastructure Limited,CALANCE SOFTWARE PRIVATE LTD,71,10
NSDL e-Governance Infrastructure Limited,Global Finsol Private Limited,22,1
NSDL e-Governance Infrastructure Limited,Gujarat Infotech Ltd.,21933,830
NSDL e-Governance Infrastructure Limited,IAP COMPANY Pvt. Ltd,916,27
NSDL e-Governance Infrastructure Limited,INTEGRATED REGISTRY SERVICES LTD,2,0
NSDL e-Governance Infrastructure Limited,Karvy Consultants Limited,1,0
NSDL e-Governance Infrastructure Limited,Karvy Data Management Services,111617,5867
NSDL e-Governance Infrastructure Limited,N.K. Sharma Enterprises Ltd.,2028,35
NSDL e-Governance Infrastructure Limited,Netlink software Pvt Ltd,394,78
NSDL e-Governance Infrastructure Limited,Offshoot Agency Pvt. Ltd.,3535,170
NSDL e-Governance Infrastructure Limited,PROWIZ MANSYTEMS PVT LTD,162,9
NSDL e-Governance Infrastructure Limited,Promind Solutions P Limited,28541,839
NSDL e-Governance Infrastructure Limited,RELIGARE SECURITIES LTD,3209,199
NSDL e-Governance Infrastructure Limited,Radiant Haroti Industries India Ltd,5887,86
NSDL e-Governance Infrastructure Limited,Ricoh India Limited,661,38
NSDL e-Governance Infrastructure Limited,Sri Ramraja Sarkar Lok Kalyan Trust,10498,411
NSDL e-Governance Infrastructure Limited,Utility Forms Pvt Ltd,14931,400
NSDL e-Governance Infrastructure Limited,VIRGO SOFTECH LIMITED,3541,253
Oriental Bank of Commerce,DATASOFT COMPUTER SERVICES(P),87,8
Oriental Bank of Commerce,Euro Finmart Ltd,4,3
Oriental Bank of Commerce,FINANCIAL INFORMATION NETWORK,32,0
Oriental Bank of Commerce,JNET Technologies Pvt.Ltd,31,3
Oriental Bank of Commerce,Redim Software Technologies Pvt Ltd,0,4
Oriental Bank of Commerce,Sri Ramraja Sarkar Lok Kalyan Trust,213,17
Oriental Bank of Commerce,Wipro Ltd,59,12
Principal Revenue Commissioner  Dept of Revenue  Govt of MP,Frontech Systems Pvt Ltd,35,4
Principal Revenue Commissioner  Dept of Revenue  Govt of MP,GDC Advertising Pvt. Limited,20,2
Principal Revenue Commissioner  Dept of Revenue  Govt of MP,K W Consulting P Ltd,55,13
Principal Revenue Commissioner  Dept of Revenue  Govt of MP,LYRA  CONSULTANCY SERVICE,14,2
Principal Revenue Commissioner  Dept of Revenue  Govt of MP,Netlink software Pvt Ltd,69,4
Principal Revenue Commissioner  Dept of Revenue  Govt of MP,OSWAL COMPUTERS & CONSULTANTS,8,1
Principal Revenue Commissioner  Dept of Revenue  Govt of MP,Tera Software Ltd,7,2
Principal Revenue Commissioner  Dept of Revenue  Govt of MP,The NSIC ltd,1,0
Principal Revenue Commissioner  Dept of Revenue  Govt of MP,Vedavaag Systems Limited,54,4
Punjab and Sind Bank,Matrix Processing House,3621,100
Registrar General India BEL2,4G INFORMATICS,3,0
Registrar General India BEL2,Alankit Assignments Limited,30,0
Registrar General India BEL2,Bharat Electronics Limited,2,6
Registrar General India BEL2,Computer LAB,342,21
Registrar General India BEL2,Emdee Digitronics Pvt.Ltd.,117,39
Registrar General India BEL2,In Media Computer Services LLP,42,4
Registrar General India BEL2,India Computer Technology,607,47
Registrar General India BEL2,Karvy Data Management Services,4595,124
Registrar General India BEL2,MACRO INFOTECH PVT LTD,19,14
Registrar General India BEL2,MKS Enterprises,23,1
Registrar General India BEL2,Madras Security Printers Ltd,2624,1435
Registrar General India BEL2,Manipur Electronics Dev Corp,900,42
Registrar General India BEL2,Multiwave Innovation,592,18
Registrar General India BEL2,NVR & ASSOCIATES LIMITED,58,7
Registrar General India BEL2,Netlink software Pvt Ltd,430,18
Registrar General India BEL2,Nevaeh Technology Pvt. Ltd.,29,6
Registrar General India BEL2,Nielsen  India  Private Limited,72,33
Registrar General India BEL2,Om Softwares,71,36
Registrar General India BEL2,SREEVEN INFOCOM LIMITED,35,0
Registrar General India BEL2,SREI INFRASTRUCTURE FINANCES L,1982,128
Registrar General India BEL2,STRATEGIC OUTSOURCING SERVICE,37,8
Registrar General India BEL2,Satyanarayana Raju Company Pvt ltd,839,1871
Registrar General India BEL2,Swathy Smartcards Hi-Tech Pvt,1093,99
Registrar General India BEL2,Swiss Tech India Pvt Ltd,39,5
Registrar General India BEL2,Tera Software Ltd,1875,40
Registrar General India BEL2,UNITED DATA SERVICES PRIVATE LIMITED,204,4
Registrar General India BEL2,Urmila Info solution,3,14
Registrar General India BEL2,VIRGO SOFTECH LIMITED,26,12
Registrar General India BEL2,Vansh Infotech Pvt Ltd,38,2
Registrar General India BEL2,Vayam technologies Ltd,7,113
Registrar General India BEL2,Vedavaag Systems Limited,221,36
Registrar General India BEL2,Viesa Technologies,12190,224
Registrar General India BEL2,WEBEL,24,6
Registrar General India ECIL,AVVAS INFOTECH PVT  LTD,75,30
Registrar General India ECIL,COMTECH INSTITUTE OFTECHNOLOGY,64,2
Registrar General India ECIL,COMTECHINFO SOLUTIONS PVT.LTD,6945,237
Registrar General India ECIL,Chinar Construction Company Prime agency,16113,343
Registrar General India ECIL,Clairvoyance Technologies Pvt.,6,0
Registrar General India ECIL,Computer LAB,12044,642
Registrar General India ECIL,Eagle Software India Pvt. Ltd,23590,6420
Registrar General India ECIL,Esoft Consulting Limited,21,2
Registrar General India ECIL,Gundal Infotech Private Limited,5,0
Registrar General India ECIL,In Media Computer Services LLP,5897,75
Registrar General India ECIL,India Computer Technology,2865,370
Registrar General India ECIL,Integrated Systems & Services,1208,15
Registrar General India ECIL,Karvy Data Management Services,298,96
Registrar General India ECIL,Krishna Infotech,350,80
Registrar General India ECIL,LYRA  CONSULTANCY SERVICE,3334,58
Registrar General India ECIL,Madras Security Printers Ltd,73249,6146
Registrar General India ECIL,Mphasis Ltd,27,52
Registrar General India ECIL,Nielsen  India  Private Limited,37,19
Registrar General India ECIL,Pioneer E Labs limited,1,81
Registrar General India ECIL,SARADA SYSTEMS,5,3
Registrar General India ECIL,SWISSTECH NPR 57CR PROJECT PVT,481,67
Registrar General India ECIL,Tera Software Ltd,539,210
Registrar General India ECIL,VEETECHNOLOGIES PVT. LTD,0,14
Registrar General India ECIL,Vedavaag Systems Limited,418,63
Registrar General India Others,COMTECHINFO SOLUTIONS PVT.LTD,2,0
Registrar General India Others,Clairvoyance Technologies Pvt.,25,4
Registrar General India Others,Computer LAB,43,0
Registrar General India Others,Eagle Software India Pvt. Ltd,16,33
Registrar General India Others,Integrated Systems & Services,7,0
Registrar General India Others,Karvy Data Management Services,1,0
Registrar General India Others,Krishna Infotech,1,0
Registrar General India Others,Madras Security Printers Ltd,0,1
Registrar General of India ITI,COMTECH INSTITUTE OFTECHNOLOGY,2,0
Registrar General of India ITI,CSS TECHNERGY LIMITED,53,0
Registrar General of India ITI,CommunitiWorks Welfare Society,1,0
Registrar General of India ITI,Eagle Software India Pvt. Ltd,78,47
Registrar General of India ITI,Emdee Digitronics Pvt.Ltd.,2030,139
Registrar General of India ITI,FINANCIAL INFORMATION NETWORK,0,20
Registrar General of India ITI,In Media Computer Services LLP,853,170
Registrar General of India ITI,Karvy Data Management Services,69,21
Registrar General of India ITI,MACRO INFOTECH PVT LTD,1,2
Registrar General of India ITI,MKS Enterprises,10,3
Registrar General of India ITI,Madras Security Printers Ltd,1245,89
Registrar General of India ITI,Mphasis Ltd,21,1
Registrar General of India ITI,Multiwave Innovation,10,0
Registrar General of India ITI,Netlink software Pvt Ltd,60,8
Registrar General of India ITI,Nielsen  India  Private Limited,160,113
Registrar General of India ITI,PROTEX COMPUTER PVT LTD,202,1
Registrar General of India ITI,Quick Data IT Services Pvt Ltd,51,11
Registrar General of India ITI,SREI INFRASTRUCTURE FINANCES L,0,8
Registrar General of India ITI,STRATEGIC OUTSOURCING SERVICE,99,0
Registrar General of India ITI,Satyanarayana Raju Company Pvt ltd,6,10
Registrar General of India ITI,Swathy Smartcards Hi-Tech Pvt,267,4
Registrar General of India ITI,Swiss Tech India Pvt Ltd,6,0
Registrar General of India ITI,TechSmart India Pvt Ltd,130,0
Registrar General of India ITI,VEETECHNOLOGIES PVT. LTD,1,0
Registrar General of India ITI,VIRGO SOFTECH LIMITED,462,28
Registrar General of India ITI,Vedavaag Systems Limited,216,27
Registrar General of India ITI,WEBEL TECHNOLOGY LIMITED,4181,123
Registrar General of India ITI,Webx Technologies Private Limited,193,13
STATE BANK OF HYDERABAD,CSS TECHNERGY LIMITED,2,0
STATE BANK OF PATIALA,CSS TECHNERGY LIMITED,3,0
State Bank of Bikaner & Jaipur,Multiwave Innovation,570,2
State Bank of India,CSS TECHNERGY LIMITED,3,0
State Bank of India,IL&FS LTD,1,0
State Bank of India,Smart Chip Limited,1,0
State Bank of India,VIRGO SOFTECH LIMITED,3,0
UIDAI-Registrar,UIDAI-EA,93,18
UT of Puducherry,Madras Security Printers Ltd,0,2
Union Bank,FINANCIAL INFORMATION NETWORK,11852,1895
Union Bank,Smart Chip Limited,4942,269
Union Bank,Vakrangee Softwares Limited,12330,762
