Registrar,Enrolment Agency,Aadhaar generated,Enrolment Rejected
Allahabad Bank,Asha Security Guard Services,2468,300
Allahabad Bank,Nevaeh Technology Pvt. Ltd.,1001,59
Allahabad Bank,SGS INDIA PVT LTD,2,0
Allahabad Bank,Vakrangee Softwares Limited,4,0
Allahabad Bank,Vedavaag Systems Limited,511,3
Bank Of India,A3 Logics  India  Ltd,236,18
Bank Of India,Akanksha International,49,1
Bank Of India,Blue Circle Instrument,33,2
Bank Of India,CHESSY CONSULTANTS PVT LTD,2,0
Bank Of India,DATASOFT COMPUTER SERVICES(P),788,30
Bank Of India,Emdee Digitronics Pvt.Ltd.,235,3
Bank Of India,Frontech Systems Pvt Ltd,275,1
Bank Of India,Matrix Processing House,5,0
Bank Of India,OSWAL COMPUTERS & CONSULTANTS,398,26
Bank Of India,PROTEX COMPUTER PVT LTD,1340,22
Bank Of India,SARADA SYSTEMS,2331,42
Bank Of India,SHRIKRISHNA KHANDASARI SUGAR M,5,0
Bank Of India,SPANCO,2,0
Bank Of India,SREI INFRASTRUCTURE FINANCES L,8404,134
Bank Of India,Systematic & Advance Const P L,0,1
Bank Of India,VEETECHNOLOGIES PVT. LTD,294,9
Bank of Baroda,Global Finsol Private Limited,50,2
Bank of Maharashtra,FINANCIAL INFORMATION NETWORK,16,1
Bank of Maharashtra,Tera Software Ltd,729,409
CSC e-Governance Services India Limited,A I Soc for Electronics and Comp Tech,2720,110
CSC e-Governance Services India Limited,AKSH OPTIFIBRE LIMITED,4837,154
CSC e-Governance Services India Limited,BASIX,2684,176
CSC e-Governance Services India Limited,CALANCE SOFTWARE PRIVATE LTD,101,1
CSC e-Governance Services India Limited,CHIPS,163,5
CSC e-Governance Services India Limited,CMS Computers Ltd,5044,160
CSC e-Governance Services India Limited,CSC e-Governance Services India Limited,140,2
CSC e-Governance Services India Limited,Conatus Infocom Pvt. Ltd,207,12
CSC e-Governance Services India Limited,Intelligent Communication Sys India Ltd,175,13
CSC e-Governance Services India Limited,MANTRA SOFTTECH (INDIA) PVTLTD,49,1
CSC e-Governance Services India Limited,Mahaonline Limited,97,0
CSC e-Governance Services India Limited,Nekton IT India Pvt Ltd.,771,66
CSC e-Governance Services India Limited,Reliance Communication Limited,3,0
CSC e-Governance Services India Limited,SPANCO,1035,72
CSC e-Governance Services India Limited,SRR Infotech,137,10
CSC e-Governance Services India Limited,Sahaj e-Village Limited,7560,247
CSC e-Governance Services India Limited,Tera Software Ltd,57,6
CSC e-Governance Services India Limited,United Telecoms e-Services Pvt Ltd,1064,31
CSC e-Governance Services India Limited,VIKALP MULTIMEDIA,369,36
CSC e-Governance Services India Limited,Vakrangee Softwares Limited,3,0
CSC e-Governance Services India Limited,Vayam technologies Ltd,3558,106
CSC e-Governance Services India Limited,Vedavaag Systems Limited,2453,113
CSC e-Governance Services India Limited,Zephyr System Pvt.Ltd.,942,21
Canara Bank,FINANCIAL INFORMATION NETWORK,9742,454
Canara Bank,Karvy Data Management Services,6033,262
Canara Bank,Ojus Healthcare Private Limited,26,0
Canara Bank,Osiris Infotech Pvt. Ltd.,4,0
Canara Bank,Smart Chip Limited,2809,128
Canara Bank,Swiss Tech India Pvt Ltd,1,0
Canara Bank,Virinchi Technologies Ltd,73,3
Central Bank of India,CALANCE SOFTWARE PRIVATE LTD,1,0
Central Bank of India,IAP COMPANY Pvt. Ltd,7,2
DENA BANK,A-Onerealtors Pvt Ltd,1186,23
DENA BANK,APEX Services,97,0
DENA BANK,AS International,119,0
DENA BANK,ATISHAY INFOTECH PVT. LTD.,2063,33
DENA BANK,AVVAS INFOTECH PVT  LTD,2339,72
DENA BANK,Asha Security Guard Services,825,92
DENA BANK,BNR UDYOG LIMITED,2,0
DENA BANK,Binary Systems,20,0
DENA BANK,Bloom Solutions Pvt Ltd,9583,104
DENA BANK,Blue Circle Instrument,1040,42
DENA BANK,Business Information Processing Services,215,5
DENA BANK,CALANCE SOFTWARE PRIVATE LTD,2413,69
DENA BANK,DATASOFT COMPUTER SERVICES(P),1658,48
DENA BANK,DEVASHISH SECURITIES PVT. LTD.,1,0
DENA BANK,Eagle Software India Pvt. Ltd,395,63
DENA BANK,Emdee Digitronics Pvt.Ltd.,5930,109
DENA BANK,FINANCIAL INFORMATION NETWORK,4691,74
DENA BANK,Gem Computers,221,4
DENA BANK,Gujarat Infotech Ltd.,1,0
DENA BANK,HyperSoft Technologies Ltd,993,5
DENA BANK,IAP COMPANY Pvt. Ltd,9477,288
DENA BANK,India Computer Technology,412,7
DENA BANK,K W Consulting P Ltd,4887,223
DENA BANK,M/S STAR DATA CENTRE,69,3
DENA BANK,M/s Gold Square Builders & Promoters Pvt. Ltd.,3230,201
DENA BANK,MARS Telecom Systems Pvt Ltd,5134,86
DENA BANK,MEGHA VINCOM PVT LTD,4282,512
DENA BANK,MKS Enterprises,1450,20
DENA BANK,Make India Smart Private Limited,1161,16
DENA BANK,Multiwave Innovation,1701,17
DENA BANK,NVR & ASSOCIATES LIMITED,654,21
DENA BANK,Netlink software Pvt Ltd,1005,3
DENA BANK,Nielsen  India  Private Limited,4301,470
DENA BANK,Offshoot Agency Pvt. Ltd.,1005,25
DENA BANK,Ortem Securities Limited,967,19
DENA BANK,Radiant Haroti Industries India Ltd,528,13
DENA BANK,SGS INDIA PVT LTD,3677,27
DENA BANK,Silver Touch Technologies Ltd,539,1
DENA BANK,Sixth Dimension Project Solutions Ltd,57,8
DENA BANK,Soc for Advancement of Environ Science,12,1
DENA BANK,SoftAge Information Technology Limited,1,0
DENA BANK,Super Printers,1332,24
DENA BANK,Systematic & Advance Const P L,1,0
DENA BANK,TechSmart India Pvt Ltd,1254,96
DENA BANK,Tera Software Ltd,6703,201
DENA BANK,Transline Technologies P Ltd,2917,246
DENA BANK,Utility Forms Pvt Ltd,58,4
DENA BANK,VAP INFOSOLUTIONS,1202,90
DENA BANK,VISION COMPTECH INTEGRATOR LTD,1801,28
DENA BANK,Vedavaag Systems Limited,5195,316
DENA BANK,Virinchi Technologies Ltd,2593,63
DENA BANK,WEBEL,5461,171
DENA BANK,Wipro Ltd,3788,128
DENA BANK,Zephyr System Pvt.Ltd.,7778,112
Department of Information Technology Govt of Jharkhand,Wipro Ltd,47,6
Dept of ITC Govt of Rajasthan,AKSH OPTIFIBRE LIMITED,456,2
Dept of ITC Govt of Rajasthan,ATISHAY INFOTECH PVT. LTD.,26,10
Dept of ITC Govt of Rajasthan,AVVAS INFOTECH PVT  LTD,2,1
Dept of ITC Govt of Rajasthan,Academy of Management Studies,3,0
Dept of ITC Govt of Rajasthan,Binary Systems,1162,9
Dept of ITC Govt of Rajasthan,Business Information Processing Services,448,17
Dept of ITC Govt of Rajasthan,CMS Computers Ltd,1306,43
Dept of ITC Govt of Rajasthan,COMTECH INSTITUTE OFTECHNOLOGY,29,30
Dept of ITC Govt of Rajasthan,DATASOFT COMPUTER SERVICES(P),193,10
Dept of ITC Govt of Rajasthan,FINANCIAL INFORMATION NETWORK,2077,36
Dept of ITC Govt of Rajasthan,Gem Computers,1,12
Dept of ITC Govt of Rajasthan,Gujarat Infotech Ltd.,356,5
Dept of ITC Govt of Rajasthan,IAP COMPANY Pvt. Ltd,104,6
Dept of ITC Govt of Rajasthan,Karvy Data Management Services,9,0
Dept of ITC Govt of Rajasthan,MEGHA VINCOM PVT LTD,201,12
Dept of ITC Govt of Rajasthan,Matrix Processing House,481,45
Dept of ITC Govt of Rajasthan,Multiwave Innovation,1,0
Dept of ITC Govt of Rajasthan,Osiris Infotech Pvt. Ltd.,618,59
Dept of ITC Govt of Rajasthan,Radiant Haroti Industries India Ltd,1501,2
Dept of ITC Govt of Rajasthan,Radiant Info Systems Ltd,29,14
Dept of ITC Govt of Rajasthan,Ricoh India Limited,22,4
Dept of ITC Govt of Rajasthan,SAR Technology,33,3
Dept of ITC Govt of Rajasthan,SREI INFRASTRUCTURE FINANCES L,57,3
Dept of ITC Govt of Rajasthan,TechSmart India Pvt Ltd,285,69
Dept of ITC Govt of Rajasthan,Transline Technologies P Ltd,7,2
Dept of ITC Govt of Rajasthan,UMC Technologies Pvt. Ltd,249,9
Dept of ITC Govt of Rajasthan,VISION COMPTECH INTEGRATOR LTD,9,0
Dept of ITC Govt of Rajasthan,Vakrangee Softwares Limited,2800,170
Dept of ITC Govt of Rajasthan,Vayam technologies Ltd,2337,72
FCR Govt of Haryana,Academy of Management Studies,13,0
FCR Govt of Haryana,Radiant Info Systems Ltd,2,0
FCR Govt of Haryana,SoftAge Information Technology Limited,43,6
FCS Govt of Punjab,District Sukhmani Society  Jalandhar  Punjab,33,3
FCS Govt of Punjab,District Sukhmani Society  Ludhiana  Punjab,92,6
FCS Govt of Punjab,District Sukhmani Society  Moga  Punjab,13,1
FCS Govt of Punjab,District Sukhmani Society Amritsar Punjab,159,3
FCS Govt of Punjab,District Sukhmani Society Barnala Punjab,14,5
FCS Govt of Punjab,District Sukhmani Society Bathinda Punjab,43,2
FCS Govt of Punjab,District Sukhmani Society Fatehgarh Sahib Punjab,12,0
FCS Govt of Punjab,District Sukhmani Society Fazilka Punjab,9,0
FCS Govt of Punjab,District Sukhmani Society Ferozepur Punjab,18,3
FCS Govt of Punjab,District Sukhmani Society For Citizen Services Mansa Punjab,1,1
FCS Govt of Punjab,District Sukhmani Society For Citizen Services Nawanshahr Punjab,72,3
FCS Govt of Punjab,District Sukhmani Society For Citizen Services SAS Nagar District e-Governance Society Punjab,34,1
FCS Govt of Punjab,District Sukhmani Society Pathankot Punjab,24,1
FCS Govt of Punjab,District Sukhmani Society Patiala Punjab,16,2
FCS Govt of Punjab,District Sukhmani Society Rupnagar Punjab,8,0
FCS Govt of Punjab,District Sukhmani Society Sangrur Punjab,43,2
FCS Govt of Punjab,District Sukhmani Society Sri Muktsar Sahib Punjab,132,18
FCS Govt of Punjab,District Sukhmani Society Tarn Taran Punjab,8,1
FCS Govt of Punjab,Karvy Computershare Private Li,286,15
FCS Govt of Punjab,Sukhmani Society For Citizen Services  Kapurthala  Punjab,15,1
FCS Govt of Punjab,Sukhmani Society For Citizens Services Faridkot Punjab,28,9
FCS Govt of Punjab,Suwidha Society Hoshiarpur Punjab,62,1
FCS Govt of Punjab,Vayam technologies Ltd,60,0
FCS Govt of Punjab,eCentric solutions pvt ltd,180,7
Govt of Andhra Pradesh,Gouthami Educational Society,23,0
Govt of Andhra Pradesh,GrapeSoft,2,1
Govt of Andhra Pradesh,INFRONICS SYSTEMS LTD,39,2
Govt of Andhra Pradesh,Tera Software Ltd,1,0
Govt of Gujarat,GSS Infotech Ltd,1,2
Govt of Gujarat,Karvy Computershare Private Li,675,61
Govt of Gujarat,Silver Touch Technologies Ltd,316,2
Govt of Gujarat,Tera Software Ltd,742,2
Govt of Gujarat,Vayam technologies Ltd,9,1
Govt of Gujarat,eCentric solutions pvt ltd,2,1
Govt of Himachal Pradesh,i-Grandee SoftwareTechnologies,1,0
Govt of Karnataka ,MARS Telecom Systems Pvt Ltd,1,0
Govt of Karnataka ,SREEVEN INFOCOM LIMITED,0,1
Govt of Kerala,Akshaya,1928,89
Govt of Kerala,Keltron,2,0
Govt of Maharashtra,Adcc Infocad Pvt.Ltd Nagpur,0,1
Govt of Maharashtra,Alankit Finsec Ltd,1,0
Govt of Maharashtra,Bharat Technical Solutions Private Limited,7,0
Govt of Maharashtra,Karvy Computershare Private Li,2,0
Govt of Maharashtra,M/S King Computer System pvt Ltd,1,1
Govt of Maharashtra,SETU MAHARASHTRA,70,3
Govt of Maharashtra,Silver Touch Technologies Ltd,0,1
Govt of Maharashtra,TechSmart India Pvt Ltd,0,1
Govt of Maharashtra,Vidarbha Infotech Pvt Ltd,1,0
IDBI Bank ltd,ATISHAY INFOTECH PVT. LTD.,412,64
IDBI Bank ltd,Matrix Processing House,249,12
IDBI Bank ltd,SREEVEN INFOCOM LIMITED,106,3
Indiapost,MARS Telecom Systems Pvt Ltd,1,0
Indiapost,Vayam technologies Ltd,44,10
Information Technology & Communication Department,Directorate of ESD,18245,1849
Information Technology & Communication Department,Karvy Data Management Services,1,0
Information Technology & Communication Department,MARS Telecom Systems Pvt Ltd,65,1
Information Technology & Communication Department,Tera Software Ltd,0,2
Jharkhand,VISION COMPTECH INTEGRATOR LTD,1,0
Jharkhand,Wipro Ltd,11,9
NSDL e-Governance Infrastructure Limited,Abhipra Capital Ltd,241,21
NSDL e-Governance Infrastructure Limited,Alankit Finsec Ltd,3605,330
NSDL e-Governance Infrastructure Limited,Gujarat Infotech Ltd.,1833,176
NSDL e-Governance Infrastructure Limited,IAP COMPANY Pvt. Ltd,22,1
NSDL e-Governance Infrastructure Limited,Karvy Consultants Limited,1,0
NSDL e-Governance Infrastructure Limited,Karvy Data Management Services,23910,1461
NSDL e-Governance Infrastructure Limited,N.K. Sharma Enterprises Ltd.,301,16
NSDL e-Governance Infrastructure Limited,Netlink software Pvt Ltd,21,1
NSDL e-Governance Infrastructure Limited,Offshoot Agency Pvt. Ltd.,680,94
NSDL e-Governance Infrastructure Limited,Promind Solutions P Limited,11561,562
NSDL e-Governance Infrastructure Limited,RELIGARE SECURITIES LTD,1850,47
NSDL e-Governance Infrastructure Limited,Radiant Haroti Industries India Ltd,790,11
NSDL e-Governance Infrastructure Limited,Ricoh India Limited,2095,64
NSDL e-Governance Infrastructure Limited,Sri Ramraja Sarkar Lok Kalyan Trust,3194,138
NSDL e-Governance Infrastructure Limited,Utility Forms Pvt Ltd,5305,103
NSDL e-Governance Infrastructure Limited,VIRGO SOFTECH LIMITED,1745,6
Oriental Bank of Commerce,DATASOFT COMPUTER SERVICES(P),1,0
Oriental Bank of Commerce,JNET Technologies Pvt.Ltd,2,0
Oriental Bank of Commerce,Redim Software Technologies Pvt Ltd,1,0
Oriental Bank of Commerce,Sri Ramraja Sarkar Lok Kalyan Trust,10,1
Principal Revenue Commissioner  Dept of Revenue  Govt of MP,Frontech Systems Pvt Ltd,1,0
Principal Revenue Commissioner  Dept of Revenue  Govt of MP,LYRA  CONSULTANCY SERVICE,2,0
Principal Revenue Commissioner  Dept of Revenue  Govt of MP,Netlink software Pvt Ltd,14,0
Principal Revenue Commissioner  Dept of Revenue  Govt of MP,Vedavaag Systems Limited,7,1
Punjab and Sind Bank,Matrix Processing House,2278,29
Registrar General India BEL2,Computer LAB,0,1
Registrar General India BEL2,Emdee Digitronics Pvt.Ltd.,0,2
Registrar General India BEL2,Karvy Data Management Services,39,69
Registrar General India BEL2,MACRO INFOTECH PVT LTD,0,5
Registrar General India BEL2,Madras Security Printers Ltd,383,1434
Registrar General India BEL2,Manipur Electronics Dev Corp,216,1
Registrar General India BEL2,Multiwave Innovation,2151,2
Registrar General India BEL2,Netlink software Pvt Ltd,2,0
Registrar General India BEL2,Nevaeh Technology Pvt. Ltd.,1,0
Registrar General India BEL2,Nielsen  India  Private Limited,3,0
Registrar General India BEL2,STRATEGIC OUTSOURCING SERVICE,1,0
Registrar General India BEL2,Satyanarayana Raju Company Pvt ltd,531,3
Registrar General India BEL2,Swathy Smartcards Hi-Tech Pvt,0,4
Registrar General India BEL2,Tera Software Ltd,578,4
Registrar General India BEL2,VIRGO SOFTECH LIMITED,2,0
Registrar General India BEL2,Vansh Infotech Pvt Ltd,5,0
Registrar General India BEL2,Vedavaag Systems Limited,8,1
Registrar General India BEL2,Viesa Technologies,1710,35
Registrar General India BEL2,WEBEL,1,1
Registrar General India ECIL,COMTECH INSTITUTE OFTECHNOLOGY,0,2
Registrar General India ECIL,COMTECHINFO SOLUTIONS PVT.LTD,5209,100
Registrar General India ECIL,Chinar Construction Company Prime agency,67,33
Registrar General India ECIL,Computer LAB,6273,33
Registrar General India ECIL,Eagle Software India Pvt. Ltd,28161,91
Registrar General India ECIL,In Media Computer Services LLP,0,8
Registrar General India ECIL,India Computer Technology,1910,162
Registrar General India ECIL,Integrated Systems & Services,117,4
Registrar General India ECIL,Karvy Data Management Services,369,3
Registrar General India ECIL,LYRA  CONSULTANCY SERVICE,0,15
Registrar General India ECIL,Madras Security Printers Ltd,15746,3878
Registrar General India ECIL,Mphasis Ltd,2,13
Registrar General India ECIL,SWISSTECH NPR 57CR PROJECT PVT,14,1
Registrar General India ECIL,Tera Software Ltd,1,1
Registrar General India ECIL,Vedavaag Systems Limited,4,1
Registrar General India Others,Clairvoyance Technologies Pvt.,15,14
Registrar General India Others,Karvy Data Management Services,4,0
Registrar General India Others,WEBEL TECHNOLOGY LIMITED,12,0
Registrar General of India ITI,Eagle Software India Pvt. Ltd,6,0
Registrar General of India ITI,Emdee Digitronics Pvt.Ltd.,9,10
Registrar General of India ITI,In Media Computer Services LLP,32,3
Registrar General of India ITI,Karvy Data Management Services,47,0
Registrar General of India ITI,Madras Security Printers Ltd,933,527
Registrar General of India ITI,Mphasis Ltd,2,0
Registrar General of India ITI,Multiwave Innovation,0,1
Registrar General of India ITI,Netlink software Pvt Ltd,7,0
Registrar General of India ITI,PROTEX COMPUTER PVT LTD,1,0
Registrar General of India ITI,Quick Data IT Services Pvt Ltd,9,0
Registrar General of India ITI,SREEVEN INFOCOM LIMITED,1,0
Registrar General of India ITI,Swathy Smartcards Hi-Tech Pvt,8,0
Registrar General of India ITI,TechSmart India Pvt Ltd,3,0
Registrar General of India ITI,VIRGO SOFTECH LIMITED,2,20
Registrar General of India ITI,Vedavaag Systems Limited,14,3
Registrar General of India ITI,WEBEL TECHNOLOGY LIMITED,702,13
UIDAI-Registrar,UIDAI-EA,33,3
Union Bank,FINANCIAL INFORMATION NETWORK,7209,242
Union Bank,Smart Chip Limited,344,31
Union Bank,Vakrangee Softwares Limited,1522,64
