Registrar,Enrolment Agency,Aadhaar generated,Enrolment Rejected
Allahabad Bank,Asha Security Guard Services,818,12
Allahabad Bank,Nevaeh Technology Pvt. Ltd.,611,151
Allahabad Bank,SGS INDIA PVT LTD,6,15
Allahabad Bank,Sri Ramraja Sarkar Lok Kalyan Trust,0,1
Allahabad Bank,Vakrangee Softwares Limited,0,3
Allahabad Bank,Vedavaag Systems Limited,16,0
Bank Of India,A3 Logics  India  Ltd,229,86
Bank Of India,Akanksha International,18,5
Bank Of India,Blue Circle Instrument,11,5
Bank Of India,CHESSY CONSULTANTS PVT LTD,61,6
Bank Of India,DATASOFT COMPUTER SERVICES(P),586,110
Bank Of India,Emdee Digitronics Pvt.Ltd.,61,80
Bank Of India,Frontech Systems Pvt Ltd,147,80
Bank Of India,Matrix Processing House,7,10
Bank Of India,OSWAL COMPUTERS & CONSULTANTS,185,270
Bank Of India,PROTEX COMPUTER PVT LTD,642,134
Bank Of India,SARADA SYSTEMS,571,287
Bank Of India,SHRIKRISHNA KHANDASARI SUGAR M,18,17
Bank Of India,SPANCO,0,2
Bank Of India,SREI INFRASTRUCTURE FINANCES L,6927,1578
Bank Of India,Systematic & Advance Const P L,4,3
Bank Of India,VEETECHNOLOGIES PVT. LTD,1221,480
Bank of Baroda,Global Finsol Private Limited,1213,93
Bank of Maharashtra,FINANCIAL INFORMATION NETWORK,9,5
Bank of Maharashtra,Micro Technologies India Ltd,6,0
Bank of Maharashtra,Tera Software Ltd,771,193
CSC e-Governance Services India Limited,A I Soc for Electronics and Comp Tech,2564,252
CSC e-Governance Services India Limited,AKSH OPTIFIBRE LIMITED,1286,352
CSC e-Governance Services India Limited,BASIX,1248,240
CSC e-Governance Services India Limited,CHIPS,333,52
CSC e-Governance Services India Limited,CMS Computers Ltd,2827,454
CSC e-Governance Services India Limited,CSC e-Governance Services India Limited,175,27
CSC e-Governance Services India Limited,Conatus Infocom Pvt. Ltd,4,11
CSC e-Governance Services India Limited,Intelligent Communication Sys India Ltd,48,43
CSC e-Governance Services India Limited,MANTRA SOFTTECH (INDIA) PVTLTD,681,164
CSC e-Governance Services India Limited,Mahaonline Limited,252,147
CSC e-Governance Services India Limited,Nekton IT India Pvt Ltd.,417,122
CSC e-Governance Services India Limited,Network for Information & Computer,45,24
CSC e-Governance Services India Limited,Reliance Communication Limited,3,2
CSC e-Governance Services India Limited,SPANCO,882,240
CSC e-Governance Services India Limited,SRR Infotech,100,31
CSC e-Governance Services India Limited,Sahaj e-Village Limited,2823,124
CSC e-Governance Services India Limited,Tera Software Ltd,97,24
CSC e-Governance Services India Limited,United Telecoms e-Services Pvt Ltd,361,194
CSC e-Governance Services India Limited,VIKALP MULTIMEDIA,5,15
CSC e-Governance Services India Limited,Vakrangee Softwares Limited,23,48
CSC e-Governance Services India Limited,Vayam technologies Ltd,1443,177
CSC e-Governance Services India Limited,Vedavaag Systems Limited,1268,88
CSC e-Governance Services India Limited,Zephyr System Pvt.Ltd.,2490,234
Canara Bank,FINANCIAL INFORMATION NETWORK,5269,894
Canara Bank,Karvy Data Management Services,4448,133
Canara Bank,Ojus Healthcare Private Limited,14,16
Canara Bank,Osiris Infotech Pvt. Ltd.,36,2
Canara Bank,Smart Chip Limited,2841,912
Canara Bank,Virinchi Technologies Ltd,569,52
Central Bank of India,IAP COMPANY Pvt. Ltd,58,12
Central Bank of India,The Peerless General Finance,3,0
DENA BANK,A-Onerealtors Pvt Ltd,479,22
DENA BANK,APEX Services,83,8
DENA BANK,AS International,90,3
DENA BANK,ATISHAY INFOTECH PVT. LTD.,410,515
DENA BANK,AVVAS INFOTECH PVT  LTD,1077,353
DENA BANK,Asha Security Guard Services,821,137
DENA BANK,BNR UDYOG LIMITED,12,1
DENA BANK,Binary Systems,114,7
DENA BANK,Bloom Solutions Pvt Ltd,1965,160
DENA BANK,Blue Circle Instrument,359,108
DENA BANK,Business Information Processing Services,1681,89
DENA BANK,CALANCE SOFTWARE PRIVATE LTD,1670,80
DENA BANK,DATASOFT COMPUTER SERVICES(P),1329,144
DENA BANK,DEVASHISH SECURITIES PVT. LTD.,61,1
DENA BANK,Eagle Software India Pvt. Ltd,3191,647
DENA BANK,Emdee Digitronics Pvt.Ltd.,6,203
DENA BANK,FINANCIAL INFORMATION NETWORK,3957,334
DENA BANK,Gem Computers,2,1
DENA BANK,Gujarat Infotech Ltd.,180,12
DENA BANK,HyperSoft Technologies Ltd,1280,46
DENA BANK,IAP COMPANY Pvt. Ltd,4756,1752
DENA BANK,India Computer Technology,306,64
DENA BANK,JNET Technologies Pvt.Ltd,279,1
DENA BANK,K W Consulting P Ltd,1256,163
DENA BANK,M/S STAR DATA CENTRE,292,4
DENA BANK,M/s Gold Square Builders & Promoters Pvt. Ltd.,403,42
DENA BANK,MARS Telecom Systems Pvt Ltd,199,95
DENA BANK,MEGHA VINCOM PVT LTD,1792,211
DENA BANK,MKS Enterprises,118,155
DENA BANK,Make India Smart Private Limited,1248,26
DENA BANK,Multiwave Innovation,991,274
DENA BANK,NVR & ASSOCIATES LIMITED,987,35
DENA BANK,Narayana Electricals Solution Pvt Ltd,8,2
DENA BANK,Netlink software Pvt Ltd,1302,146
DENA BANK,Nielsen  India  Private Limited,52373,1182
DENA BANK,Offshoot Agency Pvt. Ltd.,51,69
DENA BANK,Ortem Securities Limited,317,16
DENA BANK,Prodigy Systems and Services Private Limited,532,73
DENA BANK,Radiant Haroti Industries India Ltd,1085,36
DENA BANK,SGS INDIA PVT LTD,2494,113
DENA BANK,Silver Touch Technologies Ltd,936,50
DENA BANK,Sixth Dimension Project Solutions Ltd,334,12
DENA BANK,Soc for Advancement of Environ Science,16,30
DENA BANK,Super Printers,1094,81
DENA BANK,Systematic & Advance Const P L,144,12
DENA BANK,TechSmart India Pvt Ltd,317,328
DENA BANK,Tera Software Ltd,4998,1301
DENA BANK,The NSIC ltd,55,4
DENA BANK,Transline Technologies P Ltd,1009,39
DENA BANK,Utility Forms Pvt Ltd,16,0
DENA BANK,VAP INFOSOLUTIONS,2193,60
DENA BANK,VISION COMPTECH INTEGRATOR LTD,717,81
DENA BANK,Vedavaag Systems Limited,2481,102
DENA BANK,Virinchi Technologies Ltd,1009,68
DENA BANK,WEBEL,19319,1456
DENA BANK,Wipro Ltd,24721,725
DENA BANK,Zephyr System Pvt.Ltd.,5348,397
Delhi - North DC,CALANCE SOFTWARE PRIVATE LTD,0,1
Delhi SW DC,VIRGO SOFTECH LIMITED,2,0
Delhi-NW DC,Karvy Computershare Private Li,2,0
Department of Information Technology Govt of Jharkhand,MKS Enterprises,1,1
Department of Information Technology Govt of Jharkhand,Wipro Ltd,45,8
Dept of ITC Govt of Rajasthan,AKSH OPTIFIBRE LIMITED,126,7
Dept of ITC Govt of Rajasthan,ATISHAY INFOTECH PVT. LTD.,193,84
Dept of ITC Govt of Rajasthan,AVVAS INFOTECH PVT  LTD,29,18
Dept of ITC Govt of Rajasthan,Academy of Management Studies,59,12
Dept of ITC Govt of Rajasthan,Alankit Finsec Ltd,3,1
Dept of ITC Govt of Rajasthan,Binary Systems,362,77
Dept of ITC Govt of Rajasthan,Business Information Processing Services,1995,144
Dept of ITC Govt of Rajasthan,CMS Computers Ltd,1463,213
Dept of ITC Govt of Rajasthan,COMTECH INSTITUTE OFTECHNOLOGY,135,1
Dept of ITC Govt of Rajasthan,DATASOFT COMPUTER SERVICES(P),394,130
Dept of ITC Govt of Rajasthan,FINANCIAL INFORMATION NETWORK,775,428
Dept of ITC Govt of Rajasthan,Gem Computers,11,43
Dept of ITC Govt of Rajasthan,Gujarat Infotech Ltd.,101,28
Dept of ITC Govt of Rajasthan,IAP COMPANY Pvt. Ltd,559,272
Dept of ITC Govt of Rajasthan,Karvy Data Management Services,196,41
Dept of ITC Govt of Rajasthan,MEGHA VINCOM PVT LTD,572,175
Dept of ITC Govt of Rajasthan,Matrix Processing House,270,232
Dept of ITC Govt of Rajasthan,Multiwave Innovation,19,287
Dept of ITC Govt of Rajasthan,Osiris Infotech Pvt. Ltd.,231,73
Dept of ITC Govt of Rajasthan,Radiant Haroti Industries India Ltd,341,208
Dept of ITC Govt of Rajasthan,Radiant Info Systems Ltd,15,2
Dept of ITC Govt of Rajasthan,Ricoh India Limited,194,21
Dept of ITC Govt of Rajasthan,SAR Technology,94,19
Dept of ITC Govt of Rajasthan,TechSmart India Pvt Ltd,64,205
Dept of ITC Govt of Rajasthan,Transline Technologies P Ltd,372,363
Dept of ITC Govt of Rajasthan,UMC Technologies Pvt. Ltd,114,24
Dept of ITC Govt of Rajasthan,VIRGO SOFTECH LIMITED,4,0
Dept of ITC Govt of Rajasthan,VISION COMPTECH INTEGRATOR LTD,4,1
Dept of ITC Govt of Rajasthan,Vakrangee Softwares Limited,3399,1770
Dept of ITC Govt of Rajasthan,Vayam technologies Ltd,153,98
FCR Govt of Haryana,Academy of Management Studies,0,9
FCR Govt of Haryana,Radiant Info Systems Ltd,36,20
FCR Govt of Haryana,SoftAge Information Technology Limited,241,50
FCR Govt of Haryana,Vayam technologies Ltd,1,3
FCS Govt of Punjab,CSS TECHNERGY LIMITED,0,1
FCS Govt of Punjab,District Sukhmani Society  Jalandhar  Punjab,19,11
FCS Govt of Punjab,District Sukhmani Society  Ludhiana  Punjab,5,14
FCS Govt of Punjab,District Sukhmani Society  Moga  Punjab,6,4
FCS Govt of Punjab,District Sukhmani Society Amritsar Punjab,5,5
FCS Govt of Punjab,District Sukhmani Society Barnala Punjab,4,9
FCS Govt of Punjab,District Sukhmani Society Bathinda Punjab,3,5
FCS Govt of Punjab,District Sukhmani Society Fatehgarh Sahib Punjab,4,5
FCS Govt of Punjab,District Sukhmani Society Fazilka Punjab,0,4
FCS Govt of Punjab,District Sukhmani Society Ferozepur Punjab,0,4
FCS Govt of Punjab,District Sukhmani Society For Citizen Services Nawanshahr Punjab,2,5
FCS Govt of Punjab,District Sukhmani Society For Citizen Services SAS Nagar District e-Governance Society Punjab,7,4
FCS Govt of Punjab,District Sukhmani Society Patiala Punjab,17,8
FCS Govt of Punjab,District Sukhmani Society Rupnagar Punjab,11,4
FCS Govt of Punjab,District Sukhmani Society Sangrur Punjab,2,4
FCS Govt of Punjab,District Sukhmani Society Sri Muktsar Sahib Punjab,49,3
FCS Govt of Punjab,District Sukhmani Society Tarn Taran Punjab,6,6
FCS Govt of Punjab,Karvy Computershare Private Li,4,64
FCS Govt of Punjab,Sukhmani Society For Citizen Services  Kapurthala  Punjab,2,1
FCS Govt of Punjab,Sukhmani Society For Citizens Services Faridkot Punjab,15,8
FCS Govt of Punjab,Suwidha Society Hoshiarpur Punjab,12,8
FCS Govt of Punjab,Vayam technologies Ltd,0,2
FCS Govt of Punjab,eCentric solutions pvt ltd,398,45
Govt of Andhra Pradesh,Gouthami Educational Society,0,2
Govt of Andhra Pradesh,GrapeSoft,12,4
Govt of Andhra Pradesh,INFRONICS SYSTEMS LTD,120,36
Govt of Andhra Pradesh,SREEVEN INFOCOM LIMITED,0,2
Govt of Andhra Pradesh,TechSmart India Pvt Ltd,1,3
Govt of Andhra Pradesh,Tera Software Ltd,1,3
Govt of Goa,MARS Telecom Systems Pvt Ltd,2,0
Govt of Gujarat,GSS Infotech Ltd,7,9
Govt of Gujarat,Karvy Computershare Private Li,724,35
Govt of Gujarat,Silver Touch Technologies Ltd,975,237
Govt of Gujarat,Tera Software Ltd,159,13
Govt of Gujarat,Transline Technologies P Ltd,13,0
Govt of Gujarat,Vayam technologies Ltd,61,3
Govt of Gujarat,eCentric solutions pvt ltd,342,1
Govt of Himachal Pradesh,Wipro Ltd,2,1
Govt of Himachal Pradesh,i-Grandee SoftwareTechnologies,1,56
Govt of Karnataka ,BNR UDYOG LIMITED,17,3
Govt of Karnataka ,Bloom Solutions Pvt Ltd,11,3
Govt of Karnataka ,MARS Telecom Systems Pvt Ltd,13,9
Govt of Karnataka ,Ninestars Information Technologies Ltd,1,3
Govt of Karnataka ,Origin ITFS Pvt Ltd,33,15
Govt of Karnataka ,Radiant Info Systems Ltd,1,4
Govt of Karnataka ,SREEVEN INFOCOM LIMITED,18,12
Govt of Kerala,Akshaya,1779,287
Govt of Kerala,Keltron,5,2
Govt of Maharashtra,Adcc Infocad Pvt.Ltd Nagpur,1,1
Govt of Maharashtra,Alankit Finsec Ltd,1,0
Govt of Maharashtra,Bharat Technical Solutions Private Limited,1,0
Govt of Maharashtra,Eagle press pvt ltd,1,0
Govt of Maharashtra,Karvy Computershare Private Li,3,10
Govt of Maharashtra,Narayana Electricals Solution Pvt Ltd,2,1
Govt of Maharashtra,Netlink software Pvt Ltd,18,25
Govt of Maharashtra,Rudranee Infotech Ltd,8,4
Govt of Maharashtra,SETU MAHARASHTRA,286,9
Govt of Maharashtra,SHREERAM PRINTING PRESS,0,2
Govt of Maharashtra,SILVER JUBILEE MOTORS LTD.,23,2
Govt of Maharashtra,SPANCO,3,3
Govt of Maharashtra,STRATEGIC OUTSOURCING SERVICE,33,9
Govt of Maharashtra,Systematic & Advance Const P L,0,1
Govt of Maharashtra,TechSmart India Pvt Ltd,4,0
Govt of Maharashtra,Transline Technologies P Ltd,1,0
Govt of Maharashtra,Vidarbha Infotech Pvt Ltd,0,2
Govt of Maharashtra,Wipro Ltd,6,6
Govt of Sikkim - Dept of Econo,Department of Economics Statistics  Monitoring and Evaluation DESME,5,7
IDBI Bank ltd,ATISHAY INFOTECH PVT. LTD.,14,38
IDBI Bank ltd,Matrix Processing House,526,32
IDBI Bank ltd,SREEVEN INFOCOM LIMITED,664,232
IDBI Bank ltd,UTI TECHNOLOGY SERVICES LIMITE,2,1
Indiapost,MARS Telecom Systems Pvt Ltd,0,3
Indiapost,Vayam technologies Ltd,51,35
Indiapost,WEBEL,1,1
Information Technology & Communication Department,BNR UDYOG LIMITED,9,35
Information Technology & Communication Department,Directorate of ESD,11359,3508
Information Technology & Communication Department,JYOTHI COMPUTER SERVICES,2,0
Information Technology & Communication Department,MARS Telecom Systems Pvt Ltd,36,19
Information Technology & Communication Department,SREEVEN INFOCOM LIMITED,1,1
Information Technology & Communication Department,Tera Software Ltd,0,3
Jharkhand,Emdee Digitronics Pvt.Ltd.,2,0
Jharkhand,MKS Enterprises,0,1
Jharkhand,Nevaeh Technology Pvt. Ltd.,1,6
Jharkhand,Smart Chip Limited,0,1
Jharkhand,Systematic & Advance Const P L,1,0
Jharkhand,Wipro Ltd,33,15
NSDL e-Governance Infrastructure Limited,Abhipra Capital Ltd,42,27
NSDL e-Governance Infrastructure Limited,Alankit Assignments Limited,12,5
NSDL e-Governance Infrastructure Limited,Alankit Finsec Ltd,3633,1065
NSDL e-Governance Infrastructure Limited,Global Finsol Private Limited,1,0
NSDL e-Governance Infrastructure Limited,Gujarat Infotech Ltd.,17805,263
NSDL e-Governance Infrastructure Limited,IAP COMPANY Pvt. Ltd,66,7
NSDL e-Governance Infrastructure Limited,Karvy Data Management Services,8312,1695
NSDL e-Governance Infrastructure Limited,N.K. Sharma Enterprises Ltd.,455,7
NSDL e-Governance Infrastructure Limited,Netlink software Pvt Ltd,27,10
NSDL e-Governance Infrastructure Limited,Offshoot Agency Pvt. Ltd.,293,47
NSDL e-Governance Infrastructure Limited,PROWIZ MANSYTEMS PVT LTD,1,3
NSDL e-Governance Infrastructure Limited,Promind Solutions P Limited,5524,204
NSDL e-Governance Infrastructure Limited,RELIGARE SECURITIES LTD,1096,28
NSDL e-Governance Infrastructure Limited,Radiant Haroti Industries India Ltd,172,7
NSDL e-Governance Infrastructure Limited,Ricoh India Limited,595,88
NSDL e-Governance Infrastructure Limited,Sri Ramraja Sarkar Lok Kalyan Trust,405,105
NSDL e-Governance Infrastructure Limited,Utility Forms Pvt Ltd,3117,156
NSDL e-Governance Infrastructure Limited,VIRGO SOFTECH LIMITED,1379,236
Oriental Bank of Commerce,JNET Technologies Pvt.Ltd,1,7
Oriental Bank of Commerce,Redim Software Technologies Pvt Ltd,1,5
Oriental Bank of Commerce,Sri Ramraja Sarkar Lok Kalyan Trust,6,2
Oriental Bank of Commerce,Wipro Ltd,21,10
Principal Revenue Commissioner  Dept of Revenue  Govt of MP,GDC Advertising Pvt. Limited,3,0
Principal Revenue Commissioner  Dept of Revenue  Govt of MP,K W Consulting P Ltd,1,5
Principal Revenue Commissioner  Dept of Revenue  Govt of MP,Netlink software Pvt Ltd,18,4
Principal Revenue Commissioner  Dept of Revenue  Govt of MP,OSWAL COMPUTERS & CONSULTANTS,2,3
Principal Revenue Commissioner  Dept of Revenue  Govt of MP,Tera Software Ltd,2,0
Principal Revenue Commissioner  Dept of Revenue  Govt of MP,The NSIC ltd,1,0
Principal Revenue Commissioner  Dept of Revenue  Govt of MP,Vedavaag Systems Limited,2,4
Punjab National Bank,Eagle Software India Pvt. Ltd,154,8
Punjab National Bank,Smart Chip Limited,0,5
Punjab and Sind Bank,Matrix Processing House,1203,268
Registrar General India BEL2,Bharat Electronics Limited,0,5
Registrar General India BEL2,Chinar Construction Company Prime agency,3143,186
Registrar General India BEL2,Computer LAB,6,0
Registrar General India BEL2,Emdee Digitronics Pvt.Ltd.,2,13
Registrar General India BEL2,India Computer Technology,4,0
Registrar General India BEL2,Karvy Data Management Services,130,183
Registrar General India BEL2,MACRO INFOTECH PVT LTD,23,66
Registrar General India BEL2,MKS Enterprises,1,0
Registrar General India BEL2,Madras Security Printers Ltd,4,7
Registrar General India BEL2,Manipur Electronics Dev Corp,24,12
Registrar General India BEL2,Multiwave Innovation,2,10
Registrar General India BEL2,Netlink software Pvt Ltd,4,3
Registrar General India BEL2,Nevaeh Technology Pvt. Ltd.,3,0
Registrar General India BEL2,Nielsen  India  Private Limited,73,40
Registrar General India BEL2,Om Softwares,2,0
Registrar General India BEL2,SREI INFRASTRUCTURE FINANCES L,296,77
Registrar General India BEL2,STRATEGIC OUTSOURCING SERVICE,24,15
Registrar General India BEL2,Satyanarayana Raju Company Pvt ltd,402,663
Registrar General India BEL2,Swathy Smartcards Hi-Tech Pvt,56,30
Registrar General India BEL2,Tera Software Ltd,416,106
Registrar General India BEL2,UNITED DATA SERVICES PRIVATE LIMITED,9,7
Registrar General India BEL2,VIRGO SOFTECH LIMITED,2,2
Registrar General India BEL2,Vansh Infotech Pvt Ltd,3,1
Registrar General India BEL2,Vayam technologies Ltd,3,0
Registrar General India BEL2,Vedavaag Systems Limited,122,11
Registrar General India BEL2,Viesa Technologies,338,126
Registrar General India BEL2,WEBEL,1,0
Registrar General India ECIL,AVVAS INFOTECH PVT  LTD,6,2
Registrar General India ECIL,COMTECH INSTITUTE OFTECHNOLOGY,4,0
Registrar General India ECIL,COMTECHINFO SOLUTIONS PVT.LTD,4,13
Registrar General India ECIL,Chinar Construction Company Prime agency,4,0
Registrar General India ECIL,Computer LAB,407,260
Registrar General India ECIL,Eagle Software India Pvt. Ltd,30571,1756
Registrar General India ECIL,In Media Computer Services LLP,6,111
Registrar General India ECIL,India Computer Technology,13,2020
Registrar General India ECIL,Integrated Systems & Services,260,5
Registrar General India ECIL,Karvy Data Management Services,496,25
Registrar General India ECIL,Krishna Infotech,4,2
Registrar General India ECIL,LYRA  CONSULTANCY SERVICE,259,21
Registrar General India ECIL,Madras Security Printers Ltd,8550,2924
Registrar General India ECIL,Mphasis Ltd,0,10
Registrar General India ECIL,Nielsen  India  Private Limited,9,0
Registrar General India ECIL,SARADA SYSTEMS,7,0
Registrar General India ECIL,SWISSTECH NPR 57CR PROJECT PVT,133,2
Registrar General India ECIL,Tera Software Ltd,3,32
Registrar General India ECIL,Vedavaag Systems Limited,5,1
Registrar General India Others,Clairvoyance Technologies Pvt.,6,2
Registrar General of India ITI,CommunitiWorks Welfare Society,2,0
Registrar General of India ITI,Eagle Software India Pvt. Ltd,8,7
Registrar General of India ITI,Emdee Digitronics Pvt.Ltd.,49,12
Registrar General of India ITI,In Media Computer Services LLP,1,0
Registrar General of India ITI,Karvy Data Management Services,6,1
Registrar General of India ITI,Madras Security Printers Ltd,37,87
Registrar General of India ITI,Mphasis Ltd,2,0
Registrar General of India ITI,Multiwave Innovation,4,0
Registrar General of India ITI,Netlink software Pvt Ltd,5,6
Registrar General of India ITI,Nielsen  India  Private Limited,134,3
Registrar General of India ITI,Quick Data IT Services Pvt Ltd,156,4
Registrar General of India ITI,SREI INFRASTRUCTURE FINANCES L,0,1
Registrar General of India ITI,STRATEGIC OUTSOURCING SERVICE,1,0
Registrar General of India ITI,Satyanarayana Raju Company Pvt ltd,0,1
Registrar General of India ITI,Swathy Smartcards Hi-Tech Pvt,6,0
Registrar General of India ITI,Swiss Tech India Pvt Ltd,2,2
Registrar General of India ITI,VIRGO SOFTECH LIMITED,398,52
Registrar General of India ITI,Vedavaag Systems Limited,3,6
Registrar General of India ITI,WEBEL TECHNOLOGY LIMITED,458,8
Registrar General of India ITI,Webx Technologies Private Limited,21,8
UIDAI-Registrar,UIDAI-EA,18,4
UT Of Daman and Diu,Alankit Assignments Limited,3,0
Union Bank,4G IDENTITY SOLUTIONS,0,1
Union Bank,FINANCIAL INFORMATION NETWORK,4279,1611
Union Bank,Smart Chip Limited,823,303
Union Bank,Vakrangee Softwares Limited,4752,844
