State,District,Aadhaar generated,Enrolment Rejected
Andaman and Nicobar Islands,Andamans,5,0
Andaman and Nicobar Islands,South Andaman,2,0
Andhra Pradesh,Adilabad,1649,59
Andhra Pradesh,Anantapur,4,4
Andhra Pradesh,Ananthapur,598,44
Andhra Pradesh,Chittoor,951,38
Andhra Pradesh,Cuddapah,1327,15
Andhra Pradesh,East Godavari,3093,515
Andhra Pradesh,Guntur,1632,560
Andhra Pradesh,Hyderabad,4097,227
Andhra Pradesh,K.V.Rangareddy,59,3
Andhra Pradesh,K.v. Rangareddy,4525,217
Andhra Pradesh,Karim Nagar,39,2
Andhra Pradesh,Karimnagar,1087,110
Andhra Pradesh,Khammam,890,60
Andhra Pradesh,Krishna,1595,541
Andhra Pradesh,Kurnool,1550,1439
Andhra Pradesh,Mahabub Nagar,1073,351
Andhra Pradesh,Mahabubnagar,1916,108
Andhra Pradesh,Mahbubnagar,259,55
Andhra Pradesh,Medak,3597,405
Andhra Pradesh,Nalgonda,6076,1339
Andhra Pradesh,Nellore,1729,395
Andhra Pradesh,Nizamabad,9029,170
Andhra Pradesh,Prakasam,1295,111
Andhra Pradesh,Srikakulam,661,615
Andhra Pradesh,Visakhapatnam,1463,655
Andhra Pradesh,Vizianagaram,80,9
Andhra Pradesh,Warangal,2942,283
Andhra Pradesh,West Godavari,1336,148
Arunachal Pradesh,Lohit,1,0
Arunachal Pradesh,Lower Subansiri,1,0
Assam,Barpeta,5,0
Assam,Bongaigaon,2,0
Assam,Cachar,7,0
Assam,Chirang,9,0
Assam,Dhemaji,4,0
Assam,Dibrugarh,3,0
Assam,Goalpara,2,0
Assam,Golaghat,2,0
Assam,Hailakandi,1,0
Assam,Jorhat,4,0
Assam,Kamrup,12,0
Assam,Karbi Anglong,0,1
Assam,Karimganj,2,0
Assam,Kokrajhar,2,0
Assam,Lakhimpur,2,0
Assam,Marigaon,2,0
Assam,Nagaon,5,0
Assam,Nalbari,2,0
Assam,Sibsagar,2,0
Assam,Sonitpur,9,0
Assam,Tinsukia,3,0
Assam,Udalguri,2,0
Bihar,Araria,26,0
Bihar,Arwal,29,1
Bihar,Aurangabad,47,2
Bihar,Aurangabad(BH),7,1
Bihar,Banka,42,0
Bihar,Begusarai,52,0
Bihar,Bhabua,3,0
Bihar,Bhagalpur,58,2
Bihar,Bhojpur,119,3
Bihar,Buxar,69,1
Bihar,Darbhanga,103,5
Bihar,East Champaran,103,1
Bihar,Gaya,124,2
Bihar,Gopalganj,52,2
Bihar,Jamui,35,3
Bihar,Jehanabad,32,1
Bihar,Kaimur (Bhabua),24,1
Bihar,Katihar,23,1
Bihar,Khagaria,49,1
Bihar,Kishanganj,43,1
Bihar,Lakhisarai,26,1
Bihar,Madhepura,18,0
Bihar,Madhubani,122,4
Bihar,Munger,36,1
Bihar,Muzaffarpur,128,7
Bihar,Nalanda,68,5
Bihar,Nawada,44,0
Bihar,Patna,115,5
Bihar,Purnia,32,2
Bihar,Rohtas,79,5
Bihar,Saharsa,33,2
Bihar,Samastipur,90,2
Bihar,Saran,203,2
Bihar,Sheikhpura,11,0
Bihar,Sheohar,13,0
Bihar,Sitamarhi,76,2
Bihar,Siwan,118,1
Bihar,Supaul,31,1
Bihar,Vaishali,96,3
Bihar,West Champaran,24,3
Chandigarh,Chandigarh,1421,49
Chhattisgarh,Balod,8,0
Chhattisgarh,Baloda Bazar,6,0
Chhattisgarh,Bastar,27,0
Chhattisgarh,Bemetara,8,0
Chhattisgarh,Bijapur,29,0
Chhattisgarh,Bilaspur,30,0
Chhattisgarh,Dantewada,20,0
Chhattisgarh,Dhamtari,73,0
Chhattisgarh,Durg,75,1
Chhattisgarh,Gariyaband ,4,1
Chhattisgarh,Janjgir Champa,10,0
Chhattisgarh,Jashpur,3,0
Chhattisgarh,Kanker,3,0
Chhattisgarh,Korba,7,0
Chhattisgarh,Koriya,279,6
Chhattisgarh,Mahasamund,5,4
Chhattisgarh,Mungeli ,2,0
Chhattisgarh,Raigarh,4,5
Chhattisgarh,Raipur,12,0
Chhattisgarh,Rajnandgaon,2,0
Chhattisgarh,Surguja,7,0
Dadra and Nagar Haveli,Dadra and Nagar Haveli,1,1
Daman and Diu,Daman,99,13
Delhi,Central Delhi,406,169
Delhi,East Delhi,3642,587
Delhi,Najafgarh,7,55
Delhi,New Delhi,33,4
Delhi,North Delhi,284,300
Delhi,North East,639,1091
Delhi,North East Delhi,1561,343
Delhi,North West Delhi,2801,1109
Delhi,South Delhi,1077,661
Delhi,South West Delhi,867,875
Delhi,West Delhi,1184,757
Goa,Bardez,4,4
Goa,North Goa,282,38
Goa,South Goa,228,30
Gujarat,Ahmadabad,13,2
Gujarat,Ahmedabad,1153,18
Gujarat,Amreli,353,6
Gujarat,Anand,664,13
Gujarat,Banaskantha,767,5
Gujarat,Bharuch,55,8
Gujarat,Bhavnagar,254,13
Gujarat,Dahod,117,0
Gujarat,Dohad,1671,10
Gujarat,Gandhinagar,1300,3
Gujarat,Jamnagar,33,5
Gujarat,Junagadh,297,128
Gujarat,Kachchh,233,1
Gujarat,Kheda,758,9
Gujarat,Mahesana,1049,14
Gujarat,Narmada,360,16
Gujarat,Navsari,1425,12
Gujarat,Panchmahals,76,11
Gujarat,Patan,161,22
Gujarat,Porbandar,37,35
Gujarat,Rajkot,644,152
Gujarat,Sabarkantha,497,35
Gujarat,Surat,588,34
Gujarat,Surendra Nagar,848,15
Gujarat,Tapi,571,22
Gujarat,The Dangs,11,4
Gujarat,Vadodara,2591,17
Gujarat,Valsad,776,25
Haryana,Ambala,5571,145
Haryana,Bhiwani,1104,7
Haryana,Faridabad,2034,155
Haryana,Fatehabad,87,5
Haryana,Gurgaon,1758,63
Haryana,Hisar,495,53
Haryana,Jhajjar,787,25
Haryana,Jind,205,32
Haryana,Kaithal,10984,88
Haryana,Karnal,465,33
Haryana,Kurukshetra,1432,16
Haryana,Mahendragarh,961,4
Haryana,Mewat,170,22
Haryana,Palwal,429,133
Haryana,Panchkula,379,20
Haryana,Panipat,783,33
Haryana,Rewari,766,17
Haryana,Rohtak,1781,35
Haryana,Sirsa,299,51
Haryana,Sonipat,6849,316
Haryana,Yamuna Nagar,1797,22
Himachal Pradesh,Bilaspur,68,4
Himachal Pradesh,Bilaspur ,8,0
Himachal Pradesh,Chamba,231,56
Himachal Pradesh,Hamirpur,113,6
Himachal Pradesh,Kangra,1267,91
Himachal Pradesh,Kinnaur,10,1
Himachal Pradesh,Kullu,6,2
Himachal Pradesh,Lahul and Spiti,1,0
Himachal Pradesh,Mandi,398,60
Himachal Pradesh,Shimla,340,24
Himachal Pradesh,Sirmaur,311,140
Himachal Pradesh,Solan,181,19
Himachal Pradesh,Una,216,4
Jammu and Kashmir,Anantnag,4,0
Jammu and Kashmir,Badgam,2,0
Jammu and Kashmir,Baramula,3,0
Jammu and Kashmir,Baramulla,1,0
Jammu and Kashmir,Doda,7,0
Jammu and Kashmir,Jammu,53,0
Jammu and Kashmir,Kathua,13,0
Jammu and Kashmir,Leh,1,0
Jammu and Kashmir,Pulwama,2,0
Jammu and Kashmir,Punch,1,0
Jammu and Kashmir,Rajouri,4,0
Jammu and Kashmir,Srinagar,1,0
Jammu and Kashmir,Udhampur,7,0
Jharkhand,Bokaro,2543,438
Jharkhand,Chatra,880,37
Jharkhand,Deoghar,1811,111
Jharkhand,Dhanbad,1614,167
Jharkhand,Dumka,993,191
Jharkhand,East Singhbhum,1883,61
Jharkhand,Garhwa,310,73
Jharkhand,Giridih,3473,177
Jharkhand,Godda,1361,97
Jharkhand,Gumla,300,67
Jharkhand,Hazaribag,123,3
Jharkhand,Hazaribagh,3742,88
Jharkhand,Jamtara,391,37
Jharkhand,Khunti,386,56
Jharkhand,Kodarma,1,0
Jharkhand,Koderma,215,14
Jharkhand,Latehar,231,45
Jharkhand,Lohardaga,220,40
Jharkhand,Pakaur,1,0
Jharkhand,Pakur,690,66
Jharkhand,Palamau,54,5
Jharkhand,Palamu,602,107
Jharkhand,Ramgarh,1922,43
Jharkhand,Ranchi,3663,190
Jharkhand,Sahebganj,681,64
Jharkhand,Seraikela-Kharsawan,1555,37
Jharkhand,Simdega,488,39
Jharkhand,West Singhbhum,426,12
Karnataka,Bagalkot,580,35
Karnataka,Bangalore,4050,234
Karnataka,Bangalore Rural,649,157
Karnataka,Belgaum,18363,228
Karnataka,Bellary,276,96
Karnataka,Bidar,430,93
Karnataka,Bijapur,2794,118
Karnataka,Bijapur(KAR),1,80
Karnataka,Chamrajanagar,1829,35
Karnataka,Chickmagalur,650,22
Karnataka,Chikkaballapur,158,159
Karnataka,Chitradurga,82,1057
Karnataka,Dakshina Kannada,772,260
Karnataka,Davangere,785,55
Karnataka,Dharwad,2241,492
Karnataka,Gadag,544,97
Karnataka,Gulbarga,633,134
Karnataka,Hasan,745,13
Karnataka,Hassan,8,0
Karnataka,Haveri,670,434
Karnataka,Kodagu,464,72
Karnataka,Kolar,682,202
Karnataka,Koppal,1022,19
Karnataka,Mandya,290,29
Karnataka,Mysore,641,70
Karnataka,Raichur,72,46
Karnataka,Ramanagar,3427,35
Karnataka,Shimoga,1834,45
Karnataka,Tumkur,286,63
Karnataka,Udupi,437,63
Karnataka,Uttara Kannada,25,218
Karnataka,Yadgir,166,25
Kerala,Alappuzha,5257,2123
Kerala,Ernakulam,11838,770
Kerala,Idukki,4852,157
Kerala,Kannur,3783,2226
Kerala,Kasaragod,747,80
Kerala,Kasargod,3657,1163
Kerala,Kollam,4225,2027
Kerala,Kottayam,2665,180
Kerala,Kozhikode,4560,7320
Kerala,Malappuram,14380,944
Kerala,Palakkad,620,295
Kerala,Pathanamthitta,433,104
Kerala,Thiruvananthapuram,3370,1012
Kerala,Thrissur,7866,1943
Kerala,Wayanad,2317,434
Madhya Pradesh,Alirajpur,1074,292
Madhya Pradesh,Anuppur,511,20
Madhya Pradesh,Ashok Nagar,169,43
Madhya Pradesh,Balaghat,502,15
Madhya Pradesh,Barwani,181,57
Madhya Pradesh,Betul,1007,23
Madhya Pradesh,Bhind,966,65
Madhya Pradesh,Bhopal,3768,444
Madhya Pradesh,Burhanpur,3,0
Madhya Pradesh,Chhatarpur,313,151
Madhya Pradesh,Chhindwara,766,48
Madhya Pradesh,Damoh,1158,94
Madhya Pradesh,Datia,350,29
Madhya Pradesh,Dewas,106,49
Madhya Pradesh,Dhar,2413,161
Madhya Pradesh,Dindori,195,49
Madhya Pradesh,Guna,738,121
Madhya Pradesh,Gwalior,752,112
Madhya Pradesh,Harda,122,9
Madhya Pradesh,Hoshangabad,1205,115
Madhya Pradesh,Indore,2585,415
Madhya Pradesh,Jabalpur,3192,526
Madhya Pradesh,Jhabua,586,174
Madhya Pradesh,Katni,507,111
Madhya Pradesh,Khandwa,750,150
Madhya Pradesh,Khargone,1434,136
Madhya Pradesh,Mandla,78,24
Madhya Pradesh,Mandsaur,765,208
Madhya Pradesh,Morena,904,19
Madhya Pradesh,Narsinghpur,961,122
Madhya Pradesh,Neemuch,282,112
Madhya Pradesh,Panna,1025,57
Madhya Pradesh,Raisen,1243,155
Madhya Pradesh,Rajgarh,1005,99
Madhya Pradesh,Ratlam,421,91
Madhya Pradesh,Rewa,2631,226
Madhya Pradesh,Sagar,3097,135
Madhya Pradesh,Satna,2091,131
Madhya Pradesh,Sehore,828,73
Madhya Pradesh,Seoni,4843,103
Madhya Pradesh,Shahdol,672,31
Madhya Pradesh,Shajapur,4,2
Madhya Pradesh,Sheopur,76,24
Madhya Pradesh,Shivpuri,197,17
Madhya Pradesh,Sidhi,1115,53
Madhya Pradesh,Singrauli,524,9
Madhya Pradesh,Tikamgarh,519,23
Madhya Pradesh,Ujjain,1237,266
Madhya Pradesh,Umaria,254,2
Madhya Pradesh,Vidisha,944,572
Maharashtra,Ahmadnagar,5028,233
Maharashtra,Ahmed Nagar,483,16
Maharashtra,Akola,328,114
Maharashtra,Amravati,9499,199
Maharashtra,Aurangabad,4410,362
Maharashtra,Beed,2469,224
Maharashtra,Bhandara,935,476
Maharashtra,Buldhana,1602,77
Maharashtra,Chandrapur,1807,285
Maharashtra,Dhule,1452,224
Maharashtra,Gadchiroli,69,23
Maharashtra,Gondia,8,1
Maharashtra,Gondiya,938,130
Maharashtra,Hingoli,75,15
Maharashtra,Jalgaon,2796,241
Maharashtra,Jalna,1890,914
Maharashtra,Kolhapur,1648,105
Maharashtra,Latur,835,132
Maharashtra,Mumbai,13007,231
Maharashtra,Mumbai City,74,0
Maharashtra,Mumbai( Sub Urban ),3,0
Maharashtra,Nagpur,3850,672
Maharashtra,Nanded,1173,48
Maharashtra,Nandurbar,1401,57
Maharashtra,Nashik,7940,451
Maharashtra,Osmanabad,1965,260
Maharashtra,Parbhani,206,28
Maharashtra,Pune,7486,152
Maharashtra,Raigarh,344,21
Maharashtra,Raigarh(MH),289,0
Maharashtra,Ratnagiri,112,17
Maharashtra,Sangli,2058,280
Maharashtra,Satara,956,53
Maharashtra,Sindhudurg,21,1
Maharashtra,Solapur,975,59
Maharashtra,Thane,10736,911
Maharashtra,Wardha,573,67
Maharashtra,Washim,184,15
Maharashtra,Yavatmal,233,101
Manipur,Bishnupur,1,0
Manipur,Chandel,1,0
Manipur,Churachandpur,30,1
Manipur,Imphal East,1,0
Manipur,Imphal West,66,0
Manipur,Senapati,1,0
Manipur,Tamenglong,15,0
Manipur,Thoubal,35,1
Manipur,Ukhrul,1,0
Meghalaya,East Garo Hills,1,0
Meghalaya,East Khasi Hills,1,0
Meghalaya,West Garo Hills,1,0
Meghalaya,West Khasi Hills,1,0
Mizoram,Aizawl,1,0
Mizoram,Saiha,1,0
Nagaland,Dimapur,22,0
Nagaland,Kiphire,5,2
Nagaland,Kohima,73,9
Nagaland,Longleng,13,1
Nagaland,Mokokchung,74,0
Nagaland,Mon,749,519
Nagaland,Phek,10,4
Nagaland,Tuensang,698,89
Nagaland,Wokha,0,1
Nagaland,Zunheboto,2,1
Odisha,Angul,6,0
Odisha,Balangir,83,4
Odisha,Baleswar,1233,494
Odisha,Bargarh,7,1
Odisha,Bhadrak,32,6
Odisha,Cuttack,428,637
Odisha,Debagarh,2,0
Odisha,Dhenkanal,7,0
Odisha,Gajapati,2,0
Odisha,Ganjam,55,16
Odisha,Jagatsinghapur,887,48
Odisha,Jajapur,12,0
Odisha,Jharsuguda,1,0
Odisha,Kalahandi,6,0
Odisha,Kandhamal,4,0
Odisha,Kendrapara,1031,0
Odisha,Kendujhar,134,27
Odisha,Khorda,21,1
Odisha,Khordha,6336,3466
Odisha,Koraput,4,0
Odisha,Mayurbhanj,37,0
Odisha,Nabarangapur,2,0
Odisha,Nayagarh,9,0
Odisha,Puri,6750,2812
Odisha,Rayagada,0,4
Odisha,Sambalpur,6,14
Odisha,Sonapur,14,0
Odisha,Sundergarh,77,6
Others,Others,4,3216
Puducherry,Karaikal,1,0
Puducherry,Pondicherry,22,78
Puducherry,Puducherry,534,4
Punjab,Amritsar,1895,84
Punjab,Barnala,203,25
Punjab,Bathinda,1351,140
Punjab,Faridkot,414,9
Punjab,Fatehgarh Sahib,2028,82
Punjab,Fazilka,217,44
Punjab,Ferozepur,162,4
Punjab,Gurdaspur,4781,90
Punjab,Hoshiarpur,693,9
Punjab,Jalandhar,6001,103
Punjab,Kapurthala,1338,24
Punjab,Ludhiana,14980,343
Punjab,Mansa,71,1
Punjab,Moga,846,17
Punjab,Muktsar,1,1
Punjab,Nawanshahr,4,0
Punjab,Pathankot,56,8
Punjab,Patiala,2432,78
Punjab,Rupnagar,1193,19
Punjab,SAS Nagar (Mohali),808,15
Punjab,Sangrur,2908,40
Punjab,Shaheed Bhagat Singh Nagar,283,10
Punjab,Sri Muktsar Sahib,385,9
Punjab,Tarn Taran,129,13
Rajasthan,Ajmer,9698,441
Rajasthan,Alwar,8490,422
Rajasthan,Banswara,914,68
Rajasthan,Baran,1156,57
Rajasthan,Barmer,3887,792
Rajasthan,Bharatpur,2867,72
Rajasthan,Bhilwara,2969,32
Rajasthan,Bikaner,4107,279
Rajasthan,Bundi,1785,72
Rajasthan,Chittorgarh,693,7
Rajasthan,Churu,6024,159
Rajasthan,Dausa,2456,125
Rajasthan,Dholpur,774,0
Rajasthan,Dungarpur,110,17
Rajasthan,Ganganagar,2716,50
Rajasthan,Hanumangarh,2763,41
Rajasthan,Jaipur,15402,195
Rajasthan,Jaisalmer,45,1
Rajasthan,Jalor,2106,447
Rajasthan,Jhalawar,1922,47
Rajasthan,Jhunjhunu,464,18
Rajasthan,Jhunjhunun,8493,100
Rajasthan,Jodhpur,12317,97
Rajasthan,Karauli,1748,10
Rajasthan,Kota,744,103
Rajasthan,Nagaur,6191,171
Rajasthan,Pali,4337,86
Rajasthan,Pratapgarh,205,21
Rajasthan,Rajsamand,1368,371
Rajasthan,Sawai Madhopur,2184,75
Rajasthan,Sikar,11832,97
Rajasthan,Sirohi,1697,140
Rajasthan,Tonk,1775,117
Rajasthan,Udaipur,6376,312
Sikkim,East Sikkim,11,0
Sikkim,North Sikkim,1,0
Sikkim,South Sikkim,1,0
Sikkim,West Sikkim,8,0
Tamil Nadu,Ariyalur,725,143
Tamil Nadu,Chennai,16,164
Tamil Nadu,Coimbatore,7,0
Tamil Nadu,Cuddalore,4808,265
Tamil Nadu,Dharmapuri,479,152
Tamil Nadu,Dindigul,3107,706
Tamil Nadu,Erode,1141,17
Tamil Nadu,Kancheepuram,1495,16
Tamil Nadu,Kanchipuram,192,101
Tamil Nadu,Kanniyakumari,267,73
Tamil Nadu,Kanyakumari,84,8
Tamil Nadu,Karur,147,3
Tamil Nadu,Krishnagiri,4444,31
Tamil Nadu,Madurai,6149,196
Tamil Nadu,Nagapattinam,3678,25
Tamil Nadu,Namakkal,1378,266
Tamil Nadu,Nilgiris,41,0
Tamil Nadu,Perambalur,61,6
Tamil Nadu,Pudukkottai,1,146
Tamil Nadu,Ramanathapuram,778,40
Tamil Nadu,Salem,3778,162
Tamil Nadu,Sivaganga,1681,419
Tamil Nadu,Thanjavur,7468,222
Tamil Nadu,The Nilgiris,4,0
Tamil Nadu,Theni,5509,925
Tamil Nadu,Thiruvarur,9249,29
Tamil Nadu,Thoothukkudi,777,35
Tamil Nadu,Tiruchirappalli,1945,142
Tamil Nadu,Tirunelveli,582,39
Tamil Nadu,Tiruppur,125,9
Tamil Nadu,Tiruvallur,22,35
Tamil Nadu,Tiruvannamalai,1074,78
Tamil Nadu,Tiruvarur,11,26
Tamil Nadu,Vellore,1296,1226
Tamil Nadu,Villupuram,30,83
Tamil Nadu,Viluppuram,9300,61
Tamil Nadu,Virudhunagar,20,981
Tripura,Dhalai,0,3
Tripura,Khowai,1,0
Tripura,North Tripura,4,4
Tripura,South Tripura,3,7
Tripura,Unakoti,2,0
Tripura,West Tripura,4,13
Uttar Pradesh,Agra,57,2
Uttar Pradesh,Aligarh,72,1
Uttar Pradesh,Allahabad,86,2
Uttar Pradesh,Ambedkar Nagar,37,1
Uttar Pradesh,Amethi,188,2
Uttar Pradesh,Amroha,10,0
Uttar Pradesh,Auraiya,31,2
Uttar Pradesh,Azamgarh,334,3
Uttar Pradesh,Baghpat,39,1
Uttar Pradesh,Bagpat,6,0
Uttar Pradesh,Bahraich,19,0
Uttar Pradesh,Ballia,294,5
Uttar Pradesh,Balrampur,10,0
Uttar Pradesh,Banda,24,1
Uttar Pradesh,Bara Banki,1566,2
Uttar Pradesh,Barabanki,4,0
Uttar Pradesh,Bareilly,47,3
Uttar Pradesh,Basti,202,3
Uttar Pradesh,Bijnor,37,1
Uttar Pradesh,Budaun,125,2
Uttar Pradesh,Bulandshahar,2,0
Uttar Pradesh,Bulandshahr,55,1
Uttar Pradesh,Chandauli,36,1
Uttar Pradesh,Chitrakoot,11,1
Uttar Pradesh,Deoria,101,4
Uttar Pradesh,Etah,38,3
Uttar Pradesh,Etawah,624,41
Uttar Pradesh,Faizabad,1086,5
Uttar Pradesh,Farrukhabad,29,0
Uttar Pradesh,Fatehpur,168,0
Uttar Pradesh,Firozabad,33,23
Uttar Pradesh,Gautam Buddha Nagar,183,4
Uttar Pradesh,Ghaziabad,412,386
Uttar Pradesh,Ghazipur,161,3
Uttar Pradesh,Gonda,51,1
Uttar Pradesh,Gorakhpur,149,2
Uttar Pradesh,Hamirpur,4,0
Uttar Pradesh,Hardoi,40,0
Uttar Pradesh,Hathras,26,1
Uttar Pradesh,Jalaun,21,1
Uttar Pradesh,Jaunpur,88,5
Uttar Pradesh,Jhansi,33,1
Uttar Pradesh,Jyotiba Phule Nagar,1,0
Uttar Pradesh,Kannauj,23,0
Uttar Pradesh,Kanpur Dehat,48,0
Uttar Pradesh,Kanpur Nagar,190,4
Uttar Pradesh,Kasganj,15,0
Uttar Pradesh,Kaushambi,15,0
Uttar Pradesh,Kheri,17,0
Uttar Pradesh,Kushinagar,60,3
Uttar Pradesh,Lalitpur,6,0
Uttar Pradesh,Lucknow,70,3
Uttar Pradesh,Maharajganj,34,0
Uttar Pradesh,Mahoba,14,3
Uttar Pradesh,Mahrajganj,6,0
Uttar Pradesh,Mainpuri,45,1
Uttar Pradesh,Mathura,61,2
Uttar Pradesh,Mau,56,1
Uttar Pradesh,Meerut,45,4
Uttar Pradesh,Mirzapur,23,1
Uttar Pradesh,Moradabad,47,2
Uttar Pradesh,Muzaffarnagar,83,2
Uttar Pradesh,Pilibhit,6,0
Uttar Pradesh,Pratapgarh,77,0
Uttar Pradesh,Rae Bareli,61,21
Uttar Pradesh,Raebareli,4,0
Uttar Pradesh,Rampur,27,0
Uttar Pradesh,Saharanpur,82,1
Uttar Pradesh,Sambhal,45,1
Uttar Pradesh,Sant Kabir Nagar,66,47
Uttar Pradesh,Sant Ravidas Nagar,112,1
Uttar Pradesh,Shahjahanpur,13,0
Uttar Pradesh,Shamli,15,0
Uttar Pradesh,Shrawasti,11,0
Uttar Pradesh,Siddharthnagar,35,0
Uttar Pradesh,Sitapur,22,0
Uttar Pradesh,Sonbhadra,11,0
Uttar Pradesh,Sultanpur,66,2
Uttar Pradesh,Unnao,31,1
Uttar Pradesh,Varanasi,46,0
Uttarakhand,Almora,49,0
Uttarakhand,Bageshwar,17,0
Uttarakhand,Chamoli,16,0
Uttarakhand,Champawat,13,0
Uttarakhand,Dehradun,52,0
Uttarakhand,Garhwal,1,0
Uttarakhand,Hardwar,1,0
Uttarakhand,Haridwar,26,2
Uttarakhand,Nainital,19,1
Uttarakhand,Pauri Garhwal,53,0
Uttarakhand,Pithoragarh,27,0
Uttarakhand,Rudraprayag,17,0
Uttarakhand,Tehri Garhwal,23,1
Uttarakhand,Udham Singh Nagar,41,1
Uttarakhand,Uttarkashi,2,0
West Bengal,Bankura,48,0
West Bengal,Barddhaman,35,11
West Bengal,Bardhaman,47,29
West Bengal,Birbhum,60,4
West Bengal,Cooch Behar,1791,70
West Bengal,Dakshin Dinajpur,5977,666
West Bengal,Darjeeling,130,5
West Bengal,East Midnapore,38,15
West Bengal,Hooghly,2708,205
West Bengal,Howrah,11075,39
West Bengal,Jalpaiguri,232,24
West Bengal,Kolkata,429,306
West Bengal,Malda,1778,37
West Bengal,Medinipur,398,36
West Bengal,Murshidabad,7149,389
West Bengal,Nadia,2127,144
West Bengal,North 24 Parganas,65,15
West Bengal,North Dinajpur,233,0
West Bengal,Purulia,38,0
West Bengal,South 24 Parganas,16,0
West Bengal,South Dinajpur,1114,67
West Bengal,South Twenty Four Parganas,1096,125
West Bengal,West Midnapore,53,7
