State,District,Aadhaar generated,Enrolment Rejected
Andaman and Nicobar Islands,Andamans,2,0
Andaman and Nicobar Islands,South Andaman,2,0
Andhra Pradesh,Adilabad,4818,86
Andhra Pradesh,Anantapur,71,65
Andhra Pradesh,Ananthapur,378,56
Andhra Pradesh,Chittoor,1595,322
Andhra Pradesh,Cuddapah,2320,487
Andhra Pradesh,East Godavari,6074,2540
Andhra Pradesh,Guntur,5950,664
Andhra Pradesh,Hyderabad,6149,234
Andhra Pradesh,K.V.Rangareddy,47,15
Andhra Pradesh,K.v. Rangareddy,8753,253
Andhra Pradesh,Karim Nagar,2,0
Andhra Pradesh,Karimnagar,14004,154
Andhra Pradesh,Khammam,1391,90
Andhra Pradesh,Krishna,3121,384
Andhra Pradesh,Kurnool,2164,2352
Andhra Pradesh,Mahabub Nagar,2598,393
Andhra Pradesh,Mahabubnagar,7025,175
Andhra Pradesh,Mahbubnagar,728,130
Andhra Pradesh,Medak,3792,455
Andhra Pradesh,Nalgonda,7824,1904
Andhra Pradesh,Nellore,4771,672
Andhra Pradesh,Nizamabad,5491,160
Andhra Pradesh,Prakasam,7933,399
Andhra Pradesh,Srikakulam,326,639
Andhra Pradesh,Visakhapatnam,2537,228
Andhra Pradesh,Vizianagaram,118,43
Andhra Pradesh,Warangal,13785,521
Andhra Pradesh,West Godavari,3775,177
Arunachal Pradesh,Lohit,1,0
Arunachal Pradesh,Papum Pare,1,0
Assam,Baksa,3,0
Assam,Barpeta,7,0
Assam,Bongaigaon,3,0
Assam,Cachar,21,0
Assam,Chirang,1,0
Assam,Darrang,2,0
Assam,Dhemaji,1,0
Assam,Dibrugarh,4,2
Assam,Goalpara,1,0
Assam,Golaghat,8,0
Assam,Hailakandi,5,0
Assam,Jorhat,3,0
Assam,Kamrup,5,0
Assam,Kamrup Metro,2,0
Assam,Karbi Anglong,2,0
Assam,Karimganj,5,0
Assam,Lakhimpur,7,0
Assam,Marigaon,3,0
Assam,Nagaon,9,0
Assam,Nalbari,2,0
Assam,North Cachar Hills,1,0
Assam,Sibsagar,5,0
Assam,Sonitpur,13,0
Assam,Tinsukia,7,0
Assam,Udalguri,10,0
Bihar,Araria,41,0
Bihar,Arwal,69,0
Bihar,Aurangabad,54,2
Bihar,Aurangabad(BH),12,0
Bihar,Banka,43,3
Bihar,Begusarai,68,3
Bihar,Bhabua,2,0
Bihar,Bhagalpur,84,3
Bihar,Bhojpur,113,3
Bihar,Buxar,70,2
Bihar,Darbhanga,146,8
Bihar,East Champaran,187,4
Bihar,Gaya,116,6
Bihar,Gopalganj,67,0
Bihar,Jamui,38,3
Bihar,Jehanabad,30,0
Bihar,Kaimur (Bhabua),45,3
Bihar,Katihar,44,2
Bihar,Khagaria,45,1
Bihar,Kishanganj,33,1
Bihar,Lakhisarai,20,0
Bihar,Madhepura,20,1
Bihar,Madhubani,113,3
Bihar,Munger,39,3
Bihar,Muzaffarpur,129,3
Bihar,Nalanda,81,3
Bihar,Nawada,52,0
Bihar,Patna,144,13
Bihar,Purnia,37,5
Bihar,Rohtas,77,5
Bihar,Saharsa,26,2
Bihar,Samastipur,116,5
Bihar,Saran,154,7
Bihar,Sheikhpura,11,2
Bihar,Sheohar,14,0
Bihar,Sitamarhi,134,5
Bihar,Siwan,133,9
Bihar,Supaul,25,0
Bihar,Vaishali,85,8
Bihar,West Champaran,112,1
Chandigarh,Chandigarh,2316,140
Chhattisgarh,Balod,29,0
Chhattisgarh,Baloda Bazar,1,0
Chhattisgarh,Balrampur,3,0
Chhattisgarh,Bastar,2,0
Chhattisgarh,Bemetara,1,0
Chhattisgarh,Bilaspur,1199,2
Chhattisgarh,Dantewada,1,0
Chhattisgarh,Dhamtari,76,2
Chhattisgarh,Durg,28,2
Chhattisgarh,Gariyaband ,1,0
Chhattisgarh,Janjgir Champa,10,0
Chhattisgarh,Janjgir-champa,3,0
Chhattisgarh,Jashpur,7,0
Chhattisgarh,Kanker,4,0
Chhattisgarh,Kawardha,2,0
Chhattisgarh,Korba,1187,13
Chhattisgarh,Koriya,401,2
Chhattisgarh,Mahasamund,117,63
Chhattisgarh,Mungeli ,2,0
Chhattisgarh,Raigarh,5,0
Chhattisgarh,Raipur,16,0
Chhattisgarh,Rajnandgaon,6,0
Chhattisgarh,Surguja,5,0
Dadra and Nagar Haveli,Dadra and Nagar Haveli,67,1
Daman and Diu,Daman,400,17
Daman and Diu,Diu,211,3
Delhi,Central Delhi,450,177
Delhi,East Delhi,1203,504
Delhi,Najafgarh,81,71
Delhi,New Delhi,42,5
Delhi,North Delhi,422,175
Delhi,North East,485,580
Delhi,North East Delhi,913,240
Delhi,North West Delhi,6148,1424
Delhi,South Delhi,2095,995
Delhi,South West Delhi,1062,727
Delhi,West Delhi,2236,711
Goa,Bardez,13,1
Goa,North Goa,573,244
Goa,Ponda,1,1
Goa,South Goa,161,37
Gujarat,Ahmadabad,52,24
Gujarat,Ahmedabad,3903,190
Gujarat,Amreli,1024,17
Gujarat,Anand,3084,45
Gujarat,Banaskantha,2383,44
Gujarat,Bharuch,684,23
Gujarat,Bhavnagar,2112,57
Gujarat,Dahod,131,5
Gujarat,Dohad,1880,50
Gujarat,Gandhinagar,2126,23
Gujarat,Jamnagar,377,105
Gujarat,Junagadh,3045,124
Gujarat,Kachchh,288,14
Gujarat,Kheda,2089,46
Gujarat,Mahesana,2608,69
Gujarat,Narmada,326,20
Gujarat,Navsari,1256,41
Gujarat,Panchmahals,1192,28
Gujarat,Patan,869,57
Gujarat,Porbandar,439,56
Gujarat,Rajkot,8377,213
Gujarat,Sabarkantha,2255,53
Gujarat,Surat,3332,443
Gujarat,Surendra Nagar,1593,34
Gujarat,Tapi,704,30
Gujarat,The Dangs,121,1
Gujarat,Vadodara,2041,87
Gujarat,Valsad,2865,27
Haryana,Ambala,11698,206
Haryana,Bhiwani,878,24
Haryana,Faridabad,6017,116
Haryana,Fatehabad,400,1
Haryana,Gurgaon,1676,33
Haryana,Hisar,3100,49
Haryana,Jhajjar,1873,25
Haryana,Jind,627,2
Haryana,Kaithal,2981,95
Haryana,Karnal,2130,28
Haryana,Kurukshetra,4590,28
Haryana,Mahendragarh,910,20
Haryana,Mewat,122,24
Haryana,Palwal,2443,48
Haryana,Panchkula,472,17
Haryana,Panipat,839,11
Haryana,Rewari,897,17
Haryana,Rohtak,1888,21
Haryana,Sirsa,741,23
Haryana,Sonipat,7936,655
Haryana,Yamuna Nagar,3207,30
Himachal Pradesh,Bilaspur,315,15
Himachal Pradesh,Bilaspur ,18,1
Himachal Pradesh,Chamba,1221,31
Himachal Pradesh,Hamirpur,753,22
Himachal Pradesh,Kangra,2650,107
Himachal Pradesh,Kinnaur,14,0
Himachal Pradesh,Kullu,83,15
Himachal Pradesh,Lahul and Spiti,3,0
Himachal Pradesh,Mandi,1986,90
Himachal Pradesh,Shimla,1688,16
Himachal Pradesh,Sirmaur,2510,71
Himachal Pradesh,Solan,430,28
Himachal Pradesh,Una,1123,28
Jammu and Kashmir,Anantnag,9,0
Jammu and Kashmir,Bandipore,3,0
Jammu and Kashmir,Baramula,2,0
Jammu and Kashmir,Doda,5,0
Jammu and Kashmir,Jammu,113,0
Jammu and Kashmir,Kathua,39,0
Jammu and Kashmir,Kupwara,3,0
Jammu and Kashmir,Leh,5,0
Jammu and Kashmir,Pulwama,5,0
Jammu and Kashmir,Punch,4,0
Jammu and Kashmir,Rajouri,19,0
Jammu and Kashmir,Srinagar,6,0
Jammu and Kashmir,Udhampur,14,0
Jharkhand,Bokaro,1761,213
Jharkhand,Chatra,1251,131
Jharkhand,Deoghar,1604,133
Jharkhand,Dhanbad,3742,291
Jharkhand,Dumka,3080,222
Jharkhand,East Singhbhum,4271,114
Jharkhand,Garhwa,2315,166
Jharkhand,Giridih,5444,264
Jharkhand,Godda,3660,459
Jharkhand,Gumla,1124,138
Jharkhand,Hazaribag,11,1
Jharkhand,Hazaribagh,7829,578
Jharkhand,Jamtara,1922,91
Jharkhand,Khunti,1071,67
Jharkhand,Kodarma,39,6
Jharkhand,Koderma,416,32
Jharkhand,Latehar,933,113
Jharkhand,Lohardaga,376,48
Jharkhand,Pakaur,41,3
Jharkhand,Pakur,426,94
Jharkhand,Palamau,7,5
Jharkhand,Palamu,2050,263
Jharkhand,Ramgarh,4153,94
Jharkhand,Ranchi,8072,988
Jharkhand,Sahebganj,1543,123
Jharkhand,Seraikela-Kharsawan,2291,141
Jharkhand,Simdega,911,56
Jharkhand,West Singhbhum,1340,18
Karnataka,Bagalkot,3199,137
Karnataka,Bangalore,12982,674
Karnataka,Bangalore Rural,431,318
Karnataka,Belgaum,3171,188
Karnataka,Bellary,2847,145
Karnataka,Bidar,88,123
Karnataka,Bijapur,1715,260
Karnataka,Bijapur(KAR),13,7
Karnataka,Chamarajanagar,1,0
Karnataka,Chamrajanagar,178,64
Karnataka,Chickmagalur,2367,49
Karnataka,Chikkaballapur,437,469
Karnataka,Chitradurga,443,409
Karnataka,Dakshina Kannada,2691,92
Karnataka,Davangere,957,215
Karnataka,Dharwad,5413,352
Karnataka,Gadag,524,57
Karnataka,Gulbarga,1181,132
Karnataka,Hasan,1160,42
Karnataka,Hassan,19,3
Karnataka,Haveri,159,106
Karnataka,Kodagu,87,44
Karnataka,Kolar,3631,82
Karnataka,Koppal,163,64
Karnataka,Mandya,884,682
Karnataka,Mysore,624,394
Karnataka,Raichur,480,48
Karnataka,Ramanagar,1148,50
Karnataka,Shimoga,756,22
Karnataka,Tumkur,562,115
Karnataka,Udupi,1269,90
Karnataka,Uttara Kannada,199,107
Karnataka,Yadgir,27,130
Kerala,Alappuzha,2432,2753
Kerala,Ernakulam,4384,820
Kerala,Idukki,1726,1148
Kerala,Kannur,1889,3769
Kerala,Kasaragod,741,38
Kerala,Kasargod,1699,514
Kerala,Kollam,3147,1180
Kerala,Kottayam,914,449
Kerala,Kozhikode,6954,1668
Kerala,Malappuram,9722,2032
Kerala,Palakkad,349,112
Kerala,Pathanamthitta,660,123
Kerala,Thiruvananthapuram,1645,871
Kerala,Thrissur,1946,1469
Kerala,Wayanad,109,560
Lakshadweep,Lakshadweep,3,1
Madhya Pradesh,Alirajpur,2478,257
Madhya Pradesh,Anuppur,628,32
Madhya Pradesh,Ashok Nagar,736,39
Madhya Pradesh,Balaghat,1204,28
Madhya Pradesh,Barwani,380,9
Madhya Pradesh,Betul,1460,79
Madhya Pradesh,Bhind,2662,111
Madhya Pradesh,Bhopal,3776,403
Madhya Pradesh,Burhanpur,49,39
Madhya Pradesh,Chhatarpur,1397,317
Madhya Pradesh,Chhindwara,2278,108
Madhya Pradesh,Damoh,1606,92
Madhya Pradesh,Datia,633,18
Madhya Pradesh,Dewas,150,32
Madhya Pradesh,Dhar,5856,174
Madhya Pradesh,Dindori,1037,114
Madhya Pradesh,Guna,2690,121
Madhya Pradesh,Gwalior,3289,217
Madhya Pradesh,Harda,211,50
Madhya Pradesh,Hoshangabad,1504,406
Madhya Pradesh,Indore,6032,405
Madhya Pradesh,Jabalpur,6681,754
Madhya Pradesh,Jhabua,2066,710
Madhya Pradesh,Katni,2759,115
Madhya Pradesh,Khandwa,915,122
Madhya Pradesh,Khargone,3519,105
Madhya Pradesh,Mandla,463,27
Madhya Pradesh,Mandsaur,814,7
Madhya Pradesh,Morena,1387,39
Madhya Pradesh,Narsinghpur,1599,189
Madhya Pradesh,Neemuch,29,1
Madhya Pradesh,Panna,1735,92
Madhya Pradesh,Raisen,2889,189
Madhya Pradesh,Rajgarh,1793,158
Madhya Pradesh,Ratlam,313,26
Madhya Pradesh,Rewa,6464,304
Madhya Pradesh,Sagar,3634,118
Madhya Pradesh,Satna,4108,261
Madhya Pradesh,Sehore,2028,292
Madhya Pradesh,Seoni,4525,96
Madhya Pradesh,Shahdol,1820,97
Madhya Pradesh,Shajapur,22,3
Madhya Pradesh,Sheopur,673,9
Madhya Pradesh,Shivpuri,561,45
Madhya Pradesh,Sidhi,2454,58
Madhya Pradesh,Singrauli,784,10
Madhya Pradesh,Tikamgarh,767,50
Madhya Pradesh,Ujjain,4959,399
Madhya Pradesh,Umaria,718,26
Madhya Pradesh,Vidisha,3166,645
Maharashtra,Ahmadnagar,3075,204
Maharashtra,Ahmed Nagar,315,132
Maharashtra,Akola,2394,52
Maharashtra,Amravati,8654,684
Maharashtra,Aurangabad,2432,164
Maharashtra,Beed,7308,77
Maharashtra,Bhandara,1353,2105
Maharashtra,Buldhana,1600,19
Maharashtra,Chandrapur,4039,149
Maharashtra,Dhule,1530,265
Maharashtra,Gadchiroli,745,7
Maharashtra,Gondia,85,2
Maharashtra,Gondiya,1786,147
Maharashtra,Hingoli,276,11
Maharashtra,Jalgaon,7684,295
Maharashtra,Jalna,1261,670
Maharashtra,Kolhapur,7318,79
Maharashtra,Latur,1205,261
Maharashtra,Mumbai,30557,750
Maharashtra,Mumbai City,70,1
Maharashtra,Mumbai( Sub Urban ),19,1
Maharashtra,Nagpur,5079,1494
Maharashtra,Nanded,956,37
Maharashtra,Nandurbar,3203,156
Maharashtra,Nashik,10398,333
Maharashtra,Osmanabad,1163,197
Maharashtra,Parbhani,2203,64
Maharashtra,Pune,20679,1299
Maharashtra,Raigarh,1799,9
Maharashtra,Raigarh(MH),34,0
Maharashtra,Ratnagiri,352,25
Maharashtra,Sangli,4406,114
Maharashtra,Satara,2706,73
Maharashtra,Sindhudurg,119,0
Maharashtra,Solapur,1048,76
Maharashtra,Thane,26175,986
Maharashtra,Wardha,812,390
Maharashtra,Washim,892,19
Maharashtra,Yavatmal,1101,187
Manipur,Bishnupur,8,0
Manipur,Chandel,5,1
Manipur,Churachandpur,7,4
Manipur,Imphal East,4,0
Manipur,Imphal West,6,0
Manipur,Senapati,14,0
Manipur,Tamenglong,2,0
Manipur,Thoubal,7,0
Manipur,Ukhrul,2,0
Meghalaya,East Khasi Hills,4,0
Meghalaya,Jaintia Hills,1,0
Meghalaya,Ri Bhoi,1,0
Mizoram,Aizawl,7,0
Mizoram,Kolasib,3,0
Mizoram,Lunglei,1,0
Nagaland,Dimapur,8401,0
Nagaland,Kiphire,1,2
Nagaland,Kohima,4926,0
Nagaland,Longleng,2,1
Nagaland,Mokokchung,4491,0
Nagaland,Mon,16,22
Nagaland,Phek,359,1
Nagaland,Tuensang,91,8
Nagaland,Wokha,221,1
Nagaland,Zunheboto,202,1
Odisha,Angul,9,0
Odisha,Balangir,53,26
Odisha,Baleswar,9445,1697
Odisha,Balianta,0,1
Odisha,Bargarh,3269,1084
Odisha,Bhadrak,13726,1171
Odisha,Boudh,1,0
Odisha,Cuttack,9760,183
Odisha,Debagarh,3,1
Odisha,Dhenkanal,20,2
Odisha,Ganjam,1864,4812
Odisha,Jagatsinghapur,1518,433
Odisha,Jajapur,30,2
Odisha,Jharsuguda,4,0
Odisha,Kalahandi,7,0
Odisha,Kandhamal,17,0
Odisha,Kendrapara,2489,1
Odisha,Kendujhar,6353,3614
Odisha,Khorda,23,0
Odisha,Khordha,1167,3657
Odisha,Koraput,636,311
Odisha,Malkangiri,1,0
Odisha,Mayurbhanj,829,2
Odisha,Nabarangapur,1,0
Odisha,Nayagarh,6,0
Odisha,Nuapada,1,0
Odisha,Puri,13228,2863
Odisha,Rayagada,2,0
Odisha,Sambalpur,1842,3032
Odisha,Sonapur,6,3
Odisha,Sundergarh,2028,130
Others,Others,0,7629
Puducherry,Karaikal,3,1
Puducherry,Pondicherry,17,16
Puducherry,Puducherry,1137,56
Puducherry,Yanam,155,33
Punjab,Amritsar,5061,147
Punjab,Barnala,1905,199
Punjab,Bathinda,6440,360
Punjab,Faridkot,1980,52
Punjab,Fatehgarh Sahib,933,108
Punjab,Fazilka,1739,197
Punjab,Ferozepur,1471,60
Punjab,Gurdaspur,7188,464
Punjab,Hoshiarpur,2226,41
Punjab,Jalandhar,4807,203
Punjab,Kapurthala,1984,15
Punjab,Ludhiana,11992,593
Punjab,Mansa,331,15
Punjab,Moga,2752,51
Punjab,Muktsar,95,1
Punjab,Nawanshahr,5,0
Punjab,Pathankot,221,12
Punjab,Patiala,4451,370
Punjab,Rupnagar,1350,35
Punjab,SAS Nagar (Mohali),1132,28
Punjab,Sangrur,1758,49
Punjab,Shaheed Bhagat Singh Nagar,385,78
Punjab,Sri Muktsar Sahib,1374,58
Punjab,Tarn Taran,714,22
Rajasthan,Ajmer,9041,662
Rajasthan,Alwar,13812,665
Rajasthan,Banswara,2525,45
Rajasthan,Baran,847,36
Rajasthan,Barmer,5826,310
Rajasthan,Bharatpur,2254,60
Rajasthan,Bhilwara,1098,35
Rajasthan,Bikaner,3592,270
Rajasthan,Bundi,688,73
Rajasthan,Chittorgarh,1353,43
Rajasthan,Churu,6199,235
Rajasthan,Dausa,2578,89
Rajasthan,Dholpur,339,2
Rajasthan,Dungarpur,485,10
Rajasthan,Ganganagar,323,68
Rajasthan,Hanumangarh,1982,44
Rajasthan,Jaipur,9607,286
Rajasthan,Jaisalmer,95,0
Rajasthan,Jalor,5941,292
Rajasthan,Jhalawar,908,24
Rajasthan,Jhunjhunu,189,9
Rajasthan,Jhunjhunun,3844,145
Rajasthan,Jodhpur,1737,101
Rajasthan,Karauli,1220,21
Rajasthan,Kota,1072,104
Rajasthan,Nagaur,3682,175
Rajasthan,Pali,1777,112
Rajasthan,Pratapgarh,828,27
Rajasthan,Rajsamand,3407,213
Rajasthan,Sawai Madhopur,1389,50
Rajasthan,Sikar,3941,85
Rajasthan,Sirohi,2239,104
Rajasthan,Tonk,1747,89
Rajasthan,Udaipur,9480,728
Sikkim,East Sikkim,124,10
Sikkim,North Sikkim,109,5
Sikkim,South Sikkim,35,11
Sikkim,West Sikkim,27,1
Tamil Nadu,Ariyalur,12,3
Tamil Nadu,Chennai,1804,30
Tamil Nadu,Coimbatore,1697,18
Tamil Nadu,Cuddalore,109,83
Tamil Nadu,Dharmapuri,79,49
Tamil Nadu,Dindigul,6364,141
Tamil Nadu,Erode,114,25
Tamil Nadu,Kancheepuram,5599,134
Tamil Nadu,Kanchipuram,216,27
Tamil Nadu,Kanniyakumari,10761,26
Tamil Nadu,Kanyakumari,94,2
Tamil Nadu,Karur,11,558
Tamil Nadu,Krishnagiri,3076,21
Tamil Nadu,Madurai,2580,1875
Tamil Nadu,Nagapattinam,1107,332
Tamil Nadu,Namakkal,2267,234
Tamil Nadu,Nilgiris,1,6
Tamil Nadu,Perambalur,16,2
Tamil Nadu,Pudukkottai,4,3
Tamil Nadu,Ramanathapuram,1971,82
Tamil Nadu,Salem,3318,359
Tamil Nadu,Sivaganga,15,18
Tamil Nadu,Thanjavur,4389,85
Tamil Nadu,The Nilgiris,2,0
Tamil Nadu,Theni,3815,683
Tamil Nadu,Thiruvarur,1114,4
Tamil Nadu,Thoothukkudi,12634,13
Tamil Nadu,Tiruchirappalli,3066,266
Tamil Nadu,Tirunelveli,7145,584
Tamil Nadu,Tiruppur,3023,19
Tamil Nadu,Tiruvallur,881,22
Tamil Nadu,Tiruvannamalai,3593,53
Tamil Nadu,Tiruvarur,30,8
Tamil Nadu,Tuticorin,1,0
Tamil Nadu,Vellore,3000,225
Tamil Nadu,Villupuram,51,34
Tamil Nadu,Viluppuram,8153,262
Tamil Nadu,Virudhunagar,4450,167
Tripura,Dhalai,10,3
Tripura,Gomati,1,0
Tripura,North Tripura,8,0
Tripura,South Tripura,20,0
Tripura,West Tripura,17,6
Uttar Pradesh,Agra,99,9
Uttar Pradesh,Aligarh,454,14
Uttar Pradesh,Allahabad,114,29
Uttar Pradesh,Ambedkar Nagar,69,5
Uttar Pradesh,Amethi,142,1
Uttar Pradesh,Amroha,12,0
Uttar Pradesh,Auraiya,38,8
Uttar Pradesh,Azamgarh,220,4
Uttar Pradesh,Baghpat,33,1
Uttar Pradesh,Bagpat,0,1
Uttar Pradesh,Bahraich,54,1
Uttar Pradesh,Ballia,206,6
Uttar Pradesh,Balrampur,36,1
Uttar Pradesh,Banda,38,0
Uttar Pradesh,Bara Banki,205,94
Uttar Pradesh,Barabanki,5,7
Uttar Pradesh,Bareilly,46,8
Uttar Pradesh,Basti,353,0
Uttar Pradesh,Bijnor,32,1
Uttar Pradesh,Budaun,37,0
Uttar Pradesh,Bulandshahar,3,0
Uttar Pradesh,Bulandshahr,53,1
Uttar Pradesh,Chandauli,37,2
Uttar Pradesh,Chitrakoot,40,3
Uttar Pradesh,Deoria,138,23
Uttar Pradesh,Etah,36,1
Uttar Pradesh,Etawah,1437,48
Uttar Pradesh,Faizabad,478,16
Uttar Pradesh,Farrukhabad,30,1
Uttar Pradesh,Fatehpur,56,0
Uttar Pradesh,Firozabad,79,7
Uttar Pradesh,Gautam Buddha Nagar,220,11
Uttar Pradesh,Ghaziabad,306,154
Uttar Pradesh,Ghazipur,179,22
Uttar Pradesh,Gonda,88,4
Uttar Pradesh,Gorakhpur,179,5
Uttar Pradesh,Hamirpur,22,0
Uttar Pradesh,Hardoi,292,8
Uttar Pradesh,Hathras,32,14
Uttar Pradesh,Jalaun,36,1
Uttar Pradesh,Jaunpur,219,3
Uttar Pradesh,Jhansi,33,3
Uttar Pradesh,Jyotiba Phule Nagar,2,0
Uttar Pradesh,Kannauj,23,12
Uttar Pradesh,Kanpur Dehat,30,2
Uttar Pradesh,Kanpur Nagar,100,252
Uttar Pradesh,Kasganj,21,1
Uttar Pradesh,Kaushambi,32,1
Uttar Pradesh,Kheri,18,25
Uttar Pradesh,Kushinagar,107,4
Uttar Pradesh,Lalitpur,6,2
Uttar Pradesh,Lucknow,82,147
Uttar Pradesh,Maharajganj,101,0
Uttar Pradesh,Mahoba,112,6
Uttar Pradesh,Mahrajganj,21,1
Uttar Pradesh,Mainpuri,66,4
Uttar Pradesh,Mathura,56,5
Uttar Pradesh,Mau,69,5
Uttar Pradesh,Meerut,115,1
Uttar Pradesh,Mirzapur,57,0
Uttar Pradesh,Moradabad,22,25
Uttar Pradesh,Muzaffarnagar,55,0
Uttar Pradesh,Pilibhit,8,7
Uttar Pradesh,Pratapgarh,343,1
Uttar Pradesh,Rae Bareli,82,10
Uttar Pradesh,Raebareli,17,3
Uttar Pradesh,Rampur,19,1
Uttar Pradesh,Saharanpur,48,2
Uttar Pradesh,Sambhal,19,2
Uttar Pradesh,Sant Kabir Nagar,190,13
Uttar Pradesh,Sant Ravidas Nagar,122,0
Uttar Pradesh,Sant Ravidas Nagar Bhadohi,6,0
Uttar Pradesh,Shahjahanpur,10,0
Uttar Pradesh,Shamli,20,0
Uttar Pradesh,Shrawasti,583,2
Uttar Pradesh,Siddharthnagar,125,0
Uttar Pradesh,Sitapur,173,5
Uttar Pradesh,Sonbhadra,21,0
Uttar Pradesh,Sultanpur,77,1
Uttar Pradesh,Unnao,47,5
Uttar Pradesh,Varanasi,95,9
Uttarakhand,Almora,37,2
Uttarakhand,Bageshwar,25,1
Uttarakhand,Chamoli,52,0
Uttarakhand,Champawat,22,11
Uttarakhand,Dehradun,147,4
Uttarakhand,Garhwal,11,18
Uttarakhand,Hardwar,4,0
Uttarakhand,Haridwar,96,13
Uttarakhand,Nainital,24,0
Uttarakhand,Pauri Garhwal,106,1
Uttarakhand,Pithoragarh,46,1
Uttarakhand,Rudraprayag,23,0
Uttarakhand,Tehri Garhwal,58,2
Uttarakhand,Udham Singh Nagar,48,14
Uttarakhand,Uttarkashi,15,1
West Bengal,Bankura,32,1
West Bengal,Barddhaman,16,14
West Bengal,Bardhaman,99,56
West Bengal,Birbhum,21,5
West Bengal,Cooch Behar,12253,203
West Bengal,Dakshin Dinajpur,2711,578
West Bengal,Darjeeling,3212,17
West Bengal,East Midnapore,93,121
West Bengal,Hooghly,13407,247
West Bengal,Howrah,217,81
West Bengal,Jalpaiguri,2281,23
West Bengal,Kolkata,306,242
West Bengal,Malda,2309,58
West Bengal,Medinipur,14,36
West Bengal,Murshidabad,11811,425
West Bengal,Nadia,11350,289
West Bengal,North 24 Parganas,107,34
West Bengal,North Dinajpur,188,8
West Bengal,Purulia,31,4
West Bengal,South 24 Parganas,27,2
West Bengal,South Dinajpur,783,148
West Bengal,South Twenty Four Parganas,4078,220
West Bengal,West Midnapore,46,9
