State,District,Aadhaar generated,Enrolment Rejected
Andaman and Nicobar Islands,North And Middle Andaman,1,0
Andhra Pradesh,Adilabad,688,14
Andhra Pradesh,Anantapur,170,4
Andhra Pradesh,Ananthapur,257,2
Andhra Pradesh,Chittoor,3034,22
Andhra Pradesh,Cuddapah,3706,22
Andhra Pradesh,East Godavari,6554,15
Andhra Pradesh,Guntur,2814,47
Andhra Pradesh,Hyderabad,2777,57
Andhra Pradesh,K.V.Rangareddy,3793,70
Andhra Pradesh,Karim Nagar,5844,51
Andhra Pradesh,Khammam,2658,18
Andhra Pradesh,Krishna,2028,15
Andhra Pradesh,Kurnool,1974,1450
Andhra Pradesh,Mahabub Nagar,2842,206
Andhra Pradesh,Mahbubnagar,376,38
Andhra Pradesh,Medak,4070,20
Andhra Pradesh,Nalgonda,4248,722
Andhra Pradesh,Nellore,2036,49
Andhra Pradesh,Nizamabad,2986,17
Andhra Pradesh,Prakasam,1713,17
Andhra Pradesh,Srikakulam,216,25
Andhra Pradesh,Visakhapatnam,2000,64
Andhra Pradesh,Vizianagaram,107,0
Andhra Pradesh,Warangal,9972,911
Andhra Pradesh,West Godavari,3473,421
Arunachal Pradesh,Lower Subansiri,1,0
Arunachal Pradesh,Tirap,1,0
Assam,Baksa,3,0
Assam,Barpeta,4,0
Assam,Cachar,15,0
Assam,Chirang,2,0
Assam,Dhemaji,2,0
Assam,Dibrugarh,4,0
Assam,Golaghat,1,0
Assam,Hailakandi,1,0
Assam,Jorhat,6,0
Assam,Kamrup,6,0
Assam,Kamrup Metro,2,0
Assam,Karbi Anglong,1,0
Assam,Karimganj,5,0
Assam,Kokrajhar,2,0
Assam,Lakhimpur,4,0
Assam,Marigaon,3,0
Assam,Sibsagar,2,0
Assam,Sonitpur,2,0
Assam,Udalguri,1,0
Bihar,Araria,14,0
Bihar,Arwal,30,1
Bihar,Aurangabad,68,1
Bihar,Aurangabad(BH),5,0
Bihar,Banka,45,1
Bihar,Begusarai,48,0
Bihar,Bhagalpur,46,0
Bihar,Bhojpur,95,0
Bihar,Buxar,47,0
Bihar,Darbhanga,72,0
Bihar,East Champaran,53,2
Bihar,Gaya,119,0
Bihar,Gopalganj,48,8
Bihar,Jamui,34,0
Bihar,Jehanabad,19,0
Bihar,Kaimur (Bhabua),24,0
Bihar,Katihar,20,0
Bihar,Khagaria,25,0
Bihar,Kishanganj,15,0
Bihar,Lakhisarai,13,0
Bihar,Madhepura,8,0
Bihar,Madhubani,87,0
Bihar,Munger,26,1
Bihar,Muzaffarpur,80,0
Bihar,Nalanda,39,0
Bihar,Nawada,46,2
Bihar,Patna,95,4
Bihar,Purnia,13,0
Bihar,Rohtas,60,0
Bihar,Saharsa,15,0
Bihar,Samastipur,45,0
Bihar,Saran,96,0
Bihar,Sheikhpura,12,0
Bihar,Sheohar,6,0
Bihar,Sitamarhi,38,0
Bihar,Siwan,81,0
Bihar,Supaul,19,0
Bihar,Vaishali,61,1
Bihar,West Champaran,27,0
Chandigarh,Chandigarh,1428,22
Chandigarh,Mohali,2,0
Chhattisgarh,Bastar,2,0
Chhattisgarh,Bilaspur,182,2
Chhattisgarh,Dhamtari,313,0
Chhattisgarh,Durg,105,0
Chhattisgarh,Janjgir Champa,5,0
Chhattisgarh,Janjgir-champa,3,0
Chhattisgarh,Jashpur,2,0
Chhattisgarh,Kanker,1,0
Chhattisgarh,Kawardha,1,1
Chhattisgarh,Korba,245,0
Chhattisgarh,Koriya,114,0
Chhattisgarh,Mahasamund,33,0
Chhattisgarh,Mungeli ,2,0
Chhattisgarh,Raigarh,4,0
Chhattisgarh,Raipur,7,0
Chhattisgarh,Rajnandgaon,1,0
Chhattisgarh,Surguja,3,0
Dadra and Nagar Haveli,Dadra and Nagar Haveli,57,0
Daman and Diu,Daman,162,5
Daman and Diu,Diu,21,1
Delhi,Central Delhi,320,50
Delhi,East Delhi,696,147
Delhi,Najafgarh,39,10
Delhi,New Delhi,18,6
Delhi,North Delhi,332,3
Delhi,North East,858,943
Delhi,North East Delhi,582,168
Delhi,North West Delhi,6484,359
Delhi,South Delhi,3165,173
Delhi,South West Delhi,932,87
Delhi,West Delhi,1586,56
Goa,Bardez,3,0
Goa,North Goa,393,3
Goa,South Goa,321,8
Gujarat,Ahmadabad,58,5
Gujarat,Ahmedabad,2991,42
Gujarat,Amreli,1401,2
Gujarat,Anand,2084,21
Gujarat,Banaskantha,1954,4
Gujarat,Bharuch,841,30
Gujarat,Bhavnagar,3832,47
Gujarat,Dahod,188,0
Gujarat,Dohad,2323,20
Gujarat,Gandhinagar,1868,1
Gujarat,Jamnagar,1421,7
Gujarat,Junagadh,2033,143
Gujarat,Kachchh,131,43
Gujarat,Kheda,1872,84
Gujarat,Mahesana,2626,12
Gujarat,Narmada,435,29
Gujarat,Navsari,524,3
Gujarat,Panchmahals,1029,16
Gujarat,Patan,540,17
Gujarat,Porbandar,684,52
Gujarat,Rajkot,5096,183
Gujarat,Sabarkantha,1217,123
Gujarat,Surat,3191,95
Gujarat,Surendra Nagar,370,1
Gujarat,Tapi,573,13
Gujarat,The Dangs,29,1
Gujarat,Vadodara,1432,20
Gujarat,Valsad,1038,9
Haryana,Ambala,5857,23
Haryana,Bhiwani,220,6
Haryana,Faridabad,4267,83
Haryana,Fatehabad,168,2
Haryana,Gurgaon,858,25
Haryana,Hisar,260,6
Haryana,Jhajjar,660,5
Haryana,Jind,536,1
Haryana,Kaithal,3220,67
Haryana,Karnal,125,7
Haryana,Kurukshetra,547,7
Haryana,Mahendragarh,430,4
Haryana,Mewat,352,61
Haryana,Palwal,2036,46
Haryana,Panchkula,814,7
Haryana,Panipat,391,1
Haryana,Rewari,746,7
Haryana,Rohtak,444,1
Haryana,Sirsa,780,3
Haryana,Sonipat,11435,104
Haryana,Yamuna Nagar,1802,10
Himachal Pradesh,Bilaspur,336,2
Himachal Pradesh,Bilaspur ,16,0
Himachal Pradesh,Chamba,488,25
Himachal Pradesh,Hamirpur,270,4
Himachal Pradesh,Kangra,2535,40
Himachal Pradesh,Kinnaur,6,0
Himachal Pradesh,Kullu,104,4
Himachal Pradesh,Mandi,871,58
Himachal Pradesh,Shimla,1102,3
Himachal Pradesh,Sirmaur,1615,115
Himachal Pradesh,Solan,379,5
Himachal Pradesh,Una,879,5
Jammu and Kashmir,Anantnag,1,0
Jammu and Kashmir,Badgam,1,0
Jammu and Kashmir,Baramula,2,0
Jammu and Kashmir,Doda,2,0
Jammu and Kashmir,Jammu,30,0
Jammu and Kashmir,Kargil,1,0
Jammu and Kashmir,Kathua,10,0
Jammu and Kashmir,Kupwara,2,0
Jammu and Kashmir,Pulwama,1,0
Jammu and Kashmir,Punch,1,0
Jammu and Kashmir,Rajouri,9,0
Jammu and Kashmir,Srinagar,1,0
Jammu and Kashmir,Udhampur,2,1
Jharkhand,Bokaro,2300,322
Jharkhand,Chatra,1927,18
Jharkhand,Deoghar,338,77
Jharkhand,Dhanbad,4032,40
Jharkhand,Dumka,4912,88
Jharkhand,East Singhbhum,2957,66
Jharkhand,Garhwa,4931,120
Jharkhand,Giridih,4134,18
Jharkhand,Godda,1595,58
Jharkhand,Gumla,3167,33
Jharkhand,Hazaribag,8,0
Jharkhand,Hazaribagh,7662,123
Jharkhand,Jamtara,890,142
Jharkhand,Khunti,548,15
Jharkhand,Koderma,78,2
Jharkhand,Latehar,1371,3
Jharkhand,Lohardaga,280,4
Jharkhand,Pakaur,10,0
Jharkhand,Pakur,326,8
Jharkhand,Palamau,5,0
Jharkhand,Palamu,4915,11
Jharkhand,Ramgarh,1859,33
Jharkhand,Ranchi,19985,204
Jharkhand,Sahebganj,815,2
Jharkhand,Seraikela-Kharsawan,1133,36
Jharkhand,Simdega,1373,8
Jharkhand,West Singhbhum,241,9
Karnataka,Bagalkot,1984,7
Karnataka,Bangalore,13107,51
Karnataka,Bangalore Rural,1535,13
Karnataka,Belgaum,3085,61
Karnataka,Bellary,1971,19
Karnataka,Bidar,101,15
Karnataka,Bijapur,707,5
Karnataka,Bijapur(KAR),2,0
Karnataka,Chamarajanagar,4,0
Karnataka,Chamrajanagar,495,1
Karnataka,Chickmagalur,1139,8
Karnataka,Chikkaballapur,2782,8
Karnataka,Chitradurga,810,4
Karnataka,Dakshina Kannada,3350,2
Karnataka,Davangere,3403,3
Karnataka,Dharwad,3005,57
Karnataka,Gadag,154,5
Karnataka,Gulbarga,1371,0
Karnataka,Hasan,945,2
Karnataka,Hassan,33,0
Karnataka,Haveri,489,6
Karnataka,Kodagu,46,3
Karnataka,Kolar,2210,516
Karnataka,Koppal,1631,1
Karnataka,Mandya,1489,2
Karnataka,Mysore,1718,11
Karnataka,Raichur,475,3
Karnataka,Ramanagar,581,5
Karnataka,Shimoga,629,5
Karnataka,Tumkur,580,3
Karnataka,Udupi,1835,1
Karnataka,Uttara Kannada,979,7
Karnataka,Yadgir,928,121
Kerala,Alappuzha,1808,9
Kerala,Ernakulam,1998,32
Kerala,Idukki,4262,0
Kerala,Kannur,4272,7
Kerala,Kasaragod,654,2
Kerala,Kasargod,530,121
Kerala,Kollam,2298,9
Kerala,Kottayam,1000,1
Kerala,Kozhikode,1447,17
Kerala,Malappuram,7270,1598
Kerala,Palakkad,484,4
Kerala,Pathanamthitta,528,2
Kerala,Thiruvananthapuram,4242,81
Kerala,Thrissur,2267,17
Kerala,Wayanad,278,0
Lakshadweep,Lakshadweep,2,0
Madhya Pradesh,Alirajpur,1870,381
Madhya Pradesh,Anuppur,862,67
Madhya Pradesh,Ashok Nagar,321,42
Madhya Pradesh,Balaghat,306,12
Madhya Pradesh,Barwani,341,52
Madhya Pradesh,Betul,987,12
Madhya Pradesh,Bhind,829,84
Madhya Pradesh,Bhopal,5646,639
Madhya Pradesh,Burhanpur,4,0
Madhya Pradesh,Chhatarpur,863,268
Madhya Pradesh,Chhindwara,2331,29
Madhya Pradesh,Damoh,2454,83
Madhya Pradesh,Datia,235,52
Madhya Pradesh,Dewas,179,6
Madhya Pradesh,Dhar,2519,190
Madhya Pradesh,Dindori,871,68
Madhya Pradesh,Guna,1488,244
Madhya Pradesh,Gwalior,1171,48
Madhya Pradesh,Harda,212,2
Madhya Pradesh,Hoshangabad,3813,100
Madhya Pradesh,Indore,3612,377
Madhya Pradesh,Jabalpur,4978,568
Madhya Pradesh,Jhabua,1217,437
Madhya Pradesh,Katni,1514,99
Madhya Pradesh,Khandwa,210,21
Madhya Pradesh,Khargone,2585,296
Madhya Pradesh,Mandla,517,20
Madhya Pradesh,Mandsaur,54,0
Madhya Pradesh,Morena,934,13
Madhya Pradesh,Narsinghpur,1867,165
Madhya Pradesh,Neemuch,7,1
Madhya Pradesh,Panna,1010,141
Madhya Pradesh,Raisen,2660,420
Madhya Pradesh,Rajgarh,1714,170
Madhya Pradesh,Ratlam,252,4
Madhya Pradesh,Rewa,2496,284
Madhya Pradesh,Sagar,3331,151
Madhya Pradesh,Satna,4784,345
Madhya Pradesh,Sehore,1041,462
Madhya Pradesh,Seoni,4660,74
Madhya Pradesh,Shahdol,791,77
Madhya Pradesh,Shajapur,7,1
Madhya Pradesh,Sheopur,467,32
Madhya Pradesh,Shivpuri,180,5
Madhya Pradesh,Sidhi,418,56
Madhya Pradesh,Singrauli,430,16
Madhya Pradesh,Tikamgarh,1013,89
Madhya Pradesh,Ujjain,3729,563
Madhya Pradesh,Umaria,529,5
Madhya Pradesh,Vidisha,3044,1342
Maharashtra,Ahmadnagar,2978,44
Maharashtra,Ahmed Nagar,224,5
Maharashtra,Akola,534,9
Maharashtra,Amravati,10156,79
Maharashtra,Aurangabad,710,179
Maharashtra,Beed,880,3
Maharashtra,Bhandara,3749,7
Maharashtra,Buldhana,174,3
Maharashtra,Chandrapur,1665,2
Maharashtra,Dhule,2582,14
Maharashtra,Gadchiroli,107,2
Maharashtra,Gondia,2,0
Maharashtra,Gondiya,1813,134
Maharashtra,Hingoli,19,7
Maharashtra,Jalgaon,5808,21
Maharashtra,Jalna,868,100
Maharashtra,Kolhapur,1715,3
Maharashtra,Latur,1290,6
Maharashtra,Mumbai,21375,180
Maharashtra,Mumbai City,7,0
Maharashtra,Mumbai( Sub Urban ),4,0
Maharashtra,Nagpur,3719,402
Maharashtra,Nanded,165,5
Maharashtra,Nandurbar,5950,34
Maharashtra,Nashik,3619,211
Maharashtra,Osmanabad,1157,15
Maharashtra,Parbhani,744,473
Maharashtra,Pune,20839,127
Maharashtra,Raigarh,287,1
Maharashtra,Raigarh(MH),16,0
Maharashtra,Ratnagiri,229,2
Maharashtra,Sangli,851,50
Maharashtra,Satara,1548,15
Maharashtra,Sindhudurg,63,0
Maharashtra,Solapur,507,10
Maharashtra,Thane,14789,142
Maharashtra,Wardha,926,4
Maharashtra,Washim,180,88
Maharashtra,Yavatmal,809,18
Manipur,Bishnupur,5,0
Manipur,Churachandpur,7,0
Manipur,Imphal East,18,0
Manipur,Imphal West,78,0
Manipur,Senapati,3,0
Manipur,Tamenglong,6,0
Manipur,Thoubal,2,0
Meghalaya,East Khasi Hills,1,0
Meghalaya,Jaintia Hills,1,0
Meghalaya,Ri Bhoi,1,0
Meghalaya,West Garo Hills,1,0
Mizoram,Aizawl,7,0
Mizoram,Champhai,2,0
Mizoram,Kolasib,2,0
Mizoram,Lunglei,1,0
Nagaland,Dimapur,11,0
Nagaland,Kiphire,3,0
Nagaland,Kohima,19,0
Nagaland,Longleng,36,0
Nagaland,Mokokchung,2,0
Nagaland,Mon,432,222
Nagaland,Phek,28,1
Nagaland,Tuensang,323,44
Nagaland,Wokha,2,0
Odisha,Angul,8,0
Odisha,Balangir,748,23
Odisha,Baleswar,1823,2319
Odisha,Bargarh,5,3
Odisha,Bhadrak,493,481
Odisha,Boudh,1,0
Odisha,Cuttack,5378,3
Odisha,Debagarh,1,0
Odisha,Dhenkanal,4,0
Odisha,Gajapati,2,0
Odisha,Ganjam,172,14
Odisha,Jagatsinghapur,2120,629
Odisha,Jajapur,24,0
Odisha,Jharsuguda,1,0
Odisha,Kalahandi,2,0
Odisha,Kandhamal,5,0
Odisha,Kendrapara,30,1
Odisha,Kendujhar,3176,5
Odisha,Khorda,23,0
Odisha,Khordha,4246,73
Odisha,Koraput,7,0
Odisha,Mayurbhanj,11,0
Odisha,Nabarangapur,1,0
Odisha,Nayagarh,7,0
Odisha,Puri,6079,1043
Odisha,Rayagada,3,0
Odisha,Sambalpur,6,0
Odisha,Sonapur,90,4
Odisha,Sundergarh,1132,23
Others,Others,86,2587
Puducherry,Karaikal,4,0
Puducherry,Pondicherry,1,0
Puducherry,Puducherry,355,2
Punjab,Amritsar,1435,5
Punjab,Barnala,1470,48
Punjab,Bathinda,5618,394
Punjab,Chandigarh,1,0
Punjab,Faridkot,1151,12
Punjab,Fatehgarh Sahib,1359,26
Punjab,Fazilka,881,164
Punjab,Ferozepur,888,4
Punjab,Gurdaspur,6348,62
Punjab,Hoshiarpur,576,13
Punjab,Jalandhar,2158,42
Punjab,Kapurthala,245,10
Punjab,Ludhiana,5418,252
Punjab,Mansa,837,3
Punjab,Moga,1641,7
Punjab,Muktsar,87,1
Punjab,Nawanshahr,3,0
Punjab,Pathankot,325,4
Punjab,Patiala,815,64
Punjab,Rupnagar,436,3
Punjab,SAS Nagar (Mohali),768,11
Punjab,Sangrur,2121,9
Punjab,Shaheed Bhagat Singh Nagar,243,4
Punjab,Sri Muktsar Sahib,768,38
Punjab,Tarn Taran,461,15
Rajasthan,Ajmer,11409,459
Rajasthan,Alwar,13802,196
Rajasthan,Banswara,747,28
Rajasthan,Baran,316,25
Rajasthan,Barmer,5281,1121
Rajasthan,Bharatpur,1228,5
Rajasthan,Bhilwara,741,7
Rajasthan,Bikaner,3159,279
Rajasthan,Bundi,1028,27
Rajasthan,Chittorgarh,1110,2
Rajasthan,Churu,4088,127
Rajasthan,Dausa,1979,46
Rajasthan,Dholpur,43,0
Rajasthan,Dungarpur,864,5
Rajasthan,Ganganagar,990,15
Rajasthan,Hanumangarh,1314,54
Rajasthan,Jaipur,6160,87
Rajasthan,Jaisalmer,20,0
Rajasthan,Jalor,4545,536
Rajasthan,Jhalawar,59,0
Rajasthan,Jhunjhunu,173,6
Rajasthan,Jhunjhunun,2785,42
Rajasthan,Jodhpur,2578,130
Rajasthan,Karauli,586,1
Rajasthan,Kota,446,15
Rajasthan,Nagaur,2421,117
Rajasthan,Pali,1456,180
Rajasthan,Pratapgarh,484,12
Rajasthan,Rajsamand,2638,440
Rajasthan,Sawai Madhopur,841,41
Rajasthan,Sikar,2383,43
Rajasthan,Sirohi,1858,189
Rajasthan,Tonk,1332,71
Rajasthan,Udaipur,16572,515
Sikkim,East Sikkim,15,0
Sikkim,North Sikkim,1,0
Sikkim,South Sikkim,3,0
Sikkim,West Sikkim,3,0
Tamil Nadu,Ariyalur,179,5
Tamil Nadu,Chennai,13,0
Tamil Nadu,Coimbatore,240,108
Tamil Nadu,Cuddalore,518,43
Tamil Nadu,Dharmapuri,293,1
Tamil Nadu,Dindigul,326,2
Tamil Nadu,Erode,270,15
Tamil Nadu,Kancheepuram,1024,2
Tamil Nadu,Kanchipuram,1887,29
Tamil Nadu,Kanniyakumari,385,0
Tamil Nadu,Kanyakumari,68,0
Tamil Nadu,Karur,73,55
Tamil Nadu,Krishnagiri,385,0
Tamil Nadu,Madurai,3654,26
Tamil Nadu,Nagapattinam,530,0
Tamil Nadu,Namakkal,1631,3
Tamil Nadu,Perambalur,30,0
Tamil Nadu,Pudukkottai,15,7
Tamil Nadu,Ramanathapuram,1439,22
Tamil Nadu,Salem,3484,79
Tamil Nadu,Sivaganga,16,0
Tamil Nadu,Thanjavur,3493,139
Tamil Nadu,The Nilgiris,7,1
Tamil Nadu,Theni,558,1
Tamil Nadu,Thiruvarur,592,1
Tamil Nadu,Thoothukkudi,1356,1
Tamil Nadu,Tiruchirappalli,2592,10
Tamil Nadu,Tirunelveli,12878,2
Tamil Nadu,Tiruppur,172,0
Tamil Nadu,Tiruvallur,39,6
Tamil Nadu,Tiruvannamalai,123,9
Tamil Nadu,Tiruvarur,304,4
Tamil Nadu,Vellore,885,55
Tamil Nadu,Villupuram,426,46
Tamil Nadu,Viluppuram,3167,0
Tamil Nadu,Virudhunagar,571,0
Tripura,Khowai,3,0
Tripura,North Tripura,1,0
Tripura,Sepahijala,1,0
Tripura,South Tripura,5,0
Tripura,Unakoti,1,0
Uttar Pradesh,Agra,42,0
Uttar Pradesh,Aligarh,40,0
Uttar Pradesh,Allahabad,57,0
Uttar Pradesh,Ambedkar Nagar,27,0
Uttar Pradesh,Amethi,36,0
Uttar Pradesh,Amroha,10,0
Uttar Pradesh,Auraiya,13,0
Uttar Pradesh,Azamgarh,87,0
Uttar Pradesh,Baghpat,20,0
Uttar Pradesh,Bahraich,16,0
Uttar Pradesh,Ballia,82,0
Uttar Pradesh,Balrampur,20,0
Uttar Pradesh,Banda,21,0
Uttar Pradesh,Bara Banki,237,0
Uttar Pradesh,Barabanki,1,0
Uttar Pradesh,Bareilly,19,3
Uttar Pradesh,Basti,27,0
Uttar Pradesh,Bijnor,22,0
Uttar Pradesh,Budaun,36,3
Uttar Pradesh,Bulandshahar,2,0
Uttar Pradesh,Bulandshahr,29,3
Uttar Pradesh,Chandauli,29,0
Uttar Pradesh,Chitrakoot,13,0
Uttar Pradesh,Deoria,70,1
Uttar Pradesh,Etah,17,1
Uttar Pradesh,Etawah,58,0
Uttar Pradesh,Faizabad,251,0
Uttar Pradesh,Farrukhabad,15,0
Uttar Pradesh,Fatehpur,36,0
Uttar Pradesh,Firozabad,20,0
Uttar Pradesh,Gautam Buddha Nagar,46,0
Uttar Pradesh,Ghaziabad,77,1
Uttar Pradesh,Ghazipur,97,1
Uttar Pradesh,Gonda,31,3
Uttar Pradesh,Gorakhpur,68,1
Uttar Pradesh,Hamirpur,19,1
Uttar Pradesh,Hapur,45,122
Uttar Pradesh,Hardoi,19,1
Uttar Pradesh,Hathras,22,0
Uttar Pradesh,Jalaun,13,0
Uttar Pradesh,Jaunpur,67,0
Uttar Pradesh,Jhansi,28,0
Uttar Pradesh,Jyotiba Phule Nagar,1,0
Uttar Pradesh,Kannauj,12,0
Uttar Pradesh,Kanpur Dehat,19,0
Uttar Pradesh,Kanpur Nagar,36,2
Uttar Pradesh,Kasganj,13,0
Uttar Pradesh,Kaushambi,8,0
Uttar Pradesh,Kheri,4,0
Uttar Pradesh,Kushinagar,35,0
Uttar Pradesh,Lalitpur,9,0
Uttar Pradesh,Lucknow,34,0
Uttar Pradesh,Maharajganj,25,0
Uttar Pradesh,Mahoba,2,0
Uttar Pradesh,Mahrajganj,1,0
Uttar Pradesh,Mainpuri,21,0
Uttar Pradesh,Mathura,35,0
Uttar Pradesh,Mau,33,0
Uttar Pradesh,Meerut,41,1
Uttar Pradesh,Mirzapur,23,0
Uttar Pradesh,Moradabad,24,1
Uttar Pradesh,Muzaffarnagar,27,0
Uttar Pradesh,Pilibhit,7,0
Uttar Pradesh,Pratapgarh,56,1
Uttar Pradesh,Rae Bareli,45,0
Uttar Pradesh,Raebareli,7,1
Uttar Pradesh,Rampur,10,0
Uttar Pradesh,Saharanpur,23,0
Uttar Pradesh,Sambhal,5,0
Uttar Pradesh,Sant Kabir Nagar,149,0
Uttar Pradesh,Sant Ravidas Nagar,22,2
Uttar Pradesh,Shahjahanpur,9,0
Uttar Pradesh,Shamli,7,0
Uttar Pradesh,Shrawasti,12,0
Uttar Pradesh,Siddharthnagar,42,0
Uttar Pradesh,Sitapur,13,0
Uttar Pradesh,Sonbhadra,12,0
Uttar Pradesh,Sultanpur,43,1
Uttar Pradesh,Unnao,17,1
Uttar Pradesh,Varanasi,42,0
Uttarakhand,Almora,26,0
Uttarakhand,Bageshwar,17,0
Uttarakhand,Chamoli,7,0
Uttarakhand,Champawat,8,0
Uttarakhand,Dehradun,34,1
Uttarakhand,Garhwal,2,0
Uttarakhand,Hardwar,4,0
Uttarakhand,Haridwar,15,0
Uttarakhand,Nainital,12,0
Uttarakhand,Pauri Garhwal,20,0
Uttarakhand,Pithoragarh,20,0
Uttarakhand,Rudraprayag,6,0
Uttarakhand,Tehri Garhwal,13,0
Uttarakhand,Udham Singh Nagar,25,0
Uttarakhand,Uttarkashi,2,0
West Bengal,Bally Jagachha,1,0
West Bengal,Bankura,25,1
West Bengal,Barddhaman,697,10
West Bengal,Bardhaman,596,13
West Bengal,Birbhum,28,0
West Bengal,Cooch Behar,4270,1
West Bengal,Dakshin Dinajpur,2677,107
West Bengal,Darjeeling,3147,1
West Bengal,East Midnapore,4265,5708
West Bengal,Hooghly,23825,28
West Bengal,Howrah,437,3
West Bengal,Jalpaiguri,989,10
West Bengal,Kolkata,2299,1
West Bengal,Malda,2863,314
West Bengal,Medinipur,2642,1638
West Bengal,Murshidabad,4671,76
West Bengal,Nadia,926,27
West Bengal,North 24 Parganas,238,146
West Bengal,North Dinajpur,481,0
West Bengal,Purulia,20,0
West Bengal,South 24 Parganas,15,1
West Bengal,South Dinajpur,86,12
West Bengal,South Twenty Four Parganas,7153,226
West Bengal,West Midnapore,206,39
