State,District,Aadhaar generated,Enrolment Rejected
Andaman and Nicobar Islands,Andamans,7,0
Andaman and Nicobar Islands,Nicobar,1,0
Andaman and Nicobar Islands,South Andaman,2,0
Andhra Pradesh,Adilabad,276,45
Andhra Pradesh,Anantapur,24,12
Andhra Pradesh,Ananthapur,684,85
Andhra Pradesh,Chittoor,830,115
Andhra Pradesh,Cuddapah,1628,408
Andhra Pradesh,East Godavari,4094,300
Andhra Pradesh,Guntur,7168,627
Andhra Pradesh,Hyderabad,3153,139
Andhra Pradesh,K.V.Rangareddy,17,0
Andhra Pradesh,K.v. Rangareddy,3822,142
Andhra Pradesh,Karimnagar,23111,96
Andhra Pradesh,Khammam,7338,53
Andhra Pradesh,Krishna,3949,267
Andhra Pradesh,Kurnool,1000,356
Andhra Pradesh,Mahabub Nagar,768,2482
Andhra Pradesh,Mahabubnagar,4907,105
Andhra Pradesh,Mahbubnagar,220,1417
Andhra Pradesh,Medak,9369,316
Andhra Pradesh,Nalgonda,5362,1456
Andhra Pradesh,Nellore,914,321
Andhra Pradesh,Nizamabad,5870,105
Andhra Pradesh,Prakasam,4304,124
Andhra Pradesh,Srikakulam,162,202
Andhra Pradesh,Visakhapatnam,769,393
Andhra Pradesh,Vizianagaram,36,8
Andhra Pradesh,Warangal,9266,727
Andhra Pradesh,West Godavari,12803,136
Arunachal Pradesh,Kurung Kumey,1,0
Arunachal Pradesh,Lohit,2,0
Arunachal Pradesh,West Siang,1,0
Assam,Baksa,2,0
Assam,Barpeta,7,0
Assam,Bongaigaon,2,0
Assam,Cachar,4,0
Assam,Chirang,1,0
Assam,Darrang,1,0
Assam,Dhemaji,1,0
Assam,Dhubri,1,0
Assam,Dibrugarh,4,0
Assam,Hailakandi,4,0
Assam,Jorhat,2,0
Assam,Kamrup,3,0
Assam,Kamrup Metro,3,0
Assam,Karbi Anglong,1,0
Assam,Karimganj,7,0
Assam,Kokrajhar,2,0
Assam,Marigaon,4,0
Assam,Nagaon,3,0
Assam,Nalbari,1,0
Assam,Sibsagar,4,0
Assam,Sonitpur,2,0
Assam,Tinsukia,2,0
Assam,Udalguri,4,2
Bihar,Araria,20,1
Bihar,Arwal,27,1
Bihar,Aurangabad,35,0
Bihar,Aurangabad(BH),9,0
Bihar,Banka,35,3
Bihar,Begusarai,161,1
Bihar,Bhagalpur,58,2
Bihar,Bhojpur,64,2
Bihar,Buxar,42,0
Bihar,Darbhanga,95,6
Bihar,East Champaran,66,4
Bihar,Gaya,50,4
Bihar,Gopalganj,61,1
Bihar,Jamui,36,1
Bihar,Jehanabad,20,0
Bihar,Kaimur (Bhabua),19,0
Bihar,Katihar,25,1
Bihar,Khagaria,28,2
Bihar,Kishanganj,17,0
Bihar,Lakhisarai,12,1
Bihar,Madhepura,17,1
Bihar,Madhubani,79,6
Bihar,Munger,17,3
Bihar,Muzaffarpur,73,1
Bihar,Nalanda,79,3
Bihar,Nawada,36,1
Bihar,Patna,161,3
Bihar,Purnia,22,1
Bihar,Rohtas,40,1
Bihar,Saharsa,23,3
Bihar,Samastipur,59,4
Bihar,Saran,90,5
Bihar,Sheikhpura,9,0
Bihar,Sheohar,11,2
Bihar,Sitamarhi,52,3
Bihar,Siwan,75,0
Bihar,Supaul,21,0
Bihar,Vaishali,56,1
Bihar,West Champaran,79,0
Chandigarh,Chandigarh,1357,47
Chandigarh,Mohali,1,0
Chhattisgarh,Balod,53,0
Chhattisgarh,Balrampur,1,0
Chhattisgarh,Bastar,1,0
Chhattisgarh,Bilaspur,112,1
Chhattisgarh,Dhamtari,99,5
Chhattisgarh,Durg,24,7
Chhattisgarh,Janjgir Champa,7,0
Chhattisgarh,Janjgir-champa,6,0
Chhattisgarh,Jashpur,2,0
Chhattisgarh,Korba,406,1
Chhattisgarh,Koriya,117,3
Chhattisgarh,Mahasamund,187,62
Chhattisgarh,Mungeli ,1,0
Chhattisgarh,Raigarh,3,0
Chhattisgarh,Raipur,45,0
Chhattisgarh,Rajnandgaon,1,2
Chhattisgarh,Surajpur ,1,0
Chhattisgarh,Surguja,11,0
Dadra and Nagar Haveli,Dadra and Nagar Haveli,6,17
Daman and Diu,Daman,189,3
Daman and Diu,Diu,55,0
Delhi,Central Delhi,309,69
Delhi,East Delhi,1527,168
Delhi,Najafgarh,43,113
Delhi,New Delhi,16,6
Delhi,North Delhi,435,92
Delhi,North East,299,134
Delhi,North East Delhi,448,155
Delhi,North West Delhi,4453,455
Delhi,South Delhi,1582,316
Delhi,South West Delhi,683,515
Delhi,West Delhi,1268,418
Goa,Bardez,8,1
Goa,North Goa,257,74
Goa,South Goa,187,27
Gujarat,Ahmadabad,217,1
Gujarat,Ahmedabad,1664,178
Gujarat,Amreli,642,8
Gujarat,Anand,1736,3
Gujarat,Banaskantha,1737,33
Gujarat,Bharuch,725,23
Gujarat,Bhavnagar,1117,14
Gujarat,Dahod,117,1
Gujarat,Dohad,852,35
Gujarat,Gandhinagar,1776,16
Gujarat,Jamnagar,1536,30
Gujarat,Junagadh,1523,197
Gujarat,Kachchh,123,22
Gujarat,Kheda,742,55
Gujarat,Mahesana,2455,13
Gujarat,Narmada,107,36
Gujarat,Navsari,456,7
Gujarat,Panchmahals,186,16
Gujarat,Patan,570,35
Gujarat,Porbandar,202,9
Gujarat,Rajkot,8753,115
Gujarat,Sabarkantha,640,32
Gujarat,Surat,1137,423
Gujarat,Surendra Nagar,130,19
Gujarat,Tapi,158,28
Gujarat,The Dangs,48,2
Gujarat,Vadodara,1372,25
Gujarat,Valsad,2789,25
Haryana,Ambala,4605,94
Haryana,Bhiwani,756,31
Haryana,Faridabad,3267,83
Haryana,Fatehabad,174,2
Haryana,Gurgaon,699,51
Haryana,Hisar,2402,44
Haryana,Jhajjar,857,15
Haryana,Jind,534,11
Haryana,Kaithal,1854,58
Haryana,Karnal,1090,17
Haryana,Kurukshetra,875,30
Haryana,Mahendragarh,969,10
Haryana,Mewat,60,12
Haryana,Palwal,1219,40
Haryana,Panchkula,112,36
Haryana,Panipat,622,10
Haryana,Rewari,714,13
Haryana,Rohtak,773,26
Haryana,Sirsa,205,49
Haryana,Sonipat,3118,319
Haryana,Yamuna Nagar,1353,14
Himachal Pradesh,Bilaspur,333,17
Himachal Pradesh,Bilaspur ,26,1
Himachal Pradesh,Chamba,545,19
Himachal Pradesh,Hamirpur,279,0
Himachal Pradesh,Kangra,1084,49
Himachal Pradesh,Kinnaur,8,0
Himachal Pradesh,Kullu,83,4
Himachal Pradesh,Lahul and Spiti,3,0
Himachal Pradesh,Mandi,754,71
Himachal Pradesh,Shimla,373,8
Himachal Pradesh,Sirmaur,1317,22
Himachal Pradesh,Solan,264,13
Himachal Pradesh,Una,393,8
Jammu and Kashmir,Anantnag,7,0
Jammu and Kashmir,Badgam,1,0
Jammu and Kashmir,Baramula,1,0
Jammu and Kashmir,Jammu,53,0
Jammu and Kashmir,Kargil,1,0
Jammu and Kashmir,Kathua,7,0
Jammu and Kashmir,Kupwara,1,0
Jammu and Kashmir,Leh,1,0
Jammu and Kashmir,Pulwama,2,0
Jammu and Kashmir,Punch,4,0
Jammu and Kashmir,Rajouri,7,0
Jammu and Kashmir,Srinagar,3,0
Jammu and Kashmir,Udhampur,4,0
Jharkhand,Bokaro,774,200
Jharkhand,Chatra,398,48
Jharkhand,Deoghar,459,173
Jharkhand,Dhanbad,2897,89
Jharkhand,Dumka,1428,54
Jharkhand,East Singhbhum,906,121
Jharkhand,Garhwa,594,73
Jharkhand,Giridih,4153,77
Jharkhand,Godda,1136,146
Jharkhand,Gumla,494,41
Jharkhand,Hazaribag,13,0
Jharkhand,Hazaribagh,3043,169
Jharkhand,Jamtara,711,63
Jharkhand,Khunti,250,60
Jharkhand,Kodarma,12,0
Jharkhand,Koderma,247,19
Jharkhand,Latehar,732,9
Jharkhand,Lohardaga,294,22
Jharkhand,Pakaur,5,0
Jharkhand,Pakur,324,17
Jharkhand,Palamau,38,1
Jharkhand,Palamu,1615,70
Jharkhand,Ramgarh,1421,49
Jharkhand,Ranchi,3352,153
Jharkhand,Sahebganj,773,42
Jharkhand,Seraikela-Kharsawan,715,26
Jharkhand,Simdega,392,10
Jharkhand,West Singhbhum,289,31
Karnataka,Bagalkot,2650,72
Karnataka,Bangalore,6976,366
Karnataka,Bangalore Rural,291,71
Karnataka,Belgaum,4087,117
Karnataka,Bellary,2152,143
Karnataka,Bidar,143,62
Karnataka,Bijapur,1717,237
Karnataka,Bijapur(KAR),39,0
Karnataka,Chamarajanagar,3,0
Karnataka,Chamrajanagar,185,9
Karnataka,Chickmagalur,395,28
Karnataka,Chikkaballapur,126,79
Karnataka,Chitradurga,410,173
Karnataka,Dakshina Kannada,3045,111
Karnataka,Davangere,447,48
Karnataka,Dharwad,5533,58
Karnataka,Gadag,334,40
Karnataka,Gulbarga,516,43
Karnataka,Hasan,367,15
Karnataka,Hassan,37,2
Karnataka,Haveri,92,41
Karnataka,Kodagu,79,13
Karnataka,Kolar,1136,79
Karnataka,Koppal,244,21
Karnataka,Mandya,643,59
Karnataka,Mysore,351,53
Karnataka,Raichur,244,9
Karnataka,Ramanagar,1241,28
Karnataka,Shimoga,834,8
Karnataka,Tumkur,248,19
Karnataka,Udupi,470,148
Karnataka,Uttara Kannada,447,128
Karnataka,Yadgir,41,28
Kerala,Alappuzha,1421,698
Kerala,Ernakulam,7045,418
Kerala,Idukki,1553,599
Kerala,Kannur,1195,1092
Kerala,Kasaragod,945,46
Kerala,Kasargod,3350,283
Kerala,Kollam,3103,1749
Kerala,Kottayam,781,208
Kerala,Kozhikode,7348,1657
Kerala,Malappuram,11634,255
Kerala,Palakkad,321,369
Kerala,Pathanamthitta,532,504
Kerala,Thiruvananthapuram,1504,1397
Kerala,Thrissur,1359,1090
Kerala,Wayanad,99,250
Lakshadweep,Lakshadweep,5,0
Madhya Pradesh,Alirajpur,1955,405
Madhya Pradesh,Anuppur,237,21
Madhya Pradesh,Ashok Nagar,284,32
Madhya Pradesh,Balaghat,664,17
Madhya Pradesh,Barwani,94,22
Madhya Pradesh,Betul,856,24
Madhya Pradesh,Bhind,1038,97
Madhya Pradesh,Bhopal,2511,348
Madhya Pradesh,Burhanpur,64,2
Madhya Pradesh,Chhatarpur,710,283
Madhya Pradesh,Chhindwara,846,105
Madhya Pradesh,Damoh,997,74
Madhya Pradesh,Datia,322,25
Madhya Pradesh,Dewas,175,53
Madhya Pradesh,Dhar,1808,155
Madhya Pradesh,Dindori,269,52
Madhya Pradesh,Guna,1022,254
Madhya Pradesh,Gwalior,1550,187
Madhya Pradesh,Harda,109,17
Madhya Pradesh,Hoshangabad,624,117
Madhya Pradesh,Indore,3236,336
Madhya Pradesh,Jabalpur,1669,351
Madhya Pradesh,Jhabua,1607,196
Madhya Pradesh,Katni,1817,71
Madhya Pradesh,Khandwa,450,47
Madhya Pradesh,Khargone,1374,116
Madhya Pradesh,Mandla,474,18
Madhya Pradesh,Mandsaur,339,8
Madhya Pradesh,Morena,829,18
Madhya Pradesh,Narsinghpur,594,192
Madhya Pradesh,Neemuch,4,0
Madhya Pradesh,Panna,1312,59
Madhya Pradesh,Raisen,1452,556
Madhya Pradesh,Rajgarh,545,201
Madhya Pradesh,Ratlam,231,3
Madhya Pradesh,Rewa,2783,246
Madhya Pradesh,Sagar,2002,174
Madhya Pradesh,Satna,1988,218
Madhya Pradesh,Sehore,831,334
Madhya Pradesh,Seoni,2825,91
Madhya Pradesh,Shahdol,834,85
Madhya Pradesh,Shajapur,8,5
Madhya Pradesh,Sheopur,271,14
Madhya Pradesh,Shivpuri,268,19
Madhya Pradesh,Sidhi,1257,54
Madhya Pradesh,Singrauli,677,5
Madhya Pradesh,Tikamgarh,171,20
Madhya Pradesh,Ujjain,1546,399
Madhya Pradesh,Umaria,685,24
Madhya Pradesh,Vidisha,1306,511
Maharashtra,Ahmadnagar,1099,332
Maharashtra,Ahmed Nagar,166,5
Maharashtra,Akola,1951,92
Maharashtra,Amravati,3802,219
Maharashtra,Aurangabad,1084,202
Maharashtra,Beed,786,116
Maharashtra,Bhandara,306,1600
Maharashtra,Buldhana,393,43
Maharashtra,Chandrapur,354,111
Maharashtra,Dhule,615,114
Maharashtra,Gadchiroli,33,24
Maharashtra,Gondia,5,2
Maharashtra,Gondiya,219,161
Maharashtra,Hingoli,52,12
Maharashtra,Jalgaon,2052,157
Maharashtra,Jalna,1383,270
Maharashtra,Kolhapur,3128,69
Maharashtra,Latur,302,229
Maharashtra,Mumbai,13517,166
Maharashtra,Mumbai City,4,0
Maharashtra,Mumbai( Sub Urban ),10,0
Maharashtra,Nagpur,1974,2018
Maharashtra,Nanded,943,43
Maharashtra,Nandurbar,484,58
Maharashtra,Nashik,1769,403
Maharashtra,Osmanabad,1041,36
Maharashtra,Parbhani,622,40
Maharashtra,Pune,9032,318
Maharashtra,Raigarh,265,16
Maharashtra,Raigarh(MH),42,1
Maharashtra,Ratnagiri,168,16
Maharashtra,Sangli,1242,107
Maharashtra,Satara,868,65
Maharashtra,Sindhudurg,39,4
Maharashtra,Solapur,280,21
Maharashtra,Thane,8662,780
Maharashtra,Wardha,811,618
Maharashtra,Washim,223,45
Maharashtra,Yavatmal,210,136
Manipur,Bishnupur,1,0
Manipur,Churachandpur,1,1
Manipur,Imphal East,0,1
Manipur,Imphal West,3,1
Manipur,Senapati,1,0
Manipur,Thoubal,2,2
Meghalaya,East Khasi Hills,3,0
Meghalaya,West Khasi Hills,1,0
Mizoram,Aizawl,1,0
Nagaland,Dimapur,100,1
Nagaland,Kohima,67,1
Nagaland,Longleng,6,0
Nagaland,Mokokchung,36,0
Nagaland,Mon,9,21
Nagaland,Phek,37,0
Nagaland,Tuensang,177,9
Nagaland,Wokha,320,1
Nagaland,Zunheboto,5,0
Odisha,Angul,3,0
Odisha,Anugul,2,0
Odisha,Balangir,73,8
Odisha,Baleswar,1987,793
Odisha,Bargarh,1032,845
Odisha,Bhadrak,946,1099
Odisha,Boudh,3,0
Odisha,Cuttack,6731,102
Odisha,Debagarh,1,1
Odisha,Dhenkanal,11,0
Odisha,Gajapati,4,0
Odisha,Ganjam,148,998
Odisha,Jagatsinghapur,617,194
Odisha,Jajapur,27,0
Odisha,Kalahandi,1,0
Odisha,Kandhamal,4,2
Odisha,Kendrapara,136,2
Odisha,Kendujhar,1137,231
Odisha,Khorda,16,0
Odisha,Khordha,446,1031
Odisha,Koraput,186,615
Odisha,Malkangiri,1,0
Odisha,Mayurbhanj,9,1
Odisha,Nabarangapur,2,0
Odisha,Nayagarh,12,1
Odisha,Puri,8304,1606
Odisha,Rayagada,5,0
Odisha,Sambalpur,1467,584
Odisha,Sonapur,1,0
Odisha,Sundergarh,535,25
Others,Others,0,32063
Puducherry,Pondicherry,25,97
Puducherry,Puducherry,1017,21
Puducherry,Yanam,134,15
Punjab,Amritsar,3040,186
Punjab,Barnala,645,92
Punjab,Bathinda,3243,112
Punjab,Faridkot,779,17
Punjab,Fatehgarh Sahib,425,31
Punjab,Fazilka,1456,140
Punjab,Ferozepur,555,22
Punjab,Gurdaspur,3307,84
Punjab,Hoshiarpur,1370,56
Punjab,Jalandhar,3418,109
Punjab,Kapurthala,1214,35
Punjab,Ludhiana,5660,298
Punjab,Mansa,303,7
Punjab,Moga,1002,58
Punjab,Muktsar,64,1
Punjab,Nawanshahr,24,0
Punjab,Pathankot,122,22
Punjab,Patiala,2346,93
Punjab,Rupnagar,941,34
Punjab,SAS Nagar (Mohali),467,49
Punjab,Sangrur,1000,46
Punjab,Shaheed Bhagat Singh Nagar,252,55
Punjab,Sri Muktsar Sahib,566,32
Punjab,Tarn Taran,364,5
Rajasthan,Ajmer,4484,352
Rajasthan,Alwar,6449,253
Rajasthan,Banswara,1753,58
Rajasthan,Baran,680,79
Rajasthan,Barmer,1674,542
Rajasthan,Bharatpur,1579,51
Rajasthan,Bhilwara,289,33
Rajasthan,Bikaner,1369,201
Rajasthan,Bundi,354,42
Rajasthan,Chittorgarh,497,27
Rajasthan,Churu,3050,133
Rajasthan,Dausa,1268,68
Rajasthan,Dholpur,193,5
Rajasthan,Dungarpur,414,6
Rajasthan,Ganganagar,328,71
Rajasthan,Hanumangarh,1353,42
Rajasthan,Jaipur,7100,228
Rajasthan,Jaisalmer,10,4
Rajasthan,Jalor,1327,461
Rajasthan,Jhalawar,1013,15
Rajasthan,Jhunjhunu,115,12
Rajasthan,Jhunjhunun,1878,156
Rajasthan,Jodhpur,1347,79
Rajasthan,Karauli,646,18
Rajasthan,Kota,1071,226
Rajasthan,Nagaur,1986,148
Rajasthan,Pali,1125,98
Rajasthan,Pratapgarh,359,27
Rajasthan,Rajsamand,697,273
Rajasthan,Sawai Madhopur,436,47
Rajasthan,Sikar,2144,108
Rajasthan,Sirohi,562,335
Rajasthan,Tonk,678,69
Rajasthan,Udaipur,4901,356
Sikkim,East Sikkim,72,2
Sikkim,North Sikkim,27,2
Sikkim,South Sikkim,89,0
Sikkim,West Sikkim,12,0
Tamil Nadu,Ariyalur,24,4
Tamil Nadu,Chennai,44,5
Tamil Nadu,Coimbatore,254,133
Tamil Nadu,Cuddalore,152,73
Tamil Nadu,Dharmapuri,160,205
Tamil Nadu,Dindigul,2448,92
Tamil Nadu,Erode,20,46
Tamil Nadu,Kancheepuram,7539,97
Tamil Nadu,Kanchipuram,392,22
Tamil Nadu,Kanniyakumari,98,35
Tamil Nadu,Kanyakumari,3,0
Tamil Nadu,Karur,10,47
Tamil Nadu,Krishnagiri,1309,53
Tamil Nadu,Madurai,2647,1684
Tamil Nadu,Nagapattinam,2574,128
Tamil Nadu,Namakkal,13671,394
Tamil Nadu,Nilgiris,0,2
Tamil Nadu,Perambalur,1,2
Tamil Nadu,Pudukkottai,75,3
Tamil Nadu,Ramanathapuram,2002,33
Tamil Nadu,Salem,5617,544
Tamil Nadu,Sivaganga,413,265
Tamil Nadu,Thanjavur,14474,167
Tamil Nadu,The Nilgiris,2,0
Tamil Nadu,Theni,767,1714
Tamil Nadu,Thiruvarur,5088,17
Tamil Nadu,Thoothukkudi,2612,30
Tamil Nadu,Tiruchirappalli,2302,140
Tamil Nadu,Tirunelveli,1466,307
Tamil Nadu,Tiruppur,464,9
Tamil Nadu,Tiruvallur,273,29
Tamil Nadu,Tiruvannamalai,216,133
Tamil Nadu,Tiruvarur,0,5
Tamil Nadu,Vellore,1614,1322
Tamil Nadu,Villupuram,4,20
Tamil Nadu,Viluppuram,8542,488
Tamil Nadu,Virudhunagar,570,612
Tripura,Dhalai,52,0
Tripura,Gomati,2,0
Tripura,North Tripura,41,0
Tripura,South Tripura,252,0
Tripura,West Tripura,314,0
Uttar Pradesh,Agra,284,3
Uttar Pradesh,Aligarh,219,2
Uttar Pradesh,Allahabad,106,1
Uttar Pradesh,Ambedkar Nagar,38,3
Uttar Pradesh,Amethi,63,3
Uttar Pradesh,Amroha,4,0
Uttar Pradesh,Auraiya,37,3
Uttar Pradesh,Azamgarh,132,3
Uttar Pradesh,Baghpat,21,0
Uttar Pradesh,Bagpat,2,0
Uttar Pradesh,Bahraich,15,0
Uttar Pradesh,Ballia,123,6
Uttar Pradesh,Balrampur,9,0
Uttar Pradesh,Banda,21,0
Uttar Pradesh,Bara Banki,98,42
Uttar Pradesh,Barabanki,26,1
Uttar Pradesh,Bareilly,103,1
Uttar Pradesh,Basti,88,1
Uttar Pradesh,Bijnor,23,0
Uttar Pradesh,Budaun,30,1
Uttar Pradesh,Bulandshahar,12,0
Uttar Pradesh,Bulandshahr,25,0
Uttar Pradesh,Chandauli,29,1
Uttar Pradesh,Chitrakoot,23,0
Uttar Pradesh,Deoria,99,1
Uttar Pradesh,Etah,32,2
Uttar Pradesh,Etawah,2759,33
Uttar Pradesh,Faizabad,161,3
Uttar Pradesh,Farrukhabad,24,1
Uttar Pradesh,Fatehpur,51,0
Uttar Pradesh,Firozabad,194,2
Uttar Pradesh,Gautam Buddha Nagar,270,1
Uttar Pradesh,Ghaziabad,250,226
Uttar Pradesh,Ghazipur,102,1
Uttar Pradesh,Gonda,40,2
Uttar Pradesh,Gorakhpur,150,1
Uttar Pradesh,Hamirpur,11,0
Uttar Pradesh,Hardoi,359,1
Uttar Pradesh,Hathras,36,2
Uttar Pradesh,Jalaun,11,0
Uttar Pradesh,Jaunpur,69,1
Uttar Pradesh,Jhansi,77,2
Uttar Pradesh,Jyotiba Phule Nagar,2,0
Uttar Pradesh,Kannauj,19,0
Uttar Pradesh,Kanpur Dehat,27,0
Uttar Pradesh,Kanpur Nagar,484,5
Uttar Pradesh,Kasganj,5,1
Uttar Pradesh,Kaushambi,10,1
Uttar Pradesh,Kheri,17,1
Uttar Pradesh,Kushinagar,58,1
Uttar Pradesh,Lalitpur,18,1
Uttar Pradesh,Lucknow,292,3
Uttar Pradesh,Maharajganj,16,1
Uttar Pradesh,Mahoba,117,1
Uttar Pradesh,Mahrajganj,4,0
Uttar Pradesh,Mainpuri,47,2
Uttar Pradesh,Mathura,89,1
Uttar Pradesh,Mau,36,0
Uttar Pradesh,Meerut,258,1
Uttar Pradesh,Mirzapur,19,0
Uttar Pradesh,Moradabad,38,0
Uttar Pradesh,Muzaffarnagar,38,1
Uttar Pradesh,Pilibhit,13,0
Uttar Pradesh,Pratapgarh,250,4
Uttar Pradesh,Rae Bareli,37,6
Uttar Pradesh,Raebareli,15,0
Uttar Pradesh,Rampur,22,0
Uttar Pradesh,Saharanpur,42,3
Uttar Pradesh,Sambhal,11,0
Uttar Pradesh,Sant Kabir Nagar,135,4
Uttar Pradesh,Sant Ravidas Nagar,114,2
Uttar Pradesh,Sant Ravidas Nagar Bhadohi,5,0
Uttar Pradesh,Shahjahanpur,17,0
Uttar Pradesh,Shamli,10,0
Uttar Pradesh,Shrawasti,58,1
Uttar Pradesh,Siddharthnagar,36,4
Uttar Pradesh,Sitapur,195,1
Uttar Pradesh,Sonbhadra,18,0
Uttar Pradesh,Sultanpur,61,0
Uttar Pradesh,Unnao,33,2
Uttar Pradesh,Varanasi,65,0
Uttarakhand,Almora,41,0
Uttarakhand,Bageshwar,16,0
Uttarakhand,Chamoli,14,0
Uttarakhand,Champawat,24,0
Uttarakhand,Dehradun,122,2
Uttarakhand,Garhwal,19,0
Uttarakhand,Hardwar,6,0
Uttarakhand,Haridwar,214,9
Uttarakhand,Nainital,27,1
Uttarakhand,Pauri Garhwal,36,4
Uttarakhand,Pithoragarh,16,1
Uttarakhand,Rudraprayag,9,0
Uttarakhand,Tehri Garhwal,23,3
Uttarakhand,Udham Singh Nagar,61,16
Uttarakhand,Uttarkashi,9,0
West Bengal,Bankura,23,1
West Bengal,Barddhaman,23,13
West Bengal,Bardhaman,44,37
West Bengal,Birbhum,9,1
West Bengal,Cooch Behar,7526,608
West Bengal,Dakshin Dinajpur,813,157
West Bengal,Darjeeling,3150,9
West Bengal,East Midnapore,35,96
West Bengal,Hooghly,4019,75
West Bengal,Howrah,75,9
West Bengal,Jalpaiguri,1963,4
West Bengal,Kolkata,1208,95
West Bengal,Malda,1759,51
West Bengal,Medinipur,17,17
West Bengal,Murshidabad,4198,313
West Bengal,Nadia,6430,138
West Bengal,North 24 Parganas,80,41
West Bengal,North Dinajpur,99,1
West Bengal,Purulia,28,1
West Bengal,South 24 Parganas,9,0
West Bengal,South Dinajpur,392,81
West Bengal,South Twenty Four Parganas,1763,182
West Bengal,West Midnapore,40,1
