State,District,Aadhaar generated,Enrolment Rejected
Andaman and Nicobar Islands,Andamans,1,0
Andhra Pradesh,Adilabad,214,54
Andhra Pradesh,Anantapur,8,0
Andhra Pradesh,Ananthapur,226,168
Andhra Pradesh,Chittoor,235,55
Andhra Pradesh,Cuddapah,17899,138
Andhra Pradesh,East Godavari,836,163
Andhra Pradesh,Guntur,1312,514
Andhra Pradesh,Hyderabad,3151,197
Andhra Pradesh,K.V.Rangareddy,5,1
Andhra Pradesh,K.v. Rangareddy,2957,204
Andhra Pradesh,Karim Nagar,6,0
Andhra Pradesh,Karimnagar,2305,177
Andhra Pradesh,Khammam,1236,99
Andhra Pradesh,Krishna,853,393
Andhra Pradesh,Kurnool,615,401
Andhra Pradesh,Mahabub Nagar,524,895
Andhra Pradesh,Mahabubnagar,2274,114
Andhra Pradesh,Mahbubnagar,116,333
Andhra Pradesh,Medak,19056,182
Andhra Pradesh,Nalgonda,1214,356
Andhra Pradesh,Nellore,144,129
Andhra Pradesh,Nizamabad,1960,203
Andhra Pradesh,Prakasam,1216,146
Andhra Pradesh,Srikakulam,246,357
Andhra Pradesh,Visakhapatnam,936,839
Andhra Pradesh,Vizianagaram,24,7
Andhra Pradesh,Warangal,4222,539
Andhra Pradesh,West Godavari,1037,343
Arunachal Pradesh,Tawang,1,0
Assam,Baksa,1,0
Assam,Barpeta,5,0
Assam,Cachar,6,0
Assam,Chirang,5,0
Assam,Darrang,6,0
Assam,Dhemaji,1,0
Assam,Dhubri,4,0
Assam,Dibrugarh,1,0
Assam,Goalpara,1,0
Assam,Golaghat,3,0
Assam,Hailakandi,2,0
Assam,Jorhat,4,0
Assam,Kamrup,6,0
Assam,Karimganj,3,0
Assam,Kokrajhar,3,0
Assam,Lakhimpur,2,0
Assam,Marigaon,1,0
Assam,Nagaon,5,0
Assam,Nalbari,2,0
Assam,North Cachar Hills,1,0
Assam,Sonitpur,5,0
Assam,Tinsukia,2,0
Assam,Udalguri,4,0
Bihar,Araria,13,1
Bihar,Arwal,15,0
Bihar,Aurangabad,34,3
Bihar,Aurangabad(BH),4,0
Bihar,Banka,19,1
Bihar,Begusarai,50,2
Bihar,Bhagalpur,53,4
Bihar,Bhojpur,65,4
Bihar,Buxar,36,2
Bihar,Darbhanga,88,5
Bihar,East Champaran,61,3
Bihar,Gaya,61,4
Bihar,Gopalganj,42,1
Bihar,Jamui,17,4
Bihar,Jehanabad,22,0
Bihar,Kaimur (Bhabua),16,0
Bihar,Katihar,17,1
Bihar,Khagaria,15,0
Bihar,Kishanganj,17,1
Bihar,Lakhisarai,17,0
Bihar,Madhepura,20,0
Bihar,Madhubani,64,8
Bihar,Munger,24,0
Bihar,Muzaffarpur,48,5
Bihar,Nalanda,58,5
Bihar,Nawada,25,2
Bihar,Patna,76,7
Bihar,Purnia,12,1
Bihar,Rohtas,38,3
Bihar,Saharsa,17,1
Bihar,Samastipur,71,4
Bihar,Saran,81,2
Bihar,Sheikhpura,11,1
Bihar,Sheohar,8,1
Bihar,Sitamarhi,40,4
Bihar,Siwan,58,7
Bihar,Supaul,16,0
Bihar,Vaishali,56,4
Bihar,West Champaran,56,0
Chandigarh,Chandigarh,198,70
Chhattisgarh,Balod,23,1
Chhattisgarh,Baloda Bazar,2,0
Chhattisgarh,Bastar,1,0
Chhattisgarh,Bilaspur,39,8
Chhattisgarh,Dhamtari,200,4
Chhattisgarh,Durg,96,1
Chhattisgarh,Janjgir Champa,7,0
Chhattisgarh,Janjgir-champa,3,0
Chhattisgarh,Jashpur,3,0
Chhattisgarh,Korba,6710,5
Chhattisgarh,Koriya,158,4
Chhattisgarh,Mahasamund,15,58
Chhattisgarh,Mungeli ,2,0
Chhattisgarh,Raigarh,2,1
Chhattisgarh,Raipur,6,0
Chhattisgarh,Rajnandgaon,1,0
Chhattisgarh,Surajpur ,1,0
Chhattisgarh,Surguja,1,0
Dadra and Nagar Haveli,Dadra and Nagar Haveli,11,0
Daman and Diu,Daman,37,10
Daman and Diu,Diu,1,0
Delhi,Central Delhi,314,190
Delhi,East Delhi,1552,372
Delhi,Najafgarh,33,60
Delhi,New Delhi,27,5
Delhi,North Delhi,248,163
Delhi,North East,98,285
Delhi,North East Delhi,837,169
Delhi,North West Delhi,1399,740
Delhi,South Delhi,1047,731
Delhi,South West Delhi,695,466
Delhi,West Delhi,875,453
Goa,Bardez,10,1
Goa,North Goa,272,846
Goa,South Goa,244,64
Gujarat,Ahmadabad,8,0
Gujarat,Ahmedabad,6297,100
Gujarat,Amreli,392,8
Gujarat,Anand,468,12
Gujarat,Banaskantha,381,14
Gujarat,Bharuch,97,7
Gujarat,Bhavnagar,284,25
Gujarat,Dahod,35,5
Gujarat,Dohad,408,51
Gujarat,Gandhinagar,646,10
Gujarat,Jamnagar,71,62
Gujarat,Junagadh,538,45
Gujarat,Kachchh,90,1
Gujarat,Kheda,249,15
Gujarat,Mahesana,287,30
Gujarat,Narmada,412,10
Gujarat,Navsari,531,24
Gujarat,Panchmahals,194,8
Gujarat,Patan,340,49
Gujarat,Porbandar,35,66
Gujarat,Rajkot,850,69
Gujarat,Sabarkantha,483,32
Gujarat,Surat,4193,134
Gujarat,Surendra Nagar,198,28
Gujarat,Tapi,126,24
Gujarat,The Dangs,148,3
Gujarat,Vadodara,645,27
Gujarat,Valsad,812,29
Haryana,Ambala,2700,210
Haryana,Bhiwani,217,2
Haryana,Faridabad,1443,92
Haryana,Fatehabad,81,4
Haryana,Gurgaon,860,28
Haryana,Hisar,1269,15
Haryana,Jhajjar,634,22
Haryana,Jind,514,5
Haryana,Kaithal,1949,74
Haryana,Karnal,728,23
Haryana,Kurukshetra,1082,11
Haryana,Mahendragarh,482,4
Haryana,Mewat,90,12
Haryana,Palwal,603,43
Haryana,Panchkula,145,17
Haryana,Panipat,174,24
Haryana,Rewari,382,18
Haryana,Rohtak,977,16
Haryana,Sirsa,179,61
Haryana,Sonipat,2098,253
Haryana,Yamuna Nagar,1347,8
Himachal Pradesh,Bilaspur,96,22
Himachal Pradesh,Bilaspur ,1,0
Himachal Pradesh,Chamba,324,14
Himachal Pradesh,Hamirpur,58,13
Himachal Pradesh,Kangra,1633,44
Himachal Pradesh,Kinnaur,2,0
Himachal Pradesh,Kullu,17,6
Himachal Pradesh,Mandi,161,81
Himachal Pradesh,Shimla,592,10
Himachal Pradesh,Sirmaur,1117,32
Himachal Pradesh,Solan,122,15
Himachal Pradesh,Una,156,25
Jammu and Kashmir,Anantnag,5,0
Jammu and Kashmir,Badgam,2,0
Jammu and Kashmir,Bandipore,1,0
Jammu and Kashmir,Baramula,3,0
Jammu and Kashmir,Doda,7,0
Jammu and Kashmir,Jammu,45,0
Jammu and Kashmir,Kathua,17,0
Jammu and Kashmir,Kupwara,4,0
Jammu and Kashmir,Leh,4,0
Jammu and Kashmir,Pulwama,1,0
Jammu and Kashmir,Punch,2,0
Jammu and Kashmir,Rajouri,10,0
Jammu and Kashmir,Srinagar,3,0
Jammu and Kashmir,Udhampur,7,0
Jharkhand,Bokaro,715,250
Jharkhand,Chatra,500,69
Jharkhand,Deoghar,860,138
Jharkhand,Dhanbad,2925,141
Jharkhand,Dumka,717,205
Jharkhand,East Singhbhum,658,64
Jharkhand,Garhwa,849,83
Jharkhand,Giridih,2322,139
Jharkhand,Godda,1219,145
Jharkhand,Gumla,512,57
Jharkhand,Hazaribag,4,0
Jharkhand,Hazaribagh,777,131
Jharkhand,Jamtara,483,98
Jharkhand,Khunti,410,39
Jharkhand,Koderma,316,31
Jharkhand,Latehar,347,48
Jharkhand,Lohardaga,159,9
Jharkhand,Pakaur,1,1
Jharkhand,Pakur,480,10
Jharkhand,Palamau,5,0
Jharkhand,Palamu,1540,55
Jharkhand,Ramgarh,419,85
Jharkhand,Ranchi,1692,310
Jharkhand,Sahebganj,826,36
Jharkhand,Seraikela-Kharsawan,181,79
Jharkhand,Simdega,289,62
Jharkhand,West Singhbhum,195,24
Karnataka,Bagalkot,1167,70
Karnataka,Bangalore,5624,480
Karnataka,Bangalore Rural,362,238
Karnataka,Belgaum,2117,124
Karnataka,Bellary,845,112
Karnataka,Bidar,124,24
Karnataka,Bijapur,1144,117
Karnataka,Bijapur(KAR),7,8
Karnataka,Chamarajanagar,2,0
Karnataka,Chamrajanagar,362,7
Karnataka,Chickmagalur,586,36
Karnataka,Chikkaballapur,327,189
Karnataka,Chitradurga,808,275
Karnataka,Dakshina Kannada,1389,158
Karnataka,Davangere,455,281
Karnataka,Dharwad,490,438
Karnataka,Gadag,395,37
Karnataka,Gulbarga,843,207
Karnataka,Hasan,797,12
Karnataka,Hassan,16,0
Karnataka,Haveri,329,186
Karnataka,Kodagu,64,95
Karnataka,Kolar,478,100
Karnataka,Koppal,541,16
Karnataka,Mandya,318,180
Karnataka,Mysore,102,48
Karnataka,Raichur,236,28
Karnataka,Ramanagar,580,28
Karnataka,Shimoga,487,11
Karnataka,Tumkur,106,83
Karnataka,Udupi,511,133
Karnataka,Uttara Kannada,455,174
Karnataka,Yadgir,165,8
Kerala,Alappuzha,802,1565
Kerala,Ernakulam,991,927
Kerala,Idukki,577,51
Kerala,Kannur,827,1501
Kerala,Kasaragod,521,49
Kerala,Kasargod,425,302
Kerala,Kollam,912,610
Kerala,Kottayam,557,79
Kerala,Kozhikode,1618,1343
Kerala,Malappuram,3977,140
Kerala,Palakkad,133,144
Kerala,Pathanamthitta,87,175
Kerala,Thiruvananthapuram,896,351
Kerala,Thrissur,961,737
Kerala,Wayanad,54,2033
Lakshadweep,Lakshadweep,2,2
Madhya Pradesh,Alirajpur,2101,437
Madhya Pradesh,Anuppur,311,27
Madhya Pradesh,Ashok Nagar,290,20
Madhya Pradesh,Balaghat,423,13
Madhya Pradesh,Barwani,414,12
Madhya Pradesh,Betul,1717,47
Madhya Pradesh,Bhind,1830,87
Madhya Pradesh,Bhopal,2165,641
Madhya Pradesh,Burhanpur,68,3
Madhya Pradesh,Chhatarpur,685,96
Madhya Pradesh,Chhindwara,1092,78
Madhya Pradesh,Damoh,2195,74
Madhya Pradesh,Datia,1087,39
Madhya Pradesh,Dewas,147,30
Madhya Pradesh,Dhar,3256,216
Madhya Pradesh,Dindori,309,36
Madhya Pradesh,Guna,618,125
Madhya Pradesh,Gwalior,1734,269
Madhya Pradesh,Harda,58,11
Madhya Pradesh,Hoshangabad,335,151
Madhya Pradesh,Indore,3565,512
Madhya Pradesh,Jabalpur,2116,536
Madhya Pradesh,Jhabua,2195,542
Madhya Pradesh,Katni,1132,37
Madhya Pradesh,Khandwa,341,99
Madhya Pradesh,Khargone,2142,98
Madhya Pradesh,Mandla,237,59
Madhya Pradesh,Mandsaur,267,20
Madhya Pradesh,Morena,576,47
Madhya Pradesh,Narsinghpur,1130,138
Madhya Pradesh,Neemuch,30,10
Madhya Pradesh,Panna,1173,57
Madhya Pradesh,Raisen,2138,174
Madhya Pradesh,Rajgarh,1468,95
Madhya Pradesh,Ratlam,482,15
Madhya Pradesh,Rewa,2382,185
Madhya Pradesh,Sagar,1285,190
Madhya Pradesh,Satna,2002,147
Madhya Pradesh,Sehore,1279,87
Madhya Pradesh,Seoni,1474,43
Madhya Pradesh,Shahdol,1490,38
Madhya Pradesh,Shajapur,153,5
Madhya Pradesh,Sheopur,138,10
Madhya Pradesh,Shivpuri,292,26
Madhya Pradesh,Sidhi,1209,95
Madhya Pradesh,Singrauli,681,5
Madhya Pradesh,Tikamgarh,517,57
Madhya Pradesh,Ujjain,1266,203
Madhya Pradesh,Umaria,426,10
Madhya Pradesh,Vidisha,970,368
Maharashtra,Ahmadnagar,1751,120
Maharashtra,Ahmed Nagar,147,9
Maharashtra,Akola,2315,114
Maharashtra,Amravati,1738,297
Maharashtra,Aurangabad,852,186
Maharashtra,Beed,1170,81
Maharashtra,Bhandara,334,322
Maharashtra,Buldhana,570,62
Maharashtra,Chandrapur,586,94
Maharashtra,Dhule,411,269
Maharashtra,Gadchiroli,25,6
Maharashtra,Gondiya,374,132
Maharashtra,Hingoli,105,16
Maharashtra,Jalgaon,1291,261
Maharashtra,Jalna,416,882
Maharashtra,Kolhapur,2598,46
Maharashtra,Latur,1258,68
Maharashtra,Mumbai,3831,167
Maharashtra,Mumbai City,8,2
Maharashtra,Mumbai( Sub Urban ),1,0
Maharashtra,Nagpur,1752,772
Maharashtra,Nanded,1029,38
Maharashtra,Nandurbar,769,98
Maharashtra,Nashik,2168,338
Maharashtra,Osmanabad,2633,262
Maharashtra,Parbhani,849,70
Maharashtra,Pune,2890,194
Maharashtra,Raigarh,232,12
Maharashtra,Raigarh(MH),5,0
Maharashtra,Ratnagiri,431,5
Maharashtra,Sangli,1167,91
Maharashtra,Satara,893,55
Maharashtra,Sindhudurg,1421,0
Maharashtra,Solapur,250,27
Maharashtra,Thane,12058,622
Maharashtra,Wardha,197,59
Maharashtra,Washim,98,3
Maharashtra,Yavatmal,126,24
Manipur,Bishnupur,1,0
Manipur,Chandel,2,0
Manipur,Churachandpur,3,4
Manipur,Imphal East,19,0
Manipur,Imphal West,4,2
Manipur,Senapati,1,0
Manipur,Tamenglong,0,1
Manipur,Thoubal,8,1
Manipur,Ukhrul,230,0
Meghalaya,East Khasi Hills,5,0
Meghalaya,Ri Bhoi,1,0
Meghalaya,West Garo Hills,1,0
Meghalaya,West Khasi Hills,1,0
Nagaland,Dimapur,6,1
Nagaland,Kiphire,2,0
Nagaland,Kohima,51,0
Nagaland,Longleng,9,1
Nagaland,Mokokchung,6,0
Nagaland,Mon,164,33
Nagaland,Phek,6,0
Nagaland,Tuensang,40,1
Nagaland,Wokha,1,0
Nagaland,Zunheboto,1,0
Odisha,Angul,7,0
Odisha,Balangir,72,27
Odisha,Baleswar,703,641
Odisha,Bargarh,161,115
Odisha,Bhadrak,282,409
Odisha,Cuttack,6771,350
Odisha,Debagarh,1,0
Odisha,Dhenkanal,5,0
Odisha,Ganjam,49,311
Odisha,Jagatsinghapur,1616,462
Odisha,Jajapur,18,0
Odisha,Kalahandi,4,0
Odisha,Kandhamal,1,0
Odisha,Kendrapara,841,0
Odisha,Kendujhar,268,129
Odisha,Khorda,12,1
Odisha,Khordha,2035,4582
Odisha,Koraput,18,10
Odisha,Malkangiri,1,0
Odisha,Mayurbhanj,8,10
Odisha,Nabarangapur,1,0
Odisha,Nayagarh,2,1
Odisha,Puri,9880,1538
Odisha,Rayagada,1,4
Odisha,Sambalpur,249,129
Odisha,Sonapur,1,23
Odisha,Sundergarh,434,1
Others,Others,28,6264
Puducherry,Karaikal,7,0
Puducherry,Pondicherry,3,62
Puducherry,Puducherry,251,81
Punjab,Amritsar,1614,98
Punjab,Barnala,425,138
Punjab,Bathinda,904,157
Punjab,Faridkot,355,50
Punjab,Fatehgarh Sahib,266,65
Punjab,Fazilka,293,177
Punjab,Ferozepur,265,28
Punjab,Gurdaspur,1190,100
Punjab,Hoshiarpur,404,24
Punjab,Jalandhar,1035,112
Punjab,Kapurthala,150,27
Punjab,Ludhiana,6209,250
Punjab,Mansa,202,3
Punjab,Moga,691,35
Punjab,Muktsar,16,0
Punjab,Nawanshahr,2,1
Punjab,Pathankot,517,18
Punjab,Patiala,10291,112
Punjab,Rupnagar,600,28
Punjab,SAS Nagar (Mohali),2203,24
Punjab,Sangrur,7996,20
Punjab,Shaheed Bhagat Singh Nagar,318,17
Punjab,Sri Muktsar Sahib,211,46
Punjab,Tarn Taran,163,23
Rajasthan,Ajmer,3128,430
Rajasthan,Alwar,3428,347
Rajasthan,Banswara,1535,20
Rajasthan,Baran,2037,47
Rajasthan,Barmer,2161,301
Rajasthan,Bharatpur,1804,54
Rajasthan,Bhilwara,981,50
Rajasthan,Bikaner,1307,234
Rajasthan,Bundi,821,88
Rajasthan,Chittorgarh,549,29
Rajasthan,Churu,5432,245
Rajasthan,Dausa,1390,188
Rajasthan,Dholpur,646,2
Rajasthan,Dungarpur,230,9
Rajasthan,Ganganagar,1492,46
Rajasthan,Hanumangarh,4380,31
Rajasthan,Jaipur,7767,186
Rajasthan,Jaisalmer,18,0
Rajasthan,Jalor,1464,308
Rajasthan,Jhalawar,2909,22
Rajasthan,Jhunjhunu,99,7
Rajasthan,Jhunjhunun,3659,90
Rajasthan,Jodhpur,3284,88
Rajasthan,Karauli,802,43
Rajasthan,Kota,3878,89
Rajasthan,Nagaur,2409,139
Rajasthan,Pali,605,127
Rajasthan,Pratapgarh,175,16
Rajasthan,Rajsamand,809,286
Rajasthan,Sawai Madhopur,723,73
Rajasthan,Sikar,3533,97
Rajasthan,Sirohi,821,131
Rajasthan,Tonk,1637,155
Rajasthan,Udaipur,5646,339
Sikkim,East Sikkim,362,2
Sikkim,North Sikkim,92,0
Sikkim,South Sikkim,78,2
Sikkim,West Sikkim,67,2
Tamil Nadu,Ariyalur,12,7
Tamil Nadu,Chennai,104,28
Tamil Nadu,Coimbatore,535,132
Tamil Nadu,Cuddalore,358,109
Tamil Nadu,Dharmapuri,2342,72
Tamil Nadu,Dindigul,4613,229
Tamil Nadu,Erode,293,106
Tamil Nadu,Kancheepuram,3005,479
Tamil Nadu,Kanchipuram,39,65
Tamil Nadu,Kanniyakumari,150,55
Tamil Nadu,Kanyakumari,3,2
Tamil Nadu,Karur,8,2
Tamil Nadu,Krishnagiri,2737,91
Tamil Nadu,Madurai,4441,2672
Tamil Nadu,Nagapattinam,6443,384
Tamil Nadu,Namakkal,2052,877
Tamil Nadu,Nilgiris,23,1
Tamil Nadu,Perambalur,98,0
Tamil Nadu,Pudukkottai,9,16
Tamil Nadu,Ramanathapuram,545,319
Tamil Nadu,Salem,4913,134
Tamil Nadu,Sivaganga,565,231
Tamil Nadu,Thanjavur,18215,73
Tamil Nadu,The Nilgiris,2,0
Tamil Nadu,Theni,957,924
Tamil Nadu,Thiruvarur,3304,74
Tamil Nadu,Thoothukkudi,2921,32
Tamil Nadu,Tiruchirappalli,4073,1065
Tamil Nadu,Tirunelveli,1803,211
Tamil Nadu,Tiruppur,545,2
Tamil Nadu,Tiruvallur,286,7
Tamil Nadu,Tiruvannamalai,541,15
Tamil Nadu,Tiruvarur,6,6
Tamil Nadu,Vellore,3135,2189
Tamil Nadu,Villupuram,19,49
Tamil Nadu,Viluppuram,16883,632
Tamil Nadu,Virudhunagar,1276,4852
Tripura,Dhalai,2,0
Tripura,North Tripura,1,0
Tripura,South Tripura,16,0
Tripura,West Tripura,1,0
Uttar Pradesh,Agra,66,1
Uttar Pradesh,Aligarh,410,2
Uttar Pradesh,Allahabad,74,2
Uttar Pradesh,Ambedkar Nagar,22,4
Uttar Pradesh,Amethi,107,3
Uttar Pradesh,Amroha,5,1
Uttar Pradesh,Auraiya,17,1
Uttar Pradesh,Azamgarh,150,2
Uttar Pradesh,Baghpat,20,0
Uttar Pradesh,Bahraich,7,0
Uttar Pradesh,Ballia,155,5
Uttar Pradesh,Balrampur,9,0
Uttar Pradesh,Banda,21,0
Uttar Pradesh,Bara Banki,328,27
Uttar Pradesh,Barabanki,1,1
Uttar Pradesh,Bareilly,31,1
Uttar Pradesh,Basti,141,2
Uttar Pradesh,Bijnor,30,0
Uttar Pradesh,Budaun,41,3
Uttar Pradesh,Bulandshahar,3,0
Uttar Pradesh,Bulandshahr,39,0
Uttar Pradesh,Chandauli,28,0
Uttar Pradesh,Chitrakoot,49,0
Uttar Pradesh,Deoria,54,2
Uttar Pradesh,Etah,12,3
Uttar Pradesh,Etawah,1348,42
Uttar Pradesh,Faizabad,494,7
Uttar Pradesh,Farrukhabad,18,0
Uttar Pradesh,Fatehpur,148,0
Uttar Pradesh,Firozabad,22,1
Uttar Pradesh,Gautam Buddha Nagar,120,8
Uttar Pradesh,Ghaziabad,153,150
Uttar Pradesh,Ghazipur,89,0
Uttar Pradesh,Gonda,41,0
Uttar Pradesh,Gorakhpur,122,2
Uttar Pradesh,Hamirpur,5,0
Uttar Pradesh,Hardoi,605,19
Uttar Pradesh,Hathras,17,1
Uttar Pradesh,Jalaun,17,0
Uttar Pradesh,Jaunpur,88,0
Uttar Pradesh,Jhansi,104,3
Uttar Pradesh,Jyotiba Phule Nagar,6,0
Uttar Pradesh,Kannauj,8,1
Uttar Pradesh,Kanpur Dehat,13,1
Uttar Pradesh,Kanpur Nagar,46,16
Uttar Pradesh,Kasganj,5,0
Uttar Pradesh,Kaushambi,7,0
Uttar Pradesh,Kheri,5,0
Uttar Pradesh,Kushinagar,53,1
Uttar Pradesh,Lalitpur,10,0
Uttar Pradesh,Lucknow,55,2
Uttar Pradesh,Maharajganj,47,0
Uttar Pradesh,Mahoba,677,0
Uttar Pradesh,Mahrajganj,2,0
Uttar Pradesh,Mainpuri,17,1
Uttar Pradesh,Mathura,37,3
Uttar Pradesh,Mau,56,3
Uttar Pradesh,Meerut,165,6
Uttar Pradesh,Mirzapur,24,0
Uttar Pradesh,Moradabad,19,0
Uttar Pradesh,Muzaffarnagar,24,0
Uttar Pradesh,Pilibhit,3,3
Uttar Pradesh,Pratapgarh,513,3
Uttar Pradesh,Rae Bareli,267,19
Uttar Pradesh,Raebareli,7,1
Uttar Pradesh,Rampur,19,1
Uttar Pradesh,Saharanpur,25,0
Uttar Pradesh,Sambhal,15,1
Uttar Pradesh,Sant Kabir Nagar,67,54
Uttar Pradesh,Sant Ravidas Nagar,1909,2
Uttar Pradesh,Sant Ravidas Nagar Bhadohi,1,0
Uttar Pradesh,Shahjahanpur,5,0
Uttar Pradesh,Shamli,9,0
Uttar Pradesh,Shrawasti,54,4
Uttar Pradesh,Siddharthnagar,37,0
Uttar Pradesh,Sitapur,507,3
Uttar Pradesh,Sonbhadra,26,0
Uttar Pradesh,Sultanpur,45,1
Uttar Pradesh,Unnao,23,1
Uttar Pradesh,Varanasi,44,0
Uttarakhand,Almora,23,3
Uttarakhand,Bageshwar,6,0
Uttarakhand,Chamoli,24,0
Uttarakhand,Champawat,73,1
Uttarakhand,Dehradun,49,1
Uttarakhand,Garhwal,5,1
Uttarakhand,Haridwar,24,3
Uttarakhand,Nainital,14,0
Uttarakhand,Pauri Garhwal,25,0
Uttarakhand,Pithoragarh,22,0
Uttarakhand,Rudraprayag,9,1
Uttarakhand,Tehri Garhwal,14,1
Uttarakhand,Udham Singh Nagar,461,5
Uttarakhand,Uttarkashi,5,0
West Bengal,Bankura,17,0
West Bengal,Barddhaman,8,3
West Bengal,Bardhaman,63,8
West Bengal,Birbhum,10,4
West Bengal,Cooch Behar,8381,207
West Bengal,Dakshin Dinajpur,771,98
West Bengal,Darjeeling,5705,6
West Bengal,East Midnapore,230,65
West Bengal,Hooghly,4488,57
West Bengal,Howrah,128,20
West Bengal,Jalpaiguri,3135,20
West Bengal,Kolkata,474,812
West Bengal,Malda,985,37
West Bengal,Medinipur,85,24
West Bengal,Murshidabad,4161,94
West Bengal,Nadia,1862,470
West Bengal,North 24 Parganas,60,270
West Bengal,North Dinajpur,103,2
West Bengal,Purulia,8,3
West Bengal,South 24 Parganas,5,1
West Bengal,South Dinajpur,45,4
West Bengal,South Twenty Four Parganas,1812,128
West Bengal,West Midnapore,32,3
