Registrar,Enrolment Agency,Aadhaar generated,Enrolment Rejected
Allahabad Bank,Vakrangee Softwares Limited,459,119
Bank Of India,A3 Logics  India  Ltd,9133,812
Bank Of India,Akanksha International,2046,594
Bank Of India,Blue Circle Instrument,3255,448
Bank Of India,CHESSY CONSULTANTS PVT LTD,1993,227
Bank Of India,DATASOFT COMPUTER SERVICES(P),3799,299
Bank Of India,Emdee Digitronics Pvt.Ltd.,510,177
Bank Of India,Frontech Systems Pvt Ltd,925,334
Bank Of India,ITI LIMITED,0,3
Bank Of India,MANTRA SOFTTECH (INDIA) PVTLTD,373,80
Bank Of India,Matrix Processing House,15020,1246
Bank Of India,OSWAL COMPUTERS & CONSULTANTS,7732,2571
Bank Of India,PROTEX COMPUTER PVT LTD,1970,390
Bank Of India,SARADA SYSTEMS,6588,507
Bank Of India,SHRIKRISHNA KHANDASARI SUGAR M,4682,811
Bank Of India,SPANCO,9801,894
Bank Of India,SREI INFRASTRUCTURE FINANCES L,14796,1667
Bank Of India,Silver Touch Technologies Ltd,1682,215
Bank Of India,Systematic & Advance Const P L,20399,942
Bank Of India,VEETECHNOLOGIES PVT. LTD,9255,1132
Bank Of India,VIRGO SOFTECH LIMITED,5,6
Bank Of India,Vakrangee Softwares Limited,99,68
Bank of Baroda,DATASOFT COMPUTER SERVICES(P),0,3
Bank of Baroda,Global Finsol Private Limited,7675,575
Bank of Maharashtra,Alankit Finsec Ltd,907,177
Bank of Maharashtra,FINANCIAL INFORMATION NETWORK,2771,188
Bank of Maharashtra,Micro Technologies India Ltd,734,229
Bank of Maharashtra,Tera Software Ltd,7131,1409
CSC e-Governance Services India Limited,A I Soc for Electronics and Comp Tech,15528,927
CSC e-Governance Services India Limited,AKSH OPTIFIBRE LIMITED,5123,226
CSC e-Governance Services India Limited,BASIX,5224,456
CSC e-Governance Services India Limited,CALANCE SOFTWARE PRIVATE LTD,3805,474
CSC e-Governance Services India Limited,CMS Computers Ltd,24996,1339
CSC e-Governance Services India Limited,CSC e-Governance Services India Limited,7514,1590
CSC e-Governance Services India Limited,Intelligent Communication Systems India Limited,986,199
CSC e-Governance Services India Limited,MANTRA SOFTTECH (INDIA) PVTLTD,2105,186
CSC e-Governance Services India Limited,Network for Information & Computer,6536,414
CSC e-Governance Services India Limited,Reliance Communication Limited,5352,242
CSC e-Governance Services India Limited,SPANCO,2114,365
CSC e-Governance Services India Limited,Tera Software Ltd,322,89
CSC e-Governance Services India Limited,United Telecoms e-Services Pvt Ltd,2370,222
CSC e-Governance Services India Limited,VIKALP MULTIMEDIA,673,199
CSC e-Governance Services India Limited,Vakrangee Softwares Limited,2601,477
CSC e-Governance Services India Limited,Zephyr System Pvt.Ltd.,2517,165
Canara Bank,Ojus Healthcare Private Limited,220,37
Central Bank of India,CALANCE SOFTWARE PRIVATE LTD,2956,592
Central Bank of India,Frontech Systems Pvt Ltd,2,1
Central Bank of India,IAP COMPANY Pvt. Ltd,15358,1939
Central Bank of India,IL&FS LTD,1,0
Central Bank of India,MANTRA SOFTTECH (INDIA) PVTLTD,395,61
Central Bank of India,The Peerless General Finance,2425,338
DENA BANK,ATISHAY INFOTECH PVT. LTD.,5984,327
DENA BANK,BNR UDYOG LIMITED,585,51
DENA BANK,Bloom Solutions Pvt Ltd,5632,3943
DENA BANK,Business Information Processing Services,1259,136
DENA BANK,CALANCE SOFTWARE PRIVATE LTD,1831,223
DENA BANK,DATASOFT COMPUTER SERVICES(P),844,91
DENA BANK,Gujarat Infotech Ltd.,1308,29
DENA BANK,IAP COMPANY Pvt. Ltd,1578,60
DENA BANK,JNET Technologies Pvt.Ltd,4001,366
DENA BANK,K W Consulting P Ltd,2936,408
DENA BANK,Multiwave Innovation,6971,508
DENA BANK,Narayana Electricals Solution Pvt Ltd,1596,293
DENA BANK,Netlink software Pvt Ltd,2322,220
DENA BANK,Ortem Securities Limited,1,0
DENA BANK,Prodigy Systems and Services Private Limited,736,439
DENA BANK,Soc for Advancement of Environ Science,577,161
DENA BANK,Super Printers,515,332
DENA BANK,Systematic & Advance Const P L,4392,159
DENA BANK,TechSmart India Pvt Ltd,4559,4373
DENA BANK,Tera Software Ltd,2068,262
DENA BANK,WEBEL,306,42
Delhi - Central DC,Smart Chip Limited,1330,444
Delhi - East DC,DATASOFT COMPUTER SERVICES(P),3429,1003
Delhi - ND DC,Smart Chip Limited,188,121
Delhi - NE DC,Smart Chip Limited,1127,627
Delhi - North DC,CALANCE SOFTWARE PRIVATE LTD,1526,1304
Delhi - North DC,NVR & ASSOCIATES LIMITED,1035,1182
Delhi - North DC,Smart Chip Limited,1182,805
Delhi SW DC,VIRGO SOFTECH LIMITED,208,239
Delhi- South DC,Karvy Computershare Private Li,670,398
Delhi- South DC,Smart Chip Limited,1142,310
Delhi- West DC,Smart Chip Limited,105,199
Delhi- West DC,VIRGO SOFTECH LIMITED,555,1031
Delhi-NW DC,Karvy Computershare Private Li,239,471
Department of Information Technology Govt of Jharkhand,Blue Circle Instrument,668,347
Department of Information Technology Govt of Jharkhand,MKS Enterprises,2216,434
Department of Information Technology Govt of Jharkhand,Systematic & Advance Const P L,18,6
Department of Information Technology Govt of Jharkhand,Vayam technologies Ltd,1,2
Department of Information Technology Govt of Jharkhand,Wipro Ltd,765,252
Dept of ITC Govt of Rajasthan,ATISHAY INFOTECH PVT. LTD.,11224,1005
Dept of ITC Govt of Rajasthan,AVVAS INFOTECH PVT  LTD,8511,1053
Dept of ITC Govt of Rajasthan,Alankit Finsec Ltd,6847,536
Dept of ITC Govt of Rajasthan,Business Information Processing Services,1984,253
Dept of ITC Govt of Rajasthan,DATASOFT COMPUTER SERVICES(P),15587,1080
Dept of ITC Govt of Rajasthan,Gem Computers,6615,127
Dept of ITC Govt of Rajasthan,MANTRA SOFTTECH (INDIA) PVTLTD,67,106
Dept of ITC Govt of Rajasthan,Multiwave Innovation,7594,387
Dept of ITC Govt of Rajasthan,Netlink software Pvt Ltd,5998,417
Dept of ITC Govt of Rajasthan,TechSmart India Pvt Ltd,4243,621
Dept of ITC Govt of Rajasthan,Transline Technologies P Ltd,12488,927
Dept of ITC Govt of Rajasthan,VIRGO SOFTECH LIMITED,993,592
Dept of ITC Govt of Rajasthan,Vakrangee Softwares Limited,27147,3343
Dept of ITC Govt of Rajasthan,Vayam technologies Ltd,7337,813
FCR Govt of Haryana,4G INFORMATICS,620,180
FCR Govt of Haryana,Radiant Info Systems Ltd,406,19
FCR Govt of Haryana,Vakrangee Softwares Limited,83,73
FCR Govt of Haryana,Vayam technologies Ltd,2850,150
FCS Govt of Punjab,CSS TECHNERGY LIMITED,74,46
FCS Govt of Punjab,Delhi Integrated MMTS Ltd,1,0
FCS Govt of Punjab,District Sukhmani Society Amritsar Punjab,28,2
FCS Govt of Punjab,District Sukhmani Society Barnala Punjab,19,1
FCS Govt of Punjab,District Sukhmani Society Fatehgarh Sahib Punjab,1,5
FCS Govt of Punjab,District Sukhmani Society Ferozepur Punjab,30,1
FCS Govt of Punjab,District Sukhmani Society For Citizen Services Mansa Punjab,9,0
FCS Govt of Punjab,District Sukhmani Society For Citizen Services Nawanshahr Punjab,6,1
FCS Govt of Punjab,District Sukhmani Society For Citizen Services SAS Nagar District e-Governance Society Punjab,2,0
FCS Govt of Punjab,Karvy Computershare Private Li,4907,1880
FCS Govt of Punjab,Sukhmani Society For Citizens Services Faridkot Punjab,10,0
FCS Govt of Punjab,Suwidha Society Hoshiarpur Punjab,24,0
FCS Govt of Punjab,Vayam technologies Ltd,14298,1604
FCS Govt of Punjab,eCentric solutions pvt ltd,7684,2351
Govt of Andhra Pradesh,Gouthami Educational Society,457,494
Govt of Andhra Pradesh,GrapeSoft,2521,1306
Govt of Andhra Pradesh,INFRONICS SYSTEMS LTD,545,572
Govt of Andhra Pradesh,SREEVEN INFOCOM LIMITED,600,496
Govt of Andhra Pradesh,TechSmart India Pvt Ltd,1603,1203
Govt of Andhra Pradesh,Tera Software Ltd,1038,812
Govt of Goa,COMAT TECHNOLOGIES P LTD,0,51
Govt of Goa,MARS Telecom Systems Pvt Ltd,56,66
Govt of Gujarat,GSS Infotech Ltd,5697,378
Govt of Gujarat,Karvy Computershare Private Li,21154,616
Govt of Gujarat,Silver Touch Technologies Ltd,45090,1668
Govt of Gujarat,Tera Software Ltd,21641,649
Govt of Gujarat,Transline Technologies P Ltd,5031,258
Govt of Gujarat,Vayam technologies Ltd,13779,909
Govt of Gujarat,eCentric solutions pvt ltd,9598,361
Govt of Himachal Pradesh,Wipro Ltd,517,247
Govt of Himachal Pradesh,i-Grandee SoftwareTechnologies,386,693
Govt of Karnataka ,BNR UDYOG LIMITED,1802,212
Govt of Karnataka ,Bloom Solutions Pvt Ltd,3099,227
Govt of Karnataka ,GLODYNE TECHNOSERVE,1,0
Govt of Karnataka ,MARS Telecom Systems Pvt Ltd,2765,1548
Govt of Karnataka ,Ninestars Information Technologies Ltd,5852,1308
Govt of Karnataka ,Om Softwares,62,15
Govt of Karnataka ,Origin ITFS Pvt Ltd,38254,5363
Govt of Karnataka ,Radiant Info Systems Ltd,116,34
Govt of Karnataka ,SREEVEN INFOCOM LIMITED,23026,2284
Govt of Kerala,Akshaya,10019,4128
Govt of Kerala,Keltron,829,1253
Govt of Maharashtra,Adcc Infocad Pvt.Ltd Nagpur,47,4
Govt of Maharashtra,Alankit Assignments Limited,1,0
Govt of Maharashtra,Alankit Finsec Ltd,3591,535
Govt of Maharashtra,Bharat Technical Solutions Private Limited,1242,30
Govt of Maharashtra,Eagle press pvt ltd,203,72
Govt of Maharashtra,GLODYNE TECHNOSERVE,4,3
Govt of Maharashtra,Global Finsol Private Limited,367,70
Govt of Maharashtra,Karvy Computershare Private Li,3497,1202
Govt of Maharashtra,M/S King Computer System pvt Ltd,991,88
Govt of Maharashtra,M/s. Vidya Online  Pune,256,15
Govt of Maharashtra,Narayana Electricals Solution Pvt Ltd,784,162
Govt of Maharashtra,Netlink software Pvt Ltd,1632,915
Govt of Maharashtra,Network for Information & Computer,7,3
Govt of Maharashtra,Rudranee Infotech Ltd,1809,177
Govt of Maharashtra,SETU MAHARASHTRA,2635,144
Govt of Maharashtra,SHREERAM PRINTING PRESS,827,158
Govt of Maharashtra,SPANCO,2617,271
Govt of Maharashtra,STRATEGIC OUTSOURCING SERVICE,1458,398
Govt of Maharashtra,Silver Touch Technologies Ltd,7836,755
Govt of Maharashtra,Systematic & Advance Const P L,384,63
Govt of Maharashtra,TechSmart India Pvt Ltd,958,348
Govt of Maharashtra,Tera Software Ltd,168,43
Govt of Maharashtra,Transline Technologies P Ltd,2384,666
Govt of Maharashtra,Wipro Ltd,3283,636
Govt of Sikkim - Dept of Econo,Department of Economics Statistics  Monitoring and Evaluation DESME,129,34
IDBI Bank ltd,ATISHAY INFOTECH PVT. LTD.,1829,810
IDBI Bank ltd,Matrix Processing House,255,130
IDBI Bank ltd,SREEVEN INFOCOM LIMITED,3983,967
IDBI Bank ltd,UTI TECHNOLOGY SERVICES LIMITE,3586,437
Indiapost,Delhi Integrated MMTS Ltd,22466,1003
Indiapost,Global Finsol Private Limited,12580,1318
Indiapost,M/S STAR DATA CENTRE,176,187
Indiapost,MARS Telecom Systems Pvt Ltd,560,421
Indiapost,Smart Chip Limited,1482,66
Indiapost,Vayam technologies Ltd,276,49
Indiapost,WEBEL,408,324
Information Technology & Communication Department,4G INFORMATICS,11225,1975
Information Technology & Communication Department,BNR UDYOG LIMITED,1322,794
Information Technology & Communication Department,Bloom Solutions Pvt Ltd,7888,1522
Information Technology & Communication Department,CSS TECHNERGY LIMITED,590,171
Information Technology & Communication Department,Directorate of ESD,1030,274
Information Technology & Communication Department,GDC Advertising Pvt. Limited,11,72
Information Technology & Communication Department,JYOTHI COMPUTER SERVICES,2133,737
Information Technology & Communication Department,Karvy Data Management Services,2553,253
Information Technology & Communication Department,MARS Telecom Systems Pvt Ltd,1014,631
Information Technology & Communication Department,SREEVEN INFOCOM LIMITED,3153,1480
Information Technology & Communication Department,Tera Software Ltd,3857,2331
Jharkhand,Alankit Assignments Limited,10,4
Jharkhand,Blue Circle Instrument,21,30
Jharkhand,Emdee Digitronics Pvt.Ltd.,2529,654
Jharkhand,MKS Enterprises,3543,603
Jharkhand,Nevaeh Technology Pvt. Ltd.,2638,595
Jharkhand,STRATEGIC OUTSOURCING SERVICE,35,6
Jharkhand,Smart Chip Limited,52,189
Jharkhand,Systematic & Advance Const P L,4216,466
Jharkhand,VISION COMPTECH INTEGRATOR LTD,2206,1509
Jharkhand,Wipro Ltd,13644,3847
Mission Convergence - GNCT Del,Karvy Computershare Private Li,75,89
Mission Convergence - GNCT Del,NVR & ASSOCIATES LIMITED,147,278
NSDL e-Governance Infrastructure Limited,Abhipra Capital Ltd,4515,427
NSDL e-Governance Infrastructure Limited,Alankit Assignments Limited,15905,3406
NSDL e-Governance Infrastructure Limited,Alankit Finsec Ltd,235,18
NSDL e-Governance Infrastructure Limited,Delhi Integrated MMTS Ltd,1737,50
NSDL e-Governance Infrastructure Limited,Global Finsol Private Limited,1769,107
NSDL e-Governance Infrastructure Limited,INTEGRATED REGISTRY SERVICES LTD,146,6
NSDL e-Governance Infrastructure Limited,Karvy Consultants Limited,29,19
NSDL e-Governance Infrastructure Limited,Karvy Data Management Services,65416,3649
NSDL e-Governance Infrastructure Limited,N.K. Sharma Enterprises Ltd.,2,0
NSDL e-Governance Infrastructure Limited,Netlink software Pvt Ltd,15951,1323
NSDL e-Governance Infrastructure Limited,PROWIZ MANSYTEMS PVT LTD,18473,723
NSDL e-Governance Infrastructure Limited,Promind Solutions P Limited,3378,194
NSDL e-Governance Infrastructure Limited,VIRGO SOFTECH LIMITED,14224,827
Oriental Bank of Commerce,DATASOFT COMPUTER SERVICES(P),2325,304
Oriental Bank of Commerce,Euro Finmart Ltd,220,48
Oriental Bank of Commerce,JNET Technologies Pvt.Ltd,3720,474
Oriental Bank of Commerce,Redim Software Technologies Pvt Ltd,932,590
Oriental Bank of Commerce,Sri Ramraja Sarkar Lok Kalyan Trust,12654,1507
Oriental Bank of Commerce,Wipro Ltd,14175,2083
Principal Revenue Commissioner  Dept of Revenue  Govt of MP,Frontech Systems Pvt Ltd,559,59
Principal Revenue Commissioner  Dept of Revenue  Govt of MP,GDC Advertising Pvt. Limited,817,108
Principal Revenue Commissioner  Dept of Revenue  Govt of MP,K W Consulting P Ltd,2448,351
Principal Revenue Commissioner  Dept of Revenue  Govt of MP,LYRA  CONSULTANCY SERVICE,712,67
Principal Revenue Commissioner  Dept of Revenue  Govt of MP,Netlink software Pvt Ltd,1230,218
Principal Revenue Commissioner  Dept of Revenue  Govt of MP,OSWAL COMPUTERS & CONSULTANTS,1459,256
Principal Revenue Commissioner  Dept of Revenue  Govt of MP,Tera Software Ltd,487,44
Principal Revenue Commissioner  Dept of Revenue  Govt of MP,The NSIC ltd,369,111
Principal Revenue Commissioner  Dept of Revenue  Govt of MP,Vedavaag Systems Limited,230,12
Registrar General India - BEL,In Media Computer Services LLP,1,0
Registrar General India - BEL,Manipur Electronics Dev Corp,20393,121
Registrar General India BEL2,Alankit Assignments Limited,15,20
Registrar General India BEL2,Computer LAB,6557,2217
Registrar General India BEL2,Emdee Digitronics Pvt.Ltd.,3814,119
Registrar General India BEL2,In Media Computer Services LLP,1583,9
Registrar General India BEL2,India Computer Technology,38376,1923
Registrar General India BEL2,MACRO INFOTECH PVT LTD,20216,655
Registrar General India BEL2,MKS Enterprises,3,11
Registrar General India BEL2,Madras Security Printers Ltd,60002,7125
Registrar General India BEL2,Manipur Electronics Dev Corp,3640,100
Registrar General India BEL2,Multiwave Innovation,3422,179
Registrar General India BEL2,NVR & ASSOCIATES LIMITED,80,25
Registrar General India BEL2,Netlink software Pvt Ltd,2143,380
Registrar General India BEL2,Nevaeh Technology Pvt. Ltd.,3617,82
Registrar General India BEL2,Nielsen  India  Private Limited,3259,960
Registrar General India BEL2,Om Softwares,17511,6492
Registrar General India BEL2,SREEVEN INFOCOM LIMITED,417,10
Registrar General India BEL2,STRATEGIC OUTSOURCING SERVICE,11128,446
Registrar General India BEL2,Satyanarayana Raju Company Pvt ltd,8431,75
Registrar General India BEL2,Swathy Smartcards Hi-Tech Pvt,153266,14193
Registrar General India BEL2,Swiss Tech India Pvt Ltd,6010,366
Registrar General India BEL2,Tera Software Ltd,6601,2871
Registrar General India BEL2,UNITED DATA SERVICES PRIVATE LIMITED,20415,1224
Registrar General India BEL2,Urmila Info solution,204,6
Registrar General India BEL2,VIRGO SOFTECH LIMITED,840,856
Registrar General India BEL2,Vansh Infotech Pvt Ltd,3522,22
Registrar General India BEL2,Vedavaag Systems Limited,8429,526
Registrar General India BEL2,Viesa Technologies,429,21
Registrar General India BEL2,WEBEL,995,3
Registrar General India ECIL,AVVAS INFOTECH PVT  LTD,21822,827
Registrar General India ECIL,BUSINESS INFORMATION PROCESSING SERVICES,1369,13
Registrar General India ECIL,COMTECH INSTITUTE OFTECHNOLOGY,6641,1371
Registrar General India ECIL,COMTECHINFO SOLUTIONS PVT.LTD,7045,254
Registrar General India ECIL,Chinar Construction Company Prime agency,1818,21
Registrar General India ECIL,Clairvoyance Technologies Pvt.,29,4
Registrar General India ECIL,Computer LAB,27397,8075
Registrar General India ECIL,Eagle Software India Pvt. Ltd,25521,12151
Registrar General India ECIL,Esoft Consulting Limited,6409,101
Registrar General India ECIL,In Media Computer Services LLP,5657,147
Registrar General India ECIL,India Computer Technology,37731,11503
Registrar General India ECIL,Karvy Data Management Services,25099,1152
Registrar General India ECIL,Krishna Infotech,378,452
Registrar General India ECIL,Madras Security Printers Ltd,31655,12503
Registrar General India ECIL,Mphasis Ltd,24935,567
Registrar General India ECIL,Netwing Technologies Pvt Ltd,2808,2
Registrar General India ECIL,Nielsen  India  Private Limited,2377,60
Registrar General India ECIL,Pioneer E Labs limited,1554,306
Registrar General India ECIL,Quick Data IT Services Pvt Ltd,630,12
Registrar General India ECIL,SARADA SYSTEMS,9552,100
Registrar General India ECIL,SWISSTECH NPR 57CR PROJECT PVT,18373,1297
Registrar General India ECIL,Tera Software Ltd,12609,432
Registrar General India ECIL,Vedavaag Systems Limited,7087,1308
Registrar General India Others,AVVAS INFOTECH PVT  LTD,3,2
Registrar General India Others,BUSINESS INFORMATION PROCESSING SERVICES,1,0
Registrar General India Others,COMTECH INSTITUTE OFTECHNOLOGY,3,0
Registrar General India Others,COMTECHINFO SOLUTIONS PVT.LTD,1,0
Registrar General India Others,Computer LAB,10,3
Registrar General India Others,Eagle Software India Pvt. Ltd,4,0
Registrar General India Others,In Media Computer Services LLP,2,0
Registrar General India Others,Karvy Data Management Services,38,2
Registrar General India Others,Madras Security Printers Ltd,116,149
Registrar General India Others,Mphasis Ltd,1,0
Registrar General India Others,Nielsen  India  Private Limited,2,1
Registrar General India Others,STRATEGIC OUTSOURCING SERVICE,0,1
Registrar General India Others,SWISSTECH NPR 57CR PROJECT PVT,1,1
Registrar General India Others,Swathy Smartcards Hi-Tech Pvt,28,4
Registrar General India Others,Vedavaag Systems Limited,2,1
Registrar General India Others,WEBEL TECHNOLOGY LIMITED,18,0
Registrar General of India ITI,COMTECH INSTITUTE OFTECHNOLOGY,3477,159
Registrar General of India ITI,CSS TECHNERGY LIMITED,7329,346
Registrar General of India ITI,CommunitiWorks Welfare Society,577,63
Registrar General of India ITI,Eagle Software India Pvt. Ltd,8601,818
Registrar General of India ITI,Emdee Digitronics Pvt.Ltd.,37013,1877
Registrar General of India ITI,In Media Computer Services LLP,494,11
Registrar General of India ITI,Karvy Data Management Services,14809,409
Registrar General of India ITI,Madras Security Printers Ltd,2003,168
Registrar General of India ITI,Mphasis Ltd,3895,290
Registrar General of India ITI,Multiwave Innovation,150,10
Registrar General of India ITI,Netlink software Pvt Ltd,10725,129
Registrar General of India ITI,Netwing Technologies Pvt Ltd,7,4
Registrar General of India ITI,Nielsen  India  Private Limited,9116,394
Registrar General of India ITI,Quick Data IT Services Pvt Ltd,109,1
Registrar General of India ITI,SREEVEN INFOCOM LIMITED,4,41
Registrar General of India ITI,STRATEGIC OUTSOURCING SERVICE,2034,71
Registrar General of India ITI,Satyanarayana Raju Company Pvt ltd,4425,75
Registrar General of India ITI,Swathy Smartcards Hi-Tech Pvt,6746,4853
Registrar General of India ITI,TechSmart India Pvt Ltd,10,17
Registrar General of India ITI,Urmila Info solution,611,15
Registrar General of India ITI,VIRGO SOFTECH LIMITED,4745,1587
Registrar General of India ITI,Vedavaag Systems Limited,12183,267
Registrar General of India ITI,WEBEL TECHNOLOGY LIMITED,14169,380
Registrar General of India ITI,Webx Technologies Private Limited,571,6
STATE BANK OF PATIALA,CSS TECHNERGY LIMITED,0,1
State Bank of Bikaner & Jaipur,Multiwave Innovation,513,150
State Bank of Travancore,Tera Software Ltd,302,183
UIDAI-Registrar,UIDAI-EA,64,10
UT Of Daman and Diu,Alankit Assignments Limited,20,25
UT of Puducherry,Madras Security Printers Ltd,42,54
Union Bank,FINANCIAL INFORMATION NETWORK,39954,8793
Union Bank,Smart Chip Limited,31887,7937
Union Bank,Vakrangee Softwares Limited,71104,8155
