Registrar,Enrolment Agency,Aadhaar generated,Enrolment Rejected
Allahabad Bank,Vakrangee Softwares Limited,70,61
Bank Of India,A3 Logics  India  Ltd,4569,125
Bank Of India,Akanksha International,1744,17
Bank Of India,Blue Circle Instrument,1565,55
Bank Of India,CHESSY CONSULTANTS PVT LTD,332,20
Bank Of India,DATASOFT COMPUTER SERVICES(P),693,44
Bank Of India,Emdee Digitronics Pvt.Ltd.,122,31
Bank Of India,Frontech Systems Pvt Ltd,254,39
Bank Of India,ITI LIMITED,6,0
Bank Of India,MANTRA SOFTTECH (INDIA) PVTLTD,328,12
Bank Of India,Matrix Processing House,13402,285
Bank Of India,OSWAL COMPUTERS & CONSULTANTS,8361,234
Bank Of India,PROTEX COMPUTER PVT LTD,1492,65
Bank Of India,SARADA SYSTEMS,2665,182
Bank Of India,SHRIKRISHNA KHANDASARI SUGAR M,1771,214
Bank Of India,SPANCO,7106,138
Bank Of India,SREI INFRASTRUCTURE FINANCES L,12811,354
Bank Of India,Silver Touch Technologies Ltd,560,30
Bank Of India,Systematic & Advance Const P L,19169,179
Bank Of India,VEETECHNOLOGIES PVT. LTD,4922,528
Bank Of India,Vakrangee Softwares Limited,371,5
Bank of Baroda,Global Finsol Private Limited,2862,222
Bank of Maharashtra,Alankit Finsec Ltd,294,22
Bank of Maharashtra,FINANCIAL INFORMATION NETWORK,875,24
Bank of Maharashtra,Micro Technologies India Ltd,194,38
Bank of Maharashtra,Tera Software Ltd,1633,353
CSC e-Governance Services India Limited,A I Soc for Electronics and Comp Tech,6682,419
CSC e-Governance Services India Limited,AKSH OPTIFIBRE LIMITED,1527,57
CSC e-Governance Services India Limited,BASIX,1132,168
CSC e-Governance Services India Limited,CALANCE SOFTWARE PRIVATE LTD,1115,154
CSC e-Governance Services India Limited,CMS Computers Ltd,10079,640
CSC e-Governance Services India Limited,CSC e-Governance Services India Limited,1340,183
CSC e-Governance Services India Limited,Intelligent Communication Systems India Limited,357,40
CSC e-Governance Services India Limited,MANTRA SOFTTECH (INDIA) PVTLTD,1020,23
CSC e-Governance Services India Limited,Network for Information & Computer,2413,112
CSC e-Governance Services India Limited,Reliance Communication Limited,2121,44
CSC e-Governance Services India Limited,SPANCO,859,83
CSC e-Governance Services India Limited,Tera Software Ltd,83,23
CSC e-Governance Services India Limited,United Telecoms e-Services Pvt Ltd,1073,63
CSC e-Governance Services India Limited,VIKALP MULTIMEDIA,207,13
CSC e-Governance Services India Limited,Vakrangee Softwares Limited,657,70
CSC e-Governance Services India Limited,Zephyr System Pvt.Ltd.,477,24
Canara Bank,Ojus Healthcare Private Limited,37,3
Central Bank of India,CALANCE SOFTWARE PRIVATE LTD,2484,140
Central Bank of India,Frontech Systems Pvt Ltd,1,0
Central Bank of India,IAP COMPANY Pvt. Ltd,16472,397
Central Bank of India,MANTRA SOFTTECH (INDIA) PVTLTD,109,1
Central Bank of India,SREI INFRASTRUCTURE FINANCES L,3,0
Central Bank of India,The Peerless General Finance,762,70
DENA BANK,ATISHAY INFOTECH PVT. LTD.,1769,46
DENA BANK,BNR UDYOG LIMITED,89,10
DENA BANK,Bloom Solutions Pvt Ltd,958,1834
DENA BANK,Business Information Processing Services,956,30
DENA BANK,CALANCE SOFTWARE PRIVATE LTD,508,50
DENA BANK,DATASOFT COMPUTER SERVICES(P),253,46
DENA BANK,Gujarat Infotech Ltd.,305,21
DENA BANK,IAP COMPANY Pvt. Ltd,327,32
DENA BANK,JNET Technologies Pvt.Ltd,1260,104
DENA BANK,K W Consulting P Ltd,568,64
DENA BANK,Multiwave Innovation,3053,160
DENA BANK,Narayana Electricals Solution Pvt Ltd,866,170
DENA BANK,Netlink software Pvt Ltd,681,41
DENA BANK,Ortem Securities Limited,1,0
DENA BANK,Prodigy Systems and Services Private Limited,115,166
DENA BANK,Soc for Advancement of Environ Science,176,44
DENA BANK,Super Printers,216,20
DENA BANK,Systematic & Advance Const P L,1206,52
DENA BANK,TechSmart India Pvt Ltd,1517,610
DENA BANK,Tera Software Ltd,898,21
DENA BANK,WEBEL,34,15
Delhi - Central DC,Smart Chip Limited,390,54
Delhi - East DC,DATASOFT COMPUTER SERVICES(P),848,120
Delhi - East DC,Tera Software Ltd,0,1
Delhi - ND DC,Smart Chip Limited,92,25
Delhi - NE DC,Smart Chip Limited,496,123
Delhi - North DC,CALANCE SOFTWARE PRIVATE LTD,692,137
Delhi - North DC,NVR & ASSOCIATES LIMITED,519,50
Delhi - North DC,Smart Chip Limited,506,135
Delhi SW DC,VIRGO SOFTECH LIMITED,72,48
Delhi- South DC,Karvy Computershare Private Li,57,16
Delhi- South DC,Smart Chip Limited,206,31
Delhi- West DC,Smart Chip Limited,89,10
Delhi- West DC,VIRGO SOFTECH LIMITED,502,34
Delhi-NW DC,Karvy Computershare Private Li,195,40
Department of Information Technology Govt of Jharkhand,Blue Circle Instrument,431,79
Department of Information Technology Govt of Jharkhand,MKS Enterprises,548,58
Department of Information Technology Govt of Jharkhand,Systematic & Advance Const P L,9,0
Department of Information Technology Govt of Jharkhand,Wipro Ltd,91,73
Dept of ITC Govt of Rajasthan,ATISHAY INFOTECH PVT. LTD.,7423,302
Dept of ITC Govt of Rajasthan,AVVAS INFOTECH PVT  LTD,5645,119
Dept of ITC Govt of Rajasthan,Alankit Finsec Ltd,3851,253
Dept of ITC Govt of Rajasthan,Business Information Processing Services,937,69
Dept of ITC Govt of Rajasthan,DATASOFT COMPUTER SERVICES(P),7298,190
Dept of ITC Govt of Rajasthan,Gem Computers,2553,43
Dept of ITC Govt of Rajasthan,MANTRA SOFTTECH (INDIA) PVTLTD,31,0
Dept of ITC Govt of Rajasthan,Multiwave Innovation,3678,143
Dept of ITC Govt of Rajasthan,Netlink software Pvt Ltd,2868,110
Dept of ITC Govt of Rajasthan,TechSmart India Pvt Ltd,2079,167
Dept of ITC Govt of Rajasthan,Transline Technologies P Ltd,9209,327
Dept of ITC Govt of Rajasthan,VIRGO SOFTECH LIMITED,341,69
Dept of ITC Govt of Rajasthan,Vakrangee Softwares Limited,10681,761
Dept of ITC Govt of Rajasthan,Vayam technologies Ltd,4803,216
FCR Govt of Haryana,4G INFORMATICS,357,7
FCR Govt of Haryana,Radiant Info Systems Ltd,55,10
FCR Govt of Haryana,Vakrangee Softwares Limited,49,7
FCR Govt of Haryana,Vayam technologies Ltd,493,75
FCS Govt of Punjab,Alankit Finsec Ltd,1,0
FCS Govt of Punjab,CSS TECHNERGY LIMITED,53,8
FCS Govt of Punjab,District Sukhmani Society Amritsar Punjab,4,0
FCS Govt of Punjab,District Sukhmani Society Barnala Punjab,8,0
FCS Govt of Punjab,District Sukhmani Society Fatehgarh Sahib Punjab,1,0
FCS Govt of Punjab,District Sukhmani Society Ferozepur Punjab,9,1
FCS Govt of Punjab,District Sukhmani Society For Citizen Services Mansa Punjab,1,0
FCS Govt of Punjab,District Sukhmani Society For Citizen Services Nawanshahr Punjab,3,0
FCS Govt of Punjab,Karvy Computershare Private Li,4514,180
FCS Govt of Punjab,Sukhmani Society For Citizens Services Faridkot Punjab,5,0
FCS Govt of Punjab,Suwidha Society Hoshiarpur Punjab,15,1
FCS Govt of Punjab,Vayam technologies Ltd,8224,391
FCS Govt of Punjab,eCentric solutions pvt ltd,2737,181
Govt of Andhra Pradesh,Gouthami Educational Society,95,43
Govt of Andhra Pradesh,GrapeSoft,390,414
Govt of Andhra Pradesh,INFRONICS SYSTEMS LTD,294,134
Govt of Andhra Pradesh,SREEVEN INFOCOM LIMITED,224,134
Govt of Andhra Pradesh,TechSmart India Pvt Ltd,3060,155
Govt of Andhra Pradesh,Tera Software Ltd,885,63
Govt of Goa,COMAT TECHNOLOGIES P LTD,0,2
Govt of Goa,MARS Telecom Systems Pvt Ltd,12,10
Govt of Gujarat,GSS Infotech Ltd,4672,52
Govt of Gujarat,Karvy Computershare Private Li,9931,223
Govt of Gujarat,Silver Touch Technologies Ltd,14046,556
Govt of Gujarat,Tera Software Ltd,12828,162
Govt of Gujarat,Transline Technologies P Ltd,1408,101
Govt of Gujarat,Vayam technologies Ltd,7929,257
Govt of Gujarat,eCentric solutions pvt ltd,6134,60
Govt of Himachal Pradesh,Wipro Ltd,131,11
Govt of Himachal Pradesh,i-Grandee SoftwareTechnologies,483,8
Govt of Karnataka ,BNR UDYOG LIMITED,657,91
Govt of Karnataka ,Bloom Solutions Pvt Ltd,636,35
Govt of Karnataka ,MARS Telecom Systems Pvt Ltd,1210,125
Govt of Karnataka ,Ninestars Information Technologies Ltd,3967,172
Govt of Karnataka ,Om Softwares,31,0
Govt of Karnataka ,Origin ITFS Pvt Ltd,21789,1533
Govt of Karnataka ,Radiant Info Systems Ltd,30,3
Govt of Karnataka ,SREEVEN INFOCOM LIMITED,20012,741
Govt of Kerala,Akshaya,5966,454
Govt of Kerala,Keltron,200,66
Govt of Maharashtra,Adcc Infocad Pvt.Ltd Nagpur,20,2
Govt of Maharashtra,Alankit Finsec Ltd,6847,25
Govt of Maharashtra,Bharat Technical Solutions Private Limited,166,10
Govt of Maharashtra,Eagle press pvt ltd,89,8
Govt of Maharashtra,GLODYNE TECHNOSERVE,0,3
Govt of Maharashtra,Global Finsol Private Limited,72,16
Govt of Maharashtra,Karvy Computershare Private Li,4371,125
Govt of Maharashtra,M/S King Computer System pvt Ltd,129,7
Govt of Maharashtra,M/s. Vidya Online  Pune,96,1
Govt of Maharashtra,Narayana Electricals Solution Pvt Ltd,389,20
Govt of Maharashtra,Netlink software Pvt Ltd,775,202
Govt of Maharashtra,Network for Information & Computer,1,0
Govt of Maharashtra,Rudranee Infotech Ltd,392,75
Govt of Maharashtra,SETU MAHARASHTRA,1018,94
Govt of Maharashtra,SHREERAM PRINTING PRESS,150,32
Govt of Maharashtra,SPANCO,1497,30
Govt of Maharashtra,STRATEGIC OUTSOURCING SERVICE,400,40
Govt of Maharashtra,Silver Touch Technologies Ltd,3338,112
Govt of Maharashtra,Systematic & Advance Const P L,122,7
Govt of Maharashtra,TechSmart India Pvt Ltd,792,27
Govt of Maharashtra,Tera Software Ltd,15,4
Govt of Maharashtra,Transline Technologies P Ltd,522,63
Govt of Maharashtra,Wipro Ltd,2217,91
Govt of Sikkim - Dept of Econo,Department of Economics Statistics  Monitoring and Evaluation DESME,80,2
IDBI Bank ltd,ATISHAY INFOTECH PVT. LTD.,1796,57
IDBI Bank ltd,Matrix Processing House,47,19
IDBI Bank ltd,SREEVEN INFOCOM LIMITED,1280,187
IDBI Bank ltd,UTI TECHNOLOGY SERVICES LIMITE,1716,98
Indiapost,Delhi Integrated MMTS Ltd,18300,220
Indiapost,Global Finsol Private Limited,4794,305
Indiapost,M/S STAR DATA CENTRE,78,4
Indiapost,MARS Telecom Systems Pvt Ltd,235,122
Indiapost,Smart Chip Limited,608,13
Indiapost,Vayam technologies Ltd,131,37
Indiapost,WEBEL,166,53
Information Technology & Communication Department,4G INFORMATICS,5703,351
Information Technology & Communication Department,BNR UDYOG LIMITED,357,148
Information Technology & Communication Department,Bloom Solutions Pvt Ltd,2629,365
Information Technology & Communication Department,CSS TECHNERGY LIMITED,233,33
Information Technology & Communication Department,Directorate of ESD,281,299
Information Technology & Communication Department,GDC Advertising Pvt. Limited,11,3
Information Technology & Communication Department,JYOTHI COMPUTER SERVICES,965,164
Information Technology & Communication Department,Karvy Data Management Services,1261,95
Information Technology & Communication Department,MARS Telecom Systems Pvt Ltd,320,238
Information Technology & Communication Department,SREEVEN INFOCOM LIMITED,1137,246
Information Technology & Communication Department,Tera Software Ltd,1007,921
Jharkhand,Alankit Assignments Limited,46,2
Jharkhand,Blue Circle Instrument,68,4
Jharkhand,Emdee Digitronics Pvt.Ltd.,1608,296
Jharkhand,MKS Enterprises,1782,149
Jharkhand,Nevaeh Technology Pvt. Ltd.,549,229
Jharkhand,STRATEGIC OUTSOURCING SERVICE,11,1
Jharkhand,Smart Chip Limited,15,7
Jharkhand,Systematic & Advance Const P L,2845,43
Jharkhand,VISION COMPTECH INTEGRATOR LTD,1177,306
Jharkhand,Wipro Ltd,8004,1031
Mission Convergence - GNCT Del,Karvy Computershare Private Li,24,2
Mission Convergence - GNCT Del,NVR & ASSOCIATES LIMITED,44,14
NSDL e-Governance Infrastructure Limited,Abhipra Capital Ltd,1619,139
NSDL e-Governance Infrastructure Limited,Alankit Assignments Limited,8089,330
NSDL e-Governance Infrastructure Limited,Alankit Finsec Ltd,36,3
NSDL e-Governance Infrastructure Limited,Delhi Integrated MMTS Ltd,1438,46
NSDL e-Governance Infrastructure Limited,Global Finsol Private Limited,229,8
NSDL e-Governance Infrastructure Limited,INTEGRATED REGISTRY SERVICES LTD,14,2
NSDL e-Governance Infrastructure Limited,Karvy Consultants Limited,6,0
NSDL e-Governance Infrastructure Limited,Karvy Data Management Services,27502,1446
NSDL e-Governance Infrastructure Limited,N.K. Sharma Enterprises Ltd.,1,0
NSDL e-Governance Infrastructure Limited,Netlink software Pvt Ltd,12754,422
NSDL e-Governance Infrastructure Limited,PROWIZ MANSYTEMS PVT LTD,11861,219
NSDL e-Governance Infrastructure Limited,Promind Solutions P Limited,325,16
NSDL e-Governance Infrastructure Limited,VIRGO SOFTECH LIMITED,7043,172
Oriental Bank of Commerce,DATASOFT COMPUTER SERVICES(P),1318,46
Oriental Bank of Commerce,Euro Finmart Ltd,42,4
Oriental Bank of Commerce,FINANCIAL INFORMATION NETWORK,1,0
Oriental Bank of Commerce,JNET Technologies Pvt.Ltd,1499,62
Oriental Bank of Commerce,Redim Software Technologies Pvt Ltd,301,41
Oriental Bank of Commerce,Sri Ramraja Sarkar Lok Kalyan Trust,8761,272
Oriental Bank of Commerce,Wipro Ltd,6967,312
Others,Others,0,6
Principal Revenue Commissioner  Dept of Revenue  Govt of MP,Frontech Systems Pvt Ltd,83,12
Principal Revenue Commissioner  Dept of Revenue  Govt of MP,GDC Advertising Pvt. Limited,115,11
Principal Revenue Commissioner  Dept of Revenue  Govt of MP,K W Consulting P Ltd,674,78
Principal Revenue Commissioner  Dept of Revenue  Govt of MP,LYRA  CONSULTANCY SERVICE,151,5
Principal Revenue Commissioner  Dept of Revenue  Govt of MP,Netlink software Pvt Ltd,104,50
Principal Revenue Commissioner  Dept of Revenue  Govt of MP,OSWAL COMPUTERS & CONSULTANTS,284,67
Principal Revenue Commissioner  Dept of Revenue  Govt of MP,Tera Software Ltd,83,13
Principal Revenue Commissioner  Dept of Revenue  Govt of MP,The NSIC ltd,56,11
Principal Revenue Commissioner  Dept of Revenue  Govt of MP,Vedavaag Systems Limited,124,13
RDD Govt of Tripura,Alankit Assignments Limited,1,0
Registrar General India - BEL,Manipur Electronics Dev Corp,5237,69
Registrar General India - BEL,Swathy Smartcards Hi-Tech Pvt,0,3
Registrar General India BEL2,Alankit Assignments Limited,292,1
Registrar General India BEL2,Computer LAB,5598,447
Registrar General India BEL2,Emdee Digitronics Pvt.Ltd.,1120,33
Registrar General India BEL2,In Media Computer Services LLP,173,10
Registrar General India BEL2,India Computer Technology,14606,291
Registrar General India BEL2,MACRO INFOTECH PVT LTD,7126,197
Registrar General India BEL2,MKS Enterprises,4,0
Registrar General India BEL2,Madras Security Printers Ltd,21059,3887
Registrar General India BEL2,Manipur Electronics Dev Corp,860,5
Registrar General India BEL2,Multiwave Innovation,1104,138
Registrar General India BEL2,NVR & ASSOCIATES LIMITED,8,4
Registrar General India BEL2,Netlink software Pvt Ltd,455,102
Registrar General India BEL2,Nevaeh Technology Pvt. Ltd.,752,19
Registrar General India BEL2,Nielsen  India  Private Limited,1889,247
Registrar General India BEL2,Om Softwares,8954,4616
Registrar General India BEL2,SREEVEN INFOCOM LIMITED,156,0
Registrar General India BEL2,STRATEGIC OUTSOURCING SERVICE,3217,196
Registrar General India BEL2,Satyanarayana Raju Company Pvt ltd,822,22
Registrar General India BEL2,Swathy Smartcards Hi-Tech Pvt,84772,3246
Registrar General India BEL2,Swiss Tech India Pvt Ltd,1540,20
Registrar General India BEL2,Tera Software Ltd,1948,1077
Registrar General India BEL2,UNITED DATA SERVICES PRIVATE LIMITED,8775,593
Registrar General India BEL2,Urmila Info solution,61,1
Registrar General India BEL2,VIRGO SOFTECH LIMITED,294,113
Registrar General India BEL2,Vansh Infotech Pvt Ltd,916,11
Registrar General India BEL2,Vedavaag Systems Limited,1128,91
Registrar General India BEL2,Viesa Technologies,51,14
Registrar General India BEL2,WEBEL,157,7
Registrar General India ECIL,AVVAS INFOTECH PVT  LTD,7004,274
Registrar General India ECIL,BUSINESS INFORMATION PROCESSING SERVICES,272,6
Registrar General India ECIL,COMTECH INSTITUTE OFTECHNOLOGY,4274,212
Registrar General India ECIL,COMTECHINFO SOLUTIONS PVT.LTD,4152,23
Registrar General India ECIL,Chinar Construction Company Prime agency,885,4
Registrar General India ECIL,Clairvoyance Technologies Pvt.,10,0
Registrar General India ECIL,Computer LAB,9681,705
Registrar General India ECIL,Eagle Software India Pvt. Ltd,10120,9247
Registrar General India ECIL,Esoft Consulting Limited,1106,68
Registrar General India ECIL,In Media Computer Services LLP,5715,187
Registrar General India ECIL,India Computer Technology,23305,7644
Registrar General India ECIL,Karvy Data Management Services,14670,246
Registrar General India ECIL,Krishna Infotech,309,163
Registrar General India ECIL,Madras Security Printers Ltd,17554,3531
Registrar General India ECIL,Mphasis Ltd,11867,106
Registrar General India ECIL,Netwing Technologies Pvt Ltd,248,5
Registrar General India ECIL,Nielsen  India  Private Limited,302,20
Registrar General India ECIL,Pioneer E Labs limited,1217,113
Registrar General India ECIL,Quick Data IT Services Pvt Ltd,68,3
Registrar General India ECIL,SARADA SYSTEMS,3328,25
Registrar General India ECIL,SWISSTECH NPR 57CR PROJECT PVT,5210,1708
Registrar General India ECIL,Tera Software Ltd,6534,131
Registrar General India ECIL,Vedavaag Systems Limited,1469,1020
Registrar General India Others,AVVAS INFOTECH PVT  LTD,1,0
Registrar General India Others,COMTECH INSTITUTE OFTECHNOLOGY,1,0
Registrar General India Others,COMTECHINFO SOLUTIONS PVT.LTD,1,0
Registrar General India Others,Computer LAB,2,3
Registrar General India Others,Eagle Software India Pvt. Ltd,2,0
Registrar General India Others,Karvy Data Management Services,3,0
Registrar General India Others,Madras Security Printers Ltd,39,3
Registrar General India Others,Om Softwares,1,0
Registrar General India Others,SWISSTECH NPR 57CR PROJECT PVT,4,0
Registrar General India Others,Swathy Smartcards Hi-Tech Pvt,7,63
Registrar General India Others,Vedavaag Systems Limited,1,1
Registrar General of India ITI,COMTECH INSTITUTE OFTECHNOLOGY,1406,39
Registrar General of India ITI,CSS TECHNERGY LIMITED,2368,38
Registrar General of India ITI,CommunitiWorks Welfare Society,66,12
Registrar General of India ITI,Eagle Software India Pvt. Ltd,7987,104
Registrar General of India ITI,Emdee Digitronics Pvt.Ltd.,15429,220
Registrar General of India ITI,In Media Computer Services LLP,67,5
Registrar General of India ITI,Karvy Data Management Services,8357,207
Registrar General of India ITI,Madras Security Printers Ltd,460,11
Registrar General of India ITI,Mphasis Ltd,895,25
Registrar General of India ITI,Multiwave Innovation,22,12
Registrar General of India ITI,Netlink software Pvt Ltd,2096,32
Registrar General of India ITI,Netwing Technologies Pvt Ltd,4,0
Registrar General of India ITI,Nielsen  India  Private Limited,10008,144
Registrar General of India ITI,Quick Data IT Services Pvt Ltd,21,0
Registrar General of India ITI,SREEVEN INFOCOM LIMITED,0,8
Registrar General of India ITI,STRATEGIC OUTSOURCING SERVICE,2213,13
Registrar General of India ITI,Satyanarayana Raju Company Pvt ltd,4356,29
Registrar General of India ITI,Swathy Smartcards Hi-Tech Pvt,3139,4129
Registrar General of India ITI,TechSmart India Pvt Ltd,11,2
Registrar General of India ITI,Urmila Info solution,235,1
Registrar General of India ITI,VIRGO SOFTECH LIMITED,3569,367
Registrar General of India ITI,Vedavaag Systems Limited,3808,355
Registrar General of India ITI,WEBEL TECHNOLOGY LIMITED,10923,209
Registrar General of India ITI,Webx Technologies Private Limited,116,0
State Bank of Bikaner & Jaipur,Multiwave Innovation,117,15
State Bank of Travancore,Tera Software Ltd,59,14
UIDAI-Registrar,UIDAI-EA,25,0
UT Of Daman and Diu,Alankit Assignments Limited,59,1
UT of Puducherry,Madras Security Printers Ltd,8,8
Union Bank,FINANCIAL INFORMATION NETWORK,13893,1535
Union Bank,Smart Chip Limited,11784,2335
Union Bank,Vakrangee Softwares Limited,20785,2051
