Registrar,Enrolment Agency,Aadhaar generated,Enrolment Rejected
Allahabad Bank,Vakrangee Softwares Limited,427,98
Bank Of India,A3 Logics  India  Ltd,2833,787
Bank Of India,Akanksha International,915,598
Bank Of India,Blue Circle Instrument,2430,629
Bank Of India,CHESSY CONSULTANTS PVT LTD,2951,381
Bank Of India,DATASOFT COMPUTER SERVICES(P),972,22
Bank Of India,Emdee Digitronics Pvt.Ltd.,664,52
Bank Of India,Frontech Systems Pvt Ltd,528,170
Bank Of India,ITI LIMITED,3,7
Bank Of India,MANTRA SOFTTECH (INDIA) PVTLTD,184,51
Bank Of India,Matrix Processing House,5610,284
Bank Of India,OSWAL COMPUTERS & CONSULTANTS,3620,716
Bank Of India,PROTEX COMPUTER PVT LTD,1217,70
Bank Of India,SARADA SYSTEMS,3247,215
Bank Of India,SHRIKRISHNA KHANDASARI SUGAR M,2646,87
Bank Of India,SPANCO,4236,87
Bank Of India,SREI INFRASTRUCTURE FINANCES L,6368,398
Bank Of India,Silver Touch Technologies Ltd,905,40
Bank Of India,Systematic & Advance Const P L,4399,232
Bank Of India,VEETECHNOLOGIES PVT. LTD,4150,801
Bank Of India,VIRGO SOFTECH LIMITED,2,0
Bank Of India,Vakrangee Softwares Limited,109,53
Bank of Baroda,DATASOFT COMPUTER SERVICES(P),3,0
Bank of Baroda,Global Finsol Private Limited,2306,76
Bank of Maharashtra,Alankit Finsec Ltd,191,43
Bank of Maharashtra,FINANCIAL INFORMATION NETWORK,700,147
Bank of Maharashtra,Micro Technologies India Ltd,499,17
Bank of Maharashtra,Tera Software Ltd,4153,59
CSC e-Governance Services India Limited,A I Soc for Electronics and Comp Tech,4955,255
CSC e-Governance Services India Limited,AKSH OPTIFIBRE LIMITED,1148,27
CSC e-Governance Services India Limited,BASIX,1397,138
CSC e-Governance Services India Limited,CALANCE SOFTWARE PRIVATE LTD,1588,379
CSC e-Governance Services India Limited,CMS Computers Ltd,5209,339
CSC e-Governance Services India Limited,CSC e-Governance Services India Limited,5717,1546
CSC e-Governance Services India Limited,Intelligent Communication Systems India Limited,185,13
CSC e-Governance Services India Limited,MANTRA SOFTTECH (INDIA) PVTLTD,2281,5
CSC e-Governance Services India Limited,Network for Information & Computer,1784,73
CSC e-Governance Services India Limited,Reliance Communication Limited,1129,58
CSC e-Governance Services India Limited,SPANCO,777,29
CSC e-Governance Services India Limited,Tera Software Ltd,107,3
CSC e-Governance Services India Limited,United Telecoms e-Services Pvt Ltd,502,20
CSC e-Governance Services India Limited,VIKALP MULTIMEDIA,328,53
CSC e-Governance Services India Limited,Vakrangee Softwares Limited,1834,63
CSC e-Governance Services India Limited,Zephyr System Pvt.Ltd.,1438,7
Canara Bank,Ojus Healthcare Private Limited,212,3
Central Bank of India,CALANCE SOFTWARE PRIVATE LTD,1590,398
Central Bank of India,Frontech Systems Pvt Ltd,1,4
Central Bank of India,IAP COMPANY Pvt. Ltd,7860,572
Central Bank of India,MANTRA SOFTTECH (INDIA) PVTLTD,165,13
Central Bank of India,The Peerless General Finance,1034,8
DENA BANK,ATISHAY INFOTECH PVT. LTD.,3062,236
DENA BANK,BNR UDYOG LIMITED,382,3
DENA BANK,Bloom Solutions Pvt Ltd,2534,440
DENA BANK,Business Information Processing Services,301,18
DENA BANK,CALANCE SOFTWARE PRIVATE LTD,1643,89
DENA BANK,DATASOFT COMPUTER SERVICES(P),619,145
DENA BANK,Gujarat Infotech Ltd.,494,1
DENA BANK,IAP COMPANY Pvt. Ltd,1667,0
DENA BANK,JNET Technologies Pvt.Ltd,1793,232
DENA BANK,K W Consulting P Ltd,1158,58
DENA BANK,Multiwave Innovation,3184,21
DENA BANK,Narayana Electricals Solution Pvt Ltd,784,69
DENA BANK,Netlink software Pvt Ltd,1202,20
DENA BANK,Ortem Securities Limited,1,21
DENA BANK,Prodigy Systems and Services Private Limited,252,288
DENA BANK,Soc for Advancement of Environ Science,278,9
DENA BANK,Super Printers,416,374
DENA BANK,Systematic & Advance Const P L,2167,13
DENA BANK,TechSmart India Pvt Ltd,2681,2023
DENA BANK,Tera Software Ltd,886,15
DENA BANK,WEBEL,153,65
Delhi - Central DC,Smart Chip Limited,261,35
Delhi - East DC,DATASOFT COMPUTER SERVICES(P),1161,1070
Delhi - ND DC,Smart Chip Limited,64,5
Delhi - NE DC,Smart Chip Limited,325,31
Delhi - North DC,CALANCE SOFTWARE PRIVATE LTD,990,1410
Delhi - North DC,DATASOFT COMPUTER SERVICES(P),0,1
Delhi - North DC,NVR & ASSOCIATES LIMITED,659,1274
Delhi - North DC,Smart Chip Limited,307,16
Delhi SW DC,VIRGO SOFTECH LIMITED,168,12
Delhi- South DC,Karvy Computershare Private Li,222,6
Delhi- South DC,Smart Chip Limited,117,17
Delhi- West DC,Smart Chip Limited,115,16
Delhi- West DC,VIRGO SOFTECH LIMITED,803,30
Delhi-NW DC,Karvy Computershare Private Li,354,278
Department of Information Technology Govt of Jharkhand,Blue Circle Instrument,355,392
Department of Information Technology Govt of Jharkhand,MKS Enterprises,668,40
Department of Information Technology Govt of Jharkhand,Systematic & Advance Const P L,31,1
Department of Information Technology Govt of Jharkhand,Vayam technologies Ltd,1,0
Department of Information Technology Govt of Jharkhand,Wipro Ltd,162,37
Dept of ITC Govt of Rajasthan,ATISHAY INFOTECH PVT. LTD.,2274,765
Dept of ITC Govt of Rajasthan,AVVAS INFOTECH PVT  LTD,3160,1261
Dept of ITC Govt of Rajasthan,Alankit Finsec Ltd,1647,519
Dept of ITC Govt of Rajasthan,Business Information Processing Services,1284,86
Dept of ITC Govt of Rajasthan,DATASOFT COMPUTER SERVICES(P),5330,1358
Dept of ITC Govt of Rajasthan,Gem Computers,541,158
Dept of ITC Govt of Rajasthan,MANTRA SOFTTECH (INDIA) PVTLTD,132,15
Dept of ITC Govt of Rajasthan,Multiwave Innovation,1570,45
Dept of ITC Govt of Rajasthan,Netlink software Pvt Ltd,1571,80
Dept of ITC Govt of Rajasthan,TechSmart India Pvt Ltd,1961,403
Dept of ITC Govt of Rajasthan,Transline Technologies P Ltd,3084,220
Dept of ITC Govt of Rajasthan,VIRGO SOFTECH LIMITED,847,66
Dept of ITC Govt of Rajasthan,Vakrangee Softwares Limited,5868,1145
Dept of ITC Govt of Rajasthan,Vayam technologies Ltd,2294,277
FCR Govt of Haryana,4G INFORMATICS,700,294
FCR Govt of Haryana,Radiant Info Systems Ltd,209,101
FCR Govt of Haryana,Vakrangee Softwares Limited,31,13
FCR Govt of Haryana,Vayam technologies Ltd,850,21
FCS Govt of Punjab,CSS TECHNERGY LIMITED,148,3
FCS Govt of Punjab,District Sukhmani Society Amritsar Punjab,5,0
FCS Govt of Punjab,District Sukhmani Society Barnala Punjab,2,0
FCS Govt of Punjab,District Sukhmani Society Ferozepur Punjab,12,0
FCS Govt of Punjab,District Sukhmani Society For Citizen Services Mansa Punjab,1,0
FCS Govt of Punjab,District Sukhmani Society For Citizen Services Nawanshahr Punjab,4,3
FCS Govt of Punjab,Karvy Computershare Private Li,7901,996
FCS Govt of Punjab,Sukhmani Society For Citizens Services Faridkot Punjab,3,1
FCS Govt of Punjab,Suwidha Society Hoshiarpur Punjab,1,0
FCS Govt of Punjab,Vayam technologies Ltd,1562,702
FCS Govt of Punjab,eCentric solutions pvt ltd,7288,2891
Govt of Andhra Pradesh,Gouthami Educational Society,408,655
Govt of Andhra Pradesh,GrapeSoft,1565,317
Govt of Andhra Pradesh,INFRONICS SYSTEMS LTD,364,189
Govt of Andhra Pradesh,SREEVEN INFOCOM LIMITED,396,83
Govt of Andhra Pradesh,TechSmart India Pvt Ltd,583,1208
Govt of Andhra Pradesh,Tera Software Ltd,771,280
Govt of Goa,COMAT TECHNOLOGIES P LTD,0,117
Govt of Goa,MARS Telecom Systems Pvt Ltd,76,1
Govt of Gujarat,GSS Infotech Ltd,4540,37
Govt of Gujarat,Karvy Computershare Private Li,16665,499
Govt of Gujarat,Silver Touch Technologies Ltd,16761,726
Govt of Gujarat,Tera Software Ltd,5064,71
Govt of Gujarat,Transline Technologies P Ltd,1665,53
Govt of Gujarat,Vayam technologies Ltd,6970,566
Govt of Gujarat,eCentric solutions pvt ltd,6759,230
Govt of Himachal Pradesh,Wipro Ltd,658,346
Govt of Himachal Pradesh,i-Grandee SoftwareTechnologies,1130,1205
Govt of Karnataka ,BNR UDYOG LIMITED,597,21
Govt of Karnataka ,Bloom Solutions Pvt Ltd,2038,183
Govt of Karnataka ,GLODYNE TECHNOSERVE,1,0
Govt of Karnataka ,MARS Telecom Systems Pvt Ltd,6308,82
Govt of Karnataka ,Ninestars Information Technologies Ltd,2724,485
Govt of Karnataka ,Om Softwares,75,3
Govt of Karnataka ,Origin ITFS Pvt Ltd,8866,1457
Govt of Karnataka ,Radiant Info Systems Ltd,105,13
Govt of Karnataka ,SREEVEN INFOCOM LIMITED,7649,447
Govt of Kerala,Akshaya,4625,3909
Govt of Kerala,Keltron,410,1507
Govt of Madhya Pradesh,VIRGO SOFTECH LIMITED,4,0
Govt of Maharashtra,Adcc Infocad Pvt.Ltd Nagpur,8,0
Govt of Maharashtra,Alankit Assignments Limited,1,1
Govt of Maharashtra,Alankit Finsec Ltd,618,722
Govt of Maharashtra,Bharat Technical Solutions Private Limited,235,7
Govt of Maharashtra,Eagle press pvt ltd,217,6
Govt of Maharashtra,GLODYNE TECHNOSERVE,121,19
Govt of Maharashtra,Global Finsol Private Limited,714,2
Govt of Maharashtra,Karvy Computershare Private Li,4238,1088
Govt of Maharashtra,M/S King Computer System pvt Ltd,275,0
Govt of Maharashtra,M/s. Vidya Online  Pune,205,54
Govt of Maharashtra,Mahaonline Limited,1,0
Govt of Maharashtra,Narayana Electricals Solution Pvt Ltd,612,183
Govt of Maharashtra,Netlink software Pvt Ltd,2050,296
Govt of Maharashtra,Network for Information & Computer,7,1
Govt of Maharashtra,Obel projects Pvt Ltd,0,2
Govt of Maharashtra,Rudranee Infotech Ltd,561,93
Govt of Maharashtra,SETU MAHARASHTRA,1158,134
Govt of Maharashtra,SHREERAM PRINTING PRESS,360,14
Govt of Maharashtra,SPANCO,2233,16
Govt of Maharashtra,STRATEGIC OUTSOURCING SERVICE,986,60
Govt of Maharashtra,Silver Touch Technologies Ltd,2553,321
Govt of Maharashtra,Systematic & Advance Const P L,97,5
Govt of Maharashtra,TechSmart India Pvt Ltd,734,449
Govt of Maharashtra,Tera Software Ltd,16,4
Govt of Maharashtra,Transline Technologies P Ltd,765,52
Govt of Maharashtra,Wipro Ltd,1545,509
Govt of Sikkim - Dept of Econo,Department of Economics Statistics  Monitoring and Evaluation DESME,68,57
IDBI Bank ltd,ATISHAY INFOTECH PVT. LTD.,666,545
IDBI Bank ltd,Matrix Processing House,403,4
IDBI Bank ltd,SREEVEN INFOCOM LIMITED,3168,89
IDBI Bank ltd,UTI TECHNOLOGY SERVICES LIMITE,1328,32
Indiapost,Delhi Integrated MMTS Ltd,5543,437
Indiapost,GLODYNE TECHNOSERVE,0,1
Indiapost,Global Finsol Private Limited,3393,287
Indiapost,M/S STAR DATA CENTRE,185,84
Indiapost,MARS Telecom Systems Pvt Ltd,353,47
Indiapost,Smart Chip Limited,177,310
Indiapost,Vayam technologies Ltd,96,196
Indiapost,WEBEL,206,25
Information Technology & Communication Department,4G INFORMATICS,2850,1247
Information Technology & Communication Department,BNR UDYOG LIMITED,380,126
Information Technology & Communication Department,Bloom Solutions Pvt Ltd,727,304
Information Technology & Communication Department,CSS TECHNERGY LIMITED,285,60
Information Technology & Communication Department,Directorate of ESD,199,4
Information Technology & Communication Department,GDC Advertising Pvt. Limited,80,31
Information Technology & Communication Department,JYOTHI COMPUTER SERVICES,1377,478
Information Technology & Communication Department,Karvy Data Management Services,649,75
Information Technology & Communication Department,MARS Telecom Systems Pvt Ltd,525,34
Information Technology & Communication Department,SREEVEN INFOCOM LIMITED,1660,68
Information Technology & Communication Department,Tera Software Ltd,1772,191
Jharkhand,Alankit Assignments Limited,1,5
Jharkhand,Blue Circle Instrument,12,46
Jharkhand,Emdee Digitronics Pvt.Ltd.,1166,536
Jharkhand,MKS Enterprises,715,62
Jharkhand,Nevaeh Technology Pvt. Ltd.,1853,30
Jharkhand,STRATEGIC OUTSOURCING SERVICE,19,5
Jharkhand,Smart Chip Limited,391,105
Jharkhand,Smart ID,1,0
Jharkhand,Systematic & Advance Const P L,1099,30
Jharkhand,VISION COMPTECH INTEGRATOR LTD,2159,76
Jharkhand,Wipro Ltd,4109,498
Mission Convergence - GNCT Del,Karvy Computershare Private Li,187,0
Mission Convergence - GNCT Del,NVR & ASSOCIATES LIMITED,156,304
NSDL e-Governance Infrastructure Limited,Abhipra Capital Ltd,1255,68
NSDL e-Governance Infrastructure Limited,Alankit Assignments Limited,7382,3917
NSDL e-Governance Infrastructure Limited,Alankit Finsec Ltd,128,0
NSDL e-Governance Infrastructure Limited,Delhi Integrated MMTS Ltd,360,48
NSDL e-Governance Infrastructure Limited,Global Finsol Private Limited,168,13
NSDL e-Governance Infrastructure Limited,INTEGRATED REGISTRY SERVICES LTD,45,2
NSDL e-Governance Infrastructure Limited,Karvy Consultants Limited,19,0
NSDL e-Governance Infrastructure Limited,Karvy Data Management Services,14619,2663
NSDL e-Governance Infrastructure Limited,Netlink software Pvt Ltd,4493,1098
NSDL e-Governance Infrastructure Limited,PROWIZ MANSYTEMS PVT LTD,5260,831
NSDL e-Governance Infrastructure Limited,Promind Solutions P Limited,2429,83
NSDL e-Governance Infrastructure Limited,VIRGO SOFTECH LIMITED,6724,289
Oriental Bank of Commerce,DATASOFT COMPUTER SERVICES(P),765,230
Oriental Bank of Commerce,Euro Finmart Ltd,92,1
Oriental Bank of Commerce,FINANCIAL INFORMATION NETWORK,0,4
Oriental Bank of Commerce,JNET Technologies Pvt.Ltd,899,213
Oriental Bank of Commerce,Redim Software Technologies Pvt Ltd,459,30
Oriental Bank of Commerce,Sri Ramraja Sarkar Lok Kalyan Trust,5980,573
Oriental Bank of Commerce,Wipro Ltd,5448,588
Others,Others,0,1
Principal Revenue Commissioner  Dept of Revenue  Govt of MP,Frontech Systems Pvt Ltd,504,6
Principal Revenue Commissioner  Dept of Revenue  Govt of MP,GDC Advertising Pvt. Limited,497,6
Principal Revenue Commissioner  Dept of Revenue  Govt of MP,K W Consulting P Ltd,605,82
Principal Revenue Commissioner  Dept of Revenue  Govt of MP,LYRA  CONSULTANCY SERVICE,303,1
Principal Revenue Commissioner  Dept of Revenue  Govt of MP,Netlink software Pvt Ltd,506,107
Principal Revenue Commissioner  Dept of Revenue  Govt of MP,OSWAL COMPUTERS & CONSULTANTS,675,52
Principal Revenue Commissioner  Dept of Revenue  Govt of MP,Tera Software Ltd,258,3
Principal Revenue Commissioner  Dept of Revenue  Govt of MP,The NSIC ltd,381,2
Principal Revenue Commissioner  Dept of Revenue  Govt of MP,Vedavaag Systems Limited,52,7
Registrar General India - BEL,Manipur Electronics Dev Corp,328,4
Registrar General India - BEL,Swathy Smartcards Hi-Tech Pvt,2,9
Registrar General India BEL2,Alankit Assignments Limited,82,49
Registrar General India BEL2,Computer LAB,5670,597
Registrar General India BEL2,Emdee Digitronics Pvt.Ltd.,2450,75
Registrar General India BEL2,In Media Computer Services LLP,50,5
Registrar General India BEL2,India Computer Technology,13159,808
Registrar General India BEL2,MACRO INFOTECH PVT LTD,13778,495
Registrar General India BEL2,MKS Enterprises,13,0
Registrar General India BEL2,Madras Security Printers Ltd,47605,1538
Registrar General India BEL2,Manipur Electronics Dev Corp,781,144
Registrar General India BEL2,Multiwave Innovation,917,8
Registrar General India BEL2,NVR & ASSOCIATES LIMITED,164,25
Registrar General India BEL2,Netlink software Pvt Ltd,993,453
Registrar General India BEL2,Nevaeh Technology Pvt. Ltd.,1468,5
Registrar General India BEL2,Nielsen  India  Private Limited,749,714
Registrar General India BEL2,Om Softwares,4888,2155
Registrar General India BEL2,SREEVEN INFOCOM LIMITED,26,1
Registrar General India BEL2,STRATEGIC OUTSOURCING SERVICE,2996,43
Registrar General India BEL2,Satyanarayana Raju Company Pvt ltd,757,7
Registrar General India BEL2,Swathy Smartcards Hi-Tech Pvt,47992,6665
Registrar General India BEL2,Swiss Tech India Pvt Ltd,705,39
Registrar General India BEL2,Tera Software Ltd,2946,545
Registrar General India BEL2,UNITED DATA SERVICES PRIVATE LIMITED,5607,476
Registrar General India BEL2,VIRGO SOFTECH LIMITED,650,131
Registrar General India BEL2,Vansh Infotech Pvt Ltd,1357,41
Registrar General India BEL2,Vedavaag Systems Limited,1476,80
Registrar General India BEL2,Viesa Technologies,145,8
Registrar General India BEL2,WEBEL,192,0
Registrar General India ECIL,AVVAS INFOTECH PVT  LTD,3973,420
Registrar General India ECIL,BUSINESS INFORMATION PROCESSING SERVICES,326,0
Registrar General India ECIL,COMTECH INSTITUTE OFTECHNOLOGY,4369,1482
Registrar General India ECIL,COMTECHINFO SOLUTIONS PVT.LTD,2136,29
Registrar General India ECIL,Chinar Construction Company Prime agency,607,9
Registrar General India ECIL,Clairvoyance Technologies Pvt.,12,12
Registrar General India ECIL,Computer LAB,31880,12618
Registrar General India ECIL,Eagle Software India Pvt. Ltd,18541,2907
Registrar General India ECIL,Esoft Consulting Limited,268,6
Registrar General India ECIL,In Media Computer Services LLP,2245,236
Registrar General India ECIL,India Computer Technology,30369,4017
Registrar General India ECIL,Karvy Data Management Services,9288,565
Registrar General India ECIL,Krishna Infotech,926,514
Registrar General India ECIL,Madras Security Printers Ltd,30185,5080
Registrar General India ECIL,Mphasis Ltd,4882,720
Registrar General India ECIL,Netwing Technologies Pvt Ltd,84,0
Registrar General India ECIL,Nielsen  India  Private Limited,763,1
Registrar General India ECIL,Pioneer E Labs limited,281,32
Registrar General India ECIL,Quick Data IT Services Pvt Ltd,257,0
Registrar General India ECIL,SARADA SYSTEMS,6089,5
Registrar General India ECIL,SWISSTECH NPR 57CR PROJECT PVT,1860,1299
Registrar General India ECIL,Tera Software Ltd,6880,154
Registrar General India ECIL,Vedavaag Systems Limited,1751,918
Registrar General India Others,AVVAS INFOTECH PVT  LTD,8,3
Registrar General India Others,COMTECH INSTITUTE OFTECHNOLOGY,5,0
Registrar General India Others,Computer LAB,7,1
Registrar General India Others,Eagle Software India Pvt. Ltd,5,1
Registrar General India Others,Karvy Data Management Services,5,2
Registrar General India Others,Madras Security Printers Ltd,145,91
Registrar General India Others,Mphasis Ltd,0,2
Registrar General India Others,Nielsen  India  Private Limited,1,1
Registrar General India Others,STRATEGIC OUTSOURCING SERVICE,1,0
Registrar General India Others,SWISSTECH NPR 57CR PROJECT PVT,0,1
Registrar General India Others,Swathy Smartcards Hi-Tech Pvt,2,4
Registrar General India Others,Vansh Infotech Pvt Ltd,1,5
Registrar General India Others,Vedavaag Systems Limited,9,4
Registrar General India Others,WEBEL TECHNOLOGY LIMITED,2,0
Registrar General of India ITI,COMTECH INSTITUTE OFTECHNOLOGY,1587,2
Registrar General of India ITI,CSS TECHNERGY LIMITED,448,11
Registrar General of India ITI,CommunitiWorks Welfare Society,751,73
Registrar General of India ITI,Eagle Software India Pvt. Ltd,5096,765
Registrar General of India ITI,Emdee Digitronics Pvt.Ltd.,20636,1815
Registrar General of India ITI,In Media Computer Services LLP,260,5
Registrar General of India ITI,Karvy Data Management Services,3671,198
Registrar General of India ITI,Madras Security Printers Ltd,1545,20
Registrar General of India ITI,Mphasis Ltd,726,28
Registrar General of India ITI,Multiwave Innovation,9,1
Registrar General of India ITI,Netlink software Pvt Ltd,1034,56
Registrar General of India ITI,Netwing Technologies Pvt Ltd,15,0
Registrar General of India ITI,Nielsen  India  Private Limited,1131,12
Registrar General of India ITI,Quick Data IT Services Pvt Ltd,11,0
Registrar General of India ITI,SREEVEN INFOCOM LIMITED,6,14
Registrar General of India ITI,STRATEGIC OUTSOURCING SERVICE,1097,27
Registrar General of India ITI,Satyanarayana Raju Company Pvt ltd,479,18
Registrar General of India ITI,Swathy Smartcards Hi-Tech Pvt,3018,3781
Registrar General of India ITI,TechSmart India Pvt Ltd,12,17
Registrar General of India ITI,Urmila Info solution,149,0
Registrar General of India ITI,VIRGO SOFTECH LIMITED,716,20
Registrar General of India ITI,Vedavaag Systems Limited,2485,41
Registrar General of India ITI,WEBEL TECHNOLOGY LIMITED,3338,66
Registrar General of India ITI,Webx Technologies Private Limited,219,1
STATE BANK OF HYDERABAD,CSS TECHNERGY LIMITED,0,1
State Bank of Bikaner & Jaipur,Multiwave Innovation,559,239
State Bank of India,CSS TECHNERGY LIMITED,0,1
State Bank of Travancore,Tera Software Ltd,124,3
UIDAI-Registrar,UIDAI-EA,22,17
UT Of Daman and Diu,Alankit Assignments Limited,23,42
UT of Puducherry,Madras Security Printers Ltd,59,146
Union Bank,FINANCIAL INFORMATION NETWORK,27781,4920
Union Bank,Smart Chip Limited,13348,1338
Union Bank,Vakrangee Softwares Limited,20523,2567
