Registrar,Enrolment Agency,Aadhaar generated,Enrolment Rejected
Allahabad Bank,Vakrangee Softwares Limited,161,135
Bank Of India,A3 Logics  India  Ltd,2404,308
Bank Of India,Akanksha International,493,36
Bank Of India,Blue Circle Instrument,1519,47
Bank Of India,CHESSY CONSULTANTS PVT LTD,739,36
Bank Of India,DATASOFT COMPUTER SERVICES(P),557,28
Bank Of India,Emdee Digitronics Pvt.Ltd.,382,12
Bank Of India,Frontech Systems Pvt Ltd,304,57
Bank Of India,ITI LIMITED,0,1
Bank Of India,MANTRA SOFTTECH (INDIA) PVTLTD,152,19
Bank Of India,Matrix Processing House,4341,527
Bank Of India,OSWAL COMPUTERS & CONSULTANTS,2347,218
Bank Of India,PROTEX COMPUTER PVT LTD,696,108
Bank Of India,SARADA SYSTEMS,1899,97
Bank Of India,SHRIKRISHNA KHANDASARI SUGAR M,2632,229
Bank Of India,SPANCO,3626,134
Bank Of India,SREI INFRASTRUCTURE FINANCES L,5693,415
Bank Of India,Silver Touch Technologies Ltd,341,47
Bank Of India,Systematic & Advance Const P L,4878,333
Bank Of India,VEETECHNOLOGIES PVT. LTD,2686,313
Bank Of India,Vakrangee Softwares Limited,107,29
Bank of Baroda,DATASOFT COMPUTER SERVICES(P),4,0
Bank of Baroda,Global Finsol Private Limited,1862,172
Bank of Maharashtra,Alankit Finsec Ltd,220,42
Bank of Maharashtra,FINANCIAL INFORMATION NETWORK,514,44
Bank of Maharashtra,Micro Technologies India Ltd,437,32
Bank of Maharashtra,Tera Software Ltd,2701,136
CSC e-Governance Services India Limited,A I Soc for Electronics and Comp Tech,5323,526
CSC e-Governance Services India Limited,AKSH OPTIFIBRE LIMITED,1782,113
CSC e-Governance Services India Limited,BASIX,2618,210
CSC e-Governance Services India Limited,CALANCE SOFTWARE PRIVATE LTD,1136,249
CSC e-Governance Services India Limited,CMS Computers Ltd,10480,359
CSC e-Governance Services India Limited,CSC e-Governance Services India Limited,2152,212
CSC e-Governance Services India Limited,Intelligent Communication Systems India Limited,473,17
CSC e-Governance Services India Limited,MANTRA SOFTTECH (INDIA) PVTLTD,1584,31
CSC e-Governance Services India Limited,Network for Information & Computer,1644,82
CSC e-Governance Services India Limited,Reliance Communication Limited,1564,84
CSC e-Governance Services India Limited,SPANCO,658,75
CSC e-Governance Services India Limited,Tera Software Ltd,112,2
CSC e-Governance Services India Limited,United Telecoms e-Services Pvt Ltd,1343,265
CSC e-Governance Services India Limited,VIKALP MULTIMEDIA,241,31
CSC e-Governance Services India Limited,Vakrangee Softwares Limited,990,94
CSC e-Governance Services India Limited,Zephyr System Pvt.Ltd.,558,24
Canara Bank,Ojus Healthcare Private Limited,49,3
Central Bank of India,CALANCE SOFTWARE PRIVATE LTD,1160,190
Central Bank of India,IAP COMPANY Pvt. Ltd,4273,287
Central Bank of India,MANTRA SOFTTECH (INDIA) PVTLTD,172,3
Central Bank of India,The Peerless General Finance,937,36
DENA BANK,ATISHAY INFOTECH PVT. LTD.,2482,44
DENA BANK,BNR UDYOG LIMITED,287,4
DENA BANK,Bloom Solutions Pvt Ltd,3939,482
DENA BANK,Business Information Processing Services,637,34
DENA BANK,CALANCE SOFTWARE PRIVATE LTD,867,43
DENA BANK,DATASOFT COMPUTER SERVICES(P),300,14
DENA BANK,Gujarat Infotech Ltd.,379,0
DENA BANK,IAP COMPANY Pvt. Ltd,439,7
DENA BANK,JNET Technologies Pvt.Ltd,1508,144
DENA BANK,K W Consulting P Ltd,959,81
DENA BANK,Multiwave Innovation,1717,60
DENA BANK,Narayana Electricals Solution Pvt Ltd,697,41
DENA BANK,Netlink software Pvt Ltd,999,22
DENA BANK,Ortem Securities Limited,0,1
DENA BANK,Prodigy Systems and Services Private Limited,426,61
DENA BANK,Soc for Advancement of Environ Science,184,25
DENA BANK,Super Printers,188,35
DENA BANK,Systematic & Advance Const P L,2024,25
DENA BANK,TechSmart India Pvt Ltd,2066,405
DENA BANK,Tera Software Ltd,497,40
DENA BANK,WEBEL,152,5
Delhi - Central DC,Smart Chip Limited,236,46
Delhi - East DC,DATASOFT COMPUTER SERVICES(P),430,88
Delhi - ND DC,Smart Chip Limited,81,22
Delhi - NE DC,Smart Chip Limited,184,27
Delhi - North DC,CALANCE SOFTWARE PRIVATE LTD,604,338
Delhi - North DC,NVR & ASSOCIATES LIMITED,296,138
Delhi - North DC,Smart Chip Limited,214,13
Delhi SW DC,VIRGO SOFTECH LIMITED,94,30
Delhi- South DC,Karvy Computershare Private Li,97,12
Delhi- South DC,Smart Chip Limited,115,4
Delhi- West DC,Smart Chip Limited,40,23
Delhi- West DC,VIRGO SOFTECH LIMITED,342,142
Delhi-NW DC,Karvy Computershare Private Li,153,40
Department of Information Technology Govt of Jharkhand,Blue Circle Instrument,431,93
Department of Information Technology Govt of Jharkhand,MKS Enterprises,740,62
Department of Information Technology Govt of Jharkhand,Systematic & Advance Const P L,6,0
Department of Information Technology Govt of Jharkhand,Vayam technologies Ltd,2,2
Department of Information Technology Govt of Jharkhand,Wipro Ltd,233,26
Dept of ITC Govt of Rajasthan,ATISHAY INFOTECH PVT. LTD.,3482,377
Dept of ITC Govt of Rajasthan,AVVAS INFOTECH PVT  LTD,5034,550
Dept of ITC Govt of Rajasthan,Alankit Finsec Ltd,1506,126
Dept of ITC Govt of Rajasthan,Business Information Processing Services,993,39
Dept of ITC Govt of Rajasthan,DATASOFT COMPUTER SERVICES(P),4264,290
Dept of ITC Govt of Rajasthan,Gem Computers,1296,43
Dept of ITC Govt of Rajasthan,MANTRA SOFTTECH (INDIA) PVTLTD,43,0
Dept of ITC Govt of Rajasthan,Multiwave Innovation,2702,107
Dept of ITC Govt of Rajasthan,Netlink software Pvt Ltd,1203,135
Dept of ITC Govt of Rajasthan,TechSmart India Pvt Ltd,1213,58
Dept of ITC Govt of Rajasthan,Transline Technologies P Ltd,3463,173
Dept of ITC Govt of Rajasthan,VIRGO SOFTECH LIMITED,463,64
Dept of ITC Govt of Rajasthan,Vakrangee Softwares Limited,6193,1268
Dept of ITC Govt of Rajasthan,Vayam technologies Ltd,2395,174
FCR Govt of Haryana,4G INFORMATICS,388,26
FCR Govt of Haryana,Radiant Info Systems Ltd,162,4
FCR Govt of Haryana,Vakrangee Softwares Limited,21,9
FCR Govt of Haryana,Vayam technologies Ltd,653,81
FCS Govt of Punjab,CSS TECHNERGY LIMITED,20,16
FCS Govt of Punjab,District Sukhmani Society Amritsar Punjab,14,1
FCS Govt of Punjab,District Sukhmani Society Barnala Punjab,10,4
FCS Govt of Punjab,District Sukhmani Society Fatehgarh Sahib Punjab,0,8
FCS Govt of Punjab,District Sukhmani Society Ferozepur Punjab,34,3
FCS Govt of Punjab,District Sukhmani Society For Citizen Services Nawanshahr Punjab,10,1
FCS Govt of Punjab,Karvy Computershare Private Li,2170,276
FCS Govt of Punjab,Sukhmani Society For Citizens Services Faridkot Punjab,3,0
FCS Govt of Punjab,Suwidha Society Hoshiarpur Punjab,20,0
FCS Govt of Punjab,Vayam technologies Ltd,2314,420
FCS Govt of Punjab,eCentric solutions pvt ltd,2587,286
Govt of Andhra Pradesh,Gouthami Educational Society,180,96
Govt of Andhra Pradesh,GrapeSoft,326,136
Govt of Andhra Pradesh,IL&FS LTD,0,2
Govt of Andhra Pradesh,INFRONICS SYSTEMS LTD,443,100
Govt of Andhra Pradesh,Madras Security Printers Ltd,0,1
Govt of Andhra Pradesh,SREEVEN INFOCOM LIMITED,273,51
Govt of Andhra Pradesh,TechSmart India Pvt Ltd,731,363
Govt of Andhra Pradesh,Tera Software Ltd,812,87
Govt of Goa,MARS Telecom Systems Pvt Ltd,42,6
Govt of Gujarat,GSS Infotech Ltd,1939,84
Govt of Gujarat,Karvy Computershare Private Li,6070,149
Govt of Gujarat,Silver Touch Technologies Ltd,12866,886
Govt of Gujarat,Tera Software Ltd,7596,158
Govt of Gujarat,Transline Technologies P Ltd,1916,45
Govt of Gujarat,Vayam technologies Ltd,6303,135
Govt of Gujarat,eCentric solutions pvt ltd,5938,77
Govt of Himachal Pradesh,Wipro Ltd,214,89
Govt of Himachal Pradesh,i-Grandee SoftwareTechnologies,299,117
Govt of Karnataka ,BNR UDYOG LIMITED,504,54
Govt of Karnataka ,Bloom Solutions Pvt Ltd,1328,113
Govt of Karnataka ,MARS Telecom Systems Pvt Ltd,1948,189
Govt of Karnataka ,Ninestars Information Technologies Ltd,1443,179
Govt of Karnataka ,Om Softwares,42,0
Govt of Karnataka ,Origin ITFS Pvt Ltd,12615,1232
Govt of Karnataka ,Radiant Info Systems Ltd,41,0
Govt of Karnataka ,SREEVEN INFOCOM LIMITED,8615,430
Govt of Kerala,Akshaya,4821,413
Govt of Kerala,Keltron,282,53
Govt of Madhya Pradesh,VIRGO SOFTECH LIMITED,2,0
Govt of Maharashtra,Adcc Infocad Pvt.Ltd Nagpur,17,0
Govt of Maharashtra,Alankit Finsec Ltd,848,149
Govt of Maharashtra,Bharat Technical Solutions Private Limited,335,2
Govt of Maharashtra,Eagle press pvt ltd,113,39
Govt of Maharashtra,GLODYNE TECHNOSERVE,11,0
Govt of Maharashtra,Global Finsol Private Limited,273,15
Govt of Maharashtra,Karvy Computershare Private Li,2088,159
Govt of Maharashtra,M/S King Computer System pvt Ltd,194,3
Govt of Maharashtra,M/s. Vidya Online  Pune,108,39
Govt of Maharashtra,Narayana Electricals Solution Pvt Ltd,409,34
Govt of Maharashtra,Netlink software Pvt Ltd,1200,289
Govt of Maharashtra,Network for Information & Computer,16,0
Govt of Maharashtra,Rudranee Infotech Ltd,635,76
Govt of Maharashtra,SETU MAHARASHTRA,647,16
Govt of Maharashtra,SHREERAM PRINTING PRESS,309,30
Govt of Maharashtra,SPANCO,1264,51
Govt of Maharashtra,STRATEGIC OUTSOURCING SERVICE,710,151
Govt of Maharashtra,Silver Touch Technologies Ltd,2696,113
Govt of Maharashtra,Systematic & Advance Const P L,111,15
Govt of Maharashtra,TechSmart India Pvt Ltd,627,44
Govt of Maharashtra,Tera Software Ltd,46,5
Govt of Maharashtra,Transline Technologies P Ltd,362,73
Govt of Maharashtra,Wipro Ltd,1490,77
Govt of Sikkim - Dept of Econo,Department of Economics Statistics  Monitoring and Evaluation DESME,33,17
IDBI Bank ltd,ATISHAY INFOTECH PVT. LTD.,478,138
IDBI Bank ltd,Matrix Processing House,166,21
IDBI Bank ltd,SREEVEN INFOCOM LIMITED,1619,279
IDBI Bank ltd,UTI TECHNOLOGY SERVICES LIMITE,1189,34
Indiapost,Delhi Integrated MMTS Ltd,5210,335
Indiapost,GLODYNE TECHNOSERVE,0,1
Indiapost,Global Finsol Private Limited,3479,104
Indiapost,M/S STAR DATA CENTRE,131,13
Indiapost,MARS Telecom Systems Pvt Ltd,459,85
Indiapost,Smart Chip Limited,161,13
Indiapost,Vayam technologies Ltd,113,74
Indiapost,WEBEL,205,33
Information Technology & Communication Department,4G INFORMATICS,2349,447
Information Technology & Communication Department,BNR UDYOG LIMITED,435,76
Information Technology & Communication Department,Bloom Solutions Pvt Ltd,1221,209
Information Technology & Communication Department,CSS TECHNERGY LIMITED,168,61
Information Technology & Communication Department,Directorate of ESD,492,50
Information Technology & Communication Department,GDC Advertising Pvt. Limited,29,15
Information Technology & Communication Department,JYOTHI COMPUTER SERVICES,923,330
Information Technology & Communication Department,Karvy Data Management Services,949,19
Information Technology & Communication Department,MARS Telecom Systems Pvt Ltd,965,133
Information Technology & Communication Department,SREEVEN INFOCOM LIMITED,716,173
Information Technology & Communication Department,Tera Software Ltd,1656,315
Jharkhand,Alankit Assignments Limited,0,6
Jharkhand,Blue Circle Instrument,32,19
Jharkhand,Emdee Digitronics Pvt.Ltd.,1131,212
Jharkhand,MKS Enterprises,1307,134
Jharkhand,Nevaeh Technology Pvt. Ltd.,1373,71
Jharkhand,STRATEGIC OUTSOURCING SERVICE,50,4
Jharkhand,Smart Chip Limited,91,13
Jharkhand,Systematic & Advance Const P L,1267,77
Jharkhand,VISION COMPTECH INTEGRATOR LTD,1320,241
Jharkhand,Wipro Ltd,5419,736
Mission Convergence - GNCT Del,Karvy Computershare Private Li,25,9
Mission Convergence - GNCT Del,NVR & ASSOCIATES LIMITED,72,34
NSDL e-Governance Infrastructure Limited,Abhipra Capital Ltd,1091,108
NSDL e-Governance Infrastructure Limited,Alankit Assignments Limited,5005,419
NSDL e-Governance Infrastructure Limited,Alankit Finsec Ltd,85,0
NSDL e-Governance Infrastructure Limited,Delhi Integrated MMTS Ltd,206,16
NSDL e-Governance Infrastructure Limited,Global Finsol Private Limited,141,10
NSDL e-Governance Infrastructure Limited,INTEGRATED REGISTRY SERVICES LTD,49,0
NSDL e-Governance Infrastructure Limited,Karvy Consultants Limited,5,0
NSDL e-Governance Infrastructure Limited,Karvy Data Management Services,13623,1017
NSDL e-Governance Infrastructure Limited,Netlink software Pvt Ltd,5500,241
NSDL e-Governance Infrastructure Limited,PROWIZ MANSYTEMS PVT LTD,5706,131
NSDL e-Governance Infrastructure Limited,Promind Solutions P Limited,873,45
NSDL e-Governance Infrastructure Limited,VIRGO SOFTECH LIMITED,4277,155
Oriental Bank of Commerce,DATASOFT COMPUTER SERVICES(P),771,69
Oriental Bank of Commerce,Euro Finmart Ltd,98,5
Oriental Bank of Commerce,JNET Technologies Pvt.Ltd,895,191
Oriental Bank of Commerce,Redim Software Technologies Pvt Ltd,341,38
Oriental Bank of Commerce,Sri Ramraja Sarkar Lok Kalyan Trust,4680,454
Oriental Bank of Commerce,Wipro Ltd,4414,301
Others,Others,0,1
Principal Revenue Commissioner  Dept of Revenue  Govt of MP,Frontech Systems Pvt Ltd,280,8
Principal Revenue Commissioner  Dept of Revenue  Govt of MP,GDC Advertising Pvt. Limited,141,13
Principal Revenue Commissioner  Dept of Revenue  Govt of MP,K W Consulting P Ltd,1923,171
Principal Revenue Commissioner  Dept of Revenue  Govt of MP,LYRA  CONSULTANCY SERVICE,129,19
Principal Revenue Commissioner  Dept of Revenue  Govt of MP,Netlink software Pvt Ltd,339,30
Principal Revenue Commissioner  Dept of Revenue  Govt of MP,OSWAL COMPUTERS & CONSULTANTS,786,54
Principal Revenue Commissioner  Dept of Revenue  Govt of MP,Tera Software Ltd,148,10
Principal Revenue Commissioner  Dept of Revenue  Govt of MP,The NSIC ltd,219,17
Principal Revenue Commissioner  Dept of Revenue  Govt of MP,Vedavaag Systems Limited,147,10
Registrar General India - BEL,Manipur Electronics Dev Corp,2349,47
Registrar General India - BEL,Swathy Smartcards Hi-Tech Pvt,0,4
Registrar General India BEL2,Alankit Assignments Limited,40,10
Registrar General India BEL2,Computer LAB,3130,423
Registrar General India BEL2,Emdee Digitronics Pvt.Ltd.,1591,36
Registrar General India BEL2,In Media Computer Services LLP,92,3
Registrar General India BEL2,India Computer Technology,10687,2371
Registrar General India BEL2,MACRO INFOTECH PVT LTD,4912,396
Registrar General India BEL2,MKS Enterprises,4,0
Registrar General India BEL2,Madras Security Printers Ltd,26305,2289
Registrar General India BEL2,Manipur Electronics Dev Corp,807,11
Registrar General India BEL2,Multiwave Innovation,591,75
Registrar General India BEL2,NVR & ASSOCIATES LIMITED,40,15
Registrar General India BEL2,Netlink software Pvt Ltd,1193,51
Registrar General India BEL2,Nevaeh Technology Pvt. Ltd.,1203,19
Registrar General India BEL2,Nielsen  India  Private Limited,1187,194
Registrar General India BEL2,Om Softwares,6692,1402
Registrar General India BEL2,SREEVEN INFOCOM LIMITED,4,0
Registrar General India BEL2,STRATEGIC OUTSOURCING SERVICE,3132,207
Registrar General India BEL2,Satyanarayana Raju Company Pvt ltd,2131,32
Registrar General India BEL2,Swathy Smartcards Hi-Tech Pvt,51241,7304
Registrar General India BEL2,Swiss Tech India Pvt Ltd,543,163
Registrar General India BEL2,Tera Software Ltd,1677,488
Registrar General India BEL2,UNITED DATA SERVICES PRIVATE LIMITED,8957,461
Registrar General India BEL2,Urmila Info solution,15,0
Registrar General India BEL2,VIRGO SOFTECH LIMITED,267,51
Registrar General India BEL2,Vansh Infotech Pvt Ltd,1683,22
Registrar General India BEL2,Vedavaag Systems Limited,2293,120
Registrar General India BEL2,Viesa Technologies,814,132
Registrar General India BEL2,WEBEL,115,1
Registrar General India ECIL,AVVAS INFOTECH PVT  LTD,3204,124
Registrar General India ECIL,BUSINESS INFORMATION PROCESSING SERVICES,318,1
Registrar General India ECIL,COMTECH INSTITUTE OFTECHNOLOGY,1964,137
Registrar General India ECIL,COMTECHINFO SOLUTIONS PVT.LTD,2320,13
Registrar General India ECIL,Chinar Construction Company Prime agency,547,5
Registrar General India ECIL,Clairvoyance Technologies Pvt.,9,23
Registrar General India ECIL,Computer LAB,17544,2762
Registrar General India ECIL,Eagle Software India Pvt. Ltd,15233,2683
Registrar General India ECIL,Esoft Consulting Limited,1278,6
Registrar General India ECIL,In Media Computer Services LLP,2534,197
Registrar General India ECIL,India Computer Technology,14602,7608
Registrar General India ECIL,Karvy Data Management Services,13464,236
Registrar General India ECIL,Krishna Infotech,177,165
Registrar General India ECIL,Madras Security Printers Ltd,14189,6445
Registrar General India ECIL,Mphasis Ltd,7257,544
Registrar General India ECIL,Netwing Technologies Pvt Ltd,49,0
Registrar General India ECIL,Nielsen  India  Private Limited,748,12
Registrar General India ECIL,Pioneer E Labs limited,360,36
Registrar General India ECIL,Quick Data IT Services Pvt Ltd,132,2
Registrar General India ECIL,SARADA SYSTEMS,3462,12
Registrar General India ECIL,SWISSTECH NPR 57CR PROJECT PVT,1770,631
Registrar General India ECIL,Tera Software Ltd,5515,132
Registrar General India ECIL,Vedavaag Systems Limited,2437,1298
Registrar General India Others,AVVAS INFOTECH PVT  LTD,2,0
Registrar General India Others,COMTECH INSTITUTE OFTECHNOLOGY,2,0
Registrar General India Others,Computer LAB,39,0
Registrar General India Others,Eagle Software India Pvt. Ltd,3,0
Registrar General India Others,In Media Computer Services LLP,1,0
Registrar General India Others,Karvy Data Management Services,1,1
Registrar General India Others,Madras Security Printers Ltd,107,89
Registrar General India Others,Mphasis Ltd,1,0
Registrar General India Others,Nielsen  India  Private Limited,3,0
Registrar General India Others,Om Softwares,1,0
Registrar General India Others,Quick Data IT Services Pvt Ltd,1,3
Registrar General India Others,STRATEGIC OUTSOURCING SERVICE,1,1
Registrar General India Others,SWISSTECH NPR 57CR PROJECT PVT,1,1
Registrar General India Others,Swathy Smartcards Hi-Tech Pvt,29,4
Registrar General India Others,Vedavaag Systems Limited,2,0
Registrar General of India ITI,COMTECH INSTITUTE OFTECHNOLOGY,858,40
Registrar General of India ITI,CSS TECHNERGY LIMITED,691,16
Registrar General of India ITI,CommunitiWorks Welfare Society,376,24
Registrar General of India ITI,Eagle Software India Pvt. Ltd,2265,170
Registrar General of India ITI,Emdee Digitronics Pvt.Ltd.,13434,6972
Registrar General of India ITI,In Media Computer Services LLP,324,9
Registrar General of India ITI,Karvy Data Management Services,10166,153
Registrar General of India ITI,Madras Security Printers Ltd,537,14
Registrar General of India ITI,Mphasis Ltd,1160,75
Registrar General of India ITI,Multiwave Innovation,30,2
Registrar General of India ITI,Netlink software Pvt Ltd,944,73
Registrar General of India ITI,Netwing Technologies Pvt Ltd,6,0
Registrar General of India ITI,Nielsen  India  Private Limited,896,62
Registrar General of India ITI,Quick Data IT Services Pvt Ltd,28,2
Registrar General of India ITI,SREEVEN INFOCOM LIMITED,25,48
Registrar General of India ITI,STRATEGIC OUTSOURCING SERVICE,536,43
Registrar General of India ITI,Satyanarayana Raju Company Pvt ltd,2054,19
Registrar General of India ITI,Swathy Smartcards Hi-Tech Pvt,2215,884
Registrar General of India ITI,TechSmart India Pvt Ltd,2,22
Registrar General of India ITI,Urmila Info solution,43,2
Registrar General of India ITI,VIRGO SOFTECH LIMITED,1297,177
Registrar General of India ITI,Vedavaag Systems Limited,4745,75
Registrar General of India ITI,WEBEL TECHNOLOGY LIMITED,8729,250
Registrar General of India ITI,Webx Technologies Private Limited,135,2
State Bank of Bikaner & Jaipur,Multiwave Innovation,248,414
State Bank of Travancore,Tera Software Ltd,71,16
UIDAI-Registrar,UIDAI-EA,10,0
UT Of Daman and Diu,Alankit Assignments Limited,2,8
UT of Puducherry,Madras Security Printers Ltd,22,17
Union Bank,FINANCIAL INFORMATION NETWORK,11881,1675
Union Bank,Smart Chip Limited,12761,1787
Union Bank,Vakrangee Softwares Limited,19095,2441
