Registrar,Enrolment Agency,Aadhaar generated,Enrolment Rejected
Allahabad Bank,IL&FS LTD,6,3
Allahabad Bank,Tera Software Ltd,0,3
Allahabad Bank,Vakrangee Softwares Limited,20442,7184
Bank Of India,A3 Logics  India  Ltd,4610,441
Bank Of India,Akanksha International,1826,57
Bank Of India,Blue Circle Instrument,24,26
Bank Of India,CHESSY CONSULTANTS PVT LTD,650,110
Bank Of India,DATASOFT COMPUTER SERVICES(P),162,12
Bank Of India,Emdee Digitronics Pvt.Ltd.,117,22
Bank Of India,Frontech Systems Pvt Ltd,257,379
Bank Of India,ITI LIMITED,153,32
Bank Of India,MANTRA SOFTTECH (INDIA) PVTLTD,955,302
Bank Of India,Matrix Processing House,9620,921
Bank Of India,OPTIMIX CONSULTANCY PRIVATE LT,2,2
Bank Of India,OSWAL COMPUTERS & CONSULTANTS,3587,952
Bank Of India,PROTEX COMPUTER PVT LTD,603,232
Bank Of India,SARADA SYSTEMS,1998,116
Bank Of India,SHRIKRISHNA KHANDASARI SUGAR M,9746,959
Bank Of India,SPANCO,1865,212
Bank Of India,SREI INFRASTRUCTURE FINANCES L,891,238
Bank Of India,Silver Touch Technologies Ltd,691,141
Bank Of India,Systematic & Advance Const P L,12119,935
Bank Of India,VEETECHNOLOGIES PVT. LTD,2100,227
Bank Of India,Vakrangee Softwares Limited,8155,1302
Bank of Baroda,DATASOFT COMPUTER SERVICES(P),4,22
Bank of Baroda,IL&FS LTD,24,27
Bank of Baroda,TEAM LIFE CARE COMPANY INDIA P,1207,261
Bank of Maharashtra,Alankit Finsec Ltd,87,85
Bank of Maharashtra,FINANCIAL INFORMATION NETWORK,260,54
Bank of Maharashtra,Micro Technologies India Ltd,106,75
CSC e-Governance Services India Limited,A I Soc for Electronics and Comp Tech,493,21
CSC e-Governance Services India Limited,AKSH OPTIFIBRE LIMITED,17,4
CSC e-Governance Services India Limited,BASIX,18,10
CSC e-Governance Services India Limited,CALANCE SOFTWARE PRIVATE LTD,18,34
CSC e-Governance Services India Limited,CMS Computers Ltd,69,3
CSC e-Governance Services India Limited,Network for Information & Computer,124,0
CSC e-Governance Services India Limited,SPANCO,55,16
Canara Bank,ITI LIMITED,2,8
Canara Bank,Rosmerta technoliges Limited,1,0
Canara Bank,Smart Chip Limited,0,12
Central Bank of India,CALANCE SOFTWARE PRIVATE LTD,5733,803
Central Bank of India,Frontech Systems Pvt Ltd,51,20
Central Bank of India,GSS Infotech Ltd,0,1
Central Bank of India,IAP COMPANY Pvt. Ltd,20076,1053
Central Bank of India,IL&FS LTD,6,62
Central Bank of India,MANTRA SOFTTECH (INDIA) PVTLTD,127,97
Central Bank of India,SREI INFRASTRUCTURE FINANCES L,0,37
Central Bank of India,Tera Software Ltd,0,1
Central Bank of India,The Peerless General Finance,3200,346
Civil Supplies - A&N Islands,India Computer Technology,5,2
DENA BANK,ATISHAY INFOTECH PVT. LTD.,115,18
DENA BANK,DATASOFT COMPUTER SERVICES(P),111,31
Delhi - Central DC,Smart Chip Limited,261,600
Delhi - East DC,DATASOFT COMPUTER SERVICES(P),368,278
Delhi - East DC,Tera Software Ltd,0,138
Delhi - ND DC,Smart Chip Limited,70,82
Delhi - NE DC,Alankit Assignments Limited,7,95
Delhi - NE DC,Smart Chip Limited,325,1169
Delhi - NE DC,Smart ID,0,15
Delhi - North DC,CALANCE SOFTWARE PRIVATE LTD,2202,479
Delhi - North DC,DATASOFT COMPUTER SERVICES(P),1,8
Delhi - North DC,NVR & ASSOCIATES LIMITED,259,444
Delhi - North DC,Smart Chip Limited,128,214
Delhi SW DC,STRATEGIC OUTSOURCING SERVICE,0,83
Delhi SW DC,VIRGO SOFTECH LIMITED,1465,758
Delhi Urban Shelter Improvemen,Alankit Assignments Limited,0,7
Delhi Urban Shelter Improvemen,Matrix Processing House,0,15
Delhi Urban Shelter Improvemen,STRATEGIC OUTSOURCING SERVICE,0,145
Delhi Urban Shelter Improvemen,Smart Chip Limited,0,12
Delhi Urban Shelter Improvemen,Tera Software Ltd,0,95
Delhi- South DC,Karvy Computershare Private Li,118,130
Delhi- South DC,Smart Chip Limited,58,91
Delhi- South DC,Tera Software Ltd,0,426
Delhi- South DC,eCentric solutions pvt ltd,2,13
Delhi- West DC,Matrix Processing House,1,104
Delhi- West DC,Smart Chip Limited,90,121
Delhi- West DC,VIRGO SOFTECH LIMITED,693,871
Delhi-NW DC,Karvy Computershare Private Li,665,341
Delhi-NW DC,STRATEGIC OUTSOURCING SERVICE,1,245
Dept of ITC Govt of Rajasthan,ATISHAY INFOTECH PVT. LTD.,5970,1208
Dept of ITC Govt of Rajasthan,AVVAS INFOTECH PVT  LTD,4612,772
Dept of ITC Govt of Rajasthan,Alankit Finsec Ltd,1821,330
Dept of ITC Govt of Rajasthan,DATASOFT COMPUTER SERVICES(P),9308,943
Dept of ITC Govt of Rajasthan,GSS Infotech Ltd,0,2
Dept of ITC Govt of Rajasthan,TechSmart India Pvt Ltd,355,226
Dept of ITC Govt of Rajasthan,Transline Technologies P Ltd,5901,362
Dept of ITC Govt of Rajasthan,Vakrangee Softwares Limited,11709,886
Dept of ITC Govt of Rajasthan,Vayam technologies Ltd,4784,1349
FCR Govt of Haryana,Vakrangee Softwares Limited,215,238
FCS Govt of Punjab,Alankit Assignments Limited,209,80
FCS Govt of Punjab,Alankit Finsec Ltd,146,59
FCS Govt of Punjab,Alankit Life Care Ltd,8,26
FCS Govt of Punjab,CSS TECHNERGY LIMITED,1474,172
FCS Govt of Punjab,Delhi Integrated MMTS Ltd,32,119
FCS Govt of Punjab,Diwakar Commercials Pvt Ltd,1,20
FCS Govt of Punjab,Karvy Computershare Private Li,12919,798
FCS Govt of Punjab,VIRGO SOFTECH LIMITED,2,1
FCS Govt of Punjab,Vayam technologies Ltd,10799,373
FCS Govt of Punjab,eCentric solutions pvt ltd,4348,293
Govt of Andhra Pradesh,Gouthami Educational Society,319,215
Govt of Andhra Pradesh,GrapeSoft,695,1098
Govt of Andhra Pradesh,IL&FS LTD,3,38
Govt of Andhra Pradesh,INFRONICS SYSTEMS LTD,1794,1082
Govt of Andhra Pradesh,Madras Security Printers Ltd,8,86
Govt of Andhra Pradesh,SREEVEN INFOCOM LIMITED,306,116
Govt of Andhra Pradesh,Smart Chip Limited,0,9
Govt of Andhra Pradesh,TechSmart India Pvt Ltd,17146,4825
Govt of Andhra Pradesh,Tera Software Ltd,2459,1105
Govt of Andhra Pradesh,eCentric solutions pvt ltd,231,17
Govt of Goa,COMAT TECHNOLOGIES P LTD,0,2
Govt of Goa,MARS Telecom Systems Pvt Ltd,102,235
Govt of Goa,Tera Software Ltd,0,8
Govt of Gujarat,GSS Infotech Ltd,8010,131
Govt of Gujarat,Karvy Computershare Private Li,7951,351
Govt of Gujarat,Silver Touch Technologies Ltd,14050,770
Govt of Gujarat,Tera Software Ltd,3576,457
Govt of Gujarat,Transline Technologies P Ltd,371,107
Govt of Gujarat,Vayam technologies Ltd,4731,646
Govt of Gujarat,eCentric solutions pvt ltd,1660,177
Govt of Himachal Pradesh,IL&FS LTD,5,57
Govt of Himachal Pradesh,Wipro Ltd,1580,284
Govt of Himachal Pradesh,i-Grandee SoftwareTechnologies,2613,309
Govt of Karnataka ,COMAT TECHNOLOGIES P LTD,12,45
Govt of Karnataka ,GLODYNE TECHNOSERVE,3,15
Govt of Karnataka ,Integra Micro Systems Pvt.ltd,6,4
Govt of Karnataka ,MARS Telecom Systems Pvt Ltd,13025,939
Govt of Karnataka ,Ninestars Information Technologies Ltd,8274,941
Govt of Karnataka ,Origin ITFS Pvt Ltd,10713,742
Govt of Karnataka ,SREEVEN INFOCOM LIMITED,10650,1205
Govt of Karnataka ,Tera Software Ltd,6,7
Govt of Karnataka ,Wipro Ltd,2,4
Govt of Kerala,Akshaya,19613,2185
Govt of Kerala,Keltron,2486,3067
Govt of Madhya Pradesh,VIRGO SOFTECH LIMITED,257,73
Govt of Maharashtra,Alankit Assignments Limited,93,122
Govt of Maharashtra,Alankit Finsec Ltd,7718,1683
Govt of Maharashtra,COMAT TECHNOLOGIES P LTD,4,4
Govt of Maharashtra,Eagle press pvt ltd,5620,236
Govt of Maharashtra,GLODYNE TECHNOSERVE,14,2
Govt of Maharashtra,GSS Infotech Ltd,36,22
Govt of Maharashtra,Karvy Computershare Private Li,8766,1293
Govt of Maharashtra,M/s. Vidya Online  Pune,8,5
Govt of Maharashtra,Mahaonline Limited,86,60
Govt of Maharashtra,Narayana Electricals Solution Pvt Ltd,589,134
Govt of Maharashtra,Netlink software Pvt Ltd,3261,900
Govt of Maharashtra,Network for Information & Computer,17,15
Govt of Maharashtra,Obel projects Pvt Ltd,261,36
Govt of Maharashtra,Rudranee Infotech Ltd,194,154
Govt of Maharashtra,SHREERAM PRINTING PRESS,455,98
Govt of Maharashtra,SPANCO,2,1
Govt of Maharashtra,STRATEGIC OUTSOURCING SERVICE,5683,1497
Govt of Maharashtra,Silver Touch Technologies Ltd,1051,251
Govt of Maharashtra,Smart Chip Limited,1,13
Govt of Maharashtra,Systematic & Advance Const P L,58,94
Govt of Maharashtra,TEAM LIFE CARE COMPANY INDIA P,43,106
Govt of Maharashtra,TechSmart India Pvt Ltd,4344,965
Govt of Maharashtra,Tera Software Ltd,255,401
Govt of Maharashtra,Transline Technologies P Ltd,220,141
Govt of Maharashtra,Wep Solution India Limited,0,4
Govt of Maharashtra,Wipro Ltd,13639,771
Govt of Sikkim - Dept of Econo,4G IDENTITY SOLUTIONS,8,0
Govt of Sikkim - Dept of Econo,Department of Economics Statistics  Monitoring and Evaluation DESME,19,10
IDBI Bank ltd,ATISHAY INFOTECH PVT. LTD.,892,206
IDBI Bank ltd,Matrix Processing House,89,45
IDBI Bank ltd,Pioneer E Labs limited,16,5
IDBI Bank ltd,SREEVEN INFOCOM LIMITED,789,208
IDBI Bank ltd,UTI TECHNOLOGY SERVICES LIMITE,396,175
IGNOU,VIRGO SOFTECH LIMITED,0,1
IGNOU,Vakrangee Softwares Limited,1,0
Indiapost,4G IDENTITY SOLUTIONS,453,50
Indiapost,COMAT TECHNOLOGIES P LTD,10,3
Indiapost,CSS TECHNERGY LIMITED,0,1
Indiapost,Delhi Integrated MMTS Ltd,15460,707
Indiapost,Eagle press pvt ltd,0,2
Indiapost,GLODYNE TECHNOSERVE,52,2
Indiapost,GSS Infotech Ltd,0,1
Indiapost,IL&FS LTD,34,31
Indiapost,MARS Telecom Systems Pvt Ltd,359,144
Indiapost,Madras Security Printers Ltd,1,13
Indiapost,Smart Chip Limited,125,28
Indiapost,TEAM LIFE CARE COMPANY INDIA P,8249,1904
Indiapost,The NSIC ltd,23,34
Indiapost,The Peerless General Finance,4,2
Indiapost,UTI TECHNOLOGY SERVICES LIMITE,0,7
Indiapost,Vayam technologies Ltd,10,9
Indiapost,WEBEL,28,20
Indiapost,eCentric solutions pvt ltd,2,0
Information Technology & Communication Department,4G INFORMATICS,16851,1585
Information Technology & Communication Department,BNR UDYOG LIMITED,4280,636
Information Technology & Communication Department,Bloom Solutions Pvt Ltd,11077,667
Information Technology & Communication Department,CSS TECHNERGY LIMITED,9186,370
Information Technology & Communication Department,GDC Advertising Pvt. Limited,2426,729
Information Technology & Communication Department,JYOTHI COMPUTER SERVICES,7348,761
Information Technology & Communication Department,Karvy Data Management Services,96,84
Information Technology & Communication Department,MARS Telecom Systems Pvt Ltd,1291,813
Information Technology & Communication Department,SREEVEN INFOCOM LIMITED,2239,472
Information Technology & Communication Department,Tera Software Ltd,890,386
Jharkhand,Alankit Assignments Limited,128,87
Jharkhand,Blue Circle Instrument,70,24
Jharkhand,Emdee Digitronics Pvt.Ltd.,469,394
Jharkhand,IL&FS LTD,29,7
Jharkhand,MKS Enterprises,806,232
Jharkhand,Nevaeh Technology Pvt. Ltd.,1024,108
Jharkhand,STRATEGIC OUTSOURCING SERVICE,146,191
Jharkhand,Smart ID,0,5
Jharkhand,Systematic & Advance Const P L,2499,483
Jharkhand,VISION COMPTECH INTEGRATOR LTD,1270,208
Jharkhand,Wipro Ltd,8658,779
Life Insurance Corporation,ATISHAY INFOTECH PVT. LTD.,0,1
Life Insurance Corporation,DATASOFT COMPUTER SERVICES(P),0,11
Life Insurance Corporation,LYRA  CONSULTANCY SERVICE,0,2
Life Insurance Corporation,MICROVIEWS INFOSYSTEMS PVT LTD,0,3
Life Insurance Corporation,Smart ID,0,12
Life Insurance Corporation,eCentric solutions pvt ltd,1,8
Mission Convergence - GNCT Del,Alankit Assignments Limited,2,5
Mission Convergence - GNCT Del,Karvy Computershare Private Li,204,214
Mission Convergence - GNCT Del,Matrix Processing House,0,4
Mission Convergence - GNCT Del,NVR & ASSOCIATES LIMITED,2,0
Mission Convergence - GNCT Del,STRATEGIC OUTSOURCING SERVICE,1,136
Mission Convergence - GNCT Del,Smart Chip Limited,0,4
Mission Convergence - GNCT Del,Tera Software Ltd,0,30
Mission Convergence - GNCT Del,eCentric solutions pvt ltd,2,21
NSDL e-Governance Infrastructure Limited,Abhipra Capital Ltd,3593,362
NSDL e-Governance Infrastructure Limited,Alankit Assignments Limited,8688,691
NSDL e-Governance Infrastructure Limited,Delhi Integrated MMTS Ltd,1703,240
NSDL e-Governance Infrastructure Limited,INTEGRATED REGISTRY SERVICES,23,1
NSDL e-Governance Infrastructure Limited,Karvy Data Management Services,37549,3540
NSDL e-Governance Infrastructure Limited,Netlink software Pvt Ltd,2545,731
NSDL e-Governance Infrastructure Limited,PROWIZ MANSYTEMS PVT LTD,3994,349
NSDL e-Governance Infrastructure Limited,RELIGARE SECURITIES LTD,0,1
NSDL e-Governance Infrastructure Limited,TEAM LIFE CARE COMPANY INDIA P,291,181
NSDL e-Governance Infrastructure Limited,VIRGO SOFTECH LIMITED,3086,336
Oriental Bank of Commerce,DATASOFT COMPUTER SERVICES(P),372,105
Oriental Bank of Commerce,Euro Finmart Ltd,75,112
Oriental Bank of Commerce,FINANCIAL INFORMATION NETWORK,75,3
Oriental Bank of Commerce,IL&FS LTD,8,10
Oriental Bank of Commerce,JNET Technologies Pvt.Ltd,53,24
Oriental Bank of Commerce,Redim Software Technologies Pvt Ltd,1738,55
Oriental Bank of Commerce,Sri Ramraja Sarkar Lok Kalyan Trust,3874,274
Oriental Bank of Commerce,The NSIC ltd,3,1
Oriental Bank of Commerce,Wipro Ltd,4899,614
Punjab and Sind Bank,Matrix Processing House,16,20
RDD Govt of Tripura,Alankit Assignments Limited,39,42
Registrar General India - BEL,Manipur Electronics Dev Corp,2,0
Registrar General India - BEL,Swathy Smartcards Hi-Tech Pvt,11,31
Registrar General India BEL2,Alankit Assignments Limited,616,120
Registrar General India BEL2,Computer LAB,3031,1597
Registrar General India BEL2,India Computer Technology,4084,2483
Registrar General India BEL2,Madras Security Printers Ltd,718,767
Registrar General India BEL2,Multiwave Innovation,1639,660
Registrar General India BEL2,Netlink software Pvt Ltd,507,330
Registrar General India BEL2,Nielsen  India  Private Limited,170,507
Registrar General India BEL2,Om Softwares,320,3373
Registrar General India BEL2,SREEVEN INFOCOM LIMITED,65,9
Registrar General India BEL2,STRATEGIC OUTSOURCING SERVICE,727,216
Registrar General India BEL2,Swathy Smartcards Hi-Tech Pvt,20360,17213
Registrar General India BEL2,Swiss Tech India Pvt Ltd,306,64
Registrar General India BEL2,Tera Software Ltd,706,1258
Registrar General India BEL2,VIRGO SOFTECH LIMITED,1,0
Registrar General India BEL2,Vansh Infotech Pvt Ltd,602,10
Registrar General India BEL2,Vedavaag Systems Limited,26,5
Registrar General India ECIL,AVVAS INFOTECH PVT  LTD,2861,83
Registrar General India ECIL,BUSINESS INFORMATION PROCESSING SERVICES,68,4
Registrar General India ECIL,COMTECH INSTITUTE OFTECHNOLOGY,1360,342
Registrar General India ECIL,COMTECHINFO SOLUTIONS PVT.LTD,28,0
Registrar General India ECIL,Clairvoyance Technologies Pvt.,891,185
Registrar General India ECIL,Computer LAB,16777,6543
Registrar General India ECIL,Eagle Software India Pvt. Ltd,5,373
Registrar General India ECIL,In Media Computer Services LLP,48,79
Registrar General India ECIL,India Computer Technology,2753,2693
Registrar General India ECIL,Karvy Data Management Services,632,21
Registrar General India ECIL,Krishna Infotech,999,2974
Registrar General India ECIL,Madras Security Printers Ltd,2660,617
Registrar General India ECIL,Netwing Technologies Pvt Ltd,350,21
Registrar General India ECIL,Nielsen  India  Private Limited,250,2
Registrar General India ECIL,Pioneer E Labs limited,0,13
Registrar General India ECIL,SWISSTECH NPR 57CR PROJECT PVT,3902,6199
Registrar General India ECIL,Tera Software Ltd,10400,7228
Registrar General India ECIL,Vedavaag Systems Limited,539,1500
Registrar General India Others,Computer LAB,3,0
Registrar General India Others,Emdee Digitronics Pvt.Ltd.,0,1
Registrar General India Others,Esoft Consulting Limited,1,0
Registrar General India Others,India Computer Technology,2,0
Registrar General India Others,Karvy Data Management Services,3,0
Registrar General India Others,Madras Security Printers Ltd,1,1
Registrar General India Others,Mphasis Ltd,2,0
Registrar General India Others,Om Softwares,1,0
Registrar General India Others,SWISSTECH NPR 57CR PROJECT PVT,0,1
Registrar General India Others,Swathy Smartcards Hi-Tech Pvt,109,114
Registrar General India Others,Vedavaag Systems Limited,1,0
Registrar General India Others,WEBEL TECHNOLOGY LIMITED,1,0
Registrar General of India ITI,COMTECH INSTITUTE OFTECHNOLOGY,234,62
Registrar General of India ITI,CSS TECHNERGY LIMITED,14,19
Registrar General of India ITI,CommunitiWorks Welfare Society,137,396
Registrar General of India ITI,Eagle Software India Pvt. Ltd,1868,571
Registrar General of India ITI,Emdee Digitronics Pvt.Ltd.,29493,2915
Registrar General of India ITI,Madras Security Printers Ltd,0,5
Registrar General of India ITI,Mphasis Ltd,29,8
Registrar General of India ITI,Multiwave Innovation,0,174
Registrar General of India ITI,Netwing Technologies Pvt Ltd,80,50
Registrar General of India ITI,Nielsen  India  Private Limited,235,129
Registrar General of India ITI,SREEVEN INFOCOM LIMITED,78,1955
Registrar General of India ITI,STRATEGIC OUTSOURCING SERVICE,634,166
Registrar General of India ITI,Swathy Smartcards Hi-Tech Pvt,6052,26870
Registrar General of India ITI,TechSmart India Pvt Ltd,11,434
Registrar General of India ITI,VIRGO SOFTECH LIMITED,64,5
Registrar General of India ITI,Vedavaag Systems Limited,96,14
Registrar General of India ITI,WEBEL TECHNOLOGY LIMITED,5776,298
STATE BANK OF PATIALA,CSS TECHNERGY LIMITED,3,1
State Bank of Bikaner & Jaipur,Multiwave Innovation,5486,447
State Bank of India,4G IDENTITY SOLUTIONS,6,24
State Bank of India,COMAT TECHNOLOGIES P LTD,0,28
State Bank of India,CSS TECHNERGY LIMITED,1,33
State Bank of India,Delhi Integrated MMTS Ltd,0,6
State Bank of India,Eagle press pvt ltd,2,25
State Bank of India,IL&FS LTD,1,163
State Bank of India,Smart Chip Limited,0,59
State Bank of India,VIRGO SOFTECH LIMITED,0,14
State Bank of Travancore,Tera Software Ltd,468,173
Syndicate Bank,Smart Chip Limited,0,3
UDD Govt of Jharkhand,Blue Circle Instrument,592,191
UDD Govt of Jharkhand,IL&FS LTD,1,4
UDD Govt of Jharkhand,MKS Enterprises,1115,513
UDD Govt of Jharkhand,Smart ID,0,2
UDD Govt of Jharkhand,Systematic & Advance Const P L,147,87
UDD Govt of Jharkhand,Vayam technologies Ltd,124,36
UIDAI-Registrar,UIDAI-EA,20,3
UT Of Daman and Diu,Alankit Assignments Limited,28,17
UT of Puducherry,Madras Security Printers Ltd,179,271
Union Bank,4G IDENTITY SOLUTIONS,0,2
Union Bank,FINANCIAL INFORMATION NETWORK,19346,2354
Union Bank,Smart Chip Limited,23536,3170
Union Bank,Vakrangee Softwares Limited,42891,4409
