Registrar,Enrolment Agency,Aadhaar generated,Enrolment Rejected
Allahabad Bank,Vakrangee Softwares Limited,18543,639
Bank Of India,A3 Logics  India  Ltd,2227,58
Bank Of India,Akanksha International,183,2
Bank Of India,Blue Circle Instrument,49,0
Bank Of India,CHESSY CONSULTANTS PVT LTD,267,4
Bank Of India,DATASOFT COMPUTER SERVICES(P),138,9
Bank Of India,Emdee Digitronics Pvt.Ltd.,76,2
Bank Of India,Frontech Systems Pvt Ltd,336,12
Bank Of India,ITI LIMITED,0,1
Bank Of India,MANTRA SOFTTECH (INDIA) PVTLTD,316,11
Bank Of India,Matrix Processing House,6125,83
Bank Of India,OPTIMIX CONSULTANCY PRIVATE LT,1,0
Bank Of India,OSWAL COMPUTERS & CONSULTANTS,1040,181
Bank Of India,PROTEX COMPUTER PVT LTD,307,3
Bank Of India,SARADA SYSTEMS,515,2
Bank Of India,SHRIKRISHNA KHANDASARI SUGAR M,2091,58
Bank Of India,SPANCO,919,25
Bank Of India,SREI INFRASTRUCTURE FINANCES L,465,16
Bank Of India,Silver Touch Technologies Ltd,592,32
Bank Of India,Systematic & Advance Const P L,3082,63
Bank Of India,VEETECHNOLOGIES PVT. LTD,344,15
Bank Of India,Vakrangee Softwares Limited,3155,182
Bank of Baroda,DATASOFT COMPUTER SERVICES(P),5,1
Bank of Baroda,IL&FS LTD,0,11
Bank of Baroda,TEAM LIFE CARE COMPANY INDIA P,3383,85
Bank of Maharashtra,Alankit Finsec Ltd,260,0
Bank of Maharashtra,FINANCIAL INFORMATION NETWORK,285,2
Bank of Maharashtra,Micro Technologies India Ltd,272,8
CSC e-Governance Services India Limited,A I Soc for Electronics and Comp Tech,210,2
CSC e-Governance Services India Limited,AKSH OPTIFIBRE LIMITED,26,0
CSC e-Governance Services India Limited,BASIX,37,1
CSC e-Governance Services India Limited,CALANCE SOFTWARE PRIVATE LTD,9,0
CSC e-Governance Services India Limited,CMS Computers Ltd,2,0
CSC e-Governance Services India Limited,Network for Information & Computer,62,1
CSC e-Governance Services India Limited,SPANCO,35,1
Canara Bank,Rosmerta technoliges Limited,0,11
Central Bank of India,CALANCE SOFTWARE PRIVATE LTD,1457,19
Central Bank of India,Frontech Systems Pvt Ltd,13,0
Central Bank of India,IAP COMPANY Pvt. Ltd,4386,51
Central Bank of India,IL&FS LTD,0,23
Central Bank of India,MANTRA SOFTTECH (INDIA) PVTLTD,314,8
Central Bank of India,The Peerless General Finance,410,2
Civil Supplies - A&N Islands,India Computer Technology,27,0
DENA BANK,ATISHAY INFOTECH PVT. LTD.,232,2
DENA BANK,DATASOFT COMPUTER SERVICES(P),50,4
Delhi - Central DC,Smart Chip Limited,187,11
Delhi - East DC,DATASOFT COMPUTER SERVICES(P),246,111
Delhi - East DC,Tera Software Ltd,0,1
Delhi - ND DC,Smart Chip Limited,30,6
Delhi - NE DC,Alankit Assignments Limited,0,1
Delhi - NE DC,Smart Chip Limited,528,29
Delhi - North DC,CALANCE SOFTWARE PRIVATE LTD,1220,29
Delhi - North DC,DATASOFT COMPUTER SERVICES(P),7,1
Delhi - North DC,NVR & ASSOCIATES LIMITED,354,9
Delhi - North DC,Smart Chip Limited,114,8
Delhi SW DC,VIRGO SOFTECH LIMITED,577,26
Delhi Urban Shelter Improvemen,STRATEGIC OUTSOURCING SERVICE,0,1
Delhi Urban Shelter Improvemen,Tera Software Ltd,0,1
Delhi- South DC,Karvy Computershare Private Li,108,11
Delhi- South DC,Smart Chip Limited,127,3
Delhi- South DC,Tera Software Ltd,0,3
Delhi- South DC,eCentric solutions pvt ltd,11,0
Delhi- West DC,Smart Chip Limited,81,5
Delhi- West DC,VIRGO SOFTECH LIMITED,331,33
Delhi-NW DC,Karvy Computershare Private Li,228,29
Dept of ITC Govt of Rajasthan,ATISHAY INFOTECH PVT. LTD.,2287,93
Dept of ITC Govt of Rajasthan,AVVAS INFOTECH PVT  LTD,1499,21
Dept of ITC Govt of Rajasthan,Alankit Finsec Ltd,3086,26
Dept of ITC Govt of Rajasthan,DATASOFT COMPUTER SERVICES(P),2751,102
Dept of ITC Govt of Rajasthan,GSS Infotech Ltd,33,0
Dept of ITC Govt of Rajasthan,TechSmart India Pvt Ltd,153,1
Dept of ITC Govt of Rajasthan,Transline Technologies P Ltd,749,12
Dept of ITC Govt of Rajasthan,Vakrangee Softwares Limited,3370,149
Dept of ITC Govt of Rajasthan,Vayam technologies Ltd,1015,18
FCR Govt of Haryana,Vakrangee Softwares Limited,477,38
FCS Govt of Punjab,Alankit Assignments Limited,2,3
FCS Govt of Punjab,Alankit Finsec Ltd,0,16
FCS Govt of Punjab,CSS TECHNERGY LIMITED,484,4
FCS Govt of Punjab,Delhi Integrated MMTS Ltd,57,0
FCS Govt of Punjab,Diwakar Commercials Pvt Ltd,10,0
FCS Govt of Punjab,Karvy Computershare Private Li,2003,79
FCS Govt of Punjab,VIRGO SOFTECH LIMITED,3,0
FCS Govt of Punjab,Vayam technologies Ltd,852,24
FCS Govt of Punjab,eCentric solutions pvt ltd,1584,17
Govt of Andhra Pradesh,Gouthami Educational Society,128,5
Govt of Andhra Pradesh,GrapeSoft,549,416
Govt of Andhra Pradesh,IL&FS LTD,7,0
Govt of Andhra Pradesh,INFRONICS SYSTEMS LTD,900,158
Govt of Andhra Pradesh,Madras Security Printers Ltd,1,56
Govt of Andhra Pradesh,SREEVEN INFOCOM LIMITED,426,11
Govt of Andhra Pradesh,Smart Chip Limited,0,2
Govt of Andhra Pradesh,TechSmart India Pvt Ltd,1989,85
Govt of Andhra Pradesh,Tera Software Ltd,3825,48
Govt of Andhra Pradesh,eCentric solutions pvt ltd,72,9
Govt of Goa,MARS Telecom Systems Pvt Ltd,112,8
Govt of Gujarat,GSS Infotech Ltd,1748,19
Govt of Gujarat,Karvy Computershare Private Li,2136,36
Govt of Gujarat,Silver Touch Technologies Ltd,2736,51
Govt of Gujarat,Tera Software Ltd,1336,17
Govt of Gujarat,Transline Technologies P Ltd,68,0
Govt of Gujarat,Vayam technologies Ltd,405,33
Govt of Gujarat,eCentric solutions pvt ltd,1098,6
Govt of Himachal Pradesh,Wipro Ltd,681,17
Govt of Himachal Pradesh,i-Grandee SoftwareTechnologies,1162,32
Govt of Karnataka ,COMAT TECHNOLOGIES P LTD,0,18
Govt of Karnataka ,GLODYNE TECHNOSERVE,70,0
Govt of Karnataka ,Integra Micro Systems Pvt.ltd,2,1
Govt of Karnataka ,MARS Telecom Systems Pvt Ltd,1101,15
Govt of Karnataka ,Ninestars Information Technologies Ltd,3710,71
Govt of Karnataka ,Origin ITFS Pvt Ltd,7100,154
Govt of Karnataka ,SREEVEN INFOCOM LIMITED,926,19
Govt of Kerala,Akshaya,7613,138
Govt of Kerala,Keltron,990,66
Govt of Madhya Pradesh,VIRGO SOFTECH LIMITED,1051,265
Govt of Maharashtra,Alankit Assignments Limited,0,92
Govt of Maharashtra,Alankit Finsec Ltd,8857,109
Govt of Maharashtra,COMAT TECHNOLOGIES P LTD,0,1
Govt of Maharashtra,Eagle press pvt ltd,849,9
Govt of Maharashtra,GLODYNE TECHNOSERVE,12,1
Govt of Maharashtra,GSS Infotech Ltd,51,3
Govt of Maharashtra,Karvy Computershare Private Li,2280,47
Govt of Maharashtra,M/s. Vidya Online  Pune,4,0
Govt of Maharashtra,Mahaonline Limited,1,416
Govt of Maharashtra,Narayana Electricals Solution Pvt Ltd,62,1
Govt of Maharashtra,Netlink software Pvt Ltd,484,12
Govt of Maharashtra,Network for Information & Computer,10,0
Govt of Maharashtra,Obel projects Pvt Ltd,146,1
Govt of Maharashtra,Rudranee Infotech Ltd,332,1
Govt of Maharashtra,SHREERAM PRINTING PRESS,201,1
Govt of Maharashtra,STRATEGIC OUTSOURCING SERVICE,2801,42
Govt of Maharashtra,Silver Touch Technologies Ltd,1049,5
Govt of Maharashtra,Smart Chip Limited,0,1
Govt of Maharashtra,Systematic & Advance Const P L,163,1
Govt of Maharashtra,TEAM LIFE CARE COMPANY INDIA P,338,0
Govt of Maharashtra,TechSmart India Pvt Ltd,142,15
Govt of Maharashtra,Tera Software Ltd,27,72
Govt of Maharashtra,Transline Technologies P Ltd,406,41
Govt of Maharashtra,Wep Solution India Limited,0,1
Govt of Maharashtra,Wipro Ltd,3155,86
Govt of Sikkim - Dept of Econo,4G IDENTITY SOLUTIONS,47,4
Govt of Sikkim - Dept of Econo,Department of Economics Statistics  Monitoring and Evaluation DESME,46,1
IDBI Bank ltd,ATISHAY INFOTECH PVT. LTD.,803,7
IDBI Bank ltd,GSS Infotech Ltd,1,0
IDBI Bank ltd,Matrix Processing House,247,2
IDBI Bank ltd,Pioneer E Labs limited,2,0
IDBI Bank ltd,SREEVEN INFOCOM LIMITED,647,11
IDBI Bank ltd,UTI TECHNOLOGY SERVICES LIMITE,451,5
IGNOU,Vakrangee Softwares Limited,1,0
Indian Overseas Bank,Eagle Software India Pvt. Ltd,3,0
Indiapost,4G IDENTITY SOLUTIONS,94,30
Indiapost,Delhi Integrated MMTS Ltd,2621,32
Indiapost,GLODYNE TECHNOSERVE,5,2
Indiapost,MARS Telecom Systems Pvt Ltd,100,6
Indiapost,Madras Security Printers Ltd,1,0
Indiapost,Smart Chip Limited,104,2
Indiapost,TEAM LIFE CARE COMPANY INDIA P,1685,19
Indiapost,The NSIC ltd,0,1
Indiapost,UTI TECHNOLOGY SERVICES LIMITE,0,1
Indiapost,Vayam technologies Ltd,18,2
Indiapost,WEBEL,14,0
Indiapost,eCentric solutions pvt ltd,3,0
Information Technology & Communication Department,4G INFORMATICS,2794,61
Information Technology & Communication Department,BNR UDYOG LIMITED,379,30
Information Technology & Communication Department,Bloom Solutions Pvt Ltd,775,64
Information Technology & Communication Department,CSS TECHNERGY LIMITED,164,1
Information Technology & Communication Department,GDC Advertising Pvt. Limited,214,9
Information Technology & Communication Department,JYOTHI COMPUTER SERVICES,365,14
Information Technology & Communication Department,Karvy Data Management Services,568,27
Information Technology & Communication Department,MARS Telecom Systems Pvt Ltd,642,28
Information Technology & Communication Department,SREEVEN INFOCOM LIMITED,1800,112
Information Technology & Communication Department,Tera Software Ltd,835,13
Jammu and Kashmir Bank,COMTECH INSTITUTE OFTECHNOLOGY,2,0
Jharkhand,Alankit Assignments Limited,127,6
Jharkhand,Blue Circle Instrument,81,2
Jharkhand,Emdee Digitronics Pvt.Ltd.,217,14
Jharkhand,IL&FS LTD,1,0
Jharkhand,MKS Enterprises,96,8
Jharkhand,Nevaeh Technology Pvt. Ltd.,90,2
Jharkhand,STRATEGIC OUTSOURCING SERVICE,165,21
Jharkhand,Smart ID,0,9
Jharkhand,Systematic & Advance Const P L,1054,17
Jharkhand,VISION COMPTECH INTEGRATOR LTD,742,16
Jharkhand,Wipro Ltd,2768,120
Mission Convergence - GNCT Del,IL&FS LTD,0,3
Mission Convergence - GNCT Del,Karvy Computershare Private Li,63,5
Mission Convergence - GNCT Del,NVR & ASSOCIATES LIMITED,2,0
Mission Convergence - GNCT Del,eCentric solutions pvt ltd,4,0
NSDL e-Governance Infrastructure Limited,Abhipra Capital Ltd,6044,78
NSDL e-Governance Infrastructure Limited,Alankit Assignments Limited,2852,36
NSDL e-Governance Infrastructure Limited,Delhi Integrated MMTS Ltd,138,2
NSDL e-Governance Infrastructure Limited,INTEGRATED REGISTRY SERVICES,8,0
NSDL e-Governance Infrastructure Limited,Karvy Data Management Services,23107,417
NSDL e-Governance Infrastructure Limited,Netlink software Pvt Ltd,1514,23
NSDL e-Governance Infrastructure Limited,PROWIZ MANSYTEMS PVT LTD,1356,39
NSDL e-Governance Infrastructure Limited,TEAM LIFE CARE COMPANY INDIA P,480,1
NSDL e-Governance Infrastructure Limited,VIRGO SOFTECH LIMITED,2617,9
Oriental Bank of Commerce,DATASOFT COMPUTER SERVICES(P),332,17
Oriental Bank of Commerce,Euro Finmart Ltd,88,2
Oriental Bank of Commerce,FINANCIAL INFORMATION NETWORK,10,0
Oriental Bank of Commerce,JNET Technologies Pvt.Ltd,78,4
Oriental Bank of Commerce,Redim Software Technologies Pvt Ltd,255,2
Oriental Bank of Commerce,Sri Ramraja Sarkar Lok Kalyan Trust,626,24
Oriental Bank of Commerce,Wipro Ltd,3120,67
Punjab and Sind Bank,Matrix Processing House,1,0
RDD Govt of Tripura,Alankit Assignments Limited,0,66
Registrar General India - BEL,In Media Computer Services LLP,1,2
Registrar General India - BEL,Manipur Electronics Dev Corp,3,0
Registrar General India - BEL,Swathy Smartcards Hi-Tech Pvt,1,0
Registrar General India BEL2,Alankit Assignments Limited,805,9
Registrar General India BEL2,Computer LAB,468,569
Registrar General India BEL2,India Computer Technology,2521,726
Registrar General India BEL2,Madras Security Printers Ltd,801,2076
Registrar General India BEL2,Multiwave Innovation,1025,719
Registrar General India BEL2,Netlink software Pvt Ltd,313,27
Registrar General India BEL2,Nielsen  India  Private Limited,36,0
Registrar General India BEL2,Om Softwares,3184,175
Registrar General India BEL2,SREEVEN INFOCOM LIMITED,430,1
Registrar General India BEL2,STRATEGIC OUTSOURCING SERVICE,205,0
Registrar General India BEL2,Swathy Smartcards Hi-Tech Pvt,8881,5267
Registrar General India BEL2,Swiss Tech India Pvt Ltd,119,18
Registrar General India BEL2,Tera Software Ltd,510,3364
Registrar General India BEL2,Vansh Infotech Pvt Ltd,1324,24
Registrar General India BEL2,Vedavaag Systems Limited,393,2
Registrar General India ECIL,AVVAS INFOTECH PVT  LTD,256,7
Registrar General India ECIL,BUSINESS INFORMATION PROCESSING SERVICES,17,0
Registrar General India ECIL,COMTECH INSTITUTE OFTECHNOLOGY,55,0
Registrar General India ECIL,COMTECHINFO SOLUTIONS PVT.LTD,1,0
Registrar General India ECIL,Clairvoyance Technologies Pvt.,1250,7
Registrar General India ECIL,Computer LAB,3548,2032
Registrar General India ECIL,Eagle Software India Pvt. Ltd,2253,298
Registrar General India ECIL,In Media Computer Services LLP,6,156
Registrar General India ECIL,India Computer Technology,1170,319
Registrar General India ECIL,Karvy Data Management Services,1873,4
Registrar General India ECIL,Krishna Infotech,635,3460
Registrar General India ECIL,Madras Security Printers Ltd,4111,454
Registrar General India ECIL,Netwing Technologies Pvt Ltd,64,0
Registrar General India ECIL,Nielsen  India  Private Limited,123,2
Registrar General India ECIL,Pioneer E Labs limited,0,51
Registrar General India ECIL,SWISSTECH NPR 57CR PROJECT PVT,9000,9550
Registrar General India ECIL,Tera Software Ltd,212,79
Registrar General India ECIL,Vedavaag Systems Limited,6087,1710
Registrar General India Others,AVVAS INFOTECH PVT  LTD,2,0
Registrar General India Others,COMTECHINFO SOLUTIONS PVT.LTD,9,0
Registrar General India Others,Computer LAB,2,2
Registrar General India Others,Eagle Software India Pvt. Ltd,1,2
Registrar General India Others,Emdee Digitronics Pvt.Ltd.,1,0
Registrar General India Others,Karvy Data Management Services,6,3
Registrar General India Others,Madras Security Printers Ltd,1,6
Registrar General India Others,Mphasis Ltd,2,0
Registrar General India Others,STRATEGIC OUTSOURCING SERVICE,1,0
Registrar General India Others,Swathy Smartcards Hi-Tech Pvt,46,13
Registrar General of India ITI,COMTECH INSTITUTE OFTECHNOLOGY,66,2
Registrar General of India ITI,CSS TECHNERGY LIMITED,41,0
Registrar General of India ITI,CommunitiWorks Welfare Society,79,2
Registrar General of India ITI,Eagle Software India Pvt. Ltd,465,42
Registrar General of India ITI,Emdee Digitronics Pvt.Ltd.,14514,1421
Registrar General of India ITI,Madras Security Printers Ltd,0,221
Registrar General of India ITI,Mphasis Ltd,20,0
Registrar General of India ITI,Multiwave Innovation,0,9
Registrar General of India ITI,Netwing Technologies Pvt Ltd,236,7
Registrar General of India ITI,Nielsen  India  Private Limited,29,1
Registrar General of India ITI,SREEVEN INFOCOM LIMITED,219,46
Registrar General of India ITI,STRATEGIC OUTSOURCING SERVICE,1144,9
Registrar General of India ITI,Swathy Smartcards Hi-Tech Pvt,2335,1707
Registrar General of India ITI,TechSmart India Pvt Ltd,1127,568
Registrar General of India ITI,VIRGO SOFTECH LIMITED,20,0
Registrar General of India ITI,Vedavaag Systems Limited,704,4
Registrar General of India ITI,WEBEL TECHNOLOGY LIMITED,646,27
STATE BANK OF HYDERABAD,CSS TECHNERGY LIMITED,21,0
STATE BANK OF PATIALA,CSS TECHNERGY LIMITED,9,0
State Bank of Bikaner & Jaipur,Multiwave Innovation,3406,122
State Bank of India,4G IDENTITY SOLUTIONS,1,9
State Bank of India,COMAT TECHNOLOGIES P LTD,0,1
State Bank of India,CSS TECHNERGY LIMITED,10,13
State Bank of India,Delhi Integrated MMTS Ltd,2,0
State Bank of India,IL&FS LTD,0,4
State Bank of India,Smart Chip Limited,0,5
State Bank of Travancore,Tera Software Ltd,23,1
UDD Govt of Jharkhand,Blue Circle Instrument,357,10
UDD Govt of Jharkhand,MKS Enterprises,656,31
UDD Govt of Jharkhand,Systematic & Advance Const P L,306,4
UDD Govt of Jharkhand,Vayam technologies Ltd,1,9
UIDAI-Registrar,UIDAI-EA,24,0
UT Of Daman and Diu,Alankit Assignments Limited,48,1
UT of Puducherry,Madras Security Printers Ltd,122,20
Union Bank,4G IDENTITY SOLUTIONS,9,75
Union Bank,FINANCIAL INFORMATION NETWORK,3886,50
Union Bank,Smart Chip Limited,9399,239
Union Bank,Vakrangee Softwares Limited,11017,552
United Bank of India,Atyati Technologies Pvt Ltd,0,1
