Registrar,Enrolment Agency,Aadhaar generated,Enrolment Rejected
Allahabad Bank,Tera Software Ltd,1,0
Allahabad Bank,Vakrangee Softwares Limited,19542,1410
Bank Of India,A3 Logics  India  Ltd,688,69
Bank Of India,Akanksha International,713,7
Bank Of India,Blue Circle Instrument,50,0
Bank Of India,CHESSY CONSULTANTS PVT LTD,325,4
Bank Of India,DATASOFT COMPUTER SERVICES(P),110,5
Bank Of India,Emdee Digitronics Pvt.Ltd.,68,0
Bank Of India,Frontech Systems Pvt Ltd,197,70
Bank Of India,MANTRA SOFTTECH (INDIA) PVTLTD,618,152
Bank Of India,Matrix Processing House,7898,245
Bank Of India,OPTIMIX CONSULTANCY PRIVATE LT,3,0
Bank Of India,OSWAL COMPUTERS & CONSULTANTS,1628,284
Bank Of India,PROTEX COMPUTER PVT LTD,383,41
Bank Of India,SARADA SYSTEMS,569,17
Bank Of India,SHRIKRISHNA KHANDASARI SUGAR M,1915,271
Bank Of India,SPANCO,825,46
Bank Of India,SREI INFRASTRUCTURE FINANCES L,756,58
Bank Of India,Silver Touch Technologies Ltd,733,37
Bank Of India,Systematic & Advance Const P L,7535,522
Bank Of India,VEETECHNOLOGIES PVT. LTD,999,24
Bank Of India,Vakrangee Softwares Limited,4482,654
Bank of Baroda,IL&FS LTD,2,37
Bank of Baroda,TEAM LIFE CARE COMPANY INDIA P,572,139
Bank of Maharashtra,Alankit Finsec Ltd,476,12
Bank of Maharashtra,FINANCIAL INFORMATION NETWORK,174,2
Bank of Maharashtra,Micro Technologies India Ltd,150,38
CSC e-Governance Services India Limited,A I Soc for Electronics and Comp Tech,170,5
CSC e-Governance Services India Limited,AKSH OPTIFIBRE LIMITED,17,2
CSC e-Governance Services India Limited,BASIX,5,0
CSC e-Governance Services India Limited,CALANCE SOFTWARE PRIVATE LTD,150,11
CSC e-Governance Services India Limited,CMS Computers Ltd,4,0
CSC e-Governance Services India Limited,Network for Information & Computer,70,0
CSC e-Governance Services India Limited,SPANCO,20,1
Canara Bank,ITI LIMITED,1,3
Central Bank of India,CALANCE SOFTWARE PRIVATE LTD,4118,134
Central Bank of India,Frontech Systems Pvt Ltd,35,0
Central Bank of India,IAP COMPANY Pvt. Ltd,6847,168
Central Bank of India,MANTRA SOFTTECH (INDIA) PVTLTD,361,22
Central Bank of India,The Peerless General Finance,929,34
DENA BANK,ATISHAY INFOTECH PVT. LTD.,56,2
DENA BANK,DATASOFT COMPUTER SERVICES(P),48,3
Delhi - Central DC,Smart Chip Limited,315,90
Delhi - East DC,DATASOFT COMPUTER SERVICES(P),282,115
Delhi - East DC,Tera Software Ltd,2,0
Delhi - ND DC,Smart Chip Limited,161,34
Delhi - NE DC,Smart Chip Limited,620,91
Delhi - North DC,CALANCE SOFTWARE PRIVATE LTD,796,56
Delhi - North DC,NVR & ASSOCIATES LIMITED,220,33
Delhi - North DC,Smart Chip Limited,165,20
Delhi SW DC,STRATEGIC OUTSOURCING SERVICE,2,0
Delhi SW DC,VIRGO SOFTECH LIMITED,392,140
Delhi Urban Shelter Improvemen,Tera Software Ltd,4,10
Delhi- South DC,Karvy Computershare Private Li,156,46
Delhi- South DC,Smart Chip Limited,153,21
Delhi- West DC,Smart Chip Limited,119,11
Delhi- West DC,VIRGO SOFTECH LIMITED,392,93
Delhi-NW DC,Karvy Computershare Private Li,124,42
Delhi-NW DC,STRATEGIC OUTSOURCING SERVICE,0,1
Dept of ITC Govt of Rajasthan,ATISHAY INFOTECH PVT. LTD.,4491,264
Dept of ITC Govt of Rajasthan,AVVAS INFOTECH PVT  LTD,1979,99
Dept of ITC Govt of Rajasthan,Alankit Finsec Ltd,471,47
Dept of ITC Govt of Rajasthan,DATASOFT COMPUTER SERVICES(P),5206,392
Dept of ITC Govt of Rajasthan,GSS Infotech Ltd,1,0
Dept of ITC Govt of Rajasthan,TechSmart India Pvt Ltd,700,13
Dept of ITC Govt of Rajasthan,Transline Technologies P Ltd,1387,78
Dept of ITC Govt of Rajasthan,Vakrangee Softwares Limited,1823,509
Dept of ITC Govt of Rajasthan,Vayam technologies Ltd,3019,159
FCR Govt of Haryana,Vakrangee Softwares Limited,363,61
FCS Govt of Punjab,Alankit Assignments Limited,1,0
FCS Govt of Punjab,CSS TECHNERGY LIMITED,396,15
FCS Govt of Punjab,Delhi Integrated MMTS Ltd,1,0
FCS Govt of Punjab,Karvy Computershare Private Li,2503,212
FCS Govt of Punjab,VIRGO SOFTECH LIMITED,1,0
FCS Govt of Punjab,Vayam technologies Ltd,1428,77
FCS Govt of Punjab,eCentric solutions pvt ltd,1203,57
Govt of Andhra Pradesh,Gouthami Educational Society,696,18
Govt of Andhra Pradesh,GrapeSoft,797,469
Govt of Andhra Pradesh,IL&FS LTD,198,13
Govt of Andhra Pradesh,INFRONICS SYSTEMS LTD,2115,242
Govt of Andhra Pradesh,Madras Security Printers Ltd,0,19
Govt of Andhra Pradesh,SREEVEN INFOCOM LIMITED,330,64
Govt of Andhra Pradesh,TechSmart India Pvt Ltd,6036,597
Govt of Andhra Pradesh,Tera Software Ltd,2211,246
Govt of Andhra Pradesh,eCentric solutions pvt ltd,16,0
Govt of Goa,MARS Telecom Systems Pvt Ltd,119,11
Govt of Goa,Tera Software Ltd,0,3
Govt of Gujarat,GSS Infotech Ltd,1193,51
Govt of Gujarat,Karvy Computershare Private Li,3166,94
Govt of Gujarat,Silver Touch Technologies Ltd,5731,193
Govt of Gujarat,Tera Software Ltd,2527,469
Govt of Gujarat,Transline Technologies P Ltd,476,49
Govt of Gujarat,Vayam technologies Ltd,2540,109
Govt of Gujarat,eCentric solutions pvt ltd,880,18
Govt of Himachal Pradesh,IL&FS LTD,0,1
Govt of Himachal Pradesh,Wipro Ltd,922,92
Govt of Himachal Pradesh,i-Grandee SoftwareTechnologies,705,54
Govt of Karnataka ,Integra Micro Systems Pvt.ltd,1,1
Govt of Karnataka ,MARS Telecom Systems Pvt Ltd,4939,127
Govt of Karnataka ,Ninestars Information Technologies Ltd,1821,133
Govt of Karnataka ,Origin ITFS Pvt Ltd,3750,152
Govt of Karnataka ,SREEVEN INFOCOM LIMITED,2309,90
Govt of Karnataka ,Tera Software Ltd,2,1
Govt of Kerala,Akshaya,2355,588
Govt of Kerala,Keltron,2059,102
Govt of Madhya Pradesh,VIRGO SOFTECH LIMITED,9,15
Govt of Maharashtra,Alankit Assignments Limited,2,0
Govt of Maharashtra,Alankit Finsec Ltd,5316,181
Govt of Maharashtra,COMAT TECHNOLOGIES P LTD,1,0
Govt of Maharashtra,Eagle press pvt ltd,1735,31
Govt of Maharashtra,GLODYNE TECHNOSERVE,58,0
Govt of Maharashtra,GSS Infotech Ltd,0,1
Govt of Maharashtra,Karvy Computershare Private Li,5157,346
Govt of Maharashtra,M/s. Vidya Online  Pune,27,1
Govt of Maharashtra,Mahaonline Limited,14,46
Govt of Maharashtra,Narayana Electricals Solution Pvt Ltd,107,0
Govt of Maharashtra,Netlink software Pvt Ltd,1670,168
Govt of Maharashtra,Network for Information & Computer,9,0
Govt of Maharashtra,Obel projects Pvt Ltd,17,3
Govt of Maharashtra,Rudranee Infotech Ltd,233,12
Govt of Maharashtra,SHREERAM PRINTING PRESS,66,7
Govt of Maharashtra,SPANCO,1,1
Govt of Maharashtra,STRATEGIC OUTSOURCING SERVICE,3197,306
Govt of Maharashtra,Silver Touch Technologies Ltd,903,22
Govt of Maharashtra,Smart Chip Limited,0,1
Govt of Maharashtra,Systematic & Advance Const P L,151,3
Govt of Maharashtra,TEAM LIFE CARE COMPANY INDIA P,110,2
Govt of Maharashtra,TechSmart India Pvt Ltd,2306,423
Govt of Maharashtra,Tera Software Ltd,129,44
Govt of Maharashtra,Transline Technologies P Ltd,226,39
Govt of Maharashtra,Wipro Ltd,1779,164
Govt of Sikkim - Dept of Econo,4G IDENTITY SOLUTIONS,2,0
Govt of Sikkim - Dept of Econo,Department of Economics Statistics  Monitoring and Evaluation DESME,21,2
IDBI Bank ltd,ATISHAY INFOTECH PVT. LTD.,393,76
IDBI Bank ltd,Matrix Processing House,196,19
IDBI Bank ltd,Pioneer E Labs limited,21,0
IDBI Bank ltd,SREEVEN INFOCOM LIMITED,490,33
IDBI Bank ltd,UTI TECHNOLOGY SERVICES LIMITE,1029,86
IGNOU,Vakrangee Softwares Limited,1,0
Indiapost,4G IDENTITY SOLUTIONS,6,2
Indiapost,Delhi Integrated MMTS Ltd,3497,186
Indiapost,Eagle press pvt ltd,1,0
Indiapost,GLODYNE TECHNOSERVE,44,1
Indiapost,IL&FS LTD,0,8
Indiapost,M/S STAR DATA CENTRE,1,0
Indiapost,MARS Telecom Systems Pvt Ltd,209,23
Indiapost,Smart Chip Limited,155,21
Indiapost,TEAM LIFE CARE COMPANY INDIA P,3493,196
Indiapost,The NSIC ltd,13,31
Indiapost,Vayam technologies Ltd,2,2
Indiapost,WEBEL,19,4
Information Technology & Communication Department,4G INFORMATICS,5589,200
Information Technology & Communication Department,BNR UDYOG LIMITED,412,55
Information Technology & Communication Department,Bloom Solutions Pvt Ltd,646,142
Information Technology & Communication Department,CSS TECHNERGY LIMITED,396,112
Information Technology & Communication Department,GDC Advertising Pvt. Limited,546,67
Information Technology & Communication Department,JYOTHI COMPUTER SERVICES,1299,62
Information Technology & Communication Department,Karvy Data Management Services,447,38
Information Technology & Communication Department,MARS Telecom Systems Pvt Ltd,890,52
Information Technology & Communication Department,SREEVEN INFOCOM LIMITED,1568,72
Information Technology & Communication Department,Tera Software Ltd,547,56
Jharkhand,Alankit Assignments Limited,213,36
Jharkhand,Blue Circle Instrument,43,2
Jharkhand,Emdee Digitronics Pvt.Ltd.,176,39
Jharkhand,IL&FS LTD,1,5
Jharkhand,MKS Enterprises,430,119
Jharkhand,Nevaeh Technology Pvt. Ltd.,490,60
Jharkhand,STRATEGIC OUTSOURCING SERVICE,84,31
Jharkhand,Systematic & Advance Const P L,2458,100
Jharkhand,VISION COMPTECH INTEGRATOR LTD,420,34
Jharkhand,Wipro Ltd,577,198
Mission Convergence - GNCT Del,Karvy Computershare Private Li,375,43
Mission Convergence - GNCT Del,NVR & ASSOCIATES LIMITED,4,1
Mission Convergence - GNCT Del,STRATEGIC OUTSOURCING SERVICE,0,1
Mission Convergence - GNCT Del,eCentric solutions pvt ltd,3,0
NSDL e-Governance Infrastructure Limited,Abhipra Capital Ltd,1083,46
NSDL e-Governance Infrastructure Limited,Alankit Assignments Limited,3349,73
NSDL e-Governance Infrastructure Limited,Delhi Integrated MMTS Ltd,501,44
NSDL e-Governance Infrastructure Limited,INTEGRATED REGISTRY SERVICES,13,0
NSDL e-Governance Infrastructure Limited,Karvy Data Management Services,17930,757
NSDL e-Governance Infrastructure Limited,Netlink software Pvt Ltd,2271,104
NSDL e-Governance Infrastructure Limited,PROWIZ MANSYTEMS PVT LTD,2578,98
NSDL e-Governance Infrastructure Limited,TEAM LIFE CARE COMPANY INDIA P,513,84
NSDL e-Governance Infrastructure Limited,VIRGO SOFTECH LIMITED,2634,78
Oriental Bank of Commerce,DATASOFT COMPUTER SERVICES(P),196,10
Oriental Bank of Commerce,Euro Finmart Ltd,28,4
Oriental Bank of Commerce,FINANCIAL INFORMATION NETWORK,1,0
Oriental Bank of Commerce,IL&FS LTD,0,2
Oriental Bank of Commerce,JNET Technologies Pvt.Ltd,111,0
Oriental Bank of Commerce,Redim Software Technologies Pvt Ltd,507,7
Oriental Bank of Commerce,Sri Ramraja Sarkar Lok Kalyan Trust,851,45
Oriental Bank of Commerce,Wipro Ltd,2631,365
Punjab and Sind Bank,Matrix Processing House,2,1
RDD Govt of Tripura,Alankit Assignments Limited,1,0
Registrar General India - BEL,Manipur Electronics Dev Corp,5,0
Registrar General India - BEL,Swathy Smartcards Hi-Tech Pvt,6,1
Registrar General India BEL2,Alankit Assignments Limited,356,20
Registrar General India BEL2,Computer LAB,2195,93
Registrar General India BEL2,India Computer Technology,5723,341
Registrar General India BEL2,Madras Security Printers Ltd,2801,472
Registrar General India BEL2,Multiwave Innovation,1827,402
Registrar General India BEL2,Netlink software Pvt Ltd,225,18
Registrar General India BEL2,Nielsen  India  Private Limited,76,9
Registrar General India BEL2,Om Softwares,914,90
Registrar General India BEL2,SREEVEN INFOCOM LIMITED,521,7
Registrar General India BEL2,STRATEGIC OUTSOURCING SERVICE,368,14
Registrar General India BEL2,Swathy Smartcards Hi-Tech Pvt,38634,3779
Registrar General India BEL2,Swiss Tech India Pvt Ltd,36,110
Registrar General India BEL2,Tera Software Ltd,408,579
Registrar General India BEL2,Vansh Infotech Pvt Ltd,165,4
Registrar General India BEL2,Vedavaag Systems Limited,27,1
Registrar General India ECIL,AVVAS INFOTECH PVT  LTD,150,9
Registrar General India ECIL,BUSINESS INFORMATION PROCESSING SERVICES,29,0
Registrar General India ECIL,COMTECH INSTITUTE OFTECHNOLOGY,872,3
Registrar General India ECIL,COMTECHINFO SOLUTIONS PVT.LTD,1,0
Registrar General India ECIL,Clairvoyance Technologies Pvt.,1888,57
Registrar General India ECIL,Computer LAB,5611,501
Registrar General India ECIL,Eagle Software India Pvt. Ltd,345,1027
Registrar General India ECIL,In Media Computer Services LLP,93,12
Registrar General India ECIL,India Computer Technology,2652,2943
Registrar General India ECIL,Karvy Data Management Services,409,11
Registrar General India ECIL,Krishna Infotech,1151,283
Registrar General India ECIL,Madras Security Printers Ltd,3663,2525
Registrar General India ECIL,Netwing Technologies Pvt Ltd,294,1
Registrar General India ECIL,Nielsen  India  Private Limited,86,0
Registrar General India ECIL,Pioneer E Labs limited,6,36
Registrar General India ECIL,SWISSTECH NPR 57CR PROJECT PVT,12534,1993
Registrar General India ECIL,Tera Software Ltd,2839,6111
Registrar General India ECIL,Vedavaag Systems Limited,1411,439
Registrar General India Others,Computer LAB,0,3
Registrar General India Others,Eagle Software India Pvt. Ltd,0,2
Registrar General India Others,Emdee Digitronics Pvt.Ltd.,43,0
Registrar General India Others,Karvy Data Management Services,2,6
Registrar General India Others,Madras Security Printers Ltd,33,0
Registrar General India Others,Mphasis Ltd,1,0
Registrar General India Others,Nielsen  India  Private Limited,1,0
Registrar General India Others,Om Softwares,2,0
Registrar General India Others,STRATEGIC OUTSOURCING SERVICE,3,0
Registrar General India Others,Swathy Smartcards Hi-Tech Pvt,123,11
Registrar General India Others,WEBEL TECHNOLOGY LIMITED,1,0
Registrar General of India ITI,COMTECH INSTITUTE OFTECHNOLOGY,359,1
Registrar General of India ITI,CSS TECHNERGY LIMITED,35,4
Registrar General of India ITI,CommunitiWorks Welfare Society,1767,4
Registrar General of India ITI,Eagle Software India Pvt. Ltd,1441,88
Registrar General of India ITI,Emdee Digitronics Pvt.Ltd.,31650,2609
Registrar General of India ITI,Madras Security Printers Ltd,0,3
Registrar General of India ITI,Mphasis Ltd,11,0
Registrar General of India ITI,Multiwave Innovation,4,53
Registrar General of India ITI,Netwing Technologies Pvt Ltd,40,5
Registrar General of India ITI,Nielsen  India  Private Limited,333,0
Registrar General of India ITI,SREEVEN INFOCOM LIMITED,374,492
Registrar General of India ITI,STRATEGIC OUTSOURCING SERVICE,1131,13
Registrar General of India ITI,Swathy Smartcards Hi-Tech Pvt,12589,7297
Registrar General of India ITI,TechSmart India Pvt Ltd,61,212
Registrar General of India ITI,VIRGO SOFTECH LIMITED,314,1
Registrar General of India ITI,Vedavaag Systems Limited,630,2
Registrar General of India ITI,WEBEL TECHNOLOGY LIMITED,4829,29
STATE BANK OF PATIALA,CSS TECHNERGY LIMITED,2,0
State Bank of Bikaner & Jaipur,Multiwave Innovation,3292,127
State Bank of India,4G IDENTITY SOLUTIONS,0,2
State Bank of India,CSS TECHNERGY LIMITED,4,1
State Bank of India,Smart Chip Limited,1,0
State Bank of Travancore,Tera Software Ltd,50,26
UDD Govt of Jharkhand,Blue Circle Instrument,166,15
UDD Govt of Jharkhand,IL&FS LTD,0,1
UDD Govt of Jharkhand,MKS Enterprises,716,142
UDD Govt of Jharkhand,Systematic & Advance Const P L,1396,74
UDD Govt of Jharkhand,Vayam technologies Ltd,43,2
UIDAI-Registrar,UIDAI-EA,14,1
UT Of Daman and Diu,Alankit Assignments Limited,64,5
UT of Puducherry,Madras Security Printers Ltd,46,96
Union Bank,4G IDENTITY SOLUTIONS,1,1
Union Bank,FINANCIAL INFORMATION NETWORK,4599,248
Union Bank,Smart Chip Limited,9192,1013
Union Bank,Vakrangee Softwares Limited,11173,1723
