Registrar,Enrolment Agency,Aadhaar generated,Enrolment Rejected
Allahabad Bank,Tera Software Ltd,3,2
Allahabad Bank,Vakrangee Softwares Limited,11744,1267
Bank Of India,A3 Logics  India  Ltd,2188,93
Bank Of India,Akanksha International,243,3
Bank Of India,Blue Circle Instrument,279,2
Bank Of India,CHESSY CONSULTANTS PVT LTD,652,19
Bank Of India,DATASOFT COMPUTER SERVICES(P),273,2
Bank Of India,Emdee Digitronics Pvt.Ltd.,150,2
Bank Of India,Frontech Systems Pvt Ltd,995,47
Bank Of India,ITI LIMITED,4,1
Bank Of India,MANTRA SOFTTECH (INDIA) PVTLTD,847,62
Bank Of India,Matrix Processing House,5166,381
Bank Of India,OPTIMIX CONSULTANCY PRIVATE LT,5,1
Bank Of India,OSWAL COMPUTERS & CONSULTANTS,2572,141
Bank Of India,PROTEX COMPUTER PVT LTD,736,23
Bank Of India,SARADA SYSTEMS,1177,17
Bank Of India,SHRIKRISHNA KHANDASARI SUGAR M,1567,155
Bank Of India,SPANCO,1126,57
Bank Of India,SREI INFRASTRUCTURE FINANCES L,835,63
Bank Of India,Silver Touch Technologies Ltd,772,29
Bank Of India,Systematic & Advance Const P L,5362,332
Bank Of India,VEETECHNOLOGIES PVT. LTD,995,19
Bank Of India,Vakrangee Softwares Limited,2349,342
Bank of Baroda,DATASOFT COMPUTER SERVICES(P),12,0
Bank of Baroda,IL&FS LTD,0,17
Bank of Baroda,TEAM LIFE CARE COMPANY INDIA P,3275,83
Bank of Maharashtra,Alankit Assignments Limited,0,1
Bank of Maharashtra,Alankit Finsec Ltd,68,6
Bank of Maharashtra,FINANCIAL INFORMATION NETWORK,32,12
Bank of Maharashtra,Micro Technologies India Ltd,61,5
CSC e-Governance Services India Limited,A I Soc for Electronics and Comp Tech,373,1
CSC e-Governance Services India Limited,AKSH OPTIFIBRE LIMITED,35,0
CSC e-Governance Services India Limited,BASIX,13,1
CSC e-Governance Services India Limited,CALANCE SOFTWARE PRIVATE LTD,6,0
CSC e-Governance Services India Limited,CMS Computers Ltd,12,1
CSC e-Governance Services India Limited,Network for Information & Computer,64,2
CSC e-Governance Services India Limited,SPANCO,77,7
Canara Bank,Rosmerta technoliges Limited,1,0
Canara Bank,Smart Chip Limited,0,1
Central Bank of India,CALANCE SOFTWARE PRIVATE LTD,3195,106
Central Bank of India,Frontech Systems Pvt Ltd,8,0
Central Bank of India,IAP COMPANY Pvt. Ltd,7566,176
Central Bank of India,IL&FS LTD,0,47
Central Bank of India,MANTRA SOFTTECH (INDIA) PVTLTD,418,23
Central Bank of India,SREI INFRASTRUCTURE FINANCES L,0,3
Central Bank of India,The Peerless General Finance,695,32
Civil Supplies - A&N Islands,India Computer Technology,18,0
DENA BANK,ATISHAY INFOTECH PVT. LTD.,90,2
DENA BANK,DATASOFT COMPUTER SERVICES(P),64,3
Delhi - Central DC,Smart Chip Limited,411,55
Delhi - East DC,DATASOFT COMPUTER SERVICES(P),590,58
Delhi - East DC,Tera Software Ltd,0,2
Delhi - ND DC,Smart Chip Limited,80,12
Delhi - NE DC,Alankit Assignments Limited,0,4
Delhi - NE DC,Smart Chip Limited,548,111
Delhi - North DC,CALANCE SOFTWARE PRIVATE LTD,1166,120
Delhi - North DC,DATASOFT COMPUTER SERVICES(P),4,0
Delhi - North DC,NVR & ASSOCIATES LIMITED,165,85
Delhi - North DC,Smart Chip Limited,252,42
Delhi SW DC,STRATEGIC OUTSOURCING SERVICE,1,2
Delhi SW DC,VIRGO SOFTECH LIMITED,509,124
Delhi Urban Shelter Improvemen,STRATEGIC OUTSOURCING SERVICE,0,8
Delhi Urban Shelter Improvemen,Smart Chip Limited,1,1
Delhi- South DC,Karvy Computershare Private Li,696,26
Delhi- South DC,Smart Chip Limited,118,20
Delhi- South DC,Tera Software Ltd,2,3
Delhi- South DC,eCentric solutions pvt ltd,5,2
Delhi- West DC,Matrix Processing House,1,0
Delhi- West DC,Smart Chip Limited,142,18
Delhi- West DC,VIRGO SOFTECH LIMITED,262,108
Delhi-NW DC,Karvy Computershare Private Li,285,44
Delhi-NW DC,STRATEGIC OUTSOURCING SERVICE,12,2
Dept of ITC Govt of Rajasthan,ATISHAY INFOTECH PVT. LTD.,3174,174
Dept of ITC Govt of Rajasthan,AVVAS INFOTECH PVT  LTD,2996,60
Dept of ITC Govt of Rajasthan,Alankit Finsec Ltd,825,38
Dept of ITC Govt of Rajasthan,DATASOFT COMPUTER SERVICES(P),4450,162
Dept of ITC Govt of Rajasthan,GSS Infotech Ltd,18,0
Dept of ITC Govt of Rajasthan,TechSmart India Pvt Ltd,347,7
Dept of ITC Govt of Rajasthan,Transline Technologies P Ltd,1548,77
Dept of ITC Govt of Rajasthan,Vakrangee Softwares Limited,2315,303
Dept of ITC Govt of Rajasthan,Vayam technologies Ltd,2088,55
FCR Govt of Haryana,Vakrangee Softwares Limited,160,90
FCS Govt of Punjab,Alankit Assignments Limited,4,2
FCS Govt of Punjab,Alankit Finsec Ltd,23,4
FCS Govt of Punjab,Alankit Life Care Ltd,2,0
FCS Govt of Punjab,CSS TECHNERGY LIMITED,336,23
FCS Govt of Punjab,Delhi Integrated MMTS Ltd,15,0
FCS Govt of Punjab,Diwakar Commercials Pvt Ltd,3,2
FCS Govt of Punjab,Karvy Computershare Private Li,1542,197
FCS Govt of Punjab,VIRGO SOFTECH LIMITED,1,2
FCS Govt of Punjab,VISESH INFOTECNICS LIMITED,1,0
FCS Govt of Punjab,Vayam technologies Ltd,1394,36
FCS Govt of Punjab,eCentric solutions pvt ltd,5710,110
Govt of Andhra Pradesh,Gouthami Educational Society,1778,23
Govt of Andhra Pradesh,GrapeSoft,1826,350
Govt of Andhra Pradesh,IL&FS LTD,330,17
Govt of Andhra Pradesh,INFRONICS SYSTEMS LTD,2581,285
Govt of Andhra Pradesh,Madras Security Printers Ltd,4,65
Govt of Andhra Pradesh,SREEVEN INFOCOM LIMITED,394,56
Govt of Andhra Pradesh,Smart Chip Limited,0,1
Govt of Andhra Pradesh,TechSmart India Pvt Ltd,3353,566
Govt of Andhra Pradesh,Tera Software Ltd,1941,194
Govt of Andhra Pradesh,eCentric solutions pvt ltd,78,11
Govt of Goa,MARS Telecom Systems Pvt Ltd,234,33
Govt of Goa,Tera Software Ltd,21,0
Govt of Gujarat,GSS Infotech Ltd,1277,40
Govt of Gujarat,Karvy Computershare Private Li,3717,88
Govt of Gujarat,Silver Touch Technologies Ltd,3412,52
Govt of Gujarat,Tera Software Ltd,1884,36
Govt of Gujarat,Transline Technologies P Ltd,533,5
Govt of Gujarat,Vayam technologies Ltd,1051,34
Govt of Gujarat,eCentric solutions pvt ltd,3643,114
Govt of Himachal Pradesh,Wipro Ltd,2000,164
Govt of Himachal Pradesh,i-Grandee SoftwareTechnologies,2417,61
Govt of Karnataka ,COMAT TECHNOLOGIES P LTD,1,35
Govt of Karnataka ,GLODYNE TECHNOSERVE,43,2
Govt of Karnataka ,MARS Telecom Systems Pvt Ltd,3544,61
Govt of Karnataka ,Ninestars Information Technologies Ltd,2068,160
Govt of Karnataka ,Origin ITFS Pvt Ltd,4392,170
Govt of Karnataka ,SREEVEN INFOCOM LIMITED,2012,99
Govt of Karnataka ,Tera Software Ltd,6,0
Govt of Karnataka ,Wipro Ltd,2,5
Govt of Kerala,Akshaya,4827,172
Govt of Kerala,Keltron,2291,164
Govt of Madhya Pradesh,Bharatiya Samruddhi Investment & Consulting Services Ltd.,0,1
Govt of Madhya Pradesh,VIRGO SOFTECH LIMITED,396,162
Govt of Maharashtra,Alankit Assignments Limited,56,105
Govt of Maharashtra,Alankit Finsec Ltd,3353,250
Govt of Maharashtra,COMAT TECHNOLOGIES P LTD,31,1
Govt of Maharashtra,Eagle press pvt ltd,2399,27
Govt of Maharashtra,GLODYNE TECHNOSERVE,44,2
Govt of Maharashtra,GSS Infotech Ltd,54,9
Govt of Maharashtra,Karvy Computershare Private Li,4040,208
Govt of Maharashtra,M/s. Vidya Online  Pune,18,1
Govt of Maharashtra,Mahaonline Limited,452,698
Govt of Maharashtra,Narayana Electricals Solution Pvt Ltd,68,1
Govt of Maharashtra,Netlink software Pvt Ltd,947,52
Govt of Maharashtra,Network for Information & Computer,24,0
Govt of Maharashtra,Obel projects Pvt Ltd,16,7
Govt of Maharashtra,Rudranee Infotech Ltd,168,11
Govt of Maharashtra,SHREERAM PRINTING PRESS,76,10
Govt of Maharashtra,SPANCO,11,37
Govt of Maharashtra,STRATEGIC OUTSOURCING SERVICE,3486,1019
Govt of Maharashtra,Silver Touch Technologies Ltd,1097,14
Govt of Maharashtra,Smart Chip Limited,6,1
Govt of Maharashtra,Systematic & Advance Const P L,136,8
Govt of Maharashtra,TEAM LIFE CARE COMPANY INDIA P,571,16
Govt of Maharashtra,TechSmart India Pvt Ltd,808,34
Govt of Maharashtra,Tera Software Ltd,249,735
Govt of Maharashtra,Transline Technologies P Ltd,269,77
Govt of Maharashtra,Wep Solution India Limited,0,4
Govt of Maharashtra,Wipro Ltd,1379,108
Govt of Sikkim - Dept of Econo,4G IDENTITY SOLUTIONS,7,1
Govt of Sikkim - Dept of Econo,Department of Economics Statistics  Monitoring and Evaluation DESME,137,3
IDBI Bank ltd,ATISHAY INFOTECH PVT. LTD.,406,12
IDBI Bank ltd,GSS Infotech Ltd,1,0
IDBI Bank ltd,Matrix Processing House,101,20
IDBI Bank ltd,Pioneer E Labs limited,7,1
IDBI Bank ltd,SREEVEN INFOCOM LIMITED,410,28
IDBI Bank ltd,UTI TECHNOLOGY SERVICES LIMITE,507,20
Indian Overseas Bank,Eagle Software India Pvt. Ltd,3,0
Indiapost,4G IDENTITY SOLUTIONS,457,10
Indiapost,COMAT TECHNOLOGIES P LTD,15,2
Indiapost,Delhi Integrated MMTS Ltd,4568,111
Indiapost,Eagle press pvt ltd,1,0
Indiapost,GLODYNE TECHNOSERVE,67,6
Indiapost,IL&FS LTD,1,0
Indiapost,M/S STAR DATA CENTRE,1,1
Indiapost,MARS Telecom Systems Pvt Ltd,241,112
Indiapost,Madras Security Printers Ltd,2,0
Indiapost,Smart Chip Limited,260,11
Indiapost,TEAM LIFE CARE COMPANY INDIA P,2286,126
Indiapost,The NSIC ltd,16,5
Indiapost,The Peerless General Finance,3,0
Indiapost,UTI TECHNOLOGY SERVICES LIMITE,0,3
Indiapost,Vayam technologies Ltd,27,0
Indiapost,WEBEL,9,1
Information Technology & Communication Department,4G INFORMATICS,5230,189
Information Technology & Communication Department,BNR UDYOG LIMITED,544,31
Information Technology & Communication Department,Bloom Solutions Pvt Ltd,1933,160
Information Technology & Communication Department,CSS TECHNERGY LIMITED,194,13
Information Technology & Communication Department,GDC Advertising Pvt. Limited,2824,64
Information Technology & Communication Department,JYOTHI COMPUTER SERVICES,1243,63
Information Technology & Communication Department,Karvy Data Management Services,1691,113
Information Technology & Communication Department,MARS Telecom Systems Pvt Ltd,1285,127
Information Technology & Communication Department,SREEVEN INFOCOM LIMITED,1409,149
Information Technology & Communication Department,Tera Software Ltd,187,47
Jammu and Kashmir Bank,COMTECH INSTITUTE OFTECHNOLOGY,2,0
Jharkhand,Alankit Assignments Limited,223,29
Jharkhand,Blue Circle Instrument,77,6
Jharkhand,Emdee Digitronics Pvt.Ltd.,367,29
Jharkhand,MKS Enterprises,829,58
Jharkhand,Nevaeh Technology Pvt. Ltd.,540,22
Jharkhand,STRATEGIC OUTSOURCING SERVICE,190,34
Jharkhand,Smart ID,0,14
Jharkhand,Systematic & Advance Const P L,1495,85
Jharkhand,VISION COMPTECH INTEGRATOR LTD,817,35
Jharkhand,Wipro Ltd,1991,150
Life Insurance Corporation,COMAT TECHNOLOGIES P LTD,0,1
Mission Convergence - GNCT Del,Alankit Assignments Limited,2,0
Mission Convergence - GNCT Del,IL&FS LTD,0,1
Mission Convergence - GNCT Del,Karvy Computershare Private Li,242,8
Mission Convergence - GNCT Del,STRATEGIC OUTSOURCING SERVICE,32,0
Mission Convergence - GNCT Del,Smart Chip Limited,1,0
Mission Convergence - GNCT Del,eCentric solutions pvt ltd,0,3
NSDL e-Governance Infrastructure Limited,Abhipra Capital Ltd,2642,131
NSDL e-Governance Infrastructure Limited,Alankit Assignments Limited,1885,154
NSDL e-Governance Infrastructure Limited,Delhi Integrated MMTS Ltd,125,3
NSDL e-Governance Infrastructure Limited,INTEGRATED REGISTRY SERVICES,10,0
NSDL e-Governance Infrastructure Limited,Karvy Data Management Services,20843,1070
NSDL e-Governance Infrastructure Limited,Netlink software Pvt Ltd,1960,138
NSDL e-Governance Infrastructure Limited,PROWIZ MANSYTEMS PVT LTD,965,79
NSDL e-Governance Infrastructure Limited,TEAM LIFE CARE COMPANY INDIA P,490,45
NSDL e-Governance Infrastructure Limited,VIRGO SOFTECH LIMITED,1701,70
Oriental Bank of Commerce,DATASOFT COMPUTER SERVICES(P),177,9
Oriental Bank of Commerce,Euro Finmart Ltd,90,5
Oriental Bank of Commerce,FINANCIAL INFORMATION NETWORK,3,0
Oriental Bank of Commerce,JNET Technologies Pvt.Ltd,70,16
Oriental Bank of Commerce,Redim Software Technologies Pvt Ltd,359,5
Oriental Bank of Commerce,Sri Ramraja Sarkar Lok Kalyan Trust,1171,37
Oriental Bank of Commerce,The NSIC ltd,7,0
Oriental Bank of Commerce,Wipro Ltd,3207,231
Punjab and Sind Bank,Matrix Processing House,8,0
RDD Govt of Tripura,Alankit Assignments Limited,0,27
Registrar General India - BEL,In Media Computer Services LLP,8,1
Registrar General India - BEL,Manipur Electronics Dev Corp,46,0
Registrar General India BEL2,Alankit Assignments Limited,565,63
Registrar General India BEL2,Computer LAB,743,991
Registrar General India BEL2,India Computer Technology,5415,1747
Registrar General India BEL2,Madras Security Printers Ltd,1995,3608
Registrar General India BEL2,Multiwave Innovation,4461,2357
Registrar General India BEL2,Netlink software Pvt Ltd,620,56
Registrar General India BEL2,Nielsen  India  Private Limited,91,6
Registrar General India BEL2,Om Softwares,617,176
Registrar General India BEL2,SREEVEN INFOCOM LIMITED,280,8
Registrar General India BEL2,STRATEGIC OUTSOURCING SERVICE,700,129
Registrar General India BEL2,Swathy Smartcards Hi-Tech Pvt,13292,8041
Registrar General India BEL2,Swiss Tech India Pvt Ltd,482,85
Registrar General India BEL2,Tera Software Ltd,911,6031
Registrar General India BEL2,VIRGO SOFTECH LIMITED,0,2
Registrar General India BEL2,Vansh Infotech Pvt Ltd,336,19
Registrar General India BEL2,Vedavaag Systems Limited,32,4
Registrar General India ECIL,AVVAS INFOTECH PVT  LTD,139,28
Registrar General India ECIL,BUSINESS INFORMATION PROCESSING SERVICES,21,0
Registrar General India ECIL,COMTECH INSTITUTE OFTECHNOLOGY,70,8
Registrar General India ECIL,Clairvoyance Technologies Pvt.,442,48
Registrar General India ECIL,Computer LAB,12184,4756
Registrar General India ECIL,Eagle Software India Pvt. Ltd,1860,991
Registrar General India ECIL,In Media Computer Services LLP,69,49
Registrar General India ECIL,India Computer Technology,4047,1564
Registrar General India ECIL,Karvy Data Management Services,454,9
Registrar General India ECIL,Krishna Infotech,427,5052
Registrar General India ECIL,Madras Security Printers Ltd,5321,781
Registrar General India ECIL,Netwing Technologies Pvt Ltd,117,2
Registrar General India ECIL,Nielsen  India  Private Limited,77,1
Registrar General India ECIL,Pioneer E Labs limited,114,111
Registrar General India ECIL,SWISSTECH NPR 57CR PROJECT PVT,3947,13022
Registrar General India ECIL,Tera Software Ltd,1793,2458
Registrar General India ECIL,Vedavaag Systems Limited,1745,2354
Registrar General India Others,COMTECH INSTITUTE OFTECHNOLOGY,2,0
Registrar General India Others,Chinar Construction Company Prime agency,23,0
Registrar General India Others,Computer LAB,2,2
Registrar General India Others,Emdee Digitronics Pvt.Ltd.,1,0
Registrar General India Others,Karvy Data Management Services,6,2
Registrar General India Others,Madras Security Printers Ltd,12,8
Registrar General India Others,Om Softwares,1,0
Registrar General India Others,STRATEGIC OUTSOURCING SERVICE,1,0
Registrar General India Others,Swathy Smartcards Hi-Tech Pvt,1,32
Registrar General of India ITI,COMTECH INSTITUTE OFTECHNOLOGY,46,1
Registrar General of India ITI,CSS TECHNERGY LIMITED,49,12
Registrar General of India ITI,CommunitiWorks Welfare Society,12,3
Registrar General of India ITI,Eagle Software India Pvt. Ltd,4130,102
Registrar General of India ITI,Emdee Digitronics Pvt.Ltd.,25593,642
Registrar General of India ITI,Madras Security Printers Ltd,1,336
Registrar General of India ITI,Mphasis Ltd,1,1
Registrar General of India ITI,Multiwave Innovation,13,57
Registrar General of India ITI,Netwing Technologies Pvt Ltd,20,15
Registrar General of India ITI,Nielsen  India  Private Limited,671,14
Registrar General of India ITI,SREEVEN INFOCOM LIMITED,215,230
Registrar General of India ITI,STRATEGIC OUTSOURCING SERVICE,1515,27
Registrar General of India ITI,Swathy Smartcards Hi-Tech Pvt,4304,3630
Registrar General of India ITI,TechSmart India Pvt Ltd,476,2053
Registrar General of India ITI,VIRGO SOFTECH LIMITED,6,0
Registrar General of India ITI,Vedavaag Systems Limited,155,8
Registrar General of India ITI,WEBEL TECHNOLOGY LIMITED,774,67
STATE BANK OF HYDERABAD,CSS TECHNERGY LIMITED,37,1
STATE BANK OF PATIALA,CSS TECHNERGY LIMITED,25,0
State Bank of Bikaner & Jaipur,Multiwave Innovation,4597,228
State Bank of India,4G IDENTITY SOLUTIONS,103,9
State Bank of India,COMAT TECHNOLOGIES P LTD,1,0
State Bank of India,CSS TECHNERGY LIMITED,34,18
State Bank of India,Delhi Integrated MMTS Ltd,0,4
State Bank of India,Eagle press pvt ltd,3,0
State Bank of India,IL&FS LTD,0,12
State Bank of India,Smart Chip Limited,25,4
State Bank of India,VIRGO SOFTECH LIMITED,0,8
State Bank of Travancore,Tera Software Ltd,76,7
UDD Govt of Jharkhand,Blue Circle Instrument,410,24
UDD Govt of Jharkhand,MKS Enterprises,2139,112
UDD Govt of Jharkhand,Smart ID,1,0
UDD Govt of Jharkhand,Systematic & Advance Const P L,1046,28
UDD Govt of Jharkhand,Vayam technologies Ltd,13,3
UIDAI-Registrar,UIDAI-EA,4,0
UT Of Daman and Diu,Alankit Assignments Limited,143,5
UT Of Daman and Diu,Madras Security Printers Ltd,0,1
UT of Puducherry,Madras Security Printers Ltd,77,155
Union Bank,4G IDENTITY SOLUTIONS,48,69
Union Bank,FINANCIAL INFORMATION NETWORK,3483,131
Union Bank,Smart Chip Limited,6398,1088
Union Bank,Vakrangee Softwares Limited,8643,905
