Registrar,Enrolment Agency,Aadhaar generated,Enrolment Rejected
Allahabad Bank,IL&FS LTD,3,0
Allahabad Bank,Tera Software Ltd,2,1
Allahabad Bank,Vakrangee Softwares Limited,54088,472
Bank Of India,A3 Logics  India  Ltd,6187,153
Bank Of India,Akanksha International,872,35
Bank Of India,Blue Circle Instrument,185,1
Bank Of India,CHESSY CONSULTANTS PVT LTD,1344,22
Bank Of India,DATASOFT COMPUTER SERVICES(P),333,18
Bank Of India,Emdee Digitronics Pvt.Ltd.,202,7
Bank Of India,Frontech Systems Pvt Ltd,447,12
Bank Of India,ITI LIMITED,27,4
Bank Of India,MANTRA SOFTTECH (INDIA) PVTLTD,905,69
Bank Of India,Matrix Processing House,9587,337
Bank Of India,OPTIMIX CONSULTANCY PRIVATE LT,9,2
Bank Of India,OSWAL COMPUTERS & CONSULTANTS,4822,731
Bank Of India,PROTEX COMPUTER PVT LTD,1669,40
Bank Of India,SARADA SYSTEMS,1277,41
Bank Of India,SHRIKRISHNA KHANDASARI SUGAR M,5787,45
Bank Of India,SPANCO,2632,38
Bank Of India,SREI INFRASTRUCTURE FINANCES L,2184,118
Bank Of India,Silver Touch Technologies Ltd,1696,38
Bank Of India,Systematic & Advance Const P L,10728,720
Bank Of India,VEETECHNOLOGIES PVT. LTD,1930,3
Bank Of India,Vakrangee Softwares Limited,13504,951
Bank of Baroda,DATASOFT COMPUTER SERVICES(P),12,0
Bank of Baroda,IL&FS LTD,177,0
Bank of Baroda,TEAM LIFE CARE COMPANY INDIA P,1036,11
Bank of Maharashtra,Alankit Finsec Ltd,58,13
Bank of Maharashtra,FINANCIAL INFORMATION NETWORK,316,3
Bank of Maharashtra,Micro Technologies India Ltd,392,2
CSC e-Governance Services India Limited,A I Soc for Electronics and Comp Tech,614,4
CSC e-Governance Services India Limited,AKSH OPTIFIBRE LIMITED,86,9
CSC e-Governance Services India Limited,BASIX,52,5
CSC e-Governance Services India Limited,CALANCE SOFTWARE PRIVATE LTD,191,7
CSC e-Governance Services India Limited,CMS Computers Ltd,45,2
CSC e-Governance Services India Limited,Network for Information & Computer,176,4
CSC e-Governance Services India Limited,SPANCO,105,6
Canara Bank,ITI LIMITED,2,0
Central Bank of India,CALANCE SOFTWARE PRIVATE LTD,7642,90
Central Bank of India,Frontech Systems Pvt Ltd,7,0
Central Bank of India,IAP COMPANY Pvt. Ltd,11428,185
Central Bank of India,IL&FS LTD,29,0
Central Bank of India,MANTRA SOFTTECH (INDIA) PVTLTD,379,21
Central Bank of India,The Peerless General Finance,2138,24
Civil Supplies - A&N Islands,India Computer Technology,2,0
DENA BANK,ATISHAY INFOTECH PVT. LTD.,176,0
DENA BANK,DATASOFT COMPUTER SERVICES(P),100,4
DENA BANK,Multiwave Innovation,1,2
Delhi - Central DC,Smart Chip Limited,478,52
Delhi - East DC,DATASOFT COMPUTER SERVICES(P),655,70
Delhi - East DC,Tera Software Ltd,8,0
Delhi - ND DC,Smart Chip Limited,134,8
Delhi - NE DC,Alankit Assignments Limited,31,0
Delhi - NE DC,Smart Chip Limited,474,111
Delhi - North DC,CALANCE SOFTWARE PRIVATE LTD,1358,132
Delhi - North DC,DATASOFT COMPUTER SERVICES(P),8,0
Delhi - North DC,NVR & ASSOCIATES LIMITED,646,56
Delhi - North DC,Smart Chip Limited,448,7
Delhi SW DC,VIRGO SOFTECH LIMITED,646,77
Delhi Urban Shelter Improvemen,Alankit Assignments Limited,4,0
Delhi Urban Shelter Improvemen,Matrix Processing House,1,0
Delhi Urban Shelter Improvemen,Tera Software Ltd,20,0
Delhi- South DC,Karvy Computershare Private Li,735,14
Delhi- South DC,Smart Chip Limited,69,5
Delhi- South DC,Tera Software Ltd,2,0
Delhi- South DC,eCentric solutions pvt ltd,119,0
Delhi- West DC,Matrix Processing House,81,0
Delhi- West DC,Smart Chip Limited,124,1
Delhi- West DC,VIRGO SOFTECH LIMITED,563,39
Delhi-NW DC,Karvy Computershare Private Li,400,19
Delhi-NW DC,STRATEGIC OUTSOURCING SERVICE,4,0
Dept of ITC Govt of Rajasthan,ATISHAY INFOTECH PVT. LTD.,11022,300
Dept of ITC Govt of Rajasthan,AVVAS INFOTECH PVT  LTD,6994,44
Dept of ITC Govt of Rajasthan,Alankit Finsec Ltd,2955,46
Dept of ITC Govt of Rajasthan,DATASOFT COMPUTER SERVICES(P),8893,364
Dept of ITC Govt of Rajasthan,TechSmart India Pvt Ltd,395,7
Dept of ITC Govt of Rajasthan,Transline Technologies P Ltd,10992,95
Dept of ITC Govt of Rajasthan,Vakrangee Softwares Limited,10389,598
Dept of ITC Govt of Rajasthan,Vayam technologies Ltd,6613,218
FCR Govt of Haryana,Vakrangee Softwares Limited,797,9
FCS Govt of Punjab,Alankit Assignments Limited,506,0
FCS Govt of Punjab,Alankit Finsec Ltd,75,0
FCS Govt of Punjab,Alankit Life Care Ltd,9,0
FCS Govt of Punjab,CSS TECHNERGY LIMITED,2774,37
FCS Govt of Punjab,Delhi Integrated MMTS Ltd,198,0
FCS Govt of Punjab,Diwakar Commercials Pvt Ltd,1,0
FCS Govt of Punjab,Karvy Computershare Private Li,6323,262
FCS Govt of Punjab,VIRGO SOFTECH LIMITED,12,0
FCS Govt of Punjab,Vayam technologies Ltd,9204,224
FCS Govt of Punjab,eCentric solutions pvt ltd,5484,110
Govt of Andhra Pradesh,Gouthami Educational Society,933,16
Govt of Andhra Pradesh,GrapeSoft,690,24
Govt of Andhra Pradesh,IL&FS LTD,293,0
Govt of Andhra Pradesh,INFRONICS SYSTEMS LTD,3490,226
Govt of Andhra Pradesh,Madras Security Printers Ltd,28,0
Govt of Andhra Pradesh,SREEVEN INFOCOM LIMITED,490,3
Govt of Andhra Pradesh,TechSmart India Pvt Ltd,14308,38
Govt of Andhra Pradesh,Tera Software Ltd,2381,13
Govt of Andhra Pradesh,eCentric solutions pvt ltd,34,0
Govt of Goa,MARS Telecom Systems Pvt Ltd,168,19
Govt of Goa,Tera Software Ltd,8,0
Govt of Gujarat,GSS Infotech Ltd,5747,77
Govt of Gujarat,Karvy Computershare Private Li,6938,159
Govt of Gujarat,Silver Touch Technologies Ltd,12479,178
Govt of Gujarat,Tera Software Ltd,3581,23
Govt of Gujarat,Transline Technologies P Ltd,1882,77
Govt of Gujarat,Vayam technologies Ltd,7294,81
Govt of Gujarat,eCentric solutions pvt ltd,1871,51
Govt of Himachal Pradesh,IL&FS LTD,9,0
Govt of Himachal Pradesh,Wipro Ltd,3821,149
Govt of Himachal Pradesh,i-Grandee SoftwareTechnologies,2809,26
Govt of Karnataka ,COMAT TECHNOLOGIES P LTD,39,0
Govt of Karnataka ,GLODYNE TECHNOSERVE,6,0
Govt of Karnataka ,Integra Micro Systems Pvt.ltd,0,8
Govt of Karnataka ,MARS Telecom Systems Pvt Ltd,9513,55
Govt of Karnataka ,Ninestars Information Technologies Ltd,5746,111
Govt of Karnataka ,Origin ITFS Pvt Ltd,23561,147
Govt of Karnataka ,SREEVEN INFOCOM LIMITED,8114,88
Govt of Karnataka ,Tera Software Ltd,3,1
Govt of Karnataka ,Wipro Ltd,2,0
Govt of Kerala,Akshaya,25838,95
Govt of Kerala,Keltron,9183,15
Govt of Madhya Pradesh,VIRGO SOFTECH LIMITED,589,148
Govt of Maharashtra,Alankit Assignments Limited,136,0
Govt of Maharashtra,Alankit Finsec Ltd,11375,184
Govt of Maharashtra,COMAT TECHNOLOGIES P LTD,2,0
Govt of Maharashtra,Eagle press pvt ltd,2103,3
Govt of Maharashtra,GLODYNE TECHNOSERVE,263,4
Govt of Maharashtra,GSS Infotech Ltd,7,0
Govt of Maharashtra,Karvy Computershare Private Li,12916,77
Govt of Maharashtra,M/s. Vidya Online  Pune,45,0
Govt of Maharashtra,Mahaonline Limited,195,448
Govt of Maharashtra,Narayana Electricals Solution Pvt Ltd,335,5
Govt of Maharashtra,Netlink software Pvt Ltd,1898,36
Govt of Maharashtra,Network for Information & Computer,39,0
Govt of Maharashtra,Obel projects Pvt Ltd,936,9
Govt of Maharashtra,Rudranee Infotech Ltd,150,1
Govt of Maharashtra,SHREERAM PRINTING PRESS,412,0
Govt of Maharashtra,STRATEGIC OUTSOURCING SERVICE,10891,128
Govt of Maharashtra,Silver Touch Technologies Ltd,2981,17
Govt of Maharashtra,Smart Chip Limited,5,0
Govt of Maharashtra,Systematic & Advance Const P L,167,0
Govt of Maharashtra,TEAM LIFE CARE COMPANY INDIA P,189,1
Govt of Maharashtra,TechSmart India Pvt Ltd,6907,472
Govt of Maharashtra,Tera Software Ltd,617,2
Govt of Maharashtra,Transline Technologies P Ltd,2502,26
Govt of Maharashtra,Wep Solution India Limited,1,6
Govt of Maharashtra,Wipro Ltd,10914,205
Govt of Sikkim - Dept of Econo,4G IDENTITY SOLUTIONS,10,0
Govt of Sikkim - Dept of Econo,Department of Economics Statistics  Monitoring and Evaluation DESME,131,2
IDBI Bank ltd,ATISHAY INFOTECH PVT. LTD.,1490,74
IDBI Bank ltd,Matrix Processing House,263,9
IDBI Bank ltd,Pioneer E Labs limited,30,2
IDBI Bank ltd,SREEVEN INFOCOM LIMITED,1736,8
IDBI Bank ltd,UTI TECHNOLOGY SERVICES LIMITE,1309,18
IGNOU,VIRGO SOFTECH LIMITED,3,0
Indian Overseas Bank,Eagle Software India Pvt. Ltd,1,0
Indian Overseas Bank,Karvy Computershare Private Li,2,0
Indiapost,4G IDENTITY SOLUTIONS,243,0
Indiapost,COMAT TECHNOLOGIES P LTD,9,0
Indiapost,Delhi Integrated MMTS Ltd,9942,215
Indiapost,GLODYNE TECHNOSERVE,17,3
Indiapost,GSS Infotech Ltd,3,0
Indiapost,IL&FS LTD,8,0
Indiapost,M/S STAR DATA CENTRE,4,0
Indiapost,MARS Telecom Systems Pvt Ltd,359,18
Indiapost,Madras Security Printers Ltd,2,0
Indiapost,Smart Chip Limited,306,14
Indiapost,TEAM LIFE CARE COMPANY INDIA P,5793,52
Indiapost,The NSIC ltd,25,0
Indiapost,The Peerless General Finance,1,0
Indiapost,UTI TECHNOLOGY SERVICES LIMITE,4,0
Indiapost,Vayam technologies Ltd,74,11
Indiapost,WEBEL,15,0
Indiapost,eCentric solutions pvt ltd,3,0
Information Technology & Communication Department,4G INFORMATICS,16675,89
Information Technology & Communication Department,BNR UDYOG LIMITED,1755,6
Information Technology & Communication Department,Bloom Solutions Pvt Ltd,9252,36
Information Technology & Communication Department,CSS TECHNERGY LIMITED,1959,8
Information Technology & Communication Department,GDC Advertising Pvt. Limited,2560,16
Information Technology & Communication Department,JYOTHI COMPUTER SERVICES,3223,22
Information Technology & Communication Department,Karvy Data Management Services,625,1
Information Technology & Communication Department,MARS Telecom Systems Pvt Ltd,2369,129
Information Technology & Communication Department,SREEVEN INFOCOM LIMITED,1553,18
Information Technology & Communication Department,Tera Software Ltd,1031,10
Jammu and Kashmir Bank,COMTECH INSTITUTE OFTECHNOLOGY,1,0
Jharkhand,Alankit Assignments Limited,626,14
Jharkhand,Blue Circle Instrument,254,5
Jharkhand,Emdee Digitronics Pvt.Ltd.,728,88
Jharkhand,IL&FS LTD,87,0
Jharkhand,MKS Enterprises,894,56
Jharkhand,Nevaeh Technology Pvt. Ltd.,1986,26
Jharkhand,STRATEGIC OUTSOURCING SERVICE,437,20
Jharkhand,Systematic & Advance Const P L,4683,49
Jharkhand,VISION COMPTECH INTEGRATOR LTD,1198,89
Jharkhand,Wipro Ltd,5432,180
Life Insurance Corporation,LYRA  CONSULTANCY SERVICE,6,0
Life Insurance Corporation,eCentric solutions pvt ltd,1,0
Mission Convergence - GNCT Del,Alankit Assignments Limited,10,0
Mission Convergence - GNCT Del,IL&FS LTD,2,0
Mission Convergence - GNCT Del,Karvy Computershare Private Li,479,9
Mission Convergence - GNCT Del,Matrix Processing House,2,0
Mission Convergence - GNCT Del,NVR & ASSOCIATES LIMITED,1,19
Mission Convergence - GNCT Del,STRATEGIC OUTSOURCING SERVICE,2,0
Mission Convergence - GNCT Del,eCentric solutions pvt ltd,82,0
NSDL e-Governance Infrastructure Limited,Abhipra Capital Ltd,2906,17
NSDL e-Governance Infrastructure Limited,Alankit Assignments Limited,7172,36
NSDL e-Governance Infrastructure Limited,Delhi Integrated MMTS Ltd,487,46
NSDL e-Governance Infrastructure Limited,INTEGRATED REGISTRY SERVICES,54,0
NSDL e-Governance Infrastructure Limited,Karvy Data Management Services,30466,463
NSDL e-Governance Infrastructure Limited,Netlink software Pvt Ltd,3174,87
NSDL e-Governance Infrastructure Limited,PROWIZ MANSYTEMS PVT LTD,3708,123
NSDL e-Governance Infrastructure Limited,TEAM LIFE CARE COMPANY INDIA P,854,14
NSDL e-Governance Infrastructure Limited,VIRGO SOFTECH LIMITED,5665,106
Oriental Bank of Commerce,DATASOFT COMPUTER SERVICES(P),391,10
Oriental Bank of Commerce,Euro Finmart Ltd,263,1
Oriental Bank of Commerce,FINANCIAL INFORMATION NETWORK,41,0
Oriental Bank of Commerce,IL&FS LTD,22,0
Oriental Bank of Commerce,JNET Technologies Pvt.Ltd,264,21
Oriental Bank of Commerce,Redim Software Technologies Pvt Ltd,941,15
Oriental Bank of Commerce,Sri Ramraja Sarkar Lok Kalyan Trust,2104,44
Oriental Bank of Commerce,The NSIC ltd,7,0
Oriental Bank of Commerce,Wipro Ltd,6496,431
Punjab and Sind Bank,Matrix Processing House,14,0
RDD Govt of Tripura,Alankit Assignments Limited,32,0
Registrar General India - BEL,In Media Computer Services LLP,94,0
Registrar General India - BEL,Manipur Electronics Dev Corp,294,0
Registrar General India - BEL,Swathy Smartcards Hi-Tech Pvt,88,0
Registrar General India BEL2,Alankit Assignments Limited,1034,1
Registrar General India BEL2,Computer LAB,3324,44
Registrar General India BEL2,India Computer Technology,23499,830
Registrar General India BEL2,Madras Security Printers Ltd,12471,886
Registrar General India BEL2,Multiwave Innovation,2206,523
Registrar General India BEL2,Netlink software Pvt Ltd,877,1
Registrar General India BEL2,Nielsen  India  Private Limited,172,0
Registrar General India BEL2,Om Softwares,6734,104
Registrar General India BEL2,SREEVEN INFOCOM LIMITED,114,7
Registrar General India BEL2,STRATEGIC OUTSOURCING SERVICE,165,7
Registrar General India BEL2,Swathy Smartcards Hi-Tech Pvt,118691,416
Registrar General India BEL2,Swiss Tech India Pvt Ltd,1025,2
Registrar General India BEL2,Tera Software Ltd,2347,187
Registrar General India BEL2,VIRGO SOFTECH LIMITED,25,0
Registrar General India BEL2,Vansh Infotech Pvt Ltd,4577,7
Registrar General India BEL2,Vedavaag Systems Limited,39,0
Registrar General India ECIL,AVVAS INFOTECH PVT  LTD,689,0
Registrar General India ECIL,BUSINESS INFORMATION PROCESSING SERVICES,57,0
Registrar General India ECIL,COMTECH INSTITUTE OFTECHNOLOGY,2470,2
Registrar General India ECIL,COMTECHINFO SOLUTIONS PVT.LTD,237,0
Registrar General India ECIL,Clairvoyance Technologies Pvt.,918,4
Registrar General India ECIL,Computer LAB,16336,5767
Registrar General India ECIL,Eagle Software India Pvt. Ltd,3361,315
Registrar General India ECIL,In Media Computer Services LLP,664,40
Registrar General India ECIL,India Computer Technology,3668,4982
Registrar General India ECIL,Karvy Data Management Services,427,0
Registrar General India ECIL,Krishna Infotech,986,354
Registrar General India ECIL,Madras Security Printers Ltd,5128,2105
Registrar General India ECIL,Netwing Technologies Pvt Ltd,571,3
Registrar General India ECIL,Nielsen  India  Private Limited,216,0
Registrar General India ECIL,Pioneer E Labs limited,25,0
Registrar General India ECIL,SWISSTECH NPR 57CR PROJECT PVT,8405,1203
Registrar General India ECIL,Tera Software Ltd,5195,7145
Registrar General India ECIL,Vedavaag Systems Limited,5105,60
Registrar General India Others,Alankit Assignments Limited,1,0
Registrar General India Others,COMTECHINFO SOLUTIONS PVT.LTD,44,0
Registrar General India Others,CSS TECHNERGY LIMITED,9,0
Registrar General India Others,Clairvoyance Technologies Pvt.,3,0
Registrar General India Others,Computer LAB,5,0
Registrar General India Others,Emdee Digitronics Pvt.Ltd.,1,0
Registrar General India Others,Esoft Consulting Limited,1,0
Registrar General India Others,Karvy Data Management Services,3,0
Registrar General India Others,Madras Security Printers Ltd,4,0
Registrar General India Others,Multiwave Innovation,62,0
Registrar General India Others,Nielsen  India  Private Limited,1,0
Registrar General India Others,Om Softwares,9,0
Registrar General India Others,STRATEGIC OUTSOURCING SERVICE,1,0
Registrar General India Others,Swathy Smartcards Hi-Tech Pvt,76,0
Registrar General India Others,Tera Software Ltd,39,0
Registrar General India Others,Vedavaag Systems Limited,42,0
Registrar General of India ITI,COMTECH INSTITUTE OFTECHNOLOGY,30,1
Registrar General of India ITI,CSS TECHNERGY LIMITED,43,0
Registrar General of India ITI,CommunitiWorks Welfare Society,227,0
Registrar General of India ITI,Eagle Software India Pvt. Ltd,727,5
Registrar General of India ITI,Emdee Digitronics Pvt.Ltd.,52892,3310
Registrar General of India ITI,Mphasis Ltd,23,0
Registrar General of India ITI,Multiwave Innovation,5,1
Registrar General of India ITI,Netwing Technologies Pvt Ltd,138,0
Registrar General of India ITI,Nielsen  India  Private Limited,191,1
Registrar General of India ITI,SREEVEN INFOCOM LIMITED,451,2
Registrar General of India ITI,STRATEGIC OUTSOURCING SERVICE,1354,2
Registrar General of India ITI,Swathy Smartcards Hi-Tech Pvt,23784,75
Registrar General of India ITI,TechSmart India Pvt Ltd,409,35
Registrar General of India ITI,VIRGO SOFTECH LIMITED,111,2
Registrar General of India ITI,Vedavaag Systems Limited,124,0
Registrar General of India ITI,WEBEL TECHNOLOGY LIMITED,8265,138
STATE BANK OF HYDERABAD,CSS TECHNERGY LIMITED,3,0
STATE BANK OF PATIALA,CSS TECHNERGY LIMITED,22,0
State Bank of Bikaner & Jaipur,Multiwave Innovation,6148,153
State Bank of India,4G IDENTITY SOLUTIONS,36,0
State Bank of India,COMAT TECHNOLOGIES P LTD,1,0
State Bank of India,CSS TECHNERGY LIMITED,11,0
State Bank of India,Delhi Integrated MMTS Ltd,1,0
State Bank of India,IL&FS LTD,17,0
State Bank of India,Smart Chip Limited,9,0
State Bank of India,VIRGO SOFTECH LIMITED,26,0
State Bank of Travancore,Tera Software Ltd,194,3
UDD Govt of Jharkhand,Blue Circle Instrument,822,14
UDD Govt of Jharkhand,MKS Enterprises,1400,56
UDD Govt of Jharkhand,Systematic & Advance Const P L,48,0
UDD Govt of Jharkhand,Vayam technologies Ltd,81,6
UIDAI-Registrar,UIDAI-EA,59,0
UT Of Daman and Diu,Alankit Assignments Limited,88,4
UT of Puducherry,Madras Security Printers Ltd,264,4
Union Bank,4G IDENTITY SOLUTIONS,33,0
Union Bank,FINANCIAL INFORMATION NETWORK,11955,426
Union Bank,Smart Chip Limited,14869,627
Union Bank,Vakrangee Softwares Limited,49141,2081
