Registrar,Enrolment Agency,Aadhaar generated,Enrolment Rejected
Allahabad Bank,IL&FS LTD,0,2
Allahabad Bank,Tera Software Ltd,0,1
Allahabad Bank,Vakrangee Softwares Limited,26989,1276
Bank Of India,A3 Logics  India  Ltd,3951,314
Bank Of India,Akanksha International,1074,22
Bank Of India,Blue Circle Instrument,345,10
Bank Of India,CHESSY CONSULTANTS PVT LTD,530,25
Bank Of India,DATASOFT COMPUTER SERVICES(P),352,27
Bank Of India,Emdee Digitronics Pvt.Ltd.,108,2
Bank Of India,Frontech Systems Pvt Ltd,819,257
Bank Of India,ITI LIMITED,1,1
Bank Of India,MANTRA SOFTTECH (INDIA) PVTLTD,792,54
Bank Of India,Matrix Processing House,7767,338
Bank Of India,OPTIMIX CONSULTANCY PRIVATE LT,2,0
Bank Of India,OSWAL COMPUTERS & CONSULTANTS,3425,483
Bank Of India,PROTEX COMPUTER PVT LTD,761,56
Bank Of India,SARADA SYSTEMS,696,22
Bank Of India,SHRIKRISHNA KHANDASARI SUGAR M,2708,392
Bank Of India,SPANCO,2043,79
Bank Of India,SREI INFRASTRUCTURE FINANCES L,1313,92
Bank Of India,Silver Touch Technologies Ltd,1516,52
Bank Of India,Systematic & Advance Const P L,10789,462
Bank Of India,VEETECHNOLOGIES PVT. LTD,1884,39
Bank Of India,Vakrangee Softwares Limited,8009,814
Bank of Baroda,DATASOFT COMPUTER SERVICES(P),1,10
Bank of Baroda,IL&FS LTD,0,7
Bank of Baroda,TEAM LIFE CARE COMPANY INDIA P,808,33
Bank of Maharashtra,Alankit Finsec Ltd,43,6
Bank of Maharashtra,FINANCIAL INFORMATION NETWORK,362,45
Bank of Maharashtra,Micro Technologies India Ltd,234,13
CSC e-Governance Services India Limited,A I Soc for Electronics and Comp Tech,812,1
CSC e-Governance Services India Limited,AKSH OPTIFIBRE LIMITED,61,0
CSC e-Governance Services India Limited,BASIX,20,0
CSC e-Governance Services India Limited,CALANCE SOFTWARE PRIVATE LTD,2,0
CSC e-Governance Services India Limited,CMS Computers Ltd,35,0
CSC e-Governance Services India Limited,Network for Information & Computer,54,3
CSC e-Governance Services India Limited,SPANCO,97,3
Canara Bank,ITI LIMITED,0,1
Central Bank of India,CALANCE SOFTWARE PRIVATE LTD,4709,199
Central Bank of India,Frontech Systems Pvt Ltd,0,1
Central Bank of India,IAP COMPANY Pvt. Ltd,8316,388
Central Bank of India,IL&FS LTD,0,5
Central Bank of India,MANTRA SOFTTECH (INDIA) PVTLTD,581,39
Central Bank of India,SREI INFRASTRUCTURE FINANCES L,0,6
Central Bank of India,Tera Software Ltd,0,3
Central Bank of India,The Peerless General Finance,1853,41
DENA BANK,ATISHAY INFOTECH PVT. LTD.,293,6
DENA BANK,DATASOFT COMPUTER SERVICES(P),217,26
Delhi - Central DC,Smart Chip Limited,422,79
Delhi - East DC,DATASOFT COMPUTER SERVICES(P),848,274
Delhi - East DC,Tera Software Ltd,0,52
Delhi - ND DC,Smart Chip Limited,145,24
Delhi - NE DC,Alankit Assignments Limited,0,18
Delhi - NE DC,Smart Chip Limited,333,372
Delhi - NE DC,Smart ID,0,3
Delhi - North DC,CALANCE SOFTWARE PRIVATE LTD,88,9
Delhi - North DC,DATASOFT COMPUTER SERVICES(P),0,6
Delhi - North DC,NVR & ASSOCIATES LIMITED,2272,93
Delhi - North DC,Smart Chip Limited,471,96
Delhi SW DC,STRATEGIC OUTSOURCING SERVICE,0,42
Delhi SW DC,VIRGO SOFTECH LIMITED,148,97
Delhi Urban Shelter Improvemen,Matrix Processing House,0,3
Delhi Urban Shelter Improvemen,STRATEGIC OUTSOURCING SERVICE,0,9
Delhi Urban Shelter Improvemen,Smart Chip Limited,0,4
Delhi Urban Shelter Improvemen,Tera Software Ltd,1,35
Delhi- South DC,Karvy Computershare Private Li,536,103
Delhi- South DC,Smart Chip Limited,26,9
Delhi- South DC,Tera Software Ltd,0,95
Delhi- South DC,eCentric solutions pvt ltd,0,19
Delhi- West DC,Matrix Processing House,1,28
Delhi- West DC,Smart Chip Limited,68,24
Delhi- West DC,VIRGO SOFTECH LIMITED,763,191
Delhi-NW DC,Karvy Computershare Private Li,735,209
Delhi-NW DC,STRATEGIC OUTSOURCING SERVICE,0,27
Dept of ITC Govt of Rajasthan,ATISHAY INFOTECH PVT. LTD.,8609,477
Dept of ITC Govt of Rajasthan,AVVAS INFOTECH PVT  LTD,2510,120
Dept of ITC Govt of Rajasthan,Alankit Finsec Ltd,1871,181
Dept of ITC Govt of Rajasthan,DATASOFT COMPUTER SERVICES(P),9251,317
Dept of ITC Govt of Rajasthan,TechSmart India Pvt Ltd,764,41
Dept of ITC Govt of Rajasthan,Transline Technologies P Ltd,3950,154
Dept of ITC Govt of Rajasthan,Vakrangee Softwares Limited,8156,861
Dept of ITC Govt of Rajasthan,Vayam technologies Ltd,1696,132
FCR Govt of Haryana,Vakrangee Softwares Limited,1189,314
FCS Govt of Punjab,Alankit Assignments Limited,0,27
FCS Govt of Punjab,Alankit Finsec Ltd,0,6
FCS Govt of Punjab,Alankit Life Care Ltd,0,1
FCS Govt of Punjab,CSS TECHNERGY LIMITED,4445,39
FCS Govt of Punjab,Delhi Integrated MMTS Ltd,0,19
FCS Govt of Punjab,Diwakar Commercials Pvt Ltd,0,6
FCS Govt of Punjab,Karvy Computershare Private Li,7537,414
FCS Govt of Punjab,VIRGO SOFTECH LIMITED,0,12
FCS Govt of Punjab,VISESH INFOTECNICS LIMITED,0,1
FCS Govt of Punjab,Vayam technologies Ltd,2597,103
FCS Govt of Punjab,eCentric solutions pvt ltd,7447,439
Govt of Andhra Pradesh,Gouthami Educational Society,21,17
Govt of Andhra Pradesh,GrapeSoft,332,171
Govt of Andhra Pradesh,IL&FS LTD,6,2
Govt of Andhra Pradesh,INFRONICS SYSTEMS LTD,2870,596
Govt of Andhra Pradesh,Madras Security Printers Ltd,4,19
Govt of Andhra Pradesh,SREEVEN INFOCOM LIMITED,1076,175
Govt of Andhra Pradesh,TechSmart India Pvt Ltd,429,115
Govt of Andhra Pradesh,Tera Software Ltd,960,281
Govt of Andhra Pradesh,eCentric solutions pvt ltd,5,25
Govt of Goa,COMAT TECHNOLOGIES P LTD,0,1
Govt of Goa,MARS Telecom Systems Pvt Ltd,224,69
Govt of Goa,Tera Software Ltd,2,1
Govt of Gujarat,GSS Infotech Ltd,2949,190
Govt of Gujarat,Karvy Computershare Private Li,4418,172
Govt of Gujarat,Silver Touch Technologies Ltd,4782,211
Govt of Gujarat,Tera Software Ltd,3048,49
Govt of Gujarat,Transline Technologies P Ltd,589,14
Govt of Gujarat,Vayam technologies Ltd,2814,225
Govt of Gujarat,eCentric solutions pvt ltd,1944,76
Govt of Himachal Pradesh,IL&FS LTD,0,2
Govt of Himachal Pradesh,Wipro Ltd,3275,152
Govt of Himachal Pradesh,i-Grandee SoftwareTechnologies,2800,66
Govt of Karnataka ,COMAT TECHNOLOGIES P LTD,3,3
Govt of Karnataka ,GLODYNE TECHNOSERVE,0,16
Govt of Karnataka ,Integra Micro Systems Pvt.ltd,0,1
Govt of Karnataka ,MARS Telecom Systems Pvt Ltd,4738,165
Govt of Karnataka ,Ninestars Information Technologies Ltd,3571,400
Govt of Karnataka ,Origin ITFS Pvt Ltd,13470,149
Govt of Karnataka ,SREEVEN INFOCOM LIMITED,4862,363
Govt of Karnataka ,Tera Software Ltd,0,11
Govt of Karnataka ,Wipro Ltd,0,4
Govt of Kerala,Akshaya,21323,700
Govt of Kerala,Keltron,3267,226
Govt of Madhya Pradesh,VIRGO SOFTECH LIMITED,0,21
Govt of Maharashtra,Alankit Assignments Limited,1,10
Govt of Maharashtra,Alankit Finsec Ltd,8647,459
Govt of Maharashtra,COMAT TECHNOLOGIES P LTD,0,2
Govt of Maharashtra,Eagle press pvt ltd,989,19
Govt of Maharashtra,GLODYNE TECHNOSERVE,30,1
Govt of Maharashtra,GSS Infotech Ltd,0,6
Govt of Maharashtra,Karvy Computershare Private Li,7026,473
Govt of Maharashtra,M/s. Vidya Online  Pune,64,2
Govt of Maharashtra,Mahaonline Limited,0,23
Govt of Maharashtra,Narayana Electricals Solution Pvt Ltd,4,6
Govt of Maharashtra,Netlink software Pvt Ltd,657,88
Govt of Maharashtra,Network for Information & Computer,20,4
Govt of Maharashtra,Obel projects Pvt Ltd,501,4
Govt of Maharashtra,Rudranee Infotech Ltd,6,28
Govt of Maharashtra,SHREERAM PRINTING PRESS,131,12
Govt of Maharashtra,SPANCO,1,3
Govt of Maharashtra,STRATEGIC OUTSOURCING SERVICE,2613,240
Govt of Maharashtra,Silver Touch Technologies Ltd,1018,54
Govt of Maharashtra,Smart Chip Limited,0,1
Govt of Maharashtra,Systematic & Advance Const P L,320,14
Govt of Maharashtra,TEAM LIFE CARE COMPANY INDIA P,29,2
Govt of Maharashtra,TechSmart India Pvt Ltd,547,136
Govt of Maharashtra,Tera Software Ltd,109,98
Govt of Maharashtra,Transline Technologies P Ltd,2883,131
Govt of Maharashtra,Wep Solution India Limited,0,12
Govt of Maharashtra,Wipro Ltd,10382,389
Govt of Sikkim - Dept of Econo,Department of Economics Statistics  Monitoring and Evaluation DESME,152,6
IDBI Bank ltd,ATISHAY INFOTECH PVT. LTD.,585,66
IDBI Bank ltd,Matrix Processing House,223,16
IDBI Bank ltd,Pioneer E Labs limited,47,0
IDBI Bank ltd,SREEVEN INFOCOM LIMITED,1177,34
IDBI Bank ltd,UTI TECHNOLOGY SERVICES LIMITE,432,61
Indiapost,4G IDENTITY SOLUTIONS,0,52
Indiapost,COMAT TECHNOLOGIES P LTD,0,1
Indiapost,Delhi Integrated MMTS Ltd,7981,268
Indiapost,Eagle press pvt ltd,0,2
Indiapost,GLODYNE TECHNOSERVE,43,0
Indiapost,IL&FS LTD,0,7
Indiapost,MARS Telecom Systems Pvt Ltd,270,45
Indiapost,Madras Security Printers Ltd,0,3
Indiapost,Smart Chip Limited,562,21
Indiapost,TEAM LIFE CARE COMPANY INDIA P,3269,270
Indiapost,The Peerless General Finance,0,2
Indiapost,UTI TECHNOLOGY SERVICES LIMITE,0,6
Indiapost,WEBEL,8,8
Indiapost,eCentric solutions pvt ltd,0,4
Information Technology & Communication Department,4G INFORMATICS,12097,466
Information Technology & Communication Department,BNR UDYOG LIMITED,257,65
Information Technology & Communication Department,Bloom Solutions Pvt Ltd,33948,718
Information Technology & Communication Department,CSS TECHNERGY LIMITED,594,60
Information Technology & Communication Department,GDC Advertising Pvt. Limited,1289,133
Information Technology & Communication Department,JYOTHI COMPUTER SERVICES,3848,652
Information Technology & Communication Department,Karvy Data Management Services,94,0
Information Technology & Communication Department,MARS Telecom Systems Pvt Ltd,1370,52
Information Technology & Communication Department,SREEVEN INFOCOM LIMITED,1001,136
Information Technology & Communication Department,Tera Software Ltd,137,96
Jharkhand,Alankit Assignments Limited,693,60
Jharkhand,Blue Circle Instrument,228,23
Jharkhand,Emdee Digitronics Pvt.Ltd.,728,118
Jharkhand,IL&FS LTD,0,3
Jharkhand,MKS Enterprises,807,89
Jharkhand,Nevaeh Technology Pvt. Ltd.,468,30
Jharkhand,STRATEGIC OUTSOURCING SERVICE,741,81
Jharkhand,Systematic & Advance Const P L,2470,67
Jharkhand,VISION COMPTECH INTEGRATOR LTD,1254,87
Jharkhand,Wipro Ltd,3332,528
Life Insurance Corporation,DATASOFT COMPUTER SERVICES(P),0,6
Mission Convergence - GNCT Del,Karvy Computershare Private Li,331,89
Mission Convergence - GNCT Del,Matrix Processing House,0,2
Mission Convergence - GNCT Del,NVR & ASSOCIATES LIMITED,15,0
Mission Convergence - GNCT Del,STRATEGIC OUTSOURCING SERVICE,0,34
Mission Convergence - GNCT Del,Smart Chip Limited,0,3
Mission Convergence - GNCT Del,Tera Software Ltd,0,9
Mission Convergence - GNCT Del,eCentric solutions pvt ltd,0,2
NSDL e-Governance Infrastructure Limited,Abhipra Capital Ltd,2052,133
NSDL e-Governance Infrastructure Limited,Alankit Assignments Limited,3281,238
NSDL e-Governance Infrastructure Limited,Delhi Integrated MMTS Ltd,56,4
NSDL e-Governance Infrastructure Limited,INTEGRATED REGISTRY SERVICES,44,2
NSDL e-Governance Infrastructure Limited,Karvy Data Management Services,16804,1127
NSDL e-Governance Infrastructure Limited,Netlink software Pvt Ltd,4637,131
NSDL e-Governance Infrastructure Limited,PROWIZ MANSYTEMS PVT LTD,2278,73
NSDL e-Governance Infrastructure Limited,TEAM LIFE CARE COMPANY INDIA P,1307,16
NSDL e-Governance Infrastructure Limited,VIRGO SOFTECH LIMITED,3368,75
Oriental Bank of Commerce,DATASOFT COMPUTER SERVICES(P),520,23
Oriental Bank of Commerce,Euro Finmart Ltd,168,4
Oriental Bank of Commerce,FINANCIAL INFORMATION NETWORK,5,1
Oriental Bank of Commerce,IL&FS LTD,0,2
Oriental Bank of Commerce,JNET Technologies Pvt.Ltd,884,6
Oriental Bank of Commerce,Redim Software Technologies Pvt Ltd,4230,11
Oriental Bank of Commerce,Sri Ramraja Sarkar Lok Kalyan Trust,991,52
Oriental Bank of Commerce,Wipro Ltd,3861,152
Punjab and Sind Bank,Matrix Processing House,4,3
RDD Govt of Tripura,Alankit Assignments Limited,0,13
Registrar General India - BEL,Manipur Electronics Dev Corp,4,1
Registrar General India - BEL,Swathy Smartcards Hi-Tech Pvt,9,16
Registrar General India BEL2,Alankit Assignments Limited,416,14
Registrar General India BEL2,Computer LAB,688,113
Registrar General India BEL2,India Computer Technology,5778,857
Registrar General India BEL2,Madras Security Printers Ltd,3749,227
Registrar General India BEL2,Multiwave Innovation,1120,90
Registrar General India BEL2,Netlink software Pvt Ltd,361,228
Registrar General India BEL2,Nielsen  India  Private Limited,303,56
Registrar General India BEL2,Om Softwares,1672,301
Registrar General India BEL2,SREEVEN INFOCOM LIMITED,5,4
Registrar General India BEL2,STRATEGIC OUTSOURCING SERVICE,1,0
Registrar General India BEL2,Swathy Smartcards Hi-Tech Pvt,24979,3681
Registrar General India BEL2,Swiss Tech India Pvt Ltd,664,51
Registrar General India BEL2,Tera Software Ltd,117,444
Registrar General India BEL2,VIRGO SOFTECH LIMITED,0,5
Registrar General India BEL2,Vansh Infotech Pvt Ltd,973,4
Registrar General India BEL2,Vedavaag Systems Limited,16,0
Registrar General India ECIL,AVVAS INFOTECH PVT  LTD,424,5
Registrar General India ECIL,BUSINESS INFORMATION PROCESSING SERVICES,152,0
Registrar General India ECIL,COMTECH INSTITUTE OFTECHNOLOGY,82,0
Registrar General India ECIL,COMTECHINFO SOLUTIONS PVT.LTD,600,0
Registrar General India ECIL,Clairvoyance Technologies Pvt.,5535,389
Registrar General India ECIL,Computer LAB,16062,5457
Registrar General India ECIL,Eagle Software India Pvt. Ltd,6714,1852
Registrar General India ECIL,In Media Computer Services LLP,28,16
Registrar General India ECIL,India Computer Technology,4890,3130
Registrar General India ECIL,Karvy Data Management Services,444,1
Registrar General India ECIL,Krishna Infotech,328,537
Registrar General India ECIL,Madras Security Printers Ltd,13268,2662
Registrar General India ECIL,Netwing Technologies Pvt Ltd,645,1
Registrar General India ECIL,Nielsen  India  Private Limited,252,2
Registrar General India ECIL,Pioneer E Labs limited,0,29
Registrar General India ECIL,SWISSTECH NPR 57CR PROJECT PVT,4308,1242
Registrar General India ECIL,Tera Software Ltd,2339,991
Registrar General India ECIL,Vedavaag Systems Limited,1285,1221
Registrar General India Others,AVVAS INFOTECH PVT  LTD,1,0
Registrar General India Others,COMTECHINFO SOLUTIONS PVT.LTD,12,0
Registrar General India Others,Computer LAB,23,1
Registrar General India Others,Eagle Software India Pvt. Ltd,0,1
Registrar General India Others,Karvy Data Management Services,12,0
Registrar General India Others,Madras Security Printers Ltd,19,5
Registrar General India Others,Mphasis Ltd,3,0
Registrar General India Others,Swathy Smartcards Hi-Tech Pvt,6,96
Registrar General of India ITI,COMTECH INSTITUTE OFTECHNOLOGY,39,0
Registrar General of India ITI,CSS TECHNERGY LIMITED,29,0
Registrar General of India ITI,CommunitiWorks Welfare Society,994,11
Registrar General of India ITI,Eagle Software India Pvt. Ltd,469,125
Registrar General of India ITI,Emdee Digitronics Pvt.Ltd.,37166,2457
Registrar General of India ITI,Madras Security Printers Ltd,0,1
Registrar General of India ITI,Mphasis Ltd,37,0
Registrar General of India ITI,Multiwave Innovation,0,34
Registrar General of India ITI,Netwing Technologies Pvt Ltd,208,28
Registrar General of India ITI,Nielsen  India  Private Limited,362,0
Registrar General of India ITI,SREEVEN INFOCOM LIMITED,262,94
Registrar General of India ITI,STRATEGIC OUTSOURCING SERVICE,638,37
Registrar General of India ITI,Swathy Smartcards Hi-Tech Pvt,9546,18322
Registrar General of India ITI,TechSmart India Pvt Ltd,80,782
Registrar General of India ITI,Vedavaag Systems Limited,203,0
Registrar General of India ITI,WEBEL TECHNOLOGY LIMITED,6769,164
STATE BANK OF PATIALA,CSS TECHNERGY LIMITED,2,1
State Bank of Bikaner & Jaipur,Multiwave Innovation,9905,650
State Bank of India,4G IDENTITY SOLUTIONS,1,22
State Bank of India,COMAT TECHNOLOGIES P LTD,0,6
State Bank of India,CSS TECHNERGY LIMITED,0,47
State Bank of India,Delhi Integrated MMTS Ltd,0,1
State Bank of India,Eagle press pvt ltd,0,10
State Bank of India,IL&FS LTD,0,19
State Bank of India,Smart Chip Limited,0,14
State Bank of India,VIRGO SOFTECH LIMITED,0,6
State Bank of Travancore,Tera Software Ltd,112,12
Syndicate Bank,Smart Chip Limited,0,4
UDD Govt of Jharkhand,Blue Circle Instrument,1198,41
UDD Govt of Jharkhand,IL&FS LTD,0,4
UDD Govt of Jharkhand,MKS Enterprises,1712,182
UDD Govt of Jharkhand,Systematic & Advance Const P L,13,9
UDD Govt of Jharkhand,Vayam technologies Ltd,66,3
UIDAI-Registrar,UIDAI-EA,14,0
UT Of Daman and Diu,Alankit Assignments Limited,163,27
UT of Puducherry,Madras Security Printers Ltd,167,219
Union Bank,FINANCIAL INFORMATION NETWORK,6992,298
Union Bank,Smart Chip Limited,10566,1426
Union Bank,Vakrangee Softwares Limited,18942,1798
