Registrar,Enrolment Agency,Aadhaar generated,Enrolment Rejected
Allahabad Bank,Vakrangee Softwares Limited,24424,3693
Bank Of India,A3 Logics  India  Ltd,1322,247
Bank Of India,Akanksha International,154,29
Bank Of India,Blue Circle Instrument,9,10
Bank Of India,CHESSY CONSULTANTS PVT LTD,553,34
Bank Of India,DATASOFT COMPUTER SERVICES(P),30,16
Bank Of India,Emdee Digitronics Pvt.Ltd.,27,7
Bank Of India,Frontech Systems Pvt Ltd,547,437
Bank Of India,MANTRA SOFTTECH (INDIA) PVTLTD,456,84
Bank Of India,Matrix Processing House,10612,438
Bank Of India,OPTIMIX CONSULTANCY PRIVATE LT,2,0
Bank Of India,OSWAL COMPUTERS & CONSULTANTS,755,353
Bank Of India,PROTEX COMPUTER PVT LTD,292,62
Bank Of India,SARADA SYSTEMS,250,38
Bank Of India,SHRIKRISHNA KHANDASARI SUGAR M,3998,528
Bank Of India,SPANCO,1514,91
Bank Of India,SREI INFRASTRUCTURE FINANCES L,490,95
Bank Of India,Silver Touch Technologies Ltd,287,92
Bank Of India,Systematic & Advance Const P L,2242,666
Bank Of India,VEETECHNOLOGIES PVT. LTD,136,34
Bank Of India,Vakrangee Softwares Limited,3359,1069
Bank of Baroda,DATASOFT COMPUTER SERVICES(P),1,0
Bank of Baroda,IL&FS LTD,0,4
Bank of Baroda,TEAM LIFE CARE COMPANY INDIA P,2155,185
Bank of Maharashtra,Alankit Finsec Ltd,17,0
Bank of Maharashtra,FINANCIAL INFORMATION NETWORK,107,90
Bank of Maharashtra,Micro Technologies India Ltd,105,49
CSC e-Governance Services India Limited,A I Soc for Electronics and Comp Tech,207,14
CSC e-Governance Services India Limited,AKSH OPTIFIBRE LIMITED,12,0
CSC e-Governance Services India Limited,BASIX,21,26
CSC e-Governance Services India Limited,CALANCE SOFTWARE PRIVATE LTD,5,0
CSC e-Governance Services India Limited,CMS Computers Ltd,0,1
CSC e-Governance Services India Limited,Network for Information & Computer,41,8
CSC e-Governance Services India Limited,SPANCO,9,11
CSC e-Governance Services India Limited,United Telecoms e-Services Pvt Ltd,0,1
Central Bank of India,CALANCE SOFTWARE PRIVATE LTD,1109,573
Central Bank of India,Frontech Systems Pvt Ltd,3,0
Central Bank of India,IAP COMPANY Pvt. Ltd,3031,504
Central Bank of India,IL&FS LTD,0,10
Central Bank of India,MANTRA SOFTTECH (INDIA) PVTLTD,607,26
Central Bank of India,SREI INFRASTRUCTURE FINANCES L,0,1
Central Bank of India,The Peerless General Finance,786,124
DENA BANK,ATISHAY INFOTECH PVT. LTD.,122,19
DENA BANK,DATASOFT COMPUTER SERVICES(P),67,21
Delhi - Central DC,Smart Chip Limited,261,184
Delhi - East DC,DATASOFT COMPUTER SERVICES(P),115,147
Delhi - ND DC,Smart Chip Limited,41,80
Delhi - NE DC,Smart Chip Limited,910,164
Delhi - North DC,CALANCE SOFTWARE PRIVATE LTD,1360,45
Delhi - North DC,NVR & ASSOCIATES LIMITED,334,372
Delhi - North DC,Smart Chip Limited,222,259
Delhi SW DC,STRATEGIC OUTSOURCING SERVICE,0,1
Delhi SW DC,VIRGO SOFTECH LIMITED,370,102
Delhi- South DC,Karvy Computershare Private Li,147,78
Delhi- South DC,Smart Chip Limited,90,15
Delhi- South DC,Tera Software Ltd,0,1
Delhi- West DC,Matrix Processing House,0,1
Delhi- West DC,Smart Chip Limited,25,3
Delhi- West DC,VIRGO SOFTECH LIMITED,334,292
Delhi-NW DC,Karvy Computershare Private Li,214,256
Dept of ITC Govt of Rajasthan,ATISHAY INFOTECH PVT. LTD.,1283,839
Dept of ITC Govt of Rajasthan,AVVAS INFOTECH PVT  LTD,1669,222
Dept of ITC Govt of Rajasthan,Alankit Finsec Ltd,357,186
Dept of ITC Govt of Rajasthan,DATASOFT COMPUTER SERVICES(P),1607,378
Dept of ITC Govt of Rajasthan,TechSmart India Pvt Ltd,207,29
Dept of ITC Govt of Rajasthan,Transline Technologies P Ltd,830,241
Dept of ITC Govt of Rajasthan,Vakrangee Softwares Limited,2088,1231
Dept of ITC Govt of Rajasthan,Vayam technologies Ltd,1385,147
FCR Govt of Haryana,Vakrangee Softwares Limited,543,328
FCS Govt of Punjab,Alankit Assignments Limited,5,0
FCS Govt of Punjab,Alankit Finsec Ltd,6,0
FCS Govt of Punjab,CSS TECHNERGY LIMITED,264,333
FCS Govt of Punjab,Karvy Computershare Private Li,1076,368
FCS Govt of Punjab,Vayam technologies Ltd,574,244
FCS Govt of Punjab,eCentric solutions pvt ltd,642,391
Govt of Andhra Pradesh,Gouthami Educational Society,13,17
Govt of Andhra Pradesh,GrapeSoft,3113,384
Govt of Andhra Pradesh,IL&FS LTD,0,6
Govt of Andhra Pradesh,INFRONICS SYSTEMS LTD,4339,1511
Govt of Andhra Pradesh,Madras Security Printers Ltd,0,26
Govt of Andhra Pradesh,SREEVEN INFOCOM LIMITED,353,212
Govt of Andhra Pradesh,Smart Chip Limited,0,1
Govt of Andhra Pradesh,TechSmart India Pvt Ltd,525,144
Govt of Andhra Pradesh,Tera Software Ltd,2237,405
Govt of Andhra Pradesh,eCentric solutions pvt ltd,0,5
Govt of Goa,MARS Telecom Systems Pvt Ltd,129,312
Govt of Goa,Tera Software Ltd,1,0
Govt of Gujarat,GSS Infotech Ltd,1823,130
Govt of Gujarat,Karvy Computershare Private Li,1583,160
Govt of Gujarat,Silver Touch Technologies Ltd,1010,149
Govt of Gujarat,Tera Software Ltd,815,39
Govt of Gujarat,Transline Technologies P Ltd,70,26
Govt of Gujarat,Vayam technologies Ltd,486,225
Govt of Gujarat,eCentric solutions pvt ltd,567,74
Govt of Himachal Pradesh,IL&FS LTD,1,0
Govt of Himachal Pradesh,Wipro Ltd,733,227
Govt of Himachal Pradesh,i-Grandee SoftwareTechnologies,478,263
Govt of Karnataka ,COMAT TECHNOLOGIES P LTD,1,14
Govt of Karnataka ,GLODYNE TECHNOSERVE,1,0
Govt of Karnataka ,MARS Telecom Systems Pvt Ltd,737,256
Govt of Karnataka ,Ninestars Information Technologies Ltd,1785,592
Govt of Karnataka ,Origin ITFS Pvt Ltd,3158,953
Govt of Karnataka ,SREEVEN INFOCOM LIMITED,1317,532
Govt of Karnataka ,Wipro Ltd,0,4
Govt of Kerala,Akshaya,1316,5229
Govt of Kerala,Keltron,164,4842
Govt of Madhya Pradesh,Tera Software Ltd,0,1
Govt of Madhya Pradesh,VIRGO SOFTECH LIMITED,1631,953
Govt of Maharashtra,Alankit Assignments Limited,1,47
Govt of Maharashtra,Alankit Finsec Ltd,1751,585
Govt of Maharashtra,COMAT TECHNOLOGIES P LTD,0,1
Govt of Maharashtra,Eagle press pvt ltd,224,179
Govt of Maharashtra,GLODYNE TECHNOSERVE,3,1
Govt of Maharashtra,GSS Infotech Ltd,0,3
Govt of Maharashtra,Karvy Computershare Private Li,2961,820
Govt of Maharashtra,M/s. Vidya Online  Pune,17,15
Govt of Maharashtra,Mahaonline Limited,1,1
Govt of Maharashtra,Narayana Electricals Solution Pvt Ltd,46,2
Govt of Maharashtra,Netlink software Pvt Ltd,471,103
Govt of Maharashtra,Network for Information & Computer,11,25
Govt of Maharashtra,Obel projects Pvt Ltd,160,0
Govt of Maharashtra,Rudranee Infotech Ltd,142,1
Govt of Maharashtra,SHREERAM PRINTING PRESS,55,21
Govt of Maharashtra,STRATEGIC OUTSOURCING SERVICE,2465,380
Govt of Maharashtra,Silver Touch Technologies Ltd,697,73
Govt of Maharashtra,Systematic & Advance Const P L,251,9
Govt of Maharashtra,TEAM LIFE CARE COMPANY INDIA P,137,4
Govt of Maharashtra,TechSmart India Pvt Ltd,353,17
Govt of Maharashtra,Tera Software Ltd,42,61
Govt of Maharashtra,Transline Technologies P Ltd,577,190
Govt of Maharashtra,Wep Solution India Limited,0,1
Govt of Maharashtra,Wipro Ltd,2352,786
Govt of Sikkim - Dept of Econo,4G IDENTITY SOLUTIONS,17,10
Govt of Sikkim - Dept of Econo,Department of Economics Statistics  Monitoring and Evaluation DESME,29,19
IDBI Bank ltd,ATISHAY INFOTECH PVT. LTD.,122,107
IDBI Bank ltd,Matrix Processing House,382,21
IDBI Bank ltd,Pioneer E Labs limited,1,4
IDBI Bank ltd,SREEVEN INFOCOM LIMITED,776,101
IDBI Bank ltd,UTI TECHNOLOGY SERVICES LIMITE,308,34
IGNOU,Vakrangee Softwares Limited,3,0
Indiapost,4G IDENTITY SOLUTIONS,22,5
Indiapost,COMAT TECHNOLOGIES P LTD,1,0
Indiapost,Delhi Integrated MMTS Ltd,3579,473
Indiapost,GLODYNE TECHNOSERVE,20,8
Indiapost,IL&FS LTD,0,1
Indiapost,M/S STAR DATA CENTRE,2,1
Indiapost,MARS Telecom Systems Pvt Ltd,183,457
Indiapost,Madras Security Printers Ltd,0,1
Indiapost,Smart Chip Limited,39,46
Indiapost,TEAM LIFE CARE COMPANY INDIA P,740,476
Indiapost,The Peerless General Finance,1,0
Indiapost,Vayam technologies Ltd,52,11
Indiapost,WEBEL,17,4
Indiapost,eCentric solutions pvt ltd,1,0
Information Technology & Communication Department,4G INFORMATICS,7063,656
Information Technology & Communication Department,BNR UDYOG LIMITED,982,86
Information Technology & Communication Department,Bloom Solutions Pvt Ltd,1071,718
Information Technology & Communication Department,CSS TECHNERGY LIMITED,126,102
Information Technology & Communication Department,GDC Advertising Pvt. Limited,800,489
Information Technology & Communication Department,JYOTHI COMPUTER SERVICES,672,440
Information Technology & Communication Department,Karvy Data Management Services,81,9
Information Technology & Communication Department,MARS Telecom Systems Pvt Ltd,926,1305
Information Technology & Communication Department,SREEVEN INFOCOM LIMITED,3859,107
Information Technology & Communication Department,Tera Software Ltd,596,46
Jharkhand,Alankit Assignments Limited,77,96
Jharkhand,Blue Circle Instrument,58,17
Jharkhand,Emdee Digitronics Pvt.Ltd.,462,262
Jharkhand,IL&FS LTD,1,0
Jharkhand,MKS Enterprises,62,132
Jharkhand,Nevaeh Technology Pvt. Ltd.,54,84
Jharkhand,STRATEGIC OUTSOURCING SERVICE,190,250
Jharkhand,Smart ID,0,7
Jharkhand,Systematic & Advance Const P L,1348,439
Jharkhand,VISION COMPTECH INTEGRATOR LTD,431,81
Jharkhand,Wipro Ltd,681,493
Mission Convergence - GNCT Del,Alankit Assignments Limited,1,0
Mission Convergence - GNCT Del,IL&FS LTD,0,1
Mission Convergence - GNCT Del,Karvy Computershare Private Li,140,104
Mission Convergence - GNCT Del,NVR & ASSOCIATES LIMITED,1,1
Mission Convergence - GNCT Del,STRATEGIC OUTSOURCING SERVICE,1,0
Mission Convergence - GNCT Del,eCentric solutions pvt ltd,2,0
NSDL e-Governance Infrastructure Limited,Abhipra Capital Ltd,1022,382
NSDL e-Governance Infrastructure Limited,Alankit Assignments Limited,6349,335
NSDL e-Governance Infrastructure Limited,Delhi Integrated MMTS Ltd,112,1
NSDL e-Governance Infrastructure Limited,INTEGRATED REGISTRY SERVICES,20,0
NSDL e-Governance Infrastructure Limited,Karvy Data Management Services,17712,1834
NSDL e-Governance Infrastructure Limited,Netlink software Pvt Ltd,669,353
NSDL e-Governance Infrastructure Limited,PROWIZ MANSYTEMS PVT LTD,1370,229
NSDL e-Governance Infrastructure Limited,TEAM LIFE CARE COMPANY INDIA P,771,33
NSDL e-Governance Infrastructure Limited,VIRGO SOFTECH LIMITED,3143,122
Oriental Bank of Commerce,DATASOFT COMPUTER SERVICES(P),139,64
Oriental Bank of Commerce,Euro Finmart Ltd,174,15
Oriental Bank of Commerce,FINANCIAL INFORMATION NETWORK,11,0
Oriental Bank of Commerce,JNET Technologies Pvt.Ltd,54,14
Oriental Bank of Commerce,Redim Software Technologies Pvt Ltd,39,19
Oriental Bank of Commerce,Sri Ramraja Sarkar Lok Kalyan Trust,1246,57
Oriental Bank of Commerce,Wipro Ltd,1719,265
Punjab and Sind Bank,Matrix Processing House,4,0
RDD Govt of Tripura,Alankit Assignments Limited,0,9
Registrar General India - BEL,Manipur Electronics Dev Corp,4,0
Registrar General India BEL2,Alankit Assignments Limited,715,0
Registrar General India BEL2,Computer LAB,348,326
Registrar General India BEL2,India Computer Technology,4178,769
Registrar General India BEL2,Madras Security Printers Ltd,2268,1170
Registrar General India BEL2,Multiwave Innovation,222,376
Registrar General India BEL2,Netlink software Pvt Ltd,846,43
Registrar General India BEL2,Nielsen  India  Private Limited,47,88
Registrar General India BEL2,Om Softwares,636,549
Registrar General India BEL2,SREEVEN INFOCOM LIMITED,2,3
Registrar General India BEL2,Swathy Smartcards Hi-Tech Pvt,3049,4245
Registrar General India BEL2,Swiss Tech India Pvt Ltd,919,9
Registrar General India BEL2,Tera Software Ltd,310,2002
Registrar General India BEL2,Vansh Infotech Pvt Ltd,591,14
Registrar General India BEL2,Vedavaag Systems Limited,35,0
Registrar General India ECIL,AVVAS INFOTECH PVT  LTD,769,3
Registrar General India ECIL,BUSINESS INFORMATION PROCESSING SERVICES,25,3
Registrar General India ECIL,COMTECH INSTITUTE OFTECHNOLOGY,143,16
Registrar General India ECIL,COMTECHINFO SOLUTIONS PVT.LTD,1,0
Registrar General India ECIL,Clairvoyance Technologies Pvt.,461,509
Registrar General India ECIL,Computer LAB,2538,2869
Registrar General India ECIL,Eagle Software India Pvt. Ltd,208,635
Registrar General India ECIL,In Media Computer Services LLP,1,3
Registrar General India ECIL,India Computer Technology,989,1986
Registrar General India ECIL,Karvy Data Management Services,1301,4
Registrar General India ECIL,Krishna Infotech,316,2318
Registrar General India ECIL,Madras Security Printers Ltd,1399,826
Registrar General India ECIL,Netwing Technologies Pvt Ltd,41,15
Registrar General India ECIL,Nielsen  India  Private Limited,339,0
Registrar General India ECIL,Pioneer E Labs limited,0,29
Registrar General India ECIL,SWISSTECH NPR 57CR PROJECT PVT,3118,6363
Registrar General India ECIL,Tera Software Ltd,255,688
Registrar General India ECIL,Vedavaag Systems Limited,1445,746
Registrar General India Others,Alankit Assignments Limited,1,0
Registrar General India Others,Clairvoyance Technologies Pvt.,1,0
Registrar General India Others,Computer LAB,5,24
Registrar General India Others,Eagle Software India Pvt. Ltd,36,0
Registrar General India Others,Karvy Data Management Services,16,1
Registrar General India Others,Madras Security Printers Ltd,0,10
Registrar General India Others,Mphasis Ltd,4,0
Registrar General India Others,Om Softwares,4,0
Registrar General India Others,STRATEGIC OUTSOURCING SERVICE,3,0
Registrar General India Others,Swathy Smartcards Hi-Tech Pvt,7,51
Registrar General of India ITI,COMTECH INSTITUTE OFTECHNOLOGY,76,0
Registrar General of India ITI,CSS TECHNERGY LIMITED,5,3
Registrar General of India ITI,CommunitiWorks Welfare Society,38,1
Registrar General of India ITI,Eagle Software India Pvt. Ltd,438,196
Registrar General of India ITI,Emdee Digitronics Pvt.Ltd.,6755,2759
Registrar General of India ITI,Madras Security Printers Ltd,0,73
Registrar General of India ITI,Mphasis Ltd,20,1
Registrar General of India ITI,Multiwave Innovation,0,1
Registrar General of India ITI,Netwing Technologies Pvt Ltd,106,1
Registrar General of India ITI,Nielsen  India  Private Limited,97,279
Registrar General of India ITI,SREEVEN INFOCOM LIMITED,90,138
Registrar General of India ITI,STRATEGIC OUTSOURCING SERVICE,1413,11
Registrar General of India ITI,Swathy Smartcards Hi-Tech Pvt,2790,9919
Registrar General of India ITI,TechSmart India Pvt Ltd,101,334
Registrar General of India ITI,VIRGO SOFTECH LIMITED,3,0
Registrar General of India ITI,Vedavaag Systems Limited,200,5
Registrar General of India ITI,WEBEL TECHNOLOGY LIMITED,531,117
STATE BANK OF PATIALA,CSS TECHNERGY LIMITED,1,0
State Bank of Bikaner & Jaipur,Multiwave Innovation,5647,398
State Bank of India,4G IDENTITY SOLUTIONS,1,2
State Bank of India,COMAT TECHNOLOGIES P LTD,0,2
State Bank of India,CSS TECHNERGY LIMITED,1,4
State Bank of India,Delhi Integrated MMTS Ltd,0,2
State Bank of India,IL&FS LTD,0,2
State Bank of India,Smart Chip Limited,0,3
State Bank of India,VIRGO SOFTECH LIMITED,0,3
State Bank of Travancore,Tera Software Ltd,15,47
UDD Govt of Jharkhand,Blue Circle Instrument,241,106
UDD Govt of Jharkhand,MKS Enterprises,1789,302
UDD Govt of Jharkhand,Systematic & Advance Const P L,10,0
UDD Govt of Jharkhand,Vayam technologies Ltd,25,10
UIDAI-Registrar,UIDAI-EA,20,0
UT Of Daman and Diu,Alankit Assignments Limited,99,8
UT of Puducherry,Madras Security Printers Ltd,217,191
Union Bank,4G IDENTITY SOLUTIONS,0,1
Union Bank,FINANCIAL INFORMATION NETWORK,4303,505
Union Bank,Smart Chip Limited,8464,1770
Union Bank,Vakrangee Softwares Limited,10344,2205
