Registrar,Enrolment Agency,Aadhaar generated,Enrolment Rejected
Allahabad Bank,Tera Software Ltd,0,2
Allahabad Bank,Vakrangee Softwares Limited,29579,893
Bank Of India,A3 Logics  India  Ltd,6647,210
Bank Of India,Akanksha International,1537,64
Bank Of India,Blue Circle Instrument,404,10
Bank Of India,CHESSY CONSULTANTS PVT LTD,2160,23
Bank Of India,DATASOFT COMPUTER SERVICES(P),669,9
Bank Of India,Emdee Digitronics Pvt.Ltd.,650,3
Bank Of India,Frontech Systems Pvt Ltd,1546,247
Bank Of India,ITI LIMITED,0,4
Bank Of India,MANTRA SOFTTECH (INDIA) PVTLTD,2264,35
Bank Of India,Matrix Processing House,8245,272
Bank Of India,OPTIMIX CONSULTANCY PRIVATE LT,27,1
Bank Of India,OSWAL COMPUTERS & CONSULTANTS,6764,1066
Bank Of India,PROTEX COMPUTER PVT LTD,990,34
Bank Of India,SARADA SYSTEMS,1296,60
Bank Of India,SHRIKRISHNA KHANDASARI SUGAR M,6486,221
Bank Of India,SPANCO,3435,76
Bank Of India,SREI INFRASTRUCTURE FINANCES L,1952,382
Bank Of India,Silver Touch Technologies Ltd,4140,74
Bank Of India,Systematic & Advance Const P L,13943,485
Bank Of India,VEETECHNOLOGIES PVT. LTD,1963,35
Bank Of India,Vakrangee Softwares Limited,13859,687
Bank of Baroda,DATASOFT COMPUTER SERVICES(P),0,4
Bank of Baroda,TEAM LIFE CARE COMPANY INDIA P,1686,26
Bank of Maharashtra,Alankit Finsec Ltd,69,6
Bank of Maharashtra,FINANCIAL INFORMATION NETWORK,969,10
Bank of Maharashtra,Micro Technologies India Ltd,1756,10
CSC e-Governance Services India Limited,A I Soc for Electronics and Comp Tech,291,19
CSC e-Governance Services India Limited,AKSH OPTIFIBRE LIMITED,8,2
CSC e-Governance Services India Limited,BASIX,71,0
CSC e-Governance Services India Limited,CALANCE SOFTWARE PRIVATE LTD,33,0
CSC e-Governance Services India Limited,CMS Computers Ltd,2,5
CSC e-Governance Services India Limited,Network for Information & Computer,1569,2
CSC e-Governance Services India Limited,SPANCO,163,1
Central Bank of India,CALANCE SOFTWARE PRIVATE LTD,10210,142
Central Bank of India,IAP COMPANY Pvt. Ltd,8689,388
Central Bank of India,IL&FS LTD,0,3
Central Bank of India,MANTRA SOFTTECH (INDIA) PVTLTD,758,14
Central Bank of India,SREI INFRASTRUCTURE FINANCES L,0,1
Central Bank of India,Tera Software Ltd,0,3
Central Bank of India,The Peerless General Finance,2935,55
DENA BANK,ATISHAY INFOTECH PVT. LTD.,621,5
DENA BANK,DATASOFT COMPUTER SERVICES(P),228,17
Delhi - Central DC,Smart Chip Limited,801,68
Delhi - East DC,DATASOFT COMPUTER SERVICES(P),970,146
Delhi - East DC,Tera Software Ltd,0,35
Delhi - ND DC,Smart Chip Limited,282,18
Delhi - NE DC,Alankit Assignments Limited,0,4
Delhi - NE DC,Smart Chip Limited,611,121
Delhi - North DC,CALANCE SOFTWARE PRIVATE LTD,460,15
Delhi - North DC,DATASOFT COMPUTER SERVICES(P),0,2
Delhi - North DC,NVR & ASSOCIATES LIMITED,3379,536
Delhi - North DC,Smart Chip Limited,971,163
Delhi SW DC,STRATEGIC OUTSOURCING SERVICE,0,21
Delhi SW DC,VIRGO SOFTECH LIMITED,456,113
Delhi Urban Shelter Improvemen,Matrix Processing House,0,1
Delhi Urban Shelter Improvemen,STRATEGIC OUTSOURCING SERVICE,0,9
Delhi Urban Shelter Improvemen,Tera Software Ltd,0,19
Delhi- South DC,Karvy Computershare Private Li,431,54
Delhi- South DC,Smart Chip Limited,113,11
Delhi- South DC,Tera Software Ltd,0,64
Delhi- South DC,eCentric solutions pvt ltd,0,4
Delhi- West DC,Matrix Processing House,0,23
Delhi- West DC,Smart Chip Limited,86,41
Delhi- West DC,VIRGO SOFTECH LIMITED,1278,195
Delhi-NW DC,Karvy Computershare Private Li,992,245
Delhi-NW DC,STRATEGIC OUTSOURCING SERVICE,0,19
Dept of ITC Govt of Rajasthan,ATISHAY INFOTECH PVT. LTD.,19628,490
Dept of ITC Govt of Rajasthan,AVVAS INFOTECH PVT  LTD,4714,126
Dept of ITC Govt of Rajasthan,Alankit Finsec Ltd,3118,58
Dept of ITC Govt of Rajasthan,DATASOFT COMPUTER SERVICES(P),11286,276
Dept of ITC Govt of Rajasthan,TechSmart India Pvt Ltd,1035,25
Dept of ITC Govt of Rajasthan,Transline Technologies P Ltd,7840,155
Dept of ITC Govt of Rajasthan,Vakrangee Softwares Limited,9892,682
Dept of ITC Govt of Rajasthan,Vayam technologies Ltd,4562,217
FCR Govt of Haryana,Vakrangee Softwares Limited,2019,186
FCS Govt of Punjab,Alankit Assignments Limited,0,14
FCS Govt of Punjab,Alankit Finsec Ltd,0,2
FCS Govt of Punjab,Alankit Life Care Ltd,0,1
FCS Govt of Punjab,CSS TECHNERGY LIMITED,3556,38
FCS Govt of Punjab,Delhi Integrated MMTS Ltd,0,16
FCS Govt of Punjab,Karvy Computershare Private Li,9040,456
FCS Govt of Punjab,VIRGO SOFTECH LIMITED,0,3
FCS Govt of Punjab,Vayam technologies Ltd,15064,269
FCS Govt of Punjab,eCentric solutions pvt ltd,5547,255
Govt of Andhra Pradesh,Gouthami Educational Society,103,8
Govt of Andhra Pradesh,GrapeSoft,1684,89
Govt of Andhra Pradesh,IL&FS LTD,6,1
Govt of Andhra Pradesh,INFRONICS SYSTEMS LTD,6944,460
Govt of Andhra Pradesh,Madras Security Printers Ltd,6,5
Govt of Andhra Pradesh,SREEVEN INFOCOM LIMITED,1867,161
Govt of Andhra Pradesh,TechSmart India Pvt Ltd,1152,93
Govt of Andhra Pradesh,Tera Software Ltd,2887,143
Govt of Andhra Pradesh,eCentric solutions pvt ltd,4,10
Govt of Goa,COMAT TECHNOLOGIES P LTD,0,1
Govt of Goa,MARS Telecom Systems Pvt Ltd,822,86
Govt of Goa,Tera Software Ltd,0,2
Govt of Gujarat,GSS Infotech Ltd,5453,163
Govt of Gujarat,Karvy Computershare Private Li,7179,236
Govt of Gujarat,Silver Touch Technologies Ltd,8869,234
Govt of Gujarat,Tera Software Ltd,4257,62
Govt of Gujarat,Transline Technologies P Ltd,859,13
Govt of Gujarat,Vayam technologies Ltd,5187,308
Govt of Gujarat,eCentric solutions pvt ltd,2422,109
Govt of Himachal Pradesh,IL&FS LTD,0,1
Govt of Himachal Pradesh,Wipro Ltd,3715,126
Govt of Himachal Pradesh,i-Grandee SoftwareTechnologies,2557,79
Govt of Karnataka ,COMAT TECHNOLOGIES P LTD,0,4
Govt of Karnataka ,GLODYNE TECHNOSERVE,0,4
Govt of Karnataka ,MARS Telecom Systems Pvt Ltd,7117,132
Govt of Karnataka ,Ninestars Information Technologies Ltd,7376,326
Govt of Karnataka ,Origin ITFS Pvt Ltd,16182,867
Govt of Karnataka ,SREEVEN INFOCOM LIMITED,5489,237
Govt of Karnataka ,Tera Software Ltd,0,2
Govt of Kerala,Akshaya,16605,539
Govt of Kerala,Keltron,4116,129
Govt of Madhya Pradesh,VIRGO SOFTECH LIMITED,2,15
Govt of Maharashtra,Alankit Assignments Limited,0,8
Govt of Maharashtra,Alankit Finsec Ltd,8466,309
Govt of Maharashtra,Eagle press pvt ltd,1003,14
Govt of Maharashtra,GLODYNE TECHNOSERVE,29,0
Govt of Maharashtra,Karvy Computershare Private Li,8401,361
Govt of Maharashtra,M/s. Vidya Online  Pune,177,1
Govt of Maharashtra,Mahaonline Limited,0,12
Govt of Maharashtra,Narayana Electricals Solution Pvt Ltd,157,9
Govt of Maharashtra,Netlink software Pvt Ltd,2101,113
Govt of Maharashtra,Network for Information & Computer,136,1
Govt of Maharashtra,Obel projects Pvt Ltd,3401,53
Govt of Maharashtra,Rudranee Infotech Ltd,4,22
Govt of Maharashtra,SHREERAM PRINTING PRESS,562,11
Govt of Maharashtra,SPANCO,2,0
Govt of Maharashtra,STRATEGIC OUTSOURCING SERVICE,4877,212
Govt of Maharashtra,Silver Touch Technologies Ltd,5657,49
Govt of Maharashtra,Smart Chip Limited,0,1
Govt of Maharashtra,Systematic & Advance Const P L,300,11
Govt of Maharashtra,TEAM LIFE CARE COMPANY INDIA P,214,1
Govt of Maharashtra,TechSmart India Pvt Ltd,725,246
Govt of Maharashtra,Tera Software Ltd,30,79
Govt of Maharashtra,Transline Technologies P Ltd,837,85
Govt of Maharashtra,Wep Solution India Limited,0,3
Govt of Maharashtra,Wipro Ltd,16219,207
Govt of Sikkim - Dept of Econo,Department of Economics Statistics  Monitoring and Evaluation DESME,441,12
IDBI Bank ltd,ATISHAY INFOTECH PVT. LTD.,1448,77
IDBI Bank ltd,GSS Infotech Ltd,0,1
IDBI Bank ltd,Matrix Processing House,255,5
IDBI Bank ltd,Pioneer E Labs limited,41,6
IDBI Bank ltd,SREEVEN INFOCOM LIMITED,2576,42
IDBI Bank ltd,UTI TECHNOLOGY SERVICES LIMITE,1030,42
Indian Overseas Bank,Eagle Software India Pvt. Ltd,0,1
Indiapost,4G IDENTITY SOLUTIONS,0,24
Indiapost,COMAT TECHNOLOGIES P LTD,0,1
Indiapost,Delhi Integrated MMTS Ltd,9582,285
Indiapost,Eagle press pvt ltd,0,1
Indiapost,GLODYNE TECHNOSERVE,97,5
Indiapost,IL&FS LTD,0,2
Indiapost,M/S STAR DATA CENTRE,6,0
Indiapost,MARS Telecom Systems Pvt Ltd,1313,50
Indiapost,Madras Security Printers Ltd,0,5
Indiapost,Smart Chip Limited,659,20
Indiapost,TEAM LIFE CARE COMPANY INDIA P,6336,197
Indiapost,The NSIC ltd,1,0
Indiapost,UTI TECHNOLOGY SERVICES LIMITE,0,4
Indiapost,Vayam technologies Ltd,76,0
Indiapost,WEBEL,21,4
Indiapost,eCentric solutions pvt ltd,0,3
Information Technology & Communication Department,4G INFORMATICS,42140,1143
Information Technology & Communication Department,BNR UDYOG LIMITED,903,108
Information Technology & Communication Department,Bloom Solutions Pvt Ltd,7796,1375
Information Technology & Communication Department,CSS TECHNERGY LIMITED,1611,98
Information Technology & Communication Department,GDC Advertising Pvt. Limited,2312,150
Information Technology & Communication Department,JYOTHI COMPUTER SERVICES,1888,946
Information Technology & Communication Department,Karvy Data Management Services,56,0
Information Technology & Communication Department,MARS Telecom Systems Pvt Ltd,4609,180
Information Technology & Communication Department,SREEVEN INFOCOM LIMITED,2375,66
Information Technology & Communication Department,Tera Software Ltd,298,44
Jharkhand,Alankit Assignments Limited,1179,42
Jharkhand,Blue Circle Instrument,318,11
Jharkhand,Emdee Digitronics Pvt.Ltd.,2193,68
Jharkhand,IL&FS LTD,0,3
Jharkhand,MKS Enterprises,837,64
Jharkhand,Nevaeh Technology Pvt. Ltd.,1051,17
Jharkhand,STRATEGIC OUTSOURCING SERVICE,1303,63
Jharkhand,Systematic & Advance Const P L,2389,50
Jharkhand,VISION COMPTECH INTEGRATOR LTD,2360,56
Jharkhand,Wipro Ltd,7328,334
Mission Convergence - GNCT Del,Karvy Computershare Private Li,248,65
Mission Convergence - GNCT Del,NVR & ASSOCIATES LIMITED,0,1
Mission Convergence - GNCT Del,STRATEGIC OUTSOURCING SERVICE,0,13
Mission Convergence - GNCT Del,Smart Chip Limited,0,1
Mission Convergence - GNCT Del,Tera Software Ltd,0,2
Mission Convergence - GNCT Del,eCentric solutions pvt ltd,2,0
NSDL e-Governance Infrastructure Limited,Abhipra Capital Ltd,3657,146
NSDL e-Governance Infrastructure Limited,Alankit Assignments Limited,7406,174
NSDL e-Governance Infrastructure Limited,Delhi Integrated MMTS Ltd,86,0
NSDL e-Governance Infrastructure Limited,INTEGRATED REGISTRY SERVICES,57,3
NSDL e-Governance Infrastructure Limited,Karvy Data Management Services,25003,890
NSDL e-Governance Infrastructure Limited,Netlink software Pvt Ltd,3769,500
NSDL e-Governance Infrastructure Limited,PROWIZ MANSYTEMS PVT LTD,6862,126
NSDL e-Governance Infrastructure Limited,TEAM LIFE CARE COMPANY INDIA P,2063,16
NSDL e-Governance Infrastructure Limited,VIRGO SOFTECH LIMITED,5164,65
Oriental Bank of Commerce,DATASOFT COMPUTER SERVICES(P),829,26
Oriental Bank of Commerce,Euro Finmart Ltd,431,7
Oriental Bank of Commerce,FINANCIAL INFORMATION NETWORK,1,2
Oriental Bank of Commerce,IL&FS LTD,0,3
Oriental Bank of Commerce,JNET Technologies Pvt.Ltd,2878,100
Oriental Bank of Commerce,Redim Software Technologies Pvt Ltd,1251,20
Oriental Bank of Commerce,Sri Ramraja Sarkar Lok Kalyan Trust,2754,83
Oriental Bank of Commerce,Wipro Ltd,8816,240
Punjab and Sind Bank,Matrix Processing House,24,0
RDD Govt of Tripura,Alankit Assignments Limited,1,11
Registrar General India - BEL,Manipur Electronics Dev Corp,171,0
Registrar General India - BEL,Swathy Smartcards Hi-Tech Pvt,6,6
Registrar General India BEL2,Alankit Assignments Limited,989,13
Registrar General India BEL2,Computer LAB,393,72
Registrar General India BEL2,India Computer Technology,8140,552
Registrar General India BEL2,Madras Security Printers Ltd,880,87
Registrar General India BEL2,Multiwave Innovation,3822,76
Registrar General India BEL2,Netlink software Pvt Ltd,1694,273
Registrar General India BEL2,Nielsen  India  Private Limited,1046,33
Registrar General India BEL2,Om Softwares,3504,320
Registrar General India BEL2,SREEVEN INFOCOM LIMITED,28,0
Registrar General India BEL2,STRATEGIC OUTSOURCING SERVICE,0,1
Registrar General India BEL2,Swathy Smartcards Hi-Tech Pvt,30847,4363
Registrar General India BEL2,Swiss Tech India Pvt Ltd,25,192
Registrar General India BEL2,Tera Software Ltd,240,351
Registrar General India BEL2,VIRGO SOFTECH LIMITED,0,1
Registrar General India BEL2,Vansh Infotech Pvt Ltd,1204,6
Registrar General India BEL2,Vedavaag Systems Limited,165,0
Registrar General India ECIL,AVVAS INFOTECH PVT  LTD,170,6
Registrar General India ECIL,BUSINESS INFORMATION PROCESSING SERVICES,24,0
Registrar General India ECIL,COMTECH INSTITUTE OFTECHNOLOGY,147,1
Registrar General India ECIL,COMTECHINFO SOLUTIONS PVT.LTD,0,7
Registrar General India ECIL,Clairvoyance Technologies Pvt.,6158,70
Registrar General India ECIL,Computer LAB,49123,4305
Registrar General India ECIL,Eagle Software India Pvt. Ltd,1028,1326
Registrar General India ECIL,In Media Computer Services LLP,79,6
Registrar General India ECIL,India Computer Technology,5214,3136
Registrar General India ECIL,Karvy Data Management Services,1599,6
Registrar General India ECIL,Krishna Infotech,1003,392
Registrar General India ECIL,Madras Security Printers Ltd,9272,12728
Registrar General India ECIL,Netwing Technologies Pvt Ltd,15,9
Registrar General India ECIL,Nielsen  India  Private Limited,1444,3
Registrar General India ECIL,SWISSTECH NPR 57CR PROJECT PVT,6497,1258
Registrar General India ECIL,Tera Software Ltd,6861,1744
Registrar General India ECIL,Vedavaag Systems Limited,13565,442
Registrar General India Others,AVVAS INFOTECH PVT  LTD,168,0
Registrar General India Others,Alankit Assignments Limited,0,1
Registrar General India Others,COMTECH INSTITUTE OFTECHNOLOGY,14,0
Registrar General India Others,COMTECHINFO SOLUTIONS PVT.LTD,64,0
Registrar General India Others,Clairvoyance Technologies Pvt.,3,0
Registrar General India Others,Computer LAB,7,2
Registrar General India Others,Eagle Software India Pvt. Ltd,4,0
Registrar General India Others,Karvy Data Management Services,17,0
Registrar General India Others,Madras Security Printers Ltd,28,1
Registrar General India Others,Mphasis Ltd,1,0
Registrar General India Others,Nielsen  India  Private Limited,16,0
Registrar General India Others,STRATEGIC OUTSOURCING SERVICE,23,0
Registrar General India Others,SWISSTECH NPR 57CR PROJECT PVT,0,1
Registrar General India Others,Swathy Smartcards Hi-Tech Pvt,21,25
Registrar General India Others,Vansh Infotech Pvt Ltd,4,0
Registrar General of India ITI,COMTECH INSTITUTE OFTECHNOLOGY,302,1
Registrar General of India ITI,CSS TECHNERGY LIMITED,13,0
Registrar General of India ITI,CommunitiWorks Welfare Society,286,31
Registrar General of India ITI,Eagle Software India Pvt. Ltd,1043,45
Registrar General of India ITI,Emdee Digitronics Pvt.Ltd.,33947,2891
Registrar General of India ITI,Mphasis Ltd,16,4
Registrar General of India ITI,Multiwave Innovation,0,143
Registrar General of India ITI,Netwing Technologies Pvt Ltd,249,27
Registrar General of India ITI,Nielsen  India  Private Limited,3512,3
Registrar General of India ITI,SREEVEN INFOCOM LIMITED,157,91
Registrar General of India ITI,STRATEGIC OUTSOURCING SERVICE,751,17
Registrar General of India ITI,Swathy Smartcards Hi-Tech Pvt,14127,11578
Registrar General of India ITI,TechSmart India Pvt Ltd,40,638
Registrar General of India ITI,Vedavaag Systems Limited,462,1
Registrar General of India ITI,WEBEL TECHNOLOGY LIMITED,16364,131
STATE BANK OF PATIALA,CSS TECHNERGY LIMITED,12,2
State Bank of Bikaner & Jaipur,Multiwave Innovation,6032,231
State Bank of India,4G IDENTITY SOLUTIONS,0,5
State Bank of India,COMAT TECHNOLOGIES P LTD,0,1
State Bank of India,CSS TECHNERGY LIMITED,0,2
State Bank of India,Eagle press pvt ltd,0,1
State Bank of India,IL&FS LTD,2,24
State Bank of India,Smart Chip Limited,0,5
State Bank of India,VIRGO SOFTECH LIMITED,1,2
State Bank of Travancore,Tera Software Ltd,191,15
Syndicate Bank,Smart Chip Limited,0,3
UDD Govt of Jharkhand,Blue Circle Instrument,1751,34
UDD Govt of Jharkhand,MKS Enterprises,2325,130
UDD Govt of Jharkhand,Systematic & Advance Const P L,83,10
UDD Govt of Jharkhand,Vayam technologies Ltd,267,3
UIDAI-Registrar,UIDAI-EA,33,0
UT Of Daman and Diu,Alankit Assignments Limited,98,45
UT of Puducherry,Madras Security Printers Ltd,434,135
Union Bank,4G IDENTITY SOLUTIONS,0,1
Union Bank,FINANCIAL INFORMATION NETWORK,7176,299
Union Bank,Smart Chip Limited,13880,826
Union Bank,Vakrangee Softwares Limited,28653,1532
