Registrar,Enrolment Agency,Aadhaar generated,Enrolment Rejected
Allahabad Bank,Tera Software Ltd,3,0
Allahabad Bank,Vakrangee Softwares Limited,30102,319
Bank Of India,A3 Logics  India  Ltd,6811,201
Bank Of India,Akanksha International,438,6
Bank Of India,Blue Circle Instrument,1077,0
Bank Of India,CHESSY CONSULTANTS PVT LTD,2452,8
Bank Of India,DATASOFT COMPUTER SERVICES(P),757,13
Bank Of India,Emdee Digitronics Pvt.Ltd.,300,1
Bank Of India,Frontech Systems Pvt Ltd,2987,19
Bank Of India,ITI LIMITED,12,3
Bank Of India,MANTRA SOFTTECH (INDIA) PVTLTD,1481,73
Bank Of India,Matrix Processing House,6707,333
Bank Of India,OPTIMIX CONSULTANCY PRIVATE LT,3,0
Bank Of India,OSWAL COMPUTERS & CONSULTANTS,3634,268
Bank Of India,PROTEX COMPUTER PVT LTD,1139,22
Bank Of India,SARADA SYSTEMS,1330,16
Bank Of India,SHRIKRISHNA KHANDASARI SUGAR M,3387,80
Bank Of India,SPANCO,2007,30
Bank Of India,SREI INFRASTRUCTURE FINANCES L,956,34
Bank Of India,Silver Touch Technologies Ltd,1264,75
Bank Of India,Systematic & Advance Const P L,11353,421
Bank Of India,VEETECHNOLOGIES PVT. LTD,982,4
Bank Of India,Vakrangee Softwares Limited,8720,660
Bank of Baroda,TEAM LIFE CARE COMPANY INDIA P,486,6
Bank of Maharashtra,Alankit Finsec Ltd,69,8
Bank of Maharashtra,FINANCIAL INFORMATION NETWORK,606,11
Bank of Maharashtra,Micro Technologies India Ltd,308,4
CSC e-Governance Services India Limited,A I Soc for Electronics and Comp Tech,5,0
CSC e-Governance Services India Limited,BASIX,13,2
CSC e-Governance Services India Limited,Network for Information & Computer,4,0
CSC e-Governance Services India Limited,SPANCO,27,0
CSC e-Governance Services India Limited,United Telecoms e-Services Pvt Ltd,3,0
Central Bank of India,CALANCE SOFTWARE PRIVATE LTD,10414,94
Central Bank of India,Frontech Systems Pvt Ltd,4,0
Central Bank of India,IAP COMPANY Pvt. Ltd,16076,137
Central Bank of India,IL&FS LTD,2,1
Central Bank of India,MANTRA SOFTTECH (INDIA) PVTLTD,282,6
Central Bank of India,The Peerless General Finance,1810,9
DENA BANK,ATISHAY INFOTECH PVT. LTD.,436,3
DENA BANK,DATASOFT COMPUTER SERVICES(P),394,5
Delhi - Central DC,Smart Chip Limited,373,37
Delhi - East DC,DATASOFT COMPUTER SERVICES(P),556,99
Delhi - ND DC,Smart Chip Limited,260,1
Delhi - NE DC,Alankit Assignments Limited,4,0
Delhi - NE DC,Smart Chip Limited,181,15
Delhi - North DC,CALANCE SOFTWARE PRIVATE LTD,91,2
Delhi - North DC,NVR & ASSOCIATES LIMITED,540,7
Delhi - North DC,Smart Chip Limited,176,2
Delhi SW DC,VIRGO SOFTECH LIMITED,157,19
Delhi- South DC,Karvy Computershare Private Li,897,35
Delhi- South DC,Smart Chip Limited,111,5
Delhi- South DC,Tera Software Ltd,4,0
Delhi- West DC,Matrix Processing House,1,0
Delhi- West DC,Smart Chip Limited,37,4
Delhi- West DC,VIRGO SOFTECH LIMITED,236,64
Delhi-NW DC,Karvy Computershare Private Li,1446,24
Delhi-NW DC,STRATEGIC OUTSOURCING SERVICE,1,0
Dept of ITC Govt of Rajasthan,ATISHAY INFOTECH PVT. LTD.,8209,223
Dept of ITC Govt of Rajasthan,AVVAS INFOTECH PVT  LTD,4461,20
Dept of ITC Govt of Rajasthan,Alankit Finsec Ltd,2474,41
Dept of ITC Govt of Rajasthan,DATASOFT COMPUTER SERVICES(P),14618,131
Dept of ITC Govt of Rajasthan,TechSmart India Pvt Ltd,1261,4
Dept of ITC Govt of Rajasthan,Transline Technologies P Ltd,7188,102
Dept of ITC Govt of Rajasthan,Vakrangee Softwares Limited,5653,529
Dept of ITC Govt of Rajasthan,Vayam technologies Ltd,2768,158
FCR Govt of Haryana,Vakrangee Softwares Limited,1485,165
FCS Govt of Punjab,Alankit Assignments Limited,7,0
FCS Govt of Punjab,Alankit Finsec Ltd,4,0
FCS Govt of Punjab,CSS TECHNERGY LIMITED,2579,12
FCS Govt of Punjab,Diwakar Commercials Pvt Ltd,3,0
FCS Govt of Punjab,Karvy Computershare Private Li,5898,236
FCS Govt of Punjab,Vayam technologies Ltd,3142,104
FCS Govt of Punjab,eCentric solutions pvt ltd,7323,74
Govt of Andhra Pradesh,Gouthami Educational Society,225,14
Govt of Andhra Pradesh,GrapeSoft,1341,59
Govt of Andhra Pradesh,IL&FS LTD,1,0
Govt of Andhra Pradesh,INFRONICS SYSTEMS LTD,10090,193
Govt of Andhra Pradesh,Madras Security Printers Ltd,9,17
Govt of Andhra Pradesh,SREEVEN INFOCOM LIMITED,1910,13
Govt of Andhra Pradesh,TechSmart India Pvt Ltd,1014,2
Govt of Andhra Pradesh,Tera Software Ltd,2818,54
Govt of Andhra Pradesh,eCentric solutions pvt ltd,1,4
Govt of Goa,MARS Telecom Systems Pvt Ltd,320,20
Govt of Goa,Tera Software Ltd,3,0
Govt of Gujarat,GSS Infotech Ltd,7038,124
Govt of Gujarat,Karvy Computershare Private Li,8173,137
Govt of Gujarat,Silver Touch Technologies Ltd,11854,124
Govt of Gujarat,Tera Software Ltd,4562,25
Govt of Gujarat,Transline Technologies P Ltd,467,24
Govt of Gujarat,Vayam technologies Ltd,3348,93
Govt of Gujarat,eCentric solutions pvt ltd,2163,140
Govt of Himachal Pradesh,IL&FS LTD,3,0
Govt of Himachal Pradesh,Wipro Ltd,3946,104
Govt of Himachal Pradesh,i-Grandee SoftwareTechnologies,5954,26
Govt of Karnataka ,MARS Telecom Systems Pvt Ltd,7502,73
Govt of Karnataka ,Ninestars Information Technologies Ltd,3761,84
Govt of Karnataka ,Origin ITFS Pvt Ltd,5264,63
Govt of Karnataka ,SREEVEN INFOCOM LIMITED,3509,55
Govt of Kerala,Akshaya,30156,230
Govt of Kerala,Keltron,4741,79
Govt of Madhya Pradesh,VIRGO SOFTECH LIMITED,452,2
Govt of Maharashtra,Alankit Assignments Limited,1,0
Govt of Maharashtra,Alankit Finsec Ltd,5344,197
Govt of Maharashtra,Eagle press pvt ltd,2968,4
Govt of Maharashtra,GLODYNE TECHNOSERVE,111,3
Govt of Maharashtra,Karvy Computershare Private Li,10671,103
Govt of Maharashtra,M/s. Vidya Online  Pune,260,1
Govt of Maharashtra,Narayana Electricals Solution Pvt Ltd,1,0
Govt of Maharashtra,Netlink software Pvt Ltd,1099,11
Govt of Maharashtra,Network for Information & Computer,146,0
Govt of Maharashtra,Obel projects Pvt Ltd,2,0
Govt of Maharashtra,Rudranee Infotech Ltd,1,0
Govt of Maharashtra,SHREERAM PRINTING PRESS,831,0
Govt of Maharashtra,SPANCO,1,0
Govt of Maharashtra,STRATEGIC OUTSOURCING SERVICE,4846,92
Govt of Maharashtra,Silver Touch Technologies Ltd,2880,12
Govt of Maharashtra,Systematic & Advance Const P L,119,2
Govt of Maharashtra,TEAM LIFE CARE COMPANY INDIA P,62,1
Govt of Maharashtra,TechSmart India Pvt Ltd,718,27
Govt of Maharashtra,Tera Software Ltd,139,8
Govt of Maharashtra,Transline Technologies P Ltd,1734,49
Govt of Maharashtra,Wipro Ltd,11901,90
Govt of Sikkim - Dept of Econo,Department of Economics Statistics  Monitoring and Evaluation DESME,143,2
IDBI Bank ltd,ATISHAY INFOTECH PVT. LTD.,816,30
IDBI Bank ltd,Matrix Processing House,151,6
IDBI Bank ltd,Pioneer E Labs limited,1,0
IDBI Bank ltd,SREEVEN INFOCOM LIMITED,1960,10
IDBI Bank ltd,UTI TECHNOLOGY SERVICES LIMITE,1160,8
Indiapost,4G IDENTITY SOLUTIONS,4,0
Indiapost,Delhi Integrated MMTS Ltd,11049,103
Indiapost,GLODYNE TECHNOSERVE,210,4
Indiapost,MARS Telecom Systems Pvt Ltd,226,7
Indiapost,Madras Security Printers Ltd,1,0
Indiapost,Smart Chip Limited,268,8
Indiapost,TEAM LIFE CARE COMPANY INDIA P,4263,51
Indiapost,Tera Software Ltd,1,0
Indiapost,Vayam technologies Ltd,1,0
Indiapost,WEBEL,3,0
Information Technology & Communication Department,4G INFORMATICS,9949,77
Information Technology & Communication Department,BNR UDYOG LIMITED,2030,83
Information Technology & Communication Department,Bloom Solutions Pvt Ltd,3106,94
Information Technology & Communication Department,CSS TECHNERGY LIMITED,2175,10
Information Technology & Communication Department,GDC Advertising Pvt. Limited,1772,55
Information Technology & Communication Department,JYOTHI COMPUTER SERVICES,2880,10
Information Technology & Communication Department,Karvy Data Management Services,0,1
Information Technology & Communication Department,MARS Telecom Systems Pvt Ltd,1168,23
Information Technology & Communication Department,SREEVEN INFOCOM LIMITED,3011,10
Information Technology & Communication Department,Tera Software Ltd,350,15
Jharkhand,Alankit Assignments Limited,1795,11
Jharkhand,Blue Circle Instrument,765,5
Jharkhand,Emdee Digitronics Pvt.Ltd.,1430,69
Jharkhand,MKS Enterprises,708,444
Jharkhand,Nevaeh Technology Pvt. Ltd.,818,17
Jharkhand,STRATEGIC OUTSOURCING SERVICE,967,39
Jharkhand,Systematic & Advance Const P L,1939,145
Jharkhand,VISION COMPTECH INTEGRATOR LTD,979,69
Jharkhand,Wipro Ltd,1744,136
Mission Convergence - GNCT Del,Karvy Computershare Private Li,767,10
NSDL e-Governance Infrastructure Limited,Abhipra Capital Ltd,2506,19
NSDL e-Governance Infrastructure Limited,Alankit Assignments Limited,6182,38
NSDL e-Governance Infrastructure Limited,Delhi Integrated MMTS Ltd,10,0
NSDL e-Governance Infrastructure Limited,INTEGRATED REGISTRY SERVICES,50,0
NSDL e-Governance Infrastructure Limited,Karvy Data Management Services,28821,396
NSDL e-Governance Infrastructure Limited,Netlink software Pvt Ltd,594,32
NSDL e-Governance Infrastructure Limited,PROWIZ MANSYTEMS PVT LTD,5477,59
NSDL e-Governance Infrastructure Limited,TEAM LIFE CARE COMPANY INDIA P,631,5
NSDL e-Governance Infrastructure Limited,VIRGO SOFTECH LIMITED,3760,28
Oriental Bank of Commerce,DATASOFT COMPUTER SERVICES(P),900,11
Oriental Bank of Commerce,Euro Finmart Ltd,231,1
Oriental Bank of Commerce,FINANCIAL INFORMATION NETWORK,15,3
Oriental Bank of Commerce,JNET Technologies Pvt.Ltd,2,0
Oriental Bank of Commerce,Redim Software Technologies Pvt Ltd,772,4
Oriental Bank of Commerce,Sri Ramraja Sarkar Lok Kalyan Trust,1395,41
Oriental Bank of Commerce,Wipro Ltd,4336,161
Punjab and Sind Bank,Matrix Processing House,2,0
RDD Govt of Tripura,Alankit Assignments Limited,1,0
Registrar General India - BEL,In Media Computer Services LLP,6,1
Registrar General India - BEL,Manipur Electronics Dev Corp,93,0
Registrar General India - BEL,Swathy Smartcards Hi-Tech Pvt,5,12
Registrar General India BEL2,Alankit Assignments Limited,14,0
Registrar General India BEL2,Computer LAB,268,38
Registrar General India BEL2,India Computer Technology,53591,1283
Registrar General India BEL2,Madras Security Printers Ltd,2630,1131
Registrar General India BEL2,Multiwave Innovation,44,109
Registrar General India BEL2,Netlink software Pvt Ltd,71,6
Registrar General India BEL2,Om Softwares,37,9
Registrar General India BEL2,SREEVEN INFOCOM LIMITED,30,18
Registrar General India BEL2,STRATEGIC OUTSOURCING SERVICE,9,0
Registrar General India BEL2,Swathy Smartcards Hi-Tech Pvt,49979,4898
Registrar General India BEL2,Swiss Tech India Pvt Ltd,118,75
Registrar General India BEL2,Tera Software Ltd,341,1128
Registrar General India BEL2,VIRGO SOFTECH LIMITED,7,1
Registrar General India BEL2,Vansh Infotech Pvt Ltd,11,0
Registrar General India BEL2,Vedavaag Systems Limited,2,0
Registrar General India ECIL,AVVAS INFOTECH PVT  LTD,4,0
Registrar General India ECIL,COMTECH INSTITUTE OFTECHNOLOGY,37,1
Registrar General India ECIL,Clairvoyance Technologies Pvt.,49427,4
Registrar General India ECIL,Computer LAB,25418,3433
Registrar General India ECIL,Eagle Software India Pvt. Ltd,18,7614
Registrar General India ECIL,In Media Computer Services LLP,165,73
Registrar General India ECIL,India Computer Technology,3010,5593
Registrar General India ECIL,Karvy Data Management Services,62,3
Registrar General India ECIL,Krishna Infotech,1326,1572
Registrar General India ECIL,Madras Security Printers Ltd,335,28103
Registrar General India ECIL,Netwing Technologies Pvt Ltd,4,0
Registrar General India ECIL,Nielsen  India  Private Limited,3,0
Registrar General India ECIL,Pioneer E Labs limited,18,1
Registrar General India ECIL,SWISSTECH NPR 57CR PROJECT PVT,7135,3434
Registrar General India ECIL,Tera Software Ltd,346,8060
Registrar General India ECIL,Vedavaag Systems Limited,1560,852
Registrar General India Others,Clairvoyance Technologies Pvt.,2,0
Registrar General India Others,Computer LAB,1,0
Registrar General India Others,Eagle Software India Pvt. Ltd,1,0
Registrar General India Others,Madras Security Printers Ltd,1,0
Registrar General India Others,STRATEGIC OUTSOURCING SERVICE,5,0
Registrar General India Others,Swathy Smartcards Hi-Tech Pvt,128,0
Registrar General of India ITI,CommunitiWorks Welfare Society,514,1
Registrar General of India ITI,Eagle Software India Pvt. Ltd,1729,2
Registrar General of India ITI,Emdee Digitronics Pvt.Ltd.,39445,2354
Registrar General of India ITI,Madras Security Printers Ltd,2,2
Registrar General of India ITI,Mphasis Ltd,2,0
Registrar General of India ITI,Multiwave Innovation,17,67
Registrar General of India ITI,Netwing Technologies Pvt Ltd,5,1
Registrar General of India ITI,Nielsen  India  Private Limited,1,10
Registrar General of India ITI,SREEVEN INFOCOM LIMITED,1584,39
Registrar General of India ITI,STRATEGIC OUTSOURCING SERVICE,399,1
Registrar General of India ITI,Swathy Smartcards Hi-Tech Pvt,27407,2317
Registrar General of India ITI,TechSmart India Pvt Ltd,100,162
Registrar General of India ITI,Vedavaag Systems Limited,3,7
Registrar General of India ITI,WEBEL TECHNOLOGY LIMITED,22885,86
STATE BANK OF PATIALA,CSS TECHNERGY LIMITED,1,0
State Bank of Bikaner & Jaipur,Multiwave Innovation,5728,164
State Bank of India,4G IDENTITY SOLUTIONS,1,0
State Bank of India,CSS TECHNERGY LIMITED,1,0
State Bank of India,IL&FS LTD,1,1
State Bank of India,Smart Chip Limited,2,0
State Bank of India,VIRGO SOFTECH LIMITED,1,0
State Bank of Travancore,Tera Software Ltd,301,6
UDD Govt of Jharkhand,Blue Circle Instrument,2304,32
UDD Govt of Jharkhand,MKS Enterprises,2143,246
UDD Govt of Jharkhand,Systematic & Advance Const P L,46,1
UDD Govt of Jharkhand,Vayam technologies Ltd,369,0
UIDAI-Registrar,UIDAI-EA,9,0
UT Of Daman and Diu,Alankit Assignments Limited,228,2
UT of Puducherry,Madras Security Printers Ltd,467,12
Union Bank,FINANCIAL INFORMATION NETWORK,6847,98
Union Bank,Smart Chip Limited,22736,513
Union Bank,Vakrangee Softwares Limited,8997,875
