Registrar,Enrolment Agency,Aadhaar generated,Enrolment Rejected
Allahabad Bank,Tera Software Ltd,1,0
Allahabad Bank,Vakrangee Softwares Limited,31500,1499
Bank Of India,A3 Logics  India  Ltd,5690,309
Bank Of India,Akanksha International,1865,36
Bank Of India,Blue Circle Instrument,109,10
Bank Of India,CHESSY CONSULTANTS PVT LTD,1533,34
Bank Of India,DATASOFT COMPUTER SERVICES(P),755,13
Bank Of India,Emdee Digitronics Pvt.Ltd.,525,12
Bank Of India,Frontech Systems Pvt Ltd,1583,285
Bank Of India,ITI LIMITED,1,4
Bank Of India,MANTRA SOFTTECH (INDIA) PVTLTD,2638,62
Bank Of India,Matrix Processing House,7900,392
Bank Of India,OPTIMIX CONSULTANCY PRIVATE LT,18,0
Bank Of India,OSWAL COMPUTERS & CONSULTANTS,4517,648
Bank Of India,PROTEX COMPUTER PVT LTD,1036,57
Bank Of India,SARADA SYSTEMS,1033,27
Bank Of India,SHRIKRISHNA KHANDASARI SUGAR M,5775,389
Bank Of India,SPANCO,1787,119
Bank Of India,SREI INFRASTRUCTURE FINANCES L,752,163
Bank Of India,Silver Touch Technologies Ltd,2789,162
Bank Of India,Systematic & Advance Const P L,13828,350
Bank Of India,VEETECHNOLOGIES PVT. LTD,1969,73
Bank Of India,Vakrangee Softwares Limited,12667,919
Bank of Baroda,TEAM LIFE CARE COMPANY INDIA P,1340,20
Bank of Maharashtra,Alankit Finsec Ltd,84,7
Bank of Maharashtra,FINANCIAL INFORMATION NETWORK,836,7
Bank of Maharashtra,Micro Technologies India Ltd,889,28
CSC e-Governance Services India Limited,A I Soc for Electronics and Comp Tech,139,3
CSC e-Governance Services India Limited,BASIX,48,2
CSC e-Governance Services India Limited,CALANCE SOFTWARE PRIVATE LTD,6,0
CSC e-Governance Services India Limited,Network for Information & Computer,37,60
CSC e-Governance Services India Limited,SPANCO,42,0
Central Bank of India,CALANCE SOFTWARE PRIVATE LTD,8164,208
Central Bank of India,IAP COMPANY Pvt. Ltd,9920,388
Central Bank of India,IL&FS LTD,1,1
Central Bank of India,MANTRA SOFTTECH (INDIA) PVTLTD,849,34
Central Bank of India,The Peerless General Finance,1855,52
DENA BANK,ATISHAY INFOTECH PVT. LTD.,581,5
DENA BANK,DATASOFT COMPUTER SERVICES(P),347,26
Delhi - Central DC,Smart Chip Limited,759,100
Delhi - East DC,DATASOFT COMPUTER SERVICES(P),784,201
Delhi - ND DC,Smart Chip Limited,296,39
Delhi - NE DC,Alankit Assignments Limited,0,1
Delhi - NE DC,Smart Chip Limited,475,170
Delhi - North DC,CALANCE SOFTWARE PRIVATE LTD,395,9
Delhi - North DC,DATASOFT COMPUTER SERVICES(P),1,2
Delhi - North DC,NVR & ASSOCIATES LIMITED,1141,155
Delhi - North DC,Smart Chip Limited,900,92
Delhi SW DC,STRATEGIC OUTSOURCING SERVICE,0,1
Delhi SW DC,VIRGO SOFTECH LIMITED,429,237
Delhi Urban Shelter Improvemen,Tera Software Ltd,0,1
Delhi- South DC,Karvy Computershare Private Li,574,146
Delhi- South DC,Smart Chip Limited,102,4
Delhi- South DC,eCentric solutions pvt ltd,0,1
Delhi- West DC,Smart Chip Limited,76,89
Delhi- West DC,VIRGO SOFTECH LIMITED,972,306
Delhi-NW DC,Karvy Computershare Private Li,941,232
Dept of ITC Govt of Rajasthan,ATISHAY INFOTECH PVT. LTD.,13882,471
Dept of ITC Govt of Rajasthan,AVVAS INFOTECH PVT  LTD,4492,219
Dept of ITC Govt of Rajasthan,Alankit Finsec Ltd,2160,132
Dept of ITC Govt of Rajasthan,DATASOFT COMPUTER SERVICES(P),11445,351
Dept of ITC Govt of Rajasthan,TechSmart India Pvt Ltd,839,24
Dept of ITC Govt of Rajasthan,Transline Technologies P Ltd,13186,277
Dept of ITC Govt of Rajasthan,Vakrangee Softwares Limited,7227,934
Dept of ITC Govt of Rajasthan,Vayam technologies Ltd,5683,252
FCR Govt of Haryana,Vakrangee Softwares Limited,1129,460
FCS Govt of Punjab,Alankit Assignments Limited,0,5
FCS Govt of Punjab,Alankit Finsec Ltd,0,1
FCS Govt of Punjab,Alankit Life Care Ltd,1,0
FCS Govt of Punjab,CSS TECHNERGY LIMITED,2452,52
FCS Govt of Punjab,Diwakar Commercials Pvt Ltd,0,1
FCS Govt of Punjab,Karvy Computershare Private Li,9101,746
FCS Govt of Punjab,Vayam technologies Ltd,12646,376
FCS Govt of Punjab,eCentric solutions pvt ltd,6696,375
Govt of Andhra Pradesh,Gouthami Educational Society,139,23
Govt of Andhra Pradesh,GrapeSoft,1523,154
Govt of Andhra Pradesh,IL&FS LTD,16,0
Govt of Andhra Pradesh,INFRONICS SYSTEMS LTD,6852,707
Govt of Andhra Pradesh,Madras Security Printers Ltd,2,0
Govt of Andhra Pradesh,SREEVEN INFOCOM LIMITED,1227,370
Govt of Andhra Pradesh,TechSmart India Pvt Ltd,805,72
Govt of Andhra Pradesh,Tera Software Ltd,2306,163
Govt of Andhra Pradesh,eCentric solutions pvt ltd,3,3
Govt of Goa,MARS Telecom Systems Pvt Ltd,975,162
Govt of Goa,Tera Software Ltd,0,6
Govt of Gujarat,GSS Infotech Ltd,6161,152
Govt of Gujarat,Karvy Computershare Private Li,7195,201
Govt of Gujarat,Silver Touch Technologies Ltd,5986,322
Govt of Gujarat,Tera Software Ltd,2714,82
Govt of Gujarat,Transline Technologies P Ltd,1366,10
Govt of Gujarat,Vayam technologies Ltd,10434,366
Govt of Gujarat,eCentric solutions pvt ltd,4087,68
Govt of Himachal Pradesh,IL&FS LTD,0,2
Govt of Himachal Pradesh,Wipro Ltd,4226,149
Govt of Himachal Pradesh,i-Grandee SoftwareTechnologies,2184,119
Govt of Karnataka ,COMAT TECHNOLOGIES P LTD,0,1
Govt of Karnataka ,MARS Telecom Systems Pvt Ltd,5513,250
Govt of Karnataka ,Ninestars Information Technologies Ltd,10740,441
Govt of Karnataka ,Origin ITFS Pvt Ltd,14547,263
Govt of Karnataka ,SREEVEN INFOCOM LIMITED,3529,404
Govt of Karnataka ,Tera Software Ltd,2,0
Govt of Kerala,Akshaya,14215,633
Govt of Kerala,Keltron,6368,169
Govt of Madhya Pradesh,VIRGO SOFTECH LIMITED,2,9
Govt of Maharashtra,Alankit Finsec Ltd,4502,673
Govt of Maharashtra,Eagle press pvt ltd,1090,34
Govt of Maharashtra,GLODYNE TECHNOSERVE,22,0
Govt of Maharashtra,GSS Infotech Ltd,0,1
Govt of Maharashtra,Karvy Computershare Private Li,6142,392
Govt of Maharashtra,M/s. Vidya Online  Pune,141,2
Govt of Maharashtra,Narayana Electricals Solution Pvt Ltd,45,8
Govt of Maharashtra,Netlink software Pvt Ltd,1269,181
Govt of Maharashtra,Network for Information & Computer,130,5
Govt of Maharashtra,Obel projects Pvt Ltd,49,30
Govt of Maharashtra,Rudranee Infotech Ltd,3,37
Govt of Maharashtra,SHREERAM PRINTING PRESS,569,36
Govt of Maharashtra,SPANCO,3,0
Govt of Maharashtra,STRATEGIC OUTSOURCING SERVICE,4187,282
Govt of Maharashtra,Silver Touch Technologies Ltd,1984,121
Govt of Maharashtra,Systematic & Advance Const P L,166,10
Govt of Maharashtra,TEAM LIFE CARE COMPANY INDIA P,90,0
Govt of Maharashtra,TechSmart India Pvt Ltd,183,92
Govt of Maharashtra,Tera Software Ltd,43,57
Govt of Maharashtra,Transline Technologies P Ltd,395,101
Govt of Maharashtra,Wipro Ltd,9101,396
Govt of Sikkim - Dept of Econo,Department of Economics Statistics  Monitoring and Evaluation DESME,523,3
IDBI Bank ltd,ATISHAY INFOTECH PVT. LTD.,1099,84
IDBI Bank ltd,Matrix Processing House,278,18
IDBI Bank ltd,Pioneer E Labs limited,26,3
IDBI Bank ltd,SREEVEN INFOCOM LIMITED,2319,54
IDBI Bank ltd,UTI TECHNOLOGY SERVICES LIMITE,842,62
Indiapost,4G IDENTITY SOLUTIONS,4,0
Indiapost,Delhi Integrated MMTS Ltd,9523,303
Indiapost,GLODYNE TECHNOSERVE,72,6
Indiapost,M/S STAR DATA CENTRE,10,0
Indiapost,MARS Telecom Systems Pvt Ltd,1724,74
Indiapost,Smart Chip Limited,342,39
Indiapost,TEAM LIFE CARE COMPANY INDIA P,8009,304
Indiapost,Vayam technologies Ltd,76,12
Indiapost,WEBEL,23,2
Indiapost,eCentric solutions pvt ltd,0,1
Information Technology & Communication Department,4G INFORMATICS,4761,1006
Information Technology & Communication Department,BNR UDYOG LIMITED,803,138
Information Technology & Communication Department,Bloom Solutions Pvt Ltd,4414,1491
Information Technology & Communication Department,CSS TECHNERGY LIMITED,889,75
Information Technology & Communication Department,GDC Advertising Pvt. Limited,2214,175
Information Technology & Communication Department,JYOTHI COMPUTER SERVICES,1529,362
Information Technology & Communication Department,Karvy Data Management Services,103,0
Information Technology & Communication Department,MARS Telecom Systems Pvt Ltd,4611,94
Information Technology & Communication Department,SREEVEN INFOCOM LIMITED,1681,86
Information Technology & Communication Department,Tera Software Ltd,400,22
Jharkhand,Alankit Assignments Limited,896,82
Jharkhand,Blue Circle Instrument,385,9
Jharkhand,Emdee Digitronics Pvt.Ltd.,1527,191
Jharkhand,MKS Enterprises,1264,88
Jharkhand,Nevaeh Technology Pvt. Ltd.,804,14
Jharkhand,STRATEGIC OUTSOURCING SERVICE,875,116
Jharkhand,Systematic & Advance Const P L,2948,53
Jharkhand,VISION COMPTECH INTEGRATOR LTD,913,143
Jharkhand,Wipro Ltd,12171,638
Mission Convergence - GNCT Del,Karvy Computershare Private Li,307,135
Mission Convergence - GNCT Del,STRATEGIC OUTSOURCING SERVICE,0,1
Mission Convergence - GNCT Del,eCentric solutions pvt ltd,3,2
NSDL e-Governance Infrastructure Limited,Abhipra Capital Ltd,2693,119
NSDL e-Governance Infrastructure Limited,Alankit Assignments Limited,5796,226
NSDL e-Governance Infrastructure Limited,Delhi Integrated MMTS Ltd,66,1
NSDL e-Governance Infrastructure Limited,INTEGRATED REGISTRY SERVICES,66,1
NSDL e-Governance Infrastructure Limited,Karvy Data Management Services,24906,832
NSDL e-Governance Infrastructure Limited,Netlink software Pvt Ltd,2351,308
NSDL e-Governance Infrastructure Limited,PROWIZ MANSYTEMS PVT LTD,7180,162
NSDL e-Governance Infrastructure Limited,TEAM LIFE CARE COMPANY INDIA P,1528,19
NSDL e-Governance Infrastructure Limited,VIRGO SOFTECH LIMITED,5521,120
Oriental Bank of Commerce,DATASOFT COMPUTER SERVICES(P),982,26
Oriental Bank of Commerce,Euro Finmart Ltd,255,6
Oriental Bank of Commerce,FINANCIAL INFORMATION NETWORK,1,0
Oriental Bank of Commerce,JNET Technologies Pvt.Ltd,109,17
Oriental Bank of Commerce,Redim Software Technologies Pvt Ltd,1271,9
Oriental Bank of Commerce,Sri Ramraja Sarkar Lok Kalyan Trust,1311,127
Oriental Bank of Commerce,Wipro Ltd,7008,508
Punjab and Sind Bank,Matrix Processing House,28,1
Registrar General India - BEL,In Media Computer Services LLP,1,0
Registrar General India - BEL,Manipur Electronics Dev Corp,55,0
Registrar General India - BEL,Swathy Smartcards Hi-Tech Pvt,62,2
Registrar General India BEL2,Alankit Assignments Limited,1456,25
Registrar General India BEL2,Computer LAB,221,201
Registrar General India BEL2,India Computer Technology,13137,1748
Registrar General India BEL2,Madras Security Printers Ltd,1946,154
Registrar General India BEL2,Multiwave Innovation,433,178
Registrar General India BEL2,Netlink software Pvt Ltd,1199,243
Registrar General India BEL2,Nielsen  India  Private Limited,8,130
Registrar General India BEL2,Om Softwares,889,68
Registrar General India BEL2,SREEVEN INFOCOM LIMITED,17,7
Registrar General India BEL2,STRATEGIC OUTSOURCING SERVICE,3,0
Registrar General India BEL2,Swathy Smartcards Hi-Tech Pvt,37352,7004
Registrar General India BEL2,Swiss Tech India Pvt Ltd,559,358
Registrar General India BEL2,Tera Software Ltd,756,617
Registrar General India BEL2,Vansh Infotech Pvt Ltd,32,3
Registrar General India BEL2,Vedavaag Systems Limited,35,0
Registrar General India ECIL,AVVAS INFOTECH PVT  LTD,192,38
Registrar General India ECIL,BUSINESS INFORMATION PROCESSING SERVICES,22,0
Registrar General India ECIL,COMTECH INSTITUTE OFTECHNOLOGY,134,0
Registrar General India ECIL,Clairvoyance Technologies Pvt.,27122,21
Registrar General India ECIL,Computer LAB,29203,13640
Registrar General India ECIL,Eagle Software India Pvt. Ltd,3325,349
Registrar General India ECIL,In Media Computer Services LLP,54,21
Registrar General India ECIL,India Computer Technology,6301,5920
Registrar General India ECIL,Karvy Data Management Services,976,8
Registrar General India ECIL,Krishna Infotech,841,1157
Registrar General India ECIL,Madras Security Printers Ltd,8895,6002
Registrar General India ECIL,Netwing Technologies Pvt Ltd,6,0
Registrar General India ECIL,Nielsen  India  Private Limited,71,14
Registrar General India ECIL,Pioneer E Labs limited,0,1
Registrar General India ECIL,SWISSTECH NPR 57CR PROJECT PVT,7466,3031
Registrar General India ECIL,Tera Software Ltd,11574,2779
Registrar General India ECIL,Vedavaag Systems Limited,3143,1102
Registrar General India Others,AVVAS INFOTECH PVT  LTD,0,1
Registrar General India Others,Computer LAB,4,5
Registrar General India Others,Eagle Software India Pvt. Ltd,4,0
Registrar General India Others,Karvy Data Management Services,24,1
Registrar General India Others,Madras Security Printers Ltd,13,4
Registrar General India Others,Swathy Smartcards Hi-Tech Pvt,16,11
Registrar General of India ITI,COMTECH INSTITUTE OFTECHNOLOGY,334,0
Registrar General of India ITI,CSS TECHNERGY LIMITED,11,0
Registrar General of India ITI,CommunitiWorks Welfare Society,164,42
Registrar General of India ITI,Eagle Software India Pvt. Ltd,1245,145
Registrar General of India ITI,Emdee Digitronics Pvt.Ltd.,39215,2485
Registrar General of India ITI,Madras Security Printers Ltd,0,5
Registrar General of India ITI,Mphasis Ltd,1,0
Registrar General of India ITI,Multiwave Innovation,0,138
Registrar General of India ITI,Netwing Technologies Pvt Ltd,1,56
Registrar General of India ITI,Nielsen  India  Private Limited,24,159
Registrar General of India ITI,SREEVEN INFOCOM LIMITED,313,46
Registrar General of India ITI,STRATEGIC OUTSOURCING SERVICE,414,10
Registrar General of India ITI,Swathy Smartcards Hi-Tech Pvt,23283,11815
Registrar General of India ITI,TechSmart India Pvt Ltd,18,2273
Registrar General of India ITI,Vedavaag Systems Limited,387,1
Registrar General of India ITI,WEBEL TECHNOLOGY LIMITED,11908,411
STATE BANK OF PATIALA,CSS TECHNERGY LIMITED,36,0
State Bank of Bikaner & Jaipur,Multiwave Innovation,5338,332
State Bank of India,4G IDENTITY SOLUTIONS,1,0
State Bank of India,COMAT TECHNOLOGIES P LTD,1,0
State Bank of India,IL&FS LTD,0,1
State Bank of India,Smart Chip Limited,0,1
State Bank of Travancore,Tera Software Ltd,299,27
UDD Govt of Jharkhand,Blue Circle Instrument,819,40
UDD Govt of Jharkhand,MKS Enterprises,2302,350
UDD Govt of Jharkhand,Systematic & Advance Const P L,43,4
UDD Govt of Jharkhand,Vayam technologies Ltd,138,16
UIDAI-Registrar,UIDAI-EA,62,0
UT Of Daman and Diu,Alankit Assignments Limited,154,100
UT of Puducherry,Madras Security Printers Ltd,433,203
Union Bank,FINANCIAL INFORMATION NETWORK,8372,251
Union Bank,Smart Chip Limited,13710,1238
Union Bank,Vakrangee Softwares Limited,24259,1775
