Registrar,Enrolment Agency,Aadhaar generated,Enrolment Rejected
Allahabad Bank,IL&FS LTD,1,0
Allahabad Bank,Tera Software Ltd,1,0
Allahabad Bank,Vakrangee Softwares Limited,39174,1709
Bank Of India,A3 Logics  India  Ltd,6775,241
Bank Of India,Akanksha International,1400,45
Bank Of India,Blue Circle Instrument,94,7
Bank Of India,CHESSY CONSULTANTS PVT LTD,678,25
Bank Of India,DATASOFT COMPUTER SERVICES(P),279,17
Bank Of India,Emdee Digitronics Pvt.Ltd.,174,1
Bank Of India,Frontech Systems Pvt Ltd,295,79
Bank Of India,ITI LIMITED,35,0
Bank Of India,MANTRA SOFTTECH (INDIA) PVTLTD,1174,65
Bank Of India,Matrix Processing House,13528,511
Bank Of India,OPTIMIX CONSULTANCY PRIVATE LT,9,0
Bank Of India,OSWAL COMPUTERS & CONSULTANTS,6701,479
Bank Of India,PROTEX COMPUTER PVT LTD,672,35
Bank Of India,SARADA SYSTEMS,1902,36
Bank Of India,SHRIKRISHNA KHANDASARI SUGAR M,10940,652
Bank Of India,SPANCO,2847,71
Bank Of India,SREI INFRASTRUCTURE FINANCES L,1592,133
Bank Of India,Silver Touch Technologies Ltd,1164,63
Bank Of India,Systematic & Advance Const P L,16379,990
Bank Of India,VEETECHNOLOGIES PVT. LTD,799,76
Bank Of India,Vakrangee Softwares Limited,10406,1262
Bank of Baroda,DATASOFT COMPUTER SERVICES(P),28,0
Bank of Baroda,IL&FS LTD,42,16
Bank of Baroda,TEAM LIFE CARE COMPANY INDIA P,1201,60
Bank of Maharashtra,Alankit Finsec Ltd,215,8
Bank of Maharashtra,FINANCIAL INFORMATION NETWORK,392,22
Bank of Maharashtra,Micro Technologies India Ltd,169,9
CSC e-Governance Services India Limited,A I Soc for Electronics and Comp Tech,536,17
CSC e-Governance Services India Limited,AKSH OPTIFIBRE LIMITED,56,12
CSC e-Governance Services India Limited,BASIX,49,3
CSC e-Governance Services India Limited,CALANCE SOFTWARE PRIVATE LTD,158,2
CSC e-Governance Services India Limited,CMS Computers Ltd,58,3
CSC e-Governance Services India Limited,Network for Information & Computer,416,14
CSC e-Governance Services India Limited,SPANCO,113,6
Canara Bank,ITI LIMITED,1,0
Central Bank of India,CALANCE SOFTWARE PRIVATE LTD,7051,209
Central Bank of India,Frontech Systems Pvt Ltd,75,4
Central Bank of India,IAP COMPANY Pvt. Ltd,32268,719
Central Bank of India,IL&FS LTD,8,0
Central Bank of India,MANTRA SOFTTECH (INDIA) PVTLTD,259,9
Central Bank of India,The Peerless General Finance,1672,119
DENA BANK,ATISHAY INFOTECH PVT. LTD.,102,4
DENA BANK,DATASOFT COMPUTER SERVICES(P),110,9
Delhi - Central DC,Smart Chip Limited,317,80
Delhi - East DC,DATASOFT COMPUTER SERVICES(P),749,149
Delhi - ND DC,Smart Chip Limited,159,10
Delhi - NE DC,Alankit Assignments Limited,28,0
Delhi - NE DC,Smart Chip Limited,808,156
Delhi - North DC,CALANCE SOFTWARE PRIVATE LTD,3062,269
Delhi - North DC,DATASOFT COMPUTER SERVICES(P),8,0
Delhi - North DC,NVR & ASSOCIATES LIMITED,476,118
Delhi - North DC,Smart Chip Limited,254,23
Delhi SW DC,VIRGO SOFTECH LIMITED,433,260
Delhi Urban Shelter Improvemen,Alankit Assignments Limited,2,0
Delhi Urban Shelter Improvemen,Matrix Processing House,1,0
Delhi Urban Shelter Improvemen,Tera Software Ltd,1,0
Delhi- South DC,Karvy Computershare Private Li,639,126
Delhi- South DC,Smart Chip Limited,319,5
Delhi- South DC,eCentric solutions pvt ltd,133,0
Delhi- West DC,Matrix Processing House,54,0
Delhi- West DC,Smart Chip Limited,138,12
Delhi- West DC,VIRGO SOFTECH LIMITED,1134,187
Delhi-NW DC,Karvy Computershare Private Li,448,157
Dept of ITC Govt of Rajasthan,ATISHAY INFOTECH PVT. LTD.,13520,545
Dept of ITC Govt of Rajasthan,AVVAS INFOTECH PVT  LTD,8668,182
Dept of ITC Govt of Rajasthan,Alankit Finsec Ltd,5011,152
Dept of ITC Govt of Rajasthan,DATASOFT COMPUTER SERVICES(P),19824,478
Dept of ITC Govt of Rajasthan,TechSmart India Pvt Ltd,619,20
Dept of ITC Govt of Rajasthan,Transline Technologies P Ltd,5820,296
Dept of ITC Govt of Rajasthan,Vakrangee Softwares Limited,8993,917
Dept of ITC Govt of Rajasthan,Vayam technologies Ltd,7034,419
FCR Govt of Haryana,Vakrangee Softwares Limited,542,73
FCS Govt of Punjab,Alankit Assignments Limited,416,0
FCS Govt of Punjab,Alankit Finsec Ltd,34,0
FCS Govt of Punjab,CSS TECHNERGY LIMITED,2983,97
FCS Govt of Punjab,Delhi Integrated MMTS Ltd,191,0
FCS Govt of Punjab,Karvy Computershare Private Li,12779,875
FCS Govt of Punjab,VIRGO SOFTECH LIMITED,21,1
FCS Govt of Punjab,Vayam technologies Ltd,11938,369
FCS Govt of Punjab,eCentric solutions pvt ltd,8221,263
Govt of Andhra Pradesh,Gouthami Educational Society,1310,23
Govt of Andhra Pradesh,GrapeSoft,622,278
Govt of Andhra Pradesh,IL&FS LTD,849,1
Govt of Andhra Pradesh,INFRONICS SYSTEMS LTD,5133,360
Govt of Andhra Pradesh,Madras Security Printers Ltd,1,2
Govt of Andhra Pradesh,SREEVEN INFOCOM LIMITED,548,73
Govt of Andhra Pradesh,Smart Chip Limited,1,0
Govt of Andhra Pradesh,TechSmart India Pvt Ltd,29683,1445
Govt of Andhra Pradesh,Tera Software Ltd,4011,139
Govt of Andhra Pradesh,eCentric solutions pvt ltd,182,1
Govt of Goa,MARS Telecom Systems Pvt Ltd,78,19
Govt of Goa,Tera Software Ltd,0,5
Govt of Gujarat,GSS Infotech Ltd,7949,174
Govt of Gujarat,Karvy Computershare Private Li,12226,229
Govt of Gujarat,Silver Touch Technologies Ltd,21997,563
Govt of Gujarat,Tera Software Ltd,3003,60
Govt of Gujarat,Transline Technologies P Ltd,831,40
Govt of Gujarat,Vayam technologies Ltd,4101,243
Govt of Gujarat,eCentric solutions pvt ltd,3395,67
Govt of Himachal Pradesh,IL&FS LTD,3,0
Govt of Himachal Pradesh,Wipro Ltd,2652,213
Govt of Himachal Pradesh,i-Grandee SoftwareTechnologies,3708,130
Govt of Karnataka ,COMAT TECHNOLOGIES P LTD,35,2
Govt of Karnataka ,Integra Micro Systems Pvt.ltd,1,0
Govt of Karnataka ,MARS Telecom Systems Pvt Ltd,18492,557
Govt of Karnataka ,Ninestars Information Technologies Ltd,5868,781
Govt of Karnataka ,Origin ITFS Pvt Ltd,16519,1260
Govt of Karnataka ,SREEVEN INFOCOM LIMITED,15972,657
Govt of Karnataka ,Tera Software Ltd,4,0
Govt of Kerala,Akshaya,30622,2324
Govt of Kerala,Keltron,6960,1597
Govt of Madhya Pradesh,VIRGO SOFTECH LIMITED,268,2
Govt of Maharashtra,Alankit Assignments Limited,115,1
Govt of Maharashtra,Alankit Finsec Ltd,18603,657
Govt of Maharashtra,COMAT TECHNOLOGIES P LTD,1,0
Govt of Maharashtra,Eagle press pvt ltd,6801,124
Govt of Maharashtra,GLODYNE TECHNOSERVE,309,5
Govt of Maharashtra,GSS Infotech Ltd,4,0
Govt of Maharashtra,Karvy Computershare Private Li,15151,580
Govt of Maharashtra,M/s. Vidya Online  Pune,15,2
Govt of Maharashtra,Mahaonline Limited,82,0
Govt of Maharashtra,Narayana Electricals Solution Pvt Ltd,548,24
Govt of Maharashtra,Netlink software Pvt Ltd,3875,303
Govt of Maharashtra,Network for Information & Computer,18,4
Govt of Maharashtra,Obel projects Pvt Ltd,50,12
Govt of Maharashtra,Rudranee Infotech Ltd,635,12
Govt of Maharashtra,SHREERAM PRINTING PRESS,532,13
Govt of Maharashtra,SPANCO,2,0
Govt of Maharashtra,STRATEGIC OUTSOURCING SERVICE,10657,501
Govt of Maharashtra,Silver Touch Technologies Ltd,1383,54
Govt of Maharashtra,Systematic & Advance Const P L,177,7
Govt of Maharashtra,TEAM LIFE CARE COMPANY INDIA P,197,4
Govt of Maharashtra,TechSmart India Pvt Ltd,6504,313
Govt of Maharashtra,Tera Software Ltd,200,16
Govt of Maharashtra,Transline Technologies P Ltd,978,48
Govt of Maharashtra,Wep Solution India Limited,0,1
Govt of Maharashtra,Wipro Ltd,23881,434
Govt of Sikkim - Dept of Econo,Department of Economics Statistics  Monitoring and Evaluation DESME,34,2
IDBI Bank ltd,ATISHAY INFOTECH PVT. LTD.,1063,97
IDBI Bank ltd,Matrix Processing House,235,14
IDBI Bank ltd,Pioneer E Labs limited,15,0
IDBI Bank ltd,SREEVEN INFOCOM LIMITED,964,67
IDBI Bank ltd,UTI TECHNOLOGY SERVICES LIMITE,639,23
Indian Bank,GSS Infotech Ltd,1,0
Indiapost,4G IDENTITY SOLUTIONS,79,3
Indiapost,COMAT TECHNOLOGIES P LTD,4,0
Indiapost,Delhi Integrated MMTS Ltd,14706,406
Indiapost,GLODYNE TECHNOSERVE,15,6
Indiapost,GSS Infotech Ltd,3,0
Indiapost,IL&FS LTD,1,1
Indiapost,M/S STAR DATA CENTRE,3,0
Indiapost,MARS Telecom Systems Pvt Ltd,520,55
Indiapost,Smart Chip Limited,389,14
Indiapost,TEAM LIFE CARE COMPANY INDIA P,4492,499
Indiapost,Vayam technologies Ltd,34,9
Indiapost,WEBEL,20,13
Indiapost,eCentric solutions pvt ltd,2,0
Information Technology & Communication Department,4G INFORMATICS,16547,895
Information Technology & Communication Department,BNR UDYOG LIMITED,5263,301
Information Technology & Communication Department,Bloom Solutions Pvt Ltd,14700,584
Information Technology & Communication Department,CSS TECHNERGY LIMITED,9516,314
Information Technology & Communication Department,GDC Advertising Pvt. Limited,5693,250
Information Technology & Communication Department,JYOTHI COMPUTER SERVICES,7615,676
Information Technology & Communication Department,Karvy Data Management Services,320,21
Information Technology & Communication Department,MARS Telecom Systems Pvt Ltd,1724,176
Information Technology & Communication Department,SREEVEN INFOCOM LIMITED,1963,160
Information Technology & Communication Department,Tera Software Ltd,1802,16
Jharkhand,Alankit Assignments Limited,138,19
Jharkhand,Blue Circle Instrument,84,10
Jharkhand,Emdee Digitronics Pvt.Ltd.,715,132
Jharkhand,IL&FS LTD,0,2
Jharkhand,MKS Enterprises,875,318
Jharkhand,Nevaeh Technology Pvt. Ltd.,1051,27
Jharkhand,STRATEGIC OUTSOURCING SERVICE,206,64
Jharkhand,Systematic & Advance Const P L,13096,522
Jharkhand,VISION COMPTECH INTEGRATOR LTD,1312,110
Jharkhand,Wipro Ltd,4679,578
Life Insurance Corporation,LYRA  CONSULTANCY SERVICE,8,0
Mission Convergence - GNCT Del,Alankit Assignments Limited,3,0
Mission Convergence - GNCT Del,Karvy Computershare Private Li,673,53
Mission Convergence - GNCT Del,Matrix Processing House,2,0
Mission Convergence - GNCT Del,NVR & ASSOCIATES LIMITED,10,2
Mission Convergence - GNCT Del,eCentric solutions pvt ltd,65,0
NSDL e-Governance Infrastructure Limited,Abhipra Capital Ltd,1946,202
NSDL e-Governance Infrastructure Limited,Alankit Assignments Limited,12158,246
NSDL e-Governance Infrastructure Limited,Delhi Integrated MMTS Ltd,1891,19
NSDL e-Governance Infrastructure Limited,INTEGRATED REGISTRY SERVICES,16,0
NSDL e-Governance Infrastructure Limited,Karvy Data Management Services,58820,1212
NSDL e-Governance Infrastructure Limited,Netlink software Pvt Ltd,3630,272
NSDL e-Governance Infrastructure Limited,PROWIZ MANSYTEMS PVT LTD,5765,189
NSDL e-Governance Infrastructure Limited,TEAM LIFE CARE COMPANY INDIA P,950,20
NSDL e-Governance Infrastructure Limited,VIRGO SOFTECH LIMITED,3673,119
Oriental Bank of Commerce,DATASOFT COMPUTER SERVICES(P),590,12
Oriental Bank of Commerce,Euro Finmart Ltd,225,4
Oriental Bank of Commerce,FINANCIAL INFORMATION NETWORK,149,4
Oriental Bank of Commerce,IL&FS LTD,20,0
Oriental Bank of Commerce,JNET Technologies Pvt.Ltd,96,20
Oriental Bank of Commerce,Redim Software Technologies Pvt Ltd,738,5
Oriental Bank of Commerce,Sri Ramraja Sarkar Lok Kalyan Trust,3761,218
Oriental Bank of Commerce,Wipro Ltd,6323,501
Punjab and Sind Bank,Matrix Processing House,16,2
RDD Govt of Tripura,Alankit Assignments Limited,23,0
Registrar General India - BEL,Manipur Electronics Dev Corp,3,0
Registrar General India - BEL,Swathy Smartcards Hi-Tech Pvt,94,0
Registrar General India BEL2,Alankit Assignments Limited,1502,14
Registrar General India BEL2,Computer LAB,3387,354
Registrar General India BEL2,India Computer Technology,8482,712
Registrar General India BEL2,Madras Security Printers Ltd,2570,602
Registrar General India BEL2,Multiwave Innovation,1955,4051
Registrar General India BEL2,Netlink software Pvt Ltd,1085,56
Registrar General India BEL2,Nielsen  India  Private Limited,273,80
Registrar General India BEL2,Om Softwares,6411,39
Registrar General India BEL2,SREEVEN INFOCOM LIMITED,278,3
Registrar General India BEL2,STRATEGIC OUTSOURCING SERVICE,1660,49
Registrar General India BEL2,Swathy Smartcards Hi-Tech Pvt,50198,3001
Registrar General India BEL2,Swiss Tech India Pvt Ltd,580,7
Registrar General India BEL2,Tera Software Ltd,1872,161
Registrar General India BEL2,VIRGO SOFTECH LIMITED,17,0
Registrar General India BEL2,Vansh Infotech Pvt Ltd,491,9
Registrar General India BEL2,Vedavaag Systems Limited,16,0
Registrar General India ECIL,AVVAS INFOTECH PVT  LTD,2681,199
Registrar General India ECIL,BUSINESS INFORMATION PROCESSING SERVICES,147,0
Registrar General India ECIL,COMTECH INSTITUTE OFTECHNOLOGY,2548,52
Registrar General India ECIL,COMTECHINFO SOLUTIONS PVT.LTD,12,1
Registrar General India ECIL,Clairvoyance Technologies Pvt.,1299,134
Registrar General India ECIL,Computer LAB,15233,2674
Registrar General India ECIL,Eagle Software India Pvt. Ltd,2702,281
Registrar General India ECIL,In Media Computer Services LLP,50,2
Registrar General India ECIL,India Computer Technology,1962,1602
Registrar General India ECIL,Karvy Data Management Services,345,6
Registrar General India ECIL,Krishna Infotech,1098,283
Registrar General India ECIL,Madras Security Printers Ltd,7197,542
Registrar General India ECIL,Netwing Technologies Pvt Ltd,462,4
Registrar General India ECIL,Nielsen  India  Private Limited,788,0
Registrar General India ECIL,SWISSTECH NPR 57CR PROJECT PVT,7802,1253
Registrar General India ECIL,Tera Software Ltd,13106,2122
Registrar General India ECIL,Vedavaag Systems Limited,1134,45
Registrar General India Others,COMTECHINFO SOLUTIONS PVT.LTD,3,0
Registrar General India Others,CSS TECHNERGY LIMITED,1,0
Registrar General India Others,Computer LAB,0,1
Registrar General India Others,Emdee Digitronics Pvt.Ltd.,3,0
Registrar General India Others,Karvy Data Management Services,6,0
Registrar General India Others,Madras Security Printers Ltd,18,0
Registrar General India Others,Mphasis Ltd,5,0
Registrar General India Others,Multiwave Innovation,54,0
Registrar General India Others,Om Softwares,1,0
Registrar General India Others,STRATEGIC OUTSOURCING SERVICE,1,0
Registrar General India Others,Swathy Smartcards Hi-Tech Pvt,120,42
Registrar General India Others,Tera Software Ltd,37,0
Registrar General India Others,WEBEL TECHNOLOGY LIMITED,3,0
Registrar General of India ITI,COMTECH INSTITUTE OFTECHNOLOGY,578,6
Registrar General of India ITI,CSS TECHNERGY LIMITED,261,0
Registrar General of India ITI,CommunitiWorks Welfare Society,666,101
Registrar General of India ITI,Eagle Software India Pvt. Ltd,3668,127
Registrar General of India ITI,Emdee Digitronics Pvt.Ltd.,43664,4241
Registrar General of India ITI,Mphasis Ltd,22,1
Registrar General of India ITI,Multiwave Innovation,3,3
Registrar General of India ITI,Netwing Technologies Pvt Ltd,64,2
Registrar General of India ITI,Nielsen  India  Private Limited,629,50
Registrar General of India ITI,SREEVEN INFOCOM LIMITED,438,93
Registrar General of India ITI,STRATEGIC OUTSOURCING SERVICE,3636,6
Registrar General of India ITI,Swathy Smartcards Hi-Tech Pvt,9453,3212
Registrar General of India ITI,TechSmart India Pvt Ltd,100,22
Registrar General of India ITI,VIRGO SOFTECH LIMITED,82,0
Registrar General of India ITI,Vedavaag Systems Limited,219,2
Registrar General of India ITI,WEBEL TECHNOLOGY LIMITED,4020,109
STATE BANK OF PATIALA,CSS TECHNERGY LIMITED,4,0
State Bank of Bikaner & Jaipur,Multiwave Innovation,7104,199
State Bank of India,COMAT TECHNOLOGIES P LTD,1,0
State Bank of India,IL&FS LTD,29,0
State Bank of India,Smart Chip Limited,0,1
State Bank of India,VIRGO SOFTECH LIMITED,22,1
State Bank of Travancore,Tera Software Ltd,153,14
UDD Govt of Jharkhand,Blue Circle Instrument,284,65
UDD Govt of Jharkhand,IL&FS LTD,1,0
UDD Govt of Jharkhand,MKS Enterprises,1118,167
UDD Govt of Jharkhand,Systematic & Advance Const P L,449,16
UDD Govt of Jharkhand,Vayam technologies Ltd,36,14
UIDAI-Registrar,UIDAI-EA,35,1
UT Of Daman and Diu,Alankit Assignments Limited,25,0
UT of Puducherry,Madras Security Printers Ltd,199,29
Union Bank,FINANCIAL INFORMATION NETWORK,22919,1277
Union Bank,Smart Chip Limited,23106,1846
Union Bank,Vakrangee Softwares Limited,52344,3756
