State,District,Aadhaar generated,Enrolment Rejected
Andhra Pradesh,Ananthapur,29,0
Andhra Pradesh,Chittoor,63,0
Andhra Pradesh,Cuddapah,14,0
Andhra Pradesh,East Godavari,48,0
Andhra Pradesh,Guntur,69,0
Andhra Pradesh,Krishna,67,0
Andhra Pradesh,Kurnool,155,0
Andhra Pradesh,Nellore,26,0
Andhra Pradesh,Prakasam,38,0
Andhra Pradesh,Srikakulam,38,0
Andhra Pradesh,Visakhapatnam,95,0
Andhra Pradesh,Vizianagaram,127,0
Andhra Pradesh,West Godavari,51,0
Arunachal Pradesh,Papum Pare,1,0
Arunachal Pradesh,Tirap,1,0
Assam,Cachar,1,0
Assam,Darrang,1,0
Assam,Golaghat,1,0
Assam,Kamrup,1,0
Assam,Karimganj,1,0
Assam,Nagaon,4,0
Assam,Sonitpur,3,0
Assam,Tinsukia,1,0
Assam,Udalguri,2,0
Bihar,Araria,596,0
Bihar,Arwal,9,0
Bihar,Aurangabad,246,0
Bihar,Banka,842,0
Bihar,Begusarai,878,0
Bihar,Bhagalpur,412,0
Bihar,Bhojpur,539,0
Bihar,Buxar,145,0
Bihar,Darbhanga,52,0
Bihar,East Champaran,1683,0
Bihar,Gaya,2032,0
Bihar,Gopalganj,386,0
Bihar,Jamui,88,0
Bihar,Jehanabad,148,0
Bihar,Kaimur (Bhabua),239,0
Bihar,Katihar,91,0
Bihar,Khagaria,129,0
Bihar,Kishanganj,22,0
Bihar,Lakhisarai,73,0
Bihar,Madhepura,180,0
Bihar,Madhubani,337,0
Bihar,Munger,252,0
Bihar,Muzaffarpur,1082,0
Bihar,Nalanda,347,0
Bihar,Nawada,225,0
Bihar,Patna,409,0
Bihar,Purnia,1097,0
Bihar,Rohtas,465,0
Bihar,Saharsa,68,0
Bihar,Samastipur,2092,0
Bihar,Saran,1249,0
Bihar,Sheikhpura,39,0
Bihar,Sheohar,61,0
Bihar,Sitamarhi,1040,0
Bihar,Siwan,760,0
Bihar,Supaul,256,0
Bihar,Vaishali,906,0
Bihar,West Champaran,756,0
Chandigarh,Chandigarh,12,0
Chhattisgarh,Balod,225,0
Chhattisgarh,Baloda Bazar,220,0
Chhattisgarh,Balrampur,3,0
Chhattisgarh,Bastar,152,0
Chhattisgarh,Bemetara,616,0
Chhattisgarh,Bijapur,3,0
Chhattisgarh,Bilaspur,133,0
Chhattisgarh,Dakshin Bastar Dantewada,4,0
Chhattisgarh,Dhamtari,45,0
Chhattisgarh,Durg,850,0
Chhattisgarh,Gariyaband,5,0
Chhattisgarh,Janjgir-champa,208,0
Chhattisgarh,Jashpur,50,0
Chhattisgarh,Kabeerdham,24,0
Chhattisgarh,Kanker,332,0
Chhattisgarh,Kawardha,1033,0
Chhattisgarh,Kondagaon,46,0
Chhattisgarh,Korba,458,0
Chhattisgarh,Koriya,12,0
Chhattisgarh,Mahasamund,836,0
Chhattisgarh,Mungeli,106,0
Chhattisgarh,Narayanpur,36,0
Chhattisgarh,Raigarh,678,0
Chhattisgarh,Raipur,345,0
Chhattisgarh,Rajnandgaon,409,0
Chhattisgarh,Sukma,16,0
Chhattisgarh,Surajpur,16,0
Chhattisgarh,Surguja,342,0
Chhattisgarh,Uttar Bastar Kanker,142,0
Dadra and Nagar Haveli,Dadra and Nagar Haveli,7,0
Daman and Diu,Daman,55,0
Daman and Diu,Diu,13,0
Delhi,Central Delhi,30,0
Delhi,East Delhi,13,0
Delhi,New Delhi,1,0
Delhi,North Delhi,4,0
Delhi,North East Delhi,76,0
Delhi,North West Delhi,101,0
Delhi,South Delhi,123,0
Delhi,South West Delhi,135,0
Delhi,West Delhi,54,0
Goa,North Goa,4,0
Gujarat,Ahmedabad,297,0
Gujarat,Amreli,341,0
Gujarat,Anand,74,0
Gujarat,Banaskantha,347,0
Gujarat,Bharuch,17,0
Gujarat,Bhavnagar,449,0
Gujarat,Dahod,5,0
Gujarat,Gandhinagar,14,0
Gujarat,Jamnagar,45,0
Gujarat,Junagadh,25,0
Gujarat,Kachchh,66,0
Gujarat,Kheda,176,0
Gujarat,Mahesana,43,0
Gujarat,Navsari,50,0
Gujarat,Panchmahals,113,0
Gujarat,Patan,4,0
Gujarat,Rajkot,116,0
Gujarat,Sabarkantha,110,0
Gujarat,Surat,274,0
Gujarat,Surendra Nagar,65,0
Gujarat,Tapi,32,0
Gujarat,The Dangs,24,0
Gujarat,Vadodara,513,0
Gujarat,Valsad,69,0
Haryana,Ambala,3,0
Haryana,Bhiwani,115,0
Haryana,Faridabad,90,0
Haryana,Fatehabad,13,0
Haryana,Gurgaon,63,0
Haryana,Hisar,23,0
Haryana,Jhajjar,33,0
Haryana,Jind,89,0
Haryana,Kaithal,180,0
Haryana,Karnal,172,0
Haryana,Kurukshetra,29,0
Haryana,Mahendragarh,12,0
Haryana,Mewat,211,0
Haryana,Palwal,26,0
Haryana,Panchkula,29,0
Haryana,Panipat,110,0
Haryana,Rewari,4,0
Haryana,Rohtak,50,0
Haryana,Sirsa,58,0
Haryana,Sonipat,58,0
Haryana,Yamuna Nagar,87,0
Himachal Pradesh,Chamba,1,0
Himachal Pradesh,Hamirpur,1,0
Himachal Pradesh,Kangra,6,0
Himachal Pradesh,Shimla,4,0
Himachal Pradesh,Sirmaur,3,0
Himachal Pradesh,Solan,1,0
Himachal Pradesh,Una,1,0
Jammu and Kashmir,Anantnag,52,0
Jammu and Kashmir,Badgam,2,0
Jammu and Kashmir,Bandipore,1,0
Jammu and Kashmir,Baramula,1,0
Jammu and Kashmir,Doda,3,0
Jammu and Kashmir,Ganderbal,3,0
Jammu and Kashmir,Jammu,479,0
Jammu and Kashmir,Kathua,6,0
Jammu and Kashmir,Kupwara,23,0
Jammu and Kashmir,Punch,1,0
Jammu and Kashmir,Ramban,30,0
Jammu and Kashmir,Reasi,8,0
Jammu and Kashmir,Samba,4,0
Jammu and Kashmir,Srinagar,4,0
Jammu and Kashmir,Udhampur,216,0
Jharkhand,Bokaro,4,0
Jharkhand,Chatra,7,0
Jharkhand,Deoghar,6,0
Jharkhand,Dhanbad,7,0
Jharkhand,Dumka,21,0
Jharkhand,East Singhbhum,2,0
Jharkhand,Garhwa,6,0
Jharkhand,Giridih,17,0
Jharkhand,Godda,2,0
Jharkhand,Gumla,3,0
Jharkhand,Hazaribagh,1,0
Jharkhand,Koderma,1,0
Jharkhand,Latehar,2,0
Jharkhand,Pakur,5,0
Jharkhand,Palamu,12,0
Jharkhand,Ramgarh,1,0
Jharkhand,Ranchi,7,0
Jharkhand,Sahebganj,1,0
Jharkhand,Seraikela-Kharsawan,1,0
Jharkhand,Simdega,1,0
Jharkhand,West Singhbhum,3,0
Karnataka,Bagalkot,7,0
Karnataka,Bangalore,12,0
Karnataka,Bangalore Rural,1,0
Karnataka,Belgaum,37,0
Karnataka,Bellary,31,0
Karnataka,Bidar,42,0
Karnataka,Bijapur,49,0
Karnataka,Chamrajanagar,1,0
Karnataka,Chikkaballapur,30,0
Karnataka,Chitradurga,35,0
Karnataka,Dakshina Kannada,6,0
Karnataka,Davangere,265,0
Karnataka,Dharwad,2,0
Karnataka,Gadag,2,0
Karnataka,Gulbarga,76,0
Karnataka,Hassan,6,0
Karnataka,Haveri,236,0
Karnataka,Kolar,180,0
Karnataka,Mandya,3,0
Karnataka,Mysore,3,0
Karnataka,Raichur,15,0
Karnataka,Ramanagar,1,0
Karnataka,Shimoga,1,0
Karnataka,Tumkur,2,0
Karnataka,Udupi,5,0
Karnataka,Yadgir,240,0
Kerala,Alappuzha,2,0
Kerala,Ernakulam,4,0
Kerala,Idukki,1,0
Kerala,Kannur,13,0
Kerala,Kasaragod,1,0
Kerala,Kollam,4,0
Kerala,Kottayam,4,0
Kerala,Kozhikode,8,0
Kerala,Malappuram,21,0
Kerala,Palakkad,3,0
Kerala,Pathanamthitta,5,0
Kerala,Thiruvananthapuram,6,0
Kerala,Thrissur,6,0
Kerala,Wayanad,2,0
Lakshadweep,Lakshadweep,1,0
Madhya Pradesh,Alirajpur,8,0
Madhya Pradesh,Anuppur,30,0
Madhya Pradesh,Ashok Nagar,14,0
Madhya Pradesh,Balaghat,26,0
Madhya Pradesh,Barwani,13,0
Madhya Pradesh,Betul,14,0
Madhya Pradesh,Bhind,24,0
Madhya Pradesh,Bhopal,46,0
Madhya Pradesh,Chhatarpur,56,0
Madhya Pradesh,Chhindwara,68,0
Madhya Pradesh,Damoh,29,0
Madhya Pradesh,Datia,28,0
Madhya Pradesh,Dewas,7,0
Madhya Pradesh,Dhar,13,0
Madhya Pradesh,Dindori,9,0
Madhya Pradesh,Guna,3,0
Madhya Pradesh,Gwalior,23,0
Madhya Pradesh,Harda,2,0
Madhya Pradesh,Hoshangabad,4,0
Madhya Pradesh,Indore,30,0
Madhya Pradesh,Jabalpur,7,0
Madhya Pradesh,Jhabua,18,0
Madhya Pradesh,Khandwa,21,0
Madhya Pradesh,Khargone,13,0
Madhya Pradesh,Mandla,8,0
Madhya Pradesh,Mandsaur,7,0
Madhya Pradesh,Morena,34,0
Madhya Pradesh,Narsinghpur,4,0
Madhya Pradesh,Neemuch,2,0
Madhya Pradesh,Panna,4,0
Madhya Pradesh,Raisen,20,0
Madhya Pradesh,Rajgarh,56,0
Madhya Pradesh,Ratlam,20,0
Madhya Pradesh,Rewa,2,0
Madhya Pradesh,Sagar,57,0
Madhya Pradesh,Satna,23,0
Madhya Pradesh,Sehore,46,0
Madhya Pradesh,Seoni,18,0
Madhya Pradesh,Shahdol,32,0
Madhya Pradesh,Shajapur,2,0
Madhya Pradesh,Shivpuri,69,0
Madhya Pradesh,Sidhi,6,0
Madhya Pradesh,Singrauli,12,0
Madhya Pradesh,Tikamgarh,5,0
Madhya Pradesh,Ujjain,33,0
Madhya Pradesh,Umaria,3,0
Madhya Pradesh,Vidisha,7,0
Maharashtra,Ahmadnagar,23,0
Maharashtra,Akola,22,0
Maharashtra,Amravati,19,0
Maharashtra,Aurangabad,109,0
Maharashtra,Beed,31,0
Maharashtra,Bhandara,3,0
Maharashtra,Buldhana,103,0
Maharashtra,Chandrapur,10,0
Maharashtra,Dhule,7,0
Maharashtra,Gadchiroli,3,0
Maharashtra,Gondiya,4,0
Maharashtra,Hingoli,101,0
Maharashtra,Jalgaon,31,0
Maharashtra,Jalna,42,0
Maharashtra,Kolhapur,110,0
Maharashtra,Latur,47,0
Maharashtra,Mumbai,101,0
Maharashtra,Nagpur,48,0
Maharashtra,Nanded,152,0
Maharashtra,Nandurbar,19,0
Maharashtra,Nashik,92,0
Maharashtra,Osmanabad,28,0
Maharashtra,Palghar,56,0
Maharashtra,Parbhani,290,0
Maharashtra,Pune,185,0
Maharashtra,Raigarh,89,0
Maharashtra,Ratnagiri,172,0
Maharashtra,Sangli,153,0
Maharashtra,Satara,52,0
Maharashtra,Sindhudurg,351,0
Maharashtra,Solapur,167,0
Maharashtra,Thane,117,0
Maharashtra,Wardha,5,0
Maharashtra,Washim,59,0
Maharashtra,Yavatmal,59,0
Manipur,Churachandpur,1,0
Manipur,Imphal West,1,0
Manipur,Tamenglong,1,0
Manipur,Ukhrul,1,0
Mizoram,Aizawl,514,0
Mizoram,Champhai,1080,0
Mizoram,Kolasib,1,0
Mizoram,Lunglei,1,0
Mizoram,Saiha,1,0
Nagaland,Longleng,1,0
Nagaland,Mon,1,0
Odisha,Angul,17,0
Odisha,Balangir,17,0
Odisha,Baleswar,15,0
Odisha,Bargarh,14,0
Odisha,Bhadrak,16,0
Odisha,Boudh,49,0
Odisha,Cuttack,30,0
Odisha,Debagarh,2,0
Odisha,Dhenkanal,35,0
Odisha,Gajapati,1,0
Odisha,Ganjam,360,0
Odisha,Jagatsinghapur,6,0
Odisha,Jajapur,62,0
Odisha,Jharsuguda,4,0
Odisha,Kalahandi,94,0
Odisha,Kendrapara,15,0
Odisha,Kendujhar,34,0
Odisha,Khorda,17,0
Odisha,Koraput,9,0
Odisha,Malkangiri,13,0
Odisha,Mayurbhanj,185,0
Odisha,Nayagarh,12,0
Odisha,Nuapada,1,0
Odisha,Puri,4,0
Odisha,Rayagada,37,0
Odisha,Sambalpur,1,0
Odisha,Sundergarh,22,0
Others,Others,32,0
Puducherry,Karaikal,5,0
Puducherry,Puducherry,11,0
Punjab,Amritsar,89,0
Punjab,Barnala,7,0
Punjab,Bathinda,57,0
Punjab,Faridkot,5,0
Punjab,Fatehgarh Sahib,3,0
Punjab,Fazilka,153,0
Punjab,Ferozepur,85,0
Punjab,Gurdaspur,2,0
Punjab,Hoshiarpur,10,0
Punjab,Jalandhar,25,0
Punjab,Kapurthala,1,0
Punjab,Ludhiana,97,0
Punjab,Mansa,18,0
Punjab,Moga,1,0
Punjab,Patiala,5,0
Punjab,SAS Nagar (Mohali),55,0
Punjab,Sangrur,17,0
Punjab,Shaheed Bhagat Singh Nagar,9,0
Punjab,Sri Muktsar Sahib,73,0
Punjab,Tarn Taran,11,0
Rajasthan,Ajmer,85,0
Rajasthan,Alwar,188,0
Rajasthan,Banswara,203,0
Rajasthan,Baran,84,0
Rajasthan,Barmer,30,0
Rajasthan,Bharatpur,413,0
Rajasthan,Bhilwara,124,0
Rajasthan,Bikaner,312,0
Rajasthan,Bundi,123,0
Rajasthan,Chittorgarh,88,0
Rajasthan,Churu,140,0
Rajasthan,Dausa,152,0
Rajasthan,Dholpur,12,0
Rajasthan,Dungarpur,60,0
Rajasthan,Ganganagar,55,0
Rajasthan,Hanumangarh,146,0
Rajasthan,Jaipur,83,0
Rajasthan,Jaisalmer,1,0
Rajasthan,Jalor,10,0
Rajasthan,Jhalawar,262,0
Rajasthan,Jhunjhunun,51,0
Rajasthan,Jodhpur,165,0
Rajasthan,Karauli,225,0
Rajasthan,Kota,30,0
Rajasthan,Nagaur,251,0
Rajasthan,Pali,87,0
Rajasthan,Pratapgarh,20,0
Rajasthan,Rajsamand,81,0
Rajasthan,Sawai Madhopur,94,0
Rajasthan,Sikar,174,0
Rajasthan,Sirohi,58,0
Rajasthan,Tonk,484,0
Rajasthan,Udaipur,52,0
Sikkim,East Sikkim,4,0
Tamil Nadu,Chennai,14,0
Tamil Nadu,Coimbatore,23,0
Tamil Nadu,Cuddalore,50,0
Tamil Nadu,Erode,5,0
Tamil Nadu,Kancheepuram,8,0
Tamil Nadu,Kanniyakumari,127,0
Tamil Nadu,Krishnagiri,1,0
Tamil Nadu,Madurai,85,0
Tamil Nadu,Nagapattinam,19,0
Tamil Nadu,Ramanathapuram,2,0
Tamil Nadu,Thanjavur,4,0
Tamil Nadu,The Nilgiris,16,0
Tamil Nadu,Theni,5,0
Tamil Nadu,Thiruvarur,3,0
Tamil Nadu,Thoothukkudi,45,0
Tamil Nadu,Tiruchirappalli,2,0
Tamil Nadu,Tirunelveli,69,0
Tamil Nadu,Tiruvallur,29,0
Tamil Nadu,Vellore,6,0
Tamil Nadu,Villupuram,209,0
Telangana,Adilabad,38,0
Telangana,Hyderabad,173,0
Telangana,K.v. Rangareddy,84,0
Telangana,Karimnagar,60,0
Telangana,Khammam,62,0
Telangana,Mahabubnagar,49,0
Telangana,Medak,31,0
Telangana,Nalgonda,42,0
Telangana,Nizamabad,123,0
Telangana,Warangal,47,0
Tripura,Gomati,2,0
Tripura,North Tripura,3,0
Tripura,Sepahijala,2,0
Tripura,Unakoti,1,0
Uttar Pradesh,Agra,1153,0
Uttar Pradesh,Aligarh,878,0
Uttar Pradesh,Allahabad,2255,0
Uttar Pradesh,Ambedkar Nagar,590,0
Uttar Pradesh,Amethi,82,0
Uttar Pradesh,Amroha,483,0
Uttar Pradesh,Auraiya,328,0
Uttar Pradesh,Azamgarh,690,0
Uttar Pradesh,Baghpat,149,0
Uttar Pradesh,Bahraich,80,0
Uttar Pradesh,Ballia,970,0
Uttar Pradesh,Balrampur,103,0
Uttar Pradesh,Banda,48,0
Uttar Pradesh,Bara Banki,573,0
Uttar Pradesh,Bareilly,365,0
Uttar Pradesh,Basti,581,0
Uttar Pradesh,Bijnor,339,0
Uttar Pradesh,Budaun,342,0
Uttar Pradesh,Bulandshahr,706,0
Uttar Pradesh,Chandauli,585,0
Uttar Pradesh,Deoria,1007,0
Uttar Pradesh,Etah,641,0
Uttar Pradesh,Etawah,179,0
Uttar Pradesh,Faizabad,799,0
Uttar Pradesh,Farrukhabad,253,0
Uttar Pradesh,Fatehpur,446,0
Uttar Pradesh,Firozabad,803,0
Uttar Pradesh,Gautam Buddha Nagar,156,0
Uttar Pradesh,Ghaziabad,412,0
Uttar Pradesh,Ghazipur,885,0
Uttar Pradesh,Gonda,443,0
Uttar Pradesh,Gorakhpur,1186,0
Uttar Pradesh,Hamirpur,19,0
Uttar Pradesh,Hapur,53,0
Uttar Pradesh,Hardoi,408,0
Uttar Pradesh,Hathras,156,0
Uttar Pradesh,Jalaun,134,0
Uttar Pradesh,Jaunpur,464,0
Uttar Pradesh,Jhansi,67,0
Uttar Pradesh,Kannauj,709,0
Uttar Pradesh,Kanpur Dehat,208,0
Uttar Pradesh,Kanpur Nagar,958,0
Uttar Pradesh,Kasganj,35,0
Uttar Pradesh,Kaushambi,256,0
Uttar Pradesh,Kheri,609,0
Uttar Pradesh,Kushinagar,355,0
Uttar Pradesh,Lalitpur,222,0
Uttar Pradesh,Lucknow,689,0
Uttar Pradesh,Maharajganj,214,0
Uttar Pradesh,Mahoba,4,0
Uttar Pradesh,Mainpuri,359,0
Uttar Pradesh,Mathura,199,0
Uttar Pradesh,Mau,198,0
Uttar Pradesh,Meerut,206,0
Uttar Pradesh,Mirzapur,477,0
Uttar Pradesh,Moradabad,1288,0
Uttar Pradesh,Muzaffarnagar,1469,0
Uttar Pradesh,Pilibhit,21,0
Uttar Pradesh,Pratapgarh,303,0
Uttar Pradesh,Rae Bareli,15,0
Uttar Pradesh,Rampur,822,0
Uttar Pradesh,Saharanpur,690,0
Uttar Pradesh,Sambhal,220,0
Uttar Pradesh,Sant Kabir Nagar,88,0
Uttar Pradesh,Sant Ravidas Nagar,226,0
Uttar Pradesh,Shahjahanpur,168,0
Uttar Pradesh,Shamli,264,0
Uttar Pradesh,Shrawasti,50,0
Uttar Pradesh,Siddharthnagar,220,0
Uttar Pradesh,Sitapur,334,0
Uttar Pradesh,Sonbhadra,41,0
Uttar Pradesh,Sultanpur,547,0
Uttar Pradesh,Unnao,239,0
Uttar Pradesh,Varanasi,735,0
Uttarakhand,Almora,54,0
Uttarakhand,Bageshwar,2,0
Uttarakhand,Chamoli,1,0
Uttarakhand,Champawat,2,0
Uttarakhand,Dehradun,154,0
Uttarakhand,Haridwar,130,0
Uttarakhand,Nainital,132,0
Uttarakhand,Pauri Garhwal,8,0
Uttarakhand,Pithoragarh,1,0
Uttarakhand,Tehri Garhwal,3,0
Uttarakhand,Udham Singh Nagar,237,0
West Bengal,Bankura,101,0
West Bengal,Barddhaman,68,0
West Bengal,Birbhum,31,0
West Bengal,Cooch Behar,8,0
West Bengal,Dakshin Dinajpur,5,0
West Bengal,Darjeeling,646,0
West Bengal,Hooghly,14,0
West Bengal,Howrah,1,0
West Bengal,Jalpaiguri,2206,0
West Bengal,Malda,2,0
West Bengal,Murshidabad,194,0
West Bengal,Nadia,107,0
West Bengal,North 24 Parganas,129,0
West Bengal,Paschim Medinipur,2398,0
West Bengal,Purba Medinipur,31,0
West Bengal,Puruliya,437,0
West Bengal,South 24 Parganas,107,0
West Bengal,Uttar Dinajpur,80,0
