State,District,Aadhaar generated,Enrolment Rejected
Andaman and Nicobar Islands,South Andaman,2,0
Andhra Pradesh,Ananthapur,723,58
Andhra Pradesh,Chittoor,462,33
Andhra Pradesh,Cuddapah,209,30
Andhra Pradesh,East Godavari,529,26
Andhra Pradesh,Guntur,519,27
Andhra Pradesh,Krishna,516,64
Andhra Pradesh,Kurnool,809,56
Andhra Pradesh,Nellore,154,41
Andhra Pradesh,Prakasam,649,34
Andhra Pradesh,Srikakulam,266,26
Andhra Pradesh,Visakhapatnam,1170,267
Andhra Pradesh,Vizianagaram,648,64
Andhra Pradesh,West Godavari,610,35
Arunachal Pradesh,Papum Pare,2,0
Arunachal Pradesh,Tawang,0,7
Assam,Baksa,5,0
Assam,Barpeta,7,0
Assam,Bongaigaon,3,0
Assam,Cachar,5,0
Assam,Chirang,2,0
Assam,Dhemaji,3,0
Assam,Dhubri,4,0
Assam,Goalpara,2,0
Assam,Golaghat,1,0
Assam,Hailakandi,4,0
Assam,Jorhat,4,0
Assam,Kamrup,5,0
Assam,Kamrup Metro,1,0
Assam,Karbi Anglong,3,0
Assam,Karimganj,6,0
Assam,Kokrajhar,3,0
Assam,Lakhimpur,2,0
Assam,Marigaon,5,0
Assam,Nagaon,11,0
Assam,Nalbari,3,0
Assam,Sibsagar,4,0
Assam,Sonitpur,6,0
Assam,Tinsukia,3,1
Assam,Udalguri,6,0
Bihar,Araria,1547,23
Bihar,Arwal,105,8
Bihar,Aurangabad,1710,128
Bihar,Banka,2053,8
Bihar,Begusarai,3291,193
Bihar,Bhagalpur,3366,36
Bihar,Bhojpur,1999,53
Bihar,Buxar,1075,27
Bihar,Darbhanga,703,11
Bihar,East Champaran,5460,29
Bihar,Gaya,5640,225
Bihar,Gopalganj,3154,18
Bihar,Jamui,440,18
Bihar,Jehanabad,2195,17
Bihar,Kaimur (Bhabua),1479,4
Bihar,Katihar,256,11
Bihar,Khagaria,391,9
Bihar,Kishanganj,196,91
Bihar,Lakhisarai,197,6
Bihar,Madhepura,803,7
Bihar,Madhubani,1891,56
Bihar,Munger,827,8
Bihar,Muzaffarpur,5021,80
Bihar,Nalanda,1630,52
Bihar,Nawada,1169,73
Bihar,Patna,3141,138
Bihar,Purnia,2904,97
Bihar,Rohtas,2226,4
Bihar,Saharsa,786,53
Bihar,Samastipur,7354,44
Bihar,Saran,6853,23
Bihar,Sheikhpura,114,4
Bihar,Sheohar,165,4
Bihar,Sitamarhi,3568,128
Bihar,Siwan,6751,19
Bihar,Supaul,1786,27
Bihar,Vaishali,4355,72
Bihar,West Champaran,2181,136
Chandigarh,Chandigarh,35,23
Chhattisgarh,Balod,773,21
Chhattisgarh,Baloda Bazar,2251,1
Chhattisgarh,Balrampur,237,0
Chhattisgarh,Bastar,970,8
Chhattisgarh,Bemetara,1965,288
Chhattisgarh,Bijapur,439,4
Chhattisgarh,Bilaspur,4268,99
Chhattisgarh,Dakshin Bastar Dantewada,56,0
Chhattisgarh,Dantewada,5,0
Chhattisgarh,Dhamtari,610,3
Chhattisgarh,Durg,2329,64
Chhattisgarh,Gariyaband,97,0
Chhattisgarh,Janjgir-champa,939,49
Chhattisgarh,Jashpur,224,13
Chhattisgarh,Kabeerdham,471,0
Chhattisgarh,Kanker,900,2
Chhattisgarh,Kawardha,4051,32
Chhattisgarh,Kondagaon,193,0
Chhattisgarh,Korba,1588,12
Chhattisgarh,Koriya,181,13
Chhattisgarh,Mahasamund,1897,9
Chhattisgarh,Mungeli,1193,3
Chhattisgarh,Narayanpur,336,1
Chhattisgarh,Raigarh,2085,10
Chhattisgarh,Raipur,4491,204
Chhattisgarh,Rajnandgaon,1467,71
Chhattisgarh,Sukma,90,19
Chhattisgarh,Surajpur,42,0
Chhattisgarh,Surguja,1513,8
Chhattisgarh,Uttar Bastar Kanker,347,0
Dadra and Nagar Haveli,Dadra and Nagar Haveli,8,0
Daman and Diu,Daman,142,0
Daman and Diu,Diu,11,0
Delhi,Central Delhi,81,34
Delhi,East Delhi,99,54
Delhi,New Delhi,14,2
Delhi,North Delhi,26,14
Delhi,North East Delhi,295,118
Delhi,North West Delhi,371,104
Delhi,South Delhi,451,63
Delhi,South West Delhi,398,139
Delhi,West Delhi,196,46
Goa,North Goa,6,0
Goa,South Goa,4,0
Gujarat,Ahmedabad,814,9
Gujarat,Amreli,780,1
Gujarat,Anand,447,22
Gujarat,Banaskantha,1010,0
Gujarat,Bharuch,46,0
Gujarat,Bhavnagar,1304,20
Gujarat,Dahod,7,0
Gujarat,Gandhinagar,43,0
Gujarat,Jamnagar,76,3
Gujarat,Junagadh,115,0
Gujarat,Kachchh,197,4
Gujarat,Kheda,497,0
Gujarat,Mahesana,110,2
Gujarat,Narmada,1,0
Gujarat,Navsari,180,4
Gujarat,Panchmahals,348,3
Gujarat,Patan,102,0
Gujarat,Porbandar,4,0
Gujarat,Rajkot,555,0
Gujarat,Sabarkantha,218,4
Gujarat,Surat,1498,27
Gujarat,Surendra Nagar,260,0
Gujarat,Tapi,143,0
Gujarat,The Dangs,57,3
Gujarat,Vadodara,1142,8
Gujarat,Valsad,265,3
Haryana,Ambala,70,29
Haryana,Bhiwani,544,65
Haryana,Faridabad,258,145
Haryana,Fatehabad,56,12
Haryana,Gurgaon,410,79
Haryana,Hisar,210,74
Haryana,Jhajjar,228,91
Haryana,Jind,373,26
Haryana,Kaithal,466,28
Haryana,Karnal,392,40
Haryana,Kurukshetra,87,17
Haryana,Mahendragarh,114,25
Haryana,Mewat,728,131
Haryana,Palwal,61,14
Haryana,Panchkula,75,9
Haryana,Panipat,516,34
Haryana,Rewari,198,52
Haryana,Rohtak,254,66
Haryana,Sirsa,187,32
Haryana,Sonipat,297,202
Haryana,Yamuna Nagar,196,71
Himachal Pradesh,Bilaspur,11,1
Himachal Pradesh,Chamba,5,0
Himachal Pradesh,Hamirpur,11,0
Himachal Pradesh,Kangra,67,1
Himachal Pradesh,Kullu,50,2
Himachal Pradesh,Lahul and Spiti,1,0
Himachal Pradesh,Mandi,25,0
Himachal Pradesh,Shimla,4,3
Himachal Pradesh,Sirmaur,52,3
Himachal Pradesh,Solan,7,8
Himachal Pradesh,Una,2,0
Jammu and Kashmir,Anantnag,83,0
Jammu and Kashmir,Badgam,2,0
Jammu and Kashmir,Bandipore,5,1
Jammu and Kashmir,Baramula,3,2
Jammu and Kashmir,Doda,8,1
Jammu and Kashmir,Jammu,1045,4
Jammu and Kashmir,Kathua,21,0
Jammu and Kashmir,Kishtwar,0,1
Jammu and Kashmir,Kupwara,31,0
Jammu and Kashmir,Leh,1,0
Jammu and Kashmir,Punch,16,0
Jammu and Kashmir,Rajouri,2,0
Jammu and Kashmir,Ramban,76,0
Jammu and Kashmir,Reasi,19,1
Jammu and Kashmir,Samba,17,0
Jammu and Kashmir,Shupiyan,1,0
Jammu and Kashmir,Srinagar,9,0
Jammu and Kashmir,Udhampur,443,8
Jharkhand,Bokaro,75,9
Jharkhand,Chatra,73,3
Jharkhand,Deoghar,95,6
Jharkhand,Dhanbad,67,4
Jharkhand,Dumka,38,1
Jharkhand,East Singhbhum,18,3
Jharkhand,Garhwa,27,2
Jharkhand,Giridih,256,7
Jharkhand,Godda,94,1
Jharkhand,Gumla,108,2
Jharkhand,Hazaribagh,38,11
Jharkhand,Jamtara,63,1
Jharkhand,Khunti,18,0
Jharkhand,Koderma,51,0
Jharkhand,Latehar,13,0
Jharkhand,Lohardaga,36,6
Jharkhand,Pakur,42,1
Jharkhand,Palamu,38,0
Jharkhand,Ramgarh,24,5
Jharkhand,Ranchi,157,25
Jharkhand,Sahebganj,25,3
Jharkhand,Seraikela-Kharsawan,7,5
Jharkhand,Simdega,45,1
Jharkhand,West Singhbhum,61,1
Karnataka,Bagalkot,23,27
Karnataka,Bangalore,182,51
Karnataka,Bangalore Rural,7,45
Karnataka,Belgaum,83,13
Karnataka,Bellary,93,112
Karnataka,Bidar,473,25
Karnataka,Bijapur,285,179
Karnataka,Chamrajanagar,476,0
Karnataka,Chickmagalur,69,12
Karnataka,Chikkaballapur,64,2
Karnataka,Chitradurga,225,35
Karnataka,Dakshina Kannada,29,2
Karnataka,Davangere,661,11
Karnataka,Dharwad,29,143
Karnataka,Gadag,49,9
Karnataka,Gulbarga,210,6
Karnataka,Hassan,906,3
Karnataka,Haveri,494,34
Karnataka,Kodagu,16,0
Karnataka,Kolar,466,67
Karnataka,Koppal,178,2
Karnataka,Mandya,37,47
Karnataka,Mysore,294,1
Karnataka,Raichur,26,1
Karnataka,Ramanagar,7,1
Karnataka,Shimoga,49,5
Karnataka,Tumkur,57,9
Karnataka,Udupi,920,68
Karnataka,Uttara Kannada,8,0
Karnataka,Yadgir,525,11
Kerala,Alappuzha,20,12
Kerala,Ernakulam,167,0
Kerala,Idukki,32,39
Kerala,Kannur,93,15
Kerala,Kasaragod,47,17
Kerala,Kollam,36,43
Kerala,Kottayam,109,8
Kerala,Kozhikode,78,12
Kerala,Malappuram,73,23
Kerala,Palakkad,132,28
Kerala,Pathanamthitta,30,106
Kerala,Thiruvananthapuram,52,42
Kerala,Thrissur,167,10
Kerala,Wayanad,10,1
Lakshadweep,Lakshadweep,3,0
Madhya Pradesh,Alirajpur,21,5
Madhya Pradesh,Anuppur,118,14
Madhya Pradesh,Ashok Nagar,139,3
Madhya Pradesh,Balaghat,339,19
Madhya Pradesh,Barwani,42,4
Madhya Pradesh,Betul,103,39
Madhya Pradesh,Bhind,238,3
Madhya Pradesh,Bhopal,203,29
Madhya Pradesh,Burhanpur,1,0
Madhya Pradesh,Chhatarpur,222,2
Madhya Pradesh,Chhindwara,401,32
Madhya Pradesh,Damoh,278,5
Madhya Pradesh,Datia,90,4
Madhya Pradesh,Dewas,195,4
Madhya Pradesh,Dhar,119,51
Madhya Pradesh,Dindori,37,2
Madhya Pradesh,Guna,165,12
Madhya Pradesh,Gwalior,235,8
Madhya Pradesh,Harda,46,6
Madhya Pradesh,Hoshangabad,90,26
Madhya Pradesh,Indore,66,24
Madhya Pradesh,Jabalpur,158,57
Madhya Pradesh,Jhabua,60,48
Madhya Pradesh,Katni,117,10
Madhya Pradesh,Khandwa,36,0
Madhya Pradesh,Khargone,28,1
Madhya Pradesh,Mandla,209,1
Madhya Pradesh,Mandsaur,17,13
Madhya Pradesh,Morena,818,7
Madhya Pradesh,Narsinghpur,98,3
Madhya Pradesh,Neemuch,3,0
Madhya Pradesh,Panna,110,3
Madhya Pradesh,Raisen,251,4
Madhya Pradesh,Rajgarh,554,1
Madhya Pradesh,Ratlam,272,14
Madhya Pradesh,Rewa,186,23
Madhya Pradesh,Sagar,367,15
Madhya Pradesh,Satna,282,8
Madhya Pradesh,Sehore,149,22
Madhya Pradesh,Seoni,102,11
Madhya Pradesh,Shahdol,93,1
Madhya Pradesh,Shajapur,13,31
Madhya Pradesh,Sheopur,187,0
Madhya Pradesh,Shivpuri,841,7
Madhya Pradesh,Sidhi,114,24
Madhya Pradesh,Singrauli,203,2
Madhya Pradesh,Tikamgarh,109,11
Madhya Pradesh,Ujjain,107,15
Madhya Pradesh,Umaria,48,2
Madhya Pradesh,Vidisha,126,7
Maharashtra,Ahmadnagar,510,176
Maharashtra,Akola,270,70
Maharashtra,Amravati,445,93
Maharashtra,Aurangabad,902,86
Maharashtra,Beed,385,81
Maharashtra,Bhandara,325,67
Maharashtra,Buldhana,991,67
Maharashtra,Chandrapur,51,42
Maharashtra,Dhule,324,11
Maharashtra,Gadchiroli,142,16
Maharashtra,Gondiya,417,46
Maharashtra,Hingoli,839,59
Maharashtra,Jalgaon,289,67
Maharashtra,Jalna,667,81
Maharashtra,Kolhapur,257,31
Maharashtra,Latur,615,92
Maharashtra,Mumbai,340,9
Maharashtra,Nagpur,438,74
Maharashtra,Nanded,2925,160
Maharashtra,Nandurbar,64,32
Maharashtra,Nashik,1196,111
Maharashtra,Osmanabad,123,44
Maharashtra,Palghar,125,0
Maharashtra,Parbhani,1243,103
Maharashtra,Pune,899,53
Maharashtra,Raigarh,206,1
Maharashtra,Ratnagiri,392,2
Maharashtra,Sangli,288,1
Maharashtra,Satara,147,1
Maharashtra,Sindhudurg,923,7
Maharashtra,Solapur,443,25
Maharashtra,Thane,502,4
Maharashtra,Wardha,106,6
Maharashtra,Washim,304,39
Maharashtra,Yavatmal,1210,132
Manipur,Chandel,1,0
Manipur,Churachandpur,4,3
Manipur,Imphal East,1,0
Manipur,Imphal West,14,3
Manipur,Senapati,1,1
Manipur,Thoubal,2,0
Meghalaya,East Khasi Hills,9,0
Mizoram,Aizawl,1135,0
Mizoram,Champhai,2369,2
Mizoram,Kolasib,1,0
Mizoram,Lunglei,2,0
Mizoram,Mammit,1,0
Nagaland,Kiphire,0,28
Nagaland,Kohima,1,0
Nagaland,Longleng,7,60
Nagaland,Zunheboto,1,0
Odisha,Angul,46,1
Odisha,Balangir,31,0
Odisha,Baleswar,63,3
Odisha,Bargarh,27,0
Odisha,Bhadrak,62,1
Odisha,Boudh,139,0
Odisha,Cuttack,63,0
Odisha,Debagarh,4,0
Odisha,Dhenkanal,106,2
Odisha,Gajapati,6,1
Odisha,Ganjam,845,0
Odisha,Jagatsinghapur,200,2
Odisha,Jajapur,122,2
Odisha,Jharsuguda,9,0
Odisha,Kalahandi,203,0
Odisha,Kandhamal,1,0
Odisha,Kendrapara,51,1
Odisha,Kendujhar,70,0
Odisha,Khorda,64,1
Odisha,Koraput,21,1
Odisha,Malkangiri,22,0
Odisha,Mayurbhanj,442,0
Odisha,Nabarangapur,2,1
Odisha,Nayagarh,143,1
Odisha,Nuapada,21,0
Odisha,Puri,12,0
Odisha,Rayagada,77,0
Odisha,Sambalpur,1,0
Odisha,Sonapur,1,0
Odisha,Sundergarh,75,0
Others,Others,101,18
Puducherry,Karaikal,25,1
Puducherry,Puducherry,35,2
Punjab,Amritsar,304,17
Punjab,Barnala,63,3
Punjab,Bathinda,173,3
Punjab,Faridkot,103,0
Punjab,Fatehgarh Sahib,28,11
Punjab,Fazilka,383,6
Punjab,Ferozepur,189,2
Punjab,Gurdaspur,227,15
Punjab,Hoshiarpur,435,6
Punjab,Jalandhar,1265,9
Punjab,Kapurthala,235,10
Punjab,Ludhiana,1082,169
Punjab,Mansa,313,25
Punjab,Moga,14,3
Punjab,Pathankot,186,6
Punjab,Patiala,778,57
Punjab,Rupnagar,250,12
Punjab,SAS Nagar (Mohali),332,11
Punjab,Sangrur,636,4
Punjab,Shaheed Bhagat Singh Nagar,187,0
Punjab,Sri Muktsar Sahib,279,7
Punjab,Tarn Taran,76,14
Rajasthan,Ajmer,636,422
Rajasthan,Alwar,694,103
Rajasthan,Banswara,572,64
Rajasthan,Baran,402,35
Rajasthan,Barmer,128,105
Rajasthan,Bharatpur,1481,73
Rajasthan,Bhilwara,490,171
Rajasthan,Bikaner,714,30
Rajasthan,Bundi,407,102
Rajasthan,Chittorgarh,660,1
Rajasthan,Churu,401,9
Rajasthan,Dausa,410,224
Rajasthan,Dholpur,481,12
Rajasthan,Dungarpur,159,12
Rajasthan,Ganganagar,727,38
Rajasthan,Hanumangarh,625,32
Rajasthan,Jaipur,815,205
Rajasthan,Jaisalmer,3,1
Rajasthan,Jalor,686,28
Rajasthan,Jhalawar,1059,79
Rajasthan,Jhunjhunun,203,80
Rajasthan,Jodhpur,1077,16
Rajasthan,Karauli,1214,19
Rajasthan,Kota,137,65
Rajasthan,Nagaur,913,246
Rajasthan,Pali,713,83
Rajasthan,Pratapgarh,60,12
Rajasthan,Rajsamand,181,17
Rajasthan,Sawai Madhopur,814,42
Rajasthan,Sikar,604,101
Rajasthan,Sirohi,185,3
Rajasthan,Tonk,1089,42
Rajasthan,Udaipur,490,40
Sikkim,East Sikkim,2,0
Sikkim,South Sikkim,1,0
Sikkim,West Sikkim,1,0
Tamil Nadu,Chennai,143,0
Tamil Nadu,Coimbatore,65,9
Tamil Nadu,Cuddalore,132,10
Tamil Nadu,Dharmapuri,1,1
Tamil Nadu,Dindigul,5,18
Tamil Nadu,Erode,16,1
Tamil Nadu,Kancheepuram,127,99
Tamil Nadu,Kanniyakumari,296,24
Tamil Nadu,Karur,8,1
Tamil Nadu,Krishnagiri,2,0
Tamil Nadu,Madurai,705,3
Tamil Nadu,Nagapattinam,106,1
Tamil Nadu,Namakkal,3,3
Tamil Nadu,Perambalur,2,1
Tamil Nadu,Pudukkottai,1,0
Tamil Nadu,Ramanathapuram,2395,2
Tamil Nadu,Salem,1,0
Tamil Nadu,Sivaganga,8,0
Tamil Nadu,Thanjavur,3,0
Tamil Nadu,The Nilgiris,22,0
Tamil Nadu,Theni,21,100
Tamil Nadu,Thiruvarur,470,8
Tamil Nadu,Thoothukkudi,76,0
Tamil Nadu,Tiruchirappalli,28,74
Tamil Nadu,Tirunelveli,2186,3
Tamil Nadu,Tiruppur,6,1
Tamil Nadu,Tiruvallur,95,1
Tamil Nadu,Tiruvannamalai,2,3
Tamil Nadu,Vellore,32,1
Tamil Nadu,Villupuram,432,12
Tamil Nadu,Virudhunagar,1435,32
Telangana,Adilabad,220,24
Telangana,Hyderabad,1134,84
Telangana,K.v. Rangareddy,1024,70
Telangana,Karimnagar,704,45
Telangana,Khammam,435,47
Telangana,Mahabubnagar,738,43
Telangana,Medak,836,76
Telangana,Nalgonda,323,48
Telangana,Nizamabad,614,67
Telangana,Warangal,351,41
Tripura,Dhalai,268,0
Tripura,Khowai,1,0
Tripura,North Tripura,57,4
Tripura,Sepahijala,5,0
Tripura,South Tripura,13,8
Tripura,Unakoti,5,0
Tripura,West Tripura,3,6
Uttar Pradesh,Agra,3488,182
Uttar Pradesh,Aligarh,2469,239
Uttar Pradesh,Allahabad,6991,234
Uttar Pradesh,Ambedkar Nagar,2226,71
Uttar Pradesh,Amethi,321,94
Uttar Pradesh,Amroha,1458,95
Uttar Pradesh,Auraiya,1095,182
Uttar Pradesh,Azamgarh,2367,88
Uttar Pradesh,Baghpat,800,10
Uttar Pradesh,Bahraich,592,6
Uttar Pradesh,Ballia,2981,134
Uttar Pradesh,Balrampur,361,6
Uttar Pradesh,Banda,707,7
Uttar Pradesh,Bara Banki,1700,74
Uttar Pradesh,Bareilly,1536,122
Uttar Pradesh,Basti,2695,113
Uttar Pradesh,Bijnor,1246,119
Uttar Pradesh,Budaun,1201,30
Uttar Pradesh,Bulandshahr,2170,99
Uttar Pradesh,Chandauli,1786,37
Uttar Pradesh,Chitrakoot,53,14
Uttar Pradesh,Deoria,3287,41
Uttar Pradesh,Etah,1528,5
Uttar Pradesh,Etawah,653,145
Uttar Pradesh,Faizabad,2302,135
Uttar Pradesh,Farrukhabad,798,25
Uttar Pradesh,Fatehpur,2348,20
Uttar Pradesh,Firozabad,1884,69
Uttar Pradesh,Gautam Buddha Nagar,549,66
Uttar Pradesh,Ghaziabad,1210,444
Uttar Pradesh,Ghazipur,2638,40
Uttar Pradesh,Gonda,1787,83
Uttar Pradesh,Gorakhpur,4123,74
Uttar Pradesh,Hamirpur,95,2
Uttar Pradesh,Hapur,222,21
Uttar Pradesh,Hardoi,944,92
Uttar Pradesh,Hathras,329,8
Uttar Pradesh,Jalaun,420,15
Uttar Pradesh,Jaunpur,2337,63
Uttar Pradesh,Jhansi,311,45
Uttar Pradesh,Kannauj,1607,37
Uttar Pradesh,Kanpur Dehat,1412,63
Uttar Pradesh,Kanpur Nagar,2266,211
Uttar Pradesh,Kasganj,977,4
Uttar Pradesh,Kaushambi,1217,9
Uttar Pradesh,Kheri,3731,19
Uttar Pradesh,Kushinagar,2948,40
Uttar Pradesh,Lalitpur,588,26
Uttar Pradesh,Lucknow,2868,221
Uttar Pradesh,Maharajganj,819,15
Uttar Pradesh,Mahoba,8,0
Uttar Pradesh,Mainpuri,746,12
Uttar Pradesh,Mathura,542,37
Uttar Pradesh,Mau,512,41
Uttar Pradesh,Meerut,496,103
Uttar Pradesh,Mirzapur,2218,20
Uttar Pradesh,Moradabad,3817,197
Uttar Pradesh,Muzaffarnagar,4620,144
Uttar Pradesh,Pilibhit,352,17
Uttar Pradesh,Pratapgarh,1549,268
Uttar Pradesh,Rae Bareli,758,45
Uttar Pradesh,Rampur,3633,52
Uttar Pradesh,Saharanpur,2025,122
Uttar Pradesh,Sambhal,1131,52
Uttar Pradesh,Sant Kabir Nagar,223,4
Uttar Pradesh,Sant Ravidas Nagar,1173,6
Uttar Pradesh,Shahjahanpur,803,88
Uttar Pradesh,Shamli,2001,73
Uttar Pradesh,Shrawasti,175,11
Uttar Pradesh,Siddharthnagar,963,53
Uttar Pradesh,Sitapur,2432,61
Uttar Pradesh,Sonbhadra,198,6
Uttar Pradesh,Sultanpur,1895,80
Uttar Pradesh,Unnao,1258,11
Uttar Pradesh,Varanasi,2845,124
Uttarakhand,Almora,302,8
Uttarakhand,Bageshwar,18,0
Uttarakhand,Chamoli,38,0
Uttarakhand,Champawat,17,0
Uttarakhand,Dehradun,1204,34
Uttarakhand,Haridwar,583,9
Uttarakhand,Nainital,797,14
Uttarakhand,Pauri Garhwal,903,13
Uttarakhand,Pithoragarh,193,3
Uttarakhand,Rudraprayag,13,0
Uttarakhand,Tehri Garhwal,117,0
Uttarakhand,Udham Singh Nagar,861,2
Uttarakhand,Uttarkashi,10,1
West Bengal,Bankura,577,93
West Bengal,Barddhaman,199,110
West Bengal,Birbhum,58,9
West Bengal,Cooch Behar,36,9
West Bengal,Dakshin Dinajpur,24,1
West Bengal,Darjeeling,1519,2
West Bengal,Hooghly,24,1
West Bengal,Howrah,17,0
West Bengal,Jalpaiguri,5066,1
West Bengal,Kolkata,21,0
West Bengal,Malda,14,1
West Bengal,Murshidabad,425,2
West Bengal,Nadia,229,1
West Bengal,North 24 Parganas,569,6
West Bengal,Paschim Medinipur,6041,66
West Bengal,Purba Medinipur,87,0
West Bengal,Puruliya,912,24
West Bengal,South 24 Parganas,685,5
West Bengal,Uttar Dinajpur,173,4
