State,District,Aadhaar generated,Enrolment Rejected
Andaman and Nicobar Islands,North And Middle Andaman,1,0
Andaman and Nicobar Islands,South Andaman,2,0
Andhra Pradesh,Ananthapur,1922,356
Andhra Pradesh,Chittoor,1438,299
Andhra Pradesh,Cuddapah,827,118
Andhra Pradesh,East Godavari,1972,235
Andhra Pradesh,Guntur,1698,204
Andhra Pradesh,Krishna,2053,178
Andhra Pradesh,Kurnool,2025,602
Andhra Pradesh,Nellore,672,414
Andhra Pradesh,Prakasam,2022,148
Andhra Pradesh,Srikakulam,1804,146
Andhra Pradesh,Visakhapatnam,4793,924
Andhra Pradesh,Vizianagaram,2482,629
Andhra Pradesh,West Godavari,746,127
Arunachal Pradesh,East Siang,1,0
Arunachal Pradesh,Papum Pare,19,2
Arunachal Pradesh,Tawang,1,2
Arunachal Pradesh,Tirap,2,0
Assam,Baksa,3,1
Assam,Barpeta,11,1
Assam,Bongaigaon,2,0
Assam,Cachar,20,0
Assam,Chirang,3,0
Assam,Darrang,3,0
Assam,Dhemaji,4,0
Assam,Dhubri,3,0
Assam,Dibrugarh,3,0
Assam,Goalpara,3,0
Assam,Golaghat,7,0
Assam,Hailakandi,4,0
Assam,Jorhat,3,0
Assam,Kamrup,6,0
Assam,Kamrup Metro,5,0
Assam,Karbi Anglong,5,1
Assam,Karimganj,4,2
Assam,Kokrajhar,12,0
Assam,Lakhimpur,7,0
Assam,Marigaon,18,0
Assam,Nagaon,114,1
Assam,Nalbari,3,0
Assam,North Cachar Hills,2,0
Assam,Sibsagar,5,0
Assam,Sonitpur,15,0
Assam,Tinsukia,7,0
Assam,Udalguri,6,1
Bihar,Araria,1662,68
Bihar,Arwal,273,17
Bihar,Aurangabad,8115,189
Bihar,Banka,5845,405
Bihar,Begusarai,4853,332
Bihar,Bhagalpur,7803,507
Bihar,Bhojpur,2824,280
Bihar,Buxar,4607,265
Bihar,Darbhanga,1408,95
Bihar,East Champaran,6937,458
Bihar,Gaya,7835,660
Bihar,Gopalganj,4722,255
Bihar,Jamui,1834,127
Bihar,Jehanabad,3333,404
Bihar,Kaimur (Bhabua),1720,156
Bihar,Katihar,1288,72
Bihar,Khagaria,2413,111
Bihar,Kishanganj,2596,289
Bihar,Lakhisarai,641,52
Bihar,Madhepura,535,127
Bihar,Madhubani,5286,298
Bihar,Munger,461,64
Bihar,Muzaffarpur,13027,784
Bihar,Nalanda,2533,315
Bihar,Nawada,974,94
Bihar,Patna,7436,1497
Bihar,Purnia,7205,435
Bihar,Rohtas,2666,210
Bihar,Saharsa,1562,242
Bihar,Samastipur,4178,319
Bihar,Saran,6974,455
Bihar,Sheikhpura,64,28
Bihar,Sheohar,127,12
Bihar,Sitamarhi,9594,1150
Bihar,Siwan,14378,550
Bihar,Supaul,5072,255
Bihar,Vaishali,7761,667
Bihar,West Champaran,8881,339
Chandigarh,Chandigarh,44,14
Chhattisgarh,Balod,2516,96
Chhattisgarh,Baloda Bazar,1886,153
Chhattisgarh,Balrampur,151,71
Chhattisgarh,Bastar,880,83
Chhattisgarh,Bemetara,5894,590
Chhattisgarh,Bijapur,1036,36
Chhattisgarh,Bilaspur,12300,275
Chhattisgarh,Dakshin Bastar Dantewada,120,5
Chhattisgarh,Dantewada,7,0
Chhattisgarh,Dhamtari,406,23
Chhattisgarh,Durg,5690,274
Chhattisgarh,Gariyaband,69,12
Chhattisgarh,Janjgir-champa,3867,134
Chhattisgarh,Jashpur,185,10
Chhattisgarh,Kabeerdham,260,26
Chhattisgarh,Kanker,1661,198
Chhattisgarh,Kawardha,3179,122
Chhattisgarh,Kondagaon,710,259
Chhattisgarh,Korba,290,55
Chhattisgarh,Koriya,63,24
Chhattisgarh,Mahasamund,3962,123
Chhattisgarh,Mungeli,1299,166
Chhattisgarh,Narayanpur,344,39
Chhattisgarh,Raigarh,4185,194
Chhattisgarh,Raipur,4113,887
Chhattisgarh,Rajnandgaon,18159,251
Chhattisgarh,Sukma,144,21
Chhattisgarh,Surajpur,116,17
Chhattisgarh,Surguja,1324,99
Chhattisgarh,Uttar Bastar Kanker,1287,31
Dadra and Nagar Haveli,Dadra and Nagar Haveli,7,15
Daman and Diu,Daman,99,8
Daman and Diu,Diu,3,2
Delhi,Central Delhi,1026,98
Delhi,East Delhi,1376,140
Delhi,New Delhi,35,7
Delhi,North Delhi,303,69
Delhi,North East Delhi,964,312
Delhi,North West Delhi,1760,285
Delhi,South Delhi,1329,221
Delhi,South West Delhi,806,84
Delhi,West Delhi,1286,148
Goa,North Goa,56,3
Goa,South Goa,68,1
Gujarat,Ahmedabad,3066,357
Gujarat,Amreli,644,32
Gujarat,Anand,383,32
Gujarat,Banaskantha,1702,113
Gujarat,Bharuch,76,13
Gujarat,Bhavnagar,2818,74
Gujarat,Dahod,434,73
Gujarat,Gandhinagar,305,30
Gujarat,Jamnagar,20,50
Gujarat,Junagadh,469,61
Gujarat,Kachchh,1204,28
Gujarat,Kheda,87,101
Gujarat,Mahesana,206,16
Gujarat,Narmada,101,3
Gujarat,Navsari,528,185
Gujarat,Panchmahals,1238,122
Gujarat,Patan,75,35
Gujarat,Porbandar,114,9
Gujarat,Rajkot,298,50
Gujarat,Sabarkantha,1651,199
Gujarat,Surat,5233,240
Gujarat,Surendra Nagar,113,70
Gujarat,Tapi,1424,29
Gujarat,The Dangs,240,31
Gujarat,Vadodara,2251,87
Gujarat,Valsad,760,17
Haryana,Ambala,1778,63
Haryana,Bhiwani,1153,168
Haryana,Faridabad,762,224
Haryana,Fatehabad,313,35
Haryana,Gurgaon,491,234
Haryana,Hisar,887,629
Haryana,Jhajjar,999,110
Haryana,Jind,475,80
Haryana,Kaithal,987,78
Haryana,Karnal,964,166
Haryana,Kurukshetra,707,89
Haryana,Mahendragarh,141,59
Haryana,Mewat,2822,220
Haryana,Palwal,575,38
Haryana,Panchkula,27,17
Haryana,Panipat,2264,327
Haryana,Rewari,192,175
Haryana,Rohtak,480,107
Haryana,Sirsa,624,177
Haryana,Sonipat,659,73
Haryana,Yamuna Nagar,240,90
Himachal Pradesh,Bilaspur,21,0
Himachal Pradesh,Chamba,5,19
Himachal Pradesh,Hamirpur,120,3
Himachal Pradesh,Kangra,107,72
Himachal Pradesh,Kinnaur,3,2
Himachal Pradesh,Kullu,14,2
Himachal Pradesh,Lahul and Spiti,1,0
Himachal Pradesh,Mandi,117,6
Himachal Pradesh,Shimla,142,37
Himachal Pradesh,Sirmaur,63,19
Himachal Pradesh,Solan,323,18
Himachal Pradesh,Una,29,3
Jammu and Kashmir,Anantnag,5,2
Jammu and Kashmir,Badgam,1,5
Jammu and Kashmir,Bandipore,7,0
Jammu and Kashmir,Baramula,51,1
Jammu and Kashmir,Doda,6,4
Jammu and Kashmir,Ganderbal,1,1
Jammu and Kashmir,Jammu,4695,37
Jammu and Kashmir,Kathua,16,0
Jammu and Kashmir,Kishtwar,3,0
Jammu and Kashmir,Kulgam,2,0
Jammu and Kashmir,Kupwara,64,3
Jammu and Kashmir,Pulwama,2,1
Jammu and Kashmir,Punch,1,0
Jammu and Kashmir,Rajouri,7,0
Jammu and Kashmir,Ramban,6,3
Jammu and Kashmir,Reasi,13,10
Jammu and Kashmir,Samba,58,1
Jammu and Kashmir,Shupiyan,2,0
Jammu and Kashmir,Srinagar,5,0
Jammu and Kashmir,Udhampur,429,0
Jharkhand,Bokaro,128,51
Jharkhand,Chatra,28,58
Jharkhand,Deoghar,111,106
Jharkhand,Dhanbad,58,106
Jharkhand,Dumka,20,80
Jharkhand,East Singhbhum,38,35
Jharkhand,Garhwa,191,132
Jharkhand,Giridih,235,282
Jharkhand,Godda,88,175
Jharkhand,Gumla,52,73
Jharkhand,Hazaribagh,131,63
Jharkhand,Jamtara,46,20
Jharkhand,Khunti,37,22
Jharkhand,Koderma,35,69
Jharkhand,Latehar,7,21
Jharkhand,Lohardaga,51,22
Jharkhand,Pakur,12,18
Jharkhand,Palamu,113,255
Jharkhand,Ramgarh,48,30
Jharkhand,Ranchi,494,160
Jharkhand,Sahebganj,23,35
Jharkhand,Seraikela-Kharsawan,69,15
Jharkhand,Simdega,1,38
Jharkhand,West Singhbhum,35,51
Karnataka,Bagalkot,2901,126
Karnataka,Bangalore,2083,140
Karnataka,Bangalore Rural,537,32
Karnataka,Belgaum,1582,62
Karnataka,Bellary,3126,236
Karnataka,Bidar,3298,336
Karnataka,Bijapur,1617,155
Karnataka,Chamrajanagar,16,4
Karnataka,Chickmagalur,575,23
Karnataka,Chikkaballapur,3759,688
Karnataka,Chitradurga,1352,87
Karnataka,Dakshina Kannada,1394,69
Karnataka,Davangere,883,149
Karnataka,Dharwad,203,59
Karnataka,Gadag,930,122
Karnataka,Gulbarga,3008,270
Karnataka,Hassan,243,134
Karnataka,Haveri,544,142
Karnataka,Kodagu,28,42
Karnataka,Kolar,942,204
Karnataka,Koppal,367,13
Karnataka,Mandya,3394,51
Karnataka,Mysore,60,29
Karnataka,Raichur,118,41
Karnataka,Ramanagar,112,8
Karnataka,Shimoga,1668,19
Karnataka,Tumkur,126,48
Karnataka,Udupi,4077,162
Karnataka,Uttara Kannada,204,14
Karnataka,Yadgir,63,50
Kerala,Alappuzha,249,12
Kerala,Ernakulam,687,28
Kerala,Idukki,397,20
Kerala,Kannur,641,19
Kerala,Kasaragod,314,10
Kerala,Kollam,666,48
Kerala,Kottayam,511,12
Kerala,Kozhikode,994,16
Kerala,Malappuram,1579,40
Kerala,Palakkad,485,35
Kerala,Pathanamthitta,296,530
Kerala,Thiruvananthapuram,786,43
Kerala,Thrissur,730,30
Kerala,Wayanad,119,16
Lakshadweep,Lakshadweep,13,0
Madhya Pradesh,Alirajpur,54,10
Madhya Pradesh,Anuppur,170,49
Madhya Pradesh,Ashok Nagar,224,35
Madhya Pradesh,Balaghat,256,49
Madhya Pradesh,Barwani,236,123
Madhya Pradesh,Betul,104,37
Madhya Pradesh,Bhind,130,99
Madhya Pradesh,Bhopal,466,53
Madhya Pradesh,Burhanpur,9,2
Madhya Pradesh,Chhatarpur,686,133
Madhya Pradesh,Chhindwara,527,110
Madhya Pradesh,Damoh,266,84
Madhya Pradesh,Datia,136,19
Madhya Pradesh,Dewas,116,76
Madhya Pradesh,Dhar,260,50
Madhya Pradesh,Dindori,33,26
Madhya Pradesh,Guna,89,48
Madhya Pradesh,Gwalior,382,97
Madhya Pradesh,Harda,99,8
Madhya Pradesh,Hoshangabad,118,20
Madhya Pradesh,Indore,759,298
Madhya Pradesh,Jabalpur,489,95
Madhya Pradesh,Jhabua,226,29
Madhya Pradesh,Katni,67,44
Madhya Pradesh,Khandwa,28,21
Madhya Pradesh,Khargone,617,79
Madhya Pradesh,Mandla,173,100
Madhya Pradesh,Mandsaur,23,34
Madhya Pradesh,Morena,594,138
Madhya Pradesh,Narsinghpur,162,112
Madhya Pradesh,Neemuch,11,27
Madhya Pradesh,Panna,122,34
Madhya Pradesh,Raisen,209,43
Madhya Pradesh,Rajgarh,146,37
Madhya Pradesh,Ratlam,142,191
Madhya Pradesh,Rewa,278,65
Madhya Pradesh,Sagar,240,118
Madhya Pradesh,Satna,379,118
Madhya Pradesh,Sehore,300,88
Madhya Pradesh,Seoni,91,31
Madhya Pradesh,Shahdol,127,43
Madhya Pradesh,Shajapur,86,31
Madhya Pradesh,Sheopur,218,5
Madhya Pradesh,Shivpuri,994,395
Madhya Pradesh,Sidhi,139,40
Madhya Pradesh,Singrauli,317,52
Madhya Pradesh,Tikamgarh,245,65
Madhya Pradesh,Ujjain,269,53
Madhya Pradesh,Umaria,189,42
Madhya Pradesh,Vidisha,101,105
Maharashtra,Ahmadnagar,1466,128
Maharashtra,Akola,1214,66
Maharashtra,Amravati,660,61
Maharashtra,Aurangabad,2715,129
Maharashtra,Beed,2499,93
Maharashtra,Bhandara,713,35
Maharashtra,Buldhana,2667,107
Maharashtra,Chandrapur,1256,25
Maharashtra,Dhule,878,166
Maharashtra,Gadchiroli,1271,22
Maharashtra,Gondiya,212,37
Maharashtra,Hingoli,1967,56
Maharashtra,Jalgaon,1165,76
Maharashtra,Jalna,2092,130
Maharashtra,Kolhapur,1576,153
Maharashtra,Latur,1775,101
Maharashtra,Mumbai,1865,79
Maharashtra,Nagpur,1071,98
Maharashtra,Nanded,5073,319
Maharashtra,Nandurbar,722,39
Maharashtra,Nashik,3628,189
Maharashtra,Osmanabad,1208,55
Maharashtra,Palghar,533,417
Maharashtra,Parbhani,3425,146
Maharashtra,Pune,2360,229
Maharashtra,Raigarh,666,56
Maharashtra,Ratnagiri,1578,47
Maharashtra,Sangli,783,66
Maharashtra,Satara,1751,84
Maharashtra,Sindhudurg,2663,82
Maharashtra,Solapur,2045,191
Maharashtra,Thane,1718,70
Maharashtra,Wardha,244,16
Maharashtra,Washim,1528,133
Maharashtra,Yavatmal,2444,139
Manipur,Bishnupur,2,0
Manipur,Churachandpur,25,8
Manipur,Imphal East,3,2
Manipur,Imphal West,46,20
Manipur,Senapati,3,0
Manipur,Tamenglong,1,0
Manipur,Thoubal,1,0
Manipur,Ukhrul,0,1
Meghalaya,East Khasi Hills,4,2
Meghalaya,Ri Bhoi,2,0
Mizoram,Aizawl,30,1
Mizoram,Champhai,14,0
Mizoram,Kolasib,7,2
Mizoram,Lawngtlai,2,0
Mizoram,Mammit,3,0
Mizoram,Saiha,6,0
Mizoram,Serchhip,1,0
Nagaland,Dimapur,2,5
Nagaland,Kohima,2,0
Nagaland,Longleng,5,3
Nagaland,Mokokchung,2,0
Nagaland,Peren,16,2
Nagaland,Phek,0,1
Odisha,Angul,27,21
Odisha,Balangir,16,128
Odisha,Baleswar,36,27
Odisha,Bargarh,11,3
Odisha,Bhadrak,34,26
Odisha,Boudh,6,3
Odisha,Cuttack,96,8
Odisha,Debagarh,2,3
Odisha,Dhenkanal,31,46
Odisha,Gajapati,4,0
Odisha,Ganjam,452,79
Odisha,Jagatsinghapur,58,37
Odisha,Jajapur,26,4
Odisha,Jharsuguda,16,15
Odisha,Kalahandi,2467,287
Odisha,Kandhamal,437,17
Odisha,Kendrapara,76,36
Odisha,Kendujhar,21,1
Odisha,Khorda,168,21
Odisha,Koraput,11832,327
Odisha,Malkangiri,25,22
Odisha,Mayurbhanj,63,127
Odisha,Nabarangapur,8,9
Odisha,Nayagarh,14,6
Odisha,Nuapada,134,2
Odisha,Puri,17,2
Odisha,Rayagada,250,72
Odisha,Sambalpur,41,6
Odisha,Sonapur,5,0
Odisha,Sundergarh,49,17
Others,Others,39747,292
Puducherry,Karaikal,80,11
Puducherry,Puducherry,185,7
Punjab,Amritsar,1312,76
Punjab,Barnala,161,52
Punjab,Bathinda,482,71
Punjab,Faridkot,151,17
Punjab,Fatehgarh Sahib,210,35
Punjab,Fazilka,763,50
Punjab,Ferozepur,344,45
Punjab,Gurdaspur,167,33
Punjab,Hoshiarpur,491,51
Punjab,Jalandhar,99,51
Punjab,Kapurthala,190,37
Punjab,Ludhiana,881,247
Punjab,Mansa,159,37
Punjab,Moga,189,42
Punjab,Pathankot,84,12
Punjab,Patiala,128,31
Punjab,Rupnagar,739,15
Punjab,SAS Nagar (Mohali),372,15
Punjab,Sangrur,487,71
Punjab,Shaheed Bhagat Singh Nagar,170,6
Punjab,Sri Muktsar Sahib,431,66
Punjab,Tarn Taran,223,27
Rajasthan,Ajmer,1648,565
Rajasthan,Alwar,2507,441
Rajasthan,Banswara,436,204
Rajasthan,Baran,454,173
Rajasthan,Barmer,763,325
Rajasthan,Bharatpur,2595,453
Rajasthan,Bhilwara,815,418
Rajasthan,Bikaner,1016,182
Rajasthan,Bundi,1992,215
Rajasthan,Chittorgarh,54,84
Rajasthan,Churu,777,165
Rajasthan,Dausa,1177,555
Rajasthan,Dholpur,994,128
Rajasthan,Dungarpur,535,128
Rajasthan,Ganganagar,1050,170
Rajasthan,Hanumangarh,2378,235
Rajasthan,Jaipur,1386,769
Rajasthan,Jaisalmer,21,56
Rajasthan,Jalor,540,252
Rajasthan,Jhalawar,1072,287
Rajasthan,Jhunjhunun,354,186
Rajasthan,Jodhpur,2244,361
Rajasthan,Karauli,2425,286
Rajasthan,Kota,399,141
Rajasthan,Nagaur,1015,418
Rajasthan,Pali,1595,416
Rajasthan,Pratapgarh,728,96
Rajasthan,Rajsamand,340,143
Rajasthan,Sawai Madhopur,1727,249
Rajasthan,Sikar,871,265
Rajasthan,Sirohi,33,88
Rajasthan,Tonk,2342,243
Rajasthan,Udaipur,1367,367
Sikkim,East Sikkim,17,10
Sikkim,South Sikkim,4,3
Sikkim,West Sikkim,2,2
Tamil Nadu,Ariyalur,3,1
Tamil Nadu,Chennai,191,5
Tamil Nadu,Coimbatore,228,17
Tamil Nadu,Cuddalore,273,6
Tamil Nadu,Dharmapuri,5,3
Tamil Nadu,Dindigul,393,5
Tamil Nadu,Erode,7,19
Tamil Nadu,Kancheepuram,182,43
Tamil Nadu,Kanniyakumari,4442,118
Tamil Nadu,Karur,2,1
Tamil Nadu,Krishnagiri,15,6
Tamil Nadu,Madurai,1212,89
Tamil Nadu,Nagapattinam,40,5
Tamil Nadu,Namakkal,1549,26
Tamil Nadu,Perambalur,0,13
Tamil Nadu,Pudukkottai,5,0
Tamil Nadu,Ramanathapuram,534,1
Tamil Nadu,Salem,20,2
Tamil Nadu,Sivaganga,2,0
Tamil Nadu,Thanjavur,7,1
Tamil Nadu,The Nilgiris,4,1
Tamil Nadu,Theni,1709,12
Tamil Nadu,Thiruvarur,892,3
Tamil Nadu,Thoothukkudi,437,5
Tamil Nadu,Tiruchirappalli,24,30
Tamil Nadu,Tirunelveli,4784,63
Tamil Nadu,Tiruppur,7,3
Tamil Nadu,Tiruvallur,59,31
Tamil Nadu,Tiruvannamalai,4537,56
Tamil Nadu,Vellore,47,50
Tamil Nadu,Villupuram,7632,216
Tamil Nadu,Virudhunagar,90,3
Telangana,Adilabad,1161,115
Telangana,Hyderabad,2482,277
Telangana,K.v. Rangareddy,1807,291
Telangana,Karimnagar,1228,199
Telangana,Khammam,1238,132
Telangana,Mahabubnagar,1859,393
Telangana,Medak,2413,309
Telangana,Nalgonda,2136,216
Telangana,Nizamabad,999,246
Telangana,Warangal,1372,199
Tripura,Dhalai,1,2
Tripura,Gomati,9,8
Tripura,Khowai,5,3
Tripura,North Tripura,53,5
Tripura,Sepahijala,7,4
Tripura,South Tripura,34,10
Tripura,Unakoti,3,0
Tripura,West Tripura,7,8
Uttar Pradesh,Agra,2885,1088
Uttar Pradesh,Aligarh,3905,691
Uttar Pradesh,Allahabad,6529,534
Uttar Pradesh,Ambedkar Nagar,8182,434
Uttar Pradesh,Amethi,1508,71
Uttar Pradesh,Amroha,2252,806
Uttar Pradesh,Auraiya,1940,271
Uttar Pradesh,Azamgarh,7591,294
Uttar Pradesh,Baghpat,855,235
Uttar Pradesh,Bahraich,893,81
Uttar Pradesh,Ballia,8523,502
Uttar Pradesh,Balrampur,910,63
Uttar Pradesh,Banda,1993,146
Uttar Pradesh,Bara Banki,3031,407
Uttar Pradesh,Bareilly,5711,615
Uttar Pradesh,Basti,3485,276
Uttar Pradesh,Bijnor,1605,390
Uttar Pradesh,Budaun,758,70
Uttar Pradesh,Bulandshahr,9856,439
Uttar Pradesh,Chandauli,838,84
Uttar Pradesh,Chitrakoot,427,43
Uttar Pradesh,Deoria,5885,250
Uttar Pradesh,Etah,833,144
Uttar Pradesh,Etawah,880,137
Uttar Pradesh,Faizabad,3840,250
Uttar Pradesh,Farrukhabad,473,98
Uttar Pradesh,Fatehpur,1759,98
Uttar Pradesh,Firozabad,1355,447
Uttar Pradesh,Gautam Buddha Nagar,1842,185
Uttar Pradesh,Ghaziabad,3636,526
Uttar Pradesh,Ghazipur,2733,271
Uttar Pradesh,Gonda,4154,474
Uttar Pradesh,Gorakhpur,8301,678
Uttar Pradesh,Hamirpur,1038,11
Uttar Pradesh,Hapur,425,47
Uttar Pradesh,Hardoi,1598,196
Uttar Pradesh,Hathras,969,103
Uttar Pradesh,Jalaun,981,25
Uttar Pradesh,Jaunpur,4959,318
Uttar Pradesh,Jhansi,2645,265
Uttar Pradesh,Kannauj,1429,122
Uttar Pradesh,Kanpur Dehat,3919,237
Uttar Pradesh,Kanpur Nagar,5479,2162
Uttar Pradesh,Kasganj,309,209
Uttar Pradesh,Kaushambi,1224,187
Uttar Pradesh,Kheri,3868,223
Uttar Pradesh,Kushinagar,5096,312
Uttar Pradesh,Lalitpur,1292,508
Uttar Pradesh,Lucknow,3419,1405
Uttar Pradesh,Maharajganj,1906,168
Uttar Pradesh,Mahoba,20,3
Uttar Pradesh,Mainpuri,1159,89
Uttar Pradesh,Mathura,1440,261
Uttar Pradesh,Mau,5009,115
Uttar Pradesh,Meerut,3134,386
Uttar Pradesh,Mirzapur,3056,193
Uttar Pradesh,Moradabad,4533,545
Uttar Pradesh,Muzaffarnagar,10340,463
Uttar Pradesh,Pilibhit,143,114
Uttar Pradesh,Pratapgarh,2730,329
Uttar Pradesh,Rae Bareli,800,109
Uttar Pradesh,Rampur,6689,473
Uttar Pradesh,Saharanpur,6023,619
Uttar Pradesh,Sambhal,3363,975
Uttar Pradesh,Sant Kabir Nagar,214,13
Uttar Pradesh,Sant Ravidas Nagar,1194,89
Uttar Pradesh,Shahjahanpur,3451,151
Uttar Pradesh,Shamli,1359,118
Uttar Pradesh,Shrawasti,1518,40
Uttar Pradesh,Siddharthnagar,3264,251
Uttar Pradesh,Sitapur,3773,534
Uttar Pradesh,Sonbhadra,1409,65
Uttar Pradesh,Sultanpur,7994,295
Uttar Pradesh,Unnao,2373,456
Uttar Pradesh,Varanasi,3373,716
Uttarakhand,Almora,215,36
Uttarakhand,Bageshwar,49,2
Uttarakhand,Chamoli,17,2
Uttarakhand,Champawat,20,0
Uttarakhand,Dehradun,1334,313
Uttarakhand,Haridwar,1142,259
Uttarakhand,Nainital,1448,598
Uttarakhand,Pauri Garhwal,220,73
Uttarakhand,Pithoragarh,302,26
Uttarakhand,Rudraprayag,131,0
Uttarakhand,Tehri Garhwal,52,3
Uttarakhand,Udham Singh Nagar,4007,453
Uttarakhand,Uttarkashi,7,2
West Bengal,Bankura,7074,496
West Bengal,Barddhaman,8560,226
West Bengal,Birbhum,165,66
West Bengal,Cooch Behar,15,9
West Bengal,Dakshin Dinajpur,57,7
West Bengal,Darjeeling,204,19
West Bengal,Hooghly,749,57
West Bengal,Howrah,30,2
West Bengal,Jalpaiguri,188,133
West Bengal,Kolkata,2673,6
West Bengal,Malda,58,4
West Bengal,Murshidabad,51,19
West Bengal,Nadia,110,30
West Bengal,North 24 Parganas,1516,102
West Bengal,Paschim Medinipur,11909,859
West Bengal,Purba Medinipur,130,9
West Bengal,Puruliya,4070,101
West Bengal,South 24 Parganas,6733,152
West Bengal,Uttar Dinajpur,136,110
