State,District,Aadhaar generated,Enrolment Rejected
Andhra Pradesh,Ananthapur,1219,46
Andhra Pradesh,Chittoor,892,28
Andhra Pradesh,Cuddapah,351,6
Andhra Pradesh,East Godavari,1144,57
Andhra Pradesh,Guntur,1167,85
Andhra Pradesh,Krishna,1485,20
Andhra Pradesh,Kurnool,1880,43
Andhra Pradesh,Nellore,209,2
Andhra Pradesh,Prakasam,860,13
Andhra Pradesh,Srikakulam,745,32
Andhra Pradesh,Visakhapatnam,1941,159
Andhra Pradesh,Vizianagaram,1154,18
Andhra Pradesh,West Godavari,871,16
Arunachal Pradesh,Changlang,1,0
Arunachal Pradesh,Lohit,1,0
Arunachal Pradesh,Lower Subansiri,1,0
Arunachal Pradesh,Tawang,3,0
Assam,Baksa,3,0
Assam,Barpeta,7,1
Assam,Bongaigaon,1,0
Assam,Cachar,9,0
Assam,Dhemaji,1,0
Assam,Dhubri,2,0
Assam,Dibrugarh,1,0
Assam,Goalpara,1,0
Assam,Hailakandi,3,0
Assam,Jorhat,1,0
Assam,Kamrup,6,0
Assam,Kamrup Metro,1,0
Assam,Karbi Anglong,4,0
Assam,Karimganj,5,0
Assam,Kokrajhar,1,0
Assam,Lakhimpur,2,0
Assam,Nagaon,16,0
Assam,Nalbari,1,1
Assam,Sonitpur,4,1
Assam,Tinsukia,1,0
Assam,Udalguri,2,0
Bihar,Araria,580,5
Bihar,Arwal,153,0
Bihar,Aurangabad,3679,40
Bihar,Banka,274,6
Bihar,Begusarai,917,17
Bihar,Bhagalpur,1527,13
Bihar,Bhojpur,1456,6
Bihar,Buxar,113,1
Bihar,Darbhanga,515,0
Bihar,East Champaran,1012,20
Bihar,Gaya,6775,19
Bihar,Gopalganj,2381,10
Bihar,Jamui,105,23
Bihar,Jehanabad,605,3
Bihar,Kaimur (Bhabua),238,1
Bihar,Katihar,263,1
Bihar,Khagaria,91,1
Bihar,Kishanganj,163,2
Bihar,Lakhisarai,476,0
Bihar,Madhepura,550,2
Bihar,Madhubani,2936,2
Bihar,Munger,999,17
Bihar,Muzaffarpur,1320,17
Bihar,Nalanda,3522,20
Bihar,Nawada,2981,4
Bihar,Patna,3204,32
Bihar,Purnia,839,9
Bihar,Rohtas,94,14
Bihar,Saharsa,352,3
Bihar,Samastipur,2316,3
Bihar,Saran,1400,7
Bihar,Sheikhpura,21,1
Bihar,Sheohar,29,6
Bihar,Sitamarhi,5780,1
Bihar,Siwan,452,16
Bihar,Supaul,420,4
Bihar,Vaishali,6664,24
Bihar,West Champaran,3378,4
Chandigarh,Chandigarh,203,3
Chhattisgarh,Balod,136,1
Chhattisgarh,Baloda Bazar,296,6
Chhattisgarh,Balrampur,1,0
Chhattisgarh,Bastar,22,0
Chhattisgarh,Bemetara,809,1
Chhattisgarh,Bilaspur,2669,37
Chhattisgarh,Dakshin Bastar Dantewada,15,0
Chhattisgarh,Dantewada,2,0
Chhattisgarh,Dhamtari,479,1
Chhattisgarh,Durg,403,1
Chhattisgarh,Janjgir-champa,689,3
Chhattisgarh,Jashpur,22,0
Chhattisgarh,Kabeerdham,1009,0
Chhattisgarh,Kanker,247,0
Chhattisgarh,Kawardha,4756,1
Chhattisgarh,Kondagaon,114,1
Chhattisgarh,Korba,3600,0
Chhattisgarh,Koriya,25,1
Chhattisgarh,Mahasamund,108,1
Chhattisgarh,Mungeli,22,4
Chhattisgarh,Narayanpur,14,0
Chhattisgarh,Raigarh,2050,1
Chhattisgarh,Raipur,1674,11
Chhattisgarh,Rajnandgaon,365,1
Chhattisgarh,Sukma,84,0
Chhattisgarh,Surajpur,2,0
Chhattisgarh,Surguja,154,1
Chhattisgarh,Uttar Bastar Kanker,127,1
Dadra and Nagar Haveli,Dadra and Nagar Haveli,3,0
Daman and Diu,Daman,22,0
Daman and Diu,Diu,1,1
Delhi,Central Delhi,317,18
Delhi,East Delhi,308,6
Delhi,New Delhi,10,7
Delhi,North Delhi,45,30
Delhi,North East Delhi,522,28
Delhi,North West Delhi,1691,70
Delhi,South Delhi,771,32
Delhi,South West Delhi,465,15
Delhi,West Delhi,436,23
Goa,South Goa,1,0
Gujarat,Ahmedabad,1102,13
Gujarat,Amreli,78,5
Gujarat,Anand,59,0
Gujarat,Banaskantha,275,0
Gujarat,Bharuch,4,0
Gujarat,Bhavnagar,415,4
Gujarat,Dahod,39,0
Gujarat,Gandhinagar,202,0
Gujarat,Jamnagar,5,1
Gujarat,Junagadh,37,25
Gujarat,Kachchh,144,0
Gujarat,Kheda,9,3
Gujarat,Mahesana,32,0
Gujarat,Narmada,1,0
Gujarat,Navsari,450,0
Gujarat,Panchmahals,123,2
Gujarat,Patan,115,1
Gujarat,Porbandar,39,0
Gujarat,Rajkot,5,0
Gujarat,Sabarkantha,105,3
Gujarat,Surat,96,2
Gujarat,Surendra Nagar,76,14
Gujarat,Tapi,133,0
Gujarat,The Dangs,102,0
Gujarat,Vadodara,303,5
Gujarat,Valsad,134,0
Haryana,Ambala,229,4
Haryana,Bhiwani,826,5
Haryana,Faridabad,166,2
Haryana,Fatehabad,94,5
Haryana,Gurgaon,333,12
Haryana,Hisar,365,20
Haryana,Jhajjar,347,27
Haryana,Jind,74,3
Haryana,Kaithal,679,6
Haryana,Karnal,738,7
Haryana,Kurukshetra,110,15
Haryana,Mahendragarh,25,1
Haryana,Mewat,1373,28
Haryana,Palwal,205,1
Haryana,Panchkula,61,0
Haryana,Panipat,454,7
Haryana,Rewari,10,0
Haryana,Rohtak,584,0
Haryana,Sirsa,173,2
Haryana,Sonipat,1138,1
Haryana,Yamuna Nagar,228,1
Himachal Pradesh,Bilaspur,10,0
Himachal Pradesh,Chamba,1,0
Himachal Pradesh,Hamirpur,3,0
Himachal Pradesh,Kangra,13,0
Himachal Pradesh,Kinnaur,2,0
Himachal Pradesh,Kullu,1,0
Himachal Pradesh,Mandi,8,0
Himachal Pradesh,Shimla,3,1
Himachal Pradesh,Sirmaur,11,0
Himachal Pradesh,Solan,29,0
Himachal Pradesh,Una,2,0
Jammu and Kashmir,Doda,7,0
Jammu and Kashmir,Jammu,65,2
Jammu and Kashmir,Kargil,2,0
Jammu and Kashmir,Kathua,3,1
Jammu and Kashmir,Kupwara,1,0
Jammu and Kashmir,Leh,5,0
Jammu and Kashmir,Pulwama,1,0
Jammu and Kashmir,Punch,2,0
Jammu and Kashmir,Rajouri,1,0
Jammu and Kashmir,Reasi,1,1
Jammu and Kashmir,Samba,0,1
Jammu and Kashmir,Srinagar,2,0
Jammu and Kashmir,Udhampur,556,1
Jharkhand,Bokaro,177,1
Jharkhand,Chatra,24,0
Jharkhand,Deoghar,72,0
Jharkhand,Dhanbad,120,1
Jharkhand,Dumka,9,0
Jharkhand,East Singhbhum,119,0
Jharkhand,Garhwa,5,3
Jharkhand,Giridih,19,4
Jharkhand,Godda,10,0
Jharkhand,Gumla,1,1
Jharkhand,Hazaribagh,50,5
Jharkhand,Jamtara,2,0
Jharkhand,Khunti,10,0
Jharkhand,Koderma,1,1
Jharkhand,Latehar,2,0
Jharkhand,Lohardaga,27,1
Jharkhand,Pakur,1,0
Jharkhand,Palamu,12,1
Jharkhand,Ramgarh,94,2
Jharkhand,Ranchi,253,10
Jharkhand,Sahebganj,7,0
Jharkhand,Seraikela-Kharsawan,40,2
Jharkhand,Simdega,5,0
Jharkhand,West Singhbhum,3,1
Karnataka,Bagalkot,82,0
Karnataka,Bangalore,169,1
Karnataka,Belgaum,1848,4
Karnataka,Bellary,8,2
Karnataka,Bidar,270,18
Karnataka,Bijapur,487,4
Karnataka,Chamrajanagar,4,1
Karnataka,Chickmagalur,6,1
Karnataka,Chikkaballapur,61,0
Karnataka,Chitradurga,27,9
Karnataka,Dakshina Kannada,3,0
Karnataka,Davangere,436,3
Karnataka,Dharwad,1,1
Karnataka,Gadag,25,4
Karnataka,Gulbarga,30,3
Karnataka,Hassan,76,45
Karnataka,Haveri,23,0
Karnataka,Kodagu,4,0
Karnataka,Kolar,96,0
Karnataka,Koppal,5,0
Karnataka,Mandya,150,3
Karnataka,Mysore,4,2
Karnataka,Raichur,4,0
Karnataka,Ramanagar,1,0
Karnataka,Shimoga,18,0
Karnataka,Tumkur,73,0
Karnataka,Udupi,6,0
Karnataka,Uttara Kannada,53,0
Karnataka,Yadgir,12,0
Kerala,Alappuzha,199,1
Kerala,Ernakulam,392,17
Kerala,Idukki,141,0
Kerala,Kannur,550,0
Kerala,Kasaragod,235,1
Kerala,Kollam,453,2
Kerala,Kottayam,565,0
Kerala,Kozhikode,709,2
Kerala,Malappuram,1034,4
Kerala,Palakkad,423,9
Kerala,Pathanamthitta,124,0
Kerala,Thiruvananthapuram,660,6
Kerala,Thrissur,430,14
Kerala,Wayanad,44,1
Lakshadweep,Lakshadweep,12,0
Madhya Pradesh,Alirajpur,2,1
Madhya Pradesh,Anuppur,3,5
Madhya Pradesh,Ashok Nagar,11,0
Madhya Pradesh,Balaghat,34,2
Madhya Pradesh,Barwani,149,0
Madhya Pradesh,Betul,344,1
Madhya Pradesh,Bhind,20,4
Madhya Pradesh,Bhopal,231,0
Madhya Pradesh,Burhanpur,5,0
Madhya Pradesh,Chhatarpur,12,0
Madhya Pradesh,Chhindwara,78,7
Madhya Pradesh,Damoh,19,0
Madhya Pradesh,Datia,14,4
Madhya Pradesh,Dewas,12,0
Madhya Pradesh,Dhar,15,0
Madhya Pradesh,Dindori,19,1
Madhya Pradesh,Guna,6,1
Madhya Pradesh,Gwalior,259,20
Madhya Pradesh,Harda,49,1
Madhya Pradesh,Hoshangabad,70,3
Madhya Pradesh,Indore,130,2
Madhya Pradesh,Jabalpur,260,8
Madhya Pradesh,Jhabua,31,0
Madhya Pradesh,Katni,14,0
Madhya Pradesh,Khandwa,18,3
Madhya Pradesh,Khargone,9,0
Madhya Pradesh,Mandla,33,0
Madhya Pradesh,Mandsaur,4,0
Madhya Pradesh,Morena,340,1
Madhya Pradesh,Narsinghpur,15,1
Madhya Pradesh,Neemuch,3,0
Madhya Pradesh,Panna,13,0
Madhya Pradesh,Raisen,23,0
Madhya Pradesh,Rajgarh,44,0
Madhya Pradesh,Ratlam,7,7
Madhya Pradesh,Rewa,29,1
Madhya Pradesh,Sagar,231,2
Madhya Pradesh,Satna,219,2
Madhya Pradesh,Sehore,54,3
Madhya Pradesh,Seoni,312,3
Madhya Pradesh,Shahdol,10,0
Madhya Pradesh,Shajapur,2,1
Madhya Pradesh,Sheopur,6,0
Madhya Pradesh,Shivpuri,93,0
Madhya Pradesh,Sidhi,18,0
Madhya Pradesh,Singrauli,9,0
Madhya Pradesh,Tikamgarh,38,0
Madhya Pradesh,Ujjain,206,6
Madhya Pradesh,Umaria,1,1
Madhya Pradesh,Vidisha,8,0
Maharashtra,Ahmadnagar,1203,10
Maharashtra,Akola,419,3
Maharashtra,Amravati,222,0
Maharashtra,Aurangabad,1193,7
Maharashtra,Beed,865,6
Maharashtra,Bhandara,456,4
Maharashtra,Buldhana,1931,4
Maharashtra,Chandrapur,795,9
Maharashtra,Dhule,551,5
Maharashtra,Gadchiroli,674,0
Maharashtra,Gondiya,144,6
Maharashtra,Hingoli,869,1
Maharashtra,Jalgaon,1239,4
Maharashtra,Jalna,890,8
Maharashtra,Kolhapur,28,4
Maharashtra,Latur,616,3
Maharashtra,Mumbai,325,3
Maharashtra,Nagpur,501,9
Maharashtra,Nanded,3441,4
Maharashtra,Nandurbar,349,0
Maharashtra,Nashik,1735,21
Maharashtra,Osmanabad,409,0
Maharashtra,Palghar,6,7
Maharashtra,Parbhani,1067,13
Maharashtra,Pune,353,20
Maharashtra,Raigarh,64,1
Maharashtra,Ratnagiri,52,0
Maharashtra,Sangli,23,1
Maharashtra,Satara,21,4
Maharashtra,Sindhudurg,55,5
Maharashtra,Solapur,113,1
Maharashtra,Thane,374,6
Maharashtra,Wardha,100,0
Maharashtra,Washim,706,2
Maharashtra,Yavatmal,1454,5
Manipur,Bishnupur,2,0
Manipur,Chandel,1,0
Manipur,Churachandpur,2,0
Manipur,Imphal East,6,1
Manipur,Imphal West,20,0
Manipur,Thoubal,1,0
Meghalaya,East Khasi Hills,3,0
Mizoram,Aizawl,507,0
Mizoram,Champhai,0,1
Nagaland,Dimapur,5,0
Nagaland,Kohima,6,0
Nagaland,Longleng,109,0
Nagaland,Peren,1,0
Odisha,Angul,5,0
Odisha,Baleswar,7,0
Odisha,Bargarh,5,0
Odisha,Bhadrak,9,0
Odisha,Cuttack,21,0
Odisha,Dhenkanal,6,0
Odisha,Ganjam,32,0
Odisha,Jagatsinghapur,1,0
Odisha,Jajapur,15,1
Odisha,Jharsuguda,2,0
Odisha,Kalahandi,8,0
Odisha,Kendrapara,168,0
Odisha,Kendujhar,3,0
Odisha,Khorda,25,0
Odisha,Koraput,2,0
Odisha,Malkangiri,2,0
Odisha,Mayurbhanj,8,0
Odisha,Nabarangapur,1,2
Odisha,Nayagarh,6,0
Odisha,Puri,12,0
Odisha,Rayagada,1,0
Odisha,Sundergarh,4,0
Others,Others,13,0
Puducherry,Karaikal,3,0
Puducherry,Puducherry,9,0
Punjab,Amritsar,70,1
Punjab,Barnala,377,77
Punjab,Bathinda,106,1
Punjab,Faridkot,70,3
Punjab,Fatehgarh Sahib,45,2
Punjab,Fazilka,155,3
Punjab,Ferozepur,121,3
Punjab,Gurdaspur,81,4
Punjab,Hoshiarpur,139,2
Punjab,Jalandhar,303,13
Punjab,Kapurthala,5,0
Punjab,Ludhiana,1101,45
Punjab,Mansa,7,3
Punjab,Moga,108,0
Punjab,Pathankot,52,3
Punjab,Patiala,66,3
Punjab,Rupnagar,29,1
Punjab,SAS Nagar (Mohali),167,3
Punjab,Sangrur,31,0
Punjab,Shaheed Bhagat Singh Nagar,32,4
Punjab,Sri Muktsar Sahib,51,3
Punjab,Tarn Taran,53,1
Rajasthan,Ajmer,2458,19
Rajasthan,Alwar,1136,7
Rajasthan,Banswara,784,1
Rajasthan,Baran,1590,17
Rajasthan,Barmer,202,17
Rajasthan,Bharatpur,1119,5
Rajasthan,Bhilwara,1608,19
Rajasthan,Bikaner,171,57
Rajasthan,Bundi,1020,3
Rajasthan,Chittorgarh,584,31
Rajasthan,Churu,999,206
Rajasthan,Dausa,851,0
Rajasthan,Dholpur,240,2
Rajasthan,Dungarpur,86,0
Rajasthan,Ganganagar,118,0
Rajasthan,Hanumangarh,54,3
Rajasthan,Jaipur,1551,18
Rajasthan,Jaisalmer,6,0
Rajasthan,Jalor,3018,6
Rajasthan,Jhalawar,715,5
Rajasthan,Jhunjhunun,948,1
Rajasthan,Jodhpur,2088,18
Rajasthan,Karauli,593,3
Rajasthan,Kota,1116,1
Rajasthan,Nagaur,1202,3
Rajasthan,Pali,893,2
Rajasthan,Pratapgarh,48,1
Rajasthan,Rajsamand,17,2
Rajasthan,Sawai Madhopur,262,1
Rajasthan,Sikar,1828,7
Rajasthan,Sirohi,2220,6
Rajasthan,Tonk,231,14
Rajasthan,Udaipur,289,2
Sikkim,East Sikkim,4,0
Tamil Nadu,Chennai,100,2
Tamil Nadu,Coimbatore,19,0
Tamil Nadu,Cuddalore,26,0
Tamil Nadu,Dindigul,1,0
Tamil Nadu,Erode,1,0
Tamil Nadu,Kancheepuram,10190,1
Tamil Nadu,Kanniyakumari,100,0
Tamil Nadu,Krishnagiri,6,0
Tamil Nadu,Madurai,17,0
Tamil Nadu,Nagapattinam,1283,1
Tamil Nadu,Namakkal,3,0
Tamil Nadu,Pudukkottai,5,1
Tamil Nadu,Ramanathapuram,892,0
Tamil Nadu,Salem,2,0
Tamil Nadu,Sivaganga,4,0
Tamil Nadu,Thanjavur,110,0
Tamil Nadu,Theni,10,0
Tamil Nadu,Thiruvarur,21,0
Tamil Nadu,Thoothukkudi,582,0
Tamil Nadu,Tiruchirappalli,236,1
Tamil Nadu,Tirunelveli,223,0
Tamil Nadu,Tiruppur,8,0
Tamil Nadu,Tiruvallur,260,2
Tamil Nadu,Tiruvannamalai,27,0
Tamil Nadu,Vellore,807,3
Tamil Nadu,Villupuram,144,2
Tamil Nadu,Virudhunagar,3829,5
Telangana,Adilabad,493,23
Telangana,Hyderabad,888,26
Telangana,K.v. Rangareddy,742,28
Telangana,Karimnagar,583,33
Telangana,Khammam,444,5
Telangana,Mahabubnagar,958,95
Telangana,Medak,758,11
Telangana,Nalgonda,678,23
Telangana,Nizamabad,717,54
Telangana,Warangal,1639,137
Tripura,Gomati,105,0
Tripura,Khowai,102,0
Tripura,North Tripura,12,0
Tripura,Sepahijala,83,1
Tripura,South Tripura,119,3
Tripura,Unakoti,38,0
Tripura,West Tripura,131,1
Uttar Pradesh,Agra,3624,41
Uttar Pradesh,Aligarh,1713,11
Uttar Pradesh,Allahabad,7342,78
Uttar Pradesh,Ambedkar Nagar,1250,4
Uttar Pradesh,Amethi,1036,4
Uttar Pradesh,Amroha,1428,220
Uttar Pradesh,Auraiya,1245,2
Uttar Pradesh,Azamgarh,2237,5
Uttar Pradesh,Baghpat,1531,8
Uttar Pradesh,Bahraich,136,4
Uttar Pradesh,Ballia,728,8
Uttar Pradesh,Balrampur,1143,6
Uttar Pradesh,Banda,82,2
Uttar Pradesh,Bara Banki,3867,64
Uttar Pradesh,Bareilly,1316,64
Uttar Pradesh,Basti,4231,14
Uttar Pradesh,Bijnor,1269,479
Uttar Pradesh,Budaun,780,33
Uttar Pradesh,Bulandshahr,2675,2
Uttar Pradesh,Chandauli,3778,3
Uttar Pradesh,Chitrakoot,35,0
Uttar Pradesh,Deoria,738,9
Uttar Pradesh,Etah,2141,9
Uttar Pradesh,Etawah,124,2
Uttar Pradesh,Faizabad,4486,3
Uttar Pradesh,Farrukhabad,2970,5
Uttar Pradesh,Fatehpur,2789,0
Uttar Pradesh,Firozabad,354,8
Uttar Pradesh,Gautam Buddha Nagar,699,16
Uttar Pradesh,Ghaziabad,4352,51
Uttar Pradesh,Ghazipur,3907,42
Uttar Pradesh,Gonda,6072,66
Uttar Pradesh,Gorakhpur,2211,19
Uttar Pradesh,Hamirpur,368,3
Uttar Pradesh,Hapur,1003,8
Uttar Pradesh,Hardoi,1268,20
Uttar Pradesh,Hathras,251,4
Uttar Pradesh,Jalaun,1293,0
Uttar Pradesh,Jaunpur,2622,13
Uttar Pradesh,Jhansi,118,1
Uttar Pradesh,Kannauj,1371,3
Uttar Pradesh,Kanpur Dehat,452,3
Uttar Pradesh,Kanpur Nagar,2127,23
Uttar Pradesh,Kasganj,33,1
Uttar Pradesh,Kaushambi,2840,8
Uttar Pradesh,Kheri,714,5
Uttar Pradesh,Kushinagar,365,5
Uttar Pradesh,Lalitpur,308,2
Uttar Pradesh,Lucknow,4400,329
Uttar Pradesh,Maharajganj,305,0
Uttar Pradesh,Mahoba,8,0
Uttar Pradesh,Mainpuri,1359,0
Uttar Pradesh,Mathura,607,5
Uttar Pradesh,Mau,287,3
Uttar Pradesh,Meerut,2227,186
Uttar Pradesh,Mirzapur,1158,3
Uttar Pradesh,Moradabad,3014,11
Uttar Pradesh,Muzaffarnagar,7795,31
Uttar Pradesh,Pilibhit,229,10
Uttar Pradesh,Pratapgarh,654,8
Uttar Pradesh,Rae Bareli,636,2
Uttar Pradesh,Rampur,3578,17
Uttar Pradesh,Saharanpur,1843,27
Uttar Pradesh,Sambhal,3255,2
Uttar Pradesh,Sant Kabir Nagar,166,1
Uttar Pradesh,Sant Ravidas Nagar,399,3
Uttar Pradesh,Shahjahanpur,952,8
Uttar Pradesh,Shamli,1284,5
Uttar Pradesh,Shrawasti,1625,0
Uttar Pradesh,Siddharthnagar,8859,541
Uttar Pradesh,Sitapur,821,14
Uttar Pradesh,Sonbhadra,399,0
Uttar Pradesh,Sultanpur,4307,6
Uttar Pradesh,Unnao,860,66
Uttar Pradesh,Varanasi,7198,14
Uttarakhand,Almora,53,3
Uttarakhand,Bageshwar,38,0
Uttarakhand,Chamoli,35,0
Uttarakhand,Champawat,33,0
Uttarakhand,Dehradun,2629,21
Uttarakhand,Haridwar,3460,10
Uttarakhand,Nainital,842,22
Uttarakhand,Pauri Garhwal,68,0
Uttarakhand,Pithoragarh,36,0
Uttarakhand,Rudraprayag,51,0
Uttarakhand,Tehri Garhwal,130,1
Uttarakhand,Udham Singh Nagar,1872,4
Uttarakhand,Uttarkashi,684,0
West Bengal,Bankura,91,1
West Bengal,Barddhaman,43,1
West Bengal,Birbhum,23,0
West Bengal,Cooch Behar,8,1
West Bengal,Dakshin Dinajpur,287,0
West Bengal,Darjeeling,223,1
West Bengal,Hooghly,17,0
West Bengal,Howrah,2,0
West Bengal,Jalpaiguri,21,7
West Bengal,Kolkata,32,0
West Bengal,Malda,16,2
West Bengal,Murshidabad,393,1
West Bengal,Nadia,16,0
West Bengal,North 24 Parganas,222,4
West Bengal,Paschim Medinipur,358,3
West Bengal,Purba Medinipur,25,1
West Bengal,Puruliya,48,2
West Bengal,South 24 Parganas,306,8
West Bengal,Uttar Dinajpur,30,0
