Gender,Age Band,Aadhaar generated,Enrolment Rejected
F,0 to 5 Years,2467,2212
F,16 to 30 Years,62748,112747
F,31 to 45 Years,57393,97937
F,46 to 65 Years,45350,71790
F,6 to 15 Years,41266,78858
F,66 Years and Above,10406,14599
M,0 to 5 Years,3254,2681
M,16 to 30 Years,80291,120306
M,31 to 45 Years,65981,85938
M,46 to 65 Years,55712,75957
M,6 to 15 Years,53930,85560
M,66 Years and Above,12854,18224
T,0 to 5 Years,0,3
T,16 to 30 Years,16,38
T,31 to 45 Years,21,34
T,46 to 65 Years,12,22
T,6 to 15 Years,9,41
T,66 Years and Above,4,10
