Gender,Age Band,Aadhaar generated,Enrolment Rejected
F,0 to 5 Years,3829,428
F,16 to 30 Years,67670,8268
F,31 to 45 Years,60318,8393
F,46 to 65 Years,43786,6964
F,6 to 15 Years,41468,5225
F,66 Years and Above,9430,1507
M,0 to 5 Years,4641,574
M,16 to 30 Years,72599,8920
M,31 to 45 Years,58732,7984
M,46 to 65 Years,46881,7213
M,6 to 15 Years,46719,6624
M,66 Years and Above,10885,1747
T,0 to 5 Years,1,0
T,16 to 30 Years,3,2
T,31 to 45 Years,6,0
T,46 to 65 Years,5,2
T,6 to 15 Years,8,2
T,66 Years and Above,2,0
