Gender,Age Band,Aadhaar generated,Enrolment Rejected
F,0 to 5 Years,6459,1384
F,16 to 30 Years,111400,11373
F,31 to 45 Years,98833,8689
F,46 to 65 Years,69180,6519
F,6 to 15 Years,57764,9046
F,66 Years and Above,12460,1875
M,0 to 5 Years,7336,1740
M,16 to 30 Years,129013,15120
M,31 to 45 Years,102504,11550
M,46 to 65 Years,76376,9428
M,6 to 15 Years,65763,12779
M,66 Years and Above,15076,2332
T,0 to 5 Years,0,1
T,16 to 30 Years,6,12
T,31 to 45 Years,14,4
T,46 to 65 Years,4,2
T,6 to 15 Years,3,5
T,66 Years and Above,1,1
