State,District,Aadhaar generated,Enrolment Rejected
Andaman and Nicobar Islands,Nicobar,92,2
Andaman and Nicobar Islands,North And Middle Andaman,32,4
Andaman and Nicobar Islands,South Andaman,366,5
Andhra Pradesh,Adilabad,25,272
Andhra Pradesh,Ananthapur,419,249
Andhra Pradesh,Chittoor,971,131
Andhra Pradesh,Cuddapah,89,145
Andhra Pradesh,East Godavari,89,108
Andhra Pradesh,Guntur,46,115
Andhra Pradesh,Hyderabad,136,135
Andhra Pradesh,Karimnagar,87,193
Andhra Pradesh,Khammam,169,84
Andhra Pradesh,Krishna,99,84
Andhra Pradesh,Kurnool,78,2378
Andhra Pradesh,Mahbubnagar,193,385
Andhra Pradesh,Medak,171,267
Andhra Pradesh,Nalgonda,45,198
Andhra Pradesh,Nellore,299,140
Andhra Pradesh,Nizamabad,306,195
Andhra Pradesh,Prakasam,194,513
Andhra Pradesh,Ranga Reddy,201,704
Andhra Pradesh,Srikakulam,115,247
Andhra Pradesh,Visakhapatnam,597,456
Andhra Pradesh,Vizianagaram,2124,2645
Andhra Pradesh,Warangal,82,106
Andhra Pradesh,West Godavari,351,410
Arunachal Pradesh,Changlang,3,0
Arunachal Pradesh,Papum Pare,2,0
Arunachal Pradesh,Tirap,1,0
Assam,Baksa,19,0
Assam,Barpeta,122,0
Assam,Bongaigaon,29,0
Assam,Cachar,12,2
Assam,Chirang,6,0
Assam,Darrang,27,0
Assam,Dhemaji,7,0
Assam,Dhubri,51,1
Assam,Dibrugarh,53,1
Assam,Goalpara,3,0
Assam,Golaghat,7,0
Assam,Hailakandi,5,1
Assam,Jorhat,57,0
Assam,Kamrup,46,0
Assam,Kamrup Metro,11,0
Assam,Karbi Anglong,1,1
Assam,Karimganj,2,1
Assam,Kokrajhar,3,0
Assam,Lakhimpur,29,0
Assam,Marigaon,3,1
Assam,Nagaon,9,0
Assam,Nalbari,22,0
Assam,Sibsagar,12,0
Assam,Sonitpur,59,0
Assam,Tinsukia,31,0
Assam,Udalguri,16,0
Bihar,Araria,55,21
Bihar,Arwal,13,5
Bihar,Aurangabad,255,5
Bihar,Banka,402,46
Bihar,Begusarai,286,78
Bihar,Bhagalpur,1396,56
Bihar,Bhojpur,124,7
Bihar,Buxar,137,3
Bihar,Darbhanga,139,122
Bihar,East Champaran,88,46
Bihar,Gaya,162,26
Bihar,Gopalganj,2246,339
Bihar,Jamui,777,11
Bihar,Jehanabad,1112,2
Bihar,Kaimur (Bhabua),56,3
Bihar,Katihar,1584,263
Bihar,Khagaria,60,20
Bihar,Kishanganj,33,39
Bihar,Lakhisarai,48,27
Bihar,Madhepura,50,2
Bihar,Madhubani,114,27
Bihar,Munger,85,4
Bihar,Muzaffarpur,356,18
Bihar,Nalanda,71,129
Bihar,Nawada,176,9
Bihar,Patna,4418,378
Bihar,Purnia,683,36
Bihar,Rohtas,84,10
Bihar,Saharsa,1627,58
Bihar,Samastipur,278,4
Bihar,Saran,482,60
Bihar,Sheikhpura,14,4
Bihar,Sheohar,7,12
Bihar,Sitamarhi,877,17
Bihar,Siwan,1638,93
Bihar,Supaul,18676,107
Bihar,Vaishali,279,16
Bihar,West Champaran,363,22
Chandigarh,Chandigarh,165,17
Chhattisgarh,Balod,493,21
Chhattisgarh,Baloda Bazar,6,3
Chhattisgarh,Bastar,0,1
Chhattisgarh,Bemetara,871,2
Chhattisgarh,Bilaspur,2422,57
Chhattisgarh,Dhamtari,390,18
Chhattisgarh,Durg,4037,45
Chhattisgarh,Gariyaband,1,4
Chhattisgarh,Janjgir Champa,6,10
Chhattisgarh,Jashpur,6,5
Chhattisgarh,Kanker,2,0
Chhattisgarh,Kawardha,1,0
Chhattisgarh,Korba,630,22
Chhattisgarh,Koriya,3,30
Chhattisgarh,Mahasamund,682,15
Chhattisgarh,Mungeli,23,3
Chhattisgarh,Raigarh,5,6
Chhattisgarh,Raipur,1461,50
Chhattisgarh,Rajnandgaon,1,1
Chhattisgarh,Surajpur,0,51
Chhattisgarh,Surguja,6,0
Dadra and Nagar Haveli,Dadra and Nagar Haveli,3,8
Daman and Diu,Daman,3,0
Daman and Diu,Diu,5,0
Delhi,Central Delhi,124,34
Delhi,East Delhi,159,136
Delhi,Najafgarh,0,1
Delhi,New Delhi,15,2
Delhi,North Delhi,61,41
Delhi,North East,2,9
Delhi,North East Delhi,94,167
Delhi,North West Delhi,275,153
Delhi,South Delhi,202,129
Delhi,South West Delhi,236,82
Delhi,West Delhi,283,85
Goa,North Goa,6,3
Goa,South Goa,32,1
Gujarat,Ahmedabad,1232,291
Gujarat,Amreli,226,790
Gujarat,Anand,189,135
Gujarat,Banaskantha,408,15
Gujarat,Bharuch,209,35
Gujarat,Bhavnagar,1977,90
Gujarat,Dahod,103,20
Gujarat,Gandhinagar,93,8
Gujarat,Jamnagar,1638,63
Gujarat,Junagadh,2906,78
Gujarat,Kachchh,1391,30
Gujarat,Kheda,3528,93
Gujarat,Mahesana,216,21
Gujarat,Narmada,11,7
Gujarat,Navsari,2596,272
Gujarat,Panchmahal,178,22
Gujarat,Patan,1948,31
Gujarat,Porbandar,32,3
Gujarat,Rajkot,374,105
Gujarat,Sabarkantha,3432,169
Gujarat,Surat,7195,341
Gujarat,Surendranagar,465,29
Gujarat,Tapi,125,9
Gujarat,The Dangs,57,5
Gujarat,Vadodara,2286,303
Gujarat,Valsad,451,68
Haryana,Ambala,179,40
Haryana,Bhiwani,86,26
Haryana,Faridabad,166,72
Haryana,Fatehabad,98,33
Haryana,Gurgaon,118,46
Haryana,Hisar,128,85
Haryana,Jhajjar,37,28
Haryana,Jind,79,45
Haryana,Kaithal,209,12
Haryana,Karnal,135,41
Haryana,Kurukshetra,48,19
Haryana,Mahendragarh,131,10
Haryana,Mewat,424,283
Haryana,Palwal,30,29
Haryana,Panchkula,11,2
Haryana,Panipat,82,57
Haryana,Rewari,40,9
Haryana,Rohtak,58,18
Haryana,Sirsa,284,23
Haryana,Sonipat,306,54
Haryana,Yamuna Nagar,235,89
Himachal Pradesh,Bilaspur,9,6
Himachal Pradesh,Chamba,14,2
Himachal Pradesh,Hamirpur,19,6
Himachal Pradesh,Kangra,124,71
Himachal Pradesh,Kinnaur,1,1
Himachal Pradesh,Kullu,95,4
Himachal Pradesh,Mandi,44,12
Himachal Pradesh,Shimla,69,18
Himachal Pradesh,Sirmaur,36,11
Himachal Pradesh,Solan,25,6
Himachal Pradesh,Una,9,7
Jammu and Kashmir,Anantnag,1,9
Jammu and Kashmir,Badgam,3,6
Jammu and Kashmir,Bandipore,41,1
Jammu and Kashmir,Baramula,110,0
Jammu and Kashmir,Doda,267,4
Jammu and Kashmir,Jammu,4308,141
Jammu and Kashmir,Kathua,89,10
Jammu and Kashmir,Kupwara,4,0
Jammu and Kashmir,Pulwama,2,0
Jammu and Kashmir,Punch,2,0
Jammu and Kashmir,Rajouri,4,0
Jammu and Kashmir,Reasi,121,19
Jammu and Kashmir,Srinagar,2,6
Jammu and Kashmir,Udhampur,20,0
Jharkhand,Bokaro,172,45
Jharkhand,Chatra,86,123
Jharkhand,Deoghar,64,86
Jharkhand,Dhanbad,111,84
Jharkhand,Dumka,61,39
Jharkhand,East Singhbhum,157,216
Jharkhand,Garhwa,210,129
Jharkhand,Giridih,587,73
Jharkhand,Godda,223,396
Jharkhand,Gumla,43,23
Jharkhand,Hazaribagh,120,79
Jharkhand,Jamtara,12,52
Jharkhand,Khunti,18,3
Jharkhand,Koderma,181,148
Jharkhand,Latehar,182,181
Jharkhand,Lohardaga,33,10
Jharkhand,Pakur,77,47
Jharkhand,Palamu,140,82
Jharkhand,Ramgarh,32,69
Jharkhand,Ranchi,278,68
Jharkhand,Sahibganj,141,56
Jharkhand,Seraikela-Kharsawan,12,16
Jharkhand,Simdega,209,8
Jharkhand,West Singhbhum,53,190
Karnataka,Bagalkot,1013,148
Karnataka,Bangalore,728,181
Karnataka,Bangalore Rural,201,36
Karnataka,Belgaum,1004,140
Karnataka,Bellary,194,153
Karnataka,Bidar,8,450
Karnataka,Bijapur,103,108
Karnataka,Bijapur(KAR),0,129
Karnataka,Chamarajanagar,22,124
Karnataka,Chikkaballapur,1,53
Karnataka,Chikmagalur,333,12
Karnataka,Chitradurga,772,151
Karnataka,Dakshina Kannada,74,118
Karnataka,Davangere,30,263
Karnataka,Dharwad,534,112
Karnataka,Gadag,133,24
Karnataka,Gulbarga,400,286
Karnataka,Hassan,999,68
Karnataka,Haveri,247,977
Karnataka,Kodagu,7,1
Karnataka,Kolar,8,163
Karnataka,Koppal,616,36
Karnataka,Mandya,16,682
Karnataka,Mysore,21,27
Karnataka,Raichur,7531,244
Karnataka,Ramanagar,94,35
Karnataka,Shimoga,20,34
Karnataka,Tumkur,50,9
Karnataka,Udupi,9,19
Karnataka,Uttara Kannada,81,126
Karnataka,Yadgir,60,123
Kerala,Alappuzha,144,8
Kerala,Ernakulam,218,7
Kerala,Idukki,77,7
Kerala,Kannur,172,21
Kerala,Kasaragod,39,13
Kerala,Kollam,170,7
Kerala,Kottayam,195,12
Kerala,Kozhikode,430,11
Kerala,Malappuram,461,38
Kerala,Palakkad,148,16
Kerala,Pathanamthitta,127,5
Kerala,Thiruvananthapuram,386,10
Kerala,Thrissur,224,11
Kerala,Wayanad,17,0
Lakshadweep,Lakshadweep,5,3
Madhya Pradesh,Alirajpur,27,19
Madhya Pradesh,Anuppur,18,11
Madhya Pradesh,Ashok Nagar,455,39
Madhya Pradesh,Balaghat,165,61
Madhya Pradesh,Barwani,656,95
Madhya Pradesh,Betul,1250,96
Madhya Pradesh,Bhind,334,27
Madhya Pradesh,Bhopal,1138,74
Madhya Pradesh,Burhanpur,10,2
Madhya Pradesh,Chhatarpur,391,42
Madhya Pradesh,Chhindwara,516,179
Madhya Pradesh,Damoh,157,21
Madhya Pradesh,Datia,289,93
Madhya Pradesh,Dewas,2284,52
Madhya Pradesh,Dhar,298,27
Madhya Pradesh,Dindori,272,44
Madhya Pradesh,Guna,340,66
Madhya Pradesh,Gwalior,394,57
Madhya Pradesh,Harda,18,2
Madhya Pradesh,Hoshangabad,8,4
Madhya Pradesh,Indore,248,24
Madhya Pradesh,Jabalpur,77,13
Madhya Pradesh,Jhabua,326,16
Madhya Pradesh,Katni,133,11
Madhya Pradesh,Khandwa,3,8
Madhya Pradesh,Khargone,1879,97
Madhya Pradesh,Mandla,1788,119
Madhya Pradesh,Mandsaur,346,31
Madhya Pradesh,Morena,212,33
Madhya Pradesh,Narsinghpur,107,27
Madhya Pradesh,Neemuch,326,19
Madhya Pradesh,Panna,138,21
Madhya Pradesh,Raisen,1212,38
Madhya Pradesh,Rajgarh,1085,66
Madhya Pradesh,Ratlam,1855,172
Madhya Pradesh,Rewa,50,49
Madhya Pradesh,Sagar,166,66
Madhya Pradesh,Satna,156,55
Madhya Pradesh,Sehore,942,72
Madhya Pradesh,Seoni,619,57
Madhya Pradesh,Shahdol,35,58
Madhya Pradesh,Shajapur,180,61
Madhya Pradesh,Sheopur,525,21
Madhya Pradesh,Shivpuri,1413,141
Madhya Pradesh,Sidhi,239,24
Madhya Pradesh,Singrauli,405,52
Madhya Pradesh,Tikamgarh,1226,115
Madhya Pradesh,Ujjain,308,95
Madhya Pradesh,Umaria,61,10
Madhya Pradesh,Vidisha,300,56
Maharashtra,Ahmednagar,246,251
Maharashtra,Akola,144,120
Maharashtra,Amravati,42,126
Maharashtra,Aurangabad,144,163
Maharashtra,Beed,162,103
Maharashtra,Bhandara,6,69
Maharashtra,Buldhana,144,162
Maharashtra,Chandrapur,28,309
Maharashtra,Dhule,145,43
Maharashtra,Gadchiroli,839,142
Maharashtra,Gondia,14,118
Maharashtra,Hingoli,112,86
Maharashtra,Jalgaon,188,103
Maharashtra,Jalna,282,127
Maharashtra,Kolhapur,50,121
Maharashtra,Latur,175,50
Maharashtra,Mumbai,951,162
Maharashtra,Nagpur,139,159
Maharashtra,Nanded,371,185
Maharashtra,Nandurbar,4,34
Maharashtra,Nashik,303,141
Maharashtra,Osmanabad,108,43
Maharashtra,Parbhani,678,157
Maharashtra,Pune,878,160
Maharashtra,Raigad,36,107
Maharashtra,Ratnagiri,532,85
Maharashtra,Sangli,196,70
Maharashtra,Satara,87,343
Maharashtra,Sindhudurg,72,51
Maharashtra,Solapur,614,262
Maharashtra,Thane,873,250
Maharashtra,Wardha,3,41
Maharashtra,Washim,191,130
Maharashtra,Yavatmal,1960,267
Manipur,Bishnupur,1,0
Manipur,Chandel,1,0
Manipur,Churachandpur,1,0
Manipur,Imphal East,3,0
Manipur,Imphal West,11,0
Manipur,Senapati,1,0
Manipur,Thoubal,3,1
Manipur,Ukhrul,3,0
Meghalaya,East Khasi Hills,6,0
Meghalaya,West Garo Hills,3,0
Mizoram,Champhai,1,0
Mizoram,Lawngtlai,1,0
Mizoram,Lunglei,466,2
Nagaland,Dimapur,1,0
Nagaland,Kohima,1,2
Nagaland,Mokokchung,1,0
Nagaland,Phek,1,0
Odisha,Angul,5,0
Odisha,Anugul,0,4
Odisha,Balangir,0,43
Odisha,Baleswar,16,10
Odisha,Bargarh,2,7
Odisha,Bhadrak,5,6
Odisha,Boudh,0,39
Odisha,Cuttack,3598,27
Odisha,Debagarh,3,5
Odisha,Dhenkanal,3,1
Odisha,Gajapati,6,30
Odisha,Ganjam,15,74
Odisha,Jagatsinghapur,4,13
Odisha,Jajapur,5,115
Odisha,Jharsuguda,3,95
Odisha,Kalahandi,3,4
Odisha,Kandhamal,1,2
Odisha,Kendrapara,16,4
Odisha,Kendujhar,7,38
Odisha,Khorda,1435,176
Odisha,Khordha,0,4
Odisha,Koraput,1,85
Odisha,Malkangiri,4861,15
Odisha,Mayurbhanj,3,27
Odisha,Nabarangapur,2,17
Odisha,Nayagarh,4,10
Odisha,Nuapada,0,40
Odisha,Puri,8925,104
Odisha,Rayagada,2,1
Odisha,Sambalpur,5,7
Odisha,Sonapur,1,20
Odisha,Sundergarh,13,20
Others,Others,0,344
Puducherry,Karaikal,6,4
Puducherry,Pondicherry,0,9
Puducherry,Puducherry,32,8
Punjab,Amritsar,115,106
Punjab,Barnala,26,5
Punjab,Bathinda,24,9
Punjab,Faridkot,22,23
Punjab,Fatehgarh Sahib,22,6
Punjab,Fazilka,259,49
Punjab,Firozpur,48,18
Punjab,Gurdaspur,87,20
Punjab,Hoshiarpur,136,22
Punjab,Jalandhar,231,45
Punjab,Kapurthala,118,13
Punjab,Ludhiana,543,81
Punjab,Mansa,109,21
Punjab,Moga,56,7
Punjab,Pathankot,12,31
Punjab,Patiala,124,58
Punjab,Rupnagar,75,4
Punjab,SAS Nagar (Mohali),37,30
Punjab,Sangrur,90,71
Punjab,Shaheed Bhagat Singh Nagar,41,5
Punjab,Sri Muktsar Sahib,89,24
Punjab,Tarn Taran,23,19
Rajasthan,Ajmer,165,24
Rajasthan,Alwar,100,43
Rajasthan,Banswara,638,19
Rajasthan,Baran,229,31
Rajasthan,Barmer,240,14
Rajasthan,Bharatpur,78,79
Rajasthan,Bhilwara,138,44
Rajasthan,Bikaner,476,26
Rajasthan,Bundi,11,33
Rajasthan,Chittorgarh,365,100
Rajasthan,Churu,90,25
Rajasthan,Dausa,62,34
Rajasthan,Dholpur,372,30
Rajasthan,Dungarpur,430,22
Rajasthan,Ganganagar,87,81
Rajasthan,Hanumangarh,41,106
Rajasthan,Jaipur,528,150
Rajasthan,Jaisalmer,1253,15
Rajasthan,Jalor,4,11
Rajasthan,Jhalawar,13,69
Rajasthan,Jhunjhunu,89,19
Rajasthan,Jodhpur,609,75
Rajasthan,Karauli,93,10
Rajasthan,Kota,40,25
Rajasthan,Nagaur,932,72
Rajasthan,Pali,190,60
Rajasthan,Pratapgarh,199,13
Rajasthan,Rajsamand,4,19
Rajasthan,Sawai Madhopur,106,17
Rajasthan,Sikar,92,63
Rajasthan,Sirohi,7,4
Rajasthan,Tonk,34,38
Rajasthan,Udaipur,220,52
Sikkim,East Sikkim,6,2
Sikkim,South Sikkim,3,2
Tamil Nadu,Ariyalur,1,1
Tamil Nadu,Chennai,5614,335
Tamil Nadu,Coimbatore,1657,208
Tamil Nadu,Cuddalore,24,9
Tamil Nadu,Dharmapuri,0,28
Tamil Nadu,Dindigul,1,33
Tamil Nadu,Erode,2560,341
Tamil Nadu,Kancheepuram,159,71
Tamil Nadu,Kanyakumari,14,0
Tamil Nadu,Karur,0,28
Tamil Nadu,Krishnagiri,5,52
Tamil Nadu,Madurai,4,157
Tamil Nadu,Nagapattinam,4,2
Tamil Nadu,Namakkal,5,8
Tamil Nadu,Perambalur,704,5
Tamil Nadu,Pudukkottai,0,10
Tamil Nadu,Ramanathapuram,1,38
Tamil Nadu,Salem,179,82
Tamil Nadu,Sivaganga,3,12
Tamil Nadu,Thanjavur,3,47
Tamil Nadu,The Nilgiris,0,19
Tamil Nadu,Theni,1,10
Tamil Nadu,Thiruvarur,1,9
Tamil Nadu,Thoothukudi,66,61
Tamil Nadu,Tiruchirappalli,3,17
Tamil Nadu,Tirunelveli,9,17
Tamil Nadu,Tirupur,779,55
Tamil Nadu,Tiruvallur,973,76
Tamil Nadu,Tiruvannamalai,11,29
Tamil Nadu,Tiruvarur,0,8
Tamil Nadu,Vellore,28,468
Tamil Nadu,Viluppuram,23,92
Tamil Nadu,Virudhunagar,4,13
Tripura,Dhalai,7,1
Tripura,Gomati,184,1
Tripura,Khowai,32,4
Tripura,Sepahijala,41,5
Tripura,South Tripura,137,7
Tripura,Unakoti,127,8
Tripura,West Tripura,24,0
Uttar Pradesh,Agra,7152,338
Uttar Pradesh,Aligarh,7712,405
Uttar Pradesh,Allahabad,2283,305
Uttar Pradesh,Ambedkar Nagar,1113,123
Uttar Pradesh,Amethi,29,103
Uttar Pradesh,Amroha,1093,75
Uttar Pradesh,Auraiya,42,4
Uttar Pradesh,Azamgarh,508,23
Uttar Pradesh,Baghpat,219,11
Uttar Pradesh,Bahraich,21,6
Uttar Pradesh,Ballia,474,85
Uttar Pradesh,Balrampur,4697,76
Uttar Pradesh,Banda,356,94
Uttar Pradesh,Barabanki,335,35
Uttar Pradesh,Bareilly,731,100
Uttar Pradesh,Basti,125,10
Uttar Pradesh,Bijnor,2625,235
Uttar Pradesh,Budaun,841,20
Uttar Pradesh,Bulandshahr,132,68
Uttar Pradesh,Chandauli,260,81
Uttar Pradesh,Chitrakoot,16,22
Uttar Pradesh,Deoria,1498,76
Uttar Pradesh,Etah,372,17
Uttar Pradesh,Etawah,41,441
Uttar Pradesh,Faizabad,963,20
Uttar Pradesh,Farrukhabad,57,10
Uttar Pradesh,Fatehpur,383,38
Uttar Pradesh,Firozabad,129,13
Uttar Pradesh,Gautam Buddha Nagar,4612,212
Uttar Pradesh,Ghaziabad,5367,627
Uttar Pradesh,Ghazipur,249,93
Uttar Pradesh,Gonda,575,38
Uttar Pradesh,Gorakhpur,1667,285
Uttar Pradesh,Hamirpur,124,43
Uttar Pradesh,Hapur,3,60
Uttar Pradesh,Hardoi,70,4
Uttar Pradesh,Hathras,13074,381
Uttar Pradesh,Jalaun,2349,18
Uttar Pradesh,Jaunpur,783,271
Uttar Pradesh,Jhansi,41,27
Uttar Pradesh,Kannauj,949,14
Uttar Pradesh,Kanpur Dehat,1260,17
Uttar Pradesh,Kanpur Nagar,1482,354
Uttar Pradesh,Kasganj,57,112
Uttar Pradesh,Kaushambi,47,1
Uttar Pradesh,Kheri,39,25
Uttar Pradesh,Kushinagar,78,93
Uttar Pradesh,Lalitpur,235,24
Uttar Pradesh,Lucknow,3810,611
Uttar Pradesh,Maharajganj,42,101
Uttar Pradesh,Mahoba,841,291
Uttar Pradesh,Mainpuri,2772,66
Uttar Pradesh,Mathura,518,46
Uttar Pradesh,Mau,1590,46
Uttar Pradesh,Meerut,6681,280
Uttar Pradesh,Mirzapur,1485,101
Uttar Pradesh,Moradabad,1554,119
Uttar Pradesh,Muzaffarnagar,276,69
Uttar Pradesh,Pilibhit,175,18
Uttar Pradesh,Pratapgarh,364,109
Uttar Pradesh,Raebareli,37,73
Uttar Pradesh,Rampur,23,0
Uttar Pradesh,Saharanpur,10489,409
Uttar Pradesh,Sambhal,2664,15
Uttar Pradesh,Sant Kabir Nagar,61,187
Uttar Pradesh,Sant Ravidas Nagar,1880,15
Uttar Pradesh,Shahjahanpur,29,5
Uttar Pradesh,Shamli,838,28
Uttar Pradesh,Shrawasti,7,3
Uttar Pradesh,Siddharthnagar,1014,181
Uttar Pradesh,Sitapur,1411,847
Uttar Pradesh,Sonbhadra,318,13
Uttar Pradesh,Sultanpur,127,20
Uttar Pradesh,Unnao,86,59
Uttar Pradesh,Varanasi,6679,158
Uttarakhand,Almora,2431,15
Uttarakhand,Bageshwar,181,1
Uttarakhand,Chamoli,11,2
Uttarakhand,Champawat,7,4
Uttarakhand,Dehradun,261,47
Uttarakhand,Haridwar,11113,1967
Uttarakhand,Nainital,32,10
Uttarakhand,Pauri Garhwal,70,5
Uttarakhand,Pithoragarh,24,1
Uttarakhand,Rudraprayag,8,0
Uttarakhand,Tehri Garhwal,20,3
Uttarakhand,Udham Singh Nagar,56,119
Uttarakhand,Uttarkashi,3,0
West Bengal,Bankura,2914,200
West Bengal,Bardhaman,3395,813
West Bengal,Birbhum,5487,905
West Bengal,Cooch Behar,56,3
West Bengal,Darjeeling,2885,9
West Bengal,East Midnapore,50561,4048
West Bengal,Hooghly,802,14
West Bengal,Howrah,16,56
West Bengal,Jalpaiguri,8065,427
West Bengal,Kolkata,5811,52
West Bengal,Malda,190,87
West Bengal,Medinipur,0,27
West Bengal,Murshidabad,294,37
West Bengal,Nadia,20833,60
West Bengal,North 24 Parganas,35278,5566
West Bengal,North Dinajpur,35,18
West Bengal,Purulia,1333,8587
West Bengal,South 24 Parganas,11471,496
West Bengal,South Dinajpur,48,26
West Bengal,South Twenty Four Parganas,1,1
West Bengal,West Midnapore,8971,293
