State,District,Aadhaar generated,Enrolment Rejected
Andhra Pradesh,Adilabad,0,3
Andhra Pradesh,Ananthapur,6,11
Andhra Pradesh,Chittoor,41,2
Andhra Pradesh,Cuddapah,0,1
Andhra Pradesh,East Godavari,2,3
Andhra Pradesh,Guntur,4,4
Andhra Pradesh,Hyderabad,22,3
Andhra Pradesh,Karimnagar,2,4
Andhra Pradesh,Khammam,1,5
Andhra Pradesh,Krishna,11,2
Andhra Pradesh,Kurnool,6,2
Andhra Pradesh,Mahbubnagar,5,15
Andhra Pradesh,Medak,3,7
Andhra Pradesh,Nalgonda,0,8
Andhra Pradesh,Nellore,22,4
Andhra Pradesh,Nizamabad,20,5
Andhra Pradesh,Prakasam,12,6
Andhra Pradesh,Ranga Reddy,31,27
Andhra Pradesh,Srikakulam,2,2
Andhra Pradesh,Visakhapatnam,8,13
Andhra Pradesh,Vizianagaram,17,18
Andhra Pradesh,Warangal,2,1
Andhra Pradesh,West Godavari,6,5
Arunachal Pradesh,Changlang,1,0
Arunachal Pradesh,Lohit,1,0
Arunachal Pradesh,Papum Pare,1,0
Arunachal Pradesh,Tirap,1,0
Assam,Baksa,5,0
Assam,Barpeta,2,0
Assam,Bongaigaon,3,0
Assam,Chirang,1,0
Assam,Darrang,1,0
Assam,Dhubri,1,0
Assam,Dibrugarh,3,0
Assam,Hailakandi,1,0
Assam,Jorhat,3,0
Assam,Kamrup,2,0
Assam,Kamrup Metro,1,0
Assam,Karimganj,1,0
Assam,Kokrajhar,3,0
Assam,Lakhimpur,2,0
Assam,Marigaon,1,0
Assam,Nagaon,2,0
Assam,Sonitpur,6,0
Assam,Tinsukia,1,0
Assam,Udalguri,1,0
Bihar,Araria,4,0
Bihar,Arwal,7,0
Bihar,Aurangabad,35,0
Bihar,Banka,46,1
Bihar,Begusarai,33,17
Bihar,Bhagalpur,221,9
Bihar,Bhojpur,33,1
Bihar,Buxar,23,0
Bihar,Darbhanga,16,2
Bihar,East Champaran,13,1
Bihar,Gaya,45,5
Bihar,Gopalganj,42,7
Bihar,Jamui,43,0
Bihar,Jehanabad,205,0
Bihar,Kaimur (Bhabua),8,0
Bihar,Katihar,389,11
Bihar,Khagaria,7,0
Bihar,Kishanganj,30,1
Bihar,Lakhisarai,7,0
Bihar,Madhepura,7,2
Bihar,Madhubani,52,10
Bihar,Munger,17,0
Bihar,Muzaffarpur,96,9
Bihar,Nalanda,10,2
Bihar,Nawada,24,0
Bihar,Patna,911,47
Bihar,Purnia,117,2
Bihar,Rohtas,9,1
Bihar,Saharsa,88,3
Bihar,Samastipur,245,1
Bihar,Saran,24,2
Bihar,Sheikhpura,2,0
Bihar,Sitamarhi,86,12
Bihar,Siwan,119,7
Bihar,Supaul,1099,16
Bihar,Vaishali,14,2
Bihar,West Champaran,7,1
Chandigarh,Chandigarh,46,1
Chhattisgarh,Balod,7,1
Chhattisgarh,Bemetara,17,0
Chhattisgarh,Bilaspur,732,19
Chhattisgarh,Dhamtari,7,2
Chhattisgarh,Durg,506,2
Chhattisgarh,Gariyaband,1,0
Chhattisgarh,Janjgir Champa,1,0
Chhattisgarh,Jashpur,4,0
Chhattisgarh,Korba,7,0
Chhattisgarh,Mahasamund,72,2
Chhattisgarh,Mungeli,9,0
Chhattisgarh,Raigarh,1,4
Chhattisgarh,Raipur,6,1
Chhattisgarh,Rajnandgaon,5,0
Chhattisgarh,Surajpur,2,0
Chhattisgarh,Surguja,2,0
Daman and Diu,Daman,2,0
Delhi,Central Delhi,10,6
Delhi,East Delhi,26,4
Delhi,New Delhi,1,0
Delhi,North Delhi,1,1
Delhi,North East Delhi,16,2
Delhi,North West Delhi,48,6
Delhi,South Delhi,37,0
Delhi,South West Delhi,47,18
Delhi,West Delhi,14,6
Goa,North Goa,6,0
Goa,South Goa,1,0
Gujarat,Ahmedabad,349,54
Gujarat,Amreli,1,2
Gujarat,Anand,110,4
Gujarat,Banaskantha,57,0
Gujarat,Bharuch,1,2
Gujarat,Bhavnagar,208,2
Gujarat,Dahod,6,0
Gujarat,Gandhinagar,42,19
Gujarat,Jamnagar,29,0
Gujarat,Junagadh,183,0
Gujarat,Kachchh,698,7
Gujarat,Kheda,73,3
Gujarat,Mahesana,3,0
Gujarat,Narmada,1,0
Gujarat,Navsari,20,4
Gujarat,Panchmahal,5,1
Gujarat,Patan,1,0
Gujarat,Porbandar,3,0
Gujarat,Rajkot,62,9
Gujarat,Sabarkantha,154,19
Gujarat,Surat,1484,31
Gujarat,Surendranagar,84,8
Gujarat,Tapi,2,0
Gujarat,The Dangs,5,5
Gujarat,Vadodara,66,4
Gujarat,Valsad,431,16
Haryana,Ambala,14,2
Haryana,Bhiwani,26,5
Haryana,Faridabad,13,10
Haryana,Fatehabad,9,0
Haryana,Gurgaon,29,6
Haryana,Hisar,12,1
Haryana,Jhajjar,44,5
Haryana,Jind,10,2
Haryana,Kaithal,7,2
Haryana,Karnal,29,7
Haryana,Kurukshetra,2,1
Haryana,Mahendragarh,18,0
Haryana,Mewat,17,10
Haryana,Palwal,1,0
Haryana,Panchkula,1,1
Haryana,Panipat,20,2
Haryana,Rewari,7,0
Haryana,Rohtak,7,1
Haryana,Sirsa,13,2
Haryana,Sonipat,67,7
Haryana,Yamuna Nagar,10,0
Himachal Pradesh,Bilaspur,5,0
Himachal Pradesh,Chamba,6,4
Himachal Pradesh,Hamirpur,6,0
Himachal Pradesh,Kangra,26,1
Himachal Pradesh,Kinnaur,7,0
Himachal Pradesh,Kullu,4,1
Himachal Pradesh,Mandi,11,0
Himachal Pradesh,Shimla,41,3
Himachal Pradesh,Sirmaur,4,0
Himachal Pradesh,Solan,11,3
Himachal Pradesh,Una,1,1
Jammu and Kashmir,Anantnag,1,0
Jammu and Kashmir,Baramula,3,0
Jammu and Kashmir,Doda,97,2
Jammu and Kashmir,Jammu,379,7
Jammu and Kashmir,Kathua,2,0
Jammu and Kashmir,Pulwama,1,0
Jammu and Kashmir,Rajouri,1,0
Jammu and Kashmir,Reasi,1,1
Jammu and Kashmir,Udhampur,1,0
Jharkhand,Bokaro,8,2
Jharkhand,Chatra,3,0
Jharkhand,Deoghar,15,1
Jharkhand,Dhanbad,9,0
Jharkhand,Dumka,2,0
Jharkhand,East Singhbhum,2,0
Jharkhand,Garhwa,5,3
Jharkhand,Giridih,14,2
Jharkhand,Godda,41,2
Jharkhand,Gumla,8,2
Jharkhand,Hazaribagh,5,0
Jharkhand,Jamtara,3,0
Jharkhand,Khunti,8,0
Jharkhand,Koderma,7,6
Jharkhand,Latehar,3,0
Jharkhand,Pakur,27,4
Jharkhand,Palamu,10,1
Jharkhand,Ramgarh,1,0
Jharkhand,Ranchi,62,2
Jharkhand,Sahibganj,3,1
Jharkhand,Seraikela-Kharsawan,2,0
Jharkhand,Simdega,14,1
Jharkhand,West Singhbhum,14,0
Karnataka,Bagalkot,75,3
Karnataka,Bangalore,35,2
Karnataka,Belgaum,17,1
Karnataka,Bellary,25,0
Karnataka,Bidar,16,5
Karnataka,Bijapur,46,16
Karnataka,Chamarajanagar,73,7
Karnataka,Chikmagalur,58,1
Karnataka,Chitradurga,9,0
Karnataka,Dakshina Kannada,1,1
Karnataka,Davangere,266,24
Karnataka,Dharwad,4,6
Karnataka,Gadag,0,1
Karnataka,Gulbarga,27,5
Karnataka,Hassan,57,6
Karnataka,Haveri,87,1
Karnataka,Kodagu,2,0
Karnataka,Kolar,1,0
Karnataka,Koppal,15,0
Karnataka,Mandya,53,5
Karnataka,Mysore,3,0
Karnataka,Raichur,255,20
Karnataka,Ramanagar,1,2
Karnataka,Shimoga,5,0
Karnataka,Uttara Kannada,2,0
Karnataka,Yadgir,4,2
Kerala,Alappuzha,6,1
Kerala,Ernakulam,13,1
Kerala,Idukki,2,2
Kerala,Kannur,14,0
Kerala,Kasaragod,13,1
Kerala,Kollam,19,1
Kerala,Kottayam,10,0
Kerala,Kozhikode,25,0
Kerala,Malappuram,27,0
Kerala,Palakkad,11,0
Kerala,Pathanamthitta,7,0
Kerala,Thiruvananthapuram,16,1
Kerala,Thrissur,9,0
Kerala,Wayanad,1,0
Lakshadweep,Lakshadweep,0,1
Madhya Pradesh,Alirajpur,1,0
Madhya Pradesh,Ashok Nagar,39,4
Madhya Pradesh,Balaghat,13,2
Madhya Pradesh,Barwani,73,2
Madhya Pradesh,Betul,5,2
Madhya Pradesh,Bhind,75,3
Madhya Pradesh,Bhopal,65,6
Madhya Pradesh,Chhatarpur,8,3
Madhya Pradesh,Chhindwara,61,3
Madhya Pradesh,Damoh,65,5
Madhya Pradesh,Datia,38,2
Madhya Pradesh,Dewas,87,8
Madhya Pradesh,Dhar,21,3
Madhya Pradesh,Dindori,5,1
Madhya Pradesh,Guna,52,3
Madhya Pradesh,Gwalior,39,0
Madhya Pradesh,Hoshangabad,2,0
Madhya Pradesh,Indore,12,3
Madhya Pradesh,Jabalpur,7,1
Madhya Pradesh,Jhabua,28,0
Madhya Pradesh,Katni,9,2
Madhya Pradesh,Khandwa,6,1
Madhya Pradesh,Khargone,43,6
Madhya Pradesh,Mandla,63,9
Madhya Pradesh,Mandsaur,40,2
Madhya Pradesh,Morena,50,0
Madhya Pradesh,Narsinghpur,8,0
Madhya Pradesh,Neemuch,15,0
Madhya Pradesh,Panna,17,1
Madhya Pradesh,Raisen,31,6
Madhya Pradesh,Rajgarh,656,17
Madhya Pradesh,Ratlam,110,15
Madhya Pradesh,Rewa,18,3
Madhya Pradesh,Sagar,22,3
Madhya Pradesh,Satna,11,2
Madhya Pradesh,Sehore,44,1
Madhya Pradesh,Seoni,35,10
Madhya Pradesh,Shahdol,19,11
Madhya Pradesh,Shajapur,11,2
Madhya Pradesh,Sheopur,2,37
Madhya Pradesh,Shivpuri,271,23
Madhya Pradesh,Sidhi,9,1
Madhya Pradesh,Singrauli,28,4
Madhya Pradesh,Tikamgarh,21,2
Madhya Pradesh,Ujjain,61,6
Madhya Pradesh,Umaria,2,0
Madhya Pradesh,Vidisha,86,9
Maharashtra,Ahmednagar,12,1
Maharashtra,Akola,13,2
Maharashtra,Amravati,18,0
Maharashtra,Aurangabad,13,2
Maharashtra,Beed,23,0
Maharashtra,Bhandara,3,0
Maharashtra,Buldhana,42,9
Maharashtra,Chandrapur,18,2
Maharashtra,Dhule,35,0
Maharashtra,Gadchiroli,6,8
Maharashtra,Gondia,0,2
Maharashtra,Hingoli,28,0
Maharashtra,Jalgaon,7,0
Maharashtra,Jalna,24,3
Maharashtra,Kolhapur,30,1
Maharashtra,Latur,8,0
Maharashtra,Mumbai,78,4
Maharashtra,Nagpur,1,1
Maharashtra,Nanded,40,0
Maharashtra,Nashik,32,7
Maharashtra,Osmanabad,24,0
Maharashtra,Parbhani,40,2
Maharashtra,Pune,39,3
Maharashtra,Raigad,75,1
Maharashtra,Ratnagiri,63,1
Maharashtra,Sangli,20,2
Maharashtra,Satara,22,1
Maharashtra,Sindhudurg,22,0
Maharashtra,Solapur,105,7
Maharashtra,Thane,59,2
Maharashtra,Wardha,6,0
Maharashtra,Washim,40,1
Maharashtra,Yavatmal,73,0
Manipur,Bishnupur,1,0
Manipur,Churachandpur,1,0
Manipur,Imphal West,1,0
Manipur,Senapati,1,0
Manipur,Thoubal,3,0
Manipur,Ukhrul,2,0
Meghalaya,East Khasi Hills,4,0
Mizoram,Aizawl,2,0
Mizoram,Lunglei,252,0
Mizoram,Saiha,1,0
Nagaland,Dimapur,1,0
Nagaland,Kohima,1,1
Nagaland,Peren,1,0
Odisha,Angul,1,0
Odisha,Balangir,12,0
Odisha,Baleswar,0,1
Odisha,Bargarh,1,0
Odisha,Boudh,1,0
Odisha,Cuttack,20,14
Odisha,Dhenkanal,1,0
Odisha,Ganjam,8,0
Odisha,Jajapur,3,0
Odisha,Kendrapara,5,4
Odisha,Kendujhar,2,0
Odisha,Khorda,15,0
Odisha,Malkangiri,66,1
Odisha,Puri,76,35
Odisha,Sundergarh,1,0
Others,Others,0,19
Puducherry,Karaikal,3,0
Puducherry,Puducherry,1,0
Punjab,Amritsar,31,0
Punjab,Barnala,11,0
Punjab,Bathinda,22,1
Punjab,Faridkot,8,2
Punjab,Fatehgarh Sahib,12,1
Punjab,Fazilka,26,4
Punjab,Firozpur,44,3
Punjab,Gurdaspur,33,6
Punjab,Hoshiarpur,32,1
Punjab,Jalandhar,26,1
Punjab,Kapurthala,9,0
Punjab,Ludhiana,54,11
Punjab,Mansa,15,2
Punjab,Moga,82,4
Punjab,Pathankot,14,2
Punjab,Patiala,23,4
Punjab,Rupnagar,10,1
Punjab,SAS Nagar (Mohali),14,2
Punjab,Sangrur,3,1
Punjab,Shaheed Bhagat Singh Nagar,8,0
Punjab,Sri Muktsar Sahib,31,5
Punjab,Tarn Taran,18,5
Rajasthan,Ajmer,30,1
Rajasthan,Alwar,26,1
Rajasthan,Banswara,97,20
Rajasthan,Baran,32,3
Rajasthan,Barmer,13,9
Rajasthan,Bharatpur,24,1
Rajasthan,Bhilwara,23,1
Rajasthan,Bikaner,24,8
Rajasthan,Bundi,10,0
Rajasthan,Chittorgarh,17,3
Rajasthan,Churu,3,0
Rajasthan,Dausa,1,0
Rajasthan,Dholpur,18,1
Rajasthan,Dungarpur,152,4
Rajasthan,Ganganagar,12,2
Rajasthan,Hanumangarh,7,0
Rajasthan,Jaipur,40,8
Rajasthan,Jaisalmer,18,1
Rajasthan,Jalor,0,2
Rajasthan,Jhalawar,15,0
Rajasthan,Jhunjhunu,41,1
Rajasthan,Jodhpur,165,19
Rajasthan,Karauli,41,0
Rajasthan,Kota,15,0
Rajasthan,Nagaur,78,8
Rajasthan,Pali,24,5
Rajasthan,Pratapgarh,0,1
Rajasthan,Rajsamand,1,0
Rajasthan,Sawai Madhopur,24,0
Rajasthan,Sikar,12,1
Rajasthan,Sirohi,1,1
Rajasthan,Tonk,73,5
Rajasthan,Udaipur,10,5
Sikkim,East Sikkim,6,0
Sikkim,North Sikkim,10,0
Sikkim,South Sikkim,1,0
Sikkim,West Sikkim,9,0
Tamil Nadu,Chennai,73,0
Tamil Nadu,Coimbatore,1069,5
Tamil Nadu,Cuddalore,26,0
Tamil Nadu,Dindigul,2,0
Tamil Nadu,Erode,13,1
Tamil Nadu,Kancheepuram,10,0
Tamil Nadu,Kanyakumari,3,0
Tamil Nadu,Krishnagiri,4,0
Tamil Nadu,Madurai,2,0
Tamil Nadu,Nagapattinam,1,0
Tamil Nadu,Perambalur,14,0
Tamil Nadu,Salem,2,0
Tamil Nadu,Sivaganga,3,0
Tamil Nadu,The Nilgiris,1,0
Tamil Nadu,Theni,2,0
Tamil Nadu,Thoothukudi,3,1
Tamil Nadu,Tiruchirappalli,1,0
Tamil Nadu,Tirunelveli,2,0
Tamil Nadu,Tirupur,10,0
Tamil Nadu,Tiruvallur,13,0
Tamil Nadu,Tiruvannamalai,1,0
Tamil Nadu,Vellore,2,0
Tamil Nadu,Viluppuram,3,1
Tamil Nadu,Virudhunagar,1,0
Tripura,Dhalai,2,0
Tripura,Gomati,5,0
Tripura,Sepahijala,2,1
Tripura,South Tripura,4,0
Tripura,Unakoti,1,0
Tripura,West Tripura,3,0
Uttar Pradesh,Agra,496,24
Uttar Pradesh,Aligarh,734,24
Uttar Pradesh,Allahabad,503,8
Uttar Pradesh,Ambedkar Nagar,192,0
Uttar Pradesh,Amethi,4,1
Uttar Pradesh,Amroha,185,8
Uttar Pradesh,Auraiya,7,1
Uttar Pradesh,Azamgarh,14,1
Uttar Pradesh,Baghpat,11,0
Uttar Pradesh,Bahraich,404,8
Uttar Pradesh,Ballia,32,3
Uttar Pradesh,Balrampur,794,9
Uttar Pradesh,Banda,25,1
Uttar Pradesh,Barabanki,14,1
Uttar Pradesh,Bareilly,17,8
Uttar Pradesh,Basti,19,0
Uttar Pradesh,Bijnor,1072,37
Uttar Pradesh,Budaun,5,1
Uttar Pradesh,Bulandshahr,328,30
Uttar Pradesh,Chandauli,144,1
Uttar Pradesh,Chitrakoot,1,2
Uttar Pradesh,Deoria,127,6
Uttar Pradesh,Etah,16,3
Uttar Pradesh,Etawah,102,0
Uttar Pradesh,Faizabad,42,3
Uttar Pradesh,Farrukhabad,6,0
Uttar Pradesh,Fatehpur,50,2
Uttar Pradesh,Firozabad,10,0
Uttar Pradesh,Gautam Buddha Nagar,576,20
Uttar Pradesh,Ghaziabad,629,19
Uttar Pradesh,Ghazipur,148,7
Uttar Pradesh,Gonda,121,2
Uttar Pradesh,Gorakhpur,105,3
Uttar Pradesh,Hamirpur,19,0
Uttar Pradesh,Hapur,0,4
Uttar Pradesh,Hardoi,47,1
Uttar Pradesh,Hathras,367,18
Uttar Pradesh,Jalaun,241,6
Uttar Pradesh,Jaunpur,36,4
Uttar Pradesh,Jhansi,7,1
Uttar Pradesh,Kannauj,44,1
Uttar Pradesh,Kanpur Dehat,283,9
Uttar Pradesh,Kanpur Nagar,175,9
Uttar Pradesh,Kasganj,5,1
Uttar Pradesh,Kaushambi,6,0
Uttar Pradesh,Kheri,8,1
Uttar Pradesh,Kushinagar,9,1
Uttar Pradesh,Lalitpur,34,8
Uttar Pradesh,Lucknow,757,89
Uttar Pradesh,Maharajganj,7,0
Uttar Pradesh,Mahoba,97,10
Uttar Pradesh,Mainpuri,231,7
Uttar Pradesh,Mathura,216,4
Uttar Pradesh,Mau,55,5
Uttar Pradesh,Meerut,1223,13
Uttar Pradesh,Mirzapur,47,3
Uttar Pradesh,Moradabad,172,2
Uttar Pradesh,Muzaffarnagar,13,9
Uttar Pradesh,Pilibhit,12,0
Uttar Pradesh,Pratapgarh,63,3
Uttar Pradesh,Raebareli,13,0
Uttar Pradesh,Rampur,2,0
Uttar Pradesh,Saharanpur,746,15
Uttar Pradesh,Sambhal,34,2
Uttar Pradesh,Sant Kabir Nagar,46,4
Uttar Pradesh,Sant Ravidas Nagar,13,0
Uttar Pradesh,Shahjahanpur,6,0
Uttar Pradesh,Shamli,33,2
Uttar Pradesh,Shrawasti,2,0
Uttar Pradesh,Siddharthnagar,11,7
Uttar Pradesh,Sitapur,63,48
Uttar Pradesh,Sonbhadra,28,2
Uttar Pradesh,Sultanpur,10,0
Uttar Pradesh,Unnao,16,3
Uttar Pradesh,Varanasi,308,2
Uttarakhand,Almora,77,0
Uttarakhand,Bageshwar,8,0
Uttarakhand,Chamoli,3,0
Uttarakhand,Champawat,3,0
Uttarakhand,Dehradun,19,3
Uttarakhand,Haridwar,835,13
Uttarakhand,Nainital,5,0
Uttarakhand,Pauri Garhwal,22,0
Uttarakhand,Pithoragarh,10,0
Uttarakhand,Rudraprayag,1,0
Uttarakhand,Tehri Garhwal,4,0
Uttarakhand,Udham Singh Nagar,13,0
West Bengal,Bankura,19,0
West Bengal,Bardhaman,1863,10
West Bengal,Birbhum,746,14
West Bengal,Cooch Behar,51,0
West Bengal,Darjeeling,2658,12
West Bengal,East Midnapore,140,18
West Bengal,Hooghly,7,0
West Bengal,Howrah,3,0
West Bengal,Jalpaiguri,1758,566
West Bengal,Kolkata,63,0
West Bengal,Malda,19,1
West Bengal,Murshidabad,62,2
West Bengal,Nadia,430,6
West Bengal,North 24 Parganas,3014,88
West Bengal,North Dinajpur,9,0
West Bengal,Purulia,8,7
West Bengal,South 24 Parganas,138,7
West Bengal,South Dinajpur,4,0
West Bengal,West Midnapore,12,1
