State,District,Aadhaar generated,Enrolment Rejected
Andhra Pradesh,Adilabad,14,40
Andhra Pradesh,Ananthapur,13,36
Andhra Pradesh,Chittoor,20,150
Andhra Pradesh,Cuddapah,48,21
Andhra Pradesh,East Godavari,14,73
Andhra Pradesh,Guntur,12,455
Andhra Pradesh,Hyderabad,91,65
Andhra Pradesh,Karimnagar,56,247
Andhra Pradesh,Khammam,12,81
Andhra Pradesh,Krishna,15,3
Andhra Pradesh,Kurnool,21,4354
Andhra Pradesh,Mahbubnagar,129,800
Andhra Pradesh,Medak,36,75
Andhra Pradesh,Nalgonda,30,191
Andhra Pradesh,Nellore,9,81
Andhra Pradesh,Nizamabad,19,492
Andhra Pradesh,Prakasam,36,51
Andhra Pradesh,Ranga Reddy,85,159
Andhra Pradesh,Srikakulam,17,364
Andhra Pradesh,Visakhapatnam,34,3425
Andhra Pradesh,Vizianagaram,1279,3160
Andhra Pradesh,Warangal,23,313
Andhra Pradesh,West Godavari,33,152
Assam,Barpeta,2,0
Assam,Cachar,0,1
Assam,Hailakandi,0,1
Assam,Jorhat,6,0
Assam,Kamrup,1,0
Assam,Kamrup Metro,4,0
Assam,Nagaon,1,1
Assam,Nalbari,1,0
Assam,Tinsukia,3,0
Bihar,Araria,17,70
Bihar,Arwal,14,2
Bihar,Aurangabad,32,30
Bihar,Banka,14,39
Bihar,Begusarai,11,45
Bihar,Bhagalpur,18,39
Bihar,Bhojpur,13,5
Bihar,Buxar,6,2
Bihar,Darbhanga,63,593
Bihar,East Champaran,69,31
Bihar,Gaya,37,66
Bihar,Gopalganj,292,271
Bihar,Jamui,96,9
Bihar,Jehanabad,1,2
Bihar,Kaimur (Bhabua),4,2
Bihar,Katihar,71,518
Bihar,Khagaria,7,55
Bihar,Kishanganj,11,136
Bihar,Lakhisarai,6,18
Bihar,Madhepura,2,6
Bihar,Madhubani,107,240
Bihar,Munger,34,11
Bihar,Muzaffarpur,196,53
Bihar,Nalanda,179,831
Bihar,Nawada,33,9
Bihar,Patna,504,905
Bihar,Purnia,14,94
Bihar,Rohtas,14,5
Bihar,Saharsa,21,10
Bihar,Samastipur,9,13
Bihar,Saran,224,21
Bihar,Sheikhpura,14,11
Bihar,Sheohar,21,150
Bihar,Sitamarhi,19,16
Bihar,Siwan,38,6
Bihar,Supaul,5,15
Bihar,Vaishali,29,11
Bihar,West Champaran,16,24
Chandigarh,Chandigarh,24,1
Chhattisgarh,Balod,3,10
Chhattisgarh,Baloda Bazar,1,9
Chhattisgarh,Bastar,5,0
Chhattisgarh,Bemetara,0,20
Chhattisgarh,Bilaspur,193,15
Chhattisgarh,Dhamtari,6,4
Chhattisgarh,Durg,542,98
Chhattisgarh,Gariyaband,0,64
Chhattisgarh,Janjgir Champa,65,22
Chhattisgarh,Jashpur,0,1
Chhattisgarh,Korba,57,8
Chhattisgarh,Koriya,6,34
Chhattisgarh,Mahasamund,0,13
Chhattisgarh,Mungeli,12,1
Chhattisgarh,Raigarh,0,4
Chhattisgarh,Raipur,147,46
Chhattisgarh,Rajnandgaon,7,2
Chhattisgarh,Surajpur,14,199
Chhattisgarh,Surguja,0,1
Dadra and Nagar Haveli,Dadra and Nagar Haveli,3,7
Daman and Diu,Daman,0,8
Delhi,Central Delhi,33,34
Delhi,East Delhi,87,203
Delhi,New Delhi,2,12
Delhi,North Delhi,22,111
Delhi,North East,1,0
Delhi,North East Delhi,57,183
Delhi,North West Delhi,405,150
Delhi,South Delhi,54,117
Delhi,South West Delhi,100,22
Delhi,West Delhi,306,74
Goa,North Goa,1,0
Goa,South Goa,1,1
Gujarat,Ahmedabad,116,471
Gujarat,Amreli,20,37
Gujarat,Anand,44,111
Gujarat,Banaskantha,309,35
Gujarat,Bharuch,68,119
Gujarat,Bhavnagar,116,154
Gujarat,Dahod,35,105
Gujarat,Gandhinagar,8,21
Gujarat,Jamnagar,14,57
Gujarat,Junagadh,41,35
Gujarat,Kachchh,13,5
Gujarat,Kheda,450,90
Gujarat,Mahesana,16,53
Gujarat,Narmada,0,45
Gujarat,Navsari,15,224
Gujarat,Panchmahal,8,168
Gujarat,Patan,22,30
Gujarat,Porbandar,3,7
Gujarat,Rajkot,97,52
Gujarat,Sabarkantha,2119,98
Gujarat,Surat,144,1371
Gujarat,Surendranagar,100,35
Gujarat,Tapi,7,24
Gujarat,The Dangs,40,7
Gujarat,Vadodara,137,192
Gujarat,Valsad,358,228
Haryana,Ambala,38,34
Haryana,Bhiwani,77,48
Haryana,Faridabad,48,101
Haryana,Fatehabad,28,48
Haryana,Gurgaon,27,28
Haryana,Hisar,60,80
Haryana,Jhajjar,54,30
Haryana,Jind,53,44
Haryana,Kaithal,10,6
Haryana,Karnal,17,40
Haryana,Kurukshetra,19,117
Haryana,Mahendragarh,26,5
Haryana,Mewat,58,265
Haryana,Palwal,7,31
Haryana,Panchkula,11,3
Haryana,Panipat,46,86
Haryana,Rewari,20,25
Haryana,Rohtak,14,32
Haryana,Sirsa,33,56
Haryana,Sonipat,18,21
Haryana,Yamuna Nagar,42,95
Himachal Pradesh,Bilaspur,3,1
Himachal Pradesh,Chamba,2,1
Himachal Pradesh,Hamirpur,4,7
Himachal Pradesh,Kangra,24,57
Himachal Pradesh,Kinnaur,4,0
Himachal Pradesh,Kullu,4,2
Himachal Pradesh,Lahul and Spiti,1,0
Himachal Pradesh,Mandi,5,4
Himachal Pradesh,Shimla,11,63
Himachal Pradesh,Sirmaur,2,1
Himachal Pradesh,Solan,3,6
Himachal Pradesh,Una,1,2
Jammu and Kashmir,Anantnag,15,0
Jammu and Kashmir,Badgam,1,0
Jammu and Kashmir,Bandipore,4,0
Jammu and Kashmir,Baramula,8,3
Jammu and Kashmir,Doda,1,0
Jammu and Kashmir,Jammu,43,2
Jammu and Kashmir,Kargil,5,0
Jammu and Kashmir,Kathua,195,1
Jammu and Kashmir,Kupwara,24,0
Jammu and Kashmir,Leh,6,0
Jammu and Kashmir,Pulwama,7,0
Jammu and Kashmir,Rajouri,0,2
Jammu and Kashmir,Srinagar,1,1
Jammu and Kashmir,Udhampur,1,0
Jharkhand,Bokaro,4,24
Jharkhand,Chatra,10,592
Jharkhand,Deoghar,24,17
Jharkhand,Dhanbad,44,59
Jharkhand,Dumka,15,51
Jharkhand,East Singhbhum,28,18
Jharkhand,Garhwa,5,48
Jharkhand,Giridih,43,77
Jharkhand,Godda,6,63
Jharkhand,Gumla,4,21
Jharkhand,Hazaribagh,6,17
Jharkhand,Jamtara,17,13
Jharkhand,Khunti,4,0
Jharkhand,Koderma,8,90
Jharkhand,Latehar,19,225
Jharkhand,Lohardaga,1,9
Jharkhand,Pakur,40,64
Jharkhand,Palamu,12,389
Jharkhand,Ramgarh,4,18
Jharkhand,Ranchi,23,12
Jharkhand,Sahibganj,15,30
Jharkhand,Seraikela-Kharsawan,4,8
Jharkhand,Simdega,4,11
Jharkhand,West Singhbhum,9,66
Karnataka,Bagalkot,2,275
Karnataka,Bangalore,178,159
Karnataka,Bangalore Rural,7,3
Karnataka,Belgaum,20,594
Karnataka,Bellary,26,891
Karnataka,Bidar,28,1955
Karnataka,Bijapur,44,160
Karnataka,Chamarajanagar,87,964
Karnataka,Chikkaballapur,14,611
Karnataka,Chikmagalur,13,91
Karnataka,Chitradurga,196,50
Karnataka,Dakshina Kannada,57,570
Karnataka,Davangere,31,534
Karnataka,Dharwad,3,4
Karnataka,Gadag,3,2
Karnataka,Gulbarga,80,734
Karnataka,Hassan,48,71
Karnataka,Haveri,16,1
Karnataka,Kodagu,4,8
Karnataka,Kolar,65,24
Karnataka,Koppal,16,46
Karnataka,Mandya,28,248
Karnataka,Mysore,4,11
Karnataka,Raichur,44,233
Karnataka,Ramanagar,53,69
Karnataka,Shimoga,9,100
Karnataka,Tumkur,14,1
Karnataka,Udupi,7,8
Karnataka,Uttara Kannada,10,55
Karnataka,Yadgir,26,599
Kerala,Alappuzha,120,2
Kerala,Ernakulam,129,1
Kerala,Idukki,39,0
Kerala,Kannur,124,20
Kerala,Kasaragod,31,0
Kerala,Kollam,65,1
Kerala,Kottayam,160,12
Kerala,Kozhikode,111,2
Kerala,Malappuram,86,0
Kerala,Palakkad,105,5
Kerala,Pathanamthitta,23,0
Kerala,Thiruvananthapuram,85,0
Kerala,Thrissur,124,7
Kerala,Wayanad,21,0
Lakshadweep,Lakshadweep,4,0
Madhya Pradesh,Alirajpur,4,15
Madhya Pradesh,Anuppur,19,36
Madhya Pradesh,Ashok Nagar,156,93
Madhya Pradesh,Balaghat,141,50
Madhya Pradesh,Barwani,47,57
Madhya Pradesh,Betul,431,67
Madhya Pradesh,Bhind,58,45
Madhya Pradesh,Bhopal,28,27
Madhya Pradesh,Burhanpur,3,4
Madhya Pradesh,Chhatarpur,144,116
Madhya Pradesh,Chhindwara,162,261
Madhya Pradesh,Damoh,162,19
Madhya Pradesh,Datia,309,53
Madhya Pradesh,Dewas,109,11
Madhya Pradesh,Dhar,104,36
Madhya Pradesh,Dindori,88,106
Madhya Pradesh,Guna,36,123
Madhya Pradesh,Gwalior,16,325
Madhya Pradesh,Harda,4,1
Madhya Pradesh,Hoshangabad,7,1
Madhya Pradesh,Indore,88,21
Madhya Pradesh,Jabalpur,49,3
Madhya Pradesh,Jhabua,4,28
Madhya Pradesh,Katni,22,15
Madhya Pradesh,Khandwa,2,4
Madhya Pradesh,Khargone,944,45
Madhya Pradesh,Mandla,329,96
Madhya Pradesh,Mandsaur,25,13
Madhya Pradesh,Morena,22,25
Madhya Pradesh,Narsinghpur,28,40
Madhya Pradesh,Neemuch,24,3
Madhya Pradesh,Panna,119,28
Madhya Pradesh,Raisen,119,46
Madhya Pradesh,Rajgarh,59,104
Madhya Pradesh,Ratlam,73,53
Madhya Pradesh,Rewa,19,69
Madhya Pradesh,Sagar,93,43
Madhya Pradesh,Satna,17,64
Madhya Pradesh,Sehore,118,136
Madhya Pradesh,Seoni,23,29
Madhya Pradesh,Shahdol,52,12
Madhya Pradesh,Shajapur,5,209
Madhya Pradesh,Sheopur,79,38
Madhya Pradesh,Shivpuri,504,143
Madhya Pradesh,Sidhi,39,21
Madhya Pradesh,Singrauli,182,52
Madhya Pradesh,Tikamgarh,186,94
Madhya Pradesh,Ujjain,298,108
Madhya Pradesh,Umaria,25,18
Madhya Pradesh,Vidisha,11,54
Maharashtra,Ahmednagar,125,122
Maharashtra,Akola,21,167
Maharashtra,Amravati,25,140
Maharashtra,Aurangabad,70,182
Maharashtra,Beed,81,226
Maharashtra,Bhandara,13,126
Maharashtra,Buldhana,66,168
Maharashtra,Chandrapur,16,63
Maharashtra,Dhule,18,49
Maharashtra,Gadchiroli,15,35
Maharashtra,Gondia,6,25
Maharashtra,Hingoli,123,182
Maharashtra,Jalgaon,40,115
Maharashtra,Jalna,195,268
Maharashtra,Kolhapur,46,42
Maharashtra,Latur,24,19
Maharashtra,Mumbai,174,101
Maharashtra,Nagpur,31,284
Maharashtra,Nanded,63,612
Maharashtra,Nandurbar,7,26
Maharashtra,Nashik,42,146
Maharashtra,Osmanabad,25,110
Maharashtra,Parbhani,157,266
Maharashtra,Pune,67,185
Maharashtra,Raigad,74,123
Maharashtra,Ratnagiri,53,52
Maharashtra,Sangli,75,72
Maharashtra,Satara,157,157
Maharashtra,Sindhudurg,8,27
Maharashtra,Solapur,159,624
Maharashtra,Thane,311,192
Maharashtra,Wardha,1,11
Maharashtra,Washim,210,417
Maharashtra,Yavatmal,226,320
Manipur,Imphal East,2,1
Manipur,Imphal West,1,0
Nagaland,Kohima,1,0
Nagaland,Mon,4,0
Odisha,Angul,1,1
Odisha,Anugul,15,0
Odisha,Balangir,3,263
Odisha,Baleswar,7,13
Odisha,Bargarh,0,34
Odisha,Baudh,0,4
Odisha,Bhadrak,12,24
Odisha,Boudh,1,626
Odisha,Cuttack,9,55
Odisha,Debagarh,3,81
Odisha,Dhenkanal,18,0
Odisha,Gajapati,31,1129
Odisha,Ganjam,12,67
Odisha,Jagatsinghapur,20,4
Odisha,Jajapur,18,206
Odisha,Jharsuguda,8,0
Odisha,Kalahandi,6,459
Odisha,Kandhamal,2,17
Odisha,Kendrapara,25,4
Odisha,Kendujhar,1,5
Odisha,Khorda,26,1565
Odisha,Khordha,0,9
Odisha,Koraput,4,58
Odisha,Mayurbhanj,24,351
Odisha,Nabarangapur,90,17
Odisha,Nayagarh,24,8
Odisha,Nuapada,188,716
Odisha,Puri,48,0
Odisha,Rayagada,2,93
Odisha,Sambalpur,1,4
Odisha,Sonapur,0,1
Odisha,Sundergarh,17,44
Others,Others,0,5
Puducherry,Karaikal,1,0
Puducherry,Puducherry,2,0
Punjab,Amritsar,98,51
Punjab,Barnala,15,14
Punjab,Bathinda,18,11
Punjab,Faridkot,14,18
Punjab,Fatehgarh Sahib,3,5
Punjab,Fazilka,8,30
Punjab,Firozpur,17,7
Punjab,Gurdaspur,75,104
Punjab,Hoshiarpur,42,6
Punjab,Jalandhar,31,121
Punjab,Kapurthala,10,14
Punjab,Ludhiana,190,245
Punjab,Mansa,31,123
Punjab,Moga,41,5
Punjab,Pathankot,9,20
Punjab,Patiala,66,81
Punjab,Rupnagar,18,16
Punjab,SAS Nagar (Mohali),22,2
Punjab,Sangrur,38,55
Punjab,Shaheed Bhagat Singh Nagar,10,11
Punjab,Sri Muktsar Sahib,14,5
Punjab,Tarn Taran,48,15
Rajasthan,Ajmer,18,21
Rajasthan,Alwar,37,123
Rajasthan,Banswara,34,170
Rajasthan,Baran,40,78
Rajasthan,Barmer,47,66
Rajasthan,Bharatpur,102,25
Rajasthan,Bhilwara,39,18
Rajasthan,Bikaner,12,12
Rajasthan,Bundi,42,214
Rajasthan,Chittorgarh,69,52
Rajasthan,Churu,19,2
Rajasthan,Dausa,6,13
Rajasthan,Dholpur,8,61
Rajasthan,Dungarpur,50,47
Rajasthan,Ganganagar,33,64
Rajasthan,Hanumangarh,95,206
Rajasthan,Jaipur,54,133
Rajasthan,Jaisalmer,65,47
Rajasthan,Jalor,3,46
Rajasthan,Jhalawar,165,150
Rajasthan,Jhunjhunu,24,94
Rajasthan,Jodhpur,144,121
Rajasthan,Karauli,13,12
Rajasthan,Kota,18,186
Rajasthan,Nagaur,173,194
Rajasthan,Pali,25,39
Rajasthan,Pratapgarh,17,17
Rajasthan,Rajsamand,10,3
Rajasthan,Sawai Madhopur,9,48
Rajasthan,Sikar,20,147
Rajasthan,Sirohi,2,1
Rajasthan,Tonk,280,50
Rajasthan,Udaipur,54,132
Sikkim,East Sikkim,14,1
Sikkim,North Sikkim,0,2
Sikkim,South Sikkim,3,0
Sikkim,West Sikkim,1,0
Tamil Nadu,Ariyalur,10,0
Tamil Nadu,Chennai,205,570
Tamil Nadu,Coimbatore,82,302
Tamil Nadu,Cuddalore,3,42
Tamil Nadu,Dharmapuri,30,0
Tamil Nadu,Dindigul,10,3
Tamil Nadu,Erode,11,108
Tamil Nadu,Kancheepuram,34,30
Tamil Nadu,Kanyakumari,27,3
Tamil Nadu,Karur,3,0
Tamil Nadu,Krishnagiri,21,10
Tamil Nadu,Madurai,74,0
Tamil Nadu,Nagapattinam,25,1
Tamil Nadu,Namakkal,30,4
Tamil Nadu,Perambalur,0,30
Tamil Nadu,Pudukkottai,1,3
Tamil Nadu,Ramanathapuram,2,28
Tamil Nadu,Salem,42,2
Tamil Nadu,Sivaganga,5,3
Tamil Nadu,Thanjavur,89,33
Tamil Nadu,The Nilgiris,10,6
Tamil Nadu,Theni,6,1
Tamil Nadu,Thiruvarur,44,0
Tamil Nadu,Thoothukudi,3,36
Tamil Nadu,Tiruchirappalli,104,1
Tamil Nadu,Tirunelveli,51,85
Tamil Nadu,Tirupur,26,204
Tamil Nadu,Tiruvallur,15,234
Tamil Nadu,Tiruvannamalai,37,101
Tamil Nadu,Vellore,33,111
Tamil Nadu,Viluppuram,32,21
Tamil Nadu,Virudhunagar,4,53
Tripura,Gomati,24,0
Tripura,North Tripura,0,1
Tripura,Sepahijala,21,4
Tripura,South Tripura,14,9
Tripura,West Tripura,5,0
Uttar Pradesh,Agra,215,407
Uttar Pradesh,Aligarh,269,246
Uttar Pradesh,Allahabad,3018,63
Uttar Pradesh,Ambedkar Nagar,251,16
Uttar Pradesh,Amethi,194,170
Uttar Pradesh,Amroha,27,47
Uttar Pradesh,Auraiya,2,4
Uttar Pradesh,Azamgarh,27,8
Uttar Pradesh,Baghpat,20,103
Uttar Pradesh,Bahraich,1,2
Uttar Pradesh,Ballia,40,15
Uttar Pradesh,Balrampur,417,481
Uttar Pradesh,Banda,142,616
Uttar Pradesh,Barabanki,168,7
Uttar Pradesh,Bareilly,757,347
Uttar Pradesh,Basti,47,8
Uttar Pradesh,Bijnor,1393,205
Uttar Pradesh,Budaun,12,7
Uttar Pradesh,Bulandshahr,29,159
Uttar Pradesh,Chandauli,10,191
Uttar Pradesh,Chitrakoot,36,33
Uttar Pradesh,Deoria,289,54
Uttar Pradesh,Etah,28,5
Uttar Pradesh,Etawah,23,51
Uttar Pradesh,Faizabad,17,7
Uttar Pradesh,Farrukhabad,4,14
Uttar Pradesh,Fatehpur,59,46
Uttar Pradesh,Firozabad,19,17
Uttar Pradesh,Gautam Buddha Nagar,319,162
Uttar Pradesh,Ghaziabad,630,196
Uttar Pradesh,Ghazipur,80,25
Uttar Pradesh,Gonda,17,58
Uttar Pradesh,Gorakhpur,218,163
Uttar Pradesh,Hamirpur,9,63
Uttar Pradesh,Hapur,1,21
Uttar Pradesh,Hardoi,4,11
Uttar Pradesh,Hathras,670,852
Uttar Pradesh,Jalaun,3,68
Uttar Pradesh,Jaunpur,120,105
Uttar Pradesh,Jhansi,3,150
Uttar Pradesh,Kannauj,51,146
Uttar Pradesh,Kanpur Dehat,6,8
Uttar Pradesh,Kanpur Nagar,213,127
Uttar Pradesh,Kasganj,123,192
Uttar Pradesh,Kaushambi,34,0
Uttar Pradesh,Kheri,35,172
Uttar Pradesh,Kushinagar,87,238
Uttar Pradesh,Lalitpur,37,77
Uttar Pradesh,Lucknow,160,1229
Uttar Pradesh,Maharajganj,15,11
Uttar Pradesh,Mahoba,39,455
Uttar Pradesh,Mainpuri,36,119
Uttar Pradesh,Mathura,61,31
Uttar Pradesh,Mau,726,8
Uttar Pradesh,Meerut,312,1604
Uttar Pradesh,Mirzapur,91,4
Uttar Pradesh,Moradabad,832,143
Uttar Pradesh,Muzaffarnagar,73,0
Uttar Pradesh,Pilibhit,292,48
Uttar Pradesh,Pratapgarh,147,538
Uttar Pradesh,Raebareli,103,116
Uttar Pradesh,Rampur,3,0
Uttar Pradesh,Saharanpur,41,23
Uttar Pradesh,Sambhal,3,2
Uttar Pradesh,Sant Kabir Nagar,103,486
Uttar Pradesh,Sant Ravidas Nagar,277,22
Uttar Pradesh,Shahjahanpur,2,4
Uttar Pradesh,Shamli,18,4
Uttar Pradesh,Shrawasti,20,8
Uttar Pradesh,Siddharthnagar,980,113
Uttar Pradesh,Sitapur,211,185
Uttar Pradesh,Sonbhadra,13,12
Uttar Pradesh,Sultanpur,8,7
Uttar Pradesh,Unnao,136,410
Uttar Pradesh,Varanasi,589,63
Uttarakhand,Almora,5,3
Uttarakhand,Bageshwar,3,1
Uttarakhand,Chamoli,4,1
Uttarakhand,Champawat,10,1
Uttarakhand,Dehradun,27,59
Uttarakhand,Haridwar,16,5
Uttarakhand,Nainital,2,102
Uttarakhand,Pauri Garhwal,3,2
Uttarakhand,Pithoragarh,7,0
Uttarakhand,Rudraprayag,1,1
Uttarakhand,Tehri Garhwal,12,29
Uttarakhand,Udham Singh Nagar,4,83
West Bengal,Bankura,52,30
West Bengal,Bardhaman,7704,370
West Bengal,Birbhum,4359,125
West Bengal,Cooch Behar,6,15
West Bengal,Darjeeling,2,7
West Bengal,East Midnapore,12246,415
West Bengal,Hooghly,441,3
West Bengal,Howrah,22,189
West Bengal,Jalpaiguri,73,39
West Bengal,Kolkata,38,7
West Bengal,Malda,27,351
West Bengal,Medinipur,1,110
West Bengal,Murshidabad,41,12
West Bengal,Nadia,1004,21
West Bengal,North 24 Parganas,3894,1032
West Bengal,North Dinajpur,9,45
West Bengal,Purulia,1240,616
West Bengal,South 24 Parganas,153,347
West Bengal,South Dinajpur,0,115
West Bengal,South Twenty Four Parganas,1,0
West Bengal,West Midnapore,409,58
