State,District,Aadhaar generated,Enrolment Rejected
Andaman and Nicobar Islands,South Andaman,6,0
Andhra Pradesh,Adilabad,377,15
Andhra Pradesh,Anantapur,4,0
Andhra Pradesh,Ananthapur,279,28
Andhra Pradesh,Chittoor,229,87
Andhra Pradesh,Cuddapah,303,11
Andhra Pradesh,East Godavari,204,8
Andhra Pradesh,Guntur,315,10
Andhra Pradesh,Hyderabad,518,48
Andhra Pradesh,Karimnagar,1062,9
Andhra Pradesh,Khammam,686,23
Andhra Pradesh,Krishna,231,14
Andhra Pradesh,Kurnool,2194,52
Andhra Pradesh,Mahbubnagar,1862,34
Andhra Pradesh,Medak,1027,27
Andhra Pradesh,Nalgonda,1061,19
Andhra Pradesh,Nellore,796,11
Andhra Pradesh,Nizamabad,837,34
Andhra Pradesh,Prakasam,571,24
Andhra Pradesh,Ranga Reddy,835,82
Andhra Pradesh,Srikakulam,131,9
Andhra Pradesh,Visakhapatnam,1449,33
Andhra Pradesh,Vizianagaram,1351,105
Andhra Pradesh,Warangal,1019,5
Andhra Pradesh,West Godavari,784,37
Arunachal Pradesh,Changlang,1,0
Arunachal Pradesh,East Siang,1,0
Arunachal Pradesh,Papum Pare,19,0
Arunachal Pradesh,West Kameng,8,0
Assam,Baksa,1,0
Assam,Barpeta,15,0
Assam,Bongaigaon,2,0
Assam,Cachar,6,0
Assam,Chirang,1,0
Assam,Dhemaji,4,0
Assam,Dhubri,4,0
Assam,Dibrugarh,2,0
Assam,Goalpara,6,0
Assam,Golaghat,10,0
Assam,Hailakandi,4,0
Assam,Jorhat,4,0
Assam,Kamrup,6,0
Assam,Karimganj,13,0
Assam,Kokrajhar,4,0
Assam,Lakhimpur,6,0
Assam,Marigaon,1,0
Assam,Nagaon,10,0
Assam,Nalbari,1,0
Assam,Sibsagar,1,0
Assam,Sonitpur,10,0
Assam,Tinsukia,1,0
Assam,Udalguri,4,0
Bihar,Araria,160,1
Bihar,Arwal,315,0
Bihar,Aurangabad,158,3
Bihar,Banka,119,16
Bihar,Begusarai,271,3
Bihar,Bhabua,1,0
Bihar,Bhagalpur,260,8
Bihar,Bhojpur,97,5
Bihar,Buxar,60,2
Bihar,Darbhanga,557,8
Bihar,East Champaran,319,2
Bihar,Gaya,207,7
Bihar,Gopalganj,796,33
Bihar,Jamui,182,3
Bihar,Jehanabad,66,2
Bihar,Kaimur (Bhabua),70,6
Bihar,Katihar,3936,81
Bihar,Khagaria,83,8
Bihar,Kishanganj,1821,22
Bihar,Lakhisarai,201,2
Bihar,Madhepura,20,1
Bihar,Madhubani,238,4
Bihar,Munger,518,4
Bihar,Muzaffarpur,928,8
Bihar,Nalanda,692,3
Bihar,Nawada,161,6
Bihar,Patna,2796,203
Bihar,Purnia,620,15
Bihar,Rohtas,278,0
Bihar,Saharsa,643,8
Bihar,Samastipur,618,12
Bihar,Saran,215,5
Bihar,Sheikhpura,176,1
Bihar,Sheohar,286,0
Bihar,Sitamarhi,169,11
Bihar,Siwan,475,59
Bihar,Supaul,321,56
Bihar,Vaishali,409,3
Bihar,West Champaran,197,5
Chandigarh,Chandigarh,138,6
Chhattisgarh,Balod,141,0
Chhattisgarh,Baloda Bazar,45,0
Chhattisgarh,Balrampur,1,0
Chhattisgarh,Bastar,59,0
Chhattisgarh,Bemetara,111,0
Chhattisgarh,Bilaspur,455,12
Chhattisgarh,Dhamtari,381,2
Chhattisgarh,Durg,2168,50
Chhattisgarh,Gariyaband,55,0
Chhattisgarh,Janjgir Champa,334,0
Chhattisgarh,Jashpur,51,0
Chhattisgarh,Kanker,1,0
Chhattisgarh,Kawardha,4,0
Chhattisgarh,Kondagaon,23,0
Chhattisgarh,Korba,470,1
Chhattisgarh,Koriya,360,0
Chhattisgarh,Mahasamund,651,6
Chhattisgarh,Mungeli,263,0
Chhattisgarh,Narayanpur,1,0
Chhattisgarh,Raigarh,172,0
Chhattisgarh,Raipur,498,14
Chhattisgarh,Rajnandgaon,117,0
Chhattisgarh,Surajpur,122,0
Chhattisgarh,Surguja,2,0
Dadra and Nagar Haveli,Dadra and Nagar Haveli,155,0
Daman and Diu,Daman,17,0
Daman and Diu,Diu,5,0
Delhi,Central Delhi,147,6
Delhi,East Delhi,467,32
Delhi,Najafgarh,9,0
Delhi,New Delhi,19,0
Delhi,North Delhi,138,4
Delhi,North East,94,0
Delhi,North East Delhi,401,17
Delhi,North West Delhi,837,33
Delhi,South Delhi,664,6
Delhi,South West Delhi,323,8
Delhi,West Delhi,518,17
Goa,North Goa,54,0
Goa,South Goa,60,1
Gujarat,Ahmedabad,3771,49
Gujarat,Amreli,758,1
Gujarat,Anand,906,9
Gujarat,Banaskantha,1498,13
Gujarat,Bharuch,860,3
Gujarat,Bhavnagar,1390,21
Gujarat,Dahod,1381,8
Gujarat,Gandhinagar,626,2
Gujarat,Jamnagar,862,13
Gujarat,Junagadh,2598,103
Gujarat,Kachchh,1611,12
Gujarat,Kheda,1060,4
Gujarat,Mahesana,1006,1
Gujarat,Narmada,257,1
Gujarat,Navsari,679,50
Gujarat,Panchmahal,2333,23
Gujarat,Patan,1001,11
Gujarat,Porbandar,150,1
Gujarat,Rajkot,1432,10
Gujarat,Sabarkantha,2157,42
Gujarat,Surat,4487,75
Gujarat,Surendranagar,1409,24
Gujarat,Tapi,417,0
Gujarat,The Dangs,242,3
Gujarat,Vadodara,3435,88
Gujarat,Valsad,1074,18
Haryana,Ambala,281,3
Haryana,Bhiwani,938,5
Haryana,Faridabad,957,9
Haryana,Fatehabad,553,1
Haryana,Gurgaon,508,6
Haryana,Hisar,936,14
Haryana,Jhajjar,408,1
Haryana,Jind,691,5
Haryana,Kaithal,459,4
Haryana,Karnal,650,7
Haryana,Kurukshetra,469,4
Haryana,Mahendragarh,480,10
Haryana,Mewat,1689,34
Haryana,Palwal,628,8
Haryana,Panchkula,242,0
Haryana,Panipat,647,11
Haryana,Rewari,450,0
Haryana,Rohtak,429,16
Haryana,Sirsa,650,7
Haryana,Sonipat,321,2
Haryana,Yamuna Nagar,761,15
Himachal Pradesh,Bilaspur,19,1
Himachal Pradesh,Chamba,104,1
Himachal Pradesh,Hamirpur,37,0
Himachal Pradesh,Kangra,228,3
Himachal Pradesh,Kinnaur,13,0
Himachal Pradesh,Kullu,57,0
Himachal Pradesh,Lahul and Spiti,2,0
Himachal Pradesh,Mandi,69,0
Himachal Pradesh,Shimla,158,1
Himachal Pradesh,Sirmaur,118,0
Himachal Pradesh,Solan,68,1
Himachal Pradesh,Una,36,4
Jammu and Kashmir,Anantnag,267,0
Jammu and Kashmir,Badgam,64,0
Jammu and Kashmir,Bandipore,67,0
Jammu and Kashmir,Baramula,140,0
Jammu and Kashmir,Doda,306,3
Jammu and Kashmir,Jammu,241,39
Jammu and Kashmir,Kargil,63,0
Jammu and Kashmir,Kathua,153,1
Jammu and Kashmir,Kupwara,107,0
Jammu and Kashmir,Leh,42,0
Jammu and Kashmir,Pulwama,80,0
Jammu and Kashmir,Punch,69,1
Jammu and Kashmir,Rajouri,4,0
Jammu and Kashmir,Reasi,95,0
Jammu and Kashmir,Srinagar,10,1
Jammu and Kashmir,Udhampur,37,0
Jharkhand,Bokaro,468,5
Jharkhand,Chatra,539,2
Jharkhand,Deoghar,592,5
Jharkhand,Dhanbad,829,7
Jharkhand,Dumka,457,3
Jharkhand,East Singhbhum,1136,11
Jharkhand,Garhwa,424,23
Jharkhand,Giridih,741,18
Jharkhand,Godda,515,12
Jharkhand,Gumla,450,6
Jharkhand,Hazaribag,7,0
Jharkhand,Hazaribagh,336,14
Jharkhand,Jamtara,386,1
Jharkhand,Khunti,183,2
Jharkhand,Koderma,301,9
Jharkhand,Latehar,633,7
Jharkhand,Lohardaga,184,2
Jharkhand,Pakur,574,17
Jharkhand,Palamu,611,14
Jharkhand,Ramgarh,173,4
Jharkhand,Ranchi,817,25
Jharkhand,Sahibganj,578,4
Jharkhand,Seraikela-Kharsawan,328,3
Jharkhand,Simdega,341,20
Jharkhand,West Singhbhum,988,2
Karnataka,Bagalkot,1080,9
Karnataka,Bangalore,2594,7
Karnataka,Bangalore Rural,397,3
Karnataka,Belgaum,2645,8
Karnataka,Bellary,1676,7
Karnataka,Bidar,550,39
Karnataka,Bijapur,1582,18
Karnataka,Bijapur(KAR),58,0
Karnataka,Chamarajanagar,587,57
Karnataka,Chikkaballapur,266,0
Karnataka,Chikmagalur,717,15
Karnataka,Chitradurga,896,10
Karnataka,Dakshina Kannada,810,4
Karnataka,Davangere,545,19
Karnataka,Dharwad,358,3
Karnataka,Gadag,255,1
Karnataka,Gulbarga,2545,129
Karnataka,Hassan,944,19
Karnataka,Haveri,655,115
Karnataka,Kodagu,157,7
Karnataka,Kolar,682,2
Karnataka,Koppal,574,8
Karnataka,Mandya,958,3
Karnataka,Mysore,99,10
Karnataka,Raichur,1124,61
Karnataka,Ramanagar,577,0
Karnataka,Shimoga,1451,0
Karnataka,Tumkur,126,2
Karnataka,Udupi,188,0
Karnataka,Uttara Kannada,394,0
Karnataka,Yadgir,454,2
Kerala,Alappuzha,272,1
Kerala,Ernakulam,383,8
Kerala,Idukki,157,5
Kerala,Kannur,432,21
Kerala,Kasaragod,257,3
Kerala,Kollam,347,7
Kerala,Kottayam,356,8
Kerala,Kozhikode,485,7
Kerala,Malappuram,1076,8
Kerala,Palakkad,455,4
Kerala,Pathanamthitta,101,5
Kerala,Thiruvananthapuram,441,7
Kerala,Thrissur,484,13
Kerala,Wayanad,80,2
Lakshadweep,Lakshadweep,3,0
Madhya Pradesh,Alirajpur,377,0
Madhya Pradesh,Anuppur,463,1
Madhya Pradesh,Ashok Nagar,169,5
Madhya Pradesh,Balaghat,1163,7
Madhya Pradesh,Barwani,1125,48
Madhya Pradesh,Betul,1536,18
Madhya Pradesh,Bhind,485,9
Madhya Pradesh,Bhopal,463,17
Madhya Pradesh,Burhanpur,122,1
Madhya Pradesh,Chhatarpur,837,10
Madhya Pradesh,Chhindwara,1228,14
Madhya Pradesh,Damoh,526,33
Madhya Pradesh,Datia,437,6
Madhya Pradesh,Dewas,750,28
Madhya Pradesh,Dhar,1026,8
Madhya Pradesh,Dindori,404,7
Madhya Pradesh,Guna,386,16
Madhya Pradesh,Gwalior,572,4
Madhya Pradesh,Harda,69,0
Madhya Pradesh,Hoshangabad,118,1
Madhya Pradesh,Indore,571,1
Madhya Pradesh,Jabalpur,480,7
Madhya Pradesh,Jhabua,446,4
Madhya Pradesh,Katni,655,3
Madhya Pradesh,Khandwa,74,1
Madhya Pradesh,Khargone,844,12
Madhya Pradesh,Mandla,879,28
Madhya Pradesh,Mandsaur,372,8
Madhya Pradesh,Morena,956,14
Madhya Pradesh,Narsinghpur,445,5
Madhya Pradesh,Neemuch,85,1
Madhya Pradesh,Panna,546,8
Madhya Pradesh,Raisen,603,5
Madhya Pradesh,Rajgarh,1537,19
Madhya Pradesh,Ratlam,256,26
Madhya Pradesh,Rewa,966,4
Madhya Pradesh,Sagar,854,15
Madhya Pradesh,Satna,940,10
Madhya Pradesh,Sehore,539,14
Madhya Pradesh,Seoni,789,15
Madhya Pradesh,Shahdol,712,5
Madhya Pradesh,Shajapur,148,19
Madhya Pradesh,Sheopur,89,4
Madhya Pradesh,Shivpuri,966,47
Madhya Pradesh,Sidhi,558,1
Madhya Pradesh,Singrauli,603,10
Madhya Pradesh,Tikamgarh,798,14
Madhya Pradesh,Ujjain,775,35
Madhya Pradesh,Umaria,434,0
Madhya Pradesh,Vidisha,438,36
Maharashtra,Ahmednagar,1315,26
Maharashtra,Akola,664,8
Maharashtra,Amravati,726,6
Maharashtra,Aurangabad,1076,8
Maharashtra,Beed,850,17
Maharashtra,Bhandara,388,3
Maharashtra,Buldhana,1309,9
Maharashtra,Chandrapur,914,16
Maharashtra,Dhule,376,11
Maharashtra,Gadchiroli,776,8
Maharashtra,Gondia,340,3
Maharashtra,Hingoli,415,10
Maharashtra,Jalgaon,1182,4
Maharashtra,Jalna,531,14
Maharashtra,Kolhapur,1508,6
Maharashtra,Latur,549,9
Maharashtra,Mumbai,1606,23
Maharashtra,Nagpur,1100,6
Maharashtra,Nanded,1200,15
Maharashtra,Nandurbar,480,2
Maharashtra,Nashik,2060,12
Maharashtra,Osmanabad,628,5
Maharashtra,Parbhani,1169,21
Maharashtra,Pune,2217,25
Maharashtra,Raigad,1395,11
Maharashtra,Ratnagiri,457,23
Maharashtra,Sangli,715,3
Maharashtra,Satara,1036,35
Maharashtra,Sindhudurg,453,0
Maharashtra,Solapur,1609,40
Maharashtra,Thane,3019,32
Maharashtra,Wardha,115,0
Maharashtra,Washim,503,11
Maharashtra,Yavatmal,1609,21
Manipur,Bishnupur,5,0
Manipur,Chandel,9,0
Manipur,Churachandpur,37,0
Manipur,Imphal East,135,0
Manipur,Imphal West,216,0
Manipur,Senapati,4,0
Manipur,Tamenglong,20,0
Manipur,Thoubal,31,0
Manipur,Ukhrul,3,0
Meghalaya,East Khasi Hills,10,0
Meghalaya,Ri Bhoi,1,0
Mizoram,Aizawl,11,0
Mizoram,Lunglei,44,1
Mizoram,Serchhip,6,0
Nagaland,Dimapur,82,0
Nagaland,Kiphire,9,0
Nagaland,Kohima,44,0
Nagaland,Longleng,7,0
Nagaland,Mokokchung,30,0
Nagaland,Mon,64,0
Nagaland,Phek,35,0
Nagaland,Tuensang,18,0
Nagaland,Wokha,20,0
Nagaland,Zunheboto,17,0
Odisha,Angul,1,0
Odisha,Anugul,649,0
Odisha,Balangir,165,7
Odisha,Baleswar,577,0
Odisha,Bargarh,425,0
Odisha,Baudh,83,0
Odisha,Bhadrak,441,1
Odisha,Boudh,249,0
Odisha,Cuttack,2091,47
Odisha,Debagarh,238,0
Odisha,Dhenkanal,683,0
Odisha,Gajapati,414,0
Odisha,Ganjam,2937,7
Odisha,Jagatsinghapur,471,1
Odisha,Jajapur,936,2
Odisha,Jharsuguda,168,0
Odisha,Kalahandi,110,0
Odisha,Kandhamal,319,0
Odisha,Kendrapara,590,0
Odisha,Kendujhar,583,0
Odisha,Khorda,118,9
Odisha,Khordha,173,0
Odisha,Koraput,307,0
Odisha,Malkangiri,47,154
Odisha,Mayurbhanj,1734,0
Odisha,Nabarangapur,769,0
Odisha,Nayagarh,534,2
Odisha,Nuapada,474,0
Odisha,Puri,432,189
Odisha,Rayagada,151,0
Odisha,Sambalpur,355,0
Odisha,Sonapur,126,0
Odisha,Sundergarh,821,1
Others,Others,724,827
Puducherry,Karaikal,50,1
Puducherry,Pondicherry,1,0
Puducherry,Puducherry,38,0
Puducherry,Yanam,2,0
Punjab,Amritsar,844,26
Punjab,Barnala,101,8
Punjab,Bathinda,304,3
Punjab,Faridkot,172,15
Punjab,Fatehgarh Sahib,62,6
Punjab,Fazilka,289,17
Punjab,Firozpur,379,18
Punjab,Gurdaspur,414,18
Punjab,Hoshiarpur,405,15
Punjab,Jalandhar,491,5
Punjab,Kapurthala,228,8
Punjab,Ludhiana,903,25
Punjab,Mansa,362,5
Punjab,Moga,272,27
Punjab,Muktsar,6,0
Punjab,Pathankot,83,4
Punjab,Patiala,620,16
Punjab,Rupnagar,207,4
Punjab,SAS Nagar (Mohali),305,5
Punjab,Sangrur,472,10
Punjab,Shaheed Bhagat Singh Nagar,91,4
Punjab,Sri Muktsar Sahib,322,2
Punjab,Tarn Taran,545,11
Rajasthan,Ajmer,483,8
Rajasthan,Alwar,846,6
Rajasthan,Banswara,1159,35
Rajasthan,Baran,356,5
Rajasthan,Barmer,783,8
Rajasthan,Bharatpur,620,2
Rajasthan,Bhilwara,841,10
Rajasthan,Bikaner,617,6
Rajasthan,Bundi,189,0
Rajasthan,Chittorgarh,700,5
Rajasthan,Churu,447,4
Rajasthan,Dausa,269,1
Rajasthan,Dholpur,222,4
Rajasthan,Dungarpur,931,13
Rajasthan,Ganganagar,783,3
Rajasthan,Hanumangarh,633,3
Rajasthan,Jaipur,1723,11
Rajasthan,Jaisalmer,225,11
Rajasthan,Jalor,580,1
Rajasthan,Jhalawar,429,3
Rajasthan,Jhunjhunu,449,4
Rajasthan,Jodhpur,1016,15
Rajasthan,Karauli,266,3
Rajasthan,Kota,508,5
Rajasthan,Nagaur,1085,34
Rajasthan,Pali,615,3
Rajasthan,Pratapgarh,336,2
Rajasthan,Rajsamand,265,1
Rajasthan,Sawai Madhopur,312,2
Rajasthan,Sikar,760,8
Rajasthan,Sirohi,244,1
Rajasthan,Tonk,451,3
Rajasthan,Udaipur,728,5
Sikkim,East Sikkim,14,0
Sikkim,North Sikkim,3,0
Sikkim,South Sikkim,8,0
Sikkim,West Sikkim,5,0
Tamil Nadu,Ariyalur,123,0
Tamil Nadu,Chennai,1646,27
Tamil Nadu,Coimbatore,2352,25
Tamil Nadu,Cuddalore,491,1
Tamil Nadu,Dharmapuri,575,15
Tamil Nadu,Dindigul,668,0
Tamil Nadu,Erode,739,17
Tamil Nadu,Kancheepuram,1438,1
Tamil Nadu,Kanchipuram,147,0
Tamil Nadu,Kanyakumari,676,1
Tamil Nadu,Karur,303,1
Tamil Nadu,Krishnagiri,805,1
Tamil Nadu,Madurai,865,11
Tamil Nadu,Nagapattinam,701,0
Tamil Nadu,Namakkal,578,0
Tamil Nadu,Nilgiris,12,0
Tamil Nadu,Perambalur,137,3
Tamil Nadu,Pudukkottai,216,0
Tamil Nadu,Ramanathapuram,426,0
Tamil Nadu,Salem,1514,3
Tamil Nadu,Sivaganga,676,7
Tamil Nadu,Thanjavur,1269,16
Tamil Nadu,The Nilgiris,405,0
Tamil Nadu,Theni,537,1
Tamil Nadu,Thiruvarur,497,2
Tamil Nadu,Thoothukudi,712,0
Tamil Nadu,Tiruchirappalli,568,5
Tamil Nadu,Tirunelveli,1360,0
Tamil Nadu,Tirupur,1431,0
Tamil Nadu,Tiruvallur,2113,2
Tamil Nadu,Tiruvannamalai,1004,0
Tamil Nadu,Tiruvarur,120,0
Tamil Nadu,Vellore,2174,17
Tamil Nadu,Viluppuram,1509,3
Tamil Nadu,Virudhunagar,766,0
Tripura,Dhalai,42,0
Tripura,Gomati,154,1
Tripura,Khowai,17,1
Tripura,North Tripura,51,0
Tripura,Sepahijala,151,2
Tripura,South Tripura,300,21
Tripura,Unakoti,150,2
Tripura,West Tripura,110,7
Uttar Pradesh,Agra,4301,183
Uttar Pradesh,Aligarh,1750,102
Uttar Pradesh,Allahabad,1133,46
Uttar Pradesh,Ambedkar Nagar,791,12
Uttar Pradesh,Amethi,776,2
Uttar Pradesh,Amroha,652,43
Uttar Pradesh,Auraiya,44,2
Uttar Pradesh,Azamgarh,523,5
Uttar Pradesh,Baghpat,224,3
Uttar Pradesh,Bahraich,600,34
Uttar Pradesh,Ballia,724,20
Uttar Pradesh,Balrampur,2001,202
Uttar Pradesh,Banda,406,6
Uttar Pradesh,Barabanki,104,3
Uttar Pradesh,Bareilly,655,14
Uttar Pradesh,Basti,118,1
Uttar Pradesh,Bijnor,3489,110
Uttar Pradesh,Budaun,1351,22
Uttar Pradesh,Bulandshahr,579,21
Uttar Pradesh,Chandauli,886,17
Uttar Pradesh,Chitrakoot,598,1
Uttar Pradesh,Deoria,548,15
Uttar Pradesh,Etah,143,5
Uttar Pradesh,Etawah,421,3
Uttar Pradesh,Faizabad,346,0
Uttar Pradesh,Farrukhabad,166,1
Uttar Pradesh,Fatehpur,546,0
Uttar Pradesh,Firozabad,70,4
Uttar Pradesh,Gautam Buddha Nagar,1858,90
Uttar Pradesh,Ghaziabad,3277,135
Uttar Pradesh,Ghazipur,471,7
Uttar Pradesh,Gonda,706,13
Uttar Pradesh,Gorakhpur,1046,108
Uttar Pradesh,Hamirpur,126,1
Uttar Pradesh,Hapur,20,11
Uttar Pradesh,Hardoi,194,2
Uttar Pradesh,Hathras,1357,123
Uttar Pradesh,Jalaun,119,14
Uttar Pradesh,Jaunpur,233,10
Uttar Pradesh,Jhansi,280,0
Uttar Pradesh,Kannauj,254,1
Uttar Pradesh,Kanpur Dehat,328,51
Uttar Pradesh,Kanpur Nagar,929,69
Uttar Pradesh,Kasganj,282,2
Uttar Pradesh,Kaushambi,79,0
Uttar Pradesh,Kheri,266,3
Uttar Pradesh,Kushinagar,411,8
Uttar Pradesh,Lalitpur,121,18
Uttar Pradesh,Lucknow,1923,135
Uttar Pradesh,Maharajganj,844,2
Uttar Pradesh,Mahoba,208,16
Uttar Pradesh,Mainpuri,330,46
Uttar Pradesh,Mathura,1482,26
Uttar Pradesh,Mau,446,8
Uttar Pradesh,Meerut,2587,99
Uttar Pradesh,Mirzapur,252,3
Uttar Pradesh,Moradabad,809,36
Uttar Pradesh,Muzaffarnagar,209,6
Uttar Pradesh,Pilibhit,529,2
Uttar Pradesh,Pratapgarh,683,11
Uttar Pradesh,Raebareli,1299,1
Uttar Pradesh,Rampur,41,1
Uttar Pradesh,Saharanpur,1357,139
Uttar Pradesh,Sambhal,415,6
Uttar Pradesh,Sant Kabir Nagar,1112,21
Uttar Pradesh,Sant Ravidas Nagar,598,3
Uttar Pradesh,Sant Ravidas Nagar Bhadohi,2,0
Uttar Pradesh,Shahjahanpur,476,2
Uttar Pradesh,Shamli,91,3
Uttar Pradesh,Shrawasti,417,0
Uttar Pradesh,Siddharthnagar,116,12
Uttar Pradesh,Sitapur,205,20
Uttar Pradesh,Sonbhadra,261,5
Uttar Pradesh,Sultanpur,73,3
Uttar Pradesh,Unnao,263,6
Uttar Pradesh,Varanasi,2253,19
Uttarakhand,Almora,71,20
Uttarakhand,Bageshwar,66,1
Uttarakhand,Chamoli,17,0
Uttarakhand,Champawat,73,0
Uttarakhand,Dehradun,633,11
Uttarakhand,Haridwar,607,287
Uttarakhand,Nainital,33,0
Uttarakhand,Pauri Garhwal,57,1
Uttarakhand,Pithoragarh,19,1
Uttarakhand,Rudraprayag,9,0
Uttarakhand,Tehri Garhwal,139,0
Uttarakhand,Udham Singh Nagar,196,0
Uttarakhand,Uttarkashi,3,0
West Bengal,Bankura,685,2
West Bengal,Bardhaman,10974,353
West Bengal,Birbhum,4115,56
West Bengal,Cooch Behar,648,2
West Bengal,Dakshin Dinajpur,200,0
West Bengal,Darjeeling,6916,37
West Bengal,East Midnapore,3484,131
West Bengal,Hooghly,2749,6
West Bengal,Howrah,1016,0
West Bengal,Jalpaiguri,4414,727
West Bengal,Kolkata,640,11
West Bengal,Malda,1993,4
West Bengal,Medinipur,596,0
West Bengal,Murshidabad,2933,3
West Bengal,Nadia,1970,69
West Bengal,North 24 Parganas,8237,272
West Bengal,North Dinajpur,844,1
West Bengal,Purulia,2058,11
West Bengal,South 24 Parganas,3206,63
West Bengal,South Dinajpur,485,2
West Bengal,South Twenty Four Parganas,911,0
West Bengal,West Midnapore,1291,10
