State,District,Aadhaar generated,Enrolment Rejected
Andaman and Nicobar Islands,South Andaman,0,1
Andhra Pradesh,Adilabad,19,186
Andhra Pradesh,Ananthapur,17,86
Andhra Pradesh,Chittoor,8,49
Andhra Pradesh,Cuddapah,14,46
Andhra Pradesh,East Godavari,27,61
Andhra Pradesh,Guntur,2,36
Andhra Pradesh,Hyderabad,15,118
Andhra Pradesh,Karimnagar,10,152
Andhra Pradesh,Khammam,15,38
Andhra Pradesh,Krishna,10,53
Andhra Pradesh,Kurnool,11,909
Andhra Pradesh,Mahbubnagar,13,377
Andhra Pradesh,Medak,29,93
Andhra Pradesh,Nalgonda,15,84
Andhra Pradesh,Nellore,13,155
Andhra Pradesh,Nizamabad,5,106
Andhra Pradesh,Prakasam,17,93
Andhra Pradesh,Ranga Reddy,91,256
Andhra Pradesh,Srikakulam,2,225
Andhra Pradesh,Visakhapatnam,21,167
Andhra Pradesh,Vizianagaram,127,9922
Andhra Pradesh,Warangal,8,82
Andhra Pradesh,West Godavari,13,143
Arunachal Pradesh,Lower Subansiri,0,1
Assam,Barpeta,0,3
Assam,Cachar,0,1
Assam,Chirang,0,1
Assam,Dhubri,0,1
Assam,Sibsagar,0,1
Assam,Sonitpur,0,1
Bihar,Araria,1,37
Bihar,Arwal,0,4
Bihar,Aurangabad,0,17
Bihar,Banka,0,26
Bihar,Begusarai,0,84
Bihar,Bhagalpur,52,162
Bihar,Bhojpur,3,6
Bihar,Buxar,1,1
Bihar,Darbhanga,11,188
Bihar,East Champaran,11,69
Bihar,Gaya,1,18
Bihar,Gopalganj,37,629
Bihar,Jamui,0,11
Bihar,Jehanabad,0,6
Bihar,Kaimur (Bhabua),0,1
Bihar,Katihar,29,408
Bihar,Khagaria,0,4
Bihar,Kishanganj,1,146
Bihar,Lakhisarai,0,52
Bihar,Madhepura,0,3
Bihar,Madhubani,28,32
Bihar,Munger,0,12
Bihar,Muzaffarpur,46,73
Bihar,Nalanda,4,144
Bihar,Nawada,1,6
Bihar,Patna,109,619
Bihar,Purnia,0,22
Bihar,Rohtas,1,8
Bihar,Saharsa,0,57
Bihar,Samastipur,0,9
Bihar,Saran,27,197
Bihar,Sheikhpura,3,8
Bihar,Sheohar,0,37
Bihar,Sitamarhi,2,15
Bihar,Siwan,0,25
Bihar,Supaul,1,46
Bihar,Vaishali,7,40
Bihar,West Champaran,0,56
Chandigarh,Chandigarh,5,67
Chhattisgarh,Balod,0,9
Chhattisgarh,Baloda Bazar,1,9
Chhattisgarh,Bastar,0,1
Chhattisgarh,Bemetara,0,2
Chhattisgarh,Bilaspur,4,29
Chhattisgarh,Dhamtari,0,33
Chhattisgarh,Durg,46,109
Chhattisgarh,Gariyaband,0,5
Chhattisgarh,Janjgir Champa,1,9
Chhattisgarh,Korba,0,14
Chhattisgarh,Koriya,0,29
Chhattisgarh,Mahasamund,3,12
Chhattisgarh,Mungeli,1,2
Chhattisgarh,Raigarh,0,2
Chhattisgarh,Raipur,10,95
Chhattisgarh,Rajnandgaon,0,1
Chhattisgarh,Surajpur,7,213
Chhattisgarh,Surguja,0,2
Dadra and Nagar Haveli,Dadra and Nagar Haveli,0,6
Daman and Diu,Daman,0,1
Delhi,Central Delhi,3,236
Delhi,East Delhi,3,432
Delhi,Najafgarh,0,4
Delhi,New Delhi,0,8
Delhi,North Delhi,1,110
Delhi,North East,0,33
Delhi,North East Delhi,5,557
Delhi,North West Delhi,6,833
Delhi,South Delhi,11,372
Delhi,South West Delhi,0,183
Delhi,West Delhi,16,252
Goa,North Goa,0,24
Goa,South Goa,0,5
Gujarat,Ahmedabad,42,304
Gujarat,Amreli,1,24
Gujarat,Anand,5,255
Gujarat,Banaskantha,9,50
Gujarat,Bharuch,3,17
Gujarat,Bhavnagar,9,58
Gujarat,Dahod,4,62
Gujarat,Gandhinagar,1,20
Gujarat,Jamnagar,1,6
Gujarat,Junagadh,9,69
Gujarat,Kachchh,0,18
Gujarat,Kheda,82,51
Gujarat,Mahesana,1,73
Gujarat,Narmada,0,14
Gujarat,Navsari,9,92
Gujarat,Panchmahal,1,50
Gujarat,Patan,0,55
Gujarat,Porbandar,5,32
Gujarat,Rajkot,0,35
Gujarat,Sabarkantha,97,108
Gujarat,Surat,39,676
Gujarat,Surendranagar,5,47
Gujarat,Tapi,1,25
Gujarat,The Dangs,0,1
Gujarat,Vadodara,20,656
Gujarat,Valsad,24,167
Haryana,Ambala,9,48
Haryana,Bhiwani,6,25
Haryana,Faridabad,5,210
Haryana,Fatehabad,1,20
Haryana,Gurgaon,6,89
Haryana,Hisar,4,76
Haryana,Jhajjar,1,27
Haryana,Jind,8,85
Haryana,Kaithal,2,29
Haryana,Karnal,5,150
Haryana,Kurukshetra,1,63
Haryana,Mahendragarh,2,23
Haryana,Mewat,26,290
Haryana,Palwal,1,53
Haryana,Panchkula,0,13
Haryana,Panipat,1,63
Haryana,Rewari,2,22
Haryana,Rohtak,3,24
Haryana,Sirsa,0,55
Haryana,Sonipat,2,32
Haryana,Yamuna Nagar,4,241
Himachal Pradesh,Bilaspur,0,4
Himachal Pradesh,Chamba,0,10
Himachal Pradesh,Hamirpur,0,14
Himachal Pradesh,Kangra,0,72
Himachal Pradesh,Kinnaur,0,8
Himachal Pradesh,Kullu,0,6
Himachal Pradesh,Lahul and Spiti,0,2
Himachal Pradesh,Mandi,14,39
Himachal Pradesh,Shimla,1,9
Himachal Pradesh,Sirmaur,0,3
Himachal Pradesh,Solan,1,7
Himachal Pradesh,Una,0,17
Jammu and Kashmir,Anantnag,0,3
Jammu and Kashmir,Bandipore,1,2
Jammu and Kashmir,Baramula,1,12
Jammu and Kashmir,Doda,0,1
Jammu and Kashmir,Jammu,0,80
Jammu and Kashmir,Kargil,0,1
Jammu and Kashmir,Kathua,0,40
Jammu and Kashmir,Kupwara,2,0
Jammu and Kashmir,Punch,0,1
Jammu and Kashmir,Rajouri,0,1
Jammu and Kashmir,Reasi,0,3
Jammu and Kashmir,Srinagar,0,1
Jharkhand,Bokaro,0,35
Jharkhand,Chatra,0,135
Jharkhand,Deoghar,0,86
Jharkhand,Dhanbad,4,109
Jharkhand,Dumka,1,72
Jharkhand,East Singhbhum,3,154
Jharkhand,Garhwa,16,121
Jharkhand,Giridih,0,65
Jharkhand,Godda,1,76
Jharkhand,Gumla,0,46
Jharkhand,Hazaribag,0,1
Jharkhand,Hazaribagh,0,47
Jharkhand,Jamtara,1,22
Jharkhand,Khunti,0,19
Jharkhand,Koderma,5,100
Jharkhand,Latehar,0,468
Jharkhand,Lohardaga,1,17
Jharkhand,Pakur,0,57
Jharkhand,Palamu,0,147
Jharkhand,Ramgarh,0,46
Jharkhand,Ranchi,1,108
Jharkhand,Sahibganj,1,77
Jharkhand,Seraikela-Kharsawan,0,21
Jharkhand,Simdega,0,83
Jharkhand,West Singhbhum,0,108
Karnataka,Bagalkot,20,384
Karnataka,Bangalore,17,312
Karnataka,Bangalore Rural,1,38
Karnataka,Belgaum,26,209
Karnataka,Bellary,7,312
Karnataka,Bidar,6,1620
Karnataka,Bijapur,11,203
Karnataka,Bijapur(KAR),0,1182
Karnataka,Chamarajanagar,3,121
Karnataka,Chikkaballapur,8,291
Karnataka,Chikmagalur,3,12
Karnataka,Chitradurga,14,653
Karnataka,Dakshina Kannada,8,149
Karnataka,Davangere,2,1192
Karnataka,Dharwad,2,32
Karnataka,Gadag,0,28
Karnataka,Gulbarga,73,404
Karnataka,Hassan,6,52
Karnataka,Haveri,2,3830
Karnataka,Kodagu,6,20
Karnataka,Kolar,25,386
Karnataka,Koppal,0,47
Karnataka,Mandya,5,1503
Karnataka,Mysore,6,21
Karnataka,Raichur,32,697
Karnataka,Ramanagar,9,46
Karnataka,Shimoga,1,68
Karnataka,Tumkur,1,6
Karnataka,Udupi,0,84
Karnataka,Uttara Kannada,0,93
Karnataka,Yadgir,0,266
Kerala,Alappuzha,0,57
Kerala,Ernakulam,1,23
Kerala,Idukki,2,21
Kerala,Kannur,0,7
Kerala,Kasaragod,0,18
Kerala,Kollam,2,24
Kerala,Kottayam,1,26
Kerala,Kozhikode,2,18
Kerala,Malappuram,6,32
Kerala,Palakkad,1,17
Kerala,Pathanamthitta,1,17
Kerala,Thiruvananthapuram,1,54
Kerala,Thrissur,4,26
Kerala,Wayanad,0,19
Madhya Pradesh,Alirajpur,1,23
Madhya Pradesh,Anuppur,2,53
Madhya Pradesh,Ashok Nagar,15,41
Madhya Pradesh,Balaghat,7,341
Madhya Pradesh,Barwani,32,159
Madhya Pradesh,Betul,9,123
Madhya Pradesh,Bhind,9,34
Madhya Pradesh,Bhopal,6,30
Madhya Pradesh,Burhanpur,0,24
Madhya Pradesh,Chhatarpur,28,92
Madhya Pradesh,Chhindwara,2,122
Madhya Pradesh,Damoh,30,68
Madhya Pradesh,Datia,5,93
Madhya Pradesh,Dewas,27,76
Madhya Pradesh,Dhar,7,46
Madhya Pradesh,Dindori,1,36
Madhya Pradesh,Guna,38,66
Madhya Pradesh,Gwalior,3,145
Madhya Pradesh,Harda,0,12
Madhya Pradesh,Hoshangabad,0,14
Madhya Pradesh,Indore,5,51
Madhya Pradesh,Jabalpur,1,31
Madhya Pradesh,Jhabua,0,8
Madhya Pradesh,Katni,28,20
Madhya Pradesh,Khandwa,0,14
Madhya Pradesh,Khargone,18,79
Madhya Pradesh,Mandla,91,128
Madhya Pradesh,Mandsaur,6,47
Madhya Pradesh,Morena,24,55
Madhya Pradesh,Narsinghpur,5,59
Madhya Pradesh,Neemuch,1,32
Madhya Pradesh,Panna,48,32
Madhya Pradesh,Raisen,26,49
Madhya Pradesh,Rajgarh,19,74
Madhya Pradesh,Ratlam,75,108
Madhya Pradesh,Rewa,0,58
Madhya Pradesh,Sagar,22,76
Madhya Pradesh,Satna,3,102
Madhya Pradesh,Sehore,7,49
Madhya Pradesh,Seoni,3,30
Madhya Pradesh,Shahdol,0,47
Madhya Pradesh,Shajapur,0,53
Madhya Pradesh,Sheopur,51,19
Madhya Pradesh,Shivpuri,30,127
Madhya Pradesh,Sidhi,5,48
Madhya Pradesh,Singrauli,11,46
Madhya Pradesh,Tikamgarh,34,94
Madhya Pradesh,Ujjain,20,70
Madhya Pradesh,Umaria,2,15
Madhya Pradesh,Vidisha,1,34
Maharashtra,Ahmednagar,8,165
Maharashtra,Akola,10,257
Maharashtra,Amravati,1,166
Maharashtra,Aurangabad,8,148
Maharashtra,Beed,3,87
Maharashtra,Bhandara,0,59
Maharashtra,Buldhana,38,278
Maharashtra,Chandrapur,0,279
Maharashtra,Dhule,0,59
Maharashtra,Gadchiroli,1,58
Maharashtra,Gondia,1,64
Maharashtra,Hingoli,12,104
Maharashtra,Jalgaon,2,92
Maharashtra,Jalna,21,179
Maharashtra,Kolhapur,3,68
Maharashtra,Latur,1,57
Maharashtra,Mumbai,3,483
Maharashtra,Nagpur,1,223
Maharashtra,Nanded,12,225
Maharashtra,Nandurbar,0,26
Maharashtra,Nashik,6,157
Maharashtra,Osmanabad,6,114
Maharashtra,Parbhani,11,130
Maharashtra,Pune,4,131
Maharashtra,Raigad,4,57
Maharashtra,Ratnagiri,2,317
Maharashtra,Sangli,9,147
Maharashtra,Satara,4,731
Maharashtra,Sindhudurg,5,22
Maharashtra,Solapur,23,469
Maharashtra,Thane,7,423
Maharashtra,Wardha,0,22
Maharashtra,Washim,2,131
Maharashtra,Yavatmal,20,935
Manipur,Bishnupur,0,2
Manipur,Imphal East,0,1
Manipur,Imphal West,0,16
Manipur,Tamenglong,0,1
Manipur,Thoubal,0,7
Mizoram,Aizawl,0,1
Mizoram,Lunglei,0,68
Nagaland,Dimapur,0,2
Nagaland,Kohima,0,12
Nagaland,Tuensang,0,1
Odisha,Anugul,0,3
Odisha,Balangir,0,63
Odisha,Baleswar,0,34
Odisha,Bargarh,0,17
Odisha,Baudh,0,6
Odisha,Bhadrak,0,82
Odisha,Boudh,1,74
Odisha,Cuttack,1,23
Odisha,Debagarh,0,7
Odisha,Dhenkanal,0,3
Odisha,Gajapati,19,5
Odisha,Ganjam,1,297
Odisha,Jagatsinghapur,0,5
Odisha,Jajapur,0,614
Odisha,Jharsuguda,30,212
Odisha,Kalahandi,0,3
Odisha,Kandhamal,0,9
Odisha,Kendrapara,0,3
Odisha,Kendujhar,0,649
Odisha,Khorda,2,1546
Odisha,Khordha,0,3
Odisha,Koraput,0,27
Odisha,Malkangiri,0,2
Odisha,Mayurbhanj,0,86
Odisha,Nabarangapur,0,24
Odisha,Nayagarh,0,6
Odisha,Nuapada,2,100
Odisha,Puri,0,256
Odisha,Rayagada,0,12
Odisha,Sambalpur,0,18
Odisha,Sonapur,0,4
Odisha,Sundergarh,0,22
Others,Others,0,25
Puducherry,Karaikal,0,8
Puducherry,Pondicherry,0,45
Puducherry,Puducherry,1,17
Puducherry,Yanam,0,238
Punjab,Amritsar,4,205
Punjab,Barnala,0,11
Punjab,Bathinda,0,34
Punjab,Faridkot,0,38
Punjab,Fatehgarh Sahib,1,39
Punjab,Fazilka,5,61
Punjab,Firozpur,2,32
Punjab,Gurdaspur,11,92
Punjab,Hoshiarpur,3,55
Punjab,Jalandhar,1,194
Punjab,Kapurthala,0,29
Punjab,Ludhiana,2,238
Punjab,Mansa,3,45
Punjab,Moga,3,53
Punjab,Muktsar,0,3
Punjab,Pathankot,0,33
Punjab,Patiala,2,126
Punjab,Rupnagar,1,29
Punjab,SAS Nagar (Mohali),3,52
Punjab,Sangrur,3,66
Punjab,Shaheed Bhagat Singh Nagar,0,35
Punjab,Sri Muktsar Sahib,1,24
Punjab,Tarn Taran,3,70
Rajasthan,Ajmer,1,189
Rajasthan,Alwar,3,50
Rajasthan,Banswara,31,47
Rajasthan,Baran,2,61
Rajasthan,Barmer,0,72
Rajasthan,Bharatpur,3,98
Rajasthan,Bhilwara,8,76
Rajasthan,Bikaner,5,24
Rajasthan,Bundi,1,36
Rajasthan,Chittorgarh,7,80
Rajasthan,Churu,4,39
Rajasthan,Dausa,0,32
Rajasthan,Dholpur,9,69
Rajasthan,Dungarpur,6,96
Rajasthan,Ganganagar,4,186
Rajasthan,Hanumangarh,3,227
Rajasthan,Jaipur,33,227
Rajasthan,Jaisalmer,2,17
Rajasthan,Jalor,2,30
Rajasthan,Jhalawar,16,79
Rajasthan,Jhunjhunu,0,88
Rajasthan,Jodhpur,71,288
Rajasthan,Karauli,0,16
Rajasthan,Kota,0,56
Rajasthan,Nagaur,6,112
Rajasthan,Pali,2,119
Rajasthan,Pratapgarh,3,19
Rajasthan,Rajsamand,0,10
Rajasthan,Sawai Madhopur,8,44
Rajasthan,Sikar,3,130
Rajasthan,Sirohi,0,12
Rajasthan,Tonk,35,62
Rajasthan,Udaipur,0,67
Sikkim,East Sikkim,0,9
Sikkim,North Sikkim,0,1
Sikkim,South Sikkim,0,1
Sikkim,West Sikkim,1,10
Tamil Nadu,Ariyalur,0,235
Tamil Nadu,Chennai,2,245
Tamil Nadu,Coimbatore,28,1234
Tamil Nadu,Cuddalore,2,55
Tamil Nadu,Dharmapuri,0,55
Tamil Nadu,Dindigul,5,58
Tamil Nadu,Erode,3,1551
Tamil Nadu,Kancheepuram,4,77
Tamil Nadu,Kanchipuram,0,3
Tamil Nadu,Kanyakumari,0,7
Tamil Nadu,Karur,0,27
Tamil Nadu,Krishnagiri,4,30
Tamil Nadu,Madurai,0,577
Tamil Nadu,Nagapattinam,0,6
Tamil Nadu,Namakkal,0,18
Tamil Nadu,Perambalur,2,28
Tamil Nadu,Pudukkottai,0,8
Tamil Nadu,Ramanathapuram,1,20
Tamil Nadu,Salem,0,127
Tamil Nadu,Sivaganga,0,17
Tamil Nadu,Thanjavur,1,203
Tamil Nadu,The Nilgiris,18,31
Tamil Nadu,Theni,10,52
Tamil Nadu,Thiruvarur,1,19
Tamil Nadu,Thoothukudi,0,99
Tamil Nadu,Tiruchirappalli,1,52
Tamil Nadu,Tirunelveli,0,179
Tamil Nadu,Tirupur,1,209
Tamil Nadu,Tiruvallur,3,353
Tamil Nadu,Tiruvannamalai,5,172
Tamil Nadu,Tiruvarur,0,75
Tamil Nadu,Vellore,13,970
Tamil Nadu,Viluppuram,20,107
Tamil Nadu,Virudhunagar,0,31
Tripura,Gomati,3,9
Tripura,North Tripura,0,3
Tripura,Sepahijala,2,28
Tripura,South Tripura,0,66
Tripura,Unakoti,0,3
Tripura,West Tripura,2,6
Uttar Pradesh,Agra,16,797
Uttar Pradesh,Aligarh,4,504
Uttar Pradesh,Allahabad,59,823
Uttar Pradesh,Ambedkar Nagar,3,679
Uttar Pradesh,Amethi,2,111
Uttar Pradesh,Amroha,1,25
Uttar Pradesh,Auraiya,0,8
Uttar Pradesh,Azamgarh,0,47
Uttar Pradesh,Baghpat,0,23
Uttar Pradesh,Bahraich,1,7
Uttar Pradesh,Ballia,4,34
Uttar Pradesh,Balrampur,73,71
Uttar Pradesh,Banda,3,280
Uttar Pradesh,Barabanki,4,26
Uttar Pradesh,Bareilly,7,228
Uttar Pradesh,Basti,2,10
Uttar Pradesh,Bijnor,59,487
Uttar Pradesh,Budaun,1,5
Uttar Pradesh,Bulandshahr,10,110
Uttar Pradesh,Chandauli,8,95
Uttar Pradesh,Chitrakoot,0,167
Uttar Pradesh,Deoria,2,140
Uttar Pradesh,Etah,5,15
Uttar Pradesh,Etawah,1,101
Uttar Pradesh,Faizabad,0,54
Uttar Pradesh,Farrukhabad,0,18
Uttar Pradesh,Fatehpur,3,92
Uttar Pradesh,Firozabad,0,78
Uttar Pradesh,Gautam Buddha Nagar,47,505
Uttar Pradesh,Ghaziabad,60,861
Uttar Pradesh,Ghazipur,1,69
Uttar Pradesh,Gonda,2,17
Uttar Pradesh,Gorakhpur,12,215
Uttar Pradesh,Hamirpur,0,44
Uttar Pradesh,Hapur,0,199
Uttar Pradesh,Hardoi,2,30
Uttar Pradesh,Hathras,60,552
Uttar Pradesh,Jalaun,0,41
Uttar Pradesh,Jaunpur,5,43
Uttar Pradesh,Jhansi,2,49
Uttar Pradesh,Kannauj,0,27
Uttar Pradesh,Kanpur Dehat,0,8
Uttar Pradesh,Kanpur Nagar,20,1646
Uttar Pradesh,Kasganj,15,108
Uttar Pradesh,Kaushambi,1,4
Uttar Pradesh,Kheri,5,64
Uttar Pradesh,Kushinagar,16,201
Uttar Pradesh,Lalitpur,0,62
Uttar Pradesh,Lucknow,45,817
Uttar Pradesh,Maharajganj,32,53
Uttar Pradesh,Mahoba,0,146
Uttar Pradesh,Mainpuri,1,215
Uttar Pradesh,Mathura,0,251
Uttar Pradesh,Mau,40,33
Uttar Pradesh,Meerut,56,567
Uttar Pradesh,Mirzapur,3,9
Uttar Pradesh,Moradabad,129,663
Uttar Pradesh,Muzaffarnagar,2,12
Uttar Pradesh,Pilibhit,8,36
Uttar Pradesh,Pratapgarh,12,91
Uttar Pradesh,Raebareli,2,94
Uttar Pradesh,Rampur,0,1
Uttar Pradesh,Saharanpur,0,95
Uttar Pradesh,Sambhal,0,33
Uttar Pradesh,Sant Kabir Nagar,4,330
Uttar Pradesh,Sant Ravidas Nagar,1,31
Uttar Pradesh,Shahjahanpur,0,10
Uttar Pradesh,Shamli,0,8
Uttar Pradesh,Shrawasti,4,10
Uttar Pradesh,Siddharthnagar,281,65
Uttar Pradesh,Sitapur,35,222
Uttar Pradesh,Sonbhadra,6,17
Uttar Pradesh,Sultanpur,0,13
Uttar Pradesh,Unnao,1,137
Uttar Pradesh,Varanasi,46,514
Uttarakhand,Almora,1,27
Uttarakhand,Bageshwar,0,5
Uttarakhand,Chamoli,0,3
Uttarakhand,Champawat,0,54
Uttarakhand,Dehradun,3,155
Uttarakhand,Haridwar,1,0
Uttarakhand,Nainital,0,15
Uttarakhand,Pauri Garhwal,0,7
Uttarakhand,Pithoragarh,0,3
Uttarakhand,Tehri Garhwal,0,9
Uttarakhand,Udham Singh Nagar,10,414
West Bengal,Bankura,0,67
West Bengal,Bardhaman,194,1601
West Bengal,Birbhum,8,388
West Bengal,Cooch Behar,0,9
West Bengal,Darjeeling,1,75
West Bengal,East Midnapore,590,796
West Bengal,Hooghly,2,41
West Bengal,Howrah,6,182
West Bengal,Jalpaiguri,1,100
West Bengal,Kolkata,0,324
West Bengal,Malda,0,92
West Bengal,Medinipur,0,115
West Bengal,Murshidabad,9,46
West Bengal,Nadia,0,77
West Bengal,North 24 Parganas,4,1094
West Bengal,North Dinajpur,0,20
West Bengal,Purulia,4,390
West Bengal,South 24 Parganas,29,266
West Bengal,South Dinajpur,1,47
West Bengal,South Twenty Four Parganas,0,1
West Bengal,West Midnapore,313,523
