State,District,Aadhaar generated,Enrolment Rejected
Andhra Pradesh,Adilabad,325,22
Andhra Pradesh,Anantapur,0,4
Andhra Pradesh,Ananthapur,157,196
Andhra Pradesh,Chittoor,50,28
Andhra Pradesh,Cuddapah,75,31
Andhra Pradesh,East Godavari,179,81
Andhra Pradesh,Guntur,150,96
Andhra Pradesh,Hyderabad,425,80
Andhra Pradesh,Karimnagar,1302,70
Andhra Pradesh,Khammam,1492,190
Andhra Pradesh,Krishna,85,73
Andhra Pradesh,Kurnool,3300,368
Andhra Pradesh,Mahbubnagar,1647,149
Andhra Pradesh,Medak,1310,158
Andhra Pradesh,Nalgonda,882,156
Andhra Pradesh,Nellore,103,70
Andhra Pradesh,Nizamabad,1692,186
Andhra Pradesh,Prakasam,1667,289
Andhra Pradesh,Ranga Reddy,1814,273
Andhra Pradesh,Srikakulam,128,225
Andhra Pradesh,Visakhapatnam,2293,62
Andhra Pradesh,Vizianagaram,1199,668
Andhra Pradesh,Warangal,1440,130
Andhra Pradesh,West Godavari,954,302
Arunachal Pradesh,Papum Pare,1,0
Arunachal Pradesh,Tirap,1,0
Assam,Baksa,2,0
Assam,Barpeta,25,0
Assam,Bongaigaon,13,0
Assam,Cachar,1,2
Assam,Chirang,8,0
Assam,Darrang,6,0
Assam,Dhemaji,1,0
Assam,Dhubri,1,0
Assam,Dibrugarh,3,0
Assam,Golaghat,1,1
Assam,Hailakandi,3,0
Assam,Jorhat,15,0
Assam,Kamrup,22,0
Assam,Kamrup Metro,2,0
Assam,Karimganj,3,0
Assam,Kokrajhar,1,0
Assam,Marigaon,1,0
Assam,Nagaon,1,0
Assam,Nalbari,22,0
Assam,Sibsagar,12,0
Assam,Sonitpur,1,0
Assam,Tinsukia,6,0
Assam,Udalguri,17,0
Bihar,Araria,30,11
Bihar,Arwal,1701,8
Bihar,Aurangabad,22,7
Bihar,Banka,63,36
Bihar,Begusarai,30,21
Bihar,Bhagalpur,400,27
Bihar,Bhojpur,63,8
Bihar,Buxar,33,1
Bihar,Darbhanga,3411,20
Bihar,East Champaran,44,14
Bihar,Gaya,414,10
Bihar,Gopalganj,3566,138
Bihar,Jamui,80,11
Bihar,Jehanabad,15,1
Bihar,Kaimur (Bhabua),20,1
Bihar,Katihar,1701,60
Bihar,Khagaria,22,5
Bihar,Kishanganj,224,34
Bihar,Lakhisarai,9,6
Bihar,Madhepura,14,2
Bihar,Madhubani,62,39
Bihar,Munger,34,2
Bihar,Muzaffarpur,489,27
Bihar,Nalanda,5514,30
Bihar,Nawada,60,5
Bihar,Patna,4473,177
Bihar,Purnia,89,9
Bihar,Rohtas,835,2
Bihar,Saharsa,1481,20
Bihar,Samastipur,70,3
Bihar,Saran,1488,21
Bihar,Sheikhpura,60,1
Bihar,Sheohar,4129,6
Bihar,Sitamarhi,108,6
Bihar,Siwan,258,25
Bihar,Supaul,34,17
Bihar,Vaishali,919,384
Bihar,West Champaran,26,4
Chandigarh,Chandigarh,94,26
Chhattisgarh,Balod,204,2
Chhattisgarh,Baloda Bazar,8,1
Chhattisgarh,Bastar,86,0
Chhattisgarh,Bemetara,8,4
Chhattisgarh,Bilaspur,461,44
Chhattisgarh,Dhamtari,2219,2
Chhattisgarh,Durg,746,6
Chhattisgarh,Gariyaband,24,1
Chhattisgarh,Janjgir Champa,2796,7
Chhattisgarh,Janjgir-champa,2,0
Chhattisgarh,Jashpur,2,2
Chhattisgarh,Kanker,2,0
Chhattisgarh,Kawardha,11,0
Chhattisgarh,Korba,549,2
Chhattisgarh,Koriya,1750,3
Chhattisgarh,Mahasamund,191,20
Chhattisgarh,Mungeli,33,2
Chhattisgarh,Raigarh,164,13
Chhattisgarh,Raipur,325,18
Chhattisgarh,Rajnandgaon,773,10
Chhattisgarh,Surajpur,37,3
Chhattisgarh,Surguja,1,0
Dadra and Nagar Haveli,Dadra and Nagar Haveli,546,72
Daman and Diu,Daman,9,0
Delhi,Central Delhi,138,37
Delhi,East Delhi,349,50
Delhi,Najafgarh,1,0
Delhi,New Delhi,27,2
Delhi,North Delhi,123,14
Delhi,North East,5,1
Delhi,North East Delhi,1192,83
Delhi,North West Delhi,977,80
Delhi,South Delhi,1199,84
Delhi,South West Delhi,411,42
Delhi,West Delhi,471,74
Goa,North Goa,27,38
Goa,South Goa,0,6
Gujarat,Ahmedabad,2768,219
Gujarat,Amreli,511,15
Gujarat,Anand,910,111
Gujarat,Banaskantha,582,15
Gujarat,Bharuch,827,90
Gujarat,Bhavnagar,781,122
Gujarat,Dahod,898,63
Gujarat,Gandhinagar,104,40
Gujarat,Jamnagar,328,24
Gujarat,Junagadh,2403,40
Gujarat,Kachchh,275,18
Gujarat,Kheda,1428,49
Gujarat,Mahesana,536,17
Gujarat,Narmada,109,16
Gujarat,Navsari,979,85
Gujarat,Panchmahal,1039,190
Gujarat,Patan,480,223
Gujarat,Porbandar,244,5
Gujarat,Rajkot,1343,122
Gujarat,Sabarkantha,1077,207
Gujarat,Surat,3955,799
Gujarat,Surendranagar,740,75
Gujarat,Tapi,541,24
Gujarat,The Dangs,36,6
Gujarat,Vadodara,1033,94
Gujarat,Valsad,780,88
Haryana,Ambala,390,67
Haryana,Bhiwani,1539,69
Haryana,Faridabad,1646,88
Haryana,Fatehabad,5062,274
Haryana,Gurgaon,1069,154
Haryana,Hisar,4449,289
Haryana,Jhajjar,1785,30
Haryana,Jind,3185,371
Haryana,Kaithal,499,398
Haryana,Karnal,2590,487
Haryana,Kurukshetra,1327,68
Haryana,Mahendragarh,822,28
Haryana,Mewat,2357,274
Haryana,Palwal,739,50
Haryana,Panchkula,106,13
Haryana,Panipat,2088,523
Haryana,Rewari,1708,69
Haryana,Rohtak,777,46
Haryana,Sirsa,1781,80
Haryana,Sonipat,402,256
Haryana,Yamuna Nagar,2432,171
Himachal Pradesh,Bilaspur,26,30
Himachal Pradesh,Chamba,40,1
Himachal Pradesh,Hamirpur,24,6
Himachal Pradesh,Kangra,203,61
Himachal Pradesh,Kinnaur,23,5
Himachal Pradesh,Kullu,56,12
Himachal Pradesh,Lahul and Spiti,1,0
Himachal Pradesh,Mandi,23,3
Himachal Pradesh,Shimla,51,33
Himachal Pradesh,Sirmaur,90,25
Himachal Pradesh,Solan,8,3
Himachal Pradesh,Una,30,28
Jammu and Kashmir,Anantnag,3,3
Jammu and Kashmir,Badgam,2,2
Jammu and Kashmir,Bandipore,0,3
Jammu and Kashmir,Baramula,2,2
Jammu and Kashmir,Doda,121,0
Jammu and Kashmir,Jammu,576,38
Jammu and Kashmir,Kargil,11,0
Jammu and Kashmir,Kathua,342,0
Jammu and Kashmir,Kupwara,1,3
Jammu and Kashmir,Leh,5,0
Jammu and Kashmir,Pulwama,1,0
Jammu and Kashmir,Rajouri,6,0
Jammu and Kashmir,Srinagar,1,0
Jammu and Kashmir,Udhampur,2,0
Jharkhand,Bokaro,526,27
Jharkhand,Chatra,790,19
Jharkhand,Deoghar,1189,52
Jharkhand,Dhanbad,1046,45
Jharkhand,Dumka,1029,14
Jharkhand,East Singhbhum,7418,63
Jharkhand,Garhwa,2094,246
Jharkhand,Giridih,974,55
Jharkhand,Godda,4741,29
Jharkhand,Gumla,368,25
Jharkhand,Hazaribag,1,0
Jharkhand,Hazaribagh,383,26
Jharkhand,Jamtara,2611,28
Jharkhand,Khunti,98,8
Jharkhand,Koderma,3190,40
Jharkhand,Latehar,1136,71
Jharkhand,Lohardaga,381,0
Jharkhand,Pakur,1044,27
Jharkhand,Palamu,1000,45
Jharkhand,Ramgarh,228,108
Jharkhand,Ranchi,472,57
Jharkhand,Sahibganj,3876,31
Jharkhand,Seraikela-Kharsawan,51,21
Jharkhand,Simdega,673,15
Jharkhand,West Singhbhum,6961,59
Karnataka,Bagalkot,856,267
Karnataka,Bangalore,3542,191
Karnataka,Bangalore Rural,195,30
Karnataka,Belgaum,1775,94
Karnataka,Bellary,5626,205
Karnataka,Bidar,1139,211
Karnataka,Bijapur,1393,199
Karnataka,Chamarajanagar,2413,48
Karnataka,Chikkaballapur,49,22
Karnataka,Chikmagalur,719,27
Karnataka,Chitradurga,1489,58
Karnataka,Dakshina Kannada,3609,80
Karnataka,Davangere,996,20
Karnataka,Dharwad,544,16
Karnataka,Gadag,201,20
Karnataka,Gulbarga,1636,225
Karnataka,Hassan,3373,73
Karnataka,Haveri,914,26
Karnataka,Kodagu,107,13
Karnataka,Kolar,967,69
Karnataka,Koppal,1204,44
Karnataka,Mandya,771,27
Karnataka,Mysore,471,9
Karnataka,Raichur,2466,191
Karnataka,Ramanagar,692,467
Karnataka,Shimoga,2961,80
Karnataka,Tumkur,94,7
Karnataka,Udupi,36,3
Karnataka,Uttara Kannada,267,18
Karnataka,Yadgir,831,46
Kerala,Alappuzha,28,19
Kerala,Ernakulam,52,3
Kerala,Idukki,61,1
Kerala,Kannur,40,124
Kerala,Kasaragod,34,1
Kerala,Kollam,38,1
Kerala,Kottayam,153,12
Kerala,Kozhikode,488,4
Kerala,Malappuram,510,23
Kerala,Palakkad,25,4
Kerala,Pathanamthitta,14,0
Kerala,Thiruvananthapuram,65,2
Kerala,Thrissur,59,5
Kerala,Wayanad,1,0
Lakshadweep,Lakshadweep,1,0
Madhya Pradesh,Alirajpur,963,119
Madhya Pradesh,Anuppur,1418,69
Madhya Pradesh,Ashok Nagar,634,83
Madhya Pradesh,Balaghat,4027,458
Madhya Pradesh,Barwani,1490,182
Madhya Pradesh,Betul,2164,633
Madhya Pradesh,Bhind,981,33
Madhya Pradesh,Bhopal,208,39
Madhya Pradesh,Burhanpur,33,2
Madhya Pradesh,Chhatarpur,2138,193
Madhya Pradesh,Chhindwara,3083,270
Madhya Pradesh,Damoh,537,39
Madhya Pradesh,Datia,2051,79
Madhya Pradesh,Dewas,170,66
Madhya Pradesh,Dhar,1660,235
Madhya Pradesh,Dindori,1083,191
Madhya Pradesh,Guna,1151,178
Madhya Pradesh,Gwalior,583,125
Madhya Pradesh,Harda,84,2
Madhya Pradesh,Hoshangabad,39,41
Madhya Pradesh,Indore,84,20
Madhya Pradesh,Jabalpur,228,76
Madhya Pradesh,Jhabua,735,892
Madhya Pradesh,Katni,2189,185
Madhya Pradesh,Khandwa,89,15
Madhya Pradesh,Khargone,845,84
Madhya Pradesh,Mandla,2044,218
Madhya Pradesh,Mandsaur,157,158
Madhya Pradesh,Morena,742,63
Madhya Pradesh,Narsinghpur,1448,130
Madhya Pradesh,Neemuch,77,34
Madhya Pradesh,Panna,1560,60
Madhya Pradesh,Raisen,718,120
Madhya Pradesh,Rajgarh,676,239
Madhya Pradesh,Ratlam,583,63
Madhya Pradesh,Rewa,2311,196
Madhya Pradesh,Sagar,1425,132
Madhya Pradesh,Satna,2894,224
Madhya Pradesh,Sehore,679,161
Madhya Pradesh,Seoni,390,70
Madhya Pradesh,Shahdol,2159,418
Madhya Pradesh,Shajapur,676,51
Madhya Pradesh,Sheopur,385,16
Madhya Pradesh,Shivpuri,3138,485
Madhya Pradesh,Sidhi,1908,232
Madhya Pradesh,Singrauli,2277,323
Madhya Pradesh,Tikamgarh,3321,203
Madhya Pradesh,Ujjain,395,107
Madhya Pradesh,Umaria,995,67
Madhya Pradesh,Vidisha,481,634
Maharashtra,Ahmednagar,3026,72
Maharashtra,Akola,1900,18
Maharashtra,Amravati,881,120
Maharashtra,Aurangabad,1555,193
Maharashtra,Beed,2923,73
Maharashtra,Bhandara,1248,40
Maharashtra,Buldhana,2770,78
Maharashtra,Chandrapur,1113,19
Maharashtra,Dhule,428,26
Maharashtra,Gadchiroli,1165,40
Maharashtra,Gondia,1406,48
Maharashtra,Hingoli,864,20
Maharashtra,Jalgaon,854,29
Maharashtra,Jalna,796,140
Maharashtra,Kolhapur,3034,28
Maharashtra,Latur,357,97
Maharashtra,Mumbai,632,47
Maharashtra,Nagpur,1999,73
Maharashtra,Nanded,3298,365
Maharashtra,Nandurbar,466,2
Maharashtra,Nashik,1616,193
Maharashtra,Osmanabad,2731,107
Maharashtra,Parbhani,1991,75
Maharashtra,Pune,2220,275
Maharashtra,Raigad,1616,37
Maharashtra,Ratnagiri,249,26
Maharashtra,Sangli,976,21
Maharashtra,Satara,2067,40
Maharashtra,Sindhudurg,2082,17
Maharashtra,Solapur,2018,223
Maharashtra,Thane,1726,130
Maharashtra,Wardha,160,2
Maharashtra,Washim,933,52
Maharashtra,Yavatmal,2876,102
Manipur,Chandel,1,1
Manipur,Churachandpur,2,1
Manipur,Imphal East,3,9
Manipur,Imphal West,67,11
Manipur,Tamenglong,0,1
Manipur,Thoubal,2,0
Meghalaya,East Khasi Hills,2,0
Mizoram,Lunglei,1,0
Nagaland,Dimapur,1,0
Odisha,Angul,2,0
Odisha,Anugul,869,6
Odisha,Balangir,18,1
Odisha,Baleswar,154,72
Odisha,Bargarh,1144,68
Odisha,Baudh,234,1
Odisha,Bhadrak,69,281
Odisha,Boudh,0,2
Odisha,Cuttack,23,45
Odisha,Debagarh,0,3
Odisha,Dhenkanal,78,22
Odisha,Gajapati,615,11
Odisha,Ganjam,430,155
Odisha,Jagatsinghapur,24,0
Odisha,Jajapur,1829,1567
Odisha,Jharsuguda,565,0
Odisha,Kalahandi,8,25
Odisha,Kandhamal,526,88
Odisha,Kendrapara,36,3
Odisha,Kendujhar,204,314
Odisha,Khorda,17,16
Odisha,Khordha,15,3
Odisha,Koraput,152,2
Odisha,Mayurbhanj,743,344
Odisha,Nabarangapur,8450,222
Odisha,Nayagarh,1040,24
Odisha,Nuapada,166,3
Odisha,Puri,1828,9
Odisha,Rayagada,0,7
Odisha,Sambalpur,142,71
Odisha,Sonapur,1,2
Odisha,Sundergarh,1964,17
Others,Others,3,126
Puducherry,Karaikal,2,2
Puducherry,Puducherry,8,1
Puducherry,Yanam,1,11
Punjab,Amritsar,1910,246
Punjab,Barnala,27,2
Punjab,Bathinda,303,31
Punjab,Faridkot,285,8
Punjab,Fatehgarh Sahib,17,9
Punjab,Fazilka,136,48
Punjab,Firozpur,466,17
Punjab,Gurdaspur,261,21
Punjab,Hoshiarpur,719,53
Punjab,Jalandhar,264,67
Punjab,Kapurthala,459,16
Punjab,Ludhiana,490,91
Punjab,Mansa,2426,38
Punjab,Moga,217,9
Punjab,Muktsar,16,0
Punjab,Pathankot,85,51
Punjab,Patiala,1487,100
Punjab,Rupnagar,147,3
Punjab,SAS Nagar (Mohali),430,27
Punjab,Sangrur,1490,43
Punjab,Shaheed Bhagat Singh Nagar,179,32
Punjab,Sri Muktsar Sahib,272,54
Punjab,Tarn Taran,2185,177
Rajasthan,Ajmer,175,30
Rajasthan,Alwar,1306,58
Rajasthan,Banswara,623,48
Rajasthan,Baran,1772,178
Rajasthan,Barmer,391,56
Rajasthan,Bharatpur,2443,34
Rajasthan,Bhilwara,2481,114
Rajasthan,Bikaner,1336,134
Rajasthan,Bundi,739,36
Rajasthan,Chittorgarh,1048,93
Rajasthan,Churu,390,15
Rajasthan,Dausa,331,17
Rajasthan,Dholpur,1620,19
Rajasthan,Dungarpur,732,55
Rajasthan,Ganganagar,4280,290
Rajasthan,Hanumangarh,2423,268
Rajasthan,Jaipur,2777,113
Rajasthan,Jaisalmer,1220,59
Rajasthan,Jalor,873,54
Rajasthan,Jhalawar,1490,56
Rajasthan,Jhunjhunu,264,22
Rajasthan,Jodhpur,2582,133
Rajasthan,Karauli,925,29
Rajasthan,Kota,485,30
Rajasthan,Nagaur,1752,136
Rajasthan,Pali,819,49
Rajasthan,Pratapgarh,636,161
Rajasthan,Rajsamand,120,44
Rajasthan,Sawai Madhopur,920,22
Rajasthan,Sikar,1704,231
Rajasthan,Sirohi,267,32
Rajasthan,Tonk,1140,97
Rajasthan,Udaipur,384,17
Sikkim,East Sikkim,9,1
Sikkim,South Sikkim,2,1
Sikkim,West Sikkim,13,1
Tamil Nadu,Ariyalur,34,0
Tamil Nadu,Chennai,4342,400
Tamil Nadu,Coimbatore,8906,2908
Tamil Nadu,Cuddalore,51,2
Tamil Nadu,Dharmapuri,1255,2
Tamil Nadu,Dindigul,610,20
Tamil Nadu,Erode,599,13
Tamil Nadu,Kancheepuram,4306,121
Tamil Nadu,Kanyakumari,96,0
Tamil Nadu,Karur,41,1
Tamil Nadu,Krishnagiri,1361,40
Tamil Nadu,Madurai,294,8
Tamil Nadu,Nagapattinam,11,38
Tamil Nadu,Namakkal,496,28
Tamil Nadu,Perambalur,15,2
Tamil Nadu,Pudukkottai,140,5
Tamil Nadu,Ramanathapuram,1121,3
Tamil Nadu,Salem,848,9
Tamil Nadu,Sivaganga,930,110
Tamil Nadu,Thanjavur,2604,193
Tamil Nadu,The Nilgiris,2043,3
Tamil Nadu,Theni,262,1
Tamil Nadu,Thiruvarur,31,0
Tamil Nadu,Thoothukudi,1170,1
Tamil Nadu,Tiruchirappalli,173,3
Tamil Nadu,Tirunelveli,2140,90
Tamil Nadu,Tirupur,6205,8
Tamil Nadu,Tiruvallur,2492,232
Tamil Nadu,Tiruvannamalai,3121,2036
Tamil Nadu,Vellore,7577,19
Tamil Nadu,Viluppuram,4488,4
Tamil Nadu,Virudhunagar,906,92
Tripura,Dhalai,1,0
Tripura,Gomati,11,2
Tripura,North Tripura,0,6
Tripura,Sepahijala,33,2
Tripura,South Tripura,113,9
Tripura,Unakoti,0,12
Tripura,West Tripura,6,0
Uttar Pradesh,Agra,2820,62
Uttar Pradesh,Aligarh,2128,72
Uttar Pradesh,Allahabad,2696,61
Uttar Pradesh,Ambedkar Nagar,362,88
Uttar Pradesh,Amethi,4411,51
Uttar Pradesh,Amroha,1261,3
Uttar Pradesh,Auraiya,29,3
Uttar Pradesh,Azamgarh,297,25
Uttar Pradesh,Baghpat,61,1
Uttar Pradesh,Bahraich,19,5
Uttar Pradesh,Ballia,197,2
Uttar Pradesh,Balrampur,1759,41
Uttar Pradesh,Banda,867,11
Uttar Pradesh,Barabanki,334,10
Uttar Pradesh,Bareilly,775,196
Uttar Pradesh,Basti,86,5
Uttar Pradesh,Bijnor,671,18
Uttar Pradesh,Budaun,46,6
Uttar Pradesh,Bulandshahr,1524,6
Uttar Pradesh,Chandauli,1740,5
Uttar Pradesh,Chitrakoot,61,24
Uttar Pradesh,Deoria,988,39
Uttar Pradesh,Etah,70,11
Uttar Pradesh,Etawah,1668,15
Uttar Pradesh,Faizabad,717,216
Uttar Pradesh,Farrukhabad,69,2
Uttar Pradesh,Fatehpur,2373,28
Uttar Pradesh,Firozabad,47,15
Uttar Pradesh,Gautam Buddha Nagar,1497,103
Uttar Pradesh,Ghaziabad,1440,129
Uttar Pradesh,Ghazipur,1094,16
Uttar Pradesh,Gonda,894,64
Uttar Pradesh,Gorakhpur,1261,10
Uttar Pradesh,Hamirpur,445,6
Uttar Pradesh,Hapur,2,196
Uttar Pradesh,Hardoi,90,2
Uttar Pradesh,Hathras,1808,108
Uttar Pradesh,Jalaun,305,3
Uttar Pradesh,Jaunpur,87,19
Uttar Pradesh,Jhansi,494,4
Uttar Pradesh,Kannauj,244,11
Uttar Pradesh,Kanpur Dehat,157,4
Uttar Pradesh,Kanpur Nagar,2494,89
Uttar Pradesh,Kasganj,729,9
Uttar Pradesh,Kaushambi,21,2
Uttar Pradesh,Kheri,360,12
Uttar Pradesh,Kushinagar,580,26
Uttar Pradesh,Lalitpur,35,3
Uttar Pradesh,Lucknow,1337,160
Uttar Pradesh,Maharajganj,176,11
Uttar Pradesh,Mahoba,1257,3
Uttar Pradesh,Mahrajganj,1,0
Uttar Pradesh,Mainpuri,891,7
Uttar Pradesh,Mathura,349,27
Uttar Pradesh,Mau,41,2
Uttar Pradesh,Meerut,5631,198
Uttar Pradesh,Mirzapur,51,1
Uttar Pradesh,Moradabad,447,47
Uttar Pradesh,Muzaffarnagar,216,6
Uttar Pradesh,Pilibhit,2253,240
Uttar Pradesh,Pratapgarh,990,57
Uttar Pradesh,Raebareli,6987,54
Uttar Pradesh,Rampur,3,1
Uttar Pradesh,Saharanpur,703,65
Uttar Pradesh,Sambhal,23,54
Uttar Pradesh,Sant Kabir Nagar,1908,54
Uttar Pradesh,Sant Ravidas Nagar,1033,5
Uttar Pradesh,Shahjahanpur,45,135
Uttar Pradesh,Shamli,170,5
Uttar Pradesh,Shrawasti,1106,11
Uttar Pradesh,Siddharthnagar,234,14
Uttar Pradesh,Sitapur,931,18
Uttar Pradesh,Sonbhadra,320,11
Uttar Pradesh,Sultanpur,34,42
Uttar Pradesh,Unnao,137,30
Uttar Pradesh,Varanasi,3432,40
Uttarakhand,Almora,18,0
Uttarakhand,Bageshwar,203,1
Uttarakhand,Chamoli,2,0
Uttarakhand,Champawat,1230,1
Uttarakhand,Dehradun,779,29
Uttarakhand,Haridwar,16,11
Uttarakhand,Nainital,183,1
Uttarakhand,Pauri Garhwal,18,3
Uttarakhand,Pithoragarh,21,0
Uttarakhand,Rudraprayag,6,0
Uttarakhand,Tehri Garhwal,166,7
Uttarakhand,Udham Singh Nagar,2191,6
Uttarakhand,Uttarkashi,1,0
West Bengal,Bankura,1863,536
West Bengal,Bardhaman,18865,288
West Bengal,Birbhum,8264,1706
West Bengal,Cooch Behar,918,112
West Bengal,Darjeeling,40,20
West Bengal,East Midnapore,10503,532
West Bengal,Hooghly,1842,118
West Bengal,Howrah,583,311
West Bengal,Jalpaiguri,4055,1716
West Bengal,Kolkata,1877,26
West Bengal,Malda,3694,191
West Bengal,Medinipur,1480,1575
West Bengal,Murshidabad,2063,17
West Bengal,Nadia,1976,19
West Bengal,North 24 Parganas,10394,2132
West Bengal,North Dinajpur,774,20
West Bengal,Purulia,4136,57
West Bengal,South 24 Parganas,18652,31
West Bengal,South Dinajpur,767,64
West Bengal,South Twenty Four Parganas,15,0
West Bengal,West Midnapore,20642,697
