State,District,Aadhaar generated,Enrolment Rejected
Andaman and Nicobar Islands,Nicobar,1,0
Andaman and Nicobar Islands,North And Middle Andaman,3,0
Andaman and Nicobar Islands,South Andaman,2,1
Andhra Pradesh,Adilabad,903,133
Andhra Pradesh,Anantapur,11,25
Andhra Pradesh,Ananthapur,711,133
Andhra Pradesh,Chittoor,1345,151
Andhra Pradesh,Cuddapah,2300,958
Andhra Pradesh,East Godavari,1164,249
Andhra Pradesh,Guntur,6977,1389
Andhra Pradesh,Hyderabad,5573,371
Andhra Pradesh,K.V.Rangareddy,2,6
Andhra Pradesh,K.v. Rangareddy,7249,512
Andhra Pradesh,Karim Nagar,12,11
Andhra Pradesh,Karimnagar,8566,336
Andhra Pradesh,Khammam,2197,293
Andhra Pradesh,Krishna,3017,501
Andhra Pradesh,Kurnool,944,1156
Andhra Pradesh,Mahabub Nagar,541,542
Andhra Pradesh,Mahabubnagar,2987,489
Andhra Pradesh,Mahbubnagar,120,120
Andhra Pradesh,Medak,3122,915
Andhra Pradesh,Nalgonda,2402,1137
Andhra Pradesh,Nellore,1166,86
Andhra Pradesh,Nizamabad,4589,373
Andhra Pradesh,Prakasam,3129,1451
Andhra Pradesh,Srikakulam,386,1000
Andhra Pradesh,Visakhapatnam,4329,1123
Andhra Pradesh,Vizianagaram,61,27
Andhra Pradesh,Warangal,9657,2241
Andhra Pradesh,West Godavari,5597,243
Arunachal Pradesh,Dibang Valley,2,0
Arunachal Pradesh,East Kameng,2,0
Arunachal Pradesh,East Siang,3,0
Arunachal Pradesh,Lohit,2,0
Arunachal Pradesh,Lower Subansiri,2,0
Arunachal Pradesh,Papum Pare,3,0
Arunachal Pradesh,Tirap,5,0
Arunachal Pradesh,Upper Subansiri,3,0
Arunachal Pradesh,West Siang,3,0
Assam,Baksa,5,0
Assam,Barpeta,6,0
Assam,Cachar,10,0
Assam,Chirang,2,0
Assam,Dhemaji,1,1
Assam,Dhubri,2,0
Assam,Dibrugarh,4,0
Assam,Goalpara,1,0
Assam,Golaghat,5,0
Assam,Hailakandi,1,1
Assam,Jorhat,6,0
Assam,Kamrup,8,0
Assam,Karbi Anglong,2,0
Assam,Karimganj,6,0
Assam,Lakhimpur,1,0
Assam,Marigaon,3,0
Assam,Nagaon,7,1
Assam,Sibsagar,4,0
Assam,Sonitpur,3,1
Assam,Tinsukia,4,0
Assam,Udalguri,3,0
Bihar,Araria,22,1
Bihar,Arwal,289,8
Bihar,Aurangabad,60,1
Bihar,Aurangabad(BH),4,1
Bihar,Banka,36,3
Bihar,Begusarai,74,2
Bihar,Bhabua,1,0
Bihar,Bhagalpur,63,9
Bihar,Bhojpur,101,13
Bihar,Buxar,44,3
Bihar,Darbhanga,138,4
Bihar,East Champaran,92,5
Bihar,Gaya,83,7
Bihar,Gopalganj,61,4
Bihar,Jamui,34,5
Bihar,Jehanabad,22,3
Bihar,Kaimur (Bhabua),17,0
Bihar,Katihar,32,2
Bihar,Khagaria,27,1
Bihar,Kishanganj,43,13
Bihar,Lakhisarai,19,1
Bihar,Madhepura,26,2
Bihar,Madhubani,101,13
Bihar,Munger,31,0
Bihar,Muzaffarpur,88,3
Bihar,Nalanda,261,7
Bihar,Nawada,39,4
Bihar,Patna,120,11
Bihar,Purnia,21,0
Bihar,Rohtas,120,4
Bihar,Saharsa,48,6
Bihar,Samastipur,93,4
Bihar,Saran,119,17
Bihar,Sheikhpura,565,19
Bihar,Sheohar,49,10
Bihar,Sitamarhi,52,6
Bihar,Siwan,94,5
Bihar,Supaul,19,1
Bihar,Vaishali,148,4
Bihar,West Champaran,68,1
Chandigarh,Chandigarh,742,106
Chandigarh,Mohali,2,0
Chhattisgarh,Balod,23,0
Chhattisgarh,Baloda Bazar,1,0
Chhattisgarh,Bastar,11,0
Chhattisgarh,Bemetara,5,0
Chhattisgarh,Bilaspur,177,1
Chhattisgarh,Dantewada,1,0
Chhattisgarh,Dhamtari,3640,3
Chhattisgarh,Durg,632,8
Chhattisgarh,Gariyaband ,1,0
Chhattisgarh,Janjgir Champa,8,0
Chhattisgarh,Jashpur,1,1
Chhattisgarh,Kanker,1,0
Chhattisgarh,Kawardha,1,0
Chhattisgarh,Korba,290,7
Chhattisgarh,Koriya,193,5
Chhattisgarh,Mahasamund,33,158
Chhattisgarh,Raigarh,44,7
Chhattisgarh,Raipur,10,1
Chhattisgarh,Rajnandgaon,118,0
Chhattisgarh,Surajpur ,2,0
Chhattisgarh,Surguja,3,7
Dadra and Nagar Haveli,Dadra and Nagar Haveli,126,26
Daman and Diu,Daman,11,11
Daman and Diu,Diu,5,7
Delhi,Central Delhi,377,291
Delhi,East Delhi,1313,680
Delhi,Najafgarh,64,108
Delhi,New Delhi,51,7
Delhi,North Delhi,199,803
Delhi,North East,176,1297
Delhi,North East Delhi,597,274
Delhi,North West Delhi,3055,1681
Delhi,South Delhi,1452,2876
Delhi,South West Delhi,752,734
Delhi,West Delhi,955,690
Goa,Bardez,3,1
Goa,North Goa,77,173
Goa,South Goa,59,27
Gujarat,Ahmadabad,34,3
Gujarat,Ahmedabad,2098,294
Gujarat,Amreli,1001,7
Gujarat,Anand,1332,25
Gujarat,Banaskantha,2017,61
Gujarat,Bharuch,691,41
Gujarat,Bhavnagar,1607,40
Gujarat,Dahod,97,4
Gujarat,Dohad,1678,69
Gujarat,Gandhinagar,1528,43
Gujarat,Jamnagar,1087,109
Gujarat,Junagadh,3473,114
Gujarat,Kachchh,331,57
Gujarat,Kheda,1430,67
Gujarat,Mahesana,1178,34
Gujarat,Narmada,585,63
Gujarat,Navsari,1202,34
Gujarat,Panchmahals,779,25
Gujarat,Patan,1416,65
Gujarat,Porbandar,737,71
Gujarat,Rajkot,3451,207
Gujarat,Sabarkantha,1538,151
Gujarat,Surat,2241,334
Gujarat,Surendra Nagar,464,8
Gujarat,Tapi,887,31
Gujarat,The Dangs,36,2
Gujarat,Vadodara,1722,77
Gujarat,Valsad,893,26
Haryana,Ambala,3432,567
Haryana,Bhiwani,1954,41
Haryana,Faridabad,4230,179
Haryana,Fatehabad,484,23
Haryana,Gurgaon,1398,114
Haryana,Hisar,1936,67
Haryana,Jhajjar,1766,33
Haryana,Jind,712,32
Haryana,Kaithal,2136,87
Haryana,Karnal,1401,88
Haryana,Kurukshetra,3090,34
Haryana,Mahendragarh,586,11
Haryana,Mewat,86,7
Haryana,Palwal,1440,103
Haryana,Panchkula,1237,72
Haryana,Panipat,361,39
Haryana,Rewari,1307,42
Haryana,Rohtak,1294,73
Haryana,Sirsa,1282,101
Haryana,Sonipat,3126,1764
Haryana,Yamuna Nagar,1514,48
Himachal Pradesh,Bilaspur,136,23
Himachal Pradesh,Bilaspur ,1,1
Himachal Pradesh,Chamba,412,26
Himachal Pradesh,Hamirpur,119,14
Himachal Pradesh,Kangra,1295,68
Himachal Pradesh,Kinnaur,10,0
Himachal Pradesh,Kullu,157,20
Himachal Pradesh,Lahul and Spiti,4,1
Himachal Pradesh,Mandi,631,42
Himachal Pradesh,Shimla,962,58
Himachal Pradesh,Sirmaur,1085,75
Himachal Pradesh,Solan,233,30
Himachal Pradesh,Una,155,24
Jammu and Kashmir,Anantnag,7,0
Jammu and Kashmir,Badgam,1,0
Jammu and Kashmir,Bandipore,1,0
Jammu and Kashmir,Baramula,4,0
Jammu and Kashmir,Baramulla,1,0
Jammu and Kashmir,Budgam,1,0
Jammu and Kashmir,Doda,134,0
Jammu and Kashmir,Jammu,76,1
Jammu and Kashmir,Kathua,20,0
Jammu and Kashmir,Leh,2,0
Jammu and Kashmir,Pulwama,6,0
Jammu and Kashmir,Punch,3,0
Jammu and Kashmir,Rajouri,12,0
Jammu and Kashmir,Srinagar,4,0
Jammu and Kashmir,Udhampur,6,1
Jharkhand,Bokaro,1494,782
Jharkhand,Chatra,1882,241
Jharkhand,Deoghar,1108,384
Jharkhand,Dhanbad,1571,297
Jharkhand,Dumka,1904,220
Jharkhand,East Singhbhum,1666,74
Jharkhand,Garhwa,635,187
Jharkhand,Giridih,3009,919
Jharkhand,Godda,1734,247
Jharkhand,Gumla,673,127
Jharkhand,Hazaribag,10,2
Jharkhand,Hazaribagh,2566,213
Jharkhand,Jamtara,740,132
Jharkhand,Khunti,493,117
Jharkhand,Kodarma,2,0
Jharkhand,Koderma,349,28
Jharkhand,Latehar,978,59
Jharkhand,Lohardaga,536,50
Jharkhand,Pakaur,8,0
Jharkhand,Pakur,858,74
Jharkhand,Palamau,29,5
Jharkhand,Palamu,848,237
Jharkhand,Ramgarh,1062,104
Jharkhand,Ranchi,2294,583
Jharkhand,Sahebganj,1927,133
Jharkhand,Seraikela-Kharsawan,925,136
Jharkhand,Simdega,560,58
Jharkhand,West Singhbhum,756,68
Karnataka,Bagalkot,2004,613
Karnataka,Bangalore,13501,1068
Karnataka,Bangalore Rural,1709,253
Karnataka,Belgaum,4213,281
Karnataka,Bellary,2278,323
Karnataka,Bidar,243,204
Karnataka,Bijapur,1438,194
Karnataka,Bijapur(KAR),58,2983
Karnataka,Chamrajanagar,1006,28
Karnataka,Chickmagalur,1148,67
Karnataka,Chikkaballapur,4191,108
Karnataka,Chitradurga,4195,1056
Karnataka,Dakshina Kannada,2195,107
Karnataka,Davangere,1994,121
Karnataka,Dharwad,1884,202
Karnataka,Gadag,362,64
Karnataka,Gulbarga,1058,120
Karnataka,Hasan,958,28
Karnataka,Hassan,18,2
Karnataka,Haveri,418,1402
Karnataka,Kodagu,346,43
Karnataka,Kolar,3651,393
Karnataka,Koppal,509,61
Karnataka,Mandya,1261,154
Karnataka,Mysore,425,152
Karnataka,Raichur,1472,108
Karnataka,Ramanagar,1346,69
Karnataka,Shimoga,807,49
Karnataka,Tumkur,258,84
Karnataka,Udupi,459,125
Karnataka,Uttara Kannada,3586,954
Karnataka,Yadgir,239,688
Kerala,Alappuzha,1816,4584
Kerala,Ernakulam,1680,2296
Kerala,Idukki,591,298
Kerala,Kannur,2624,3962
Kerala,Kasaragod,729,92
Kerala,Kasargod,886,661
Kerala,Kollam,2325,5543
Kerala,Kottayam,647,292
Kerala,Kozhikode,2742,8143
Kerala,Malappuram,8562,1259
Kerala,Palakkad,1006,314
Kerala,Pathanamthitta,466,1628
Kerala,Thiruvananthapuram,2038,6043
Kerala,Thrissur,3447,1597
Kerala,Wayanad,357,1865
Lakshadweep,Lakshadweep,4,6
Madhya Pradesh,Alirajpur,1130,255
Madhya Pradesh,Anuppur,547,33
Madhya Pradesh,Ashok Nagar,231,27
Madhya Pradesh,Balaghat,695,35
Madhya Pradesh,Barwani,131,24
Madhya Pradesh,Betul,1263,34
Madhya Pradesh,Bhind,1258,163
Madhya Pradesh,Bhopal,2948,687
Madhya Pradesh,Burhanpur,12,4
Madhya Pradesh,Chhatarpur,1227,193
Madhya Pradesh,Chhindwara,1846,187
Madhya Pradesh,Damoh,1766,71
Madhya Pradesh,Datia,400,27
Madhya Pradesh,Dewas,252,49
Madhya Pradesh,Dhar,3670,217
Madhya Pradesh,Dindori,999,172
Madhya Pradesh,Guna,954,127
Madhya Pradesh,Gwalior,1605,370
Madhya Pradesh,Harda,185,16
Madhya Pradesh,Hoshangabad,1341,265
Madhya Pradesh,Indore,2443,587
Madhya Pradesh,Jabalpur,3006,747
Madhya Pradesh,Jhabua,1190,367
Madhya Pradesh,Katni,1464,246
Madhya Pradesh,Khandwa,544,99
Madhya Pradesh,Khargone,1791,156
Madhya Pradesh,Mandla,301,20
Madhya Pradesh,Mandsaur,165,15
Madhya Pradesh,Morena,654,82
Madhya Pradesh,Narsinghpur,630,169
Madhya Pradesh,Neemuch,21,2
Madhya Pradesh,Panna,1561,85
Madhya Pradesh,Raisen,1346,192
Madhya Pradesh,Rajgarh,1063,153
Madhya Pradesh,Ratlam,444,46
Madhya Pradesh,Rewa,4644,577
Madhya Pradesh,Sagar,2343,154
Madhya Pradesh,Satna,4321,325
Madhya Pradesh,Sehore,2080,207
Madhya Pradesh,Seoni,3041,174
Madhya Pradesh,Shahdol,1054,72
Madhya Pradesh,Shajapur,5,2
Madhya Pradesh,Sheopur,340,18
Madhya Pradesh,Shivpuri,672,32
Madhya Pradesh,Sidhi,1434,110
Madhya Pradesh,Singrauli,534,16
Madhya Pradesh,Tikamgarh,876,29
Madhya Pradesh,Ujjain,1726,510
Madhya Pradesh,Umaria,755,25
Madhya Pradesh,Vidisha,1566,411
Maharashtra,Ahmadnagar,4541,315
Maharashtra,Ahmed Nagar,262,146
Maharashtra,Akola,1869,290
Maharashtra,Amravati,3870,347
Maharashtra,Aurangabad,2299,907
Maharashtra,Beed,3914,285
Maharashtra,Bhandara,812,343
Maharashtra,Buldhana,1479,117
Maharashtra,Chandrapur,2344,357
Maharashtra,Dhule,1428,410
Maharashtra,Gadchiroli,415,104
Maharashtra,Gondia,26,28
Maharashtra,Gondiya,3416,217
Maharashtra,Hingoli,329,281
Maharashtra,Jalgaon,4411,558
Maharashtra,Jalna,1819,9902
Maharashtra,Kolhapur,6512,221
Maharashtra,Latur,892,194
Maharashtra,Mumbai,13516,513
Maharashtra,Mumbai City,22,0
Maharashtra,Mumbai( Sub Urban ),4,0
Maharashtra,Nagpur,2947,1053
Maharashtra,Nanded,1457,188
Maharashtra,Nandurbar,2417,154
Maharashtra,Nashik,7864,873
Maharashtra,Osmanabad,390,85
Maharashtra,Parbhani,1870,542
Maharashtra,Pune,9211,404
Maharashtra,Raigarh,1051,35
Maharashtra,Raigarh(MH),83,3
Maharashtra,Ratnagiri,237,13
Maharashtra,Sangli,4812,482
Maharashtra,Satara,1941,126
Maharashtra,Sindhudurg,102,2
Maharashtra,Solapur,1432,304
Maharashtra,Thane,11759,2265
Maharashtra,Wardha,330,207
Maharashtra,Washim,925,62
Maharashtra,Yavatmal,1290,185
Manipur,Bishnupur,1,0
Manipur,Chandel,0,3
Manipur,Churachandpur,20,18
Manipur,Imphal East,4,0
Manipur,Imphal West,9,1
Manipur,Senapati,4,0
Manipur,Tamenglong,2,0
Manipur,Thoubal,3,2
Manipur,Ukhrul,1,0
Mizoram,Aizawl,3,0
Mizoram,Kolasib,1,0
Nagaland,Dimapur,293,9
Nagaland,Kiphire,1,2
Nagaland,Kohima,160,27
Nagaland,Longleng,13,4
Nagaland,Mokokchung,329,37
Nagaland,Mon,12,22
Nagaland,Phek,28,3
Nagaland,Tuensang,7,0
Nagaland,Wokha,52,2
Nagaland,Zunheboto,3,5
Odisha,Angul,6,1
Odisha,Anugul,0,1
Odisha,Balangir,601,16
Odisha,Baleswar,9500,1120
Odisha,Bargarh,1369,3602
Odisha,Baudh,6,0
Odisha,Bhadrak,3956,4303
Odisha,Cuttack,2522,1051
Odisha,Dhenkanal,9,0
Odisha,Gajapati,9,0
Odisha,Ganjam,991,2667
Odisha,Jagatsinghapur,11514,736
Odisha,Jajapur,65,5
Odisha,Kalahandi,9,0
Odisha,Kandhamal,1244,69
Odisha,Kendrapara,6077,94
Odisha,Kendujhar,938,876
Odisha,Khorda,17,1
Odisha,Khordha,1145,1330
Odisha,Koraput,331,143
Odisha,Mayurbhanj,1409,40
Odisha,Nabarangapur,3,0
Odisha,Nayagarh,5,0
Odisha,Puri,12843,4200
Odisha,Rayagada,2,2
Odisha,Sambalpur,315,502
Odisha,Sonapur,37,21
Odisha,Sundergarh,4106,354
Others,Others,0,22148
Puducherry,Karaikal,1,0
Puducherry,Pondicherry,7,12
Puducherry,Puducherry,375,123
Puducherry,Yanam,41,39
Punjab,Amritsar,4349,388
Punjab,Barnala,684,103
Punjab,Bathinda,3752,491
Punjab,Faridkot,1657,42
Punjab,Fatehgarh Sahib,481,100
Punjab,Fazilka,1980,208
Punjab,Ferozepur,1149,71
Punjab,Gurdaspur,3537,281
Punjab,Hoshiarpur,3325,111
Punjab,Jalandhar,4236,265
Punjab,Kapurthala,1029,74
Punjab,Ludhiana,9136,748
Punjab,Mansa,2750,31
Punjab,Moga,1760,67
Punjab,Muktsar,47,5
Punjab,Nawanshahr,1,2
Punjab,Pathankot,350,61
Punjab,Patiala,5031,394
Punjab,Rupnagar,1001,65
Punjab,SAS Nagar (Mohali),2114,105
Punjab,Sangrur,4605,114
Punjab,Shaheed Bhagat Singh Nagar,538,123
Punjab,Sri Muktsar Sahib,629,64
Punjab,Tarn Taran,782,32
Rajasthan,Ajmer,6244,537
Rajasthan,Alwar,5637,655
Rajasthan,Banswara,1247,61
Rajasthan,Baran,372,192
Rajasthan,Barmer,2135,503
Rajasthan,Bharatpur,1727,47
Rajasthan,Bhilwara,808,110
Rajasthan,Bikaner,2283,344
Rajasthan,Bundi,872,236
Rajasthan,Chittorgarh,715,159
Rajasthan,Churu,4743,416
Rajasthan,Dausa,4430,238
Rajasthan,Dholpur,1218,49
Rajasthan,Dungarpur,3934,23
Rajasthan,Ganganagar,725,51
Rajasthan,Hanumangarh,2976,67
Rajasthan,Jaipur,7699,390
Rajasthan,Jaisalmer,363,6
Rajasthan,Jalor,1260,388
Rajasthan,Jhalawar,619,56
Rajasthan,Jhunjhunu,143,19
Rajasthan,Jhunjhunun,3709,290
Rajasthan,Jodhpur,4077,189
Rajasthan,Karauli,1283,54
Rajasthan,Kota,1282,411
Rajasthan,Nagaur,2932,349
Rajasthan,Pali,2520,329
Rajasthan,Pratapgarh,1839,35
Rajasthan,Rajsamand,1022,344
Rajasthan,Sawai Madhopur,923,109
Rajasthan,Sikar,4606,210
Rajasthan,Sirohi,1015,217
Rajasthan,Tonk,1426,172
Rajasthan,Udaipur,3745,497
Sikkim,East Sikkim,74,8
Sikkim,North Sikkim,14,0
Sikkim,South Sikkim,9,0
Sikkim,West Sikkim,9,0
Tamil Nadu,Ariyalur,7,3
Tamil Nadu,Chennai,550,122
Tamil Nadu,Coimbatore,569,921
Tamil Nadu,Cuddalore,353,254
Tamil Nadu,Dharmapuri,4972,252
Tamil Nadu,Dindigul,2816,2540
Tamil Nadu,Erode,262,557
Tamil Nadu,Kancheepuram,4872,272
Tamil Nadu,Kanchipuram,563,75
Tamil Nadu,Kanniyakumari,2527,58
Tamil Nadu,Kanyakumari,42,85
Tamil Nadu,Karur,110,1
Tamil Nadu,Krishnagiri,3282,205
Tamil Nadu,Madurai,5639,5902
Tamil Nadu,Nagapattinam,756,190
Tamil Nadu,Namakkal,2148,462
Tamil Nadu,Nilgiris,15,1
Tamil Nadu,Perambalur,58,3
Tamil Nadu,Pudukkottai,7,4
Tamil Nadu,Ramanathapuram,2377,227
Tamil Nadu,Salem,8736,1030
Tamil Nadu,Sivaganga,183,116
Tamil Nadu,Thanjavur,4314,286
Tamil Nadu,The Nilgiris,340,1
Tamil Nadu,Theni,515,8717
Tamil Nadu,Thiruvarur,384,18
Tamil Nadu,Thoothukkudi,1950,137
Tamil Nadu,Tiruchirappalli,1661,324
Tamil Nadu,Tirunelveli,1342,834
Tamil Nadu,Tiruppur,2567,721
Tamil Nadu,Tiruvallur,451,488
Tamil Nadu,Tiruvannamalai,4818,475
Tamil Nadu,Tiruvarur,60,73
Tamil Nadu,Vellore,4554,2674
Tamil Nadu,Villupuram,401,243
Tamil Nadu,Viluppuram,8194,653
Tamil Nadu,Virudhunagar,5044,670
Tripura,Dhalai,9,2
Tripura,Gomati,1,0
Tripura,Khowai,2,0
Tripura,North Tripura,20,7
Tripura,Sepahijala,1,0
Tripura,South Tripura,20,3
Tripura,West Tripura,20,9
Uttar Pradesh,Agra,65,8
Uttar Pradesh,Aligarh,392,90
Uttar Pradesh,Allahabad,108,7
Uttar Pradesh,Ambedkar Nagar,36,2
Uttar Pradesh,Amethi,191,9
Uttar Pradesh,Amroha,14,1
Uttar Pradesh,Auraiya,21,9
Uttar Pradesh,Azamgarh,283,8
Uttar Pradesh,Baghpat,19,2
Uttar Pradesh,Bagpat,1,0
Uttar Pradesh,Bahraich,26,0
Uttar Pradesh,Ballia,247,13
Uttar Pradesh,Balrampur,16,1
Uttar Pradesh,Banda,35,1
Uttar Pradesh,Bara Banki,351,146
Uttar Pradesh,Barabanki,3,1
Uttar Pradesh,Bareilly,33,10
Uttar Pradesh,Basti,252,22
Uttar Pradesh,Bijnor,88,54
Uttar Pradesh,Budaun,40,6
Uttar Pradesh,Bulandshahar,5,1
Uttar Pradesh,Bulandshahr,59,4
Uttar Pradesh,Chandauli,30,0
Uttar Pradesh,Chitrakoot,39,2
Uttar Pradesh,Deoria,83,17
Uttar Pradesh,Etah,38,1
Uttar Pradesh,Etawah,1896,158
Uttar Pradesh,Faizabad,497,61
Uttar Pradesh,Farrukhabad,21,0
Uttar Pradesh,Fatehpur,51,2
Uttar Pradesh,Firozabad,21,13
Uttar Pradesh,Gautam Buddha Nagar,141,4
Uttar Pradesh,Ghaziabad,412,439
Uttar Pradesh,Ghazipur,132,10
Uttar Pradesh,Gonda,115,3
Uttar Pradesh,Gorakhpur,123,11
Uttar Pradesh,Hamirpur,8,0
Uttar Pradesh,Hardoi,193,60
Uttar Pradesh,Hathras,21,3
Uttar Pradesh,Jalaun,17,4
Uttar Pradesh,Jaunpur,87,5
Uttar Pradesh,Jhansi,54,1
Uttar Pradesh,Jyotiba Phule Nagar,2,0
Uttar Pradesh,Kannauj,14,4
Uttar Pradesh,Kanpur Dehat,17,1
Uttar Pradesh,Kanpur Nagar,60,23
Uttar Pradesh,Kasganj,14,0
Uttar Pradesh,Kaushambi,556,0
Uttar Pradesh,Kheri,14,1
Uttar Pradesh,Kushinagar,61,14
Uttar Pradesh,Lalitpur,11,0
Uttar Pradesh,Lucknow,55,19
Uttar Pradesh,Maharajganj,303,1
Uttar Pradesh,Mahoba,79,18
Uttar Pradesh,Mahrajganj,5,0
Uttar Pradesh,Mainpuri,88,178
Uttar Pradesh,Mathura,40,3
Uttar Pradesh,Mau,47,6
Uttar Pradesh,Meerut,132,23
Uttar Pradesh,Mirzapur,31,1
Uttar Pradesh,Moradabad,28,3
Uttar Pradesh,Muzaffarnagar,36,0
Uttar Pradesh,Pilibhit,1764,153
Uttar Pradesh,Pratapgarh,2776,15
Uttar Pradesh,Rae Bareli,270,9
Uttar Pradesh,Raebareli,11,13
Uttar Pradesh,Rampur,17,2
Uttar Pradesh,Saharanpur,33,1
Uttar Pradesh,Sambhal,20,0
Uttar Pradesh,Sant Kabir Nagar,79,15
Uttar Pradesh,Sant Ravidas Nagar,1849,21
Uttar Pradesh,Sant Ravidas Nagar Bhadohi,5,1
Uttar Pradesh,Shahjahanpur,12,1
Uttar Pradesh,Shamli,11,0
Uttar Pradesh,Shrawasti,669,2
Uttar Pradesh,Siddharthnagar,34,1
Uttar Pradesh,Sitapur,103,7
Uttar Pradesh,Sonbhadra,21,1
Uttar Pradesh,Sultanpur,58,3
Uttar Pradesh,Unnao,47,1
Uttar Pradesh,Varanasi,81,2
Uttarakhand,Almora,32,4
Uttarakhand,Bageshwar,10,0
Uttarakhand,Chamoli,33,0
Uttarakhand,Champawat,22,2
Uttarakhand,Dehradun,520,24
Uttarakhand,Garhwal,7,0
Uttarakhand,Hardwar,2,0
Uttarakhand,Haridwar,269,63
Uttarakhand,Nainital,18,1
Uttarakhand,Pauri Garhwal,60,1
Uttarakhand,Pithoragarh,29,1
Uttarakhand,Rudraprayag,26,1
Uttarakhand,Tehri Garhwal,249,3
Uttarakhand,Udham Singh Nagar,72,28
Uttarakhand,Uttarkashi,14,0
West Bengal,Bally Jagachha,1,0
West Bengal,Bankura,19,1
West Bengal,Barddhaman,302,64
West Bengal,Bardhaman,804,395
West Bengal,Birbhum,36,4
West Bengal,Cooch Behar,3001,831
West Bengal,Dakshin Dinajpur,3623,591
West Bengal,Darjeeling,1884,9
West Bengal,East Midnapore,191,503
West Bengal,Hooghly,5440,116
West Bengal,Howrah,1021,64
West Bengal,Jalpaiguri,2134,74
West Bengal,Kolkata,924,5098
West Bengal,Malda,8426,165
West Bengal,Medinipur,235,293
West Bengal,Murshidabad,8488,281
West Bengal,Nadia,8245,1390
West Bengal,North 24 Parganas,100,151
West Bengal,North Dinajpur,3363,32
West Bengal,Purulia,29,2
West Bengal,South 24 Parganas,45,1
West Bengal,South Dinajpur,8,0
West Bengal,South Twenty Four Parganas,3982,1949
West Bengal,Uttar Dinajpur,264,3
West Bengal,West Midnapore,364,140
