State,District,Aadhaar generated,Enrolment Rejected
Andaman and Nicobar Islands,North And Middle Andaman,1,0
Andhra Pradesh,Adilabad,487,44
Andhra Pradesh,Anantapur,0,16
Andhra Pradesh,Ananthapur,597,22
Andhra Pradesh,Chittoor,200,18
Andhra Pradesh,Cuddapah,577,51
Andhra Pradesh,East Godavari,429,51
Andhra Pradesh,Guntur,265,441
Andhra Pradesh,Hyderabad,2653,256
Andhra Pradesh,K.V.Rangareddy,0,32
Andhra Pradesh,K.v. Rangareddy,4091,253
Andhra Pradesh,Karim Nagar,1,1
Andhra Pradesh,Karimnagar,1255,66
Andhra Pradesh,Khammam,945,32
Andhra Pradesh,Krishna,512,128
Andhra Pradesh,Kurnool,188,63
Andhra Pradesh,Mahabub Nagar,133,26
Andhra Pradesh,Mahabubnagar,14888,250
Andhra Pradesh,Mahbubnagar,14,0
Andhra Pradesh,Medak,890,70
Andhra Pradesh,Nalgonda,2470,27
Andhra Pradesh,Nellore,825,32
Andhra Pradesh,Nizamabad,1644,455
Andhra Pradesh,Prakasam,1835,19
Andhra Pradesh,Srikakulam,62,55
Andhra Pradesh,Visakhapatnam,11391,290
Andhra Pradesh,Vizianagaram,35,18
Andhra Pradesh,Warangal,9013,232
Andhra Pradesh,West Godavari,1055,61
Arunachal Pradesh,Changlang,1,0
Arunachal Pradesh,Lohit,2,0
Arunachal Pradesh,West Kameng,3,0
Arunachal Pradesh,West Siang,1,0
Assam,Baksa,2,0
Assam,Barpeta,7,0
Assam,Bongaigaon,1,0
Assam,Cachar,16,0
Assam,Chirang,5,0
Assam,Darrang,3,0
Assam,Dhemaji,2,0
Assam,Dhubri,4,0
Assam,Dibrugarh,3,0
Assam,Goalpara,2,0
Assam,Golaghat,2,0
Assam,Hailakandi,1,0
Assam,Jorhat,3,0
Assam,Kamrup,11,0
Assam,Kamrup Metro,2,1
Assam,Karimganj,8,0
Assam,Kokrajhar,2,0
Assam,Lakhimpur,4,0
Assam,Marigaon,2,0
Assam,Nagaon,6,0
Assam,Nalbari,2,0
Assam,Sonitpur,7,0
Assam,Tinsukia,3,0
Assam,Udalguri,5,0
Bihar,Araria,11,1
Bihar,Arwal,545,2
Bihar,Aurangabad,38,7
Bihar,Aurangabad(BH),4,0
Bihar,Banka,30,2
Bihar,Begusarai,44,3
Bihar,Bhagalpur,59,0
Bihar,Bhojpur,70,1
Bihar,Buxar,40,3
Bihar,Darbhanga,1260,4
Bihar,East Champaran,151,3
Bihar,Gaya,93,5
Bihar,Gopalganj,79,0
Bihar,Jamui,22,1
Bihar,Jehanabad,28,1
Bihar,Kaimur (Bhabua),11,0
Bihar,Katihar,67,0
Bihar,Khagaria,35,0
Bihar,Kishanganj,240,1
Bihar,Lakhisarai,36,1
Bihar,Madhepura,27,0
Bihar,Madhubani,135,1
Bihar,Munger,27,1
Bihar,Muzaffarpur,82,2
Bihar,Nalanda,107,5
Bihar,Nawada,34,1
Bihar,Patna,114,6
Bihar,Purnia,23,1
Bihar,Rohtas,328,2
Bihar,Saharsa,42,0
Bihar,Samastipur,61,2
Bihar,Saran,90,6
Bihar,Sheikhpura,334,0
Bihar,Sheohar,1034,6
Bihar,Sitamarhi,54,3
Bihar,Siwan,79,5
Bihar,Supaul,19,0
Bihar,Vaishali,265,0
Bihar,West Champaran,37,1
Chandigarh,Chandigarh,59,9
Chandigarh,Mohali,1,0
Chhattisgarh,Balod,67,0
Chhattisgarh,Baloda Bazar,3,0
Chhattisgarh,Bastar,7,0
Chhattisgarh,Bemetara,13,0
Chhattisgarh,Bilaspur,16,0
Chhattisgarh,Dantewada,1,0
Chhattisgarh,Dhamtari,83,89
Chhattisgarh,Durg,52,0
Chhattisgarh,Gariyaband ,0,1
Chhattisgarh,Janjgir Champa,7,0
Chhattisgarh,Janjgir-champa,2,0
Chhattisgarh,Jashpur,5,0
Chhattisgarh,Kanker,6,0
Chhattisgarh,Korba,538,12
Chhattisgarh,Koriya,132,21
Chhattisgarh,Mahasamund,2,1
Chhattisgarh,Raigarh,63,0
Chhattisgarh,Raipur,15,0
Chhattisgarh,Rajnandgaon,3,0
Chhattisgarh,Surajpur ,1,0
Chhattisgarh,Surguja,4,0
Dadra and Nagar Haveli,Dadra and Nagar Haveli,382,0
Daman and Diu,Daman,13,1
Delhi,Central Delhi,160,8
Delhi,East Delhi,215,40
Delhi,Najafgarh,314,8
Delhi,New Delhi,37,14
Delhi,North Delhi,157,50
Delhi,North East,33,6
Delhi,North East Delhi,580,50
Delhi,North West Delhi,558,95
Delhi,South Delhi,212,38
Delhi,South West Delhi,142,32
Delhi,West Delhi,309,53
Goa,North Goa,7,2
Goa,South Goa,32,10
Gujarat,Ahmadabad,6,0
Gujarat,Ahmedabad,504,16
Gujarat,Amreli,344,1
Gujarat,Anand,530,9
Gujarat,Banaskantha,3185,14
Gujarat,Bharuch,2170,48
Gujarat,Bhavnagar,461,2
Gujarat,Dahod,20,0
Gujarat,Dohad,580,11
Gujarat,Gandhinagar,280,1
Gujarat,Jamnagar,1819,21
Gujarat,Junagadh,1064,29
Gujarat,Kachchh,527,10
Gujarat,Kheda,285,12
Gujarat,Mahesana,175,2
Gujarat,Narmada,326,94
Gujarat,Navsari,1045,6
Gujarat,Panchmahals,395,12
Gujarat,Patan,299,13
Gujarat,Porbandar,114,8
Gujarat,Rajkot,4245,129
Gujarat,Sabarkantha,269,54
Gujarat,Surat,1063,27
Gujarat,Surendra Nagar,885,5
Gujarat,Tapi,1064,3
Gujarat,The Dangs,29,1
Gujarat,Vadodara,1246,20
Gujarat,Valsad,127,10
Haryana,Ambala,490,13
Haryana,Bhiwani,604,11
Haryana,Faridabad,1484,31
Haryana,Fatehabad,6781,15
Haryana,Gurgaon,780,27
Haryana,Hisar,1242,9
Haryana,Jhajjar,855,17
Haryana,Jind,992,32
Haryana,Kaithal,1069,27
Haryana,Karnal,1992,17
Haryana,Kurukshetra,992,16
Haryana,Mahendragarh,375,12
Haryana,Mewat,261,0
Haryana,Palwal,674,13
Haryana,Panchkula,7043,39
Haryana,Panipat,1143,5
Haryana,Rewari,727,33
Haryana,Rohtak,993,4
Haryana,Sirsa,5560,18
Haryana,Sonipat,680,18
Haryana,Yamuna Nagar,406,2
Himachal Pradesh,Bilaspur,23,0
Himachal Pradesh,Chamba,424,19
Himachal Pradesh,Hamirpur,36,1
Himachal Pradesh,Kangra,603,13
Himachal Pradesh,Kinnaur,13,0
Himachal Pradesh,Kullu,164,2
Himachal Pradesh,Lahul and Spiti,4,0
Himachal Pradesh,Mandi,410,13
Himachal Pradesh,Shimla,357,10
Himachal Pradesh,Sirmaur,204,6
Himachal Pradesh,Solan,59,4
Himachal Pradesh,Una,25,0
Jammu and Kashmir,Anantnag,2313,8
Jammu and Kashmir,Badgam,2,0
Jammu and Kashmir,Bandipore,1,0
Jammu and Kashmir,Baramula,1,0
Jammu and Kashmir,Doda,1214,1
Jammu and Kashmir,Jammu,2249,3
Jammu and Kashmir,Kargil,47,0
Jammu and Kashmir,Kathua,19,0
Jammu and Kashmir,Leh,8,0
Jammu and Kashmir,Poonch,1,0
Jammu and Kashmir,Pulwama,1685,2
Jammu and Kashmir,Rajouri,12,0
Jammu and Kashmir,Srinagar,3,0
Jammu and Kashmir,Udhampur,10,0
Jharkhand,Bokaro,174,108
Jharkhand,Chatra,1919,47
Jharkhand,Deoghar,774,20
Jharkhand,Dhanbad,1608,106
Jharkhand,Dumka,885,131
Jharkhand,East Singhbhum,1537,285
Jharkhand,Garhwa,280,8
Jharkhand,Giridih,1210,40
Jharkhand,Godda,534,88
Jharkhand,Gumla,335,18
Jharkhand,Hazaribag,2,0
Jharkhand,Hazaribagh,181,75
Jharkhand,Jamtara,290,11
Jharkhand,Khunti,72,4
Jharkhand,Kodarma,3,0
Jharkhand,Koderma,104,6
Jharkhand,Latehar,423,4
Jharkhand,Lohardaga,190,3
Jharkhand,Pakur,957,18
Jharkhand,Palamau,1,0
Jharkhand,Palamu,460,65
Jharkhand,Ramgarh,1202,7
Jharkhand,Ranchi,554,28
Jharkhand,Sahebganj,739,60
Jharkhand,Seraikela-Kharsawan,255,3
Jharkhand,Simdega,498,14
Jharkhand,West Singhbhum,10094,94
Karnataka,Bagalkot,549,20
Karnataka,Bangalore,9445,233
Karnataka,Bangalore Rural,133,25
Karnataka,Belgaum,1314,117
Karnataka,Bellary,330,34
Karnataka,Bidar,79,11
Karnataka,Bijapur,334,8
Karnataka,Bijapur(KAR),4,0
Karnataka,Chamrajanagar,231,2
Karnataka,Chickmagalur,1872,21
Karnataka,Chikkaballapur,33,1507
Karnataka,Chitradurga,562,807
Karnataka,Dakshina Kannada,1987,93
Karnataka,Davangere,1399,34
Karnataka,Dharwad,108,9
Karnataka,Gadag,5392,9
Karnataka,Gulbarga,102,15
Karnataka,Hasan,354,6
Karnataka,Haveri,222,8
Karnataka,Kodagu,33,2
Karnataka,Kolar,461,498
Karnataka,Koppal,234,19
Karnataka,Mandya,504,9
Karnataka,Mysore,25,1
Karnataka,Raichur,189,17
Karnataka,Ramanagar,252,6
Karnataka,Shimoga,233,5
Karnataka,Tumkur,23,1
Karnataka,Udupi,521,9
Karnataka,Uttara Kannada,760,2
Karnataka,Yadgir,95,84
Kerala,Alappuzha,233,20
Kerala,Ernakulam,323,47
Kerala,Idukki,100,2
Kerala,Kannur,285,46
Kerala,Kasaragod,370,3
Kerala,Kasargod,879,104
Kerala,Kollam,1374,290
Kerala,Kottayam,35,27
Kerala,Kozhikode,427,24
Kerala,Malappuram,18705,107
Kerala,Palakkad,87,16
Kerala,Pathanamthitta,181,9
Kerala,Thiruvananthapuram,227,31
Kerala,Thrissur,415,78
Kerala,Wayanad,29,5
Lakshadweep,Lakshadweep,1,0
Madhya Pradesh,Alirajpur,2035,184
Madhya Pradesh,Anuppur,741,14
Madhya Pradesh,Ashok Nagar,254,14
Madhya Pradesh,Balaghat,701,33
Madhya Pradesh,Barwani,321,16
Madhya Pradesh,Betul,950,18
Madhya Pradesh,Bhind,532,44
Madhya Pradesh,Bhopal,616,40
Madhya Pradesh,Chhatarpur,1241,76
Madhya Pradesh,Chhindwara,2339,51
Madhya Pradesh,Damoh,1816,75
Madhya Pradesh,Datia,854,42
Madhya Pradesh,Dewas,712,48
Madhya Pradesh,Dhar,1705,115
Madhya Pradesh,Dindori,636,148
Madhya Pradesh,Guna,2784,179
Madhya Pradesh,Gwalior,561,67
Madhya Pradesh,Harda,53,4
Madhya Pradesh,Hoshangabad,243,21
Madhya Pradesh,Indore,1221,100
Madhya Pradesh,Jabalpur,297,231
Madhya Pradesh,Jhabua,354,251
Madhya Pradesh,Katni,819,36
Madhya Pradesh,Khandwa,152,20
Madhya Pradesh,Khargone,1648,75
Madhya Pradesh,Mandla,468,54
Madhya Pradesh,Mandsaur,32,3
Madhya Pradesh,Morena,241,6
Madhya Pradesh,Narsinghpur,1435,77
Madhya Pradesh,Neemuch,56,1
Madhya Pradesh,Panna,851,51
Madhya Pradesh,Raisen,1745,119
Madhya Pradesh,Rajgarh,2784,249
Madhya Pradesh,Ratlam,91,7
Madhya Pradesh,Rewa,2644,479
Madhya Pradesh,Sagar,1756,69
Madhya Pradesh,Satna,3137,186
Madhya Pradesh,Sehore,4822,343
Madhya Pradesh,Seoni,555,34
Madhya Pradesh,Shahdol,1204,42
Madhya Pradesh,Shajapur,14,1
Madhya Pradesh,Sheopur,513,31
Madhya Pradesh,Shivpuri,389,14
Madhya Pradesh,Sidhi,1018,55
Madhya Pradesh,Singrauli,481,37
Madhya Pradesh,Tikamgarh,1230,40
Madhya Pradesh,Ujjain,2196,198
Madhya Pradesh,Umaria,1347,54
Madhya Pradesh,Vidisha,4730,572
Maharashtra,Ahmadnagar,2128,72
Maharashtra,Ahmed Nagar,29,7
Maharashtra,Akola,900,25
Maharashtra,Amravati,1017,62
Maharashtra,Aurangabad,928,124
Maharashtra,Beed,1428,44
Maharashtra,Bhandara,559,27
Maharashtra,Buldhana,1258,32
Maharashtra,Chandrapur,5370,51
Maharashtra,Dhule,1342,143
Maharashtra,Gadchiroli,1236,11
Maharashtra,Gondia,60,0
Maharashtra,Gondiya,757,58
Maharashtra,Hingoli,173,2
Maharashtra,Jalgaon,1277,98
Maharashtra,Jalna,134,48
Maharashtra,Kolhapur,2482,22
Maharashtra,Latur,1361,55
Maharashtra,Mumbai,2664,108
Maharashtra,Mumbai City,7,1
Maharashtra,Mumbai( Sub Urban ),4,0
Maharashtra,Nagpur,3965,187
Maharashtra,Nanded,710,11
Maharashtra,Nandurbar,684,16
Maharashtra,Nashik,2382,104
Maharashtra,Osmanabad,1230,31
Maharashtra,Parbhani,276,24
Maharashtra,Pune,1739,65
Maharashtra,Raigarh,1742,6
Maharashtra,Raigarh(MH),162,0
Maharashtra,Ratnagiri,66,195
Maharashtra,Sangli,2464,121
Maharashtra,Satara,5560,83
Maharashtra,Sindhudurg,309,2
Maharashtra,Solapur,1078,22
Maharashtra,Thane,5911,179
Maharashtra,Wardha,50,3
Maharashtra,Washim,616,14
Maharashtra,Yavatmal,3694,59
Manipur,Churachandpur,1,0
Manipur,Imphal East,2,0
Manipur,Imphal West,9,0
Manipur,Senapati,3,0
Manipur,Thoubal,1,0
Meghalaya,East Khasi Hills,1,0
Meghalaya,Ri Bhoi,1,0
Meghalaya,West Garo Hills,1,0
Mizoram,Aizawl,1,0
Mizoram,Champhai,1,0
Mizoram,Lunglei,1,0
Mizoram,Saiha,1,0
Nagaland,Dimapur,615,6
Nagaland,Kiphire,1,0
Nagaland,Kohima,9,0
Nagaland,Mokokchung,6,1
Nagaland,Wokha,28,0
Nagaland,Zunheboto,813,1
Odisha,Angul,10,0
Odisha,Anugul,1,0
Odisha,Balangir,178,152
Odisha,Baleswar,1096,23
Odisha,Bargarh,293,25
Odisha,Bhadrak,906,59
Odisha,Cuttack,119,10
Odisha,Dhenkanal,8,1
Odisha,Gajapati,2,0
Odisha,Ganjam,968,60
Odisha,Jagatsinghapur,173,17
Odisha,Jajapur,31,0
Odisha,Kalahandi,1,0
Odisha,Kandhamal,65,1
Odisha,Kendrapara,612,71
Odisha,Kendujhar,30,42
Odisha,Khorda,19,0
Odisha,Khordha,200,17
Odisha,Koraput,9,8
Odisha,Malkangiri,2,0
Odisha,Mayurbhanj,24,18
Odisha,Nabarangapur,31,0
Odisha,Nayagarh,1,0
Odisha,Puri,1389,92
Odisha,Rayagada,2,0
Odisha,Sambalpur,184,7
Odisha,Sonapur,0,2
Odisha,Sundergarh,209,53
Others,Others,4,606
Puducherry,Karaikal,52,0
Puducherry,Pondicherry,8,3
Puducherry,Puducherry,152,2
Puducherry,Yanam,10,7
Punjab,Amritsar,771,23
Punjab,Barnala,804,62
Punjab,Bathinda,336,112
Punjab,Faridkot,366,3
Punjab,Fatehgarh Sahib,29,49
Punjab,Fazilka,316,31
Punjab,Ferozepur,306,11
Punjab,Gurdaspur,665,17
Punjab,Hoshiarpur,660,12
Punjab,Jalandhar,572,26
Punjab,Kapurthala,432,42
Punjab,Ludhiana,2318,586
Punjab,Mansa,451,0
Punjab,Moga,443,6
Punjab,Muktsar,3,0
Punjab,Pathankot,238,10
Punjab,Patiala,1310,42
Punjab,Rupnagar,822,2
Punjab,SAS Nagar (Mohali),608,15
Punjab,Sangrur,922,231
Punjab,Shaheed Bhagat Singh Nagar,100,38
Punjab,Sri Muktsar Sahib,328,142
Punjab,Tarn Taran,469,3
Rajasthan,Ajmer,1997,580
Rajasthan,Alwar,2690,264
Rajasthan,Banswara,720,13
Rajasthan,Baran,555,410
Rajasthan,Barmer,11562,905
Rajasthan,Bharatpur,1656,98
Rajasthan,Bhilwara,1693,48
Rajasthan,Bikaner,1709,127
Rajasthan,Bundi,347,19
Rajasthan,Chittorgarh,1658,117
Rajasthan,Churu,3024,284
Rajasthan,Dausa,2107,273
Rajasthan,Dholpur,385,11
Rajasthan,Dungarpur,515,34
Rajasthan,Ganganagar,1365,36
Rajasthan,Hanumangarh,1183,32
Rajasthan,Jaipur,8030,557
Rajasthan,Jaisalmer,168,18
Rajasthan,Jalor,7857,1487
Rajasthan,Jhalawar,296,39
Rajasthan,Jhunjhunu,84,5
Rajasthan,Jhunjhunun,441,106
Rajasthan,Jodhpur,1478,78
Rajasthan,Karauli,594,113
Rajasthan,Kota,337,64
Rajasthan,Nagaur,3271,225
Rajasthan,Pali,438,112
Rajasthan,Pratapgarh,190,10
Rajasthan,Rajsamand,4177,331
Rajasthan,Sawai Madhopur,456,21
Rajasthan,Sikar,2640,149
Rajasthan,Sirohi,1872,399
Rajasthan,Tonk,768,87
Rajasthan,Udaipur,1897,701
Sikkim,East Sikkim,11,0
Sikkim,North Sikkim,22,0
Sikkim,South Sikkim,38,0
Sikkim,West Sikkim,87,0
Tamil Nadu,Ariyalur,36,39
Tamil Nadu,Chennai,1196,7
Tamil Nadu,Coimbatore,2222,11
Tamil Nadu,Cuddalore,26,14
Tamil Nadu,Dharmapuri,832,4
Tamil Nadu,Dindigul,589,3
Tamil Nadu,Erode,281,25
Tamil Nadu,Kancheepuram,317,5
Tamil Nadu,Kanchipuram,310,0
Tamil Nadu,Kanniyakumari,299,73
Tamil Nadu,Kanyakumari,16,0
Tamil Nadu,Karur,23,20
Tamil Nadu,Krishnagiri,813,14
Tamil Nadu,Madurai,565,71
Tamil Nadu,Nagapattinam,313,8
Tamil Nadu,Namakkal,281,11
Tamil Nadu,Perambalur,414,52
Tamil Nadu,Pudukkottai,22,2
Tamil Nadu,Ramanathapuram,736,2
Tamil Nadu,Salem,1432,16
Tamil Nadu,Sivaganga,103,0
Tamil Nadu,Thanjavur,1258,23
Tamil Nadu,The Nilgiris,349,1
Tamil Nadu,Theni,22,16
Tamil Nadu,Thiruvarur,64,4
Tamil Nadu,Thoothukkudi,469,7
Tamil Nadu,Tiruchirappalli,988,18
Tamil Nadu,Tirunelveli,1061,3
Tamil Nadu,Tiruppur,2306,19
Tamil Nadu,Tiruvallur,731,7
Tamil Nadu,Tiruvannamalai,1171,7
Tamil Nadu,Vellore,5294,123
Tamil Nadu,Villupuram,6,0
Tamil Nadu,Viluppuram,1379,8
Tamil Nadu,Virudhunagar,208,1
Tripura,Dhalai,14,0
Tripura,Gomati,4,0
Tripura,Khowai,76,0
Tripura,North Tripura,8,8
Tripura,Sepahijala,5,0
Tripura,Unakoti,3,0
Tripura,West Tripura,211,1
Uttar Pradesh,Agra,29,3
Uttar Pradesh,Aligarh,451,9
Uttar Pradesh,Allahabad,93,0
Uttar Pradesh,Ambedkar Nagar,44,1
Uttar Pradesh,Amethi,94,3
Uttar Pradesh,Amroha,14,0
Uttar Pradesh,Auraiya,38,2
Uttar Pradesh,Azamgarh,142,6
Uttar Pradesh,Baghpat,15,0
Uttar Pradesh,Bagpat,1,0
Uttar Pradesh,Bahraich,56,0
Uttar Pradesh,Ballia,336,6
Uttar Pradesh,Balrampur,25,0
Uttar Pradesh,Banda,24,2
Uttar Pradesh,Bara Banki,264,24
Uttar Pradesh,Bareilly,35,0
Uttar Pradesh,Basti,177,1
Uttar Pradesh,Bijnor,100,23
Uttar Pradesh,Budaun,64,0
Uttar Pradesh,Bulandshahar,2,0
Uttar Pradesh,Bulandshahr,27,0
Uttar Pradesh,Chandauli,952,1
Uttar Pradesh,Chitrakoot,44,0
Uttar Pradesh,Deoria,67,3
Uttar Pradesh,Etah,22,0
Uttar Pradesh,Etawah,862,20
Uttar Pradesh,Faizabad,187,37
Uttar Pradesh,Farrukhabad,25,0
Uttar Pradesh,Fatehpur,60,0
Uttar Pradesh,Firozabad,20,0
Uttar Pradesh,Gautam Buddha Nagar,149,3
Uttar Pradesh,Ghaziabad,448,83
Uttar Pradesh,Ghazipur,777,17
Uttar Pradesh,Gonda,147,0
Uttar Pradesh,Gorakhpur,151,5
Uttar Pradesh,Hardoi,171,3
Uttar Pradesh,Hathras,15,0
Uttar Pradesh,Jalaun,28,0
Uttar Pradesh,Jaunpur,100,1
Uttar Pradesh,Jhansi,28,1
Uttar Pradesh,Jyotiba Phule Nagar,2,0
Uttar Pradesh,Kannauj,22,0
Uttar Pradesh,Kanpur Dehat,24,0
Uttar Pradesh,Kanpur Nagar,47,22
Uttar Pradesh,Kasganj,13,0
Uttar Pradesh,Kaushambi,13,3
Uttar Pradesh,Kheri,6,0
Uttar Pradesh,Kushinagar,62,1
Uttar Pradesh,Lalitpur,2,0
Uttar Pradesh,Lucknow,37,14
Uttar Pradesh,Maharajganj,318,1
Uttar Pradesh,Mahoba,41,0
Uttar Pradesh,Mahrajganj,3,0
Uttar Pradesh,Mainpuri,145,21
Uttar Pradesh,Mathura,34,1
Uttar Pradesh,Mau,34,0
Uttar Pradesh,Meerut,357,2
Uttar Pradesh,Mirzapur,50,0
Uttar Pradesh,Moradabad,20,0
Uttar Pradesh,Muzaffarnagar,28,0
Uttar Pradesh,Pilibhit,1458,29
Uttar Pradesh,Pratapgarh,82,15
Uttar Pradesh,Rae Bareli,1164,11
Uttar Pradesh,Raebareli,8,0
Uttar Pradesh,Rampur,16,0
Uttar Pradesh,Saharanpur,23,0
Uttar Pradesh,Sambhal,23,0
Uttar Pradesh,Sant Kabir Nagar,91,1
Uttar Pradesh,Sant Ravidas Nagar,262,1
Uttar Pradesh,Sant Ravidas Nagar Bhadohi,5,0
Uttar Pradesh,Shahjahanpur,15,0
Uttar Pradesh,Shamli,15,0
Uttar Pradesh,Shrawasti,345,0
Uttar Pradesh,Siddharthnagar,71,2
Uttar Pradesh,Sitapur,31,7
Uttar Pradesh,Sonbhadra,76,3
Uttar Pradesh,Sultanpur,77,3
Uttar Pradesh,Unnao,58,0
Uttar Pradesh,Varanasi,446,2
Uttarakhand,Almora,38,1
Uttarakhand,Bageshwar,1,1
Uttarakhand,Chamoli,19,0
Uttarakhand,Champawat,77,0
Uttarakhand,Dehradun,458,1
Uttarakhand,Garhwal,10,0
Uttarakhand,Haridwar,113,0
Uttarakhand,Nainital,11,1
Uttarakhand,Pauri Garhwal,44,0
Uttarakhand,Pithoragarh,22,1
Uttarakhand,Rudraprayag,12,0
Uttarakhand,Tehri Garhwal,22,0
Uttarakhand,Udham Singh Nagar,206,0
Uttarakhand,Uttarkashi,5,0
West Bengal,Bankura,10,0
West Bengal,Barddhaman,247,7
West Bengal,Bardhaman,220,1
West Bengal,Birbhum,24,0
West Bengal,Cooch Behar,3236,5
West Bengal,Dakshin Dinajpur,709,103
West Bengal,Darjeeling,720,1
West Bengal,East Midnapore,101,20
West Bengal,Hooghly,1232,19
West Bengal,Howrah,1182,32
West Bengal,Jalpaiguri,232,2
West Bengal,Kolkata,239,20
West Bengal,Malda,2856,24
West Bengal,Medinipur,308,57
West Bengal,Murshidabad,1722,14
West Bengal,Nadia,1444,32
West Bengal,North 24 Parganas,683,16
West Bengal,North Dinajpur,410,7
West Bengal,Purulia,1457,1
West Bengal,South 24 Parganas,67,0
West Bengal,South Dinajpur,1,0
West Bengal,South Twenty Four Parganas,3484,89
West Bengal,Uttar Dinajpur,174,1
West Bengal,West Midnapore,231,12
