State,District,Aadhaar generated,Enrolment Rejected
Andhra Pradesh,Adilabad,559,1
Andhra Pradesh,Anantapur,3,0
Andhra Pradesh,Ananthapur,708,0
Andhra Pradesh,Chittoor,1225,25
Andhra Pradesh,Cuddapah,1606,9
Andhra Pradesh,East Godavari,444,12
Andhra Pradesh,Guntur,653,6
Andhra Pradesh,Hyderabad,698,6
Andhra Pradesh,K.V.Rangareddy,2,0
Andhra Pradesh,K.v. Rangareddy,2020,16
Andhra Pradesh,Karimnagar,2099,5
Andhra Pradesh,Khammam,590,0
Andhra Pradesh,Krishna,425,9
Andhra Pradesh,Kurnool,64,1
Andhra Pradesh,Mahabub Nagar,19,0
Andhra Pradesh,Mahabubnagar,1852,0
Andhra Pradesh,Mahbubnagar,9,0
Andhra Pradesh,Medak,1110,9
Andhra Pradesh,Nalgonda,1329,2
Andhra Pradesh,Nellore,457,0
Andhra Pradesh,Nizamabad,988,12
Andhra Pradesh,Prakasam,745,5
Andhra Pradesh,Srikakulam,123,2
Andhra Pradesh,Visakhapatnam,2345,0
Andhra Pradesh,Vizianagaram,17,0
Andhra Pradesh,Warangal,3042,0
Andhra Pradesh,West Godavari,964,9
Arunachal Pradesh,Lohit,1,0
Assam,Barpeta,1,0
Assam,Bongaigaon,1,0
Assam,Cachar,3,0
Assam,Chirang,1,0
Assam,Dhubri,2,0
Assam,Hailakandi,2,0
Assam,Kamrup,3,0
Assam,Kamrup Metro,1,0
Assam,Nagaon,3,0
Assam,Sibsagar,1,1
Assam,Sonitpur,1,0
Assam,Tinsukia,1,0
Assam,Udalguri,1,0
Bihar,Araria,4,0
Bihar,Arwal,168,0
Bihar,Aurangabad,25,0
Bihar,Aurangabad(BH),2,0
Bihar,Banka,12,0
Bihar,Begusarai,6,0
Bihar,Bhagalpur,7,0
Bihar,Bhojpur,18,0
Bihar,Buxar,7,0
Bihar,Darbhanga,355,0
Bihar,East Champaran,17,0
Bihar,Gaya,26,0
Bihar,Gopalganj,38,0
Bihar,Jamui,9,0
Bihar,Jehanabad,7,0
Bihar,Kaimur (Bhabua),5,0
Bihar,Katihar,6,0
Bihar,Khagaria,5,0
Bihar,Kishanganj,6,0
Bihar,Lakhisarai,12,1
Bihar,Madhepura,3,0
Bihar,Madhubani,20,0
Bihar,Munger,4,0
Bihar,Muzaffarpur,16,0
Bihar,Nalanda,16,0
Bihar,Nawada,5,0
Bihar,Patna,10,0
Bihar,Purnia,6,0
Bihar,Rohtas,177,0
Bihar,Saharsa,6,0
Bihar,Samastipur,16,0
Bihar,Saran,27,0
Bihar,Sheikhpura,356,19
Bihar,Sheohar,13,0
Bihar,Sitamarhi,6,0
Bihar,Siwan,13,0
Bihar,Supaul,7,0
Bihar,Vaishali,41,0
Bihar,West Champaran,10,0
Chandigarh,Chandigarh,51,2
Chhattisgarh,Balod,10,0
Chhattisgarh,Baloda Bazar,1,0
Chhattisgarh,Bastar,1,0
Chhattisgarh,Bemetara,4,0
Chhattisgarh,Bilaspur,1,0
Chhattisgarh,Dhamtari,954,0
Chhattisgarh,Durg,32,0
Chhattisgarh,Jashpur,1,0
Chhattisgarh,Korba,197,0
Chhattisgarh,Koriya,124,0
Chhattisgarh,Raigarh,119,0
Chhattisgarh,Raipur,4,0
Chhattisgarh,Rajnandgaon,10,0
Daman and Diu,Daman,16,0
Daman and Diu,Diu,2,0
Delhi,Central Delhi,36,3
Delhi,East Delhi,155,13
Delhi,Najafgarh,4,0
Delhi,New Delhi,8,0
Delhi,North Delhi,40,4
Delhi,North East,16,2
Delhi,North East Delhi,274,2
Delhi,North West Delhi,251,34
Delhi,South Delhi,251,16
Delhi,South West Delhi,137,23
Delhi,West Delhi,161,25
Goa,Bardez,1,0
Goa,North Goa,146,1
Goa,South Goa,55,2
Gujarat,Ahmadabad,3,0
Gujarat,Ahmedabad,270,0
Gujarat,Amreli,243,3
Gujarat,Anand,274,0
Gujarat,Banaskantha,442,2
Gujarat,Bharuch,134,3
Gujarat,Bhavnagar,411,6
Gujarat,Dahod,38,0
Gujarat,Dohad,223,2
Gujarat,Gandhinagar,329,0
Gujarat,Jamnagar,420,9
Gujarat,Junagadh,452,26
Gujarat,Kachchh,233,0
Gujarat,Kheda,37,0
Gujarat,Mahesana,534,5
Gujarat,Narmada,113,0
Gujarat,Navsari,611,0
Gujarat,Panchmahals,142,0
Gujarat,Patan,114,1
Gujarat,Porbandar,59,1
Gujarat,Rajkot,753,4
Gujarat,Sabarkantha,334,0
Gujarat,Surat,364,0
Gujarat,Surendra Nagar,488,0
Gujarat,Tapi,202,0
Gujarat,The Dangs,63,3
Gujarat,Vadodara,480,9
Gujarat,Valsad,1132,11
Haryana,Ambala,107,0
Haryana,Bhiwani,660,0
Haryana,Faridabad,464,7
Haryana,Fatehabad,229,0
Haryana,Gurgaon,364,7
Haryana,Hisar,771,0
Haryana,Jhajjar,234,0
Haryana,Jind,413,0
Haryana,Kaithal,1429,0
Haryana,Karnal,1001,2
Haryana,Kurukshetra,755,0
Haryana,Mahendragarh,190,0
Haryana,Mewat,158,0
Haryana,Palwal,611,0
Haryana,Panchkula,186,0
Haryana,Panipat,432,0
Haryana,Rewari,520,1
Haryana,Rohtak,375,0
Haryana,Sirsa,246,2
Haryana,Sonipat,178,0
Haryana,Yamuna Nagar,1006,0
Himachal Pradesh,Bilaspur,9,0
Himachal Pradesh,Chamba,45,0
Himachal Pradesh,Hamirpur,52,0
Himachal Pradesh,Kangra,125,0
Himachal Pradesh,Kinnaur,4,0
Himachal Pradesh,Kullu,72,4
Himachal Pradesh,Lahul and Spiti,1,0
Himachal Pradesh,Mandi,87,1
Himachal Pradesh,Shimla,142,2
Himachal Pradesh,Sirmaur,50,4
Himachal Pradesh,Solan,8,0
Himachal Pradesh,Una,21,0
Jammu and Kashmir,Anantnag,301,1
Jammu and Kashmir,Doda,1,0
Jammu and Kashmir,Jammu,51,1
Jammu and Kashmir,Kargil,9,0
Jammu and Kashmir,Kathua,4,0
Jammu and Kashmir,Pulwama,14,0
Jharkhand,Bokaro,146,72
Jharkhand,Chatra,328,1
Jharkhand,Deoghar,261,15
Jharkhand,Dhanbad,447,1
Jharkhand,Dumka,556,12
Jharkhand,East Singhbhum,1520,1
Jharkhand,Garhwa,179,0
Jharkhand,Giridih,584,7
Jharkhand,Godda,450,8
Jharkhand,Gumla,70,0
Jharkhand,Hazaribagh,310,5
Jharkhand,Jamtara,133,3
Jharkhand,Khunti,45,2
Jharkhand,Koderma,150,2
Jharkhand,Latehar,138,0
Jharkhand,Lohardaga,128,4
Jharkhand,Pakaur,1,0
Jharkhand,Pakur,461,1
Jharkhand,Palamau,1,0
Jharkhand,Palamu,90,0
Jharkhand,Ramgarh,337,1
Jharkhand,Ranchi,365,17
Jharkhand,Sahebganj,262,0
Jharkhand,Seraikela-Kharsawan,186,1
Jharkhand,Simdega,135,0
Jharkhand,West Singhbhum,866,0
Karnataka,Bagalkot,49,0
Karnataka,Bangalore,2192,6
Karnataka,Bangalore Rural,112,0
Karnataka,Belgaum,1281,0
Karnataka,Bellary,232,11
Karnataka,Bidar,22,0
Karnataka,Bijapur,106,0
Karnataka,Chamarajanagar,1,0
Karnataka,Chamrajanagar,142,0
Karnataka,Chickmagalur,351,0
Karnataka,Chikkaballapur,9,10
Karnataka,Chitradurga,59,0
Karnataka,Dakshina Kannada,267,0
Karnataka,Davangere,28,0
Karnataka,Dharwad,213,4
Karnataka,Gadag,22,0
Karnataka,Gulbarga,212,0
Karnataka,Hasan,236,0
Karnataka,Hassan,10,0
Karnataka,Haveri,5,1
Karnataka,Kodagu,47,0
Karnataka,Kolar,144,3
Karnataka,Koppal,39,0
Karnataka,Mandya,300,0
Karnataka,Mysore,117,3
Karnataka,Raichur,37,1
Karnataka,Ramanagar,131,0
Karnataka,Shimoga,43,1
Karnataka,Tumkur,156,0
Karnataka,Udupi,58,0
Karnataka,Uttara Kannada,8,0
Karnataka,Yadgir,10,0
Kerala,Alappuzha,135,3
Kerala,Ernakulam,144,2
Kerala,Idukki,44,1
Kerala,Kannur,192,4
Kerala,Kasaragod,46,3
Kerala,Kasargod,7,0
Kerala,Kollam,247,13
Kerala,Kottayam,74,1
Kerala,Kozhikode,113,1
Kerala,Malappuram,458,3
Kerala,Palakkad,178,2
Kerala,Pathanamthitta,67,1
Kerala,Thiruvananthapuram,184,1
Kerala,Thrissur,113,10
Kerala,Wayanad,18,0
Lakshadweep,Lakshadweep,4,0
Madhya Pradesh,Alirajpur,120,24
Madhya Pradesh,Anuppur,114,0
Madhya Pradesh,Ashok Nagar,29,0
Madhya Pradesh,Balaghat,397,0
Madhya Pradesh,Barwani,25,1
Madhya Pradesh,Betul,152,0
Madhya Pradesh,Bhind,151,4
Madhya Pradesh,Bhopal,120,10
Madhya Pradesh,Burhanpur,1,1
Madhya Pradesh,Chhatarpur,292,1
Madhya Pradesh,Chhindwara,412,1
Madhya Pradesh,Damoh,256,10
Madhya Pradesh,Datia,64,0
Madhya Pradesh,Dewas,71,0
Madhya Pradesh,Dhar,383,26
Madhya Pradesh,Dindori,1025,2
Madhya Pradesh,Guna,164,8
Madhya Pradesh,Gwalior,236,5
Madhya Pradesh,Harda,27,0
Madhya Pradesh,Hoshangabad,50,6
Madhya Pradesh,Indore,285,53
Madhya Pradesh,Jabalpur,139,9
Madhya Pradesh,Jhabua,421,448
Madhya Pradesh,Katni,251,0
Madhya Pradesh,Khandwa,45,1
Madhya Pradesh,Khargone,335,29
Madhya Pradesh,Mandla,656,1
Madhya Pradesh,Mandsaur,13,0
Madhya Pradesh,Morena,173,0
Madhya Pradesh,Narsinghpur,203,0
Madhya Pradesh,Neemuch,3,0
Madhya Pradesh,Panna,220,4
Madhya Pradesh,Raisen,189,2
Madhya Pradesh,Rajgarh,68,0
Madhya Pradesh,Ratlam,5,0
Madhya Pradesh,Rewa,915,6
Madhya Pradesh,Sagar,730,3
Madhya Pradesh,Satna,535,1
Madhya Pradesh,Sehore,238,0
Madhya Pradesh,Seoni,357,2
Madhya Pradesh,Shahdol,219,3
Madhya Pradesh,Shajapur,1,0
Madhya Pradesh,Sheopur,13,0
Madhya Pradesh,Shivpuri,57,0
Madhya Pradesh,Sidhi,549,2
Madhya Pradesh,Singrauli,120,1
Madhya Pradesh,Tikamgarh,150,0
Madhya Pradesh,Ujjain,146,0
Madhya Pradesh,Umaria,310,3
Madhya Pradesh,Vidisha,305,0
Maharashtra,Ahmadnagar,563,2
Maharashtra,Ahmed Nagar,11,0
Maharashtra,Akola,407,0
Maharashtra,Amravati,931,2
Maharashtra,Aurangabad,378,11
Maharashtra,Beed,685,0
Maharashtra,Bhandara,88,3
Maharashtra,Buldhana,229,1
Maharashtra,Chandrapur,336,0
Maharashtra,Dhule,446,0
Maharashtra,Gadchiroli,50,0
Maharashtra,Gondia,1,0
Maharashtra,Gondiya,252,14
Maharashtra,Hingoli,28,0
Maharashtra,Jalgaon,599,14
Maharashtra,Jalna,97,0
Maharashtra,Kolhapur,1065,1
Maharashtra,Latur,279,16
Maharashtra,Mumbai,2623,49
Maharashtra,Mumbai City,5,0
Maharashtra,Nagpur,412,5
Maharashtra,Nanded,107,0
Maharashtra,Nandurbar,142,1
Maharashtra,Nashik,1132,2
Maharashtra,Osmanabad,87,1
Maharashtra,Parbhani,164,0
Maharashtra,Pune,1542,29
Maharashtra,Raigarh,160,0
Maharashtra,Raigarh(MH),12,0
Maharashtra,Ratnagiri,63,0
Maharashtra,Sangli,293,0
Maharashtra,Satara,332,1
Maharashtra,Sindhudurg,187,0
Maharashtra,Solapur,170,1
Maharashtra,Thane,1336,6
Maharashtra,Wardha,34,0
Maharashtra,Washim,74,0
Maharashtra,Yavatmal,202,0
Manipur,Churachandpur,1,0
Manipur,Imphal East,1,0
Manipur,Imphal West,2,0
Manipur,Thoubal,8,0
Meghalaya,East Garo Hills,1,0
Meghalaya,East Khasi Hills,2,0
Nagaland,Dimapur,4,0
Nagaland,Kohima,4,0
Nagaland,Mokokchung,4,0
Nagaland,Mon,109,0
Odisha,Angul,2,0
Odisha,Balangir,3,0
Odisha,Baleswar,7,1
Odisha,Bhadrak,4,0
Odisha,Boudh,1,0
Odisha,Cuttack,6,0
Odisha,Debagarh,1,0
Odisha,Dhenkanal,3,0
Odisha,Ganjam,37,48
Odisha,Jagatsinghapur,16,0
Odisha,Jajapur,4,0
Odisha,Jharsuguda,0,1
Odisha,Kandhamal,1,0
Odisha,Kendrapara,17,5
Odisha,Khorda,8,0
Odisha,Khordha,79,29
Odisha,Mayurbhanj,3,0
Odisha,Nabarangapur,208,0
Odisha,Puri,31,0
Odisha,Rayagada,1,0
Odisha,Sonapur,28,0
Odisha,Sundergarh,3,0
Others,Others,0,263
Puducherry,Puducherry,98,0
Puducherry,Yanam,40,0
Punjab,Amritsar,406,2
Punjab,Barnala,140,16
Punjab,Bathinda,586,0
Punjab,Faridkot,376,0
Punjab,Fatehgarh Sahib,16,0
Punjab,Fazilka,187,0
Punjab,Ferozepur,582,0
Punjab,Gurdaspur,274,9
Punjab,Hoshiarpur,423,5
Punjab,Jalandhar,331,3
Punjab,Kapurthala,156,0
Punjab,Ludhiana,545,10
Punjab,Mansa,151,0
Punjab,Moga,264,6
Punjab,Muktsar,4,0
Punjab,Pathankot,15,0
Punjab,Patiala,589,0
Punjab,Rupnagar,143,0
Punjab,SAS Nagar (Mohali),232,0
Punjab,Sangrur,395,0
Punjab,Shaheed Bhagat Singh Nagar,11,0
Punjab,Sri Muktsar Sahib,425,0
Punjab,Tarn Taran,175,4
Rajasthan,Ajmer,595,15
Rajasthan,Alwar,713,54
Rajasthan,Banswara,240,0
Rajasthan,Baran,183,0
Rajasthan,Barmer,597,0
Rajasthan,Bharatpur,208,0
Rajasthan,Bhilwara,1218,1
Rajasthan,Bikaner,194,16
Rajasthan,Bundi,174,9
Rajasthan,Chittorgarh,589,0
Rajasthan,Churu,339,2
Rajasthan,Dausa,196,3
Rajasthan,Dholpur,67,0
Rajasthan,Dungarpur,321,0
Rajasthan,Ganganagar,531,26
Rajasthan,Hanumangarh,365,1
Rajasthan,Jaipur,1805,11
Rajasthan,Jaisalmer,39,0
Rajasthan,Jalor,419,0
Rajasthan,Jhalawar,242,1
Rajasthan,Jhunjhunu,53,0
Rajasthan,Jhunjhunun,255,3
Rajasthan,Jodhpur,896,6
Rajasthan,Karauli,126,0
Rajasthan,Kota,240,36
Rajasthan,Nagaur,1158,2
Rajasthan,Pali,617,39
Rajasthan,Pratapgarh,372,0
Rajasthan,Rajsamand,191,0
Rajasthan,Sawai Madhopur,206,17
Rajasthan,Sikar,1407,7
Rajasthan,Sirohi,310,1
Rajasthan,Tonk,210,4
Rajasthan,Udaipur,576,29
Sikkim,East Sikkim,20,0
Sikkim,North Sikkim,13,0
Sikkim,South Sikkim,2,0
Sikkim,West Sikkim,1,0
Tamil Nadu,Chennai,486,0
Tamil Nadu,Coimbatore,668,0
Tamil Nadu,Cuddalore,4,0
Tamil Nadu,Dharmapuri,85,0
Tamil Nadu,Dindigul,12,0
Tamil Nadu,Erode,474,0
Tamil Nadu,Kancheepuram,16,0
Tamil Nadu,Kanchipuram,3,0
Tamil Nadu,Kanniyakumari,194,1
Tamil Nadu,Kanyakumari,1,1
Tamil Nadu,Karur,136,0
Tamil Nadu,Krishnagiri,395,0
Tamil Nadu,Madurai,38,0
Tamil Nadu,Nagapattinam,8,0
Tamil Nadu,Namakkal,128,0
Tamil Nadu,Perambalur,4,0
Tamil Nadu,Pudukkottai,12,0
Tamil Nadu,Ramanathapuram,642,1
Tamil Nadu,Salem,131,2
Tamil Nadu,Sivaganga,19,0
Tamil Nadu,Thanjavur,48,0
Tamil Nadu,The Nilgiris,303,0
Tamil Nadu,Theni,8,0
Tamil Nadu,Thiruvarur,12,0
Tamil Nadu,Thoothukkudi,45,0
Tamil Nadu,Tiruchirappalli,6,0
Tamil Nadu,Tirunelveli,657,4
Tamil Nadu,Tiruppur,892,0
Tamil Nadu,Tiruvallur,388,0
Tamil Nadu,Tiruvannamalai,26,0
Tamil Nadu,Tiruvarur,3,0
Tamil Nadu,Vellore,643,2
Tamil Nadu,Villupuram,11,0
Tamil Nadu,Viluppuram,192,0
Tamil Nadu,Virudhunagar,153,0
Tripura,Dhalai,30,0
Tripura,Gomati,1,0
Tripura,Khowai,24,0
Tripura,North Tripura,12,0
Tripura,Sepahijala,4,0
Tripura,West Tripura,35,0
Uttar Pradesh,Agra,9,0
Uttar Pradesh,Aligarh,85,0
Uttar Pradesh,Allahabad,14,0
Uttar Pradesh,Ambedkar Nagar,5,0
Uttar Pradesh,Amethi,126,0
Uttar Pradesh,Amroha,2,0
Uttar Pradesh,Auraiya,8,0
Uttar Pradesh,Azamgarh,78,0
Uttar Pradesh,Baghpat,12,0
Uttar Pradesh,Bahraich,18,0
Uttar Pradesh,Ballia,84,0
Uttar Pradesh,Balrampur,4,0
Uttar Pradesh,Banda,1,0
Uttar Pradesh,Bara Banki,38,0
Uttar Pradesh,Bareilly,3,0
Uttar Pradesh,Basti,64,0
Uttar Pradesh,Bijnor,49,0
Uttar Pradesh,Budaun,2,0
Uttar Pradesh,Bulandshahar,1,0
Uttar Pradesh,Bulandshahr,13,0
Uttar Pradesh,Chandauli,188,0
Uttar Pradesh,Chitrakoot,166,5
Uttar Pradesh,Deoria,8,0
Uttar Pradesh,Etah,3,0
Uttar Pradesh,Etawah,139,0
Uttar Pradesh,Faizabad,106,0
Uttar Pradesh,Farrukhabad,7,0
Uttar Pradesh,Fatehpur,198,0
Uttar Pradesh,Firozabad,4,1
Uttar Pradesh,Gautam Buddha Nagar,54,1
Uttar Pradesh,Ghaziabad,259,36
Uttar Pradesh,Ghazipur,141,1
Uttar Pradesh,Gonda,55,0
Uttar Pradesh,Gorakhpur,155,0
Uttar Pradesh,Hamirpur,2,0
Uttar Pradesh,Hardoi,23,0
Uttar Pradesh,Hathras,3,0
Uttar Pradesh,Jalaun,6,0
Uttar Pradesh,Jaunpur,33,0
Uttar Pradesh,Jhansi,4,0
Uttar Pradesh,Kannauj,3,0
Uttar Pradesh,Kanpur Dehat,2,0
Uttar Pradesh,Kanpur Nagar,5,0
Uttar Pradesh,Kasganj,2,0
Uttar Pradesh,Kaushambi,4,0
Uttar Pradesh,Kheri,8,0
Uttar Pradesh,Kushinagar,13,0
Uttar Pradesh,Lucknow,9,0
Uttar Pradesh,Maharajganj,263,0
Uttar Pradesh,Mahoba,81,0
Uttar Pradesh,Mainpuri,77,0
Uttar Pradesh,Mathura,32,0
Uttar Pradesh,Mau,9,0
Uttar Pradesh,Meerut,117,0
Uttar Pradesh,Mirzapur,25,0
Uttar Pradesh,Moradabad,3,0
Uttar Pradesh,Muzaffarnagar,8,0
Uttar Pradesh,Pilibhit,37,0
Uttar Pradesh,Pratapgarh,8,0
Uttar Pradesh,Rae Bareli,197,0
Uttar Pradesh,Rampur,1,0
Uttar Pradesh,Saharanpur,9,0
Uttar Pradesh,Sambhal,1,0
Uttar Pradesh,Sant Kabir Nagar,120,0
Uttar Pradesh,Sant Ravidas Nagar,9,1
Uttar Pradesh,Sant Ravidas Nagar Bhadohi,1,0
Uttar Pradesh,Shahjahanpur,7,0
Uttar Pradesh,Shamli,1,0
Uttar Pradesh,Shrawasti,129,0
Uttar Pradesh,Siddharthnagar,9,0
Uttar Pradesh,Sitapur,13,0
Uttar Pradesh,Sonbhadra,10,0
Uttar Pradesh,Sultanpur,12,0
Uttar Pradesh,Unnao,5,0
Uttar Pradesh,Varanasi,120,0
Uttarakhand,Almora,3,0
Uttarakhand,Bageshwar,20,2
Uttarakhand,Champawat,131,0
Uttarakhand,Dehradun,61,0
Uttarakhand,Garhwal,1,0
Uttarakhand,Haridwar,72,0
Uttarakhand,Nainital,5,0
Uttarakhand,Pauri Garhwal,7,0
Uttarakhand,Pithoragarh,3,0
Uttarakhand,Rudraprayag,2,0
Uttarakhand,Tehri Garhwal,13,0
Uttarakhand,Udham Singh Nagar,56,0
Uttarakhand,Uttarkashi,1,0
West Bengal,Bankura,2,0
West Bengal,Barddhaman,25,4
West Bengal,Bardhaman,5,14
West Bengal,Birbhum,2,0
West Bengal,Cooch Behar,5,0
West Bengal,Dakshin Dinajpur,240,0
West Bengal,Darjeeling,7,0
West Bengal,Hooghly,24,0
West Bengal,Howrah,32,0
West Bengal,Jalpaiguri,3,0
West Bengal,Kolkata,24,0
West Bengal,Malda,362,1
West Bengal,Medinipur,377,19
West Bengal,Murshidabad,384,9
West Bengal,Nadia,275,1
West Bengal,North 24 Parganas,246,0
West Bengal,North Dinajpur,1,0
West Bengal,Purba Medinipur,13,0
West Bengal,Purulia,31,0
West Bengal,Puruliya,36,0
West Bengal,South 24 Parganas,87,0
West Bengal,South Twenty Four Parganas,898,0
West Bengal,Uttar Dinajpur,161,0
West Bengal,West Midnapore,76,1
