State,District,Aadhaar generated,Enrolment Rejected
Andaman and Nicobar Islands,South Andaman,1,0
Andhra Pradesh,Adilabad,832,147
Andhra Pradesh,Anantapur,8,14
Andhra Pradesh,Ananthapur,2452,318
Andhra Pradesh,Chittoor,2388,433
Andhra Pradesh,Cuddapah,17363,467
Andhra Pradesh,East Godavari,946,536
Andhra Pradesh,Guntur,8043,894
Andhra Pradesh,Hyderabad,6276,439
Andhra Pradesh,K.V.Rangareddy,16,2
Andhra Pradesh,K.v. Rangareddy,9552,690
Andhra Pradesh,Karim Nagar,29,0
Andhra Pradesh,Karimnagar,9004,462
Andhra Pradesh,Khammam,3310,228
Andhra Pradesh,Krishna,2284,700
Andhra Pradesh,Kurnool,767,400
Andhra Pradesh,Mahabub Nagar,68,14
Andhra Pradesh,Mahabubnagar,3227,331
Andhra Pradesh,Mahbubnagar,31,1
Andhra Pradesh,Medak,12201,341
Andhra Pradesh,Nalgonda,2802,255
Andhra Pradesh,Nellore,856,809
Andhra Pradesh,Nizamabad,1979,221
Andhra Pradesh,Prakasam,6066,809
Andhra Pradesh,Srikakulam,461,545
Andhra Pradesh,Visakhapatnam,2537,347
Andhra Pradesh,Vizianagaram,51,12
Andhra Pradesh,Warangal,22593,476
Andhra Pradesh,West Godavari,9614,419
Arunachal Pradesh,Lower Subansiri,1,0
Arunachal Pradesh,Papum Pare,1,0
Arunachal Pradesh,Upper Subansiri,1,0
Arunachal Pradesh,West Kameng,1,0
Arunachal Pradesh,West Siang,2,0
Assam,Baksa,4,0
Assam,Barpeta,2,0
Assam,Bongaigaon,1,0
Assam,Cachar,5,1
Assam,Darrang,2,0
Assam,Dhemaji,2,0
Assam,Dhubri,1,0
Assam,Hailakandi,5,0
Assam,Jorhat,5,0
Assam,Kamrup,6,0
Assam,Kamrup Metro,1,0
Assam,Karimganj,2,0
Assam,Kokrajhar,1,0
Assam,Lakhimpur,2,0
Assam,Marigaon,4,0
Assam,Nagaon,6,0
Assam,Nalbari,1,0
Assam,North Cachar Hills,3,0
Assam,Sibsagar,5,0
Assam,Sonitpur,5,0
Assam,Tinsukia,2,0
Assam,Udalguri,2,0
Bihar,Araria,22,2
Bihar,Arwal,47,5
Bihar,Aurangabad,32,2
Bihar,Aurangabad(BH),4,0
Bihar,Banka,26,1
Bihar,Begusarai,50,4
Bihar,Bhabua,1,0
Bihar,Bhagalpur,40,1
Bihar,Bhojpur,85,4
Bihar,Buxar,47,2
Bihar,Darbhanga,155,7
Bihar,East Champaran,67,3
Bihar,Gaya,81,4
Bihar,Gopalganj,34,2
Bihar,Jamui,20,2
Bihar,Jehanabad,21,0
Bihar,Kaimur (Bhabua),24,1
Bihar,Katihar,29,1
Bihar,Khagaria,18,1
Bihar,Kishanganj,66,21
Bihar,Lakhisarai,22,2
Bihar,Madhepura,18,0
Bihar,Madhubani,103,4
Bihar,Munger,25,1
Bihar,Muzaffarpur,76,4
Bihar,Nalanda,69,11
Bihar,Nawada,32,1
Bihar,Patna,99,2
Bihar,Purnia,16,2
Bihar,Rohtas,138,5
Bihar,Saharsa,55,1
Bihar,Samastipur,92,5
Bihar,Saran,128,8
Bihar,Sheikhpura,262,18
Bihar,Sheohar,115,1
Bihar,Sitamarhi,66,1
Bihar,Siwan,67,3
Bihar,Supaul,15,1
Bihar,Vaishali,182,13
Bihar,West Champaran,22,2
Chandigarh,Chandigarh,581,79
Chandigarh,Mohali,4,0
Chhattisgarh,Balod,29,0
Chhattisgarh,Baloda Bazar,5,0
Chhattisgarh,Bemetara,7,0
Chhattisgarh,Bilaspur,42,2
Chhattisgarh,Dantewada,1,0
Chhattisgarh,Dhamtari,1005,13
Chhattisgarh,Durg,652,10
Chhattisgarh,Gariyaband ,1,0
Chhattisgarh,Janjgir Champa,10,0
Chhattisgarh,Janjgir-champa,1,0
Chhattisgarh,Jashpur,5,0
Chhattisgarh,Kanker,1,0
Chhattisgarh,Kawardha,2,0
Chhattisgarh,Korba,1314,4
Chhattisgarh,Koriya,401,10
Chhattisgarh,Mahasamund,3,0
Chhattisgarh,Mungeli ,2,0
Chhattisgarh,Raigarh,88,2
Chhattisgarh,Raipur,2,0
Chhattisgarh,Rajnandgaon,108,0
Chhattisgarh,Surguja,1,0
Dadra and Nagar Haveli,Dadra and Nagar Haveli,244,342
Daman and Diu,Daman,22,16
Daman and Diu,Diu,3,1
Delhi,Central Delhi,261,101
Delhi,East Delhi,1084,360
Delhi,Najafgarh,51,53
Delhi,New Delhi,30,13
Delhi,North Delhi,557,123
Delhi,North East,255,118
Delhi,North East Delhi,684,257
Delhi,North West Delhi,1966,865
Delhi,South Delhi,1462,402
Delhi,South West Delhi,733,421
Delhi,West Delhi,1223,573
Goa,Bardez,4,0
Goa,North Goa,80,28
Goa,South Goa,86,28
Gujarat,Ahmadabad,19,2
Gujarat,Ahmedabad,2738,172
Gujarat,Amreli,1271,4
Gujarat,Anand,830,17
Gujarat,Banaskantha,2327,44
Gujarat,Bharuch,938,24
Gujarat,Bhavnagar,1140,37
Gujarat,Dahod,159,2
Gujarat,Dohad,1590,40
Gujarat,Gandhinagar,1412,13
Gujarat,Jamnagar,1182,75
Gujarat,Junagadh,3769,108
Gujarat,Kachchh,339,91
Gujarat,Kheda,1192,29
Gujarat,Mahesana,1109,33
Gujarat,Narmada,522,29
Gujarat,Navsari,968,50
Gujarat,Panchmahals,1397,36
Gujarat,Patan,1456,42
Gujarat,Porbandar,561,39
Gujarat,Rajkot,5253,163
Gujarat,Sabarkantha,1061,29
Gujarat,Surat,2310,240
Gujarat,Surendra Nagar,526,12
Gujarat,Tapi,466,28
Gujarat,The Dangs,58,0
Gujarat,Vadodara,2284,29
Gujarat,Valsad,498,25
Haryana,Ambala,1861,189
Haryana,Bhiwani,1800,46
Haryana,Faridabad,2151,116
Haryana,Fatehabad,1111,15
Haryana,Gurgaon,922,41
Haryana,Hisar,1523,46
Haryana,Jhajjar,1650,47
Haryana,Jind,800,22
Haryana,Kaithal,2653,77
Haryana,Karnal,739,25
Haryana,Kurukshetra,2416,49
Haryana,Mahendragarh,794,10
Haryana,Mewat,133,6
Haryana,Palwal,1570,43
Haryana,Panchkula,1101,64
Haryana,Panipat,340,14
Haryana,Rewari,1327,38
Haryana,Rohtak,1731,43
Haryana,Sirsa,1465,97
Haryana,Sonipat,1332,329
Haryana,Yamuna Nagar,2671,15
Himachal Pradesh,Bilaspur,86,22
Himachal Pradesh,Chamba,299,16
Himachal Pradesh,Hamirpur,91,18
Himachal Pradesh,Kangra,953,44
Himachal Pradesh,Kinnaur,12,0
Himachal Pradesh,Kullu,263,20
Himachal Pradesh,Lahul and Spiti,4,0
Himachal Pradesh,Mandi,840,117
Himachal Pradesh,Shimla,1568,42
Himachal Pradesh,Sirmaur,505,21
Himachal Pradesh,Solan,170,15
Himachal Pradesh,Una,93,22
Jammu and Kashmir,Anantnag,7,0
Jammu and Kashmir,Badgam,4,0
Jammu and Kashmir,Baramulla,1,0
Jammu and Kashmir,Doda,5,0
Jammu and Kashmir,Jammu,76,2
Jammu and Kashmir,Kathua,25,0
Jammu and Kashmir,Leh,4,0
Jammu and Kashmir,Pulwama,3,0
Jammu and Kashmir,Punch,6,0
Jammu and Kashmir,Rajouri,8,0
Jammu and Kashmir,Srinagar,4,0
Jammu and Kashmir,Udhampur,5,0
Jharkhand,Bokaro,918,672
Jharkhand,Chatra,1365,151
Jharkhand,Deoghar,613,109
Jharkhand,Dhanbad,1090,84
Jharkhand,Dumka,2164,70
Jharkhand,East Singhbhum,2283,88
Jharkhand,Garhwa,164,19
Jharkhand,Giridih,2196,195
Jharkhand,Godda,1421,138
Jharkhand,Gumla,505,50
Jharkhand,Hazaribag,3,1
Jharkhand,Hazaribagh,856,170
Jharkhand,Jamtara,433,25
Jharkhand,Khunti,267,32
Jharkhand,Kodarma,1,0
Jharkhand,Koderma,337,30
Jharkhand,Latehar,906,61
Jharkhand,Lohardaga,232,25
Jharkhand,Pakaur,9,0
Jharkhand,Pakur,1548,36
Jharkhand,Palamau,5,1
Jharkhand,Palamu,1112,54
Jharkhand,Ramgarh,473,54
Jharkhand,Ranchi,2312,210
Jharkhand,Sahebganj,1151,51
Jharkhand,Seraikela-Kharsawan,558,62
Jharkhand,Simdega,520,18
Jharkhand,West Singhbhum,787,46
Karnataka,Bagalkot,1408,428
Karnataka,Bangalore,10749,748
Karnataka,Bangalore Rural,988,451
Karnataka,Belgaum,5761,237
Karnataka,Bellary,2214,126
Karnataka,Bidar,119,21
Karnataka,Bijapur,1905,255
Karnataka,Bijapur(KAR),8,1
Karnataka,Chamarajanagar,4,0
Karnataka,Chamrajanagar,518,31
Karnataka,Chickmagalur,1321,34
Karnataka,Chikkaballapur,1872,117
Karnataka,Chitradurga,1557,337
Karnataka,Dakshina Kannada,5656,157
Karnataka,Davangere,1806,213
Karnataka,Dharwad,1250,253
Karnataka,Gadag,429,5
Karnataka,Gulbarga,1095,52
Karnataka,Hasan,880,33
Karnataka,Hassan,68,0
Karnataka,Haveri,1166,223
Karnataka,Kodagu,215,38
Karnataka,Kolar,2246,134
Karnataka,Koppal,681,65
Karnataka,Mandya,1242,52
Karnataka,Mysore,324,121
Karnataka,Raichur,991,92
Karnataka,Ramanagar,1016,62
Karnataka,Shimoga,823,43
Karnataka,Tumkur,254,64
Karnataka,Udupi,389,19
Karnataka,Uttara Kannada,2368,385
Karnataka,Yadgir,463,634
Kerala,Alappuzha,3366,2617
Kerala,Ernakulam,2799,1266
Kerala,Idukki,1725,556
Kerala,Kannur,3488,1335
Kerala,Kasaragod,287,319
Kerala,Kasargod,3082,1768
Kerala,Kollam,10429,2219
Kerala,Kottayam,645,93
Kerala,Kozhikode,2851,1836
Kerala,Malappuram,13046,2130
Kerala,Palakkad,651,211
Kerala,Pathanamthitta,493,148
Kerala,Thiruvananthapuram,4546,1415
Kerala,Thrissur,6106,1937
Kerala,Wayanad,838,552
Lakshadweep,Lakshadweep,0,4
Madhya Pradesh,Alirajpur,1624,305
Madhya Pradesh,Anuppur,588,24
Madhya Pradesh,Ashok Nagar,247,46
Madhya Pradesh,Balaghat,869,25
Madhya Pradesh,Barwani,424,35
Madhya Pradesh,Betul,1181,18
Madhya Pradesh,Bhind,1666,75
Madhya Pradesh,Bhopal,2497,487
Madhya Pradesh,Burhanpur,8,1
Madhya Pradesh,Chhatarpur,685,109
Madhya Pradesh,Chhindwara,1637,102
Madhya Pradesh,Damoh,1083,73
Madhya Pradesh,Datia,295,33
Madhya Pradesh,Dewas,220,62
Madhya Pradesh,Dhar,3464,171
Madhya Pradesh,Dindori,1150,113
Madhya Pradesh,Guna,1169,140
Madhya Pradesh,Gwalior,1381,189
Madhya Pradesh,Harda,109,39
Madhya Pradesh,Hoshangabad,730,231
Madhya Pradesh,Indore,2316,280
Madhya Pradesh,Jabalpur,1568,361
Madhya Pradesh,Jhabua,1344,426
Madhya Pradesh,Katni,1330,101
Madhya Pradesh,Khandwa,328,87
Madhya Pradesh,Khargone,1577,104
Madhya Pradesh,Mandla,415,22
Madhya Pradesh,Mandsaur,270,9
Madhya Pradesh,Morena,569,33
Madhya Pradesh,Narsinghpur,994,250
Madhya Pradesh,Neemuch,78,4
Madhya Pradesh,Panna,962,70
Madhya Pradesh,Raisen,1508,188
Madhya Pradesh,Rajgarh,885,144
Madhya Pradesh,Ratlam,265,21
Madhya Pradesh,Rewa,4517,345
Madhya Pradesh,Sagar,1438,197
Madhya Pradesh,Satna,2887,335
Madhya Pradesh,Sehore,1587,114
Madhya Pradesh,Seoni,4518,102
Madhya Pradesh,Shahdol,942,41
Madhya Pradesh,Shajapur,19,3
Madhya Pradesh,Sheopur,216,23
Madhya Pradesh,Shivpuri,223,35
Madhya Pradesh,Sidhi,1040,129
Madhya Pradesh,Singrauli,759,26
Madhya Pradesh,Tikamgarh,537,30
Madhya Pradesh,Ujjain,1966,124
Madhya Pradesh,Umaria,433,26
Madhya Pradesh,Vidisha,1454,378
Maharashtra,Ahmadnagar,4288,307
Maharashtra,Ahmed Nagar,222,28
Maharashtra,Akola,1342,183
Maharashtra,Amravati,2516,323
Maharashtra,Aurangabad,2652,559
Maharashtra,Beed,2645,180
Maharashtra,Bhandara,905,557
Maharashtra,Buldhana,3004,62
Maharashtra,Chandrapur,4414,273
Maharashtra,Dhule,1748,351
Maharashtra,Gadchiroli,534,37
Maharashtra,Gondia,32,3
Maharashtra,Gondiya,1288,198
Maharashtra,Hingoli,551,32
Maharashtra,Jalgaon,4267,426
Maharashtra,Jalna,925,247
Maharashtra,Kolhapur,5430,242
Maharashtra,Latur,504,146
Maharashtra,Mumbai,10510,563
Maharashtra,Mumbai City,133,9
Maharashtra,Mumbai( Sub Urban ),3,0
Maharashtra,Nagpur,2919,763
Maharashtra,Nanded,1753,141
Maharashtra,Nandurbar,1744,146
Maharashtra,Nashik,8002,727
Maharashtra,Osmanabad,1786,181
Maharashtra,Parbhani,1508,222
Maharashtra,Pune,8126,465
Maharashtra,Raigarh,1336,38
Maharashtra,Raigarh(MH),90,2
Maharashtra,Ratnagiri,266,13
Maharashtra,Sangli,2226,906
Maharashtra,Satara,3151,82
Maharashtra,Sindhudurg,312,6
Maharashtra,Solapur,3505,159
Maharashtra,Thane,13393,1331
Maharashtra,Wardha,393,129
Maharashtra,Washim,576,118
Maharashtra,Yavatmal,1357,179
Manipur,Bishnupur,2,0
Manipur,Chandel,1,4
Manipur,Churachandpur,15,7
Manipur,Imphal East,7,0
Manipur,Imphal West,31,0
Manipur,Senapati,1,0
Manipur,Tamenglong,1,1
Manipur,Thoubal,4,0
Meghalaya,East Khasi Hills,2,0
Meghalaya,West Garo Hills,2,0
Mizoram,Aizawl,4,0
Mizoram,Kolasib,1,0
Mizoram,Serchhip,4,0
Nagaland,Dimapur,145,53
Nagaland,Kiphire,1,0
Nagaland,Kohima,97,13
Nagaland,Longleng,2,0
Nagaland,Mokokchung,49,25
Nagaland,Mon,261,114
Nagaland,Phek,1,2
Nagaland,Tuensang,7,3
Nagaland,Wokha,127,10
Nagaland,Zunheboto,12,4
Odisha,Angul,4,0
Odisha,Anugul,1,0
Odisha,Balangir,555,25
Odisha,Baleswar,802,37
Odisha,Bargarh,118,549
Odisha,Bhadrak,900,920
Odisha,Cuttack,685,29
Odisha,Debagarh,2,0
Odisha,Dhenkanal,10,0
Odisha,Gajapati,4,0
Odisha,Ganjam,387,652
Odisha,Jagatsinghapur,2493,283
Odisha,Jajapur,30,0
Odisha,Jharsuguda,4,0
Odisha,Kalahandi,2,0
Odisha,Kandhamal,332,15
Odisha,Kendrapara,3490,38
Odisha,Kendujhar,480,278
Odisha,Khorda,20,2
Odisha,Khordha,304,172
Odisha,Koraput,41,393
Odisha,Malkangiri,1,0
Odisha,Mayurbhanj,1877,53
Odisha,Nayagarh,9,0
Odisha,Nuapada,0,1
Odisha,Puri,11144,981
Odisha,Rayagada,2,0
Odisha,Sambalpur,25,28
Odisha,Sonapur,29,187
Odisha,Sundergarh,1392,175
Others,Others,0,11013
Puducherry,Karaikal,1,0
Puducherry,Pondicherry,5,0
Puducherry,Puducherry,316,45
Puducherry,Yanam,19,11
Punjab,Amritsar,5492,161
Punjab,Barnala,513,47
Punjab,Bathinda,4163,181
Punjab,Faridkot,860,23
Punjab,Fatehgarh Sahib,383,49
Punjab,Fazilka,1786,93
Punjab,Ferozepur,883,14
Punjab,Gurdaspur,3323,186
Punjab,Hoshiarpur,2954,56
Punjab,Jalandhar,4312,104
Punjab,Kapurthala,629,30
Punjab,Ludhiana,6111,360
Punjab,Mansa,3025,31
Punjab,Moga,1585,34
Punjab,Muktsar,13,0
Punjab,Pathankot,297,60
Punjab,Patiala,5922,185
Punjab,Rupnagar,761,22
Punjab,SAS Nagar (Mohali),2401,49
Punjab,Sangrur,6244,109
Punjab,Shaheed Bhagat Singh Nagar,207,52
Punjab,Sri Muktsar Sahib,587,35
Punjab,Tarn Taran,784,10
Rajasthan,Ajmer,2832,339
Rajasthan,Alwar,3772,403
Rajasthan,Banswara,1880,87
Rajasthan,Baran,744,149
Rajasthan,Barmer,2611,431
Rajasthan,Bharatpur,1980,58
Rajasthan,Bhilwara,594,35
Rajasthan,Bikaner,1378,144
Rajasthan,Bundi,586,45
Rajasthan,Chittorgarh,875,103
Rajasthan,Churu,2937,222
Rajasthan,Dausa,2337,168
Rajasthan,Dholpur,1166,80
Rajasthan,Dungarpur,1580,71
Rajasthan,Ganganagar,910,32
Rajasthan,Hanumangarh,6190,82
Rajasthan,Jaipur,6439,332
Rajasthan,Jaisalmer,330,7
Rajasthan,Jalor,1048,314
Rajasthan,Jhalawar,1240,73
Rajasthan,Jhunjhunu,145,13
Rajasthan,Jhunjhunun,3059,108
Rajasthan,Jodhpur,2743,106
Rajasthan,Karauli,819,31
Rajasthan,Kota,796,292
Rajasthan,Nagaur,2892,182
Rajasthan,Pali,2051,153
Rajasthan,Pratapgarh,1007,68
Rajasthan,Rajsamand,905,190
Rajasthan,Sawai Madhopur,645,49
Rajasthan,Sikar,3071,160
Rajasthan,Sirohi,510,103
Rajasthan,Tonk,1152,105
Rajasthan,Udaipur,2139,368
Sikkim,East Sikkim,177,0
Sikkim,North Sikkim,45,1
Sikkim,South Sikkim,20,2
Sikkim,West Sikkim,19,1
Tamil Nadu,Ariyalur,20,2
Tamil Nadu,Chennai,10332,75
Tamil Nadu,Coimbatore,1303,219
Tamil Nadu,Cuddalore,119,10
Tamil Nadu,Dharmapuri,9027,35
Tamil Nadu,Dindigul,623,23
Tamil Nadu,Erode,263,110
Tamil Nadu,Kancheepuram,1904,56
Tamil Nadu,Kanchipuram,342,58
Tamil Nadu,Kanniyakumari,392,2
Tamil Nadu,Kanyakumari,17,1
Tamil Nadu,Karur,94,11
Tamil Nadu,Krishnagiri,977,10
Tamil Nadu,Madurai,4780,986
Tamil Nadu,Nagapattinam,132,70
Tamil Nadu,Namakkal,2472,188
Tamil Nadu,Nilgiris,1,0
Tamil Nadu,Perambalur,36,0
Tamil Nadu,Pudukkottai,18,0
Tamil Nadu,Ramanathapuram,1358,331
Tamil Nadu,Salem,11527,756
Tamil Nadu,Sivaganga,499,12
Tamil Nadu,Thanjavur,5140,102
Tamil Nadu,The Nilgiris,99,4
Tamil Nadu,Theni,162,101
Tamil Nadu,Thiruvarur,214,4
Tamil Nadu,Thoothukkudi,806,34
Tamil Nadu,Tiruchirappalli,1206,115
Tamil Nadu,Tirunelveli,835,46
Tamil Nadu,Tiruppur,1326,157
Tamil Nadu,Tiruvallur,150,193
Tamil Nadu,Tiruvannamalai,89,34
Tamil Nadu,Tiruvarur,8,0
Tamil Nadu,Vellore,9697,2601
Tamil Nadu,Villupuram,86,3
Tamil Nadu,Viluppuram,9981,228
Tamil Nadu,Virudhunagar,1507,113
Tripura,Dhalai,3,1
Tripura,Gomati,0,1
Tripura,Khowai,6,0
Tripura,North Tripura,9,1
Tripura,South Tripura,5,1
Tripura,West Tripura,36,9
Uttar Pradesh,Agra,42,7
Uttar Pradesh,Aligarh,165,15
Uttar Pradesh,Allahabad,78,2
Uttar Pradesh,Ambedkar Nagar,44,6
Uttar Pradesh,Amethi,88,2
Uttar Pradesh,Amroha,11,1
Uttar Pradesh,Auraiya,24,1
Uttar Pradesh,Azamgarh,265,11
Uttar Pradesh,Baghpat,28,2
Uttar Pradesh,Bagpat,1,0
Uttar Pradesh,Bahraich,23,1
Uttar Pradesh,Ballia,187,13
Uttar Pradesh,Balrampur,21,0
Uttar Pradesh,Banda,32,12
Uttar Pradesh,Bara Banki,295,164
Uttar Pradesh,Barabanki,2,0
Uttar Pradesh,Bareilly,33,3
Uttar Pradesh,Basti,356,11
Uttar Pradesh,Bijnor,148,35
Uttar Pradesh,Budaun,36,5
Uttar Pradesh,Bulandshahar,5,1
Uttar Pradesh,Bulandshahr,43,1
Uttar Pradesh,Chandauli,30,1
Uttar Pradesh,Chitrakoot,92,2
Uttar Pradesh,Deoria,67,3
Uttar Pradesh,Etah,22,1
Uttar Pradesh,Etawah,640,96
Uttar Pradesh,Faizabad,773,31
Uttar Pradesh,Farrukhabad,12,1
Uttar Pradesh,Fatehpur,102,2
Uttar Pradesh,Firozabad,20,3
Uttar Pradesh,Gautam Buddha Nagar,96,4
Uttar Pradesh,Ghaziabad,359,175
Uttar Pradesh,Ghazipur,117,9
Uttar Pradesh,Gonda,72,2
Uttar Pradesh,Gorakhpur,137,8
Uttar Pradesh,Hamirpur,5,0
Uttar Pradesh,Hardoi,126,3
Uttar Pradesh,Hathras,17,0
Uttar Pradesh,Jalaun,17,1
Uttar Pradesh,Jaunpur,112,7
Uttar Pradesh,Jhansi,48,2
Uttar Pradesh,Jyotiba Phule Nagar,2,0
Uttar Pradesh,Kannauj,25,1
Uttar Pradesh,Kanpur Dehat,14,0
Uttar Pradesh,Kanpur Nagar,61,10
Uttar Pradesh,Kasganj,10,0
Uttar Pradesh,Kaushambi,62,0
Uttar Pradesh,Kheri,14,0
Uttar Pradesh,Kushinagar,56,0
Uttar Pradesh,Lalitpur,1,1
Uttar Pradesh,Lucknow,70,3
Uttar Pradesh,Maharajganj,143,3
Uttar Pradesh,Mahoba,188,109
Uttar Pradesh,Mahrajganj,6,0
Uttar Pradesh,Mainpuri,47,8
Uttar Pradesh,Mathura,43,1
Uttar Pradesh,Mau,44,0
Uttar Pradesh,Meerut,206,4
Uttar Pradesh,Mirzapur,30,1
Uttar Pradesh,Moradabad,15,0
Uttar Pradesh,Muzaffarnagar,39,2
Uttar Pradesh,Pilibhit,3123,208
Uttar Pradesh,Pratapgarh,727,11
Uttar Pradesh,Rae Bareli,943,12
Uttar Pradesh,Raebareli,5,1
Uttar Pradesh,Rampur,17,0
Uttar Pradesh,Saharanpur,48,4
Uttar Pradesh,Sambhal,13,0
Uttar Pradesh,Sant Kabir Nagar,298,12
Uttar Pradesh,Sant Ravidas Nagar,267,2
Uttar Pradesh,Sant Ravidas Nagar Bhadohi,1,0
Uttar Pradesh,Shahjahanpur,12,1
Uttar Pradesh,Shamli,14,1
Uttar Pradesh,Shrawasti,19,3
Uttar Pradesh,Siddharthnagar,68,1
Uttar Pradesh,Sitapur,18,2
Uttar Pradesh,Sonbhadra,7,0
Uttar Pradesh,Sultanpur,60,3
Uttar Pradesh,Unnao,44,0
Uttar Pradesh,Varanasi,50,2
Uttarakhand,Almora,21,3
Uttarakhand,Bageshwar,18,3
Uttarakhand,Chamoli,20,1
Uttarakhand,Champawat,13,3
Uttarakhand,Dehradun,544,53
Uttarakhand,Garhwal,3,0
Uttarakhand,Haridwar,27,3
Uttarakhand,Nainital,14,1
Uttarakhand,Pauri Garhwal,23,0
Uttarakhand,Pithoragarh,12,0
Uttarakhand,Rudraprayag,7,1
Uttarakhand,Tehri Garhwal,180,10
Uttarakhand,Udham Singh Nagar,52,19
Uttarakhand,Uttarkashi,2,0
West Bengal,Bankura,22,1
West Bengal,Barddhaman,37,29
West Bengal,Bardhaman,113,7
West Bengal,Birbhum,13,0
West Bengal,Cooch Behar,4175,506
West Bengal,Dakshin Dinajpur,2768,535
West Bengal,Darjeeling,175,22
West Bengal,East Midnapore,78,34
West Bengal,Hooghly,6570,35
West Bengal,Howrah,292,219
West Bengal,Jalpaiguri,704,302
West Bengal,Kolkata,995,414
West Bengal,Malda,9542,329
West Bengal,Medinipur,30,199
West Bengal,Murshidabad,10287,121
West Bengal,Nadia,4884,1574
West Bengal,North 24 Parganas,148,1932
West Bengal,North Dinajpur,646,371
West Bengal,Purulia,17,0
West Bengal,South 24 Parganas,103,1
West Bengal,South Dinajpur,15,0
West Bengal,South Twenty Four Parganas,2884,909
West Bengal,Uttar Dinajpur,110,10
West Bengal,West Midnapore,69,670
