State,District,Aadhaar generated,Enrolment Rejected
Andaman and Nicobar Islands,North And Middle Andaman,2,0
Andaman and Nicobar Islands,South Andaman,2,0
Andhra Pradesh,Adilabad,7387,11
Andhra Pradesh,Anantapur,2,0
Andhra Pradesh,Ananthapur,6370,43
Andhra Pradesh,Chittoor,12320,44
Andhra Pradesh,Cuddapah,2887,23
Andhra Pradesh,East Godavari,10029,52
Andhra Pradesh,Guntur,7838,16
Andhra Pradesh,Hyderabad,15111,83
Andhra Pradesh,K.V.Rangareddy,94,0
Andhra Pradesh,K.v. Rangareddy,22760,129
Andhra Pradesh,Karim Nagar,1,0
Andhra Pradesh,Karimnagar,5601,53
Andhra Pradesh,Khammam,3918,23
Andhra Pradesh,Krishna,9061,17
Andhra Pradesh,Kurnool,8675,4
Andhra Pradesh,Mahabub Nagar,41,0
Andhra Pradesh,Mahabubnagar,4719,13
Andhra Pradesh,Mahbubnagar,5,0
Andhra Pradesh,Medak,5009,52
Andhra Pradesh,Nalgonda,5128,4
Andhra Pradesh,Nellore,1367,12
Andhra Pradesh,Nizamabad,1684,9
Andhra Pradesh,Prakasam,5044,68
Andhra Pradesh,Srikakulam,883,3
Andhra Pradesh,Visakhapatnam,7245,28
Andhra Pradesh,Vizianagaram,156,2
Andhra Pradesh,Warangal,4917,19
Andhra Pradesh,West Godavari,7417,20
Arunachal Pradesh,East Kameng,1,0
Arunachal Pradesh,East Siang,2,0
Arunachal Pradesh,Papum Pare,2,0
Arunachal Pradesh,Tawang,1,0
Arunachal Pradesh,Tirap,1,0
Arunachal Pradesh,Upper Subansiri,1,0
Arunachal Pradesh,West Kameng,1,0
Arunachal Pradesh,West Siang,2,0
Assam,Baksa,1,0
Assam,Barpeta,12,0
Assam,Bongaigaon,9,0
Assam,Cachar,12,0
Assam,Chirang,5,0
Assam,Darrang,4,0
Assam,Dhemaji,1,0
Assam,Dhubri,3,0
Assam,Dibrugarh,4,0
Assam,Goalpara,4,0
Assam,Golaghat,4,0
Assam,Hailakandi,8,0
Assam,Jorhat,9,0
Assam,Kamrup,9,0
Assam,Kamrup Metro,2,0
Assam,Karbi Anglong,3,0
Assam,Karimganj,6,0
Assam,Kokrajhar,2,0
Assam,Lakhimpur,4,0
Assam,Marigaon,5,0
Assam,Nagaon,20,0
Assam,Nalbari,4,0
Assam,Sibsagar,7,0
Assam,Sonitpur,15,0
Assam,Tinsukia,3,0
Assam,Udalguri,8,0
Bihar,Araria,13,0
Bihar,Arwal,3733,0
Bihar,Aurangabad,45,0
Bihar,Aurangabad(BH),11,0
Bihar,Banka,35,0
Bihar,Begusarai,48,0
Bihar,Bhabua,3,0
Bihar,Bhagalpur,71,0
Bihar,Bhojpur,107,0
Bihar,Buxar,56,0
Bihar,Darbhanga,152,3
Bihar,East Champaran,87,2
Bihar,Gaya,90,1
Bihar,Gopalganj,77,0
Bihar,Jamui,34,1
Bihar,Jehanabad,30,1
Bihar,Kaimur (Bhabua),21,0
Bihar,Katihar,101,0
Bihar,Khagaria,23,0
Bihar,Kishanganj,114,0
Bihar,Lakhisarai,32,0
Bihar,Madhepura,22,0
Bihar,Madhubani,130,1
Bihar,Munger,43,0
Bihar,Muzaffarpur,108,0
Bihar,Nalanda,682,0
Bihar,Nawada,36,1
Bihar,Patna,151,0
Bihar,Purnia,17,1
Bihar,Rohtas,151,1
Bihar,Saharsa,31,0
Bihar,Samastipur,87,0
Bihar,Saran,118,1
Bihar,Sheikhpura,967,5
Bihar,Sheohar,18,0
Bihar,Sitamarhi,67,0
Bihar,Siwan,87,1
Bihar,Supaul,37,0
Bihar,Vaishali,219,1
Bihar,West Champaran,40,0
Chandigarh,Chandigarh,449,5
Chandigarh,Mohali,1,0
Chhattisgarh,Balod,20,0
Chhattisgarh,Baloda Bazar,1,0
Chhattisgarh,Balrampur,1,0
Chhattisgarh,Bastar,1,0
Chhattisgarh,Bemetara,188,1
Chhattisgarh,Bijapur,2,0
Chhattisgarh,Bilaspur,88,0
Chhattisgarh,Dhamtari,9195,2
Chhattisgarh,Durg,1025,8
Chhattisgarh,Janjgir Champa,5,0
Chhattisgarh,Jashpur,2,0
Chhattisgarh,Kanker,7,0
Chhattisgarh,Korba,11672,1
Chhattisgarh,Koriya,1104,1
Chhattisgarh,Mahasamund,2,1
Chhattisgarh,Raigarh,99,0
Chhattisgarh,Raipur,12,0
Chhattisgarh,Rajnandgaon,33,4
Chhattisgarh,Surguja,3,0
Dadra and Nagar Haveli,Dadra and Nagar Haveli,517,1
Daman and Diu,Daman,99,0
Delhi,Central Delhi,615,8
Delhi,East Delhi,1838,159
Delhi,Najafgarh,17,0
Delhi,New Delhi,53,4
Delhi,North Delhi,685,33
Delhi,North East,315,23
Delhi,North East Delhi,1427,81
Delhi,North West Delhi,3530,238
Delhi,South Delhi,2883,128
Delhi,South West Delhi,879,40
Delhi,West Delhi,2324,48
Goa,Bardez,7,0
Goa,North Goa,348,3
Goa,South Goa,333,7
Gujarat,Ahmadabad,25,0
Gujarat,Ahmedabad,4668,97
Gujarat,Amreli,1116,0
Gujarat,Anand,1917,6
Gujarat,Banaskantha,4800,24
Gujarat,Bharuch,1692,42
Gujarat,Bhavnagar,2059,5
Gujarat,Dahod,172,7
Gujarat,Dohad,1573,3
Gujarat,Gandhinagar,1109,3
Gujarat,Jamnagar,2027,45
Gujarat,Junagadh,6538,235
Gujarat,Kachchh,318,0
Gujarat,Kheda,1019,1
Gujarat,Mahesana,1333,12
Gujarat,Narmada,1099,22
Gujarat,Navsari,747,6
Gujarat,Panchmahals,1920,45
Gujarat,Patan,1149,0
Gujarat,Porbandar,412,32
Gujarat,Rajkot,9473,105
Gujarat,Sabarkantha,518,0
Gujarat,Surat,6624,255
Gujarat,Surendra Nagar,2584,10
Gujarat,Tapi,1130,15
Gujarat,The Dangs,27,0
Gujarat,Vadodara,1391,2
Gujarat,Valsad,613,0
Haryana,Ambala,1516,6
Haryana,Bhiwani,1596,14
Haryana,Faridabad,2227,20
Haryana,Fatehabad,5004,4
Haryana,Gurgaon,1011,19
Haryana,Hisar,1120,8
Haryana,Jhajjar,1707,1
Haryana,Jind,633,7
Haryana,Kaithal,1434,11
Haryana,Karnal,1084,18
Haryana,Kurukshetra,3103,4
Haryana,Mahendragarh,519,10
Haryana,Mewat,48,0
Haryana,Palwal,770,6
Haryana,Panchkula,4022,72
Haryana,Panipat,499,1
Haryana,Rewari,741,16
Haryana,Rohtak,1224,3
Haryana,Sirsa,6890,9
Haryana,Sonipat,1383,7
Haryana,Yamuna Nagar,828,12
Himachal Pradesh,Bilaspur,306,0
Himachal Pradesh,Chamba,306,19
Himachal Pradesh,Hamirpur,412,1
Himachal Pradesh,Kangra,464,1
Himachal Pradesh,Kinnaur,5,0
Himachal Pradesh,Kullu,201,3
Himachal Pradesh,Lahul and Spiti,2,0
Himachal Pradesh,Mandi,464,26
Himachal Pradesh,Shimla,1820,12
Himachal Pradesh,Sirmaur,396,9
Himachal Pradesh,Solan,131,0
Himachal Pradesh,Una,217,0
Jammu and Kashmir,Anantnag,11,0
Jammu and Kashmir,Badgam,5,0
Jammu and Kashmir,Doda,58,2
Jammu and Kashmir,Jammu,127,6
Jammu and Kashmir,Kathua,19,0
Jammu and Kashmir,Kupwara,2,0
Jammu and Kashmir,Leh,4,0
Jammu and Kashmir,Pulwama,4,0
Jammu and Kashmir,Punch,3,0
Jammu and Kashmir,Rajouri,9,0
Jammu and Kashmir,Srinagar,2,0
Jammu and Kashmir,Udhampur,9,0
Jharkhand,Bokaro,743,209
Jharkhand,Chatra,1294,2
Jharkhand,Deoghar,441,55
Jharkhand,Dhanbad,769,2
Jharkhand,Dumka,1422,16
Jharkhand,East Singhbhum,2018,31
Jharkhand,Garhwa,110,0
Jharkhand,Giridih,1422,35
Jharkhand,Godda,1593,16
Jharkhand,Gumla,208,15
Jharkhand,Hazaribag,10,0
Jharkhand,Hazaribagh,1208,22
Jharkhand,Jamtara,281,3
Jharkhand,Khunti,443,10
Jharkhand,Kodarma,1,0
Jharkhand,Koderma,305,1
Jharkhand,Latehar,318,1
Jharkhand,Lohardaga,313,9
Jharkhand,Pakaur,3,0
Jharkhand,Pakur,1335,2
Jharkhand,Palamau,1,0
Jharkhand,Palamu,649,20
Jharkhand,Ramgarh,1189,8
Jharkhand,Ranchi,4040,51
Jharkhand,Sahebganj,670,7
Jharkhand,Seraikela-Kharsawan,353,6
Jharkhand,Simdega,414,5
Jharkhand,West Singhbhum,1284,13
Karnataka,Bagalkot,2127,84
Karnataka,Bangalore,11565,873
Karnataka,Bangalore Rural,2307,4
Karnataka,Belgaum,8923,368
Karnataka,Bellary,1230,5
Karnataka,Bidar,139,2
Karnataka,Bijapur,2869,3
Karnataka,Bijapur(KAR),35,0
Karnataka,Chamrajanagar,229,6
Karnataka,Chickmagalur,1044,3
Karnataka,Chikkaballapur,3379,1
Karnataka,Chitradurga,3623,48
Karnataka,Dakshina Kannada,5361,14
Karnataka,Davangere,4254,7
Karnataka,Dharwad,1631,7
Karnataka,Gadag,290,1
Karnataka,Gulbarga,732,3
Karnataka,Hasan,874,10
Karnataka,Hassan,15,2
Karnataka,Haveri,2844,1
Karnataka,Kodagu,119,2
Karnataka,Kolar,1782,5
Karnataka,Koppal,1469,6
Karnataka,Mandya,764,3
Karnataka,Mysore,475,3
Karnataka,Raichur,1273,24
Karnataka,Ramanagar,1534,63
Karnataka,Shimoga,1249,41
Karnataka,Tumkur,695,12
Karnataka,Udupi,577,3
Karnataka,Uttara Kannada,4878,0
Karnataka,Yadgir,1154,171
Kerala,Alappuzha,2220,11
Kerala,Ernakulam,606,10
Kerala,Idukki,545,10
Kerala,Kannur,1462,15
Kerala,Kasaragod,1220,16
Kerala,Kasargod,419,0
Kerala,Kollam,6912,19
Kerala,Kottayam,334,9
Kerala,Kozhikode,2745,12
Kerala,Malappuram,11106,34
Kerala,Palakkad,545,17
Kerala,Pathanamthitta,757,5
Kerala,Thiruvananthapuram,5586,15
Kerala,Thrissur,2360,11
Kerala,Wayanad,132,0
Lakshadweep,Lakshadweep,2,0
Madhya Pradesh,Alirajpur,2225,56
Madhya Pradesh,Anuppur,926,6
Madhya Pradesh,Ashok Nagar,317,23
Madhya Pradesh,Balaghat,563,34
Madhya Pradesh,Barwani,522,13
Madhya Pradesh,Betul,1750,3
Madhya Pradesh,Bhind,1829,19
Madhya Pradesh,Bhopal,2399,102
Madhya Pradesh,Burhanpur,3,0
Madhya Pradesh,Chhatarpur,995,124
Madhya Pradesh,Chhindwara,2290,70
Madhya Pradesh,Damoh,759,20
Madhya Pradesh,Datia,2002,137
Madhya Pradesh,Dewas,318,6
Madhya Pradesh,Dhar,2943,25
Madhya Pradesh,Dindori,984,56
Madhya Pradesh,Guna,1191,28
Madhya Pradesh,Gwalior,1332,51
Madhya Pradesh,Harda,171,2
Madhya Pradesh,Hoshangabad,892,12
Madhya Pradesh,Indore,1802,19
Madhya Pradesh,Jabalpur,1145,53
Madhya Pradesh,Jhabua,1532,97
Madhya Pradesh,Katni,703,41
Madhya Pradesh,Khandwa,783,24
Madhya Pradesh,Khargone,1945,19
Madhya Pradesh,Mandla,386,25
Madhya Pradesh,Mandsaur,86,14
Madhya Pradesh,Morena,568,3
Madhya Pradesh,Narsinghpur,1031,8
Madhya Pradesh,Neemuch,14,0
Madhya Pradesh,Panna,1500,23
Madhya Pradesh,Raisen,2617,73
Madhya Pradesh,Rajgarh,794,10
Madhya Pradesh,Ratlam,510,4
Madhya Pradesh,Rewa,5340,147
Madhya Pradesh,Sagar,1932,31
Madhya Pradesh,Satna,4780,81
Madhya Pradesh,Sehore,3880,210
Madhya Pradesh,Seoni,2912,8
Madhya Pradesh,Shahdol,1960,6
Madhya Pradesh,Shajapur,27,0
Madhya Pradesh,Sheopur,232,4
Madhya Pradesh,Shivpuri,376,13
Madhya Pradesh,Sidhi,1621,62
Madhya Pradesh,Singrauli,1710,16
Madhya Pradesh,Tikamgarh,2704,3
Madhya Pradesh,Ujjain,1353,9
Madhya Pradesh,Umaria,899,43
Madhya Pradesh,Vidisha,2130,34
Maharashtra,Ahmadnagar,8088,47
Maharashtra,Ahmed Nagar,90,0
Maharashtra,Akola,3306,44
Maharashtra,Amravati,1462,7
Maharashtra,Aurangabad,2666,27
Maharashtra,Beed,3354,5
Maharashtra,Bhandara,630,16
Maharashtra,Buldhana,2195,3
Maharashtra,Chandrapur,2991,0
Maharashtra,Dhule,3732,20
Maharashtra,Gadchiroli,1073,1
Maharashtra,Gondia,81,1
Maharashtra,Gondiya,1976,30
Maharashtra,Hingoli,485,1
Maharashtra,Jalgaon,3353,47
Maharashtra,Jalna,519,5
Maharashtra,Kolhapur,8602,10
Maharashtra,Latur,3125,34
Maharashtra,Mumbai,8372,141
Maharashtra,Mumbai City,303,0
Maharashtra,Mumbai( Sub Urban ),12,0
Maharashtra,Nagpur,6657,157
Maharashtra,Nanded,4228,20
Maharashtra,Nandurbar,3666,7
Maharashtra,Nashik,10172,97
Maharashtra,Osmanabad,1650,55
Maharashtra,Parbhani,1540,2
Maharashtra,Pune,6577,73
Maharashtra,Raigarh,2604,16
Maharashtra,Raigarh(MH),300,0
Maharashtra,Ratnagiri,263,1
Maharashtra,Sangli,8114,19
Maharashtra,Satara,4884,32
Maharashtra,Sindhudurg,2516,1
Maharashtra,Solapur,2425,20
Maharashtra,Thane,24583,833
Maharashtra,Wardha,244,1
Maharashtra,Washim,2323,50
Maharashtra,Yavatmal,3162,30
Manipur,Bishnupur,5,0
Manipur,Chandel,2,0
Manipur,Churachandpur,4,0
Manipur,Imphal East,2,0
Manipur,Imphal West,11,0
Manipur,Senapati,6,0
Manipur,Tamenglong,1,0
Manipur,Thoubal,6,0
Manipur,Ukhrul,1,0
Meghalaya,East Khasi Hills,5,0
Meghalaya,West Garo Hills,3,0
Mizoram,Aizawl,3,0
Mizoram,Champhai,1,0
Mizoram,Kolasib,1,0
Mizoram,Lawngtlai,1,0
Mizoram,Lunglei,1,0
Mizoram,Serchhip,1,0
Nagaland,Dimapur,64,0
Nagaland,Kohima,76,0
Nagaland,Mokokchung,233,0
Nagaland,Phek,11,0
Nagaland,Wokha,74,0
Nagaland,Zunheboto,6,0
Odisha,Angul,6,0
Odisha,Balangir,176,0
Odisha,Baleswar,122,1
Odisha,Bargarh,214,659
Odisha,Bhadrak,892,0
Odisha,Boudh,1,0
Odisha,Cuttack,202,0
Odisha,Debagarh,3,0
Odisha,Dhenkanal,17,0
Odisha,Gajapati,3,0
Odisha,Ganjam,583,6837
Odisha,Jagatsinghapur,490,0
Odisha,Jajapur,32,0
Odisha,Jharsuguda,4,0
Odisha,Kalahandi,6,0
Odisha,Kandhamal,33,0
Odisha,Kendrapara,3004,37
Odisha,Kendujhar,88,0
Odisha,Khorda,51,0
Odisha,Khordha,19,3
Odisha,Koraput,106,12
Odisha,Malkangiri,1,0
Odisha,Mayurbhanj,2830,0
Odisha,Nabarangapur,3,0
Odisha,Nayagarh,8,1
Odisha,Nuapada,1,0
Odisha,Puri,591,0
Odisha,Rayagada,3,0
Odisha,Sambalpur,5,2
Odisha,Sonapur,303,419
Odisha,Sundergarh,1392,0
Others,Others,2,6353
Puducherry,Karaikal,1,0
Puducherry,Pondicherry,12,0
Puducherry,Puducherry,1425,1
Puducherry,Yanam,101,1
Punjab,Amritsar,1626,0
Punjab,Barnala,326,19
Punjab,Bathinda,1934,36
Punjab,Faridkot,691,1
Punjab,Fatehgarh Sahib,195,1
Punjab,Fazilka,1066,6
Punjab,Ferozepur,592,0
Punjab,Gurdaspur,2806,19
Punjab,Hoshiarpur,1895,25
Punjab,Jalandhar,2675,119
Punjab,Kapurthala,1009,16
Punjab,Ludhiana,5150,180
Punjab,Mansa,960,3
Punjab,Moga,1305,2
Punjab,Muktsar,27,0
Punjab,Pathankot,201,1
Punjab,Patiala,3960,17
Punjab,Rupnagar,464,0
Punjab,SAS Nagar (Mohali),6483,27
Punjab,Sangrur,3840,58
Punjab,Shaheed Bhagat Singh Nagar,290,3
Punjab,Sri Muktsar Sahib,751,8
Punjab,Tarn Taran,614,1
Rajasthan,Ajmer,2252,14
Rajasthan,Alwar,3841,37
Rajasthan,Banswara,4733,82
Rajasthan,Baran,5888,293
Rajasthan,Barmer,8099,241
Rajasthan,Bharatpur,3356,7
Rajasthan,Bhilwara,449,0
Rajasthan,Bikaner,851,25
Rajasthan,Bundi,295,8
Rajasthan,Chittorgarh,1835,20
Rajasthan,Churu,2682,34
Rajasthan,Dausa,1597,6
Rajasthan,Dholpur,1757,0
Rajasthan,Dungarpur,4076,12
Rajasthan,Ganganagar,1786,15
Rajasthan,Hanumangarh,14059,88
Rajasthan,Jaipur,10629,61
Rajasthan,Jaisalmer,1019,0
Rajasthan,Jalor,4233,106
Rajasthan,Jhalawar,8031,194
Rajasthan,Jhunjhunu,213,0
Rajasthan,Jhunjhunun,2180,10
Rajasthan,Jodhpur,2136,17
Rajasthan,Karauli,3735,0
Rajasthan,Kota,1764,88
Rajasthan,Nagaur,2674,62
Rajasthan,Pali,1682,46
Rajasthan,Pratapgarh,1179,30
Rajasthan,Rajsamand,3127,50
Rajasthan,Sawai Madhopur,615,6
Rajasthan,Sikar,3029,31
Rajasthan,Sirohi,1141,33
Rajasthan,Tonk,931,6
Rajasthan,Udaipur,3860,40
Sikkim,East Sikkim,47,0
Sikkim,North Sikkim,11,0
Sikkim,South Sikkim,4,0
Sikkim,West Sikkim,21,0
Tamil Nadu,Ariyalur,37,0
Tamil Nadu,Chennai,12252,5
Tamil Nadu,Coimbatore,3597,0
Tamil Nadu,Cuddalore,21,0
Tamil Nadu,Dharmapuri,4937,0
Tamil Nadu,Dindigul,1786,0
Tamil Nadu,Erode,640,71
Tamil Nadu,Kancheepuram,592,0
Tamil Nadu,Kanchipuram,855,0
Tamil Nadu,Kanniyakumari,576,3
Tamil Nadu,Kanyakumari,8,0
Tamil Nadu,Karur,28,0
Tamil Nadu,Krishnagiri,902,0
Tamil Nadu,Madurai,5142,1
Tamil Nadu,Nagapattinam,615,0
Tamil Nadu,Namakkal,33,0
Tamil Nadu,Nilgiris,3,0
Tamil Nadu,Perambalur,4,0
Tamil Nadu,Pudukkottai,4,0
Tamil Nadu,Ramanathapuram,1339,0
Tamil Nadu,Salem,15343,15
Tamil Nadu,Sivaganga,7002,0
Tamil Nadu,Thanjavur,1137,0
Tamil Nadu,The Nilgiris,685,0
Tamil Nadu,Theni,71,0
Tamil Nadu,Thiruvarur,2592,0
Tamil Nadu,Thoothukkudi,2153,1
Tamil Nadu,Tiruchirappalli,639,6
Tamil Nadu,Tirunelveli,30,0
Tamil Nadu,Tiruppur,1673,3
Tamil Nadu,Tiruvallur,2963,4
Tamil Nadu,Tiruvannamalai,995,555
Tamil Nadu,Tiruvarur,13,0
Tamil Nadu,Tuticorin,1,0
Tamil Nadu,Vellore,7778,0
Tamil Nadu,Villupuram,22,0
Tamil Nadu,Viluppuram,3808,0
Tamil Nadu,Virudhunagar,1223,1
Tripura,Dhalai,49,0
Tripura,Gomati,1,1
Tripura,Khowai,38,1
Tripura,North Tripura,7,0
Tripura,Unakoti,3,0
Tripura,West Tripura,39,1
Uttar Pradesh,Agra,64,0
Uttar Pradesh,Aligarh,344,0
Uttar Pradesh,Allahabad,189,0
Uttar Pradesh,Ambedkar Nagar,56,0
Uttar Pradesh,Amethi,396,2
Uttar Pradesh,Amroha,6,0
Uttar Pradesh,Auraiya,24,0
Uttar Pradesh,Azamgarh,238,1
Uttar Pradesh,Baghpat,28,0
Uttar Pradesh,Bagpat,1,0
Uttar Pradesh,Bahraich,29,0
Uttar Pradesh,Ballia,274,2
Uttar Pradesh,Balrampur,24,0
Uttar Pradesh,Banda,29,0
Uttar Pradesh,Bara Banki,260,0
Uttar Pradesh,Barabanki,2,0
Uttar Pradesh,Bareilly,55,0
Uttar Pradesh,Basti,252,0
Uttar Pradesh,Bijnor,757,20
Uttar Pradesh,Budaun,50,0
Uttar Pradesh,Bulandshahar,7,0
Uttar Pradesh,Bulandshahr,45,0
Uttar Pradesh,Chandauli,39,0
Uttar Pradesh,Chitrakoot,5649,10
Uttar Pradesh,Deoria,88,2
Uttar Pradesh,Etah,31,0
Uttar Pradesh,Etawah,705,3
Uttar Pradesh,Faizabad,310,1
Uttar Pradesh,Farrukhabad,20,0
Uttar Pradesh,Fatehpur,44,0
Uttar Pradesh,Firozabad,23,0
Uttar Pradesh,Gautam Buddha Nagar,139,0
Uttar Pradesh,Ghaziabad,396,687
Uttar Pradesh,Ghazipur,156,0
Uttar Pradesh,Gonda,88,1
Uttar Pradesh,Gorakhpur,122,0
Uttar Pradesh,Hamirpur,4,0
Uttar Pradesh,Hardoi,134,68
Uttar Pradesh,Hathras,34,0
Uttar Pradesh,Jalaun,37,0
Uttar Pradesh,Jaunpur,135,1
Uttar Pradesh,Jhansi,97,0
Uttar Pradesh,Jyotiba Phule Nagar,3,0
Uttar Pradesh,Kannauj,20,0
Uttar Pradesh,Kanpur Dehat,25,0
Uttar Pradesh,Kanpur Nagar,127,0
Uttar Pradesh,Kasganj,9,0
Uttar Pradesh,Kaushambi,1677,0
Uttar Pradesh,Kheri,9,0
Uttar Pradesh,Kushinagar,70,2
Uttar Pradesh,Lalitpur,11,0
Uttar Pradesh,Lucknow,63,2
Uttar Pradesh,Maharajganj,38,0
Uttar Pradesh,Mahoba,2068,1
Uttar Pradesh,Mahrajganj,2,0
Uttar Pradesh,Mainpuri,335,4
Uttar Pradesh,Mathura,49,0
Uttar Pradesh,Mau,72,0
Uttar Pradesh,Meerut,319,0
Uttar Pradesh,Mirzapur,36,0
Uttar Pradesh,Moradabad,16,0
Uttar Pradesh,Muzaffarnagar,31,0
Uttar Pradesh,Pilibhit,6275,0
Uttar Pradesh,Pratapgarh,4015,2
Uttar Pradesh,Rae Bareli,224,5
Uttar Pradesh,Raebareli,9,0
Uttar Pradesh,Rampur,17,0
Uttar Pradesh,Saharanpur,42,1
Uttar Pradesh,Sambhal,23,0
Uttar Pradesh,Sant Kabir Nagar,106,1
Uttar Pradesh,Sant Ravidas Nagar,1953,0
Uttar Pradesh,Sant Ravidas Nagar Bhadohi,3,0
Uttar Pradesh,Shahjahanpur,11,0
Uttar Pradesh,Shamli,16,0
Uttar Pradesh,Shrawasti,3669,0
Uttar Pradesh,Siddharthnagar,69,0
Uttar Pradesh,Sitapur,23,0
Uttar Pradesh,Sonbhadra,22,0
Uttar Pradesh,Sultanpur,55,0
Uttar Pradesh,Unnao,50,1
Uttar Pradesh,Varanasi,87,0
Uttarakhand,Almora,35,0
Uttarakhand,Bageshwar,3249,0
Uttarakhand,Chamoli,50,0
Uttarakhand,Champawat,1430,0
Uttarakhand,Dehradun,619,14
Uttarakhand,Garhwal,3,0
Uttarakhand,Hardwar,6,0
Uttarakhand,Haridwar,48,0
Uttarakhand,Nainital,32,0
Uttarakhand,Pauri Garhwal,72,0
Uttarakhand,Pithoragarh,27,1
Uttarakhand,Rudraprayag,23,0
Uttarakhand,Tehri Garhwal,1676,0
Uttarakhand,Udham Singh Nagar,88,0
Uttarakhand,Uttarkashi,8,0
West Bengal,Bankura,24,2
West Bengal,Barddhaman,375,0
West Bengal,Bardhaman,511,0
West Bengal,Birbhum,21,0
West Bengal,Cooch Behar,7811,1564
West Bengal,Dakshin Dinajpur,5192,1
West Bengal,Darjeeling,5144,3
West Bengal,East Midnapore,315,2
West Bengal,Hooghly,2492,0
West Bengal,Howrah,134,8
West Bengal,Jalpaiguri,2442,0
West Bengal,Kolkata,127,2691
West Bengal,Malda,6947,1
West Bengal,Medinipur,122,0
West Bengal,Murshidabad,5818,1
West Bengal,Nadia,5689,0
West Bengal,North 24 Parganas,1215,6630
West Bengal,North Dinajpur,5185,0
West Bengal,Purulia,22,0
West Bengal,South 24 Parganas,639,0
West Bengal,South Dinajpur,36,0
West Bengal,South Twenty Four Parganas,6758,0
West Bengal,Uttar Dinajpur,897,0
West Bengal,West Midnapore,333,0
