State,District,Aadhaar generated,Enrolment Rejected
Andaman and Nicobar Islands,North And Middle Andaman,2,0
Andaman and Nicobar Islands,South Andaman,1,0
Andhra Pradesh,Adilabad,1371,4
Andhra Pradesh,Anantapur,3,0
Andhra Pradesh,Ananthapur,2234,24
Andhra Pradesh,Chittoor,1153,2
Andhra Pradesh,Cuddapah,2460,1
Andhra Pradesh,East Godavari,818,3
Andhra Pradesh,Guntur,691,6
Andhra Pradesh,Hyderabad,2903,42
Andhra Pradesh,K.V.Rangareddy,43,0
Andhra Pradesh,K.v. Rangareddy,6192,79
Andhra Pradesh,Karim Nagar,62,2
Andhra Pradesh,Karimnagar,4190,19
Andhra Pradesh,Khammam,630,5
Andhra Pradesh,Krishna,1125,3
Andhra Pradesh,Kurnool,88,16
Andhra Pradesh,Mahabub Nagar,144,4
Andhra Pradesh,Mahabubnagar,4262,17
Andhra Pradesh,Mahbubnagar,22,1
Andhra Pradesh,Medak,1090,3
Andhra Pradesh,Nalgonda,1628,6
Andhra Pradesh,Nellore,2043,17
Andhra Pradesh,Nizamabad,8523,47
Andhra Pradesh,Prakasam,2489,17
Andhra Pradesh,Srikakulam,297,7
Andhra Pradesh,Visakhapatnam,5647,35
Andhra Pradesh,Vizianagaram,70,0
Andhra Pradesh,Warangal,4090,319
Andhra Pradesh,West Godavari,3567,13
Arunachal Pradesh,East Siang,1,0
Arunachal Pradesh,Lower Subansiri,2,0
Assam,Barpeta,3,0
Assam,Bongaigaon,4,0
Assam,Cachar,17,0
Assam,Chirang,3,0
Assam,Dhemaji,2,0
Assam,Dhubri,2,0
Assam,Dibrugarh,6,0
Assam,Golaghat,3,0
Assam,Hailakandi,1,0
Assam,Jorhat,7,0
Assam,Kamrup,12,1
Assam,Kamrup Metro,3,0
Assam,Karbi Anglong,1,0
Assam,Karimganj,16,0
Assam,Kokrajhar,1,0
Assam,Lakhimpur,3,0
Assam,Nagaon,9,0
Assam,Nalbari,2,0
Assam,North Cachar Hills,1,0
Assam,Sibsagar,1,0
Assam,Sonitpur,5,0
Assam,Tinsukia,3,0
Assam,Udalguri,3,0
Bihar,Araria,28,0
Bihar,Arwal,240,1
Bihar,Aurangabad,43,0
Bihar,Aurangabad(BH),3,0
Bihar,Banka,34,1
Bihar,Begusarai,57,1
Bihar,Bhabua,2,0
Bihar,Bhagalpur,66,0
Bihar,Bhojpur,85,0
Bihar,Buxar,41,0
Bihar,Darbhanga,266,0
Bihar,East Champaran,118,0
Bihar,Gaya,98,0
Bihar,Gopalganj,120,0
Bihar,Jamui,52,1
Bihar,Jehanabad,14,0
Bihar,Kaimur (Bhabua),19,0
Bihar,Katihar,137,0
Bihar,Khagaria,31,0
Bihar,Kishanganj,167,16
Bihar,Lakhisarai,23,0
Bihar,Madhepura,15,0
Bihar,Madhubani,207,2
Bihar,Munger,27,0
Bihar,Muzaffarpur,85,0
Bihar,Nalanda,406,2
Bihar,Nawada,93,0
Bihar,Patna,114,0
Bihar,Purnia,24,0
Bihar,Rohtas,180,0
Bihar,Saharsa,191,0
Bihar,Samastipur,115,1
Bihar,Saran,100,1
Bihar,Sheikhpura,466,2
Bihar,Sheohar,2250,1
Bihar,Sitamarhi,89,4
Bihar,Siwan,61,1
Bihar,Supaul,20,2
Bihar,Vaishali,505,0
Bihar,West Champaran,45,0
Chandigarh,Chandigarh,348,1
Chandigarh,Mohali,2,0
Chhattisgarh,Balod,7,0
Chhattisgarh,Baloda Bazar,2,0
Chhattisgarh,Balrampur,1,0
Chhattisgarh,Bemetara,6,0
Chhattisgarh,Bilaspur,5,0
Chhattisgarh,Dhamtari,1114,0
Chhattisgarh,Durg,33,0
Chhattisgarh,Janjgir Champa,4,0
Chhattisgarh,Jashpur,3,0
Chhattisgarh,Kanker,2,0
Chhattisgarh,Korba,118,0
Chhattisgarh,Koriya,609,0
Chhattisgarh,Mahasamund,4,0
Chhattisgarh,Mungeli ,3,0
Chhattisgarh,Raigarh,168,0
Chhattisgarh,Raipur,20,0
Chhattisgarh,Rajnandgaon,5,0
Chhattisgarh,Surajpur ,1,0
Chhattisgarh,Surguja,2,0
Dadra and Nagar Haveli,Dadra and Nagar Haveli,130,0
Daman and Diu,Daman,6,0
Delhi,Central Delhi,306,15
Delhi,East Delhi,783,60
Delhi,Najafgarh,10,3
Delhi,New Delhi,74,20
Delhi,North Delhi,174,14
Delhi,North East,33,4
Delhi,North East Delhi,1217,29
Delhi,North West Delhi,973,83
Delhi,South Delhi,825,21
Delhi,South West Delhi,328,18
Delhi,West Delhi,379,14
Goa,North Goa,36,0
Goa,South Goa,74,0
Gujarat,Ahmadabad,19,0
Gujarat,Ahmedabad,670,16
Gujarat,Amreli,404,1
Gujarat,Anand,897,5
Gujarat,Banaskantha,1767,1
Gujarat,Bharuch,966,2
Gujarat,Bhavnagar,1408,2
Gujarat,Dahod,63,0
Gujarat,Dohad,610,1
Gujarat,Gandhinagar,568,0
Gujarat,Jamnagar,651,1
Gujarat,Junagadh,2246,24
Gujarat,Kachchh,631,11
Gujarat,Kheda,1064,16
Gujarat,Mahesana,194,0
Gujarat,Narmada,44,0
Gujarat,Navsari,1172,5
Gujarat,Panchmahals,334,0
Gujarat,Patan,315,18
Gujarat,Porbandar,228,1
Gujarat,Rajkot,3335,25
Gujarat,Sabarkantha,23,0
Gujarat,Surat,1129,13
Gujarat,Surendra Nagar,1623,3
Gujarat,Tapi,530,2
Gujarat,The Dangs,103,2
Gujarat,Vadodara,681,1
Gujarat,Valsad,750,0
Haryana,Ambala,421,1
Haryana,Bhiwani,1816,3
Haryana,Faridabad,3388,30
Haryana,Fatehabad,1356,7
Haryana,Gurgaon,1085,11
Haryana,Hisar,1043,11
Haryana,Jhajjar,1831,9
Haryana,Jind,1730,4
Haryana,Kaithal,1820,9
Haryana,Karnal,1942,25
Haryana,Kurukshetra,3999,15
Haryana,Mahendragarh,719,1
Haryana,Mewat,271,0
Haryana,Palwal,1453,15
Haryana,Panchkula,2738,21
Haryana,Panipat,2413,4
Haryana,Rewari,2630,53
Haryana,Rohtak,2732,16
Haryana,Sirsa,1443,5
Haryana,Sonipat,333,3
Haryana,Yamuna Nagar,1639,3
Himachal Pradesh,Bilaspur,49,0
Himachal Pradesh,Chamba,158,4
Himachal Pradesh,Hamirpur,109,0
Himachal Pradesh,Kangra,556,2
Himachal Pradesh,Kinnaur,9,0
Himachal Pradesh,Kullu,247,2
Himachal Pradesh,Lahul and Spiti,5,0
Himachal Pradesh,Mandi,218,0
Himachal Pradesh,Shimla,1370,25
Himachal Pradesh,Sirmaur,212,49
Himachal Pradesh,Solan,56,0
Himachal Pradesh,Una,191,0
Jammu and Kashmir,Anantnag,6,0
Jammu and Kashmir,Badgam,2,0
Jammu and Kashmir,Bandipore,1,0
Jammu and Kashmir,Baramula,1,0
Jammu and Kashmir,Baramulla,1,0
Jammu and Kashmir,Doda,27,0
Jammu and Kashmir,Jammu,170,1
Jammu and Kashmir,Kargil,138,0
Jammu and Kashmir,Kathua,9,0
Jammu and Kashmir,Kupwara,1,0
Jammu and Kashmir,Leh,10,0
Jammu and Kashmir,Pulwama,1,0
Jammu and Kashmir,Punch,6,0
Jammu and Kashmir,Rajouri,12,0
Jammu and Kashmir,Srinagar,6,0
Jammu and Kashmir,Udhampur,2,0
Jharkhand,Bokaro,388,52
Jharkhand,Chatra,1530,32
Jharkhand,Deoghar,479,35
Jharkhand,Dhanbad,3274,103
Jharkhand,Dumka,2404,2
Jharkhand,East Singhbhum,2393,5
Jharkhand,Garhwa,111,0
Jharkhand,Giridih,6097,52
Jharkhand,Godda,3248,115
Jharkhand,Gumla,699,4
Jharkhand,Hazaribag,6,0
Jharkhand,Hazaribagh,191,6
Jharkhand,Jamtara,478,26
Jharkhand,Khunti,49,1
Jharkhand,Kodarma,7,0
Jharkhand,Koderma,400,15
Jharkhand,Latehar,424,5
Jharkhand,Lohardaga,447,1
Jharkhand,Pakur,2331,20
Jharkhand,Palamau,2,0
Jharkhand,Palamu,1499,4
Jharkhand,Ramgarh,677,5
Jharkhand,Ranchi,1730,5
Jharkhand,Sahebganj,2040,17
Jharkhand,Seraikela-Kharsawan,839,1
Jharkhand,Simdega,732,10
Jharkhand,West Singhbhum,2468,17
Karnataka,Bagalkot,1915,52
Karnataka,Bangalore,8066,17
Karnataka,Bangalore Rural,454,1
Karnataka,Belgaum,2728,7
Karnataka,Bellary,490,2
Karnataka,Bidar,108,3
Karnataka,Bijapur,454,2
Karnataka,Bijapur(KAR),6,0
Karnataka,Chamrajanagar,972,3
Karnataka,Chickmagalur,1288,0
Karnataka,Chikkaballapur,127,0
Karnataka,Chitradurga,432,1
Karnataka,Dakshina Kannada,5484,3
Karnataka,Davangere,4184,1
Karnataka,Dharwad,1197,6
Karnataka,Gadag,571,0
Karnataka,Gulbarga,488,0
Karnataka,Hasan,924,0
Karnataka,Hassan,17,0
Karnataka,Haveri,937,2
Karnataka,Kodagu,390,0
Karnataka,Kolar,880,6
Karnataka,Koppal,416,0
Karnataka,Mandya,892,1
Karnataka,Mysore,158,4
Karnataka,Raichur,180,0
Karnataka,Ramanagar,1497,4
Karnataka,Shimoga,778,2
Karnataka,Tumkur,27,0
Karnataka,Udupi,265,0
Karnataka,Uttara Kannada,1042,0
Karnataka,Yadgir,39,0
Kerala,Alappuzha,1879,1
Kerala,Ernakulam,1168,1
Kerala,Idukki,250,3
Kerala,Kannur,1742,7
Kerala,Kasaragod,2461,4
Kerala,Kasargod,110,0
Kerala,Kollam,1014,7
Kerala,Kottayam,735,1
Kerala,Kozhikode,728,1
Kerala,Malappuram,7735,62
Kerala,Palakkad,400,1
Kerala,Pathanamthitta,359,5
Kerala,Thiruvananthapuram,506,2
Kerala,Thrissur,1241,3
Kerala,Wayanad,20,0
Madhya Pradesh,Alirajpur,1044,297
Madhya Pradesh,Anuppur,426,5
Madhya Pradesh,Ashok Nagar,171,4
Madhya Pradesh,Balaghat,1421,19
Madhya Pradesh,Barwani,276,39
Madhya Pradesh,Betul,1286,1
Madhya Pradesh,Bhind,885,13
Madhya Pradesh,Bhopal,555,18
Madhya Pradesh,Burhanpur,2,0
Madhya Pradesh,Chhatarpur,1017,31
Madhya Pradesh,Chhindwara,1494,20
Madhya Pradesh,Damoh,1290,16
Madhya Pradesh,Datia,217,30
Madhya Pradesh,Dewas,102,17
Madhya Pradesh,Dhar,1931,45
Madhya Pradesh,Dindori,1951,114
Madhya Pradesh,Guna,944,83
Madhya Pradesh,Gwalior,626,52
Madhya Pradesh,Harda,88,0
Madhya Pradesh,Hoshangabad,292,6
Madhya Pradesh,Indore,1554,52
Madhya Pradesh,Jabalpur,605,35
Madhya Pradesh,Jhabua,1889,240
Madhya Pradesh,Katni,843,17
Madhya Pradesh,Khandwa,124,2
Madhya Pradesh,Khargone,920,33
Madhya Pradesh,Mandla,1109,23
Madhya Pradesh,Mandsaur,130,13
Madhya Pradesh,Morena,315,1
Madhya Pradesh,Narsinghpur,467,84
Madhya Pradesh,Neemuch,55,6
Madhya Pradesh,Panna,1185,17
Madhya Pradesh,Raisen,984,81
Madhya Pradesh,Rajgarh,390,37
Madhya Pradesh,Ratlam,396,0
Madhya Pradesh,Rewa,5243,287
Madhya Pradesh,Sagar,1976,19
Madhya Pradesh,Satna,5683,245
Madhya Pradesh,Sehore,1391,63
Madhya Pradesh,Seoni,1407,4
Madhya Pradesh,Shahdol,1504,44
Madhya Pradesh,Shajapur,9,0
Madhya Pradesh,Sheopur,101,25
Madhya Pradesh,Shivpuri,168,3
Madhya Pradesh,Sidhi,2361,78
Madhya Pradesh,Singrauli,1211,13
Madhya Pradesh,Tikamgarh,495,7
Madhya Pradesh,Ujjain,484,23
Madhya Pradesh,Umaria,861,18
Madhya Pradesh,Vidisha,548,201
Maharashtra,Ahmadnagar,7387,5
Maharashtra,Ahmed Nagar,33,0
Maharashtra,Akola,2100,9
Maharashtra,Amravati,944,3
Maharashtra,Aurangabad,2381,22
Maharashtra,Beed,3095,5
Maharashtra,Bhandara,875,13
Maharashtra,Buldhana,1059,1
Maharashtra,Chandrapur,2512,2
Maharashtra,Dhule,2216,9
Maharashtra,Gadchiroli,2977,3
Maharashtra,Gondia,41,0
Maharashtra,Gondiya,1322,14
Maharashtra,Hingoli,311,0
Maharashtra,Jalgaon,2264,6
Maharashtra,Jalna,325,4
Maharashtra,Kolhapur,3213,16
Maharashtra,Latur,1839,27
Maharashtra,Mumbai,7342,65
Maharashtra,Mumbai City,336,0
Maharashtra,Mumbai( Sub Urban ),12,0
Maharashtra,Nagpur,4676,20
Maharashtra,Nanded,1215,19
Maharashtra,Nandurbar,1376,6
Maharashtra,Nashik,8314,28
Maharashtra,Osmanabad,2396,13
Maharashtra,Parbhani,980,3
Maharashtra,Pune,7324,35
Maharashtra,Raigarh,1346,3
Maharashtra,Raigarh(MH),47,0
Maharashtra,Ratnagiri,153,1
Maharashtra,Sangli,2248,5
Maharashtra,Satara,2115,12
Maharashtra,Sindhudurg,478,1
Maharashtra,Solapur,2017,22
Maharashtra,Thane,13627,69
Maharashtra,Wardha,372,0
Maharashtra,Washim,527,25
Maharashtra,Yavatmal,4741,13
Manipur,Bishnupur,8,0
Manipur,Churachandpur,3,0
Manipur,Imphal East,6,0
Manipur,Imphal West,3,0
Manipur,Senapati,233,0
Manipur,Tamenglong,1,0
Manipur,Thoubal,741,0
Manipur,Ukhrul,22,0
Meghalaya,East Khasi Hills,1,0
Meghalaya,Ri Bhoi,1,0
Meghalaya,West Garo Hills,1,0
Mizoram,Aizawl,2,0
Mizoram,Champhai,1,0
Nagaland,Dimapur,51,0
Nagaland,Kohima,22,0
Nagaland,Mokokchung,53,0
Nagaland,Phek,40,0
Nagaland,Wokha,7,0
Nagaland,Zunheboto,19,1
Odisha,Angul,7,0
Odisha,Balangir,39,3
Odisha,Baleswar,50,0
Odisha,Bargarh,87,0
Odisha,Bhadrak,22,3
Odisha,Cuttack,25,0
Odisha,Debagarh,1,0
Odisha,Dhenkanal,10,0
Odisha,Gajapati,2,0
Odisha,Ganjam,2253,592
Odisha,Jagatsinghapur,44,3
Odisha,Jajapur,29,0
Odisha,Kalahandi,3,0
Odisha,Kandhamal,6,0
Odisha,Kendrapara,2713,0
Odisha,Kendujhar,15,0
Odisha,Khorda,27,0
Odisha,Khordha,24,0
Odisha,Koraput,20,0
Odisha,Mayurbhanj,27,0
Odisha,Nayagarh,8,0
Odisha,Puri,149,0
Odisha,Rayagada,1,0
Odisha,Sambalpur,3,0
Odisha,Sonapur,412,0
Odisha,Sundergarh,1341,27
Others,Others,2,1889
Puducherry,Karaikal,4,0
Puducherry,Puducherry,261,0
Puducherry,Yanam,12,1
Punjab,Amritsar,1078,8
Punjab,Barnala,724,30
Punjab,Bathinda,699,14
Punjab,Faridkot,280,2
Punjab,Fatehgarh Sahib,41,0
Punjab,Fazilka,364,5
Punjab,Ferozepur,171,0
Punjab,Gurdaspur,1082,5
Punjab,Hoshiarpur,1640,9
Punjab,Jalandhar,657,1
Punjab,Kapurthala,202,5
Punjab,Ludhiana,2495,23
Punjab,Mansa,173,1
Punjab,Moga,313,11
Punjab,Muktsar,3,0
Punjab,Pathankot,42,1
Punjab,Patiala,703,12
Punjab,Rupnagar,526,3
Punjab,SAS Nagar (Mohali),481,3
Punjab,Sangrur,1441,6
Punjab,Shaheed Bhagat Singh Nagar,125,2
Punjab,Sri Muktsar Sahib,407,1
Punjab,Tarn Taran,221,2
Rajasthan,Ajmer,491,4
Rajasthan,Alwar,2262,5
Rajasthan,Banswara,826,5
Rajasthan,Baran,188,2
Rajasthan,Barmer,2643,241
Rajasthan,Bharatpur,1072,3
Rajasthan,Bhilwara,995,4
Rajasthan,Bikaner,1305,28
Rajasthan,Bundi,814,12
Rajasthan,Chittorgarh,1344,60
Rajasthan,Churu,2545,59
Rajasthan,Dausa,1463,23
Rajasthan,Dholpur,152,1
Rajasthan,Dungarpur,426,7
Rajasthan,Ganganagar,1334,7
Rajasthan,Hanumangarh,2027,8
Rajasthan,Jaipur,4748,58
Rajasthan,Jaisalmer,46,0
Rajasthan,Jalor,727,16
Rajasthan,Jhalawar,355,0
Rajasthan,Jhunjhunu,89,1
Rajasthan,Jhunjhunun,977,9
Rajasthan,Jodhpur,3084,41
Rajasthan,Karauli,559,17
Rajasthan,Kota,909,8
Rajasthan,Nagaur,2671,71
Rajasthan,Pali,1090,14
Rajasthan,Pratapgarh,176,7
Rajasthan,Rajsamand,459,5
Rajasthan,Sawai Madhopur,967,5
Rajasthan,Sikar,3533,43
Rajasthan,Sirohi,346,8
Rajasthan,Tonk,1428,27
Rajasthan,Udaipur,2316,25
Sikkim,East Sikkim,36,1
Sikkim,North Sikkim,34,0
Sikkim,South Sikkim,86,0
Sikkim,West Sikkim,23,0
Tamil Nadu,Ariyalur,47,0
Tamil Nadu,Chennai,7562,2
Tamil Nadu,Coimbatore,1151,0
Tamil Nadu,Cuddalore,24,0
Tamil Nadu,Dharmapuri,6623,11
Tamil Nadu,Dindigul,2109,6
Tamil Nadu,Erode,5297,126
Tamil Nadu,Kancheepuram,373,0
Tamil Nadu,Kanchipuram,393,5
Tamil Nadu,Kanniyakumari,5032,0
Tamil Nadu,Kanyakumari,2,0
Tamil Nadu,Karur,65,1
Tamil Nadu,Krishnagiri,381,0
Tamil Nadu,Madurai,1766,1
Tamil Nadu,Nagapattinam,3227,2
Tamil Nadu,Namakkal,213,1
Tamil Nadu,Nilgiris,45,0
Tamil Nadu,Perambalur,4,0
Tamil Nadu,Pudukkottai,6,0
Tamil Nadu,Ramanathapuram,617,0
Tamil Nadu,Salem,5211,11
Tamil Nadu,Sivaganga,839,4
Tamil Nadu,Thanjavur,2436,33
Tamil Nadu,The Nilgiris,70,0
Tamil Nadu,Theni,22,5
Tamil Nadu,Thiruvarur,161,0
Tamil Nadu,Thoothukkudi,721,0
Tamil Nadu,Tiruchirappalli,421,0
Tamil Nadu,Tirunelveli,1716,1
Tamil Nadu,Tiruppur,826,60
Tamil Nadu,Tiruvallur,10340,1
Tamil Nadu,Tiruvannamalai,8323,4
Tamil Nadu,Tiruvarur,14,0
Tamil Nadu,Tuticorin,1,0
Tamil Nadu,Vellore,13897,3
Tamil Nadu,Villupuram,15,0
Tamil Nadu,Viluppuram,7281,3
Tamil Nadu,Virudhunagar,15,0
Tripura,Dhalai,97,0
Tripura,Khowai,49,0
Tripura,North Tripura,63,1
Tripura,Sepahijala,1,0
Tripura,Unakoti,1,0
Tripura,West Tripura,13,0
Uttar Pradesh,Agra,65,1
Uttar Pradesh,Aligarh,128,0
Uttar Pradesh,Allahabad,163,0
Uttar Pradesh,Ambedkar Nagar,70,1
Uttar Pradesh,Amethi,463,6
Uttar Pradesh,Amroha,11,0
Uttar Pradesh,Auraiya,31,1
Uttar Pradesh,Azamgarh,501,5
Uttar Pradesh,Baghpat,31,0
Uttar Pradesh,Bahraich,119,0
Uttar Pradesh,Ballia,585,3
Uttar Pradesh,Balrampur,78,0
Uttar Pradesh,Banda,26,0
Uttar Pradesh,Bara Banki,162,1
Uttar Pradesh,Barabanki,4,0
Uttar Pradesh,Bareilly,39,1
Uttar Pradesh,Basti,452,0
Uttar Pradesh,Bijnor,587,28
Uttar Pradesh,Budaun,33,0
Uttar Pradesh,Bulandshahar,2,0
Uttar Pradesh,Bulandshahr,46,0
Uttar Pradesh,Chandauli,52,0
Uttar Pradesh,Chitrakoot,499,0
Uttar Pradesh,Deoria,97,1
Uttar Pradesh,Etah,24,1
Uttar Pradesh,Etawah,394,0
Uttar Pradesh,Faizabad,637,2
Uttar Pradesh,Farrukhabad,24,0
Uttar Pradesh,Fatehpur,208,1
Uttar Pradesh,Firozabad,19,1
Uttar Pradesh,Gautam Buddha Nagar,225,0
Uttar Pradesh,Ghaziabad,903,304
Uttar Pradesh,Ghazipur,126,1
Uttar Pradesh,Gonda,403,1
Uttar Pradesh,Gorakhpur,282,1
Uttar Pradesh,Hamirpur,4,0
Uttar Pradesh,Hardoi,52,1
Uttar Pradesh,Hathras,12,0
Uttar Pradesh,Jalaun,27,0
Uttar Pradesh,Jaunpur,197,0
Uttar Pradesh,Jhansi,43,0
Uttar Pradesh,Jyotiba Phule Nagar,2,0
Uttar Pradesh,Kannauj,18,0
Uttar Pradesh,Kanpur Dehat,26,0
Uttar Pradesh,Kanpur Nagar,65,1
Uttar Pradesh,Kasganj,14,0
Uttar Pradesh,Kaushambi,29,0
Uttar Pradesh,Kheri,17,0
Uttar Pradesh,Kushinagar,95,0
Uttar Pradesh,Lalitpur,5,0
Uttar Pradesh,Lucknow,40,0
Uttar Pradesh,Maharajganj,158,0
Uttar Pradesh,Mahoba,13,0
Uttar Pradesh,Mahrajganj,10,0
Uttar Pradesh,Mainpuri,524,11
Uttar Pradesh,Mathura,43,0
Uttar Pradesh,Mau,60,0
Uttar Pradesh,Meerut,635,0
Uttar Pradesh,Mirzapur,246,1
Uttar Pradesh,Moradabad,15,0
Uttar Pradesh,Muzaffarnagar,35,0
Uttar Pradesh,Pilibhit,195,0
Uttar Pradesh,Pratapgarh,115,0
Uttar Pradesh,Rae Bareli,4378,5
Uttar Pradesh,Raebareli,3,0
Uttar Pradesh,Rampur,10,0
Uttar Pradesh,Saharanpur,30,0
Uttar Pradesh,Sambhal,22,0
Uttar Pradesh,Sant Kabir Nagar,171,1
Uttar Pradesh,Sant Ravidas Nagar,236,0
Uttar Pradesh,Sant Ravidas Nagar Bhadohi,5,0
Uttar Pradesh,Shahjahanpur,24,1
Uttar Pradesh,Shamli,12,0
Uttar Pradesh,Shrawasti,6884,3
Uttar Pradesh,Siddharthnagar,161,0
Uttar Pradesh,Sitapur,14,0
Uttar Pradesh,Sonbhadra,26,0
Uttar Pradesh,Sultanpur,70,0
Uttar Pradesh,Unnao,40,0
Uttar Pradesh,Varanasi,96,0
Uttarakhand,Almora,35,0
Uttarakhand,Bageshwar,13,0
Uttarakhand,Chamoli,22,0
Uttarakhand,Champawat,136,0
Uttarakhand,Dehradun,129,0
Uttarakhand,Garhwal,5,0
Uttarakhand,Hardwar,2,0
Uttarakhand,Haridwar,1208,1
Uttarakhand,Nainital,20,0
Uttarakhand,Pauri Garhwal,39,0
Uttarakhand,Pithoragarh,19,0
Uttarakhand,Rudraprayag,23,0
Uttarakhand,Tehri Garhwal,14,0
Uttarakhand,Udham Singh Nagar,38,0
Uttarakhand,Uttarkashi,6,0
West Bengal,Bankura,25,0
West Bengal,Barddhaman,6,0
West Bengal,Bardhaman,141,0
West Bengal,Birbhum,33,0
West Bengal,Cooch Behar,649,0
West Bengal,Dakshin Dinajpur,3543,7
West Bengal,Darjeeling,32,0
West Bengal,East Midnapore,184,165
West Bengal,Hooghly,96,0
West Bengal,Howrah,45,0
West Bengal,Jalpaiguri,19,1
West Bengal,Kolkata,39,11
West Bengal,Malda,1618,0
West Bengal,Medinipur,535,56
West Bengal,Murshidabad,2776,3
West Bengal,Nadia,1676,40
West Bengal,North 24 Parganas,5036,1059
West Bengal,North Dinajpur,22,0
West Bengal,Purulia,21,0
West Bengal,South 24 Parganas,30,1
West Bengal,South Dinajpur,1,0
West Bengal,South Twenty Four Parganas,41,1
West Bengal,Uttar Dinajpur,1704,0
West Bengal,West Midnapore,117,2
