State,District,Aadhaar generated,Enrolment Rejected
Andhra Pradesh,Adilabad,2243,24
Andhra Pradesh,Anantapur,3,0
Andhra Pradesh,Ananthapur,1205,2
Andhra Pradesh,Chittoor,5243,28
Andhra Pradesh,Cuddapah,3729,19
Andhra Pradesh,East Godavari,2976,7
Andhra Pradesh,Guntur,1893,15
Andhra Pradesh,Hyderabad,2370,59
Andhra Pradesh,K.V.Rangareddy,6,0
Andhra Pradesh,K.v. Rangareddy,10298,71
Andhra Pradesh,Karim Nagar,53,0
Andhra Pradesh,Karimnagar,1052,10
Andhra Pradesh,Khammam,1693,1
Andhra Pradesh,Krishna,2886,76
Andhra Pradesh,Kurnool,169,2
Andhra Pradesh,Mahabub Nagar,1,0
Andhra Pradesh,Mahabubnagar,4101,5
Andhra Pradesh,Medak,1456,11
Andhra Pradesh,Nalgonda,356,1
Andhra Pradesh,Nellore,5805,1
Andhra Pradesh,Nizamabad,1013,5
Andhra Pradesh,Prakasam,1192,3
Andhra Pradesh,Srikakulam,1330,12
Andhra Pradesh,Visakhapatnam,15341,302
Andhra Pradesh,Vizianagaram,204,1
Andhra Pradesh,Warangal,1459,8
Andhra Pradesh,West Godavari,2399,7
Assam,Barpeta,2,0
Assam,Bongaigaon,1,0
Assam,Cachar,15,0
Assam,Chirang,1,0
Assam,Dhubri,6,0
Assam,Dibrugarh,2,0
Assam,Golaghat,1,0
Assam,Hailakandi,2,0
Assam,Jorhat,1,0
Assam,Kamrup,5,0
Assam,Karbi Anglong,1,0
Assam,Karimganj,1,0
Assam,Lakhimpur,2,0
Assam,Marigaon,2,0
Assam,Nagaon,9,0
Assam,Sonitpur,1,0
Assam,Tinsukia,1,0
Assam,Udalguri,3,0
Bihar,Araria,10,0
Bihar,Arwal,97,0
Bihar,Aurangabad,41,0
Bihar,Aurangabad(BH),3,0
Bihar,Banka,33,0
Bihar,Begusarai,32,0
Bihar,Bhabua,2,0
Bihar,Bhagalpur,46,0
Bihar,Bhojpur,47,1
Bihar,Buxar,29,0
Bihar,Darbhanga,1729,2
Bihar,East Champaran,64,0
Bihar,Gaya,68,1
Bihar,Gopalganj,45,1
Bihar,Jamui,18,1
Bihar,Jehanabad,10,0
Bihar,Kaimur (Bhabua),13,0
Bihar,Katihar,40,1
Bihar,Khagaria,22,1
Bihar,Kishanganj,61,0
Bihar,Lakhisarai,28,0
Bihar,Madhepura,17,0
Bihar,Madhubani,78,2
Bihar,Munger,28,0
Bihar,Muzaffarpur,55,1
Bihar,Nalanda,58,4
Bihar,Nawada,21,0
Bihar,Patna,68,1
Bihar,Purnia,17,0
Bihar,Rohtas,3174,0
Bihar,Saharsa,1015,1
Bihar,Samastipur,61,0
Bihar,Saran,60,2
Bihar,Sheikhpura,650,0
Bihar,Sheohar,132,6
Bihar,Sitamarhi,51,0
Bihar,Siwan,66,1
Bihar,Supaul,20,0
Bihar,Vaishali,90,1
Bihar,West Champaran,34,0
Chandigarh,Chandigarh,468,1
Chandigarh,Mohali,2,0
Chhattisgarh,Balod,64,0
Chhattisgarh,Baloda Bazar,3,0
Chhattisgarh,Bastar,1,0
Chhattisgarh,Bemetara,1067,0
Chhattisgarh,Bilaspur,36,1
Chhattisgarh,Dhamtari,1585,6
Chhattisgarh,Durg,1259,0
Chhattisgarh,Janjgir Champa,4,0
Chhattisgarh,Janjgir-champa,1,0
Chhattisgarh,Jashpur,2,0
Chhattisgarh,Korba,174,0
Chhattisgarh,Koriya,579,2
Chhattisgarh,Mahasamund,2,0
Chhattisgarh,Mungeli ,2,0
Chhattisgarh,Raigarh,25,0
Chhattisgarh,Raipur,14,0
Chhattisgarh,Rajnandgaon,209,0
Chhattisgarh,Surajpur ,1,0
Dadra and Nagar Haveli,Dadra and Nagar Haveli,11,0
Daman and Diu,Daman,55,0
Daman and Diu,Diu,2,0
Delhi,Central Delhi,340,11
Delhi,East Delhi,1573,69
Delhi,Najafgarh,101,1
Delhi,New Delhi,21,0
Delhi,North Delhi,588,5
Delhi,North East,191,4
Delhi,North East Delhi,1199,11
Delhi,North West Delhi,2678,208
Delhi,South Delhi,2406,51
Delhi,South West Delhi,705,13
Delhi,West Delhi,795,17
Goa,Bardez,2,0
Goa,North Goa,177,0
Goa,South Goa,127,1
Gujarat,Ahmadabad,4,1
Gujarat,Ahmedabad,190,0
Gujarat,Amreli,52,0
Gujarat,Anand,517,1
Gujarat,Banaskantha,1611,2
Gujarat,Bharuch,908,8
Gujarat,Bhavnagar,292,0
Gujarat,Dahod,28,0
Gujarat,Dohad,384,9
Gujarat,Gandhinagar,136,2
Gujarat,Jamnagar,1651,2
Gujarat,Junagadh,1805,23
Gujarat,Kachchh,17,0
Gujarat,Kheda,365,10
Gujarat,Mahesana,1516,1
Gujarat,Narmada,73,0
Gujarat,Navsari,398,0
Gujarat,Panchmahals,946,3
Gujarat,Patan,96,0
Gujarat,Porbandar,36,7
Gujarat,Rajkot,2296,28
Gujarat,Sabarkantha,15,0
Gujarat,Surat,2011,6
Gujarat,Surendra Nagar,689,2
Gujarat,Tapi,801,1
Gujarat,The Dangs,182,2
Gujarat,Vadodara,134,6
Gujarat,Valsad,2448,16
Haryana,Ambala,500,3
Haryana,Bhiwani,2520,22
Haryana,Faridabad,7421,17
Haryana,Fatehabad,251,2
Haryana,Gurgaon,1421,2
Haryana,Hisar,752,10
Haryana,Jhajjar,548,0
Haryana,Jind,4304,1
Haryana,Kaithal,2904,3
Haryana,Karnal,1248,8
Haryana,Kurukshetra,4769,3
Haryana,Mahendragarh,230,1
Haryana,Mewat,1086,1
Haryana,Palwal,4993,12
Haryana,Panchkula,8730,10
Haryana,Panipat,4046,2
Haryana,Rewari,944,19
Haryana,Rohtak,1525,4
Haryana,Sirsa,1094,1
Haryana,Sonipat,260,2
Haryana,Yamuna Nagar,4263,6
Himachal Pradesh,Bilaspur,215,1
Himachal Pradesh,Chamba,102,4
Himachal Pradesh,Hamirpur,217,0
Himachal Pradesh,Kangra,343,2
Himachal Pradesh,Kinnaur,1,0
Himachal Pradesh,Kullu,810,8
Himachal Pradesh,Lahul and Spiti,6,0
Himachal Pradesh,Mandi,673,12
Himachal Pradesh,Shimla,704,1
Himachal Pradesh,Sirmaur,221,5
Himachal Pradesh,Solan,65,0
Himachal Pradesh,Una,240,5
Jammu and Kashmir,Anantnag,2,0
Jammu and Kashmir,Badgam,2,0
Jammu and Kashmir,Baramula,2,0
Jammu and Kashmir,Doda,1,0
Jammu and Kashmir,Jammu,53,0
Jammu and Kashmir,Kargil,2,0
Jammu and Kashmir,Kathua,14,0
Jammu and Kashmir,Kupwara,1,0
Jammu and Kashmir,Leh,6,0
Jammu and Kashmir,Pulwama,3,0
Jammu and Kashmir,Punch,2,0
Jammu and Kashmir,Rajouri,3,0
Jammu and Kashmir,Srinagar,3,0
Jammu and Kashmir,Udhampur,5,0
Jharkhand,Bokaro,735,296
Jharkhand,Chatra,679,10
Jharkhand,Deoghar,215,53
Jharkhand,Dhanbad,877,4
Jharkhand,Dumka,1372,8
Jharkhand,East Singhbhum,1080,1
Jharkhand,Garhwa,162,2
Jharkhand,Giridih,6838,141
Jharkhand,Godda,1178,14
Jharkhand,Gumla,1367,1
Jharkhand,Hazaribag,2,0
Jharkhand,Hazaribagh,846,1
Jharkhand,Jamtara,92,0
Jharkhand,Khunti,246,1
Jharkhand,Kodarma,1,0
Jharkhand,Koderma,59,2
Jharkhand,Latehar,370,3
Jharkhand,Lohardaga,1018,12
Jharkhand,Pakur,978,6
Jharkhand,Palamau,1,0
Jharkhand,Palamu,4557,24
Jharkhand,Ramgarh,1721,6
Jharkhand,Ranchi,5713,25
Jharkhand,Sahebganj,700,9
Jharkhand,Seraikela-Kharsawan,714,6
Jharkhand,Simdega,421,1
Jharkhand,West Singhbhum,534,3
Karnataka,Bagalkot,2427,32
Karnataka,Bangalore,5052,25
Karnataka,Bangalore Rural,478,1
Karnataka,Belgaum,3414,9
Karnataka,Bellary,269,5
Karnataka,Bidar,59,0
Karnataka,Bijapur,2209,4
Karnataka,Bijapur(KAR),9,0
Karnataka,Chamrajanagar,329,4
Karnataka,Chickmagalur,432,4
Karnataka,Chikkaballapur,167,0
Karnataka,Chitradurga,265,5
Karnataka,Dakshina Kannada,4766,15
Karnataka,Davangere,2629,3
Karnataka,Dharwad,1719,17
Karnataka,Gadag,1007,3
Karnataka,Gulbarga,153,1
Karnataka,Hasan,684,2
Karnataka,Hassan,10,2
Karnataka,Haveri,2703,164
Karnataka,Kodagu,379,3
Karnataka,Kolar,158,4
Karnataka,Koppal,154,12
Karnataka,Mandya,194,0
Karnataka,Mysore,486,3
Karnataka,Raichur,94,0
Karnataka,Ramanagar,1390,9
Karnataka,Shimoga,909,5
Karnataka,Tumkur,154,0
Karnataka,Udupi,201,0
Karnataka,Uttara Kannada,2062,58
Karnataka,Yadgir,63,0
Kerala,Alappuzha,740,14
Kerala,Ernakulam,813,35
Kerala,Idukki,260,6
Kerala,Kannur,1138,22
Kerala,Kasaragod,786,4
Kerala,Kasargod,627,0
Kerala,Kollam,5274,5
Kerala,Kottayam,604,3
Kerala,Kozhikode,2410,8
Kerala,Malappuram,6720,291
Kerala,Palakkad,739,5
Kerala,Pathanamthitta,653,4
Kerala,Thiruvananthapuram,788,10
Kerala,Thrissur,536,9
Kerala,Wayanad,104,3
Madhya Pradesh,Alirajpur,411,17
Madhya Pradesh,Anuppur,104,2
Madhya Pradesh,Ashok Nagar,434,5
Madhya Pradesh,Balaghat,649,18
Madhya Pradesh,Barwani,109,2
Madhya Pradesh,Betul,1232,4
Madhya Pradesh,Bhind,810,7
Madhya Pradesh,Bhopal,1075,31
Madhya Pradesh,Burhanpur,2,0
Madhya Pradesh,Chhatarpur,336,19
Madhya Pradesh,Chhindwara,288,3
Madhya Pradesh,Damoh,561,5
Madhya Pradesh,Datia,181,0
Madhya Pradesh,Dewas,96,1
Madhya Pradesh,Dhar,1173,43
Madhya Pradesh,Dindori,1538,106
Madhya Pradesh,Guna,469,5
Madhya Pradesh,Gwalior,580,8
Madhya Pradesh,Harda,165,2
Madhya Pradesh,Hoshangabad,576,1
Madhya Pradesh,Indore,784,32
Madhya Pradesh,Jabalpur,796,20
Madhya Pradesh,Jhabua,651,239
Madhya Pradesh,Katni,2204,30
Madhya Pradesh,Khandwa,268,9
Madhya Pradesh,Khargone,441,10
Madhya Pradesh,Mandla,632,26
Madhya Pradesh,Mandsaur,25,0
Madhya Pradesh,Morena,125,0
Madhya Pradesh,Narsinghpur,43,0
Madhya Pradesh,Neemuch,3,0
Madhya Pradesh,Panna,753,3
Madhya Pradesh,Raisen,602,5
Madhya Pradesh,Rajgarh,232,4
Madhya Pradesh,Ratlam,122,0
Madhya Pradesh,Rewa,2299,67
Madhya Pradesh,Sagar,972,8
Madhya Pradesh,Satna,2706,59
Madhya Pradesh,Sehore,1813,27
Madhya Pradesh,Seoni,1220,42
Madhya Pradesh,Shahdol,848,8
Madhya Pradesh,Shajapur,2,0
Madhya Pradesh,Sheopur,21,0
Madhya Pradesh,Shivpuri,188,5
Madhya Pradesh,Sidhi,1024,21
Madhya Pradesh,Singrauli,946,2
Madhya Pradesh,Tikamgarh,1146,0
Madhya Pradesh,Ujjain,429,9
Madhya Pradesh,Umaria,303,1
Madhya Pradesh,Vidisha,225,4
Maharashtra,Ahmadnagar,4568,25
Maharashtra,Ahmed Nagar,27,1
Maharashtra,Akola,874,3
Maharashtra,Amravati,1701,5
Maharashtra,Aurangabad,3952,51
Maharashtra,Beed,1381,6
Maharashtra,Bhandara,468,2
Maharashtra,Buldhana,823,6
Maharashtra,Chandrapur,1100,1
Maharashtra,Dhule,1323,8
Maharashtra,Gadchiroli,1099,2
Maharashtra,Gondia,29,0
Maharashtra,Gondiya,2273,67
Maharashtra,Hingoli,14,2
Maharashtra,Jalgaon,2984,48
Maharashtra,Jalna,503,5
Maharashtra,Kolhapur,1724,2
Maharashtra,Latur,3171,52
Maharashtra,Mumbai,14952,129
Maharashtra,Mumbai City,88,6
Maharashtra,Mumbai( Sub Urban ),7,0
Maharashtra,Nagpur,2483,70
Maharashtra,Nanded,189,6
Maharashtra,Nandurbar,2730,2
Maharashtra,Nashik,5737,54
Maharashtra,Osmanabad,3710,23
Maharashtra,Parbhani,127,4
Maharashtra,Pune,12212,150
Maharashtra,Raigarh,936,7
Maharashtra,Raigarh(MH),16,0
Maharashtra,Ratnagiri,258,4
Maharashtra,Sangli,2333,5
Maharashtra,Satara,1203,3
Maharashtra,Sindhudurg,132,0
Maharashtra,Solapur,1223,4
Maharashtra,Thane,7696,110
Maharashtra,Wardha,621,2
Maharashtra,Washim,276,0
Maharashtra,Yavatmal,1329,25
Manipur,Bishnupur,3,0
Manipur,Chandel,1,0
Manipur,Churachandpur,1,0
Manipur,Imphal East,6,0
Manipur,Imphal West,2,0
Manipur,Senapati,163,16
Manipur,Tamenglong,1,0
Manipur,Thoubal,281,2
Manipur,Ukhrul,14,0
Meghalaya,East Khasi Hills,1,0
Nagaland,Dimapur,85,0
Nagaland,Kohima,64,1
Nagaland,Mokokchung,44,0
Nagaland,Phek,17,0
Nagaland,Wokha,11,0
Nagaland,Zunheboto,20,0
Odisha,Angul,6,0
Odisha,Anugul,1,0
Odisha,Balangir,3,0
Odisha,Baleswar,26,0
Odisha,Bargarh,165,2
Odisha,Bhadrak,18,0
Odisha,Boudh,1,0
Odisha,Cuttack,83,0
Odisha,Debagarh,1,0
Odisha,Dhenkanal,8,0
Odisha,Gajapati,6,0
Odisha,Ganjam,410,316
Odisha,Jagatsinghapur,90,116
Odisha,Jajapur,19,0
Odisha,Jharsuguda,2,0
Odisha,Kalahandi,8,0
Odisha,Kendrapara,888,1
Odisha,Kendujhar,9,0
Odisha,Khorda,30,1
Odisha,Khordha,30,0
Odisha,Koraput,4,4
Odisha,Malkangiri,1,0
Odisha,Mayurbhanj,10,0
Odisha,Nayagarh,4,1
Odisha,Nuapada,2,0
Odisha,Puri,384,0
Odisha,Rayagada,1,0
Odisha,Sambalpur,1,0
Odisha,Sonapur,513,121
Odisha,Sundergarh,58,0
Others,Others,0,1385
Puducherry,Karaikal,1,0
Puducherry,Pondicherry,2,0
Puducherry,Puducherry,295,0
Puducherry,Yanam,21,0
Punjab,Amritsar,486,10
Punjab,Barnala,234,7
Punjab,Bathinda,589,78
Punjab,Chandigarh,1,0
Punjab,Faridkot,121,4
Punjab,Fatehgarh Sahib,348,0
Punjab,Fazilka,263,2
Punjab,Ferozepur,133,2
Punjab,Gurdaspur,1650,21
Punjab,Hoshiarpur,1176,10
Punjab,Jalandhar,3728,7
Punjab,Kapurthala,891,69
Punjab,Ludhiana,3769,88
Punjab,Mansa,132,1
Punjab,Moga,91,3
Punjab,Muktsar,4,0
Punjab,Pathankot,64,0
Punjab,Patiala,903,9
Punjab,Rupnagar,97,0
Punjab,SAS Nagar (Mohali),413,1
Punjab,Sangrur,1557,24
Punjab,Shaheed Bhagat Singh Nagar,48,1
Punjab,Sri Muktsar Sahib,277,7
Punjab,Tarn Taran,91,0
Rajasthan,Ajmer,874,2
Rajasthan,Alwar,2604,30
Rajasthan,Banswara,766,3
Rajasthan,Baran,198,1
Rajasthan,Barmer,2192,41
Rajasthan,Bharatpur,701,8
Rajasthan,Bhilwara,1659,1
Rajasthan,Bikaner,687,28
Rajasthan,Bundi,173,2
Rajasthan,Chittorgarh,893,8
Rajasthan,Churu,1535,40
Rajasthan,Dausa,704,2
Rajasthan,Dholpur,154,0
Rajasthan,Dungarpur,18,0
Rajasthan,Ganganagar,1410,54
Rajasthan,Hanumangarh,2353,13
Rajasthan,Jaipur,3782,47
Rajasthan,Jaisalmer,12,0
Rajasthan,Jalor,348,1
Rajasthan,Jhalawar,141,6
Rajasthan,Jhunjhunu,23,0
Rajasthan,Jhunjhunun,1605,8
Rajasthan,Jodhpur,1114,16
Rajasthan,Karauli,152,9
Rajasthan,Kota,1174,25
Rajasthan,Nagaur,1395,16
Rajasthan,Pali,2051,51
Rajasthan,Pratapgarh,220,1
Rajasthan,Rajsamand,172,3
Rajasthan,Sawai Madhopur,235,5
Rajasthan,Sikar,2052,44
Rajasthan,Sirohi,84,0
Rajasthan,Tonk,182,2
Rajasthan,Udaipur,2486,44
Sikkim,East Sikkim,44,0
Sikkim,North Sikkim,36,0
Sikkim,South Sikkim,31,0
Sikkim,West Sikkim,45,0
Tamil Nadu,Ariyalur,1,0
Tamil Nadu,Chennai,10257,10
Tamil Nadu,Coimbatore,741,0
Tamil Nadu,Cuddalore,4,0
Tamil Nadu,Dharmapuri,13,0
Tamil Nadu,Dindigul,232,2
Tamil Nadu,Erode,1203,0
Tamil Nadu,Kancheepuram,53,1
Tamil Nadu,Kanchipuram,90,1
Tamil Nadu,Kanniyakumari,3581,2
Tamil Nadu,Kanyakumari,12,0
Tamil Nadu,Karur,2,0
Tamil Nadu,Krishnagiri,640,2
Tamil Nadu,Madurai,1851,5
Tamil Nadu,Nagapattinam,247,0
Tamil Nadu,Namakkal,43,0
Tamil Nadu,Nilgiris,1,0
Tamil Nadu,Perambalur,1,0
Tamil Nadu,Pudukkottai,1,0
Tamil Nadu,Ramanathapuram,1061,0
Tamil Nadu,Salem,433,5
Tamil Nadu,Sivaganga,795,2
Tamil Nadu,Thanjavur,1707,4
Tamil Nadu,The Nilgiris,62,0
Tamil Nadu,Theni,19,1
Tamil Nadu,Thiruvarur,644,0
Tamil Nadu,Thoothukkudi,432,0
Tamil Nadu,Tiruchirappalli,54,0
Tamil Nadu,Tirunelveli,23,2
Tamil Nadu,Tiruppur,1016,0
Tamil Nadu,Tiruvallur,3440,5
Tamil Nadu,Tiruvannamalai,3553,357
Tamil Nadu,Tiruvarur,19,0
Tamil Nadu,Vellore,4099,6
Tamil Nadu,Villupuram,25,4
Tamil Nadu,Viluppuram,3198,9
Tamil Nadu,Virudhunagar,53,0
Tripura,Dhalai,90,1
Tripura,Gomati,7,0
Tripura,Khowai,139,0
Tripura,North Tripura,0,27
Tripura,Sepahijala,2,0
Tripura,South Tripura,1,0
Tripura,Unakoti,1,0
Tripura,West Tripura,163,0
Uttar Pradesh,Agra,27,1
Uttar Pradesh,Aligarh,46,1
Uttar Pradesh,Allahabad,62,0
Uttar Pradesh,Ambedkar Nagar,37,0
Uttar Pradesh,Amethi,344,1
Uttar Pradesh,Amroha,9,0
Uttar Pradesh,Auraiya,18,0
Uttar Pradesh,Azamgarh,107,0
Uttar Pradesh,Baghpat,31,1
Uttar Pradesh,Bahraich,64,4
Uttar Pradesh,Ballia,168,1
Uttar Pradesh,Balrampur,28,0
Uttar Pradesh,Banda,18,0
Uttar Pradesh,Bara Banki,30,0
Uttar Pradesh,Barabanki,3,0
Uttar Pradesh,Bareilly,16,1
Uttar Pradesh,Basti,270,2
Uttar Pradesh,Bijnor,74,0
Uttar Pradesh,Budaun,29,0
Uttar Pradesh,Bulandshahar,1,0
Uttar Pradesh,Bulandshahr,42,0
Uttar Pradesh,Chandauli,19,0
Uttar Pradesh,Chitrakoot,756,1
Uttar Pradesh,Deoria,66,1
Uttar Pradesh,Etah,16,0
Uttar Pradesh,Etawah,556,0
Uttar Pradesh,Faizabad,200,0
Uttar Pradesh,Farrukhabad,18,0
Uttar Pradesh,Fatehpur,1675,2
Uttar Pradesh,Firozabad,23,0
Uttar Pradesh,Gautam Buddha Nagar,126,1
Uttar Pradesh,Ghaziabad,428,106
Uttar Pradesh,Ghazipur,69,1
Uttar Pradesh,Gonda,415,10
Uttar Pradesh,Gorakhpur,204,8
Uttar Pradesh,Hamirpur,9,0
Uttar Pradesh,Hardoi,3262,0
Uttar Pradesh,Hathras,15,0
Uttar Pradesh,Jalaun,10,0
Uttar Pradesh,Jaunpur,120,1
Uttar Pradesh,Jhansi,24,0
Uttar Pradesh,Kannauj,16,0
Uttar Pradesh,Kanpur Dehat,17,0
Uttar Pradesh,Kanpur Nagar,28,0
Uttar Pradesh,Kasganj,6,0
Uttar Pradesh,Kaushambi,13,0
Uttar Pradesh,Kheri,10,0
Uttar Pradesh,Kushinagar,60,0
Uttar Pradesh,Lalitpur,2,0
Uttar Pradesh,Lucknow,367,1
Uttar Pradesh,Maharajganj,127,2
Uttar Pradesh,Mahoba,4,0
Uttar Pradesh,Mahrajganj,2,0
Uttar Pradesh,Mainpuri,848,0
Uttar Pradesh,Mathura,22,0
Uttar Pradesh,Mau,30,0
Uttar Pradesh,Meerut,48,1
Uttar Pradesh,Mirzapur,218,39
Uttar Pradesh,Moradabad,17,0
Uttar Pradesh,Muzaffarnagar,25,0
Uttar Pradesh,Pilibhit,6,0
Uttar Pradesh,Pratapgarh,201,1
Uttar Pradesh,Rae Bareli,1928,69
Uttar Pradesh,Raebareli,5,0
Uttar Pradesh,Rampur,13,0
Uttar Pradesh,Saharanpur,46,0
Uttar Pradesh,Sambhal,11,0
Uttar Pradesh,Sant Kabir Nagar,359,2
Uttar Pradesh,Sant Ravidas Nagar,234,0
Uttar Pradesh,Sant Ravidas Nagar Bhadohi,3,0
Uttar Pradesh,Shahjahanpur,12,0
Uttar Pradesh,Shamli,16,0
Uttar Pradesh,Shrawasti,2423,59
Uttar Pradesh,Siddharthnagar,68,0
Uttar Pradesh,Sitapur,36,0
Uttar Pradesh,Sonbhadra,11,0
Uttar Pradesh,Sultanpur,56,0
Uttar Pradesh,Unnao,24,0
Uttar Pradesh,Varanasi,51,0
Uttarakhand,Almora,20,0
Uttarakhand,Bageshwar,11,0
Uttarakhand,Chamoli,8,0
Uttarakhand,Champawat,304,0
Uttarakhand,Dehradun,1879,0
Uttarakhand,Garhwal,3,0
Uttarakhand,Hardwar,1,0
Uttarakhand,Haridwar,2145,1
Uttarakhand,Nainital,13,0
Uttarakhand,Pauri Garhwal,24,0
Uttarakhand,Pithoragarh,13,3
Uttarakhand,Rudraprayag,14,0
Uttarakhand,Tehri Garhwal,294,0
Uttarakhand,Udham Singh Nagar,610,0
Uttarakhand,Uttarkashi,5,0
West Bengal,Bankura,13,0
West Bengal,Barddhaman,6,0
West Bengal,Bardhaman,65,0
West Bengal,Birbhum,19,0
West Bengal,Cooch Behar,7173,1
West Bengal,Dakshin Dinajpur,1386,5
West Bengal,Darjeeling,17,0
West Bengal,East Midnapore,27,0
West Bengal,Hooghly,38,0
West Bengal,Howrah,41,0
West Bengal,Jalpaiguri,17,1
West Bengal,Kolkata,32,678
West Bengal,Malda,501,4
West Bengal,Medinipur,146,19
West Bengal,Murshidabad,581,0
West Bengal,Nadia,356,1
West Bengal,North 24 Parganas,3536,1862
West Bengal,North Dinajpur,1,0
West Bengal,Purulia,11,0
West Bengal,South 24 Parganas,14,0
West Bengal,South Twenty Four Parganas,11,0
West Bengal,Uttar Dinajpur,580,1
West Bengal,West Midnapore,55,20
