State,District,Aadhaar generated,Enrolment Rejected
Andhra Pradesh,Chittoor,1,2
Andhra Pradesh,East Godavari,2,0
Andhra Pradesh,West Godavari,0,1
Arunachal Pradesh,Lohit,1,1
Arunachal Pradesh,Longding,3,0
Arunachal Pradesh,Namsai,0,1
Arunachal Pradesh,Papum Pare,0,1
Arunachal Pradesh,West Siang,6,0
Assam,Baksa,1,0
Assam,Dhemaji,1,0
Assam,Goalpara,0,1
Assam,Kamrup,4,1
Assam,Kamrup Metro,0,1
Assam,Marigaon,1,0
Assam,Nagaon,1,3
Assam,Nalbari,0,1
Bihar,Araria,1,0
Bihar,Arwal,1,1
Bihar,Aurangabad,1,2
Bihar,Banka,1,1
Bihar,Begusarai,3,2
Bihar,Bhagalpur,3,2
Bihar,Bhojpur,6,2
Bihar,Buxar,0,2
Bihar,Darbhanga,6,1
Bihar,East Champaran,5,1
Bihar,Gaya,2,6
Bihar,Gopalganj,1,2
Bihar,Jamui,2,9
Bihar,Jehanabad,0,1
Bihar,Kaimur (Bhabua),3,1
Bihar,Khagaria,5,0
Bihar,Kishanganj,0,1
Bihar,Lakhisarai,1,3
Bihar,Madhepura,9,0
Bihar,Madhubani,3,4
Bihar,Muzaffarpur,2,0
Bihar,Nalanda,14,1
Bihar,Nawada,7,4
Bihar,Patna,4,3
Bihar,Purnia,6,0
Bihar,Rohtas,2,2
Bihar,Saharsa,1,0
Bihar,Samastipur,5,0
Bihar,Saran,2,1
Bihar,Sitamarhi,4,0
Bihar,Siwan,0,2
Bihar,Supaul,1,1
Bihar,Vaishali,1,0
Bihar,West Champaran,10,1
Chandigarh,Chandigarh,5,0
Chhattisgarh,Baloda Bazar,4,0
Chhattisgarh,Balrampur,2,0
Chhattisgarh,Bastar,10,0
Chhattisgarh,Bemetara,5,1
Chhattisgarh,Bilaspur,15,0
Chhattisgarh,Dhamtari,6,0
Chhattisgarh,Durg,1,0
Chhattisgarh,Janjgir-champa,16,0
Chhattisgarh,Jashpur,12,0
Chhattisgarh,Kabeerdham,4,0
Chhattisgarh,Kanker,7,1
Chhattisgarh,Kawardha,2,0
Chhattisgarh,Mahasamund,2,0
Chhattisgarh,Mungeli,1,0
Chhattisgarh,Raigarh,15,0
Chhattisgarh,Raipur,10,0
Chhattisgarh,Sukma,2,0
Chhattisgarh,Surajpur,1,0
Chhattisgarh,Surguja,0,1
Chhattisgarh,Uttar Bastar Kanker,2,1
Dadra and Nagar Haveli,Dadra and Nagar Haveli,17,77
Daman and Diu,Daman,4,5
Daman and Diu,Diu,4,5
Delhi,East Delhi,2,0
Delhi,North Delhi,1,0
Delhi,North East Delhi,3,0
Delhi,North West Delhi,1,0
Delhi,South Delhi,7,0
Delhi,South West Delhi,1,0
Gujarat,Ahmedabad,395,1404
Gujarat,Amreli,61,152
Gujarat,Anand,305,405
Gujarat,Arvalli,40,7
Gujarat,Banaskantha,149,13
Gujarat,Bharuch,272,1648
Gujarat,Bhavnagar,138,235
Gujarat,Dahod,214,215
Gujarat,Devbhumi Dwarka,254,48
Gujarat,Gandhinagar,64,51
Gujarat,Gir Somnath,48,34
Gujarat,Jamnagar,10,12
Gujarat,Junagadh,188,194
Gujarat,Kachchh,23,71
Gujarat,Kheda,8,45
Gujarat,Mahesana,13,31
Gujarat,Narmada,101,236
Gujarat,Navsari,107,6
Gujarat,Panchmahals,243,850
Gujarat,Patan,120,40
Gujarat,Porbandar,63,2
Gujarat,Rajkot,304,436
Gujarat,Sabarkantha,71,69
Gujarat,Surat,236,551
Gujarat,Surendra Nagar,217,9
Gujarat,Tapi,28,2
Gujarat,The Dangs,69,4
Gujarat,Vadodara,163,215
Gujarat,Valsad,50,50
Haryana,Ambala,1,0
Haryana,Bhiwani,13,6
Haryana,Faridabad,1,0
Haryana,Fatehabad,4,2
Haryana,Gurgaon,3,0
Haryana,Hisar,5,15
Haryana,Jhajjar,2,0
Haryana,Jind,2,0
Haryana,Kaithal,3,0
Haryana,Kurukshetra,5,0
Haryana,Mewat,5,0
Haryana,Palwal,2,0
Haryana,Panipat,6,0
Haryana,Rewari,21,0
Haryana,Rohtak,18,0
Haryana,Sirsa,18,2
Haryana,Yamuna Nagar,4,1
Jammu and Kashmir,Anantnag,4,6
Jammu and Kashmir,Badgam,3,1
Jammu and Kashmir,Doda,25,39
Jammu and Kashmir,Jammu,25,11
Jammu and Kashmir,Kathua,24,0
Jammu and Kashmir,Kishtwar,4,3
Jammu and Kashmir,Kulgam,3,1
Jammu and Kashmir,Pulwama,56,9
Jammu and Kashmir,Punch,50,58
Jammu and Kashmir,Rajouri,127,232
Jammu and Kashmir,Ramban,9,12
Jammu and Kashmir,Reasi,18,1
Jammu and Kashmir,Samba,3,0
Jammu and Kashmir,Srinagar,31,5
Jammu and Kashmir,Udhampur,18,21
Jharkhand,Chatra,1,0
Jharkhand,Deoghar,2,0
Jharkhand,Dhanbad,4,1
Jharkhand,Dumka,2,1
Jharkhand,Garhwa,7,0
Jharkhand,Giridih,3,0
Jharkhand,Godda,1,0
Jharkhand,Gumla,8,0
Jharkhand,Hazaribagh,1,0
Jharkhand,Latehar,5,0
Jharkhand,Lohardaga,1,0
Jharkhand,Palamu,10,0
Jharkhand,Ranchi,3,0
Jharkhand,Seraikela-Kharsawan,0,2
Karnataka,Bagalkot,1,0
Karnataka,Bangalore Rural,1,0
Karnataka,Kalaburagi,0,1
Karnataka,Shivamogga,0,1
Kerala,Alappuzha,2,0
Kerala,Ernakulam,2,0
Kerala,Idukki,1,0
Kerala,Kollam,10,0
Kerala,Kottayam,1,0
Kerala,Malappuram,33,0
Kerala,Palakkad,6,0
Kerala,Pathanamthitta,4,0
Kerala,Thrissur,1,0
Madhya Pradesh,Alirajpur,1,0
Madhya Pradesh,Ashok Nagar,2,0
Madhya Pradesh,Balaghat,1,0
Madhya Pradesh,Barwani,3,0
Madhya Pradesh,Bhind,5,1
Madhya Pradesh,Bhopal,4,0
Madhya Pradesh,Chhatarpur,8,0
Madhya Pradesh,Chhindwara,2,0
Madhya Pradesh,Datia,1,0
Madhya Pradesh,Dewas,1,0
Madhya Pradesh,Dhar,2,0
Madhya Pradesh,Dindori,1,0
Madhya Pradesh,Guna,1,0
Madhya Pradesh,Gwalior,6,0
Madhya Pradesh,Harda,1,0
Madhya Pradesh,Hoshangabad,18,0
Madhya Pradesh,Indore,2,1
Madhya Pradesh,Jabalpur,6,0
Madhya Pradesh,Jhabua,5,0
Madhya Pradesh,Khargone,2,0
Madhya Pradesh,Morena,1,0
Madhya Pradesh,Narsinghpur,1,0
Madhya Pradesh,Raisen,1,0
Madhya Pradesh,Rajgarh,8,0
Madhya Pradesh,Rewa,9,2
Madhya Pradesh,Satna,3,0
Madhya Pradesh,Sehore,4,1
Madhya Pradesh,Seoni,8,0
Madhya Pradesh,Shahdol,0,1
Madhya Pradesh,Shajapur,2,0
Madhya Pradesh,Shivpuri,2,0
Madhya Pradesh,Sidhi,2,1
Madhya Pradesh,Singrauli,3,0
Madhya Pradesh,Tikamgarh,14,0
Madhya Pradesh,Vidisha,2,0
Maharashtra,Ahmadnagar,14,3
Maharashtra,Akola,8,12
Maharashtra,Amravati,13,0
Maharashtra,Aurangabad,43,0
Maharashtra,Beed,16,14
Maharashtra,Bhandara,10,0
Maharashtra,Buldhana,19,6
Maharashtra,Chandrapur,20,59
Maharashtra,Dhule,2,3
Maharashtra,Gadchiroli,3,2
Maharashtra,Gondiya,4,0
Maharashtra,Hingoli,22,4
Maharashtra,Jalgaon,17,0
Maharashtra,Jalna,4,0
Maharashtra,Kolhapur,9,13
Maharashtra,Latur,3,3
Maharashtra,Mumbai,8,0
Maharashtra,Nagpur,21,14
Maharashtra,Nanded,32,16
Maharashtra,Nandurbar,5,0
Maharashtra,Nashik,5,3
Maharashtra,Osmanabad,30,12
Maharashtra,Palghar,7,4
Maharashtra,Parbhani,8,2
Maharashtra,Pune,15,0
Maharashtra,Raigarh,20,17
Maharashtra,Sangli,5,0
Maharashtra,Satara,203,46
Maharashtra,Sindhudurg,12,0
Maharashtra,Solapur,10,5
Maharashtra,Thane,9,10
Maharashtra,Wardha,5,0
Maharashtra,Washim,5,10
Maharashtra,Yavatmal,86,54
Manipur,Bishnupur,0,1
Manipur,Senapati,4,0
Manipur,Thoubal,2,7
Meghalaya,East Khasi Hills,2,0
Mizoram,Kolasib,1,0
Mizoram,Lunglei,1,0
Mizoram,Mammit,1,0
Nagaland,Kohima,1,0
Nagaland,Longleng,0,1
Nagaland,Mokokchung,0,1
Nagaland,Phek,2,0
Nagaland,Wokha,2,0
Nagaland,Zunheboto,4,0
Odisha,Angul,6,31
Odisha,Baleswar,40,29
Odisha,Bargarh,0,1
Odisha,Bhadrak,4,12
Odisha,Boudh,0,2
Odisha,Cuttack,1,0
Odisha,Ganjam,5,9
Odisha,Jagatsinghapur,13,7
Odisha,Jajapur,2,18
Odisha,Kandhamal,0,28
Odisha,Kendrapara,0,3
Odisha,Kendujhar,6,18
Odisha,Khorda,1,0
Odisha,Koraput,66,210
Odisha,Malkangiri,3,14
Odisha,Mayurbhanj,151,93
Odisha,Rayagada,38,490
Odisha,Sambalpur,2,7
Odisha,Sonapur,1,22
Odisha,Sundergarh,12,44
Punjab,Amritsar,2,0
Punjab,Bathinda,17,0
Punjab,Jalandhar,3,0
Punjab,Kapurthala,1,1
Punjab,Ludhiana,9,4
Punjab,Mansa,2,0
Punjab,SAS Nagar (Mohali),1,0
Punjab,Sangrur,6,0
Punjab,Tarn Taran,1,0
Rajasthan,Ajmer,1,0
Rajasthan,Alwar,9,0
Rajasthan,Banswara,8,0
Rajasthan,Baran,1,0
Rajasthan,Barmer,5,0
Rajasthan,Bharatpur,4,0
Rajasthan,Bhilwara,8,1
Rajasthan,Bikaner,3,0
Rajasthan,Bundi,0,3
Rajasthan,Chittorgarh,6,0
Rajasthan,Churu,12,3
Rajasthan,Dausa,10,0
Rajasthan,Dholpur,3,1
Rajasthan,Dungarpur,5,2
Rajasthan,Ganganagar,18,12
Rajasthan,Hanumangarh,3,0
Rajasthan,Jaipur,12,0
Rajasthan,Jaisalmer,3,0
Rajasthan,Jalor,7,2
Rajasthan,Jhalawar,8,0
Rajasthan,Jhunjhunun,8,2
Rajasthan,Jodhpur,5,0
Rajasthan,Karauli,6,0
Rajasthan,Kota,1,0
Rajasthan,Nagaur,3,5
Rajasthan,Pali,10,4
Rajasthan,Pratapgarh,9,0
Rajasthan,Rajsamand,13,6
Rajasthan,Sikar,14,7
Rajasthan,Sirohi,7,0
Rajasthan,Tonk,3,2
Rajasthan,Udaipur,8,3
Tamil Nadu,Chennai,5,31
Tamil Nadu,Coimbatore,2,0
Tamil Nadu,Cuddalore,0,2
Tamil Nadu,Erode,1,0
Tamil Nadu,Kancheepuram,0,4
Tamil Nadu,Kanniyakumari,0,2
Tamil Nadu,Madurai,0,1
Tamil Nadu,Namakkal,1,0
Tamil Nadu,Sivaganga,1,2
Tamil Nadu,Thanjavur,1,0
Tamil Nadu,The Nilgiris,0,1
Tamil Nadu,Theni,0,1
Tamil Nadu,Thoothukkudi,2,12
Tamil Nadu,Tirunelveli,5,10
Tamil Nadu,Tiruppur,1,0
Tamil Nadu,Tiruvallur,4,50
Tamil Nadu,Vellore,2,0
Tamil Nadu,Villupuram,0,1
Telangana,Hyderabad,1,0
Telangana,K.v. Rangareddy,1,0
Tripura,Sepahijala,1,0
Tripura,Unakoti,3,1
Tripura,West Tripura,14,18
Uttar Pradesh,Agra,2,0
Uttar Pradesh,Aligarh,3,0
Uttar Pradesh,Allahabad,10,2
Uttar Pradesh,Amethi,0,5
Uttar Pradesh,Amroha,1,0
Uttar Pradesh,Azamgarh,1,2
Uttar Pradesh,Baghpat,1,0
Uttar Pradesh,Bahraich,7,1
Uttar Pradesh,Ballia,0,3
Uttar Pradesh,Balrampur,5,1
Uttar Pradesh,Banda,2,2
Uttar Pradesh,Bara Banki,2,0
Uttar Pradesh,Bareilly,1,0
Uttar Pradesh,Basti,5,1
Uttar Pradesh,Bijnor,13,0
Uttar Pradesh,Budaun,4,0
Uttar Pradesh,Bulandshahr,6,0
Uttar Pradesh,Chandauli,1,0
Uttar Pradesh,Chitrakoot,1,0
Uttar Pradesh,Deoria,4,2
Uttar Pradesh,Etawah,1,0
Uttar Pradesh,Faizabad,4,2
Uttar Pradesh,Farrukhabad,1,0
Uttar Pradesh,Fatehpur,3,3
Uttar Pradesh,Gautam Buddha Nagar,3,0
Uttar Pradesh,Ghaziabad,4,0
Uttar Pradesh,Ghazipur,3,4
Uttar Pradesh,Gonda,4,0
Uttar Pradesh,Gorakhpur,7,1
Uttar Pradesh,Hamirpur,1,0
Uttar Pradesh,Hapur,1,0
Uttar Pradesh,Hardoi,4,5
Uttar Pradesh,Jalaun,10,1
Uttar Pradesh,Jaunpur,3,2
Uttar Pradesh,Jhansi,3,1
Uttar Pradesh,Kanpur Dehat,1,0
Uttar Pradesh,Kanpur Nagar,2,2
Uttar Pradesh,Kasganj,9,2
Uttar Pradesh,Kheri,8,0
Uttar Pradesh,Kushinagar,2,1
Uttar Pradesh,Lalitpur,1,0
Uttar Pradesh,Lucknow,6,0
Uttar Pradesh,Maharajganj,4,0
Uttar Pradesh,Mahoba,4,1
Uttar Pradesh,Mathura,0,1
Uttar Pradesh,Mau,3,0
Uttar Pradesh,Meerut,2,0
Uttar Pradesh,Moradabad,7,0
Uttar Pradesh,Pilibhit,1,0
Uttar Pradesh,Pratapgarh,3,3
Uttar Pradesh,Rae Bareli,2,1
Uttar Pradesh,Saharanpur,3,0
Uttar Pradesh,Sant Ravidas Nagar,0,6
Uttar Pradesh,Shahjahanpur,13,0
Uttar Pradesh,Siddharthnagar,8,1
Uttar Pradesh,Sitapur,5,0
Uttar Pradesh,Sonbhadra,5,1
Uttar Pradesh,Sultanpur,0,1
Uttar Pradesh,Unnao,6,2
Uttar Pradesh,Varanasi,1,2
Uttarakhand,Chamoli,5,0
Uttarakhand,Champawat,1,0
Uttarakhand,Dehradun,1,0
Uttarakhand,Nainital,2,0
Uttarakhand,Pithoragarh,2,4
Uttarakhand,Tehri Garhwal,4,2
Uttarakhand,Udham Singh Nagar,3,2
West Bengal,Barddhaman,6,0
West Bengal,Birbhum,4,0
West Bengal,Cooch Behar,4,0
West Bengal,Darjeeling,1,0
West Bengal,Jalpaiguri,1,0
West Bengal,Kolkata,1,0
West Bengal,Nadia,1,0
West Bengal,North 24 Parganas,3,0
West Bengal,Paschim Medinipur,15,2
West Bengal,Purba Medinipur,0,2
West Bengal,South 24 Parganas,1,0
West Bengal,Uttar Dinajpur,1,1
