State,District,Aadhaar generated,Enrolment Rejected
Andaman and Nicobar Islands,Andamans,0,2
Andhra Pradesh,Adilabad,1,2
Andhra Pradesh,Anantapur,29,86
Andhra Pradesh,Chittoor,4,186
Andhra Pradesh,Cuddapah,0,86
Andhra Pradesh,East Godavari,0,61
Andhra Pradesh,Guntur,5,20
Andhra Pradesh,Hyderabad,1,76
Andhra Pradesh,K.V.Rangareddy,11,42
Andhra Pradesh,Karimnagar,0,21
Andhra Pradesh,Khammam,0,4
Andhra Pradesh,Krishna,4,1
Andhra Pradesh,Kurnool,2,1
Andhra Pradesh,Medak,1,6
Andhra Pradesh,Nellore,0,14
Andhra Pradesh,Nizamabad,0,3
Andhra Pradesh,Prakasam,2,10
Andhra Pradesh,Srikakulam,15,73
Andhra Pradesh,Visakhapatnam,2,3
Andhra Pradesh,Vizianagaram,1640,15
Andhra Pradesh,Warangal,3,0
Andhra Pradesh,West Godavari,1,15
Assam,Jorhat,2,0
Assam,Nagaon,1,0
Assam,Sibsagar,1,0
Bihar,Arwal,3,0
Bihar,Aurangabad(BH),2,0
Bihar,Banka,1,0
Bihar,Bhagalpur,3,1
Bihar,Bhojpur,3,0
Bihar,Buxar,2,0
Bihar,Darbhanga,1,0
Bihar,East Champaran,2,0
Bihar,Gaya,1,0
Bihar,Jehanabad,47,1
Bihar,Katihar,1,0
Bihar,Khagaria,6,0
Bihar,Kishanganj,0,1
Bihar,Madhubani,1,0
Bihar,Munger,3,0
Bihar,Muzaffarpur,2,0
Bihar,Nawada,3,0
Bihar,Patna,6,2
Bihar,Purnia,1,0
Bihar,Rohtas,1,1
Bihar,Samastipur,0,1
Bihar,Saran,6,0
Chandigarh,Chandigarh,191,11
Chandigarh,Mohali,3,0
Chhattisgarh,Durg,2,0
Chhattisgarh,Korba,4,0
Chhattisgarh,Mahasamund,1,0
Chhattisgarh,Raigarh,30,0
Chhattisgarh,Raipur,2,0
Delhi,Central Delhi,945,417
Delhi,East Delhi,1,9
Delhi,North Delhi,8,4
Delhi,North East,0,29
Delhi,North West Delhi,14,18
Delhi,South Delhi,578,11
Delhi,South West Delhi,1074,21
Delhi,West Delhi,119,486
Goa,North Goa,6,1
Goa,South Goa,7,0
Gujarat,Ahmadabad,5,12
Gujarat,Amreli,77,1
Gujarat,Anand,91,1
Gujarat,Banaskantha,39,0
Gujarat,Bharuch,97,9
Gujarat,Bhavnagar,5,1
Gujarat,Dohad,62,0
Gujarat,Gandhinagar,8,1
Gujarat,Jamnagar,46,0
Gujarat,Junagadh,81,1
Gujarat,Kheda,79,2
Gujarat,Mahesana,202,1
Gujarat,Narmada,14,0
Gujarat,Navsari,114,0
Gujarat,Panchmahals,408,4
Gujarat,Patan,133,3
Gujarat,Porbandar,103,2
Gujarat,Rajkot,201,7
Gujarat,Sabarkantha,29,0
Gujarat,Surat,556,4
Gujarat,Surendra Nagar,4,0
Gujarat,The Dangs,1,0
Gujarat,Vadodara,109,1
Haryana,Ambala,100,75
Haryana,Bhiwani,5,0
Haryana,Faridabad,2,0
Haryana,Gurgaon,16,2
Haryana,Hisar,2,0
Haryana,Jhajjar,4,0
Haryana,Jind,2,0
Haryana,Karnal,207,4
Haryana,Mahendragarh,2,0
Haryana,Panchkula,41,1
Haryana,Panipat,3,0
Haryana,Rewari,2,0
Haryana,Rohtak,2,0
Haryana,Sonipat,9,1
Himachal Pradesh,Bilaspur ,0,1
Himachal Pradesh,Chamba,178,17
Himachal Pradesh,Kangra,798,18
Himachal Pradesh,Kinnaur,4,0
Himachal Pradesh,Kullu,1,0
Himachal Pradesh,Mandi,2,0
Himachal Pradesh,Shimla,160,18
Himachal Pradesh,Sirmaur,61,9
Himachal Pradesh,Solan,323,16
Himachal Pradesh,Una,0,1
Jammu and Kashmir,Jammu,3,0
Jammu and Kashmir,Kathua,1,0
Jammu and Kashmir,Rajouri,1,0
Jammu and Kashmir,Srinagar,1,0
Jharkhand,Bokaro,507,8
Jharkhand,Chatra,1,0
Jharkhand,Deoghar,1,0
Jharkhand,Dhanbad,41,4
Jharkhand,Dumka,60,8
Jharkhand,East Singhbhum,1,2
Jharkhand,Garhwa,35,0
Jharkhand,Giridih,730,8
Jharkhand,Gumla,321,8
Jharkhand,Hazaribagh,1,1
Jharkhand,Khunti,4,0
Jharkhand,Koderma,1,5
Jharkhand,Latehar,4,0
Jharkhand,Lohardaga,41,3
Jharkhand,Palamau,141,0
Jharkhand,Ramgarh,0,3
Jharkhand,Ranchi,187,8
Jharkhand,Seraikela-Kharsawan,4,4
Jharkhand,Simdega,100,0
Jharkhand,West Singhbhum,6,2
Karnataka,Bagalkot,2,0
Karnataka,Bangalore,183,24
Karnataka,Bangalore Rural,1479,335
Karnataka,Belgaum,12,2
Karnataka,Bellary,1,2
Karnataka,Bidar,1,1
Karnataka,Bijapur(KAR),1,1
Karnataka,Chikkaballapur,1,0
Karnataka,Chitradurga,2,0
Karnataka,Dakshina Kannada,2,0
Karnataka,Davangere,0,1
Karnataka,Dharwad,1,0
Karnataka,Gadag,2,0
Karnataka,Gulbarga,3,0
Karnataka,Haveri,1,0
Karnataka,Kodagu,1,0
Karnataka,Koppal,0,1
Karnataka,Mandya,0,1
Karnataka,Mysore,145,143
Karnataka,Raichur,1,0
Karnataka,Shimoga,52,0
Karnataka,Tumkur,4,8
Karnataka,Udupi,4438,107
Kerala,Alappuzha,353,3
Kerala,Ernakulam,616,8
Kerala,Idukki,276,0
Kerala,Kannur,107,1
Kerala,Kasargod,99,0
Kerala,Kollam,237,2
Kerala,Kottayam,132,2
Kerala,Kozhikode,358,11
Kerala,Malappuram,407,7
Kerala,Palakkad,301,1
Kerala,Pathanamthitta,1076,3
Kerala,Thiruvananthapuram,450,5
Kerala,Thrissur,44,1
Kerala,Wayanad,1188,4
Lakshadweep,Lakshadweep,82,0
Madhya Pradesh,Balaghat,4,0
Madhya Pradesh,Barwani,28,11
Madhya Pradesh,Betul,32,0
Madhya Pradesh,Bhind,18,2
Madhya Pradesh,Bhopal,29,1
Madhya Pradesh,Chhatarpur,21,1
Madhya Pradesh,Damoh,105,1
Madhya Pradesh,Datia,1,0
Madhya Pradesh,Dewas,1,8
Madhya Pradesh,Dhar,5,0
Madhya Pradesh,Guna,3,0
Madhya Pradesh,Gwalior,83,7
Madhya Pradesh,Harda,0,1
Madhya Pradesh,Hoshangabad,1,4
Madhya Pradesh,Indore,667,17
Madhya Pradesh,Jabalpur,108,1
Madhya Pradesh,Katni,5,0
Madhya Pradesh,Khandwa,9,1
Madhya Pradesh,Khargone,113,0
Madhya Pradesh,Mandsaur,90,42
Madhya Pradesh,Morena,2,0
Madhya Pradesh,Narsinghpur,0,3
Madhya Pradesh,Neemuch,4,20
Madhya Pradesh,Panna,3,0
Madhya Pradesh,Raisen,52,0
Madhya Pradesh,Rajgarh,4,1
Madhya Pradesh,Ratlam,59,15
Madhya Pradesh,Rewa,11,0
Madhya Pradesh,Sagar,161,8
Madhya Pradesh,Sehore,21,0
Madhya Pradesh,Seoni,2,0
Madhya Pradesh,Shahdol,2,0
Madhya Pradesh,Shajapur,2,3
Madhya Pradesh,Shivpuri,3,0
Madhya Pradesh,Ujjain,2,0
Madhya Pradesh,Umaria,1,0
Madhya Pradesh,Vidisha,3,1
Maharashtra,Ahmed Nagar,812,16
Maharashtra,Akola,934,28
Maharashtra,Amravati,870,8
Maharashtra,Aurangabad,6,8
Maharashtra,Beed,5,1
Maharashtra,Bhandara,510,607
Maharashtra,Buldhana,1347,82
Maharashtra,Chandrapur,1,1
Maharashtra,Dhule,20,0
Maharashtra,Gondiya,5,5
Maharashtra,Hingoli,0,1
Maharashtra,Jalgaon,337,67
Maharashtra,Jalna,14,14
Maharashtra,Kolhapur,22,3
Maharashtra,Latur,3,4
Maharashtra,Mumbai,524,20
Maharashtra,Mumbai City,34,0
Maharashtra,Mumbai( Sub Urban ),1,1
Maharashtra,Nagpur,12,11
Maharashtra,Nanded,158,74
Maharashtra,Nandurbar,0,2
Maharashtra,Nashik,969,11
Maharashtra,Osmanabad,2,17
Maharashtra,Parbhani,1,0
Maharashtra,Pune,129,3
Maharashtra,Raigarh(MH),4,7
Maharashtra,Ratnagiri,592,5
Maharashtra,Sangli,305,2
Maharashtra,Satara,15,1
Maharashtra,Sindhudurg,1,0
Maharashtra,Solapur,20,14
Maharashtra,Thane,269,7
Maharashtra,Wardha,4,19
Maharashtra,Washim,2,0
Maharashtra,Yavatmal,2,0
Odisha,Anugul,1,0
Odisha,Baleswar,7,0
Odisha,Bargarh,7,5
Odisha,Bhadrak,0,1
Odisha,Cuttack,4,0
Odisha,Dhenkanal,2,1
Odisha,Gajapati,1,0
Odisha,Ganjam,1,3
Odisha,Jagatsinghapur,2,0
Odisha,Jajapur,2,0
Odisha,Kandhamal,1,0
Odisha,Kendujhar,1,0
Odisha,Puri,1,0
Odisha,Sambalpur,4,0
Odisha,Sundergarh,5,0
Others,Others,58,1
Puducherry,Pondicherry,0,1
Punjab,Amritsar,36,4
Punjab,Barnala,21,2
Punjab,Bathinda,75,1
Punjab,Faridkot,2,1
Punjab,Ferozepur,1,4
Punjab,Gurdaspur,3,5
Punjab,Hoshiarpur,4,0
Punjab,Jalandhar,63,1
Punjab,Kapurthala,157,0
Punjab,Ludhiana,235,8
Punjab,Mansa,1,0
Punjab,Moga,93,8
Punjab,Muktsar,4,3
Punjab,Nawanshahr,12,0
Punjab,Pathankot,1,0
Punjab,Patiala,1,0
Punjab,Rupnagar,23,0
Punjab,SAS Nagar (Mohali),2,0
Punjab,Sangrur,0,1
Punjab,Tarn Taran,1,1
Rajasthan,Ajmer,2,1
Rajasthan,Alwar,1039,45
Rajasthan,Barmer,28,1
Rajasthan,Bharatpur,1,1
Rajasthan,Bhilwara,21,2
Rajasthan,Bikaner,2,2
Rajasthan,Bundi,0,1
Rajasthan,Chittorgarh,16,14
Rajasthan,Churu,106,1
Rajasthan,Dausa,3,0
Rajasthan,Ganganagar,5,1
Rajasthan,Hanumangarh,6,1
Rajasthan,Jaipur,551,76
Rajasthan,Jalor,9,1
Rajasthan,Jhalawar,0,3
Rajasthan,Jhunjhunun,3,1
Rajasthan,Jodhpur,17,3
Rajasthan,Karauli,1,0
Rajasthan,Kota,1,2
Rajasthan,Nagaur,192,4
Rajasthan,Pali,80,5
Rajasthan,Rajsamand,1,3
Rajasthan,Sawai Madhopur,7,2
Rajasthan,Sikar,698,5
Rajasthan,Sirohi,10,1
Rajasthan,Tonk,0,1
Tamil Nadu,Ariyalur,2,0
Tamil Nadu,Chennai,1,0
Tamil Nadu,Dharmapuri,3,0
Tamil Nadu,Erode,0,1
Tamil Nadu,Kanchipuram,27,0
Tamil Nadu,Kanyakumari,4,0
Tamil Nadu,Krishnagiri,2,0
Tamil Nadu,Madurai,3,0
Tamil Nadu,Salem,4,1
Tamil Nadu,Tiruchirappalli,1,0
Tamil Nadu,Tiruvallur,1,0
Tamil Nadu,Tiruvannamalai,1,0
Tamil Nadu,Tiruvarur,2,0
Tamil Nadu,Vellore,19,10
Tamil Nadu,Virudhunagar,1,0
Tripura,West Tripura,0,3
Uttar Pradesh,Agra,3,18
Uttar Pradesh,Aligarh,3,6
Uttar Pradesh,Allahabad,1,0
Uttar Pradesh,Ballia,4,0
Uttar Pradesh,Banda,1,0
Uttar Pradesh,Barabanki,5,3
Uttar Pradesh,Bareilly,1,11
Uttar Pradesh,Basti,8,0
Uttar Pradesh,Bijnor,2,0
Uttar Pradesh,Bulandshahar,4,0
Uttar Pradesh,Chandauli,3,0
Uttar Pradesh,Chitrakoot,1,0
Uttar Pradesh,Deoria,8,1
Uttar Pradesh,Etawah,1,2
Uttar Pradesh,Faizabad,1,0
Uttar Pradesh,Fatehpur,1,0
Uttar Pradesh,Firozabad,2,19
Uttar Pradesh,Gautam Buddha Nagar,3,1
Uttar Pradesh,Ghaziabad,1,1
Uttar Pradesh,Ghazipur,6,0
Uttar Pradesh,Gonda,2,0
Uttar Pradesh,Gorakhpur,1,1
Uttar Pradesh,Hardoi,1,0
Uttar Pradesh,Hathras,1,1
Uttar Pradesh,Jaunpur,1,0
Uttar Pradesh,Kanpur Dehat,2,1
Uttar Pradesh,Kanpur Nagar,1,93
Uttar Pradesh,Lalitpur,1,1
Uttar Pradesh,Lucknow,1,7
Uttar Pradesh,Mahoba,2,3
Uttar Pradesh,Mainpuri,1,0
Uttar Pradesh,Mathura,8,2
Uttar Pradesh,Mau,1,0
Uttar Pradesh,Meerut,11,0
Uttar Pradesh,Moradabad,2,1
Uttar Pradesh,Muzaffarnagar,2,0
Uttar Pradesh,Pratapgarh,2,0
Uttar Pradesh,Raebareli,0,2
Uttar Pradesh,Rampur,0,16
Uttar Pradesh,Sitapur,3,1
Uttar Pradesh,Sultanpur,3,1
Uttar Pradesh,Unnao,1,2
Uttar Pradesh,Varanasi,4,0
Uttarakhand,Almora,3,1
Uttarakhand,Bageshwar,1,0
Uttarakhand,Chamoli,1,0
Uttarakhand,Garhwal,0,1
Uttarakhand,Nainital,2,1
Uttarakhand,Pithoragarh,1,0
Uttarakhand,Tehri Garhwal,2,0
Uttarakhand,Udham Singh Nagar,1,0
West Bengal,Dakshin Dinajpur,1,0
West Bengal,Darjeeling,1,0
West Bengal,East Midnapore,2,0
West Bengal,Hooghly,5,0
West Bengal,Howrah,238,0
West Bengal,Murshidabad,2,0
West Bengal,Nadia,4,0
West Bengal,North 24 Parganas,1,0
West Bengal,West Midnapore,1,0
