State,District,Aadhaar generated,Enrolment Rejected
Andaman and Nicobar Islands,Andamans,0,1
Andaman and Nicobar Islands,South Andaman,0,1
Andhra Pradesh,Adilabad,12,143
Andhra Pradesh,Anantapur,46,533
Andhra Pradesh,Chittoor,64,237
Andhra Pradesh,Cuddapah,6,209
Andhra Pradesh,East Godavari,117,105
Andhra Pradesh,Guntur,10,283
Andhra Pradesh,Hyderabad,42,256
Andhra Pradesh,K.V.Rangareddy,20,123
Andhra Pradesh,Karimnagar,2,79
Andhra Pradesh,Khammam,0,41
Andhra Pradesh,Krishna,9,155
Andhra Pradesh,Kurnool,0,14
Andhra Pradesh,Mahbubnagar,3,15
Andhra Pradesh,Medak,1,60
Andhra Pradesh,Nalgonda,4,47
Andhra Pradesh,Nellore,1,127
Andhra Pradesh,Nizamabad,0,24
Andhra Pradesh,Prakasam,2,266
Andhra Pradesh,Srikakulam,13,36
Andhra Pradesh,Visakhapatnam,2,142
Andhra Pradesh,Vizianagaram,3104,12
Andhra Pradesh,Warangal,1,46
Andhra Pradesh,West Godavari,3,124
Assam,Darrang,0,1
Assam,Jorhat,1,0
Assam,Karbi Anglong,0,1
Bihar,Arwal,1,0
Bihar,Aurangabad(BH),1,1
Bihar,Banka,1,0
Bihar,Begusarai,26,0
Bihar,Bhagalpur,14,1
Bihar,Bhojpur,11,6
Bihar,Buxar,5,2
Bihar,Darbhanga,5,3
Bihar,East Champaran,2,1
Bihar,Gaya,18,0
Bihar,Gopalganj,6,2
Bihar,Jamui,1,0
Bihar,Jehanabad,0,1
Bihar,Katihar,5,0
Bihar,Khagaria,2,1
Bihar,Kishanganj,0,7
Bihar,Lakhisarai,1,1
Bihar,Madhepura,128,3
Bihar,Madhubani,32,2
Bihar,Munger,2,0
Bihar,Muzaffarpur,24,0
Bihar,Nalanda,202,36
Bihar,Nawada,3,1
Bihar,Patna,60,13
Bihar,Purnia,2,0
Bihar,Rohtas,1,0
Bihar,Saharsa,1,2
Bihar,Samastipur,3,1
Bihar,Saran,6,2
Bihar,Sheikhpura,1,1
Bihar,Sitamarhi,1,3
Bihar,Siwan,5,0
Bihar,Supaul,2,2
Bihar,Vaishali,19,3
Bihar,West Champaran,2,1
Chandigarh,Chandigarh,217,9
Chandigarh,Mohali,1,0
Chhattisgarh,Bilaspur,17,0
Chhattisgarh,Durg,91,11
Chhattisgarh,Janjgir-champa,8,0
Chhattisgarh,Jashpur,1,0
Chhattisgarh,Korba,81,1
Chhattisgarh,Koriya,2,0
Chhattisgarh,Raigarh,190,2
Chhattisgarh,Raipur,49,4
Chhattisgarh,Rajnandgaon,1,1
Chhattisgarh,Surguja,2,0
Dadra and Nagar Haveli,Dadra and Nagar Haveli,0,1
Daman and Diu,Daman,0,5
Daman and Diu,Diu,0,1
Delhi,Central Delhi,683,28
Delhi,East Delhi,92,46
Delhi,North Delhi,27,18
Delhi,North East,12,14
Delhi,North West Delhi,272,151
Delhi,South Delhi,365,45
Delhi,South West Delhi,653,57
Delhi,West Delhi,346,89
Goa,North Goa,0,7
Goa,South Goa,0,3
Gujarat,Ahmadabad,26,47
Gujarat,Ahmedabad,0,1
Gujarat,Amreli,6,0
Gujarat,Anand,4,0
Gujarat,Banaskantha,12,1
Gujarat,Bharuch,7,3
Gujarat,Bhavnagar,4,2
Gujarat,Dohad,0,1
Gujarat,Gandhinagar,59,0
Gujarat,Jamnagar,0,1
Gujarat,Junagadh,3,1
Gujarat,Kheda,1,2
Gujarat,Mahesana,9,3
Gujarat,Narmada,15,0
Gujarat,Navsari,14,2
Gujarat,Panchmahals,28,1
Gujarat,Patan,7,5
Gujarat,Porbandar,43,3
Gujarat,Rajkot,41,17
Gujarat,Sabarkantha,29,2
Gujarat,Surat,136,11
Gujarat,Surendra Nagar,1,3
Gujarat,Vadodara,1,4
Gujarat,Valsad,1,5
Haryana,Ambala,47,8
Haryana,Bhiwani,33,1
Haryana,Faridabad,2,8
Haryana,Fatehabad,1,0
Haryana,Gurgaon,26,7
Haryana,Hisar,10,1
Haryana,Jhajjar,11,9
Haryana,Jind,1,0
Haryana,Kaithal,1,0
Haryana,Karnal,563,6
Haryana,Kurukshetra,47,1
Haryana,Mahendragarh,4,0
Haryana,Panchkula,23,2
Haryana,Panipat,9,7
Haryana,Rewari,11,0
Haryana,Rohtak,18,7
Haryana,Sirsa,24,7
Haryana,Sonipat,141,4
Haryana,Yamuna Nagar,2,0
Himachal Pradesh,Bilaspur ,2,3
Himachal Pradesh,Chamba,573,13
Himachal Pradesh,Hamirpur,2,5
Himachal Pradesh,Kangra,2470,67
Himachal Pradesh,Kinnaur,46,0
Himachal Pradesh,Kullu,30,4
Himachal Pradesh,Mandi,43,3
Himachal Pradesh,Shimla,1362,9
Himachal Pradesh,Sirmaur,752,4
Himachal Pradesh,Solan,307,5
Himachal Pradesh,Una,2,7
Jammu and Kashmir,Jammu,1,0
Jharkhand,Bokaro,118,12
Jharkhand,Chatra,1,0
Jharkhand,Deoghar,2,0
Jharkhand,Dhanbad,243,33
Jharkhand,Dumka,73,10
Jharkhand,East Singhbhum,43,5
Jharkhand,Garhwa,171,4
Jharkhand,Giridih,77,12
Jharkhand,Godda,65,15
Jharkhand,Gumla,174,8
Jharkhand,Hazaribagh,62,20
Jharkhand,Jamtara,50,9
Jharkhand,Khunti,16,2
Jharkhand,Kodarma,1,3
Jharkhand,Lohardaga,231,2
Jharkhand,Pakaur,150,8
Jharkhand,Palamau,329,29
Jharkhand,Ramgarh,0,8
Jharkhand,Ranchi,73,14
Jharkhand,Sahebganj,7,2
Jharkhand,Seraikela-Kharsawan,7,23
Jharkhand,Simdega,42,4
Jharkhand,West Singhbhum,42,6
Karnataka,Bagalkot,9,4
Karnataka,Bangalore,1935,191
Karnataka,Bangalore Rural,2,2
Karnataka,Belgaum,2,15
Karnataka,Bellary,45,19
Karnataka,Bidar,76,52
Karnataka,Bijapur(KAR),59,14
Karnataka,Chamarajanagar,1,11
Karnataka,Chickmagalur,28,10
Karnataka,Chikkaballapur,2,2
Karnataka,Chitradurga,4,0
Karnataka,Dakshina Kannada,20,1
Karnataka,Davangere,339,21
Karnataka,Dharwad,31,55
Karnataka,Gadag,2,14
Karnataka,Gulbarga,315,83
Karnataka,Hassan,35,7
Karnataka,Haveri,38,3
Karnataka,Kodagu,0,1
Karnataka,Koppal,28,19
Karnataka,Mandya,7,3
Karnataka,Mysore,478,72
Karnataka,Raichur,7,12
Karnataka,Ramanagar,8,0
Karnataka,Shimoga,262,37
Karnataka,Tumkur,46,206
Karnataka,Udupi,15,4
Karnataka,Uttara Kannada,24,2
Karnataka,Yadgir,6,13
Kerala,Alappuzha,467,4
Kerala,Ernakulam,359,10
Kerala,Idukki,346,2
Kerala,Kannur,456,21
Kerala,Kasargod,240,0
Kerala,Kollam,418,9
Kerala,Kottayam,111,1
Kerala,Kozhikode,1366,37
Kerala,Malappuram,891,11
Kerala,Palakkad,629,41
Kerala,Pathanamthitta,300,8
Kerala,Thiruvananthapuram,242,58
Kerala,Thrissur,676,19
Kerala,Wayanad,266,8
Lakshadweep,Lakshadweep,69,0
Madhya Pradesh,Balaghat,82,8
Madhya Pradesh,Barwani,135,145
Madhya Pradesh,Betul,162,2
Madhya Pradesh,Bhind,33,0
Madhya Pradesh,Bhopal,173,41
Madhya Pradesh,Burhanpur,73,27
Madhya Pradesh,Chhatarpur,80,8
Madhya Pradesh,Chhindwara,23,6
Madhya Pradesh,Damoh,14,0
Madhya Pradesh,Dewas,52,34
Madhya Pradesh,Dhar,99,2
Madhya Pradesh,Guna,349,37
Madhya Pradesh,Gwalior,90,16
Madhya Pradesh,Harda,2,5
Madhya Pradesh,Hoshangabad,14,9
Madhya Pradesh,Indore,1452,94
Madhya Pradesh,Jabalpur,470,18
Madhya Pradesh,Jhabua,4,0
Madhya Pradesh,Katni,33,1
Madhya Pradesh,Khandwa,48,13
Madhya Pradesh,Khargone,80,7
Madhya Pradesh,Mandla,17,0
Madhya Pradesh,Mandsaur,481,113
Madhya Pradesh,Morena,9,1
Madhya Pradesh,Narsinghpur,47,6
Madhya Pradesh,Neemuch,76,55
Madhya Pradesh,Raisen,67,4
Madhya Pradesh,Rajgarh,32,4
Madhya Pradesh,Ratlam,512,321
Madhya Pradesh,Rewa,31,4
Madhya Pradesh,Sagar,26,0
Madhya Pradesh,Satna,53,8
Madhya Pradesh,Sehore,44,0
Madhya Pradesh,Seoni,19,0
Madhya Pradesh,Shahdol,26,1
Madhya Pradesh,Shajapur,278,214
Madhya Pradesh,Sheopur,0,1
Madhya Pradesh,Shivpuri,43,8
Madhya Pradesh,Sidhi,1,0
Madhya Pradesh,Tikamgarh,0,1
Madhya Pradesh,Ujjain,167,36
Madhya Pradesh,Vidisha,144,23
Maharashtra,Ahmed Nagar,264,23
Maharashtra,Akola,0,5
Maharashtra,Amravati,287,21
Maharashtra,Aurangabad,12,55
Maharashtra,Beed,2,9
Maharashtra,Bhandara,2,33
Maharashtra,Buldhana,420,5
Maharashtra,Chandrapur,0,19
Maharashtra,Dhule,10,42
Maharashtra,Gadchiroli,0,13
Maharashtra,Gondiya,1,14
Maharashtra,Hingoli,0,2
Maharashtra,Jalgaon,35,51
Maharashtra,Jalna,3,48
Maharashtra,Kolhapur,21,7
Maharashtra,Latur,1,50
Maharashtra,Mumbai,146,162
Maharashtra,Mumbai City,6,0
Maharashtra,Mumbai( Sub Urban ),3,3
Maharashtra,Nagpur,9,119
Maharashtra,Nanded,2,26
Maharashtra,Nandurbar,1,15
Maharashtra,Nashik,150,24
Maharashtra,Osmanabad,3,5
Maharashtra,Parbhani,0,7
Maharashtra,Pune,14,22
Maharashtra,Raigarh(MH),0,21
Maharashtra,Ratnagiri,686,11
Maharashtra,Sangli,109,12
Maharashtra,Satara,3,30
Maharashtra,Sindhudurg,0,1
Maharashtra,Solapur,11,28
Maharashtra,Thane,98,38
Maharashtra,Wardha,1,65
Maharashtra,Washim,0,6
Maharashtra,Yavatmal,0,1
Odisha,Baleswar,0,9
Odisha,Bhadrak,0,5
Odisha,Cuttack,1,16
Odisha,Dhenkanal,0,7
Odisha,Ganjam,0,17
Odisha,Jagatsinghapur,1,0
Odisha,Jajapur,0,1
Odisha,Kandhamal,0,1
Odisha,Kendrapara,1,1
Odisha,Khordha,0,13
Odisha,Koraput,0,3
Odisha,Malkangiri,1,0
Odisha,Mayurbhanj,1,1
Odisha,Nayagarh,0,6
Odisha,Puri,0,9
Odisha,Rayagada,2,10
Odisha,Sambalpur,0,1
Odisha,Sundergarh,0,2
Others,Others,250,2
Puducherry,Pondicherry,3,94
Punjab,Amritsar,62,26
Punjab,Barnala,6,3
Punjab,Bathinda,59,5
Punjab,Faridkot,1,9
Punjab,Fatehgarh Sahib,6,2
Punjab,Ferozepur,37,10
Punjab,Gurdaspur,3,8
Punjab,Hoshiarpur,18,7
Punjab,Jalandhar,20,7
Punjab,Kapurthala,1,7
Punjab,Ludhiana,32,21
Punjab,Mansa,2,0
Punjab,Moga,34,5
Punjab,Muktsar,13,11
Punjab,Nawanshahr,0,2
Punjab,Patiala,68,7
Punjab,Rupnagar,19,0
Punjab,SAS Nagar (Mohali),25,5
Punjab,Sangrur,3,9
Punjab,Tarn Taran,3,1
Rajasthan,Ajmer,43,14
Rajasthan,Alwar,233,13
Rajasthan,Banswara,13,2
Rajasthan,Baran,42,15
Rajasthan,Barmer,83,16
Rajasthan,Bharatpur,6,2
Rajasthan,Bhilwara,48,5
Rajasthan,Bikaner,4,13
Rajasthan,Bundi,32,28
Rajasthan,Chittorgarh,19,6
Rajasthan,Churu,287,3
Rajasthan,Dausa,48,26
Rajasthan,Dholpur,1,0
Rajasthan,Dungarpur,1,0
Rajasthan,Ganganagar,20,5
Rajasthan,Hanumangarh,1,2
Rajasthan,Jaipur,302,59
Rajasthan,Jaisalmer,1,0
Rajasthan,Jalor,104,16
Rajasthan,Jhalawar,90,70
Rajasthan,Jhunjhunun,31,18
Rajasthan,Jodhpur,17,7
Rajasthan,Karauli,2,4
Rajasthan,Kota,123,77
Rajasthan,Nagaur,53,17
Rajasthan,Pali,89,14
Rajasthan,Rajsamand,13,11
Rajasthan,Sawai Madhopur,23,13
Rajasthan,Sikar,154,23
Rajasthan,Sirohi,59,33
Rajasthan,Tonk,50,15
Rajasthan,Udaipur,72,21
Sikkim,East Sikkim,1,0
Sikkim,South Sikkim,0,1
Sikkim,West Sikkim,0,2
Tamil Nadu,Ariyalur,2,0
Tamil Nadu,Chennai,102,3
Tamil Nadu,Coimbatore,285,5
Tamil Nadu,Cuddalore,2,2
Tamil Nadu,Dharmapuri,27,0
Tamil Nadu,Dindigul,249,3
Tamil Nadu,Erode,1236,20
Tamil Nadu,Kanchipuram,17,3
Tamil Nadu,Kanyakumari,13,0
Tamil Nadu,Karur,73,3
Tamil Nadu,Madurai,618,8
Tamil Nadu,Nagapattinam,2,0
Tamil Nadu,Namakkal,356,0
Tamil Nadu,Nilgiris,1,1
Tamil Nadu,Perambalur,1,0
Tamil Nadu,Pudukkottai,13,0
Tamil Nadu,Ramanathapuram,130,0
Tamil Nadu,Salem,505,27
Tamil Nadu,Sivaganga,418,2
Tamil Nadu,Thanjavur,320,0
Tamil Nadu,Theni,3,2
Tamil Nadu,Thoothukkudi,113,1
Tamil Nadu,Tiruchirappalli,46,2
Tamil Nadu,Tirunelveli,1237,5
Tamil Nadu,Tiruvallur,7,25
Tamil Nadu,Tiruvannamalai,107,17
Tamil Nadu,Tiruvarur,5,0
Tamil Nadu,Vellore,41,11
Tamil Nadu,Villupuram,29,1
Tamil Nadu,Virudhunagar,363,1
Tripura,Dhalai,0,7
Tripura,North Tripura,0,5
Tripura,South Tripura,0,4
Tripura,West Tripura,0,5
Uttar Pradesh,Agra,91,50
Uttar Pradesh,Aligarh,70,19
Uttar Pradesh,Allahabad,13,6
Uttar Pradesh,Ambedkar Nagar,0,13
Uttar Pradesh,Auraiya,2,8
Uttar Pradesh,Azamgarh,10,6
Uttar Pradesh,Baghpat,8,0
Uttar Pradesh,Ballia,10,6
Uttar Pradesh,Balrampur,1,1
Uttar Pradesh,Banda,10,0
Uttar Pradesh,Barabanki,23,5
Uttar Pradesh,Bareilly,60,43
Uttar Pradesh,Basti,0,2
Uttar Pradesh,Bijnor,24,1
Uttar Pradesh,Budaun,2,0
Uttar Pradesh,Bulandshahar,4,1
Uttar Pradesh,Chandauli,4,2
Uttar Pradesh,Chitrakoot,1,0
Uttar Pradesh,Deoria,13,11
Uttar Pradesh,Etah,5,4
Uttar Pradesh,Etawah,48,19
Uttar Pradesh,Faizabad,34,5
Uttar Pradesh,Farrukhabad,15,10
Uttar Pradesh,Fatehpur,2,0
Uttar Pradesh,Firozabad,75,36
Uttar Pradesh,Gautam Buddha Nagar,13,3
Uttar Pradesh,Ghaziabad,37,22
Uttar Pradesh,Ghazipur,5,14
Uttar Pradesh,Gonda,13,1
Uttar Pradesh,Gorakhpur,6,8
Uttar Pradesh,Hamirpur,2,0
Uttar Pradesh,Hardoi,8,2
Uttar Pradesh,Hathras,31,14
Uttar Pradesh,Jalaun,13,4
Uttar Pradesh,Jaunpur,4,1
Uttar Pradesh,Jhansi,21,3
Uttar Pradesh,Jyotiba Phule Nagar,1,2
Uttar Pradesh,Kannauj,2,1
Uttar Pradesh,Kanpur Dehat,4,0
Uttar Pradesh,Kanpur Nagar,115,120
Uttar Pradesh,Kaushambi,1,1
Uttar Pradesh,Kheri,19,2
Uttar Pradesh,Lalitpur,11,3
Uttar Pradesh,Lucknow,134,43
Uttar Pradesh,Mahoba,6,3
Uttar Pradesh,Mahrajganj,3,0
Uttar Pradesh,Mainpuri,11,7
Uttar Pradesh,Mathura,18,10
Uttar Pradesh,Mau,3,0
Uttar Pradesh,Meerut,32,2
Uttar Pradesh,Mirzapur,3,0
Uttar Pradesh,Moradabad,39,10
Uttar Pradesh,Muzaffarnagar,13,0
Uttar Pradesh,Pilibhit,1,6
Uttar Pradesh,Pratapgarh,0,3
Uttar Pradesh,Raebareli,2,2
Uttar Pradesh,Rampur,42,8
Uttar Pradesh,Saharanpur,13,5
Uttar Pradesh,Sant Ravidas Nagar Bhadohi,2,1
Uttar Pradesh,Shahjahanpur,47,17
Uttar Pradesh,Sitapur,29,5
Uttar Pradesh,Sonbhadra,3,1
Uttar Pradesh,Sultanpur,62,9
Uttar Pradesh,Unnao,19,10
Uttar Pradesh,Varanasi,7,3
Uttarakhand,Almora,3,0
Uttarakhand,Bageshwar,3,1
Uttarakhand,Chamoli,2,0
Uttarakhand,Champawat,1,3
Uttarakhand,Dehradun,16,5
Uttarakhand,Garhwal,1,1
Uttarakhand,Hardwar,1,1
Uttarakhand,Nainital,2,4
Uttarakhand,Pithoragarh,1,0
Uttarakhand,Udham Singh Nagar,7,13
Uttarakhand,Uttarkashi,1,0
West Bengal,Bankura,13,1
West Bengal,Barddhaman,30,1
West Bengal,Birbhum,10,1
West Bengal,Cooch Behar,0,1
West Bengal,Dakshin Dinajpur,0,1
West Bengal,Darjeeling,46,1
West Bengal,East Midnapore,9,0
West Bengal,Hooghly,23,0
West Bengal,Howrah,26,0
West Bengal,Jalpaiguri,11,0
West Bengal,Kolkata,48,9
West Bengal,Malda,18,0
West Bengal,Medinipur,4,0
West Bengal,Murshidabad,0,1
West Bengal,Nadia,35,0
West Bengal,North 24 Parganas,12,6
West Bengal,North Dinajpur,3,0
West Bengal,Purulia,5,0
West Bengal,South Twenty Four Parganas,5,0
West Bengal,West Midnapore,6,0
