State,District,Aadhaar generated,Enrolment Rejected
Andhra Pradesh,Adilabad,0,42
Andhra Pradesh,Anantapur,0,182
Andhra Pradesh,Chittoor,0,123
Andhra Pradesh,Cuddapah,1,58
Andhra Pradesh,East Godavari,3,47
Andhra Pradesh,Guntur,1,84
Andhra Pradesh,Hyderabad,9,198
Andhra Pradesh,K.V.Rangareddy,35,63
Andhra Pradesh,Karimnagar,0,46
Andhra Pradesh,Khammam,0,4
Andhra Pradesh,Krishna,0,30
Andhra Pradesh,Kurnool,2,19
Andhra Pradesh,Mahbubnagar,1,15
Andhra Pradesh,Medak,0,71
Andhra Pradesh,Nalgonda,0,35
Andhra Pradesh,Nellore,0,58
Andhra Pradesh,Nizamabad,0,8
Andhra Pradesh,Prakasam,21,28
Andhra Pradesh,Srikakulam,39,90
Andhra Pradesh,Visakhapatnam,0,64
Andhra Pradesh,Vizianagaram,2795,134
Andhra Pradesh,Warangal,0,38
Andhra Pradesh,West Godavari,0,24
Bihar,Aurangabad(BH),1,0
Bihar,Buxar,0,3
Bihar,East Champaran,0,1
Bihar,Gaya,0,1
Bihar,Madhubani,0,1
Bihar,Muzaffarpur,1,0
Bihar,Nalanda,0,1
Bihar,Patna,1,2
Bihar,Purnia,0,1
Bihar,Samastipur,1,0
Bihar,Saran,3,0
Bihar,Sitamarhi,1,0
Bihar,Siwan,0,1
Bihar,Supaul,0,2
Chandigarh,Chandigarh,28,25
Chhattisgarh,Durg,4,1
Chhattisgarh,Korba,4,0
Chhattisgarh,Raigarh,79,3
Chhattisgarh,Raipur,3,6
Chhattisgarh,Surguja,0,2
Dadra and Nagar Haveli,Dadra and Nagar Haveli,0,1
Daman and Diu,Daman,0,3
Daman and Diu,Diu,0,3
Delhi,Central Delhi,72,65
Delhi,East Delhi,5,13
Delhi,North Delhi,1,21
Delhi,North East,0,10
Delhi,North West Delhi,2,54
Delhi,South Delhi,44,25
Delhi,South West Delhi,159,45
Delhi,West Delhi,102,219
Goa,Bardez,0,1
Goa,North Goa,0,15
Goa,South Goa,0,6
Gujarat,Ahmadabad,0,36
Gujarat,Ahmedabad,0,13
Gujarat,Amreli,4,6
Gujarat,Anand,0,11
Gujarat,Banaskantha,2,10
Gujarat,Bharuch,10,2
Gujarat,Bhavnagar,0,4
Gujarat,Dahod,0,1
Gujarat,Dohad,0,5
Gujarat,Gandhinagar,0,10
Gujarat,Jamnagar,0,1
Gujarat,Junagadh,1,16
Gujarat,Kheda,0,2
Gujarat,Mahesana,2,4
Gujarat,Narmada,45,17
Gujarat,Navsari,7,4
Gujarat,Panchmahals,204,12
Gujarat,Patan,13,22
Gujarat,Porbandar,29,31
Gujarat,Rajkot,108,58
Gujarat,Sabarkantha,13,19
Gujarat,Surat,18,109
Gujarat,Surendra Nagar,8,5
Gujarat,Vadodara,1,2
Haryana,Ambala,3,13
Haryana,Bhiwani,0,3
Haryana,Faridabad,0,10
Haryana,Gurgaon,212,5
Haryana,Hisar,0,2
Haryana,Jhajjar,1,0
Haryana,Jind,3,1
Haryana,Kaithal,1,1
Haryana,Karnal,37,14
Haryana,Panchkula,2,1
Haryana,Panipat,5,1
Haryana,Rohtak,0,2
Haryana,Sirsa,0,8
Haryana,Sonipat,8,7
Himachal Pradesh,Bilaspur ,1,1
Himachal Pradesh,Chamba,675,76
Himachal Pradesh,Kangra,491,79
Himachal Pradesh,Kinnaur,5,2
Himachal Pradesh,Kullu,1,0
Himachal Pradesh,Lahul and Spiti,0,2
Himachal Pradesh,Mandi,3,0
Himachal Pradesh,Shimla,171,50
Himachal Pradesh,Sirmaur,126,25
Himachal Pradesh,Solan,139,19
Himachal Pradesh,Una,1,0
Jammu and Kashmir,Jammu,0,1
Jammu and Kashmir,Kathua,0,1
Jharkhand,Bokaro,38,22
Jharkhand,Chatra,0,1
Jharkhand,Dhanbad,20,36
Jharkhand,Dumka,19,30
Jharkhand,East Singhbhum,1,12
Jharkhand,Garhwa,41,12
Jharkhand,Giridih,46,59
Jharkhand,Gumla,64,19
Jharkhand,Hazaribag,0,4
Jharkhand,Hazaribagh,0,9
Jharkhand,Jamtara,0,1
Jharkhand,Khunti,0,1
Jharkhand,Kodarma,0,2
Jharkhand,Koderma,0,13
Jharkhand,Lohardaga,76,3
Jharkhand,Pakaur,1,1
Jharkhand,Palamau,28,8
Jharkhand,Ramgarh,0,3
Jharkhand,Ranchi,34,21
Jharkhand,Seraikela-Kharsawan,0,2
Jharkhand,Simdega,11,1
Jharkhand,West Singhbhum,4,2
Karnataka,Bagalkot,5,7
Karnataka,Bangalore,60,75
Karnataka,Bangalore Rural,389,24
Karnataka,Belgaum,7,10
Karnataka,Bellary,1,3
Karnataka,Bidar,0,9
Karnataka,Bijapur(KAR),3,13
Karnataka,Chamarajanagar,0,2
Karnataka,Chickmagalur,3,4
Karnataka,Dakshina Kannada,0,1
Karnataka,Davangere,6,3
Karnataka,Dharwad,1,3
Karnataka,Gadag,1,3
Karnataka,Gulbarga,1,5
Karnataka,Hassan,3,2
Karnataka,Haveri,1,1
Karnataka,Kodagu,0,1
Karnataka,Mysore,0,133
Karnataka,Raichur,0,2
Karnataka,Ramanagar,0,1
Karnataka,Shimoga,5,0
Karnataka,Tumkur,0,81
Karnataka,Udupi,1,0
Karnataka,Uttara Kannada,2,1
Karnataka,Yadgir,0,2
Kerala,Alappuzha,378,89
Kerala,Ernakulam,3319,111
Kerala,Idukki,1386,25
Kerala,Kannur,624,19
Kerala,Kasargod,470,9
Kerala,Kollam,1411,44
Kerala,Kottayam,635,39
Kerala,Kozhikode,1124,76
Kerala,Malappuram,2704,73
Kerala,Palakkad,3010,53
Kerala,Pathanamthitta,3102,64
Kerala,Thiruvananthapuram,1693,106
Kerala,Thrissur,994,30
Kerala,Wayanad,3416,24
Lakshadweep,Lakshadweep,358,0
Madhya Pradesh,Balaghat,3,1
Madhya Pradesh,Barwani,7,27
Madhya Pradesh,Betul,24,8
Madhya Pradesh,Bhind,6,1
Madhya Pradesh,Bhopal,45,2
Madhya Pradesh,Burhanpur,8,0
Madhya Pradesh,Chhatarpur,11,3
Madhya Pradesh,Chhindwara,2,7
Madhya Pradesh,Damoh,2,0
Madhya Pradesh,Dewas,1,10
Madhya Pradesh,Dhar,13,0
Madhya Pradesh,Guna,18,2
Madhya Pradesh,Gwalior,3,7
Madhya Pradesh,Harda,2,2
Madhya Pradesh,Hoshangabad,0,6
Madhya Pradesh,Indore,183,39
Madhya Pradesh,Jabalpur,27,8
Madhya Pradesh,Katni,0,2
Madhya Pradesh,Khandwa,6,3
Madhya Pradesh,Khargone,20,2
Madhya Pradesh,Mandsaur,19,163
Madhya Pradesh,Morena,0,2
Madhya Pradesh,Narsinghpur,3,6
Madhya Pradesh,Neemuch,6,160
Madhya Pradesh,Raisen,6,2
Madhya Pradesh,Rajgarh,1,0
Madhya Pradesh,Ratlam,12,59
Madhya Pradesh,Rewa,2,0
Madhya Pradesh,Sagar,8,2
Madhya Pradesh,Sehore,22,0
Madhya Pradesh,Seoni,9,0
Madhya Pradesh,Shahdol,12,0
Madhya Pradesh,Shajapur,34,9
Madhya Pradesh,Sidhi,0,3
Madhya Pradesh,Tikamgarh,0,1
Madhya Pradesh,Ujjain,13,0
Madhya Pradesh,Vidisha,19,1
Maharashtra,Ahmed Nagar,12,53
Maharashtra,Akola,184,11
Maharashtra,Amravati,162,21
Maharashtra,Aurangabad,2,62
Maharashtra,Beed,0,25
Maharashtra,Bhandara,0,95
Maharashtra,Buldhana,303,33
Maharashtra,Chandrapur,0,57
Maharashtra,Dhule,2,15
Maharashtra,Gadchiroli,0,8
Maharashtra,Gondiya,0,94
Maharashtra,Hingoli,0,20
Maharashtra,Jalgaon,12,27
Maharashtra,Jalna,0,57
Maharashtra,Kolhapur,22,25
Maharashtra,Latur,0,21
Maharashtra,Mumbai,61,129
Maharashtra,Mumbai City,1,3
Maharashtra,Mumbai( Sub Urban ),0,12
Maharashtra,Nagpur,12,79
Maharashtra,Nanded,1,29
Maharashtra,Nandurbar,0,13
Maharashtra,Nashik,53,41
Maharashtra,Osmanabad,3,8
Maharashtra,Parbhani,0,8
Maharashtra,Pune,69,35
Maharashtra,Raigarh(MH),0,7
Maharashtra,Ratnagiri,0,59
Maharashtra,Sangli,9,49
Maharashtra,Satara,1,38
Maharashtra,Sindhudurg,0,1
Maharashtra,Solapur,15,71
Maharashtra,Thane,260,108
Maharashtra,Wardha,0,34
Maharashtra,Washim,4,7
Maharashtra,Yavatmal,0,11
Manipur,Bishnupur,0,1
Odisha,Baleswar,0,4
Odisha,Bargarh,0,4
Odisha,Bhadrak,0,3
Odisha,Cuttack,0,5
Odisha,Dhenkanal,0,2
Odisha,Ganjam,0,5
Odisha,Jagatsinghapur,0,1
Odisha,Jajapur,0,2
Odisha,Khordha,0,3
Odisha,Mayurbhanj,0,2
Odisha,Nayagarh,0,1
Odisha,Puri,0,3
Odisha,Rayagada,0,11
Odisha,Sonapur,0,1
Others,Others,190,16
Puducherry,Pondicherry,0,11
Punjab,Amritsar,2,3
Punjab,Barnala,0,2
Punjab,Bathinda,0,1
Punjab,Faridkot,0,1
Punjab,Fatehgarh Sahib,0,4
Punjab,Ferozepur,0,1
Punjab,Gurdaspur,1,4
Punjab,Ludhiana,0,2
Punjab,Mansa,0,1
Punjab,Moga,1,1
Punjab,Muktsar,0,1
Punjab,Patiala,0,2
Punjab,Rupnagar,0,1
Punjab,SAS Nagar (Mohali),0,2
Punjab,Sangrur,0,6
Punjab,Tarn Taran,0,3
Rajasthan,Ajmer,2,4
Rajasthan,Alwar,396,60
Rajasthan,Banswara,1,0
Rajasthan,Baran,3,2
Rajasthan,Barmer,36,40
Rajasthan,Bharatpur,0,7
Rajasthan,Bhilwara,21,4
Rajasthan,Bikaner,0,1
Rajasthan,Bundi,1,7
Rajasthan,Chittorgarh,12,7
Rajasthan,Churu,58,8
Rajasthan,Dausa,4,1
Rajasthan,Dholpur,0,1
Rajasthan,Dungarpur,0,1
Rajasthan,Ganganagar,1,4
Rajasthan,Hanumangarh,0,3
Rajasthan,Jaipur,365,59
Rajasthan,Jalor,7,1
Rajasthan,Jhalawar,0,2
Rajasthan,Jhunjhunun,0,5
Rajasthan,Jodhpur,5,8
Rajasthan,Karauli,1,0
Rajasthan,Kota,0,19
Rajasthan,Nagaur,33,13
Rajasthan,Pali,14,9
Rajasthan,Rajsamand,3,3
Rajasthan,Sawai Madhopur,3,2
Rajasthan,Sikar,205,52
Rajasthan,Sirohi,3,7
Rajasthan,Tonk,0,1
Rajasthan,Udaipur,6,0
Sikkim,East Sikkim,0,2
Tamil Nadu,Chennai,4,0
Tamil Nadu,Cuddalore,0,1
Tamil Nadu,Dharmapuri,3,0
Tamil Nadu,Dindigul,0,1
Tamil Nadu,Erode,0,2
Tamil Nadu,Kanchipuram,4,0
Tamil Nadu,Kanyakumari,4,6
Tamil Nadu,Karur,0,1
Tamil Nadu,Madurai,4,4
Tamil Nadu,Nagapattinam,0,1
Tamil Nadu,Namakkal,0,2
Tamil Nadu,Pudukkottai,1,0
Tamil Nadu,Salem,1,1
Tamil Nadu,Sivaganga,3,1
Tamil Nadu,Thanjavur,1,2
Tamil Nadu,Theni,0,2
Tamil Nadu,Thoothukkudi,0,24
Tamil Nadu,Tiruchirappalli,1,0
Tamil Nadu,Tirunelveli,3,23
Tamil Nadu,Tiruvallur,1,1
Tamil Nadu,Tiruvannamalai,1,4
Tamil Nadu,Tiruvarur,0,1
Tamil Nadu,Vellore,0,5
Tamil Nadu,Villupuram,0,1
Tamil Nadu,Virudhunagar,2,4
Tripura,Dhalai,0,2
Tripura,North Tripura,0,12
Tripura,South Tripura,0,7
Tripura,West Tripura,0,23
Uttar Pradesh,Agra,0,12
Uttar Pradesh,Aligarh,3,4
Uttar Pradesh,Allahabad,1,0
Uttar Pradesh,Ambedkar Nagar,0,2
Uttar Pradesh,Azamgarh,10,2
Uttar Pradesh,Banda,1,2
Uttar Pradesh,Barabanki,1,2
Uttar Pradesh,Bareilly,5,12
Uttar Pradesh,Bijnor,0,1
Uttar Pradesh,Bulandshahar,1,1
Uttar Pradesh,Deoria,0,5
Uttar Pradesh,Etah,2,0
Uttar Pradesh,Etawah,5,3
Uttar Pradesh,Faizabad,1,0
Uttar Pradesh,Farrukhabad,0,1
Uttar Pradesh,Firozabad,2,33
Uttar Pradesh,Gautam Buddha Nagar,3,1
Uttar Pradesh,Ghaziabad,1,13
Uttar Pradesh,Ghazipur,0,1
Uttar Pradesh,Gonda,1,0
Uttar Pradesh,Gorakhpur,0,3
Uttar Pradesh,Hardoi,0,2
Uttar Pradesh,Hathras,2,0
Uttar Pradesh,Jaunpur,1,1
Uttar Pradesh,Jhansi,3,1
Uttar Pradesh,Jyotiba Phule Nagar,0,3
Uttar Pradesh,Kanpur Dehat,0,2
Uttar Pradesh,Kanpur Nagar,4,39
Uttar Pradesh,Kushinagar,1,1
Uttar Pradesh,Lalitpur,1,0
Uttar Pradesh,Lucknow,8,20
Uttar Pradesh,Mahoba,0,2
Uttar Pradesh,Mainpuri,0,3
Uttar Pradesh,Mathura,0,5
Uttar Pradesh,Meerut,55,6
Uttar Pradesh,Moradabad,2,2
Uttar Pradesh,Muzaffarnagar,6,0
Uttar Pradesh,Pilibhit,0,1
Uttar Pradesh,Raebareli,0,3
Uttar Pradesh,Rampur,3,0
Uttar Pradesh,Shahjahanpur,3,2
Uttar Pradesh,Sitapur,2,0
Uttar Pradesh,Sultanpur,3,2
Uttar Pradesh,Unnao,1,1
Uttarakhand,Almora,0,2
Uttarakhand,Dehradun,2,1
Uttarakhand,Garhwal,0,1
Uttarakhand,Hardwar,2,0
Uttarakhand,Nainital,1,0
Uttarakhand,Udham Singh Nagar,0,7
West Bengal,Bankura,0,1
West Bengal,Barddhaman,3,2
West Bengal,Birbhum,0,2
West Bengal,East Midnapore,2,0
West Bengal,Hooghly,3,1
West Bengal,Howrah,3,2
West Bengal,Jalpaiguri,1,0
West Bengal,Kolkata,2,0
West Bengal,Malda,3,0
West Bengal,Medinipur,1,0
West Bengal,Murshidabad,0,2
West Bengal,North 24 Parganas,0,1
West Bengal,South Twenty Four Parganas,0,4
West Bengal,West Midnapore,0,1
