State,District,Aadhaar generated,Enrolment Rejected
Andaman and Nicobar Islands,Andamans,0,2
Andhra Pradesh,Adilabad,22,51
Andhra Pradesh,Anantapur,0,258
Andhra Pradesh,Chittoor,0,209
Andhra Pradesh,Cuddapah,1,84
Andhra Pradesh,East Godavari,6,49
Andhra Pradesh,Guntur,1,84
Andhra Pradesh,Hyderabad,2,80
Andhra Pradesh,K.V.Rangareddy,3,21
Andhra Pradesh,Karimnagar,0,23
Andhra Pradesh,Khammam,0,13
Andhra Pradesh,Krishna,1,27
Andhra Pradesh,Kurnool,0,7
Andhra Pradesh,Mahbubnagar,0,39
Andhra Pradesh,Medak,0,31
Andhra Pradesh,Nalgonda,0,10
Andhra Pradesh,Nellore,0,20
Andhra Pradesh,Nizamabad,0,12
Andhra Pradesh,Prakasam,2,15
Andhra Pradesh,Srikakulam,10,55
Andhra Pradesh,Visakhapatnam,0,46
Andhra Pradesh,Vizianagaram,103,33
Andhra Pradesh,Warangal,0,11
Andhra Pradesh,West Godavari,5,47
Bihar,Araria,0,1
Bihar,East Champaran,0,1
Bihar,Katihar,0,1
Bihar,Muzaffarpur,1,0
Bihar,Patna,3,0
Bihar,Samastipur,0,1
Chandigarh,Chandigarh,1,9
Daman and Diu,Daman,0,1
Daman and Diu,Diu,0,1
Delhi,Central Delhi,1,10
Delhi,East Delhi,1,7
Delhi,North Delhi,0,4
Delhi,North East,1,14
Delhi,North West Delhi,0,37
Delhi,South Delhi,2,3
Delhi,South West Delhi,0,8
Delhi,West Delhi,40,685
Goa,North Goa,11,1
Goa,South Goa,19,1
Gujarat,Ahmadabad,0,13
Gujarat,Amreli,21,0
Gujarat,Anand,37,0
Gujarat,Banaskantha,200,0
Gujarat,Bharuch,5,1
Gujarat,Bhavnagar,53,1
Gujarat,Dohad,9,0
Gujarat,Gandhinagar,9,0
Gujarat,Jamnagar,2,2
Gujarat,Junagadh,39,0
Gujarat,Kachchh,5,0
Gujarat,Kheda,49,0
Gujarat,Mahesana,67,1
Gujarat,Navsari,57,0
Gujarat,Panchmahals,434,4
Gujarat,Patan,10,2
Gujarat,Porbandar,47,2
Gujarat,Rajkot,88,6
Gujarat,Sabarkantha,63,2
Gujarat,Surat,42,15
Gujarat,Vadodara,34,2
Gujarat,Valsad,27,1
Haryana,Bhiwani,0,2
Haryana,Faridabad,0,2
Haryana,Gurgaon,2,3
Haryana,Karnal,8,0
Haryana,Panipat,0,1
Haryana,Rewari,0,1
Haryana,Rohtak,0,1
Haryana,Sirsa,0,15
Himachal Pradesh,Kangra,17,0
Himachal Pradesh,Shimla,2,0
Himachal Pradesh,Solan,19,0
Jharkhand,Bokaro,1,8
Jharkhand,Dhanbad,0,7
Jharkhand,Dumka,0,1
Jharkhand,East Singhbhum,0,1
Jharkhand,Garhwa,6,4
Jharkhand,Giridih,42,3
Jharkhand,Godda,2,0
Jharkhand,Gumla,4,7
Jharkhand,Hazaribagh,0,3
Jharkhand,Khunti,0,3
Jharkhand,Kodarma,0,1
Jharkhand,Pakaur,0,4
Jharkhand,Palamau,0,1
Jharkhand,Ranchi,1,16
Karnataka,Bagalkot,0,1
Karnataka,Bangalore,11,19
Karnataka,Bangalore Rural,0,1
Karnataka,Belgaum,0,2
Karnataka,Bellary,0,2
Karnataka,Bidar,0,7
Karnataka,Davangere,1,1
Karnataka,Dharwad,0,2
Karnataka,Gadag,0,1
Karnataka,Gulbarga,0,2
Karnataka,Mysore,9,43
Karnataka,Ramanagar,17,0
Karnataka,Shimoga,18,0
Karnataka,Tumkur,0,4
Karnataka,Uttara Kannada,0,4
Karnataka,Yadgir,0,1
Kerala,Alappuzha,240,9
Kerala,Ernakulam,59,1
Kerala,Idukki,3,0
Kerala,Kannur,16,1
Kerala,Kasargod,4,0
Kerala,Kollam,161,3
Kerala,Kottayam,2,0
Kerala,Kozhikode,63,1
Kerala,Malappuram,108,0
Kerala,Pathanamthitta,23,3
Kerala,Thiruvananthapuram,324,13
Kerala,Thrissur,113,1
Madhya Pradesh,Barwani,1,0
Madhya Pradesh,Bhopal,15,4
Madhya Pradesh,Chhatarpur,0,2
Madhya Pradesh,Damoh,3,0
Madhya Pradesh,Datia,1,0
Madhya Pradesh,Dewas,0,5
Madhya Pradesh,Guna,0,1
Madhya Pradesh,Gwalior,12,7
Madhya Pradesh,Hoshangabad,0,7
Madhya Pradesh,Indore,3,7
Madhya Pradesh,Jabalpur,1,0
Madhya Pradesh,Morena,0,1
Madhya Pradesh,Narsinghpur,0,3
Madhya Pradesh,Neemuch,1,0
Madhya Pradesh,Panna,3,0
Madhya Pradesh,Raisen,4,0
Madhya Pradesh,Ratlam,3,0
Madhya Pradesh,Rewa,0,2
Madhya Pradesh,Sagar,0,1
Madhya Pradesh,Sehore,3,0
Madhya Pradesh,Shajapur,0,2
Madhya Pradesh,Ujjain,0,1
Madhya Pradesh,Vidisha,6,4
Maharashtra,Ahmed Nagar,35,16
Maharashtra,Akola,4,3
Maharashtra,Amravati,207,8
Maharashtra,Aurangabad,9,7
Maharashtra,Beed,0,3
Maharashtra,Bhandara,3,5
Maharashtra,Buldhana,40,2
Maharashtra,Chandrapur,0,1
Maharashtra,Dhule,50,6
Maharashtra,Gondiya,2,15
Maharashtra,Hingoli,0,3
Maharashtra,Jalgaon,2,12
Maharashtra,Jalna,17,10
Maharashtra,Kolhapur,40,2
Maharashtra,Latur,0,32
Maharashtra,Mumbai,206,45
Maharashtra,Mumbai City,6,0
Maharashtra,Mumbai( Sub Urban ),0,2
Maharashtra,Nagpur,6,29
Maharashtra,Nanded,0,13
Maharashtra,Nashik,113,5
Maharashtra,Osmanabad,0,7
Maharashtra,Parbhani,0,4
Maharashtra,Pune,27,17
Maharashtra,Raigarh(MH),25,2
Maharashtra,Ratnagiri,1730,21
Maharashtra,Sangli,124,12
Maharashtra,Satara,2,20
Maharashtra,Solapur,22,12
Maharashtra,Thane,242,11
Maharashtra,Wardha,0,6
Maharashtra,Washim,0,8
Maharashtra,Yavatmal,0,1
Manipur,Bishnupur,54,1
Odisha,Anugul,0,1
Odisha,Baleswar,0,1
Odisha,Bhadrak,0,2
Odisha,Cuttack,0,1
Odisha,Khordha,0,5
Odisha,Puri,0,4
Others,Others,15,1
Puducherry,Pondicherry,0,4
Punjab,Amritsar,6,5
Punjab,Barnala,0,1
Punjab,Bathinda,12,1
Punjab,Ferozepur,1,4
Punjab,Gurdaspur,0,20
Punjab,Kapurthala,0,2
Punjab,Ludhiana,1,2
Punjab,Muktsar,0,3
Punjab,Nawanshahr,0,1
Punjab,Patiala,0,2
Punjab,Tarn Taran,0,3
Rajasthan,Ajmer,0,4
Rajasthan,Alwar,25,3
Rajasthan,Baran,0,7
Rajasthan,Barmer,0,4
Rajasthan,Bharatpur,0,1
Rajasthan,Bhilwara,0,2
Rajasthan,Bundi,0,6
Rajasthan,Chittorgarh,0,1
Rajasthan,Churu,3,0
Rajasthan,Dausa,0,3
Rajasthan,Jaipur,34,12
Rajasthan,Jhalawar,0,4
Rajasthan,Jodhpur,1,5
Rajasthan,Karauli,0,3
Rajasthan,Kota,0,15
Rajasthan,Nagaur,19,6
Rajasthan,Pali,3,2
Rajasthan,Sawai Madhopur,0,1
Rajasthan,Sikar,13,2
Rajasthan,Sirohi,0,1
Rajasthan,Tonk,0,2
Rajasthan,Udaipur,0,5
Sikkim,East Sikkim,0,2
Tamil Nadu,Chennai,0,1
Tamil Nadu,Coimbatore,0,1
Tamil Nadu,Dindigul,0,2
Tamil Nadu,Karur,0,1
Tamil Nadu,Perambalur,0,1
Tamil Nadu,Salem,0,1
Tamil Nadu,Theni,0,4
Tamil Nadu,Tiruvallur,0,1
Tamil Nadu,Tiruvannamalai,0,1
Tamil Nadu,Vellore,0,1
Tripura,Dhalai,0,1
Tripura,North Tripura,0,1
Tripura,South Tripura,0,1
Tripura,West Tripura,0,4
Uttar Pradesh,Agra,0,8
Uttar Pradesh,Aligarh,0,2
Uttar Pradesh,Allahabad,0,5
Uttar Pradesh,Ambedkar Nagar,0,3
Uttar Pradesh,Auraiya,0,1
Uttar Pradesh,Ballia,0,1
Uttar Pradesh,Barabanki,0,1
Uttar Pradesh,Bareilly,0,12
Uttar Pradesh,Budaun,0,1
Uttar Pradesh,Chitrakoot,0,1
Uttar Pradesh,Deoria,0,6
Uttar Pradesh,Etawah,0,2
Uttar Pradesh,Firozabad,0,24
Uttar Pradesh,Ghaziabad,0,6
Uttar Pradesh,Gorakhpur,0,2
Uttar Pradesh,Hardoi,0,2
Uttar Pradesh,Hathras,0,1
Uttar Pradesh,Jaunpur,0,2
Uttar Pradesh,Jhansi,0,2
Uttar Pradesh,Kannauj,0,1
Uttar Pradesh,Kanpur Dehat,0,2
Uttar Pradesh,Kanpur Nagar,0,17
Uttar Pradesh,Kushinagar,0,3
Uttar Pradesh,Lalitpur,0,1
Uttar Pradesh,Lucknow,0,19
Uttar Pradesh,Mainpuri,0,5
Uttar Pradesh,Mathura,0,3
Uttar Pradesh,Sitapur,0,1
Uttar Pradesh,Sultanpur,0,2
Uttar Pradesh,Unnao,0,2
Uttarakhand,Nainital,0,1
West Bengal,Howrah,5,3
West Bengal,Kolkata,19,0
