State,District,Aadhaar generated,Enrolment Rejected
Andhra Pradesh,Adilabad,1,23
Andhra Pradesh,Anantapur,1,84
Andhra Pradesh,Chittoor,0,37
Andhra Pradesh,Cuddapah,0,123
Andhra Pradesh,East Godavari,14,16
Andhra Pradesh,Guntur,1,99
Andhra Pradesh,Hyderabad,1,27
Andhra Pradesh,K.V.Rangareddy,23,63
Andhra Pradesh,Karimnagar,0,11
Andhra Pradesh,Khammam,0,28
Andhra Pradesh,Krishna,1,52
Andhra Pradesh,Kurnool,0,2
Andhra Pradesh,Mahbubnagar,1,5
Andhra Pradesh,Medak,0,28
Andhra Pradesh,Nalgonda,1,21
Andhra Pradesh,Nellore,0,58
Andhra Pradesh,Nizamabad,0,7
Andhra Pradesh,Prakasam,2,99
Andhra Pradesh,Srikakulam,3,17
Andhra Pradesh,Visakhapatnam,0,54
Andhra Pradesh,Vizianagaram,3465,2
Andhra Pradesh,Warangal,0,3
Andhra Pradesh,West Godavari,0,56
Assam,Bongaigaon,1,0
Assam,Kamrup,1,0
Assam,Sonitpur,1,0
Bihar,Araria,2,1
Bihar,Begusarai,2,0
Bihar,Bhagalpur,3,0
Bihar,Buxar,1,3
Bihar,East Champaran,0,1
Bihar,Gaya,4,0
Bihar,Gopalganj,2,0
Bihar,Jamui,1,0
Bihar,Jehanabad,1,0
Bihar,Katihar,3,0
Bihar,Khagaria,1,0
Bihar,Madhepura,0,1
Bihar,Madhubani,1,2
Bihar,Munger,0,1
Bihar,Muzaffarpur,3,0
Bihar,Nalanda,252,0
Bihar,Nawada,2,1
Bihar,Patna,3,7
Bihar,Purnia,4,1
Bihar,Rohtas,4,0
Bihar,Saharsa,1,0
Bihar,Samastipur,2,0
Bihar,Saran,1,0
Bihar,Sitamarhi,3,0
Bihar,Siwan,2,0
Bihar,Supaul,1,0
Bihar,Vaishali,2,0
Bihar,West Champaran,2,0
Chandigarh,Chandigarh,109,133
Chandigarh,Mohali,1,0
Chhattisgarh,Raipur,0,1
Daman and Diu,Daman,0,2
Delhi,Central Delhi,61,8
Delhi,East Delhi,66,11
Delhi,North Delhi,14,9
Delhi,North East,4,3
Delhi,North West Delhi,172,43
Delhi,South Delhi,103,6
Delhi,South West Delhi,197,23
Delhi,West Delhi,431,18
Goa,North Goa,0,22
Goa,South Goa,4,8
Gujarat,Ahmadabad,4,22
Gujarat,Ahmedabad,0,527
Gujarat,Amreli,0,387
Gujarat,Anand,0,142
Gujarat,Banaskantha,0,719
Gujarat,Bharuch,0,225
Gujarat,Bhavnagar,0,118
Gujarat,Dahod,0,3
Gujarat,Dohad,0,109
Gujarat,Gandhinagar,1,502
Gujarat,Jamnagar,0,1
Gujarat,Junagadh,0,427
Gujarat,Kheda,0,45
Gujarat,Mahesana,0,33
Gujarat,Narmada,23,63
Gujarat,Navsari,0,56
Gujarat,Panchmahals,20,433
Gujarat,Patan,0,627
Gujarat,Porbandar,1,302
Gujarat,Rajkot,20,1333
Gujarat,Sabarkantha,0,57
Gujarat,Surat,10,313
Gujarat,Surendra Nagar,0,3
Gujarat,Vadodara,0,74
Gujarat,Valsad,0,3
Haryana,Ambala,13,0
Haryana,Bhiwani,2,0
Haryana,Faridabad,3,3
Haryana,Gurgaon,10,0
Haryana,Hisar,3,1
Haryana,Jhajjar,8,0
Haryana,Karnal,149,1
Haryana,Kurukshetra,2,1
Haryana,Mahendragarh,1,0
Haryana,Panchkula,7,2
Haryana,Panipat,2,4
Haryana,Rewari,3,0
Haryana,Rohtak,3,0
Haryana,Sirsa,0,2
Haryana,Sonipat,66,4
Himachal Pradesh,Bilaspur ,4,0
Himachal Pradesh,Chamba,492,10
Himachal Pradesh,Hamirpur,1,0
Himachal Pradesh,Kangra,427,11
Himachal Pradesh,Kinnaur,25,0
Himachal Pradesh,Kullu,56,1
Himachal Pradesh,Lahul and Spiti,1,0
Himachal Pradesh,Mandi,62,2
Himachal Pradesh,Shimla,1367,24
Himachal Pradesh,Sirmaur,223,2
Himachal Pradesh,Solan,816,17
Himachal Pradesh,Una,0,3
Jammu and Kashmir,Jammu,1,0
Jammu and Kashmir,Leh,2,0
Jharkhand,Bokaro,26,1
Jharkhand,Deoghar,0,1
Jharkhand,Dhanbad,76,5
Jharkhand,Dumka,103,647
Jharkhand,East Singhbhum,5,3
Jharkhand,Garhwa,181,0
Jharkhand,Giridih,706,3
Jharkhand,Godda,0,6
Jharkhand,Gumla,329,1
Jharkhand,Hazaribagh,33,6
Jharkhand,Jamtara,33,0
Jharkhand,Khunti,2,0
Jharkhand,Koderma,0,94
Jharkhand,Latehar,0,2
Jharkhand,Lohardaga,48,0
Jharkhand,Pakaur,0,1
Jharkhand,Palamau,234,7
Jharkhand,Ramgarh,1,4
Jharkhand,Ranchi,59,44
Jharkhand,Sahebganj,0,9
Jharkhand,Seraikela-Kharsawan,4,6
Jharkhand,Simdega,4,3
Jharkhand,West Singhbhum,8,7
Karnataka,Bagalkot,0,2
Karnataka,Bangalore,1698,25
Karnataka,Bangalore Rural,4,1
Karnataka,Belgaum,2,5
Karnataka,Bellary,8,5
Karnataka,Bidar,67,31
Karnataka,Bijapur(KAR),1,4
Karnataka,Chamarajanagar,4,0
Karnataka,Chikkaballapur,1,0
Karnataka,Chitradurga,3,0
Karnataka,Dakshina Kannada,4,0
Karnataka,Davangere,446,0
Karnataka,Dharwad,3,6
Karnataka,Gadag,1,3
Karnataka,Gulbarga,184,10
Karnataka,Hassan,4,1
Karnataka,Haveri,1,1
Karnataka,Kodagu,3,0
Karnataka,Kolar,2,0
Karnataka,Koppal,8,6
Karnataka,Mandya,11,0
Karnataka,Mysore,1703,5
Karnataka,Raichur,0,5
Karnataka,Ramanagar,3,0
Karnataka,Shimoga,181,0
Karnataka,Tumkur,65,47
Karnataka,Udupi,2,0
Karnataka,Uttara Kannada,2,1
Karnataka,Yadgir,4,4
Kerala,Alappuzha,221,2
Kerala,Ernakulam,328,4
Kerala,Idukki,166,0
Kerala,Kannur,879,4
Kerala,Kasargod,230,0
Kerala,Kollam,316,3
Kerala,Kottayam,91,396
Kerala,Kozhikode,1841,8
Kerala,Malappuram,1005,0
Kerala,Palakkad,375,4
Kerala,Pathanamthitta,100,3
Kerala,Thiruvananthapuram,206,2
Kerala,Thrissur,913,1
Kerala,Wayanad,240,3
Lakshadweep,Lakshadweep,22,1380
Madhya Pradesh,Balaghat,78,0
Madhya Pradesh,Barwani,62,62
Madhya Pradesh,Betul,63,410
Madhya Pradesh,Bhind,27,0
Madhya Pradesh,Bhopal,144,14
Madhya Pradesh,Burhanpur,110,8
Madhya Pradesh,Chhatarpur,41,1
Madhya Pradesh,Chhindwara,17,1
Madhya Pradesh,Damoh,4,0
Madhya Pradesh,Dewas,6,5
Madhya Pradesh,Dhar,63,0
Madhya Pradesh,Dindori,3,0
Madhya Pradesh,Guna,292,6
Madhya Pradesh,Gwalior,34,8
Madhya Pradesh,Harda,3,2
Madhya Pradesh,Hoshangabad,13,1
Madhya Pradesh,Indore,910,12
Madhya Pradesh,Jabalpur,214,4
Madhya Pradesh,Katni,5,0
Madhya Pradesh,Khandwa,26,3
Madhya Pradesh,Khargone,96,1
Madhya Pradesh,Mandla,9,1
Madhya Pradesh,Mandsaur,37,65
Madhya Pradesh,Morena,5,0
Madhya Pradesh,Narsinghpur,24,3
Madhya Pradesh,Neemuch,32,17
Madhya Pradesh,Raisen,55,0
Madhya Pradesh,Rajgarh,24,1
Madhya Pradesh,Ratlam,85,107
Madhya Pradesh,Rewa,30,0
Madhya Pradesh,Sagar,21,2
Madhya Pradesh,Satna,44,0
Madhya Pradesh,Sehore,39,0
Madhya Pradesh,Shahdol,2,0
Madhya Pradesh,Shajapur,285,9
Madhya Pradesh,Sheopur,1,0
Madhya Pradesh,Shivpuri,31,4
Madhya Pradesh,Tikamgarh,2,0
Madhya Pradesh,Ujjain,179,5
Madhya Pradesh,Vidisha,136,1
Maharashtra,Ahmed Nagar,10,10
Maharashtra,Akola,0,2
Maharashtra,Amravati,7,303
Maharashtra,Aurangabad,0,21
Maharashtra,Beed,1,2
Maharashtra,Bhandara,0,2
Maharashtra,Buldhana,0,2
Maharashtra,Chandrapur,0,16
Maharashtra,Dhule,1,3
Maharashtra,Gadchiroli,0,3
Maharashtra,Gondiya,0,1
Maharashtra,Hingoli,0,2
Maharashtra,Jalgaon,94,14
Maharashtra,Jalna,0,6
Maharashtra,Kolhapur,0,580
Maharashtra,Latur,0,4
Maharashtra,Mumbai,27,512
Maharashtra,Mumbai( Sub Urban ),0,5
Maharashtra,Nagpur,0,38
Maharashtra,Nanded,1,12
Maharashtra,Nandurbar,0,1
Maharashtra,Nashik,3,180
Maharashtra,Osmanabad,0,1
Maharashtra,Parbhani,0,1
Maharashtra,Pune,29,182
Maharashtra,Raigarh(MH),0,8
Maharashtra,Ratnagiri,0,2
Maharashtra,Sangli,1,168
Maharashtra,Satara,0,6
Maharashtra,Sindhudurg,0,2
Maharashtra,Solapur,0,80
Maharashtra,Thane,28,591
Maharashtra,Wardha,0,10
Maharashtra,Washim,0,2
Maharashtra,Yavatmal,0,2
Odisha,Baleswar,0,1
Odisha,Cuttack,0,8
Odisha,Debagarh,1,0
Odisha,Dhenkanal,0,1
Odisha,Ganjam,2,16
Odisha,Kendrapara,1,0
Odisha,Khordha,1,4
Odisha,Nayagarh,0,2
Odisha,Puri,0,10
Odisha,Rayagada,2,0
Others,Others,400,2
Puducherry,Pondicherry,0,6
Punjab,Amritsar,118,8
Punjab,Barnala,2,0
Punjab,Bathinda,122,6
Punjab,Gurdaspur,2,0
Punjab,Hoshiarpur,1,1
Punjab,Jalandhar,3,3
Punjab,Ludhiana,9,9
Punjab,Muktsar,0,1
Punjab,Patiala,4,0
Punjab,Rupnagar,8,2
Punjab,SAS Nagar (Mohali),34,16
Punjab,Tarn Taran,2,0
Rajasthan,Ajmer,38,4
Rajasthan,Alwar,150,277
Rajasthan,Banswara,38,1
Rajasthan,Baran,40,6
Rajasthan,Barmer,36,200
Rajasthan,Bharatpur,2,4
Rajasthan,Bhilwara,44,3
Rajasthan,Bikaner,0,3
Rajasthan,Bundi,32,6
Rajasthan,Chittorgarh,2,2
Rajasthan,Churu,74,1
Rajasthan,Dausa,79,2
Rajasthan,Dungarpur,3,0
Rajasthan,Ganganagar,2,3
Rajasthan,Hanumangarh,1,4
Rajasthan,Jaipur,195,312
Rajasthan,Jalor,74,10
Rajasthan,Jhalawar,91,4
Rajasthan,Jhunjhunu,0,1
Rajasthan,Jhunjhunun,15,3
Rajasthan,Jodhpur,11,245
Rajasthan,Karauli,2,3
Rajasthan,Kota,109,16
Rajasthan,Nagaur,30,155
Rajasthan,Pali,55,19
Rajasthan,Rajsamand,16,5
Rajasthan,Sawai Madhopur,30,5
Rajasthan,Sikar,104,329
Rajasthan,Sirohi,73,1
Rajasthan,Tonk,47,2
Rajasthan,Udaipur,96,0
Sikkim,South Sikkim,1,0
Sikkim,West Sikkim,0,1
Tamil Nadu,Ariyalur,2,0
Tamil Nadu,Chennai,0,59
Tamil Nadu,Coimbatore,0,185
Tamil Nadu,Cuddalore,1,4
Tamil Nadu,Dharmapuri,18,7
Tamil Nadu,Dindigul,8,158
Tamil Nadu,Erode,168,1
Tamil Nadu,Kanchipuram,1,19
Tamil Nadu,Kanyakumari,0,11
Tamil Nadu,Karur,11,2
Tamil Nadu,Madurai,40,94
Tamil Nadu,Nagapattinam,1,3
Tamil Nadu,Namakkal,6,27
Tamil Nadu,Pudukkottai,2,1
Tamil Nadu,Ramanathapuram,6,0
Tamil Nadu,Salem,204,89
Tamil Nadu,Sivaganga,17,2
Tamil Nadu,Thanjavur,1,140
Tamil Nadu,Theni,1,0
Tamil Nadu,Thoothukkudi,3,18
Tamil Nadu,Tiruchirappalli,2,6
Tamil Nadu,Tirunelveli,24,155
Tamil Nadu,Tiruvallur,0,6
Tamil Nadu,Tiruvannamalai,7,37
Tamil Nadu,Vellore,4,47
Tamil Nadu,Villupuram,1,1
Tamil Nadu,Virudhunagar,17,138
Tripura,Dhalai,0,1
Tripura,North Tripura,0,1
Tripura,South Tripura,0,1
Tripura,West Tripura,0,2
Uttar Pradesh,Agra,125,7
Uttar Pradesh,Aligarh,50,4
Uttar Pradesh,Allahabad,3,4
Uttar Pradesh,Ambedkar Nagar,3,5
Uttar Pradesh,Auraiya,1,0
Uttar Pradesh,Azamgarh,1,2
Uttar Pradesh,Baghpat,1,0
Uttar Pradesh,Ballia,3,1
Uttar Pradesh,Barabanki,22,2
Uttar Pradesh,Bareilly,81,5
Uttar Pradesh,Basti,1,0
Uttar Pradesh,Bijnor,5,2
Uttar Pradesh,Bulandshahar,2,0
Uttar Pradesh,Deoria,4,2
Uttar Pradesh,Etah,3,4
Uttar Pradesh,Etawah,38,3
Uttar Pradesh,Faizabad,17,0
Uttar Pradesh,Farrukhabad,5,1
Uttar Pradesh,Fatehpur,1,2
Uttar Pradesh,Firozabad,63,7
Uttar Pradesh,Gautam Buddha Nagar,4,0
Uttar Pradesh,Ghaziabad,3,8
Uttar Pradesh,Ghazipur,2,0
Uttar Pradesh,Gorakhpur,1,2
Uttar Pradesh,Hamirpur,0,1
Uttar Pradesh,Hardoi,2,1
Uttar Pradesh,Hathras,23,2
Uttar Pradesh,Jalaun,4,0
Uttar Pradesh,Jaunpur,1,0
Uttar Pradesh,Jhansi,10,0
Uttar Pradesh,Jyotiba Phule Nagar,1,0
Uttar Pradesh,Kannauj,3,0
Uttar Pradesh,Kanpur Dehat,3,0
Uttar Pradesh,Kanpur Nagar,104,29
Uttar Pradesh,Kheri,17,1
Uttar Pradesh,Kushinagar,3,0
Uttar Pradesh,Lalitpur,3,2
Uttar Pradesh,Lucknow,71,7
Uttar Pradesh,Mahoba,5,0
Uttar Pradesh,Mainpuri,17,3
Uttar Pradesh,Mathura,17,3
Uttar Pradesh,Mau,1,0
Uttar Pradesh,Meerut,1,0
Uttar Pradesh,Moradabad,28,1
Uttar Pradesh,Muzaffarnagar,2,0
Uttar Pradesh,Pilibhit,4,1
Uttar Pradesh,Pratapgarh,1,0
Uttar Pradesh,Raebareli,2,1
Uttar Pradesh,Rampur,22,2
Uttar Pradesh,Saharanpur,1,1
Uttar Pradesh,Sant Kabir Nagar,1,0
Uttar Pradesh,Shahjahanpur,31,3
Uttar Pradesh,Siddharthnagar,1,0
Uttar Pradesh,Sitapur,19,0
Uttar Pradesh,Sonbhadra,1,0
Uttar Pradesh,Sultanpur,31,2
Uttar Pradesh,Unnao,14,2
Uttar Pradesh,Varanasi,1,1
Uttarakhand,Almora,1,0
Uttarakhand,Bageshwar,0,1
Uttarakhand,Champawat,0,1
Uttarakhand,Garhwal,2,0
Uttarakhand,Hardwar,0,1
Uttarakhand,Nainital,0,1
Uttarakhand,Tehri Garhwal,1,0
Uttarakhand,Udham Singh Nagar,5,0
West Bengal,Bankura,1,6
West Bengal,Barddhaman,0,3
West Bengal,Birbhum,8,3
West Bengal,East Midnapore,2,1
West Bengal,Hooghly,2,3
West Bengal,Howrah,0,192
West Bengal,Jalpaiguri,1,3
West Bengal,Kolkata,1,4
West Bengal,Malda,1,2
West Bengal,Murshidabad,1,0
West Bengal,Nadia,0,15
West Bengal,North 24 Parganas,5,0
West Bengal,Purulia,0,3
West Bengal,South Twenty Four Parganas,2,0
West Bengal,West Midnapore,1,0
