State,District,Aadhaar generated,Enrolment Rejected
Andhra Pradesh,Anantapur,0,1
Andhra Pradesh,Chittoor,0,1
Andhra Pradesh,Cuddapah,3,0
Andhra Pradesh,East Godavari,2,0
Andhra Pradesh,Guntur,1,1
Andhra Pradesh,Hyderabad,2057,34
Andhra Pradesh,K.V.Rangareddy,14,6
Andhra Pradesh,Krishna,3,0
Andhra Pradesh,Kurnool,1,0
Andhra Pradesh,Mahbubnagar,1,0
Andhra Pradesh,Medak,0,1
Andhra Pradesh,Nalgonda,1,0
Andhra Pradesh,Nellore,0,1
Andhra Pradesh,Srikakulam,1,0
Andhra Pradesh,Visakhapatnam,1,0
Andhra Pradesh,Vizianagaram,4497,150
Andhra Pradesh,West Godavari,1,0
Assam,Barpeta,1,0
Assam,Darrang,1,0
Bihar,Araria,1,0
Bihar,Aurangabad(BH),5,0
Bihar,Bhabua,1,0
Bihar,Bhojpur,1,0
Bihar,Buxar,1,0
Bihar,Darbhanga,3,0
Bihar,East Champaran,1,0
Bihar,Gaya,10,0
Bihar,Gopalganj,1,0
Bihar,Jamui,3,0
Bihar,Lakhisarai,1,0
Bihar,Madhepura,1,0
Bihar,Madhubani,1,0
Bihar,Munger,1,0
Bihar,Muzaffarpur,3,3
Bihar,Nalanda,2,0
Bihar,Patna,5,1
Bihar,Rohtas,3,0
Bihar,Samastipur,4,0
Bihar,Saran,10,1
Bihar,Sitamarhi,6,0
Bihar,Siwan,1,0
Bihar,Vaishali,9,0
Bihar,West Champaran,5,0
Chandigarh,Chandigarh,721,40
Chandigarh,Mohali,1,0
Delhi,East Delhi,0,2
Gujarat,Amreli,2,0
Gujarat,Anand,1,0
Gujarat,Bhavnagar,1,0
Gujarat,Dohad,1,0
Gujarat,Narmada,77,0
Gujarat,Navsari,710,2
Gujarat,Panchmahals,15,2
Gujarat,Porbandar,336,1
Gujarat,Rajkot,107,0
Gujarat,Sabarkantha,279,0
Gujarat,Surat,1435,10
Gujarat,Surendra Nagar,29,0
Gujarat,Vadodara,4,0
Haryana,Ambala,1,0
Haryana,Bhiwani,3,0
Haryana,Faridabad,3,0
Haryana,Fatehabad,1,0
Haryana,Gurgaon,1,0
Haryana,Hisar,6,0
Haryana,Jind,6,0
Haryana,Kaithal,6,1
Haryana,Karnal,1298,2
Haryana,Kurukshetra,20,0
Haryana,Mahendragarh,3,0
Haryana,Palwal,1,0
Haryana,Panchkula,47,1
Haryana,Rewari,2,0
Haryana,Rohtak,2,0
Haryana,Yamuna Nagar,3,0
Himachal Pradesh,Bilaspur ,5,0
Himachal Pradesh,Chamba,1,1
Himachal Pradesh,Hamirpur,7,0
Himachal Pradesh,Kangra,1771,10
Himachal Pradesh,Mandi,8,0
Himachal Pradesh,Shimla,40,1
Himachal Pradesh,Sirmaur,13,0
Himachal Pradesh,Solan,1899,22
Jammu and Kashmir,Jammu,2,0
Jharkhand,Bokaro,1314,10
Jharkhand,Chatra,1,0
Jharkhand,Dhanbad,1008,10
Jharkhand,Dumka,822,12
Jharkhand,Giridih,8,9
Jharkhand,Gumla,296,7
Jharkhand,Hazaribagh,1,0
Jharkhand,Koderma,0,2
Jharkhand,Lohardaga,165,0
Jharkhand,Palamau,2,0
Jharkhand,Ramgarh,3,0
Jharkhand,Ranchi,1172,14
Jharkhand,Simdega,614,3
Jharkhand,West Singhbhum,3,0
Karnataka,Bagalkot,1,0
Karnataka,Bangalore,2749,53
Karnataka,Bangalore Rural,2,0
Karnataka,Chickmagalur,4,0
Karnataka,Chikkaballapur,10,0
Karnataka,Dharwad,1,0
Karnataka,Hassan,3,0
Karnataka,Haveri,0,1
Karnataka,Kodagu,2,0
Karnataka,Kolar,8,0
Karnataka,Koppal,1,0
Karnataka,Raichur,1,0
Karnataka,Ramanagar,3,0
Karnataka,Tumkur,1,0
Karnataka,Udupi,3,0
Karnataka,Uttara Kannada,1,0
Kerala,Alappuzha,5939,10
Kerala,Ernakulam,3221,12
Kerala,Idukki,2625,6
Kerala,Kannur,7,0
Kerala,Kasargod,2,0
Kerala,Kollam,2694,7
Kerala,Kottayam,1626,5
Kerala,Kozhikode,184,0
Kerala,Malappuram,22,0
Kerala,Palakkad,65,0
Kerala,Pathanamthitta,3928,10
Kerala,Thiruvananthapuram,2163,6
Kerala,Thrissur,2896,0
Kerala,Wayanad,1,0
Madhya Pradesh,Barwani,34,1
Madhya Pradesh,Betul,684,7
Madhya Pradesh,Bhopal,1038,12
Madhya Pradesh,Chhindwara,1,0
Madhya Pradesh,Dewas,3,0
Madhya Pradesh,Dhar,80,0
Madhya Pradesh,Gwalior,225,11
Madhya Pradesh,Indore,624,6
Madhya Pradesh,Katni,0,1
Madhya Pradesh,Khandwa,186,1
Madhya Pradesh,Khargone,423,1
Madhya Pradesh,Mandsaur,0,4
Madhya Pradesh,Morena,2,0
Madhya Pradesh,Neemuch,0,2
Madhya Pradesh,Rajgarh,1,0
Madhya Pradesh,Ratlam,0,2
Madhya Pradesh,Rewa,1,0
Madhya Pradesh,Sagar,2,0
Madhya Pradesh,Satna,2,0
Madhya Pradesh,Sehore,91,0
Madhya Pradesh,Shajapur,1,0
Madhya Pradesh,Ujjain,2,0
Maharashtra,Ahmed Nagar,663,1
Maharashtra,Akola,0,1
Maharashtra,Amravati,458,7
Maharashtra,Aurangabad,4,0
Maharashtra,Buldhana,332,6
Maharashtra,Hingoli,2,0
Maharashtra,Jalgaon,138,2
Maharashtra,Jalna,1,0
Maharashtra,Latur,4,0
Maharashtra,Mumbai,1569,12
Maharashtra,Mumbai City,200,3
Maharashtra,Mumbai( Sub Urban ),7,0
Maharashtra,Nagpur,17,1
Maharashtra,Nanded,1306,7
Maharashtra,Nashik,395,1
Maharashtra,Parbhani,1,0
Maharashtra,Pune,700,10
Maharashtra,Raigarh(MH),2,0
Maharashtra,Ratnagiri,2,0
Maharashtra,Sangli,1,0
Maharashtra,Satara,126,0
Maharashtra,Sindhudurg,1,0
Maharashtra,Solapur,1,0
Maharashtra,Thane,262,3
Maharashtra,Yavatmal,3,0
Odisha,Baleswar,1,0
Odisha,Bhadrak,1,0
Odisha,Cuttack,1,0
Odisha,Ganjam,1,0
Odisha,Puri,1,0
Others,Others,153,0
Punjab,Amritsar,1,0
Punjab,Gurdaspur,4,1
Punjab,Moga,1,0
Punjab,Muktsar,0,9
Punjab,Pathankot,0,1
Punjab,Rupnagar,1,0
Punjab,SAS Nagar (Mohali),15,0
Punjab,Tarn Taran,1,0
Rajasthan,Ajmer,11,1
Rajasthan,Alwar,2707,66
Rajasthan,Baran,1,0
Rajasthan,Barmer,686,105
Rajasthan,Bharatpur,5,0
Rajasthan,Bhilwara,1,0
Rajasthan,Churu,7,2
Rajasthan,Dausa,4,0
Rajasthan,Dholpur,2,0
Rajasthan,Hanumangarh,1,0
Rajasthan,Jaipur,3141,29
Rajasthan,Jaisalmer,1,0
Rajasthan,Jalor,137,1
Rajasthan,Jodhpur,6,0
Rajasthan,Karauli,4,1
Rajasthan,Nagaur,12,0
Rajasthan,Pali,1,2
Rajasthan,Rajsamand,1,0
Rajasthan,Sawai Madhopur,7,0
Rajasthan,Sikar,1606,5
Rajasthan,Tonk,1,0
Tamil Nadu,Coimbatore,3,0
Tamil Nadu,Cuddalore,1,0
Tamil Nadu,Dharmapuri,2,0
Tamil Nadu,Erode,64,2
Tamil Nadu,Kanyakumari,4,0
Tamil Nadu,Madurai,2,0
Tamil Nadu,Namakkal,12,0
Tamil Nadu,Perambalur,1,0
Tamil Nadu,Salem,7,0
Tamil Nadu,Thoothukkudi,1,0
Tamil Nadu,Tiruchirappalli,1,0
Tamil Nadu,Tirunelveli,3,0
Tamil Nadu,Tiruvallur,3,0
Tamil Nadu,Tiruvannamalai,2,0
Tamil Nadu,Vellore,1,0
Tamil Nadu,Villupuram,4,0
Uttar Pradesh,Agra,3,0
Uttar Pradesh,Aligarh,11,1
Uttar Pradesh,Allahabad,1,0
Uttar Pradesh,Ambedkar Nagar,3,1
Uttar Pradesh,Auraiya,1,0
Uttar Pradesh,Azamgarh,1,0
Uttar Pradesh,Baghpat,1,0
Uttar Pradesh,Bahraich,1,0
Uttar Pradesh,Ballia,1,0
Uttar Pradesh,Bareilly,0,1
Uttar Pradesh,Basti,1,0
Uttar Pradesh,Bijnor,2,0
Uttar Pradesh,Budaun,2,0
Uttar Pradesh,Bulandshahar,1,0
Uttar Pradesh,Chandauli,1,0
Uttar Pradesh,Deoria,1,0
Uttar Pradesh,Etawah,3,0
Uttar Pradesh,Faizabad,1,0
Uttar Pradesh,Fatehpur,1,0
Uttar Pradesh,Firozabad,2,0
Uttar Pradesh,Ghaziabad,4,0
Uttar Pradesh,Hardoi,2,0
Uttar Pradesh,Jaunpur,1,0
Uttar Pradesh,Kanpur Nagar,1,1
Uttar Pradesh,Kushinagar,2,0
Uttar Pradesh,Mathura,7,0
Uttar Pradesh,Meerut,5,0
Uttar Pradesh,Mirzapur,1,0
Uttar Pradesh,Muzaffarnagar,1,0
Uttar Pradesh,Pratapgarh,1,0
Uttar Pradesh,Raebareli,1,0
Uttar Pradesh,Rampur,2,0
Uttar Pradesh,Saharanpur,5,0
Uttar Pradesh,Siddharthnagar,1,0
Uttar Pradesh,Sultanpur,5,0
Uttarakhand,Dehradun,1,0
Uttarakhand,Udham Singh Nagar,0,1
West Bengal,Cooch Behar,1,0
West Bengal,Darjeeling,4,0
West Bengal,East Midnapore,2,0
West Bengal,Hooghly,2,0
West Bengal,Jalpaiguri,1,0
West Bengal,Medinipur,1,0
West Bengal,Nadia,1,0
West Bengal,North 24 Parganas,1,0
West Bengal,Purulia,1,0
