State,District,Aadhaar generated,Enrolment Rejected
Andhra Pradesh,Chittoor,1,2
Andhra Pradesh,Cuddapah,2,1
Andhra Pradesh,Guntur,0,1
Andhra Pradesh,Hyderabad,15,0
Andhra Pradesh,K.V.Rangareddy,2,3
Andhra Pradesh,Krishna,1,0
Andhra Pradesh,Kurnool,1,0
Andhra Pradesh,Medak,0,1
Andhra Pradesh,Nellore,0,2
Andhra Pradesh,Srikakulam,2,1
Andhra Pradesh,Visakhapatnam,0,1
Assam,Barpeta,0,1
Assam,Cachar,1,0
Assam,Hailakandi,1,0
Assam,Kamrup,1,0
Assam,Karimganj,1,0
Bihar,Araria,1,0
Bihar,Arwal,1,0
Bihar,Banka,3,0
Bihar,Begusarai,5,0
Bihar,Bhagalpur,3,0
Bihar,Bhojpur,1,0
Bihar,Darbhanga,5,0
Bihar,East Champaran,4,0
Bihar,Gaya,5,0
Bihar,Gopalganj,4,0
Bihar,Jamui,1,0
Bihar,Jehanabad,2,0
Bihar,Katihar,1,0
Bihar,Khagaria,1,0
Bihar,Kishanganj,1,0
Bihar,Lakhisarai,2,0
Bihar,Madhepura,2,1
Bihar,Madhubani,2,0
Bihar,Munger,2,0
Bihar,Muzaffarpur,2,0
Bihar,Nalanda,409,0
Bihar,Nawada,2,0
Bihar,Patna,5,0
Bihar,Samastipur,4,0
Bihar,Saran,7,0
Bihar,Sheikhpura,1,0
Bihar,Sitamarhi,2,0
Bihar,Vaishali,4,0
Bihar,West Champaran,3,0
Chandigarh,Chandigarh,119,0
Chhattisgarh,Durg,1,0
Chhattisgarh,Raipur,1,0
Delhi,Central Delhi,120,0
Delhi,East Delhi,230,0
Delhi,North Delhi,70,0
Delhi,North East,9,0
Delhi,North West Delhi,541,0
Delhi,South Delhi,155,0
Delhi,South West Delhi,523,1
Delhi,West Delhi,478,3
Gujarat,Ahmadabad,6,1
Gujarat,Ahmedabad,0,1111
Gujarat,Amreli,2,0
Gujarat,Anand,1,7
Gujarat,Banaskantha,0,80
Gujarat,Bharuch,0,2
Gujarat,Bhavnagar,0,1
Gujarat,Dahod,0,2
Gujarat,Dohad,1,44
Gujarat,Gandhinagar,31,20
Gujarat,Jamnagar,0,131
Gujarat,Junagadh,1,430
Gujarat,Kheda,1,132
Gujarat,Mahesana,0,15
Gujarat,Narmada,0,527
Gujarat,Navsari,1,101
Gujarat,Panchmahals,0,410
Gujarat,Patan,0,124
Gujarat,Porbandar,0,6
Gujarat,Rajkot,88,614
Gujarat,Sabarkantha,1,56
Gujarat,Surat,198,534
Gujarat,Surendra Nagar,0,2
Gujarat,Vadodara,0,90
Gujarat,Valsad,0,1
Haryana,Ambala,46,1
Haryana,Bhiwani,2,0
Haryana,Faridabad,7,0
Haryana,Gurgaon,31,0
Haryana,Hisar,1,0
Haryana,Jhajjar,28,0
Haryana,Jind,1,0
Haryana,Karnal,306,0
Haryana,Kurukshetra,3,0
Haryana,Mahendragarh,2,0
Haryana,Panchkula,9,0
Haryana,Panipat,2,0
Haryana,Rewari,2,0
Haryana,Rohtak,3,0
Haryana,Sirsa,3,0
Haryana,Sonipat,32,0
Himachal Pradesh,Bilaspur ,12,0
Himachal Pradesh,Chamba,1509,5
Himachal Pradesh,Hamirpur,7,0
Himachal Pradesh,Kangra,500,7
Himachal Pradesh,Kinnaur,76,0
Himachal Pradesh,Kullu,53,1
Himachal Pradesh,Lahul and Spiti,1,0
Himachal Pradesh,Mandi,19,0
Himachal Pradesh,Shimla,2779,15
Himachal Pradesh,Sirmaur,569,3
Himachal Pradesh,Solan,1165,19
Himachal Pradesh,Una,5,0
Jammu and Kashmir,Jammu,15,0
Jammu and Kashmir,Srinagar,1,0
Jammu and Kashmir,Udhampur,1,0
Jharkhand,Bokaro,11,0
Jharkhand,Dhanbad,48,0
Jharkhand,Dumka,312,3
Jharkhand,East Singhbhum,2,0
Jharkhand,Garhwa,161,0
Jharkhand,Giridih,1203,8
Jharkhand,Gumla,426,2
Jharkhand,Hazaribagh,133,0
Jharkhand,Jamtara,131,0
Jharkhand,Khunti,1,0
Jharkhand,Lohardaga,3,0
Jharkhand,Palamau,143,0
Jharkhand,Ramgarh,1,0
Jharkhand,Ranchi,8,0
Jharkhand,Sahebganj,1,0
Jharkhand,Seraikela-Kharsawan,1,0
Jharkhand,Simdega,6,0
Jharkhand,West Singhbhum,5,0
Karnataka,Bagalkot,0,1
Karnataka,Bangalore,959,4
Karnataka,Bangalore Rural,9,0
Karnataka,Belgaum,1,1
Karnataka,Bellary,19,0
Karnataka,Bidar,226,6
Karnataka,Bijapur(KAR),3,0
Karnataka,Chickmagalur,1,0
Karnataka,Chikkaballapur,1,0
Karnataka,Chitradurga,2,0
Karnataka,Dakshina Kannada,1,0
Karnataka,Davangere,118,3
Karnataka,Gulbarga,774,0
Karnataka,Hassan,2,0
Karnataka,Kolar,3,0
Karnataka,Koppal,74,0
Karnataka,Mandya,3,0
Karnataka,Mysore,1,0
Karnataka,Raichur,2,0
Karnataka,Ramanagar,18,0
Karnataka,Shimoga,69,0
Karnataka,Tumkur,23,3
Karnataka,Yadgir,16,0
Kerala,Alappuzha,1930,3
Kerala,Ernakulam,3676,2
Kerala,Idukki,2765,0
Kerala,Kannur,1244,6
Kerala,Kasargod,1669,0
Kerala,Kollam,3448,6
Kerala,Kottayam,1463,47
Kerala,Kozhikode,3279,9
Kerala,Malappuram,3264,5
Kerala,Palakkad,1279,0
Kerala,Pathanamthitta,1078,2
Kerala,Thiruvananthapuram,3164,5
Kerala,Thrissur,4139,4
Kerala,Wayanad,482,1
Lakshadweep,Lakshadweep,0,508
Madhya Pradesh,Balaghat,123,0
Madhya Pradesh,Barwani,80,1
Madhya Pradesh,Betul,185,0
Madhya Pradesh,Bhind,98,0
Madhya Pradesh,Bhopal,320,1
Madhya Pradesh,Burhanpur,120,4
Madhya Pradesh,Chhatarpur,168,0
Madhya Pradesh,Chhindwara,81,0
Madhya Pradesh,Damoh,2,0
Madhya Pradesh,Dewas,6,0
Madhya Pradesh,Dhar,145,3
Madhya Pradesh,Guna,779,18
Madhya Pradesh,Gwalior,49,0
Madhya Pradesh,Harda,1,0
Madhya Pradesh,Hoshangabad,17,1
Madhya Pradesh,Indore,1934,12
Madhya Pradesh,Jabalpur,385,1
Madhya Pradesh,Jhabua,3,0
Madhya Pradesh,Katni,2,0
Madhya Pradesh,Khandwa,47,1
Madhya Pradesh,Khargone,84,0
Madhya Pradesh,Mandla,30,0
Madhya Pradesh,Mandsaur,2,0
Madhya Pradesh,Morena,12,0
Madhya Pradesh,Narsinghpur,79,0
Madhya Pradesh,Neemuch,64,0
Madhya Pradesh,Panna,1,0
Madhya Pradesh,Raisen,84,2
Madhya Pradesh,Rajgarh,60,0
Madhya Pradesh,Ratlam,194,2
Madhya Pradesh,Rewa,56,0
Madhya Pradesh,Sagar,101,0
Madhya Pradesh,Satna,98,0
Madhya Pradesh,Sehore,67,0
Madhya Pradesh,Shahdol,2,0
Madhya Pradesh,Shajapur,409,3
Madhya Pradesh,Shivpuri,68,0
Madhya Pradesh,Sidhi,2,0
Madhya Pradesh,Tikamgarh,1,0
Madhya Pradesh,Ujjain,467,0
Madhya Pradesh,Vidisha,442,2
Maharashtra,Ahmed Nagar,35,0
Maharashtra,Aurangabad,0,1
Maharashtra,Beed,1,0
Maharashtra,Bhandara,0,1
Maharashtra,Buldhana,21,1
Maharashtra,Dhule,1,0
Maharashtra,Jalgaon,143,1
Maharashtra,Kolhapur,1,0
Maharashtra,Mumbai,82,2
Maharashtra,Mumbai City,1,0
Maharashtra,Mumbai( Sub Urban ),1,0
Maharashtra,Nagpur,0,5
Maharashtra,Nashik,8,1
Maharashtra,Parbhani,2,0
Maharashtra,Pune,107,5
Maharashtra,Raigarh(MH),2,0
Maharashtra,Sangli,0,1
Maharashtra,Thane,2,3
Odisha,Baleswar,4,0
Odisha,Bhadrak,1,0
Odisha,Kendrapara,1,0
Odisha,Rayagada,12,0
Others,Others,157,0
Puducherry,Pondicherry,2,2
Punjab,Amritsar,112,19
Punjab,Barnala,2,0
Punjab,Bathinda,23,0
Punjab,Fazilka,1,0
Punjab,Ferozepur,1,0
Punjab,Gurdaspur,5,0
Punjab,Hoshiarpur,5,0
Punjab,Jalandhar,3,0
Punjab,Ludhiana,1,0
Punjab,Patiala,1,0
Punjab,Rupnagar,1,0
Punjab,SAS Nagar (Mohali),18,0
Punjab,Sangrur,1,0
Punjab,Tarn Taran,5,0
Rajasthan,Ajmer,68,0
Rajasthan,Alwar,164,4
Rajasthan,Banswara,53,0
Rajasthan,Baran,75,0
Rajasthan,Barmer,26,2
Rajasthan,Bhilwara,51,0
Rajasthan,Bikaner,1,1
Rajasthan,Bundi,36,1
Rajasthan,Chittorgarh,28,1
Rajasthan,Churu,6,0
Rajasthan,Dausa,165,0
Rajasthan,Dholpur,2,0
Rajasthan,Dungarpur,6,0
Rajasthan,Ganganagar,1,0
Rajasthan,Jaipur,291,1
Rajasthan,Jalor,237,0
Rajasthan,Jhalawar,214,6
Rajasthan,Jhunjhunun,66,1
Rajasthan,Jodhpur,15,0
Rajasthan,Karauli,1,0
Rajasthan,Kota,203,2
Rajasthan,Nagaur,13,3
Rajasthan,Pali,58,0
Rajasthan,Rajsamand,26,0
Rajasthan,Sawai Madhopur,30,0
Rajasthan,Sikar,135,13
Rajasthan,Sirohi,137,0
Rajasthan,Tonk,80,2
Rajasthan,Udaipur,138,0
Tamil Nadu,Chennai,2,32
Tamil Nadu,Coimbatore,4,53
Tamil Nadu,Cuddalore,4,0
Tamil Nadu,Dharmapuri,21,8
Tamil Nadu,Dindigul,66,55
Tamil Nadu,Erode,749,3
Tamil Nadu,Kanchipuram,4,9
Tamil Nadu,Kanyakumari,2,3
Tamil Nadu,Karur,28,4
Tamil Nadu,Madurai,171,45
Tamil Nadu,Namakkal,64,7
Tamil Nadu,Nilgiris,1,0
Tamil Nadu,Pudukkottai,7,0
Tamil Nadu,Ramanathapuram,32,0
Tamil Nadu,Salem,596,30
Tamil Nadu,Sivaganga,115,0
Tamil Nadu,Thanjavur,1,35
Tamil Nadu,Theni,3,0
Tamil Nadu,Thoothukkudi,11,6
Tamil Nadu,Tiruchirappalli,17,3
Tamil Nadu,Tirunelveli,249,86
Tamil Nadu,Tiruvallur,1,1
Tamil Nadu,Tiruvannamalai,74,12
Tamil Nadu,Tiruvarur,1,0
Tamil Nadu,Vellore,5,10
Tamil Nadu,Villupuram,15,0
Tamil Nadu,Virudhunagar,49,23
Uttar Pradesh,Agra,128,0
Uttar Pradesh,Aligarh,135,3
Uttar Pradesh,Allahabad,8,0
Uttar Pradesh,Azamgarh,2,0
Uttar Pradesh,Baghpat,2,0
Uttar Pradesh,Ballia,2,2
Uttar Pradesh,Balrampur,10,0
Uttar Pradesh,Banda,3,0
Uttar Pradesh,Barabanki,51,0
Uttar Pradesh,Bareilly,112,1
Uttar Pradesh,Basti,2,0
Uttar Pradesh,Bijnor,29,0
Uttar Pradesh,Budaun,3,0
Uttar Pradesh,Bulandshahar,6,0
Uttar Pradesh,Chandauli,1,0
Uttar Pradesh,Chitrakoot,2,0
Uttar Pradesh,Deoria,4,0
Uttar Pradesh,Etah,3,0
Uttar Pradesh,Etawah,156,0
Uttar Pradesh,Faizabad,36,0
Uttar Pradesh,Farrukhabad,29,0
Uttar Pradesh,Fatehpur,1,0
Uttar Pradesh,Firozabad,143,1
Uttar Pradesh,Gautam Buddha Nagar,11,0
Uttar Pradesh,Ghaziabad,18,1
Uttar Pradesh,Ghazipur,3,0
Uttar Pradesh,Gonda,1,0
Uttar Pradesh,Gorakhpur,11,0
Uttar Pradesh,Hardoi,7,0
Uttar Pradesh,Hathras,67,1
Uttar Pradesh,Jalaun,34,0
Uttar Pradesh,Jaunpur,1,0
Uttar Pradesh,Jhansi,43,0
Uttar Pradesh,Jyotiba Phule Nagar,1,0
Uttar Pradesh,Kanpur Dehat,2,0
Uttar Pradesh,Kanpur Nagar,263,2
Uttar Pradesh,Kheri,49,0
Uttar Pradesh,Kushinagar,3,0
Uttar Pradesh,Lalitpur,16,0
Uttar Pradesh,Lucknow,208,3
Uttar Pradesh,Mahoba,20,0
Uttar Pradesh,Mainpuri,46,0
Uttar Pradesh,Mathura,33,0
Uttar Pradesh,Mau,2,0
Uttar Pradesh,Meerut,1,0
Uttar Pradesh,Mirzapur,1,0
Uttar Pradesh,Moradabad,93,2
Uttar Pradesh,Muzaffarnagar,2,0
Uttar Pradesh,Pilibhit,3,0
Uttar Pradesh,Pratapgarh,2,0
Uttar Pradesh,Raebareli,2,0
Uttar Pradesh,Rampur,73,0
Uttar Pradesh,Saharanpur,1,0
Uttar Pradesh,Sant Kabir Nagar,1,0
Uttar Pradesh,Shahjahanpur,150,1
Uttar Pradesh,Siddharthnagar,2,0
Uttar Pradesh,Sitapur,71,0
Uttar Pradesh,Sultanpur,120,0
Uttar Pradesh,Unnao,46,0
Uttar Pradesh,Varanasi,3,0
Uttarakhand,Almora,3,0
Uttarakhand,Bageshwar,1,1
Uttarakhand,Chamoli,4,0
Uttarakhand,Dehradun,5,0
Uttarakhand,Garhwal,3,0
Uttarakhand,Hardwar,1,0
Uttarakhand,Nainital,4,0
Uttarakhand,Pithoragarh,1,0
Uttarakhand,Tehri Garhwal,1,0
Uttarakhand,Udham Singh Nagar,11,0
Uttarakhand,Uttarkashi,1,0
West Bengal,Bankura,1,3
West Bengal,Barddhaman,12,3
West Bengal,Birbhum,13,4
West Bengal,Dakshin Dinajpur,3,0
West Bengal,Darjeeling,1,0
West Bengal,East Midnapore,10,1
West Bengal,Hooghly,4,6
West Bengal,Howrah,0,4
West Bengal,Jalpaiguri,1,3
West Bengal,Kolkata,4,4
West Bengal,Malda,0,1
West Bengal,Murshidabad,13,0
West Bengal,Nadia,5,5
West Bengal,North 24 Parganas,60,0
West Bengal,North Dinajpur,4,0
West Bengal,Purulia,2,0
West Bengal,South Twenty Four Parganas,2,0
West Bengal,West Midnapore,14,1
