Gender,Age Band,Aadhaar generated,Enrolment Rejected
F,0 to 5 Years,15131,1453
F,16 to 30 Years,127449,17249
F,31 to 45 Years,106546,15618
F,46 to 65 Years,83142,12541
F,6 to 15 Years,84133,10641
F,66 Years and Above,22250,2795
M,0 to 5 Years,16990,1468
M,16 to 30 Years,150162,14964
M,31 to 45 Years,118326,12631
M,46 to 65 Years,91421,12073
M,6 to 15 Years,100256,11080
M,66 Years and Above,24165,2795
M,Others,0,1
T,0 to 5 Years,2,0
T,16 to 30 Years,16,3
T,31 to 45 Years,13,0
T,46 to 65 Years,11,3
T,6 to 15 Years,13,1
T,66 Years and Above,1,0
