Gender,Age Band,Aadhaar generated,Enrolment Rejected
F,0 to 5 Years,8573,1100
F,16 to 30 Years,132275,12176
F,31 to 45 Years,108742,9961
F,46 to 65 Years,79284,7276
F,6 to 15 Years,81248,7793
F,66 Years and Above,17504,1456
M,0 to 5 Years,9401,1296
M,16 to 30 Years,141134,13343
M,31 to 45 Years,110320,9851
M,46 to 65 Years,83225,8347
M,6 to 15 Years,90469,9090
M,66 Years and Above,18803,1867
T,0 to 5 Years,1,0
T,16 to 30 Years,9,5
T,31 to 45 Years,11,4
T,46 to 65 Years,9,6
T,6 to 15 Years,3,3
T,66 Years and Above,0,1
