Gender,Age Band,Aadhaar generated,Enrolment Rejected
F,0 to 5 Years,6736,1339
F,16 to 30 Years,63402,25123
F,31 to 45 Years,54593,28736
F,46 to 65 Years,47937,25157
F,6 to 15 Years,39628,14437
F,66 Years and Above,15097,5894
M,0 to 5 Years,6841,1336
M,16 to 30 Years,72807,23083
M,31 to 45 Years,57020,22235
M,46 to 65 Years,48993,20910
M,6 to 15 Years,45374,15937
M,66 Years and Above,15429,5721
M,Others,0,1
T,0 to 5 Years,0,1
T,16 to 30 Years,1,5
T,31 to 45 Years,5,7
T,46 to 65 Years,2,15
T,6 to 15 Years,3,10
T,66 Years and Above,0,3
