Gender,Age Band,Aadhaar generated,Enrolment Rejected
F,0 to 5 Years,18740,2881
F,16 to 30 Years,112773,6773
F,31 to 45 Years,90188,3887
F,46 to 65 Years,63734,2729
F,6 to 15 Years,74967,6752
F,66 Years and Above,14991,752
M,0 to 5 Years,20940,3036
M,16 to 30 Years,125108,5421
M,31 to 45 Years,96747,3309
M,46 to 65 Years,71288,2641
M,6 to 15 Years,87759,7018
M,66 Years and Above,16519,867
T,0 to 5 Years,2,2
T,16 to 30 Years,7,0
T,31 to 45 Years,7,0
T,46 to 65 Years,6,1
T,6 to 15 Years,6,2
T,66 Years and Above,5,0
