Gender,Age Band,Aadhaar generated,Enrolment Rejected
F,0 to 5 Years,20996,3022
F,16 to 30 Years,127827,32761
F,31 to 45 Years,101575,30823
F,46 to 65 Years,77963,25564
F,6 to 15 Years,86447,20980
F,66 Years and Above,20172,6364
M,0 to 5 Years,20405,2837
M,16 to 30 Years,96954,29092
M,31 to 45 Years,77030,26078
M,46 to 65 Years,61427,22751
M,6 to 15 Years,71318,23198
M,66 Years and Above,16833,6295
T,0 to 5 Years,2,0
T,16 to 30 Years,10,7
T,31 to 45 Years,13,8
T,46 to 65 Years,6,12
T,6 to 15 Years,5,5
T,66 Years and Above,1,2
