Name of State/UT,Name of District,Population (Census),Aadhaar Generated,Aadhaar Saturation %,District Code
Andhra pradesh,Adilabad,2737738,2751997,100.52%,SD001
Gujarat,Ahmedabad,7208200,4115234,57.09%,SD003
Maharashtra,Ahmednagar,4543083,3718185,81.84%,SD004
Rajasthan,Ajmer,2584913,1982773,76.71%,SD006
Maharashtra,Akola,1818617,1406995,77.37%,SD007
Kerala,Alappuzha,2121943,2016531,95.03%,SD008
Madhya Pradesh,Alirajpur,728677,559261,76.75%,SD010
Rajasthan,Alwar,3671999,2510403,68.37%,SD013
Haryana,Ambala,1136784,1025854,90.24%,SD014
Maharashtra,Amravati,2887826,2462734,85.28%,SD016
Punjab,Amritsar,2490891,2163416,86.85%,SD018
Andhra pradesh,Anantapur,4083315,4041885,98.99%,SD021
Tamil Nadu,Ariyalur,752481,590595,78.49%,SD027
Maharashtra,Aurangabad (MH),3695928,2868772,77.62%,SD032
Karnataka,Bagalkot,1890826,1436849,75.99%,SD035
Odisha,Balangir,1648574,1180503,71.61%,SD041
Odisha,Baleshwar,2317419,1560941,67.36%,SD042
Karnataka,Bangalore,9588910,6949721,72.48%,SD049
Karnataka,Bangalore Rural,987257,699280,70.83%,SD050
Rajasthan,Baran,1223921,624494,51.02%,SD056
Rajasthan,Barmer,2604453,1640860,63.00%,SD060
Punjab,Barnala,596294,529576,88.81%,SD061
Madhya Pradesh,Barwani,1385659,895522,64.63%,SD063
Punjab,Bathinda,1388859,1171036,84.32%,SD066
Karnataka,Belgaum,4778439,3832695,80.21%,SD069
Karnataka,Bellary,2532383,1879107,74.20%,SD070
Madhya Pradesh,Betul,1575247,1185398,75.25%,SD071
Odisha,Bhadrak ,1506522,991203,65.79%,SD073
Maharashtra,Bhandara,1198810,1021282,85.19%,SD075
Madhya Pradesh,Bhopal,2368145,1956503,82.62%,SD083
Maharashtra,Bid,2585962,1735526,67.11%,SD084
Karnataka,Bidar,1700018,1183122,69.59%,SD085
Karnataka,Bijapur (KAR),2175102,1585075,72.87%,SD086
Rajasthan,Bikaner,2367745,1375002,58.07%,SD089
Himachal Pradesh,Bilaspur (HP),382056,384949,100.76%,SD091
Jharkhand,Bokaro,2061918,1608520,78.01%,SD094
Maharashtra,Buldana,2588039,2028737,78.39%,SD098
Rajasthan,Bundi,1113725,597609,53.66%,SD099
Madhya Pradesh,Burhanpur,756993,666066,87.99%,SD100
Delhi,Central Delhi,578671,855722,147.88%,SD103
Karnataka,Chamarajanagar,1020962,812262,79.56%,SD104
Himachal Pradesh,Chamba,518844,485499,93.57%,SD105
Uttarakhand,Champawat,259315,139917,53.96%,SD107
Chandigarh,Chandigarh,1054686,957744,90.81%,SD111
Maharashtra,Chandrapur,2194262,1746850,79.61%,SD112
Madhya Pradesh,Chhindwara,2090306,1592196,76.17%,SD117
Karnataka,Chikkaballapur,1254377,778450,62.06%,SD118
Karnataka,Chikmagalur,1137753,894270,78.60%,SD119
Rajasthan,Chittaurgarh,1544392,971689,62.92%,SD123
Andhra pradesh,Chittoor,4170468,4026100,96.54%,SD124
Rajasthan,Churu,2041172,1344243,65.86%,SD126
Tamil Nadu,Cuddalore,2600880,1655739,63.66%,SD128
Andhra pradesh,Cuddapah (YSR Kadapa),2884524,2653702,92.00%,SD129
Odisha,Cuttack,2618708,1904297,72.72%,SD130
West Bengal,Dakshin Dinajpur,1670931,1020630,61.08%,SD132
Karnataka,Dakshina Kannada,2083625,1602604,76.91%,SD133
Daman & Diu,Daman,190855,113863,59.66%,SD134
Madhya Pradesh,Damoh,1263703,910433,72.04%,SD135
Rajasthan,Dausa,1637226,1004575,61.36%,SD141
Karnataka,Davanagere,1946905,1375540,70.65%,SD142
Jharkhand,Deoghar,1491879,1114263,74.69%,SD145
Madhya Pradesh,Dewas,1563107,1133412,72.51%,SD148
Jharkhand,Dhanbad,2682662,2057244,76.69%,SD151
Madhya Pradesh,Dhar,2184672,1437049,65.78%,SD152
Tamil Nadu,Dharmapuri,1502900,1054273,70.15%,SD153
Karnataka,Dharwad,1846993,1606848,87.00%,SD154
Maharashtra,Dhule,2048781,1741677,85.01%,SD159
Tamil Nadu,Dindigul,2161367,1379872,63.84%,SD163
Daman & Diu,Diu,52056,50734,97.46%,SD165
Jharkhand,Dumka,1321096,1088733,82.41%,SD168
Delhi,East Delhi,1707725,2057946,120.51%,SD172
Madhya Pradesh,East Nimar (Khandwa),1309443,1150612,87.87%,SD177
Andhra pradesh,East godavari,5151549,5058986,98.20%,SD174
Kerala,Ernakulam,3279860,3026671,92.28%,SD179
Tamil Nadu,Erode,2259608,1625857,71.95%,SD180
Uttar Pradesh,Etawah,1579160,775682,49.12%,SD182
Haryana,Faridabad,1798954,1744875,96.99%,SD184
Punjab,Faridkot,618008,585515,94.74%,SD185
Punjab,Fatehgarh Sahib,599814,547104,91.21%,SD188
Punjab,Fazilka,0,505261,N.A.,SD190
Punjab,Firozpur,2026831,1144484,56.47%,SD192
Karnataka,Gadag,1065235,764611,71.78%,SD193
Maharashtra,Gadchiroli,1071795,841587,78.52%,SD194
Rajasthan,Ganganagar,1969520,1291403,65.57%,SD198
Jharkhand,Garhwa,1322387,1101591,83.30%,SD200
Jharkhand,Giridih,2445203,1923502,78.66%,SD206
Jharkhand,Godda,1311382,1067566,81.41%,SD208
Maharashtra,Gondiya,1322331,1151907,87.11%,SD211
Karnataka,Gulbarga,2564892,1631949,63.63%,SD214
Jharkhand,Gumla,1025656,875076,85.32%,SD215
Madhya Pradesh,Guna,1240938,749592,60.41%,SD216
Andhra pradesh,Guntur,4889230,4604780,94.18%,SD217
Punjab,Gurdaspur,2299026,1935739,84.20%,SD218
Haryana,Gurgaon,1514085,1096775,72.44%,SD219
Madhya Pradesh,Gwalior,2030543,1185870,58.40%,SD220
Himachal Pradesh,Hamirpur (HP),454293,493923,108.72%,SD222
Rajasthan,Hanumangarh,1779650,1062099,59.68%,SD224
West Bengal,Haora,4841638,3556822,73.46%,SD225
Madhya Pradesh,Harda,570302,507447,88.98%,SD226
Karnataka,Haveri,1598506,1159524,72.54%,SD231
Jharkhand,Hazaribag,1734005,1473447,84.97%,SD232
Maharashtra,Hingoli,1178973,734891,62.33%,SD233
Haryana,Hisar,1742815,1312817,75.33%,SD234
Madhya Pradesh,Hoshangabad,1240975,1141296,91.97%,SD235
Punjab,Hoshiarpur,1582793,1391388,87.91%,SD236
West Bengal,Hugli,5520389,4546231,82.35%,SD237
Kerala,Idukki,1107453,1013843,91.55%,SD238
Madhya Pradesh,Indore,3272335,2470614,75.50%,SD241
Madhya Pradesh,Jabalpur,2460714,1956705,79.52%,SD242
Rajasthan,Jaipur,6663971,4485522,67.31%,SD245
Punjab,Jalandhar,2181753,2050351,93.98%,SD248
Maharashtra,Jalgaon,4224442,3429397,81.18%,SD250
Maharashtra,Jalna,1958483,1502171,76.70%,SD251
Rajasthan,Jalor,1830151,1102550,60.24%,SD252
Jharkhand,Jamtara,790207,668380,84.58%,SD256
Madhya Pradesh,Jhabua,1024091,630643,61.58%,SD262
Haryana,Jhajjar,956907,682875,71.36%,SD263
Rajasthan,Jhunjhunun,2139658,1604383,74.98%,SD267
Rajasthan,Jodhpur,3685681,2055960,55.78%,SD269
Gujarat,Junagadh,2742291,2096475,76.45%,SD271
Haryana,Kaithal,1072861,853502,79.55%,SD274
Tamil Nadu,Kancheepuram,3990897,2518997,63.12%,SD278
Himachal Pradesh,Kangra,1507223,1487991,98.72%,SD280
Tamil Nadu,Kanniyakumari,1863174,1261549,67.71%,SD283
Kerala,Kannur,2525637,2373983,94.00%,SD284
Uttar Pradesh,Kanpur Nagar,4572951,1913689,41.85%,SD286
Punjab,Kapurthala,817668,720390,88.10%,SD288
Puducherry,Karaikal,200314,157232,78.49%,SD289
Andhra pradesh,Karimnagar,3811738,3613322,94.79%,SD294
Haryana,Karnal,1506323,1282251,85.12%,SD295
Tamil Nadu,Karur,1076588,752863,69.93%,SD296
Kerala,Kasaragod,1302600,1175147,90.22%,SD297
Madhya Pradesh,Katni,1291684,867585,67.17%,SD300
Andhra pradesh,Khammam,2798214,2682537,95.87%,SD306
Odisha,Khordha ,2246341,1671633,74.42%,SD309
Jharkhand,Khunti,530299,452011,85.24%,SD310
Himachal Pradesh,Kinnaur,84298,68655,81.44%,SD311
West Bengal,Koch Bihar,2822780,1900223,67.32%,SD315
Karnataka,Kodagu,554762,370388,66.77%,SD316
Jharkhand,Kodarma,717169,594665,82.92%,SD317
Karnataka,Kolar,1540231,1090723,70.82%,SD320
Maharashtra,Kolhapur,3874015,3131565,80.84%,SD322
West Bengal,Kolkata,4486679,3018169,67.27%,SD323
Kerala,Kollam,2629703,2443644,92.92%,SD324
Karnataka,Koppal,1391292,968309,69.60%,SD325
Rajasthan,Kota,1950491,1359112,69.68%,SD329
Kerala,Kottayam,1979384,1855254,93.73%,SD330
Kerala,Kozhikode,3089543,2891229,93.58%,SD331
Andhra pradesh,Krishna,4529009,4214591,93.06%,SD332
Tamil Nadu,Krishnagiri,1883731,1123517,59.64%,SD333
Himachal Pradesh,Kullu,437474,398046,90.99%,SD335
Andhra pradesh,Kurnool,4046601,3705754,91.58%,SD337
Haryana,Kurukshetra,964231,835848,86.69%,SD338
Lakshadweep,Lakshadweep,64429,55444,86.05%,SD344
Maharashtra,Latur,2455543,1802368,73.40%,SD347
Jharkhand,Lohardaga,461738,429102,92.93%,SD350
Uttar Pradesh,Lucknow,4588455,2488657,54.24%,SD355
Punjab,Ludhiana,3487882,3347200,95.97%,SD356
Tamil Nadu,Madurai,3041038,2162614,71.11%,SD360
Andhra pradesh,Mahbubnagar,4042191,3695138,91.41%,SD362
Puducherry,Mahe,41934,0,0.00%,SD363
Gujarat,Mahesana,2027727,1437320,70.88%,SD365
Kerala,Malappuram,4110956,3731992,90.78%,SD369
West Bengal,Maldah,3997970,2557572,63.97%,SD370
Himachal Pradesh,Mandi,999518,987426,98.79%,SD373
Madhya Pradesh,Mandla,1053522,808680,76.76%,SD374
Madhya Pradesh,Mandsaur,1339832,990471,73.93%,SD375
Karnataka,Mandya,1808680,1293532,71.52%,SD376
Punjab,Mansa,768808,675834,87.91%,SD377
Andhra pradesh,Medak,3031877,2789826,92.02%,SD382
Punjab,Moga,992289,901537,90.85%,SD386
Punjab,Muktsar,902702,785821,87.05%,SD391
Maharashtra,Mumbai (incl. Mumbai SubUrban & Mumbai City) ,12478447,10784956,86.43%,SD392
West Bengal,Murshidabad,7102430,4779821,67.30%,SD394
Karnataka,Mysore,2994744,2822612,94.25%,SD397
Tamil Nadu,Nagapattinam,1614069,1158457,71.77%,SD401
Rajasthan,Nagaur,3309234,1901300,57.45%,SD402
Maharashtra,Nagpur,4653171,4128653,88.73%,SD403
Andhra pradesh,Nalgonda,3483648,3231454,92.76%,SD407
Tamil Nadu,Namakkal,1721179,1090733,63.37%,SD408
Maharashtra,Nanded,3356566,2147985,63.99%,SD409
Maharashtra,Nandurbar,1646177,1309792,79.57%,SD410
Gujarat,Narmada,590379,351471,59.53%,SD412
Madhya Pradesh,Narsimhapur,1092141,809683,74.14%,SD413
Maharashtra,Nashik,6109052,4822561,78.94%,SD414
Gujarat,Navsari,1330711,979809,73.63%,SD415
Punjab,Nawanshahr,614362,572287,93.15%,SD417
Madhya Pradesh,Neemuch,825958,524166,63.46%,SD419
Andhra pradesh,Nellore (sri Potti Sriramulu Nellore),2966082,2749747,92.71%,SD420
Delhi,New Delhi,133713,20566,15.38%,SD421
Andhra pradesh,Nizamabad,2552073,2419606,94.81%,SD423
Andaman & Nicobar Islands,North & Middle Andamans,105539,117395,111.23%,SD425
Delhi,North Delhi,883418,934664,105.80%,SD427
Delhi,North East Delhi,2240749,1983779,88.53%,SD428
Goa,North Goa,817761,764131,93.44%,SD429
Delhi,North West Delhi,3651261,3923628,107.46%,SD432
Maharashtra,Osmanabad,1660311,1214652,73.16%,SD434
Jharkhand,Pakaur,899200,771554,85.80%,SD435
Kerala,Palakkad,2810892,2641078,93.96%,SD436
Jharkhand,Palamu,1936319,1582508,81.73%,SD437
Rajasthan,Pali,2038533,1397454,68.55%,SD438
Haryana,Palwal,1040493,684067,65.74%,SD439
Haryana,Panchkula,558890,468567,83.84%,SD441
Haryana,Panipat,1202811,973507,80.94%,SD442
Madhya Pradesh,Panna,1016028,659542,64.91%,SD443
Jharkhand,Pashchimi Singhbhum,1501619,1239436,82.54%,SD448
Kerala,Pathanamthitta,1195537,1179900,98.69%,SD450
Punjab,Pathankot,0,123922,N.A.,SD451
Punjab,Patiala,1892282,1689880,89.30%,SD452
Tamil Nadu,Perambalur,564511,393344,69.68%,SD454
Gujarat,Porbandar,586062,398355,67.97%,SD459
Andhra pradesh,Prakasam,3392764,3187693,93.96%,SD460
Puducherry,Puducherry,946600,965372,101.98%,SD463
Tamil Nadu,Pudukkottai,1618725,1100170,67.97%,SD464
Maharashtra,Pune,9426959,7133049,75.67%,SD467
Jharkhand,Purbi Singhbhum,2291032,1824819,79.65%,SD469
Odisha,Puri,1697983,1288856,75.91%,SD471
Maharashtra,Raigarh (MH),2635394,2065825,78.39%,SD477
Madhya Pradesh,Raisen,1331699,849409,63.78%,SD479
Gujarat,Rajkot,3799770,2646091,69.64%,SD482
Rajasthan,Rajsamand,1158283,782546,67.56%,SD484
Karnataka,Ramanagar,1082739,780463,72.08%,SD485
Tamil Nadu,Ramanathapuram,1337560,811069,60.64%,SD486
Jharkhand,Ramgarh,949159,802786,84.58%,SD488
Jharkhand,Ranchi,2912022,2414286,82.91%,SD490
Andhra pradesh,Rangareddi (inclg. Hyderabad),9306634,10803947,116.09%,SD491
Madhya Pradesh,Ratlam,1454483,1050678,72.24%,SD492
Maharashtra,Ratnagiri,1612672,1317016,81.67%,SD493
Madhya Pradesh,Rewa,2363744,1457270,61.65%,SD496
Haryana,Rewari,896129,694200,77.47%,SD497
Haryana,Rohtak,1058683,761138,71.89%,SD499
Punjab,Rupnagar,683349,642855,94.07%,SD502
Punjab,S.A.S Nagar(Mohali),986147,773284,78.41%,SD503
Madhya Pradesh,Sagar,2378295,1522344,64.01%,SD505
Jharkhand,Sahibganj,1150038,1013629,88.14%,SD508
Tamil Nadu,Salem,3480008,2412678,69.33%,SD510
Maharashtra,Sangli,2820575,2317920,82.18%,SD514
Punjab,Sangrur,1654408,1451847,87.76%,SD515
Maharashtra,Satara,3003922,2423018,80.66%,SD519
Madhya Pradesh,Satna,2228619,1550115,69.55%,SD520
Madhya Pradesh,Sehore,1311008,832999,63.54%,SD522
Madhya Pradesh,Seoni,1378876,1104626,80.11%,SD524
Jharkhand,Seraikela-kharsawan,1063458,862744,81.13%,SD525
Madhya Pradesh,Shajapur,1512353,1191658,78.79%,SD529
Himachal Pradesh,Shimla,813384,696560,85.64%,SD533
Rajasthan,Sikar,2677737,1783079,66.59%,SD541
Jharkhand,Simdega,599813,531828,88.67%,SD542
Himachal Pradesh,Sirmaur,530164,455546,85.93%,SD545
Rajasthan,Sirohi,1037185,636724,61.39%,SD546
Haryana,Sirsa,1295114,1032998,79.76%,SD547
Himachal Pradesh,Solan,576670,481834,83.55%,SD552
Maharashtra,Solapur,4315527,2820552,65.36%,SD553
Haryana,Sonipat,1480080,1194861,80.73%,SD556
Delhi,South Delhi,2733752,2752788,100.70%,SD561
Goa,South Goa,639962,575382,89.91%,SD563
Delhi,South West Delhi,2292363,2230582,97.30%,SD565
Andhra pradesh,Srikakulam,2699471,2713055,100.50%,SD566
Odisha,Sundargarh,2080664,1127422,54.19%,SD569
Punjab,Tarn Taran,1120070,937340,83.69%,SD576
Maharashtra,Thane,11054131,8691565,78.63%,SD579
Tamil Nadu,Thanjavur,2402781,1654539,68.86%,SD580
Tamil Nadu,Theni,1243684,867876,69.78%,SD583
Kerala,Thiruvananthapuram,3307284,2970718,89.82%,SD585
Tamil Nadu,Thiruvarur,1268094,859624,67.79%,SD586
Tamil Nadu,Thoothukkudi,1738376,1094621,62.97%,SD587
Kerala,Thrissur,3110327,2951863,94.91%,SD589
Tamil Nadu,Tiruchirappalli,2713858,2002551,73.79%,SD593
Tamil Nadu,Tirunelveli,3072880,2021164,65.77%,SD594
Rajasthan,Tonk,1421711,879569,61.87%,SD597
Karnataka,Tumkur,2681449,2528145,94.28%,SD599
Rajasthan,Udaipur,3067549,2116267,68.99%,SD600
Karnataka,Udupi,1177908,969010,82.27%,SD604
Madhya Pradesh,Ujjain,1986597,1409016,70.93%,SD605
Himachal Pradesh,Una,521057,537677,103.19%,SD608
Karnataka,Uttara Kannada,1436847,1147017,79.83%,SD613
Gujarat,Valsad,1703068,1266326,74.36%,SD617
Tamil Nadu,Vellore,3928106,2688127,68.43%,SD619
Madhya Pradesh,Vidisha,1458212,923756,63.35%,SD620
Tamil Nadu,Viluppuram,3463284,2229051,64.36%,SD621
Tamil Nadu,Virudhunagar,1943309,1419005,73.02%,SD622
Andhra pradesh,Visakhapatnam,4288113,4000075,93.28%,SD623
Andhra pradesh,Vizianagaram,2342868,2173628,92.78%,SD624
Andhra pradesh,Warangal,3522644,3331092,94.56%,SD625
Maharashtra,Wardha,1296157,1203454,92.85%,SD626
Maharashtra,Washim,1196714,825021,68.94%,SD627
Kerala,Wayanad,816558,775401,94.96%,SD628
Delhi,West Delhi,2531583,2514306,99.32%,SD630
Andhra pradesh,West Godavari,3934782,3722062,94.59%,SD632
Haryana,Yamunanagar,1214162,1026158,84.52%,SD640
Puducherry,Yanam,55616,21948,39.46%,SD641
Maharashtra,Yavatmal,2775457,1966261,70.84%,SD642
Total,,620069960,490055110,79.03%
