Registrar,Enrolment Agency,Aadhaar generated,Enrolment Rejected
Allahabad Bank,Asha Security Guard Services,2,30
Allahabad Bank,Nevaeh Technology Pvt. Ltd.,0,8
Allahabad Bank,SGS INDIA PVT LTD,1,2
Allahabad Bank,Sri Ramraja Sarkar Lok Kalyan Trust,0,2
Allahabad Bank,Vakrangee Softwares Limited,1,1
Bank Of India,A3 Logics  India  Ltd,18,10
Bank Of India,Akanksha International,5,1
Bank Of India,CHESSY CONSULTANTS PVT LTD,14,5
Bank Of India,DATASOFT COMPUTER SERVICES(P),26,11
Bank Of India,Frontech Systems Pvt Ltd,17,1
Bank Of India,Matrix Processing House,0,1
Bank Of India,OSWAL COMPUTERS & CONSULTANTS,20,5
Bank Of India,PROTEX COMPUTER PVT LTD,1,5
Bank Of India,SARADA SYSTEMS,14,13
Bank Of India,SREI INFRASTRUCTURE FINANCES L,81,50
Bank Of India,Silver Touch Technologies Ltd,7,3
Bank Of India,Systematic & Advance Const P L,3,1
Bank Of India,VEETECHNOLOGIES PVT. LTD,18,17
Bank Of India,VIRGO SOFTECH LIMITED,1,0
Bank Of India,Vakrangee Softwares Limited,3,4
Bank of Baroda,Global Finsol Private Limited,8,11
Bank of Maharashtra,Tera Software Ltd,30,22
CSC e-Governance Services India Limited,A I Soc for Electronics and Comp Tech,5,17
CSC e-Governance Services India Limited,AKSH OPTIFIBRE LIMITED,1,12
CSC e-Governance Services India Limited,BASIX,8,60
CSC e-Governance Services India Limited,CHIPS,7,1
CSC e-Governance Services India Limited,CMS Computers Ltd,4,23
CSC e-Governance Services India Limited,CSC e-Governance Services India Limited,18,7
CSC e-Governance Services India Limited,Conatus Infocom Pvt. Ltd,2,1
CSC e-Governance Services India Limited,Intelligent Communication Sys India Ltd,0,1
CSC e-Governance Services India Limited,MANTRA SOFTTECH (INDIA) PVTLTD,3,23
CSC e-Governance Services India Limited,Mahaonline Limited,1,2
CSC e-Governance Services India Limited,Nekton IT India Pvt Ltd.,3,4
CSC e-Governance Services India Limited,Network for Information & Computer,9,11
CSC e-Governance Services India Limited,SPANCO,2,14
CSC e-Governance Services India Limited,Sahaj e-Village Limited,3,14
CSC e-Governance Services India Limited,Tera Software Ltd,1,5
CSC e-Governance Services India Limited,United Telecoms e-Services Pvt Ltd,4,36
CSC e-Governance Services India Limited,VIKALP MULTIMEDIA,1,0
CSC e-Governance Services India Limited,Vakrangee Softwares Limited,0,1
CSC e-Governance Services India Limited,Vayam technologies Ltd,16,15
CSC e-Governance Services India Limited,Vedavaag Systems Limited,5,7
CSC e-Governance Services India Limited,Zephyr System Pvt.Ltd.,23,22
Canara Bank,FINANCIAL INFORMATION NETWORK,84,33
Canara Bank,Karvy Data Management Services,14,13
Canara Bank,Ojus Healthcare Private Limited,2,2
Canara Bank,Osiris Infotech Pvt. Ltd.,2,0
Canara Bank,Smart Chip Limited,70,38
Canara Bank,Virinchi Technologies Ltd,1,3
Central Bank of India,CALANCE SOFTWARE PRIVATE LTD,2,3
DENA BANK,A-Onerealtors Pvt Ltd,10,7
DENA BANK,APEX Services,13,6
DENA BANK,AS International,0,5
DENA BANK,ATISHAY INFOTECH PVT. LTD.,64,7
DENA BANK,AVVAS INFOTECH PVT  LTD,3,5
DENA BANK,Asha Security Guard Services,28,25
DENA BANK,BNR UDYOG LIMITED,0,4
DENA BANK,Binary Systems,2,3
DENA BANK,Bloom Solutions Pvt Ltd,103,26
DENA BANK,Blue Circle Instrument,114,5
DENA BANK,Business Information Processing Services,2,4
DENA BANK,CALANCE SOFTWARE PRIVATE LTD,1,9
DENA BANK,DATASOFT COMPUTER SERVICES(P),32,8
DENA BANK,Eagle Software India Pvt. Ltd,48,104
DENA BANK,Emdee Digitronics Pvt.Ltd.,1,1
DENA BANK,FINANCIAL INFORMATION NETWORK,74,37
DENA BANK,Gem Computers,1,1
DENA BANK,Gujarat Infotech Ltd.,0,2
DENA BANK,HyperSoft Technologies Ltd,1,5
DENA BANK,IAP COMPANY Pvt. Ltd,177,65
DENA BANK,India Computer Technology,1,2
DENA BANK,JNET Technologies Pvt.Ltd,6,3
DENA BANK,K W Consulting P Ltd,5,14
DENA BANK,M/S STAR DATA CENTRE,1,0
DENA BANK,M/s Gold Square Builders & Promoters Pvt. Ltd.,7,3
DENA BANK,MARS Telecom Systems Pvt Ltd,23,7
DENA BANK,MEGHA VINCOM PVT LTD,33,58
DENA BANK,MKS Enterprises,0,3
DENA BANK,Make India Smart Private Limited,1,2
DENA BANK,Multiwave Innovation,6,12
DENA BANK,Narayana Electricals Solution Pvt Ltd,1,0
DENA BANK,Netlink software Pvt Ltd,5,23
DENA BANK,Nielsen  India  Private Limited,35,74
DENA BANK,Offshoot Agency Pvt. Ltd.,11,9
DENA BANK,Ortem Securities Limited,28,8
DENA BANK,Prodigy Systems and Services Private Limited,1,0
DENA BANK,Radiant Haroti Industries India Ltd,2,4
DENA BANK,SGS INDIA PVT LTD,10,11
DENA BANK,Silver Touch Technologies Ltd,6,4
DENA BANK,Soc for Advancement of Environ Science,1,0
DENA BANK,SoftAge Information Technology Limited,1,2
DENA BANK,Super Printers,29,16
DENA BANK,TechSmart India Pvt Ltd,14,13
DENA BANK,Tera Software Ltd,25,55
DENA BANK,Transline Technologies P Ltd,6,9
DENA BANK,Utility Forms Pvt Ltd,0,8
DENA BANK,VAP INFOSOLUTIONS,3,22
DENA BANK,VISION COMPTECH INTEGRATOR LTD,42,16
DENA BANK,Vedavaag Systems Limited,10,11
DENA BANK,Virinchi Technologies Ltd,12,29
DENA BANK,WEBEL,57,64
DENA BANK,Wipro Ltd,104,62
DENA BANK,Zephyr System Pvt.Ltd.,22,37
Delhi - North DC,NVR & ASSOCIATES LIMITED,7,6
Delhi SW DC,VIRGO SOFTECH LIMITED,0,4
Delhi- West DC,VIRGO SOFTECH LIMITED,14,4
Department of Information Technology Govt of Jharkhand,Blue Circle Instrument,0,1
Department of Information Technology Govt of Jharkhand,Wipro Ltd,6,2
Dept of ITC Govt of Rajasthan,ATISHAY INFOTECH PVT. LTD.,2,10
Dept of ITC Govt of Rajasthan,Academy of Management Studies,0,4
Dept of ITC Govt of Rajasthan,Binary Systems,0,12
Dept of ITC Govt of Rajasthan,Business Information Processing Services,0,13
Dept of ITC Govt of Rajasthan,CMS Computers Ltd,1,6
Dept of ITC Govt of Rajasthan,COMTECH INSTITUTE OFTECHNOLOGY,0,7
Dept of ITC Govt of Rajasthan,DATASOFT COMPUTER SERVICES(P),3,9
Dept of ITC Govt of Rajasthan,FINANCIAL INFORMATION NETWORK,35,48
Dept of ITC Govt of Rajasthan,Gem Computers,5,1
Dept of ITC Govt of Rajasthan,Gujarat Infotech Ltd.,3,4
Dept of ITC Govt of Rajasthan,IAP COMPANY Pvt. Ltd,0,15
Dept of ITC Govt of Rajasthan,Karvy Data Management Services,3,3
Dept of ITC Govt of Rajasthan,MEGHA VINCOM PVT LTD,2,24
Dept of ITC Govt of Rajasthan,Matrix Processing House,0,17
Dept of ITC Govt of Rajasthan,Multiwave Innovation,1,13
Dept of ITC Govt of Rajasthan,Netlink software Pvt Ltd,1,0
Dept of ITC Govt of Rajasthan,Osiris Infotech Pvt. Ltd.,3,21
Dept of ITC Govt of Rajasthan,Radiant Haroti Industries India Ltd,1,45
Dept of ITC Govt of Rajasthan,Radiant Info Systems Ltd,2,3
Dept of ITC Govt of Rajasthan,Ricoh India Limited,0,1
Dept of ITC Govt of Rajasthan,SAR Technology,3,1
Dept of ITC Govt of Rajasthan,SREI INFRASTRUCTURE FINANCES L,7,3
Dept of ITC Govt of Rajasthan,TechSmart India Pvt Ltd,0,8
Dept of ITC Govt of Rajasthan,Transline Technologies P Ltd,6,41
Dept of ITC Govt of Rajasthan,UMC Technologies Pvt. Ltd,1,2
Dept of ITC Govt of Rajasthan,Vakrangee Softwares Limited,55,37
Dept of ITC Govt of Rajasthan,Vayam technologies Ltd,10,18
FCR Govt of Haryana,4G INFORMATICS,0,2
FCR Govt of Haryana,Academy of Management Studies,1,1
FCR Govt of Haryana,Radiant Info Systems Ltd,17,3
FCR Govt of Haryana,SoftAge Information Technology Limited,18,8
FCR Govt of Haryana,Vakrangee Softwares Limited,15,12
FCR Govt of Haryana,Vayam technologies Ltd,9,13
FCS Govt of Punjab,District Sukhmani Society  Jalandhar  Punjab,0,3
FCS Govt of Punjab,District Sukhmani Society  Ludhiana  Punjab,1,2
FCS Govt of Punjab,District Sukhmani Society  Moga  Punjab,0,1
FCS Govt of Punjab,District Sukhmani Society Amritsar Punjab,0,1
FCS Govt of Punjab,District Sukhmani Society Bathinda Punjab,0,1
FCS Govt of Punjab,District Sukhmani Society Ferozepur Punjab,0,1
FCS Govt of Punjab,District Sukhmani Society For Citizen Services SAS Nagar District e-Governance Society Punjab,0,1
FCS Govt of Punjab,District Sukhmani Society Patiala Punjab,1,1
FCS Govt of Punjab,District Sukhmani Society Sri Muktsar Sahib Punjab,1,1
FCS Govt of Punjab,Karvy Computershare Private Li,1,3
FCS Govt of Punjab,Sukhmani Society For Citizens Services Faridkot Punjab,0,1
FCS Govt of Punjab,Vayam technologies Ltd,52,27
Govt of Andhra Pradesh,Gouthami Educational Society,1,1
Govt of Andhra Pradesh,GrapeSoft,0,1
Govt of Andhra Pradesh,TechSmart India Pvt Ltd,0,1
Govt of Andhra Pradesh,Tera Software Ltd,1,0
Govt of Gujarat,GSS Infotech Ltd,0,1
Govt of Gujarat,Karvy Computershare Private Li,4,14
Govt of Gujarat,Silver Touch Technologies Ltd,8,4
Govt of Gujarat,Tera Software Ltd,1,7
Govt of Himachal Pradesh,Wipro Ltd,18,8
Govt of Himachal Pradesh,i-Grandee SoftwareTechnologies,3,1
Govt of Karnataka ,BNR UDYOG LIMITED,2,1
Govt of Karnataka ,Bloom Solutions Pvt Ltd,4,1
Govt of Karnataka ,MARS Telecom Systems Pvt Ltd,0,1
Govt of Karnataka ,Ninestars Information Technologies Ltd,20,2
Govt of Karnataka ,Om Softwares,1,0
Govt of Karnataka ,Origin ITFS Pvt Ltd,18,4
Govt of Karnataka ,SREEVEN INFOCOM LIMITED,2,4
Govt of Kerala,Akshaya,11,8
Govt of Kerala,Keltron,1,0
Govt of Maharashtra,Bharat Technical Solutions Private Limited,1,0
Govt of Maharashtra,Global Finsol Private Limited,0,1
Govt of Maharashtra,SETU MAHARASHTRA,25,3
Govt of Maharashtra,SHREERAM PRINTING PRESS,0,1
Govt of Sikkim - Dept of Econo,Department of Economics Statistics  Monitoring and Evaluation DESME,1,0
IDBI Bank ltd,ATISHAY INFOTECH PVT. LTD.,6,8
IDBI Bank ltd,Matrix Processing House,4,1
IDBI Bank ltd,SREEVEN INFOCOM LIMITED,4,1
Indiapost,Global Finsol Private Limited,5,2
Indiapost,MARS Telecom Systems Pvt Ltd,0,1
Indiapost,Vayam technologies Ltd,3,2
Indiapost,WEBEL,0,1
Information Technology & Communication Department,4G INFORMATICS,0,1
Information Technology & Communication Department,BNR UDYOG LIMITED,2,2
Information Technology & Communication Department,Bloom Solutions Pvt Ltd,2,1
Information Technology & Communication Department,CSS TECHNERGY LIMITED,0,1
Information Technology & Communication Department,Directorate of ESD,56,276
Information Technology & Communication Department,GDC Advertising Pvt. Limited,2,0
Information Technology & Communication Department,JYOTHI COMPUTER SERVICES,1,0
Information Technology & Communication Department,MARS Telecom Systems Pvt Ltd,0,3
Information Technology & Communication Department,SREEVEN INFOCOM LIMITED,0,2
Information Technology & Communication Department,Tera Software Ltd,1,0
Jharkhand,STRATEGIC OUTSOURCING SERVICE,3,1
Jharkhand,Systematic & Advance Const P L,6,2
Jharkhand,VISION COMPTECH INTEGRATOR LTD,2,1
Jharkhand,Wipro Ltd,47,10
NSDL e-Governance Infrastructure Limited,Abhipra Capital Ltd,20,5
NSDL e-Governance Infrastructure Limited,Alankit Finsec Ltd,48,31
NSDL e-Governance Infrastructure Limited,Gujarat Infotech Ltd.,18,24
NSDL e-Governance Infrastructure Limited,IAP COMPANY Pvt. Ltd,1,1
NSDL e-Governance Infrastructure Limited,Karvy Consultants Limited,1,0
NSDL e-Governance Infrastructure Limited,Karvy Data Management Services,298,146
NSDL e-Governance Infrastructure Limited,N.K. Sharma Enterprises Ltd.,4,2
NSDL e-Governance Infrastructure Limited,Netlink software Pvt Ltd,18,4
NSDL e-Governance Infrastructure Limited,Offshoot Agency Pvt. Ltd.,3,14
NSDL e-Governance Infrastructure Limited,PROWIZ MANSYTEMS PVT LTD,16,4
NSDL e-Governance Infrastructure Limited,Promind Solutions P Limited,98,41
NSDL e-Governance Infrastructure Limited,RELIGARE SECURITIES LTD,6,1
NSDL e-Governance Infrastructure Limited,Radiant Haroti Industries India Ltd,7,1
NSDL e-Governance Infrastructure Limited,Ricoh India Limited,2,3
NSDL e-Governance Infrastructure Limited,Sri Ramraja Sarkar Lok Kalyan Trust,9,20
NSDL e-Governance Infrastructure Limited,Utility Forms Pvt Ltd,19,15
NSDL e-Governance Infrastructure Limited,VIRGO SOFTECH LIMITED,35,17
Oriental Bank of Commerce,JNET Technologies Pvt.Ltd,1,1
Oriental Bank of Commerce,Sri Ramraja Sarkar Lok Kalyan Trust,28,6
Oriental Bank of Commerce,Wipro Ltd,20,3
Principal Revenue Commissioner  Dept of Revenue  Govt of MP,GDC Advertising Pvt. Limited,7,1
Principal Revenue Commissioner  Dept of Revenue  Govt of MP,Tera Software Ltd,1,0
Principal Revenue Commissioner  Dept of Revenue  Govt of MP,The NSIC ltd,1,0
Punjab National Bank,Eagle Software India Pvt. Ltd,0,4
Punjab National Bank,Vayam technologies Ltd,0,2
Punjab and Sind Bank,Matrix Processing House,1,7
Registrar General India BEL2,Karvy Data Management Services,0,2
Registrar General India BEL2,Manipur Electronics Dev Corp,0,4
Registrar General India BEL2,Multiwave Innovation,0,4
Registrar General India BEL2,Netlink software Pvt Ltd,0,1
Registrar General India BEL2,Nielsen  India  Private Limited,0,3
Registrar General India BEL2,Om Softwares,0,1
Registrar General India BEL2,SREI INFRASTRUCTURE FINANCES L,0,6
Registrar General India BEL2,STRATEGIC OUTSOURCING SERVICE,5,11
Registrar General India BEL2,Satyanarayana Raju Company Pvt ltd,0,1
Registrar General India BEL2,Swathy Smartcards Hi-Tech Pvt,1,0
Registrar General India BEL2,Swiss Tech India Pvt Ltd,0,3
Registrar General India BEL2,VIRGO SOFTECH LIMITED,0,1
Registrar General India BEL2,Viesa Technologies,4,14
Registrar General India BEL2,WEBEL,0,1
Registrar General India ECIL,AVVAS INFOTECH PVT  LTD,1,0
Registrar General India ECIL,BUSINESS INFORMATION PROCESSING SERVICES,0,2
Registrar General India ECIL,COMTECHINFO SOLUTIONS PVT.LTD,13,1
Registrar General India ECIL,Chinar Construction Company Prime agency,1,3
Registrar General India ECIL,Computer LAB,378,409
Registrar General India ECIL,Eagle Software India Pvt. Ltd,194,58
Registrar General India ECIL,Gundal Infotech Private Limited,1,2
Registrar General India ECIL,In Media Computer Services LLP,1,13
Registrar General India ECIL,India Computer Technology,35,55
Registrar General India ECIL,Karvy Data Management Services,1,10
Registrar General India ECIL,LYRA  CONSULTANCY SERVICE,0,1
Registrar General India ECIL,Madras Security Printers Ltd,0,3
Registrar General India ECIL,Mphasis Ltd,0,4
Registrar General India ECIL,SARADA SYSTEMS,0,14
Registrar General India ECIL,SWISSTECH NPR 57CR PROJECT PVT,1,15
Registrar General India ECIL,Tera Software Ltd,1,6
Registrar General India ECIL,Vedavaag Systems Limited,1,8
Registrar General of India ITI,Karvy Data Management Services,0,5
Registrar General of India ITI,MKS Enterprises,0,1
Registrar General of India ITI,Madras Security Printers Ltd,0,1
Registrar General of India ITI,Netlink software Pvt Ltd,0,2
Registrar General of India ITI,Quick Data IT Services Pvt Ltd,0,1
Registrar General of India ITI,Swathy Smartcards Hi-Tech Pvt,1,0
Registrar General of India ITI,Vedavaag Systems Limited,2,1
Registrar General of India ITI,WEBEL TECHNOLOGY LIMITED,0,1
State Bank of Bikaner & Jaipur,Multiwave Innovation,0,1
UIDAI-Registrar,UIDAI-EA,3,1
Union Bank,FINANCIAL INFORMATION NETWORK,98,123
Union Bank,Smart Chip Limited,29,14
Union Bank,Vakrangee Softwares Limited,37,38
