Registrar,Enrolment Agency,Aadhaar generated,Enrolment Rejected
Allahabad Bank,Asha Security Guard Services,347,2
Allahabad Bank,Nevaeh Technology Pvt. Ltd.,1814,23
Allahabad Bank,PROTEX COMPUTER PVT LTD,484,4
Allahabad Bank,Radiant Haroti Industries India Ltd,134,8
Allahabad Bank,Redim Software Technologies Pvt Ltd,5,6
Allahabad Bank,SGS INDIA PVT LTD,681,24
Allahabad Bank,Sri Ramraja Sarkar Lok Kalyan Trust,726,34
Allahabad Bank,VAP INFOSOLUTIONS,23,1
Allahabad Bank,Vedavaag Systems Limited,73,18
Bank Of India,A3 Logics  India  Ltd,306,31
Bank Of India,Akanksha International,12,0
Bank Of India,DATASOFT COMPUTER SERVICES(P),257,17
Bank Of India,Emdee Digitronics Pvt.Ltd.,7,0
Bank Of India,Frontech Systems Pvt Ltd,162,8
Bank Of India,Matrix Processing House,1,0
Bank Of India,OSWAL COMPUTERS & CONSULTANTS,421,52
Bank Of India,PROTEX COMPUTER PVT LTD,915,27
Bank Of India,SARADA SYSTEMS,1295,85
Bank Of India,SHRIKRISHNA KHANDASARI SUGAR M,4,0
Bank Of India,SREI INFRASTRUCTURE FINANCES L,32875,407
Bank Of India,Systematic & Advance Const P L,2,0
Bank Of India,VEETECHNOLOGIES PVT. LTD,2247,66
Bank of Baroda,Global Finsol Private Limited,398,13
Bank of Maharashtra,FINANCIAL INFORMATION NETWORK,149,2
Bank of Maharashtra,Micro Technologies India Ltd,2,0
Bank of Maharashtra,Tera Software Ltd,569,22
CSC e-Governance Services India Limited,A I Soc for Electronics and Comp Tech,4802,214
CSC e-Governance Services India Limited,AKSH OPTIFIBRE LIMITED,5534,254
CSC e-Governance Services India Limited,BASIX,3438,125
CSC e-Governance Services India Limited,CALANCE SOFTWARE PRIVATE LTD,197,60
CSC e-Governance Services India Limited,CHIPS,1102,54
CSC e-Governance Services India Limited,CMS Computers Ltd,10710,416
CSC e-Governance Services India Limited,CSC e-Governance Services India Limited,199,23
CSC e-Governance Services India Limited,Conatus Infocom Pvt. Ltd,129,5
CSC e-Governance Services India Limited,DATASOFT COMPUTER SERVICES(P),3,0
CSC e-Governance Services India Limited,Intelligent Communication Sys India Ltd,199,13
CSC e-Governance Services India Limited,MANTRA SOFTTECH (INDIA) PVTLTD,344,21
CSC e-Governance Services India Limited,Mahaonline Limited,644,55
CSC e-Governance Services India Limited,NVR & ASSOCIATES LIMITED,37,0
CSC e-Governance Services India Limited,Nekton IT India Pvt Ltd.,1490,143
CSC e-Governance Services India Limited,Network for Information & Computer,435,4
CSC e-Governance Services India Limited,Reliance Communication Limited,2,0
CSC e-Governance Services India Limited,SPANCO,3290,238
CSC e-Governance Services India Limited,SRR Infotech,860,29
CSC e-Governance Services India Limited,Sahaj e-Village Limited,8158,144
CSC e-Governance Services India Limited,Tera Software Ltd,188,18
CSC e-Governance Services India Limited,United Telecoms e-Services Pvt Ltd,667,32
CSC e-Governance Services India Limited,VIKALP MULTIMEDIA,46,51
CSC e-Governance Services India Limited,VISION COMPTECH INTEGRATOR LTD,38,2
CSC e-Governance Services India Limited,Vakrangee Softwares Limited,6,0
CSC e-Governance Services India Limited,Vayam technologies Ltd,1919,122
CSC e-Governance Services India Limited,Vedavaag Systems Limited,4258,50
CSC e-Governance Services India Limited,Zephyr System Pvt.Ltd.,2216,175
Canara Bank,FINANCIAL INFORMATION NETWORK,5768,163
Canara Bank,Karvy Data Management Services,5653,88
Canara Bank,Ojus Healthcare Private Limited,19,3
Canara Bank,Osiris Infotech Pvt. Ltd.,5,0
Canara Bank,Smart Chip Limited,8649,319
Canara Bank,Virinchi Technologies Ltd,499,7
Central Bank of India,CALANCE SOFTWARE PRIVATE LTD,1,0
Central Bank of India,IAP COMPANY Pvt. Ltd,101,11
DENA BANK,77 Infosystems Pvt Ltd,267,1
DENA BANK,A-Onerealtors Pvt Ltd,899,44
DENA BANK,APEX Services,183,14
DENA BANK,AS International,247,46
DENA BANK,ATISHAY INFOTECH PVT. LTD.,823,13
DENA BANK,AVVAS INFOTECH PVT  LTD,859,137
DENA BANK,Asha Security Guard Services,677,57
DENA BANK,BNR UDYOG LIMITED,182,0
DENA BANK,Binary Systems,525,4
DENA BANK,Bloom Solutions Pvt Ltd,5389,44
DENA BANK,Blue Circle Instrument,1402,26
DENA BANK,Business Information Processing Services,431,32
DENA BANK,CALANCE SOFTWARE PRIVATE LTD,1123,38
DENA BANK,DATASOFT COMPUTER SERVICES(P),1041,40
DENA BANK,DEVASHISH SECURITIES PVT. LTD.,87,0
DENA BANK,Eagle Software India Pvt. Ltd,1666,122
DENA BANK,Emdee Digitronics Pvt.Ltd.,14,3
DENA BANK,FINANCIAL INFORMATION NETWORK,4977,230
DENA BANK,Gem Computers,590,8
DENA BANK,Gujarat Infotech Ltd.,42,0
DENA BANK,HyperSoft Technologies Ltd,2679,8
DENA BANK,IAP COMPANY Pvt. Ltd,11764,375
DENA BANK,India Computer Technology,1217,70
DENA BANK,JNET Technologies Pvt.Ltd,4,1
DENA BANK,K W Consulting P Ltd,2077,50
DENA BANK,M/S STAR DATA CENTRE,145,1
DENA BANK,M/s Gold Square Builders & Promoters Pvt. Ltd.,1224,18
DENA BANK,MARS Telecom Systems Pvt Ltd,1283,14
DENA BANK,MEGHA VINCOM PVT LTD,1972,376
DENA BANK,MKS Enterprises,800,72
DENA BANK,Make India Smart Private Limited,2094,60
DENA BANK,Multiwave Innovation,1244,85
DENA BANK,NVR & ASSOCIATES LIMITED,1628,20
DENA BANK,Netlink software Pvt Ltd,2178,108
DENA BANK,Nielsen  India  Private Limited,7398,201
DENA BANK,Offshoot Agency Pvt. Ltd.,426,94
DENA BANK,Ortem Securities Limited,267,5
DENA BANK,Prodigy Systems and Services Private Limited,304,12
DENA BANK,Radiant Haroti Industries India Ltd,827,33
DENA BANK,Ricoh India Limited,248,10
DENA BANK,SGS INDIA PVT LTD,1826,150
DENA BANK,Silver Touch Technologies Ltd,1137,36
DENA BANK,Sixth Dimension Project Solutions Ltd,187,0
DENA BANK,Soc for Advancement of Environ Science,1,0
DENA BANK,SoftAge Information Technology Limited,100,0
DENA BANK,Super Printers,1288,42
DENA BANK,Systematic & Advance Const P L,204,10
DENA BANK,TechSmart India Pvt Ltd,1496,9
DENA BANK,Tera Software Ltd,19695,588
DENA BANK,The NSIC ltd,298,0
DENA BANK,Transline Technologies P Ltd,1044,19
DENA BANK,Utility Forms Pvt Ltd,168,25
DENA BANK,VAP INFOSOLUTIONS,3170,143
DENA BANK,VISION COMPTECH INTEGRATOR LTD,3509,39
DENA BANK,Vedavaag Systems Limited,2269,2
DENA BANK,Virinchi Technologies Ltd,1750,66
DENA BANK,WEBEL,3236,399
DENA BANK,Wipro Ltd,3730,233
DENA BANK,Zephyr System Pvt.Ltd.,7607,252
Dept of ITC Govt of Rajasthan,AKSH OPTIFIBRE LIMITED,726,2
Dept of ITC Govt of Rajasthan,ATISHAY INFOTECH PVT. LTD.,409,16
Dept of ITC Govt of Rajasthan,AVVAS INFOTECH PVT  LTD,2,0
Dept of ITC Govt of Rajasthan,Academy of Management Studies,41,0
Dept of ITC Govt of Rajasthan,Binary Systems,150,34
Dept of ITC Govt of Rajasthan,Business Information Processing Services,594,1
Dept of ITC Govt of Rajasthan,CMS Computers Ltd,927,13
Dept of ITC Govt of Rajasthan,COMTECH INSTITUTE OFTECHNOLOGY,16,9
Dept of ITC Govt of Rajasthan,DATASOFT COMPUTER SERVICES(P),860,55
Dept of ITC Govt of Rajasthan,FINANCIAL INFORMATION NETWORK,1650,108
Dept of ITC Govt of Rajasthan,Gem Computers,238,13
Dept of ITC Govt of Rajasthan,Gujarat Infotech Ltd.,21,3
Dept of ITC Govt of Rajasthan,IAP COMPANY Pvt. Ltd,110,8
Dept of ITC Govt of Rajasthan,Karvy Data Management Services,41,1
Dept of ITC Govt of Rajasthan,MEGHA VINCOM PVT LTD,369,18
Dept of ITC Govt of Rajasthan,Matrix Processing House,248,27
Dept of ITC Govt of Rajasthan,Multiwave Innovation,134,144
Dept of ITC Govt of Rajasthan,Osiris Infotech Pvt. Ltd.,627,18
Dept of ITC Govt of Rajasthan,Radiant Haroti Industries India Ltd,680,23
Dept of ITC Govt of Rajasthan,Radiant Info Systems Ltd,3,53
Dept of ITC Govt of Rajasthan,Ricoh India Limited,289,20
Dept of ITC Govt of Rajasthan,SAR Technology,502,51
Dept of ITC Govt of Rajasthan,SREI INFRASTRUCTURE FINANCES L,215,14
Dept of ITC Govt of Rajasthan,TechSmart India Pvt Ltd,39,2
Dept of ITC Govt of Rajasthan,Transline Technologies P Ltd,35,65
Dept of ITC Govt of Rajasthan,UMC Technologies Pvt. Ltd,402,19
Dept of ITC Govt of Rajasthan,VIRGO SOFTECH LIMITED,1,0
Dept of ITC Govt of Rajasthan,VISION COMPTECH INTEGRATOR LTD,31,4
Dept of ITC Govt of Rajasthan,Vakrangee Softwares Limited,3777,216
Dept of ITC Govt of Rajasthan,Vayam technologies Ltd,628,8
FCR Govt of Haryana,Academy of Management Studies,303,12
FCR Govt of Haryana,Radiant Info Systems Ltd,57,19
FCR Govt of Haryana,SoftAge Information Technology Limited,1285,103
FCR Govt of Haryana,Vayam technologies Ltd,27,4
FCS Govt of Punjab,District Sukhmani Society  Jalandhar  Punjab,18,8
FCS Govt of Punjab,District Sukhmani Society  Ludhiana  Punjab,103,33
FCS Govt of Punjab,District Sukhmani Society  Moga  Punjab,35,1
FCS Govt of Punjab,District Sukhmani Society Amritsar Punjab,84,12
FCS Govt of Punjab,District Sukhmani Society Barnala Punjab,60,4
FCS Govt of Punjab,District Sukhmani Society Bathinda Punjab,100,17
FCS Govt of Punjab,District Sukhmani Society Fatehgarh Sahib Punjab,39,16
FCS Govt of Punjab,District Sukhmani Society Fazilka Punjab,61,10
FCS Govt of Punjab,District Sukhmani Society Ferozepur Punjab,39,11
FCS Govt of Punjab,District Sukhmani Society For Citizen Services Mansa Punjab,43,3
FCS Govt of Punjab,District Sukhmani Society For Citizen Services Nawanshahr Punjab,52,3
FCS Govt of Punjab,District Sukhmani Society For Citizen Services SAS Nagar District e-Governance Society Punjab,160,14
FCS Govt of Punjab,District Sukhmani Society Pathankot Punjab,22,13
FCS Govt of Punjab,District Sukhmani Society Patiala Punjab,71,3
FCS Govt of Punjab,District Sukhmani Society Rupnagar Punjab,17,0
FCS Govt of Punjab,District Sukhmani Society Sangrur Punjab,42,7
FCS Govt of Punjab,District Sukhmani Society Sri Muktsar Sahib Punjab,35,13
FCS Govt of Punjab,District Sukhmani Society Tarn Taran Punjab,50,3
FCS Govt of Punjab,Karvy Computershare Private Li,5,0
FCS Govt of Punjab,Sukhmani Society For Citizen Services  Kapurthala  Punjab,23,1
FCS Govt of Punjab,Sukhmani Society For Citizen Services Gurdaspur Punjab,48,0
FCS Govt of Punjab,Sukhmani Society For Citizens Services Faridkot Punjab,42,7
FCS Govt of Punjab,Suwidha Society Hoshiarpur Punjab,76,13
FCS Govt of Punjab,Vayam technologies Ltd,44,4
FCS Govt of Punjab,eCentric solutions pvt ltd,355,117
Govt of Andhra Pradesh,Gouthami Educational Society,41,2
Govt of Andhra Pradesh,GrapeSoft,3,0
Govt of Andhra Pradesh,TechSmart India Pvt Ltd,1,0
Govt of Gujarat,Karvy Computershare Private Li,833,71
Govt of Gujarat,Silver Touch Technologies Ltd,1259,20
Govt of Gujarat,Tera Software Ltd,823,1
Govt of Gujarat,Vayam technologies Ltd,636,8
Govt of Gujarat,eCentric solutions pvt ltd,7,0
Govt of Himachal Pradesh,i-Grandee SoftwareTechnologies,47,1
Govt of Karnataka ,BNR UDYOG LIMITED,1,0
Govt of Karnataka ,Ninestars Information Technologies Ltd,1,0
Govt of Kerala,Akshaya,2156,245
Govt of Maharashtra,M/S King Computer System pvt Ltd,3,0
Govt of Maharashtra,M/s. Vidya Online  Pune,4,0
Govt of Maharashtra,Rudranee Infotech Ltd,1,0
Govt of Maharashtra,SETU MAHARASHTRA,382,5
Govt of Maharashtra,SILVER JUBILEE MOTORS LTD.,177,1
Govt of Maharashtra,Silver Touch Technologies Ltd,1,0
Govt of Sikkim - Dept of Econo,Department of Economics Statistics  Monitoring and Evaluation DESME,1,0
IDBI Bank ltd,ATISHAY INFOTECH PVT. LTD.,404,35
IDBI Bank ltd,Matrix Processing House,194,5
IDBI Bank ltd,SREEVEN INFOCOM LIMITED,767,19
Indiapost,Delhi Integrated MMTS Ltd,0,1
Indiapost,M/S STAR DATA CENTRE,1,0
Indiapost,Vayam technologies Ltd,22,1
Information Technology & Communication Department,Directorate of ESD,5325,1101
Information Technology & Communication Department,MARS Telecom Systems Pvt Ltd,16,3
Jharkhand,VISION COMPTECH INTEGRATOR LTD,1,0
NSDL e-Governance Infrastructure Limited,Abhipra Capital Ltd,750,64
NSDL e-Governance Infrastructure Limited,Alankit Finsec Ltd,3778,340
NSDL e-Governance Infrastructure Limited,COMTECHINFO SOLUTIONS PVT.LTD,76,2
NSDL e-Governance Infrastructure Limited,Gujarat Infotech Ltd.,2529,99
NSDL e-Governance Infrastructure Limited,IAP COMPANY Pvt. Ltd,96,0
NSDL e-Governance Infrastructure Limited,Karvy Data Management Services,42625,1239
NSDL e-Governance Infrastructure Limited,N.K. Sharma Enterprises Ltd.,258,2
NSDL e-Governance Infrastructure Limited,Netlink software Pvt Ltd,179,15
NSDL e-Governance Infrastructure Limited,Offshoot Agency Pvt. Ltd.,623,12
NSDL e-Governance Infrastructure Limited,Ojus G Enterprises,523,9
NSDL e-Governance Infrastructure Limited,PROWIZ MANSYTEMS PVT LTD,1,0
NSDL e-Governance Infrastructure Limited,Promind Solutions P Limited,2089,152
NSDL e-Governance Infrastructure Limited,RELIGARE SECURITIES LTD,1281,57
NSDL e-Governance Infrastructure Limited,Radiant Haroti Industries India Ltd,589,16
NSDL e-Governance Infrastructure Limited,Ricoh India Limited,1131,293
NSDL e-Governance Infrastructure Limited,Sri Ramraja Sarkar Lok Kalyan Trust,992,106
NSDL e-Governance Infrastructure Limited,Utility Forms Pvt Ltd,3447,81
NSDL e-Governance Infrastructure Limited,VIRGO SOFTECH LIMITED,8713,189
Oriental Bank of Commerce,DATASOFT COMPUTER SERVICES(P),1,0
Oriental Bank of Commerce,Sri Ramraja Sarkar Lok Kalyan Trust,15,1
Oriental Bank of Commerce,Wipro Ltd,1,0
Principal Revenue Commissioner  Dept of Revenue  Govt of MP,Netlink software Pvt Ltd,1,0
Project Coordinator UID Project Madhya Pradesh,A I Soc for Electronics and Comp Tech,51,16
Project Coordinator UID Project Madhya Pradesh,LYRA  CONSULTANCY SERVICE,0,8
Project Coordinator UID Project Madhya Pradesh,Matrix Processing House,5,0
Project Coordinator UID Project Madhya Pradesh,OSWAL COMPUTERS & CONSULTANTS,132,64
Punjab National Bank,Alankit Finsec Ltd,54,13
Punjab National Bank,Eagle Software India Pvt. Ltd,2439,30
Punjab National Bank,Smart Chip Limited,204,5
Punjab National Bank,Vayam technologies Ltd,66,0
Punjab and Sind Bank,Matrix Processing House,2218,33
Registrar General India BEL2,Bharat Electronics Limited,24,0
Registrar General India BEL2,Emdee Digitronics Pvt.Ltd.,1,0
Registrar General India BEL2,In Media Computer Services LLP,0,1
Registrar General India BEL2,India Computer Technology,2,0
Registrar General India BEL2,Karvy Data Management Services,165,0
Registrar General India BEL2,MACRO INFOTECH PVT LTD,159,1
Registrar General India BEL2,MKS Enterprises,26,0
Registrar General India BEL2,Madras Security Printers Ltd,2194,86
Registrar General India BEL2,Manipur Electronics Dev Corp,144,4
Registrar General India BEL2,Multiwave Innovation,38,0
Registrar General India BEL2,Netlink software Pvt Ltd,4,2
Registrar General India BEL2,Nevaeh Technology Pvt. Ltd.,1,0
Registrar General India BEL2,Nielsen  India  Private Limited,55,0
Registrar General India BEL2,Om Softwares,1,0
Registrar General India BEL2,SREI INFRASTRUCTURE FINANCES L,1447,4
Registrar General India BEL2,STRATEGIC OUTSOURCING SERVICE,5,20
Registrar General India BEL2,Satyanarayana Raju Company Pvt ltd,4859,32
Registrar General India BEL2,Swathy Smartcards Hi-Tech Pvt,2,0
Registrar General India BEL2,Tera Software Ltd,4,5
Registrar General India BEL2,UNITED DATA SERVICES PRIVATE LIMITED,0,1
Registrar General India BEL2,Urmila Info solution,1,0
Registrar General India BEL2,Vansh Infotech Pvt Ltd,1,0
Registrar General India BEL2,Vedavaag Systems Limited,63,0
Registrar General India BEL2,Viesa Technologies,5111,59
Registrar General India BEL2,WEBEL,1,45
Registrar General India ECIL,AVVAS INFOTECH PVT  LTD,1,0
Registrar General India ECIL,COMTECHINFO SOLUTIONS PVT.LTD,6994,51
Registrar General India ECIL,Chinar Construction Company Prime agency,3,11
Registrar General India ECIL,Computer LAB,2154,640
Registrar General India ECIL,Eagle Software India Pvt. Ltd,11132,454
Registrar General India ECIL,In Media Computer Services LLP,1007,0
Registrar General India ECIL,Karvy Data Management Services,1034,2
Registrar General India ECIL,LYRA  CONSULTANCY SERVICE,794,6
Registrar General India ECIL,Madras Security Printers Ltd,6446,118
Registrar General India ECIL,Mphasis Ltd,318,1
Registrar General India ECIL,Netwing Technologies Pvt Ltd,1,0
Registrar General India ECIL,Nielsen  India  Private Limited,3,0
Registrar General India ECIL,Quick Data IT Services Pvt Ltd,1,0
Registrar General India ECIL,SARADA SYSTEMS,1116,3
Registrar General India ECIL,SWISSTECH NPR 57CR PROJECT PVT,2,0
Registrar General India ECIL,Tera Software Ltd,603,2
Registrar General India Others,Mphasis Ltd,1,0
Registrar General India Others,STRATEGIC OUTSOURCING SERVICE,0,1
Registrar General India Others,Tera Software Ltd,0,97
Registrar General of India ITI,Eagle Software India Pvt. Ltd,3,0
Registrar General of India ITI,Emdee Digitronics Pvt.Ltd.,3036,32
Registrar General of India ITI,Karvy Data Management Services,50,1
Registrar General of India ITI,MACRO INFOTECH PVT LTD,1,0
Registrar General of India ITI,MKS Enterprises,0,1
Registrar General of India ITI,Madras Security Printers Ltd,166,0
Registrar General of India ITI,Nielsen  India  Private Limited,0,3
Registrar General of India ITI,Quick Data IT Services Pvt Ltd,111,0
Registrar General of India ITI,Satyanarayana Raju Company Pvt ltd,1,0
Registrar General of India ITI,Swathy Smartcards Hi-Tech Pvt,1,14
Registrar General of India ITI,VIRGO SOFTECH LIMITED,553,5
Registrar General of India ITI,WEBEL TECHNOLOGY LIMITED,582,17
UIDAI-Registrar,UIDAI-EA,36,7
Union Bank,FINANCIAL INFORMATION NETWORK,3923,426
Union Bank,Smart Chip Limited,1478,121
Union Bank,Vakrangee Softwares Limited,12028,160
