Registrar,Enrolment Agency,Aadhaar generated,Enrolment Rejected
Allahabad Bank,Asha Security Guard Services,76,3
Allahabad Bank,Nevaeh Technology Pvt. Ltd.,13,3
Allahabad Bank,Radiant Haroti Industries India Ltd,44,0
Bank Of India,A3 Logics  India  Ltd,1,1
Bank Of India,Akanksha International,1,3
Bank Of India,DATASOFT COMPUTER SERVICES(P),6,2
Bank Of India,Frontech Systems Pvt Ltd,18,1
Bank Of India,OSWAL COMPUTERS & CONSULTANTS,17,26
Bank Of India,PROTEX COMPUTER PVT LTD,5,1
Bank Of India,SREI INFRASTRUCTURE FINANCES L,38,5
Bank Of India,VEETECHNOLOGIES PVT. LTD,62,13
Bank of Baroda,Global Finsol Private Limited,43,19
Bank of Maharashtra,Tera Software Ltd,1,22
CSC e-Governance Services India Limited,CALANCE SOFTWARE PRIVATE LTD,6,4
CSC e-Governance Services India Limited,CSC e-Governance Services India Limited,33,3
CSC e-Governance Services India Limited,Mahaonline Limited,66,36
CSC e-Governance Services India Limited,Network for Information & Computer,2,0
CSC e-Governance Services India Limited,SPANCO,103,30
CSC e-Governance Services India Limited,Tera Software Ltd,1,4
CSC e-Governance Services India Limited,Vayam technologies Ltd,65,21
CSC e-Governance Services India Limited,Zephyr System Pvt.Ltd.,161,47
Canara Bank,FINANCIAL INFORMATION NETWORK,30,14
Canara Bank,Karvy Data Management Services,126,19
DENA BANK,A-Onerealtors Pvt Ltd,24,18
DENA BANK,AS International,1,5
DENA BANK,AVVAS INFOTECH PVT  LTD,3,3
DENA BANK,Asha Security Guard Services,14,8
DENA BANK,Bloom Solutions Pvt Ltd,165,29
DENA BANK,CALANCE SOFTWARE PRIVATE LTD,54,5
DENA BANK,DATASOFT COMPUTER SERVICES(P),39,8
DENA BANK,Emdee Digitronics Pvt.Ltd.,50,3
DENA BANK,FINANCIAL INFORMATION NETWORK,73,27
DENA BANK,Gem Computers,169,4
DENA BANK,HyperSoft Technologies Ltd,108,4
DENA BANK,IAP COMPANY Pvt. Ltd,158,7
DENA BANK,India Computer Technology,13,1
DENA BANK,M/S STAR DATA CENTRE,1,0
DENA BANK,MARS Telecom Systems Pvt Ltd,88,17
DENA BANK,MKS Enterprises,1,0
DENA BANK,Multiwave Innovation,24,12
DENA BANK,NVR & ASSOCIATES LIMITED,3,2
DENA BANK,Netlink software Pvt Ltd,57,8
DENA BANK,Nielsen  India  Private Limited,161,20
DENA BANK,Offshoot Agency Pvt. Ltd.,9,2
DENA BANK,Ortem Securities Limited,19,83
DENA BANK,Prodigy Systems and Services Private Limited,32,3
DENA BANK,Radiant Haroti Industries India Ltd,31,1
DENA BANK,SGS INDIA PVT LTD,61,15
DENA BANK,Silver Touch Technologies Ltd,7,15
DENA BANK,Soc for Advancement of Environ Science,16,5
DENA BANK,Super Printers,169,17
DENA BANK,TechSmart India Pvt Ltd,233,15
DENA BANK,Tera Software Ltd,136,20
DENA BANK,Transline Technologies P Ltd,64,0
DENA BANK,Utility Forms Pvt Ltd,12,8
DENA BANK,VAP INFOSOLUTIONS,14,3
DENA BANK,VISION COMPTECH INTEGRATOR LTD,2,0
DENA BANK,WEBEL,20,17
DENA BANK,Wipro Ltd,27,19
DENA BANK,Zephyr System Pvt.Ltd.,504,109
Dept of ITC Govt of Rajasthan,Academy of Management Studies,1,0
Dept of ITC Govt of Rajasthan,DATASOFT COMPUTER SERVICES(P),58,54
Dept of ITC Govt of Rajasthan,FINANCIAL INFORMATION NETWORK,63,6
Dept of ITC Govt of Rajasthan,IAP COMPANY Pvt. Ltd,8,1
Dept of ITC Govt of Rajasthan,Matrix Processing House,2,1
Dept of ITC Govt of Rajasthan,Multiwave Innovation,0,22
Dept of ITC Govt of Rajasthan,Radiant Info Systems Ltd,9,1
Dept of ITC Govt of Rajasthan,SAR Technology,77,7
Dept of ITC Govt of Rajasthan,Transline Technologies P Ltd,111,33
Dept of ITC Govt of Rajasthan,Vayam technologies Ltd,18,5
FCR Govt of Haryana,Academy of Management Studies,6,3
FCR Govt of Haryana,Radiant Info Systems Ltd,9,1
FCR Govt of Haryana,SoftAge Information Technology Limited,51,18
FCS Govt of Punjab,Karvy Computershare Private Li,1,0
FCS Govt of Punjab,eCentric solutions pvt ltd,2,0
Govt of Andhra Pradesh,Gouthami Educational Society,1,0
Govt of Gujarat,Karvy Computershare Private Li,1,1
Govt of Gujarat,Silver Touch Technologies Ltd,23,2
Govt of Gujarat,Tera Software Ltd,217,4
Govt of Gujarat,eCentric solutions pvt ltd,1,0
Govt of Himachal Pradesh,i-Grandee SoftwareTechnologies,59,31
Govt of Kerala,Akshaya,130,26
Govt of Kerala,Keltron,0,1
Govt of Maharashtra,SETU MAHARASHTRA,23,0
Govt of Sikkim - Dept of Econo,Department of Economics Statistics  Monitoring and Evaluation DESME,57,2
IDBI Bank ltd,ATISHAY INFOTECH PVT. LTD.,4,3
IDBI Bank ltd,Matrix Processing House,4,1
IDBI Bank ltd,SREEVEN INFOCOM LIMITED,0,1
Indiapost,Vayam technologies Ltd,14,8
Information Technology & Communication Department,MARS Telecom Systems Pvt Ltd,20,3
NSDL e-Governance Infrastructure Limited,Alankit Finsec Ltd,105,54
NSDL e-Governance Infrastructure Limited,COMTECHINFO SOLUTIONS PVT.LTD,1,0
NSDL e-Governance Infrastructure Limited,Gujarat Infotech Ltd.,152,38
NSDL e-Governance Infrastructure Limited,Karvy Data Management Services,937,368
NSDL e-Governance Infrastructure Limited,Netlink software Pvt Ltd,13,1
NSDL e-Governance Infrastructure Limited,Offshoot Agency Pvt. Ltd.,17,25
NSDL e-Governance Infrastructure Limited,Ojus G Enterprises,1,1
NSDL e-Governance Infrastructure Limited,Promind Solutions P Limited,218,55
NSDL e-Governance Infrastructure Limited,RELIGARE SECURITIES LTD,25,20
NSDL e-Governance Infrastructure Limited,Radiant Haroti Industries India Ltd,8,2
NSDL e-Governance Infrastructure Limited,Ricoh India Limited,52,16
NSDL e-Governance Infrastructure Limited,Sri Ramraja Sarkar Lok Kalyan Trust,108,43
NSDL e-Governance Infrastructure Limited,Utility Forms Pvt Ltd,104,7
NSDL e-Governance Infrastructure Limited,VIRGO SOFTECH LIMITED,10,1
Punjab National Bank,Vayam technologies Ltd,10,0
Punjab and Sind Bank,Matrix Processing House,17,1
Registrar General India BEL2,Karvy Data Management Services,0,9
Registrar General India BEL2,Manipur Electronics Dev Corp,6,0
Registrar General India BEL2,Netlink software Pvt Ltd,5,0
Registrar General India BEL2,SREI INFRASTRUCTURE FINANCES L,332,2
Registrar General India ECIL,COMTECHINFO SOLUTIONS PVT.LTD,1,0
Registrar General India ECIL,Chinar Construction Company Prime agency,494,18
Registrar General India ECIL,Computer LAB,413,30
Registrar General India ECIL,Eagle Software India Pvt. Ltd,72,96
Registrar General India ECIL,In Media Computer Services LLP,5,2
Registrar General India ECIL,India Computer Technology,0,4
Registrar General India ECIL,Integrated Systems & Services,4,1
Registrar General India ECIL,LYRA  CONSULTANCY SERVICE,1,0
Registrar General India ECIL,Madras Security Printers Ltd,72,49
Registrar General India ECIL,Nielsen  India  Private Limited,21,4
Registrar General India ECIL,SARADA SYSTEMS,139,0
Registrar General India Others,Clairvoyance Technologies Pvt.,1,2
Registrar General of India ITI,Emdee Digitronics Pvt.Ltd.,2,6
Registrar General of India ITI,In Media Computer Services LLP,3,0
Registrar General of India ITI,Karvy Data Management Services,0,1
Registrar General of India ITI,WEBEL TECHNOLOGY LIMITED,8,2
Union Bank,FINANCIAL INFORMATION NETWORK,393,74
