Registrar,Enrolment Agency,Aadhaar generated,Enrolment Rejected
Allahabad Bank,Asha Security Guard Services,75,135
Allahabad Bank,Nevaeh Technology Pvt. Ltd.,5916,121
Allahabad Bank,PROTEX COMPUTER PVT LTD,138,5
Allahabad Bank,Radiant Haroti Industries India Ltd,45,180
Allahabad Bank,Redim Software Technologies Pvt Ltd,8,4
Allahabad Bank,SGS INDIA PVT LTD,50,22
Allahabad Bank,VAP INFOSOLUTIONS,8,3
Allahabad Bank,Vakrangee Softwares Limited,0,4
Allahabad Bank,Vedavaag Systems Limited,22,2
Bank Of India,A3 Logics  India  Ltd,1073,107
Bank Of India,Akanksha International,6,5
Bank Of India,Blue Circle Instrument,1,4
Bank Of India,CHESSY CONSULTANTS PVT LTD,2,4
Bank Of India,DATASOFT COMPUTER SERVICES(P),1951,159
Bank Of India,Emdee Digitronics Pvt.Ltd.,348,5
Bank Of India,Frontech Systems Pvt Ltd,1504,150
Bank Of India,Matrix Processing House,0,1
Bank Of India,OSWAL COMPUTERS & CONSULTANTS,2630,612
Bank Of India,PROTEX COMPUTER PVT LTD,5160,66
Bank Of India,SARADA SYSTEMS,7521,439
Bank Of India,SHRIKRISHNA KHANDASARI SUGAR M,2,0
Bank Of India,SPANCO,0,1
Bank Of India,SREI INFRASTRUCTURE FINANCES L,35283,868
Bank Of India,Systematic & Advance Const P L,0,3
Bank Of India,VEETECHNOLOGIES PVT. LTD,7369,417
Bank Of India,Vakrangee Softwares Limited,1,0
Bank of Baroda,Global Finsol Private Limited,1244,62
Bank of Maharashtra,FINANCIAL INFORMATION NETWORK,263,7
Bank of Maharashtra,Tera Software Ltd,1496,359
CSC e-Governance Services India Limited,A I Soc for Electronics and Comp Tech,3301,564
CSC e-Governance Services India Limited,AKSH OPTIFIBRE LIMITED,644,716
CSC e-Governance Services India Limited,BASIX,3714,947
CSC e-Governance Services India Limited,CALANCE SOFTWARE PRIVATE LTD,1068,130
CSC e-Governance Services India Limited,CHIPS,116,76
CSC e-Governance Services India Limited,CMS Computers Ltd,4923,1203
CSC e-Governance Services India Limited,CSC e-Governance Services India Limited,1019,58
CSC e-Governance Services India Limited,Conatus Infocom Pvt. Ltd,35,99
CSC e-Governance Services India Limited,Intelligent Communication Sys India Ltd,101,97
CSC e-Governance Services India Limited,MANTRA SOFTTECH (INDIA) PVTLTD,8828,315
CSC e-Governance Services India Limited,Mahaonline Limited,621,228
CSC e-Governance Services India Limited,Nekton IT India Pvt Ltd.,412,203
CSC e-Governance Services India Limited,Network for Information & Computer,99,209
CSC e-Governance Services India Limited,Reliance Communication Limited,3,1
CSC e-Governance Services India Limited,SPANCO,6684,489
CSC e-Governance Services India Limited,SRR Infotech,163,264
CSC e-Governance Services India Limited,Sahaj e-Village Limited,971,432
CSC e-Governance Services India Limited,Tera Software Ltd,653,43
CSC e-Governance Services India Limited,United Telecoms e-Services Pvt Ltd,217,357
CSC e-Governance Services India Limited,VIKALP MULTIMEDIA,81,109
CSC e-Governance Services India Limited,Vakrangee Softwares Limited,9,0
CSC e-Governance Services India Limited,Vayam technologies Ltd,707,575
CSC e-Governance Services India Limited,Vedavaag Systems Limited,536,133
CSC e-Governance Services India Limited,Zephyr System Pvt.Ltd.,5765,354
Canara Bank,FINANCIAL INFORMATION NETWORK,43022,1151
Canara Bank,Karvy Data Management Services,471,1686
Canara Bank,Ojus Healthcare Private Limited,10,0
Canara Bank,Osiris Infotech Pvt. Ltd.,12,39
Canara Bank,Smart Chip Limited,19129,1187
Canara Bank,Virinchi Technologies Ltd,1444,103
Central Bank of India,CALANCE SOFTWARE PRIVATE LTD,0,1
Central Bank of India,IAP COMPANY Pvt. Ltd,173,6
Central Bank of India,The Peerless General Finance,0,1
DENA BANK,77 Infosystems Pvt Ltd,35,64
DENA BANK,A-Onerealtors Pvt Ltd,80,111
DENA BANK,APEX Services,53,132
DENA BANK,AS International,122,363
DENA BANK,ATISHAY INFOTECH PVT. LTD.,5112,172
DENA BANK,AVVAS INFOTECH PVT  LTD,5401,315
DENA BANK,Asha Security Guard Services,172,240
DENA BANK,BNR UDYOG LIMITED,10,25
DENA BANK,Binary Systems,95,25
DENA BANK,Bloom Solutions Pvt Ltd,1796,488
DENA BANK,Blue Circle Instrument,4157,147
DENA BANK,Business Information Processing Services,35,43
DENA BANK,CALANCE SOFTWARE PRIVATE LTD,4258,594
DENA BANK,DATASOFT COMPUTER SERVICES(P),3644,176
DENA BANK,DEVASHISH SECURITIES PVT. LTD.,634,5
DENA BANK,Eagle Software India Pvt. Ltd,11266,535
DENA BANK,Emdee Digitronics Pvt.Ltd.,9428,169
DENA BANK,FINANCIAL INFORMATION NETWORK,22437,573
DENA BANK,Gem Computers,130,53
DENA BANK,Gujarat Infotech Ltd.,160,22
DENA BANK,HyperSoft Technologies Ltd,322,1070
DENA BANK,IAP COMPANY Pvt. Ltd,62020,2182
DENA BANK,India Computer Technology,874,47
DENA BANK,JNET Technologies Pvt.Ltd,20,16
DENA BANK,K W Consulting P Ltd,1017,263
DENA BANK,M/S STAR DATA CENTRE,87,64
DENA BANK,M/s Gold Square Builders & Promoters Pvt. Ltd.,415,86
DENA BANK,MARS Telecom Systems Pvt Ltd,10863,667
DENA BANK,MEGHA VINCOM PVT LTD,793,559
DENA BANK,MKS Enterprises,12768,348
DENA BANK,Make India Smart Private Limited,246,67
DENA BANK,Multiwave Innovation,18813,401
DENA BANK,NVR & ASSOCIATES LIMITED,219,109
DENA BANK,Netlink software Pvt Ltd,2754,332
DENA BANK,Nielsen  India  Private Limited,1693,995
DENA BANK,Offshoot Agency Pvt. Ltd.,101,103
DENA BANK,Ortem Securities Limited,121,133
DENA BANK,Prodigy Systems and Services Private Limited,11,11
DENA BANK,Radiant Haroti Industries India Ltd,255,929
DENA BANK,Ricoh India Limited,13,139
DENA BANK,SGS INDIA PVT LTD,258,132
DENA BANK,Silver Touch Technologies Ltd,203,116
DENA BANK,Sixth Dimension Project Solutions Ltd,95,3
DENA BANK,Soc for Advancement of Environ Science,12,35
DENA BANK,SoftAge Information Technology Limited,22,10
DENA BANK,Super Printers,300,74
DENA BANK,Systematic & Advance Const P L,166,13
DENA BANK,TechSmart India Pvt Ltd,2414,216
DENA BANK,Tera Software Ltd,20433,713
DENA BANK,The NSIC ltd,1091,13
DENA BANK,Transline Technologies P Ltd,411,148
DENA BANK,Utility Forms Pvt Ltd,59,45
DENA BANK,VAP INFOSOLUTIONS,387,316
DENA BANK,VISION COMPTECH INTEGRATOR LTD,5452,216
DENA BANK,Vedavaag Systems Limited,454,336
DENA BANK,Virinchi Technologies Ltd,274,921
DENA BANK,WEBEL,16485,2586
DENA BANK,Wipro Ltd,11055,925
DENA BANK,Zephyr System Pvt.Ltd.,1114,388
Delhi - Central DC,Smart Chip Limited,0,5
Delhi - East DC,DATASOFT COMPUTER SERVICES(P),1,1
Delhi - NE DC,Smart Chip Limited,0,3
Delhi - North DC,CALANCE SOFTWARE PRIVATE LTD,1,1
Delhi - North DC,NVR & ASSOCIATES LIMITED,0,4
Delhi - North DC,Smart Chip Limited,0,4
Delhi SW DC,VIRGO SOFTECH LIMITED,0,4
Delhi- South DC,Smart Chip Limited,0,1
Delhi- West DC,Smart Chip Limited,0,3
Delhi- West DC,VIRGO SOFTECH LIMITED,0,14
Department of Information Technology Govt of Jharkhand,MKS Enterprises,1,0
Department of Information Technology Govt of Jharkhand,Wipro Ltd,0,26
Dept of ITC Govt of Rajasthan,AKSH OPTIFIBRE LIMITED,43,9
Dept of ITC Govt of Rajasthan,ATISHAY INFOTECH PVT. LTD.,2125,227
Dept of ITC Govt of Rajasthan,AVVAS INFOTECH PVT  LTD,2,2
Dept of ITC Govt of Rajasthan,Academy of Management Studies,4,1
Dept of ITC Govt of Rajasthan,Binary Systems,12,134
Dept of ITC Govt of Rajasthan,Business Information Processing Services,122,419
Dept of ITC Govt of Rajasthan,CMS Computers Ltd,304,208
Dept of ITC Govt of Rajasthan,COMTECH INSTITUTE OFTECHNOLOGY,121,42
Dept of ITC Govt of Rajasthan,DATASOFT COMPUTER SERVICES(P),1186,147
Dept of ITC Govt of Rajasthan,FINANCIAL INFORMATION NETWORK,3556,473
Dept of ITC Govt of Rajasthan,Gem Computers,14,8
Dept of ITC Govt of Rajasthan,Gujarat Infotech Ltd.,7,10
Dept of ITC Govt of Rajasthan,IAP COMPANY Pvt. Ltd,2468,214
Dept of ITC Govt of Rajasthan,Karvy Data Management Services,63,63
Dept of ITC Govt of Rajasthan,MEGHA VINCOM PVT LTD,255,506
Dept of ITC Govt of Rajasthan,Matrix Processing House,1505,148
Dept of ITC Govt of Rajasthan,Multiwave Innovation,1122,268
Dept of ITC Govt of Rajasthan,Osiris Infotech Pvt. Ltd.,149,480
Dept of ITC Govt of Rajasthan,Radiant Haroti Industries India Ltd,152,667
Dept of ITC Govt of Rajasthan,Radiant Info Systems Ltd,101,174
Dept of ITC Govt of Rajasthan,Ricoh India Limited,25,213
Dept of ITC Govt of Rajasthan,SAR Technology,5,2
Dept of ITC Govt of Rajasthan,SREI INFRASTRUCTURE FINANCES L,380,12
Dept of ITC Govt of Rajasthan,TechSmart India Pvt Ltd,333,120
Dept of ITC Govt of Rajasthan,Transline Technologies P Ltd,116,273
Dept of ITC Govt of Rajasthan,UMC Technologies Pvt. Ltd,15,35
Dept of ITC Govt of Rajasthan,VIRGO SOFTECH LIMITED,0,4
Dept of ITC Govt of Rajasthan,VISION COMPTECH INTEGRATOR LTD,266,23
Dept of ITC Govt of Rajasthan,Vakrangee Softwares Limited,4599,299
Dept of ITC Govt of Rajasthan,Vayam technologies Ltd,109,182
FCR Govt of Haryana,4G INFORMATICS,0,8
FCR Govt of Haryana,Academy of Management Studies,18,26
FCR Govt of Haryana,Radiant Info Systems Ltd,45,81
FCR Govt of Haryana,SoftAge Information Technology Limited,139,238
FCR Govt of Haryana,Vakrangee Softwares Limited,0,3
FCR Govt of Haryana,Vayam technologies Ltd,43,85
FCS Govt of Punjab,District Sukhmani Society  Jalandhar  Punjab,210,18
FCS Govt of Punjab,District Sukhmani Society  Ludhiana  Punjab,92,46
FCS Govt of Punjab,District Sukhmani Society Amritsar Punjab,76,60
FCS Govt of Punjab,District Sukhmani Society Barnala Punjab,113,31
FCS Govt of Punjab,District Sukhmani Society Bathinda Punjab,22,46
FCS Govt of Punjab,District Sukhmani Society Fatehgarh Sahib Punjab,103,16
FCS Govt of Punjab,District Sukhmani Society Fazilka Punjab,24,7
FCS Govt of Punjab,District Sukhmani Society Ferozepur Punjab,23,17
FCS Govt of Punjab,District Sukhmani Society For Citizen Services Mansa Punjab,2,16
FCS Govt of Punjab,District Sukhmani Society For Citizen Services Nawanshahr Punjab,84,19
FCS Govt of Punjab,District Sukhmani Society For Citizen Services SAS Nagar District e-Governance Society Punjab,195,30
FCS Govt of Punjab,District Sukhmani Society Pathankot Punjab,31,5
FCS Govt of Punjab,District Sukhmani Society Patiala Punjab,231,49
FCS Govt of Punjab,District Sukhmani Society Rupnagar Punjab,62,1
FCS Govt of Punjab,District Sukhmani Society Sangrur Punjab,87,48
FCS Govt of Punjab,District Sukhmani Society Sri Muktsar Sahib Punjab,171,43
FCS Govt of Punjab,District Sukhmani Society Tarn Taran Punjab,18,20
FCS Govt of Punjab,Karvy Computershare Private Li,66,15
FCS Govt of Punjab,Sukhmani Society For Citizen Services  Kapurthala  Punjab,39,12
FCS Govt of Punjab,Sukhmani Society For Citizens Services Faridkot Punjab,27,24
FCS Govt of Punjab,Suwidha Society Hoshiarpur Punjab,106,11
FCS Govt of Punjab,Vayam technologies Ltd,136,9
FCS Govt of Punjab,eCentric solutions pvt ltd,339,90
Govt of Andhra Pradesh,Gouthami Educational Society,134,3
Govt of Andhra Pradesh,GrapeSoft,7,9
Govt of Andhra Pradesh,TechSmart India Pvt Ltd,1,0
Govt of Andhra Pradesh,Tera Software Ltd,2,0
Govt of Gujarat,Karvy Computershare Private Li,171,16
Govt of Gujarat,Silver Touch Technologies Ltd,1434,160
Govt of Gujarat,Tera Software Ltd,2099,29
Govt of Gujarat,Transline Technologies P Ltd,1,1
Govt of Gujarat,Vayam technologies Ltd,9,2
Govt of Gujarat,eCentric solutions pvt ltd,2282,61
Govt of Himachal Pradesh,Wipro Ltd,8,0
Govt of Himachal Pradesh,i-Grandee SoftwareTechnologies,2276,274
Govt of Karnataka ,Bloom Solutions Pvt Ltd,17,49
Govt of Karnataka ,MARS Telecom Systems Pvt Ltd,3,245
Govt of Karnataka ,Ninestars Information Technologies Ltd,788,2346
Govt of Karnataka ,Om Softwares,3,0
Govt of Karnataka ,Origin ITFS Pvt Ltd,2048,1461
Govt of Karnataka ,SREEVEN INFOCOM LIMITED,164,114
Govt of Kerala,Akshaya,2759,352
Govt of Kerala,Keltron,100,0
Govt of Maharashtra,Alankit Assignments Limited,3,0
Govt of Maharashtra,Alankit Finsec Ltd,0,1
Govt of Maharashtra,Bharat Technical Solutions Private Limited,0,1
Govt of Maharashtra,Karvy Computershare Private Li,3,1
Govt of Maharashtra,Netlink software Pvt Ltd,1,3
Govt of Maharashtra,Rudranee Infotech Ltd,4,6
Govt of Maharashtra,SETU MAHARASHTRA,546,21
Govt of Maharashtra,SHREERAM PRINTING PRESS,19,8
Govt of Maharashtra,SILVER JUBILEE MOTORS LTD.,1,3
Govt of Maharashtra,STRATEGIC OUTSOURCING SERVICE,52,1
Govt of Maharashtra,Silver Touch Technologies Ltd,0,1
Govt of Maharashtra,Transline Technologies P Ltd,0,1
Govt of Maharashtra,Vidarbha Infotech Pvt Ltd,1,2
Govt of Maharashtra,Wipro Ltd,0,1
Govt of Sikkim - Dept of Econo,Department of Economics Statistics  Monitoring and Evaluation DESME,100,17
IDBI Bank ltd,ATISHAY INFOTECH PVT. LTD.,565,43
IDBI Bank ltd,Matrix Processing House,709,20
IDBI Bank ltd,SREEVEN INFOCOM LIMITED,665,67
Indian Bank,Redim Software Technologies Pvt Ltd,0,1
Indiapost,Delhi Integrated MMTS Ltd,0,15
Indiapost,Madras Security Printers Ltd,0,119
Indiapost,Vayam technologies Ltd,6,47
Indiapost,WEBEL,0,2
Information Technology & Communication Department,Directorate of ESD,26298,6285
Information Technology & Communication Department,JYOTHI COMPUTER SERVICES,74,3
Information Technology & Communication Department,MARS Telecom Systems Pvt Ltd,137,37
Information Technology & Communication Department,Tera Software Ltd,0,1
Jharkhand,Emdee Digitronics Pvt.Ltd.,14,1
Jharkhand,MKS Enterprises,0,2
Jharkhand,Nevaeh Technology Pvt. Ltd.,0,1
Jharkhand,Systematic & Advance Const P L,0,1
Jharkhand,VISION COMPTECH INTEGRATOR LTD,0,2
Jharkhand,Wipro Ltd,8,7
Mission Convergence - GNCT Del,NVR & ASSOCIATES LIMITED,0,1
NSDL e-Governance Infrastructure Limited,Abhipra Capital Ltd,309,62
NSDL e-Governance Infrastructure Limited,Alankit Assignments Limited,2,1
NSDL e-Governance Infrastructure Limited,Alankit Finsec Ltd,11834,715
NSDL e-Governance Infrastructure Limited,CALANCE SOFTWARE PRIVATE LTD,2,0
NSDL e-Governance Infrastructure Limited,Gujarat Infotech Ltd.,1698,731
NSDL e-Governance Infrastructure Limited,IAP COMPANY Pvt. Ltd,330,4
NSDL e-Governance Infrastructure Limited,Karvy Data Management Services,21178,3975
NSDL e-Governance Infrastructure Limited,N.K. Sharma Enterprises Ltd.,28,6
NSDL e-Governance Infrastructure Limited,Netlink software Pvt Ltd,286,78
NSDL e-Governance Infrastructure Limited,Offshoot Agency Pvt. Ltd.,76,160
NSDL e-Governance Infrastructure Limited,Ojus G Enterprises,12,39
NSDL e-Governance Infrastructure Limited,PROWIZ MANSYTEMS PVT LTD,1,4
NSDL e-Governance Infrastructure Limited,Promind Solutions P Limited,653,321
NSDL e-Governance Infrastructure Limited,RELIGARE SECURITIES LTD,264,626
NSDL e-Governance Infrastructure Limited,Radiant Haroti Industries India Ltd,303,318
NSDL e-Governance Infrastructure Limited,Ricoh India Limited,465,772
NSDL e-Governance Infrastructure Limited,Sri Ramraja Sarkar Lok Kalyan Trust,236,222
NSDL e-Governance Infrastructure Limited,Utility Forms Pvt Ltd,433,209
NSDL e-Governance Infrastructure Limited,VIRGO SOFTECH LIMITED,4747,196
Oriental Bank of Commerce,DATASOFT COMPUTER SERVICES(P),0,1
Oriental Bank of Commerce,JNET Technologies Pvt.Ltd,0,12
Oriental Bank of Commerce,Redim Software Technologies Pvt Ltd,1,0
Oriental Bank of Commerce,Sri Ramraja Sarkar Lok Kalyan Trust,8,16
Oriental Bank of Commerce,Wipro Ltd,0,8
Principal Revenue Commissioner  Dept of Revenue  Govt of MP,GDC Advertising Pvt. Limited,0,1
Principal Revenue Commissioner  Dept of Revenue  Govt of MP,K W Consulting P Ltd,22,3
Principal Revenue Commissioner  Dept of Revenue  Govt of MP,Netlink software Pvt Ltd,1,2
Principal Revenue Commissioner  Dept of Revenue  Govt of MP,OSWAL COMPUTERS & CONSULTANTS,0,1
Principal Revenue Commissioner  Dept of Revenue  Govt of MP,Tera Software Ltd,0,1
Principal Revenue Commissioner  Dept of Revenue  Govt of MP,Vedavaag Systems Limited,10,10
Project Coordinator UID Project Madhya Pradesh,DATASOFT COMPUTER SERVICES(P),47,0
Project Coordinator UID Project Madhya Pradesh,LYRA  CONSULTANCY SERVICE,21,0
Punjab National Bank,Alankit Finsec Ltd,31,0
Punjab National Bank,Eagle Software India Pvt. Ltd,5802,105
Punjab National Bank,Smart Chip Limited,262,14
Punjab National Bank,Vayam technologies Ltd,25,80
Punjab and Sind Bank,Matrix Processing House,4936,218
Registrar General India BEL2,Chinar Construction Company Prime agency,0,3
Registrar General India BEL2,Computer LAB,2,11
Registrar General India BEL2,In Media Computer Services LLP,0,1
Registrar General India BEL2,India Computer Technology,2,1
Registrar General India BEL2,Karvy Data Management Services,7091,186
Registrar General India BEL2,Madras Security Printers Ltd,628,147
Registrar General India BEL2,Manipur Electronics Dev Corp,38,20
Registrar General India BEL2,Multiwave Innovation,35,1
Registrar General India BEL2,Netlink software Pvt Ltd,1,25
Registrar General India BEL2,Nielsen  India  Private Limited,249,93
Registrar General India BEL2,Om Softwares,0,3
Registrar General India BEL2,SREI INFRASTRUCTURE FINANCES L,2067,118
Registrar General India BEL2,STRATEGIC OUTSOURCING SERVICE,0,1
Registrar General India BEL2,Satyanarayana Raju Company Pvt ltd,270,430
Registrar General India BEL2,Swathy Smartcards Hi-Tech Pvt,9,12
Registrar General India BEL2,Swiss Tech India Pvt Ltd,12,52
Registrar General India BEL2,Tera Software Ltd,184,45
Registrar General India BEL2,UNITED DATA SERVICES PRIVATE LIMITED,0,1
Registrar General India BEL2,Urmila Info solution,17,7
Registrar General India BEL2,Vansh Infotech Pvt Ltd,9,5
Registrar General India BEL2,Vedavaag Systems Limited,4,8
Registrar General India BEL2,Viesa Technologies,8429,135
Registrar General India BEL2,WEBEL,17,0
Registrar General India ECIL,AVVAS INFOTECH PVT  LTD,19,4
Registrar General India ECIL,BUSINESS INFORMATION PROCESSING SERVICES,0,20
Registrar General India ECIL,COMTECHINFO SOLUTIONS PVT.LTD,186,108
Registrar General India ECIL,Chinar Construction Company Prime agency,4887,80
Registrar General India ECIL,Computer LAB,33273,4180
Registrar General India ECIL,Eagle Software India Pvt. Ltd,35503,4152
Registrar General India ECIL,Esoft Consulting Limited,0,1
Registrar General India ECIL,In Media Computer Services LLP,10,168
Registrar General India ECIL,India Computer Technology,5487,3171
Registrar General India ECIL,Integrated Systems & Services,92,2
Registrar General India ECIL,Karvy Data Management Services,35,113
Registrar General India ECIL,LYRA  CONSULTANCY SERVICE,10215,61
Registrar General India ECIL,Madras Security Printers Ltd,90647,2100
Registrar General India ECIL,Mphasis Ltd,30,43
Registrar General India ECIL,Netwing Technologies Pvt Ltd,1,0
Registrar General India ECIL,Nielsen  India  Private Limited,3,14
Registrar General India ECIL,Pioneer E Labs limited,1,0
Registrar General India ECIL,SARADA SYSTEMS,6337,136
Registrar General India ECIL,SWISSTECH NPR 57CR PROJECT PVT,4,120
Registrar General India ECIL,Tera Software Ltd,112,10
Registrar General India ECIL,VEETECHNOLOGIES PVT. LTD,1,0
Registrar General India ECIL,Vedavaag Systems Limited,16,173
Registrar General India Others,COMTECHINFO SOLUTIONS PVT.LTD,0,5
Registrar General India Others,Computer LAB,5,3
Registrar General India Others,In Media Computer Services LLP,0,4
Registrar General India Others,Madras Security Printers Ltd,343,353
Registrar General India Others,Swathy Smartcards Hi-Tech Pvt,83,1
Registrar General India Others,Vansh Infotech Pvt Ltd,10,0
Registrar General of India ITI,Eagle Software India Pvt. Ltd,2,3
Registrar General of India ITI,Emdee Digitronics Pvt.Ltd.,6065,46
Registrar General of India ITI,FINANCIAL INFORMATION NETWORK,146,1
Registrar General of India ITI,In Media Computer Services LLP,2,3
Registrar General of India ITI,Karvy Data Management Services,11,111
Registrar General of India ITI,MKS Enterprises,0,6
Registrar General of India ITI,Madras Security Printers Ltd,1726,52
Registrar General of India ITI,Nielsen  India  Private Limited,2,4
Registrar General of India ITI,PROTEX COMPUTER PVT LTD,129,0
Registrar General of India ITI,Quick Data IT Services Pvt Ltd,83,14
Registrar General of India ITI,SREI INFRASTRUCTURE FINANCES L,21,4
Registrar General of India ITI,Satyanarayana Raju Company Pvt ltd,11,2
Registrar General of India ITI,Swathy Smartcards Hi-Tech Pvt,3,0
Registrar General of India ITI,VIRGO SOFTECH LIMITED,1,11
Registrar General of India ITI,Vedavaag Systems Limited,2,0
Registrar General of India ITI,WEBEL TECHNOLOGY LIMITED,1323,61
Registrar General of India ITI,Webx Technologies Private Limited,17,6
State Bank of Bikaner & Jaipur,Multiwave Innovation,0,3
UIDAI-Registrar,UIDAI-EA,21,4
UT of Puducherry,Madras Security Printers Ltd,2,2
Union Bank,FINANCIAL INFORMATION NETWORK,31144,2129
Union Bank,Smart Chip Limited,2938,104
Union Bank,Vakrangee Softwares Limited,7123,514
