Registrar,Enrolment Agency,Aadhaar generated,Enrolment Rejected
Allahabad Bank,Asha Security Guard Services,1262,44
Allahabad Bank,Nevaeh Technology Pvt. Ltd.,2718,92
Allahabad Bank,PROTEX COMPUTER PVT LTD,334,4
Allahabad Bank,Radiant Haroti Industries India Ltd,245,41
Allahabad Bank,Redim Software Technologies Pvt Ltd,80,5
Allahabad Bank,SGS INDIA PVT LTD,514,22
Allahabad Bank,Sri Ramraja Sarkar Lok Kalyan Trust,1,0
Allahabad Bank,VAP INFOSOLUTIONS,59,1
Allahabad Bank,Vakrangee Softwares Limited,0,1
Allahabad Bank,Vedavaag Systems Limited,156,11
Bank Of India,A3 Logics  India  Ltd,1693,100
Bank Of India,Akanksha International,96,22
Bank Of India,Blue Circle Instrument,9,1
Bank Of India,CHESSY CONSULTANTS PVT LTD,119,7
Bank Of India,DATASOFT COMPUTER SERVICES(P),4556,304
Bank Of India,Emdee Digitronics Pvt.Ltd.,130,5
Bank Of India,Frontech Systems Pvt Ltd,2512,348
Bank Of India,Matrix Processing House,1,4
Bank Of India,OSWAL COMPUTERS & CONSULTANTS,1166,49
Bank Of India,PROTEX COMPUTER PVT LTD,3051,56
Bank Of India,SARADA SYSTEMS,5614,162
Bank Of India,SHRIKRISHNA KHANDASARI SUGAR M,4,0
Bank Of India,SREI INFRASTRUCTURE FINANCES L,38922,696
Bank Of India,Systematic & Advance Const P L,2,2
Bank Of India,VEETECHNOLOGIES PVT. LTD,2634,711
Bank Of India,Vakrangee Softwares Limited,2,7
Bank of Baroda,Global Finsol Private Limited,891,266
Bank of Maharashtra,FINANCIAL INFORMATION NETWORK,101,7
Bank of Maharashtra,Micro Technologies India Ltd,6,1
Bank of Maharashtra,Tera Software Ltd,2310,196
CSC e-Governance Services India Limited,A I Soc for Electronics and Comp Tech,11060,514
CSC e-Governance Services India Limited,AKSH OPTIFIBRE LIMITED,9217,865
CSC e-Governance Services India Limited,BASIX,8951,819
CSC e-Governance Services India Limited,CALANCE SOFTWARE PRIVATE LTD,1083,118
CSC e-Governance Services India Limited,CHIPS,1545,170
CSC e-Governance Services India Limited,CMS Computers Ltd,15859,1516
CSC e-Governance Services India Limited,CSC e-Governance Services India Limited,347,61
CSC e-Governance Services India Limited,Conatus Infocom Pvt. Ltd,1123,54
CSC e-Governance Services India Limited,Intelligent Communication Sys India Ltd,407,40
CSC e-Governance Services India Limited,MANTRA SOFTTECH (INDIA) PVTLTD,3242,212
CSC e-Governance Services India Limited,Mahaonline Limited,1242,246
CSC e-Governance Services India Limited,Nekton IT India Pvt Ltd.,5658,133
CSC e-Governance Services India Limited,Network for Information & Computer,506,26
CSC e-Governance Services India Limited,Reliance Communication Limited,7,0
CSC e-Governance Services India Limited,SPANCO,4731,550
CSC e-Governance Services India Limited,SRR Infotech,2664,237
CSC e-Governance Services India Limited,Sahaj e-Village Limited,16238,428
CSC e-Governance Services India Limited,Tera Software Ltd,486,49
CSC e-Governance Services India Limited,United Telecoms e-Services Pvt Ltd,2467,426
CSC e-Governance Services India Limited,VIKALP MULTIMEDIA,416,104
CSC e-Governance Services India Limited,Vakrangee Softwares Limited,211,42
CSC e-Governance Services India Limited,Vayam technologies Ltd,4538,155
CSC e-Governance Services India Limited,Vedavaag Systems Limited,7369,200
CSC e-Governance Services India Limited,Zephyr System Pvt.Ltd.,3957,380
Canara Bank,FINANCIAL INFORMATION NETWORK,28879,1394
Canara Bank,Karvy Data Management Services,7115,260
Canara Bank,Ojus Healthcare Private Limited,81,21
Canara Bank,Osiris Infotech Pvt. Ltd.,45,3
Canara Bank,Smart Chip Limited,11718,395
Canara Bank,Virinchi Technologies Ltd,985,187
Central Bank of India,CALANCE SOFTWARE PRIVATE LTD,1,1
Central Bank of India,IAP COMPANY Pvt. Ltd,80,9
Central Bank of India,The Peerless General Finance,2,0
DENA BANK,77 Infosystems Pvt Ltd,121,14
DENA BANK,A-Onerealtors Pvt Ltd,1712,69
DENA BANK,APEX Services,515,46
DENA BANK,AS International,706,75
DENA BANK,ATISHAY INFOTECH PVT. LTD.,7105,106
DENA BANK,AVVAS INFOTECH PVT  LTD,10845,175
DENA BANK,Asha Security Guard Services,2846,218
DENA BANK,BNR UDYOG LIMITED,104,19
DENA BANK,Binary Systems,969,48
DENA BANK,Bloom Solutions Pvt Ltd,7282,338
DENA BANK,Blue Circle Instrument,4699,31
DENA BANK,Business Information Processing Services,275,21
DENA BANK,CALANCE SOFTWARE PRIVATE LTD,7922,254
DENA BANK,DATASOFT COMPUTER SERVICES(P),4689,103
DENA BANK,Eagle Software India Pvt. Ltd,12781,429
DENA BANK,Emdee Digitronics Pvt.Ltd.,6508,395
DENA BANK,FINANCIAL INFORMATION NETWORK,16713,803
DENA BANK,Gem Computers,625,42
DENA BANK,Gujarat Infotech Ltd.,192,22
DENA BANK,HyperSoft Technologies Ltd,2804,250
DENA BANK,IAP COMPANY Pvt. Ltd,41809,1851
DENA BANK,India Computer Technology,1371,108
DENA BANK,JNET Technologies Pvt.Ltd,184,6
DENA BANK,K W Consulting P Ltd,6615,249
DENA BANK,M/S STAR DATA CENTRE,854,35
DENA BANK,M/s Gold Square Builders & Promoters Pvt. Ltd.,4489,115
DENA BANK,MARS Telecom Systems Pvt Ltd,2346,50
DENA BANK,MEGHA VINCOM PVT LTD,7177,341
DENA BANK,MKS Enterprises,8598,132
DENA BANK,Make India Smart Private Limited,2830,43
DENA BANK,Multiwave Innovation,5063,117
DENA BANK,NVR & ASSOCIATES LIMITED,1663,140
DENA BANK,Netlink software Pvt Ltd,3584,304
DENA BANK,Nielsen  India  Private Limited,65269,1745
DENA BANK,Offshoot Agency Pvt. Ltd.,778,55
DENA BANK,Ortem Securities Limited,1994,51
DENA BANK,Prodigy Systems and Services Private Limited,39,74
DENA BANK,Radiant Haroti Industries India Ltd,1287,110
DENA BANK,Ricoh India Limited,2,0
DENA BANK,SGS INDIA PVT LTD,2272,94
DENA BANK,Silver Touch Technologies Ltd,1035,27
DENA BANK,Sixth Dimension Project Solutions Ltd,837,21
DENA BANK,Soc for Advancement of Environ Science,248,39
DENA BANK,SoftAge Information Technology Limited,212,16
DENA BANK,Super Printers,1857,135
DENA BANK,Systematic & Advance Const P L,1150,23
DENA BANK,TechSmart India Pvt Ltd,2104,177
DENA BANK,Tera Software Ltd,43467,910
DENA BANK,The NSIC ltd,253,0
DENA BANK,Transline Technologies P Ltd,2337,91
DENA BANK,Utility Forms Pvt Ltd,415,17
DENA BANK,VAP INFOSOLUTIONS,1731,121
DENA BANK,VISION COMPTECH INTEGRATOR LTD,16628,199
DENA BANK,Vedavaag Systems Limited,5057,825
DENA BANK,Virinchi Technologies Ltd,2375,312
DENA BANK,WEBEL,36212,2047
DENA BANK,Wipro Ltd,51772,1129
DENA BANK,Zephyr System Pvt.Ltd.,12997,697
Delhi - Central DC,Smart Chip Limited,1,0
Delhi - East DC,DATASOFT COMPUTER SERVICES(P),1,0
Delhi - North DC,NVR & ASSOCIATES LIMITED,1,0
Delhi- South DC,Karvy Computershare Private Li,5,0
Delhi- West DC,VIRGO SOFTECH LIMITED,1,0
Delhi-NW DC,STRATEGIC OUTSOURCING SERVICE,1,1
Department of Information Technology Govt of Jharkhand,Blue Circle Instrument,0,2
Department of Information Technology Govt of Jharkhand,MKS Enterprises,0,5
Department of Information Technology Govt of Jharkhand,Wipro Ltd,157,8
Dept of ITC Govt of Rajasthan,AKSH OPTIFIBRE LIMITED,395,58
Dept of ITC Govt of Rajasthan,ATISHAY INFOTECH PVT. LTD.,2790,123
Dept of ITC Govt of Rajasthan,AVVAS INFOTECH PVT  LTD,8,2
Dept of ITC Govt of Rajasthan,Academy of Management Studies,21,1
Dept of ITC Govt of Rajasthan,Binary Systems,411,39
Dept of ITC Govt of Rajasthan,Business Information Processing Services,905,91
Dept of ITC Govt of Rajasthan,CMS Computers Ltd,2997,636
Dept of ITC Govt of Rajasthan,COMTECH INSTITUTE OFTECHNOLOGY,647,49
Dept of ITC Govt of Rajasthan,DATASOFT COMPUTER SERVICES(P),2557,154
Dept of ITC Govt of Rajasthan,FINANCIAL INFORMATION NETWORK,6197,911
Dept of ITC Govt of Rajasthan,Gem Computers,124,14
Dept of ITC Govt of Rajasthan,Gujarat Infotech Ltd.,41,22
Dept of ITC Govt of Rajasthan,IAP COMPANY Pvt. Ltd,963,187
Dept of ITC Govt of Rajasthan,Karvy Data Management Services,581,156
Dept of ITC Govt of Rajasthan,MANTRA SOFTTECH (INDIA) PVTLTD,1,0
Dept of ITC Govt of Rajasthan,MEGHA VINCOM PVT LTD,1642,355
Dept of ITC Govt of Rajasthan,Matrix Processing House,898,39
Dept of ITC Govt of Rajasthan,Multiwave Innovation,1855,145
Dept of ITC Govt of Rajasthan,Osiris Infotech Pvt. Ltd.,827,352
Dept of ITC Govt of Rajasthan,Radiant Haroti Industries India Ltd,680,331
Dept of ITC Govt of Rajasthan,Radiant Info Systems Ltd,1221,93
Dept of ITC Govt of Rajasthan,Ricoh India Limited,15,147
Dept of ITC Govt of Rajasthan,SAR Technology,66,2
Dept of ITC Govt of Rajasthan,SREI INFRASTRUCTURE FINANCES L,375,6
Dept of ITC Govt of Rajasthan,TechSmart India Pvt Ltd,622,67
Dept of ITC Govt of Rajasthan,Transline Technologies P Ltd,1273,211
Dept of ITC Govt of Rajasthan,UMC Technologies Pvt. Ltd,283,11
Dept of ITC Govt of Rajasthan,VISION COMPTECH INTEGRATOR LTD,2288,35
Dept of ITC Govt of Rajasthan,Vakrangee Softwares Limited,8655,824
Dept of ITC Govt of Rajasthan,Vayam technologies Ltd,892,99
FCR Govt of Haryana,4G INFORMATICS,43,11
FCR Govt of Haryana,Academy of Management Studies,321,15
FCR Govt of Haryana,Radiant Info Systems Ltd,318,17
FCR Govt of Haryana,SoftAge Information Technology Limited,2351,247
FCR Govt of Haryana,Vakrangee Softwares Limited,5,4
FCR Govt of Haryana,Vayam technologies Ltd,193,12
FCS Govt of Punjab,Alankit Assignments Limited,0,2
FCS Govt of Punjab,Alankit Finsec Ltd,0,1
FCS Govt of Punjab,Delhi Integrated MMTS Ltd,0,4
FCS Govt of Punjab,District Sukhmani Society  Jalandhar  Punjab,133,13
FCS Govt of Punjab,District Sukhmani Society  Ludhiana  Punjab,408,38
FCS Govt of Punjab,District Sukhmani Society  Moga  Punjab,15,3
FCS Govt of Punjab,District Sukhmani Society Amritsar Punjab,309,28
FCS Govt of Punjab,District Sukhmani Society Barnala Punjab,143,17
FCS Govt of Punjab,District Sukhmani Society Bathinda Punjab,401,14
FCS Govt of Punjab,District Sukhmani Society Fatehgarh Sahib Punjab,90,14
FCS Govt of Punjab,District Sukhmani Society Fazilka Punjab,41,6
FCS Govt of Punjab,District Sukhmani Society Ferozepur Punjab,162,7
FCS Govt of Punjab,District Sukhmani Society For Citizen Services Mansa Punjab,67,19
FCS Govt of Punjab,District Sukhmani Society For Citizen Services Nawanshahr Punjab,108,11
FCS Govt of Punjab,District Sukhmani Society For Citizen Services SAS Nagar District e-Governance Society Punjab,234,10
FCS Govt of Punjab,District Sukhmani Society Pathankot Punjab,23,3
FCS Govt of Punjab,District Sukhmani Society Patiala Punjab,187,16
FCS Govt of Punjab,District Sukhmani Society Rupnagar Punjab,98,11
FCS Govt of Punjab,District Sukhmani Society Sangrur Punjab,214,18
FCS Govt of Punjab,District Sukhmani Society Sri Muktsar Sahib Punjab,225,14
FCS Govt of Punjab,District Sukhmani Society Tarn Taran Punjab,92,10
FCS Govt of Punjab,Karvy Computershare Private Li,305,94
FCS Govt of Punjab,Sukhmani Society For Citizen Services  Kapurthala  Punjab,56,3
FCS Govt of Punjab,Sukhmani Society For Citizen Services Gurdaspur Punjab,2,0
FCS Govt of Punjab,Sukhmani Society For Citizens Services Faridkot Punjab,112,3
FCS Govt of Punjab,Suwidha Society Hoshiarpur Punjab,139,15
FCS Govt of Punjab,VISESH INFOTECNICS LIMITED,1,0
FCS Govt of Punjab,Vayam technologies Ltd,35,6
FCS Govt of Punjab,eCentric solutions pvt ltd,1170,71
Govt of Andhra Pradesh,Gouthami Educational Society,14,8
Govt of Andhra Pradesh,GrapeSoft,61,6
Govt of Andhra Pradesh,INFRONICS SYSTEMS LTD,14,1
Govt of Andhra Pradesh,TechSmart India Pvt Ltd,0,1
Govt of Andhra Pradesh,Tera Software Ltd,4,0
Govt of Andhra Pradesh,eCentric solutions pvt ltd,0,2
Govt of Goa,MARS Telecom Systems Pvt Ltd,3,0
Govt of Gujarat,Karvy Computershare Private Li,1112,28
Govt of Gujarat,Silver Touch Technologies Ltd,2035,60
Govt of Gujarat,Tera Software Ltd,756,38
Govt of Gujarat,Transline Technologies P Ltd,7,2
Govt of Gujarat,Vayam technologies Ltd,86,20
Govt of Gujarat,eCentric solutions pvt ltd,433,13
Govt of Himachal Pradesh,IL&FS LTD,0,2
Govt of Himachal Pradesh,Wipro Ltd,0,1
Govt of Himachal Pradesh,i-Grandee SoftwareTechnologies,1585,521
Govt of Karnataka ,Bloom Solutions Pvt Ltd,190,16
Govt of Karnataka ,GLODYNE TECHNOSERVE,0,3
Govt of Karnataka ,MARS Telecom Systems Pvt Ltd,2246,49
Govt of Karnataka ,Ninestars Information Technologies Ltd,6846,2859
Govt of Karnataka ,Om Softwares,7,10
Govt of Karnataka ,Origin ITFS Pvt Ltd,17540,7216
Govt of Karnataka ,SREEVEN INFOCOM LIMITED,1963,901
Govt of Kerala,Akshaya,4601,394
Govt of Kerala,Keltron,2,2
Govt of Madhya Pradesh,VIRGO SOFTECH LIMITED,0,72
Govt of Maharashtra,Alankit Assignments Limited,1,1
Govt of Maharashtra,Bharat Technical Solutions Private Limited,1,0
Govt of Maharashtra,Karvy Computershare Private Li,3,2
Govt of Maharashtra,M/S King Computer System pvt Ltd,6,1
Govt of Maharashtra,Obel projects Pvt Ltd,0,1
Govt of Maharashtra,Rudranee Infotech Ltd,1,4
Govt of Maharashtra,SETU MAHARASHTRA,472,6
Govt of Maharashtra,SHREERAM PRINTING PRESS,208,25
Govt of Maharashtra,SILVER JUBILEE MOTORS LTD.,17,10
Govt of Maharashtra,SPANCO,2,0
Govt of Maharashtra,STRATEGIC OUTSOURCING SERVICE,232,19
Govt of Maharashtra,Silver Touch Technologies Ltd,0,2
Govt of Maharashtra,Tera Software Ltd,0,1
Govt of Maharashtra,Transline Technologies P Ltd,0,2
Govt of Maharashtra,Vidarbha Infotech Pvt Ltd,0,2
Govt of Maharashtra,Wipro Ltd,67,4
Govt of Sikkim - Dept of Econo,4G IDENTITY SOLUTIONS,0,6
Govt of Sikkim - Dept of Econo,Department of Economics Statistics  Monitoring and Evaluation DESME,109,6
IDBI Bank ltd,ATISHAY INFOTECH PVT. LTD.,989,101
IDBI Bank ltd,Matrix Processing House,327,6
IDBI Bank ltd,SREEVEN INFOCOM LIMITED,492,29
IDBI Bank ltd,UTI TECHNOLOGY SERVICES LIMITE,0,1
Indian Bank,Redim Software Technologies Pvt Ltd,9,0
Indiapost,4G IDENTITY SOLUTIONS,0,5
Indiapost,Delhi Integrated MMTS Ltd,144,0
Indiapost,Global Finsol Private Limited,0,1
Indiapost,Madras Security Printers Ltd,2442,0
Indiapost,Vayam technologies Ltd,120,24
Information Technology & Communication Department,4G INFORMATICS,2,0
Information Technology & Communication Department,Bloom Solutions Pvt Ltd,0,1
Information Technology & Communication Department,Directorate of ESD,27550,6983
Information Technology & Communication Department,JYOTHI COMPUTER SERVICES,78,12
Information Technology & Communication Department,MARS Telecom Systems Pvt Ltd,93,9
Jharkhand,Emdee Digitronics Pvt.Ltd.,63,0
Jharkhand,MKS Enterprises,1,0
Jharkhand,Nevaeh Technology Pvt. Ltd.,0,1
Jharkhand,STRATEGIC OUTSOURCING SERVICE,1,6
Jharkhand,Systematic & Advance Const P L,0,4
Jharkhand,VISION COMPTECH INTEGRATOR LTD,1,2
Jharkhand,Wipro Ltd,37,30
Mission Convergence - GNCT Del,STRATEGIC OUTSOURCING SERVICE,1,0
NSDL e-Governance Infrastructure Limited,Abhipra Capital Ltd,2344,71
NSDL e-Governance Infrastructure Limited,Alankit Assignments Limited,11,1
NSDL e-Governance Infrastructure Limited,Alankit Finsec Ltd,14819,936
NSDL e-Governance Infrastructure Limited,CALANCE SOFTWARE PRIVATE LTD,14,0
NSDL e-Governance Infrastructure Limited,Gujarat Infotech Ltd.,5638,452
NSDL e-Governance Infrastructure Limited,IAP COMPANY Pvt. Ltd,237,12
NSDL e-Governance Infrastructure Limited,Karvy Data Management Services,68326,4239
NSDL e-Governance Infrastructure Limited,N.K. Sharma Enterprises Ltd.,460,19
NSDL e-Governance Infrastructure Limited,Netlink software Pvt Ltd,659,48
NSDL e-Governance Infrastructure Limited,Offshoot Agency Pvt. Ltd.,885,32
NSDL e-Governance Infrastructure Limited,Ojus G Enterprises,593,8
NSDL e-Governance Infrastructure Limited,PROWIZ MANSYTEMS PVT LTD,1,3
NSDL e-Governance Infrastructure Limited,Promind Solutions P Limited,6467,454
NSDL e-Governance Infrastructure Limited,RELIGARE SECURITIES LTD,1966,43
NSDL e-Governance Infrastructure Limited,Radiant Haroti Industries India Ltd,945,95
NSDL e-Governance Infrastructure Limited,Ricoh India Limited,3117,104
NSDL e-Governance Infrastructure Limited,Sri Ramraja Sarkar Lok Kalyan Trust,2677,184
NSDL e-Governance Infrastructure Limited,Utility Forms Pvt Ltd,3945,146
NSDL e-Governance Infrastructure Limited,VIRGO SOFTECH LIMITED,7731,271
Oriental Bank of Commerce,DATASOFT COMPUTER SERVICES(P),4,2
Oriental Bank of Commerce,Euro Finmart Ltd,1,0
Oriental Bank of Commerce,JNET Technologies Pvt.Ltd,104,0
Oriental Bank of Commerce,Redim Software Technologies Pvt Ltd,0,1
Oriental Bank of Commerce,Sri Ramraja Sarkar Lok Kalyan Trust,162,9
Oriental Bank of Commerce,Wipro Ltd,1,2
Principal Revenue Commissioner  Dept of Revenue  Govt of MP,Frontech Systems Pvt Ltd,1,0
Principal Revenue Commissioner  Dept of Revenue  Govt of MP,K W Consulting P Ltd,4,0
Principal Revenue Commissioner  Dept of Revenue  Govt of MP,LYRA  CONSULTANCY SERVICE,2,0
Principal Revenue Commissioner  Dept of Revenue  Govt of MP,Netlink software Pvt Ltd,4,0
Principal Revenue Commissioner  Dept of Revenue  Govt of MP,Tera Software Ltd,38,0
Principal Revenue Commissioner  Dept of Revenue  Govt of MP,Vedavaag Systems Limited,42,11
Project Coordinator UID Project Madhya Pradesh,LYRA  CONSULTANCY SERVICE,26,9
Punjab National Bank,Alankit Finsec Ltd,2,0
Punjab National Bank,Eagle Software India Pvt. Ltd,2315,32
Punjab National Bank,Vayam technologies Ltd,418,16
Punjab and Sind Bank,Matrix Processing House,6548,115
Registrar General India BEL2,Computer LAB,50,3
Registrar General India BEL2,Emdee Digitronics Pvt.Ltd.,0,5
Registrar General India BEL2,In Media Computer Services LLP,2060,0
Registrar General India BEL2,India Computer Technology,103,12
Registrar General India BEL2,Karvy Data Management Services,3662,375
Registrar General India BEL2,MACRO INFOTECH PVT LTD,2,0
Registrar General India BEL2,Madras Security Printers Ltd,1852,17
Registrar General India BEL2,Manipur Electronics Dev Corp,576,19
Registrar General India BEL2,Multiwave Innovation,57,9
Registrar General India BEL2,Netlink software Pvt Ltd,88,10
Registrar General India BEL2,Nielsen  India  Private Limited,484,40
Registrar General India BEL2,Om Softwares,896,0
Registrar General India BEL2,SREI INFRASTRUCTURE FINANCES L,2949,486
Registrar General India BEL2,STRATEGIC OUTSOURCING SERVICE,7,40
Registrar General India BEL2,Satyanarayana Raju Company Pvt ltd,12061,900
Registrar General India BEL2,Swathy Smartcards Hi-Tech Pvt,60,2
Registrar General India BEL2,Swiss Tech India Pvt Ltd,8750,165
Registrar General India BEL2,Tera Software Ltd,1619,31
Registrar General India BEL2,UNITED DATA SERVICES PRIVATE LIMITED,148,8
Registrar General India BEL2,Urmila Info solution,177,4
Registrar General India BEL2,Vansh Infotech Pvt Ltd,242,0
Registrar General India BEL2,Vedavaag Systems Limited,214,4
Registrar General India BEL2,Viesa Technologies,3055,482
Registrar General India BEL2,WEBEL,40,8
Registrar General India ECIL,AVVAS INFOTECH PVT  LTD,191,64
Registrar General India ECIL,BUSINESS INFORMATION PROCESSING SERVICES,1168,0
Registrar General India ECIL,COMTECH INSTITUTE OFTECHNOLOGY,1,0
Registrar General India ECIL,COMTECHINFO SOLUTIONS PVT.LTD,3965,106
Registrar General India ECIL,Chinar Construction Company Prime agency,3744,61
Registrar General India ECIL,Computer LAB,43231,7482
Registrar General India ECIL,Eagle Software India Pvt. Ltd,58215,22356
Registrar General India ECIL,Esoft Consulting Limited,1,0
Registrar General India ECIL,In Media Computer Services LLP,274,1202
Registrar General India ECIL,India Computer Technology,5226,262
Registrar General India ECIL,Integrated Systems & Services,122,13
Registrar General India ECIL,Karvy Data Management Services,4422,44
Registrar General India ECIL,LYRA  CONSULTANCY SERVICE,901,234
Registrar General India ECIL,Madras Security Printers Ltd,72881,4096
Registrar General India ECIL,Mphasis Ltd,2406,101
Registrar General India ECIL,Netwing Technologies Pvt Ltd,2,0
Registrar General India ECIL,Nielsen  India  Private Limited,10,0
Registrar General India ECIL,SARADA SYSTEMS,8918,619
Registrar General India ECIL,SWISSTECH NPR 57CR PROJECT PVT,756,109
Registrar General India ECIL,Tera Software Ltd,897,569
Registrar General India ECIL,VEETECHNOLOGIES PVT. LTD,172,1
Registrar General India ECIL,Vedavaag Systems Limited,11265,135
Registrar General India Others,COMTECH INSTITUTE OFTECHNOLOGY,1,1
Registrar General India Others,COMTECHINFO SOLUTIONS PVT.LTD,4,0
Registrar General India Others,Clairvoyance Technologies Pvt.,60,0
Registrar General India Others,Computer LAB,8,0
Registrar General India Others,Eagle Software India Pvt. Ltd,1,0
Registrar General India Others,In Media Computer Services LLP,17,0
Registrar General India Others,India Computer Technology,13,0
Registrar General India Others,Madras Security Printers Ltd,3301,0
Registrar General India Others,Nielsen  India  Private Limited,13,0
Registrar General India Others,Om Softwares,2,0
Registrar General India Others,SARADA SYSTEMS,0,1
Registrar General India Others,SWISSTECH NPR 57CR PROJECT PVT,1,1
Registrar General India Others,Swathy Smartcards Hi-Tech Pvt,774,82
Registrar General India Others,Vansh Infotech Pvt Ltd,70,4
Registrar General India Others,Vedavaag Systems Limited,1,0
Registrar General India Others,Webx Technologies Private Limited,57,19
Registrar General of India ITI,Eagle Software India Pvt. Ltd,289,0
Registrar General of India ITI,Emdee Digitronics Pvt.Ltd.,1081,41
Registrar General of India ITI,FINANCIAL INFORMATION NETWORK,1028,2
Registrar General of India ITI,In Media Computer Services LLP,1,0
Registrar General of India ITI,Karvy Data Management Services,27,6
Registrar General of India ITI,MKS Enterprises,26,0
Registrar General of India ITI,Madras Security Printers Ltd,465,21
Registrar General of India ITI,Mphasis Ltd,1,0
Registrar General of India ITI,Nielsen  India  Private Limited,131,6
Registrar General of India ITI,Quick Data IT Services Pvt Ltd,1337,18
Registrar General of India ITI,SREI INFRASTRUCTURE FINANCES L,213,10
Registrar General of India ITI,Satyanarayana Raju Company Pvt ltd,77,26
Registrar General of India ITI,Swathy Smartcards Hi-Tech Pvt,2,3
Registrar General of India ITI,VIRGO SOFTECH LIMITED,532,1
Registrar General of India ITI,Vedavaag Systems Limited,0,1
Registrar General of India ITI,WEBEL TECHNOLOGY LIMITED,3489,71
Registrar General of India ITI,Webx Technologies Private Limited,824,3
State Bank of Bikaner & Jaipur,Multiwave Innovation,0,10
State Bank of India,4G IDENTITY SOLUTIONS,0,2
State Bank of India,COMAT TECHNOLOGIES P LTD,1,0
Syndicate Bank,Smart Chip Limited,2,0
UIDAI-Registrar,UIDAI-EA,202,32
UT of Puducherry,Madras Security Printers Ltd,8,2
Union Bank,FINANCIAL INFORMATION NETWORK,13132,2002
Union Bank,Smart Chip Limited,2264,82
Union Bank,Vakrangee Softwares Limited,20508,642
