Registrar,Enrolment Agency,Aadhaar generated,Enrolment Rejected
Allahabad Bank,Asha Security Guard Services,91,17
Allahabad Bank,Nevaeh Technology Pvt. Ltd.,272,11
Allahabad Bank,Radiant Haroti Industries India Ltd,5,5
Allahabad Bank,Redim Software Technologies Pvt Ltd,3,0
Allahabad Bank,SGS INDIA PVT LTD,0,2
Allahabad Bank,Sri Ramraja Sarkar Lok Kalyan Trust,50,6
Allahabad Bank,Vedavaag Systems Limited,2,0
Bank Of India,A3 Logics  India  Ltd,27,35
Bank Of India,Akanksha International,1,1
Bank Of India,Blue Circle Instrument,2,3
Bank Of India,CHESSY CONSULTANTS PVT LTD,20,5
Bank Of India,DATASOFT COMPUTER SERVICES(P),109,44
Bank Of India,Emdee Digitronics Pvt.Ltd.,64,9
Bank Of India,Frontech Systems Pvt Ltd,136,14
Bank Of India,Matrix Processing House,5,7
Bank Of India,OSWAL COMPUTERS & CONSULTANTS,232,48
Bank Of India,PROTEX COMPUTER PVT LTD,501,25
Bank Of India,SARADA SYSTEMS,1284,95
Bank Of India,SHRIKRISHNA KHANDASARI SUGAR M,11,4
Bank Of India,SPANCO,0,3
Bank Of India,SREI INFRASTRUCTURE FINANCES L,4121,269
Bank Of India,Silver Touch Technologies Ltd,2,1
Bank Of India,Systematic & Advance Const P L,8,4
Bank Of India,VEETECHNOLOGIES PVT. LTD,31,59
Bank of Baroda,Global Finsol Private Limited,7,15
Bank of Maharashtra,FINANCIAL INFORMATION NETWORK,5,1
Bank of Maharashtra,Tera Software Ltd,25,23
CSC e-Governance Services India Limited,A I Soc for Electronics and Comp Tech,151,92
CSC e-Governance Services India Limited,AKSH OPTIFIBRE LIMITED,238,154
CSC e-Governance Services India Limited,BASIX,247,193
CSC e-Governance Services India Limited,CALANCE SOFTWARE PRIVATE LTD,20,3
CSC e-Governance Services India Limited,CHIPS,50,7
CSC e-Governance Services India Limited,CMS Computers Ltd,389,268
CSC e-Governance Services India Limited,CSC e-Governance Services India Limited,22,27
CSC e-Governance Services India Limited,Conatus Infocom Pvt. Ltd,55,21
CSC e-Governance Services India Limited,Intelligent Communication Sys India Ltd,23,15
CSC e-Governance Services India Limited,MANTRA SOFTTECH (INDIA) PVTLTD,5,38
CSC e-Governance Services India Limited,Mahaonline Limited,43,68
CSC e-Governance Services India Limited,Nekton IT India Pvt Ltd.,66,18
CSC e-Governance Services India Limited,Network for Information & Computer,126,12
CSC e-Governance Services India Limited,Reliance Communication Limited,3,1
CSC e-Governance Services India Limited,SPANCO,49,33
CSC e-Governance Services India Limited,SRR Infotech,41,31
CSC e-Governance Services India Limited,Sahaj e-Village Limited,538,81
CSC e-Governance Services India Limited,Tera Software Ltd,0,3
CSC e-Governance Services India Limited,United Telecoms e-Services Pvt Ltd,95,95
CSC e-Governance Services India Limited,VIKALP MULTIMEDIA,7,5
CSC e-Governance Services India Limited,Vakrangee Softwares Limited,6,7
CSC e-Governance Services India Limited,Vayam technologies Ltd,934,92
CSC e-Governance Services India Limited,Vedavaag Systems Limited,111,31
CSC e-Governance Services India Limited,Zephyr System Pvt.Ltd.,199,142
Canara Bank,FINANCIAL INFORMATION NETWORK,3058,154
Canara Bank,Karvy Data Management Services,351,73
Canara Bank,Osiris Infotech Pvt. Ltd.,2,8
Canara Bank,Smart Chip Limited,3223,602
Canara Bank,Virinchi Technologies Ltd,15,18
Central Bank of India,IAP COMPANY Pvt. Ltd,5,9
DENA BANK,A-Onerealtors Pvt Ltd,274,23
DENA BANK,APEX Services,27,7
DENA BANK,AS International,14,0
DENA BANK,ATISHAY INFOTECH PVT. LTD.,622,84
DENA BANK,AVVAS INFOTECH PVT  LTD,351,79
DENA BANK,Asha Security Guard Services,52,36
DENA BANK,BNR UDYOG LIMITED,148,0
DENA BANK,Binary Systems,1210,35
DENA BANK,Bloom Solutions Pvt Ltd,570,145
DENA BANK,Blue Circle Instrument,107,33
DENA BANK,Business Information Processing Services,391,18
DENA BANK,CALANCE SOFTWARE PRIVATE LTD,1030,31
DENA BANK,DATASOFT COMPUTER SERVICES(P),229,37
DENA BANK,DEVASHISH SECURITIES PVT. LTD.,16,2
DENA BANK,Eagle Software India Pvt. Ltd,400,417
DENA BANK,Emdee Digitronics Pvt.Ltd.,3000,74
DENA BANK,FINANCIAL INFORMATION NETWORK,2041,114
DENA BANK,Gem Computers,94,10
DENA BANK,Gujarat Infotech Ltd.,3,10
DENA BANK,HyperSoft Technologies Ltd,45,10
DENA BANK,IAP COMPANY Pvt. Ltd,7164,374
DENA BANK,India Computer Technology,26,31
DENA BANK,JNET Technologies Pvt.Ltd,29,2
DENA BANK,K W Consulting P Ltd,121,116
DENA BANK,M/S STAR DATA CENTRE,91,12
DENA BANK,M/s Gold Square Builders & Promoters Pvt. Ltd.,133,16
DENA BANK,MARS Telecom Systems Pvt Ltd,873,27
DENA BANK,MEGHA VINCOM PVT LTD,178,86
DENA BANK,MKS Enterprises,353,77
DENA BANK,Make India Smart Private Limited,111,6
DENA BANK,Multiwave Innovation,86,27
DENA BANK,NVR & ASSOCIATES LIMITED,59,10
DENA BANK,Netlink software Pvt Ltd,673,41
DENA BANK,Nielsen  India  Private Limited,2134,204
DENA BANK,Offshoot Agency Pvt. Ltd.,16,11
DENA BANK,Ortem Securities Limited,222,11
DENA BANK,Prodigy Systems and Services Private Limited,3,31
DENA BANK,Radiant Haroti Industries India Ltd,81,37
DENA BANK,SGS INDIA PVT LTD,36,42
DENA BANK,Silver Touch Technologies Ltd,365,15
DENA BANK,Sixth Dimension Project Solutions Ltd,69,1
DENA BANK,Soc for Advancement of Environ Science,89,3
DENA BANK,SoftAge Information Technology Limited,2,3
DENA BANK,Super Printers,92,32
DENA BANK,Systematic & Advance Const P L,5,1
DENA BANK,TechSmart India Pvt Ltd,727,91
DENA BANK,Tera Software Ltd,3625,200
DENA BANK,Transline Technologies P Ltd,823,20
DENA BANK,Utility Forms Pvt Ltd,27,1
DENA BANK,VAP INFOSOLUTIONS,70,96
DENA BANK,VISION COMPTECH INTEGRATOR LTD,78,36
DENA BANK,Vedavaag Systems Limited,357,104
DENA BANK,Virinchi Technologies Ltd,25,52
DENA BANK,WEBEL,3552,176
DENA BANK,Wipro Ltd,1473,186
DENA BANK,Zephyr System Pvt.Ltd.,1381,408
Delhi - North DC,CALANCE SOFTWARE PRIVATE LTD,0,2
Department of Information Technology Govt of Jharkhand,Blue Circle Instrument,4,0
Department of Information Technology Govt of Jharkhand,Wipro Ltd,8,6
Dept of ITC Govt of Rajasthan,AKSH OPTIFIBRE LIMITED,26,14
Dept of ITC Govt of Rajasthan,ATISHAY INFOTECH PVT. LTD.,256,54
Dept of ITC Govt of Rajasthan,AVVAS INFOTECH PVT  LTD,2,3
Dept of ITC Govt of Rajasthan,Academy of Management Studies,39,1
Dept of ITC Govt of Rajasthan,Alankit Finsec Ltd,2,0
Dept of ITC Govt of Rajasthan,Binary Systems,195,106
Dept of ITC Govt of Rajasthan,Business Information Processing Services,30,7
Dept of ITC Govt of Rajasthan,CMS Computers Ltd,140,173
Dept of ITC Govt of Rajasthan,COMTECH INSTITUTE OFTECHNOLOGY,5,15
Dept of ITC Govt of Rajasthan,DATASOFT COMPUTER SERVICES(P),455,47
Dept of ITC Govt of Rajasthan,FINANCIAL INFORMATION NETWORK,862,134
Dept of ITC Govt of Rajasthan,Gujarat Infotech Ltd.,2,3
Dept of ITC Govt of Rajasthan,IAP COMPANY Pvt. Ltd,310,39
Dept of ITC Govt of Rajasthan,Karvy Data Management Services,31,37
Dept of ITC Govt of Rajasthan,MEGHA VINCOM PVT LTD,29,35
Dept of ITC Govt of Rajasthan,Matrix Processing House,271,34
Dept of ITC Govt of Rajasthan,Multiwave Innovation,1,23
Dept of ITC Govt of Rajasthan,Netlink software Pvt Ltd,0,2
Dept of ITC Govt of Rajasthan,Osiris Infotech Pvt. Ltd.,10,21
Dept of ITC Govt of Rajasthan,Radiant Haroti Industries India Ltd,80,63
Dept of ITC Govt of Rajasthan,Radiant Info Systems Ltd,0,5
Dept of ITC Govt of Rajasthan,Ricoh India Limited,4,3
Dept of ITC Govt of Rajasthan,SAR Technology,24,43
Dept of ITC Govt of Rajasthan,SREI INFRASTRUCTURE FINANCES L,148,7
Dept of ITC Govt of Rajasthan,TechSmart India Pvt Ltd,61,15
Dept of ITC Govt of Rajasthan,Transline Technologies P Ltd,864,58
Dept of ITC Govt of Rajasthan,UMC Technologies Pvt. Ltd,1,11
Dept of ITC Govt of Rajasthan,VIRGO SOFTECH LIMITED,3,1
Dept of ITC Govt of Rajasthan,VISION COMPTECH INTEGRATOR LTD,41,0
Dept of ITC Govt of Rajasthan,Vakrangee Softwares Limited,667,296
Dept of ITC Govt of Rajasthan,Vayam technologies Ltd,132,27
FCR Govt of Haryana,4G INFORMATICS,8,20
FCR Govt of Haryana,Academy of Management Studies,31,3
FCR Govt of Haryana,Radiant Info Systems Ltd,2,10
FCR Govt of Haryana,SoftAge Information Technology Limited,199,29
FCR Govt of Haryana,Vayam technologies Ltd,8,19
FCS Govt of Punjab,CSS TECHNERGY LIMITED,0,1
FCS Govt of Punjab,District Sukhmani Society  Jalandhar  Punjab,1,7
FCS Govt of Punjab,District Sukhmani Society  Ludhiana  Punjab,11,8
FCS Govt of Punjab,District Sukhmani Society  Moga  Punjab,0,2
FCS Govt of Punjab,District Sukhmani Society Amritsar Punjab,2,21
FCS Govt of Punjab,District Sukhmani Society Barnala Punjab,1,2
FCS Govt of Punjab,District Sukhmani Society Bathinda Punjab,6,5
FCS Govt of Punjab,District Sukhmani Society Fatehgarh Sahib Punjab,1,7
FCS Govt of Punjab,District Sukhmani Society Fazilka Punjab,2,3
FCS Govt of Punjab,District Sukhmani Society Ferozepur Punjab,2,0
FCS Govt of Punjab,District Sukhmani Society For Citizen Services Mansa Punjab,1,0
FCS Govt of Punjab,District Sukhmani Society For Citizen Services Nawanshahr Punjab,9,8
FCS Govt of Punjab,District Sukhmani Society For Citizen Services SAS Nagar District e-Governance Society Punjab,3,4
FCS Govt of Punjab,District Sukhmani Society Pathankot Punjab,2,0
FCS Govt of Punjab,District Sukhmani Society Patiala Punjab,0,4
FCS Govt of Punjab,District Sukhmani Society Rupnagar Punjab,3,7
FCS Govt of Punjab,District Sukhmani Society Sangrur Punjab,3,12
FCS Govt of Punjab,District Sukhmani Society Sri Muktsar Sahib Punjab,0,10
FCS Govt of Punjab,District Sukhmani Society Tarn Taran Punjab,1,3
FCS Govt of Punjab,Karvy Computershare Private Li,2,2
FCS Govt of Punjab,Sukhmani Society For Citizen Services  Kapurthala  Punjab,0,5
FCS Govt of Punjab,Sukhmani Society For Citizens Services Faridkot Punjab,3,4
FCS Govt of Punjab,Suwidha Society Hoshiarpur Punjab,15,2
FCS Govt of Punjab,Vayam technologies Ltd,1,0
FCS Govt of Punjab,eCentric solutions pvt ltd,11,14
Govt of Andhra Pradesh,Gouthami Educational Society,0,4
Govt of Andhra Pradesh,GrapeSoft,1,2
Govt of Andhra Pradesh,INFRONICS SYSTEMS LTD,11,3
Govt of Andhra Pradesh,SREEVEN INFOCOM LIMITED,0,1
Govt of Andhra Pradesh,TechSmart India Pvt Ltd,0,4
Govt of Andhra Pradesh,Tera Software Ltd,0,3
Govt of Goa,MARS Telecom Systems Pvt Ltd,0,1
Govt of Gujarat,GSS Infotech Ltd,0,6
Govt of Gujarat,Karvy Computershare Private Li,8,13
Govt of Gujarat,Silver Touch Technologies Ltd,62,10
Govt of Gujarat,Tera Software Ltd,18,7
Govt of Gujarat,Transline Technologies P Ltd,4,2
Govt of Gujarat,Vayam technologies Ltd,0,6
Govt of Gujarat,eCentric solutions pvt ltd,3,15
Govt of Himachal Pradesh,i-Grandee SoftwareTechnologies,26,14
Govt of Karnataka ,BNR UDYOG LIMITED,3,6
Govt of Karnataka ,Bloom Solutions Pvt Ltd,1,0
Govt of Karnataka ,MARS Telecom Systems Pvt Ltd,1,5
Govt of Karnataka ,Ninestars Information Technologies Ltd,0,1
Govt of Karnataka ,Origin ITFS Pvt Ltd,4,24
Govt of Karnataka ,Radiant Info Systems Ltd,0,6
Govt of Karnataka ,SREEVEN INFOCOM LIMITED,1,2
Govt of Kerala,Akshaya,138,114
Govt of Kerala,Keltron,2,2
Govt of Maharashtra,Adcc Infocad Pvt.Ltd Nagpur,2,2
Govt of Maharashtra,Bharat Technical Solutions Private Limited,3,1
Govt of Maharashtra,GLODYNE TECHNOSERVE,0,1
Govt of Maharashtra,Karvy Computershare Private Li,3,7
Govt of Maharashtra,M/S King Computer System pvt Ltd,1,7
Govt of Maharashtra,Netlink software Pvt Ltd,2,4
Govt of Maharashtra,Network for Information & Computer,1,0
Govt of Maharashtra,Rudranee Infotech Ltd,13,1
Govt of Maharashtra,SETU MAHARASHTRA,7,3
Govt of Maharashtra,SILVER JUBILEE MOTORS LTD.,2,3
Govt of Maharashtra,STRATEGIC OUTSOURCING SERVICE,2,1
Govt of Maharashtra,Silver Touch Technologies Ltd,0,1
Govt of Maharashtra,TechSmart India Pvt Ltd,1,0
Govt of Maharashtra,Wipro Ltd,2,1
Govt of Sikkim - Dept of Econo,Department of Economics Statistics  Monitoring and Evaluation DESME,7,0
IDBI Bank ltd,ATISHAY INFOTECH PVT. LTD.,51,13
IDBI Bank ltd,Matrix Processing House,176,9
IDBI Bank ltd,SREEVEN INFOCOM LIMITED,3,0
IDBI Bank ltd,UTI TECHNOLOGY SERVICES LIMITE,0,2
Indiapost,Delhi Integrated MMTS Ltd,0,6
Indiapost,M/S STAR DATA CENTRE,1,0
Indiapost,Vayam technologies Ltd,3,6
Indiapost,WEBEL,1,1
Information Technology & Communication Department,4G INFORMATICS,0,1
Information Technology & Communication Department,BNR UDYOG LIMITED,5,26
Information Technology & Communication Department,Directorate of ESD,645,2117
Information Technology & Communication Department,MARS Telecom Systems Pvt Ltd,0,1
Information Technology & Communication Department,SREEVEN INFOCOM LIMITED,0,2
Information Technology & Communication Department,Tera Software Ltd,0,2
Jharkhand,MKS Enterprises,0,1
Jharkhand,Nevaeh Technology Pvt. Ltd.,2,0
Jharkhand,Systematic & Advance Const P L,0,1
Jharkhand,VISION COMPTECH INTEGRATOR LTD,1,1
Jharkhand,Wipro Ltd,2,6
Mission Convergence - GNCT Del,NVR & ASSOCIATES LIMITED,0,1
NSDL e-Governance Infrastructure Limited,Abhipra Capital Ltd,58,15
NSDL e-Governance Infrastructure Limited,Alankit Assignments Limited,38,11
NSDL e-Governance Infrastructure Limited,Alankit Finsec Ltd,1664,164
NSDL e-Governance Infrastructure Limited,Delhi Integrated MMTS Ltd,0,1
NSDL e-Governance Infrastructure Limited,Gujarat Infotech Ltd.,2913,79
NSDL e-Governance Infrastructure Limited,IAP COMPANY Pvt. Ltd,43,4
NSDL e-Governance Infrastructure Limited,Karvy Data Management Services,3671,1279
NSDL e-Governance Infrastructure Limited,N.K. Sharma Enterprises Ltd.,19,31
NSDL e-Governance Infrastructure Limited,Netlink software Pvt Ltd,14,9
NSDL e-Governance Infrastructure Limited,Offshoot Agency Pvt. Ltd.,57,21
NSDL e-Governance Infrastructure Limited,PROWIZ MANSYTEMS PVT LTD,2,4
NSDL e-Governance Infrastructure Limited,Promind Solutions P Limited,1470,312
NSDL e-Governance Infrastructure Limited,RELIGARE SECURITIES LTD,122,19
NSDL e-Governance Infrastructure Limited,Radiant Haroti Industries India Ltd,46,36
NSDL e-Governance Infrastructure Limited,Ricoh India Limited,63,23
NSDL e-Governance Infrastructure Limited,Sri Ramraja Sarkar Lok Kalyan Trust,1515,50
NSDL e-Governance Infrastructure Limited,Utility Forms Pvt Ltd,162,69
NSDL e-Governance Infrastructure Limited,VIRGO SOFTECH LIMITED,186,47
Oriental Bank of Commerce,DATASOFT COMPUTER SERVICES(P),4,2
Oriental Bank of Commerce,JNET Technologies Pvt.Ltd,4,5
Oriental Bank of Commerce,Redim Software Technologies Pvt Ltd,0,5
Oriental Bank of Commerce,Sri Ramraja Sarkar Lok Kalyan Trust,85,8
Oriental Bank of Commerce,Wipro Ltd,1,6
Principal Revenue Commissioner  Dept of Revenue  Govt of MP,GDC Advertising Pvt. Limited,0,5
Principal Revenue Commissioner  Dept of Revenue  Govt of MP,K W Consulting P Ltd,0,2
Principal Revenue Commissioner  Dept of Revenue  Govt of MP,LYRA  CONSULTANCY SERVICE,1,1
Principal Revenue Commissioner  Dept of Revenue  Govt of MP,Netlink software Pvt Ltd,3,2
Principal Revenue Commissioner  Dept of Revenue  Govt of MP,OSWAL COMPUTERS & CONSULTANTS,2,5
Principal Revenue Commissioner  Dept of Revenue  Govt of MP,Tera Software Ltd,1,0
Principal Revenue Commissioner  Dept of Revenue  Govt of MP,Vedavaag Systems Limited,5,4
Punjab National Bank,Eagle Software India Pvt. Ltd,303,2
Punjab and Sind Bank,Matrix Processing House,321,69
Registrar General India BEL2,Chinar Construction Company Prime agency,0,16
Registrar General India BEL2,Computer LAB,0,3
Registrar General India BEL2,Emdee Digitronics Pvt.Ltd.,0,5
Registrar General India BEL2,In Media Computer Services LLP,50,1
Registrar General India BEL2,Karvy Data Management Services,2,47
Registrar General India BEL2,Madras Security Printers Ltd,7,0
Registrar General India BEL2,Manipur Electronics Dev Corp,6,3
Registrar General India BEL2,Multiwave Innovation,0,1
Registrar General India BEL2,NVR & ASSOCIATES LIMITED,0,1
Registrar General India BEL2,Netlink software Pvt Ltd,2,0
Registrar General India BEL2,Nevaeh Technology Pvt. Ltd.,4,0
Registrar General India BEL2,Nielsen  India  Private Limited,3,0
Registrar General India BEL2,Om Softwares,1,0
Registrar General India BEL2,SREI INFRASTRUCTURE FINANCES L,0,6
Registrar General India BEL2,STRATEGIC OUTSOURCING SERVICE,4,1
Registrar General India BEL2,Satyanarayana Raju Company Pvt ltd,14,42
Registrar General India BEL2,Swathy Smartcards Hi-Tech Pvt,41,23
Registrar General India BEL2,Tera Software Ltd,15,44
Registrar General India BEL2,UNITED DATA SERVICES PRIVATE LIMITED,5,0
Registrar General India BEL2,VIRGO SOFTECH LIMITED,0,2
Registrar General India BEL2,Vansh Infotech Pvt Ltd,11,0
Registrar General India BEL2,Vayam technologies Ltd,2,0
Registrar General India BEL2,Vedavaag Systems Limited,30,28
Registrar General India BEL2,Viesa Technologies,391,143
Registrar General India ECIL,AVVAS INFOTECH PVT  LTD,1,16
Registrar General India ECIL,COMTECH INSTITUTE OFTECHNOLOGY,2,5
Registrar General India ECIL,COMTECHINFO SOLUTIONS PVT.LTD,0,1
Registrar General India ECIL,Chinar Construction Company Prime agency,4,2
Registrar General India ECIL,Computer LAB,4065,174
Registrar General India ECIL,Eagle Software India Pvt. Ltd,2801,299
Registrar General India ECIL,Esoft Consulting Limited,1,0
Registrar General India ECIL,In Media Computer Services LLP,5,4
Registrar General India ECIL,India Computer Technology,2,12
Registrar General India ECIL,Integrated Systems & Services,2,0
Registrar General India ECIL,Karvy Data Management Services,41,3
Registrar General India ECIL,Krishna Infotech,0,1
Registrar General India ECIL,LYRA  CONSULTANCY SERVICE,6,1
Registrar General India ECIL,Madras Security Printers Ltd,4649,131
Registrar General India ECIL,Mphasis Ltd,0,1
Registrar General India ECIL,Netwing Technologies Pvt Ltd,1,0
Registrar General India ECIL,Nielsen  India  Private Limited,1,0
Registrar General India ECIL,SWISSTECH NPR 57CR PROJECT PVT,1,2
Registrar General India ECIL,Tera Software Ltd,2131,15
Registrar General India ECIL,Vedavaag Systems Limited,1,2
Registrar General India Others,Chinar Construction Company Prime agency,1,0
Registrar General India Others,Computer LAB,0,15
Registrar General of India ITI,COMTECH INSTITUTE OFTECHNOLOGY,0,1
Registrar General of India ITI,Eagle Software India Pvt. Ltd,3,0
Registrar General of India ITI,Emdee Digitronics Pvt.Ltd.,16,5
Registrar General of India ITI,In Media Computer Services LLP,3,0
Registrar General of India ITI,Karvy Data Management Services,999,6
Registrar General of India ITI,MKS Enterprises,0,2
Registrar General of India ITI,Madras Security Printers Ltd,0,3
Registrar General of India ITI,Netlink software Pvt Ltd,15,8
Registrar General of India ITI,Nielsen  India  Private Limited,15,2
Registrar General of India ITI,Quick Data IT Services Pvt Ltd,13,2
Registrar General of India ITI,Satyanarayana Raju Company Pvt ltd,1,0
Registrar General of India ITI,Swathy Smartcards Hi-Tech Pvt,2,2
Registrar General of India ITI,VIRGO SOFTECH LIMITED,3,15
Registrar General of India ITI,Vedavaag Systems Limited,12,10
Registrar General of India ITI,WEBEL TECHNOLOGY LIMITED,21,3
Registrar General of India ITI,Webx Technologies Private Limited,0,1
UIDAI-Registrar,UIDAI-EA,1,4
UT Of Daman and Diu,Alankit Assignments Limited,0,1
Union Bank,FINANCIAL INFORMATION NETWORK,1529,360
Union Bank,Smart Chip Limited,148,173
Union Bank,Vakrangee Softwares Limited,2141,183
