Registrar,Enrolment Agency,Aadhaar generated,Enrolment Rejected
Bank Of India,A3 Logics  India  Ltd,1287,64
Bank Of India,CHESSY CONSULTANTS PVT LTD,423,6
Bank Of India,DATASOFT COMPUTER SERVICES(P),707,6
Bank Of India,Frontech Systems Pvt Ltd,132,8
Bank Of India,ITI LIMITED,734,9
Bank Of India,MANTRA SOFTTECH (INDIA) PVTLTD,500,56
Bank Of India,Matrix Processing House,286,21
Bank Of India,OPTIMIX CONSULTANCY PRIVATE LT,10,0
Bank Of India,OSWAL COMPUTERS & CONSULTANTS,1800,28
Bank Of India,PROTEX COMPUTER PVT LTD,146,5
Bank Of India,SARADA SYSTEMS,171,0
Bank Of India,SHRIKRISHNA KHANDASARI SUGAR M,84,1
Bank Of India,SPANCO,588,3
Bank Of India,Systematic & Advance Const P L,96,7
Bank Of India,VEETECHNOLOGIES PVT. LTD,25,0
Bank Of India,Vakrangee Softwares Limited,1705,41
Central Bank of India,CALANCE SOFTWARE PRIVATE LTD,346,5
Central Bank of India,IAP COMPANY Pvt. Ltd,1235,8
Central Bank of India,IL&FS LTD,1,0
Central Bank of India,MANTRA SOFTTECH (INDIA) PVTLTD,38,0
Central Bank of India,The Peerless General Finance,13,1
Delhi - Central DC,Smart Chip Limited,7,0
Delhi - East DC,DATASOFT COMPUTER SERVICES(P),6,0
Delhi - ND DC,Smart Chip Limited,1,0
Delhi - NE DC,Alankit Assignments Limited,207,0
Delhi - North DC,Smart Chip Limited,6,0
Delhi- South DC,Karvy Computershare Private Li,2,0
Delhi- West DC,VIRGO SOFTECH LIMITED,1,0
Delhi-NW DC,STRATEGIC OUTSOURCING SERVICE,25,0
Dept of ITC Govt of Rajasthan,ATISHAY INFOTECH PVT. LTD.,1174,46
Dept of ITC Govt of Rajasthan,Alankit Finsec Ltd,90,14
Dept of ITC Govt of Rajasthan,DATASOFT COMPUTER SERVICES(P),469,19
Dept of ITC Govt of Rajasthan,Transline Technologies P Ltd,122,4
Dept of ITC Govt of Rajasthan,Vakrangee Softwares Limited,568,54
FCR Govt of Haryana,Vakrangee Softwares Limited,443,9
FCS Govt of Punjab,Alankit Assignments Limited,287,0
FCS Govt of Punjab,Alankit Finsec Ltd,1,0
FCS Govt of Punjab,CSS TECHNERGY LIMITED,424,7
FCS Govt of Punjab,Diwakar Commercials Pvt Ltd,2,0
FCS Govt of Punjab,Karvy Computershare Private Li,554,39
FCS Govt of Punjab,VIRGO SOFTECH LIMITED,4,0
FCS Govt of Punjab,Vayam technologies Ltd,115,2
FCS Govt of Punjab,eCentric solutions pvt ltd,119,3
Govt of Andhra Pradesh,Gouthami Educational Society,3037,12
Govt of Andhra Pradesh,GrapeSoft,165,0
Govt of Andhra Pradesh,INFRONICS SYSTEMS LTD,640,1
Govt of Andhra Pradesh,Madras Security Printers Ltd,75,4
Govt of Andhra Pradesh,Smart Chip Limited,0,1
Govt of Andhra Pradesh,Tera Software Ltd,136,2
Govt of Andhra Pradesh,eCentric solutions pvt ltd,305,2
Govt of Goa,COMAT TECHNOLOGIES P LTD,11,0
Govt of Goa,MARS Telecom Systems Pvt Ltd,794,18
Govt of Goa,Tera Software Ltd,5,1
Govt of Gujarat,GSS Infotech Ltd,206,8
Govt of Gujarat,Karvy Computershare Private Li,484,7
Govt of Gujarat,Silver Touch Technologies Ltd,622,8
Govt of Gujarat,Tera Software Ltd,207,1
Govt of Gujarat,Transline Technologies P Ltd,293,8
Govt of Gujarat,Vayam technologies Ltd,579,30
Govt of Gujarat,eCentric solutions pvt ltd,542,28
Govt of Himachal Pradesh,IL&FS LTD,1,0
Govt of Himachal Pradesh,Wipro Ltd,1464,82
Govt of Himachal Pradesh,i-Grandee SoftwareTechnologies,534,1
Govt of Karnataka ,COMAT TECHNOLOGIES P LTD,892,1
Govt of Karnataka ,GLODYNE TECHNOSERVE,1,1
Govt of Karnataka ,Wipro Ltd,16,0
Govt of Kerala,Akshaya,4422,15
Govt of Kerala,Keltron,2065,0
Govt of Madhya Pradesh,VIRGO SOFTECH LIMITED,91,91
Govt of Maharashtra,Alankit Finsec Ltd,284,1
Govt of Maharashtra,Eagle press pvt ltd,65,0
Govt of Maharashtra,GLODYNE TECHNOSERVE,358,0
Govt of Maharashtra,Karvy Computershare Private Li,554,4
Govt of Maharashtra,STRATEGIC OUTSOURCING SERVICE,77,0
Govt of Maharashtra,Silver Touch Technologies Ltd,442,0
Govt of Maharashtra,TechSmart India Pvt Ltd,137,3
Govt of Maharashtra,Tera Software Ltd,9,0
Govt of Maharashtra,Transline Technologies P Ltd,644,21
Govt of Maharashtra,Wipro Ltd,1434,14
IDBI Bank ltd,Pioneer E Labs limited,24,0
IDBI Bank ltd,SREEVEN INFOCOM LIMITED,25,0
IDBI Bank ltd,UTI TECHNOLOGY SERVICES LIMITE,6,0
Indiapost,COMAT TECHNOLOGIES P LTD,3,0
Indiapost,Delhi Integrated MMTS Ltd,103,2
Indiapost,GLODYNE TECHNOSERVE,315,6
Indiapost,TEAM LIFE CARE COMPANY INDIA P,79,4
Jharkhand,Alankit Assignments Limited,798,4
Jharkhand,Blue Circle Instrument,41,2
Jharkhand,MKS Enterprises,197,3
Jharkhand,Nevaeh Technology Pvt. Ltd.,171,0
Jharkhand,STRATEGIC OUTSOURCING SERVICE,421,0
Jharkhand,Systematic & Advance Const P L,21,5
Jharkhand,VISION COMPTECH INTEGRATOR LTD,151,10
Jharkhand,Wipro Ltd,120,10
Mission Convergence - GNCT Del,Karvy Computershare Private Li,7,7
Mission Convergence - GNCT Del,Smart Chip Limited,5,0
N S D L,Abhipra Capital Ltd,59,6
N S D L,Alankit Assignments Limited,2,0
N S D L,Karvy Data Management Services,233,15
N S D L,PROWIZ MANSYTEMS PVT LTD,906,99
Oriental Bank of Commerce,DATASOFT COMPUTER SERVICES(P),177,0
Oriental Bank of Commerce,FINANCIAL INFORMATION NETWORK,30,0
RDD Govt of Tripura,Alankit Assignments Limited,2742,9
Registrar General India - BEL,In Media Computer Services LLP,39,0
Registrar General India - BEL,Manipur Electronics Dev Corp,59,0
Registrar General India BEL2,Computer LAB,3,0
Registrar General India BEL2,India Computer Technology,194,0
Registrar General India BEL2,Madras Security Printers Ltd,151,0
Registrar General India BEL2,Multiwave Innovation,146,0
Registrar General India BEL2,Om Softwares,1073,1
Registrar General India BEL2,Swathy Smartcards Hi-Tech Pvt,3571,1
Registrar General India BEL2,Tera Software Ltd,947,5
Registrar General India BEL2,VIRGO SOFTECH LIMITED,857,2
Registrar General India ECIL,Clairvoyance Technologies Pvt.,10,0
Registrar General India ECIL,Computer LAB,6103,18
Registrar General India ECIL,Eagle Software India Pvt. Ltd,860,4
Registrar General India ECIL,In Media Computer Services LLP,3549,0
Registrar General India ECIL,India Computer Technology,163,0
Registrar General India ECIL,Krishna Infotech,45,6
Registrar General India ECIL,Madras Security Printers Ltd,1,0
Registrar General India ECIL,Pioneer E Labs limited,1938,0
Registrar General India ECIL,SWISSTECH NPR 57CR PROJECT PVT,732,53
Registrar General India ECIL,Vedavaag Systems Limited,109,29
Registrar General India Others,Computer LAB,4,0
Registrar General India Others,India Computer Technology,5,0
Registrar General India Others,Madras Security Printers Ltd,0,1
Registrar General India Others,Swathy Smartcards Hi-Tech Pvt,20,3
Registrar General of India ITI,Emdee Digitronics Pvt.Ltd.,625,1
Registrar General of India ITI,Multiwave Innovation,238,0
Registrar General of India ITI,Swathy Smartcards Hi-Tech Pvt,16219,106
Registrar General of India ITI,TechSmart India Pvt Ltd,14,0
STATE BANK OF PATIALA,CSS TECHNERGY LIMITED,1,0
State Bank of Bikaner & Jaipur,Multiwave Innovation,1628,36
State Bank of India,4G IDENTITY SOLUTIONS,1,4
State Bank of India,COMAT TECHNOLOGIES P LTD,1,0
State Bank of Travancore,Tera Software Ltd,34,0
UDD Govt of Jharkhand,Blue Circle Instrument,299,0
UDD Govt of Jharkhand,MKS Enterprises,362,9
UDD Govt of Jharkhand,Systematic & Advance Const P L,9,2
UT Of Daman and Diu,Alankit Assignments Limited,61,1
UT of Puducherry,Madras Security Printers Ltd,6,0
Union Bank,4G IDENTITY SOLUTIONS,1,0
Union Bank,Smart Chip Limited,1314,21
Union Bank,Vakrangee Softwares Limited,1094,244
