Registrar,Enrolment Agency,Aadhaar generated,Enrolment Rejected
Allahabad Bank,Tera Software Ltd,3,0
Bank Of India,A3 Logics  India  Ltd,5655,404
Bank Of India,CHESSY CONSULTANTS PVT LTD,78,0
Bank Of India,DATASOFT COMPUTER SERVICES(P),461,9
Bank Of India,Frontech Systems Pvt Ltd,1231,19
Bank Of India,ITI LIMITED,1745,44
Bank Of India,MANTRA SOFTTECH (INDIA) PVTLTD,2937,155
Bank Of India,Matrix Processing House,918,25
Bank Of India,OPTIMIX CONSULTANCY PRIVATE LT,535,0
Bank Of India,OSWAL COMPUTERS & CONSULTANTS,4365,74
Bank Of India,PROTEX COMPUTER PVT LTD,433,7
Bank Of India,SARADA SYSTEMS,717,4
Bank Of India,SHRIKRISHNA KHANDASARI SUGAR M,1450,12
Bank Of India,SPANCO,1484,16
Bank Of India,Silver Touch Technologies Ltd,1246,86
Bank Of India,Systematic & Advance Const P L,1148,39
Bank Of India,VEETECHNOLOGIES PVT. LTD,121,7
Bank Of India,Vakrangee Softwares Limited,26268,783
Bank of Maharashtra,Alankit Assignments Limited,4,0
Bank of Maharashtra,Bartronics India Limited,2,0
Central Bank of India,CALANCE SOFTWARE PRIVATE LTD,1437,26
Central Bank of India,IAP COMPANY Pvt. Ltd,3912,72
Central Bank of India,IL&FS LTD,52,1
Central Bank of India,MANTRA SOFTTECH (INDIA) PVTLTD,478,21
Central Bank of India,SREI INFRASTRUCTURE FINANCES L,15,0
Central Bank of India,The Peerless General Finance,120,0
Delhi - Central DC,Smart Chip Limited,20,21
Delhi - East DC,DATASOFT COMPUTER SERVICES(P),10,0
Delhi - ND DC,Smart Chip Limited,1,1
Delhi - NE DC,Alankit Assignments Limited,20,0
Delhi - NE DC,Smart ID,29,0
Delhi - North DC,DATASOFT COMPUTER SERVICES(P),1,0
Delhi - North DC,Smart Chip Limited,151,1
Delhi SW DC,STRATEGIC OUTSOURCING SERVICE,124,0
Delhi SW DC,VIRGO SOFTECH LIMITED,262,2
Delhi Urban Shelter Improvemen,STRATEGIC OUTSOURCING SERVICE,167,0
Delhi- South DC,Karvy Computershare Private Li,60,0
Delhi- West DC,VIRGO SOFTECH LIMITED,331,0
Delhi-NW DC,STRATEGIC OUTSOURCING SERVICE,3,0
Dept of ITC Govt of Rajasthan,ATISHAY INFOTECH PVT. LTD.,4514,204
Dept of ITC Govt of Rajasthan,Alankit Finsec Ltd,835,4
Dept of ITC Govt of Rajasthan,DATASOFT COMPUTER SERVICES(P),2709,51
Dept of ITC Govt of Rajasthan,Transline Technologies P Ltd,837,19
Dept of ITC Govt of Rajasthan,Vakrangee Softwares Limited,12131,847
Dept of ITC Govt of Rajasthan,Vayam technologies Ltd,20,0
FCR Govt of Haryana,Vakrangee Softwares Limited,3584,123
FCS Govt of Punjab,Alankit Assignments Limited,16,1
FCS Govt of Punjab,CSS TECHNERGY LIMITED,661,17
FCS Govt of Punjab,Delhi Integrated MMTS Ltd,1,0
FCS Govt of Punjab,Karvy Computershare Private Li,3182,83
FCS Govt of Punjab,VIRGO SOFTECH LIMITED,0,1
FCS Govt of Punjab,Vayam technologies Ltd,1608,15
FCS Govt of Punjab,eCentric solutions pvt ltd,2837,48
Govt of Andhra Pradesh,Gouthami Educational Society,1782,8
Govt of Andhra Pradesh,GrapeSoft,1343,7
Govt of Andhra Pradesh,IL&FS LTD,131,3
Govt of Andhra Pradesh,INFRONICS SYSTEMS LTD,12618,97
Govt of Andhra Pradesh,Madras Security Printers Ltd,990,7
Govt of Andhra Pradesh,SREEVEN INFOCOM LIMITED,3047,19
Govt of Andhra Pradesh,Smart Chip Limited,137,2
Govt of Andhra Pradesh,TechSmart India Pvt Ltd,906,16
Govt of Andhra Pradesh,Tera Software Ltd,2430,23
Govt of Andhra Pradesh,eCentric solutions pvt ltd,413,14
Govt of Goa,COMAT TECHNOLOGIES P LTD,5,0
Govt of Goa,MARS Telecom Systems Pvt Ltd,731,57
Govt of Goa,Tera Software Ltd,2,2
Govt of Gujarat,GSS Infotech Ltd,3642,204
Govt of Gujarat,Karvy Computershare Private Li,3290,26
Govt of Gujarat,Silver Touch Technologies Ltd,16850,889
Govt of Gujarat,Tera Software Ltd,3772,53
Govt of Gujarat,Transline Technologies P Ltd,1383,51
Govt of Gujarat,Vayam technologies Ltd,9270,219
Govt of Gujarat,eCentric solutions pvt ltd,933,75
Govt of Himachal Pradesh,IL&FS LTD,39,0
Govt of Himachal Pradesh,Wipro Ltd,10018,445
Govt of Himachal Pradesh,i-Grandee SoftwareTechnologies,1893,19
Govt of Karnataka ,COMAT TECHNOLOGIES P LTD,327,0
Govt of Karnataka ,Integra Micro Systems Pvt.ltd,3,0
Govt of Karnataka ,Wipro Ltd,313,0
Govt of Kerala,Akshaya,16096,66
Govt of Kerala,Keltron,9091,9
Govt of Madhya Pradesh,VIRGO SOFTECH LIMITED,1514,1948
Govt of Maharashtra,Alankit Assignments Limited,31,1
Govt of Maharashtra,Alankit Finsec Ltd,4832,38
Govt of Maharashtra,COMAT TECHNOLOGIES P LTD,10,0
Govt of Maharashtra,Eagle press pvt ltd,626,47
Govt of Maharashtra,GLODYNE TECHNOSERVE,458,38
Govt of Maharashtra,GSS Infotech Ltd,14,0
Govt of Maharashtra,Karvy Computershare Private Li,11723,100
Govt of Maharashtra,SPANCO,2,0
Govt of Maharashtra,STRATEGIC OUTSOURCING SERVICE,1439,17
Govt of Maharashtra,Silver Touch Technologies Ltd,2078,8
Govt of Maharashtra,Smart Chip Limited,3,0
Govt of Maharashtra,TEAM LIFE CARE COMPANY INDIA P,5,1
Govt of Maharashtra,TechSmart India Pvt Ltd,1541,9
Govt of Maharashtra,Tera Software Ltd,284,3
Govt of Maharashtra,Transline Technologies P Ltd,3644,414
Govt of Maharashtra,Wep Solution India Limited,19,0
Govt of Maharashtra,Wipro Ltd,6033,105
Govt of Sikkim - Dept of Econo,4G IDENTITY SOLUTIONS,63,0
IDBI Bank ltd,Pioneer E Labs limited,50,7
IDBI Bank ltd,SREEVEN INFOCOM LIMITED,1215,0
IDBI Bank ltd,UTI TECHNOLOGY SERVICES LIMITE,41,1
Indian Bank,GSS Infotech Ltd,2,0
Indian Overseas Bank,Wipro Ltd,1,0
Indiapost,Delhi Integrated MMTS Ltd,527,22
Indiapost,GLODYNE TECHNOSERVE,46,0
Indiapost,TEAM LIFE CARE COMPANY INDIA P,529,22
Indiapost,The Peerless General Finance,2,0
Jharkhand,Alankit Assignments Limited,1565,3
Jharkhand,Blue Circle Instrument,1057,53
Jharkhand,IL&FS LTD,31,0
Jharkhand,MKS Enterprises,1092,4
Jharkhand,Nevaeh Technology Pvt. Ltd.,463,2
Jharkhand,STRATEGIC OUTSOURCING SERVICE,383,12
Jharkhand,Smart ID,4,0
Jharkhand,Systematic & Advance Const P L,86,5
Jharkhand,VISION COMPTECH INTEGRATOR LTD,1199,11
Jharkhand,Wipro Ltd,5018,416
Life Insurance Corporation,COMAT TECHNOLOGIES P LTD,35,0
Mission Convergence - GNCT Del,Alankit Assignments Limited,68,0
Mission Convergence - GNCT Del,IL&FS LTD,43,0
Mission Convergence - GNCT Del,Karvy Computershare Private Li,96,2
Mission Convergence - GNCT Del,STRATEGIC OUTSOURCING SERVICE,212,0
Mission Convergence - GNCT Del,Smart Chip Limited,46,1
Mission Convergence - GNCT Del,eCentric solutions pvt ltd,1,0
N S D L,Abhipra Capital Ltd,593,11
N S D L,Alankit Assignments Limited,63,0
N S D L,Karvy Data Management Services,12617,91
N S D L,PROWIZ MANSYTEMS PVT LTD,836,51
Oriental Bank of Commerce,DATASOFT COMPUTER SERVICES(P),208,5
Oriental Bank of Commerce,FINANCIAL INFORMATION NETWORK,296,5
Oriental Bank of Commerce,Wipro Ltd,97,12
Punjab and Sind Bank,Matrix Processing House,2,0
RDD Govt of Tripura,Alankit Assignments Limited,364,1
Registrar General India - BEL,In Media Computer Services LLP,852,38
Registrar General India - BEL,Manipur Electronics Dev Corp,711,8
Registrar General India - BEL,Swathy Smartcards Hi-Tech Pvt,6,74
Registrar General India BEL2,Computer LAB,3,73
Registrar General India BEL2,India Computer Technology,92,0
Registrar General India BEL2,Madras Security Printers Ltd,167,88
Registrar General India BEL2,Multiwave Innovation,441,12
Registrar General India BEL2,Om Softwares,2735,36
Registrar General India BEL2,SREEVEN INFOCOM LIMITED,157,3530
Registrar General India BEL2,Swathy Smartcards Hi-Tech Pvt,5699,783
Registrar General India BEL2,Tera Software Ltd,8938,17
Registrar General India BEL2,VIRGO SOFTECH LIMITED,3602,0
Registrar General India ECIL,Clairvoyance Technologies Pvt.,11,7
Registrar General India ECIL,Computer LAB,53597,105
Registrar General India ECIL,Eagle Software India Pvt. Ltd,18160,57
Registrar General India ECIL,In Media Computer Services LLP,32952,57
Registrar General India ECIL,India Computer Technology,339,1
Registrar General India ECIL,Krishna Infotech,5919,2261
Registrar General India ECIL,Madras Security Printers Ltd,5376,3
Registrar General India ECIL,Pioneer E Labs limited,3644,38
Registrar General India ECIL,SWISSTECH NPR 57CR PROJECT PVT,8832,656
Registrar General India ECIL,Vedavaag Systems Limited,4979,128
Registrar General India Others,Computer LAB,2,0
Registrar General India Others,India Computer Technology,93,0
Registrar General India Others,Madras Security Printers Ltd,5,2
Registrar General India Others,Om Softwares,3,0
Registrar General India Others,SREEVEN INFOCOM LIMITED,1,2
Registrar General India Others,SWISSTECH NPR 57CR PROJECT PVT,168,0
Registrar General India Others,Swathy Smartcards Hi-Tech Pvt,58,3
Registrar General India Others,TechSmart India Pvt Ltd,0,2
Registrar General India Others,Vedavaag Systems Limited,1,0
Registrar General of India ITI,Emdee Digitronics Pvt.Ltd.,26945,85
Registrar General of India ITI,Multiwave Innovation,2225,7
Registrar General of India ITI,SREEVEN INFOCOM LIMITED,5,1
Registrar General of India ITI,Swathy Smartcards Hi-Tech Pvt,85784,8410
Registrar General of India ITI,TechSmart India Pvt Ltd,192,32
Registrar General of India ITI,WEBEL TECHNOLOGY LIMITED,29296,24
STATE BANK OF PATIALA,CSS TECHNERGY LIMITED,54,0
State Bank of Bikaner & Jaipur,Multiwave Innovation,4708,346
State Bank of India,4G IDENTITY SOLUTIONS,63,4
State Bank of India,COMAT TECHNOLOGIES P LTD,132,0
State Bank of India,CSS TECHNERGY LIMITED,38,3
State Bank of India,Delhi Integrated MMTS Ltd,106,0
State Bank of India,Eagle press pvt ltd,13,0
State Bank of India,IL&FS LTD,14,0
State Bank of India,Smart Chip Limited,23,0
State Bank of India,VIRGO SOFTECH LIMITED,2250,0
State Bank of Travancore,Tera Software Ltd,128,0
UDD Govt of Jharkhand,Blue Circle Instrument,341,19
UDD Govt of Jharkhand,IL&FS LTD,12,0
UDD Govt of Jharkhand,MKS Enterprises,4196,13
UDD Govt of Jharkhand,Smart ID,6,0
UDD Govt of Jharkhand,Systematic & Advance Const P L,1,0
UIDAI-Registrar,UIDAI-EA,8,0
UT Of Daman and Diu,Alankit Assignments Limited,256,0
UT of Puducherry,Madras Security Printers Ltd,59,0
Union Bank,4G IDENTITY SOLUTIONS,4,0
Union Bank,Smart Chip Limited,13592,258
Union Bank,Vakrangee Softwares Limited,5594,399
