Registrar,Enrolment Agency,Aadhaar generated,Enrolment Rejected
Allahabad Bank,Tera Software Ltd,211,3
Bank Of India,A3 Logics  India  Ltd,8290,170
Bank Of India,CHESSY CONSULTANTS PVT LTD,870,6
Bank Of India,DATASOFT COMPUTER SERVICES(P),1580,14
Bank Of India,Frontech Systems Pvt Ltd,2317,33
Bank Of India,ITI LIMITED,3686,25
Bank Of India,MANTRA SOFTTECH (INDIA) PVTLTD,3793,71
Bank Of India,Matrix Processing House,641,16
Bank Of India,OPTIMIX CONSULTANCY PRIVATE LT,112,0
Bank Of India,OSWAL COMPUTERS & CONSULTANTS,4638,81
Bank Of India,PROTEX COMPUTER PVT LTD,496,12
Bank Of India,SARADA SYSTEMS,529,2
Bank Of India,SHRIKRISHNA KHANDASARI SUGAR M,3770,49
Bank Of India,SPANCO,2056,16
Bank Of India,Silver Touch Technologies Ltd,1506,83
Bank Of India,Systematic & Advance Const P L,1522,46
Bank Of India,VEETECHNOLOGIES PVT. LTD,862,9
Bank Of India,Vakrangee Softwares Limited,38309,718
Bank of Baroda,IL&FS LTD,116,0
Bank of Maharashtra,Bartronics India Limited,8,0
Central Bank of India,CALANCE SOFTWARE PRIVATE LTD,3878,31
Central Bank of India,IAP COMPANY Pvt. Ltd,3587,93
Central Bank of India,IL&FS LTD,341,8
Central Bank of India,MANTRA SOFTTECH (INDIA) PVTLTD,266,31
Central Bank of India,SREI INFRASTRUCTURE FINANCES L,2,1
Central Bank of India,The Peerless General Finance,149,2
Delhi - Central DC,Smart Chip Limited,573,3
Delhi - East DC,DATASOFT COMPUTER SERVICES(P),84,0
Delhi - ND DC,Smart Chip Limited,13,0
Delhi - NE DC,Alankit Assignments Limited,162,1
Delhi - NE DC,Smart ID,74,0
Delhi - North DC,DATASOFT COMPUTER SERVICES(P),53,0
Delhi - North DC,Smart Chip Limited,465,1
Delhi SW DC,STRATEGIC OUTSOURCING SERVICE,24,0
Delhi SW DC,VIRGO SOFTECH LIMITED,1,0
Delhi Urban Shelter Improvemen,Alankit Assignments Limited,4,0
Delhi Urban Shelter Improvemen,STRATEGIC OUTSOURCING SERVICE,15,0
Delhi Urban Shelter Improvemen,Tera Software Ltd,70,0
Delhi- South DC,Karvy Computershare Private Li,36,0
Delhi- South DC,Tera Software Ltd,2,0
Delhi- West DC,VIRGO SOFTECH LIMITED,188,0
Delhi-NW DC,Karvy Computershare Private Li,6,0
Delhi-NW DC,STRATEGIC OUTSOURCING SERVICE,58,1
Dept of ITC Govt of Rajasthan,ATISHAY INFOTECH PVT. LTD.,6127,304
Dept of ITC Govt of Rajasthan,Alankit Finsec Ltd,1357,12
Dept of ITC Govt of Rajasthan,DATASOFT COMPUTER SERVICES(P),6209,135
Dept of ITC Govt of Rajasthan,Transline Technologies P Ltd,1336,26
Dept of ITC Govt of Rajasthan,Vakrangee Softwares Limited,22097,676
FCR Govt of Haryana,Vakrangee Softwares Limited,3993,37
FCS Govt of Punjab,Alankit Assignments Limited,147,2
FCS Govt of Punjab,Alankit Finsec Ltd,78,0
FCS Govt of Punjab,Alankit Life Care Ltd,1,0
FCS Govt of Punjab,CSS TECHNERGY LIMITED,2494,24
FCS Govt of Punjab,Diwakar Commercials Pvt Ltd,81,0
FCS Govt of Punjab,Karvy Computershare Private Li,9156,227
FCS Govt of Punjab,VIRGO SOFTECH LIMITED,2,0
FCS Govt of Punjab,Vayam technologies Ltd,1936,26
FCS Govt of Punjab,eCentric solutions pvt ltd,2609,87
Govt of Andhra Pradesh,Gouthami Educational Society,2870,6
Govt of Andhra Pradesh,GrapeSoft,1092,8
Govt of Andhra Pradesh,IL&FS LTD,136,4
Govt of Andhra Pradesh,INFRONICS SYSTEMS LTD,3644,31
Govt of Andhra Pradesh,Madras Security Printers Ltd,382,20
Govt of Andhra Pradesh,SREEVEN INFOCOM LIMITED,3486,35
Govt of Andhra Pradesh,Smart Chip Limited,13,0
Govt of Andhra Pradesh,TechSmart India Pvt Ltd,77,4
Govt of Andhra Pradesh,Tera Software Ltd,1549,28
Govt of Andhra Pradesh,eCentric solutions pvt ltd,388,6
Govt of Goa,COMAT TECHNOLOGIES P LTD,96,0
Govt of Goa,MARS Telecom Systems Pvt Ltd,1918,39
Govt of Goa,Tera Software Ltd,26,1
Govt of Gujarat,GSS Infotech Ltd,2709,51
Govt of Gujarat,Karvy Computershare Private Li,7631,47
Govt of Gujarat,Silver Touch Technologies Ltd,4080,89
Govt of Gujarat,Tera Software Ltd,4704,99
Govt of Gujarat,Transline Technologies P Ltd,1225,46
Govt of Gujarat,Vayam technologies Ltd,2098,75
Govt of Gujarat,eCentric solutions pvt ltd,3255,72
Govt of Himachal Pradesh,IL&FS LTD,42,0
Govt of Himachal Pradesh,Wipro Ltd,5969,143
Govt of Himachal Pradesh,i-Grandee SoftwareTechnologies,4028,12
Govt of Karnataka ,COMAT TECHNOLOGIES P LTD,392,3
Govt of Karnataka ,GLODYNE TECHNOSERVE,489,7
Govt of Karnataka ,Integra Micro Systems Pvt.ltd,6,0
Govt of Karnataka ,Tera Software Ltd,7,0
Govt of Karnataka ,Wipro Ltd,337,4
Govt of Kerala,Akshaya,20754,62
Govt of Kerala,Keltron,4071,8
Govt of Madhya Pradesh,VIRGO SOFTECH LIMITED,469,474
Govt of Maharashtra,Alankit Assignments Limited,5,0
Govt of Maharashtra,Alankit Finsec Ltd,5179,54
Govt of Maharashtra,Eagle press pvt ltd,930,5
Govt of Maharashtra,GLODYNE TECHNOSERVE,2333,14
Govt of Maharashtra,Karvy Computershare Private Li,10107,92
Govt of Maharashtra,Mahaonline Limited,1100,5
Govt of Maharashtra,STRATEGIC OUTSOURCING SERVICE,2544,9
Govt of Maharashtra,Silver Touch Technologies Ltd,2282,9
Govt of Maharashtra,TEAM LIFE CARE COMPANY INDIA P,1,0
Govt of Maharashtra,TechSmart India Pvt Ltd,3824,13
Govt of Maharashtra,Tera Software Ltd,311,5
Govt of Maharashtra,Transline Technologies P Ltd,2016,136
Govt of Maharashtra,Wep Solution India Limited,8,0
Govt of Maharashtra,Wipro Ltd,5084,47
Govt of Sikkim - Dept of Econo,4G IDENTITY SOLUTIONS,2,0
IDBI Bank ltd,Pioneer E Labs limited,185,0
IDBI Bank ltd,SREEVEN INFOCOM LIMITED,807,1
IDBI Bank ltd,UTI TECHNOLOGY SERVICES LIMITE,321,3
Indian Bank,GSS Infotech Ltd,1,0
Indiapost,COMAT TECHNOLOGIES P LTD,1,0
Indiapost,Delhi Integrated MMTS Ltd,2593,69
Indiapost,GLODYNE TECHNOSERVE,688,8
Indiapost,IL&FS LTD,3,2
Indiapost,TEAM LIFE CARE COMPANY INDIA P,1623,21
Jharkhand,Alankit Assignments Limited,2103,12
Jharkhand,Blue Circle Instrument,188,8
Jharkhand,IL&FS LTD,3,1
Jharkhand,MKS Enterprises,531,4
Jharkhand,Nevaeh Technology Pvt. Ltd.,514,5
Jharkhand,STRATEGIC OUTSOURCING SERVICE,834,25
Jharkhand,Systematic & Advance Const P L,38,3
Jharkhand,VISION COMPTECH INTEGRATOR LTD,476,37
Jharkhand,Wipro Ltd,5334,172
Life Insurance Corporation,COMAT TECHNOLOGIES P LTD,1,0
Mission Convergence - GNCT Del,Karvy Computershare Private Li,8,2
Mission Convergence - GNCT Del,STRATEGIC OUTSOURCING SERVICE,8,0
Mission Convergence - GNCT Del,Smart Chip Limited,39,0
N S D L,Abhipra Capital Ltd,591,19
N S D L,Alankit Assignments Limited,5,0
N S D L,Karvy Data Management Services,4250,38
N S D L,PROWIZ MANSYTEMS PVT LTD,1583,74
Oriental Bank of Commerce,DATASOFT COMPUTER SERVICES(P),784,1
Oriental Bank of Commerce,FINANCIAL INFORMATION NETWORK,1024,7
Oriental Bank of Commerce,Wipro Ltd,9,0
RDD Govt of Tripura,Alankit Assignments Limited,1289,17
Registrar General India - BEL,In Media Computer Services LLP,3422,14
Registrar General India - BEL,Manipur Electronics Dev Corp,656,0
Registrar General India - BEL,Swathy Smartcards Hi-Tech Pvt,12,0
Registrar General India BEL2,Computer LAB,43,1
Registrar General India BEL2,India Computer Technology,532,0
Registrar General India BEL2,Madras Security Printers Ltd,340,13
Registrar General India BEL2,Multiwave Innovation,1181,88
Registrar General India BEL2,Om Softwares,2113,49
Registrar General India BEL2,SREEVEN INFOCOM LIMITED,25,0
Registrar General India BEL2,Swathy Smartcards Hi-Tech Pvt,19870,219
Registrar General India BEL2,Tera Software Ltd,5272,32
Registrar General India BEL2,VIRGO SOFTECH LIMITED,430,1
Registrar General India ECIL,Clairvoyance Technologies Pvt.,39,0
Registrar General India ECIL,Computer LAB,34447,243
Registrar General India ECIL,Eagle Software India Pvt. Ltd,5074,110
Registrar General India ECIL,In Media Computer Services LLP,32143,50
Registrar General India ECIL,India Computer Technology,1372,24
Registrar General India ECIL,Krishna Infotech,1480,1763
Registrar General India ECIL,Madras Security Printers Ltd,1079,0
Registrar General India ECIL,Pioneer E Labs limited,2943,27
Registrar General India ECIL,SWISSTECH NPR 57CR PROJECT PVT,17431,346
Registrar General India ECIL,Vedavaag Systems Limited,995,104
Registrar General India Others,Computer LAB,47,0
Registrar General India Others,Eagle Software India Pvt. Ltd,3,0
Registrar General India Others,In Media Computer Services LLP,0,1
Registrar General India Others,India Computer Technology,1,0
Registrar General India Others,Krishna Infotech,38,0
Registrar General India Others,Madras Security Printers Ltd,37,4
Registrar General India Others,SREEVEN INFOCOM LIMITED,1,0
Registrar General India Others,SWISSTECH NPR 57CR PROJECT PVT,65,0
Registrar General India Others,Swathy Smartcards Hi-Tech Pvt,250,12
Registrar General India Others,Swiss Tech India Pvt Ltd,1,0
Registrar General of India ITI,Emdee Digitronics Pvt.Ltd.,5808,11
Registrar General of India ITI,Multiwave Innovation,4474,14
Registrar General of India ITI,SREEVEN INFOCOM LIMITED,76,2
Registrar General of India ITI,Swathy Smartcards Hi-Tech Pvt,59600,502
Registrar General of India ITI,TechSmart India Pvt Ltd,4415,145
Registrar General of India ITI,WEBEL TECHNOLOGY LIMITED,1719,0
STATE BANK OF PATIALA,CSS TECHNERGY LIMITED,39,0
State Bank of Bikaner & Jaipur,Multiwave Innovation,8482,73
State Bank of India,4G IDENTITY SOLUTIONS,12,16
State Bank of India,COMAT TECHNOLOGIES P LTD,18,0
State Bank of India,CSS TECHNERGY LIMITED,9,0
State Bank of India,Delhi Integrated MMTS Ltd,18,0
State Bank of India,Eagle press pvt ltd,2,0
State Bank of India,IL&FS LTD,6,0
State Bank of India,Smart Chip Limited,10,2
State Bank of India,VIRGO SOFTECH LIMITED,716,0
State Bank of Travancore,Tera Software Ltd,676,1
UDD Govt of Jharkhand,Blue Circle Instrument,1168,8
UDD Govt of Jharkhand,MKS Enterprises,2695,23
UDD Govt of Jharkhand,Systematic & Advance Const P L,29,1
UIDAI-Registrar,UIDAI-EA,4,0
UT Of Daman and Diu,Alankit Assignments Limited,79,0
UT of Puducherry,Madras Security Printers Ltd,20,15
Union Bank,4G IDENTITY SOLUTIONS,2,0
Union Bank,Smart Chip Limited,17956,263
Union Bank,Vakrangee Softwares Limited,4132,147
