Registrar,Enrolment Agency,Aadhaar generated,Enrolment Rejected
Bank Of India,A3 Logics  India  Ltd,351,18
Bank Of India,CHESSY CONSULTANTS PVT LTD,18,0
Bank Of India,DATASOFT COMPUTER SERVICES(P),5,0
Bank Of India,Frontech Systems Pvt Ltd,242,9
Bank Of India,ITI LIMITED,351,13
Bank Of India,MANTRA SOFTTECH (INDIA) PVTLTD,156,9
Bank Of India,Matrix Processing House,37,6
Bank Of India,OSWAL COMPUTERS & CONSULTANTS,9185,74
Bank Of India,PROTEX COMPUTER PVT LTD,5,0
Bank Of India,SARADA SYSTEMS,9,0
Bank Of India,SHRIKRISHNA KHANDASARI SUGAR M,117,3
Bank Of India,SPANCO,1680,6
Bank Of India,Silver Touch Technologies Ltd,1134,20
Bank Of India,Systematic & Advance Const P L,7,4
Bank Of India,VEETECHNOLOGIES PVT. LTD,9,0
Bank Of India,Vakrangee Softwares Limited,474,32
Bank of Baroda,IL&FS LTD,4,0
Central Bank of India,CALANCE SOFTWARE PRIVATE LTD,142,4
Central Bank of India,IAP COMPANY Pvt. Ltd,69,2
Central Bank of India,MANTRA SOFTTECH (INDIA) PVTLTD,48,12
Delhi - East DC,DATASOFT COMPUTER SERVICES(P),1,0
Delhi - North DC,Smart Chip Limited,2,0
Delhi SW DC,STRATEGIC OUTSOURCING SERVICE,34,0
Delhi-NW DC,STRATEGIC OUTSOURCING SERVICE,23,1
Dept of ITC Govt of Rajasthan,ATISHAY INFOTECH PVT. LTD.,7095,77
Dept of ITC Govt of Rajasthan,Alankit Finsec Ltd,4,1
Dept of ITC Govt of Rajasthan,DATASOFT COMPUTER SERVICES(P),6,3
Dept of ITC Govt of Rajasthan,Transline Technologies P Ltd,3,0
Dept of ITC Govt of Rajasthan,Vakrangee Softwares Limited,29,2
FCR Govt of Haryana,Vakrangee Softwares Limited,31,2
FCS Govt of Punjab,Alankit Assignments Limited,1,0
FCS Govt of Punjab,CSS TECHNERGY LIMITED,40,1
FCS Govt of Punjab,Diwakar Commercials Pvt Ltd,66,0
FCS Govt of Punjab,Karvy Computershare Private Li,140,2
FCS Govt of Punjab,VIRGO SOFTECH LIMITED,11,0
FCS Govt of Punjab,Vayam technologies Ltd,40,0
FCS Govt of Punjab,eCentric solutions pvt ltd,33,4
Govt of Andhra Pradesh,Gouthami Educational Society,82,1
Govt of Andhra Pradesh,GrapeSoft,19,1
Govt of Andhra Pradesh,INFRONICS SYSTEMS LTD,135,6
Govt of Andhra Pradesh,Madras Security Printers Ltd,115,0
Govt of Andhra Pradesh,SREEVEN INFOCOM LIMITED,57,3
Govt of Andhra Pradesh,Tera Software Ltd,145,4
Govt of Andhra Pradesh,eCentric solutions pvt ltd,64,0
Govt of Goa,COMAT TECHNOLOGIES P LTD,3,0
Govt of Goa,MARS Telecom Systems Pvt Ltd,140,4
Govt of Gujarat,GSS Infotech Ltd,43,5
Govt of Gujarat,Karvy Computershare Private Li,239,1
Govt of Gujarat,Silver Touch Technologies Ltd,8577,63
Govt of Gujarat,Tera Software Ltd,99,3
Govt of Gujarat,Transline Technologies P Ltd,199,5
Govt of Gujarat,Vayam technologies Ltd,174,39
Govt of Gujarat,eCentric solutions pvt ltd,67,9
Govt of Himachal Pradesh,Wipro Ltd,111,7
Govt of Himachal Pradesh,i-Grandee SoftwareTechnologies,204,8
Govt of Karnataka ,COMAT TECHNOLOGIES P LTD,4,0
Govt of Karnataka ,GLODYNE TECHNOSERVE,13,0
Govt of Karnataka ,Integra Micro Systems Pvt.ltd,33,0
Govt of Karnataka ,Tera Software Ltd,5,0
Govt of Kerala,Akshaya,1539,16
Govt of Kerala,Keltron,272,2
Govt of Madhya Pradesh,VIRGO SOFTECH LIMITED,141,196
Govt of Maharashtra,Alankit Finsec Ltd,7,1
Govt of Maharashtra,Eagle press pvt ltd,12,0
Govt of Maharashtra,GLODYNE TECHNOSERVE,109,3
Govt of Maharashtra,Karvy Computershare Private Li,134,4
Govt of Maharashtra,SPANCO,4,0
Govt of Maharashtra,STRATEGIC OUTSOURCING SERVICE,6,0
Govt of Maharashtra,Silver Touch Technologies Ltd,6552,10
Govt of Maharashtra,TechSmart India Pvt Ltd,60,1
Govt of Maharashtra,Tera Software Ltd,55,0
Govt of Maharashtra,Transline Technologies P Ltd,99,19
Govt of Maharashtra,Wipro Ltd,330,5
IDBI Bank ltd,Pioneer E Labs limited,7,0
IDBI Bank ltd,SREEVEN INFOCOM LIMITED,20,0
Indiapost,Delhi Integrated MMTS Ltd,30,3
Indiapost,GLODYNE TECHNOSERVE,4,0
Indiapost,TEAM LIFE CARE COMPANY INDIA P,14,0
Jharkhand,Alankit Assignments Limited,13,0
Jharkhand,Blue Circle Instrument,1,0
Jharkhand,MKS Enterprises,5,0
Jharkhand,Nevaeh Technology Pvt. Ltd.,13,0
Jharkhand,STRATEGIC OUTSOURCING SERVICE,63,1
Jharkhand,Systematic & Advance Const P L,1,0
Jharkhand,VISION COMPTECH INTEGRATOR LTD,1305,13
Jharkhand,Wipro Ltd,221,20
Mission Convergence - GNCT Del,STRATEGIC OUTSOURCING SERVICE,1,0
Mission Convergence - GNCT Del,Smart Chip Limited,6,0
N S D L,Abhipra Capital Ltd,117,11
N S D L,Alankit Assignments Limited,46,0
N S D L,Karvy Data Management Services,429,4
N S D L,PROWIZ MANSYTEMS PVT LTD,225,10
Oriental Bank of Commerce,DATASOFT COMPUTER SERVICES(P),25,0
Oriental Bank of Commerce,FINANCIAL INFORMATION NETWORK,10,0
Registrar General India - BEL,In Media Computer Services LLP,292,13
Registrar General India - BEL,Swathy Smartcards Hi-Tech Pvt,7,0
Registrar General India BEL2,Computer LAB,4,0
Registrar General India BEL2,India Computer Technology,50,0
Registrar General India BEL2,Madras Security Printers Ltd,52,0
Registrar General India BEL2,Multiwave Innovation,4543,8
Registrar General India BEL2,Om Softwares,9,0
Registrar General India BEL2,SREEVEN INFOCOM LIMITED,10,0
Registrar General India BEL2,Swathy Smartcards Hi-Tech Pvt,36133,23
Registrar General India BEL2,Tera Software Ltd,7,28
Registrar General India BEL2,VIRGO SOFTECH LIMITED,15,0
Registrar General India ECIL,Clairvoyance Technologies Pvt.,0,8
Registrar General India ECIL,Computer LAB,11230,71
Registrar General India ECIL,Eagle Software India Pvt. Ltd,1263,7
Registrar General India ECIL,In Media Computer Services LLP,5574,25
Registrar General India ECIL,India Computer Technology,329,5
Registrar General India ECIL,Krishna Infotech,8,9
Registrar General India ECIL,Madras Security Printers Ltd,143,4
Registrar General India ECIL,Pioneer E Labs limited,718,12
Registrar General India ECIL,SWISSTECH NPR 57CR PROJECT PVT,1674,60
Registrar General India ECIL,Vedavaag Systems Limited,490,33
Registrar General India Others,Computer LAB,115,0
Registrar General India Others,Emdee Digitronics Pvt.Ltd.,15,0
Registrar General India Others,Madras Security Printers Ltd,1,0
Registrar General India Others,Swathy Smartcards Hi-Tech Pvt,151,0
Registrar General of India ITI,Emdee Digitronics Pvt.Ltd.,10785,37
Registrar General of India ITI,Multiwave Innovation,478,3
Registrar General of India ITI,SREEVEN INFOCOM LIMITED,21,0
Registrar General of India ITI,Swathy Smartcards Hi-Tech Pvt,44580,50
Registrar General of India ITI,WEBEL TECHNOLOGY LIMITED,0,1
State Bank of Bikaner & Jaipur,Multiwave Innovation,10459,42
State Bank of India,4G IDENTITY SOLUTIONS,3,0
State Bank of India,Delhi Integrated MMTS Ltd,1,0
State Bank of India,IL&FS LTD,2,0
State Bank of Travancore,Tera Software Ltd,6,1
UDD Govt of Jharkhand,Blue Circle Instrument,9,1
UDD Govt of Jharkhand,MKS Enterprises,548,1
UT Of Daman and Diu,Alankit Assignments Limited,4,0
Union Bank,4G IDENTITY SOLUTIONS,3,0
Union Bank,Smart Chip Limited,555,17
Union Bank,Vakrangee Softwares Limited,77,7
