State,District,Aadhaar generated,Enrolment Rejected
Andaman and Nicobar Islands,Nicobar,161,0
Andaman and Nicobar Islands,North And Middle Andaman,2137,6
Andaman and Nicobar Islands,South Andaman,256,0
Andhra Pradesh,Ananthapur,668,24
Andhra Pradesh,Chittoor,425,14
Andhra Pradesh,Cuddapah,482,4
Andhra Pradesh,East Godavari,837,34
Andhra Pradesh,Guntur,758,14
Andhra Pradesh,Krishna,632,11
Andhra Pradesh,Kurnool,655,10
Andhra Pradesh,Nellore,438,10
Andhra Pradesh,Prakasam,1250,50
Andhra Pradesh,Srikakulam,375,11
Andhra Pradesh,Visakhapatnam,693,13
Andhra Pradesh,Vizianagaram,300,8
Andhra Pradesh,West Godavari,424,10
Arunachal Pradesh,Anjaw,3,0
Arunachal Pradesh,Changlang,8,0
Arunachal Pradesh,Dibang Valley,6,0
Arunachal Pradesh,East Kameng,232,0
Arunachal Pradesh,East Siang,17,0
Arunachal Pradesh,Kurung Kumey,34,0
Arunachal Pradesh,Lohit,89,0
Arunachal Pradesh,Longding,26,0
Arunachal Pradesh,Lower Dibang Valley,480,0
Arunachal Pradesh,Lower Subansiri,7,0
Arunachal Pradesh,Namsai,103,0
Arunachal Pradesh,Papum Pare,690,9
Arunachal Pradesh,Siang,483,0
Arunachal Pradesh,Tawang,2,0
Arunachal Pradesh,Tirap,33,0
Arunachal Pradesh,Upper Siang,23,0
Arunachal Pradesh,Upper Subansiri,21,0
Arunachal Pradesh,West Kameng,4,0
Arunachal Pradesh,West Siang,30,4
Assam,Baksa,39,1
Assam,Barpeta,47,0
Assam,Bongaigaon,18,1
Assam,Cachar,91,1
Assam,Chirang,6,0
Assam,Darrang,4,0
Assam,Dhemaji,26,0
Assam,Dhubri,29,1
Assam,Dibrugarh,12,0
Assam,Goalpara,12,0
Assam,Golaghat,359,1
Assam,Hailakandi,46,1
Assam,Jorhat,23,0
Assam,Kamrup,56,1
Assam,Kamrup Metro,17,0
Assam,Karbi Anglong,9,1
Assam,Karimganj,71,0
Assam,Kokrajhar,16,0
Assam,Lakhimpur,25,0
Assam,Marigaon,12,0
Assam,Nagaon,2193,3
Assam,Nalbari,11,0
Assam,North Cachar Hills,3,0
Assam,Sibsagar,22,0
Assam,Sonitpur,78,0
Assam,Tinsukia,37,0
Assam,Udalguri,65,0
Bihar,Araria,5658,268
Bihar,Arwal,533,138
Bihar,Aurangabad,2076,23
Bihar,Banka,1275,99
Bihar,Begusarai,1939,154
Bihar,Bhagalpur,1725,271
Bihar,Bhojpur,1830,111
Bihar,Buxar,1991,49
Bihar,Darbhanga,4322,328
Bihar,East Champaran,4918,99
Bihar,Gaya,2522,50
Bihar,Gopalganj,1723,55
Bihar,Jamui,1474,64
Bihar,Jehanabad,796,210
Bihar,Kaimur (Bhabua),1394,86
Bihar,Katihar,4963,249
Bihar,Khagaria,1345,55
Bihar,Kishanganj,3306,354
Bihar,Lakhisarai,526,34
Bihar,Madhepura,2081,197
Bihar,Madhubani,4380,150
Bihar,Munger,797,27
Bihar,Muzaffarpur,2667,176
Bihar,Nalanda,3517,218
Bihar,Nawada,2210,691
Bihar,Patna,4257,214
Bihar,Purnia,2810,87
Bihar,Rohtas,4230,183
Bihar,Saharsa,1579,276
Bihar,Samastipur,3251,118
Bihar,Saran,1906,54
Bihar,Sheikhpura,134,33
Bihar,Sheohar,513,5
Bihar,Sitamarhi,2268,51
Bihar,Siwan,1896,74
Bihar,Supaul,3175,121
Bihar,Vaishali,1650,44
Bihar,West Champaran,5841,281
Chandigarh,Chandigarh,1037,25
Chhattisgarh,Balod,733,23
Chhattisgarh,Baloda Bazar,3088,93
Chhattisgarh,Balrampur,664,22
Chhattisgarh,Bastar,3140,89
Chhattisgarh,Bemetara,2051,64
Chhattisgarh,Bijapur,1199,75
Chhattisgarh,Bilaspur,6858,234
Chhattisgarh,Dakshin Bastar Dantewada,749,10
Chhattisgarh,Dantewada,675,11
Chhattisgarh,Dhamtari,3037,35
Chhattisgarh,Durg,3067,87
Chhattisgarh,Gariyaband,252,18
Chhattisgarh,Janjgir-champa,9273,302
Chhattisgarh,Jashpur,727,52
Chhattisgarh,Kabeerdham,481,6
Chhattisgarh,Kanker,1349,13
Chhattisgarh,Kawardha,374,19
Chhattisgarh,Kondagaon,881,14
Chhattisgarh,Korba,1589,238
Chhattisgarh,Koriya,793,30
Chhattisgarh,Mahasamund,1840,29
Chhattisgarh,Mungeli,878,497
Chhattisgarh,Narayanpur,94,6
Chhattisgarh,Raigarh,2903,89
Chhattisgarh,Raipur,2235,65
Chhattisgarh,Rajnandgaon,873,31
Chhattisgarh,Sukma,66,3
Chhattisgarh,Surajpur,1010,54
Chhattisgarh,Surguja,1027,46
Chhattisgarh,Uttar Bastar Kanker,833,13
Dadra and Nagar Haveli,Dadra and Nagar Haveli,397,8
Daman and Diu,Daman,66,1
Daman and Diu,Diu,9,0
Delhi,Central Delhi,403,14
Delhi,East Delhi,1129,59
Delhi,New Delhi,42,0
Delhi,North Delhi,435,17
Delhi,North East Delhi,1650,78
Delhi,North West Delhi,3269,136
Delhi,South Delhi,2165,84
Delhi,South West Delhi,1082,31
Delhi,West Delhi,1422,35
Goa,North Goa,71,1
Goa,South Goa,166,3
Gujarat,Ahmedabad,5685,140
Gujarat,Amreli,1128,17
Gujarat,Anand,4191,61
Gujarat,Arvalli,1420,21
Gujarat,Banaskantha,1979,87
Gujarat,Bharuch,3529,62
Gujarat,Bhavnagar,3200,1150
Gujarat,Dahod,2793,458
Gujarat,Devbhumi Dwarka,1019,13
Gujarat,Gandhinagar,1172,39
Gujarat,Gir Somnath,217,10
Gujarat,Jamnagar,900,10
Gujarat,Junagadh,1368,34
Gujarat,Kachchh,2071,22
Gujarat,Kheda,1872,157
Gujarat,Mahesana,2591,59
Gujarat,Narmada,486,18
Gujarat,Navsari,401,29
Gujarat,Panchmahals,6092,109
Gujarat,Patan,611,28
Gujarat,Porbandar,287,9
Gujarat,Rajkot,2444,47
Gujarat,Sabarkantha,3123,76
Gujarat,Surat,4962,77
Gujarat,Surendra Nagar,1733,46
Gujarat,Tapi,616,5
Gujarat,The Dangs,306,9
Gujarat,Vadodara,5013,1307
Gujarat,Valsad,819,40
Haryana,Ambala,1158,41
Haryana,Bhiwani,1477,48
Haryana,Faridabad,1763,85
Haryana,Fatehabad,463,35
Haryana,Gurgaon,1667,57
Haryana,Hisar,1745,120
Haryana,Jhajjar,1289,30
Haryana,Jind,1299,93
Haryana,Kaithal,1003,22
Haryana,Karnal,879,19
Haryana,Kurukshetra,640,18
Haryana,Mahendragarh,667,16
Haryana,Mewat,960,51
Haryana,Palwal,1205,37
Haryana,Panchkula,519,9
Haryana,Panipat,1097,39
Haryana,Rewari,1215,22
Haryana,Rohtak,1369,48
Haryana,Sirsa,674,59
Haryana,Sonipat,2087,82
Haryana,Yamuna Nagar,926,29
Himachal Pradesh,Bilaspur,41,1
Himachal Pradesh,Chamba,53,9
Himachal Pradesh,Hamirpur,135,2
Himachal Pradesh,Kangra,936,17
Himachal Pradesh,Kinnaur,28,0
Himachal Pradesh,Kullu,84,2
Himachal Pradesh,Lahul and Spiti,5,1
Himachal Pradesh,Mandi,267,6
Himachal Pradesh,Shimla,318,4
Himachal Pradesh,Sirmaur,173,11
Himachal Pradesh,Solan,162,8
Himachal Pradesh,Una,105,2
Jammu and Kashmir,Anantnag,312,10
Jammu and Kashmir,Badgam,1092,3
Jammu and Kashmir,Bandipore,53,0
Jammu and Kashmir,Baramula,1185,5
Jammu and Kashmir,Doda,739,7
Jammu and Kashmir,Ganderbal,77,3
Jammu and Kashmir,Jammu,774,56
Jammu and Kashmir,Kargil,24,2
Jammu and Kashmir,Kathua,111,6
Jammu and Kashmir,Kishtwar,141,13
Jammu and Kashmir,Kulgam,136,4
Jammu and Kashmir,Kupwara,157,1
Jammu and Kashmir,Leh,45,1
Jammu and Kashmir,Pulwama,432,7
Jammu and Kashmir,Punch,276,3
Jammu and Kashmir,Rajouri,1936,18
Jammu and Kashmir,Ramban,185,0
Jammu and Kashmir,Reasi,261,37
Jammu and Kashmir,Samba,58,11
Jammu and Kashmir,Shupiyan,210,1
Jammu and Kashmir,Srinagar,2007,30
Jammu and Kashmir,Udhampur,305,1
Jharkhand,Bokaro,1054,17
Jharkhand,Chatra,418,46
Jharkhand,Deoghar,1504,48
Jharkhand,Dhanbad,1678,63
Jharkhand,Dumka,572,21
Jharkhand,East Singhbhum,1306,118
Jharkhand,Garhwa,654,90
Jharkhand,Giridih,2521,220
Jharkhand,Godda,879,111
Jharkhand,Gumla,2340,92
Jharkhand,Hazaribagh,977,21
Jharkhand,Jamtara,288,24
Jharkhand,Khunti,294,5
Jharkhand,Koderma,188,15
Jharkhand,Latehar,304,153
Jharkhand,Lohardaga,204,8
Jharkhand,Pakur,364,14
Jharkhand,Palamu,877,116
Jharkhand,Ramgarh,293,4
Jharkhand,Ranchi,1590,40
Jharkhand,Sahebganj,477,16
Jharkhand,Seraikela-Kharsawan,1096,13
Jharkhand,Simdega,202,20
Jharkhand,West Singhbhum,903,50
Karnataka,Bagalkot,2068,48
Karnataka,Ballari,4330,156
Karnataka,Bangalore Rural,1799,51
Karnataka,Belagavi,3672,132
Karnataka,Bengaluru,7007,155
Karnataka,Bidar,1339,79
Karnataka,Chamrajanagar,1083,39
Karnataka,Chikkaballapur,1260,69
Karnataka,Chikkamagaluru,972,19
Karnataka,Chitradurga,1653,39
Karnataka,Dakshina Kannada,1750,28
Karnataka,Davangere,1787,77
Karnataka,Dharwad,648,28
Karnataka,Gadag,1180,27
Karnataka,Hassan,1300,29
Karnataka,Haveri,1342,42
Karnataka,Kalaburagi,2703,87
Karnataka,Kodagu,542,35
Karnataka,Kolar,2034,79
Karnataka,Koppal,2378,43
Karnataka,Mandya,1941,41
Karnataka,Mysuru,1490,49
Karnataka,Raichur,5116,139
Karnataka,Ramanagar,2221,258
Karnataka,Shivamogga,3473,32
Karnataka,Tumakuru,736,13
Karnataka,Udupi,820,8
Karnataka,Uttara Kannada,1864,11
Karnataka,Vijayapura,3834,84
Karnataka,Yadgir,4759,283
Kerala,Alappuzha,931,15
Kerala,Ernakulam,1302,3
Kerala,Idukki,518,8
Kerala,Kannur,702,0
Kerala,Kasaragod,447,3
Kerala,Kollam,1059,15
Kerala,Kottayam,646,4
Kerala,Kozhikode,2286,20
Kerala,Malappuram,1059,10
Kerala,Palakkad,932,10
Kerala,Pathanamthitta,532,1
Kerala,Thiruvananthapuram,776,7
Kerala,Thrissur,1008,5
Kerala,Wayanad,344,2
Lakshadweep,Lakshadweep,3,3
Madhya Pradesh,Alirajpur,1079,35
Madhya Pradesh,Anuppur,389,16
Madhya Pradesh,Ashok Nagar,3531,157
Madhya Pradesh,Balaghat,1825,43
Madhya Pradesh,Barwani,1318,61
Madhya Pradesh,Betul,1783,38
Madhya Pradesh,Bhind,2511,66
Madhya Pradesh,Bhopal,2096,81
Madhya Pradesh,Burhanpur,328,27
Madhya Pradesh,Chhatarpur,4538,149
Madhya Pradesh,Chhindwara,1692,61
Madhya Pradesh,Damoh,804,23
Madhya Pradesh,Datia,1192,24
Madhya Pradesh,Dewas,1387,54
Madhya Pradesh,Dhar,2098,68
Madhya Pradesh,Dindori,1675,338
Madhya Pradesh,Guna,1322,53
Madhya Pradesh,Gwalior,3451,87
Madhya Pradesh,Harda,137,6
Madhya Pradesh,Hoshangabad,2873,106
Madhya Pradesh,Indore,1913,62
Madhya Pradesh,Jabalpur,1692,62
Madhya Pradesh,Jhabua,3516,53
Madhya Pradesh,Katni,1599,57
Madhya Pradesh,Khandwa,833,34
Madhya Pradesh,Khargone,1254,70
Madhya Pradesh,Mandla,615,17
Madhya Pradesh,Mandsaur,813,32
Madhya Pradesh,Morena,1877,31
Madhya Pradesh,Narsinghpur,812,29
Madhya Pradesh,Neemuch,1078,9
Madhya Pradesh,Panna,1347,30
Madhya Pradesh,Raisen,1623,151
Madhya Pradesh,Rajgarh,1845,71
Madhya Pradesh,Ratlam,1150,36
Madhya Pradesh,Rewa,4124,222
Madhya Pradesh,Sagar,2645,40
Madhya Pradesh,Satna,3580,81
Madhya Pradesh,Sehore,1103,61
Madhya Pradesh,Seoni,1249,33
Madhya Pradesh,Shahdol,1872,79
Madhya Pradesh,Shajapur,1094,93
Madhya Pradesh,Sheopur,836,32
Madhya Pradesh,Shivpuri,3150,120
Madhya Pradesh,Sidhi,1644,63
Madhya Pradesh,Singrauli,1798,283
Madhya Pradesh,Tikamgarh,4291,126
Madhya Pradesh,Ujjain,1416,52
Madhya Pradesh,Umaria,364,8
Madhya Pradesh,Vidisha,1280,29
Maharashtra,Ahmadnagar,3004,154
Maharashtra,Akola,860,41
Maharashtra,Amravati,1241,60
Maharashtra,Aurangabad,2905,168
Maharashtra,Beed,2937,90
Maharashtra,Bhandara,353,24
Maharashtra,Buldhana,1197,59
Maharashtra,Chandrapur,1095,125
Maharashtra,Dhule,880,46
Maharashtra,Gadchiroli,896,59
Maharashtra,Gondiya,453,80
Maharashtra,Hingoli,2022,86
Maharashtra,Jalgaon,3009,126
Maharashtra,Jalna,657,58
Maharashtra,Kolhapur,1733,69
Maharashtra,Latur,1794,48
Maharashtra,Mumbai,4606,138
Maharashtra,Nagpur,3337,148
Maharashtra,Nanded,3164,142
Maharashtra,Nandurbar,773,24
Maharashtra,Nashik,3759,152
Maharashtra,Osmanabad,1327,47
Maharashtra,Palghar,2588,211
Maharashtra,Parbhani,1759,57
Maharashtra,Pune,6155,200
Maharashtra,Raigarh,2127,34
Maharashtra,Ratnagiri,959,27
Maharashtra,Sangli,1991,33
Maharashtra,Satara,5708,172
Maharashtra,Sindhudurg,753,9
Maharashtra,Solapur,5901,133
Maharashtra,Thane,5159,122
Maharashtra,Wardha,406,99
Maharashtra,Washim,726,34
Maharashtra,Yavatmal,2777,172
Manipur,Bishnupur,1471,14
Manipur,Chandel,44,0
Manipur,Churachandpur,326,3
Manipur,Imphal East,82,2
Manipur,Imphal West,101,0
Manipur,Senapati,106,15
Manipur,Tamenglong,177,2
Manipur,Thoubal,290,13
Manipur,Ukhrul,126,8
Meghalaya,East Khasi Hills,316,4
Meghalaya,Jaintia Hills,5,0
Meghalaya,Ri Bhoi,22,0
Meghalaya,South Garo Hills,1,0
Meghalaya,West Garo Hills,5,0
Meghalaya,West Khasi Hills,1474,0
Mizoram,Aizawl,91,5
Mizoram,Champhai,11,0
Mizoram,Kolasib,140,1
Mizoram,Lawngtlai,66,0
Mizoram,Lunglei,68,10
Mizoram,Mammit,18,0
Mizoram,Saiha,8,0
Mizoram,Serchhip,58,3
Nagaland,Dimapur,193,0
Nagaland,Kiphire,2,0
Nagaland,Kohima,553,4
Nagaland,Longleng,14,0
Nagaland,Mokokchung,618,13
Nagaland,Mon,606,19
Nagaland,Peren,8,0
Nagaland,Phek,220,4
Nagaland,Tuensang,188,1
Nagaland,Wokha,337,6
Nagaland,Zunheboto,473,8
Odisha,Angul,1547,28
Odisha,Balangir,28,6
Odisha,Baleswar,495,20
Odisha,Bargarh,551,24
Odisha,Bhadrak,244,3
Odisha,Boudh,1091,3
Odisha,Cuttack,495,7
Odisha,Debagarh,153,2
Odisha,Dhenkanal,1014,280
Odisha,Gajapati,16,1
Odisha,Ganjam,6320,138
Odisha,Jagatsinghapur,561,11
Odisha,Jajapur,1790,11
Odisha,Jharsuguda,1111,12
Odisha,Kalahandi,3258,103
Odisha,Kandhamal,2742,9
Odisha,Kendrapara,809,16
Odisha,Kendujhar,2117,124
Odisha,Khorda,1870,10
Odisha,Koraput,2079,201
Odisha,Malkangiri,1664,7
Odisha,Mayurbhanj,2134,40
Odisha,Nabarangapur,1333,15
Odisha,Nayagarh,60,4
Odisha,Nuapada,7,1
Odisha,Puri,749,66
Odisha,Rayagada,3444,82
Odisha,Sambalpur,110,23
Odisha,Sonapur,2,0
Odisha,Sundergarh,2614,138
Others,Others,19,4
Puducherry,Karaikal,109,1
Puducherry,Puducherry,157,1
Punjab,Amritsar,1404,36
Punjab,Barnala,389,29
Punjab,Bathinda,1295,39
Punjab,Faridkot,264,5
Punjab,Fatehgarh Sahib,107,2
Punjab,Fazilka,728,30
Punjab,Ferozepur,618,21
Punjab,Gurdaspur,645,12
Punjab,Hoshiarpur,792,21
Punjab,Jalandhar,1187,17
Punjab,Kapurthala,430,12
Punjab,Ludhiana,2575,82
Punjab,Mansa,407,11
Punjab,Moga,1046,25
Punjab,Pathankot,213,8
Punjab,Patiala,879,43
Punjab,Rupnagar,302,10
Punjab,SAS Nagar (Mohali),516,19
Punjab,Sangrur,1104,13
Punjab,Shaheed Bhagat Singh Nagar,216,8
Punjab,Sri Muktsar Sahib,408,12
Punjab,Tarn Taran,652,27
Rajasthan,Ajmer,897,35
Rajasthan,Alwar,3586,154
Rajasthan,Banswara,3048,306
Rajasthan,Baran,837,36
Rajasthan,Barmer,2094,240
Rajasthan,Bharatpur,2105,131
Rajasthan,Bhilwara,3265,173
Rajasthan,Bikaner,2068,128
Rajasthan,Bundi,1020,65
Rajasthan,Chittorgarh,1113,66
Rajasthan,Churu,1821,82
Rajasthan,Dausa,1259,149
Rajasthan,Dholpur,1460,178
Rajasthan,Dungarpur,909,89
Rajasthan,Ganganagar,1828,80
Rajasthan,Hanumangarh,1784,102
Rajasthan,Jaipur,3404,247
Rajasthan,Jaisalmer,696,48
Rajasthan,Jalor,2116,178
Rajasthan,Jhalawar,1384,85
Rajasthan,Jhunjhunun,1166,40
Rajasthan,Jodhpur,3176,326
Rajasthan,Karauli,1426,110
Rajasthan,Kota,706,45
Rajasthan,Nagaur,2032,267
Rajasthan,Pali,2033,66
Rajasthan,Pratapgarh,1146,107
Rajasthan,Rajsamand,882,100
Rajasthan,Sawai Madhopur,946,63
Rajasthan,Sikar,1433,201
Rajasthan,Sirohi,397,32
Rajasthan,Tonk,938,111
Rajasthan,Udaipur,2344,57
Sikkim,East Sikkim,7,1
Sikkim,North Sikkim,3,0
Sikkim,South Sikkim,33,3
Sikkim,West Sikkim,64,1
Tamil Nadu,Ariyalur,21,1
Tamil Nadu,Chennai,2737,34
Tamil Nadu,Coimbatore,2213,26
Tamil Nadu,Cuddalore,2707,131
Tamil Nadu,Dharmapuri,2013,31
Tamil Nadu,Dindigul,3511,151
Tamil Nadu,Erode,1444,18
Tamil Nadu,Kancheepuram,8444,122
Tamil Nadu,Kanniyakumari,1120,3
Tamil Nadu,Karur,2991,5
Tamil Nadu,Krishnagiri,1765,2
Tamil Nadu,Madurai,61,18
Tamil Nadu,Nagapattinam,440,54
Tamil Nadu,Namakkal,1200,62
Tamil Nadu,Perambalur,341,2
Tamil Nadu,Pudukkottai,3452,22
Tamil Nadu,Ramanathapuram,1252,6
Tamil Nadu,Salem,1340,58
Tamil Nadu,Sivaganga,347,72
Tamil Nadu,Thanjavur,880,46
Tamil Nadu,The Nilgiris,2732,3
Tamil Nadu,Theni,733,13
Tamil Nadu,Thiruvarur,660,11
Tamil Nadu,Thoothukkudi,3566,2
Tamil Nadu,Tiruchirappalli,92,71
Tamil Nadu,Tirunelveli,2288,35
Tamil Nadu,Tiruppur,2507,1
Tamil Nadu,Tiruvallur,1606,62
Tamil Nadu,Tiruvannamalai,8083,203
Tamil Nadu,Vellore,2441,28
Tamil Nadu,Villupuram,6023,90
Tamil Nadu,Virudhunagar,1007,11
Telangana,Adilabad,404,5
Telangana,Hyderabad,1197,35
Telangana,K.v. Rangareddy,850,34
Telangana,Karimnagar,371,16
Telangana,Khammam,199,3
Telangana,Mahabubnagar,486,15
Telangana,Medak,756,28
Telangana,Nalgonda,490,8
Telangana,Nizamabad,269,12
Telangana,Warangal,390,7
Tripura,Dhalai,25,0
Tripura,Gomati,124,4
Tripura,Khowai,49,1
Tripura,North Tripura,32,4
Tripura,Sepahijala,87,0
Tripura,South Tripura,224,12
Tripura,Unakoti,135,0
Tripura,West Tripura,119,4
Uttar Pradesh,Agra,2497,121
Uttar Pradesh,Aligarh,2175,191
Uttar Pradesh,Allahabad,3559,106
Uttar Pradesh,Ambedkar Nagar,1150,26
Uttar Pradesh,Amethi,2277,50
Uttar Pradesh,Amroha,1279,156
Uttar Pradesh,Auraiya,573,15
Uttar Pradesh,Azamgarh,3508,78
Uttar Pradesh,Baghpat,470,71
Uttar Pradesh,Bahraich,2765,103
Uttar Pradesh,Ballia,1910,44
Uttar Pradesh,Balrampur,2472,158
Uttar Pradesh,Banda,2111,90
Uttar Pradesh,Bara Banki,3874,116
Uttar Pradesh,Bareilly,2428,98
Uttar Pradesh,Basti,1881,50
Uttar Pradesh,Bijnor,2925,84
Uttar Pradesh,Budaun,2397,104
Uttar Pradesh,Bulandshahr,4596,240
Uttar Pradesh,Chandauli,808,36
Uttar Pradesh,Chitrakoot,1641,23
Uttar Pradesh,Deoria,1802,72
Uttar Pradesh,Etah,1104,79
Uttar Pradesh,Etawah,723,25
Uttar Pradesh,Faizabad,1959,51
Uttar Pradesh,Farrukhabad,1135,17
Uttar Pradesh,Fatehpur,3158,76
Uttar Pradesh,Firozabad,1739,81
Uttar Pradesh,Gautam Buddha Nagar,2059,110
Uttar Pradesh,Ghaziabad,2014,45
Uttar Pradesh,Ghazipur,2580,79
Uttar Pradesh,Gonda,2706,92
Uttar Pradesh,Gorakhpur,1997,57
Uttar Pradesh,Hamirpur,1375,39
Uttar Pradesh,Hapur,1187,34
Uttar Pradesh,Hardoi,4942,193
Uttar Pradesh,Hathras,646,20
Uttar Pradesh,Jalaun,1129,48
Uttar Pradesh,Jaunpur,3078,56
Uttar Pradesh,Jhansi,830,27
Uttar Pradesh,Kannauj,1394,24
Uttar Pradesh,Kanpur Dehat,962,19
Uttar Pradesh,Kanpur Nagar,2308,74
Uttar Pradesh,Kasganj,1171,21
Uttar Pradesh,Kaushambi,943,19
Uttar Pradesh,Kheri,5444,290
Uttar Pradesh,Kushinagar,1717,41
Uttar Pradesh,Lalitpur,1653,23
Uttar Pradesh,Lucknow,2812,143
Uttar Pradesh,Maharajganj,1684,55
Uttar Pradesh,Mahoba,1452,53
Uttar Pradesh,Mainpuri,1397,48
Uttar Pradesh,Mathura,1517,96
Uttar Pradesh,Mau,1156,39
Uttar Pradesh,Meerut,2125,172
Uttar Pradesh,Mirzapur,3030,54
Uttar Pradesh,Moradabad,2890,228
Uttar Pradesh,Muzaffarnagar,2700,123
Uttar Pradesh,Pilibhit,1535,60
Uttar Pradesh,Pratapgarh,2618,86
Uttar Pradesh,Rae Bareli,1767,64
Uttar Pradesh,Rampur,1034,38
Uttar Pradesh,Saharanpur,3347,140
Uttar Pradesh,Sambhal,2165,252
Uttar Pradesh,Sant Kabir Nagar,627,25
Uttar Pradesh,Sant Ravidas Nagar,1322,31
Uttar Pradesh,Shahjahanpur,4891,223
Uttar Pradesh,Shamli,1767,34
Uttar Pradesh,Shrawasti,1226,28
Uttar Pradesh,Siddharthnagar,1404,53
Uttar Pradesh,Sitapur,6146,299
Uttar Pradesh,Sonbhadra,1796,127
Uttar Pradesh,Sultanpur,1336,41
Uttar Pradesh,Unnao,1854,68
Uttar Pradesh,Varanasi,2492,59
Uttarakhand,Almora,1628,48
Uttarakhand,Bageshwar,1506,64
Uttarakhand,Chamoli,5200,141
Uttarakhand,Champawat,467,4
Uttarakhand,Dehradun,807,52
Uttarakhand,Haridwar,1663,72
Uttarakhand,Nainital,321,16
Uttarakhand,Pauri Garhwal,1020,90
Uttarakhand,Pithoragarh,1027,197
Uttarakhand,Rudraprayag,837,33
Uttarakhand,Tehri Garhwal,712,28
Uttarakhand,Udham Singh Nagar,752,85
Uttarakhand,Uttarkashi,592,40
West Bengal,Bankura,3487,599
West Bengal,Barddhaman,9842,1456
West Bengal,Birbhum,1670,68
West Bengal,Cooch Behar,4774,61
West Bengal,Dakshin Dinajpur,2749,11
West Bengal,Darjeeling,3196,26
West Bengal,Hooghly,2120,35
West Bengal,Howrah,2473,11
West Bengal,Jalpaiguri,3281,63
West Bengal,Kolkata,1293,30
West Bengal,Malda,5986,903
West Bengal,Murshidabad,3118,1070
West Bengal,Nadia,12472,337
West Bengal,North 24 Parganas,11437,198
West Bengal,Paschim Medinipur,4563,310
West Bengal,Purba Medinipur,3422,416
West Bengal,Puruliya,2156,55
West Bengal,South 24 Parganas,14865,618
West Bengal,Uttar Dinajpur,2008,21
