State,District,Aadhaar generated,Enrolment Rejected
Andaman and Nicobar Islands,Nicobar,4,0
Andaman and Nicobar Islands,North And Middle Andaman,9,24
Andaman and Nicobar Islands,South Andaman,2,7
Andhra Pradesh,Ananthapur,547,68
Andhra Pradesh,Chittoor,255,42
Andhra Pradesh,Cuddapah,349,29
Andhra Pradesh,East Godavari,774,83
Andhra Pradesh,Guntur,701,71
Andhra Pradesh,Krishna,553,38
Andhra Pradesh,Kurnool,616,48
Andhra Pradesh,Nellore,118,78
Andhra Pradesh,Prakasam,973,61
Andhra Pradesh,Srikakulam,198,25
Andhra Pradesh,Visakhapatnam,548,62
Andhra Pradesh,Vizianagaram,267,34
Andhra Pradesh,West Godavari,787,32
Arunachal Pradesh,East Kameng,1625,10
Arunachal Pradesh,Lohit,0,1
Arunachal Pradesh,Lower Dibang Valley,2,5
Arunachal Pradesh,Namsai,1,3
Arunachal Pradesh,Papum Pare,1,15
Arunachal Pradesh,Siang,0,1
Arunachal Pradesh,Tawang,0,1
Arunachal Pradesh,Tirap,1,0
Arunachal Pradesh,Upper Siang,1,0
Arunachal Pradesh,Upper Subansiri,0,3
Arunachal Pradesh,West Siang,0,1
Assam,Baksa,20,0
Assam,Barpeta,29,0
Assam,Bongaigaon,14,0
Assam,Cachar,70,0
Assam,Chirang,9,0
Assam,Darrang,4,0
Assam,Dhemaji,12,1
Assam,Dhubri,5,0
Assam,Dibrugarh,39,0
Assam,Goalpara,7,0
Assam,Golaghat,712,4
Assam,Hailakandi,35,1
Assam,Jorhat,14,1
Assam,Kamrup,14,2
Assam,Kamrup Metro,2,0
Assam,Karbi Anglong,51,1
Assam,Karimganj,23,2
Assam,Kokrajhar,5,1
Assam,Lakhimpur,11,0
Assam,Marigaon,15,0
Assam,Nagaon,1145,7
Assam,Nalbari,6,0
Assam,Sibsagar,11,0
Assam,Sonitpur,54,2
Assam,Tinsukia,8,0
Assam,Udalguri,37,1
Bihar,Araria,2723,784
Bihar,Arwal,59,128
Bihar,Aurangabad,391,79
Bihar,Banka,140,108
Bihar,Begusarai,1259,312
Bihar,Bhagalpur,258,205
Bihar,Bhojpur,724,240
Bihar,Buxar,496,136
Bihar,Darbhanga,1253,673
Bihar,East Champaran,1223,219
Bihar,Gaya,521,162
Bihar,Gopalganj,391,90
Bihar,Jamui,341,192
Bihar,Jehanabad,75,56
Bihar,Kaimur (Bhabua),811,260
Bihar,Katihar,2564,1021
Bihar,Khagaria,678,106
Bihar,Kishanganj,239,576
Bihar,Lakhisarai,214,65
Bihar,Madhepura,822,163
Bihar,Madhubani,2877,327
Bihar,Munger,633,59
Bihar,Muzaffarpur,822,204
Bihar,Nalanda,567,884
Bihar,Nawada,451,192
Bihar,Patna,1113,447
Bihar,Purnia,749,195
Bihar,Rohtas,396,282
Bihar,Saharsa,767,171
Bihar,Samastipur,815,286
Bihar,Saran,702,118
Bihar,Sheikhpura,677,57
Bihar,Sheohar,85,41
Bihar,Sitamarhi,1078,108
Bihar,Siwan,1200,87
Bihar,Supaul,985,438
Bihar,Vaishali,763,96
Bihar,West Champaran,1222,705
Chandigarh,Chandigarh,127,71
Chhattisgarh,Balod,537,46
Chhattisgarh,Baloda Bazar,2022,214
Chhattisgarh,Balrampur,500,64
Chhattisgarh,Bastar,1672,142
Chhattisgarh,Bemetara,547,63
Chhattisgarh,Bijapur,208,21
Chhattisgarh,Bilaspur,3304,476
Chhattisgarh,Dakshin Bastar Dantewada,350,27
Chhattisgarh,Dantewada,200,12
Chhattisgarh,Dhamtari,1009,49
Chhattisgarh,Durg,1442,122
Chhattisgarh,Gariyaband,1021,106
Chhattisgarh,Janjgir-champa,5007,602
Chhattisgarh,Jashpur,233,87
Chhattisgarh,Kabeerdham,344,120
Chhattisgarh,Kanker,729,57
Chhattisgarh,Kawardha,298,67
Chhattisgarh,Kondagaon,470,49
Chhattisgarh,Korba,678,304
Chhattisgarh,Koriya,253,45
Chhattisgarh,Mahasamund,1255,171
Chhattisgarh,Mungeli,297,93
Chhattisgarh,Narayanpur,112,34
Chhattisgarh,Raigarh,2037,217
Chhattisgarh,Raipur,1817,84
Chhattisgarh,Rajnandgaon,454,82
Chhattisgarh,Sukma,169,9
Chhattisgarh,Surajpur,762,136
Chhattisgarh,Surguja,506,85
Chhattisgarh,Uttar Bastar Kanker,237,35
Dadra and Nagar Haveli,Dadra and Nagar Haveli,42,150
Daman and Diu,Daman,19,32
Daman and Diu,Diu,9,1
Delhi,Central Delhi,76,55
Delhi,East Delhi,600,124
Delhi,New Delhi,13,5
Delhi,North Delhi,266,57
Delhi,North East Delhi,826,200
Delhi,North West Delhi,1295,274
Delhi,South Delhi,840,193
Delhi,South West Delhi,419,73
Delhi,West Delhi,499,130
Goa,North Goa,43,10
Goa,South Goa,46,8
Gujarat,Ahmedabad,1397,311
Gujarat,Amreli,300,78
Gujarat,Anand,3803,255
Gujarat,Arvalli,171,45
Gujarat,Banaskantha,2159,185
Gujarat,Bharuch,627,196
Gujarat,Bhavnagar,672,90
Gujarat,Dahod,712,275
Gujarat,Devbhumi Dwarka,217,59
Gujarat,Gandhinagar,858,82
Gujarat,Gir Somnath,10,8
Gujarat,Jamnagar,98,20
Gujarat,Junagadh,483,44
Gujarat,Kachchh,299,35
Gujarat,Kheda,194,137
Gujarat,Mahesana,1950,113
Gujarat,Narmada,348,25
Gujarat,Navsari,16,34
Gujarat,Panchmahals,948,190
Gujarat,Patan,132,66
Gujarat,Porbandar,31,25
Gujarat,Rajkot,298,137
Gujarat,Sabarkantha,498,137
Gujarat,Surat,765,222
Gujarat,Surendra Nagar,234,95
Gujarat,Tapi,19,21
Gujarat,The Dangs,76,20
Gujarat,Vadodara,2695,330
Gujarat,Valsad,540,78
Haryana,Ambala,636,65
Haryana,Bhiwani,1299,102
Haryana,Faridabad,960,190
Haryana,Fatehabad,179,65
Haryana,Gurgaon,1006,106
Haryana,Hisar,3329,301
Haryana,Jhajjar,443,75
Haryana,Jind,1056,115
Haryana,Kaithal,194,82
Haryana,Karnal,496,59
Haryana,Kurukshetra,343,45
Haryana,Mahendragarh,905,49
Haryana,Mewat,1158,114
Haryana,Palwal,636,357
Haryana,Panchkula,131,33
Haryana,Panipat,635,129
Haryana,Rewari,681,88
Haryana,Rohtak,1366,96
Haryana,Sirsa,381,56
Haryana,Sonipat,862,137
Haryana,Yamuna Nagar,471,129
Himachal Pradesh,Bilaspur,16,7
Himachal Pradesh,Chamba,40,10
Himachal Pradesh,Hamirpur,60,4
Himachal Pradesh,Kangra,211,22
Himachal Pradesh,Kinnaur,3,6
Himachal Pradesh,Kullu,24,5
Himachal Pradesh,Lahul and Spiti,4,1
Himachal Pradesh,Mandi,99,15
Himachal Pradesh,Shimla,96,11
Himachal Pradesh,Sirmaur,115,4
Himachal Pradesh,Solan,41,7
Himachal Pradesh,Una,28,3
Jammu and Kashmir,Anantnag,18,21
Jammu and Kashmir,Badgam,13,2
Jammu and Kashmir,Bandipore,88,4
Jammu and Kashmir,Baramula,111,25
Jammu and Kashmir,Doda,203,9
Jammu and Kashmir,Ganderbal,124,3
Jammu and Kashmir,Jammu,434,13
Jammu and Kashmir,Kargil,0,2
Jammu and Kashmir,Kathua,24,3
Jammu and Kashmir,Kishtwar,31,5
Jammu and Kashmir,Kulgam,66,4
Jammu and Kashmir,Kupwara,25,6
Jammu and Kashmir,Leh,4,1
Jammu and Kashmir,Pulwama,78,9
Jammu and Kashmir,Punch,121,8
Jammu and Kashmir,Rajouri,1891,92
Jammu and Kashmir,Ramban,120,3
Jammu and Kashmir,Reasi,92,8
Jammu and Kashmir,Samba,36,6
Jammu and Kashmir,Shupiyan,16,14
Jammu and Kashmir,Srinagar,548,21
Jammu and Kashmir,Udhampur,166,6
Jharkhand,Bokaro,449,83
Jharkhand,Chatra,298,86
Jharkhand,Deoghar,603,90
Jharkhand,Dhanbad,599,191
Jharkhand,Dumka,241,102
Jharkhand,East Singhbhum,139,99
Jharkhand,Garhwa,472,84
Jharkhand,Giridih,769,217
Jharkhand,Godda,371,60
Jharkhand,Gumla,247,211
Jharkhand,Hazaribagh,402,78
Jharkhand,Jamtara,176,38
Jharkhand,Khunti,37,16
Jharkhand,Koderma,158,27
Jharkhand,Latehar,108,48
Jharkhand,Lohardaga,87,17
Jharkhand,Pakur,218,35
Jharkhand,Palamu,283,237
Jharkhand,Ramgarh,167,21
Jharkhand,Ranchi,883,185
Jharkhand,Sahebganj,178,46
Jharkhand,Seraikela-Kharsawan,192,46
Jharkhand,Simdega,37,32
Jharkhand,West Singhbhum,377,80
Karnataka,Bagalkot,255,181
Karnataka,Ballari,3568,443
Karnataka,Bangalore Rural,337,90
Karnataka,Belagavi,4189,429
Karnataka,Bengaluru,4156,355
Karnataka,Bidar,635,171
Karnataka,Chamrajanagar,485,94
Karnataka,Chikkaballapur,503,129
Karnataka,Chikkamagaluru,316,41
Karnataka,Chitradurga,330,138
Karnataka,Dakshina Kannada,2165,69
Karnataka,Davangere,886,163
Karnataka,Dharwad,818,88
Karnataka,Gadag,248,69
Karnataka,Hassan,467,99
Karnataka,Haveri,583,157
Karnataka,Kalaburagi,642,230
Karnataka,Kodagu,411,47
Karnataka,Kolar,516,246
Karnataka,Koppal,456,129
Karnataka,Mandya,1076,107
Karnataka,Mysuru,570,100
Karnataka,Raichur,1874,365
Karnataka,Ramanagar,650,139
Karnataka,Shivamogga,985,113
Karnataka,Tumakuru,522,63
Karnataka,Udupi,331,31
Karnataka,Uttara Kannada,492,56
Karnataka,Vijayapura,1459,244
Karnataka,Yadgir,1383,404
Kerala,Alappuzha,681,22
Kerala,Ernakulam,949,23
Kerala,Idukki,187,11
Kerala,Kannur,212,10
Kerala,Kasaragod,551,8
Kerala,Kollam,708,24
Kerala,Kottayam,1116,17
Kerala,Kozhikode,1058,21
Kerala,Malappuram,1977,25
Kerala,Palakkad,648,25
Kerala,Pathanamthitta,272,8
Kerala,Thiruvananthapuram,545,28
Kerala,Thrissur,929,12
Kerala,Wayanad,298,6
Lakshadweep,Lakshadweep,198,0
Madhya Pradesh,Alirajpur,488,66
Madhya Pradesh,Anuppur,136,41
Madhya Pradesh,Ashok Nagar,739,302
Madhya Pradesh,Balaghat,716,148
Madhya Pradesh,Barwani,805,122
Madhya Pradesh,Betul,1411,163
Madhya Pradesh,Bhind,867,87
Madhya Pradesh,Bhopal,1112,228
Madhya Pradesh,Burhanpur,715,111
Madhya Pradesh,Chhatarpur,2281,388
Madhya Pradesh,Chhindwara,871,166
Madhya Pradesh,Damoh,507,64
Madhya Pradesh,Datia,338,90
Madhya Pradesh,Dewas,610,160
Madhya Pradesh,Dhar,1102,145
Madhya Pradesh,Dindori,674,213
Madhya Pradesh,Guna,487,170
Madhya Pradesh,Gwalior,1586,305
Madhya Pradesh,Harda,84,23
Madhya Pradesh,Hoshangabad,1117,138
Madhya Pradesh,Indore,476,189
Madhya Pradesh,Jabalpur,659,194
Madhya Pradesh,Jhabua,2044,158
Madhya Pradesh,Katni,815,123
Madhya Pradesh,Khandwa,251,104
Madhya Pradesh,Khargone,969,123
Madhya Pradesh,Mandla,310,62
Madhya Pradesh,Mandsaur,481,99
Madhya Pradesh,Morena,3114,100
Madhya Pradesh,Narsinghpur,494,85
Madhya Pradesh,Neemuch,168,63
Madhya Pradesh,Panna,860,94
Madhya Pradesh,Raisen,601,237
Madhya Pradesh,Rajgarh,1204,230
Madhya Pradesh,Ratlam,455,110
Madhya Pradesh,Rewa,1668,265
Madhya Pradesh,Sagar,1736,179
Madhya Pradesh,Satna,1200,170
Madhya Pradesh,Sehore,325,90
Madhya Pradesh,Seoni,299,61
Madhya Pradesh,Shahdol,520,131
Madhya Pradesh,Shajapur,362,164
Madhya Pradesh,Sheopur,809,119
Madhya Pradesh,Shivpuri,878,245
Madhya Pradesh,Sidhi,882,149
Madhya Pradesh,Singrauli,313,153
Madhya Pradesh,Tikamgarh,4521,291
Madhya Pradesh,Ujjain,517,90
Madhya Pradesh,Umaria,194,24
Madhya Pradesh,Vidisha,594,73
Maharashtra,Ahmadnagar,1339,281
Maharashtra,Akola,500,71
Maharashtra,Amravati,680,130
Maharashtra,Aurangabad,2351,232
Maharashtra,Beed,1309,184
Maharashtra,Bhandara,479,52
Maharashtra,Buldhana,828,96
Maharashtra,Chandrapur,462,90
Maharashtra,Dhule,475,109
Maharashtra,Gadchiroli,577,55
Maharashtra,Gondiya,194,69
Maharashtra,Hingoli,1003,203
Maharashtra,Jalgaon,1800,208
Maharashtra,Jalna,423,102
Maharashtra,Kolhapur,1246,96
Maharashtra,Latur,954,129
Maharashtra,Mumbai,5254,267
Maharashtra,Nagpur,996,223
Maharashtra,Nanded,2357,261
Maharashtra,Nandurbar,158,61
Maharashtra,Nashik,2033,260
Maharashtra,Osmanabad,879,111
Maharashtra,Palghar,2764,244
Maharashtra,Parbhani,1696,129
Maharashtra,Pune,4881,329
Maharashtra,Raigarh,1469,75
Maharashtra,Ratnagiri,894,65
Maharashtra,Sangli,1532,110
Maharashtra,Satara,3161,256
Maharashtra,Sindhudurg,194,18
Maharashtra,Solapur,2375,370
Maharashtra,Thane,2863,240
Maharashtra,Wardha,140,36
Maharashtra,Washim,236,40
Maharashtra,Yavatmal,1344,130
Manipur,Bishnupur,112,10
Manipur,Chandel,9,4
Manipur,Churachandpur,52,20
Manipur,Imphal East,44,10
Manipur,Imphal West,39,10
Manipur,Senapati,41,27
Manipur,Tamenglong,18,6
Manipur,Thoubal,1310,75
Manipur,Ukhrul,29,21
Meghalaya,East Garo Hills,2,0
Meghalaya,East Khasi Hills,42,13
Meghalaya,West Garo Hills,5,1
Meghalaya,West Khasi Hills,1084,1
Mizoram,Aizawl,965,4
Mizoram,Champhai,139,2
Mizoram,Kolasib,16,6
Mizoram,Lawngtlai,45,0
Mizoram,Lunglei,634,58
Mizoram,Mammit,445,0
Mizoram,Saiha,5,0
Mizoram,Serchhip,243,4
Nagaland,Dimapur,75,14
Nagaland,Kohima,7,17
Nagaland,Longleng,0,2
Nagaland,Mokokchung,11,23
Nagaland,Mon,7,57
Nagaland,Peren,335,2
Nagaland,Phek,1,18
Nagaland,Tuensang,2,8
Nagaland,Wokha,3,11
Nagaland,Zunheboto,3,44
Odisha,Angul,324,257
Odisha,Balangir,1677,48
Odisha,Baleswar,39,32
Odisha,Bargarh,981,110
Odisha,Bhadrak,1325,17
Odisha,Boudh,37,20
Odisha,Cuttack,104,68
Odisha,Debagarh,1,21
Odisha,Dhenkanal,2177,41
Odisha,Gajapati,4566,79
Odisha,Ganjam,3872,583
Odisha,Jagatsinghapur,98,45
Odisha,Jajapur,40,66
Odisha,Jharsuguda,188,61
Odisha,Kalahandi,158,355
Odisha,Kandhamal,150,75
Odisha,Kendrapara,790,50
Odisha,Kendujhar,571,122
Odisha,Khorda,939,48
Odisha,Koraput,16,137
Odisha,Malkangiri,585,37
Odisha,Mayurbhanj,1073,131
Odisha,Nabarangapur,2931,53
Odisha,Nayagarh,12,57
Odisha,Nuapada,732,9
Odisha,Puri,31,63
Odisha,Rayagada,94,91
Odisha,Sambalpur,2,3
Odisha,Sonapur,5,0
Odisha,Sundergarh,86,156
Others,Others,11,2
Puducherry,Karaikal,9,3
Puducherry,Puducherry,84,7
Punjab,Amritsar,1303,150
Punjab,Barnala,411,65
Punjab,Bathinda,1630,145
Punjab,Faridkot,606,21
Punjab,Fatehgarh Sahib,82,12
Punjab,Fazilka,716,93
Punjab,Ferozepur,669,78
Punjab,Gurdaspur,487,56
Punjab,Hoshiarpur,692,53
Punjab,Jalandhar,1161,100
Punjab,Kapurthala,316,25
Punjab,Ludhiana,2541,203
Punjab,Mansa,157,240
Punjab,Moga,643,52
Punjab,Pathankot,234,29
Punjab,Patiala,963,64
Punjab,Rupnagar,583,24
Punjab,SAS Nagar (Mohali),361,40
Punjab,Sangrur,948,81
Punjab,Shaheed Bhagat Singh Nagar,444,26
Punjab,Sri Muktsar Sahib,225,36
Punjab,Tarn Taran,716,86
Rajasthan,Ajmer,477,90
Rajasthan,Alwar,1148,349
Rajasthan,Banswara,917,194
Rajasthan,Baran,289,69
Rajasthan,Barmer,1172,207
Rajasthan,Bharatpur,572,136
Rajasthan,Bhilwara,1573,240
Rajasthan,Bikaner,647,117
Rajasthan,Bundi,351,75
Rajasthan,Chittorgarh,711,110
Rajasthan,Churu,784,127
Rajasthan,Dausa,485,114
Rajasthan,Dholpur,551,117
Rajasthan,Dungarpur,587,99
Rajasthan,Ganganagar,761,100
Rajasthan,Hanumangarh,895,113
Rajasthan,Jaipur,1565,291
Rajasthan,Jaisalmer,845,84
Rajasthan,Jalor,431,156
Rajasthan,Jhalawar,613,133
Rajasthan,Jhunjhunun,920,94
Rajasthan,Jodhpur,1674,233
Rajasthan,Karauli,810,97
Rajasthan,Kota,196,74
Rajasthan,Nagaur,929,145
Rajasthan,Pali,868,133
Rajasthan,Pratapgarh,449,201
Rajasthan,Rajsamand,380,91
Rajasthan,Sawai Madhopur,525,87
Rajasthan,Sikar,528,112
Rajasthan,Sirohi,508,63
Rajasthan,Tonk,248,85
Rajasthan,Udaipur,844,167
Sikkim,East Sikkim,2,4
Sikkim,North Sikkim,1,0
Sikkim,South Sikkim,0,3
Sikkim,West Sikkim,6,0
Tamil Nadu,Ariyalur,23,10
Tamil Nadu,Chennai,6850,280
Tamil Nadu,Coimbatore,5943,88
Tamil Nadu,Cuddalore,385,225
Tamil Nadu,Dharmapuri,500,126
Tamil Nadu,Dindigul,202,178
Tamil Nadu,Erode,971,66
Tamil Nadu,Kancheepuram,2577,299
Tamil Nadu,Kanniyakumari,128,31
Tamil Nadu,Karur,31,69
Tamil Nadu,Krishnagiri,4128,163
Tamil Nadu,Madurai,443,80
Tamil Nadu,Nagapattinam,56,66
Tamil Nadu,Namakkal,2515,117
Tamil Nadu,Perambalur,6,9
Tamil Nadu,Pudukkottai,578,115
Tamil Nadu,Ramanathapuram,70,61
Tamil Nadu,Salem,274,249
Tamil Nadu,Sivaganga,1008,110
Tamil Nadu,Thanjavur,1210,306
Tamil Nadu,The Nilgiris,54,122
Tamil Nadu,Theni,2257,86
Tamil Nadu,Thiruvarur,16,30
Tamil Nadu,Thoothukkudi,47,51
Tamil Nadu,Tiruchirappalli,40,95
Tamil Nadu,Tirunelveli,58,113
Tamil Nadu,Tiruppur,2538,111
Tamil Nadu,Tiruvallur,4480,322
Tamil Nadu,Tiruvannamalai,134,233
Tamil Nadu,Vellore,4736,209
Tamil Nadu,Villupuram,313,340
Tamil Nadu,Virudhunagar,628,81
Telangana,Adilabad,259,52
Telangana,Hyderabad,634,92
Telangana,K.v. Rangareddy,506,92
Telangana,Karimnagar,417,35
Telangana,Khammam,128,10
Telangana,Mahabubnagar,399,68
Telangana,Medak,640,88
Telangana,Nalgonda,318,29
Telangana,Nizamabad,288,29
Telangana,Warangal,293,22
Tripura,Dhalai,1,8
Tripura,Gomati,9,3
Tripura,Khowai,4,8
Tripura,North Tripura,21,3
Tripura,Sepahijala,39,15
Tripura,South Tripura,29,13
Tripura,Unakoti,6,1
Tripura,West Tripura,179,9
Uttar Pradesh,Agra,1045,297
Uttar Pradesh,Aligarh,998,222
Uttar Pradesh,Allahabad,1408,292
Uttar Pradesh,Ambedkar Nagar,422,67
Uttar Pradesh,Amethi,386,155
Uttar Pradesh,Amroha,313,261
Uttar Pradesh,Auraiya,508,63
Uttar Pradesh,Azamgarh,722,223
Uttar Pradesh,Baghpat,129,28
Uttar Pradesh,Bahraich,1509,199
Uttar Pradesh,Ballia,397,111
Uttar Pradesh,Balrampur,368,310
Uttar Pradesh,Banda,1803,190
Uttar Pradesh,Bara Banki,688,438
Uttar Pradesh,Bareilly,534,231
Uttar Pradesh,Basti,298,150
Uttar Pradesh,Bijnor,783,234
Uttar Pradesh,Budaun,2065,193
Uttar Pradesh,Bulandshahr,2196,363
Uttar Pradesh,Chandauli,316,77
Uttar Pradesh,Chitrakoot,828,276
Uttar Pradesh,Deoria,747,125
Uttar Pradesh,Etah,244,75
Uttar Pradesh,Etawah,362,73
Uttar Pradesh,Faizabad,683,250
Uttar Pradesh,Farrukhabad,316,82
Uttar Pradesh,Fatehpur,1229,241
Uttar Pradesh,Firozabad,438,122
Uttar Pradesh,Gautam Buddha Nagar,657,109
Uttar Pradesh,Ghaziabad,350,105
Uttar Pradesh,Ghazipur,588,119
Uttar Pradesh,Gonda,1278,201
Uttar Pradesh,Gorakhpur,949,190
Uttar Pradesh,Hamirpur,370,113
Uttar Pradesh,Hapur,155,73
Uttar Pradesh,Hardoi,1480,410
Uttar Pradesh,Hathras,430,74
Uttar Pradesh,Jalaun,556,98
Uttar Pradesh,Jaunpur,1415,162
Uttar Pradesh,Jhansi,885,80
Uttar Pradesh,Kannauj,521,163
Uttar Pradesh,Kanpur Dehat,551,74
Uttar Pradesh,Kanpur Nagar,2011,218
Uttar Pradesh,Kasganj,366,82
Uttar Pradesh,Kaushambi,485,78
Uttar Pradesh,Kheri,1274,300
Uttar Pradesh,Kushinagar,696,100
Uttar Pradesh,Lalitpur,734,57
Uttar Pradesh,Lucknow,1161,285
Uttar Pradesh,Maharajganj,574,128
Uttar Pradesh,Mahoba,314,108
Uttar Pradesh,Mainpuri,303,110
Uttar Pradesh,Mathura,651,125
Uttar Pradesh,Mau,558,78
Uttar Pradesh,Meerut,759,257
Uttar Pradesh,Mirzapur,984,167
Uttar Pradesh,Moradabad,418,327
Uttar Pradesh,Muzaffarnagar,637,227
Uttar Pradesh,Pilibhit,464,136
Uttar Pradesh,Pratapgarh,649,184
Uttar Pradesh,Rae Bareli,1023,182
Uttar Pradesh,Rampur,274,76
Uttar Pradesh,Saharanpur,817,323
Uttar Pradesh,Sambhal,798,306
Uttar Pradesh,Sant Kabir Nagar,264,84
Uttar Pradesh,Sant Ravidas Nagar,474,161
Uttar Pradesh,Shahjahanpur,816,545
Uttar Pradesh,Shamli,656,86
Uttar Pradesh,Shrawasti,250,96
Uttar Pradesh,Siddharthnagar,565,95
Uttar Pradesh,Sitapur,1274,500
Uttar Pradesh,Sonbhadra,1499,209
Uttar Pradesh,Sultanpur,634,116
Uttar Pradesh,Unnao,425,206
Uttar Pradesh,Varanasi,1105,156
Uttarakhand,Almora,495,28
Uttarakhand,Bageshwar,261,53
Uttarakhand,Chamoli,871,195
Uttarakhand,Champawat,54,58
Uttarakhand,Dehradun,551,73
Uttarakhand,Haridwar,974,242
Uttarakhand,Nainital,332,44
Uttarakhand,Pauri Garhwal,655,39
Uttarakhand,Pithoragarh,373,16
Uttarakhand,Rudraprayag,137,12
Uttarakhand,Tehri Garhwal,173,41
Uttarakhand,Udham Singh Nagar,420,83
Uttarakhand,Uttarkashi,79,16
West Bengal,Bankura,148,104
West Bengal,Barddhaman,418,286
West Bengal,Birbhum,679,102
West Bengal,Cooch Behar,1636,204
West Bengal,Dakshin Dinajpur,498,44
West Bengal,Darjeeling,1522,72
West Bengal,Hooghly,114,85
West Bengal,Howrah,42,76
West Bengal,Jalpaiguri,2373,144
West Bengal,Kolkata,810,57
West Bengal,Malda,631,237
West Bengal,Murshidabad,63,183
West Bengal,Nadia,629,490
West Bengal,North 24 Parganas,13343,428
West Bengal,Paschim Medinipur,112,458
West Bengal,Purba Medinipur,65,597
West Bengal,Puruliya,1873,47
West Bengal,South 24 Parganas,15136,366
West Bengal,Uttar Dinajpur,1102,109
