State,District,Aadhaar generated,Enrolment Rejected
Andaman and Nicobar Islands,Nicobar,136,0
Andaman and Nicobar Islands,North And Middle Andaman,1806,14
Andaman and Nicobar Islands,South Andaman,224,5
Andhra Pradesh,Ananthapur,704,44
Andhra Pradesh,Chittoor,452,25
Andhra Pradesh,Cuddapah,488,11
Andhra Pradesh,East Godavari,1317,72
Andhra Pradesh,Guntur,1221,31
Andhra Pradesh,Krishna,538,19
Andhra Pradesh,Kurnool,716,28
Andhra Pradesh,Nellore,564,79
Andhra Pradesh,Prakasam,520,19
Andhra Pradesh,Srikakulam,393,15
Andhra Pradesh,Visakhapatnam,704,29
Andhra Pradesh,Vizianagaram,291,10
Andhra Pradesh,West Godavari,627,33
Arunachal Pradesh,Anjaw,7,0
Arunachal Pradesh,Changlang,16,0
Arunachal Pradesh,Dibang Valley,4,0
Arunachal Pradesh,East Kameng,102,4
Arunachal Pradesh,East Siang,15,2
Arunachal Pradesh,Kurung Kumey,36,0
Arunachal Pradesh,Lohit,74,0
Arunachal Pradesh,Longding,24,1
Arunachal Pradesh,Lower Dibang Valley,565,6
Arunachal Pradesh,Lower Subansiri,8,0
Arunachal Pradesh,Namsai,84,4
Arunachal Pradesh,Papum Pare,614,33
Arunachal Pradesh,Siang,403,7
Arunachal Pradesh,Tawang,8,0
Arunachal Pradesh,Tirap,26,2
Arunachal Pradesh,Upper Siang,19,0
Arunachal Pradesh,Upper Subansiri,15,3
Arunachal Pradesh,West Kameng,18,0
Arunachal Pradesh,West Siang,41,4
Assam,Baksa,60,1
Assam,Barpeta,75,1
Assam,Bongaigaon,21,1
Assam,Cachar,167,6
Assam,Chirang,17,0
Assam,Darrang,13,1
Assam,Dhemaji,50,1
Assam,Dhubri,26,3
Assam,Dibrugarh,21,0
Assam,Goalpara,13,1
Assam,Golaghat,449,1
Assam,Hailakandi,83,2
Assam,Jorhat,40,3
Assam,Kamrup,171,3
Assam,Kamrup Metro,250,1
Assam,Karbi Anglong,48,1
Assam,Karimganj,111,1
Assam,Kokrajhar,28,0
Assam,Lakhimpur,44,2
Assam,Marigaon,29,1
Assam,Nagaon,1914,5
Assam,Nalbari,31,0
Assam,North Cachar Hills,4,0
Assam,Sibsagar,30,0
Assam,Sonitpur,101,5
Assam,Tinsukia,26,0
Assam,Udalguri,65,2
Bihar,Araria,6533,556
Bihar,Arwal,2578,377
Bihar,Aurangabad,1311,79
Bihar,Banka,1252,255
Bihar,Begusarai,3777,270
Bihar,Bhagalpur,2445,180
Bihar,Bhojpur,2053,203
Bihar,Buxar,3668,284
Bihar,Darbhanga,4391,627
Bihar,East Champaran,5138,214
Bihar,Gaya,3560,260
Bihar,Gopalganj,1999,103
Bihar,Jamui,1795,578
Bihar,Jehanabad,1450,73
Bihar,Kaimur (Bhabua),3248,154
Bihar,Katihar,5828,345
Bihar,Khagaria,1974,170
Bihar,Kishanganj,8420,1312
Bihar,Lakhisarai,1150,62
Bihar,Madhepura,2926,156
Bihar,Madhubani,4826,266
Bihar,Munger,937,91
Bihar,Muzaffarpur,5027,218
Bihar,Nalanda,2984,279
Bihar,Nawada,4312,287
Bihar,Patna,5129,304
Bihar,Purnia,2858,131
Bihar,Rohtas,3799,533
Bihar,Saharsa,1778,128
Bihar,Samastipur,7665,248
Bihar,Saran,2608,110
Bihar,Sheikhpura,163,54
Bihar,Sheohar,160,16
Bihar,Sitamarhi,2213,102
Bihar,Siwan,2288,107
Bihar,Supaul,3175,285
Bihar,Vaishali,1985,131
Bihar,West Champaran,7499,801
Chandigarh,Chandigarh,1071,36
Chhattisgarh,Balod,1056,37
Chhattisgarh,Baloda Bazar,3963,181
Chhattisgarh,Balrampur,1070,44
Chhattisgarh,Bastar,3372,133
Chhattisgarh,Bemetara,1550,70
Chhattisgarh,Bijapur,509,15
Chhattisgarh,Bilaspur,5221,233
Chhattisgarh,Dakshin Bastar Dantewada,582,31
Chhattisgarh,Dantewada,346,35
Chhattisgarh,Dhamtari,2314,42
Chhattisgarh,Durg,1973,223
Chhattisgarh,Gariyaband,240,39
Chhattisgarh,Janjgir-champa,9370,416
Chhattisgarh,Jashpur,1795,69
Chhattisgarh,Kabeerdham,671,41
Chhattisgarh,Kanker,1559,50
Chhattisgarh,Kawardha,1608,72
Chhattisgarh,Kondagaon,1218,37
Chhattisgarh,Korba,4358,316
Chhattisgarh,Koriya,628,15
Chhattisgarh,Mahasamund,1824,106
Chhattisgarh,Mungeli,819,38
Chhattisgarh,Narayanpur,18,5
Chhattisgarh,Raigarh,2875,162
Chhattisgarh,Raipur,2404,89
Chhattisgarh,Rajnandgaon,1036,86
Chhattisgarh,Sukma,570,19
Chhattisgarh,Surajpur,1257,126
Chhattisgarh,Surguja,1105,81
Chhattisgarh,Uttar Bastar Kanker,964,27
Dadra and Nagar Haveli,Dadra and Nagar Haveli,861,27
Daman and Diu,Daman,178,15
Daman and Diu,Diu,41,1
Delhi,Central Delhi,473,34
Delhi,East Delhi,1750,120
Delhi,New Delhi,58,3
Delhi,North Delhi,716,53
Delhi,North East Delhi,3043,222
Delhi,North West Delhi,4055,259
Delhi,South Delhi,3004,182
Delhi,South West Delhi,1432,64
Delhi,West Delhi,2094,93
Goa,North Goa,141,8
Goa,South Goa,308,11
Gujarat,Ahmedabad,7275,292
Gujarat,Amreli,1832,108
Gujarat,Anand,4035,204
Gujarat,Arvalli,1317,34
Gujarat,Banaskantha,5424,154
Gujarat,Bharuch,1684,73
Gujarat,Bhavnagar,2644,100
Gujarat,Dahod,4413,922
Gujarat,Devbhumi Dwarka,1067,22
Gujarat,Gandhinagar,2431,63
Gujarat,Gir Somnath,514,8
Gujarat,Jamnagar,1086,14
Gujarat,Junagadh,1449,46
Gujarat,Kachchh,1813,67
Gujarat,Kheda,2844,265
Gujarat,Mahesana,3589,82
Gujarat,Narmada,353,27
Gujarat,Navsari,947,50
Gujarat,Panchmahals,5252,204
Gujarat,Patan,855,70
Gujarat,Porbandar,389,20
Gujarat,Rajkot,4140,102
Gujarat,Sabarkantha,3150,140
Gujarat,Surat,5064,238
Gujarat,Surendra Nagar,2303,84
Gujarat,Tapi,561,26
Gujarat,The Dangs,214,72
Gujarat,Vadodara,6199,1736
Gujarat,Valsad,922,158
Haryana,Ambala,919,70
Haryana,Bhiwani,2863,173
Haryana,Faridabad,2227,127
Haryana,Fatehabad,1672,144
Haryana,Gurgaon,2413,115
Haryana,Hisar,4641,242
Haryana,Jhajjar,1138,56
Haryana,Jind,2000,77
Haryana,Kaithal,1028,43
Haryana,Karnal,1164,38
Haryana,Kurukshetra,661,48
Haryana,Mahendragarh,839,26
Haryana,Mewat,1033,95
Haryana,Palwal,1743,167
Haryana,Panchkula,463,43
Haryana,Panipat,1108,70
Haryana,Rewari,1414,59
Haryana,Rohtak,2197,62
Haryana,Sirsa,706,80
Haryana,Sonipat,2085,100
Haryana,Yamuna Nagar,1255,250
Himachal Pradesh,Bilaspur,65,5
Himachal Pradesh,Chamba,103,11
Himachal Pradesh,Hamirpur,258,3
Himachal Pradesh,Kangra,1043,52
Himachal Pradesh,Kinnaur,54,0
Himachal Pradesh,Kullu,64,6
Himachal Pradesh,Lahul and Spiti,16,2
Himachal Pradesh,Mandi,549,25
Himachal Pradesh,Shimla,364,10
Himachal Pradesh,Sirmaur,276,18
Himachal Pradesh,Solan,395,6
Himachal Pradesh,Una,164,10
Jammu and Kashmir,Anantnag,1531,99
Jammu and Kashmir,Badgam,851,449
Jammu and Kashmir,Bandipore,40,45
Jammu and Kashmir,Baramula,650,26
Jammu and Kashmir,Doda,853,68
Jammu and Kashmir,Ganderbal,58,14
Jammu and Kashmir,Jammu,995,11568
Jammu and Kashmir,Kargil,46,1
Jammu and Kashmir,Kathua,189,2142
Jammu and Kashmir,Kishtwar,206,10
Jammu and Kashmir,Kulgam,218,4
Jammu and Kashmir,Kupwara,152,9
Jammu and Kashmir,Leh,156,3
Jammu and Kashmir,Pulwama,2759,39
Jammu and Kashmir,Punch,2066,5283
Jammu and Kashmir,Rajouri,1580,3102
Jammu and Kashmir,Ramban,586,513
Jammu and Kashmir,Reasi,96,385
Jammu and Kashmir,Samba,168,2033
Jammu and Kashmir,Shupiyan,368,24
Jammu and Kashmir,Srinagar,1268,128
Jammu and Kashmir,Udhampur,408,664
Jharkhand,Bokaro,1038,73
Jharkhand,Chatra,962,64
Jharkhand,Deoghar,1442,80
Jharkhand,Dhanbad,1443,122
Jharkhand,Dumka,826,69
Jharkhand,East Singhbhum,2796,134
Jharkhand,Garhwa,837,43
Jharkhand,Giridih,2164,180
Jharkhand,Godda,645,53
Jharkhand,Gumla,1464,135
Jharkhand,Hazaribagh,1103,79
Jharkhand,Jamtara,341,21
Jharkhand,Khunti,278,16
Jharkhand,Koderma,349,23
Jharkhand,Latehar,265,49
Jharkhand,Lohardaga,284,16
Jharkhand,Pakur,430,44
Jharkhand,Palamu,1166,207
Jharkhand,Ramgarh,261,22
Jharkhand,Ranchi,2120,122
Jharkhand,Sahebganj,362,44
Jharkhand,Seraikela-Kharsawan,808,43
Jharkhand,Simdega,322,21
Jharkhand,West Singhbhum,895,54
Karnataka,Bagalkot,1436,141
Karnataka,Ballari,4140,291
Karnataka,Bangalore Rural,1861,71
Karnataka,Belagavi,4715,388
Karnataka,Bengaluru,6721,309
Karnataka,Bidar,1309,175
Karnataka,Chamrajanagar,1011,104
Karnataka,Chikkaballapur,854,110
Karnataka,Chikkamagaluru,1185,56
Karnataka,Chitradurga,1952,109
Karnataka,Dakshina Kannada,2766,51
Karnataka,Davangere,2403,140
Karnataka,Dharwad,682,54
Karnataka,Gadag,1366,73
Karnataka,Hassan,1196,102
Karnataka,Haveri,1358,131
Karnataka,Kalaburagi,3671,277
Karnataka,Kodagu,883,64
Karnataka,Kolar,1914,262
Karnataka,Koppal,1232,100
Karnataka,Mandya,1570,132
Karnataka,Mysuru,1983,82
Karnataka,Raichur,4055,306
Karnataka,Ramanagar,1801,93
Karnataka,Shivamogga,3103,95
Karnataka,Tumakuru,499,42
Karnataka,Udupi,1156,21
Karnataka,Uttara Kannada,1788,50
Karnataka,Vijayapura,2899,135
Karnataka,Yadgir,4183,233
Kerala,Alappuzha,639,20
Kerala,Ernakulam,1166,12
Kerala,Idukki,356,22
Kerala,Kannur,954,11
Kerala,Kasaragod,602,7
Kerala,Kollam,919,50
Kerala,Kottayam,900,6
Kerala,Kozhikode,2044,20
Kerala,Malappuram,1482,19
Kerala,Palakkad,821,15
Kerala,Pathanamthitta,686,10
Kerala,Thiruvananthapuram,839,20
Kerala,Thrissur,1339,11
Kerala,Wayanad,1211,5
Lakshadweep,Lakshadweep,2,0
Madhya Pradesh,Alirajpur,1239,48
Madhya Pradesh,Anuppur,402,36
Madhya Pradesh,Ashok Nagar,2982,176
Madhya Pradesh,Balaghat,2046,129
Madhya Pradesh,Barwani,2064,109
Madhya Pradesh,Betul,1917,82
Madhya Pradesh,Bhind,3239,99
Madhya Pradesh,Bhopal,2238,162
Madhya Pradesh,Burhanpur,481,95
Madhya Pradesh,Chhatarpur,4666,237
Madhya Pradesh,Chhindwara,1869,120
Madhya Pradesh,Damoh,1370,63
Madhya Pradesh,Datia,1114,84
Madhya Pradesh,Dewas,1716,153
Madhya Pradesh,Dhar,2350,98
Madhya Pradesh,Dindori,2003,126
Madhya Pradesh,Guna,1726,115
Madhya Pradesh,Gwalior,3664,212
Madhya Pradesh,Harda,178,15
Madhya Pradesh,Hoshangabad,3017,305
Madhya Pradesh,Indore,2734,126
Madhya Pradesh,Jabalpur,1994,111
Madhya Pradesh,Jhabua,4757,107
Madhya Pradesh,Katni,1833,113
Madhya Pradesh,Khandwa,1051,60
Madhya Pradesh,Khargone,3389,106
Madhya Pradesh,Mandla,775,50
Madhya Pradesh,Mandsaur,1973,126
Madhya Pradesh,Morena,2253,77
Madhya Pradesh,Narsinghpur,1093,63
Madhya Pradesh,Neemuch,1173,53
Madhya Pradesh,Panna,1327,72
Madhya Pradesh,Raisen,1878,172
Madhya Pradesh,Rajgarh,2276,188
Madhya Pradesh,Ratlam,1298,155
Madhya Pradesh,Rewa,4753,260
Madhya Pradesh,Sagar,2659,125
Madhya Pradesh,Satna,3308,129
Madhya Pradesh,Sehore,1034,101
Madhya Pradesh,Seoni,1072,58
Madhya Pradesh,Shahdol,1383,116
Madhya Pradesh,Shajapur,1470,178
Madhya Pradesh,Sheopur,921,44
Madhya Pradesh,Shivpuri,2782,172
Madhya Pradesh,Sidhi,1949,124
Madhya Pradesh,Singrauli,1328,138
Madhya Pradesh,Tikamgarh,5904,211
Madhya Pradesh,Ujjain,1175,75
Madhya Pradesh,Umaria,322,24
Madhya Pradesh,Vidisha,1588,89
Maharashtra,Ahmadnagar,3502,341
Maharashtra,Akola,1107,208
Maharashtra,Amravati,1665,148
Maharashtra,Aurangabad,3848,325
Maharashtra,Beed,2806,360
Maharashtra,Bhandara,575,74
Maharashtra,Buldhana,1368,288
Maharashtra,Chandrapur,1042,126
Maharashtra,Dhule,1250,108
Maharashtra,Gadchiroli,1025,144
Maharashtra,Gondiya,631,85
Maharashtra,Hingoli,3297,431
Maharashtra,Jalgaon,3502,210
Maharashtra,Jalna,914,157
Maharashtra,Kolhapur,2008,339
Maharashtra,Latur,2081,128
Maharashtra,Mumbai,6447,258
Maharashtra,Nagpur,3695,431
Maharashtra,Nanded,4203,385
Maharashtra,Nandurbar,978,55
Maharashtra,Nashik,4582,356
Maharashtra,Osmanabad,1943,204
Maharashtra,Palghar,2672,209
Maharashtra,Parbhani,2114,157
Maharashtra,Pune,7897,371
Maharashtra,Raigarh,1969,157
Maharashtra,Ratnagiri,1246,86
Maharashtra,Sangli,2301,159
Maharashtra,Satara,5867,429
Maharashtra,Sindhudurg,236,51
Maharashtra,Solapur,6562,530
Maharashtra,Thane,4739,295
Maharashtra,Wardha,488,62
Maharashtra,Washim,852,228
Maharashtra,Yavatmal,3444,446
Manipur,Bishnupur,987,18
Manipur,Chandel,24,10
Manipur,Churachandpur,33,7
Manipur,Imphal East,50,21
Manipur,Imphal West,61,18
Manipur,Senapati,212,39
Manipur,Tamenglong,37,5
Manipur,Thoubal,2455,99
Manipur,Ukhrul,165,46
Meghalaya,East Garo Hills,3,0
Meghalaya,East Khasi Hills,148,1
Meghalaya,Jaintia Hills,5,0
Meghalaya,Ri Bhoi,8,1
Meghalaya,West Garo Hills,8,1
Meghalaya,West Khasi Hills,1237,0
Mizoram,Aizawl,103,29
Mizoram,Champhai,62,5
Mizoram,Kolasib,155,4
Mizoram,Lawngtlai,68,7
Mizoram,Lunglei,357,12
Mizoram,Mammit,44,6
Mizoram,Saiha,5,3
Mizoram,Serchhip,3,8
Nagaland,Dimapur,352,4
Nagaland,Kiphire,9,2
Nagaland,Kohima,788,15
Nagaland,Longleng,25,0
Nagaland,Mokokchung,1549,7
Nagaland,Mon,1192,29
Nagaland,Peren,9,1
Nagaland,Phek,433,7
Nagaland,Tuensang,192,6
Nagaland,Wokha,608,6
Nagaland,Zunheboto,882,16
Odisha,Angul,1621,27
Odisha,Balangir,121,50
Odisha,Baleswar,2088,45
Odisha,Bargarh,1751,73
Odisha,Bhadrak,303,66
Odisha,Boudh,300,10
Odisha,Cuttack,898,54
Odisha,Debagarh,333,32
Odisha,Dhenkanal,461,110
Odisha,Gajapati,187,30
Odisha,Ganjam,9501,524
Odisha,Jagatsinghapur,823,36
Odisha,Jajapur,1965,72
Odisha,Jharsuguda,336,7
Odisha,Kalahandi,8869,936
Odisha,Kandhamal,441,81
Odisha,Kendrapara,549,17
Odisha,Kendujhar,1775,56
Odisha,Khorda,1045,97
Odisha,Koraput,3009,137
Odisha,Malkangiri,1673,34
Odisha,Mayurbhanj,4190,121
Odisha,Nabarangapur,1621,40
Odisha,Nayagarh,281,79
Odisha,Nuapada,18,10
Odisha,Puri,3230,60
Odisha,Rayagada,267,54
Odisha,Sambalpur,103,1
Odisha,Sonapur,7,2
Odisha,Sundergarh,769,46
Others,Others,62,1
Puducherry,Karaikal,106,3
Puducherry,Puducherry,180,2
Punjab,Amritsar,2379,114
Punjab,Barnala,393,37
Punjab,Bathinda,1180,83
Punjab,Faridkot,262,9
Punjab,Fatehgarh Sahib,168,9
Punjab,Fazilka,517,51
Punjab,Ferozepur,850,52
Punjab,Gurdaspur,688,64
Punjab,Hoshiarpur,889,42
Punjab,Jalandhar,1050,51
Punjab,Kapurthala,473,26
Punjab,Ludhiana,2762,174
Punjab,Mansa,362,26
Punjab,Moga,623,61
Punjab,Pathankot,267,14
Punjab,Patiala,1009,63
Punjab,Rupnagar,337,19
Punjab,SAS Nagar (Mohali),536,16
Punjab,Sangrur,1131,85
Punjab,Shaheed Bhagat Singh Nagar,202,10
Punjab,Sri Muktsar Sahib,460,37
Punjab,Tarn Taran,887,74
Rajasthan,Ajmer,1412,127
Rajasthan,Alwar,4964,290
Rajasthan,Banswara,3539,262
Rajasthan,Baran,1193,86
Rajasthan,Barmer,2786,205
Rajasthan,Bharatpur,2752,151
Rajasthan,Bhilwara,3835,284
Rajasthan,Bikaner,2361,160
Rajasthan,Bundi,1257,101
Rajasthan,Chittorgarh,1787,162
Rajasthan,Churu,1956,116
Rajasthan,Dausa,1540,96
Rajasthan,Dholpur,1321,161
Rajasthan,Dungarpur,1392,113
Rajasthan,Ganganagar,2163,109
Rajasthan,Hanumangarh,2325,123
Rajasthan,Jaipur,4482,337
Rajasthan,Jaisalmer,1154,107
Rajasthan,Jalor,2959,150
Rajasthan,Jhalawar,1600,136
Rajasthan,Jhunjhunun,1216,81
Rajasthan,Jodhpur,4966,322
Rajasthan,Karauli,1864,133
Rajasthan,Kota,1164,99
Rajasthan,Nagaur,3248,232
Rajasthan,Pali,2407,129
Rajasthan,Pratapgarh,1787,75
Rajasthan,Rajsamand,1110,99
Rajasthan,Sawai Madhopur,1338,79
Rajasthan,Sikar,1974,144
Rajasthan,Sirohi,643,72
Rajasthan,Tonk,1356,83
Rajasthan,Udaipur,2722,218
Sikkim,East Sikkim,13,1
Sikkim,North Sikkim,12,1
Sikkim,South Sikkim,19,0
Sikkim,West Sikkim,61,2
Tamil Nadu,Ariyalur,16,2
Tamil Nadu,Chennai,3151,124
Tamil Nadu,Coimbatore,3388,51
Tamil Nadu,Cuddalore,1844,239
Tamil Nadu,Dharmapuri,4108,41
Tamil Nadu,Dindigul,1958,40
Tamil Nadu,Erode,1007,58
Tamil Nadu,Kancheepuram,2891,127
Tamil Nadu,Kanniyakumari,1115,34
Tamil Nadu,Karur,616,25
Tamil Nadu,Krishnagiri,1545,81
Tamil Nadu,Madurai,1172,119
Tamil Nadu,Nagapattinam,4141,116
Tamil Nadu,Namakkal,5007,103
Tamil Nadu,Perambalur,518,0
Tamil Nadu,Pudukkottai,1693,34
Tamil Nadu,Ramanathapuram,1775,109
Tamil Nadu,Salem,4012,71
Tamil Nadu,Sivaganga,626,151
Tamil Nadu,Thanjavur,1962,459
Tamil Nadu,The Nilgiris,329,39
Tamil Nadu,Theni,1051,27
Tamil Nadu,Thiruvarur,2255,104
Tamil Nadu,Thoothukkudi,137,15
Tamil Nadu,Tiruchirappalli,3259,94
Tamil Nadu,Tirunelveli,2980,110
Tamil Nadu,Tiruppur,702,33
Tamil Nadu,Tiruvallur,3980,160
Tamil Nadu,Tiruvannamalai,5550,757
Tamil Nadu,Vellore,4291,133
Tamil Nadu,Villupuram,3555,337
Tamil Nadu,Virudhunagar,801,139
Telangana,Adilabad,436,22
Telangana,Hyderabad,1331,98
Telangana,K.v. Rangareddy,984,63
Telangana,Karimnagar,399,21
Telangana,Khammam,185,15
Telangana,Mahabubnagar,598,45
Telangana,Medak,463,31
Telangana,Nalgonda,704,21
Telangana,Nizamabad,266,18
Telangana,Warangal,324,17
Tripura,Dhalai,53,11
Tripura,Gomati,54,7
Tripura,Khowai,53,16
Tripura,North Tripura,84,6
Tripura,Sepahijala,83,11
Tripura,South Tripura,290,17
Tripura,Unakoti,69,3
Tripura,West Tripura,475,26
Uttar Pradesh,Agra,3586,284
Uttar Pradesh,Aligarh,4623,233
Uttar Pradesh,Allahabad,3960,243
Uttar Pradesh,Ambedkar Nagar,1408,75
Uttar Pradesh,Amethi,1760,166
Uttar Pradesh,Amroha,2178,309
Uttar Pradesh,Auraiya,617,65
Uttar Pradesh,Azamgarh,4093,180
Uttar Pradesh,Baghpat,693,44
Uttar Pradesh,Bahraich,3624,248
Uttar Pradesh,Ballia,1938,155
Uttar Pradesh,Balrampur,3403,323
Uttar Pradesh,Banda,2870,156
Uttar Pradesh,Bara Banki,5186,288
Uttar Pradesh,Bareilly,3164,249
Uttar Pradesh,Basti,2603,188
Uttar Pradesh,Bijnor,2684,298
Uttar Pradesh,Budaun,3188,209
Uttar Pradesh,Bulandshahr,2996,283
Uttar Pradesh,Chandauli,1170,110
Uttar Pradesh,Chitrakoot,838,94
Uttar Pradesh,Deoria,2301,131
Uttar Pradesh,Etah,1094,83
Uttar Pradesh,Etawah,1145,98
Uttar Pradesh,Faizabad,1923,197
Uttar Pradesh,Farrukhabad,1456,135
Uttar Pradesh,Fatehpur,4403,274
Uttar Pradesh,Firozabad,2003,200
Uttar Pradesh,Gautam Buddha Nagar,2333,139
Uttar Pradesh,Ghaziabad,3239,130
Uttar Pradesh,Ghazipur,2913,191
Uttar Pradesh,Gonda,4763,227
Uttar Pradesh,Gorakhpur,2786,222
Uttar Pradesh,Hamirpur,2732,97
Uttar Pradesh,Hapur,970,122
Uttar Pradesh,Hardoi,7992,326
Uttar Pradesh,Hathras,746,61
Uttar Pradesh,Jalaun,1639,143
Uttar Pradesh,Jaunpur,5338,179
Uttar Pradesh,Jhansi,1308,87
Uttar Pradesh,Kannauj,1884,142
Uttar Pradesh,Kanpur Dehat,1282,97
Uttar Pradesh,Kanpur Nagar,3353,209
Uttar Pradesh,Kasganj,1392,77
Uttar Pradesh,Kaushambi,1960,74
Uttar Pradesh,Kheri,7726,1243
Uttar Pradesh,Kushinagar,2509,131
Uttar Pradesh,Lalitpur,1742,72
Uttar Pradesh,Lucknow,3818,316
Uttar Pradesh,Maharajganj,2812,133
Uttar Pradesh,Mahoba,1434,151
Uttar Pradesh,Mainpuri,1801,132
Uttar Pradesh,Mathura,2388,193
Uttar Pradesh,Mau,1420,108
Uttar Pradesh,Meerut,2639,269
Uttar Pradesh,Mirzapur,3119,174
Uttar Pradesh,Moradabad,3831,297
Uttar Pradesh,Muzaffarnagar,2645,197
Uttar Pradesh,Pilibhit,1589,130
Uttar Pradesh,Pratapgarh,2628,201
Uttar Pradesh,Rae Bareli,2408,158
Uttar Pradesh,Rampur,1413,99
Uttar Pradesh,Saharanpur,1851,285
Uttar Pradesh,Sambhal,2781,186
Uttar Pradesh,Sant Kabir Nagar,884,115
Uttar Pradesh,Sant Ravidas Nagar,1522,121
Uttar Pradesh,Shahjahanpur,7049,364
Uttar Pradesh,Shamli,1216,84
Uttar Pradesh,Shrawasti,1235,118
Uttar Pradesh,Siddharthnagar,1651,119
Uttar Pradesh,Sitapur,8408,603
Uttar Pradesh,Sonbhadra,3025,333
Uttar Pradesh,Sultanpur,1639,164
Uttar Pradesh,Unnao,2527,271
Uttar Pradesh,Varanasi,3555,197
Uttarakhand,Almora,1880,41
Uttarakhand,Bageshwar,1417,50
Uttarakhand,Chamoli,4651,240
Uttarakhand,Champawat,1171,74
Uttarakhand,Dehradun,1226,69
Uttarakhand,Haridwar,2237,162
Uttarakhand,Nainital,706,32
Uttarakhand,Pauri Garhwal,1438,41
Uttarakhand,Pithoragarh,2116,52
Uttarakhand,Rudraprayag,1558,38
Uttarakhand,Tehri Garhwal,1294,106
Uttarakhand,Udham Singh Nagar,1100,95
Uttarakhand,Uttarkashi,843,17
West Bengal,Bankura,3995,170
West Bengal,Barddhaman,9941,517
West Bengal,Birbhum,1356,67
West Bengal,Cooch Behar,6319,64
West Bengal,Dakshin Dinajpur,1119,169
West Bengal,Darjeeling,4645,54
West Bengal,Hooghly,2297,82
West Bengal,Howrah,5646,105
West Bengal,Jalpaiguri,7589,128
West Bengal,Kolkata,6588,59
West Bengal,Malda,10234,395
West Bengal,Murshidabad,5245,119
West Bengal,Nadia,7404,135
West Bengal,North 24 Parganas,9891,392
West Bengal,Paschim Medinipur,4547,410
West Bengal,Purba Medinipur,4164,190
West Bengal,Puruliya,2423,82
West Bengal,South 24 Parganas,6406,289
West Bengal,Uttar Dinajpur,2206,270
