State,District,Aadhaar generated,Enrolment Rejected
Andhra Pradesh,Ananthapur,257,42
Andhra Pradesh,Chittoor,194,49
Andhra Pradesh,Cuddapah,444,19
Andhra Pradesh,East Godavari,631,196
Andhra Pradesh,Guntur,580,54
Andhra Pradesh,Krishna,331,22
Andhra Pradesh,Kurnool,277,35
Andhra Pradesh,Nellore,182,6
Andhra Pradesh,Prakasam,217,22
Andhra Pradesh,Srikakulam,91,33
Andhra Pradesh,Visakhapatnam,311,17
Andhra Pradesh,Vizianagaram,140,18
Andhra Pradesh,West Godavari,218,3
Arunachal Pradesh,Changlang,2,0
Arunachal Pradesh,Dibang Valley,14,0
Arunachal Pradesh,Kurung Kumey,0,1
Arunachal Pradesh,Lohit,1,0
Arunachal Pradesh,Lower Dibang Valley,1407,3
Arunachal Pradesh,Namsai,1,0
Arunachal Pradesh,Papum Pare,40,0
Arunachal Pradesh,Siang,15,0
Arunachal Pradesh,Tawang,1,0
Arunachal Pradesh,Upper Subansiri,1,0
Arunachal Pradesh,West Kameng,1,0
Arunachal Pradesh,West Siang,357,3
Assam,Baksa,19,0
Assam,Barpeta,21,0
Assam,Bongaigaon,5,0
Assam,Cachar,42,6
Assam,Chirang,6,0
Assam,Darrang,2,1
Assam,Dhemaji,31,0
Assam,Dhubri,11,0
Assam,Dibrugarh,7,0
Assam,Goalpara,3,0
Assam,Golaghat,28,0
Assam,Hailakandi,12,0
Assam,Jorhat,12,0
Assam,Kamrup,31,1
Assam,Kamrup Metro,12,0
Assam,Karbi Anglong,7,1
Assam,Karimganj,15,0
Assam,Kokrajhar,9,0
Assam,Lakhimpur,23,0
Assam,Marigaon,4,0
Assam,Nagaon,1681,0
Assam,Nalbari,27,1
Assam,North Cachar Hills,1,0
Assam,Sibsagar,12,0
Assam,Sonitpur,31,0
Assam,Tinsukia,11,0
Assam,Udalguri,21,0
Bihar,Araria,1652,82
Bihar,Arwal,75,6
Bihar,Aurangabad,378,3
Bihar,Banka,198,14
Bihar,Begusarai,762,81
Bihar,Bhagalpur,1841,39
Bihar,Bhojpur,1345,25
Bihar,Buxar,995,49
Bihar,Darbhanga,1740,118
Bihar,East Champaran,2698,34
Bihar,Gaya,751,26
Bihar,Gopalganj,671,55
Bihar,Jamui,1339,47
Bihar,Jehanabad,99,2
Bihar,Kaimur (Bhabua),463,42
Bihar,Katihar,1217,71
Bihar,Khagaria,632,53
Bihar,Kishanganj,346,15
Bihar,Lakhisarai,563,15
Bihar,Madhepura,2055,44
Bihar,Madhubani,1650,37
Bihar,Munger,1125,13
Bihar,Muzaffarpur,1309,75
Bihar,Nalanda,1443,34
Bihar,Nawada,473,7
Bihar,Patna,1591,42
Bihar,Purnia,498,6
Bihar,Rohtas,1136,56
Bihar,Saharsa,816,106
Bihar,Samastipur,1140,51
Bihar,Saran,1136,26
Bihar,Sheikhpura,258,6
Bihar,Sheohar,69,9
Bihar,Sitamarhi,749,33
Bihar,Siwan,1216,24
Bihar,Supaul,435,17
Bihar,Vaishali,1448,12
Bihar,West Champaran,2453,259
Chandigarh,Chandigarh,275,14
Chhattisgarh,Balod,739,10
Chhattisgarh,Baloda Bazar,2858,33
Chhattisgarh,Balrampur,300,12
Chhattisgarh,Bastar,995,17
Chhattisgarh,Bemetara,715,83
Chhattisgarh,Bijapur,773,69
Chhattisgarh,Bilaspur,2930,143
Chhattisgarh,Dakshin Bastar Dantewada,256,10
Chhattisgarh,Dantewada,283,3
Chhattisgarh,Dhamtari,277,1
Chhattisgarh,Durg,871,14
Chhattisgarh,Gariyaband,111,6
Chhattisgarh,Janjgir-champa,7294,166
Chhattisgarh,Jashpur,626,17
Chhattisgarh,Kabeerdham,323,11
Chhattisgarh,Kanker,177,4
Chhattisgarh,Kawardha,139,20
Chhattisgarh,Kondagaon,70,5
Chhattisgarh,Korba,650,62
Chhattisgarh,Koriya,171,3
Chhattisgarh,Mahasamund,807,23
Chhattisgarh,Mungeli,474,24
Chhattisgarh,Narayanpur,541,9
Chhattisgarh,Raigarh,3071,643
Chhattisgarh,Raipur,762,36
Chhattisgarh,Rajnandgaon,397,11
Chhattisgarh,Sukma,216,2
Chhattisgarh,Surajpur,614,30
Chhattisgarh,Surguja,517,15
Chhattisgarh,Uttar Bastar Kanker,49,8
Dadra and Nagar Haveli,Dadra and Nagar Haveli,1203,6
Daman and Diu,Daman,83,0
Daman and Diu,Diu,4,0
Delhi,Central Delhi,273,13
Delhi,East Delhi,600,20
Delhi,New Delhi,34,1
Delhi,North Delhi,276,6
Delhi,North East Delhi,1546,61
Delhi,North West Delhi,1514,55
Delhi,South Delhi,1072,50
Delhi,South West Delhi,814,33
Delhi,West Delhi,877,36
Goa,North Goa,297,11
Goa,South Goa,106,6
Gujarat,Ahmedabad,3363,16
Gujarat,Amreli,237,1
Gujarat,Anand,1731,18
Gujarat,Arvalli,496,3
Gujarat,Banaskantha,2329,11
Gujarat,Bharuch,467,4
Gujarat,Bhavnagar,1000,9
Gujarat,Dahod,957,11
Gujarat,Devbhumi Dwarka,270,3
Gujarat,Gandhinagar,331,6
Gujarat,Gir Somnath,15,0
Gujarat,Jamnagar,130,1
Gujarat,Junagadh,707,8
Gujarat,Kachchh,465,0
Gujarat,Kheda,210,1
Gujarat,Mahesana,1043,10
Gujarat,Narmada,108,2
Gujarat,Navsari,874,4
Gujarat,Panchmahals,1329,19
Gujarat,Patan,962,13
Gujarat,Porbandar,285,1
Gujarat,Rajkot,1267,6
Gujarat,Sabarkantha,1496,12
Gujarat,Surat,1449,14
Gujarat,Surendra Nagar,2436,0
Gujarat,Tapi,427,3
Gujarat,The Dangs,15,0
Gujarat,Vadodara,3002,17
Gujarat,Valsad,1056,1
Haryana,Ambala,489,28
Haryana,Bhiwani,1428,62
Haryana,Faridabad,1172,34
Haryana,Fatehabad,233,35
Haryana,Gurgaon,658,25
Haryana,Hisar,1562,60
Haryana,Jhajjar,357,13
Haryana,Jind,437,11
Haryana,Kaithal,520,17
Haryana,Karnal,350,13
Haryana,Kurukshetra,214,8
Haryana,Mahendragarh,185,5
Haryana,Mewat,421,14
Haryana,Palwal,415,19
Haryana,Panchkula,141,13
Haryana,Panipat,530,19
Haryana,Rewari,381,29
Haryana,Rohtak,363,17
Haryana,Sirsa,402,31
Haryana,Sonipat,513,9
Haryana,Yamuna Nagar,425,70
Himachal Pradesh,Bilaspur,28,0
Himachal Pradesh,Chamba,22,0
Himachal Pradesh,Hamirpur,69,3
Himachal Pradesh,Kangra,330,9
Himachal Pradesh,Kinnaur,128,3
Himachal Pradesh,Kullu,123,3
Himachal Pradesh,Lahul and Spiti,4,0
Himachal Pradesh,Mandi,173,16
Himachal Pradesh,Shimla,199,2
Himachal Pradesh,Sirmaur,233,2
Himachal Pradesh,Solan,28,0
Himachal Pradesh,Una,23,1
Jammu and Kashmir,Anantnag,506,1
Jammu and Kashmir,Badgam,21,8
Jammu and Kashmir,Bandipore,1,0
Jammu and Kashmir,Baramula,87,10
Jammu and Kashmir,Doda,1803,1
Jammu and Kashmir,Ganderbal,16,6
Jammu and Kashmir,Jammu,759,5
Jammu and Kashmir,Kargil,14,0
Jammu and Kashmir,Kathua,182,2
Jammu and Kashmir,Kishtwar,214,2
Jammu and Kashmir,Kulgam,482,2
Jammu and Kashmir,Kupwara,16,0
Jammu and Kashmir,Leh,5,0
Jammu and Kashmir,Pulwama,35,1
Jammu and Kashmir,Punch,660,2
Jammu and Kashmir,Rajouri,338,33
Jammu and Kashmir,Ramban,536,2
Jammu and Kashmir,Reasi,18,0
Jammu and Kashmir,Samba,110,0
Jammu and Kashmir,Shupiyan,8,0
Jammu and Kashmir,Srinagar,325,62
Jammu and Kashmir,Udhampur,48,2
Jharkhand,Bokaro,947,5
Jharkhand,Chatra,360,10
Jharkhand,Deoghar,1086,3
Jharkhand,Dhanbad,678,10
Jharkhand,Dumka,222,11
Jharkhand,East Singhbhum,296,8
Jharkhand,Garhwa,214,2
Jharkhand,Giridih,703,23
Jharkhand,Godda,520,15
Jharkhand,Gumla,282,14
Jharkhand,Hazaribagh,279,3
Jharkhand,Jamtara,168,2
Jharkhand,Khunti,67,0
Jharkhand,Koderma,165,9
Jharkhand,Latehar,246,42
Jharkhand,Lohardaga,121,1
Jharkhand,Pakur,354,14
Jharkhand,Palamu,320,22
Jharkhand,Ramgarh,77,2
Jharkhand,Ranchi,753,11
Jharkhand,Sahebganj,154,3
Jharkhand,Seraikela-Kharsawan,152,2
Jharkhand,Simdega,54,1
Jharkhand,West Singhbhum,148,9
Karnataka,Bagalkot,615,7
Karnataka,Ballari,815,14
Karnataka,Bangalore Rural,362,3
Karnataka,Belagavi,929,31
Karnataka,Bengaluru,1301,14
Karnataka,Bidar,635,17
Karnataka,Chamrajanagar,396,12
Karnataka,Chikkaballapur,477,4
Karnataka,Chikkamagaluru,335,5
Karnataka,Chitradurga,727,7
Karnataka,Dakshina Kannada,657,8
Karnataka,Davangere,506,3
Karnataka,Dharwad,114,3
Karnataka,Gadag,555,1
Karnataka,Hassan,324,11
Karnataka,Haveri,327,1
Karnataka,Kalaburagi,1525,19
Karnataka,Kodagu,305,0
Karnataka,Kolar,540,9
Karnataka,Koppal,390,3
Karnataka,Mandya,608,12
Karnataka,Mysuru,502,10
Karnataka,Raichur,2148,38
Karnataka,Ramanagar,953,8
Karnataka,Shivamogga,779,16
Karnataka,Tumakuru,496,6
Karnataka,Udupi,727,8
Karnataka,Uttara Kannada,788,3
Karnataka,Vijayapura,1108,12
Karnataka,Yadgir,2035,38
Kerala,Alappuzha,466,4
Kerala,Ernakulam,1390,21
Kerala,Idukki,553,7
Kerala,Kannur,721,3
Kerala,Kasaragod,164,3
Kerala,Kollam,569,11
Kerala,Kottayam,928,12
Kerala,Kozhikode,886,4
Kerala,Malappuram,807,4
Kerala,Palakkad,304,11
Kerala,Pathanamthitta,286,3
Kerala,Thiruvananthapuram,570,7
Kerala,Thrissur,289,3
Kerala,Wayanad,54,0
Lakshadweep,Lakshadweep,5,0
Madhya Pradesh,Alirajpur,304,25
Madhya Pradesh,Anuppur,217,28
Madhya Pradesh,Ashok Nagar,2594,202
Madhya Pradesh,Balaghat,979,65
Madhya Pradesh,Barwani,646,45
Madhya Pradesh,Betul,861,42
Madhya Pradesh,Bhind,1528,92
Madhya Pradesh,Bhopal,846,68
Madhya Pradesh,Burhanpur,215,108
Madhya Pradesh,Chhatarpur,1807,102
Madhya Pradesh,Chhindwara,1266,42
Madhya Pradesh,Damoh,786,55
Madhya Pradesh,Datia,512,49
Madhya Pradesh,Dewas,560,27
Madhya Pradesh,Dhar,1639,33
Madhya Pradesh,Dindori,882,46
Madhya Pradesh,Guna,392,16
Madhya Pradesh,Gwalior,2005,175
Madhya Pradesh,Harda,107,6
Madhya Pradesh,Hoshangabad,444,20
Madhya Pradesh,Indore,1409,25
Madhya Pradesh,Jabalpur,1042,64
Madhya Pradesh,Jhabua,1987,93
Madhya Pradesh,Katni,889,27
Madhya Pradesh,Khandwa,157,14
Madhya Pradesh,Khargone,968,18
Madhya Pradesh,Mandla,390,14
Madhya Pradesh,Mandsaur,221,14
Madhya Pradesh,Morena,1069,62
Madhya Pradesh,Narsinghpur,476,43
Madhya Pradesh,Neemuch,139,27
Madhya Pradesh,Panna,577,11
Madhya Pradesh,Raisen,902,67
Madhya Pradesh,Rajgarh,1820,55
Madhya Pradesh,Ratlam,335,37
Madhya Pradesh,Rewa,2541,177
Madhya Pradesh,Sagar,1311,39
Madhya Pradesh,Satna,1151,37
Madhya Pradesh,Sehore,549,32
Madhya Pradesh,Seoni,484,19
Madhya Pradesh,Shahdol,728,96
Madhya Pradesh,Shajapur,1726,47
Madhya Pradesh,Sheopur,470,30
Madhya Pradesh,Shivpuri,1780,129
Madhya Pradesh,Sidhi,730,51
Madhya Pradesh,Singrauli,634,53
Madhya Pradesh,Tikamgarh,1555,139
Madhya Pradesh,Ujjain,639,20
Madhya Pradesh,Umaria,151,4
Madhya Pradesh,Vidisha,965,34
Maharashtra,Ahmadnagar,1345,293
Maharashtra,Akola,582,569
Maharashtra,Amravati,773,118
Maharashtra,Aurangabad,1847,153
Maharashtra,Beed,1400,516
Maharashtra,Bhandara,353,79
Maharashtra,Buldhana,765,350
Maharashtra,Chandrapur,424,80
Maharashtra,Dhule,472,132
Maharashtra,Gadchiroli,616,285
Maharashtra,Gondiya,513,80
Maharashtra,Hingoli,2016,1047
Maharashtra,Jalgaon,1250,121
Maharashtra,Jalna,765,111
Maharashtra,Kolhapur,843,452
Maharashtra,Latur,719,127
Maharashtra,Mumbai,2222,96
Maharashtra,Nagpur,1661,569
Maharashtra,Nanded,1564,477
Maharashtra,Nandurbar,261,7
Maharashtra,Nashik,2128,320
Maharashtra,Osmanabad,686,288
Maharashtra,Palghar,1139,115
Maharashtra,Parbhani,1057,171
Maharashtra,Pune,3311,1550
Maharashtra,Raigarh,1236,1857
Maharashtra,Ratnagiri,476,13
Maharashtra,Sangli,1414,80
Maharashtra,Satara,2244,115
Maharashtra,Sindhudurg,79,17
Maharashtra,Solapur,1778,122
Maharashtra,Thane,2569,131
Maharashtra,Wardha,103,67
Maharashtra,Washim,369,367
Maharashtra,Yavatmal,1412,1155
Manipur,Bishnupur,5,0
Manipur,Chandel,25,0
Manipur,Churachandpur,16,0
Manipur,Imphal East,115,0
Manipur,Imphal West,170,0
Manipur,Senapati,15,1
Manipur,Tamenglong,71,1
Manipur,Thoubal,308,1
Manipur,Ukhrul,15,2
Meghalaya,East Khasi Hills,85,0
Meghalaya,Ri Bhoi,5,0
Meghalaya,West Garo Hills,2,0
Meghalaya,West Khasi Hills,350,0
Mizoram,Aizawl,595,0
Mizoram,Champhai,241,0
Mizoram,Kolasib,16,3
Mizoram,Lawngtlai,128,0
Mizoram,Lunglei,2,0
Mizoram,Mammit,193,1
Nagaland,Dimapur,295,1
Nagaland,Kiphire,1,0
Nagaland,Kohima,52,0
Nagaland,Mokokchung,3,0
Nagaland,Peren,19,0
Nagaland,Wokha,3,0
Nagaland,Zunheboto,2,0
Odisha,Angul,270,0
Odisha,Balangir,6,0
Odisha,Baleswar,1579,15
Odisha,Bargarh,128,3
Odisha,Bhadrak,108,1
Odisha,Boudh,122,0
Odisha,Cuttack,1319,0
Odisha,Debagarh,104,0
Odisha,Dhenkanal,573,8
Odisha,Gajapati,165,17
Odisha,Ganjam,1683,62
Odisha,Jagatsinghapur,294,1
Odisha,Jajapur,576,6
Odisha,Jharsuguda,46,0
Odisha,Kalahandi,837,15
Odisha,Kandhamal,173,5
Odisha,Kendrapara,362,1
Odisha,Kendujhar,1745,2
Odisha,Khorda,315,2
Odisha,Koraput,840,9
Odisha,Malkangiri,550,6
Odisha,Mayurbhanj,3442,17
Odisha,Nabarangapur,1732,85
Odisha,Nayagarh,242,1
Odisha,Nuapada,205,1
Odisha,Puri,13,0
Odisha,Rayagada,85,6
Odisha,Sambalpur,12,0
Odisha,Sonapur,3,0
Odisha,Sundergarh,550,0
Others,Others,49,0
Puducherry,Karaikal,43,3
Puducherry,Puducherry,86,8
Punjab,Amritsar,825,24
Punjab,Barnala,103,12
Punjab,Bathinda,667,20
Punjab,Faridkot,226,2
Punjab,Fatehgarh Sahib,88,2
Punjab,Fazilka,334,6
Punjab,Ferozepur,389,15
Punjab,Gurdaspur,403,32
Punjab,Hoshiarpur,471,13
Punjab,Jalandhar,376,10
Punjab,Kapurthala,220,5
Punjab,Ludhiana,1847,53
Punjab,Mansa,242,12
Punjab,Moga,532,10
Punjab,Pathankot,114,13
Punjab,Patiala,538,26
Punjab,Rupnagar,109,2
Punjab,SAS Nagar (Mohali),312,3
Punjab,Sangrur,513,8
Punjab,Shaheed Bhagat Singh Nagar,235,11
Punjab,Sri Muktsar Sahib,265,10
Punjab,Tarn Taran,370,24
Rajasthan,Ajmer,471,38
Rajasthan,Alwar,1859,59
Rajasthan,Banswara,1487,215
Rajasthan,Baran,594,109
Rajasthan,Barmer,1446,169
Rajasthan,Bharatpur,1740,63
Rajasthan,Bhilwara,1601,96
Rajasthan,Bikaner,869,35
Rajasthan,Bundi,494,54
Rajasthan,Chittorgarh,1135,281
Rajasthan,Churu,759,34
Rajasthan,Dausa,441,80
Rajasthan,Dholpur,531,96
Rajasthan,Dungarpur,734,80
Rajasthan,Ganganagar,578,55
Rajasthan,Hanumangarh,911,99
Rajasthan,Jaipur,2105,286
Rajasthan,Jaisalmer,358,38
Rajasthan,Jalor,2134,159
Rajasthan,Jhalawar,980,101
Rajasthan,Jhunjhunun,429,11
Rajasthan,Jodhpur,1933,253
Rajasthan,Karauli,613,74
Rajasthan,Kota,777,22
Rajasthan,Nagaur,1309,198
Rajasthan,Pali,663,32
Rajasthan,Pratapgarh,1164,30
Rajasthan,Rajsamand,507,97
Rajasthan,Sawai Madhopur,419,60
Rajasthan,Sikar,954,61
Rajasthan,Sirohi,353,130
Rajasthan,Tonk,496,54
Rajasthan,Udaipur,930,37
Sikkim,East Sikkim,8,0
Sikkim,South Sikkim,1,0
Sikkim,West Sikkim,44,0
Tamil Nadu,Ariyalur,2,23
Tamil Nadu,Chennai,796,313
Tamil Nadu,Coimbatore,285,15
Tamil Nadu,Cuddalore,242,39
Tamil Nadu,Dharmapuri,140,18
Tamil Nadu,Dindigul,293,6
Tamil Nadu,Erode,368,11
Tamil Nadu,Kancheepuram,570,52
Tamil Nadu,Kanniyakumari,134,32
Tamil Nadu,Karur,42,2
Tamil Nadu,Krishnagiri,146,8
Tamil Nadu,Madurai,81,68
Tamil Nadu,Nagapattinam,516,19
Tamil Nadu,Namakkal,75,3
Tamil Nadu,Perambalur,185,29
Tamil Nadu,Pudukkottai,4,2
Tamil Nadu,Ramanathapuram,46,301
Tamil Nadu,Salem,93,9
Tamil Nadu,Sivaganga,325,1
Tamil Nadu,Thanjavur,1895,21
Tamil Nadu,The Nilgiris,62,3
Tamil Nadu,Theni,1022,163
Tamil Nadu,Thiruvarur,5522,5
Tamil Nadu,Thoothukkudi,44,58
Tamil Nadu,Tiruchirappalli,59,61
Tamil Nadu,Tirunelveli,1280,179
Tamil Nadu,Tiruppur,168,18
Tamil Nadu,Tiruvallur,180,277
Tamil Nadu,Tiruvannamalai,4852,14
Tamil Nadu,Vellore,252,28
Tamil Nadu,Villupuram,10809,107
Tamil Nadu,Virudhunagar,1943,6
Telangana,Adilabad,229,40
Telangana,Hyderabad,915,55
Telangana,K.v. Rangareddy,1119,41
Telangana,Karimnagar,185,33
Telangana,Khammam,87,8
Telangana,Mahabubnagar,230,13
Telangana,Medak,184,24
Telangana,Nalgonda,185,37
Telangana,Nizamabad,98,8
Telangana,Warangal,168,11
Tripura,Dhalai,227,7
Tripura,Gomati,77,2
Tripura,Khowai,50,2
Tripura,North Tripura,35,0
Tripura,Sepahijala,26,1
Tripura,South Tripura,100,3
Tripura,Unakoti,2,0
Tripura,West Tripura,31,0
Uttar Pradesh,Agra,1100,89
Uttar Pradesh,Aligarh,2906,157
Uttar Pradesh,Allahabad,2069,76
Uttar Pradesh,Ambedkar Nagar,587,15
Uttar Pradesh,Amethi,847,20
Uttar Pradesh,Amroha,639,75
Uttar Pradesh,Auraiya,267,51
Uttar Pradesh,Azamgarh,1237,60
Uttar Pradesh,Baghpat,208,14
Uttar Pradesh,Bahraich,1637,71
Uttar Pradesh,Ballia,1014,24
Uttar Pradesh,Balrampur,1835,37
Uttar Pradesh,Banda,1845,47
Uttar Pradesh,Bara Banki,1919,119
Uttar Pradesh,Bareilly,954,51
Uttar Pradesh,Basti,576,18
Uttar Pradesh,Bijnor,1322,232
Uttar Pradesh,Budaun,1599,52
Uttar Pradesh,Bulandshahr,2466,96
Uttar Pradesh,Chandauli,447,22
Uttar Pradesh,Chitrakoot,1046,15
Uttar Pradesh,Deoria,667,19
Uttar Pradesh,Etah,622,15
Uttar Pradesh,Etawah,615,23
Uttar Pradesh,Faizabad,810,38
Uttar Pradesh,Farrukhabad,765,54
Uttar Pradesh,Fatehpur,1244,86
Uttar Pradesh,Firozabad,964,50
Uttar Pradesh,Gautam Buddha Nagar,994,20
Uttar Pradesh,Ghaziabad,1121,39
Uttar Pradesh,Ghazipur,1384,43
Uttar Pradesh,Gonda,1847,67
Uttar Pradesh,Gorakhpur,1165,50
Uttar Pradesh,Hamirpur,1766,36
Uttar Pradesh,Hapur,299,28
Uttar Pradesh,Hardoi,1882,107
Uttar Pradesh,Hathras,281,23
Uttar Pradesh,Jalaun,887,84
Uttar Pradesh,Jaunpur,2321,53
Uttar Pradesh,Jhansi,321,57
Uttar Pradesh,Kannauj,1135,44
Uttar Pradesh,Kanpur Dehat,498,18
Uttar Pradesh,Kanpur Nagar,1371,77
Uttar Pradesh,Kasganj,2333,25
Uttar Pradesh,Kaushambi,1112,10
Uttar Pradesh,Kheri,3012,135
Uttar Pradesh,Kushinagar,1300,36
Uttar Pradesh,Lalitpur,278,9
Uttar Pradesh,Lucknow,1523,91
Uttar Pradesh,Maharajganj,1021,29
Uttar Pradesh,Mahoba,844,27
Uttar Pradesh,Mainpuri,3011,124
Uttar Pradesh,Mathura,993,99
Uttar Pradesh,Mau,1151,17
Uttar Pradesh,Meerut,1223,48
Uttar Pradesh,Mirzapur,2206,24
Uttar Pradesh,Moradabad,800,118
Uttar Pradesh,Muzaffarnagar,804,30
Uttar Pradesh,Pilibhit,639,34
Uttar Pradesh,Pratapgarh,1020,44
Uttar Pradesh,Rae Bareli,880,28
Uttar Pradesh,Rampur,1899,19
Uttar Pradesh,Saharanpur,1679,47
Uttar Pradesh,Sambhal,598,48
Uttar Pradesh,Sant Kabir Nagar,332,28
Uttar Pradesh,Sant Ravidas Nagar,678,22
Uttar Pradesh,Shahjahanpur,2315,316
Uttar Pradesh,Shamli,504,6
Uttar Pradesh,Shrawasti,412,18
Uttar Pradesh,Siddharthnagar,1833,33
Uttar Pradesh,Sitapur,655,88
Uttar Pradesh,Sonbhadra,729,15
Uttar Pradesh,Sultanpur,756,73
Uttar Pradesh,Unnao,1061,37
Uttar Pradesh,Varanasi,1489,26
Uttarakhand,Almora,510,4
Uttarakhand,Bageshwar,939,2
Uttarakhand,Chamoli,2557,22
Uttarakhand,Champawat,417,24
Uttarakhand,Dehradun,406,8
Uttarakhand,Haridwar,959,15
Uttarakhand,Nainital,880,2
Uttarakhand,Pauri Garhwal,709,43
Uttarakhand,Pithoragarh,632,15
Uttarakhand,Rudraprayag,489,13
Uttarakhand,Tehri Garhwal,1049,8
Uttarakhand,Udham Singh Nagar,605,63
Uttarakhand,Uttarkashi,290,4
West Bengal,Bankura,569,6
West Bengal,Barddhaman,5001,125
West Bengal,Birbhum,584,5
West Bengal,Cooch Behar,11535,437
West Bengal,Dakshin Dinajpur,3596,1
West Bengal,Darjeeling,2685,99
West Bengal,Hooghly,2068,4
West Bengal,Howrah,289,12
West Bengal,Jalpaiguri,7242,33
West Bengal,Kolkata,952,7
West Bengal,Malda,269,2
West Bengal,Murshidabad,399,2
West Bengal,Nadia,679,10
West Bengal,North 24 Parganas,5821,33
West Bengal,Paschim Medinipur,3788,167
West Bengal,Purba Medinipur,2474,6
West Bengal,Puruliya,358,10
West Bengal,South 24 Parganas,996,17
West Bengal,Uttar Dinajpur,119,4
