Registrar,Enrolment Agency,Aadhaar generated,Enrolment Rejected
Allahabad Bank,A-Onerealtors Pvt Ltd,0,7
Allahabad Bank,Asha Security Guard Services,0,9
Allahabad Bank,Emdee Digitronics Pvt.Ltd.,0,2
Allahabad Bank,MEGHA VINCOM PVT LTD,0,2
Allahabad Bank,Nevaeh Technology Pvt. Ltd.,0,25
Allahabad Bank,SGS INDIA PVT LTD,0,1
Allahabad Bank,Sri Ramraja Sarkar Lok Kalyan Trust,0,6
Allahabad Bank,VAP INFOSOLUTIONS,0,7
Allahabad Bank,Vedavaag Systems Limited,0,4
Bank Of India,A3 Logics  India  Ltd,0,7
Bank Of India,Akanksha International,0,2
Bank Of India,DATASOFT COMPUTER SERVICES(P),0,47
Bank Of India,Frontech Systems Pvt Ltd,0,5
Bank Of India,OSWAL COMPUTERS & CONSULTANTS,0,3
Bank Of India,PROTEX COMPUTER PVT LTD,0,1
Bank Of India,SARADA SYSTEMS,0,11
Bank Of India,SREI INFRASTRUCTURE FINANCES L,0,111
Bank Of India,VEETECHNOLOGIES PVT. LTD,0,83
Bank of Maharashtra,Tera Software Ltd,0,9
CSC e-Governance Services India Limited,A I Soc for Electronics and Comp Tech,0,124
CSC e-Governance Services India Limited,AKSH OPTIFIBRE LIMITED,0,163
CSC e-Governance Services India Limited,BASIX,0,227
CSC e-Governance Services India Limited,Binary Systems,0,6
CSC e-Governance Services India Limited,Bloom Solutions Pvt Ltd,0,26
CSC e-Governance Services India Limited,CALANCE SOFTWARE PRIVATE LTD,0,16
CSC e-Governance Services India Limited,CHIPS,0,15
CSC e-Governance Services India Limited,CMS Computers Ltd,0,311
CSC e-Governance Services India Limited,CSC e-Governance Services India Limited,0,23
CSC e-Governance Services India Limited,Conatus Infocom Pvt. Ltd,0,14
CSC e-Governance Services India Limited,DATASOFT COMPUTER SERVICES(P),0,222
CSC e-Governance Services India Limited,Gem Computers,0,3
CSC e-Governance Services India Limited,Home Life Buildcon Pvt Ltd,0,12
CSC e-Governance Services India Limited,IAP COMPANY Pvt. Ltd,0,512
CSC e-Governance Services India Limited,Intelligent Communication Sys India Ltd,0,1
CSC e-Governance Services India Limited,Janta Silikon Consortium,0,14
CSC e-Governance Services India Limited,MANTRA SOFTTECH (INDIA) PVTLTD,0,50
CSC e-Governance Services India Limited,MEGHA VINCOM PVT LTD,0,14
CSC e-Governance Services India Limited,Mahaonline Limited,0,71
CSC e-Governance Services India Limited,NPS Technologies Pvt. Ltd,0,116
CSC e-Governance Services India Limited,NVR & ASSOCIATES LIMITED,0,4
CSC e-Governance Services India Limited,Nekton IT India Pvt Ltd.,0,38
CSC e-Governance Services India Limited,Network for Information & Computer,0,10
CSC e-Governance Services India Limited,Promind Solutions P Limited,0,22
CSC e-Governance Services India Limited,Radiant Haroti Industries India Ltd,0,29
CSC e-Governance Services India Limited,Raj Construction Co.,0,7
CSC e-Governance Services India Limited,SPANCO,0,41
CSC e-Governance Services India Limited,SRR Infotech,0,9
CSC e-Governance Services India Limited,Sahaj e-Village Limited,0,111
CSC e-Governance Services India Limited,Tera Software Ltd,0,116
CSC e-Governance Services India Limited,United Telecoms e-Services Pvt Ltd,0,187
CSC e-Governance Services India Limited,VIKALP MULTIMEDIA,0,10
CSC e-Governance Services India Limited,VISION COMPTECH INTEGRATOR LTD,0,2
CSC e-Governance Services India Limited,Vayam technologies Ltd,0,107
CSC e-Governance Services India Limited,Vedavaag Systems Limited,0,65
CSC e-Governance Services India Limited,Zephyr System Pvt.Ltd.,0,48
Canara Bank,FINANCIAL INFORMATION NETWORK,0,201
Canara Bank,Karvy Data Management Services,0,304
Canara Bank,Ojus Healthcare Private Limited,0,5
Canara Bank,Smart Chip Limited,0,74
Canara Bank,Virinchi Technologies Ltd,0,29
Central Bank of India,IAP COMPANY Pvt. Ltd,0,4
DENA BANK,A-Onerealtors Pvt Ltd,0,77
DENA BANK,APEX Services,0,8
DENA BANK,AS International,0,22
DENA BANK,AVVAS INFOTECH PVT  LTD,0,51
DENA BANK,Asha Security Guard Services,0,53
DENA BANK,Binary Systems,0,18
DENA BANK,Bloom Solutions Pvt Ltd,0,85
DENA BANK,Blue Circle Instrument,0,7
DENA BANK,CALANCE SOFTWARE PRIVATE LTD,0,32
DENA BANK,DATASOFT COMPUTER SERVICES(P),0,40
DENA BANK,Eagle Software India Pvt. Ltd,0,13
DENA BANK,FINANCIAL INFORMATION NETWORK,0,19
DENA BANK,Gem Computers,0,44
DENA BANK,IAP COMPANY Pvt. Ltd,0,328
DENA BANK,K W Consulting P Ltd,0,1
DENA BANK,M/S STAR DATA CENTRE,0,1
DENA BANK,M/s Gold Square Builders & Promoters Pvt. Ltd.,0,8
DENA BANK,MARS Telecom Systems Pvt Ltd,0,24
DENA BANK,MEGHA VINCOM PVT LTD,0,78
DENA BANK,MKS Enterprises,0,51
DENA BANK,Make India Smart Private Limited,0,23
DENA BANK,Multiwave Innovation,0,17
DENA BANK,NVR & ASSOCIATES LIMITED,0,54
DENA BANK,Netlink software Pvt Ltd,0,109
DENA BANK,Nielsen  India  Private Limited,0,187
DENA BANK,Offshoot Agency Pvt. Ltd.,0,99
DENA BANK,Om Softwares,0,1
DENA BANK,Ortem Securities Limited,0,3
DENA BANK,Radiant Haroti Industries India Ltd,0,1
DENA BANK,SGS INDIA PVT LTD,0,32
DENA BANK,Silver Touch Technologies Ltd,0,15
DENA BANK,Soc for Advancement of Environ Science,0,1
DENA BANK,Super Printers,0,50
DENA BANK,Systematic & Advance Const P L,0,2
DENA BANK,TechSmart India Pvt Ltd,0,39
DENA BANK,Tera Software Ltd,0,12
DENA BANK,Transline Technologies P Ltd,0,3
DENA BANK,Utility Forms Pvt Ltd,0,27
DENA BANK,VAP INFOSOLUTIONS,0,32
DENA BANK,VISION COMPTECH INTEGRATOR LTD,0,18
DENA BANK,Vedavaag Systems Limited,0,14
DENA BANK,Virinchi Technologies Ltd,0,46
DENA BANK,WEBEL,0,22
DENA BANK,Wipro Ltd,0,190
DENA BANK,Yash Ornaments Pvt. Ltd,0,105
DENA BANK,Zephyr System Pvt.Ltd.,0,121
Dept of ITC Govt of Rajasthan,ATISHAY INFOTECH PVT. LTD.,0,4
Dept of ITC Govt of Rajasthan,Business Information Processing Services,0,4
Dept of ITC Govt of Rajasthan,CMS Computers Ltd,0,3
Dept of ITC Govt of Rajasthan,COMTECH INSTITUTE OFTECHNOLOGY,0,1
Dept of ITC Govt of Rajasthan,DATASOFT COMPUTER SERVICES(P),0,7
Dept of ITC Govt of Rajasthan,FINANCIAL INFORMATION NETWORK,0,12
Dept of ITC Govt of Rajasthan,Gujarat Infotech Ltd.,0,4
Dept of ITC Govt of Rajasthan,IAP COMPANY Pvt. Ltd,0,4
Dept of ITC Govt of Rajasthan,Karvy Data Management Services,0,1
Dept of ITC Govt of Rajasthan,MEGHA VINCOM PVT LTD,0,11
Dept of ITC Govt of Rajasthan,Matrix Processing House,0,3
Dept of ITC Govt of Rajasthan,Osiris Infotech Pvt. Ltd.,0,11
Dept of ITC Govt of Rajasthan,Radiant Info Systems Ltd,0,34
Dept of ITC Govt of Rajasthan,TechSmart India Pvt Ltd,0,76
Dept of ITC Govt of Rajasthan,UMC Technologies Pvt. Ltd,0,2
Dept of ITC Govt of Rajasthan,Vakrangee Softwares Limited,0,106
Dept of ITC Govt of Rajasthan,Vayam technologies Ltd,0,1
FCR Govt of Haryana,4G INFORMATICS,0,9
FCR Govt of Haryana,Academy of Management Studies,0,9
FCR Govt of Haryana,Radiant Info Systems Ltd,0,11
FCR Govt of Haryana,SoftAge Information Technology Limited,0,49
FCR Govt of Haryana,Vayam technologies Ltd,0,13
FCS Govt of Punjab,District Sukhmani Society  Jalandhar  Punjab,0,2
FCS Govt of Punjab,District Sukhmani Society Amritsar Punjab,0,1
FCS Govt of Punjab,District Sukhmani Society Bathinda Punjab,0,1
FCS Govt of Punjab,District Sukhmani Society Patiala Punjab,0,23
FCS Govt of Punjab,District Sukhmani Society Rupnagar Punjab,0,4
FCS Govt of Punjab,District Sukhmani Society Sangrur Punjab,0,17
FCS Govt of Punjab,Vayam technologies Ltd,0,3
FCS Govt of Punjab,eCentric solutions pvt ltd,0,2
Govt of Gujarat,GSS Infotech Ltd,0,2
Govt of Gujarat,Karvy Computershare Private Li,0,28
Govt of Gujarat,Silver Touch Technologies Ltd,0,18
Govt of Gujarat,Tera Software Ltd,0,19
Govt of Himachal Pradesh,i-Grandee SoftwareTechnologies,0,9
Govt of Karnataka ,EDCS GOK,0,5
Govt of Kerala,Akshaya,0,138
Govt of Maharashtra,M/s. Vidya Online  Pune,0,7
Govt of Maharashtra,Rudranee Infotech Ltd,0,8
Govt of Maharashtra,SETU MAHARASHTRA,0,9
Govt of Maharashtra,SHREERAM PRINTING PRESS,0,5
Govt of Maharashtra,SILVER JUBILEE MOTORS LTD.,0,5
Govt of Sikkim - Dept of Econo,Department of Economics Statistics  Monitoring and Evaluation DESME,0,1
IDBI Bank ltd,ATISHAY INFOTECH PVT. LTD.,0,15
IDBI Bank ltd,SREEVEN INFOCOM LIMITED,0,22
Information Technology & Communication Department,Directorate of ESD,0,25
NSDL e-Governance Infrastructure Limited,Abhipra Capital Ltd,0,14
NSDL e-Governance Infrastructure Limited,Alankit Finsec Ltd,0,175
NSDL e-Governance Infrastructure Limited,Amar Constructions,0,2
NSDL e-Governance Infrastructure Limited,COMTECHINFO SOLUTIONS PVT.LTD,0,3
NSDL e-Governance Infrastructure Limited,Gujarat Infotech Ltd.,0,74
NSDL e-Governance Infrastructure Limited,IAP COMPANY Pvt. Ltd,0,6
NSDL e-Governance Infrastructure Limited,Karvy Data Management Services,0,1026
NSDL e-Governance Infrastructure Limited,N.K. Sharma Enterprises Ltd.,0,14
NSDL e-Governance Infrastructure Limited,Netlink software Pvt Ltd,0,8
NSDL e-Governance Infrastructure Limited,Offshoot Agency Pvt. Ltd.,0,65
NSDL e-Governance Infrastructure Limited,Ojus G Enterprises,0,7
NSDL e-Governance Infrastructure Limited,Promind Solutions P Limited,0,27
NSDL e-Governance Infrastructure Limited,RELIGARE SECURITIES LTD,0,65
NSDL e-Governance Infrastructure Limited,Ricoh India Limited,0,55
NSDL e-Governance Infrastructure Limited,SNR Edatas Pvt Ltd,0,12
NSDL e-Governance Infrastructure Limited,Sri Ramraja Sarkar Lok Kalyan Trust,0,230
NSDL e-Governance Infrastructure Limited,Utility Forms Pvt Ltd,0,32
NSDL e-Governance Infrastructure Limited,VIRGO SOFTECH LIMITED,0,36
Project Coordinator UID Project Madhya Pradesh,A I Soc for Electronics and Comp Tech,0,19
Project Coordinator UID Project Madhya Pradesh,DATASOFT COMPUTER SERVICES(P),0,1
Project Coordinator UID Project Madhya Pradesh,LYRA  CONSULTANCY SERVICE,0,3
Project Coordinator UID Project Madhya Pradesh,Matrix Processing House,0,1
Project Coordinator UID Project Madhya Pradesh,OSWAL COMPUTERS & CONSULTANTS,0,47
Project Coordinator UID Project Madhya Pradesh,Orion Security Solutions Private Ltd,0,1
Project Coordinator UID Project Madhya Pradesh,Sixth Dimension Project Solutions Ltd,0,1
Punjab National Bank,Alankit Finsec Ltd,0,33
Punjab National Bank,Eagle Software India Pvt. Ltd,0,21
Punjab National Bank,Vayam technologies Ltd,0,16
Punjab and Sind Bank,Matrix Processing House,0,25
Registrar General India BEL2,Madras Security Printers Ltd,0,115
Registrar General India BEL2,Manipur Electronics Dev Corp,0,21
Registrar General India BEL2,SNR Edatas Pvt Ltd,0,62
Registrar General India BEL2,SREI INFRASTRUCTURE FINANCES L,0,1
Registrar General India BEL2,UNITED DATA SERVICES PRIVATE LIMITED,0,14
Registrar General India BEL2,Viesa Technologies,0,68
Registrar General India ECIL,COMTECHINFO SOLUTIONS PVT.LTD,0,6
Registrar General India ECIL,Chinar Construction Company Prime agency,0,4
Registrar General India ECIL,Computer LAB,0,151
Registrar General India ECIL,Eagle Software India Pvt. Ltd,0,54
Registrar General India ECIL,In Media Computer Services LLP,0,2
Registrar General India ECIL,India Computer Technology,0,1168
Registrar General India ECIL,Karvy Data Management Services,0,10
Registrar General India ECIL,Madras Security Printers Ltd,0,14
Registrar General of India ITI,Emdee Digitronics Pvt.Ltd.,0,173
Registrar General of India ITI,In Media Computer Services LLP,0,8
Registrar General of India ITI,Karvy Data Management Services,0,16
Registrar General of India ITI,Swathy Smartcards Hi-Tech Pvt,0,115
Registrar General of India ITI,VIRGO SOFTECH LIMITED,0,1
Registrar General of India ITI,Webx Technologies Private Limited,0,4
Rural Development Dept  Govt. of Bihar,FINANCIAL INFORMATION NETWORK,0,4
Rural Development Dept  Govt. of Bihar,M2C Private Solution,0,1
UIDAI-Registrar,UIDAI-EA,0,5
Union Bank,FINANCIAL INFORMATION NETWORK,0,195
Union Bank,Smart Chip Limited,0,38
Union Bank,Vakrangee Softwares Limited,0,103
