Registrar,Enrolment Agency,Aadhaar generated,Enrolment Rejected
Allahabad Bank,A-Onerealtors Pvt Ltd,933,64
Allahabad Bank,Asha Security Guard Services,1872,145
Allahabad Bank,Emdee Digitronics Pvt.Ltd.,702,113
Allahabad Bank,MEGHA VINCOM PVT LTD,433,30
Allahabad Bank,Nevaeh Technology Pvt. Ltd.,1011,76
Allahabad Bank,PROTEX COMPUTER PVT LTD,30,1
Allahabad Bank,Radiant Haroti Industries India Ltd,15,2
Allahabad Bank,Redim Software Technologies Pvt Ltd,21,27
Allahabad Bank,SGS INDIA PVT LTD,598,55
Allahabad Bank,Sri Ramraja Sarkar Lok Kalyan Trust,815,8
Allahabad Bank,VAP INFOSOLUTIONS,22,1
Allahabad Bank,Vakrangee Softwares Limited,0,1
Allahabad Bank,Vedavaag Systems Limited,209,122
Bank Of India,A3 Logics  India  Ltd,125,41
Bank Of India,Akanksha International,0,1
Bank Of India,Blue Circle Instrument,3,0
Bank Of India,CHESSY CONSULTANTS PVT LTD,14,4
Bank Of India,DATASOFT COMPUTER SERVICES(P),985,131
Bank Of India,Emdee Digitronics Pvt.Ltd.,0,1
Bank Of India,Frontech Systems Pvt Ltd,176,34
Bank Of India,OSWAL COMPUTERS & CONSULTANTS,240,30
Bank Of India,PROTEX COMPUTER PVT LTD,702,40
Bank Of India,SARADA SYSTEMS,594,44
Bank Of India,SREI INFRASTRUCTURE FINANCES L,4785,338
Bank Of India,VEETECHNOLOGIES PVT. LTD,669,167
Bank of Baroda,Global Finsol Private Limited,45,3
Bank of Maharashtra,FINANCIAL INFORMATION NETWORK,13,4
Bank of Maharashtra,Tera Software Ltd,384,141
CSC e-Governance Services India Limited,A I Soc for Electronics and Comp Tech,3032,1050
CSC e-Governance Services India Limited,AKSH OPTIFIBRE LIMITED,1763,564
CSC e-Governance Services India Limited,BASIX,1921,878
CSC e-Governance Services India Limited,Binary Systems,1,2
CSC e-Governance Services India Limited,Bloom Solutions Pvt Ltd,467,55
CSC e-Governance Services India Limited,CALANCE SOFTWARE PRIVATE LTD,547,139
CSC e-Governance Services India Limited,CHIPS,1068,118
CSC e-Governance Services India Limited,CMS Computers Ltd,4945,1904
CSC e-Governance Services India Limited,CSC e-Governance Services India Limited,782,195
CSC e-Governance Services India Limited,Computer Print,2,3
CSC e-Governance Services India Limited,Conatus Infocom Pvt. Ltd,194,33
CSC e-Governance Services India Limited,DATASOFT COMPUTER SERVICES(P),1331,206
CSC e-Governance Services India Limited,Gem Computers,3,3
CSC e-Governance Services India Limited,Home Life Buildcon Pvt Ltd,536,52
CSC e-Governance Services India Limited,HyperSoft Technologies Ltd,728,17
CSC e-Governance Services India Limited,IAP COMPANY Pvt. Ltd,5532,510
CSC e-Governance Services India Limited,Intelligent Communication Sys India Ltd,1,4
CSC e-Governance Services India Limited,Janta Silikon Consortium,314,33
CSC e-Governance Services India Limited,Jeevan Deep Charitable Society,10,0
CSC e-Governance Services India Limited,MANTRA SOFTTECH (INDIA) PVTLTD,868,199
CSC e-Governance Services India Limited,MEGHA VINCOM PVT LTD,51,14
CSC e-Governance Services India Limited,Mahaonline Limited,257,187
CSC e-Governance Services India Limited,NPS Technologies Pvt. Ltd,1819,517
CSC e-Governance Services India Limited,NVR & ASSOCIATES LIMITED,175,8
CSC e-Governance Services India Limited,National Cooperative Consumers Federation of India Limited,88,18
CSC e-Governance Services India Limited,Nekton IT India Pvt Ltd.,857,133
CSC e-Governance Services India Limited,Network for Information & Computer,1185,132
CSC e-Governance Services India Limited,Promind Solutions P Limited,1260,104
CSC e-Governance Services India Limited,Radiant Haroti Industries India Ltd,2892,410
CSC e-Governance Services India Limited,Raj Construction Co.,279,30
CSC e-Governance Services India Limited,SPANCO,264,90
CSC e-Governance Services India Limited,SRR Infotech,592,125
CSC e-Governance Services India Limited,Sahaj e-Village Limited,4821,722
CSC e-Governance Services India Limited,Tera Software Ltd,2416,235
CSC e-Governance Services India Limited,United Telecoms e-Services Pvt Ltd,821,479
CSC e-Governance Services India Limited,VIKALP MULTIMEDIA,122,123
CSC e-Governance Services India Limited,VISION COMPTECH INTEGRATOR LTD,134,14
CSC e-Governance Services India Limited,Vakrangee Softwares Limited,44,0
CSC e-Governance Services India Limited,Vayam technologies Ltd,3486,181
CSC e-Governance Services India Limited,Vedavaag Systems Limited,4606,773
CSC e-Governance Services India Limited,Zephyr System Pvt.Ltd.,1673,261
Canara Bank,FINANCIAL INFORMATION NETWORK,6834,728
Canara Bank,Karvy Data Management Services,4223,553
Canara Bank,Ojus Healthcare Private Limited,14,14
Canara Bank,Osiris Infotech Pvt. Ltd.,15,8
Canara Bank,Smart Chip Limited,4170,342
Canara Bank,Virinchi Technologies Ltd,526,122
Central Bank of India,IAP COMPANY Pvt. Ltd,10,5
DENA BANK,77 Infosystems Pvt Ltd,469,16
DENA BANK,A-Onerealtors Pvt Ltd,175,45
DENA BANK,APEX Services,349,24
DENA BANK,AS International,185,31
DENA BANK,ATISHAY INFOTECH PVT. LTD.,594,113
DENA BANK,AVVAS INFOTECH PVT  LTD,1709,297
DENA BANK,Advent Infomax Private Ltd,5,7
DENA BANK,Amar Constructions,52,2
DENA BANK,Asha Security Guard Services,795,118
DENA BANK,BNR UDYOG LIMITED,42,9
DENA BANK,Binary Systems,816,93
DENA BANK,Bloom Solutions Pvt Ltd,711,86
DENA BANK,Blue Circle Instrument,352,25
DENA BANK,Business Information Processing Services,195,46
DENA BANK,CALANCE SOFTWARE PRIVATE LTD,810,214
DENA BANK,DATASOFT COMPUTER SERVICES(P),474,148
DENA BANK,DEVASHISH SECURITIES PVT. LTD.,6,5
DENA BANK,Eagle Software India Pvt. Ltd,1044,109
DENA BANK,Emdee Digitronics Pvt.Ltd.,1,1
DENA BANK,FINANCIAL INFORMATION NETWORK,1971,209
DENA BANK,Gem Computers,378,21
DENA BANK,Gujarat Infotech Ltd.,181,12
DENA BANK,HyperSoft Technologies Ltd,129,18
DENA BANK,IAP COMPANY Pvt. Ltd,4567,335
DENA BANK,India Computer Technology,297,28
DENA BANK,JNET Technologies Pvt.Ltd,414,24
DENA BANK,K W Consulting P Ltd,669,47
DENA BANK,M/S STAR DATA CENTRE,379,28
DENA BANK,M/s Gold Square Builders & Promoters Pvt. Ltd.,379,242
DENA BANK,MARS Telecom Systems Pvt Ltd,482,54
DENA BANK,MEGHA VINCOM PVT LTD,1281,274
DENA BANK,MKS Enterprises,1281,23
DENA BANK,Make India Smart Private Limited,1119,135
DENA BANK,Multiwave Innovation,1474,136
DENA BANK,NVR & ASSOCIATES LIMITED,1058,86
DENA BANK,Netlink software Pvt Ltd,1250,120
DENA BANK,Nielsen  India  Private Limited,6626,436
DENA BANK,Offshoot Agency Pvt. Ltd.,367,41
DENA BANK,Om Softwares,48,32
DENA BANK,Ortem Securities Limited,165,28
DENA BANK,Prodigy Systems and Services Private Limited,2,4
DENA BANK,Radiant Haroti Industries India Ltd,124,55
DENA BANK,Ricoh India Limited,314,8
DENA BANK,SGS INDIA PVT LTD,1805,146
DENA BANK,Silver Touch Technologies Ltd,1316,108
DENA BANK,Sixth Dimension Project Solutions Ltd,36,13
DENA BANK,Soc for Advancement of Environ Science,202,24
DENA BANK,SoftAge Information Technology Limited,34,3
DENA BANK,Super Printers,406,106
DENA BANK,Systematic & Advance Const P L,17,2
DENA BANK,TechSmart India Pvt Ltd,623,236
DENA BANK,Tera Software Ltd,474,83
DENA BANK,The NSIC ltd,124,2
DENA BANK,Transline Technologies P Ltd,842,58
DENA BANK,Utility Forms Pvt Ltd,1149,59
DENA BANK,VAP INFOSOLUTIONS,1087,185
DENA BANK,VISION COMPTECH INTEGRATOR LTD,757,72
DENA BANK,Vedavaag Systems Limited,889,178
DENA BANK,Virinchi Technologies Ltd,2264,146
DENA BANK,WEBEL,2053,253
DENA BANK,Wipro Ltd,4562,908
DENA BANK,Yash Ornaments Pvt. Ltd,958,57
DENA BANK,Zephyr System Pvt.Ltd.,3363,300
Delhi - North DC,CALANCE SOFTWARE PRIVATE LTD,1,0
Delhi-NW DC,Karvy Computershare Private Li,1,0
Dept of ITC Govt of Rajasthan,AKSH OPTIFIBRE LIMITED,1,0
Dept of ITC Govt of Rajasthan,ATISHAY INFOTECH PVT. LTD.,131,65
Dept of ITC Govt of Rajasthan,Binary Systems,6,2
Dept of ITC Govt of Rajasthan,Business Information Processing Services,204,9
Dept of ITC Govt of Rajasthan,CMS Computers Ltd,64,59
Dept of ITC Govt of Rajasthan,COMTECH INSTITUTE OFTECHNOLOGY,5,6
Dept of ITC Govt of Rajasthan,DATASOFT COMPUTER SERVICES(P),156,48
Dept of ITC Govt of Rajasthan,FINANCIAL INFORMATION NETWORK,330,91
Dept of ITC Govt of Rajasthan,Gem Computers,13,10
Dept of ITC Govt of Rajasthan,Gujarat Infotech Ltd.,8,3
Dept of ITC Govt of Rajasthan,IAP COMPANY Pvt. Ltd,86,12
Dept of ITC Govt of Rajasthan,Karvy Data Management Services,145,28
Dept of ITC Govt of Rajasthan,M/s Sanish Choudhary,6,0
Dept of ITC Govt of Rajasthan,MEGHA VINCOM PVT LTD,83,21
Dept of ITC Govt of Rajasthan,Matrix Processing House,111,44
Dept of ITC Govt of Rajasthan,Multiwave Innovation,5,5
Dept of ITC Govt of Rajasthan,Osiris Infotech Pvt. Ltd.,34,7
Dept of ITC Govt of Rajasthan,Radiant Haroti Industries India Ltd,59,19
Dept of ITC Govt of Rajasthan,Radiant Info Systems Ltd,6,5
Dept of ITC Govt of Rajasthan,Ricoh India Limited,112,10
Dept of ITC Govt of Rajasthan,SAR Technology,8,3
Dept of ITC Govt of Rajasthan,TechSmart India Pvt Ltd,152,129
Dept of ITC Govt of Rajasthan,Transline Technologies P Ltd,74,19
Dept of ITC Govt of Rajasthan,UMC Technologies Pvt. Ltd,28,22
Dept of ITC Govt of Rajasthan,VISION COMPTECH INTEGRATOR LTD,2,3
Dept of ITC Govt of Rajasthan,Vakrangee Softwares Limited,1708,284
Dept of ITC Govt of Rajasthan,Vayam technologies Ltd,155,7
FCR Govt of Haryana,4G INFORMATICS,7,4
FCR Govt of Haryana,Academy of Management Studies,47,17
FCR Govt of Haryana,Radiant Info Systems Ltd,177,13
FCR Govt of Haryana,SoftAge Information Technology Limited,387,88
FCR Govt of Haryana,Vayam technologies Ltd,379,49
FCS Govt of Punjab,District Sukhmani Society  Jalandhar  Punjab,95,12
FCS Govt of Punjab,District Sukhmani Society  Ludhiana  Punjab,107,13
FCS Govt of Punjab,District Sukhmani Society  Moga  Punjab,11,1
FCS Govt of Punjab,District Sukhmani Society Amritsar Punjab,73,24
FCS Govt of Punjab,District Sukhmani Society Barnala Punjab,22,7
FCS Govt of Punjab,District Sukhmani Society Bathinda Punjab,32,10
FCS Govt of Punjab,District Sukhmani Society Fatehgarh Sahib Punjab,25,6
FCS Govt of Punjab,District Sukhmani Society Fazilka Punjab,19,6
FCS Govt of Punjab,District Sukhmani Society Ferozepur Punjab,15,5
FCS Govt of Punjab,District Sukhmani Society For Citizen Services Mansa Punjab,10,5
FCS Govt of Punjab,District Sukhmani Society For Citizen Services Nawanshahr Punjab,61,2
FCS Govt of Punjab,District Sukhmani Society For Citizen Services SAS Nagar District e-Governance Society Punjab,22,5
FCS Govt of Punjab,District Sukhmani Society Pathankot Punjab,6,7
FCS Govt of Punjab,District Sukhmani Society Patiala Punjab,52,6
FCS Govt of Punjab,District Sukhmani Society Rupnagar Punjab,11,6
FCS Govt of Punjab,District Sukhmani Society Sangrur Punjab,49,17
FCS Govt of Punjab,District Sukhmani Society Sri Muktsar Sahib Punjab,12,7
FCS Govt of Punjab,District Sukhmani Society Tarn Taran Punjab,19,8
FCS Govt of Punjab,Karvy Computershare Private Li,61,12
FCS Govt of Punjab,Sukhmani Society For Citizen Services  Kapurthala  Punjab,19,2
FCS Govt of Punjab,Sukhmani Society For Citizen Services Gurdaspur Punjab,2,3
FCS Govt of Punjab,Sukhmani Society For Citizens Services Faridkot Punjab,13,10
FCS Govt of Punjab,Suwidha Society Hoshiarpur Punjab,20,5
FCS Govt of Punjab,Vayam technologies Ltd,42,7
FCS Govt of Punjab,eCentric solutions pvt ltd,150,18
Govt of Andhra Pradesh,GrapeSoft,0,2
Govt of Goa,MARS Telecom Systems Pvt Ltd,1,0
Govt of Gujarat,GSS Infotech Ltd,75,7
Govt of Gujarat,Karvy Computershare Private Li,723,82
Govt of Gujarat,Silver Touch Technologies Ltd,785,43
Govt of Gujarat,Tera Software Ltd,115,23
Govt of Gujarat,Vayam technologies Ltd,75,10
Govt of Gujarat,eCentric solutions pvt ltd,98,12
Govt of Himachal Pradesh,i-Grandee SoftwareTechnologies,11,11
Govt of Karnataka ,EDCS GOK,169,48
Govt of Karnataka ,Om Softwares,0,2
Govt of Kerala,Akshaya,1184,159
Govt of Kerala,Keltron,28,1
Govt of Maharashtra,Karvy Computershare Private Li,0,1
Govt of Maharashtra,M/S King Computer System pvt Ltd,32,14
Govt of Maharashtra,M/s. Vidya Online  Pune,4,11
Govt of Maharashtra,Rudranee Infotech Ltd,2,18
Govt of Maharashtra,SETU MAHARASHTRA,122,33
Govt of Maharashtra,SHREERAM PRINTING PRESS,54,20
Govt of Maharashtra,SILVER JUBILEE MOTORS LTD.,34,4
Govt of Maharashtra,STRATEGIC OUTSOURCING SERVICE,53,2
Govt of Sikkim - Dept of Econo,Department of Economics Statistics  Monitoring and Evaluation DESME,33,3
IDBI Bank ltd,ATISHAY INFOTECH PVT. LTD.,193,99
IDBI Bank ltd,Matrix Processing House,28,8
IDBI Bank ltd,SREEVEN INFOCOM LIMITED,115,59
Indiapost,Vayam technologies Ltd,0,1
Information Technology & Communication Department,4G INFORMATICS,0,1
Information Technology & Communication Department,Directorate of ESD,3243,1422
Information Technology & Communication Department,MARS Telecom Systems Pvt Ltd,0,2
NSDL e-Governance Infrastructure Limited,Abhipra Capital Ltd,202,62
NSDL e-Governance Infrastructure Limited,Alankit Assignments Limited,0,4
NSDL e-Governance Infrastructure Limited,Alankit Finsec Ltd,2719,835
NSDL e-Governance Infrastructure Limited,Amar Constructions,243,7
NSDL e-Governance Infrastructure Limited,COMTECHINFO SOLUTIONS PVT.LTD,0,1
NSDL e-Governance Infrastructure Limited,Global Finsol Private Limited,1,0
NSDL e-Governance Infrastructure Limited,Gujarat Infotech Ltd.,3101,280
NSDL e-Governance Infrastructure Limited,IAP COMPANY Pvt. Ltd,22,7
NSDL e-Governance Infrastructure Limited,Karvy Data Management Services,11042,3040
NSDL e-Governance Infrastructure Limited,N.K. Sharma Enterprises Ltd.,202,9
NSDL e-Governance Infrastructure Limited,Netlink software Pvt Ltd,742,57
NSDL e-Governance Infrastructure Limited,Offshoot Agency Pvt. Ltd.,827,105
NSDL e-Governance Infrastructure Limited,Ojus G Enterprises,825,124
NSDL e-Governance Infrastructure Limited,Promind Solutions P Limited,2335,158
NSDL e-Governance Infrastructure Limited,RELIGARE SECURITIES LTD,961,107
NSDL e-Governance Infrastructure Limited,Radiant Haroti Industries India Ltd,53,10
NSDL e-Governance Infrastructure Limited,Ricoh India Limited,1575,1147
NSDL e-Governance Infrastructure Limited,SNR Edatas Pvt Ltd,54,9
NSDL e-Governance Infrastructure Limited,Sri Ramraja Sarkar Lok Kalyan Trust,2179,61
NSDL e-Governance Infrastructure Limited,Utility Forms Pvt Ltd,1990,284
NSDL e-Governance Infrastructure Limited,VIRGO SOFTECH LIMITED,1968,247
Oriental Bank of Commerce,Wipro Ltd,2,0
Project Coordinator UID Project Madhya Pradesh,A I Soc for Electronics and Comp Tech,478,229
Project Coordinator UID Project Madhya Pradesh,DATASOFT COMPUTER SERVICES(P),265,27
Project Coordinator UID Project Madhya Pradesh,LYRA  CONSULTANCY SERVICE,136,33
Project Coordinator UID Project Madhya Pradesh,Matrix Processing House,109,20
Project Coordinator UID Project Madhya Pradesh,OSWAL COMPUTERS & CONSULTANTS,645,137
Project Coordinator UID Project Madhya Pradesh,Orion Security Solutions Private Ltd,115,22
Project Coordinator UID Project Madhya Pradesh,Sixth Dimension Project Solutions Ltd,38,10
Punjab National Bank,Alankit Finsec Ltd,523,102
Punjab National Bank,Eagle Software India Pvt. Ltd,1182,213
Punjab National Bank,MARS Telecom Systems Pvt Ltd,2,1
Punjab National Bank,Smart Chip Limited,875,54
Punjab National Bank,Vayam technologies Ltd,774,67
Punjab and Sind Bank,Matrix Processing House,678,77
Registrar General India - BEL,Manipur Electronics Dev Corp,14,1
Registrar General India BEL2,Bharat Electronics Limited,30,1
Registrar General India BEL2,Chinar Construction Company Prime agency,2,0
Registrar General India BEL2,Computer LAB,3,0
Registrar General India BEL2,In Media Computer Services LLP,11,22
Registrar General India BEL2,Karvy Data Management Services,2,8
Registrar General India BEL2,MACRO INFOTECH PVT LTD,1938,188
Registrar General India BEL2,Madras Security Printers Ltd,688,337
Registrar General India BEL2,Manipur Electronics Dev Corp,221,18
Registrar General India BEL2,Multiwave Innovation,33,14
Registrar General India BEL2,Netlink software Pvt Ltd,3,1
Registrar General India BEL2,Nielsen  India  Private Limited,50,0
Registrar General India BEL2,Om Softwares,2,0
Registrar General India BEL2,SNR Edatas Pvt Ltd,4832,398
Registrar General India BEL2,SREI INFRASTRUCTURE FINANCES L,195,34
Registrar General India BEL2,Swiss Tech India Pvt Ltd,0,1
Registrar General India BEL2,Tera Software Ltd,4,5
Registrar General India BEL2,UNITED DATA SERVICES PRIVATE LIMITED,237,97
Registrar General India BEL2,Vansh Infotech Pvt Ltd,3,9
Registrar General India BEL2,Vedavaag Systems Limited,8,5
Registrar General India BEL2,Viesa Technologies,998,159
Registrar General India ECIL,AVVAS INFOTECH PVT  LTD,4,22
Registrar General India ECIL,COMTECHINFO SOLUTIONS PVT.LTD,148,83
Registrar General India ECIL,Chinar Construction Company Prime agency,13,2
Registrar General India ECIL,Computer LAB,7962,1773
Registrar General India ECIL,Eagle Software India Pvt. Ltd,2118,8740
Registrar General India ECIL,Emdee Digitronics Pvt.Ltd.,310,22
Registrar General India ECIL,Esoft Consulting Limited,16,25
Registrar General India ECIL,In Media Computer Services LLP,191,1488
Registrar General India ECIL,India Computer Technology,131,2013
Registrar General India ECIL,Integrated Systems & Services,9,0
Registrar General India ECIL,Karvy Data Management Services,1708,274
Registrar General India ECIL,Krishna Infotech,0,1
Registrar General India ECIL,LYRA  CONSULTANCY SERVICE,17,3
Registrar General India ECIL,Madras Security Printers Ltd,1146,687
Registrar General India ECIL,Mphasis Ltd,1,8
Registrar General India ECIL,SARADA SYSTEMS,8,37
Registrar General India ECIL,SWISSTECH NPR 57CR PROJECT PVT,9,43
Registrar General India ECIL,Tera Software Ltd,903,640
Registrar General India ECIL,Vedavaag Systems Limited,0,33
Registrar General India ECIL,WEBEL TECHNOLOGY LIMITED,27,7
Registrar General India Others,Clairvoyance Technologies Pvt.,0,1
Registrar General India Others,In Media Computer Services LLP,0,2
Registrar General of India ITI,Eagle Software India Pvt. Ltd,93,59
Registrar General of India ITI,Emdee Digitronics Pvt.Ltd.,1557,187
Registrar General of India ITI,In Media Computer Services LLP,17,5
Registrar General of India ITI,Karvy Data Management Services,20,22
Registrar General of India ITI,Madras Security Printers Ltd,72,196
Registrar General of India ITI,Netlink software Pvt Ltd,41,5
Registrar General of India ITI,Nevaeh Technology Pvt. Ltd.,124,5
Registrar General of India ITI,Quick Data IT Services Pvt Ltd,9,0
Registrar General of India ITI,SNR Edatas Pvt Ltd,47,52
Registrar General of India ITI,Swathy Smartcards Hi-Tech Pvt,8,3
Registrar General of India ITI,VIRGO SOFTECH LIMITED,5,11
Registrar General of India ITI,WEBEL TECHNOLOGY LIMITED,489,138
Registrar General of India ITI,Webx Technologies Private Limited,477,11
Rural Development Dept  Govt. of Bihar,Bloom Solutions Pvt Ltd,267,11
Rural Development Dept  Govt. of Bihar,Computer LAB,41,20
Rural Development Dept  Govt. of Bihar,Emdee Digitronics Pvt.Ltd.,204,49
Rural Development Dept  Govt. of Bihar,FINANCIAL INFORMATION NETWORK,3664,186
Rural Development Dept  Govt. of Bihar,M2C Private Solution,398,30
Rural Development Dept  Govt. of Bihar,MKS Enterprises,501,1
Rural Development Dept  Govt. of Bihar,Urmila Info solution,285,22
State Bank of India,Silver Touch Technologies Ltd,3,0
State Bank of India,Smart Chip Limited,67,0
State Bank of Travancore,Tera Software Ltd,1,0
UIDAI-Registrar,UIDAI-EA,12,3
Union Bank,FINANCIAL INFORMATION NETWORK,8880,1467
Union Bank,Smart Chip Limited,615,73
Union Bank,Vakrangee Softwares Limited,5422,570
