Registrar,Enrolment Agency,Aadhaar generated,Enrolment Rejected
Allahabad Bank,A-Onerealtors Pvt Ltd,5900,285
Allahabad Bank,Asha Security Guard Services,7751,851
Allahabad Bank,Emdee Digitronics Pvt.Ltd.,3826,357
Allahabad Bank,MEGHA VINCOM PVT LTD,3163,94
Allahabad Bank,Nevaeh Technology Pvt. Ltd.,4578,273
Allahabad Bank,PROTEX COMPUTER PVT LTD,800,7
Allahabad Bank,Radiant Haroti Industries India Ltd,3,56
Allahabad Bank,Redim Software Technologies Pvt Ltd,1933,177
Allahabad Bank,SGS INDIA PVT LTD,1784,275
Allahabad Bank,Sri Ramraja Sarkar Lok Kalyan Trust,704,169
Allahabad Bank,VAP INFOSOLUTIONS,436,1586
Allahabad Bank,Vedavaag Systems Limited,3696,494
Bank Of India,A3 Logics  India  Ltd,168,126
Bank Of India,Akanksha International,41,4
Bank Of India,Blue Circle Instrument,1,0
Bank Of India,CHESSY CONSULTANTS PVT LTD,0,3
Bank Of India,DATASOFT COMPUTER SERVICES(P),1855,181
Bank Of India,Emdee Digitronics Pvt.Ltd.,3,1
Bank Of India,Frontech Systems Pvt Ltd,1136,69
Bank Of India,Matrix Processing House,3,0
Bank Of India,OSWAL COMPUTERS & CONSULTANTS,679,102
Bank Of India,PROTEX COMPUTER PVT LTD,4466,52
Bank Of India,SARADA SYSTEMS,923,187
Bank Of India,SHRIKRISHNA KHANDASARI SUGAR M,1,1
Bank Of India,SREI INFRASTRUCTURE FINANCES L,26135,1384
Bank Of India,VEETECHNOLOGIES PVT. LTD,3029,766
Bank Of India,Vakrangee Softwares Limited,1,1
Bank of Baroda,Global Finsol Private Limited,265,29
Bank of Maharashtra,FINANCIAL INFORMATION NETWORK,48,12
Bank of Maharashtra,Tera Software Ltd,1886,263
CSC e-Governance Services India Limited,A I Soc for Electronics and Comp Tech,14294,2248
CSC e-Governance Services India Limited,AKSH OPTIFIBRE LIMITED,10891,1638
CSC e-Governance Services India Limited,BASIX,7942,2242
CSC e-Governance Services India Limited,Binary Systems,0,10
CSC e-Governance Services India Limited,Bloom Solutions Pvt Ltd,12916,365
CSC e-Governance Services India Limited,CALANCE SOFTWARE PRIVATE LTD,1685,366
CSC e-Governance Services India Limited,CHIPS,3193,262
CSC e-Governance Services India Limited,CMS Computers Ltd,22421,4026
CSC e-Governance Services India Limited,CSC e-Governance Services India Limited,5406,565
CSC e-Governance Services India Limited,Computer Print,116,10
CSC e-Governance Services India Limited,Conatus Infocom Pvt. Ltd,797,77
CSC e-Governance Services India Limited,DATASOFT COMPUTER SERVICES(P),2798,770
CSC e-Governance Services India Limited,Gem Computers,206,0
CSC e-Governance Services India Limited,Home Life Buildcon Pvt Ltd,2629,132
CSC e-Governance Services India Limited,HyperSoft Technologies Ltd,4919,270
CSC e-Governance Services India Limited,IAP COMPANY Pvt. Ltd,25036,2692
CSC e-Governance Services India Limited,Intelligent Communication Sys India Ltd,1,0
CSC e-Governance Services India Limited,Janta Silikon Consortium,4802,181
CSC e-Governance Services India Limited,Jeevan Deep Charitable Society,190,11
CSC e-Governance Services India Limited,MANTRA SOFTTECH (INDIA) PVTLTD,4383,609
CSC e-Governance Services India Limited,MEGHA VINCOM PVT LTD,615,134
CSC e-Governance Services India Limited,Mahaonline Limited,3385,849
CSC e-Governance Services India Limited,NPS Technologies Pvt. Ltd,6408,1709
CSC e-Governance Services India Limited,NVR & ASSOCIATES LIMITED,718,70
CSC e-Governance Services India Limited,National Cooperative Consumers Federation of India Limited,145,55
CSC e-Governance Services India Limited,Nekton IT India Pvt Ltd.,4849,328
CSC e-Governance Services India Limited,Network for Information & Computer,3446,547
CSC e-Governance Services India Limited,Promind Solutions P Limited,8158,402
CSC e-Governance Services India Limited,Radiant Haroti Industries India Ltd,14421,1698
CSC e-Governance Services India Limited,Raj Construction Co.,1315,44
CSC e-Governance Services India Limited,SPANCO,1327,215
CSC e-Governance Services India Limited,SRR Infotech,1920,357
CSC e-Governance Services India Limited,Sahaj e-Village Limited,31958,2179
CSC e-Governance Services India Limited,Tera Software Ltd,10192,1216
CSC e-Governance Services India Limited,United Telecoms e-Services Pvt Ltd,2892,1749
CSC e-Governance Services India Limited,VIKALP MULTIMEDIA,907,151
CSC e-Governance Services India Limited,VISION COMPTECH INTEGRATOR LTD,468,526
CSC e-Governance Services India Limited,Vakrangee Softwares Limited,15,6
CSC e-Governance Services India Limited,Vayam technologies Ltd,15541,1395
CSC e-Governance Services India Limited,Vedavaag Systems Limited,22618,1517
CSC e-Governance Services India Limited,Zephyr System Pvt.Ltd.,11840,1014
Canara Bank,FINANCIAL INFORMATION NETWORK,26914,2074
Canara Bank,Karvy Data Management Services,14367,1906
Canara Bank,Ojus Healthcare Private Limited,216,62
Canara Bank,Osiris Infotech Pvt. Ltd.,171,70
Canara Bank,Smart Chip Limited,9098,1173
Canara Bank,Virinchi Technologies Ltd,1288,348
Central Bank of India,IAP COMPANY Pvt. Ltd,44,9
Central Bank of India,The Peerless General Finance,2,0
DENA BANK,77 Infosystems Pvt Ltd,1057,117
DENA BANK,A-Onerealtors Pvt Ltd,1247,192
DENA BANK,APEX Services,1621,357
DENA BANK,AS International,2990,270
DENA BANK,ATISHAY INFOTECH PVT. LTD.,1640,255
DENA BANK,AVVAS INFOTECH PVT  LTD,8898,1362
DENA BANK,Advent Infomax Private Ltd,32,14
DENA BANK,Amar Constructions,967,66
DENA BANK,Asha Security Guard Services,4753,1184
DENA BANK,BNR UDYOG LIMITED,153,43
DENA BANK,Binary Systems,3311,572
DENA BANK,Bloom Solutions Pvt Ltd,4481,224
DENA BANK,Blue Circle Instrument,1390,76
DENA BANK,Business Information Processing Services,1450,208
DENA BANK,CALANCE SOFTWARE PRIVATE LTD,1881,466
DENA BANK,DATASOFT COMPUTER SERVICES(P),3243,366
DENA BANK,DEVASHISH SECURITIES PVT. LTD.,0,3
DENA BANK,Eagle Software India Pvt. Ltd,3135,293
DENA BANK,Emdee Digitronics Pvt.Ltd.,44,3
DENA BANK,FINANCIAL INFORMATION NETWORK,8812,920
DENA BANK,Gem Computers,1678,202
DENA BANK,Gujarat Infotech Ltd.,569,126
DENA BANK,HyperSoft Technologies Ltd,2725,348
DENA BANK,IAP COMPANY Pvt. Ltd,7489,1054
DENA BANK,India Computer Technology,486,51
DENA BANK,JNET Technologies Pvt.Ltd,741,56
DENA BANK,K W Consulting P Ltd,2568,201
DENA BANK,M/S STAR DATA CENTRE,2017,86
DENA BANK,M/s Gold Square Builders & Promoters Pvt. Ltd.,1666,222
DENA BANK,MARS Telecom Systems Pvt Ltd,6374,415
DENA BANK,MEGHA VINCOM PVT LTD,10526,1363
DENA BANK,MKS Enterprises,3863,265
DENA BANK,Make India Smart Private Limited,4465,390
DENA BANK,Multiwave Innovation,3774,556
DENA BANK,NVR & ASSOCIATES LIMITED,4236,323
DENA BANK,Netlink software Pvt Ltd,4337,642
DENA BANK,Nielsen  India  Private Limited,29658,2057
DENA BANK,Offshoot Agency Pvt. Ltd.,2704,394
DENA BANK,Om Softwares,31,15
DENA BANK,Ortem Securities Limited,2161,94
DENA BANK,Prodigy Systems and Services Private Limited,168,12
DENA BANK,Radiant Haroti Industries India Ltd,275,922
DENA BANK,Ricoh India Limited,1818,145
DENA BANK,SGS INDIA PVT LTD,5610,977
DENA BANK,Silver Touch Technologies Ltd,3508,490
DENA BANK,Sixth Dimension Project Solutions Ltd,572,134
DENA BANK,Soc for Advancement of Environ Science,907,141
DENA BANK,SoftAge Information Technology Limited,443,21
DENA BANK,Super Printers,3960,658
DENA BANK,Systematic & Advance Const P L,65,5
DENA BANK,TechSmart India Pvt Ltd,2631,360
DENA BANK,Tera Software Ltd,797,130
DENA BANK,The NSIC ltd,239,26
DENA BANK,Transline Technologies P Ltd,1368,138
DENA BANK,Utility Forms Pvt Ltd,3583,334
DENA BANK,VAP INFOSOLUTIONS,7870,1393
DENA BANK,VISION COMPTECH INTEGRATOR LTD,4174,377
DENA BANK,Vedavaag Systems Limited,6519,704
DENA BANK,Virinchi Technologies Ltd,8637,1024
DENA BANK,WEBEL,10187,990
DENA BANK,Wipro Ltd,29595,5281
DENA BANK,Yash Ornaments Pvt. Ltd,2527,247
DENA BANK,Zephyr System Pvt.Ltd.,19274,927
Delhi - NE DC,Smart Chip Limited,0,3
Delhi - North DC,NVR & ASSOCIATES LIMITED,0,1
Delhi- West DC,Smart Chip Limited,0,1
Delhi- West DC,VIRGO SOFTECH LIMITED,1,0
Delhi-NW DC,Karvy Computershare Private Li,1,0
Department of Information Technology Govt of Jharkhand,Wipro Ltd,3,1
Dept of ITC Govt of Rajasthan,AKSH OPTIFIBRE LIMITED,3,2
Dept of ITC Govt of Rajasthan,ATISHAY INFOTECH PVT. LTD.,539,113
Dept of ITC Govt of Rajasthan,AVVAS INFOTECH PVT  LTD,120,16
Dept of ITC Govt of Rajasthan,Academy of Management Studies,22,1
Dept of ITC Govt of Rajasthan,Alankit Finsec Ltd,0,1
Dept of ITC Govt of Rajasthan,Binary Systems,11,25
Dept of ITC Govt of Rajasthan,Business Information Processing Services,529,116
Dept of ITC Govt of Rajasthan,CMS Computers Ltd,390,54
Dept of ITC Govt of Rajasthan,COMTECH INSTITUTE OFTECHNOLOGY,101,21
Dept of ITC Govt of Rajasthan,DATASOFT COMPUTER SERVICES(P),257,112
Dept of ITC Govt of Rajasthan,FINANCIAL INFORMATION NETWORK,2180,432
Dept of ITC Govt of Rajasthan,Gem Computers,46,32
Dept of ITC Govt of Rajasthan,Gujarat Infotech Ltd.,112,13
Dept of ITC Govt of Rajasthan,IAP COMPANY Pvt. Ltd,276,85
Dept of ITC Govt of Rajasthan,Karvy Data Management Services,585,58
Dept of ITC Govt of Rajasthan,M/s Sanish Choudhary,603,65
Dept of ITC Govt of Rajasthan,MEGHA VINCOM PVT LTD,1949,830
Dept of ITC Govt of Rajasthan,Matrix Processing House,281,44
Dept of ITC Govt of Rajasthan,Multiwave Innovation,8,3
Dept of ITC Govt of Rajasthan,Osiris Infotech Pvt. Ltd.,121,243
Dept of ITC Govt of Rajasthan,Radiant Haroti Industries India Ltd,21,623
Dept of ITC Govt of Rajasthan,Radiant Info Systems Ltd,161,93
Dept of ITC Govt of Rajasthan,Ricoh India Limited,123,279
Dept of ITC Govt of Rajasthan,SAR Technology,407,29
Dept of ITC Govt of Rajasthan,SREI INFRASTRUCTURE FINANCES L,1,2
Dept of ITC Govt of Rajasthan,TechSmart India Pvt Ltd,668,180
Dept of ITC Govt of Rajasthan,Transline Technologies P Ltd,470,66
Dept of ITC Govt of Rajasthan,UMC Technologies Pvt. Ltd,58,25
Dept of ITC Govt of Rajasthan,VISION COMPTECH INTEGRATOR LTD,14,3
Dept of ITC Govt of Rajasthan,Vakrangee Softwares Limited,2904,732
Dept of ITC Govt of Rajasthan,Vayam technologies Ltd,195,79
FCR Govt of Haryana,4G INFORMATICS,55,18
FCR Govt of Haryana,Academy of Management Studies,1229,392
FCR Govt of Haryana,Radiant Info Systems Ltd,354,114
FCR Govt of Haryana,SoftAge Information Technology Limited,1854,382
FCR Govt of Haryana,Vayam technologies Ltd,850,106
FCS Govt of Punjab,District Sukhmani Society  Jalandhar  Punjab,89,28
FCS Govt of Punjab,District Sukhmani Society  Ludhiana  Punjab,145,50
FCS Govt of Punjab,District Sukhmani Society  Moga  Punjab,84,17
FCS Govt of Punjab,District Sukhmani Society Amritsar Punjab,86,55
FCS Govt of Punjab,District Sukhmani Society Barnala Punjab,58,15
FCS Govt of Punjab,District Sukhmani Society Bathinda Punjab,172,31
FCS Govt of Punjab,District Sukhmani Society Fatehgarh Sahib Punjab,69,9
FCS Govt of Punjab,District Sukhmani Society Fazilka Punjab,83,24
FCS Govt of Punjab,District Sukhmani Society Ferozepur Punjab,30,9
FCS Govt of Punjab,District Sukhmani Society For Citizen Services Mansa Punjab,115,26
FCS Govt of Punjab,District Sukhmani Society For Citizen Services Nawanshahr Punjab,66,17
FCS Govt of Punjab,District Sukhmani Society For Citizen Services SAS Nagar District e-Governance Society Punjab,116,21
FCS Govt of Punjab,District Sukhmani Society Pathankot Punjab,24,6
FCS Govt of Punjab,District Sukhmani Society Patiala Punjab,237,45
FCS Govt of Punjab,District Sukhmani Society Rupnagar Punjab,64,8
FCS Govt of Punjab,District Sukhmani Society Sangrur Punjab,110,38
FCS Govt of Punjab,District Sukhmani Society Sri Muktsar Sahib Punjab,41,24
FCS Govt of Punjab,District Sukhmani Society Tarn Taran Punjab,69,24
FCS Govt of Punjab,Karvy Computershare Private Li,349,57
FCS Govt of Punjab,Sukhmani Society For Citizen Services  Kapurthala  Punjab,76,19
FCS Govt of Punjab,Sukhmani Society For Citizen Services Gurdaspur Punjab,30,3
FCS Govt of Punjab,Sukhmani Society For Citizens Services Faridkot Punjab,100,17
FCS Govt of Punjab,Suwidha Society Hoshiarpur Punjab,63,3
FCS Govt of Punjab,Vayam technologies Ltd,794,104
FCS Govt of Punjab,eCentric solutions pvt ltd,131,73
Govt of Andhra Pradesh,Gouthami Educational Society,5,3
Govt of Andhra Pradesh,GrapeSoft,8,1
Govt of Andhra Pradesh,TechSmart India Pvt Ltd,2,2
Govt of Andhra Pradesh,Tera Software Ltd,1,2
Govt of Goa,MARS Telecom Systems Pvt Ltd,1,0
Govt of Gujarat,GSS Infotech Ltd,128,53
Govt of Gujarat,Karvy Computershare Private Li,1430,166
Govt of Gujarat,Silver Touch Technologies Ltd,2605,246
Govt of Gujarat,Tera Software Ltd,896,84
Govt of Gujarat,Transline Technologies P Ltd,15,4
Govt of Gujarat,Vayam technologies Ltd,82,27
Govt of Gujarat,eCentric solutions pvt ltd,50,91
Govt of Himachal Pradesh,Wipro Ltd,1,0
Govt of Himachal Pradesh,i-Grandee SoftwareTechnologies,104,42
Govt of Karnataka ,BNR UDYOG LIMITED,1,0
Govt of Karnataka ,Bloom Solutions Pvt Ltd,1,0
Govt of Karnataka ,EDCS GOK,527,170
Govt of Karnataka ,MARS Telecom Systems Pvt Ltd,2,0
Govt of Karnataka ,Ninestars Information Technologies Ltd,1,0
Govt of Karnataka ,Om Softwares,0,1
Govt of Karnataka ,Origin ITFS Pvt Ltd,1,1
Govt of Karnataka ,SREEVEN INFOCOM LIMITED,4,0
Govt of Kerala,Akshaya,3145,421
Govt of Kerala,Keltron,1,0
Govt of Maharashtra,Bharat Technical Solutions Private Limited,1,1
Govt of Maharashtra,Karvy Computershare Private Li,2,0
Govt of Maharashtra,M/S King Computer System pvt Ltd,85,20
Govt of Maharashtra,M/s. Vidya Online  Pune,9,9
Govt of Maharashtra,SETU MAHARASHTRA,121,38
Govt of Maharashtra,SHREERAM PRINTING PRESS,4,34
Govt of Maharashtra,SILVER JUBILEE MOTORS LTD.,55,15
Govt of Maharashtra,SPANCO,3,0
Govt of Maharashtra,STRATEGIC OUTSOURCING SERVICE,25,1
Govt of Maharashtra,Silver Touch Technologies Ltd,2,0
Govt of Maharashtra,Transline Technologies P Ltd,2,0
Govt of Maharashtra,Vidarbha Infotech Pvt Ltd,6,2
Govt of Maharashtra,Wipro Ltd,2,0
Govt of Sikkim - Dept of Econo,Department of Economics Statistics  Monitoring and Evaluation DESME,104,18
IDBI Bank ltd,ATISHAY INFOTECH PVT. LTD.,357,191
IDBI Bank ltd,Matrix Processing House,709,20
IDBI Bank ltd,SREEVEN INFOCOM LIMITED,1343,164
IDBI Bank ltd,UTI TECHNOLOGY SERVICES LIMITE,2,0
Indiapost,MARS Telecom Systems Pvt Ltd,1,0
Indiapost,Vayam technologies Ltd,0,3
Information Technology & Communication Department,4G INFORMATICS,6,0
Information Technology & Communication Department,BNR UDYOG LIMITED,1,0
Information Technology & Communication Department,Bloom Solutions Pvt Ltd,1,0
Information Technology & Communication Department,CSS TECHNERGY LIMITED,5,25
Information Technology & Communication Department,Directorate of ESD,19643,3244
Information Technology & Communication Department,JYOTHI COMPUTER SERVICES,1,0
Information Technology & Communication Department,Karvy Data Management Services,1,0
Information Technology & Communication Department,SREEVEN INFOCOM LIMITED,2,0
Information Technology & Communication Department,Tera Software Ltd,1,0
Jharkhand,VISION COMPTECH INTEGRATOR LTD,1,0
Jharkhand,Wipro Ltd,4,2
NSDL e-Governance Infrastructure Limited,Abhipra Capital Ltd,1061,113
NSDL e-Governance Infrastructure Limited,Alankit Assignments Limited,0,3
NSDL e-Governance Infrastructure Limited,Alankit Finsec Ltd,7995,1450
NSDL e-Governance Infrastructure Limited,Amar Constructions,1051,42
NSDL e-Governance Infrastructure Limited,CALANCE SOFTWARE PRIVATE LTD,1,0
NSDL e-Governance Infrastructure Limited,COMTECHINFO SOLUTIONS PVT.LTD,28,3
NSDL e-Governance Infrastructure Limited,Global Finsol Private Limited,2,0
NSDL e-Governance Infrastructure Limited,Gujarat Infotech Ltd.,16588,1208
NSDL e-Governance Infrastructure Limited,IAP COMPANY Pvt. Ltd,232,30
NSDL e-Governance Infrastructure Limited,Karvy Data Management Services,63190,6534
NSDL e-Governance Infrastructure Limited,N.K. Sharma Enterprises Ltd.,1307,75
NSDL e-Governance Infrastructure Limited,Netlink software Pvt Ltd,2528,448
NSDL e-Governance Infrastructure Limited,Offshoot Agency Pvt. Ltd.,4947,633
NSDL e-Governance Infrastructure Limited,Ojus G Enterprises,3984,694
NSDL e-Governance Infrastructure Limited,PROWIZ MANSYTEMS PVT LTD,0,1
NSDL e-Governance Infrastructure Limited,Promind Solutions P Limited,11567,1213
NSDL e-Governance Infrastructure Limited,RELIGARE SECURITIES LTD,5003,822
NSDL e-Governance Infrastructure Limited,Radiant Haroti Industries India Ltd,277,261
NSDL e-Governance Infrastructure Limited,Ricoh India Limited,9883,2429
NSDL e-Governance Infrastructure Limited,SNR Edatas Pvt Ltd,144,76
NSDL e-Governance Infrastructure Limited,Sri Ramraja Sarkar Lok Kalyan Trust,8021,1323
NSDL e-Governance Infrastructure Limited,Utility Forms Pvt Ltd,9339,1063
NSDL e-Governance Infrastructure Limited,VIRGO SOFTECH LIMITED,13903,1247
Oriental Bank of Commerce,DATASOFT COMPUTER SERVICES(P),2,0
Oriental Bank of Commerce,Sri Ramraja Sarkar Lok Kalyan Trust,9,1
Oriental Bank of Commerce,Wipro Ltd,5,0
Principal Revenue Commissioner  Dept of Revenue  Govt of MP,Frontech Systems Pvt Ltd,0,1
Principal Revenue Commissioner  Dept of Revenue  Govt of MP,GDC Advertising Pvt. Limited,3,0
Principal Revenue Commissioner  Dept of Revenue  Govt of MP,K W Consulting P Ltd,6,1
Principal Revenue Commissioner  Dept of Revenue  Govt of MP,Netlink software Pvt Ltd,1,0
Principal Revenue Commissioner  Dept of Revenue  Govt of MP,OSWAL COMPUTERS & CONSULTANTS,2,0
Principal Revenue Commissioner  Dept of Revenue  Govt of MP,Tera Software Ltd,1,0
Principal Revenue Commissioner  Dept of Revenue  Govt of MP,Vedavaag Systems Limited,6,0
Project Coordinator UID Project Madhya Pradesh,A I Soc for Electronics and Comp Tech,2160,502
Project Coordinator UID Project Madhya Pradesh,DATASOFT COMPUTER SERVICES(P),742,199
Project Coordinator UID Project Madhya Pradesh,LYRA  CONSULTANCY SERVICE,1115,73
Project Coordinator UID Project Madhya Pradesh,Matrix Processing House,224,66
Project Coordinator UID Project Madhya Pradesh,OSWAL COMPUTERS & CONSULTANTS,3252,833
Project Coordinator UID Project Madhya Pradesh,Orion Security Solutions Private Ltd,966,85
Project Coordinator UID Project Madhya Pradesh,Sixth Dimension Project Solutions Ltd,694,140
Punjab National Bank,Alankit Finsec Ltd,1978,292
Punjab National Bank,Eagle Software India Pvt. Ltd,6470,468
Punjab National Bank,MARS Telecom Systems Pvt Ltd,19,8
Punjab National Bank,Smart Chip Limited,3437,558
Punjab National Bank,Vayam technologies Ltd,2518,247
Punjab and Sind Bank,Matrix Processing House,4316,224
Registrar General India - BEL,Manipur Electronics Dev Corp,829,34
Registrar General India BEL2,Bharat Electronics Limited,108,12
Registrar General India BEL2,Chinar Construction Company Prime agency,5,9
Registrar General India BEL2,Computer LAB,13,0
Registrar General India BEL2,Emdee Digitronics Pvt.Ltd.,3,0
Registrar General India BEL2,In Media Computer Services LLP,22,1
Registrar General India BEL2,India Computer Technology,10,26
Registrar General India BEL2,Karvy Data Management Services,843,186
Registrar General India BEL2,MACRO INFOTECH PVT LTD,676,168
Registrar General India BEL2,Madras Security Printers Ltd,6236,721
Registrar General India BEL2,Manipur Electronics Dev Corp,268,63
Registrar General India BEL2,Multiwave Innovation,1195,158
Registrar General India BEL2,Netlink software Pvt Ltd,130,20
Registrar General India BEL2,Nevaeh Technology Pvt. Ltd.,1,0
Registrar General India BEL2,Nielsen  India  Private Limited,163,20
Registrar General India BEL2,Om Softwares,22,6
Registrar General India BEL2,SNR Edatas Pvt Ltd,6426,1242
Registrar General India BEL2,SREI INFRASTRUCTURE FINANCES L,201,69
Registrar General India BEL2,STRATEGIC OUTSOURCING SERVICE,8,0
Registrar General India BEL2,Swathy Smartcards Hi-Tech Pvt,23,3
Registrar General India BEL2,Swiss Tech India Pvt Ltd,283,85
Registrar General India BEL2,Tera Software Ltd,626,25
Registrar General India BEL2,UNITED DATA SERVICES PRIVATE LIMITED,4095,153
Registrar General India BEL2,Urmila Info solution,11,1
Registrar General India BEL2,VIRGO SOFTECH LIMITED,1,0
Registrar General India BEL2,Vansh Infotech Pvt Ltd,8,22
Registrar General India BEL2,Vedavaag Systems Limited,5,0
Registrar General India BEL2,Viesa Technologies,5094,297
Registrar General India ECIL,AVVAS INFOTECH PVT  LTD,1,3
Registrar General India ECIL,BUSINESS INFORMATION PROCESSING SERVICES,3,0
Registrar General India ECIL,COMTECHINFO SOLUTIONS PVT.LTD,6144,334
Registrar General India ECIL,Chinar Construction Company Prime agency,242,323
Registrar General India ECIL,Computer LAB,8114,1635
Registrar General India ECIL,Eagle Software India Pvt. Ltd,16318,2124
Registrar General India ECIL,Emdee Digitronics Pvt.Ltd.,1796,159
Registrar General India ECIL,Esoft Consulting Limited,1,0
Registrar General India ECIL,Gundal Infotech Private Limited,1,0
Registrar General India ECIL,In Media Computer Services LLP,1250,77
Registrar General India ECIL,India Computer Technology,197,348
Registrar General India ECIL,Integrated Systems & Services,170,17
Registrar General India ECIL,Karvy Data Management Services,9147,2954
Registrar General India ECIL,LYRA  CONSULTANCY SERVICE,36,3
Registrar General India ECIL,Madras Security Printers Ltd,19511,862
Registrar General India ECIL,Mphasis Ltd,9,0
Registrar General India ECIL,Pioneer E Labs limited,0,8
Registrar General India ECIL,SARADA SYSTEMS,193,202
Registrar General India ECIL,SWISSTECH NPR 57CR PROJECT PVT,254,31
Registrar General India ECIL,Tera Software Ltd,4661,56
Registrar General India ECIL,VEETECHNOLOGIES PVT. LTD,1,0
Registrar General India ECIL,Vedavaag Systems Limited,2,3
Registrar General India ECIL,WEBEL TECHNOLOGY LIMITED,143,24
Registrar General India Others,COMTECHINFO SOLUTIONS PVT.LTD,1,0
Registrar General India Others,Clairvoyance Technologies Pvt.,12,4
Registrar General India Others,In Media Computer Services LLP,0,1
Registrar General India Others,Vedavaag Systems Limited,0,1
Registrar General of India ITI,Eagle Software India Pvt. Ltd,17,11
Registrar General of India ITI,Emdee Digitronics Pvt.Ltd.,12670,615
Registrar General of India ITI,In Media Computer Services LLP,762,19
Registrar General of India ITI,Karvy Data Management Services,168,43
Registrar General of India ITI,Madras Security Printers Ltd,339,58
Registrar General of India ITI,Netlink software Pvt Ltd,434,56
Registrar General of India ITI,Netwing Technologies Pvt Ltd,12,6
Registrar General of India ITI,Nevaeh Technology Pvt. Ltd.,55,2
Registrar General of India ITI,Nielsen  India  Private Limited,6,0
Registrar General of India ITI,Quick Data IT Services Pvt Ltd,1132,15
Registrar General of India ITI,SNR Edatas Pvt Ltd,279,61
Registrar General of India ITI,SREI INFRASTRUCTURE FINANCES L,1,0
Registrar General of India ITI,STRATEGIC OUTSOURCING SERVICE,1,0
Registrar General of India ITI,Swathy Smartcards Hi-Tech Pvt,1,134
Registrar General of India ITI,Swiss Tech India Pvt Ltd,1,0
Registrar General of India ITI,VIRGO SOFTECH LIMITED,419,18
Registrar General of India ITI,Vedavaag Systems Limited,3,0
Registrar General of India ITI,WEBEL TECHNOLOGY LIMITED,1519,91
Registrar General of India ITI,Webx Technologies Private Limited,437,12
Rural Development Dept  Govt. of Bihar,Bloom Solutions Pvt Ltd,722,42
Rural Development Dept  Govt. of Bihar,Computer LAB,607,357
Rural Development Dept  Govt. of Bihar,Emdee Digitronics Pvt.Ltd.,1889,71
Rural Development Dept  Govt. of Bihar,FINANCIAL INFORMATION NETWORK,14339,810
Rural Development Dept  Govt. of Bihar,M2C Private Solution,2964,165
Rural Development Dept  Govt. of Bihar,MKS Enterprises,1182,44
Rural Development Dept  Govt. of Bihar,Urmila Info solution,3605,106
State Bank of Bikaner & Jaipur,Multiwave Innovation,11,0
State Bank of India,Silver Touch Technologies Ltd,46,3
State Bank of India,Smart Chip Limited,243,6
UIDAI-Registrar,UIDAI-EA,59,8
UT of Puducherry,Madras Security Printers Ltd,1,0
Union Bank,FINANCIAL INFORMATION NETWORK,22772,4097
Union Bank,Smart Chip Limited,1501,331
Union Bank,Vakrangee Softwares Limited,33224,3517
