Registrar,Enrolment Agency,Aadhaar generated,Enrolment Rejected
Allahabad Bank,A-Onerealtors Pvt Ltd,8973,146
Allahabad Bank,Asha Security Guard Services,12020,221
Allahabad Bank,Emdee Digitronics Pvt.Ltd.,9661,93
Allahabad Bank,MEGHA VINCOM PVT LTD,4370,45
Allahabad Bank,Nevaeh Technology Pvt. Ltd.,9765,94
Allahabad Bank,PROTEX COMPUTER PVT LTD,270,1
Allahabad Bank,Radiant Haroti Industries India Ltd,324,5
Allahabad Bank,Redim Software Technologies Pvt Ltd,2120,91
Allahabad Bank,SGS INDIA PVT LTD,3806,84
Allahabad Bank,Sri Ramraja Sarkar Lok Kalyan Trust,2646,51
Allahabad Bank,VAP INFOSOLUTIONS,346,4
Allahabad Bank,Vakrangee Softwares Limited,29,0
Allahabad Bank,Vedavaag Systems Limited,3453,70
Bank Of India,A3 Logics  India  Ltd,946,46
Bank Of India,Akanksha International,65,0
Bank Of India,Blue Circle Instrument,20,0
Bank Of India,CHESSY CONSULTANTS PVT LTD,47,3
Bank Of India,DATASOFT COMPUTER SERVICES(P),4753,95
Bank Of India,Emdee Digitronics Pvt.Ltd.,5,1
Bank Of India,Frontech Systems Pvt Ltd,591,29
Bank Of India,Matrix Processing House,24,2
Bank Of India,OSWAL COMPUTERS & CONSULTANTS,1558,52
Bank Of India,PROTEX COMPUTER PVT LTD,4773,38
Bank Of India,SARADA SYSTEMS,6203,111
Bank Of India,SHRIKRISHNA KHANDASARI SUGAR M,3,0
Bank Of India,SREI INFRASTRUCTURE FINANCES L,47624,726
Bank Of India,Systematic & Advance Const P L,4,0
Bank Of India,VEETECHNOLOGIES PVT. LTD,5742,270
Bank Of India,Vakrangee Softwares Limited,4,0
Bank of Baroda,Global Finsol Private Limited,415,10
Bank of Maharashtra,Alankit Finsec Ltd,2,0
Bank of Maharashtra,FINANCIAL INFORMATION NETWORK,200,12
Bank of Maharashtra,Tera Software Ltd,2525,114
CSC e-Governance Services India Limited,A I Soc for Electronics and Comp Tech,23743,568
CSC e-Governance Services India Limited,AKSH OPTIFIBRE LIMITED,11436,239
CSC e-Governance Services India Limited,BASIX,12994,572
CSC e-Governance Services India Limited,Binary Systems,111,2
CSC e-Governance Services India Limited,Bloom Solutions Pvt Ltd,5033,122
CSC e-Governance Services India Limited,CALANCE SOFTWARE PRIVATE LTD,3207,130
CSC e-Governance Services India Limited,CHIPS,6275,59
CSC e-Governance Services India Limited,CMS Computers Ltd,37225,1003
CSC e-Governance Services India Limited,CSC e-Governance Services India Limited,4923,177
CSC e-Governance Services India Limited,Computer Print,263,6
CSC e-Governance Services India Limited,Conatus Infocom Pvt. Ltd,769,27
CSC e-Governance Services India Limited,DATASOFT COMPUTER SERVICES(P),4538,204
CSC e-Governance Services India Limited,Gem Computers,32,4
CSC e-Governance Services India Limited,Home Life Buildcon Pvt Ltd,5166,158
CSC e-Governance Services India Limited,HyperSoft Technologies Ltd,3955,46
CSC e-Governance Services India Limited,IAP COMPANY Pvt. Ltd,29393,690
CSC e-Governance Services India Limited,Intelligent Communication Sys India Ltd,101,3
CSC e-Governance Services India Limited,Janta Silikon Consortium,2583,65
CSC e-Governance Services India Limited,MANTRA SOFTTECH (INDIA) PVTLTD,10103,237
CSC e-Governance Services India Limited,MEGHA VINCOM PVT LTD,807,26
CSC e-Governance Services India Limited,Mahaonline Limited,2954,183
CSC e-Governance Services India Limited,NPS Technologies Pvt. Ltd,7469,254
CSC e-Governance Services India Limited,NVR & ASSOCIATES LIMITED,857,20
CSC e-Governance Services India Limited,National Cooperative Consumers Federation of India Limited,583,42
CSC e-Governance Services India Limited,Nekton IT India Pvt Ltd.,6547,55
CSC e-Governance Services India Limited,Network for Information & Computer,9513,237
CSC e-Governance Services India Limited,Promind Solutions P Limited,12593,183
CSC e-Governance Services India Limited,Radiant Haroti Industries India Ltd,18035,493
CSC e-Governance Services India Limited,Raj Construction Co.,1621,68
CSC e-Governance Services India Limited,SPANCO,2737,144
CSC e-Governance Services India Limited,SRR Infotech,3378,75
CSC e-Governance Services India Limited,Sahaj e-Village Limited,48141,319
CSC e-Governance Services India Limited,Tera Software Ltd,23177,493
CSC e-Governance Services India Limited,United Telecoms e-Services Pvt Ltd,5203,309
CSC e-Governance Services India Limited,VIKALP MULTIMEDIA,1412,43
CSC e-Governance Services India Limited,VISION COMPTECH INTEGRATOR LTD,831,23
CSC e-Governance Services India Limited,Vakrangee Softwares Limited,31,1
CSC e-Governance Services India Limited,Vayam technologies Ltd,28604,462
CSC e-Governance Services India Limited,Vedavaag Systems Limited,36312,372
CSC e-Governance Services India Limited,Zephyr System Pvt.Ltd.,21533,852
Canara Bank,FINANCIAL INFORMATION NETWORK,54631,754
Canara Bank,Karvy Data Management Services,26280,717
Canara Bank,Ojus Healthcare Private Limited,264,12
Canara Bank,Osiris Infotech Pvt. Ltd.,599,20
Canara Bank,Smart Chip Limited,28709,608
Canara Bank,Virinchi Technologies Ltd,3278,101
Central Bank of India,CALANCE SOFTWARE PRIVATE LTD,1,0
Central Bank of India,IAP COMPANY Pvt. Ltd,232,0
Central Bank of India,IL&FS LTD,3,1
Central Bank of India,MANTRA SOFTTECH (INDIA) PVTLTD,1,0
Central Bank of India,The Peerless General Finance,3,0
DENA BANK,77 Infosystems Pvt Ltd,5572,57
DENA BANK,A-Onerealtors Pvt Ltd,4429,137
DENA BANK,APEX Services,3490,106
DENA BANK,AS International,4561,83
DENA BANK,ATISHAY INFOTECH PVT. LTD.,5669,152
DENA BANK,AVVAS INFOTECH PVT  LTD,7832,191
DENA BANK,Advent Infomax Private Ltd,318,23
DENA BANK,Amar Constructions,95,2
DENA BANK,Asha Security Guard Services,10778,216
DENA BANK,BNR UDYOG LIMITED,2031,9
DENA BANK,Binary Systems,3095,131
DENA BANK,Bloom Solutions Pvt Ltd,11363,154
DENA BANK,Blue Circle Instrument,2544,27
DENA BANK,Business Information Processing Services,1470,37
DENA BANK,CALANCE SOFTWARE PRIVATE LTD,5305,183
DENA BANK,DATASOFT COMPUTER SERVICES(P),5304,68
DENA BANK,DEVASHISH SECURITIES PVT. LTD.,250,2
DENA BANK,Eagle Software India Pvt. Ltd,6418,126
DENA BANK,Emdee Digitronics Pvt.Ltd.,18,0
DENA BANK,FINANCIAL INFORMATION NETWORK,15650,259
DENA BANK,Gem Computers,4441,111
DENA BANK,Gujarat Infotech Ltd.,1416,61
DENA BANK,HyperSoft Technologies Ltd,6944,56
DENA BANK,IAP COMPANY Pvt. Ltd,25975,350
DENA BANK,India Computer Technology,3355,105
DENA BANK,JNET Technologies Pvt.Ltd,1610,21
DENA BANK,K W Consulting P Ltd,4637,49
DENA BANK,M/S STAR DATA CENTRE,3513,58
DENA BANK,M/s Gold Square Builders & Promoters Pvt. Ltd.,2749,42
DENA BANK,MARS Telecom Systems Pvt Ltd,5795,80
DENA BANK,MEGHA VINCOM PVT LTD,17907,358
DENA BANK,MKS Enterprises,7783,71
DENA BANK,Make India Smart Private Limited,6352,46
DENA BANK,Multiwave Innovation,12745,205
DENA BANK,NVR & ASSOCIATES LIMITED,10791,155
DENA BANK,Netlink software Pvt Ltd,13515,241
DENA BANK,Nielsen  India  Private Limited,55849,778
DENA BANK,Offshoot Agency Pvt. Ltd.,3869,77
DENA BANK,Om Softwares,1825,26
DENA BANK,Ortem Securities Limited,3667,51
DENA BANK,Prodigy Systems and Services Private Limited,147,5
DENA BANK,Radiant Haroti Industries India Ltd,873,22
DENA BANK,Ricoh India Limited,2148,15
DENA BANK,SGS INDIA PVT LTD,12708,254
DENA BANK,Silver Touch Technologies Ltd,7235,53
DENA BANK,Sixth Dimension Project Solutions Ltd,829,41
DENA BANK,Soc for Advancement of Environ Science,1185,48
DENA BANK,SoftAge Information Technology Limited,325,9
DENA BANK,Super Printers,5781,102
DENA BANK,Systematic & Advance Const P L,576,16
DENA BANK,TechSmart India Pvt Ltd,12148,280
DENA BANK,Tera Software Ltd,4219,91
DENA BANK,The NSIC ltd,3352,52
DENA BANK,Transline Technologies P Ltd,5022,34
DENA BANK,Utility Forms Pvt Ltd,5376,125
DENA BANK,VAP INFOSOLUTIONS,12392,275
DENA BANK,VISION COMPTECH INTEGRATOR LTD,9251,138
DENA BANK,Vedavaag Systems Limited,6827,137
DENA BANK,Virinchi Technologies Ltd,13912,217
DENA BANK,WEBEL,24376,240
DENA BANK,Wipro Ltd,48486,1556
DENA BANK,Yash Ornaments Pvt. Ltd,8473,234
DENA BANK,Zephyr System Pvt.Ltd.,34269,563
Delhi - East DC,DATASOFT COMPUTER SERVICES(P),8,0
Delhi - NE DC,Alankit Assignments Limited,0,2
Delhi - North DC,NVR & ASSOCIATES LIMITED,1,0
Department of Information Technology Govt of Jharkhand,Blue Circle Instrument,2,0
Department of Information Technology Govt of Jharkhand,Wipro Ltd,3,0
Dept of ITC Govt of Rajasthan,AKSH OPTIFIBRE LIMITED,1,0
Dept of ITC Govt of Rajasthan,ATISHAY INFOTECH PVT. LTD.,1412,70
Dept of ITC Govt of Rajasthan,AVVAS INFOTECH PVT  LTD,10,0
Dept of ITC Govt of Rajasthan,Academy of Management Studies,1,0
Dept of ITC Govt of Rajasthan,Alankit Finsec Ltd,1,0
Dept of ITC Govt of Rajasthan,Binary Systems,227,20
Dept of ITC Govt of Rajasthan,Business Information Processing Services,428,16
Dept of ITC Govt of Rajasthan,CMS Computers Ltd,942,29
Dept of ITC Govt of Rajasthan,COMTECH INSTITUTE OFTECHNOLOGY,163,23
Dept of ITC Govt of Rajasthan,DATASOFT COMPUTER SERVICES(P),1386,84
Dept of ITC Govt of Rajasthan,FINANCIAL INFORMATION NETWORK,2309,130
Dept of ITC Govt of Rajasthan,Gem Computers,46,14
Dept of ITC Govt of Rajasthan,Gujarat Infotech Ltd.,202,5
Dept of ITC Govt of Rajasthan,IAP COMPANY Pvt. Ltd,489,18
Dept of ITC Govt of Rajasthan,Karvy Data Management Services,481,9
Dept of ITC Govt of Rajasthan,M/s Sanish Choudhary,603,14
Dept of ITC Govt of Rajasthan,MEGHA VINCOM PVT LTD,427,14
Dept of ITC Govt of Rajasthan,Matrix Processing House,750,24
Dept of ITC Govt of Rajasthan,Multiwave Innovation,322,30
Dept of ITC Govt of Rajasthan,Netlink software Pvt Ltd,1,0
Dept of ITC Govt of Rajasthan,Osiris Infotech Pvt. Ltd.,1331,44
Dept of ITC Govt of Rajasthan,Radiant Haroti Industries India Ltd,1029,35
Dept of ITC Govt of Rajasthan,Radiant Info Systems Ltd,554,16
Dept of ITC Govt of Rajasthan,Ricoh India Limited,948,21
Dept of ITC Govt of Rajasthan,SAR Technology,261,7
Dept of ITC Govt of Rajasthan,SREI INFRASTRUCTURE FINANCES L,20,0
Dept of ITC Govt of Rajasthan,TechSmart India Pvt Ltd,1454,23
Dept of ITC Govt of Rajasthan,Transline Technologies P Ltd,126,0
Dept of ITC Govt of Rajasthan,UMC Technologies Pvt. Ltd,320,20
Dept of ITC Govt of Rajasthan,VISION COMPTECH INTEGRATOR LTD,146,4
Dept of ITC Govt of Rajasthan,Vakrangee Softwares Limited,6063,177
Dept of ITC Govt of Rajasthan,Vayam technologies Ltd,464,7
FCR Govt of Haryana,4G INFORMATICS,610,40
FCR Govt of Haryana,Academy of Management Studies,1663,73
FCR Govt of Haryana,Radiant Info Systems Ltd,761,27
FCR Govt of Haryana,SoftAge Information Technology Limited,4509,180
FCR Govt of Haryana,Vayam technologies Ltd,1720,50
FCS Govt of Punjab,CSS TECHNERGY LIMITED,1,0
FCS Govt of Punjab,District Sukhmani Society  Jalandhar  Punjab,214,5
FCS Govt of Punjab,District Sukhmani Society  Ludhiana  Punjab,349,7
FCS Govt of Punjab,District Sukhmani Society  Moga  Punjab,72,2
FCS Govt of Punjab,District Sukhmani Society Amritsar Punjab,87,8
FCS Govt of Punjab,District Sukhmani Society Barnala Punjab,91,3
FCS Govt of Punjab,District Sukhmani Society Bathinda Punjab,239,10
FCS Govt of Punjab,District Sukhmani Society Fatehgarh Sahib Punjab,311,8
FCS Govt of Punjab,District Sukhmani Society Fazilka Punjab,151,7
FCS Govt of Punjab,District Sukhmani Society Ferozepur Punjab,143,8
FCS Govt of Punjab,District Sukhmani Society For Citizen Services Mansa Punjab,179,8
FCS Govt of Punjab,District Sukhmani Society For Citizen Services Nawanshahr Punjab,109,6
FCS Govt of Punjab,District Sukhmani Society For Citizen Services SAS Nagar District e-Governance Society Punjab,103,2
FCS Govt of Punjab,District Sukhmani Society Pathankot Punjab,143,4
FCS Govt of Punjab,District Sukhmani Society Patiala Punjab,90,3
FCS Govt of Punjab,District Sukhmani Society Rupnagar Punjab,33,0
FCS Govt of Punjab,District Sukhmani Society Sangrur Punjab,170,12
FCS Govt of Punjab,District Sukhmani Society Sri Muktsar Sahib Punjab,86,2
FCS Govt of Punjab,District Sukhmani Society Tarn Taran Punjab,82,4
FCS Govt of Punjab,Karvy Computershare Private Li,591,39
FCS Govt of Punjab,Sukhmani Society For Citizen Services  Kapurthala  Punjab,158,0
FCS Govt of Punjab,Sukhmani Society For Citizen Services Gurdaspur Punjab,34,1
FCS Govt of Punjab,Sukhmani Society For Citizens Services Faridkot Punjab,111,5
FCS Govt of Punjab,Suwidha Society Hoshiarpur Punjab,123,3
FCS Govt of Punjab,Vayam technologies Ltd,838,19
FCS Govt of Punjab,eCentric solutions pvt ltd,325,20
Govt of Andhra Pradesh,Gouthami Educational Society,11,0
Govt of Andhra Pradesh,GrapeSoft,8,0
Govt of Andhra Pradesh,IL&FS LTD,7,2
Govt of Andhra Pradesh,INFRONICS SYSTEMS LTD,2,1
Govt of Andhra Pradesh,Madras Security Printers Ltd,6,3
Govt of Andhra Pradesh,TechSmart India Pvt Ltd,3,0
Govt of Andhra Pradesh,Tera Software Ltd,2,0
Govt of Andhra Pradesh,eCentric solutions pvt ltd,2,0
Govt of Gujarat,GSS Infotech Ltd,472,14
Govt of Gujarat,Karvy Computershare Private Li,5037,131
Govt of Gujarat,Silver Touch Technologies Ltd,7179,188
Govt of Gujarat,Tera Software Ltd,2501,41
Govt of Gujarat,Transline Technologies P Ltd,4,0
Govt of Gujarat,Vayam technologies Ltd,705,27
Govt of Gujarat,eCentric solutions pvt ltd,1354,57
Govt of Himachal Pradesh,i-Grandee SoftwareTechnologies,263,9
Govt of Karnataka ,Bloom Solutions Pvt Ltd,2,0
Govt of Karnataka ,COMAT TECHNOLOGIES P LTD,8,0
Govt of Karnataka ,EDCS GOK,545,35
Govt of Karnataka ,MARS Telecom Systems Pvt Ltd,3,0
Govt of Karnataka ,Ninestars Information Technologies Ltd,8,0
Govt of Karnataka ,Om Softwares,2,0
Govt of Karnataka ,Origin ITFS Pvt Ltd,21,0
Govt of Karnataka ,SREEVEN INFOCOM LIMITED,4,1
Govt of Karnataka ,Wipro Ltd,1,0
Govt of Kerala,Akshaya,11649,248
Govt of Kerala,Keltron,76,1
Govt of Madhya Pradesh,VIRGO SOFTECH LIMITED,21,0
Govt of Maharashtra,Alankit Finsec Ltd,2,0
Govt of Maharashtra,Karvy Computershare Private Li,9,0
Govt of Maharashtra,M/S King Computer System pvt Ltd,188,1
Govt of Maharashtra,M/s. Vidya Online  Pune,46,0
Govt of Maharashtra,Narayana Electricals Solution Pvt Ltd,5,0
Govt of Maharashtra,Netlink software Pvt Ltd,1,0
Govt of Maharashtra,Rudranee Infotech Ltd,131,0
Govt of Maharashtra,SETU MAHARASHTRA,750,25
Govt of Maharashtra,SHREERAM PRINTING PRESS,161,1
Govt of Maharashtra,SILVER JUBILEE MOTORS LTD.,168,7
Govt of Maharashtra,SPANCO,1,0
Govt of Maharashtra,STRATEGIC OUTSOURCING SERVICE,5,0
Govt of Maharashtra,TechSmart India Pvt Ltd,2,0
Govt of Maharashtra,Tera Software Ltd,1,0
Govt of Maharashtra,Vidarbha Infotech Pvt Ltd,22,10
Govt of Maharashtra,Wipro Ltd,3,0
Govt of Sikkim - Dept of Econo,Department of Economics Statistics  Monitoring and Evaluation DESME,136,8
IDBI Bank ltd,ATISHAY INFOTECH PVT. LTD.,1091,62
IDBI Bank ltd,Matrix Processing House,1930,5
IDBI Bank ltd,SREEVEN INFOCOM LIMITED,2125,80
Indiapost,Delhi Integrated MMTS Ltd,1,0
Indiapost,Global Finsol Private Limited,3,0
Indiapost,Vayam technologies Ltd,21,0
Information Technology & Communication Department,Directorate of ESD,19206,579
Information Technology & Communication Department,GDC Advertising Pvt. Limited,1,0
Information Technology & Communication Department,MARS Telecom Systems Pvt Ltd,0,1
Information Technology & Communication Department,SREEVEN INFOCOM LIMITED,1,0
Jharkhand,Emdee Digitronics Pvt.Ltd.,4,0
Jharkhand,Systematic & Advance Const P L,5,0
Jharkhand,Wipro Ltd,14,0
NSDL e-Governance Infrastructure Limited,Abhipra Capital Ltd,1510,61
NSDL e-Governance Infrastructure Limited,Alankit Assignments Limited,15,0
NSDL e-Governance Infrastructure Limited,Alankit Finsec Ltd,17915,521
NSDL e-Governance Infrastructure Limited,Amar Constructions,874,27
NSDL e-Governance Infrastructure Limited,COMTECHINFO SOLUTIONS PVT.LTD,74,1
NSDL e-Governance Infrastructure Limited,Global Finsol Private Limited,38,0
NSDL e-Governance Infrastructure Limited,Gujarat Infotech Ltd.,27584,525
NSDL e-Governance Infrastructure Limited,IAP COMPANY Pvt. Ltd,416,1
NSDL e-Governance Infrastructure Limited,Karvy Data Management Services,115097,2627
NSDL e-Governance Infrastructure Limited,N.K. Sharma Enterprises Ltd.,3078,54
NSDL e-Governance Infrastructure Limited,Netlink software Pvt Ltd,4144,148
NSDL e-Governance Infrastructure Limited,Offshoot Agency Pvt. Ltd.,5170,163
NSDL e-Governance Infrastructure Limited,Ojus G Enterprises,5966,267
NSDL e-Governance Infrastructure Limited,Promind Solutions P Limited,18438,236
NSDL e-Governance Infrastructure Limited,RELIGARE SECURITIES LTD,5393,125
NSDL e-Governance Infrastructure Limited,Radiant Haroti Industries India Ltd,493,17
NSDL e-Governance Infrastructure Limited,Ricoh India Limited,19579,432
NSDL e-Governance Infrastructure Limited,SNR Edatas Pvt Ltd,110,1
NSDL e-Governance Infrastructure Limited,Sri Ramraja Sarkar Lok Kalyan Trust,10794,130
NSDL e-Governance Infrastructure Limited,Utility Forms Pvt Ltd,19292,280
NSDL e-Governance Infrastructure Limited,VIRGO SOFTECH LIMITED,24466,452
Oriental Bank of Commerce,DATASOFT COMPUTER SERVICES(P),4,0
Oriental Bank of Commerce,JNET Technologies Pvt.Ltd,26,0
Oriental Bank of Commerce,Sri Ramraja Sarkar Lok Kalyan Trust,9,0
Principal Revenue Commissioner  Dept of Revenue  Govt of MP,Frontech Systems Pvt Ltd,7,0
Principal Revenue Commissioner  Dept of Revenue  Govt of MP,GDC Advertising Pvt. Limited,3,0
Principal Revenue Commissioner  Dept of Revenue  Govt of MP,K W Consulting P Ltd,52,0
Principal Revenue Commissioner  Dept of Revenue  Govt of MP,LYRA  CONSULTANCY SERVICE,2,0
Principal Revenue Commissioner  Dept of Revenue  Govt of MP,Netlink software Pvt Ltd,1,0
Principal Revenue Commissioner  Dept of Revenue  Govt of MP,OSWAL COMPUTERS & CONSULTANTS,5,0
Principal Revenue Commissioner  Dept of Revenue  Govt of MP,Tera Software Ltd,5,0
Principal Revenue Commissioner  Dept of Revenue  Govt of MP,Vedavaag Systems Limited,10,0
Project Coordinator UID Project Madhya Pradesh,A I Soc for Electronics and Comp Tech,2925,112
Project Coordinator UID Project Madhya Pradesh,DATASOFT COMPUTER SERVICES(P),543,32
Project Coordinator UID Project Madhya Pradesh,LYRA  CONSULTANCY SERVICE,2356,63
Project Coordinator UID Project Madhya Pradesh,Matrix Processing House,841,49
Project Coordinator UID Project Madhya Pradesh,OSWAL COMPUTERS & CONSULTANTS,6450,287
Project Coordinator UID Project Madhya Pradesh,Orion Security Solutions Private Ltd,1100,31
Project Coordinator UID Project Madhya Pradesh,Sixth Dimension Project Solutions Ltd,1177,68
Punjab National Bank,Alankit Finsec Ltd,5055,111
Punjab National Bank,Eagle Software India Pvt. Ltd,9028,145
Punjab National Bank,MARS Telecom Systems Pvt Ltd,21,1
Punjab National Bank,Smart Chip Limited,6236,154
Punjab National Bank,Vayam technologies Ltd,7766,103
Punjab and Sind Bank,Matrix Processing House,5625,87
Registrar General India - BEL,Manipur Electronics Dev Corp,5,1
Registrar General India BEL2,Alankit Assignments Limited,1,0
Registrar General India BEL2,Bharat Electronics Limited,1121,1
Registrar General India BEL2,Chinar Construction Company Prime agency,45,2
Registrar General India BEL2,Computer LAB,37,0
Registrar General India BEL2,Emdee Digitronics Pvt.Ltd.,4,0
Registrar General India BEL2,In Media Computer Services LLP,2456,3
Registrar General India BEL2,India Computer Technology,16,0
Registrar General India BEL2,Karvy Data Management Services,30,24
Registrar General India BEL2,MACRO INFOTECH PVT LTD,5007,80
Registrar General India BEL2,MKS Enterprises,1,0
Registrar General India BEL2,Madras Security Printers Ltd,8769,266
Registrar General India BEL2,Manipur Electronics Dev Corp,3202,49
Registrar General India BEL2,Multiwave Innovation,497,24
Registrar General India BEL2,Netlink software Pvt Ltd,114,1
Registrar General India BEL2,Nevaeh Technology Pvt. Ltd.,1,0
Registrar General India BEL2,Nielsen  India  Private Limited,176,2
Registrar General India BEL2,Om Softwares,12,0
Registrar General India BEL2,SNR Edatas Pvt Ltd,16981,254
Registrar General India BEL2,SREI INFRASTRUCTURE FINANCES L,1962,44
Registrar General India BEL2,STRATEGIC OUTSOURCING SERVICE,4,0
Registrar General India BEL2,Swathy Smartcards Hi-Tech Pvt,58,0
Registrar General India BEL2,Tera Software Ltd,598,17
Registrar General India BEL2,UNITED DATA SERVICES PRIVATE LIMITED,6979,131
Registrar General India BEL2,VIRGO SOFTECH LIMITED,2,0
Registrar General India BEL2,Vansh Infotech Pvt Ltd,129,8
Registrar General India BEL2,Vedavaag Systems Limited,7,1
Registrar General India BEL2,Viesa Technologies,8703,50
Registrar General India ECIL,AVVAS INFOTECH PVT  LTD,487,15
Registrar General India ECIL,COMTECH INSTITUTE OFTECHNOLOGY,2,0
Registrar General India ECIL,COMTECHINFO SOLUTIONS PVT.LTD,12799,47
Registrar General India ECIL,Chinar Construction Company Prime agency,2445,2
Registrar General India ECIL,Computer LAB,27347,293
Registrar General India ECIL,Eagle Software India Pvt. Ltd,50381,684
Registrar General India ECIL,Emdee Digitronics Pvt.Ltd.,722,28
Registrar General India ECIL,Esoft Consulting Limited,282,21
Registrar General India ECIL,Gundal Infotech Private Limited,8,0
Registrar General India ECIL,In Media Computer Services LLP,2892,36
Registrar General India ECIL,India Computer Technology,10585,375
Registrar General India ECIL,Integrated Systems & Services,153,0
Registrar General India ECIL,Karvy Data Management Services,3864,7
Registrar General India ECIL,Krishna Infotech,7,1
Registrar General India ECIL,LYRA  CONSULTANCY SERVICE,2561,1
Registrar General India ECIL,Madras Security Printers Ltd,20823,170
Registrar General India ECIL,Mphasis Ltd,13,0
Registrar General India ECIL,Nielsen  India  Private Limited,2,0
Registrar General India ECIL,Pioneer E Labs limited,1,0
Registrar General India ECIL,Quick Data IT Services Pvt Ltd,1,0
Registrar General India ECIL,SARADA SYSTEMS,1262,3
Registrar General India ECIL,SWISSTECH NPR 57CR PROJECT PVT,76,427
Registrar General India ECIL,Tera Software Ltd,3676,35
Registrar General India ECIL,Vedavaag Systems Limited,52,159
Registrar General India ECIL,WEBEL TECHNOLOGY LIMITED,404,11
Registrar General India Others,COMTECH INSTITUTE OFTECHNOLOGY,1,0
Registrar General India Others,COMTECHINFO SOLUTIONS PVT.LTD,5,0
Registrar General India Others,Clairvoyance Technologies Pvt.,3,0
Registrar General India Others,Computer LAB,3,0
Registrar General India Others,India Computer Technology,8,0
Registrar General India Others,Vedavaag Systems Limited,4,0
Registrar General of India ITI,CommunitiWorks Welfare Society,1,0
Registrar General of India ITI,Eagle Software India Pvt. Ltd,866,10
Registrar General of India ITI,Emdee Digitronics Pvt.Ltd.,18089,178
Registrar General of India ITI,In Media Computer Services LLP,97,4
Registrar General of India ITI,Karvy Data Management Services,2515,14
Registrar General of India ITI,Madras Security Printers Ltd,1397,83
Registrar General of India ITI,Mphasis Ltd,4,0
Registrar General of India ITI,Multiwave Innovation,2,0
Registrar General of India ITI,Netlink software Pvt Ltd,585,25
Registrar General of India ITI,Nevaeh Technology Pvt. Ltd.,1385,16
Registrar General of India ITI,Nielsen  India  Private Limited,3,0
Registrar General of India ITI,Quick Data IT Services Pvt Ltd,24,0
Registrar General of India ITI,SNR Edatas Pvt Ltd,369,24
Registrar General of India ITI,STRATEGIC OUTSOURCING SERVICE,2,0
Registrar General of India ITI,Swathy Smartcards Hi-Tech Pvt,145,30
Registrar General of India ITI,VIRGO SOFTECH LIMITED,321,29
Registrar General of India ITI,Vedavaag Systems Limited,1,0
Registrar General of India ITI,WEBEL TECHNOLOGY LIMITED,20515,222
Registrar General of India ITI,Webx Technologies Private Limited,1439,3
Rural Development Dept  Govt. of Bihar,Bloom Solutions Pvt Ltd,3975,54
Rural Development Dept  Govt. of Bihar,Computer LAB,786,29
Rural Development Dept  Govt. of Bihar,Emdee Digitronics Pvt.Ltd.,3021,67
Rural Development Dept  Govt. of Bihar,FINANCIAL INFORMATION NETWORK,8359,155
Rural Development Dept  Govt. of Bihar,M2C Private Solution,1517,19
Rural Development Dept  Govt. of Bihar,MKS Enterprises,1359,20
Rural Development Dept  Govt. of Bihar,Urmila Info solution,1991,21
State Bank of India,Silver Touch Technologies Ltd,209,1
State Bank of India,Smart Chip Limited,1193,9
State Bank of India,VIRGO SOFTECH LIMITED,14,0
UIDAI-Registrar,UIDAI-EA,103,0
UT of Puducherry,Madras Security Printers Ltd,1,0
Union Bank,FINANCIAL INFORMATION NETWORK,41671,1433
Union Bank,Smart Chip Limited,3208,159
Union Bank,Vakrangee Softwares Limited,40347,903
