Registrar,Enrolment Agency,Aadhaar generated,Enrolment Rejected
Allahabad Bank,A-Onerealtors Pvt Ltd,785,102
Allahabad Bank,Asha Security Guard Services,1975,168
Allahabad Bank,Emdee Digitronics Pvt.Ltd.,663,48
Allahabad Bank,MEGHA VINCOM PVT LTD,273,29
Allahabad Bank,Nevaeh Technology Pvt. Ltd.,901,90
Allahabad Bank,PROTEX COMPUTER PVT LTD,53,8
Allahabad Bank,Radiant Haroti Industries India Ltd,6,2
Allahabad Bank,Redim Software Technologies Pvt Ltd,3,29
Allahabad Bank,SGS INDIA PVT LTD,275,43
Allahabad Bank,Sri Ramraja Sarkar Lok Kalyan Trust,409,9
Allahabad Bank,VAP INFOSOLUTIONS,151,2
Allahabad Bank,Vakrangee Softwares Limited,0,1
Allahabad Bank,Vedavaag Systems Limited,586,36
Bank Of India,A3 Logics  India  Ltd,523,30
Bank Of India,Akanksha International,16,1
Bank Of India,CHESSY CONSULTANTS PVT LTD,4,0
Bank Of India,DATASOFT COMPUTER SERVICES(P),717,50
Bank Of India,Emdee Digitronics Pvt.Ltd.,5,0
Bank Of India,Frontech Systems Pvt Ltd,78,44
Bank Of India,OSWAL COMPUTERS & CONSULTANTS,76,58
Bank Of India,PROTEX COMPUTER PVT LTD,267,28
Bank Of India,SARADA SYSTEMS,481,40
Bank Of India,SREI INFRASTRUCTURE FINANCES L,4932,465
Bank Of India,Systematic & Advance Const P L,0,1
Bank Of India,VEETECHNOLOGIES PVT. LTD,1684,183
Bank Of India,Vakrangee Softwares Limited,0,2
Bank of Baroda,Global Finsol Private Limited,25,7
Bank of Maharashtra,FINANCIAL INFORMATION NETWORK,13,5
Bank of Maharashtra,Tera Software Ltd,315,126
CSC e-Governance Services India Limited,A I Soc for Electronics and Comp Tech,5568,493
CSC e-Governance Services India Limited,AKSH OPTIFIBRE LIMITED,3192,350
CSC e-Governance Services India Limited,BASIX,2281,567
CSC e-Governance Services India Limited,Bloom Solutions Pvt Ltd,445,63
CSC e-Governance Services India Limited,CALANCE SOFTWARE PRIVATE LTD,1185,65
CSC e-Governance Services India Limited,CHIPS,1222,105
CSC e-Governance Services India Limited,CMS Computers Ltd,7993,1038
CSC e-Governance Services India Limited,CSC e-Governance Services India Limited,1452,106
CSC e-Governance Services India Limited,Computer Print,26,0
CSC e-Governance Services India Limited,Conatus Infocom Pvt. Ltd,153,29
CSC e-Governance Services India Limited,DATASOFT COMPUTER SERVICES(P),648,148
CSC e-Governance Services India Limited,Gem Computers,1,5
CSC e-Governance Services India Limited,Home Life Buildcon Pvt Ltd,680,75
CSC e-Governance Services India Limited,HyperSoft Technologies Ltd,671,30
CSC e-Governance Services India Limited,IAP COMPANY Pvt. Ltd,4983,611
CSC e-Governance Services India Limited,Intelligent Communication Sys India Ltd,1,3
CSC e-Governance Services India Limited,Janta Silikon Consortium,451,56
CSC e-Governance Services India Limited,Jeevan Deep Charitable Society,9,1
CSC e-Governance Services India Limited,MANTRA SOFTTECH (INDIA) PVTLTD,1808,137
CSC e-Governance Services India Limited,MEGHA VINCOM PVT LTD,114,12
CSC e-Governance Services India Limited,Mahaonline Limited,414,262
CSC e-Governance Services India Limited,NPS Technologies Pvt. Ltd,1236,453
CSC e-Governance Services India Limited,NVR & ASSOCIATES LIMITED,109,5
CSC e-Governance Services India Limited,National Cooperative Consumers Federation of India Limited,93,10
CSC e-Governance Services India Limited,Nekton IT India Pvt Ltd.,1245,149
CSC e-Governance Services India Limited,Network for Information & Computer,627,131
CSC e-Governance Services India Limited,Promind Solutions P Limited,1493,192
CSC e-Governance Services India Limited,Radiant Haroti Industries India Ltd,3766,249
CSC e-Governance Services India Limited,Raj Construction Co.,548,15
CSC e-Governance Services India Limited,SPANCO,433,89
CSC e-Governance Services India Limited,SRR Infotech,471,188
CSC e-Governance Services India Limited,Sahaj e-Village Limited,9678,481
CSC e-Governance Services India Limited,Tera Software Ltd,5022,340
CSC e-Governance Services India Limited,United Telecoms e-Services Pvt Ltd,1410,335
CSC e-Governance Services India Limited,VIKALP MULTIMEDIA,128,52
CSC e-Governance Services India Limited,VISION COMPTECH INTEGRATOR LTD,74,14
CSC e-Governance Services India Limited,Vayam technologies Ltd,3191,326
CSC e-Governance Services India Limited,Vedavaag Systems Limited,8346,326
CSC e-Governance Services India Limited,Zephyr System Pvt.Ltd.,2681,262
Canara Bank,FINANCIAL INFORMATION NETWORK,10286,686
Canara Bank,Karvy Data Management Services,4894,577
Canara Bank,Ojus Healthcare Private Limited,128,21
Canara Bank,Osiris Infotech Pvt. Ltd.,21,8
Canara Bank,Smart Chip Limited,3544,433
Canara Bank,Virinchi Technologies Ltd,1274,97
Central Bank of India,CALANCE SOFTWARE PRIVATE LTD,0,2
Central Bank of India,IAP COMPANY Pvt. Ltd,1,3
Central Bank of India,The Peerless General Finance,0,34
DENA BANK,77 Infosystems Pvt Ltd,583,16
DENA BANK,A-Onerealtors Pvt Ltd,263,78
DENA BANK,APEX Services,459,28
DENA BANK,AS International,220,42
DENA BANK,ATISHAY INFOTECH PVT. LTD.,1261,54
DENA BANK,AVVAS INFOTECH PVT  LTD,1475,207
DENA BANK,Advent Infomax Private Ltd,9,2
DENA BANK,Amar Constructions,195,12
DENA BANK,Asha Security Guard Services,951,119
DENA BANK,BNR UDYOG LIMITED,108,6
DENA BANK,Binary Systems,534,160
DENA BANK,Bloom Solutions Pvt Ltd,254,42
DENA BANK,Blue Circle Instrument,110,15
DENA BANK,Business Information Processing Services,94,29
DENA BANK,CALANCE SOFTWARE PRIVATE LTD,2117,117
DENA BANK,DATASOFT COMPUTER SERVICES(P),499,99
DENA BANK,DEVASHISH SECURITIES PVT. LTD.,7,2
DENA BANK,Eagle Software India Pvt. Ltd,1607,81
DENA BANK,FINANCIAL INFORMATION NETWORK,4263,220
DENA BANK,Gem Computers,363,53
DENA BANK,Gujarat Infotech Ltd.,310,29
DENA BANK,HyperSoft Technologies Ltd,200,15
DENA BANK,IAP COMPANY Pvt. Ltd,4227,386
DENA BANK,India Computer Technology,61,32
DENA BANK,JNET Technologies Pvt.Ltd,92,19
DENA BANK,K W Consulting P Ltd,720,29
DENA BANK,M/S STAR DATA CENTRE,241,37
DENA BANK,M/s Gold Square Builders & Promoters Pvt. Ltd.,1290,128
DENA BANK,MARS Telecom Systems Pvt Ltd,724,96
DENA BANK,MEGHA VINCOM PVT LTD,1624,240
DENA BANK,MKS Enterprises,464,16
DENA BANK,Make India Smart Private Limited,1932,133
DENA BANK,Multiwave Innovation,1247,133
DENA BANK,NVR & ASSOCIATES LIMITED,850,129
DENA BANK,Netlink software Pvt Ltd,1287,207
DENA BANK,Nielsen  India  Private Limited,5594,703
DENA BANK,Offshoot Agency Pvt. Ltd.,488,39
DENA BANK,Om Softwares,33,8
DENA BANK,Ortem Securities Limited,448,17
DENA BANK,Prodigy Systems and Services Private Limited,1,2
DENA BANK,Radiant Haroti Industries India Ltd,129,39
DENA BANK,Ricoh India Limited,296,8
DENA BANK,SGS INDIA PVT LTD,1997,109
DENA BANK,Silver Touch Technologies Ltd,662,122
DENA BANK,Sixth Dimension Project Solutions Ltd,116,11
DENA BANK,Soc for Advancement of Environ Science,143,40
DENA BANK,SoftAge Information Technology Limited,61,11
DENA BANK,Super Printers,263,37
DENA BANK,Systematic & Advance Const P L,3,5
DENA BANK,TechSmart India Pvt Ltd,1472,101
DENA BANK,Tera Software Ltd,212,75
DENA BANK,The NSIC ltd,129,18
DENA BANK,Transline Technologies P Ltd,400,58
DENA BANK,Utility Forms Pvt Ltd,1503,103
DENA BANK,VAP INFOSOLUTIONS,1958,143
DENA BANK,VISION COMPTECH INTEGRATOR LTD,712,92
DENA BANK,Vedavaag Systems Limited,2240,126
DENA BANK,Virinchi Technologies Ltd,2054,142
DENA BANK,WEBEL,1622,354
DENA BANK,Wipro Ltd,3172,1442
DENA BANK,Yash Ornaments Pvt. Ltd,944,120
DENA BANK,Zephyr System Pvt.Ltd.,3570,284
Delhi - East DC,DATASOFT COMPUTER SERVICES(P),0,4
Delhi- South DC,Karvy Computershare Private Li,9,1
Dept of ITC Govt of Rajasthan,ATISHAY INFOTECH PVT. LTD.,153,16
Dept of ITC Govt of Rajasthan,AVVAS INFOTECH PVT  LTD,0,2
Dept of ITC Govt of Rajasthan,Binary Systems,7,12
Dept of ITC Govt of Rajasthan,Business Information Processing Services,128,25
Dept of ITC Govt of Rajasthan,CMS Computers Ltd,37,10
Dept of ITC Govt of Rajasthan,COMTECH INSTITUTE OFTECHNOLOGY,58,8
Dept of ITC Govt of Rajasthan,DATASOFT COMPUTER SERVICES(P),232,42
Dept of ITC Govt of Rajasthan,FINANCIAL INFORMATION NETWORK,538,110
Dept of ITC Govt of Rajasthan,Gem Computers,4,16
Dept of ITC Govt of Rajasthan,Gujarat Infotech Ltd.,19,17
Dept of ITC Govt of Rajasthan,IAP COMPANY Pvt. Ltd,63,15
Dept of ITC Govt of Rajasthan,Karvy Data Management Services,120,13
Dept of ITC Govt of Rajasthan,M/s Sanish Choudhary,1,25
Dept of ITC Govt of Rajasthan,MEGHA VINCOM PVT LTD,138,34
Dept of ITC Govt of Rajasthan,Matrix Processing House,71,30
Dept of ITC Govt of Rajasthan,Multiwave Innovation,3,1
Dept of ITC Govt of Rajasthan,Osiris Infotech Pvt. Ltd.,101,21
Dept of ITC Govt of Rajasthan,Radiant Haroti Industries India Ltd,67,15
Dept of ITC Govt of Rajasthan,Radiant Info Systems Ltd,108,20
Dept of ITC Govt of Rajasthan,Ricoh India Limited,108,19
Dept of ITC Govt of Rajasthan,SAR Technology,1,3
Dept of ITC Govt of Rajasthan,SREI INFRASTRUCTURE FINANCES L,13,0
Dept of ITC Govt of Rajasthan,TechSmart India Pvt Ltd,199,50
Dept of ITC Govt of Rajasthan,Transline Technologies P Ltd,79,19
Dept of ITC Govt of Rajasthan,UMC Technologies Pvt. Ltd,58,22
Dept of ITC Govt of Rajasthan,Vakrangee Softwares Limited,982,310
Dept of ITC Govt of Rajasthan,Vayam technologies Ltd,73,48
FCR Govt of Haryana,4G INFORMATICS,11,7
FCR Govt of Haryana,Academy of Management Studies,204,23
FCR Govt of Haryana,Radiant Info Systems Ltd,137,66
FCR Govt of Haryana,SoftAge Information Technology Limited,448,97
FCR Govt of Haryana,Vakrangee Softwares Limited,0,1
FCR Govt of Haryana,Vayam technologies Ltd,102,28
FCS Govt of Punjab,District Sukhmani Society  Jalandhar  Punjab,81,7
FCS Govt of Punjab,District Sukhmani Society  Ludhiana  Punjab,112,26
FCS Govt of Punjab,District Sukhmani Society  Moga  Punjab,8,4
FCS Govt of Punjab,District Sukhmani Society Amritsar Punjab,58,10
FCS Govt of Punjab,District Sukhmani Society Barnala Punjab,26,7
FCS Govt of Punjab,District Sukhmani Society Bathinda Punjab,37,13
FCS Govt of Punjab,District Sukhmani Society Fatehgarh Sahib Punjab,38,4
FCS Govt of Punjab,District Sukhmani Society Fazilka Punjab,21,2
FCS Govt of Punjab,District Sukhmani Society Ferozepur Punjab,26,5
FCS Govt of Punjab,District Sukhmani Society For Citizen Services Mansa Punjab,7,4
FCS Govt of Punjab,District Sukhmani Society For Citizen Services Nawanshahr Punjab,36,1
FCS Govt of Punjab,District Sukhmani Society For Citizen Services SAS Nagar District e-Governance Society Punjab,36,8
FCS Govt of Punjab,District Sukhmani Society Pathankot Punjab,22,2
FCS Govt of Punjab,District Sukhmani Society Patiala Punjab,32,8
FCS Govt of Punjab,District Sukhmani Society Rupnagar Punjab,3,1
FCS Govt of Punjab,District Sukhmani Society Sangrur Punjab,54,13
FCS Govt of Punjab,District Sukhmani Society Sri Muktsar Sahib Punjab,23,1
FCS Govt of Punjab,District Sukhmani Society Tarn Taran Punjab,22,4
FCS Govt of Punjab,Karvy Computershare Private Li,20,28
FCS Govt of Punjab,Sukhmani Society For Citizen Services  Kapurthala  Punjab,14,8
FCS Govt of Punjab,Sukhmani Society For Citizen Services Gurdaspur Punjab,1,0
FCS Govt of Punjab,Sukhmani Society For Citizens Services Faridkot Punjab,31,7
FCS Govt of Punjab,Suwidha Society Hoshiarpur Punjab,38,4
FCS Govt of Punjab,Vayam technologies Ltd,123,24
FCS Govt of Punjab,eCentric solutions pvt ltd,132,27
Govt of Andhra Pradesh,Gouthami Educational Society,7,3
Govt of Andhra Pradesh,GrapeSoft,9,0
Govt of Andhra Pradesh,INFRONICS SYSTEMS LTD,1,1
Govt of Andhra Pradesh,Madras Security Printers Ltd,0,2
Govt of Andhra Pradesh,TechSmart India Pvt Ltd,0,1
Govt of Gujarat,GSS Infotech Ltd,57,12
Govt of Gujarat,Karvy Computershare Private Li,671,78
Govt of Gujarat,Silver Touch Technologies Ltd,624,83
Govt of Gujarat,Tera Software Ltd,176,11
Govt of Gujarat,Vayam technologies Ltd,27,4
Govt of Gujarat,eCentric solutions pvt ltd,643,36
Govt of Himachal Pradesh,i-Grandee SoftwareTechnologies,20,9
Govt of Karnataka ,EDCS GOK,113,39
Govt of Karnataka ,Ninestars Information Technologies Ltd,0,1
Govt of Karnataka ,Om Softwares,0,5
Govt of Karnataka ,Origin ITFS Pvt Ltd,0,3
Govt of Kerala,Akshaya,2097,238
Govt of Kerala,Keltron,11,2
Govt of Maharashtra,Global Finsol Private Limited,0,1
Govt of Maharashtra,Karvy Computershare Private Li,0,1
Govt of Maharashtra,M/S King Computer System pvt Ltd,37,8
Govt of Maharashtra,M/s. Vidya Online  Pune,7,1
Govt of Maharashtra,Netlink software Pvt Ltd,0,1
Govt of Maharashtra,Rudranee Infotech Ltd,2,3
Govt of Maharashtra,SETU MAHARASHTRA,74,11
Govt of Maharashtra,SHREERAM PRINTING PRESS,39,4
Govt of Maharashtra,SILVER JUBILEE MOTORS LTD.,28,1
Govt of Maharashtra,Vidarbha Infotech Pvt Ltd,1,1
Govt of Sikkim - Dept of Econo,Department of Economics Statistics  Monitoring and Evaluation DESME,2,1
IDBI Bank ltd,ATISHAY INFOTECH PVT. LTD.,291,48
IDBI Bank ltd,Matrix Processing House,115,7
IDBI Bank ltd,SREEVEN INFOCOM LIMITED,509,55
Indiapost,Global Finsol Private Limited,0,1
Indiapost,M/S STAR DATA CENTRE,0,1
Indiapost,MARS Telecom Systems Pvt Ltd,0,1
Indiapost,Vayam technologies Ltd,0,3
Information Technology & Communication Department,4G INFORMATICS,0,1
Information Technology & Communication Department,CSS TECHNERGY LIMITED,0,1
Information Technology & Communication Department,Directorate of ESD,2998,797
Information Technology & Communication Department,MARS Telecom Systems Pvt Ltd,1,0
Jharkhand,Wipro Ltd,1,2
NSDL e-Governance Infrastructure Limited,Abhipra Capital Ltd,240,30
NSDL e-Governance Infrastructure Limited,Alankit Assignments Limited,0,1
NSDL e-Governance Infrastructure Limited,Alankit Finsec Ltd,3230,445
NSDL e-Governance Infrastructure Limited,Amar Constructions,335,15
NSDL e-Governance Infrastructure Limited,CALANCE SOFTWARE PRIVATE LTD,0,1
NSDL e-Governance Infrastructure Limited,COMTECHINFO SOLUTIONS PVT.LTD,4,4
NSDL e-Governance Infrastructure Limited,Gujarat Infotech Ltd.,1950,331
NSDL e-Governance Infrastructure Limited,IAP COMPANY Pvt. Ltd,17,11
NSDL e-Governance Infrastructure Limited,Karvy Data Management Services,13545,2117
NSDL e-Governance Infrastructure Limited,N.K. Sharma Enterprises Ltd.,71,23
NSDL e-Governance Infrastructure Limited,Netlink software Pvt Ltd,420,131
NSDL e-Governance Infrastructure Limited,Offshoot Agency Pvt. Ltd.,797,87
NSDL e-Governance Infrastructure Limited,Ojus G Enterprises,1048,124
NSDL e-Governance Infrastructure Limited,Promind Solutions P Limited,1643,267
NSDL e-Governance Infrastructure Limited,RELIGARE SECURITIES LTD,1234,137
NSDL e-Governance Infrastructure Limited,Radiant Haroti Industries India Ltd,43,3
NSDL e-Governance Infrastructure Limited,Ricoh India Limited,1775,496
NSDL e-Governance Infrastructure Limited,SNR Edatas Pvt Ltd,77,4
NSDL e-Governance Infrastructure Limited,Sri Ramraja Sarkar Lok Kalyan Trust,1265,102
NSDL e-Governance Infrastructure Limited,Utility Forms Pvt Ltd,2757,311
NSDL e-Governance Infrastructure Limited,VIRGO SOFTECH LIMITED,2479,299
Oriental Bank of Commerce,DATASOFT COMPUTER SERVICES(P),0,3
Oriental Bank of Commerce,JNET Technologies Pvt.Ltd,1,0
Oriental Bank of Commerce,Redim Software Technologies Pvt Ltd,0,2
Oriental Bank of Commerce,Wipro Ltd,1,0
Principal Revenue Commissioner  Dept of Revenue  Govt of MP,Frontech Systems Pvt Ltd,2,1
Principal Revenue Commissioner  Dept of Revenue  Govt of MP,K W Consulting P Ltd,2,2
Principal Revenue Commissioner  Dept of Revenue  Govt of MP,Netlink software Pvt Ltd,0,1
Principal Revenue Commissioner  Dept of Revenue  Govt of MP,OSWAL COMPUTERS & CONSULTANTS,0,9
Principal Revenue Commissioner  Dept of Revenue  Govt of MP,Vedavaag Systems Limited,0,1
Project Coordinator UID Project Madhya Pradesh,A I Soc for Electronics and Comp Tech,768,101
Project Coordinator UID Project Madhya Pradesh,DATASOFT COMPUTER SERVICES(P),508,57
Project Coordinator UID Project Madhya Pradesh,LYRA  CONSULTANCY SERVICE,88,20
Project Coordinator UID Project Madhya Pradesh,Matrix Processing House,92,29
Project Coordinator UID Project Madhya Pradesh,OSWAL COMPUTERS & CONSULTANTS,611,199
Project Coordinator UID Project Madhya Pradesh,Orion Security Solutions Private Ltd,230,28
Project Coordinator UID Project Madhya Pradesh,Sixth Dimension Project Solutions Ltd,108,10
Punjab National Bank,Alankit Finsec Ltd,1061,91
Punjab National Bank,Eagle Software India Pvt. Ltd,1908,189
Punjab National Bank,MARS Telecom Systems Pvt Ltd,2,1
Punjab National Bank,Smart Chip Limited,605,105
Punjab National Bank,Vayam technologies Ltd,571,55
Punjab and Sind Bank,Matrix Processing House,758,113
Registrar General India - BEL,Manipur Electronics Dev Corp,33,1
Registrar General India BEL2,Bharat Electronics Limited,1,1
Registrar General India BEL2,Computer LAB,0,1
Registrar General India BEL2,In Media Computer Services LLP,5,3
Registrar General India BEL2,Karvy Data Management Services,1193,4
Registrar General India BEL2,MACRO INFOTECH PVT LTD,3512,112
Registrar General India BEL2,Madras Security Printers Ltd,934,190
Registrar General India BEL2,Manipur Electronics Dev Corp,256,15
Registrar General India BEL2,Multiwave Innovation,101,6
Registrar General India BEL2,Netlink software Pvt Ltd,1,3
Registrar General India BEL2,Nevaeh Technology Pvt. Ltd.,0,2
Registrar General India BEL2,Nielsen  India  Private Limited,0,6
Registrar General India BEL2,SNR Edatas Pvt Ltd,3344,216
Registrar General India BEL2,SREEVEN INFOCOM LIMITED,0,1
Registrar General India BEL2,SREI INFRASTRUCTURE FINANCES L,82,11
Registrar General India BEL2,STRATEGIC OUTSOURCING SERVICE,0,1
Registrar General India BEL2,Swathy Smartcards Hi-Tech Pvt,0,1
Registrar General India BEL2,Swiss Tech India Pvt Ltd,25,4
Registrar General India BEL2,Tera Software Ltd,1039,2
Registrar General India BEL2,UNITED DATA SERVICES PRIVATE LIMITED,754,131
Registrar General India BEL2,VIRGO SOFTECH LIMITED,0,2
Registrar General India BEL2,Vedavaag Systems Limited,2,1
Registrar General India BEL2,Viesa Technologies,1165,82
Registrar General India ECIL,AVVAS INFOTECH PVT  LTD,0,1
Registrar General India ECIL,COMTECHINFO SOLUTIONS PVT.LTD,141,127
Registrar General India ECIL,Chinar Construction Company Prime agency,4,1
Registrar General India ECIL,Computer LAB,8234,1056
Registrar General India ECIL,Eagle Software India Pvt. Ltd,1471,6624
Registrar General India ECIL,Emdee Digitronics Pvt.Ltd.,123,11
Registrar General India ECIL,Esoft Consulting Limited,0,2
Registrar General India ECIL,In Media Computer Services LLP,267,867
Registrar General India ECIL,India Computer Technology,259,1032
Registrar General India ECIL,Integrated Systems & Services,10,1
Registrar General India ECIL,Karvy Data Management Services,4873,326
Registrar General India ECIL,LYRA  CONSULTANCY SERVICE,11,1
Registrar General India ECIL,Madras Security Printers Ltd,2404,589
Registrar General India ECIL,SARADA SYSTEMS,60,11
Registrar General India ECIL,SWISSTECH NPR 57CR PROJECT PVT,2,6
Registrar General India ECIL,Tera Software Ltd,763,601
Registrar General India ECIL,Vedavaag Systems Limited,0,10
Registrar General India ECIL,WEBEL TECHNOLOGY LIMITED,51,10
Registrar General India Others,Clairvoyance Technologies Pvt.,0,3
Registrar General of India ITI,Eagle Software India Pvt. Ltd,8,18
Registrar General of India ITI,Emdee Digitronics Pvt.Ltd.,1010,155
Registrar General of India ITI,In Media Computer Services LLP,123,13
Registrar General of India ITI,Karvy Data Management Services,21,3
Registrar General of India ITI,Madras Security Printers Ltd,17,52
Registrar General of India ITI,Netlink software Pvt Ltd,94,18
Registrar General of India ITI,Nevaeh Technology Pvt. Ltd.,90,6
Registrar General of India ITI,PROTEX COMPUTER PVT LTD,0,1
Registrar General of India ITI,Quick Data IT Services Pvt Ltd,19,0
Registrar General of India ITI,SNR Edatas Pvt Ltd,90,18
Registrar General of India ITI,Swathy Smartcards Hi-Tech Pvt,0,4
Registrar General of India ITI,VIRGO SOFTECH LIMITED,0,4
Registrar General of India ITI,WEBEL TECHNOLOGY LIMITED,664,106
Registrar General of India ITI,Webx Technologies Private Limited,361,2
Rural Development Dept  Govt. of Bihar,Bloom Solutions Pvt Ltd,64,8
Rural Development Dept  Govt. of Bihar,Computer LAB,1374,11
Rural Development Dept  Govt. of Bihar,Emdee Digitronics Pvt.Ltd.,15,35
Rural Development Dept  Govt. of Bihar,FINANCIAL INFORMATION NETWORK,4268,259
Rural Development Dept  Govt. of Bihar,M2C Private Solution,952,24
Rural Development Dept  Govt. of Bihar,MKS Enterprises,81,9
Rural Development Dept  Govt. of Bihar,Urmila Info solution,292,21
State Bank of India,Silver Touch Technologies Ltd,29,1
State Bank of India,Smart Chip Limited,89,2
UIDAI-Registrar,UIDAI-EA,12,4
Union Bank,FINANCIAL INFORMATION NETWORK,8655,1495
Union Bank,Smart Chip Limited,597,90
Union Bank,Vakrangee Softwares Limited,4959,650
