Registrar,Enrolment Agency,Aadhaar generated,Enrolment Rejected
Allahabad Bank,A-Onerealtors Pvt Ltd,4562,208
Allahabad Bank,Asha Security Guard Services,6134,521
Allahabad Bank,Emdee Digitronics Pvt.Ltd.,8902,128
Allahabad Bank,MEGHA VINCOM PVT LTD,1745,76
Allahabad Bank,Nevaeh Technology Pvt. Ltd.,8236,199
Allahabad Bank,PROTEX COMPUTER PVT LTD,144,22
Allahabad Bank,Radiant Haroti Industries India Ltd,0,26
Allahabad Bank,Redim Software Technologies Pvt Ltd,1637,202
Allahabad Bank,SGS INDIA PVT LTD,1876,193
Allahabad Bank,Sri Ramraja Sarkar Lok Kalyan Trust,954,40
Allahabad Bank,VAP INFOSOLUTIONS,220,686
Allahabad Bank,Vedavaag Systems Limited,4621,172
Bank Of India,A3 Logics  India  Ltd,389,48
Bank Of India,Akanksha International,45,1
Bank Of India,Blue Circle Instrument,2,0
Bank Of India,CHESSY CONSULTANTS PVT LTD,76,2
Bank Of India,DATASOFT COMPUTER SERVICES(P),1041,165
Bank Of India,Emdee Digitronics Pvt.Ltd.,14,0
Bank Of India,Frontech Systems Pvt Ltd,571,26
Bank Of India,Matrix Processing House,0,1
Bank Of India,OSWAL COMPUTERS & CONSULTANTS,425,52
Bank Of India,PROTEX COMPUTER PVT LTD,3688,80
Bank Of India,SARADA SYSTEMS,835,63
Bank Of India,SHRIKRISHNA KHANDASARI SUGAR M,2,0
Bank Of India,SREI INFRASTRUCTURE FINANCES L,20895,1415
Bank Of India,VEETECHNOLOGIES PVT. LTD,1945,188
Bank Of India,Vakrangee Softwares Limited,1,0
Bank of Baroda,Global Finsol Private Limited,126,49
Bank of Maharashtra,FINANCIAL INFORMATION NETWORK,37,2
Bank of Maharashtra,Tera Software Ltd,1059,205
CSC e-Governance Services India Limited,A I Soc for Electronics and Comp Tech,13021,791
CSC e-Governance Services India Limited,AKSH OPTIFIBRE LIMITED,12712,727
CSC e-Governance Services India Limited,BASIX,8004,955
CSC e-Governance Services India Limited,Binary Systems,35,6
CSC e-Governance Services India Limited,Bloom Solutions Pvt Ltd,7136,285
CSC e-Governance Services India Limited,CALANCE SOFTWARE PRIVATE LTD,1923,210
CSC e-Governance Services India Limited,CHIPS,2803,96
CSC e-Governance Services India Limited,CMS Computers Ltd,25802,1784
CSC e-Governance Services India Limited,CSC e-Governance Services India Limited,3840,329
CSC e-Governance Services India Limited,Computer Print,125,2
CSC e-Governance Services India Limited,Conatus Infocom Pvt. Ltd,526,61
CSC e-Governance Services India Limited,DATASOFT COMPUTER SERVICES(P),4335,419
CSC e-Governance Services India Limited,Gem Computers,25,3
CSC e-Governance Services India Limited,Home Life Buildcon Pvt Ltd,2667,266
CSC e-Governance Services India Limited,HyperSoft Technologies Ltd,2845,80
CSC e-Governance Services India Limited,IAP COMPANY Pvt. Ltd,35213,1347
CSC e-Governance Services India Limited,Intelligent Communication Sys India Ltd,0,2
CSC e-Governance Services India Limited,Janta Silikon Consortium,2914,225
CSC e-Governance Services India Limited,Jeevan Deep Charitable Society,1140,21
CSC e-Governance Services India Limited,MANTRA SOFTTECH (INDIA) PVTLTD,3311,275
CSC e-Governance Services India Limited,MEGHA VINCOM PVT LTD,791,88
CSC e-Governance Services India Limited,Mahaonline Limited,2700,400
CSC e-Governance Services India Limited,NPS Technologies Pvt. Ltd,7728,448
CSC e-Governance Services India Limited,NVR & ASSOCIATES LIMITED,390,16
CSC e-Governance Services India Limited,National Cooperative Consumers Federation of India Limited,126,37
CSC e-Governance Services India Limited,Nekton IT India Pvt Ltd.,3477,141
CSC e-Governance Services India Limited,Network for Information & Computer,1916,311
CSC e-Governance Services India Limited,Promind Solutions P Limited,6241,337
CSC e-Governance Services India Limited,Radiant Haroti Industries India Ltd,10229,763
CSC e-Governance Services India Limited,Raj Construction Co.,504,32
CSC e-Governance Services India Limited,SPANCO,965,149
CSC e-Governance Services India Limited,SRR Infotech,1261,201
CSC e-Governance Services India Limited,Sahaj e-Village Limited,28034,944
CSC e-Governance Services India Limited,Tera Software Ltd,8792,525
CSC e-Governance Services India Limited,United Telecoms e-Services Pvt Ltd,3347,488
CSC e-Governance Services India Limited,VIKALP MULTIMEDIA,709,134
CSC e-Governance Services India Limited,VISION COMPTECH INTEGRATOR LTD,660,96
CSC e-Governance Services India Limited,Vakrangee Softwares Limited,32,4
CSC e-Governance Services India Limited,Vayam technologies Ltd,11182,779
CSC e-Governance Services India Limited,Vedavaag Systems Limited,22714,1077
CSC e-Governance Services India Limited,Zephyr System Pvt.Ltd.,10073,597
Canara Bank,FINANCIAL INFORMATION NETWORK,32459,1246
Canara Bank,Karvy Data Management Services,15518,3084
Canara Bank,Ojus Healthcare Private Limited,331,22
Canara Bank,Osiris Infotech Pvt. Ltd.,113,19
Canara Bank,Smart Chip Limited,13668,915
Canara Bank,Virinchi Technologies Ltd,1033,152
Central Bank of India,CALANCE SOFTWARE PRIVATE LTD,4,0
Central Bank of India,IAP COMPANY Pvt. Ltd,5,5
DENA BANK,77 Infosystems Pvt Ltd,1655,43
DENA BANK,A-Onerealtors Pvt Ltd,719,74
DENA BANK,APEX Services,1194,179
DENA BANK,AS International,2343,133
DENA BANK,ATISHAY INFOTECH PVT. LTD.,2479,123
DENA BANK,AVVAS INFOTECH PVT  LTD,7364,739
DENA BANK,Advent Infomax Private Ltd,55,9
DENA BANK,Amar Constructions,1339,49
DENA BANK,Asha Security Guard Services,4221,329
DENA BANK,BNR UDYOG LIMITED,48,10
DENA BANK,Binary Systems,2191,320
DENA BANK,Bloom Solutions Pvt Ltd,2467,120
DENA BANK,Blue Circle Instrument,622,46
DENA BANK,Business Information Processing Services,471,171
DENA BANK,CALANCE SOFTWARE PRIVATE LTD,3310,183
DENA BANK,DATASOFT COMPUTER SERVICES(P),3902,208
DENA BANK,DEVASHISH SECURITIES PVT. LTD.,117,1
DENA BANK,Eagle Software India Pvt. Ltd,3939,121
DENA BANK,Emdee Digitronics Pvt.Ltd.,20,9
DENA BANK,FINANCIAL INFORMATION NETWORK,10618,319
DENA BANK,Gem Computers,1463,105
DENA BANK,Gujarat Infotech Ltd.,640,42
DENA BANK,HyperSoft Technologies Ltd,1540,190
DENA BANK,IAP COMPANY Pvt. Ltd,13962,560
DENA BANK,India Computer Technology,1620,37
DENA BANK,JNET Technologies Pvt.Ltd,389,30
DENA BANK,K W Consulting P Ltd,1607,96
DENA BANK,M/S STAR DATA CENTRE,1067,70
DENA BANK,M/s Gold Square Builders & Promoters Pvt. Ltd.,1718,58
DENA BANK,MARS Telecom Systems Pvt Ltd,12167,204
DENA BANK,MEGHA VINCOM PVT LTD,4672,408
DENA BANK,MKS Enterprises,2379,141
DENA BANK,Make India Smart Private Limited,3916,264
DENA BANK,Multiwave Innovation,3000,296
DENA BANK,NVR & ASSOCIATES LIMITED,3819,261
DENA BANK,Narayana Electricals Solution Pvt Ltd,1,0
DENA BANK,Netlink software Pvt Ltd,4125,312
DENA BANK,Nielsen  India  Private Limited,21111,1988
DENA BANK,Offshoot Agency Pvt. Ltd.,1472,119
DENA BANK,Om Softwares,44,22
DENA BANK,Ortem Securities Limited,2521,88
DENA BANK,Prodigy Systems and Services Private Limited,92,9
DENA BANK,Radiant Haroti Industries India Ltd,370,182
DENA BANK,Ricoh India Limited,1297,64
DENA BANK,SGS INDIA PVT LTD,4800,447
DENA BANK,Silver Touch Technologies Ltd,3034,194
DENA BANK,Sixth Dimension Project Solutions Ltd,614,16
DENA BANK,Soc for Advancement of Environ Science,458,114
DENA BANK,SoftAge Information Technology Limited,265,14
DENA BANK,Super Printers,2109,98
DENA BANK,Systematic & Advance Const P L,10,9
DENA BANK,TechSmart India Pvt Ltd,2370,166
DENA BANK,Tera Software Ltd,361,66
DENA BANK,The NSIC ltd,92,13
DENA BANK,Transline Technologies P Ltd,1586,59
DENA BANK,Utility Forms Pvt Ltd,2903,171
DENA BANK,VAP INFOSOLUTIONS,5730,858
DENA BANK,VISION COMPTECH INTEGRATOR LTD,3483,271
DENA BANK,Vedavaag Systems Limited,9993,856
DENA BANK,Virinchi Technologies Ltd,8377,468
DENA BANK,WEBEL,5083,584
DENA BANK,Wipro Ltd,14395,4600
DENA BANK,Yash Ornaments Pvt. Ltd,2943,177
DENA BANK,Zephyr System Pvt.Ltd.,13943,648
Delhi - East DC,DATASOFT COMPUTER SERVICES(P),1,3
Delhi-NW DC,Karvy Computershare Private Li,0,1
Department of Information Technology Govt of Jharkhand,Wipro Ltd,1,0
Dept of ITC Govt of Rajasthan,AKSH OPTIFIBRE LIMITED,4,6
Dept of ITC Govt of Rajasthan,ATISHAY INFOTECH PVT. LTD.,487,66
Dept of ITC Govt of Rajasthan,AVVAS INFOTECH PVT  LTD,187,1
Dept of ITC Govt of Rajasthan,Academy of Management Studies,5,4
Dept of ITC Govt of Rajasthan,Binary Systems,11,1
Dept of ITC Govt of Rajasthan,Business Information Processing Services,283,76
Dept of ITC Govt of Rajasthan,CMS Computers Ltd,525,50
Dept of ITC Govt of Rajasthan,COMTECH INSTITUTE OFTECHNOLOGY,217,5
Dept of ITC Govt of Rajasthan,DATASOFT COMPUTER SERVICES(P),250,42
Dept of ITC Govt of Rajasthan,FINANCIAL INFORMATION NETWORK,1514,282
Dept of ITC Govt of Rajasthan,Gem Computers,78,20
Dept of ITC Govt of Rajasthan,Gujarat Infotech Ltd.,49,20
Dept of ITC Govt of Rajasthan,IAP COMPANY Pvt. Ltd,234,44
Dept of ITC Govt of Rajasthan,Karvy Data Management Services,490,293
Dept of ITC Govt of Rajasthan,M/s Sanish Choudhary,212,16
Dept of ITC Govt of Rajasthan,MEGHA VINCOM PVT LTD,1265,201
Dept of ITC Govt of Rajasthan,Matrix Processing House,118,33
Dept of ITC Govt of Rajasthan,Multiwave Innovation,7,2
Dept of ITC Govt of Rajasthan,Osiris Infotech Pvt. Ltd.,205,146
Dept of ITC Govt of Rajasthan,Radiant Haroti Industries India Ltd,16,124
Dept of ITC Govt of Rajasthan,Radiant Info Systems Ltd,167,48
Dept of ITC Govt of Rajasthan,Ricoh India Limited,726,47
Dept of ITC Govt of Rajasthan,SAR Technology,78,17
Dept of ITC Govt of Rajasthan,SREI INFRASTRUCTURE FINANCES L,21,0
Dept of ITC Govt of Rajasthan,TechSmart India Pvt Ltd,362,60
Dept of ITC Govt of Rajasthan,Transline Technologies P Ltd,476,65
Dept of ITC Govt of Rajasthan,UMC Technologies Pvt. Ltd,31,13
Dept of ITC Govt of Rajasthan,VIRGO SOFTECH LIMITED,0,1
Dept of ITC Govt of Rajasthan,VISION COMPTECH INTEGRATOR LTD,8,0
Dept of ITC Govt of Rajasthan,Vakrangee Softwares Limited,2980,388
Dept of ITC Govt of Rajasthan,Vayam technologies Ltd,286,39
FCR Govt of Haryana,4G INFORMATICS,35,4
FCR Govt of Haryana,Academy of Management Studies,835,123
FCR Govt of Haryana,Radiant Info Systems Ltd,375,35
FCR Govt of Haryana,SoftAge Information Technology Limited,1149,165
FCR Govt of Haryana,Vayam technologies Ltd,680,76
FCS Govt of Punjab,District Sukhmani Society  Jalandhar  Punjab,36,3
FCS Govt of Punjab,District Sukhmani Society  Ludhiana  Punjab,67,12
FCS Govt of Punjab,District Sukhmani Society  Moga  Punjab,45,16
FCS Govt of Punjab,District Sukhmani Society Amritsar Punjab,73,9
FCS Govt of Punjab,District Sukhmani Society Barnala Punjab,34,5
FCS Govt of Punjab,District Sukhmani Society Bathinda Punjab,82,13
FCS Govt of Punjab,District Sukhmani Society Fatehgarh Sahib Punjab,66,3
FCS Govt of Punjab,District Sukhmani Society Fazilka Punjab,91,4
FCS Govt of Punjab,District Sukhmani Society Ferozepur Punjab,51,6
FCS Govt of Punjab,District Sukhmani Society For Citizen Services Mansa Punjab,68,4
FCS Govt of Punjab,District Sukhmani Society For Citizen Services Nawanshahr Punjab,50,4
FCS Govt of Punjab,District Sukhmani Society For Citizen Services SAS Nagar District e-Governance Society Punjab,114,13
FCS Govt of Punjab,District Sukhmani Society Pathankot Punjab,23,3
FCS Govt of Punjab,District Sukhmani Society Patiala Punjab,20,8
FCS Govt of Punjab,District Sukhmani Society Rupnagar Punjab,25,1
FCS Govt of Punjab,District Sukhmani Society Sangrur Punjab,106,11
FCS Govt of Punjab,District Sukhmani Society Sri Muktsar Sahib Punjab,27,7
FCS Govt of Punjab,District Sukhmani Society Tarn Taran Punjab,21,24
FCS Govt of Punjab,Karvy Computershare Private Li,125,46
FCS Govt of Punjab,Sukhmani Society For Citizen Services  Kapurthala  Punjab,22,5
FCS Govt of Punjab,Sukhmani Society For Citizen Services Gurdaspur Punjab,3,6
FCS Govt of Punjab,Sukhmani Society For Citizens Services Faridkot Punjab,80,11
FCS Govt of Punjab,Suwidha Society Hoshiarpur Punjab,27,2
FCS Govt of Punjab,Vayam technologies Ltd,623,107
FCS Govt of Punjab,eCentric solutions pvt ltd,366,55
Govt of Andhra Pradesh,Gouthami Educational Society,24,2
Govt of Andhra Pradesh,GrapeSoft,15,0
Govt of Andhra Pradesh,INFRONICS SYSTEMS LTD,0,5
Govt of Andhra Pradesh,TechSmart India Pvt Ltd,0,2
Govt of Andhra Pradesh,Tera Software Ltd,0,1
Govt of Gujarat,GSS Infotech Ltd,334,13
Govt of Gujarat,Karvy Computershare Private Li,1491,119
Govt of Gujarat,Silver Touch Technologies Ltd,1272,114
Govt of Gujarat,Tera Software Ltd,603,72
Govt of Gujarat,Transline Technologies P Ltd,70,1
Govt of Gujarat,Vayam technologies Ltd,82,8
Govt of Gujarat,eCentric solutions pvt ltd,96,14
Govt of Himachal Pradesh,i-Grandee SoftwareTechnologies,64,16
Govt of Karnataka ,BNR UDYOG LIMITED,1,0
Govt of Karnataka ,EDCS GOK,793,47
Govt of Karnataka ,Ninestars Information Technologies Ltd,1,0
Govt of Karnataka ,Origin ITFS Pvt Ltd,0,1
Govt of Karnataka ,SREEVEN INFOCOM LIMITED,1,0
Govt of Kerala,Akshaya,6379,192
Govt of Kerala,Keltron,12,1
Govt of Maharashtra,M/S King Computer System pvt Ltd,27,7
Govt of Maharashtra,M/s. Vidya Online  Pune,6,8
Govt of Maharashtra,Rudranee Infotech Ltd,114,0
Govt of Maharashtra,SETU MAHARASHTRA,190,59
Govt of Maharashtra,SILVER JUBILEE MOTORS LTD.,32,7
Govt of Maharashtra,SPANCO,0,1
Govt of Maharashtra,STRATEGIC OUTSOURCING SERVICE,24,2
Govt of Maharashtra,Silver Touch Technologies Ltd,1,0
Govt of Maharashtra,Transline Technologies P Ltd,1,0
Govt of Maharashtra,Vidarbha Infotech Pvt Ltd,8,1
Govt of Sikkim - Dept of Econo,Department of Economics Statistics  Monitoring and Evaluation DESME,66,4
IDBI Bank ltd,ATISHAY INFOTECH PVT. LTD.,446,55
IDBI Bank ltd,Matrix Processing House,276,18
IDBI Bank ltd,SREEVEN INFOCOM LIMITED,694,117
Indiapost,Delhi Integrated MMTS Ltd,0,2
Indiapost,MARS Telecom Systems Pvt Ltd,0,1
Information Technology & Communication Department,4G INFORMATICS,1,0
Information Technology & Communication Department,Directorate of ESD,7835,1358
Information Technology & Communication Department,JYOTHI COMPUTER SERVICES,0,3
Information Technology & Communication Department,Karvy Data Management Services,1,1
Information Technology & Communication Department,SREEVEN INFOCOM LIMITED,0,1
Information Technology & Communication Department,Tera Software Ltd,0,1
Jharkhand,Wipro Ltd,0,2
NSDL e-Governance Infrastructure Limited,Abhipra Capital Ltd,912,189
NSDL e-Governance Infrastructure Limited,Alankit Finsec Ltd,9337,792
NSDL e-Governance Infrastructure Limited,Amar Constructions,906,28
NSDL e-Governance Infrastructure Limited,COMTECHINFO SOLUTIONS PVT.LTD,24,0
NSDL e-Governance Infrastructure Limited,Gujarat Infotech Ltd.,7991,1156
NSDL e-Governance Infrastructure Limited,IAP COMPANY Pvt. Ltd,409,9
NSDL e-Governance Infrastructure Limited,Karvy Data Management Services,73037,10686
NSDL e-Governance Infrastructure Limited,N.K. Sharma Enterprises Ltd.,1402,114
NSDL e-Governance Infrastructure Limited,Netlink software Pvt Ltd,1891,326
NSDL e-Governance Infrastructure Limited,Offshoot Agency Pvt. Ltd.,3768,370
NSDL e-Governance Infrastructure Limited,Ojus G Enterprises,3694,346
NSDL e-Governance Infrastructure Limited,Promind Solutions P Limited,10261,477
NSDL e-Governance Infrastructure Limited,RELIGARE SECURITIES LTD,5103,511
NSDL e-Governance Infrastructure Limited,Radiant Haroti Industries India Ltd,181,78
NSDL e-Governance Infrastructure Limited,Ricoh India Limited,11296,673
NSDL e-Governance Infrastructure Limited,SNR Edatas Pvt Ltd,182,9
NSDL e-Governance Infrastructure Limited,Sri Ramraja Sarkar Lok Kalyan Trust,6592,486
NSDL e-Governance Infrastructure Limited,Utility Forms Pvt Ltd,6982,360
NSDL e-Governance Infrastructure Limited,VIRGO SOFTECH LIMITED,4874,735
Oriental Bank of Commerce,Sri Ramraja Sarkar Lok Kalyan Trust,2,0
Oriental Bank of Commerce,Wipro Ltd,3,4
Principal Revenue Commissioner  Dept of Revenue  Govt of MP,OSWAL COMPUTERS & CONSULTANTS,5,0
Principal Revenue Commissioner  Dept of Revenue  Govt of MP,Vedavaag Systems Limited,2,0
Project Coordinator UID Project Madhya Pradesh,A I Soc for Electronics and Comp Tech,1908,189
Project Coordinator UID Project Madhya Pradesh,DATASOFT COMPUTER SERVICES(P),998,112
Project Coordinator UID Project Madhya Pradesh,LYRA  CONSULTANCY SERVICE,585,70
Project Coordinator UID Project Madhya Pradesh,Matrix Processing House,228,33
Project Coordinator UID Project Madhya Pradesh,OSWAL COMPUTERS & CONSULTANTS,2227,474
Project Coordinator UID Project Madhya Pradesh,Orion Security Solutions Private Ltd,836,56
Project Coordinator UID Project Madhya Pradesh,Sixth Dimension Project Solutions Ltd,191,20
Punjab National Bank,Alankit Finsec Ltd,3415,146
Punjab National Bank,Eagle Software India Pvt. Ltd,6704,393
Punjab National Bank,MARS Telecom Systems Pvt Ltd,1,2
Punjab National Bank,Smart Chip Limited,3871,471
Punjab National Bank,Vayam technologies Ltd,2177,131
Punjab and Sind Bank,Matrix Processing House,1996,159
Registrar General India - BEL,Manipur Electronics Dev Corp,1366,33
Registrar General India BEL2,Bharat Electronics Limited,7,8
Registrar General India BEL2,Chinar Construction Company Prime agency,3,2
Registrar General India BEL2,Computer LAB,11,1
Registrar General India BEL2,In Media Computer Services LLP,16,6
Registrar General India BEL2,India Computer Technology,0,9
Registrar General India BEL2,Karvy Data Management Services,843,57
Registrar General India BEL2,MACRO INFOTECH PVT LTD,1687,56
Registrar General India BEL2,Madras Security Printers Ltd,5906,320
Registrar General India BEL2,Manipur Electronics Dev Corp,210,24
Registrar General India BEL2,Multiwave Innovation,333,74
Registrar General India BEL2,Netlink software Pvt Ltd,64,19
Registrar General India BEL2,Nielsen  India  Private Limited,68,12
Registrar General India BEL2,Om Softwares,7,16
Registrar General India BEL2,SNR Edatas Pvt Ltd,7027,324
Registrar General India BEL2,SREEVEN INFOCOM LIMITED,0,1
Registrar General India BEL2,SREI INFRASTRUCTURE FINANCES L,194,19
Registrar General India BEL2,STRATEGIC OUTSOURCING SERVICE,1,0
Registrar General India BEL2,Swathy Smartcards Hi-Tech Pvt,45,4
Registrar General India BEL2,Swiss Tech India Pvt Ltd,8,68
Registrar General India BEL2,Tera Software Ltd,383,3
Registrar General India BEL2,UNITED DATA SERVICES PRIVATE LIMITED,2555,109
Registrar General India BEL2,Urmila Info solution,15,21
Registrar General India BEL2,Vansh Infotech Pvt Ltd,44,2
Registrar General India BEL2,Vedavaag Systems Limited,2,12
Registrar General India BEL2,Viesa Technologies,3831,107
Registrar General India ECIL,AVVAS INFOTECH PVT  LTD,4,1
Registrar General India ECIL,COMTECH INSTITUTE OFTECHNOLOGY,0,1
Registrar General India ECIL,COMTECHINFO SOLUTIONS PVT.LTD,4631,70
Registrar General India ECIL,Chinar Construction Company Prime agency,465,5
Registrar General India ECIL,Computer LAB,20447,911
Registrar General India ECIL,Eagle Software India Pvt. Ltd,22971,1859
Registrar General India ECIL,Emdee Digitronics Pvt.Ltd.,1779,86
Registrar General India ECIL,Esoft Consulting Limited,2,2
Registrar General India ECIL,Gundal Infotech Private Limited,2,0
Registrar General India ECIL,In Media Computer Services LLP,2408,45
Registrar General India ECIL,India Computer Technology,182,47
Registrar General India ECIL,Integrated Systems & Services,254,1
Registrar General India ECIL,Karvy Data Management Services,14304,6364
Registrar General India ECIL,LYRA  CONSULTANCY SERVICE,6,1
Registrar General India ECIL,Madras Security Printers Ltd,6527,2157
Registrar General India ECIL,Mphasis Ltd,2,0
Registrar General India ECIL,Nielsen  India  Private Limited,1,0
Registrar General India ECIL,Pioneer E Labs limited,0,1
Registrar General India ECIL,SARADA SYSTEMS,418,622
Registrar General India ECIL,SWISSTECH NPR 57CR PROJECT PVT,7,9
Registrar General India ECIL,Tera Software Ltd,2379,37
Registrar General India ECIL,WEBEL TECHNOLOGY LIMITED,215,11
Registrar General India Others,COMTECHINFO SOLUTIONS PVT.LTD,2,0
Registrar General India Others,Clairvoyance Technologies Pvt.,25,0
Registrar General of India ITI,COMTECH INSTITUTE OFTECHNOLOGY,1,0
Registrar General of India ITI,Eagle Software India Pvt. Ltd,18,9
Registrar General of India ITI,Emdee Digitronics Pvt.Ltd.,11169,310
Registrar General of India ITI,In Media Computer Services LLP,1226,22
Registrar General of India ITI,Karvy Data Management Services,34,20
Registrar General of India ITI,Madras Security Printers Ltd,660,48
Registrar General of India ITI,Mphasis Ltd,1,0
Registrar General of India ITI,Netlink software Pvt Ltd,114,47
Registrar General of India ITI,Nevaeh Technology Pvt. Ltd.,233,3
Registrar General of India ITI,Nielsen  India  Private Limited,0,1
Registrar General of India ITI,Quick Data IT Services Pvt Ltd,2103,6
Registrar General of India ITI,SNR Edatas Pvt Ltd,366,27
Registrar General of India ITI,Swathy Smartcards Hi-Tech Pvt,2,47
Registrar General of India ITI,VIRGO SOFTECH LIMITED,146,27
Registrar General of India ITI,Vedavaag Systems Limited,1,15
Registrar General of India ITI,WEBEL TECHNOLOGY LIMITED,1195,26
Registrar General of India ITI,Webx Technologies Private Limited,163,5
Rural Development Dept  Govt. of Bihar,Bloom Solutions Pvt Ltd,1142,34
Rural Development Dept  Govt. of Bihar,Computer LAB,1749,63
Rural Development Dept  Govt. of Bihar,Emdee Digitronics Pvt.Ltd.,3242,55
Rural Development Dept  Govt. of Bihar,FINANCIAL INFORMATION NETWORK,20256,860
Rural Development Dept  Govt. of Bihar,M2C Private Solution,749,99
Rural Development Dept  Govt. of Bihar,MKS Enterprises,2275,32
Rural Development Dept  Govt. of Bihar,Urmila Info solution,1059,72
State Bank of Bikaner & Jaipur,Multiwave Innovation,1,1
State Bank of India,Silver Touch Technologies Ltd,11,0
State Bank of India,Smart Chip Limited,262,3
UIDAI-Registrar,UIDAI-EA,31,2
Union Bank,FINANCIAL INFORMATION NETWORK,40119,5714
Union Bank,Smart Chip Limited,2179,194
Union Bank,Vakrangee Softwares Limited,23338,3637
