Registrar,Enrolment Agency,Aadhaar generated,Enrolment Rejected
Allahabad Bank,A-Onerealtors Pvt Ltd,830,3
Allahabad Bank,Asha Security Guard Services,2061,2
Allahabad Bank,Emdee Digitronics Pvt.Ltd.,1057,0
Allahabad Bank,MEGHA VINCOM PVT LTD,464,3
Allahabad Bank,Nevaeh Technology Pvt. Ltd.,1141,3
Allahabad Bank,PROTEX COMPUTER PVT LTD,16,0
Allahabad Bank,Radiant Haroti Industries India Ltd,14,0
Allahabad Bank,Redim Software Technologies Pvt Ltd,323,0
Allahabad Bank,SGS INDIA PVT LTD,277,1
Allahabad Bank,Sri Ramraja Sarkar Lok Kalyan Trust,202,0
Allahabad Bank,VAP INFOSOLUTIONS,24,0
Allahabad Bank,Vedavaag Systems Limited,106,0
Bank Of India,A3 Logics  India  Ltd,120,2
Bank Of India,Akanksha International,4,0
Bank Of India,Blue Circle Instrument,6,0
Bank Of India,CHESSY CONSULTANTS PVT LTD,37,0
Bank Of India,DATASOFT COMPUTER SERVICES(P),601,3
Bank Of India,Emdee Digitronics Pvt.Ltd.,2,0
Bank Of India,Frontech Systems Pvt Ltd,144,0
Bank Of India,OSWAL COMPUTERS & CONSULTANTS,110,0
Bank Of India,PROTEX COMPUTER PVT LTD,507,0
Bank Of India,SARADA SYSTEMS,551,4
Bank Of India,SHRIKRISHNA KHANDASARI SUGAR M,1,0
Bank Of India,SREI INFRASTRUCTURE FINANCES L,5002,38
Bank Of India,VEETECHNOLOGIES PVT. LTD,354,0
Bank of Baroda,Global Finsol Private Limited,3,0
Bank of Maharashtra,FINANCIAL INFORMATION NETWORK,21,0
Bank of Maharashtra,Tera Software Ltd,530,4
CSC e-Governance Services India Limited,A I Soc for Electronics and Comp Tech,2948,52
CSC e-Governance Services India Limited,AKSH OPTIFIBRE LIMITED,2715,25
CSC e-Governance Services India Limited,BASIX,1281,60
CSC e-Governance Services India Limited,Binary Systems,14,0
CSC e-Governance Services India Limited,Bloom Solutions Pvt Ltd,462,2
CSC e-Governance Services India Limited,CALANCE SOFTWARE PRIVATE LTD,400,13
CSC e-Governance Services India Limited,CHIPS,1581,1
CSC e-Governance Services India Limited,CMS Computers Ltd,6524,48
CSC e-Governance Services India Limited,CSC e-Governance Services India Limited,814,7
CSC e-Governance Services India Limited,Computer Print,19,0
CSC e-Governance Services India Limited,Conatus Infocom Pvt. Ltd,362,0
CSC e-Governance Services India Limited,DATASOFT COMPUTER SERVICES(P),419,0
CSC e-Governance Services India Limited,Gem Computers,8,0
CSC e-Governance Services India Limited,Home Life Buildcon Pvt Ltd,1254,2
CSC e-Governance Services India Limited,HyperSoft Technologies Ltd,730,0
CSC e-Governance Services India Limited,IAP COMPANY Pvt. Ltd,4558,25
CSC e-Governance Services India Limited,Intelligent Communication Sys India Ltd,18,0
CSC e-Governance Services India Limited,Janta Silikon Consortium,437,1
CSC e-Governance Services India Limited,MANTRA SOFTTECH (INDIA) PVTLTD,918,13
CSC e-Governance Services India Limited,MEGHA VINCOM PVT LTD,118,0
CSC e-Governance Services India Limited,Mahaonline Limited,358,3
CSC e-Governance Services India Limited,NPS Technologies Pvt. Ltd,1606,15
CSC e-Governance Services India Limited,NVR & ASSOCIATES LIMITED,95,0
CSC e-Governance Services India Limited,National Cooperative Consumers Federation of India Limited,55,0
CSC e-Governance Services India Limited,Nekton IT India Pvt Ltd.,1996,5
CSC e-Governance Services India Limited,Network for Information & Computer,874,4
CSC e-Governance Services India Limited,Promind Solutions P Limited,1115,14
CSC e-Governance Services India Limited,Radiant Haroti Industries India Ltd,2331,36
CSC e-Governance Services India Limited,Raj Construction Co.,400,1
CSC e-Governance Services India Limited,SPANCO,435,5
CSC e-Governance Services India Limited,SRR Infotech,1158,6
CSC e-Governance Services India Limited,Sahaj e-Village Limited,14202,44
CSC e-Governance Services India Limited,Tera Software Ltd,2089,41
CSC e-Governance Services India Limited,United Telecoms e-Services Pvt Ltd,1221,14
CSC e-Governance Services India Limited,VIKALP MULTIMEDIA,338,0
CSC e-Governance Services India Limited,VISION COMPTECH INTEGRATOR LTD,89,0
CSC e-Governance Services India Limited,Vakrangee Softwares Limited,2,0
CSC e-Governance Services India Limited,Vayam technologies Ltd,2844,25
CSC e-Governance Services India Limited,Vedavaag Systems Limited,2378,22
CSC e-Governance Services India Limited,Zephyr System Pvt.Ltd.,3032,8
Canara Bank,FINANCIAL INFORMATION NETWORK,6050,52
Canara Bank,Karvy Data Management Services,5915,19
Canara Bank,Ojus Healthcare Private Limited,44,1
Canara Bank,Osiris Infotech Pvt. Ltd.,29,0
Canara Bank,Smart Chip Limited,2773,18
Canara Bank,Virinchi Technologies Ltd,465,14
Central Bank of India,IAP COMPANY Pvt. Ltd,7,0
Central Bank of India,The Peerless General Finance,3,0
DENA BANK,77 Infosystems Pvt Ltd,764,4
DENA BANK,A-Onerealtors Pvt Ltd,296,1
DENA BANK,APEX Services,474,1
DENA BANK,AS International,904,0
DENA BANK,ATISHAY INFOTECH PVT. LTD.,532,16
DENA BANK,AVVAS INFOTECH PVT  LTD,1295,0
DENA BANK,Advent Infomax Private Ltd,87,0
DENA BANK,Amar Constructions,13,0
DENA BANK,Asha Security Guard Services,1536,6
DENA BANK,BNR UDYOG LIMITED,15,0
DENA BANK,Binary Systems,640,29
DENA BANK,Bloom Solutions Pvt Ltd,709,0
DENA BANK,Blue Circle Instrument,267,0
DENA BANK,Business Information Processing Services,45,0
DENA BANK,CALANCE SOFTWARE PRIVATE LTD,374,1
DENA BANK,DATASOFT COMPUTER SERVICES(P),427,1
DENA BANK,DEVASHISH SECURITIES PVT. LTD.,35,0
DENA BANK,Eagle Software India Pvt. Ltd,674,2
DENA BANK,Emdee Digitronics Pvt.Ltd.,3,0
DENA BANK,FINANCIAL INFORMATION NETWORK,1746,8
DENA BANK,Gem Computers,212,7
DENA BANK,Gujarat Infotech Ltd.,359,0
DENA BANK,HyperSoft Technologies Ltd,629,0
DENA BANK,IAP COMPANY Pvt. Ltd,3483,9
DENA BANK,India Computer Technology,182,0
DENA BANK,JNET Technologies Pvt.Ltd,299,0
DENA BANK,K W Consulting P Ltd,1132,1
DENA BANK,M/S STAR DATA CENTRE,381,1
DENA BANK,M/s Gold Square Builders & Promoters Pvt. Ltd.,608,5
DENA BANK,MARS Telecom Systems Pvt Ltd,245,5
DENA BANK,MEGHA VINCOM PVT LTD,1769,2
DENA BANK,MKS Enterprises,110,0
DENA BANK,Make India Smart Private Limited,2136,7
DENA BANK,Multiwave Innovation,1008,6
DENA BANK,NVR & ASSOCIATES LIMITED,937,2
DENA BANK,Netlink software Pvt Ltd,1115,6
DENA BANK,Nielsen  India  Private Limited,5685,54
DENA BANK,Offshoot Agency Pvt. Ltd.,597,0
DENA BANK,Om Softwares,1018,0
DENA BANK,Ortem Securities Limited,350,1
DENA BANK,Prodigy Systems and Services Private Limited,5,0
DENA BANK,Radiant Haroti Industries India Ltd,235,0
DENA BANK,Ricoh India Limited,260,5
DENA BANK,SGS INDIA PVT LTD,1098,21
DENA BANK,Silver Touch Technologies Ltd,1154,7
DENA BANK,Sixth Dimension Project Solutions Ltd,109,0
DENA BANK,Soc for Advancement of Environ Science,335,3
DENA BANK,SoftAge Information Technology Limited,52,0
DENA BANK,Super Printers,820,3
DENA BANK,Systematic & Advance Const P L,59,0
DENA BANK,TechSmart India Pvt Ltd,685,2
DENA BANK,Tera Software Ltd,523,1
DENA BANK,The NSIC ltd,175,0
DENA BANK,Transline Technologies P Ltd,646,0
DENA BANK,Utility Forms Pvt Ltd,521,1
DENA BANK,VAP INFOSOLUTIONS,2159,2
DENA BANK,VISION COMPTECH INTEGRATOR LTD,1008,0
DENA BANK,Vedavaag Systems Limited,573,13
DENA BANK,Virinchi Technologies Ltd,1104,16
DENA BANK,WEBEL,3152,12
DENA BANK,Wipro Ltd,5250,21
DENA BANK,Yash Ornaments Pvt. Ltd,1418,0
DENA BANK,Zephyr System Pvt.Ltd.,3829,11
Delhi - East DC,DATASOFT COMPUTER SERVICES(P),5,0
Delhi - North DC,NVR & ASSOCIATES LIMITED,2,0
Delhi- South DC,Karvy Computershare Private Li,9,0
Dept of ITC Govt of Rajasthan,ATISHAY INFOTECH PVT. LTD.,170,0
Dept of ITC Govt of Rajasthan,Binary Systems,9,0
Dept of ITC Govt of Rajasthan,Business Information Processing Services,19,0
Dept of ITC Govt of Rajasthan,CMS Computers Ltd,126,0
Dept of ITC Govt of Rajasthan,COMTECH INSTITUTE OFTECHNOLOGY,12,0
Dept of ITC Govt of Rajasthan,DATASOFT COMPUTER SERVICES(P),170,2
Dept of ITC Govt of Rajasthan,FINANCIAL INFORMATION NETWORK,317,16
Dept of ITC Govt of Rajasthan,Gem Computers,21,0
Dept of ITC Govt of Rajasthan,Gujarat Infotech Ltd.,14,0
Dept of ITC Govt of Rajasthan,IAP COMPANY Pvt. Ltd,15,0
Dept of ITC Govt of Rajasthan,Karvy Data Management Services,210,3
Dept of ITC Govt of Rajasthan,M/s Sanish Choudhary,163,0
Dept of ITC Govt of Rajasthan,MEGHA VINCOM PVT LTD,9,0
Dept of ITC Govt of Rajasthan,Matrix Processing House,107,0
Dept of ITC Govt of Rajasthan,Multiwave Innovation,6,0
Dept of ITC Govt of Rajasthan,Osiris Infotech Pvt. Ltd.,135,0
Dept of ITC Govt of Rajasthan,Radiant Haroti Industries India Ltd,148,0
Dept of ITC Govt of Rajasthan,Radiant Info Systems Ltd,50,0
Dept of ITC Govt of Rajasthan,Ricoh India Limited,419,0
Dept of ITC Govt of Rajasthan,SAR Technology,2,0
Dept of ITC Govt of Rajasthan,SREI INFRASTRUCTURE FINANCES L,2,0
Dept of ITC Govt of Rajasthan,TechSmart India Pvt Ltd,130,0
Dept of ITC Govt of Rajasthan,Transline Technologies P Ltd,1,5
Dept of ITC Govt of Rajasthan,UMC Technologies Pvt. Ltd,60,2
Dept of ITC Govt of Rajasthan,VISION COMPTECH INTEGRATOR LTD,1,0
Dept of ITC Govt of Rajasthan,Vakrangee Softwares Limited,438,10
Dept of ITC Govt of Rajasthan,Vayam technologies Ltd,8,0
FCR Govt of Haryana,4G INFORMATICS,88,0
FCR Govt of Haryana,Academy of Management Studies,160,0
FCR Govt of Haryana,Radiant Info Systems Ltd,67,0
FCR Govt of Haryana,SoftAge Information Technology Limited,405,16
FCR Govt of Haryana,Vayam technologies Ltd,101,0
FCS Govt of Punjab,District Sukhmani Society  Jalandhar  Punjab,22,1
FCS Govt of Punjab,District Sukhmani Society  Ludhiana  Punjab,65,1
FCS Govt of Punjab,District Sukhmani Society  Moga  Punjab,25,0
FCS Govt of Punjab,District Sukhmani Society Amritsar Punjab,60,0
FCS Govt of Punjab,District Sukhmani Society Barnala Punjab,5,1
FCS Govt of Punjab,District Sukhmani Society Bathinda Punjab,74,0
FCS Govt of Punjab,District Sukhmani Society Fatehgarh Sahib Punjab,21,1
FCS Govt of Punjab,District Sukhmani Society Fazilka Punjab,23,0
FCS Govt of Punjab,District Sukhmani Society Ferozepur Punjab,18,0
FCS Govt of Punjab,District Sukhmani Society For Citizen Services Mansa Punjab,10,0
FCS Govt of Punjab,District Sukhmani Society For Citizen Services Nawanshahr Punjab,18,0
FCS Govt of Punjab,District Sukhmani Society For Citizen Services SAS Nagar District e-Governance Society Punjab,29,0
FCS Govt of Punjab,District Sukhmani Society Pathankot Punjab,12,0
FCS Govt of Punjab,District Sukhmani Society Patiala Punjab,3,0
FCS Govt of Punjab,District Sukhmani Society Rupnagar Punjab,5,0
FCS Govt of Punjab,District Sukhmani Society Sangrur Punjab,38,0
FCS Govt of Punjab,District Sukhmani Society Sri Muktsar Sahib Punjab,1,0
FCS Govt of Punjab,District Sukhmani Society Tarn Taran Punjab,11,0
FCS Govt of Punjab,Karvy Computershare Private Li,26,0
FCS Govt of Punjab,Sukhmani Society For Citizen Services  Kapurthala  Punjab,23,0
FCS Govt of Punjab,Sukhmani Society For Citizen Services Gurdaspur Punjab,8,0
FCS Govt of Punjab,Sukhmani Society For Citizens Services Faridkot Punjab,30,0
FCS Govt of Punjab,Suwidha Society Hoshiarpur Punjab,64,2
FCS Govt of Punjab,Vayam technologies Ltd,70,0
FCS Govt of Punjab,eCentric solutions pvt ltd,119,8
Govt of Andhra Pradesh,GrapeSoft,1,0
Govt of Gujarat,GSS Infotech Ltd,160,0
Govt of Gujarat,Karvy Computershare Private Li,437,0
Govt of Gujarat,Silver Touch Technologies Ltd,783,9
Govt of Gujarat,Tera Software Ltd,203,0
Govt of Gujarat,Vayam technologies Ltd,125,0
Govt of Gujarat,eCentric solutions pvt ltd,34,10
Govt of Himachal Pradesh,i-Grandee SoftwareTechnologies,10,0
Govt of Karnataka ,EDCS GOK,140,0
Govt of Kerala,Akshaya,1327,30
Govt of Kerala,Keltron,8,0
Govt of Maharashtra,Karvy Computershare Private Li,8,0
Govt of Maharashtra,M/S King Computer System pvt Ltd,11,1
Govt of Maharashtra,M/s. Vidya Online  Pune,7,0
Govt of Maharashtra,Rudranee Infotech Ltd,43,0
Govt of Maharashtra,SETU MAHARASHTRA,164,0
Govt of Maharashtra,SHREERAM PRINTING PRESS,29,0
Govt of Maharashtra,SILVER JUBILEE MOTORS LTD.,34,0
Govt of Maharashtra,Vidarbha Infotech Pvt Ltd,5,0
Govt of Sikkim - Dept of Econo,Department of Economics Statistics  Monitoring and Evaluation DESME,29,0
IDBI Bank ltd,ATISHAY INFOTECH PVT. LTD.,193,2
IDBI Bank ltd,Matrix Processing House,160,0
IDBI Bank ltd,SREEVEN INFOCOM LIMITED,285,0
Indiapost,Vayam technologies Ltd,3,0
Information Technology & Communication Department,Directorate of ESD,968,10
NSDL e-Governance Infrastructure Limited,Abhipra Capital Ltd,123,2
NSDL e-Governance Infrastructure Limited,Alankit Assignments Limited,16,0
NSDL e-Governance Infrastructure Limited,Alankit Finsec Ltd,3175,36
NSDL e-Governance Infrastructure Limited,Amar Constructions,340,4
NSDL e-Governance Infrastructure Limited,COMTECHINFO SOLUTIONS PVT.LTD,15,0
NSDL e-Governance Infrastructure Limited,Global Finsol Private Limited,29,0
NSDL e-Governance Infrastructure Limited,Gujarat Infotech Ltd.,3039,14
NSDL e-Governance Infrastructure Limited,IAP COMPANY Pvt. Ltd,46,0
NSDL e-Governance Infrastructure Limited,Karvy Data Management Services,20003,27
NSDL e-Governance Infrastructure Limited,N.K. Sharma Enterprises Ltd.,174,0
NSDL e-Governance Infrastructure Limited,Netlink software Pvt Ltd,492,0
NSDL e-Governance Infrastructure Limited,Offshoot Agency Pvt. Ltd.,868,15
NSDL e-Governance Infrastructure Limited,Ojus G Enterprises,387,2
NSDL e-Governance Infrastructure Limited,Promind Solutions P Limited,1769,4
NSDL e-Governance Infrastructure Limited,RELIGARE SECURITIES LTD,2862,4
NSDL e-Governance Infrastructure Limited,Radiant Haroti Industries India Ltd,10,0
NSDL e-Governance Infrastructure Limited,Ricoh India Limited,2541,9
NSDL e-Governance Infrastructure Limited,SNR Edatas Pvt Ltd,1,0
NSDL e-Governance Infrastructure Limited,Sri Ramraja Sarkar Lok Kalyan Trust,575,0
NSDL e-Governance Infrastructure Limited,Utility Forms Pvt Ltd,1842,4
NSDL e-Governance Infrastructure Limited,VIRGO SOFTECH LIMITED,2034,18
Oriental Bank of Commerce,DATASOFT COMPUTER SERVICES(P),5,0
Oriental Bank of Commerce,JNET Technologies Pvt.Ltd,2,0
Oriental Bank of Commerce,Sri Ramraja Sarkar Lok Kalyan Trust,3,0
Principal Revenue Commissioner  Dept of Revenue  Govt of MP,Frontech Systems Pvt Ltd,9,0
Principal Revenue Commissioner  Dept of Revenue  Govt of MP,K W Consulting P Ltd,1,0
Principal Revenue Commissioner  Dept of Revenue  Govt of MP,LYRA  CONSULTANCY SERVICE,5,0
Principal Revenue Commissioner  Dept of Revenue  Govt of MP,Netlink software Pvt Ltd,7,0
Principal Revenue Commissioner  Dept of Revenue  Govt of MP,OSWAL COMPUTERS & CONSULTANTS,28,0
Principal Revenue Commissioner  Dept of Revenue  Govt of MP,Tera Software Ltd,6,0
Principal Revenue Commissioner  Dept of Revenue  Govt of MP,Vedavaag Systems Limited,21,0
Project Coordinator UID Project Madhya Pradesh,A I Soc for Electronics and Comp Tech,265,0
Project Coordinator UID Project Madhya Pradesh,DATASOFT COMPUTER SERVICES(P),103,3
Project Coordinator UID Project Madhya Pradesh,LYRA  CONSULTANCY SERVICE,157,1
Project Coordinator UID Project Madhya Pradesh,Matrix Processing House,52,0
Project Coordinator UID Project Madhya Pradesh,OSWAL COMPUTERS & CONSULTANTS,651,0
Project Coordinator UID Project Madhya Pradesh,Orion Security Solutions Private Ltd,245,1
Project Coordinator UID Project Madhya Pradesh,Sixth Dimension Project Solutions Ltd,74,0
Punjab National Bank,Alankit Finsec Ltd,816,5
Punjab National Bank,Eagle Software India Pvt. Ltd,1300,9
Punjab National Bank,Smart Chip Limited,538,11
Punjab National Bank,Vayam technologies Ltd,890,4
Punjab and Sind Bank,Matrix Processing House,724,3
Registrar General India - BEL,Manipur Electronics Dev Corp,2,0
Registrar General India BEL2,Bharat Electronics Limited,2,0
Registrar General India BEL2,Chinar Construction Company Prime agency,6,0
Registrar General India BEL2,In Media Computer Services LLP,39,0
Registrar General India BEL2,Karvy Data Management Services,19,0
Registrar General India BEL2,MACRO INFOTECH PVT LTD,630,25
Registrar General India BEL2,Madras Security Printers Ltd,212,1
Registrar General India BEL2,Manipur Electronics Dev Corp,622,0
Registrar General India BEL2,Multiwave Innovation,28,0
Registrar General India BEL2,Netlink software Pvt Ltd,35,0
Registrar General India BEL2,Nielsen  India  Private Limited,69,0
Registrar General India BEL2,Om Softwares,1,0
Registrar General India BEL2,SNR Edatas Pvt Ltd,1107,3
Registrar General India BEL2,SREI INFRASTRUCTURE FINANCES L,706,0
Registrar General India BEL2,Tera Software Ltd,30,0
Registrar General India BEL2,UNITED DATA SERVICES PRIVATE LIMITED,2256,0
Registrar General India BEL2,Vansh Infotech Pvt Ltd,18,0
Registrar General India BEL2,Vedavaag Systems Limited,1,0
Registrar General India BEL2,Viesa Technologies,2462,3
Registrar General India ECIL,AVVAS INFOTECH PVT  LTD,125,0
Registrar General India ECIL,COMTECHINFO SOLUTIONS PVT.LTD,1691,0
Registrar General India ECIL,Chinar Construction Company Prime agency,6,0
Registrar General India ECIL,Computer LAB,4659,14
Registrar General India ECIL,Eagle Software India Pvt. Ltd,2277,5
Registrar General India ECIL,Emdee Digitronics Pvt.Ltd.,174,4
Registrar General India ECIL,Esoft Consulting Limited,329,0
Registrar General India ECIL,Gundal Infotech Private Limited,3,0
Registrar General India ECIL,In Media Computer Services LLP,1208,0
Registrar General India ECIL,India Computer Technology,293,0
Registrar General India ECIL,Integrated Systems & Services,30,0
Registrar General India ECIL,Karvy Data Management Services,17,2
Registrar General India ECIL,LYRA  CONSULTANCY SERVICE,46,0
Registrar General India ECIL,Madras Security Printers Ltd,490,5
Registrar General India ECIL,SARADA SYSTEMS,6,0
Registrar General India ECIL,SWISSTECH NPR 57CR PROJECT PVT,1,0
Registrar General India ECIL,Tera Software Ltd,928,1
Registrar General India ECIL,Vedavaag Systems Limited,2,0
Registrar General India ECIL,WEBEL TECHNOLOGY LIMITED,479,0
Registrar General India Others,Chinar Construction Company Prime agency,1,0
Registrar General India Others,Clairvoyance Technologies Pvt.,1,0
Registrar General India Others,Webx Technologies Private Limited,1,0
Registrar General of India ITI,Eagle Software India Pvt. Ltd,113,0
Registrar General of India ITI,Emdee Digitronics Pvt.Ltd.,1037,0
Registrar General of India ITI,In Media Computer Services LLP,24,0
Registrar General of India ITI,Karvy Data Management Services,538,0
Registrar General of India ITI,Madras Security Printers Ltd,50,0
Registrar General of India ITI,Netlink software Pvt Ltd,79,0
Registrar General of India ITI,Nevaeh Technology Pvt. Ltd.,126,0
Registrar General of India ITI,Quick Data IT Services Pvt Ltd,1,0
Registrar General of India ITI,SNR Edatas Pvt Ltd,180,0
Registrar General of India ITI,VIRGO SOFTECH LIMITED,22,0
Registrar General of India ITI,WEBEL TECHNOLOGY LIMITED,2099,6
Registrar General of India ITI,Webx Technologies Private Limited,82,1
Rural Development Dept  Govt. of Bihar,Bloom Solutions Pvt Ltd,393,0
Rural Development Dept  Govt. of Bihar,Computer LAB,25,0
Rural Development Dept  Govt. of Bihar,Emdee Digitronics Pvt.Ltd.,453,0
Rural Development Dept  Govt. of Bihar,FINANCIAL INFORMATION NETWORK,1884,13
Rural Development Dept  Govt. of Bihar,M2C Private Solution,303,3
Rural Development Dept  Govt. of Bihar,MKS Enterprises,87,0
Rural Development Dept  Govt. of Bihar,Urmila Info solution,219,0
State Bank of India,Silver Touch Technologies Ltd,29,0
State Bank of India,Smart Chip Limited,349,0
UIDAI-Registrar,UIDAI-EA,34,0
Union Bank,FINANCIAL INFORMATION NETWORK,6666,29
Union Bank,Smart Chip Limited,368,15
Union Bank,Vakrangee Softwares Limited,5864,48
