State,District,Aadhaar generated,Enrolment Rejected
Andhra Pradesh,Adilabad,3783,2
Andhra Pradesh,Ananthapur,25,0
Andhra Pradesh,Chittoor,44,2
Andhra Pradesh,Cuddapah,463,1
Andhra Pradesh,East Godavari,8,0
Andhra Pradesh,Guntur,37,0
Andhra Pradesh,Hyderabad,564,2
Andhra Pradesh,K.v. Rangareddy,787,39
Andhra Pradesh,Karimnagar,15,0
Andhra Pradesh,Khammam,197,0
Andhra Pradesh,Krishna,507,1
Andhra Pradesh,Kurnool,635,2
Andhra Pradesh,Mahabubnagar,39,0
Andhra Pradesh,Medak,37,0
Andhra Pradesh,Nalgonda,1307,16
Andhra Pradesh,Nellore,4,0
Andhra Pradesh,Nizamabad,218,12
Andhra Pradesh,Prakasam,7,0
Andhra Pradesh,Srikakulam,3,0
Andhra Pradesh,Visakhapatnam,1728,1
Andhra Pradesh,Vizianagaram,543,0
Andhra Pradesh,Warangal,137,4
Andhra Pradesh,West Godavari,5,0
Assam,Baksa,1,0
Assam,Barpeta,1,0
Assam,Bongaigaon,1,0
Assam,Cachar,5,0
Assam,Chirang,1,0
Assam,Golaghat,1,0
Assam,Hailakandi,2,0
Assam,Jorhat,1,0
Assam,Kamrup,1,0
Assam,Karimganj,5,0
Assam,Lakhimpur,1,0
Assam,Nagaon,3,0
Assam,Sonitpur,4,0
Assam,Tinsukia,1,0
Assam,Udalguri,1,0
Bihar,Araria,12,0
Bihar,Arwal,18,1
Bihar,Aurangabad,29,0
Bihar,Banka,9,0
Bihar,Begusarai,16,0
Bihar,Bhagalpur,19,0
Bihar,Bhojpur,15,0
Bihar,Buxar,11,0
Bihar,Darbhanga,235,0
Bihar,East Champaran,35,1
Bihar,Gaya,35,0
Bihar,Gopalganj,101,1
Bihar,Jamui,211,0
Bihar,Jehanabad,15,0
Bihar,Kaimur (Bhabua),8,0
Bihar,Katihar,119,0
Bihar,Khagaria,3,0
Bihar,Kishanganj,23,0
Bihar,Lakhisarai,9,0
Bihar,Madhepura,8,0
Bihar,Madhubani,47,0
Bihar,Munger,5,0
Bihar,Muzaffarpur,24,0
Bihar,Nalanda,146,0
Bihar,Nawada,18,0
Bihar,Patna,76,0
Bihar,Purnia,14,0
Bihar,Rohtas,355,0
Bihar,Saharsa,1308,0
Bihar,Samastipur,42,0
Bihar,Saran,39,1
Bihar,Sheohar,14,0
Bihar,Sitamarhi,33,1
Bihar,Siwan,29,0
Bihar,Supaul,12,0
Bihar,Vaishali,935,1
Bihar,West Champaran,23,0
Chandigarh,Chandigarh,24,0
Chhattisgarh,Balod,1,0
Chhattisgarh,Bastar,1,0
Chhattisgarh,Bemetara,40,0
Chhattisgarh,Bilaspur,2,0
Chhattisgarh,Durg,2,0
Chhattisgarh,Janjgir-champa,521,0
Chhattisgarh,Kawardha,1,0
Chhattisgarh,Korba,93,0
Chhattisgarh,Koriya,337,0
Chhattisgarh,Mungeli,45,1
Chhattisgarh,Mungeli ,4,0
Chhattisgarh,Raipur,2,0
Chhattisgarh,Rajnandgaon,21,0
Chhattisgarh,Surajpur ,1,0
Delhi,Central Delhi,268,3
Delhi,East Delhi,553,6
Delhi,New Delhi,22,11
Delhi,North Delhi,139,4
Delhi,North East Delhi,218,18
Delhi,North West Delhi,446,17
Delhi,South Delhi,1186,29
Delhi,South West Delhi,432,7
Delhi,West Delhi,540,7
Goa,North Goa,2,0
Gujarat,Ahmadabad,5,0
Gujarat,Ahmedabad,1010,0
Gujarat,Amreli,7,0
Gujarat,Anand,1705,0
Gujarat,Banaskantha,2789,9
Gujarat,Bharuch,552,5
Gujarat,Bhavnagar,6108,18
Gujarat,Dahod,85,0
Gujarat,Dohad,429,0
Gujarat,Gandhinagar,19,0
Gujarat,Jamnagar,18,0
Gujarat,Junagadh,1857,5
Gujarat,Kachchh,286,0
Gujarat,Kheda,474,2
Gujarat,Mahesana,118,0
Gujarat,Narmada,14,0
Gujarat,Navsari,663,0
Gujarat,Panchmahals,751,0
Gujarat,Patan,64,0
Gujarat,Porbandar,2,0
Gujarat,Rajkot,1151,5
Gujarat,Sabarkantha,120,0
Gujarat,Surat,2541,21
Gujarat,Surendra Nagar,1032,0
Gujarat,Tapi,196,0
Gujarat,The Dangs,1,0
Gujarat,Vadodara,373,1
Gujarat,Valsad,8,0
Haryana,Ambala,477,2
Haryana,Bhiwani,399,1
Haryana,Faridabad,2872,4
Haryana,Fatehabad,7648,10
Haryana,Gurgaon,1867,13
Haryana,Hisar,1472,6
Haryana,Jhajjar,1042,5
Haryana,Jind,1899,2
Haryana,Kaithal,345,1
Haryana,Karnal,4428,5
Haryana,Kurukshetra,1202,0
Haryana,Mahendragarh,1023,3
Haryana,Mewat,969,0
Haryana,Palwal,815,7
Haryana,Panchkula,55,0
Haryana,Panipat,500,6
Haryana,Rewari,463,1
Haryana,Rohtak,318,0
Haryana,Sirsa,262,5
Haryana,Sonipat,229,0
Haryana,Yamuna Nagar,364,1
Himachal Pradesh,Bilaspur,1,0
Himachal Pradesh,Chamba,3,0
Himachal Pradesh,Hamirpur,8,0
Himachal Pradesh,Kangra,145,0
Himachal Pradesh,Kullu,10,0
Himachal Pradesh,Mandi,19,0
Himachal Pradesh,Shimla,15,0
Himachal Pradesh,Sirmaur,43,0
Himachal Pradesh,Solan,30,0
Himachal Pradesh,Una,5,0
Jammu and Kashmir,Anantnag,491,1
Jammu and Kashmir,Bandipore,1,0
Jammu and Kashmir,Doda,1,0
Jammu and Kashmir,Jammu,375,4
Jammu and Kashmir,Kathua,280,0
Jharkhand,Bokaro,1369,0
Jharkhand,Chatra,185,1
Jharkhand,Deoghar,168,2
Jharkhand,Dhanbad,488,1
Jharkhand,Dumka,231,2
Jharkhand,East Singhbhum,1730,1
Jharkhand,Garhwa,107,1
Jharkhand,Giridih,1174,0
Jharkhand,Godda,685,0
Jharkhand,Gumla,32,0
Jharkhand,Hazaribagh,37,0
Jharkhand,Jamtara,591,2
Jharkhand,Khunti,16,0
Jharkhand,Koderma,1002,1
Jharkhand,Latehar,547,1
Jharkhand,Lohardaga,216,0
Jharkhand,Pakur,26,0
Jharkhand,Palamu,1300,5
Jharkhand,Ramgarh,55,0
Jharkhand,Ranchi,364,3
Jharkhand,Sahebganj,67,1
Jharkhand,Seraikela-Kharsawan,503,0
Jharkhand,Simdega,118,0
Jharkhand,West Singhbhum,1763,0
Karnataka,Bagalkot,376,11
Karnataka,Bangalore,2920,9
Karnataka,Bangalore Rural,784,1
Karnataka,Belgaum,1696,33
Karnataka,Bellary,1068,3
Karnataka,Bidar,483,24
Karnataka,Bijapur,1679,16
Karnataka,Chamrajanagar,120,0
Karnataka,Chickmagalur,669,3
Karnataka,Chikkaballapur,11,0
Karnataka,Chitradurga,999,6
Karnataka,Dakshina Kannada,211,1
Karnataka,Davangere,13,0
Karnataka,Dharwad,691,0
Karnataka,Gadag,11,0
Karnataka,Gulbarga,307,3
Karnataka,Hassan,523,0
Karnataka,Haveri,9,0
Karnataka,Kodagu,241,0
Karnataka,Kolar,1829,16
Karnataka,Koppal,1094,23
Karnataka,Mandya,399,0
Karnataka,Mysore,92,0
Karnataka,Raichur,443,0
Karnataka,Ramanagar,2245,18
Karnataka,Shimoga,184,1
Karnataka,Tumkur,281,0
Karnataka,Udupi,19,0
Karnataka,Uttara Kannada,17,0
Karnataka,Yadgir,6,0
Kerala,Alappuzha,470,0
Kerala,Ernakulam,671,1
Kerala,Idukki,94,1
Kerala,Kannur,707,4
Kerala,Kasaragod,1246,5
Kerala,Kasargod,229,0
Kerala,Kollam,584,2
Kerala,Kottayam,500,1
Kerala,Kozhikode,872,1
Kerala,Malappuram,781,0
Kerala,Palakkad,397,0
Kerala,Pathanamthitta,101,0
Kerala,Thiruvananthapuram,406,0
Kerala,Thrissur,570,3
Kerala,Wayanad,48,0
Lakshadweep,Lakshadweep,3,0
Madhya Pradesh,Alirajpur,543,1
Madhya Pradesh,Anuppur,286,1
Madhya Pradesh,Ashok Nagar,1302,1
Madhya Pradesh,Balaghat,673,2
Madhya Pradesh,Barwani,36,1
Madhya Pradesh,Betul,604,1
Madhya Pradesh,Bhind,162,3
Madhya Pradesh,Bhopal,1131,25
Madhya Pradesh,Burhanpur,315,30
Madhya Pradesh,Chhatarpur,156,2
Madhya Pradesh,Chhindwara,829,7
Madhya Pradesh,Damoh,66,0
Madhya Pradesh,Datia,409,0
Madhya Pradesh,Dewas,40,0
Madhya Pradesh,Dhar,592,5
Madhya Pradesh,Dindori,218,1
Madhya Pradesh,Guna,529,1
Madhya Pradesh,Gwalior,74,2
Madhya Pradesh,Harda,50,0
Madhya Pradesh,Hoshangabad,36,1
Madhya Pradesh,Indore,276,7
Madhya Pradesh,Jabalpur,1857,82
Madhya Pradesh,Jhabua,169,51
Madhya Pradesh,Katni,190,1
Madhya Pradesh,Khandwa,182,7
Madhya Pradesh,Khargone,256,9
Madhya Pradesh,Mandla,1514,6
Madhya Pradesh,Mandsaur,67,1
Madhya Pradesh,Morena,932,0
Madhya Pradesh,Narsinghpur,240,4
Madhya Pradesh,Neemuch,1,0
Madhya Pradesh,Panna,47,2
Madhya Pradesh,Raisen,431,0
Madhya Pradesh,Rajgarh,18,0
Madhya Pradesh,Ratlam,201,1
Madhya Pradesh,Rewa,274,13
Madhya Pradesh,Sagar,1192,3
Madhya Pradesh,Satna,419,5
Madhya Pradesh,Sehore,146,3
Madhya Pradesh,Seoni,236,16
Madhya Pradesh,Shahdol,599,6
Madhya Pradesh,Shajapur,23,0
Madhya Pradesh,Sheopur,66,11
Madhya Pradesh,Shivpuri,311,0
Madhya Pradesh,Sidhi,481,5
Madhya Pradesh,Singrauli,639,1
Madhya Pradesh,Tikamgarh,6,0
Madhya Pradesh,Ujjain,118,0
Madhya Pradesh,Umaria,80,1
Madhya Pradesh,Vidisha,83,10
Maharashtra,Ahmadnagar,1584,2
Maharashtra,Akola,596,7
Maharashtra,Amravati,2508,4
Maharashtra,Aurangabad,6998,18
Maharashtra,Beed,2339,28
Maharashtra,Bhandara,799,0
Maharashtra,Buldhana,905,1
Maharashtra,Chandrapur,2659,5
Maharashtra,Dhule,33,0
Maharashtra,Gadchiroli,856,0
Maharashtra,Gondiya,558,3
Maharashtra,Hingoli,264,1
Maharashtra,Jalgaon,10090,15
Maharashtra,Jalna,675,3
Maharashtra,Kolhapur,1755,2
Maharashtra,Latur,268,1
Maharashtra,Mumbai,2902,29
Maharashtra,Nagpur,149,6
Maharashtra,Nanded,525,1
Maharashtra,Nandurbar,801,0
Maharashtra,Nashik,380,2
Maharashtra,Osmanabad,3064,9
Maharashtra,Parbhani,133,0
Maharashtra,Pune,4884,21
Maharashtra,Raigarh,407,1
Maharashtra,Ratnagiri,118,0
Maharashtra,Sangli,70,0
Maharashtra,Satara,1041,2
Maharashtra,Sindhudurg,277,0
Maharashtra,Solapur,580,1
Maharashtra,Thane,2423,25
Maharashtra,Wardha,22,0
Maharashtra,Washim,245,1
Maharashtra,Yavatmal,1376,2
Manipur,Imphal West,6,0
Meghalaya,East Khasi Hills,2,0
Odisha,Anugul,342,0
Odisha,Balangir,20,0
Odisha,Baleswar,278,100
Odisha,Bhadrak,8,0
Odisha,Cuttack,20,0
Odisha,Debagarh,3,0
Odisha,Dhenkanal,3,0
Odisha,Gajapati,4,0
Odisha,Ganjam,13,0
Odisha,Jagatsinghapur,4,0
Odisha,Jajapur,13,0
Odisha,Kalahandi,1,0
Odisha,Kendrapara,10,0
Odisha,Kendujhar,172,111
Odisha,Khorda,3,0
Odisha,Koraput,1,0
Odisha,Mayurbhanj,14,0
Odisha,Nayagarh,658,6
Odisha,Puri,8,0
Odisha,Rayagada,1,0
Odisha,Sambalpur,2,0
Odisha,Sundergarh,5,0
Others,Others,56,3910
Puducherry,Puducherry,12,0
Punjab,Amritsar,1718,12
Punjab,Barnala,494,24
Punjab,Bathinda,249,8
Punjab,Faridkot,118,2
Punjab,Fatehgarh Sahib,22,0
Punjab,Fazilka,41,2
Punjab,Ferozepur,333,2
Punjab,Gurdaspur,290,9
Punjab,Hoshiarpur,379,6
Punjab,Jalandhar,350,1
Punjab,Kapurthala,9,0
Punjab,Ludhiana,1759,8
Punjab,Mansa,807,18
Punjab,Moga,110,1
Punjab,Muktsar,5,0
Punjab,Pathankot,73,0
Punjab,Patiala,573,11
Punjab,Rupnagar,190,1
Punjab,SAS Nagar (Mohali),95,12
Punjab,Sangrur,203,2
Punjab,Shaheed Bhagat Singh Nagar,265,12
Punjab,Sri Muktsar Sahib,234,2
Punjab,Tarn Taran,902,8
Rajasthan,Ajmer,415,0
Rajasthan,Alwar,1937,4
Rajasthan,Banswara,1849,6
Rajasthan,Baran,380,18
Rajasthan,Barmer,1204,9
Rajasthan,Bharatpur,312,1
Rajasthan,Bhilwara,1266,1
Rajasthan,Bikaner,705,4
Rajasthan,Bundi,66,0
Rajasthan,Chittorgarh,1027,0
Rajasthan,Churu,439,1
Rajasthan,Dausa,40,1
Rajasthan,Dholpur,223,1
Rajasthan,Dungarpur,1897,1
Rajasthan,Ganganagar,3086,19
Rajasthan,Hanumangarh,896,2
Rajasthan,Jaipur,1814,9
Rajasthan,Jaisalmer,781,0
Rajasthan,Jalor,1063,18
Rajasthan,Jhalawar,678,0
Rajasthan,Jhunjhunu,41,0
Rajasthan,Jhunjhunun,1202,13
Rajasthan,Jodhpur,672,20
Rajasthan,Karauli,1205,0
Rajasthan,Kota,2344,13
Rajasthan,Nagaur,901,15
Rajasthan,Pali,5541,45
Rajasthan,Pratapgarh,2661,0
Rajasthan,Rajsamand,855,22
Rajasthan,Sawai Madhopur,51,0
Rajasthan,Sikar,1243,16
Rajasthan,Sirohi,57,2
Rajasthan,Tonk,90,0
Rajasthan,Udaipur,483,1
Sikkim,East Sikkim,40,0
Sikkim,North Sikkim,1,0
Sikkim,South Sikkim,1,0
Sikkim,West Sikkim,5,0
Tamil Nadu,Ariyalur,6,0
Tamil Nadu,Chennai,2103,2
Tamil Nadu,Coimbatore,7074,0
Tamil Nadu,Cuddalore,1,0
Tamil Nadu,Dharmapuri,1,0
Tamil Nadu,Dindigul,3,0
Tamil Nadu,Erode,395,1
Tamil Nadu,Kancheepuram,12,0
Tamil Nadu,Kanniyakumari,4,0
Tamil Nadu,Karur,10,0
Tamil Nadu,Krishnagiri,898,3
Tamil Nadu,Madurai,1,0
Tamil Nadu,Ramanathapuram,3,0
Tamil Nadu,Salem,183,2
Tamil Nadu,Sivaganga,383,1
Tamil Nadu,Thanjavur,1,0
Tamil Nadu,The Nilgiris,577,0
Tamil Nadu,Theni,780,0
Tamil Nadu,Thoothukkudi,6,0
Tamil Nadu,Tiruchirappalli,47,2
Tamil Nadu,Tirunelveli,10709,70
Tamil Nadu,Tiruppur,1512,1
Tamil Nadu,Tiruvallur,1158,1
Tamil Nadu,Tiruvannamalai,139,0
Tamil Nadu,Vellore,14,0
Tamil Nadu,Viluppuram,932,99
Tamil Nadu,Virudhunagar,3051,1
Tripura,Dhalai,7,0
Tripura,Gomati,1,0
Tripura,North Tripura,2,0
Tripura,Sepahijala,16,0
Tripura,South Tripura,1,0
Tripura,West Tripura,212,0
Uttar Pradesh,Agra,12,2
Uttar Pradesh,Aligarh,8,0
Uttar Pradesh,Allahabad,49,0
Uttar Pradesh,Ambedkar Nagar,26,0
Uttar Pradesh,Amethi,1443,7
Uttar Pradesh,Amroha,173,6
Uttar Pradesh,Auraiya,2,0
Uttar Pradesh,Azamgarh,944,1
Uttar Pradesh,Baghpat,11,0
Uttar Pradesh,Bahraich,29,0
Uttar Pradesh,Ballia,126,0
Uttar Pradesh,Balrampur,14,0
Uttar Pradesh,Banda,1101,0
Uttar Pradesh,Bara Banki,36,0
Uttar Pradesh,Bareilly,168,0
Uttar Pradesh,Basti,28,0
Uttar Pradesh,Bijnor,390,2
Uttar Pradesh,Budaun,11,0
Uttar Pradesh,Bulandshahr,58,0
Uttar Pradesh,Chandauli,728,0
Uttar Pradesh,Chitrakoot,877,1
Uttar Pradesh,Deoria,22,0
Uttar Pradesh,Etah,14,0
Uttar Pradesh,Etawah,426,0
Uttar Pradesh,Faizabad,656,0
Uttar Pradesh,Farrukhabad,353,0
Uttar Pradesh,Fatehpur,21,0
Uttar Pradesh,Firozabad,9,0
Uttar Pradesh,Gautam Buddha Nagar,255,0
Uttar Pradesh,Ghaziabad,175,2
Uttar Pradesh,Ghazipur,413,2
Uttar Pradesh,Gonda,24,0
Uttar Pradesh,Gorakhpur,27,0
Uttar Pradesh,Hamirpur,6,0
Uttar Pradesh,Hardoi,12,0
Uttar Pradesh,Hathras,1,0
Uttar Pradesh,Jalaun,3,0
Uttar Pradesh,Jaunpur,52,0
Uttar Pradesh,Jhansi,144,0
Uttar Pradesh,Kannauj,8,0
Uttar Pradesh,Kanpur Dehat,5,0
Uttar Pradesh,Kanpur Nagar,9,0
Uttar Pradesh,Kasganj,5,0
Uttar Pradesh,Kaushambi,13,0
Uttar Pradesh,Kheri,4,0
Uttar Pradesh,Kushinagar,22,0
Uttar Pradesh,Lucknow,11,0
Uttar Pradesh,Maharajganj,13,0
Uttar Pradesh,Mahoba,5,0
Uttar Pradesh,Mainpuri,183,0
Uttar Pradesh,Mathura,15,0
Uttar Pradesh,Mau,17,0
Uttar Pradesh,Meerut,12,0
Uttar Pradesh,Mirzapur,9,0
Uttar Pradesh,Moradabad,25,0
Uttar Pradesh,Muzaffarnagar,8,0
Uttar Pradesh,Pilibhit,589,0
Uttar Pradesh,Pratapgarh,291,1
Uttar Pradesh,Rae Bareli,1447,0
Uttar Pradesh,Rampur,5,0
Uttar Pradesh,Saharanpur,2879,1
Uttar Pradesh,Sambhal,2,0
Uttar Pradesh,Sant Kabir Nagar,435,1
Uttar Pradesh,Sant Ravidas Nagar,176,0
Uttar Pradesh,Shahjahanpur,2417,2
Uttar Pradesh,Shamli,1,0
Uttar Pradesh,Shrawasti,24,0
Uttar Pradesh,Siddharthnagar,45,0
Uttar Pradesh,Sitapur,2,0
Uttar Pradesh,Sonbhadra,200,1
Uttar Pradesh,Sultanpur,18,0
Uttar Pradesh,Unnao,8,0
Uttar Pradesh,Varanasi,864,4
Uttarakhand,Almora,9,0
Uttarakhand,Bageshwar,9,0
Uttarakhand,Chamoli,3,0
Uttarakhand,Champawat,4,0
Uttarakhand,Dehradun,11,0
Uttarakhand,Haridwar,4,0
Uttarakhand,Nainital,6,0
Uttarakhand,Pauri Garhwal,14,0
Uttarakhand,Pithoragarh,4,0
Uttarakhand,Tehri Garhwal,128,0
Uttarakhand,Udham Singh Nagar,211,0
West Bengal,Bankura,1069,5
West Bengal,Barddhaman,846,43
West Bengal,Bardhaman,522,95
West Bengal,Birbhum,373,0
West Bengal,Cooch Behar,135,0
West Bengal,Dakshin Dinajpur,67,0
West Bengal,Darjeeling,132,2
West Bengal,East Midnapore,2150,576
West Bengal,Hooghly,263,0
West Bengal,Howrah,54,0
West Bengal,Jalpaiguri,363,3
West Bengal,Kolkata,8,1
West Bengal,Malda,64,0
West Bengal,Medinipur,167,91
West Bengal,Murshidabad,3138,7
West Bengal,Nadia,1332,0
West Bengal,North 24 Parganas,6376,8
West Bengal,Paschim Medinipur,15,1
West Bengal,Purba Medinipur,2466,1
West Bengal,Puruliya,9,0
West Bengal,South 24 Parganas,13,0
West Bengal,Uttar Dinajpur,9,0
West Bengal,West Midnapore,31,81
