State,District,Aadhaar generated,Enrolment Rejected
Andhra Pradesh,Adilabad,697,2
Andhra Pradesh,Anantapur,1,0
Andhra Pradesh,Ananthapur,1007,0
Andhra Pradesh,Chittoor,453,4
Andhra Pradesh,Cuddapah,400,8
Andhra Pradesh,East Godavari,78,4
Andhra Pradesh,Guntur,110,3
Andhra Pradesh,Hyderabad,1967,12
Andhra Pradesh,K.v. Rangareddy,7816,47
Andhra Pradesh,Karimnagar,230,3
Andhra Pradesh,Khammam,8186,21
Andhra Pradesh,Krishna,594,3
Andhra Pradesh,Kurnool,4322,55
Andhra Pradesh,Mahabub Nagar,0,1
Andhra Pradesh,Mahabubnagar,713,3
Andhra Pradesh,Medak,3628,6
Andhra Pradesh,Nalgonda,1872,8
Andhra Pradesh,Nellore,448,3
Andhra Pradesh,Nizamabad,418,2
Andhra Pradesh,Prakasam,374,4
Andhra Pradesh,Srikakulam,69,1
Andhra Pradesh,Visakhapatnam,1312,17
Andhra Pradesh,Vizianagaram,1688,0
Andhra Pradesh,Warangal,539,13
Andhra Pradesh,West Godavari,1641,11
Arunachal Pradesh,Changlang,1,0
Assam,Baksa,3,0
Assam,Barpeta,2,0
Assam,Bongaigaon,1,0
Assam,Cachar,3,0
Assam,Chirang,1,0
Assam,Dhemaji,2,0
Assam,Dhubri,2,0
Assam,Dibrugarh,4,0
Assam,Golaghat,2,0
Assam,Jorhat,2,0
Assam,Kamrup,4,0
Assam,Kamrup Metro,1,0
Assam,Kokrajhar,1,0
Assam,Lakhimpur,1,0
Assam,Marigaon,2,0
Assam,Nagaon,3,0
Assam,Sonitpur,4,0
Assam,Tinsukia,8,0
Assam,Udalguri,3,0
Bihar,Araria,33,0
Bihar,Arwal,1033,4
Bihar,Aurangabad,43,0
Bihar,Aurangabad(BH),2,0
Bihar,Banka,14,0
Bihar,Begusarai,16,0
Bihar,Bhagalpur,24,1
Bihar,Bhojpur,48,0
Bihar,Buxar,18,0
Bihar,Darbhanga,137,2
Bihar,East Champaran,70,1
Bihar,Gaya,73,0
Bihar,Gopalganj,91,0
Bihar,Jamui,79,0
Bihar,Jehanabad,6,0
Bihar,Kaimur (Bhabua),13,0
Bihar,Katihar,36,0
Bihar,Khagaria,11,0
Bihar,Kishanganj,14,0
Bihar,Lakhisarai,3,0
Bihar,Madhepura,9,0
Bihar,Madhubani,81,0
Bihar,Munger,9,0
Bihar,Muzaffarpur,36,0
Bihar,Nalanda,118,0
Bihar,Nawada,19,0
Bihar,Patna,105,0
Bihar,Purnia,17,0
Bihar,Rohtas,414,0
Bihar,Saharsa,244,1
Bihar,Samastipur,34,1
Bihar,Saran,53,0
Bihar,Sheikhpura,21,0
Bihar,Sheohar,317,0
Bihar,Sitamarhi,73,0
Bihar,Siwan,52,0
Bihar,Supaul,40,0
Bihar,Vaishali,71,0
Bihar,West Champaran,27,0
Chandigarh,Chandigarh,180,0
Chhattisgarh,Bastar,78,0
Chhattisgarh,Bemetara,194,0
Chhattisgarh,Bilaspur,8,0
Chhattisgarh,Dhamtari,885,1
Chhattisgarh,Durg,2,0
Chhattisgarh,Janjgir-champa,26,0
Chhattisgarh,Jashpur,2,0
Chhattisgarh,Korba,3581,36
Chhattisgarh,Koriya,2646,6
Chhattisgarh,Mahasamund,2,0
Chhattisgarh,Mungeli,951,3
Chhattisgarh,Mungeli ,1,0
Chhattisgarh,Raipur,4,0
Chhattisgarh,Rajnandgaon,140,0
Chhattisgarh,Surajpur ,2,0
Dadra and Nagar Haveli,Dadra and Nagar Haveli,5,0
Daman and Diu,Diu,152,0
Delhi,Central Delhi,100,7
Delhi,East Delhi,101,4
Delhi,Najafgarh,1,0
Delhi,New Delhi,3,0
Delhi,North Delhi,24,0
Delhi,North East,5,1
Delhi,North East Delhi,257,5
Delhi,North West Delhi,511,73
Delhi,South Delhi,681,17
Delhi,South West Delhi,925,103
Delhi,West Delhi,497,213
Goa,North Goa,297,1
Goa,South Goa,188,1
Gujarat,Ahmadabad,26,0
Gujarat,Ahmedabad,817,7
Gujarat,Amreli,2675,7
Gujarat,Anand,928,0
Gujarat,Banaskantha,572,1
Gujarat,Bharuch,163,1
Gujarat,Bhavnagar,2243,5
Gujarat,Dahod,427,0
Gujarat,Dohad,187,0
Gujarat,Gandhinagar,569,2
Gujarat,Jamnagar,72,1
Gujarat,Junagadh,646,3
Gujarat,Kachchh,218,1
Gujarat,Kheda,718,4
Gujarat,Mahesana,2715,4
Gujarat,Narmada,58,0
Gujarat,Navsari,58,1
Gujarat,Panchmahals,771,13
Gujarat,Patan,997,0
Gujarat,Porbandar,1182,5
Gujarat,Rajkot,535,4
Gujarat,Sabarkantha,166,0
Gujarat,Surat,754,0
Gujarat,Surendra Nagar,460,1
Gujarat,Tapi,343,0
Gujarat,The Dangs,206,0
Gujarat,Vadodara,443,0
Gujarat,Valsad,1774,29
Haryana,Ambala,118,6
Haryana,Bhiwani,1826,3
Haryana,Faridabad,882,2
Haryana,Fatehabad,1117,1
Haryana,Gurgaon,185,0
Haryana,Hisar,1133,3
Haryana,Jhajjar,1327,3
Haryana,Jind,2123,5
Haryana,Kaithal,270,1
Haryana,Karnal,1366,8
Haryana,Kurukshetra,26,0
Haryana,Mahendragarh,416,2
Haryana,Mewat,69,0
Haryana,Palwal,51,0
Haryana,Panchkula,51,0
Haryana,Panipat,241,1
Haryana,Rewari,228,1
Haryana,Rohtak,195,1
Haryana,Sirsa,400,2
Haryana,Sonipat,307,10
Haryana,Yamuna Nagar,158,1
Himachal Pradesh,Bilaspur,75,0
Himachal Pradesh,Chamba,74,0
Himachal Pradesh,Hamirpur,296,0
Himachal Pradesh,Kangra,102,0
Himachal Pradesh,Kinnaur,22,0
Himachal Pradesh,Kullu,488,4
Himachal Pradesh,Lahul and Spiti,14,0
Himachal Pradesh,Mandi,357,2
Himachal Pradesh,Shimla,1483,1
Himachal Pradesh,Sirmaur,1405,20
Himachal Pradesh,Solan,1524,0
Himachal Pradesh,Una,9,0
Jammu and Kashmir,Anantnag,1,0
Jammu and Kashmir,Badgam,1,0
Jammu and Kashmir,Baramula,5,1
Jammu and Kashmir,Doda,46,0
Jammu and Kashmir,Jammu,53,0
Jammu and Kashmir,Kargil,1,0
Jammu and Kashmir,Kathua,118,0
Jammu and Kashmir,Leh,6,0
Jammu and Kashmir,Pulwama,1,0
Jammu and Kashmir,Punch,1,0
Jammu and Kashmir,Rajouri,1,0
Jammu and Kashmir,Srinagar,2,0
Jammu and Kashmir,Udhampur,13,0
Jharkhand,Bokaro,2729,5
Jharkhand,Chatra,424,6
Jharkhand,Deoghar,110,7
Jharkhand,Dhanbad,304,3
Jharkhand,Dumka,104,1
Jharkhand,East Singhbhum,2975,2
Jharkhand,Garhwa,56,1
Jharkhand,Giridih,56,0
Jharkhand,Godda,537,0
Jharkhand,Gumla,576,1
Jharkhand,Hazaribagh,240,12
Jharkhand,Jamtara,461,2
Jharkhand,Khunti,220,0
Jharkhand,Koderma,1028,0
Jharkhand,Latehar,387,0
Jharkhand,Lohardaga,1356,16
Jharkhand,Pakaur,1,0
Jharkhand,Pakur,458,0
Jharkhand,Palamu,62,0
Jharkhand,Ramgarh,268,11
Jharkhand,Ranchi,558,8
Jharkhand,Sahebganj,1201,2
Jharkhand,Seraikela-Kharsawan,1376,8
Jharkhand,Simdega,307,2
Jharkhand,West Singhbhum,959,11
Karnataka,Bagalkot,1841,84
Karnataka,Bangalore,2773,45
Karnataka,Bangalore Rural,72,0
Karnataka,Belgaum,5285,177
Karnataka,Bellary,459,5
Karnataka,Bidar,72,50
Karnataka,Bijapur,4260,56
Karnataka,Chamrajanagar,91,1
Karnataka,Chickmagalur,196,1
Karnataka,Chikkaballapur,11,0
Karnataka,Chitradurga,157,1
Karnataka,Dakshina Kannada,426,4
Karnataka,Davangere,78,1
Karnataka,Dharwad,452,4
Karnataka,Gadag,488,1
Karnataka,Gulbarga,208,4
Karnataka,Hassan,597,5
Karnataka,Haveri,115,144
Karnataka,Kodagu,325,37
Karnataka,Kolar,201,0
Karnataka,Koppal,1012,112
Karnataka,Mandya,133,1
Karnataka,Mysore,630,3
Karnataka,Raichur,718,2
Karnataka,Ramanagar,757,34
Karnataka,Shimoga,4150,17
Karnataka,Tumkur,178,0
Karnataka,Udupi,31,3
Karnataka,Uttara Kannada,29,4610
Karnataka,Yadgir,6,0
Kerala,Alappuzha,9827,33469
Kerala,Ernakulam,2282,20783
Kerala,Idukki,3586,11911
Kerala,Kannur,3688,53761
Kerala,Kasaragod,174,1790
Kerala,Kasargod,12,13239
Kerala,Kollam,18602,65332
Kerala,Kottayam,12207,8074
Kerala,Kozhikode,780,36779
Kerala,Malappuram,1605,850
Kerala,Palakkad,1412,24440
Kerala,Pathanamthitta,1438,25037
Kerala,Thiruvananthapuram,13663,4319
Kerala,Thrissur,5935,1619
Kerala,Wayanad,262,15390
Lakshadweep,Lakshadweep,7,3
Madhya Pradesh,Alirajpur,33,4
Madhya Pradesh,Anuppur,283,5
Madhya Pradesh,Ashok Nagar,13,0
Madhya Pradesh,Balaghat,1308,11
Madhya Pradesh,Barwani,72,1
Madhya Pradesh,Betul,417,4
Madhya Pradesh,Bhind,71,0
Madhya Pradesh,Bhopal,1676,58
Madhya Pradesh,Burhanpur,219,3
Madhya Pradesh,Chhatarpur,613,11
Madhya Pradesh,Chhindwara,1098,13
Madhya Pradesh,Damoh,85,2
Madhya Pradesh,Datia,122,0
Madhya Pradesh,Dewas,5,0
Madhya Pradesh,Dhar,774,8
Madhya Pradesh,Dindori,518,3
Madhya Pradesh,Guna,206,5
Madhya Pradesh,Gwalior,158,1
Madhya Pradesh,Harda,54,0
Madhya Pradesh,Hoshangabad,79,3
Madhya Pradesh,Indore,314,7
Madhya Pradesh,Jabalpur,2389,70
Madhya Pradesh,Jhabua,36,22
Madhya Pradesh,Katni,197,1
Madhya Pradesh,Khandwa,115,2
Madhya Pradesh,Khargone,1178,20
Madhya Pradesh,Mandla,234,5
Madhya Pradesh,Mandsaur,76,1
Madhya Pradesh,Morena,481,8
Madhya Pradesh,Narsinghpur,869,15
Madhya Pradesh,Neemuch,8,0
Madhya Pradesh,Panna,1067,14
Madhya Pradesh,Raisen,125,0
Madhya Pradesh,Rajgarh,33,0
Madhya Pradesh,Ratlam,127,0
Madhya Pradesh,Rewa,398,10
Madhya Pradesh,Sagar,113,0
Madhya Pradesh,Satna,396,8
Madhya Pradesh,Sehore,268,0
Madhya Pradesh,Seoni,271,9
Madhya Pradesh,Shahdol,589,10
Madhya Pradesh,Shajapur,7,0
Madhya Pradesh,Sheopur,5,0
Madhya Pradesh,Shivpuri,578,0
Madhya Pradesh,Sidhi,354,6
Madhya Pradesh,Singrauli,293,4
Madhya Pradesh,Tikamgarh,1074,3
Madhya Pradesh,Ujjain,185,1
Madhya Pradesh,Umaria,192,4
Madhya Pradesh,Vidisha,82,2
Maharashtra,Ahmadnagar,1002,2
Maharashtra,Ahmed Nagar,12,0
Maharashtra,Akola,636,0
Maharashtra,Amravati,1991,25
Maharashtra,Aurangabad,4213,28
Maharashtra,Beed,445,0
Maharashtra,Bhandara,716,5
Maharashtra,Buldhana,1341,6
Maharashtra,Chandrapur,536,1
Maharashtra,Dhule,1501,2
Maharashtra,Gadchiroli,246,0
Maharashtra,Gondiya,1910,19
Maharashtra,Hingoli,559,1
Maharashtra,Jalgaon,12726,46
Maharashtra,Jalna,837,5
Maharashtra,Kolhapur,1215,2
Maharashtra,Latur,2650,12
Maharashtra,Mumbai,8691,81
Maharashtra,Nagpur,1314,19
Maharashtra,Nanded,722,2
Maharashtra,Nandurbar,1943,0
Maharashtra,Nashik,3727,37
Maharashtra,Osmanabad,587,10
Maharashtra,Parbhani,1025,1
Maharashtra,Pune,6468,19
Maharashtra,Raigarh,997,4
Maharashtra,Raigarh(MH),5,0
Maharashtra,Ratnagiri,659,8
Maharashtra,Sangli,100,2
Maharashtra,Satara,285,3
Maharashtra,Sindhudurg,357,1
Maharashtra,Solapur,978,4
Maharashtra,Thane,4026,58
Maharashtra,Wardha,25,16
Maharashtra,Washim,259,10
Maharashtra,Yavatmal,969,4
Manipur,Chandel,1,0
Manipur,Imphal West,3,0
Meghalaya,East Khasi Hills,1,0
Meghalaya,West Garo Hills,1,0
Mizoram,Champhai,1,0
Nagaland,Dimapur,1,0
Nagaland,Mokokchung,2,0
Nagaland,Wokha,2,0
Odisha,Angul,6,0
Odisha,Balangir,8,0
Odisha,Baleswar,196,24
Odisha,Bargarh,142,2
Odisha,Bhadrak,18,0
Odisha,Boudh,1,0
Odisha,Cuttack,39,0
Odisha,Debagarh,4,2
Odisha,Dhenkanal,32,1
Odisha,Gajapati,6,0
Odisha,Ganjam,60,13
Odisha,Jagatsinghapur,9,0
Odisha,Jajapur,1090,30
Odisha,Jharsuguda,1,0
Odisha,Kalahandi,2,0
Odisha,Kandhamal,6,0
Odisha,Kendrapara,79,1
Odisha,Kendujhar,243,6
Odisha,Khorda,11,0
Odisha,Khordha,8,9
Odisha,Koraput,1,0
Odisha,Mayurbhanj,418,33
Odisha,Nabarangapur,19,0
Odisha,Nayagarh,54,19
Odisha,Nuapada,2,0
Odisha,Puri,25,0
Odisha,Rayagada,1,0
Odisha,Sambalpur,9,83
Odisha,Sundergarh,107,1
Others,Others,11,1620
Puducherry,Karaikal,376,0
Puducherry,Puducherry,107,0
Punjab,Amritsar,838,12
Punjab,Barnala,9,0
Punjab,Bathinda,97,5
Punjab,Faridkot,9,0
Punjab,Fatehgarh Sahib,20,4
Punjab,Fazilka,154,0
Punjab,Ferozepur,335,4
Punjab,Gurdaspur,403,11
Punjab,Hoshiarpur,954,15
Punjab,Jalandhar,493,27
Punjab,Kapurthala,96,3
Punjab,Ludhiana,903,1
Punjab,Mansa,614,0
Punjab,Moga,55,1
Punjab,Muktsar,5,0
Punjab,Pathankot,72,1
Punjab,Patiala,46,3
Punjab,Rupnagar,608,2
Punjab,SAS Nagar (Mohali),45,0
Punjab,Sangrur,49,2
Punjab,Shaheed Bhagat Singh Nagar,13,0
Punjab,Sri Muktsar Sahib,213,5
Punjab,Tarn Taran,476,3
Rajasthan,Ajmer,167,10
Rajasthan,Alwar,3220,107
Rajasthan,Banswara,567,0
Rajasthan,Baran,47,0
Rajasthan,Barmer,33,1
Rajasthan,Bharatpur,207,0
Rajasthan,Bhilwara,1904,0
Rajasthan,Bikaner,59,0
Rajasthan,Bundi,106,1
Rajasthan,Chittorgarh,1196,5
Rajasthan,Churu,40,0
Rajasthan,Dausa,110,9
Rajasthan,Dholpur,16,0
Rajasthan,Dungarpur,914,0
Rajasthan,Ganganagar,399,1
Rajasthan,Hanumangarh,120,1
Rajasthan,Jaipur,1628,86
Rajasthan,Jaisalmer,693,2
Rajasthan,Jalor,15,0
Rajasthan,Jhalawar,183,0
Rajasthan,Jhunjhunun,348,0
Rajasthan,Jodhpur,617,4
Rajasthan,Karauli,174,2
Rajasthan,Kota,937,62
Rajasthan,Nagaur,400,5
Rajasthan,Pali,1023,7
Rajasthan,Pratapgarh,1388,2
Rajasthan,Rajsamand,52,2
Rajasthan,Sawai Madhopur,488,3
Rajasthan,Sikar,827,2
Rajasthan,Sirohi,96,10
Rajasthan,Tonk,12,0
Rajasthan,Udaipur,115,1
Sikkim,East Sikkim,370,0
Sikkim,North Sikkim,2,0
Sikkim,South Sikkim,90,0
Sikkim,West Sikkim,16,0
Tamil Nadu,Ariyalur,25,0
Tamil Nadu,Chennai,2388,6
Tamil Nadu,Coimbatore,1850,1
Tamil Nadu,Cuddalore,47,12
Tamil Nadu,Dharmapuri,1975,9
Tamil Nadu,Dindigul,289,0
Tamil Nadu,Erode,33,0
Tamil Nadu,Kancheepuram,1350,4
Tamil Nadu,Kanchipuram,2,0
Tamil Nadu,Kanniyakumari,112,1
Tamil Nadu,Kanyakumari,4,0
Tamil Nadu,Karur,4989,1
Tamil Nadu,Krishnagiri,4090,8
Tamil Nadu,Madurai,11151,0
Tamil Nadu,Nagapattinam,15,2
Tamil Nadu,Namakkal,2740,5
Tamil Nadu,Perambalur,4,0
Tamil Nadu,Pudukkottai,2338,0
Tamil Nadu,Ramanathapuram,6,0
Tamil Nadu,Salem,4098,58
Tamil Nadu,Sivaganga,1458,1
Tamil Nadu,Thanjavur,259,0
Tamil Nadu,The Nilgiris,1679,2
Tamil Nadu,Theni,849,0
Tamil Nadu,Thiruvarur,81,0
Tamil Nadu,Thoothukkudi,301,0
Tamil Nadu,Tiruchirappalli,3217,0
Tamil Nadu,Tirunelveli,80,0
Tamil Nadu,Tiruppur,757,4
Tamil Nadu,Tiruvallur,326,3
Tamil Nadu,Tiruvannamalai,20380,9
Tamil Nadu,Tiruvarur,47,0
Tamil Nadu,Vellore,3573,15
Tamil Nadu,Villupuram,1157,5
Tamil Nadu,Viluppuram,3087,61
Tamil Nadu,Virudhunagar,68,1
Tripura,Dhalai,566,28
Tripura,Gomati,22,0
Tripura,Khowai,228,1
Tripura,North Tripura,293,3
Tripura,Sepahijala,77,0
Tripura,South Tripura,7,0
Tripura,Unakoti,3,0
Tripura,West Tripura,544,0
Uttar Pradesh,Agra,12,1
Uttar Pradesh,Aligarh,20,0
Uttar Pradesh,Allahabad,97,0
Uttar Pradesh,Ambedkar Nagar,26,1
Uttar Pradesh,Amethi,114,1
Uttar Pradesh,Amroha,43,1
Uttar Pradesh,Auraiya,5,0
Uttar Pradesh,Azamgarh,140,1
Uttar Pradesh,Baghpat,8,0
Uttar Pradesh,Bahraich,7,0
Uttar Pradesh,Ballia,91,0
Uttar Pradesh,Balrampur,42,0
Uttar Pradesh,Banda,21,0
Uttar Pradesh,Bara Banki,11,0
Uttar Pradesh,Barabanki,1,0
Uttar Pradesh,Bareilly,114,0
Uttar Pradesh,Basti,35,0
Uttar Pradesh,Bijnor,15,0
Uttar Pradesh,Budaun,25,0
Uttar Pradesh,Bulandshahr,778,0
Uttar Pradesh,Chandauli,17,0
Uttar Pradesh,Chitrakoot,4798,26
Uttar Pradesh,Deoria,53,0
Uttar Pradesh,Etah,15,0
Uttar Pradesh,Etawah,910,2
Uttar Pradesh,Faizabad,26,0
Uttar Pradesh,Farrukhabad,31,1
Uttar Pradesh,Fatehpur,950,0
Uttar Pradesh,Firozabad,11,0
Uttar Pradesh,Gautam Buddha Nagar,21,0
Uttar Pradesh,Ghaziabad,362,5
Uttar Pradesh,Ghazipur,44,0
Uttar Pradesh,Gonda,118,0
Uttar Pradesh,Gorakhpur,66,0
Uttar Pradesh,Hamirpur,9,0
Uttar Pradesh,Hardoi,6,0
Uttar Pradesh,Hathras,8,2
Uttar Pradesh,Jalaun,8,0
Uttar Pradesh,Jaunpur,69,0
Uttar Pradesh,Jhansi,44,1
Uttar Pradesh,Kannauj,6,0
Uttar Pradesh,Kanpur Dehat,3,0
Uttar Pradesh,Kanpur Nagar,18,0
Uttar Pradesh,Kasganj,4,0
Uttar Pradesh,Kaushambi,17,0
Uttar Pradesh,Kheri,4,0
Uttar Pradesh,Kushinagar,22,0
Uttar Pradesh,Lucknow,12,0
Uttar Pradesh,Maharajganj,804,1
Uttar Pradesh,Mahoba,5,0
Uttar Pradesh,Mainpuri,50,0
Uttar Pradesh,Mathura,17,0
Uttar Pradesh,Mau,28,0
Uttar Pradesh,Meerut,67,0
Uttar Pradesh,Mirzapur,18,0
Uttar Pradesh,Moradabad,3,0
Uttar Pradesh,Muzaffarnagar,16,0
Uttar Pradesh,Pilibhit,17,0
Uttar Pradesh,Pratapgarh,65,0
Uttar Pradesh,Rae Bareli,1478,2
Uttar Pradesh,Rampur,5,0
Uttar Pradesh,Saharanpur,33,0
Uttar Pradesh,Sambhal,5,0
Uttar Pradesh,Sant Kabir Nagar,1160,6
Uttar Pradesh,Sant Ravidas Nagar,38,0
Uttar Pradesh,Shahjahanpur,10746,19
Uttar Pradesh,Shamli,6,0
Uttar Pradesh,Shrawasti,908,0
Uttar Pradesh,Siddharthnagar,146,0
Uttar Pradesh,Sitapur,10,0
Uttar Pradesh,Sonbhadra,45,0
Uttar Pradesh,Sultanpur,33,0
Uttar Pradesh,Unnao,12,0
Uttar Pradesh,Varanasi,157,2
Uttarakhand,Almora,17,0
Uttarakhand,Bageshwar,247,0
Uttarakhand,Chamoli,7,0
Uttarakhand,Champawat,10,0
Uttarakhand,Dehradun,82,0
Uttarakhand,Garhwal,1,0
Uttarakhand,Haridwar,10,0
Uttarakhand,Nainital,10,0
Uttarakhand,Pauri Garhwal,26,0
Uttarakhand,Pithoragarh,10,0
Uttarakhand,Rudraprayag,8,0
Uttarakhand,Tehri Garhwal,549,1
Uttarakhand,Udham Singh Nagar,1078,0
Uttarakhand,Uttarkashi,3,0
West Bengal,Bankura,60,5
West Bengal,Barddhaman,104,797
West Bengal,Bardhaman,76,4
West Bengal,Birbhum,221,8
West Bengal,Cooch Behar,181,3
West Bengal,Dakshin Dinajpur,43,0
West Bengal,Darjeeling,33,0
West Bengal,East Midnapore,413,4
West Bengal,Hooghly,1872,0
West Bengal,Howrah,28,1
West Bengal,Jalpaiguri,54,0
West Bengal,Kolkata,25,6
West Bengal,Malda,102,1
West Bengal,Medinipur,61,3
West Bengal,Murshidabad,1344,2
West Bengal,Nadia,13808,42
West Bengal,North 24 Parganas,4710,37
West Bengal,North Dinajpur,2,0
West Bengal,Paschim Medinipur,36,0
West Bengal,Purba Medinipur,146,0
West Bengal,Puruliya,19,0
West Bengal,South 24 Parganas,675,0
West Bengal,South Twenty Four Parganas,3,0
West Bengal,Uttar Dinajpur,19,0
West Bengal,West Midnapore,22,2
