State,District,Aadhaar generated,Enrolment Rejected
Andaman and Nicobar Islands,North And Middle Andaman,1,0
Andhra Pradesh,Adilabad,2733,50
Andhra Pradesh,Ananthapur,595,31
Andhra Pradesh,Chittoor,321,16
Andhra Pradesh,Cuddapah,118,1
Andhra Pradesh,East Godavari,305,13
Andhra Pradesh,Guntur,143,13
Andhra Pradesh,Hyderabad,2882,42
Andhra Pradesh,K.v. Rangareddy,4630,149
Andhra Pradesh,Karimnagar,7724,78
Andhra Pradesh,Khammam,7582,55
Andhra Pradesh,Krishna,220,3
Andhra Pradesh,Kurnool,5910,63
Andhra Pradesh,Mahabub Nagar,9,0
Andhra Pradesh,Mahabubnagar,3849,71
Andhra Pradesh,Mahbubnagar,0,2
Andhra Pradesh,Medak,13266,165
Andhra Pradesh,Nalgonda,2702,53
Andhra Pradesh,Nellore,1120,14
Andhra Pradesh,Nizamabad,4438,78
Andhra Pradesh,Prakasam,3435,75
Andhra Pradesh,Srikakulam,1912,3
Andhra Pradesh,Visakhapatnam,10902,147
Andhra Pradesh,Vizianagaram,1663,16
Andhra Pradesh,Warangal,4901,98
Andhra Pradesh,West Godavari,2873,41
Arunachal Pradesh,East Siang,1,0
Arunachal Pradesh,Papum Pare,2,0
Assam,Baksa,5,0
Assam,Barpeta,3,0
Assam,Bongaigaon,6,0
Assam,Cachar,17,0
Assam,Chirang,2,0
Assam,Darrang,1,0
Assam,Dhemaji,2,0
Assam,Dhubri,13,0
Assam,Dibrugarh,3,0
Assam,Goalpara,1,0
Assam,Golaghat,4,0
Assam,Hailakandi,14,0
Assam,Jorhat,6,1
Assam,Kamrup,8,0
Assam,Kamrup Metro,5,0
Assam,Karbi Anglong,4,0
Assam,Karimganj,4,0
Assam,Kokrajhar,3,0
Assam,Lakhimpur,3,0
Assam,Marigaon,3,0
Assam,Nagaon,4,0
Assam,Nalbari,5,0
Assam,Sibsagar,4,0
Assam,Sonitpur,27,3
Assam,Tinsukia,6,0
Assam,Udalguri,12,0
Bihar,Araria,179,1
Bihar,Arwal,317,3
Bihar,Aurangabad,93,1
Bihar,Banka,466,1
Bihar,Begusarai,91,1
Bihar,Bhagalpur,89,2
Bihar,Bhojpur,140,3
Bihar,Buxar,82,0
Bihar,Darbhanga,617,12
Bihar,East Champaran,304,2
Bihar,Gaya,182,7
Bihar,Gopalganj,916,1
Bihar,Jamui,301,5
Bihar,Jehanabad,39,2
Bihar,Kaimur (Bhabua),38,0
Bihar,Katihar,1428,3
Bihar,Khagaria,56,0
Bihar,Kishanganj,636,9
Bihar,Lakhisarai,24,0
Bihar,Madhepura,50,0
Bihar,Madhubani,315,5
Bihar,Munger,55,1
Bihar,Muzaffarpur,199,1
Bihar,Nalanda,1347,22
Bihar,Nawada,94,0
Bihar,Patna,254,8
Bihar,Purnia,59,0
Bihar,Rohtas,1120,4
Bihar,Saharsa,3257,0
Bihar,Samastipur,132,4
Bihar,Saran,225,4
Bihar,Sheikhpura,26,3
Bihar,Sheohar,483,5
Bihar,Sitamarhi,127,1
Bihar,Siwan,169,3
Bihar,Supaul,71,4
Bihar,Vaishali,2172,11
Bihar,West Champaran,101,2
Chandigarh,Chandigarh,180,7
Chhattisgarh,Balod,6,1
Chhattisgarh,Baloda Bazar,3,0
Chhattisgarh,Balrampur,5,0
Chhattisgarh,Bastar,699,0
Chhattisgarh,Bemetara,151,0
Chhattisgarh,Bilaspur,19,0
Chhattisgarh,Dantewada,1,0
Chhattisgarh,Dhamtari,1312,7
Chhattisgarh,Durg,31,0
Chhattisgarh,Janjgir-champa,1458,0
Chhattisgarh,Jashpur,5,0
Chhattisgarh,Kanker,5,0
Chhattisgarh,Korba,16,0
Chhattisgarh,Koriya,849,1
Chhattisgarh,Mungeli,113,0
Chhattisgarh,Mungeli ,6,0
Chhattisgarh,Raigarh,6,0
Chhattisgarh,Raipur,13,0
Chhattisgarh,Rajnandgaon,103,1
Chhattisgarh,Surajpur ,2,0
Chhattisgarh,Surguja,7,0
Dadra and Nagar Haveli,Dadra and Nagar Haveli,1728,0
Daman and Diu,Daman,23,0
Delhi,Central Delhi,496,48
Delhi,East Delhi,1541,91
Delhi,Najafgarh,1,0
Delhi,New Delhi,59,17
Delhi,North Delhi,320,17
Delhi,North East,1,3
Delhi,North East Delhi,1245,117
Delhi,North West Delhi,2620,117
Delhi,South Delhi,3136,730
Delhi,South West Delhi,1080,126
Delhi,West Delhi,1564,123
Goa,North Goa,475,20
Goa,South Goa,175,8
Gujarat,Ahmadabad,107,0
Gujarat,Ahmedabad,5374,43
Gujarat,Amreli,1327,0
Gujarat,Anand,3548,3
Gujarat,Banaskantha,5986,17
Gujarat,Bharuch,1580,105
Gujarat,Bhavnagar,3753,8
Gujarat,Dahod,323,1
Gujarat,Dohad,1796,21
Gujarat,Gandhinagar,1480,1
Gujarat,Jamnagar,1359,10
Gujarat,Junagadh,4193,329
Gujarat,Kachchh,737,9
Gujarat,Kheda,5520,16
Gujarat,Mahesana,484,1
Gujarat,Narmada,655,52
Gujarat,Navsari,2647,22
Gujarat,Panchmahals,2486,56
Gujarat,Patan,4053,11
Gujarat,Porbandar,1087,4
Gujarat,Rajkot,6137,302
Gujarat,Sabarkantha,1612,1
Gujarat,Surat,3156,24
Gujarat,Surendra Nagar,1354,14
Gujarat,Tapi,247,10
Gujarat,The Dangs,161,3
Gujarat,Vadodara,3504,67
Gujarat,Valsad,2251,64
Haryana,Ambala,386,22
Haryana,Bhiwani,5738,24
Haryana,Faridabad,4269,47
Haryana,Fatehabad,5166,7
Haryana,Gurgaon,3677,31
Haryana,Hisar,6309,40
Haryana,Jhajjar,3397,14
Haryana,Jind,3422,54
Haryana,Kaithal,1061,17
Haryana,Karnal,5451,70
Haryana,Kurukshetra,1456,11
Haryana,Mahendragarh,3226,11
Haryana,Mewat,1200,4
Haryana,Palwal,2183,28
Haryana,Panchkula,1101,4
Haryana,Panipat,1854,50
Haryana,Rewari,3216,16
Haryana,Rohtak,2690,7
Haryana,Sirsa,1822,27
Haryana,Sonipat,424,3
Haryana,Yamuna Nagar,5118,26
Himachal Pradesh,Bilaspur,7,1
Himachal Pradesh,Chamba,171,5
Himachal Pradesh,Hamirpur,15,0
Himachal Pradesh,Kangra,1013,4
Himachal Pradesh,Kinnaur,95,0
Himachal Pradesh,Kullu,533,49
Himachal Pradesh,Lahul and Spiti,88,1
Himachal Pradesh,Mandi,174,3
Himachal Pradesh,Shimla,462,5
Himachal Pradesh,Sirmaur,410,39
Himachal Pradesh,Solan,252,4
Himachal Pradesh,Una,10,1
Jammu and Kashmir,Anantnag,889,28
Jammu and Kashmir,Badgam,4,0
Jammu and Kashmir,Baramula,4,0
Jammu and Kashmir,Doda,498,0
Jammu and Kashmir,Jammu,3045,0
Jammu and Kashmir,Kargil,14,0
Jammu and Kashmir,Kathua,1156,0
Jammu and Kashmir,Kupwara,1,0
Jammu and Kashmir,Pulwama,114,1
Jammu and Kashmir,Punch,3,0
Jammu and Kashmir,Rajouri,8,0
Jammu and Kashmir,Srinagar,143,0
Jammu and Kashmir,Udhampur,4,0
Jharkhand,Bokaro,1959,31
Jharkhand,Chatra,1807,20
Jharkhand,Deoghar,3926,108
Jharkhand,Dhanbad,1873,62
Jharkhand,Dumka,1656,65
Jharkhand,East Singhbhum,5618,65
Jharkhand,Garhwa,1080,41
Jharkhand,Giridih,2095,31
Jharkhand,Godda,3998,62
Jharkhand,Gumla,1468,25
Jharkhand,Hazaribag,1,0
Jharkhand,Hazaribagh,415,24
Jharkhand,Jamtara,4158,42
Jharkhand,Khunti,816,3
Jharkhand,Koderma,1161,60
Jharkhand,Latehar,4106,19
Jharkhand,Lohardaga,491,7
Jharkhand,Pakur,4634,12
Jharkhand,Palamau,1,0
Jharkhand,Palamu,3162,36
Jharkhand,Ramgarh,444,14
Jharkhand,Ranchi,2253,25
Jharkhand,Sahebganj,3971,46
Jharkhand,Seraikela-Kharsawan,899,8
Jharkhand,Simdega,1838,16
Jharkhand,West Singhbhum,6579,200
Karnataka,Bagalkot,1455,12
Karnataka,Bangalore,14906,387
Karnataka,Bangalore Rural,443,3
Karnataka,Belgaum,15443,265
Karnataka,Bellary,4119,47
Karnataka,Bidar,976,5
Karnataka,Bijapur,1922,33
Karnataka,Bijapur(KAR),5,2
Karnataka,Chamrajanagar,1255,1
Karnataka,Chickmagalur,3266,15
Karnataka,Chikkaballapur,51,2
Karnataka,Chitradurga,2293,8
Karnataka,Dakshina Kannada,3497,54
Karnataka,Davangere,2840,20
Karnataka,Dharwad,567,27
Karnataka,Gadag,1840,8
Karnataka,Gulbarga,4827,49
Karnataka,Hassan,3907,31
Karnataka,Haveri,73,5
Karnataka,Kodagu,2049,1
Karnataka,Kolar,3677,11
Karnataka,Koppal,1613,3
Karnataka,Mandya,2070,4
Karnataka,Mysore,298,20
Karnataka,Raichur,3941,16
Karnataka,Ramanagar,2628,3
Karnataka,Shimoga,1683,11
Karnataka,Tumkur,1117,20
Karnataka,Udupi,143,1
Karnataka,Uttara Kannada,620,0
Karnataka,Yadgir,70,1
Kerala,Alappuzha,658,26
Kerala,Ernakulam,1421,32
Kerala,Idukki,408,3
Kerala,Kannur,1521,9
Kerala,Kasaragod,793,8
Kerala,Kasargod,231,17
Kerala,Kollam,1440,20
Kerala,Kottayam,894,12
Kerala,Kozhikode,1441,13
Kerala,Malappuram,2735,31
Kerala,Palakkad,1862,49
Kerala,Pathanamthitta,204,6
Kerala,Thiruvananthapuram,1705,86
Kerala,Thrissur,1451,122
Kerala,Wayanad,59,1
Lakshadweep,Lakshadweep,13,0
Madhya Pradesh,Alirajpur,3671,566
Madhya Pradesh,Anuppur,959,64
Madhya Pradesh,Ashok Nagar,3137,38
Madhya Pradesh,Balaghat,10692,213
Madhya Pradesh,Barwani,842,24
Madhya Pradesh,Betul,3690,45
Madhya Pradesh,Bhind,2121,49
Madhya Pradesh,Bhopal,2851,163
Madhya Pradesh,Burhanpur,1420,173
Madhya Pradesh,Chhatarpur,2193,117
Madhya Pradesh,Chhindwara,5007,110
Madhya Pradesh,Damoh,2540,84
Madhya Pradesh,Datia,382,45
Madhya Pradesh,Dewas,380,10
Madhya Pradesh,Dhar,5223,257
Madhya Pradesh,Dindori,1674,550
Madhya Pradesh,Guna,2674,207
Madhya Pradesh,Gwalior,1502,63
Madhya Pradesh,Harda,331,8
Madhya Pradesh,Hoshangabad,331,9
Madhya Pradesh,Indore,3291,186
Madhya Pradesh,Jabalpur,2752,275
Madhya Pradesh,Jhabua,2973,1222
Madhya Pradesh,Katni,1814,253
Madhya Pradesh,Khandwa,704,123
Madhya Pradesh,Khargone,3770,191
Madhya Pradesh,Mandla,2085,337
Madhya Pradesh,Mandsaur,531,20
Madhya Pradesh,Morena,2833,16
Madhya Pradesh,Narsinghpur,3559,166
Madhya Pradesh,Neemuch,16,0
Madhya Pradesh,Panna,1365,35
Madhya Pradesh,Raisen,3310,188
Madhya Pradesh,Rajgarh,281,11
Madhya Pradesh,Ratlam,1915,9
Madhya Pradesh,Rewa,3059,293
Madhya Pradesh,Sagar,2851,126
Madhya Pradesh,Satna,2745,127
Madhya Pradesh,Sehore,2005,81
Madhya Pradesh,Seoni,1376,244
Madhya Pradesh,Shahdol,2826,210
Madhya Pradesh,Shajapur,328,0
Madhya Pradesh,Sheopur,629,4
Madhya Pradesh,Shivpuri,1247,25
Madhya Pradesh,Sidhi,2394,92
Madhya Pradesh,Singrauli,2175,44
Madhya Pradesh,Tikamgarh,1679,19
Madhya Pradesh,Ujjain,1202,42
Madhya Pradesh,Umaria,1048,37
Madhya Pradesh,Vidisha,409,136
Maharashtra,Ahmadnagar,5750,110
Maharashtra,Ahmed Nagar,11,0
Maharashtra,Akola,1064,1
Maharashtra,Amravati,570,17
Maharashtra,Aurangabad,4646,43
Maharashtra,Beed,3647,19
Maharashtra,Bhandara,1548,19
Maharashtra,Buldhana,4996,7
Maharashtra,Chandrapur,1867,2
Maharashtra,Dhule,613,19
Maharashtra,Gadchiroli,869,1
Maharashtra,Gondiya,844,7
Maharashtra,Hingoli,879,6
Maharashtra,Jalgaon,3029,22
Maharashtra,Jalna,1190,3
Maharashtra,Kolhapur,6027,29
Maharashtra,Latur,1902,8
Maharashtra,Mumbai,4977,51
Maharashtra,Nagpur,3355,51
Maharashtra,Nanded,2851,84
Maharashtra,Nandurbar,1228,5
Maharashtra,Nashik,3396,40
Maharashtra,Osmanabad,773,12
Maharashtra,Parbhani,1198,0
Maharashtra,Pune,9946,75
Maharashtra,Raigarh,4352,9
Maharashtra,Raigarh(MH),69,0
Maharashtra,Ratnagiri,172,0
Maharashtra,Sangli,3531,6
Maharashtra,Satara,4219,28
Maharashtra,Sindhudurg,1976,1
Maharashtra,Solapur,1596,9
Maharashtra,Thane,9573,141
Maharashtra,Wardha,582,3
Maharashtra,Washim,442,16
Maharashtra,Yavatmal,3705,1
Manipur,Chandel,1,0
Manipur,Churachandpur,4,1
Manipur,Imphal East,39,0
Manipur,Imphal West,109,5
Manipur,Senapati,3,0
Manipur,Thoubal,6,0
Meghalaya,East Garo Hills,1,0
Meghalaya,East Khasi Hills,6,2
Meghalaya,West Garo Hills,1,0
Mizoram,Aizawl,1,0
Mizoram,Champhai,2,0
Nagaland,Dimapur,10,0
Nagaland,Mokokchung,4,0
Nagaland,Mon,0,5
Nagaland,Wokha,4,0
Nagaland,Zunheboto,6,0
Odisha,Angul,10,0
Odisha,Anugul,2355,0
Odisha,Balangir,320,0
Odisha,Baleswar,208,21
Odisha,Bargarh,483,302
Odisha,Bhadrak,57,2
Odisha,Boudh,1,0
Odisha,Cuttack,128,0
Odisha,Debagarh,1,0
Odisha,Dhenkanal,506,26
Odisha,Gajapati,5,0
Odisha,Ganjam,54,0
Odisha,Jagatsinghapur,65,2
Odisha,Jajapur,1203,1343
Odisha,Jharsuguda,2,0
Odisha,Kalahandi,7,0
Odisha,Kandhamal,7,0
Odisha,Kendrapara,1307,1
Odisha,Kendujhar,1059,43
Odisha,Khorda,23,0
Odisha,Khordha,1,9
Odisha,Koraput,10,0
Odisha,Mayurbhanj,45,65
Odisha,Nabarangapur,28,0
Odisha,Nayagarh,1411,53
Odisha,Nuapada,1,0
Odisha,Puri,54,1
Odisha,Rayagada,1,0
Odisha,Sambalpur,76,204
Odisha,Sonapur,1,0
Odisha,Sundergarh,1782,53
Others,Others,194,6778
Puducherry,Karaikal,132,0
Puducherry,Puducherry,85,0
Punjab,Amritsar,4865,32
Punjab,Barnala,108,0
Punjab,Bathinda,1745,87
Punjab,Faridkot,1156,4
Punjab,Fatehgarh Sahib,492,6
Punjab,Fazilka,282,18
Punjab,Ferozepur,649,4
Punjab,Gurdaspur,1115,76
Punjab,Hoshiarpur,2687,28
Punjab,Jalandhar,2299,31
Punjab,Kapurthala,591,17
Punjab,Ludhiana,2402,75
Punjab,Mansa,2522,21
Punjab,Moga,287,6
Punjab,Muktsar,26,0
Punjab,Pathankot,618,19
Punjab,Patiala,4295,161
Punjab,Rupnagar,1085,3
Punjab,SAS Nagar (Mohali),1398,688
Punjab,Sangrur,4393,269
Punjab,Shaheed Bhagat Singh Nagar,166,5
Punjab,Sri Muktsar Sahib,657,24
Punjab,Tarn Taran,3363,28
Rajasthan,Ajmer,643,6
Rajasthan,Alwar,4342,50
Rajasthan,Banswara,2976,15
Rajasthan,Baran,832,59
Rajasthan,Barmer,830,93
Rajasthan,Bharatpur,4976,30
Rajasthan,Bhilwara,6005,71
Rajasthan,Bikaner,3317,120
Rajasthan,Bundi,886,7
Rajasthan,Chittorgarh,2714,14
Rajasthan,Churu,2165,79
Rajasthan,Dausa,1459,46
Rajasthan,Dholpur,454,21
Rajasthan,Dungarpur,1699,5
Rajasthan,Ganganagar,4858,31
Rajasthan,Hanumangarh,2019,19
Rajasthan,Jaipur,9451,195
Rajasthan,Jaisalmer,2304,88
Rajasthan,Jalor,653,5
Rajasthan,Jhalawar,1230,32
Rajasthan,Jhunjhunu,6,0
Rajasthan,Jhunjhunun,2660,24
Rajasthan,Jodhpur,11456,152
Rajasthan,Karauli,1448,12
Rajasthan,Kota,1547,102
Rajasthan,Nagaur,4753,106
Rajasthan,Pali,3163,52
Rajasthan,Pratapgarh,1149,36
Rajasthan,Rajsamand,240,8
Rajasthan,Sawai Madhopur,1661,50
Rajasthan,Sikar,8205,172
Rajasthan,Sirohi,294,10
Rajasthan,Tonk,904,36
Rajasthan,Udaipur,428,16
Sikkim,East Sikkim,135,0
Sikkim,North Sikkim,13,0
Sikkim,South Sikkim,41,0
Sikkim,West Sikkim,25,0
Tamil Nadu,Ariyalur,107,0
Tamil Nadu,Chennai,7498,14
Tamil Nadu,Coimbatore,11456,22
Tamil Nadu,Cuddalore,477,3
Tamil Nadu,Dharmapuri,739,1
Tamil Nadu,Dindigul,1480,1
Tamil Nadu,Erode,6015,2
Tamil Nadu,Kancheepuram,289,2
Tamil Nadu,Kanniyakumari,2571,6
Tamil Nadu,Kanyakumari,1,0
Tamil Nadu,Karur,67,1
Tamil Nadu,Krishnagiri,230,0
Tamil Nadu,Madurai,121,3
Tamil Nadu,Nagapattinam,14,0
Tamil Nadu,Namakkal,600,5
Tamil Nadu,Pudukkottai,4,0
Tamil Nadu,Ramanathapuram,572,1
Tamil Nadu,Salem,1175,41
Tamil Nadu,Sivaganga,3802,5
Tamil Nadu,Thanjavur,3771,8
Tamil Nadu,The Nilgiris,2688,0
Tamil Nadu,Theni,517,0
Tamil Nadu,Thiruvarur,5,0
Tamil Nadu,Thoothukkudi,1109,17
Tamil Nadu,Tiruchirappalli,149,0
Tamil Nadu,Tirunelveli,13275,62
Tamil Nadu,Tiruppur,8923,11
Tamil Nadu,Tiruvallur,11400,11
Tamil Nadu,Tiruvannamalai,5709,7
Tamil Nadu,Vellore,326,4
Tamil Nadu,Viluppuram,903,16
Tamil Nadu,Virudhunagar,5217,4
Tripura,Dhalai,82,2
Tripura,Gomati,9,0
Tripura,Khowai,76,0
Tripura,North Tripura,19,0
Tripura,Sepahijala,15,0
Tripura,South Tripura,7,0
Tripura,Unakoti,2,0
Tripura,West Tripura,167,0
Uttar Pradesh,Agra,149,3
Uttar Pradesh,Aligarh,162,1
Uttar Pradesh,Allahabad,293,4
Uttar Pradesh,Ambedkar Nagar,162,1
Uttar Pradesh,Amethi,3026,10
Uttar Pradesh,Amroha,530,1
Uttar Pradesh,Auraiya,57,0
Uttar Pradesh,Azamgarh,2076,20
Uttar Pradesh,Baghpat,49,2
Uttar Pradesh,Bahraich,61,0
Uttar Pradesh,Ballia,1076,6
Uttar Pradesh,Balrampur,279,1
Uttar Pradesh,Banda,889,0
Uttar Pradesh,Bara Banki,799,4
Uttar Pradesh,Bareilly,3994,10
Uttar Pradesh,Basti,108,1
Uttar Pradesh,Bijnor,427,8
Uttar Pradesh,Budaun,52,2
Uttar Pradesh,Bulandshahr,81,0
Uttar Pradesh,Chandauli,857,0
Uttar Pradesh,Chitrakoot,2139,11
Uttar Pradesh,Deoria,177,0
Uttar Pradesh,Etah,50,0
Uttar Pradesh,Etawah,2202,15
Uttar Pradesh,Faizabad,1395,6
Uttar Pradesh,Farrukhabad,333,0
Uttar Pradesh,Fatehpur,1536,0
Uttar Pradesh,Firozabad,21,0
Uttar Pradesh,Gautam Buddha Nagar,752,13
Uttar Pradesh,Ghaziabad,1863,120
Uttar Pradesh,Ghazipur,1624,12
Uttar Pradesh,Gonda,1041,2
Uttar Pradesh,Gorakhpur,2658,7
Uttar Pradesh,Hamirpur,9,0
Uttar Pradesh,Hardoi,184,3
Uttar Pradesh,Hathras,76,0
Uttar Pradesh,Jalaun,34,0
Uttar Pradesh,Jaunpur,203,2
Uttar Pradesh,Jhansi,460,2
Uttar Pradesh,Kannauj,31,1
Uttar Pradesh,Kanpur Dehat,36,1
Uttar Pradesh,Kanpur Nagar,161,1
Uttar Pradesh,Kasganj,20,0
Uttar Pradesh,Kaushambi,80,2
Uttar Pradesh,Kheri,35,0
Uttar Pradesh,Kushinagar,129,1
Uttar Pradesh,Lalitpur,13,0
Uttar Pradesh,Lucknow,100,0
Uttar Pradesh,Maharajganj,961,1
Uttar Pradesh,Mahoba,28,0
Uttar Pradesh,Mainpuri,510,1
Uttar Pradesh,Mathura,58,1
Uttar Pradesh,Mau,93,0
Uttar Pradesh,Meerut,56,0
Uttar Pradesh,Mirzapur,59,0
Uttar Pradesh,Moradabad,19,0
Uttar Pradesh,Muzaffarnagar,51,1
Uttar Pradesh,Pilibhit,2753,11
Uttar Pradesh,Pratapgarh,708,6
Uttar Pradesh,Rae Bareli,1804,12
Uttar Pradesh,Raebareli,4,0
Uttar Pradesh,Rampur,21,1
Uttar Pradesh,Saharanpur,2941,1
Uttar Pradesh,Sambhal,36,1
Uttar Pradesh,Sant Kabir Nagar,523,0
Uttar Pradesh,Sant Ravidas Nagar,395,1
Uttar Pradesh,Sant Ravidas Nagar Bhadohi,1,0
Uttar Pradesh,Shahjahanpur,304,2
Uttar Pradesh,Shamli,24,0
Uttar Pradesh,Shrawasti,240,11
Uttar Pradesh,Siddharthnagar,109,1
Uttar Pradesh,Sitapur,42,0
Uttar Pradesh,Sonbhadra,523,6
Uttar Pradesh,Sultanpur,91,0
Uttar Pradesh,Unnao,68,1
Uttar Pradesh,Varanasi,3586,1
Uttarakhand,Almora,51,0
Uttarakhand,Bageshwar,12,0
Uttarakhand,Chamoli,19,0
Uttarakhand,Champawat,40,0
Uttarakhand,Dehradun,59,0
Uttarakhand,Haridwar,1064,0
Uttarakhand,Nainital,50,2
Uttarakhand,Pauri Garhwal,74,1
Uttarakhand,Pithoragarh,25,0
Uttarakhand,Rudraprayag,14,0
Uttarakhand,Tehri Garhwal,86,1
Uttarakhand,Udham Singh Nagar,1274,5
Uttarakhand,Uttarkashi,8,0
West Bengal,Bankura,15991,35
West Bengal,Barddhaman,28838,381
West Bengal,Bardhaman,1433,515
West Bengal,Birbhum,10688,529
West Bengal,Cooch Behar,106,3
West Bengal,Dakshin Dinajpur,1953,15
West Bengal,Darjeeling,136,0
West Bengal,East Midnapore,21734,3855
West Bengal,Hooghly,3176,4
West Bengal,Howrah,352,0
West Bengal,Jalpaiguri,366,0
West Bengal,Kolkata,622,1144
West Bengal,Malda,1703,17
West Bengal,Medinipur,1227,1007
West Bengal,Murshidabad,2220,7
West Bengal,Nadia,2924,5
West Bengal,North 24 Parganas,20601,893
West Bengal,North Dinajpur,8,0
West Bengal,Paschim Medinipur,80,0
West Bengal,Purba Medinipur,3607,4
West Bengal,Purulia,12,0
West Bengal,Puruliya,391,1
West Bengal,South 24 Parganas,356,0
West Bengal,South Dinajpur,0,1
West Bengal,South Twenty Four Parganas,88,0
West Bengal,Uttar Dinajpur,2959,24
West Bengal,West Midnapore,1303,530
