State,District,Aadhaar generated,Enrolment Rejected
Andhra Pradesh,Adilabad,88,441
Andhra Pradesh,Anantapur,64,32
Andhra Pradesh,Ananthapur,66,436
Andhra Pradesh,Chittoor,515,2964
Andhra Pradesh,Cuddapah,29,784
Andhra Pradesh,East Godavari,66,1600
Andhra Pradesh,Guntur,61,1619
Andhra Pradesh,Hyderabad,460,2691
Andhra Pradesh,K.V.Rangareddy,0,30
Andhra Pradesh,K.v. Rangareddy,656,2469
Andhra Pradesh,Karim Nagar,0,30
Andhra Pradesh,Karimnagar,371,1411
Andhra Pradesh,Khammam,156,667
Andhra Pradesh,Krishna,1000,3462
Andhra Pradesh,Kurnool,1175,7096
Andhra Pradesh,Mahabub Nagar,384,1660
Andhra Pradesh,Mahabubnagar,80,1427
Andhra Pradesh,Mahbubnagar,60,273
Andhra Pradesh,Medak,211,1434
Andhra Pradesh,Nalgonda,4316,5966
Andhra Pradesh,Nellore,1513,2110
Andhra Pradesh,Nizamabad,105,1439
Andhra Pradesh,Prakasam,165,824
Andhra Pradesh,Srikakulam,23,29423
Andhra Pradesh,Visakhapatnam,482,6290
Andhra Pradesh,Vizianagaram,91,646
Andhra Pradesh,Warangal,1802,6388
Andhra Pradesh,West Godavari,556,1109
Arunachal Pradesh,Tirap,0,1
Assam,Baksa,0,1
Assam,Barpeta,0,1
Assam,Bongaigaon,0,1
Assam,Cachar,0,5
Assam,Chirang,0,1
Assam,Darrang,0,1
Assam,Dhemaji,0,1
Assam,Golaghat,0,2
Assam,Jorhat,1,5
Assam,Kamrup,0,1
Assam,Karbi Anglong,0,1
Assam,Karimganj,0,1
Assam,Lakhimpur,0,1
Assam,Nagaon,2,4
Assam,Sibsagar,0,3
Assam,Tinsukia,0,2
Assam,Udalguri,0,2
Bihar,Araria,2,5
Bihar,Arwal,324,120
Bihar,Aurangabad,3,27
Bihar,Aurangabad(BH),0,2
Bihar,Banka,3,13
Bihar,Begusarai,5,10
Bihar,Bhabua,0,1
Bihar,Bhagalpur,1,28
Bihar,Bhojpur,5,48
Bihar,Buxar,2,31
Bihar,Darbhanga,13,147
Bihar,East Champaran,8,18
Bihar,Gaya,5,33
Bihar,Gopalganj,8,38
Bihar,Jamui,7,16
Bihar,Jehanabad,0,14
Bihar,Kaimur (Bhabua),3,6
Bihar,Katihar,0,8
Bihar,Khagaria,0,10
Bihar,Kishanganj,3,3
Bihar,Lakhisarai,0,11
Bihar,Madhepura,3,7
Bihar,Madhubani,9,39
Bihar,Munger,2,17
Bihar,Muzaffarpur,1,21
Bihar,Nalanda,21,140
Bihar,Nawada,6,12
Bihar,Patna,4,72
Bihar,Purnia,0,1
Bihar,Rohtas,2,137
Bihar,Saharsa,0,49
Bihar,Samastipur,5,26
Bihar,Saran,5,45
Bihar,Sheikhpura,4,77
Bihar,Sheohar,165,38
Bihar,Sitamarhi,4,8
Bihar,Siwan,4,28
Bihar,Supaul,0,7
Bihar,Vaishali,4,238
Bihar,West Champaran,1,11
Chandigarh,Chandigarh,51,619
Chandigarh,Mohali,0,1
Chhattisgarh,Balod,0,2
Chhattisgarh,Bastar,3,0
Chhattisgarh,Bemetara,1,4
Chhattisgarh,Bilaspur,0,16
Chhattisgarh,Dantewada,0,1
Chhattisgarh,Dhamtari,117,85
Chhattisgarh,Durg,0,10
Chhattisgarh,Janjgir-champa,1,1
Chhattisgarh,Jashpur,1,3
Chhattisgarh,Kanker,0,1
Chhattisgarh,Korba,2,21
Chhattisgarh,Koriya,756,90
Chhattisgarh,Mahasamund,0,6
Chhattisgarh,Raigarh,0,88
Chhattisgarh,Raipur,0,2
Chhattisgarh,Rajnandgaon,1,3
Dadra and Nagar Haveli,Dadra and Nagar Haveli,19,28
Daman and Diu,Daman,0,134
Daman and Diu,Diu,0,119
Delhi,Central Delhi,103,3748
Delhi,East Delhi,807,6302
Delhi,Najafgarh,7,970
Delhi,New Delhi,1,137
Delhi,North Delhi,251,2186
Delhi,North East,579,1269
Delhi,North East Delhi,19,3558
Delhi,North West Delhi,2070,8854
Delhi,South Delhi,996,5843
Delhi,South West Delhi,35,11147
Delhi,West Delhi,104,35690
Goa,Bardez,0,6
Goa,North Goa,5,837
Goa,South Goa,4,138
Gujarat,Ahmedabad,185,484
Gujarat,Amreli,93,153
Gujarat,Anand,17,163
Gujarat,Banaskantha,99,133
Gujarat,Bharuch,61,26
Gujarat,Bhavnagar,20,106
Gujarat,Dahod,10,13
Gujarat,Dohad,42,69
Gujarat,Gandhinagar,70,128
Gujarat,Jamnagar,53,317
Gujarat,Junagadh,74,151
Gujarat,Kachchh,67,22
Gujarat,Kheda,62,84
Gujarat,Mahesana,692,297
Gujarat,Narmada,26,59
Gujarat,Navsari,82,87
Gujarat,Panchmahals,111,170
Gujarat,Patan,36,115
Gujarat,Porbandar,16,111
Gujarat,Rajkot,170,296
Gujarat,Sabarkantha,237,124
Gujarat,Surat,124,296
Gujarat,Surendra Nagar,27,59
Gujarat,Tapi,36,16
Gujarat,The Dangs,0,11
Gujarat,Vadodara,256,139
Gujarat,Valsad,40,125
Haryana,Ambala,92,1411
Haryana,Bhiwani,137,275
Haryana,Faridabad,157,1020
Haryana,Fatehabad,36,52
Haryana,Gurgaon,334,1098
Haryana,Hisar,129,277
Haryana,Jhajjar,81,237
Haryana,Jind,191,280
Haryana,Kaithal,123,184
Haryana,Karnal,819,464
Haryana,Kurukshetra,100,208
Haryana,Mahendragarh,119,123
Haryana,Mewat,66,67
Haryana,Palwal,37,363
Haryana,Panchkula,18,212
Haryana,Panipat,134,535
Haryana,Rewari,95,264
Haryana,Rohtak,14,485
Haryana,Sirsa,14,198
Haryana,Sonipat,13,2149
Haryana,Yamuna Nagar,103,275
Himachal Pradesh,Bilaspur,3,200
Himachal Pradesh,Bilaspur ,0,1
Himachal Pradesh,Chamba,65,414
Himachal Pradesh,Hamirpur,6,126
Himachal Pradesh,Kangra,54,789
Himachal Pradesh,Kinnaur,3,23
Himachal Pradesh,Kullu,20,293
Himachal Pradesh,Lahul and Spiti,0,2
Himachal Pradesh,Mandi,91,460
Himachal Pradesh,Shimla,373,404
Himachal Pradesh,Sirmaur,351,571
Himachal Pradesh,Solan,177,290
Himachal Pradesh,Una,12,146
Jammu and Kashmir,Anantnag,5,1
Jammu and Kashmir,Baramula,0,1
Jammu and Kashmir,Doda,34,10
Jammu and Kashmir,Jammu,28,52
Jammu and Kashmir,Kargil,1,2
Jammu and Kashmir,Kathua,0,68
Jammu and Kashmir,Kupwara,0,1
Jammu and Kashmir,Leh,0,2
Jammu and Kashmir,Pulwama,22,24
Jammu and Kashmir,Rajouri,2,1
Jammu and Kashmir,Srinagar,0,2
Jammu and Kashmir,Udhampur,0,4
Jharkhand,Bokaro,265,1314
Jharkhand,Chatra,54,366
Jharkhand,Deoghar,74,2250
Jharkhand,Dhanbad,63,1266
Jharkhand,Dumka,198,586
Jharkhand,East Singhbhum,741,882
Jharkhand,Garhwa,57,482
Jharkhand,Giridih,81,973
Jharkhand,Godda,79,449
Jharkhand,Gumla,52,362
Jharkhand,Hazaribag,0,7
Jharkhand,Hazaribagh,89,701
Jharkhand,Jamtara,33,171
Jharkhand,Khunti,65,292
Jharkhand,Koderma,161,252
Jharkhand,Latehar,63,190
Jharkhand,Lohardaga,37,358
Jharkhand,Pakaur,0,1
Jharkhand,Pakur,36,121
Jharkhand,Palamau,0,26
Jharkhand,Palamu,78,480
Jharkhand,Ramgarh,18,531
Jharkhand,Ranchi,138,2027
Jharkhand,Sahebganj,250,263
Jharkhand,Seraikela-Kharsawan,147,582
Jharkhand,Simdega,20,196
Jharkhand,West Singhbhum,106,335
Karnataka,Bagalkot,212,273
Karnataka,Bangalore,1046,3656
Karnataka,Bangalore Rural,4823,326
Karnataka,Belgaum,2059,966
Karnataka,Bellary,312,239
Karnataka,Bidar,34,86
Karnataka,Bijapur,135,177
Karnataka,Bijapur(KAR),3,5
Karnataka,Chamarajanagar,0,2
Karnataka,Chamrajanagar,50,118
Karnataka,Chickmagalur,64,302
Karnataka,Chikkaballapur,55,1167
Karnataka,Chitradurga,152,711
Karnataka,Dakshina Kannada,81,1413
Karnataka,Davangere,551,290
Karnataka,Dharwad,235,427
Karnataka,Gadag,1788,210
Karnataka,Gulbarga,17,178
Karnataka,Hassan,188,226
Karnataka,Haveri,1211,223
Karnataka,Kodagu,27,554
Karnataka,Kolar,424,478
Karnataka,Koppal,48,156
Karnataka,Mandya,858,412
Karnataka,Mysore,171,873
Karnataka,Raichur,68,200
Karnataka,Ramanagar,42,121
Karnataka,Shimoga,78,210
Karnataka,Tumkur,240,577
Karnataka,Udupi,293,320
Karnataka,Uttara Kannada,55,680
Karnataka,Yadgir,1063,205
Kerala,Alappuzha,27,13842
Kerala,Ernakulam,66,4078
Kerala,Idukki,5,1087
Kerala,Kannur,38,4437
Kerala,Kasaragod,19,4396
Kerala,Kasargod,30,1755
Kerala,Kollam,199,9831
Kerala,Kottayam,325,1678
Kerala,Kozhikode,56,12444
Kerala,Malappuram,379,7203
Kerala,Palakkad,95,3040
Kerala,Pathanamthitta,138,3658
Kerala,Thiruvananthapuram,49,6409
Kerala,Thrissur,73,4725
Kerala,Wayanad,6,2585
Lakshadweep,Lakshadweep,0,3
Madhya Pradesh,Alirajpur,62,44
Madhya Pradesh,Anuppur,58,43
Madhya Pradesh,Ashok Nagar,1,27
Madhya Pradesh,Balaghat,87,128
Madhya Pradesh,Barwani,9,55
Madhya Pradesh,Betul,38,310
Madhya Pradesh,Bhind,21,209
Madhya Pradesh,Bhopal,134,1145
Madhya Pradesh,Burhanpur,30,112
Madhya Pradesh,Chhatarpur,25,211
Madhya Pradesh,Chhindwara,38,752
Madhya Pradesh,Damoh,14,193
Madhya Pradesh,Datia,27,77
Madhya Pradesh,Dewas,9,179
Madhya Pradesh,Dhar,55,326
Madhya Pradesh,Dindori,81,54
Madhya Pradesh,Guna,65,187
Madhya Pradesh,Gwalior,43,894
Madhya Pradesh,Harda,25,170
Madhya Pradesh,Hoshangabad,15,343
Madhya Pradesh,Indore,67,1528
Madhya Pradesh,Jabalpur,290,1032
Madhya Pradesh,Jhabua,123,88
Madhya Pradesh,Katni,24,80
Madhya Pradesh,Khandwa,7,477
Madhya Pradesh,Khargone,24,155
Madhya Pradesh,Mandla,121,317
Madhya Pradesh,Mandsaur,52,82
Madhya Pradesh,Morena,11,307
Madhya Pradesh,Narsinghpur,110,362
Madhya Pradesh,Neemuch,14,19
Madhya Pradesh,Panna,24,101
Madhya Pradesh,Raisen,99,196
Madhya Pradesh,Rajgarh,6,109
Madhya Pradesh,Ratlam,109,132
Madhya Pradesh,Rewa,92,376
Madhya Pradesh,Sagar,117,413
Madhya Pradesh,Satna,79,416
Madhya Pradesh,Sehore,15,140
Madhya Pradesh,Seoni,262,319
Madhya Pradesh,Shahdol,43,100
Madhya Pradesh,Shajapur,1,25
Madhya Pradesh,Sheopur,4,16
Madhya Pradesh,Shivpuri,46,94
Madhya Pradesh,Sidhi,106,152
Madhya Pradesh,Singrauli,183,38
Madhya Pradesh,Tikamgarh,142,76
Madhya Pradesh,Ujjain,28,252
Madhya Pradesh,Umaria,11,55
Madhya Pradesh,Vidisha,10,180
Maharashtra,Ahmadnagar,485,671
Maharashtra,Ahmed Nagar,34,94
Maharashtra,Akola,93,267
Maharashtra,Amravati,54,1058
Maharashtra,Aurangabad,3437,975
Maharashtra,Beed,72,411
Maharashtra,Bhandara,89,5160
Maharashtra,Buldhana,100,267
Maharashtra,Chandrapur,56,818
Maharashtra,Dhule,30,288
Maharashtra,Gadchiroli,106,132
Maharashtra,Gondia,0,12
Maharashtra,Gondiya,55,544
Maharashtra,Hingoli,208,179
Maharashtra,Jalgaon,99,1036
Maharashtra,Jalna,116,1405
Maharashtra,Kolhapur,234,1051
Maharashtra,Latur,646,994
Maharashtra,Mumbai,559,3203
Maharashtra,Mumbai City,0,6
Maharashtra,Nagpur,143,3506
Maharashtra,Nanded,76,187
Maharashtra,Nandurbar,463,257
Maharashtra,Nashik,365,1246
Maharashtra,Osmanabad,83,208
Maharashtra,Parbhani,46,1191
Maharashtra,Pune,1635,3264
Maharashtra,Raigarh,31,266
Maharashtra,Raigarh(MH),3,51
Maharashtra,Ratnagiri,14,351
Maharashtra,Sangli,76,1190
Maharashtra,Satara,216,465
Maharashtra,Sindhudurg,93,197
Maharashtra,Solapur,395,486
Maharashtra,Thane,2400,3143
Maharashtra,Wardha,49,2988
Maharashtra,Washim,36,63
Maharashtra,Yavatmal,232,155
Manipur,Bishnupur,0,4
Manipur,Chandel,5,4
Manipur,Churachandpur,6,6
Manipur,Imphal East,34,0
Manipur,Imphal West,293,10
Manipur,Senapati,4,8
Manipur,Tamenglong,13,1
Manipur,Thoubal,0,5
Manipur,Ukhrul,0,1
Meghalaya,East Khasi Hills,0,2
Nagaland,Dimapur,0,65
Nagaland,Kiphire,0,16
Nagaland,Kohima,4,25
Nagaland,Longleng,0,11
Nagaland,Mon,0,14
Nagaland,Phek,0,32
Nagaland,Tuensang,0,9
Nagaland,Wokha,0,1
Nagaland,Zunheboto,0,68
Odisha,Angul,1,4
Odisha,Anugul,5,573
Odisha,Balangir,272,215
Odisha,Baleswar,485,2977
Odisha,Balianta,0,1
Odisha,Bargarh,1161,4598
Odisha,Baudh,1,0
Odisha,Bhadrak,196,5405
Odisha,Cuttack,1931,2468
Odisha,Dhenkanal,50,1764
Odisha,Gajapati,0,1
Odisha,Ganjam,419,228
Odisha,Jagatsinghapur,1918,593
Odisha,Jajapur,1800,5347
Odisha,Jharsuguda,0,1
Odisha,Kalahandi,1,0
Odisha,Kandhamal,77,30
Odisha,Kendrapara,346,1005
Odisha,Kendujhar,1256,417
Odisha,Khorda,2,20
Odisha,Khordha,212,15211
Odisha,Koraput,213,33
Odisha,Mayurbhanj,1115,7
Odisha,Nabarangapur,0,5
Odisha,Nayagarh,79,218
Odisha,Puri,2961,5846
Odisha,Rayagada,44,14
Odisha,Sambalpur,2,147
Odisha,Sonapur,923,20
Odisha,Sundergarh,544,1781
Others,Others,14,18317
Puducherry,Karaikal,23,5
Puducherry,Pondicherry,37,270
Puducherry,Puducherry,9,338
Puducherry,Yanam,0,25
Punjab,Amritsar,70,1036
Punjab,Barnala,7,489
Punjab,Bathinda,70,1012
Punjab,Faridkot,3,430
Punjab,Fatehgarh Sahib,4,491
Punjab,Fazilka,432,1043
Punjab,Ferozepur,87,324
Punjab,Gurdaspur,56,1846
Punjab,Hoshiarpur,56,940
Punjab,Jalandhar,407,1809
Punjab,Kapurthala,58,752
Punjab,Ludhiana,36,3566
Punjab,Mansa,35,294
Punjab,Moga,44,786
Punjab,Muktsar,0,10
Punjab,Pathankot,27,416
Punjab,Patiala,94,1713
Punjab,Rupnagar,15,572
Punjab,SAS Nagar (Mohali),93,475
Punjab,Sangrur,89,1102
Punjab,Shaheed Bhagat Singh Nagar,3,589
Punjab,Sri Muktsar Sahib,264,931
Punjab,Tarn Taran,37,235
Rajasthan,Ajmer,13,1395
Rajasthan,Alwar,133,2538
Rajasthan,Banswara,74,231
Rajasthan,Baran,58,680
Rajasthan,Barmer,56,554
Rajasthan,Bharatpur,103,383
Rajasthan,Bhilwara,393,466
Rajasthan,Bikaner,44,750
Rajasthan,Bundi,39,295
Rajasthan,Chittorgarh,62,244
Rajasthan,Churu,35,680
Rajasthan,Dausa,39,913
Rajasthan,Dholpur,31,267
Rajasthan,Dungarpur,54,80
Rajasthan,Ganganagar,227,620
Rajasthan,Hanumangarh,81,335
Rajasthan,Jaipur,464,3514
Rajasthan,Jaisalmer,77,13
Rajasthan,Jalor,13,304
Rajasthan,Jhalawar,31,314
Rajasthan,Jhunjhunu,2,110
Rajasthan,Jhunjhunun,293,1534
Rajasthan,Jodhpur,245,753
Rajasthan,Karauli,20,315
Rajasthan,Kota,88,1304
Rajasthan,Nagaur,426,682
Rajasthan,Pali,612,1056
Rajasthan,Pratapgarh,15,107
Rajasthan,Rajsamand,14,325
Rajasthan,Sawai Madhopur,31,404
Rajasthan,Sikar,268,1141
Rajasthan,Sirohi,10,319
Rajasthan,Tonk,118,560
Rajasthan,Udaipur,77,1213
Sikkim,East Sikkim,0,35
Sikkim,North Sikkim,0,18
Sikkim,South Sikkim,0,27
Sikkim,West Sikkim,0,17
Tamil Nadu,Ariyalur,180,70
Tamil Nadu,Chennai,125,1205
Tamil Nadu,Coimbatore,322,480
Tamil Nadu,Cuddalore,7200,90
Tamil Nadu,Dharmapuri,178,99
Tamil Nadu,Dindigul,80,237
Tamil Nadu,Erode,1015,1174
Tamil Nadu,Kancheepuram,33,256
Tamil Nadu,Kanchipuram,643,15
Tamil Nadu,Kanniyakumari,11,72
Tamil Nadu,Kanyakumari,0,13
Tamil Nadu,Karur,5593,144
Tamil Nadu,Krishnagiri,4,75
Tamil Nadu,Madurai,798,167
Tamil Nadu,Nagapattinam,403,72
Tamil Nadu,Namakkal,14,209
Tamil Nadu,Nilgiris,24,0
Tamil Nadu,Perambalur,136,14
Tamil Nadu,Pudukkottai,1955,46
Tamil Nadu,Ramanathapuram,1082,143
Tamil Nadu,Salem,5726,301
Tamil Nadu,Sivaganga,13,37
Tamil Nadu,Thanjavur,832,87
Tamil Nadu,The Nilgiris,438,49
Tamil Nadu,Theni,243,459
Tamil Nadu,Thiruvarur,1,47
Tamil Nadu,Thoothukkudi,5,114
Tamil Nadu,Tiruchirappalli,6361,159
Tamil Nadu,Tirunelveli,58,1441
Tamil Nadu,Tiruppur,152,194
Tamil Nadu,Tiruvallur,35,628
Tamil Nadu,Tiruvannamalai,989,122
Tamil Nadu,Tiruvarur,235,6
Tamil Nadu,Vellore,2644,1402
Tamil Nadu,Villupuram,8,56
Tamil Nadu,Viluppuram,3,511
Tamil Nadu,Virudhunagar,152,924
Tripura,Dhalai,17,31
Tripura,Gomati,0,14
Tripura,Khowai,2,166
Tripura,North Tripura,0,54
Tripura,Sepahijala,0,4
Tripura,South Tripura,2,2
Tripura,Unakoti,0,2
Tripura,West Tripura,6,124
Uttar Pradesh,Agra,6,49
Uttar Pradesh,Aligarh,2,511
Uttar Pradesh,Allahabad,18,134
Uttar Pradesh,Ambedkar Nagar,1,5
Uttar Pradesh,Amethi,10,42
Uttar Pradesh,Amroha,1,3
Uttar Pradesh,Auraiya,1,17
Uttar Pradesh,Azamgarh,6,132
Uttar Pradesh,Baghpat,2,29
Uttar Pradesh,Bagpat,0,1
Uttar Pradesh,Bahraich,2,4
Uttar Pradesh,Ballia,11,212
Uttar Pradesh,Balrampur,17,17
Uttar Pradesh,Banda,10,24
Uttar Pradesh,Bara Banki,1,473
Uttar Pradesh,Barabanki,1,1
Uttar Pradesh,Bareilly,13,235
Uttar Pradesh,Basti,10,37
Uttar Pradesh,Bijnor,53,96
Uttar Pradesh,Budaun,1,8
Uttar Pradesh,Bulandshahar,0,2
Uttar Pradesh,Bulandshahr,3,25
Uttar Pradesh,Chandauli,359,1117
Uttar Pradesh,Chitrakoot,725,26
Uttar Pradesh,Deoria,8,32
Uttar Pradesh,Etah,3,13
Uttar Pradesh,Etawah,96,638
Uttar Pradesh,Faizabad,21,219
Uttar Pradesh,Farrukhabad,460,17
Uttar Pradesh,Fatehpur,34,25
Uttar Pradesh,Firozabad,3,12
Uttar Pradesh,Gautam Buddha Nagar,31,57
Uttar Pradesh,Ghaziabad,41,408
Uttar Pradesh,Ghazipur,7,388
Uttar Pradesh,Gonda,57,51
Uttar Pradesh,Gorakhpur,7,176
Uttar Pradesh,Hamirpur,0,3
Uttar Pradesh,Hardoi,3,133
Uttar Pradesh,Hathras,3,8
Uttar Pradesh,Jalaun,1,9
Uttar Pradesh,Jaunpur,4,39
Uttar Pradesh,Jhansi,3,81
Uttar Pradesh,Jyotiba Phule Nagar,1,1
Uttar Pradesh,Kannauj,2,17
Uttar Pradesh,Kanpur Dehat,1,9
Uttar Pradesh,Kanpur Nagar,4,65
Uttar Pradesh,Kasganj,1,2
Uttar Pradesh,Kaushambi,4,27
Uttar Pradesh,Kheri,0,4
Uttar Pradesh,Kushinagar,4,20
Uttar Pradesh,Lalitpur,1,1
Uttar Pradesh,Lucknow,1,55
Uttar Pradesh,Maharajganj,14,61
Uttar Pradesh,Mahoba,23,362
Uttar Pradesh,Mahrajganj,0,2
Uttar Pradesh,Mainpuri,1,149
Uttar Pradesh,Mathura,6,78
Uttar Pradesh,Mau,1,16
Uttar Pradesh,Meerut,1,93
Uttar Pradesh,Mirzapur,2,14
Uttar Pradesh,Moradabad,0,6
Uttar Pradesh,Muzaffarnagar,0,44
Uttar Pradesh,Pilibhit,5,361
Uttar Pradesh,Pratapgarh,5,106
Uttar Pradesh,Rae Bareli,313,365
Uttar Pradesh,Raebareli,0,2
Uttar Pradesh,Rampur,0,5
Uttar Pradesh,Saharanpur,10,11
Uttar Pradesh,Sambhal,0,3
Uttar Pradesh,Sant Kabir Nagar,13,84
Uttar Pradesh,Sant Ravidas Nagar,6,55
Uttar Pradesh,Shahjahanpur,2,129
Uttar Pradesh,Shamli,2,2
Uttar Pradesh,Shrawasti,1716,41
Uttar Pradesh,Siddharthnagar,3,3
Uttar Pradesh,Sitapur,4,91
Uttar Pradesh,Sonbhadra,10,75
Uttar Pradesh,Sultanpur,4,16
Uttar Pradesh,Unnao,3,14
Uttar Pradesh,Varanasi,140,604
Uttarakhand,Almora,1,19
Uttarakhand,Bageshwar,7,133
Uttarakhand,Chamoli,0,4
Uttarakhand,Champawat,2,301
Uttarakhand,Dehradun,14,552
Uttarakhand,Hardwar,0,1
Uttarakhand,Haridwar,1,265
Uttarakhand,Nainital,1,19
Uttarakhand,Pauri Garhwal,0,24
Uttarakhand,Pithoragarh,1,8
Uttarakhand,Rudraprayag,1,5
Uttarakhand,Tehri Garhwal,4,32
Uttarakhand,Udham Singh Nagar,15,476
Uttarakhand,Uttarkashi,1,1
West Bengal,Bally Jagachha,0,2
West Bengal,Bankura,26,85
West Bengal,Barddhaman,157,685
West Bengal,Bardhaman,78,1943
West Bengal,Birbhum,60,1359
West Bengal,Cooch Behar,3397,769
West Bengal,Dakshin Dinajpur,71,501
West Bengal,Darjeeling,105,198
West Bengal,East Midnapore,918,2551
West Bengal,Hooghly,189,794
West Bengal,Howrah,82,2653
West Bengal,Jalpaiguri,1542,603
West Bengal,Kolkata,2225,12691
West Bengal,Malda,55,1582
West Bengal,Medinipur,337,2034
West Bengal,Murshidabad,1076,1256
West Bengal,Nadia,238,1635
West Bengal,Naihati Anandabazar,0,1
West Bengal,North 24 Parganas,2109,5149
West Bengal,North Dinajpur,0,211
West Bengal,Paschim Medinipur,4,8
West Bengal,Purba Medinipur,2,16
West Bengal,Purulia,8,57
West Bengal,Puruliya,0,66
West Bengal,South 24 Parganas,10,310
West Bengal,South Twenty Four Parganas,110,1368
West Bengal,Uttar Dinajpur,10,671
West Bengal,West Midnapore,75,636
