State,District,Aadhaar generated,Enrolment Rejected
Andhra Pradesh,Adilabad,1033,22
Andhra Pradesh,Anantapur,1,0
Andhra Pradesh,Ananthapur,319,18
Andhra Pradesh,Chittoor,303,7
Andhra Pradesh,Cuddapah,132,5
Andhra Pradesh,East Godavari,213,4
Andhra Pradesh,Guntur,92,3
Andhra Pradesh,Hyderabad,1673,60
Andhra Pradesh,K.v. Rangareddy,3240,207
Andhra Pradesh,Karimnagar,4681,187
Andhra Pradesh,Khammam,16201,58
Andhra Pradesh,Krishna,206,14
Andhra Pradesh,Kurnool,4061,60
Andhra Pradesh,Mahabub Nagar,68,0
Andhra Pradesh,Mahabubnagar,3819,62
Andhra Pradesh,Mahbubnagar,10,0
Andhra Pradesh,Medak,9759,139
Andhra Pradesh,Nalgonda,2358,10
Andhra Pradesh,Nellore,3651,39
Andhra Pradesh,Nizamabad,6785,172
Andhra Pradesh,Prakasam,4829,143
Andhra Pradesh,Srikakulam,198,27
Andhra Pradesh,Visakhapatnam,1701,82
Andhra Pradesh,Vizianagaram,1349,7
Andhra Pradesh,Warangal,4751,95
Andhra Pradesh,West Godavari,3093,80
Assam,Baksa,6,0
Assam,Barpeta,6,0
Assam,Cachar,5,0
Assam,Chirang,5,0
Assam,Dhubri,4,0
Assam,Dibrugarh,1,0
Assam,Golaghat,7,0
Assam,Hailakandi,1,0
Assam,Jorhat,4,0
Assam,Kamrup,11,0
Assam,Kamrup Metro,3,0
Assam,Karbi Anglong,2,0
Assam,Karimganj,7,1
Assam,Kokrajhar,5,0
Assam,Lakhimpur,4,0
Assam,Marigaon,3,0
Assam,Nagaon,6,0
Assam,Nalbari,1,0
Assam,Sibsagar,4,0
Assam,Sonitpur,6,0
Assam,Tinsukia,3,0
Assam,Udalguri,5,0
Bihar,Araria,36,0
Bihar,Arwal,510,2
Bihar,Aurangabad,80,0
Bihar,Aurangabad(BH),1,0
Bihar,Banka,310,4
Bihar,Begusarai,80,1
Bihar,Bhagalpur,73,0
Bihar,Bhojpur,127,2
Bihar,Buxar,79,1
Bihar,Darbhanga,1332,15
Bihar,East Champaran,129,1
Bihar,Gaya,140,5
Bihar,Gopalganj,4523,57
Bihar,Jamui,182,4
Bihar,Jehanabad,40,0
Bihar,Kaimur (Bhabua),42,0
Bihar,Katihar,350,0
Bihar,Khagaria,45,0
Bihar,Kishanganj,48,9
Bihar,Lakhisarai,37,0
Bihar,Madhepura,47,0
Bihar,Madhubani,279,0
Bihar,Munger,44,0
Bihar,Muzaffarpur,169,1
Bihar,Nalanda,2355,10
Bihar,Nawada,58,1
Bihar,Patna,683,0
Bihar,Purnia,40,0
Bihar,Rohtas,2969,21
Bihar,Saharsa,15182,4
Bihar,Samastipur,120,3
Bihar,Saran,202,6
Bihar,Sheikhpura,243,1
Bihar,Sheohar,54,0
Bihar,Sitamarhi,113,1
Bihar,Siwan,141,2
Bihar,Supaul,46,0
Bihar,Vaishali,771,3
Bihar,West Champaran,96,0
Chandigarh,Chandigarh,139,12
Chhattisgarh,Balod,4,0
Chhattisgarh,Baloda Bazar,2,0
Chhattisgarh,Bastar,3147,9
Chhattisgarh,Bemetara,663,2
Chhattisgarh,Bilaspur,18,0
Chhattisgarh,Dhamtari,1124,3
Chhattisgarh,Durg,83,0
Chhattisgarh,Janjgir-champa,1431,0
Chhattisgarh,Jashpur,4,0
Chhattisgarh,Kabeerdham,1,0
Chhattisgarh,Kanker,4,0
Chhattisgarh,Korba,261,1
Chhattisgarh,Koriya,853,2
Chhattisgarh,Mungeli,753,1
Chhattisgarh,Mungeli ,4,0
Chhattisgarh,Raigarh,4,0
Chhattisgarh,Raipur,23,0
Chhattisgarh,Rajnandgaon,1950,12
Chhattisgarh,Surajpur ,1,0
Chhattisgarh,Surguja,3,0
Dadra and Nagar Haveli,Dadra and Nagar Haveli,1772,7
Daman and Diu,Daman,22,1
Daman and Diu,Diu,1,0
Delhi,Central Delhi,476,50
Delhi,East Delhi,1424,123
Delhi,Najafgarh,2,14
Delhi,New Delhi,55,1
Delhi,North Delhi,473,14
Delhi,North East,19,1
Delhi,North East Delhi,2585,107
Delhi,North West Delhi,3867,176
Delhi,South Delhi,3517,173
Delhi,South West Delhi,2322,158
Delhi,West Delhi,3263,159
Goa,North Goa,24,33
Goa,South Goa,26,3
Gujarat,Ahmadabad,55,0
Gujarat,Ahmedabad,11250,45
Gujarat,Amreli,406,4
Gujarat,Anand,684,9
Gujarat,Banaskantha,2199,22
Gujarat,Bharuch,2479,99
Gujarat,Bhavnagar,3179,23
Gujarat,Dahod,136,0
Gujarat,Dohad,1008,8
Gujarat,Gandhinagar,1747,1
Gujarat,Jamnagar,541,37
Gujarat,Junagadh,2382,293
Gujarat,Kachchh,1481,24
Gujarat,Kheda,4995,34
Gujarat,Mahesana,839,2
Gujarat,Narmada,1322,11
Gujarat,Navsari,3191,19
Gujarat,Panchmahals,5356,55
Gujarat,Patan,2490,69
Gujarat,Porbandar,190,32
Gujarat,Rajkot,4758,113
Gujarat,Sabarkantha,1306,103
Gujarat,Surat,5632,22
Gujarat,Surendra Nagar,2406,3
Gujarat,Tapi,882,6
Gujarat,The Dangs,329,1
Gujarat,Vadodara,1197,31
Gujarat,Valsad,1328,34
Haryana,Ambala,443,8
Haryana,Bhiwani,4932,34
Haryana,Faridabad,4034,71
Haryana,Fatehabad,4591,45
Haryana,Gurgaon,2133,37
Haryana,Hisar,6008,41
Haryana,Jhajjar,2772,9
Haryana,Jind,4386,16
Haryana,Kaithal,990,28
Haryana,Karnal,4433,18
Haryana,Kurukshetra,974,19
Haryana,Mahendragarh,2292,11
Haryana,Mewat,2724,14
Haryana,Palwal,2019,93
Haryana,Panchkula,289,14
Haryana,Panipat,1346,11
Haryana,Rewari,3877,93
Haryana,Rohtak,1978,9
Haryana,Sirsa,1048,21
Haryana,Sonipat,995,14
Haryana,Yamuna Nagar,4213,12
Himachal Pradesh,Bilaspur,20,1
Himachal Pradesh,Chamba,49,6
Himachal Pradesh,Hamirpur,23,0
Himachal Pradesh,Kangra,965,53
Himachal Pradesh,Kinnaur,6,0
Himachal Pradesh,Kullu,524,15
Himachal Pradesh,Lahul and Spiti,98,12
Himachal Pradesh,Mandi,268,20
Himachal Pradesh,Shimla,1114,27
Himachal Pradesh,Sirmaur,1735,150
Himachal Pradesh,Solan,215,19
Himachal Pradesh,Una,18,0
Jammu and Kashmir,Anantnag,4140,3
Jammu and Kashmir,Badgam,3,0
Jammu and Kashmir,Bandipore,1,0
Jammu and Kashmir,Baramula,2,0
Jammu and Kashmir,Doda,673,2
Jammu and Kashmir,Jammu,2011,5
Jammu and Kashmir,Kargil,2,0
Jammu and Kashmir,Kathua,1526,1
Jammu and Kashmir,Kupwara,2,0
Jammu and Kashmir,Leh,30,0
Jammu and Kashmir,Pulwama,497,0
Jammu and Kashmir,Punch,4,0
Jammu and Kashmir,Rajouri,6,0
Jammu and Kashmir,Srinagar,1762,0
Jammu and Kashmir,Udhampur,6,0
Jharkhand,Bokaro,1818,23
Jharkhand,Chatra,2981,30
Jharkhand,Deoghar,1487,170
Jharkhand,Dhanbad,1060,14
Jharkhand,Dumka,645,42
Jharkhand,East Singhbhum,4418,25
Jharkhand,Garhwa,1175,25
Jharkhand,Giridih,1809,86
Jharkhand,Godda,2949,39
Jharkhand,Gumla,1960,17
Jharkhand,Hazaribag,0,1
Jharkhand,Hazaribagh,543,26
Jharkhand,Jamtara,4035,58
Jharkhand,Khunti,574,11
Jharkhand,Koderma,2501,29
Jharkhand,Latehar,7769,38
Jharkhand,Lohardaga,844,5
Jharkhand,Pakur,2398,6
Jharkhand,Palamau,1,0
Jharkhand,Palamu,2611,153
Jharkhand,Ramgarh,400,32
Jharkhand,Ranchi,4811,28
Jharkhand,Sahebganj,4538,31
Jharkhand,Seraikela-Kharsawan,360,2
Jharkhand,Simdega,1346,23
Jharkhand,West Singhbhum,5757,37
Karnataka,Bagalkot,2649,92
Karnataka,Bangalore,9143,278
Karnataka,Bangalore Rural,243,3
Karnataka,Belgaum,13721,556
Karnataka,Bellary,2605,31
Karnataka,Bidar,693,18
Karnataka,Bijapur,1984,161
Karnataka,Bijapur(KAR),24,0
Karnataka,Chamrajanagar,601,38
Karnataka,Chickmagalur,498,16
Karnataka,Chikkaballapur,160,0
Karnataka,Chitradurga,680,27
Karnataka,Dakshina Kannada,6407,23
Karnataka,Davangere,442,16
Karnataka,Dharwad,303,20
Karnataka,Gadag,367,1
Karnataka,Gulbarga,589,21
Karnataka,Hassan,971,10
Karnataka,Haveri,1704,3
Karnataka,Kodagu,2975,591
Karnataka,Kolar,1319,12
Karnataka,Koppal,721,35
Karnataka,Mandya,514,5
Karnataka,Mysore,186,7
Karnataka,Raichur,989,12
Karnataka,Ramanagar,1851,116
Karnataka,Shimoga,5138,23
Karnataka,Tumkur,731,14
Karnataka,Udupi,53,0
Karnataka,Uttara Kannada,287,2
Karnataka,Yadgir,515,1
Kerala,Alappuzha,914,552
Kerala,Ernakulam,1895,134
Kerala,Idukki,493,22
Kerala,Kannur,1827,41
Kerala,Kasaragod,750,11
Kerala,Kasargod,1331,7
Kerala,Kollam,1654,84
Kerala,Kottayam,1259,14
Kerala,Kozhikode,1759,119
Kerala,Malappuram,5005,40
Kerala,Palakkad,1878,37
Kerala,Pathanamthitta,747,8
Kerala,Thiruvananthapuram,1901,175
Kerala,Thrissur,1710,113
Kerala,Wayanad,189,0
Lakshadweep,Lakshadweep,9,0
Madhya Pradesh,Alirajpur,851,189
Madhya Pradesh,Anuppur,1275,13
Madhya Pradesh,Ashok Nagar,348,5
Madhya Pradesh,Balaghat,5093,79
Madhya Pradesh,Barwani,315,10
Madhya Pradesh,Betul,3260,18
Madhya Pradesh,Bhind,781,45
Madhya Pradesh,Bhopal,2482,123
Madhya Pradesh,Burhanpur,1285,26
Madhya Pradesh,Chhatarpur,2567,143
Madhya Pradesh,Chhindwara,3084,131
Madhya Pradesh,Damoh,1068,22
Madhya Pradesh,Datia,552,31
Madhya Pradesh,Dewas,112,13
Madhya Pradesh,Dhar,1287,264
Madhya Pradesh,Dindori,688,145
Madhya Pradesh,Guna,1449,41
Madhya Pradesh,Gwalior,1202,56
Madhya Pradesh,Harda,248,7
Madhya Pradesh,Hoshangabad,456,9
Madhya Pradesh,Indore,1067,123
Madhya Pradesh,Jabalpur,1307,131
Madhya Pradesh,Jhabua,1350,419
Madhya Pradesh,Katni,1898,100
Madhya Pradesh,Khandwa,161,29
Madhya Pradesh,Khargone,3359,69
Madhya Pradesh,Mandla,981,61
Madhya Pradesh,Mandsaur,908,11
Madhya Pradesh,Morena,2860,30
Madhya Pradesh,Narsinghpur,3388,128
Madhya Pradesh,Neemuch,10,0
Madhya Pradesh,Panna,1513,54
Madhya Pradesh,Raisen,1036,213
Madhya Pradesh,Rajgarh,166,8
Madhya Pradesh,Ratlam,1689,38
Madhya Pradesh,Rewa,2060,249
Madhya Pradesh,Sagar,2570,180
Madhya Pradesh,Satna,2969,140
Madhya Pradesh,Sehore,1465,83
Madhya Pradesh,Seoni,1415,123
Madhya Pradesh,Shahdol,2868,107
Madhya Pradesh,Shajapur,129,0
Madhya Pradesh,Sheopur,544,24
Madhya Pradesh,Shivpuri,1045,17
Madhya Pradesh,Sidhi,3777,96
Madhya Pradesh,Singrauli,2836,54
Madhya Pradesh,Tikamgarh,1675,7
Madhya Pradesh,Ujjain,1540,58
Madhya Pradesh,Umaria,1540,28
Madhya Pradesh,Vidisha,699,67
Maharashtra,Ahmadnagar,19841,60
Maharashtra,Ahmed Nagar,2,0
Maharashtra,Akola,911,5
Maharashtra,Amravati,1085,14
Maharashtra,Aurangabad,3902,75
Maharashtra,Beed,3765,20
Maharashtra,Bhandara,2759,29
Maharashtra,Buldhana,7776,16
Maharashtra,Chandrapur,2571,15
Maharashtra,Dhule,508,12
Maharashtra,Gadchiroli,2522,0
Maharashtra,Gondiya,2330,30
Maharashtra,Hingoli,591,2
Maharashtra,Jalgaon,3319,27
Maharashtra,Jalna,1792,14
Maharashtra,Kolhapur,3841,26
Maharashtra,Latur,3444,12
Maharashtra,Mumbai,3165,100
Maharashtra,Mumbai( Sub Urban ),1,0
Maharashtra,Nagpur,2157,68
Maharashtra,Nanded,1500,39
Maharashtra,Nandurbar,948,14
Maharashtra,Nashik,2314,74
Maharashtra,Osmanabad,516,18
Maharashtra,Parbhani,607,6
Maharashtra,Pune,10524,81
Maharashtra,Raigarh,2789,15
Maharashtra,Raigarh(MH),7,0
Maharashtra,Ratnagiri,213,3
Maharashtra,Sangli,1830,32
Maharashtra,Satara,2115,36
Maharashtra,Sindhudurg,2157,6
Maharashtra,Solapur,980,26
Maharashtra,Thane,7483,146
Maharashtra,Wardha,106,0
Maharashtra,Washim,556,13
Maharashtra,Yavatmal,3687,7
Manipur,Bishnupur,1,0
Manipur,Chandel,2,0
Manipur,Churachandpur,2,0
Manipur,Imphal East,2,0
Manipur,Imphal West,29,0
Manipur,Thoubal,1,0
Manipur,Ukhrul,2,0
Meghalaya,East Khasi Hills,4,0
Meghalaya,West Garo Hills,6,0
Nagaland,Dimapur,3,0
Nagaland,Kohima,2,0
Nagaland,Mokokchung,4,0
Nagaland,Mon,1,0
Nagaland,Phek,5,0
Nagaland,Tuensang,1,0
Nagaland,Wokha,4,0
Nagaland,Zunheboto,137,0
Odisha,Angul,10,0
Odisha,Anugul,1789,3
Odisha,Balangir,120,2
Odisha,Baleswar,406,353
Odisha,Bargarh,1838,561
Odisha,Bhadrak,38,1
Odisha,Boudh,1,0
Odisha,Cuttack,193,1
Odisha,Debagarh,2,0
Odisha,Dhenkanal,104,117
Odisha,Gajapati,2,0
Odisha,Ganjam,39,3
Odisha,Jagatsinghapur,41,0
Odisha,Jajapur,503,270
Odisha,Jharsuguda,1,0
Odisha,Kalahandi,3,0
Odisha,Kandhamal,23,7
Odisha,Kendrapara,697,45
Odisha,Kendujhar,225,400
Odisha,Khorda,21,1
Odisha,Khordha,8,0
Odisha,Koraput,24,2
Odisha,Mayurbhanj,111,1
Odisha,Nabarangapur,133,0
Odisha,Nayagarh,205,122
Odisha,Nuapada,3,0
Odisha,Puri,269,0
Odisha,Rayagada,1,0
Odisha,Sambalpur,2,0
Odisha,Sonapur,3,0
Odisha,Sundergarh,1866,569
Others,Others,238,7796
Puducherry,Karaikal,629,0
Puducherry,Puducherry,53,2
Punjab,Amritsar,5728,77
Punjab,Barnala,133,9
Punjab,Bathinda,1326,291
Punjab,Faridkot,1528,14
Punjab,Fatehgarh Sahib,188,22
Punjab,Fazilka,95,32
Punjab,Ferozepur,982,19
Punjab,Gurdaspur,1009,87
Punjab,Hoshiarpur,1973,40
Punjab,Jalandhar,2308,33
Punjab,Kapurthala,2467,16
Punjab,Ludhiana,2280,156
Punjab,Mansa,2134,62
Punjab,Moga,368,23
Punjab,Muktsar,25,1
Punjab,Pathankot,438,19
Punjab,Patiala,1474,144
Punjab,Rupnagar,340,7
Punjab,SAS Nagar (Mohali),390,246
Punjab,Sangrur,1038,44
Punjab,Shaheed Bhagat Singh Nagar,160,18
Punjab,Sri Muktsar Sahib,883,16
Punjab,Tarn Taran,8077,44
Rajasthan,Ajmer,485,19
Rajasthan,Alwar,5340,182
Rajasthan,Banswara,4352,55
Rajasthan,Baran,982,64
Rajasthan,Barmer,1451,190
Rajasthan,Bharatpur,6024,34
Rajasthan,Bhilwara,6225,54
Rajasthan,Bikaner,2918,85
Rajasthan,Bundi,637,14
Rajasthan,Chittorgarh,4932,56
Rajasthan,Churu,839,37
Rajasthan,Dausa,1385,19
Rajasthan,Dholpur,5348,14
Rajasthan,Dungarpur,1542,9
Rajasthan,Ganganagar,4033,57
Rajasthan,Hanumangarh,1693,22
Rajasthan,Jaipur,14126,206
Rajasthan,Jaisalmer,3002,8
Rajasthan,Jalor,848,48
Rajasthan,Jhalawar,3669,43
Rajasthan,Jhunjhunu,8,0
Rajasthan,Jhunjhunun,1411,40
Rajasthan,Jodhpur,3911,134
Rajasthan,Karauli,2759,19
Rajasthan,Kota,2164,52
Rajasthan,Nagaur,3382,103
Rajasthan,Pali,4239,132
Rajasthan,Pratapgarh,1047,43
Rajasthan,Rajsamand,434,29
Rajasthan,Sawai Madhopur,2480,12
Rajasthan,Sikar,3593,110
Rajasthan,Sirohi,322,58
Rajasthan,Tonk,1154,10
Rajasthan,Udaipur,406,53
Sikkim,East Sikkim,230,0
Sikkim,North Sikkim,25,0
Sikkim,South Sikkim,40,0
Sikkim,West Sikkim,62,0
Tamil Nadu,Ariyalur,94,0
Tamil Nadu,Chennai,2520,14
Tamil Nadu,Coimbatore,13564,20
Tamil Nadu,Cuddalore,668,39
Tamil Nadu,Dharmapuri,1211,2
Tamil Nadu,Dindigul,2003,3
Tamil Nadu,Erode,1877,1
Tamil Nadu,Kancheepuram,924,2
Tamil Nadu,Kanchipuram,3,0
Tamil Nadu,Kanniyakumari,654,5
Tamil Nadu,Karur,839,2
Tamil Nadu,Krishnagiri,1215,0
Tamil Nadu,Madurai,141,1
Tamil Nadu,Nagapattinam,363,0
Tamil Nadu,Namakkal,2267,4
Tamil Nadu,Perambalur,1,0
Tamil Nadu,Pudukkottai,3,0
Tamil Nadu,Ramanathapuram,355,1
Tamil Nadu,Salem,1661,6
Tamil Nadu,Sivaganga,9592,12
Tamil Nadu,Thanjavur,2593,11
Tamil Nadu,The Nilgiris,3809,3
Tamil Nadu,Theni,2336,4
Tamil Nadu,Thiruvarur,10,0
Tamil Nadu,Thoothukkudi,4323,1
Tamil Nadu,Tiruchirappalli,1164,3
Tamil Nadu,Tirunelveli,8839,20
Tamil Nadu,Tiruppur,2190,6
Tamil Nadu,Tiruvallur,4617,11
Tamil Nadu,Tiruvannamalai,1719,3
Tamil Nadu,Vellore,1669,3
Tamil Nadu,Viluppuram,4197,60
Tamil Nadu,Virudhunagar,1753,1
Tripura,Dhalai,69,2
Tripura,Gomati,2,1
Tripura,Khowai,19,1
Tripura,North Tripura,32,0
Tripura,Sepahijala,4,0
Tripura,South Tripura,3,0
Tripura,Unakoti,3,0
Tripura,West Tripura,342,4
Uttar Pradesh,Agra,108,1
Uttar Pradesh,Aligarh,106,0
Uttar Pradesh,Allahabad,2066,0
Uttar Pradesh,Ambedkar Nagar,76,0
Uttar Pradesh,Amethi,1754,4
Uttar Pradesh,Amroha,299,25
Uttar Pradesh,Auraiya,46,0
Uttar Pradesh,Azamgarh,491,4
Uttar Pradesh,Baghpat,30,0
Uttar Pradesh,Bahraich,31,1
Uttar Pradesh,Ballia,363,1
Uttar Pradesh,Balrampur,481,4
Uttar Pradesh,Banda,2639,13
Uttar Pradesh,Bara Banki,108,0
Uttar Pradesh,Bareilly,702,1
Uttar Pradesh,Basti,88,1
Uttar Pradesh,Bijnor,992,11
Uttar Pradesh,Budaun,31,0
Uttar Pradesh,Bulandshahr,283,0
Uttar Pradesh,Chandauli,2802,7
Uttar Pradesh,Chitrakoot,4576,17
Uttar Pradesh,Deoria,321,2
Uttar Pradesh,Etah,35,0
Uttar Pradesh,Etawah,1468,25
Uttar Pradesh,Faizabad,665,0
Uttar Pradesh,Farrukhabad,399,3
Uttar Pradesh,Fatehpur,1374,8
Uttar Pradesh,Firozabad,24,1
Uttar Pradesh,Gautam Buddha Nagar,1209,4
Uttar Pradesh,Ghaziabad,1484,37
Uttar Pradesh,Ghazipur,5366,80
Uttar Pradesh,Gonda,1971,7
Uttar Pradesh,Gorakhpur,2324,23
Uttar Pradesh,Hamirpur,17,0
Uttar Pradesh,Hardoi,56,0
Uttar Pradesh,Hathras,76,0
Uttar Pradesh,Jalaun,29,0
Uttar Pradesh,Jaunpur,126,0
Uttar Pradesh,Jhansi,704,0
Uttar Pradesh,Kannauj,103,0
Uttar Pradesh,Kanpur Dehat,23,0
Uttar Pradesh,Kanpur Nagar,67,2
Uttar Pradesh,Kasganj,14,0
Uttar Pradesh,Kaushambi,197,1
Uttar Pradesh,Kheri,19,0
Uttar Pradesh,Kushinagar,115,0
Uttar Pradesh,Lalitpur,4,0
Uttar Pradesh,Lucknow,43,0
Uttar Pradesh,Maharajganj,1462,4
Uttar Pradesh,Mahoba,417,6
Uttar Pradesh,Mahrajganj,1,0
Uttar Pradesh,Mainpuri,390,1
Uttar Pradesh,Mathura,53,0
Uttar Pradesh,Mau,79,0
Uttar Pradesh,Meerut,228,3
Uttar Pradesh,Mirzapur,91,0
Uttar Pradesh,Moradabad,14,0
Uttar Pradesh,Muzaffarnagar,37,0
Uttar Pradesh,Pilibhit,416,4
Uttar Pradesh,Pratapgarh,1807,0
Uttar Pradesh,Rae Bareli,6839,23
Uttar Pradesh,Raebareli,3,0
Uttar Pradesh,Rampur,12,0
Uttar Pradesh,Saharanpur,4192,5
Uttar Pradesh,Sambhal,16,1
Uttar Pradesh,Sant Kabir Nagar,1063,3
Uttar Pradesh,Sant Ravidas Nagar,750,3
Uttar Pradesh,Sant Ravidas Nagar Bhadohi,2,0
Uttar Pradesh,Shahjahanpur,5998,4
Uttar Pradesh,Shamli,20,0
Uttar Pradesh,Shrawasti,1058,1
Uttar Pradesh,Siddharthnagar,87,0
Uttar Pradesh,Sitapur,17,0
Uttar Pradesh,Sonbhadra,3691,20
Uttar Pradesh,Sultanpur,67,1
Uttar Pradesh,Unnao,50,1
Uttar Pradesh,Varanasi,7987,28
Uttarakhand,Almora,49,1
Uttarakhand,Bageshwar,27,0
Uttarakhand,Chamoli,11,0
Uttarakhand,Champawat,209,1
Uttarakhand,Dehradun,845,1
Uttarakhand,Garhwal,1,0
Uttarakhand,Haridwar,34,1
Uttarakhand,Nainital,146,0
Uttarakhand,Pauri Garhwal,35,0
Uttarakhand,Pithoragarh,25,0
Uttarakhand,Rudraprayag,6,0
Uttarakhand,Tehri Garhwal,1455,3
Uttarakhand,Udham Singh Nagar,2068,4
Uttarakhand,Uttarkashi,8,0
West Bengal,Bankura,13651,125
West Bengal,Barddhaman,20821,306
West Bengal,Bardhaman,3552,444
West Bengal,Birbhum,6530,1196
West Bengal,Cooch Behar,137,0
West Bengal,Dakshin Dinajpur,511,5
West Bengal,Darjeeling,710,4
West Bengal,Domjur,1,0
West Bengal,East Midnapore,28897,8912
West Bengal,Hooghly,2391,3
West Bengal,Howrah,8020,8
West Bengal,Jalpaiguri,1265,0
West Bengal,Kolkata,169,1172
West Bengal,Malda,994,3
West Bengal,Medinipur,2395,2461
West Bengal,Murshidabad,980,1
West Bengal,Nadia,3034,4
West Bengal,North 24 Parganas,15010,1276
West Bengal,North Dinajpur,11,0
West Bengal,Paschim Medinipur,38,1
West Bengal,Purba Medinipur,9217,2
West Bengal,Purulia,1941,1
West Bengal,Puruliya,392,6
West Bengal,South 24 Parganas,227,0
West Bengal,South Dinajpur,5,0
West Bengal,South Twenty Four Parganas,681,1
West Bengal,Uttar Dinajpur,1270,4
West Bengal,West Midnapore,2120,1180
