State,District,Aadhaar generated,Enrolment Rejected
Andaman and Nicobar Islands,South Andaman,1,0
Andhra Pradesh,Adilabad,1860,32
Andhra Pradesh,Anantapur,1,0
Andhra Pradesh,Ananthapur,544,3
Andhra Pradesh,Chittoor,164,4
Andhra Pradesh,Cuddapah,493,60
Andhra Pradesh,East Godavari,1214,31
Andhra Pradesh,Guntur,309,7
Andhra Pradesh,Hyderabad,3507,150
Andhra Pradesh,K.V.Rangareddy,3,0
Andhra Pradesh,K.v. Rangareddy,8182,129
Andhra Pradesh,Karim Nagar,16,0
Andhra Pradesh,Karimnagar,10550,97
Andhra Pradesh,Khammam,10888,70
Andhra Pradesh,Krishna,239,27
Andhra Pradesh,Kurnool,9271,213
Andhra Pradesh,Mahabub Nagar,373,0
Andhra Pradesh,Mahabubnagar,7751,85
Andhra Pradesh,Mahbubnagar,285,0
Andhra Pradesh,Medak,14916,162
Andhra Pradesh,Nalgonda,4903,82
Andhra Pradesh,Nellore,2564,15
Andhra Pradesh,Nizamabad,10612,79
Andhra Pradesh,Prakasam,8193,95
Andhra Pradesh,Srikakulam,1240,82
Andhra Pradesh,Visakhapatnam,7622,214
Andhra Pradesh,Vizianagaram,1935,29
Andhra Pradesh,Warangal,12826,86
Andhra Pradesh,West Godavari,3423,153
Arunachal Pradesh,Lohit,1,0
Arunachal Pradesh,Lower Subansiri,1,0
Arunachal Pradesh,Papum Pare,1,0
Arunachal Pradesh,West Kameng,1,0
Assam,Baksa,2,0
Assam,Barpeta,8,0
Assam,Bongaigaon,4,0
Assam,Cachar,42,0
Assam,Chirang,6,0
Assam,Darrang,1,0
Assam,Dhemaji,2,0
Assam,Dhubri,13,0
Assam,Dibrugarh,10,0
Assam,Golaghat,12,0
Assam,Hailakandi,17,0
Assam,Jorhat,13,0
Assam,Kamrup,22,0
Assam,Kamrup Metro,5,0
Assam,Karbi Anglong,4,0
Assam,Karimganj,20,0
Assam,Kokrajhar,5,0
Assam,Lakhimpur,11,0
Assam,Marigaon,3,0
Assam,Nagaon,13,0
Assam,Nalbari,3,0
Assam,North Cachar Hills,2,0
Assam,Sibsagar,15,0
Assam,Sonitpur,20,0
Assam,Tinsukia,9,0
Assam,Udalguri,11,0
Bihar,Araria,295,0
Bihar,Arwal,2604,10
Bihar,Aurangabad,111,1
Bihar,Aurangabad(BH),4,0
Bihar,Banka,489,0
Bihar,Begusarai,151,3
Bihar,Bhabua,2,0
Bihar,Bhagalpur,190,0
Bihar,Bhojpur,247,1
Bihar,Buxar,103,1
Bihar,Darbhanga,1006,7
Bihar,East Champaran,275,2
Bihar,Gaya,295,2
Bihar,Gopalganj,406,1
Bihar,Jamui,585,1
Bihar,Jehanabad,67,0
Bihar,Kaimur (Bhabua),76,1
Bihar,Katihar,1132,2
Bihar,Khagaria,54,0
Bihar,Kishanganj,1176,1
Bihar,Lakhisarai,46,5
Bihar,Madhepura,58,0
Bihar,Madhubani,394,3
Bihar,Munger,86,1
Bihar,Muzaffarpur,370,2
Bihar,Nalanda,3048,20
Bihar,Nawada,111,0
Bihar,Patna,586,2
Bihar,Purnia,92,0
Bihar,Rohtas,1711,2
Bihar,Saharsa,2817,0
Bihar,Samastipur,280,0
Bihar,Saran,293,2
Bihar,Sheikhpura,240,6
Bihar,Sheohar,225,9
Bihar,Sitamarhi,227,0
Bihar,Siwan,230,3
Bihar,Supaul,127,0
Bihar,Vaishali,2432,0
Bihar,West Champaran,163,1
Chandigarh,Chandigarh,275,9
Chhattisgarh,Balod,16,0
Chhattisgarh,Baloda Bazar,3,0
Chhattisgarh,Balrampur,2,0
Chhattisgarh,Bastar,1318,0
Chhattisgarh,Bemetara,46,0
Chhattisgarh,Bilaspur,51,0
Chhattisgarh,Dantewada,1,0
Chhattisgarh,Dhamtari,5386,13
Chhattisgarh,Durg,132,0
Chhattisgarh,Gariyaband ,1,0
Chhattisgarh,Janjgir-champa,1160,0
Chhattisgarh,Jashpur,16,0
Chhattisgarh,Kanker,3,0
Chhattisgarh,Kawardha,1,0
Chhattisgarh,Korba,6369,1
Chhattisgarh,Koriya,1535,14
Chhattisgarh,Mahasamund,6,0
Chhattisgarh,Mungeli,2507,0
Chhattisgarh,Mungeli ,24,0
Chhattisgarh,Raigarh,4,0
Chhattisgarh,Raipur,23,0
Chhattisgarh,Rajnandgaon,541,0
Chhattisgarh,Surajpur,1,0
Chhattisgarh,Surajpur ,3,0
Chhattisgarh,Surguja,13,0
Dadra and Nagar Haveli,Dadra and Nagar Haveli,2681,2
Daman and Diu,Daman,23,0
Daman and Diu,Diu,34,0
Delhi,Central Delhi,756,68
Delhi,East Delhi,1872,207
Delhi,Najafgarh,9,1
Delhi,New Delhi,225,3
Delhi,North Delhi,734,31
Delhi,North East,126,3
Delhi,North East Delhi,3622,179
Delhi,North West Delhi,4775,356
Delhi,South Delhi,6763,294
Delhi,South West Delhi,2269,343
Delhi,West Delhi,3236,212
Goa,North Goa,455,83
Goa,South Goa,245,3
Gujarat,Ahmadabad,169,0
Gujarat,Ahmedabad,6705,44
Gujarat,Amreli,1069,3
Gujarat,Anand,841,9
Gujarat,Banaskantha,11150,19
Gujarat,Bharuch,2382,62
Gujarat,Bhavnagar,3373,43
Gujarat,Dahod,287,15
Gujarat,Dohad,2223,64
Gujarat,Gandhinagar,1507,2
Gujarat,Jamnagar,4352,4
Gujarat,Junagadh,7082,454
Gujarat,Kachchh,1598,28
Gujarat,Kheda,3843,67
Gujarat,Mahesana,3150,24
Gujarat,Narmada,1610,70
Gujarat,Navsari,2588,19
Gujarat,Panchmahals,4839,88
Gujarat,Patan,2785,106
Gujarat,Porbandar,615,7
Gujarat,Rajkot,8609,113
Gujarat,Sabarkantha,1406,97
Gujarat,Surat,4105,52
Gujarat,Surendra Nagar,2722,10
Gujarat,Tapi,965,14
Gujarat,The Dangs,356,3
Gujarat,Vadodara,2957,39
Gujarat,Valsad,2049,82
Haryana,Ambala,843,18
Haryana,Bhiwani,5981,33
Haryana,Faridabad,4492,97
Haryana,Fatehabad,2549,29
Haryana,Gurgaon,3532,40
Haryana,Hisar,10489,16
Haryana,Jhajjar,7908,4
Haryana,Jind,11758,45
Haryana,Kaithal,1621,32
Haryana,Karnal,6774,26
Haryana,Kurukshetra,979,2
Haryana,Mahendragarh,4673,4
Haryana,Mewat,1477,25
Haryana,Palwal,2858,27
Haryana,Panchkula,709,13
Haryana,Panipat,4045,34
Haryana,Rewari,4659,23
Haryana,Rohtak,4160,4
Haryana,Sirsa,2895,17
Haryana,Sonipat,991,22
Haryana,Yamuna Nagar,9669,8
Himachal Pradesh,Bilaspur,93,1
Himachal Pradesh,Chamba,528,15
Himachal Pradesh,Hamirpur,112,0
Himachal Pradesh,Kangra,714,4
Himachal Pradesh,Kinnaur,264,0
Himachal Pradesh,Kullu,713,48
Himachal Pradesh,Lahul and Spiti,91,0
Himachal Pradesh,Mandi,431,19
Himachal Pradesh,Shimla,764,32
Himachal Pradesh,Sirmaur,745,47
Himachal Pradesh,Solan,714,26
Himachal Pradesh,Una,19,0
Jammu and Kashmir,Anantnag,6099,0
Jammu and Kashmir,Badgam,7,0
Jammu and Kashmir,Bandipore,2,0
Jammu and Kashmir,Baramula,5,0
Jammu and Kashmir,Doda,623,2
Jammu and Kashmir,Jammu,3485,2
Jammu and Kashmir,Kargil,100,1
Jammu and Kashmir,Kathua,2538,0
Jammu and Kashmir,Kupwara,3,0
Jammu and Kashmir,Leh,13,0
Jammu and Kashmir,Pulwama,736,0
Jammu and Kashmir,Punch,3,0
Jammu and Kashmir,Rajouri,19,0
Jammu and Kashmir,Srinagar,1547,2
Jammu and Kashmir,Udhampur,12,0
Jharkhand,Bokaro,2442,42
Jharkhand,Chatra,4726,21
Jharkhand,Deoghar,3438,51
Jharkhand,Dhanbad,6645,34
Jharkhand,Dumka,1806,43
Jharkhand,East Singhbhum,15711,18
Jharkhand,Garhwa,2873,42
Jharkhand,Giridih,4761,35
Jharkhand,Godda,7194,102
Jharkhand,Gumla,2390,36
Jharkhand,Hazaribag,6,0
Jharkhand,Hazaribagh,855,100
Jharkhand,Jamtara,6941,15
Jharkhand,Khunti,1217,15
Jharkhand,Kodarma,11,0
Jharkhand,Koderma,8581,3
Jharkhand,Latehar,5448,20
Jharkhand,Lohardaga,1020,25
Jharkhand,Pakaur,2,0
Jharkhand,Pakur,2373,20
Jharkhand,Palamau,1,0
Jharkhand,Palamu,4406,199
Jharkhand,Ramgarh,652,51
Jharkhand,Ranchi,4308,119
Jharkhand,Sahebganj,4546,44
Jharkhand,Seraikela-Kharsawan,1589,7
Jharkhand,Simdega,4616,2
Jharkhand,West Singhbhum,19285,48
Karnataka,Bagalkot,2475,54
Karnataka,Bangalore,32963,173
Karnataka,Bangalore Rural,993,3
Karnataka,Belgaum,8633,44
Karnataka,Bellary,7519,26
Karnataka,Bidar,393,9
Karnataka,Bijapur,2949,12
Karnataka,Bijapur(KAR),228,0
Karnataka,Chamarajanagar,11,0
Karnataka,Chamrajanagar,751,3
Karnataka,Chickmagalur,3911,6
Karnataka,Chikkaballapur,3390,0
Karnataka,Chitradurga,5660,5
Karnataka,Dakshina Kannada,7025,27
Karnataka,Davangere,7806,0
Karnataka,Dharwad,994,99
Karnataka,Gadag,1837,1
Karnataka,Gulbarga,4329,12
Karnataka,Hassan,14057,15
Karnataka,Haveri,3684,0
Karnataka,Kodagu,638,0
Karnataka,Kolar,3277,64
Karnataka,Koppal,1399,18
Karnataka,Mandya,3535,4
Karnataka,Mysore,839,34
Karnataka,Raichur,4951,272
Karnataka,Ramanagar,3488,1
Karnataka,Shimoga,5271,32
Karnataka,Tumkur,641,21
Karnataka,Udupi,129,1
Karnataka,Uttara Kannada,451,0
Karnataka,Yadgir,314,0
Kerala,Alappuzha,1404,71
Kerala,Ernakulam,1925,45
Kerala,Idukki,637,8
Kerala,Kannur,1310,104
Kerala,Kasaragod,664,7
Kerala,Kasargod,254,18
Kerala,Kollam,3005,68
Kerala,Kottayam,1812,28
Kerala,Kozhikode,2263,43
Kerala,Malappuram,3959,171
Kerala,Palakkad,1469,136
Kerala,Pathanamthitta,607,28
Kerala,Thiruvananthapuram,2173,96
Kerala,Thrissur,2084,169
Kerala,Wayanad,142,4
Lakshadweep,Lakshadweep,9,0
Madhya Pradesh,Alirajpur,7631,193
Madhya Pradesh,Anuppur,4210,34
Madhya Pradesh,Ashok Nagar,1476,4
Madhya Pradesh,Balaghat,13852,87
Madhya Pradesh,Barwani,1159,37
Madhya Pradesh,Betul,4762,36
Madhya Pradesh,Bhind,3020,13
Madhya Pradesh,Bhopal,3505,440
Madhya Pradesh,Burhanpur,2048,49
Madhya Pradesh,Chhatarpur,3905,27
Madhya Pradesh,Chhindwara,9972,118
Madhya Pradesh,Damoh,2693,36
Madhya Pradesh,Datia,659,4
Madhya Pradesh,Dewas,429,86
Madhya Pradesh,Dhar,11243,117
Madhya Pradesh,Dindori,9400,175
Madhya Pradesh,Guna,6345,187
Madhya Pradesh,Gwalior,1476,33
Madhya Pradesh,Harda,725,7
Madhya Pradesh,Hoshangabad,715,26
Madhya Pradesh,Indore,6310,50
Madhya Pradesh,Jabalpur,4648,485
Madhya Pradesh,Jhabua,5462,465
Madhya Pradesh,Katni,3804,200
Madhya Pradesh,Khandwa,1539,6
Madhya Pradesh,Khargone,9277,82
Madhya Pradesh,Mandla,7233,49
Madhya Pradesh,Mandsaur,516,4
Madhya Pradesh,Morena,2172,7
Madhya Pradesh,Narsinghpur,6939,90
Madhya Pradesh,Neemuch,30,0
Madhya Pradesh,Panna,2793,53
Madhya Pradesh,Raisen,4645,212
Madhya Pradesh,Rajgarh,711,261
Madhya Pradesh,Ratlam,1622,6
Madhya Pradesh,Rewa,7540,349
Madhya Pradesh,Sagar,14285,31
Madhya Pradesh,Satna,5394,100
Madhya Pradesh,Sehore,3213,305
Madhya Pradesh,Seoni,4076,922
Madhya Pradesh,Shahdol,8507,75
Madhya Pradesh,Shajapur,323,1
Madhya Pradesh,Sheopur,886,7
Madhya Pradesh,Shivpuri,2318,12
Madhya Pradesh,Sidhi,5140,14
Madhya Pradesh,Singrauli,5519,37
Madhya Pradesh,Tikamgarh,2814,17
Madhya Pradesh,Ujjain,2261,95
Madhya Pradesh,Umaria,1368,17
Madhya Pradesh,Vidisha,1493,359
Maharashtra,Ahmadnagar,8757,202
Maharashtra,Ahmed Nagar,63,8
Maharashtra,Akola,2315,13
Maharashtra,Amravati,530,37
Maharashtra,Aurangabad,4786,142
Maharashtra,Beed,3611,15
Maharashtra,Bhandara,2504,40
Maharashtra,Buldhana,4638,27
Maharashtra,Chandrapur,1590,5
Maharashtra,Dhule,1681,21
Maharashtra,Gadchiroli,896,7
Maharashtra,Gondiya,2584,85
Maharashtra,Hingoli,840,1
Maharashtra,Jalgaon,3777,53
Maharashtra,Jalna,745,49
Maharashtra,Kolhapur,5915,30
Maharashtra,Latur,3859,42
Maharashtra,Mumbai,7429,339
Maharashtra,Mumbai City,7,0
Maharashtra,Nagpur,4285,96
Maharashtra,Nanded,3104,16
Maharashtra,Nandurbar,3756,31
Maharashtra,Nashik,3741,186
Maharashtra,Osmanabad,1132,32
Maharashtra,Parbhani,1226,39
Maharashtra,Pune,12847,193
Maharashtra,Raigarh,4609,19
Maharashtra,Raigarh(MH),96,2
Maharashtra,Ratnagiri,199,5
Maharashtra,Sangli,2443,34
Maharashtra,Satara,8564,100
Maharashtra,Sindhudurg,2100,0
Maharashtra,Solapur,2103,81
Maharashtra,Thane,12778,253
Maharashtra,Wardha,760,10
Maharashtra,Washim,736,19
Maharashtra,Yavatmal,3095,32
Manipur,Bishnupur,2,1
Manipur,Chandel,23,0
Manipur,Churachandpur,222,0
Manipur,Imphal East,256,0
Manipur,Imphal West,753,0
Manipur,Senapati,12,0
Manipur,Tamenglong,60,0
Manipur,Thoubal,31,0
Meghalaya,East Khasi Hills,26,0
Meghalaya,Jaintia Hills,1,0
Meghalaya,Ri Bhoi,1,0
Meghalaya,West Garo Hills,3,0
Mizoram,Aizawl,3,0
Mizoram,Mammit,1,0
Nagaland,Dimapur,5,0
Nagaland,Kiphire,37,0
Nagaland,Kohima,1,0
Nagaland,Mokokchung,4,0
Nagaland,Mon,102,0
Nagaland,Tuensang,1,0
Nagaland,Wokha,2,0
Nagaland,Zunheboto,11,0
Odisha,Angul,21,0
Odisha,Anugul,188,3
Odisha,Balangir,188,0
Odisha,Baleswar,211,509
Odisha,Bargarh,221,222
Odisha,Baudh,2,0
Odisha,Bhadrak,93,0
Odisha,Boudh,2,0
Odisha,Cuttack,101,3
Odisha,Debagarh,3,0
Odisha,Dhenkanal,15182,58
Odisha,Gajapati,3429,389
Odisha,Ganjam,108,0
Odisha,Jagatsinghapur,82,1
Odisha,Jajapur,2265,393
Odisha,Jharsuguda,11,0
Odisha,Kalahandi,12,0
Odisha,Kandhamal,8,0
Odisha,Kendrapara,1121,0
Odisha,Kendujhar,374,44
Odisha,Khorda,49,0
Odisha,Khordha,38,44
Odisha,Koraput,9,0
Odisha,Malkangiri,1,0
Odisha,Mayurbhanj,236,323
Odisha,Nabarangapur,56,0
Odisha,Nayagarh,1591,197
Odisha,Nuapada,3,0
Odisha,Puri,84,1
Odisha,Rayagada,5,0
Odisha,Sambalpur,3879,703
Odisha,Sonapur,3,0
Odisha,Sundergarh,220,9
Others,Others,245,4738
Puducherry,Karaikal,1638,86
Puducherry,Pondicherry,11,36
Puducherry,Puducherry,321,1
Punjab,Amritsar,5282,88
Punjab,Barnala,434,30
Punjab,Bathinda,1554,93
Punjab,Faridkot,703,24
Punjab,Fatehgarh Sahib,351,25
Punjab,Fazilka,548,116
Punjab,Ferozepur,1250,23
Punjab,Gurdaspur,1539,221
Punjab,Hoshiarpur,2598,35
Punjab,Jalandhar,3401,71
Punjab,Kapurthala,1186,37
Punjab,Ludhiana,3848,226
Punjab,Mansa,2603,21
Punjab,Moga,541,73
Punjab,Muktsar,10,0
Punjab,Pathankot,630,55
Punjab,Patiala,6223,219
Punjab,Rupnagar,785,12
Punjab,SAS Nagar (Mohali),1983,332
Punjab,Sangrur,11153,171
Punjab,Shaheed Bhagat Singh Nagar,354,15
Punjab,Sri Muktsar Sahib,1215,73
Punjab,Tarn Taran,5642,68
Rajasthan,Ajmer,839,90
Rajasthan,Alwar,3734,277
Rajasthan,Banswara,3069,26
Rajasthan,Baran,881,106
Rajasthan,Barmer,1741,286
Rajasthan,Bharatpur,5162,29
Rajasthan,Bhilwara,12739,84
Rajasthan,Bikaner,7514,103
Rajasthan,Bundi,1115,61
Rajasthan,Chittorgarh,4788,47
Rajasthan,Churu,5095,74
Rajasthan,Dausa,1823,65
Rajasthan,Dholpur,1379,16
Rajasthan,Dungarpur,2183,5
Rajasthan,Ganganagar,5078,38
Rajasthan,Hanumangarh,2686,268
Rajasthan,Jaipur,12192,279
Rajasthan,Jaisalmer,1759,25
Rajasthan,Jalor,1455,88
Rajasthan,Jhalawar,3151,62
Rajasthan,Jhunjhunu,14,0
Rajasthan,Jhunjhunun,2818,102
Rajasthan,Jodhpur,5855,100
Rajasthan,Karauli,2370,17
Rajasthan,Kota,1834,232
Rajasthan,Nagaur,4820,49
Rajasthan,Pali,4875,321
Rajasthan,Pratapgarh,1635,15
Rajasthan,Rajsamand,526,40
Rajasthan,Sawai Madhopur,2022,12
Rajasthan,Sikar,8892,97
Rajasthan,Sirohi,524,78
Rajasthan,Tonk,1781,42
Rajasthan,Udaipur,1289,148
Sikkim,East Sikkim,128,1
Sikkim,North Sikkim,4,0
Sikkim,South Sikkim,71,0
Sikkim,West Sikkim,114,0
Tamil Nadu,Ariyalur,44,9
Tamil Nadu,Chennai,8069,4
Tamil Nadu,Coimbatore,11963,28
Tamil Nadu,Cuddalore,337,3
Tamil Nadu,Dharmapuri,884,0
Tamil Nadu,Dindigul,469,0
Tamil Nadu,Erode,5343,5
Tamil Nadu,Kancheepuram,1886,0
Tamil Nadu,Kanchipuram,3,0
Tamil Nadu,Kanniyakumari,1204,0
Tamil Nadu,Kanyakumari,15,1
Tamil Nadu,Karur,422,1
Tamil Nadu,Krishnagiri,244,0
Tamil Nadu,Madurai,4532,1
Tamil Nadu,Nagapattinam,122,0
Tamil Nadu,Namakkal,1264,1
Tamil Nadu,Nilgiris,1438,0
Tamil Nadu,Perambalur,11,0
Tamil Nadu,Pudukkottai,15,0
Tamil Nadu,Ramanathapuram,10656,1
Tamil Nadu,Salem,2512,2
Tamil Nadu,Sivaganga,3854,0
Tamil Nadu,Thanjavur,2507,1
Tamil Nadu,The Nilgiris,4030,16
Tamil Nadu,Theni,1245,0
Tamil Nadu,Thiruvarur,119,0
Tamil Nadu,Thoothukkudi,2758,6
Tamil Nadu,Tiruchirappalli,76,33
Tamil Nadu,Tirunelveli,8870,6
Tamil Nadu,Tiruppur,10121,26
Tamil Nadu,Tiruvallur,14044,20
Tamil Nadu,Tiruvannamalai,6172,8
Tamil Nadu,Tiruvarur,423,0
Tamil Nadu,Vellore,3354,1
Tamil Nadu,Villupuram,2,0
Tamil Nadu,Viluppuram,1464,6
Tamil Nadu,Virudhunagar,18782,0
Tripura,Dhalai,209,14
Tripura,Gomati,23,0
Tripura,Khowai,85,0
Tripura,North Tripura,155,12
Tripura,Sepahijala,104,0
Tripura,South Tripura,14,0
Tripura,Unakoti,5,0
Tripura,West Tripura,462,17
Uttar Pradesh,Agra,201,0
Uttar Pradesh,Aligarh,186,0
Uttar Pradesh,Allahabad,590,1
Uttar Pradesh,Ambedkar Nagar,163,0
Uttar Pradesh,Amethi,7511,40
Uttar Pradesh,Amroha,315,17
Uttar Pradesh,Auraiya,81,0
Uttar Pradesh,Azamgarh,1138,8
Uttar Pradesh,Baghpat,99,0
Uttar Pradesh,Bahraich,109,0
Uttar Pradesh,Ballia,809,5
Uttar Pradesh,Balrampur,149,1
Uttar Pradesh,Banda,681,1
Uttar Pradesh,Bara Banki,214,0
Uttar Pradesh,Barabanki,1,0
Uttar Pradesh,Bareilly,1632,7
Uttar Pradesh,Basti,252,0
Uttar Pradesh,Bijnor,1316,13
Uttar Pradesh,Budaun,61,1
Uttar Pradesh,Bulandshahar,4,0
Uttar Pradesh,Bulandshahr,211,0
Uttar Pradesh,Chandauli,1216,0
Uttar Pradesh,Chitrakoot,2703,25
Uttar Pradesh,Deoria,267,1
Uttar Pradesh,Etah,82,0
Uttar Pradesh,Etawah,3206,32
Uttar Pradesh,Faizabad,852,1
Uttar Pradesh,Farrukhabad,203,0
Uttar Pradesh,Fatehpur,833,1
Uttar Pradesh,Firozabad,61,0
Uttar Pradesh,Gautam Buddha Nagar,1303,2
Uttar Pradesh,Ghaziabad,4319,76
Uttar Pradesh,Ghazipur,2426,0
Uttar Pradesh,Gonda,766,1
Uttar Pradesh,Gorakhpur,1030,1
Uttar Pradesh,Hamirpur,15,0
Uttar Pradesh,Hardoi,328,2
Uttar Pradesh,Hathras,178,1
Uttar Pradesh,Jalaun,44,0
Uttar Pradesh,Jaunpur,293,3
Uttar Pradesh,Jhansi,1142,5
Uttar Pradesh,Kannauj,61,0
Uttar Pradesh,Kanpur Dehat,43,0
Uttar Pradesh,Kanpur Nagar,240,1
Uttar Pradesh,Kasganj,33,0
Uttar Pradesh,Kaushambi,175,1
Uttar Pradesh,Kheri,27,0
Uttar Pradesh,Kushinagar,179,2
Uttar Pradesh,Lalitpur,11,0
Uttar Pradesh,Lucknow,164,2
Uttar Pradesh,Maharajganj,1070,0
Uttar Pradesh,Mahoba,904,11
Uttar Pradesh,Mainpuri,275,1
Uttar Pradesh,Mathura,120,0
Uttar Pradesh,Mau,120,0
Uttar Pradesh,Meerut,122,0
Uttar Pradesh,Mirzapur,99,1
Uttar Pradesh,Moradabad,49,0
Uttar Pradesh,Muzaffarnagar,69,1
Uttar Pradesh,Pilibhit,1109,0
Uttar Pradesh,Pratapgarh,557,2
Uttar Pradesh,Rae Bareli,7742,81
Uttar Pradesh,Raebareli,1,0
Uttar Pradesh,Rampur,19,0
Uttar Pradesh,Saharanpur,4112,2
Uttar Pradesh,Sambhal,39,1
Uttar Pradesh,Sant Kabir Nagar,472,11
Uttar Pradesh,Sant Ravidas Nagar,746,2
Uttar Pradesh,Shahjahanpur,1799,4
Uttar Pradesh,Shamli,38,0
Uttar Pradesh,Shrawasti,1745,8
Uttar Pradesh,Siddharthnagar,184,2
Uttar Pradesh,Sitapur,33,2
Uttar Pradesh,Sonbhadra,447,0
Uttar Pradesh,Sultanpur,147,0
Uttar Pradesh,Unnao,67,0
Uttar Pradesh,Varanasi,3133,0
Uttarakhand,Almora,87,2
Uttarakhand,Bageshwar,53,0
Uttarakhand,Chamoli,43,1
Uttarakhand,Champawat,204,0
Uttarakhand,Dehradun,370,0
Uttarakhand,Garhwal,1,0
Uttarakhand,Hardwar,1,0
Uttarakhand,Haridwar,172,0
Uttarakhand,Nainital,183,0
Uttarakhand,Pauri Garhwal,91,0
Uttarakhand,Pithoragarh,52,0
Uttarakhand,Rudraprayag,24,0
Uttarakhand,Tehri Garhwal,743,7
Uttarakhand,Udham Singh Nagar,1141,2
Uttarakhand,Uttarkashi,11,0
West Bengal,Bankura,11386,356
West Bengal,Barddhaman,21167,3435
West Bengal,Bardhaman,2235,340
West Bengal,Birbhum,9104,279
West Bengal,Cooch Behar,144,1
West Bengal,Dakshin Dinajpur,1880,18
West Bengal,Darjeeling,467,0
West Bengal,East Midnapore,14139,1615
West Bengal,Hooghly,8343,35
West Bengal,Howrah,1927,3
West Bengal,Jalpaiguri,563,3
West Bengal,Kolkata,222,155
West Bengal,Malda,2956,35
West Bengal,Medinipur,6517,712
West Bengal,Murshidabad,7443,19
West Bengal,Nadia,3939,19
West Bengal,North 24 Parganas,20902,1526
West Bengal,North Dinajpur,147,0
West Bengal,Paschim Medinipur,125,0
West Bengal,Purba Medinipur,2204,2
West Bengal,Purulia,110,0
West Bengal,Puruliya,447,0
West Bengal,South 24 Parganas,1064,0
West Bengal,South Dinajpur,3,0
West Bengal,South Twenty Four Parganas,1426,0
West Bengal,Uttar Dinajpur,2494,0
West Bengal,West Midnapore,995,894
