State,District,Aadhaar generated,Enrolment Rejected
Andaman and Nicobar Islands,Andamans,0,1
Andhra Pradesh,Adilabad,267,127
Andhra Pradesh,Anantapur,1,9
Andhra Pradesh,Ananthapur,91,62
Andhra Pradesh,Chittoor,264,153
Andhra Pradesh,Cuddapah,392,384
Andhra Pradesh,East Godavari,51,123
Andhra Pradesh,Guntur,54,162
Andhra Pradesh,Hyderabad,202,201
Andhra Pradesh,K.V.Rangareddy,0,8
Andhra Pradesh,K.v. Rangareddy,152,503
Andhra Pradesh,Karim Nagar,0,6
Andhra Pradesh,Karimnagar,405,270
Andhra Pradesh,Khammam,76,164
Andhra Pradesh,Krishna,85,241
Andhra Pradesh,Kurnool,227,49
Andhra Pradesh,Mahabub Nagar,7,15
Andhra Pradesh,Mahabubnagar,139,412
Andhra Pradesh,Mahbubnagar,1,5
Andhra Pradesh,Medak,29,222
Andhra Pradesh,Nalgonda,82507,371
Andhra Pradesh,Nellore,41,184
Andhra Pradesh,Nizamabad,392,186
Andhra Pradesh,Prakasam,72,300
Andhra Pradesh,Srikakulam,3,24
Andhra Pradesh,Visakhapatnam,225,627
Andhra Pradesh,Vizianagaram,9,124
Andhra Pradesh,Warangal,82,407
Andhra Pradesh,West Godavari,251,316
Arunachal Pradesh,Papum Pare,1,0
Assam,Bongaigaon,1,0
Assam,Cachar,1,3
Assam,Chirang,1,0
Assam,Darrang,0,1
Assam,Dibrugarh,0,1
Assam,Golaghat,0,1
Assam,Hailakandi,0,1
Assam,Kamrup,1,0
Assam,Karimganj,1,0
Assam,Kokrajhar,0,1
Assam,Lakhimpur,0,1
Assam,Nagaon,4,0
Assam,Sonitpur,1,1
Assam,Tinsukia,0,1
Assam,Udalguri,0,1
Bihar,Araria,0,1
Bihar,Arwal,223,52
Bihar,Aurangabad,2,7
Bihar,Banka,3,2
Bihar,Begusarai,3,5
Bihar,Bhabua,0,1
Bihar,Bhagalpur,5,5
Bihar,Bhojpur,6,9
Bihar,Buxar,5,7
Bihar,Darbhanga,12,58
Bihar,East Champaran,7,7
Bihar,Gaya,9,12
Bihar,Gopalganj,5,42
Bihar,Jamui,5,10
Bihar,Jehanabad,2,3
Bihar,Kaimur (Bhabua),0,2
Bihar,Katihar,2,4
Bihar,Khagaria,1,3
Bihar,Kishanganj,6,3
Bihar,Lakhisarai,1,2
Bihar,Madhepura,1,3
Bihar,Madhubani,12,17
Bihar,Munger,3,2
Bihar,Muzaffarpur,4,8
Bihar,Nalanda,8,16
Bihar,Nawada,4,3
Bihar,Patna,3,14
Bihar,Purnia,1,1
Bihar,Rohtas,4,71
Bihar,Saharsa,1,42
Bihar,Samastipur,4,6
Bihar,Saran,6,16
Bihar,Sheikhpura,73,40
Bihar,Sheohar,172,15
Bihar,Sitamarhi,9,2
Bihar,Siwan,2,10
Bihar,Supaul,0,4
Bihar,Vaishali,4,26
Bihar,West Champaran,6,2
Chandigarh,Chandigarh,45,31
Chhattisgarh,Balod,0,11
Chhattisgarh,Bastar,1,0
Chhattisgarh,Bemetara,2,1
Chhattisgarh,Bilaspur,0,1
Chhattisgarh,Dantewada,0,1
Chhattisgarh,Dhamtari,20,226
Chhattisgarh,Durg,3,19
Chhattisgarh,Janjgir-champa,2,2
Chhattisgarh,Jashpur,0,1
Chhattisgarh,Korba,0,47
Chhattisgarh,Koriya,347,66
Chhattisgarh,Mahasamund,2,0
Chhattisgarh,Raigarh,6,0
Chhattisgarh,Raipur,0,5
Chhattisgarh,Rajnandgaon,1,0
Dadra and Nagar Haveli,Dadra and Nagar Haveli,1,20
Daman and Diu,Daman,1,3
Daman and Diu,Diu,26,1
Delhi,Central Delhi,641,82
Delhi,East Delhi,1919,1992
Delhi,Najafgarh,0,39
Delhi,New Delhi,2,3
Delhi,North Delhi,555,157
Delhi,North East,1442,4321
Delhi,North East Delhi,119,94
Delhi,North West Delhi,4896,6380
Delhi,South Delhi,4633,1476
Delhi,South West Delhi,47,350
Delhi,West Delhi,60,108
Goa,Bardez,0,1
Goa,Bicholim,0,1
Goa,North Goa,38,27
Goa,South Goa,13,192
Gujarat,Ahmadabad,2,74
Gujarat,Ahmedabad,20,90
Gujarat,Amreli,15,45
Gujarat,Anand,531,71
Gujarat,Banaskantha,15,68
Gujarat,Bharuch,7,30
Gujarat,Bhavnagar,58,54
Gujarat,Dahod,1,10
Gujarat,Dohad,5,89
Gujarat,Gandhinagar,55,33
Gujarat,Jamnagar,1,44
Gujarat,Junagadh,5,67
Gujarat,Kachchh,6,24
Gujarat,Kheda,34,47
Gujarat,Mahesana,67,157
Gujarat,Narmada,11,28
Gujarat,Navsari,21,92
Gujarat,Panchmahals,44,65
Gujarat,Patan,15,41
Gujarat,Porbandar,0,16
Gujarat,Rajkot,6,204
Gujarat,Sabarkantha,38,45
Gujarat,Surat,30,112
Gujarat,Surendra Nagar,24,44
Gujarat,Tapi,10,22
Gujarat,The Dangs,55,17
Gujarat,Vadodara,70,134
Gujarat,Valsad,198,101
Haryana,Ambala,41,103
Haryana,Bhiwani,328,189
Haryana,Faridabad,244,147
Haryana,Fatehabad,81,131
Haryana,Gurgaon,53,110
Haryana,Hisar,146,199
Haryana,Jhajjar,119,57
Haryana,Jind,107,223
Haryana,Kaithal,300,211
Haryana,Karnal,26,133
Haryana,Kurukshetra,177,335
Haryana,Mahendragarh,252,222
Haryana,Mewat,43,101
Haryana,Palwal,182,74
Haryana,Panchkula,9,139
Haryana,Panipat,273,134
Haryana,Rewari,97,67
Haryana,Rohtak,108,103
Haryana,Sirsa,23,109
Haryana,Sonipat,8,84
Haryana,Yamuna Nagar,155,107
Himachal Pradesh,Bilaspur,48,5
Himachal Pradesh,Chamba,28,16
Himachal Pradesh,Hamirpur,52,18
Himachal Pradesh,Kangra,130,64
Himachal Pradesh,Kinnaur,3,1
Himachal Pradesh,Kullu,20,36
Himachal Pradesh,Mandi,27,31
Himachal Pradesh,Shimla,51,42
Himachal Pradesh,Sirmaur,45,25
Himachal Pradesh,Solan,133,24
Himachal Pradesh,Una,2,4
Jammu and Kashmir,Anantnag,0,151
Jammu and Kashmir,Badgam,0,2
Jammu and Kashmir,Baramula,0,2
Jammu and Kashmir,Doda,5,28
Jammu and Kashmir,Jammu,9,45
Jammu and Kashmir,Kargil,2,1
Jammu and Kashmir,Kathua,0,5
Jammu and Kashmir,Pulwama,0,15
Jammu and Kashmir,Punch,0,1
Jammu and Kashmir,Rajouri,0,1
Jharkhand,Bokaro,385,153
Jharkhand,Chatra,316,192
Jharkhand,Deoghar,26,82
Jharkhand,Dhanbad,196,184
Jharkhand,Dumka,96,66
Jharkhand,East Singhbhum,290,295
Jharkhand,Garhwa,31,85
Jharkhand,Giridih,116,179
Jharkhand,Godda,127,74
Jharkhand,Gumla,116,47
Jharkhand,Hazaribag,0,1
Jharkhand,Hazaribagh,68,250
Jharkhand,Jamtara,35,60
Jharkhand,Khunti,29,13
Jharkhand,Koderma,49,48
Jharkhand,Latehar,69,47
Jharkhand,Lohardaga,172,36
Jharkhand,Pakur,48,89
Jharkhand,Palamau,0,625
Jharkhand,Palamu,89,1642
Jharkhand,Ramgarh,29,134
Jharkhand,Ranchi,80,234
Jharkhand,Sahebganj,84,47
Jharkhand,Seraikela-Kharsawan,80,100
Jharkhand,Simdega,86,39
Jharkhand,West Singhbhum,202,223
Karnataka,Bagalkot,24,56
Karnataka,Bangalore,1649,795
Karnataka,Bangalore Rural,8046,30
Karnataka,Belgaum,17,327
Karnataka,Bellary,45,79
Karnataka,Bidar,1,9
Karnataka,Bijapur,7,19
Karnataka,Bijapur(KAR),46,554
Karnataka,Chamrajanagar,19,27
Karnataka,Chickmagalur,136,46
Karnataka,Chikkaballapur,2,18
Karnataka,Chitradurga,74,28
Karnataka,Dakshina Kannada,181,97
Karnataka,Davangere,23,83
Karnataka,Dharwad,22660,629
Karnataka,Gadag,16,153
Karnataka,Gulbarga,54,19
Karnataka,Hassan,91,134
Karnataka,Haveri,40353,36
Karnataka,Kodagu,3376,2
Karnataka,Kolar,71,67
Karnataka,Koppal,11,34
Karnataka,Mandya,62,95
Karnataka,Mysore,96,308
Karnataka,Raichur,19,15
Karnataka,Ramanagar,17,28
Karnataka,Shimoga,45,24
Karnataka,Tumkur,47,84
Karnataka,Udupi,3908,36
Karnataka,Uttara Kannada,45241,41
Karnataka,Yadgir,0,101
Kerala,Alappuzha,18867,90
Kerala,Ernakulam,14628,80
Kerala,Idukki,2543,34
Kerala,Kannur,29497,66
Kerala,Kasaragod,2,44
Kerala,Kasargod,31,14
Kerala,Kollam,21577,204
Kerala,Kottayam,5930,70
Kerala,Kozhikode,2809,105
Kerala,Malappuram,1816,480
Kerala,Palakkad,111376,95
Kerala,Pathanamthitta,2215,82
Kerala,Thiruvananthapuram,15780,147
Kerala,Thrissur,2341,82
Kerala,Wayanad,502,97
Madhya Pradesh,Alirajpur,142,46
Madhya Pradesh,Anuppur,154,90
Madhya Pradesh,Ashok Nagar,2,9
Madhya Pradesh,Balaghat,104,132
Madhya Pradesh,Barwani,17,22
Madhya Pradesh,Betul,65,67
Madhya Pradesh,Bhind,19,65
Madhya Pradesh,Bhopal,163,115
Madhya Pradesh,Burhanpur,140,76
Madhya Pradesh,Chhatarpur,105,124
Madhya Pradesh,Chhindwara,92,119
Madhya Pradesh,Damoh,14,170
Madhya Pradesh,Datia,19,91
Madhya Pradesh,Dewas,2,21
Madhya Pradesh,Dhar,148,105
Madhya Pradesh,Dindori,428,153
Madhya Pradesh,Guna,41,45
Madhya Pradesh,Gwalior,75,222
Madhya Pradesh,Harda,39,8
Madhya Pradesh,Hoshangabad,92,56
Madhya Pradesh,Indore,115,128
Madhya Pradesh,Jabalpur,124,211
Madhya Pradesh,Jhabua,107,60
Madhya Pradesh,Katni,66,173
Madhya Pradesh,Khandwa,44,52
Madhya Pradesh,Khargone,38,77
Madhya Pradesh,Mandla,266,130
Madhya Pradesh,Mandsaur,2,18
Madhya Pradesh,Morena,15,54
Madhya Pradesh,Narsinghpur,143,57
Madhya Pradesh,Neemuch,4,11
Madhya Pradesh,Panna,125,102
Madhya Pradesh,Raisen,133,60
Madhya Pradesh,Rajgarh,3,44
Madhya Pradesh,Ratlam,26,29
Madhya Pradesh,Rewa,135,254
Madhya Pradesh,Sagar,98,132
Madhya Pradesh,Satna,182,147
Madhya Pradesh,Sehore,57,274
Madhya Pradesh,Seoni,259,184
Madhya Pradesh,Shahdol,98,106
Madhya Pradesh,Shajapur,0,1
Madhya Pradesh,Sheopur,1,6
Madhya Pradesh,Shivpuri,35,45
Madhya Pradesh,Sidhi,62,269
Madhya Pradesh,Singrauli,95,233
Madhya Pradesh,Tikamgarh,30,179
Madhya Pradesh,Ujjain,24,62
Madhya Pradesh,Umaria,59,338
Madhya Pradesh,Vidisha,13,60
Maharashtra,Ahmadnagar,994,201
Maharashtra,Ahmed Nagar,0,35
Maharashtra,Akola,9,76
Maharashtra,Amravati,21,229
Maharashtra,Aurangabad,454,911
Maharashtra,Beed,193,190
Maharashtra,Bhandara,40,46
Maharashtra,Buldhana,75,74
Maharashtra,Chandrapur,85,234
Maharashtra,Dhule,69,157
Maharashtra,Gadchiroli,5,36
Maharashtra,Gondia,1,8
Maharashtra,Gondiya,117,166
Maharashtra,Hingoli,17,12
Maharashtra,Jalgaon,210,226
Maharashtra,Jalna,30,34
Maharashtra,Kolhapur,145,202
Maharashtra,Latur,33,78
Maharashtra,Mumbai,608,3049
Maharashtra,Mumbai City,2,3
Maharashtra,Mumbai( Sub Urban ),0,5
Maharashtra,Nagpur,185,262
Maharashtra,Nanded,41,31
Maharashtra,Nandurbar,25,159
Maharashtra,Nashik,162,1318
Maharashtra,Osmanabad,99,448
Maharashtra,Parbhani,18,40
Maharashtra,Pune,824,3464
Maharashtra,Raigarh,108,51
Maharashtra,Raigarh(MH),1,41
Maharashtra,Ratnagiri,3163,21
Maharashtra,Sangli,117,219
Maharashtra,Satara,229,89
Maharashtra,Sindhudurg,37,28
Maharashtra,Solapur,40,703
Maharashtra,Thane,544,1216
Maharashtra,Wardha,3,35
Maharashtra,Washim,18,48
Maharashtra,Yavatmal,74,141
Manipur,Bishnupur,11,0
Manipur,Imphal East,0,2
Manipur,Imphal West,73,9
Manipur,Thoubal,0,1
Manipur,Ukhrul,3,0
Meghalaya,West Garo Hills,1,0
Mizoram,Aizawl,0,1
Nagaland,Dimapur,16,14
Nagaland,Kiphire,1358,0
Nagaland,Kohima,663,1
Nagaland,Longleng,4,0
Nagaland,Mokokchung,237,0
Nagaland,Mon,20477,9
Nagaland,Phek,6819,0
Nagaland,Tuensang,1154,0
Nagaland,Wokha,6,0
Nagaland,Zunheboto,2,10
Odisha,Balangir,1,43
Odisha,Baleswar,5,1766
Odisha,Bargarh,23,44
Odisha,Bhadrak,122,313
Odisha,Cuttack,35,77
Odisha,Dhenkanal,3,2
Odisha,Gajapati,1,1
Odisha,Ganjam,16,91
Odisha,Jagatsinghapur,7,10
Odisha,Jajapur,58,9
Odisha,Kalahandi,1,1
Odisha,Kandhamal,11,1
Odisha,Kendrapara,99,35
Odisha,Kendujhar,2,122
Odisha,Khorda,3,3
Odisha,Khordha,1,12
Odisha,Koraput,1,2
Odisha,Mayurbhanj,15,2
Odisha,Nabarangapur,5,4
Odisha,Nayagarh,1,0
Odisha,Puri,47,23
Odisha,Rayagada,0,40
Odisha,Sambalpur,0,4
Odisha,Sonapur,23,23
Odisha,Sundergarh,6,33
Others,Others,5,59
Puducherry,Karaikal,1,0
Puducherry,Pondicherry,65,5
Puducherry,Puducherry,35,17
Puducherry,Yanam,0,3
Punjab,Amritsar,182,78
Punjab,Barnala,30,60
Punjab,Bathinda,25,92
Punjab,Faridkot,24,96
Punjab,Fatehgarh Sahib,14,28
Punjab,Fazilka,15,106
Punjab,Ferozepur,18,186
Punjab,Gurdaspur,67,219
Punjab,Hoshiarpur,350,107
Punjab,Jalandhar,194,152
Punjab,Kapurthala,38,124
Punjab,Ludhiana,28,383
Punjab,Mansa,21,65
Punjab,Moga,14,76
Punjab,Muktsar,0,5
Punjab,Pathankot,37,12
Punjab,Patiala,56,125
Punjab,Rupnagar,29,55
Punjab,SAS Nagar (Mohali),18,95
Punjab,Sangrur,14,127
Punjab,Shaheed Bhagat Singh Nagar,20,18
Punjab,Sri Muktsar Sahib,46,100
Punjab,Tarn Taran,38,28
Rajasthan,Ajmer,46,272
Rajasthan,Alwar,117,324
Rajasthan,Banswara,36,68
Rajasthan,Baran,5,49
Rajasthan,Barmer,64,150
Rajasthan,Bharatpur,60,87
Rajasthan,Bhilwara,140,351
Rajasthan,Bikaner,79,140
Rajasthan,Bundi,43,12
Rajasthan,Chittorgarh,66,85
Rajasthan,Churu,97,214
Rajasthan,Dausa,26,112
Rajasthan,Dholpur,58,73
Rajasthan,Dungarpur,3,45
Rajasthan,Ganganagar,84,362
Rajasthan,Hanumangarh,60,202
Rajasthan,Jaipur,527,604
Rajasthan,Jaisalmer,17,11
Rajasthan,Jalor,92,101
Rajasthan,Jhalawar,4,90
Rajasthan,Jhunjhunu,3,8
Rajasthan,Jhunjhunun,73,119
Rajasthan,Jodhpur,351,292
Rajasthan,Karauli,53,61
Rajasthan,Kota,113,91
Rajasthan,Nagaur,270,340
Rajasthan,Pali,856,440
Rajasthan,Pratapgarh,8,22
Rajasthan,Rajsamand,87,36
Rajasthan,Sawai Madhopur,53,45
Rajasthan,Sikar,98,531
Rajasthan,Sirohi,58,80
Rajasthan,Tonk,42,71
Rajasthan,Udaipur,264,190
Sikkim,East Sikkim,23,6
Sikkim,North Sikkim,5,0
Sikkim,South Sikkim,14,6
Sikkim,West Sikkim,8,6
Tamil Nadu,Ariyalur,26,10
Tamil Nadu,Chennai,66,426
Tamil Nadu,Coimbatore,105,91
Tamil Nadu,Cuddalore,24657,18
Tamil Nadu,Dharmapuri,2578,59
Tamil Nadu,Dindigul,138,38
Tamil Nadu,Erode,5,544
Tamil Nadu,Kancheepuram,479,31
Tamil Nadu,Kanchipuram,3977,10
Tamil Nadu,Kanniyakumari,2,25
Tamil Nadu,Kanyakumari,0,2
Tamil Nadu,Karur,4675,1
Tamil Nadu,Krishnagiri,1398,139
Tamil Nadu,Madurai,2486,30
Tamil Nadu,Nagapattinam,281,7
Tamil Nadu,Namakkal,17326,63
Tamil Nadu,Nilgiris,0,3
Tamil Nadu,Perambalur,0,53
Tamil Nadu,Pudukkottai,33618,7
Tamil Nadu,Ramanathapuram,5,107
Tamil Nadu,Salem,14321,22
Tamil Nadu,Sivaganga,503,2
Tamil Nadu,Thanjavur,41922,64
Tamil Nadu,The Nilgiris,21,59
Tamil Nadu,Theni,655,4
Tamil Nadu,Thiruvarur,0,1
Tamil Nadu,Thoothukkudi,2,28
Tamil Nadu,Tiruchirappalli,37114,24
Tamil Nadu,Tirunelveli,20,142
Tamil Nadu,Tiruppur,210,270
Tamil Nadu,Tiruvallur,18,202
Tamil Nadu,Tiruvannamalai,86,218
Tamil Nadu,Tiruvarur,11101,1
Tamil Nadu,Vellore,134,159
Tamil Nadu,Villupuram,37765,4
Tamil Nadu,Viluppuram,926,78
Tamil Nadu,Virudhunagar,7,23
Tripura,Dhalai,18,9
Tripura,Khowai,19,11
Tripura,North Tripura,1,3
Tripura,South Tripura,0,9
Tripura,West Tripura,14,18
Uttar Pradesh,Agra,2,4
Uttar Pradesh,Aligarh,4,43
Uttar Pradesh,Allahabad,4,13
Uttar Pradesh,Ambedkar Nagar,4,2
Uttar Pradesh,Amethi,6,20
Uttar Pradesh,Amroha,2,0
Uttar Pradesh,Auraiya,1,1
Uttar Pradesh,Azamgarh,11,10
Uttar Pradesh,Baghpat,2,3
Uttar Pradesh,Bahraich,6,17
Uttar Pradesh,Ballia,27,24
Uttar Pradesh,Balrampur,7,4
Uttar Pradesh,Banda,1,1
Uttar Pradesh,Bara Banki,20,19
Uttar Pradesh,Barabanki,0,1
Uttar Pradesh,Bareilly,10,5
Uttar Pradesh,Basti,29,17
Uttar Pradesh,Bijnor,6,4
Uttar Pradesh,Budaun,2,3
Uttar Pradesh,Bulandshahar,0,1
Uttar Pradesh,Bulandshahr,1,3
Uttar Pradesh,Chandauli,8,72
Uttar Pradesh,Chitrakoot,153,19
Uttar Pradesh,Deoria,10,8
Uttar Pradesh,Etah,1,3
Uttar Pradesh,Etawah,94,68
Uttar Pradesh,Faizabad,36,44
Uttar Pradesh,Farrukhabad,1,2
Uttar Pradesh,Fatehpur,7,101
Uttar Pradesh,Firozabad,4,2
Uttar Pradesh,Gautam Buddha Nagar,17,23
Uttar Pradesh,Ghaziabad,61,104
Uttar Pradesh,Ghazipur,8,34
Uttar Pradesh,Gonda,14,52
Uttar Pradesh,Gorakhpur,16,51
Uttar Pradesh,Hardoi,0,18
Uttar Pradesh,Jalaun,0,1
Uttar Pradesh,Jaunpur,9,13
Uttar Pradesh,Jhansi,3,3
Uttar Pradesh,Kannauj,0,2
Uttar Pradesh,Kanpur Dehat,0,2
Uttar Pradesh,Kanpur Nagar,4,5
Uttar Pradesh,Kaushambi,0,1
Uttar Pradesh,Kheri,6,2
Uttar Pradesh,Kushinagar,10,6
Uttar Pradesh,Lucknow,6,14
Uttar Pradesh,Maharajganj,22,62
Uttar Pradesh,Mahoba,6,10
Uttar Pradesh,Mahrajganj,0,1
Uttar Pradesh,Mainpuri,4,12
Uttar Pradesh,Mathura,11,1
Uttar Pradesh,Mau,5,6
Uttar Pradesh,Meerut,1,44
Uttar Pradesh,Mirzapur,4,42
Uttar Pradesh,Moradabad,1,0
Uttar Pradesh,Muzaffarnagar,2,5
Uttar Pradesh,Pilibhit,17,87
Uttar Pradesh,Pratapgarh,3,6
Uttar Pradesh,Rae Bareli,105,128
Uttar Pradesh,Saharanpur,1,6
Uttar Pradesh,Sambhal,1,2
Uttar Pradesh,Sant Kabir Nagar,42,60
Uttar Pradesh,Sant Ravidas Nagar,3,1
Uttar Pradesh,Sant Ravidas Nagar Bhadohi,0,3
Uttar Pradesh,Shahjahanpur,1,5
Uttar Pradesh,Shamli,0,1
Uttar Pradesh,Shrawasti,221,210
Uttar Pradesh,Siddharthnagar,5,5
Uttar Pradesh,Sitapur,1,9
Uttar Pradesh,Sonbhadra,16,10
Uttar Pradesh,Sultanpur,3,8
Uttar Pradesh,Unnao,2,6
Uttar Pradesh,Varanasi,7,42
Uttarakhand,Almora,1,4
Uttarakhand,Bageshwar,371,20
Uttarakhand,Chamoli,1,2
Uttarakhand,Champawat,4,52
Uttarakhand,Dehradun,21,61
Uttarakhand,Garhwal,0,2
Uttarakhand,Hardwar,0,1
Uttarakhand,Haridwar,0,134
Uttarakhand,Nainital,2,8
Uttarakhand,Pauri Garhwal,1,4
Uttarakhand,Pithoragarh,1,3
Uttarakhand,Rudraprayag,0,2
Uttarakhand,Tehri Garhwal,15,8
Uttarakhand,Udham Singh Nagar,25,16
West Bengal,Bally Jagachha,2,0
West Bengal,Bankura,2,2
West Bengal,Barddhaman,2,3
West Bengal,Bardhaman,3,2
West Bengal,Birbhum,2,2
West Bengal,Cooch Behar,31,54
West Bengal,Dakshin Dinajpur,8,78
West Bengal,Darjeeling,70,14
West Bengal,East Midnapore,7,20
West Bengal,Hooghly,925,54
West Bengal,Howrah,26401,172
West Bengal,Jalpaiguri,223,16
West Bengal,Kolkata,40,26
West Bengal,Malda,5,186
West Bengal,Medinipur,0,38
West Bengal,Murshidabad,42,167
West Bengal,Nadia,99,60
West Bengal,North 24 Parganas,8,84
West Bengal,North Dinajpur,0,1
West Bengal,Paschim Medinipur,11,1
West Bengal,Purba Medinipur,5,2
West Bengal,Purulia,0,125
West Bengal,Puruliya,4,3
West Bengal,South 24 Parganas,0,19
West Bengal,South Twenty Four Parganas,3,254
West Bengal,Uttar Dinajpur,3,20
West Bengal,West Midnapore,0,4
