State,District,Aadhaar generated,Enrolment Rejected
Andaman and Nicobar Islands,South Andaman,1,0
Andhra Pradesh,Adilabad,451,235
Andhra Pradesh,Anantapur,6,151
Andhra Pradesh,Ananthapur,885,160
Andhra Pradesh,Chittoor,8330,420
Andhra Pradesh,Cuddapah,242,745
Andhra Pradesh,East Godavari,359,1656
Andhra Pradesh,Guntur,2332,606
Andhra Pradesh,Hyderabad,11121,774
Andhra Pradesh,K.V.Rangareddy,0,184
Andhra Pradesh,K.v. Rangareddy,8235,1748
Andhra Pradesh,Karim Nagar,0,15
Andhra Pradesh,Karimnagar,1488,462
Andhra Pradesh,Khammam,5790,243
Andhra Pradesh,Krishna,9887,680
Andhra Pradesh,Kurnool,7068,19014
Andhra Pradesh,Mahabub Nagar,882,31187
Andhra Pradesh,Mahabubnagar,850,605
Andhra Pradesh,Mahbubnagar,576,7253
Andhra Pradesh,Medak,4300,604
Andhra Pradesh,Nalgonda,17857,2517
Andhra Pradesh,Nellore,223,2615
Andhra Pradesh,Nizamabad,1379,421
Andhra Pradesh,Prakasam,1373,414
Andhra Pradesh,Srikakulam,65,7018
Andhra Pradesh,Visakhapatnam,202,1898
Andhra Pradesh,Vizianagaram,12115,3031
Andhra Pradesh,Warangal,1413,1522
Andhra Pradesh,West Godavari,1447,1267
Arunachal Pradesh,Lohit,0,1
Assam,Barpeta,1,0
Assam,Bongaigaon,0,1
Assam,Cachar,1,0
Assam,Chirang,2,0
Assam,Dhemaji,1,0
Assam,Dhubri,1,1
Assam,Dibrugarh,2,0
Assam,Goalpara,0,1
Assam,Golaghat,1,0
Assam,Hailakandi,3,1
Assam,Jorhat,1,3
Assam,Kamrup,4,2
Assam,Kamrup Metro,1,0
Assam,Karbi Anglong,2,0
Assam,Karimganj,1,0
Assam,Lakhimpur,4,0
Assam,Marigaon,0,1
Assam,Nagaon,6,0
Assam,Nalbari,1,1
Assam,North Cachar Hills,1,0
Assam,Sibsagar,1,0
Assam,Sonitpur,6,0
Assam,Tinsukia,5,0
Assam,Udalguri,4,0
Bihar,Araria,9,2
Bihar,Arwal,1756,33
Bihar,Aurangabad,10,7
Bihar,Aurangabad(BH),0,4
Bihar,Banka,29,4
Bihar,Begusarai,26,9
Bihar,Bhagalpur,42,6
Bihar,Bhojpur,45,19
Bihar,Buxar,15,9
Bihar,Darbhanga,148,87
Bihar,East Champaran,200,11
Bihar,Gaya,53,7
Bihar,Gopalganj,131,14
Bihar,Jamui,56,5
Bihar,Jehanabad,10,6
Bihar,Kaimur (Bhabua),22,7
Bihar,Katihar,24,3
Bihar,Khagaria,14,4
Bihar,Kishanganj,10,8
Bihar,Lakhisarai,17,1
Bihar,Madhepura,15,1
Bihar,Madhubani,69,14
Bihar,Munger,25,7
Bihar,Muzaffarpur,69,15
Bihar,Nalanda,1501,33
Bihar,Nawada,29,1
Bihar,Patna,102,19
Bihar,Purnia,18,3
Bihar,Rohtas,89,39
Bihar,Saharsa,23,23
Bihar,Samastipur,53,10
Bihar,Saran,58,11
Bihar,Sheikhpura,73,8
Bihar,Sheohar,70,14
Bihar,Sitamarhi,43,9
Bihar,Siwan,53,14
Bihar,Supaul,21,6
Bihar,Vaishali,811,61
Bihar,West Champaran,37,7
Chandigarh,Chandigarh,96,215
Chhattisgarh,Balod,1,14
Chhattisgarh,Bastar,244,0
Chhattisgarh,Bemetara,7,7
Chhattisgarh,Bilaspur,0,5
Chhattisgarh,Dhamtari,346,574
Chhattisgarh,Durg,2,1024
Chhattisgarh,Janjgir-champa,160,0
Chhattisgarh,Jashpur,11,0
Chhattisgarh,Korba,1,50
Chhattisgarh,Koriya,441,48
Chhattisgarh,Mahasamund,14,1
Chhattisgarh,Mungeli ,1,0
Chhattisgarh,Raigarh,8,19
Chhattisgarh,Raipur,2,0
Chhattisgarh,Rajnandgaon,3,0
Chhattisgarh,Surajpur ,1,1
Chhattisgarh,Surguja,3,3
Dadra and Nagar Haveli,Dadra and Nagar Haveli,70,73
Daman and Diu,Daman,5,12
Daman and Diu,Diu,4,14
Delhi,Central Delhi,225,3940
Delhi,East Delhi,2368,40939
Delhi,Najafgarh,26,1104
Delhi,New Delhi,5,36
Delhi,North Delhi,609,12320
Delhi,North East,677,66352
Delhi,North East Delhi,70,1579
Delhi,North West Delhi,1307,124606
Delhi,South Delhi,2915,47612
Delhi,South West Delhi,262,7786
Delhi,West Delhi,584,7141
Goa,Bardez,0,7
Goa,North Goa,70,5260
Goa,South Goa,26,2207
Gujarat,Ahmadabad,1,4
Gujarat,Ahmedabad,1296,204
Gujarat,Amreli,6,9
Gujarat,Anand,537,36
Gujarat,Banaskantha,265,47
Gujarat,Bharuch,171,17
Gujarat,Bhavnagar,235,40
Gujarat,Dahod,41,1
Gujarat,Dohad,243,14
Gujarat,Gandhinagar,193,46
Gujarat,Jamnagar,101,173
Gujarat,Junagadh,453,38
Gujarat,Kachchh,194,82
Gujarat,Kheda,301,30
Gujarat,Mahesana,744,98
Gujarat,Narmada,50,19
Gujarat,Navsari,173,24
Gujarat,Panchmahals,294,118
Gujarat,Patan,222,22
Gujarat,Porbandar,5,17
Gujarat,Rajkot,627,191
Gujarat,Sabarkantha,295,36
Gujarat,Surat,849,154
Gujarat,Surendra Nagar,357,17
Gujarat,Tapi,43,9
Gujarat,The Dangs,9,1
Gujarat,Vadodara,273,39
Gujarat,Valsad,590,63
Haryana,Ambala,170,1208
Haryana,Bhiwani,1029,57
Haryana,Faridabad,397,270
Haryana,Fatehabad,580,16
Haryana,Gurgaon,1066,332
Haryana,Hisar,657,93
Haryana,Jhajjar,1274,55
Haryana,Jind,674,46
Haryana,Kaithal,433,60
Haryana,Karnal,2581,213
Haryana,Kurukshetra,211,152
Haryana,Mahendragarh,709,39
Haryana,Mewat,55,6
Haryana,Palwal,37,114
Haryana,Panchkula,33,67
Haryana,Panipat,2108,180
Haryana,Rewari,1129,56
Haryana,Rohtak,221,86
Haryana,Sirsa,1791,99
Haryana,Sonipat,202,1961
Haryana,Yamuna Nagar,557,45
Himachal Pradesh,Bilaspur,83,85
Himachal Pradesh,Bilaspur ,0,1
Himachal Pradesh,Chamba,796,164
Himachal Pradesh,Hamirpur,51,43
Himachal Pradesh,Kangra,722,341
Himachal Pradesh,Kinnaur,260,5
Himachal Pradesh,Kullu,344,52
Himachal Pradesh,Lahul and Spiti,12,0
Himachal Pradesh,Mandi,99,124
Himachal Pradesh,Shimla,1032,50
Himachal Pradesh,Sirmaur,554,48
Himachal Pradesh,Solan,2519,87
Himachal Pradesh,Una,37,25
Jammu and Kashmir,Anantnag,56,2
Jammu and Kashmir,Badgam,1,0
Jammu and Kashmir,Baramula,1,1
Jammu and Kashmir,Doda,384,6
Jammu and Kashmir,Jammu,196,12
Jammu and Kashmir,Kargil,3,1
Jammu and Kashmir,Kathua,784,100
Jammu and Kashmir,Leh,25,1
Jammu and Kashmir,Pulwama,277,2
Jammu and Kashmir,Punch,2,1
Jammu and Kashmir,Rajouri,5,1
Jammu and Kashmir,Srinagar,6,1
Jammu and Kashmir,Udhampur,5,2
Jharkhand,Bokaro,445,479
Jharkhand,Chatra,192,82
Jharkhand,Deoghar,1452,311
Jharkhand,Dhanbad,264,463
Jharkhand,Dumka,414,217
Jharkhand,East Singhbhum,2108,179
Jharkhand,Garhwa,225,120
Jharkhand,Giridih,361,239
Jharkhand,Godda,2279,210
Jharkhand,Gumla,436,90
Jharkhand,Hazaribag,0,4
Jharkhand,Hazaribagh,543,285
Jharkhand,Jamtara,123,27
Jharkhand,Khunti,135,58
Jharkhand,Kodarma,0,2
Jharkhand,Koderma,126,37
Jharkhand,Latehar,1632,59
Jharkhand,Lohardaga,153,96
Jharkhand,Pakaur,1,0
Jharkhand,Pakur,1181,55
Jharkhand,Palamau,0,9
Jharkhand,Palamu,495,116
Jharkhand,Ramgarh,190,108
Jharkhand,Ranchi,282,711
Jharkhand,Sahebganj,3503,60
Jharkhand,Seraikela-Kharsawan,485,160
Jharkhand,Simdega,156,49
Jharkhand,West Singhbhum,2985,111
Karnataka,Bagalkot,282,227
Karnataka,Bangalore,2490,1189
Karnataka,Bangalore Rural,273,1031
Karnataka,Belgaum,537,324
Karnataka,Bellary,1436,86
Karnataka,Bidar,57,61
Karnataka,Bijapur,60,109
Karnataka,Bijapur(KAR),8,151
Karnataka,Chamrajanagar,45,41
Karnataka,Chickmagalur,402,53
Karnataka,Chikkaballapur,15,2016
Karnataka,Chitradurga,1421,660
Karnataka,Dakshina Kannada,117,665
Karnataka,Davangere,2434,804
Karnataka,Dharwad,364,110
Karnataka,Gadag,31,687
Karnataka,Gulbarga,6274,162
Karnataka,Hassan,635,51
Karnataka,Haveri,94,766
Karnataka,Kodagu,15,263
Karnataka,Kolar,343,834
Karnataka,Koppal,185,55
Karnataka,Mandya,32668,1394
Karnataka,Mysore,94,338
Karnataka,Raichur,135,67
Karnataka,Ramanagar,78,96
Karnataka,Shimoga,554,80
Karnataka,Tumkur,134,230
Karnataka,Udupi,110,152
Karnataka,Uttara Kannada,65,596
Karnataka,Yadgir,1561,3026
Kerala,Alappuzha,149,3713
Kerala,Ernakulam,201,12651
Kerala,Idukki,29,1569
Kerala,Kannur,173,11149
Kerala,Kasaragod,28,1060
Kerala,Kasargod,1,1806
Kerala,Kollam,225,7655
Kerala,Kottayam,788,4924
Kerala,Kozhikode,170,7238
Kerala,Malappuram,489,1737
Kerala,Palakkad,364,6372
Kerala,Pathanamthitta,124,10109
Kerala,Thiruvananthapuram,248,14902
Kerala,Thrissur,274,9510
Kerala,Wayanad,21,328
Lakshadweep,Lakshadweep,0,3
Madhya Pradesh,Alirajpur,19,43
Madhya Pradesh,Anuppur,501,20
Madhya Pradesh,Ashok Nagar,203,17
Madhya Pradesh,Balaghat,2748,77
Madhya Pradesh,Barwani,12,79
Madhya Pradesh,Betul,605,100
Madhya Pradesh,Bhind,360,64
Madhya Pradesh,Bhopal,459,666
Madhya Pradesh,Burhanpur,299,83
Madhya Pradesh,Chhatarpur,470,130
Madhya Pradesh,Chhindwara,1002,162
Madhya Pradesh,Damoh,532,58
Madhya Pradesh,Datia,183,37
Madhya Pradesh,Dewas,33,96
Madhya Pradesh,Dhar,278,226
Madhya Pradesh,Dindori,231,37
Madhya Pradesh,Guna,652,106
Madhya Pradesh,Gwalior,567,524
Madhya Pradesh,Harda,56,82
Madhya Pradesh,Hoshangabad,89,246
Madhya Pradesh,Indore,48,1004
Madhya Pradesh,Jabalpur,269,353
Madhya Pradesh,Jhabua,407,112
Madhya Pradesh,Katni,179,22
Madhya Pradesh,Khandwa,98,241
Madhya Pradesh,Khargone,411,92
Madhya Pradesh,Mandla,336,118
Madhya Pradesh,Mandsaur,1153,114
Madhya Pradesh,Morena,798,53
Madhya Pradesh,Narsinghpur,8414,451
Madhya Pradesh,Neemuch,15,68
Madhya Pradesh,Panna,951,56
Madhya Pradesh,Raisen,1781,116
Madhya Pradesh,Rajgarh,96,77
Madhya Pradesh,Ratlam,473,71
Madhya Pradesh,Rewa,1173,179
Madhya Pradesh,Sagar,144,143
Madhya Pradesh,Satna,402,221
Madhya Pradesh,Sehore,397,69
Madhya Pradesh,Seoni,143,87
Madhya Pradesh,Shahdol,619,38
Madhya Pradesh,Shajapur,15,67
Madhya Pradesh,Sheopur,22,4
Madhya Pradesh,Shivpuri,1254,45
Madhya Pradesh,Sidhi,276,105
Madhya Pradesh,Singrauli,509,26
Madhya Pradesh,Tikamgarh,1134,57
Madhya Pradesh,Ujjain,387,134
Madhya Pradesh,Umaria,126,31
Madhya Pradesh,Vidisha,67,89
Maharashtra,Ahmadnagar,386,267
Maharashtra,Ahmed Nagar,1,999
Maharashtra,Akola,107,184
Maharashtra,Amravati,117,3018
Maharashtra,Aurangabad,510,9106
Maharashtra,Beed,534,122
Maharashtra,Bhandara,186,1571
Maharashtra,Buldhana,649,195
Maharashtra,Chandrapur,260,469
Maharashtra,Dhule,265,269
Maharashtra,Gadchiroli,72,178
Maharashtra,Gondia,2,11
Maharashtra,Gondiya,121,342
Maharashtra,Hingoli,173,177
Maharashtra,Jalgaon,368,464
Maharashtra,Jalna,218,1404
Maharashtra,Kolhapur,315,396
Maharashtra,Latur,320,610
Maharashtra,Mumbai,1672,1117
Maharashtra,Mumbai City,0,7
Maharashtra,Mumbai( Sub Urban ),0,3
Maharashtra,Nagpur,512,1146
Maharashtra,Nanded,436,76
Maharashtra,Nandurbar,293,165
Maharashtra,Nashik,566,3322
Maharashtra,Osmanabad,309,1296
Maharashtra,Parbhani,675,148
Maharashtra,Pune,2528,3976
Maharashtra,Raigarh,194,48
Maharashtra,Raigarh(MH),1,22
Maharashtra,Ratnagiri,8047,577
Maharashtra,Sangli,590,371
Maharashtra,Satara,583,169
Maharashtra,Sindhudurg,54,33
Maharashtra,Solapur,289,7050
Maharashtra,Thane,1388,7058
Maharashtra,Wardha,32,1293
Maharashtra,Washim,127,32
Maharashtra,Yavatmal,212,112
Manipur,Bishnupur,0,1
Manipur,Chandel,4,0
Manipur,Churachandpur,2,3
Manipur,Imphal East,26,0
Manipur,Imphal West,368,2
Manipur,Senapati,1,1
Manipur,Tamenglong,5,0
Meghalaya,East Khasi Hills,2,3
Mizoram,Aizawl,3,0
Nagaland,Dimapur,0,16
Nagaland,Kohima,1,1
Nagaland,Mokokchung,1,2
Nagaland,Mon,3,2
Nagaland,Phek,1,3
Nagaland,Tuensang,0,8
Nagaland,Wokha,0,2
Nagaland,Zunheboto,0,1
Odisha,Angul,3,1
Odisha,Anugul,1,44
Odisha,Balangir,42,60
Odisha,Baleswar,23,7574
Odisha,Bargarh,1187,1346
Odisha,Bhadrak,45,6935
Odisha,Cuttack,36,4924
Odisha,Debagarh,1,0
Odisha,Dhenkanal,1104,422
Odisha,Gajapati,8,1
Odisha,Ganjam,263,843
Odisha,Jagatsinghapur,71,1788
Odisha,Jajapur,4187,3980
Odisha,Jharsuguda,2,1
Odisha,Kalahandi,3,1
Odisha,Kandhamal,41,364
Odisha,Kendrapara,2899,348
Odisha,Kendujhar,238,3659
Odisha,Khorda,7,9
Odisha,Khordha,23,4313
Odisha,Koraput,24,2636
Odisha,Mayurbhanj,168,38
Odisha,Nabarangapur,75,1
Odisha,Nayagarh,2337,221
Odisha,Nuapada,2,2
Odisha,Puri,56,817
Odisha,Rayagada,2,721
Odisha,Sambalpur,5,74
Odisha,Sonapur,253,627
Odisha,Sundergarh,1174,488
Others,Others,7,7808
Puducherry,Karaikal,10,19
Puducherry,Pondicherry,0,6585
Puducherry,Puducherry,64,215
Puducherry,Yanam,3,87
Punjab,Amritsar,1225,256
Punjab,Barnala,14,108
Punjab,Bathinda,68,237
Punjab,Faridkot,9,57
Punjab,Fatehgarh Sahib,4,106
Punjab,Fazilka,88,217
Punjab,Ferozepur,62,94
Punjab,Gurdaspur,202,262
Punjab,Hoshiarpur,852,170
Punjab,Jalandhar,264,333
Punjab,Kapurthala,478,148
Punjab,Ludhiana,332,641
Punjab,Mansa,76,39
Punjab,Moga,27,110
Punjab,Muktsar,4,9
Punjab,Nawanshahr,1,1
Punjab,Pathankot,166,110
Punjab,Patiala,116,409
Punjab,Rupnagar,677,73
Punjab,SAS Nagar (Mohali),84,130
Punjab,Sangrur,242,282
Punjab,Shaheed Bhagat Singh Nagar,19,247
Punjab,Sri Muktsar Sahib,138,188
Punjab,Tarn Taran,230,54
Rajasthan,Ajmer,89,5496
Rajasthan,Alwar,599,714
Rajasthan,Banswara,337,83
Rajasthan,Baran,388,258
Rajasthan,Barmer,347,216
Rajasthan,Bharatpur,2401,153
Rajasthan,Bhilwara,411,137
Rajasthan,Bikaner,777,203
Rajasthan,Bundi,46,94
Rajasthan,Chittorgarh,323,110
Rajasthan,Churu,734,224
Rajasthan,Dausa,422,290
Rajasthan,Dholpur,557,48
Rajasthan,Dungarpur,376,58
Rajasthan,Ganganagar,436,158
Rajasthan,Hanumangarh,665,120
Rajasthan,Jaipur,1957,768
Rajasthan,Jaisalmer,434,7
Rajasthan,Jalor,174,172
Rajasthan,Jhalawar,62,134
Rajasthan,Jhunjhunu,25,54
Rajasthan,Jhunjhunun,449,291
Rajasthan,Jodhpur,967,149
Rajasthan,Karauli,338,75
Rajasthan,Kota,339,607
Rajasthan,Nagaur,590,198
Rajasthan,Pali,1411,353
Rajasthan,Pratapgarh,77,22
Rajasthan,Rajsamand,116,183
Rajasthan,Sawai Madhopur,405,80
Rajasthan,Sikar,1333,213
Rajasthan,Sirohi,593,235
Rajasthan,Tonk,342,153
Rajasthan,Udaipur,666,1299
Sikkim,East Sikkim,7,15
Sikkim,North Sikkim,1,2
Sikkim,South Sikkim,3,3
Sikkim,West Sikkim,0,1
Tamil Nadu,Ariyalur,2,90
Tamil Nadu,Chennai,1122,595
Tamil Nadu,Coimbatore,1969,1193
Tamil Nadu,Cuddalore,10975,5133
Tamil Nadu,Dharmapuri,280,68
Tamil Nadu,Dindigul,341,313
Tamil Nadu,Erode,297,4654
Tamil Nadu,Kancheepuram,203,481
Tamil Nadu,Kanchipuram,275,25
Tamil Nadu,Kanniyakumari,709,182
Tamil Nadu,Kanyakumari,1,7
Tamil Nadu,Karur,2254,560
Tamil Nadu,Krishnagiri,61,349
Tamil Nadu,Madurai,366,915
Tamil Nadu,Nagapattinam,78,443
Tamil Nadu,Namakkal,99,709
Tamil Nadu,Nilgiris,2,6
Tamil Nadu,Perambalur,11,623
Tamil Nadu,Pudukkottai,1534,317
Tamil Nadu,Ramanathapuram,420,335
Tamil Nadu,Salem,34490,2536
Tamil Nadu,Sivaganga,3086,123
Tamil Nadu,Thanjavur,565,2505
Tamil Nadu,The Nilgiris,340,11
Tamil Nadu,Theni,568,1485
Tamil Nadu,Thiruvarur,2,115
Tamil Nadu,Thoothukkudi,1709,3509
Tamil Nadu,Tiruchirappalli,915,884
Tamil Nadu,Tirunelveli,1014,850
Tamil Nadu,Tiruppur,314,1681
Tamil Nadu,Tiruvallur,708,363
Tamil Nadu,Tiruvannamalai,25463,5087
Tamil Nadu,Tiruvarur,25,7
Tamil Nadu,Vellore,8364,773
Tamil Nadu,Villupuram,809,578
Tamil Nadu,Viluppuram,1476,1697
Tamil Nadu,Virudhunagar,1073,931
Tripura,Dhalai,75,24
Tripura,Khowai,22,52
Tripura,North Tripura,33,37
Tripura,Sepahijala,1,1
Tripura,South Tripura,2,49
Tripura,West Tripura,71,40
Uttar Pradesh,Agra,47,33
Uttar Pradesh,Aligarh,35,29
Uttar Pradesh,Allahabad,2449,27
Uttar Pradesh,Ambedkar Nagar,43,5
Uttar Pradesh,Amethi,521,30
Uttar Pradesh,Amroha,14,0
Uttar Pradesh,Auraiya,29,33
Uttar Pradesh,Azamgarh,158,49
Uttar Pradesh,Baghpat,14,3
Uttar Pradesh,Bagpat,1,0
Uttar Pradesh,Bahraich,14,3
Uttar Pradesh,Ballia,258,145
Uttar Pradesh,Balrampur,192,1
Uttar Pradesh,Banda,79,4
Uttar Pradesh,Bara Banki,39,62
Uttar Pradesh,Barabanki,2,4
Uttar Pradesh,Bareilly,362,50
Uttar Pradesh,Basti,22,15
Uttar Pradesh,Bijnor,57,26
Uttar Pradesh,Budaun,14,0
Uttar Pradesh,Bulandshahar,0,1
Uttar Pradesh,Bulandshahr,34,8
Uttar Pradesh,Chandauli,118,132
Uttar Pradesh,Chitrakoot,587,18
Uttar Pradesh,Deoria,98,104
Uttar Pradesh,Etah,11,5
Uttar Pradesh,Etawah,505,295
Uttar Pradesh,Faizabad,358,44
Uttar Pradesh,Farrukhabad,258,1
Uttar Pradesh,Fatehpur,479,7
Uttar Pradesh,Firozabad,12,20
Uttar Pradesh,Gautam Buddha Nagar,122,29
Uttar Pradesh,Ghaziabad,364,125
Uttar Pradesh,Ghazipur,80,109
Uttar Pradesh,Gonda,344,12
Uttar Pradesh,Gorakhpur,62,29
Uttar Pradesh,Hamirpur,3,2
Uttar Pradesh,Hardoi,21,43
Uttar Pradesh,Hathras,19,2
Uttar Pradesh,Jalaun,8,1
Uttar Pradesh,Jaunpur,66,10
Uttar Pradesh,Jhansi,43,19
Uttar Pradesh,Kannauj,13,1
Uttar Pradesh,Kanpur Dehat,13,4
Uttar Pradesh,Kanpur Nagar,20,103
Uttar Pradesh,Kasganj,6,0
Uttar Pradesh,Kaushambi,115,13
Uttar Pradesh,Kheri,7,2
Uttar Pradesh,Kushinagar,52,5
Uttar Pradesh,Lalitpur,2,1
Uttar Pradesh,Lucknow,14,132
Uttar Pradesh,Maharajganj,227,7
Uttar Pradesh,Mahoba,82,186
Uttar Pradesh,Mahrajganj,0,1
Uttar Pradesh,Mainpuri,16,278
Uttar Pradesh,Mathura,19,27
Uttar Pradesh,Mau,30,5
Uttar Pradesh,Meerut,27,18
Uttar Pradesh,Mirzapur,26,4
Uttar Pradesh,Moradabad,13,4
Uttar Pradesh,Muzaffarnagar,11,5
Uttar Pradesh,Pilibhit,659,215
Uttar Pradesh,Pratapgarh,332,43
Uttar Pradesh,Rae Bareli,1229,225
Uttar Pradesh,Raebareli,0,50
Uttar Pradesh,Rampur,14,0
Uttar Pradesh,Saharanpur,65,17
Uttar Pradesh,Sambhal,10,0
Uttar Pradesh,Sant Kabir Nagar,564,19
Uttar Pradesh,Sant Ravidas Nagar,289,41
Uttar Pradesh,Sant Ravidas Nagar Bhadohi,2,0
Uttar Pradesh,Shahjahanpur,165,17
Uttar Pradesh,Shamli,9,1
Uttar Pradesh,Shrawasti,1440,39
Uttar Pradesh,Siddharthnagar,28,0
Uttar Pradesh,Sitapur,6,36
Uttar Pradesh,Sonbhadra,372,52
Uttar Pradesh,Sultanpur,31,9
Uttar Pradesh,Unnao,13,20
Uttar Pradesh,Varanasi,200,149
Uttarakhand,Almora,20,6
Uttarakhand,Bageshwar,214,27
Uttarakhand,Chamoli,10,2
Uttarakhand,Champawat,377,57
Uttarakhand,Dehradun,48,154
Uttarakhand,Hardwar,0,2
Uttarakhand,Haridwar,53,35
Uttarakhand,Nainital,16,5
Uttarakhand,Pauri Garhwal,24,5
Uttarakhand,Pithoragarh,18,8
Uttarakhand,Rudraprayag,6,2
Uttarakhand,Tehri Garhwal,231,24
Uttarakhand,Udham Singh Nagar,37,88
Uttarakhand,Uttarkashi,7,0
West Bengal,Bankura,540,41
West Bengal,Barddhaman,2320,1133
West Bengal,Bardhaman,2805,573
West Bengal,Birbhum,4163,2072
West Bengal,Cooch Behar,14,292
West Bengal,Dakshin Dinajpur,46,498
West Bengal,Darjeeling,22,81
West Bengal,East Midnapore,3375,2329
West Bengal,Hooghly,7730,100
West Bengal,Howrah,647,374
West Bengal,Jalpaiguri,7,559
West Bengal,Kolkata,579,2355
West Bengal,Malda,60,163
West Bengal,Medinipur,1116,2562
West Bengal,Murshidabad,63,318
West Bengal,Nadia,1320,165
West Bengal,North 24 Parganas,3787,2395
West Bengal,North Dinajpur,0,12
West Bengal,Paschim Medinipur,22,4
West Bengal,Purba Medinipur,117,2
West Bengal,Purulia,1,12
West Bengal,Puruliya,19,6
West Bengal,South 24 Parganas,6380,74
West Bengal,South Twenty Four Parganas,8,715
West Bengal,Uttar Dinajpur,29,33
West Bengal,West Midnapore,582,702
