State,District,Aadhaar generated,Enrolment Rejected
Andhra Pradesh,Adilabad,461,54
Andhra Pradesh,Ananthapur,3934,286
Andhra Pradesh,Chittoor,1077,260
Andhra Pradesh,Cuddapah,1424,91
Andhra Pradesh,East Godavari,3723,144
Andhra Pradesh,Guntur,1961,126
Andhra Pradesh,Hyderabad,1457,141
Andhra Pradesh,Karimnagar,2526,104
Andhra Pradesh,Khammam,1369,93
Andhra Pradesh,Krishna,978,80
Andhra Pradesh,Kurnool,3401,528
Andhra Pradesh,Mahbubnagar,1214,529
Andhra Pradesh,Medak,1764,309
Andhra Pradesh,Nalgonda,1475,100
Andhra Pradesh,Nellore,1722,336
Andhra Pradesh,Nizamabad,896,300
Andhra Pradesh,Prakasam,5189,160
Andhra Pradesh,Ranga Reddy,2231,177
Andhra Pradesh,Srikakulam,2708,87
Andhra Pradesh,Visakhapatnam,978,418
Andhra Pradesh,Vizianagaram,12871,1235
Andhra Pradesh,Warangal,1258,203
Andhra Pradesh,West Godavari,5111,170
Arunachal Pradesh,Papum Pare,2,0
Arunachal Pradesh,Tirap,1,0
Arunachal Pradesh,West Kameng,5,1
Assam,Baksa,3,0
Assam,Barpeta,4,0
Assam,Bongaigaon,1,0
Assam,Cachar,2,1
Assam,Chirang,2,0
Assam,Dhubri,2,1
Assam,Dibrugarh,0,2
Assam,Hailakandi,1,0
Assam,Jorhat,2,2
Assam,Kamrup,1,3
Assam,Karimganj,4,0
Assam,Lakhimpur,1,0
Assam,Marigaon,1,0
Assam,Nagaon,4,0
Assam,Sibsagar,1,0
Assam,Sonitpur,1,5
Assam,Udalguri,1,0
Bihar,Araria,72,73
Bihar,Arwal,4,3
Bihar,Aurangabad,252,235
Bihar,Banka,1106,21
Bihar,Begusarai,1102,79
Bihar,Bhagalpur,137,562
Bihar,Bhojpur,107,364
Bihar,Buxar,28,5
Bihar,Darbhanga,1298,223
Bihar,East Champaran,549,113
Bihar,Gaya,78,13
Bihar,Gopalganj,1649,259
Bihar,Jamui,176,21
Bihar,Jehanabad,14,0
Bihar,Kaimur (Bhabua),30,0
Bihar,Katihar,2077,761
Bihar,Khagaria,65,3
Bihar,Kishanganj,748,728
Bihar,Lakhisarai,267,238
Bihar,Madhepura,14,0
Bihar,Madhubani,1663,169
Bihar,Munger,205,21
Bihar,Muzaffarpur,612,107
Bihar,Nalanda,345,236
Bihar,Nawada,21,4
Bihar,Patna,1475,2319
Bihar,Purnia,123,137
Bihar,Rohtas,25,11
Bihar,Saharsa,557,227
Bihar,Samastipur,44,6
Bihar,Saran,109,50
Bihar,Sheikhpura,14,9
Bihar,Sheohar,9,13
Bihar,Sitamarhi,70,16
Bihar,Siwan,221,36
Bihar,Supaul,549,147
Bihar,Vaishali,440,71
Bihar,West Champaran,75,77
Chandigarh,Chandigarh,239,63
Chhattisgarh,Balod,224,23
Chhattisgarh,Baloda Bazar,284,40
Chhattisgarh,Bastar,9,4
Chhattisgarh,Bemetara,105,3
Chhattisgarh,Bijapur,1,0
Chhattisgarh,Bilaspur,2652,69
Chhattisgarh,Dhamtari,4,6
Chhattisgarh,Durg,467,15
Chhattisgarh,Gariyaband,21,1
Chhattisgarh,Janjgir Champa,407,26
Chhattisgarh,Jashpur,18,53
Chhattisgarh,Kanker,3,0
Chhattisgarh,Korba,10,62
Chhattisgarh,Koriya,3,4
Chhattisgarh,Mahasamund,515,186
Chhattisgarh,Mungeli,34,44
Chhattisgarh,Narayanpur,1,0
Chhattisgarh,Raigarh,1380,287
Chhattisgarh,Raipur,728,170
Chhattisgarh,Rajnandgaon,184,2
Chhattisgarh,Surajpur,214,11
Dadra and Nagar Haveli,Dadra and Nagar Haveli,19,5
Daman and Diu,Daman,6,1
Daman and Diu,Diu,0,2
Delhi,Central Delhi,36,50
Delhi,East Delhi,114,114
Delhi,Najafgarh,0,1
Delhi,New Delhi,10,9
Delhi,North Delhi,25,35
Delhi,North East,1,11
Delhi,North East Delhi,197,327
Delhi,North West Delhi,224,271
Delhi,South Delhi,216,326
Delhi,South West Delhi,210,111
Delhi,West Delhi,317,206
Goa,North Goa,11,13
Goa,South Goa,41,6
Gujarat,Ahmedabad,1890,824
Gujarat,Amreli,1170,135
Gujarat,Anand,2433,520
Gujarat,Banaskantha,350,340
Gujarat,Bharuch,254,134
Gujarat,Bhavnagar,2542,387
Gujarat,Dahod,45,170
Gujarat,Gandhinagar,2051,99
Gujarat,Jamnagar,699,116
Gujarat,Junagadh,702,267
Gujarat,Kachchh,1051,142
Gujarat,Kheda,664,314
Gujarat,Mahesana,501,165
Gujarat,Narmada,108,72
Gujarat,Navsari,1424,187
Gujarat,Panchmahal,184,237
Gujarat,Patan,6897,138
Gujarat,Porbandar,15,16
Gujarat,Rajkot,143,203
Gujarat,Sabarkantha,2962,276
Gujarat,Surat,5493,940
Gujarat,Surendranagar,1146,131
Gujarat,Tapi,230,30
Gujarat,The Dangs,6,4
Gujarat,Vadodara,3633,694
Gujarat,Valsad,1371,179
Haryana,Ambala,108,103
Haryana,Bhiwani,508,178
Haryana,Faridabad,348,406
Haryana,Fatehabad,67,17
Haryana,Gurgaon,191,119
Haryana,Hisar,226,163
Haryana,Jhajjar,23,43
Haryana,Jind,220,77
Haryana,Kaithal,281,117
Haryana,Karnal,227,100
Haryana,Kurukshetra,88,60
Haryana,Mahendragarh,757,93
Haryana,Mewat,97,126
Haryana,Palwal,186,121
Haryana,Panchkula,15,52
Haryana,Panipat,285,45
Haryana,Rewari,26,23
Haryana,Rohtak,61,98
Haryana,Sirsa,165,191
Haryana,Sonipat,137,45
Haryana,Yamuna Nagar,483,382
Himachal Pradesh,Bilaspur,9,7
Himachal Pradesh,Chamba,13,16
Himachal Pradesh,Hamirpur,14,12
Himachal Pradesh,Kangra,112,45
Himachal Pradesh,Kinnaur,38,2
Himachal Pradesh,Kullu,43,9
Himachal Pradesh,Mandi,42,9
Himachal Pradesh,Shimla,42,11
Himachal Pradesh,Sirmaur,25,5
Himachal Pradesh,Solan,104,16
Himachal Pradesh,Una,32,7
Jammu and Kashmir,Anantnag,210,22
Jammu and Kashmir,Badgam,5,6
Jammu and Kashmir,Bandipore,2101,36
Jammu and Kashmir,Baramula,749,25
Jammu and Kashmir,Doda,13,0
Jammu and Kashmir,Jammu,723,15
Jammu and Kashmir,Kathua,825,4
Jammu and Kashmir,Kupwara,274,9
Jammu and Kashmir,Leh,4,1
Jammu and Kashmir,Pulwama,236,4
Jammu and Kashmir,Punch,1,0
Jammu and Kashmir,Rajouri,9,0
Jammu and Kashmir,Reasi,1,8
Jammu and Kashmir,Srinagar,5,0
Jammu and Kashmir,Udhampur,289,5
Jharkhand,Bokaro,29,50
Jharkhand,Chatra,10,212
Jharkhand,Deoghar,66,89
Jharkhand,Dhanbad,1375,309
Jharkhand,Dumka,39,55
Jharkhand,East Singhbhum,17,54
Jharkhand,Garhwa,16,210
Jharkhand,Giridih,60,149
Jharkhand,Godda,21,90
Jharkhand,Gumla,29,220
Jharkhand,Hazaribagh,81,122
Jharkhand,Jamtara,21,27
Jharkhand,Khunti,28,19
Jharkhand,Koderma,21,42
Jharkhand,Latehar,23,344
Jharkhand,Lohardaga,3,18
Jharkhand,Pakur,10,61
Jharkhand,Palamu,14,890
Jharkhand,Ramgarh,6,104
Jharkhand,Ranchi,143,119
Jharkhand,Sahibganj,31,117
Jharkhand,Seraikela-Kharsawan,4,28
Jharkhand,Simdega,92,70
Jharkhand,West Singhbhum,7,25
Karnataka,Bagalkot,122,958
Karnataka,Bangalore,559,485
Karnataka,Bangalore Rural,35,122
Karnataka,Belgaum,43,656
Karnataka,Bellary,18,442
Karnataka,Bidar,21,667
Karnataka,Bijapur,632,220
Karnataka,Bijapur(KAR),0,11
Karnataka,Chamarajanagar,175,103
Karnataka,Chikkaballapur,140,100
Karnataka,Chikmagalur,20,127
Karnataka,Chitradurga,133,215
Karnataka,Dakshina Kannada,91,196
Karnataka,Davangere,57,138
Karnataka,Dharwad,9,72
Karnataka,Gadag,131,105
Karnataka,Gulbarga,1220,1326
Karnataka,Hassan,148,171
Karnataka,Haveri,107,126
Karnataka,Kodagu,111,23
Karnataka,Kolar,130,137
Karnataka,Koppal,114,204
Karnataka,Mandya,62,583
Karnataka,Mysore,13,74
Karnataka,Raichur,847,617
Karnataka,Ramanagar,6,110
Karnataka,Shimoga,15,55
Karnataka,Tumkur,56,56
Karnataka,Udupi,53,38
Karnataka,Uttara Kannada,12,67
Karnataka,Yadgir,72,608
Kerala,Alappuzha,21,55
Kerala,Ernakulam,91,79
Kerala,Idukki,12,32
Kerala,Kannur,334,38
Kerala,Kasaragod,12,11
Kerala,Kollam,42,103
Kerala,Kottayam,69,74
Kerala,Kozhikode,108,85
Kerala,Malappuram,72,60
Kerala,Palakkad,69,61
Kerala,Pathanamthitta,20,35
Kerala,Thiruvananthapuram,87,65
Kerala,Thrissur,31,77
Kerala,Wayanad,21,52
Lakshadweep,Lakshadweep,0,3
Madhya Pradesh,Alirajpur,31,40
Madhya Pradesh,Anuppur,56,53
Madhya Pradesh,Ashok Nagar,70,134
Madhya Pradesh,Balaghat,103,38
Madhya Pradesh,Barwani,886,394
Madhya Pradesh,Betul,787,196
Madhya Pradesh,Bhind,163,97
Madhya Pradesh,Bhopal,191,99
Madhya Pradesh,Burhanpur,70,12
Madhya Pradesh,Chhatarpur,103,158
Madhya Pradesh,Chhindwara,908,289
Madhya Pradesh,Damoh,128,86
Madhya Pradesh,Datia,152,83
Madhya Pradesh,Dewas,200,147
Madhya Pradesh,Dhar,189,150
Madhya Pradesh,Dindori,38,65
Madhya Pradesh,Guna,54,62
Madhya Pradesh,Gwalior,395,156
Madhya Pradesh,Harda,2,4
Madhya Pradesh,Hoshangabad,11,33
Madhya Pradesh,Indore,184,196
Madhya Pradesh,Jabalpur,12,35
Madhya Pradesh,Jhabua,155,69
Madhya Pradesh,Katni,4,23
Madhya Pradesh,Khandwa,36,14
Madhya Pradesh,Khargone,263,157
Madhya Pradesh,Mandla,377,206
Madhya Pradesh,Mandsaur,188,136
Madhya Pradesh,Morena,754,123
Madhya Pradesh,Narsinghpur,259,45
Madhya Pradesh,Neemuch,204,84
Madhya Pradesh,Panna,83,81
Madhya Pradesh,Raisen,297,66
Madhya Pradesh,Rajgarh,971,257
Madhya Pradesh,Ratlam,111,171
Madhya Pradesh,Rewa,15,39
Madhya Pradesh,Sagar,55,125
Madhya Pradesh,Satna,125,107
Madhya Pradesh,Sehore,182,72
Madhya Pradesh,Seoni,74,87
Madhya Pradesh,Shahdol,58,35
Madhya Pradesh,Shajapur,112,133
Madhya Pradesh,Sheopur,493,75
Madhya Pradesh,Shivpuri,867,185
Madhya Pradesh,Sidhi,38,22
Madhya Pradesh,Singrauli,360,56
Madhya Pradesh,Tikamgarh,390,534
Madhya Pradesh,Ujjain,363,281
Madhya Pradesh,Umaria,29,58
Madhya Pradesh,Vidisha,154,164
Maharashtra,Ahmednagar,172,164
Maharashtra,Akola,21,194
Maharashtra,Amravati,33,169
Maharashtra,Aurangabad,238,141
Maharashtra,Beed,796,201
Maharashtra,Bhandara,11,66
Maharashtra,Buldhana,103,295
Maharashtra,Chandrapur,19,84
Maharashtra,Dhule,128,230
Maharashtra,Gadchiroli,646,278
Maharashtra,Gondia,99,38
Maharashtra,Hingoli,161,92
Maharashtra,Jalgaon,64,108
Maharashtra,Jalna,482,252
Maharashtra,Kolhapur,279,241
Maharashtra,Latur,50,87
Maharashtra,Mumbai,158,219
Maharashtra,Nagpur,37,217
Maharashtra,Nanded,820,280
Maharashtra,Nandurbar,61,139
Maharashtra,Nashik,396,477
Maharashtra,Osmanabad,42,99
Maharashtra,Parbhani,474,158
Maharashtra,Pune,437,238
Maharashtra,Raigad,62,244
Maharashtra,Ratnagiri,122,291
Maharashtra,Sangli,105,167
Maharashtra,Satara,68,191
Maharashtra,Sindhudurg,82,57
Maharashtra,Solapur,1478,628
Maharashtra,Thane,500,413
Maharashtra,Wardha,12,23
Maharashtra,Washim,118,190
Maharashtra,Yavatmal,396,503
Manipur,Bishnupur,1,0
Manipur,Churachandpur,69,5
Manipur,Imphal East,9,0
Manipur,Imphal West,31,3
Manipur,Tamenglong,4,2
Manipur,Thoubal,23,5
Meghalaya,East Khasi Hills,1,0
Mizoram,Aizawl,4,6
Mizoram,Lunglei,11,3
Mizoram,Serchhip,0,17
Nagaland,Dimapur,0,2
Nagaland,Mon,0,1
Nagaland,Zunheboto,0,2
Odisha,Angul,3,0
Odisha,Anugul,0,7
Odisha,Balangir,12,10
Odisha,Baleswar,90,30
Odisha,Bargarh,186,12
Odisha,Bhadrak,15,18
Odisha,Boudh,553,7
Odisha,Cuttack,412,688
Odisha,Debagarh,31,2
Odisha,Dhenkanal,3,1
Odisha,Gajapati,521,8
Odisha,Ganjam,5121,27
Odisha,Jagatsinghapur,7,8
Odisha,Jajapur,1,52
Odisha,Jharsuguda,3,1
Odisha,Kalahandi,2887,1
Odisha,Kandhamal,1092,6
Odisha,Kendrapara,5,5
Odisha,Kendujhar,1,23
Odisha,Khorda,386,175
Odisha,Khordha,0,6
Odisha,Koraput,10,10
Odisha,Mayurbhanj,238,52
Odisha,Nabarangapur,129,53
Odisha,Nayagarh,3,4
Odisha,Nuapada,2480,233
Odisha,Puri,151,77
Odisha,Rayagada,410,1
Odisha,Sambalpur,102,27
Odisha,Sonapur,6,70
Odisha,Sundergarh,744,35
Others,Others,0,269
Puducherry,Karaikal,14,20
Puducherry,Puducherry,12,18
Punjab,Amritsar,268,262
Punjab,Barnala,33,20
Punjab,Bathinda,75,104
Punjab,Faridkot,31,21
Punjab,Fatehgarh Sahib,119,182
Punjab,Fazilka,262,202
Punjab,Firozpur,413,120
Punjab,Gurdaspur,251,38
Punjab,Hoshiarpur,195,52
Punjab,Jalandhar,275,92
Punjab,Kapurthala,95,53
Punjab,Ludhiana,987,234
Punjab,Mansa,165,50
Punjab,Moga,204,61
Punjab,Pathankot,36,31
Punjab,Patiala,128,148
Punjab,Rupnagar,31,33
Punjab,SAS Nagar (Mohali),83,82
Punjab,Sangrur,104,110
Punjab,Shaheed Bhagat Singh Nagar,77,22
Punjab,Sri Muktsar Sahib,620,100
Punjab,Tarn Taran,294,199
Rajasthan,Ajmer,13,46
Rajasthan,Alwar,35,92
Rajasthan,Banswara,336,80
Rajasthan,Baran,27,39
Rajasthan,Barmer,70,94
Rajasthan,Bharatpur,66,108
Rajasthan,Bhilwara,245,69
Rajasthan,Bikaner,37,58
Rajasthan,Bundi,7,54
Rajasthan,Chittorgarh,92,159
Rajasthan,Churu,76,31
Rajasthan,Dausa,15,30
Rajasthan,Dholpur,74,50
Rajasthan,Dungarpur,304,111
Rajasthan,Ganganagar,45,82
Rajasthan,Hanumangarh,241,61
Rajasthan,Jaipur,180,163
Rajasthan,Jaisalmer,14,14
Rajasthan,Jalor,16,109
Rajasthan,Jhalawar,28,40
Rajasthan,Jhunjhunu,80,92
Rajasthan,Jodhpur,169,115
Rajasthan,Karauli,31,23
Rajasthan,Kota,32,78
Rajasthan,Nagaur,304,115
Rajasthan,Pali,25,58
Rajasthan,Pratapgarh,208,66
Rajasthan,Rajsamand,39,51
Rajasthan,Sawai Madhopur,249,28
Rajasthan,Sikar,141,72
Rajasthan,Sirohi,4,28
Rajasthan,Tonk,81,60
Rajasthan,Udaipur,19,77
Sikkim,East Sikkim,43,4
Sikkim,North Sikkim,2,1
Sikkim,South Sikkim,26,0
Sikkim,West Sikkim,6,1
Tamil Nadu,Ariyalur,18,143
Tamil Nadu,Chennai,70,127
Tamil Nadu,Coimbatore,118,128
Tamil Nadu,Cuddalore,110,40
Tamil Nadu,Dharmapuri,172,57
Tamil Nadu,Dindigul,58,44
Tamil Nadu,Erode,72,378
Tamil Nadu,Kancheepuram,10,26
Tamil Nadu,Kanyakumari,5,14
Tamil Nadu,Karur,4,19
Tamil Nadu,Krishnagiri,77,48
Tamil Nadu,Madurai,97,333
Tamil Nadu,Nagapattinam,1829,25
Tamil Nadu,Namakkal,1010,19
Tamil Nadu,Perambalur,9,17
Tamil Nadu,Pudukkottai,292,48
Tamil Nadu,Ramanathapuram,180,22
Tamil Nadu,Salem,59,439
Tamil Nadu,Sivaganga,56,33
Tamil Nadu,Thanjavur,75,70
Tamil Nadu,The Nilgiris,447,12
Tamil Nadu,Theni,18,61
Tamil Nadu,Thiruvarur,22,11
Tamil Nadu,Thoothukudi,4,38
Tamil Nadu,Tiruchirappalli,8,29
Tamil Nadu,Tirunelveli,24,122
Tamil Nadu,Tirupur,50,26
Tamil Nadu,Tiruvallur,106,534
Tamil Nadu,Tiruvannamalai,31,64
Tamil Nadu,Tiruvarur,1,14
Tamil Nadu,Vellore,116,146
Tamil Nadu,Viluppuram,95,76
Tamil Nadu,Virudhunagar,50,129
Tripura,Dhalai,2,8
Tripura,Gomati,3,39
Tripura,Khowai,1,3
Tripura,North Tripura,0,1
Tripura,Sepahijala,2,23
Tripura,South Tripura,4,47
Tripura,Unakoti,2,7
Tripura,West Tripura,3,12
Uttar Pradesh,Agra,373,239
Uttar Pradesh,Aligarh,1233,224
Uttar Pradesh,Allahabad,4218,735
Uttar Pradesh,Ambedkar Nagar,1751,10
Uttar Pradesh,Amethi,52,110
Uttar Pradesh,Amroha,55,26
Uttar Pradesh,Auraiya,16,3
Uttar Pradesh,Azamgarh,137,122
Uttar Pradesh,Baghpat,48,104
Uttar Pradesh,Bahraich,385,530
Uttar Pradesh,Ballia,183,47
Uttar Pradesh,Balrampur,845,1210
Uttar Pradesh,Banda,14,91
Uttar Pradesh,Barabanki,45,10
Uttar Pradesh,Bareilly,3330,431
Uttar Pradesh,Basti,104,19
Uttar Pradesh,Bijnor,1138,193
Uttar Pradesh,Budaun,86,22
Uttar Pradesh,Bulandshahr,93,97
Uttar Pradesh,Chandauli,321,194
Uttar Pradesh,Chitrakoot,137,807
Uttar Pradesh,Deoria,823,160
Uttar Pradesh,Etah,422,44
Uttar Pradesh,Etawah,67,132
Uttar Pradesh,Faizabad,115,44
Uttar Pradesh,Farrukhabad,19,40
Uttar Pradesh,Fatehpur,2971,259
Uttar Pradesh,Firozabad,333,28
Uttar Pradesh,Gautam Buddha Nagar,1176,280
Uttar Pradesh,Ghaziabad,2284,756
Uttar Pradesh,Ghazipur,289,44
Uttar Pradesh,Gonda,607,192
Uttar Pradesh,Gorakhpur,173,222
Uttar Pradesh,Hamirpur,36,31
Uttar Pradesh,Hapur,0,28
Uttar Pradesh,Hardoi,227,5
Uttar Pradesh,Hathras,5260,348
Uttar Pradesh,Jalaun,22,36
Uttar Pradesh,Jaunpur,260,68
Uttar Pradesh,Jhansi,157,145
Uttar Pradesh,Kannauj,32,137
Uttar Pradesh,Kanpur Dehat,18,8
Uttar Pradesh,Kanpur Nagar,813,916
Uttar Pradesh,Kasganj,708,75
Uttar Pradesh,Kaushambi,53,19
Uttar Pradesh,Kheri,200,497
Uttar Pradesh,Kushinagar,4292,2352
Uttar Pradesh,Lalitpur,10,54
Uttar Pradesh,Lucknow,2509,595
Uttar Pradesh,Maharajganj,114,222
Uttar Pradesh,Mahoba,14,53
Uttar Pradesh,Mainpuri,133,159
Uttar Pradesh,Mathura,554,87
Uttar Pradesh,Mau,70,7
Uttar Pradesh,Meerut,5254,902
Uttar Pradesh,Mirzapur,29,2
Uttar Pradesh,Moradabad,2810,78
Uttar Pradesh,Muzaffarnagar,62,87
Uttar Pradesh,Pilibhit,1003,140
Uttar Pradesh,Pratapgarh,3032,425
Uttar Pradesh,Raebareli,67,92
Uttar Pradesh,Rampur,21,3
Uttar Pradesh,Saharanpur,633,452
Uttar Pradesh,Sambhal,37,2
Uttar Pradesh,Sant Kabir Nagar,2622,928
Uttar Pradesh,Sant Ravidas Nagar,554,102
Uttar Pradesh,Shahjahanpur,757,69
Uttar Pradesh,Shamli,118,21
Uttar Pradesh,Shrawasti,12,8
Uttar Pradesh,Siddharthnagar,108,5
Uttar Pradesh,Sitapur,584,403
Uttar Pradesh,Sonbhadra,251,28
Uttar Pradesh,Sultanpur,434,27
Uttar Pradesh,Unnao,681,633
Uttar Pradesh,Varanasi,1078,163
Uttarakhand,Almora,27,55
Uttarakhand,Bageshwar,22,9
Uttarakhand,Chamoli,16,1
Uttarakhand,Champawat,4,42
Uttarakhand,Dehradun,459,482
Uttarakhand,Haridwar,412,1406
Uttarakhand,Nainital,34,6
Uttarakhand,Pauri Garhwal,266,5
Uttarakhand,Pithoragarh,10,3
Uttarakhand,Rudraprayag,19,0
Uttarakhand,Tehri Garhwal,15,9
Uttarakhand,Udham Singh Nagar,103,94
Uttarakhand,Uttarkashi,7,0
West Bengal,Bankura,875,268
West Bengal,Bardhaman,1726,1154
West Bengal,Birbhum,670,324
West Bengal,Cooch Behar,72,34
West Bengal,Dakshin Dinajpur,0,1
West Bengal,Darjeeling,5729,122
West Bengal,East Midnapore,31345,500
West Bengal,Hooghly,1171,170
West Bengal,Howrah,101,84
West Bengal,Jalpaiguri,25934,650
West Bengal,Kolkata,2083,233
West Bengal,Malda,1841,1733
West Bengal,Medinipur,1711,18
West Bengal,Murshidabad,2186,254
West Bengal,Nadia,1146,455
West Bengal,North 24 Parganas,20805,541
West Bengal,North Dinajpur,2135,335
West Bengal,Purulia,721,1796
West Bengal,South 24 Parganas,2869,383
West Bengal,South Dinajpur,3199,1461
West Bengal,West Midnapore,15574,242
