State,District,Aadhaar generated,Enrolment Rejected
Andhra Pradesh,Adilabad,26,66
Andhra Pradesh,Anantapur,0,3
Andhra Pradesh,Ananthapur,189,93
Andhra Pradesh,Chittoor,22,24
Andhra Pradesh,Cuddapah,29,3
Andhra Pradesh,East Godavari,82,44
Andhra Pradesh,Guntur,66,31
Andhra Pradesh,Hyderabad,268,65
Andhra Pradesh,Karimnagar,45,57
Andhra Pradesh,Khammam,102,42
Andhra Pradesh,Krishna,78,23
Andhra Pradesh,Kurnool,48,210
Andhra Pradesh,Mahbubnagar,60,239
Andhra Pradesh,Medak,375,58
Andhra Pradesh,Nalgonda,77,99
Andhra Pradesh,Nellore,134,373
Andhra Pradesh,Nizamabad,229,78
Andhra Pradesh,Prakasam,20,8
Andhra Pradesh,Ranga Reddy,96,155
Andhra Pradesh,Srikakulam,18,11
Andhra Pradesh,Visakhapatnam,82,97
Andhra Pradesh,Vizianagaram,6055,4444
Andhra Pradesh,Warangal,130,159
Andhra Pradesh,West Godavari,399,13
Arunachal Pradesh,Changlang,1,0
Arunachal Pradesh,Lower Subansiri,1,0
Arunachal Pradesh,Papum Pare,1,0
Arunachal Pradesh,West Kameng,0,2
Assam,Baksa,4,1
Assam,Barpeta,5,0
Assam,Bongaigaon,2,0
Assam,Cachar,9,0
Assam,Darrang,4,0
Assam,Dibrugarh,3,0
Assam,Golaghat,1,0
Assam,Hailakandi,3,0
Assam,Jorhat,1,0
Assam,Kamrup,7,1
Assam,Karbi Anglong,2,0
Assam,Karimganj,6,0
Assam,Kokrajhar,1,0
Assam,Lakhimpur,2,0
Assam,Marigaon,1,0
Assam,Nagaon,7,3
Assam,Sonitpur,3,0
Assam,Tinsukia,1,0
Assam,Udalguri,10,0
Bihar,Araria,160,12
Bihar,Arwal,19,13
Bihar,Aurangabad,76,10
Bihar,Banka,133,41
Bihar,Begusarai,8462,72
Bihar,Bhagalpur,1101,41
Bihar,Bhojpur,45,26
Bihar,Buxar,23,4
Bihar,Darbhanga,1159,21
Bihar,East Champaran,240,386
Bihar,Gaya,144,8
Bihar,Gopalganj,259,86
Bihar,Jamui,488,38
Bihar,Jehanabad,20,2
Bihar,Kaimur (Bhabua),14,3
Bihar,Katihar,827,1061
Bihar,Khagaria,16,4
Bihar,Kishanganj,831,681
Bihar,Lakhisarai,122,138
Bihar,Madhepura,13,1
Bihar,Madhubani,76,11
Bihar,Munger,803,18
Bihar,Muzaffarpur,338,48
Bihar,Nalanda,237,259
Bihar,Nawada,38,5
Bihar,Patna,1262,822
Bihar,Purnia,27,68
Bihar,Rohtas,33,5
Bihar,Saharsa,23,27
Bihar,Samastipur,49,5
Bihar,Saran,198,76
Bihar,Sheikhpura,28,9
Bihar,Sheohar,3,0
Bihar,Sitamarhi,59,1
Bihar,Siwan,68,12
Bihar,Supaul,612,7
Bihar,Vaishali,42,9
Bihar,West Champaran,81,18
Chandigarh,Chandigarh,104,6
Chhattisgarh,Balod,458,1
Chhattisgarh,Baloda Bazar,4,26
Chhattisgarh,Bemetara,977,7
Chhattisgarh,Bilaspur,1,2
Chhattisgarh,Dhamtari,2,35
Chhattisgarh,Durg,8,70
Chhattisgarh,Gariyaband,247,7
Chhattisgarh,Janjgir-champa,6,5
Chhattisgarh,Jashpur,7,27
Chhattisgarh,Kanker,1,2
Chhattisgarh,Kawardha,1,0
Chhattisgarh,Kondagaon,1,0
Chhattisgarh,Korba,15,399
Chhattisgarh,Koriya,1,4
Chhattisgarh,Mahasamund,2334,56
Chhattisgarh,Mungeli,1,207
Chhattisgarh,Raigarh,4,6
Chhattisgarh,Raipur,2911,604
Chhattisgarh,Rajnandgaon,4,2
Chhattisgarh,Surajpur,792,62
Chhattisgarh,Surguja,4,0
Dadra and Nagar Haveli,Dadra and Nagar Haveli,4,3
Daman and Diu,Daman,5,1
Daman and Diu,Diu,3,1
Delhi,Central Delhi,39,13
Delhi,East Delhi,59,32
Delhi,New Delhi,5,0
Delhi,North Delhi,59,39
Delhi,North East,0,16
Delhi,North East Delhi,56,59
Delhi,North West Delhi,363,89
Delhi,South Delhi,362,134
Delhi,South West Delhi,246,44
Delhi,West Delhi,227,33
Goa,North Goa,21,0
Goa,South Goa,4,0
Gujarat,Ahmedabad,4435,2244
Gujarat,Amreli,2078,1410
Gujarat,Anand,3714,563
Gujarat,Banaskantha,728,191
Gujarat,Bharuch,774,75
Gujarat,Bhavnagar,1873,173
Gujarat,Dahod,3714,115
Gujarat,Gandhinagar,586,32
Gujarat,Jamnagar,5287,225
Gujarat,Junagadh,2431,1061
Gujarat,Kachchh,1255,120
Gujarat,Kheda,2173,379
Gujarat,Mahesana,543,116
Gujarat,Narmada,67,11
Gujarat,Navsari,3361,132
Gujarat,Panchmahals,2263,217
Gujarat,Patan,1371,1313
Gujarat,Porbandar,99,8
Gujarat,Rajkot,793,60
Gujarat,Sabarkantha,5722,272
Gujarat,Surat,4506,731
Gujarat,Surendra Nagar,489,32
Gujarat,Tapi,313,63
Gujarat,The Dangs,567,69
Gujarat,Vadodara,2191,313
Gujarat,Valsad,1481,112
Haryana,Ambala,85,36
Haryana,Bhiwani,518,70
Haryana,Faridabad,1038,120
Haryana,Fatehabad,56,24
Haryana,Gurgaon,432,86
Haryana,Hisar,310,157
Haryana,Jhajjar,65,20
Haryana,Jind,127,90
Haryana,Kaithal,406,50
Haryana,Karnal,182,76
Haryana,Kurukshetra,204,41
Haryana,Mahendragarh,84,22
Haryana,Mewat,355,316
Haryana,Palwal,217,20
Haryana,Panchkula,16,12
Haryana,Panipat,54,42
Haryana,Rewari,47,13
Haryana,Rohtak,69,14
Haryana,Sirsa,568,239
Haryana,Sonipat,60,58
Haryana,Yamuna Nagar,171,99
Himachal Pradesh,Bilaspur,25,1
Himachal Pradesh,Chamba,33,2
Himachal Pradesh,Hamirpur,26,12
Himachal Pradesh,Kangra,104,15
Himachal Pradesh,Kinnaur,2,6
Himachal Pradesh,Kullu,200,8
Himachal Pradesh,Lahul and Spiti,1,0
Himachal Pradesh,Mandi,31,0
Himachal Pradesh,Shimla,157,2
Himachal Pradesh,Sirmaur,7,7
Himachal Pradesh,Solan,16,3
Himachal Pradesh,Una,18,4
Jammu and Kashmir,Anantnag,1344,0
Jammu and Kashmir,Badgam,3,11
Jammu and Kashmir,Bandipore,331,0
Jammu and Kashmir,Baramula,7,0
Jammu and Kashmir,Doda,428,2
Jammu and Kashmir,Ganderbal,0,2
Jammu and Kashmir,Jammu,476,9
Jammu and Kashmir,Kathua,12,0
Jammu and Kashmir,Kulgam,0,434
Jammu and Kashmir,Kupwara,4,0
Jammu and Kashmir,Leh,1,0
Jammu and Kashmir,Pulwama,2650,7
Jammu and Kashmir,Punch,0,1
Jammu and Kashmir,Rajouri,2,0
Jammu and Kashmir,Ramban,0,1670
Jammu and Kashmir,Reasi,0,304
Jammu and Kashmir,Srinagar,3,0
Jammu and Kashmir,Udhampur,7,2
Jharkhand,Bokaro,192,17
Jharkhand,Chatra,453,179
Jharkhand,Deoghar,187,84
Jharkhand,Dhanbad,72,95
Jharkhand,Dumka,125,15
Jharkhand,East Singhbhum,115,33
Jharkhand,Garhwa,225,99
Jharkhand,Giridih,49,32
Jharkhand,Godda,114,99
Jharkhand,Gumla,59,69
Jharkhand,Hazaribagh,73,16
Jharkhand,Jamtara,18,44
Jharkhand,Khunti,36,12
Jharkhand,Koderma,56,8
Jharkhand,Latehar,68,53
Jharkhand,Lohardaga,35,3
Jharkhand,Pakur,31,17
Jharkhand,Palamu,788,249
Jharkhand,Ramgarh,6,6
Jharkhand,Ranchi,1501,44
Jharkhand,Sahibganj,7,40
Jharkhand,Seraikela-Kharsawan,30,7
Jharkhand,Simdega,113,5
Jharkhand,West Singhbhum,26,37
Karnataka,Bagalkot,865,998
Karnataka,Bangalore,1079,96
Karnataka,Bangalore Rural,142,7
Karnataka,Belgaum,218,122
Karnataka,Bellary,78,86
Karnataka,Bidar,38,83
Karnataka,Bijapur,230,131
Karnataka,Bijapur(KAR),0,227
Karnataka,Chamarajanagar,91,29
Karnataka,Chikkaballapur,10,15
Karnataka,Chikmagalur,32,34
Karnataka,Chitradurga,110,368
Karnataka,Dakshina Kannada,67,65
Karnataka,Davangere,169,280
Karnataka,Dharwad,74,9
Karnataka,Gadag,32,7
Karnataka,Gulbarga,317,410
Karnataka,Hassan,190,35
Karnataka,Haveri,165,161
Karnataka,Kodagu,104,77
Karnataka,Kolar,108,233
Karnataka,Koppal,427,115
Karnataka,Mandya,906,139
Karnataka,Mysore,45,6
Karnataka,Raichur,69,623
Karnataka,Ramanagar,33,17
Karnataka,Shimoga,120,20
Karnataka,Tumkur,60,26
Karnataka,Udupi,14,3
Karnataka,Uttara Kannada,19,0
Karnataka,Yadgir,134,482
Kerala,Alappuzha,45,8
Kerala,Ernakulam,40,2
Kerala,Idukki,14,0
Kerala,Kannur,70,16
Kerala,Kasaragod,147,13
Kerala,Kollam,64,13
Kerala,Kottayam,55,2
Kerala,Kozhikode,83,10
Kerala,Malappuram,242,12
Kerala,Palakkad,86,36
Kerala,Pathanamthitta,23,5
Kerala,Thiruvananthapuram,264,42
Kerala,Thrissur,20,23
Kerala,Wayanad,5,10
Lakshadweep,Lakshadweep,0,7
Madhya Pradesh,Alirajpur,117,39
Madhya Pradesh,Anuppur,41,20
Madhya Pradesh,Ashok Nagar,1981,325
Madhya Pradesh,Balaghat,62,57
Madhya Pradesh,Barwani,2434,129
Madhya Pradesh,Betul,1443,741
Madhya Pradesh,Bhind,330,43
Madhya Pradesh,Bhopal,41,114
Madhya Pradesh,Burhanpur,29,4
Madhya Pradesh,Chhatarpur,437,88
Madhya Pradesh,Chhindwara,516,120
Madhya Pradesh,Damoh,315,35
Madhya Pradesh,Datia,805,112
Madhya Pradesh,Dewas,678,113
Madhya Pradesh,Dhar,408,158
Madhya Pradesh,Dindori,41,77
Madhya Pradesh,Guna,80,40
Madhya Pradesh,Gwalior,798,58
Madhya Pradesh,Harda,5,4
Madhya Pradesh,Hoshangabad,6,8
Madhya Pradesh,Indore,125,27
Madhya Pradesh,Jabalpur,27,12
Madhya Pradesh,Jhabua,103,30
Madhya Pradesh,Katni,347,21
Madhya Pradesh,Khandwa,91,17
Madhya Pradesh,Khargone,681,77
Madhya Pradesh,Mandla,528,89
Madhya Pradesh,Mandsaur,276,68
Madhya Pradesh,Morena,207,9
Madhya Pradesh,Narsinghpur,44,7
Madhya Pradesh,Neemuch,98,11
Madhya Pradesh,Panna,153,33
Madhya Pradesh,Raisen,201,34
Madhya Pradesh,Rajgarh,919,63
Madhya Pradesh,Ratlam,927,65
Madhya Pradesh,Rewa,77,34
Madhya Pradesh,Sagar,982,49
Madhya Pradesh,Satna,115,62
Madhya Pradesh,Sehore,382,59
Madhya Pradesh,Seoni,296,32
Madhya Pradesh,Shahdol,314,587
Madhya Pradesh,Shajapur,249,42
Madhya Pradesh,Sheopur,878,10
Madhya Pradesh,Shivpuri,902,118
Madhya Pradesh,Sidhi,84,25
Madhya Pradesh,Singrauli,119,29
Madhya Pradesh,Tikamgarh,1815,103
Madhya Pradesh,Ujjain,601,315
Madhya Pradesh,Umaria,325,36
Madhya Pradesh,Vidisha,705,197
Maharashtra,Ahmednagar,290,67
Maharashtra,Akola,290,37
Maharashtra,Amravati,74,109
Maharashtra,Aurangabad,171,89
Maharashtra,Beed,559,180
Maharashtra,Bhandara,52,46
Maharashtra,Buldhana,487,240
Maharashtra,Chandrapur,1097,557
Maharashtra,Dhule,186,57
Maharashtra,Gadchiroli,702,101
Maharashtra,Gondia,105,90
Maharashtra,Hingoli,587,42
Maharashtra,Jalgaon,622,149
Maharashtra,Jalna,149,51
Maharashtra,Kolhapur,49,172
Maharashtra,Latur,198,124
Maharashtra,Mumbai,2458,565
Maharashtra,Nagpur,99,148
Maharashtra,Nanded,1746,179
Maharashtra,Nandurbar,9,12
Maharashtra,Nashik,387,418
Maharashtra,Osmanabad,278,228
Maharashtra,Parbhani,754,110
Maharashtra,Pune,1076,791
Maharashtra,Raigad,1460,673
Maharashtra,Ratnagiri,471,145
Maharashtra,Sangli,400,54
Maharashtra,Satara,59,100
Maharashtra,Sindhudurg,1006,56
Maharashtra,Solapur,5935,442
Maharashtra,Thane,2778,866
Maharashtra,Wardha,5,6
Maharashtra,Washim,541,174
Maharashtra,Yavatmal,1001,876
Manipur,Bishnupur,1,0
Manipur,Chandel,2,0
Manipur,Churachandpur,140,0
Manipur,Imphal East,138,1
Manipur,Imphal West,108,0
Manipur,Senapati,1,0
Manipur,Thoubal,6,1
Meghalaya,East Khasi Hills,7,0
Meghalaya,Jaintia Hills,2,0
Meghalaya,Ri Bhoi,3,0
Meghalaya,West Garo Hills,4,0
Meghalaya,West Khasi Hills,2,0
Mizoram,Aizawl,2,0
Mizoram,Lawngtlai,1,0
Mizoram,Lunglei,1,0
Mizoram,Saiha,2,0
Mizoram,Serchhip,0,1
Nagaland,Dimapur,1,0
Nagaland,Zunheboto,0,4
Odisha,Angul,1,2
Odisha,Anugul,0,1
Odisha,Balangir,803,3
Odisha,Baleswar,9,50
Odisha,Bargarh,7,3
Odisha,Bhadrak,4,386
Odisha,Boudh,2,0
Odisha,Cuttack,867,646
Odisha,Debagarh,1,13
Odisha,Dhenkanal,4,3
Odisha,Gajapati,1,2
Odisha,Ganjam,4578,1121
Odisha,Jagatsinghapur,4,33
Odisha,Jajapur,5,8
Odisha,Jharsuguda,7951,1153
Odisha,Kalahandi,10,0
Odisha,Kandhamal,3,2
Odisha,Kendrapara,9,46
Odisha,Kendujhar,6,13
Odisha,Khorda,377,982
Odisha,Khordha,0,1
Odisha,Koraput,1,1
Odisha,Malkangiri,1,0
Odisha,Mayurbhanj,8,8
Odisha,Nabarangapur,0,153
Odisha,Nayagarh,15,1
Odisha,Nuapada,2,3
Odisha,Puri,5,84
Odisha,Sambalpur,2,0
Odisha,Sonapur,43,0
Odisha,Sundergarh,10,0
Others,Others,0,20
Puducherry,Karaikal,3,8
Puducherry,Pondicherry,0,21
Puducherry,Puducherry,4,1
Punjab,Amritsar,182,86
Punjab,Barnala,16,4
Punjab,Bathinda,84,30
Punjab,Faridkot,81,8
Punjab,Fatehgarh Sahib,42,4
Punjab,Fazilka,208,40
Punjab,Ferozepur,61,53
Punjab,Gurdaspur,113,35
Punjab,Hoshiarpur,137,12
Punjab,Jalandhar,292,24
Punjab,Kapurthala,402,34
Punjab,Ludhiana,814,192
Punjab,Mansa,30,18
Punjab,Moga,248,16
Punjab,Pathankot,111,18
Punjab,Patiala,262,67
Punjab,Rupnagar,43,14
Punjab,SAS Nagar (Mohali),225,25
Punjab,Sangrur,150,25
Punjab,Shaheed Bhagat Singh Nagar,56,11
Punjab,Sri Muktsar Sahib,61,10
Punjab,Tarn Taran,159,35
Rajasthan,Ajmer,80,16
Rajasthan,Alwar,84,35
Rajasthan,Banswara,99,28
Rajasthan,Baran,517,34
Rajasthan,Barmer,434,65
Rajasthan,Bharatpur,491,75
Rajasthan,Bhilwara,301,30
Rajasthan,Bikaner,84,32
Rajasthan,Bundi,279,621
Rajasthan,Chittorgarh,580,36
Rajasthan,Churu,41,52
Rajasthan,Dausa,36,42
Rajasthan,Dholpur,900,45
Rajasthan,Dungarpur,868,27
Rajasthan,Ganganagar,171,34
Rajasthan,Hanumangarh,931,97
Rajasthan,Jaipur,589,132
Rajasthan,Jaisalmer,92,82
Rajasthan,Jalor,55,45
Rajasthan,Jhalawar,852,147
Rajasthan,Jhunjhunu,84,37
Rajasthan,Jodhpur,2334,199
Rajasthan,Karauli,255,30
Rajasthan,Kota,494,42
Rajasthan,Nagaur,473,109
Rajasthan,Pali,23,62
Rajasthan,Pratapgarh,47,28
Rajasthan,Rajsamand,22,53
Rajasthan,Sawai Madhopur,392,36
Rajasthan,Sikar,446,73
Rajasthan,Sirohi,28,33
Rajasthan,Tonk,860,211
Rajasthan,Udaipur,32,58
Sikkim,North Sikkim,1,0
Sikkim,West Sikkim,0,26
Tamil Nadu,Ariyalur,4,32
Tamil Nadu,Chennai,7014,399
Tamil Nadu,Coimbatore,244,681
Tamil Nadu,Cuddalore,24,14
Tamil Nadu,Dharmapuri,85,49
Tamil Nadu,Dindigul,260,96
Tamil Nadu,Erode,73,255
Tamil Nadu,Kancheepuram,535,217
Tamil Nadu,Kanchipuram,0,2
Tamil Nadu,Kanniyakumari,9,0
Tamil Nadu,Kanyakumari,104,16
Tamil Nadu,Karur,21,63
Tamil Nadu,Krishnagiri,133,110
Tamil Nadu,Madurai,31,381
Tamil Nadu,Nagapattinam,37,2
Tamil Nadu,Namakkal,83,14
Tamil Nadu,Perambalur,2,36
Tamil Nadu,Pudukkottai,4,6
Tamil Nadu,Ramanathapuram,9,239
Tamil Nadu,Salem,110,196
Tamil Nadu,Sivaganga,54,35
Tamil Nadu,Thanjavur,76,123
Tamil Nadu,The Nilgiris,33,102
Tamil Nadu,Theni,423,162
Tamil Nadu,Thiruvarur,90,67
Tamil Nadu,Thoothukudi,14,43
Tamil Nadu,Tiruchirappalli,6,12
Tamil Nadu,Tirunelveli,106,71
Tamil Nadu,Tiruppur,16,13
Tamil Nadu,Tirupur,39,141
Tamil Nadu,Tiruvallur,289,225
Tamil Nadu,Tiruvannamalai,76,63
Tamil Nadu,Tiruvarur,2,15
Tamil Nadu,Vellore,106,111
Tamil Nadu,Villupuram,0,1
Tamil Nadu,Viluppuram,257,87
Tamil Nadu,Virudhunagar,21,8
Tripura,Dhalai,10,25
Tripura,Gomati,50,6
Tripura,Khowai,0,9
Tripura,North Tripura,5,3
Tripura,Sepahijala,162,4
Tripura,South Tripura,340,40
Tripura,Unakoti,2,6
Tripura,West Tripura,85,4
Uttar Pradesh,Agra,1775,717
Uttar Pradesh,Aligarh,96,3
Uttar Pradesh,Allahabad,299,3125
Uttar Pradesh,Ambedkar Nagar,143,3
Uttar Pradesh,Amethi,215,177
Uttar Pradesh,Amroha,104,1
Uttar Pradesh,Auraiya,17,1
Uttar Pradesh,Azamgarh,57,91
Uttar Pradesh,Baghpat,37,125
Uttar Pradesh,Bahraich,1700,43
Uttar Pradesh,Ballia,125,55
Uttar Pradesh,Balrampur,3609,1289
Uttar Pradesh,Banda,3,22
Uttar Pradesh,Barabanki,27,180
Uttar Pradesh,Bareilly,1608,295
Uttar Pradesh,Basti,42,299
Uttar Pradesh,Bijnor,90,2013
Uttar Pradesh,Budaun,13,0
Uttar Pradesh,Bulandshahr,828,12
Uttar Pradesh,Chandauli,29,18
Uttar Pradesh,Chitrakoot,13,532
Uttar Pradesh,Deoria,75,118
Uttar Pradesh,Etah,131,208
Uttar Pradesh,Etawah,354,180
Uttar Pradesh,Faizabad,20,20
Uttar Pradesh,Farrukhabad,41,31
Uttar Pradesh,Fatehpur,2081,36
Uttar Pradesh,Firozabad,11,9
Uttar Pradesh,Gautam Buddha Nagar,139,22
Uttar Pradesh,Ghaziabad,679,1723
Uttar Pradesh,Ghazipur,53,183
Uttar Pradesh,Gonda,838,72
Uttar Pradesh,Gorakhpur,395,63
Uttar Pradesh,Hamirpur,8,88
Uttar Pradesh,Hardoi,31,10
Uttar Pradesh,Hathras,7431,39
Uttar Pradesh,Jalaun,15,202
Uttar Pradesh,Jaunpur,379,83
Uttar Pradesh,Jhansi,166,138
Uttar Pradesh,Kannauj,84,5
Uttar Pradesh,Kanpur Dehat,21,6
Uttar Pradesh,Kanpur Nagar,1529,31
Uttar Pradesh,Kasganj,4943,650
Uttar Pradesh,Kaushambi,144,8
Uttar Pradesh,Kheri,18,92
Uttar Pradesh,Kushinagar,1109,14
Uttar Pradesh,Lalitpur,12,7
Uttar Pradesh,Lucknow,907,306
Uttar Pradesh,Maharajganj,57,97
Uttar Pradesh,Mahoba,9,362
Uttar Pradesh,Mainpuri,21,52
Uttar Pradesh,Mathura,11,11
Uttar Pradesh,Mau,39,3
Uttar Pradesh,Meerut,3506,644
Uttar Pradesh,Mirzapur,21,2
Uttar Pradesh,Moradabad,14,19
Uttar Pradesh,Muzaffarnagar,9,1
Uttar Pradesh,Pilibhit,785,19
Uttar Pradesh,Pratapgarh,324,1899
Uttar Pradesh,Raebareli,678,7
Uttar Pradesh,Saharanpur,70,52
Uttar Pradesh,Sambhal,2,1
Uttar Pradesh,Sant Kabir Nagar,54,368
Uttar Pradesh,Sant Ravidas Nagar,30,234
Uttar Pradesh,Shahjahanpur,19,36
Uttar Pradesh,Shamli,5,0
Uttar Pradesh,Shrawasti,7,3
Uttar Pradesh,Siddharthnagar,38,2
Uttar Pradesh,Sitapur,1276,131
Uttar Pradesh,Sonbhadra,11,32
Uttar Pradesh,Sultanpur,33,1
Uttar Pradesh,Unnao,46,132
Uttar Pradesh,Varanasi,184,83
Uttarakhand,Almora,15,20
Uttarakhand,Bageshwar,5,0
Uttarakhand,Chamoli,4,0
Uttarakhand,Champawat,1,63
Uttarakhand,Dehradun,2538,150
Uttarakhand,Haridwar,19,58
Uttarakhand,Nainital,6,6
Uttarakhand,Pauri Garhwal,13,3
Uttarakhand,Pithoragarh,6,3
Uttarakhand,Rudraprayag,4,1
Uttarakhand,Tehri Garhwal,13,3
Uttarakhand,Udham Singh Nagar,5,96
Uttarakhand,Uttarkashi,2,0
West Bengal,Bankura,16,83
West Bengal,Barddhaman,4,2
West Bengal,Bardhaman,286,67
West Bengal,Birbhum,516,75
West Bengal,Cooch Behar,21,2
West Bengal,Darjeeling,1770,24
West Bengal,East Midnapore,5521,3388
West Bengal,Hooghly,19,32
West Bengal,Howrah,118,66
West Bengal,Jalpaiguri,3765,888
West Bengal,Kolkata,2692,84
West Bengal,Malda,1158,798
West Bengal,Medinipur,0,9
West Bengal,Murshidabad,2268,371
West Bengal,Nadia,1515,260
West Bengal,North 24 Parganas,11551,1211
West Bengal,North Dinajpur,123,159
West Bengal,Paschim Medinipur,121,2
West Bengal,Purba Medinipur,2116,775
West Bengal,Purulia,141,86
West Bengal,Puruliya,5777,120
West Bengal,South 24 Parganas,11206,799
West Bengal,South Dinajpur,100,1103
West Bengal,South Twenty Four Parganas,0,16
West Bengal,West Midnapore,5195,848
