State,District,Aadhaar generated,Enrolment Rejected
Andhra Pradesh,Adilabad,40,80
Andhra Pradesh,Ananthapur,59,24
Andhra Pradesh,Chittoor,35,17
Andhra Pradesh,Cuddapah,28,28
Andhra Pradesh,East Godavari,183,18
Andhra Pradesh,Guntur,86,10
Andhra Pradesh,Hyderabad,264,38
Andhra Pradesh,Karimnagar,118,103
Andhra Pradesh,Khammam,176,33
Andhra Pradesh,Krishna,124,16
Andhra Pradesh,Kurnool,60,324
Andhra Pradesh,Mahbubnagar,101,117
Andhra Pradesh,Medak,102,46
Andhra Pradesh,Nalgonda,75,34
Andhra Pradesh,Nellore,279,42
Andhra Pradesh,Nizamabad,217,97
Andhra Pradesh,Prakasam,65,21
Andhra Pradesh,Ranga Reddy,88,76
Andhra Pradesh,Srikakulam,38,176
Andhra Pradesh,Visakhapatnam,636,101
Andhra Pradesh,Vizianagaram,6592,961
Andhra Pradesh,Warangal,553,75
Andhra Pradesh,West Godavari,1304,43
Arunachal Pradesh,Kurung Kumey,1,0
Arunachal Pradesh,Lohit,1,0
Arunachal Pradesh,Papum Pare,5,0
Assam,Baksa,6,1
Assam,Barpeta,5,0
Assam,Bongaigaon,2,0
Assam,Cachar,2,0
Assam,Dhubri,1,0
Assam,Goalpara,5,0
Assam,Golaghat,1,0
Assam,Hailakandi,0,1
Assam,Jorhat,2,0
Assam,Kamrup,7,0
Assam,Kamrup Metro,4,0
Assam,Karbi Anglong,2,0
Assam,Karimganj,6,0
Assam,Lakhimpur,6,0
Assam,Nagaon,7,0
Assam,North Cachar Hills,1,0
Assam,Sonitpur,2,0
Assam,Tinsukia,1,0
Assam,Udalguri,7,1
Bihar,Araria,1129,28
Bihar,Arwal,66,8
Bihar,Aurangabad,169,16
Bihar,Banka,932,81
Bihar,Begusarai,9526,105
Bihar,Bhagalpur,1583,823
Bihar,Bhojpur,67,32
Bihar,Buxar,40,3
Bihar,Darbhanga,1799,199
Bihar,East Champaran,610,1509
Bihar,Gaya,123,15
Bihar,Gopalganj,309,177
Bihar,Jamui,301,37
Bihar,Jehanabad,24,1
Bihar,Kaimur (Bhabua),29,3
Bihar,Katihar,1647,748
Bihar,Khagaria,21,6
Bihar,Kishanganj,2311,160
Bihar,Lakhisarai,7983,679
Bihar,Madhepura,12,1
Bihar,Madhubani,111,29
Bihar,Munger,1164,2
Bihar,Muzaffarpur,2540,137
Bihar,Nalanda,854,438
Bihar,Nawada,45,5
Bihar,Patna,3505,1301
Bihar,Purnia,1510,36
Bihar,Rohtas,62,2
Bihar,Saharsa,23,194
Bihar,Samastipur,74,2
Bihar,Saran,1245,50
Bihar,Sheikhpura,21,1
Bihar,Sheohar,8,0
Bihar,Sitamarhi,60,2
Bihar,Siwan,115,7
Bihar,Supaul,1205,299
Bihar,Vaishali,70,67
Bihar,West Champaran,361,119
Chandigarh,Chandigarh,325,39
Chhattisgarh,Balod,164,20
Chhattisgarh,Baloda Bazar,32,14
Chhattisgarh,Bemetara,705,14
Chhattisgarh,Bijapur,2,0
Chhattisgarh,Bilaspur,3,0
Chhattisgarh,Dhamtari,12,247
Chhattisgarh,Durg,93,929
Chhattisgarh,Gariyaband,387,70
Chhattisgarh,Janjgir Champa,67,7
Chhattisgarh,Jashpur,29,2
Chhattisgarh,Kanker,3,0
Chhattisgarh,Kawardha,1,0
Chhattisgarh,Korba,466,14
Chhattisgarh,Koriya,5,6
Chhattisgarh,Mahasamund,2907,674
Chhattisgarh,Mungeli,412,5
Chhattisgarh,Raigarh,13,2
Chhattisgarh,Raipur,3932,876
Chhattisgarh,Rajnandgaon,6,2
Chhattisgarh,Surajpur,3340,90
Chhattisgarh,Surguja,8,0
Dadra and Nagar Haveli,Dadra and Nagar Haveli,13,4
Daman and Diu,Daman,42,1
Daman and Diu,Diu,4,1
Delhi,Central Delhi,109,13
Delhi,East Delhi,328,50
Delhi,New Delhi,18,3
Delhi,North Delhi,72,9
Delhi,North East,0,2
Delhi,North East Delhi,319,323
Delhi,North West Delhi,438,61
Delhi,South Delhi,627,61
Delhi,South West Delhi,419,60
Delhi,West Delhi,401,67
Goa,North Goa,59,2
Goa,South Goa,10,1
Gujarat,Ahmedabad,6958,785
Gujarat,Amreli,1382,138
Gujarat,Anand,5894,446
Gujarat,Banaskantha,1287,195
Gujarat,Bharuch,1640,113
Gujarat,Bhavnagar,1199,129
Gujarat,Dahod,1393,153
Gujarat,Gandhinagar,1818,42
Gujarat,Jamnagar,3169,142
Gujarat,Junagadh,2854,1413
Gujarat,Kachchh,2343,59
Gujarat,Kheda,2682,120
Gujarat,Mahesana,408,108
Gujarat,Narmada,86,62
Gujarat,Navsari,2191,470
Gujarat,Panchmahal,2155,277
Gujarat,Patan,2682,259
Gujarat,Porbandar,313,2
Gujarat,Rajkot,639,131
Gujarat,Sabarkantha,10090,280
Gujarat,Surat,13428,1427
Gujarat,Surendranagar,1219,45
Gujarat,Tapi,522,33
Gujarat,The Dangs,608,23
Gujarat,Vadodara,4995,619
Gujarat,Valsad,2856,292
Haryana,Ambala,268,17
Haryana,Bhiwani,912,48
Haryana,Faridabad,966,115
Haryana,Fatehabad,327,103
Haryana,Gurgaon,397,68
Haryana,Hisar,735,111
Haryana,Jhajjar,109,19
Haryana,Jind,391,86
Haryana,Kaithal,1526,132
Haryana,Karnal,312,99
Haryana,Kurukshetra,360,51
Haryana,Mahendragarh,89,32
Haryana,Mewat,524,315
Haryana,Palwal,409,54
Haryana,Panchkula,57,12
Haryana,Panipat,568,112
Haryana,Rewari,63,40
Haryana,Rohtak,134,47
Haryana,Sirsa,1775,201
Haryana,Sonipat,264,104
Haryana,Yamuna Nagar,964,102
Himachal Pradesh,Bilaspur,36,0
Himachal Pradesh,Chamba,23,0
Himachal Pradesh,Hamirpur,22,4
Himachal Pradesh,Kangra,152,9
Himachal Pradesh,Kinnaur,13,1
Himachal Pradesh,Kullu,54,0
Himachal Pradesh,Mandi,33,4
Himachal Pradesh,Shimla,193,6
Himachal Pradesh,Sirmaur,69,6
Himachal Pradesh,Solan,33,1
Himachal Pradesh,Una,24,2
Jammu and Kashmir,Anantnag,495,6
Jammu and Kashmir,Badgam,6,2
Jammu and Kashmir,Bandipore,312,1
Jammu and Kashmir,Baramula,173,1
Jammu and Kashmir,Doda,1009,5
Jammu and Kashmir,Jammu,2473,75
Jammu and Kashmir,Kargil,105,0
Jammu and Kashmir,Kathua,7,1
Jammu and Kashmir,Kupwara,1,0
Jammu and Kashmir,Leh,9,0
Jammu and Kashmir,Pulwama,6729,19
Jammu and Kashmir,Punch,3556,42
Jammu and Kashmir,Rajouri,4,1
Jammu and Kashmir,Reasi,0,1112
Jammu and Kashmir,Srinagar,4,0
Jammu and Kashmir,Udhampur,15,3
Jharkhand,Bokaro,230,59
Jharkhand,Chatra,195,141
Jharkhand,Deoghar,185,40
Jharkhand,Dhanbad,797,1140
Jharkhand,Dumka,510,27
Jharkhand,East Singhbhum,48,17
Jharkhand,Garhwa,645,402
Jharkhand,Giridih,78,24
Jharkhand,Godda,217,51
Jharkhand,Gumla,176,32
Jharkhand,Hazaribagh,117,43
Jharkhand,Jamtara,94,15
Jharkhand,Khunti,37,9
Jharkhand,Koderma,71,14
Jharkhand,Latehar,1145,805
Jharkhand,Lohardaga,52,0
Jharkhand,Pakur,115,15
Jharkhand,Palamu,779,459
Jharkhand,Ramgarh,19,31
Jharkhand,Ranchi,840,173
Jharkhand,Sahibganj,177,16
Jharkhand,Seraikela-Kharsawan,38,5
Jharkhand,Simdega,103,7
Jharkhand,West Singhbhum,30,17
Karnataka,Bagalkot,914,310
Karnataka,Bangalore,975,125
Karnataka,Bangalore Rural,181,11
Karnataka,Belgaum,247,139
Karnataka,Bellary,113,30
Karnataka,Bidar,72,119
Karnataka,Bijapur,2411,149
Karnataka,Bijapur(KAR),0,7
Karnataka,Chamarajanagar,362,75
Karnataka,Chikkaballapur,284,125
Karnataka,Chikmagalur,659,155
Karnataka,Chitradurga,73,108
Karnataka,Dakshina Kannada,852,66
Karnataka,Davangere,370,88
Karnataka,Dharwad,29,12
Karnataka,Gadag,10,2
Karnataka,Gulbarga,1862,617
Karnataka,Hassan,209,27
Karnataka,Haveri,150,1114
Karnataka,Kodagu,124,27
Karnataka,Kolar,103,63
Karnataka,Koppal,364,68
Karnataka,Mandya,880,47
Karnataka,Mysore,62,5
Karnataka,Raichur,259,147
Karnataka,Ramanagar,91,20
Karnataka,Shimoga,133,46
Karnataka,Tumkur,20,3
Karnataka,Udupi,137,0
Karnataka,Uttara Kannada,1083,21
Karnataka,Yadgir,426,271
Kerala,Alappuzha,62,50
Kerala,Ernakulam,52,6
Kerala,Idukki,53,9
Kerala,Kannur,73,3
Kerala,Kasaragod,85,2
Kerala,Kollam,97,16
Kerala,Kottayam,97,6
Kerala,Kozhikode,220,9
Kerala,Malappuram,199,19
Kerala,Palakkad,159,4
Kerala,Pathanamthitta,65,2
Kerala,Thiruvananthapuram,439,17
Kerala,Thrissur,163,9
Kerala,Wayanad,20,6
Lakshadweep,Lakshadweep,1,0
Madhya Pradesh,Alirajpur,103,32
Madhya Pradesh,Anuppur,27,17
Madhya Pradesh,Ashok Nagar,834,257
Madhya Pradesh,Balaghat,70,35
Madhya Pradesh,Barwani,2032,117
Madhya Pradesh,Betul,2206,311
Madhya Pradesh,Bhind,512,31
Madhya Pradesh,Bhopal,170,57
Madhya Pradesh,Burhanpur,39,9
Madhya Pradesh,Chhatarpur,470,112
Madhya Pradesh,Chhindwara,1217,85
Madhya Pradesh,Damoh,792,49
Madhya Pradesh,Datia,763,59
Madhya Pradesh,Dewas,349,35
Madhya Pradesh,Dhar,892,152
Madhya Pradesh,Dindori,72,22
Madhya Pradesh,Guna,904,64
Madhya Pradesh,Gwalior,1363,57
Madhya Pradesh,Harda,31,7
Madhya Pradesh,Hoshangabad,77,8
Madhya Pradesh,Indore,391,24
Madhya Pradesh,Jabalpur,26,5
Madhya Pradesh,Jhabua,263,74
Madhya Pradesh,Katni,167,18
Madhya Pradesh,Khandwa,119,12
Madhya Pradesh,Khargone,456,146
Madhya Pradesh,Mandla,1324,150
Madhya Pradesh,Mandsaur,228,52
Madhya Pradesh,Morena,389,29
Madhya Pradesh,Narsinghpur,131,18
Madhya Pradesh,Neemuch,905,7
Madhya Pradesh,Panna,109,28
Madhya Pradesh,Raisen,288,48
Madhya Pradesh,Rajgarh,2069,185
Madhya Pradesh,Ratlam,708,50
Madhya Pradesh,Rewa,238,55
Madhya Pradesh,Sagar,599,139
Madhya Pradesh,Satna,365,67
Madhya Pradesh,Sehore,881,75
Madhya Pradesh,Seoni,396,75
Madhya Pradesh,Shahdol,255,1283
Madhya Pradesh,Shajapur,220,33
Madhya Pradesh,Sheopur,788,113
Madhya Pradesh,Shivpuri,4241,399
Madhya Pradesh,Sidhi,104,29
Madhya Pradesh,Singrauli,800,134
Madhya Pradesh,Tikamgarh,1270,112
Madhya Pradesh,Ujjain,575,142
Madhya Pradesh,Umaria,190,44
Madhya Pradesh,Vidisha,660,189
Maharashtra,Ahmednagar,333,48
Maharashtra,Akola,692,88
Maharashtra,Amravati,185,118
Maharashtra,Aurangabad,342,139
Maharashtra,Beed,512,468
Maharashtra,Bhandara,277,43
Maharashtra,Buldhana,733,227
Maharashtra,Chandrapur,689,704
Maharashtra,Dhule,251,32
Maharashtra,Gadchiroli,2240,60
Maharashtra,Gondia,492,62
Maharashtra,Hingoli,706,84
Maharashtra,Jalgaon,907,149
Maharashtra,Jalna,199,140
Maharashtra,Kolhapur,192,190
Maharashtra,Latur,275,25
Maharashtra,Mumbai,3928,305
Maharashtra,Nagpur,157,158
Maharashtra,Nanded,1704,374
Maharashtra,Nandurbar,138,24
Maharashtra,Nashik,583,115
Maharashtra,Osmanabad,504,118
Maharashtra,Parbhani,1193,156
Maharashtra,Pune,744,144
Maharashtra,Raigad,1301,557
Maharashtra,Ratnagiri,509,326
Maharashtra,Sangli,127,113
Maharashtra,Satara,210,98
Maharashtra,Sindhudurg,204,184
Maharashtra,Solapur,4720,2725
Maharashtra,Thane,2085,809
Maharashtra,Wardha,16,4
Maharashtra,Washim,683,308
Maharashtra,Yavatmal,2258,649
Manipur,Bishnupur,3,0
Manipur,Chandel,1,0
Manipur,Churachandpur,51,1
Manipur,Imphal East,60,0
Manipur,Imphal West,299,0
Manipur,Senapati,3,0
Manipur,Tamenglong,40,0
Manipur,Thoubal,4,1
Manipur,Ukhrul,2,0
Meghalaya,East Khasi Hills,3,1
Meghalaya,Ri Bhoi,1,0
Meghalaya,West Garo Hills,1,0
Mizoram,Aizawl,0,14
Mizoram,Kolasib,2,0
Mizoram,Lunglei,3,0
Mizoram,Serchhip,3,1
Nagaland,Dimapur,3,0
Nagaland,Tuensang,1,0
Nagaland,Wokha,0,2
Nagaland,Zunheboto,0,1
Odisha,Angul,2,0
Odisha,Anugul,1,0
Odisha,Balangir,559,10
Odisha,Baleswar,18,2
Odisha,Bargarh,2,2
Odisha,Bhadrak,16,17
Odisha,Cuttack,393,49
Odisha,Debagarh,1,7
Odisha,Dhenkanal,16,6
Odisha,Gajapati,187,2
Odisha,Ganjam,17776,6044
Odisha,Jagatsinghapur,158,195
Odisha,Jajapur,13,6
Odisha,Jharsuguda,2960,302
Odisha,Kalahandi,10,3
Odisha,Kandhamal,27,2
Odisha,Kendrapara,16,18
Odisha,Kendujhar,2,8
Odisha,Khorda,168,65
Odisha,Khordha,0,4
Odisha,Koraput,0,1
Odisha,Mayurbhanj,13,4
Odisha,Nabarangapur,1,1
Odisha,Nayagarh,5,2
Odisha,Nuapada,4,3
Odisha,Puri,9,100
Odisha,Rayagada,1,1
Odisha,Sambalpur,6,1
Odisha,Sonapur,11,2
Odisha,Sundergarh,15,6
Others,Others,0,1609
Puducherry,Karaikal,31,3
Puducherry,Puducherry,29,3
Puducherry,Yanam,0,1
Punjab,Amritsar,334,98
Punjab,Barnala,43,7
Punjab,Bathinda,59,11
Punjab,Faridkot,58,2
Punjab,Fatehgarh Sahib,65,8
Punjab,Fazilka,295,23
Punjab,Firozpur,122,31
Punjab,Gurdaspur,268,46
Punjab,Hoshiarpur,311,8
Punjab,Jalandhar,390,22
Punjab,Kapurthala,314,25
Punjab,Ludhiana,799,106
Punjab,Mansa,134,38
Punjab,Moga,197,10
Punjab,Pathankot,102,24
Punjab,Patiala,223,100
Punjab,Rupnagar,61,3
Punjab,SAS Nagar (Mohali),313,75
Punjab,Sangrur,106,56
Punjab,Shaheed Bhagat Singh Nagar,103,17
Punjab,Sri Muktsar Sahib,216,15
Punjab,Tarn Taran,224,38
Rajasthan,Ajmer,104,12
Rajasthan,Alwar,91,146
Rajasthan,Banswara,398,27
Rajasthan,Baran,548,13
Rajasthan,Barmer,517,63
Rajasthan,Bharatpur,628,692
Rajasthan,Bhilwara,298,48
Rajasthan,Bikaner,116,23
Rajasthan,Bundi,435,78
Rajasthan,Chittorgarh,836,62
Rajasthan,Churu,150,27
Rajasthan,Dausa,27,31
Rajasthan,Dholpur,924,1103
Rajasthan,Dungarpur,694,108
Rajasthan,Ganganagar,262,38
Rajasthan,Hanumangarh,1222,178
Rajasthan,Jaipur,499,74
Rajasthan,Jaisalmer,135,162
Rajasthan,Jalor,148,33
Rajasthan,Jhalawar,200,214
Rajasthan,Jhunjhunu,88,8
Rajasthan,Jodhpur,1908,159
Rajasthan,Karauli,457,20
Rajasthan,Kota,265,24
Rajasthan,Nagaur,606,85
Rajasthan,Pali,480,55
Rajasthan,Pratapgarh,210,15
Rajasthan,Rajsamand,15,4
Rajasthan,Sawai Madhopur,299,17
Rajasthan,Sikar,395,71
Rajasthan,Sirohi,54,23
Rajasthan,Tonk,1857,212
Rajasthan,Udaipur,164,15
Sikkim,East Sikkim,10,0
Sikkim,North Sikkim,2,0
Sikkim,South Sikkim,48,0
Sikkim,West Sikkim,1,0
Tamil Nadu,Ariyalur,13,41
Tamil Nadu,Chennai,4119,318
Tamil Nadu,Coimbatore,514,527
Tamil Nadu,Cuddalore,169,76
Tamil Nadu,Dharmapuri,37,36
Tamil Nadu,Dindigul,62,172
Tamil Nadu,Erode,887,287
Tamil Nadu,Kancheepuram,418,56
Tamil Nadu,Kanyakumari,107,5
Tamil Nadu,Karur,37,115
Tamil Nadu,Krishnagiri,66,111
Tamil Nadu,Madurai,403,240
Tamil Nadu,Nagapattinam,73,13
Tamil Nadu,Namakkal,47,35
Tamil Nadu,Perambalur,624,53
Tamil Nadu,Pudukkottai,174,60
Tamil Nadu,Ramanathapuram,340,74
Tamil Nadu,Salem,183,210
Tamil Nadu,Sivaganga,608,171
Tamil Nadu,Thanjavur,225,84
Tamil Nadu,The Nilgiris,38,64
Tamil Nadu,Theni,31,48
Tamil Nadu,Thiruvarur,15,35
Tamil Nadu,Thoothukudi,22,24
Tamil Nadu,Tiruchirappalli,84,157
Tamil Nadu,Tirunelveli,54,31
Tamil Nadu,Tirupur,28,199
Tamil Nadu,Tiruvallur,269,157
Tamil Nadu,Tiruvannamalai,53,97
Tamil Nadu,Tiruvarur,9,26
Tamil Nadu,Vellore,38,134
Tamil Nadu,Viluppuram,145,88
Tamil Nadu,Virudhunagar,18,20
Tripura,Dhalai,3,3
Tripura,Gomati,386,43
Tripura,Khowai,11,0
Tripura,Sepahijala,600,25
Tripura,South Tripura,703,123
Tripura,Unakoti,5,0
Tripura,West Tripura,110,6
Uttar Pradesh,Agra,2319,389
Uttar Pradesh,Aligarh,274,209
Uttar Pradesh,Allahabad,1019,4024
Uttar Pradesh,Ambedkar Nagar,1512,259
Uttar Pradesh,Amethi,523,409
Uttar Pradesh,Amroha,175,70
Uttar Pradesh,Auraiya,169,3
Uttar Pradesh,Azamgarh,2169,377
Uttar Pradesh,Baghpat,448,13
Uttar Pradesh,Bahraich,4471,53
Uttar Pradesh,Ballia,780,32
Uttar Pradesh,Balrampur,11687,1669
Uttar Pradesh,Banda,56,23
Uttar Pradesh,Barabanki,940,79
Uttar Pradesh,Bareilly,2543,660
Uttar Pradesh,Basti,97,40
Uttar Pradesh,Bijnor,127,3100
Uttar Pradesh,Budaun,27,2
Uttar Pradesh,Bulandshahr,374,54
Uttar Pradesh,Chandauli,878,649
Uttar Pradesh,Chitrakoot,111,101
Uttar Pradesh,Deoria,678,456
Uttar Pradesh,Etah,4266,109
Uttar Pradesh,Etawah,985,123
Uttar Pradesh,Faizabad,1901,213
Uttar Pradesh,Farrukhabad,2670,30
Uttar Pradesh,Fatehpur,2353,71
Uttar Pradesh,Firozabad,32,10
Uttar Pradesh,Gautam Buddha Nagar,586,284
Uttar Pradesh,Ghaziabad,5056,3717
Uttar Pradesh,Ghazipur,108,586
Uttar Pradesh,Gonda,1013,1188
Uttar Pradesh,Gorakhpur,4871,680
Uttar Pradesh,Hamirpur,26,87
Uttar Pradesh,Hardoi,42,30
Uttar Pradesh,Hathras,5663,539
Uttar Pradesh,Jalaun,42,143
Uttar Pradesh,Jaunpur,4100,166
Uttar Pradesh,Jhansi,119,33
Uttar Pradesh,Kannauj,188,8
Uttar Pradesh,Kanpur Dehat,68,307
Uttar Pradesh,Kanpur Nagar,1167,60
Uttar Pradesh,Kasganj,5898,1632
Uttar Pradesh,Kaushambi,271,5
Uttar Pradesh,Kheri,152,4
Uttar Pradesh,Kushinagar,2715,1983
Uttar Pradesh,Lalitpur,7,4
Uttar Pradesh,Lucknow,1782,2321
Uttar Pradesh,Maharajganj,1786,2009
Uttar Pradesh,Mahoba,155,96
Uttar Pradesh,Mainpuri,53,68
Uttar Pradesh,Mathura,1514,35
Uttar Pradesh,Mau,214,5
Uttar Pradesh,Meerut,4835,1502
Uttar Pradesh,Mirzapur,60,14
Uttar Pradesh,Moradabad,50,8
Uttar Pradesh,Muzaffarnagar,35,4
Uttar Pradesh,Pilibhit,5155,1157
Uttar Pradesh,Pratapgarh,311,311
Uttar Pradesh,Raebareli,457,32
Uttar Pradesh,Rampur,2,2
Uttar Pradesh,Saharanpur,39,36
Uttar Pradesh,Sambhal,14,1
Uttar Pradesh,Sant Kabir Nagar,424,1174
Uttar Pradesh,Sant Ravidas Nagar,130,32
Uttar Pradesh,Shahjahanpur,28,9
Uttar Pradesh,Shamli,11,1
Uttar Pradesh,Shrawasti,11,15
Uttar Pradesh,Siddharthnagar,91,11
Uttar Pradesh,Sitapur,4223,193
Uttar Pradesh,Sonbhadra,337,29
Uttar Pradesh,Sultanpur,41,4
Uttar Pradesh,Unnao,3433,49
Uttar Pradesh,Varanasi,1226,655
Uttarakhand,Almora,12,3
Uttarakhand,Bageshwar,7,2
Uttarakhand,Chamoli,6,0
Uttarakhand,Champawat,3,6
Uttarakhand,Dehradun,3239,452
Uttarakhand,Haridwar,281,75
Uttarakhand,Nainital,287,25
Uttarakhand,Pauri Garhwal,14,1
Uttarakhand,Pithoragarh,18,0
Uttarakhand,Rudraprayag,5,1
Uttarakhand,Tehri Garhwal,28,0
Uttarakhand,Udham Singh Nagar,2697,896
Uttarakhand,Uttarkashi,2,0
West Bengal,Bankura,603,107
West Bengal,Bardhaman,7170,387
West Bengal,Birbhum,3388,49
West Bengal,Cooch Behar,23,2
West Bengal,Dakshin Dinajpur,0,3
West Bengal,Darjeeling,1638,53
West Bengal,East Midnapore,17461,1818
West Bengal,Hooghly,86,14
West Bengal,Howrah,81,17
West Bengal,Jalpaiguri,4848,703
West Bengal,Kolkata,1502,71
West Bengal,Malda,5185,358
West Bengal,Medinipur,6,10
West Bengal,Murshidabad,17614,879
West Bengal,Nadia,3607,33
West Bengal,North 24 Parganas,13597,993
West Bengal,North Dinajpur,549,316
West Bengal,Purulia,6001,16365
West Bengal,South 24 Parganas,15371,2245
West Bengal,South Dinajpur,1476,223
West Bengal,South Twenty Four Parganas,0,8
West Bengal,West Midnapore,11508,1989
