State,District,Aadhaar generated,Enrolment Rejected
Andhra Pradesh,Adilabad,150,107
Andhra Pradesh,Ananthapur,52,99
Andhra Pradesh,Chittoor,24,85
Andhra Pradesh,Cuddapah,10,46
Andhra Pradesh,East Godavari,77,68
Andhra Pradesh,Guntur,44,53
Andhra Pradesh,Hyderabad,101,157
Andhra Pradesh,Karimnagar,60,114
Andhra Pradesh,Khammam,24,28
Andhra Pradesh,Krishna,56,81
Andhra Pradesh,Kurnool,43,142
Andhra Pradesh,Mahbubnagar,94,189
Andhra Pradesh,Medak,50,101
Andhra Pradesh,Nalgonda,10,90
Andhra Pradesh,Nellore,75,63
Andhra Pradesh,Nizamabad,37,81
Andhra Pradesh,Prakasam,25,61
Andhra Pradesh,Ranga Reddy,113,225
Andhra Pradesh,Srikakulam,96,73
Andhra Pradesh,Visakhapatnam,105,152
Andhra Pradesh,Vizianagaram,1767,1141
Andhra Pradesh,Warangal,82,91
Andhra Pradesh,West Godavari,104,88
Arunachal Pradesh,Changlang,1,0
Arunachal Pradesh,Lohit,0,1
Arunachal Pradesh,Lower Subansiri,1,0
Arunachal Pradesh,Papum Pare,0,1
Arunachal Pradesh,Tirap,1,0
Arunachal Pradesh,Upper Siang,2,0
Assam,Baksa,1,0
Assam,Barpeta,5,0
Assam,Bongaigaon,0,1
Assam,Cachar,6,0
Assam,Dhemaji,1,1
Assam,Dhubri,2,0
Assam,Golaghat,1,1
Assam,Jorhat,4,0
Assam,Kamrup,35,0
Assam,Karbi Anglong,1,0
Assam,Karimganj,1,0
Assam,Kokrajhar,1,0
Assam,Lakhimpur,1,0
Assam,Marigaon,1,0
Assam,Nagaon,6,0
Assam,Sonitpur,3,1
Assam,Tinsukia,2,0
Assam,Udalguri,2,1
Bihar,Araria,42,117
Bihar,Arwal,9,6
Bihar,Aurangabad,240,13
Bihar,Banka,97,21
Bihar,Begusarai,551,57
Bihar,Bhagalpur,300,113
Bihar,Bhojpur,21,18
Bihar,Buxar,84,15
Bihar,Darbhanga,1224,261
Bihar,East Champaran,700,129
Bihar,Gaya,137,22
Bihar,Gopalganj,562,73
Bihar,Jamui,191,21
Bihar,Jehanabad,10,5
Bihar,Kaimur (Bhabua),34,9
Bihar,Katihar,3469,332
Bihar,Khagaria,30,13
Bihar,Kishanganj,723,129
Bihar,Lakhisarai,1625,154
Bihar,Madhepura,14,1
Bihar,Madhubani,756,137
Bihar,Munger,171,27
Bihar,Muzaffarpur,1195,191
Bihar,Nalanda,509,102
Bihar,Nawada,23,7
Bihar,Patna,892,292
Bihar,Purnia,93,25
Bihar,Rohtas,16,10
Bihar,Saharsa,20,86
Bihar,Samastipur,43,11
Bihar,Saran,72,40
Bihar,Sheikhpura,6,2
Bihar,Sheohar,10,1
Bihar,Sitamarhi,37,9
Bihar,Siwan,37,17
Bihar,Supaul,329,219
Bihar,Vaishali,346,47
Bihar,West Champaran,178,55
Chandigarh,Chandigarh,80,78
Chhattisgarh,Balod,24,29
Chhattisgarh,Baloda Bazar,4,19
Chhattisgarh,Balrampur,1,1
Chhattisgarh,Bastar,1,2
Chhattisgarh,Bemetara,8,5
Chhattisgarh,Bilaspur,1060,40
Chhattisgarh,Dhamtari,1,33
Chhattisgarh,Durg,2304,44
Chhattisgarh,Gariyaband,0,7
Chhattisgarh,Janjgir Champa,40,9
Chhattisgarh,Jashpur,293,58
Chhattisgarh,Kabeerdham,1,0
Chhattisgarh,Korba,15,55
Chhattisgarh,Koriya,3,2
Chhattisgarh,Mahasamund,230,210
Chhattisgarh,Mungeli,14,23
Chhattisgarh,Raigarh,1481,620
Chhattisgarh,Raipur,26,60
Chhattisgarh,Rajnandgaon,0,1
Chhattisgarh,Surajpur,759,26
Dadra and Nagar Haveli,Dadra and Nagar Haveli,4,1
Daman and Diu,Daman,6,2
Delhi,Central Delhi,131,107
Delhi,East Delhi,222,285
Delhi,New Delhi,6,2
Delhi,North Delhi,121,93
Delhi,North East,4,6
Delhi,North East Delhi,201,424
Delhi,North West Delhi,805,592
Delhi,South Delhi,370,454
Delhi,South West Delhi,166,294
Delhi,West Delhi,108,478
Goa,North Goa,12,31
Goa,South Goa,58,22
Gujarat,Ahmedabad,3643,786
Gujarat,Amreli,93,137
Gujarat,Anand,722,243
Gujarat,Banaskantha,3251,71
Gujarat,Bharuch,519,66
Gujarat,Bhavnagar,1698,160
Gujarat,Dahod,173,120
Gujarat,Gandhinagar,389,92
Gujarat,Jamnagar,544,119
Gujarat,Junagadh,939,124
Gujarat,Kachchh,4106,196
Gujarat,Kheda,3499,662
Gujarat,Mahesana,100,64
Gujarat,Narmada,25,77
Gujarat,Navsari,58,196
Gujarat,Panchmahal,318,225
Gujarat,Patan,1656,96
Gujarat,Porbandar,19,10
Gujarat,Rajkot,298,163
Gujarat,Sabarkantha,6383,358
Gujarat,Surat,7630,838
Gujarat,Surendranagar,485,82
Gujarat,Tapi,353,34
Gujarat,The Dangs,40,12
Gujarat,Vadodara,2951,287
Gujarat,Valsad,1056,134
Haryana,Ambala,76,168
Haryana,Bhiwani,120,267
Haryana,Faridabad,731,338
Haryana,Fatehabad,251,104
Haryana,Gurgaon,116,165
Haryana,Hisar,142,170
Haryana,Jhajjar,51,42
Haryana,Jind,85,130
Haryana,Kaithal,620,169
Haryana,Karnal,38,126
Haryana,Kurukshetra,38,160
Haryana,Mahendragarh,33,103
Haryana,Mewat,255,220
Haryana,Palwal,100,161
Haryana,Panchkula,65,38
Haryana,Panipat,220,91
Haryana,Rewari,11,28
Haryana,Rohtak,69,82
Haryana,Sirsa,45,227
Haryana,Sonipat,22,124
Haryana,Yamuna Nagar,364,784
Himachal Pradesh,Bilaspur,5,22
Himachal Pradesh,Chamba,17,10
Himachal Pradesh,Hamirpur,7,27
Himachal Pradesh,Kangra,142,75
Himachal Pradesh,Kinnaur,2,3
Himachal Pradesh,Kullu,13,45
Himachal Pradesh,Mandi,19,48
Himachal Pradesh,Shimla,31,39
Himachal Pradesh,Sirmaur,12,21
Himachal Pradesh,Solan,21,18
Himachal Pradesh,Una,8,9
Jammu and Kashmir,Anantnag,1854,35
Jammu and Kashmir,Badgam,2,3
Jammu and Kashmir,Bandipore,1951,7
Jammu and Kashmir,Baramula,9316,35
Jammu and Kashmir,Doda,4,1
Jammu and Kashmir,Jammu,1163,45
Jammu and Kashmir,Kargil,1,0
Jammu and Kashmir,Kathua,621,8
Jammu and Kashmir,Kupwara,218,32
Jammu and Kashmir,Leh,0,1
Jammu and Kashmir,Pulwama,2545,12
Jammu and Kashmir,Punch,0,1
Jammu and Kashmir,Rajouri,1,0
Jammu and Kashmir,Reasi,1,24
Jammu and Kashmir,Srinagar,5,1
Jammu and Kashmir,Udhampur,1092,18
Jharkhand,Bokaro,21,77
Jharkhand,Chatra,101,81
Jharkhand,Deoghar,37,48
Jharkhand,Dhanbad,43,168
Jharkhand,Dumka,13,39
Jharkhand,East Singhbhum,13,73
Jharkhand,Garhwa,231,113
Jharkhand,Giridih,57,99
Jharkhand,Godda,109,51
Jharkhand,Gumla,75,144
Jharkhand,Hazaribagh,47,52
Jharkhand,Jamtara,13,21
Jharkhand,Khunti,34,24
Jharkhand,Koderma,30,49
Jharkhand,Latehar,509,237
Jharkhand,Lohardaga,7,14
Jharkhand,Pakur,23,43
Jharkhand,Palamu,320,305
Jharkhand,Ramgarh,14,122
Jharkhand,Ranchi,165,285
Jharkhand,Sahibganj,136,52
Jharkhand,Seraikela-Kharsawan,9,113
Jharkhand,Simdega,77,27
Jharkhand,West Singhbhum,104,49
Karnataka,Bagalkot,442,147
Karnataka,Bangalore,160,305
Karnataka,Bangalore Rural,5,27
Karnataka,Belgaum,21,102
Karnataka,Bellary,35,69
Karnataka,Bidar,37,78
Karnataka,Bijapur,92,54
Karnataka,Chamarajanagar,600,91
Karnataka,Chikkaballapur,30,195
Karnataka,Chikmagalur,5,26
Karnataka,Chitradurga,19,417
Karnataka,Dakshina Kannada,244,63
Karnataka,Davangere,21,84
Karnataka,Dharwad,9,53
Karnataka,Gadag,4,9
Karnataka,Gulbarga,410,224
Karnataka,Hassan,51,88
Karnataka,Haveri,984,92
Karnataka,Kodagu,26,511
Karnataka,Kolar,2,135
Karnataka,Koppal,332,147
Karnataka,Mandya,25,108
Karnataka,Mysore,68,61
Karnataka,Raichur,1403,186
Karnataka,Ramanagar,7,23
Karnataka,Shimoga,18,19
Karnataka,Tumkur,29,34
Karnataka,Udupi,17,13
Karnataka,Uttara Kannada,8,64
Karnataka,Yadgir,29,74
Kerala,Alappuzha,135,23
Kerala,Ernakulam,324,31
Kerala,Idukki,45,18
Kerala,Kannur,94,27
Kerala,Kasaragod,9,9
Kerala,Kollam,351,49
Kerala,Kottayam,43,19
Kerala,Kozhikode,246,46
Kerala,Malappuram,109,46
Kerala,Palakkad,566,69
Kerala,Pathanamthitta,25,8
Kerala,Thiruvananthapuram,182,122
Kerala,Thrissur,95,47
Kerala,Wayanad,8,4
Lakshadweep,Lakshadweep,6,2
Madhya Pradesh,Alirajpur,73,153
Madhya Pradesh,Anuppur,13,20
Madhya Pradesh,Ashok Nagar,81,65
Madhya Pradesh,Balaghat,42,42
Madhya Pradesh,Barwani,682,234
Madhya Pradesh,Betul,466,246
Madhya Pradesh,Bhind,224,49
Madhya Pradesh,Bhopal,111,54
Madhya Pradesh,Burhanpur,20,13
Madhya Pradesh,Chhatarpur,174,82
Madhya Pradesh,Chhindwara,515,126
Madhya Pradesh,Damoh,151,58
Madhya Pradesh,Datia,97,33
Madhya Pradesh,Dewas,491,162
Madhya Pradesh,Dhar,224,91
Madhya Pradesh,Dindori,64,19
Madhya Pradesh,Guna,28,52
Madhya Pradesh,Gwalior,284,159
Madhya Pradesh,Harda,4,9
Madhya Pradesh,Hoshangabad,5,15
Madhya Pradesh,Indore,209,156
Madhya Pradesh,Jabalpur,41,57
Madhya Pradesh,Jhabua,410,78
Madhya Pradesh,Katni,21,13
Madhya Pradesh,Khandwa,7,11
Madhya Pradesh,Khargone,130,117
Madhya Pradesh,Mandla,912,235
Madhya Pradesh,Mandsaur,116,89
Madhya Pradesh,Morena,193,63
Madhya Pradesh,Narsinghpur,26,17
Madhya Pradesh,Neemuch,65,56
Madhya Pradesh,Panna,29,39
Madhya Pradesh,Raisen,266,72
Madhya Pradesh,Rajgarh,773,175
Madhya Pradesh,Ratlam,781,372
Madhya Pradesh,Rewa,139,47
Madhya Pradesh,Sagar,309,115
Madhya Pradesh,Satna,518,131
Madhya Pradesh,Sehore,1021,179
Madhya Pradesh,Seoni,138,175
Madhya Pradesh,Shahdol,49,97
Madhya Pradesh,Shajapur,247,111
Madhya Pradesh,Sheopur,418,41
Madhya Pradesh,Shivpuri,102,163
Madhya Pradesh,Sidhi,29,27
Madhya Pradesh,Singrauli,950,132
Madhya Pradesh,Tikamgarh,765,97
Madhya Pradesh,Ujjain,130,137
Madhya Pradesh,Umaria,53,22
Madhya Pradesh,Vidisha,694,147
Maharashtra,Ahmednagar,149,106
Maharashtra,Akola,140,86
Maharashtra,Amravati,66,217
Maharashtra,Aurangabad,219,91
Maharashtra,Beed,86,79
Maharashtra,Bhandara,47,68
Maharashtra,Buldhana,109,154
Maharashtra,Chandrapur,68,161
Maharashtra,Dhule,151,46
Maharashtra,Gadchiroli,889,139
Maharashtra,Gondia,29,105
Maharashtra,Hingoli,214,68
Maharashtra,Jalgaon,77,126
Maharashtra,Jalna,257,75
Maharashtra,Kolhapur,140,111
Maharashtra,Latur,136,97
Maharashtra,Mumbai,420,423
Maharashtra,Nagpur,89,112
Maharashtra,Nanded,338,232
Maharashtra,Nandurbar,9,13
Maharashtra,Nashik,639,339
Maharashtra,Osmanabad,58,46
Maharashtra,Parbhani,409,145
Maharashtra,Pune,254,223
Maharashtra,Raigad,111,112
Maharashtra,Ratnagiri,119,348
Maharashtra,Sangli,145,165
Maharashtra,Satara,119,111
Maharashtra,Sindhudurg,63,63
Maharashtra,Solapur,981,333
Maharashtra,Thane,408,367
Maharashtra,Wardha,6,20
Maharashtra,Washim,116,61
Maharashtra,Yavatmal,474,175
Manipur,Bishnupur,0,45
Manipur,Churachandpur,104,25
Manipur,Imphal East,2,0
Manipur,Imphal West,17,30
Manipur,Senapati,1,0
Manipur,Tamenglong,28,18
Manipur,Thoubal,2,13
Manipur,Ukhrul,5,0
Meghalaya,East Khasi Hills,1,1
Mizoram,Aizawl,2,2
Mizoram,Mammit,1,0
Nagaland,Dimapur,2,2
Nagaland,Kohima,2,0
Nagaland,Mokokchung,0,1
Nagaland,Mon,0,1
Nagaland,Wokha,1,1
Nagaland,Zunheboto,0,1
Odisha,Anugul,0,2
Odisha,Balangir,0,59
Odisha,Baleswar,3,22
Odisha,Bhadrak,3,9
Odisha,Boudh,1,0
Odisha,Cuttack,36,476
Odisha,Debagarh,1,1
Odisha,Dhenkanal,0,7
Odisha,Gajapati,3,5
Odisha,Ganjam,2621,42
Odisha,Jagatsinghapur,1,3
Odisha,Jajapur,4,4
Odisha,Jharsuguda,0,6
Odisha,Kalahandi,1,5
Odisha,Kandhamal,1323,21
Odisha,Kendrapara,8,4
Odisha,Kendujhar,1,0
Odisha,Khorda,332,351
Odisha,Khordha,0,7
Odisha,Koraput,2884,9
Odisha,Malkangiri,2,0
Odisha,Mayurbhanj,2,3
Odisha,Nabarangapur,185,30
Odisha,Nayagarh,1,3
Odisha,Nuapada,1,0
Odisha,Puri,9,152
Odisha,Rayagada,2,3
Odisha,Sambalpur,1,1
Odisha,Sonapur,1,158
Odisha,Sundergarh,3,13
Others,Others,1,886
Puducherry,Karaikal,15,15
Puducherry,Puducherry,9,39
Punjab,Amritsar,207,346
Punjab,Barnala,25,44
Punjab,Bathinda,20,125
Punjab,Faridkot,24,43
Punjab,Fatehgarh Sahib,45,65
Punjab,Fazilka,143,262
Punjab,Firozpur,132,142
Punjab,Gurdaspur,119,195
Punjab,Hoshiarpur,131,121
Punjab,Jalandhar,272,232
Punjab,Kapurthala,122,104
Punjab,Ludhiana,204,302
Punjab,Mansa,25,74
Punjab,Moga,30,103
Punjab,Pathankot,22,53
Punjab,Patiala,66,262
Punjab,Rupnagar,12,66
Punjab,SAS Nagar (Mohali),53,88
Punjab,Sangrur,38,283
Punjab,Shaheed Bhagat Singh Nagar,30,79
Punjab,Sri Muktsar Sahib,90,93
Punjab,Tarn Taran,228,340
Rajasthan,Ajmer,18,59
Rajasthan,Alwar,50,53
Rajasthan,Banswara,567,66
Rajasthan,Baran,58,16
Rajasthan,Barmer,102,75
Rajasthan,Bharatpur,654,81
Rajasthan,Bhilwara,21,33
Rajasthan,Bikaner,41,41
Rajasthan,Bundi,21,26
Rajasthan,Chittorgarh,380,64
Rajasthan,Churu,20,40
Rajasthan,Dausa,4,33
Rajasthan,Dholpur,66,64
Rajasthan,Dungarpur,198,81
Rajasthan,Ganganagar,37,83
Rajasthan,Hanumangarh,427,185
Rajasthan,Jaipur,193,169
Rajasthan,Jaisalmer,30,8
Rajasthan,Jalor,31,30
Rajasthan,Jhalawar,37,20
Rajasthan,Jhunjhunu,30,78
Rajasthan,Jodhpur,529,86
Rajasthan,Karauli,62,71
Rajasthan,Kota,91,137
Rajasthan,Nagaur,310,180
Rajasthan,Pali,325,102
Rajasthan,Pratapgarh,94,41
Rajasthan,Rajsamand,8,45
Rajasthan,Sawai Madhopur,81,33
Rajasthan,Sikar,31,53
Rajasthan,Sirohi,22,9
Rajasthan,Tonk,149,179
Rajasthan,Udaipur,107,45
Sikkim,East Sikkim,0,8
Sikkim,North Sikkim,0,1
Sikkim,South Sikkim,0,31
Sikkim,West Sikkim,0,5
Tamil Nadu,Ariyalur,206,52
Tamil Nadu,Chennai,11,421
Tamil Nadu,Coimbatore,16,134
Tamil Nadu,Cuddalore,1391,47
Tamil Nadu,Dharmapuri,1,16
Tamil Nadu,Dindigul,422,35
Tamil Nadu,Erode,3,311
Tamil Nadu,Kancheepuram,4,31
Tamil Nadu,Kanyakumari,0,3
Tamil Nadu,Karur,0,5
Tamil Nadu,Krishnagiri,0,49
Tamil Nadu,Madurai,2,19
Tamil Nadu,Nagapattinam,821,26
Tamil Nadu,Namakkal,2,14
Tamil Nadu,Perambalur,1,69
Tamil Nadu,Pudukkottai,222,57
Tamil Nadu,Ramanathapuram,37,112
Tamil Nadu,Salem,3031,42
Tamil Nadu,Sivaganga,0,12
Tamil Nadu,Thanjavur,373,89
Tamil Nadu,The Nilgiris,131,111
Tamil Nadu,Theni,0,105
Tamil Nadu,Thiruvarur,235,10
Tamil Nadu,Thoothukudi,2,3
Tamil Nadu,Tiruchirappalli,836,53
Tamil Nadu,Tirunelveli,3,20
Tamil Nadu,Tirupur,16,42
Tamil Nadu,Tiruvallur,10,260
Tamil Nadu,Tiruvannamalai,3,33
Tamil Nadu,Tiruvarur,148,2
Tamil Nadu,Vellore,60,51
Tamil Nadu,Viluppuram,581,42
Tamil Nadu,Virudhunagar,1,9
Tripura,Dhalai,78,63
Tripura,Gomati,91,26
Tripura,Khowai,21,24
Tripura,North Tripura,0,14
Tripura,Sepahijala,184,66
Tripura,South Tripura,141,105
Tripura,Unakoti,0,19
Tripura,West Tripura,52,29
Uttar Pradesh,Agra,555,431
Uttar Pradesh,Aligarh,3149,283
Uttar Pradesh,Allahabad,1237,591
Uttar Pradesh,Ambedkar Nagar,112,25
Uttar Pradesh,Amethi,28,47
Uttar Pradesh,Amroha,28,13
Uttar Pradesh,Auraiya,13,6
Uttar Pradesh,Azamgarh,50,25
Uttar Pradesh,Baghpat,26,27
Uttar Pradesh,Bahraich,194,84
Uttar Pradesh,Ballia,88,65
Uttar Pradesh,Balrampur,679,123
Uttar Pradesh,Banda,12,56
Uttar Pradesh,Barabanki,11,67
Uttar Pradesh,Bareilly,4474,1831
Uttar Pradesh,Basti,47,22
Uttar Pradesh,Bijnor,80,80
Uttar Pradesh,Budaun,95,8
Uttar Pradesh,Bulandshahr,65,164
Uttar Pradesh,Chandauli,176,132
Uttar Pradesh,Chitrakoot,235,158
Uttar Pradesh,Deoria,293,94
Uttar Pradesh,Etah,771,195
Uttar Pradesh,Etawah,21,125
Uttar Pradesh,Faizabad,35,119
Uttar Pradesh,Farrukhabad,14,144
Uttar Pradesh,Fatehpur,94,61
Uttar Pradesh,Firozabad,236,189
Uttar Pradesh,Gautam Buddha Nagar,992,760
Uttar Pradesh,Ghaziabad,1169,674
Uttar Pradesh,Ghazipur,50,33
Uttar Pradesh,Gonda,1927,590
Uttar Pradesh,Gorakhpur,446,114
Uttar Pradesh,Hamirpur,88,22
Uttar Pradesh,Hapur,0,24
Uttar Pradesh,Hardoi,14,10
Uttar Pradesh,Hathras,4028,551
Uttar Pradesh,Jalaun,24,12
Uttar Pradesh,Jaunpur,150,63
Uttar Pradesh,Jhansi,16,38
Uttar Pradesh,Kannauj,25,64
Uttar Pradesh,Kanpur Dehat,25,47
Uttar Pradesh,Kanpur Nagar,2652,1878
Uttar Pradesh,Kasganj,37,21
Uttar Pradesh,Kaushambi,6,10
Uttar Pradesh,Kheri,224,249
Uttar Pradesh,Kushinagar,1866,96
Uttar Pradesh,Lalitpur,20,6
Uttar Pradesh,Lucknow,2152,908
Uttar Pradesh,Maharajganj,71,183
Uttar Pradesh,Mahoba,13,87
Uttar Pradesh,Mainpuri,219,110
Uttar Pradesh,Mathura,1373,373
Uttar Pradesh,Mau,278,10
Uttar Pradesh,Meerut,1074,327
Uttar Pradesh,Mirzapur,47,5
Uttar Pradesh,Moradabad,2140,134
Uttar Pradesh,Muzaffarnagar,21,14
Uttar Pradesh,Pilibhit,1074,110
Uttar Pradesh,Pratapgarh,2907,390
Uttar Pradesh,Raebareli,21,38
Uttar Pradesh,Rampur,89,14
Uttar Pradesh,Saharanpur,242,535
Uttar Pradesh,Sambhal,862,21
Uttar Pradesh,Sant Kabir Nagar,1837,571
Uttar Pradesh,Sant Ravidas Nagar,242,69
Uttar Pradesh,Shahjahanpur,698,56
Uttar Pradesh,Shamli,18,12
Uttar Pradesh,Shrawasti,5,11
Uttar Pradesh,Siddharthnagar,27,4
Uttar Pradesh,Sitapur,125,329
Uttar Pradesh,Sonbhadra,189,32
Uttar Pradesh,Sultanpur,92,1405
Uttar Pradesh,Unnao,1332,821
Uttar Pradesh,Varanasi,1087,253
Uttarakhand,Almora,20,28
Uttarakhand,Bageshwar,16,25
Uttarakhand,Chamoli,15,8
Uttarakhand,Champawat,6,7
Uttarakhand,Dehradun,140,353
Uttarakhand,Haridwar,56,408
Uttarakhand,Nainital,3,41
Uttarakhand,Pauri Garhwal,16,14
Uttarakhand,Pithoragarh,19,4
Uttarakhand,Rudraprayag,5,1
Uttarakhand,Tehri Garhwal,9,10
Uttarakhand,Udham Singh Nagar,53,295
Uttarakhand,Uttarkashi,2,7
West Bengal,Bankura,1542,151
West Bengal,Bardhaman,1228,145
West Bengal,Birbhum,13,50
West Bengal,Cooch Behar,9,7
West Bengal,Darjeeling,551,105
West Bengal,East Midnapore,85,222
West Bengal,Hooghly,9993,689
West Bengal,Howrah,233,746
West Bengal,Jalpaiguri,1582,572
West Bengal,Kolkata,877,218
West Bengal,Malda,2576,396
West Bengal,Murshidabad,2415,67
West Bengal,Nadia,1262,313
West Bengal,North 24 Parganas,1138,1302
West Bengal,North Dinajpur,3224,390
West Bengal,Purulia,5,44
West Bengal,South 24 Parganas,546,303
West Bengal,South Dinajpur,5023,1458
West Bengal,West Midnapore,74,98
