Registrar,Enrolment Agency,Aadhaar generated,Enrolment Rejected
Allahabad Bank,IL&FS LTD,0,5
Bank Of India,A3 Logics  India  Ltd,1157,309
Bank Of India,CHESSY CONSULTANTS PVT LTD,165,2
Bank Of India,DATASOFT COMPUTER SERVICES(P),414,2
Bank Of India,Frontech Systems Pvt Ltd,219,5
Bank Of India,GSS Infotech Ltd,0,1
Bank Of India,ITI LIMITED,148,2
Bank Of India,MANTRA SOFTTECH (INDIA) PVTLTD,1153,15
Bank Of India,Matrix Processing House,1173,3
Bank Of India,OSWAL COMPUTERS & CONSULTANTS,3354,5
Bank Of India,PROTEX COMPUTER PVT LTD,454,1
Bank Of India,SARADA SYSTEMS,1184,2
Bank Of India,SHRIKRISHNA KHANDASARI SUGAR M,758,1
Bank Of India,SPANCO,270,0
Bank Of India,SREI INFRASTRUCTURE FINANCES L,0,1
Bank Of India,Silver Touch Technologies Ltd,65,5
Bank Of India,Systematic & Advance Const P L,406,0
Bank Of India,VEETECHNOLOGIES PVT. LTD,0,2
Bank Of India,Vakrangee Softwares Limited,894,10
Bank of Baroda,DATASOFT COMPUTER SERVICES(P),0,4
Bank of Baroda,IL&FS LTD,0,2
Bank of Baroda,TEAM LIFE CARE COMPANY INDIA P,0,2
Canara Bank,Swiss Tech India Pvt Ltd,0,4
Central Bank of India,CALANCE SOFTWARE PRIVATE LTD,0,2
Central Bank of India,Frontech Systems Pvt Ltd,0,3
Central Bank of India,GSS Infotech Ltd,0,6
Central Bank of India,IAP COMPANY Pvt. Ltd,74,3
Central Bank of India,IL&FS LTD,0,5
Central Bank of India,MANTRA SOFTTECH (INDIA) PVTLTD,480,8
Central Bank of India,SREI INFRASTRUCTURE FINANCES L,0,8
Civil Supplies - A&N Islands,India Computer Technology,0,1
Delhi - Central DC,Smart Chip Limited,0,5
Delhi - East DC,Tera Software Ltd,0,6
Delhi - NE DC,Alankit Assignments Limited,77,2
Delhi - NE DC,Smart ID,0,1
Delhi - North DC,DATASOFT COMPUTER SERVICES(P),0,1
Delhi - North DC,Smart Chip Limited,0,2
Delhi SW DC,STRATEGIC OUTSOURCING SERVICE,0,9
Delhi Urban Shelter Improvemen,STRATEGIC OUTSOURCING SERVICE,0,1
Delhi Urban Shelter Improvemen,Tera Software Ltd,0,3
Delhi- South DC,Tera Software Ltd,0,3
Delhi- South DC,eCentric solutions pvt ltd,0,1
Delhi- West DC,Matrix Processing House,0,6
Delhi-NW DC,Karvy Computershare Private Li,0,2
Delhi-NW DC,STRATEGIC OUTSOURCING SERVICE,0,7
Dept of ITC Govt of Rajasthan,ATISHAY INFOTECH PVT. LTD.,1013,43
Dept of ITC Govt of Rajasthan,DATASOFT COMPUTER SERVICES(P),0,2
Dept of ITC Govt of Rajasthan,TechSmart India Pvt Ltd,0,2
Dept of ITC Govt of Rajasthan,Vakrangee Softwares Limited,1,0
FCR Govt of Haryana,Vakrangee Softwares Limited,420,1
FCS Govt of Punjab,Alankit Assignments Limited,0,8
FCS Govt of Punjab,Alankit Finsec Ltd,0,3
FCS Govt of Punjab,Alankit Life Care Ltd,0,1
FCS Govt of Punjab,CSS TECHNERGY LIMITED,2203,24
FCS Govt of Punjab,Delhi Integrated MMTS Ltd,101,5
FCS Govt of Punjab,Diwakar Commercials Pvt Ltd,0,3
FCS Govt of Punjab,Karvy Computershare Private Li,78,7
FCS Govt of Punjab,VIRGO SOFTECH LIMITED,0,2
FCS Govt of Punjab,eCentric solutions pvt ltd,1754,18
Govt of Andhra Pradesh,Gouthami Educational Society,236,12
Govt of Andhra Pradesh,GrapeSoft,0,20
Govt of Andhra Pradesh,IL&FS LTD,0,40
Govt of Andhra Pradesh,INFRONICS SYSTEMS LTD,97,26
Govt of Andhra Pradesh,Madras Security Printers Ltd,175,26
Govt of Andhra Pradesh,SREEVEN INFOCOM LIMITED,0,4
Govt of Andhra Pradesh,Smart Chip Limited,0,11
Govt of Andhra Pradesh,TechSmart India Pvt Ltd,2,171
Govt of Andhra Pradesh,Tera Software Ltd,0,6
Govt of Andhra Pradesh,eCentric solutions pvt ltd,0,46
Govt of Goa,COMAT TECHNOLOGIES P LTD,2,2
Govt of Goa,MARS Telecom Systems Pvt Ltd,71,4
Govt of Goa,Tera Software Ltd,29,0
Govt of Gujarat,GSS Infotech Ltd,123,6
Govt of Gujarat,Karvy Computershare Private Li,108,4
Govt of Gujarat,Silver Touch Technologies Ltd,265,1
Govt of Gujarat,Tera Software Ltd,124,0
Govt of Gujarat,Transline Technologies P Ltd,199,2
Govt of Gujarat,Vayam technologies Ltd,174,3
Govt of Gujarat,eCentric solutions pvt ltd,761,42
Govt of Himachal Pradesh,Wipro Ltd,464,3
Govt of Himachal Pradesh,i-Grandee SoftwareTechnologies,28,4
Govt of Karnataka ,COMAT TECHNOLOGIES P LTD,0,28
Govt of Karnataka ,GLODYNE TECHNOSERVE,0,73
Govt of Karnataka ,Integra Micro Systems Pvt.ltd,4,13
Govt of Karnataka ,Tera Software Ltd,0,64
Govt of Karnataka ,Wipro Ltd,0,4
Govt of Kerala,Akshaya,7910,32
Govt of Kerala,Keltron,2065,6
Govt of Madhya Pradesh,VIRGO SOFTECH LIMITED,45,3
Govt of Maharashtra,Alankit Assignments Limited,0,15
Govt of Maharashtra,Alankit Finsec Ltd,84,0
Govt of Maharashtra,COMAT TECHNOLOGIES P LTD,0,3
Govt of Maharashtra,Eagle press pvt ltd,0,2
Govt of Maharashtra,GLODYNE TECHNOSERVE,220,32
Govt of Maharashtra,GSS Infotech Ltd,0,5
Govt of Maharashtra,Karvy Computershare Private Li,1034,54
Govt of Maharashtra,Mahaonline Limited,0,8
Govt of Maharashtra,SPANCO,0,4
Govt of Maharashtra,STRATEGIC OUTSOURCING SERVICE,119,24
Govt of Maharashtra,Silver Touch Technologies Ltd,358,2
Govt of Maharashtra,Smart Chip Limited,0,4
Govt of Maharashtra,TEAM LIFE CARE COMPANY INDIA P,0,4
Govt of Maharashtra,TechSmart India Pvt Ltd,3962,37
Govt of Maharashtra,Tera Software Ltd,0,17
Govt of Maharashtra,Transline Technologies P Ltd,848,13
Govt of Maharashtra,Wep Solution India Limited,0,4
Govt of Maharashtra,Wipro Ltd,322,14
Govt of Sikkim - Dept of Econo,4G IDENTITY SOLUTIONS,1,1
IDBI Bank ltd,Pioneer E Labs limited,6,0
Indian Overseas Bank,Karvy Computershare Private Li,0,1
Indiapost,4G IDENTITY SOLUTIONS,0,9
Indiapost,COMAT TECHNOLOGIES P LTD,62,9
Indiapost,Delhi Integrated MMTS Ltd,3,8
Indiapost,GLODYNE TECHNOSERVE,131,1
Indiapost,IL&FS LTD,0,8
Indiapost,Madras Security Printers Ltd,0,1
Indiapost,TEAM LIFE CARE COMPANY INDIA P,0,30
Indiapost,The NSIC ltd,0,2
Indiapost,The Peerless General Finance,0,2
Indiapost,UTI TECHNOLOGY SERVICES LIMITE,0,4
Indiapost,eCentric solutions pvt ltd,0,2
Jharkhand,Alankit Assignments Limited,400,6
Jharkhand,MKS Enterprises,1612,18
Jharkhand,Nevaeh Technology Pvt. Ltd.,1508,1
Jharkhand,STRATEGIC OUTSOURCING SERVICE,21,1
Jharkhand,Systematic & Advance Const P L,256,2
Jharkhand,VISION COMPTECH INTEGRATOR LTD,375,5
Jharkhand,Wipro Ltd,1804,24
Mission Convergence - GNCT Del,Alankit Assignments Limited,0,1
Mission Convergence - GNCT Del,STRATEGIC OUTSOURCING SERVICE,0,1
Mission Convergence - GNCT Del,Smart Chip Limited,0,1
N S D L,Abhipra Capital Ltd,86,14
N S D L,Alankit Assignments Limited,957,4
N S D L,Karvy Data Management Services,205,27
N S D L,PROWIZ MANSYTEMS PVT LTD,1114,7
Oriental Bank of Commerce,DATASOFT COMPUTER SERVICES(P),53,4
Oriental Bank of Commerce,IL&FS LTD,0,5
Oriental Bank of Commerce,Wipro Ltd,0,1
Punjab and Sind Bank,Matrix Processing House,0,2
RDD Govt of Tripura,Alankit Assignments Limited,26,12
Registrar General India - BEL,In Media Computer Services LLP,0,24
Registrar General India - BEL,Swathy Smartcards Hi-Tech Pvt,277,0
Registrar General India BEL2,Madras Security Printers Ltd,5826,1
Registrar General India BEL2,Om Softwares,154,3
Registrar General India BEL2,SREEVEN INFOCOM LIMITED,3492,0
Registrar General India BEL2,Swathy Smartcards Hi-Tech Pvt,10534,48
Registrar General India BEL2,Tera Software Ltd,842,1
Registrar General India BEL2,VIRGO SOFTECH LIMITED,50,0
Registrar General India ECIL,Clairvoyance Technologies Pvt.,59,0
Registrar General India ECIL,Computer LAB,1711,42
Registrar General India ECIL,Krishna Infotech,12,0
Registrar General India ECIL,Pioneer E Labs limited,3168,12
Registrar General India ECIL,SWISSTECH NPR 57CR PROJECT PVT,94,463
Registrar General India Others,Computer LAB,2,0
Registrar General India Others,Madras Security Printers Ltd,1,2
Registrar General India Others,Swathy Smartcards Hi-Tech Pvt,25,1
Registrar General of India ITI,Emdee Digitronics Pvt.Ltd.,659,0
Registrar General of India ITI,Swathy Smartcards Hi-Tech Pvt,1068,97
Registrar General of India ITI,TechSmart India Pvt Ltd,1,0
STATE BANK OF HYDERABAD,CSS TECHNERGY LIMITED,0,2
State Bank of Bikaner & Jaipur,Multiwave Innovation,4462,16
State Bank of India,4G IDENTITY SOLUTIONS,3,192
State Bank of India,COMAT TECHNOLOGIES P LTD,640,1
State Bank of India,CSS TECHNERGY LIMITED,0,130
State Bank of India,Delhi Integrated MMTS Ltd,0,2
State Bank of India,Eagle press pvt ltd,0,2
State Bank of India,IL&FS LTD,0,12
State Bank of India,Smart Chip Limited,0,19
State Bank of India,VIRGO SOFTECH LIMITED,13,3
State Bank of Travancore,Tera Software Ltd,10,0
Syndicate Bank,Smart Chip Limited,0,3
UDD Govt of Jharkhand,Blue Circle Instrument,289,2
UDD Govt of Jharkhand,IL&FS LTD,0,9
UDD Govt of Jharkhand,MKS Enterprises,287,10
UDD Govt of Jharkhand,Systematic & Advance Const P L,3,1
UIDAI-Registrar,UIDAI-EA,8,1
UT Of Daman and Diu,Alankit Assignments Limited,0,1
UT of Puducherry,Madras Security Printers Ltd,0,19
Union Bank,4G IDENTITY SOLUTIONS,3,24
Union Bank,Smart Chip Limited,3427,6
Union Bank,Vakrangee Softwares Limited,84,40
