Registrar,Enrolment Agency,Aadhaar generated,Enrolment Rejected
Bank Of India,A3 Logics  India  Ltd,5582,38
Bank Of India,CHESSY CONSULTANTS PVT LTD,465,0
Bank Of India,DATASOFT COMPUTER SERVICES(P),1566,0
Bank Of India,Frontech Systems Pvt Ltd,547,16
Bank Of India,ITI LIMITED,3367,19
Bank Of India,MANTRA SOFTTECH (INDIA) PVTLTD,2309,91
Bank Of India,Matrix Processing House,1145,27
Bank Of India,OPTIMIX CONSULTANCY PRIVATE LT,308,0
Bank Of India,OSWAL COMPUTERS & CONSULTANTS,4280,65
Bank Of India,PROTEX COMPUTER PVT LTD,955,27
Bank Of India,SARADA SYSTEMS,1256,3
Bank Of India,SHRIKRISHNA KHANDASARI SUGAR M,1205,8
Bank Of India,SPANCO,849,9
Bank Of India,Silver Touch Technologies Ltd,181,3
Bank Of India,Systematic & Advance Const P L,682,32
Bank Of India,Vakrangee Softwares Limited,2402,46
Bank of Baroda,DATASOFT COMPUTER SERVICES(P),0,2
Bank of Baroda,IL&FS LTD,0,1
Bank of Baroda,TEAM LIFE CARE COMPANY INDIA P,0,1
Canara Bank,Swiss Tech India Pvt Ltd,0,1
Central Bank of India,CALANCE SOFTWARE PRIVATE LTD,180,3
Central Bank of India,Frontech Systems Pvt Ltd,0,2
Central Bank of India,IAP COMPANY Pvt. Ltd,126,3
Central Bank of India,IL&FS LTD,0,1
Central Bank of India,MANTRA SOFTTECH (INDIA) PVTLTD,222,8
Central Bank of India,SREI INFRASTRUCTURE FINANCES L,0,1
Delhi - Central DC,Smart Chip Limited,0,2
Delhi - NE DC,Alankit Assignments Limited,630,34
Delhi SW DC,STRATEGIC OUTSOURCING SERVICE,0,5
Delhi Urban Shelter Improvemen,STRATEGIC OUTSOURCING SERVICE,0,2
Dept of ITC Govt of Rajasthan,ATISHAY INFOTECH PVT. LTD.,1355,60
Dept of ITC Govt of Rajasthan,Vakrangee Softwares Limited,73,5
FCR Govt of Haryana,Vakrangee Softwares Limited,4417,87
FCS Govt of Punjab,Alankit Assignments Limited,98,1
FCS Govt of Punjab,Alankit Finsec Ltd,0,2
FCS Govt of Punjab,Alankit Life Care Ltd,0,2
FCS Govt of Punjab,CSS TECHNERGY LIMITED,418,7
FCS Govt of Punjab,Delhi Integrated MMTS Ltd,145,1
FCS Govt of Punjab,Karvy Computershare Private Li,642,15
FCS Govt of Punjab,VIRGO SOFTECH LIMITED,1,0
FCS Govt of Punjab,eCentric solutions pvt ltd,6993,31
Govt of Andhra Pradesh,Gouthami Educational Society,0,24
Govt of Andhra Pradesh,GrapeSoft,0,19
Govt of Andhra Pradesh,IL&FS LTD,0,69
Govt of Andhra Pradesh,INFRONICS SYSTEMS LTD,830,28
Govt of Andhra Pradesh,Madras Security Printers Ltd,127,71
Govt of Andhra Pradesh,SREEVEN INFOCOM LIMITED,0,2
Govt of Andhra Pradesh,Smart Chip Limited,0,26
Govt of Andhra Pradesh,TechSmart India Pvt Ltd,0,85
Govt of Andhra Pradesh,Tera Software Ltd,0,16
Govt of Andhra Pradesh,eCentric solutions pvt ltd,0,33
Govt of Goa,COMAT TECHNOLOGIES P LTD,26,1
Govt of Goa,MARS Telecom Systems Pvt Ltd,265,3
Govt of Goa,Tera Software Ltd,84,0
Govt of Gujarat,GSS Infotech Ltd,3064,25
Govt of Gujarat,Karvy Computershare Private Li,680,0
Govt of Gujarat,Silver Touch Technologies Ltd,2091,6
Govt of Gujarat,Tera Software Ltd,414,0
Govt of Gujarat,Transline Technologies P Ltd,2228,18
Govt of Gujarat,Vayam technologies Ltd,1543,13
Govt of Gujarat,eCentric solutions pvt ltd,4547,19
Govt of Himachal Pradesh,IL&FS LTD,0,2
Govt of Himachal Pradesh,Wipro Ltd,3943,72
Govt of Himachal Pradesh,i-Grandee SoftwareTechnologies,5138,21
Govt of Karnataka ,COMAT TECHNOLOGIES P LTD,127,36
Govt of Karnataka ,GLODYNE TECHNOSERVE,0,2
Govt of Karnataka ,Integra Micro Systems Pvt.ltd,12,2
Govt of Karnataka ,Tera Software Ltd,0,12
Govt of Karnataka ,Wipro Ltd,0,34
Govt of Kerala,Akshaya,108737,230
Govt of Kerala,Keltron,9451,21
Govt of Madhya Pradesh,VIRGO SOFTECH LIMITED,861,242
Govt of Maharashtra,Alankit Assignments Limited,0,20
Govt of Maharashtra,Alankit Finsec Ltd,165,2
Govt of Maharashtra,COMAT TECHNOLOGIES P LTD,0,2
Govt of Maharashtra,GLODYNE TECHNOSERVE,3393,27
Govt of Maharashtra,GSS Infotech Ltd,0,8
Govt of Maharashtra,Karvy Computershare Private Li,4951,45
Govt of Maharashtra,Mahaonline Limited,0,12
Govt of Maharashtra,SPANCO,0,1
Govt of Maharashtra,STRATEGIC OUTSOURCING SERVICE,206,19
Govt of Maharashtra,Silver Touch Technologies Ltd,1529,56
Govt of Maharashtra,Smart Chip Limited,0,1
Govt of Maharashtra,TEAM LIFE CARE COMPANY INDIA P,0,5
Govt of Maharashtra,TechSmart India Pvt Ltd,6995,23
Govt of Maharashtra,Tera Software Ltd,0,34
Govt of Maharashtra,Transline Technologies P Ltd,4269,78
Govt of Maharashtra,Wep Solution India Limited,0,7
Govt of Maharashtra,Wipro Ltd,1939,57
Govt of Sikkim - Dept of Econo,4G IDENTITY SOLUTIONS,0,1
IDBI Bank ltd,Pioneer E Labs limited,27,0
Indiapost,COMAT TECHNOLOGIES P LTD,3,0
Indiapost,Delhi Integrated MMTS Ltd,0,2
Indiapost,GLODYNE TECHNOSERVE,290,6
Indiapost,GSS Infotech Ltd,0,1
Indiapost,IL&FS LTD,0,1
Indiapost,TEAM LIFE CARE COMPANY INDIA P,0,14
Indiapost,UTI TECHNOLOGY SERVICES LIMITE,0,1
Jharkhand,Alankit Assignments Limited,285,8
Jharkhand,Blue Circle Instrument,129,3
Jharkhand,IL&FS LTD,0,3
Jharkhand,MKS Enterprises,1851,7
Jharkhand,Nevaeh Technology Pvt. Ltd.,1430,15
Jharkhand,STRATEGIC OUTSOURCING SERVICE,198,36
Jharkhand,Smart ID,0,3
Jharkhand,Systematic & Advance Const P L,1669,4
Jharkhand,VISION COMPTECH INTEGRATOR LTD,1956,34
Jharkhand,Wipro Ltd,7127,49
Life Insurance Corporation,COMAT TECHNOLOGIES P LTD,0,1
Mission Convergence - GNCT Del,STRATEGIC OUTSOURCING SERVICE,0,3
Mission Convergence - GNCT Del,Smart Chip Limited,0,1
Mission Convergence - GNCT Del,Tera Software Ltd,0,1
N S D L,Abhipra Capital Ltd,4027,23
N S D L,Alankit Assignments Limited,6074,13
N S D L,Karvy Data Management Services,1256,14
N S D L,PROWIZ MANSYTEMS PVT LTD,3817,79
Oriental Bank of Commerce,DATASOFT COMPUTER SERVICES(P),225,3
Oriental Bank of Commerce,Wipro Ltd,0,1
RDD Govt of Tripura,Alankit Assignments Limited,53,35
Registrar General India - BEL,In Media Computer Services LLP,4,12
Registrar General India - BEL,Manipur Electronics Dev Corp,3,1
Registrar General India - BEL,Swathy Smartcards Hi-Tech Pvt,290,0
Registrar General India BEL2,Madras Security Printers Ltd,1989,8
Registrar General India BEL2,SREEVEN INFOCOM LIMITED,449,23
Registrar General India BEL2,Swathy Smartcards Hi-Tech Pvt,51730,169
Registrar General India BEL2,Tera Software Ltd,2348,2527
Registrar General India ECIL,Clairvoyance Technologies Pvt.,183,0
Registrar General India ECIL,Computer LAB,7086,10
Registrar General India ECIL,In Media Computer Services LLP,463,0
Registrar General India ECIL,Krishna Infotech,449,6
Registrar General India ECIL,Pioneer E Labs limited,2794,47
Registrar General India ECIL,SWISSTECH NPR 57CR PROJECT PVT,2234,1463
Registrar General India Others,Computer LAB,21,3
Registrar General India Others,Emdee Digitronics Pvt.Ltd.,0,1
Registrar General India Others,India Computer Technology,1,0
Registrar General India Others,Madras Security Printers Ltd,0,1
Registrar General India Others,SWISSTECH NPR 57CR PROJECT PVT,6,0
Registrar General India Others,Swathy Smartcards Hi-Tech Pvt,116,13
Registrar General India Others,Swiss Tech India Pvt Ltd,14,1
Registrar General India Others,TechSmart India Pvt Ltd,0,1
Registrar General of India ITI,Emdee Digitronics Pvt.Ltd.,3678,2582
Registrar General of India ITI,Swathy Smartcards Hi-Tech Pvt,19926,121
Registrar General of India ITI,WEBEL TECHNOLOGY LIMITED,5,0
State Bank of Bikaner & Jaipur,Multiwave Innovation,6525,559
State Bank of India,4G IDENTITY SOLUTIONS,1,44
State Bank of India,COMAT TECHNOLOGIES P LTD,0,1
State Bank of India,CSS TECHNERGY LIMITED,0,67
State Bank of India,Delhi Integrated MMTS Ltd,1,0
State Bank of India,Eagle press pvt ltd,0,4
State Bank of India,IL&FS LTD,0,11
State Bank of India,Smart Chip Limited,0,12
State Bank of India,VIRGO SOFTECH LIMITED,0,1
State Bank of Travancore,Tera Software Ltd,13,0
UDD Govt of Jharkhand,Blue Circle Instrument,160,23
UDD Govt of Jharkhand,IL&FS LTD,0,2
UDD Govt of Jharkhand,MKS Enterprises,291,14
UDD Govt of Jharkhand,Smart ID,0,1
UIDAI-Registrar,UIDAI-EA,16,0
UT Of Daman and Diu,Alankit Assignments Limited,0,1
UT of Puducherry,Madras Security Printers Ltd,5874,9
Union Bank,4G IDENTITY SOLUTIONS,0,3
Union Bank,Smart Chip Limited,7332,101
Union Bank,Vakrangee Softwares Limited,1035,133
