Registrar,Enrolment Agency,Aadhaar generated,Enrolment Rejected
Allahabad Bank,Tera Software Ltd,0,1
Bank Of India,A3 Logics  India  Ltd,9957,62
Bank Of India,CHESSY CONSULTANTS PVT LTD,19,1
Bank Of India,DATASOFT COMPUTER SERVICES(P),1,19
Bank Of India,Frontech Systems Pvt Ltd,22,13
Bank Of India,ITI LIMITED,77,32
Bank Of India,MANTRA SOFTTECH (INDIA) PVTLTD,19,24
Bank Of India,Matrix Processing House,53,13
Bank Of India,OPTIMIX CONSULTANCY PRIVATE LT,1,0
Bank Of India,OSWAL COMPUTERS & CONSULTANTS,73,56
Bank Of India,PROTEX COMPUTER PVT LTD,12,19
Bank Of India,SARADA SYSTEMS,66,3
Bank Of India,SHRIKRISHNA KHANDASARI SUGAR M,108,13
Bank Of India,SPANCO,23,12
Bank Of India,Silver Touch Technologies Ltd,2034,64
Bank Of India,Vakrangee Softwares Limited,60,35
Bank of Baroda,DATASOFT COMPUTER SERVICES(P),0,4
Bank of Baroda,IL&FS LTD,0,1
Canara Bank,Smart Chip Limited,0,1
Central Bank of India,CALANCE SOFTWARE PRIVATE LTD,0,8
Central Bank of India,Frontech Systems Pvt Ltd,0,5
Central Bank of India,GSS Infotech Ltd,0,1
Central Bank of India,IAP COMPANY Pvt. Ltd,12,7
Central Bank of India,IL&FS LTD,0,5
Central Bank of India,MANTRA SOFTTECH (INDIA) PVTLTD,8,4
Central Bank of India,SREI INFRASTRUCTURE FINANCES L,0,12
Central Bank of India,The Peerless General Finance,0,1
Civil Supplies - A&N Islands,India Computer Technology,0,1
Delhi - Central DC,Smart Chip Limited,0,1
Delhi - East DC,Tera Software Ltd,0,1
Delhi - ND DC,Smart Chip Limited,0,1
Delhi - NE DC,Alankit Assignments Limited,0,6
Delhi - North DC,DATASOFT COMPUTER SERVICES(P),0,1
Delhi - North DC,Smart Chip Limited,0,2
Delhi SW DC,STRATEGIC OUTSOURCING SERVICE,0,6
Delhi Urban Shelter Improvemen,Matrix Processing House,0,9
Delhi Urban Shelter Improvemen,STRATEGIC OUTSOURCING SERVICE,0,1
Delhi Urban Shelter Improvemen,Smart Chip Limited,0,2
Delhi Urban Shelter Improvemen,Tera Software Ltd,0,3
Delhi- South DC,Tera Software Ltd,0,3
Delhi- West DC,Matrix Processing House,0,1
Delhi- West DC,VIRGO SOFTECH LIMITED,0,5
Delhi-NW DC,Karvy Computershare Private Li,0,1
Delhi-NW DC,STRATEGIC OUTSOURCING SERVICE,0,6
Dept of ITC Govt of Rajasthan,ATISHAY INFOTECH PVT. LTD.,63,101
Dept of ITC Govt of Rajasthan,DATASOFT COMPUTER SERVICES(P),0,1
Dept of ITC Govt of Rajasthan,Vakrangee Softwares Limited,0,1
FCR Govt of Haryana,Vakrangee Softwares Limited,113,65
FCS Govt of Punjab,Alankit Assignments Limited,0,8
FCS Govt of Punjab,Alankit Finsec Ltd,0,3
FCS Govt of Punjab,CSS TECHNERGY LIMITED,129,6
FCS Govt of Punjab,Delhi Integrated MMTS Ltd,0,10
FCS Govt of Punjab,Karvy Computershare Private Li,18,2
FCS Govt of Punjab,VIRGO SOFTECH LIMITED,0,5
FCS Govt of Punjab,eCentric solutions pvt ltd,1483,19
Govt of Andhra Pradesh,Gouthami Educational Society,2,3
Govt of Andhra Pradesh,GrapeSoft,0,23
Govt of Andhra Pradesh,IL&FS LTD,0,31
Govt of Andhra Pradesh,INFRONICS SYSTEMS LTD,91,71
Govt of Andhra Pradesh,Madras Security Printers Ltd,55,67
Govt of Andhra Pradesh,SREEVEN INFOCOM LIMITED,0,1
Govt of Andhra Pradesh,TechSmart India Pvt Ltd,0,92
Govt of Andhra Pradesh,Tera Software Ltd,0,12
Govt of Andhra Pradesh,eCentric solutions pvt ltd,0,39
Govt of Goa,COMAT TECHNOLOGIES P LTD,138,0
Govt of Goa,MARS Telecom Systems Pvt Ltd,5115,38
Govt of Goa,Tera Software Ltd,723,2
Govt of Gujarat,GSS Infotech Ltd,38,11
Govt of Gujarat,Karvy Computershare Private Li,36,2
Govt of Gujarat,Silver Touch Technologies Ltd,52,2
Govt of Gujarat,Tera Software Ltd,4,0
Govt of Gujarat,Transline Technologies P Ltd,400,8
Govt of Gujarat,Vayam technologies Ltd,3497,26
Govt of Gujarat,eCentric solutions pvt ltd,21,5
Govt of Himachal Pradesh,Wipro Ltd,1306,67
Govt of Himachal Pradesh,i-Grandee SoftwareTechnologies,41,133
Govt of Karnataka ,COMAT TECHNOLOGIES P LTD,0,2
Govt of Karnataka ,GLODYNE TECHNOSERVE,0,29
Govt of Karnataka ,Integra Micro Systems Pvt.ltd,1,5
Govt of Karnataka ,Tera Software Ltd,0,7
Govt of Karnataka ,Wipro Ltd,0,6
Govt of Kerala,Akshaya,7004,60
Govt of Kerala,Keltron,55742,69
Govt of Madhya Pradesh,VIRGO SOFTECH LIMITED,1484,690
Govt of Maharashtra,Alankit Assignments Limited,0,61
Govt of Maharashtra,Alankit Finsec Ltd,7,0
Govt of Maharashtra,COMAT TECHNOLOGIES P LTD,0,12
Govt of Maharashtra,GLODYNE TECHNOSERVE,13,7
Govt of Maharashtra,GSS Infotech Ltd,0,14
Govt of Maharashtra,Karvy Computershare Private Li,235,94
Govt of Maharashtra,Mahaonline Limited,0,113
Govt of Maharashtra,SPANCO,0,31
Govt of Maharashtra,STRATEGIC OUTSOURCING SERVICE,0,13
Govt of Maharashtra,Silver Touch Technologies Ltd,117,11
Govt of Maharashtra,Smart Chip Limited,0,2
Govt of Maharashtra,TechSmart India Pvt Ltd,22,32
Govt of Maharashtra,Tera Software Ltd,0,34
Govt of Maharashtra,Transline Technologies P Ltd,1005,70
Govt of Maharashtra,Wep Solution India Limited,0,6
Govt of Maharashtra,Wipro Ltd,367,65
Govt of Sikkim - Dept of Econo,4G IDENTITY SOLUTIONS,67,1
IDBI Bank ltd,Pioneer E Labs limited,7,1
Indiapost,4G IDENTITY SOLUTIONS,3,4
Indiapost,COMAT TECHNOLOGIES P LTD,0,3
Indiapost,Delhi Integrated MMTS Ltd,1,32
Indiapost,GLODYNE TECHNOSERVE,3,1
Indiapost,GSS Infotech Ltd,0,2
Indiapost,IL&FS LTD,0,3
Indiapost,Madras Security Printers Ltd,0,3
Indiapost,TEAM LIFE CARE COMPANY INDIA P,0,30
Indiapost,The Peerless General Finance,0,1
Indiapost,UTI TECHNOLOGY SERVICES LIMITE,0,34
Indiapost,eCentric solutions pvt ltd,0,3
Jharkhand,Alankit Assignments Limited,24,3
Jharkhand,Blue Circle Instrument,1,1
Jharkhand,MKS Enterprises,17,14
Jharkhand,Nevaeh Technology Pvt. Ltd.,3,9
Jharkhand,STRATEGIC OUTSOURCING SERVICE,1,29
Jharkhand,Systematic & Advance Const P L,6,16
Jharkhand,VISION COMPTECH INTEGRATOR LTD,394,39
Jharkhand,Wipro Ltd,691,153
Mission Convergence - GNCT Del,Karvy Computershare Private Li,0,2
Mission Convergence - GNCT Del,STRATEGIC OUTSOURCING SERVICE,0,10
N S D L,Abhipra Capital Ltd,3637,86
N S D L,Alankit Assignments Limited,0,1
N S D L,Karvy Data Management Services,122,91
N S D L,PROWIZ MANSYTEMS PVT LTD,1436,405
Oriental Bank of Commerce,DATASOFT COMPUTER SERVICES(P),0,16
Oriental Bank of Commerce,IL&FS LTD,0,3
Oriental Bank of Commerce,Wipro Ltd,0,6
RDD Govt of Tripura,Alankit Assignments Limited,0,8
Registrar General India - BEL,In Media Computer Services LLP,10,0
Registrar General India - BEL,Swathy Smartcards Hi-Tech Pvt,1,0
Registrar General India BEL2,Om Softwares,37300,342
Registrar General India BEL2,Swathy Smartcards Hi-Tech Pvt,38826,12
Registrar General India BEL2,Tera Software Ltd,4,11
Registrar General India BEL2,VIRGO SOFTECH LIMITED,10,0
Registrar General India ECIL,Clairvoyance Technologies Pvt.,790,2
Registrar General India ECIL,Computer LAB,11718,12
Registrar General India ECIL,Krishna Infotech,7657,188
Registrar General India ECIL,Pioneer E Labs limited,181,1069
Registrar General India ECIL,SWISSTECH NPR 57CR PROJECT PVT,5531,685
Registrar General India ECIL,Vedavaag Systems Limited,650,45
Registrar General India Others,Madras Security Printers Ltd,0,1
Registrar General India Others,Om Softwares,0,1
Registrar General India Others,Swathy Smartcards Hi-Tech Pvt,4,4
Registrar General India Others,Vedavaag Systems Limited,5,0
Registrar General of India ITI,Swathy Smartcards Hi-Tech Pvt,16910,87
Registrar General of India ITI,TechSmart India Pvt Ltd,19,11
STATE BANK OF PATIALA,CSS TECHNERGY LIMITED,0,1
State Bank of Bikaner & Jaipur,Multiwave Innovation,579,640
State Bank of India,4G IDENTITY SOLUTIONS,0,113
State Bank of India,CSS TECHNERGY LIMITED,0,115
State Bank of India,Delhi Integrated MMTS Ltd,0,2
State Bank of India,Eagle press pvt ltd,0,5
State Bank of India,IL&FS LTD,0,9
State Bank of India,Smart Chip Limited,0,18
State Bank of India,VIRGO SOFTECH LIMITED,0,6
State Bank of Travancore,Tera Software Ltd,12,0
UDD Govt of Jharkhand,Blue Circle Instrument,0,2
UDD Govt of Jharkhand,IL&FS LTD,0,6
UDD Govt of Jharkhand,MKS Enterprises,0,4
UIDAI-Registrar,UIDAI-EA,1,1
UT Of Daman and Diu,Alankit Assignments Limited,0,1
Union Bank,4G IDENTITY SOLUTIONS,0,7
Union Bank,Smart Chip Limited,325,40
Union Bank,Vakrangee Softwares Limited,16,84
