Registrar,Enrolment Agency,Aadhaar generated,Enrolment Rejected
Bank Of India,A3 Logics  India  Ltd,1344,61
Bank Of India,CHESSY CONSULTANTS PVT LTD,78,0
Bank Of India,DATASOFT COMPUTER SERVICES(P),310,13
Bank Of India,Frontech Systems Pvt Ltd,512,14
Bank Of India,ITI LIMITED,1559,42
Bank Of India,MANTRA SOFTTECH (INDIA) PVTLTD,2165,86
Bank Of India,Matrix Processing House,2130,56
Bank Of India,OPTIMIX CONSULTANCY PRIVATE LT,1,3
Bank Of India,OSWAL COMPUTERS & CONSULTANTS,6077,74
Bank Of India,PROTEX COMPUTER PVT LTD,1131,15
Bank Of India,SARADA SYSTEMS,2275,21
Bank Of India,SHRIKRISHNA KHANDASARI SUGAR M,2012,12
Bank Of India,SPANCO,993,6
Bank Of India,Silver Touch Technologies Ltd,180,16
Bank Of India,Systematic & Advance Const P L,1344,44
Bank Of India,VEETECHNOLOGIES PVT. LTD,0,6
Bank Of India,Vakrangee Softwares Limited,5842,168
Bank of Baroda,DATASOFT COMPUTER SERVICES(P),0,2
Bank of Baroda,TEAM LIFE CARE COMPANY INDIA P,0,1
Central Bank of India,Frontech Systems Pvt Ltd,0,1
Central Bank of India,GSS Infotech Ltd,0,1
Central Bank of India,IAP COMPANY Pvt. Ltd,507,25
Central Bank of India,IL&FS LTD,0,3
Central Bank of India,MANTRA SOFTTECH (INDIA) PVTLTD,538,13
Central Bank of India,SREI INFRASTRUCTURE FINANCES L,0,1
Delhi - East DC,DATASOFT COMPUTER SERVICES(P),0,1
Delhi - NE DC,Alankit Assignments Limited,0,4
Delhi - North DC,DATASOFT COMPUTER SERVICES(P),0,2
Delhi SW DC,STRATEGIC OUTSOURCING SERVICE,0,1
Delhi Urban Shelter Improvemen,STRATEGIC OUTSOURCING SERVICE,0,4
Delhi-NW DC,Karvy Computershare Private Li,0,1
Dept of ITC Govt of Rajasthan,ATISHAY INFOTECH PVT. LTD.,481,43
Dept of ITC Govt of Rajasthan,Vakrangee Softwares Limited,26,3
FCR Govt of Haryana,Vakrangee Softwares Limited,2571,176
FCS Govt of Punjab,Alankit Assignments Limited,0,1
FCS Govt of Punjab,Alankit Life Care Ltd,0,1
FCS Govt of Punjab,CSS TECHNERGY LIMITED,495,30
FCS Govt of Punjab,Delhi Integrated MMTS Ltd,4,1
FCS Govt of Punjab,Diwakar Commercials Pvt Ltd,0,1
FCS Govt of Punjab,Karvy Computershare Private Li,4127,64
FCS Govt of Punjab,VIRGO SOFTECH LIMITED,7,0
FCS Govt of Punjab,eCentric solutions pvt ltd,202,44
Govt of Andhra Pradesh,Gouthami Educational Society,964,36
Govt of Andhra Pradesh,GrapeSoft,0,13
Govt of Andhra Pradesh,IL&FS LTD,0,15
Govt of Andhra Pradesh,INFRONICS SYSTEMS LTD,874,26
Govt of Andhra Pradesh,Madras Security Printers Ltd,636,76
Govt of Andhra Pradesh,SREEVEN INFOCOM LIMITED,0,1
Govt of Andhra Pradesh,Smart Chip Limited,0,15
Govt of Andhra Pradesh,TechSmart India Pvt Ltd,0,58
Govt of Andhra Pradesh,Tera Software Ltd,0,8
Govt of Andhra Pradesh,eCentric solutions pvt ltd,0,39
Govt of Goa,MARS Telecom Systems Pvt Ltd,995,21
Govt of Goa,Tera Software Ltd,108,4
Govt of Gujarat,GSS Infotech Ltd,2848,31
Govt of Gujarat,Karvy Computershare Private Li,1353,9
Govt of Gujarat,Silver Touch Technologies Ltd,3155,82
Govt of Gujarat,Tera Software Ltd,1392,30
Govt of Gujarat,Transline Technologies P Ltd,2978,49
Govt of Gujarat,Vayam technologies Ltd,2031,53
Govt of Gujarat,eCentric solutions pvt ltd,175,14
Govt of Himachal Pradesh,IL&FS LTD,0,3
Govt of Himachal Pradesh,Wipro Ltd,2956,53
Govt of Himachal Pradesh,i-Grandee SoftwareTechnologies,3371,68
Govt of Karnataka ,COMAT TECHNOLOGIES P LTD,0,28
Govt of Karnataka ,GLODYNE TECHNOSERVE,0,1
Govt of Karnataka ,Tera Software Ltd,0,5
Govt of Karnataka ,Wipro Ltd,0,21
Govt of Kerala,Akshaya,90918,721
Govt of Kerala,Keltron,9950,119
Govt of Madhya Pradesh,VIRGO SOFTECH LIMITED,689,130
Govt of Maharashtra,Alankit Assignments Limited,0,5
Govt of Maharashtra,Alankit Finsec Ltd,58,0
Govt of Maharashtra,COMAT TECHNOLOGIES P LTD,0,2
Govt of Maharashtra,GLODYNE TECHNOSERVE,2592,40
Govt of Maharashtra,GSS Infotech Ltd,0,12
Govt of Maharashtra,Karvy Computershare Private Li,5583,112
Govt of Maharashtra,Mahaonline Limited,0,2
Govt of Maharashtra,STRATEGIC OUTSOURCING SERVICE,341,17
Govt of Maharashtra,Silver Touch Technologies Ltd,3344,74
Govt of Maharashtra,Smart Chip Limited,0,2
Govt of Maharashtra,TEAM LIFE CARE COMPANY INDIA P,0,4
Govt of Maharashtra,TechSmart India Pvt Ltd,741,15
Govt of Maharashtra,Tera Software Ltd,0,20
Govt of Maharashtra,Transline Technologies P Ltd,5339,96
Govt of Maharashtra,Wep Solution India Limited,0,1
Govt of Maharashtra,Wipro Ltd,3265,180
Govt of Sikkim - Dept of Econo,4G IDENTITY SOLUTIONS,0,1
IDBI Bank ltd,Pioneer E Labs limited,127,0
Indiapost,Delhi Integrated MMTS Ltd,1,8
Indiapost,GLODYNE TECHNOSERVE,286,7
Indiapost,TEAM LIFE CARE COMPANY INDIA P,0,11
Jharkhand,Alankit Assignments Limited,152,5
Jharkhand,Blue Circle Instrument,0,1
Jharkhand,MKS Enterprises,992,34
Jharkhand,Nevaeh Technology Pvt. Ltd.,1554,16
Jharkhand,STRATEGIC OUTSOURCING SERVICE,947,19
Jharkhand,Smart ID,0,1
Jharkhand,Systematic & Advance Const P L,1456,39
Jharkhand,VISION COMPTECH INTEGRATOR LTD,2878,63
Jharkhand,Wipro Ltd,10059,385
Mission Convergence - GNCT Del,Smart Chip Limited,0,1
N S D L,Abhipra Capital Ltd,648,23
N S D L,Alankit Assignments Limited,343,28
N S D L,Karvy Data Management Services,348,12
N S D L,PROWIZ MANSYTEMS PVT LTD,7576,133
Oriental Bank of Commerce,DATASOFT COMPUTER SERVICES(P),38,3
RDD Govt of Tripura,Alankit Assignments Limited,290,671
Registrar General India - BEL,Manipur Electronics Dev Corp,1,0
Registrar General India - BEL,Swathy Smartcards Hi-Tech Pvt,178,0
Registrar General India BEL2,Madras Security Printers Ltd,6518,89
Registrar General India BEL2,SREEVEN INFOCOM LIMITED,7308,329
Registrar General India BEL2,Swathy Smartcards Hi-Tech Pvt,108923,419
Registrar General India BEL2,Tera Software Ltd,5034,6208
Registrar General India BEL2,VIRGO SOFTECH LIMITED,0,4
Registrar General India ECIL,Clairvoyance Technologies Pvt.,173,0
Registrar General India ECIL,Computer LAB,2342,46
Registrar General India ECIL,In Media Computer Services LLP,140,8
Registrar General India ECIL,Krishna Infotech,0,257
Registrar General India ECIL,Pioneer E Labs limited,10782,216
Registrar General India ECIL,SWISSTECH NPR 57CR PROJECT PVT,1322,1776
Registrar General India Others,Computer LAB,0,1
Registrar General India Others,Madras Security Printers Ltd,2,0
Registrar General India Others,SWISSTECH NPR 57CR PROJECT PVT,18,7
Registrar General India Others,Swathy Smartcards Hi-Tech Pvt,122,2
Registrar General of India ITI,Emdee Digitronics Pvt.Ltd.,960,5
Registrar General of India ITI,Swathy Smartcards Hi-Tech Pvt,3292,509
Registrar General of India ITI,WEBEL TECHNOLOGY LIMITED,58,2
State Bank of Bikaner & Jaipur,Multiwave Innovation,7415,329
State Bank of India,4G IDENTITY SOLUTIONS,0,36
State Bank of India,COMAT TECHNOLOGIES P LTD,0,1
State Bank of India,CSS TECHNERGY LIMITED,1,53
State Bank of India,Delhi Integrated MMTS Ltd,0,2
State Bank of India,IL&FS LTD,0,13
State Bank of India,Smart Chip Limited,0,13
State Bank of India,VIRGO SOFTECH LIMITED,132,2
State Bank of Travancore,Tera Software Ltd,50,2
UDD Govt of Jharkhand,Blue Circle Instrument,15,14
UDD Govt of Jharkhand,MKS Enterprises,633,7
UDD Govt of Jharkhand,Systematic & Advance Const P L,5,1
UIDAI-Registrar,UIDAI-EA,2,0
UT of Puducherry,Madras Security Printers Ltd,3326,9
Union Bank,4G IDENTITY SOLUTIONS,0,3
Union Bank,Smart Chip Limited,7849,147
Union Bank,Vakrangee Softwares Limited,739,66
