Registrar,Enrolment Agency,Aadhaar generated,Enrolment Rejected
Bank Of India,A3 Logics  India  Ltd,32,0
Bank Of India,ITI LIMITED,9,0
Bank Of India,Matrix Processing House,1,0
Bank Of India,OSWAL COMPUTERS & CONSULTANTS,17,0
Bank Of India,PROTEX COMPUTER PVT LTD,2,0
Bank Of India,SARADA SYSTEMS,1,0
Bank Of India,SPANCO,4,0
Bank Of India,Silver Touch Technologies Ltd,3,0
Bank Of India,Systematic & Advance Const P L,2,0
Bank Of India,Vakrangee Softwares Limited,26,0
Central Bank of India,CALANCE SOFTWARE PRIVATE LTD,1,0
Dept of ITC Govt of Rajasthan,Vakrangee Softwares Limited,1,0
FCR Govt of Haryana,Vakrangee Softwares Limited,1,0
Govt of Goa,COMAT TECHNOLOGIES P LTD,2,0
Govt of Goa,MARS Telecom Systems Pvt Ltd,14,0
Govt of Gujarat,Karvy Computershare Private Li,7,0
Govt of Gujarat,Silver Touch Technologies Ltd,47,0
Govt of Gujarat,Tera Software Ltd,1,0
Govt of Gujarat,Transline Technologies P Ltd,40,0
Govt of Gujarat,Vayam technologies Ltd,5,0
Govt of Himachal Pradesh,Wipro Ltd,9,0
Govt of Karnataka ,GLODYNE TECHNOSERVE,1,0
Govt of Karnataka ,Tera Software Ltd,1,0
Govt of Kerala,Akshaya,5819,0
Govt of Kerala,Keltron,11,0
Govt of Madhya Pradesh,VIRGO SOFTECH LIMITED,3,0
Govt of Maharashtra,Karvy Computershare Private Li,16,0
Govt of Maharashtra,STRATEGIC OUTSOURCING SERVICE,7,0
Govt of Maharashtra,Silver Touch Technologies Ltd,5,0
Govt of Maharashtra,Transline Technologies P Ltd,190,0
Govt of Maharashtra,Wipro Ltd,25,0
Jharkhand,STRATEGIC OUTSOURCING SERVICE,12,0
Jharkhand,Systematic & Advance Const P L,73,0
Jharkhand,Wipro Ltd,14,0
N S D L,Abhipra Capital Ltd,1873,0
N S D L,Karvy Data Management Services,1812,0
N S D L,PROWIZ MANSYTEMS PVT LTD,5,0
Registrar General India - BEL,In Media Computer Services LLP,2,0
Registrar General India - BEL,Manipur Electronics Dev Corp,2035,0
Registrar General India - BEL,Swathy Smartcards Hi-Tech Pvt,779,0
Registrar General India BEL2,Swathy Smartcards Hi-Tech Pvt,44667,0
Registrar General India ECIL,Computer LAB,43,0
Registrar General India ECIL,In Media Computer Services LLP,7540,0
Registrar General India ECIL,Pioneer E Labs limited,1,0
Registrar General India ECIL,SWISSTECH NPR 57CR PROJECT PVT,652,0
Registrar General of India ITI,Emdee Digitronics Pvt.Ltd.,7,0
Registrar General of India ITI,Swathy Smartcards Hi-Tech Pvt,20186,0
State Bank of Bikaner & Jaipur,Multiwave Innovation,14,0
Union Bank,Smart Chip Limited,25,0
Union Bank,Vakrangee Softwares Limited,11,0
