Registrar,Enrolment Agency,Aadhaar generated,Enrolment Rejected
Bank Of India,MANTRA SOFTTECH (INDIA) PVTLTD,6,0
Bank Of India,OPTIMIX CONSULTANCY PRIVATE LT,21,0
Bank Of India,OSWAL COMPUTERS & CONSULTANTS,183,0
Bank Of India,SPANCO,153,0
Bank Of India,Silver Touch Technologies Ltd,172,0
Bank Of India,Systematic & Advance Const P L,187,0
Bank Of India,Vakrangee Softwares Limited,1635,0
Dept of ITC Govt of Rajasthan,Vakrangee Softwares Limited,170,0
FCR Govt of Haryana,Vakrangee Softwares Limited,757,0
FCS Govt of Punjab,Karvy Computershare Private Li,8,0
FCS Govt of Punjab,VIRGO SOFTECH LIMITED,7,0
Govt of Andhra Pradesh,SREEVEN INFOCOM LIMITED,1,0
Govt of Andhra Pradesh,Tera Software Ltd,1,0
Govt of Goa,MARS Telecom Systems Pvt Ltd,9,0
Govt of Goa,Tera Software Ltd,34,0
Govt of Gujarat,Karvy Computershare Private Li,1,0
Govt of Gujarat,Silver Touch Technologies Ltd,1748,0
Govt of Gujarat,Tera Software Ltd,423,0
Govt of Gujarat,Transline Technologies P Ltd,305,0
Govt of Gujarat,Vayam technologies Ltd,75,0
Govt of Himachal Pradesh,Wipro Ltd,1175,0
Govt of Kerala,Akshaya,446,0
Govt of Kerala,Keltron,56,0
Govt of Madhya Pradesh,VIRGO SOFTECH LIMITED,147,0
Govt of Maharashtra,Karvy Computershare Private Li,16,0
Govt of Maharashtra,STRATEGIC OUTSOURCING SERVICE,173,0
Govt of Maharashtra,Silver Touch Technologies Ltd,472,0
Govt of Maharashtra,Transline Technologies P Ltd,697,0
Govt of Maharashtra,Wipro Ltd,1200,0
IDBI Bank ltd,Pioneer E Labs limited,8,0
Jharkhand,MKS Enterprises,2,0
Jharkhand,Nevaeh Technology Pvt. Ltd.,56,0
Jharkhand,STRATEGIC OUTSOURCING SERVICE,119,0
Jharkhand,Systematic & Advance Const P L,435,0
Jharkhand,VISION COMPTECH INTEGRATOR LTD,1124,0
Jharkhand,Wipro Ltd,2471,0
N S D L,PROWIZ MANSYTEMS PVT LTD,565,0
Registrar General India - BEL,Swathy Smartcards Hi-Tech Pvt,1670,0
Registrar General India BEL2,SREEVEN INFOCOM LIMITED,3,0
Registrar General India BEL2,Swathy Smartcards Hi-Tech Pvt,56619,0
Registrar General India BEL2,Tera Software Ltd,287,0
Registrar General India BEL2,VIRGO SOFTECH LIMITED,64,0
Registrar General India ECIL,Pioneer E Labs limited,73,0
Registrar General of India ITI,Swathy Smartcards Hi-Tech Pvt,7938,0
Registrar General of India ITI,WEBEL TECHNOLOGY LIMITED,41,0
State Bank of Bikaner & Jaipur,Multiwave Innovation,53,0
Union Bank,Smart Chip Limited,110,0
Union Bank,Vakrangee Softwares Limited,649,0
