Registrar,Enrolment Agency,Aadhaar generated,Enrolment Rejected
Bank Of India,A3 Logics  India  Ltd,12909,366
Bank Of India,CHESSY CONSULTANTS PVT LTD,43,0
Bank Of India,DATASOFT COMPUTER SERVICES(P),16,4
Bank Of India,Frontech Systems Pvt Ltd,617,16
Bank Of India,ITI LIMITED,4349,7
Bank Of India,MANTRA SOFTTECH (INDIA) PVTLTD,950,20
Bank Of India,Matrix Processing House,242,9
Bank Of India,OPTIMIX CONSULTANCY PRIVATE LT,400,0
Bank Of India,OSWAL COMPUTERS & CONSULTANTS,3335,37
Bank Of India,PROTEX COMPUTER PVT LTD,601,5
Bank Of India,SARADA SYSTEMS,1369,0
Bank Of India,SHRIKRISHNA KHANDASARI SUGAR M,653,1
Bank Of India,SPANCO,986,3
Bank Of India,Silver Touch Technologies Ltd,454,17
Bank Of India,Systematic & Advance Const P L,333,7
Bank Of India,Vakrangee Softwares Limited,3129,94
Central Bank of India,CALANCE SOFTWARE PRIVATE LTD,30,0
Central Bank of India,MANTRA SOFTTECH (INDIA) PVTLTD,2,0
Delhi - NE DC,Alankit Assignments Limited,52,42
Dept of ITC Govt of Rajasthan,ATISHAY INFOTECH PVT. LTD.,1891,40
Dept of ITC Govt of Rajasthan,Vakrangee Softwares Limited,288,11
FCR Govt of Haryana,Vakrangee Softwares Limited,1580,10
FCS Govt of Punjab,Alankit Assignments Limited,5,0
FCS Govt of Punjab,CSS TECHNERGY LIMITED,457,14
FCS Govt of Punjab,Delhi Integrated MMTS Ltd,380,0
FCS Govt of Punjab,Karvy Computershare Private Li,3391,9
FCS Govt of Punjab,VIRGO SOFTECH LIMITED,20,0
FCS Govt of Punjab,eCentric solutions pvt ltd,3482,19
Govt of Andhra Pradesh,Gouthami Educational Society,0,1
Govt of Andhra Pradesh,GrapeSoft,0,2
Govt of Andhra Pradesh,INFRONICS SYSTEMS LTD,21,5
Govt of Andhra Pradesh,Madras Security Printers Ltd,2,2
Govt of Andhra Pradesh,SREEVEN INFOCOM LIMITED,1,0
Govt of Andhra Pradesh,TechSmart India Pvt Ltd,1,1
Govt of Andhra Pradesh,Tera Software Ltd,1,16
Govt of Andhra Pradesh,eCentric solutions pvt ltd,11,7
Govt of Goa,COMAT TECHNOLOGIES P LTD,87,0
Govt of Goa,MARS Telecom Systems Pvt Ltd,2135,11
Govt of Goa,Tera Software Ltd,70,0
Govt of Gujarat,GSS Infotech Ltd,1742,11
Govt of Gujarat,Karvy Computershare Private Li,2237,4
Govt of Gujarat,Silver Touch Technologies Ltd,3724,29
Govt of Gujarat,Tera Software Ltd,838,11
Govt of Gujarat,Transline Technologies P Ltd,676,14
Govt of Gujarat,Vayam technologies Ltd,162,0
Govt of Gujarat,eCentric solutions pvt ltd,1917,18
Govt of Himachal Pradesh,Wipro Ltd,2311,37
Govt of Himachal Pradesh,i-Grandee SoftwareTechnologies,2502,12
Govt of Karnataka ,COMAT TECHNOLOGIES P LTD,0,2
Govt of Kerala,Akshaya,11555,77
Govt of Kerala,Keltron,144,2
Govt of Madhya Pradesh,VIRGO SOFTECH LIMITED,330,84
Govt of Maharashtra,Alankit Assignments Limited,0,2
Govt of Maharashtra,Alankit Finsec Ltd,116,0
Govt of Maharashtra,Eagle press pvt ltd,1030,3
Govt of Maharashtra,GLODYNE TECHNOSERVE,1636,6
Govt of Maharashtra,GSS Infotech Ltd,0,1
Govt of Maharashtra,Karvy Computershare Private Li,8576,61
Govt of Maharashtra,STRATEGIC OUTSOURCING SERVICE,335,0
Govt of Maharashtra,Silver Touch Technologies Ltd,860,8
Govt of Maharashtra,TechSmart India Pvt Ltd,2589,0
Govt of Maharashtra,Transline Technologies P Ltd,1499,61
Govt of Maharashtra,Wipro Ltd,2498,4
Govt of Sikkim - Dept of Econo,4G IDENTITY SOLUTIONS,1,1
IDBI Bank ltd,Pioneer E Labs limited,115,0
Indiapost,Delhi Integrated MMTS Ltd,2,0
Indiapost,GLODYNE TECHNOSERVE,652,8
Jharkhand,Alankit Assignments Limited,190,0
Jharkhand,Blue Circle Instrument,87,1
Jharkhand,MKS Enterprises,5311,21
Jharkhand,Nevaeh Technology Pvt. Ltd.,1071,2
Jharkhand,STRATEGIC OUTSOURCING SERVICE,252,6
Jharkhand,Systematic & Advance Const P L,982,6
Jharkhand,VISION COMPTECH INTEGRATOR LTD,2251,49
Jharkhand,Wipro Ltd,5132,120
N S D L,Abhipra Capital Ltd,1,69
N S D L,Alankit Assignments Limited,922,0
N S D L,Karvy Data Management Services,10,20
N S D L,PROWIZ MANSYTEMS PVT LTD,1020,106
Oriental Bank of Commerce,DATASOFT COMPUTER SERVICES(P),21,0
Oriental Bank of Commerce,Wipro Ltd,0,1
RDD Govt of Tripura,Alankit Assignments Limited,1,17
Registrar General India BEL2,Madras Security Printers Ltd,80,0
Registrar General India BEL2,SREEVEN INFOCOM LIMITED,0,9
Registrar General India BEL2,Swathy Smartcards Hi-Tech Pvt,25285,822
Registrar General India BEL2,Tera Software Ltd,588,2
Registrar General India BEL2,VIRGO SOFTECH LIMITED,131,0
Registrar General India ECIL,Computer LAB,19715,11
Registrar General India ECIL,In Media Computer Services LLP,0,7
Registrar General India ECIL,Pioneer E Labs limited,7626,2
Registrar General India ECIL,SWISSTECH NPR 57CR PROJECT PVT,0,70
Registrar General India Others,India Computer Technology,13,0
Registrar General India Others,Madras Security Printers Ltd,9,0
Registrar General India Others,Swathy Smartcards Hi-Tech Pvt,59,0
Registrar General of India ITI,Emdee Digitronics Pvt.Ltd.,984,0
Registrar General of India ITI,Swathy Smartcards Hi-Tech Pvt,0,4
Registrar General of India ITI,WEBEL TECHNOLOGY LIMITED,95,0
State Bank of Bikaner & Jaipur,Multiwave Innovation,6102,167
State Bank of India,4G IDENTITY SOLUTIONS,0,4
State Bank of India,CSS TECHNERGY LIMITED,2,2
State Bank of India,Delhi Integrated MMTS Ltd,532,0
State Bank of India,Smart Chip Limited,1,0
UDD Govt of Jharkhand,MKS Enterprises,288,4
UT of Puducherry,Madras Security Printers Ltd,743,4
Union Bank,Smart Chip Limited,6732,40
Union Bank,Vakrangee Softwares Limited,1301,21
