Registrar,Enrolment Agency,Aadhaar generated,Enrolment Rejected
Allahabad Bank,IL&FS LTD,67,0
Allahabad Bank,Tera Software Ltd,44,0
Allahabad Bank,Vakrangee Softwares Limited,14,0
Bank Of India,A3 Logics  India  Ltd,4385,45
Bank Of India,CHESSY CONSULTANTS PVT LTD,23,1
Bank Of India,DATASOFT COMPUTER SERVICES(P),357,1
Bank Of India,Emdee Digitronics Pvt.Ltd.,3,0
Bank Of India,Frontech Systems Pvt Ltd,186,4
Bank Of India,ITI LIMITED,148,3
Bank Of India,Integra Micro Systems Pvt.ltd,23,0
Bank Of India,MANTRA SOFTTECH (INDIA) PVTLTD,23,15
Bank Of India,Matrix Processing House,12,15
Bank Of India,OSWAL COMPUTERS & CONSULTANTS,14,14
Bank Of India,PROTEX COMPUTER PVT LTD,9,8
Bank Of India,SARADA SYSTEMS,1,5
Bank Of India,SHRIKRISHNA KHANDASARI SUGAR M,3,3
Bank Of India,SPANCO,1,2
Bank Of India,SREI INFRASTRUCTURE FINANCES L,4,0
Bank Of India,Silver Touch Technologies Ltd,976,7
Bank Of India,Systematic & Advance Const P L,8,0
Bank Of India,VEETECHNOLOGIES PVT. LTD,6,0
Bank Of India,Vakrangee Softwares Limited,11,18
Bank of Baroda,DATASOFT COMPUTER SERVICES(P),40,0
Bank of Baroda,IL&FS LTD,85,0
Bank of Baroda,TEAM LIFE CARE COMPANY INDIA P,230,0
Bank of Maharashtra,Alankit Assignments Limited,4,0
Canara Bank,Rosmerta technoliges Limited,3,0
Canara Bank,Smart Chip Limited,13,0
Canara Bank,Swiss Tech India Pvt Ltd,1,0
Central Bank of India,CALANCE SOFTWARE PRIVATE LTD,125,0
Central Bank of India,Frontech Systems Pvt Ltd,6,0
Central Bank of India,GSS Infotech Ltd,67,0
Central Bank of India,IAP COMPANY Pvt. Ltd,58,0
Central Bank of India,IL&FS LTD,72,0
Central Bank of India,Integra Micro Systems Pvt.ltd,1,0
Central Bank of India,MANTRA SOFTTECH (INDIA) PVTLTD,65,1
Central Bank of India,SREI INFRASTRUCTURE FINANCES L,16,0
Central Bank of India,The Peerless General Finance,75,0
Civil Supplies - A&N Islands,India Computer Technology,5,0
Delhi - Central DC,Smart Chip Limited,34,0
Delhi - East DC,DATASOFT COMPUTER SERVICES(P),30,0
Delhi - East DC,IAP COMPANY Pvt. Ltd,6,0
Delhi - East DC,Tera Software Ltd,142,0
Delhi - ND DC,Smart Chip Limited,17,0
Delhi - NE DC,Alankit Assignments Limited,141,0
Delhi - NE DC,Smart ID,14,0
Delhi - North DC,DATASOFT COMPUTER SERVICES(P),5,0
Delhi - North DC,Smart Chip Limited,25,0
Delhi SW DC,STRATEGIC OUTSOURCING SERVICE,196,0
Delhi Urban Shelter Improvemen,Alankit Assignments Limited,1,0
Delhi Urban Shelter Improvemen,Matrix Processing House,24,0
Delhi Urban Shelter Improvemen,STRATEGIC OUTSOURCING SERVICE,20,0
Delhi Urban Shelter Improvemen,Smart Chip Limited,11,0
Delhi Urban Shelter Improvemen,Tera Software Ltd,98,0
Delhi- South DC,Tera Software Ltd,275,0
Delhi- South DC,eCentric solutions pvt ltd,174,0
Delhi- West DC,Matrix Processing House,235,0
Delhi- West DC,VIRGO SOFTECH LIMITED,28,0
Delhi-NW DC,Karvy Computershare Private Li,2326,0
Delhi-NW DC,STRATEGIC OUTSOURCING SERVICE,89,0
Dept of ITC Govt of Rajasthan,ATISHAY INFOTECH PVT. LTD.,508,24
Dept of ITC Govt of Rajasthan,DATASOFT COMPUTER SERVICES(P),1,0
Dept of ITC Govt of Rajasthan,GSS Infotech Ltd,15,0
Dept of ITC Govt of Rajasthan,TechSmart India Pvt Ltd,7,0
Dept of ITC Govt of Rajasthan,Vakrangee Softwares Limited,3,0
FCR Govt of Haryana,Vakrangee Softwares Limited,7,12
FCS Govt of Punjab,Alankit Assignments Limited,31,0
FCS Govt of Punjab,Alankit Finsec Ltd,26,0
FCS Govt of Punjab,Alankit Life Care Ltd,12,0
FCS Govt of Punjab,CSS TECHNERGY LIMITED,21,1
FCS Govt of Punjab,Delhi Integrated MMTS Ltd,13,0
FCS Govt of Punjab,Diwakar Commercials Pvt Ltd,8,0
FCS Govt of Punjab,Karvy Computershare Private Li,1,4
FCS Govt of Punjab,VIRGO SOFTECH LIMITED,71,1
FCS Govt of Punjab,VISESH INFOTECNICS LIMITED,21,0
FCS Govt of Punjab,eCentric solutions pvt ltd,9,2
Govt of Andhra Pradesh,Gouthami Educational Society,472,9
Govt of Andhra Pradesh,GrapeSoft,6,0
Govt of Andhra Pradesh,IL&FS LTD,246,0
Govt of Andhra Pradesh,INFRONICS SYSTEMS LTD,1315,107
Govt of Andhra Pradesh,Madras Security Printers Ltd,244,4
Govt of Andhra Pradesh,SREEVEN INFOCOM LIMITED,5,0
Govt of Andhra Pradesh,Smart Chip Limited,81,0
Govt of Andhra Pradesh,TechSmart India Pvt Ltd,131,0
Govt of Andhra Pradesh,Tera Software Ltd,449,0
Govt of Andhra Pradesh,eCentric solutions pvt ltd,23,0
Govt of Goa,COMAT TECHNOLOGIES P LTD,70,0
Govt of Goa,MARS Telecom Systems Pvt Ltd,1940,5
Govt of Goa,Tera Software Ltd,287,0
Govt of Gujarat,GSS Infotech Ltd,850,17
Govt of Gujarat,Karvy Computershare Private Li,0,5
Govt of Gujarat,Silver Touch Technologies Ltd,3,7
Govt of Gujarat,Tera Software Ltd,2,2
Govt of Gujarat,Transline Technologies P Ltd,34,6
Govt of Gujarat,Vayam technologies Ltd,604,5
Govt of Gujarat,eCentric solutions pvt ltd,167,6
Govt of Himachal Pradesh,IL&FS LTD,32,0
Govt of Himachal Pradesh,Wipro Ltd,236,11
Govt of Himachal Pradesh,i-Grandee SoftwareTechnologies,378,12
Govt of Karnataka ,COMAT TECHNOLOGIES P LTD,79,0
Govt of Karnataka ,GLODYNE TECHNOSERVE,276,0
Govt of Karnataka ,Integra Micro Systems Pvt.ltd,563,0
Govt of Karnataka ,Tera Software Ltd,271,0
Govt of Karnataka ,Wipro Ltd,510,0
Govt of Kerala,Akshaya,31587,202
Govt of Kerala,Keltron,18035,45
Govt of Madhya Pradesh,VIRGO SOFTECH LIMITED,23,23
Govt of Maharashtra,Alankit Assignments Limited,50,0
Govt of Maharashtra,Alankit Finsec Ltd,43,0
Govt of Maharashtra,COMAT TECHNOLOGIES P LTD,16,0
Govt of Maharashtra,Eagle press pvt ltd,2,0
Govt of Maharashtra,GLODYNE TECHNOSERVE,415,10
Govt of Maharashtra,GSS Infotech Ltd,98,0
Govt of Maharashtra,Karvy Computershare Private Li,2206,18
Govt of Maharashtra,Mahaonline Limited,675,0
Govt of Maharashtra,SPANCO,79,0
Govt of Maharashtra,STRATEGIC OUTSOURCING SERVICE,57,0
Govt of Maharashtra,Silver Touch Technologies Ltd,8,11
Govt of Maharashtra,Smart Chip Limited,57,0
Govt of Maharashtra,TEAM LIFE CARE COMPANY INDIA P,12,0
Govt of Maharashtra,TechSmart India Pvt Ltd,708,7
Govt of Maharashtra,Tera Software Ltd,291,0
Govt of Maharashtra,Transline Technologies P Ltd,95,9
Govt of Maharashtra,Wep Solution India Limited,358,0
Govt of Maharashtra,Wipro Ltd,3343,22
Govt of Sikkim - Dept of Econo,4G IDENTITY SOLUTIONS,22,0
IDBI Bank ltd,GSS Infotech Ltd,1,0
IDBI Bank ltd,Pioneer E Labs limited,50,0
IDBI Bank ltd,SREEVEN INFOCOM LIMITED,8,0
IGNOU,VIRGO SOFTECH LIMITED,118,0
IGNOU,Vakrangee Softwares Limited,8,0
Indian Bank,i-Grandee SoftwareTechnologies,2,0
Indian Overseas Bank,Eagle Software India Pvt. Ltd,54,0
Indian Overseas Bank,Karvy Computershare Private Li,123,0
Indiapost,4G IDENTITY SOLUTIONS,297,0
Indiapost,COMAT TECHNOLOGIES P LTD,192,0
Indiapost,Delhi Integrated MMTS Ltd,50,15
Indiapost,Eagle press pvt ltd,23,0
Indiapost,GLODYNE TECHNOSERVE,161,0
Indiapost,GSS Infotech Ltd,27,0
Indiapost,IL&FS LTD,170,0
Indiapost,Madras Security Printers Ltd,18,0
Indiapost,Smart Chip Limited,16,0
Indiapost,TEAM LIFE CARE COMPANY INDIA P,330,0
Indiapost,The NSIC ltd,55,0
Indiapost,The Peerless General Finance,59,0
Indiapost,UTI TECHNOLOGY SERVICES LIMITE,904,0
Indiapost,WEBEL,27,0
Indiapost,eCentric solutions pvt ltd,14,0
Jammu and Kashmir Bank,COMTECH INSTITUTE OFTECHNOLOGY,2,0
Jharkhand,Alankit Assignments Limited,260,0
Jharkhand,Blue Circle Instrument,5,1
Jharkhand,IL&FS LTD,1,0
Jharkhand,MKS Enterprises,19,6
Jharkhand,STRATEGIC OUTSOURCING SERVICE,2,26
Jharkhand,Systematic & Advance Const P L,6,7
Jharkhand,VISION COMPTECH INTEGRATOR LTD,51,5
Jharkhand,Wipro Ltd,123,42
Life Insurance Corporation,COMAT TECHNOLOGIES P LTD,3,0
Life Insurance Corporation,DATASOFT COMPUTER SERVICES(P),1,0
Life Insurance Corporation,Emdee Digitronics Pvt.Ltd.,2,0
Life Insurance Corporation,MICROVIEWS INFOSYSTEMS PVT LTD,4,0
Life Insurance Corporation,Smart ID,3,0
Life Insurance Corporation,eCentric solutions pvt ltd,2,0
Mission Convergence - GNCT Del,Alankit Assignments Limited,2,0
Mission Convergence - GNCT Del,IL&FS LTD,12,0
Mission Convergence - GNCT Del,Karvy Computershare Private Li,53,0
Mission Convergence - GNCT Del,Matrix Processing House,27,0
Mission Convergence - GNCT Del,STRATEGIC OUTSOURCING SERVICE,33,0
Mission Convergence - GNCT Del,Smart Chip Limited,10,0
Mission Convergence - GNCT Del,Tera Software Ltd,22,0
Mission Convergence - GNCT Del,eCentric solutions pvt ltd,17,0
N S D L,Abhipra Capital Ltd,762,6
N S D L,Alankit Assignments Limited,715,1
N S D L,INTEGRATED REGISTRY SERVICES,17,0
N S D L,Karvy Data Management Services,22833,1
N S D L,PROWIZ MANSYTEMS PVT LTD,206,32
N S D L,RELIGARE SECURITIES LTD,4,0
Oriental Bank of Commerce,DATASOFT COMPUTER SERVICES(P),72,0
Oriental Bank of Commerce,IL&FS LTD,126,0
Oriental Bank of Commerce,The NSIC ltd,3,0
Oriental Bank of Commerce,Wipro Ltd,203,0
Punjab and Sind Bank,Matrix Processing House,48,0
RDD Govt of Tripura,Alankit Assignments Limited,551,623
Registrar General India - BEL,In Media Computer Services LLP,6,0
Registrar General India - BEL,Manipur Electronics Dev Corp,1,0
Registrar General India - BEL,Swathy Smartcards Hi-Tech Pvt,9,0
Registrar General India BEL2,Madras Security Printers Ltd,7812,3
Registrar General India BEL2,Om Softwares,7462,134
Registrar General India BEL2,SREEVEN INFOCOM LIMITED,0,2
Registrar General India BEL2,Swathy Smartcards Hi-Tech Pvt,38992,101
Registrar General India BEL2,Tera Software Ltd,1,9
Registrar General India BEL2,VIRGO SOFTECH LIMITED,4,7
Registrar General India ECIL,Computer LAB,6678,123
Registrar General India ECIL,Krishna Infotech,0,5
Registrar General India ECIL,Pioneer E Labs limited,381,105
Registrar General India ECIL,SWISSTECH NPR 57CR PROJECT PVT,875,170
Registrar General India Others,Swathy Smartcards Hi-Tech Pvt,165,2
Registrar General India Others,Vedavaag Systems Limited,5,0
Registrar General of India ITI,Swathy Smartcards Hi-Tech Pvt,9186,197
STATE BANK OF PATIALA,CSS TECHNERGY LIMITED,2,0
State Bank of Bikaner & Jaipur,Multiwave Innovation,48,490
State Bank of India,4G IDENTITY SOLUTIONS,213,0
State Bank of India,COMAT TECHNOLOGIES P LTD,5,0
State Bank of India,CSS TECHNERGY LIMITED,48,0
State Bank of India,Delhi Integrated MMTS Ltd,15,0
State Bank of India,Eagle press pvt ltd,38,0
State Bank of India,IL&FS LTD,62,0
State Bank of India,Smart Chip Limited,108,0
State Bank of India,VIRGO SOFTECH LIMITED,34,0
State Bank of Travancore,Tera Software Ltd,99,1
UDD Govt of Jharkhand,Blue Circle Instrument,161,0
UDD Govt of Jharkhand,IL&FS LTD,44,0
UDD Govt of Jharkhand,MKS Enterprises,29,0
UDD Govt of Jharkhand,Smart ID,28,0
UDD Govt of Jharkhand,Systematic & Advance Const P L,17,0
UIDAI-Registrar,UIDAI-EA,6,0
UT Of Daman and Diu,Alankit Assignments Limited,6,0
UT of Puducherry,Madras Security Printers Ltd,10,0
Union Bank,4G IDENTITY SOLUTIONS,63,0
Union Bank,Smart Chip Limited,85,6
Union Bank,Vakrangee Softwares Limited,1582,4
United Bank of India,Atyati Technologies Pvt Ltd,21,0
