Name of State/UT,Name of District,Population (Census),Aadhaar Generated,Aadhaar Saturation %,District Code
Andhra pradesh,Adilabad,2737738,2763817,100.95%,SD001
Uttar Pradesh,Agra,4380793,2199305,50.20%,SD002
Gujarat,Ahmedabad,7208200,4183414,58.04%,SD003
Maharashtra,Ahmednagar,4543083,3728429,82.07%,SD004
Mizoram,Aizawl,404054,79325,19.63%,SD005
Rajasthan,Ajmer,2584913,2012197,77.84%,SD006
Maharashtra,Akola,1818617,1416239,77.87%,SD007
Kerala,Alappuzha,2121943,2021451,95.26%,SD008
Uttar Pradesh,Aligarh,3673849,1160891,31.60%,SD009
Madhya Pradesh,Alirajpur,728677,561477,77.05%,SD010
Uttar Pradesh,Allahabad,5959798,1663382,27.91%,SD011
Uttarakhand,Almora,621927,166313,26.74%,SD012
Rajasthan,Alwar,3671999,2560009,69.72%,SD013
Haryana,Ambala,1136784,1028496,90.47%,SD014
Uttar Pradesh,Ambedkar Nagar,2398709,565076,23.56%,SD015
Maharashtra,Amravati,2887826,2466533,85.41%,SD016
Gujarat,Amreli,1513614,836780,55.28%,SD017
Punjab,Amritsar,2490891,2174928,87.32%,SD018
West Bengal,Amta - II,0,26,N.A.,SD019
Gujarat,Anand,2090276,1299261,62.16%,SD020
Andhra pradesh,Anantapur,4083315,4085408,100.05%,SD021
Jammu & Kashmir,Anantnag,1069749,726590,67.92%,SD022
Arunachal Pradesh,Anjaw,21089,0,0.00%,SD023
Odisha,Anugul,1271703,891746,70.12%,SD024
Madhya Pradesh,Anuppur,749521,469395,62.63%,SD025
Bihar,Araria,2806200,189418,6.75%,SD026
Tamil Nadu,Ariyalur,752481,590721,78.50%,SD027
Bihar,Arwal,699563,372389,53.23%,SD028
Madhya Pradesh,Ashoknagar,844979,229205,27.13%,SD029
Uttar Pradesh,Auraiya,1372287,365128,26.61%,SD030
Bihar,Aurangabad (BH),2511243,308048,12.27%,SD031
Maharashtra,Aurangabad (MH),3695928,2882513,77.99%,SD032
Uttar Pradesh,Azamgarh,4616509,775241,16.79%,SD033
Jammu & Kashmir,Badgam,755331,163792,21.68%,SD034
Karnataka,Bagalkot,1890826,1456974,77.05%,SD035
Uttarakhand,Bageshwar,259840,136949,52.71%,SD036
Uttar Pradesh,Baghpat,1302156,508965,39.09%,SD037
Uttar Pradesh,Bahraich,3478257,287104,8.25%,SD038
Assam,Baksa,953773,2257,0.24%,SD039
Madhya Pradesh,Balaghat,1701156,1263161,74.25%,SD040
Odisha,Balangir,1648574,1183582,71.79%,SD041
Odisha,Baleshwar,2317419,1611837,69.55%,SD042
Uttar Pradesh,Ballia,3223642,1125019,34.90%,SD043
West Bengal,Bally Jagachha,0,583,N.A.,SD044
Uttar Pradesh,Balrampur,2149066,718558,33.44%,SD045
Gujarat,Banas Kantha,3116045,1724398,55.34%,SD046
Uttar Pradesh,Banda,1799541,436188,24.24%,SD047
Jammu & Kashmir,Bandipur,385099,188662,48.99%,SD048
Karnataka,Bangalore,9588910,6967316,72.66%,SD049
Karnataka,Bangalore Rural,987257,702757,71.18%,SD050
Bihar,Banka,2029339,563354,27.76%,SD051
West Bengal,Bankura,3596292,1229655,34.19%,SD052
Rajasthan,Banswara,1798194,1051621,58.48%,SD053
Uttar Pradesh,Barabanki,3257983,1153226,35.40%,SD054
Jammu & Kashmir,Baramula,1015503,262952,25.89%,SD055
Rajasthan,Baran,1223921,659521,53.89%,SD056
West Bengal,Barddhaman,7723663,4008196,51.90%,SD057
Uttar Pradesh,Bareilly,4465344,1457842,32.65%,SD058
Odisha,Bargarh,1478833,690796,46.71%,SD059
Rajasthan,Barmer,2604453,1692775,65.00%,SD060
Punjab,Barnala,596294,532784,89.35%,SD061
Assam,Barpeta,1693190,6015,0.36%,SD062
Madhya Pradesh,Barwani,1385659,909027,65.60%,SD063
Chhattisgarh,Bastar,1411644,127413,9.03%,SD064
Uttar Pradesh,Basti,2461056,677191,27.52%,SD065
Punjab,Bathinda,1388859,1175037,84.60%,SD066
Odisha,Baudh,439917,270262,61.43%,SD067
Bihar,Begusarai,2954367,549266,18.59%,SD068
Karnataka,Belgaum,4778439,3860283,80.79%,SD069
Karnataka,Bellary,2532383,1889979,74.63%,SD070
Madhya Pradesh,Betul,1575247,1191281,75.63%,SD071
Bihar,Bhabua (Kaimur),1626900,100871,6.20%,SD072
Odisha,Bhadrak ,1506522,1022280,67.86%,SD073
Bihar,Bhagalpur,3032226,380907,12.56%,SD074
Maharashtra,Bhandara,1198810,1024395,85.45%,SD075
Rajasthan,Bharatpur,2549121,1246979,48.92%,SD076
Gujarat,Bharuch,1550822,973485,62.77%,SD077
Gujarat,Bhavnagar,2877961,1683850,58.51%,SD078
Rajasthan,Bhilwara,2410459,1397180,57.96%,SD079
Madhya Pradesh,Bhind,1703562,572080,33.58%,SD080
Haryana,Bhiwani,1629109,1249046,76.67%,SD081
Bihar,Bhojpur,2720155,306027,11.25%,SD082
Madhya Pradesh,Bhopal,2368145,1962263,82.86%,SD083
Maharashtra,Bid,2585962,1748321,67.61%,SD084
Karnataka,Bidar,1700018,1196631,70.39%,SD085
Chhattisgarh,Bijapur(CGH),255180,676,0.26%,SD087
Karnataka,Bijapur (KAR),2175102,1616337,74.31%,SD086
Uttar Pradesh,Bijnor,3683896,2110084,57.28%,SD088
Rajasthan,Bikaner,2367745,1401488,59.19%,SD089
Chhattisgarh,Bilaspur (CH),2662077,1253671,47.09%,SD090
Himachal Pradesh,Bilaspur (HP),382056,385139,100.81%,SD091
West Bengal,Birbhum,3502387,2009060,57.36%,SD092
Manipur,Bishnupur,240363,72501,30.16%,SD093
Jharkhand,Bokaro,2061918,1614210,78.29%,SD094
Assam,Bongaigaon,732639,2780,0.38%,SD095
Uttar Pradesh,Budaun,3712738,286768,7.72%,SD096
Uttar Pradesh,Bulandshahr,3498507,693226,19.81%,SD097
Maharashtra,Buldana,2588039,2043770,78.97%,SD098
Rajasthan,Bundi,1113725,615126,55.23%,SD099
Madhya Pradesh,Burhanpur,756993,667150,88.13%,SD100
Bihar,Buxar,1707643,247016,14.47%,SD101
Assam,Cachar,1736319,8803,0.51%,SD102
Delhi,Central Delhi,578671,861956,148.95%,SD103
Karnataka,Chamarajanagar,1020962,816340,79.96%,SD104
Himachal Pradesh,Chamba,518844,486007,93.67%,SD105
Uttarakhand,Chamoli,391114,16887,4.32%,SD106
Uttarakhand,Champawat,259315,140973,54.36%,SD107
Mizoram,Champhai,125370,2411,1.92%,SD108
Uttar Pradesh,Chandauli,1952713,819191,41.95%,SD109
Manipur,Chandel,144028,52132,36.20%,SD110
Chandigarh,Chandigarh,1054686,962330,91.24%,SD111
Maharashtra,Chandrapur,2194262,1750621,79.78%,SD112
Arunachal Pradesh,Changlang,147951,481,0.33%,SD113
Jharkhand,Chatra,1042304,786552,75.46%,SD114
Tamil Nadu,Chennai,4681087,2402164,51.32%,SD115
Madhya Pradesh,Chhatarpur,1762857,1000344,56.75%,SD116
Madhya Pradesh,Chhindwara,2090306,1597476,76.42%,SD117
Karnataka,Chikkaballapur,1254377,796669,63.51%,SD118
Karnataka,Chikmagalur,1137753,900638,79.16%,SD119
Assam,Chirang,481818,1620,0.34%,SD120
Karnataka,Chitradurga,1660378,1090877,65.70%,SD121
Uttar Pradesh,Chitrakoot,990626,571051,57.65%,SD122
Rajasthan,Chittaurgarh,1544392,1010537,65.43%,SD123
Andhra pradesh,Chittoor,4170468,4059775,97.35%,SD124
Manipur,Churachandpur,271274,96932,35.73%,SD125
Rajasthan,Churu,2041172,1369249,67.08%,SD126
Tamil Nadu,Coimbatore,3472578,2296846,66.14%,SD127
Tamil Nadu,Cuddalore,2600880,1656645,63.70%,SD128
Andhra pradesh,Cuddapah (YSR Kadapa),2884524,2671940,92.63%,SD129
Odisha,Cuttack,2618708,1905917,72.78%,SD130
Dadra & Nagar Haveli,Dadra & Nagar Haveli,342853,222657,64.94%,SD131
Karnataka,Dakshina Kannada,2083625,1612875,77.41%,SD133
West Bengal,Dakshin Dinajpur,1670931,1022512,61.19%,SD132
Daman & Diu,Daman,190855,114340,59.91%,SD134
Madhya Pradesh,Damoh,1263703,917816,72.63%,SD135
Chhattisgarh,Dantewada,532791,669,0.13%,SD136
Bihar,Darbhanga,3921971,591982,15.09%,SD137
West Bengal,Darjiling,1842034,1191683,64.69%,SD138
Assam,Darrang,908090,1868,0.21%,SD139
Madhya Pradesh,Datia,786375,355639,45.23%,SD140
Rajasthan,Dausa,1637226,1048985,64.07%,SD141
Karnataka,Davanagere,1946905,1409784,72.41%,SD142
Odisha,Debagarh,312164,216036,69.21%,SD143
Uttarakhand,Dehradun,1698560,996796,58.68%,SD144
Jharkhand,Deoghar,1491879,1118286,74.96%,SD145
Uttar Pradesh,Deoria,3098637,804657,25.97%,SD146
Punjab,Dera Bassi,0,8,N.A.,SD147
Madhya Pradesh,Dewas,1563107,1145548,73.29%,SD148
Tripura,Dhalai,377988,350638,92.76%,SD149
Chhattisgarh,Dhamtari,799199,573652,71.78%,SD150
Jharkhand,Dhanbad,2682662,2064353,76.95%,SD151
Madhya Pradesh,Dhar,2184672,1449308,66.34%,SD152
Tamil Nadu,Dharmapuri,1502900,1055336,70.22%,SD153
Karnataka,Dharwad,1846993,1613630,87.37%,SD154
Rajasthan,Dhaulpur,1207293,386301,32.00%,SD155
Assam,Dhemaji,688077,1777,0.26%,SD156
Odisha,Dhenkanal,1192948,875231,73.37%,SD157
Assam,Dhubri,1948632,2532,0.13%,SD158
Maharashtra,Dhule,2048781,1750237,85.43%,SD159
Arunachal Pradesh,Dibang Valley,7948,65,0.82%,SD160
Assam,Dibrugarh,1327748,5174,0.39%,SD161
Nagaland,Dimapur,379769,186139,49.01%,SD162
Tamil Nadu,Dindigul,2161367,1391388,64.38%,SD163
Madhya Pradesh,Dindori,704218,519470,73.77%,SD164
Daman & Diu,Diu,52056,51603,99.13%,SD165
Jammu & Kashmir,Doda,409576,296144,72.31%,SD166
Gujarat,Dohad,2126558,1138618,53.54%,SD167
Jharkhand,Dumka,1321096,1091572,82.63%,SD168
Rajasthan,Dungarpur,1388906,793233,57.11%,SD169
Chhattisgarh,Durg,3343079,1907863,57.07%,SD170
Sikkim,East,281293,262778,93.42%,SD171
Delhi,East Delhi,1707725,2067037,121.04%,SD172
Meghalaya,East Garo Hills,317618,95,0.03%,SD173
Andhra pradesh,East godavari,5151549,5089335,98.79%,SD174
Arunachal Pradesh,East Kameng,78413,94,0.12%,SD175
Meghalaya,East Khasi Hills,824059,16622,2.02%,SD176
Madhya Pradesh,East Nimar (Khandwa),1309443,1152847,88.04%,SD177
Arunachal Pradesh,East Siang,99019,291,0.29%,SD178
Kerala,Ernakulam,3279860,3033389,92.49%,SD179
Tamil Nadu,Erode,2259608,1638735,72.52%,SD180
Uttar Pradesh,Etah,1761152,938230,53.27%,SD181
Uttar Pradesh,Etawah,1579160,794078,50.28%,SD182
Uttar Pradesh,Faizabad,2468371,795205,32.22%,SD183
Haryana,Faridabad,1798954,1757162,97.68%,SD184
Punjab,Faridkot,618008,586708,94.94%,SD185
Uttar Pradesh,Farrukhabad,1887577,451154,23.90%,SD186
Haryana,Fatehabad,941522,737532,78.33%,SD187
Punjab,Fatehgarh Sahib,599814,550174,91.72%,SD188
Uttar Pradesh,Fatehpur,2632684,718890,27.31%,SD189
Punjab,Fazilka,0,509698,N.A.,SD190
Uttar Pradesh,Firozabad,2496761,858511,34.38%,SD191
Punjab,Firozpur,2026831,1149843,56.73%,SD192
Karnataka,Gadag,1065235,768780,72.17%,SD193
Maharashtra,Gadchiroli,1071795,849603,79.27%,SD194
Odisha,Gajapati,575880,376483,65.38%,SD195
Jammu & Kashmir,Ganderbal,297003,0,0.00%,SD196
Gujarat,Gandhinagar,1387478,797777,57.50%,SD197
Rajasthan,Ganganagar,1969520,1324830,67.27%,SD198
Odisha,Ganjam,3520151,1994520,56.66%,SD199
Jharkhand,Garhwa,1322387,1108544,83.83%,SD200
Uttarakhand,Garhwal,686527,123354,17.97%,SD201
Uttar Pradesh,Gautam Buddha Nagar,1674714,800617,47.81%,SD202
Bihar,Gaya,4379383,686305,15.67%,SD203
Uttar Pradesh,Ghaziabad,4661452,2096447,44.97%,SD204
Uttar Pradesh,Ghazipur,3622727,831150,22.94%,SD205
Jharkhand,Giridih,2445203,1944283,79.51%,SD206
Assam,Goalpara,1008959,1101,0.11%,SD207
Jharkhand,Godda,1311382,1071586,81.71%,SD208
Assam,Golaghat,1058674,12042,1.14%,SD209
Uttar Pradesh,Gonda,3431386,801384,23.35%,SD210
Maharashtra,Gondiya,1322331,1154570,87.31%,SD211
Bihar,Gopalganj,2558037,782858,30.60%,SD212
Uttar Pradesh,Gorakhpur,4436275,1393176,31.40%,SD213
Karnataka,Gulbarga,2564892,1662864,64.83%,SD214
Jharkhand,Gumla,1025656,877558,85.56%,SD215
Madhya Pradesh,Guna,1240938,755586,60.89%,SD216
Andhra pradesh,Guntur,4889230,4632455,94.75%,SD217
Punjab,Gurdaspur,2299026,1941046,84.43%,SD218
Haryana,Gurgaon,1514085,1102159,72.79%,SD219
Madhya Pradesh,Gwalior,2030543,1200418,59.12%,SD220
Assam,Hailakandi,659260,3016,0.46%,SD221
Himachal Pradesh,Hamirpur (HP),454293,494363,108.82%,SD222
Uttar Pradesh,Hamirpur (UP),1104021,111617,10.11%,SD223
Rajasthan,Hanumangarh,1779650,1099739,61.80%,SD224
West Bengal,Haora,4841638,3557588,73.48%,SD225
Madhya Pradesh,Harda,570302,508409,89.15%,SD226
Uttar Pradesh,Hardoi,4091380,361275,8.83%,SD227
Uttarakhand,Hardwar,1927029,804849,41.77%,SD228
Karnataka,Hassan,1776221,1433563,80.71%,SD229
Uttar Pradesh,Hathras (Mahamaya),1565678,823692,52.61%,SD230
Karnataka,Haveri,1598506,1199089,75.01%,SD231
Jharkhand,Hazaribag,1734005,1477206,85.19%,SD232
Maharashtra,Hingoli,1178973,743502,63.06%,SD233
Haryana,Hisar,1742815,1319374,75.70%,SD234
Madhya Pradesh,Hoshangabad,1240975,1143221,92.12%,SD235
Punjab,Hoshiarpur,1582793,1396791,88.25%,SD236
West Bengal,Hugli,5520389,4605799,83.43%,SD237
Kerala,Idukki,1107453,1017712,91.90%,SD238
Manipur,Imphal East,452661,256833,56.74%,SD239
Manipur,Imphal West,514683,309662,60.17%,SD240
Madhya Pradesh,Indore,3272335,2486493,75.99%,SD241
Madhya Pradesh,Jabalpur,2460714,1963629,79.80%,SD242
Odisha,Jagatsinghapur ,1136604,70732,6.22%,SD243
Meghalaya,Jaintia Hills,392852,164,0.04%,SD244
Rajasthan,Jaipur,6663971,4578821,68.71%,SD245
Rajasthan,Jaisalmer,672008,308457,45.90%,SD246
Odisha,Jajapur,1826275,1060404,58.06%,SD247
Punjab,Jalandhar,2181753,2059279,94.39%,SD248
Uttar Pradesh,Jalaun,1670718,228868,13.70%,SD249
Maharashtra,Jalgaon,4224442,3436976,81.36%,SD250
Maharashtra,Jalna,1958483,1512886,77.25%,SD251
Rajasthan,Jalor,1830151,1137477,62.15%,SD252
West Bengal,Jalpaiguri,3869675,2523836,65.22%,SD253
Jammu & Kashmir,Jammu,1526406,771247,50.53%,SD254
Gujarat,Jamnagar,2159130,1380487,63.94%,SD255
Jharkhand,Jamtara,790207,669586,84.74%,SD256
Bihar,Jamui,1756078,195887,11.15%,SD257
Chhattisgarh,Janjgir - Champa,1620632,530180,32.71%,SD258
Chhattisgarh,Jashpur,852043,46541,5.46%,SD259
Uttar Pradesh,Jaunpur,4476072,504596,11.27%,SD260
Bihar,Jehanabad,1124176,143472,12.76%,SD261
Madhya Pradesh,Jhabua,1024091,633461,61.86%,SD262
Haryana,Jhajjar,956907,685299,71.62%,SD263
Rajasthan,Jhalawar,1411327,669850,47.46%,SD264
Uttar Pradesh,Jhansi,2000755,680095,33.99%,SD265
Odisha,Jharsuguda,579499,375377,64.78%,SD266
Rajasthan,Jhunjhunun,2139658,1645877,76.92%,SD267
Haryana,Jind,1332042,918533,68.96%,SD268
Rajasthan,Jodhpur,3685681,2110514,57.26%,SD269
Assam,Jorhat,1091295,5613,0.51%,SD270
Gujarat,Junagadh,2742291,2109491,76.92%,SD271
Uttar Pradesh,Jyotiba Phule Nagar,1838771,808540,43.97%,SD272
Gujarat,Kachchh,2090313,967601,46.29%,SD273
Haryana,Kaithal,1072861,857798,79.95%,SD274
Odisha,Kalahandi,1573054,473967,30.13%,SD275
Assam,Kamrup,1517202,13557,0.89%,SD276
Assam,Kamrup Metropolitan,1260419,1014,0.08%,SD277
Tamil Nadu,Kancheepuram,3990897,2567239,64.33%,SD278
Odisha,Kandhamal,731952,383728,52.43%,SD279
Himachal Pradesh,Kangra,1507223,1490543,98.89%,SD280
Chhattisgarh,Kanker,748593,80614,10.77%,SD281
Uttar Pradesh,Kannauj,1658005,440716,26.58%,SD282
Tamil Nadu,Kanniyakumari,1863174,1285920,69.02%,SD283
Kerala,Kannur,2525637,2381795,94.30%,SD284
Uttar Pradesh,Kanpur Dehat,1795092,425515,23.70%,SD285
Uttar Pradesh,Kanpur Nagar,4572951,2087730,45.65%,SD286
Uttar Pradesh,Kanshiram Nagar,1438156,0,0.00%,SD287
Punjab,Kapurthala,817668,723384,88.47%,SD288
Puducherry,Karaikal,200314,158947,79.35%,SD289
Rajasthan,Karauli,1458459,518289,35.54%,SD290
Assam,Karbi Anglong,965280,1493,0.15%,SD291
Jammu & Kashmir,Kargil,143388,83262,58.07%,SD292
Assam,Karimganj,1217002,3979,0.33%,SD293
Andhra pradesh,Karimnagar,3811738,3649360,95.74%,SD294
Haryana,Karnal,1506323,1289186,85.58%,SD295
Tamil Nadu,Karur,1076588,754150,70.05%,SD296
Kerala,Kasaragod,1302600,1179679,90.56%,SD297
Jammu & Kashmir,Kathua,615711,337927,54.88%,SD298
Bihar,Katihar,3068149,1195460,38.96%,SD299
Madhya Pradesh,Katni,1291684,872265,67.53%,SD300
Uttar Pradesh,Kaushambi,1596909,193363,12.11%,SD301
Chhattisgarh,Kawardha (Kabeerdham),822239,9219,1.12%,SD302
Odisha,Kendrapara,1439891,975494,67.75%,SD303
Odisha,Kendujhar,1802777,810467,44.96%,SD304
Bihar,Khagaria,1657599,111427,6.72%,SD305
Andhra pradesh,Khammam,2798214,2711810,96.91%,SD306
Gujarat,Kheda,2298934,1393307,60.61%,SD307
Uttar Pradesh,Kheri,4013634,587151,14.63%,SD308
Odisha,Khordha ,2246341,1676203,74.62%,SD309
Jharkhand,Khunti,530299,453290,85.48%,SD310
Himachal Pradesh,Kinnaur,84298,68922,81.76%,SD311
Nagaland,Kiphire,74033,30005,40.53%,SD312
Bihar,Kishanganj,1690948,972877,57.53%,SD313
Jammu & Kashmir,Kishtwar,231037,0,0.00%,SD314
West Bengal,Koch Bihar,2822780,1902456,67.40%,SD315
Karnataka,Kodagu,554762,402917,72.63%,SD316
Jharkhand,Kodarma,717169,600818,83.78%,SD317
Nagaland,Kohima,270063,132734,49.15%,SD318
Assam,Kokrajhar,886999,1720,0.19%,SD319
Karnataka,Kolar,1540231,1115986,72.46%,SD320
Mizoram,Kolasib,83054,22731,27.37%,SD321
Maharashtra,Kolhapur,3874015,3137753,80.99%,SD322
West Bengal,Kolkata,4486679,3024652,67.41%,SD323
Kerala,Kollam,2629703,2450985,93.20%,SD324
Karnataka,Koppal,1391292,971371,69.82%,SD325
Odisha,Koraput,1376934,511714,37.16%,SD326
Chhattisgarh,Korba,1206563,514907,42.68%,SD327
Chhattisgarh,Koriya,659039,477460,72.45%,SD328
Rajasthan,Kota,1950491,1380547,70.78%,SD329
Kerala,Kottayam,1979384,1860989,94.02%,SD330
Kerala,Kozhikode,3089543,2901775,93.92%,SD331
Andhra pradesh,Krishna,4529009,4240095,93.62%,SD332
Tamil Nadu,Krishnagiri,1883731,1126866,59.82%,SD333
Jammu & Kashmir,Kulgam,423181,0,0.00%,SD334
Himachal Pradesh,Kullu,437474,398589,91.11%,SD335
Jammu & Kashmir,Kupwara,875564,395304,45.15%,SD336
Andhra pradesh,Kurnool,4046601,3770511,93.18%,SD337
Haryana,Kurukshetra,964231,838098,86.92%,SD338
Arunachal Pradesh,Kurung Kumey,89717,0,0.00%,SD339
Uttar Pradesh,Kushinagar,3560830,642707,18.05%,SD340
Himachal Pradesh,Lahul & Spiti,31528,27390,86.88%,SD341
Assam,Lakhimpur,1040644,2843,0.27%,SD342
Bihar,Lakhisarai,1000717,215315,21.52%,SD343
Lakshadweep,Lakshadweep,64429,55519,86.17%,SD344
Uttar Pradesh,Lalitpur,1218002,280396,23.02%,SD345
Jharkhand,Latehar,725673,595464,82.06%,SD346
Maharashtra,Latur,2455543,1810266,73.72%,SD347
Mizoram,Lawngtlai,117444,7433,6.33%,SD348
Jammu & Kashmir,Leh (ladakh),147104,70524,47.94%,SD349
Jharkhand,Lohardaga,461738,430453,93.22%,SD350
Arunachal Pradesh,Lohit,145538,392,0.27%,SD351
Nagaland,Longleng ,50593,25163,49.74%,SD352
Arunachal Pradesh,Lower Dibang Valley,53986,0,0.00%,SD353
Arunachal Pradesh,Lower Subansiri,82839,372,0.45%,SD354
Uttar Pradesh,Lucknow,4588455,2703529,58.92%,SD355
Punjab,Ludhiana,3487882,3375272,96.77%,SD356
Mizoram,Lunglei,154094,26115,16.95%,SD357
Bihar,Madhepura,1994618,120681,6.05%,SD358
Bihar,Madhubani,4476044,456876,10.21%,SD359
Tamil Nadu,Madurai,3041038,2165058,71.19%,SD360
Chhattisgarh,Mahasamund,1032275,641710,62.16%,SD361
Andhra pradesh,Mahbubnagar,4042191,3754838,92.89%,SD362
Puducherry,Mahe,41934,0,0.00%,SD363
Haryana,Mahendragarh,921680,656893,71.27%,SD364
Gujarat,Mahesana,2027727,1440310,71.03%,SD365
Uttar Pradesh,Mahoba,876055,323130,36.88%,SD366
Uttar Pradesh,Mahrajganj,2665292,852603,31.99%,SD367
Uttar Pradesh,Mainpuri,1847194,638291,34.55%,SD368
Kerala,Malappuram,4110956,3747932,91.17%,SD369
West Bengal,Maldah,3997970,2560848,64.05%,SD370
Odisha,Malkangiri,612727,16645,2.72%,SD371
Mizoram,Mamit,85757,4358,5.08%,SD372
Himachal Pradesh,Mandi,999518,988175,98.87%,SD373
Madhya Pradesh,Mandla,1053522,812260,77.10%,SD374
Madhya Pradesh,Mandsaur,1339832,994919,74.26%,SD375
Karnataka,Mandya,1808680,1308845,72.36%,SD376
Punjab,Mansa,768808,677733,88.15%,SD377
Assam,Marigaon,957853,1503,0.16%,SD378
Uttar Pradesh,Mathura,2541894,1121595,44.12%,SD379
Uttar Pradesh,Mau,2205170,443092,20.09%,SD380
Odisha,Mayurbhanj,2513895,1499118,59.63%,SD381
Andhra pradesh,Medak,3031877,2820853,93.04%,SD382
Uttar Pradesh,Meerut,3447405,1752994,50.85%,SD383
Haryana,Mewat,1089406,614925,56.45%,SD384
Uttar Pradesh,Mirzapur,2494533,565605,22.67%,SD385
Punjab,Moga,992289,905612,91.26%,SD386
Nagaland,Mokokchung,193171,88251,45.69%,SD387
Nagaland,Mon,250671,92087,36.74%,SD388
Uttar Pradesh,Moradabad,4773138,1458987,30.57%,SD389
Madhya Pradesh,Morena,1965137,596002,30.33%,SD390
Punjab,Muktsar,902702,794863,88.05%,SD391
Maharashtra,Mumbai (incl. Mumbai SubUrban & Mumbai City) ,12478447,10800748,86.56%,SD392
Bihar,Munger,1359054,347215,25.55%,SD393
West Bengal,Murshidabad,7102430,4786312,67.39%,SD394
Uttar Pradesh,Muzaffarnagar,4138605,782533,18.91%,SD395
Bihar,Muzaffarpur,4778610,1284020,26.87%,SD396
Karnataka,Mysore,2994744,2830536,94.52%,SD397
Odisha,Nabarangapur,1218762,700715,57.49%,SD398
West Bengal,Nadia,5168488,3302178,63.89%,SD399
Assam,Nagaon,2826006,32756,1.16%,SD400
Tamil Nadu,Nagapattinam,1614069,1160786,71.92%,SD401
Rajasthan,Nagaur,3309234,1956595,59.13%,SD402
Maharashtra,Nagpur,4653171,4135454,88.87%,SD403
Uttarakhand,Nainital,955128,363091,38.01%,SD404
Bihar,Nalanda,2872523,672493,23.41%,SD405
Assam,Nalbari,769919,2018,0.26%,SD406
Andhra pradesh,Nalgonda,3483648,3275116,94.01%,SD407
Tamil Nadu,Namakkal,1721179,1092370,63.47%,SD408
Maharashtra,Nanded,3356566,2170522,64.66%,SD409
Maharashtra,Nandurbar,1646177,1314422,79.85%,SD410
Chhattisgarh,Narayanpur,140206,49813,35.53%,SD411
Gujarat,Narmada,590379,351774,59.58%,SD412
Madhya Pradesh,Narsimhapur,1092141,813035,74.44%,SD413
Maharashtra,Nashik,6109052,4843710,79.29%,SD414
Gujarat,Navsari,1330711,986069,74.10%,SD415
Bihar,Nawada,2216653,152416,6.88%,SD416
Punjab,Nawanshahr,614362,574150,93.45%,SD417
Odisha,Nayagarh,962215,675688,70.22%,SD418
Madhya Pradesh,Neemuch,825958,526858,63.79%,SD419
Andhra pradesh,Nellore (sri Potti Sriramulu Nellore),2966082,2788009,94.00%,SD420
Delhi,New Delhi,133713,21255,15.90%,SD421
Andaman & Nicobar Islands,Nicobars,36819,558,1.52%,SD422
Andhra pradesh,Nizamabad,2552073,2460017,96.39%,SD423
Sikkim,North,43354,33591,77.48%,SD424
Assam,North Cachar Hills,213529,240,0.11%,SD426
Delhi,North Delhi,883418,937909,106.17%,SD427
Delhi,North East Delhi,2240749,1997615,89.15%,SD428
Goa,North Goa,817761,764499,93.49%,SD429
Andaman & Nicobar Islands,North & Middle Andamans,105539,117399,111.24%,SD425
Tripura,North Tripura,693281,602810,86.95%,SD430
West Bengal,North Twenty Four Parganas,10082852,4579212,45.42%,SD431
Delhi,North West Delhi,3651261,3946222,108.08%,SD432
Odisha,Nuapada,606490,421022,69.42%,SD433
Maharashtra,Osmanabad,1660311,1220612,73.52%,SD434
Jharkhand,Pakaur,899200,774776,86.16%,SD435
Kerala,Palakkad,2810892,2649892,94.27%,SD436
Jharkhand,Palamu,1936319,1591495,82.19%,SD437
Rajasthan,Pali,2038533,1434232,70.36%,SD438
Haryana,Palwal,1040493,686385,65.97%,SD439
Haryana,Panchkula,558890,469790,84.06%,SD441
Gujarat,Panch Mahals,2388267,1204982,50.45%,SD440
Haryana,Panipat,1202811,979220,81.41%,SD442
Madhya Pradesh,Panna,1016028,663866,65.34%,SD443
Arunachal Pradesh,Papum Pare,176385,23013,13.05%,SD444
Maharashtra,Parbhani,1835982,1034483,56.34%,SD445
West Bengal,Paschim Medinipur,5943300,1038804,17.48%,SD446
Bihar,Pashchim Champaran,3922780,562166,14.33%,SD447
Jharkhand,Pashchimi Singhbhum,1501619,1242865,82.77%,SD448
Gujarat,Patan,1342746,762305,56.77%,SD449
Kerala,Pathanamthitta,1195537,1183342,98.98%,SD450
Punjab,Pathankot,0,125441,N.A.,SD451
Punjab,Patiala,1892282,1693740,89.51%,SD452
Bihar,Patna,5772804,2403955,41.64%,SD453
Tamil Nadu,Perambalur,564511,394258,69.84%,SD454
Nagaland,Peren,94954,3547,3.74%,SD455
Nagaland,Phek,163294,74462,45.60%,SD456
Uttar Pradesh,Pilibhit,2037225,808700,39.70%,SD457
Uttarakhand,Pithoragarh,485993,27633,5.69%,SD458
Gujarat,Porbandar,586062,400118,68.27%,SD459
Andhra pradesh,Prakasam,3392764,3210723,94.63%,SD460
Rajasthan,Pratapgarh (RJ),868231,467734,53.87%,SD461
Uttar Pradesh,Pratapgarh (UP),3173752,1042472,32.85%,SD462
Puducherry,Puducherry,946600,966711,102.12%,SD463
Tamil Nadu,Pudukkottai,1618725,1100336,67.98%,SD464
Jammu & Kashmir,Pulwama,570060,323135,56.68%,SD465
Jammu & Kashmir,Punch,476820,23395,4.91%,SD466
Maharashtra,Pune,9426959,7150502,75.85%,SD467
Bihar,Purba Champaran,5082868,624784,12.29%,SD468
Jharkhand,Purbi Singhbhum,2291032,1826635,79.73%,SD469
West Bengal,Purbo Medinipur,5094238,1486184,29.17%,SD470
Odisha,Puri,1697983,1289786,75.96%,SD471
Bihar,Purnea,3273127,709834,21.69%,SD472
West Bengal,Puruliya,2927965,1383246,47.24%,SD473
Uttar Pradesh,Rae Bareli,3404004,1626489,47.78%,SD474
Karnataka,Raichur,1924773,1136396,59.04%,SD475
Chhattisgarh,Raigarh (CH),1493627,433836,29.05%,SD476
Maharashtra,Raigarh (MH),2635394,2071453,78.60%,SD477
Chhattisgarh,Raipur,4062160,938553,23.10%,SD478
Madhya Pradesh,Raisen,1331699,854270,64.15%,SD479
Jammu & Kashmir,Rajauri,619266,7285,1.18%,SD480
Madhya Pradesh,Rajgarh,1546541,716173,46.31%,SD481
Gujarat,Rajkot,3799770,2655697,69.89%,SD482
Chhattisgarh,Rajnandgaon,1537520,910238,59.20%,SD483
Rajasthan,Rajsamand,1158283,805488,69.54%,SD484
Karnataka,Ramanagar,1082739,782022,72.23%,SD485
Tamil Nadu,Ramanathapuram,1337560,811389,60.66%,SD486
Jammu & Kashmir,Ramban,283313,0,0.00%,SD487
Jharkhand,Ramgarh,949159,804301,84.74%,SD488
Uttar Pradesh,Rampur,2335398,303891,13.01%,SD489
Jharkhand,Ranchi,2912022,2423311,83.22%,SD490
Andhra pradesh,Rangareddi (inclg. Hyderabad),9306634,10880088,116.91%,SD491
Madhya Pradesh,Ratlam,1454483,1058839,72.80%,SD492
Maharashtra,Ratnagiri,1612672,1324599,82.14%,SD493
Odisha,Rayagada,961959,473055,49.18%,SD494
Jammu & Kashmir,Reasi,314714,49051,15.59%,SD495
Madhya Pradesh,Rewa,2363744,1463747,61.92%,SD496
Haryana,Rewari,896129,696996,77.78%,SD497
Meghalaya,Ri Bhoi,258380,215,0.08%,SD498
Haryana,Rohtak,1058683,766046,72.36%,SD499
Bihar,Rohtas,2962593,425140,14.35%,SD500
Uttarakhand,Rudraprayag,236857,8390,3.54%,SD501
Punjab,Rupnagar,683349,644980,94.39%,SD502
Gujarat,Sabar Kantha,2427346,1336288,55.05%,SD504
Madhya Pradesh,Sagar,2378295,1532753,64.45%,SD505
Uttar Pradesh,Saharanpur,3464228,1392752,40.20%,SD506
Bihar,Saharsa,1897102,722539,38.09%,SD507
Jharkhand,Sahibganj,1150038,1016241,88.37%,SD508
Mizoram,Saiha,56366,6122,10.86%,SD509
Tamil Nadu,Salem,3480008,2413498,69.35%,SD510
Jammu & Kashmir,Samba,318611,0,0.00%,SD511
Odisha,Sambalpur,1044410,418229,40.04%,SD512
Bihar,Samstipur,4254782,378736,8.90%,SD513
Maharashtra,Sangli,2820575,2322247,82.33%,SD514
Punjab,Sangrur,1654408,1455652,87.99%,SD515
Uttar Pradesh,Sant Kabir Nagar,1714300,843909,49.23%,SD516
Uttar Pradesh,Sant Ravidas Nagar Bhadohi,1554203,581382,37.41%,SD517
Bihar,Saran,3943098,878223,22.27%,SD518
Punjab,S.A.S Nagar(Mohali),986147,776660,78.76%,SD503
Maharashtra,Satara,3003922,2428790,80.85%,SD519
Madhya Pradesh,Satna,2228619,1556221,69.83%,SD520
Rajasthan,Sawai Madhopur,1338114,681404,50.92%,SD521
Madhya Pradesh,Sehore,1311008,838089,63.93%,SD522
Manipur,Senapati,354972,29327,8.26%,SD523
Madhya Pradesh,Seoni,1378876,1108598,80.40%,SD524
Jharkhand,Seraikela-kharsawan,1063458,864408,81.28%,SD525
Mizoram,Serchhip,64875,15442,23.80%,SD526
Madhya Pradesh,Shahdol,1064989,727782,68.34%,SD527
Uttar Pradesh,Shahjahanpur,3002376,609578,20.30%,SD528
Madhya Pradesh,Shajapur,1512353,1194098,78.96%,SD529
Bihar,Sheikpura,634927,298821,47.06%,SD530
Bihar,Sheohar,656916,288697,43.95%,SD531
Madhya Pradesh,Sheopur,687952,166961,24.27%,SD532
Himachal Pradesh,Shimla,813384,703973,86.55%,SD533
Karnataka,Shimoga,1755512,1236332,70.43%,SD534
Madhya Pradesh,Shivpuri,1725818,580125,33.61%,SD535
Uttar Pradesh,Shrawasti,1114615,528110,47.38%,SD536
Jammu & Kashmir,Shupiyan,265960,0,0.00%,SD537
Assam,Sibsagar,1150253,2790,0.24%,SD538
Uttar Pradesh,Siddharthnagar,2553526,214012,8.38%,SD539
Madhya Pradesh,Sidhi,1126515,657969,58.41%,SD540
Rajasthan,Sikar,2677737,1832144,68.42%,SD541
Jharkhand,Simdega,599813,533405,88.93%,SD542
Maharashtra,Sindhudurg,848868,639957,75.39%,SD543
Madhya Pradesh,Singrauli,1178132,580797,49.30%,SD544
Himachal Pradesh,Sirmaur,530164,456966,86.19%,SD545
Rajasthan,Sirohi,1037185,659393,63.58%,SD546
Haryana,Sirsa,1295114,1035648,79.97%,SD547
Bihar,Sitamarhi,3419622,448409,13.11%,SD548
Uttar Pradesh,Sitapur,4474446,817274,18.27%,SD549
Tamil Nadu,Sivaganga,1341250,805416,60.05%,SD550
Bihar,Siwan,3318176,478090,14.41%,SD551
Himachal Pradesh,Solan,576670,482707,83.71%,SD552
Maharashtra,Solapur,4315527,2838123,65.77%,SD553
Odisha,Sonapur,652107,287616,44.11%,SD554
Uttar Pradesh,Sonbhadra,1862612,357184,19.18%,SD555
Haryana,Sonipat,1480080,1198228,80.96%,SD556
Assam,Sonitpur,1925975,28555,1.48%,SD557
Sikkim,South,146742,137756,93.88%,SD558
Andaman & Nicobar Islands,South Andaman,237586,48056,20.23%,SD560
Delhi,South Delhi,2733752,2772663,101.42%,SD561
Meghalaya,South Garo Hills,142574,25,0.02%,SD562
Goa,South Goa,639962,575643,89.95%,SD563
Tripura,South Tripura,875144,778627,88.97%,SD564
West Bengal,South  Twenty Four Parganas,8153176,5151298,63.18%,SD559
Delhi,South West Delhi,2292363,2242081,97.81%,SD565
Andhra pradesh,Srikakulam,2699471,2728539,101.08%,SD566
Jammu & Kashmir,Srinagar,1250173,144365,11.55%,SD567
Uttar Pradesh,Sultanpur,3790922,1346563,35.52%,SD568
Odisha,Sundargarh,2080664,1157917,55.65%,SD569
Bihar,Supaul,2228397,362138,16.25%,SD570
Gujarat,Surat,6079231,3616687,59.49%,SD571
Gujarat,Surendranagar,1755873,1117520,63.64%,SD572
Chhattisgarh,Surguja,2361329,281435,11.92%,SD573
Manipur,Tamenglong,140143,32971,23.53%,SD574
Gujarat,Tapi,806489,509666,63.20%,SD575
Punjab,Tarn Taran,1120070,941610,84.07%,SD576
Arunachal Pradesh,Tawang,49950,5730,11.47%,SD577
Uttarakhand,Tehri Garhwal,616409,219131,35.55%,SD578
Maharashtra,Thane,11054131,8705556,78.75%,SD579
Tamil Nadu,Thanjavur,2402781,1657425,68.98%,SD580
Gujarat,The Dangs,226769,168312,74.22%,SD581
Tamil Nadu,Theni,1243684,868737,69.85%,SD583
Tamil Nadu,The Nilgiris,735071,479161,65.19%,SD582
Tamil Nadu,Thiruvallur,3725697,2362673,63.42%,SD584
Kerala,Thiruvananthapuram,3307284,2981385,90.15%,SD585
Tamil Nadu,Thiruvarur,1268094,860252,67.84%,SD586
Tamil Nadu,Thoothukkudi,1738376,1099010,63.22%,SD587
Manipur,Thoubal,420517,166440,39.58%,SD588
Kerala,Thrissur,3110327,2959189,95.14%,SD589
Madhya Pradesh,Tikamgarh,1444920,638076,44.16%,SD590
Assam,Tinsukia,1316948,2780,0.21%,SD591
Arunachal Pradesh,Tirap,111997,365,0.33%,SD592
Tamil Nadu,Tiruchirappalli,2713858,2042122,75.25%,SD593
Tamil Nadu,Tirunelveli,3072880,2109930,68.66%,SD594
Tamil Nadu,Tiruppur,2471222,1345108,54.43%,SD595
Tamil Nadu,Tiruvannamalai,2468965,1405636,56.93%,SD596
Rajasthan,Tonk,1421711,917550,64.54%,SD597
Nagaland,Tuensang,196801,80019,40.66%,SD598
Karnataka,Tumkur,2681449,2532917,94.46%,SD599
Rajasthan,Udaipur,3067549,2162197,70.49%,SD600
Assam,Udalguri,832769,3811,0.46%,SD601
Jammu & Kashmir,Udhampur,555357,243187,43.79%,SD603
Uttarakhand,Udham Singh Nagar,1648367,825689,50.09%,SD602
Karnataka,Udupi,1177908,978193,83.04%,SD604
Madhya Pradesh,Ujjain,1986597,1415134,71.23%,SD605
Manipur,Ukhrul,183115,14830,8.10%,SD606
Madhya Pradesh,Umaria,643579,439689,68.32%,SD607
Himachal Pradesh,Una,521057,538179,103.29%,SD608
Uttar Pradesh,Unnao,3110595,1059542,34.06%,SD609
Arunachal Pradesh,Upper Siang,35289,37,0.10%,SD610
Arunachal Pradesh,Upper Subansiri,83205,142,0.17%,SD611
Karnataka,Uttara Kannada,1436847,1149545,80.00%,SD613
West Bengal,Uttar Dinajpur,3000849,1789456,59.63%,SD612
Uttarakhand,Uttarkashi,329686,8183,2.48%,SD614
Gujarat,Vadodara,4157568,2477402,59.59%,SD615
Bihar,Vaishali,3495249,555865,15.90%,SD616
Gujarat,Valsad,1703068,1284052,75.40%,SD617
Uttar Pradesh,Varanasi,3682194,1888075,51.28%,SD618
Tamil Nadu,Vellore,3928106,2739853,69.75%,SD619
Madhya Pradesh,Vidisha,1458212,926409,63.53%,SD620
Tamil Nadu,Viluppuram,3463284,2258834,65.22%,SD621
Tamil Nadu,Virudhunagar,1943309,1419309,73.04%,SD622
Andhra pradesh,Visakhapatnam,4288113,4050494,94.46%,SD623
Andhra pradesh,Vizianagaram,2342868,2228643,95.12%,SD624
Andhra pradesh,Warangal,3522644,3381332,95.99%,SD625
Maharashtra,Wardha,1296157,1204839,92.95%,SD626
Maharashtra,Washim,1196714,834776,69.76%,SD627
Kerala,Wayanad,816558,777866,95.26%,SD628
Sikkim,West,136299,124386,91.26%,SD629
Delhi,West Delhi,2531583,2527915,99.86%,SD630
Meghalaya,West Garo Hills,642923,748,0.12%,SD631
Andhra pradesh,West Godavari,3934782,3749601,95.29%,SD632
Arunachal Pradesh,West Kameng,87013,14914,17.14%,SD633
Meghalaya,West Khasi Hills,385601,128,0.03%,SD634
Madhya Pradesh,West Nimar (Khargone),1872413,1198065,63.99%,SD635
Arunachal Pradesh,West Siang,112272,450,0.40%,SD636
Tripura,West Tripura,1724619,1536093,89.07%,SD637
Nagaland,Wokha,166239,51433,30.94%,SD638
Karnataka,Yadgir,1172985,705234,60.12%,SD639
Haryana,Yamunanagar,1214162,1031214,84.93%,SD640
Puducherry,Yanam,55616,21947,39.46%,SD641
Maharashtra,Yavatmal,2775457,1982630,71.43%,SD642
Nagaland,Zunheboto,141014,61201,43.40%,SD643
Total,,1210193422,702495567,58.05%
