Registrar,Enrolment Agency,Aadhaar generated,Enrolment Rejected
Allahabad Bank,A-Onerealtors Pvt Ltd,219,16
Allahabad Bank,Asha Security Guard Services,1523,57
Allahabad Bank,Emdee Digitronics Pvt.Ltd.,137,17
Allahabad Bank,MEGHA VINCOM PVT LTD,548,20
Allahabad Bank,Nevaeh Technology Pvt. Ltd.,73,49
Allahabad Bank,PROTEX COMPUTER PVT LTD,6,6
Allahabad Bank,Radiant Haroti Industries India Ltd,183,5
Allahabad Bank,Redim Software Technologies Pvt Ltd,26,8
Allahabad Bank,SGS INDIA PVT LTD,153,5
Allahabad Bank,Sri Ramraja Sarkar Lok Kalyan Trust,12,3
Allahabad Bank,VAP INFOSOLUTIONS,15,3
Allahabad Bank,Vedavaag Systems Limited,4110,10
Bank Of India,A3 Logics  India  Ltd,338,13
Bank Of India,Akanksha International,5,1
Bank Of India,CHESSY CONSULTANTS PVT LTD,281,3
Bank Of India,DATASOFT COMPUTER SERVICES(P),179,33
Bank Of India,Emdee Digitronics Pvt.Ltd.,0,3
Bank Of India,Frontech Systems Pvt Ltd,155,11
Bank Of India,OSWAL COMPUTERS & CONSULTANTS,34,17
Bank Of India,PROTEX COMPUTER PVT LTD,69,18
Bank Of India,SARADA SYSTEMS,201,24
Bank Of India,SHRIKRISHNA KHANDASARI SUGAR M,2,0
Bank Of India,SREI INFRASTRUCTURE FINANCES L,764,471
Bank Of India,VEETECHNOLOGIES PVT. LTD,646,85
Bank of Baroda,Global Finsol Private Limited,12,5
Bank of Maharashtra,FINANCIAL INFORMATION NETWORK,81,4
Bank of Maharashtra,Tera Software Ltd,212,26
CSC e-Governance Services India Limited,A I Soc for Electronics and Comp Tech,32498,596
CSC e-Governance Services India Limited,AKSH OPTIFIBRE LIMITED,28489,492
CSC e-Governance Services India Limited,BASIX,7199,347
CSC e-Governance Services India Limited,CALANCE SOFTWARE PRIVATE LTD,894,91
CSC e-Governance Services India Limited,CHIPS,3636,54
CSC e-Governance Services India Limited,CMS Computers Ltd,49080,732
CSC e-Governance Services India Limited,CSC e-Governance Services India Limited,138,10
CSC e-Governance Services India Limited,Conatus Infocom Pvt. Ltd,831,23
CSC e-Governance Services India Limited,DATASOFT COMPUTER SERVICES(P),93,97
CSC e-Governance Services India Limited,Home Life Buildcon Pvt Ltd,1729,8
CSC e-Governance Services India Limited,IAP COMPANY Pvt. Ltd,339,34
CSC e-Governance Services India Limited,Intelligent Communication Sys India Ltd,34,2
CSC e-Governance Services India Limited,Janta Silikon Consortium,0,2
CSC e-Governance Services India Limited,MANTRA SOFTTECH (INDIA) PVTLTD,377,34
CSC e-Governance Services India Limited,MEGHA VINCOM PVT LTD,33,2
CSC e-Governance Services India Limited,Mahaonline Limited,2434,89
CSC e-Governance Services India Limited,NPS Technologies Pvt. Ltd,160,16
CSC e-Governance Services India Limited,NVR & ASSOCIATES LIMITED,1525,13
CSC e-Governance Services India Limited,Nekton IT India Pvt Ltd.,8877,143
CSC e-Governance Services India Limited,Network for Information & Computer,95,41
CSC e-Governance Services India Limited,Promind Solutions P Limited,52,11
CSC e-Governance Services India Limited,Radiant Haroti Industries India Ltd,313,43
CSC e-Governance Services India Limited,Raj Construction Co.,106,15
CSC e-Governance Services India Limited,SPANCO,4244,311
CSC e-Governance Services India Limited,SRR Infotech,3477,87
CSC e-Governance Services India Limited,Sahaj e-Village Limited,53517,291
CSC e-Governance Services India Limited,Tera Software Ltd,1161,50
CSC e-Governance Services India Limited,United Telecoms e-Services Pvt Ltd,3241,100
CSC e-Governance Services India Limited,VIKALP MULTIMEDIA,2468,34
CSC e-Governance Services India Limited,VISION COMPTECH INTEGRATOR LTD,12,8
CSC e-Governance Services India Limited,Vakrangee Softwares Limited,2,1
CSC e-Governance Services India Limited,Vayam technologies Ltd,1036,226
CSC e-Governance Services India Limited,Vedavaag Systems Limited,48812,265
CSC e-Governance Services India Limited,Zephyr System Pvt.Ltd.,14487,246
Canara Bank,FINANCIAL INFORMATION NETWORK,886,200
Canara Bank,Karvy Data Management Services,39558,621
Canara Bank,Ojus Healthcare Private Limited,103,8
Canara Bank,Osiris Infotech Pvt. Ltd.,25,0
Canara Bank,Smart Chip Limited,381,181
Canara Bank,Virinchi Technologies Ltd,318,41
Central Bank of India,IAP COMPANY Pvt. Ltd,9,8
DENA BANK,77 Infosystems Pvt Ltd,3664,21
DENA BANK,A-Onerealtors Pvt Ltd,159,131
DENA BANK,APEX Services,114,17
DENA BANK,AS International,3471,132
DENA BANK,ATISHAY INFOTECH PVT. LTD.,1546,12
DENA BANK,AVVAS INFOTECH PVT  LTD,1447,157
DENA BANK,Asha Security Guard Services,1108,151
DENA BANK,BNR UDYOG LIMITED,2,0
DENA BANK,Binary Systems,20,62
DENA BANK,Bloom Solutions Pvt Ltd,721,222
DENA BANK,Blue Circle Instrument,505,9
DENA BANK,Business Information Processing Services,97,68
DENA BANK,CALANCE SOFTWARE PRIVATE LTD,620,78
DENA BANK,DATASOFT COMPUTER SERVICES(P),185,66
DENA BANK,DEVASHISH SECURITIES PVT. LTD.,7,0
DENA BANK,Eagle Software India Pvt. Ltd,194,24
DENA BANK,Emdee Digitronics Pvt.Ltd.,9,4
DENA BANK,FINANCIAL INFORMATION NETWORK,982,146
DENA BANK,Gem Computers,217,39
DENA BANK,Gujarat Infotech Ltd.,105,4
DENA BANK,HyperSoft Technologies Ltd,18108,50
DENA BANK,IAP COMPANY Pvt. Ltd,1322,324
DENA BANK,India Computer Technology,53,23
DENA BANK,JNET Technologies Pvt.Ltd,7,13
DENA BANK,K W Consulting P Ltd,7443,69
DENA BANK,M/S STAR DATA CENTRE,70,54
DENA BANK,M/s Gold Square Builders & Promoters Pvt. Ltd.,5897,61
DENA BANK,MARS Telecom Systems Pvt Ltd,190,77
DENA BANK,MEGHA VINCOM PVT LTD,1436,101
DENA BANK,MKS Enterprises,145,89
DENA BANK,Make India Smart Private Limited,6713,68
DENA BANK,Multiwave Innovation,508,124
DENA BANK,NVR & ASSOCIATES LIMITED,198,78
DENA BANK,Netlink software Pvt Ltd,4189,197
DENA BANK,Nielsen  India  Private Limited,787,567
DENA BANK,Offshoot Agency Pvt. Ltd.,360,31
DENA BANK,Om Softwares,2205,7
DENA BANK,Ortem Securities Limited,261,11
DENA BANK,Prodigy Systems and Services Private Limited,24,1
DENA BANK,Radiant Haroti Industries India Ltd,634,97
DENA BANK,Ricoh India Limited,1793,19
DENA BANK,SGS INDIA PVT LTD,2450,120
DENA BANK,Silver Touch Technologies Ltd,236,25
DENA BANK,Sixth Dimension Project Solutions Ltd,114,4
DENA BANK,Soc for Advancement of Environ Science,23,99
DENA BANK,SoftAge Information Technology Limited,14,4
DENA BANK,Super Printers,685,88
DENA BANK,Systematic & Advance Const P L,3,1
DENA BANK,TechSmart India Pvt Ltd,390,72
DENA BANK,Tera Software Ltd,555,429
DENA BANK,The NSIC ltd,9,7
DENA BANK,Transline Technologies P Ltd,181,55
DENA BANK,Utility Forms Pvt Ltd,376,41
DENA BANK,VAP INFOSOLUTIONS,584,57
DENA BANK,VISION COMPTECH INTEGRATOR LTD,142,191
DENA BANK,Vedavaag Systems Limited,18462,106
DENA BANK,Virinchi Technologies Ltd,1634,60
DENA BANK,WEBEL,602,460
DENA BANK,Wipro Ltd,928,702
DENA BANK,Yash Ornaments Pvt. Ltd,8949,346
DENA BANK,Zephyr System Pvt.Ltd.,3007,174
Delhi - NE DC,Smart Chip Limited,0,1
Department of Information Technology Govt of Jharkhand,Wipro Ltd,0,2
Dept of ITC Govt of Rajasthan,AKSH OPTIFIBRE LIMITED,325,4
Dept of ITC Govt of Rajasthan,ATISHAY INFOTECH PVT. LTD.,187,40
Dept of ITC Govt of Rajasthan,AVVAS INFOTECH PVT  LTD,1,0
Dept of ITC Govt of Rajasthan,Academy of Management Studies,3,16
Dept of ITC Govt of Rajasthan,Binary Systems,93,154
Dept of ITC Govt of Rajasthan,Business Information Processing Services,128,98
Dept of ITC Govt of Rajasthan,CMS Computers Ltd,1519,59
Dept of ITC Govt of Rajasthan,COMTECH INSTITUTE OFTECHNOLOGY,13,11
Dept of ITC Govt of Rajasthan,DATASOFT COMPUTER SERVICES(P),676,56
Dept of ITC Govt of Rajasthan,FINANCIAL INFORMATION NETWORK,299,59
Dept of ITC Govt of Rajasthan,Gem Computers,7,25
Dept of ITC Govt of Rajasthan,Gujarat Infotech Ltd.,64,7
Dept of ITC Govt of Rajasthan,IAP COMPANY Pvt. Ltd,26,49
Dept of ITC Govt of Rajasthan,Karvy Data Management Services,1795,36
Dept of ITC Govt of Rajasthan,M/s Sanish Choudhary,1871,58
Dept of ITC Govt of Rajasthan,MEGHA VINCOM PVT LTD,317,75
Dept of ITC Govt of Rajasthan,Matrix Processing House,138,33
Dept of ITC Govt of Rajasthan,Multiwave Innovation,119,6
Dept of ITC Govt of Rajasthan,Osiris Infotech Pvt. Ltd.,915,24
Dept of ITC Govt of Rajasthan,Radiant Haroti Industries India Ltd,720,91
Dept of ITC Govt of Rajasthan,Radiant Info Systems Ltd,38,117
Dept of ITC Govt of Rajasthan,Ricoh India Limited,815,79
Dept of ITC Govt of Rajasthan,SAR Technology,123,18
Dept of ITC Govt of Rajasthan,SREI INFRASTRUCTURE FINANCES L,77,1
Dept of ITC Govt of Rajasthan,TechSmart India Pvt Ltd,260,7
Dept of ITC Govt of Rajasthan,Transline Technologies P Ltd,164,60
Dept of ITC Govt of Rajasthan,UMC Technologies Pvt. Ltd,9,8
Dept of ITC Govt of Rajasthan,VISION COMPTECH INTEGRATOR LTD,18,33
Dept of ITC Govt of Rajasthan,Vakrangee Softwares Limited,636,485
Dept of ITC Govt of Rajasthan,Vayam technologies Ltd,69,236
FCR Govt of Haryana,4G INFORMATICS,42,42
FCR Govt of Haryana,Academy of Management Studies,155,36
FCR Govt of Haryana,Radiant Info Systems Ltd,33,35
FCR Govt of Haryana,SoftAge Information Technology Limited,251,236
FCR Govt of Haryana,Vayam technologies Ltd,268,117
FCS Govt of Punjab,District Sukhmani Society  Jalandhar  Punjab,95,11
FCS Govt of Punjab,District Sukhmani Society  Ludhiana  Punjab,243,16
FCS Govt of Punjab,District Sukhmani Society  Moga  Punjab,99,1
FCS Govt of Punjab,District Sukhmani Society Amritsar Punjab,430,7
FCS Govt of Punjab,District Sukhmani Society Barnala Punjab,101,14
FCS Govt of Punjab,District Sukhmani Society Bathinda Punjab,139,7
FCS Govt of Punjab,District Sukhmani Society Fatehgarh Sahib Punjab,102,3
FCS Govt of Punjab,District Sukhmani Society Fazilka Punjab,238,2
FCS Govt of Punjab,District Sukhmani Society Ferozepur Punjab,81,2
FCS Govt of Punjab,District Sukhmani Society For Citizen Services Mansa Punjab,38,14
FCS Govt of Punjab,District Sukhmani Society For Citizen Services Nawanshahr Punjab,213,11
FCS Govt of Punjab,District Sukhmani Society For Citizen Services SAS Nagar District e-Governance Society Punjab,236,2
FCS Govt of Punjab,District Sukhmani Society Pathankot Punjab,64,12
FCS Govt of Punjab,District Sukhmani Society Patiala Punjab,49,18
FCS Govt of Punjab,District Sukhmani Society Rupnagar Punjab,85,2
FCS Govt of Punjab,District Sukhmani Society Sangrur Punjab,117,22
FCS Govt of Punjab,District Sukhmani Society Sri Muktsar Sahib Punjab,51,8
FCS Govt of Punjab,District Sukhmani Society Tarn Taran Punjab,40,5
FCS Govt of Punjab,Karvy Computershare Private Li,31,1
FCS Govt of Punjab,Sukhmani Society For Citizen Services  Kapurthala  Punjab,200,12
FCS Govt of Punjab,Sukhmani Society For Citizen Services Gurdaspur Punjab,8,1
FCS Govt of Punjab,Sukhmani Society For Citizens Services Faridkot Punjab,74,4
FCS Govt of Punjab,Suwidha Society Hoshiarpur Punjab,59,3
FCS Govt of Punjab,Vayam technologies Ltd,367,5
FCS Govt of Punjab,eCentric solutions pvt ltd,312,6
Govt of Andhra Pradesh,Gouthami Educational Society,0,4
Govt of Andhra Pradesh,GrapeSoft,3,1
Govt of Andhra Pradesh,INFRONICS SYSTEMS LTD,0,2
Govt of Gujarat,GSS Infotech Ltd,40,3
Govt of Gujarat,Karvy Computershare Private Li,114,10
Govt of Gujarat,Silver Touch Technologies Ltd,7044,37
Govt of Gujarat,Tera Software Ltd,132,13
Govt of Gujarat,Vayam technologies Ltd,2619,14
Govt of Gujarat,eCentric solutions pvt ltd,1,0
Govt of Himachal Pradesh,i-Grandee SoftwareTechnologies,54,35
Govt of Karnataka ,EDCS GOK,17,1
Govt of Karnataka ,Ninestars Information Technologies Ltd,0,5
Govt of Karnataka ,Origin ITFS Pvt Ltd,0,53
Govt of Kerala,Akshaya,2662,86
Govt of Maharashtra,Eagle press pvt ltd,0,1
Govt of Maharashtra,M/S King Computer System pvt Ltd,13,0
Govt of Maharashtra,M/s. Vidya Online  Pune,7,0
Govt of Maharashtra,Rudranee Infotech Ltd,50,1
Govt of Maharashtra,SETU MAHARASHTRA,160,18
Govt of Maharashtra,SHREERAM PRINTING PRESS,782,5
Govt of Maharashtra,SILVER JUBILEE MOTORS LTD.,24,2
Govt of Maharashtra,STRATEGIC OUTSOURCING SERVICE,10,3
Govt of Maharashtra,Vidarbha Infotech Pvt Ltd,180,50
Govt of Sikkim - Dept of Econo,Department of Economics Statistics  Monitoring and Evaluation DESME,246,7
IDBI Bank ltd,ATISHAY INFOTECH PVT. LTD.,475,60
IDBI Bank ltd,Matrix Processing House,14,6
IDBI Bank ltd,SREEVEN INFOCOM LIMITED,122,9
Indiapost,Delhi Integrated MMTS Ltd,0,1
Indiapost,Vayam technologies Ltd,55,1
Information Technology & Communication Department,Directorate of ESD,3517,634
Information Technology & Communication Department,MARS Telecom Systems Pvt Ltd,26,3
NSDL e-Governance Infrastructure Limited,Abhipra Capital Ltd,2121,54
NSDL e-Governance Infrastructure Limited,Alankit Assignments Limited,0,1
NSDL e-Governance Infrastructure Limited,Alankit Finsec Ltd,4957,310
NSDL e-Governance Infrastructure Limited,Gujarat Infotech Ltd.,803,379
NSDL e-Governance Infrastructure Limited,IAP COMPANY Pvt. Ltd,70,5
NSDL e-Governance Infrastructure Limited,Karvy Data Management Services,109122,2335
NSDL e-Governance Infrastructure Limited,N.K. Sharma Enterprises Ltd.,18,7
NSDL e-Governance Infrastructure Limited,Netlink software Pvt Ltd,150,33
NSDL e-Governance Infrastructure Limited,Offshoot Agency Pvt. Ltd.,893,54
NSDL e-Governance Infrastructure Limited,Ojus G Enterprises,735,69
NSDL e-Governance Infrastructure Limited,Promind Solutions P Limited,385,470
NSDL e-Governance Infrastructure Limited,RELIGARE SECURITIES LTD,9355,84
NSDL e-Governance Infrastructure Limited,Radiant Haroti Industries India Ltd,358,40
NSDL e-Governance Infrastructure Limited,Ricoh India Limited,5489,1200
NSDL e-Governance Infrastructure Limited,Sri Ramraja Sarkar Lok Kalyan Trust,224,71
NSDL e-Governance Infrastructure Limited,Utility Forms Pvt Ltd,4352,254
NSDL e-Governance Infrastructure Limited,VIRGO SOFTECH LIMITED,274,147
Oriental Bank of Commerce,Sri Ramraja Sarkar Lok Kalyan Trust,0,1
Oriental Bank of Commerce,Wipro Ltd,0,1
Principal Revenue Commissioner  Dept of Revenue  Govt of MP,Vedavaag Systems Limited,0,2
Project Coordinator UID Project Madhya Pradesh,A I Soc for Electronics and Comp Tech,2446,155
Project Coordinator UID Project Madhya Pradesh,DATASOFT COMPUTER SERVICES(P),1,0
Project Coordinator UID Project Madhya Pradesh,LYRA  CONSULTANCY SERVICE,29,13
Project Coordinator UID Project Madhya Pradesh,Matrix Processing House,5,12
Project Coordinator UID Project Madhya Pradesh,OSWAL COMPUTERS & CONSULTANTS,166,44
Project Coordinator UID Project Madhya Pradesh,Sixth Dimension Project Solutions Ltd,121,4
Punjab National Bank,Alankit Finsec Ltd,102,16
Punjab National Bank,Eagle Software India Pvt. Ltd,290,82
Punjab National Bank,Smart Chip Limited,25,12
Punjab National Bank,Vayam technologies Ltd,71,11
Punjab and Sind Bank,Matrix Processing House,263,29
Registrar General India BEL2,Chinar Construction Company Prime agency,0,1
Registrar General India BEL2,In Media Computer Services LLP,387,1
Registrar General India BEL2,India Computer Technology,1,0
Registrar General India BEL2,Karvy Data Management Services,23,57
Registrar General India BEL2,MACRO INFOTECH PVT LTD,991,83
Registrar General India BEL2,Madras Security Printers Ltd,2754,66
Registrar General India BEL2,Manipur Electronics Dev Corp,81,2
Registrar General India BEL2,Multiwave Innovation,187,7
Registrar General India BEL2,NVR & ASSOCIATES LIMITED,0,1
Registrar General India BEL2,Netlink software Pvt Ltd,41,2
Registrar General India BEL2,SNR Edatas Pvt Ltd,69,33
Registrar General India BEL2,SREI INFRASTRUCTURE FINANCES L,194,45
Registrar General India BEL2,STRATEGIC OUTSOURCING SERVICE,0,3
Registrar General India BEL2,Tera Software Ltd,49,10
Registrar General India BEL2,UNITED DATA SERVICES PRIVATE LIMITED,1336,26
Registrar General India BEL2,Vedavaag Systems Limited,250,2
Registrar General India BEL2,Viesa Technologies,11300,64
Registrar General India ECIL,AVVAS INFOTECH PVT  LTD,175,9
Registrar General India ECIL,COMTECHINFO SOLUTIONS PVT.LTD,5096,25
Registrar General India ECIL,Chinar Construction Company Prime agency,1,0
Registrar General India ECIL,Computer LAB,547,357
Registrar General India ECIL,Eagle Software India Pvt. Ltd,86799,4753
Registrar General India ECIL,Esoft Consulting Limited,1,1
Registrar General India ECIL,In Media Computer Services LLP,842,43
Registrar General India ECIL,India Computer Technology,11514,508
Registrar General India ECIL,Integrated Systems & Services,1401,0
Registrar General India ECIL,Karvy Data Management Services,1022,10
Registrar General India ECIL,Krishna Infotech,0,1
Registrar General India ECIL,LYRA  CONSULTANCY SERVICE,0,12
Registrar General India ECIL,Madras Security Printers Ltd,69514,2330
Registrar General India ECIL,Mphasis Ltd,12,2
Registrar General India ECIL,Nielsen  India  Private Limited,0,6
Registrar General India ECIL,Quick Data IT Services Pvt Ltd,375,84
Registrar General India ECIL,SARADA SYSTEMS,2,64
Registrar General India ECIL,SWISSTECH NPR 57CR PROJECT PVT,6,1
Registrar General India ECIL,Tera Software Ltd,11,24
Registrar General India ECIL,Vedavaag Systems Limited,744,51
Registrar General India Others,Clairvoyance Technologies Pvt.,2,0
Registrar General India Others,Tera Software Ltd,0,1
Registrar General of India ITI,Eagle Software India Pvt. Ltd,1,0
Registrar General of India ITI,Emdee Digitronics Pvt.Ltd.,188,109
Registrar General of India ITI,Karvy Data Management Services,36,1
Registrar General of India ITI,Madras Security Printers Ltd,74,5
Registrar General of India ITI,Mphasis Ltd,0,4
Registrar General of India ITI,Netwing Technologies Pvt Ltd,3,8
Registrar General of India ITI,Nielsen  India  Private Limited,1,6
Registrar General of India ITI,Quick Data IT Services Pvt Ltd,214,1
Registrar General of India ITI,SNR Edatas Pvt Ltd,0,2
Registrar General of India ITI,STRATEGIC OUTSOURCING SERVICE,1,0
Registrar General of India ITI,VIRGO SOFTECH LIMITED,24,2
Registrar General of India ITI,Vedavaag Systems Limited,2,1
Registrar General of India ITI,WEBEL TECHNOLOGY LIMITED,27,50
Registrar General of India ITI,Webx Technologies Private Limited,142,1
Rural Development Dept  Govt. of Bihar,FINANCIAL INFORMATION NETWORK,12,1
State Bank of India,Silver Touch Technologies Ltd,0,3
State Bank of India,Smart Chip Limited,18,3
UIDAI-Registrar,UIDAI-EA,271,5
Union Bank,FINANCIAL INFORMATION NETWORK,2099,381
Union Bank,Smart Chip Limited,70,23
Union Bank,Vakrangee Softwares Limited,994,570
