Registrar,Enrolment Agency,Aadhaar generated,Enrolment Rejected
Allahabad Bank,A-Onerealtors Pvt Ltd,937,29
Allahabad Bank,Asha Security Guard Services,5182,521
Allahabad Bank,Emdee Digitronics Pvt.Ltd.,2033,32
Allahabad Bank,MEGHA VINCOM PVT LTD,6825,49
Allahabad Bank,Nevaeh Technology Pvt. Ltd.,1516,161
Allahabad Bank,PROTEX COMPUTER PVT LTD,165,2
Allahabad Bank,Radiant Haroti Industries India Ltd,130,100
Allahabad Bank,Redim Software Technologies Pvt Ltd,126,47
Allahabad Bank,SGS INDIA PVT LTD,3295,4
Allahabad Bank,Sri Ramraja Sarkar Lok Kalyan Trust,48,18
Allahabad Bank,VAP INFOSOLUTIONS,3,22
Allahabad Bank,Vakrangee Softwares Limited,0,2
Allahabad Bank,Vedavaag Systems Limited,320,67
Bank Of India,A3 Logics  India  Ltd,326,18
Bank Of India,Akanksha International,2,0
Bank Of India,Blue Circle Instrument,31,0
Bank Of India,CHESSY CONSULTANTS PVT LTD,1,8
Bank Of India,DATASOFT COMPUTER SERVICES(P),3837,118
Bank Of India,Emdee Digitronics Pvt.Ltd.,1,0
Bank Of India,Frontech Systems Pvt Ltd,98,23
Bank Of India,Matrix Processing House,0,1
Bank Of India,OSWAL COMPUTERS & CONSULTANTS,146,128
Bank Of India,PROTEX COMPUTER PVT LTD,157,104
Bank Of India,SARADA SYSTEMS,1830,46
Bank Of India,SREI INFRASTRUCTURE FINANCES L,12441,221
Bank Of India,VEETECHNOLOGIES PVT. LTD,188,44
Bank of Baroda,Global Finsol Private Limited,1,3
Bank of Maharashtra,FINANCIAL INFORMATION NETWORK,5,1
Bank of Maharashtra,Tera Software Ltd,25,26
CSC e-Governance Services India Limited,A I Soc for Electronics and Comp Tech,6211,798
CSC e-Governance Services India Limited,AKSH OPTIFIBRE LIMITED,3315,256
CSC e-Governance Services India Limited,BASIX,4529,407
CSC e-Governance Services India Limited,Bloom Solutions Pvt Ltd,1,0
CSC e-Governance Services India Limited,CALANCE SOFTWARE PRIVATE LTD,1826,75
CSC e-Governance Services India Limited,CHIPS,2552,36
CSC e-Governance Services India Limited,CMS Computers Ltd,9469,1238
CSC e-Governance Services India Limited,CSC e-Governance Services India Limited,672,19
CSC e-Governance Services India Limited,Conatus Infocom Pvt. Ltd,276,21
CSC e-Governance Services India Limited,DATASOFT COMPUTER SERVICES(P),1273,24
CSC e-Governance Services India Limited,Home Life Buildcon Pvt Ltd,395,24
CSC e-Governance Services India Limited,IAP COMPANY Pvt. Ltd,10104,153
CSC e-Governance Services India Limited,Janta Silikon Consortium,0,3
CSC e-Governance Services India Limited,MANTRA SOFTTECH (INDIA) PVTLTD,826,63
CSC e-Governance Services India Limited,MEGHA VINCOM PVT LTD,158,8
CSC e-Governance Services India Limited,Mahaonline Limited,1086,106
CSC e-Governance Services India Limited,NPS Technologies Pvt. Ltd,527,209
CSC e-Governance Services India Limited,NVR & ASSOCIATES LIMITED,21,37
CSC e-Governance Services India Limited,Nekton IT India Pvt Ltd.,3318,78
CSC e-Governance Services India Limited,Network for Information & Computer,1327,72
CSC e-Governance Services India Limited,Promind Solutions P Limited,1259,53
CSC e-Governance Services India Limited,Radiant Haroti Industries India Ltd,2587,200
CSC e-Governance Services India Limited,Raj Construction Co.,61,1
CSC e-Governance Services India Limited,SPANCO,1269,287
CSC e-Governance Services India Limited,SRR Infotech,971,66
CSC e-Governance Services India Limited,Sahaj e-Village Limited,14549,120
CSC e-Governance Services India Limited,Tera Software Ltd,1993,147
CSC e-Governance Services India Limited,United Telecoms e-Services Pvt Ltd,1926,89
CSC e-Governance Services India Limited,VIKALP MULTIMEDIA,473,21
CSC e-Governance Services India Limited,VISION COMPTECH INTEGRATOR LTD,72,7
CSC e-Governance Services India Limited,Vayam technologies Ltd,6510,265
CSC e-Governance Services India Limited,Vedavaag Systems Limited,8590,133
CSC e-Governance Services India Limited,Zephyr System Pvt.Ltd.,5748,307
Canara Bank,FINANCIAL INFORMATION NETWORK,20454,211
Canara Bank,Karvy Data Management Services,16458,252
Canara Bank,Ojus Healthcare Private Limited,16,50
Canara Bank,Osiris Infotech Pvt. Ltd.,26,1
Canara Bank,Smart Chip Limited,2924,160
Canara Bank,Virinchi Technologies Ltd,679,64
Central Bank of India,CALANCE SOFTWARE PRIVATE LTD,0,2
Central Bank of India,IAP COMPANY Pvt. Ltd,13,1
DENA BANK,77 Infosystems Pvt Ltd,283,9
DENA BANK,A-Onerealtors Pvt Ltd,1120,39
DENA BANK,APEX Services,508,76
DENA BANK,AS International,1246,32
DENA BANK,ATISHAY INFOTECH PVT. LTD.,14460,13
DENA BANK,AVVAS INFOTECH PVT  LTD,5072,68
DENA BANK,Asha Security Guard Services,8525,676
DENA BANK,BNR UDYOG LIMITED,0,2
DENA BANK,Binary Systems,788,107
DENA BANK,Bloom Solutions Pvt Ltd,1711,392
DENA BANK,Blue Circle Instrument,2196,6
DENA BANK,Business Information Processing Services,741,36
DENA BANK,CALANCE SOFTWARE PRIVATE LTD,4966,78
DENA BANK,DATASOFT COMPUTER SERVICES(P),6096,30
DENA BANK,DEVASHISH SECURITIES PVT. LTD.,8,1
DENA BANK,Eagle Software India Pvt. Ltd,3724,57
DENA BANK,Emdee Digitronics Pvt.Ltd.,14,3
DENA BANK,FINANCIAL INFORMATION NETWORK,7321,93
DENA BANK,Gem Computers,720,49
DENA BANK,Gujarat Infotech Ltd.,15,2
DENA BANK,HyperSoft Technologies Ltd,2673,35
DENA BANK,IAP COMPANY Pvt. Ltd,22012,297
DENA BANK,India Computer Technology,2116,79
DENA BANK,JNET Technologies Pvt.Ltd,422,45
DENA BANK,K W Consulting P Ltd,1265,11
DENA BANK,M/S STAR DATA CENTRE,1574,26
DENA BANK,M/s Gold Square Builders & Promoters Pvt. Ltd.,589,15
DENA BANK,MARS Telecom Systems Pvt Ltd,1036,93
DENA BANK,MEGHA VINCOM PVT LTD,53002,129
DENA BANK,MKS Enterprises,430,107
DENA BANK,Make India Smart Private Limited,3832,72
DENA BANK,Multiwave Innovation,2911,284
DENA BANK,NVR & ASSOCIATES LIMITED,4179,23
DENA BANK,Narayana Electricals Solution Pvt Ltd,2,2
DENA BANK,Netlink software Pvt Ltd,4031,380
DENA BANK,Nielsen  India  Private Limited,7239,760
DENA BANK,Offshoot Agency Pvt. Ltd.,10521,20
DENA BANK,Om Softwares,4834,11
DENA BANK,Ortem Securities Limited,330,41
DENA BANK,Prodigy Systems and Services Private Limited,220,11
DENA BANK,Radiant Haroti Industries India Ltd,905,107
DENA BANK,Ricoh India Limited,542,15
DENA BANK,SGS INDIA PVT LTD,37052,126
DENA BANK,Silver Touch Technologies Ltd,1146,238
DENA BANK,Sixth Dimension Project Solutions Ltd,2714,7
DENA BANK,Soc for Advancement of Environ Science,130,2
DENA BANK,SoftAge Information Technology Limited,82,7
DENA BANK,Super Printers,14560,32
DENA BANK,Systematic & Advance Const P L,156,10
DENA BANK,TechSmart India Pvt Ltd,411,53
DENA BANK,Tera Software Ltd,1024,55
DENA BANK,The NSIC ltd,0,6
DENA BANK,Transline Technologies P Ltd,1329,51
DENA BANK,Utility Forms Pvt Ltd,8435,14
DENA BANK,VAP INFOSOLUTIONS,2376,1262
DENA BANK,VISION COMPTECH INTEGRATOR LTD,1486,41
DENA BANK,Vedavaag Systems Limited,1911,205
DENA BANK,Virinchi Technologies Ltd,1671,147
DENA BANK,WEBEL,6856,1856
DENA BANK,Wipro Ltd,11001,1215
DENA BANK,Yash Ornaments Pvt. Ltd,589,35
DENA BANK,Zephyr System Pvt.Ltd.,31870,423
Delhi - East DC,DATASOFT COMPUTER SERVICES(P),0,1
Delhi - North DC,CALANCE SOFTWARE PRIVATE LTD,1,0
Department of Information Technology Govt of Jharkhand,Blue Circle Instrument,0,1
Dept of ITC Govt of Rajasthan,AKSH OPTIFIBRE LIMITED,1,10
Dept of ITC Govt of Rajasthan,ATISHAY INFOTECH PVT. LTD.,1523,73
Dept of ITC Govt of Rajasthan,Academy of Management Studies,2,0
Dept of ITC Govt of Rajasthan,Binary Systems,99,11
Dept of ITC Govt of Rajasthan,Business Information Processing Services,232,55
Dept of ITC Govt of Rajasthan,CMS Computers Ltd,487,225
Dept of ITC Govt of Rajasthan,COMTECH INSTITUTE OFTECHNOLOGY,70,0
Dept of ITC Govt of Rajasthan,DATASOFT COMPUTER SERVICES(P),543,21
Dept of ITC Govt of Rajasthan,FINANCIAL INFORMATION NETWORK,2558,180
Dept of ITC Govt of Rajasthan,Gem Computers,20,2
Dept of ITC Govt of Rajasthan,Gujarat Infotech Ltd.,68,18
Dept of ITC Govt of Rajasthan,IAP COMPANY Pvt. Ltd,124,8
Dept of ITC Govt of Rajasthan,Karvy Data Management Services,536,7
Dept of ITC Govt of Rajasthan,M/s Sanish Choudhary,27,5
Dept of ITC Govt of Rajasthan,MEGHA VINCOM PVT LTD,2079,72
Dept of ITC Govt of Rajasthan,Matrix Processing House,323,115
Dept of ITC Govt of Rajasthan,Multiwave Innovation,28,134
Dept of ITC Govt of Rajasthan,Osiris Infotech Pvt. Ltd.,408,142
Dept of ITC Govt of Rajasthan,Radiant Haroti Industries India Ltd,167,86
Dept of ITC Govt of Rajasthan,Radiant Info Systems Ltd,477,12
Dept of ITC Govt of Rajasthan,Ricoh India Limited,386,52
Dept of ITC Govt of Rajasthan,SAR Technology,138,5
Dept of ITC Govt of Rajasthan,SREI INFRASTRUCTURE FINANCES L,18,1
Dept of ITC Govt of Rajasthan,TechSmart India Pvt Ltd,121,26
Dept of ITC Govt of Rajasthan,Transline Technologies P Ltd,1063,57
Dept of ITC Govt of Rajasthan,UMC Technologies Pvt. Ltd,76,1
Dept of ITC Govt of Rajasthan,VISION COMPTECH INTEGRATOR LTD,543,6
Dept of ITC Govt of Rajasthan,Vakrangee Softwares Limited,571,119
Dept of ITC Govt of Rajasthan,Vayam technologies Ltd,356,28
FCR Govt of Haryana,4G INFORMATICS,245,22
FCR Govt of Haryana,Academy of Management Studies,460,16
FCR Govt of Haryana,Radiant Info Systems Ltd,75,36
FCR Govt of Haryana,SoftAge Information Technology Limited,1145,157
FCR Govt of Haryana,Vayam technologies Ltd,433,125
FCS Govt of Punjab,District Sukhmani Society  Jalandhar  Punjab,62,3
FCS Govt of Punjab,District Sukhmani Society  Ludhiana  Punjab,272,12
FCS Govt of Punjab,District Sukhmani Society  Moga  Punjab,67,2
FCS Govt of Punjab,District Sukhmani Society Amritsar Punjab,336,9
FCS Govt of Punjab,District Sukhmani Society Barnala Punjab,85,9
FCS Govt of Punjab,District Sukhmani Society Bathinda Punjab,118,6
FCS Govt of Punjab,District Sukhmani Society Fatehgarh Sahib Punjab,242,1
FCS Govt of Punjab,District Sukhmani Society Fazilka Punjab,49,6
FCS Govt of Punjab,District Sukhmani Society Ferozepur Punjab,127,3
FCS Govt of Punjab,District Sukhmani Society For Citizen Services Mansa Punjab,138,7
FCS Govt of Punjab,District Sukhmani Society For Citizen Services Nawanshahr Punjab,199,7
FCS Govt of Punjab,District Sukhmani Society For Citizen Services SAS Nagar District e-Governance Society Punjab,88,5
FCS Govt of Punjab,District Sukhmani Society Pathankot Punjab,44,0
FCS Govt of Punjab,District Sukhmani Society Patiala Punjab,116,13
FCS Govt of Punjab,District Sukhmani Society Rupnagar Punjab,211,0
FCS Govt of Punjab,District Sukhmani Society Sangrur Punjab,132,9
FCS Govt of Punjab,District Sukhmani Society Sri Muktsar Sahib Punjab,112,1
FCS Govt of Punjab,District Sukhmani Society Tarn Taran Punjab,103,3
FCS Govt of Punjab,Karvy Computershare Private Li,6,1
FCS Govt of Punjab,Sukhmani Society For Citizen Services  Kapurthala  Punjab,9,1
FCS Govt of Punjab,Sukhmani Society For Citizen Services Gurdaspur Punjab,0,9
FCS Govt of Punjab,Sukhmani Society For Citizens Services Faridkot Punjab,53,0
FCS Govt of Punjab,Suwidha Society Hoshiarpur Punjab,263,5
FCS Govt of Punjab,Vayam technologies Ltd,295,12
FCS Govt of Punjab,eCentric solutions pvt ltd,152,0
Govt of Andhra Pradesh,Gouthami Educational Society,17,4
Govt of Andhra Pradesh,GrapeSoft,0,3
Govt of Andhra Pradesh,TechSmart India Pvt Ltd,1,2
Govt of Gujarat,GSS Infotech Ltd,148,4
Govt of Gujarat,Karvy Computershare Private Li,702,23
Govt of Gujarat,Silver Touch Technologies Ltd,126,123
Govt of Gujarat,Tera Software Ltd,13,29
Govt of Gujarat,Vayam technologies Ltd,158,58
Govt of Gujarat,eCentric solutions pvt ltd,1063,1
Govt of Himachal Pradesh,i-Grandee SoftwareTechnologies,437,115
Govt of Karnataka ,EDCS GOK,70,9
Govt of Karnataka ,Ninestars Information Technologies Ltd,0,13
Govt of Karnataka ,Origin ITFS Pvt Ltd,0,3
Govt of Kerala,Akshaya,3815,335
Govt of Kerala,Keltron,0,1
Govt of Maharashtra,M/S King Computer System pvt Ltd,4,0
Govt of Maharashtra,M/s. Vidya Online  Pune,0,2
Govt of Maharashtra,Narayana Electricals Solution Pvt Ltd,0,2
Govt of Maharashtra,Rudranee Infotech Ltd,2,2
Govt of Maharashtra,SETU MAHARASHTRA,1113,23
Govt of Maharashtra,SHREERAM PRINTING PRESS,13,4
Govt of Maharashtra,SILVER JUBILEE MOTORS LTD.,1,2
Govt of Maharashtra,Silver Touch Technologies Ltd,0,1
Govt of Maharashtra,Vidarbha Infotech Pvt Ltd,3,4
Govt of Sikkim - Dept of Econo,Department of Economics Statistics  Monitoring and Evaluation DESME,108,0
IDBI Bank ltd,ATISHAY INFOTECH PVT. LTD.,462,28
IDBI Bank ltd,Matrix Processing House,15,15
IDBI Bank ltd,SREEVEN INFOCOM LIMITED,342,16
Indiapost,Vayam technologies Ltd,1,0
Information Technology & Communication Department,Bloom Solutions Pvt Ltd,0,1
Information Technology & Communication Department,Directorate of ESD,6521,733
Information Technology & Communication Department,MARS Telecom Systems Pvt Ltd,3,6
Jharkhand,Wipro Ltd,0,1
NSDL e-Governance Infrastructure Limited,Abhipra Capital Ltd,797,16
NSDL e-Governance Infrastructure Limited,Alankit Assignments Limited,14,1
NSDL e-Governance Infrastructure Limited,Alankit Finsec Ltd,7339,213
NSDL e-Governance Infrastructure Limited,COMTECHINFO SOLUTIONS PVT.LTD,2,0
NSDL e-Governance Infrastructure Limited,Gujarat Infotech Ltd.,3403,486
NSDL e-Governance Infrastructure Limited,IAP COMPANY Pvt. Ltd,189,4
NSDL e-Governance Infrastructure Limited,Karvy Data Management Services,42164,1147
NSDL e-Governance Infrastructure Limited,N.K. Sharma Enterprises Ltd.,727,8
NSDL e-Governance Infrastructure Limited,Netlink software Pvt Ltd,501,49
NSDL e-Governance Infrastructure Limited,Offshoot Agency Pvt. Ltd.,25214,118
NSDL e-Governance Infrastructure Limited,Ojus G Enterprises,3869,71
NSDL e-Governance Infrastructure Limited,Promind Solutions P Limited,4752,140
NSDL e-Governance Infrastructure Limited,RELIGARE SECURITIES LTD,2160,80
NSDL e-Governance Infrastructure Limited,Radiant Haroti Industries India Ltd,404,101
NSDL e-Governance Infrastructure Limited,Ricoh India Limited,6377,278
NSDL e-Governance Infrastructure Limited,SNR Edatas Pvt Ltd,1,0
NSDL e-Governance Infrastructure Limited,Sri Ramraja Sarkar Lok Kalyan Trust,3892,120
NSDL e-Governance Infrastructure Limited,Utility Forms Pvt Ltd,46613,63
NSDL e-Governance Infrastructure Limited,VIRGO SOFTECH LIMITED,4131,108
Oriental Bank of Commerce,Sri Ramraja Sarkar Lok Kalyan Trust,0,1
Principal Revenue Commissioner  Dept of Revenue  Govt of MP,Vedavaag Systems Limited,1,3
Project Coordinator UID Project Madhya Pradesh,A I Soc for Electronics and Comp Tech,961,90
Project Coordinator UID Project Madhya Pradesh,DATASOFT COMPUTER SERVICES(P),11,22
Project Coordinator UID Project Madhya Pradesh,LYRA  CONSULTANCY SERVICE,548,27
Project Coordinator UID Project Madhya Pradesh,Matrix Processing House,165,41
Project Coordinator UID Project Madhya Pradesh,OSWAL COMPUTERS & CONSULTANTS,183,155
Project Coordinator UID Project Madhya Pradesh,Orion Security Solutions Private Ltd,64,0
Project Coordinator UID Project Madhya Pradesh,Sixth Dimension Project Solutions Ltd,1198,7
Punjab National Bank,Alankit Finsec Ltd,2468,27
Punjab National Bank,Eagle Software India Pvt. Ltd,6758,39
Punjab National Bank,Smart Chip Limited,310,51
Punjab National Bank,Vayam technologies Ltd,1461,17
Punjab and Sind Bank,Matrix Processing House,4198,205
Registrar General India BEL2,Chinar Construction Company Prime agency,0,2
Registrar General India BEL2,Emdee Digitronics Pvt.Ltd.,0,1
Registrar General India BEL2,In Media Computer Services LLP,1,0
Registrar General India BEL2,Karvy Data Management Services,66,4
Registrar General India BEL2,MACRO INFOTECH PVT LTD,3488,42
Registrar General India BEL2,Madras Security Printers Ltd,688,223
Registrar General India BEL2,Manipur Electronics Dev Corp,350,9
Registrar General India BEL2,Multiwave Innovation,286,2
Registrar General India BEL2,Netlink software Pvt Ltd,7,4
Registrar General India BEL2,SNR Edatas Pvt Ltd,9,33
Registrar General India BEL2,SREI INFRASTRUCTURE FINANCES L,9,4
Registrar General India BEL2,Swathy Smartcards Hi-Tech Pvt,1,5
Registrar General India BEL2,Tera Software Ltd,150,13
Registrar General India BEL2,UNITED DATA SERVICES PRIVATE LIMITED,20,8
Registrar General India BEL2,Vansh Infotech Pvt Ltd,0,1
Registrar General India BEL2,Vedavaag Systems Limited,4,3
Registrar General India BEL2,Viesa Technologies,991,78
Registrar General India ECIL,AVVAS INFOTECH PVT  LTD,274,10
Registrar General India ECIL,COMTECHINFO SOLUTIONS PVT.LTD,106,1664
Registrar General India ECIL,Chinar Construction Company Prime agency,2,21
Registrar General India ECIL,Computer LAB,31250,68
Registrar General India ECIL,Eagle Software India Pvt. Ltd,10589,832
Registrar General India ECIL,Gundal Infotech Private Limited,0,1
Registrar General India ECIL,In Media Computer Services LLP,72,20
Registrar General India ECIL,India Computer Technology,318,379
Registrar General India ECIL,Integrated Systems & Services,30,1
Registrar General India ECIL,Karvy Data Management Services,24,2
Registrar General India ECIL,LYRA  CONSULTANCY SERVICE,1077,9
Registrar General India ECIL,Madras Security Printers Ltd,10154,2709
Registrar General India ECIL,Mphasis Ltd,1,4
Registrar General India ECIL,Pioneer E Labs limited,0,19
Registrar General India ECIL,Quick Data IT Services Pvt Ltd,3,0
Registrar General India ECIL,SARADA SYSTEMS,82,2
Registrar General India ECIL,SWISSTECH NPR 57CR PROJECT PVT,4,5
Registrar General India ECIL,Vedavaag Systems Limited,156,2
Registrar General India Others,COMTECHINFO SOLUTIONS PVT.LTD,0,1
Registrar General India Others,Clairvoyance Technologies Pvt.,2,0
Registrar General India Others,Eagle Software India Pvt. Ltd,0,4
Registrar General of India ITI,Eagle Software India Pvt. Ltd,254,0
Registrar General of India ITI,Emdee Digitronics Pvt.Ltd.,3702,189
Registrar General of India ITI,In Media Computer Services LLP,462,0
Registrar General of India ITI,Karvy Data Management Services,16,2
Registrar General of India ITI,Madras Security Printers Ltd,38,8
Registrar General of India ITI,Mphasis Ltd,0,2
Registrar General of India ITI,Netwing Technologies Pvt Ltd,0,1
Registrar General of India ITI,Quick Data IT Services Pvt Ltd,132,0
Registrar General of India ITI,SNR Edatas Pvt Ltd,2,0
Registrar General of India ITI,Swathy Smartcards Hi-Tech Pvt,0,6
Registrar General of India ITI,VIRGO SOFTECH LIMITED,10,1
Registrar General of India ITI,Vedavaag Systems Limited,2,0
Registrar General of India ITI,WEBEL TECHNOLOGY LIMITED,14,19
Registrar General of India ITI,Webx Technologies Private Limited,46,1
Rural Development Dept  Govt. of Bihar,Bloom Solutions Pvt Ltd,0,1
Rural Development Dept  Govt. of Bihar,Emdee Digitronics Pvt.Ltd.,21,0
Rural Development Dept  Govt. of Bihar,FINANCIAL INFORMATION NETWORK,964,23
Rural Development Dept  Govt. of Bihar,M2C Private Solution,136,8
State Bank of Bikaner & Jaipur,Multiwave Innovation,1,1
State Bank of India,Silver Touch Technologies Ltd,68,2
State Bank of India,Smart Chip Limited,122,2
UIDAI-Registrar,UIDAI-EA,40,0
UT of Puducherry,Madras Security Printers Ltd,0,1
Union Bank,FINANCIAL INFORMATION NETWORK,20864,877
Union Bank,Smart Chip Limited,416,16
Union Bank,Vakrangee Softwares Limited,6330,363
