Registrar,Enrolment Agency,Aadhaar generated,Enrolment Rejected
Allahabad Bank,A-Onerealtors Pvt Ltd,1659,62
Allahabad Bank,Asha Security Guard Services,2556,26
Allahabad Bank,Emdee Digitronics Pvt.Ltd.,1130,11
Allahabad Bank,MEGHA VINCOM PVT LTD,1149,13
Allahabad Bank,Nevaeh Technology Pvt. Ltd.,2027,15
Allahabad Bank,PROTEX COMPUTER PVT LTD,83,0
Allahabad Bank,Radiant Haroti Industries India Ltd,551,3
Allahabad Bank,Redim Software Technologies Pvt Ltd,1028,8
Allahabad Bank,SGS INDIA PVT LTD,22,0
Allahabad Bank,Sri Ramraja Sarkar Lok Kalyan Trust,953,33
Allahabad Bank,VAP INFOSOLUTIONS,1,1
Allahabad Bank,Vakrangee Softwares Limited,0,84
Allahabad Bank,Vedavaag Systems Limited,572,19
Bank Of India,A3 Logics  India  Ltd,3413,144
Bank Of India,Akanksha International,59,0
Bank Of India,CHESSY CONSULTANTS PVT LTD,10,0
Bank Of India,DATASOFT COMPUTER SERVICES(P),15086,68
Bank Of India,Frontech Systems Pvt Ltd,751,17
Bank Of India,OSWAL COMPUTERS & CONSULTANTS,315,38
Bank Of India,PROTEX COMPUTER PVT LTD,622,4
Bank Of India,SARADA SYSTEMS,2906,22
Bank Of India,SREI INFRASTRUCTURE FINANCES L,12640,373
Bank Of India,VEETECHNOLOGIES PVT. LTD,67,188
Bank of Baroda,Global Finsol Private Limited,13,0
Bank of Maharashtra,FINANCIAL INFORMATION NETWORK,7,3
Bank of Maharashtra,Tera Software Ltd,21,1
CSC e-Governance Services India Limited,A I Soc for Electronics and Comp Tech,6563,284
CSC e-Governance Services India Limited,AKSH OPTIFIBRE LIMITED,6597,234
CSC e-Governance Services India Limited,BASIX,4221,138
CSC e-Governance Services India Limited,CALANCE SOFTWARE PRIVATE LTD,6310,103
CSC e-Governance Services India Limited,CHIPS,7374,97
CSC e-Governance Services India Limited,CMS Computers Ltd,7898,337
CSC e-Governance Services India Limited,CSC e-Governance Services India Limited,275,20
CSC e-Governance Services India Limited,Conatus Infocom Pvt. Ltd,343,25
CSC e-Governance Services India Limited,DATASOFT COMPUTER SERVICES(P),3430,47
CSC e-Governance Services India Limited,Home Life Buildcon Pvt Ltd,568,4
CSC e-Governance Services India Limited,IAP COMPANY Pvt. Ltd,2461,131
CSC e-Governance Services India Limited,MANTRA SOFTTECH (INDIA) PVTLTD,2462,55
CSC e-Governance Services India Limited,MEGHA VINCOM PVT LTD,1,0
CSC e-Governance Services India Limited,Mahaonline Limited,312,35
CSC e-Governance Services India Limited,NPS Technologies Pvt. Ltd,37,5
CSC e-Governance Services India Limited,NVR & ASSOCIATES LIMITED,217,9
CSC e-Governance Services India Limited,Nekton IT India Pvt Ltd.,4592,89
CSC e-Governance Services India Limited,Network for Information & Computer,1038,20
CSC e-Governance Services India Limited,Promind Solutions P Limited,2180,151
CSC e-Governance Services India Limited,Radiant Haroti Industries India Ltd,1969,88
CSC e-Governance Services India Limited,Raj Construction Co.,411,6
CSC e-Governance Services India Limited,SPANCO,2155,150
CSC e-Governance Services India Limited,SRR Infotech,2852,148
CSC e-Governance Services India Limited,Sahaj e-Village Limited,14179,108
CSC e-Governance Services India Limited,Tera Software Ltd,3827,52
CSC e-Governance Services India Limited,United Telecoms e-Services Pvt Ltd,845,25
CSC e-Governance Services India Limited,VIKALP MULTIMEDIA,221,2
CSC e-Governance Services India Limited,VISION COMPTECH INTEGRATOR LTD,224,8
CSC e-Governance Services India Limited,Vakrangee Softwares Limited,120,6
CSC e-Governance Services India Limited,Vayam technologies Ltd,4925,415
CSC e-Governance Services India Limited,Vedavaag Systems Limited,9189,79
CSC e-Governance Services India Limited,Zephyr System Pvt.Ltd.,7183,167
Canara Bank,FINANCIAL INFORMATION NETWORK,19047,360
Canara Bank,Karvy Data Management Services,7562,172
Canara Bank,Ojus Healthcare Private Limited,4,2
Canara Bank,Smart Chip Limited,11187,188
Canara Bank,Virinchi Technologies Ltd,283,9
Central Bank of India,IAP COMPANY Pvt. Ltd,213,1
DENA BANK,77 Infosystems Pvt Ltd,715,4
DENA BANK,A-Onerealtors Pvt Ltd,1022,127
DENA BANK,APEX Services,564,11
DENA BANK,AS International,1214,20
DENA BANK,ATISHAY INFOTECH PVT. LTD.,15362,71
DENA BANK,AVVAS INFOTECH PVT  LTD,15999,249
DENA BANK,Asha Security Guard Services,2796,271
DENA BANK,BNR UDYOG LIMITED,1,9
DENA BANK,Binary Systems,563,79
DENA BANK,Bloom Solutions Pvt Ltd,5081,188
DENA BANK,Blue Circle Instrument,7500,59
DENA BANK,Business Information Processing Services,11,97
DENA BANK,CALANCE SOFTWARE PRIVATE LTD,14161,175
DENA BANK,DATASOFT COMPUTER SERVICES(P),10124,106
DENA BANK,DEVASHISH SECURITIES PVT. LTD.,49,0
DENA BANK,Eagle Software India Pvt. Ltd,8944,10
DENA BANK,Emdee Digitronics Pvt.Ltd.,3,1
DENA BANK,FINANCIAL INFORMATION NETWORK,11952,209
DENA BANK,Gem Computers,140,95
DENA BANK,Gujarat Infotech Ltd.,153,0
DENA BANK,HyperSoft Technologies Ltd,6502,24
DENA BANK,IAP COMPANY Pvt. Ltd,11079,389
DENA BANK,India Computer Technology,181,3
DENA BANK,JNET Technologies Pvt.Ltd,416,35
DENA BANK,K W Consulting P Ltd,1679,24
DENA BANK,M/S STAR DATA CENTRE,617,41
DENA BANK,M/s Gold Square Builders & Promoters Pvt. Ltd.,480,31
DENA BANK,MARS Telecom Systems Pvt Ltd,3153,49
DENA BANK,MEGHA VINCOM PVT LTD,3318,54
DENA BANK,MKS Enterprises,2701,55
DENA BANK,Make India Smart Private Limited,3569,59
DENA BANK,Multiwave Innovation,8015,222
DENA BANK,NVR & ASSOCIATES LIMITED,3585,97
DENA BANK,Netlink software Pvt Ltd,2702,91
DENA BANK,Nielsen  India  Private Limited,10237,605
DENA BANK,Offshoot Agency Pvt. Ltd.,1968,27
DENA BANK,Om Softwares,52,0
DENA BANK,Ortem Securities Limited,1338,31
DENA BANK,Radiant Haroti Industries India Ltd,3094,40
DENA BANK,Ricoh India Limited,996,14
DENA BANK,SGS INDIA PVT LTD,2969,44
DENA BANK,Silver Touch Technologies Ltd,2050,73
DENA BANK,Sixth Dimension Project Solutions Ltd,9,1
DENA BANK,Soc for Advancement of Environ Science,391,67
DENA BANK,SoftAge Information Technology Limited,235,4
DENA BANK,Super Printers,1562,31
DENA BANK,Systematic & Advance Const P L,70,3
DENA BANK,TechSmart India Pvt Ltd,5549,61
DENA BANK,Tera Software Ltd,3964,297
DENA BANK,The NSIC ltd,19,8
DENA BANK,Transline Technologies P Ltd,954,94
DENA BANK,Utility Forms Pvt Ltd,397,27
DENA BANK,VAP INFOSOLUTIONS,1787,112
DENA BANK,VISION COMPTECH INTEGRATOR LTD,1917,87
DENA BANK,Vedavaag Systems Limited,6083,78
DENA BANK,Virinchi Technologies Ltd,3728,24
DENA BANK,WEBEL,6989,771
DENA BANK,Wipro Ltd,8901,900
DENA BANK,Yash Ornaments Pvt. Ltd,1548,61
DENA BANK,Zephyr System Pvt.Ltd.,16281,112
Department of Information Technology Govt of Jharkhand,Wipro Ltd,0,1
Dept of ITC Govt of Rajasthan,AKSH OPTIFIBRE LIMITED,63,0
Dept of ITC Govt of Rajasthan,ATISHAY INFOTECH PVT. LTD.,2700,198
Dept of ITC Govt of Rajasthan,AVVAS INFOTECH PVT  LTD,74,0
Dept of ITC Govt of Rajasthan,Academy of Management Studies,2,16
Dept of ITC Govt of Rajasthan,Binary Systems,442,70
Dept of ITC Govt of Rajasthan,Business Information Processing Services,1161,93
Dept of ITC Govt of Rajasthan,CMS Computers Ltd,627,257
Dept of ITC Govt of Rajasthan,COMTECH INSTITUTE OFTECHNOLOGY,987,24
Dept of ITC Govt of Rajasthan,DATASOFT COMPUTER SERVICES(P),5270,90
Dept of ITC Govt of Rajasthan,FINANCIAL INFORMATION NETWORK,3010,78
Dept of ITC Govt of Rajasthan,Gem Computers,2,23
Dept of ITC Govt of Rajasthan,Gujarat Infotech Ltd.,213,11
Dept of ITC Govt of Rajasthan,IAP COMPANY Pvt. Ltd,510,28
Dept of ITC Govt of Rajasthan,Karvy Data Management Services,397,14
Dept of ITC Govt of Rajasthan,M/s Sanish Choudhary,206,18
Dept of ITC Govt of Rajasthan,MEGHA VINCOM PVT LTD,541,78
Dept of ITC Govt of Rajasthan,Matrix Processing House,1376,30
Dept of ITC Govt of Rajasthan,Multiwave Innovation,629,23
Dept of ITC Govt of Rajasthan,Netlink software Pvt Ltd,0,1
Dept of ITC Govt of Rajasthan,Osiris Infotech Pvt. Ltd.,1176,35
Dept of ITC Govt of Rajasthan,Radiant Haroti Industries India Ltd,671,14
Dept of ITC Govt of Rajasthan,Radiant Info Systems Ltd,13,109
Dept of ITC Govt of Rajasthan,Ricoh India Limited,1212,72
Dept of ITC Govt of Rajasthan,SAR Technology,213,6
Dept of ITC Govt of Rajasthan,SREI INFRASTRUCTURE FINANCES L,129,0
Dept of ITC Govt of Rajasthan,TechSmart India Pvt Ltd,124,4
Dept of ITC Govt of Rajasthan,Transline Technologies P Ltd,1294,98
Dept of ITC Govt of Rajasthan,UMC Technologies Pvt. Ltd,222,5
Dept of ITC Govt of Rajasthan,VISION COMPTECH INTEGRATOR LTD,5,4
Dept of ITC Govt of Rajasthan,Vakrangee Softwares Limited,2053,357
Dept of ITC Govt of Rajasthan,Vayam technologies Ltd,956,268
FCR Govt of Haryana,4G INFORMATICS,499,12
FCR Govt of Haryana,Academy of Management Studies,2615,129
FCR Govt of Haryana,Radiant Info Systems Ltd,342,55
FCR Govt of Haryana,SoftAge Information Technology Limited,1164,78
FCR Govt of Haryana,Vayam technologies Ltd,140,90
FCS Govt of Punjab,District Sukhmani Society  Jalandhar  Punjab,2,4
FCS Govt of Punjab,District Sukhmani Society  Ludhiana  Punjab,27,4
FCS Govt of Punjab,District Sukhmani Society  Moga  Punjab,7,0
FCS Govt of Punjab,District Sukhmani Society Amritsar Punjab,24,8
FCS Govt of Punjab,District Sukhmani Society Barnala Punjab,7,3
FCS Govt of Punjab,District Sukhmani Society Bathinda Punjab,20,1
FCS Govt of Punjab,District Sukhmani Society Fatehgarh Sahib Punjab,7,1
FCS Govt of Punjab,District Sukhmani Society Fazilka Punjab,21,2
FCS Govt of Punjab,District Sukhmani Society Ferozepur Punjab,4,0
FCS Govt of Punjab,District Sukhmani Society For Citizen Services Mansa Punjab,17,1
FCS Govt of Punjab,District Sukhmani Society For Citizen Services Nawanshahr Punjab,17,6
FCS Govt of Punjab,District Sukhmani Society For Citizen Services SAS Nagar District e-Governance Society Punjab,12,1
FCS Govt of Punjab,District Sukhmani Society Pathankot Punjab,6,6
FCS Govt of Punjab,District Sukhmani Society Patiala Punjab,19,6
FCS Govt of Punjab,District Sukhmani Society Rupnagar Punjab,5,1
FCS Govt of Punjab,District Sukhmani Society Sangrur Punjab,28,3
FCS Govt of Punjab,District Sukhmani Society Sri Muktsar Sahib Punjab,12,7
FCS Govt of Punjab,District Sukhmani Society Tarn Taran Punjab,5,0
FCS Govt of Punjab,Karvy Computershare Private Li,209,6
FCS Govt of Punjab,Sukhmani Society For Citizen Services  Kapurthala  Punjab,16,1
FCS Govt of Punjab,Sukhmani Society For Citizen Services Gurdaspur Punjab,1,0
FCS Govt of Punjab,Sukhmani Society For Citizens Services Faridkot Punjab,10,2
FCS Govt of Punjab,Suwidha Society Hoshiarpur Punjab,9,1
FCS Govt of Punjab,Vayam technologies Ltd,952,17
FCS Govt of Punjab,eCentric solutions pvt ltd,91,1
Govt of Andhra Pradesh,Gouthami Educational Society,1,0
Govt of Gujarat,GSS Infotech Ltd,630,4
Govt of Gujarat,Karvy Computershare Private Li,529,5
Govt of Gujarat,Silver Touch Technologies Ltd,1695,12
Govt of Gujarat,Tera Software Ltd,281,21
Govt of Gujarat,Vayam technologies Ltd,565,2
Govt of Gujarat,eCentric solutions pvt ltd,35,12
Govt of Himachal Pradesh,i-Grandee SoftwareTechnologies,71,67
Govt of Karnataka ,EDCS GOK,4,2
Govt of Karnataka ,Origin ITFS Pvt Ltd,0,4
Govt of Kerala,Akshaya,1850,96
Govt of Kerala,Keltron,2,0
Govt of Maharashtra,M/s. Vidya Online  Pune,0,3
Govt of Maharashtra,Rudranee Infotech Ltd,2,1
Govt of Maharashtra,SETU MAHARASHTRA,492,41
Govt of Maharashtra,SHREERAM PRINTING PRESS,26,0
Govt of Maharashtra,STRATEGIC OUTSOURCING SERVICE,1,0
Govt of Maharashtra,Vidarbha Infotech Pvt Ltd,47,12
Govt of Sikkim - Dept of Econo,Department of Economics Statistics  Monitoring and Evaluation DESME,276,1
IDBI Bank ltd,ATISHAY INFOTECH PVT. LTD.,1689,69
IDBI Bank ltd,Matrix Processing House,181,1
IDBI Bank ltd,SREEVEN INFOCOM LIMITED,51,17
Indiapost,Vayam technologies Ltd,64,6
Information Technology & Communication Department,Directorate of ESD,447,206
Information Technology & Communication Department,MARS Telecom Systems Pvt Ltd,1,1
NSDL e-Governance Infrastructure Limited,Abhipra Capital Ltd,590,27
NSDL e-Governance Infrastructure Limited,Alankit Finsec Ltd,28241,474
NSDL e-Governance Infrastructure Limited,COMTECHINFO SOLUTIONS PVT.LTD,1,0
NSDL e-Governance Infrastructure Limited,Gujarat Infotech Ltd.,8292,385
NSDL e-Governance Infrastructure Limited,IAP COMPANY Pvt. Ltd,83,1
NSDL e-Governance Infrastructure Limited,Karvy Data Management Services,20759,1259
NSDL e-Governance Infrastructure Limited,N.K. Sharma Enterprises Ltd.,0,4
NSDL e-Governance Infrastructure Limited,Netlink software Pvt Ltd,773,36
NSDL e-Governance Infrastructure Limited,Offshoot Agency Pvt. Ltd.,1317,7
NSDL e-Governance Infrastructure Limited,Ojus G Enterprises,1024,79
NSDL e-Governance Infrastructure Limited,Promind Solutions P Limited,6991,442
NSDL e-Governance Infrastructure Limited,RELIGARE SECURITIES LTD,1761,92
NSDL e-Governance Infrastructure Limited,Radiant Haroti Industries India Ltd,84,3
NSDL e-Governance Infrastructure Limited,Ricoh India Limited,3120,443
NSDL e-Governance Infrastructure Limited,Sri Ramraja Sarkar Lok Kalyan Trust,2903,148
NSDL e-Governance Infrastructure Limited,Transline Technologies P Ltd,0,1
NSDL e-Governance Infrastructure Limited,Utility Forms Pvt Ltd,5366,40
NSDL e-Governance Infrastructure Limited,VIRGO SOFTECH LIMITED,4073,131
Oriental Bank of Commerce,Sri Ramraja Sarkar Lok Kalyan Trust,2,0
Principal Revenue Commissioner  Dept of Revenue  Govt of MP,Vedavaag Systems Limited,0,1
Project Coordinator UID Project Madhya Pradesh,A I Soc for Electronics and Comp Tech,878,70
Project Coordinator UID Project Madhya Pradesh,DATASOFT COMPUTER SERVICES(P),252,5
Project Coordinator UID Project Madhya Pradesh,LYRA  CONSULTANCY SERVICE,858,36
Project Coordinator UID Project Madhya Pradesh,Matrix Processing House,344,10
Project Coordinator UID Project Madhya Pradesh,OSWAL COMPUTERS & CONSULTANTS,865,45
Project Coordinator UID Project Madhya Pradesh,Orion Security Solutions Private Ltd,57,3
Project Coordinator UID Project Madhya Pradesh,Sixth Dimension Project Solutions Ltd,46,3
Punjab National Bank,Alankit Finsec Ltd,4275,19
Punjab National Bank,Eagle Software India Pvt. Ltd,17094,198
Punjab National Bank,Smart Chip Limited,302,25
Punjab National Bank,Vayam technologies Ltd,541,29
Punjab and Sind Bank,Matrix Processing House,824,11
Registrar General India BEL2,Bharat Electronics Limited,1,0
Registrar General India BEL2,Emdee Digitronics Pvt.Ltd.,0,1
Registrar General India BEL2,In Media Computer Services LLP,8,0
Registrar General India BEL2,Karvy Data Management Services,277,44
Registrar General India BEL2,MACRO INFOTECH PVT LTD,1696,43
Registrar General India BEL2,MKS Enterprises,0,1
Registrar General India BEL2,Madras Security Printers Ltd,1435,17
Registrar General India BEL2,Manipur Electronics Dev Corp,1110,1
Registrar General India BEL2,Multiwave Innovation,921,1
Registrar General India BEL2,Netlink software Pvt Ltd,61,1
Registrar General India BEL2,SNR Edatas Pvt Ltd,6,30
Registrar General India BEL2,SREI INFRASTRUCTURE FINANCES L,652,15
Registrar General India BEL2,STRATEGIC OUTSOURCING SERVICE,2,5
Registrar General India BEL2,Tera Software Ltd,49,40
Registrar General India BEL2,UNITED DATA SERVICES PRIVATE LIMITED,680,8
Registrar General India BEL2,Vedavaag Systems Limited,1,0
Registrar General India BEL2,Viesa Technologies,6661,32
Registrar General India ECIL,AVVAS INFOTECH PVT  LTD,1731,46
Registrar General India ECIL,COMTECHINFO SOLUTIONS PVT.LTD,4040,19
Registrar General India ECIL,Computer LAB,814,102
Registrar General India ECIL,Eagle Software India Pvt. Ltd,47884,824
Registrar General India ECIL,In Media Computer Services LLP,372,3
Registrar General India ECIL,India Computer Technology,367,586
Registrar General India ECIL,Integrated Systems & Services,2339,6
Registrar General India ECIL,Karvy Data Management Services,2341,25
Registrar General India ECIL,LYRA  CONSULTANCY SERVICE,3865,9
Registrar General India ECIL,Madras Security Printers Ltd,73955,1343
Registrar General India ECIL,Quick Data IT Services Pvt Ltd,21,7
Registrar General India ECIL,SARADA SYSTEMS,4,184
Registrar General India ECIL,SWISSTECH NPR 57CR PROJECT PVT,0,53
Registrar General India ECIL,Vedavaag Systems Limited,383,5
Registrar General India Others,Clairvoyance Technologies Pvt.,11,2
Registrar General India Others,In Media Computer Services LLP,1,0
Registrar General India Others,LYRA  CONSULTANCY SERVICE,2,0
Registrar General of India ITI,Eagle Software India Pvt. Ltd,1,0
Registrar General of India ITI,Emdee Digitronics Pvt.Ltd.,36,48
Registrar General of India ITI,Karvy Data Management Services,1,7
Registrar General of India ITI,Madras Security Printers Ltd,242,5
Registrar General of India ITI,Netlink software Pvt Ltd,0,1
Registrar General of India ITI,Nevaeh Technology Pvt. Ltd.,122,0
Registrar General of India ITI,Quick Data IT Services Pvt Ltd,194,1
Registrar General of India ITI,SNR Edatas Pvt Ltd,199,9
Registrar General of India ITI,STRATEGIC OUTSOURCING SERVICE,1,1
Registrar General of India ITI,VIRGO SOFTECH LIMITED,122,6
Registrar General of India ITI,WEBEL TECHNOLOGY LIMITED,1,0
Registrar General of India ITI,Webx Technologies Private Limited,1152,0
Rural Development Dept  Govt. of Bihar,Bloom Solutions Pvt Ltd,6,0
Rural Development Dept  Govt. of Bihar,FINANCIAL INFORMATION NETWORK,2,0
State Bank of India,Silver Touch Technologies Ltd,32,0
State Bank of India,Smart Chip Limited,632,1
UIDAI-Registrar,UIDAI-EA,31,0
Union Bank,FINANCIAL INFORMATION NETWORK,4923,498
Union Bank,Smart Chip Limited,125,15
Union Bank,Vakrangee Softwares Limited,9504,619
