Registrar,Enrolment Agency,Aadhaar generated,Enrolment Rejected
Allahabad Bank,A-Onerealtors Pvt Ltd,2,10
Allahabad Bank,Asha Security Guard Services,26,226
Allahabad Bank,Emdee Digitronics Pvt.Ltd.,79,250
Allahabad Bank,Nevaeh Technology Pvt. Ltd.,15513,182
Allahabad Bank,PROTEX COMPUTER PVT LTD,828,2
Allahabad Bank,Radiant Haroti Industries India Ltd,1,35
Allahabad Bank,Redim Software Technologies Pvt Ltd,0,51
Allahabad Bank,SGS INDIA PVT LTD,3,18
Allahabad Bank,VAP INFOSOLUTIONS,4,26
Allahabad Bank,Vedavaag Systems Limited,1,41
Bank Of India,A3 Logics  India  Ltd,34,157
Bank Of India,Akanksha International,1,0
Bank Of India,Blue Circle Instrument,2,0
Bank Of India,DATASOFT COMPUTER SERVICES(P),111,899
Bank Of India,Emdee Digitronics Pvt.Ltd.,1,0
Bank Of India,Frontech Systems Pvt Ltd,2,32
Bank Of India,OSWAL COMPUTERS & CONSULTANTS,2988,248
Bank Of India,PROTEX COMPUTER PVT LTD,9235,45
Bank Of India,SARADA SYSTEMS,19818,263
Bank Of India,SHRIKRISHNA KHANDASARI SUGAR M,2,3
Bank Of India,SREI INFRASTRUCTURE FINANCES L,91979,1292
Bank Of India,Silver Touch Technologies Ltd,1,0
Bank Of India,Systematic & Advance Const P L,0,2
Bank Of India,VEETECHNOLOGIES PVT. LTD,2822,894
Bank of Baroda,Global Finsol Private Limited,7,17
Bank of Maharashtra,FINANCIAL INFORMATION NETWORK,3,6
Bank of Maharashtra,Micro Technologies India Ltd,1,0
Bank of Maharashtra,Tera Software Ltd,37,375
CSC e-Governance Services India Limited,A I Soc for Electronics and Comp Tech,103,1004
CSC e-Governance Services India Limited,AKSH OPTIFIBRE LIMITED,112,1010
CSC e-Governance Services India Limited,BASIX,157,1520
CSC e-Governance Services India Limited,CALANCE SOFTWARE PRIVATE LTD,7,190
CSC e-Governance Services India Limited,CHIPS,9,241
CSC e-Governance Services India Limited,CMS Computers Ltd,229,3524
CSC e-Governance Services India Limited,CSC e-Governance Services India Limited,5,33
CSC e-Governance Services India Limited,Conatus Infocom Pvt. Ltd,17,86
CSC e-Governance Services India Limited,DATASOFT COMPUTER SERVICES(P),9,165
CSC e-Governance Services India Limited,Home Life Buildcon Pvt Ltd,0,1
CSC e-Governance Services India Limited,IAP COMPANY Pvt. Ltd,154,213
CSC e-Governance Services India Limited,Intelligent Communication Sys India Ltd,20,38
CSC e-Governance Services India Limited,MANTRA SOFTTECH (INDIA) PVTLTD,9364,469
CSC e-Governance Services India Limited,Mahaonline Limited,32,759
CSC e-Governance Services India Limited,NVR & ASSOCIATES LIMITED,0,25
CSC e-Governance Services India Limited,Nekton IT India Pvt Ltd.,21,328
CSC e-Governance Services India Limited,Network for Information & Computer,2,44
CSC e-Governance Services India Limited,Promind Solutions P Limited,2,35
CSC e-Governance Services India Limited,SPANCO,4575,921
CSC e-Governance Services India Limited,SRR Infotech,15,363
CSC e-Governance Services India Limited,Sahaj e-Village Limited,64,953
CSC e-Governance Services India Limited,Tera Software Ltd,2985,142
CSC e-Governance Services India Limited,United Telecoms e-Services Pvt Ltd,27,278
CSC e-Governance Services India Limited,VIKALP MULTIMEDIA,9,30
CSC e-Governance Services India Limited,VISION COMPTECH INTEGRATOR LTD,1055,38
CSC e-Governance Services India Limited,Vakrangee Softwares Limited,3,0
CSC e-Governance Services India Limited,Vayam technologies Ltd,51,324
CSC e-Governance Services India Limited,Vedavaag Systems Limited,42,249
CSC e-Governance Services India Limited,Zephyr System Pvt.Ltd.,38,1133
Canara Bank,FINANCIAL INFORMATION NETWORK,361,1244
Canara Bank,Karvy Data Management Services,25,173
Canara Bank,Ojus Healthcare Private Limited,1,28
Canara Bank,Osiris Infotech Pvt. Ltd.,1,14
Canara Bank,Smart Chip Limited,26368,381
Canara Bank,Virinchi Technologies Ltd,39,238
Central Bank of India,IAP COMPANY Pvt. Ltd,1,72
Central Bank of India,SREI INFRASTRUCTURE FINANCES L,1,0
DENA BANK,77 Infosystems Pvt Ltd,4,12
DENA BANK,A-Onerealtors Pvt Ltd,1,110
DENA BANK,APEX Services,1,23
DENA BANK,AS International,5,63
DENA BANK,ATISHAY INFOTECH PVT. LTD.,28,398
DENA BANK,AVVAS INFOTECH PVT  LTD,53,759
DENA BANK,Asha Security Guard Services,20,65
DENA BANK,Binary Systems,1,75
DENA BANK,Bloom Solutions Pvt Ltd,63,132
DENA BANK,Blue Circle Instrument,6,81
DENA BANK,Business Information Processing Services,3,22
DENA BANK,CALANCE SOFTWARE PRIVATE LTD,32,758
DENA BANK,DATASOFT COMPUTER SERVICES(P),90,366
DENA BANK,DEVASHISH SECURITIES PVT. LTD.,0,2
DENA BANK,Eagle Software India Pvt. Ltd,86,241
DENA BANK,Emdee Digitronics Pvt.Ltd.,86,188
DENA BANK,FINANCIAL INFORMATION NETWORK,358,609
DENA BANK,Gem Computers,3,31
DENA BANK,Gujarat Infotech Ltd.,3,36
DENA BANK,HyperSoft Technologies Ltd,40,83
DENA BANK,IAP COMPANY Pvt. Ltd,2806,3750
DENA BANK,India Computer Technology,10,261
DENA BANK,JNET Technologies Pvt.Ltd,3,17
DENA BANK,K W Consulting P Ltd,29,332
DENA BANK,M/S STAR DATA CENTRE,1,14
DENA BANK,M/s Gold Square Builders & Promoters Pvt. Ltd.,51,159
DENA BANK,MARS Telecom Systems Pvt Ltd,160,598
DENA BANK,MEGHA VINCOM PVT LTD,6,198
DENA BANK,MKS Enterprises,5816,266
DENA BANK,Make India Smart Private Limited,30,515
DENA BANK,Multiwave Innovation,24044,320
DENA BANK,NVR & ASSOCIATES LIMITED,4,56
DENA BANK,Netlink software Pvt Ltd,46,281
DENA BANK,Nielsen  India  Private Limited,67,354
DENA BANK,Offshoot Agency Pvt. Ltd.,8,48
DENA BANK,Ortem Securities Limited,3,16
DENA BANK,Prodigy Systems and Services Private Limited,2,1
DENA BANK,Radiant Haroti Industries India Ltd,14,65
DENA BANK,Ricoh India Limited,0,45
DENA BANK,SGS INDIA PVT LTD,11,166
DENA BANK,Silver Touch Technologies Ltd,4,38
DENA BANK,Sixth Dimension Project Solutions Ltd,2,2
DENA BANK,Soc for Advancement of Environ Science,2,15
DENA BANK,SoftAge Information Technology Limited,0,7
DENA BANK,Super Printers,27,50
DENA BANK,Systematic & Advance Const P L,730,19
DENA BANK,TechSmart India Pvt Ltd,31,585
DENA BANK,Tera Software Ltd,64075,988
DENA BANK,The NSIC ltd,1450,3
DENA BANK,Transline Technologies P Ltd,4,32
DENA BANK,Utility Forms Pvt Ltd,3,57
DENA BANK,VAP INFOSOLUTIONS,13,66
DENA BANK,VISION COMPTECH INTEGRATOR LTD,26778,290
DENA BANK,Vedavaag Systems Limited,4,233
DENA BANK,Virinchi Technologies Ltd,24,150
DENA BANK,WEBEL,42559,5781
DENA BANK,Wipro Ltd,20469,847
DENA BANK,Yash Ornaments Pvt. Ltd,3,75
DENA BANK,Zephyr System Pvt.Ltd.,43,445
Department of Information Technology Govt of Jharkhand,Wipro Ltd,2,1
Dept of ITC Govt of Rajasthan,AKSH OPTIFIBRE LIMITED,1,41
Dept of ITC Govt of Rajasthan,ATISHAY INFOTECH PVT. LTD.,11,359
Dept of ITC Govt of Rajasthan,Academy of Management Studies,1,66
Dept of ITC Govt of Rajasthan,Binary Systems,4,19
Dept of ITC Govt of Rajasthan,Business Information Processing Services,5,133
Dept of ITC Govt of Rajasthan,CMS Computers Ltd,8,99
Dept of ITC Govt of Rajasthan,COMTECH INSTITUTE OFTECHNOLOGY,11,106
Dept of ITC Govt of Rajasthan,DATASOFT COMPUTER SERVICES(P),19,85
Dept of ITC Govt of Rajasthan,FINANCIAL INFORMATION NETWORK,136,496
Dept of ITC Govt of Rajasthan,Gem Computers,0,29
Dept of ITC Govt of Rajasthan,Gujarat Infotech Ltd.,6,45
Dept of ITC Govt of Rajasthan,IAP COMPANY Pvt. Ltd,83,478
Dept of ITC Govt of Rajasthan,Karvy Data Management Services,5,391
Dept of ITC Govt of Rajasthan,M/s Sanish Choudhary,0,4
Dept of ITC Govt of Rajasthan,MEGHA VINCOM PVT LTD,22,663
Dept of ITC Govt of Rajasthan,Matrix Processing House,716,389
Dept of ITC Govt of Rajasthan,Multiwave Innovation,155,64
Dept of ITC Govt of Rajasthan,Osiris Infotech Pvt. Ltd.,43,102
Dept of ITC Govt of Rajasthan,Radiant Haroti Industries India Ltd,40,412
Dept of ITC Govt of Rajasthan,Radiant Info Systems Ltd,18,168
Dept of ITC Govt of Rajasthan,Ricoh India Limited,1,46
Dept of ITC Govt of Rajasthan,SAR Technology,3,59
Dept of ITC Govt of Rajasthan,SREI INFRASTRUCTURE FINANCES L,518,18
Dept of ITC Govt of Rajasthan,TechSmart India Pvt Ltd,1,33
Dept of ITC Govt of Rajasthan,Transline Technologies P Ltd,14,238
Dept of ITC Govt of Rajasthan,UMC Technologies Pvt. Ltd,2,40
Dept of ITC Govt of Rajasthan,VISION COMPTECH INTEGRATOR LTD,2276,58
Dept of ITC Govt of Rajasthan,Vakrangee Softwares Limited,12002,708
Dept of ITC Govt of Rajasthan,Vayam technologies Ltd,6,42
FCR Govt of Haryana,Academy of Management Studies,5,23
FCR Govt of Haryana,Radiant Info Systems Ltd,3,39
FCR Govt of Haryana,SoftAge Information Technology Limited,15,490
FCR Govt of Haryana,Vayam technologies Ltd,8,116
FCS Govt of Punjab,District Sukhmani Society  Jalandhar  Punjab,4,42
FCS Govt of Punjab,District Sukhmani Society  Ludhiana  Punjab,2,75
FCS Govt of Punjab,District Sukhmani Society Amritsar Punjab,6,65
FCS Govt of Punjab,District Sukhmani Society Barnala Punjab,4,20
FCS Govt of Punjab,District Sukhmani Society Bathinda Punjab,2,28
FCS Govt of Punjab,District Sukhmani Society Fatehgarh Sahib Punjab,1,4
FCS Govt of Punjab,District Sukhmani Society Fazilka Punjab,3,20
FCS Govt of Punjab,District Sukhmani Society Ferozepur Punjab,2,26
FCS Govt of Punjab,District Sukhmani Society For Citizen Services Mansa Punjab,4,56
FCS Govt of Punjab,District Sukhmani Society For Citizen Services Nawanshahr Punjab,4,24
FCS Govt of Punjab,District Sukhmani Society For Citizen Services SAS Nagar District e-Governance Society Punjab,3,32
FCS Govt of Punjab,District Sukhmani Society Pathankot Punjab,2,53
FCS Govt of Punjab,District Sukhmani Society Patiala Punjab,6,139
FCS Govt of Punjab,District Sukhmani Society Rupnagar Punjab,0,20
FCS Govt of Punjab,District Sukhmani Society Sangrur Punjab,12,147
FCS Govt of Punjab,District Sukhmani Society Sri Muktsar Sahib Punjab,2,46
FCS Govt of Punjab,District Sukhmani Society Tarn Taran Punjab,0,11
FCS Govt of Punjab,Karvy Computershare Private Li,0,8
FCS Govt of Punjab,Sukhmani Society For Citizen Services  Kapurthala  Punjab,0,10
FCS Govt of Punjab,Sukhmani Society For Citizen Services Gurdaspur Punjab,0,6
FCS Govt of Punjab,Sukhmani Society For Citizens Services Faridkot Punjab,1,67
FCS Govt of Punjab,Suwidha Society Hoshiarpur Punjab,2,10
FCS Govt of Punjab,Vayam technologies Ltd,0,3
FCS Govt of Punjab,eCentric solutions pvt ltd,2,3
Govt of Andhra Pradesh,GrapeSoft,0,3
Govt of Andhra Pradesh,Tera Software Ltd,1,1
Govt of Gujarat,GSS Infotech Ltd,0,6
Govt of Gujarat,Karvy Computershare Private Li,232,163
Govt of Gujarat,Silver Touch Technologies Ltd,3,219
Govt of Gujarat,Tera Software Ltd,4560,148
Govt of Gujarat,Vayam technologies Ltd,0,14
Govt of Gujarat,eCentric solutions pvt ltd,0,1
Govt of Himachal Pradesh,i-Grandee SoftwareTechnologies,95,315
Govt of Karnataka ,BNR UDYOG LIMITED,2,0
Govt of Karnataka ,EDCS GOK,1,0
Govt of Karnataka ,MARS Telecom Systems Pvt Ltd,0,1
Govt of Karnataka ,Ninestars Information Technologies Ltd,0,8
Govt of Karnataka ,Origin ITFS Pvt Ltd,0,29
Govt of Karnataka ,SREEVEN INFOCOM LIMITED,0,1
Govt of Kerala,Akshaya,246,542
Govt of Kerala,Keltron,0,6
Govt of Maharashtra,Karvy Computershare Private Li,1,0
Govt of Maharashtra,M/S King Computer System pvt Ltd,0,3
Govt of Maharashtra,M/s. Vidya Online  Pune,1,2
Govt of Maharashtra,Netlink software Pvt Ltd,0,1
Govt of Maharashtra,Rudranee Infotech Ltd,1,12
Govt of Maharashtra,SETU MAHARASHTRA,7,21
Govt of Maharashtra,SHREERAM PRINTING PRESS,0,1
Govt of Maharashtra,SILVER JUBILEE MOTORS LTD.,2,87
Govt of Maharashtra,STRATEGIC OUTSOURCING SERVICE,0,1
Govt of Sikkim - Dept of Econo,Department of Economics Statistics  Monitoring and Evaluation DESME,23,0
IDBI Bank ltd,ATISHAY INFOTECH PVT. LTD.,3,186
IDBI Bank ltd,Matrix Processing House,46,26
IDBI Bank ltd,SREEVEN INFOCOM LIMITED,450,111
Indiapost,Vayam technologies Ltd,0,4
Information Technology & Communication Department,Bloom Solutions Pvt Ltd,0,1
Information Technology & Communication Department,Directorate of ESD,492,5254
Information Technology & Communication Department,JYOTHI COMPUTER SERVICES,1,0
Information Technology & Communication Department,MARS Telecom Systems Pvt Ltd,0,19
Jharkhand,STRATEGIC OUTSOURCING SERVICE,0,1
Jharkhand,Wipro Ltd,1,1
NSDL e-Governance Infrastructure Limited,Abhipra Capital Ltd,2,74
NSDL e-Governance Infrastructure Limited,Alankit Finsec Ltd,385,1509
NSDL e-Governance Infrastructure Limited,Gujarat Infotech Ltd.,57,509
NSDL e-Governance Infrastructure Limited,IAP COMPANY Pvt. Ltd,28,13
NSDL e-Governance Infrastructure Limited,Karvy Data Management Services,926,5486
NSDL e-Governance Infrastructure Limited,N.K. Sharma Enterprises Ltd.,0,3
NSDL e-Governance Infrastructure Limited,Netlink software Pvt Ltd,7,68
NSDL e-Governance Infrastructure Limited,Offshoot Agency Pvt. Ltd.,9,98
NSDL e-Governance Infrastructure Limited,Ojus G Enterprises,3,73
NSDL e-Governance Infrastructure Limited,Promind Solutions P Limited,43,342
NSDL e-Governance Infrastructure Limited,RELIGARE SECURITIES LTD,15,194
NSDL e-Governance Infrastructure Limited,Radiant Haroti Industries India Ltd,11,48
NSDL e-Governance Infrastructure Limited,Ricoh India Limited,8,151
NSDL e-Governance Infrastructure Limited,Sri Ramraja Sarkar Lok Kalyan Trust,30,308
NSDL e-Governance Infrastructure Limited,Utility Forms Pvt Ltd,18,170
NSDL e-Governance Infrastructure Limited,VIRGO SOFTECH LIMITED,30097,474
Oriental Bank of Commerce,JNET Technologies Pvt.Ltd,0,1
Oriental Bank of Commerce,Sri Ramraja Sarkar Lok Kalyan Trust,0,3
Principal Revenue Commissioner  Dept of Revenue  Govt of MP,Vedavaag Systems Limited,4,1
Project Coordinator UID Project Madhya Pradesh,A I Soc for Electronics and Comp Tech,17,77
Project Coordinator UID Project Madhya Pradesh,DATASOFT COMPUTER SERVICES(P),2,44
Project Coordinator UID Project Madhya Pradesh,LYRA  CONSULTANCY SERVICE,0,1
Project Coordinator UID Project Madhya Pradesh,Matrix Processing House,35,149
Project Coordinator UID Project Madhya Pradesh,OSWAL COMPUTERS & CONSULTANTS,3167,157
Project Coordinator UID Project Madhya Pradesh,Sixth Dimension Project Solutions Ltd,2,5
Punjab National Bank,Alankit Finsec Ltd,3,73
Punjab National Bank,Eagle Software India Pvt. Ltd,120,457
Punjab National Bank,Smart Chip Limited,1220,48
Punjab National Bank,Vayam technologies Ltd,1,25
Punjab and Sind Bank,Matrix Processing House,745,336
Registrar General India BEL2,Emdee Digitronics Pvt.Ltd.,0,2
Registrar General India BEL2,In Media Computer Services LLP,0,10
Registrar General India BEL2,Karvy Data Management Services,3,64
Registrar General India BEL2,MACRO INFOTECH PVT LTD,0,1
Registrar General India BEL2,Madras Security Printers Ltd,23,294
Registrar General India BEL2,Manipur Electronics Dev Corp,0,2
Registrar General India BEL2,Multiwave Innovation,117,10
Registrar General India BEL2,Nielsen  India  Private Limited,1,2
Registrar General India BEL2,Om Softwares,1,1
Registrar General India BEL2,SNR Edatas Pvt Ltd,1,77
Registrar General India BEL2,SREI INFRASTRUCTURE FINANCES L,5,49
Registrar General India BEL2,STRATEGIC OUTSOURCING SERVICE,0,1
Registrar General India BEL2,Tera Software Ltd,773,1
Registrar General India BEL2,UNITED DATA SERVICES PRIVATE LIMITED,3,90
Registrar General India BEL2,VIRGO SOFTECH LIMITED,4,0
Registrar General India BEL2,Viesa Technologies,13,332
Registrar General India ECIL,COMTECHINFO SOLUTIONS PVT.LTD,5686,70
Registrar General India ECIL,Clairvoyance Technologies Pvt.,0,1
Registrar General India ECIL,Computer LAB,2216,6154
Registrar General India ECIL,Eagle Software India Pvt. Ltd,37785,3837
Registrar General India ECIL,In Media Computer Services LLP,1,23
Registrar General India ECIL,India Computer Technology,0,56
Registrar General India ECIL,Integrated Systems & Services,64,12
Registrar General India ECIL,Karvy Data Management Services,1,47
Registrar General India ECIL,LYRA  CONSULTANCY SERVICE,0,1
Registrar General India ECIL,Madras Security Printers Ltd,32949,1700
Registrar General India ECIL,Mphasis Ltd,0,13
Registrar General India ECIL,Nielsen  India  Private Limited,0,1
Registrar General India ECIL,SARADA SYSTEMS,29,115
Registrar General India ECIL,SWISSTECH NPR 57CR PROJECT PVT,0,1
Registrar General India Others,Clairvoyance Technologies Pvt.,0,2
Registrar General India Others,Webx Technologies Private Limited,0,1
Registrar General of India ITI,COMTECH INSTITUTE OFTECHNOLOGY,0,1
Registrar General of India ITI,Eagle Software India Pvt. Ltd,0,2
Registrar General of India ITI,Emdee Digitronics Pvt.Ltd.,7,162
Registrar General of India ITI,FINANCIAL INFORMATION NETWORK,0,4
Registrar General of India ITI,Madras Security Printers Ltd,2316,51
Registrar General of India ITI,Netlink software Pvt Ltd,3,0
Registrar General of India ITI,Netwing Technologies Pvt Ltd,0,6
Registrar General of India ITI,Quick Data IT Services Pvt Ltd,2,0
Registrar General of India ITI,SNR Edatas Pvt Ltd,1,0
Registrar General of India ITI,STRATEGIC OUTSOURCING SERVICE,166,0
Registrar General of India ITI,Swathy Smartcards Hi-Tech Pvt,0,12
Registrar General of India ITI,VIRGO SOFTECH LIMITED,0,22
Registrar General of India ITI,Vedavaag Systems Limited,0,1
Registrar General of India ITI,WEBEL TECHNOLOGY LIMITED,239,5
UIDAI-Registrar,UIDAI-EA,16,14
UT of Puducherry,Madras Security Printers Ltd,0,2
Union Bank,FINANCIAL INFORMATION NETWORK,226,1839
Union Bank,Smart Chip Limited,2683,131
Union Bank,Vakrangee Softwares Limited,40650,694
