Registrar,Enrolment Agency,Aadhaar generated,Enrolment Rejected
Allahabad Bank,A-Onerealtors Pvt Ltd,2168,46
Allahabad Bank,Agro Tech Engineers,12,1
Allahabad Bank,Asha Security Guard Services,2049,15
Allahabad Bank,Ayush Enterprises,38,1
Allahabad Bank,Corporate India Facilities Pvt Ltd,17,0
Allahabad Bank,Emdee Digitronics Pvt.Ltd.,19,1
Allahabad Bank,MEGHA VINCOM PVT LTD,144,3
Allahabad Bank,Nevaeh Technology Pvt. Ltd.,1655,17
Allahabad Bank,Ortem Securities Limited,13,0
Allahabad Bank,PROTEX COMPUTER PVT LTD,12,1
Allahabad Bank,Redim Software Technologies Pvt Ltd,998,4
Allahabad Bank,SGS INDIA PVT LTD,756,20
Allahabad Bank,Transmoovers India,5,0
Allahabad Bank,VAP INFOSOLUTIONS,394,25
Allahabad Bank,Vedavaag Systems Limited,32,9
Atalji Janasnehi Directorate  Government of Karnataka,Atalji Janasnehi Directorate  GOK,545,115
Bank Of India,A3 Logics  India  Ltd,68,5
Bank Of India,CHESSY CONSULTANTS PVT LTD,1,0
Bank Of India,DATASOFT COMPUTER SERVICES(P),25,4
Bank Of India,Frontech Systems Pvt Ltd,125,4
Bank Of India,OSWAL COMPUTERS & CONSULTANTS,74,4
Bank Of India,PROTEX COMPUTER PVT LTD,147,4
Bank Of India,SARADA SYSTEMS,1221,11
Bank Of India,SHRIKRISHNA KHANDASARI SUGAR M,28,1
Bank Of India,SREI INFRASTRUCTURE FINANCES L,9968,72
Bank Of India,VEETECHNOLOGIES PVT. LTD,1816,16
Bank of Baroda,Global Finsol Private Limited,99,3
Bank of Maharashtra,Tera Software Ltd,1181,22
CSC e-Governance Services India Limited,A I Soc for Electronics and Comp Tech,10322,136
CSC e-Governance Services India Limited,AKSH OPTIFIBRE LIMITED,11026,189
CSC e-Governance Services India Limited,APOnline Limited,4,0
CSC e-Governance Services India Limited,Alankit Limited,26,0
CSC e-Governance Services India Limited,Amar Constructions,111,4
CSC e-Governance Services India Limited,BASIX,13299,243
CSC e-Governance Services India Limited,Binary Systems,8,5
CSC e-Governance Services India Limited,Bloom Solutions Pvt Ltd,6811,68
CSC e-Governance Services India Limited,CALANCE SOFTWARE PRIVATE LTD,133,2
CSC e-Governance Services India Limited,CHIPS,6489,95
CSC e-Governance Services India Limited,CMS Computers Ltd,36953,635
CSC e-Governance Services India Limited,CSC e-Governance Services India Limited,2616,143
CSC e-Governance Services India Limited,Computer Print,311,17
CSC e-Governance Services India Limited,Conatus Infocom Pvt. Ltd,345,13
CSC e-Governance Services India Limited,DATASOFT COMPUTER SERVICES(P),377,45
CSC e-Governance Services India Limited,Digitcom Systems Pvt. Ltd.,274,8
CSC e-Governance Services India Limited,Estex Telecom Pvt Ltd,289,8
CSC e-Governance Services India Limited,Gem Computers,12,2
CSC e-Governance Services India Limited,Home Life Buildcon Pvt Ltd,2422,47
CSC e-Governance Services India Limited,HyperSoft Technologies Ltd,199,16
CSC e-Governance Services India Limited,IAP COMPANY Pvt. Ltd,12244,227
CSC e-Governance Services India Limited,Janta Silikon Consortium,2472,23
CSC e-Governance Services India Limited,Jeevan Deep Charitable Society,559,17
CSC e-Governance Services India Limited,K W Consulting P Ltd,1,0
CSC e-Governance Services India Limited,MANTRA SOFTTECH (INDIA) PVTLTD,2581,26
CSC e-Governance Services India Limited,MEGHA VINCOM PVT LTD,717,25
CSC e-Governance Services India Limited,Mahamritunjay Traders,3755,58
CSC e-Governance Services India Limited,Mahaonline Limited,2314,57
CSC e-Governance Services India Limited,Murano India Pvt Ltd,529,6
CSC e-Governance Services India Limited,NPS Technologies Pvt. Ltd,26148,443
CSC e-Governance Services India Limited,NVR & ASSOCIATES LIMITED,1219,18
CSC e-Governance Services India Limited,National Cooperative Consumers Federation of India Limited,48,0
CSC e-Governance Services India Limited,Nekton IT India Pvt Ltd.,7098,63
CSC e-Governance Services India Limited,Netlink software Pvt Ltd,168,2
CSC e-Governance Services India Limited,Network for Information & Computer,3969,35
CSC e-Governance Services India Limited,Prakash Computer Services,206,4
CSC e-Governance Services India Limited,Promind Solutions P Limited,5190,233
CSC e-Governance Services India Limited,Radiant Haroti Industries India Ltd,4006,79
CSC e-Governance Services India Limited,Raj Construction Co.,328,14
CSC e-Governance Services India Limited,SGS INDIA PVT LTD,35,1
CSC e-Governance Services India Limited,SPANCO,2359,22
CSC e-Governance Services India Limited,SRR Infotech,806,25
CSC e-Governance Services India Limited,Sahaj e-Village Limited,13498,188
CSC e-Governance Services India Limited,Saket Advertising Pvt. Ltd,3,0
CSC e-Governance Services India Limited,Sri Ramraja Sarkar Lok Kalyan Trust,397,0
CSC e-Governance Services India Limited,Super Printers,105,8
CSC e-Governance Services India Limited,Tera Software Ltd,12166,131
CSC e-Governance Services India Limited,Twinstar Industries Ltd.,193,11
CSC e-Governance Services India Limited,United Telecoms e-Services Pvt Ltd,3898,68
CSC e-Governance Services India Limited,VIKALP MULTIMEDIA,261,23
CSC e-Governance Services India Limited,VISION COMPTECH INTEGRATOR LTD,1797,8
CSC e-Governance Services India Limited,Vayam technologies Ltd,6401,86
CSC e-Governance Services India Limited,Vedavaag Systems Limited,8158,121
CSC e-Governance Services India Limited,Vigilant Corporate Services Pvt Ltd,1195,2
CSC e-Governance Services India Limited,Virinchi Technologies Ltd,192,3
CSC e-Governance Services India Limited,Yash Ornaments Pvt. Ltd,578,12
CSC e-Governance Services India Limited,Zephyr System Pvt.Ltd.,6201,97
Canara Bank,FINANCIAL INFORMATION NETWORK,2517,79
Canara Bank,Karvy Data Management Services,6363,117
Canara Bank,Ojus Healthcare Private Limited,155,1
Canara Bank,Osiris Infotech Pvt. Ltd.,532,1
Canara Bank,Smart Chip Limited,74,0
Canara Bank,Virinchi Technologies Ltd,4559,71
Civil Supplies - A&N Islands,India Computer Technology,207,6
DENA BANK,77 Infosystems Pvt Ltd,846,6
DENA BANK,A-Onerealtors Pvt Ltd,449,8
DENA BANK,APEX Services,561,9
DENA BANK,AS International,259,1
DENA BANK,ATISHAY INFOTECH PVT. LTD.,272,28
DENA BANK,AVVAS INFOTECH PVT  LTD,456,17
DENA BANK,Advent Infomax Private Ltd,409,8
DENA BANK,Akhil Bhartiya Majdoor Shiksha Sewa Samiti,23,1
DENA BANK,Amar Constructions,971,29
DENA BANK,Apnatech Consultancy Services Pvt Ltd,261,6
DENA BANK,Asha Security Guard Services,1206,39
DENA BANK,BNR UDYOG LIMITED,95,1
DENA BANK,Binary Systems,2855,4
DENA BANK,Bloom Solutions Pvt Ltd,358,19
DENA BANK,Blue Circle Instrument,61,2
DENA BANK,Business Information Processing Services,1188,10
DENA BANK,CALANCE SOFTWARE PRIVATE LTD,334,11
DENA BANK,City Hawks Manpower Services & Consultancy,75,0
DENA BANK,DATASOFT COMPUTER SERVICES(P),178,12
DENA BANK,DEVASHISH SECURITIES PVT. LTD.,1,0
DENA BANK,Eagle Software India Pvt. Ltd,191,7
DENA BANK,Ecartes Technology Pvt. Ltd,132,2
DENA BANK,FINANCIAL INFORMATION NETWORK,144,16
DENA BANK,Gem Computers,22,2
DENA BANK,Gujarat Infotech Ltd.,1915,29
DENA BANK,HyperSoft Technologies Ltd,3,0
DENA BANK,IAP COMPANY Pvt. Ltd,2653,37
DENA BANK,India Computer Technology,85,2
DENA BANK,JNET Technologies Pvt.Ltd,142,1
DENA BANK,Jeevan Deep Charitable Society,23,2
DENA BANK,K W Consulting P Ltd,2703,7
DENA BANK,M/S STAR DATA CENTRE,134,2
DENA BANK,M/s Gold Square Builders & Promoters Pvt. Ltd.,1212,58
DENA BANK,MARS Telecom Systems Pvt Ltd,126,0
DENA BANK,MEGHA VINCOM PVT LTD,276,31
DENA BANK,MKS Enterprises,405,3
DENA BANK,Make India Smart Private Limited,2417,30
DENA BANK,Multiwave Innovation,211,5
DENA BANK,NVR & ASSOCIATES LIMITED,1589,83
DENA BANK,Netlink software Pvt Ltd,7346,115
DENA BANK,Nielsen  India  Private Limited,12766,214
DENA BANK,Offshoot Agency Pvt. Ltd.,128,1
DENA BANK,Ojus G Enterprises,7,1
DENA BANK,Om Softwares,972,25
DENA BANK,Ortem Securities Limited,262,2
DENA BANK,Radiant Haroti Industries India Ltd,9,0
DENA BANK,Ricoh India Limited,586,10
DENA BANK,SGS INDIA PVT LTD,243,12
DENA BANK,Silver Touch Technologies Ltd,1795,10
DENA BANK,Sixth Dimension Project Solutions Ltd,307,1
DENA BANK,Soc for Advancement of Environ Science,112,7
DENA BANK,SoftAge Information Technology Limited,410,3
DENA BANK,Super Printers,1411,5
DENA BANK,TechSmart India Pvt Ltd,118,31
DENA BANK,Tera Software Ltd,2,0
DENA BANK,The NSIC ltd,64,2
DENA BANK,Transline Technologies P Ltd,139,2
DENA BANK,UT Computers Educational & Welfare Soc,1,0
DENA BANK,Utility Forms Pvt Ltd,2,0
DENA BANK,VAP INFOSOLUTIONS,1253,30
DENA BANK,VISION COMPTECH INTEGRATOR LTD,3850,18
DENA BANK,Vedavaag Systems Limited,3801,22
DENA BANK,Virinchi Technologies Ltd,821,14
DENA BANK,WEBEL,6650,109
DENA BANK,Wipro Ltd,16947,161
DENA BANK,Yash Ornaments Pvt. Ltd,1,0
DENA BANK,Zephyr System Pvt.Ltd.,3808,45
Dept of ITC Govt of Rajasthan,Academy of Management Studies,21,0
Dept of ITC Govt of Rajasthan,Business Information Processing Services,579,0
Dept of ITC Govt of Rajasthan,CMS Computers Ltd,652,43
Dept of ITC Govt of Rajasthan,COMTECH INSTITUTE OFTECHNOLOGY,39,7
Dept of ITC Govt of Rajasthan,DATASOFT COMPUTER SERVICES(P),81,9
Dept of ITC Govt of Rajasthan,FINANCIAL INFORMATION NETWORK,923,18
Dept of ITC Govt of Rajasthan,IAP COMPANY Pvt. Ltd,361,2
Dept of ITC Govt of Rajasthan,Karvy Data Management Services,856,7
Dept of ITC Govt of Rajasthan,M/s Sanish Choudhary,184,3
Dept of ITC Govt of Rajasthan,MEGHA VINCOM PVT LTD,24,3
Dept of ITC Govt of Rajasthan,Matrix Processing House,204,9
Dept of ITC Govt of Rajasthan,Multiwave Innovation,232,1
Dept of ITC Govt of Rajasthan,Radiant Haroti Industries India Ltd,1,1
Dept of ITC Govt of Rajasthan,Radiant Info Systems Ltd,44,0
Dept of ITC Govt of Rajasthan,Rajcomp Info Services Ltd,1724,30
Dept of ITC Govt of Rajasthan,Ricoh India Limited,165,16
Dept of ITC Govt of Rajasthan,SAR Technology,116,33
Dept of ITC Govt of Rajasthan,SREI INFRASTRUCTURE FINANCES L,7,0
Dept of ITC Govt of Rajasthan,TechSmart India Pvt Ltd,119,8
Dept of ITC Govt of Rajasthan,Transline Technologies P Ltd,1,0
Dept of ITC Govt of Rajasthan,UMC Technologies Pvt. Ltd,51,0
Dept of ITC Govt of Rajasthan,VIRGO SOFTECH LIMITED,1223,8
Dept of ITC Govt of Rajasthan,Vakrangee Softwares Limited,834,16
Dept of ITC Govt of Rajasthan,Vayam technologies Ltd,11,1
FCR Govt of Haryana,4G INFORMATICS,10,0
FCR Govt of Haryana,Academy of Management Studies,75,4
FCR Govt of Haryana,District IT Society Ambala,308,23
FCR Govt of Haryana,District IT Society Bhiwani,210,4
FCR Govt of Haryana,District IT Society Faridabad,167,1
FCR Govt of Haryana,District IT Society Fatehabad,676,11
FCR Govt of Haryana,District IT Society Gurgaon,1,1
FCR Govt of Haryana,District IT Society Hisar,64,12
FCR Govt of Haryana,District IT Society Jhajjar,32,2
FCR Govt of Haryana,District IT Society Kaithal,105,5
FCR Govt of Haryana,District IT Society Karnal,52,6
FCR Govt of Haryana,District IT Society Mahendragarh,458,14
FCR Govt of Haryana,District IT Society Mewat,158,10
FCR Govt of Haryana,District IT Society Palwal,108,25
FCR Govt of Haryana,District IT Society Panchkula,277,6
FCR Govt of Haryana,District IT Society Panipat,92,10
FCR Govt of Haryana,District IT Society Rewari,195,9
FCR Govt of Haryana,District IT Society Rohtak,238,6
FCR Govt of Haryana,District IT Society Sirsa,439,27
FCR Govt of Haryana,District IT Society Sonipat,344,17
FCR Govt of Haryana,District IT Society Yamuna Nagar,69,2
FCR Govt of Haryana,Radiant Info Systems Ltd,100,2
FCR Govt of Haryana,SoftAge Information Technology Limited,689,16
FCR Govt of Haryana,Vayam technologies Ltd,2,0
FCS Govt of Punjab,District Sukhmani Society  Jalandhar  Punjab,191,9
FCS Govt of Punjab,District Sukhmani Society  Ludhiana  Punjab,346,14
FCS Govt of Punjab,District Sukhmani Society  Moga  Punjab,50,12
FCS Govt of Punjab,District Sukhmani Society Amritsar Punjab,195,2
FCS Govt of Punjab,District Sukhmani Society Barnala Punjab,112,15
FCS Govt of Punjab,District Sukhmani Society Bathinda Punjab,343,2
FCS Govt of Punjab,District Sukhmani Society Fatehgarh Sahib Punjab,28,2
FCS Govt of Punjab,District Sukhmani Society Fazilka Punjab,209,1
FCS Govt of Punjab,District Sukhmani Society Ferozepur Punjab,128,0
FCS Govt of Punjab,District Sukhmani Society For Citizen Services Mansa Punjab,321,8
FCS Govt of Punjab,District Sukhmani Society For Citizen Services Nawanshahr Punjab,123,7
FCS Govt of Punjab,District Sukhmani Society For Citizen Services SAS Nagar District e-Governance Society Punjab,76,4
FCS Govt of Punjab,District Sukhmani Society Pathankot Punjab,15,0
FCS Govt of Punjab,District Sukhmani Society Patiala Punjab,160,7
FCS Govt of Punjab,District Sukhmani Society Rupnagar Punjab,103,1
FCS Govt of Punjab,District Sukhmani Society Sangrur Punjab,137,4
FCS Govt of Punjab,District Sukhmani Society Sri Muktsar Sahib Punjab,262,9
FCS Govt of Punjab,District Sukhmani Society Tarn Taran Punjab,4,0
FCS Govt of Punjab,Karvy Computershare Private Li,73,13
FCS Govt of Punjab,Sukhmani Society For Citizen Services  Kapurthala  Punjab,85,2
FCS Govt of Punjab,Sukhmani Society For Citizen Services Gurdaspur Punjab,0,2
FCS Govt of Punjab,Sukhmani Society For Citizens Services Faridkot Punjab,80,1
FCS Govt of Punjab,Suwidha Society Hoshiarpur Punjab,157,2
FCS Govt of Punjab,Vayam technologies Ltd,29,0
FCS Govt of Punjab,eCentric solutions pvt ltd,44,0
Govt of Gujarat,GSS Infotech Ltd,1222,3
Govt of Gujarat,Karvy Computershare Private Li,4671,33
Govt of Gujarat,Silver Touch Technologies Ltd,2267,10
Govt of Gujarat,Tera Software Ltd,851,4
Govt of Gujarat,Transline Technologies P Ltd,0,1
Govt of Gujarat,eCentric solutions pvt ltd,6,0
Govt of Himachal Pradesh,i-Grandee SoftwareTechnologies,54,0
Govt of Karnataka ,Centre for e-Governance  GOK,3,1
Govt of Karnataka ,EDCS GOK,1037,17
Govt of Karnataka ,Wipro Ltd,17,0
Govt of Kerala,Akshaya,8504,48
Govt of Kerala,Keltron,72,0
Govt of Maharashtra,M/S King Computer System pvt Ltd,113,4
Govt of Maharashtra,M/s. Vidya Online  Pune,128,2
Govt of Maharashtra,Rudranee Infotech Ltd,125,6
Govt of Maharashtra,SETU MAHARASHTRA,82,8
Govt of Maharashtra,SHREERAM PRINTING PRESS,598,7
Govt of Maharashtra,SILVER JUBILEE MOTORS LTD.,444,6
Govt of Maharashtra,Vidarbha Infotech Pvt Ltd,8,1
Govt of Sikkim - Dept of Econo,Department of Economics Statistics  Monitoring and Evaluation DESME,0,2
IDBI Bank ltd,ATISHAY INFOTECH PVT. LTD.,55,11
IDBI Bank ltd,Matrix Processing House,232,5
IDBI Bank ltd,SREEVEN INFOCOM LIMITED,4013,22
Information Technology & Communication Department,Directorate of ESD,10781,321
NSDL e-Governance Infrastructure Limited,Abhipra Capital Ltd,31,5
NSDL e-Governance Infrastructure Limited,Alankit Finsec Ltd,711,48
NSDL e-Governance Infrastructure Limited,Amar Constructions,773,11
NSDL e-Governance Infrastructure Limited,Gujarat Infotech Ltd.,7158,95
NSDL e-Governance Infrastructure Limited,IAP COMPANY Pvt. Ltd,18,1
NSDL e-Governance Infrastructure Limited,Karvy Consultants Limited,2,0
NSDL e-Governance Infrastructure Limited,Karvy Data Management Services,24557,410
NSDL e-Governance Infrastructure Limited,N.K. Sharma Enterprises Ltd.,240,12
NSDL e-Governance Infrastructure Limited,Netlink software Pvt Ltd,154,2
NSDL e-Governance Infrastructure Limited,Offshoot Agency Pvt. Ltd.,594,15
NSDL e-Governance Infrastructure Limited,Ojus G Enterprises,1799,15
NSDL e-Governance Infrastructure Limited,Promind Solutions P Limited,926,8
NSDL e-Governance Infrastructure Limited,RELIGARE SECURITIES LTD,1090,33
NSDL e-Governance Infrastructure Limited,Radiant Haroti Industries India Ltd,1,0
NSDL e-Governance Infrastructure Limited,Ricoh India Limited,1393,73
NSDL e-Governance Infrastructure Limited,S.J. Technologies,42,2
NSDL e-Governance Infrastructure Limited,Sri Ramraja Sarkar Lok Kalyan Trust,3476,31
NSDL e-Governance Infrastructure Limited,Transline Technologies P Ltd,4,0
NSDL e-Governance Infrastructure Limited,Utility Forms Pvt Ltd,191,5
NSDL e-Governance Infrastructure Limited,VIRGO SOFTECH LIMITED,6019,39
Project Coordinator UID Project Madhya Pradesh,A I Soc for Electronics and Comp Tech,9834,184
Project Coordinator UID Project Madhya Pradesh,DATASOFT COMPUTER SERVICES(P),20,3
Project Coordinator UID Project Madhya Pradesh,LYRA  CONSULTANCY SERVICE,1013,25
Project Coordinator UID Project Madhya Pradesh,MPOnline Limited,4745,148
Project Coordinator UID Project Madhya Pradesh,Matrix Processing House,284,6
Project Coordinator UID Project Madhya Pradesh,OSWAL COMPUTERS & CONSULTANTS,2374,49
Project Coordinator UID Project Madhya Pradesh,Orion Security Solutions Private Ltd,883,14
Project Coordinator UID Project Madhya Pradesh,Sixth Dimension Project Solutions Ltd,257,9
Punjab National Bank,Alankit Finsec Ltd,727,53
Punjab National Bank,Eagle Software India Pvt. Ltd,1672,41
Punjab National Bank,MARS Telecom Systems Pvt Ltd,791,1
Punjab National Bank,Smart Chip Limited,2641,44
Punjab National Bank,Vayam technologies Ltd,1981,15
Punjab and Sind Bank,Matrix Processing House,3466,23
Registrar General India BEL2,Bharat Electronics Limited,1,0
Registrar General India BEL2,Chinar Construction Company Prime agency,0,2
Registrar General India BEL2,Emdee Digitronics Pvt.Ltd.,8,0
Registrar General India BEL2,In Media Computer Services LLP,5,2
Registrar General India BEL2,Karvy Data Management Services,648,24
Registrar General India BEL2,MACRO INFOTECH PVT LTD,4837,432
Registrar General India BEL2,Madras Security Printers Ltd,1,0
Registrar General India BEL2,Manipur Electronics Dev Corp,24,3
Registrar General India BEL2,Multiwave Innovation,12,3
Registrar General India BEL2,Nevaeh Technology Pvt. Ltd.,14,0
Registrar General India BEL2,Radiant Haroti Industries India Ltd,0,9
Registrar General India BEL2,SNR Edatas Pvt Ltd,9327,92
Registrar General India BEL2,SREI INFRASTRUCTURE FINANCES L,300,3
Registrar General India BEL2,Tera Software Ltd,199,3
Registrar General India BEL2,UNITED DATA SERVICES PRIVATE LIMITED,4040,58
Registrar General India BEL2,Viesa Technologies,1006,35
Registrar General India ECIL,COMTECHINFO SOLUTIONS PVT.LTD,5953,75
Registrar General India ECIL,Chinar Construction Company Prime agency,2649,141
Registrar General India ECIL,Clairvoyance Technologies Pvt.,15,13
Registrar General India ECIL,Computer LAB,918,375
Registrar General India ECIL,Eagle Software India Pvt. Ltd,80,23
Registrar General India ECIL,Emdee Digitronics Pvt.Ltd.,414,14
Registrar General India ECIL,In Media Computer Services LLP,135,18
Registrar General India ECIL,India Computer Technology,3212,109
Registrar General India ECIL,Karvy Data Management Services,2840,62
Registrar General India ECIL,LYRA  CONSULTANCY SERVICE,1058,15
Registrar General India ECIL,Madras Security Printers Ltd,287,84
Registrar General India ECIL,SARADA SYSTEMS,3158,49
Registrar General India ECIL,The NSIC ltd,265,10
Registrar General India ECIL,WEBEL TECHNOLOGY LIMITED,3144,111
Registrar General of India ITI,Eagle Software India Pvt. Ltd,1,0
Registrar General of India ITI,Emdee Digitronics Pvt.Ltd.,989,71
Registrar General of India ITI,In Media Computer Services LLP,73,126
Registrar General of India ITI,Karvy Data Management Services,0,6
Registrar General of India ITI,LYRA  CONSULTANCY SERVICE,25,0
Registrar General of India ITI,Madras Security Printers Ltd,38,10
Registrar General of India ITI,Netlink software Pvt Ltd,381,6
Registrar General of India ITI,SNR Edatas Pvt Ltd,1182,21
Registrar General of India ITI,VIRGO SOFTECH LIMITED,64,4
Registrar General of India ITI,WEBEL TECHNOLOGY LIMITED,3512,77
Registrar General of India ITI,Webx Technologies Private Limited,38,1
Rural Development Dept  Govt. of Bihar,Bloom Solutions Pvt Ltd,765,10
Rural Development Dept  Govt. of Bihar,Computer LAB,53,15
Rural Development Dept  Govt. of Bihar,Emdee Digitronics Pvt.Ltd.,227,14
Rural Development Dept  Govt. of Bihar,FINANCIAL INFORMATION NETWORK,465,18
Rural Development Dept  Govt. of Bihar,M2C Private Solution,153,5
Rural Development Dept  Govt. of Bihar,MKS Enterprises,210,5
Rural Development Dept  Govt. of Bihar,Orion Security Solutions Private Ltd,1,1
Rural Development Dept  Govt. of Bihar,Urmila Info solution,1652,63
State Bank of India,FINANCIAL INFORMATION NETWORK,2267,81
State Bank of India,Smart Chip Limited,1381,17
State Bank of India,Utility Forms Pvt Ltd,4135,37
UIDAI-Registrar,UIDAI-EA,7,6
UTI Infrastructure Technology & Services Limited,Houston Technologies Limited,34,0
UTI Infrastructure Technology & Services Limited,Omnitech Infosolutions Ltd,1279,34
Union Bank,FINANCIAL INFORMATION NETWORK,4003,193
Union Bank,Smart Chip Limited,11,0
Union Bank,Vakrangee Softwares Limited,22057,199
