Registrar,Enrolment Agency,Aadhaar generated,Enrolment Rejected
Allahabad Bank,A-Onerealtors Pvt Ltd,1252,319
Allahabad Bank,Agro Tech Engineers,85,13
Allahabad Bank,Asha Security Guard Services,1576,89
Allahabad Bank,Ayush Enterprises,13,5
Allahabad Bank,Emdee Digitronics Pvt.Ltd.,99,12
Allahabad Bank,IL&FS LTD,188,0
Allahabad Bank,MEGHA VINCOM PVT LTD,927,100
Allahabad Bank,Nevaeh Technology Pvt. Ltd.,1033,48
Allahabad Bank,Ortem Securities Limited,146,4
Allahabad Bank,PROTEX COMPUTER PVT LTD,111,4
Allahabad Bank,Redim Software Technologies Pvt Ltd,326,9
Allahabad Bank,SGS INDIA PVT LTD,1940,57
Allahabad Bank,Sri Ramraja Sarkar Lok Kalyan Trust,6,0
Allahabad Bank,Tera Software Ltd,1,0
Allahabad Bank,Transmoovers India,10,3
Allahabad Bank,VAP INFOSOLUTIONS,364,18
Allahabad Bank,Vedavaag Systems Limited,950,42
Atalji Janasnehi Directorate  Government of Karnataka,Atalji Janasnehi Directorate  GOK,1724,332
Bank Of India,A3 Logics  India  Ltd,1668,25
Bank Of India,CHESSY CONSULTANTS PVT LTD,8,1
Bank Of India,DATASOFT COMPUTER SERVICES(P),98,12
Bank Of India,Emdee Digitronics Pvt.Ltd.,0,1
Bank Of India,Frontech Systems Pvt Ltd,255,23
Bank Of India,Integra Micro Systems Pvt.ltd,1,0
Bank Of India,Matrix Processing House,0,1
Bank Of India,OSWAL COMPUTERS & CONSULTANTS,25,22
Bank Of India,PROTEX COMPUTER PVT LTD,105,17
Bank Of India,SARADA SYSTEMS,382,24
Bank Of India,SHRIKRISHNA KHANDASARI SUGAR M,2,0
Bank Of India,SPANCO,0,1
Bank Of India,SREI INFRASTRUCTURE FINANCES L,3625,249
Bank Of India,VEETECHNOLOGIES PVT. LTD,786,90
Bank Of India,Vakrangee Softwares Limited,1,0
Bank of Baroda,DATASOFT COMPUTER SERVICES(P),792,0
Bank of Baroda,Global Finsol Private Limited,1197,1
Bank of Baroda,IL&FS LTD,354,0
Bank of Maharashtra,Alankit Assignments Limited,7,0
Bank of Maharashtra,Bartronics India Limited,42,0
Bank of Maharashtra,FINANCIAL INFORMATION NETWORK,0,1
Bank of Maharashtra,Tera Software Ltd,354,47
CSC e-Governance Services India Limited,A I Soc for Electronics and Comp Tech,3946,311
CSC e-Governance Services India Limited,AKSH OPTIFIBRE LIMITED,5652,471
CSC e-Governance Services India Limited,APOnline Limited,2,1
CSC e-Governance Services India Limited,Alankit Limited,2,5
CSC e-Governance Services India Limited,Amar Constructions,86,2
CSC e-Governance Services India Limited,BASIX,3564,334
CSC e-Governance Services India Limited,Binary Systems,104,18
CSC e-Governance Services India Limited,Bloom Solutions Pvt Ltd,1330,69
CSC e-Governance Services India Limited,CALANCE SOFTWARE PRIVATE LTD,245,37
CSC e-Governance Services India Limited,CHIPS,6819,193
CSC e-Governance Services India Limited,CMS Computers Ltd,9827,1026
CSC e-Governance Services India Limited,CSC e-Governance Services India Limited,9618,480
CSC e-Governance Services India Limited,Computer Print,1506,58
CSC e-Governance Services India Limited,Conatus Infocom Pvt. Ltd,336,10
CSC e-Governance Services India Limited,DATASOFT COMPUTER SERVICES(P),875,91
CSC e-Governance Services India Limited,Gem Computers,112,6
CSC e-Governance Services India Limited,Home Life Buildcon Pvt Ltd,1223,159
CSC e-Governance Services India Limited,HyperSoft Technologies Ltd,2798,22
CSC e-Governance Services India Limited,IAP COMPANY Pvt. Ltd,12064,627
CSC e-Governance Services India Limited,Janta Silikon Consortium,1228,77
CSC e-Governance Services India Limited,Jeevan Deep Charitable Society,691,55
CSC e-Governance Services India Limited,K W Consulting P Ltd,103,5
CSC e-Governance Services India Limited,MANTRA SOFTTECH (INDIA) PVTLTD,2048,120
CSC e-Governance Services India Limited,MEGHA VINCOM PVT LTD,653,66
CSC e-Governance Services India Limited,Mahamritunjay Traders,3403,100
CSC e-Governance Services India Limited,Mahaonline Limited,337,152
CSC e-Governance Services India Limited,Murano India Pvt Ltd,760,31
CSC e-Governance Services India Limited,NPS Technologies Pvt. Ltd,9357,399
CSC e-Governance Services India Limited,NVR & ASSOCIATES LIMITED,418,52
CSC e-Governance Services India Limited,National Cooperative Consumers Federation of India Limited,299,13
CSC e-Governance Services India Limited,Nekton IT India Pvt Ltd.,4507,77
CSC e-Governance Services India Limited,Netlink software Pvt Ltd,15,0
CSC e-Governance Services India Limited,Network for Information & Computer,2845,125
CSC e-Governance Services India Limited,Promind Solutions P Limited,2557,139
CSC e-Governance Services India Limited,Radiant Haroti Industries India Ltd,3398,286
CSC e-Governance Services India Limited,Raj Construction Co.,212,27
CSC e-Governance Services India Limited,SGS INDIA PVT LTD,1,0
CSC e-Governance Services India Limited,SPANCO,1086,70
CSC e-Governance Services India Limited,SRR Infotech,536,36
CSC e-Governance Services India Limited,Sahaj e-Village Limited,13114,470
CSC e-Governance Services India Limited,Sri Ramraja Sarkar Lok Kalyan Trust,196,1
CSC e-Governance Services India Limited,Super Printers,572,24
CSC e-Governance Services India Limited,Tera Software Ltd,3313,251
CSC e-Governance Services India Limited,Twinstar Industries Ltd.,104,11
CSC e-Governance Services India Limited,United Telecoms e-Services Pvt Ltd,913,176
CSC e-Governance Services India Limited,VIKALP MULTIMEDIA,231,23
CSC e-Governance Services India Limited,VISION COMPTECH INTEGRATOR LTD,623,46
CSC e-Governance Services India Limited,Vayam technologies Ltd,5887,243
CSC e-Governance Services India Limited,Vedavaag Systems Limited,4969,263
CSC e-Governance Services India Limited,Vigilant Corporate Services Pvt Ltd,1038,18
CSC e-Governance Services India Limited,Virinchi Technologies Ltd,5,0
CSC e-Governance Services India Limited,Yash Ornaments Pvt. Ltd,547,50
CSC e-Governance Services India Limited,Zephyr System Pvt.Ltd.,5303,265
Canara Bank,FINANCIAL INFORMATION NETWORK,2681,268
Canara Bank,ITI LIMITED,2,0
Canara Bank,Karvy Data Management Services,2368,210
Canara Bank,Ojus Healthcare Private Limited,248,13
Canara Bank,Osiris Infotech Pvt. Ltd.,472,17
Canara Bank,Rosmerta technoliges Limited,5,0
Canara Bank,Smart Chip Limited,44,21
Canara Bank,Swiss Tech India Pvt Ltd,13,0
Canara Bank,VIRGO SOFTECH LIMITED,79,0
Canara Bank,Virinchi Technologies Ltd,3303,215
Central Bank of India,CALANCE SOFTWARE PRIVATE LTD,302,0
Central Bank of India,Frontech Systems Pvt Ltd,80,0
Central Bank of India,GSS Infotech Ltd,25,0
Central Bank of India,IAP COMPANY Pvt. Ltd,27,1
Central Bank of India,IL&FS LTD,863,0
Central Bank of India,MANTRA SOFTTECH (INDIA) PVTLTD,303,0
Central Bank of India,SREI INFRASTRUCTURE FINANCES L,806,0
Central Bank of India,Tera Software Ltd,5,0
Central Bank of India,The Peerless General Finance,231,0
Civil Supplies - A&N Islands,India Computer Technology,3634,29
DENA BANK,77 Infosystems Pvt Ltd,149,5
DENA BANK,A-Onerealtors Pvt Ltd,175,7
DENA BANK,APEX Services,124,39
DENA BANK,AS International,340,9
DENA BANK,ATISHAY INFOTECH PVT. LTD.,726,119
DENA BANK,AVVAS INFOTECH PVT  LTD,1950,164
DENA BANK,Advent Infomax Private Ltd,59,4
DENA BANK,Amar Constructions,885,77
DENA BANK,Apnatech Consultancy Services Pvt Ltd,26,8
DENA BANK,Asha Security Guard Services,2110,90
DENA BANK,Asray Gram,40,5
DENA BANK,BNR UDYOG LIMITED,472,3
DENA BANK,Binary Systems,132,12
DENA BANK,Bloom Solutions Pvt Ltd,45,39
DENA BANK,Blue Circle Instrument,33,12
DENA BANK,Business Information Processing Services,171,13
DENA BANK,CALANCE SOFTWARE PRIVATE LTD,578,90
DENA BANK,DATASOFT COMPUTER SERVICES(P),402,37
DENA BANK,DEVASHISH SECURITIES PVT. LTD.,0,1
DENA BANK,Eagle Software India Pvt. Ltd,256,37
DENA BANK,Emdee Digitronics Pvt.Ltd.,2,0
DENA BANK,FINANCIAL INFORMATION NETWORK,1084,64
DENA BANK,Gem Computers,88,12
DENA BANK,Gujarat Infotech Ltd.,1226,59
DENA BANK,HyperSoft Technologies Ltd,2,1
DENA BANK,IAP COMPANY Pvt. Ltd,1456,102
DENA BANK,India Computer Technology,17,4
DENA BANK,JNET Technologies Pvt.Ltd,71,6
DENA BANK,Jeevan Deep Charitable Society,142,9
DENA BANK,K W Consulting P Ltd,62,18
DENA BANK,Lankipalli Integrated Services Private Limited,4,4
DENA BANK,M/S STAR DATA CENTRE,294,12
DENA BANK,M/s Gold Square Builders & Promoters Pvt. Ltd.,405,31
DENA BANK,MARS Telecom Systems Pvt Ltd,302,51
DENA BANK,MEGHA VINCOM PVT LTD,2773,123
DENA BANK,MKS Enterprises,22,9
DENA BANK,Make India Smart Private Limited,1198,72
DENA BANK,Multiwave Innovation,150,80
DENA BANK,NVR & ASSOCIATES LIMITED,1560,87
DENA BANK,Netlink software Pvt Ltd,6253,222
DENA BANK,Nielsen  India  Private Limited,7941,361
DENA BANK,Offshoot Agency Pvt. Ltd.,535,16
DENA BANK,Om Softwares,1111,44
DENA BANK,Ortem Securities Limited,52,14
DENA BANK,Prodigy Systems and Services Private Limited,0,2
DENA BANK,Radiant Haroti Industries India Ltd,1,0
DENA BANK,Ricoh India Limited,1538,44
DENA BANK,SGS INDIA PVT LTD,1123,43
DENA BANK,Silver Touch Technologies Ltd,1549,33
DENA BANK,Sixth Dimension Project Solutions Ltd,68,12
DENA BANK,Soc for Advancement of Environ Science,25,23
DENA BANK,SoftAge Information Technology Limited,12,10
DENA BANK,Super Printers,305,44
DENA BANK,Systematic & Advance Const P L,0,1
DENA BANK,TechSmart India Pvt Ltd,996,114
DENA BANK,Tera Software Ltd,13,1
DENA BANK,The NSIC ltd,694,89
DENA BANK,Transline Technologies P Ltd,18,6
DENA BANK,UT Computers Educational & Welfare Soc,40,4
DENA BANK,Utility Forms Pvt Ltd,3,2
DENA BANK,VAP INFOSOLUTIONS,2236,59
DENA BANK,VISION COMPTECH INTEGRATOR LTD,1416,96
DENA BANK,Vedavaag Systems Limited,716,82
DENA BANK,Virinchi Technologies Ltd,1584,70
DENA BANK,WEBEL,2235,121
DENA BANK,Wipro Ltd,8977,554
DENA BANK,Yash Ornaments Pvt. Ltd,13,5
DENA BANK,Zephyr System Pvt.Ltd.,3629,136
Delhi - Central DC,Smart Chip Limited,93,0
Delhi - East DC,DATASOFT COMPUTER SERVICES(P),5,0
Delhi - East DC,Tera Software Ltd,234,0
Delhi - ND DC,Smart Chip Limited,95,0
Delhi - NE DC,Alankit Assignments Limited,1577,0
Delhi - NE DC,Smart ID,299,0
Delhi - North DC,DATASOFT COMPUTER SERVICES(P),108,0
Delhi - North DC,Smart Chip Limited,230,0
Delhi SW DC,STRATEGIC OUTSOURCING SERVICE,767,0
Delhi Urban Shelter Improvemen,Alankit Assignments Limited,19,0
Delhi Urban Shelter Improvemen,STRATEGIC OUTSOURCING SERVICE,24,0
Delhi Urban Shelter Improvemen,Smart Chip Limited,80,0
Delhi Urban Shelter Improvemen,Tera Software Ltd,42,0
Delhi- South DC,Tera Software Ltd,107,0
Delhi- South DC,eCentric solutions pvt ltd,306,0
Delhi- West DC,Matrix Processing House,59,0
Delhi- West DC,VIRGO SOFTECH LIMITED,1271,0
Delhi-NW DC,Karvy Computershare Private Li,763,0
Delhi-NW DC,STRATEGIC OUTSOURCING SERVICE,375,0
Department of Information Technology Govt of Jharkhand,Blue Circle Instrument,43,0
Department of Information Technology Govt of Jharkhand,IL&FS LTD,72,0
Department of Information Technology Govt of Jharkhand,MKS Enterprises,57,0
Department of Information Technology Govt of Jharkhand,Smart ID,3,0
Department of Information Technology Govt of Jharkhand,Wipro Ltd,8,0
Dept of ITC Govt of Rajasthan,AKSH OPTIFIBRE LIMITED,0,1
Dept of ITC Govt of Rajasthan,ATISHAY INFOTECH PVT. LTD.,29,4
Dept of ITC Govt of Rajasthan,Academy of Management Studies,11,3
Dept of ITC Govt of Rajasthan,Alankit Finsec Ltd,1,0
Dept of ITC Govt of Rajasthan,Business Information Processing Services,6,5
Dept of ITC Govt of Rajasthan,CMS Computers Ltd,107,39
Dept of ITC Govt of Rajasthan,COMTECH INSTITUTE OFTECHNOLOGY,111,25
Dept of ITC Govt of Rajasthan,DATASOFT COMPUTER SERVICES(P),319,19
Dept of ITC Govt of Rajasthan,FINANCIAL INFORMATION NETWORK,1395,78
Dept of ITC Govt of Rajasthan,GSS Infotech Ltd,1,0
Dept of ITC Govt of Rajasthan,IAP COMPANY Pvt. Ltd,49,10
Dept of ITC Govt of Rajasthan,Karvy Data Management Services,500,44
Dept of ITC Govt of Rajasthan,M/s Sanish Choudhary,273,26
Dept of ITC Govt of Rajasthan,MEGHA VINCOM PVT LTD,502,33
Dept of ITC Govt of Rajasthan,Matrix Processing House,129,21
Dept of ITC Govt of Rajasthan,Multiwave Innovation,10,11
Dept of ITC Govt of Rajasthan,Netlink software Pvt Ltd,1,0
Dept of ITC Govt of Rajasthan,Osiris Infotech Pvt. Ltd.,1,0
Dept of ITC Govt of Rajasthan,Radiant Haroti Industries India Ltd,36,0
Dept of ITC Govt of Rajasthan,Radiant Info Systems Ltd,1,7
Dept of ITC Govt of Rajasthan,Rajcomp Info Services Ltd,1746,116
Dept of ITC Govt of Rajasthan,Ricoh India Limited,337,38
Dept of ITC Govt of Rajasthan,SAR Technology,405,33
Dept of ITC Govt of Rajasthan,SREI INFRASTRUCTURE FINANCES L,6,2
Dept of ITC Govt of Rajasthan,TechSmart India Pvt Ltd,247,13
Dept of ITC Govt of Rajasthan,Transline Technologies P Ltd,24,10
Dept of ITC Govt of Rajasthan,UMC Technologies Pvt. Ltd,9,6
Dept of ITC Govt of Rajasthan,VFS Global Services Pvt. Ltd,0,2
Dept of ITC Govt of Rajasthan,VIRGO SOFTECH LIMITED,413,29
Dept of ITC Govt of Rajasthan,Vakrangee Softwares Limited,122,78
Dept of ITC Govt of Rajasthan,Vayam technologies Ltd,98,1
FCR Govt of Haryana,4G INFORMATICS,85,2
FCR Govt of Haryana,Academy of Management Studies,33,10
FCR Govt of Haryana,District IT Society Ambala,57,3
FCR Govt of Haryana,District IT Society Bhiwani,34,4
FCR Govt of Haryana,District IT Society Faridabad,19,18
FCR Govt of Haryana,District IT Society Fatehabad,573,28
FCR Govt of Haryana,District IT Society Gurgaon,18,3
FCR Govt of Haryana,District IT Society Hisar,258,6
FCR Govt of Haryana,District IT Society Jhajjar,27,15
FCR Govt of Haryana,District IT Society Kaithal,390,6
FCR Govt of Haryana,District IT Society Karnal,45,4
FCR Govt of Haryana,District IT Society Kurukshetra,1,0
FCR Govt of Haryana,District IT Society Mahendragarh,265,8
FCR Govt of Haryana,District IT Society Mewat,301,19
FCR Govt of Haryana,District IT Society Palwal,107,20
FCR Govt of Haryana,District IT Society Panchkula,76,18
FCR Govt of Haryana,District IT Society Panipat,214,7
FCR Govt of Haryana,District IT Society Rewari,209,20
FCR Govt of Haryana,District IT Society Rohtak,157,10
FCR Govt of Haryana,District IT Society Sirsa,636,24
FCR Govt of Haryana,District IT Society Sonipat,80,12
FCR Govt of Haryana,District IT Society Yamuna Nagar,4,7
FCR Govt of Haryana,Radiant Info Systems Ltd,129,9
FCR Govt of Haryana,SoftAge Information Technology Limited,498,42
FCR Govt of Haryana,Vakrangee Softwares Limited,139,0
FCR Govt of Haryana,Vayam technologies Ltd,6,1
FCS Govt of Punjab,Alankit Assignments Limited,1230,0
FCS Govt of Punjab,Alankit Finsec Ltd,443,0
FCS Govt of Punjab,Alankit Life Care Ltd,43,0
FCS Govt of Punjab,Delhi Integrated MMTS Ltd,834,0
FCS Govt of Punjab,District Sukhmani Society  Jalandhar  Punjab,62,8
FCS Govt of Punjab,District Sukhmani Society  Ludhiana  Punjab,143,7
FCS Govt of Punjab,District Sukhmani Society  Moga  Punjab,112,14
FCS Govt of Punjab,District Sukhmani Society Amritsar Punjab,94,8
FCS Govt of Punjab,District Sukhmani Society Barnala Punjab,27,2
FCS Govt of Punjab,District Sukhmani Society Bathinda Punjab,80,9
FCS Govt of Punjab,District Sukhmani Society Fatehgarh Sahib Punjab,49,2
FCS Govt of Punjab,District Sukhmani Society Fazilka Punjab,84,6
FCS Govt of Punjab,District Sukhmani Society Ferozepur Punjab,48,6
FCS Govt of Punjab,District Sukhmani Society For Citizen Services Mansa Punjab,96,8
FCS Govt of Punjab,District Sukhmani Society For Citizen Services Nawanshahr Punjab,65,7
FCS Govt of Punjab,District Sukhmani Society For Citizen Services SAS Nagar District e-Governance Society Punjab,24,2
FCS Govt of Punjab,District Sukhmani Society Pathankot Punjab,16,3
FCS Govt of Punjab,District Sukhmani Society Patiala Punjab,34,4
FCS Govt of Punjab,District Sukhmani Society Rupnagar Punjab,49,1
FCS Govt of Punjab,District Sukhmani Society Sangrur Punjab,43,1
FCS Govt of Punjab,District Sukhmani Society Sri Muktsar Sahib Punjab,62,7
FCS Govt of Punjab,District Sukhmani Society Tarn Taran Punjab,35,8
FCS Govt of Punjab,Diwakar Commercials Pvt Ltd,559,0
FCS Govt of Punjab,Karvy Computershare Private Li,341,19
FCS Govt of Punjab,Sukhmani Society For Citizen Services  Kapurthala  Punjab,34,0
FCS Govt of Punjab,Sukhmani Society For Citizens Services Faridkot Punjab,20,2
FCS Govt of Punjab,Suwidha Society Hoshiarpur Punjab,62,1
FCS Govt of Punjab,VIRGO SOFTECH LIMITED,830,0
FCS Govt of Punjab,VISESH INFOTECNICS LIMITED,160,0
FCS Govt of Punjab,Vayam technologies Ltd,59,8
FCS Govt of Punjab,eCentric solutions pvt ltd,34,7
Govt of Andhra Pradesh,Gouthami Educational Society,11,0
Govt of Andhra Pradesh,GrapeSoft,192,0
Govt of Andhra Pradesh,IL&FS LTD,20,0
Govt of Andhra Pradesh,INFRONICS SYSTEMS LTD,161,0
Govt of Andhra Pradesh,Madras Security Printers Ltd,89,0
Govt of Andhra Pradesh,SREEVEN INFOCOM LIMITED,11,0
Govt of Andhra Pradesh,Smart Chip Limited,9,0
Govt of Andhra Pradesh,TechSmart India Pvt Ltd,731,0
Govt of Andhra Pradesh,Tera Software Ltd,19,0
Govt of Andhra Pradesh,eCentric solutions pvt ltd,639,0
Govt of Goa,COMAT TECHNOLOGIES P LTD,83,0
Govt of Goa,MARS Telecom Systems Pvt Ltd,322,1
Govt of Goa,Tera Software Ltd,22,0
Govt of Gujarat,GSS Infotech Ltd,436,7
Govt of Gujarat,Karvy Computershare Private Li,4265,170
Govt of Gujarat,Silver Touch Technologies Ltd,1024,44
Govt of Gujarat,Tera Software Ltd,1146,33
Govt of Gujarat,Transline Technologies P Ltd,24,0
Govt of Gujarat,Vayam technologies Ltd,1,0
Govt of Gujarat,eCentric solutions pvt ltd,166,1
Govt of Himachal Pradesh,IL&FS LTD,533,0
Govt of Himachal Pradesh,Wipro Ltd,423,0
Govt of Himachal Pradesh,i-Grandee SoftwareTechnologies,4,4
Govt of Karnataka ,COMAT TECHNOLOGIES P LTD,14,0
Govt of Karnataka ,EDCS GOK,298,44
Govt of Karnataka ,GLODYNE TECHNOSERVE,50,0
Govt of Karnataka ,Integra Micro Systems Pvt.ltd,90,0
Govt of Karnataka ,MARS Telecom Systems Pvt Ltd,14,4
Govt of Karnataka ,Ninestars Information Technologies Ltd,30,3
Govt of Karnataka ,Origin ITFS Pvt Ltd,117,18
Govt of Karnataka ,SREEVEN INFOCOM LIMITED,23,3
Govt of Karnataka ,Tera Software Ltd,37,0
Govt of Karnataka ,Wipro Ltd,375,0
Govt of Kerala,Akshaya,1843,84
Govt of Kerala,Keltron,2,1
Govt of Madhya Pradesh,VIRGO SOFTECH LIMITED,1989,0
Govt of Maharashtra,Alankit Assignments Limited,2633,0
Govt of Maharashtra,COMAT TECHNOLOGIES P LTD,37,0
Govt of Maharashtra,Eagle press pvt ltd,1,0
Govt of Maharashtra,GSS Infotech Ltd,683,0
Govt of Maharashtra,Global Finsol Private Limited,118,0
Govt of Maharashtra,Karvy Computershare Private Li,436,0
Govt of Maharashtra,M/S King Computer System pvt Ltd,7,5
Govt of Maharashtra,M/s. Vidya Online  Pune,3,0
Govt of Maharashtra,Mahaonline Limited,711,0
Govt of Maharashtra,Rudranee Infotech Ltd,8,2
Govt of Maharashtra,SETU MAHARASHTRA,136,18
Govt of Maharashtra,SHREERAM PRINTING PRESS,1,4
Govt of Maharashtra,SILVER JUBILEE MOTORS LTD.,1,7
Govt of Maharashtra,SPANCO,29,1
Govt of Maharashtra,STRATEGIC OUTSOURCING SERVICE,46,0
Govt of Maharashtra,Smart Chip Limited,85,0
Govt of Maharashtra,Tera Software Ltd,608,0
Govt of Maharashtra,Vidarbha Infotech Pvt Ltd,2,4
Govt of Maharashtra,Wep Solution India Limited,13,0
Govt of Maharashtra,Wipro Ltd,3531,1
Govt of Sikkim - Dept of Econo,4G IDENTITY SOLUTIONS,12,0
Govt of Sikkim - Dept of Econo,Department of Economics Statistics  Monitoring and Evaluation DESME,97,7
IDBI Bank ltd,ATISHAY INFOTECH PVT. LTD.,363,21
IDBI Bank ltd,Matrix Processing House,220,3
IDBI Bank ltd,SREEVEN INFOCOM LIMITED,732,55
IGNOU,VIRGO SOFTECH LIMITED,20,0
Indiapost,4G IDENTITY SOLUTIONS,335,0
Indiapost,COMAT TECHNOLOGIES P LTD,128,0
Indiapost,CSS TECHNERGY LIMITED,22,0
Indiapost,Delhi Integrated MMTS Ltd,374,0
Indiapost,Eagle press pvt ltd,57,0
Indiapost,GSS Infotech Ltd,69,0
Indiapost,Global Finsol Private Limited,1271,6
Indiapost,IL&FS LTD,576,0
Indiapost,Madras Security Printers Ltd,36,0
Indiapost,Smart Chip Limited,48,0
Indiapost,The NSIC ltd,8,0
Indiapost,The Peerless General Finance,85,0
Indiapost,UTI TECHNOLOGY SERVICES LIMITE,387,0
Indiapost,WEBEL,41,0
Indiapost,eCentric solutions pvt ltd,463,0
Information Technology & Communication Department,Bloom Solutions Pvt Ltd,1,0
Information Technology & Communication Department,Directorate of ESD,2572,408
Information Technology & Communication Department,MARS Telecom Systems Pvt Ltd,2,0
Jammu and Kashmir Bank,COMTECH INSTITUTE OFTECHNOLOGY,55,0
Jharkhand,Alankit Assignments Limited,31,0
Jharkhand,Blue Circle Instrument,34,0
Jharkhand,IL&FS LTD,12,0
Jharkhand,MKS Enterprises,4,0
Jharkhand,Nevaeh Technology Pvt. Ltd.,19,0
Jharkhand,STRATEGIC OUTSOURCING SERVICE,12,0
Jharkhand,Smart ID,2,0
Jharkhand,VISION COMPTECH INTEGRATOR LTD,831,0
Jharkhand,Wipro Ltd,9278,0
Life Insurance Corporation,COMAT TECHNOLOGIES P LTD,2,0
Life Insurance Corporation,Smart ID,1,0
Life Insurance Corporation,eCentric solutions pvt ltd,5,0
Mission Convergence - GNCT Del,Alankit Assignments Limited,23,0
Mission Convergence - GNCT Del,Karvy Computershare Private Li,15,0
Mission Convergence - GNCT Del,Matrix Processing House,1,0
Mission Convergence - GNCT Del,STRATEGIC OUTSOURCING SERVICE,90,0
Mission Convergence - GNCT Del,Smart Chip Limited,64,0
Mission Convergence - GNCT Del,Tera Software Ltd,21,0
Mission Convergence - GNCT Del,eCentric solutions pvt ltd,28,0
NSDL e-Governance Infrastructure Limited,Abhipra Capital Ltd,258,20
NSDL e-Governance Infrastructure Limited,Alankit Assignments Limited,54,0
NSDL e-Governance Infrastructure Limited,Alankit Finsec Ltd,1472,118
NSDL e-Governance Infrastructure Limited,Amar Constructions,431,39
NSDL e-Governance Infrastructure Limited,Gujarat Infotech Ltd.,2822,244
NSDL e-Governance Infrastructure Limited,IAP COMPANY Pvt. Ltd,4,4
NSDL e-Governance Infrastructure Limited,Karvy Consultants Limited,31,19
NSDL e-Governance Infrastructure Limited,Karvy Data Management Services,16430,1033
NSDL e-Governance Infrastructure Limited,N.K. Sharma Enterprises Ltd.,160,18
NSDL e-Governance Infrastructure Limited,Netlink software Pvt Ltd,43,13
NSDL e-Governance Infrastructure Limited,Offshoot Agency Pvt. Ltd.,1377,45
NSDL e-Governance Infrastructure Limited,Ojus G Enterprises,61,84
NSDL e-Governance Infrastructure Limited,PROWIZ MANSYTEMS PVT LTD,1,0
NSDL e-Governance Infrastructure Limited,Promind Solutions P Limited,767,52
NSDL e-Governance Infrastructure Limited,RELIGARE SECURITIES LTD,2065,106
NSDL e-Governance Infrastructure Limited,Ricoh India Limited,3481,168
NSDL e-Governance Infrastructure Limited,S.J. Technologies,1,3
NSDL e-Governance Infrastructure Limited,SNR Edatas Pvt Ltd,0,1
NSDL e-Governance Infrastructure Limited,Sri Ramraja Sarkar Lok Kalyan Trust,2004,133
NSDL e-Governance Infrastructure Limited,Utility Forms Pvt Ltd,170,10
NSDL e-Governance Infrastructure Limited,VIRGO SOFTECH LIMITED,1622,123
Oriental Bank of Commerce,DATASOFT COMPUTER SERVICES(P),703,1
Oriental Bank of Commerce,IL&FS LTD,123,0
Oriental Bank of Commerce,Sri Ramraja Sarkar Lok Kalyan Trust,0,1
Oriental Bank of Commerce,Wipro Ltd,979,0
Project Coordinator UID Project Madhya Pradesh,A I Soc for Electronics and Comp Tech,5976,340
Project Coordinator UID Project Madhya Pradesh,DATASOFT COMPUTER SERVICES(P),336,18
Project Coordinator UID Project Madhya Pradesh,LYRA  CONSULTANCY SERVICE,961,70
Project Coordinator UID Project Madhya Pradesh,MPOnline Limited,3826,221
Project Coordinator UID Project Madhya Pradesh,Matrix Processing House,319,18
Project Coordinator UID Project Madhya Pradesh,OSWAL COMPUTERS & CONSULTANTS,880,151
Project Coordinator UID Project Madhya Pradesh,Orion Security Solutions Private Ltd,1306,47
Project Coordinator UID Project Madhya Pradesh,Sixth Dimension Project Solutions Ltd,88,30
Punjab National Bank,Alankit Finsec Ltd,1496,118
Punjab National Bank,Eagle Software India Pvt. Ltd,1629,174
Punjab National Bank,MARS Telecom Systems Pvt Ltd,678,16
Punjab National Bank,Smart Chip Limited,350,59
Punjab National Bank,Vayam technologies Ltd,1921,57
Punjab and Sind Bank,Matrix Processing House,1221,67
RDD Govt of Tripura,Alankit Assignments Limited,410,0
Registrar General India - BEL,Manipur Electronics Dev Corp,165,8
Registrar General India BEL2,Bharat Electronics Limited,0,1
Registrar General India BEL2,Chinar Construction Company Prime agency,171,5
Registrar General India BEL2,Computer LAB,1,0
Registrar General India BEL2,Emdee Digitronics Pvt.Ltd.,37,0
Registrar General India BEL2,In Media Computer Services LLP,216,9
Registrar General India BEL2,India Computer Technology,2,3
Registrar General India BEL2,Karvy Data Management Services,8763,206
Registrar General India BEL2,MACRO INFOTECH PVT LTD,1985,544
Registrar General India BEL2,Madras Security Printers Ltd,8,10
Registrar General India BEL2,Manipur Electronics Dev Corp,164,4
Registrar General India BEL2,Multiwave Innovation,2,0
Registrar General India BEL2,Netlink software Pvt Ltd,0,1
Registrar General India BEL2,Nevaeh Technology Pvt. Ltd.,0,4
Registrar General India BEL2,Nielsen  India  Private Limited,4,0
Registrar General India BEL2,Om Softwares,1,0
Registrar General India BEL2,SNR Edatas Pvt Ltd,6258,799
Registrar General India BEL2,SREI INFRASTRUCTURE FINANCES L,623,37
Registrar General India BEL2,Swathy Smartcards Hi-Tech Pvt,4,0
Registrar General India BEL2,Tera Software Ltd,1229,3
Registrar General India BEL2,UNITED DATA SERVICES PRIVATE LIMITED,2308,75
Registrar General India BEL2,Vedavaag Systems Limited,1,0
Registrar General India BEL2,Viesa Technologies,12761,230
Registrar General India ECIL,COMTECH INSTITUTE OFTECHNOLOGY,2,11
Registrar General India ECIL,COMTECHINFO SOLUTIONS PVT.LTD,7211,404
Registrar General India ECIL,Chinar Construction Company Prime agency,2757,24
Registrar General India ECIL,Clairvoyance Technologies Pvt.,1,2
Registrar General India ECIL,Computer LAB,3529,674
Registrar General India ECIL,Eagle Software India Pvt. Ltd,42969,1693
Registrar General India ECIL,Emdee Digitronics Pvt.Ltd.,2135,71
Registrar General India ECIL,In Media Computer Services LLP,1123,82
Registrar General India ECIL,India Computer Technology,1055,110
Registrar General India ECIL,Karvy Data Management Services,198,26
Registrar General India ECIL,Krishna Infotech,1,0
Registrar General India ECIL,LYRA  CONSULTANCY SERVICE,132,5
Registrar General India ECIL,Madras Security Printers Ltd,3133,395
Registrar General India ECIL,SARADA SYSTEMS,1619,276
Registrar General India ECIL,SWISSTECH NPR 57CR PROJECT PVT,3,0
Registrar General India ECIL,Tera Software Ltd,9,0
Registrar General India ECIL,The NSIC ltd,3910,130
Registrar General India ECIL,Vedavaag Systems Limited,1,1
Registrar General India ECIL,WEBEL TECHNOLOGY LIMITED,217,15
Registrar General India Others,COMTECHINFO SOLUTIONS PVT.LTD,2,0
Registrar General India Others,Webx Technologies Private Limited,7,0
Registrar General of India ITI,Eagle Software India Pvt. Ltd,3,2
Registrar General of India ITI,Emdee Digitronics Pvt.Ltd.,3263,99
Registrar General of India ITI,In Media Computer Services LLP,527,34
Registrar General of India ITI,Karvy Data Management Services,20,15
Registrar General of India ITI,Madras Security Printers Ltd,403,209
Registrar General of India ITI,Netlink software Pvt Ltd,232,51
Registrar General of India ITI,Nevaeh Technology Pvt. Ltd.,2,1
Registrar General of India ITI,SNR Edatas Pvt Ltd,20,25
Registrar General of India ITI,Swathy Smartcards Hi-Tech Pvt,3,1
Registrar General of India ITI,VIRGO SOFTECH LIMITED,1,2
Registrar General of India ITI,Vedavaag Systems Limited,1,0
Registrar General of India ITI,WEBEL TECHNOLOGY LIMITED,4050,112
Registrar General of India ITI,Webx Technologies Private Limited,206,4
Rural Development Dept  Govt. of Bihar,Bloom Solutions Pvt Ltd,486,34
Rural Development Dept  Govt. of Bihar,Computer LAB,1543,104
Rural Development Dept  Govt. of Bihar,Emdee Digitronics Pvt.Ltd.,359,37
Rural Development Dept  Govt. of Bihar,FINANCIAL INFORMATION NETWORK,1627,107
Rural Development Dept  Govt. of Bihar,M2C Private Solution,148,86
Rural Development Dept  Govt. of Bihar,MKS Enterprises,60,22
Rural Development Dept  Govt. of Bihar,Orion Security Solutions Private Ltd,493,3
Rural Development Dept  Govt. of Bihar,Urmila Info solution,2074,76
STATE BANK OF HYDERABAD,CSS TECHNERGY LIMITED,1,0
STATE BANK OF PATIALA,CSS TECHNERGY LIMITED,138,0
State Bank of Bikaner & Jaipur,Multiwave Innovation,192,0
State Bank of India,4G IDENTITY SOLUTIONS,489,0
State Bank of India,COMAT TECHNOLOGIES P LTD,59,0
State Bank of India,CSS TECHNERGY LIMITED,218,0
State Bank of India,Delhi Integrated MMTS Ltd,114,0
State Bank of India,Eagle press pvt ltd,167,0
State Bank of India,FINANCIAL INFORMATION NETWORK,3393,257
State Bank of India,IL&FS LTD,251,0
State Bank of India,Smart Chip Limited,2389,41
State Bank of India,Utility Forms Pvt Ltd,2151,288
State Bank of India,VIRGO SOFTECH LIMITED,201,0
Syndicate Bank,Smart Chip Limited,1339,0
UIDAI-Registrar,UIDAI-EA,36,0
UT Of Daman and Diu,Alankit Assignments Limited,247,0
UT of Puducherry,Madras Security Printers Ltd,51,0
UTI Infrastructure Technology & Services Limited,Houston Technologies Limited,10,1
UTI Infrastructure Technology & Services Limited,Omnitech Infosolutions Ltd,450,70
Union Bank,4G IDENTITY SOLUTIONS,73,0
Union Bank,FINANCIAL INFORMATION NETWORK,7522,479
Union Bank,Smart Chip Limited,739,6
Union Bank,Vakrangee Softwares Limited,22417,801
United Bank of India,Atyati Technologies Pvt Ltd,7,0
