Registrar,Enrolment Agency,Aadhaar generated,Enrolment Rejected
Allahabad Bank,A-Onerealtors Pvt Ltd,1544,132
Allahabad Bank,Agro Tech Engineers,46,3
Allahabad Bank,Asha Security Guard Services,771,45
Allahabad Bank,Ayush Enterprises,225,17
Allahabad Bank,Corporate India Facilities Pvt Ltd,3,0
Allahabad Bank,Emdee Digitronics Pvt.Ltd.,80,1
Allahabad Bank,MEGHA VINCOM PVT LTD,152,10
Allahabad Bank,Nevaeh Technology Pvt. Ltd.,2777,91
Allahabad Bank,Ortem Securities Limited,85,4
Allahabad Bank,PROTEX COMPUTER PVT LTD,82,1
Allahabad Bank,Redim Software Technologies Pvt Ltd,74,1
Allahabad Bank,SGS INDIA PVT LTD,1907,76
Allahabad Bank,Sri Ramraja Sarkar Lok Kalyan Trust,1,0
Allahabad Bank,Transmoovers India,80,0
Allahabad Bank,VAP INFOSOLUTIONS,379,11
Allahabad Bank,Vedavaag Systems Limited,593,7
Atalji Janasnehi Directorate  Government of Karnataka,Atalji Janasnehi Directorate  GOK,14751,246
Bank Of India,A3 Logics  India  Ltd,258,3
Bank Of India,Blue Circle Instrument,3,0
Bank Of India,CHESSY CONSULTANTS PVT LTD,5,0
Bank Of India,DATASOFT COMPUTER SERVICES(P),143,5
Bank Of India,Frontech Systems Pvt Ltd,82,1
Bank Of India,OSWAL COMPUTERS & CONSULTANTS,356,8
Bank Of India,PROTEX COMPUTER PVT LTD,102,3
Bank Of India,SARADA SYSTEMS,1586,23
Bank Of India,SHRIKRISHNA KHANDASARI SUGAR M,17,0
Bank Of India,SREI INFRASTRUCTURE FINANCES L,6921,139
Bank Of India,VEETECHNOLOGIES PVT. LTD,4579,24
Bank of Baroda,Global Finsol Private Limited,84,1
Bank of Maharashtra,Tera Software Ltd,2397,22
CSC e-Governance Services India Limited,A I Soc for Electronics and Comp Tech,13471,217
CSC e-Governance Services India Limited,AKSH OPTIFIBRE LIMITED,18434,395
CSC e-Governance Services India Limited,APOnline Limited,40,5
CSC e-Governance Services India Limited,Alankit Limited,22,3
CSC e-Governance Services India Limited,Amar Constructions,222,25
CSC e-Governance Services India Limited,BASIX,20526,473
CSC e-Governance Services India Limited,Binary Systems,370,11
CSC e-Governance Services India Limited,Bloom Solutions Pvt Ltd,1524,37
CSC e-Governance Services India Limited,CALANCE SOFTWARE PRIVATE LTD,757,18
CSC e-Governance Services India Limited,CHIPS,15734,369
CSC e-Governance Services India Limited,CMS Computers Ltd,56580,2071
CSC e-Governance Services India Limited,CSC e-Governance Services India Limited,11421,386
CSC e-Governance Services India Limited,Computer Print,1632,67
CSC e-Governance Services India Limited,Conatus Infocom Pvt. Ltd,782,0
CSC e-Governance Services India Limited,DATASOFT COMPUTER SERVICES(P),1181,69
CSC e-Governance Services India Limited,Digitcom Systems Pvt. Ltd.,1186,34
CSC e-Governance Services India Limited,Ecartes Technology Pvt. Ltd,22,0
CSC e-Governance Services India Limited,Estex Telecom Pvt Ltd,711,26
CSC e-Governance Services India Limited,Excel Technovation Pvt. Ltd,13,0
CSC e-Governance Services India Limited,Gem Computers,82,9
CSC e-Governance Services India Limited,Home Life Buildcon Pvt Ltd,4809,308
CSC e-Governance Services India Limited,HyperSoft Technologies Ltd,4091,73
CSC e-Governance Services India Limited,IAP COMPANY Pvt. Ltd,12610,355
CSC e-Governance Services India Limited,Janta Silikon Consortium,2967,135
CSC e-Governance Services India Limited,Jeevan Deep Charitable Society,1184,67
CSC e-Governance Services India Limited,K W Consulting P Ltd,11,0
CSC e-Governance Services India Limited,MANTRA SOFTTECH (INDIA) PVTLTD,8674,13
CSC e-Governance Services India Limited,MEGHA VINCOM PVT LTD,1003,52
CSC e-Governance Services India Limited,Mahamritunjay Traders,4267,139
CSC e-Governance Services India Limited,Mahaonline Limited,6574,586
CSC e-Governance Services India Limited,Murano India Pvt Ltd,962,43
CSC e-Governance Services India Limited,NPS Technologies Pvt. Ltd,37472,725
CSC e-Governance Services India Limited,NVR & ASSOCIATES LIMITED,2383,23
CSC e-Governance Services India Limited,National Cooperative Consumers Federation of India Limited,255,2
CSC e-Governance Services India Limited,Nekton IT India Pvt Ltd.,9696,229
CSC e-Governance Services India Limited,Netlink software Pvt Ltd,263,4
CSC e-Governance Services India Limited,Network for Information & Computer,3543,77
CSC e-Governance Services India Limited,Prakash Computer Services,644,5
CSC e-Governance Services India Limited,Promind Solutions P Limited,3534,307
CSC e-Governance Services India Limited,Radiant Haroti Industries India Ltd,5882,396
CSC e-Governance Services India Limited,Raj Construction Co.,2084,37
CSC e-Governance Services India Limited,SGS INDIA PVT LTD,547,10
CSC e-Governance Services India Limited,SPANCO,1064,45
CSC e-Governance Services India Limited,SRR Infotech,1991,52
CSC e-Governance Services India Limited,Sahaj e-Village Limited,18754,216
CSC e-Governance Services India Limited,Saket Advertising Pvt. Ltd,9,0
CSC e-Governance Services India Limited,Sri Ramraja Sarkar Lok Kalyan Trust,127,6
CSC e-Governance Services India Limited,Super Printers,335,22
CSC e-Governance Services India Limited,Tera Software Ltd,5778,164
CSC e-Governance Services India Limited,Twinstar Industries Ltd.,1484,53
CSC e-Governance Services India Limited,United Telecoms e-Services Pvt Ltd,6876,138
CSC e-Governance Services India Limited,VIKALP MULTIMEDIA,770,19
CSC e-Governance Services India Limited,VISION COMPTECH INTEGRATOR LTD,1093,60
CSC e-Governance Services India Limited,Vayam technologies Ltd,4727,181
CSC e-Governance Services India Limited,Vedavaag Systems Limited,11925,202
CSC e-Governance Services India Limited,Vigilant Corporate Services Pvt Ltd,239,20
CSC e-Governance Services India Limited,Virinchi Technologies Ltd,633,44
CSC e-Governance Services India Limited,Yash Ornaments Pvt. Ltd,912,24
CSC e-Governance Services India Limited,Zephyr System Pvt.Ltd.,12877,61
Canara Bank,FINANCIAL INFORMATION NETWORK,5119,196
Canara Bank,Karvy Data Management Services,8736,339
Canara Bank,Ojus Healthcare Private Limited,1242,7
Canara Bank,Osiris Infotech Pvt. Ltd.,229,16
Canara Bank,Smart Chip Limited,20,0
Canara Bank,Virinchi Technologies Ltd,7733,235
Civil Supplies - A&N Islands,India Computer Technology,425,11
DENA BANK,77 Infosystems Pvt Ltd,509,16
DENA BANK,A-Onerealtors Pvt Ltd,654,28
DENA BANK,APEX Services,1662,9
DENA BANK,AS International,732,52
DENA BANK,ATISHAY INFOTECH PVT. LTD.,2403,145
DENA BANK,AVVAS INFOTECH PVT  LTD,2844,203
DENA BANK,Advent Infomax Private Ltd,173,10
DENA BANK,Akhil Bhartiya Majdoor Shiksha Sewa Samiti,25,0
DENA BANK,Amar Constructions,1288,57
DENA BANK,Apnatech Consultancy Services Pvt Ltd,84,1
DENA BANK,Asha Security Guard Services,1314,64
DENA BANK,Asray Gram,26,0
DENA BANK,BNR UDYOG LIMITED,8,0
DENA BANK,Binary Systems,636,62
DENA BANK,Bloom Solutions Pvt Ltd,1537,21
DENA BANK,Blue Circle Instrument,225,9
DENA BANK,Business Information Processing Services,564,5
DENA BANK,CALANCE SOFTWARE PRIVATE LTD,811,16
DENA BANK,City Hawks Manpower Services & Consultancy,85,4
DENA BANK,DATASOFT COMPUTER SERVICES(P),734,21
DENA BANK,Eagle Software India Pvt. Ltd,289,19
DENA BANK,Ecartes Technology Pvt. Ltd,1036,48
DENA BANK,FINANCIAL INFORMATION NETWORK,1120,35
DENA BANK,Gem Computers,7,1
DENA BANK,Gujarat Infotech Ltd.,8487,32
DENA BANK,HyperSoft Technologies Ltd,1,0
DENA BANK,IAP COMPANY Pvt. Ltd,2818,60
DENA BANK,India Computer Technology,77,3
DENA BANK,JNET Technologies Pvt.Ltd,213,8
DENA BANK,Jeevan Deep Charitable Society,138,8
DENA BANK,K W Consulting P Ltd,2574,10
DENA BANK,M/S STAR DATA CENTRE,211,9
DENA BANK,M/s Gold Square Builders & Promoters Pvt. Ltd.,1614,164
DENA BANK,MARS Telecom Systems Pvt Ltd,470,59
DENA BANK,MEGHA VINCOM PVT LTD,1419,50
DENA BANK,MKS Enterprises,24,3
DENA BANK,Make India Smart Private Limited,2506,39
DENA BANK,Multiwave Innovation,1066,89
DENA BANK,NVR & ASSOCIATES LIMITED,547,108
DENA BANK,Netlink software Pvt Ltd,8375,188
DENA BANK,Nielsen  India  Private Limited,6564,311
DENA BANK,Offshoot Agency Pvt. Ltd.,156,13
DENA BANK,Ojus G Enterprises,7,0
DENA BANK,Om Softwares,398,12
DENA BANK,Ortem Securities Limited,150,3
DENA BANK,Ricoh India Limited,564,36
DENA BANK,SGS INDIA PVT LTD,433,32
DENA BANK,Silver Touch Technologies Ltd,1455,43
DENA BANK,Sixth Dimension Project Solutions Ltd,422,1
DENA BANK,Soc for Advancement of Environ Science,213,5
DENA BANK,SoftAge Information Technology Limited,139,3
DENA BANK,Super Printers,1926,22
DENA BANK,TechSmart India Pvt Ltd,336,10
DENA BANK,Tera Software Ltd,2,0
DENA BANK,The NSIC ltd,18,0
DENA BANK,Transline Technologies P Ltd,77,2
DENA BANK,UT Computers Educational & Welfare Soc,283,11
DENA BANK,Utility Forms Pvt Ltd,8,0
DENA BANK,VAP INFOSOLUTIONS,636,2
DENA BANK,VISION COMPTECH INTEGRATOR LTD,1033,36
DENA BANK,Vayam technologies Ltd,1,0
DENA BANK,Vedavaag Systems Limited,1029,40
DENA BANK,Virinchi Technologies Ltd,1194,40
DENA BANK,WEBEL,3530,182
DENA BANK,Wipro Ltd,6788,215
DENA BANK,Yash Ornaments Pvt. Ltd,218,0
DENA BANK,Zephyr System Pvt.Ltd.,4130,10
Dept of ITC Govt of Rajasthan,ATISHAY INFOTECH PVT. LTD.,2,0
Dept of ITC Govt of Rajasthan,Academy of Management Studies,28,1
Dept of ITC Govt of Rajasthan,Business Information Processing Services,281,0
Dept of ITC Govt of Rajasthan,CMS Computers Ltd,934,31
Dept of ITC Govt of Rajasthan,COMTECH INSTITUTE OFTECHNOLOGY,288,12
Dept of ITC Govt of Rajasthan,DATASOFT COMPUTER SERVICES(P),448,20
Dept of ITC Govt of Rajasthan,FINANCIAL INFORMATION NETWORK,711,95
Dept of ITC Govt of Rajasthan,IAP COMPANY Pvt. Ltd,158,22
Dept of ITC Govt of Rajasthan,Karvy Data Management Services,413,24
Dept of ITC Govt of Rajasthan,M/s Sanish Choudhary,192,8
Dept of ITC Govt of Rajasthan,MEGHA VINCOM PVT LTD,535,66
Dept of ITC Govt of Rajasthan,Matrix Processing House,233,11
Dept of ITC Govt of Rajasthan,Multiwave Innovation,89,1
Dept of ITC Govt of Rajasthan,Osiris Infotech Pvt. Ltd.,16,0
Dept of ITC Govt of Rajasthan,Radiant Info Systems Ltd,2,0
Dept of ITC Govt of Rajasthan,Rajcomp Info Services Ltd,5161,195
Dept of ITC Govt of Rajasthan,Ricoh India Limited,288,11
Dept of ITC Govt of Rajasthan,SAR Technology,57,1
Dept of ITC Govt of Rajasthan,SREI INFRASTRUCTURE FINANCES L,34,0
Dept of ITC Govt of Rajasthan,TechSmart India Pvt Ltd,39,0
Dept of ITC Govt of Rajasthan,Transline Technologies P Ltd,2,0
Dept of ITC Govt of Rajasthan,UMC Technologies Pvt. Ltd,161,1
Dept of ITC Govt of Rajasthan,VIRGO SOFTECH LIMITED,906,60
Dept of ITC Govt of Rajasthan,Vakrangee Softwares Limited,765,107
Dept of ITC Govt of Rajasthan,Vayam technologies Ltd,24,3
FCR Govt of Haryana,4G INFORMATICS,5,0
FCR Govt of Haryana,Academy of Management Studies,169,8
FCR Govt of Haryana,District IT Society Ambala,12,2
FCR Govt of Haryana,District IT Society Bhiwani,89,11
FCR Govt of Haryana,District IT Society Faridabad,1039,18
FCR Govt of Haryana,District IT Society Fatehabad,684,19
FCR Govt of Haryana,District IT Society Gurgaon,43,6
FCR Govt of Haryana,District IT Society Hisar,99,2
FCR Govt of Haryana,District IT Society Jhajjar,500,10
FCR Govt of Haryana,District IT Society Kaithal,394,16
FCR Govt of Haryana,District IT Society Karnal,295,3
FCR Govt of Haryana,District IT Society Kurukshetra,643,11
FCR Govt of Haryana,District IT Society Mahendragarh,656,12
FCR Govt of Haryana,District IT Society Mewat,402,5
FCR Govt of Haryana,District IT Society Palwal,1186,64
FCR Govt of Haryana,District IT Society Panchkula,342,9
FCR Govt of Haryana,District IT Society Panipat,412,21
FCR Govt of Haryana,District IT Society Rewari,1616,22
FCR Govt of Haryana,District IT Society Rohtak,501,19
FCR Govt of Haryana,District IT Society Sirsa,528,21
FCR Govt of Haryana,District IT Society Sonipat,406,8
FCR Govt of Haryana,District IT Society Yamuna Nagar,27,36
FCR Govt of Haryana,Radiant Info Systems Ltd,101,8
FCR Govt of Haryana,SoftAge Information Technology Limited,976,22
FCR Govt of Haryana,Vayam technologies Ltd,3,0
FCS Govt of Punjab,District Sukhmani Society  Jalandhar  Punjab,241,4
FCS Govt of Punjab,District Sukhmani Society  Ludhiana  Punjab,206,6
FCS Govt of Punjab,District Sukhmani Society  Moga  Punjab,146,0
FCS Govt of Punjab,District Sukhmani Society Amritsar Punjab,86,2
FCS Govt of Punjab,District Sukhmani Society Barnala Punjab,57,1
FCS Govt of Punjab,District Sukhmani Society Bathinda Punjab,126,1
FCS Govt of Punjab,District Sukhmani Society Fatehgarh Sahib Punjab,96,2
FCS Govt of Punjab,District Sukhmani Society Fazilka Punjab,114,1
FCS Govt of Punjab,District Sukhmani Society Ferozepur Punjab,73,1
FCS Govt of Punjab,District Sukhmani Society For Citizen Services Mansa Punjab,144,2
FCS Govt of Punjab,District Sukhmani Society For Citizen Services Nawanshahr Punjab,299,7
FCS Govt of Punjab,District Sukhmani Society For Citizen Services SAS Nagar District e-Governance Society Punjab,72,1
FCS Govt of Punjab,District Sukhmani Society Pathankot Punjab,12,1
FCS Govt of Punjab,District Sukhmani Society Patiala Punjab,67,2
FCS Govt of Punjab,District Sukhmani Society Rupnagar Punjab,31,1
FCS Govt of Punjab,District Sukhmani Society Sangrur Punjab,143,3
FCS Govt of Punjab,District Sukhmani Society Sri Muktsar Sahib Punjab,248,2
FCS Govt of Punjab,District Sukhmani Society Tarn Taran Punjab,120,0
FCS Govt of Punjab,Karvy Computershare Private Li,78,2
FCS Govt of Punjab,Sukhmani Society For Citizen Services  Kapurthala  Punjab,31,1
FCS Govt of Punjab,Sukhmani Society For Citizen Services Gurdaspur Punjab,7,0
FCS Govt of Punjab,Sukhmani Society For Citizens Services Faridkot Punjab,40,0
FCS Govt of Punjab,Suwidha Society Hoshiarpur Punjab,221,0
FCS Govt of Punjab,Vayam technologies Ltd,9,1
FCS Govt of Punjab,eCentric solutions pvt ltd,45,20
Govt of Gujarat,GSS Infotech Ltd,428,0
Govt of Gujarat,Karvy Computershare Private Li,7479,106
Govt of Gujarat,Silver Touch Technologies Ltd,3874,29
Govt of Gujarat,Tera Software Ltd,5144,15
Govt of Gujarat,eCentric solutions pvt ltd,335,19
Govt of Himachal Pradesh,Department of IT  Govt. of HP,9,2
Govt of Himachal Pradesh,i-Grandee SoftwareTechnologies,5,0
Govt of Karnataka ,BNR UDYOG LIMITED,5,5
Govt of Karnataka ,Centre for e-Governance  GOK,533,10
Govt of Karnataka ,EDCS GOK,1877,15
Govt of Karnataka ,Wipro Ltd,3,0
Govt of Kerala,Akshaya,7510,72
Govt of Kerala,Keltron,12,1
Govt of Maharashtra,M/S King Computer System pvt Ltd,144,24
Govt of Maharashtra,M/s. Vidya Online  Pune,241,1
Govt of Maharashtra,Rudranee Infotech Ltd,162,4
Govt of Maharashtra,SETU MAHARASHTRA,638,30
Govt of Maharashtra,SHREERAM PRINTING PRESS,329,26
Govt of Maharashtra,SILVER JUBILEE MOTORS LTD.,836,1
Govt of Sikkim - Dept of Econo,Department of Economics Statistics  Monitoring and Evaluation DESME,139,3
IDBI Bank ltd,ATISHAY INFOTECH PVT. LTD.,329,13
IDBI Bank ltd,Matrix Processing House,420,10
IDBI Bank ltd,SREEVEN INFOCOM LIMITED,2424,49
Information Technology & Communication Department,4G INFORMATICS,1,0
Information Technology & Communication Department,Directorate of ESD,7838,122
Jharkhand,Wipro Ltd,1,0
NSDL e-Governance Infrastructure Limited,Abhipra Capital Ltd,186,9
NSDL e-Governance Infrastructure Limited,Alankit Assignments Limited,2,0
NSDL e-Governance Infrastructure Limited,Alankit Finsec Ltd,2736,44
NSDL e-Governance Infrastructure Limited,Amar Constructions,674,42
NSDL e-Governance Infrastructure Limited,COMTECHINFO SOLUTIONS PVT.LTD,4,0
NSDL e-Governance Infrastructure Limited,Gujarat Infotech Ltd.,7172,216
NSDL e-Governance Infrastructure Limited,IAP COMPANY Pvt. Ltd,7,0
NSDL e-Governance Infrastructure Limited,Karvy Consultants Limited,19,4
NSDL e-Governance Infrastructure Limited,Karvy Data Management Services,38072,1201
NSDL e-Governance Infrastructure Limited,N.K. Sharma Enterprises Ltd.,335,43
NSDL e-Governance Infrastructure Limited,Netlink software Pvt Ltd,87,0
NSDL e-Governance Infrastructure Limited,Offshoot Agency Pvt. Ltd.,1062,23
NSDL e-Governance Infrastructure Limited,Ojus G Enterprises,724,699
NSDL e-Governance Infrastructure Limited,Promind Solutions P Limited,1028,63
NSDL e-Governance Infrastructure Limited,RELIGARE SECURITIES LTD,2639,82
NSDL e-Governance Infrastructure Limited,Ricoh India Limited,1651,940
NSDL e-Governance Infrastructure Limited,S.J. Technologies,25,3
NSDL e-Governance Infrastructure Limited,Sri Ramraja Sarkar Lok Kalyan Trust,5563,69
NSDL e-Governance Infrastructure Limited,Transline Technologies P Ltd,1,1
NSDL e-Governance Infrastructure Limited,Utility Forms Pvt Ltd,388,19
NSDL e-Governance Infrastructure Limited,VIRGO SOFTECH LIMITED,4617,127
National Institute of Electronics & Information Technology,Alankit Finsec Ltd,24,0
Oriental Bank of Commerce,JNET Technologies Pvt.Ltd,2,0
Project Coordinator UID Project Madhya Pradesh,A I Soc for Electronics and Comp Tech,16354,325
Project Coordinator UID Project Madhya Pradesh,DATASOFT COMPUTER SERVICES(P),439,16
Project Coordinator UID Project Madhya Pradesh,LYRA  CONSULTANCY SERVICE,3454,117
Project Coordinator UID Project Madhya Pradesh,MPOnline Limited,8366,263
Project Coordinator UID Project Madhya Pradesh,Matrix Processing House,461,11
Project Coordinator UID Project Madhya Pradesh,OSWAL COMPUTERS & CONSULTANTS,1714,40
Project Coordinator UID Project Madhya Pradesh,Orion Security Solutions Private Ltd,1354,66
Project Coordinator UID Project Madhya Pradesh,Sixth Dimension Project Solutions Ltd,456,64
Punjab National Bank,Alankit Finsec Ltd,3575,78
Punjab National Bank,Eagle Software India Pvt. Ltd,4324,157
Punjab National Bank,MARS Telecom Systems Pvt Ltd,732,20
Punjab National Bank,Smart Chip Limited,1357,40
Punjab National Bank,Vayam technologies Ltd,1403,94
Punjab and Sind Bank,Matrix Processing House,1389,62
Registrar General India BEL2,Bharat Electronics Limited,110,0
Registrar General India BEL2,Chinar Construction Company Prime agency,308,0
Registrar General India BEL2,Emdee Digitronics Pvt.Ltd.,18,0
Registrar General India BEL2,In Media Computer Services LLP,469,4
Registrar General India BEL2,Karvy Data Management Services,9596,50
Registrar General India BEL2,MACRO INFOTECH PVT LTD,25289,626
Registrar General India BEL2,Madras Security Printers Ltd,1,0
Registrar General India BEL2,Manipur Electronics Dev Corp,153,0
Registrar General India BEL2,Multiwave Innovation,1145,1
Registrar General India BEL2,Netlink software Pvt Ltd,6,0
Registrar General India BEL2,Nevaeh Technology Pvt. Ltd.,1,0
Registrar General India BEL2,Nielsen  India  Private Limited,6,0
Registrar General India BEL2,Pariza Enterprises,71,0
Registrar General India BEL2,Radiant Haroti Industries India Ltd,62,3
Registrar General India BEL2,SNR Edatas Pvt Ltd,68604,522
Registrar General India BEL2,SREI INFRASTRUCTURE FINANCES L,4202,24
Registrar General India BEL2,Swathy Smartcards Hi-Tech Pvt,1,0
Registrar General India BEL2,Tera Software Ltd,83,0
Registrar General India BEL2,UNITED DATA SERVICES PRIVATE LIMITED,3569,19
Registrar General India BEL2,Viesa Technologies,21549,107
Registrar General India ECIL,COMTECHINFO SOLUTIONS PVT.LTD,23269,278
Registrar General India ECIL,Chinar Construction Company Prime agency,5182,41
Registrar General India ECIL,Clairvoyance Technologies Pvt.,14,0
Registrar General India ECIL,Computer LAB,6352,111
Registrar General India ECIL,ECIL,33,0
Registrar General India ECIL,Eagle Software India Pvt. Ltd,11585,1385
Registrar General India ECIL,Emdee Digitronics Pvt.Ltd.,737,21
Registrar General India ECIL,In Media Computer Services LLP,5513,87
Registrar General India ECIL,India Computer Technology,8134,244
Registrar General India ECIL,Integrated Systems & Services,63,7
Registrar General India ECIL,Karvy Data Management Services,2105,0
Registrar General India ECIL,LYRA  CONSULTANCY SERVICE,483,15
Registrar General India ECIL,Madras Security Printers Ltd,291,9
Registrar General India ECIL,SARADA SYSTEMS,2985,232
Registrar General India ECIL,SWISSTECH NPR 57CR PROJECT PVT,371,3
Registrar General India ECIL,The NSIC ltd,4525,51
Registrar General India ECIL,WEBEL TECHNOLOGY LIMITED,632,2
Registrar General India Others,COMTECHINFO SOLUTIONS PVT.LTD,2,0
Registrar General India Others,Clairvoyance Technologies Pvt.,1,0
Registrar General of India ITI,Eagle Software India Pvt. Ltd,58,2
Registrar General of India ITI,Emdee Digitronics Pvt.Ltd.,6202,115
Registrar General of India ITI,In Media Computer Services LLP,1567,5
Registrar General of India ITI,Karvy Data Management Services,8,0
Registrar General of India ITI,LYRA  CONSULTANCY SERVICE,40,0
Registrar General of India ITI,Madras Security Printers Ltd,3677,45
Registrar General of India ITI,Netlink software Pvt Ltd,1916,4
Registrar General of India ITI,Nevaeh Technology Pvt. Ltd.,97,17
Registrar General of India ITI,SNR Edatas Pvt Ltd,208,29
Registrar General of India ITI,VIRGO SOFTECH LIMITED,30,0
Registrar General of India ITI,WEBEL TECHNOLOGY LIMITED,3652,105
Registrar General of India ITI,Webx Technologies Private Limited,244,0
Rural Development Dept  Govt. of Bihar,Bloom Solutions Pvt Ltd,284,3
Rural Development Dept  Govt. of Bihar,Computer LAB,388,5
Rural Development Dept  Govt. of Bihar,Emdee Digitronics Pvt.Ltd.,1517,35
Rural Development Dept  Govt. of Bihar,FINANCIAL INFORMATION NETWORK,2126,19
Rural Development Dept  Govt. of Bihar,M2C Private Solution,491,50
Rural Development Dept  Govt. of Bihar,MKS Enterprises,60,1
Rural Development Dept  Govt. of Bihar,Orion Security Solutions Private Ltd,63,0
Rural Development Dept  Govt. of Bihar,Urmila Info solution,1433,54
State Bank of India,FINANCIAL INFORMATION NETWORK,7954,349
State Bank of India,Smart Chip Limited,522,4
State Bank of India,Utility Forms Pvt Ltd,3944,184
UIDAI-Registrar,UIDAI-EA,81,5
UTI Infrastructure Technology & Services Limited,Houston Technologies Limited,46,13
UTI Infrastructure Technology & Services Limited,Omnitech Infosolutions Ltd,1324,42
Union Bank,FINANCIAL INFORMATION NETWORK,14154,309
Union Bank,Smart Chip Limited,7,0
Union Bank,Vakrangee Softwares Limited,9867,486
