Registrar,Enrolment Agency,Aadhaar generated,Enrolment Rejected
Allahabad Bank,A-Onerealtors Pvt Ltd,20,51
Allahabad Bank,Agro Tech Engineers,5,5
Allahabad Bank,Asha Security Guard Services,15,23
Allahabad Bank,Emdee Digitronics Pvt.Ltd.,0,1
Allahabad Bank,IL&FS LTD,129,0
Allahabad Bank,MEGHA VINCOM PVT LTD,15,18
Allahabad Bank,Nevaeh Technology Pvt. Ltd.,11,11
Allahabad Bank,Ortem Securities Limited,2,3
Allahabad Bank,PROTEX COMPUTER PVT LTD,2,1
Allahabad Bank,Redim Software Technologies Pvt Ltd,6,2
Allahabad Bank,SGS INDIA PVT LTD,13,24
Allahabad Bank,Tera Software Ltd,1,0
Allahabad Bank,VAP INFOSOLUTIONS,4,2
Allahabad Bank,Vakrangee Softwares Limited,5,0
Allahabad Bank,Vedavaag Systems Limited,3,10
Atalji Janasnehi Directorate  Government of Karnataka,Atalji Janasnehi Directorate  GOK,346,37
Bank Of India,A3 Logics  India  Ltd,971,4
Bank Of India,Akanksha International,228,0
Bank Of India,CHESSY CONSULTANTS PVT LTD,1,0
Bank Of India,DATASOFT COMPUTER SERVICES(P),188,2
Bank Of India,Emdee Digitronics Pvt.Ltd.,1,1
Bank Of India,Frontech Systems Pvt Ltd,4,1
Bank Of India,ITI LIMITED,7,0
Bank Of India,MANTRA SOFTTECH (INDIA) PVTLTD,4,0
Bank Of India,Matrix Processing House,1,0
Bank Of India,OSWAL COMPUTERS & CONSULTANTS,1,1
Bank Of India,PROTEX COMPUTER PVT LTD,5,0
Bank Of India,SARADA SYSTEMS,9,4
Bank Of India,SPANCO,0,1
Bank Of India,SREI INFRASTRUCTURE FINANCES L,55,69
Bank Of India,Systematic & Advance Const P L,25,3
Bank Of India,VEETECHNOLOGIES PVT. LTD,10,9
Bank Of India,Vakrangee Softwares Limited,232,0
Bank of Baroda,DATASOFT COMPUTER SERVICES(P),529,0
Bank of Baroda,Global Finsol Private Limited,785,0
Bank of Baroda,IL&FS LTD,264,0
Bank of Maharashtra,Alankit Assignments Limited,6,0
Bank of Maharashtra,Bartronics India Limited,32,0
Bank of Maharashtra,Tera Software Ltd,2,0
CSC e-Governance Services India Limited,A I Soc for Electronics and Comp Tech,367,67
CSC e-Governance Services India Limited,AKSH OPTIFIBRE LIMITED,577,114
CSC e-Governance Services India Limited,APOnline Limited,5,0
CSC e-Governance Services India Limited,Amar Constructions,0,1
CSC e-Governance Services India Limited,BASIX,127,57
CSC e-Governance Services India Limited,Binary Systems,2,0
CSC e-Governance Services India Limited,Bloom Solutions Pvt Ltd,14,17
CSC e-Governance Services India Limited,CALANCE SOFTWARE PRIVATE LTD,51,5
CSC e-Governance Services India Limited,CHIPS,398,80
CSC e-Governance Services India Limited,CMS Computers Ltd,811,586
CSC e-Governance Services India Limited,CSC e-Governance Services India Limited,1392,163
CSC e-Governance Services India Limited,Computer Print,101,29
CSC e-Governance Services India Limited,Conatus Infocom Pvt. Ltd,0,4
CSC e-Governance Services India Limited,DATASOFT COMPUTER SERVICES(P),7,25
CSC e-Governance Services India Limited,Digitcom Systems Pvt. Ltd.,0,1
CSC e-Governance Services India Limited,Estex Telecom Pvt Ltd,0,1
CSC e-Governance Services India Limited,Gem Computers,1,10
CSC e-Governance Services India Limited,Home Life Buildcon Pvt Ltd,14,18
CSC e-Governance Services India Limited,HyperSoft Technologies Ltd,15,19
CSC e-Governance Services India Limited,IAP COMPANY Pvt. Ltd,139,267
CSC e-Governance Services India Limited,Janta Silikon Consortium,9,29
CSC e-Governance Services India Limited,Jeevan Deep Charitable Society,16,19
CSC e-Governance Services India Limited,K W Consulting P Ltd,0,2
CSC e-Governance Services India Limited,MANTRA SOFTTECH (INDIA) PVTLTD,11,5
CSC e-Governance Services India Limited,MEGHA VINCOM PVT LTD,7,17
CSC e-Governance Services India Limited,Mahamritunjay Traders,23,49
CSC e-Governance Services India Limited,Mahaonline Limited,22,79
CSC e-Governance Services India Limited,Murano India Pvt Ltd,3,10
CSC e-Governance Services India Limited,NPS Technologies Pvt. Ltd,900,240
CSC e-Governance Services India Limited,NVR & ASSOCIATES LIMITED,3,2
CSC e-Governance Services India Limited,National Cooperative Consumers Federation of India Limited,3,5
CSC e-Governance Services India Limited,Nekton IT India Pvt Ltd.,271,65
CSC e-Governance Services India Limited,Network for Information & Computer,14,26
CSC e-Governance Services India Limited,Promind Solutions P Limited,18,51
CSC e-Governance Services India Limited,Radiant Haroti Industries India Ltd,46,58
CSC e-Governance Services India Limited,Raj Construction Co.,4,4
CSC e-Governance Services India Limited,SPANCO,6,4
CSC e-Governance Services India Limited,SRR Infotech,4,10
CSC e-Governance Services India Limited,Sahaj e-Village Limited,1807,106
CSC e-Governance Services India Limited,Sri Ramraja Sarkar Lok Kalyan Trust,0,2
CSC e-Governance Services India Limited,Super Printers,3,12
CSC e-Governance Services India Limited,Tera Software Ltd,26,62
CSC e-Governance Services India Limited,Twinstar Industries Ltd.,3,1
CSC e-Governance Services India Limited,United Telecoms e-Services Pvt Ltd,287,19
CSC e-Governance Services India Limited,VIKALP MULTIMEDIA,13,5
CSC e-Governance Services India Limited,VISION COMPTECH INTEGRATOR LTD,8,24
CSC e-Governance Services India Limited,Vayam technologies Ltd,28,88
CSC e-Governance Services India Limited,Vedavaag Systems Limited,132,53
CSC e-Governance Services India Limited,Vigilant Corporate Services Pvt Ltd,35,6
CSC e-Governance Services India Limited,Yash Ornaments Pvt. Ltd,5,13
CSC e-Governance Services India Limited,Zephyr System Pvt.Ltd.,63,145
Canara Bank,FINANCIAL INFORMATION NETWORK,50,44
Canara Bank,Karvy Data Management Services,36,63
Canara Bank,Ojus Healthcare Private Limited,4,4
Canara Bank,Osiris Infotech Pvt. Ltd.,3,12
Canara Bank,Rosmerta technoliges Limited,4,0
Canara Bank,Smart Chip Limited,7,0
Canara Bank,Swiss Tech India Pvt Ltd,5,0
Canara Bank,VIRGO SOFTECH LIMITED,46,0
Canara Bank,Virinchi Technologies Ltd,32,32
Central Bank of India,CALANCE SOFTWARE PRIVATE LTD,214,0
Central Bank of India,Frontech Systems Pvt Ltd,41,0
Central Bank of India,GSS Infotech Ltd,13,0
Central Bank of India,IAP COMPANY Pvt. Ltd,23,0
Central Bank of India,IL&FS LTD,642,0
Central Bank of India,MANTRA SOFTTECH (INDIA) PVTLTD,165,0
Central Bank of India,SREI INFRASTRUCTURE FINANCES L,586,0
Central Bank of India,Tera Software Ltd,4,0
Central Bank of India,The Peerless General Finance,152,1
Civil Supplies - A&N Islands,India Computer Technology,853,6
DENA BANK,77 Infosystems Pvt Ltd,2,1
DENA BANK,A-Onerealtors Pvt Ltd,3,2
DENA BANK,APEX Services,4,2
DENA BANK,AS International,2,2
DENA BANK,ATISHAY INFOTECH PVT. LTD.,267,26
DENA BANK,AVVAS INFOTECH PVT  LTD,291,45
DENA BANK,Advent Infomax Private Ltd,1,0
DENA BANK,Amar Constructions,17,16
DENA BANK,Apnatech Consultancy Services Pvt Ltd,0,3
DENA BANK,Asha Security Guard Services,20,31
DENA BANK,Asray Gram,1,5
DENA BANK,BNR UDYOG LIMITED,0,2
DENA BANK,Binary Systems,1,4
DENA BANK,Bloom Solutions Pvt Ltd,6,0
DENA BANK,Blue Circle Instrument,2,1
DENA BANK,Business Information Processing Services,2,5
DENA BANK,CALANCE SOFTWARE PRIVATE LTD,357,12
DENA BANK,DATASOFT COMPUTER SERVICES(P),6,15
DENA BANK,Eagle Software India Pvt. Ltd,7,7
DENA BANK,Ecartes Technology Pvt. Ltd,1,0
DENA BANK,FINANCIAL INFORMATION NETWORK,17,10
DENA BANK,Gem Computers,1,1
DENA BANK,Gujarat Infotech Ltd.,17,2
DENA BANK,IAP COMPANY Pvt. Ltd,21,21
DENA BANK,India Computer Technology,0,2
DENA BANK,JNET Technologies Pvt.Ltd,1,0
DENA BANK,Jeevan Deep Charitable Society,0,2
DENA BANK,K W Consulting P Ltd,2,5
DENA BANK,Lankipalli Integrated Services Private Limited,1,0
DENA BANK,M/S STAR DATA CENTRE,0,8
DENA BANK,M/s Gold Square Builders & Promoters Pvt. Ltd.,37,4
DENA BANK,MARS Telecom Systems Pvt Ltd,8,3
DENA BANK,MEGHA VINCOM PVT LTD,30,13
DENA BANK,MKS Enterprises,3,0
DENA BANK,Make India Smart Private Limited,5,28
DENA BANK,Multiwave Innovation,10,35
DENA BANK,NVR & ASSOCIATES LIMITED,11,29
DENA BANK,Netlink software Pvt Ltd,32,44
DENA BANK,Nielsen  India  Private Limited,76,103
DENA BANK,Offshoot Agency Pvt. Ltd.,4,5
DENA BANK,Om Softwares,67,33
DENA BANK,Ortem Securities Limited,3,0
DENA BANK,Prodigy Systems and Services Private Limited,1,0
DENA BANK,Ricoh India Limited,13,42
DENA BANK,SGS INDIA PVT LTD,12,18
DENA BANK,Silver Touch Technologies Ltd,13,41
DENA BANK,Sixth Dimension Project Solutions Ltd,1,0
DENA BANK,Soc for Advancement of Environ Science,3,3
DENA BANK,Super Printers,10,9
DENA BANK,Systematic & Advance Const P L,1,0
DENA BANK,TechSmart India Pvt Ltd,14,17
DENA BANK,Tera Software Ltd,9,0
DENA BANK,The NSIC ltd,6,25
DENA BANK,Transline Technologies P Ltd,1,1
DENA BANK,UT Computers Educational & Welfare Soc,0,4
DENA BANK,VAP INFOSOLUTIONS,26,14
DENA BANK,VISION COMPTECH INTEGRATOR LTD,14,10
DENA BANK,Vedavaag Systems Limited,6,9
DENA BANK,Virinchi Technologies Ltd,15,25
DENA BANK,WEBEL,35,21
DENA BANK,Wipro Ltd,79,129
DENA BANK,Yash Ornaments Pvt. Ltd,2,3
DENA BANK,Zephyr System Pvt.Ltd.,32,41
Delhi - Central DC,Smart Chip Limited,57,0
Delhi - East DC,DATASOFT COMPUTER SERVICES(P),5,0
Delhi - East DC,Tera Software Ltd,172,0
Delhi - ND DC,Smart Chip Limited,54,0
Delhi - NE DC,Alankit Assignments Limited,973,0
Delhi - NE DC,Smart Chip Limited,0,1
Delhi - NE DC,Smart ID,197,0
Delhi - North DC,DATASOFT COMPUTER SERVICES(P),92,0
Delhi - North DC,Smart Chip Limited,125,4
Delhi SW DC,STRATEGIC OUTSOURCING SERVICE,484,0
Delhi Urban Shelter Improvemen,Alankit Assignments Limited,11,0
Delhi Urban Shelter Improvemen,STRATEGIC OUTSOURCING SERVICE,19,0
Delhi Urban Shelter Improvemen,Smart Chip Limited,41,0
Delhi Urban Shelter Improvemen,Tera Software Ltd,20,0
Delhi- South DC,Tera Software Ltd,80,0
Delhi- South DC,eCentric solutions pvt ltd,220,0
Delhi- West DC,Matrix Processing House,40,0
Delhi- West DC,VIRGO SOFTECH LIMITED,779,0
Delhi-NW DC,Karvy Computershare Private Li,492,0
Delhi-NW DC,STRATEGIC OUTSOURCING SERVICE,247,0
Department of Information Technology Govt of Jharkhand,Blue Circle Instrument,30,0
Department of Information Technology Govt of Jharkhand,IL&FS LTD,55,0
Department of Information Technology Govt of Jharkhand,MKS Enterprises,30,0
Department of Information Technology Govt of Jharkhand,Smart ID,4,0
Department of Information Technology Govt of Jharkhand,Systematic & Advance Const P L,2,0
Department of Information Technology Govt of Jharkhand,Wipro Ltd,0,2
Dept of ITC Govt of Rajasthan,ATISHAY INFOTECH PVT. LTD.,45,0
Dept of ITC Govt of Rajasthan,Academy of Management Studies,1,0
Dept of ITC Govt of Rajasthan,Business Information Processing Services,2,0
Dept of ITC Govt of Rajasthan,CMS Computers Ltd,1,11
Dept of ITC Govt of Rajasthan,COMTECH INSTITUTE OFTECHNOLOGY,38,0
Dept of ITC Govt of Rajasthan,DATASOFT COMPUTER SERVICES(P),17,7
Dept of ITC Govt of Rajasthan,FINANCIAL INFORMATION NETWORK,17,55
Dept of ITC Govt of Rajasthan,Gujarat Infotech Ltd.,1,0
Dept of ITC Govt of Rajasthan,IAP COMPANY Pvt. Ltd,0,4
Dept of ITC Govt of Rajasthan,Karvy Data Management Services,5,21
Dept of ITC Govt of Rajasthan,M/s Sanish Choudhary,4,3
Dept of ITC Govt of Rajasthan,MEGHA VINCOM PVT LTD,1,6
Dept of ITC Govt of Rajasthan,Matrix Processing House,0,15
Dept of ITC Govt of Rajasthan,Multiwave Innovation,1,0
Dept of ITC Govt of Rajasthan,Radiant Haroti Industries India Ltd,1,1
Dept of ITC Govt of Rajasthan,Rajcomp Info Services Ltd,8,41
Dept of ITC Govt of Rajasthan,Ricoh India Limited,0,26
Dept of ITC Govt of Rajasthan,SAR Technology,2,5
Dept of ITC Govt of Rajasthan,SREI INFRASTRUCTURE FINANCES L,0,1
Dept of ITC Govt of Rajasthan,TechSmart India Pvt Ltd,29,7
Dept of ITC Govt of Rajasthan,Transline Technologies P Ltd,0,1
Dept of ITC Govt of Rajasthan,VIRGO SOFTECH LIMITED,3,12
Dept of ITC Govt of Rajasthan,Vakrangee Softwares Limited,17,17
Dept of ITC Govt of Rajasthan,Vayam technologies Ltd,3,8
FCR Govt of Haryana,4G INFORMATICS,1,1
FCR Govt of Haryana,Academy of Management Studies,1,3
FCR Govt of Haryana,District IT Society Ambala,3,1
FCR Govt of Haryana,District IT Society Faridabad,0,2
FCR Govt of Haryana,District IT Society Fatehabad,0,2
FCR Govt of Haryana,District IT Society Gurgaon,1,13
FCR Govt of Haryana,District IT Society Hisar,31,5
FCR Govt of Haryana,District IT Society Jhajjar,4,0
FCR Govt of Haryana,District IT Society Kaithal,42,3
FCR Govt of Haryana,District IT Society Karnal,10,0
FCR Govt of Haryana,District IT Society Mahendragarh,40,3
FCR Govt of Haryana,District IT Society Mewat,30,3
FCR Govt of Haryana,District IT Society Palwal,81,2
FCR Govt of Haryana,District IT Society Panchkula,16,1
FCR Govt of Haryana,District IT Society Panipat,15,1
FCR Govt of Haryana,District IT Society Rewari,29,0
FCR Govt of Haryana,District IT Society Rohtak,39,1
FCR Govt of Haryana,District IT Society Sirsa,91,3
FCR Govt of Haryana,District IT Society Sonipat,18,2
FCR Govt of Haryana,District IT Society Yamuna Nagar,11,0
FCR Govt of Haryana,Radiant Info Systems Ltd,0,1
FCR Govt of Haryana,SoftAge Information Technology Limited,4,4
FCR Govt of Haryana,Vakrangee Softwares Limited,134,0
FCS Govt of Punjab,Alankit Assignments Limited,791,0
FCS Govt of Punjab,Alankit Finsec Ltd,267,0
FCS Govt of Punjab,Alankit Life Care Ltd,29,0
FCS Govt of Punjab,CSS TECHNERGY LIMITED,5,0
FCS Govt of Punjab,Delhi Integrated MMTS Ltd,522,0
FCS Govt of Punjab,District Sukhmani Society  Jalandhar  Punjab,0,1
FCS Govt of Punjab,District Sukhmani Society  Ludhiana  Punjab,1,2
FCS Govt of Punjab,District Sukhmani Society Amritsar Punjab,0,4
FCS Govt of Punjab,District Sukhmani Society For Citizen Services Mansa Punjab,1,2
FCS Govt of Punjab,District Sukhmani Society For Citizen Services Nawanshahr Punjab,0,1
FCS Govt of Punjab,District Sukhmani Society Rupnagar Punjab,0,2
FCS Govt of Punjab,District Sukhmani Society Sangrur Punjab,0,3
FCS Govt of Punjab,District Sukhmani Society Sri Muktsar Sahib Punjab,1,1
FCS Govt of Punjab,District Sukhmani Society Tarn Taran Punjab,1,1
FCS Govt of Punjab,Diwakar Commercials Pvt Ltd,543,0
FCS Govt of Punjab,Karvy Computershare Private Li,1,9
FCS Govt of Punjab,Suwidha Society Hoshiarpur Punjab,0,1
FCS Govt of Punjab,VIRGO SOFTECH LIMITED,614,0
FCS Govt of Punjab,VISESH INFOTECNICS LIMITED,140,0
FCS Govt of Punjab,Vayam technologies Ltd,1,1
FCS Govt of Punjab,eCentric solutions pvt ltd,10,1
Govt of Andhra Pradesh,Gouthami Educational Society,20,0
Govt of Andhra Pradesh,GrapeSoft,126,0
Govt of Andhra Pradesh,IL&FS LTD,16,0
Govt of Andhra Pradesh,INFRONICS SYSTEMS LTD,154,0
Govt of Andhra Pradesh,Madras Security Printers Ltd,504,0
Govt of Andhra Pradesh,SREEVEN INFOCOM LIMITED,9,0
Govt of Andhra Pradesh,Smart Chip Limited,3,0
Govt of Andhra Pradesh,TechSmart India Pvt Ltd,473,0
Govt of Andhra Pradesh,Tera Software Ltd,20,0
Govt of Andhra Pradesh,eCentric solutions pvt ltd,417,0
Govt of Goa,COMAT TECHNOLOGIES P LTD,54,0
Govt of Goa,MARS Telecom Systems Pvt Ltd,206,0
Govt of Goa,Tera Software Ltd,18,0
Govt of Gujarat,GSS Infotech Ltd,6,1
Govt of Gujarat,Karvy Computershare Private Li,20,50
Govt of Gujarat,Silver Touch Technologies Ltd,7,3
Govt of Gujarat,Tera Software Ltd,7,3
Govt of Gujarat,Vayam technologies Ltd,0,1
Govt of Gujarat,eCentric solutions pvt ltd,4,0
Govt of Himachal Pradesh,Department of IT  Govt. of HP,14,0
Govt of Himachal Pradesh,IL&FS LTD,332,0
Govt of Himachal Pradesh,Wipro Ltd,300,0
Govt of Himachal Pradesh,i-Grandee SoftwareTechnologies,31,0
Govt of Karnataka ,COMAT TECHNOLOGIES P LTD,2,0
Govt of Karnataka ,Centre for e-Governance  GOK,37,1
Govt of Karnataka ,EDCS GOK,2,7
Govt of Karnataka ,GLODYNE TECHNOSERVE,28,0
Govt of Karnataka ,Integra Micro Systems Pvt.ltd,81,0
Govt of Karnataka ,MARS Telecom Systems Pvt Ltd,0,1
Govt of Karnataka ,Ninestars Information Technologies Ltd,1,0
Govt of Karnataka ,Om Softwares,2,0
Govt of Karnataka ,Origin ITFS Pvt Ltd,0,4
Govt of Karnataka ,SREEVEN INFOCOM LIMITED,3,1
Govt of Karnataka ,Tera Software Ltd,29,0
Govt of Karnataka ,Wipro Ltd,247,0
Govt of Kerala,Akshaya,32,19
Govt of Kerala,Keltron,2,0
Govt of Madhya Pradesh,VIRGO SOFTECH LIMITED,1622,0
Govt of Maharashtra,Alankit Assignments Limited,1647,0
Govt of Maharashtra,Alankit Finsec Ltd,2,0
Govt of Maharashtra,COMAT TECHNOLOGIES P LTD,35,0
Govt of Maharashtra,GSS Infotech Ltd,445,0
Govt of Maharashtra,Global Finsol Private Limited,67,0
Govt of Maharashtra,Karvy Computershare Private Li,249,1
Govt of Maharashtra,M/S King Computer System pvt Ltd,22,0
Govt of Maharashtra,M/s. Vidya Online  Pune,24,0
Govt of Maharashtra,Mahaonline Limited,476,0
Govt of Maharashtra,Narayana Electricals Solution Pvt Ltd,1,0
Govt of Maharashtra,Rudranee Infotech Ltd,5,2
Govt of Maharashtra,SETU MAHARASHTRA,108,32
Govt of Maharashtra,SILVER JUBILEE MOTORS LTD.,1,0
Govt of Maharashtra,SPANCO,35,0
Govt of Maharashtra,STRATEGIC OUTSOURCING SERVICE,33,0
Govt of Maharashtra,Silver Touch Technologies Ltd,5,0
Govt of Maharashtra,Smart Chip Limited,42,0
Govt of Maharashtra,TechSmart India Pvt Ltd,2,0
Govt of Maharashtra,Tera Software Ltd,461,0
Govt of Maharashtra,Transline Technologies P Ltd,1,0
Govt of Maharashtra,Wep Solution India Limited,49,0
Govt of Maharashtra,Wipro Ltd,2241,0
Govt of Sikkim - Dept of Econo,4G IDENTITY SOLUTIONS,18,0
Govt of Sikkim - Dept of Econo,Department of Economics Statistics  Monitoring and Evaluation DESME,2,1
IDBI Bank ltd,ATISHAY INFOTECH PVT. LTD.,48,11
IDBI Bank ltd,Matrix Processing House,1,1
IDBI Bank ltd,SREEVEN INFOCOM LIMITED,6,23
IGNOU,VIRGO SOFTECH LIMITED,19,0
IGNOU,Vakrangee Softwares Limited,1,0
Indiapost,4G IDENTITY SOLUTIONS,209,0
Indiapost,COMAT TECHNOLOGIES P LTD,77,0
Indiapost,CSS TECHNERGY LIMITED,9,0
Indiapost,Delhi Integrated MMTS Ltd,227,0
Indiapost,Eagle press pvt ltd,25,0
Indiapost,GSS Infotech Ltd,42,0
Indiapost,Global Finsol Private Limited,912,0
Indiapost,IL&FS LTD,436,0
Indiapost,Madras Security Printers Ltd,34,0
Indiapost,Smart Chip Limited,35,0
Indiapost,The NSIC ltd,1,0
Indiapost,The Peerless General Finance,65,0
Indiapost,UTI TECHNOLOGY SERVICES LIMITE,254,0
Indiapost,WEBEL,17,0
Indiapost,eCentric solutions pvt ltd,271,0
Information Technology & Communication Department,Bloom Solutions Pvt Ltd,4,0
Information Technology & Communication Department,Directorate of ESD,10,49
Information Technology & Communication Department,GDC Advertising Pvt. Limited,2,0
Information Technology & Communication Department,Karvy Data Management Services,1,0
Information Technology & Communication Department,MARS Telecom Systems Pvt Ltd,3,0
Jammu and Kashmir Bank,COMTECH INSTITUTE OFTECHNOLOGY,37,0
Jharkhand,Alankit Assignments Limited,13,0
Jharkhand,Blue Circle Instrument,36,0
Jharkhand,Emdee Digitronics Pvt.Ltd.,1,0
Jharkhand,IL&FS LTD,15,0
Jharkhand,MKS Enterprises,11,0
Jharkhand,Nevaeh Technology Pvt. Ltd.,13,0
Jharkhand,STRATEGIC OUTSOURCING SERVICE,11,0
Jharkhand,Smart ID,4,0
Jharkhand,Systematic & Advance Const P L,13,0
Jharkhand,VISION COMPTECH INTEGRATOR LTD,553,0
Jharkhand,Wipro Ltd,5688,0
Life Insurance Corporation,COMAT TECHNOLOGIES P LTD,4,0
Life Insurance Corporation,Smart ID,1,0
Life Insurance Corporation,eCentric solutions pvt ltd,2,0
Mission Convergence - GNCT Del,Alankit Assignments Limited,5,0
Mission Convergence - GNCT Del,Karvy Computershare Private Li,18,0
Mission Convergence - GNCT Del,Matrix Processing House,1,0
Mission Convergence - GNCT Del,STRATEGIC OUTSOURCING SERVICE,46,0
Mission Convergence - GNCT Del,Smart Chip Limited,47,0
Mission Convergence - GNCT Del,Tera Software Ltd,13,0
Mission Convergence - GNCT Del,eCentric solutions pvt ltd,28,0
NSDL e-Governance Infrastructure Limited,Abhipra Capital Ltd,136,0
NSDL e-Governance Infrastructure Limited,Alankit Assignments Limited,29,0
NSDL e-Governance Infrastructure Limited,Alankit Finsec Ltd,221,46
NSDL e-Governance Infrastructure Limited,Amar Constructions,4,16
NSDL e-Governance Infrastructure Limited,Gujarat Infotech Ltd.,28,60
NSDL e-Governance Infrastructure Limited,IAP COMPANY Pvt. Ltd,1,1
NSDL e-Governance Infrastructure Limited,Karvy Data Management Services,1372,204
NSDL e-Governance Infrastructure Limited,N.K. Sharma Enterprises Ltd.,0,7
NSDL e-Governance Infrastructure Limited,Netlink software Pvt Ltd,1,2
NSDL e-Governance Infrastructure Limited,Offshoot Agency Pvt. Ltd.,11,26
NSDL e-Governance Infrastructure Limited,PROWIZ MANSYTEMS PVT LTD,15,0
NSDL e-Governance Infrastructure Limited,Promind Solutions P Limited,13,13
NSDL e-Governance Infrastructure Limited,RELIGARE SECURITIES LTD,14,55
NSDL e-Governance Infrastructure Limited,Ricoh India Limited,21,210
NSDL e-Governance Infrastructure Limited,S.J. Technologies,1,0
NSDL e-Governance Infrastructure Limited,Sri Ramraja Sarkar Lok Kalyan Trust,8,19
NSDL e-Governance Infrastructure Limited,Utility Forms Pvt Ltd,7,1
NSDL e-Governance Infrastructure Limited,VIRGO SOFTECH LIMITED,28,50
Oriental Bank of Commerce,DATASOFT COMPUTER SERVICES(P),407,0
Oriental Bank of Commerce,IL&FS LTD,82,0
Oriental Bank of Commerce,Sri Ramraja Sarkar Lok Kalyan Trust,5,2
Oriental Bank of Commerce,Wipro Ltd,567,1
Principal Revenue Commissioner  Dept of Revenue  Govt of MP,K W Consulting P Ltd,0,1
Principal Revenue Commissioner  Dept of Revenue  Govt of MP,Netlink software Pvt Ltd,1,0
Principal Revenue Commissioner  Dept of Revenue  Govt of MP,Vedavaag Systems Limited,1,0
Project Coordinator UID Project Madhya Pradesh,A I Soc for Electronics and Comp Tech,120,88
Project Coordinator UID Project Madhya Pradesh,DATASOFT COMPUTER SERVICES(P),2,5
Project Coordinator UID Project Madhya Pradesh,LYRA  CONSULTANCY SERVICE,35,25
Project Coordinator UID Project Madhya Pradesh,MPOnline Limited,174,30
Project Coordinator UID Project Madhya Pradesh,Matrix Processing House,1,6
Project Coordinator UID Project Madhya Pradesh,OSWAL COMPUTERS & CONSULTANTS,21,12
Project Coordinator UID Project Madhya Pradesh,Orion Security Solutions Private Ltd,3,9
Project Coordinator UID Project Madhya Pradesh,Sixth Dimension Project Solutions Ltd,3,2
Punjab National Bank,Alankit Finsec Ltd,297,38
Punjab National Bank,Eagle Software India Pvt. Ltd,106,53
Punjab National Bank,MARS Telecom Systems Pvt Ltd,11,17
Punjab National Bank,Smart Chip Limited,7,17
Punjab National Bank,Vayam technologies Ltd,11,51
Punjab and Sind Bank,Matrix Processing House,105,38
RDD Govt of Tripura,Alankit Assignments Limited,309,0
Registrar General India - BEL,Manipur Electronics Dev Corp,4,1
Registrar General India BEL2,Alankit Assignments Limited,48,0
Registrar General India BEL2,Chinar Construction Company Prime agency,4,6
Registrar General India BEL2,Computer LAB,1854,0
Registrar General India BEL2,In Media Computer Services LLP,1,0
Registrar General India BEL2,India Computer Technology,295,0
Registrar General India BEL2,Karvy Data Management Services,25,33
Registrar General India BEL2,MACRO INFOTECH PVT LTD,43,23
Registrar General India BEL2,Madras Security Printers Ltd,257,0
Registrar General India BEL2,Manipur Electronics Dev Corp,1,0
Registrar General India BEL2,Multiwave Innovation,3,0
Registrar General India BEL2,Netlink software Pvt Ltd,0,1
Registrar General India BEL2,Nevaeh Technology Pvt. Ltd.,2,0
Registrar General India BEL2,Nielsen  India  Private Limited,7,0
Registrar General India BEL2,Om Softwares,1,0
Registrar General India BEL2,SNR Edatas Pvt Ltd,1150,31
Registrar General India BEL2,SREI INFRASTRUCTURE FINANCES L,7,2
Registrar General India BEL2,STRATEGIC OUTSOURCING SERVICE,2,0
Registrar General India BEL2,Swathy Smartcards Hi-Tech Pvt,3052,0
Registrar General India BEL2,Swiss Tech India Pvt Ltd,1,0
Registrar General India BEL2,Tera Software Ltd,0,1
Registrar General India BEL2,UNITED DATA SERVICES PRIVATE LIMITED,52,3
Registrar General India BEL2,VIRGO SOFTECH LIMITED,2,0
Registrar General India BEL2,Vansh Infotech Pvt Ltd,180,0
Registrar General India BEL2,Viesa Technologies,345,24
Registrar General India ECIL,AVVAS INFOTECH PVT  LTD,4,0
Registrar General India ECIL,COMTECHINFO SOLUTIONS PVT.LTD,19,34
Registrar General India ECIL,Chinar Construction Company Prime agency,1,5
Registrar General India ECIL,Computer LAB,1605,102
Registrar General India ECIL,Eagle Software India Pvt. Ltd,559,493
Registrar General India ECIL,Emdee Digitronics Pvt.Ltd.,16,40
Registrar General India ECIL,In Media Computer Services LLP,12,10
Registrar General India ECIL,India Computer Technology,23,3
Registrar General India ECIL,Karvy Data Management Services,45,166
Registrar General India ECIL,Krishna Infotech,3,0
Registrar General India ECIL,LYRA  CONSULTANCY SERVICE,2,2
Registrar General India ECIL,Madras Security Printers Ltd,22,47
Registrar General India ECIL,SARADA SYSTEMS,6,15
Registrar General India ECIL,SWISSTECH NPR 57CR PROJECT PVT,0,1
Registrar General India ECIL,Tera Software Ltd,0,1
Registrar General India ECIL,The NSIC ltd,12,9
Registrar General India ECIL,Vedavaag Systems Limited,1,0
Registrar General India ECIL,WEBEL TECHNOLOGY LIMITED,1,2
Registrar General India Others,Tera Software Ltd,1,0
Registrar General of India ITI,Eagle Software India Pvt. Ltd,26,0
Registrar General of India ITI,Emdee Digitronics Pvt.Ltd.,56,73
Registrar General of India ITI,Karvy Data Management Services,5,1
Registrar General of India ITI,Madras Security Printers Ltd,3,8
Registrar General of India ITI,Mphasis Ltd,1,0
Registrar General of India ITI,Multiwave Innovation,1,0
Registrar General of India ITI,Netlink software Pvt Ltd,1,2
Registrar General of India ITI,Nielsen  India  Private Limited,1,0
Registrar General of India ITI,SNR Edatas Pvt Ltd,1,0
Registrar General of India ITI,Swathy Smartcards Hi-Tech Pvt,7,0
Registrar General of India ITI,VIRGO SOFTECH LIMITED,1,0
Registrar General of India ITI,Vedavaag Systems Limited,1,0
Registrar General of India ITI,WEBEL TECHNOLOGY LIMITED,29,71
Registrar General of India ITI,Webx Technologies Private Limited,4,0
Rural Development Dept  Govt. of Bihar,Bloom Solutions Pvt Ltd,18,16
Rural Development Dept  Govt. of Bihar,Computer LAB,12,32
Rural Development Dept  Govt. of Bihar,Emdee Digitronics Pvt.Ltd.,21,10
Rural Development Dept  Govt. of Bihar,FINANCIAL INFORMATION NETWORK,23,17
Rural Development Dept  Govt. of Bihar,M2C Private Solution,4,6
Rural Development Dept  Govt. of Bihar,MKS Enterprises,0,1
Rural Development Dept  Govt. of Bihar,Orion Security Solutions Private Ltd,1,2
Rural Development Dept  Govt. of Bihar,Urmila Info solution,21,18
STATE BANK OF HYDERABAD,CSS TECHNERGY LIMITED,1,0
STATE BANK OF PATIALA,CSS TECHNERGY LIMITED,79,0
State Bank of Bikaner & Jaipur,Multiwave Innovation,123,0
State Bank of India,4G IDENTITY SOLUTIONS,374,0
State Bank of India,COMAT TECHNOLOGIES P LTD,31,0
State Bank of India,CSS TECHNERGY LIMITED,169,0
State Bank of India,Delhi Integrated MMTS Ltd,80,0
State Bank of India,Eagle press pvt ltd,111,0
State Bank of India,FINANCIAL INFORMATION NETWORK,79,102
State Bank of India,IL&FS LTD,228,0
State Bank of India,Smart Chip Limited,1211,15
State Bank of India,Utility Forms Pvt Ltd,13,28
State Bank of India,VIRGO SOFTECH LIMITED,145,0
Syndicate Bank,Smart Chip Limited,827,0
UIDAI-Registrar,UIDAI-EA,60,0
UT Of Daman and Diu,Alankit Assignments Limited,174,0
UT of Puducherry,Madras Security Printers Ltd,33,0
UTI Infrastructure Technology & Services Limited,Omnitech Infosolutions Ltd,13,28
Union Bank,4G IDENTITY SOLUTIONS,40,0
Union Bank,FINANCIAL INFORMATION NETWORK,144,123
Union Bank,Smart Chip Limited,422,0
Union Bank,Vakrangee Softwares Limited,9849,238
United Bank of India,Atyati Technologies Pvt Ltd,8,0
