Gender,Age Band,Aadhaar generated,Enrolment Rejected
F,0 to 5 Years,18525,4977
F,16 to 30 Years,98353,8673
F,31 to 45 Years,80659,7221
F,46 to 65 Years,58859,9201
F,6 to 15 Years,62965,5841
F,66 Years and Above,13193,6354
M,0 to 5 Years,18378,4808
M,16 to 30 Years,99408,8786
M,31 to 45 Years,77295,7337
M,46 to 65 Years,58889,7997
M,6 to 15 Years,65952,7008
M,66 Years and Above,13945,5137
M,Others,0,1
T,0 to 5 Years,1,0
T,16 to 30 Years,5,2
T,31 to 45 Years,2,2
T,46 to 65 Years,3,0
T,6 to 15 Years,3,0
T,66 Years and Above,1,0
