Registrar,Enrolment Agency,Aadhaar generated,Enrolment Rejected
Allahabad Bank,Tera Software Ltd,0,1
Allahabad Bank,Vakrangee Softwares Limited,57,302
Bank Of India,A3 Logics  India  Ltd,5906,174
Bank Of India,Akanksha International,2447,49
Bank Of India,Blue Circle Instrument,974,14
Bank Of India,CHESSY CONSULTANTS PVT LTD,1604,36
Bank Of India,DATASOFT COMPUTER SERVICES(P),686,9
Bank Of India,Emdee Digitronics Pvt.Ltd.,33,3
Bank Of India,Frontech Systems Pvt Ltd,836,30
Bank Of India,ITI LIMITED,2,1
Bank Of India,MANTRA SOFTTECH (INDIA) PVTLTD,390,6
Bank Of India,Matrix Processing House,8664,106
Bank Of India,OSWAL COMPUTERS & CONSULTANTS,10047,229
Bank Of India,PROTEX COMPUTER PVT LTD,2538,34
Bank Of India,SARADA SYSTEMS,3726,50
Bank Of India,SHRIKRISHNA KHANDASARI SUGAR M,3022,58
Bank Of India,SPANCO,2845,53
Bank Of India,SREI INFRASTRUCTURE FINANCES L,15685,85
Bank Of India,Silver Touch Technologies Ltd,3329,81
Bank Of India,Systematic & Advance Const P L,12215,188
Bank Of India,VEETECHNOLOGIES PVT. LTD,1857,30
Bank Of India,Vakrangee Softwares Limited,91,249
Bank of Baroda,TEAM LIFE CARE COMPANY INDIA P,13306,56
Bank of Maharashtra,Alankit Finsec Ltd,161,55
Bank of Maharashtra,FINANCIAL INFORMATION NETWORK,1100,3
Bank of Maharashtra,Micro Technologies India Ltd,805,27
Bank of Maharashtra,Tera Software Ltd,455,0
CSC e-Governance Services India Limited,A I Soc for Electronics and Comp Tech,7646,133
CSC e-Governance Services India Limited,AKSH OPTIFIBRE LIMITED,3000,15
CSC e-Governance Services India Limited,BASIX,1122,7
CSC e-Governance Services India Limited,CALANCE SOFTWARE PRIVATE LTD,5837,31
CSC e-Governance Services India Limited,CMS Computers Ltd,3922,78
CSC e-Governance Services India Limited,CSC e-Governance Services India Limited,2509,67
CSC e-Governance Services India Limited,Intelligent Communication Systems India Limited,1275,31
CSC e-Governance Services India Limited,Network for Information & Computer,4642,68
CSC e-Governance Services India Limited,Reliance Communication Limited,2116,44
CSC e-Governance Services India Limited,SPANCO,857,11
CSC e-Governance Services India Limited,Tera Software Ltd,140,2
CSC e-Governance Services India Limited,United Telecoms e-Services Pvt Ltd,1272,45
CSC e-Governance Services India Limited,VIKALP MULTIMEDIA,18,0
CSC e-Governance Services India Limited,Vakrangee Softwares Limited,3876,3
Central Bank of India,CALANCE SOFTWARE PRIVATE LTD,5735,120
Central Bank of India,IAP COMPANY Pvt. Ltd,8801,71
Central Bank of India,MANTRA SOFTTECH (INDIA) PVTLTD,189,8
Central Bank of India,The Peerless General Finance,1197,10
DENA BANK,ATISHAY INFOTECH PVT. LTD.,613,13
DENA BANK,Bloom Solutions Pvt Ltd,139,15
DENA BANK,Business Information Processing Services,1833,46
DENA BANK,CALANCE SOFTWARE PRIVATE LTD,393,3
DENA BANK,DATASOFT COMPUTER SERVICES(P),126,5
DENA BANK,JNET Technologies Pvt.Ltd,5172,35
DENA BANK,K W Consulting P Ltd,787,21
DENA BANK,Multiwave Innovation,4886,32
DENA BANK,Narayana Electricals Solution Pvt Ltd,5,0
DENA BANK,Netlink software Pvt Ltd,421,13
DENA BANK,Ortem Securities Limited,190,19
DENA BANK,Prodigy Systems and Services Private Limited,592,4
DENA BANK,Soc for Advancement of Environ Science,142,22
DENA BANK,TechSmart India Pvt Ltd,181,0
DENA BANK,Tera Software Ltd,1801,2
DENA BANK,WEBEL,632,1
Delhi - Central DC,Smart Chip Limited,750,24
Delhi - East DC,DATASOFT COMPUTER SERVICES(P),353,60
Delhi - ND DC,Smart Chip Limited,62,2
Delhi - NE DC,Smart Chip Limited,917,94
Delhi - North DC,CALANCE SOFTWARE PRIVATE LTD,1691,149
Delhi - North DC,NVR & ASSOCIATES LIMITED,1310,462
Delhi - North DC,Smart Chip Limited,863,27
Delhi SW DC,VIRGO SOFTECH LIMITED,365,361
Delhi- South DC,Karvy Computershare Private Li,80,22
Delhi- South DC,Smart Chip Limited,551,9
Delhi- West DC,Smart Chip Limited,702,61
Delhi- West DC,VIRGO SOFTECH LIMITED,589,201
Delhi-NW DC,Karvy Computershare Private Li,114,18
Department of Information Technology Govt of Jharkhand,Blue Circle Instrument,754,25
Department of Information Technology Govt of Jharkhand,MKS Enterprises,1857,15
Department of Information Technology Govt of Jharkhand,Systematic & Advance Const P L,7,1
Department of Information Technology Govt of Jharkhand,Vayam technologies Ltd,1,8
Dept of ITC Govt of Rajasthan,ATISHAY INFOTECH PVT. LTD.,4427,95
Dept of ITC Govt of Rajasthan,AVVAS INFOTECH PVT  LTD,7570,188
Dept of ITC Govt of Rajasthan,Alankit Finsec Ltd,2614,34
Dept of ITC Govt of Rajasthan,Business Information Processing Services,5017,42
Dept of ITC Govt of Rajasthan,DATASOFT COMPUTER SERVICES(P),10977,197
Dept of ITC Govt of Rajasthan,Gem Computers,4481,15
Dept of ITC Govt of Rajasthan,Multiwave Innovation,1546,18
Dept of ITC Govt of Rajasthan,Netlink software Pvt Ltd,5078,70
Dept of ITC Govt of Rajasthan,TechSmart India Pvt Ltd,3006,96
Dept of ITC Govt of Rajasthan,Transline Technologies P Ltd,15463,378
Dept of ITC Govt of Rajasthan,VIRGO SOFTECH LIMITED,2091,39
Dept of ITC Govt of Rajasthan,Vakrangee Softwares Limited,12609,257
Dept of ITC Govt of Rajasthan,Vayam technologies Ltd,13259,297
FCR Govt of Haryana,4G INFORMATICS,6757,16
FCR Govt of Haryana,Vakrangee Softwares Limited,66,1340
FCR Govt of Haryana,Vayam technologies Ltd,1823,3
FCS Govt of Punjab,CSS TECHNERGY LIMITED,101,1
FCS Govt of Punjab,Karvy Computershare Private Li,5017,205
FCS Govt of Punjab,Vayam technologies Ltd,678,257
FCS Govt of Punjab,eCentric solutions pvt ltd,4504,233
Govt of Andhra Pradesh,Gouthami Educational Society,883,88
Govt of Andhra Pradesh,GrapeSoft,865,16
Govt of Andhra Pradesh,IL&FS LTD,2,1
Govt of Andhra Pradesh,INFRONICS SYSTEMS LTD,206,16
Govt of Andhra Pradesh,SREEVEN INFOCOM LIMITED,1532,23
Govt of Andhra Pradesh,TechSmart India Pvt Ltd,857,44
Govt of Andhra Pradesh,Tera Software Ltd,593,15
Govt of Andhra Pradesh,eCentric solutions pvt ltd,2,0
Govt of Goa,MARS Telecom Systems Pvt Ltd,199,1
Govt of Goa,Tera Software Ltd,1,1
Govt of Gujarat,GSS Infotech Ltd,4428,47
Govt of Gujarat,Karvy Computershare Private Li,17353,107
Govt of Gujarat,Silver Touch Technologies Ltd,17512,372
Govt of Gujarat,Tera Software Ltd,6648,231
Govt of Gujarat,Transline Technologies P Ltd,4387,100
Govt of Gujarat,Vayam technologies Ltd,10207,250
Govt of Gujarat,eCentric solutions pvt ltd,2878,31
Govt of Himachal Pradesh,Wipro Ltd,3666,338
Govt of Himachal Pradesh,i-Grandee SoftwareTechnologies,775,44
Govt of Karnataka ,BNR UDYOG LIMITED,102,4
Govt of Karnataka ,Bloom Solutions Pvt Ltd,6,0
Govt of Karnataka ,MARS Telecom Systems Pvt Ltd,3588,42
Govt of Karnataka ,Ninestars Information Technologies Ltd,5711,309
Govt of Karnataka ,Origin ITFS Pvt Ltd,34351,1129
Govt of Karnataka ,SREEVEN INFOCOM LIMITED,9859,366
Govt of Kerala,Akshaya,9620,7967
Govt of Kerala,Keltron,1304,8895
Govt of Madhya Pradesh,VIRGO SOFTECH LIMITED,7,1
Govt of Maharashtra,Alankit Finsec Ltd,4206,31
Govt of Maharashtra,Bharat Technical Solutions Private Limited,698,1
Govt of Maharashtra,Eagle press pvt ltd,76,7
Govt of Maharashtra,GLODYNE TECHNOSERVE,18,0
Govt of Maharashtra,Karvy Computershare Private Li,6682,154
Govt of Maharashtra,M/s. Vidya Online  Pune,546,1
Govt of Maharashtra,Mahaonline Limited,2,0
Govt of Maharashtra,Narayana Electricals Solution Pvt Ltd,3132,111
Govt of Maharashtra,Netlink software Pvt Ltd,2653,158
Govt of Maharashtra,Network for Information & Computer,509,0
Govt of Maharashtra,Obel projects Pvt Ltd,0,1
Govt of Maharashtra,Rudranee Infotech Ltd,258,8
Govt of Maharashtra,SHREERAM PRINTING PRESS,509,14
Govt of Maharashtra,SPANCO,547,13
Govt of Maharashtra,STRATEGIC OUTSOURCING SERVICE,1396,25
Govt of Maharashtra,Silver Touch Technologies Ltd,1990,38
Govt of Maharashtra,Systematic & Advance Const P L,7,3
Govt of Maharashtra,TEAM LIFE CARE COMPANY INDIA P,237,0
Govt of Maharashtra,TechSmart India Pvt Ltd,576,21
Govt of Maharashtra,Tera Software Ltd,5,2
Govt of Maharashtra,Transline Technologies P Ltd,544,16
Govt of Maharashtra,Wipro Ltd,659,147
Govt of Sikkim - Dept of Econo,Department of Economics Statistics  Monitoring and Evaluation DESME,537,0
IDBI Bank ltd,ATISHAY INFOTECH PVT. LTD.,3089,118
IDBI Bank ltd,Matrix Processing House,359,9
IDBI Bank ltd,Pioneer E Labs limited,1,0
IDBI Bank ltd,SREEVEN INFOCOM LIMITED,2624,13
IDBI Bank ltd,UTI TECHNOLOGY SERVICES LIMITE,4019,34
Indiapost,Delhi Integrated MMTS Ltd,8193,148
Indiapost,M/S STAR DATA CENTRE,1677,6
Indiapost,MARS Telecom Systems Pvt Ltd,704,16
Indiapost,Smart Chip Limited,31,0
Indiapost,TEAM LIFE CARE COMPANY INDIA P,2214,55
Indiapost,Vayam technologies Ltd,489,55
Indiapost,WEBEL,558,109
Information Technology & Communication Department,4G INFORMATICS,2280,90
Information Technology & Communication Department,BNR UDYOG LIMITED,1706,78
Information Technology & Communication Department,Bloom Solutions Pvt Ltd,1856,49
Information Technology & Communication Department,CSS TECHNERGY LIMITED,709,18
Information Technology & Communication Department,GDC Advertising Pvt. Limited,1,1
Information Technology & Communication Department,JYOTHI COMPUTER SERVICES,9411,141
Information Technology & Communication Department,Karvy Data Management Services,4657,34
Information Technology & Communication Department,MARS Telecom Systems Pvt Ltd,551,4
Information Technology & Communication Department,SREEVEN INFOCOM LIMITED,5243,61
Information Technology & Communication Department,Tera Software Ltd,2736,40
Jharkhand,Blue Circle Instrument,430,18
Jharkhand,Emdee Digitronics Pvt.Ltd.,345,38
Jharkhand,MKS Enterprises,1946,15
Jharkhand,Nevaeh Technology Pvt. Ltd.,1726,11
Jharkhand,Smart Chip Limited,879,2
Jharkhand,Systematic & Advance Const P L,6505,48
Jharkhand,VISION COMPTECH INTEGRATOR LTD,6341,30
Jharkhand,Wipro Ltd,25486,386
Mission Convergence - GNCT Del,Karvy Computershare Private Li,102,1
Mission Convergence - GNCT Del,NVR & ASSOCIATES LIMITED,405,311
NSDL e-Governance Infrastructure Limited,Abhipra Capital Ltd,1354,31
NSDL e-Governance Infrastructure Limited,Alankit Assignments Limited,12201,209
NSDL e-Governance Infrastructure Limited,Delhi Integrated MMTS Ltd,166,6
NSDL e-Governance Infrastructure Limited,INTEGRATED REGISTRY SERVICES LTD,9,0
NSDL e-Governance Infrastructure Limited,Karvy Data Management Services,17089,339
NSDL e-Governance Infrastructure Limited,Netlink software Pvt Ltd,16259,361
NSDL e-Governance Infrastructure Limited,PROWIZ MANSYTEMS PVT LTD,14190,201
NSDL e-Governance Infrastructure Limited,TEAM LIFE CARE COMPANY INDIA P,366,10
NSDL e-Governance Infrastructure Limited,VIRGO SOFTECH LIMITED,11283,126
Oriental Bank of Commerce,DATASOFT COMPUTER SERVICES(P),1374,37
Oriental Bank of Commerce,Euro Finmart Ltd,123,0
Oriental Bank of Commerce,JNET Technologies Pvt.Ltd,4540,122
Oriental Bank of Commerce,Redim Software Technologies Pvt Ltd,2070,31
Oriental Bank of Commerce,Sri Ramraja Sarkar Lok Kalyan Trust,17351,174
Oriental Bank of Commerce,Wipro Ltd,12518,184
Registrar General India - BEL,Manipur Electronics Dev Corp,10,2
Registrar General India - BEL,Swathy Smartcards Hi-Tech Pvt,0,57
Registrar General India BEL2,Alankit Assignments Limited,19,2
Registrar General India BEL2,Computer LAB,4378,42
Registrar General India BEL2,Emdee Digitronics Pvt.Ltd.,56,0
Registrar General India BEL2,In Media Computer Services LLP,22,0
Registrar General India BEL2,India Computer Technology,46318,45
Registrar General India BEL2,MACRO INFOTECH PVT LTD,5096,16
Registrar General India BEL2,MKS Enterprises,24,4
Registrar General India BEL2,Madras Security Printers Ltd,41554,79
Registrar General India BEL2,Manipur Electronics Dev Corp,10,0
Registrar General India BEL2,Multiwave Innovation,4717,20
Registrar General India BEL2,Netlink software Pvt Ltd,3454,39
Registrar General India BEL2,Nevaeh Technology Pvt. Ltd.,28,1
Registrar General India BEL2,Nielsen  India  Private Limited,5385,22
Registrar General India BEL2,Om Softwares,22604,65
Registrar General India BEL2,STRATEGIC OUTSOURCING SERVICE,3507,21
Registrar General India BEL2,Satyanarayana Raju Company Pvt ltd,43,1
Registrar General India BEL2,Swathy Smartcards Hi-Tech Pvt,26969,1867
Registrar General India BEL2,Swiss Tech India Pvt Ltd,47,18
Registrar General India BEL2,Tera Software Ltd,5669,1484
Registrar General India BEL2,UNITED DATA SERVICES PRIVATE LIMITED,8376,18
Registrar General India BEL2,VIRGO SOFTECH LIMITED,0,8
Registrar General India BEL2,Vansh Infotech Pvt Ltd,2223,6
Registrar General India BEL2,Vedavaag Systems Limited,2144,11
Registrar General India BEL2,Viesa Technologies,1,0
Registrar General India ECIL,AVVAS INFOTECH PVT  LTD,2102,95
Registrar General India ECIL,BUSINESS INFORMATION PROCESSING SERVICES,2639,2
Registrar General India ECIL,COMTECH INSTITUTE OFTECHNOLOGY,2244,9
Registrar General India ECIL,COMTECHINFO SOLUTIONS PVT.LTD,12394,21
Registrar General India ECIL,Chinar Construction Company Prime agency,866,8
Registrar General India ECIL,Clairvoyance Technologies Pvt.,13,7
Registrar General India ECIL,Computer LAB,3413,788
Registrar General India ECIL,Eagle Software India Pvt. Ltd,98845,43746
Registrar General India ECIL,Esoft Consulting Limited,329,7
Registrar General India ECIL,In Media Computer Services LLP,5627,17
Registrar General India ECIL,India Computer Technology,192,504
Registrar General India ECIL,Karvy Data Management Services,5256,57
Registrar General India ECIL,Krishna Infotech,3830,146
Registrar General India ECIL,Madras Security Printers Ltd,14499,6512
Registrar General India ECIL,Mphasis Ltd,8790,34
Registrar General India ECIL,Netwing Technologies Pvt Ltd,129,1
Registrar General India ECIL,Nielsen  India  Private Limited,19086,14
Registrar General India ECIL,Pioneer E Labs limited,928,15
Registrar General India ECIL,SARADA SYSTEMS,7,0
Registrar General India ECIL,SWISSTECH NPR 57CR PROJECT PVT,5793,299
Registrar General India ECIL,Tera Software Ltd,65,38
Registrar General India ECIL,Vedavaag Systems Limited,4946,103
Registrar General India Others,AVVAS INFOTECH PVT  LTD,3,3
Registrar General India Others,Eagle Software India Pvt. Ltd,0,1
Registrar General India Others,Esoft Consulting Limited,3,0
Registrar General India Others,Karvy Data Management Services,35,0
Registrar General India Others,Madras Security Printers Ltd,2,1
Registrar General India Others,Mphasis Ltd,5,0
Registrar General India Others,Nielsen  India  Private Limited,2,0
Registrar General India Others,SWISSTECH NPR 57CR PROJECT PVT,0,1
Registrar General India Others,Swathy Smartcards Hi-Tech Pvt,19,15
Registrar General of India ITI,COMTECH INSTITUTE OFTECHNOLOGY,9,0
Registrar General of India ITI,CSS TECHNERGY LIMITED,672,3
Registrar General of India ITI,CommunitiWorks Welfare Society,696,11
Registrar General of India ITI,Eagle Software India Pvt. Ltd,1909,9
Registrar General of India ITI,Emdee Digitronics Pvt.Ltd.,9828,401
Registrar General of India ITI,In Media Computer Services LLP,152,0
Registrar General of India ITI,Karvy Data Management Services,598,16
Registrar General of India ITI,Madras Security Printers Ltd,3037,9
Registrar General of India ITI,Mphasis Ltd,316,1
Registrar General of India ITI,Multiwave Innovation,22,1
Registrar General of India ITI,Netlink software Pvt Ltd,1107,13
Registrar General of India ITI,Netwing Technologies Pvt Ltd,3,0
Registrar General of India ITI,Nielsen  India  Private Limited,2054,19
Registrar General of India ITI,SREEVEN INFOCOM LIMITED,9,5
Registrar General of India ITI,STRATEGIC OUTSOURCING SERVICE,2106,4
Registrar General of India ITI,Satyanarayana Raju Company Pvt ltd,447,8
Registrar General of India ITI,Swathy Smartcards Hi-Tech Pvt,4009,71513
Registrar General of India ITI,Urmila Info solution,18,0
Registrar General of India ITI,VIRGO SOFTECH LIMITED,1788,4
Registrar General of India ITI,Vedavaag Systems Limited,5369,25
Registrar General of India ITI,WEBEL TECHNOLOGY LIMITED,4256,93
State Bank of Bikaner & Jaipur,Multiwave Innovation,143,4
State Bank of India,Delhi Integrated MMTS Ltd,1,0
State Bank of India,Smart Chip Limited,1,0
State Bank of India,VIRGO SOFTECH LIMITED,0,4
State Bank of Travancore,Tera Software Ltd,255,48
UIDAI-Registrar,UIDAI-EA,1,0
UT Of Daman and Diu,Alankit Assignments Limited,203,2
UT of Puducherry,Madras Security Printers Ltd,61,2
Union Bank,FINANCIAL INFORMATION NETWORK,11133,303
Union Bank,Smart Chip Limited,15237,437
Union Bank,Vakrangee Softwares Limited,28560,441
