Registrar,Enrolment Agency,Aadhaar generated,Enrolment Rejected
Allahabad Bank,IL&FS LTD,0,2
Allahabad Bank,Tera Software Ltd,0,2
Allahabad Bank,Vakrangee Softwares Limited,718,64
Bank Of India,A3 Logics  India  Ltd,553,254
Bank Of India,Akanksha International,263,9
Bank Of India,Blue Circle Instrument,756,11
Bank Of India,CHESSY CONSULTANTS PVT LTD,74,25
Bank Of India,DATASOFT COMPUTER SERVICES(P),47,15
Bank Of India,Emdee Digitronics Pvt.Ltd.,49,8
Bank Of India,Frontech Systems Pvt Ltd,567,57
Bank Of India,ITI LIMITED,47,8
Bank Of India,Integra Micro Systems Pvt.ltd,0,2
Bank Of India,MANTRA SOFTTECH (INDIA) PVTLTD,2,12
Bank Of India,Matrix Processing House,2869,112
Bank Of India,OSWAL COMPUTERS & CONSULTANTS,4392,356
Bank Of India,PROTEX COMPUTER PVT LTD,524,49
Bank Of India,SARADA SYSTEMS,150,15
Bank Of India,SHRIKRISHNA KHANDASARI SUGAR M,10224,596
Bank Of India,SPANCO,2193,94
Bank Of India,SREI INFRASTRUCTURE FINANCES L,1687,124
Bank Of India,Silver Touch Technologies Ltd,1015,75
Bank Of India,Systematic & Advance Const P L,1617,77
Bank Of India,VEETECHNOLOGIES PVT. LTD,695,47
Bank Of India,Vakrangee Softwares Limited,653,37
Bank of Baroda,DATASOFT COMPUTER SERVICES(P),5,54
Bank of Baroda,IL&FS LTD,1,9
Bank of Baroda,TEAM LIFE CARE COMPANY INDIA P,524,98
Bank of Maharashtra,Alankit Assignments Limited,0,1
Bank of Maharashtra,Alankit Finsec Ltd,127,18
Bank of Maharashtra,FINANCIAL INFORMATION NETWORK,216,7
Bank of Maharashtra,Micro Technologies India Ltd,1107,28
Bank of Maharashtra,Tera Software Ltd,212,0
CSC e-Governance Services India Limited,A I Soc for Electronics and Comp Tech,130,50
CSC e-Governance Services India Limited,AKSH OPTIFIBRE LIMITED,26,14
CSC e-Governance Services India Limited,BASIX,1618,63
CSC e-Governance Services India Limited,CALANCE SOFTWARE PRIVATE LTD,76,9
CSC e-Governance Services India Limited,CMS Computers Ltd,69,49
CSC e-Governance Services India Limited,CSC e-Governance Services India Limited,27,1
CSC e-Governance Services India Limited,Intelligent Communication Systems India Limited,12,35
CSC e-Governance Services India Limited,Network for Information & Computer,135,6
CSC e-Governance Services India Limited,Reliance Communication Limited,25,18
CSC e-Governance Services India Limited,SPANCO,147,7
CSC e-Governance Services India Limited,Tera Software Ltd,6,2
CSC e-Governance Services India Limited,United Telecoms e-Services Pvt Ltd,17,8
CSC e-Governance Services India Limited,VIKALP MULTIMEDIA,7,1
CSC e-Governance Services India Limited,Vakrangee Softwares Limited,139,0
Canara Bank,ITI LIMITED,0,1
Canara Bank,Smart Chip Limited,0,1
Canara Bank,Swiss Tech India Pvt Ltd,0,1
Central Bank of India,CALANCE SOFTWARE PRIVATE LTD,867,283
Central Bank of India,Frontech Systems Pvt Ltd,0,2
Central Bank of India,GSS Infotech Ltd,1,7
Central Bank of India,IAP COMPANY Pvt. Ltd,4588,757
Central Bank of India,IL&FS LTD,0,81
Central Bank of India,MANTRA SOFTTECH (INDIA) PVTLTD,4,9
Central Bank of India,SREI INFRASTRUCTURE FINANCES L,0,10
Central Bank of India,Tera Software Ltd,0,6
Central Bank of India,The Peerless General Finance,2718,30
Civil Supplies - A&N Islands,India Computer Technology,0,1
DENA BANK,ATISHAY INFOTECH PVT. LTD.,418,17
DENA BANK,Bloom Solutions Pvt Ltd,1,0
DENA BANK,Business Information Processing Services,83,4
DENA BANK,CALANCE SOFTWARE PRIVATE LTD,7,0
DENA BANK,DATASOFT COMPUTER SERVICES(P),67,30
DENA BANK,JNET Technologies Pvt.Ltd,179,0
DENA BANK,K W Consulting P Ltd,905,257
DENA BANK,Multiwave Innovation,179,25
DENA BANK,Narayana Electricals Solution Pvt Ltd,60,2
DENA BANK,Netlink software Pvt Ltd,5,28
DENA BANK,Soc for Advancement of Environ Science,13,16
DENA BANK,Tera Software Ltd,110,1
DENA BANK,WEBEL,26,0
Delhi - Central DC,Smart Chip Limited,97,67
Delhi - East DC,DATASOFT COMPUTER SERVICES(P),106,120
Delhi - East DC,Tera Software Ltd,1,60
Delhi - ND DC,Smart Chip Limited,136,22
Delhi - NE DC,Alankit Assignments Limited,4,118
Delhi - NE DC,Smart Chip Limited,287,98
Delhi - NE DC,Smart ID,1,30
Delhi - North DC,CALANCE SOFTWARE PRIVATE LTD,116,203
Delhi - North DC,DATASOFT COMPUTER SERVICES(P),0,13
Delhi - North DC,NVR & ASSOCIATES LIMITED,79,76
Delhi - North DC,Smart Chip Limited,16,124
Delhi SW DC,STRATEGIC OUTSOURCING SERVICE,2,66
Delhi SW DC,VIRGO SOFTECH LIMITED,134,79
Delhi Urban Shelter Improvemen,Alankit Assignments Limited,0,3
Delhi Urban Shelter Improvemen,Matrix Processing House,0,1
Delhi Urban Shelter Improvemen,STRATEGIC OUTSOURCING SERVICE,1,78
Delhi Urban Shelter Improvemen,Smart Chip Limited,1,2
Delhi Urban Shelter Improvemen,Tera Software Ltd,8,131
Delhi- South DC,Karvy Computershare Private Li,17,20
Delhi- South DC,Smart Chip Limited,12,25
Delhi- South DC,Tera Software Ltd,4,175
Delhi- West DC,Matrix Processing House,0,3
Delhi- West DC,Smart Chip Limited,15,43
Delhi- West DC,VIRGO SOFTECH LIMITED,234,151
Delhi-NW DC,Karvy Computershare Private Li,853,160
Delhi-NW DC,STRATEGIC OUTSOURCING SERVICE,7,190
Department of Information Technology Govt of Jharkhand,Blue Circle Instrument,871,99
Department of Information Technology Govt of Jharkhand,IL&FS LTD,3,10
Department of Information Technology Govt of Jharkhand,MKS Enterprises,3127,353
Department of Information Technology Govt of Jharkhand,Systematic & Advance Const P L,16,11
Department of Information Technology Govt of Jharkhand,Vayam technologies Ltd,144,50
Dept of ITC Govt of Rajasthan,ATISHAY INFOTECH PVT. LTD.,5501,450
Dept of ITC Govt of Rajasthan,AVVAS INFOTECH PVT  LTD,1827,212
Dept of ITC Govt of Rajasthan,Alankit Finsec Ltd,190,113
Dept of ITC Govt of Rajasthan,Business Information Processing Services,499,38
Dept of ITC Govt of Rajasthan,DATASOFT COMPUTER SERVICES(P),4602,399
Dept of ITC Govt of Rajasthan,GSS Infotech Ltd,0,8
Dept of ITC Govt of Rajasthan,Gem Computers,66,6
Dept of ITC Govt of Rajasthan,Multiwave Innovation,574,73
Dept of ITC Govt of Rajasthan,Netlink software Pvt Ltd,169,43
Dept of ITC Govt of Rajasthan,TechSmart India Pvt Ltd,208,68
Dept of ITC Govt of Rajasthan,Transline Technologies P Ltd,1521,197
Dept of ITC Govt of Rajasthan,VIRGO SOFTECH LIMITED,1,0
Dept of ITC Govt of Rajasthan,Vakrangee Softwares Limited,3100,268
Dept of ITC Govt of Rajasthan,Vayam technologies Ltd,4658,464
FCR Govt of Haryana,4G INFORMATICS,81,0
FCR Govt of Haryana,Vakrangee Softwares Limited,2,75
FCS Govt of Punjab,Alankit Assignments Limited,16,225
FCS Govt of Punjab,Alankit Finsec Ltd,10,71
FCS Govt of Punjab,Alankit Life Care Ltd,2,8
FCS Govt of Punjab,CSS TECHNERGY LIMITED,237,24
FCS Govt of Punjab,Delhi Integrated MMTS Ltd,1,3
FCS Govt of Punjab,Diwakar Commercials Pvt Ltd,2,28
FCS Govt of Punjab,Karvy Computershare Private Li,2700,202
FCS Govt of Punjab,VIRGO SOFTECH LIMITED,2,9
FCS Govt of Punjab,VISESH INFOTECNICS LIMITED,1,1
FCS Govt of Punjab,Vayam technologies Ltd,1256,253
FCS Govt of Punjab,eCentric solutions pvt ltd,1620,451
Govt of Andhra Pradesh,Gouthami Educational Society,499,105
Govt of Andhra Pradesh,GrapeSoft,628,488
Govt of Andhra Pradesh,IL&FS LTD,26,102
Govt of Andhra Pradesh,INFRONICS SYSTEMS LTD,3594,354
Govt of Andhra Pradesh,Madras Security Printers Ltd,8,143
Govt of Andhra Pradesh,SREEVEN INFOCOM LIMITED,97,162
Govt of Andhra Pradesh,Smart Chip Limited,0,3
Govt of Andhra Pradesh,TechSmart India Pvt Ltd,2251,1712
Govt of Andhra Pradesh,Tera Software Ltd,1585,387
Govt of Andhra Pradesh,eCentric solutions pvt ltd,104,7
Govt of Goa,MARS Telecom Systems Pvt Ltd,617,38
Govt of Goa,Tera Software Ltd,0,3
Govt of Gujarat,GSS Infotech Ltd,13659,293
Govt of Gujarat,Karvy Computershare Private Li,12046,130
Govt of Gujarat,Silver Touch Technologies Ltd,3883,233
Govt of Gujarat,Tera Software Ltd,1208,72
Govt of Gujarat,Transline Technologies P Ltd,456,103
Govt of Gujarat,Vayam technologies Ltd,1192,115
Govt of Gujarat,eCentric solutions pvt ltd,97,26
Govt of Himachal Pradesh,IL&FS LTD,6,42
Govt of Himachal Pradesh,Wipro Ltd,1140,60
Govt of Himachal Pradesh,i-Grandee SoftwareTechnologies,257,101
Govt of Karnataka ,COMAT TECHNOLOGIES P LTD,1,36
Govt of Karnataka ,GLODYNE TECHNOSERVE,4,196
Govt of Karnataka ,Integra Micro Systems Pvt.ltd,2,26
Govt of Karnataka ,MARS Telecom Systems Pvt Ltd,6264,435
Govt of Karnataka ,Ninestars Information Technologies Ltd,2200,642
Govt of Karnataka ,Origin ITFS Pvt Ltd,2573,196
Govt of Karnataka ,SREEVEN INFOCOM LIMITED,12156,288
Govt of Karnataka ,Tera Software Ltd,2,43
Govt of Karnataka ,Wipro Ltd,0,7
Govt of Kerala,Akshaya,2870,688
Govt of Kerala,Keltron,421,197
Govt of Madhya Pradesh,VIRGO SOFTECH LIMITED,3,71
Govt of Maharashtra,Alankit Assignments Limited,6,131
Govt of Maharashtra,Alankit Finsec Ltd,4270,644
Govt of Maharashtra,COMAT TECHNOLOGIES P LTD,0,1
Govt of Maharashtra,Eagle press pvt ltd,918,57
Govt of Maharashtra,GLODYNE TECHNOSERVE,1564,63
Govt of Maharashtra,GSS Infotech Ltd,1,39
Govt of Maharashtra,Karvy Computershare Private Li,7029,1551
Govt of Maharashtra,M/S King Computer System pvt Ltd,3,0
Govt of Maharashtra,M/s. Vidya Online  Pune,1611,12
Govt of Maharashtra,Mahaonline Limited,9,193
Govt of Maharashtra,Narayana Electricals Solution Pvt Ltd,1694,142
Govt of Maharashtra,Netlink software Pvt Ltd,3935,344
Govt of Maharashtra,Network for Information & Computer,212,15
Govt of Maharashtra,Obel projects Pvt Ltd,6,0
Govt of Maharashtra,Rudranee Infotech Ltd,2427,421
Govt of Maharashtra,SHREERAM PRINTING PRESS,3259,336
Govt of Maharashtra,SPANCO,816,63
Govt of Maharashtra,STRATEGIC OUTSOURCING SERVICE,2640,139
Govt of Maharashtra,Silver Touch Technologies Ltd,1517,77
Govt of Maharashtra,Smart Chip Limited,0,2
Govt of Maharashtra,Systematic & Advance Const P L,28,23
Govt of Maharashtra,TEAM LIFE CARE COMPANY INDIA P,35,22
Govt of Maharashtra,TechSmart India Pvt Ltd,690,114
Govt of Maharashtra,Tera Software Ltd,90,432
Govt of Maharashtra,Transline Technologies P Ltd,497,17
Govt of Maharashtra,Wep Solution India Limited,5,49
Govt of Maharashtra,Wipro Ltd,894,590
Govt of Sikkim - Dept of Econo,4G IDENTITY SOLUTIONS,1,0
Govt of Sikkim - Dept of Econo,Department of Economics Statistics  Monitoring and Evaluation DESME,678,7
IDBI Bank ltd,ATISHAY INFOTECH PVT. LTD.,1786,201
IDBI Bank ltd,Matrix Processing House,267,44
IDBI Bank ltd,SREEVEN INFOCOM LIMITED,3483,272
IDBI Bank ltd,UTI TECHNOLOGY SERVICES LIMITE,232,67
IGNOU,VIRGO SOFTECH LIMITED,0,3
IGNOU,Vakrangee Softwares Limited,0,2
Indiapost,4G IDENTITY SOLUTIONS,1,47
Indiapost,COMAT TECHNOLOGIES P LTD,3,15
Indiapost,Delhi Integrated MMTS Ltd,2671,270
Indiapost,Eagle press pvt ltd,0,4
Indiapost,GLODYNE TECHNOSERVE,0,4
Indiapost,GSS Infotech Ltd,0,6
Indiapost,IL&FS LTD,3,50
Indiapost,M/S STAR DATA CENTRE,87,14
Indiapost,MARS Telecom Systems Pvt Ltd,539,215
Indiapost,Madras Security Printers Ltd,0,19
Indiapost,Smart Chip Limited,204,41
Indiapost,TEAM LIFE CARE COMPANY INDIA P,904,258
Indiapost,The NSIC ltd,0,2
Indiapost,UTI TECHNOLOGY SERVICES LIMITE,2,46
Indiapost,Vayam technologies Ltd,4,14
Indiapost,WEBEL,71,51
Information Technology & Communication Department,4G INFORMATICS,1699,412
Information Technology & Communication Department,BNR UDYOG LIMITED,1080,206
Information Technology & Communication Department,Bloom Solutions Pvt Ltd,1615,198
Information Technology & Communication Department,CSS TECHNERGY LIMITED,516,238
Information Technology & Communication Department,GDC Advertising Pvt. Limited,1595,566
Information Technology & Communication Department,JYOTHI COMPUTER SERVICES,1542,760
Information Technology & Communication Department,Karvy Data Management Services,6238,32
Information Technology & Communication Department,MARS Telecom Systems Pvt Ltd,104,119
Information Technology & Communication Department,SREEVEN INFOCOM LIMITED,1671,237
Information Technology & Communication Department,Tera Software Ltd,291,52
Jharkhand,Alankit Assignments Limited,41,9
Jharkhand,Blue Circle Instrument,1024,24
Jharkhand,Emdee Digitronics Pvt.Ltd.,1490,535
Jharkhand,IL&FS LTD,0,6
Jharkhand,MKS Enterprises,261,174
Jharkhand,Nevaeh Technology Pvt. Ltd.,61,13
Jharkhand,STRATEGIC OUTSOURCING SERVICE,16,7
Jharkhand,Smart ID,2,1
Jharkhand,Systematic & Advance Const P L,132,28
Jharkhand,VISION COMPTECH INTEGRATOR LTD,93,86
Jharkhand,Wipro Ltd,1674,444
Life Insurance Corporation,LYRA  CONSULTANCY SERVICE,0,1
Life Insurance Corporation,MICROVIEWS INFOSYSTEMS PVT LTD,0,3
Life Insurance Corporation,Smart ID,0,3
Mission Convergence - GNCT Del,Alankit Assignments Limited,0,15
Mission Convergence - GNCT Del,Karvy Computershare Private Li,59,28
Mission Convergence - GNCT Del,Matrix Processing House,0,2
Mission Convergence - GNCT Del,NVR & ASSOCIATES LIMITED,540,75
Mission Convergence - GNCT Del,STRATEGIC OUTSOURCING SERVICE,7,146
Mission Convergence - GNCT Del,Smart Chip Limited,1,4
Mission Convergence - GNCT Del,Tera Software Ltd,0,14
NSDL e-Governance Infrastructure Limited,Abhipra Capital Ltd,491,160
NSDL e-Governance Infrastructure Limited,Alankit Assignments Limited,2990,400
NSDL e-Governance Infrastructure Limited,Delhi Integrated MMTS Ltd,41,7
NSDL e-Governance Infrastructure Limited,INTEGRATED REGISTRY SERVICES LTD,21,0
NSDL e-Governance Infrastructure Limited,Karvy Data Management Services,7554,626
NSDL e-Governance Infrastructure Limited,Netlink software Pvt Ltd,3573,237
NSDL e-Governance Infrastructure Limited,PROWIZ MANSYTEMS PVT LTD,439,108
NSDL e-Governance Infrastructure Limited,TEAM LIFE CARE COMPANY INDIA P,562,54
NSDL e-Governance Infrastructure Limited,VIRGO SOFTECH LIMITED,1500,171
Oriental Bank of Commerce,DATASOFT COMPUTER SERVICES(P),468,66
Oriental Bank of Commerce,Euro Finmart Ltd,437,39
Oriental Bank of Commerce,FINANCIAL INFORMATION NETWORK,4,0
Oriental Bank of Commerce,IL&FS LTD,0,33
Oriental Bank of Commerce,JNET Technologies Pvt.Ltd,170,12
Oriental Bank of Commerce,Redim Software Technologies Pvt Ltd,24,11
Oriental Bank of Commerce,Sri Ramraja Sarkar Lok Kalyan Trust,1883,75
Oriental Bank of Commerce,The NSIC ltd,2,1
Oriental Bank of Commerce,Wipro Ltd,734,105
Others,Others,0,1
RDD Govt of Tripura,Alankit Assignments Limited,16,64
Registrar General India - BEL,Manipur Electronics Dev Corp,449,1
Registrar General India - BEL,Swathy Smartcards Hi-Tech Pvt,1,7
Registrar General India BEL2,Alankit Assignments Limited,5,16
Registrar General India BEL2,Computer LAB,53681,305
Registrar General India BEL2,Emdee Digitronics Pvt.Ltd.,6,4
Registrar General India BEL2,In Media Computer Services LLP,8,3
Registrar General India BEL2,India Computer Technology,1463,1346
Registrar General India BEL2,MACRO INFOTECH PVT LTD,265,23
Registrar General India BEL2,MKS Enterprises,5,16
Registrar General India BEL2,Madras Security Printers Ltd,19144,1749
Registrar General India BEL2,Manipur Electronics Dev Corp,34,0
Registrar General India BEL2,Multiwave Innovation,552,664
Registrar General India BEL2,Netlink software Pvt Ltd,259,164
Registrar General India BEL2,Nevaeh Technology Pvt. Ltd.,6,8
Registrar General India BEL2,Nielsen  India  Private Limited,908,66
Registrar General India BEL2,Om Softwares,4241,959
Registrar General India BEL2,SREEVEN INFOCOM LIMITED,19,15
Registrar General India BEL2,STRATEGIC OUTSOURCING SERVICE,137,15
Registrar General India BEL2,Satyanarayana Raju Company Pvt ltd,30,6
Registrar General India BEL2,Swathy Smartcards Hi-Tech Pvt,3929,1938
Registrar General India BEL2,Swiss Tech India Pvt Ltd,249,374
Registrar General India BEL2,Tera Software Ltd,5226,4538
Registrar General India BEL2,UNITED DATA SERVICES PRIVATE LIMITED,250,218
Registrar General India BEL2,Vansh Infotech Pvt Ltd,1400,16
Registrar General India BEL2,Vedavaag Systems Limited,1077,19
Registrar General India ECIL,AVVAS INFOTECH PVT  LTD,532,17
Registrar General India ECIL,BUSINESS INFORMATION PROCESSING SERVICES,3,3
Registrar General India ECIL,COMTECH INSTITUTE OFTECHNOLOGY,243,74
Registrar General India ECIL,COMTECHINFO SOLUTIONS PVT.LTD,44,6
Registrar General India ECIL,Chinar Construction Company Prime agency,1227,0
Registrar General India ECIL,Clairvoyance Technologies Pvt.,7,223
Registrar General India ECIL,Computer LAB,245853,962
Registrar General India ECIL,Eagle Software India Pvt. Ltd,129992,69
Registrar General India ECIL,In Media Computer Services LLP,862,627
Registrar General India ECIL,India Computer Technology,4136,890
Registrar General India ECIL,Karvy Data Management Services,6195,262
Registrar General India ECIL,Krishna Infotech,996,4148
Registrar General India ECIL,Madras Security Printers Ltd,3356,315
Registrar General India ECIL,Mphasis Ltd,30,26
Registrar General India ECIL,Netwing Technologies Pvt Ltd,26,2
Registrar General India ECIL,Nielsen  India  Private Limited,38,3
Registrar General India ECIL,Pioneer E Labs limited,30,467
Registrar General India ECIL,SARADA SYSTEMS,1,2
Registrar General India ECIL,SWISSTECH NPR 57CR PROJECT PVT,341,5474
Registrar General India ECIL,Tera Software Ltd,74,62
Registrar General India ECIL,Vedavaag Systems Limited,591,3579
Registrar General India Others,AVVAS INFOTECH PVT  LTD,1,3
Registrar General India Others,COMTECH INSTITUTE OFTECHNOLOGY,2,0
Registrar General India Others,COMTECHINFO SOLUTIONS PVT.LTD,3,0
Registrar General India Others,Computer LAB,352,0
Registrar General India Others,Eagle Software India Pvt. Ltd,83,0
Registrar General India Others,Karvy Data Management Services,7,0
Registrar General India Others,Madras Security Printers Ltd,0,1
Registrar General India Others,Multiwave Innovation,0,1
Registrar General India Others,Nielsen  India  Private Limited,4,0
Registrar General India Others,STRATEGIC OUTSOURCING SERVICE,3,0
Registrar General India Others,SWISSTECH NPR 57CR PROJECT PVT,0,1
Registrar General India Others,Swathy Smartcards Hi-Tech Pvt,0,3
Registrar General India Others,TechSmart India Pvt Ltd,8,0
Registrar General India Others,Vansh Infotech Pvt Ltd,4,0
Registrar General India Others,Vedavaag Systems Limited,2,0
Registrar General of India ITI,COMTECH INSTITUTE OFTECHNOLOGY,90,34
Registrar General of India ITI,CSS TECHNERGY LIMITED,124,31
Registrar General of India ITI,CommunitiWorks Welfare Society,266,28
Registrar General of India ITI,Eagle Software India Pvt. Ltd,438,125
Registrar General of India ITI,Emdee Digitronics Pvt.Ltd.,3032,806
Registrar General of India ITI,Karvy Data Management Services,4007,93
Registrar General of India ITI,Madras Security Printers Ltd,761,42
Registrar General of India ITI,Mphasis Ltd,54,3
Registrar General of India ITI,Multiwave Innovation,0,111
Registrar General of India ITI,Netlink software Pvt Ltd,65,13
Registrar General of India ITI,Netwing Technologies Pvt Ltd,10,3
Registrar General of India ITI,Nielsen  India  Private Limited,1124,24
Registrar General of India ITI,SREEVEN INFOCOM LIMITED,32,88
Registrar General of India ITI,STRATEGIC OUTSOURCING SERVICE,10006,39
Registrar General of India ITI,Satyanarayana Raju Company Pvt ltd,430,53
Registrar General of India ITI,Swathy Smartcards Hi-Tech Pvt,1290,7062
Registrar General of India ITI,TechSmart India Pvt Ltd,12556,1218
Registrar General of India ITI,Tera Software Ltd,45,0
Registrar General of India ITI,Urmila Info solution,13,0
Registrar General of India ITI,VIRGO SOFTECH LIMITED,393,3
Registrar General of India ITI,Vedavaag Systems Limited,1190,17
Registrar General of India ITI,WEBEL TECHNOLOGY LIMITED,1196,23
STATE BANK OF PATIALA,CSS TECHNERGY LIMITED,27,5
State Bank of Bikaner & Jaipur,Multiwave Innovation,314,51
State Bank of India,4G IDENTITY SOLUTIONS,0,60
State Bank of India,COMAT TECHNOLOGIES P LTD,0,6
State Bank of India,CSS TECHNERGY LIMITED,2,50
State Bank of India,Delhi Integrated MMTS Ltd,0,2
State Bank of India,Eagle press pvt ltd,2,110
State Bank of India,IL&FS LTD,0,89
State Bank of India,Smart Chip Limited,3,26
State Bank of India,VIRGO SOFTECH LIMITED,3,11
State Bank of Travancore,Tera Software Ltd,7,18
Syndicate Bank,Smart Chip Limited,0,1
UIDAI-Registrar,UIDAI-EA,4,0
UT Of Daman and Diu,Alankit Assignments Limited,361,5
UT of Puducherry,Madras Security Printers Ltd,44,213
Union Bank,4G IDENTITY SOLUTIONS,0,1
Union Bank,FINANCIAL INFORMATION NETWORK,7513,568
Union Bank,Smart Chip Limited,10287,317
Union Bank,Vakrangee Softwares Limited,9725,2329
