Registrar,Enrolment Agency,Aadhaar generated,Enrolment Rejected
Allahabad Bank,Vakrangee Softwares Limited,16,205
Bank Of India,A3 Logics  India  Ltd,1305,107
Bank Of India,Akanksha International,386,21
Bank Of India,Blue Circle Instrument,1048,4
Bank Of India,CHESSY CONSULTANTS PVT LTD,1408,70
Bank Of India,DATASOFT COMPUTER SERVICES(P),837,30
Bank Of India,Emdee Digitronics Pvt.Ltd.,308,1
Bank Of India,Frontech Systems Pvt Ltd,325,20
Bank Of India,ITI LIMITED,10,4
Bank Of India,MANTRA SOFTTECH (INDIA) PVTLTD,109,12
Bank Of India,Matrix Processing House,5031,97
Bank Of India,OPTIMIX CONSULTANCY PRIVATE LT,0,1
Bank Of India,OSWAL COMPUTERS & CONSULTANTS,2851,708
Bank Of India,PROTEX COMPUTER PVT LTD,2529,69
Bank Of India,SARADA SYSTEMS,4086,28
Bank Of India,SHRIKRISHNA KHANDASARI SUGAR M,3466,63
Bank Of India,SPANCO,4607,101
Bank Of India,SREI INFRASTRUCTURE FINANCES L,18249,213
Bank Of India,Silver Touch Technologies Ltd,98,26
Bank Of India,Systematic & Advance Const P L,10719,266
Bank Of India,VEETECHNOLOGIES PVT. LTD,2648,22
Bank Of India,Vakrangee Softwares Limited,76,242
Bank of Baroda,DATASOFT COMPUTER SERVICES(P),1,0
Bank of Baroda,TEAM LIFE CARE COMPANY INDIA P,3199,23
Bank of Maharashtra,Alankit Finsec Ltd,198,15
Bank of Maharashtra,FINANCIAL INFORMATION NETWORK,2124,12
Bank of Maharashtra,Micro Technologies India Ltd,1485,26
Bank of Maharashtra,Tera Software Ltd,681,4
CSC e-Governance Services India Limited,A I Soc for Electronics and Comp Tech,2490,238
CSC e-Governance Services India Limited,AKSH OPTIFIBRE LIMITED,698,23
CSC e-Governance Services India Limited,BASIX,1049,28
CSC e-Governance Services India Limited,CALANCE SOFTWARE PRIVATE LTD,1051,30
CSC e-Governance Services India Limited,CMS Computers Ltd,3782,79
CSC e-Governance Services India Limited,CSC e-Governance Services India Limited,1787,35
CSC e-Governance Services India Limited,Intelligent Communication Systems India Limited,634,75
CSC e-Governance Services India Limited,Network for Information & Computer,84,3
CSC e-Governance Services India Limited,Reliance Communication Limited,993,39
CSC e-Governance Services India Limited,SPANCO,425,28
CSC e-Governance Services India Limited,Tera Software Ltd,26,2
CSC e-Governance Services India Limited,United Telecoms e-Services Pvt Ltd,1816,170
CSC e-Governance Services India Limited,Vakrangee Softwares Limited,7392,36
Central Bank of India,CALANCE SOFTWARE PRIVATE LTD,1247,28
Central Bank of India,Frontech Systems Pvt Ltd,0,1
Central Bank of India,IAP COMPANY Pvt. Ltd,4662,59
Central Bank of India,MANTRA SOFTTECH (INDIA) PVTLTD,49,2
Central Bank of India,The Peerless General Finance,514,9
DENA BANK,ATISHAY INFOTECH PVT. LTD.,295,5
DENA BANK,Bloom Solutions Pvt Ltd,377,5
DENA BANK,Business Information Processing Services,377,7
DENA BANK,CALANCE SOFTWARE PRIVATE LTD,1551,28
DENA BANK,DATASOFT COMPUTER SERVICES(P),366,4
DENA BANK,JNET Technologies Pvt.Ltd,1464,32
DENA BANK,K W Consulting P Ltd,901,22
DENA BANK,Multiwave Innovation,2991,28
DENA BANK,Netlink software Pvt Ltd,20,0
DENA BANK,Ortem Securities Limited,24,5
DENA BANK,Prodigy Systems and Services Private Limited,485,12
DENA BANK,Soc for Advancement of Environ Science,60,27
DENA BANK,TechSmart India Pvt Ltd,62,55
DENA BANK,Tera Software Ltd,1744,18
Delhi - Central DC,Smart Chip Limited,1050,67
Delhi - East DC,DATASOFT COMPUTER SERVICES(P),141,16
Delhi - ND DC,Smart Chip Limited,485,26
Delhi - NE DC,Smart Chip Limited,730,40
Delhi - North DC,CALANCE SOFTWARE PRIVATE LTD,1042,117
Delhi - North DC,NVR & ASSOCIATES LIMITED,1083,157
Delhi - North DC,Smart Chip Limited,287,12
Delhi SW DC,VIRGO SOFTECH LIMITED,181,205
Delhi Urban Shelter Improvemen,Tera Software Ltd,3,0
Delhi- South DC,Karvy Computershare Private Li,73,8
Delhi- South DC,Smart Chip Limited,459,25
Delhi- South DC,eCentric solutions pvt ltd,1,0
Delhi- West DC,Matrix Processing House,1,0
Delhi- West DC,Smart Chip Limited,225,20
Delhi- West DC,VIRGO SOFTECH LIMITED,653,171
Delhi-NW DC,Karvy Computershare Private Li,104,32
Department of Information Technology Govt of Jharkhand,Blue Circle Instrument,596,34
Department of Information Technology Govt of Jharkhand,MKS Enterprises,2093,38
Department of Information Technology Govt of Jharkhand,Vayam technologies Ltd,0,17
Dept of ITC Govt of Rajasthan,ATISHAY INFOTECH PVT. LTD.,2450,108
Dept of ITC Govt of Rajasthan,AVVAS INFOTECH PVT  LTD,4645,59
Dept of ITC Govt of Rajasthan,Alankit Finsec Ltd,1192,58
Dept of ITC Govt of Rajasthan,Business Information Processing Services,635,13
Dept of ITC Govt of Rajasthan,DATASOFT COMPUTER SERVICES(P),4486,366
Dept of ITC Govt of Rajasthan,Gem Computers,1270,18
Dept of ITC Govt of Rajasthan,Multiwave Innovation,534,23
Dept of ITC Govt of Rajasthan,Netlink software Pvt Ltd,546,22
Dept of ITC Govt of Rajasthan,TechSmart India Pvt Ltd,751,32
Dept of ITC Govt of Rajasthan,Transline Technologies P Ltd,3324,200
Dept of ITC Govt of Rajasthan,VIRGO SOFTECH LIMITED,2994,69
Dept of ITC Govt of Rajasthan,Vakrangee Softwares Limited,16176,559
Dept of ITC Govt of Rajasthan,Vayam technologies Ltd,4933,201
FCR Govt of Haryana,4G INFORMATICS,5,0
FCR Govt of Haryana,Vakrangee Softwares Limited,8,412
FCR Govt of Haryana,Vayam technologies Ltd,87,0
FCS Govt of Punjab,Alankit Assignments Limited,2,0
FCS Govt of Punjab,CSS TECHNERGY LIMITED,7,1
FCS Govt of Punjab,Delhi Integrated MMTS Ltd,6,0
FCS Govt of Punjab,Karvy Computershare Private Li,5684,191
FCS Govt of Punjab,Vayam technologies Ltd,448,105
FCS Govt of Punjab,eCentric solutions pvt ltd,5569,150
Govt of Andhra Pradesh,Gouthami Educational Society,116,50
Govt of Andhra Pradesh,GrapeSoft,448,16
Govt of Andhra Pradesh,INFRONICS SYSTEMS LTD,28,42
Govt of Andhra Pradesh,Madras Security Printers Ltd,11,0
Govt of Andhra Pradesh,SREEVEN INFOCOM LIMITED,104,4
Govt of Andhra Pradesh,Smart Chip Limited,15,15
Govt of Andhra Pradesh,TechSmart India Pvt Ltd,503,46
Govt of Andhra Pradesh,Tera Software Ltd,622,139
Govt of Andhra Pradesh,eCentric solutions pvt ltd,1,1
Govt of Goa,MARS Telecom Systems Pvt Ltd,75,4
Govt of Goa,Tera Software Ltd,0,2
Govt of Gujarat,GSS Infotech Ltd,6730,111
Govt of Gujarat,Karvy Computershare Private Li,14773,332
Govt of Gujarat,Silver Touch Technologies Ltd,6724,158
Govt of Gujarat,Tera Software Ltd,3271,86
Govt of Gujarat,Transline Technologies P Ltd,614,31
Govt of Gujarat,Vayam technologies Ltd,1765,86
Govt of Gujarat,eCentric solutions pvt ltd,1182,33
Govt of Himachal Pradesh,Wipro Ltd,548,151
Govt of Himachal Pradesh,i-Grandee SoftwareTechnologies,268,14
Govt of Karnataka ,Bloom Solutions Pvt Ltd,1,0
Govt of Karnataka ,COMAT TECHNOLOGIES P LTD,1,0
Govt of Karnataka ,MARS Telecom Systems Pvt Ltd,2426,12
Govt of Karnataka ,Ninestars Information Technologies Ltd,4594,330
Govt of Karnataka ,Origin ITFS Pvt Ltd,12364,1323
Govt of Karnataka ,SREEVEN INFOCOM LIMITED,4611,174
Govt of Kerala,Akshaya,9792,5262
Govt of Kerala,Keltron,472,9189
Govt of Madhya Pradesh,VIRGO SOFTECH LIMITED,4,5
Govt of Maharashtra,Alankit Finsec Ltd,2672,34
Govt of Maharashtra,Bharat Technical Solutions Private Limited,82,0
Govt of Maharashtra,Eagle press pvt ltd,171,2
Govt of Maharashtra,GLODYNE TECHNOSERVE,17,2
Govt of Maharashtra,Karvy Computershare Private Li,3134,141
Govt of Maharashtra,M/s. Vidya Online  Pune,783,8
Govt of Maharashtra,Mahaonline Limited,1,0
Govt of Maharashtra,Narayana Electricals Solution Pvt Ltd,2618,36
Govt of Maharashtra,Netlink software Pvt Ltd,3064,146
Govt of Maharashtra,Network for Information & Computer,366,0
Govt of Maharashtra,Rudranee Infotech Ltd,819,19
Govt of Maharashtra,SHREERAM PRINTING PRESS,735,19
Govt of Maharashtra,SPANCO,489,11
Govt of Maharashtra,STRATEGIC OUTSOURCING SERVICE,1581,9
Govt of Maharashtra,Silver Touch Technologies Ltd,2946,45
Govt of Maharashtra,Systematic & Advance Const P L,30,0
Govt of Maharashtra,TEAM LIFE CARE COMPANY INDIA P,86,0
Govt of Maharashtra,TechSmart India Pvt Ltd,404,19
Govt of Maharashtra,Tera Software Ltd,30,8
Govt of Maharashtra,Transline Technologies P Ltd,206,46
Govt of Maharashtra,Wipro Ltd,578,127
Govt of Sikkim - Dept of Econo,4G IDENTITY SOLUTIONS,2,0
Govt of Sikkim - Dept of Econo,Department of Economics Statistics  Monitoring and Evaluation DESME,208,2
IDBI Bank ltd,ATISHAY INFOTECH PVT. LTD.,613,152
IDBI Bank ltd,Matrix Processing House,46,7
IDBI Bank ltd,SREEVEN INFOCOM LIMITED,3108,42
IDBI Bank ltd,UTI TECHNOLOGY SERVICES LIMITE,2822,46
Indiapost,4G IDENTITY SOLUTIONS,0,1
Indiapost,COMAT TECHNOLOGIES P LTD,1,0
Indiapost,Delhi Integrated MMTS Ltd,5317,160
Indiapost,IL&FS LTD,4,0
Indiapost,M/S STAR DATA CENTRE,168,9
Indiapost,MARS Telecom Systems Pvt Ltd,144,6
Indiapost,Smart Chip Limited,10,2
Indiapost,TEAM LIFE CARE COMPANY INDIA P,1393,26
Indiapost,Vayam technologies Ltd,172,43
Indiapost,WEBEL,204,70
Information Technology & Communication Department,4G INFORMATICS,654,46
Information Technology & Communication Department,BNR UDYOG LIMITED,120,11
Information Technology & Communication Department,Bloom Solutions Pvt Ltd,2209,12
Information Technology & Communication Department,CSS TECHNERGY LIMITED,1619,30
Information Technology & Communication Department,JYOTHI COMPUTER SERVICES,2750,43
Information Technology & Communication Department,Karvy Data Management Services,1749,10
Information Technology & Communication Department,MARS Telecom Systems Pvt Ltd,135,41
Information Technology & Communication Department,SREEVEN INFOCOM LIMITED,72,5
Information Technology & Communication Department,Tera Software Ltd,93,8
Jharkhand,Blue Circle Instrument,203,2
Jharkhand,Emdee Digitronics Pvt.Ltd.,471,38
Jharkhand,MKS Enterprises,1755,51
Jharkhand,Nevaeh Technology Pvt. Ltd.,546,6
Jharkhand,Smart Chip Limited,30,0
Jharkhand,Systematic & Advance Const P L,6743,46
Jharkhand,VISION COMPTECH INTEGRATOR LTD,766,35
Jharkhand,Wipro Ltd,3506,202
Mission Convergence - GNCT Del,Alankit Assignments Limited,0,1
Mission Convergence - GNCT Del,Karvy Computershare Private Li,85,4
Mission Convergence - GNCT Del,NVR & ASSOCIATES LIMITED,187,16
Mission Convergence - GNCT Del,Tera Software Ltd,1,0
Mission Convergence - GNCT Del,eCentric solutions pvt ltd,1,0
NSDL e-Governance Infrastructure Limited,Abhipra Capital Ltd,311,20
NSDL e-Governance Infrastructure Limited,Alankit Assignments Limited,5044,132
NSDL e-Governance Infrastructure Limited,Delhi Integrated MMTS Ltd,55,3
NSDL e-Governance Infrastructure Limited,INTEGRATED REGISTRY SERVICES LTD,12,0
NSDL e-Governance Infrastructure Limited,Karvy Data Management Services,10578,232
NSDL e-Governance Infrastructure Limited,Netlink software Pvt Ltd,1875,165
NSDL e-Governance Infrastructure Limited,PROWIZ MANSYTEMS PVT LTD,1334,134
NSDL e-Governance Infrastructure Limited,TEAM LIFE CARE COMPANY INDIA P,1166,36
NSDL e-Governance Infrastructure Limited,VIRGO SOFTECH LIMITED,13635,141
Oriental Bank of Commerce,DATASOFT COMPUTER SERVICES(P),417,13
Oriental Bank of Commerce,Euro Finmart Ltd,18,2
Oriental Bank of Commerce,JNET Technologies Pvt.Ltd,935,42
Oriental Bank of Commerce,Redim Software Technologies Pvt Ltd,554,5
Oriental Bank of Commerce,Sri Ramraja Sarkar Lok Kalyan Trust,2678,131
Oriental Bank of Commerce,Wipro Ltd,2711,112
RDD Govt of Tripura,Alankit Assignments Limited,1,0
Registrar General India - BEL,Manipur Electronics Dev Corp,1,0
Registrar General India - BEL,Swathy Smartcards Hi-Tech Pvt,0,1
Registrar General India BEL2,Alankit Assignments Limited,9,0
Registrar General India BEL2,Computer LAB,1384,31
Registrar General India BEL2,Emdee Digitronics Pvt.Ltd.,1,0
Registrar General India BEL2,India Computer Technology,13445,35
Registrar General India BEL2,MACRO INFOTECH PVT LTD,217,3
Registrar General India BEL2,MKS Enterprises,5,0
Registrar General India BEL2,Madras Security Printers Ltd,25792,43
Registrar General India BEL2,Manipur Electronics Dev Corp,226,1
Registrar General India BEL2,Multiwave Innovation,272,3
Registrar General India BEL2,Netlink software Pvt Ltd,301,18
Registrar General India BEL2,Nevaeh Technology Pvt. Ltd.,7,1
Registrar General India BEL2,Nielsen  India  Private Limited,117,20
Registrar General India BEL2,Om Softwares,3495,3
Registrar General India BEL2,SREEVEN INFOCOM LIMITED,4,0
Registrar General India BEL2,STRATEGIC OUTSOURCING SERVICE,3308,129
Registrar General India BEL2,Satyanarayana Raju Company Pvt ltd,5,0
Registrar General India BEL2,Swathy Smartcards Hi-Tech Pvt,2120,10693
Registrar General India BEL2,Swiss Tech India Pvt Ltd,3,0
Registrar General India BEL2,Tera Software Ltd,5543,223
Registrar General India BEL2,UNITED DATA SERVICES PRIVATE LIMITED,1130,12
Registrar General India BEL2,VIRGO SOFTECH LIMITED,0,116
Registrar General India BEL2,Vansh Infotech Pvt Ltd,199,0
Registrar General India BEL2,Vedavaag Systems Limited,1093,55
Registrar General India ECIL,AVVAS INFOTECH PVT  LTD,1855,16
Registrar General India ECIL,BUSINESS INFORMATION PROCESSING SERVICES,43,0
Registrar General India ECIL,COMTECH INSTITUTE OFTECHNOLOGY,892,3
Registrar General India ECIL,COMTECHINFO SOLUTIONS PVT.LTD,6200,29
Registrar General India ECIL,Chinar Construction Company Prime agency,304,4
Registrar General India ECIL,Clairvoyance Technologies Pvt.,0,1
Registrar General India ECIL,Computer LAB,15286,6771
Registrar General India ECIL,Eagle Software India Pvt. Ltd,60167,20797
Registrar General India ECIL,Esoft Consulting Limited,197,1
Registrar General India ECIL,In Media Computer Services LLP,567,6
Registrar General India ECIL,India Computer Technology,639,378
Registrar General India ECIL,Karvy Data Management Services,7883,26
Registrar General India ECIL,Krishna Infotech,264,120
Registrar General India ECIL,Madras Security Printers Ltd,11929,319
Registrar General India ECIL,Mphasis Ltd,3575,17
Registrar General India ECIL,Netwing Technologies Pvt Ltd,27,0
Registrar General India ECIL,Nielsen  India  Private Limited,14,3
Registrar General India ECIL,Pioneer E Labs limited,933,147
Registrar General India ECIL,SWISSTECH NPR 57CR PROJECT PVT,716,101
Registrar General India ECIL,Tera Software Ltd,0,1
Registrar General India ECIL,Vedavaag Systems Limited,312,46
Registrar General India Others,AVVAS INFOTECH PVT  LTD,17,3
Registrar General India Others,Eagle Software India Pvt. Ltd,1,6
Registrar General India Others,Karvy Data Management Services,19,0
Registrar General India Others,Mphasis Ltd,2,0
Registrar General India Others,Nielsen  India  Private Limited,2,0
Registrar General India Others,STRATEGIC OUTSOURCING SERVICE,8,0
Registrar General India Others,Swathy Smartcards Hi-Tech Pvt,12,25
Registrar General India Others,Vedavaag Systems Limited,3,0
Registrar General of India ITI,COMTECH INSTITUTE OFTECHNOLOGY,43,0
Registrar General of India ITI,CSS TECHNERGY LIMITED,1184,3
Registrar General of India ITI,CommunitiWorks Welfare Society,28,0
Registrar General of India ITI,Eagle Software India Pvt. Ltd,6605,45
Registrar General of India ITI,Emdee Digitronics Pvt.Ltd.,3174,107
Registrar General of India ITI,Karvy Data Management Services,10,2
Registrar General of India ITI,Madras Security Printers Ltd,285,7
Registrar General of India ITI,Mphasis Ltd,917,3
Registrar General of India ITI,Multiwave Innovation,12,1
Registrar General of India ITI,Netlink software Pvt Ltd,1370,11
Registrar General of India ITI,Netwing Technologies Pvt Ltd,5,0
Registrar General of India ITI,Nielsen  India  Private Limited,1540,25
Registrar General of India ITI,SREEVEN INFOCOM LIMITED,70,1
Registrar General of India ITI,STRATEGIC OUTSOURCING SERVICE,2615,26
Registrar General of India ITI,Satyanarayana Raju Company Pvt ltd,96,3
Registrar General of India ITI,Swathy Smartcards Hi-Tech Pvt,455,48726
Registrar General of India ITI,Urmila Info solution,1,0
Registrar General of India ITI,VIRGO SOFTECH LIMITED,2293,1
Registrar General of India ITI,Vedavaag Systems Limited,21,0
Registrar General of India ITI,WEBEL TECHNOLOGY LIMITED,716,22
STATE BANK OF HYDERABAD,CSS TECHNERGY LIMITED,2,0
STATE BANK OF PATIALA,CSS TECHNERGY LIMITED,2,0
State Bank of Bikaner & Jaipur,Multiwave Innovation,83,8
State Bank of India,4G IDENTITY SOLUTIONS,9,2
State Bank of India,CSS TECHNERGY LIMITED,2,0
State Bank of India,Delhi Integrated MMTS Ltd,2,0
State Bank of India,Smart Chip Limited,1,0
State Bank of India,VIRGO SOFTECH LIMITED,0,4
State Bank of Travancore,Tera Software Ltd,63,44
UIDAI-Registrar,UIDAI-EA,21,0
UT Of Daman and Diu,Alankit Assignments Limited,116,6
UT of Puducherry,Madras Security Printers Ltd,17,0
Union Bank,FINANCIAL INFORMATION NETWORK,11589,372
Union Bank,Smart Chip Limited,22499,691
Union Bank,Vakrangee Softwares Limited,69858,1085
