Registrar,Enrolment Agency,Aadhaar generated,Enrolment Rejected
Allahabad Bank,IL&FS LTD,0,1
Allahabad Bank,Tera Software Ltd,0,19
Allahabad Bank,Vakrangee Softwares Limited,13,260
Bank Of India,A3 Logics  India  Ltd,209,510
Bank Of India,Akanksha International,8,78
Bank Of India,Blue Circle Instrument,43,41
Bank Of India,CHESSY CONSULTANTS PVT LTD,33,392
Bank Of India,DATASOFT COMPUTER SERVICES(P),41,93
Bank Of India,Emdee Digitronics Pvt.Ltd.,1,4
Bank Of India,Frontech Systems Pvt Ltd,27,188
Bank Of India,ITI LIMITED,3,18
Bank Of India,MANTRA SOFTTECH (INDIA) PVTLTD,10,51
Bank Of India,Matrix Processing House,450,380
Bank Of India,OPTIMIX CONSULTANCY PRIVATE LT,1,2
Bank Of India,OSWAL COMPUTERS & CONSULTANTS,491,312
Bank Of India,PROTEX COMPUTER PVT LTD,64,68
Bank Of India,SARADA SYSTEMS,64,45
Bank Of India,SHRIKRISHNA KHANDASARI SUGAR M,360,1054
Bank Of India,SPANCO,121,116
Bank Of India,SREI INFRASTRUCTURE FINANCES L,345,52
Bank Of India,Silver Touch Technologies Ltd,83,119
Bank Of India,Systematic & Advance Const P L,369,387
Bank Of India,VEETECHNOLOGIES PVT. LTD,32,147
Bank Of India,Vakrangee Softwares Limited,4,152
Bank of Baroda,DATASOFT COMPUTER SERVICES(P),0,11
Bank of Baroda,IL&FS LTD,0,1
Bank of Baroda,TEAM LIFE CARE COMPANY INDIA P,110,166
Bank of Maharashtra,Alankit Finsec Ltd,0,1
Bank of Maharashtra,FINANCIAL INFORMATION NETWORK,21,5
Bank of Maharashtra,Micro Technologies India Ltd,6,40
CSC e-Governance Services India Limited,A I Soc for Electronics and Comp Tech,20,147
CSC e-Governance Services India Limited,AKSH OPTIFIBRE LIMITED,19,34
CSC e-Governance Services India Limited,BASIX,53,29
CSC e-Governance Services India Limited,CALANCE SOFTWARE PRIVATE LTD,36,51
CSC e-Governance Services India Limited,CMS Computers Ltd,32,19
CSC e-Governance Services India Limited,Intelligent Communication Systems India Limited,10,0
CSC e-Governance Services India Limited,Network for Information & Computer,16,19
CSC e-Governance Services India Limited,Reliance Communication Limited,22,67
CSC e-Governance Services India Limited,SPANCO,6,3
CSC e-Governance Services India Limited,United Telecoms e-Services Pvt Ltd,14,4
Central Bank of India,CALANCE SOFTWARE PRIVATE LTD,487,423
Central Bank of India,Frontech Systems Pvt Ltd,0,3
Central Bank of India,IAP COMPANY Pvt. Ltd,709,460
Central Bank of India,IL&FS LTD,0,7
Central Bank of India,MANTRA SOFTTECH (INDIA) PVTLTD,1,59
Central Bank of India,The Peerless General Finance,202,165
Civil Supplies - A&N Islands,India Computer Technology,0,1
DENA BANK,ATISHAY INFOTECH PVT. LTD.,43,18
DENA BANK,Business Information Processing Services,0,19
DENA BANK,DATASOFT COMPUTER SERVICES(P),2,14
DENA BANK,JNET Technologies Pvt.Ltd,0,49
DENA BANK,K W Consulting P Ltd,133,12
DENA BANK,Multiwave Innovation,32,3
DENA BANK,Netlink software Pvt Ltd,9,142
DENA BANK,Soc for Advancement of Environ Science,0,2
DENA BANK,TechSmart India Pvt Ltd,1,0
Delhi - Central DC,Smart Chip Limited,2,37
Delhi - East DC,DATASOFT COMPUTER SERVICES(P),70,116
Delhi - ND DC,Smart Chip Limited,1,3
Delhi - NE DC,Alankit Assignments Limited,0,1
Delhi - NE DC,Smart Chip Limited,55,45
Delhi - North DC,CALANCE SOFTWARE PRIVATE LTD,47,70
Delhi - North DC,NVR & ASSOCIATES LIMITED,9,74
Delhi - North DC,Smart Chip Limited,2,26
Delhi SW DC,VIRGO SOFTECH LIMITED,2,15
Delhi Urban Shelter Improvemen,STRATEGIC OUTSOURCING SERVICE,0,4
Delhi Urban Shelter Improvemen,Tera Software Ltd,0,1
Delhi- South DC,Karvy Computershare Private Li,2,5
Delhi- South DC,Smart Chip Limited,6,14
Delhi- West DC,Matrix Processing House,0,3
Delhi- West DC,Smart Chip Limited,0,12
Delhi- West DC,VIRGO SOFTECH LIMITED,62,64
Delhi-NW DC,Karvy Computershare Private Li,47,28
Delhi-NW DC,STRATEGIC OUTSOURCING SERVICE,0,1
Department of Information Technology Govt of Jharkhand,Blue Circle Instrument,98,75
Department of Information Technology Govt of Jharkhand,IL&FS LTD,0,1
Department of Information Technology Govt of Jharkhand,MKS Enterprises,206,197
Department of Information Technology Govt of Jharkhand,Systematic & Advance Const P L,26,14
Department of Information Technology Govt of Jharkhand,Vayam technologies Ltd,0,1
Dept of ITC Govt of Rajasthan,ATISHAY INFOTECH PVT. LTD.,135,462
Dept of ITC Govt of Rajasthan,AVVAS INFOTECH PVT  LTD,199,398
Dept of ITC Govt of Rajasthan,Alankit Finsec Ltd,87,100
Dept of ITC Govt of Rajasthan,Business Information Processing Services,39,74
Dept of ITC Govt of Rajasthan,DATASOFT COMPUTER SERVICES(P),1117,1067
Dept of ITC Govt of Rajasthan,Gem Computers,5,260
Dept of ITC Govt of Rajasthan,Multiwave Innovation,46,22
Dept of ITC Govt of Rajasthan,Netlink software Pvt Ltd,21,266
Dept of ITC Govt of Rajasthan,TechSmart India Pvt Ltd,29,92
Dept of ITC Govt of Rajasthan,Transline Technologies P Ltd,70,281
Dept of ITC Govt of Rajasthan,Vakrangee Softwares Limited,576,509
Dept of ITC Govt of Rajasthan,Vayam technologies Ltd,104,344
FCR Govt of Haryana,Vakrangee Softwares Limited,2,141
FCS Govt of Punjab,Alankit Assignments Limited,0,68
FCS Govt of Punjab,Alankit Finsec Ltd,0,14
FCS Govt of Punjab,Alankit Life Care Ltd,0,5
FCS Govt of Punjab,CSS TECHNERGY LIMITED,13,56
FCS Govt of Punjab,Diwakar Commercials Pvt Ltd,0,7
FCS Govt of Punjab,Karvy Computershare Private Li,152,668
FCS Govt of Punjab,VISESH INFOTECNICS LIMITED,0,1
FCS Govt of Punjab,Vayam technologies Ltd,46,272
FCS Govt of Punjab,eCentric solutions pvt ltd,295,576
Govt of Andhra Pradesh,Gouthami Educational Society,50,87
Govt of Andhra Pradesh,GrapeSoft,144,115
Govt of Andhra Pradesh,IL&FS LTD,0,1
Govt of Andhra Pradesh,INFRONICS SYSTEMS LTD,64,361
Govt of Andhra Pradesh,Madras Security Printers Ltd,0,18
Govt of Andhra Pradesh,SREEVEN INFOCOM LIMITED,49,61
Govt of Andhra Pradesh,Smart Chip Limited,0,1
Govt of Andhra Pradesh,TechSmart India Pvt Ltd,518,300
Govt of Andhra Pradesh,Tera Software Ltd,293,265
Govt of Andhra Pradesh,eCentric solutions pvt ltd,1,10
Govt of Goa,MARS Telecom Systems Pvt Ltd,64,47
Govt of Goa,Tera Software Ltd,0,1
Govt of Gujarat,GSS Infotech Ltd,729,306
Govt of Gujarat,Karvy Computershare Private Li,402,429
Govt of Gujarat,Silver Touch Technologies Ltd,29,390
Govt of Gujarat,Tera Software Ltd,58,208
Govt of Gujarat,Transline Technologies P Ltd,45,63
Govt of Gujarat,Vayam technologies Ltd,19,177
Govt of Gujarat,eCentric solutions pvt ltd,30,98
Govt of Himachal Pradesh,Wipro Ltd,224,137
Govt of Himachal Pradesh,i-Grandee SoftwareTechnologies,312,108
Govt of Karnataka ,COMAT TECHNOLOGIES P LTD,0,285
Govt of Karnataka ,GLODYNE TECHNOSERVE,0,1193
Govt of Karnataka ,Integra Micro Systems Pvt.ltd,0,87
Govt of Karnataka ,MARS Telecom Systems Pvt Ltd,556,307
Govt of Karnataka ,Ninestars Information Technologies Ltd,207,235
Govt of Karnataka ,Origin ITFS Pvt Ltd,24,339
Govt of Karnataka ,SREEVEN INFOCOM LIMITED,331,280
Govt of Karnataka ,Tera Software Ltd,0,4
Govt of Kerala,Akshaya,500,642
Govt of Kerala,Keltron,17,173
Govt of Madhya Pradesh,VIRGO SOFTECH LIMITED,0,59
Govt of Maharashtra,Alankit Assignments Limited,0,16
Govt of Maharashtra,Alankit Finsec Ltd,165,218
Govt of Maharashtra,Eagle press pvt ltd,1,43
Govt of Maharashtra,GLODYNE TECHNOSERVE,3,248
Govt of Maharashtra,Karvy Computershare Private Li,498,2451
Govt of Maharashtra,M/s. Vidya Online  Pune,96,35
Govt of Maharashtra,Mahaonline Limited,0,145
Govt of Maharashtra,Narayana Electricals Solution Pvt Ltd,18,38
Govt of Maharashtra,Netlink software Pvt Ltd,49,169
Govt of Maharashtra,Network for Information & Computer,0,1
Govt of Maharashtra,Rudranee Infotech Ltd,24,80
Govt of Maharashtra,SHREERAM PRINTING PRESS,20,31
Govt of Maharashtra,SPANCO,14,25
Govt of Maharashtra,STRATEGIC OUTSOURCING SERVICE,45,270
Govt of Maharashtra,Silver Touch Technologies Ltd,21,133
Govt of Maharashtra,Smart Chip Limited,0,1
Govt of Maharashtra,Systematic & Advance Const P L,12,5
Govt of Maharashtra,TEAM LIFE CARE COMPANY INDIA P,0,3
Govt of Maharashtra,TechSmart India Pvt Ltd,52,127
Govt of Maharashtra,Tera Software Ltd,0,86
Govt of Maharashtra,Transline Technologies P Ltd,6,164
Govt of Maharashtra,Wep Solution India Limited,0,440
Govt of Maharashtra,Wipro Ltd,261,586
Govt of Sikkim - Dept of Econo,4G IDENTITY SOLUTIONS,0,3
Govt of Sikkim - Dept of Econo,Department of Economics Statistics  Monitoring and Evaluation DESME,62,18
IDBI Bank ltd,ATISHAY INFOTECH PVT. LTD.,162,81
IDBI Bank ltd,Matrix Processing House,17,18
IDBI Bank ltd,Pioneer E Labs limited,0,5
IDBI Bank ltd,SREEVEN INFOCOM LIMITED,287,226
IDBI Bank ltd,UTI TECHNOLOGY SERVICES LIMITE,20,44
IGNOU,Vakrangee Softwares Limited,0,3
Indian Overseas Bank,Eagle Software India Pvt. Ltd,0,2
Indian Overseas Bank,Karvy Computershare Private Li,0,1
Indiapost,4G IDENTITY SOLUTIONS,0,2
Indiapost,COMAT TECHNOLOGIES P LTD,0,4
Indiapost,Delhi Integrated MMTS Ltd,1276,444
Indiapost,Eagle press pvt ltd,0,6
Indiapost,GLODYNE TECHNOSERVE,0,5
Indiapost,IL&FS LTD,0,2
Indiapost,M/S STAR DATA CENTRE,3,83
Indiapost,MARS Telecom Systems Pvt Ltd,13,116
Indiapost,Madras Security Printers Ltd,0,1
Indiapost,Smart Chip Limited,20,22
Indiapost,TEAM LIFE CARE COMPANY INDIA P,241,338
Indiapost,The Peerless General Finance,0,1
Indiapost,UTI TECHNOLOGY SERVICES LIMITE,0,2
Indiapost,Vayam technologies Ltd,0,5
Indiapost,WEBEL,7,8
Indiapost,eCentric solutions pvt ltd,0,1
Information Technology & Communication Department,4G INFORMATICS,365,345
Information Technology & Communication Department,BNR UDYOG LIMITED,7,65
Information Technology & Communication Department,Bloom Solutions Pvt Ltd,4,155
Information Technology & Communication Department,CSS TECHNERGY LIMITED,67,95
Information Technology & Communication Department,GDC Advertising Pvt. Limited,45,355
Information Technology & Communication Department,JYOTHI COMPUTER SERVICES,36,185
Information Technology & Communication Department,Karvy Data Management Services,5,94
Information Technology & Communication Department,MARS Telecom Systems Pvt Ltd,330,81
Information Technology & Communication Department,SREEVEN INFOCOM LIMITED,299,113
Information Technology & Communication Department,Tera Software Ltd,6,32
Jharkhand,Alankit Assignments Limited,0,24
Jharkhand,Blue Circle Instrument,113,26
Jharkhand,Emdee Digitronics Pvt.Ltd.,10,43
Jharkhand,MKS Enterprises,75,121
Jharkhand,Nevaeh Technology Pvt. Ltd.,82,45
Jharkhand,STRATEGIC OUTSOURCING SERVICE,0,77
Jharkhand,Smart ID,2,1
Jharkhand,Systematic & Advance Const P L,30,123
Jharkhand,VISION COMPTECH INTEGRATOR LTD,9,30
Jharkhand,Wipro Ltd,439,2677
Mission Convergence - GNCT Del,Karvy Computershare Private Li,7,3
Mission Convergence - GNCT Del,NVR & ASSOCIATES LIMITED,29,14
Mission Convergence - GNCT Del,STRATEGIC OUTSOURCING SERVICE,0,1
NSDL e-Governance Infrastructure Limited,Abhipra Capital Ltd,19,154
NSDL e-Governance Infrastructure Limited,Alankit Assignments Limited,729,304
NSDL e-Governance Infrastructure Limited,Delhi Integrated MMTS Ltd,76,33
NSDL e-Governance Infrastructure Limited,Karvy Data Management Services,1349,1895
NSDL e-Governance Infrastructure Limited,Netlink software Pvt Ltd,698,1114
NSDL e-Governance Infrastructure Limited,PROWIZ MANSYTEMS PVT LTD,246,539
NSDL e-Governance Infrastructure Limited,TEAM LIFE CARE COMPANY INDIA P,85,73
NSDL e-Governance Infrastructure Limited,VIRGO SOFTECH LIMITED,465,200
Oriental Bank of Commerce,DATASOFT COMPUTER SERVICES(P),62,79
Oriental Bank of Commerce,Euro Finmart Ltd,8,5
Oriental Bank of Commerce,FINANCIAL INFORMATION NETWORK,3,57
Oriental Bank of Commerce,JNET Technologies Pvt.Ltd,31,328
Oriental Bank of Commerce,Redim Software Technologies Pvt Ltd,3,29
Oriental Bank of Commerce,Sri Ramraja Sarkar Lok Kalyan Trust,197,877
Oriental Bank of Commerce,Wipro Ltd,118,275
RDD Govt of Tripura,Alankit Assignments Limited,0,32
Registrar General India - BEL,In Media Computer Services LLP,14,1
Registrar General India - BEL,Manipur Electronics Dev Corp,72,10
Registrar General India - BEL,Swathy Smartcards Hi-Tech Pvt,4196,3
Registrar General India BEL2,Alankit Assignments Limited,2,108
Registrar General India BEL2,Computer LAB,2,52
Registrar General India BEL2,Emdee Digitronics Pvt.Ltd.,1,0
Registrar General India BEL2,In Media Computer Services LLP,1,0
Registrar General India BEL2,India Computer Technology,56,645
Registrar General India BEL2,MACRO INFOTECH PVT LTD,78,37
Registrar General India BEL2,MKS Enterprises,3,4
Registrar General India BEL2,Madras Security Printers Ltd,321,1625
Registrar General India BEL2,Multiwave Innovation,7,366
Registrar General India BEL2,Netlink software Pvt Ltd,35,41
Registrar General India BEL2,Nevaeh Technology Pvt. Ltd.,5,0
Registrar General India BEL2,Nielsen  India  Private Limited,7,69
Registrar General India BEL2,Om Softwares,7425,301
Registrar General India BEL2,SREEVEN INFOCOM LIMITED,5,941
Registrar General India BEL2,STRATEGIC OUTSOURCING SERVICE,43,6
Registrar General India BEL2,Satyanarayana Raju Company Pvt ltd,17,12
Registrar General India BEL2,Swathy Smartcards Hi-Tech Pvt,341897,840
Registrar General India BEL2,Swiss Tech India Pvt Ltd,7,3091
Registrar General India BEL2,Tera Software Ltd,23359,14251
Registrar General India BEL2,UNITED DATA SERVICES PRIVATE LIMITED,93,39
Registrar General India BEL2,Vansh Infotech Pvt Ltd,16,196
Registrar General India BEL2,Vedavaag Systems Limited,157,17
Registrar General India ECIL,AVVAS INFOTECH PVT  LTD,1,18
Registrar General India ECIL,BUSINESS INFORMATION PROCESSING SERVICES,2,66
Registrar General India ECIL,COMTECH INSTITUTE OFTECHNOLOGY,24,87
Registrar General India ECIL,COMTECHINFO SOLUTIONS PVT.LTD,14,70
Registrar General India ECIL,Chinar Construction Company Prime agency,1,1
Registrar General India ECIL,Clairvoyance Technologies Pvt.,336,24
Registrar General India ECIL,Computer LAB,1140,528
Registrar General India ECIL,Eagle Software India Pvt. Ltd,11,59
Registrar General India ECIL,In Media Computer Services LLP,56803,241
Registrar General India ECIL,India Computer Technology,182,2200
Registrar General India ECIL,Karvy Data Management Services,453,596
Registrar General India ECIL,Krishna Infotech,147,17
Registrar General India ECIL,Madras Security Printers Ltd,71,305
Registrar General India ECIL,Mphasis Ltd,4,181
Registrar General India ECIL,Netwing Technologies Pvt Ltd,28,19
Registrar General India ECIL,Nielsen  India  Private Limited,0,47
Registrar General India ECIL,Pioneer E Labs limited,5,122
Registrar General India ECIL,SARADA SYSTEMS,3,4
Registrar General India ECIL,SWISSTECH NPR 57CR PROJECT PVT,62,973
Registrar General India ECIL,Tera Software Ltd,0,104
Registrar General India ECIL,Vedavaag Systems Limited,82488,544
Registrar General India Others,AVVAS INFOTECH PVT  LTD,0,1
Registrar General India Others,COMTECH INSTITUTE OFTECHNOLOGY,0,1
Registrar General India Others,Computer LAB,0,1
Registrar General India Others,Eagle Software India Pvt. Ltd,2,2
Registrar General India Others,Emdee Digitronics Pvt.Ltd.,0,1
Registrar General India Others,Karvy Data Management Services,16,36
Registrar General India Others,Madras Security Printers Ltd,4,8
Registrar General India Others,Om Softwares,0,1
Registrar General India Others,SREEVEN INFOCOM LIMITED,0,9
Registrar General India Others,Swathy Smartcards Hi-Tech Pvt,2352,4
Registrar General India Others,Swiss Tech India Pvt Ltd,0,1
Registrar General India Others,Vedavaag Systems Limited,0,2
Registrar General India Others,WEBEL TECHNOLOGY LIMITED,0,1
Registrar General of India ITI,COMTECH INSTITUTE OFTECHNOLOGY,176,13
Registrar General of India ITI,CSS TECHNERGY LIMITED,0,12
Registrar General of India ITI,CommunitiWorks Welfare Society,25,23
Registrar General of India ITI,Eagle Software India Pvt. Ltd,76,93
Registrar General of India ITI,Emdee Digitronics Pvt.Ltd.,147,800
Registrar General of India ITI,Karvy Data Management Services,51,147
Registrar General of India ITI,Madras Security Printers Ltd,0,170
Registrar General of India ITI,Mphasis Ltd,1,48
Registrar General of India ITI,Multiwave Innovation,0,7
Registrar General of India ITI,Netlink software Pvt Ltd,44,23
Registrar General of India ITI,Netwing Technologies Pvt Ltd,1,17
Registrar General of India ITI,Nielsen  India  Private Limited,20,34
Registrar General of India ITI,SREEVEN INFOCOM LIMITED,2,614
Registrar General of India ITI,STRATEGIC OUTSOURCING SERVICE,362,101
Registrar General of India ITI,Satyanarayana Raju Company Pvt ltd,34,2
Registrar General of India ITI,Swathy Smartcards Hi-Tech Pvt,228697,831
Registrar General of India ITI,TechSmart India Pvt Ltd,0,13
Registrar General of India ITI,Urmila Info solution,14,5
Registrar General of India ITI,VIRGO SOFTECH LIMITED,20,15
Registrar General of India ITI,Vedavaag Systems Limited,16,93
Registrar General of India ITI,WEBEL TECHNOLOGY LIMITED,315,73
STATE BANK OF PATIALA,CSS TECHNERGY LIMITED,0,1
State Bank of Bikaner & Jaipur,Multiwave Innovation,47,424
State Bank of India,4G IDENTITY SOLUTIONS,0,5
State Bank of India,CSS TECHNERGY LIMITED,0,5
State Bank of India,Eagle press pvt ltd,0,2
State Bank of India,IL&FS LTD,0,4
State Bank of India,Smart Chip Limited,0,2
State Bank of India,VIRGO SOFTECH LIMITED,0,12
State Bank of Travancore,Tera Software Ltd,3,2
Syndicate Bank,Smart Chip Limited,0,1
UIDAI-Registrar,UIDAI-EA,4,2
UT Of Daman and Diu,Alankit Assignments Limited,30,24
UT of Puducherry,Madras Security Printers Ltd,37,24
Union Bank,FINANCIAL INFORMATION NETWORK,1957,954
Union Bank,Smart Chip Limited,1896,1076
Union Bank,Vakrangee Softwares Limited,2662,2690
