Registrar,Enrolment Agency,Aadhaar generated,Enrolment Rejected
Allahabad Bank,Vakrangee Softwares Limited,196,5
Bank Of India,A3 Logics  India  Ltd,5189,155
Bank Of India,Akanksha International,920,5
Bank Of India,Blue Circle Instrument,1319,2
Bank Of India,CHESSY CONSULTANTS PVT LTD,2107,26
Bank Of India,DATASOFT COMPUTER SERVICES(P),2292,75
Bank Of India,Emdee Digitronics Pvt.Ltd.,3875,1
Bank Of India,Frontech Systems Pvt Ltd,941,13
Bank Of India,ITI LIMITED,1,0
Bank Of India,MANTRA SOFTTECH (INDIA) PVTLTD,251,9
Bank Of India,Matrix Processing House,12070,259
Bank Of India,OSWAL COMPUTERS & CONSULTANTS,12144,2256
Bank Of India,PROTEX COMPUTER PVT LTD,4973,283
Bank Of India,SARADA SYSTEMS,3946,94
Bank Of India,SHRIKRISHNA KHANDASARI SUGAR M,4788,33
Bank Of India,SPANCO,4055,245
Bank Of India,SREI INFRASTRUCTURE FINANCES L,10167,572
Bank Of India,Silver Touch Technologies Ltd,858,77
Bank Of India,Systematic & Advance Const P L,6373,247
Bank Of India,VEETECHNOLOGIES PVT. LTD,1460,5
Bank Of India,Vakrangee Softwares Limited,847,31
Bank of Baroda,TEAM LIFE CARE COMPANY INDIA P,1375,47
Bank of Maharashtra,Alankit Finsec Ltd,391,38
Bank of Maharashtra,FINANCIAL INFORMATION NETWORK,1880,13
Bank of Maharashtra,Micro Technologies India Ltd,787,37
Bank of Maharashtra,Tera Software Ltd,354,0
CSC e-Governance Services India Limited,A I Soc for Electronics and Comp Tech,5305,170
CSC e-Governance Services India Limited,AKSH OPTIFIBRE LIMITED,1884,16
CSC e-Governance Services India Limited,BASIX,386,2
CSC e-Governance Services India Limited,CALANCE SOFTWARE PRIVATE LTD,7933,91
CSC e-Governance Services India Limited,CMS Computers Ltd,4886,67
CSC e-Governance Services India Limited,CSC e-Governance Services India Limited,4409,28
CSC e-Governance Services India Limited,Intelligent Communication Systems India Limited,403,21
CSC e-Governance Services India Limited,Network for Information & Computer,3179,16
CSC e-Governance Services India Limited,Reliance Communication Limited,1741,27
CSC e-Governance Services India Limited,SPANCO,566,11
CSC e-Governance Services India Limited,Tera Software Ltd,32,0
CSC e-Governance Services India Limited,United Telecoms e-Services Pvt Ltd,1337,33
CSC e-Governance Services India Limited,VIKALP MULTIMEDIA,89,0
CSC e-Governance Services India Limited,Vakrangee Softwares Limited,1145,3
Central Bank of India,CALANCE SOFTWARE PRIVATE LTD,3855,61
Central Bank of India,Frontech Systems Pvt Ltd,10,0
Central Bank of India,IAP COMPANY Pvt. Ltd,16124,225
Central Bank of India,MANTRA SOFTTECH (INDIA) PVTLTD,78,2
Central Bank of India,The Peerless General Finance,768,6
DENA BANK,ATISHAY INFOTECH PVT. LTD.,2553,13
DENA BANK,Bloom Solutions Pvt Ltd,794,30
DENA BANK,Business Information Processing Services,373,8
DENA BANK,CALANCE SOFTWARE PRIVATE LTD,3040,50
DENA BANK,DATASOFT COMPUTER SERVICES(P),2100,11
DENA BANK,JNET Technologies Pvt.Ltd,3087,20
DENA BANK,K W Consulting P Ltd,1249,19
DENA BANK,Multiwave Innovation,8942,147
DENA BANK,Narayana Electricals Solution Pvt Ltd,1124,0
DENA BANK,Netlink software Pvt Ltd,81,1
DENA BANK,Ortem Securities Limited,43,0
DENA BANK,Prodigy Systems and Services Private Limited,627,1
DENA BANK,Soc for Advancement of Environ Science,102,4
DENA BANK,TechSmart India Pvt Ltd,2382,5
DENA BANK,Tera Software Ltd,785,1
DENA BANK,WEBEL,579,0
Delhi - Central DC,Smart Chip Limited,322,38
Delhi - East DC,DATASOFT COMPUTER SERVICES(P),2344,79
Delhi - ND DC,Smart Chip Limited,463,54
Delhi - NE DC,Smart Chip Limited,627,57
Delhi - North DC,CALANCE SOFTWARE PRIVATE LTD,3626,113
Delhi - North DC,DATASOFT COMPUTER SERVICES(P),0,1
Delhi - North DC,NVR & ASSOCIATES LIMITED,929,38
Delhi - North DC,Smart Chip Limited,1334,29
Delhi SW DC,VIRGO SOFTECH LIMITED,106,86
Delhi- South DC,Karvy Computershare Private Li,178,44
Delhi- South DC,Smart Chip Limited,647,42
Delhi- West DC,Smart Chip Limited,311,21
Delhi- West DC,VIRGO SOFTECH LIMITED,386,9
Delhi-NW DC,Karvy Computershare Private Li,455,39
Department of Information Technology Govt of Jharkhand,Blue Circle Instrument,1003,11
Department of Information Technology Govt of Jharkhand,MKS Enterprises,3209,31
Dept of ITC Govt of Rajasthan,ATISHAY INFOTECH PVT. LTD.,8940,244
Dept of ITC Govt of Rajasthan,AVVAS INFOTECH PVT  LTD,6722,130
Dept of ITC Govt of Rajasthan,Alankit Finsec Ltd,2002,70
Dept of ITC Govt of Rajasthan,Business Information Processing Services,1052,40
Dept of ITC Govt of Rajasthan,DATASOFT COMPUTER SERVICES(P),17120,265
Dept of ITC Govt of Rajasthan,Gem Computers,2715,2
Dept of ITC Govt of Rajasthan,Multiwave Innovation,2530,127
Dept of ITC Govt of Rajasthan,Netlink software Pvt Ltd,1035,32
Dept of ITC Govt of Rajasthan,TechSmart India Pvt Ltd,1677,8
Dept of ITC Govt of Rajasthan,Transline Technologies P Ltd,6355,88
Dept of ITC Govt of Rajasthan,VIRGO SOFTECH LIMITED,627,19
Dept of ITC Govt of Rajasthan,Vakrangee Softwares Limited,2275,126
Dept of ITC Govt of Rajasthan,Vayam technologies Ltd,5232,198
FCR Govt of Haryana,4G INFORMATICS,334,3
FCR Govt of Haryana,Vakrangee Softwares Limited,1,2
FCR Govt of Haryana,Vayam technologies Ltd,475,1
FCS Govt of Punjab,Karvy Computershare Private Li,5708,130
FCS Govt of Punjab,Vayam technologies Ltd,10172,1110
FCS Govt of Punjab,eCentric solutions pvt ltd,7729,90
Govt of Andhra Pradesh,Gouthami Educational Society,1651,34
Govt of Andhra Pradesh,GrapeSoft,857,14
Govt of Andhra Pradesh,INFRONICS SYSTEMS LTD,3662,28
Govt of Andhra Pradesh,SREEVEN INFOCOM LIMITED,1202,11
Govt of Andhra Pradesh,TechSmart India Pvt Ltd,1795,61
Govt of Andhra Pradesh,Tera Software Ltd,3065,74
Govt of Goa,MARS Telecom Systems Pvt Ltd,482,16
Govt of Gujarat,GSS Infotech Ltd,7109,5
Govt of Gujarat,Karvy Computershare Private Li,17201,179
Govt of Gujarat,Silver Touch Technologies Ltd,18435,764
Govt of Gujarat,Tera Software Ltd,5011,54
Govt of Gujarat,Transline Technologies P Ltd,2720,56
Govt of Gujarat,Vayam technologies Ltd,8536,118
Govt of Gujarat,eCentric solutions pvt ltd,6541,16
Govt of Himachal Pradesh,Wipro Ltd,1500,95
Govt of Himachal Pradesh,i-Grandee SoftwareTechnologies,1789,12
Govt of Karnataka ,BNR UDYOG LIMITED,47,0
Govt of Karnataka ,Bloom Solutions Pvt Ltd,10,0
Govt of Karnataka ,MARS Telecom Systems Pvt Ltd,16112,175
Govt of Karnataka ,Ninestars Information Technologies Ltd,8339,72
Govt of Karnataka ,Origin ITFS Pvt Ltd,20464,361
Govt of Karnataka ,SREEVEN INFOCOM LIMITED,12802,256
Govt of Kerala,Akshaya,12353,185
Govt of Kerala,Keltron,1722,100
Govt of Maharashtra,Alankit Finsec Ltd,4442,13
Govt of Maharashtra,Bharat Technical Solutions Private Limited,901,0
Govt of Maharashtra,Eagle press pvt ltd,1591,6
Govt of Maharashtra,GLODYNE TECHNOSERVE,43,0
Govt of Maharashtra,Karvy Computershare Private Li,6472,49
Govt of Maharashtra,M/s. Vidya Online  Pune,845,13
Govt of Maharashtra,Narayana Electricals Solution Pvt Ltd,3740,85
Govt of Maharashtra,Netlink software Pvt Ltd,2880,26
Govt of Maharashtra,Network for Information & Computer,27,0
Govt of Maharashtra,Rudranee Infotech Ltd,1403,7
Govt of Maharashtra,SHREERAM PRINTING PRESS,983,0
Govt of Maharashtra,SPANCO,2525,20
Govt of Maharashtra,STRATEGIC OUTSOURCING SERVICE,4209,10
Govt of Maharashtra,Silver Touch Technologies Ltd,2655,13
Govt of Maharashtra,Systematic & Advance Const P L,91,2
Govt of Maharashtra,TEAM LIFE CARE COMPANY INDIA P,181,1
Govt of Maharashtra,TechSmart India Pvt Ltd,1245,6
Govt of Maharashtra,Tera Software Ltd,35,0
Govt of Maharashtra,Transline Technologies P Ltd,322,1
Govt of Maharashtra,Wipro Ltd,4951,82
Govt of Sikkim - Dept of Econo,Department of Economics Statistics  Monitoring and Evaluation DESME,266,0
IDBI Bank ltd,ATISHAY INFOTECH PVT. LTD.,1954,96
IDBI Bank ltd,Matrix Processing House,428,20
IDBI Bank ltd,Pioneer E Labs limited,1,0
IDBI Bank ltd,SREEVEN INFOCOM LIMITED,3562,36
IDBI Bank ltd,UTI TECHNOLOGY SERVICES LIMITE,2390,9
Indiapost,Delhi Integrated MMTS Ltd,17070,143
Indiapost,M/S STAR DATA CENTRE,305,0
Indiapost,MARS Telecom Systems Pvt Ltd,2689,10
Indiapost,Smart Chip Limited,47,5
Indiapost,TEAM LIFE CARE COMPANY INDIA P,3727,8
Indiapost,Vayam technologies Ltd,245,4
Indiapost,WEBEL,432,53
Information Technology & Communication Department,4G INFORMATICS,10125,117
Information Technology & Communication Department,BNR UDYOG LIMITED,2743,86
Information Technology & Communication Department,Bloom Solutions Pvt Ltd,4358,118
Information Technology & Communication Department,CSS TECHNERGY LIMITED,1113,43
Information Technology & Communication Department,GDC Advertising Pvt. Limited,22,0
Information Technology & Communication Department,JYOTHI COMPUTER SERVICES,17463,126
Information Technology & Communication Department,Karvy Data Management Services,454,4
Information Technology & Communication Department,MARS Telecom Systems Pvt Ltd,1762,24
Information Technology & Communication Department,SREEVEN INFOCOM LIMITED,2800,54
Information Technology & Communication Department,Tera Software Ltd,1846,54
Jharkhand,Blue Circle Instrument,161,2
Jharkhand,Emdee Digitronics Pvt.Ltd.,3298,100
Jharkhand,MKS Enterprises,2688,45
Jharkhand,Nevaeh Technology Pvt. Ltd.,1812,19
Jharkhand,Smart Chip Limited,35,0
Jharkhand,Systematic & Advance Const P L,2669,57
Jharkhand,VISION COMPTECH INTEGRATOR LTD,3027,60
Jharkhand,Wipro Ltd,11316,153
Mission Convergence - GNCT Del,Karvy Computershare Private Li,221,2
Mission Convergence - GNCT Del,NVR & ASSOCIATES LIMITED,198,26
NSDL e-Governance Infrastructure Limited,Abhipra Capital Ltd,2643,9
NSDL e-Governance Infrastructure Limited,Alankit Assignments Limited,8328,109
NSDL e-Governance Infrastructure Limited,Delhi Integrated MMTS Ltd,377,13
NSDL e-Governance Infrastructure Limited,INTEGRATED REGISTRY SERVICES LTD,38,1
NSDL e-Governance Infrastructure Limited,Karvy Data Management Services,19654,433
NSDL e-Governance Infrastructure Limited,Netlink software Pvt Ltd,7709,84
NSDL e-Governance Infrastructure Limited,PROWIZ MANSYTEMS PVT LTD,3470,228
NSDL e-Governance Infrastructure Limited,TEAM LIFE CARE COMPANY INDIA P,90,1
NSDL e-Governance Infrastructure Limited,VIRGO SOFTECH LIMITED,8347,47
Oriental Bank of Commerce,DATASOFT COMPUTER SERVICES(P),3171,49
Oriental Bank of Commerce,Euro Finmart Ltd,221,4
Oriental Bank of Commerce,JNET Technologies Pvt.Ltd,1242,48
Oriental Bank of Commerce,Redim Software Technologies Pvt Ltd,942,5
Oriental Bank of Commerce,Sri Ramraja Sarkar Lok Kalyan Trust,5791,61
Oriental Bank of Commerce,Wipro Ltd,7940,89
Registrar General India - BEL,Manipur Electronics Dev Corp,0,1
Registrar General India - BEL,Swathy Smartcards Hi-Tech Pvt,1,0
Registrar General India BEL2,Alankit Assignments Limited,12,0
Registrar General India BEL2,Computer LAB,3793,3
Registrar General India BEL2,Emdee Digitronics Pvt.Ltd.,719,8
Registrar General India BEL2,In Media Computer Services LLP,1,0
Registrar General India BEL2,India Computer Technology,28374,141
Registrar General India BEL2,MACRO INFOTECH PVT LTD,8410,17
Registrar General India BEL2,Madras Security Printers Ltd,35592,46
Registrar General India BEL2,Manipur Electronics Dev Corp,145,5
Registrar General India BEL2,Multiwave Innovation,1727,20
Registrar General India BEL2,Netlink software Pvt Ltd,1599,9
Registrar General India BEL2,Nevaeh Technology Pvt. Ltd.,9,3
Registrar General India BEL2,Nielsen  India  Private Limited,450,1
Registrar General India BEL2,Om Softwares,7345,0
Registrar General India BEL2,SREEVEN INFOCOM LIMITED,1,0
Registrar General India BEL2,STRATEGIC OUTSOURCING SERVICE,905,8
Registrar General India BEL2,Satyanarayana Raju Company Pvt ltd,1,0
Registrar General India BEL2,Swathy Smartcards Hi-Tech Pvt,18143,98
Registrar General India BEL2,Swiss Tech India Pvt Ltd,1544,0
Registrar General India BEL2,Tera Software Ltd,1809,585
Registrar General India BEL2,UNITED DATA SERVICES PRIVATE LIMITED,5635,4
Registrar General India BEL2,Vansh Infotech Pvt Ltd,2272,7
Registrar General India BEL2,Vedavaag Systems Limited,2991,12
Registrar General India ECIL,AVVAS INFOTECH PVT  LTD,2359,25
Registrar General India ECIL,BUSINESS INFORMATION PROCESSING SERVICES,994,3
Registrar General India ECIL,COMTECH INSTITUTE OFTECHNOLOGY,6685,21
Registrar General India ECIL,COMTECHINFO SOLUTIONS PVT.LTD,4613,0
Registrar General India ECIL,Chinar Construction Company Prime agency,154,0
Registrar General India ECIL,Clairvoyance Technologies Pvt.,20,0
Registrar General India ECIL,Computer LAB,9535,1250
Registrar General India ECIL,Eagle Software India Pvt. Ltd,84646,7269
Registrar General India ECIL,Esoft Consulting Limited,269,1
Registrar General India ECIL,In Media Computer Services LLP,2199,5
Registrar General India ECIL,India Computer Technology,2343,2138
Registrar General India ECIL,Karvy Data Management Services,4160,57
Registrar General India ECIL,Krishna Infotech,34,23
Registrar General India ECIL,Madras Security Printers Ltd,23316,6995
Registrar General India ECIL,Mphasis Ltd,6076,12
Registrar General India ECIL,Netwing Technologies Pvt Ltd,4,0
Registrar General India ECIL,Nielsen  India  Private Limited,129,0
Registrar General India ECIL,Pioneer E Labs limited,1492,16
Registrar General India ECIL,SARADA SYSTEMS,27,0
Registrar General India ECIL,SWISSTECH NPR 57CR PROJECT PVT,8187,130
Registrar General India ECIL,Tera Software Ltd,5,1
Registrar General India ECIL,Vedavaag Systems Limited,1688,46
Registrar General India Others,AVVAS INFOTECH PVT  LTD,35,0
Registrar General India Others,Computer LAB,3,0
Registrar General India Others,Eagle Software India Pvt. Ltd,9,1
Registrar General India Others,In Media Computer Services LLP,1,0
Registrar General India Others,Karvy Data Management Services,85,0
Registrar General India Others,Madras Security Printers Ltd,0,1
Registrar General India Others,Mphasis Ltd,1,0
Registrar General India Others,Om Softwares,7,0
Registrar General India Others,STRATEGIC OUTSOURCING SERVICE,1,0
Registrar General India Others,SWISSTECH NPR 57CR PROJECT PVT,8,2
Registrar General India Others,Swathy Smartcards Hi-Tech Pvt,2,3
Registrar General India Others,Vedavaag Systems Limited,3,0
Registrar General of India ITI,COMTECH INSTITUTE OFTECHNOLOGY,454,5
Registrar General of India ITI,CSS TECHNERGY LIMITED,2037,9
Registrar General of India ITI,CommunitiWorks Welfare Society,1297,3
Registrar General of India ITI,Eagle Software India Pvt. Ltd,7579,35
Registrar General of India ITI,Emdee Digitronics Pvt.Ltd.,11590,186
Registrar General of India ITI,In Media Computer Services LLP,53,0
Registrar General of India ITI,Karvy Data Management Services,109,7
Registrar General of India ITI,Madras Security Printers Ltd,257,0
Registrar General of India ITI,Mphasis Ltd,369,7
Registrar General of India ITI,Multiwave Innovation,213,12
Registrar General of India ITI,Netlink software Pvt Ltd,467,0
Registrar General of India ITI,Netwing Technologies Pvt Ltd,183,2
Registrar General of India ITI,Nielsen  India  Private Limited,1197,3
Registrar General of India ITI,SREEVEN INFOCOM LIMITED,370,0
Registrar General of India ITI,STRATEGIC OUTSOURCING SERVICE,1213,1
Registrar General of India ITI,Satyanarayana Raju Company Pvt ltd,490,6
Registrar General of India ITI,Swathy Smartcards Hi-Tech Pvt,1551,135
Registrar General of India ITI,TechSmart India Pvt Ltd,1,0
Registrar General of India ITI,Urmila Info solution,1,0
Registrar General of India ITI,VIRGO SOFTECH LIMITED,1111,0
Registrar General of India ITI,Vedavaag Systems Limited,3439,4
Registrar General of India ITI,WEBEL TECHNOLOGY LIMITED,464,3
Registrar General of India ITI,Webx Technologies Private Limited,0,2
State Bank of Bikaner & Jaipur,Multiwave Innovation,138,5
State Bank of Travancore,Tera Software Ltd,237,5
UIDAI-Registrar,UIDAI-EA,41,0
UT Of Daman and Diu,Alankit Assignments Limited,59,0
UT of Puducherry,Madras Security Printers Ltd,84,0
Union Bank,FINANCIAL INFORMATION NETWORK,35280,575
Union Bank,Smart Chip Limited,20326,1662
Union Bank,Vakrangee Softwares Limited,33520,905
