Registrar,Enrolment Agency,Aadhaar generated,Enrolment Rejected
Allahabad Bank,Tera Software Ltd,0,7
Allahabad Bank,Vakrangee Softwares Limited,2380,1578
Bank Of India,A3 Logics  India  Ltd,5675,306
Bank Of India,Akanksha International,590,79
Bank Of India,Blue Circle Instrument,445,27
Bank Of India,CHESSY CONSULTANTS PVT LTD,2599,51
Bank Of India,DATASOFT COMPUTER SERVICES(P),2459,161
Bank Of India,Emdee Digitronics Pvt.Ltd.,678,26
Bank Of India,Frontech Systems Pvt Ltd,473,237
Bank Of India,ITI LIMITED,19,6
Bank Of India,MANTRA SOFTTECH (INDIA) PVTLTD,452,54
Bank Of India,Matrix Processing House,5016,422
Bank Of India,OPTIMIX CONSULTANCY PRIVATE LT,8,0
Bank Of India,OSWAL COMPUTERS & CONSULTANTS,8037,2058
Bank Of India,PROTEX COMPUTER PVT LTD,4673,212
Bank Of India,SARADA SYSTEMS,1809,99
Bank Of India,SHRIKRISHNA KHANDASARI SUGAR M,1793,333
Bank Of India,SPANCO,4647,375
Bank Of India,SREI INFRASTRUCTURE FINANCES L,6052,429
Bank Of India,Silver Touch Technologies Ltd,879,169
Bank Of India,Systematic & Advance Const P L,11737,755
Bank Of India,VEETECHNOLOGIES PVT. LTD,1424,181
Bank Of India,Vakrangee Softwares Limited,1479,1445
Bank of Baroda,TEAM LIFE CARE COMPANY INDIA P,1791,109
Bank of Maharashtra,Alankit Finsec Ltd,87,15
Bank of Maharashtra,FINANCIAL INFORMATION NETWORK,147,17
Bank of Maharashtra,Micro Technologies India Ltd,407,17
Bank of Maharashtra,Tera Software Ltd,9,0
CSC e-Governance Services India Limited,A I Soc for Electronics and Comp Tech,1466,151
CSC e-Governance Services India Limited,AKSH OPTIFIBRE LIMITED,887,26
CSC e-Governance Services India Limited,BASIX,284,5
CSC e-Governance Services India Limited,CALANCE SOFTWARE PRIVATE LTD,911,34
CSC e-Governance Services India Limited,CMS Computers Ltd,1045,146
CSC e-Governance Services India Limited,CSC e-Governance Services India Limited,57,1
CSC e-Governance Services India Limited,Intelligent Communication Systems India Limited,49,15
CSC e-Governance Services India Limited,Network for Information & Computer,947,64
CSC e-Governance Services India Limited,Reliance Communication Limited,835,91
CSC e-Governance Services India Limited,SPANCO,173,32
CSC e-Governance Services India Limited,Tera Software Ltd,3,3
CSC e-Governance Services India Limited,United Telecoms e-Services Pvt Ltd,306,28
CSC e-Governance Services India Limited,VIKALP MULTIMEDIA,2,0
CSC e-Governance Services India Limited,Vakrangee Softwares Limited,53,0
Central Bank of India,CALANCE SOFTWARE PRIVATE LTD,5428,139
Central Bank of India,Frontech Systems Pvt Ltd,21,0
Central Bank of India,IAP COMPANY Pvt. Ltd,12844,674
Central Bank of India,MANTRA SOFTTECH (INDIA) PVTLTD,387,24
Central Bank of India,The Peerless General Finance,1395,48
DENA BANK,ATISHAY INFOTECH PVT. LTD.,342,7
DENA BANK,Bloom Solutions Pvt Ltd,10,0
DENA BANK,Business Information Processing Services,106,41
DENA BANK,DATASOFT COMPUTER SERVICES(P),198,9
DENA BANK,JNET Technologies Pvt.Ltd,430,16
DENA BANK,K W Consulting P Ltd,578,5
DENA BANK,Multiwave Innovation,725,47
DENA BANK,Netlink software Pvt Ltd,633,71
DENA BANK,Prodigy Systems and Services Private Limited,53,0
DENA BANK,Soc for Advancement of Environ Science,87,55
DENA BANK,TechSmart India Pvt Ltd,6,0
DENA BANK,Tera Software Ltd,2,1
Delhi - Central DC,Smart Chip Limited,252,89
Delhi - East DC,DATASOFT COMPUTER SERVICES(P),1072,172
Delhi - ND DC,Smart Chip Limited,56,11
Delhi - NE DC,Smart Chip Limited,762,151
Delhi - North DC,CALANCE SOFTWARE PRIVATE LTD,2918,528
Delhi - North DC,NVR & ASSOCIATES LIMITED,728,584
Delhi - North DC,Smart Chip Limited,223,95
Delhi SW DC,VIRGO SOFTECH LIMITED,264,932
Delhi- South DC,Karvy Computershare Private Li,31,6
Delhi- South DC,Smart Chip Limited,97,40
Delhi- West DC,Smart Chip Limited,83,21
Delhi- West DC,VIRGO SOFTECH LIMITED,170,552
Delhi-NW DC,Karvy Computershare Private Li,88,23
Department of Information Technology Govt of Jharkhand,Blue Circle Instrument,739,181
Department of Information Technology Govt of Jharkhand,MKS Enterprises,2278,104
Department of Information Technology Govt of Jharkhand,Systematic & Advance Const P L,52,6
Department of Information Technology Govt of Jharkhand,Vayam technologies Ltd,3,32
Dept of ITC Govt of Rajasthan,ATISHAY INFOTECH PVT. LTD.,7419,688
Dept of ITC Govt of Rajasthan,AVVAS INFOTECH PVT  LTD,6049,492
Dept of ITC Govt of Rajasthan,Alankit Finsec Ltd,2955,262
Dept of ITC Govt of Rajasthan,Business Information Processing Services,1172,118
Dept of ITC Govt of Rajasthan,DATASOFT COMPUTER SERVICES(P),18787,686
Dept of ITC Govt of Rajasthan,Gem Computers,251,204
Dept of ITC Govt of Rajasthan,Multiwave Innovation,2064,167
Dept of ITC Govt of Rajasthan,Netlink software Pvt Ltd,2834,159
Dept of ITC Govt of Rajasthan,TechSmart India Pvt Ltd,972,143
Dept of ITC Govt of Rajasthan,Transline Technologies P Ltd,5019,542
Dept of ITC Govt of Rajasthan,VIRGO SOFTECH LIMITED,74,7
Dept of ITC Govt of Rajasthan,Vakrangee Softwares Limited,7016,2444
Dept of ITC Govt of Rajasthan,Vayam technologies Ltd,3842,1010
FCR Govt of Haryana,4G INFORMATICS,7,0
FCR Govt of Haryana,Vakrangee Softwares Limited,130,4104
FCR Govt of Haryana,Vayam technologies Ltd,1,0
FCS Govt of Punjab,CSS TECHNERGY LIMITED,533,6
FCS Govt of Punjab,Karvy Computershare Private Li,8349,679
FCS Govt of Punjab,Vayam technologies Ltd,6233,1455
FCS Govt of Punjab,eCentric solutions pvt ltd,9137,436
Govt of Andhra Pradesh,Gouthami Educational Society,593,60
Govt of Andhra Pradesh,GrapeSoft,532,6
Govt of Andhra Pradesh,IL&FS LTD,0,32
Govt of Andhra Pradesh,INFRONICS SYSTEMS LTD,1613,607
Govt of Andhra Pradesh,SREEVEN INFOCOM LIMITED,2016,204
Govt of Andhra Pradesh,TechSmart India Pvt Ltd,8697,1086
Govt of Andhra Pradesh,Tera Software Ltd,1435,107
Govt of Goa,MARS Telecom Systems Pvt Ltd,192,14
Govt of Goa,Tera Software Ltd,0,23
Govt of Gujarat,GSS Infotech Ltd,4950,297
Govt of Gujarat,Karvy Computershare Private Li,5205,239
Govt of Gujarat,Silver Touch Technologies Ltd,11317,1467
Govt of Gujarat,Tera Software Ltd,4158,296
Govt of Gujarat,Transline Technologies P Ltd,1313,169
Govt of Gujarat,Vayam technologies Ltd,3210,265
Govt of Gujarat,eCentric solutions pvt ltd,5270,190
Govt of Himachal Pradesh,Wipro Ltd,189,90
Govt of Himachal Pradesh,i-Grandee SoftwareTechnologies,903,48
Govt of Karnataka ,MARS Telecom Systems Pvt Ltd,9043,419
Govt of Karnataka ,Ninestars Information Technologies Ltd,3449,552
Govt of Karnataka ,Origin ITFS Pvt Ltd,10316,743
Govt of Karnataka ,SREEVEN INFOCOM LIMITED,5724,255
Govt of Kerala,Akshaya,8025,7932
Govt of Kerala,Keltron,1380,17485
Govt of Madhya Pradesh,VIRGO SOFTECH LIMITED,0,9
Govt of Maharashtra,Alankit Finsec Ltd,4814,108
Govt of Maharashtra,Bharat Technical Solutions Private Limited,26,0
Govt of Maharashtra,Eagle press pvt ltd,1794,4
Govt of Maharashtra,GLODYNE TECHNOSERVE,1249,13
Govt of Maharashtra,Karvy Computershare Private Li,10709,443
Govt of Maharashtra,M/S King Computer System pvt Ltd,4,0
Govt of Maharashtra,M/s. Vidya Online  Pune,331,2
Govt of Maharashtra,Narayana Electricals Solution Pvt Ltd,2471,113
Govt of Maharashtra,Netlink software Pvt Ltd,4091,631
Govt of Maharashtra,Obel projects Pvt Ltd,7,8
Govt of Maharashtra,Rudranee Infotech Ltd,2313,24
Govt of Maharashtra,SHREERAM PRINTING PRESS,265,1
Govt of Maharashtra,SPANCO,1395,41
Govt of Maharashtra,STRATEGIC OUTSOURCING SERVICE,1923,128
Govt of Maharashtra,Silver Touch Technologies Ltd,1840,152
Govt of Maharashtra,Systematic & Advance Const P L,151,13
Govt of Maharashtra,TEAM LIFE CARE COMPANY INDIA P,387,6
Govt of Maharashtra,TechSmart India Pvt Ltd,2729,233
Govt of Maharashtra,Tera Software Ltd,7,16
Govt of Maharashtra,Transline Technologies P Ltd,145,39
Govt of Maharashtra,Wipro Ltd,2150,803
Govt of Sikkim - Dept of Econo,Department of Economics Statistics  Monitoring and Evaluation DESME,18,0
IDBI Bank ltd,ATISHAY INFOTECH PVT. LTD.,543,203
IDBI Bank ltd,Matrix Processing House,302,14
IDBI Bank ltd,Pioneer E Labs limited,9,1
IDBI Bank ltd,SREEVEN INFOCOM LIMITED,1471,25
IDBI Bank ltd,UTI TECHNOLOGY SERVICES LIMITE,811,244
Indiapost,Delhi Integrated MMTS Ltd,14613,398
Indiapost,M/S STAR DATA CENTRE,278,32
Indiapost,MARS Telecom Systems Pvt Ltd,642,63
Indiapost,Smart Chip Limited,405,72
Indiapost,TEAM LIFE CARE COMPANY INDIA P,5238,630
Indiapost,Vayam technologies Ltd,63,40
Indiapost,WEBEL,135,94
Information Technology & Communication Department,4G INFORMATICS,13623,648
Information Technology & Communication Department,BNR UDYOG LIMITED,3593,135
Information Technology & Communication Department,Bloom Solutions Pvt Ltd,1921,179
Information Technology & Communication Department,CSS TECHNERGY LIMITED,16665,453
Information Technology & Communication Department,GDC Advertising Pvt. Limited,81,2
Information Technology & Communication Department,JYOTHI COMPUTER SERVICES,9508,453
Information Technology & Communication Department,MARS Telecom Systems Pvt Ltd,568,10
Information Technology & Communication Department,SREEVEN INFOCOM LIMITED,4030,159
Information Technology & Communication Department,Tera Software Ltd,1589,193
Jharkhand,Blue Circle Instrument,164,8
Jharkhand,Emdee Digitronics Pvt.Ltd.,2597,651
Jharkhand,MKS Enterprises,2397,127
Jharkhand,Nevaeh Technology Pvt. Ltd.,1431,50
Jharkhand,Systematic & Advance Const P L,3961,310
Jharkhand,VISION COMPTECH INTEGRATOR LTD,1706,220
Jharkhand,Wipro Ltd,7634,2066
Mission Convergence - GNCT Del,Karvy Computershare Private Li,350,2
Mission Convergence - GNCT Del,NVR & ASSOCIATES LIMITED,86,5
NSDL e-Governance Infrastructure Limited,Abhipra Capital Ltd,1665,102
NSDL e-Governance Infrastructure Limited,Alankit Assignments Limited,10465,307
NSDL e-Governance Infrastructure Limited,Delhi Integrated MMTS Ltd,1739,75
NSDL e-Governance Infrastructure Limited,INTEGRATED REGISTRY SERVICES LTD,26,2
NSDL e-Governance Infrastructure Limited,Karvy Data Management Services,18611,1011
NSDL e-Governance Infrastructure Limited,Netlink software Pvt Ltd,10973,1061
NSDL e-Governance Infrastructure Limited,PROWIZ MANSYTEMS PVT LTD,17739,628
NSDL e-Governance Infrastructure Limited,TEAM LIFE CARE COMPANY INDIA P,609,49
NSDL e-Governance Infrastructure Limited,VIRGO SOFTECH LIMITED,4693,524
Oriental Bank of Commerce,DATASOFT COMPUTER SERVICES(P),1719,80
Oriental Bank of Commerce,Euro Finmart Ltd,82,1
Oriental Bank of Commerce,JNET Technologies Pvt.Ltd,2247,279
Oriental Bank of Commerce,Redim Software Technologies Pvt Ltd,402,110
Oriental Bank of Commerce,Sri Ramraja Sarkar Lok Kalyan Trust,5986,578
Oriental Bank of Commerce,Wipro Ltd,6009,491
Others,Others,0,1
Registrar General India - BEL,Manipur Electronics Dev Corp,0,1
Registrar General India - BEL,Swathy Smartcards Hi-Tech Pvt,2,66
Registrar General India BEL2,Alankit Assignments Limited,367,2
Registrar General India BEL2,Computer LAB,1785,49
Registrar General India BEL2,Emdee Digitronics Pvt.Ltd.,7,0
Registrar General India BEL2,In Media Computer Services LLP,50,0
Registrar General India BEL2,India Computer Technology,10754,40
Registrar General India BEL2,MACRO INFOTECH PVT LTD,1284,4
Registrar General India BEL2,MKS Enterprises,150,13
Registrar General India BEL2,Madras Security Printers Ltd,12395,47
Registrar General India BEL2,Manipur Electronics Dev Corp,5,0
Registrar General India BEL2,Multiwave Innovation,115,15
Registrar General India BEL2,Netlink software Pvt Ltd,995,38
Registrar General India BEL2,Nevaeh Technology Pvt. Ltd.,116,0
Registrar General India BEL2,Nielsen  India  Private Limited,325,87
Registrar General India BEL2,Om Softwares,571,1
Registrar General India BEL2,SREEVEN INFOCOM LIMITED,35,0
Registrar General India BEL2,STRATEGIC OUTSOURCING SERVICE,290,27
Registrar General India BEL2,Satyanarayana Raju Company Pvt ltd,29,0
Registrar General India BEL2,Swathy Smartcards Hi-Tech Pvt,8945,14821
Registrar General India BEL2,Swiss Tech India Pvt Ltd,5522,28
Registrar General India BEL2,Tera Software Ltd,915,10948
Registrar General India BEL2,UNITED DATA SERVICES PRIVATE LIMITED,559,30
Registrar General India BEL2,VIRGO SOFTECH LIMITED,0,213
Registrar General India BEL2,Vansh Infotech Pvt Ltd,3368,7
Registrar General India BEL2,Vedavaag Systems Limited,762,4
Registrar General India ECIL,AVVAS INFOTECH PVT  LTD,2162,10
Registrar General India ECIL,BUSINESS INFORMATION PROCESSING SERVICES,89,0
Registrar General India ECIL,COMTECH INSTITUTE OFTECHNOLOGY,837,1
Registrar General India ECIL,COMTECHINFO SOLUTIONS PVT.LTD,557,84
Registrar General India ECIL,Chinar Construction Company Prime agency,98,1
Registrar General India ECIL,Clairvoyance Technologies Pvt.,141,0
Registrar General India ECIL,Computer LAB,14705,1645
Registrar General India ECIL,Eagle Software India Pvt. Ltd,7556,4980
Registrar General India ECIL,In Media Computer Services LLP,4322,12
Registrar General India ECIL,India Computer Technology,1043,1789
Registrar General India ECIL,Karvy Data Management Services,2110,14
Registrar General India ECIL,Krishna Infotech,2435,46
Registrar General India ECIL,Madras Security Printers Ltd,2886,2533
Registrar General India ECIL,Mphasis Ltd,4393,24
Registrar General India ECIL,Netwing Technologies Pvt Ltd,166,4
Registrar General India ECIL,Nielsen  India  Private Limited,1035,5
Registrar General India ECIL,Pioneer E Labs limited,166,29
Registrar General India ECIL,SARADA SYSTEMS,233,0
Registrar General India ECIL,SWISSTECH NPR 57CR PROJECT PVT,11886,28
Registrar General India ECIL,Tera Software Ltd,3908,1023
Registrar General India ECIL,Vedavaag Systems Limited,7235,64
Registrar General India Others,AVVAS INFOTECH PVT  LTD,3,0
Registrar General India Others,COMTECH INSTITUTE OFTECHNOLOGY,1,0
Registrar General India Others,Computer LAB,1,0
Registrar General India Others,Karvy Data Management Services,31,0
Registrar General India Others,Nielsen  India  Private Limited,1,0
Registrar General India Others,SWISSTECH NPR 57CR PROJECT PVT,29,3
Registrar General India Others,Swathy Smartcards Hi-Tech Pvt,4,38
Registrar General of India ITI,COMTECH INSTITUTE OFTECHNOLOGY,209,1
Registrar General of India ITI,CSS TECHNERGY LIMITED,1743,4
Registrar General of India ITI,CommunitiWorks Welfare Society,183,2
Registrar General of India ITI,Eagle Software India Pvt. Ltd,2465,17
Registrar General of India ITI,Emdee Digitronics Pvt.Ltd.,11294,311
Registrar General of India ITI,Karvy Data Management Services,343,7
Registrar General of India ITI,Madras Security Printers Ltd,48,0
Registrar General of India ITI,Mphasis Ltd,526,2
Registrar General of India ITI,Multiwave Innovation,9,3
Registrar General of India ITI,Netlink software Pvt Ltd,580,8
Registrar General of India ITI,Netwing Technologies Pvt Ltd,122,0
Registrar General of India ITI,Nielsen  India  Private Limited,714,63
Registrar General of India ITI,SREEVEN INFOCOM LIMITED,16,0
Registrar General of India ITI,STRATEGIC OUTSOURCING SERVICE,751,7
Registrar General of India ITI,Satyanarayana Raju Company Pvt ltd,595,10
Registrar General of India ITI,Swathy Smartcards Hi-Tech Pvt,6667,76791
Registrar General of India ITI,TechSmart India Pvt Ltd,1,0
Registrar General of India ITI,Urmila Info solution,41,0
Registrar General of India ITI,VIRGO SOFTECH LIMITED,156,0
Registrar General of India ITI,Vedavaag Systems Limited,975,1
Registrar General of India ITI,WEBEL TECHNOLOGY LIMITED,68,475
STATE BANK OF PATIALA,CSS TECHNERGY LIMITED,1,0
State Bank of Bikaner & Jaipur,Multiwave Innovation,1547,139
State Bank of India,VIRGO SOFTECH LIMITED,0,235
State Bank of Travancore,Tera Software Ltd,101,1039
UIDAI-Registrar,UIDAI-EA,14,2
UT Of Daman and Diu,Alankit Assignments Limited,90,3
UT of Puducherry,Madras Security Printers Ltd,31,12
Union Bank,FINANCIAL INFORMATION NETWORK,9924,600
Union Bank,Smart Chip Limited,9674,1063
Union Bank,Vakrangee Softwares Limited,25167,5556
