Registrar,Enrolment Agency,Aadhaar generated,Enrolment Rejected
Allahabad Bank,Vakrangee Softwares Limited,36,2
Bank Of India,A3 Logics  India  Ltd,7650,148
Bank Of India,Akanksha International,2098,27
Bank Of India,Blue Circle Instrument,4761,17
Bank Of India,CHESSY CONSULTANTS PVT LTD,1738,69
Bank Of India,DATASOFT COMPUTER SERVICES(P),5126,55
Bank Of India,Emdee Digitronics Pvt.Ltd.,1462,2
Bank Of India,Frontech Systems Pvt Ltd,897,19
Bank Of India,ITI LIMITED,1,0
Bank Of India,MANTRA SOFTTECH (INDIA) PVTLTD,326,4
Bank Of India,Matrix Processing House,18972,198
Bank Of India,OSWAL COMPUTERS & CONSULTANTS,8879,797
Bank Of India,PROTEX COMPUTER PVT LTD,7734,47
Bank Of India,SARADA SYSTEMS,1546,11
Bank Of India,SHRIKRISHNA KHANDASARI SUGAR M,8036,78
Bank Of India,SPANCO,2653,43
Bank Of India,SREI INFRASTRUCTURE FINANCES L,8521,110
Bank Of India,Silver Touch Technologies Ltd,829,26
Bank Of India,Systematic & Advance Const P L,6777,83
Bank Of India,VEETECHNOLOGIES PVT. LTD,4242,8
Bank Of India,Vakrangee Softwares Limited,11,3
Bank of Baroda,TEAM LIFE CARE COMPANY INDIA P,3499,26
Bank of Maharashtra,Alankit Finsec Ltd,265,17
Bank of Maharashtra,FINANCIAL INFORMATION NETWORK,1917,24
Bank of Maharashtra,Micro Technologies India Ltd,2722,47
Bank of Maharashtra,Tera Software Ltd,101,0
CSC e-Governance Services India Limited,A I Soc for Electronics and Comp Tech,10471,255
CSC e-Governance Services India Limited,AKSH OPTIFIBRE LIMITED,3126,29
CSC e-Governance Services India Limited,BASIX,945,31
CSC e-Governance Services India Limited,CALANCE SOFTWARE PRIVATE LTD,4519,31
CSC e-Governance Services India Limited,CMS Computers Ltd,9079,61
CSC e-Governance Services India Limited,CSC e-Governance Services India Limited,5021,70
CSC e-Governance Services India Limited,Intelligent Communication Systems India Limited,344,15
CSC e-Governance Services India Limited,Network for Information & Computer,2339,13
CSC e-Governance Services India Limited,Reliance Communication Limited,3192,47
CSC e-Governance Services India Limited,SPANCO,850,20
CSC e-Governance Services India Limited,Tera Software Ltd,57,1
CSC e-Governance Services India Limited,United Telecoms e-Services Pvt Ltd,2354,50
CSC e-Governance Services India Limited,VIKALP MULTIMEDIA,827,2
CSC e-Governance Services India Limited,Vakrangee Softwares Limited,581,5
Central Bank of India,CALANCE SOFTWARE PRIVATE LTD,1888,28
Central Bank of India,IAP COMPANY Pvt. Ltd,13375,82
Central Bank of India,MANTRA SOFTTECH (INDIA) PVTLTD,23,1
Central Bank of India,The Peerless General Finance,5418,25
DENA BANK,ATISHAY INFOTECH PVT. LTD.,785,5
DENA BANK,Bloom Solutions Pvt Ltd,1872,34
DENA BANK,Business Information Processing Services,390,17
DENA BANK,CALANCE SOFTWARE PRIVATE LTD,605,6
DENA BANK,DATASOFT COMPUTER SERVICES(P),863,4
DENA BANK,JNET Technologies Pvt.Ltd,4352,77
DENA BANK,K W Consulting P Ltd,2124,30
DENA BANK,Multiwave Innovation,9947,126
DENA BANK,Netlink software Pvt Ltd,63,0
DENA BANK,Ortem Securities Limited,67,1
DENA BANK,Prodigy Systems and Services Private Limited,774,14
DENA BANK,Soc for Advancement of Environ Science,658,76
DENA BANK,TechSmart India Pvt Ltd,3671,31
DENA BANK,Tera Software Ltd,571,16
Delhi - Central DC,Smart Chip Limited,1744,41
Delhi - East DC,DATASOFT COMPUTER SERVICES(P),1111,21
Delhi - ND DC,Smart Chip Limited,636,43
Delhi - NE DC,Smart Chip Limited,164,8
Delhi - North DC,CALANCE SOFTWARE PRIVATE LTD,2255,80
Delhi - North DC,NVR & ASSOCIATES LIMITED,1078,38
Delhi - North DC,Smart Chip Limited,3,4
Delhi SW DC,VIRGO SOFTECH LIMITED,256,91
Delhi- South DC,Karvy Computershare Private Li,285,48
Delhi- South DC,Smart Chip Limited,98,5
Delhi- West DC,Smart Chip Limited,236,33
Delhi- West DC,VIRGO SOFTECH LIMITED,390,41
Delhi-NW DC,Karvy Computershare Private Li,1840,124
Department of Information Technology Govt of Jharkhand,Blue Circle Instrument,1454,27
Department of Information Technology Govt of Jharkhand,MKS Enterprises,5264,46
Department of Information Technology Govt of Jharkhand,Systematic & Advance Const P L,0,2
Dept of ITC Govt of Rajasthan,ATISHAY INFOTECH PVT. LTD.,6390,76
Dept of ITC Govt of Rajasthan,AVVAS INFOTECH PVT  LTD,6153,34
Dept of ITC Govt of Rajasthan,Alankit Finsec Ltd,2206,25
Dept of ITC Govt of Rajasthan,Business Information Processing Services,1335,13
Dept of ITC Govt of Rajasthan,DATASOFT COMPUTER SERVICES(P),11603,321
Dept of ITC Govt of Rajasthan,Gem Computers,4525,20
Dept of ITC Govt of Rajasthan,Multiwave Innovation,3646,66
Dept of ITC Govt of Rajasthan,Netlink software Pvt Ltd,1404,21
Dept of ITC Govt of Rajasthan,TechSmart India Pvt Ltd,1997,38
Dept of ITC Govt of Rajasthan,Transline Technologies P Ltd,7384,64
Dept of ITC Govt of Rajasthan,VIRGO SOFTECH LIMITED,408,20
Dept of ITC Govt of Rajasthan,Vakrangee Softwares Limited,10076,290
Dept of ITC Govt of Rajasthan,Vayam technologies Ltd,5925,108
FCR Govt of Haryana,Vakrangee Softwares Limited,3,9
FCR Govt of Haryana,Vayam technologies Ltd,619,0
FCS Govt of Punjab,CSS TECHNERGY LIMITED,1,1
FCS Govt of Punjab,Karvy Computershare Private Li,2648,115
FCS Govt of Punjab,Vayam technologies Ltd,1217,58
FCS Govt of Punjab,eCentric solutions pvt ltd,9494,180
Govt of Andhra Pradesh,Gouthami Educational Society,2442,56
Govt of Andhra Pradesh,GrapeSoft,1444,55
Govt of Andhra Pradesh,INFRONICS SYSTEMS LTD,228,9
Govt of Andhra Pradesh,SREEVEN INFOCOM LIMITED,6685,56
Govt of Andhra Pradesh,TechSmart India Pvt Ltd,222,18
Govt of Andhra Pradesh,Tera Software Ltd,2402,57
Govt of Goa,MARS Telecom Systems Pvt Ltd,1,0
Govt of Gujarat,GSS Infotech Ltd,4614,14
Govt of Gujarat,Karvy Computershare Private Li,21285,178
Govt of Gujarat,Silver Touch Technologies Ltd,15654,269
Govt of Gujarat,Tera Software Ltd,9251,56
Govt of Gujarat,Transline Technologies P Ltd,1951,50
Govt of Gujarat,Vayam technologies Ltd,13316,56
Govt of Gujarat,eCentric solutions pvt ltd,2695,32
Govt of Himachal Pradesh,Wipro Ltd,337,26
Govt of Himachal Pradesh,i-Grandee SoftwareTechnologies,582,12
Govt of Karnataka ,BNR UDYOG LIMITED,2,0
Govt of Karnataka ,Bloom Solutions Pvt Ltd,25,0
Govt of Karnataka ,MARS Telecom Systems Pvt Ltd,19220,124
Govt of Karnataka ,Ninestars Information Technologies Ltd,10936,392
Govt of Karnataka ,Origin ITFS Pvt Ltd,23857,663
Govt of Karnataka ,SREEVEN INFOCOM LIMITED,8974,102
Govt of Kerala,Akshaya,11634,94
Govt of Kerala,Keltron,1121,5
Govt of Maharashtra,Alankit Finsec Ltd,4608,24
Govt of Maharashtra,Bharat Technical Solutions Private Limited,138,0
Govt of Maharashtra,Eagle press pvt ltd,138,1
Govt of Maharashtra,GLODYNE TECHNOSERVE,42,5
Govt of Maharashtra,Karvy Computershare Private Li,44,17
Govt of Maharashtra,M/s. Vidya Online  Pune,1067,3
Govt of Maharashtra,Narayana Electricals Solution Pvt Ltd,3387,12
Govt of Maharashtra,Netlink software Pvt Ltd,4264,204
Govt of Maharashtra,Network for Information & Computer,19,0
Govt of Maharashtra,Rudranee Infotech Ltd,1758,8
Govt of Maharashtra,SHREERAM PRINTING PRESS,216,0
Govt of Maharashtra,SPANCO,2002,9
Govt of Maharashtra,STRATEGIC OUTSOURCING SERVICE,3408,3
Govt of Maharashtra,Silver Touch Technologies Ltd,2481,30
Govt of Maharashtra,Systematic & Advance Const P L,2,0
Govt of Maharashtra,TEAM LIFE CARE COMPANY INDIA P,29,1
Govt of Maharashtra,TechSmart India Pvt Ltd,8751,108
Govt of Maharashtra,Tera Software Ltd,208,1
Govt of Maharashtra,Transline Technologies P Ltd,2462,31
Govt of Maharashtra,Wipro Ltd,2808,42
Govt of Sikkim - Dept of Econo,Department of Economics Statistics  Monitoring and Evaluation DESME,282,0
IDBI Bank ltd,ATISHAY INFOTECH PVT. LTD.,5225,139
IDBI Bank ltd,Matrix Processing House,373,1
IDBI Bank ltd,Pioneer E Labs limited,1,1
IDBI Bank ltd,SREEVEN INFOCOM LIMITED,4893,48
IDBI Bank ltd,UTI TECHNOLOGY SERVICES LIMITE,682,8
Indiapost,Delhi Integrated MMTS Ltd,12747,175
Indiapost,M/S STAR DATA CENTRE,485,21
Indiapost,MARS Telecom Systems Pvt Ltd,1841,12
Indiapost,Smart Chip Limited,19,36
Indiapost,TEAM LIFE CARE COMPANY INDIA P,5102,32
Indiapost,Vayam technologies Ltd,1537,161
Indiapost,WEBEL,588,41
Information Technology & Communication Department,4G INFORMATICS,71,14
Information Technology & Communication Department,BNR UDYOG LIMITED,16,0
Information Technology & Communication Department,Bloom Solutions Pvt Ltd,10,0
Information Technology & Communication Department,CSS TECHNERGY LIMITED,383,5
Information Technology & Communication Department,GDC Advertising Pvt. Limited,2,0
Information Technology & Communication Department,JYOTHI COMPUTER SERVICES,4916,11
Information Technology & Communication Department,Karvy Data Management Services,3,0
Information Technology & Communication Department,MARS Telecom Systems Pvt Ltd,4058,85
Information Technology & Communication Department,SREEVEN INFOCOM LIMITED,1494,11
Information Technology & Communication Department,Tera Software Ltd,2615,55
Jharkhand,Blue Circle Instrument,33,1
Jharkhand,Emdee Digitronics Pvt.Ltd.,1592,10
Jharkhand,MKS Enterprises,4828,26
Jharkhand,Nevaeh Technology Pvt. Ltd.,3295,1
Jharkhand,Systematic & Advance Const P L,3176,36
Jharkhand,VISION COMPTECH INTEGRATOR LTD,2567,24
Jharkhand,Wipro Ltd,11406,63
Mission Convergence - GNCT Del,Karvy Computershare Private Li,56,0
Mission Convergence - GNCT Del,NVR & ASSOCIATES LIMITED,505,27
NSDL e-Governance Infrastructure Limited,Abhipra Capital Ltd,1812,12
NSDL e-Governance Infrastructure Limited,Alankit Assignments Limited,12954,143
NSDL e-Governance Infrastructure Limited,Delhi Integrated MMTS Ltd,1,13
NSDL e-Governance Infrastructure Limited,INTEGRATED REGISTRY SERVICES LTD,1,0
NSDL e-Governance Infrastructure Limited,Karvy Data Management Services,17337,218
NSDL e-Governance Infrastructure Limited,Netlink software Pvt Ltd,11225,135
NSDL e-Governance Infrastructure Limited,PROWIZ MANSYTEMS PVT LTD,4237,31
NSDL e-Governance Infrastructure Limited,TEAM LIFE CARE COMPANY INDIA P,305,8
NSDL e-Governance Infrastructure Limited,VIRGO SOFTECH LIMITED,11525,86
Oriental Bank of Commerce,DATASOFT COMPUTER SERVICES(P),1479,55
Oriental Bank of Commerce,Euro Finmart Ltd,42,0
Oriental Bank of Commerce,JNET Technologies Pvt.Ltd,2012,54
Oriental Bank of Commerce,Redim Software Technologies Pvt Ltd,263,0
Oriental Bank of Commerce,Sri Ramraja Sarkar Lok Kalyan Trust,12664,119
Oriental Bank of Commerce,Wipro Ltd,5368,141
Registrar General India BEL2,Computer LAB,2253,2
Registrar General India BEL2,India Computer Technology,30449,95
Registrar General India BEL2,MACRO INFOTECH PVT LTD,16712,100
Registrar General India BEL2,Madras Security Printers Ltd,6890,11
Registrar General India BEL2,Manipur Electronics Dev Corp,171,0
Registrar General India BEL2,Multiwave Innovation,301,0
Registrar General India BEL2,Netlink software Pvt Ltd,3462,14
Registrar General India BEL2,Nielsen  India  Private Limited,2771,4
Registrar General India BEL2,Om Softwares,6101,3
Registrar General India BEL2,STRATEGIC OUTSOURCING SERVICE,4964,114
Registrar General India BEL2,Satyanarayana Raju Company Pvt ltd,410,0
Registrar General India BEL2,Swathy Smartcards Hi-Tech Pvt,27317,218
Registrar General India BEL2,Swiss Tech India Pvt Ltd,7,0
Registrar General India BEL2,Tera Software Ltd,1037,8
Registrar General India BEL2,UNITED DATA SERVICES PRIVATE LIMITED,11688,13
Registrar General India BEL2,Vansh Infotech Pvt Ltd,4101,7
Registrar General India BEL2,Vedavaag Systems Limited,5013,19
Registrar General India BEL2,Viesa Technologies,1,0
Registrar General India ECIL,AVVAS INFOTECH PVT  LTD,8803,52
Registrar General India ECIL,BUSINESS INFORMATION PROCESSING SERVICES,941,0
Registrar General India ECIL,COMTECH INSTITUTE OFTECHNOLOGY,4447,12
Registrar General India ECIL,COMTECHINFO SOLUTIONS PVT.LTD,735,0
Registrar General India ECIL,Computer LAB,66402,35730
Registrar General India ECIL,Eagle Software India Pvt. Ltd,38695,11977
Registrar General India ECIL,Esoft Consulting Limited,3832,3
Registrar General India ECIL,In Media Computer Services LLP,946,2
Registrar General India ECIL,India Computer Technology,1683,861
Registrar General India ECIL,Karvy Data Management Services,5630,41
Registrar General India ECIL,Krishna Infotech,4,0
Registrar General India ECIL,Madras Security Printers Ltd,29774,1417
Registrar General India ECIL,Mphasis Ltd,19787,148
Registrar General India ECIL,Netwing Technologies Pvt Ltd,776,5
Registrar General India ECIL,Nielsen  India  Private Limited,857,2
Registrar General India ECIL,Pioneer E Labs limited,1399,30
Registrar General India ECIL,SWISSTECH NPR 57CR PROJECT PVT,4144,53
Registrar General India ECIL,Vedavaag Systems Limited,465,14
Registrar General India Others,AVVAS INFOTECH PVT  LTD,64,6
Registrar General India Others,Eagle Software India Pvt. Ltd,4,2
Registrar General India Others,Karvy Data Management Services,155,0
Registrar General India Others,Mphasis Ltd,4,0
Registrar General India Others,Nielsen  India  Private Limited,17,0
Registrar General India Others,Swathy Smartcards Hi-Tech Pvt,3,0
Registrar General India Others,Vansh Infotech Pvt Ltd,1,0
Registrar General India Others,Vedavaag Systems Limited,8,0
Registrar General of India ITI,COMTECH INSTITUTE OFTECHNOLOGY,491,2
Registrar General of India ITI,CSS TECHNERGY LIMITED,3153,19
Registrar General of India ITI,CommunitiWorks Welfare Society,2113,2
Registrar General of India ITI,Eagle Software India Pvt. Ltd,15039,66
Registrar General of India ITI,Emdee Digitronics Pvt.Ltd.,15930,178
Registrar General of India ITI,In Media Computer Services LLP,58,0
Registrar General of India ITI,Karvy Data Management Services,1142,1
Registrar General of India ITI,Madras Security Printers Ltd,157,0
Registrar General of India ITI,Mphasis Ltd,4967,52
Registrar General of India ITI,Netlink software Pvt Ltd,1345,9
Registrar General of India ITI,Netwing Technologies Pvt Ltd,11,0
Registrar General of India ITI,Nielsen  India  Private Limited,1609,14
Registrar General of India ITI,SREEVEN INFOCOM LIMITED,15,21
Registrar General of India ITI,STRATEGIC OUTSOURCING SERVICE,4594,14
Registrar General of India ITI,Satyanarayana Raju Company Pvt ltd,510,5
Registrar General of India ITI,Swathy Smartcards Hi-Tech Pvt,648,26
Registrar General of India ITI,Urmila Info solution,30,0
Registrar General of India ITI,VIRGO SOFTECH LIMITED,4525,12
Registrar General of India ITI,Vedavaag Systems Limited,57,0
Registrar General of India ITI,WEBEL TECHNOLOGY LIMITED,1386,5
State Bank of Bikaner & Jaipur,Multiwave Innovation,1,16
State Bank of Travancore,Tera Software Ltd,420,5
UIDAI-Registrar,UIDAI-EA,89,2
UT Of Daman and Diu,Alankit Assignments Limited,157,4
UT of Puducherry,Madras Security Printers Ltd,24,1
Union Bank,FINANCIAL INFORMATION NETWORK,29165,1579
Union Bank,Smart Chip Limited,19155,418
Union Bank,Vakrangee Softwares Limited,24119,417
