Registrar,Enrolment Agency,Aadhaar generated,Enrolment Rejected
Allahabad Bank,Tera Software Ltd,0,31
Allahabad Bank,Vakrangee Softwares Limited,229,3839
Bank Of India,A3 Logics  India  Ltd,922,840
Bank Of India,Akanksha International,45,180
Bank Of India,Blue Circle Instrument,15,14
Bank Of India,CHESSY CONSULTANTS PVT LTD,33,88
Bank Of India,DATASOFT COMPUTER SERVICES(P),33,33
Bank Of India,Emdee Digitronics Pvt.Ltd.,1,2
Bank Of India,Frontech Systems Pvt Ltd,289,827
Bank Of India,ITI LIMITED,57,25
Bank Of India,MANTRA SOFTTECH (INDIA) PVTLTD,16,75
Bank Of India,Matrix Processing House,1042,1284
Bank Of India,OPTIMIX CONSULTANCY PRIVATE LT,0,3
Bank Of India,OSWAL COMPUTERS & CONSULTANTS,2272,707
Bank Of India,PROTEX COMPUTER PVT LTD,52,47
Bank Of India,SARADA SYSTEMS,78,57
Bank Of India,SHRIKRISHNA KHANDASARI SUGAR M,6036,671
Bank Of India,SPANCO,603,609
Bank Of India,SREI INFRASTRUCTURE FINANCES L,359,214
Bank Of India,Silver Touch Technologies Ltd,898,524
Bank Of India,Systematic & Advance Const P L,159,224
Bank Of India,VEETECHNOLOGIES PVT. LTD,1694,162
Bank Of India,Vakrangee Softwares Limited,298,3658
Bank of Baroda,DATASOFT COMPUTER SERVICES(P),1,0
Bank of Baroda,TEAM LIFE CARE COMPANY INDIA P,175,186
Bank of Maharashtra,Alankit Finsec Ltd,2,7
Bank of Maharashtra,FINANCIAL INFORMATION NETWORK,0,73
Bank of Maharashtra,Micro Technologies India Ltd,57,151
CSC e-Governance Services India Limited,A I Soc for Electronics and Comp Tech,271,50
CSC e-Governance Services India Limited,AKSH OPTIFIBRE LIMITED,80,11
CSC e-Governance Services India Limited,BASIX,250,33
CSC e-Governance Services India Limited,CALANCE SOFTWARE PRIVATE LTD,46,7
CSC e-Governance Services India Limited,CMS Computers Ltd,91,5
CSC e-Governance Services India Limited,CSC e-Governance Services India Limited,1,0
CSC e-Governance Services India Limited,Intelligent Communication Systems India Limited,21,32
CSC e-Governance Services India Limited,Network for Information & Computer,86,11
CSC e-Governance Services India Limited,Reliance Communication Limited,88,21
CSC e-Governance Services India Limited,SPANCO,3,36
CSC e-Governance Services India Limited,United Telecoms e-Services Pvt Ltd,3,11
CSC e-Governance Services India Limited,VIKALP MULTIMEDIA,1,1
Central Bank of India,CALANCE SOFTWARE PRIVATE LTD,8263,1457
Central Bank of India,Frontech Systems Pvt Ltd,1,0
Central Bank of India,IAP COMPANY Pvt. Ltd,2372,1618
Central Bank of India,IL&FS LTD,0,1
Central Bank of India,MANTRA SOFTTECH (INDIA) PVTLTD,0,37
Central Bank of India,The Peerless General Finance,324,135
DENA BANK,ATISHAY INFOTECH PVT. LTD.,77,14
DENA BANK,Business Information Processing Services,3,2
DENA BANK,DATASOFT COMPUTER SERVICES(P),7,145
DENA BANK,JNET Technologies Pvt.Ltd,1,0
DENA BANK,K W Consulting P Ltd,2215,46
DENA BANK,Multiwave Innovation,17,6
DENA BANK,Netlink software Pvt Ltd,8,1
DENA BANK,Soc for Advancement of Environ Science,4,60
Delhi - Central DC,Smart Chip Limited,23,746
Delhi - East DC,DATASOFT COMPUTER SERVICES(P),36,1344
Delhi - ND DC,Smart Chip Limited,88,241
Delhi - NE DC,Smart Chip Limited,118,1467
Delhi - NE DC,Smart ID,0,2
Delhi - North DC,CALANCE SOFTWARE PRIVATE LTD,49,604
Delhi - North DC,DATASOFT COMPUTER SERVICES(P),0,13
Delhi - North DC,NVR & ASSOCIATES LIMITED,59,557
Delhi - North DC,Smart Chip Limited,8,615
Delhi SW DC,STRATEGIC OUTSOURCING SERVICE,0,1
Delhi SW DC,VIRGO SOFTECH LIMITED,13,825
Delhi- South DC,Karvy Computershare Private Li,16,879
Delhi- South DC,Smart Chip Limited,8,152
Delhi- West DC,Smart Chip Limited,0,313
Delhi- West DC,VIRGO SOFTECH LIMITED,159,1398
Delhi-NW DC,Karvy Computershare Private Li,485,2300
Delhi-NW DC,STRATEGIC OUTSOURCING SERVICE,1,0
Department of Information Technology Govt of Jharkhand,Blue Circle Instrument,457,164
Department of Information Technology Govt of Jharkhand,MKS Enterprises,1989,1027
Department of Information Technology Govt of Jharkhand,Systematic & Advance Const P L,1,30
Department of Information Technology Govt of Jharkhand,Vayam technologies Ltd,2,47
Dept of ITC Govt of Rajasthan,ATISHAY INFOTECH PVT. LTD.,2599,1265
Dept of ITC Govt of Rajasthan,AVVAS INFOTECH PVT  LTD,366,789
Dept of ITC Govt of Rajasthan,Alankit Finsec Ltd,352,303
Dept of ITC Govt of Rajasthan,Business Information Processing Services,480,1
Dept of ITC Govt of Rajasthan,DATASOFT COMPUTER SERVICES(P),13738,1681
Dept of ITC Govt of Rajasthan,Gem Computers,163,1
Dept of ITC Govt of Rajasthan,Multiwave Innovation,61,17
Dept of ITC Govt of Rajasthan,Netlink software Pvt Ltd,185,9
Dept of ITC Govt of Rajasthan,TechSmart India Pvt Ltd,117,88
Dept of ITC Govt of Rajasthan,Transline Technologies P Ltd,1006,1311
Dept of ITC Govt of Rajasthan,Vakrangee Softwares Limited,504,3820
Dept of ITC Govt of Rajasthan,Vayam technologies Ltd,1901,1071
FCR Govt of Haryana,Vakrangee Softwares Limited,211,8237
FCS Govt of Punjab,CSS TECHNERGY LIMITED,200,1353
FCS Govt of Punjab,Karvy Computershare Private Li,2756,2740
FCS Govt of Punjab,VIRGO SOFTECH LIMITED,1,0
FCS Govt of Punjab,Vayam technologies Ltd,1008,2202
FCS Govt of Punjab,eCentric solutions pvt ltd,3553,2424
Govt of Andhra Pradesh,Gouthami Educational Society,168,229
Govt of Andhra Pradesh,GrapeSoft,1105,375
Govt of Andhra Pradesh,INFRONICS SYSTEMS LTD,644,1834
Govt of Andhra Pradesh,Madras Security Printers Ltd,2,25
Govt of Andhra Pradesh,SREEVEN INFOCOM LIMITED,213,104
Govt of Andhra Pradesh,TechSmart India Pvt Ltd,1201,951
Govt of Andhra Pradesh,Tera Software Ltd,2055,789
Govt of Andhra Pradesh,eCentric solutions pvt ltd,19,81
Govt of Goa,COMAT TECHNOLOGIES P LTD,0,49
Govt of Goa,MARS Telecom Systems Pvt Ltd,105,1964
Govt of Goa,Tera Software Ltd,0,60
Govt of Gujarat,GSS Infotech Ltd,8420,360
Govt of Gujarat,Karvy Computershare Private Li,3212,240
Govt of Gujarat,Silver Touch Technologies Ltd,1859,256
Govt of Gujarat,Tera Software Ltd,390,49
Govt of Gujarat,Transline Technologies P Ltd,400,144
Govt of Gujarat,Vayam technologies Ltd,2143,191
Govt of Gujarat,eCentric solutions pvt ltd,592,39
Govt of Himachal Pradesh,Wipro Ltd,986,1055
Govt of Himachal Pradesh,i-Grandee SoftwareTechnologies,212,798
Govt of Karnataka ,COMAT TECHNOLOGIES P LTD,1,0
Govt of Karnataka ,GLODYNE TECHNOSERVE,6,0
Govt of Karnataka ,MARS Telecom Systems Pvt Ltd,275,1112
Govt of Karnataka ,Ninestars Information Technologies Ltd,2324,1070
Govt of Karnataka ,Origin ITFS Pvt Ltd,1448,917
Govt of Karnataka ,SREEVEN INFOCOM LIMITED,2012,703
Govt of Karnataka ,Tera Software Ltd,5,0
Govt of Karnataka ,Wipro Ltd,7,0
Govt of Kerala,Akshaya,1525,15352
Govt of Kerala,Keltron,567,8859
Govt of Madhya Pradesh,VIRGO SOFTECH LIMITED,10,8
Govt of Maharashtra,Alankit Assignments Limited,0,1
Govt of Maharashtra,Alankit Finsec Ltd,1998,1259
Govt of Maharashtra,Eagle press pvt ltd,49,249
Govt of Maharashtra,GLODYNE TECHNOSERVE,39,120
Govt of Maharashtra,Karvy Computershare Private Li,1712,1476
Govt of Maharashtra,M/s. Vidya Online  Pune,283,20
Govt of Maharashtra,Mahaonline Limited,45,1
Govt of Maharashtra,Narayana Electricals Solution Pvt Ltd,482,22
Govt of Maharashtra,Netlink software Pvt Ltd,604,185
Govt of Maharashtra,Network for Information & Computer,5,5
Govt of Maharashtra,Obel projects Pvt Ltd,2,71
Govt of Maharashtra,Rudranee Infotech Ltd,3179,67
Govt of Maharashtra,SHREERAM PRINTING PRESS,865,45
Govt of Maharashtra,SPANCO,304,10
Govt of Maharashtra,STRATEGIC OUTSOURCING SERVICE,1025,710
Govt of Maharashtra,Silver Touch Technologies Ltd,928,342
Govt of Maharashtra,Systematic & Advance Const P L,2,7
Govt of Maharashtra,TEAM LIFE CARE COMPANY INDIA P,3,7
Govt of Maharashtra,TechSmart India Pvt Ltd,202,1062
Govt of Maharashtra,Tera Software Ltd,225,116
Govt of Maharashtra,Transline Technologies P Ltd,17,740
Govt of Maharashtra,Wipro Ltd,860,1721
Govt of Sikkim - Dept of Econo,Department of Economics Statistics  Monitoring and Evaluation DESME,154,49
IDBI Bank ltd,ATISHAY INFOTECH PVT. LTD.,2690,247
IDBI Bank ltd,Matrix Processing House,74,51
IDBI Bank ltd,Pioneer E Labs limited,0,10
IDBI Bank ltd,SREEVEN INFOCOM LIMITED,2394,226
IDBI Bank ltd,UTI TECHNOLOGY SERVICES LIMITE,80,295
Indiapost,Delhi Integrated MMTS Ltd,2380,1382
Indiapost,GLODYNE TECHNOSERVE,3,59
Indiapost,M/S STAR DATA CENTRE,16,13
Indiapost,MARS Telecom Systems Pvt Ltd,70,127
Indiapost,Smart Chip Limited,150,196
Indiapost,TEAM LIFE CARE COMPANY INDIA P,129,1009
Indiapost,The NSIC ltd,1,0
Indiapost,Vayam technologies Ltd,4,51
Indiapost,WEBEL,20,91
Information Technology & Communication Department,4G INFORMATICS,2513,496
Information Technology & Communication Department,BNR UDYOG LIMITED,1060,150
Information Technology & Communication Department,Bloom Solutions Pvt Ltd,898,577
Information Technology & Communication Department,CSS TECHNERGY LIMITED,180,131
Information Technology & Communication Department,GDC Advertising Pvt. Limited,159,134
Information Technology & Communication Department,JYOTHI COMPUTER SERVICES,881,325
Information Technology & Communication Department,Karvy Data Management Services,273,34
Information Technology & Communication Department,MARS Telecom Systems Pvt Ltd,11,293
Information Technology & Communication Department,SREEVEN INFOCOM LIMITED,324,150
Information Technology & Communication Department,Tera Software Ltd,684,31
Jharkhand,Alankit Assignments Limited,53,227
Jharkhand,Blue Circle Instrument,394,91
Jharkhand,Emdee Digitronics Pvt.Ltd.,448,216
Jharkhand,MKS Enterprises,734,200
Jharkhand,Nevaeh Technology Pvt. Ltd.,53,202
Jharkhand,STRATEGIC OUTSOURCING SERVICE,0,273
Jharkhand,Systematic & Advance Const P L,143,116
Jharkhand,VISION COMPTECH INTEGRATOR LTD,719,85
Jharkhand,Wipro Ltd,1146,892
Mission Convergence - GNCT Del,Karvy Computershare Private Li,393,592
Mission Convergence - GNCT Del,NVR & ASSOCIATES LIMITED,436,121
Mission Convergence - GNCT Del,Smart Chip Limited,0,2
NSDL e-Governance Infrastructure Limited,Abhipra Capital Ltd,187,1412
NSDL e-Governance Infrastructure Limited,Alankit Assignments Limited,3510,2027
NSDL e-Governance Infrastructure Limited,Delhi Integrated MMTS Ltd,33,36
NSDL e-Governance Infrastructure Limited,INTEGRATED REGISTRY SERVICES LTD,5,1
NSDL e-Governance Infrastructure Limited,Karvy Data Management Services,6074,2684
NSDL e-Governance Infrastructure Limited,Netlink software Pvt Ltd,1593,264
NSDL e-Governance Infrastructure Limited,PROWIZ MANSYTEMS PVT LTD,658,667
NSDL e-Governance Infrastructure Limited,TEAM LIFE CARE COMPANY INDIA P,70,148
NSDL e-Governance Infrastructure Limited,VIRGO SOFTECH LIMITED,430,726
Oriental Bank of Commerce,DATASOFT COMPUTER SERVICES(P),953,341
Oriental Bank of Commerce,Euro Finmart Ltd,436,30
Oriental Bank of Commerce,FINANCIAL INFORMATION NETWORK,0,208
Oriental Bank of Commerce,IL&FS LTD,0,3
Oriental Bank of Commerce,JNET Technologies Pvt.Ltd,160,10
Oriental Bank of Commerce,Redim Software Technologies Pvt Ltd,114,38
Oriental Bank of Commerce,Sri Ramraja Sarkar Lok Kalyan Trust,485,566
Oriental Bank of Commerce,Wipro Ltd,338,919
Punjab and Sind Bank,Matrix Processing House,0,15
RDD Govt of Tripura,Alankit Assignments Limited,1,0
Registrar General India - BEL,In Media Computer Services LLP,1,4
Registrar General India - BEL,Manipur Electronics Dev Corp,2,15
Registrar General India - BEL,Swathy Smartcards Hi-Tech Pvt,0,114
Registrar General India BEL2,Alankit Assignments Limited,24,262
Registrar General India BEL2,Computer LAB,128,1081
Registrar General India BEL2,Emdee Digitronics Pvt.Ltd.,3,51
Registrar General India BEL2,In Media Computer Services LLP,1,1
Registrar General India BEL2,India Computer Technology,58203,5296
Registrar General India BEL2,MACRO INFOTECH PVT LTD,19,8
Registrar General India BEL2,MKS Enterprises,1,16
Registrar General India BEL2,Madras Security Printers Ltd,8918,3331
Registrar General India BEL2,Multiwave Innovation,1867,7303
Registrar General India BEL2,Netlink software Pvt Ltd,1548,413
Registrar General India BEL2,Nevaeh Technology Pvt. Ltd.,4,0
Registrar General India BEL2,Nielsen  India  Private Limited,356,49
Registrar General India BEL2,Om Softwares,1507,1213
Registrar General India BEL2,SREEVEN INFOCOM LIMITED,1404,1098
Registrar General India BEL2,STRATEGIC OUTSOURCING SERVICE,6,109
Registrar General India BEL2,Satyanarayana Raju Company Pvt ltd,600,4
Registrar General India BEL2,Swathy Smartcards Hi-Tech Pvt,28130,3521
Registrar General India BEL2,Swiss Tech India Pvt Ltd,1015,2844
Registrar General India BEL2,Tera Software Ltd,29487,27874
Registrar General India BEL2,UNITED DATA SERVICES PRIVATE LIMITED,557,60
Registrar General India BEL2,VIRGO SOFTECH LIMITED,4,1
Registrar General India BEL2,Vansh Infotech Pvt Ltd,8582,62
Registrar General India BEL2,Vedavaag Systems Limited,969,16
Registrar General India ECIL,AVVAS INFOTECH PVT  LTD,16,102
Registrar General India ECIL,BUSINESS INFORMATION PROCESSING SERVICES,9,8
Registrar General India ECIL,COMTECH INSTITUTE OFTECHNOLOGY,50,195
Registrar General India ECIL,COMTECHINFO SOLUTIONS PVT.LTD,221,6
Registrar General India ECIL,Chinar Construction Company Prime agency,20,0
Registrar General India ECIL,Clairvoyance Technologies Pvt.,24,29
Registrar General India ECIL,Computer LAB,19377,19428
Registrar General India ECIL,Eagle Software India Pvt. Ltd,599,194
Registrar General India ECIL,Esoft Consulting Limited,0,1
Registrar General India ECIL,In Media Computer Services LLP,283,149
Registrar General India ECIL,India Computer Technology,5897,21694
Registrar General India ECIL,Karvy Data Management Services,9558,98
Registrar General India ECIL,Krishna Infotech,305,4310
Registrar General India ECIL,Madras Security Printers Ltd,8346,3620
Registrar General India ECIL,Mphasis Ltd,33,125
Registrar General India ECIL,Netwing Technologies Pvt Ltd,925,23
Registrar General India ECIL,Nielsen  India  Private Limited,13,5
Registrar General India ECIL,Pioneer E Labs limited,1163,1413
Registrar General India ECIL,SWISSTECH NPR 57CR PROJECT PVT,386,15711
Registrar General India ECIL,Tera Software Ltd,534,209
Registrar General India ECIL,Vedavaag Systems Limited,674,5136
Registrar General India Others,AVVAS INFOTECH PVT  LTD,0,44
Registrar General India Others,COMTECH INSTITUTE OFTECHNOLOGY,0,1
Registrar General India Others,Computer LAB,0,72
Registrar General India Others,Eagle Software India Pvt. Ltd,0,33
Registrar General India Others,Emdee Digitronics Pvt.Ltd.,0,3
Registrar General India Others,Karvy Data Management Services,3,3
Registrar General India Others,Madras Security Printers Ltd,66,53
Registrar General India Others,Multiwave Innovation,1,26
Registrar General India Others,Netwing Technologies Pvt Ltd,0,1
Registrar General India Others,Om Softwares,1,6
Registrar General India Others,SREEVEN INFOCOM LIMITED,4,3
Registrar General India Others,STRATEGIC OUTSOURCING SERVICE,7,0
Registrar General India Others,SWISSTECH NPR 57CR PROJECT PVT,0,50
Registrar General India Others,Swathy Smartcards Hi-Tech Pvt,1,413
Registrar General India Others,Swiss Tech India Pvt Ltd,0,1
Registrar General India Others,Vansh Infotech Pvt Ltd,2,1
Registrar General India Others,Vedavaag Systems Limited,0,4
Registrar General India Others,WEBEL TECHNOLOGY LIMITED,0,19
Registrar General of India ITI,COMTECH INSTITUTE OFTECHNOLOGY,1597,40
Registrar General of India ITI,CSS TECHNERGY LIMITED,1,70
Registrar General of India ITI,CommunitiWorks Welfare Society,893,101
Registrar General of India ITI,Eagle Software India Pvt. Ltd,83,371
Registrar General of India ITI,Emdee Digitronics Pvt.Ltd.,2268,10120
Registrar General of India ITI,Karvy Data Management Services,978,86
Registrar General of India ITI,Madras Security Printers Ltd,26,2219
Registrar General of India ITI,Mphasis Ltd,11,11
Registrar General of India ITI,Multiwave Innovation,2,57
Registrar General of India ITI,Netlink software Pvt Ltd,11,2
Registrar General of India ITI,Netwing Technologies Pvt Ltd,14,21
Registrar General of India ITI,Nielsen  India  Private Limited,387,247
Registrar General of India ITI,SREEVEN INFOCOM LIMITED,722,4872
Registrar General of India ITI,STRATEGIC OUTSOURCING SERVICE,5429,71
Registrar General of India ITI,Satyanarayana Raju Company Pvt ltd,432,7
Registrar General of India ITI,Swathy Smartcards Hi-Tech Pvt,1503,144726
Registrar General of India ITI,TechSmart India Pvt Ltd,5,520
Registrar General of India ITI,VIRGO SOFTECH LIMITED,64,2
Registrar General of India ITI,Vedavaag Systems Limited,42,25
Registrar General of India ITI,WEBEL TECHNOLOGY LIMITED,28938,2337
STATE BANK OF HYDERABAD,CSS TECHNERGY LIMITED,1,0
STATE BANK OF PATIALA,CSS TECHNERGY LIMITED,6,1
State Bank of Bikaner & Jaipur,Multiwave Innovation,59,2246
State Bank of India,Delhi Integrated MMTS Ltd,1,1
State Bank of India,VIRGO SOFTECH LIMITED,1,14
State Bank of Travancore,Tera Software Ltd,6,356
UIDAI-Registrar,UIDAI-EA,9,4
UT Of Daman and Diu,Alankit Assignments Limited,113,37
UT of Puducherry,Madras Security Printers Ltd,254,2554
Union Bank,FINANCIAL INFORMATION NETWORK,6514,1010
Union Bank,Smart Chip Limited,29179,4574
Union Bank,Vakrangee Softwares Limited,4382,6239
