State,District,Aadhaar generated,Enrolment Rejected
Andaman and Nicobar Islands,Andamans,421,0
Andaman and Nicobar Islands,Nicobar,3,0
Andaman and Nicobar Islands,South Andaman,216,0
Andhra Pradesh,Adilabad,2460,62
Andhra Pradesh,Anantapur,362,51
Andhra Pradesh,Chittoor,826,193
Andhra Pradesh,Cuddapah,282,65
Andhra Pradesh,East Godavari,91,70
Andhra Pradesh,Guntur,362,180
Andhra Pradesh,Hyderabad,294,51
Andhra Pradesh,K.V.Rangareddy,868,96
Andhra Pradesh,Karimnagar,353,52
Andhra Pradesh,Khammam,1256,27
Andhra Pradesh,Krishna,1738,134
Andhra Pradesh,Kurnool,9,18
Andhra Pradesh,Mahbubnagar,3527,198
Andhra Pradesh,Medak,924,51
Andhra Pradesh,Nalgonda,91,29
Andhra Pradesh,Nellore,1669,138
Andhra Pradesh,Nizamabad,90,28
Andhra Pradesh,Prakasam,245,65
Andhra Pradesh,Srikakulam,1054,156
Andhra Pradesh,Visakhapatnam,334,102
Andhra Pradesh,Vizianagaram,99,2
Andhra Pradesh,Warangal,1197,65
Andhra Pradesh,West Godavari,950,96
Arunachal Pradesh,Tirap,1,0
Assam,Barpeta,1,0
Assam,Bongaigaon,2,1
Assam,Dibrugarh,1,0
Assam,Kamrup,2,0
Assam,Karimganj,3,0
Assam,Lakhimpur,1,0
Assam,Marigaon,1,0
Assam,Nagaon,1,0
Assam,Sibsagar,1,0
Bihar,Araria,11,0
Bihar,Arwal,2,0
Bihar,Aurangabad(BH),10,1
Bihar,Banka,5,0
Bihar,Begusarai,8,2
Bihar,Bhabua,2,1
Bihar,Bhagalpur,20,0
Bihar,Bhojpur,10,0
Bihar,Buxar,12,0
Bihar,Darbhanga,16,1
Bihar,East Champaran,11,1
Bihar,Gaya,9,0
Bihar,Gopalganj,4,1
Bihar,Jamui,1,1
Bihar,Jehanabad,2,0
Bihar,Khagaria,9,0
Bihar,Kishanganj,3,4
Bihar,Lakhisarai,1,1
Bihar,Madhepura,10,1
Bihar,Madhubani,12,1
Bihar,Munger,6,0
Bihar,Muzaffarpur,11,1
Bihar,Nalanda,8,0
Bihar,Nawada,6,2
Bihar,Patna,70,9
Bihar,Purnia,12,3
Bihar,Rohtas,7,1
Bihar,Saharsa,8,0
Bihar,Samastipur,15,1
Bihar,Saran,9,0
Bihar,Sheikhpura,16,2
Bihar,Sheohar,1,0
Bihar,Sitamarhi,8,2
Bihar,Siwan,18,0
Bihar,Supaul,4,0
Bihar,Vaishali,9,0
Bihar,West Champaran,30,0
Chandigarh,Chandigarh,270,16
Chhattisgarh,Bilaspur,17,0
Chhattisgarh,Durg,3,0
Chhattisgarh,Janjgir-champa,13,1
Chhattisgarh,Korba,2,1
Chhattisgarh,Mahasamund,1,0
Chhattisgarh,Raigarh,28,3
Chhattisgarh,Raipur,7,1
Dadra and Nagar Haveli,Dadra and Nagar Haveli,45,0
Daman and Diu,Daman,0,5
Delhi,Central Delhi,194,12
Delhi,East Delhi,544,46
Delhi,North Delhi,189,16
Delhi,North East,279,32
Delhi,North West Delhi,2302,74
Delhi,South Delhi,2245,75
Delhi,South West Delhi,330,24
Delhi,West Delhi,1145,59
Goa,North Goa,63,4
Goa,South Goa,240,0
Gujarat,Ahmadabad,417,11
Gujarat,Amreli,2,0
Gujarat,Banaskantha,2,1
Gujarat,Bharuch,6,2
Gujarat,Bhavnagar,7,2
Gujarat,Gandhinagar,4,0
Gujarat,Jamnagar,52,3
Gujarat,Junagadh,317,17
Gujarat,Kachchh,1,0
Gujarat,Kheda,5,1
Gujarat,Mahesana,246,3
Gujarat,Panchmahals,49,3
Gujarat,Patan,3,0
Gujarat,Porbandar,201,7
Gujarat,Rajkot,56,6
Gujarat,Sabarkantha,16,0
Gujarat,Surat,49,8
Gujarat,Surendra Nagar,64,0
Gujarat,Vadodara,145,1
Gujarat,Valsad,47,2
Haryana,Ambala,38,2
Haryana,Bhiwani,133,14
Haryana,Faridabad,172,1
Haryana,Fatehabad,1,0
Haryana,Gurgaon,52,1
Haryana,Hisar,29,2
Haryana,Jhajjar,37,2
Haryana,Jind,17,2
Haryana,Kaithal,2,0
Haryana,Karnal,8,0
Haryana,Kurukshetra,12,0
Haryana,Mahendragarh,10,0
Haryana,Mewat,55,6
Haryana,Panchkula,40,2
Haryana,Panipat,26,3
Haryana,Rewari,4,0
Haryana,Rohtak,42,2
Haryana,Sirsa,767,15
Haryana,Sonipat,273,32
Haryana,Yamuna Nagar,5,0
Himachal Pradesh,Bilaspur ,531,7
Himachal Pradesh,Chamba,1790,15
Himachal Pradesh,Hamirpur,67,3
Himachal Pradesh,Kangra,1305,17
Himachal Pradesh,Kinnaur,42,1
Himachal Pradesh,Kullu,77,11
Himachal Pradesh,Lahul and Spiti,1,0
Himachal Pradesh,Mandi,169,9
Himachal Pradesh,Shimla,691,17
Himachal Pradesh,Sirmaur,1003,12
Himachal Pradesh,Solan,1632,11
Himachal Pradesh,Una,31,1
Jammu and Kashmir,Baramulla,1,0
Jammu and Kashmir,Jammu,63,2
Jammu and Kashmir,Kathua,2,0
Jammu and Kashmir,Leh,1,0
Jammu and Kashmir,Rajouri,1,0
Jammu and Kashmir,Udhampur,0,1
Jharkhand,Bokaro,59,19
Jharkhand,Chatra,3,0
Jharkhand,Deoghar,4,0
Jharkhand,Dhanbad,2505,161
Jharkhand,Dumka,441,45
Jharkhand,East Singhbhum,1012,27
Jharkhand,Garhwa,5,4
Jharkhand,Giridih,493,16
Jharkhand,Godda,4,1
Jharkhand,Gumla,27,6
Jharkhand,Hazaribagh,14,2
Jharkhand,Jamtara,0,1
Jharkhand,Khunti,7,12
Jharkhand,Kodarma,388,19
Jharkhand,Latehar,0,2
Jharkhand,Lohardaga,8,7
Jharkhand,Pakaur,36,10
Jharkhand,Palamau,236,21
Jharkhand,Ramgarh,13,5
Jharkhand,Ranchi,741,117
Jharkhand,Sahebganj,36,1
Jharkhand,Seraikela-Kharsawan,2,1
Jharkhand,Simdega,62,5
Jharkhand,West Singhbhum,13,1
Karnataka,Bagalkot,725,20
Karnataka,Bangalore,11420,107
Karnataka,Bangalore Rural,20,0
Karnataka,Belgaum,303,16
Karnataka,Bellary,113,16
Karnataka,Bidar,1068,91
Karnataka,Bijapur(KAR),4337,44
Karnataka,Chamarajanagar,378,14
Karnataka,Chickmagalur,400,1
Karnataka,Chikkaballapur,33,0
Karnataka,Chitradurga,12,1
Karnataka,Dakshina Kannada,115,0
Karnataka,Davangere,37,2
Karnataka,Dharwad,236,13
Karnataka,Gadag,201,6
Karnataka,Gulbarga,3088,124
Karnataka,Hassan,755,16
Karnataka,Haveri,1503,27
Karnataka,Kodagu,308,2
Karnataka,Kolar,17,0
Karnataka,Koppal,5,9
Karnataka,Mandya,564,15
Karnataka,Mysore,389,13
Karnataka,Raichur,50,4
Karnataka,Ramanagar,23,1
Karnataka,Shimoga,115,1
Karnataka,Tumkur,1080,24
Karnataka,Udupi,13,0
Karnataka,Uttara Kannada,415,7
Karnataka,Yadgir,3153,165
Kerala,Alappuzha,510,2
Kerala,Ernakulam,1986,12
Kerala,Idukki,23,0
Kerala,Kannur,43,0
Kerala,Kasargod,589,1
Kerala,Kollam,119,0
Kerala,Kottayam,15,1
Kerala,Kozhikode,440,5
Kerala,Malappuram,1215,3
Kerala,Palakkad,212,3
Kerala,Pathanamthitta,731,1
Kerala,Thiruvananthapuram,2271,22
Kerala,Thrissur,126,2
Kerala,Wayanad,152,1
Madhya Pradesh,Balaghat,5,0
Madhya Pradesh,Barwani,1,0
Madhya Pradesh,Betul,18,1
Madhya Pradesh,Bhind,6,0
Madhya Pradesh,Bhopal,1388,72
Madhya Pradesh,Burhanpur,2658,57
Madhya Pradesh,Chhatarpur,2,4
Madhya Pradesh,Chhindwara,20,1
Madhya Pradesh,Damoh,2,0
Madhya Pradesh,Datia,1,0
Madhya Pradesh,Dewas,5112,258
Madhya Pradesh,Dhar,34,0
Madhya Pradesh,Dindori,3,0
Madhya Pradesh,Guna,189,13
Madhya Pradesh,Gwalior,31,10
Madhya Pradesh,Harda,75,5
Madhya Pradesh,Hoshangabad,83,8
Madhya Pradesh,Indore,3990,50
Madhya Pradesh,Jabalpur,1312,32
Madhya Pradesh,Jhabua,3,0
Madhya Pradesh,Katni,2,0
Madhya Pradesh,Khandwa,2096,71
Madhya Pradesh,Khargone,32,3
Madhya Pradesh,Mandla,5,0
Madhya Pradesh,Mandsaur,10,1
Madhya Pradesh,Morena,10,1
Madhya Pradesh,Narsinghpur,960,59
Madhya Pradesh,Neemuch,15,2
Madhya Pradesh,Raisen,725,20
Madhya Pradesh,Rajgarh,10,1
Madhya Pradesh,Ratlam,42,6
Madhya Pradesh,Rewa,17,2
Madhya Pradesh,Sagar,16,0
Madhya Pradesh,Satna,6,0
Madhya Pradesh,Sehore,5,0
Madhya Pradesh,Seoni,8,0
Madhya Pradesh,Shahdol,4,0
Madhya Pradesh,Shajapur,11915,275
Madhya Pradesh,Sheopur,11,3
Madhya Pradesh,Shivpuri,185,17
Madhya Pradesh,Sidhi,5,0
Madhya Pradesh,Tikamgarh,4,0
Madhya Pradesh,Ujjain,79,5
Madhya Pradesh,Umaria,1,0
Madhya Pradesh,Vidisha,175,7
Maharashtra,Ahmed Nagar,106,8
Maharashtra,Akola,782,15
Maharashtra,Amravati,63,13
Maharashtra,Aurangabad,599,19
Maharashtra,Beed,105,2
Maharashtra,Bhandara,359,11
Maharashtra,Buldhana,9,3
Maharashtra,Chandrapur,182,80
Maharashtra,Dhule,370,56
Maharashtra,Gadchiroli,38,2
Maharashtra,Gondiya,552,31
Maharashtra,Hingoli,1345,5
Maharashtra,Jalgaon,124,31
Maharashtra,Jalna,75,21
Maharashtra,Kolhapur,1849,57
Maharashtra,Latur,52,57
Maharashtra,Mumbai,1867,66
Maharashtra,Mumbai City,11,0
Maharashtra,Mumbai( Sub Urban ),226,0
Maharashtra,Nagpur,1181,84
Maharashtra,Nanded,176,25
Maharashtra,Nandurbar,1289,8
Maharashtra,Nashik,1581,10
Maharashtra,Osmanabad,784,13
Maharashtra,Parbhani,35,8
Maharashtra,Pune,1973,81
Maharashtra,Raigarh(MH),125,0
Maharashtra,Ratnagiri,23,2
Maharashtra,Sangli,993,106
Maharashtra,Satara,395,17
Maharashtra,Sindhudurg,26,0
Maharashtra,Solapur,190,50
Maharashtra,Thane,1365,21
Maharashtra,Wardha,2385,16
Maharashtra,Washim,1076,21
Maharashtra,Yavatmal,1658,13
Manipur,Bishnupur,1,0
Manipur,Senapati,1,0
Meghalaya,East Khasi Hills,1,0
Meghalaya,West Garo Hills,1,0
Nagaland,Mon,1,0
Odisha,Anugul,4,1
Odisha,Baleswar,70,8
Odisha,Bhadrak,49,1
Odisha,Cuttack,11,3
Odisha,Dhenkanal,0,3
Odisha,Ganjam,595,8
Odisha,Jagatsinghapur,3,1
Odisha,Jajapur,12,3
Odisha,Kandhamal,1,0
Odisha,Kendrapara,5,1
Odisha,Kendujhar,3,0
Odisha,Khordha,155,12
Odisha,Koraput,35,1
Odisha,Malkangiri,3,0
Odisha,Mayurbhanj,3,0
Odisha,Nayagarh,4,1
Odisha,Puri,94,2
Odisha,Rayagada,0,2
Odisha,Sundergarh,18,1
Others,Others,683,2
Puducherry,Pondicherry,11,13
Punjab,Amritsar,1924,59
Punjab,Barnala,7,0
Punjab,Bathinda,11,9
Punjab,Faridkot,1,1
Punjab,Fatehgarh Sahib,6,0
Punjab,Fazilka,411,537
Punjab,Ferozepur,19,9
Punjab,Gurdaspur,1108,124
Punjab,Hoshiarpur,266,12
Punjab,Jalandhar,944,20
Punjab,Kapurthala,5,19
Punjab,Ludhiana,2928,41
Punjab,Mansa,4,1
Punjab,Moga,2,0
Punjab,Muktsar,10,14
Punjab,Nawanshahr,2199,8
Punjab,Patiala,121,9
Punjab,Rupnagar,17,4
Punjab,SAS Nagar (Mohali),267,6
Punjab,Sangrur,15,2
Punjab,Tarn Taran,238,29
Rajasthan,Ajmer,107,2
Rajasthan,Alwar,31,4
Rajasthan,Banswara,3,0
Rajasthan,Baran,67,6
Rajasthan,Barmer,122,11
Rajasthan,Bharatpur,226,7
Rajasthan,Bhilwara,23,1
Rajasthan,Bikaner,27,0
Rajasthan,Bundi,21,9
Rajasthan,Chittorgarh,5,0
Rajasthan,Churu,92,0
Rajasthan,Dausa,12,1
Rajasthan,Dholpur,7,0
Rajasthan,Dungarpur,2,0
Rajasthan,Ganganagar,56,6
Rajasthan,Hanumangarh,5,0
Rajasthan,Jaipur,573,29
Rajasthan,Jaisalmer,20,3
Rajasthan,Jalor,124,8
Rajasthan,Jhalawar,253,49
Rajasthan,Jhunjhunun,138,13
Rajasthan,Jodhpur,76,6
Rajasthan,Karauli,3,1
Rajasthan,Kota,907,61
Rajasthan,Nagaur,308,6
Rajasthan,Pali,1077,17
Rajasthan,Pratapgarh,2,0
Rajasthan,Rajsamand,1299,15
Rajasthan,Sawai Madhopur,137,5
Rajasthan,Sikar,14,0
Rajasthan,Sirohi,4620,66
Rajasthan,Tonk,30,5
Rajasthan,Udaipur,234,13
Sikkim,East Sikkim,106,1
Sikkim,North Sikkim,1,0
Sikkim,South Sikkim,7,0
Sikkim,West Sikkim,22,0
Tamil Nadu,Ariyalur,1,0
Tamil Nadu,Chennai,138,2
Tamil Nadu,Coimbatore,112,6
Tamil Nadu,Cuddalore,2,0
Tamil Nadu,Dharmapuri,9,0
Tamil Nadu,Dindigul,13,2
Tamil Nadu,Erode,1294,13
Tamil Nadu,Kanchipuram,3,1
Tamil Nadu,Kanyakumari,12,1
Tamil Nadu,Karur,429,3
Tamil Nadu,Madurai,95,8
Tamil Nadu,Namakkal,81,4
Tamil Nadu,Nilgiris,3,0
Tamil Nadu,Perambalur,3,0
Tamil Nadu,Pudukkottai,48,0
Tamil Nadu,Ramanathapuram,1,0
Tamil Nadu,Salem,12,9
Tamil Nadu,Sivaganga,259,6
Tamil Nadu,Thanjavur,64,0
Tamil Nadu,Theni,39,5
Tamil Nadu,Thoothukkudi,2,0
Tamil Nadu,Tiruchirappalli,30,0
Tamil Nadu,Tirunelveli,13,0
Tamil Nadu,Tiruvallur,33,1
Tamil Nadu,Tiruvannamalai,181,2
Tamil Nadu,Tiruvarur,1,0
Tamil Nadu,Vellore,122,3
Tamil Nadu,Villupuram,231,4
Tamil Nadu,Virudhunagar,29,2
Tripura,Dhalai,0,2
Tripura,North Tripura,1,1
Tripura,South Tripura,1,5
Tripura,West Tripura,478,70
Uttar Pradesh,Agra,315,34
Uttar Pradesh,Aligarh,254,28
Uttar Pradesh,Allahabad,78,11
Uttar Pradesh,Ambedkar Nagar,118,10
Uttar Pradesh,Auraiya,103,7
Uttar Pradesh,Azamgarh,42,0
Uttar Pradesh,Baghpat,3,0
Uttar Pradesh,Bahraich,6,0
Uttar Pradesh,Ballia,17,0
Uttar Pradesh,Balrampur,16,1
Uttar Pradesh,Banda,1,0
Uttar Pradesh,Barabanki,70,13
Uttar Pradesh,Bareilly,150,8
Uttar Pradesh,Basti,9,21
Uttar Pradesh,Bijnor,6,1
Uttar Pradesh,Budaun,3,0
Uttar Pradesh,Bulandshahar,23,1
Uttar Pradesh,Chandauli,1,1
Uttar Pradesh,Deoria,87,41
Uttar Pradesh,Etah,6,0
Uttar Pradesh,Etawah,235,11
Uttar Pradesh,Faizabad,30,3
Uttar Pradesh,Farrukhabad,62,2
Uttar Pradesh,Fatehpur,5,3
Uttar Pradesh,Firozabad,315,75
Uttar Pradesh,Gautam Buddha Nagar,174,3
Uttar Pradesh,Ghaziabad,113,11
Uttar Pradesh,Ghazipur,27,0
Uttar Pradesh,Gonda,57,3
Uttar Pradesh,Gorakhpur,29,5
Uttar Pradesh,Hamirpur,2,0
Uttar Pradesh,Hardoi,6,1
Uttar Pradesh,Hathras,46,6
Uttar Pradesh,Jalaun,8,1
Uttar Pradesh,Jaunpur,6,2
Uttar Pradesh,Jhansi,37,2
Uttar Pradesh,Jyotiba Phule Nagar,2,1
Uttar Pradesh,Kannauj,177,23
Uttar Pradesh,Kanpur Dehat,25,13
Uttar Pradesh,Kanpur Nagar,597,127
Uttar Pradesh,Kaushambi,1,0
Uttar Pradesh,Kheri,19,5
Uttar Pradesh,Kushinagar,11,12
Uttar Pradesh,Lalitpur,97,6
Uttar Pradesh,Lucknow,972,80
Uttar Pradesh,Mahoba,28,1
Uttar Pradesh,Mahrajganj,5,0
Uttar Pradesh,Mainpuri,161,28
Uttar Pradesh,Mathura,77,7
Uttar Pradesh,Mau,8,0
Uttar Pradesh,Meerut,13,0
Uttar Pradesh,Mirzapur,10,0
Uttar Pradesh,Moradabad,95,13
Uttar Pradesh,Muzaffarnagar,8,0
Uttar Pradesh,Pilibhit,37,2
Uttar Pradesh,Pratapgarh,8,2
Uttar Pradesh,Raebareli,80,23
Uttar Pradesh,Rampur,46,1
Uttar Pradesh,Saharanpur,2,1
Uttar Pradesh,Sant Kabir Nagar,3,0
Uttar Pradesh,Sant Ravidas Nagar Bhadohi,1,0
Uttar Pradesh,Shahjahanpur,13,1
Uttar Pradesh,Siddharthnagar,2,0
Uttar Pradesh,Sitapur,14,2
Uttar Pradesh,Sonbhadra,1,0
Uttar Pradesh,Sultanpur,18,3
Uttar Pradesh,Unnao,53,7
Uttar Pradesh,Varanasi,7,0
Uttarakhand,Almora,7,0
Uttarakhand,Bageshwar,3,0
Uttarakhand,Chamoli,2,0
Uttarakhand,Champawat,1,0
Uttarakhand,Dehradun,47,1
Uttarakhand,Garhwal,9,0
Uttarakhand,Hardwar,15,0
Uttarakhand,Nainital,4,1
Uttarakhand,Pithoragarh,14,0
Uttarakhand,Rudraprayag,2,0
Uttarakhand,Tehri Garhwal,6,0
Uttarakhand,Udham Singh Nagar,8,10
West Bengal,Bankura,5,0
West Bengal,Barddhaman,68,1
West Bengal,Birbhum,7,2
West Bengal,Cooch Behar,25,0
West Bengal,Dakshin Dinajpur,2,0
West Bengal,Darjeeling,24,0
West Bengal,East Midnapore,15,0
West Bengal,Hooghly,388,3
West Bengal,Howrah,152,2
West Bengal,Jalpaiguri,97,0
West Bengal,Kolkata,312,0
West Bengal,Malda,28,1
West Bengal,Medinipur,5,0
West Bengal,Murshidabad,5,0
West Bengal,Nadia,39,0
West Bengal,North 24 Parganas,378,3
West Bengal,North Dinajpur,2,0
West Bengal,Purulia,2,1
West Bengal,South Twenty Four Parganas,22,0
West Bengal,West Midnapore,1,0
