State,District,Aadhaar generated,Enrolment Rejected
Andaman and Nicobar Islands,Andamans,9,1
Andaman and Nicobar Islands,South Andaman,2,0
Andhra Pradesh,Adilabad,91,12
Andhra Pradesh,Anantapur,490,139
Andhra Pradesh,Chittoor,317,66
Andhra Pradesh,Cuddapah,58,84
Andhra Pradesh,East Godavari,70,36
Andhra Pradesh,Guntur,37,73
Andhra Pradesh,Hyderabad,215,65
Andhra Pradesh,K.V.Rangareddy,31,32
Andhra Pradesh,Karimnagar,155,28
Andhra Pradesh,Khammam,76,1
Andhra Pradesh,Krishna,56,61
Andhra Pradesh,Kurnool,47,10
Andhra Pradesh,Mahbubnagar,204,6
Andhra Pradesh,Medak,326,63
Andhra Pradesh,Nalgonda,79,4
Andhra Pradesh,Nellore,45,65
Andhra Pradesh,Nizamabad,64,68
Andhra Pradesh,Prakasam,14,22
Andhra Pradesh,Srikakulam,405,2
Andhra Pradesh,Visakhapatnam,351,40
Andhra Pradesh,Vizianagaram,7,2
Andhra Pradesh,Warangal,233,55
Andhra Pradesh,West Godavari,174,32
Assam,Jorhat,1,0
Bihar,Araria,5,0
Bihar,Aurangabad(BH),56,0
Bihar,Bhabua,1,0
Bihar,Bhojpur,2,0
Bihar,Buxar,8,0
Bihar,Darbhanga,4,0
Bihar,East Champaran,8,0
Bihar,Gopalganj,13,0
Bihar,Jehanabad,4,0
Bihar,Katihar,1,0
Bihar,Khagaria,2,0
Bihar,Kishanganj,0,1
Bihar,Madhubani,4,0
Bihar,Munger,2,0
Bihar,Muzaffarpur,4,0
Bihar,Nalanda,5,0
Bihar,Nawada,1,0
Bihar,Patna,31,6
Bihar,Purnia,2,1
Bihar,Rohtas,2,0
Bihar,Saran,26,0
Bihar,Sheohar,6,0
Bihar,Sitamarhi,4,0
Bihar,Siwan,6,0
Bihar,Vaishali,3,0
Bihar,West Champaran,84,1
Chandigarh,Chandigarh,10,0
Chhattisgarh,Durg,1,0
Chhattisgarh,Raipur,5,0
Chhattisgarh,Surguja,4,0
Dadra and Nagar Haveli,Dadra and Nagar Haveli,7,0
Daman and Diu,Daman,1,0
Daman and Diu,Diu,0,1
Delhi,Central Delhi,30,4
Delhi,East Delhi,37,5
Delhi,North Delhi,3,3
Delhi,North East,67,0
Delhi,North West Delhi,57,18
Delhi,South Delhi,628,13
Delhi,South West Delhi,37,4
Delhi,West Delhi,176,1
Goa,Bardez,1,0
Goa,North Goa,86,8
Goa,South Goa,119,0
Gujarat,Ahmadabad,46,7
Gujarat,Amreli,1,0
Gujarat,Banaskantha,1,0
Gujarat,Bhavnagar,19,1
Gujarat,Jamnagar,16,3
Gujarat,Junagadh,2,0
Gujarat,Kheda,4,0
Gujarat,Mahesana,52,0
Gujarat,Navsari,1,0
Gujarat,Panchmahals,7,0
Gujarat,Patan,3,1
Gujarat,Porbandar,4,0
Gujarat,Rajkot,43,0
Gujarat,Sabarkantha,17,1
Gujarat,Surat,149,1
Gujarat,Vadodara,1,0
Gujarat,Valsad,11,0
Haryana,Ambala,2,1
Haryana,Bhiwani,25,0
Haryana,Faridabad,43,0
Haryana,Gurgaon,10,0
Haryana,Hisar,20,0
Haryana,Jhajjar,10,0
Haryana,Kaithal,11,0
Haryana,Karnal,2,0
Haryana,Kurukshetra,77,0
Haryana,Panchkula,1,0
Haryana,Panipat,3,2
Haryana,Rewari,3,0
Haryana,Rohtak,18,0
Haryana,Sirsa,0,4
Haryana,Sonipat,30,0
Haryana,Yamuna Nagar,1,0
Himachal Pradesh,Bilaspur ,60,2
Himachal Pradesh,Chamba,151,0
Himachal Pradesh,Hamirpur,14,0
Himachal Pradesh,Kangra,121,0
Himachal Pradesh,Kinnaur,1,0
Himachal Pradesh,Kullu,5,0
Himachal Pradesh,Mandi,90,0
Himachal Pradesh,Shimla,146,0
Himachal Pradesh,Sirmaur,76,0
Himachal Pradesh,Solan,22,0
Himachal Pradesh,Una,3,1
Jammu and Kashmir,Udhampur,1,0
Jharkhand,Bokaro,13,2
Jharkhand,Chatra,4,0
Jharkhand,Dhanbad,201,0
Jharkhand,Dumka,3,0
Jharkhand,East Singhbhum,11,5
Jharkhand,Garhwa,196,0
Jharkhand,Giridih,69,2
Jharkhand,Gumla,7,0
Jharkhand,Hazaribagh,4,1
Jharkhand,Jamtara,1,0
Jharkhand,Khunti,2,0
Jharkhand,Kodarma,19,0
Jharkhand,Lohardaga,6,0
Jharkhand,Pakaur,5,0
Jharkhand,Palamau,149,0
Jharkhand,Ramgarh,1,0
Jharkhand,Ranchi,45,34
Jharkhand,Sahebganj,0,1
Jharkhand,Seraikela-Kharsawan,1,4
Jharkhand,Simdega,37,1
Jharkhand,West Singhbhum,5,2
Karnataka,Bagalkot,75,14
Karnataka,Bangalore,394,83
Karnataka,Bangalore Rural,2,1
Karnataka,Belgaum,181,33
Karnataka,Bellary,58,4
Karnataka,Bidar,93,3
Karnataka,Bijapur(KAR),294,11
Karnataka,Chamarajanagar,2,5
Karnataka,Chickmagalur,7,3
Karnataka,Chikkaballapur,1,6
Karnataka,Dakshina Kannada,5,0
Karnataka,Davangere,13,0
Karnataka,Dharwad,326,0
Karnataka,Gadag,2,12
Karnataka,Gulbarga,87,22
Karnataka,Hassan,25,6
Karnataka,Haveri,67,0
Karnataka,Kodagu,49,13
Karnataka,Kolar,1,3
Karnataka,Koppal,52,55
Karnataka,Mandya,12,3
Karnataka,Mysore,31,128
Karnataka,Raichur,77,19
Karnataka,Shimoga,46,0
Karnataka,Tumkur,154,13
Karnataka,Udupi,3,0
Karnataka,Uttara Kannada,11,4
Karnataka,Yadgir,23,36
Kerala,Alappuzha,310,3
Kerala,Ernakulam,349,0
Kerala,Idukki,120,1
Kerala,Kannur,143,0
Kerala,Kasargod,81,0
Kerala,Kollam,368,0
Kerala,Kottayam,39,0
Kerala,Kozhikode,512,3
Kerala,Malappuram,232,2
Kerala,Palakkad,194,2
Kerala,Pathanamthitta,236,3
Kerala,Thiruvananthapuram,450,4
Kerala,Thrissur,306,2
Kerala,Wayanad,193,2
Madhya Pradesh,Balaghat,1,0
Madhya Pradesh,Barwani,395,15
Madhya Pradesh,Betul,28,0
Madhya Pradesh,Bhind,2,1
Madhya Pradesh,Bhopal,79,2
Madhya Pradesh,Burhanpur,205,7
Madhya Pradesh,Chhatarpur,2,0
Madhya Pradesh,Chhindwara,9,0
Madhya Pradesh,Dewas,1113,2
Madhya Pradesh,Guna,8,0
Madhya Pradesh,Gwalior,39,22
Madhya Pradesh,Hoshangabad,8,0
Madhya Pradesh,Indore,41,5
Madhya Pradesh,Jabalpur,22,0
Madhya Pradesh,Jhabua,1,0
Madhya Pradesh,Katni,1,0
Madhya Pradesh,Khandwa,58,3
Madhya Pradesh,Khargone,2,0
Madhya Pradesh,Mandsaur,992,86
Madhya Pradesh,Morena,5,0
Madhya Pradesh,Narsinghpur,16,3
Madhya Pradesh,Neemuch,92,45
Madhya Pradesh,Raisen,58,0
Madhya Pradesh,Ratlam,543,59
Madhya Pradesh,Satna,2,0
Madhya Pradesh,Sehore,1,0
Madhya Pradesh,Seoni,2,0
Madhya Pradesh,Shahdol,1,0
Madhya Pradesh,Shajapur,1982,3
Madhya Pradesh,Shivpuri,4,1
Madhya Pradesh,Tikamgarh,1,0
Madhya Pradesh,Ujjain,34,1
Madhya Pradesh,Vidisha,13,0
Maharashtra,Ahmed Nagar,1707,10
Maharashtra,Akola,51,0
Maharashtra,Amravati,75,0
Maharashtra,Aurangabad,319,1
Maharashtra,Beed,16,1
Maharashtra,Bhandara,51,3
Maharashtra,Buldhana,48,0
Maharashtra,Chandrapur,216,1
Maharashtra,Dhule,35,4
Maharashtra,Gadchiroli,6,8
Maharashtra,Gondiya,18,1
Maharashtra,Hingoli,239,1
Maharashtra,Jalgaon,243,3
Maharashtra,Jalna,116,3
Maharashtra,Kolhapur,125,4
Maharashtra,Latur,149,107
Maharashtra,Mumbai,1149,32
Maharashtra,Mumbai City,6,1
Maharashtra,Mumbai( Sub Urban ),3,0
Maharashtra,Nagpur,100,3
Maharashtra,Nanded,70,1
Maharashtra,Nandurbar,206,0
Maharashtra,Nashik,1833,4
Maharashtra,Osmanabad,275,2
Maharashtra,Parbhani,4,0
Maharashtra,Pune,2329,17
Maharashtra,Raigarh(MH),16,0
Maharashtra,Ratnagiri,35,1
Maharashtra,Sangli,1474,8
Maharashtra,Satara,715,0
Maharashtra,Solapur,202,15
Maharashtra,Thane,597,1
Maharashtra,Wardha,16,0
Maharashtra,Washim,31,11
Maharashtra,Yavatmal,158,1
Meghalaya,East Khasi Hills,1,0
Mizoram,Aizawl,1,0
Odisha,Baleswar,8,1
Odisha,Bargarh,4,0
Odisha,Bhadrak,58,1
Odisha,Cuttack,9,1
Odisha,Ganjam,4,2
Odisha,Jagatsinghapur,1,0
Odisha,Jajapur,80,0
Odisha,Kalahandi,1,0
Odisha,Kendrapara,1,0
Odisha,Khordha,8,2
Odisha,Koraput,1,0
Odisha,Puri,4,1
Others,Others,238,1
Puducherry,Pondicherry,10,82
Puducherry,Yanam,1,0
Punjab,Amritsar,127,1
Punjab,Bathinda,4,0
Punjab,Faridkot,7,1
Punjab,Fatehgarh Sahib,24,0
Punjab,Fazilka,15,2
Punjab,Ferozepur,42,0
Punjab,Gurdaspur,39,1
Punjab,Hoshiarpur,10,0
Punjab,Jalandhar,113,1
Punjab,Kapurthala,3,0
Punjab,Ludhiana,611,0
Punjab,Mansa,2,0
Punjab,Muktsar,2,0
Punjab,Nawanshahr,397,1
Punjab,Patiala,97,3
Punjab,Rupnagar,30,0
Punjab,SAS Nagar (Mohali),43,1
Punjab,Sangrur,25,2
Punjab,Tarn Taran,36,5
Rajasthan,Ajmer,51,3
Rajasthan,Alwar,12,0
Rajasthan,Baran,8,0
Rajasthan,Barmer,20,0
Rajasthan,Bharatpur,5,1
Rajasthan,Bhilwara,46,0
Rajasthan,Bikaner,17,0
Rajasthan,Bundi,5,1
Rajasthan,Chittorgarh,24,0
Rajasthan,Churu,13,0
Rajasthan,Dausa,13,5
Rajasthan,Ganganagar,5,0
Rajasthan,Hanumangarh,1,0
Rajasthan,Jaipur,1311,9
Rajasthan,Jalor,16,0
Rajasthan,Jhalawar,34,1
Rajasthan,Jhunjhunun,15,3
Rajasthan,Jodhpur,57,0
Rajasthan,Karauli,1,0
Rajasthan,Kota,47,8
Rajasthan,Nagaur,41,1
Rajasthan,Pali,54,0
Rajasthan,Pratapgarh,1,0
Rajasthan,Rajsamand,5,3
Rajasthan,Sawai Madhopur,19,3
Rajasthan,Sikar,6,1
Rajasthan,Sirohi,10,3
Rajasthan,Tonk,8,1
Rajasthan,Udaipur,51,7
Sikkim,West Sikkim,146,4
Tamil Nadu,Chennai,25,1
Tamil Nadu,Coimbatore,4,0
Tamil Nadu,Dharmapuri,1,1
Tamil Nadu,Dindigul,4,0
Tamil Nadu,Erode,66,2
Tamil Nadu,Kanchipuram,5,1
Tamil Nadu,Kanyakumari,4,0
Tamil Nadu,Madurai,11,2
Tamil Nadu,Namakkal,1,1
Tamil Nadu,Pudukkottai,3,0
Tamil Nadu,Salem,7,7
Tamil Nadu,Sivaganga,1,0
Tamil Nadu,Thanjavur,0,1
Tamil Nadu,Theni,32,1
Tamil Nadu,Thoothukkudi,2,0
Tamil Nadu,Tirunelveli,5,0
Tamil Nadu,Tiruvallur,6,2
Tamil Nadu,Tiruvannamalai,2,0
Tamil Nadu,Tiruvarur,1,0
Tamil Nadu,Vellore,5,4
Tamil Nadu,Villupuram,4,2
Tamil Nadu,Virudhunagar,6,0
Tripura,South Tripura,0,1
Tripura,West Tripura,1,25
Uttar Pradesh,Agra,44,19
Uttar Pradesh,Aligarh,3,0
Uttar Pradesh,Allahabad,56,1
Uttar Pradesh,Auraiya,0,7
Uttar Pradesh,Azamgarh,3,0
Uttar Pradesh,Bahraich,1,0
Uttar Pradesh,Banda,2,0
Uttar Pradesh,Barabanki,12,5
Uttar Pradesh,Bareilly,34,15
Uttar Pradesh,Basti,2,0
Uttar Pradesh,Budaun,2,0
Uttar Pradesh,Bulandshahar,3,0
Uttar Pradesh,Chandauli,2,0
Uttar Pradesh,Deoria,27,5
Uttar Pradesh,Etawah,20,13
Uttar Pradesh,Faizabad,6,2
Uttar Pradesh,Farrukhabad,1,0
Uttar Pradesh,Fatehpur,2,0
Uttar Pradesh,Firozabad,3,6
Uttar Pradesh,Gautam Buddha Nagar,14,0
Uttar Pradesh,Ghaziabad,26,3
Uttar Pradesh,Ghazipur,17,0
Uttar Pradesh,Gonda,1,0
Uttar Pradesh,Gorakhpur,6,11
Uttar Pradesh,Hamirpur,4,0
Uttar Pradesh,Hardoi,0,2
Uttar Pradesh,Hathras,1,0
Uttar Pradesh,Jaunpur,1,0
Uttar Pradesh,Jhansi,7,2
Uttar Pradesh,Jyotiba Phule Nagar,1,2
Uttar Pradesh,Kannauj,0,1
Uttar Pradesh,Kanpur Dehat,2,0
Uttar Pradesh,Kanpur Nagar,218,16
Uttar Pradesh,Kaushambi,1,0
Uttar Pradesh,Kheri,1,1
Uttar Pradesh,Kushinagar,0,1
Uttar Pradesh,Lalitpur,1,0
Uttar Pradesh,Lucknow,82,18
Uttar Pradesh,Mahoba,6,0
Uttar Pradesh,Mahrajganj,1,0
Uttar Pradesh,Mainpuri,4,1
Uttar Pradesh,Mathura,120,6
Uttar Pradesh,Mau,1,0
Uttar Pradesh,Meerut,1,0
Uttar Pradesh,Mirzapur,4,0
Uttar Pradesh,Moradabad,39,6
Uttar Pradesh,Pilibhit,2,0
Uttar Pradesh,Pratapgarh,3,0
Uttar Pradesh,Raebareli,15,7
Uttar Pradesh,Rampur,50,4
Uttar Pradesh,Saharanpur,1,0
Uttar Pradesh,Sant Ravidas Nagar Bhadohi,2,0
Uttar Pradesh,Sitapur,3,1
Uttar Pradesh,Sultanpur,3,0
Uttar Pradesh,Unnao,5,1
Uttar Pradesh,Varanasi,2,0
Uttarakhand,Almora,1,0
Uttarakhand,Chamoli,0,1
Uttarakhand,Dehradun,4,1
Uttarakhand,Garhwal,2,0
Uttarakhand,Hardwar,0,1
Uttarakhand,Nainital,8,2
Uttarakhand,Pithoragarh,1,0
Uttarakhand,Uttarkashi,1,0
West Bengal,Bankura,4,0
West Bengal,Barddhaman,9,0
West Bengal,Birbhum,28,0
West Bengal,Cooch Behar,4,0
West Bengal,East Midnapore,1,0
West Bengal,Hooghly,3,0
West Bengal,Howrah,16,1
West Bengal,Kolkata,61,0
West Bengal,Malda,2,0
West Bengal,Murshidabad,5,2
West Bengal,Nadia,5,0
West Bengal,North 24 Parganas,107,0
West Bengal,South Twenty Four Parganas,4,0
