State,District,Aadhaar generated,Enrolment Rejected
Andaman and Nicobar Islands,Andamans,1,0
Andhra Pradesh,Adilabad,109,3
Andhra Pradesh,Anantapur,3707,67
Andhra Pradesh,Chittoor,719,17
Andhra Pradesh,Cuddapah,1053,8
Andhra Pradesh,East Godavari,632,9
Andhra Pradesh,Guntur,889,13
Andhra Pradesh,Hyderabad,809,43
Andhra Pradesh,K.V.Rangareddy,2113,49
Andhra Pradesh,Karimnagar,4081,15
Andhra Pradesh,Khammam,67,1
Andhra Pradesh,Krishna,1659,14
Andhra Pradesh,Kurnool,280,0
Andhra Pradesh,Mahbubnagar,1829,10
Andhra Pradesh,Medak,140,3
Andhra Pradesh,Nalgonda,281,7
Andhra Pradesh,Nellore,41,1
Andhra Pradesh,Nizamabad,175,1
Andhra Pradesh,Prakasam,1312,12
Andhra Pradesh,Srikakulam,5382,35
Andhra Pradesh,Visakhapatnam,1295,19
Andhra Pradesh,Vizianagaram,20,0
Andhra Pradesh,Warangal,822,10
Andhra Pradesh,West Godavari,3008,67
Assam,Darrang,1,0
Assam,Kokrajhar,1,0
Assam,Sonitpur,1,0
Bihar,Araria,4,0
Bihar,Arwal,2,0
Bihar,Aurangabad(BH),64,4
Bihar,Banka,1,0
Bihar,Begusarai,7,0
Bihar,Bhabua,3,1
Bihar,Bhagalpur,29,0
Bihar,Bhojpur,9,0
Bihar,Buxar,6,0
Bihar,Darbhanga,15,0
Bihar,East Champaran,12,0
Bihar,Gaya,37,1
Bihar,Gopalganj,68,0
Bihar,Jamui,7,0
Bihar,Jehanabad,3,0
Bihar,Katihar,2,0
Bihar,Khagaria,5,0
Bihar,Kishanganj,3,0
Bihar,Lakhisarai,3,0
Bihar,Madhepura,3,0
Bihar,Madhubani,16,0
Bihar,Munger,7,0
Bihar,Muzaffarpur,32,0
Bihar,Nalanda,12,0
Bihar,Nawada,4,0
Bihar,Patna,1091,16
Bihar,Purnia,34,0
Bihar,Rohtas,8,0
Bihar,Saharsa,2,0
Bihar,Samastipur,10,0
Bihar,Saran,328,3
Bihar,Sheohar,331,0
Bihar,Sitamarhi,16,0
Bihar,Siwan,11,0
Bihar,Supaul,1,0
Bihar,Vaishali,7,0
Bihar,West Champaran,459,2
Chandigarh,Chandigarh,163,0
Chhattisgarh,Bilaspur,2,0
Chhattisgarh,Durg,1,0
Chhattisgarh,Kanker,2,0
Chhattisgarh,Korba,1,0
Chhattisgarh,Raigarh,1,0
Chhattisgarh,Raipur,4,0
Chhattisgarh,Surguja,16,0
Dadra and Nagar Haveli,Dadra and Nagar Haveli,65,0
Daman and Diu,Daman,0,1
Daman and Diu,Diu,453,0
Delhi,Central Delhi,145,0
Delhi,East Delhi,582,8
Delhi,New Delhi,1,0
Delhi,North Delhi,45,0
Delhi,North East,968,5
Delhi,North West Delhi,583,6
Delhi,South Delhi,2895,29
Delhi,South West Delhi,505,15
Delhi,West Delhi,1218,37
Goa,North Goa,534,0
Goa,South Goa,548,1
Gujarat,Ahmadabad,792,7
Gujarat,Amreli,7,0
Gujarat,Anand,10,0
Gujarat,Banaskantha,4,0
Gujarat,Bharuch,7,0
Gujarat,Bhavnagar,8,0
Gujarat,Dohad,2,0
Gujarat,Gandhinagar,167,0
Gujarat,Jamnagar,76,0
Gujarat,Junagadh,17,0
Gujarat,Kachchh,2,0
Gujarat,Kheda,138,1
Gujarat,Mahesana,97,2
Gujarat,Navsari,3,0
Gujarat,Panchmahals,25,0
Gujarat,Patan,11,0
Gujarat,Porbandar,16,0
Gujarat,Rajkot,1241,2
Gujarat,Sabarkantha,85,2
Gujarat,Surat,379,2
Gujarat,Surendra Nagar,220,0
Gujarat,Vadodara,11,0
Gujarat,Valsad,27,0
Haryana,Ambala,149,1
Haryana,Bhiwani,30,0
Haryana,Faridabad,195,2
Haryana,Fatehabad,1,0
Haryana,Gurgaon,17,0
Haryana,Hisar,552,0
Haryana,Jhajjar,4,0
Haryana,Jind,9,0
Haryana,Kaithal,83,2
Haryana,Karnal,72,0
Haryana,Kurukshetra,276,0
Haryana,Mahendragarh,3,0
Haryana,Panchkula,7,0
Haryana,Panipat,27,1
Haryana,Rewari,52,2
Haryana,Rohtak,67,1
Haryana,Sirsa,132,0
Haryana,Sonipat,577,11
Haryana,Yamuna Nagar,3,0
Himachal Pradesh,Bilaspur ,163,0
Himachal Pradesh,Chamba,646,0
Himachal Pradesh,Hamirpur,299,1
Himachal Pradesh,Kangra,510,0
Himachal Pradesh,Kullu,11,0
Himachal Pradesh,Lahul and Spiti,2,0
Himachal Pradesh,Mandi,325,1
Himachal Pradesh,Shimla,293,0
Himachal Pradesh,Sirmaur,158,0
Himachal Pradesh,Solan,98,0
Himachal Pradesh,Una,46,2
Jammu and Kashmir,Baramulla,1,0
Jammu and Kashmir,Jammu,6,0
Jammu and Kashmir,Kupwara,2,0
Jammu and Kashmir,Leh,1,0
Jammu and Kashmir,Rajouri,1,0
Jammu and Kashmir,Srinagar,1,0
Jharkhand,Bokaro,662,28
Jharkhand,Chatra,4,1
Jharkhand,Deoghar,1,0
Jharkhand,Dhanbad,532,3
Jharkhand,Dumka,11,0
Jharkhand,East Singhbhum,52,0
Jharkhand,Garhwa,1214,8
Jharkhand,Giridih,146,2
Jharkhand,Godda,8,0
Jharkhand,Gumla,320,0
Jharkhand,Hazaribagh,42,1
Jharkhand,Khunti,11,0
Jharkhand,Kodarma,14,0
Jharkhand,Latehar,5,0
Jharkhand,Lohardaga,3,0
Jharkhand,Pakaur,8,0
Jharkhand,Palamau,78,3
Jharkhand,Ramgarh,57,1
Jharkhand,Ranchi,1037,6
Jharkhand,Sahebganj,4,0
Jharkhand,Seraikela-Kharsawan,987,16
Jharkhand,Simdega,54,0
Jharkhand,West Singhbhum,281,2
Karnataka,Bagalkot,237,0
Karnataka,Bangalore,4357,13
Karnataka,Bangalore Rural,3,0
Karnataka,Belgaum,817,3
Karnataka,Bellary,415,3
Karnataka,Bidar,921,25
Karnataka,Bijapur(KAR),1199,2
Karnataka,Chamarajanagar,282,0
Karnataka,Chickmagalur,25,0
Karnataka,Chikkaballapur,33,0
Karnataka,Chitradurga,18,0
Karnataka,Dakshina Kannada,339,0
Karnataka,Davangere,16,0
Karnataka,Dharwad,1441,8
Karnataka,Gadag,55,0
Karnataka,Gulbarga,795,15
Karnataka,Hassan,752,4
Karnataka,Haveri,931,0
Karnataka,Kodagu,469,0
Karnataka,Kolar,5,0
Karnataka,Koppal,401,6
Karnataka,Mandya,19,0
Karnataka,Mysore,171,23
Karnataka,Raichur,10,0
Karnataka,Ramanagar,7,0
Karnataka,Shimoga,198,1
Karnataka,Tumkur,191,11
Karnataka,Udupi,7,0
Karnataka,Uttara Kannada,272,0
Karnataka,Yadgir,49,0
Kerala,Alappuzha,182,0
Kerala,Ernakulam,1388,1
Kerala,Idukki,53,0
Kerala,Kannur,92,0
Kerala,Kasargod,205,0
Kerala,Kollam,150,0
Kerala,Kottayam,12,0
Kerala,Kozhikode,607,1
Kerala,Malappuram,251,0
Kerala,Palakkad,69,1
Kerala,Pathanamthitta,53,0
Kerala,Thiruvananthapuram,803,2
Kerala,Thrissur,163,0
Kerala,Wayanad,54,0
Madhya Pradesh,Balaghat,1,0
Madhya Pradesh,Barwani,178,0
Madhya Pradesh,Betul,76,0
Madhya Pradesh,Bhind,3,0
Madhya Pradesh,Bhopal,182,3
Madhya Pradesh,Burhanpur,5685,29
Madhya Pradesh,Chhatarpur,2,0
Madhya Pradesh,Chhindwara,4,0
Madhya Pradesh,Damoh,1,0
Madhya Pradesh,Datia,1,0
Madhya Pradesh,Dewas,4033,5
Madhya Pradesh,Dhar,3,0
Madhya Pradesh,Guna,6,0
Madhya Pradesh,Gwalior,194,4
Madhya Pradesh,Harda,165,0
Madhya Pradesh,Hoshangabad,204,1
Madhya Pradesh,Indore,263,5
Madhya Pradesh,Jabalpur,107,2
Madhya Pradesh,Katni,2,0
Madhya Pradesh,Khandwa,5350,17
Madhya Pradesh,Khargone,28,0
Madhya Pradesh,Mandla,18,0
Madhya Pradesh,Mandsaur,25,0
Madhya Pradesh,Morena,7,0
Madhya Pradesh,Narsinghpur,70,1
Madhya Pradesh,Neemuch,6,0
Madhya Pradesh,Raisen,192,2
Madhya Pradesh,Rajgarh,3,0
Madhya Pradesh,Ratlam,187,0
Madhya Pradesh,Rewa,8,0
Madhya Pradesh,Satna,5,0
Madhya Pradesh,Sehore,4,0
Madhya Pradesh,Seoni,2,0
Madhya Pradesh,Shahdol,1,0
Madhya Pradesh,Shajapur,6667,25
Madhya Pradesh,Shivpuri,41,8
Madhya Pradesh,Sidhi,2,0
Madhya Pradesh,Tikamgarh,1,0
Madhya Pradesh,Ujjain,315,9
Madhya Pradesh,Vidisha,20,0
Maharashtra,Ahmed Nagar,3819,18
Maharashtra,Akola,16,0
Maharashtra,Amravati,208,0
Maharashtra,Aurangabad,3058,17
Maharashtra,Beed,742,10
Maharashtra,Bhandara,28,0
Maharashtra,Buldhana,259,0
Maharashtra,Chandrapur,845,1
Maharashtra,Dhule,248,2
Maharashtra,Gadchiroli,124,1
Maharashtra,Gondiya,159,1
Maharashtra,Hingoli,3072,0
Maharashtra,Jalgaon,2332,64
Maharashtra,Jalna,464,3
Maharashtra,Kolhapur,1971,117
Maharashtra,Latur,427,7
Maharashtra,Mumbai,5549,27
Maharashtra,Mumbai City,9,1
Maharashtra,Mumbai( Sub Urban ),19,0
Maharashtra,Nagpur,891,5
Maharashtra,Nanded,924,16
Maharashtra,Nandurbar,191,0
Maharashtra,Nashik,8339,82
Maharashtra,Osmanabad,516,5
Maharashtra,Parbhani,343,0
Maharashtra,Pune,9936,21
Maharashtra,Raigarh(MH),163,1
Maharashtra,Ratnagiri,218,1
Maharashtra,Sangli,6870,111
Maharashtra,Satara,5719,26
Maharashtra,Sindhudurg,10,0
Maharashtra,Solapur,1958,12
Maharashtra,Thane,5971,5
Maharashtra,Wardha,73,1
Maharashtra,Washim,55,0
Maharashtra,Yavatmal,225,0
Odisha,Anugul,5,0
Odisha,Baleswar,318,1
Odisha,Bhadrak,512,3
Odisha,Cuttack,91,3
Odisha,Gajapati,2,0
Odisha,Ganjam,18,2
Odisha,Jagatsinghapur,6,0
Odisha,Jajapur,60,0
Odisha,Jharsuguda,7,0
Odisha,Kendrapara,10,0
Odisha,Kendujhar,5,0
Odisha,Khordha,37,1
Odisha,Mayurbhanj,1,0
Odisha,Nayagarh,1,0
Odisha,Puri,2,0
Odisha,Rayagada,3,0
Odisha,Sundergarh,35,1
Others,Others,156,0
Puducherry,Karaikal,1,0
Puducherry,Pondicherry,38,6
Punjab,Amritsar,844,3
Punjab,Barnala,185,1
Punjab,Bathinda,235,2
Punjab,Faridkot,2,0
Punjab,Fatehgarh Sahib,237,1
Punjab,Fazilka,308,1
Punjab,Ferozepur,797,9
Punjab,Gurdaspur,2206,28
Punjab,Hoshiarpur,1615,17
Punjab,Jalandhar,573,5
Punjab,Kapurthala,43,0
Punjab,Ludhiana,5815,36
Punjab,Mansa,48,0
Punjab,Moga,6,0
Punjab,Muktsar,153,0
Punjab,Nawanshahr,3865,14
Punjab,Patiala,2285,21
Punjab,Rupnagar,479,2
Punjab,SAS Nagar (Mohali),140,0
Punjab,Sangrur,2080,10
Punjab,Tarn Taran,619,8
Rajasthan,Ajmer,148,1
Rajasthan,Alwar,26,0
Rajasthan,Banswara,688,1
Rajasthan,Baran,598,11
Rajasthan,Barmer,26,0
Rajasthan,Bharatpur,110,5
Rajasthan,Bhilwara,407,8
Rajasthan,Bikaner,12,0
Rajasthan,Bundi,114,0
Rajasthan,Chittorgarh,36,0
Rajasthan,Churu,21,0
Rajasthan,Dausa,9,1
Rajasthan,Dholpur,52,0
Rajasthan,Dungarpur,72,0
Rajasthan,Ganganagar,14,0
Rajasthan,Hanumangarh,16,0
Rajasthan,Jaipur,1921,12
Rajasthan,Jalor,41,0
Rajasthan,Jhalawar,184,4
Rajasthan,Jhunjhunun,451,22
Rajasthan,Jodhpur,99,0
Rajasthan,Karauli,6,0
Rajasthan,Kota,48,0
Rajasthan,Nagaur,253,0
Rajasthan,Pali,95,0
Rajasthan,Pratapgarh,9,0
Rajasthan,Rajsamand,309,14
Rajasthan,Sawai Madhopur,58,1
Rajasthan,Sikar,45,1
Rajasthan,Sirohi,28,0
Rajasthan,Tonk,709,1
Rajasthan,Udaipur,830,8
Sikkim,East Sikkim,2,0
Sikkim,West Sikkim,114,0
Tamil Nadu,Chennai,1300,0
Tamil Nadu,Coimbatore,18,0
Tamil Nadu,Cuddalore,3,0
Tamil Nadu,Dharmapuri,3,0
Tamil Nadu,Dindigul,4,0
Tamil Nadu,Erode,470,1
Tamil Nadu,Kanchipuram,140,0
Tamil Nadu,Kanyakumari,34,0
Tamil Nadu,Karur,20,0
Tamil Nadu,Madurai,13,0
Tamil Nadu,Nagapattinam,2,0
Tamil Nadu,Namakkal,73,0
Tamil Nadu,Perambalur,1,0
Tamil Nadu,Pudukkottai,3,0
Tamil Nadu,Ramanathapuram,3,0
Tamil Nadu,Salem,342,1
Tamil Nadu,Sivaganga,1,0
Tamil Nadu,Thanjavur,5,0
Tamil Nadu,Theni,1944,16
Tamil Nadu,Thoothukkudi,4,0
Tamil Nadu,Tiruchirappalli,21,0
Tamil Nadu,Tirunelveli,4,0
Tamil Nadu,Tiruvallur,143,0
Tamil Nadu,Tiruvannamalai,341,3
Tamil Nadu,Tiruvarur,1,0
Tamil Nadu,Vellore,23,0
Tamil Nadu,Villupuram,42,1
Tamil Nadu,Virudhunagar,3,0
Tripura,South Tripura,4,0
Tripura,West Tripura,17,0
Uttar Pradesh,Agra,739,8
Uttar Pradesh,Aligarh,8,0
Uttar Pradesh,Allahabad,39,0
Uttar Pradesh,Ambedkar Nagar,5,0
Uttar Pradesh,Auraiya,148,2
Uttar Pradesh,Azamgarh,13,0
Uttar Pradesh,Baghpat,5,0
Uttar Pradesh,Bahraich,4,0
Uttar Pradesh,Ballia,27,1
Uttar Pradesh,Banda,3,0
Uttar Pradesh,Barabanki,137,5
Uttar Pradesh,Bareilly,391,7
Uttar Pradesh,Basti,8,2
Uttar Pradesh,Bijnor,4,0
Uttar Pradesh,Budaun,5,0
Uttar Pradesh,Bulandshahar,81,2
Uttar Pradesh,Chandauli,6,0
Uttar Pradesh,Deoria,66,24
Uttar Pradesh,Etah,4,0
Uttar Pradesh,Etawah,125,5
Uttar Pradesh,Faizabad,20,4
Uttar Pradesh,Farrukhabad,4,0
Uttar Pradesh,Fatehpur,7,0
Uttar Pradesh,Firozabad,375,0
Uttar Pradesh,Gautam Buddha Nagar,32,0
Uttar Pradesh,Ghaziabad,93,6
Uttar Pradesh,Ghazipur,126,2
Uttar Pradesh,Gonda,8,0
Uttar Pradesh,Gorakhpur,41,0
Uttar Pradesh,Hamirpur,3,0
Uttar Pradesh,Hardoi,8,0
Uttar Pradesh,Hathras,55,0
Uttar Pradesh,Jalaun,4,0
Uttar Pradesh,Jaunpur,9,0
Uttar Pradesh,Jhansi,98,0
Uttar Pradesh,Jyotiba Phule Nagar,2,0
Uttar Pradesh,Kannauj,168,0
Uttar Pradesh,Kanpur Dehat,9,3
Uttar Pradesh,Kanpur Nagar,737,90
Uttar Pradesh,Kaushambi,3,0
Uttar Pradesh,Kheri,34,0
Uttar Pradesh,Kushinagar,11,0
Uttar Pradesh,Lalitpur,6,0
Uttar Pradesh,Lucknow,1576,19
Uttar Pradesh,Mahoba,1259,3
Uttar Pradesh,Mahrajganj,1,0
Uttar Pradesh,Mainpuri,21,0
Uttar Pradesh,Mathura,472,0
Uttar Pradesh,Mau,5,0
Uttar Pradesh,Mirzapur,3,0
Uttar Pradesh,Moradabad,314,27
Uttar Pradesh,Muzaffarnagar,3,0
Uttar Pradesh,Pilibhit,3,1
Uttar Pradesh,Pratapgarh,12,0
Uttar Pradesh,Raebareli,238,7
Uttar Pradesh,Rampur,212,9
Uttar Pradesh,Saharanpur,45,1
Uttar Pradesh,Sant Kabir Nagar,1,0
Uttar Pradesh,Sant Ravidas Nagar Bhadohi,1,0
Uttar Pradesh,Shahjahanpur,7,0
Uttar Pradesh,Shrawasti,2,0
Uttar Pradesh,Siddharthnagar,2,0
Uttar Pradesh,Sitapur,571,3
Uttar Pradesh,Sultanpur,26,0
Uttar Pradesh,Unnao,20,2
Uttar Pradesh,Varanasi,5,0
Uttarakhand,Almora,134,0
Uttarakhand,Bageshwar,6,0
Uttarakhand,Chamoli,19,0
Uttarakhand,Champawat,4,0
Uttarakhand,Dehradun,50,2
Uttarakhand,Garhwal,96,0
Uttarakhand,Hardwar,89,0
Uttarakhand,Nainital,101,0
Uttarakhand,Pithoragarh,51,0
Uttarakhand,Tehri Garhwal,1,0
Uttarakhand,Udham Singh Nagar,24,1
Uttarakhand,Uttarkashi,1,0
West Bengal,Bankura,2,0
West Bengal,Barddhaman,87,0
West Bengal,Birbhum,104,0
West Bengal,Cooch Behar,1,0
West Bengal,Darjeeling,3,0
West Bengal,East Midnapore,3,0
West Bengal,Hooghly,18,1
West Bengal,Howrah,45,0
West Bengal,Jalpaiguri,5,0
West Bengal,Kolkata,341,3
West Bengal,Malda,2,0
West Bengal,Medinipur,5,0
West Bengal,Murshidabad,63,0
West Bengal,Nadia,62,0
West Bengal,North 24 Parganas,34,1
West Bengal,North Dinajpur,1,0
West Bengal,Purulia,4,0
West Bengal,South Twenty Four Parganas,77,0
West Bengal,West Midnapore,4,0
