State,District,Aadhaar generated,Enrolment Rejected
Andaman and Nicobar Islands,Nicobar,1,0
Andaman and Nicobar Islands,North And Middle Andaman,7,0
Andaman and Nicobar Islands,South Andaman,41,5
Andhra Pradesh,Ananthapur,869,106
Andhra Pradesh,Chittoor,1480,118
Andhra Pradesh,Cuddapah,779,31
Andhra Pradesh,East Godavari,1955,66
Andhra Pradesh,Guntur,970,92
Andhra Pradesh,Krishna,1976,69
Andhra Pradesh,Kurnool,1683,46
Andhra Pradesh,Nellore,987,14
Andhra Pradesh,Prakasam,771,48
Andhra Pradesh,Srikakulam,1404,38
Andhra Pradesh,Visakhapatnam,849,44
Andhra Pradesh,Vizianagaram,895,45
Andhra Pradesh,West Godavari,1280,49
Arunachal Pradesh,Changlang,1,0
Arunachal Pradesh,East Siang,1,0
Arunachal Pradesh,Lower Dibang Valley,1,0
Arunachal Pradesh,Namsai,0,22
Arunachal Pradesh,Tawang,3,0
Arunachal Pradesh,Upper Siang,1,0
Assam,Baksa,6,0
Assam,Barpeta,13,0
Assam,Bongaigaon,6,1
Assam,Cachar,22,0
Assam,Chirang,5,0
Assam,Darrang,5,0
Assam,Dhubri,14,0
Assam,Dibrugarh,5,0
Assam,Goalpara,4,0
Assam,Golaghat,10,0
Assam,Hailakandi,5,0
Assam,Jorhat,9,0
Assam,Kamrup,50,0
Assam,Kamrup Metro,5,0
Assam,Karbi Anglong,4,1
Assam,Karimganj,8,0
Assam,Kokrajhar,3,0
Assam,Lakhimpur,2,0
Assam,Marigaon,7,0
Assam,Nagaon,14,1
Assam,Nalbari,4,0
Assam,North Cachar Hills,2,0
Assam,Sibsagar,6,0
Assam,Sonitpur,17,0
Assam,Tinsukia,9,0
Assam,Udalguri,9,0
Bihar,Araria,8431,173
Bihar,Arwal,575,33
Bihar,Aurangabad,3906,123
Bihar,Banka,14551,35
Bihar,Begusarai,2942,156
Bihar,Bhagalpur,8165,147
Bihar,Bhojpur,1638,110
Bihar,Buxar,1525,35
Bihar,Darbhanga,11329,300
Bihar,East Champaran,11512,1491
Bihar,Gaya,2873,174
Bihar,Gopalganj,1863,266
Bihar,Jamui,20619,154
Bihar,Jehanabad,1120,11
Bihar,Kaimur (Bhabua),3480,42
Bihar,Katihar,4186,66
Bihar,Khagaria,10135,37
Bihar,Kishanganj,182,1
Bihar,Lakhisarai,1101,37
Bihar,Madhepura,5042,93
Bihar,Madhubani,13480,277
Bihar,Munger,771,9
Bihar,Muzaffarpur,5421,194
Bihar,Nalanda,5736,70
Bihar,Nawada,930,244
Bihar,Patna,6550,144
Bihar,Purnia,12534,166
Bihar,Rohtas,5274,278
Bihar,Saharsa,7231,105
Bihar,Samastipur,11591,397
Bihar,Saran,2011,74
Bihar,Sheikhpura,102,2
Bihar,Sheohar,1093,18
Bihar,Sitamarhi,2934,261
Bihar,Siwan,3555,314
Bihar,Supaul,11801,97
Bihar,Vaishali,2437,61
Bihar,West Champaran,7505,1066
Chandigarh,Chandigarh,49,0
Chhattisgarh,Balod,2252,24
Chhattisgarh,Baloda Bazar,2077,71
Chhattisgarh,Balrampur,1650,148
Chhattisgarh,Bastar,428,25
Chhattisgarh,Bemetara,1198,11
Chhattisgarh,Bijapur,326,7
Chhattisgarh,Bilaspur,362,2
Chhattisgarh,Dakshin Bastar Dantewada,8,0
Chhattisgarh,Dantewada,1,0
Chhattisgarh,Dhamtari,744,15
Chhattisgarh,Durg,160,11
Chhattisgarh,Gariyaband,3433,20
Chhattisgarh,Janjgir-champa,8498,269
Chhattisgarh,Jashpur,4629,148
Chhattisgarh,Kabeerdham,119,4
Chhattisgarh,Kanker,3227,19
Chhattisgarh,Kawardha,315,3
Chhattisgarh,Kondagaon,269,16
Chhattisgarh,Korba,87,24
Chhattisgarh,Koriya,643,91
Chhattisgarh,Mahasamund,186,4
Chhattisgarh,Mungeli,0,38
Chhattisgarh,Narayanpur,4,1
Chhattisgarh,Raigarh,2158,37
Chhattisgarh,Raipur,1355,16
Chhattisgarh,Rajnandgaon,299,8
Chhattisgarh,Sukma,92,7
Chhattisgarh,Surajpur,4572,306
Chhattisgarh,Surguja,2241,38
Chhattisgarh,Uttar Bastar Kanker,2755,15
Dadra and Nagar Haveli,Dadra and Nagar Haveli,54,1
Daman and Diu,Daman,18,0
Daman and Diu,Diu,1,0
Delhi,Central Delhi,228,18
Delhi,East Delhi,754,68
Delhi,New Delhi,14,0
Delhi,North Delhi,99,6
Delhi,North East Delhi,736,125
Delhi,North West Delhi,1527,103
Delhi,South Delhi,1157,64
Delhi,South West Delhi,695,59
Delhi,West Delhi,673,32
Goa,North Goa,4,0
Goa,South Goa,3,0
Gujarat,Ahmedabad,3630,61
Gujarat,Amreli,1282,0
Gujarat,Anand,963,4
Gujarat,Banaskantha,1157,2
Gujarat,Bharuch,632,1
Gujarat,Bhavnagar,1258,18
Gujarat,Dahod,513,8
Gujarat,Gandhinagar,372,1
Gujarat,Jamnagar,442,0
Gujarat,Junagadh,241,6
Gujarat,Kachchh,1285,7
Gujarat,Kheda,1336,40
Gujarat,Mahesana,580,4
Gujarat,Narmada,372,3
Gujarat,Navsari,57,0
Gujarat,Panchmahals,1726,26
Gujarat,Patan,1844,1
Gujarat,Porbandar,50,0
Gujarat,Rajkot,1394,16
Gujarat,Sabarkantha,2048,2
Gujarat,Surat,3721,32
Gujarat,Surendra Nagar,1754,4
Gujarat,Tapi,363,2
Gujarat,The Dangs,16,1
Gujarat,Vadodara,1975,27
Gujarat,Valsad,148,6
Haryana,Ambala,355,7
Haryana,Bhiwani,854,20
Haryana,Faridabad,758,28
Haryana,Fatehabad,399,15
Haryana,Gurgaon,963,32
Haryana,Hisar,441,49
Haryana,Jhajjar,779,10
Haryana,Jind,1924,81
Haryana,Kaithal,532,35
Haryana,Karnal,445,20
Haryana,Kurukshetra,132,11
Haryana,Mahendragarh,1218,108
Haryana,Mewat,1508,118
Haryana,Palwal,2210,103
Haryana,Panchkula,206,6
Haryana,Panipat,1214,43
Haryana,Rewari,644,10
Haryana,Rohtak,1116,48
Haryana,Sirsa,356,18
Haryana,Sonipat,881,39
Haryana,Yamuna Nagar,290,4
Himachal Pradesh,Bilaspur,6,0
Himachal Pradesh,Chamba,20,5
Himachal Pradesh,Hamirpur,33,2
Himachal Pradesh,Kangra,212,4
Himachal Pradesh,Kinnaur,3,0
Himachal Pradesh,Kullu,9,0
Himachal Pradesh,Mandi,43,1
Himachal Pradesh,Shimla,16,0
Himachal Pradesh,Sirmaur,18,0
Himachal Pradesh,Solan,12,1
Himachal Pradesh,Una,17,1
Jammu and Kashmir,Anantnag,6,3
Jammu and Kashmir,Badgam,81,0
Jammu and Kashmir,Baramula,1686,0
Jammu and Kashmir,Doda,12,0
Jammu and Kashmir,Ganderbal,48,1
Jammu and Kashmir,Jammu,286,21
Jammu and Kashmir,Kathua,116,2
Jammu and Kashmir,Kishtwar,10,0
Jammu and Kashmir,Kulgam,3,0
Jammu and Kashmir,Kupwara,9,0
Jammu and Kashmir,Leh,1,0
Jammu and Kashmir,Pulwama,8,0
Jammu and Kashmir,Punch,4,0
Jammu and Kashmir,Rajouri,31,0
Jammu and Kashmir,Ramban,2,7
Jammu and Kashmir,Reasi,8,2
Jammu and Kashmir,Samba,11,2
Jammu and Kashmir,Shupiyan,41,1
Jammu and Kashmir,Srinagar,1308,0
Jammu and Kashmir,Udhampur,200,19
Jharkhand,Bokaro,111,6
Jharkhand,Chatra,151,5
Jharkhand,Deoghar,423,8
Jharkhand,Dhanbad,43,3
Jharkhand,Dumka,129,15
Jharkhand,East Singhbhum,89,12
Jharkhand,Garhwa,179,4
Jharkhand,Giridih,645,12
Jharkhand,Godda,256,3
Jharkhand,Gumla,84,1
Jharkhand,Hazaribagh,110,10
Jharkhand,Jamtara,31,6
Jharkhand,Khunti,32,2
Jharkhand,Koderma,85,2
Jharkhand,Latehar,213,6
Jharkhand,Lohardaga,127,6
Jharkhand,Pakur,71,2
Jharkhand,Palamu,136,1
Jharkhand,Ramgarh,56,4
Jharkhand,Ranchi,155,13
Jharkhand,Sahebganj,79,16
Jharkhand,Seraikela-Kharsawan,29,9
Jharkhand,Simdega,54,0
Jharkhand,West Singhbhum,341,26
Karnataka,Bagalkot,182,12
Karnataka,Ballari,228,7
Karnataka,Bangalore Rural,550,10
Karnataka,Belagavi,1914,36
Karnataka,Bengaluru,3559,66
Karnataka,Bidar,924,63
Karnataka,Chamrajanagar,50,1
Karnataka,Chikkaballapur,542,42
Karnataka,Chikkamagaluru,104,5
Karnataka,Chitradurga,1633,34
Karnataka,Dakshina Kannada,518,7
Karnataka,Davangere,947,10
Karnataka,Dharwad,527,70
Karnataka,Gadag,100,0
Karnataka,Hassan,538,10
Karnataka,Haveri,690,24
Karnataka,Kalaburagi,850,8
Karnataka,Kodagu,113,0
Karnataka,Kolar,1124,28
Karnataka,Koppal,200,5
Karnataka,Mandya,1837,28
Karnataka,Mysuru,189,2
Karnataka,Raichur,3358,39
Karnataka,Ramanagar,106,2
Karnataka,Shivamogga,195,5
Karnataka,Tumakuru,860,55
Karnataka,Udupi,374,12
Karnataka,Uttara Kannada,73,7
Karnataka,Vijayapura,262,4
Karnataka,Yadgir,718,6
Kerala,Alappuzha,4,5
Kerala,Ernakulam,11,2
Kerala,Idukki,1,1
Kerala,Kannur,10,1
Kerala,Kasaragod,2,3
Kerala,Kollam,5,4
Kerala,Kottayam,4,0
Kerala,Kozhikode,1,2
Kerala,Malappuram,16,2
Kerala,Palakkad,7,2
Kerala,Pathanamthitta,3,0
Kerala,Thiruvananthapuram,21,5
Kerala,Thrissur,3,1
Kerala,Wayanad,1,0
Madhya Pradesh,Alirajpur,101,13
Madhya Pradesh,Anuppur,837,70
Madhya Pradesh,Ashok Nagar,81,4
Madhya Pradesh,Balaghat,1503,133
Madhya Pradesh,Barwani,818,61
Madhya Pradesh,Betul,103,16
Madhya Pradesh,Bhind,463,34
Madhya Pradesh,Bhopal,898,87
Madhya Pradesh,Burhanpur,23,1
Madhya Pradesh,Chhatarpur,413,21
Madhya Pradesh,Chhindwara,498,10
Madhya Pradesh,Damoh,306,49
Madhya Pradesh,Datia,609,4
Madhya Pradesh,Dewas,1358,25
Madhya Pradesh,Dhar,584,33
Madhya Pradesh,Dindori,314,19
Madhya Pradesh,Guna,630,26
Madhya Pradesh,Gwalior,831,25
Madhya Pradesh,Harda,30,1
Madhya Pradesh,Hoshangabad,270,17
Madhya Pradesh,Indore,355,26
Madhya Pradesh,Jabalpur,587,37
Madhya Pradesh,Jhabua,179,5
Madhya Pradesh,Katni,224,12
Madhya Pradesh,Khandwa,40,137
Madhya Pradesh,Khargone,2846,54
Madhya Pradesh,Mandla,337,21
Madhya Pradesh,Mandsaur,90,10
Madhya Pradesh,Morena,2238,169
Madhya Pradesh,Narsinghpur,139,9
Madhya Pradesh,Neemuch,144,5
Madhya Pradesh,Panna,52,4
Madhya Pradesh,Raisen,271,41
Madhya Pradesh,Rajgarh,557,84
Madhya Pradesh,Ratlam,107,7
Madhya Pradesh,Rewa,1175,52
Madhya Pradesh,Sagar,1164,67
Madhya Pradesh,Satna,465,36
Madhya Pradesh,Sehore,311,4
Madhya Pradesh,Seoni,426,10
Madhya Pradesh,Shahdol,1649,133
Madhya Pradesh,Shajapur,133,5
Madhya Pradesh,Sheopur,946,19
Madhya Pradesh,Shivpuri,1404,176
Madhya Pradesh,Sidhi,2058,86
Madhya Pradesh,Singrauli,952,86
Madhya Pradesh,Tikamgarh,256,13
Madhya Pradesh,Ujjain,442,22
Madhya Pradesh,Umaria,330,18
Madhya Pradesh,Vidisha,201,10
Maharashtra,Ahmadnagar,1367,13
Maharashtra,Akola,1138,36
Maharashtra,Amravati,1791,51
Maharashtra,Aurangabad,2271,113
Maharashtra,Beed,3143,67
Maharashtra,Bhandara,914,85
Maharashtra,Buldhana,2676,177
Maharashtra,Chandrapur,897,101
Maharashtra,Dhule,1321,29
Maharashtra,Gadchiroli,580,14
Maharashtra,Gondiya,685,117
Maharashtra,Hingoli,2328,170
Maharashtra,Jalgaon,1237,32
Maharashtra,Jalna,1882,73
Maharashtra,Kolhapur,1969,39
Maharashtra,Latur,835,74
Maharashtra,Mumbai,1321,64
Maharashtra,Nagpur,595,88
Maharashtra,Nanded,3655,121
Maharashtra,Nandurbar,502,5
Maharashtra,Nashik,1550,132
Maharashtra,Osmanabad,2586,181
Maharashtra,Palghar,463,32
Maharashtra,Parbhani,3495,111
Maharashtra,Pune,1430,97
Maharashtra,Raigarh,1186,97
Maharashtra,Ratnagiri,1123,66
Maharashtra,Sangli,1036,36
Maharashtra,Satara,1309,64
Maharashtra,Sindhudurg,338,23
Maharashtra,Solapur,1666,76
Maharashtra,Thane,1410,34
Maharashtra,Wardha,269,131
Maharashtra,Washim,2872,114
Maharashtra,Yavatmal,2668,55
Manipur,Bishnupur,1,0
Manipur,Chandel,5,0
Manipur,Churachandpur,7,9
Manipur,Imphal East,4,1
Manipur,Imphal West,5,0
Manipur,Senapati,2,0
Manipur,Tamenglong,1,0
Manipur,Thoubal,2,0
Meghalaya,East Khasi Hills,7,0
Meghalaya,Jaintia Hills,1,0
Mizoram,Aizawl,2,0
Mizoram,Champhai,1,0
Nagaland,Dimapur,0,1
Nagaland,Mon,1,0
Nagaland,Peren,2,0
Nagaland,Wokha,1,0
Odisha,Angul,383,19
Odisha,Balangir,960,79
Odisha,Baleswar,29,0
Odisha,Bargarh,19339,79
Odisha,Bhadrak,112,14
Odisha,Boudh,197,2
Odisha,Cuttack,46,11
Odisha,Debagarh,59,0
Odisha,Dhenkanal,40,0
Odisha,Gajapati,6,0
Odisha,Ganjam,10103,4
Odisha,Jagatsinghapur,47,0
Odisha,Jajapur,193,16
Odisha,Jharsuguda,2,0
Odisha,Kalahandi,461,9
Odisha,Kandhamal,138,1
Odisha,Kendrapara,99,4
Odisha,Kendujhar,101,146
Odisha,Khorda,128,2
Odisha,Koraput,1301,169
Odisha,Malkangiri,19,2
Odisha,Mayurbhanj,38,7
Odisha,Nabarangapur,181,0
Odisha,Nayagarh,9,3
Odisha,Nuapada,3,0
Odisha,Puri,59,1
Odisha,Rayagada,299,4
Odisha,Sambalpur,410,82
Odisha,Sonapur,11,2
Odisha,Sundergarh,557,5
Others,Others,18,3
Puducherry,Karaikal,102,1
Puducherry,Puducherry,116,1
Punjab,Amritsar,423,36
Punjab,Barnala,118,30
Punjab,Bathinda,1346,80
Punjab,Faridkot,62,2
Punjab,Fatehgarh Sahib,79,2
Punjab,Fazilka,1569,50
Punjab,Ferozepur,775,13
Punjab,Gurdaspur,556,40
Punjab,Hoshiarpur,167,6
Punjab,Jalandhar,191,5
Punjab,Kapurthala,252,3
Punjab,Ludhiana,640,24
Punjab,Mansa,402,5
Punjab,Moga,279,1
Punjab,Pathankot,151,3
Punjab,Patiala,331,19
Punjab,Rupnagar,44,0
Punjab,SAS Nagar (Mohali),447,7
Punjab,Sangrur,323,3
Punjab,Shaheed Bhagat Singh Nagar,150,3
Punjab,Sri Muktsar Sahib,720,19
Punjab,Tarn Taran,961,37
Rajasthan,Ajmer,548,67
Rajasthan,Alwar,926,69
Rajasthan,Banswara,1035,74
Rajasthan,Baran,1667,44
Rajasthan,Barmer,4626,182
Rajasthan,Bharatpur,2876,45
Rajasthan,Bhilwara,986,50
Rajasthan,Bikaner,601,22
Rajasthan,Bundi,121,14
Rajasthan,Chittorgarh,786,27
Rajasthan,Churu,500,26
Rajasthan,Dausa,409,221
Rajasthan,Dholpur,2709,48
Rajasthan,Dungarpur,2383,69
Rajasthan,Ganganagar,729,32
Rajasthan,Hanumangarh,1414,34
Rajasthan,Jaipur,1767,252
Rajasthan,Jaisalmer,206,44
Rajasthan,Jalor,1905,33
Rajasthan,Jhalawar,368,42
Rajasthan,Jhunjhunun,295,13
Rajasthan,Jodhpur,847,67
Rajasthan,Karauli,3821,28
Rajasthan,Kota,969,35
Rajasthan,Nagaur,1727,88
Rajasthan,Pali,1024,390
Rajasthan,Pratapgarh,356,33
Rajasthan,Rajsamand,122,25
Rajasthan,Sawai Madhopur,1112,47
Rajasthan,Sikar,1365,255
Rajasthan,Sirohi,269,34
Rajasthan,Tonk,443,14
Rajasthan,Udaipur,1816,114
Sikkim,East Sikkim,1,0
Tamil Nadu,Chennai,5203,10
Tamil Nadu,Coimbatore,41,29
Tamil Nadu,Cuddalore,275,3
Tamil Nadu,Dharmapuri,164,0
Tamil Nadu,Dindigul,1490,2
Tamil Nadu,Erode,18,0
Tamil Nadu,Kancheepuram,963,1
Tamil Nadu,Kanniyakumari,190,3
Tamil Nadu,Karur,313,8
Tamil Nadu,Krishnagiri,2053,3
Tamil Nadu,Madurai,58,1
Tamil Nadu,Nagapattinam,46,0
Tamil Nadu,Namakkal,4,1
Tamil Nadu,Perambalur,1,0
Tamil Nadu,Pudukkottai,6,0
Tamil Nadu,Ramanathapuram,10,0
Tamil Nadu,Salem,183,13
Tamil Nadu,Sivaganga,13,0
Tamil Nadu,Thanjavur,2,0
Tamil Nadu,The Nilgiris,27,43
Tamil Nadu,Theni,77,2
Tamil Nadu,Thiruvarur,27,0
Tamil Nadu,Thoothukkudi,686,7
Tamil Nadu,Tiruchirappalli,81,1
Tamil Nadu,Tirunelveli,128,0
Tamil Nadu,Tiruppur,803,6
Tamil Nadu,Tiruvallur,4802,36
Tamil Nadu,Tiruvannamalai,408,2
Tamil Nadu,Vellore,366,8
Tamil Nadu,Villupuram,245,1
Tamil Nadu,Virudhunagar,18,0
Telangana,Adilabad,858,29
Telangana,Hyderabad,1372,41
Telangana,K.v. Rangareddy,1205,51
Telangana,Karimnagar,898,36
Telangana,Khammam,754,25
Telangana,Mahabubnagar,1508,41
Telangana,Medak,2038,55
Telangana,Nalgonda,1824,24
Telangana,Nizamabad,922,54
Telangana,Warangal,735,18
Tripura,Dhalai,2,0
Tripura,Gomati,80,1
Tripura,Khowai,1,0
Tripura,North Tripura,1,0
Tripura,Sepahijala,7,0
Tripura,South Tripura,49,1
Tripura,Unakoti,7,2
Tripura,West Tripura,31,2
Uttar Pradesh,Agra,5431,185
Uttar Pradesh,Aligarh,5744,351
Uttar Pradesh,Allahabad,14873,279
Uttar Pradesh,Ambedkar Nagar,3373,27
Uttar Pradesh,Amethi,5180,67
Uttar Pradesh,Amroha,1490,131
Uttar Pradesh,Auraiya,6097,254
Uttar Pradesh,Azamgarh,14898,222
Uttar Pradesh,Baghpat,859,118
Uttar Pradesh,Bahraich,10376,270
Uttar Pradesh,Ballia,4880,144
Uttar Pradesh,Balrampur,1252,141
Uttar Pradesh,Banda,1381,39
Uttar Pradesh,Bara Banki,7625,104
Uttar Pradesh,Bareilly,11037,632
Uttar Pradesh,Basti,1729,49
Uttar Pradesh,Bijnor,1093,47
Uttar Pradesh,Budaun,6653,334
Uttar Pradesh,Bulandshahr,4762,145
Uttar Pradesh,Chandauli,928,51
Uttar Pradesh,Chitrakoot,1256,30
Uttar Pradesh,Deoria,6916,109
Uttar Pradesh,Etah,1655,105
Uttar Pradesh,Etawah,4802,175
Uttar Pradesh,Faizabad,3536,49
Uttar Pradesh,Farrukhabad,6048,52
Uttar Pradesh,Fatehpur,9081,59
Uttar Pradesh,Firozabad,4962,423
Uttar Pradesh,Gautam Buddha Nagar,1268,49
Uttar Pradesh,Ghaziabad,2413,80
Uttar Pradesh,Ghazipur,7035,109
Uttar Pradesh,Gonda,3499,219
Uttar Pradesh,Gorakhpur,4425,141
Uttar Pradesh,Hamirpur,5120,64
Uttar Pradesh,Hapur,0,4
Uttar Pradesh,Hardoi,9252,189
Uttar Pradesh,Hathras,1020,56
Uttar Pradesh,Jalaun,3022,36
Uttar Pradesh,Jaunpur,20172,260
Uttar Pradesh,Jhansi,5846,120
Uttar Pradesh,Kannauj,2309,161
Uttar Pradesh,Kanpur Dehat,4881,129
Uttar Pradesh,Kanpur Nagar,8607,302
Uttar Pradesh,Kasganj,3444,68
Uttar Pradesh,Kaushambi,3900,44
Uttar Pradesh,Kheri,24515,353
Uttar Pradesh,Kushinagar,6405,119
Uttar Pradesh,Lalitpur,1332,67
Uttar Pradesh,Lucknow,2114,156
Uttar Pradesh,Maharajganj,2871,39
Uttar Pradesh,Mahoba,990,67
Uttar Pradesh,Mainpuri,3622,97
Uttar Pradesh,Mathura,1557,136
Uttar Pradesh,Mau,2714,91
Uttar Pradesh,Meerut,4222,496
Uttar Pradesh,Mirzapur,5789,49
Uttar Pradesh,Moradabad,2853,157
Uttar Pradesh,Muzaffarnagar,9806,356
Uttar Pradesh,Pilibhit,1656,132
Uttar Pradesh,Pratapgarh,5161,89
Uttar Pradesh,Rae Bareli,2214,73
Uttar Pradesh,Rampur,12305,366
Uttar Pradesh,Saharanpur,58487,413
Uttar Pradesh,Sambhal,3018,144
Uttar Pradesh,Sant Kabir Nagar,2531,71
Uttar Pradesh,Sant Ravidas Nagar,5019,38
Uttar Pradesh,Shahjahanpur,11588,254
Uttar Pradesh,Shamli,9327,150
Uttar Pradesh,Shrawasti,1408,47
Uttar Pradesh,Siddharthnagar,3665,179
Uttar Pradesh,Sitapur,12392,400
Uttar Pradesh,Sonbhadra,8082,276
Uttar Pradesh,Sultanpur,4149,60
Uttar Pradesh,Unnao,7130,183
Uttar Pradesh,Varanasi,3745,246
Uttarakhand,Almora,667,4
Uttarakhand,Bageshwar,52,0
Uttarakhand,Chamoli,81,2
Uttarakhand,Champawat,45,0
Uttarakhand,Dehradun,2031,33
Uttarakhand,Haridwar,2181,50
Uttarakhand,Nainital,297,33
Uttarakhand,Pauri Garhwal,1709,22
Uttarakhand,Pithoragarh,2189,12
Uttarakhand,Rudraprayag,234,1
Uttarakhand,Tehri Garhwal,874,20
Uttarakhand,Udham Singh Nagar,416,262
Uttarakhand,Uttarkashi,992,5
West Bengal,Bankura,303,0
West Bengal,Barddhaman,1830,102
West Bengal,Birbhum,31,12
West Bengal,Cooch Behar,36,0
West Bengal,Dakshin Dinajpur,502,30
West Bengal,Darjeeling,1192,2
West Bengal,Hooghly,77,4
West Bengal,Howrah,361,160
West Bengal,Jalpaiguri,312,4
West Bengal,Kolkata,1226,5
West Bengal,Malda,1838,453
West Bengal,Murshidabad,104,182
West Bengal,Nadia,121,55
West Bengal,North 24 Parganas,7112,52
West Bengal,Paschim Medinipur,883,87
West Bengal,Purba Medinipur,1105,73
West Bengal,Puruliya,720,116
West Bengal,South 24 Parganas,5627,191
West Bengal,Uttar Dinajpur,172,11
