State,District,Aadhaar generated,Enrolment Rejected
Andaman and Nicobar Islands,South Andaman,23,39
Andhra Pradesh,Ananthapur,17,33
Andhra Pradesh,Chittoor,11,29
Andhra Pradesh,Cuddapah,5,8
Andhra Pradesh,East Godavari,30,29
Andhra Pradesh,Guntur,16,23
Andhra Pradesh,Krishna,13,36
Andhra Pradesh,Kurnool,16,31
Andhra Pradesh,Nellore,11,26
Andhra Pradesh,Prakasam,8,14
Andhra Pradesh,Srikakulam,20,35
Andhra Pradesh,Visakhapatnam,28,61
Andhra Pradesh,Vizianagaram,18,24
Andhra Pradesh,West Godavari,8,21
Arunachal Pradesh,Anjaw,0,1
Arunachal Pradesh,East Siang,0,7
Arunachal Pradesh,Lohit,0,1
Arunachal Pradesh,Lower Dibang Valley,3,0
Arunachal Pradesh,Lower Subansiri,3,1
Arunachal Pradesh,Namsai,5,0
Arunachal Pradesh,Papum Pare,0,2
Arunachal Pradesh,Tawang,1,0
Arunachal Pradesh,Tirap,0,1
Assam,Baksa,2,0
Assam,Barpeta,2,0
Assam,Bongaigaon,1,0
Assam,Cachar,4,0
Assam,Chirang,2,0
Assam,Dhemaji,3,0
Assam,Golaghat,4,0
Assam,Hailakandi,2,0
Assam,Kamrup,1,0
Assam,Kokrajhar,1,0
Assam,Lakhimpur,3,0
Assam,Marigaon,1,0
Assam,Nagaon,7,6
Assam,Sibsagar,3,0
Assam,Sonitpur,4,0
Assam,Udalguri,1,1
Bihar,Araria,898,251
Bihar,Arwal,5,9
Bihar,Aurangabad,856,347
Bihar,Banka,121,148
Bihar,Begusarai,2132,125
Bihar,Bhagalpur,1429,108
Bihar,Bhojpur,588,71
Bihar,Buxar,146,33
Bihar,Darbhanga,2391,243
Bihar,East Champaran,912,201
Bihar,Gaya,464,197
Bihar,Gopalganj,372,81
Bihar,Jamui,318,117
Bihar,Jehanabad,34,10
Bihar,Kaimur (Bhabua),75,29
Bihar,Katihar,1253,40
Bihar,Khagaria,667,62
Bihar,Kishanganj,7,1
Bihar,Lakhisarai,351,18
Bihar,Madhepura,325,25
Bihar,Madhubani,551,141
Bihar,Munger,100,20
Bihar,Muzaffarpur,631,162
Bihar,Nalanda,586,122
Bihar,Nawada,325,53
Bihar,Patna,181,188
Bihar,Purnia,1447,117
Bihar,Rohtas,465,107
Bihar,Saharsa,69,71
Bihar,Samastipur,840,164
Bihar,Saran,519,90
Bihar,Sheikhpura,57,20
Bihar,Sheohar,68,49
Bihar,Sitamarhi,238,129
Bihar,Siwan,1153,574
Bihar,Supaul,651,457
Bihar,Vaishali,1013,93
Bihar,West Champaran,638,509
Chandigarh,Chandigarh,7,2
Chhattisgarh,Balod,319,4
Chhattisgarh,Baloda Bazar,142,30
Chhattisgarh,Balrampur,8,2
Chhattisgarh,Bastar,4,1
Chhattisgarh,Bemetara,16,15
Chhattisgarh,Bijapur,13,1
Chhattisgarh,Bilaspur,2,6
Chhattisgarh,Dakshin Bastar Dantewada,46,4
Chhattisgarh,Dantewada,7,1
Chhattisgarh,Dhamtari,46,22
Chhattisgarh,Durg,39,11
Chhattisgarh,Gariyaband,741,108
Chhattisgarh,Janjgir-champa,99,71
Chhattisgarh,Jashpur,186,217
Chhattisgarh,Kabeerdham,11,3
Chhattisgarh,Kanker,25,5
Chhattisgarh,Kawardha,18,6
Chhattisgarh,Korba,3,6
Chhattisgarh,Koriya,36,30
Chhattisgarh,Mahasamund,46,12
Chhattisgarh,Narayanpur,19,12
Chhattisgarh,Raigarh,103,751
Chhattisgarh,Raipur,215,49
Chhattisgarh,Rajnandgaon,48,22
Chhattisgarh,Sukma,43,7
Chhattisgarh,Surajpur,3111,104
Chhattisgarh,Surguja,1164,124
Chhattisgarh,Uttar Bastar Kanker,14,14
Dadra and Nagar Haveli,Dadra and Nagar Haveli,15,32
Daman and Diu,Daman,3,1
Delhi,Central Delhi,40,8
Delhi,East Delhi,116,33
Delhi,New Delhi,2,1
Delhi,North Delhi,39,27
Delhi,North East Delhi,69,45
Delhi,North West Delhi,331,100
Delhi,South Delhi,209,61
Delhi,South West Delhi,109,56
Delhi,West Delhi,98,56
Goa,North Goa,11,1
Goa,South Goa,14,3
Gujarat,Ahmedabad,146,144
Gujarat,Amreli,68,34
Gujarat,Anand,22,35
Gujarat,Banaskantha,31,17
Gujarat,Bharuch,7,23
Gujarat,Bhavnagar,43,33
Gujarat,Dahod,10,10
Gujarat,Gandhinagar,4,13
Gujarat,Jamnagar,13,10
Gujarat,Junagadh,16,17
Gujarat,Kachchh,9,26
Gujarat,Kheda,56,69
Gujarat,Mahesana,19,49
Gujarat,Narmada,2,1
Gujarat,Navsari,0,4
Gujarat,Panchmahals,24,33
Gujarat,Patan,18,18
Gujarat,Porbandar,1,13
Gujarat,Rajkot,20,31
Gujarat,Sabarkantha,28,33
Gujarat,Surat,233,153
Gujarat,Surendra Nagar,22,20
Gujarat,Tapi,13,13
Gujarat,The Dangs,11,3
Gujarat,Vadodara,43,32
Gujarat,Valsad,21,60
Haryana,Ambala,77,34
Haryana,Bhiwani,23,15
Haryana,Faridabad,159,29
Haryana,Fatehabad,22,12
Haryana,Gurgaon,88,25
Haryana,Hisar,41,33
Haryana,Jhajjar,32,18
Haryana,Jind,467,141
Haryana,Kaithal,85,30
Haryana,Karnal,56,33
Haryana,Kurukshetra,5,9
Haryana,Mahendragarh,117,26
Haryana,Mewat,183,76
Haryana,Palwal,31,22
Haryana,Panchkula,0,1
Haryana,Panipat,474,69
Haryana,Rewari,3,6
Haryana,Rohtak,68,14
Haryana,Sirsa,14,7
Haryana,Sonipat,107,58
Haryana,Yamuna Nagar,52,25
Himachal Pradesh,Bilaspur,2,5
Himachal Pradesh,Chamba,1,13
Himachal Pradesh,Hamirpur,3,1
Himachal Pradesh,Kangra,2,5
Himachal Pradesh,Mandi,6,5
Himachal Pradesh,Shimla,6,1
Himachal Pradesh,Solan,9,3
Himachal Pradesh,Una,0,1
Jammu and Kashmir,Anantnag,1,0
Jammu and Kashmir,Badgam,1,1
Jammu and Kashmir,Bandipore,75,10
Jammu and Kashmir,Baramula,307,76
Jammu and Kashmir,Ganderbal,1,4
Jammu and Kashmir,Jammu,3,2
Jammu and Kashmir,Kathua,1,4
Jammu and Kashmir,Kishtwar,1,0
Jammu and Kashmir,Kulgam,0,1
Jammu and Kashmir,Kupwara,23,13
Jammu and Kashmir,Leh,1,0
Jammu and Kashmir,Pulwama,5,1
Jammu and Kashmir,Punch,15,1
Jammu and Kashmir,Ramban,0,2
Jammu and Kashmir,Samba,3,4
Jammu and Kashmir,Srinagar,0,1
Jammu and Kashmir,Udhampur,5,1
Jharkhand,Bokaro,14,41
Jharkhand,Chatra,18,54
Jharkhand,Deoghar,3,3
Jharkhand,Dhanbad,23,28
Jharkhand,Dumka,3,18
Jharkhand,East Singhbhum,6,8
Jharkhand,Garhwa,16,10
Jharkhand,Giridih,10,22
Jharkhand,Godda,13,26
Jharkhand,Gumla,1,8
Jharkhand,Hazaribagh,9,24
Jharkhand,Jamtara,6,0
Jharkhand,Khunti,1,11
Jharkhand,Koderma,3,4
Jharkhand,Latehar,4,11
Jharkhand,Lohardaga,3,5
Jharkhand,Pakur,1,5
Jharkhand,Palamu,29,31
Jharkhand,Ramgarh,0,9
Jharkhand,Ranchi,16,33
Jharkhand,Sahebganj,6,5
Jharkhand,Seraikela-Kharsawan,4,11
Jharkhand,Simdega,0,2
Jharkhand,West Singhbhum,5,9
Karnataka,Bagalkot,25,2
Karnataka,Ballari,356,63
Karnataka,Bangalore Rural,54,23
Karnataka,Belagavi,168,45
Karnataka,Bengaluru,1086,390
Karnataka,Bidar,174,122
Karnataka,Chamrajanagar,8,1
Karnataka,Chikkaballapur,519,74
Karnataka,Chikkamagaluru,59,4
Karnataka,Chitradurga,382,129
Karnataka,Dakshina Kannada,4,4
Karnataka,Davangere,87,38
Karnataka,Dharwad,52,75
Karnataka,Gadag,40,7
Karnataka,Hassan,110,12
Karnataka,Haveri,670,58
Karnataka,Kalaburagi,114,78
Karnataka,Kodagu,6,1
Karnataka,Kolar,109,18
Karnataka,Koppal,13,3
Karnataka,Mandya,406,161
Karnataka,Mysuru,65,23
Karnataka,Raichur,382,88
Karnataka,Ramanagar,42,29
Karnataka,Shivamogga,46,8
Karnataka,Tumakuru,330,64
Karnataka,Udupi,45,29
Karnataka,Uttara Kannada,14,4
Karnataka,Vijayapura,28,1
Karnataka,Yadgir,22,7
Kerala,Alappuzha,3,5
Kerala,Ernakulam,10,8
Kerala,Idukki,3,3
Kerala,Kannur,11,6
Kerala,Kasaragod,3,3
Kerala,Kollam,3,4
Kerala,Kottayam,4,6
Kerala,Kozhikode,11,5
Kerala,Malappuram,17,10
Kerala,Palakkad,8,6
Kerala,Pathanamthitta,6,3
Kerala,Thiruvananthapuram,8,16
Kerala,Thrissur,5,10
Kerala,Wayanad,1,4
Madhya Pradesh,Alirajpur,68,17
Madhya Pradesh,Anuppur,70,20
Madhya Pradesh,Ashok Nagar,3,2
Madhya Pradesh,Balaghat,161,72
Madhya Pradesh,Barwani,44,53
Madhya Pradesh,Betul,39,5
Madhya Pradesh,Bhind,24,22
Madhya Pradesh,Bhopal,135,103
Madhya Pradesh,Burhanpur,93,14
Madhya Pradesh,Chhatarpur,70,18
Madhya Pradesh,Chhindwara,171,38
Madhya Pradesh,Damoh,92,29
Madhya Pradesh,Datia,23,9
Madhya Pradesh,Dewas,53,64
Madhya Pradesh,Dhar,155,47
Madhya Pradesh,Dindori,40,8
Madhya Pradesh,Guna,53,10
Madhya Pradesh,Gwalior,11,9
Madhya Pradesh,Harda,1,2
Madhya Pradesh,Hoshangabad,41,26
Madhya Pradesh,Indore,23,28
Madhya Pradesh,Jabalpur,102,45
Madhya Pradesh,Jhabua,46,24
Madhya Pradesh,Katni,49,19
Madhya Pradesh,Khandwa,7,12
Madhya Pradesh,Khargone,12,18
Madhya Pradesh,Mandla,10,11
Madhya Pradesh,Mandsaur,9,8
Madhya Pradesh,Morena,173,69
Madhya Pradesh,Narsinghpur,5,3
Madhya Pradesh,Neemuch,9,26
Madhya Pradesh,Panna,16,2
Madhya Pradesh,Raisen,24,11
Madhya Pradesh,Rajgarh,76,45
Madhya Pradesh,Ratlam,31,61
Madhya Pradesh,Rewa,87,45
Madhya Pradesh,Sagar,157,40
Madhya Pradesh,Satna,207,21
Madhya Pradesh,Sehore,27,20
Madhya Pradesh,Seoni,20,17
Madhya Pradesh,Shahdol,65,27
Madhya Pradesh,Shajapur,3,45
Madhya Pradesh,Sheopur,16,4
Madhya Pradesh,Shivpuri,264,28
Madhya Pradesh,Sidhi,192,33
Madhya Pradesh,Singrauli,87,38
Madhya Pradesh,Tikamgarh,39,23
Madhya Pradesh,Ujjain,28,15
Madhya Pradesh,Umaria,32,15
Madhya Pradesh,Vidisha,7,7
Maharashtra,Ahmadnagar,39,80
Maharashtra,Akola,17,30
Maharashtra,Amravati,85,89
Maharashtra,Aurangabad,152,58
Maharashtra,Beed,22,66
Maharashtra,Bhandara,8,38
Maharashtra,Buldhana,35,30
Maharashtra,Chandrapur,18,62
Maharashtra,Dhule,15,17
Maharashtra,Gadchiroli,19,32
Maharashtra,Gondiya,26,32
Maharashtra,Hingoli,15,41
Maharashtra,Jalgaon,59,43
Maharashtra,Jalna,159,87
Maharashtra,Kolhapur,119,224
Maharashtra,Latur,25,66
Maharashtra,Mumbai,143,71
Maharashtra,Nagpur,38,46
Maharashtra,Nanded,25,68
Maharashtra,Nandurbar,63,24
Maharashtra,Nashik,27,68
Maharashtra,Osmanabad,27,40
Maharashtra,Palghar,7,18
Maharashtra,Parbhani,40,101
Maharashtra,Pune,71,70
Maharashtra,Raigarh,16,16
Maharashtra,Ratnagiri,20,20
Maharashtra,Sangli,37,47
Maharashtra,Satara,34,42
Maharashtra,Sindhudurg,14,17
Maharashtra,Solapur,52,85
Maharashtra,Thane,84,66
Maharashtra,Wardha,21,30
Maharashtra,Washim,76,34
Maharashtra,Yavatmal,28,50
Manipur,Chandel,0,2
Manipur,Churachandpur,1,0
Manipur,Imphal East,1,0
Manipur,Imphal West,1,1
Manipur,Thoubal,0,1
Meghalaya,East Khasi Hills,1,6
Meghalaya,West Garo Hills,0,1
Mizoram,Aizawl,1,0
Nagaland,Dimapur,4,0
Nagaland,Longleng,0,2
Nagaland,Mon,0,56
Odisha,Angul,4,6
Odisha,Balangir,29,51
Odisha,Baleswar,5,7
Odisha,Bargarh,279,329
Odisha,Bhadrak,1,1
Odisha,Cuttack,35,35
Odisha,Dhenkanal,1,0
Odisha,Gajapati,0,4
Odisha,Ganjam,40,120
Odisha,Jagatsinghapur,14,7
Odisha,Jajapur,5,0
Odisha,Jharsuguda,0,7
Odisha,Kalahandi,3,2
Odisha,Kandhamal,2,0
Odisha,Kendrapara,66,15
Odisha,Kendujhar,4,8
Odisha,Khorda,63,48
Odisha,Koraput,988,67
Odisha,Malkangiri,2,0
Odisha,Mayurbhanj,2,4
Odisha,Nabarangapur,3,7
Odisha,Nayagarh,47,18
Odisha,Nuapada,7,2
Odisha,Puri,3,35
Odisha,Rayagada,0,56
Odisha,Sambalpur,167,20
Odisha,Sonapur,0,68
Odisha,Sundergarh,3,5
Others,Others,0,1623
Puducherry,Karaikal,5,2
Puducherry,Puducherry,20,12
Punjab,Amritsar,29,37
Punjab,Barnala,6,9
Punjab,Bathinda,327,59
Punjab,Faridkot,13,15
Punjab,Fatehgarh Sahib,4,5
Punjab,Fazilka,95,40
Punjab,Ferozepur,127,37
Punjab,Gurdaspur,29,33
Punjab,Hoshiarpur,9,5
Punjab,Jalandhar,26,17
Punjab,Kapurthala,2,6
Punjab,Ludhiana,24,29
Punjab,Mansa,34,3
Punjab,Moga,15,11
Punjab,Pathankot,14,6
Punjab,Patiala,7,8
Punjab,Rupnagar,8,3
Punjab,SAS Nagar (Mohali),15,2
Punjab,Sangrur,27,27
Punjab,Shaheed Bhagat Singh Nagar,3,10
Punjab,Sri Muktsar Sahib,102,15
Punjab,Tarn Taran,60,18
Rajasthan,Ajmer,72,62
Rajasthan,Alwar,174,207
Rajasthan,Banswara,61,86
Rajasthan,Baran,14,24
Rajasthan,Barmer,48,73
Rajasthan,Bharatpur,45,58
Rajasthan,Bhilwara,61,56
Rajasthan,Bikaner,376,35
Rajasthan,Bundi,25,19
Rajasthan,Chittorgarh,47,26
Rajasthan,Churu,28,11
Rajasthan,Dausa,16,47
Rajasthan,Dholpur,33,52
Rajasthan,Dungarpur,64,55
Rajasthan,Ganganagar,43,37
Rajasthan,Hanumangarh,17,83
Rajasthan,Jaipur,134,119
Rajasthan,Jaisalmer,27,77
Rajasthan,Jalor,35,37
Rajasthan,Jhalawar,22,22
Rajasthan,Jhunjhunun,80,52
Rajasthan,Jodhpur,56,34
Rajasthan,Karauli,61,73
Rajasthan,Kota,80,46
Rajasthan,Nagaur,180,82
Rajasthan,Pali,68,120
Rajasthan,Pratapgarh,9,9
Rajasthan,Rajsamand,1,9
Rajasthan,Sawai Madhopur,29,22
Rajasthan,Sikar,35,41
Rajasthan,Sirohi,3,3
Rajasthan,Tonk,17,48
Rajasthan,Udaipur,177,114
Sikkim,East Sikkim,0,1
Tamil Nadu,Chennai,122,33
Tamil Nadu,Coimbatore,2,2
Tamil Nadu,Cuddalore,56,9
Tamil Nadu,Dharmapuri,2,2
Tamil Nadu,Dindigul,377,11
Tamil Nadu,Erode,3,9
Tamil Nadu,Kancheepuram,221,31
Tamil Nadu,Kanniyakumari,717,5
Tamil Nadu,Karur,2,2
Tamil Nadu,Krishnagiri,5,32
Tamil Nadu,Madurai,10,7
Tamil Nadu,Nagapattinam,4,0
Tamil Nadu,Namakkal,15,1
Tamil Nadu,Perambalur,3,10
Tamil Nadu,Pudukkottai,27,14
Tamil Nadu,Ramanathapuram,723,9
Tamil Nadu,Salem,10,14
Tamil Nadu,Sivaganga,211,0
Tamil Nadu,Thanjavur,33,26
Tamil Nadu,Theni,592,9
Tamil Nadu,Thiruvarur,12,2
Tamil Nadu,Thoothukkudi,2,30
Tamil Nadu,Tiruchirappalli,13,13
Tamil Nadu,Tirunelveli,5,52
Tamil Nadu,Tiruvallur,39,39
Tamil Nadu,Tiruvannamalai,359,4
Tamil Nadu,Vellore,35,1
Tamil Nadu,Villupuram,36,13
Tamil Nadu,Virudhunagar,31,1
Telangana,Adilabad,6,15
Telangana,Hyderabad,51,124
Telangana,K.v. Rangareddy,27,65
Telangana,Karimnagar,14,28
Telangana,Khammam,16,21
Telangana,Mahabubnagar,28,70
Telangana,Medak,45,70
Telangana,Nalgonda,8,25
Telangana,Nizamabad,19,35
Telangana,Warangal,9,21
Tripura,Dhalai,7,2
Tripura,Gomati,17,4
Tripura,Khowai,2,1
Tripura,North Tripura,13,19
Tripura,Sepahijala,6,3
Tripura,South Tripura,18,7
Tripura,Unakoti,19,1
Tripura,West Tripura,7,7
Uttar Pradesh,Agra,189,200
Uttar Pradesh,Aligarh,453,182
Uttar Pradesh,Allahabad,2034,537
Uttar Pradesh,Ambedkar Nagar,271,154
Uttar Pradesh,Amethi,331,328
Uttar Pradesh,Amroha,364,135
Uttar Pradesh,Auraiya,224,146
Uttar Pradesh,Azamgarh,5466,259
Uttar Pradesh,Baghpat,79,73
Uttar Pradesh,Bahraich,451,146
Uttar Pradesh,Ballia,2268,395
Uttar Pradesh,Balrampur,61,40
Uttar Pradesh,Banda,49,34
Uttar Pradesh,Bara Banki,1669,217
Uttar Pradesh,Bareilly,585,1058
Uttar Pradesh,Basti,458,79
Uttar Pradesh,Bijnor,188,164
Uttar Pradesh,Budaun,398,421
Uttar Pradesh,Bulandshahr,308,121
Uttar Pradesh,Chandauli,166,29
Uttar Pradesh,Chitrakoot,661,32
Uttar Pradesh,Deoria,757,451
Uttar Pradesh,Etah,320,140
Uttar Pradesh,Etawah,251,278
Uttar Pradesh,Faizabad,505,193
Uttar Pradesh,Farrukhabad,111,75
Uttar Pradesh,Fatehpur,167,67
Uttar Pradesh,Firozabad,394,360
Uttar Pradesh,Gautam Buddha Nagar,360,75
Uttar Pradesh,Ghaziabad,420,222
Uttar Pradesh,Ghazipur,2772,883
Uttar Pradesh,Gonda,287,232
Uttar Pradesh,Gorakhpur,1462,404
Uttar Pradesh,Hamirpur,141,70
Uttar Pradesh,Hapur,0,5
Uttar Pradesh,Hardoi,1566,243
Uttar Pradesh,Hathras,206,104
Uttar Pradesh,Jalaun,50,17
Uttar Pradesh,Jaunpur,4030,339
Uttar Pradesh,Jhansi,199,232
Uttar Pradesh,Kannauj,68,141
Uttar Pradesh,Kanpur Dehat,397,75
Uttar Pradesh,Kanpur Nagar,488,413
Uttar Pradesh,Kasganj,249,109
Uttar Pradesh,Kaushambi,101,115
Uttar Pradesh,Kheri,1827,221
Uttar Pradesh,Kushinagar,2755,255
Uttar Pradesh,Lalitpur,48,34
Uttar Pradesh,Lucknow,627,198
Uttar Pradesh,Maharajganj,665,145
Uttar Pradesh,Mahoba,13,8
Uttar Pradesh,Mainpuri,59,70
Uttar Pradesh,Mathura,58,90
Uttar Pradesh,Mau,3264,410
Uttar Pradesh,Meerut,174,391
Uttar Pradesh,Mirzapur,1376,186
Uttar Pradesh,Moradabad,230,274
Uttar Pradesh,Muzaffarnagar,146,357
Uttar Pradesh,Pilibhit,254,972
Uttar Pradesh,Pratapgarh,1063,517
Uttar Pradesh,Rae Bareli,424,335
Uttar Pradesh,Rampur,793,257
Uttar Pradesh,Saharanpur,491,422
Uttar Pradesh,Sambhal,229,82
Uttar Pradesh,Sant Kabir Nagar,204,393
Uttar Pradesh,Sant Ravidas Nagar,981,143
Uttar Pradesh,Shahjahanpur,641,195
Uttar Pradesh,Shamli,98,116
Uttar Pradesh,Shrawasti,341,97
Uttar Pradesh,Siddharthnagar,549,87
Uttar Pradesh,Sitapur,1506,268
Uttar Pradesh,Sonbhadra,3033,154
Uttar Pradesh,Sultanpur,194,134
Uttar Pradesh,Unnao,426,189
Uttar Pradesh,Varanasi,1034,292
Uttarakhand,Almora,38,2
Uttarakhand,Bageshwar,11,8
Uttarakhand,Chamoli,6,1
Uttarakhand,Champawat,4,2
Uttarakhand,Dehradun,201,52
Uttarakhand,Haridwar,178,31
Uttarakhand,Nainital,30,10
Uttarakhand,Pauri Garhwal,23,24
Uttarakhand,Pithoragarh,15,5
Uttarakhand,Tehri Garhwal,54,18
Uttarakhand,Udham Singh Nagar,73,73
Uttarakhand,Uttarkashi,69,21
West Bengal,Bankura,36,6
West Bengal,Barddhaman,81,56
West Bengal,Birbhum,113,0
West Bengal,Cooch Behar,4,0
West Bengal,Dakshin Dinajpur,193,2
West Bengal,Darjeeling,17,33
West Bengal,Hooghly,11,1
West Bengal,Howrah,14,14
West Bengal,Jalpaiguri,25,32
West Bengal,Kolkata,7,6
West Bengal,Malda,70,24
West Bengal,Murshidabad,80,93
West Bengal,Nadia,29,5
West Bengal,North 24 Parganas,457,42
West Bengal,Paschim Medinipur,20,12
West Bengal,Purba Medinipur,15,3
West Bengal,Puruliya,51,36
West Bengal,South 24 Parganas,236,178
West Bengal,Uttar Dinajpur,68,21
