State,District,Aadhaar generated,Enrolment Rejected
Andaman and Nicobar Islands,North And Middle Andaman,1,4
Andaman and Nicobar Islands,South Andaman,80,315
Andhra Pradesh,Ananthapur,179,25
Andhra Pradesh,Chittoor,73,11
Andhra Pradesh,Cuddapah,113,1
Andhra Pradesh,East Godavari,134,15
Andhra Pradesh,Guntur,97,22
Andhra Pradesh,Krishna,128,15
Andhra Pradesh,Kurnool,149,139
Andhra Pradesh,Nellore,86,16
Andhra Pradesh,Prakasam,84,8
Andhra Pradesh,Srikakulam,89,13
Andhra Pradesh,Visakhapatnam,276,29
Andhra Pradesh,Vizianagaram,145,18
Andhra Pradesh,West Godavari,204,9
Arunachal Pradesh,Anjaw,65,0
Arunachal Pradesh,Changlang,2,0
Arunachal Pradesh,Dibang Valley,16,0
Arunachal Pradesh,East Siang,0,17
Arunachal Pradesh,Lohit,9,0
Arunachal Pradesh,Longding,2,0
Arunachal Pradesh,Lower Dibang Valley,97,0
Arunachal Pradesh,Lower Subansiri,28,0
Arunachal Pradesh,Namsai,50,0
Arunachal Pradesh,Papum Pare,38,0
Arunachal Pradesh,Tawang,27,0
Arunachal Pradesh,Tirap,84,0
Arunachal Pradesh,Upper Subansiri,8,0
Arunachal Pradesh,West Kameng,4,0
Arunachal Pradesh,West Siang,1,0
Assam,Baksa,3,0
Assam,Barpeta,17,2
Assam,Bongaigaon,2,0
Assam,Cachar,10,0
Assam,Chirang,5,0
Assam,Dhemaji,1,0
Assam,Dhubri,1,0
Assam,Dibrugarh,3,0
Assam,Golaghat,87,0
Assam,Hailakandi,6,1
Assam,Jorhat,5,2
Assam,Kamrup,5,0
Assam,Kamrup Metro,1,0
Assam,Karbi Anglong,4,0
Assam,Karimganj,5,0
Assam,Kokrajhar,2,0
Assam,Lakhimpur,2,0
Assam,Marigaon,4,0
Assam,Nagaon,260,0
Assam,Nalbari,3,0
Assam,Sibsagar,2,0
Assam,Sonitpur,18,0
Assam,Tinsukia,2,0
Assam,Udalguri,8,1
Bihar,Araria,7247,57
Bihar,Arwal,55,5
Bihar,Aurangabad,2595,125
Bihar,Banka,1628,43
Bihar,Begusarai,7003,59
Bihar,Bhagalpur,6051,185
Bihar,Bhojpur,2566,52
Bihar,Buxar,1426,84
Bihar,Darbhanga,3675,239
Bihar,East Champaran,8694,124
Bihar,Gaya,3363,161
Bihar,Gopalganj,2544,110
Bihar,Jamui,1699,35
Bihar,Jehanabad,451,22
Bihar,Kaimur (Bhabua),846,53
Bihar,Katihar,2315,50
Bihar,Khagaria,2384,31
Bihar,Kishanganj,88,5
Bihar,Lakhisarai,620,29
Bihar,Madhepura,1453,88
Bihar,Madhubani,6077,182
Bihar,Munger,479,20
Bihar,Muzaffarpur,5325,228
Bihar,Nalanda,1686,79
Bihar,Nawada,1580,21
Bihar,Patna,3373,367
Bihar,Purnia,6571,143
Bihar,Rohtas,3501,158
Bihar,Saharsa,2000,85
Bihar,Samastipur,10407,286
Bihar,Saran,3576,210
Bihar,Sheikhpura,77,5
Bihar,Sheohar,452,20
Bihar,Sitamarhi,3827,108
Bihar,Siwan,5090,290
Bihar,Supaul,3871,221
Bihar,Vaishali,4511,249
Bihar,West Champaran,2870,130
Chandigarh,Chandigarh,34,3
Chhattisgarh,Balod,562,12
Chhattisgarh,Baloda Bazar,1041,49
Chhattisgarh,Balrampur,90,3
Chhattisgarh,Bastar,146,8
Chhattisgarh,Bemetara,953,16
Chhattisgarh,Bijapur,170,1
Chhattisgarh,Bilaspur,33,36
Chhattisgarh,Dakshin Bastar Dantewada,873,1
Chhattisgarh,Dantewada,130,0
Chhattisgarh,Dhamtari,332,59
Chhattisgarh,Durg,270,16
Chhattisgarh,Gariyaband,2673,55
Chhattisgarh,Janjgir-champa,2411,16
Chhattisgarh,Jashpur,498,17
Chhattisgarh,Kabeerdham,618,12
Chhattisgarh,Kanker,378,11
Chhattisgarh,Kawardha,1292,23
Chhattisgarh,Kondagaon,175,4
Chhattisgarh,Korba,533,21
Chhattisgarh,Koriya,146,44
Chhattisgarh,Mahasamund,346,33
Chhattisgarh,Mungeli,0,1
Chhattisgarh,Narayanpur,80,4
Chhattisgarh,Raigarh,1230,31
Chhattisgarh,Raipur,2195,66
Chhattisgarh,Rajnandgaon,500,36
Chhattisgarh,Sukma,182,3
Chhattisgarh,Surajpur,359,101
Chhattisgarh,Surguja,1281,163
Chhattisgarh,Uttar Bastar Kanker,209,2
Dadra and Nagar Haveli,Dadra and Nagar Haveli,75,8
Daman and Diu,Daman,20,1
Daman and Diu,Diu,1,2
Delhi,Central Delhi,66,24
Delhi,East Delhi,341,44
Delhi,New Delhi,9,3
Delhi,North Delhi,99,18
Delhi,North East Delhi,335,81
Delhi,North West Delhi,485,123
Delhi,South Delhi,659,89
Delhi,South West Delhi,334,46
Delhi,West Delhi,251,30
Goa,North Goa,48,0
Goa,South Goa,28,0
Gujarat,Ahmedabad,2618,112
Gujarat,Amreli,651,13
Gujarat,Anand,532,20
Gujarat,Banaskantha,513,48
Gujarat,Bharuch,235,14
Gujarat,Bhavnagar,1237,38
Gujarat,Dahod,293,8
Gujarat,Gandhinagar,530,14
Gujarat,Jamnagar,576,5
Gujarat,Junagadh,173,25
Gujarat,Kachchh,204,6
Gujarat,Kheda,1593,41
Gujarat,Mahesana,368,21
Gujarat,Narmada,115,5
Gujarat,Navsari,114,6
Gujarat,Panchmahals,534,51
Gujarat,Patan,737,23
Gujarat,Porbandar,113,1
Gujarat,Rajkot,479,37
Gujarat,Sabarkantha,558,27
Gujarat,Surat,3713,152
Gujarat,Surendra Nagar,312,30
Gujarat,Tapi,120,3
Gujarat,The Dangs,137,1
Gujarat,Vadodara,1371,25
Gujarat,Valsad,586,25
Haryana,Ambala,178,26
Haryana,Bhiwani,681,53
Haryana,Faridabad,624,50
Haryana,Fatehabad,114,79
Haryana,Gurgaon,483,44
Haryana,Hisar,346,72
Haryana,Jhajjar,154,30
Haryana,Jind,788,169
Haryana,Kaithal,194,90
Haryana,Karnal,303,36
Haryana,Kurukshetra,109,21
Haryana,Mahendragarh,426,19
Haryana,Mewat,579,61
Haryana,Palwal,228,51
Haryana,Panchkula,81,7
Haryana,Panipat,808,48
Haryana,Rewari,89,24
Haryana,Rohtak,755,71
Haryana,Sirsa,440,32
Haryana,Sonipat,278,14
Haryana,Yamuna Nagar,154,92
Himachal Pradesh,Bilaspur,0,1
Himachal Pradesh,Chamba,23,4
Himachal Pradesh,Hamirpur,7,1
Himachal Pradesh,Kangra,40,13
Himachal Pradesh,Kinnaur,3,2
Himachal Pradesh,Kullu,2,2
Himachal Pradesh,Mandi,3,4
Himachal Pradesh,Shimla,17,3
Himachal Pradesh,Sirmaur,13,2
Himachal Pradesh,Solan,14,0
Himachal Pradesh,Una,11,1
Jammu and Kashmir,Anantnag,267,2
Jammu and Kashmir,Badgam,531,2
Jammu and Kashmir,Bandipore,21,0
Jammu and Kashmir,Baramula,1168,0
Jammu and Kashmir,Doda,27,0
Jammu and Kashmir,Jammu,576,6
Jammu and Kashmir,Kargil,26,0
Jammu and Kashmir,Kathua,211,1
Jammu and Kashmir,Kishtwar,8,0
Jammu and Kashmir,Kulgam,17,26
Jammu and Kashmir,Kupwara,39,0
Jammu and Kashmir,Leh,35,0
Jammu and Kashmir,Pulwama,127,5
Jammu and Kashmir,Punch,253,0
Jammu and Kashmir,Rajouri,49,1
Jammu and Kashmir,Ramban,8,1
Jammu and Kashmir,Reasi,11,0
Jammu and Kashmir,Samba,115,4
Jammu and Kashmir,Srinagar,29,1
Jammu and Kashmir,Udhampur,264,0
Jharkhand,Bokaro,227,19
Jharkhand,Chatra,75,45
Jharkhand,Deoghar,75,11
Jharkhand,Dhanbad,192,36
Jharkhand,Dumka,68,15
Jharkhand,East Singhbhum,190,2
Jharkhand,Garhwa,68,30
Jharkhand,Giridih,427,8
Jharkhand,Godda,91,29
Jharkhand,Gumla,46,4
Jharkhand,Hazaribagh,57,12
Jharkhand,Jamtara,46,10
Jharkhand,Khunti,10,6
Jharkhand,Koderma,34,2
Jharkhand,Latehar,29,35
Jharkhand,Lohardaga,14,3
Jharkhand,Pakur,69,5
Jharkhand,Palamu,56,39
Jharkhand,Ramgarh,25,2
Jharkhand,Ranchi,157,23
Jharkhand,Sahebganj,44,21
Jharkhand,Seraikela-Kharsawan,25,2
Jharkhand,Simdega,26,3
Jharkhand,West Singhbhum,42,6
Karnataka,Bagalkot,362,58
Karnataka,Ballari,309,6
Karnataka,Bangalore Rural,157,8
Karnataka,Belagavi,596,34
Karnataka,Bengaluru,1364,147
Karnataka,Bidar,1105,74
Karnataka,Chamrajanagar,11,5
Karnataka,Chikkaballapur,265,72
Karnataka,Chikkamagaluru,79,20
Karnataka,Chitradurga,1661,59
Karnataka,Dakshina Kannada,317,4
Karnataka,Davangere,780,87
Karnataka,Dharwad,59,42
Karnataka,Gadag,175,3
Karnataka,Hassan,217,93
Karnataka,Haveri,145,35
Karnataka,Kalaburagi,612,34
Karnataka,Kodagu,6,5
Karnataka,Kolar,199,15
Karnataka,Koppal,32,49
Karnataka,Mandya,440,41
Karnataka,Mysuru,80,93
Karnataka,Raichur,579,97
Karnataka,Ramanagar,94,5
Karnataka,Shivamogga,246,52
Karnataka,Tumakuru,193,87
Karnataka,Udupi,240,8
Karnataka,Uttara Kannada,19,0
Karnataka,Vijayapura,153,4
Karnataka,Yadgir,75,0
Kerala,Alappuzha,240,5
Kerala,Ernakulam,194,4
Kerala,Idukki,258,5
Kerala,Kannur,337,5
Kerala,Kasaragod,27,9
Kerala,Kollam,107,8
Kerala,Kottayam,145,6
Kerala,Kozhikode,283,13
Kerala,Malappuram,246,29
Kerala,Palakkad,89,13
Kerala,Pathanamthitta,124,2
Kerala,Thiruvananthapuram,452,8
Kerala,Thrissur,174,8
Kerala,Wayanad,52,1
Lakshadweep,Lakshadweep,220,0
Madhya Pradesh,Alirajpur,59,9
Madhya Pradesh,Anuppur,279,22
Madhya Pradesh,Ashok Nagar,255,18
Madhya Pradesh,Balaghat,672,59
Madhya Pradesh,Barwani,259,25
Madhya Pradesh,Betul,367,34
Madhya Pradesh,Bhind,206,24
Madhya Pradesh,Bhopal,267,62
Madhya Pradesh,Burhanpur,14,5
Madhya Pradesh,Chhatarpur,251,30
Madhya Pradesh,Chhindwara,444,19
Madhya Pradesh,Damoh,290,57
Madhya Pradesh,Datia,41,8
Madhya Pradesh,Dewas,337,85
Madhya Pradesh,Dhar,360,34
Madhya Pradesh,Dindori,57,12
Madhya Pradesh,Guna,197,30
Madhya Pradesh,Gwalior,445,37
Madhya Pradesh,Harda,7,6
Madhya Pradesh,Hoshangabad,45,6
Madhya Pradesh,Indore,408,30
Madhya Pradesh,Jabalpur,84,31
Madhya Pradesh,Jhabua,295,29
Madhya Pradesh,Katni,132,23
Madhya Pradesh,Khandwa,49,7
Madhya Pradesh,Khargone,436,47
Madhya Pradesh,Mandla,89,57
Madhya Pradesh,Mandsaur,251,18
Madhya Pradesh,Morena,1129,37
Madhya Pradesh,Narsinghpur,30,14
Madhya Pradesh,Neemuch,143,66
Madhya Pradesh,Panna,53,11
Madhya Pradesh,Raisen,152,32
Madhya Pradesh,Rajgarh,606,81
Madhya Pradesh,Ratlam,467,36
Madhya Pradesh,Rewa,376,71
Madhya Pradesh,Sagar,977,83
Madhya Pradesh,Satna,439,34
Madhya Pradesh,Sehore,156,25
Madhya Pradesh,Seoni,321,25
Madhya Pradesh,Shahdol,348,21
Madhya Pradesh,Shajapur,195,6
Madhya Pradesh,Sheopur,237,3
Madhya Pradesh,Shivpuri,788,45
Madhya Pradesh,Sidhi,569,21
Madhya Pradesh,Singrauli,654,21
Madhya Pradesh,Tikamgarh,155,17
Madhya Pradesh,Ujjain,132,30
Madhya Pradesh,Umaria,139,15
Madhya Pradesh,Vidisha,119,11
Maharashtra,Ahmadnagar,262,29
Maharashtra,Akola,128,70
Maharashtra,Amravati,116,35
Maharashtra,Aurangabad,580,144
Maharashtra,Beed,590,31
Maharashtra,Bhandara,285,26
Maharashtra,Buldhana,383,32
Maharashtra,Chandrapur,581,46
Maharashtra,Dhule,121,21
Maharashtra,Gadchiroli,397,27
Maharashtra,Gondiya,208,43
Maharashtra,Hingoli,513,44
Maharashtra,Jalgaon,331,29
Maharashtra,Jalna,267,126
Maharashtra,Kolhapur,937,44
Maharashtra,Latur,296,97
Maharashtra,Mumbai,890,69
Maharashtra,Nagpur,427,54
Maharashtra,Nanded,473,51
Maharashtra,Nandurbar,144,7
Maharashtra,Nashik,541,44
Maharashtra,Osmanabad,554,55
Maharashtra,Palghar,155,11
Maharashtra,Parbhani,607,33
Maharashtra,Pune,636,67
Maharashtra,Raigarh,247,11
Maharashtra,Ratnagiri,194,14
Maharashtra,Sangli,122,20
Maharashtra,Satara,260,15
Maharashtra,Sindhudurg,394,40
Maharashtra,Solapur,669,87
Maharashtra,Thane,445,28
Maharashtra,Wardha,256,43
Maharashtra,Washim,418,37
Maharashtra,Yavatmal,635,23
Manipur,Bishnupur,12,0
Manipur,Chandel,1,0
Manipur,Churachandpur,16,0
Manipur,Imphal East,159,2
Manipur,Imphal West,103,2
Manipur,Senapati,26,13
Manipur,Tamenglong,12,0
Manipur,Thoubal,17,3
Manipur,Ukhrul,1,0
Meghalaya,East Khasi Hills,4,0
Meghalaya,West Garo Hills,1,1
Mizoram,Aizawl,54,0
Mizoram,Champhai,56,0
Mizoram,Kolasib,13,0
Mizoram,Lawngtlai,5,0
Mizoram,Lunglei,141,0
Mizoram,Mammit,5,0
Mizoram,Saiha,7,0
Mizoram,Serchhip,2,0
Nagaland,Dimapur,473,4
Nagaland,Kohima,138,0
Nagaland,Mokokchung,93,0
Nagaland,Mon,107,5
Nagaland,Peren,105,0
Nagaland,Phek,86,1
Nagaland,Tuensang,108,0
Nagaland,Wokha,57,0
Nagaland,Zunheboto,47,0
Odisha,Angul,62,1
Odisha,Balangir,24,3
Odisha,Baleswar,110,19
Odisha,Bargarh,5190,26
Odisha,Bhadrak,17,9
Odisha,Boudh,523,1
Odisha,Cuttack,205,313
Odisha,Dhenkanal,3,144
Odisha,Gajapati,502,1
Odisha,Ganjam,2098,57
Odisha,Jagatsinghapur,44,112
Odisha,Jajapur,76,28
Odisha,Jharsuguda,325,1
Odisha,Kalahandi,2335,0
Odisha,Kandhamal,1,1
Odisha,Kendrapara,256,0
Odisha,Kendujhar,90,17
Odisha,Khorda,826,225
Odisha,Koraput,555,0
Odisha,Malkangiri,24,0
Odisha,Mayurbhanj,19,31
Odisha,Nabarangapur,225,5
Odisha,Nayagarh,1117,57
Odisha,Nuapada,62,0
Odisha,Puri,84,5
Odisha,Rayagada,14,2
Odisha,Sambalpur,118,12
Odisha,Sonapur,59,0
Odisha,Sundergarh,102,2
Others,Others,1,24
Puducherry,Karaikal,14,2
Puducherry,Puducherry,50,2
Punjab,Amritsar,165,88
Punjab,Barnala,73,11
Punjab,Bathinda,71,34
Punjab,Faridkot,25,23
Punjab,Fatehgarh Sahib,33,3
Punjab,Fazilka,168,58
Punjab,Ferozepur,160,27
Punjab,Gurdaspur,125,39
Punjab,Hoshiarpur,97,26
Punjab,Jalandhar,307,8
Punjab,Kapurthala,78,3
Punjab,Ludhiana,503,62
Punjab,Mansa,36,20
Punjab,Moga,40,9
Punjab,Pathankot,66,12
Punjab,Patiala,186,27
Punjab,Rupnagar,26,6
Punjab,SAS Nagar (Mohali),307,15
Punjab,Sangrur,566,83
Punjab,Shaheed Bhagat Singh Nagar,45,11
Punjab,Sri Muktsar Sahib,114,41
Punjab,Tarn Taran,123,51
Rajasthan,Ajmer,248,57
Rajasthan,Alwar,360,87
Rajasthan,Banswara,620,120
Rajasthan,Baran,335,38
Rajasthan,Barmer,205,49
Rajasthan,Bharatpur,964,70
Rajasthan,Bhilwara,489,44
Rajasthan,Bikaner,742,80
Rajasthan,Bundi,291,32
Rajasthan,Chittorgarh,310,38
Rajasthan,Churu,586,30
Rajasthan,Dausa,341,196
Rajasthan,Dholpur,491,100
Rajasthan,Dungarpur,593,66
Rajasthan,Ganganagar,302,80
Rajasthan,Hanumangarh,380,82
Rajasthan,Jaipur,1082,215
Rajasthan,Jaisalmer,100,13
Rajasthan,Jalor,388,23
Rajasthan,Jhalawar,665,63
Rajasthan,Jhunjhunun,299,63
Rajasthan,Jodhpur,614,103
Rajasthan,Karauli,553,80
Rajasthan,Kota,214,114
Rajasthan,Nagaur,1008,129
Rajasthan,Pali,455,52
Rajasthan,Pratapgarh,268,20
Rajasthan,Rajsamand,165,13
Rajasthan,Sawai Madhopur,409,38
Rajasthan,Sikar,616,134
Rajasthan,Sirohi,176,16
Rajasthan,Tonk,1431,23
Rajasthan,Udaipur,247,154
Sikkim,East Sikkim,7,1
Sikkim,South Sikkim,1,0
Tamil Nadu,Ariyalur,27,1
Tamil Nadu,Chennai,3058,163
Tamil Nadu,Coimbatore,52,3
Tamil Nadu,Cuddalore,138,5
Tamil Nadu,Dharmapuri,258,14
Tamil Nadu,Dindigul,968,8
Tamil Nadu,Erode,71,20
Tamil Nadu,Kancheepuram,544,22
Tamil Nadu,Kanniyakumari,388,18
Tamil Nadu,Karur,59,0
Tamil Nadu,Krishnagiri,572,6
Tamil Nadu,Madurai,201,53
Tamil Nadu,Nagapattinam,64,1
Tamil Nadu,Namakkal,452,0
Tamil Nadu,Perambalur,63,19
Tamil Nadu,Pudukkottai,158,1
Tamil Nadu,Ramanathapuram,180,4
Tamil Nadu,Salem,591,6
Tamil Nadu,Sivaganga,30,2
Tamil Nadu,Thanjavur,996,6
Tamil Nadu,The Nilgiris,328,1
Tamil Nadu,Theni,91,77
Tamil Nadu,Thiruvarur,1348,2
Tamil Nadu,Thoothukkudi,290,22
Tamil Nadu,Tiruchirappalli,356,43
Tamil Nadu,Tirunelveli,489,61
Tamil Nadu,Tiruppur,156,14
Tamil Nadu,Tiruvallur,1954,21
Tamil Nadu,Tiruvannamalai,40,15
Tamil Nadu,Vellore,1359,24
Tamil Nadu,Villupuram,750,2
Tamil Nadu,Virudhunagar,2578,1
Telangana,Adilabad,128,8
Telangana,Hyderabad,376,45
Telangana,K.v. Rangareddy,557,60
Telangana,Karimnagar,189,26
Telangana,Khammam,182,12
Telangana,Mahabubnagar,309,50
Telangana,Medak,290,16
Telangana,Nalgonda,134,66
Telangana,Nizamabad,119,12
Telangana,Warangal,212,21
Tripura,Dhalai,16,6
Tripura,Gomati,19,1
Tripura,Khowai,10,2
Tripura,North Tripura,20,11
Tripura,Sepahijala,11,3
Tripura,South Tripura,31,2
Tripura,Unakoti,21,0
Tripura,West Tripura,18,1
Uttar Pradesh,Agra,5170,558
Uttar Pradesh,Aligarh,3371,183
Uttar Pradesh,Allahabad,8918,580
Uttar Pradesh,Ambedkar Nagar,3588,188
Uttar Pradesh,Amethi,2501,235
Uttar Pradesh,Amroha,1461,207
Uttar Pradesh,Auraiya,1279,297
Uttar Pradesh,Azamgarh,9838,243
Uttar Pradesh,Baghpat,1005,61
Uttar Pradesh,Bahraich,2154,93
Uttar Pradesh,Ballia,3389,277
Uttar Pradesh,Balrampur,326,12
Uttar Pradesh,Banda,670,143
Uttar Pradesh,Bara Banki,3298,388
Uttar Pradesh,Bareilly,4919,1335
Uttar Pradesh,Basti,2505,127
Uttar Pradesh,Bijnor,1829,484
Uttar Pradesh,Budaun,6374,148
Uttar Pradesh,Bulandshahr,4392,156
Uttar Pradesh,Chandauli,1048,145
Uttar Pradesh,Chitrakoot,501,32
Uttar Pradesh,Deoria,4230,479
Uttar Pradesh,Etah,3389,226
Uttar Pradesh,Etawah,802,216
Uttar Pradesh,Faizabad,5410,219
Uttar Pradesh,Farrukhabad,1960,217
Uttar Pradesh,Fatehpur,5643,141
Uttar Pradesh,Firozabad,2326,100
Uttar Pradesh,Gautam Buddha Nagar,1064,105
Uttar Pradesh,Ghaziabad,2336,195
Uttar Pradesh,Ghazipur,5220,354
Uttar Pradesh,Gonda,4545,172
Uttar Pradesh,Gorakhpur,4988,670
Uttar Pradesh,Hamirpur,649,60
Uttar Pradesh,Hapur,0,4
Uttar Pradesh,Hardoi,4595,189
Uttar Pradesh,Hathras,1335,214
Uttar Pradesh,Jalaun,1547,137
Uttar Pradesh,Jaunpur,8915,308
Uttar Pradesh,Jhansi,1765,256
Uttar Pradesh,Kannauj,1181,121
Uttar Pradesh,Kanpur Dehat,1970,147
Uttar Pradesh,Kanpur Nagar,3616,503
Uttar Pradesh,Kasganj,1511,144
Uttar Pradesh,Kaushambi,2352,86
Uttar Pradesh,Kheri,5297,267
Uttar Pradesh,Kushinagar,6422,707
Uttar Pradesh,Lalitpur,1037,57
Uttar Pradesh,Lucknow,1594,428
Uttar Pradesh,Maharajganj,4357,413
Uttar Pradesh,Mahoba,117,36
Uttar Pradesh,Mainpuri,1537,136
Uttar Pradesh,Mathura,1769,150
Uttar Pradesh,Mau,3800,161
Uttar Pradesh,Meerut,2895,692
Uttar Pradesh,Mirzapur,3167,197
Uttar Pradesh,Moradabad,4248,262
Uttar Pradesh,Muzaffarnagar,2436,285
Uttar Pradesh,Pilibhit,1541,328
Uttar Pradesh,Pratapgarh,3842,603
Uttar Pradesh,Rae Bareli,1592,359
Uttar Pradesh,Rampur,5883,305
Uttar Pradesh,Saharanpur,4395,309
Uttar Pradesh,Sambhal,2526,156
Uttar Pradesh,Sant Kabir Nagar,1592,256
Uttar Pradesh,Sant Ravidas Nagar,4669,295
Uttar Pradesh,Shahjahanpur,2188,262
Uttar Pradesh,Shamli,1406,90
Uttar Pradesh,Shrawasti,576,68
Uttar Pradesh,Siddharthnagar,1367,127
Uttar Pradesh,Sitapur,4784,328
Uttar Pradesh,Sonbhadra,3103,134
Uttar Pradesh,Sultanpur,4309,146
Uttar Pradesh,Unnao,1941,396
Uttar Pradesh,Varanasi,3572,518
Uttarakhand,Almora,209,13
Uttarakhand,Bageshwar,33,0
Uttarakhand,Chamoli,67,2
Uttarakhand,Champawat,19,4
Uttarakhand,Dehradun,895,114
Uttarakhand,Haridwar,3454,283
Uttarakhand,Nainital,1232,28
Uttarakhand,Pauri Garhwal,1097,61
Uttarakhand,Pithoragarh,272,14
Uttarakhand,Rudraprayag,62,3
Uttarakhand,Tehri Garhwal,171,10
Uttarakhand,Udham Singh Nagar,6219,148
Uttarakhand,Uttarkashi,459,24
West Bengal,Bankura,1470,15
West Bengal,Barddhaman,1514,55
West Bengal,Birbhum,1390,3
West Bengal,Cooch Behar,48,0
West Bengal,Dakshin Dinajpur,286,1
West Bengal,Darjeeling,357,6
West Bengal,Hooghly,516,41
West Bengal,Howrah,232,45
West Bengal,Jalpaiguri,545,8
West Bengal,Kolkata,642,6
West Bengal,Malda,2577,5
West Bengal,Murshidabad,2788,85
West Bengal,Nadia,335,6
West Bengal,North 24 Parganas,7094,75
West Bengal,Paschim Medinipur,926,9
West Bengal,Purba Medinipur,391,45
West Bengal,Puruliya,1973,28
West Bengal,South 24 Parganas,8027,121
West Bengal,Uttar Dinajpur,190,7
