State,District,Aadhaar generated,Enrolment Rejected
Andaman and Nicobar Islands,Nicobar,17,0
Andaman and Nicobar Islands,North And Middle Andaman,8,0
Andaman and Nicobar Islands,South Andaman,621,37
Andhra Pradesh,Ananthapur,220,11
Andhra Pradesh,Chittoor,1286,60
Andhra Pradesh,Cuddapah,457,8
Andhra Pradesh,East Godavari,2850,77
Andhra Pradesh,Guntur,1202,55
Andhra Pradesh,Krishna,1099,80
Andhra Pradesh,Kurnool,1703,74
Andhra Pradesh,Nellore,419,20
Andhra Pradesh,Prakasam,303,21
Andhra Pradesh,Srikakulam,1010,81
Andhra Pradesh,Visakhapatnam,966,57
Andhra Pradesh,Vizianagaram,1067,48
Andhra Pradesh,West Godavari,316,14
Arunachal Pradesh,Changlang,1,0
Arunachal Pradesh,East Siang,1,3
Arunachal Pradesh,Namsai,1,0
Arunachal Pradesh,Papum Pare,0,1
Arunachal Pradesh,Tawang,1,0
Arunachal Pradesh,West Kameng,5,0
Assam,Baksa,1,2
Assam,Barpeta,5,1
Assam,Bongaigaon,7,0
Assam,Cachar,11,0
Assam,Chirang,4,0
Assam,Darrang,4,0
Assam,Dhemaji,1,0
Assam,Dhubri,13,0
Assam,Dibrugarh,0,1
Assam,Golaghat,1,0
Assam,Hailakandi,3,0
Assam,Jorhat,7,0
Assam,Kamrup,6,2
Assam,Kamrup Metro,1,0
Assam,Karbi Anglong,2,0
Assam,Karimganj,2,0
Assam,Kokrajhar,3,0
Assam,Lakhimpur,2,2
Assam,Nagaon,7,3
Assam,Nalbari,2,0
Assam,Sibsagar,2,0
Assam,Sonitpur,4,1
Assam,Tinsukia,5,0
Assam,Udalguri,3,1
Bihar,Araria,8696,189
Bihar,Arwal,399,11
Bihar,Aurangabad,13550,229
Bihar,Banka,2516,36
Bihar,Begusarai,11809,762
Bihar,Bhagalpur,11272,78
Bihar,Bhojpur,5769,35
Bihar,Buxar,1743,70
Bihar,Darbhanga,7645,153
Bihar,East Champaran,18546,400
Bihar,Gaya,8282,307
Bihar,Gopalganj,3262,93
Bihar,Jamui,5336,172
Bihar,Jehanabad,218,15
Bihar,Kaimur (Bhabua),2501,59
Bihar,Katihar,3912,49
Bihar,Khagaria,3756,74
Bihar,Kishanganj,84,3
Bihar,Lakhisarai,1137,16
Bihar,Madhepura,2355,49
Bihar,Madhubani,13848,130
Bihar,Munger,428,34
Bihar,Muzaffarpur,10156,344
Bihar,Nalanda,3520,89
Bihar,Nawada,5512,55
Bihar,Patna,2410,241
Bihar,Purnia,10384,222
Bihar,Rohtas,5416,119
Bihar,Saharsa,1167,87
Bihar,Samastipur,14698,170
Bihar,Saran,6234,137
Bihar,Sheikhpura,297,2
Bihar,Sheohar,1383,25
Bihar,Sitamarhi,11752,243
Bihar,Siwan,8155,1632
Bihar,Supaul,6499,347
Bihar,Vaishali,5043,322
Bihar,West Champaran,7358,373
Chandigarh,Chandigarh,529,46
Chhattisgarh,Balod,1157,5
Chhattisgarh,Baloda Bazar,2011,110
Chhattisgarh,Balrampur,417,1
Chhattisgarh,Bastar,269,2
Chhattisgarh,Bemetara,1015,60
Chhattisgarh,Bijapur,62,8
Chhattisgarh,Bilaspur,75,15
Chhattisgarh,Dakshin Bastar Dantewada,105,7
Chhattisgarh,Dantewada,116,3
Chhattisgarh,Dhamtari,809,27
Chhattisgarh,Durg,683,19
Chhattisgarh,Gariyaband,3484,108
Chhattisgarh,Janjgir-champa,4399,170
Chhattisgarh,Jashpur,2457,19
Chhattisgarh,Kabeerdham,1309,5
Chhattisgarh,Kanker,2132,50
Chhattisgarh,Kawardha,1737,10
Chhattisgarh,Kondagaon,71,3
Chhattisgarh,Korba,34,9
Chhattisgarh,Koriya,673,26
Chhattisgarh,Mahasamund,1540,18
Chhattisgarh,Mungeli,0,5
Chhattisgarh,Narayanpur,85,22
Chhattisgarh,Raigarh,4973,100
Chhattisgarh,Raipur,2485,75
Chhattisgarh,Rajnandgaon,744,22
Chhattisgarh,Sukma,116,7
Chhattisgarh,Surajpur,2260,97
Chhattisgarh,Surguja,1888,48
Chhattisgarh,Uttar Bastar Kanker,1812,49
Dadra and Nagar Haveli,Dadra and Nagar Haveli,325,1
Daman and Diu,Daman,55,0
Daman and Diu,Diu,1,0
Delhi,Central Delhi,222,26
Delhi,East Delhi,620,40
Delhi,New Delhi,3,0
Delhi,North Delhi,191,41
Delhi,North East Delhi,641,83
Delhi,North West Delhi,1490,183
Delhi,South Delhi,1643,86
Delhi,South West Delhi,1027,61
Delhi,West Delhi,724,39
Goa,North Goa,76,3
Goa,South Goa,67,3
Gujarat,Ahmedabad,2848,40
Gujarat,Amreli,616,5
Gujarat,Anand,1067,25
Gujarat,Banaskantha,937,23
Gujarat,Bharuch,398,23
Gujarat,Bhavnagar,3264,25
Gujarat,Dahod,135,8
Gujarat,Gandhinagar,255,8
Gujarat,Jamnagar,175,5
Gujarat,Junagadh,376,21
Gujarat,Kachchh,613,5
Gujarat,Kheda,2532,40
Gujarat,Mahesana,996,4
Gujarat,Narmada,246,112
Gujarat,Navsari,118,2
Gujarat,Panchmahals,573,49
Gujarat,Patan,1409,14
Gujarat,Porbandar,604,0
Gujarat,Rajkot,718,31
Gujarat,Sabarkantha,543,13
Gujarat,Surat,3026,57
Gujarat,Surendra Nagar,1330,20
Gujarat,Tapi,295,5
Gujarat,The Dangs,238,2
Gujarat,Vadodara,2043,23
Gujarat,Valsad,884,19
Haryana,Ambala,563,56
Haryana,Bhiwani,404,23
Haryana,Faridabad,868,41
Haryana,Fatehabad,555,55
Haryana,Gurgaon,482,71
Haryana,Hisar,381,23
Haryana,Jhajjar,256,62
Haryana,Jind,2109,206
Haryana,Kaithal,599,153
Haryana,Karnal,346,91
Haryana,Kurukshetra,251,45
Haryana,Mahendragarh,682,21
Haryana,Mewat,874,141
Haryana,Palwal,467,82
Haryana,Panchkula,53,10
Haryana,Panipat,1294,148
Haryana,Rewari,269,15
Haryana,Rohtak,802,45
Haryana,Sirsa,195,6
Haryana,Sonipat,682,16
Haryana,Yamuna Nagar,352,35
Himachal Pradesh,Bilaspur,8,3
Himachal Pradesh,Chamba,58,5
Himachal Pradesh,Hamirpur,19,3
Himachal Pradesh,Kangra,10,9
Himachal Pradesh,Kinnaur,1,1
Himachal Pradesh,Kullu,23,0
Himachal Pradesh,Mandi,21,5
Himachal Pradesh,Shimla,63,13
Himachal Pradesh,Solan,40,11
Himachal Pradesh,Una,8,1
Jammu and Kashmir,Anantnag,18,0
Jammu and Kashmir,Badgam,19,0
Jammu and Kashmir,Bandipore,95,0
Jammu and Kashmir,Baramula,513,1
Jammu and Kashmir,Doda,7,1
Jammu and Kashmir,Jammu,396,2
Jammu and Kashmir,Kathua,67,0
Jammu and Kashmir,Kishtwar,1,0
Jammu and Kashmir,Kulgam,281,1
Jammu and Kashmir,Kupwara,221,7
Jammu and Kashmir,Pulwama,26,93
Jammu and Kashmir,Punch,47,0
Jammu and Kashmir,Rajouri,65,0
Jammu and Kashmir,Ramban,2,3
Jammu and Kashmir,Reasi,5,0
Jammu and Kashmir,Samba,22,1
Jammu and Kashmir,Shupiyan,0,21
Jammu and Kashmir,Srinagar,29,0
Jammu and Kashmir,Udhampur,339,1
Jharkhand,Bokaro,195,7
Jharkhand,Chatra,159,48
Jharkhand,Deoghar,12,7
Jharkhand,Dhanbad,78,14
Jharkhand,Dumka,12,3
Jharkhand,East Singhbhum,36,2
Jharkhand,Garhwa,4,13
Jharkhand,Giridih,129,16
Jharkhand,Godda,104,49
Jharkhand,Gumla,31,1
Jharkhand,Hazaribagh,159,13
Jharkhand,Jamtara,5,5
Jharkhand,Khunti,56,1
Jharkhand,Koderma,17,4
Jharkhand,Latehar,6,2
Jharkhand,Lohardaga,25,3
Jharkhand,Pakur,15,10
Jharkhand,Palamu,18,13
Jharkhand,Ramgarh,103,10
Jharkhand,Ranchi,259,8
Jharkhand,Sahebganj,22,11
Jharkhand,Seraikela-Kharsawan,93,0
Jharkhand,Simdega,3,2
Jharkhand,West Singhbhum,1,8
Karnataka,Bagalkot,867,19
Karnataka,Ballari,667,32
Karnataka,Bangalore Rural,131,4
Karnataka,Belagavi,1376,170
Karnataka,Bengaluru,999,94
Karnataka,Bidar,3962,99
Karnataka,Chamrajanagar,104,2
Karnataka,Chikkaballapur,2188,64
Karnataka,Chikkamagaluru,537,17
Karnataka,Chitradurga,5003,80
Karnataka,Dakshina Kannada,261,3
Karnataka,Davangere,611,55
Karnataka,Dharwad,1669,62
Karnataka,Gadag,260,32
Karnataka,Hassan,243,55
Karnataka,Haveri,452,21
Karnataka,Kalaburagi,1688,28
Karnataka,Kodagu,112,1
Karnataka,Kolar,980,52
Karnataka,Koppal,86,18
Karnataka,Mandya,586,56
Karnataka,Mysuru,859,41
Karnataka,Raichur,1648,61
Karnataka,Ramanagar,48,6
Karnataka,Shivamogga,280,41
Karnataka,Tumakuru,477,41
Karnataka,Udupi,155,52
Karnataka,Uttara Kannada,47,2
Karnataka,Vijayapura,124,1
Karnataka,Yadgir,138,0
Kerala,Alappuzha,119,9
Kerala,Ernakulam,97,6
Kerala,Idukki,87,0
Kerala,Kannur,678,13
Kerala,Kasaragod,62,2
Kerala,Kollam,152,22
Kerala,Kottayam,61,3
Kerala,Kozhikode,132,12
Kerala,Malappuram,198,11
Kerala,Palakkad,140,13
Kerala,Pathanamthitta,12,1
Kerala,Thiruvananthapuram,47,21
Kerala,Thrissur,161,15
Kerala,Wayanad,20,1
Lakshadweep,Lakshadweep,71,0
Madhya Pradesh,Alirajpur,524,38
Madhya Pradesh,Anuppur,663,83
Madhya Pradesh,Ashok Nagar,73,22
Madhya Pradesh,Balaghat,955,74
Madhya Pradesh,Barwani,896,128
Madhya Pradesh,Betul,401,17
Madhya Pradesh,Bhind,231,31
Madhya Pradesh,Bhopal,714,65
Madhya Pradesh,Burhanpur,54,4
Madhya Pradesh,Chhatarpur,924,93
Madhya Pradesh,Chhindwara,505,50
Madhya Pradesh,Damoh,808,41
Madhya Pradesh,Datia,21,1
Madhya Pradesh,Dewas,596,23
Madhya Pradesh,Dhar,1398,81
Madhya Pradesh,Dindori,349,21
Madhya Pradesh,Guna,334,61
Madhya Pradesh,Gwalior,263,52
Madhya Pradesh,Harda,24,3
Madhya Pradesh,Hoshangabad,289,19
Madhya Pradesh,Indore,736,31
Madhya Pradesh,Jabalpur,216,29
Madhya Pradesh,Jhabua,780,19
Madhya Pradesh,Katni,453,48
Madhya Pradesh,Khandwa,86,8
Madhya Pradesh,Khargone,454,16
Madhya Pradesh,Mandla,232,10
Madhya Pradesh,Mandsaur,504,69
Madhya Pradesh,Morena,1596,90
Madhya Pradesh,Narsinghpur,74,4
Madhya Pradesh,Neemuch,962,11
Madhya Pradesh,Panna,36,4
Madhya Pradesh,Raisen,255,27
Madhya Pradesh,Rajgarh,911,192
Madhya Pradesh,Ratlam,979,45
Madhya Pradesh,Rewa,788,63
Madhya Pradesh,Sagar,770,83
Madhya Pradesh,Satna,627,77
Madhya Pradesh,Sehore,460,18
Madhya Pradesh,Seoni,245,34
Madhya Pradesh,Shahdol,1387,109
Madhya Pradesh,Shajapur,166,23
Madhya Pradesh,Sheopur,134,9
Madhya Pradesh,Shivpuri,2066,110
Madhya Pradesh,Sidhi,768,44
Madhya Pradesh,Singrauli,1159,88
Madhya Pradesh,Tikamgarh,366,23
Madhya Pradesh,Ujjain,270,14
Madhya Pradesh,Umaria,259,42
Madhya Pradesh,Vidisha,79,13
Maharashtra,Ahmadnagar,2279,66
Maharashtra,Akola,1149,73
Maharashtra,Amravati,931,207
Maharashtra,Aurangabad,3254,181
Maharashtra,Beed,3993,116
Maharashtra,Bhandara,1586,130
Maharashtra,Buldhana,1709,186
Maharashtra,Chandrapur,2173,190
Maharashtra,Dhule,688,27
Maharashtra,Gadchiroli,1323,65
Maharashtra,Gondiya,1296,278
Maharashtra,Hingoli,2037,188
Maharashtra,Jalgaon,1529,60
Maharashtra,Jalna,1439,130
Maharashtra,Kolhapur,5696,115
Maharashtra,Latur,1697,225
Maharashtra,Mumbai,1980,98
Maharashtra,Nagpur,1675,103
Maharashtra,Nanded,2001,94
Maharashtra,Nandurbar,497,36
Maharashtra,Nashik,2488,104
Maharashtra,Osmanabad,2974,164
Maharashtra,Palghar,938,102
Maharashtra,Parbhani,3593,146
Maharashtra,Pune,2424,159
Maharashtra,Raigarh,1128,58
Maharashtra,Ratnagiri,1531,50
Maharashtra,Sangli,924,38
Maharashtra,Satara,1652,67
Maharashtra,Sindhudurg,745,33
Maharashtra,Solapur,2508,120
Maharashtra,Thane,1462,77
Maharashtra,Wardha,885,153
Maharashtra,Washim,2110,108
Maharashtra,Yavatmal,2467,73
Manipur,Bishnupur,2,0
Manipur,Imphal East,1,1
Manipur,Imphal West,2,0
Manipur,Senapati,2,0
Manipur,Thoubal,1,0
Manipur,Ukhrul,2,0
Meghalaya,East Khasi Hills,20,1
Meghalaya,Jaintia Hills,1,0
Meghalaya,Ri Bhoi,1,0
Meghalaya,West Garo Hills,13,1
Mizoram,Aizawl,1,2
Nagaland,Dimapur,1,0
Nagaland,Kohima,2,0
Nagaland,Mokokchung,2,0
Odisha,Angul,28,0
Odisha,Balangir,154,14
Odisha,Baleswar,56,0
Odisha,Bargarh,10400,74
Odisha,Bhadrak,21,2
Odisha,Boudh,4,0
Odisha,Cuttack,210,1
Odisha,Debagarh,1,0
Odisha,Dhenkanal,48,1
Odisha,Gajapati,2,0
Odisha,Ganjam,2650,13
Odisha,Jagatsinghapur,474,3
Odisha,Jajapur,293,13
Odisha,Jharsuguda,891,0
Odisha,Kalahandi,494,16
Odisha,Kandhamal,1,0
Odisha,Kendrapara,21,57
Odisha,Kendujhar,421,5
Odisha,Khorda,957,18
Odisha,Koraput,31,1
Odisha,Malkangiri,16,0
Odisha,Mayurbhanj,353,106
Odisha,Nabarangapur,218,1
Odisha,Nayagarh,194,0
Odisha,Nuapada,1,0
Odisha,Puri,12,0
Odisha,Rayagada,10,0
Odisha,Sambalpur,609,0
Odisha,Sonapur,3,0
Odisha,Sundergarh,657,3
Others,Others,0,256
Puducherry,Karaikal,50,0
Puducherry,Puducherry,182,12
Punjab,Amritsar,1280,47
Punjab,Barnala,195,41
Punjab,Bathinda,853,64
Punjab,Faridkot,97,16
Punjab,Fatehgarh Sahib,125,18
Punjab,Fazilka,1256,77
Punjab,Ferozepur,1249,44
Punjab,Gurdaspur,728,82
Punjab,Hoshiarpur,657,35
Punjab,Jalandhar,1141,70
Punjab,Kapurthala,274,24
Punjab,Ludhiana,1143,90
Punjab,Mansa,589,13
Punjab,Moga,1725,158
Punjab,Pathankot,214,11
Punjab,Patiala,1099,77
Punjab,Rupnagar,296,37
Punjab,SAS Nagar (Mohali),524,84
Punjab,Sangrur,1512,39
Punjab,Shaheed Bhagat Singh Nagar,345,23
Punjab,Sri Muktsar Sahib,669,32
Punjab,Tarn Taran,918,71
Rajasthan,Ajmer,678,62
Rajasthan,Alwar,1649,54
Rajasthan,Banswara,3099,74
Rajasthan,Baran,1798,17
Rajasthan,Barmer,586,97
Rajasthan,Bharatpur,517,132
Rajasthan,Bhilwara,459,40
Rajasthan,Bikaner,1750,40
Rajasthan,Bundi,486,50
Rajasthan,Chittorgarh,650,60
Rajasthan,Churu,450,26
Rajasthan,Dausa,577,13
Rajasthan,Dholpur,977,10
Rajasthan,Dungarpur,3259,49
Rajasthan,Ganganagar,515,68
Rajasthan,Hanumangarh,965,39
Rajasthan,Jaipur,1777,176
Rajasthan,Jaisalmer,175,46
Rajasthan,Jalor,1117,43
Rajasthan,Jhalawar,1231,22
Rajasthan,Jhunjhunun,1323,106
Rajasthan,Jodhpur,1013,104
Rajasthan,Karauli,2181,70
Rajasthan,Kota,1268,51
Rajasthan,Nagaur,1043,135
Rajasthan,Pali,950,66
Rajasthan,Pratapgarh,332,19
Rajasthan,Rajsamand,138,17
Rajasthan,Sawai Madhopur,707,16
Rajasthan,Sikar,655,48
Rajasthan,Sirohi,199,27
Rajasthan,Tonk,1530,29
Rajasthan,Udaipur,1210,65
Sikkim,East Sikkim,2,1
Sikkim,West Sikkim,1,0
Tamil Nadu,Ariyalur,9,0
Tamil Nadu,Chennai,2676,116
Tamil Nadu,Coimbatore,6,15
Tamil Nadu,Cuddalore,187,25
Tamil Nadu,Dharmapuri,54,0
Tamil Nadu,Dindigul,150,1
Tamil Nadu,Erode,10,0
Tamil Nadu,Kancheepuram,240,6
Tamil Nadu,Kanniyakumari,1136,0
Tamil Nadu,Karur,22,1
Tamil Nadu,Krishnagiri,383,11
Tamil Nadu,Madurai,1243,1
Tamil Nadu,Nagapattinam,65,0
Tamil Nadu,Namakkal,514,1
Tamil Nadu,Perambalur,21,0
Tamil Nadu,Pudukkottai,146,2
Tamil Nadu,Ramanathapuram,126,0
Tamil Nadu,Salem,3580,2
Tamil Nadu,Sivaganga,482,4
Tamil Nadu,Thanjavur,1143,3
Tamil Nadu,The Nilgiris,4,1
Tamil Nadu,Theni,78,22
Tamil Nadu,Thiruvarur,1748,2
Tamil Nadu,Thoothukkudi,370,3
Tamil Nadu,Tiruchirappalli,1080,0
Tamil Nadu,Tirunelveli,2068,11
Tamil Nadu,Tiruppur,42,18
Tamil Nadu,Tiruvallur,966,32
Tamil Nadu,Tiruvannamalai,1038,34
Tamil Nadu,Vellore,90,4
Tamil Nadu,Villupuram,376,9
Tamil Nadu,Virudhunagar,432,2
Telangana,Adilabad,1093,49
Telangana,Hyderabad,934,68
Telangana,K.v. Rangareddy,1088,81
Telangana,Karimnagar,211,22
Telangana,Khammam,175,17
Telangana,Mahabubnagar,1676,50
Telangana,Medak,912,88
Telangana,Nalgonda,2668,55
Telangana,Nizamabad,331,58
Telangana,Warangal,287,32
Tripura,Dhalai,42,0
Tripura,Gomati,235,6
Tripura,Khowai,151,5
Tripura,North Tripura,258,23
Tripura,Sepahijala,229,14
Tripura,South Tripura,79,5
Tripura,Unakoti,338,9
Tripura,West Tripura,51,3
Uttar Pradesh,Agra,4511,294
Uttar Pradesh,Aligarh,5639,263
Uttar Pradesh,Allahabad,15070,425
Uttar Pradesh,Ambedkar Nagar,7729,197
Uttar Pradesh,Amethi,7971,170
Uttar Pradesh,Amroha,3153,308
Uttar Pradesh,Auraiya,3866,123
Uttar Pradesh,Azamgarh,14942,290
Uttar Pradesh,Baghpat,917,77
Uttar Pradesh,Bahraich,5971,206
Uttar Pradesh,Ballia,8467,325
Uttar Pradesh,Balrampur,597,21
Uttar Pradesh,Banda,563,25
Uttar Pradesh,Bara Banki,5512,309
Uttar Pradesh,Bareilly,8367,2107
Uttar Pradesh,Basti,2776,55
Uttar Pradesh,Bijnor,3849,282
Uttar Pradesh,Budaun,8796,391
Uttar Pradesh,Bulandshahr,8731,209
Uttar Pradesh,Chandauli,3730,172
Uttar Pradesh,Chitrakoot,452,6
Uttar Pradesh,Deoria,10038,391
Uttar Pradesh,Etah,2831,262
Uttar Pradesh,Etawah,7055,235
Uttar Pradesh,Faizabad,6558,211
Uttar Pradesh,Farrukhabad,5239,125
Uttar Pradesh,Fatehpur,2676,36
Uttar Pradesh,Firozabad,4952,288
Uttar Pradesh,Gautam Buddha Nagar,2706,63
Uttar Pradesh,Ghaziabad,4965,350
Uttar Pradesh,Ghazipur,8695,381
Uttar Pradesh,Gonda,5902,241
Uttar Pradesh,Gorakhpur,9469,691
Uttar Pradesh,Hamirpur,2055,27
Uttar Pradesh,Hapur,0,30
Uttar Pradesh,Hardoi,11036,380
Uttar Pradesh,Hathras,2215,181
Uttar Pradesh,Jalaun,1373,13
Uttar Pradesh,Jaunpur,16654,512
Uttar Pradesh,Jhansi,6659,375
Uttar Pradesh,Kannauj,2054,44
Uttar Pradesh,Kanpur Dehat,4669,81
Uttar Pradesh,Kanpur Nagar,5978,448
Uttar Pradesh,Kasganj,2421,79
Uttar Pradesh,Kaushambi,2902,179
Uttar Pradesh,Kheri,10654,232
Uttar Pradesh,Kushinagar,9566,326
Uttar Pradesh,Lalitpur,3033,72
Uttar Pradesh,Lucknow,2623,324
Uttar Pradesh,Maharajganj,4812,51
Uttar Pradesh,Mahoba,47,23
Uttar Pradesh,Mainpuri,745,101
Uttar Pradesh,Mathura,1789,94
Uttar Pradesh,Mau,8002,214
Uttar Pradesh,Meerut,8848,886
Uttar Pradesh,Mirzapur,6456,597
Uttar Pradesh,Moradabad,6516,399
Uttar Pradesh,Muzaffarnagar,4487,494
Uttar Pradesh,Pilibhit,3375,672
Uttar Pradesh,Pratapgarh,8523,204
Uttar Pradesh,Rae Bareli,3237,133
Uttar Pradesh,Rampur,10849,262
Uttar Pradesh,Saharanpur,12298,1287
Uttar Pradesh,Sambhal,2352,176
Uttar Pradesh,Sant Kabir Nagar,6551,124
Uttar Pradesh,Sant Ravidas Nagar,3920,137
Uttar Pradesh,Shahjahanpur,3902,254
Uttar Pradesh,Shamli,3020,93
Uttar Pradesh,Shrawasti,1750,39
Uttar Pradesh,Siddharthnagar,4441,188
Uttar Pradesh,Sitapur,6429,338
Uttar Pradesh,Sonbhadra,4919,146
Uttar Pradesh,Sultanpur,6451,122
Uttar Pradesh,Unnao,5977,525
Uttar Pradesh,Varanasi,5653,346
Uttarakhand,Almora,157,7
Uttarakhand,Bageshwar,77,1
Uttarakhand,Chamoli,26,1
Uttarakhand,Champawat,36,2
Uttarakhand,Dehradun,2319,120
Uttarakhand,Haridwar,2377,148
Uttarakhand,Nainital,427,15
Uttarakhand,Pauri Garhwal,754,99
Uttarakhand,Pithoragarh,880,13
Uttarakhand,Rudraprayag,43,2
Uttarakhand,Tehri Garhwal,468,11
Uttarakhand,Udham Singh Nagar,337,55
Uttarakhand,Uttarkashi,455,16
West Bengal,Bankura,12,49
West Bengal,Barddhaman,726,379
West Bengal,Birbhum,2020,14
West Bengal,Cooch Behar,39,1
West Bengal,Dakshin Dinajpur,1163,123
West Bengal,Darjeeling,2631,23
West Bengal,Hooghly,3237,1
West Bengal,Howrah,409,3
West Bengal,Jalpaiguri,4911,54
West Bengal,Kolkata,668,4
West Bengal,Malda,2197,4
West Bengal,Murshidabad,1653,193
West Bengal,Nadia,55,107
West Bengal,North 24 Parganas,3703,37
West Bengal,Paschim Medinipur,243,16
West Bengal,Purba Medinipur,122,1
West Bengal,Puruliya,14038,16
West Bengal,South 24 Parganas,26271,46
West Bengal,Uttar Dinajpur,672,42
