State,District,Aadhaar generated,Enrolment Rejected
Andaman and Nicobar Islands,Nicobar,32,1
Andaman and Nicobar Islands,North And Middle Andaman,47,0
Andaman and Nicobar Islands,South Andaman,2676,58
Andhra Pradesh,Ananthapur,1686,205
Andhra Pradesh,Chittoor,1445,126
Andhra Pradesh,Cuddapah,398,12
Andhra Pradesh,East Godavari,2167,94
Andhra Pradesh,Guntur,834,18
Andhra Pradesh,Krishna,987,70
Andhra Pradesh,Kurnool,2202,108
Andhra Pradesh,Nellore,464,28
Andhra Pradesh,Prakasam,673,34
Andhra Pradesh,Srikakulam,1148,52
Andhra Pradesh,Visakhapatnam,350,60
Andhra Pradesh,Vizianagaram,686,20
Andhra Pradesh,West Godavari,1174,55
Arunachal Pradesh,Changlang,2,0
Arunachal Pradesh,East Siang,2,0
Arunachal Pradesh,Papum Pare,3,0
Arunachal Pradesh,West Kameng,1,0
Assam,Baksa,7,2
Assam,Barpeta,6,0
Assam,Bongaigaon,2,0
Assam,Cachar,8,0
Assam,Chirang,2,1
Assam,Dhubri,10,0
Assam,Dibrugarh,2,0
Assam,Golaghat,13,0
Assam,Hailakandi,5,0
Assam,Jorhat,3,1
Assam,Kamrup,4,1
Assam,Kamrup Metro,1,0
Assam,Karbi Anglong,2,0
Assam,Karimganj,1,1
Assam,Kokrajhar,1,0
Assam,Lakhimpur,3,0
Assam,Marigaon,2,0
Assam,Nagaon,641,1
Assam,Sibsagar,9,1
Assam,Sonitpur,10,0
Assam,Tinsukia,5,0
Assam,Udalguri,6,0
Bihar,Araria,5874,225
Bihar,Arwal,167,6
Bihar,Aurangabad,12990,214
Bihar,Banka,3926,196
Bihar,Begusarai,4529,258
Bihar,Bhagalpur,12399,132
Bihar,Bhojpur,4610,93
Bihar,Buxar,5305,47
Bihar,Darbhanga,5971,169
Bihar,East Champaran,7254,248
Bihar,Gaya,4149,262
Bihar,Gopalganj,3154,125
Bihar,Jamui,1345,243
Bihar,Jehanabad,1659,14
Bihar,Kaimur (Bhabua),4115,59
Bihar,Katihar,2351,40
Bihar,Khagaria,2555,137
Bihar,Kishanganj,26,2
Bihar,Lakhisarai,520,23
Bihar,Madhepura,5787,56
Bihar,Madhubani,11207,199
Bihar,Munger,1084,36
Bihar,Muzaffarpur,7240,200
Bihar,Nalanda,3041,140
Bihar,Nawada,2873,59
Bihar,Patna,5167,333
Bihar,Purnia,5284,158
Bihar,Rohtas,5203,109
Bihar,Saharsa,4914,195
Bihar,Samastipur,17367,184
Bihar,Saran,7945,141
Bihar,Sheikhpura,100,41
Bihar,Sheohar,700,16
Bihar,Sitamarhi,4162,73
Bihar,Siwan,7642,1021
Bihar,Supaul,11978,309
Bihar,Vaishali,6525,202
Bihar,West Champaran,5813,210
Chandigarh,Chandigarh,600,6
Chhattisgarh,Balod,746,6
Chhattisgarh,Baloda Bazar,773,30
Chhattisgarh,Balrampur,90,1
Chhattisgarh,Bastar,51,1
Chhattisgarh,Bemetara,203,50
Chhattisgarh,Bijapur,16,2
Chhattisgarh,Bilaspur,150,5
Chhattisgarh,Dakshin Bastar Dantewada,167,3
Chhattisgarh,Dantewada,89,1
Chhattisgarh,Dhamtari,1294,14
Chhattisgarh,Durg,140,11
Chhattisgarh,Gariyaband,2964,94
Chhattisgarh,Janjgir-champa,1700,447
Chhattisgarh,Jashpur,4463,94
Chhattisgarh,Kabeerdham,1076,9
Chhattisgarh,Kanker,549,360
Chhattisgarh,Kawardha,4423,13
Chhattisgarh,Kondagaon,29,4
Chhattisgarh,Korba,188,63
Chhattisgarh,Koriya,552,23
Chhattisgarh,Mahasamund,568,3
Chhattisgarh,Mungeli,0,2
Chhattisgarh,Narayanpur,118,10
Chhattisgarh,Raigarh,3194,106
Chhattisgarh,Raipur,5974,70
Chhattisgarh,Rajnandgaon,593,18
Chhattisgarh,Sukma,688,2
Chhattisgarh,Surajpur,5421,86
Chhattisgarh,Surguja,1938,57
Chhattisgarh,Uttar Bastar Kanker,463,51
Dadra and Nagar Haveli,Dadra and Nagar Haveli,228,3
Daman and Diu,Daman,9,0
Daman and Diu,Diu,9,0
Delhi,Central Delhi,354,31
Delhi,East Delhi,352,42
Delhi,New Delhi,24,0
Delhi,North Delhi,252,27
Delhi,North East Delhi,618,51
Delhi,North West Delhi,1727,124
Delhi,South Delhi,1219,67
Delhi,South West Delhi,630,44
Delhi,West Delhi,802,43
Goa,North Goa,41,0
Goa,South Goa,40,1
Gujarat,Ahmedabad,2939,104
Gujarat,Amreli,783,21
Gujarat,Anand,784,4
Gujarat,Banaskantha,795,32
Gujarat,Bharuch,2866,81
Gujarat,Bhavnagar,1803,36
Gujarat,Dahod,232,18
Gujarat,Gandhinagar,363,21
Gujarat,Jamnagar,54,22
Gujarat,Junagadh,410,43
Gujarat,Kachchh,91,20
Gujarat,Kheda,1922,26
Gujarat,Mahesana,794,3
Gujarat,Narmada,27,43
Gujarat,Navsari,52,6
Gujarat,Panchmahals,1868,96
Gujarat,Patan,307,11
Gujarat,Porbandar,181,8
Gujarat,Rajkot,1356,62
Gujarat,Sabarkantha,730,11
Gujarat,Surat,7006,76
Gujarat,Surendra Nagar,584,19
Gujarat,Tapi,93,9
Gujarat,The Dangs,77,1
Gujarat,Vadodara,2042,16
Gujarat,Valsad,876,11
Haryana,Ambala,374,22
Haryana,Bhiwani,2390,85
Haryana,Faridabad,839,91
Haryana,Fatehabad,612,25
Haryana,Gurgaon,449,17
Haryana,Hisar,926,68
Haryana,Jhajjar,66,24
Haryana,Jind,1739,135
Haryana,Kaithal,992,31
Haryana,Karnal,112,44
Haryana,Kurukshetra,88,4
Haryana,Mahendragarh,305,19
Haryana,Mewat,739,168
Haryana,Palwal,321,54
Haryana,Panchkula,76,3
Haryana,Panipat,592,79
Haryana,Rewari,154,13
Haryana,Rohtak,413,14
Haryana,Sirsa,366,13
Haryana,Sonipat,497,14
Haryana,Yamuna Nagar,587,26
Himachal Pradesh,Bilaspur,3,0
Himachal Pradesh,Chamba,34,49
Himachal Pradesh,Hamirpur,4,2
Himachal Pradesh,Kangra,10,16
Himachal Pradesh,Kullu,13,0
Himachal Pradesh,Mandi,11,1
Himachal Pradesh,Shimla,8,0
Himachal Pradesh,Sirmaur,3,1
Himachal Pradesh,Solan,19,4
Himachal Pradesh,Una,4,0
Jammu and Kashmir,Badgam,115,6
Jammu and Kashmir,Bandipore,319,22
Jammu and Kashmir,Baramula,762,101
Jammu and Kashmir,Doda,1,0
Jammu and Kashmir,Ganderbal,1,1
Jammu and Kashmir,Jammu,829,15
Jammu and Kashmir,Kargil,2,0
Jammu and Kashmir,Kathua,55,1
Jammu and Kashmir,Kishtwar,2,2
Jammu and Kashmir,Kulgam,553,0
Jammu and Kashmir,Kupwara,528,35
Jammu and Kashmir,Leh,3,0
Jammu and Kashmir,Pulwama,1,1
Jammu and Kashmir,Punch,125,3
Jammu and Kashmir,Rajouri,25,3
Jammu and Kashmir,Reasi,15,0
Jammu and Kashmir,Samba,7,1
Jammu and Kashmir,Srinagar,32,0
Jammu and Kashmir,Udhampur,429,9
Jharkhand,Bokaro,92,7
Jharkhand,Chatra,97,14
Jharkhand,Deoghar,125,11
Jharkhand,Dhanbad,137,10
Jharkhand,Dumka,99,5
Jharkhand,East Singhbhum,145,6
Jharkhand,Garhwa,6,6
Jharkhand,Giridih,123,28
Jharkhand,Godda,196,18
Jharkhand,Gumla,4,2
Jharkhand,Hazaribagh,118,6
Jharkhand,Jamtara,7,4
Jharkhand,Khunti,12,1
Jharkhand,Koderma,14,6
Jharkhand,Latehar,2,5
Jharkhand,Lohardaga,14,3
Jharkhand,Pakur,11,5
Jharkhand,Palamu,55,9
Jharkhand,Ramgarh,26,7
Jharkhand,Ranchi,146,4
Jharkhand,Sahebganj,26,20
Jharkhand,Seraikela-Kharsawan,21,0
Jharkhand,Simdega,2,3
Jharkhand,West Singhbhum,1,10
Karnataka,Bagalkot,3353,104
Karnataka,Ballari,176,7
Karnataka,Bangalore Rural,30,2
Karnataka,Belagavi,4455,160
Karnataka,Bengaluru,2265,402
Karnataka,Bidar,1206,82
Karnataka,Chamrajanagar,151,5
Karnataka,Chikkaballapur,1419,61
Karnataka,Chikkamagaluru,759,19
Karnataka,Chitradurga,1941,65
Karnataka,Dakshina Kannada,61,0
Karnataka,Davangere,1916,78
Karnataka,Dharwad,504,33
Karnataka,Gadag,181,16
Karnataka,Hassan,2780,47
Karnataka,Haveri,716,23
Karnataka,Kalaburagi,253,20
Karnataka,Kodagu,24,0
Karnataka,Kolar,221,26
Karnataka,Koppal,1097,10
Karnataka,Mandya,551,93
Karnataka,Mysuru,1261,92
Karnataka,Raichur,2081,23
Karnataka,Ramanagar,51,10
Karnataka,Shivamogga,856,14
Karnataka,Tumakuru,722,56
Karnataka,Udupi,1422,24
Karnataka,Uttara Kannada,511,11
Karnataka,Vijayapura,295,0
Karnataka,Yadgir,42,4
Kerala,Alappuzha,231,6
Kerala,Ernakulam,507,4
Kerala,Idukki,131,3
Kerala,Kannur,490,4
Kerala,Kasaragod,286,0
Kerala,Kollam,230,10
Kerala,Kottayam,274,5
Kerala,Kozhikode,442,3
Kerala,Malappuram,863,2
Kerala,Palakkad,475,5
Kerala,Pathanamthitta,83,3
Kerala,Thiruvananthapuram,586,26
Kerala,Thrissur,539,12
Kerala,Wayanad,59,1
Lakshadweep,Lakshadweep,32,0
Madhya Pradesh,Alirajpur,320,6
Madhya Pradesh,Anuppur,177,25
Madhya Pradesh,Ashok Nagar,131,7
Madhya Pradesh,Balaghat,509,40
Madhya Pradesh,Barwani,248,37
Madhya Pradesh,Betul,351,8
Madhya Pradesh,Bhind,86,4
Madhya Pradesh,Bhopal,693,68
Madhya Pradesh,Burhanpur,74,7
Madhya Pradesh,Chhatarpur,404,21
Madhya Pradesh,Chhindwara,385,51
Madhya Pradesh,Damoh,449,13
Madhya Pradesh,Datia,12,11
Madhya Pradesh,Dewas,611,60
Madhya Pradesh,Dhar,444,19
Madhya Pradesh,Dindori,149,28
Madhya Pradesh,Guna,613,24
Madhya Pradesh,Gwalior,233,52
Madhya Pradesh,Harda,27,7
Madhya Pradesh,Hoshangabad,87,11
Madhya Pradesh,Indore,145,19
Madhya Pradesh,Jabalpur,269,28
Madhya Pradesh,Jhabua,778,42
Madhya Pradesh,Katni,55,29
Madhya Pradesh,Khandwa,40,9
Madhya Pradesh,Khargone,683,50
Madhya Pradesh,Mandla,90,12
Madhya Pradesh,Mandsaur,108,52
Madhya Pradesh,Morena,707,65
Madhya Pradesh,Narsinghpur,24,9
Madhya Pradesh,Neemuch,588,44
Madhya Pradesh,Panna,7,1
Madhya Pradesh,Raisen,133,10
Madhya Pradesh,Rajgarh,755,80
Madhya Pradesh,Ratlam,283,38
Madhya Pradesh,Rewa,716,48
Madhya Pradesh,Sagar,967,73
Madhya Pradesh,Satna,556,41
Madhya Pradesh,Sehore,226,35
Madhya Pradesh,Seoni,873,66
Madhya Pradesh,Shahdol,382,55
Madhya Pradesh,Shajapur,56,7
Madhya Pradesh,Sheopur,38,6
Madhya Pradesh,Shivpuri,953,54
Madhya Pradesh,Sidhi,229,27
Madhya Pradesh,Singrauli,359,22
Madhya Pradesh,Tikamgarh,102,10
Madhya Pradesh,Ujjain,358,30
Madhya Pradesh,Umaria,134,37
Madhya Pradesh,Vidisha,24,7
Maharashtra,Ahmadnagar,1885,51
Maharashtra,Akola,1296,72
Maharashtra,Amravati,815,35
Maharashtra,Aurangabad,2780,86
Maharashtra,Beed,2918,87
Maharashtra,Bhandara,1621,97
Maharashtra,Buldhana,1869,191
Maharashtra,Chandrapur,2185,153
Maharashtra,Dhule,1340,37
Maharashtra,Gadchiroli,1161,25
Maharashtra,Gondiya,841,252
Maharashtra,Hingoli,2118,173
Maharashtra,Jalgaon,2547,121
Maharashtra,Jalna,1651,151
Maharashtra,Kolhapur,6476,126
Maharashtra,Latur,1501,221
Maharashtra,Mumbai,1888,57
Maharashtra,Nagpur,1568,135
Maharashtra,Nanded,3038,101
Maharashtra,Nandurbar,588,33
Maharashtra,Nashik,2064,126
Maharashtra,Osmanabad,2864,120
Maharashtra,Palghar,906,97
Maharashtra,Parbhani,2555,216
Maharashtra,Pune,1740,163
Maharashtra,Raigarh,1350,99
Maharashtra,Ratnagiri,945,47
Maharashtra,Sangli,994,60
Maharashtra,Satara,1466,65
Maharashtra,Sindhudurg,604,58
Maharashtra,Solapur,2225,120
Maharashtra,Thane,2013,59
Maharashtra,Wardha,661,19
Maharashtra,Washim,2343,100
Maharashtra,Yavatmal,3061,64
Manipur,Bishnupur,3,1
Manipur,Chandel,0,1
Manipur,Churachandpur,1,1
Manipur,Imphal East,1,0
Manipur,Imphal West,6,0
Manipur,Senapati,3,0
Manipur,Tamenglong,0,1
Manipur,Thoubal,10,3
Meghalaya,East Garo Hills,1,0
Meghalaya,East Khasi Hills,8,0
Meghalaya,West Garo Hills,26,2
Mizoram,Aizawl,3,5
Mizoram,Champhai,0,1
Nagaland,Dimapur,32,0
Nagaland,Kohima,1,0
Nagaland,Mokokchung,1,0
Nagaland,Wokha,0,1
Odisha,Angul,21,10
Odisha,Balangir,186,3
Odisha,Baleswar,91,3
Odisha,Bargarh,13092,116
Odisha,Bhadrak,31,0
Odisha,Boudh,3,32
Odisha,Cuttack,252,2
Odisha,Debagarh,1,0
Odisha,Dhenkanal,77,1
Odisha,Gajapati,43,0
Odisha,Ganjam,1007,19
Odisha,Jagatsinghapur,554,2
Odisha,Jajapur,643,22
Odisha,Jharsuguda,1301,0
Odisha,Kalahandi,720,10
Odisha,Kandhamal,3,0
Odisha,Kendrapara,30,41
Odisha,Kendujhar,582,15
Odisha,Khorda,1277,20
Odisha,Koraput,54,0
Odisha,Malkangiri,6,2
Odisha,Mayurbhanj,672,258
Odisha,Nabarangapur,334,4
Odisha,Nayagarh,716,2
Odisha,Nuapada,2,0
Odisha,Puri,20,0
Odisha,Rayagada,10,0
Odisha,Sambalpur,1425,31
Odisha,Sonapur,5,0
Odisha,Sundergarh,789,7
Others,Others,0,447
Puducherry,Karaikal,9,2
Puducherry,Puducherry,126,8
Punjab,Amritsar,276,28
Punjab,Barnala,39,16
Punjab,Bathinda,430,65
Punjab,Faridkot,124,28
Punjab,Fatehgarh Sahib,23,24
Punjab,Fazilka,598,27
Punjab,Ferozepur,493,32
Punjab,Gurdaspur,126,16
Punjab,Hoshiarpur,478,40
Punjab,Jalandhar,1117,146
Punjab,Kapurthala,54,16
Punjab,Ludhiana,243,39
Punjab,Mansa,54,21
Punjab,Moga,381,21
Punjab,Pathankot,39,16
Punjab,Patiala,112,24
Punjab,Rupnagar,41,0
Punjab,SAS Nagar (Mohali),266,13
Punjab,Sangrur,293,43
Punjab,Shaheed Bhagat Singh Nagar,80,21
Punjab,Sri Muktsar Sahib,521,42
Punjab,Tarn Taran,570,50
Rajasthan,Ajmer,511,45
Rajasthan,Alwar,1614,127
Rajasthan,Banswara,1367,37
Rajasthan,Baran,1209,17
Rajasthan,Barmer,464,262
Rajasthan,Bharatpur,458,165
Rajasthan,Bhilwara,1615,42
Rajasthan,Bikaner,879,58
Rajasthan,Bundi,308,26
Rajasthan,Chittorgarh,319,66
Rajasthan,Churu,160,62
Rajasthan,Dausa,892,31
Rajasthan,Dholpur,411,100
Rajasthan,Dungarpur,2268,47
Rajasthan,Ganganagar,601,39
Rajasthan,Hanumangarh,988,39
Rajasthan,Jaipur,716,129
Rajasthan,Jaisalmer,550,21
Rajasthan,Jalor,701,54
Rajasthan,Jhalawar,822,93
Rajasthan,Jhunjhunun,1386,75
Rajasthan,Jodhpur,972,153
Rajasthan,Karauli,1830,66
Rajasthan,Kota,1313,77
Rajasthan,Nagaur,1348,119
Rajasthan,Pali,689,60
Rajasthan,Pratapgarh,424,37
Rajasthan,Rajsamand,48,17
Rajasthan,Sawai Madhopur,290,101
Rajasthan,Sikar,460,93
Rajasthan,Sirohi,192,21
Rajasthan,Tonk,528,50
Rajasthan,Udaipur,1051,46
Sikkim,West Sikkim,22,0
Tamil Nadu,Ariyalur,3,0
Tamil Nadu,Chennai,2697,71
Tamil Nadu,Coimbatore,9,2
Tamil Nadu,Cuddalore,1150,7
Tamil Nadu,Dharmapuri,12,0
Tamil Nadu,Dindigul,60,8
Tamil Nadu,Erode,2,0
Tamil Nadu,Kancheepuram,118,10
Tamil Nadu,Kanniyakumari,259,1
Tamil Nadu,Karur,15,0
Tamil Nadu,Krishnagiri,183,1
Tamil Nadu,Madurai,335,1
Tamil Nadu,Nagapattinam,27,0
Tamil Nadu,Namakkal,647,1
Tamil Nadu,Perambalur,1,1
Tamil Nadu,Pudukkottai,155,0
Tamil Nadu,Ramanathapuram,109,3
Tamil Nadu,Salem,3060,22
Tamil Nadu,Sivaganga,840,0
Tamil Nadu,Thanjavur,1262,1
Tamil Nadu,The Nilgiris,2,9
Tamil Nadu,Theni,1080,12
Tamil Nadu,Thiruvarur,1818,0
Tamil Nadu,Thoothukkudi,44,0
Tamil Nadu,Tiruchirappalli,1778,4
Tamil Nadu,Tirunelveli,1402,5
Tamil Nadu,Tiruppur,45,1
Tamil Nadu,Tiruvallur,348,58
Tamil Nadu,Tiruvannamalai,175,146
Tamil Nadu,Vellore,130,7
Tamil Nadu,Villupuram,26,8
Tamil Nadu,Virudhunagar,9,1
Telangana,Adilabad,821,28
Telangana,Hyderabad,879,287
Telangana,K.v. Rangareddy,1269,336
Telangana,Karimnagar,618,50
Telangana,Khammam,948,32
Telangana,Mahabubnagar,1397,111
Telangana,Medak,482,41
Telangana,Nalgonda,1367,39
Telangana,Nizamabad,206,41
Telangana,Warangal,390,35
Tripura,Dhalai,6,4
Tripura,Gomati,68,1
Tripura,Khowai,24,0
Tripura,North Tripura,95,3
Tripura,Sepahijala,68,1
Tripura,South Tripura,73,7
Tripura,Unakoti,90,2
Tripura,West Tripura,42,5
Uttar Pradesh,Agra,7516,335
Uttar Pradesh,Aligarh,6232,393
Uttar Pradesh,Allahabad,10591,776
Uttar Pradesh,Ambedkar Nagar,9728,270
Uttar Pradesh,Amethi,5540,117
Uttar Pradesh,Amroha,2097,86
Uttar Pradesh,Auraiya,3348,222
Uttar Pradesh,Azamgarh,20244,294
Uttar Pradesh,Baghpat,1651,157
Uttar Pradesh,Bahraich,5650,242
Uttar Pradesh,Ballia,5088,233
Uttar Pradesh,Balrampur,372,19
Uttar Pradesh,Banda,4912,33
Uttar Pradesh,Bara Banki,9963,234
Uttar Pradesh,Bareilly,12067,2209
Uttar Pradesh,Basti,4253,46
Uttar Pradesh,Bijnor,3872,298
Uttar Pradesh,Budaun,6992,412
Uttar Pradesh,Bulandshahr,6050,278
Uttar Pradesh,Chandauli,3473,78
Uttar Pradesh,Chitrakoot,214,6
Uttar Pradesh,Deoria,12783,401
Uttar Pradesh,Etah,5527,199
Uttar Pradesh,Etawah,4242,276
Uttar Pradesh,Faizabad,5435,261
Uttar Pradesh,Farrukhabad,3599,118
Uttar Pradesh,Fatehpur,4528,101
Uttar Pradesh,Firozabad,4112,241
Uttar Pradesh,Gautam Buddha Nagar,4126,88
Uttar Pradesh,Ghaziabad,3764,460
Uttar Pradesh,Ghazipur,10627,387
Uttar Pradesh,Gonda,5380,432
Uttar Pradesh,Gorakhpur,8132,483
Uttar Pradesh,Hamirpur,1743,59
Uttar Pradesh,Hapur,0,16
Uttar Pradesh,Hardoi,10038,233
Uttar Pradesh,Hathras,3724,338
Uttar Pradesh,Jalaun,4118,52
Uttar Pradesh,Jaunpur,15580,968
Uttar Pradesh,Jhansi,3786,316
Uttar Pradesh,Kannauj,1232,89
Uttar Pradesh,Kanpur Dehat,3668,157
Uttar Pradesh,Kanpur Nagar,5321,666
Uttar Pradesh,Kasganj,3433,88
Uttar Pradesh,Kaushambi,3074,238
Uttar Pradesh,Kheri,8964,418
Uttar Pradesh,Kushinagar,17768,598
Uttar Pradesh,Lalitpur,1922,88
Uttar Pradesh,Lucknow,5277,453
Uttar Pradesh,Maharajganj,7854,101
Uttar Pradesh,Mahoba,47,25
Uttar Pradesh,Mainpuri,2907,245
Uttar Pradesh,Mathura,1803,110
Uttar Pradesh,Mau,4883,369
Uttar Pradesh,Meerut,9318,430
Uttar Pradesh,Mirzapur,8210,178
Uttar Pradesh,Moradabad,5094,445
Uttar Pradesh,Muzaffarnagar,3092,209
Uttar Pradesh,Pilibhit,6311,765
Uttar Pradesh,Pratapgarh,7114,292
Uttar Pradesh,Rae Bareli,3201,209
Uttar Pradesh,Rampur,4822,621
Uttar Pradesh,Saharanpur,9800,704
Uttar Pradesh,Sambhal,4606,148
Uttar Pradesh,Sant Kabir Nagar,2897,82
Uttar Pradesh,Sant Ravidas Nagar,4968,285
Uttar Pradesh,Shahjahanpur,9892,487
Uttar Pradesh,Shamli,2348,85
Uttar Pradesh,Shrawasti,1897,12
Uttar Pradesh,Siddharthnagar,8082,46
Uttar Pradesh,Sitapur,9441,427
Uttar Pradesh,Sonbhadra,3979,166
Uttar Pradesh,Sultanpur,4898,194
Uttar Pradesh,Unnao,6206,344
Uttar Pradesh,Varanasi,6194,1167
Uttarakhand,Almora,82,2
Uttarakhand,Bageshwar,37,1
Uttarakhand,Chamoli,26,4
Uttarakhand,Champawat,31,0
Uttarakhand,Dehradun,2454,136
Uttarakhand,Haridwar,3349,183
Uttarakhand,Nainital,693,11
Uttarakhand,Pauri Garhwal,1759,79
Uttarakhand,Pithoragarh,210,10
Uttarakhand,Rudraprayag,30,2
Uttarakhand,Tehri Garhwal,512,11
Uttarakhand,Udham Singh Nagar,2336,92
Uttarakhand,Uttarkashi,1589,18
West Bengal,Bankura,149,65
West Bengal,Barddhaman,1517,109
West Bengal,Birbhum,784,273
West Bengal,Cooch Behar,34,1
West Bengal,Dakshin Dinajpur,32,1
West Bengal,Darjeeling,247,158
West Bengal,Hooghly,990,1
West Bengal,Howrah,45,1
West Bengal,Jalpaiguri,576,18
West Bengal,Kolkata,76,2
West Bengal,Malda,332,6
West Bengal,Murshidabad,9132,5
West Bengal,Nadia,46,19
West Bengal,North 24 Parganas,2823,56
West Bengal,Paschim Medinipur,72,120
West Bengal,Purba Medinipur,2363,76
West Bengal,Puruliya,1376,92
West Bengal,South 24 Parganas,2498,152
West Bengal,Uttar Dinajpur,164,22
