Gender,Age Band,Aadhaar generated,Enrolment Rejected
F,0 to 5 Years,5156,0
F,16 to 30 Years,130932,0
F,31 to 45 Years,110691,0
F,46 to 65 Years,78841,0
F,6 to 15 Years,75105,0
F,66 Years and Above,17373,0
M,0 to 5 Years,6146,0
M,16 to 30 Years,150809,0
M,31 to 45 Years,111132,0
M,46 to 65 Years,82489,0
M,6 to 15 Years,88221,0
M,66 Years and Above,19811,0
M,Others,1,0
T,0 to 5 Years,2,0
T,16 to 30 Years,31,0
T,31 to 45 Years,33,0
T,46 to 65 Years,29,0
T,6 to 15 Years,11,0
T,66 Years and Above,4,0
