Gender,Age Band,Aadhaar generated,Enrolment Rejected
F,0 to 5 Years,9293,0
F,16 to 30 Years,151709,0
F,31 to 45 Years,130130,0
F,46 to 65 Years,90978,0
F,6 to 15 Years,86946,0
F,66 Years and Above,18657,0
M,0 to 5 Years,9324,0
M,16 to 30 Years,178089,0
M,31 to 45 Years,132675,0
M,46 to 65 Years,96070,0
M,6 to 15 Years,101022,0
M,66 Years and Above,21679,0
M,Others,0,1
T,0 to 5 Years,2,0
T,16 to 30 Years,23,0
T,31 to 45 Years,18,0
T,46 to 65 Years,13,0
T,6 to 15 Years,11,0
T,66 Years and Above,3,0
