Gender,Age Band,Aadhaar generated,Enrolment Rejected
F,0 to 5 Years,18422,556
F,16 to 30 Years,106535,3410
F,31 to 45 Years,89689,2281
F,46 to 65 Years,64906,1436
F,6 to 15 Years,65593,2248
F,66 Years and Above,16551,306
F,Others,2,0
M,0 to 5 Years,21060,636
M,16 to 30 Years,120369,3710
M,31 to 45 Years,90523,2425
M,46 to 65 Years,69319,1632
M,6 to 15 Years,76282,2756
M,66 Years and Above,18780,390
T,0 to 5 Years,4,1
T,16 to 30 Years,45,1
T,31 to 45 Years,39,0
T,46 to 65 Years,13,2
T,6 to 15 Years,22,0
T,66 Years and Above,8,1
