Gender,Age Band,Aadhaar generated,Enrolment Rejected
F,0 to 5 Years,29077,133
F,16 to 30 Years,38790,1005
F,31 to 45 Years,30187,687
F,46 to 65 Years,20459,407
F,6 to 15 Years,22332,1032
F,66 Years and Above,4385,90
M,0 to 5 Years,32461,222
M,16 to 30 Years,42782,1026
M,31 to 45 Years,30513,788
M,46 to 65 Years,21840,521
M,6 to 15 Years,25760,1487
M,66 Years and Above,4947,96
T,0 to 5 Years,2,0
T,16 to 30 Years,9,0
T,31 to 45 Years,3,0
T,46 to 65 Years,5,0
T,6 to 15 Years,6,1
T,66 Years and Above,2,0
