Gender,Age Band,Aadhaar generated,Enrolment Rejected
F,0 to 5 Years,25067,9575
F,16 to 30 Years,263403,58841
F,31 to 45 Years,209593,44481
F,46 to 65 Years,147036,34314
F,6 to 15 Years,170303,52937
F,66 Years and Above,31352,10991
F,Others,0,6
M,0 to 5 Years,22199,8048
M,16 to 30 Years,232519,53439
M,31 to 45 Years,180122,41020
M,46 to 65 Years,132168,31254
M,6 to 15 Years,151612,53545
M,66 Years and Above,29931,10674
M,Others,0,15
T,0 to 5 Years,1,0
T,16 to 30 Years,14,3
T,31 to 45 Years,9,6
T,46 to 65 Years,8,3
T,6 to 15 Years,2,2
T,66 Years and Above,0,1
