Gender,Age Band,Aadhaar generated,Enrolment Rejected
F,0 to 5 Years,13407,21995
F,16 to 30 Years,139098,54745
F,31 to 45 Years,113590,57415
F,46 to 65 Years,81447,92482
F,6 to 15 Years,89311,52617
F,66 Years and Above,17628,55553
M,0 to 5 Years,14926,22696
M,16 to 30 Years,146197,55085
M,31 to 45 Years,114460,51669
M,46 to 65 Years,85594,73860
M,6 to 15 Years,96672,54596
M,66 Years and Above,19057,47391
M,Others,0,1
T,0 to 5 Years,0,7
T,16 to 30 Years,7,139
T,31 to 45 Years,7,102
T,46 to 65 Years,6,95
T,6 to 15 Years,2,81
T,66 Years and Above,0,23
