Registrar,Enrolment Agency,State,District,Sub District,Pin Code,Gender,Age,Aadhaar generated,Enrolment Rejected,Residents providing email,Residents providing mobile number
Bank Of India,Blue Circle Instrument,Madhya Pradesh,Sehore,Ashta,466001,F,18,0,1,0,1
Bank Of India,Blue Circle Instrument,Maharashtra,Nanded,Biloli,431743,F,62,0,1,0,1
Bank Of India,Blue Circle Instrument,Maharashtra,Nanded,Mahoor,431721,M,2,0,1,0,0
Bank Of India,DATASOFT COMPUTER SERVICES(P),Madhya Pradesh,Sagar,Sagar,470125,M,30,0,1,0,0
Bank Of India,Frontech Systems Pvt Ltd,Bihar,Muzaffarpur,Musahri,842002,M,61,0,1,0,1
Bank Of India,OSWAL COMPUTERS & CONSULTANTS,Madhya Pradesh,Barwani,Rajpur,451447,F,15,0,1,0,1
Bank Of India,OSWAL COMPUTERS & CONSULTANTS,Madhya Pradesh,Barwani,Rajpur,451447,M,4,0,1,0,0
Bank Of India,OSWAL COMPUTERS & CONSULTANTS,Madhya Pradesh,Barwani,Rajpur,451447,M,18,0,1,0,0
Bank Of India,OSWAL COMPUTERS & CONSULTANTS,Madhya Pradesh,Barwani,Thikri,451660,M,22,0,1,0,0
Bank Of India,OSWAL COMPUTERS & CONSULTANTS,Madhya Pradesh,Barwani,Thikri,451660,M,49,0,1,0,1
Bank Of India,SREI INFRASTRUCTURE FINANCES L,Maharashtra,Solapur,Karmala,413203,M,3,0,1,0,0
Bank Of India,SREI INFRASTRUCTURE FINANCES L,Uttar Pradesh,Bareilly,Nawabganj,243001,M,46,0,1,0,1
Bank Of India,SREI INFRASTRUCTURE FINANCES L,Uttar Pradesh,Kheri,Lakhimpur,262701,M,31,0,1,0,1
Bank Of India,SREI INFRASTRUCTURE FINANCES L,Uttarakhand,Pithoragarh,Didihat,262542,M,38,0,1,0,1
Bank Of India,Vakrangee Softwares Limited,Madhya Pradesh,Satna,Nagod,485001,F,12,0,1,0,0
Bank Of India,Vakrangee Softwares Limited,Madhya Pradesh,Satna,Nagod,485001,F,17,0,1,0,0
Bank Of India,Vakrangee Softwares Limited,Madhya Pradesh,Satna,Nagod,485001,F,25,0,1,0,0
Bank Of India,Vakrangee Softwares Limited,Madhya Pradesh,Satna,Nagod,485001,F,36,0,1,0,0
Bank Of India,Vakrangee Softwares Limited,Madhya Pradesh,Satna,Nagod,485001,M,21,0,1,0,0
Bank Of India,Vakrangee Softwares Limited,Madhya Pradesh,Satna,Nagod,485001,M,25,0,1,0,0
Bank Of India,Vakrangee Softwares Limited,Madhya Pradesh,Satna,Nagod,485001,M,27,0,1,0,0
Bank Of India,Vakrangee Softwares Limited,Madhya Pradesh,Satna,Nagod,485001,M,30,0,2,0,0
Bank Of India,Vakrangee Softwares Limited,Madhya Pradesh,Satna,Nagod,485001,M,40,0,1,0,0
Bank Of India,Vakrangee Softwares Limited,Madhya Pradesh,Satna,Nagod,485001,M,50,0,1,0,0
Bank Of India,Vakrangee Softwares Limited,Madhya Pradesh,Satna,Nagod,485001,M,52,0,1,0,1
Bank Of India,Vakrangee Softwares Limited,Madhya Pradesh,Satna,Nagod,485001,M,54,0,1,0,0
Bank of Maharashtra,FINANCIAL INFORMATION NETWORK,Maharashtra,Bhandara,Tumsar,441915,F,45,0,1,0,0
Bank of Maharashtra,FINANCIAL INFORMATION NETWORK,Maharashtra,Bhandara,Tumsar,441915,M,20,0,1,0,1
Bank of Maharashtra,FINANCIAL INFORMATION NETWORK,Maharashtra,Yavatmal,Ghatanji,445301,M,4,0,1,0,0
Bank of Maharashtra,FINANCIAL INFORMATION NETWORK,Maharashtra,Yavatmal,Kelapur,445305,F,40,0,1,0,0
Bank of Maharashtra,Tera Software Ltd,Karnataka,Bangalore Rural,Hosakote,562114,M,15,0,1,0,1
CSC e-Governance Services India Limited,A I Soc for Electronics and Comp Tech,Punjab,Gurdaspur,Batala,143602,M,29,0,1,0,1
CSC e-Governance Services India Limited,A I Soc for Electronics and Comp Tech,Punjab,Gurdaspur,Gurdaspur,143531,F,14,0,1,0,0
CSC e-Governance Services India Limited,A I Soc for Electronics and Comp Tech,Punjab,Tarn Taran,Patti,143416,F,19,0,1,0,0
CSC e-Governance Services India Limited,AKSH OPTIFIBRE LIMITED,Rajasthan,Jaipur,Dudu (HQ Mauzamabad),303604,M,27,0,1,0,1
CSC e-Governance Services India Limited,AKSH OPTIFIBRE LIMITED,Uttar Pradesh,Meerut,Mawana,250001,M,19,0,1,0,1
CSC e-Governance Services India Limited,BASIX,Maharashtra,Ahmednagar,Akola,422604,M,6,0,1,0,0
CSC e-Governance Services India Limited,BASIX,Maharashtra,Jalgaon,Jalgaon,425001,F,35,0,1,0,0
CSC e-Governance Services India Limited,BASIX,Punjab,Jalandhar,Phillaur,144036,F,12,0,1,0,0
CSC e-Governance Services India Limited,BASIX,Punjab,Kapurthala,Phagwara,144632,F,6,0,1,0,0
CSC e-Governance Services India Limited,BASIX,Punjab,Ludhiana,Raikot,141104,M,13,0,1,1,0
CSC e-Governance Services India Limited,BASIX,Punjab,Ludhiana,Samrala,141104,F,4,0,1,0,0
CSC e-Governance Services India Limited,BASIX,Punjab,Patiala,Nabha,147201,F,5,0,1,0,0
CSC e-Governance Services India Limited,BASIX,Punjab,Patiala,Nabha,147201,F,50,0,1,0,1
CSC e-Governance Services India Limited,BASIX,Punjab,Patiala,Samana,147101,M,22,0,1,0,1
CSC e-Governance Services India Limited,BASIX,Punjab,Patiala,Samana,147101,M,55,0,1,0,1
CSC e-Governance Services India Limited,BASIX,Punjab,Patiala,Samana,147105,F,10,0,1,0,1
CSC e-Governance Services India Limited,BASIX,Punjab,Rupnagar,Rupnagar,140101,F,30,0,1,0,0
CSC e-Governance Services India Limited,BASIX,Punjab,Rupnagar,Rupnagar,140102,M,1,0,1,0,0
CSC e-Governance Services India Limited,CSC e-Governance Services India Limited,Jharkhand,Dumka,Jarmundi,814118,F,4,0,1,0,0
CSC e-Governance Services India Limited,CSC e-Governance Services India Limited,Jharkhand,Godda,Meherma,814160,M,4,0,1,0,0
CSC e-Governance Services India Limited,CSC e-Governance Services India Limited,Jharkhand,Godda,Meherma,814160,M,7,0,1,0,0
CSC e-Governance Services India Limited,CSC e-Governance Services India Limited,Jharkhand,Jamtara,Nala,815352,M,5,0,1,0,1
CSC e-Governance Services India Limited,CSC e-Governance Services India Limited,Jharkhand,Pakur,Pakuria,816103,M,63,0,1,0,0
CSC e-Governance Services India Limited,Mahaonline Limited,Maharashtra,Bhandara,Bhandara,441903,F,73,0,1,0,0
CSC e-Governance Services India Limited,SPANCO,Maharashtra,Mumbai,Mumbai,400022,M,42,0,1,0,1
CSC e-Governance Services India Limited,SPANCO,Maharashtra,Ratnagiri,Guhagar,415724,F,18,0,2,0,0
CSC e-Governance Services India Limited,SPANCO,Maharashtra,Ratnagiri,Guhagar,415724,F,20,0,1,0,0
CSC e-Governance Services India Limited,SPANCO,Maharashtra,Ratnagiri,Khed,415709,F,18,0,1,0,1
CSC e-Governance Services India Limited,SPANCO,Maharashtra,Satara,Karad,415105,M,63,0,1,0,1
CSC e-Governance Services India Limited,SPANCO,Maharashtra,Solapur,Pandharpur,413304,M,57,0,1,0,0
CSC e-Governance Services India Limited,SPANCO,Punjab,Firozpur,Ferozepur,142042,F,23,0,1,0,1
CSC e-Governance Services India Limited,United Telecoms e-Services Pvt Ltd,Jharkhand,Dhanbad,Topchanchi,828401,M,5,0,1,0,1
CSC e-Governance Services India Limited,United Telecoms e-Services Pvt Ltd,Jharkhand,Ranchi,Lapung,835234,F,53,0,1,0,0
CSC e-Governance Services India Limited,United Telecoms e-Services Pvt Ltd,Jharkhand,Ranchi,Ranchi,834001,M,64,0,1,0,1
CSC e-Governance Services India Limited,United Telecoms e-Services Pvt Ltd,Jharkhand,Simdega,Bano,835201,F,20,0,1,0,0
CSC e-Governance Services India Limited,United Telecoms e-Services Pvt Ltd,Jharkhand,Simdega,Bano,835201,F,29,0,1,0,0
CSC e-Governance Services India Limited,United Telecoms e-Services Pvt Ltd,Jharkhand,West Singhbhum,Manoharpur,833104,F,12,0,1,0,0
CSC e-Governance Services India Limited,United Telecoms e-Services Pvt Ltd,Jharkhand,West Singhbhum,Manoharpur,833104,M,18,0,1,0,0
CSC e-Governance Services India Limited,United Telecoms e-Services Pvt Ltd,Jharkhand,West Singhbhum,Manoharpur,833104,M,45,0,1,0,0
CSC e-Governance Services India Limited,United Telecoms e-Services Pvt Ltd,Jharkhand,West Singhbhum,Sonua,833105,M,26,0,1,0,0
CSC e-Governance Services India Limited,Vayam technologies Ltd,Uttarakhand,Udham Singh Nagar,Kashipur,244713,M,37,0,1,0,1
CSC e-Governance Services India Limited,Zephyr System Pvt.Ltd.,Gujarat,Banaskantha,Deesa,385535,M,55,0,1,0,1
CSC e-Governance Services India Limited,Zephyr System Pvt.Ltd.,Gujarat,Jamnagar,Dhrol,361001,M,17,0,1,0,1
Canara Bank,Osiris Infotech Pvt. Ltd.,Madhya Pradesh,Morena,Morena,476444,F,4,0,1,0,0
Canara Bank,Osiris Infotech Pvt. Ltd.,Rajasthan,Jodhpur,Jodhpur,342001,F,50,0,1,0,1
Central Bank of India,IAP COMPANY Pvt. Ltd,Punjab,Hoshiarpur,Hoshiarpur,146001,M,61,0,1,0,1
DENA BANK,AVVAS INFOTECH PVT  LTD,Uttar Pradesh,Fatehpur,Fatehpur,212601,F,33,0,1,0,1
DENA BANK,AVVAS INFOTECH PVT  LTD,Uttar Pradesh,Pratapgarh,Kunda,230001,M,47,0,1,0,0
DENA BANK,BNR UDYOG LIMITED,Gujarat,Kachchh,Mundra,370405,M,12,0,1,0,0
DENA BANK,Bloom Solutions Pvt Ltd,Chhattisgarh,Durg,Durg,491001,M,4,0,1,0,0
DENA BANK,Bloom Solutions Pvt Ltd,Chhattisgarh,Durg,Durg,491001,M,23,0,1,0,1
DENA BANK,CALANCE SOFTWARE PRIVATE LTD,Uttar Pradesh,Ghaziabad,Ghaziabad,201009,F,4,0,1,0,1
DENA BANK,CALANCE SOFTWARE PRIVATE LTD,Uttar Pradesh,Ghaziabad,Ghaziabad,201009,M,20,0,1,0,0
DENA BANK,DEVASHISH SECURITIES PVT. LTD.,Gujarat,Surat,Bardoli,394601,F,54,0,1,0,1
DENA BANK,DEVASHISH SECURITIES PVT. LTD.,Gujarat,Surat,Bardoli,394601,F,77,0,1,0,1
DENA BANK,DEVASHISH SECURITIES PVT. LTD.,Gujarat,Surat,Bardoli,394601,M,5,0,1,0,1
DENA BANK,DEVASHISH SECURITIES PVT. LTD.,Gujarat,Surat,Bardoli,394601,M,12,0,1,0,1
DENA BANK,DEVASHISH SECURITIES PVT. LTD.,Gujarat,Surat,Bardoli,394601,M,26,0,1,0,1
DENA BANK,DEVASHISH SECURITIES PVT. LTD.,Gujarat,Surat,Bardoli,394601,M,67,0,1,0,1
DENA BANK,Gem Computers,Uttar Pradesh,Moradabad,Thakurdwara,244102,M,15,0,1,0,1
DENA BANK,Gujarat Infotech Ltd.,Gujarat,Bhavnagar,Gadhada,364750,M,26,0,1,0,1
DENA BANK,Gujarat Infotech Ltd.,Gujarat,Bhavnagar,Gadhada,364750,M,32,0,1,0,1
DENA BANK,IAP COMPANY Pvt. Ltd,Bihar,Purnia,Purnea,854301,F,4,0,1,0,0
DENA BANK,IAP COMPANY Pvt. Ltd,Bihar,Purnia,Purnea,854301,M,3,0,1,0,1
DENA BANK,IAP COMPANY Pvt. Ltd,Uttar Pradesh,Agra,Kiraoli,282007,M,30,0,1,0,1
DENA BANK,IAP COMPANY Pvt. Ltd,Uttar Pradesh,Aligarh,Iglas,202002,M,4,0,1,0,0
DENA BANK,IAP COMPANY Pvt. Ltd,Uttar Pradesh,Ghazipur,Jakhanian,233001,M,19,0,1,0,1
DENA BANK,IAP COMPANY Pvt. Ltd,Uttar Pradesh,Gorakhpur,Bansgaon,273016,M,50,0,1,0,1
DENA BANK,IAP COMPANY Pvt. Ltd,Uttar Pradesh,Jhansi,Mauranipur,284001,F,13,0,1,0,1
DENA BANK,IAP COMPANY Pvt. Ltd,Uttar Pradesh,Sant Ravidas Nagar,Gyanpur,221304,M,23,0,1,0,1
DENA BANK,JNET Technologies Pvt.Ltd,Gujarat,Ahmedabad,Sanand,382170,M,47,0,1,0,0
DENA BANK,K W Consulting P Ltd,Madhya Pradesh,Barwani,Sendhwa,451666,F,3,0,1,0,0
DENA BANK,M/s Gold Square Builders & Promoters Pvt. Ltd.,Haryana,Kurukshetra,Thanesar,136135,M,35,0,1,0,1
DENA BANK,M/s Gold Square Builders & Promoters Pvt. Ltd.,Uttar Pradesh,Kanpur Nagar,Bilhaur,208010,M,61,0,1,0,0
DENA BANK,M/s Gold Square Builders & Promoters Pvt. Ltd.,Uttar Pradesh,Kanpur Nagar,Kanpur,208007,F,56,0,1,0,1
DENA BANK,M/s Gold Square Builders & Promoters Pvt. Ltd.,Uttar Pradesh,Kanpur Nagar,Kanpur,208007,M,48,0,1,0,1
DENA BANK,M/s Gold Square Builders & Promoters Pvt. Ltd.,Uttar Pradesh,Kanpur Nagar,Kanpur,208021,F,55,0,1,0,0
DENA BANK,MEGHA VINCOM PVT LTD,Uttar Pradesh,Amroha,Amroha,244221,F,4,0,1,0,0
DENA BANK,MEGHA VINCOM PVT LTD,Uttar Pradesh,Amroha,Amroha,244221,F,5,0,1,0,1
DENA BANK,Make India Smart Private Limited,Uttar Pradesh,Gautam Buddha Nagar,Gautam Buddha Nagar,201301,F,4,0,1,0,1
DENA BANK,Radiant Haroti Industries India Ltd,Rajasthan,Hanumangarh,Bhadra,335504,F,63,0,1,0,1
DENA BANK,Radiant Haroti Industries India Ltd,Uttar Pradesh,Agra,Etmadpur,282006,F,35,0,1,0,1
DENA BANK,TechSmart India Pvt Ltd,Chhattisgarh,Raipur,Raipur,492001,F,3,0,1,0,1
DENA BANK,Tera Software Ltd,Uttarakhand,Udham Singh Nagar,Kichha,263153,M,17,0,1,0,1
DENA BANK,Transline Technologies P Ltd,Uttar Pradesh,Ghaziabad,Ghaziabad,201010,M,19,0,1,1,1
DENA BANK,VAP INFOSOLUTIONS,Uttar Pradesh,Lucknow,Lucknow,226020,F,20,0,1,0,1
DENA BANK,VISION COMPTECH INTEGRATOR LTD,Bihar,Banka,Barahat,813102,F,4,0,1,0,0
DENA BANK,VISION COMPTECH INTEGRATOR LTD,Bihar,Banka,Barahat,813102,F,39,0,1,0,0
DENA BANK,Vedavaag Systems Limited,Uttar Pradesh,Banda,Banda,210128,M,53,0,1,0,1
DENA BANK,Vedavaag Systems Limited,Uttar Pradesh,Gorakhpur,Sahjanwa,273013,M,20,0,1,0,0
DENA BANK,WEBEL,Chhattisgarh,Kondagaon,Kondagaon,494226,F,19,0,1,0,1
DENA BANK,WEBEL,Haryana,Jind,Jind,126125,M,23,0,1,0,1
DENA BANK,WEBEL,Haryana,Jind,Safidon,126112,M,18,0,1,0,1
DENA BANK,Zephyr System Pvt.Ltd.,Rajasthan,Banswara,Ghatol,327021,M,41,0,1,0,0
DENA BANK,Zephyr System Pvt.Ltd.,Rajasthan,Udaipur,Vallabhnagar,313601,F,21,0,1,0,1
DENA BANK,Zephyr System Pvt.Ltd.,Rajasthan,Udaipur,Vallabhnagar,313601,F,23,0,1,0,0
Dept of ITC Govt of Rajasthan,DATASOFT COMPUTER SERVICES(P),Rajasthan,Sikar,Sikar,332001,F,60,0,1,0,0
FCR Govt of Haryana,Radiant Info Systems Ltd,Haryana,Yamuna Nagar,Jagadhri,135101,F,14,0,1,0,0
FCR Govt of Haryana,SoftAge Information Technology Limited,Haryana,Gurgaon,Pataudi,122504,M,19,0,1,1,1
FCR Govt of Haryana,SoftAge Information Technology Limited,Haryana,Jhajjar,Bahadurgarh,124507,M,45,0,1,0,1
FCR Govt of Haryana,SoftAge Information Technology Limited,Haryana,Jhajjar,Jhajjar,124103,F,1,0,1,0,1
FCR Govt of Haryana,SoftAge Information Technology Limited,Haryana,Jhajjar,Jhajjar,124108,M,18,0,1,0,1
FCR Govt of Haryana,SoftAge Information Technology Limited,Haryana,Jind,Julana,126101,M,18,0,1,1,1
FCR Govt of Haryana,SoftAge Information Technology Limited,Haryana,Jind,Safidon,126112,F,40,0,1,0,1
FCR Govt of Haryana,SoftAge Information Technology Limited,Haryana,Jind,Safidon,126112,M,42,0,1,0,1
FCR Govt of Haryana,SoftAge Information Technology Limited,Haryana,Jind,Safidon,126113,F,34,0,1,0,1
FCR Govt of Haryana,SoftAge Information Technology Limited,Haryana,Kaithal,Kaithal,136026,M,45,0,1,0,1
FCR Govt of Haryana,SoftAge Information Technology Limited,Haryana,Kaithal,Kaithal,136027,F,3,0,1,0,1
FCR Govt of Haryana,SoftAge Information Technology Limited,Haryana,Kaithal,Kaithal,136027,F,32,0,1,0,1
FCS Govt of Punjab,District Sukhmani Society  Moga  Punjab,Punjab,Moga,Nihal Singh Wala,142037,M,15,0,1,0,1
FCS Govt of Punjab,District Sukhmani Society Fatehgarh Sahib Punjab,Punjab,Fatehgarh Sahib,Fatehgarh Sahib,140406,M,11,0,1,0,0
FCS Govt of Punjab,District Sukhmani Society Patiala Punjab,Punjab,Patiala,Patiala,147001,F,54,0,1,0,1
FCS Govt of Punjab,District Sukhmani Society Rupnagar Punjab,Punjab,Rupnagar,Nangal,140124,M,12,0,1,0,1
FCS Govt of Punjab,Karvy Computershare Private Li,Punjab,Moga,Moga,142001,M,3,0,1,0,0
Govt of Andhra Pradesh,Gouthami Educational Society,Andhra Pradesh,Warangal,Hanmakonda,506001,F,3,0,1,0,1
Govt of Gujarat,Karvy Computershare Private Li,Gujarat,Bhavnagar,Gariadhar,364001,M,3,0,1,0,1
Govt of Gujarat,Karvy Computershare Private Li,Gujarat,Bhavnagar,Gariadhar,364003,M,34,0,1,0,1
Govt of Gujarat,Karvy Computershare Private Li,Gujarat,Bhavnagar,Gariadhar,364004,M,5,0,1,0,0
Govt of Gujarat,Karvy Computershare Private Li,Gujarat,Bhavnagar,Gariadhar,364060,F,72,0,1,0,0
Govt of Gujarat,Karvy Computershare Private Li,Gujarat,Bhavnagar,Mahuva,364295,M,14,0,1,0,1
Govt of Gujarat,Karvy Computershare Private Li,Gujarat,Bhavnagar,Umrala,364230,M,18,0,1,0,1
Govt of Gujarat,Silver Touch Technologies Ltd,Gujarat,Junagadh,Una,362530,F,4,0,1,0,0
Govt of Gujarat,Silver Touch Technologies Ltd,Gujarat,Junagadh,Una,362560,F,6,0,1,0,0
Govt of Gujarat,Silver Touch Technologies Ltd,Gujarat,Rajkot,Paddhari,360110,F,5,0,1,0,0
Govt of Gujarat,Tera Software Ltd,Gujarat,Kachchh,Anjar,370110,M,18,0,1,0,1
Govt of Gujarat,Tera Software Ltd,Gujarat,Surendranagar,Sayla,363020,M,32,0,1,0,0
Govt of Gujarat,Tera Software Ltd,Gujarat,Surendranagar,Wadhwan,363001,F,47,0,1,0,1
Govt of Gujarat,Tera Software Ltd,Gujarat,Surendranagar,Wadhwan,363020,F,37,0,1,0,1
Govt of Gujarat,Tera Software Ltd,Gujarat,Surendranagar,Wadhwan,363030,F,60,0,1,0,0
Govt of Kerala,Akshaya,Kerala,Alappuzha,Cherthala,688531,F,6,0,1,0,1
Govt of Kerala,Akshaya,Kerala,Ernakulam,Aluva,683585,M,5,0,1,0,1
Govt of Kerala,Akshaya,Kerala,Ernakulam,Ernakulam,682025,M,22,0,1,0,1
Govt of Kerala,Akshaya,Kerala,Ernakulam,Kochi,682002,F,15,0,1,0,1
Govt of Kerala,Akshaya,Kerala,Ernakulam,Kochi,682507,M,4,0,1,0,1
Govt of Kerala,Akshaya,Kerala,Kottayam,Vaikom,686611,M,4,0,1,1,1
Govt of Kerala,Akshaya,Kerala,Thiruvananthapuram,Neyyattinkara,695126,F,4,0,1,0,0
Govt of Kerala,Keltron,Kerala,Thiruvananthapuram,Neyyattinkara,695501,F,51,0,1,0,1
Govt of Maharashtra,Global Finsol Private Limited,Maharashtra,Pune,Haveli,412308,M,26,0,1,0,1
Govt of Maharashtra,SPANCO,Maharashtra,Ratnagiri,Sangameshwar,415804,F,17,0,1,0,1
Govt of Maharashtra,Silver Touch Technologies Ltd,Maharashtra,Thane,Kalyan,421301,F,37,0,1,0,0
Govt of Maharashtra,Silver Touch Technologies Ltd,Maharashtra,Thane,Kalyan,421605,M,24,0,1,0,1
Information Technology & Communication Department,Directorate of ESD,Andhra Pradesh,Ananthapur,Bukkapatnam,515144,F,31,0,1,0,1
Information Technology & Communication Department,Directorate of ESD,Andhra Pradesh,Ananthapur,Kanaganapalle,515641,M,3,0,1,0,1
Information Technology & Communication Department,Directorate of ESD,Andhra Pradesh,Cuddapah,Vempalle,516329,F,45,0,1,0,1
Information Technology & Communication Department,Directorate of ESD,Andhra Pradesh,East Godavari,Yeleswaram,533429,M,45,0,1,0,1
Information Technology & Communication Department,Directorate of ESD,Andhra Pradesh,Hyderabad,Charminar,500023,F,0,0,1,0,1
Information Technology & Communication Department,Directorate of ESD,Andhra Pradesh,Hyderabad,Khairatabad,500034,F,50,0,1,0,1
Information Technology & Communication Department,Directorate of ESD,Andhra Pradesh,Hyderabad,Khairatabad,500034,M,26,0,2,0,2
Information Technology & Communication Department,Directorate of ESD,Andhra Pradesh,Hyderabad,Secunderabad,500017,M,1,0,1,0,1
Information Technology & Communication Department,Directorate of ESD,Andhra Pradesh,Hyderabad,Shaikpet,500033,F,5,0,1,0,1
Information Technology & Communication Department,Directorate of ESD,Andhra Pradesh,Karimnagar,Sircilla,505301,F,26,0,1,0,1
Information Technology & Communication Department,Directorate of ESD,Andhra Pradesh,Karimnagar,Yellareddipet,505305,F,36,0,1,0,1
Information Technology & Communication Department,Directorate of ESD,Andhra Pradesh,Kurnool,Adoni,518301,F,15,0,1,0,1
Information Technology & Communication Department,Directorate of ESD,Andhra Pradesh,Kurnool,Adoni,518301,F,38,0,1,0,1
Information Technology & Communication Department,Directorate of ESD,Andhra Pradesh,Kurnool,Adoni,518301,F,49,0,1,0,1
Information Technology & Communication Department,Directorate of ESD,Andhra Pradesh,Kurnool,Adoni,518301,M,39,0,1,0,1
Information Technology & Communication Department,Directorate of ESD,Andhra Pradesh,Kurnool,Adoni,518344,F,18,0,1,0,1
Information Technology & Communication Department,Directorate of ESD,Andhra Pradesh,Kurnool,C.belagal,518462,M,6,0,1,0,1
Information Technology & Communication Department,Directorate of ESD,Andhra Pradesh,Kurnool,Kosigi,518313,M,20,0,1,0,1
Information Technology & Communication Department,Directorate of ESD,Andhra Pradesh,Kurnool,Maddikera (east),518385,F,28,0,1,0,0
Information Technology & Communication Department,Directorate of ESD,Andhra Pradesh,Kurnool,Nandyal,518501,F,20,0,1,0,1
Information Technology & Communication Department,Directorate of ESD,Andhra Pradesh,Kurnool,Nandyal,518501,F,21,0,1,0,1
Information Technology & Communication Department,Directorate of ESD,Andhra Pradesh,Kurnool,Pattikonda,518380,M,3,0,1,0,1
Information Technology & Communication Department,Directorate of ESD,Andhra Pradesh,Kurnool,Pattikonda,518380,M,4,0,1,0,1
Information Technology & Communication Department,Directorate of ESD,Andhra Pradesh,Mahbubnagar,Doulathabad,509350,M,19,0,1,0,0
Information Technology & Communication Department,Directorate of ESD,Andhra Pradesh,Mahbubnagar,Kosgi,509339,F,4,0,1,0,0
Information Technology & Communication Department,Directorate of ESD,Andhra Pradesh,Mahbubnagar,Kosgi,509339,M,11,0,1,0,0
Information Technology & Communication Department,Directorate of ESD,Andhra Pradesh,Prakasam,Kandukur,523105,M,49,0,1,0,1
Information Technology & Communication Department,Directorate of ESD,Andhra Pradesh,Prakasam,Tripuranthakam,523326,F,40,0,1,0,0
Information Technology & Communication Department,Directorate of ESD,Andhra Pradesh,Ranga Reddy,Balanagar,500018,M,1,0,1,0,1
Information Technology & Communication Department,Directorate of ESD,Andhra Pradesh,Ranga Reddy,Basheerabad,501141,F,4,0,1,0,1
Information Technology & Communication Department,Directorate of ESD,Andhra Pradesh,Ranga Reddy,Basheerabad,501143,F,12,0,1,0,1
Information Technology & Communication Department,Directorate of ESD,Andhra Pradesh,Ranga Reddy,Basheerabad,501143,F,24,0,1,0,0
Information Technology & Communication Department,Directorate of ESD,Andhra Pradesh,Ranga Reddy,Basheerabad,501143,F,35,0,1,0,0
Information Technology & Communication Department,Directorate of ESD,Andhra Pradesh,Ranga Reddy,Basheerabad,501143,M,2,0,1,0,0
Information Technology & Communication Department,Directorate of ESD,Andhra Pradesh,Ranga Reddy,Doma,501502,F,34,0,1,0,1
Information Technology & Communication Department,Directorate of ESD,Andhra Pradesh,Ranga Reddy,Doma,509335,M,16,0,1,0,1
Information Technology & Communication Department,Directorate of ESD,Andhra Pradesh,Ranga Reddy,Peddemul,501142,M,5,0,1,0,0
Information Technology & Communication Department,Directorate of ESD,Andhra Pradesh,West Godavari,Akividu,534235,F,20,0,1,0,1
Information Technology & Communication Department,Directorate of ESD,Andhra Pradesh,West Godavari,Akividu,534235,F,65,0,1,0,0
Information Technology & Communication Department,Directorate of ESD,Andhra Pradesh,West Godavari,Akividu,534235,M,27,0,1,0,1
NSDL e-Governance Infrastructure Limited,Alankit Assignments Limited,Madhya Pradesh,Chhindwara,Parasia,480441,M,20,0,1,0,1
NSDL e-Governance Infrastructure Limited,Alankit Finsec Ltd,Gujarat,Surat,Surat City,395010,F,5,0,1,0,1
NSDL e-Governance Infrastructure Limited,Alankit Finsec Ltd,Uttar Pradesh,Ballia,Rasra,277503,F,4,0,1,0,0
NSDL e-Governance Infrastructure Limited,Gujarat Infotech Ltd.,Uttar Pradesh,Gorakhpur,Sahjanwa,273004,M,66,0,1,0,1
NSDL e-Governance Infrastructure Limited,Gujarat Infotech Ltd.,Uttar Pradesh,Mirzapur,Chunar,231302,M,4,0,1,0,0
NSDL e-Governance Infrastructure Limited,Karvy Data Management Services,Bihar,Patna,Bihta,800111,M,19,0,1,1,1
NSDL e-Governance Infrastructure Limited,Karvy Data Management Services,Uttar Pradesh,Agra,Bah,283104,M,24,0,1,0,0
NSDL e-Governance Infrastructure Limited,Promind Solutions P Limited,Bihar,Samastipur,Samastipur,848101,M,20,0,1,0,0
NSDL e-Governance Infrastructure Limited,Promind Solutions P Limited,Uttar Pradesh,Meerut,Mawana,250001,F,38,0,1,0,1
NSDL e-Governance Infrastructure Limited,Utility Forms Pvt Ltd,Bihar,Gaya,Gaya,823002,M,26,0,1,0,0
NSDL e-Governance Infrastructure Limited,Utility Forms Pvt Ltd,Bihar,Patna,Bakhtiarpur,803202,F,21,0,1,0,1
NSDL e-Governance Infrastructure Limited,Utility Forms Pvt Ltd,Bihar,Patna,Khusrupur,803202,F,3,0,1,0,1
NSDL e-Governance Infrastructure Limited,Utility Forms Pvt Ltd,Bihar,Patna,Khusrupur,803202,F,33,0,1,0,1
NSDL e-Governance Infrastructure Limited,Utility Forms Pvt Ltd,Bihar,Patna,Khusrupur,803202,F,40,0,1,0,0
NSDL e-Governance Infrastructure Limited,Utility Forms Pvt Ltd,Bihar,Patna,Khusrupur,803202,F,43,0,1,0,0
NSDL e-Governance Infrastructure Limited,Utility Forms Pvt Ltd,Bihar,Patna,Khusrupur,803202,F,62,0,1,0,1
NSDL e-Governance Infrastructure Limited,Utility Forms Pvt Ltd,Bihar,Patna,Khusrupur,803202,F,81,0,1,0,0
Oriental Bank of Commerce,DATASOFT COMPUTER SERVICES(P),Rajasthan,Tonk,Niwai,304025,M,60,0,1,0,0
Principal Revenue Commissioner  Dept of Revenue  Govt of MP,K W Consulting P Ltd,Madhya Pradesh,Mandsaur,Mandsaur,458558,M,17,0,1,0,0
Principal Revenue Commissioner  Dept of Revenue  Govt of MP,K W Consulting P Ltd,Madhya Pradesh,Mandsaur,Sitamau,458558,M,52,0,1,0,0
Principal Revenue Commissioner  Dept of Revenue  Govt of MP,K W Consulting P Ltd,Madhya Pradesh,Ujjain,Ghatiya,456003,M,19,0,1,0,1
Principal Revenue Commissioner  Dept of Revenue  Govt of MP,K W Consulting P Ltd,Madhya Pradesh,Vidisha,Vidisha,464001,F,2,0,1,0,1
Principal Revenue Commissioner  Dept of Revenue  Govt of MP,K W Consulting P Ltd,Madhya Pradesh,Vidisha,Vidisha,464001,M,1,0,1,0,1
Principal Revenue Commissioner  Dept of Revenue  Govt of MP,Vedavaag Systems Limited,Madhya Pradesh,Chhindwara,Jamai,480559,F,4,0,1,0,0
Principal Revenue Commissioner  Dept of Revenue  Govt of MP,Vedavaag Systems Limited,Madhya Pradesh,Singrauli,Deosar,486886,M,5,0,1,0,1
Punjab and Sind Bank,Matrix Processing House,Bihar,Rohtas,Sasaram,821115,M,4,0,3,0,0
Registrar General India BEL2,Madras Security Printers Ltd,Tamil Nadu,Chennai,Chennai,600002,F,21,0,1,0,1
Registrar General India BEL2,Madras Security Printers Ltd,Tamil Nadu,Chennai,Chennai,600017,F,49,0,1,0,1
Registrar General India BEL2,Madras Security Printers Ltd,Tamil Nadu,Chennai,Chennai,600017,F,60,0,1,0,1
Registrar General India BEL2,Madras Security Printers Ltd,Tamil Nadu,Chennai,Chennai,600017,M,63,0,1,0,1
Registrar General India BEL2,VIRGO SOFTECH LIMITED,Uttar Pradesh,Aligarh,Koil,202001,F,14,0,1,0,0
Registrar General India BEL2,VIRGO SOFTECH LIMITED,Uttar Pradesh,Aligarh,Koil,202001,F,36,0,1,0,1
Registrar General India BEL2,VIRGO SOFTECH LIMITED,Uttar Pradesh,Aligarh,Koil,202001,M,12,0,1,0,0
Registrar General India BEL2,VIRGO SOFTECH LIMITED,Uttar Pradesh,Aligarh,Koil,202001,M,18,0,2,0,1
Registrar General India BEL2,VIRGO SOFTECH LIMITED,Uttar Pradesh,Aligarh,Koil,202001,M,23,0,1,0,0
Registrar General India BEL2,Vedavaag Systems Limited,Chhattisgarh,Raipur,Bindrawangarh,492001,M,35,0,1,0,1
Registrar General India ECIL,Computer LAB,Odisha,Balangir,Titlagarh,767033,M,34,0,1,0,1
Registrar General India ECIL,Computer LAB,Odisha,Balangir,Titlagarh,767033,M,37,0,1,0,1
Registrar General India ECIL,Computer LAB,Odisha,Balangir,Titlagarh,767033,M,48,0,1,0,1
Registrar General India ECIL,Computer LAB,West Bengal,Kolkata,Kolkata,700014,F,11,0,1,0,0
Registrar General India ECIL,Computer LAB,West Bengal,Kolkata,Kolkata,700014,F,18,0,1,0,0
Registrar General India ECIL,Computer LAB,West Bengal,Kolkata,Kolkata,700014,F,42,0,1,0,0
Registrar General India ECIL,Computer LAB,West Bengal,Kolkata,Kolkata,700014,F,76,0,1,0,0
Registrar General India ECIL,Computer LAB,West Bengal,Kolkata,Kolkata,700014,M,15,0,1,0,0
Registrar General India ECIL,Computer LAB,West Bengal,Kolkata,Kolkata,700014,M,22,0,1,0,0
Registrar General India ECIL,Computer LAB,West Bengal,Kolkata,Kolkata,700014,M,53,0,1,0,0
Registrar General India ECIL,Computer LAB,West Bengal,South Twenty Four Parganas,Thakurpukur Mahestola,700063,F,11,0,1,0,0
Registrar General India ECIL,Computer LAB,West Bengal,South Twenty Four Parganas,Thakurpukur Mahestola,700063,F,14,0,1,0,1
Registrar General India ECIL,Computer LAB,West Bengal,South Twenty Four Parganas,Thakurpukur Mahestola,700063,F,19,0,1,0,0
Registrar General India ECIL,Computer LAB,West Bengal,South Twenty Four Parganas,Thakurpukur Mahestola,700063,F,20,0,1,0,0
Registrar General India ECIL,Computer LAB,West Bengal,South Twenty Four Parganas,Thakurpukur Mahestola,700063,F,23,0,1,0,0
Registrar General India ECIL,Computer LAB,West Bengal,South Twenty Four Parganas,Thakurpukur Mahestola,700063,F,25,0,1,0,0
Registrar General India ECIL,Computer LAB,West Bengal,South Twenty Four Parganas,Thakurpukur Mahestola,700063,F,26,0,1,0,1
Registrar General India ECIL,Computer LAB,West Bengal,South Twenty Four Parganas,Thakurpukur Mahestola,700063,F,28,0,1,0,0
Registrar General India ECIL,Computer LAB,West Bengal,South Twenty Four Parganas,Thakurpukur Mahestola,700063,F,30,0,2,0,0
Registrar General India ECIL,Computer LAB,West Bengal,South Twenty Four Parganas,Thakurpukur Mahestola,700063,F,32,0,3,0,2
Registrar General India ECIL,Computer LAB,West Bengal,South Twenty Four Parganas,Thakurpukur Mahestola,700063,F,33,0,1,0,1
Registrar General India ECIL,Computer LAB,West Bengal,South Twenty Four Parganas,Thakurpukur Mahestola,700063,F,39,0,1,0,0
Registrar General India ECIL,Computer LAB,West Bengal,South Twenty Four Parganas,Thakurpukur Mahestola,700063,F,40,0,1,0,0
Registrar General India ECIL,Computer LAB,West Bengal,South Twenty Four Parganas,Thakurpukur Mahestola,700063,F,55,0,1,0,1
Registrar General India ECIL,Computer LAB,West Bengal,South Twenty Four Parganas,Thakurpukur Mahestola,700063,F,58,0,1,0,1
Registrar General India ECIL,Computer LAB,West Bengal,South Twenty Four Parganas,Thakurpukur Mahestola,700063,F,61,0,1,0,0
Registrar General India ECIL,Computer LAB,West Bengal,South Twenty Four Parganas,Thakurpukur Mahestola,700063,F,63,0,1,0,0
Registrar General India ECIL,Computer LAB,West Bengal,South Twenty Four Parganas,Thakurpukur Mahestola,700063,M,11,0,1,0,0
Registrar General India ECIL,Computer LAB,West Bengal,South Twenty Four Parganas,Thakurpukur Mahestola,700063,M,13,0,1,0,1
Registrar General India ECIL,Computer LAB,West Bengal,South Twenty Four Parganas,Thakurpukur Mahestola,700063,M,35,0,1,0,0
Registrar General India ECIL,Computer LAB,West Bengal,South Twenty Four Parganas,Thakurpukur Mahestola,700063,M,36,0,1,0,0
Registrar General India ECIL,Computer LAB,West Bengal,South Twenty Four Parganas,Thakurpukur Mahestola,700063,M,37,0,1,0,0
Registrar General India ECIL,Computer LAB,West Bengal,South Twenty Four Parganas,Thakurpukur Mahestola,700063,M,39,0,3,0,0
Registrar General India ECIL,Computer LAB,West Bengal,South Twenty Four Parganas,Thakurpukur Mahestola,700063,M,40,0,2,0,2
Registrar General India ECIL,Computer LAB,West Bengal,South Twenty Four Parganas,Thakurpukur Mahestola,700063,M,42,0,1,0,1
Registrar General India ECIL,Computer LAB,West Bengal,South Twenty Four Parganas,Thakurpukur Mahestola,700063,M,47,0,1,0,0
Registrar General India ECIL,Computer LAB,West Bengal,South Twenty Four Parganas,Thakurpukur Mahestola,700063,M,49,0,1,0,0
Registrar General India ECIL,Computer LAB,West Bengal,South Twenty Four Parganas,Thakurpukur Mahestola,700063,M,51,0,1,0,1
Registrar General India ECIL,Computer LAB,West Bengal,South Twenty Four Parganas,Thakurpukur Mahestola,700063,M,52,0,1,0,0
Registrar General India ECIL,Computer LAB,West Bengal,South Twenty Four Parganas,Thakurpukur Mahestola,700063,M,53,0,1,0,1
Registrar General India ECIL,Computer LAB,West Bengal,South Twenty Four Parganas,Thakurpukur Mahestola,700063,M,60,0,1,0,1
Registrar General India ECIL,Computer LAB,West Bengal,South Twenty Four Parganas,Thakurpukur Mahestola,700063,M,62,0,2,0,1
Registrar General India ECIL,Computer LAB,West Bengal,South Twenty Four Parganas,Thakurpukur Mahestola,700063,M,65,0,1,0,0
Registrar General India ECIL,Computer LAB,West Bengal,South Twenty Four Parganas,Thakurpukur Mahestola,700063,M,67,0,1,0,0
Registrar General India ECIL,Computer LAB,West Bengal,South Twenty Four Parganas,Thakurpukur Mahestola,700063,M,72,0,2,0,1
Registrar General India ECIL,Computer LAB,West Bengal,South Twenty Four Parganas,Thakurpukur Mahestola,700063,M,73,0,1,0,0
Registrar General India ECIL,Computer LAB,West Bengal,South Twenty Four Parganas,Thakurpukur Mahestola,700063,M,76,0,1,0,0
Registrar General India ECIL,Eagle Software India Pvt. Ltd,West Bengal,West Midnapore,Daspur-I,721146,M,41,0,1,0,0
Registrar General India ECIL,Eagle Software India Pvt. Ltd,West Bengal,West Midnapore,Daspur-I,721211,M,61,0,1,0,0
Registrar General India ECIL,Eagle Software India Pvt. Ltd,West Bengal,West Midnapore,Daspur-I,721641,M,22,0,1,0,0
Registrar General India ECIL,Eagle Software India Pvt. Ltd,West Bengal,West Midnapore,Daspur-I,721641,M,31,0,1,0,0
Registrar General India ECIL,In Media Computer Services LLP,West Bengal,Purulia,Manbazar - I,723131,F,8,0,1,0,0
Registrar General India ECIL,In Media Computer Services LLP,West Bengal,Purulia,Manbazar - I,723131,F,10,0,1,0,0
Registrar General India ECIL,Integrated Systems & Services,Mizoram,Lunglei,Lunglei,796701,F,37,0,1,0,1
Registrar General India ECIL,Madras Security Printers Ltd,Odisha,Ganjam,Hinjili,761003,M,7,0,1,0,0
Registrar General India ECIL,Madras Security Printers Ltd,Odisha,Ganjam,Hinjili,761102,F,10,0,1,0,0
Registrar General India ECIL,Madras Security Printers Ltd,Odisha,Ganjam,Hinjili,761146,M,26,0,1,0,0
Registrar General of India ITI,In Media Computer Services LLP,West Bengal,Jalpaiguri,Madarihat,735204,F,13,0,1,0,1
Registrar General of India ITI,In Media Computer Services LLP,West Bengal,Jalpaiguri,Madarihat,735204,M,74,0,1,0,1
Registrar General of India ITI,Madras Security Printers Ltd,Gujarat,Ahmedabad,Dholka,387810,F,57,0,1,0,1
Registrar General of India ITI,Madras Security Printers Ltd,Gujarat,Ahmedabad,Dholka,387810,M,65,0,1,0,1
Registrar General of India ITI,Satyanarayana Raju Company Pvt ltd,Uttar Pradesh,Amethi,Salon,229127,M,7,0,1,0,0
Registrar General of India ITI,Satyanarayana Raju Company Pvt ltd,Uttar Pradesh,Amethi,Salon,229127,M,37,0,1,0,0
Registrar General of India ITI,Satyanarayana Raju Company Pvt ltd,Uttar Pradesh,Amethi,Salon,229401,F,15,0,1,0,1
Registrar General of India ITI,Satyanarayana Raju Company Pvt ltd,Uttar Pradesh,Amethi,Salon,229402,M,34,0,1,0,1
Registrar General of India ITI,WEBEL TECHNOLOGY LIMITED,West Bengal,Jalpaiguri,Alipurduar - I,736121,M,18,0,1,0,1
Registrar General of India ITI,WEBEL TECHNOLOGY LIMITED,West Bengal,Jalpaiguri,Alipurduar - I,736121,M,48,0,1,0,0
Registrar General of India ITI,WEBEL TECHNOLOGY LIMITED,West Bengal,Jalpaiguri,Alipurduar - II,736121,M,24,0,1,0,0
Registrar General of India ITI,WEBEL TECHNOLOGY LIMITED,West Bengal,Jalpaiguri,Alipurduar - II,736121,M,50,0,1,0,0
Registrar General of India ITI,WEBEL TECHNOLOGY LIMITED,West Bengal,Jalpaiguri,Alipurduar - II,736208,M,22,0,1,0,0
Registrar General of India ITI,WEBEL TECHNOLOGY LIMITED,West Bengal,Jalpaiguri,Alipurduar - II,736208,M,33,0,1,0,0
Registrar General of India ITI,WEBEL TECHNOLOGY LIMITED,West Bengal,Jalpaiguri,Kalchini,735217,F,39,0,1,0,0
Union Bank,FINANCIAL INFORMATION NETWORK,Andhra Pradesh,Karimnagar,Dharmaram,505187,M,12,0,1,0,1
Union Bank,FINANCIAL INFORMATION NETWORK,Andhra Pradesh,Karimnagar,Karimnagar,505001,M,25,0,1,0,1
Union Bank,FINANCIAL INFORMATION NETWORK,Gujarat,Valsad,Umbergaon,396235,M,34,0,1,0,1
Union Bank,FINANCIAL INFORMATION NETWORK,Karnataka,Raichur,Lingasagur,584125,F,13,0,1,0,0
Union Bank,FINANCIAL INFORMATION NETWORK,Karnataka,Raichur,Lingasagur,584125,M,15,0,1,0,1
Union Bank,FINANCIAL INFORMATION NETWORK,Karnataka,Raichur,Lingasagur,584125,M,33,0,1,0,1
Union Bank,FINANCIAL INFORMATION NETWORK,Karnataka,Raichur,Lingasagur,584125,M,36,0,1,0,1
Union Bank,FINANCIAL INFORMATION NETWORK,Karnataka,Raichur,Lingasagur,584125,M,37,0,1,0,0
Union Bank,FINANCIAL INFORMATION NETWORK,Karnataka,Raichur,Lingasagur,584125,M,40,0,1,0,1
Union Bank,FINANCIAL INFORMATION NETWORK,Karnataka,Raichur,Lingasagur,584125,M,41,0,1,0,1
Union Bank,FINANCIAL INFORMATION NETWORK,Karnataka,Raichur,Sindhnur,584132,M,23,0,1,0,0
Union Bank,FINANCIAL INFORMATION NETWORK,Madhya Pradesh,Sheopur,Sheopur,476337,F,4,0,1,0,0
Union Bank,FINANCIAL INFORMATION NETWORK,Madhya Pradesh,Sheopur,Sheopur,476337,F,60,0,1,0,0
Union Bank,FINANCIAL INFORMATION NETWORK,Madhya Pradesh,Sheopur,Sheopur,476337,F,70,0,1,0,0
Union Bank,FINANCIAL INFORMATION NETWORK,Madhya Pradesh,Sheopur,Sheopur,476337,M,15,0,1,0,0
Union Bank,Vakrangee Softwares Limited,Madhya Pradesh,Bhopal,Huzur,462038,F,21,0,1,0,0
Union Bank,Vakrangee Softwares Limited,Rajasthan,Bharatpur,Weir,321601,M,25,0,1,0,0
