Name of State/UT,Name of District,Population (Census),Aadhaar Generated,Aadhaar Saturation %,District Code
Andhra pradesh,Adilabad,2737738,2727240,99.62%,SD001
Gujarat,Ahmedabad,7208200,3978392,55.19%,SD003
Maharashtra,Ahmednagar,4543083,3697923,81.40%,SD004
Rajasthan,Ajmer,2584913,1950945,75.47%,SD006
Maharashtra,Akola,1818617,1397293,76.83%,SD007
Kerala,Alappuzha,2121943,2009797,94.71%,SD008
Madhya Pradesh,Alirajpur,728677,548053,75.21%,SD010
Rajasthan,Alwar,3671999,2453118,66.81%,SD013
Haryana,Ambala,1136784,1014831,89.27%,SD014
Maharashtra,Amravati,2887826,2451548,84.89%,SD016
Punjab,Amritsar,2490891,2145665,86.14%,SD018
Andhra pradesh,Anantapur,4083315,3959842,96.98%,SD021
Tamil Nadu,Ariyalur,752481,590499,78.47%,SD027
Maharashtra,Aurangabad (MH),3695928,2843782,76.94%,SD032
Karnataka,Bagalkot,1890826,1399342,74.01%,SD035
Odisha,Balangir,1648574,1102919,66.90%,SD041
Odisha,Baleshwar,2317419,1371774,59.19%,SD042
Karnataka,Bangalore,9588910,6922782,72.20%,SD049
Karnataka,Bangalore Rural,987257,696229,70.52%,SD050
Rajasthan,Baran,1223921,600995,49.10%,SD056
Rajasthan,Barmer,2604453,1609695,61.81%,SD060
Punjab,Barnala,596294,523379,87.77%,SD061
Madhya Pradesh,Barwani,1385659,863534,62.32%,SD063
Punjab,Bathinda,1388859,1161117,83.60%,SD066
Karnataka,Belgaum,4778439,3795341,79.43%,SD069
Karnataka,Bellary,2532383,1850174,73.06%,SD070
Madhya Pradesh,Betul,1575247,1173908,74.52%,SD071
Odisha,Bhadrak ,1506522,852190,56.57%,SD073
Maharashtra,Bhandara,1198810,1016849,84.82%,SD075
Madhya Pradesh,Bhopal,2368145,1941180,81.97%,SD083
Maharashtra,Bid,2585962,1706254,65.98%,SD084
Karnataka,Bidar,1700018,1169775,68.81%,SD085
Karnataka,Bijapur (KAR),2175102,1529501,70.32%,SD086
Rajasthan,Bikaner,2367745,1345266,56.82%,SD089
Himachal Pradesh,Bilaspur (HP),382056,384252,100.57%,SD091
Jharkhand,Bokaro,2061918,1599019,77.55%,SD094
Maharashtra,Buldana,2588039,2002708,77.38%,SD098
Rajasthan,Bundi,1113725,584690,52.50%,SD099
Madhya Pradesh,Burhanpur,756993,663614,87.66%,SD100
Delhi,Central Delhi,578671,845074,146.04%,SD103
Karnataka,Chamarajanagar,1020962,803597,78.71%,SD104
Himachal Pradesh,Chamba,518844,482869,93.07%,SD105
Uttarakhand,Champawat,259315,138760,53.51%,SD107
Chandigarh,Chandigarh,1054686,947739,89.86%,SD111
Maharashtra,Chandrapur,2194262,1735139,79.08%,SD112
Madhya Pradesh,Chhindwara,2090306,1569754,75.10%,SD117
Karnataka,Chikkaballapur,1254377,756801,60.33%,SD118
Karnataka,Chikmagalur,1137753,881445,77.47%,SD119
Rajasthan,Chittaurgarh,1544392,961401,62.25%,SD123
Andhra pradesh,Chittoor,4170468,3978375,95.39%,SD124
Rajasthan,Churu,2041172,1316379,64.49%,SD126
Tamil Nadu,Cuddalore,2600880,1651466,63.50%,SD128
Andhra pradesh,Cuddapah (YSR Kadapa),2884524,2616655,90.71%,SD129
Odisha,Cuttack,2618708,1746152,66.68%,SD130
West Bengal,Dakshin Dinajpur,1670931,983281,58.85%,SD132
Karnataka,Dakshina Kannada,2083625,1594539,76.53%,SD133
Daman & Diu,Daman,190855,112687,59.04%,SD134
Madhya Pradesh,Damoh,1263703,888893,70.34%,SD135
Rajasthan,Dausa,1637226,953186,58.22%,SD141
Karnataka,Davanagere,1946905,1362718,69.99%,SD142
Jharkhand,Deoghar,1491879,1106293,74.15%,SD145
Madhya Pradesh,Dewas,1563107,1110300,71.03%,SD148
Jharkhand,Dhanbad,2682662,2037021,75.93%,SD151
Madhya Pradesh,Dhar,2184672,1412844,64.67%,SD152
Tamil Nadu,Dharmapuri,1502900,1052303,70.02%,SD153
Karnataka,Dharwad,1846993,1593892,86.30%,SD154
Maharashtra,Dhule,2048781,1725914,84.24%,SD159
Tamil Nadu,Dindigul,2161367,1375075,63.62%,SD163
Daman & Diu,Diu,52056,50597,97.20%,SD165
Jharkhand,Dumka,1321096,1084189,82.07%,SD168
Delhi,East Delhi,1707725,2040133,119.46%,SD172
Madhya Pradesh,East Nimar (Khandwa),1309443,1146710,87.57%,SD177
Andhra pradesh,East godavari,5151549,5018066,97.41%,SD174
Kerala,Ernakulam,3279860,3013844,91.89%,SD179
Tamil Nadu,Erode,2259608,1608886,71.20%,SD180
Uttar Pradesh,Etawah,1579160,751119,47.56%,SD182
Haryana,Faridabad,1798954,1720238,95.62%,SD184
Punjab,Faridkot,618008,581287,94.06%,SD185
Punjab,Fatehgarh Sahib,599814,543500,90.61%,SD188
Punjab,Fazilka,0,489477,N.A.,SD190
Punjab,Firozpur,2026831,1129794,55.74%,SD192
Karnataka,Gadag,1065235,759971,71.34%,SD193
Maharashtra,Gadchiroli,1071795,829228,77.37%,SD194
Rajasthan,Ganganagar,1969520,1278965,64.94%,SD198
Jharkhand,Garhwa,1322387,1084225,81.99%,SD200
Jharkhand,Giridih,2445203,1903602,77.85%,SD206
Jharkhand,Godda,1311382,1058330,80.70%,SD208
Maharashtra,Gondiya,1322331,1145900,86.66%,SD211
Karnataka,Gulbarga,2564892,1576493,61.46%,SD214
Jharkhand,Gumla,1025656,870036,84.83%,SD215
Madhya Pradesh,Guna,1240938,735672,59.28%,SD216
Andhra pradesh,Guntur,4889230,4568947,93.45%,SD217
Punjab,Gurdaspur,2299026,1923704,83.67%,SD218
Haryana,Gurgaon,1514085,1085714,71.71%,SD219
Madhya Pradesh,Gwalior,2030543,1169504,57.60%,SD220
Himachal Pradesh,Hamirpur (HP),454293,492907,108.50%,SD222
Rajasthan,Hanumangarh,1779650,1034649,58.14%,SD224
West Bengal,Haora,4841638,3487514,72.03%,SD225
Madhya Pradesh,Harda,570302,505535,88.64%,SD226
Karnataka,Haveri,1598506,1124023,70.32%,SD231
Jharkhand,Hazaribag,1734005,1465187,84.50%,SD232
Maharashtra,Hingoli,1178973,722130,61.25%,SD233
Haryana,Hisar,1742815,1290036,74.02%,SD234
Madhya Pradesh,Hoshangabad,1240975,1137063,91.63%,SD235
Punjab,Hoshiarpur,1582793,1380515,87.22%,SD236
West Bengal,Hugli,5520389,4447142,80.56%,SD237
Kerala,Idukki,1107453,1009269,91.13%,SD238
Madhya Pradesh,Indore,3272335,2439126,74.54%,SD241
Madhya Pradesh,Jabalpur,2460714,1938924,78.80%,SD242
Rajasthan,Jaipur,6663971,4398784,66.01%,SD245
Punjab,Jalandhar,2181753,2031995,93.14%,SD248
Maharashtra,Jalgaon,4224442,3405115,80.61%,SD250
Maharashtra,Jalna,1958483,1482700,75.71%,SD251
Rajasthan,Jalor,1830151,1083754,59.22%,SD252
Jharkhand,Jamtara,790207,664656,84.11%,SD256
Madhya Pradesh,Jhabua,1024091,618481,60.39%,SD262
Haryana,Jhajjar,956907,676633,70.71%,SD263
Rajasthan,Jhunjhunun,2139658,1571609,73.45%,SD267
Rajasthan,Jodhpur,3685681,2012271,54.60%,SD269
Gujarat,Junagadh,2742291,2070902,75.52%,SD271
Haryana,Kaithal,1072861,841253,78.41%,SD274
Tamil Nadu,Kancheepuram,3990897,2474272,62.00%,SD278
Himachal Pradesh,Kangra,1507223,1480040,98.20%,SD280
Tamil Nadu,Kanniyakumari,1863174,1260409,67.65%,SD283
Kerala,Kannur,2525637,2356117,93.29%,SD284
Uttar Pradesh,Kanpur Nagar,4572951,1630577,35.66%,SD286
Punjab,Kapurthala,817668,710799,86.93%,SD288
Puducherry,Karaikal,200314,154222,76.99%,SD289
Andhra pradesh,Karimnagar,3811738,3572114,93.71%,SD294
Haryana,Karnal,1506323,1261189,83.73%,SD295
Tamil Nadu,Karur,1076588,752277,69.88%,SD296
Kerala,Kasaragod,1302600,1167098,89.60%,SD297
Madhya Pradesh,Katni,1291684,861139,66.67%,SD300
Andhra pradesh,Khammam,2798214,2644109,94.49%,SD306
Odisha,Khordha ,2246341,1546259,68.83%,SD309
Jharkhand,Khunti,530299,449737,84.81%,SD310
Himachal Pradesh,Kinnaur,84298,68472,81.23%,SD311
West Bengal,Koch Bihar,2822780,1896914,67.20%,SD315
Karnataka,Kodagu,554762,353100,63.65%,SD316
Jharkhand,Kodarma,717169,582694,81.25%,SD317
Karnataka,Kolar,1540231,1067781,69.33%,SD320
Maharashtra,Kolhapur,3874015,3117130,80.46%,SD322
West Bengal,Kolkata,4486679,3015296,67.21%,SD323
Kerala,Kollam,2629703,2432194,92.49%,SD324
Karnataka,Koppal,1391292,957446,68.82%,SD325
Rajasthan,Kota,1950491,1344401,68.93%,SD329
Kerala,Kottayam,1979384,1847550,93.34%,SD330
Kerala,Kozhikode,3089543,2875218,93.06%,SD331
Andhra pradesh,Krishna,4529009,4175518,92.19%,SD332
Tamil Nadu,Krishnagiri,1883731,1122829,59.61%,SD333
Himachal Pradesh,Kullu,437474,396591,90.65%,SD335
Andhra pradesh,Kurnool,4046601,3554940,87.85%,SD337
Haryana,Kurukshetra,964231,821427,85.19%,SD338
Lakshadweep,Lakshadweep,64429,55395,85.98%,SD344
Maharashtra,Latur,2455543,1786944,72.77%,SD347
Jharkhand,Lohardaga,461738,426155,92.29%,SD350
Uttar Pradesh,Lucknow,4588455,1952019,42.54%,SD355
Punjab,Ludhiana,3487882,3297687,94.55%,SD356
Tamil Nadu,Madurai,3041038,2161383,71.07%,SD360
Andhra pradesh,Mahbubnagar,4042191,3593542,88.90%,SD362
Puducherry,Mahe,41934,0,0.00%,SD363
Gujarat,Mahesana,2027727,1431083,70.58%,SD365
Kerala,Malappuram,4110956,3701773,90.05%,SD369
West Bengal,Maldah,3997970,2519728,63.03%,SD370
Himachal Pradesh,Mandi,999518,984627,98.51%,SD373
Madhya Pradesh,Mandla,1053522,792294,75.20%,SD374
Madhya Pradesh,Mandsaur,1339832,979445,73.10%,SD375
Karnataka,Mandya,1808680,1268330,70.12%,SD376
Punjab,Mansa,768808,668865,87.00%,SD377
Andhra pradesh,Medak,3031877,2738737,90.33%,SD382
Punjab,Moga,992289,893795,90.07%,SD386
Punjab,Muktsar,902702,776381,86.01%,SD391
Maharashtra,Mumbai (incl. Mumbai SubUrban & Mumbai City) ,12478447,10759912,86.23%,SD392
West Bengal,Murshidabad,7102430,4665449,65.69%,SD394
Karnataka,Mysore,2994744,2807343,93.74%,SD397
Tamil Nadu,Nagapattinam,1614069,1158063,71.75%,SD401
Rajasthan,Nagaur,3309234,1837260,55.52%,SD402
Maharashtra,Nagpur,4653171,4115658,88.45%,SD403
Andhra pradesh,Nalgonda,3483648,3186520,91.47%,SD407
Tamil Nadu,Namakkal,1721179,1090319,63.35%,SD408
Maharashtra,Nanded,3356566,2113691,62.97%,SD409
Maharashtra,Nandurbar,1646177,1301330,79.05%,SD410
Gujarat,Narmada,590379,350004,59.28%,SD412
Madhya Pradesh,Narsimhapur,1092141,801564,73.39%,SD413
Maharashtra,Nashik,6109052,4783708,78.31%,SD414
Gujarat,Navsari,1330711,955154,71.78%,SD415
Punjab,Nawanshahr,614362,568082,92.47%,SD417
Madhya Pradesh,Neemuch,825958,519553,62.90%,SD419
Andhra pradesh,Nellore (sri Potti Sriramulu Nellore),2966082,2600040,87.66%,SD420
Delhi,New Delhi,133713,18977,14.19%,SD421
Andhra pradesh,Nizamabad,2552073,2361450,92.53%,SD423
Andaman & Nicobar Islands,North & Middle Andamans,105539,117379,111.22%,SD425
Delhi,North Delhi,883418,927823,105.03%,SD427
Delhi,North East Delhi,2240749,1961379,87.53%,SD428
Goa,North Goa,817761,763777,93.40%,SD429
Delhi,North West Delhi,3651261,3886488,106.44%,SD432
Maharashtra,Osmanabad,1660311,1204330,72.54%,SD434
Jharkhand,Pakaur,899200,766323,85.22%,SD435
Kerala,Palakkad,2810892,2623725,93.34%,SD436
Jharkhand,Palamu,1936319,1553951,80.25%,SD437
Rajasthan,Pali,2038533,1364374,66.93%,SD438
Haryana,Palwal,1040493,673076,64.69%,SD439
Haryana,Panchkula,558890,465522,83.29%,SD441
Haryana,Panipat,1202811,961195,79.91%,SD442
Madhya Pradesh,Panna,1016028,653143,64.28%,SD443
Jharkhand,Pashchimi Singhbhum,1501619,1232869,82.10%,SD448
Kerala,Pathanamthitta,1195537,1174855,98.27%,SD450
Punjab,Pathankot,0,120050,N.A.,SD451
Punjab,Patiala,1892282,1665297,88.00%,SD452
Tamil Nadu,Perambalur,564511,382585,67.77%,SD454
Gujarat,Porbandar,586062,389484,66.46%,SD459
Andhra pradesh,Prakasam,3392764,3128333,92.21%,SD460
Puducherry,Puducherry,946600,962599,101.69%,SD463
Tamil Nadu,Pudukkottai,1618725,1099986,67.95%,SD464
Maharashtra,Pune,9426959,7101201,75.33%,SD467
Jharkhand,Purbi Singhbhum,2291032,1820591,79.47%,SD469
Odisha,Puri,1697983,1234538,72.71%,SD471
Maharashtra,Raigarh (MH),2635394,2054374,77.95%,SD477
Madhya Pradesh,Raisen,1331699,841132,63.16%,SD479
Gujarat,Rajkot,3799770,2630122,69.22%,SD482
Rajasthan,Rajsamand,1158283,775397,66.94%,SD484
Karnataka,Ramanagar,1082739,777281,71.79%,SD485
Tamil Nadu,Ramanathapuram,1337560,810829,60.62%,SD486
Jharkhand,Ramgarh,949159,799433,84.23%,SD488
Jharkhand,Ranchi,2912022,2397263,82.32%,SD490
Andhra pradesh,Rangareddi (inclg. Hyderabad),9306634,10747944,115.49%,SD491
Madhya Pradesh,Ratlam,1454483,1034658,71.14%,SD492
Maharashtra,Ratnagiri,1612672,1297551,80.46%,SD493
Madhya Pradesh,Rewa,2363744,1450177,61.35%,SD496
Haryana,Rewari,896129,689288,76.92%,SD497
Haryana,Rohtak,1058683,749667,70.81%,SD499
Punjab,Rupnagar,683349,636711,93.18%,SD502
Punjab,S.A.S Nagar(Mohali),986147,764643,77.54%,SD503
Madhya Pradesh,Sagar,2378295,1497240,62.95%,SD505
Jharkhand,Sahibganj,1150038,1008313,87.68%,SD508
Tamil Nadu,Salem,3480008,2411695,69.30%,SD510
Maharashtra,Sangli,2820575,2308820,81.86%,SD514
Punjab,Sangrur,1654408,1443880,87.27%,SD515
Maharashtra,Satara,3003922,2409092,80.20%,SD519
Madhya Pradesh,Satna,2228619,1536625,68.95%,SD520
Madhya Pradesh,Sehore,1311008,819468,62.51%,SD522
Madhya Pradesh,Seoni,1378876,1086502,78.80%,SD524
Jharkhand,Seraikela-kharsawan,1063458,860201,80.89%,SD525
Madhya Pradesh,Shajapur,1512353,1184729,78.34%,SD529
Himachal Pradesh,Shimla,813384,692865,85.18%,SD533
Rajasthan,Sikar,2677737,1733423,64.73%,SD541
Jharkhand,Simdega,599813,528026,88.03%,SD542
Himachal Pradesh,Sirmaur,530164,452900,85.43%,SD545
Rajasthan,Sirohi,1037185,630403,60.78%,SD546
Haryana,Sirsa,1295114,1024266,79.09%,SD547
Himachal Pradesh,Solan,576670,479033,83.07%,SD552
Maharashtra,Solapur,4315527,2772093,64.24%,SD553
Haryana,Sonipat,1480080,1186144,80.14%,SD556
Delhi,South Delhi,2733752,2724471,99.66%,SD561
Goa,South Goa,639962,574658,89.80%,SD563
Delhi,South West Delhi,2292363,2209063,96.37%,SD565
Andhra pradesh,Srikakulam,2699471,2680175,99.29%,SD566
Odisha,Sundargarh,2080664,974745,46.85%,SD569
Punjab,Tarn Taran,1120070,930113,83.04%,SD576
Maharashtra,Thane,11054131,8665530,78.39%,SD579
Tamil Nadu,Thanjavur,2402781,1654103,68.84%,SD580
Tamil Nadu,Theni,1243684,867438,69.75%,SD583
Kerala,Thiruvananthapuram,3307284,2957398,89.42%,SD585
Tamil Nadu,Thiruvarur,1268094,859413,67.77%,SD586
Tamil Nadu,Thoothukkudi,1738376,1093704,62.92%,SD587
Kerala,Thrissur,3110327,2941054,94.56%,SD589
Tamil Nadu,Tiruchirappalli,2713858,1993553,73.46%,SD593
Tamil Nadu,Tirunelveli,3072880,1998843,65.05%,SD594
Rajasthan,Tonk,1421711,847573,59.62%,SD597
Karnataka,Tumkur,2681449,2516995,93.87%,SD599
Rajasthan,Udaipur,3067549,2101234,68.50%,SD600
Karnataka,Udupi,1177908,943059,80.06%,SD604
Madhya Pradesh,Ujjain,1986597,1392961,70.12%,SD605
Himachal Pradesh,Una,521057,536467,102.96%,SD608
Karnataka,Uttara Kannada,1436847,1139597,79.31%,SD613
Gujarat,Valsad,1703068,1231877,72.33%,SD617
Tamil Nadu,Vellore,3928106,2654505,67.58%,SD619
Madhya Pradesh,Vidisha,1458212,915924,62.81%,SD620
Tamil Nadu,Viluppuram,3463284,2201204,63.56%,SD621
Tamil Nadu,Virudhunagar,1943309,1418589,73.00%,SD622
Andhra pradesh,Visakhapatnam,4288113,3899689,90.94%,SD623
Andhra pradesh,Vizianagaram,2342868,2047202,87.38%,SD624
Andhra pradesh,Warangal,3522644,3268504,92.79%,SD625
Maharashtra,Wardha,1296157,1201063,92.66%,SD626
Maharashtra,Washim,1196714,805293,67.29%,SD627
Kerala,Wayanad,816558,771136,94.44%,SD628
Delhi,West Delhi,2531583,2493509,98.50%,SD630
Andhra pradesh,West Godavari,3934782,3658214,92.97%,SD632
Haryana,Yamunanagar,1214162,1001366,82.47%,SD640
Puducherry,Yanam,55616,21948,39.46%,SD641
Maharashtra,Yavatmal,2775457,1915307,69.01%,SD642
Total,,620069960,482712928,77.85%
