State,District,Aadhaar generated,Enrolment Rejected
Andhra Pradesh,Adilabad,27,46
Andhra Pradesh,Ananthapur,316,250
Andhra Pradesh,Chittoor,213,195
Andhra Pradesh,Cuddapah,105,84
Andhra Pradesh,East Godavari,248,158
Andhra Pradesh,Guntur,324,186
Andhra Pradesh,Hyderabad,276,127
Andhra Pradesh,K.v. Rangareddy,208,203
Andhra Pradesh,Karimnagar,208,127
Andhra Pradesh,Khammam,122,123
Andhra Pradesh,Krishna,94,99
Andhra Pradesh,Kurnool,625,440
Andhra Pradesh,Mahabubnagar,261,143
Andhra Pradesh,Medak,432,153
Andhra Pradesh,Nalgonda,275,123
Andhra Pradesh,Nellore,841,246
Andhra Pradesh,Nizamabad,524,133
Andhra Pradesh,Prakasam,397,123
Andhra Pradesh,Srikakulam,26,62
Andhra Pradesh,Visakhapatnam,422,415
Andhra Pradesh,Vizianagaram,265,557
Andhra Pradesh,Warangal,175,185
Andhra Pradesh,West Godavari,208,148
Arunachal Pradesh,Changlang,1,0
Arunachal Pradesh,Lohit,1,0
Arunachal Pradesh,Papum Pare,0,1
Arunachal Pradesh,Tawang,0,1
Arunachal Pradesh,West Kameng,97,6
Assam,Baksa,1,1
Assam,Barpeta,4,0
Assam,Cachar,2,0
Assam,Dhemaji,1,0
Assam,Dhubri,0,1
Assam,Dibrugarh,1,0
Assam,Goalpara,0,1
Assam,Golaghat,55,0
Assam,Hailakandi,2,0
Assam,Jorhat,1,0
Assam,Kamrup,6,2
Assam,Karbi Anglong,1,0
Assam,Karimganj,2,1
Assam,Lakhimpur,2,0
Assam,Nagaon,129,6
Assam,Sibsagar,0,1
Assam,Sonitpur,181,6
Assam,Udalguri,2,0
Bihar,Araria,127,5
Bihar,Arwal,32,4
Bihar,Aurangabad,764,83
Bihar,Banka,336,118
Bihar,Begusarai,833,137
Bihar,Bhagalpur,1314,43
Bihar,Bhojpur,595,95
Bihar,Buxar,424,119
Bihar,Darbhanga,81,18
Bihar,East Champaran,2946,217
Bihar,Gaya,2856,341
Bihar,Gopalganj,1540,109
Bihar,Jamui,278,16
Bihar,Jehanabad,350,72
Bihar,Kaimur (Bhabua),279,22
Bihar,Katihar,375,8
Bihar,Khagaria,185,18
Bihar,Kishanganj,1882,372
Bihar,Lakhisarai,29,5
Bihar,Madhepura,298,21
Bihar,Madhubani,2983,144
Bihar,Munger,274,50
Bihar,Muzaffarpur,3032,302
Bihar,Nalanda,348,84
Bihar,Nawada,155,22
Bihar,Patna,2976,670
Bihar,Purnia,896,112
Bihar,Rohtas,592,44
Bihar,Saharsa,200,14
Bihar,Samastipur,739,101
Bihar,Saran,4567,276
Bihar,Sheikhpura,7,19
Bihar,Sheohar,8,6
Bihar,Sitamarhi,1884,101
Bihar,Siwan,2080,111
Bihar,Supaul,318,39
Bihar,Vaishali,1210,147
Bihar,West Champaran,2977,180
Chandigarh,Chandigarh,66,48
Chhattisgarh,Balod,794,35
Chhattisgarh,Baloda Bazar,835,26
Chhattisgarh,Balrampur,1,0
Chhattisgarh,Bastar,124,10
Chhattisgarh,Bemetara,55,5
Chhattisgarh,Bijapur,1,0
Chhattisgarh,Bilaspur,4965,265
Chhattisgarh,Dakshin Bastar Dantewada,33,0
Chhattisgarh,Dantewada,0,1
Chhattisgarh,Dhamtari,0,1
Chhattisgarh,Durg,605,136
Chhattisgarh,Gariyaband,11,1
Chhattisgarh,Janjgir-champa,191,92
Chhattisgarh,Jashpur,23,2
Chhattisgarh,Kabeerdham,1,0
Chhattisgarh,Kanker,208,10
Chhattisgarh,Kawardha,42,1
Chhattisgarh,Kondagaon,2168,48
Chhattisgarh,Korba,2,2
Chhattisgarh,Koriya,29,47
Chhattisgarh,Mahasamund,420,86
Chhattisgarh,Mungeli,1969,30
Chhattisgarh,Narayanpur,12,2
Chhattisgarh,Raigarh,760,113
Chhattisgarh,Raipur,5142,390
Chhattisgarh,Rajnandgaon,1494,235
Chhattisgarh,Sukma,1,0
Chhattisgarh,Surajpur,0,1
Chhattisgarh,Surguja,512,25
Chhattisgarh,Uttar Bastar Kanker,1005,12
Dadra and Nagar Haveli,Dadra and Nagar Haveli,10,0
Daman and Diu,Daman,1,3
Daman and Diu,Diu,0,17
Delhi,Central Delhi,96,72
Delhi,East Delhi,138,218
Delhi,New Delhi,27,10
Delhi,North Delhi,47,83
Delhi,North East Delhi,103,250
Delhi,North West Delhi,265,393
Delhi,South Delhi,300,304
Delhi,South West Delhi,311,248
Delhi,West Delhi,193,241
Goa,North Goa,1,2
Goa,South Goa,1,1
Gujarat,Ahmedabad,541,278
Gujarat,Amreli,20,13
Gujarat,Anand,222,36
Gujarat,Banaskantha,162,32
Gujarat,Bharuch,23,44
Gujarat,Bhavnagar,754,87
Gujarat,Dahod,94,62
Gujarat,Gandhinagar,629,45
Gujarat,Jamnagar,12,39
Gujarat,Junagadh,17,32
Gujarat,Kachchh,264,25
Gujarat,Kheda,112,114
Gujarat,Mahesana,17,21
Gujarat,Narmada,2,4
Gujarat,Navsari,297,104
Gujarat,Panchmahals,486,142
Gujarat,Patan,8,60
Gujarat,Porbandar,0,1
Gujarat,Rajkot,8,25
Gujarat,Sabarkantha,318,68
Gujarat,Surat,292,77
Gujarat,Surendra Nagar,51,10
Gujarat,Tapi,19,17
Gujarat,The Dangs,75,31
Gujarat,Vadodara,185,68
Gujarat,Valsad,254,53
Haryana,Ambala,28,84
Haryana,Bhiwani,59,121
Haryana,Faridabad,267,79
Haryana,Fatehabad,11,12
Haryana,Gurgaon,63,74
Haryana,Hisar,154,85
Haryana,Jhajjar,28,45
Haryana,Jind,47,100
Haryana,Kaithal,108,149
Haryana,Karnal,126,68
Haryana,Kurukshetra,21,34
Haryana,Mahendragarh,36,30
Haryana,Mewat,49,37
Haryana,Palwal,16,6
Haryana,Panchkula,12,12
Haryana,Panipat,64,73
Haryana,Rewari,142,20
Haryana,Rohtak,67,62
Haryana,Sirsa,49,30
Haryana,Sonipat,100,113
Haryana,Yamuna Nagar,18,70
Himachal Pradesh,Bilaspur,0,4
Himachal Pradesh,Chamba,3,8
Himachal Pradesh,Hamirpur,1,2
Himachal Pradesh,Kangra,62,25
Himachal Pradesh,Kullu,12,8
Himachal Pradesh,Lahul and Spiti,2,0
Himachal Pradesh,Mandi,3,6
Himachal Pradesh,Shimla,9,3
Himachal Pradesh,Sirmaur,3,4
Himachal Pradesh,Solan,6,4
Himachal Pradesh,Una,1,4
Jammu and Kashmir,Anantnag,0,1
Jammu and Kashmir,Baramula,10,5
Jammu and Kashmir,Ganderbal,0,1
Jammu and Kashmir,Jammu,2,8
Jammu and Kashmir,Kathua,0,8
Jammu and Kashmir,Kishtwar,0,1
Jammu and Kashmir,Kupwara,5652,35
Jammu and Kashmir,Punch,0,1
Jammu and Kashmir,Rajouri,0,2
Jammu and Kashmir,Ramban,181,3
Jammu and Kashmir,Reasi,9,3
Jammu and Kashmir,Samba,1,1
Jammu and Kashmir,Srinagar,2,0
Jammu and Kashmir,Udhampur,1310,44
Jharkhand,Bokaro,45,58
Jharkhand,Chatra,42,76
Jharkhand,Deoghar,62,42
Jharkhand,Dhanbad,143,123
Jharkhand,Dumka,58,43
Jharkhand,East Singhbhum,24,18
Jharkhand,Garhwa,278,110
Jharkhand,Giridih,216,161
Jharkhand,Godda,42,62
Jharkhand,Gumla,15,27
Jharkhand,Hazaribagh,39,54
Jharkhand,Jamtara,11,16
Jharkhand,Khunti,31,20
Jharkhand,Koderma,78,96
Jharkhand,Latehar,47,14
Jharkhand,Lohardaga,9,14
Jharkhand,Pakur,17,17
Jharkhand,Palamu,130,160
Jharkhand,Ramgarh,7,14
Jharkhand,Ranchi,75,120
Jharkhand,Sahebganj,33,12
Jharkhand,Seraikela-Kharsawan,4,11
Jharkhand,Simdega,4,9
Jharkhand,West Singhbhum,28,51
Karnataka,Bagalkot,112,400
Karnataka,Bangalore,392,216
Karnataka,Bangalore Rural,53,28
Karnataka,Belgaum,546,130
Karnataka,Bellary,55,36
Karnataka,Bidar,95,57
Karnataka,Bijapur,251,78
Karnataka,Chamrajanagar,69,18
Karnataka,Chickmagalur,394,19
Karnataka,Chikkaballapur,145,138
Karnataka,Chitradurga,16,27
Karnataka,Dakshina Kannada,52,21
Karnataka,Davangere,232,269
Karnataka,Dharwad,53,52
Karnataka,Gadag,4,2
Karnataka,Gulbarga,681,293
Karnataka,Hassan,141,100
Karnataka,Haveri,203,221
Karnataka,Kodagu,484,406
Karnataka,Kolar,712,227
Karnataka,Koppal,31,9
Karnataka,Mandya,77,62
Karnataka,Mysore,129,130
Karnataka,Raichur,10,6
Karnataka,Ramanagar,12,10
Karnataka,Shimoga,19,8
Karnataka,Tumkur,51,29
Karnataka,Udupi,59,25
Karnataka,Uttara Kannada,23,11
Karnataka,Yadgir,439,38
Kerala,Alappuzha,27,22
Kerala,Ernakulam,29,28
Kerala,Idukki,29,15
Kerala,Kannur,37,33
Kerala,Kasaragod,5,23
Kerala,Kollam,41,39
Kerala,Kottayam,31,22
Kerala,Kozhikode,29,41
Kerala,Malappuram,147,88
Kerala,Palakkad,54,36
Kerala,Pathanamthitta,45,16
Kerala,Thiruvananthapuram,39,72
Kerala,Thrissur,35,60
Kerala,Wayanad,32,24
Lakshadweep,Lakshadweep,2,0
Madhya Pradesh,Alirajpur,1,8
Madhya Pradesh,Anuppur,26,20
Madhya Pradesh,Ashok Nagar,40,15
Madhya Pradesh,Balaghat,22,31
Madhya Pradesh,Barwani,52,74
Madhya Pradesh,Betul,119,43
Madhya Pradesh,Bhind,199,101
Madhya Pradesh,Bhopal,161,51
Madhya Pradesh,Burhanpur,1,7
Madhya Pradesh,Chhatarpur,44,20
Madhya Pradesh,Chhindwara,36,28
Madhya Pradesh,Damoh,49,48
Madhya Pradesh,Datia,1,2
Madhya Pradesh,Dewas,671,73
Madhya Pradesh,Dhar,186,115
Madhya Pradesh,Dindori,30,23
Madhya Pradesh,Guna,30,44
Madhya Pradesh,Gwalior,294,214
Madhya Pradesh,Harda,1,9
Madhya Pradesh,Hoshangabad,2,23
Madhya Pradesh,Indore,128,228
Madhya Pradesh,Jabalpur,63,66
Madhya Pradesh,Jhabua,23,5
Madhya Pradesh,Katni,10,8
Madhya Pradesh,Khandwa,72,23
Madhya Pradesh,Khargone,66,52
Madhya Pradesh,Mandla,50,33
Madhya Pradesh,Mandsaur,30,43
Madhya Pradesh,Morena,125,51
Madhya Pradesh,Narsinghpur,60,18
Madhya Pradesh,Neemuch,3,10
Madhya Pradesh,Panna,15,8
Madhya Pradesh,Raisen,27,21
Madhya Pradesh,Rajgarh,282,44
Madhya Pradesh,Ratlam,306,55
Madhya Pradesh,Rewa,32,62
Madhya Pradesh,Sagar,104,61
Madhya Pradesh,Satna,49,51
Madhya Pradesh,Sehore,23,34
Madhya Pradesh,Seoni,49,27
Madhya Pradesh,Shahdol,74,44
Madhya Pradesh,Shajapur,62,15
Madhya Pradesh,Sheopur,23,5
Madhya Pradesh,Shivpuri,114,51
Madhya Pradesh,Sidhi,9,10
Madhya Pradesh,Singrauli,45,14
Madhya Pradesh,Tikamgarh,150,23
Madhya Pradesh,Ujjain,145,61
Madhya Pradesh,Umaria,14,0
Madhya Pradesh,Vidisha,19,22
Maharashtra,Ahmadnagar,134,89
Maharashtra,Akola,79,57
Maharashtra,Amravati,12,21
Maharashtra,Aurangabad,172,126
Maharashtra,Beed,173,37
Maharashtra,Bhandara,6,29
Maharashtra,Buldhana,387,60
Maharashtra,Chandrapur,60,22
Maharashtra,Dhule,45,47
Maharashtra,Gadchiroli,177,23
Maharashtra,Gondiya,17,22
Maharashtra,Hingoli,49,29
Maharashtra,Jalgaon,69,33
Maharashtra,Jalna,167,42
Maharashtra,Kolhapur,69,58
Maharashtra,Latur,110,61
Maharashtra,Mumbai,139,86
Maharashtra,Nagpur,26,65
Maharashtra,Nanded,338,75
Maharashtra,Nandurbar,10,14
Maharashtra,Nashik,190,189
Maharashtra,Osmanabad,32,13
Maharashtra,Palghar,2,31
Maharashtra,Parbhani,237,89
Maharashtra,Pune,136,102
Maharashtra,Raigarh,23,29
Maharashtra,Ratnagiri,71,34
Maharashtra,Sangli,8,21
Maharashtra,Satara,22,32
Maharashtra,Sindhudurg,90,30
Maharashtra,Solapur,87,58
Maharashtra,Thane,95,59
Maharashtra,Wardha,5,13
Maharashtra,Washim,125,24
Maharashtra,Yavatmal,403,103
Manipur,Bishnupur,1,1
Manipur,Churachandpur,10,10
Manipur,Imphal East,41,8
Manipur,Imphal West,341,25
Manipur,Senapati,2,0
Manipur,Tamenglong,3,0
Manipur,Thoubal,7,2
Meghalaya,East Khasi Hills,4,8
Meghalaya,Ri Bhoi,0,1
Mizoram,Aizawl,634,34
Mizoram,Kolasib,109,4
Mizoram,Lawngtlai,87,1
Mizoram,Lunglei,0,1
Mizoram,Mammit,369,0
Mizoram,Saiha,66,0
Mizoram,Serchhip,3,0
Nagaland,Dimapur,2,26
Nagaland,Kohima,0,2
Nagaland,Phek,1,0
Nagaland,Wokha,1,0
Odisha,Angul,2,0
Odisha,Balangir,107,94
Odisha,Baleswar,4,6
Odisha,Bargarh,21,5
Odisha,Bhadrak,6,8
Odisha,Cuttack,31,36
Odisha,Dhenkanal,4,2
Odisha,Gajapati,2,1
Odisha,Ganjam,8,8
Odisha,Jagatsinghapur,2,2
Odisha,Jajapur,7,14
Odisha,Jharsuguda,0,1
Odisha,Kalahandi,1,0
Odisha,Kandhamal,9,0
Odisha,Kendrapara,11,8
Odisha,Kendujhar,4,0
Odisha,Khorda,3,5
Odisha,Malkangiri,1,0
Odisha,Mayurbhanj,73,10
Odisha,Nayagarh,6,5
Odisha,Puri,4,8
Odisha,Rayagada,1,0
Odisha,Sambalpur,1,0
Odisha,Sonapur,1,0
Odisha,Sundergarh,3,20
Others,Others,0,92
Puducherry,Karaikal,6,11
Puducherry,Puducherry,7,12
Punjab,Amritsar,126,179
Punjab,Barnala,7,31
Punjab,Bathinda,96,63
Punjab,Faridkot,8,16
Punjab,Fatehgarh Sahib,112,72
Punjab,Fazilka,21,40
Punjab,Ferozepur,76,55
Punjab,Gurdaspur,62,112
Punjab,Hoshiarpur,34,49
Punjab,Jalandhar,105,73
Punjab,Kapurthala,30,38
Punjab,Ludhiana,268,234
Punjab,Mansa,7,47
Punjab,Moga,159,89
Punjab,Pathankot,55,28
Punjab,Patiala,23,71
Punjab,Rupnagar,45,22
Punjab,SAS Nagar (Mohali),54,20
Punjab,Sangrur,59,94
Punjab,Shaheed Bhagat Singh Nagar,1,9
Punjab,Sri Muktsar Sahib,51,67
Punjab,Tarn Taran,123,70
Rajasthan,Ajmer,413,423
Rajasthan,Alwar,531,652
Rajasthan,Banswara,288,176
Rajasthan,Baran,547,236
Rajasthan,Barmer,1201,652
Rajasthan,Bharatpur,2641,689
Rajasthan,Bhilwara,512,229
Rajasthan,Bikaner,479,105
Rajasthan,Bundi,102,35
Rajasthan,Chittorgarh,385,257
Rajasthan,Churu,648,266
Rajasthan,Dausa,400,400
Rajasthan,Dholpur,22,54
Rajasthan,Dungarpur,427,214
Rajasthan,Ganganagar,137,135
Rajasthan,Hanumangarh,67,215
Rajasthan,Jaipur,1611,1338
Rajasthan,Jaisalmer,588,232
Rajasthan,Jalor,601,446
Rajasthan,Jhalawar,911,161
Rajasthan,Jhunjhunun,540,392
Rajasthan,Jodhpur,292,221
Rajasthan,Karauli,189,130
Rajasthan,Kota,493,260
Rajasthan,Nagaur,845,357
Rajasthan,Pali,424,212
Rajasthan,Pratapgarh,57,54
Rajasthan,Rajsamand,386,159
Rajasthan,Sawai Madhopur,188,67
Rajasthan,Sikar,507,436
Rajasthan,Sirohi,149,182
Rajasthan,Tonk,485,288
Rajasthan,Udaipur,484,534
Sikkim,East Sikkim,1,2
Sikkim,West Sikkim,18,0
Tamil Nadu,Ariyalur,1,0
Tamil Nadu,Chennai,2617,200
Tamil Nadu,Coimbatore,4,4
Tamil Nadu,Cuddalore,5,1
Tamil Nadu,Dharmapuri,7,26
Tamil Nadu,Dindigul,162,22
Tamil Nadu,Erode,2344,202
Tamil Nadu,Kancheepuram,58,69
Tamil Nadu,Kanniyakumari,2,3
Tamil Nadu,Karur,2,3
Tamil Nadu,Krishnagiri,6,5
Tamil Nadu,Madurai,1,1
Tamil Nadu,Namakkal,9,8
Tamil Nadu,Perambalur,2,19
Tamil Nadu,Pudukkottai,1,2
Tamil Nadu,Ramanathapuram,2,1
Tamil Nadu,Salem,10,10
Tamil Nadu,Sivaganga,3,1
Tamil Nadu,Thanjavur,2,5
Tamil Nadu,The Nilgiris,1479,90
Tamil Nadu,Theni,2,2
Tamil Nadu,Thiruvarur,1,2
Tamil Nadu,Thoothukkudi,0,1
Tamil Nadu,Tiruchirappalli,519,274
Tamil Nadu,Tirunelveli,1361,395
Tamil Nadu,Tiruppur,3,5
Tamil Nadu,Tiruvallur,3167,419
Tamil Nadu,Tiruvannamalai,1,4
Tamil Nadu,Vellore,10,9
Tamil Nadu,Villupuram,31,59
Tamil Nadu,Virudhunagar,1,3
Tripura,Gomati,14,16
Tripura,North Tripura,1,4
Tripura,Sepahijala,24,33
Tripura,South Tripura,32,33
Tripura,Unakoti,0,4
Tripura,West Tripura,3,15
Uttar Pradesh,Agra,3075,1142
Uttar Pradesh,Aligarh,3081,548
Uttar Pradesh,Allahabad,1787,754
Uttar Pradesh,Ambedkar Nagar,3838,179
Uttar Pradesh,Amethi,88,24
Uttar Pradesh,Amroha,2248,158
Uttar Pradesh,Auraiya,1285,171
Uttar Pradesh,Azamgarh,3007,258
Uttar Pradesh,Baghpat,3742,241
Uttar Pradesh,Bahraich,496,59
Uttar Pradesh,Ballia,6816,470
Uttar Pradesh,Balrampur,45,20
Uttar Pradesh,Banda,260,407
Uttar Pradesh,Bara Banki,4425,297
Uttar Pradesh,Bareilly,1600,457
Uttar Pradesh,Basti,2955,118
Uttar Pradesh,Bijnor,9732,451
Uttar Pradesh,Budaun,1269,56
Uttar Pradesh,Bulandshahr,2697,434
Uttar Pradesh,Chandauli,284,43
Uttar Pradesh,Chitrakoot,13,15
Uttar Pradesh,Deoria,1086,109
Uttar Pradesh,Etah,2000,202
Uttar Pradesh,Etawah,254,46
Uttar Pradesh,Faizabad,1362,177
Uttar Pradesh,Farrukhabad,565,99
Uttar Pradesh,Fatehpur,401,83
Uttar Pradesh,Firozabad,2671,623
Uttar Pradesh,Gautam Buddha Nagar,1530,161
Uttar Pradesh,Ghaziabad,1459,780
Uttar Pradesh,Ghazipur,1782,150
Uttar Pradesh,Gonda,2764,138
Uttar Pradesh,Gorakhpur,3487,273
Uttar Pradesh,Hamirpur,11,5
Uttar Pradesh,Hapur,1177,180
Uttar Pradesh,Hardoi,958,130
Uttar Pradesh,Hathras,101,52
Uttar Pradesh,Jalaun,716,43
Uttar Pradesh,Jaunpur,2197,127
Uttar Pradesh,Jhansi,770,219
Uttar Pradesh,Kannauj,4080,98
Uttar Pradesh,Kanpur Dehat,2182,59
Uttar Pradesh,Kanpur Nagar,2640,1497
Uttar Pradesh,Kasganj,1042,58
Uttar Pradesh,Kaushambi,1959,242
Uttar Pradesh,Kheri,4881,194
Uttar Pradesh,Kushinagar,2948,299
Uttar Pradesh,Lalitpur,1252,95
Uttar Pradesh,Lucknow,2887,1507
Uttar Pradesh,Maharajganj,300,23
Uttar Pradesh,Mahoba,5,3
Uttar Pradesh,Mainpuri,1141,107
Uttar Pradesh,Mathura,2491,412
Uttar Pradesh,Mau,2044,145
Uttar Pradesh,Meerut,1104,330
Uttar Pradesh,Mirzapur,1168,102
Uttar Pradesh,Moradabad,2019,488
Uttar Pradesh,Muzaffarnagar,2860,334
Uttar Pradesh,Pilibhit,638,153
Uttar Pradesh,Pratapgarh,1454,161
Uttar Pradesh,Rae Bareli,140,124
Uttar Pradesh,Rampur,1058,324
Uttar Pradesh,Saharanpur,2133,419
Uttar Pradesh,Sambhal,1344,131
Uttar Pradesh,Sant Kabir Nagar,25,6
Uttar Pradesh,Sant Ravidas Nagar,372,32
Uttar Pradesh,Shahjahanpur,323,151
Uttar Pradesh,Shamli,295,42
Uttar Pradesh,Shrawasti,132,8
Uttar Pradesh,Siddharthnagar,284,36
Uttar Pradesh,Sitapur,2610,402
Uttar Pradesh,Sonbhadra,1033,150
Uttar Pradesh,Sultanpur,1294,183
Uttar Pradesh,Unnao,4442,286
Uttar Pradesh,Varanasi,4194,390
Uttarakhand,Almora,60,12
Uttarakhand,Bageshwar,3,1
Uttarakhand,Chamoli,7,1
Uttarakhand,Champawat,67,26
Uttarakhand,Dehradun,1013,190
Uttarakhand,Haridwar,1042,97
Uttarakhand,Nainital,497,273
Uttarakhand,Pauri Garhwal,129,14
Uttarakhand,Pithoragarh,11,4
Uttarakhand,Rudraprayag,1,2
Uttarakhand,Tehri Garhwal,9,6
Uttarakhand,Udham Singh Nagar,101,231
Uttarakhand,Uttarkashi,6,30
West Bengal,Bankura,4573,267
West Bengal,Barddhaman,3499,180
West Bengal,Birbhum,611,47
West Bengal,Cooch Behar,9,7
West Bengal,Dakshin Dinajpur,30,3
West Bengal,Darjeeling,53,195
West Bengal,Hooghly,475,28
West Bengal,Howrah,4,4
West Bengal,Jalpaiguri,492,727
West Bengal,Kolkata,11,6
West Bengal,Malda,7,10
West Bengal,Murshidabad,42,16
West Bengal,Nadia,850,101
West Bengal,North 24 Parganas,1855,333
West Bengal,Paschim Medinipur,4002,238
West Bengal,Purba Medinipur,158,23
West Bengal,Puruliya,3586,233
West Bengal,South 24 Parganas,10508,301
West Bengal,Uttar Dinajpur,49,32
