State,District,Aadhaar generated,Enrolment Rejected
Andhra Pradesh,Adilabad,80,97
Andhra Pradesh,Ananthapur,279,295
Andhra Pradesh,Chittoor,727,374
Andhra Pradesh,Cuddapah,642,99
Andhra Pradesh,East Godavari,876,253
Andhra Pradesh,Guntur,234,205
Andhra Pradesh,Hyderabad,3,34
Andhra Pradesh,K.v. Rangareddy,22,108
Andhra Pradesh,Karimnagar,25,48
Andhra Pradesh,Khammam,57,119
Andhra Pradesh,Krishna,328,114
Andhra Pradesh,Kurnool,1298,980
Andhra Pradesh,Mahabubnagar,146,188
Andhra Pradesh,Medak,29,58
Andhra Pradesh,Nalgonda,506,145
Andhra Pradesh,Nellore,133,340
Andhra Pradesh,Nizamabad,48,95
Andhra Pradesh,Prakasam,107,89
Andhra Pradesh,Srikakulam,546,113
Andhra Pradesh,Visakhapatnam,268,356
Andhra Pradesh,Vizianagaram,2856,663
Andhra Pradesh,Warangal,91,145
Andhra Pradesh,West Godavari,117,124
Arunachal Pradesh,East Siang,1,0
Arunachal Pradesh,Lohit,1,0
Arunachal Pradesh,Papum Pare,3,0
Arunachal Pradesh,Tawang,144,0
Assam,Baksa,1,0
Assam,Barpeta,3,0
Assam,Bongaigaon,1,0
Assam,Chirang,0,1
Assam,Dhemaji,1,1
Assam,Dibrugarh,6,0
Assam,Golaghat,15,2
Assam,Hailakandi,1,0
Assam,Kamrup,2,0
Assam,Karbi Anglong,1,0
Assam,Karimganj,1,0
Assam,Lakhimpur,3,0
Assam,Marigaon,1,0
Assam,Nagaon,3,3
Assam,North Cachar Hills,2,0
Assam,Sonitpur,2,0
Assam,Udalguri,6,1
Bihar,Araria,59,15
Bihar,Arwal,32,9
Bihar,Aurangabad,1399,87
Bihar,Banka,654,120
Bihar,Begusarai,1951,134
Bihar,Bhagalpur,1972,69
Bihar,Bhojpur,978,48
Bihar,Buxar,6612,79
Bihar,Darbhanga,739,13
Bihar,East Champaran,1987,238
Bihar,Gaya,4148,217
Bihar,Gopalganj,1771,75
Bihar,Jamui,262,29
Bihar,Jehanabad,798,33
Bihar,Kaimur (Bhabua),1566,4
Bihar,Katihar,309,14
Bihar,Khagaria,480,6
Bihar,Kishanganj,87,219
Bihar,Lakhisarai,102,20
Bihar,Madhepura,259,31
Bihar,Madhubani,332,42
Bihar,Munger,535,59
Bihar,Muzaffarpur,9780,327
Bihar,Nalanda,1415,47
Bihar,Nawada,1508,44
Bihar,Patna,5823,504
Bihar,Purnia,1477,273
Bihar,Rohtas,350,21
Bihar,Saharsa,190,27
Bihar,Samastipur,1171,34
Bihar,Saran,1707,211
Bihar,Sheikhpura,127,4
Bihar,Sheohar,17,2
Bihar,Sitamarhi,2302,90
Bihar,Siwan,1159,42
Bihar,Supaul,169,26
Bihar,Vaishali,5895,106
Bihar,West Champaran,485,103
Chandigarh,Chandigarh,79,15
Chhattisgarh,Balod,1678,50
Chhattisgarh,Baloda Bazar,967,20
Chhattisgarh,Balrampur,6,4
Chhattisgarh,Bastar,141,16
Chhattisgarh,Bemetara,72,13
Chhattisgarh,Bijapur,2,0
Chhattisgarh,Bilaspur,3163,280
Chhattisgarh,Dakshin Bastar Dantewada,3,0
Chhattisgarh,Dhamtari,9,0
Chhattisgarh,Durg,1742,152
Chhattisgarh,Gariyaband,9,0
Chhattisgarh,Janjgir-champa,2579,161
Chhattisgarh,Jashpur,20,4
Chhattisgarh,Kanker,489,14
Chhattisgarh,Kawardha,4,0
Chhattisgarh,Kondagaon,502,39
Chhattisgarh,Korba,12,6
Chhattisgarh,Koriya,57,35
Chhattisgarh,Mahasamund,1267,229
Chhattisgarh,Mungeli,2256,538
Chhattisgarh,Narayanpur,67,15
Chhattisgarh,Raigarh,2849,450
Chhattisgarh,Raipur,5456,336
Chhattisgarh,Rajnandgaon,14267,234
Chhattisgarh,Sukma,1,0
Chhattisgarh,Surajpur,111,0
Chhattisgarh,Surguja,1214,13
Chhattisgarh,Uttar Bastar Kanker,728,15
Dadra and Nagar Haveli,Dadra and Nagar Haveli,2,19
Daman and Diu,Daman,4,0
Delhi,Central Delhi,72,25
Delhi,East Delhi,93,71
Delhi,New Delhi,12,4
Delhi,North Delhi,91,20
Delhi,North East Delhi,235,82
Delhi,North West Delhi,526,210
Delhi,South Delhi,446,413
Delhi,South West Delhi,109,28
Delhi,West Delhi,213,100
Goa,North Goa,1,1
Goa,South Goa,0,1
Gujarat,Ahmedabad,589,170
Gujarat,Amreli,256,7
Gujarat,Anand,864,3
Gujarat,Banaskantha,262,20
Gujarat,Bharuch,7,1
Gujarat,Bhavnagar,2043,115
Gujarat,Dahod,109,49
Gujarat,Gandhinagar,176,9
Gujarat,Jamnagar,275,35
Gujarat,Junagadh,93,38
Gujarat,Kachchh,196,27
Gujarat,Kheda,624,27
Gujarat,Mahesana,20,10
Gujarat,Navsari,164,20
Gujarat,Panchmahals,203,101
Gujarat,Patan,578,12
Gujarat,Porbandar,0,2
Gujarat,Rajkot,173,18
Gujarat,Sabarkantha,2999,177
Gujarat,Surat,1007,139
Gujarat,Surendra Nagar,100,12
Gujarat,Tapi,383,10
Gujarat,The Dangs,1110,83
Gujarat,Vadodara,1344,132
Gujarat,Valsad,7,21
Haryana,Ambala,15,8
Haryana,Bhiwani,336,127
Haryana,Faridabad,312,66
Haryana,Fatehabad,4,3
Haryana,Gurgaon,68,34
Haryana,Hisar,86,27
Haryana,Jhajjar,13,8
Haryana,Jind,221,73
Haryana,Kaithal,61,19
Haryana,Karnal,19,20
Haryana,Kurukshetra,41,16
Haryana,Mahendragarh,47,15
Haryana,Mewat,392,23
Haryana,Palwal,6,3
Haryana,Panchkula,43,10
Haryana,Panipat,118,44
Haryana,Rewari,5,2
Haryana,Rohtak,404,25
Haryana,Sirsa,15,32
Haryana,Sonipat,15,33
Haryana,Yamuna Nagar,47,12
Himachal Pradesh,Bilaspur,9,2
Himachal Pradesh,Chamba,11,2
Himachal Pradesh,Hamirpur,0,1
Himachal Pradesh,Kangra,48,9
Himachal Pradesh,Kinnaur,31,0
Himachal Pradesh,Kullu,5,2
Himachal Pradesh,Mandi,11,2
Himachal Pradesh,Shimla,58,6
Himachal Pradesh,Sirmaur,6,0
Himachal Pradesh,Solan,12,10
Himachal Pradesh,Una,9,0
Jammu and Kashmir,Anantnag,1,0
Jammu and Kashmir,Badgam,0,1
Jammu and Kashmir,Bandipore,3,0
Jammu and Kashmir,Baramula,1,0
Jammu and Kashmir,Jammu,134,34
Jammu and Kashmir,Kupwara,2,0
Jammu and Kashmir,Leh,0,1
Jammu and Kashmir,Rajouri,1,0
Jammu and Kashmir,Ramban,2,1
Jammu and Kashmir,Reasi,0,6
Jammu and Kashmir,Samba,0,1
Jammu and Kashmir,Srinagar,2,0
Jammu and Kashmir,Udhampur,2,0
Jharkhand,Bokaro,8,48
Jharkhand,Chatra,58,71
Jharkhand,Deoghar,62,23
Jharkhand,Dhanbad,40,50
Jharkhand,Dumka,22,13
Jharkhand,East Singhbhum,13,4
Jharkhand,Garhwa,6,46
Jharkhand,Giridih,112,73
Jharkhand,Godda,17,11
Jharkhand,Gumla,38,15
Jharkhand,Hazaribagh,7,12
Jharkhand,Jamtara,58,3
Jharkhand,Khunti,24,4
Jharkhand,Koderma,120,25
Jharkhand,Latehar,2,3
Jharkhand,Lohardaga,14,7
Jharkhand,Pakur,174,47
Jharkhand,Palamu,38,56
Jharkhand,Ramgarh,8,13
Jharkhand,Ranchi,99,76
Jharkhand,Sahebganj,63,12
Jharkhand,Seraikela-Kharsawan,17,1
Jharkhand,Simdega,12,7
Jharkhand,West Singhbhum,39,21
Karnataka,Bagalkot,2500,78
Karnataka,Bangalore,104,73
Karnataka,Bangalore Rural,138,8
Karnataka,Belgaum,1201,50
Karnataka,Bellary,2,14
Karnataka,Bidar,56,36
Karnataka,Bijapur,138,66
Karnataka,Chamrajanagar,7,0
Karnataka,Chickmagalur,91,9
Karnataka,Chikkaballapur,1,79
Karnataka,Chitradurga,48,5
Karnataka,Dakshina Kannada,0,6
Karnataka,Davangere,68,27
Karnataka,Dharwad,357,31
Karnataka,Gadag,17,4
Karnataka,Gulbarga,870,93
Karnataka,Hassan,55,27
Karnataka,Haveri,2263,18
Karnataka,Kodagu,834,77
Karnataka,Kolar,44,149
Karnataka,Koppal,4,0
Karnataka,Mandya,26,24
Karnataka,Mysore,32,2
Karnataka,Raichur,7,1
Karnataka,Ramanagar,1,0
Karnataka,Shimoga,8,8
Karnataka,Tumkur,106,59
Karnataka,Udupi,2,12
Karnataka,Uttara Kannada,5,2
Karnataka,Yadgir,4,20
Kerala,Alappuzha,31,7
Kerala,Ernakulam,26,6
Kerala,Idukki,3,4
Kerala,Kannur,22,17
Kerala,Kasaragod,2,4
Kerala,Kollam,64,4
Kerala,Kottayam,41,7
Kerala,Kozhikode,80,12
Kerala,Malappuram,61,18
Kerala,Palakkad,35,34
Kerala,Pathanamthitta,18,1
Kerala,Thiruvananthapuram,37,12
Kerala,Thrissur,25,10
Kerala,Wayanad,39,3
Lakshadweep,Lakshadweep,2,1
Madhya Pradesh,Alirajpur,13,4
Madhya Pradesh,Anuppur,6,0
Madhya Pradesh,Ashok Nagar,477,36
Madhya Pradesh,Balaghat,85,9
Madhya Pradesh,Barwani,756,128
Madhya Pradesh,Betul,120,9
Madhya Pradesh,Bhind,133,22
Madhya Pradesh,Bhopal,81,21
Madhya Pradesh,Chhatarpur,108,23
Madhya Pradesh,Chhindwara,76,25
Madhya Pradesh,Damoh,363,34
Madhya Pradesh,Datia,12,7
Madhya Pradesh,Dewas,156,17
Madhya Pradesh,Dhar,75,30
Madhya Pradesh,Dindori,47,3
Madhya Pradesh,Guna,205,60
Madhya Pradesh,Gwalior,160,32
Madhya Pradesh,Harda,41,7
Madhya Pradesh,Hoshangabad,62,13
Madhya Pradesh,Indore,98,184
Madhya Pradesh,Jabalpur,18,44
Madhya Pradesh,Jhabua,23,3
Madhya Pradesh,Katni,64,12
Madhya Pradesh,Khandwa,61,32
Madhya Pradesh,Khargone,98,40
Madhya Pradesh,Mandla,55,7
Madhya Pradesh,Mandsaur,20,20
Madhya Pradesh,Morena,95,33
Madhya Pradesh,Narsinghpur,79,13
Madhya Pradesh,Neemuch,1,4
Madhya Pradesh,Panna,5,12
Madhya Pradesh,Raisen,166,89
Madhya Pradesh,Rajgarh,157,34
Madhya Pradesh,Ratlam,31,41
Madhya Pradesh,Rewa,242,166
Madhya Pradesh,Sagar,189,54
Madhya Pradesh,Satna,74,59
Madhya Pradesh,Sehore,156,93
Madhya Pradesh,Seoni,44,23
Madhya Pradesh,Shahdol,20,19
Madhya Pradesh,Shajapur,16,37
Madhya Pradesh,Sheopur,91,21
Madhya Pradesh,Shivpuri,740,55
Madhya Pradesh,Sidhi,369,15
Madhya Pradesh,Singrauli,88,10
Madhya Pradesh,Tikamgarh,26,5
Madhya Pradesh,Ujjain,47,18
Madhya Pradesh,Umaria,18,10
Madhya Pradesh,Vidisha,9,41
Maharashtra,Ahmadnagar,150,55
Maharashtra,Akola,200,37
Maharashtra,Amravati,29,21
Maharashtra,Aurangabad,237,63
Maharashtra,Beed,326,37
Maharashtra,Bhandara,27,35
Maharashtra,Buldhana,294,58
Maharashtra,Chandrapur,45,38
Maharashtra,Dhule,137,43
Maharashtra,Gadchiroli,73,5
Maharashtra,Gondiya,202,39
Maharashtra,Hingoli,347,43
Maharashtra,Jalgaon,207,115
Maharashtra,Jalna,201,62
Maharashtra,Kolhapur,42,18
Maharashtra,Latur,212,50
Maharashtra,Mumbai,198,81
Maharashtra,Nagpur,73,55
Maharashtra,Nanded,272,65
Maharashtra,Nandurbar,30,13
Maharashtra,Nashik,363,119
Maharashtra,Osmanabad,199,38
Maharashtra,Palghar,33,22
Maharashtra,Parbhani,242,53
Maharashtra,Pune,211,60
Maharashtra,Raigarh,45,2
Maharashtra,Ratnagiri,126,12
Maharashtra,Sangli,14,5
Maharashtra,Satara,93,30
Maharashtra,Sindhudurg,51,0
Maharashtra,Solapur,244,58
Maharashtra,Thane,114,31
Maharashtra,Wardha,15,4
Maharashtra,Washim,96,21
Maharashtra,Yavatmal,252,65
Manipur,Churachandpur,4,1
Manipur,Imphal East,7,0
Manipur,Imphal West,9,1
Manipur,Senapati,1,0
Manipur,Thoubal,1,1
Mizoram,Aizawl,4,2
Mizoram,Kolasib,1,0
Mizoram,Lawngtlai,11,1
Mizoram,Saiha,1,0
Nagaland,Kohima,0,1
Nagaland,Phek,0,1
Odisha,Angul,29,1
Odisha,Balangir,1,11
Odisha,Baleswar,5,2
Odisha,Bargarh,285,92
Odisha,Bhadrak,10,3
Odisha,Boudh,1,0
Odisha,Cuttack,5,4
Odisha,Debagarh,0,2
Odisha,Dhenkanal,8,1
Odisha,Gajapati,1,0
Odisha,Ganjam,115,19
Odisha,Jagatsinghapur,4,2
Odisha,Jajapur,35,60
Odisha,Jharsuguda,1,0
Odisha,Kalahandi,0,1
Odisha,Kandhamal,54,22
Odisha,Kendrapara,10,1
Odisha,Kendujhar,34,21
Odisha,Khorda,6,80
Odisha,Koraput,23,0
Odisha,Malkangiri,0,1
Odisha,Mayurbhanj,315,125
Odisha,Nabarangapur,2,0
Odisha,Nayagarh,24,0
Odisha,Nuapada,5,0
Odisha,Puri,1,5
Odisha,Rayagada,2,1
Odisha,Sambalpur,32,7
Odisha,Sonapur,0,3
Odisha,Sundergarh,79,9
Others,Others,11,75
Puducherry,Karaikal,5,1
Puducherry,Puducherry,2,3
Punjab,Amritsar,43,50
Punjab,Barnala,0,12
Punjab,Bathinda,16,16
Punjab,Faridkot,4,4
Punjab,Fatehgarh Sahib,15,8
Punjab,Fazilka,73,20
Punjab,Ferozepur,21,18
Punjab,Gurdaspur,135,26
Punjab,Hoshiarpur,38,19
Punjab,Jalandhar,167,28
Punjab,Kapurthala,2,7
Punjab,Ludhiana,522,149
Punjab,Mansa,4,11
Punjab,Moga,2,12
Punjab,Pathankot,19,4
Punjab,Patiala,3,7
Punjab,Rupnagar,17,1
Punjab,SAS Nagar (Mohali),19,9
Punjab,Sangrur,7,19
Punjab,Shaheed Bhagat Singh Nagar,13,2
Punjab,Sri Muktsar Sahib,314,23
Punjab,Tarn Taran,13,14
Rajasthan,Ajmer,457,191
Rajasthan,Alwar,823,169
Rajasthan,Banswara,270,51
Rajasthan,Baran,716,112
Rajasthan,Barmer,1332,101
Rajasthan,Bharatpur,3631,221
Rajasthan,Bhilwara,1069,93
Rajasthan,Bikaner,797,60
Rajasthan,Bundi,168,70
Rajasthan,Chittorgarh,757,40
Rajasthan,Churu,727,151
Rajasthan,Dausa,722,145
Rajasthan,Dholpur,396,143
Rajasthan,Dungarpur,276,48
Rajasthan,Ganganagar,1205,54
Rajasthan,Hanumangarh,1572,81
Rajasthan,Jaipur,2627,461
Rajasthan,Jaisalmer,384,4
Rajasthan,Jalor,1119,130
Rajasthan,Jhalawar,367,84
Rajasthan,Jhunjhunun,629,90
Rajasthan,Jodhpur,1696,169
Rajasthan,Karauli,1509,81
Rajasthan,Kota,667,62
Rajasthan,Nagaur,1844,223
Rajasthan,Pali,3133,552
Rajasthan,Pratapgarh,777,34
Rajasthan,Rajsamand,614,33
Rajasthan,Sawai Madhopur,1169,15
Rajasthan,Sikar,1663,155
Rajasthan,Sirohi,797,43
Rajasthan,Tonk,1155,67
Rajasthan,Udaipur,394,252
Sikkim,East Sikkim,4,0
Sikkim,South Sikkim,1,2
Sikkim,West Sikkim,8,0
Tamil Nadu,Ariyalur,1,0
Tamil Nadu,Chennai,5,0
Tamil Nadu,Coimbatore,0,3
Tamil Nadu,Cuddalore,1,0
Tamil Nadu,Dharmapuri,1,1
Tamil Nadu,Dindigul,58,0
Tamil Nadu,Erode,0,25
Tamil Nadu,Kancheepuram,5,0
Tamil Nadu,Karur,4,9
Tamil Nadu,Madurai,1,0
Tamil Nadu,Namakkal,2,1
Tamil Nadu,Perambalur,1,21
Tamil Nadu,Pudukkottai,5,0
Tamil Nadu,Salem,1,0
Tamil Nadu,Sivaganga,1,0
Tamil Nadu,Thanjavur,1,0
Tamil Nadu,The Nilgiris,0,11
Tamil Nadu,Thoothukkudi,1,0
Tamil Nadu,Tiruchirappalli,5901,57
Tamil Nadu,Tirunelveli,3427,77
Tamil Nadu,Tiruppur,0,1
Tamil Nadu,Tiruvallur,2,67
Tamil Nadu,Tiruvannamalai,0,15
Tamil Nadu,Vellore,2,0
Tamil Nadu,Villupuram,0,106
Tamil Nadu,Virudhunagar,6,0
Tripura,Dhalai,0,1
Tripura,Gomati,1,0
Tripura,Khowai,1,0
Tripura,North Tripura,1,9
Tripura,Sepahijala,6,1
Tripura,South Tripura,2,0
Tripura,West Tripura,1,5
Uttar Pradesh,Agra,6099,808
Uttar Pradesh,Aligarh,2904,276
Uttar Pradesh,Allahabad,3454,189
Uttar Pradesh,Ambedkar Nagar,870,75
Uttar Pradesh,Amethi,72,21
Uttar Pradesh,Amroha,2876,76
Uttar Pradesh,Auraiya,1380,77
Uttar Pradesh,Azamgarh,1245,98
Uttar Pradesh,Baghpat,2130,113
Uttar Pradesh,Bahraich,2889,302
Uttar Pradesh,Ballia,5574,416
Uttar Pradesh,Balrampur,205,15
Uttar Pradesh,Banda,202,14
Uttar Pradesh,Bara Banki,3974,294
Uttar Pradesh,Bareilly,1029,233
Uttar Pradesh,Basti,2932,104
Uttar Pradesh,Bijnor,7260,1385
Uttar Pradesh,Budaun,1381,65
Uttar Pradesh,Bulandshahr,2839,269
Uttar Pradesh,Chandauli,66,9
Uttar Pradesh,Chitrakoot,227,4
Uttar Pradesh,Deoria,1742,108
Uttar Pradesh,Etah,4706,48
Uttar Pradesh,Etawah,52,24
Uttar Pradesh,Faizabad,3787,123
Uttar Pradesh,Farrukhabad,480,39
Uttar Pradesh,Fatehpur,876,39
Uttar Pradesh,Firozabad,1568,191
Uttar Pradesh,Gautam Buddha Nagar,1507,143
Uttar Pradesh,Ghaziabad,2154,287
Uttar Pradesh,Ghazipur,2947,77
Uttar Pradesh,Gonda,706,65
Uttar Pradesh,Gorakhpur,3425,147
Uttar Pradesh,Hamirpur,25,6
Uttar Pradesh,Hapur,369,94
Uttar Pradesh,Hardoi,1139,53
Uttar Pradesh,Hathras,225,72
Uttar Pradesh,Jalaun,517,11
Uttar Pradesh,Jaunpur,2039,131
Uttar Pradesh,Jhansi,1131,111
Uttar Pradesh,Kannauj,322,42
Uttar Pradesh,Kanpur Dehat,409,70
Uttar Pradesh,Kanpur Nagar,3235,521
Uttar Pradesh,Kasganj,1244,112
Uttar Pradesh,Kaushambi,645,84
Uttar Pradesh,Kheri,3035,91
Uttar Pradesh,Kushinagar,2706,30
Uttar Pradesh,Lalitpur,987,140
Uttar Pradesh,Lucknow,6098,685
Uttar Pradesh,Maharajganj,366,43
Uttar Pradesh,Mahoba,6,6
Uttar Pradesh,Mainpuri,987,85
Uttar Pradesh,Mathura,2774,158
Uttar Pradesh,Mau,455,58
Uttar Pradesh,Meerut,2439,304
Uttar Pradesh,Mirzapur,1141,63
Uttar Pradesh,Moradabad,6557,804
Uttar Pradesh,Muzaffarnagar,2797,150
Uttar Pradesh,Pilibhit,386,67
Uttar Pradesh,Pratapgarh,4020,71
Uttar Pradesh,Rae Bareli,106,25
Uttar Pradesh,Rampur,4101,113
Uttar Pradesh,Saharanpur,3155,207
Uttar Pradesh,Sambhal,1469,95
Uttar Pradesh,Sant Kabir Nagar,15,4
Uttar Pradesh,Sant Ravidas Nagar,314,61
Uttar Pradesh,Shahjahanpur,370,68
Uttar Pradesh,Shamli,1058,32
Uttar Pradesh,Shrawasti,73,2
Uttar Pradesh,Siddharthnagar,173,17
Uttar Pradesh,Sitapur,3503,189
Uttar Pradesh,Sonbhadra,608,22
Uttar Pradesh,Sultanpur,3287,80
Uttar Pradesh,Unnao,4011,120
Uttar Pradesh,Varanasi,2370,204
Uttarakhand,Almora,124,4
Uttarakhand,Bageshwar,3,0
Uttarakhand,Chamoli,14,1
Uttarakhand,Champawat,13,5
Uttarakhand,Dehradun,4399,227
Uttarakhand,Haridwar,803,48
Uttarakhand,Nainital,858,99
Uttarakhand,Pauri Garhwal,81,21
Uttarakhand,Pithoragarh,8,3
Uttarakhand,Rudraprayag,3,2
Uttarakhand,Tehri Garhwal,15,4
Uttarakhand,Udham Singh Nagar,1731,283
Uttarakhand,Uttarkashi,2,0
West Bengal,Bankura,12,128
West Bengal,Barddhaman,13,48
West Bengal,Birbhum,6,23
West Bengal,Cooch Behar,11,2
West Bengal,Dakshin Dinajpur,4,0
West Bengal,Darjeeling,10190,35
West Bengal,Hooghly,3,1
West Bengal,Howrah,6,2
West Bengal,Jalpaiguri,7707,69
West Bengal,Kolkata,4,1
West Bengal,Malda,20,2
West Bengal,Murshidabad,152,10
West Bengal,Nadia,56,29
West Bengal,North 24 Parganas,35,78
West Bengal,Paschim Medinipur,217,65
West Bengal,Purba Medinipur,15,21
West Bengal,Puruliya,41,219
West Bengal,South 24 Parganas,444,161
West Bengal,Uttar Dinajpur,11,8
