State,District,Aadhaar generated,Enrolment Rejected
Andhra Pradesh,Adilabad,207,34
Andhra Pradesh,Ananthapur,643,97
Andhra Pradesh,Chittoor,585,118
Andhra Pradesh,Cuddapah,425,24
Andhra Pradesh,East Godavari,640,82
Andhra Pradesh,Guntur,574,89
Andhra Pradesh,Hyderabad,175,26
Andhra Pradesh,Karimnagar,555,78
Andhra Pradesh,Khammam,581,65
Andhra Pradesh,Krishna,538,58
Andhra Pradesh,Kurnool,1543,375
Andhra Pradesh,Mahbubnagar,968,182
Andhra Pradesh,Medak,300,84
Andhra Pradesh,Nalgonda,732,157
Andhra Pradesh,Nellore,1063,354
Andhra Pradesh,Nizamabad,441,195
Andhra Pradesh,Prakasam,682,97
Andhra Pradesh,Ranga Reddy,354,73
Andhra Pradesh,Srikakulam,273,43
Andhra Pradesh,Visakhapatnam,1233,344
Andhra Pradesh,Vizianagaram,1934,196
Andhra Pradesh,Warangal,461,46
Andhra Pradesh,West Godavari,621,71
Arunachal Pradesh,Tawang,4,0
Arunachal Pradesh,West Kameng,340,1
Assam,Baksa,4,0
Assam,Barpeta,6,0
Assam,Bongaigaon,1,0
Assam,Cachar,6,0
Assam,Chirang,1,0
Assam,Darrang,1,0
Assam,Dhemaji,2,1
Assam,Dhubri,1,0
Assam,Dibrugarh,2,0
Assam,Golaghat,2,0
Assam,Kamrup,2,0
Assam,Kamrup Metro,1,0
Assam,Karbi Anglong,2,0
Assam,Karimganj,4,0
Assam,Kokrajhar,0,1
Assam,Lakhimpur,1,0
Assam,Nagaon,409,4
Assam,North Cachar Hills,1,0
Assam,Sonitpur,466,0
Assam,Udalguri,1,0
Bihar,Araria,242,6
Bihar,Arwal,72,3
Bihar,Aurangabad,285,30
Bihar,Banka,2412,102
Bihar,Begusarai,1558,37
Bihar,Bhagalpur,442,10
Bihar,Bhojpur,260,12
Bihar,Buxar,495,87
Bihar,Darbhanga,1248,61
Bihar,East Champaran,2692,92
Bihar,Gaya,3430,55
Bihar,Gopalganj,1688,45
Bihar,Jamui,220,14
Bihar,Jehanabad,445,22
Bihar,Kaimur (Bhabua),42,4
Bihar,Katihar,314,7
Bihar,Khagaria,48,3
Bihar,Kishanganj,133,12
Bihar,Lakhisarai,659,9
Bihar,Madhepura,636,6
Bihar,Madhubani,647,11
Bihar,Munger,390,16
Bihar,Muzaffarpur,5955,75
Bihar,Nalanda,938,26
Bihar,Nawada,1155,12
Bihar,Patna,3436,271
Bihar,Purnia,3245,165
Bihar,Rohtas,1785,25
Bihar,Saharsa,337,6
Bihar,Samastipur,2320,87
Bihar,Saran,2112,103
Bihar,Sheikhpura,15,6
Bihar,Sheohar,10,0
Bihar,Sitamarhi,3257,42
Bihar,Siwan,2891,74
Bihar,Supaul,475,26
Bihar,Vaishali,755,39
Bihar,West Champaran,3303,199
Chandigarh,Chandigarh,55,5
Chhattisgarh,Balod,1837,42
Chhattisgarh,Baloda Bazar,468,142
Chhattisgarh,Balrampur,7,1
Chhattisgarh,Bastar,124,1
Chhattisgarh,Bemetara,97,4
Chhattisgarh,Bilaspur,3584,101
Chhattisgarh,Dakshin Bastar Dantewada,24,0
Chhattisgarh,Dhamtari,5,1
Chhattisgarh,Durg,6196,102
Chhattisgarh,Gariyaband,34,1
Chhattisgarh,Janjgir Champa,1635,41
Chhattisgarh,Jashpur,8,3
Chhattisgarh,Kabeerdham,3,0
Chhattisgarh,Kanker,885,16
Chhattisgarh,Kawardha,13,1
Chhattisgarh,Kondagaon,1916,41
Chhattisgarh,Korba,5,7
Chhattisgarh,Koriya,76,21
Chhattisgarh,Mahasamund,1168,41
Chhattisgarh,Mungeli,296,0
Chhattisgarh,Narayanpur,19,9
Chhattisgarh,Raigarh,1551,411
Chhattisgarh,Raipur,3979,96
Chhattisgarh,Rajnandgaon,5640,101
Chhattisgarh,Sukma,3,0
Chhattisgarh,Surajpur,0,1
Chhattisgarh,Surguja,1400,15
Chhattisgarh,Uttar Bastar Kanker,496,5
Dadra and Nagar Haveli,Dadra and Nagar Haveli,143,2
Daman and Diu,Daman,4,0
Delhi,Central Delhi,180,17
Delhi,East Delhi,105,13
Delhi,New Delhi,34,1
Delhi,North Delhi,50,9
Delhi,North East Delhi,163,13
Delhi,North West Delhi,407,28
Delhi,South Delhi,316,36
Delhi,South West Delhi,203,14
Delhi,West Delhi,412,13
Goa,North Goa,0,1
Goa,South Goa,3,0
Gujarat,Ahmedabad,1297,87
Gujarat,Amreli,273,18
Gujarat,Anand,229,8
Gujarat,Banaskantha,163,8
Gujarat,Bharuch,112,63
Gujarat,Bhavnagar,477,17
Gujarat,Dahod,154,109
Gujarat,Gandhinagar,231,13
Gujarat,Jamnagar,580,10
Gujarat,Junagadh,243,30
Gujarat,Kachchh,270,13
Gujarat,Kheda,20,2
Gujarat,Mahesana,52,2
Gujarat,Narmada,170,0
Gujarat,Navsari,13,4
Gujarat,Panchmahal,1250,62
Gujarat,Patan,10,6
Gujarat,Porbandar,5,1
Gujarat,Rajkot,136,5
Gujarat,Sabarkantha,1527,63
Gujarat,Surat,1364,31
Gujarat,Surendranagar,280,3
Gujarat,Tapi,386,8
Gujarat,The Dangs,16,2
Gujarat,Vadodara,898,44
Gujarat,Valsad,594,53
Haryana,Ambala,64,8
Haryana,Bhiwani,59,22
Haryana,Faridabad,575,24
Haryana,Fatehabad,99,8
Haryana,Gurgaon,149,11
Haryana,Hisar,310,46
Haryana,Jhajjar,59,28
Haryana,Jind,54,26
Haryana,Kaithal,80,8
Haryana,Karnal,76,14
Haryana,Kurukshetra,122,15
Haryana,Mahendragarh,15,2
Haryana,Mewat,253,102
Haryana,Palwal,32,50
Haryana,Panchkula,31,4
Haryana,Panipat,54,8
Haryana,Rewari,15,1
Haryana,Rohtak,368,21
Haryana,Sirsa,86,19
Haryana,Sonipat,137,7
Haryana,Yamuna Nagar,81,28
Himachal Pradesh,Bilaspur,2,0
Himachal Pradesh,Chamba,5,0
Himachal Pradesh,Hamirpur,2,0
Himachal Pradesh,Kangra,70,3
Himachal Pradesh,Kinnaur,2,0
Himachal Pradesh,Kullu,3,0
Himachal Pradesh,Mandi,2,0
Himachal Pradesh,Shimla,107,1
Himachal Pradesh,Sirmaur,17,0
Himachal Pradesh,Solan,35,1
Himachal Pradesh,Una,5,0
Jammu and Kashmir,Anantnag,54,2
Jammu and Kashmir,Badgam,0,1
Jammu and Kashmir,Bandipore,1,0
Jammu and Kashmir,Baramula,1,0
Jammu and Kashmir,Doda,10,12
Jammu and Kashmir,Ganderbal,3,0
Jammu and Kashmir,Jammu,1758,32
Jammu and Kashmir,Kathua,34,102
Jammu and Kashmir,Kishtwar,5,204
Jammu and Kashmir,Kulgam,2,7
Jammu and Kashmir,Kupwara,2,1
Jammu and Kashmir,Pulwama,8,1
Jammu and Kashmir,Punch,6,0
Jammu and Kashmir,Rajouri,3,0
Jammu and Kashmir,Ramban,43,420
Jammu and Kashmir,Reasi,9,1
Jammu and Kashmir,Samba,17,8
Jammu and Kashmir,Udhampur,69,9
Jharkhand,Bokaro,74,4
Jharkhand,Chatra,109,11
Jharkhand,Deoghar,112,9
Jharkhand,Dhanbad,279,11
Jharkhand,Dumka,30,3
Jharkhand,East Singhbhum,39,1
Jharkhand,Garhwa,406,41
Jharkhand,Giridih,155,10
Jharkhand,Godda,129,9
Jharkhand,Gumla,82,2
Jharkhand,Hazaribagh,69,1
Jharkhand,Jamtara,54,2
Jharkhand,Khunti,23,2
Jharkhand,Koderma,132,13
Jharkhand,Latehar,44,3
Jharkhand,Lohardaga,32,3
Jharkhand,Pakur,101,7
Jharkhand,Palamu,297,42
Jharkhand,Ramgarh,23,2
Jharkhand,Ranchi,130,4
Jharkhand,Sahibganj,119,8
Jharkhand,Seraikela-Kharsawan,17,2
Jharkhand,Simdega,91,2
Jharkhand,West Singhbhum,142,3
Karnataka,Bagalkot,225,29
Karnataka,Bangalore,205,10
Karnataka,Bangalore Rural,98,9
Karnataka,Belgaum,135,31
Karnataka,Bellary,68,20
Karnataka,Bidar,26,14
Karnataka,Bijapur,357,13
Karnataka,Chamarajanagar,3,0
Karnataka,Chikkaballapur,45,4
Karnataka,Chikmagalur,200,1
Karnataka,Chitradurga,43,7
Karnataka,Dakshina Kannada,49,16
Karnataka,Davangere,4,2
Karnataka,Dharwad,14,7
Karnataka,Gadag,1,2
Karnataka,Gulbarga,106,6
Karnataka,Hassan,134,8
Karnataka,Haveri,129,120
Karnataka,Kodagu,34,34
Karnataka,Kolar,9,11
Karnataka,Koppal,5,5
Karnataka,Mandya,30,7
Karnataka,Mysore,20,19
Karnataka,Raichur,21,3
Karnataka,Ramanagar,23,1
Karnataka,Shimoga,57,39
Karnataka,Tumkur,36,10
Karnataka,Udupi,10,7
Karnataka,Uttara Kannada,67,3
Karnataka,Yadgir,164,26
Kerala,Alappuzha,26,4
Kerala,Ernakulam,55,6
Kerala,Idukki,17,4
Kerala,Kannur,69,5
Kerala,Kasaragod,23,3
Kerala,Kollam,36,4
Kerala,Kottayam,42,5
Kerala,Kozhikode,66,4
Kerala,Malappuram,107,5
Kerala,Palakkad,63,4
Kerala,Pathanamthitta,22,0
Kerala,Thiruvananthapuram,56,6
Kerala,Thrissur,30,2
Kerala,Wayanad,3,1
Lakshadweep,Lakshadweep,2,0
Madhya Pradesh,Alirajpur,72,9
Madhya Pradesh,Anuppur,51,6
Madhya Pradesh,Ashok Nagar,44,2
Madhya Pradesh,Balaghat,136,15
Madhya Pradesh,Barwani,904,51
Madhya Pradesh,Betul,48,4
Madhya Pradesh,Bhind,180,8
Madhya Pradesh,Bhopal,121,30
Madhya Pradesh,Burhanpur,8,2
Madhya Pradesh,Chhatarpur,247,24
Madhya Pradesh,Chhindwara,130,32
Madhya Pradesh,Damoh,320,18
Madhya Pradesh,Datia,34,1
Madhya Pradesh,Dewas,161,12
Madhya Pradesh,Dhar,501,25
Madhya Pradesh,Dindori,31,16
Madhya Pradesh,Guna,83,19
Madhya Pradesh,Gwalior,161,10
Madhya Pradesh,Harda,39,4
Madhya Pradesh,Hoshangabad,110,13
Madhya Pradesh,Indore,232,39
Madhya Pradesh,Jabalpur,444,55
Madhya Pradesh,Jhabua,229,5
Madhya Pradesh,Katni,150,15
Madhya Pradesh,Khandwa,15,12
Madhya Pradesh,Khargone,520,50
Madhya Pradesh,Mandla,105,26
Madhya Pradesh,Mandsaur,53,10
Madhya Pradesh,Morena,325,8
Madhya Pradesh,Narsinghpur,44,6
Madhya Pradesh,Neemuch,6,8
Madhya Pradesh,Panna,64,3
Madhya Pradesh,Raisen,104,8
Madhya Pradesh,Rajgarh,406,17
Madhya Pradesh,Ratlam,107,11
Madhya Pradesh,Rewa,114,85
Madhya Pradesh,Sagar,166,19
Madhya Pradesh,Satna,143,41
Madhya Pradesh,Sehore,52,8
Madhya Pradesh,Seoni,197,15
Madhya Pradesh,Shahdol,123,8
Madhya Pradesh,Shajapur,137,4
Madhya Pradesh,Sheopur,87,0
Madhya Pradesh,Shivpuri,216,20
Madhya Pradesh,Sidhi,21,16
Madhya Pradesh,Singrauli,62,6
Madhya Pradesh,Tikamgarh,163,18
Madhya Pradesh,Ujjain,162,22
Madhya Pradesh,Umaria,76,11
Madhya Pradesh,Vidisha,54,12
Maharashtra,Ahmednagar,483,11
Maharashtra,Akola,97,6
Maharashtra,Amravati,66,2
Maharashtra,Aurangabad,409,26
Maharashtra,Beed,274,19
Maharashtra,Bhandara,80,5
Maharashtra,Buldhana,367,21
Maharashtra,Chandrapur,105,8
Maharashtra,Dhule,213,8
Maharashtra,Gadchiroli,274,7
Maharashtra,Gondia,90,12
Maharashtra,Hingoli,248,6
Maharashtra,Jalgaon,591,96
Maharashtra,Jalna,166,38
Maharashtra,Kolhapur,301,20
Maharashtra,Latur,229,13
Maharashtra,Mumbai,109,3
Maharashtra,Nagpur,154,18
Maharashtra,Nanded,731,13
Maharashtra,Nandurbar,38,0
Maharashtra,Nashik,490,33
Maharashtra,Osmanabad,149,14
Maharashtra,Parbhani,484,19
Maharashtra,Pune,411,40
Maharashtra,Raigad,141,6
Maharashtra,Ratnagiri,458,14
Maharashtra,Sangli,61,20
Maharashtra,Satara,136,3
Maharashtra,Sindhudurg,56,2
Maharashtra,Solapur,315,35
Maharashtra,Thane,245,122
Maharashtra,Wardha,38,1
Maharashtra,Washim,280,3
Maharashtra,Yavatmal,402,17
Manipur,Imphal East,2,0
Manipur,Imphal West,2,1
Manipur,Senapati,2,0
Manipur,Tamenglong,1,0
Manipur,Thoubal,34,0
Meghalaya,East Khasi Hills,528,0
Mizoram,Aizawl,152,0
Mizoram,Champhai,4,0
Mizoram,Kolasib,20,0
Mizoram,Lunglei,4,0
Mizoram,Saiha,2,0
Mizoram,Serchhip,2,0
Nagaland,Dimapur,1,1
Nagaland,Mokokchung,0,1
Odisha,Angul,3,0
Odisha,Anugul,41,0
Odisha,Balangir,8,25
Odisha,Baleswar,5,0
Odisha,Baudh,3474,25
Odisha,Bhadrak,23,0
Odisha,Cuttack,53,1
Odisha,Debagarh,4,73
Odisha,Dhenkanal,775,220
Odisha,Ganjam,2574,94
Odisha,Jagatsinghapur,480,238
Odisha,Jajapur,10,1
Odisha,Jharsuguda,1,17
Odisha,Kalahandi,2232,229
Odisha,Kandhamal,1,0
Odisha,Kendrapara,4,4
Odisha,Kendujhar,1,1
Odisha,Khorda,13,4
Odisha,Koraput,2908,13884
Odisha,Malkangiri,8,50
Odisha,Mayurbhanj,6,11
Odisha,Nabarangapur,183,2
Odisha,Nayagarh,7,0
Odisha,Nuapada,20,0
Odisha,Puri,7,7
Odisha,Rayagada,18,152
Odisha,Sambalpur,2,3
Odisha,Sundergarh,9,5
Others,Others,68,3345
Puducherry,Karaikal,51,3
Puducherry,Puducherry,19,2
Punjab,Amritsar,210,16
Punjab,Barnala,88,13
Punjab,Bathinda,112,23
Punjab,Faridkot,53,5
Punjab,Fatehgarh Sahib,39,4
Punjab,Fazilka,157,18
Punjab,Firozpur,107,29
Punjab,Gurdaspur,127,6
Punjab,Hoshiarpur,153,12
Punjab,Jalandhar,280,19
Punjab,Kapurthala,189,8
Punjab,Ludhiana,764,42
Punjab,Mansa,177,15
Punjab,Moga,87,0
Punjab,Pathankot,44,7
Punjab,Patiala,109,17
Punjab,Rupnagar,316,8
Punjab,SAS Nagar (Mohali),57,7
Punjab,Sangrur,70,15
Punjab,Shaheed Bhagat Singh Nagar,46,2
Punjab,Sri Muktsar Sahib,39,4
Punjab,Tarn Taran,79,6
Rajasthan,Ajmer,502,154
Rajasthan,Alwar,1576,106
Rajasthan,Banswara,357,16
Rajasthan,Baran,206,8
Rajasthan,Barmer,103,21
Rajasthan,Bharatpur,2686,57
Rajasthan,Bhilwara,184,29
Rajasthan,Bikaner,375,35
Rajasthan,Bundi,311,41
Rajasthan,Chittorgarh,56,8
Rajasthan,Churu,271,50
Rajasthan,Dausa,915,69
Rajasthan,Dholpur,103,12
Rajasthan,Dungarpur,897,5
Rajasthan,Ganganagar,148,6
Rajasthan,Hanumangarh,406,17
Rajasthan,Jaipur,1708,150
Rajasthan,Jaisalmer,4,1
Rajasthan,Jalor,39,1
Rajasthan,Jhalawar,813,65
Rajasthan,Jhunjhunu,315,7
Rajasthan,Jodhpur,495,57
Rajasthan,Karauli,265,23
Rajasthan,Kota,82,7
Rajasthan,Nagaur,1264,96
Rajasthan,Pali,385,51
Rajasthan,Pratapgarh,305,19
Rajasthan,Rajsamand,180,20
Rajasthan,Sawai Madhopur,505,12
Rajasthan,Sikar,405,74
Rajasthan,Sirohi,28,20
Rajasthan,Tonk,454,43
Rajasthan,Udaipur,89,35
Sikkim,East Sikkim,0,2
Sikkim,South Sikkim,1,0
Sikkim,West Sikkim,0,3
Tamil Nadu,Chennai,688,24
Tamil Nadu,Coimbatore,130,54
Tamil Nadu,Cuddalore,10,4
Tamil Nadu,Dharmapuri,1,1
Tamil Nadu,Dindigul,4,3
Tamil Nadu,Erode,720,78
Tamil Nadu,Kancheepuram,391,40
Tamil Nadu,Kanyakumari,18,0
Tamil Nadu,Karur,2,0
Tamil Nadu,Krishnagiri,5,0
Tamil Nadu,Madurai,5,0
Tamil Nadu,Nagapattinam,6,3
Tamil Nadu,Namakkal,2,1
Tamil Nadu,Perambalur,60,3
Tamil Nadu,Pudukkottai,1,0
Tamil Nadu,Ramanathapuram,2,0
Tamil Nadu,Salem,3,2
Tamil Nadu,Sivaganga,2,0
Tamil Nadu,Thanjavur,3,3
Tamil Nadu,The Nilgiris,2,0
Tamil Nadu,Theni,4,11
Tamil Nadu,Thiruvarur,2,0
Tamil Nadu,Thoothukudi,2,0
Tamil Nadu,Tiruchirappalli,1,0
Tamil Nadu,Tirunelveli,14,1
Tamil Nadu,Tirupur,80,12
Tamil Nadu,Tiruvallur,69,6
Tamil Nadu,Tiruvannamalai,43,45
Tamil Nadu,Tiruvarur,1,0
Tamil Nadu,Vellore,4,4
Tamil Nadu,Viluppuram,146,80
Tamil Nadu,Virudhunagar,4,8
Tripura,Dhalai,4,1
Tripura,Gomati,4,0
Tripura,Khowai,2,0
Tripura,North Tripura,21,12
Tripura,Sepahijala,47,3
Tripura,South Tripura,71,4
Tripura,Unakoti,4,2
Tripura,West Tripura,20,3
Uttar Pradesh,Agra,6491,226
Uttar Pradesh,Aligarh,3843,151
Uttar Pradesh,Allahabad,2717,181
Uttar Pradesh,Ambedkar Nagar,1451,47
Uttar Pradesh,Amethi,63,3
Uttar Pradesh,Amroha,2680,51
Uttar Pradesh,Auraiya,662,29
Uttar Pradesh,Azamgarh,1233,36
Uttar Pradesh,Baghpat,3191,29
Uttar Pradesh,Bahraich,273,102
Uttar Pradesh,Ballia,2279,327
Uttar Pradesh,Balrampur,16,2
Uttar Pradesh,Banda,101,73
Uttar Pradesh,Barabanki,3620,235
Uttar Pradesh,Bareilly,2173,174
Uttar Pradesh,Basti,1379,185
Uttar Pradesh,Bijnor,9122,359
Uttar Pradesh,Budaun,1048,15
Uttar Pradesh,Bulandshahr,3729,121
Uttar Pradesh,Chandauli,407,17
Uttar Pradesh,Chitrakoot,36,3
Uttar Pradesh,Deoria,932,28
Uttar Pradesh,Etah,2698,90
Uttar Pradesh,Etawah,341,113
Uttar Pradesh,Faizabad,1093,142
Uttar Pradesh,Farrukhabad,601,8
Uttar Pradesh,Fatehpur,477,13
Uttar Pradesh,Firozabad,1608,68
Uttar Pradesh,Gautam Buddha Nagar,903,53
Uttar Pradesh,Ghaziabad,6631,213
Uttar Pradesh,Ghazipur,743,47
Uttar Pradesh,Gonda,2601,91
Uttar Pradesh,Gorakhpur,4108,121
Uttar Pradesh,Hamirpur,23,3
Uttar Pradesh,Hapur,388,122
Uttar Pradesh,Hardoi,1295,38
Uttar Pradesh,Hathras,669,133
Uttar Pradesh,Jalaun,173,12
Uttar Pradesh,Jaunpur,1953,33
Uttar Pradesh,Jhansi,1541,72
Uttar Pradesh,Kannauj,1890,15
Uttar Pradesh,Kanpur Dehat,2476,59
Uttar Pradesh,Kanpur Nagar,3971,203
Uttar Pradesh,Kasganj,320,16
Uttar Pradesh,Kaushambi,801,222
Uttar Pradesh,Kheri,2705,43
Uttar Pradesh,Kushinagar,1364,20
Uttar Pradesh,Lalitpur,1345,78
Uttar Pradesh,Lucknow,5021,240
Uttar Pradesh,Maharajganj,1545,20
Uttar Pradesh,Mahoba,8,3
Uttar Pradesh,Mainpuri,354,934
Uttar Pradesh,Mathura,1985,153
Uttar Pradesh,Mau,2359,28
Uttar Pradesh,Meerut,3234,176
Uttar Pradesh,Mirzapur,3973,84
Uttar Pradesh,Moradabad,3386,250
Uttar Pradesh,Muzaffarnagar,2328,83
Uttar Pradesh,Pilibhit,1048,30
Uttar Pradesh,Pratapgarh,548,60
Uttar Pradesh,Raebareli,244,19
Uttar Pradesh,Rampur,911,24
Uttar Pradesh,Saharanpur,2649,119
Uttar Pradesh,Sambhal,726,63
Uttar Pradesh,Sant Kabir Nagar,22,1
Uttar Pradesh,Sant Ravidas Nagar,684,30
Uttar Pradesh,Shahjahanpur,1061,14
Uttar Pradesh,Shamli,420,23
Uttar Pradesh,Shrawasti,55,9
Uttar Pradesh,Siddharthnagar,1367,77
Uttar Pradesh,Sitapur,2300,191
Uttar Pradesh,Sonbhadra,1386,10
Uttar Pradesh,Sultanpur,2396,63
Uttar Pradesh,Unnao,3135,95
Uttar Pradesh,Varanasi,2878,227
Uttarakhand,Almora,62,0
Uttarakhand,Bageshwar,9,2
Uttarakhand,Chamoli,11,1
Uttarakhand,Champawat,17,7
Uttarakhand,Dehradun,1595,83
Uttarakhand,Haridwar,329,29
Uttarakhand,Nainital,194,24
Uttarakhand,Pauri Garhwal,137,23
Uttarakhand,Pithoragarh,18,3
Uttarakhand,Rudraprayag,18,1
Uttarakhand,Tehri Garhwal,29,4
Uttarakhand,Udham Singh Nagar,1558,57
Uttarakhand,Uttarkashi,10,2
West Bengal,Bankura,1406,106
West Bengal,Barddhaman,1,0
West Bengal,Bardhaman,1591,587
West Bengal,Birbhum,2555,557
West Bengal,Cooch Behar,37,0
West Bengal,Darjeeling,326,3
West Bengal,East Midnapore,84,142
West Bengal,Hooghly,2555,55
West Bengal,Howrah,2,0
West Bengal,Jalpaiguri,1913,159
West Bengal,Kolkata,37,2
West Bengal,Malda,90,12
West Bengal,Murshidabad,66,3
West Bengal,Nadia,874,54
West Bengal,North 24 Parganas,7224,1843
West Bengal,North Dinajpur,3659,347
West Bengal,Purulia,1103,86
West Bengal,South 24 Parganas,6661,1335
West Bengal,South Dinajpur,34,20
West Bengal,West Midnapore,1477,1924
