Registrar,Enrolment Agency,Aadhaar generated,Enrolment Rejected
Allahabad Bank,IL&FS LTD,4,0
Bank Of India,A3 Logics  India  Ltd,5122,59
Bank Of India,CHESSY CONSULTANTS PVT LTD,188,4
Bank Of India,DATASOFT COMPUTER SERVICES(P),511,5
Bank Of India,Frontech Systems Pvt Ltd,796,10
Bank Of India,ITI LIMITED,5219,11
Bank Of India,MANTRA SOFTTECH (INDIA) PVTLTD,1372,11
Bank Of India,Matrix Processing House,1683,13
Bank Of India,OPTIMIX CONSULTANCY PRIVATE LT,55,0
Bank Of India,OSWAL COMPUTERS & CONSULTANTS,9974,15
Bank Of India,PROTEX COMPUTER PVT LTD,767,2
Bank Of India,SARADA SYSTEMS,1687,0
Bank Of India,SHRIKRISHNA KHANDASARI SUGAR M,2263,7
Bank Of India,SPANCO,1558,3
Bank Of India,Silver Touch Technologies Ltd,976,0
Bank Of India,Systematic & Advance Const P L,367,1
Bank Of India,VEETECHNOLOGIES PVT. LTD,2160,2
Bank Of India,Vakrangee Softwares Limited,11006,75
Bank of Baroda,IL&FS LTD,3,1
Bank of Baroda,TEAM LIFE CARE COMPANY INDIA P,0,11
Central Bank of India,CALANCE SOFTWARE PRIVATE LTD,24,4
Central Bank of India,IAP COMPANY Pvt. Ltd,982,9
Central Bank of India,IL&FS LTD,55,0
Central Bank of India,MANTRA SOFTTECH (INDIA) PVTLTD,60,3
Central Bank of India,Tera Software Ltd,1,0
Central Bank of India,The Peerless General Finance,7,0
Delhi - Central DC,Smart Chip Limited,23,2
Delhi - ND DC,Smart Chip Limited,3,1
Delhi - NE DC,Alankit Assignments Limited,690,0
Delhi - NE DC,Smart ID,30,0
Delhi - North DC,DATASOFT COMPUTER SERVICES(P),12,0
Delhi - North DC,Smart Chip Limited,44,0
Delhi SW DC,STRATEGIC OUTSOURCING SERVICE,7,14
Delhi Urban Shelter Improvemen,STRATEGIC OUTSOURCING SERVICE,0,13
Delhi Urban Shelter Improvemen,Tera Software Ltd,0,1
Delhi-NW DC,STRATEGIC OUTSOURCING SERVICE,10,2
Dept of ITC Govt of Rajasthan,ATISHAY INFOTECH PVT. LTD.,4334,37
Dept of ITC Govt of Rajasthan,DATASOFT COMPUTER SERVICES(P),36,0
Dept of ITC Govt of Rajasthan,Vakrangee Softwares Limited,3153,45
FCR Govt of Haryana,Vakrangee Softwares Limited,2809,4
FCS Govt of Punjab,Alankit Assignments Limited,111,4
FCS Govt of Punjab,Alankit Finsec Ltd,67,5
FCS Govt of Punjab,Alankit Life Care Ltd,1,0
FCS Govt of Punjab,CSS TECHNERGY LIMITED,3426,10
FCS Govt of Punjab,Delhi Integrated MMTS Ltd,29,1
FCS Govt of Punjab,Diwakar Commercials Pvt Ltd,831,12
FCS Govt of Punjab,Karvy Computershare Private Li,2493,22
FCS Govt of Punjab,VIRGO SOFTECH LIMITED,333,1
FCS Govt of Punjab,Vayam technologies Ltd,2,1
FCS Govt of Punjab,eCentric solutions pvt ltd,1187,16
Govt of Andhra Pradesh,Gouthami Educational Society,1704,2
Govt of Andhra Pradesh,GrapeSoft,2,0
Govt of Andhra Pradesh,IL&FS LTD,15,0
Govt of Andhra Pradesh,INFRONICS SYSTEMS LTD,2596,1
Govt of Andhra Pradesh,Madras Security Printers Ltd,332,0
Govt of Andhra Pradesh,SREEVEN INFOCOM LIMITED,0,1
Govt of Andhra Pradesh,Smart Chip Limited,12,0
Govt of Andhra Pradesh,TechSmart India Pvt Ltd,13,4
Govt of Andhra Pradesh,Tera Software Ltd,29,37
Govt of Andhra Pradesh,eCentric solutions pvt ltd,11,0
Govt of Goa,COMAT TECHNOLOGIES P LTD,49,0
Govt of Goa,MARS Telecom Systems Pvt Ltd,2132,37
Govt of Goa,Tera Software Ltd,135,0
Govt of Gujarat,GSS Infotech Ltd,962,10
Govt of Gujarat,Karvy Computershare Private Li,3871,2
Govt of Gujarat,Silver Touch Technologies Ltd,2422,14
Govt of Gujarat,Tera Software Ltd,1718,7
Govt of Gujarat,Transline Technologies P Ltd,4164,0
Govt of Gujarat,Vayam technologies Ltd,4180,1
Govt of Gujarat,eCentric solutions pvt ltd,5507,26
Govt of Himachal Pradesh,IL&FS LTD,1,0
Govt of Himachal Pradesh,Wipro Ltd,2742,0
Govt of Himachal Pradesh,i-Grandee SoftwareTechnologies,9875,18
Govt of Karnataka ,Integra Micro Systems Pvt.ltd,1,1
Govt of Karnataka ,Tera Software Ltd,0,169
Govt of Karnataka ,Wipro Ltd,4,0
Govt of Kerala,Akshaya,31571,1
Govt of Kerala,Keltron,1432,0
Govt of Madhya Pradesh,VIRGO SOFTECH LIMITED,31492,13
Govt of Maharashtra,Alankit Assignments Limited,0,1
Govt of Maharashtra,Alankit Finsec Ltd,351,10
Govt of Maharashtra,Eagle press pvt ltd,488,0
Govt of Maharashtra,GLODYNE TECHNOSERVE,6703,16
Govt of Maharashtra,Karvy Computershare Private Li,9783,12
Govt of Maharashtra,SPANCO,0,2
Govt of Maharashtra,STRATEGIC OUTSOURCING SERVICE,603,12
Govt of Maharashtra,Silver Touch Technologies Ltd,5494,1
Govt of Maharashtra,Smart Chip Limited,3,0
Govt of Maharashtra,TEAM LIFE CARE COMPANY INDIA P,4,4
Govt of Maharashtra,TechSmart India Pvt Ltd,3020,38
Govt of Maharashtra,Tera Software Ltd,0,23
Govt of Maharashtra,Transline Technologies P Ltd,5685,16
Govt of Maharashtra,Wep Solution India Limited,0,1
Govt of Maharashtra,Wipro Ltd,6850,0
IDBI Bank ltd,Pioneer E Labs limited,37,0
IGNOU,Vakrangee Softwares Limited,5,0
Indiapost,Delhi Integrated MMTS Ltd,205,2
Indiapost,GLODYNE TECHNOSERVE,490,1
Indiapost,IL&FS LTD,10,0
Indiapost,TEAM LIFE CARE COMPANY INDIA P,14,57
Indiapost,The NSIC ltd,0,1
Indiapost,The Peerless General Finance,11,0
Indiapost,UTI TECHNOLOGY SERVICES LIMITE,0,1
Indiapost,eCentric solutions pvt ltd,0,1
Jharkhand,Alankit Assignments Limited,318,5
Jharkhand,Blue Circle Instrument,189,1
Jharkhand,MKS Enterprises,592,0
Jharkhand,Nevaeh Technology Pvt. Ltd.,114,0
Jharkhand,STRATEGIC OUTSOURCING SERVICE,1253,1
Jharkhand,Systematic & Advance Const P L,610,13
Jharkhand,VISION COMPTECH INTEGRATOR LTD,601,1
Jharkhand,Wipro Ltd,6786,9
Life Insurance Corporation,eCentric solutions pvt ltd,7,0
Mission Convergence - GNCT Del,STRATEGIC OUTSOURCING SERVICE,34,13
N S D L,Abhipra Capital Ltd,3296,2
N S D L,Alankit Assignments Limited,1253,8
N S D L,Karvy Data Management Services,3482,2
N S D L,PROWIZ MANSYTEMS PVT LTD,6949,5
Oriental Bank of Commerce,DATASOFT COMPUTER SERVICES(P),400,0
Oriental Bank of Commerce,FINANCIAL INFORMATION NETWORK,3,0
Oriental Bank of Commerce,IL&FS LTD,20,0
RDD Govt of Tripura,Alankit Assignments Limited,10073,724
Registrar General India - BEL,In Media Computer Services LLP,79,0
Registrar General India - BEL,Manipur Electronics Dev Corp,29269,6
Registrar General India - BEL,Swathy Smartcards Hi-Tech Pvt,678,1
Registrar General India BEL2,Madras Security Printers Ltd,1193,0
Registrar General India BEL2,Om Softwares,470,0
Registrar General India BEL2,SREEVEN INFOCOM LIMITED,70,0
Registrar General India BEL2,Swathy Smartcards Hi-Tech Pvt,176117,209
Registrar General India BEL2,Tera Software Ltd,715,1
Registrar General India BEL2,VIRGO SOFTECH LIMITED,4,0
Registrar General India ECIL,Clairvoyance Technologies Pvt.,283,0
Registrar General India ECIL,Computer LAB,40724,11
Registrar General India ECIL,In Media Computer Services LLP,13621,6
Registrar General India ECIL,Krishna Infotech,13317,0
Registrar General India ECIL,Pioneer E Labs limited,20915,0
Registrar General India ECIL,SWISSTECH NPR 57CR PROJECT PVT,2919,2
Registrar General India ECIL,Vedavaag Systems Limited,19,0
Registrar General India Others,Eagle Software India Pvt. Ltd,5,0
Registrar General India Others,Emdee Digitronics Pvt.Ltd.,24,0
Registrar General India Others,India Computer Technology,46,0
Registrar General India Others,Madras Security Printers Ltd,0,1
Registrar General India Others,Swathy Smartcards Hi-Tech Pvt,154,0
Registrar General India Others,TechSmart India Pvt Ltd,8,0
Registrar General of India ITI,Emdee Digitronics Pvt.Ltd.,505,13
Registrar General of India ITI,Swathy Smartcards Hi-Tech Pvt,4218,4
Registrar General of India ITI,TechSmart India Pvt Ltd,6,0
STATE BANK OF HYDERABAD,CSS TECHNERGY LIMITED,1,0
State Bank of Bikaner & Jaipur,Multiwave Innovation,13985,97
State Bank of India,4G IDENTITY SOLUTIONS,8,25
State Bank of India,COMAT TECHNOLOGIES P LTD,5,0
State Bank of India,CSS TECHNERGY LIMITED,19,17
State Bank of India,Delhi Integrated MMTS Ltd,1567,1
State Bank of India,IL&FS LTD,24,0
State Bank of India,Smart Chip Limited,87,9
State Bank of Travancore,Tera Software Ltd,90,0
UDD Govt of Jharkhand,Blue Circle Instrument,123,0
UDD Govt of Jharkhand,IL&FS LTD,1,0
UDD Govt of Jharkhand,MKS Enterprises,497,3
UIDAI-Registrar,UIDAI-EA,12,0
UT Of Daman and Diu,Alankit Assignments Limited,0,1
UT of Puducherry,Madras Security Printers Ltd,805,0
Union Bank,Smart Chip Limited,5769,64
Union Bank,Vakrangee Softwares Limited,3778,27
