Registrar,Enrolment Agency,Aadhaar generated,Enrolment Rejected
Allahabad Bank,Tera Software Ltd,3,0
Allahabad Bank,Vakrangee Softwares Limited,0,5
Bank Of India,A3 Logics  India  Ltd,1563,282
Bank Of India,CHESSY CONSULTANTS PVT LTD,245,2
Bank Of India,DATASOFT COMPUTER SERVICES(P),1148,5
Bank Of India,Frontech Systems Pvt Ltd,139,9
Bank Of India,ITI LIMITED,1501,65
Bank Of India,MANTRA SOFTTECH (INDIA) PVTLTD,754,11
Bank Of India,Matrix Processing House,773,14
Bank Of India,OPTIMIX CONSULTANCY PRIVATE LT,8,12
Bank Of India,OSWAL COMPUTERS & CONSULTANTS,1801,73
Bank Of India,PROTEX COMPUTER PVT LTD,588,7
Bank Of India,SARADA SYSTEMS,231,7
Bank Of India,SHRIKRISHNA KHANDASARI SUGAR M,519,20
Bank Of India,SPANCO,392,7
Bank Of India,SREI INFRASTRUCTURE FINANCES L,0,2
Bank Of India,Silver Touch Technologies Ltd,322,51
Bank Of India,Systematic & Advance Const P L,167,24
Bank Of India,VEETECHNOLOGIES PVT. LTD,900,38
Bank Of India,Vakrangee Softwares Limited,4391,121
Bank of Baroda,DATASOFT COMPUTER SERVICES(P),0,2
Bank of Baroda,TEAM LIFE CARE COMPANY INDIA P,0,6
Canara Bank,Swiss Tech India Pvt Ltd,1,0
Central Bank of India,CALANCE SOFTWARE PRIVATE LTD,959,0
Central Bank of India,Frontech Systems Pvt Ltd,0,3
Central Bank of India,IAP COMPANY Pvt. Ltd,925,12
Central Bank of India,IL&FS LTD,0,3
Central Bank of India,MANTRA SOFTTECH (INDIA) PVTLTD,174,2
Central Bank of India,SREI INFRASTRUCTURE FINANCES L,0,4
Central Bank of India,Tera Software Ltd,0,1
Central Bank of India,The Peerless General Finance,1,1
Civil Supplies - A&N Islands,India Computer Technology,0,1
Delhi - Central DC,Smart Chip Limited,198,2
Delhi - East DC,Tera Software Ltd,0,5
Delhi - ND DC,Smart Chip Limited,4,1
Delhi - NE DC,Alankit Assignments Limited,244,3
Delhi - North DC,DATASOFT COMPUTER SERVICES(P),0,1
Delhi - North DC,Smart Chip Limited,0,3
Delhi SW DC,STRATEGIC OUTSOURCING SERVICE,456,7
Delhi Urban Shelter Improvemen,Alankit Assignments Limited,32,0
Delhi Urban Shelter Improvemen,STRATEGIC OUTSOURCING SERVICE,0,2
Delhi Urban Shelter Improvemen,Tera Software Ltd,0,1
Delhi- South DC,Karvy Computershare Private Li,11,0
Delhi- South DC,Tera Software Ltd,0,7
Delhi- South DC,eCentric solutions pvt ltd,0,1
Delhi- West DC,Matrix Processing House,0,1
Delhi- West DC,VIRGO SOFTECH LIMITED,1,2
Delhi-NW DC,Karvy Computershare Private Li,0,1
Delhi-NW DC,STRATEGIC OUTSOURCING SERVICE,24,1
Dept of ITC Govt of Rajasthan,ATISHAY INFOTECH PVT. LTD.,1400,18
Dept of ITC Govt of Rajasthan,DATASOFT COMPUTER SERVICES(P),14,0
Dept of ITC Govt of Rajasthan,Vakrangee Softwares Limited,823,17
FCR Govt of Haryana,Vakrangee Softwares Limited,1659,466
FCS Govt of Punjab,Alankit Assignments Limited,101,3
FCS Govt of Punjab,Alankit Finsec Ltd,123,1
FCS Govt of Punjab,Alankit Life Care Ltd,1,0
FCS Govt of Punjab,CSS TECHNERGY LIMITED,382,18
FCS Govt of Punjab,Delhi Integrated MMTS Ltd,14,1
FCS Govt of Punjab,Diwakar Commercials Pvt Ltd,387,2
FCS Govt of Punjab,Karvy Computershare Private Li,1939,27
FCS Govt of Punjab,VIRGO SOFTECH LIMITED,30,1
FCS Govt of Punjab,Vayam technologies Ltd,679,1
FCS Govt of Punjab,eCentric solutions pvt ltd,1860,46
Govt of Andhra Pradesh,Gouthami Educational Society,454,14
Govt of Andhra Pradesh,GrapeSoft,0,6
Govt of Andhra Pradesh,IL&FS LTD,0,15
Govt of Andhra Pradesh,INFRONICS SYSTEMS LTD,694,52
Govt of Andhra Pradesh,Madras Security Printers Ltd,206,23
Govt of Andhra Pradesh,SREEVEN INFOCOM LIMITED,528,6
Govt of Andhra Pradesh,Smart Chip Limited,9,6
Govt of Andhra Pradesh,TechSmart India Pvt Ltd,29,42
Govt of Andhra Pradesh,Tera Software Ltd,118,15
Govt of Andhra Pradesh,eCentric solutions pvt ltd,22,7
Govt of Goa,COMAT TECHNOLOGIES P LTD,9,3
Govt of Goa,MARS Telecom Systems Pvt Ltd,665,43
Govt of Goa,Tera Software Ltd,42,13
Govt of Gujarat,GSS Infotech Ltd,1673,35
Govt of Gujarat,Karvy Computershare Private Li,797,13
Govt of Gujarat,Silver Touch Technologies Ltd,2631,27
Govt of Gujarat,Tera Software Ltd,245,2
Govt of Gujarat,Transline Technologies P Ltd,636,16
Govt of Gujarat,Vayam technologies Ltd,3050,14
Govt of Gujarat,eCentric solutions pvt ltd,720,5
Govt of Himachal Pradesh,Wipro Ltd,2927,28
Govt of Himachal Pradesh,i-Grandee SoftwareTechnologies,2983,149
Govt of Karnataka ,COMAT TECHNOLOGIES P LTD,39,25
Govt of Karnataka ,GLODYNE TECHNOSERVE,1,22
Govt of Karnataka ,Integra Micro Systems Pvt.ltd,41,5
Govt of Karnataka ,Tera Software Ltd,1,26
Govt of Karnataka ,Wipro Ltd,3,79
Govt of Kerala,Akshaya,28358,554
Govt of Kerala,Keltron,7478,55
Govt of Madhya Pradesh,VIRGO SOFTECH LIMITED,1506,136
Govt of Maharashtra,Alankit Assignments Limited,0,4
Govt of Maharashtra,Alankit Finsec Ltd,221,8
Govt of Maharashtra,COMAT TECHNOLOGIES P LTD,1,1
Govt of Maharashtra,Eagle press pvt ltd,2878,6
Govt of Maharashtra,GLODYNE TECHNOSERVE,1895,66
Govt of Maharashtra,GSS Infotech Ltd,0,4
Govt of Maharashtra,Karvy Computershare Private Li,2608,170
Govt of Maharashtra,Mahaonline Limited,838,8
Govt of Maharashtra,SPANCO,0,2
Govt of Maharashtra,STRATEGIC OUTSOURCING SERVICE,1232,18
Govt of Maharashtra,Silver Touch Technologies Ltd,1386,37
Govt of Maharashtra,TEAM LIFE CARE COMPANY INDIA P,0,7
Govt of Maharashtra,TechSmart India Pvt Ltd,514,40
Govt of Maharashtra,Tera Software Ltd,1,27
Govt of Maharashtra,Transline Technologies P Ltd,2422,78
Govt of Maharashtra,Wep Solution India Limited,0,2
Govt of Maharashtra,Wipro Ltd,15730,142
Govt of Sikkim - Dept of Econo,4G IDENTITY SOLUTIONS,0,2
IDBI Bank ltd,Pioneer E Labs limited,113,3
IDBI Bank ltd,SREEVEN INFOCOM LIMITED,1,0
IGNOU,Vakrangee Softwares Limited,5,0
Indian Overseas Bank,Eagle Software India Pvt. Ltd,0,1
Indian Overseas Bank,Karvy Computershare Private Li,0,1
Indiapost,4G IDENTITY SOLUTIONS,0,4
Indiapost,Delhi Integrated MMTS Ltd,522,1
Indiapost,GLODYNE TECHNOSERVE,181,29
Indiapost,IL&FS LTD,0,1
Indiapost,Madras Security Printers Ltd,0,2
Indiapost,TEAM LIFE CARE COMPANY INDIA P,31,15
Indiapost,The NSIC ltd,1,0
Indiapost,UTI TECHNOLOGY SERVICES LIMITE,5,5
Indiapost,eCentric solutions pvt ltd,0,1
Jharkhand,Alankit Assignments Limited,404,2
Jharkhand,Blue Circle Instrument,147,2
Jharkhand,IL&FS LTD,0,1
Jharkhand,MKS Enterprises,33,22
Jharkhand,Nevaeh Technology Pvt. Ltd.,158,24
Jharkhand,STRATEGIC OUTSOURCING SERVICE,628,39
Jharkhand,Smart ID,0,3
Jharkhand,Systematic & Advance Const P L,949,36
Jharkhand,VISION COMPTECH INTEGRATOR LTD,746,33
Jharkhand,Wipro Ltd,5390,162
Life Insurance Corporation,eCentric solutions pvt ltd,0,2
Mission Convergence - GNCT Del,Alankit Assignments Limited,0,1
Mission Convergence - GNCT Del,Karvy Computershare Private Li,0,1
Mission Convergence - GNCT Del,STRATEGIC OUTSOURCING SERVICE,117,6
Mission Convergence - GNCT Del,Smart Chip Limited,2,0
Mission Convergence - GNCT Del,Tera Software Ltd,0,1
N S D L,Abhipra Capital Ltd,2257,78
N S D L,Alankit Assignments Limited,261,18
N S D L,Karvy Data Management Services,3141,54
N S D L,PROWIZ MANSYTEMS PVT LTD,1796,132
Oriental Bank of Commerce,DATASOFT COMPUTER SERVICES(P),159,21
Oriental Bank of Commerce,FINANCIAL INFORMATION NETWORK,122,0
Punjab and Sind Bank,Matrix Processing House,0,1
RDD Govt of Tripura,Alankit Assignments Limited,0,7
Registrar General India - BEL,In Media Computer Services LLP,7,0
Registrar General India - BEL,Manipur Electronics Dev Corp,39,93
Registrar General India - BEL,Swathy Smartcards Hi-Tech Pvt,131,19
Registrar General India BEL2,Computer LAB,1284,99
Registrar General India BEL2,Madras Security Printers Ltd,7809,181
Registrar General India BEL2,Om Softwares,283,698
Registrar General India BEL2,SREEVEN INFOCOM LIMITED,36993,161
Registrar General India BEL2,Swathy Smartcards Hi-Tech Pvt,21872,3056
Registrar General India BEL2,Tera Software Ltd,42,12927
Registrar General India BEL2,VIRGO SOFTECH LIMITED,8571,69
Registrar General India ECIL,Clairvoyance Technologies Pvt.,18,2
Registrar General India ECIL,Computer LAB,59705,3679
Registrar General India ECIL,In Media Computer Services LLP,12,31
Registrar General India ECIL,Krishna Infotech,16,213
Registrar General India ECIL,Pioneer E Labs limited,1315,1303
Registrar General India ECIL,SWISSTECH NPR 57CR PROJECT PVT,1659,10163
Registrar General India ECIL,Vedavaag Systems Limited,13265,1892
Registrar General India Others,Computer LAB,57,1
Registrar General India Others,India Computer Technology,0,1
Registrar General India Others,Madras Security Printers Ltd,0,1
Registrar General India Others,SREEVEN INFOCOM LIMITED,14,0
Registrar General India Others,SWISSTECH NPR 57CR PROJECT PVT,0,7
Registrar General India Others,Swathy Smartcards Hi-Tech Pvt,27,4
Registrar General India Others,Swiss Tech India Pvt Ltd,0,1
Registrar General of India ITI,Emdee Digitronics Pvt.Ltd.,14,2579
Registrar General of India ITI,Multiwave Innovation,183,0
Registrar General of India ITI,Swathy Smartcards Hi-Tech Pvt,25748,2342
Registrar General of India ITI,TechSmart India Pvt Ltd,10,92
Registrar General of India ITI,WEBEL TECHNOLOGY LIMITED,10,7
STATE BANK OF PATIALA,CSS TECHNERGY LIMITED,0,1
State Bank of Bikaner & Jaipur,Multiwave Innovation,4135,215
State Bank of India,4G IDENTITY SOLUTIONS,5,66
State Bank of India,COMAT TECHNOLOGIES P LTD,1,0
State Bank of India,CSS TECHNERGY LIMITED,4,23
State Bank of India,Delhi Integrated MMTS Ltd,146,0
State Bank of India,IL&FS LTD,0,7
State Bank of India,Smart Chip Limited,1,20
State Bank of India,VIRGO SOFTECH LIMITED,0,2
State Bank of Travancore,Tera Software Ltd,35,2
UDD Govt of Jharkhand,Blue Circle Instrument,648,39
UDD Govt of Jharkhand,IL&FS LTD,0,1
UDD Govt of Jharkhand,MKS Enterprises,501,20
UDD Govt of Jharkhand,Systematic & Advance Const P L,24,0
UIDAI-Registrar,UIDAI-EA,10,0
UT Of Daman and Diu,Alankit Assignments Limited,11,3
UT of Puducherry,Madras Security Printers Ltd,0,2
Union Bank,4G IDENTITY SOLUTIONS,0,2
Union Bank,Smart Chip Limited,4561,300
Union Bank,Vakrangee Softwares Limited,784,110
