Name of State/UT,Name of District,Population (Census),Aadhaar Generated,Aadhaar Saturation %
Andhra pradesh,Adilabad,2737738,2707099,98.88%
Gujarat,Ahmedabad,7208200,3130022,43.42%
Maharashtra,Ahmednagar,4543083,3611242,79.49%
Rajasthan,Ajmer,2584913,1927713,74.58%
Maharashtra,Akola,1818617,1334628,73.39%
Kerala,Alappuzha,2121943,1989855,93.78%
Madhya Pradesh,Alirajpur,728677,516754,70.92%
Rajasthan,Alwar,3671999,2419286,65.88%
Haryana,Ambala,1136784,989380,87.03%
Maharashtra,Amravati,2887826,2411868,83.52%
Punjab,Amritsar,2490891,2079728,83.49%
Andhra pradesh,Anantapur,4083315,3906350,95.67%
Tamil Nadu,Ariyalur,752481,580746,77.18%
Maharashtra,Aurangabad (MH),3695928,2767031,74.87%
Karnataka,Bagalkot,1890826,1165479,61.64%
Odisha,Balangir,1648574,1046337,63.47%
Odisha,Baleshwar,2317419,1289666,55.65%
Karnataka,Bangalore,9588910,6750108,70.39%
Karnataka,Bangalore Rural,987257,668066,67.67%
Rajasthan,Baran,1223921,540904,44.19%
Rajasthan,Barmer,2604453,1557547,59.80%
Punjab,Barnala,596294,515764,86.49%
Madhya Pradesh,Barwani,1385659,694503,50.12%
Punjab,Bathinda,1388859,1141750,82.21%
Karnataka,Belgaum,4778439,3620297,75.76%
Karnataka,Bellary,2532383,1699844,67.12%
Madhya Pradesh,Betul,1575247,988299,62.74%
Odisha,Bhadrak ,1506522,794435,52.73%
Maharashtra,Bhandara,1198810,985119,82.17%
Madhya Pradesh,Bhopal,2368145,1895902,80.06%
Maharashtra,Bid,2585962,1608925,62.22%
Karnataka,Bidar,1700018,1072849,63.11%
Karnataka,Bijapur (KAR),2175102,1374041,63.17%
Rajasthan,Bikaner,2367745,1307435,55.22%
Himachal Pradesh,Bilaspur (HP),382056,381809,99.94%
Jharkhand,Bokaro,2061918,1577110,76.49%
Maharashtra,Buldana,2588039,1838415,71.04%
Rajasthan,Bundi,1113725,537904,48.30%
Madhya Pradesh,Burhanpur,756993,654803,86.50%
Delhi,Central Delhi,578671,824896,142.55%
Karnataka,Chamarajanagar,1020962,342105,33.51%
Himachal Pradesh,Chamba,518844,475230,91.59%
Uttarakhand,Champawat,259315,131847,50.84%
Chandigarh,Chandigarh,1054686,923366,87.55%
Maharashtra,Chandrapur,2194262,1666490,75.95%
Madhya Pradesh,Chhindwara,2090306,1371220,65.60%
Karnataka,Chikkaballapur,1254377,727379,57.99%
Karnataka,Chikmagalur,1137753,827505,72.73%
Rajasthan,Chittaurgarh,1544392,883680,57.22%
Andhra pradesh,Chittoor,4170468,3946021,94.62%
Rajasthan,Churu,2041172,1296313,63.51%
Tamil Nadu,Cuddalore,2600880,1608911,61.86%
Andhra pradesh,Cuddapah (YSR Kadapa),2884524,2592618,89.88%
Odisha,Cuttack,2618708,1627407,62.15%
Karnataka,Dakshina Kannada,2083625,1519345,72.92%
West Bengal,Dakshin Dinajpur,1670931,748866,44.82%
Daman & Diu,Daman,190855,109815,57.54%
Madhya Pradesh,Damoh,1263703,821435,65.00%
Rajasthan,Dausa,1637226,933948,57.04%
Karnataka,Davanagere,1946905,1251594,64.29%
Jharkhand,Deoghar,1491879,1079390,72.35%
Madhya Pradesh,Dewas,1563107,976884,62.50%
Jharkhand,Dhanbad,2682662,1980635,73.83%
Madhya Pradesh,Dhar,2184672,1294028,59.23%
Tamil Nadu,Dharmapuri,1502900,1013367,67.43%
Karnataka,Dharwad,1846993,1570016,85.00%
Maharashtra,Dhule,2048781,1692899,82.63%
Tamil Nadu,Dindigul,2161367,1339889,61.99%
Daman & Diu,Diu,52056,50307,96.64%
Jharkhand,Dumka,1321096,1069348,80.94%
Delhi,East Delhi,1707725,1996861,116.93%
Andhra pradesh,East godavari,5151549,4981961,96.71%
Madhya Pradesh,East Nimar (Khandwa),1309443,1139230,87.00%
Kerala,Ernakulam,3279860,2982199,90.92%
Tamil Nadu,Erode,2259608,1459093,64.57%
Uttar Pradesh,Etawah,1579160,691775,43.81%
Haryana,Faridabad,1798954,1605422,89.24%
Punjab,Faridkot,618008,570757,92.35%
Punjab,Fatehgarh Sahib,599814,532490,88.78%
Punjab,Fazilka,0,453964,N.A.
Punjab,Firozpur,2026831,1095918,54.07%
Karnataka,Gadag,1065235,740486,69.51%
Maharashtra,Gadchiroli,1071795,666173,62.15%
Rajasthan,Ganganagar,1969520,1207488,61.31%
Jharkhand,Garhwa,1322387,1022241,77.30%
Jharkhand,Giridih,2445203,1856021,75.90%
Jharkhand,Godda,1311382,1021232,77.87%
Maharashtra,Gondiya,1322331,1119502,84.66%
Karnataka,Gulbarga,2564892,1349102,52.60%
Jharkhand,Gumla,1025656,842982,82.19%
Madhya Pradesh,Guna,1240938,665737,53.65%
Andhra pradesh,Guntur,4889230,4536548,92.79%
Punjab,Gurdaspur,2299026,1891692,82.28%
Haryana,Gurgaon,1514085,1031776,68.15%
Madhya Pradesh,Gwalior,2030543,1062325,52.32%
Himachal Pradesh,Hamirpur (HP),454293,489127,107.67%
Rajasthan,Hanumangarh,1779650,924800,51.97%
West Bengal,Haora,4841638,3396669,70.16%
Madhya Pradesh,Harda,570302,501671,87.97%
Karnataka,Haveri,1598506,1008454,63.09%
Jharkhand,Hazaribag,1734005,1439620,83.02%
Maharashtra,Hingoli,1178973,619315,52.53%
Haryana,Hisar,1742815,1193823,68.50%
Madhya Pradesh,Hoshangabad,1240975,1126870,90.81%
Punjab,Hoshiarpur,1582793,1348779,85.22%
West Bengal,Hugli,5520389,4235211,76.72%
Kerala,Idukki,1107453,997194,90.04%
Madhya Pradesh,Indore,3272335,2378121,72.67%
Madhya Pradesh,Jabalpur,2460714,1914143,77.79%
Rajasthan,Jaipur,6663971,4291449,64.40%
Punjab,Jalandhar,2181753,1973666,90.46%
Maharashtra,Jalgaon,4224442,3327730,78.77%
Maharashtra,Jalna,1958483,1416345,72.32%
Rajasthan,Jalor,1830151,1060358,57.94%
Jharkhand,Jamtara,790207,650983,82.38%
Madhya Pradesh,Jhabua,1024091,578072,56.45%
Haryana,Jhajjar,956907,632960,66.15%
Rajasthan,Jhunjhunun,2139658,1535092,71.74%
Rajasthan,Jodhpur,3685681,1869645,50.73%
Gujarat,Junagadh,2742291,1810131,66.01%
Haryana,Kaithal,1072861,792890,73.90%
Tamil Nadu,Kancheepuram,3990897,2419228,60.62%
Himachal Pradesh,Kangra,1507223,1452797,96.39%
Tamil Nadu,Kanniyakumari,1863174,1231159,66.08%
Kerala,Kannur,2525637,2320509,91.88%
Uttar Pradesh,Kanpur Nagar,4572951,1298284,28.39%
Punjab,Kapurthala,817668,683919,83.64%
Puducherry,Karaikal,200314,147432,73.60%
Andhra pradesh,Karimnagar,3811738,3528967,92.58%
Haryana,Karnal,1506323,1204944,79.99%
Tamil Nadu,Karur,1076588,732275,68.02%
Kerala,Kasaragod,1302600,1150045,88.29%
Madhya Pradesh,Katni,1291684,820554,63.53%
Andhra pradesh,Khammam,2798214,2608861,93.23%
Odisha,Khordha ,2246341,1434631,63.87%
Jharkhand,Khunti,530299,441881,83.33%
Himachal Pradesh,Kinnaur,84298,67260,79.79%
West Bengal,Koch Bihar,2822780,1868859,66.21%
Karnataka,Kodagu,554762,331331,59.72%
Jharkhand,Kodarma,717169,555926,77.52%
Karnataka,Kolar,1540231,1005494,65.28%
Maharashtra,Kolhapur,3874015,3026696,78.13%
West Bengal,Kolkata,4486679,2815574,62.75%
Kerala,Kollam,2629703,2403538,91.40%
Karnataka,Koppal,1391292,872748,62.73%
Rajasthan,Kota,1950491,1314399,67.39%
Kerala,Kottayam,1979384,1819855,91.94%
Kerala,Kozhikode,3089543,2836666,91.82%
Andhra pradesh,Krishna,4529009,4156439,91.77%
Tamil Nadu,Krishnagiri,1883731,1094093,58.08%
Himachal Pradesh,Kullu,437474,390056,89.16%
Andhra pradesh,Kurnool,4046601,3447486,85.19%
Haryana,Kurukshetra,964231,785879,81.50%
Lakshadweep,Lakshadweep,64429,48890,75.88%
Maharashtra,Latur,2455543,1748414,71.20%
Jharkhand,Lohardaga,461738,420653,91.10%
Uttar Pradesh,Lucknow,4588455,1424129,31.04%
Punjab,Ludhiana,3487882,3187761,91.40%
Tamil Nadu,Madurai,3041038,2077251,68.31%
Andhra pradesh,Mahbubnagar,4042191,3066219,75.86%
Puducherry,Mahe,41934,0,0.00%
Gujarat,Mahesana,2027727,1213212,59.83%
Kerala,Malappuram,4110956,3637979,88.49%
West Bengal,Maldah,3997970,2091209,52.31%
Himachal Pradesh,Mandi,999518,978195,97.87%
Madhya Pradesh,Mandla,1053522,650225,61.72%
Madhya Pradesh,Mandsaur,1339832,929316,69.36%
Karnataka,Mandya,1808680,1091130,60.33%
Punjab,Mansa,768808,648820,84.39%
Andhra pradesh,Medak,3031877,2705311,89.23%
Punjab,Moga,992289,865721,87.24%
Punjab,Muktsar,902702,753351,83.46%
Maharashtra,Mumbai (incl. Mumbai SubUrban & Mumbai City) ,12478447,10583850,84.82%
West Bengal,Murshidabad,7102430,4159761,58.57%
Karnataka,Mysore,2994744,2795027,93.33%
Tamil Nadu,Nagapattinam,1614069,1115554,69.11%
Rajasthan,Nagaur,3309234,1695171,51.23%
Maharashtra,Nagpur,4653171,4048131,87.00%
Andhra pradesh,Nalgonda,3483648,3146207,90.31%
Tamil Nadu,Namakkal,1721179,1015548,59.00%
Maharashtra,Nanded,3356566,1844222,54.94%
Maharashtra,Nandurbar,1646177,1281088,77.82%
Gujarat,Narmada,590379,316054,53.53%
Madhya Pradesh,Narsimhapur,1092141,773634,70.84%
Maharashtra,Nashik,6109052,4613046,75.51%
Gujarat,Navsari,1330711,773176,58.10%
Punjab,Nawanshahr,614362,559083,91.00%
Madhya Pradesh,Neemuch,825958,475271,57.54%
Andhra pradesh,Nellore (sri Potti Sriramulu Nellore),2966082,2510790,84.65%
Delhi,New Delhi,133713,16952,12.68%
Andhra pradesh,Nizamabad,2552073,2318046,90.83%
Delhi,North Delhi,883418,914548,103.52%
Delhi,North East Delhi,2240749,1910590,85.27%
Goa,North Goa,817761,760352,92.98%
Andaman & Nicobar Islands,North & Middle Andamans,105539,117188,111.04%
Delhi,North West Delhi,3651261,3809074,104.32%
Maharashtra,Osmanabad,1660311,1126911,67.87%
Jharkhand,Pakaur,899200,749275,83.33%
Kerala,Palakkad,2810892,2589802,92.13%
Jharkhand,Palamu,1936319,1486763,76.78%
Rajasthan,Pali,2038533,1314751,64.49%
Haryana,Palwal,1040493,632117,60.75%
Haryana,Panchkula,558890,450776,80.66%
Haryana,Panipat,1202811,917841,76.31%
Madhya Pradesh,Panna,1016028,610964,60.13%
Jharkhand,Pashchimi Singhbhum,1501619,1202456,80.08%
Kerala,Pathanamthitta,1195537,1160398,97.06%
Punjab,Pathankot,0,111574,N.A.
Punjab,Patiala,1892282,1622086,85.72%
Tamil Nadu,Perambalur,564511,331494,58.72%
Gujarat,Porbandar,586062,358691,61.20%
Andhra pradesh,Prakasam,3392764,3093092,91.17%
Puducherry,Puducherry,946600,957595,101.16%
Tamil Nadu,Pudukkottai,1618725,1076191,66.48%
Maharashtra,Pune,9426959,6933567,73.55%
Jharkhand,Purbi Singhbhum,2291032,1755980,76.65%
Odisha,Puri,1697983,1146613,67.53%
Maharashtra,Raigarh (MH),2635394,1862024,70.65%
Madhya Pradesh,Raisen,1331699,736422,55.30%
Gujarat,Rajkot,3799770,2478500,65.23%
Rajasthan,Rajsamand,1158283,760361,65.65%
Karnataka,Ramanagar,1082739,731143,67.53%
Tamil Nadu,Ramanathapuram,1337560,782885,58.53%
Jharkhand,Ramgarh,949159,789282,83.16%
Jharkhand,Ranchi,2912022,2348956,80.66%
Andhra pradesh,Rangareddi (inclg. Hyderabad),9306634,10246861,110.10%
Madhya Pradesh,Ratlam,1454483,922368,63.42%
Maharashtra,Ratnagiri,1612672,1214677,75.32%
Madhya Pradesh,Rewa,2363744,1408462,59.59%
Haryana,Rewari,896129,666335,74.36%
Haryana,Rohtak,1058683,717233,67.75%
Punjab,Rupnagar,683349,623158,91.19%
Madhya Pradesh,Sagar,2378295,1404621,59.06%
Jharkhand,Sahibganj,1150038,970701,84.41%
Tamil Nadu,Salem,3480008,2345985,67.41%
Maharashtra,Sangli,2820575,2248407,79.71%
Punjab,Sangrur,1654408,1409568,85.20%
Punjab,S.A.S Nagar(Mohali),986147,738278,74.86%
Maharashtra,Satara,3003922,2314525,77.05%
Madhya Pradesh,Satna,2228619,1469450,65.94%
Madhya Pradesh,Sehore,1311008,701409,53.50%
Madhya Pradesh,Seoni,1378876,1045203,75.80%
Jharkhand,Seraikela-kharsawan,1063458,850041,79.93%
Madhya Pradesh,Shajapur,1512353,1136941,75.18%
Himachal Pradesh,Shimla,813384,681071,83.73%
Rajasthan,Sikar,2677737,1672594,62.46%
Jharkhand,Simdega,599813,507969,84.69%
Himachal Pradesh,Sirmaur,530164,446656,84.25%
Rajasthan,Sirohi,1037185,620678,59.84%
Haryana,Sirsa,1295114,942215,72.75%
Himachal Pradesh,Solan,576670,469922,81.49%
Maharashtra,Solapur,4315527,2342537,54.28%
Haryana,Sonipat,1480080,1161072,78.45%
Delhi,South Delhi,2733752,2634642,96.37%
Goa,South Goa,639962,570339,89.12%
Delhi,South West Delhi,2292363,2163239,94.37%
Andhra pradesh,Srikakulam,2699471,2657123,98.43%
Odisha,Sundargarh,2080664,895829,43.05%
Punjab,Tarn Taran,1120070,891062,79.55%
Maharashtra,Thane,11054131,8448720,76.43%
Tamil Nadu,Thanjavur,2402781,1568417,65.28%
Tamil Nadu,Theni,1243684,834845,67.13%
Kerala,Thiruvananthapuram,3307284,2919069,88.26%
Tamil Nadu,Thiruvarur,1268094,811846,64.02%
Tamil Nadu,Thoothukkudi,1738376,1056665,60.78%
Kerala,Thrissur,3110327,2900390,93.25%
Tamil Nadu,Tiruchirappalli,2713858,1961818,72.29%
Tamil Nadu,Tirunelveli,3072880,1879783,61.17%
Rajasthan,Tonk,1421711,773543,54.41%
Karnataka,Tumkur,2681449,2505761,93.45%
Rajasthan,Udaipur,3067549,2078559,67.76%
Karnataka,Udupi,1177908,920537,78.15%
Madhya Pradesh,Ujjain,1986597,1270680,63.96%
Himachal Pradesh,Una,521057,532694,102.23%
Karnataka,Uttara Kannada,1436847,1087705,75.70%
Gujarat,Valsad,1703068,1006730,59.11%
Tamil Nadu,Vellore,3928106,2566543,65.34%
Madhya Pradesh,Vidisha,1458212,825503,56.61%
Tamil Nadu,Viluppuram,3463284,2151052,62.11%
Tamil Nadu,Virudhunagar,1943309,1373436,70.68%
Andhra pradesh,Visakhapatnam,4288113,3757517,87.63%
Andhra pradesh,Vizianagaram,2342868,1667082,71.16%
Andhra pradesh,Warangal,3522644,3226018,91.58%
Maharashtra,Wardha,1296157,1191418,91.92%
Maharashtra,Washim,1196714,711832,59.48%
Kerala,Wayanad,816558,762868,93.42%
Delhi,West Delhi,2531583,2437173,96.27%
Andhra pradesh,West Godavari,3934782,3582964,91.06%
Haryana,Yamunanagar,1214162,930873,76.67%
Puducherry,Yanam,55616,21921,39.41%
Maharashtra,Yavatmal,2775457,1678600,60.48%
Total,,620069960,460822037,74.32%
