Name of State/UT,Name of District,Population (Census),Aadhaar Generated,Aadhaar Saturation %
Andhra pradesh,Adilabad,2737738,2706244,98.85%
Gujarat,Ahmedabad,7208200,3036716,42.13%
Maharashtra,Ahmednagar,4543083,3604216,79.33%
Rajasthan,Ajmer,2584913,1925005,74.47%
Maharashtra,Akola,1818617,1327760,73.01%
Kerala,Alappuzha,2121943,1988745,93.72%
Madhya Pradesh,Alirajpur,728677,508719,69.81%
Rajasthan,Alwar,3671999,2415025,65.77%
Haryana,Ambala,1136784,987616,86.88%
Maharashtra,Amravati,2887826,2408315,83.40%
Punjab,Amritsar,2490891,2068641,83.05%
Andhra pradesh,Anantapur,4083315,3897317,95.44%
Tamil Nadu,Ariyalur,752481,580353,77.13%
Maharashtra,Aurangabad (MH),3695928,2753604,74.50%
Karnataka,Bagalkot,1890826,1151376,60.89%
Odisha,Balangir,1648574,1033714,62.70%
Odisha,Baleshwar,2317419,1288767,55.61%
Karnataka,Bangalore,9588910,6727798,70.16%
Karnataka,Bangalore Rural,987257,665794,67.44%
Rajasthan,Baran,1223921,532308,43.49%
Rajasthan,Barmer,2604453,1542370,59.22%
Punjab,Barnala,596294,515326,86.42%
Madhya Pradesh,Barwani,1385659,682390,49.25%
Punjab,Bathinda,1388859,1139947,82.08%
Karnataka,Belgaum,4778439,3601028,75.36%
Karnataka,Bellary,2532383,1684735,66.53%
Madhya Pradesh,Betul,1575247,972925,61.76%
Odisha,Bhadrak ,1506522,791531,52.54%
Maharashtra,Bhandara,1198810,982168,81.93%
Madhya Pradesh,Bhopal,2368145,1889954,79.81%
Maharashtra,Bid,2585962,1598367,61.81%
Karnataka,Bidar,1700018,1060956,62.41%
Karnataka,Bijapur (KAR),2175102,1367603,62.88%
Rajasthan,Bikaner,2367745,1299147,54.87%
Himachal Pradesh,Bilaspur (HP),382056,381558,99.87%
Jharkhand,Bokaro,2061918,1575062,76.39%
Maharashtra,Buldana,2588039,1818794,70.28%
Rajasthan,Bundi,1113725,528845,47.48%
Madhya Pradesh,Burhanpur,756993,654040,86.40%
Delhi,Central Delhi,578671,822657,142.16%
Karnataka,Chamarajanagar,1020962,339686,33.27%
Himachal Pradesh,Chamba,518844,474217,91.40%
Uttarakhand,Champawat,259315,131604,50.75%
Chandigarh,Chandigarh,1054686,920735,87.30%
Maharashtra,Chandrapur,2194262,1661276,75.71%
Madhya Pradesh,Chhindwara,2090306,1349872,64.58%
Karnataka,Chikkaballapur,1254377,725246,57.82%
Karnataka,Chikmagalur,1137753,825926,72.59%
Rajasthan,Chittaurgarh,1544392,874267,56.61%
Andhra pradesh,Chittoor,4170468,3941560,94.51%
Rajasthan,Churu,2041172,1292955,63.34%
Tamil Nadu,Cuddalore,2600880,1608442,61.84%
Andhra pradesh,Cuddapah (YSR Kadapa),2884524,2589962,89.79%
Odisha,Cuttack,2618708,1608576,61.43%
Karnataka,Dakshina Kannada,2083625,1516545,72.78%
West Bengal,Dakshin Dinajpur,1670931,740757,44.33%
Daman & Diu,Daman,190855,109510,57.38%
Madhya Pradesh,Damoh,1263703,813920,64.41%
Rajasthan,Dausa,1637226,930179,56.81%
Karnataka,Davanagere,1946905,1248770,64.14%
Jharkhand,Deoghar,1491879,1077464,72.22%
Madhya Pradesh,Dewas,1563107,971010,62.12%
Jharkhand,Dhanbad,2682662,1973645,73.57%
Madhya Pradesh,Dhar,2184672,1273744,58.30%
Tamil Nadu,Dharmapuri,1502900,1012670,67.38%
Karnataka,Dharwad,1846993,1567694,84.88%
Maharashtra,Dhule,2048781,1687579,82.37%
Tamil Nadu,Dindigul,2161367,1339824,61.99%
Daman & Diu,Diu,52056,50305,96.64%
Jharkhand,Dumka,1321096,1067734,80.82%
Delhi,East Delhi,1707725,1992683,116.69%
Andhra pradesh,East godavari,5151549,4980380,96.68%
Madhya Pradesh,East Nimar (Khandwa),1309443,1137540,86.87%
Kerala,Ernakulam,3279860,2980303,90.87%
Tamil Nadu,Erode,2259608,1455388,64.41%
Uttar Pradesh,Etawah,1579160,685681,43.42%
Haryana,Faridabad,1798954,1595351,88.68%
Punjab,Faridkot,618008,569830,92.20%
Punjab,Fatehgarh Sahib,599814,531938,88.68%
Punjab,Fazilka,0,450239,N.A.
Punjab,Firozpur,2026831,1090477,53.80%
Karnataka,Gadag,1065235,740066,69.47%
Maharashtra,Gadchiroli,1071795,643234,60.01%
Rajasthan,Ganganagar,1969520,1202362,61.05%
Jharkhand,Garhwa,1322387,1013424,76.64%
Jharkhand,Giridih,2445203,1851337,75.71%
Jharkhand,Godda,1311382,1018775,77.69%
Maharashtra,Gondiya,1322331,1116595,84.44%
Karnataka,Gulbarga,2564892,1326362,51.71%
Jharkhand,Gumla,1025656,841078,82.00%
Madhya Pradesh,Guna,1240938,661263,53.29%
Andhra pradesh,Guntur,4889230,4534930,92.75%
Punjab,Gurdaspur,2299026,1888786,82.16%
Haryana,Gurgaon,1514085,1021436,67.46%
Madhya Pradesh,Gwalior,2030543,1048358,51.63%
Himachal Pradesh,Hamirpur (HP),454293,488656,107.56%
Rajasthan,Hanumangarh,1779650,912190,51.26%
West Bengal,Haora,4841638,3378417,69.78%
Madhya Pradesh,Harda,570302,501413,87.92%
Karnataka,Haveri,1598506,1005495,62.90%
Jharkhand,Hazaribag,1734005,1437984,82.93%
Maharashtra,Hingoli,1178973,606815,51.47%
Haryana,Hisar,1742815,1188493,68.19%
Madhya Pradesh,Hoshangabad,1240975,1125492,90.69%
Punjab,Hoshiarpur,1582793,1344995,84.98%
West Bengal,Hugli,5520389,4216174,76.37%
Kerala,Idukki,1107453,996744,90.00%
Madhya Pradesh,Indore,3272335,2366417,72.32%
Madhya Pradesh,Jabalpur,2460714,1909357,77.59%
Rajasthan,Jaipur,6663971,4274852,64.15%
Punjab,Jalandhar,2181753,1966154,90.12%
Maharashtra,Jalgaon,4224442,3318225,78.55%
Maharashtra,Jalna,1958483,1407885,71.89%
Rajasthan,Jalor,1830151,1054190,57.60%
Jharkhand,Jamtara,790207,650307,82.30%
Madhya Pradesh,Jhabua,1024091,572677,55.92%
Haryana,Jhajjar,956907,629993,65.84%
Rajasthan,Jhunjhunun,2139658,1531901,71.60%
Rajasthan,Jodhpur,3685681,1844391,50.04%
Gujarat,Junagadh,2742291,1782382,65.00%
Haryana,Kaithal,1072861,790965,73.72%
Tamil Nadu,Kancheepuram,3990897,2418292,60.60%
Himachal Pradesh,Kangra,1507223,1450222,96.22%
Tamil Nadu,Kanniyakumari,1863174,1231005,66.07%
Kerala,Kannur,2525637,2318172,91.79%
Uttar Pradesh,Kanpur Nagar,4572951,1288073,28.17%
Punjab,Kapurthala,817668,680718,83.25%
Puducherry,Karaikal,200314,147176,73.47%
Andhra pradesh,Karimnagar,3811738,3527253,92.54%
Haryana,Karnal,1506323,1199037,79.60%
Tamil Nadu,Karur,1076588,732241,68.01%
Kerala,Kasaragod,1302600,1148871,88.20%
Madhya Pradesh,Katni,1291684,811415,62.82%
Andhra pradesh,Khammam,2798214,2605719,93.12%
Odisha,Khordha ,2246341,1432898,63.79%
Jharkhand,Khunti,530299,441143,83.19%
Himachal Pradesh,Kinnaur,84298,66963,79.44%
West Bengal,Koch Bihar,2822780,1867031,66.14%
Karnataka,Kodagu,554762,330647,59.60%
Jharkhand,Kodarma,717169,554766,77.35%
Karnataka,Kolar,1540231,1003937,65.18%
Maharashtra,Kolhapur,3874015,3013286,77.78%
West Bengal,Kolkata,4486679,2808165,62.59%
Kerala,Kollam,2629703,2402614,91.36%
Karnataka,Koppal,1391292,870703,62.58%
Rajasthan,Kota,1950491,1309826,67.15%
Kerala,Kottayam,1979384,1817811,91.84%
Kerala,Kozhikode,3089543,2834589,91.75%
Andhra pradesh,Krishna,4529009,4154922,91.74%
Tamil Nadu,Krishnagiri,1883731,1093976,58.07%
Himachal Pradesh,Kullu,437474,389461,89.02%
Andhra pradesh,Kurnool,4046601,3434196,84.87%
Haryana,Kurukshetra,964231,783865,81.29%
Lakshadweep,Lakshadweep,64429,48872,75.85%
Maharashtra,Latur,2455543,1742943,70.98%
Jharkhand,Lohardaga,461738,420068,90.98%
Uttar Pradesh,Lucknow,4588455,1409836,30.73%
Punjab,Ludhiana,3487882,3174619,91.02%
Tamil Nadu,Madurai,3041038,2076802,68.29%
Andhra pradesh,Mahbubnagar,4042191,3062584,75.77%
Puducherry,Mahe,41934,0,0.00%
Gujarat,Mahesana,2027727,1154963,56.96%
Kerala,Malappuram,4110956,3634748,88.42%
West Bengal,Maldah,3997970,2056443,51.44%
Himachal Pradesh,Mandi,999518,977548,97.80%
Madhya Pradesh,Mandla,1053522,638531,60.61%
Madhya Pradesh,Mandsaur,1339832,923191,68.90%
Karnataka,Mandya,1808680,1063334,58.79%
Punjab,Mansa,768808,647275,84.19%
Andhra pradesh,Medak,3031877,2704400,89.20%
Punjab,Moga,992289,863796,87.05%
Punjab,Muktsar,902702,749670,83.05%
Maharashtra,Mumbai (incl. Mumbai SubUrban & Mumbai City) ,12478447,10557592,84.61%
West Bengal,Murshidabad,7102430,4108588,57.85%
Karnataka,Mysore,2994744,2794594,93.32%
Tamil Nadu,Nagapattinam,1614069,1115509,69.11%
Rajasthan,Nagaur,3309234,1678110,50.71%
Maharashtra,Nagpur,4653171,4034397,86.70%
Andhra pradesh,Nalgonda,3483648,3144636,90.27%
Tamil Nadu,Namakkal,1721179,1015393,58.99%
Maharashtra,Nanded,3356566,1809601,53.91%
Maharashtra,Nandurbar,1646177,1279321,77.71%
Gujarat,Narmada,590379,310345,52.57%
Madhya Pradesh,Narsimhapur,1092141,770399,70.54%
Maharashtra,Nashik,6109052,4582409,75.01%
Gujarat,Navsari,1330711,761431,57.22%
Punjab,Nawanshahr,614362,558481,90.90%
Madhya Pradesh,Neemuch,825958,472258,57.18%
Andhra pradesh,Nellore (sri Potti Sriramulu Nellore),2966082,2501385,84.33%
Delhi,New Delhi,133713,16768,12.54%
Andhra pradesh,Nizamabad,2552073,2315935,90.75%
Delhi,North Delhi,883418,912413,103.28%
Delhi,North East Delhi,2240749,1907077,85.11%
Goa,North Goa,817761,759965,92.93%
Andaman & Nicobar Islands,North & Middle Andamans,105539,117080,110.94%
Delhi,North West Delhi,3651261,3801271,104.11%
Maharashtra,Osmanabad,1660311,1120133,67.47%
Jharkhand,Pakaur,899200,748437,83.23%
Kerala,Palakkad,2810892,2587793,92.06%
Jharkhand,Palamu,1936319,1481170,76.49%
Rajasthan,Pali,2038533,1307977,64.16%
Haryana,Palwal,1040493,627793,60.34%
Haryana,Panchkula,558890,449428,80.41%
Haryana,Panipat,1202811,914901,76.06%
Madhya Pradesh,Panna,1016028,604102,59.46%
Jharkhand,Pashchimi Singhbhum,1501619,1199120,79.86%
Kerala,Pathanamthitta,1195537,1159614,97.00%
Punjab,Pathankot,0,110886,N.A.
Punjab,Patiala,1892282,1617027,85.45%
Tamil Nadu,Perambalur,564511,330258,58.50%
Gujarat,Porbandar,586062,352818,60.20%
Andhra pradesh,Prakasam,3392764,3092523,91.15%
Puducherry,Puducherry,946600,957304,101.13%
Tamil Nadu,Pudukkottai,1618725,1076164,66.48%
Maharashtra,Pune,9426959,6906774,73.27%
Jharkhand,Purbi Singhbhum,2291032,1750566,76.41%
Odisha,Puri,1697983,1146524,67.52%
Maharashtra,Raigarh (MH),2635394,1826473,69.31%
Madhya Pradesh,Raisen,1331699,721848,54.21%
Gujarat,Rajkot,3799770,2448739,64.44%
Rajasthan,Rajsamand,1158283,759355,65.56%
Karnataka,Ramanagar,1082739,721421,66.63%
Tamil Nadu,Ramanathapuram,1337560,782854,58.53%
Jharkhand,Ramgarh,949159,788001,83.02%
Jharkhand,Ranchi,2912022,2344302,80.50%
Andhra pradesh,Rangareddi (inclg. Hyderabad),9306634,10239751,110.03%
Madhya Pradesh,Ratlam,1454483,915608,62.95%
Maharashtra,Ratnagiri,1612672,1208987,74.97%
Madhya Pradesh,Rewa,2363744,1399704,59.22%
Haryana,Rewari,896129,660734,73.73%
Haryana,Rohtak,1058683,714979,67.53%
Punjab,Rupnagar,683349,621829,91.00%
Madhya Pradesh,Sagar,2378295,1393417,58.59%
Jharkhand,Sahibganj,1150038,967488,84.13%
Tamil Nadu,Salem,3480008,2345398,67.40%
Maharashtra,Sangli,2820575,2242965,79.52%
Punjab,Sangrur,1654408,1406294,85.00%
Punjab,S.A.S Nagar(Mohali),986147,736326,74.67%
Maharashtra,Satara,3003922,2302926,76.66%
Madhya Pradesh,Satna,2228619,1460453,65.53%
Madhya Pradesh,Sehore,1311008,690101,52.64%
Madhya Pradesh,Seoni,1378876,1039849,75.41%
Jharkhand,Seraikela-kharsawan,1063458,849257,79.86%
Madhya Pradesh,Shajapur,1512353,1132735,74.90%
Himachal Pradesh,Shimla,813384,679824,83.58%
Rajasthan,Sikar,2677737,1666060,62.22%
Jharkhand,Simdega,599813,504945,84.18%
Himachal Pradesh,Sirmaur,530164,446050,84.13%
Rajasthan,Sirohi,1037185,617323,59.52%
Haryana,Sirsa,1295114,937409,72.38%
Himachal Pradesh,Solan,576670,468797,81.29%
Maharashtra,Solapur,4315527,2297197,53.23%
Haryana,Sonipat,1480080,1158319,78.26%
Delhi,South Delhi,2733752,2624165,95.99%
Goa,South Goa,639962,569825,89.04%
Delhi,South West Delhi,2292363,2158353,94.15%
Andhra pradesh,Srikakulam,2699471,2656912,98.42%
Odisha,Sundargarh,2080664,894948,43.01%
Punjab,Tarn Taran,1120070,885905,79.09%
Maharashtra,Thane,11054131,8414638,76.12%
Tamil Nadu,Thanjavur,2402781,1568400,65.27%
Tamil Nadu,Theni,1243684,834777,67.12%
Kerala,Thiruvananthapuram,3307284,2916672,88.19%
Tamil Nadu,Thiruvarur,1268094,811804,64.02%
Tamil Nadu,Thoothukkudi,1738376,1056555,60.78%
Kerala,Thrissur,3110327,2898478,93.19%
Tamil Nadu,Tiruchirappalli,2713858,1961326,72.27%
Tamil Nadu,Tirunelveli,3072880,1879367,61.16%
Rajasthan,Tonk,1421711,763391,53.70%
Karnataka,Tumkur,2681449,2505363,93.43%
Rajasthan,Udaipur,3067549,2074446,67.63%
Karnataka,Udupi,1177908,919375,78.05%
Madhya Pradesh,Ujjain,1986597,1249572,62.90%
Himachal Pradesh,Una,521057,532119,102.12%
Karnataka,Uttara Kannada,1436847,1082142,75.31%
Gujarat,Valsad,1703068,983045,57.72%
Tamil Nadu,Vellore,3928106,2566135,65.33%
Madhya Pradesh,Vidisha,1458212,818304,56.12%
Tamil Nadu,Viluppuram,3463284,2150757,62.10%
Tamil Nadu,Virudhunagar,1943309,1373363,70.67%
Andhra pradesh,Visakhapatnam,4288113,3747106,87.38%
Andhra pradesh,Vizianagaram,2342868,1644557,70.19%
Andhra pradesh,Warangal,3522644,3221946,91.46%
Maharashtra,Wardha,1296157,1188661,91.71%
Maharashtra,Washim,1196714,699646,58.46%
Kerala,Wayanad,816558,762603,93.39%
Delhi,West Delhi,2531583,2431565,96.05%
Andhra pradesh,West Godavari,3934782,3579750,90.98%
Haryana,Yamunanagar,1214162,924898,76.18%
Puducherry,Yanam,55616,21922,39.42%
Maharashtra,Yavatmal,2775457,1646922,59.34%
Total,,620069960,458825807,74.00%
