Name of State/UT,Name of District,Population (Census),Aadhaar Generated,Aadhaar Saturation %
Andhra pradesh,Adilabad,2737738,2709089,98.95%
Gujarat,Ahmedabad,7208200,3234252,44.87%
Maharashtra,Ahmednagar,4543083,3619534,79.67%
Rajasthan,Ajmer,2584913,1929069,74.63%
Maharashtra,Akola,1818617,1339204,73.64%
Kerala,Alappuzha,2121943,1991385,93.85%
Madhya Pradesh,Alirajpur,728677,520318,71.41%
Rajasthan,Alwar,3671999,2421419,65.94%
Haryana,Ambala,1136784,990390,87.12%
Maharashtra,Amravati,2887826,2414449,83.61%
Punjab,Amritsar,2490891,2085406,83.72%
Andhra pradesh,Anantapur,4083315,3908448,95.72%
Tamil Nadu,Ariyalur,752481,580755,77.18%
Maharashtra,Aurangabad (MH),3695928,2776726,75.13%
Karnataka,Bagalkot,1890826,1192228,63.05%
Odisha,Balangir,1648574,1051356,63.77%
Odisha,Baleshwar,2317419,1290096,55.67%
Karnataka,Bangalore,9588910,6766811,70.57%
Karnataka,Bangalore Rural,987257,672205,68.09%
Rajasthan,Baran,1223921,546102,44.62%
Rajasthan,Barmer,2604453,1564868,60.08%
Punjab,Barnala,596294,516203,86.57%
Madhya Pradesh,Barwani,1385659,704890,50.87%
Punjab,Bathinda,1388859,1142832,82.29%
Karnataka,Belgaum,4778439,3636534,76.10%
Karnataka,Bellary,2532383,1705991,67.37%
Madhya Pradesh,Betul,1575247,1007968,63.99%
Odisha,Bhadrak ,1506522,798799,53.02%
Maharashtra,Bhandara,1198810,988043,82.42%
Madhya Pradesh,Bhopal,2368145,1899944,80.23%
Maharashtra,Bid,2585962,1620792,62.68%
Karnataka,Bidar,1700018,1087644,63.98%
Karnataka,Bijapur (KAR),2175102,1378836,63.39%
Rajasthan,Bikaner,2367745,1309783,55.32%
Himachal Pradesh,Bilaspur (HP),382056,382166,100.03%
Jharkhand,Bokaro,2061918,1578945,76.58%
Maharashtra,Buldana,2588039,1855404,71.69%
Rajasthan,Bundi,1113725,544766,48.91%
Madhya Pradesh,Burhanpur,756993,655414,86.58%
Delhi,Central Delhi,578671,826683,142.86%
Karnataka,Chamarajanagar,1020962,711230,69.66%
Himachal Pradesh,Chamba,518844,475998,91.74%
Uttarakhand,Champawat,259315,132023,50.91%
Chandigarh,Chandigarh,1054686,925131,87.72%
Maharashtra,Chandrapur,2194262,1673273,76.26%
Madhya Pradesh,Chhindwara,2090306,1395390,66.76%
Karnataka,Chikkaballapur,1254377,727773,58.02%
Karnataka,Chikmagalur,1137753,829373,72.90%
Rajasthan,Chittaurgarh,1544392,890207,57.64%
Andhra pradesh,Chittoor,4170468,3948500,94.68%
Rajasthan,Churu,2041172,1297485,63.57%
Tamil Nadu,Cuddalore,2600880,1609534,61.88%
Andhra pradesh,Cuddapah (YSR Kadapa),2884524,2593596,89.91%
Odisha,Cuttack,2618708,1628022,62.17%
West Bengal,Dakshin Dinajpur,1670931,764147,45.73%
Karnataka,Dakshina Kannada,2083625,1521202,73.01%
Daman & Diu,Daman,190855,110144,57.71%
Madhya Pradesh,Damoh,1263703,828547,65.57%
Rajasthan,Dausa,1637226,936291,57.19%
Karnataka,Davanagere,1946905,1254128,64.42%
Jharkhand,Deoghar,1491879,1080736,72.44%
Madhya Pradesh,Dewas,1563107,986611,63.12%
Jharkhand,Dhanbad,2682662,1985450,74.01%
Madhya Pradesh,Dhar,2184672,1307956,59.87%
Tamil Nadu,Dharmapuri,1502900,1013396,67.43%
Karnataka,Dharwad,1846993,1571203,85.07%
Maharashtra,Dhule,2048781,1695837,82.77%
Tamil Nadu,Dindigul,2161367,1339987,62.00%
Daman & Diu,Diu,52056,50313,96.65%
Jharkhand,Dumka,1321096,1070241,81.01%
Delhi,East Delhi,1707725,1999525,117.09%
Madhya Pradesh,East Nimar (Khandwa),1309443,1139706,87.04%
Andhra pradesh,East godavari,5151549,4983364,96.74%
Kerala,Ernakulam,3279860,2984663,91.00%
Tamil Nadu,Erode,2259608,1460712,64.64%
Uttar Pradesh,Etawah,1579160,696606,44.11%
Haryana,Faridabad,1798954,1614289,89.73%
Punjab,Faridkot,618008,571801,92.52%
Punjab,Fatehgarh Sahib,599814,533037,88.87%
Punjab,Fazilka,0,456842,N.A.
Punjab,Firozpur,2026831,1098590,54.20%
Karnataka,Gadag,1065235,740661,69.53%
Maharashtra,Gadchiroli,1071795,679917,63.44%
Rajasthan,Ganganagar,1969520,1213100,61.59%
Jharkhand,Garhwa,1322387,1029181,77.83%
Jharkhand,Giridih,2445203,1860144,76.07%
Jharkhand,Godda,1311382,1022453,77.97%
Maharashtra,Gondiya,1322331,1121116,84.78%
Karnataka,Gulbarga,2564892,1356966,52.91%
Jharkhand,Gumla,1025656,848760,82.75%
Madhya Pradesh,Guna,1240938,672081,54.16%
Andhra pradesh,Guntur,4889230,4539400,92.84%
Punjab,Gurdaspur,2299026,1894480,82.40%
Haryana,Gurgaon,1514085,1037736,68.54%
Madhya Pradesh,Gwalior,2030543,1073843,52.88%
Himachal Pradesh,Hamirpur (HP),454293,489451,107.74%
Rajasthan,Hanumangarh,1779650,934516,52.51%
West Bengal,Haora,4841638,3407766,70.38%
Madhya Pradesh,Harda,570302,502029,88.03%
Karnataka,Haveri,1598506,1010020,63.19%
Jharkhand,Hazaribag,1734005,1443864,83.27%
Maharashtra,Hingoli,1178973,632562,53.65%
Haryana,Hisar,1742815,1199249,68.81%
Madhya Pradesh,Hoshangabad,1240975,1128158,90.91%
Punjab,Hoshiarpur,1582793,1351101,85.36%
West Bengal,Hugli,5520389,4243185,76.86%
Kerala,Idukki,1107453,998107,90.13%
Madhya Pradesh,Indore,3272335,2386165,72.92%
Madhya Pradesh,Jabalpur,2460714,1917395,77.92%
Rajasthan,Jaipur,6663971,4307926,64.65%
Punjab,Jalandhar,2181753,1979733,90.74%
Maharashtra,Jalgaon,4224442,3335236,78.95%
Maharashtra,Jalna,1958483,1422326,72.62%
Rajasthan,Jalor,1830151,1063046,58.09%
Jharkhand,Jamtara,790207,651450,82.44%
Madhya Pradesh,Jhabua,1024091,581530,56.78%
Haryana,Jhajjar,956907,636272,66.49%
Rajasthan,Jhunjhunun,2139658,1540324,71.99%
Rajasthan,Jodhpur,3685681,1884358,51.13%
Gujarat,Junagadh,2742291,1829306,66.71%
Haryana,Kaithal,1072861,794082,74.02%
Tamil Nadu,Kancheepuram,3990897,2419889,60.64%
Himachal Pradesh,Kangra,1507223,1455804,96.59%
Tamil Nadu,Kanniyakumari,1863174,1231272,66.08%
Kerala,Kannur,2525637,2322189,91.94%
Uttar Pradesh,Kanpur Nagar,4572951,1312969,28.71%
Punjab,Kapurthala,817668,685852,83.88%
Puducherry,Karaikal,200314,147589,73.68%
Andhra pradesh,Karimnagar,3811738,3530352,92.62%
Haryana,Karnal,1506323,1208895,80.25%
Tamil Nadu,Karur,1076588,732344,68.02%
Kerala,Kasaragod,1302600,1151053,88.37%
Madhya Pradesh,Katni,1291684,825614,63.92%
Andhra pradesh,Khammam,2798214,2610290,93.28%
Odisha,Khordha ,2246341,1437007,63.97%
Jharkhand,Khunti,530299,442439,83.43%
Himachal Pradesh,Kinnaur,84298,67375,79.92%
West Bengal,Koch Bihar,2822780,1873610,66.37%
Karnataka,Kodagu,554762,331653,59.78%
Jharkhand,Kodarma,717169,557007,77.67%
Karnataka,Kolar,1540231,1011903,65.70%
Maharashtra,Kolhapur,3874015,3036960,78.39%
West Bengal,Kolkata,4486679,2822394,62.91%
Kerala,Kollam,2629703,2404729,91.44%
Karnataka,Koppal,1391292,876309,62.99%
Rajasthan,Kota,1950491,1316137,67.48%
Kerala,Kottayam,1979384,1822087,92.05%
Kerala,Kozhikode,3089543,2838050,91.86%
Andhra pradesh,Krishna,4529009,4157905,91.81%
Tamil Nadu,Krishnagiri,1883731,1094221,58.09%
Himachal Pradesh,Kullu,437474,390487,89.26%
Andhra pradesh,Kurnool,4046601,3457945,85.45%
Haryana,Kurukshetra,964231,787156,81.64%
Lakshadweep,Lakshadweep,64429,48928,75.94%
Maharashtra,Latur,2455543,1753440,71.41%
Jharkhand,Lohardaga,461738,421043,91.19%
Uttar Pradesh,Lucknow,4588455,1434606,31.27%
Punjab,Ludhiana,3487882,3195725,91.62%
Tamil Nadu,Madurai,3041038,2077985,68.33%
Andhra pradesh,Mahbubnagar,4042191,3520677,87.10%
Puducherry,Mahe,41934,0,0.00%
Gujarat,Mahesana,2027727,1247248,61.51%
Kerala,Malappuram,4110956,3639755,88.54%
West Bengal,Maldah,3997970,2138572,53.49%
Himachal Pradesh,Mandi,999518,978866,97.93%
Madhya Pradesh,Mandla,1053522,661075,62.75%
Madhya Pradesh,Mandsaur,1339832,933867,69.70%
Karnataka,Mandya,1808680,1106410,61.17%
Punjab,Mansa,768808,649910,84.53%
Andhra pradesh,Medak,3031877,2706456,89.27%
Punjab,Moga,992289,866790,87.35%
Punjab,Muktsar,902702,755704,83.72%
Maharashtra,Mumbai (incl. Mumbai SubUrban & Mumbai City) ,12478447,10597675,84.93%
West Bengal,Murshidabad,7102430,4201363,59.15%
Karnataka,Mysore,2994744,2795264,93.34%
Tamil Nadu,Nagapattinam,1614069,1115631,69.12%
Rajasthan,Nagaur,3309234,1705985,51.55%
Maharashtra,Nagpur,4653171,4054690,87.14%
Andhra pradesh,Nalgonda,3483648,3150898,90.45%
Tamil Nadu,Namakkal,1721179,1015584,59.01%
Maharashtra,Nanded,3356566,1869815,55.71%
Maharashtra,Nandurbar,1646177,1281785,77.86%
Gujarat,Narmada,590379,317074,53.71%
Madhya Pradesh,Narsimhapur,1092141,775848,71.04%
Maharashtra,Nashik,6109052,4635201,75.87%
Gujarat,Navsari,1330711,793299,59.61%
Punjab,Nawanshahr,614362,559522,91.07%
Madhya Pradesh,Neemuch,825958,480793,58.21%
Andhra pradesh,Nellore (sri Potti Sriramulu Nellore),2966082,2522702,85.05%
Delhi,New Delhi,133713,17233,12.89%
Andhra pradesh,Nizamabad,2552073,2320658,90.93%
Andaman & Nicobar Islands,North & Middle Andamans,105539,117193,111.04%
Delhi,North Delhi,883418,915410,103.62%
Delhi,North East Delhi,2240749,1914026,85.42%
Goa,North Goa,817761,760605,93.01%
Delhi,North West Delhi,3651261,3814589,104.47%
Maharashtra,Osmanabad,1660311,1134683,68.34%
Jharkhand,Pakaur,899200,750146,83.42%
Kerala,Palakkad,2810892,2591255,92.19%
Jharkhand,Palamu,1936319,1492158,77.06%
Rajasthan,Pali,2038533,1323690,64.93%
Haryana,Palwal,1040493,635224,61.05%
Haryana,Panchkula,558890,452929,81.04%
Haryana,Panipat,1202811,920005,76.49%
Madhya Pradesh,Panna,1016028,616239,60.65%
Jharkhand,Pashchimi Singhbhum,1501619,1203695,80.16%
Kerala,Pathanamthitta,1195537,1162113,97.20%
Punjab,Pathankot,0,111955,N.A.
Punjab,Patiala,1892282,1625446,85.90%
Tamil Nadu,Perambalur,564511,331868,58.79%
Gujarat,Porbandar,586062,359751,61.38%
Andhra pradesh,Prakasam,3392764,3094122,91.20%
Puducherry,Puducherry,946600,957767,101.18%
Tamil Nadu,Pudukkottai,1618725,1076355,66.49%
Maharashtra,Pune,9426959,6956472,73.79%
Jharkhand,Purbi Singhbhum,2291032,1760370,76.84%
Odisha,Puri,1697983,1146697,67.53%
Maharashtra,Raigarh (MH),2635394,1899106,72.06%
Madhya Pradesh,Raisen,1331699,750754,56.38%
Gujarat,Rajkot,3799770,2493425,65.62%
Rajasthan,Rajsamand,1158283,760790,65.68%
Karnataka,Ramanagar,1082739,737552,68.12%
Tamil Nadu,Ramanathapuram,1337560,782992,58.54%
Jharkhand,Ramgarh,949159,789980,83.23%
Jharkhand,Ranchi,2912022,2353782,80.83%
Andhra pradesh,Rangareddi (inclg. Hyderabad),9306634,10651443,114.45%
Madhya Pradesh,Ratlam,1454483,930373,63.97%
Maharashtra,Ratnagiri,1612672,1219804,75.64%
Madhya Pradesh,Rewa,2363744,1413130,59.78%
Haryana,Rewari,896129,668668,74.62%
Haryana,Rohtak,1058683,718960,67.91%
Punjab,Rupnagar,683349,625215,91.49%
Punjab,S.A.S Nagar(Mohali),986147,739885,75.03%
Madhya Pradesh,Sagar,2378295,1418257,59.63%
Jharkhand,Sahibganj,1150038,975974,84.86%
Tamil Nadu,Salem,3480008,2346956,67.44%
Maharashtra,Sangli,2820575,2253784,79.91%
Punjab,Sangrur,1654408,1411530,85.32%
Maharashtra,Satara,3003922,2321663,77.29%
Madhya Pradesh,Satna,2228619,1475134,66.19%
Madhya Pradesh,Sehore,1311008,714464,54.50%
Madhya Pradesh,Seoni,1378876,1049130,76.09%
Jharkhand,Seraikela-kharsawan,1063458,851084,80.03%
Madhya Pradesh,Shajapur,1512353,1142009,75.51%
Himachal Pradesh,Shimla,813384,681700,83.81%
Rajasthan,Sikar,2677737,1679509,62.72%
Jharkhand,Simdega,599813,510566,85.12%
Himachal Pradesh,Sirmaur,530164,447288,84.37%
Rajasthan,Sirohi,1037185,622253,59.99%
Haryana,Sirsa,1295114,949221,73.29%
Himachal Pradesh,Solan,576670,470764,81.63%
Maharashtra,Solapur,4315527,2369381,54.90%
Haryana,Sonipat,1480080,1162585,78.55%
Delhi,South Delhi,2733752,2641504,96.63%
Goa,South Goa,639962,570741,89.18%
Delhi,South West Delhi,2292363,2166903,94.53%
Andhra pradesh,Srikakulam,2699471,2657578,98.45%
Odisha,Sundargarh,2080664,896181,43.07%
Punjab,Tarn Taran,1120070,893325,79.76%
Maharashtra,Thane,11054131,8468536,76.61%
Tamil Nadu,Thanjavur,2402781,1568591,65.28%
Tamil Nadu,Theni,1243684,834879,67.13%
Kerala,Thiruvananthapuram,3307284,2922193,88.36%
Tamil Nadu,Thiruvarur,1268094,811879,64.02%
Tamil Nadu,Thoothukkudi,1738376,1056700,60.79%
Kerala,Thrissur,3110327,2902356,93.31%
Tamil Nadu,Tiruchirappalli,2713858,1961996,72.30%
Tamil Nadu,Tirunelveli,3072880,1879925,61.18%
Rajasthan,Tonk,1421711,782183,55.02%
Karnataka,Tumkur,2681449,2506034,93.46%
Rajasthan,Udaipur,3067549,2080694,67.83%
Karnataka,Udupi,1177908,921365,78.22%
Madhya Pradesh,Ujjain,1986597,1282559,64.56%
Himachal Pradesh,Una,521057,533106,102.31%
Karnataka,Uttara Kannada,1436847,1088411,75.75%
Gujarat,Valsad,1703068,1028973,60.42%
Tamil Nadu,Vellore,3928106,2566751,65.34%
Madhya Pradesh,Vidisha,1458212,836761,57.38%
Tamil Nadu,Viluppuram,3463284,2151315,62.12%
Tamil Nadu,Virudhunagar,1943309,1373492,70.68%
Andhra pradesh,Visakhapatnam,4288113,3764785,87.80%
Andhra pradesh,Vizianagaram,2342868,1693076,72.27%
Andhra pradesh,Warangal,3522644,3229052,91.67%
Maharashtra,Wardha,1296157,1192190,91.98%
Maharashtra,Washim,1196714,718981,60.08%
Kerala,Wayanad,816558,763215,93.47%
Delhi,West Delhi,2531583,2442091,96.46%
Andhra pradesh,West Godavari,3934782,3587749,91.18%
Haryana,Yamunanagar,1214162,932126,76.77%
Puducherry,Yanam,55616,21920,39.41%
Maharashtra,Yavatmal,2775457,1699761,61.24%
Total,,620069960,463648915,74.77%
