Registrar,Enrolment Agency,Aadhaar generated,Enrolment Rejected
Allahabad Bank,IL&FS LTD,39,32
Allahabad Bank,Tera Software Ltd,43,22
Allahabad Bank,Vakrangee Softwares Limited,743,21
Bank Of India,A3 Logics  India  Ltd,9190,123
Bank Of India,DATASOFT COMPUTER SERVICES(P),13,8
Bank Of India,Frontech Systems Pvt Ltd,380,3
Bank Of India,Integra Micro Systems Pvt.ltd,2,0
Bank Of India,MANTRA SOFTTECH (INDIA) PVTLTD,93,38
Bank Of India,Matrix Processing House,5,14
Bank Of India,OPTIMIX CONSULTANCY PRIVATE LT,1,0
Bank Of India,OSWAL COMPUTERS & CONSULTANTS,9,3
Bank Of India,PROTEX COMPUTER PVT LTD,0,3
Bank Of India,SARADA SYSTEMS,1,0
Bank Of India,SHRIKRISHNA KHANDASARI SUGAR M,3,0
Bank Of India,SPANCO,1,0
Bank Of India,SREI INFRASTRUCTURE FINANCES L,36,14
Bank Of India,Systematic & Advance Const P L,3,0
Bank Of India,Tera Software Ltd,0,2
Bank Of India,VEETECHNOLOGIES PVT. LTD,9,2
Bank Of India,Vakrangee Softwares Limited,3595,62
Bank of Baroda,DATASOFT COMPUTER SERVICES(P),190,87
Bank of Baroda,IL&FS LTD,41,37
Bank of Baroda,TEAM LIFE CARE COMPANY INDIA P,166,34
Bank of Maharashtra,Alankit Assignments Limited,23,5
Canara Bank,Rosmerta technoliges Limited,6,7
Canara Bank,Smart Chip Limited,4,1
Canara Bank,Swiss Tech India Pvt Ltd,313,4
Central Bank of India,CALANCE SOFTWARE PRIVATE LTD,73,76
Central Bank of India,Frontech Systems Pvt Ltd,234,1
Central Bank of India,GSS Infotech Ltd,10,9
Central Bank of India,IAP COMPANY Pvt. Ltd,423,41
Central Bank of India,IL&FS LTD,173,58
Central Bank of India,Integra Micro Systems Pvt.ltd,0,2
Central Bank of India,MANTRA SOFTTECH (INDIA) PVTLTD,24,65
Central Bank of India,SREI INFRASTRUCTURE FINANCES L,359,26
Central Bank of India,Smart ID,14,0
Central Bank of India,Tera Software Ltd,4,0
Central Bank of India,The Peerless General Finance,28,17
Civil Supplies - A&N Islands,India Computer Technology,1004,31
Delhi - Central DC,Smart Chip Limited,21,24
Delhi - East DC,DATASOFT COMPUTER SERVICES(P),10,14
Delhi - East DC,IAP COMPANY Pvt. Ltd,54,2
Delhi - East DC,Tera Software Ltd,19,11
Delhi - ND DC,Smart Chip Limited,5,3
Delhi - NE DC,Alankit Assignments Limited,7722,298
Delhi - NE DC,Smart ID,111,33
Delhi - North DC,DATASOFT COMPUTER SERVICES(P),6,11
Delhi - North DC,Smart Chip Limited,27,41
Delhi SW DC,STRATEGIC OUTSOURCING SERVICE,455,53
Delhi Urban Shelter Improvemen,Alankit Assignments Limited,179,5
Delhi Urban Shelter Improvemen,Matrix Processing House,0,4
Delhi Urban Shelter Improvemen,STRATEGIC OUTSOURCING SERVICE,18,54
Delhi Urban Shelter Improvemen,Smart Chip Limited,12,2
Delhi Urban Shelter Improvemen,Tera Software Ltd,5,19
Delhi- South DC,Tera Software Ltd,69,23
Delhi- South DC,eCentric solutions pvt ltd,41,24
Delhi- West DC,Matrix Processing House,15,45
Delhi- West DC,VIRGO SOFTECH LIMITED,4,105
Delhi-NW DC,Karvy Computershare Private Li,1,11
Delhi-NW DC,STRATEGIC OUTSOURCING SERVICE,57,64
Dept of ITC Govt of Rajasthan,ATISHAY INFOTECH PVT. LTD.,34,73
Dept of ITC Govt of Rajasthan,DATASOFT COMPUTER SERVICES(P),64,32
Dept of ITC Govt of Rajasthan,GSS Infotech Ltd,9,9
Dept of ITC Govt of Rajasthan,TechSmart India Pvt Ltd,37,27
Dept of ITC Govt of Rajasthan,Vakrangee Softwares Limited,6646,307
FCR Govt of Haryana,Vakrangee Softwares Limited,3965,107
FCS Govt of Punjab,Alankit Assignments Limited,27960,847
FCS Govt of Punjab,Alankit Finsec Ltd,16867,317
FCS Govt of Punjab,Alankit Life Care Ltd,4595,93
FCS Govt of Punjab,Delhi Integrated MMTS Ltd,136,102
FCS Govt of Punjab,Diwakar Commercials Pvt Ltd,137,29
FCS Govt of Punjab,VIRGO SOFTECH LIMITED,85,122
FCS Govt of Punjab,VISESH INFOTECNICS LIMITED,24,35
Govt of Andhra Pradesh,Gouthami Educational Society,658,74
Govt of Andhra Pradesh,GrapeSoft,57,62
Govt of Andhra Pradesh,IL&FS LTD,53,80
Govt of Andhra Pradesh,INFRONICS SYSTEMS LTD,162,173
Govt of Andhra Pradesh,Madras Security Printers Ltd,680,601
Govt of Andhra Pradesh,SREEVEN INFOCOM LIMITED,458,244
Govt of Andhra Pradesh,Smart Chip Limited,18,62
Govt of Andhra Pradesh,TechSmart India Pvt Ltd,14644,1587
Govt of Andhra Pradesh,Tera Software Ltd,19212,332
Govt of Andhra Pradesh,eCentric solutions pvt ltd,260,340
Govt of Goa,COMAT TECHNOLOGIES P LTD,0,10
Govt of Goa,MARS Telecom Systems Pvt Ltd,101,122
Govt of Goa,Tera Software Ltd,17,23
Govt of Gujarat,Tera Software Ltd,1,0
Govt of Gujarat,eCentric solutions pvt ltd,4,0
Govt of Himachal Pradesh,IL&FS LTD,43,9
Govt of Himachal Pradesh,Wipro Ltd,503,54
Govt of Himachal Pradesh,i-Grandee SoftwareTechnologies,52696,430
Govt of Karnataka ,COMAT TECHNOLOGIES P LTD,100,1439
Govt of Karnataka ,GLODYNE TECHNOSERVE,37583,684
Govt of Karnataka ,Integra Micro Systems Pvt.ltd,168,14
Govt of Karnataka ,Tera Software Ltd,3471,1038
Govt of Karnataka ,Wipro Ltd,100,162
Govt of Kerala,Akshaya,490,100
Govt of Kerala,Keltron,228,35
Govt of Madhya Pradesh,VIRGO SOFTECH LIMITED,25806,596
Govt of Maharashtra,Alankit Assignments Limited,21761,1192
Govt of Maharashtra,COMAT TECHNOLOGIES P LTD,4,60
Govt of Maharashtra,Eagle press pvt ltd,1,31
Govt of Maharashtra,GSS Infotech Ltd,1090,246
Govt of Maharashtra,Karvy Computershare Private Li,593,103
Govt of Maharashtra,Mahaonline Limited,1142,220
Govt of Maharashtra,SPANCO,5341,116
Govt of Maharashtra,STRATEGIC OUTSOURCING SERVICE,22515,682
Govt of Maharashtra,Smart Chip Limited,26,13
Govt of Maharashtra,TEAM LIFE CARE COMPANY INDIA P,36,15
Govt of Maharashtra,Tera Software Ltd,57277,1463
Govt of Maharashtra,Wep Solution India Limited,155,39
Govt of Maharashtra,Wipro Ltd,1757,264
Govt of Sikkim - Dept of Econo,4G IDENTITY SOLUTIONS,1704,41
IDBI Bank ltd,GSS Infotech Ltd,99,2
IDBI Bank ltd,Pioneer E Labs limited,26,2
IDBI Bank ltd,SREEVEN INFOCOM LIMITED,0,3
IGNOU,VIRGO SOFTECH LIMITED,5,7
IGNOU,Vakrangee Softwares Limited,3526,36
Indian Bank,GSS Infotech Ltd,0,3
Indian Bank,i-Grandee SoftwareTechnologies,0,1
Indian Overseas Bank,Eagle Software India Pvt. Ltd,0,2
Indian Overseas Bank,Karvy Computershare Private Li,1,4
Indiapost,4G IDENTITY SOLUTIONS,546,185
Indiapost,COMAT TECHNOLOGIES P LTD,30,10
Indiapost,CSS TECHNERGY LIMITED,0,2
Indiapost,Delhi Integrated MMTS Ltd,78,41
Indiapost,Eagle press pvt ltd,13,5
Indiapost,GLODYNE TECHNOSERVE,1734,78
Indiapost,GSS Infotech Ltd,2497,34
Indiapost,IL&FS LTD,2150,143
Indiapost,Madras Security Printers Ltd,11,7
Indiapost,Smart Chip Limited,29,20
Indiapost,TEAM LIFE CARE COMPANY INDIA P,240,123
Indiapost,Tera Software Ltd,0,1
Indiapost,The NSIC ltd,16,14
Indiapost,The Peerless General Finance,15,16
Indiapost,UTI TECHNOLOGY SERVICES LIMITE,61,48
Indiapost,WEBEL,17,8
Indiapost,eCentric solutions pvt ltd,68,24
Jharkhand,Alankit Assignments Limited,1290,139
Jharkhand,Blue Circle Instrument,141,30
Jharkhand,IL&FS LTD,32,10
Jharkhand,MKS Enterprises,26,16
Jharkhand,Nevaeh Technology Pvt. Ltd.,1,19
Jharkhand,STRATEGIC OUTSOURCING SERVICE,148,40
Jharkhand,Smart ID,5773,26
Jharkhand,Systematic & Advance Const P L,168,12
Jharkhand,VISION COMPTECH INTEGRATOR LTD,4425,142
Jharkhand,Wipro Ltd,517,140
Life Insurance Corporation,COMAT TECHNOLOGIES P LTD,0,6
Life Insurance Corporation,DATASOFT COMPUTER SERVICES(P),1,0
Life Insurance Corporation,Smart ID,1,0
Life Insurance Corporation,eCentric solutions pvt ltd,0,5
Mission Convergence - GNCT Del,Alankit Assignments Limited,916,18
Mission Convergence - GNCT Del,IL&FS LTD,11,18
Mission Convergence - GNCT Del,Karvy Computershare Private Li,0,1
Mission Convergence - GNCT Del,Matrix Processing House,3,2
Mission Convergence - GNCT Del,STRATEGIC OUTSOURCING SERVICE,39,33
Mission Convergence - GNCT Del,Smart Chip Limited,4,5
Mission Convergence - GNCT Del,Tera Software Ltd,2,9
Mission Convergence - GNCT Del,eCentric solutions pvt ltd,2,7
N S D L,Abhipra Capital Ltd,227,32
N S D L,Alankit Assignments Limited,478,76
N S D L,INTEGRATED REGISTRY SERVICES,1,0
N S D L,Karvy Data Management Services,765,112
Oriental Bank of Commerce,DATASOFT COMPUTER SERVICES(P),144,67
Oriental Bank of Commerce,IL&FS LTD,13,11
Oriental Bank of Commerce,The NSIC ltd,0,4
Oriental Bank of Commerce,Wipro Ltd,152,65
Punjab and Sind Bank,Matrix Processing House,0,2
RDD Govt of Tripura,Alankit Assignments Limited,3635,290
Registrar General India ECIL,In Media Computer Services LLP,1,2
Registrar General India Others,Computer LAB,0,3
Registrar General India Others,Emdee Digitronics Pvt.Ltd.,0,1
Registrar General India Others,India Computer Technology,0,1
Registrar General India Others,Madras Security Printers Ltd,0,10
Registrar General India Others,Om Softwares,0,2
Registrar General India Others,Pioneer E Labs limited,1,3
Registrar General India Others,SREEVEN INFOCOM LIMITED,0,1
Registrar General India Others,Swathy Smartcards Hi-Tech Pvt,1,0
Registrar General India Others,VIRGO SOFTECH LIMITED,1,0
Registrar General India Others,WEBEL TECHNOLOGY LIMITED,0,2
STATE BANK OF HYDERABAD,CSS TECHNERGY LIMITED,24,27
STATE BANK OF HYDERABAD,Smart Chip Limited,1,0
STATE BANK OF PATIALA,CSS TECHNERGY LIMITED,24,13
State Bank of Bikaner & Jaipur,Multiwave Innovation,25,36
State Bank of India,4G IDENTITY SOLUTIONS,1604,142
State Bank of India,COMAT TECHNOLOGIES P LTD,4,7
State Bank of India,CSS TECHNERGY LIMITED,1211,159
State Bank of India,Delhi Integrated MMTS Ltd,31,315
State Bank of India,Eagle press pvt ltd,84,29
State Bank of India,IL&FS LTD,214,64
State Bank of India,Smart Chip Limited,25455,626
State Bank of India,VIRGO SOFTECH LIMITED,17,51
State Bank of Travancore,Tera Software Ltd,12,1
Syndicate Bank,Smart Chip Limited,4,10
UDD Govt of Jharkhand,Blue Circle Instrument,1528,59
UDD Govt of Jharkhand,IL&FS LTD,96,31
UDD Govt of Jharkhand,MKS Enterprises,82,58
UDD Govt of Jharkhand,Smart ID,10897,81
UDD Govt of Jharkhand,Systematic & Advance Const P L,29,8
UIDAI-Registrar,UIDAI-EA,26,0
UT Of Daman and Diu,Alankit Assignments Limited,704,16
UT of Puducherry,Madras Security Printers Ltd,9,5
Union Bank,4G IDENTITY SOLUTIONS,52,7
Union Bank,Smart Chip Limited,334,29
Union Bank,Vakrangee Softwares Limited,121597,6086
United Bank of India,Atyati Technologies Pvt Ltd,6,9
