Registrar,Enrolment Agency,Aadhaar generated,Enrolment Rejected
Allahabad Bank,IL&FS LTD,65,5
Allahabad Bank,Tera Software Ltd,6,1
Allahabad Bank,Vakrangee Softwares Limited,19,2
Bank Of India,A3 Logics  India  Ltd,3206,71
Bank Of India,DATASOFT COMPUTER SERVICES(P),7,1
Bank Of India,Emdee Digitronics Pvt.Ltd.,2,0
Bank Of India,Frontech Systems Pvt Ltd,4,0
Bank Of India,Integra Micro Systems Pvt.ltd,0,1
Bank Of India,MANTRA SOFTTECH (INDIA) PVTLTD,65,0
Bank Of India,Matrix Processing House,2,1
Bank Of India,OPTIMIX CONSULTANCY PRIVATE LT,1,0
Bank Of India,OSWAL COMPUTERS & CONSULTANTS,13,2
Bank Of India,PROTEX COMPUTER PVT LTD,3,0
Bank Of India,SREI INFRASTRUCTURE FINANCES L,1,4
Bank Of India,Silver Touch Technologies Ltd,1,0
Bank Of India,VEETECHNOLOGIES PVT. LTD,12,0
Bank Of India,Vakrangee Softwares Limited,1,0
Bank of Baroda,DATASOFT COMPUTER SERVICES(P),50,17
Bank of Baroda,IL&FS LTD,31,6
Bank of Baroda,TEAM LIFE CARE COMPANY INDIA P,51,2
Canara Bank,Smart Chip Limited,1,0
Canara Bank,Swiss Tech India Pvt Ltd,2,1
Central Bank of India,CALANCE SOFTWARE PRIVATE LTD,57,6
Central Bank of India,Frontech Systems Pvt Ltd,8,3
Central Bank of India,GSS Infotech Ltd,0,2
Central Bank of India,IAP COMPANY Pvt. Ltd,34,12
Central Bank of India,IL&FS LTD,42,69
Central Bank of India,MANTRA SOFTTECH (INDIA) PVTLTD,124,32
Central Bank of India,SREI INFRASTRUCTURE FINANCES L,31,12
Central Bank of India,Smart ID,0,1
Central Bank of India,Tera Software Ltd,2,0
Central Bank of India,The Peerless General Finance,2,0
Civil Supplies - A&N Islands,India Computer Technology,52,4
Delhi - Central DC,Smart Chip Limited,1,3
Delhi - East DC,DATASOFT COMPUTER SERVICES(P),4,4
Delhi - East DC,Tera Software Ltd,4,1
Delhi - NE DC,Alankit Assignments Limited,73,26
Delhi - NE DC,Smart ID,13,2
Delhi - North DC,DATASOFT COMPUTER SERVICES(P),5,5
Delhi - North DC,Smart Chip Limited,8,1
Delhi SW DC,STRATEGIC OUTSOURCING SERVICE,37,17
Delhi Urban Shelter Improvemen,Alankit Assignments Limited,3,1
Delhi Urban Shelter Improvemen,STRATEGIC OUTSOURCING SERVICE,9,2
Delhi Urban Shelter Improvemen,Tera Software Ltd,4,1
Delhi- South DC,Tera Software Ltd,66,3
Delhi- South DC,eCentric solutions pvt ltd,2,2
Delhi- West DC,Matrix Processing House,1,10
Delhi- West DC,VIRGO SOFTECH LIMITED,2,1
Delhi-NW DC,Karvy Computershare Private Li,7,2
Delhi-NW DC,STRATEGIC OUTSOURCING SERVICE,38,17
Dept of ITC Govt of Rajasthan,ATISHAY INFOTECH PVT. LTD.,15,3
Dept of ITC Govt of Rajasthan,DATASOFT COMPUTER SERVICES(P),10,3
Dept of ITC Govt of Rajasthan,TechSmart India Pvt Ltd,16,3
Dept of ITC Govt of Rajasthan,Vakrangee Softwares Limited,9,1
FCR Govt of Haryana,Vakrangee Softwares Limited,183,20
FCS Govt of Punjab,Alankit Assignments Limited,212,56
FCS Govt of Punjab,Alankit Finsec Ltd,97,17
FCS Govt of Punjab,Alankit Life Care Ltd,182,14
FCS Govt of Punjab,Delhi Integrated MMTS Ltd,79,6
FCS Govt of Punjab,Diwakar Commercials Pvt Ltd,147,30
FCS Govt of Punjab,VIRGO SOFTECH LIMITED,67,12
FCS Govt of Punjab,VISESH INFOTECNICS LIMITED,53,5
Govt of Andhra Pradesh,Gouthami Educational Society,51,36
Govt of Andhra Pradesh,GrapeSoft,1,58
Govt of Andhra Pradesh,IL&FS LTD,12,308
Govt of Andhra Pradesh,INFRONICS SYSTEMS LTD,1282,37
Govt of Andhra Pradesh,Madras Security Printers Ltd,510,308
Govt of Andhra Pradesh,Mahaonline Limited,1,0
Govt of Andhra Pradesh,SREEVEN INFOCOM LIMITED,341,6
Govt of Andhra Pradesh,Smart Chip Limited,1006,16
Govt of Andhra Pradesh,TechSmart India Pvt Ltd,2802,290
Govt of Andhra Pradesh,Tera Software Ltd,554,100
Govt of Andhra Pradesh,eCentric solutions pvt ltd,369,113
Govt of Goa,MARS Telecom Systems Pvt Ltd,1365,24
Govt of Goa,Tera Software Ltd,50,0
Govt of Gujarat,Karvy Computershare Private Li,2,0
Govt of Gujarat,eCentric solutions pvt ltd,141,4
Govt of Himachal Pradesh,IL&FS LTD,33,12
Govt of Himachal Pradesh,Wipro Ltd,51,19
Govt of Himachal Pradesh,i-Grandee SoftwareTechnologies,7136,165
Govt of Karnataka ,COMAT TECHNOLOGIES P LTD,20,6
Govt of Karnataka ,GLODYNE TECHNOSERVE,6684,43
Govt of Karnataka ,Integra Micro Systems Pvt.ltd,3,3
Govt of Karnataka ,Tera Software Ltd,40,16
Govt of Karnataka ,Wipro Ltd,10,2
Govt of Kerala,Akshaya,15253,85
Govt of Kerala,Keltron,8132,23
Govt of Madhya Pradesh,VIRGO SOFTECH LIMITED,70762,2567
Govt of Maharashtra,Alankit Assignments Limited,2,29
Govt of Maharashtra,COMAT TECHNOLOGIES P LTD,0,3
Govt of Maharashtra,GSS Infotech Ltd,99,8
Govt of Maharashtra,Karvy Computershare Private Li,28,6
Govt of Maharashtra,Mahaonline Limited,47,19
Govt of Maharashtra,STRATEGIC OUTSOURCING SERVICE,23,25
Govt of Maharashtra,Smart Chip Limited,15,7
Govt of Maharashtra,TEAM LIFE CARE COMPANY INDIA P,0,26
Govt of Maharashtra,Tera Software Ltd,435,107
Govt of Maharashtra,Wep Solution India Limited,10,19
Govt of Maharashtra,Wipro Ltd,6790,153
Govt of Sikkim - Dept of Econo,4G IDENTITY SOLUTIONS,1377,0
IDBI Bank ltd,Pioneer E Labs limited,4,0
IGNOU,VIRGO SOFTECH LIMITED,7,0
Indian Overseas Bank,Eagle Software India Pvt. Ltd,2,0
Indian Overseas Bank,Karvy Computershare Private Li,3,2
Indiapost,4G IDENTITY SOLUTIONS,55,12
Indiapost,COMAT TECHNOLOGIES P LTD,2,0
Indiapost,CSS TECHNERGY LIMITED,1,0
Indiapost,Delhi Integrated MMTS Ltd,27,5
Indiapost,Eagle press pvt ltd,10,1
Indiapost,GLODYNE TECHNOSERVE,0,1
Indiapost,IL&FS LTD,89,13
Indiapost,Madras Security Printers Ltd,7,2
Indiapost,Smart Chip Limited,8,1
Indiapost,TEAM LIFE CARE COMPANY INDIA P,299,42
Indiapost,The NSIC ltd,11,1
Indiapost,UTI TECHNOLOGY SERVICES LIMITE,19,4
Indiapost,WEBEL,4,6
Indiapost,eCentric solutions pvt ltd,15,2
Jharkhand,Alankit Assignments Limited,1,1
Jharkhand,Blue Circle Instrument,11,3
Jharkhand,IL&FS LTD,0,9
Jharkhand,MKS Enterprises,4,2
Jharkhand,Nevaeh Technology Pvt. Ltd.,2,0
Jharkhand,STRATEGIC OUTSOURCING SERVICE,4,0
Jharkhand,Smart ID,1,0
Jharkhand,Systematic & Advance Const P L,1155,29
Jharkhand,VISION COMPTECH INTEGRATOR LTD,8,1
Jharkhand,Wipro Ltd,6,4
Life Insurance Corporation,MICROVIEWS INFOSYSTEMS PVT LTD,1,0
Mission Convergence - GNCT Del,Alankit Assignments Limited,6,1
Mission Convergence - GNCT Del,IL&FS LTD,2,0
Mission Convergence - GNCT Del,Karvy Computershare Private Li,1,0
Mission Convergence - GNCT Del,STRATEGIC OUTSOURCING SERVICE,509,5
Mission Convergence - GNCT Del,Smart Chip Limited,0,8
Mission Convergence - GNCT Del,Tera Software Ltd,0,2
N S D L,Abhipra Capital Ltd,320,25
N S D L,Alankit Assignments Limited,37,4
N S D L,INTEGRATED REGISTRY SERVICES,1,0
N S D L,Karvy Data Management Services,2160,42
Oriental Bank of Commerce,DATASOFT COMPUTER SERVICES(P),101,32
Oriental Bank of Commerce,IL&FS LTD,9,6
Oriental Bank of Commerce,Wipro Ltd,6,1
Others,eCentric solutions pvt ltd,1,0
Punjab and Sind Bank,Matrix Processing House,2,3
RDD Govt of Tripura,Alankit Assignments Limited,8,42
Registrar General India BEL2,Computer LAB,1,0
Registrar General India BEL2,Swathy Smartcards Hi-Tech Pvt,60,1
Registrar General India ECIL,In Media Computer Services LLP,1,0
Registrar General India Others,Computer LAB,4,0
Registrar General India Others,Eagle Software India Pvt. Ltd,1,0
Registrar General India Others,India Computer Technology,0,3
Registrar General India Others,Om Softwares,8,1
Registrar General India Others,SREEVEN INFOCOM LIMITED,3,0
Registrar General India Others,Swathy Smartcards Hi-Tech Pvt,38,2
Registrar General India Others,WEBEL TECHNOLOGY LIMITED,4,1
STATE BANK OF HYDERABAD,CSS TECHNERGY LIMITED,33,0
STATE BANK OF PATIALA,CSS TECHNERGY LIMITED,9,0
State Bank of Bikaner & Jaipur,Multiwave Innovation,13,1
State Bank of India,4G IDENTITY SOLUTIONS,111,264
State Bank of India,CSS TECHNERGY LIMITED,147,206
State Bank of India,Delhi Integrated MMTS Ltd,7,7
State Bank of India,Eagle press pvt ltd,6,1
State Bank of India,IL&FS LTD,9,43
State Bank of India,Smart Chip Limited,241,66
State Bank of India,VIRGO SOFTECH LIMITED,25,2
State Bank of Travancore,Tera Software Ltd,1,0
UDD Govt of Jharkhand,Blue Circle Instrument,1,3
UDD Govt of Jharkhand,IL&FS LTD,1,20
UDD Govt of Jharkhand,MKS Enterprises,3,13
UDD Govt of Jharkhand,Smart ID,73,7
UDD Govt of Jharkhand,Systematic & Advance Const P L,19,0
UIDAI-Registrar,UIDAI-EA,3,0
UT Of Daman and Diu,Alankit Assignments Limited,0,2
UT of Puducherry,Madras Security Printers Ltd,7,1
Union Bank,4G IDENTITY SOLUTIONS,7,0
Union Bank,Smart Chip Limited,1,1
Union Bank,Vakrangee Softwares Limited,7071,1120
