Registrar,Enrolment Agency,Aadhaar generated,Enrolment Rejected
Allahabad Bank,IL&FS LTD,9,0
Allahabad Bank,Tera Software Ltd,7,0
Allahabad Bank,Vakrangee Softwares Limited,3,0
Bank Of India,A3 Logics  India  Ltd,894,11
Bank Of India,DATASOFT COMPUTER SERVICES(P),3,0
Bank Of India,Emdee Digitronics Pvt.Ltd.,5,0
Bank Of India,MANTRA SOFTTECH (INDIA) PVTLTD,11,1
Bank Of India,Matrix Processing House,5,0
Bank Of India,OSWAL COMPUTERS & CONSULTANTS,2,0
Bank Of India,SHRIKRISHNA KHANDASARI SUGAR M,148,0
Bank Of India,Vakrangee Softwares Limited,2,3
Bank of Baroda,DATASOFT COMPUTER SERVICES(P),19,6
Bank of Baroda,IL&FS LTD,113,5
Bank of Baroda,TEAM LIFE CARE COMPANY INDIA P,209,1
Canara Bank,ITI LIMITED,3,1
Canara Bank,Smart Chip Limited,2,0
Central Bank of India,CALANCE SOFTWARE PRIVATE LTD,596,6
Central Bank of India,Frontech Systems Pvt Ltd,32,0
Central Bank of India,GSS Infotech Ltd,146,0
Central Bank of India,IAP COMPANY Pvt. Ltd,7,1
Central Bank of India,IL&FS LTD,2270,6
Central Bank of India,MANTRA SOFTTECH (INDIA) PVTLTD,5,0
Central Bank of India,SREI INFRASTRUCTURE FINANCES L,49,3
Central Bank of India,Tera Software Ltd,5,0
Central Bank of India,The Peerless General Finance,1,0
Civil Supplies - A&N Islands,India Computer Technology,5,0
Delhi - Central DC,Smart Chip Limited,21,1
Delhi - East DC,DATASOFT COMPUTER SERVICES(P),12,1
Delhi - East DC,Tera Software Ltd,21,1
Delhi - ND DC,Smart Chip Limited,5,0
Delhi - NE DC,Alankit Assignments Limited,739,10
Delhi - NE DC,Smart ID,11,0
Delhi - North DC,DATASOFT COMPUTER SERVICES(P),12,0
Delhi - North DC,Smart Chip Limited,51,0
Delhi SW DC,STRATEGIC OUTSOURCING SERVICE,178,5
Delhi Urban Shelter Improvemen,STRATEGIC OUTSOURCING SERVICE,17,1
Delhi Urban Shelter Improvemen,Smart Chip Limited,11,0
Delhi Urban Shelter Improvemen,Tera Software Ltd,61,0
Delhi- South DC,Tera Software Ltd,369,1
Delhi- South DC,eCentric solutions pvt ltd,14,1
Delhi- West DC,Matrix Processing House,11,0
Delhi- West DC,VIRGO SOFTECH LIMITED,11,2
Delhi-NW DC,Karvy Computershare Private Li,206,4
Delhi-NW DC,STRATEGIC OUTSOURCING SERVICE,153,1
Dept of ITC Govt of Rajasthan,ATISHAY INFOTECH PVT. LTD.,59,3
Dept of ITC Govt of Rajasthan,DATASOFT COMPUTER SERVICES(P),7,0
Dept of ITC Govt of Rajasthan,TechSmart India Pvt Ltd,8,1
Dept of ITC Govt of Rajasthan,Vakrangee Softwares Limited,98,1
FCR Govt of Haryana,Vakrangee Softwares Limited,100,8
FCS Govt of Punjab,Alankit Assignments Limited,2080,11
FCS Govt of Punjab,Alankit Finsec Ltd,992,4
FCS Govt of Punjab,Alankit Life Care Ltd,901,0
FCS Govt of Punjab,Delhi Integrated MMTS Ltd,365,6
FCS Govt of Punjab,Diwakar Commercials Pvt Ltd,949,7
FCS Govt of Punjab,VIRGO SOFTECH LIMITED,1744,4
FCS Govt of Punjab,VISESH INFOTECNICS LIMITED,261,4
Govt of Andhra Pradesh,Gouthami Educational Society,22,1
Govt of Andhra Pradesh,GrapeSoft,0,1
Govt of Andhra Pradesh,IL&FS LTD,81,4
Govt of Andhra Pradesh,INFRONICS SYSTEMS LTD,697,6
Govt of Andhra Pradesh,Madras Security Printers Ltd,951,18
Govt of Andhra Pradesh,Mahaonline Limited,14,0
Govt of Andhra Pradesh,SREEVEN INFOCOM LIMITED,1,0
Govt of Andhra Pradesh,Smart Chip Limited,47,5
Govt of Andhra Pradesh,TechSmart India Pvt Ltd,15232,77
Govt of Andhra Pradesh,Tera Software Ltd,104,1
Govt of Andhra Pradesh,eCentric solutions pvt ltd,128,1
Govt of Goa,COMAT TECHNOLOGIES P LTD,211,0
Govt of Goa,MARS Telecom Systems Pvt Ltd,3914,10
Govt of Goa,Tera Software Ltd,489,0
Govt of Gujarat,Silver Touch Technologies Ltd,1,0
Govt of Gujarat,Tera Software Ltd,1,0
Govt of Gujarat,eCentric solutions pvt ltd,25,0
Govt of Himachal Pradesh,IL&FS LTD,53,2
Govt of Himachal Pradesh,Wipro Ltd,1347,18
Govt of Himachal Pradesh,i-Grandee SoftwareTechnologies,4616,17
Govt of Karnataka ,COMAT TECHNOLOGIES P LTD,6324,0
Govt of Karnataka ,GLODYNE TECHNOSERVE,3521,6
Govt of Karnataka ,Integra Micro Systems Pvt.ltd,24,0
Govt of Karnataka ,Tera Software Ltd,242,14
Govt of Karnataka ,Wipro Ltd,258,3
Govt of Kerala,Akshaya,55524,29
Govt of Kerala,Keltron,10562,0
Govt of Madhya Pradesh,VIRGO SOFTECH LIMITED,8598,272
Govt of Maharashtra,Alankit Assignments Limited,106,0
Govt of Maharashtra,COMAT TECHNOLOGIES P LTD,180,1
Govt of Maharashtra,Eagle press pvt ltd,32,0
Govt of Maharashtra,GSS Infotech Ltd,235,2
Govt of Maharashtra,Karvy Computershare Private Li,64,3
Govt of Maharashtra,Mahaonline Limited,4459,4
Govt of Maharashtra,SPANCO,6,0
Govt of Maharashtra,STRATEGIC OUTSOURCING SERVICE,484,1
Govt of Maharashtra,Smart Chip Limited,69,0
Govt of Maharashtra,TEAM LIFE CARE COMPANY INDIA P,1133,5
Govt of Maharashtra,Tera Software Ltd,10957,15
Govt of Maharashtra,Wep Solution India Limited,30,1
Govt of Maharashtra,Wipro Ltd,20855,2
Govt of Sikkim - Dept of Econo,4G IDENTITY SOLUTIONS,711,1
IDBI Bank ltd,GSS Infotech Ltd,9,0
IDBI Bank ltd,Pioneer E Labs limited,2,0
IGNOU,VIRGO SOFTECH LIMITED,3,0
IGNOU,Vakrangee Softwares Limited,4,0
Indian Overseas Bank,Eagle Software India Pvt. Ltd,2,0
Indiapost,4G IDENTITY SOLUTIONS,202,11
Indiapost,COMAT TECHNOLOGIES P LTD,627,0
Indiapost,Delhi Integrated MMTS Ltd,63,3
Indiapost,Eagle press pvt ltd,73,1
Indiapost,GLODYNE TECHNOSERVE,1,0
Indiapost,GSS Infotech Ltd,25,0
Indiapost,IL&FS LTD,436,1
Indiapost,Madras Security Printers Ltd,64,2
Indiapost,Smart Chip Limited,2,1
Indiapost,TEAM LIFE CARE COMPANY INDIA P,1705,5
Indiapost,The NSIC ltd,7,1
Indiapost,The Peerless General Finance,10,0
Indiapost,UTI TECHNOLOGY SERVICES LIMITE,1733,1
Indiapost,WEBEL,24,1
Indiapost,eCentric solutions pvt ltd,4,1
Jharkhand,Alankit Assignments Limited,12,0
Jharkhand,Blue Circle Instrument,13,3
Jharkhand,MKS Enterprises,2,0
Jharkhand,Nevaeh Technology Pvt. Ltd.,0,2
Jharkhand,STRATEGIC OUTSOURCING SERVICE,20,1
Jharkhand,Smart ID,4,1
Jharkhand,Systematic & Advance Const P L,2282,8
Jharkhand,VISION COMPTECH INTEGRATOR LTD,35,0
Jharkhand,Wipro Ltd,1609,2
Life Insurance Corporation,LYRA  CONSULTANCY SERVICE,12,0
Life Insurance Corporation,MICROVIEWS INFOSYSTEMS PVT LTD,484,0
Life Insurance Corporation,PROTEX COMPUTER PVT LTD,30,0
Life Insurance Corporation,Smart ID,2,0
Life Insurance Corporation,eCentric solutions pvt ltd,19,0
Mission Convergence - GNCT Del,Alankit Assignments Limited,7,1
Mission Convergence - GNCT Del,IL&FS LTD,2,0
Mission Convergence - GNCT Del,Karvy Computershare Private Li,1,0
Mission Convergence - GNCT Del,Matrix Processing House,1,0
Mission Convergence - GNCT Del,STRATEGIC OUTSOURCING SERVICE,42,0
Mission Convergence - GNCT Del,Smart Chip Limited,1,0
Mission Convergence - GNCT Del,Tera Software Ltd,15,0
Mission Convergence - GNCT Del,eCentric solutions pvt ltd,7,1
N S D L,Abhipra Capital Ltd,1494,13
N S D L,Alankit Assignments Limited,478,0
N S D L,Atlas Documentary Facilitator,3,0
N S D L,Karvy Data Management Services,5670,13
Oriental Bank of Commerce,DATASOFT COMPUTER SERVICES(P),102,3
Oriental Bank of Commerce,IL&FS LTD,9,0
Oriental Bank of Commerce,The NSIC ltd,1,0
Oriental Bank of Commerce,Wipro Ltd,102,1
RDD Govt of Tripura,Alankit Assignments Limited,247,0
Registrar General India - BEL,In Media Computer Services LLP,1,0
Registrar General India BEL2,Swathy Smartcards Hi-Tech Pvt,46,0
Registrar General India ECIL,In Media Computer Services LLP,6,0
Registrar General India ECIL,Tera Software Ltd,71,0
Registrar General India Others,Computer LAB,43,0
Registrar General India Others,Eagle Software India Pvt. Ltd,48,0
Registrar General India Others,Emdee Digitronics Pvt.Ltd.,33,0
Registrar General India Others,In Media Computer Services LLP,52,0
Registrar General India Others,Madras Security Printers Ltd,17,0
Registrar General India Others,Om Softwares,115,0
Registrar General India Others,Swathy Smartcards Hi-Tech Pvt,453,0
Registrar General India Others,WEBEL TECHNOLOGY LIMITED,274,0
Registrar General of India ITI,Swathy Smartcards Hi-Tech Pvt,12,0
STATE BANK OF HYDERABAD,CSS TECHNERGY LIMITED,106,0
STATE BANK OF PATIALA,CSS TECHNERGY LIMITED,38,1
State Bank of Bikaner & Jaipur,Multiwave Innovation,12,1
State Bank of India,4G IDENTITY SOLUTIONS,18390,21
State Bank of India,COMAT TECHNOLOGIES P LTD,38,0
State Bank of India,CSS TECHNERGY LIMITED,759,30
State Bank of India,Delhi Integrated MMTS Ltd,17,1
State Bank of India,Eagle press pvt ltd,95,0
State Bank of India,IL&FS LTD,2452,1
State Bank of India,Smart Chip Limited,1305,115
State Bank of India,VIRGO SOFTECH LIMITED,13,1
State Bank of Travancore,Tera Software Ltd,7,0
Syndicate Bank,Smart Chip Limited,17,0
UDD Govt of Jharkhand,Blue Circle Instrument,93,0
UDD Govt of Jharkhand,IL&FS LTD,999,1
UDD Govt of Jharkhand,MKS Enterprises,3,0
UDD Govt of Jharkhand,Smart ID,261,0
UDD Govt of Jharkhand,Systematic & Advance Const P L,32,0
UIDAI-Registrar,UIDAI-EA,15,0
UT Of Daman and Diu,Alankit Assignments Limited,3,0
UT of Puducherry,Madras Security Printers Ltd,130,0
Union Bank,4G IDENTITY SOLUTIONS,73,0
Union Bank,Smart Chip Limited,13,2
Union Bank,Vakrangee Softwares Limited,4748,432
