Registrar,Enrolment Agency,Aadhaar generated,Enrolment Rejected
Allahabad Bank,IL&FS LTD,780,13
Allahabad Bank,Tera Software Ltd,49,5
Allahabad Bank,Vakrangee Softwares Limited,222,8
Bank Of India,A3 Logics  India  Ltd,3491,218
Bank Of India,DATASOFT COMPUTER SERVICES(P),19,3
Bank Of India,Emdee Digitronics Pvt.Ltd.,1,0
Bank Of India,Frontech Systems Pvt Ltd,13,3
Bank Of India,Integra Micro Systems Pvt.ltd,0,1
Bank Of India,MANTRA SOFTTECH (INDIA) PVTLTD,367,19
Bank Of India,Matrix Processing House,372,4
Bank Of India,OSWAL COMPUTERS & CONSULTANTS,40,6
Bank Of India,PROTEX COMPUTER PVT LTD,1,0
Bank Of India,SARADA SYSTEMS,4,0
Bank Of India,SHRIKRISHNA KHANDASARI SUGAR M,46,1
Bank Of India,SREI INFRASTRUCTURE FINANCES L,31,10
Bank Of India,Silver Touch Technologies Ltd,1,0
Bank Of India,Systematic & Advance Const P L,1,11
Bank Of India,Tera Software Ltd,3,1
Bank Of India,VEETECHNOLOGIES PVT. LTD,17,1
Bank Of India,Vakrangee Softwares Limited,75,8
Bank of Baroda,DATASOFT COMPUTER SERVICES(P),239,50
Bank of Baroda,IL&FS LTD,319,20
Bank of Baroda,TEAM LIFE CARE COMPANY INDIA P,390,23
Canara Bank,ITI LIMITED,2,0
Canara Bank,Rosmerta technoliges Limited,0,27
Canara Bank,Smart Chip Limited,1,0
Canara Bank,VIRGO SOFTECH LIMITED,1,0
Central Bank of India,CALANCE SOFTWARE PRIVATE LTD,333,41
Central Bank of India,Frontech Systems Pvt Ltd,25,2
Central Bank of India,GSS Infotech Ltd,246,0
Central Bank of India,IAP COMPANY Pvt. Ltd,231,32
Central Bank of India,IL&FS LTD,1235,412
Central Bank of India,Integra Micro Systems Pvt.ltd,1,0
Central Bank of India,MANTRA SOFTTECH (INDIA) PVTLTD,54,4
Central Bank of India,SREI INFRASTRUCTURE FINANCES L,474,30
Central Bank of India,Smart ID,0,1
Central Bank of India,Tera Software Ltd,5,4
Central Bank of India,The Peerless General Finance,181,7
Civil Supplies - A&N Islands,India Computer Technology,238,7
Delhi - Central DC,Smart Chip Limited,27,18
Delhi - East DC,DATASOFT COMPUTER SERVICES(P),164,2
Delhi - East DC,IAP COMPANY Pvt. Ltd,1,0
Delhi - East DC,Tera Software Ltd,78,65
Delhi - ND DC,Smart Chip Limited,13,3
Delhi - NE DC,Alankit Assignments Limited,1300,65
Delhi - NE DC,Smart ID,592,4
Delhi - North DC,DATASOFT COMPUTER SERVICES(P),6,4
Delhi - North DC,Smart Chip Limited,308,16
Delhi SW DC,STRATEGIC OUTSOURCING SERVICE,1360,56
Delhi Urban Shelter Improvemen,Alankit Assignments Limited,5,3
Delhi Urban Shelter Improvemen,Matrix Processing House,81,0
Delhi Urban Shelter Improvemen,STRATEGIC OUTSOURCING SERVICE,219,10
Delhi Urban Shelter Improvemen,Smart Chip Limited,9,0
Delhi Urban Shelter Improvemen,Tera Software Ltd,392,39
Delhi- South DC,Tera Software Ltd,136,100
Delhi- South DC,eCentric solutions pvt ltd,270,39
Delhi- West DC,Matrix Processing House,872,16
Delhi- West DC,VIRGO SOFTECH LIMITED,767,29
Delhi-NW DC,Karvy Computershare Private Li,2650,26
Delhi-NW DC,STRATEGIC OUTSOURCING SERVICE,774,68
Dept of ITC Govt of Rajasthan,ATISHAY INFOTECH PVT. LTD.,67,29
Dept of ITC Govt of Rajasthan,DATASOFT COMPUTER SERVICES(P),12,43
Dept of ITC Govt of Rajasthan,GSS Infotech Ltd,33,56
Dept of ITC Govt of Rajasthan,TechSmart India Pvt Ltd,47,13
Dept of ITC Govt of Rajasthan,Vakrangee Softwares Limited,233,74
FCR Govt of Haryana,Vakrangee Softwares Limited,3136,56
FCS Govt of Punjab,Alankit Assignments Limited,909,245
FCS Govt of Punjab,Alankit Finsec Ltd,448,153
FCS Govt of Punjab,Alankit Life Care Ltd,219,49
FCS Govt of Punjab,Delhi Integrated MMTS Ltd,277,45
FCS Govt of Punjab,Diwakar Commercials Pvt Ltd,888,113
FCS Govt of Punjab,VIRGO SOFTECH LIMITED,4639,44
FCS Govt of Punjab,VISESH INFOTECNICS LIMITED,1195,16
Govt of Andhra Pradesh,Gouthami Educational Society,693,9
Govt of Andhra Pradesh,IL&FS LTD,332,506
Govt of Andhra Pradesh,INFRONICS SYSTEMS LTD,485,29
Govt of Andhra Pradesh,Madras Security Printers Ltd,499,45
Govt of Andhra Pradesh,Mahaonline Limited,4,0
Govt of Andhra Pradesh,SREEVEN INFOCOM LIMITED,184,2
Govt of Andhra Pradesh,Smart Chip Limited,197,4
Govt of Andhra Pradesh,TechSmart India Pvt Ltd,4637,318
Govt of Andhra Pradesh,Tera Software Ltd,191,68
Govt of Andhra Pradesh,eCentric solutions pvt ltd,331,39
Govt of Goa,COMAT TECHNOLOGIES P LTD,549,3
Govt of Goa,MARS Telecom Systems Pvt Ltd,1362,44
Govt of Goa,Tera Software Ltd,131,14
Govt of Gujarat,eCentric solutions pvt ltd,2,0
Govt of Himachal Pradesh,IL&FS LTD,97,14
Govt of Himachal Pradesh,Wipro Ltd,896,259
Govt of Himachal Pradesh,i-Grandee SoftwareTechnologies,1843,201
Govt of Karnataka ,COMAT TECHNOLOGIES P LTD,1876,551
Govt of Karnataka ,GLODYNE TECHNOSERVE,4118,96
Govt of Karnataka ,Integra Micro Systems Pvt.ltd,737,32
Govt of Karnataka ,Tera Software Ltd,1543,401
Govt of Karnataka ,Wipro Ltd,2721,60
Govt of Kerala,Akshaya,15220,315
Govt of Kerala,Keltron,3204,84
Govt of Madhya Pradesh,VIRGO SOFTECH LIMITED,12890,1754
Govt of Maharashtra,Alankit Assignments Limited,305,39
Govt of Maharashtra,COMAT TECHNOLOGIES P LTD,87,4
Govt of Maharashtra,Eagle press pvt ltd,34,0
Govt of Maharashtra,GSS Infotech Ltd,3507,175
Govt of Maharashtra,Karvy Computershare Private Li,657,28
Govt of Maharashtra,Mahaonline Limited,2774,572
Govt of Maharashtra,SPANCO,465,7
Govt of Maharashtra,STRATEGIC OUTSOURCING SERVICE,1267,59
Govt of Maharashtra,Smart Chip Limited,61,37
Govt of Maharashtra,TEAM LIFE CARE COMPANY INDIA P,657,4
Govt of Maharashtra,Tera Software Ltd,10402,509
Govt of Maharashtra,Wep Solution India Limited,955,35
Govt of Maharashtra,Wipro Ltd,8665,311
Govt of Sikkim - Dept of Econo,4G IDENTITY SOLUTIONS,1359,65
IDBI Bank ltd,GSS Infotech Ltd,7,0
IDBI Bank ltd,Pioneer E Labs limited,14,1
IGNOU,VIRGO SOFTECH LIMITED,92,3
IGNOU,Vakrangee Softwares Limited,31,2
Indian Bank,i-Grandee SoftwareTechnologies,0,1
Indian Overseas Bank,Eagle Software India Pvt. Ltd,164,3
Indian Overseas Bank,Karvy Computershare Private Li,5,1
Indiapost,4G IDENTITY SOLUTIONS,569,95
Indiapost,COMAT TECHNOLOGIES P LTD,195,12
Indiapost,CSS TECHNERGY LIMITED,3,0
Indiapost,Delhi Integrated MMTS Ltd,1590,46
Indiapost,Eagle press pvt ltd,75,1
Indiapost,GLODYNE TECHNOSERVE,269,52
Indiapost,GSS Infotech Ltd,272,18
Indiapost,IL&FS LTD,237,38
Indiapost,Madras Security Printers Ltd,154,15
Indiapost,Smart Chip Limited,45,6
Indiapost,TEAM LIFE CARE COMPANY INDIA P,1095,50
Indiapost,The NSIC ltd,1183,9
Indiapost,The Peerless General Finance,280,3
Indiapost,UTI TECHNOLOGY SERVICES LIMITE,1983,33
Indiapost,WEBEL,24,12
Indiapost,eCentric solutions pvt ltd,110,7
Jharkhand,Alankit Assignments Limited,518,7
Jharkhand,Blue Circle Instrument,63,18
Jharkhand,IL&FS LTD,18,3
Jharkhand,MKS Enterprises,46,4
Jharkhand,Nevaeh Technology Pvt. Ltd.,12,4
Jharkhand,STRATEGIC OUTSOURCING SERVICE,67,17
Jharkhand,Smart ID,1,3
Jharkhand,Systematic & Advance Const P L,1602,33
Jharkhand,VISION COMPTECH INTEGRATOR LTD,334,49
Jharkhand,Wipro Ltd,794,112
Life Insurance Corporation,LYRA  CONSULTANCY SERVICE,3,0
Life Insurance Corporation,MICROVIEWS INFOSYSTEMS PVT LTD,110,0
Life Insurance Corporation,PROTEX COMPUTER PVT LTD,12,3
Life Insurance Corporation,Smart ID,3,0
Life Insurance Corporation,eCentric solutions pvt ltd,14,1
Mission Convergence - GNCT Del,Alankit Assignments Limited,16,2
Mission Convergence - GNCT Del,IL&FS LTD,7,0
Mission Convergence - GNCT Del,Karvy Computershare Private Li,0,2
Mission Convergence - GNCT Del,Matrix Processing House,8,1
Mission Convergence - GNCT Del,STRATEGIC OUTSOURCING SERVICE,126,48
Mission Convergence - GNCT Del,Smart Chip Limited,5,5
Mission Convergence - GNCT Del,Tera Software Ltd,75,13
Mission Convergence - GNCT Del,eCentric solutions pvt ltd,96,12
N S D L,Abhipra Capital Ltd,426,105
N S D L,Alankit Assignments Limited,309,68
N S D L,Atlas Documentary Facilitator,6,0
N S D L,INTEGRATED REGISTRY SERVICES,1,0
N S D L,Karvy Data Management Services,3090,149
N S D L,Tera Software Ltd,0,1
Oriental Bank of Commerce,DATASOFT COMPUTER SERVICES(P),250,32
Oriental Bank of Commerce,IL&FS LTD,39,9
Oriental Bank of Commerce,The NSIC ltd,1,1
Oriental Bank of Commerce,Wipro Ltd,445,58
Punjab and Sind Bank,Matrix Processing House,8,0
RDD Govt of Tripura,Alankit Assignments Limited,105,27
Registrar General India - BEL,Manipur Electronics Dev Corp,1,0
Registrar General India BEL2,Swathy Smartcards Hi-Tech Pvt,6,2
Registrar General India ECIL,Tera Software Ltd,16,0
Registrar General India Others,Computer LAB,11,0
Registrar General India Others,Eagle Software India Pvt. Ltd,12,0
Registrar General India Others,Emdee Digitronics Pvt.Ltd.,13,0
Registrar General India Others,In Media Computer Services LLP,15,0
Registrar General India Others,Madras Security Printers Ltd,5,1
Registrar General India Others,Om Softwares,29,0
Registrar General India Others,SREEVEN INFOCOM LIMITED,0,1
Registrar General India Others,Swathy Smartcards Hi-Tech Pvt,109,1
Registrar General India Others,WEBEL TECHNOLOGY LIMITED,76,3
Registrar General of India ITI,Swathy Smartcards Hi-Tech Pvt,6,1
STATE BANK OF HYDERABAD,CSS TECHNERGY LIMITED,113,13
STATE BANK OF PATIALA,CSS TECHNERGY LIMITED,22,12
State Bank of Bikaner & Jaipur,Multiwave Innovation,49,11
State Bank of India,4G IDENTITY SOLUTIONS,7037,98
State Bank of India,COMAT TECHNOLOGIES P LTD,20,14
State Bank of India,CSS TECHNERGY LIMITED,5066,302
State Bank of India,Delhi Integrated MMTS Ltd,132,3
State Bank of India,Eagle press pvt ltd,125,34
State Bank of India,IL&FS LTD,1595,182
State Bank of India,Smart Chip Limited,3137,128
State Bank of India,VIRGO SOFTECH LIMITED,448,4
State Bank of Travancore,Tera Software Ltd,11,1
Syndicate Bank,Smart Chip Limited,288,4
UDD Govt of Jharkhand,Blue Circle Instrument,32,15
UDD Govt of Jharkhand,IL&FS LTD,267,6
UDD Govt of Jharkhand,MKS Enterprises,179,29
UDD Govt of Jharkhand,Smart ID,116,6
UDD Govt of Jharkhand,Systematic & Advance Const P L,26,11
UIDAI-Registrar,UIDAI-EA,8,1
UT Of Daman and Diu,Alankit Assignments Limited,8,0
UT of Puducherry,Madras Security Printers Ltd,108,49
Union Bank,4G IDENTITY SOLUTIONS,164,5
Union Bank,Smart Chip Limited,247,3
Union Bank,Vakrangee Softwares Limited,19470,1591
