Registrar,Enrolment Agency,State,District,Sub District,Pin Code,Gender,Age,Aadhaar generated,Enrolment Rejected,Residents providing email,Residents providing mobile number
Allahabad Bank,Tera Software Ltd,West Bengal,Hooghly,For New VTC,712103,M,25,1,0,0,1
Allahabad Bank,Tera Software Ltd,West Bengal,Hooghly,For New VTC,712103,M,48,1,0,0,1
Allahabad Bank,Vakrangee Softwares Limited,Gujarat,Vadodara,Vadodara,390019,F,27,2,0,0,0
Allahabad Bank,Vakrangee Softwares Limited,Gujarat,Vadodara,Vadodara,390019,F,41,1,0,0,0
Allahabad Bank,Vakrangee Softwares Limited,Gujarat,Vadodara,Vadodara,390019,M,6,1,0,0,0
Bank of Baroda,IL&FS LTD,Gujarat,Mahesana,Kadi,382715,F,19,1,0,0,0
Bank of Baroda,IL&FS LTD,Gujarat,Mahesana,Kadi,382715,M,14,1,0,0,0
Bank of Baroda,IL&FS LTD,Gujarat,Mahesana,Kadi,382715,M,16,1,0,0,0
Central Bank of India,CALANCE SOFTWARE PRIVATE LTD,Punjab,Ludhiana,For New VTC,141007,F,47,1,0,0,1
Central Bank of India,CALANCE SOFTWARE PRIVATE LTD,Punjab,Ludhiana,For New VTC,141007,M,14,1,0,0,1
Central Bank of India,CALANCE SOFTWARE PRIVATE LTD,Punjab,Ludhiana,For New VTC,141007,M,36,1,0,0,1
Central Bank of India,CALANCE SOFTWARE PRIVATE LTD,Punjab,Ludhiana,For New VTC,141007,M,39,1,0,0,1
Central Bank of India,CALANCE SOFTWARE PRIVATE LTD,Punjab,Ludhiana,For New VTC,141007,M,41,1,0,0,1
Central Bank of India,CALANCE SOFTWARE PRIVATE LTD,Punjab,Ludhiana,For New VTC,141008,M,59,1,0,0,0
Central Bank of India,CALANCE SOFTWARE PRIVATE LTD,Punjab,Ludhiana,Ludhiana (east),141001,M,26,1,0,0,1
Central Bank of India,CALANCE SOFTWARE PRIVATE LTD,Punjab,Ludhiana,Ludhiana (east),141001,M,34,1,0,0,1
Central Bank of India,CALANCE SOFTWARE PRIVATE LTD,Punjab,Ludhiana,Ludhiana (east),141007,F,16,1,0,0,1
Central Bank of India,CALANCE SOFTWARE PRIVATE LTD,Punjab,Ludhiana,Ludhiana (east),141007,F,26,1,0,0,0
Central Bank of India,CALANCE SOFTWARE PRIVATE LTD,Punjab,Ludhiana,Ludhiana (east),141007,F,28,1,0,0,1
Central Bank of India,CALANCE SOFTWARE PRIVATE LTD,Punjab,Ludhiana,Ludhiana (east),141007,F,32,1,0,0,1
Central Bank of India,CALANCE SOFTWARE PRIVATE LTD,Punjab,Ludhiana,Ludhiana (east),141007,F,36,1,0,0,0
Central Bank of India,CALANCE SOFTWARE PRIVATE LTD,Punjab,Ludhiana,Ludhiana (east),141007,F,40,1,0,0,1
Central Bank of India,CALANCE SOFTWARE PRIVATE LTD,Punjab,Ludhiana,Ludhiana (east),141007,F,45,1,0,0,1
Central Bank of India,CALANCE SOFTWARE PRIVATE LTD,Punjab,Ludhiana,Ludhiana (east),141007,F,47,1,0,0,0
Central Bank of India,CALANCE SOFTWARE PRIVATE LTD,Punjab,Ludhiana,Ludhiana (east),141007,F,52,1,0,0,0
Central Bank of India,CALANCE SOFTWARE PRIVATE LTD,Punjab,Ludhiana,Ludhiana (east),141007,M,4,1,0,0,0
Central Bank of India,CALANCE SOFTWARE PRIVATE LTD,Punjab,Ludhiana,Ludhiana (east),141007,M,12,1,0,0,0
Central Bank of India,CALANCE SOFTWARE PRIVATE LTD,Punjab,Ludhiana,Ludhiana (east),141007,M,17,1,0,0,0
Central Bank of India,CALANCE SOFTWARE PRIVATE LTD,Punjab,Ludhiana,Ludhiana (east),141007,M,18,1,0,0,1
Central Bank of India,CALANCE SOFTWARE PRIVATE LTD,Punjab,Ludhiana,Ludhiana (east),141007,M,19,1,0,0,0
Central Bank of India,CALANCE SOFTWARE PRIVATE LTD,Punjab,Ludhiana,Ludhiana (east),141007,M,20,1,0,0,0
Central Bank of India,CALANCE SOFTWARE PRIVATE LTD,Punjab,Ludhiana,Ludhiana (east),141007,M,23,1,0,0,0
Central Bank of India,CALANCE SOFTWARE PRIVATE LTD,Punjab,Ludhiana,Ludhiana (east),141007,M,27,1,0,0,1
Central Bank of India,CALANCE SOFTWARE PRIVATE LTD,Punjab,Ludhiana,Ludhiana (east),141007,M,31,1,0,0,1
Central Bank of India,CALANCE SOFTWARE PRIVATE LTD,Punjab,Ludhiana,Ludhiana (east),141007,M,32,1,0,0,0
Central Bank of India,CALANCE SOFTWARE PRIVATE LTD,Punjab,Ludhiana,Ludhiana (east),141007,M,35,1,0,0,0
Central Bank of India,CALANCE SOFTWARE PRIVATE LTD,Punjab,Ludhiana,Ludhiana (east),141007,M,43,1,0,0,0
Central Bank of India,CALANCE SOFTWARE PRIVATE LTD,Punjab,Ludhiana,Ludhiana (east),141007,M,47,1,0,0,1
Central Bank of India,CALANCE SOFTWARE PRIVATE LTD,Punjab,Ludhiana,Ludhiana (east),141007,M,56,1,0,0,0
Central Bank of India,CALANCE SOFTWARE PRIVATE LTD,Punjab,Ludhiana,Ludhiana (east),141007,M,58,1,0,0,0
Central Bank of India,CALANCE SOFTWARE PRIVATE LTD,Punjab,Ludhiana,Ludhiana (east),141007,M,62,1,0,0,0
Central Bank of India,CALANCE SOFTWARE PRIVATE LTD,Punjab,Ludhiana,Ludhiana (east),141007,M,72,1,0,0,1
Central Bank of India,CALANCE SOFTWARE PRIVATE LTD,Punjab,Ludhiana,Ludhiana (east),141007,M,79,1,0,0,0
Central Bank of India,CALANCE SOFTWARE PRIVATE LTD,Punjab,SAS Nagar (Mohali),Dera Bassi,140601,F,8,1,0,0,0
Central Bank of India,CALANCE SOFTWARE PRIVATE LTD,Punjab,SAS Nagar (Mohali),Dera Bassi,140601,F,31,2,0,0,0
Central Bank of India,CALANCE SOFTWARE PRIVATE LTD,Punjab,SAS Nagar (Mohali),Dera Bassi,140601,F,55,1,0,0,0
Central Bank of India,CALANCE SOFTWARE PRIVATE LTD,Punjab,SAS Nagar (Mohali),Dera Bassi,140601,F,62,1,0,0,0
Central Bank of India,CALANCE SOFTWARE PRIVATE LTD,Punjab,SAS Nagar (Mohali),Dera Bassi,140601,M,10,1,0,0,0
Central Bank of India,CALANCE SOFTWARE PRIVATE LTD,Punjab,SAS Nagar (Mohali),Dera Bassi,140601,M,22,1,0,0,0
Central Bank of India,CALANCE SOFTWARE PRIVATE LTD,Punjab,SAS Nagar (Mohali),Dera Bassi,140601,M,44,1,0,0,0
Central Bank of India,CALANCE SOFTWARE PRIVATE LTD,Punjab,SAS Nagar (Mohali),For New VTC,140601,F,46,1,0,0,0
Central Bank of India,CALANCE SOFTWARE PRIVATE LTD,Punjab,SAS Nagar (Mohali),For New VTC,140601,M,37,1,0,0,1
Central Bank of India,CALANCE SOFTWARE PRIVATE LTD,Punjab,SAS Nagar (Mohali),For New VTC,140601,M,45,1,0,0,1
Central Bank of India,CALANCE SOFTWARE PRIVATE LTD,Punjab,SAS Nagar (Mohali),For New VTC,140601,M,78,1,0,0,0
Central Bank of India,CALANCE SOFTWARE PRIVATE LTD,Punjab,SAS Nagar (Mohali),For New VTC,140603,M,34,1,0,0,0
FCS Govt of Punjab,Alankit Assignments Limited,Maharashtra,Kolhapur,Gadhinglaj,416503,F,20,1,0,0,1
FCS Govt of Punjab,Alankit Assignments Limited,Punjab,Amritsar,Amritsar -i,143001,F,23,1,0,0,1
FCS Govt of Punjab,Alankit Assignments Limited,Punjab,Amritsar,Amritsar -i,143001,M,20,1,0,0,0
FCS Govt of Punjab,Alankit Assignments Limited,West Bengal,Darjeeling,For New VTC,734203,M,34,1,0,0,0
FCS Govt of Punjab,Alankit Finsec Ltd,Punjab,Jalandhar,For New VTC,144010,F,26,1,0,0,0
FCS Govt of Punjab,Alankit Finsec Ltd,Punjab,Jalandhar,For New VTC,144010,F,42,1,0,0,1
FCS Govt of Punjab,VIRGO SOFTECH LIMITED,Punjab,Ludhiana,For New VTC,141115,F,13,1,0,0,0
FCS Govt of Punjab,VIRGO SOFTECH LIMITED,Punjab,Ludhiana,For New VTC,141115,F,45,1,0,0,0
FCS Govt of Punjab,VIRGO SOFTECH LIMITED,Punjab,Ludhiana,For New VTC,141115,F,65,1,0,0,0
FCS Govt of Punjab,VIRGO SOFTECH LIMITED,Punjab,Ludhiana,For New VTC,141115,M,24,2,0,0,1
FCS Govt of Punjab,VIRGO SOFTECH LIMITED,Punjab,Ludhiana,For New VTC,141115,M,27,1,0,0,0
FCS Govt of Punjab,VIRGO SOFTECH LIMITED,Punjab,Ludhiana,For New VTC,141115,M,29,1,0,0,0
FCS Govt of Punjab,VIRGO SOFTECH LIMITED,Punjab,Ludhiana,For New VTC,141115,M,38,1,0,0,1
FCS Govt of Punjab,VIRGO SOFTECH LIMITED,Punjab,Ludhiana,For New VTC,141115,M,48,1,0,0,1
FCS Govt of Punjab,VIRGO SOFTECH LIMITED,Punjab,Ludhiana,For New VTC,141121,M,26,1,0,0,0
FCS Govt of Punjab,VIRGO SOFTECH LIMITED,Punjab,Ludhiana,Samrala,141121,M,46,1,0,0,0
FCS Govt of Punjab,VIRGO SOFTECH LIMITED,Punjab,Nawanshahr,Balachaur,144521,F,22,1,0,0,1
Govt of Andhra Pradesh,Madras Security Printers Ltd,Andhra Pradesh,Chittoor,For New VTC,517247,F,4,1,0,0,0
Govt of Andhra Pradesh,Madras Security Printers Ltd,Andhra Pradesh,Chittoor,For New VTC,517414,M,4,1,0,0,0
Govt of Andhra Pradesh,Madras Security Printers Ltd,Andhra Pradesh,Chittoor,For New VTC,517432,F,1,1,0,0,0
Govt of Andhra Pradesh,Madras Security Printers Ltd,Andhra Pradesh,Chittoor,For New VTC,517432,F,3,1,0,0,0
Govt of Andhra Pradesh,Madras Security Printers Ltd,Andhra Pradesh,Chittoor,For New VTC,517432,F,4,1,0,0,0
Govt of Andhra Pradesh,Madras Security Printers Ltd,Andhra Pradesh,Chittoor,For New VTC,517432,F,8,1,0,0,0
Govt of Andhra Pradesh,Madras Security Printers Ltd,Andhra Pradesh,Chittoor,For New VTC,517432,F,19,1,0,0,0
Govt of Andhra Pradesh,Madras Security Printers Ltd,Andhra Pradesh,Chittoor,For New VTC,517432,M,0,2,0,0,0
Govt of Andhra Pradesh,Madras Security Printers Ltd,Andhra Pradesh,Chittoor,For New VTC,517432,M,1,1,0,0,0
Govt of Andhra Pradesh,Madras Security Printers Ltd,Andhra Pradesh,Chittoor,For New VTC,517432,M,3,1,0,0,0
Govt of Andhra Pradesh,Madras Security Printers Ltd,Andhra Pradesh,Chittoor,For New VTC,517432,M,4,2,0,0,0
Govt of Andhra Pradesh,Madras Security Printers Ltd,Andhra Pradesh,Chittoor,For New VTC,517432,M,19,1,0,0,0
Govt of Andhra Pradesh,Madras Security Printers Ltd,Andhra Pradesh,Chittoor,For New VTC,517432,M,60,1,0,0,0
Govt of Andhra Pradesh,Madras Security Printers Ltd,Andhra Pradesh,Chittoor,Peddapanjani,517247,F,32,1,0,0,0
Govt of Andhra Pradesh,Madras Security Printers Ltd,Andhra Pradesh,Chittoor,Peddapanjani,517247,M,4,1,0,0,0
Govt of Andhra Pradesh,Madras Security Printers Ltd,Andhra Pradesh,Chittoor,Puttur,517583,M,1,1,0,0,0
Govt of Andhra Pradesh,Madras Security Printers Ltd,Andhra Pradesh,Chittoor,Tirupati (rural),517507,M,0,2,0,0,0
Govt of Andhra Pradesh,Madras Security Printers Ltd,Andhra Pradesh,Chittoor,Tirupati (urban),517501,F,1,1,0,0,0
Govt of Andhra Pradesh,Madras Security Printers Ltd,Andhra Pradesh,Chittoor,Tirupati (urban),517501,F,4,1,0,0,0
Govt of Andhra Pradesh,Madras Security Printers Ltd,Andhra Pradesh,Chittoor,Tirupati (urban),517501,F,36,1,0,0,0
Govt of Andhra Pradesh,Madras Security Printers Ltd,Andhra Pradesh,Chittoor,Tirupati (urban),517501,F,49,1,0,0,0
Govt of Andhra Pradesh,Smart Chip Limited,Andhra Pradesh,Hyderabad,Ameerpet,500038,F,19,1,0,1,1
Govt of Andhra Pradesh,Smart Chip Limited,Andhra Pradesh,Hyderabad,Ameerpet,500038,F,28,1,0,0,0
Govt of Andhra Pradesh,Smart Chip Limited,Andhra Pradesh,Hyderabad,Asifnagar,500028,F,35,1,0,0,0
Govt of Andhra Pradesh,Smart Chip Limited,Andhra Pradesh,Hyderabad,Asifnagar,500067,F,17,1,0,0,0
Govt of Andhra Pradesh,Smart Chip Limited,Andhra Pradesh,Hyderabad,Asifnagar,500067,F,21,2,0,0,0
Govt of Andhra Pradesh,Smart Chip Limited,Andhra Pradesh,Hyderabad,Asifnagar,500067,M,35,1,0,0,0
Govt of Andhra Pradesh,Smart Chip Limited,Andhra Pradesh,Hyderabad,For New VTC,500067,M,18,1,0,0,0
Govt of Andhra Pradesh,Smart Chip Limited,Andhra Pradesh,Hyderabad,For New VTC,500082,M,14,1,0,0,0
Govt of Andhra Pradesh,Smart Chip Limited,Andhra Pradesh,Hyderabad,Golconda,500008,F,55,2,0,0,1
Govt of Andhra Pradesh,Smart Chip Limited,Andhra Pradesh,Hyderabad,Golconda,500008,M,32,1,0,0,1
Govt of Andhra Pradesh,Smart Chip Limited,Andhra Pradesh,Hyderabad,Khairatabad,500045,F,18,1,0,0,1
Govt of Andhra Pradesh,Smart Chip Limited,Andhra Pradesh,Hyderabad,Khairatabad,500045,F,27,1,0,0,1
Govt of Andhra Pradesh,Smart Chip Limited,Andhra Pradesh,Hyderabad,Khairatabad,500045,F,47,1,0,1,1
Govt of Andhra Pradesh,Smart Chip Limited,Andhra Pradesh,Hyderabad,Khairatabad,500045,F,50,1,0,0,1
Govt of Andhra Pradesh,Smart Chip Limited,Andhra Pradesh,K.V.Rangareddy,Balanagar,500018,F,31,1,0,0,0
Govt of Andhra Pradesh,Smart Chip Limited,Andhra Pradesh,K.V.Rangareddy,For New VTC,500008,M,15,1,0,0,1
Govt of Andhra Pradesh,Smart Chip Limited,Andhra Pradesh,K.V.Rangareddy,For New VTC,500008,M,37,1,0,0,1
Govt of Andhra Pradesh,Smart Chip Limited,Andhra Pradesh,K.V.Rangareddy,Qutubullapur,500055,M,40,1,0,0,1
Govt of Andhra Pradesh,Smart Chip Limited,Andhra Pradesh,K.V.Rangareddy,Rajendranagar,500030,F,46,1,0,0,1
Govt of Andhra Pradesh,eCentric solutions pvt ltd,Andhra Pradesh,Anantapur,Tadpatri,515415,F,74,1,0,0,0
Govt of Andhra Pradesh,eCentric solutions pvt ltd,Andhra Pradesh,East Godavari,Rajavommangi,533436,F,5,1,0,0,0
Govt of Andhra Pradesh,eCentric solutions pvt ltd,Andhra Pradesh,East Godavari,Rajavommangi,533436,F,6,2,0,0,0
Govt of Andhra Pradesh,eCentric solutions pvt ltd,Andhra Pradesh,East Godavari,Rajavommangi,533436,F,15,1,0,0,0
Govt of Andhra Pradesh,eCentric solutions pvt ltd,Andhra Pradesh,East Godavari,Rajavommangi,533436,F,21,1,0,0,0
Govt of Andhra Pradesh,eCentric solutions pvt ltd,Andhra Pradesh,East Godavari,Rajavommangi,533436,F,50,1,0,0,0
Govt of Andhra Pradesh,eCentric solutions pvt ltd,Andhra Pradesh,East Godavari,Rajavommangi,533436,F,60,1,0,0,0
Govt of Andhra Pradesh,eCentric solutions pvt ltd,Andhra Pradesh,East Godavari,Rajavommangi,533436,M,4,1,0,0,0
Govt of Andhra Pradesh,eCentric solutions pvt ltd,Andhra Pradesh,East Godavari,Rajavommangi,533436,M,12,2,0,0,0
Govt of Andhra Pradesh,eCentric solutions pvt ltd,Andhra Pradesh,East Godavari,Rajavommangi,533436,M,18,1,0,0,0
Govt of Andhra Pradesh,eCentric solutions pvt ltd,Andhra Pradesh,East Godavari,Rajavommangi,533436,M,19,1,0,0,0
Govt of Andhra Pradesh,eCentric solutions pvt ltd,Andhra Pradesh,East Godavari,Rajavommangi,533436,M,21,1,0,0,0
Govt of Andhra Pradesh,eCentric solutions pvt ltd,Andhra Pradesh,East Godavari,Rajavommangi,533436,M,42,1,0,0,0
Govt of Andhra Pradesh,eCentric solutions pvt ltd,Andhra Pradesh,East Godavari,Rajavommangi,533436,M,43,1,0,0,0
Govt of Andhra Pradesh,eCentric solutions pvt ltd,Andhra Pradesh,East Godavari,Rajavommangi,533436,M,48,1,0,0,0
Govt of Andhra Pradesh,eCentric solutions pvt ltd,Andhra Pradesh,East Godavari,Rajavommangi,533436,M,50,2,0,0,0
Govt of Andhra Pradesh,eCentric solutions pvt ltd,Andhra Pradesh,East Godavari,Rajavommangi,533436,M,60,1,0,0,0
Govt of Andhra Pradesh,eCentric solutions pvt ltd,Andhra Pradesh,East Godavari,Rajavommangi,533436,M,69,1,0,0,0
Govt of Andhra Pradesh,eCentric solutions pvt ltd,Andhra Pradesh,East Godavari,Rajavommangi,533436,M,70,1,0,0,0
Govt of Himachal Pradesh,Wipro Ltd,Himachal Pradesh,Mandi,Chachyot(t),175029,F,3,1,0,0,0
Govt of Himachal Pradesh,i-Grandee SoftwareTechnologies,Himachal Pradesh,Chamba,Chamba(t),176314,F,26,1,0,0,1
Govt of Himachal Pradesh,i-Grandee SoftwareTechnologies,Himachal Pradesh,Shimla,Shimla Urban(t),171001,M,3,1,0,0,0
Govt of Himachal Pradesh,i-Grandee SoftwareTechnologies,Himachal Pradesh,Sirmaur,For New VTC,173001,M,21,1,0,0,1
Govt of Karnataka ,GLODYNE TECHNOSERVE,Karnataka,Bijapur(KAR),Basavana Bagevadi,586213,M,0,1,0,0,0
Govt of Karnataka ,GLODYNE TECHNOSERVE,Karnataka,Haveri,For New VTC,581110,M,27,1,0,0,0
Govt of Karnataka ,GLODYNE TECHNOSERVE,Karnataka,Haveri,For New VTC,581110,M,28,1,0,0,0
Govt of Karnataka ,GLODYNE TECHNOSERVE,Karnataka,Haveri,For New VTC,581120,F,3,1,0,0,0
Govt of Karnataka ,GLODYNE TECHNOSERVE,Karnataka,Haveri,For New VTC,581120,F,4,1,0,0,0
Govt of Karnataka ,GLODYNE TECHNOSERVE,Karnataka,Haveri,For New VTC,581120,M,2,1,0,0,0
Govt of Karnataka ,GLODYNE TECHNOSERVE,Karnataka,Haveri,Haveri,581110,M,2,1,0,0,0
Govt of Karnataka ,Integra Micro Systems Pvt.ltd,Karnataka,Bangalore,Bangalore North,560010,F,38,1,0,0,1
Govt of Karnataka ,Integra Micro Systems Pvt.ltd,Karnataka,Bangalore,Bangalore North,560023,F,3,1,0,0,1
Govt of Karnataka ,Integra Micro Systems Pvt.ltd,Karnataka,Bangalore,Bangalore North,560023,F,6,1,0,0,1
Govt of Karnataka ,Integra Micro Systems Pvt.ltd,Karnataka,Bangalore,Bangalore North,560023,F,9,2,0,0,2
Govt of Karnataka ,Integra Micro Systems Pvt.ltd,Karnataka,Bangalore,Bangalore North,560023,F,19,1,0,0,1
Govt of Karnataka ,Integra Micro Systems Pvt.ltd,Karnataka,Bangalore,Bangalore North,560023,F,24,1,0,0,1
Govt of Karnataka ,Integra Micro Systems Pvt.ltd,Karnataka,Bangalore,Bangalore North,560023,F,29,2,0,0,2
Govt of Karnataka ,Integra Micro Systems Pvt.ltd,Karnataka,Bangalore,Bangalore North,560023,F,31,2,0,0,2
Govt of Karnataka ,Integra Micro Systems Pvt.ltd,Karnataka,Bangalore,Bangalore North,560023,F,38,1,0,0,1
Govt of Karnataka ,Integra Micro Systems Pvt.ltd,Karnataka,Bangalore,Bangalore North,560023,F,39,1,0,0,1
Govt of Karnataka ,Integra Micro Systems Pvt.ltd,Karnataka,Bangalore,Bangalore North,560023,F,40,1,0,0,1
Govt of Karnataka ,Integra Micro Systems Pvt.ltd,Karnataka,Bangalore,Bangalore North,560023,F,41,1,0,0,1
Govt of Karnataka ,Integra Micro Systems Pvt.ltd,Karnataka,Bangalore,Bangalore North,560023,F,42,1,0,0,0
Govt of Karnataka ,Integra Micro Systems Pvt.ltd,Karnataka,Bangalore,Bangalore North,560023,F,47,1,0,0,1
Govt of Karnataka ,Integra Micro Systems Pvt.ltd,Karnataka,Bangalore,Bangalore North,560023,F,52,1,0,0,0
Govt of Karnataka ,Integra Micro Systems Pvt.ltd,Karnataka,Bangalore,Bangalore North,560023,F,56,1,0,0,1
Govt of Karnataka ,Integra Micro Systems Pvt.ltd,Karnataka,Bangalore,Bangalore North,560023,F,59,1,0,0,1
Govt of Karnataka ,Integra Micro Systems Pvt.ltd,Karnataka,Bangalore,Bangalore North,560023,M,4,2,0,0,1
Govt of Karnataka ,Integra Micro Systems Pvt.ltd,Karnataka,Bangalore,Bangalore North,560023,M,24,1,0,0,1
Govt of Karnataka ,Integra Micro Systems Pvt.ltd,Karnataka,Bangalore,Bangalore North,560023,M,29,1,0,0,1
Govt of Karnataka ,Integra Micro Systems Pvt.ltd,Karnataka,Bangalore,Bangalore North,560023,M,40,1,0,0,1
Govt of Karnataka ,Integra Micro Systems Pvt.ltd,Karnataka,Bangalore,Bangalore North,560023,M,44,1,0,0,1
Govt of Karnataka ,Integra Micro Systems Pvt.ltd,Karnataka,Bangalore,Bangalore North,560023,M,46,1,0,0,1
Govt of Karnataka ,Integra Micro Systems Pvt.ltd,Karnataka,Bangalore,Bangalore North,560023,M,67,1,0,0,1
Govt of Karnataka ,Integra Micro Systems Pvt.ltd,Karnataka,Bangalore,Bangalore North,560033,F,39,1,0,0,1
Govt of Karnataka ,Integra Micro Systems Pvt.ltd,Karnataka,Bangalore,Bangalore North,560033,M,13,1,0,0,1
Govt of Karnataka ,Integra Micro Systems Pvt.ltd,Karnataka,Bangalore,Bangalore North,560043,F,9,1,0,0,1
Govt of Karnataka ,Integra Micro Systems Pvt.ltd,Karnataka,Bangalore,Bangalore North,560043,F,15,1,0,0,1
Govt of Karnataka ,Integra Micro Systems Pvt.ltd,Karnataka,Bangalore,Bangalore North,560043,F,23,1,0,0,0
Govt of Karnataka ,Integra Micro Systems Pvt.ltd,Karnataka,Bangalore,Bangalore North,560043,F,32,1,0,0,0
Govt of Karnataka ,Integra Micro Systems Pvt.ltd,Karnataka,Bangalore,Bangalore North,560043,F,57,1,0,0,1
Govt of Karnataka ,Integra Micro Systems Pvt.ltd,Karnataka,Bangalore,Bangalore North,560043,M,15,1,0,0,1
Govt of Karnataka ,Integra Micro Systems Pvt.ltd,Karnataka,Bangalore,Bangalore North,560043,M,40,1,0,0,1
Govt of Karnataka ,Integra Micro Systems Pvt.ltd,Karnataka,Bangalore,Bangalore North,560043,M,48,1,0,0,1
Govt of Karnataka ,Integra Micro Systems Pvt.ltd,Karnataka,Bangalore,Bangalore North,560043,M,49,1,0,0,1
Govt of Karnataka ,Integra Micro Systems Pvt.ltd,Karnataka,Bangalore,Bangalore North,560045,F,36,1,0,0,1
Govt of Karnataka ,Integra Micro Systems Pvt.ltd,Karnataka,Bangalore,Bangalore North,560045,F,48,1,0,0,1
Govt of Karnataka ,Integra Micro Systems Pvt.ltd,Karnataka,Bangalore,Bangalore North,560045,F,52,1,0,0,1
Govt of Karnataka ,Integra Micro Systems Pvt.ltd,Karnataka,Bangalore,Bangalore North,560045,M,43,1,0,0,1
Govt of Karnataka ,Integra Micro Systems Pvt.ltd,Karnataka,Bangalore,Bangalore North,560049,F,11,1,0,0,1
Govt of Karnataka ,Integra Micro Systems Pvt.ltd,Karnataka,Bangalore,Bangalore North,560084,F,18,1,0,0,1
Govt of Karnataka ,Integra Micro Systems Pvt.ltd,Karnataka,Bangalore,Bangalore North,560084,F,20,1,0,0,1
Govt of Karnataka ,Integra Micro Systems Pvt.ltd,Karnataka,Bangalore,Bangalore North,560084,F,34,1,0,0,0
Govt of Karnataka ,Integra Micro Systems Pvt.ltd,Karnataka,Bangalore,Bangalore North,560084,F,42,1,0,0,1
Govt of Karnataka ,Integra Micro Systems Pvt.ltd,Karnataka,Bangalore,Bangalore North,560084,F,48,1,0,0,1
Govt of Karnataka ,Integra Micro Systems Pvt.ltd,Karnataka,Bangalore,Bangalore North,560084,F,58,1,0,0,0
Govt of Karnataka ,Integra Micro Systems Pvt.ltd,Karnataka,Bangalore,Bangalore North,560084,M,7,1,0,0,1
Govt of Karnataka ,Integra Micro Systems Pvt.ltd,Karnataka,Bangalore,Bangalore North,560084,M,13,1,0,0,1
Govt of Karnataka ,Integra Micro Systems Pvt.ltd,Karnataka,Bangalore,Bangalore North,560084,M,20,2,0,0,2
Govt of Karnataka ,Integra Micro Systems Pvt.ltd,Karnataka,Bangalore,Bangalore South,560018,M,20,1,0,0,1
Govt of Karnataka ,Integra Micro Systems Pvt.ltd,Karnataka,Bangalore,Bangalore South,560026,F,12,1,0,0,1
Govt of Karnataka ,Integra Micro Systems Pvt.ltd,Karnataka,Bangalore,Bangalore South,560026,F,27,1,0,0,1
Govt of Karnataka ,Integra Micro Systems Pvt.ltd,Karnataka,Bangalore,For New VTC,560021,F,38,1,0,0,1
Govt of Karnataka ,Integra Micro Systems Pvt.ltd,Karnataka,Bangalore,For New VTC,560021,M,23,1,0,0,1
Govt of Karnataka ,Integra Micro Systems Pvt.ltd,Karnataka,Bangalore,For New VTC,560084,F,3,1,0,0,1
Govt of Karnataka ,Integra Micro Systems Pvt.ltd,Karnataka,Bangalore,For New VTC,560084,F,35,1,0,0,1
Govt of Karnataka ,Integra Micro Systems Pvt.ltd,Karnataka,Bangalore,For New VTC,560084,F,60,1,0,0,0
Govt of Karnataka ,Integra Micro Systems Pvt.ltd,Karnataka,Bangalore,For New VTC,560084,M,13,1,0,0,1
Govt of Karnataka ,Integra Micro Systems Pvt.ltd,Karnataka,Bangalore,For New VTC,560084,M,42,1,0,1,1
Govt of Karnataka ,Integra Micro Systems Pvt.ltd,Karnataka,Bangalore,For New VTC,562157,M,28,1,0,0,0
Govt of Karnataka ,Integra Micro Systems Pvt.ltd,Karnataka,Chickmagalur,Kadur,577548,M,38,1,0,0,1
Govt of Karnataka ,Integra Micro Systems Pvt.ltd,Karnataka,Gulbarga,Chincholi,585320,F,22,1,0,0,1
Govt of Karnataka ,Tera Software Ltd,Karnataka,Gulbarga,Afzalpur,585213,F,23,1,0,0,0
Govt of Karnataka ,Tera Software Ltd,Karnataka,Gulbarga,Afzalpur,585213,M,15,1,0,0,0
Govt of Karnataka ,Tera Software Ltd,Karnataka,Gulbarga,Afzalpur,585213,M,20,1,0,0,0
Govt of Karnataka ,Tera Software Ltd,Karnataka,Gulbarga,Afzalpur,585213,M,49,1,0,0,0
Govt of Karnataka ,Tera Software Ltd,Karnataka,Gulbarga,Gulbarga,585104,F,11,1,0,0,0
Govt of Karnataka ,Tera Software Ltd,Karnataka,Gulbarga,Gulbarga,585104,F,20,1,0,0,0
Govt of Karnataka ,Tera Software Ltd,Karnataka,Gulbarga,Gulbarga,585104,F,37,1,0,0,0
Govt of Karnataka ,Tera Software Ltd,Karnataka,Gulbarga,Gulbarga,585104,F,53,1,0,0,1
Govt of Karnataka ,Tera Software Ltd,Karnataka,Gulbarga,Gulbarga,585104,M,11,1,0,0,1
Govt of Karnataka ,Tera Software Ltd,Karnataka,Gulbarga,Gulbarga,585228,F,38,1,0,0,1
Govt of Karnataka ,Tera Software Ltd,Karnataka,Gulbarga,Gulbarga,585228,M,43,1,0,0,0
Govt of Karnataka ,Wipro Ltd,Karnataka,Tumkur,Turuvekere,572221,F,75,1,0,0,0
Govt of Madhya Pradesh,VIRGO SOFTECH LIMITED,Madhya Pradesh,Burhanpur,Burhanpur,450331,F,19,1,0,0,0
Govt of Madhya Pradesh,VIRGO SOFTECH LIMITED,Madhya Pradesh,Burhanpur,Burhanpur,450331,F,22,1,0,0,0
Govt of Madhya Pradesh,VIRGO SOFTECH LIMITED,Madhya Pradesh,Burhanpur,Burhanpur,450331,F,25,1,0,0,0
Govt of Madhya Pradesh,VIRGO SOFTECH LIMITED,Madhya Pradesh,Burhanpur,Burhanpur,450331,F,45,1,0,0,0
Govt of Madhya Pradesh,VIRGO SOFTECH LIMITED,Madhya Pradesh,Burhanpur,Burhanpur,450331,F,49,1,0,0,0
Govt of Madhya Pradesh,VIRGO SOFTECH LIMITED,Madhya Pradesh,Burhanpur,Burhanpur,450331,M,17,1,0,0,0
Govt of Madhya Pradesh,VIRGO SOFTECH LIMITED,Madhya Pradesh,Burhanpur,Burhanpur,450331,M,20,1,0,0,0
Govt of Madhya Pradesh,VIRGO SOFTECH LIMITED,Madhya Pradesh,Burhanpur,Burhanpur,450331,M,30,0,1,0,0
Govt of Madhya Pradesh,VIRGO SOFTECH LIMITED,Madhya Pradesh,Burhanpur,Burhanpur,450331,M,50,1,0,0,0
Govt of Madhya Pradesh,VIRGO SOFTECH LIMITED,Madhya Pradesh,Burhanpur,For New VTC,450331,F,9,1,0,0,0
Govt of Madhya Pradesh,VIRGO SOFTECH LIMITED,Madhya Pradesh,Burhanpur,For New VTC,450331,F,13,1,0,0,0
Govt of Madhya Pradesh,VIRGO SOFTECH LIMITED,Madhya Pradesh,Burhanpur,For New VTC,450331,F,70,1,0,0,0
Govt of Madhya Pradesh,VIRGO SOFTECH LIMITED,Madhya Pradesh,Burhanpur,For New VTC,450331,M,35,1,0,0,0
Govt of Madhya Pradesh,VIRGO SOFTECH LIMITED,Madhya Pradesh,Burhanpur,For New VTC,450331,M,60,1,0,0,0
Govt of Madhya Pradesh,VIRGO SOFTECH LIMITED,Madhya Pradesh,Burhanpur,Khaknar,450332,M,45,1,0,0,0
Govt of Madhya Pradesh,VIRGO SOFTECH LIMITED,Madhya Pradesh,Dewas,Dewas,455001,F,1,0,1,0,0
Govt of Madhya Pradesh,VIRGO SOFTECH LIMITED,Madhya Pradesh,Dewas,Dewas,455001,F,5,1,0,0,0
Govt of Madhya Pradesh,VIRGO SOFTECH LIMITED,Madhya Pradesh,Dewas,Dewas,455001,F,10,1,0,0,0
Govt of Madhya Pradesh,VIRGO SOFTECH LIMITED,Madhya Pradesh,Dewas,Dewas,455001,F,12,1,0,0,0
Govt of Madhya Pradesh,VIRGO SOFTECH LIMITED,Madhya Pradesh,Dewas,Dewas,455001,F,15,1,0,0,0
Govt of Madhya Pradesh,VIRGO SOFTECH LIMITED,Madhya Pradesh,Dewas,Dewas,455001,F,16,1,0,0,0
Govt of Madhya Pradesh,VIRGO SOFTECH LIMITED,Madhya Pradesh,Dewas,Dewas,455001,F,22,1,0,0,0
Govt of Madhya Pradesh,VIRGO SOFTECH LIMITED,Madhya Pradesh,Dewas,Dewas,455001,F,24,1,0,0,0
Govt of Madhya Pradesh,VIRGO SOFTECH LIMITED,Madhya Pradesh,Dewas,Dewas,455001,F,25,1,0,0,0
Govt of Madhya Pradesh,VIRGO SOFTECH LIMITED,Madhya Pradesh,Dewas,Dewas,455001,F,28,1,0,0,0
Govt of Madhya Pradesh,VIRGO SOFTECH LIMITED,Madhya Pradesh,Dewas,Dewas,455001,F,31,1,0,0,0
Govt of Madhya Pradesh,VIRGO SOFTECH LIMITED,Madhya Pradesh,Dewas,Dewas,455001,F,33,1,0,0,0
Govt of Madhya Pradesh,VIRGO SOFTECH LIMITED,Madhya Pradesh,Dewas,Dewas,455001,F,36,1,0,0,0
Govt of Madhya Pradesh,VIRGO SOFTECH LIMITED,Madhya Pradesh,Dewas,Dewas,455001,F,38,1,0,0,0
Govt of Madhya Pradesh,VIRGO SOFTECH LIMITED,Madhya Pradesh,Dewas,Dewas,455001,F,40,2,0,0,0
Govt of Madhya Pradesh,VIRGO SOFTECH LIMITED,Madhya Pradesh,Dewas,Dewas,455001,F,49,1,0,0,0
Govt of Madhya Pradesh,VIRGO SOFTECH LIMITED,Madhya Pradesh,Dewas,Dewas,455001,F,50,0,1,0,0
Govt of Madhya Pradesh,VIRGO SOFTECH LIMITED,Madhya Pradesh,Dewas,Dewas,455001,F,53,1,0,0,0
Govt of Madhya Pradesh,VIRGO SOFTECH LIMITED,Madhya Pradesh,Dewas,Dewas,455001,F,63,1,0,0,0
Govt of Madhya Pradesh,VIRGO SOFTECH LIMITED,Madhya Pradesh,Dewas,Dewas,455001,F,65,1,0,0,0
Govt of Madhya Pradesh,VIRGO SOFTECH LIMITED,Madhya Pradesh,Dewas,Dewas,455001,M,4,1,0,0,0
Govt of Madhya Pradesh,VIRGO SOFTECH LIMITED,Madhya Pradesh,Dewas,Dewas,455001,M,7,1,0,0,0
Govt of Madhya Pradesh,VIRGO SOFTECH LIMITED,Madhya Pradesh,Dewas,Dewas,455001,M,15,1,0,0,0
Govt of Madhya Pradesh,VIRGO SOFTECH LIMITED,Madhya Pradesh,Dewas,Dewas,455001,M,16,1,0,0,0
Govt of Madhya Pradesh,VIRGO SOFTECH LIMITED,Madhya Pradesh,Dewas,Dewas,455001,M,18,1,0,0,0
Govt of Madhya Pradesh,VIRGO SOFTECH LIMITED,Madhya Pradesh,Dewas,Dewas,455001,M,21,1,0,0,0
Govt of Madhya Pradesh,VIRGO SOFTECH LIMITED,Madhya Pradesh,Dewas,Dewas,455001,M,23,1,0,0,0
Govt of Madhya Pradesh,VIRGO SOFTECH LIMITED,Madhya Pradesh,Dewas,Dewas,455001,M,24,4,0,0,1
Govt of Madhya Pradesh,VIRGO SOFTECH LIMITED,Madhya Pradesh,Dewas,Dewas,455001,M,25,1,0,0,0
Govt of Madhya Pradesh,VIRGO SOFTECH LIMITED,Madhya Pradesh,Dewas,Dewas,455001,M,26,1,0,0,0
Govt of Madhya Pradesh,VIRGO SOFTECH LIMITED,Madhya Pradesh,Dewas,Dewas,455001,M,29,1,0,0,0
Govt of Madhya Pradesh,VIRGO SOFTECH LIMITED,Madhya Pradesh,Dewas,Dewas,455001,M,30,1,0,0,0
Govt of Madhya Pradesh,VIRGO SOFTECH LIMITED,Madhya Pradesh,Dewas,Dewas,455001,M,32,2,0,0,0
Govt of Madhya Pradesh,VIRGO SOFTECH LIMITED,Madhya Pradesh,Dewas,Dewas,455001,M,34,1,0,0,0
Govt of Madhya Pradesh,VIRGO SOFTECH LIMITED,Madhya Pradesh,Dewas,Dewas,455001,M,35,1,0,0,0
Govt of Madhya Pradesh,VIRGO SOFTECH LIMITED,Madhya Pradesh,Dewas,Dewas,455001,M,36,1,0,0,0
Govt of Madhya Pradesh,VIRGO SOFTECH LIMITED,Madhya Pradesh,Dewas,Dewas,455001,M,38,1,0,0,0
Govt of Madhya Pradesh,VIRGO SOFTECH LIMITED,Madhya Pradesh,Dewas,Dewas,455001,M,40,2,0,0,0
Govt of Madhya Pradesh,VIRGO SOFTECH LIMITED,Madhya Pradesh,Dewas,Dewas,455001,M,48,1,0,0,0
Govt of Madhya Pradesh,VIRGO SOFTECH LIMITED,Madhya Pradesh,Dewas,Dewas,455001,M,52,1,0,0,0
Govt of Madhya Pradesh,VIRGO SOFTECH LIMITED,Madhya Pradesh,Dewas,Dewas,455001,M,55,2,0,0,0
Govt of Madhya Pradesh,VIRGO SOFTECH LIMITED,Madhya Pradesh,Dewas,Dewas,455001,M,58,1,0,0,0
Govt of Madhya Pradesh,VIRGO SOFTECH LIMITED,Madhya Pradesh,Dewas,Dewas,455001,M,59,1,0,0,0
Govt of Madhya Pradesh,VIRGO SOFTECH LIMITED,Madhya Pradesh,Dewas,Dewas,455001,M,60,1,0,0,0
Govt of Madhya Pradesh,VIRGO SOFTECH LIMITED,Madhya Pradesh,Dewas,Tonk Khurd,455116,F,50,1,0,0,0
Govt of Madhya Pradesh,VIRGO SOFTECH LIMITED,Madhya Pradesh,Dewas,Tonk Khurd,455116,M,43,1,0,0,0
Govt of Madhya Pradesh,VIRGO SOFTECH LIMITED,Madhya Pradesh,Khandwa,For New VTC,450337,F,34,1,0,0,0
Govt of Madhya Pradesh,VIRGO SOFTECH LIMITED,Madhya Pradesh,Khandwa,For New VTC,450337,M,7,1,0,0,0
Govt of Madhya Pradesh,VIRGO SOFTECH LIMITED,Madhya Pradesh,Khandwa,For New VTC,450337,M,56,1,0,0,0
Govt of Madhya Pradesh,VIRGO SOFTECH LIMITED,Madhya Pradesh,Khandwa,For New VTC,450661,F,13,1,0,0,0
Govt of Madhya Pradesh,VIRGO SOFTECH LIMITED,Madhya Pradesh,Khandwa,For New VTC,450661,F,20,2,0,0,0
Govt of Madhya Pradesh,VIRGO SOFTECH LIMITED,Madhya Pradesh,Khandwa,For New VTC,450661,F,40,1,0,0,0
Govt of Madhya Pradesh,VIRGO SOFTECH LIMITED,Madhya Pradesh,Khandwa,For New VTC,450661,M,16,1,0,0,0
Govt of Madhya Pradesh,VIRGO SOFTECH LIMITED,Madhya Pradesh,Khandwa,For New VTC,450661,M,25,1,0,0,0
Govt of Madhya Pradesh,VIRGO SOFTECH LIMITED,Madhya Pradesh,Khandwa,For New VTC,450661,M,30,1,0,0,0
Govt of Madhya Pradesh,VIRGO SOFTECH LIMITED,Madhya Pradesh,Khandwa,Harsud,450116,M,35,1,0,0,0
Govt of Madhya Pradesh,VIRGO SOFTECH LIMITED,Madhya Pradesh,Khandwa,Harsud,450116,M,45,1,0,0,0
Govt of Madhya Pradesh,VIRGO SOFTECH LIMITED,Madhya Pradesh,Khandwa,Khandwa,450991,M,4,1,0,0,0
Govt of Madhya Pradesh,VIRGO SOFTECH LIMITED,Madhya Pradesh,Shajapur,Agar,465230,F,8,1,0,0,0
Govt of Madhya Pradesh,VIRGO SOFTECH LIMITED,Madhya Pradesh,Shajapur,Agar,465230,M,10,1,0,0,0
Govt of Madhya Pradesh,VIRGO SOFTECH LIMITED,Madhya Pradesh,Shajapur,Agar,465230,M,30,1,0,0,0
Govt of Madhya Pradesh,VIRGO SOFTECH LIMITED,Madhya Pradesh,Shajapur,Agar,465441,F,4,1,0,0,0
Govt of Madhya Pradesh,VIRGO SOFTECH LIMITED,Madhya Pradesh,Shajapur,Agar,465441,F,17,1,0,0,0
Govt of Madhya Pradesh,VIRGO SOFTECH LIMITED,Madhya Pradesh,Shajapur,Agar,465441,F,29,1,0,0,0
Govt of Madhya Pradesh,VIRGO SOFTECH LIMITED,Madhya Pradesh,Shajapur,Agar,465441,F,46,1,0,0,0
Govt of Madhya Pradesh,VIRGO SOFTECH LIMITED,Madhya Pradesh,Shajapur,Agar,465441,F,47,1,0,0,0
Govt of Madhya Pradesh,VIRGO SOFTECH LIMITED,Madhya Pradesh,Shajapur,Agar,465441,F,50,1,0,0,0
Govt of Madhya Pradesh,VIRGO SOFTECH LIMITED,Madhya Pradesh,Shajapur,Agar,465441,M,19,1,0,0,0
Govt of Madhya Pradesh,VIRGO SOFTECH LIMITED,Madhya Pradesh,Shajapur,Agar,465441,M,28,0,1,0,0
Govt of Madhya Pradesh,VIRGO SOFTECH LIMITED,Madhya Pradesh,Shajapur,Agar,465441,M,29,1,0,0,0
Govt of Madhya Pradesh,VIRGO SOFTECH LIMITED,Madhya Pradesh,Shajapur,Badod,465550,F,18,2,0,0,0
Govt of Madhya Pradesh,VIRGO SOFTECH LIMITED,Madhya Pradesh,Shajapur,Badod,465550,F,25,1,0,0,0
Govt of Madhya Pradesh,VIRGO SOFTECH LIMITED,Madhya Pradesh,Shajapur,Badod,465550,F,34,1,0,0,0
Govt of Madhya Pradesh,VIRGO SOFTECH LIMITED,Madhya Pradesh,Shajapur,Badod,465550,M,13,1,0,0,0
Govt of Madhya Pradesh,VIRGO SOFTECH LIMITED,Madhya Pradesh,Shajapur,Badod,465550,M,31,2,0,0,0
Govt of Madhya Pradesh,VIRGO SOFTECH LIMITED,Madhya Pradesh,Shajapur,Badod,465550,M,39,1,0,0,0
Govt of Madhya Pradesh,VIRGO SOFTECH LIMITED,Madhya Pradesh,Shajapur,Badod,465550,M,65,1,0,0,0
Govt of Madhya Pradesh,VIRGO SOFTECH LIMITED,Madhya Pradesh,Shajapur,Badod,465550,M,75,1,0,0,0
Govt of Madhya Pradesh,VIRGO SOFTECH LIMITED,Madhya Pradesh,Shajapur,For New VTC,465001,F,26,1,0,0,0
Govt of Madhya Pradesh,VIRGO SOFTECH LIMITED,Madhya Pradesh,Shajapur,For New VTC,465001,M,6,1,0,0,0
Govt of Madhya Pradesh,VIRGO SOFTECH LIMITED,Madhya Pradesh,Shajapur,For New VTC,465001,M,43,1,0,0,0
Govt of Madhya Pradesh,VIRGO SOFTECH LIMITED,Madhya Pradesh,Shajapur,For New VTC,465001,M,52,1,0,0,0
Govt of Madhya Pradesh,VIRGO SOFTECH LIMITED,Madhya Pradesh,Shajapur,For New VTC,465001,M,70,1,0,0,0
Govt of Madhya Pradesh,VIRGO SOFTECH LIMITED,Madhya Pradesh,Shajapur,For New VTC,465441,F,19,1,0,0,0
Govt of Madhya Pradesh,VIRGO SOFTECH LIMITED,Madhya Pradesh,Shajapur,For New VTC,465441,M,21,1,0,0,0
Govt of Madhya Pradesh,VIRGO SOFTECH LIMITED,Madhya Pradesh,Shajapur,For New VTC,465441,M,33,0,1,0,0
Govt of Madhya Pradesh,VIRGO SOFTECH LIMITED,Madhya Pradesh,Shajapur,For New VTC,465441,M,75,1,0,0,0
Govt of Madhya Pradesh,VIRGO SOFTECH LIMITED,Madhya Pradesh,Shajapur,Moman Badodiya,465001,F,32,1,0,0,0
Govt of Madhya Pradesh,VIRGO SOFTECH LIMITED,Madhya Pradesh,Shajapur,Moman Badodiya,465001,M,3,1,0,0,0
Govt of Madhya Pradesh,VIRGO SOFTECH LIMITED,Madhya Pradesh,Shajapur,Moman Badodiya,465001,M,4,1,0,0,0
Govt of Madhya Pradesh,VIRGO SOFTECH LIMITED,Madhya Pradesh,Shajapur,Moman Badodiya,465001,M,10,1,0,0,0
Govt of Madhya Pradesh,VIRGO SOFTECH LIMITED,Madhya Pradesh,Shajapur,Moman Badodiya,465001,M,13,1,0,0,0
Govt of Madhya Pradesh,VIRGO SOFTECH LIMITED,Madhya Pradesh,Shajapur,Moman Badodiya,465001,M,23,1,0,0,0
Govt of Madhya Pradesh,VIRGO SOFTECH LIMITED,Madhya Pradesh,Shajapur,Moman Badodiya,465001,M,35,1,0,0,0
Govt of Madhya Pradesh,VIRGO SOFTECH LIMITED,Madhya Pradesh,Shajapur,Moman Badodiya,465001,M,64,1,0,0,0
Govt of Madhya Pradesh,VIRGO SOFTECH LIMITED,Madhya Pradesh,Shajapur,Moman Badodiya,465001,M,65,1,0,0,0
Govt of Madhya Pradesh,VIRGO SOFTECH LIMITED,Madhya Pradesh,Shajapur,Moman Badodiya,465226,F,7,2,0,0,0
Govt of Madhya Pradesh,VIRGO SOFTECH LIMITED,Madhya Pradesh,Shajapur,Moman Badodiya,465226,F,8,2,0,0,0
Govt of Madhya Pradesh,VIRGO SOFTECH LIMITED,Madhya Pradesh,Shajapur,Moman Badodiya,465226,F,13,2,0,0,0
Govt of Madhya Pradesh,VIRGO SOFTECH LIMITED,Madhya Pradesh,Shajapur,Moman Badodiya,465226,F,20,1,0,0,0
Govt of Madhya Pradesh,VIRGO SOFTECH LIMITED,Madhya Pradesh,Shajapur,Moman Badodiya,465226,F,25,1,0,0,0
Govt of Madhya Pradesh,VIRGO SOFTECH LIMITED,Madhya Pradesh,Shajapur,Moman Badodiya,465226,F,30,2,0,0,0
Govt of Madhya Pradesh,VIRGO SOFTECH LIMITED,Madhya Pradesh,Shajapur,Moman Badodiya,465226,F,31,1,0,0,0
Govt of Madhya Pradesh,VIRGO SOFTECH LIMITED,Madhya Pradesh,Shajapur,Moman Badodiya,465226,F,45,2,0,0,0
Govt of Madhya Pradesh,VIRGO SOFTECH LIMITED,Madhya Pradesh,Shajapur,Moman Badodiya,465226,F,50,1,0,0,0
Govt of Madhya Pradesh,VIRGO SOFTECH LIMITED,Madhya Pradesh,Shajapur,Moman Badodiya,465226,F,52,1,0,0,0
Govt of Madhya Pradesh,VIRGO SOFTECH LIMITED,Madhya Pradesh,Shajapur,Moman Badodiya,465226,F,55,1,0,0,0
Govt of Madhya Pradesh,VIRGO SOFTECH LIMITED,Madhya Pradesh,Shajapur,Moman Badodiya,465226,M,2,1,0,0,0
Govt of Madhya Pradesh,VIRGO SOFTECH LIMITED,Madhya Pradesh,Shajapur,Moman Badodiya,465226,M,4,0,1,0,0
Govt of Madhya Pradesh,VIRGO SOFTECH LIMITED,Madhya Pradesh,Shajapur,Moman Badodiya,465226,M,7,1,0,0,0
Govt of Madhya Pradesh,VIRGO SOFTECH LIMITED,Madhya Pradesh,Shajapur,Moman Badodiya,465226,M,10,2,0,0,0
Govt of Madhya Pradesh,VIRGO SOFTECH LIMITED,Madhya Pradesh,Shajapur,Moman Badodiya,465226,M,15,2,0,0,0
Govt of Madhya Pradesh,VIRGO SOFTECH LIMITED,Madhya Pradesh,Shajapur,Moman Badodiya,465226,M,16,1,0,0,0
Govt of Madhya Pradesh,VIRGO SOFTECH LIMITED,Madhya Pradesh,Shajapur,Moman Badodiya,465226,M,17,1,0,0,0
Govt of Madhya Pradesh,VIRGO SOFTECH LIMITED,Madhya Pradesh,Shajapur,Moman Badodiya,465226,M,18,1,0,0,0
Govt of Madhya Pradesh,VIRGO SOFTECH LIMITED,Madhya Pradesh,Shajapur,Moman Badodiya,465226,M,19,1,0,0,0
Govt of Madhya Pradesh,VIRGO SOFTECH LIMITED,Madhya Pradesh,Shajapur,Moman Badodiya,465226,M,23,1,0,0,0
Govt of Madhya Pradesh,VIRGO SOFTECH LIMITED,Madhya Pradesh,Shajapur,Moman Badodiya,465226,M,25,1,0,0,0
Govt of Madhya Pradesh,VIRGO SOFTECH LIMITED,Madhya Pradesh,Shajapur,Moman Badodiya,465226,M,30,2,0,0,0
Govt of Madhya Pradesh,VIRGO SOFTECH LIMITED,Madhya Pradesh,Shajapur,Moman Badodiya,465226,M,35,1,0,0,0
Govt of Madhya Pradesh,VIRGO SOFTECH LIMITED,Madhya Pradesh,Shajapur,Moman Badodiya,465226,M,40,1,0,0,0
Govt of Madhya Pradesh,VIRGO SOFTECH LIMITED,Madhya Pradesh,Shajapur,Moman Badodiya,465226,M,45,1,0,0,0
Govt of Madhya Pradesh,VIRGO SOFTECH LIMITED,Madhya Pradesh,Shajapur,Moman Badodiya,465226,M,53,1,0,0,0
Govt of Madhya Pradesh,VIRGO SOFTECH LIMITED,Madhya Pradesh,Shajapur,Moman Badodiya,465226,M,65,1,0,0,0
Govt of Madhya Pradesh,VIRGO SOFTECH LIMITED,Madhya Pradesh,Shajapur,Nalkheda,465445,F,7,1,0,0,0
Govt of Madhya Pradesh,VIRGO SOFTECH LIMITED,Madhya Pradesh,Shajapur,Nalkheda,465445,F,8,1,0,0,0
Govt of Madhya Pradesh,VIRGO SOFTECH LIMITED,Madhya Pradesh,Shajapur,Nalkheda,465445,F,12,1,0,0,0
Govt of Madhya Pradesh,VIRGO SOFTECH LIMITED,Madhya Pradesh,Shajapur,Nalkheda,465445,F,13,1,0,0,0
Govt of Madhya Pradesh,VIRGO SOFTECH LIMITED,Madhya Pradesh,Shajapur,Nalkheda,465445,F,19,1,0,0,0
Govt of Madhya Pradesh,VIRGO SOFTECH LIMITED,Madhya Pradesh,Shajapur,Nalkheda,465445,F,20,1,0,0,0
Govt of Madhya Pradesh,VIRGO SOFTECH LIMITED,Madhya Pradesh,Shajapur,Nalkheda,465445,F,22,2,0,0,0
Govt of Madhya Pradesh,VIRGO SOFTECH LIMITED,Madhya Pradesh,Shajapur,Nalkheda,465445,F,23,1,0,0,0
Govt of Madhya Pradesh,VIRGO SOFTECH LIMITED,Madhya Pradesh,Shajapur,Nalkheda,465445,F,27,1,0,0,0
Govt of Madhya Pradesh,VIRGO SOFTECH LIMITED,Madhya Pradesh,Shajapur,Nalkheda,465445,F,30,2,0,0,0
Govt of Madhya Pradesh,VIRGO SOFTECH LIMITED,Madhya Pradesh,Shajapur,Nalkheda,465445,F,40,1,0,0,0
Govt of Madhya Pradesh,VIRGO SOFTECH LIMITED,Madhya Pradesh,Shajapur,Nalkheda,465445,F,54,1,0,0,0
Govt of Madhya Pradesh,VIRGO SOFTECH LIMITED,Madhya Pradesh,Shajapur,Nalkheda,465445,F,60,1,0,0,0
Govt of Madhya Pradesh,VIRGO SOFTECH LIMITED,Madhya Pradesh,Shajapur,Nalkheda,465445,M,7,1,0,0,0
Govt of Madhya Pradesh,VIRGO SOFTECH LIMITED,Madhya Pradesh,Shajapur,Nalkheda,465445,M,12,1,0,0,0
Govt of Madhya Pradesh,VIRGO SOFTECH LIMITED,Madhya Pradesh,Shajapur,Nalkheda,465445,M,13,1,0,0,0
Govt of Madhya Pradesh,VIRGO SOFTECH LIMITED,Madhya Pradesh,Shajapur,Nalkheda,465445,M,14,1,0,0,0
Govt of Madhya Pradesh,VIRGO SOFTECH LIMITED,Madhya Pradesh,Shajapur,Nalkheda,465445,M,18,1,0,0,0
Govt of Madhya Pradesh,VIRGO SOFTECH LIMITED,Madhya Pradesh,Shajapur,Nalkheda,465445,M,21,1,0,0,0
Govt of Madhya Pradesh,VIRGO SOFTECH LIMITED,Madhya Pradesh,Shajapur,Nalkheda,465445,M,22,1,0,0,0
Govt of Madhya Pradesh,VIRGO SOFTECH LIMITED,Madhya Pradesh,Shajapur,Nalkheda,465445,M,24,1,0,0,1
Govt of Madhya Pradesh,VIRGO SOFTECH LIMITED,Madhya Pradesh,Shajapur,Nalkheda,465445,M,25,1,0,0,0
Govt of Madhya Pradesh,VIRGO SOFTECH LIMITED,Madhya Pradesh,Shajapur,Nalkheda,465445,M,28,1,0,0,0
Govt of Madhya Pradesh,VIRGO SOFTECH LIMITED,Madhya Pradesh,Shajapur,Nalkheda,465445,M,31,1,0,0,0
Govt of Madhya Pradesh,VIRGO SOFTECH LIMITED,Madhya Pradesh,Shajapur,Nalkheda,465445,M,35,1,0,0,0
Govt of Madhya Pradesh,VIRGO SOFTECH LIMITED,Madhya Pradesh,Shajapur,Nalkheda,465445,M,45,1,0,0,0
Govt of Madhya Pradesh,VIRGO SOFTECH LIMITED,Madhya Pradesh,Shajapur,Shajapur,465001,M,16,1,0,0,0
Govt of Madhya Pradesh,VIRGO SOFTECH LIMITED,Madhya Pradesh,Shajapur,Shajapur,465106,F,10,1,0,0,0
Govt of Madhya Pradesh,VIRGO SOFTECH LIMITED,Madhya Pradesh,Shajapur,Shajapur,465106,F,13,1,0,0,0
Govt of Madhya Pradesh,VIRGO SOFTECH LIMITED,Madhya Pradesh,Shajapur,Shajapur,465106,F,30,4,0,0,0
Govt of Madhya Pradesh,VIRGO SOFTECH LIMITED,Madhya Pradesh,Shajapur,Shajapur,465106,F,45,1,0,0,0
Govt of Madhya Pradesh,VIRGO SOFTECH LIMITED,Madhya Pradesh,Shajapur,Shajapur,465106,M,2,1,0,0,0
Govt of Madhya Pradesh,VIRGO SOFTECH LIMITED,Madhya Pradesh,Shajapur,Shajapur,465106,M,4,1,0,0,0
Govt of Madhya Pradesh,VIRGO SOFTECH LIMITED,Madhya Pradesh,Shajapur,Shajapur,465106,M,10,1,0,0,0
Govt of Madhya Pradesh,VIRGO SOFTECH LIMITED,Madhya Pradesh,Shajapur,Shajapur,465106,M,25,1,0,0,0
Govt of Madhya Pradesh,VIRGO SOFTECH LIMITED,Madhya Pradesh,Shajapur,Shajapur,465106,M,30,1,0,0,0
Govt of Madhya Pradesh,VIRGO SOFTECH LIMITED,Madhya Pradesh,Shajapur,Shajapur,465113,F,18,0,1,0,0
Govt of Madhya Pradesh,VIRGO SOFTECH LIMITED,Madhya Pradesh,Shajapur,Shajapur,465113,M,15,0,1,0,0
Govt of Madhya Pradesh,VIRGO SOFTECH LIMITED,Madhya Pradesh,Shajapur,Shajapur,465113,M,45,0,1,0,0
Govt of Madhya Pradesh,VIRGO SOFTECH LIMITED,Madhya Pradesh,Shajapur,Shajapur,465220,F,6,1,0,0,0
Govt of Madhya Pradesh,VIRGO SOFTECH LIMITED,Madhya Pradesh,Shajapur,Shajapur,465220,F,17,1,0,0,0
Govt of Madhya Pradesh,VIRGO SOFTECH LIMITED,Madhya Pradesh,Shajapur,Shajapur,465220,F,30,1,0,0,0
Govt of Madhya Pradesh,VIRGO SOFTECH LIMITED,Madhya Pradesh,Shajapur,Shajapur,465220,F,55,1,0,0,0
Govt of Madhya Pradesh,VIRGO SOFTECH LIMITED,Madhya Pradesh,Shajapur,Susner,465447,F,3,1,0,0,0
Govt of Madhya Pradesh,VIRGO SOFTECH LIMITED,Madhya Pradesh,Shajapur,Susner,465447,F,6,1,0,0,0
Govt of Madhya Pradesh,VIRGO SOFTECH LIMITED,Madhya Pradesh,Shajapur,Susner,465447,F,7,1,0,0,0
Govt of Madhya Pradesh,VIRGO SOFTECH LIMITED,Madhya Pradesh,Shajapur,Susner,465447,F,8,1,0,0,0
Govt of Madhya Pradesh,VIRGO SOFTECH LIMITED,Madhya Pradesh,Shajapur,Susner,465447,F,10,1,0,0,0
Govt of Madhya Pradesh,VIRGO SOFTECH LIMITED,Madhya Pradesh,Shajapur,Susner,465447,F,12,2,0,0,0
Govt of Madhya Pradesh,VIRGO SOFTECH LIMITED,Madhya Pradesh,Shajapur,Susner,465447,F,15,1,0,0,0
Govt of Madhya Pradesh,VIRGO SOFTECH LIMITED,Madhya Pradesh,Shajapur,Susner,465447,F,16,1,0,0,0
Govt of Madhya Pradesh,VIRGO SOFTECH LIMITED,Madhya Pradesh,Shajapur,Susner,465447,F,18,1,0,0,0
Govt of Madhya Pradesh,VIRGO SOFTECH LIMITED,Madhya Pradesh,Shajapur,Susner,465447,F,24,1,0,0,0
Govt of Madhya Pradesh,VIRGO SOFTECH LIMITED,Madhya Pradesh,Shajapur,Susner,465447,F,25,1,0,0,0
Govt of Madhya Pradesh,VIRGO SOFTECH LIMITED,Madhya Pradesh,Shajapur,Susner,465447,F,30,3,0,0,0
Govt of Madhya Pradesh,VIRGO SOFTECH LIMITED,Madhya Pradesh,Shajapur,Susner,465447,F,31,1,0,0,0
Govt of Madhya Pradesh,VIRGO SOFTECH LIMITED,Madhya Pradesh,Shajapur,Susner,465447,F,32,1,0,0,0
Govt of Madhya Pradesh,VIRGO SOFTECH LIMITED,Madhya Pradesh,Shajapur,Susner,465447,F,35,4,0,0,0
Govt of Madhya Pradesh,VIRGO SOFTECH LIMITED,Madhya Pradesh,Shajapur,Susner,465447,F,36,1,0,0,0
Govt of Madhya Pradesh,VIRGO SOFTECH LIMITED,Madhya Pradesh,Shajapur,Susner,465447,F,37,2,0,0,0
Govt of Madhya Pradesh,VIRGO SOFTECH LIMITED,Madhya Pradesh,Shajapur,Susner,465447,F,40,2,0,0,0
Govt of Madhya Pradesh,VIRGO SOFTECH LIMITED,Madhya Pradesh,Shajapur,Susner,465447,F,41,2,0,0,0
Govt of Madhya Pradesh,VIRGO SOFTECH LIMITED,Madhya Pradesh,Shajapur,Susner,465447,F,42,1,0,0,0
Govt of Madhya Pradesh,VIRGO SOFTECH LIMITED,Madhya Pradesh,Shajapur,Susner,465447,F,45,4,0,0,0
Govt of Madhya Pradesh,VIRGO SOFTECH LIMITED,Madhya Pradesh,Shajapur,Susner,465447,F,50,1,0,0,0
Govt of Madhya Pradesh,VIRGO SOFTECH LIMITED,Madhya Pradesh,Shajapur,Susner,465447,F,55,3,0,0,0
Govt of Madhya Pradesh,VIRGO SOFTECH LIMITED,Madhya Pradesh,Shajapur,Susner,465447,F,58,1,0,0,0
Govt of Madhya Pradesh,VIRGO SOFTECH LIMITED,Madhya Pradesh,Shajapur,Susner,465447,F,60,1,0,0,0
Govt of Madhya Pradesh,VIRGO SOFTECH LIMITED,Madhya Pradesh,Shajapur,Susner,465447,F,65,2,0,0,0
Govt of Madhya Pradesh,VIRGO SOFTECH LIMITED,Madhya Pradesh,Shajapur,Susner,465447,M,4,1,0,0,0
Govt of Madhya Pradesh,VIRGO SOFTECH LIMITED,Madhya Pradesh,Shajapur,Susner,465447,M,8,1,0,0,0
Govt of Madhya Pradesh,VIRGO SOFTECH LIMITED,Madhya Pradesh,Shajapur,Susner,465447,M,9,1,0,0,0
Govt of Madhya Pradesh,VIRGO SOFTECH LIMITED,Madhya Pradesh,Shajapur,Susner,465447,M,10,2,0,0,0
Govt of Madhya Pradesh,VIRGO SOFTECH LIMITED,Madhya Pradesh,Shajapur,Susner,465447,M,13,1,0,0,0
Govt of Madhya Pradesh,VIRGO SOFTECH LIMITED,Madhya Pradesh,Shajapur,Susner,465447,M,15,1,0,0,0
Govt of Madhya Pradesh,VIRGO SOFTECH LIMITED,Madhya Pradesh,Shajapur,Susner,465447,M,16,2,0,0,0
Govt of Madhya Pradesh,VIRGO SOFTECH LIMITED,Madhya Pradesh,Shajapur,Susner,465447,M,18,3,0,0,0
Govt of Madhya Pradesh,VIRGO SOFTECH LIMITED,Madhya Pradesh,Shajapur,Susner,465447,M,19,2,0,0,0
Govt of Madhya Pradesh,VIRGO SOFTECH LIMITED,Madhya Pradesh,Shajapur,Susner,465447,M,20,3,0,0,0
Govt of Madhya Pradesh,VIRGO SOFTECH LIMITED,Madhya Pradesh,Shajapur,Susner,465447,M,22,1,0,0,1
Govt of Madhya Pradesh,VIRGO SOFTECH LIMITED,Madhya Pradesh,Shajapur,Susner,465447,M,23,1,0,0,0
Govt of Madhya Pradesh,VIRGO SOFTECH LIMITED,Madhya Pradesh,Shajapur,Susner,465447,M,24,1,0,0,0
Govt of Madhya Pradesh,VIRGO SOFTECH LIMITED,Madhya Pradesh,Shajapur,Susner,465447,M,25,1,0,0,0
Govt of Madhya Pradesh,VIRGO SOFTECH LIMITED,Madhya Pradesh,Shajapur,Susner,465447,M,27,1,0,0,0
Govt of Madhya Pradesh,VIRGO SOFTECH LIMITED,Madhya Pradesh,Shajapur,Susner,465447,M,28,1,0,0,0
Govt of Madhya Pradesh,VIRGO SOFTECH LIMITED,Madhya Pradesh,Shajapur,Susner,465447,M,29,2,0,0,0
Govt of Madhya Pradesh,VIRGO SOFTECH LIMITED,Madhya Pradesh,Shajapur,Susner,465447,M,30,1,0,0,0
Govt of Madhya Pradesh,VIRGO SOFTECH LIMITED,Madhya Pradesh,Shajapur,Susner,465447,M,32,1,0,0,0
Govt of Madhya Pradesh,VIRGO SOFTECH LIMITED,Madhya Pradesh,Shajapur,Susner,465447,M,34,1,0,0,0
Govt of Madhya Pradesh,VIRGO SOFTECH LIMITED,Madhya Pradesh,Shajapur,Susner,465447,M,35,5,0,0,0
Govt of Madhya Pradesh,VIRGO SOFTECH LIMITED,Madhya Pradesh,Shajapur,Susner,465447,M,40,4,0,0,0
Govt of Madhya Pradesh,VIRGO SOFTECH LIMITED,Madhya Pradesh,Shajapur,Susner,465447,M,43,1,0,0,0
Govt of Madhya Pradesh,VIRGO SOFTECH LIMITED,Madhya Pradesh,Shajapur,Susner,465447,M,45,1,0,0,0
Govt of Madhya Pradesh,VIRGO SOFTECH LIMITED,Madhya Pradesh,Shajapur,Susner,465447,M,46,2,0,0,0
Govt of Madhya Pradesh,VIRGO SOFTECH LIMITED,Madhya Pradesh,Shajapur,Susner,465447,M,47,1,0,0,0
Govt of Madhya Pradesh,VIRGO SOFTECH LIMITED,Madhya Pradesh,Shajapur,Susner,465447,M,50,2,0,0,0
Govt of Madhya Pradesh,VIRGO SOFTECH LIMITED,Madhya Pradesh,Shajapur,Susner,465447,M,55,1,0,0,0
Govt of Madhya Pradesh,VIRGO SOFTECH LIMITED,Madhya Pradesh,Shajapur,Susner,465447,M,60,2,0,0,0
Govt of Madhya Pradesh,VIRGO SOFTECH LIMITED,Madhya Pradesh,Shajapur,Susner,465447,M,80,1,0,0,0
Govt of Madhya Pradesh,VIRGO SOFTECH LIMITED,Madhya Pradesh,Shajapur,Susner,465447,M,85,1,0,0,0
Govt of Maharashtra,STRATEGIC OUTSOURCING SERVICE,Maharashtra,Nashik,Surgana,422211,F,5,1,0,0,0
Govt of Maharashtra,STRATEGIC OUTSOURCING SERVICE,Maharashtra,Nashik,Surgana,422211,F,9,1,0,0,0
Govt of Maharashtra,STRATEGIC OUTSOURCING SERVICE,Maharashtra,Nashik,Surgana,422211,F,15,1,0,0,0
Govt of Maharashtra,STRATEGIC OUTSOURCING SERVICE,Maharashtra,Nashik,Surgana,422211,F,19,1,0,0,0
Govt of Maharashtra,STRATEGIC OUTSOURCING SERVICE,Maharashtra,Nashik,Surgana,422211,F,25,1,0,0,0
Govt of Maharashtra,STRATEGIC OUTSOURCING SERVICE,Maharashtra,Nashik,Surgana,422211,F,32,1,0,0,0
Govt of Maharashtra,STRATEGIC OUTSOURCING SERVICE,Maharashtra,Nashik,Surgana,422211,F,50,1,0,0,0
Govt of Maharashtra,STRATEGIC OUTSOURCING SERVICE,Maharashtra,Nashik,Surgana,422211,F,60,1,0,0,0
Govt of Maharashtra,STRATEGIC OUTSOURCING SERVICE,Maharashtra,Nashik,Surgana,422211,F,65,1,0,0,0
Govt of Maharashtra,STRATEGIC OUTSOURCING SERVICE,Maharashtra,Nashik,Surgana,422211,M,9,1,0,0,0
Govt of Maharashtra,STRATEGIC OUTSOURCING SERVICE,Maharashtra,Nashik,Surgana,422211,M,10,1,0,0,0
Govt of Maharashtra,STRATEGIC OUTSOURCING SERVICE,Maharashtra,Nashik,Surgana,422211,M,11,1,0,0,0
Govt of Maharashtra,STRATEGIC OUTSOURCING SERVICE,Maharashtra,Nashik,Surgana,422211,M,24,1,0,0,0
Govt of Maharashtra,STRATEGIC OUTSOURCING SERVICE,Maharashtra,Nashik,Surgana,422211,M,25,1,0,0,0
Govt of Maharashtra,STRATEGIC OUTSOURCING SERVICE,Maharashtra,Nashik,Surgana,422211,M,40,1,0,0,0
Govt of Maharashtra,Wipro Ltd,Maharashtra,Ahmed Nagar,For New VTC,414604,M,17,1,0,0,0
Govt of Maharashtra,Wipro Ltd,Maharashtra,Ahmed Nagar,For New VTC,414609,F,22,1,0,0,0
Govt of Maharashtra,Wipro Ltd,Maharashtra,Ahmed Nagar,Nevasa,414603,F,16,1,0,0,0
Govt of Maharashtra,Wipro Ltd,Maharashtra,Ahmed Nagar,Nevasa,414603,F,28,1,0,0,0
Govt of Maharashtra,Wipro Ltd,Maharashtra,Ahmed Nagar,Nevasa,414603,F,65,1,0,0,0
Govt of Maharashtra,Wipro Ltd,Maharashtra,Ahmed Nagar,Nevasa,414603,M,6,1,0,0,0
Govt of Maharashtra,Wipro Ltd,Maharashtra,Ahmed Nagar,Nevasa,414603,M,16,1,0,0,0
Govt of Maharashtra,Wipro Ltd,Maharashtra,Ahmed Nagar,Nevasa,414603,M,17,1,0,0,0
Govt of Maharashtra,Wipro Ltd,Maharashtra,Ahmed Nagar,Nevasa,414603,M,33,1,0,0,0
Govt of Maharashtra,Wipro Ltd,Maharashtra,Ahmed Nagar,Nevasa,414604,F,3,1,0,0,0
Govt of Maharashtra,Wipro Ltd,Maharashtra,Ahmed Nagar,Nevasa,414604,F,9,1,0,0,0
Govt of Maharashtra,Wipro Ltd,Maharashtra,Ahmed Nagar,Nevasa,414604,F,11,1,0,0,0
Govt of Maharashtra,Wipro Ltd,Maharashtra,Ahmed Nagar,Nevasa,414604,F,16,1,0,0,0
Govt of Maharashtra,Wipro Ltd,Maharashtra,Ahmed Nagar,Nevasa,414604,F,18,1,0,0,0
Govt of Maharashtra,Wipro Ltd,Maharashtra,Ahmed Nagar,Nevasa,414604,F,22,1,0,0,0
Govt of Maharashtra,Wipro Ltd,Maharashtra,Ahmed Nagar,Nevasa,414604,F,43,1,0,0,0
Govt of Maharashtra,Wipro Ltd,Maharashtra,Ahmed Nagar,Nevasa,414604,M,8,1,0,0,0
Govt of Maharashtra,Wipro Ltd,Maharashtra,Ahmed Nagar,Nevasa,414604,M,13,1,0,0,0
Govt of Maharashtra,Wipro Ltd,Maharashtra,Ahmed Nagar,Nevasa,414604,M,15,2,0,0,0
Govt of Maharashtra,Wipro Ltd,Maharashtra,Ahmed Nagar,Nevasa,414604,M,30,1,0,0,0
Govt of Maharashtra,Wipro Ltd,Maharashtra,Ahmed Nagar,Nevasa,414604,M,39,1,0,0,0
Govt of Maharashtra,Wipro Ltd,Maharashtra,Ahmed Nagar,Nevasa,414604,M,45,1,0,0,0
Govt of Maharashtra,Wipro Ltd,Maharashtra,Ahmed Nagar,Nevasa,414604,M,48,1,0,0,0
Govt of Maharashtra,Wipro Ltd,Maharashtra,Ahmed Nagar,Nevasa,414605,F,2,1,0,0,0
Govt of Maharashtra,Wipro Ltd,Maharashtra,Ahmed Nagar,Nevasa,414605,F,3,1,0,0,0
Govt of Maharashtra,Wipro Ltd,Maharashtra,Ahmed Nagar,Nevasa,414605,F,8,1,0,0,0
Govt of Maharashtra,Wipro Ltd,Maharashtra,Ahmed Nagar,Nevasa,414605,F,10,1,0,0,0
Govt of Maharashtra,Wipro Ltd,Maharashtra,Ahmed Nagar,Nevasa,414605,F,14,0,1,0,0
Govt of Maharashtra,Wipro Ltd,Maharashtra,Ahmed Nagar,Nevasa,414605,F,15,2,1,0,0
Govt of Maharashtra,Wipro Ltd,Maharashtra,Ahmed Nagar,Nevasa,414605,F,19,1,0,0,0
Govt of Maharashtra,Wipro Ltd,Maharashtra,Ahmed Nagar,Nevasa,414605,F,20,1,0,0,0
Govt of Maharashtra,Wipro Ltd,Maharashtra,Ahmed Nagar,Nevasa,414605,F,22,1,0,0,0
Govt of Maharashtra,Wipro Ltd,Maharashtra,Ahmed Nagar,Nevasa,414605,F,26,1,0,0,0
Govt of Maharashtra,Wipro Ltd,Maharashtra,Ahmed Nagar,Nevasa,414605,F,27,1,0,0,0
Govt of Maharashtra,Wipro Ltd,Maharashtra,Ahmed Nagar,Nevasa,414605,F,30,1,0,0,0
Govt of Maharashtra,Wipro Ltd,Maharashtra,Ahmed Nagar,Nevasa,414605,F,32,1,0,0,0
Govt of Maharashtra,Wipro Ltd,Maharashtra,Ahmed Nagar,Nevasa,414605,F,34,1,0,0,0
Govt of Maharashtra,Wipro Ltd,Maharashtra,Ahmed Nagar,Nevasa,414605,F,35,1,0,0,0
Govt of Maharashtra,Wipro Ltd,Maharashtra,Ahmed Nagar,Nevasa,414605,F,37,1,0,0,0
Govt of Maharashtra,Wipro Ltd,Maharashtra,Ahmed Nagar,Nevasa,414605,F,38,1,0,0,0
Govt of Maharashtra,Wipro Ltd,Maharashtra,Ahmed Nagar,Nevasa,414605,F,45,1,0,0,0
Govt of Maharashtra,Wipro Ltd,Maharashtra,Ahmed Nagar,Nevasa,414605,F,48,1,0,0,0
Govt of Maharashtra,Wipro Ltd,Maharashtra,Ahmed Nagar,Nevasa,414605,M,14,1,0,0,0
Govt of Maharashtra,Wipro Ltd,Maharashtra,Ahmed Nagar,Nevasa,414605,M,17,1,0,0,0
Govt of Maharashtra,Wipro Ltd,Maharashtra,Ahmed Nagar,Nevasa,414605,M,18,1,0,0,0
Govt of Maharashtra,Wipro Ltd,Maharashtra,Ahmed Nagar,Nevasa,414605,M,19,1,0,0,0
Govt of Maharashtra,Wipro Ltd,Maharashtra,Ahmed Nagar,Nevasa,414605,M,23,1,0,0,0
Govt of Maharashtra,Wipro Ltd,Maharashtra,Ahmed Nagar,Nevasa,414605,M,30,1,0,0,0
Govt of Maharashtra,Wipro Ltd,Maharashtra,Ahmed Nagar,Nevasa,414605,M,33,1,0,0,0
Govt of Maharashtra,Wipro Ltd,Maharashtra,Ahmed Nagar,Nevasa,414605,M,37,1,0,0,0
Govt of Maharashtra,Wipro Ltd,Maharashtra,Ahmed Nagar,Nevasa,414605,M,38,1,0,0,0
Govt of Maharashtra,Wipro Ltd,Maharashtra,Ahmed Nagar,Nevasa,414605,M,42,1,0,0,0
Govt of Maharashtra,Wipro Ltd,Maharashtra,Ahmed Nagar,Nevasa,414605,M,44,1,0,0,0
Govt of Maharashtra,Wipro Ltd,Maharashtra,Ahmed Nagar,Nevasa,414605,M,60,1,0,0,0
Govt of Maharashtra,Wipro Ltd,Maharashtra,Ahmed Nagar,Shrirampur,413739,M,17,1,0,0,0
Govt of Maharashtra,Wipro Ltd,Maharashtra,Buldhana,Khamgaon,444303,M,33,1,0,0,0
Govt of Maharashtra,Wipro Ltd,Maharashtra,Buldhana,Khamgaon,444303,M,36,1,0,0,0
Govt of Maharashtra,Wipro Ltd,Maharashtra,Nagpur,For New VTC,440023,F,35,1,0,0,0
Govt of Maharashtra,Wipro Ltd,Maharashtra,Pune,Daund,412214,M,17,1,0,0,0
Govt of Maharashtra,Wipro Ltd,Maharashtra,Pune,For New VTC,411041,F,30,1,0,0,0
Govt of Maharashtra,Wipro Ltd,Maharashtra,Pune,For New VTC,411041,F,35,1,0,0,1
Govt of Maharashtra,Wipro Ltd,Maharashtra,Pune,For New VTC,411044,M,13,1,0,0,1
Govt of Maharashtra,Wipro Ltd,Maharashtra,Thane,Thane,400709,M,18,1,0,0,0
Govt of Maharashtra,Wipro Ltd,Maharashtra,Yavatmal,Arni,445103,F,42,1,0,0,0
Govt of Sikkim - Dept of Econo,4G IDENTITY SOLUTIONS,Sikkim,South Sikkim,Namchi,737128,M,35,1,0,0,0
Govt of Sikkim - Dept of Econo,4G IDENTITY SOLUTIONS,Sikkim,West Sikkim,Soreng,737121,F,2,1,0,0,0
Govt of Sikkim - Dept of Econo,4G IDENTITY SOLUTIONS,Sikkim,West Sikkim,Soreng,737121,F,3,1,0,0,0
Govt of Sikkim - Dept of Econo,4G IDENTITY SOLUTIONS,Sikkim,West Sikkim,Soreng,737121,F,4,1,0,0,0
Govt of Sikkim - Dept of Econo,4G IDENTITY SOLUTIONS,Sikkim,West Sikkim,Soreng,737121,F,16,1,0,0,0
Govt of Sikkim - Dept of Econo,4G IDENTITY SOLUTIONS,Sikkim,West Sikkim,Soreng,737121,F,30,1,0,0,0
Govt of Sikkim - Dept of Econo,4G IDENTITY SOLUTIONS,Sikkim,West Sikkim,Soreng,737121,F,40,1,0,0,0
Govt of Sikkim - Dept of Econo,4G IDENTITY SOLUTIONS,Sikkim,West Sikkim,Soreng,737121,F,42,1,0,0,0
Govt of Sikkim - Dept of Econo,4G IDENTITY SOLUTIONS,Sikkim,West Sikkim,Soreng,737121,F,45,1,0,0,0
Govt of Sikkim - Dept of Econo,4G IDENTITY SOLUTIONS,Sikkim,West Sikkim,Soreng,737121,M,6,2,0,0,0
Govt of Sikkim - Dept of Econo,4G IDENTITY SOLUTIONS,Sikkim,West Sikkim,Soreng,737121,M,20,1,0,0,0
Govt of Sikkim - Dept of Econo,4G IDENTITY SOLUTIONS,Sikkim,West Sikkim,Soreng,737121,M,24,1,0,0,0
Govt of Sikkim - Dept of Econo,4G IDENTITY SOLUTIONS,Sikkim,West Sikkim,Soreng,737121,M,25,1,0,0,0
Govt of Sikkim - Dept of Econo,4G IDENTITY SOLUTIONS,Sikkim,West Sikkim,Soreng,737121,M,26,1,0,0,0
Govt of Sikkim - Dept of Econo,4G IDENTITY SOLUTIONS,Sikkim,West Sikkim,Soreng,737121,M,30,1,0,0,0
Govt of Sikkim - Dept of Econo,4G IDENTITY SOLUTIONS,Sikkim,West Sikkim,Soreng,737121,M,33,1,0,0,0
Govt of Sikkim - Dept of Econo,4G IDENTITY SOLUTIONS,Sikkim,West Sikkim,Soreng,737121,M,51,1,0,0,0
Indiapost,TEAM LIFE CARE COMPANY INDIA P,Karnataka,Kodagu,Virajpet,571218,F,24,1,0,0,1
Indiapost,TEAM LIFE CARE COMPANY INDIA P,Maharashtra,Gondiya,Tirora,441911,M,47,1,0,0,0
Indiapost,TEAM LIFE CARE COMPANY INDIA P,Maharashtra,Hingoli,Kalamnuri,431701,M,38,1,0,0,1
Indiapost,TEAM LIFE CARE COMPANY INDIA P,Maharashtra,Nanded,For New VTC,431804,M,24,1,0,1,1
Indiapost,TEAM LIFE CARE COMPANY INDIA P,Maharashtra,Nanded,For New VTC,431805,F,11,1,0,0,0
Indiapost,TEAM LIFE CARE COMPANY INDIA P,Maharashtra,Nanded,For New VTC,431805,F,12,2,0,0,1
Indiapost,TEAM LIFE CARE COMPANY INDIA P,Maharashtra,Nanded,For New VTC,431805,F,14,1,0,0,0
Indiapost,TEAM LIFE CARE COMPANY INDIA P,Maharashtra,Nanded,For New VTC,431805,F,15,2,0,0,1
Indiapost,TEAM LIFE CARE COMPANY INDIA P,Maharashtra,Nanded,For New VTC,431805,F,16,2,0,0,1
Indiapost,TEAM LIFE CARE COMPANY INDIA P,Maharashtra,Nanded,For New VTC,431805,F,18,2,0,0,2
Indiapost,TEAM LIFE CARE COMPANY INDIA P,Maharashtra,Nanded,For New VTC,431805,F,19,2,0,0,2
Indiapost,TEAM LIFE CARE COMPANY INDIA P,Maharashtra,Nanded,For New VTC,431805,F,20,1,0,0,0
Indiapost,TEAM LIFE CARE COMPANY INDIA P,Maharashtra,Nanded,For New VTC,431805,F,21,2,0,0,1
Indiapost,TEAM LIFE CARE COMPANY INDIA P,Maharashtra,Nanded,For New VTC,431805,F,22,1,0,0,0
Indiapost,TEAM LIFE CARE COMPANY INDIA P,Maharashtra,Nanded,For New VTC,431805,F,23,3,0,0,1
Indiapost,TEAM LIFE CARE COMPANY INDIA P,Maharashtra,Nanded,For New VTC,431805,F,24,3,0,0,1
Indiapost,TEAM LIFE CARE COMPANY INDIA P,Maharashtra,Nanded,For New VTC,431805,F,25,6,0,0,0
Indiapost,TEAM LIFE CARE COMPANY INDIA P,Maharashtra,Nanded,For New VTC,431805,F,26,3,0,0,1
Indiapost,TEAM LIFE CARE COMPANY INDIA P,Maharashtra,Nanded,For New VTC,431805,F,27,3,0,0,0
Indiapost,TEAM LIFE CARE COMPANY INDIA P,Maharashtra,Nanded,For New VTC,431805,F,28,4,0,0,0
Indiapost,TEAM LIFE CARE COMPANY INDIA P,Maharashtra,Nanded,For New VTC,431805,F,29,4,0,0,2
Indiapost,TEAM LIFE CARE COMPANY INDIA P,Maharashtra,Nanded,For New VTC,431805,F,30,7,0,0,0
Indiapost,TEAM LIFE CARE COMPANY INDIA P,Maharashtra,Nanded,For New VTC,431805,F,31,2,0,0,0
Indiapost,TEAM LIFE CARE COMPANY INDIA P,Maharashtra,Nanded,For New VTC,431805,F,32,4,0,0,1
Indiapost,TEAM LIFE CARE COMPANY INDIA P,Maharashtra,Nanded,For New VTC,431805,F,33,2,0,0,0
Indiapost,TEAM LIFE CARE COMPANY INDIA P,Maharashtra,Nanded,For New VTC,431805,F,34,1,0,0,0
Indiapost,TEAM LIFE CARE COMPANY INDIA P,Maharashtra,Nanded,For New VTC,431805,F,35,5,0,0,0
Indiapost,TEAM LIFE CARE COMPANY INDIA P,Maharashtra,Nanded,For New VTC,431805,F,37,1,0,0,0
Indiapost,TEAM LIFE CARE COMPANY INDIA P,Maharashtra,Nanded,For New VTC,431805,F,38,1,0,0,0
Indiapost,TEAM LIFE CARE COMPANY INDIA P,Maharashtra,Nanded,For New VTC,431805,F,39,3,0,0,0
Indiapost,TEAM LIFE CARE COMPANY INDIA P,Maharashtra,Nanded,For New VTC,431805,F,40,2,0,0,0
Indiapost,TEAM LIFE CARE COMPANY INDIA P,Maharashtra,Nanded,For New VTC,431805,F,42,3,0,0,0
Indiapost,TEAM LIFE CARE COMPANY INDIA P,Maharashtra,Nanded,For New VTC,431805,F,43,1,0,0,0
Indiapost,TEAM LIFE CARE COMPANY INDIA P,Maharashtra,Nanded,For New VTC,431805,F,44,3,0,0,1
Indiapost,TEAM LIFE CARE COMPANY INDIA P,Maharashtra,Nanded,For New VTC,431805,F,45,7,0,0,1
Indiapost,TEAM LIFE CARE COMPANY INDIA P,Maharashtra,Nanded,For New VTC,431805,F,46,3,0,0,1
Indiapost,TEAM LIFE CARE COMPANY INDIA P,Maharashtra,Nanded,For New VTC,431805,F,47,3,0,0,0
Indiapost,TEAM LIFE CARE COMPANY INDIA P,Maharashtra,Nanded,For New VTC,431805,F,48,1,0,0,0
Indiapost,TEAM LIFE CARE COMPANY INDIA P,Maharashtra,Nanded,For New VTC,431805,F,49,1,0,0,1
Indiapost,TEAM LIFE CARE COMPANY INDIA P,Maharashtra,Nanded,For New VTC,431805,F,50,2,0,0,0
Indiapost,TEAM LIFE CARE COMPANY INDIA P,Maharashtra,Nanded,For New VTC,431805,F,52,2,0,0,0
Indiapost,TEAM LIFE CARE COMPANY INDIA P,Maharashtra,Nanded,For New VTC,431805,F,53,1,0,0,0
Indiapost,TEAM LIFE CARE COMPANY INDIA P,Maharashtra,Nanded,For New VTC,431805,F,55,2,0,0,0
Indiapost,TEAM LIFE CARE COMPANY INDIA P,Maharashtra,Nanded,For New VTC,431805,F,56,1,0,0,0
Indiapost,TEAM LIFE CARE COMPANY INDIA P,Maharashtra,Nanded,For New VTC,431805,F,57,3,0,0,0
Indiapost,TEAM LIFE CARE COMPANY INDIA P,Maharashtra,Nanded,For New VTC,431805,F,58,1,0,0,0
Indiapost,TEAM LIFE CARE COMPANY INDIA P,Maharashtra,Nanded,For New VTC,431805,F,60,1,0,0,0
Indiapost,TEAM LIFE CARE COMPANY INDIA P,Maharashtra,Nanded,For New VTC,431805,F,61,2,0,0,0
Indiapost,TEAM LIFE CARE COMPANY INDIA P,Maharashtra,Nanded,For New VTC,431805,F,63,1,0,0,0
Indiapost,TEAM LIFE CARE COMPANY INDIA P,Maharashtra,Nanded,For New VTC,431805,F,65,6,0,0,0
Indiapost,TEAM LIFE CARE COMPANY INDIA P,Maharashtra,Nanded,For New VTC,431805,F,70,1,0,0,1
Indiapost,TEAM LIFE CARE COMPANY INDIA P,Maharashtra,Nanded,For New VTC,431805,F,71,1,0,0,0
Indiapost,TEAM LIFE CARE COMPANY INDIA P,Maharashtra,Nanded,For New VTC,431805,F,75,2,0,0,0
Indiapost,TEAM LIFE CARE COMPANY INDIA P,Maharashtra,Nanded,For New VTC,431805,F,77,1,0,0,0
Indiapost,TEAM LIFE CARE COMPANY INDIA P,Maharashtra,Nanded,For New VTC,431805,M,7,1,0,0,0
Indiapost,TEAM LIFE CARE COMPANY INDIA P,Maharashtra,Nanded,For New VTC,431805,M,8,1,0,0,0
Indiapost,TEAM LIFE CARE COMPANY INDIA P,Maharashtra,Nanded,For New VTC,431805,M,9,1,0,0,1
Indiapost,TEAM LIFE CARE COMPANY INDIA P,Maharashtra,Nanded,For New VTC,431805,M,10,2,0,0,0
Indiapost,TEAM LIFE CARE COMPANY INDIA P,Maharashtra,Nanded,For New VTC,431805,M,13,2,0,0,0
Indiapost,TEAM LIFE CARE COMPANY INDIA P,Maharashtra,Nanded,For New VTC,431805,M,14,5,0,0,0
Indiapost,TEAM LIFE CARE COMPANY INDIA P,Maharashtra,Nanded,For New VTC,431805,M,17,3,0,0,1
Indiapost,TEAM LIFE CARE COMPANY INDIA P,Maharashtra,Nanded,For New VTC,431805,M,18,3,0,0,0
Indiapost,TEAM LIFE CARE COMPANY INDIA P,Maharashtra,Nanded,For New VTC,431805,M,19,5,0,0,0
Indiapost,TEAM LIFE CARE COMPANY INDIA P,Maharashtra,Nanded,For New VTC,431805,M,20,6,0,0,2
Indiapost,TEAM LIFE CARE COMPANY INDIA P,Maharashtra,Nanded,For New VTC,431805,M,21,8,0,0,1
Indiapost,TEAM LIFE CARE COMPANY INDIA P,Maharashtra,Nanded,For New VTC,431805,M,22,5,0,0,2
Indiapost,TEAM LIFE CARE COMPANY INDIA P,Maharashtra,Nanded,For New VTC,431805,M,23,4,0,0,3
Indiapost,TEAM LIFE CARE COMPANY INDIA P,Maharashtra,Nanded,For New VTC,431805,M,25,9,0,0,1
Indiapost,TEAM LIFE CARE COMPANY INDIA P,Maharashtra,Nanded,For New VTC,431805,M,26,1,0,0,0
Indiapost,TEAM LIFE CARE COMPANY INDIA P,Maharashtra,Nanded,For New VTC,431805,M,27,3,0,0,2
Indiapost,TEAM LIFE CARE COMPANY INDIA P,Maharashtra,Nanded,For New VTC,431805,M,28,3,0,0,0
Indiapost,TEAM LIFE CARE COMPANY INDIA P,Maharashtra,Nanded,For New VTC,431805,M,29,6,0,0,4
Indiapost,TEAM LIFE CARE COMPANY INDIA P,Maharashtra,Nanded,For New VTC,431805,M,30,5,0,0,2
Indiapost,TEAM LIFE CARE COMPANY INDIA P,Maharashtra,Nanded,For New VTC,431805,M,31,4,0,0,1
Indiapost,TEAM LIFE CARE COMPANY INDIA P,Maharashtra,Nanded,For New VTC,431805,M,32,3,0,0,0
Indiapost,TEAM LIFE CARE COMPANY INDIA P,Maharashtra,Nanded,For New VTC,431805,M,33,3,0,0,1
Indiapost,TEAM LIFE CARE COMPANY INDIA P,Maharashtra,Nanded,For New VTC,431805,M,34,1,0,0,0
Indiapost,TEAM LIFE CARE COMPANY INDIA P,Maharashtra,Nanded,For New VTC,431805,M,35,2,0,0,0
Indiapost,TEAM LIFE CARE COMPANY INDIA P,Maharashtra,Nanded,For New VTC,431805,M,36,1,0,0,0
Indiapost,TEAM LIFE CARE COMPANY INDIA P,Maharashtra,Nanded,For New VTC,431805,M,37,2,0,0,0
Indiapost,TEAM LIFE CARE COMPANY INDIA P,Maharashtra,Nanded,For New VTC,431805,M,38,9,0,0,2
Indiapost,TEAM LIFE CARE COMPANY INDIA P,Maharashtra,Nanded,For New VTC,431805,M,39,4,0,0,4
Indiapost,TEAM LIFE CARE COMPANY INDIA P,Maharashtra,Nanded,For New VTC,431805,M,40,2,0,0,0
Indiapost,TEAM LIFE CARE COMPANY INDIA P,Maharashtra,Nanded,For New VTC,431805,M,41,2,0,0,2
Indiapost,TEAM LIFE CARE COMPANY INDIA P,Maharashtra,Nanded,For New VTC,431805,M,42,7,0,0,1
Indiapost,TEAM LIFE CARE COMPANY INDIA P,Maharashtra,Nanded,For New VTC,431805,M,45,2,0,0,1
Indiapost,TEAM LIFE CARE COMPANY INDIA P,Maharashtra,Nanded,For New VTC,431805,M,47,5,0,0,1
Indiapost,TEAM LIFE CARE COMPANY INDIA P,Maharashtra,Nanded,For New VTC,431805,M,48,1,0,0,1
Indiapost,TEAM LIFE CARE COMPANY INDIA P,Maharashtra,Nanded,For New VTC,431805,M,50,2,0,0,0
Indiapost,TEAM LIFE CARE COMPANY INDIA P,Maharashtra,Nanded,For New VTC,431805,M,52,1,0,0,0
Indiapost,TEAM LIFE CARE COMPANY INDIA P,Maharashtra,Nanded,For New VTC,431805,M,54,1,0,0,0
Indiapost,TEAM LIFE CARE COMPANY INDIA P,Maharashtra,Nanded,For New VTC,431805,M,55,8,0,0,0
Indiapost,TEAM LIFE CARE COMPANY INDIA P,Maharashtra,Nanded,For New VTC,431805,M,56,1,0,0,0
Indiapost,TEAM LIFE CARE COMPANY INDIA P,Maharashtra,Nanded,For New VTC,431805,M,57,1,0,0,0
Indiapost,TEAM LIFE CARE COMPANY INDIA P,Maharashtra,Nanded,For New VTC,431805,M,60,5,0,0,2
Indiapost,TEAM LIFE CARE COMPANY INDIA P,Maharashtra,Nanded,For New VTC,431805,M,61,1,0,0,0
Indiapost,TEAM LIFE CARE COMPANY INDIA P,Maharashtra,Nanded,For New VTC,431805,M,62,2,0,0,0
Indiapost,TEAM LIFE CARE COMPANY INDIA P,Maharashtra,Nanded,For New VTC,431805,M,64,1,0,0,1
Indiapost,TEAM LIFE CARE COMPANY INDIA P,Maharashtra,Nanded,For New VTC,431805,M,65,7,0,0,0
Indiapost,TEAM LIFE CARE COMPANY INDIA P,Maharashtra,Nanded,For New VTC,431805,M,68,1,0,0,0
Indiapost,TEAM LIFE CARE COMPANY INDIA P,Maharashtra,Nanded,For New VTC,431805,M,70,2,0,0,0
Indiapost,TEAM LIFE CARE COMPANY INDIA P,Maharashtra,Nanded,For New VTC,431805,M,75,1,0,0,0
Indiapost,TEAM LIFE CARE COMPANY INDIA P,Maharashtra,Nanded,For New VTC,431805,M,83,1,0,0,0
Indiapost,TEAM LIFE CARE COMPANY INDIA P,Maharashtra,Nanded,For New VTC,431810,M,22,1,0,0,0
Indiapost,TEAM LIFE CARE COMPANY INDIA P,Maharashtra,Nanded,For New VTC,431810,M,25,1,0,0,1
Indiapost,TEAM LIFE CARE COMPANY INDIA P,Maharashtra,Nanded,For New VTC,431810,M,52,1,0,0,0
Indiapost,TEAM LIFE CARE COMPANY INDIA P,Maharashtra,Nanded,For New VTC,431811,F,38,1,0,0,0
Indiapost,TEAM LIFE CARE COMPANY INDIA P,Maharashtra,Nanded,For New VTC,431811,M,25,1,0,0,1
Indiapost,TEAM LIFE CARE COMPANY INDIA P,Maharashtra,Nanded,For New VTC,431811,M,26,1,0,0,1
Indiapost,TEAM LIFE CARE COMPANY INDIA P,Maharashtra,Nanded,For New VTC,431811,M,36,1,0,0,0
Indiapost,TEAM LIFE CARE COMPANY INDIA P,Maharashtra,Nanded,Hadgaon,431712,F,52,1,0,0,0
Indiapost,TEAM LIFE CARE COMPANY INDIA P,Maharashtra,Nanded,Kinwat,431804,F,14,1,0,0,1
Indiapost,TEAM LIFE CARE COMPANY INDIA P,Maharashtra,Nanded,Kinwat,431804,F,21,1,0,0,1
Indiapost,TEAM LIFE CARE COMPANY INDIA P,Maharashtra,Nanded,Kinwat,431804,F,31,1,0,0,0
Indiapost,TEAM LIFE CARE COMPANY INDIA P,Maharashtra,Nanded,Kinwat,431804,F,35,2,0,0,0
Indiapost,TEAM LIFE CARE COMPANY INDIA P,Maharashtra,Nanded,Kinwat,431804,F,55,1,0,0,0
Indiapost,TEAM LIFE CARE COMPANY INDIA P,Maharashtra,Nanded,Kinwat,431804,F,60,1,0,0,0
Indiapost,TEAM LIFE CARE COMPANY INDIA P,Maharashtra,Nanded,Kinwat,431804,F,62,2,0,0,1
Indiapost,TEAM LIFE CARE COMPANY INDIA P,Maharashtra,Nanded,Kinwat,431804,F,65,1,0,0,0
Indiapost,TEAM LIFE CARE COMPANY INDIA P,Maharashtra,Nanded,Kinwat,431804,M,10,1,0,0,1
Indiapost,TEAM LIFE CARE COMPANY INDIA P,Maharashtra,Nanded,Kinwat,431804,M,20,2,0,0,2
Indiapost,TEAM LIFE CARE COMPANY INDIA P,Maharashtra,Nanded,Kinwat,431804,M,21,1,0,0,1
Indiapost,TEAM LIFE CARE COMPANY INDIA P,Maharashtra,Nanded,Kinwat,431804,M,24,1,0,0,0
Indiapost,TEAM LIFE CARE COMPANY INDIA P,Maharashtra,Nanded,Kinwat,431804,M,31,1,0,0,1
Indiapost,TEAM LIFE CARE COMPANY INDIA P,Maharashtra,Nanded,Kinwat,431804,M,32,1,0,0,0
Indiapost,TEAM LIFE CARE COMPANY INDIA P,Maharashtra,Nanded,Kinwat,431804,M,35,2,0,0,1
Indiapost,TEAM LIFE CARE COMPANY INDIA P,Maharashtra,Nanded,Kinwat,431804,M,38,1,0,0,1
Indiapost,TEAM LIFE CARE COMPANY INDIA P,Maharashtra,Nanded,Kinwat,431804,M,40,1,0,0,0
Indiapost,TEAM LIFE CARE COMPANY INDIA P,Maharashtra,Nanded,Kinwat,431804,M,45,1,0,0,0
Indiapost,TEAM LIFE CARE COMPANY INDIA P,Maharashtra,Nanded,Kinwat,431804,M,55,1,0,0,1
Indiapost,TEAM LIFE CARE COMPANY INDIA P,Maharashtra,Nanded,Kinwat,431804,M,60,1,0,0,0
Indiapost,TEAM LIFE CARE COMPANY INDIA P,Maharashtra,Nanded,Kinwat,431804,M,65,1,0,0,0
Indiapost,TEAM LIFE CARE COMPANY INDIA P,Maharashtra,Nanded,Kinwat,431805,F,9,1,0,0,0
Indiapost,TEAM LIFE CARE COMPANY INDIA P,Maharashtra,Nanded,Kinwat,431805,F,11,1,0,0,0
Indiapost,TEAM LIFE CARE COMPANY INDIA P,Maharashtra,Nanded,Kinwat,431805,F,20,1,0,0,0
Indiapost,TEAM LIFE CARE COMPANY INDIA P,Maharashtra,Nanded,Kinwat,431805,F,23,1,0,0,0
Indiapost,TEAM LIFE CARE COMPANY INDIA P,Maharashtra,Nanded,Kinwat,431805,F,24,2,0,0,0
Indiapost,TEAM LIFE CARE COMPANY INDIA P,Maharashtra,Nanded,Kinwat,431805,F,25,2,0,0,0
Indiapost,TEAM LIFE CARE COMPANY INDIA P,Maharashtra,Nanded,Kinwat,431805,F,27,1,0,0,0
Indiapost,TEAM LIFE CARE COMPANY INDIA P,Maharashtra,Nanded,Kinwat,431805,F,28,1,0,0,0
Indiapost,TEAM LIFE CARE COMPANY INDIA P,Maharashtra,Nanded,Kinwat,431805,F,29,1,0,0,0
Indiapost,TEAM LIFE CARE COMPANY INDIA P,Maharashtra,Nanded,Kinwat,431805,F,30,2,0,0,0
Indiapost,TEAM LIFE CARE COMPANY INDIA P,Maharashtra,Nanded,Kinwat,431805,F,31,2,0,0,0
Indiapost,TEAM LIFE CARE COMPANY INDIA P,Maharashtra,Nanded,Kinwat,431805,F,32,1,0,0,0
Indiapost,TEAM LIFE CARE COMPANY INDIA P,Maharashtra,Nanded,Kinwat,431805,F,33,1,0,0,0
Indiapost,TEAM LIFE CARE COMPANY INDIA P,Maharashtra,Nanded,Kinwat,431805,F,36,1,0,0,0
Indiapost,TEAM LIFE CARE COMPANY INDIA P,Maharashtra,Nanded,Kinwat,431805,F,39,1,0,0,0
Indiapost,TEAM LIFE CARE COMPANY INDIA P,Maharashtra,Nanded,Kinwat,431805,F,40,1,0,0,0
Indiapost,TEAM LIFE CARE COMPANY INDIA P,Maharashtra,Nanded,Kinwat,431805,F,41,1,0,0,1
Indiapost,TEAM LIFE CARE COMPANY INDIA P,Maharashtra,Nanded,Kinwat,431805,F,42,4,0,0,0
Indiapost,TEAM LIFE CARE COMPANY INDIA P,Maharashtra,Nanded,Kinwat,431805,F,45,1,0,0,0
Indiapost,TEAM LIFE CARE COMPANY INDIA P,Maharashtra,Nanded,Kinwat,431805,F,46,1,0,0,0
Indiapost,TEAM LIFE CARE COMPANY INDIA P,Maharashtra,Nanded,Kinwat,431805,F,55,1,0,0,0
Indiapost,TEAM LIFE CARE COMPANY INDIA P,Maharashtra,Nanded,Kinwat,431805,F,60,1,0,0,0
Indiapost,TEAM LIFE CARE COMPANY INDIA P,Maharashtra,Nanded,Kinwat,431805,F,62,2,0,0,0
Indiapost,TEAM LIFE CARE COMPANY INDIA P,Maharashtra,Nanded,Kinwat,431805,F,65,7,0,0,0
Indiapost,TEAM LIFE CARE COMPANY INDIA P,Maharashtra,Nanded,Kinwat,431805,F,69,1,0,0,0
Indiapost,TEAM LIFE CARE COMPANY INDIA P,Maharashtra,Nanded,Kinwat,431805,F,70,1,0,0,0
Indiapost,TEAM LIFE CARE COMPANY INDIA P,Maharashtra,Nanded,Kinwat,431805,F,75,1,0,0,0
Indiapost,TEAM LIFE CARE COMPANY INDIA P,Maharashtra,Nanded,Kinwat,431805,F,78,1,0,0,0
Indiapost,TEAM LIFE CARE COMPANY INDIA P,Maharashtra,Nanded,Kinwat,431805,M,8,1,0,0,0
Indiapost,TEAM LIFE CARE COMPANY INDIA P,Maharashtra,Nanded,Kinwat,431805,M,9,1,0,0,0
Indiapost,TEAM LIFE CARE COMPANY INDIA P,Maharashtra,Nanded,Kinwat,431805,M,13,1,0,0,0
Indiapost,TEAM LIFE CARE COMPANY INDIA P,Maharashtra,Nanded,Kinwat,431805,M,18,1,0,0,0
Indiapost,TEAM LIFE CARE COMPANY INDIA P,Maharashtra,Nanded,Kinwat,431805,M,20,3,0,0,1
Indiapost,TEAM LIFE CARE COMPANY INDIA P,Maharashtra,Nanded,Kinwat,431805,M,21,1,0,0,0
Indiapost,TEAM LIFE CARE COMPANY INDIA P,Maharashtra,Nanded,Kinwat,431805,M,22,3,0,0,0
Indiapost,TEAM LIFE CARE COMPANY INDIA P,Maharashtra,Nanded,Kinwat,431805,M,24,2,0,0,0
Indiapost,TEAM LIFE CARE COMPANY INDIA P,Maharashtra,Nanded,Kinwat,431805,M,25,2,0,0,2
Indiapost,TEAM LIFE CARE COMPANY INDIA P,Maharashtra,Nanded,Kinwat,431805,M,28,2,0,0,0
Indiapost,TEAM LIFE CARE COMPANY INDIA P,Maharashtra,Nanded,Kinwat,431805,M,29,1,0,0,1
Indiapost,TEAM LIFE CARE COMPANY INDIA P,Maharashtra,Nanded,Kinwat,431805,M,30,1,0,0,0
Indiapost,TEAM LIFE CARE COMPANY INDIA P,Maharashtra,Nanded,Kinwat,431805,M,32,3,0,0,0
Indiapost,TEAM LIFE CARE COMPANY INDIA P,Maharashtra,Nanded,Kinwat,431805,M,33,1,0,0,0
Indiapost,TEAM LIFE CARE COMPANY INDIA P,Maharashtra,Nanded,Kinwat,431805,M,34,1,0,0,1
Indiapost,TEAM LIFE CARE COMPANY INDIA P,Maharashtra,Nanded,Kinwat,431805,M,35,2,0,0,0
Indiapost,TEAM LIFE CARE COMPANY INDIA P,Maharashtra,Nanded,Kinwat,431805,M,36,2,0,0,2
Indiapost,TEAM LIFE CARE COMPANY INDIA P,Maharashtra,Nanded,Kinwat,431805,M,37,1,0,0,0
Indiapost,TEAM LIFE CARE COMPANY INDIA P,Maharashtra,Nanded,Kinwat,431805,M,42,1,0,0,1
Indiapost,TEAM LIFE CARE COMPANY INDIA P,Maharashtra,Nanded,Kinwat,431805,M,43,1,0,0,0
Indiapost,TEAM LIFE CARE COMPANY INDIA P,Maharashtra,Nanded,Kinwat,431805,M,45,2,0,0,0
Indiapost,TEAM LIFE CARE COMPANY INDIA P,Maharashtra,Nanded,Kinwat,431805,M,47,1,0,0,0
Indiapost,TEAM LIFE CARE COMPANY INDIA P,Maharashtra,Nanded,Kinwat,431805,M,50,1,0,0,0
Indiapost,TEAM LIFE CARE COMPANY INDIA P,Maharashtra,Nanded,Kinwat,431805,M,52,2,0,0,1
Indiapost,TEAM LIFE CARE COMPANY INDIA P,Maharashtra,Nanded,Kinwat,431805,M,54,1,0,0,0
Indiapost,TEAM LIFE CARE COMPANY INDIA P,Maharashtra,Nanded,Kinwat,431805,M,57,1,0,0,0
Indiapost,TEAM LIFE CARE COMPANY INDIA P,Maharashtra,Nanded,Kinwat,431805,M,58,2,0,0,0
Indiapost,TEAM LIFE CARE COMPANY INDIA P,Maharashtra,Nanded,Kinwat,431805,M,59,1,0,0,0
Indiapost,TEAM LIFE CARE COMPANY INDIA P,Maharashtra,Nanded,Kinwat,431805,M,60,3,0,0,0
Indiapost,TEAM LIFE CARE COMPANY INDIA P,Maharashtra,Nanded,Kinwat,431805,M,62,1,0,0,0
Indiapost,TEAM LIFE CARE COMPANY INDIA P,Maharashtra,Nanded,Kinwat,431805,M,65,4,0,0,0
Indiapost,TEAM LIFE CARE COMPANY INDIA P,Maharashtra,Nanded,Kinwat,431805,M,70,2,0,0,0
Indiapost,TEAM LIFE CARE COMPANY INDIA P,Maharashtra,Nanded,Kinwat,431805,M,72,1,0,0,0
Indiapost,TEAM LIFE CARE COMPANY INDIA P,Maharashtra,Nanded,Kinwat,431805,M,74,1,0,0,0
Indiapost,TEAM LIFE CARE COMPANY INDIA P,Maharashtra,Nanded,Kinwat,431805,M,75,1,0,0,0
Indiapost,TEAM LIFE CARE COMPANY INDIA P,Maharashtra,Nanded,Kinwat,431810,M,25,1,0,0,1
Indiapost,TEAM LIFE CARE COMPANY INDIA P,Maharashtra,Nanded,Kinwat,431811,M,24,1,0,0,1
Indiapost,TEAM LIFE CARE COMPANY INDIA P,Maharashtra,Nanded,Loha,431805,F,6,1,0,0,0
Indiapost,TEAM LIFE CARE COMPANY INDIA P,Maharashtra,Nanded,Loha,431805,F,36,1,0,0,0
Indiapost,TEAM LIFE CARE COMPANY INDIA P,Maharashtra,Nanded,Loha,431805,F,40,1,0,0,0
Indiapost,TEAM LIFE CARE COMPANY INDIA P,Maharashtra,Nanded,Loha,431805,F,46,1,0,0,0
Indiapost,TEAM LIFE CARE COMPANY INDIA P,Maharashtra,Nanded,Loha,431805,F,65,1,0,0,0
Indiapost,TEAM LIFE CARE COMPANY INDIA P,Maharashtra,Nanded,Loha,431805,M,36,1,0,0,1
Indiapost,TEAM LIFE CARE COMPANY INDIA P,Maharashtra,Nanded,Loha,431805,M,40,1,0,0,0
Indiapost,TEAM LIFE CARE COMPANY INDIA P,Maharashtra,Nanded,Loha,431805,M,43,1,0,0,0
Indiapost,TEAM LIFE CARE COMPANY INDIA P,Maharashtra,Nanded,Loha,431805,M,54,1,0,0,0
Indiapost,TEAM LIFE CARE COMPANY INDIA P,Maharashtra,Nanded,Mahoor,431721,M,16,1,0,0,0
Indiapost,TEAM LIFE CARE COMPANY INDIA P,Maharashtra,Nanded,Mahoor,431805,F,24,1,0,0,1
Indiapost,TEAM LIFE CARE COMPANY INDIA P,Maharashtra,Nanded,Naigaon (khairgaon),431810,M,20,1,0,0,1
Indiapost,TEAM LIFE CARE COMPANY INDIA P,Maharashtra,Solapur,Barshi,413412,F,23,1,0,0,1
Indiapost,TEAM LIFE CARE COMPANY INDIA P,Maharashtra,Solapur,Malshiras,413101,M,51,1,0,0,0
Indiapost,TEAM LIFE CARE COMPANY INDIA P,Maharashtra,Solapur,Malshiras,413107,F,24,1,0,0,0
Indiapost,TEAM LIFE CARE COMPANY INDIA P,Maharashtra,Solapur,Malshiras,413107,F,61,1,0,0,0
Indiapost,TEAM LIFE CARE COMPANY INDIA P,Maharashtra,Wardha,Deoli,442306,M,31,1,0,0,1
Indiapost,TEAM LIFE CARE COMPANY INDIA P,Maharashtra,Yavatmal,Ghatanji,445306,M,55,1,0,0,0
Indiapost,TEAM LIFE CARE COMPANY INDIA P,Maharashtra,Yavatmal,Umarkhed,445206,M,33,1,0,0,1
Indiapost,UTI TECHNOLOGY SERVICES LIMITE,Maharashtra,Kolhapur,For New VTC,416118,F,18,1,0,0,1
Indiapost,UTI TECHNOLOGY SERVICES LIMITE,Maharashtra,Kolhapur,For New VTC,416118,F,36,1,0,0,0
Indiapost,UTI TECHNOLOGY SERVICES LIMITE,Maharashtra,Kolhapur,For New VTC,416118,F,39,1,0,0,0
Indiapost,UTI TECHNOLOGY SERVICES LIMITE,Maharashtra,Kolhapur,For New VTC,416118,F,43,1,0,0,0
Indiapost,UTI TECHNOLOGY SERVICES LIMITE,Maharashtra,Kolhapur,For New VTC,416118,F,66,1,0,0,0
Indiapost,UTI TECHNOLOGY SERVICES LIMITE,Maharashtra,Kolhapur,For New VTC,416118,M,18,1,0,0,1
Indiapost,UTI TECHNOLOGY SERVICES LIMITE,Maharashtra,Kolhapur,For New VTC,416118,M,22,1,0,0,0
Indiapost,UTI TECHNOLOGY SERVICES LIMITE,Maharashtra,Kolhapur,For New VTC,416118,M,28,1,0,0,0
Indiapost,UTI TECHNOLOGY SERVICES LIMITE,Maharashtra,Kolhapur,For New VTC,416118,M,65,1,0,0,0
Indiapost,UTI TECHNOLOGY SERVICES LIMITE,Maharashtra,Kolhapur,Karvir,416001,M,13,1,0,0,1
Indiapost,UTI TECHNOLOGY SERVICES LIMITE,Maharashtra,Kolhapur,Karvir,416003,M,46,1,0,0,1
Indiapost,UTI TECHNOLOGY SERVICES LIMITE,Maharashtra,Kolhapur,Karvir,416004,M,20,1,0,0,1
Indiapost,UTI TECHNOLOGY SERVICES LIMITE,Maharashtra,Kolhapur,Karvir,416008,F,47,1,0,0,1
Indiapost,UTI TECHNOLOGY SERVICES LIMITE,Maharashtra,Kolhapur,Karvir,416008,M,7,1,0,0,1
Indiapost,UTI TECHNOLOGY SERVICES LIMITE,Maharashtra,Kolhapur,Shahuwadi,416214,F,7,1,0,0,1
Indiapost,UTI TECHNOLOGY SERVICES LIMITE,Maharashtra,Kolhapur,Shahuwadi,416214,F,27,1,0,0,1
Indiapost,UTI TECHNOLOGY SERVICES LIMITE,Maharashtra,Kolhapur,Shahuwadi,416214,M,10,1,0,0,1
Indiapost,UTI TECHNOLOGY SERVICES LIMITE,Maharashtra,Kolhapur,Shahuwadi,416214,M,19,1,0,0,1
Indiapost,UTI TECHNOLOGY SERVICES LIMITE,Maharashtra,Kolhapur,Shahuwadi,416214,M,28,1,0,1,1
Indiapost,UTI TECHNOLOGY SERVICES LIMITE,Maharashtra,Kolhapur,Shahuwadi,416214,M,29,1,0,0,1
Indiapost,UTI TECHNOLOGY SERVICES LIMITE,Maharashtra,Kolhapur,Shahuwadi,416214,M,32,1,0,0,1
Indiapost,UTI TECHNOLOGY SERVICES LIMITE,Maharashtra,Kolhapur,Shahuwadi,416214,M,47,1,0,0,1
Indiapost,UTI TECHNOLOGY SERVICES LIMITE,Maharashtra,Kolhapur,Shahuwadi,416214,M,50,1,0,0,1
Indiapost,UTI TECHNOLOGY SERVICES LIMITE,Maharashtra,Kolhapur,Shahuwadi,416214,M,65,1,0,0,1
Jharkhand,Wipro Ltd,Jharkhand,Giridih,Deori,815314,M,19,1,0,0,0
Jharkhand,Wipro Ltd,Jharkhand,Giridih,Deori,815314,M,33,1,0,0,0
Punjab and Sind Bank,Matrix Processing House,Delhi,East Delhi,For New VTC,110051,F,4,1,0,0,0
Punjab and Sind Bank,Matrix Processing House,Delhi,East Delhi,For New VTC,110051,F,6,1,0,0,0
Punjab and Sind Bank,Matrix Processing House,Delhi,East Delhi,For New VTC,110051,F,61,1,0,0,0
State Bank of India,4G IDENTITY SOLUTIONS,Andhra Pradesh,Krishna,For New VTC,521329,F,4,2,0,0,0
State Bank of India,4G IDENTITY SOLUTIONS,Andhra Pradesh,Krishna,For New VTC,521329,F,26,1,0,0,0
State Bank of India,4G IDENTITY SOLUTIONS,Andhra Pradesh,Krishna,For New VTC,521329,F,31,1,0,0,0
State Bank of India,4G IDENTITY SOLUTIONS,Andhra Pradesh,Krishna,For New VTC,521329,F,40,1,0,0,0
State Bank of India,4G IDENTITY SOLUTIONS,Andhra Pradesh,Krishna,For New VTC,521329,F,46,1,0,0,0
State Bank of India,4G IDENTITY SOLUTIONS,Andhra Pradesh,Krishna,For New VTC,521329,M,13,1,0,0,0
State Bank of India,4G IDENTITY SOLUTIONS,Andhra Pradesh,Krishna,For New VTC,521329,M,19,1,0,0,1
State Bank of India,4G IDENTITY SOLUTIONS,Andhra Pradesh,Krishna,For New VTC,521329,M,34,1,0,0,0
State Bank of India,4G IDENTITY SOLUTIONS,Andhra Pradesh,Krishna,For New VTC,521329,M,51,1,0,0,0
State Bank of India,4G IDENTITY SOLUTIONS,Andhra Pradesh,Krishna,Pedana,521366,F,4,1,0,0,0
State Bank of India,4G IDENTITY SOLUTIONS,Andhra Pradesh,Krishna,Pedana,521366,F,6,1,0,0,0
State Bank of India,4G IDENTITY SOLUTIONS,Andhra Pradesh,Krishna,Pedana,521366,F,8,1,0,0,0
State Bank of India,4G IDENTITY SOLUTIONS,Andhra Pradesh,Krishna,Pedana,521366,F,11,1,0,0,0
State Bank of India,4G IDENTITY SOLUTIONS,Andhra Pradesh,Krishna,Pedana,521366,F,16,1,0,0,1
State Bank of India,4G IDENTITY SOLUTIONS,Andhra Pradesh,Krishna,Pedana,521366,F,22,1,0,0,0
State Bank of India,4G IDENTITY SOLUTIONS,Andhra Pradesh,Krishna,Pedana,521366,F,41,1,0,0,0
State Bank of India,4G IDENTITY SOLUTIONS,Andhra Pradesh,Krishna,Pedana,521366,F,57,2,0,0,0
State Bank of India,4G IDENTITY SOLUTIONS,Andhra Pradesh,Krishna,Pedana,521366,F,66,1,0,0,0
State Bank of India,4G IDENTITY SOLUTIONS,Andhra Pradesh,Krishna,Pedana,521366,M,3,1,0,0,0
State Bank of India,4G IDENTITY SOLUTIONS,Andhra Pradesh,Krishna,Pedana,521366,M,9,1,0,0,0
State Bank of India,4G IDENTITY SOLUTIONS,Andhra Pradesh,Krishna,Pedana,521366,M,11,1,0,0,0
State Bank of India,4G IDENTITY SOLUTIONS,Andhra Pradesh,Krishna,Pedana,521366,M,40,1,0,0,0
State Bank of India,4G IDENTITY SOLUTIONS,Andhra Pradesh,Krishna,Pedana,521366,M,77,1,0,0,0
State Bank of India,4G IDENTITY SOLUTIONS,Andhra Pradesh,Krishna,Pedana,521369,F,3,1,0,0,0
State Bank of India,4G IDENTITY SOLUTIONS,Andhra Pradesh,Krishna,Pedana,521369,F,23,1,0,0,0
State Bank of India,4G IDENTITY SOLUTIONS,Andhra Pradesh,Krishna,Pedana,521369,F,38,1,0,0,0
State Bank of India,4G IDENTITY SOLUTIONS,Andhra Pradesh,Krishna,Pedana,521369,F,46,1,0,0,0
State Bank of India,4G IDENTITY SOLUTIONS,Andhra Pradesh,Krishna,Pedana,521369,M,13,1,0,0,0
State Bank of India,4G IDENTITY SOLUTIONS,Andhra Pradesh,Krishna,Pedana,521369,M,46,1,0,0,0
State Bank of India,CSS TECHNERGY LIMITED,Andhra Pradesh,Karimnagar,Vemulawada,505302,M,17,1,0,0,0
State Bank of India,CSS TECHNERGY LIMITED,Andhra Pradesh,Karimnagar,Vemulawada,505302,M,23,1,0,0,0
State Bank of India,CSS TECHNERGY LIMITED,Andhra Pradesh,Mahbubnagar,Bijinapalle,509203,F,43,1,0,0,0
State Bank of India,CSS TECHNERGY LIMITED,Andhra Pradesh,Mahbubnagar,Bijinapalle,509203,F,70,1,0,0,0
State Bank of India,CSS TECHNERGY LIMITED,Andhra Pradesh,Mahbubnagar,Bijinapalle,509203,M,4,1,0,0,0
State Bank of India,CSS TECHNERGY LIMITED,Andhra Pradesh,Mahbubnagar,Bijinapalle,509203,M,12,1,0,0,0
State Bank of India,CSS TECHNERGY LIMITED,Andhra Pradesh,Mahbubnagar,Bijinapalle,509203,M,29,1,0,0,1
State Bank of India,CSS TECHNERGY LIMITED,Andhra Pradesh,Warangal,Wardhanna Pet,506313,F,28,1,0,0,0
State Bank of India,CSS TECHNERGY LIMITED,Andhra Pradesh,West Godavari,Dwarakatirumala,534426,F,4,1,0,0,0
State Bank of India,CSS TECHNERGY LIMITED,Andhra Pradesh,West Godavari,For New VTC,534425,M,35,1,0,0,0
Union Bank,Vakrangee Softwares Limited,Gujarat,Ahmadabad,Ahmadabad City,380007,M,7,1,0,0,0
Union Bank,Vakrangee Softwares Limited,Madhya Pradesh,Bhopal,Huzur,462003,F,59,1,0,0,0
Union Bank,Vakrangee Softwares Limited,Madhya Pradesh,Bhopal,Huzur,462003,F,68,1,0,0,0
Union Bank,Vakrangee Softwares Limited,Madhya Pradesh,Indore,Indore,452001,F,2,1,0,0,0
Union Bank,Vakrangee Softwares Limited,Madhya Pradesh,Indore,Indore,452001,F,3,2,0,0,0
Union Bank,Vakrangee Softwares Limited,Madhya Pradesh,Indore,Indore,452001,F,8,1,0,0,0
Union Bank,Vakrangee Softwares Limited,Madhya Pradesh,Indore,Indore,452001,F,14,1,0,0,0
Union Bank,Vakrangee Softwares Limited,Madhya Pradesh,Indore,Indore,452001,F,15,1,0,0,0
Union Bank,Vakrangee Softwares Limited,Madhya Pradesh,Indore,Indore,452001,F,25,1,0,0,0
Union Bank,Vakrangee Softwares Limited,Madhya Pradesh,Indore,Indore,452001,F,35,2,0,0,0
Union Bank,Vakrangee Softwares Limited,Madhya Pradesh,Indore,Indore,452001,F,36,1,0,0,0
Union Bank,Vakrangee Softwares Limited,Madhya Pradesh,Indore,Indore,452001,F,45,1,0,0,0
Union Bank,Vakrangee Softwares Limited,Madhya Pradesh,Indore,Indore,452001,F,48,1,0,0,0
Union Bank,Vakrangee Softwares Limited,Madhya Pradesh,Indore,Indore,452001,F,65,1,0,0,0
Union Bank,Vakrangee Softwares Limited,Madhya Pradesh,Indore,Indore,452001,M,1,1,0,0,0
Union Bank,Vakrangee Softwares Limited,Madhya Pradesh,Indore,Indore,452001,M,2,1,0,0,0
Union Bank,Vakrangee Softwares Limited,Madhya Pradesh,Indore,Indore,452001,M,3,1,0,0,0
Union Bank,Vakrangee Softwares Limited,Madhya Pradesh,Indore,Indore,452001,M,4,4,0,0,0
Union Bank,Vakrangee Softwares Limited,Madhya Pradesh,Indore,Indore,452001,M,19,1,0,0,0
Union Bank,Vakrangee Softwares Limited,Madhya Pradesh,Indore,Indore,452001,M,22,1,0,0,0
Union Bank,Vakrangee Softwares Limited,Madhya Pradesh,Indore,Indore,452001,M,23,1,0,0,0
Union Bank,Vakrangee Softwares Limited,Madhya Pradesh,Indore,Indore,452001,M,54,1,0,0,0
Union Bank,Vakrangee Softwares Limited,Madhya Pradesh,Indore,Indore,452002,F,21,1,0,0,0
Union Bank,Vakrangee Softwares Limited,Madhya Pradesh,Indore,Indore,452002,F,23,1,0,0,0
Union Bank,Vakrangee Softwares Limited,Madhya Pradesh,Indore,Indore,452002,F,25,1,0,0,0
Union Bank,Vakrangee Softwares Limited,Madhya Pradesh,Indore,Indore,452002,F,50,1,0,0,0
Union Bank,Vakrangee Softwares Limited,Madhya Pradesh,Indore,Indore,452002,F,55,1,0,0,0
Union Bank,Vakrangee Softwares Limited,Madhya Pradesh,Indore,Indore,452002,M,31,1,0,0,0
Union Bank,Vakrangee Softwares Limited,Madhya Pradesh,Indore,Indore,452005,F,34,1,0,0,0
Union Bank,Vakrangee Softwares Limited,Madhya Pradesh,Indore,Indore,452006,F,1,3,0,0,0
Union Bank,Vakrangee Softwares Limited,Madhya Pradesh,Indore,Indore,452006,F,30,1,0,0,0
Union Bank,Vakrangee Softwares Limited,Madhya Pradesh,Indore,Indore,452006,M,2,2,0,0,0
Union Bank,Vakrangee Softwares Limited,Madhya Pradesh,Indore,Indore,452006,M,3,1,0,0,0
Union Bank,Vakrangee Softwares Limited,Madhya Pradesh,Indore,Indore,452006,M,4,2,0,0,0
Union Bank,Vakrangee Softwares Limited,Madhya Pradesh,Indore,Indore,452006,M,8,1,0,0,0
Union Bank,Vakrangee Softwares Limited,Madhya Pradesh,Indore,Indore,452006,M,21,1,0,0,0
Union Bank,Vakrangee Softwares Limited,Madhya Pradesh,Indore,Indore,452006,M,22,1,0,0,0
Union Bank,Vakrangee Softwares Limited,Madhya Pradesh,Indore,Indore,452009,M,2,1,0,0,0
Union Bank,Vakrangee Softwares Limited,Madhya Pradesh,Indore,Indore,452009,M,41,1,0,0,0
Union Bank,Vakrangee Softwares Limited,Madhya Pradesh,Indore,Indore,452012,M,3,1,0,0,0
Union Bank,Vakrangee Softwares Limited,Madhya Pradesh,Indore,Indore,452015,F,40,1,0,0,0
Union Bank,Vakrangee Softwares Limited,Madhya Pradesh,Indore,Indore,452015,F,52,1,0,0,0
Union Bank,Vakrangee Softwares Limited,Madhya Pradesh,Indore,Indore,452015,M,50,1,0,0,0
Union Bank,Vakrangee Softwares Limited,Madhya Pradesh,Indore,Sawer,453551,M,30,1,0,0,0
Union Bank,Vakrangee Softwares Limited,Madhya Pradesh,Narsinghpur,Gadarwara,487555,M,23,1,0,0,0
Union Bank,Vakrangee Softwares Limited,Madhya Pradesh,Narsinghpur,Tendukheda,487330,M,65,1,0,0,0
Union Bank,Vakrangee Softwares Limited,Madhya Pradesh,Raisen,Goharganj,462046,F,9,1,0,0,1
Union Bank,Vakrangee Softwares Limited,Madhya Pradesh,Raisen,Goharganj,462046,F,33,1,0,0,0
Union Bank,Vakrangee Softwares Limited,Madhya Pradesh,Raisen,Goharganj,462046,M,6,1,0,0,1
Union Bank,Vakrangee Softwares Limited,Madhya Pradesh,Sagar,Sagar,470002,M,26,1,0,0,1
Union Bank,Vakrangee Softwares Limited,Rajasthan,Jaipur,For New VTC,302002,M,16,1,0,0,1
Union Bank,Vakrangee Softwares Limited,Rajasthan,Jaipur,For New VTC,302006,M,25,1,0,0,0
Union Bank,Vakrangee Softwares Limited,Rajasthan,Jaipur,For New VTC,302006,M,60,1,0,0,0
Union Bank,Vakrangee Softwares Limited,Rajasthan,Jaipur,For New VTC,302012,F,25,1,0,0,1
Union Bank,Vakrangee Softwares Limited,Rajasthan,Jaipur,For New VTC,302012,F,30,1,0,0,0
Union Bank,Vakrangee Softwares Limited,Rajasthan,Jaipur,For New VTC,302012,F,38,1,0,0,1
Union Bank,Vakrangee Softwares Limited,Rajasthan,Jaipur,For New VTC,302012,F,41,1,0,0,1
Union Bank,Vakrangee Softwares Limited,Rajasthan,Jaipur,For New VTC,302012,F,44,1,0,0,1
Union Bank,Vakrangee Softwares Limited,Rajasthan,Jaipur,For New VTC,302012,M,15,1,0,0,1
Union Bank,Vakrangee Softwares Limited,Rajasthan,Jaipur,For New VTC,302012,M,22,2,0,0,2
Union Bank,Vakrangee Softwares Limited,Rajasthan,Jaipur,For New VTC,302012,M,27,1,0,0,1
Union Bank,Vakrangee Softwares Limited,Rajasthan,Jaipur,For New VTC,302012,M,33,1,0,0,1
Union Bank,Vakrangee Softwares Limited,Rajasthan,Jaipur,For New VTC,302012,M,37,1,0,0,1
Union Bank,Vakrangee Softwares Limited,Rajasthan,Jaipur,For New VTC,302012,M,51,1,0,0,1
Union Bank,Vakrangee Softwares Limited,Rajasthan,Jaipur,For New VTC,302019,M,29,0,1,0,0
Union Bank,Vakrangee Softwares Limited,Rajasthan,Jhalawar,Jhalrapatan,326023,F,17,1,0,0,0
Union Bank,Vakrangee Softwares Limited,Rajasthan,Jhalawar,Jhalrapatan,326023,M,36,1,0,0,1
Union Bank,Vakrangee Softwares Limited,Rajasthan,Kota,For New VTC,324005,M,8,1,0,0,1
Union Bank,Vakrangee Softwares Limited,Rajasthan,Kota,For New VTC,324005,M,11,0,1,0,1
Union Bank,Vakrangee Softwares Limited,Rajasthan,Kota,For New VTC,324005,M,12,1,0,0,0
Union Bank,Vakrangee Softwares Limited,Rajasthan,Kota,For New VTC,324005,M,14,1,0,0,1
Union Bank,Vakrangee Softwares Limited,Rajasthan,Kota,For New VTC,324005,M,17,1,0,0,1
Union Bank,Vakrangee Softwares Limited,Rajasthan,Kota,For New VTC,324005,M,19,1,0,0,1
Union Bank,Vakrangee Softwares Limited,Rajasthan,Kota,For New VTC,324005,M,24,1,0,0,1
Union Bank,Vakrangee Softwares Limited,Rajasthan,Kota,For New VTC,324005,M,25,1,0,0,1
Union Bank,Vakrangee Softwares Limited,Rajasthan,Kota,For New VTC,324005,M,27,1,0,0,1
Union Bank,Vakrangee Softwares Limited,Rajasthan,Kota,For New VTC,324005,M,28,1,0,0,1
Union Bank,Vakrangee Softwares Limited,Rajasthan,Kota,For New VTC,324005,M,31,1,0,0,1
Union Bank,Vakrangee Softwares Limited,Rajasthan,Kota,For New VTC,324005,M,36,1,0,0,1
Union Bank,Vakrangee Softwares Limited,Rajasthan,Kota,For New VTC,324005,M,38,1,0,0,1
Union Bank,Vakrangee Softwares Limited,Rajasthan,Kota,For New VTC,324005,M,40,1,0,0,0
Union Bank,Vakrangee Softwares Limited,Rajasthan,Kota,For New VTC,324005,M,45,1,0,0,1
Union Bank,Vakrangee Softwares Limited,Rajasthan,Kota,Ladpura,324001,F,10,1,0,0,0
Union Bank,Vakrangee Softwares Limited,Rajasthan,Kota,Ladpura,324001,M,21,1,0,0,0
Union Bank,Vakrangee Softwares Limited,Rajasthan,Kota,Ladpura,324001,M,31,1,0,0,0
Union Bank,Vakrangee Softwares Limited,Rajasthan,Kota,Ladpura,324009,M,16,1,0,0,1
Union Bank,Vakrangee Softwares Limited,Rajasthan,Kota,Ladpura,325003,M,25,1,0,0,0
Union Bank,Vakrangee Softwares Limited,Rajasthan,Kota,Ladpura,325003,M,53,1,0,0,0
Union Bank,Vakrangee Softwares Limited,Rajasthan,Kota,Ladpura,325201,M,19,1,0,0,0
Union Bank,Vakrangee Softwares Limited,Rajasthan,Kota,Sangod,325601,F,29,1,0,0,0
Union Bank,Vakrangee Softwares Limited,Rajasthan,Kota,Sangod,325601,F,52,1,0,0,0
Union Bank,Vakrangee Softwares Limited,Rajasthan,Kota,Sangod,325601,M,10,1,0,0,0
Union Bank,Vakrangee Softwares Limited,Rajasthan,Kota,Sangod,325601,M,14,1,0,0,0
Union Bank,Vakrangee Softwares Limited,Rajasthan,Kota,Sangod,325601,M,15,2,0,0,0
Union Bank,Vakrangee Softwares Limited,Rajasthan,Kota,Sangod,325601,M,21,2,0,0,1
Union Bank,Vakrangee Softwares Limited,Rajasthan,Kota,Sangod,325601,M,31,1,0,0,0
Union Bank,Vakrangee Softwares Limited,Uttar Pradesh,Lalitpur,Lalitpur,284403,F,8,1,0,0,1
Union Bank,Vakrangee Softwares Limited,Uttar Pradesh,Lalitpur,Lalitpur,284403,M,6,1,0,0,1
Union Bank,Vakrangee Softwares Limited,Uttar Pradesh,Lalitpur,Lalitpur,284403,M,11,1,0,0,0
Union Bank,Vakrangee Softwares Limited,Uttar Pradesh,Lalitpur,Lalitpur,284403,M,13,1,0,0,0
Union Bank,Vakrangee Softwares Limited,Uttar Pradesh,Lalitpur,Lalitpur,284403,M,23,1,0,0,1
Union Bank,Vakrangee Softwares Limited,Uttar Pradesh,Lucknow,For New VTC,226004,F,11,1,0,0,1
Union Bank,Vakrangee Softwares Limited,Uttar Pradesh,Lucknow,For New VTC,226004,F,16,1,0,0,1
Union Bank,Vakrangee Softwares Limited,Uttar Pradesh,Lucknow,For New VTC,226004,F,41,1,0,0,1
Union Bank,Vakrangee Softwares Limited,Uttar Pradesh,Lucknow,For New VTC,226004,M,3,1,0,0,0
Union Bank,Vakrangee Softwares Limited,Uttar Pradesh,Lucknow,For New VTC,226004,M,6,1,0,0,1
Union Bank,Vakrangee Softwares Limited,Uttar Pradesh,Lucknow,For New VTC,226004,M,11,2,0,0,1
Union Bank,Vakrangee Softwares Limited,Uttar Pradesh,Lucknow,For New VTC,226004,M,14,1,0,0,0
Union Bank,Vakrangee Softwares Limited,Uttar Pradesh,Lucknow,For New VTC,226004,M,19,1,0,0,1
Union Bank,Vakrangee Softwares Limited,Uttar Pradesh,Lucknow,For New VTC,226004,M,32,1,0,0,1
Union Bank,Vakrangee Softwares Limited,Uttar Pradesh,Lucknow,For New VTC,226004,M,33,1,0,0,1
Union Bank,Vakrangee Softwares Limited,Uttar Pradesh,Lucknow,For New VTC,226004,M,36,1,0,0,0
Union Bank,Vakrangee Softwares Limited,Uttar Pradesh,Lucknow,For New VTC,226004,M,59,1,0,0,0
Union Bank,Vakrangee Softwares Limited,Uttar Pradesh,Lucknow,For New VTC,226004,M,64,1,0,0,1
Union Bank,Vakrangee Softwares Limited,Uttar Pradesh,Lucknow,For New VTC,226017,M,10,1,0,0,0
Union Bank,Vakrangee Softwares Limited,Uttar Pradesh,Lucknow,For New VTC,226020,F,36,1,0,0,1
Union Bank,Vakrangee Softwares Limited,Uttar Pradesh,Lucknow,Lucknow,226001,F,22,1,0,0,1
Union Bank,Vakrangee Softwares Limited,Uttar Pradesh,Mathura,Mathura,281004,M,17,1,0,0,0
