Registrar,Enrolment Agency,Aadhaar generated,Enrolment Rejected
Allahabad Bank,IL&FS LTD,34,0
Allahabad Bank,Tera Software Ltd,327,2
Allahabad Bank,Vakrangee Softwares Limited,16983,768
Bank Of India,A3 Logics  India  Ltd,7215,1369
Bank Of India,Akanksha International,220,4
Bank Of India,CHESSY CONSULTANTS PVT LTD,239,7
Bank Of India,DATASOFT COMPUTER SERVICES(P),1470,47
Bank Of India,Emdee Digitronics Pvt.Ltd.,271,0
Bank Of India,Frontech Systems Pvt Ltd,3794,294
Bank Of India,ITI LIMITED,2316,36
Bank Of India,Integra Micro Systems Pvt.ltd,11,0
Bank Of India,MANTRA SOFTTECH (INDIA) PVTLTD,2935,80
Bank Of India,Matrix Processing House,3659,142
Bank Of India,OPTIMIX CONSULTANCY PRIVATE LT,19,0
Bank Of India,OSWAL COMPUTERS & CONSULTANTS,12946,559
Bank Of India,PROTEX COMPUTER PVT LTD,1665,4
Bank Of India,SARADA SYSTEMS,9607,62
Bank Of India,SHRIKRISHNA KHANDASARI SUGAR M,2859,58
Bank Of India,SPANCO,4222,52
Bank Of India,SREI INFRASTRUCTURE FINANCES L,386,6
Bank Of India,Silver Touch Technologies Ltd,2500,378
Bank Of India,Systematic & Advance Const P L,5967,271
Bank Of India,VEETECHNOLOGIES PVT. LTD,488,3
Bank Of India,Vakrangee Softwares Limited,29673,3358
Bank of Baroda,DATASOFT COMPUTER SERVICES(P),136,0
Bank of Baroda,IL&FS LTD,233,0
Bank of Baroda,TEAM LIFE CARE COMPANY INDIA P,234,1
Bank of Maharashtra,Alankit Assignments Limited,47,0
Bank of Maharashtra,Bartronics India Limited,1,0
Canara Bank,ITI LIMITED,1,0
Canara Bank,Rosmerta technoliges Limited,247,0
Canara Bank,Smart Chip Limited,18,0
Canara Bank,Swiss Tech India Pvt Ltd,33,0
Central Bank of India,CALANCE SOFTWARE PRIVATE LTD,8383,363
Central Bank of India,Frontech Systems Pvt Ltd,45,0
Central Bank of India,GSS Infotech Ltd,60,0
Central Bank of India,IAP COMPANY Pvt. Ltd,13077,609
Central Bank of India,IL&FS LTD,297,0
Central Bank of India,MANTRA SOFTTECH (INDIA) PVTLTD,998,7
Central Bank of India,SREI INFRASTRUCTURE FINANCES L,301,0
Central Bank of India,Smart ID,2,0
Central Bank of India,Tera Software Ltd,4,0
Central Bank of India,The Peerless General Finance,690,5
Civil Supplies - A&N Islands,India Computer Technology,50,0
DENA BANK,ATISHAY INFOTECH PVT. LTD.,148,1
DENA BANK,DATASOFT COMPUTER SERVICES(P),821,14
Delhi - Central DC,Smart Chip Limited,487,19
Delhi - East DC,DATASOFT COMPUTER SERVICES(P),184,0
Delhi - East DC,IAP COMPANY Pvt. Ltd,2,0
Delhi - East DC,Tera Software Ltd,231,1
Delhi - ND DC,Smart Chip Limited,77,0
Delhi - NE DC,Alankit Assignments Limited,759,0
Delhi - NE DC,Smart Chip Limited,13,4
Delhi - NE DC,Smart ID,26,0
Delhi - North DC,DATASOFT COMPUTER SERVICES(P),74,0
Delhi - North DC,Smart Chip Limited,453,0
Delhi SW DC,STRATEGIC OUTSOURCING SERVICE,377,1
Delhi SW DC,VIRGO SOFTECH LIMITED,188,5
Delhi Urban Shelter Improvemen,Alankit Assignments Limited,38,0
Delhi Urban Shelter Improvemen,Matrix Processing House,4,0
Delhi Urban Shelter Improvemen,STRATEGIC OUTSOURCING SERVICE,126,0
Delhi Urban Shelter Improvemen,Smart Chip Limited,29,0
Delhi Urban Shelter Improvemen,Tera Software Ltd,291,1
Delhi- South DC,Karvy Computershare Private Li,1478,148
Delhi- South DC,Tera Software Ltd,185,0
Delhi- South DC,eCentric solutions pvt ltd,111,0
Delhi- West DC,Matrix Processing House,89,0
Delhi- West DC,VIRGO SOFTECH LIMITED,554,5
Delhi-NW DC,Karvy Computershare Private Li,1671,221
Delhi-NW DC,STRATEGIC OUTSOURCING SERVICE,253,0
Dept of ITC Govt of Rajasthan,ATISHAY INFOTECH PVT. LTD.,6919,572
Dept of ITC Govt of Rajasthan,AVVAS INFOTECH PVT  LTD,7,1
Dept of ITC Govt of Rajasthan,Alankit Finsec Ltd,2238,23
Dept of ITC Govt of Rajasthan,DATASOFT COMPUTER SERVICES(P),6077,318
Dept of ITC Govt of Rajasthan,GSS Infotech Ltd,14,0
Dept of ITC Govt of Rajasthan,TechSmart India Pvt Ltd,141,0
Dept of ITC Govt of Rajasthan,Transline Technologies P Ltd,2140,19
Dept of ITC Govt of Rajasthan,Vakrangee Softwares Limited,29095,1959
Dept of ITC Govt of Rajasthan,Vayam technologies Ltd,893,26
FCR Govt of Haryana,Vakrangee Softwares Limited,5890,393
FCS Govt of Punjab,Alankit Assignments Limited,724,0
FCS Govt of Punjab,Alankit Finsec Ltd,521,0
FCS Govt of Punjab,Alankit Life Care Ltd,203,0
FCS Govt of Punjab,CSS TECHNERGY LIMITED,4856,110
FCS Govt of Punjab,Delhi Integrated MMTS Ltd,366,0
FCS Govt of Punjab,Diwakar Commercials Pvt Ltd,616,0
FCS Govt of Punjab,Karvy Computershare Private Li,15902,2552
FCS Govt of Punjab,VIRGO SOFTECH LIMITED,478,0
FCS Govt of Punjab,VISESH INFOTECNICS LIMITED,89,0
FCS Govt of Punjab,Vayam technologies Ltd,13616,180
FCS Govt of Punjab,eCentric solutions pvt ltd,11743,355
Govt of Andhra Pradesh,Gouthami Educational Society,9443,1954
Govt of Andhra Pradesh,GrapeSoft,1132,30
Govt of Andhra Pradesh,IL&FS LTD,1067,3
Govt of Andhra Pradesh,INFRONICS SYSTEMS LTD,10726,1224
Govt of Andhra Pradesh,Madras Security Printers Ltd,2339,590
Govt of Andhra Pradesh,Mahaonline Limited,1,0
Govt of Andhra Pradesh,SREEVEN INFOCOM LIMITED,6338,298
Govt of Andhra Pradesh,Smart Chip Limited,571,2
Govt of Andhra Pradesh,TechSmart India Pvt Ltd,2498,0
Govt of Andhra Pradesh,Tera Software Ltd,3465,73
Govt of Andhra Pradesh,eCentric solutions pvt ltd,1660,320
Govt of Goa,COMAT TECHNOLOGIES P LTD,23,1
Govt of Goa,MARS Telecom Systems Pvt Ltd,875,32
Govt of Goa,Tera Software Ltd,36,5
Govt of Gujarat,GSS Infotech Ltd,7862,176
Govt of Gujarat,Karvy Computershare Private Li,11367,81
Govt of Gujarat,Silver Touch Technologies Ltd,1368,109
Govt of Gujarat,Tera Software Ltd,5283,46
Govt of Gujarat,Transline Technologies P Ltd,312,8
Govt of Gujarat,Vayam technologies Ltd,1048,33
Govt of Gujarat,eCentric solutions pvt ltd,10526,174
Govt of Himachal Pradesh,IL&FS LTD,456,0
Govt of Himachal Pradesh,Wipro Ltd,2129,69
Govt of Himachal Pradesh,i-Grandee SoftwareTechnologies,3355,38
Govt of Karnataka ,COMAT TECHNOLOGIES P LTD,662,6
Govt of Karnataka ,GLODYNE TECHNOSERVE,1268,1
Govt of Karnataka ,Integra Micro Systems Pvt.ltd,707,0
Govt of Karnataka ,MARS Telecom Systems Pvt Ltd,307,9
Govt of Karnataka ,Ninestars Information Technologies Limited,1365,28
Govt of Karnataka ,Origin ITFS Pvt Ltd,383,1
Govt of Karnataka ,SREEVEN INFOCOM LIMITED,73,1
Govt of Karnataka ,Tera Software Ltd,819,0
Govt of Karnataka ,Wipro Ltd,562,0
Govt of Kerala,Akshaya,41592,185
Govt of Kerala,Keltron,4095,16
Govt of Madhya Pradesh,VIRGO SOFTECH LIMITED,4838,13
Govt of Maharashtra,Alankit Assignments Limited,472,0
Govt of Maharashtra,Alankit Finsec Ltd,2362,670
Govt of Maharashtra,COMAT TECHNOLOGIES P LTD,126,0
Govt of Maharashtra,Eagle press pvt ltd,1209,115
Govt of Maharashtra,GLODYNE TECHNOSERVE,1941,182
Govt of Maharashtra,GSS Infotech Ltd,269,0
Govt of Maharashtra,Karvy Computershare Private Li,8354,397
Govt of Maharashtra,Mahaonline Limited,1452,0
Govt of Maharashtra,SPANCO,61,0
Govt of Maharashtra,STRATEGIC OUTSOURCING SERVICE,3293,47
Govt of Maharashtra,Silver Touch Technologies Ltd,2434,26
Govt of Maharashtra,Smart Chip Limited,248,0
Govt of Maharashtra,TEAM LIFE CARE COMPANY INDIA P,435,2
Govt of Maharashtra,TechSmart India Pvt Ltd,1065,63
Govt of Maharashtra,Tera Software Ltd,2195,18
Govt of Maharashtra,Transline Technologies P Ltd,6113,147
Govt of Maharashtra,Wep Solution India Limited,485,0
Govt of Maharashtra,Wipro Ltd,8003,77
Govt of Sikkim - Dept of Econo,4G IDENTITY SOLUTIONS,103,0
Govt of Sikkim - Dept of Econo,Department of Economics Statistics  Monitoring and Evaluation DESME,20,0
IDBI Bank ltd,ATISHAY INFOTECH PVT. LTD.,1211,19
IDBI Bank ltd,Matrix Processing House,571,2
IDBI Bank ltd,Pioneer E Labs limited,118,1
IDBI Bank ltd,SREEVEN INFOCOM LIMITED,892,8
IDBI Bank ltd,UTI TECHNOLOGY SERVICES LIMITE,462,13
IGNOU,VIRGO SOFTECH LIMITED,10,0
IGNOU,Vakrangee Softwares Limited,21,0
Indian Bank,GSS Infotech Ltd,3,0
Indian Bank,i-Grandee SoftwareTechnologies,3,0
Indian Overseas Bank,Eagle Software India Pvt. Ltd,23,0
Indian Overseas Bank,Karvy Computershare Private Li,2,0
Indian Overseas Bank,Wipro Ltd,1,0
Indiapost,4G IDENTITY SOLUTIONS,470,0
Indiapost,COMAT TECHNOLOGIES P LTD,111,0
Indiapost,CSS TECHNERGY LIMITED,2,0
Indiapost,Delhi Integrated MMTS Ltd,5152,114
Indiapost,Eagle press pvt ltd,17,0
Indiapost,GLODYNE TECHNOSERVE,286,2
Indiapost,GSS Infotech Ltd,21,0
Indiapost,IL&FS LTD,527,0
Indiapost,Madras Security Printers Ltd,44,0
Indiapost,Smart Chip Limited,487,37
Indiapost,TEAM LIFE CARE COMPANY INDIA P,2540,152
Indiapost,The NSIC ltd,170,0
Indiapost,The Peerless General Finance,47,0
Indiapost,UTI TECHNOLOGY SERVICES LIMITE,169,0
Indiapost,WEBEL,55,0
Indiapost,eCentric solutions pvt ltd,118,0
Information Technology & Communication Department,4G INFORMATICS,3947,12
Information Technology & Communication Department,BNR UDYOG LIMITED,2642,6
Information Technology & Communication Department,Bloom Solutions Pvt Ltd,4769,10
Information Technology & Communication Department,CSS TECHNERGY LIMITED,156,0
Information Technology & Communication Department,GDC Advertising Pvt. Limited,2455,6
Information Technology & Communication Department,JYOTHI COMPUTER SERVICES,1075,562
Information Technology & Communication Department,MARS Telecom Systems Pvt Ltd,1763,2
Information Technology & Communication Department,SREEVEN INFOCOM LIMITED,1266,5
Jammu and Kashmir Bank,COMTECH INSTITUTE OFTECHNOLOGY,2,0
Jharkhand,Alankit Assignments Limited,1304,22
Jharkhand,Blue Circle Instrument,140,4
Jharkhand,Emdee Digitronics Pvt.Ltd.,96,0
Jharkhand,IL&FS LTD,328,0
Jharkhand,MKS Enterprises,1405,9
Jharkhand,Nevaeh Technology Pvt. Ltd.,1235,17
Jharkhand,STRATEGIC OUTSOURCING SERVICE,3779,74
Jharkhand,Smart ID,48,0
Jharkhand,Systematic & Advance Const P L,8990,135
Jharkhand,VISION COMPTECH INTEGRATOR LTD,3070,306
Jharkhand,Wipro Ltd,6746,656
Life Insurance Corporation,ATISHAY INFOTECH PVT. LTD.,31,0
Life Insurance Corporation,COMAT TECHNOLOGIES P LTD,3,0
Life Insurance Corporation,DATASOFT COMPUTER SERVICES(P),27,0
Life Insurance Corporation,Emdee Digitronics Pvt.Ltd.,1,0
Life Insurance Corporation,LOHIA JUTE PRESS PVT LTD,1,0
Life Insurance Corporation,LYRA  CONSULTANCY SERVICE,2,0
Life Insurance Corporation,MICROVIEWS INFOSYSTEMS PVT LTD,5,0
Life Insurance Corporation,PROTEX COMPUTER PVT LTD,4,0
Life Insurance Corporation,Smart ID,24,0
Life Insurance Corporation,eCentric solutions pvt ltd,32,0
Mission Convergence - GNCT Del,Alankit Assignments Limited,161,0
Mission Convergence - GNCT Del,IL&FS LTD,77,0
Mission Convergence - GNCT Del,Karvy Computershare Private Li,1739,221
Mission Convergence - GNCT Del,Matrix Processing House,13,0
Mission Convergence - GNCT Del,STRATEGIC OUTSOURCING SERVICE,596,0
Mission Convergence - GNCT Del,Smart Chip Limited,80,0
Mission Convergence - GNCT Del,Tera Software Ltd,52,0
Mission Convergence - GNCT Del,eCentric solutions pvt ltd,18,0
N S D L,Abhipra Capital Ltd,1934,49
N S D L,Alankit Assignments Limited,1918,3
N S D L,INTEGRATED REGISTRY SERVICES,4,0
N S D L,Karvy Data Management Services,10251,548
N S D L,PROWIZ MANSYTEMS PVT LTD,5251,411
N S D L,RELIGARE SECURITIES LTD,1,0
N S D L,TEAM LIFE CARE COMPANY INDIA P,82,1
N S D L,VIRGO SOFTECH LIMITED,410,0
Oriental Bank of Commerce,DATASOFT COMPUTER SERVICES(P),1282,16
Oriental Bank of Commerce,FINANCIAL INFORMATION NETWORK,333,12
Oriental Bank of Commerce,IL&FS LTD,118,0
Oriental Bank of Commerce,Sri Ramraja Sarkar Lok Kalyan Trust,32,1
Oriental Bank of Commerce,The NSIC ltd,14,0
Oriental Bank of Commerce,Wipro Ltd,1696,14
Others,eCentric solutions pvt ltd,1,0
Punjab and Sind Bank,Matrix Processing House,14,0
RDD Govt of Tripura,Alankit Assignments Limited,1099,0
RDD Govt of Tripura,Madras Security Printers Ltd,1,0
Registrar General India - BEL,In Media Computer Services LLP,730,1
Registrar General India - BEL,Manipur Electronics Dev Corp,117,0
Registrar General India - BEL,Swathy Smartcards Hi-Tech Pvt,101,269
Registrar General India BEL2,Computer LAB,22138,3574
Registrar General India BEL2,India Computer Technology,6871,10877
Registrar General India BEL2,Madras Security Printers Ltd,18019,64148
Registrar General India BEL2,Multiwave Innovation,696,4406
Registrar General India BEL2,Om Softwares,2822,1
Registrar General India BEL2,SREEVEN INFOCOM LIMITED,34,6
Registrar General India BEL2,Swathy Smartcards Hi-Tech Pvt,28657,79563
Registrar General India BEL2,Swiss Tech India Pvt Ltd,0,139
Registrar General India BEL2,Tera Software Ltd,13433,113815
Registrar General India BEL2,VIRGO SOFTECH LIMITED,42,0
Registrar General India BEL2,Vansh Infotech Pvt Ltd,20,0
Registrar General India ECIL,Clairvoyance Technologies Pvt.,42,0
Registrar General India ECIL,Computer LAB,36613,73800
Registrar General India ECIL,Eagle Software India Pvt. Ltd,5280,29894
Registrar General India ECIL,In Media Computer Services LLP,95305,2267
Registrar General India ECIL,India Computer Technology,12492,49750
Registrar General India ECIL,Krishna Infotech,8093,101071
Registrar General India ECIL,Madras Security Printers Ltd,2310,29750
Registrar General India ECIL,Pioneer E Labs limited,622,35
Registrar General India ECIL,SWISSTECH NPR 57CR PROJECT PVT,5366,60628
Registrar General India ECIL,Tera Software Ltd,10,9
Registrar General India ECIL,Vedavaag Systems Limited,4838,46291
Registrar General India Others,Computer LAB,20,2
Registrar General India Others,Eagle Software India Pvt. Ltd,6,26
Registrar General India Others,Emdee Digitronics Pvt.Ltd.,12,0
Registrar General India Others,Krishna Infotech,3,0
Registrar General India Others,Madras Security Printers Ltd,149,29
Registrar General India Others,SWISSTECH NPR 57CR PROJECT PVT,2,2
Registrar General India Others,Swathy Smartcards Hi-Tech Pvt,148,189
Registrar General India Others,TechSmart India Pvt Ltd,1,1
Registrar General India Others,WEBEL TECHNOLOGY LIMITED,11,0
Registrar General of India ITI,Emdee Digitronics Pvt.Ltd.,44897,37551
Registrar General of India ITI,Madras Security Printers Ltd,0,15
Registrar General of India ITI,Multiwave Innovation,2340,86
Registrar General of India ITI,SREEVEN INFOCOM LIMITED,93,954
Registrar General of India ITI,STRATEGIC OUTSOURCING SERVICE,437,0
Registrar General of India ITI,Swathy Smartcards Hi-Tech Pvt,22774,45828
Registrar General of India ITI,TechSmart India Pvt Ltd,1088,8631
Registrar General of India ITI,WEBEL TECHNOLOGY LIMITED,20515,8306
STATE BANK OF HYDERABAD,CSS TECHNERGY LIMITED,204,0
STATE BANK OF HYDERABAD,Smart Chip Limited,1,0
STATE BANK OF PATIALA,CSS TECHNERGY LIMITED,176,0
State Bank of Bikaner & Jaipur,Multiwave Innovation,17304,320
State Bank of India,4G IDENTITY SOLUTIONS,3983,0
State Bank of India,COMAT TECHNOLOGIES P LTD,130,0
State Bank of India,CSS TECHNERGY LIMITED,3306,0
State Bank of India,Delhi Integrated MMTS Ltd,130,0
State Bank of India,Eagle press pvt ltd,167,0
State Bank of India,IL&FS LTD,388,0
State Bank of India,Smart Chip Limited,4109,1
State Bank of India,VIRGO SOFTECH LIMITED,189,1
State Bank of Travancore,Tera Software Ltd,184,25
Syndicate Bank,Smart Chip Limited,65,0
UDD Govt of Jharkhand,Blue Circle Instrument,767,11
UDD Govt of Jharkhand,IL&FS LTD,262,0
UDD Govt of Jharkhand,MKS Enterprises,5276,171
UDD Govt of Jharkhand,Smart ID,120,0
UDD Govt of Jharkhand,Systematic & Advance Const P L,81,43
UIDAI-Registrar,UIDAI-EA,8,1
UT Of Daman and Diu,Alankit Assignments Limited,387,2
UT of Puducherry,Madras Security Printers Ltd,813,1
Union Bank,4G IDENTITY SOLUTIONS,133,1
Union Bank,Smart Chip Limited,24645,338
Union Bank,Vakrangee Softwares Limited,18677,987
United Bank of India,Atyati Technologies Pvt Ltd,1,0
