Registrar,Enrolment Agency,Aadhaar generated,Enrolment Rejected
Allahabad Bank,Tera Software Ltd,14,58
Allahabad Bank,Vakrangee Softwares Limited,8873,169
Bank Of India,A3 Logics  India  Ltd,5143,527
Bank Of India,Akanksha International,6,2
Bank Of India,CHESSY CONSULTANTS PVT LTD,2339,41
Bank Of India,DATASOFT COMPUTER SERVICES(P),44,81
Bank Of India,Frontech Systems Pvt Ltd,1923,296
Bank Of India,ITI LIMITED,1242,226
Bank Of India,MANTRA SOFTTECH (INDIA) PVTLTD,7408,170
Bank Of India,Matrix Processing House,882,31
Bank Of India,OPTIMIX CONSULTANCY PRIVATE LT,0,5
Bank Of India,OSWAL COMPUTERS & CONSULTANTS,4932,1180
Bank Of India,PROTEX COMPUTER PVT LTD,797,70
Bank Of India,SARADA SYSTEMS,225,42
Bank Of India,SHRIKRISHNA KHANDASARI SUGAR M,5216,234
Bank Of India,SPANCO,2433,223
Bank Of India,SREI INFRASTRUCTURE FINANCES L,504,16
Bank Of India,Silver Touch Technologies Ltd,7683,374
Bank Of India,Systematic & Advance Const P L,6098,1023
Bank Of India,VEETECHNOLOGIES PVT. LTD,638,52
Bank Of India,Vakrangee Softwares Limited,13290,2159
Central Bank of India,CALANCE SOFTWARE PRIVATE LTD,4427,585
Central Bank of India,IAP COMPANY Pvt. Ltd,3594,388
Central Bank of India,MANTRA SOFTTECH (INDIA) PVTLTD,82,8
Central Bank of India,The Peerless General Finance,402,20
DENA BANK,ATISHAY INFOTECH PVT. LTD.,208,1
DENA BANK,DATASOFT COMPUTER SERVICES(P),267,0
Delhi - Central DC,Smart Chip Limited,366,78
Delhi - East DC,DATASOFT COMPUTER SERVICES(P),239,29
Delhi - ND DC,Smart Chip Limited,139,13
Delhi - NE DC,Alankit Assignments Limited,0,2
Delhi - NE DC,Smart Chip Limited,208,0
Delhi - NE DC,Smart ID,0,15
Delhi - North DC,DATASOFT COMPUTER SERVICES(P),9,32
Delhi - North DC,Smart Chip Limited,70,35
Delhi SW DC,STRATEGIC OUTSOURCING SERVICE,0,6
Delhi SW DC,VIRGO SOFTECH LIMITED,1311,172
Delhi Urban Shelter Improvemen,Smart Chip Limited,0,1
Delhi- South DC,Karvy Computershare Private Li,59,23
Delhi- South DC,Tera Software Ltd,3,0
Delhi- West DC,Matrix Processing House,0,2
Delhi- West DC,Smart Chip Limited,39,4
Delhi- West DC,VIRGO SOFTECH LIMITED,5,18
Delhi-NW DC,Karvy Computershare Private Li,9,15
Delhi-NW DC,STRATEGIC OUTSOURCING SERVICE,0,3
Dept of ITC Govt of Rajasthan,ATISHAY INFOTECH PVT. LTD.,3742,357
Dept of ITC Govt of Rajasthan,AVVAS INFOTECH PVT  LTD,12,0
Dept of ITC Govt of Rajasthan,Alankit Finsec Ltd,984,84
Dept of ITC Govt of Rajasthan,DATASOFT COMPUTER SERVICES(P),2685,429
Dept of ITC Govt of Rajasthan,Transline Technologies P Ltd,2494,97
Dept of ITC Govt of Rajasthan,Vakrangee Softwares Limited,4668,1077
Dept of ITC Govt of Rajasthan,Vayam technologies Ltd,446,29
FCR Govt of Haryana,Vakrangee Softwares Limited,5671,1655
FCS Govt of Punjab,Alankit Assignments Limited,0,1
FCS Govt of Punjab,CSS TECHNERGY LIMITED,2414,1630
FCS Govt of Punjab,Diwakar Commercials Pvt Ltd,1,3
FCS Govt of Punjab,Karvy Computershare Private Li,4458,361
FCS Govt of Punjab,VIRGO SOFTECH LIMITED,4,0
FCS Govt of Punjab,Vayam technologies Ltd,3086,174
FCS Govt of Punjab,eCentric solutions pvt ltd,4628,547
Govt of Andhra Pradesh,Gouthami Educational Society,1414,711
Govt of Andhra Pradesh,GrapeSoft,86,40
Govt of Andhra Pradesh,IL&FS LTD,4,0
Govt of Andhra Pradesh,INFRONICS SYSTEMS LTD,13525,2788
Govt of Andhra Pradesh,Madras Security Printers Ltd,18,59
Govt of Andhra Pradesh,SREEVEN INFOCOM LIMITED,5184,88
Govt of Andhra Pradesh,TechSmart India Pvt Ltd,3,12
Govt of Andhra Pradesh,Tera Software Ltd,3070,744
Govt of Andhra Pradesh,eCentric solutions pvt ltd,2,15
Govt of Goa,COMAT TECHNOLOGIES P LTD,0,118
Govt of Goa,MARS Telecom Systems Pvt Ltd,14,621
Govt of Goa,Tera Software Ltd,0,66
Govt of Gujarat,GSS Infotech Ltd,3483,215
Govt of Gujarat,Karvy Computershare Private Li,5773,197
Govt of Gujarat,Silver Touch Technologies Ltd,4702,321
Govt of Gujarat,Tera Software Ltd,196,166
Govt of Gujarat,Transline Technologies P Ltd,1,52
Govt of Gujarat,Vayam technologies Ltd,6444,262
Govt of Gujarat,eCentric solutions pvt ltd,984,115
Govt of Himachal Pradesh,IL&FS LTD,0,1
Govt of Himachal Pradesh,Wipro Ltd,2302,152
Govt of Himachal Pradesh,i-Grandee SoftwareTechnologies,2511,175
Govt of Karnataka ,COMAT TECHNOLOGIES P LTD,0,9
Govt of Karnataka ,GLODYNE TECHNOSERVE,4,4
Govt of Karnataka ,Integra Micro Systems Pvt.ltd,0,1
Govt of Karnataka ,MARS Telecom Systems Pvt Ltd,893,5
Govt of Karnataka ,Ninestars Information Technologies Limited,2265,29
Govt of Karnataka ,Origin ITFS Pvt Ltd,504,11
Govt of Karnataka ,SREEVEN INFOCOM LIMITED,1283,7
Govt of Kerala,Akshaya,33497,1869
Govt of Kerala,Keltron,1637,1370
Govt of Madhya Pradesh,VIRGO SOFTECH LIMITED,10,327
Govt of Maharashtra,Alankit Finsec Ltd,8241,648
Govt of Maharashtra,Eagle press pvt ltd,330,32
Govt of Maharashtra,GLODYNE TECHNOSERVE,7271,110
Govt of Maharashtra,Karvy Computershare Private Li,63872,690
Govt of Maharashtra,Netlink software Pvt Ltd,250,1
Govt of Maharashtra,STRATEGIC OUTSOURCING SERVICE,4033,674
Govt of Maharashtra,Silver Touch Technologies Ltd,2650,107
Govt of Maharashtra,TechSmart India Pvt Ltd,2259,208
Govt of Maharashtra,Tera Software Ltd,62,64
Govt of Maharashtra,Transline Technologies P Ltd,3986,350
Govt of Maharashtra,Wipro Ltd,10239,657
Govt of Sikkim - Dept of Econo,4G IDENTITY SOLUTIONS,0,6
Govt of Sikkim - Dept of Econo,Department of Economics Statistics  Monitoring and Evaluation DESME,132,1
IDBI Bank ltd,ATISHAY INFOTECH PVT. LTD.,62,17
IDBI Bank ltd,Matrix Processing House,141,1
IDBI Bank ltd,Pioneer E Labs limited,8,4
IDBI Bank ltd,SREEVEN INFOCOM LIMITED,1822,47
IDBI Bank ltd,UTI TECHNOLOGY SERVICES LIMITE,162,24
Indiapost,Delhi Integrated MMTS Ltd,2603,235
Indiapost,GLODYNE TECHNOSERVE,26,33
Indiapost,GSS Infotech Ltd,4,0
Indiapost,IL&FS LTD,0,1
Indiapost,Smart Chip Limited,26,1
Indiapost,TEAM LIFE CARE COMPANY INDIA P,3528,186
Information Technology & Communication Department,4G INFORMATICS,808,10
Information Technology & Communication Department,BNR UDYOG LIMITED,284,3
Information Technology & Communication Department,Bloom Solutions Pvt Ltd,1518,23
Information Technology & Communication Department,CSS TECHNERGY LIMITED,31,0
Information Technology & Communication Department,GDC Advertising Pvt. Limited,207,5
Information Technology & Communication Department,JYOTHI COMPUTER SERVICES,432,5
Information Technology & Communication Department,MARS Telecom Systems Pvt Ltd,17,0
Information Technology & Communication Department,SREEVEN INFOCOM LIMITED,448,7
Information Technology & Communication Department,Tera Software Ltd,17,0
Jharkhand,Alankit Assignments Limited,1256,90
Jharkhand,Blue Circle Instrument,318,15
Jharkhand,Emdee Digitronics Pvt.Ltd.,716,14
Jharkhand,IL&FS LTD,17,0
Jharkhand,MKS Enterprises,1498,23
Jharkhand,Nevaeh Technology Pvt. Ltd.,329,87
Jharkhand,STRATEGIC OUTSOURCING SERVICE,4732,171
Jharkhand,Systematic & Advance Const P L,1936,133
Jharkhand,VISION COMPTECH INTEGRATOR LTD,1405,200
Jharkhand,Wipro Ltd,16483,1913
Mission Convergence - GNCT Del,Karvy Computershare Private Li,5,78
Mission Convergence - GNCT Del,STRATEGIC OUTSOURCING SERVICE,0,2
Mission Convergence - GNCT Del,Smart Chip Limited,0,13
NSDL e-Governance Infrastructure Limited,Abhipra Capital Ltd,2935,128
NSDL e-Governance Infrastructure Limited,Alankit Assignments Limited,2749,13
NSDL e-Governance Infrastructure Limited,Karvy Data Management Services,19615,544
NSDL e-Governance Infrastructure Limited,PROWIZ MANSYTEMS PVT LTD,7033,198
NSDL e-Governance Infrastructure Limited,TEAM LIFE CARE COMPANY INDIA P,384,3
NSDL e-Governance Infrastructure Limited,VIRGO SOFTECH LIMITED,33,2
Oriental Bank of Commerce,DATASOFT COMPUTER SERVICES(P),290,94
Oriental Bank of Commerce,FINANCIAL INFORMATION NETWORK,2987,41
Oriental Bank of Commerce,Sri Ramraja Sarkar Lok Kalyan Trust,483,4
Oriental Bank of Commerce,Wipro Ltd,2867,44
RDD Govt of Tripura,Alankit Assignments Limited,0,2
Registrar General India - BEL,In Media Computer Services LLP,9849,28
Registrar General India - BEL,Manipur Electronics Dev Corp,3281,9
Registrar General India - BEL,Swathy Smartcards Hi-Tech Pvt,356,39
Registrar General India BEL2,Computer LAB,872,36
Registrar General India BEL2,India Computer Technology,5174,234
Registrar General India BEL2,Madras Security Printers Ltd,8281,541
Registrar General India BEL2,Multiwave Innovation,9,4806
Registrar General India BEL2,Om Softwares,34,473
Registrar General India BEL2,SREEVEN INFOCOM LIMITED,2,116
Registrar General India BEL2,Swathy Smartcards Hi-Tech Pvt,124454,61568
Registrar General India BEL2,Swiss Tech India Pvt Ltd,253,16
Registrar General India BEL2,Tera Software Ltd,5012,95663
Registrar General India BEL2,VIRGO SOFTECH LIMITED,16,4
Registrar General India BEL2,Vansh Infotech Pvt Ltd,1,0
Registrar General India ECIL,Clairvoyance Technologies Pvt.,1,0
Registrar General India ECIL,Computer LAB,198349,8753
Registrar General India ECIL,Eagle Software India Pvt. Ltd,37908,2838
Registrar General India ECIL,In Media Computer Services LLP,595,440
Registrar General India ECIL,India Computer Technology,54471,265
Registrar General India ECIL,Krishna Infotech,717,7501
Registrar General India ECIL,Madras Security Printers Ltd,46256,559
Registrar General India ECIL,Pioneer E Labs limited,55,292
Registrar General India ECIL,SWISSTECH NPR 57CR PROJECT PVT,3229,11410
Registrar General India ECIL,Tera Software Ltd,14546,14
Registrar General India ECIL,Vedavaag Systems Limited,2573,6736
Registrar General India Others,AVVAS INFOTECH PVT  LTD,26,0
Registrar General India Others,Computer LAB,8,1
Registrar General India Others,Emdee Digitronics Pvt.Ltd.,0,33
Registrar General India Others,Krishna Infotech,0,2
Registrar General India Others,Madras Security Printers Ltd,27,5
Registrar General India Others,SWISSTECH NPR 57CR PROJECT PVT,0,1
Registrar General India Others,Swathy Smartcards Hi-Tech Pvt,196,151
Registrar General India Others,TechSmart India Pvt Ltd,0,1
Registrar General India Others,Vedavaag Systems Limited,0,1
Registrar General India Others,WEBEL TECHNOLOGY LIMITED,0,2
Registrar General of India ITI,Emdee Digitronics Pvt.Ltd.,172702,13968
Registrar General of India ITI,Madras Security Printers Ltd,87,43
Registrar General of India ITI,Multiwave Innovation,153,2770
Registrar General of India ITI,SREEVEN INFOCOM LIMITED,8,52
Registrar General of India ITI,STRATEGIC OUTSOURCING SERVICE,25,1
Registrar General of India ITI,Swathy Smartcards Hi-Tech Pvt,7782,53087
Registrar General of India ITI,TechSmart India Pvt Ltd,1141,9270
Registrar General of India ITI,WEBEL TECHNOLOGY LIMITED,112,281
STATE BANK OF PATIALA,CSS TECHNERGY LIMITED,20,2
State Bank of Bikaner & Jaipur,Multiwave Innovation,3492,494
State Bank of India,4G IDENTITY SOLUTIONS,0,3
State Bank of India,CSS TECHNERGY LIMITED,37,0
State Bank of India,Delhi Integrated MMTS Ltd,0,6
State Bank of India,VIRGO SOFTECH LIMITED,0,1
State Bank of Travancore,Tera Software Ltd,20,206
UDD Govt of Jharkhand,Blue Circle Instrument,889,108
UDD Govt of Jharkhand,MKS Enterprises,3447,318
UDD Govt of Jharkhand,Systematic & Advance Const P L,2152,113
UDD Govt of Jharkhand,Vayam technologies Ltd,202,1
UIDAI-Registrar,UIDAI-EA,11,0
UT Of Daman and Diu,Alankit Assignments Limited,17,43
UT of Puducherry,Madras Security Printers Ltd,208,1
Union Bank,FINANCIAL INFORMATION NETWORK,6,0
Union Bank,Smart Chip Limited,16511,1015
Union Bank,Vakrangee Softwares Limited,6542,628
