Registrar,Enrolment Agency,Aadhaar generated,Enrolment Rejected
Allahabad Bank,Tera Software Ltd,4,17
Allahabad Bank,Vakrangee Softwares Limited,34594,516
Bank Of India,A3 Logics  India  Ltd,10042,278
Bank Of India,Akanksha International,589,2
Bank Of India,CHESSY CONSULTANTS PVT LTD,3052,19
Bank Of India,DATASOFT COMPUTER SERVICES(P),118,11
Bank Of India,Emdee Digitronics Pvt.Ltd.,74,0
Bank Of India,Frontech Systems Pvt Ltd,3093,65
Bank Of India,ITI LIMITED,1049,429
Bank Of India,MANTRA SOFTTECH (INDIA) PVTLTD,3489,114
Bank Of India,Matrix Processing House,6054,100
Bank Of India,OPTIMIX CONSULTANCY PRIVATE LT,0,2
Bank Of India,OSWAL COMPUTERS & CONSULTANTS,10729,254
Bank Of India,PROTEX COMPUTER PVT LTD,1294,7
Bank Of India,SARADA SYSTEMS,1808,10
Bank Of India,SHRIKRISHNA KHANDASARI SUGAR M,2227,63
Bank Of India,SPANCO,6368,67
Bank Of India,SREI INFRASTRUCTURE FINANCES L,1400,8
Bank Of India,Silver Touch Technologies Ltd,3999,90
Bank Of India,Systematic & Advance Const P L,5429,140
Bank Of India,VEETECHNOLOGIES PVT. LTD,2474,12
Bank Of India,Vakrangee Softwares Limited,10142,473
Bank of Baroda,IL&FS LTD,0,1
Bank of Baroda,TEAM LIFE CARE COMPANY INDIA P,79,0
Central Bank of India,CALANCE SOFTWARE PRIVATE LTD,25526,206
Central Bank of India,IAP COMPANY Pvt. Ltd,11617,171
Central Bank of India,MANTRA SOFTTECH (INDIA) PVTLTD,722,35
Central Bank of India,The Peerless General Finance,276,4
DENA BANK,ATISHAY INFOTECH PVT. LTD.,139,1
DENA BANK,DATASOFT COMPUTER SERVICES(P),1048,27
Delhi - Central DC,Smart Chip Limited,49,6
Delhi - East DC,DATASOFT COMPUTER SERVICES(P),1163,46
Delhi - ND DC,Smart Chip Limited,0,1
Delhi - NE DC,Smart Chip Limited,14,2
Delhi - North DC,DATASOFT COMPUTER SERVICES(P),1,1
Delhi - North DC,Smart Chip Limited,6,2
Delhi SW DC,VIRGO SOFTECH LIMITED,210,6
Delhi- South DC,Karvy Computershare Private Li,10,1
Delhi- South DC,Smart Chip Limited,14,0
Delhi- West DC,Smart Chip Limited,2,1
Delhi- West DC,VIRGO SOFTECH LIMITED,114,2
Delhi-NW DC,Karvy Computershare Private Li,1,7
Dept of ITC Govt of Rajasthan,ATISHAY INFOTECH PVT. LTD.,14326,139
Dept of ITC Govt of Rajasthan,AVVAS INFOTECH PVT  LTD,155,0
Dept of ITC Govt of Rajasthan,Alankit Finsec Ltd,6425,44
Dept of ITC Govt of Rajasthan,DATASOFT COMPUTER SERVICES(P),4329,128
Dept of ITC Govt of Rajasthan,Transline Technologies P Ltd,7741,114
Dept of ITC Govt of Rajasthan,Vakrangee Softwares Limited,25953,2109
Dept of ITC Govt of Rajasthan,Vayam technologies Ltd,1029,37
FCR Govt of Haryana,Vakrangee Softwares Limited,3244,128
FCS Govt of Punjab,Alankit Finsec Ltd,1,1
FCS Govt of Punjab,CSS TECHNERGY LIMITED,6,37
FCS Govt of Punjab,Diwakar Commercials Pvt Ltd,0,1
FCS Govt of Punjab,Karvy Computershare Private Li,7928,663
FCS Govt of Punjab,Vayam technologies Ltd,4009,87
FCS Govt of Punjab,eCentric solutions pvt ltd,6236,134
Govt of Andhra Pradesh,Gouthami Educational Society,3328,141
Govt of Andhra Pradesh,GrapeSoft,1320,21
Govt of Andhra Pradesh,IL&FS LTD,3,0
Govt of Andhra Pradesh,INFRONICS SYSTEMS LTD,5868,329
Govt of Andhra Pradesh,Madras Security Printers Ltd,674,125
Govt of Andhra Pradesh,SREEVEN INFOCOM LIMITED,2295,65
Govt of Andhra Pradesh,TechSmart India Pvt Ltd,6,18
Govt of Andhra Pradesh,Tera Software Ltd,883,70
Govt of Andhra Pradesh,eCentric solutions pvt ltd,22,1
Govt of Goa,COMAT TECHNOLOGIES P LTD,1,3
Govt of Goa,MARS Telecom Systems Pvt Ltd,2423,22
Govt of Goa,Tera Software Ltd,0,2
Govt of Gujarat,GSS Infotech Ltd,2285,212
Govt of Gujarat,Karvy Computershare Private Li,7561,244
Govt of Gujarat,Silver Touch Technologies Ltd,10656,418
Govt of Gujarat,Tera Software Ltd,2380,147
Govt of Gujarat,Transline Technologies P Ltd,366,17
Govt of Gujarat,Vayam technologies Ltd,9724,137
Govt of Gujarat,eCentric solutions pvt ltd,937,87
Govt of Himachal Pradesh,IL&FS LTD,0,7
Govt of Himachal Pradesh,Wipro Ltd,4950,156
Govt of Himachal Pradesh,i-Grandee SoftwareTechnologies,3569,46
Govt of Karnataka ,COMAT TECHNOLOGIES P LTD,1,1
Govt of Karnataka ,GLODYNE TECHNOSERVE,0,1
Govt of Karnataka ,MARS Telecom Systems Pvt Ltd,1530,45
Govt of Karnataka ,Ninestars Information Technologies Limited,2741,83
Govt of Karnataka ,Origin ITFS Pvt Ltd,4624,89
Govt of Karnataka ,SREEVEN INFOCOM LIMITED,1765,30
Govt of Karnataka ,Wipro Ltd,0,1
Govt of Kerala,Akshaya,22206,369
Govt of Kerala,Keltron,1592,117
Govt of Madhya Pradesh,VIRGO SOFTECH LIMITED,9,46
Govt of Maharashtra,Alankit Assignments Limited,1,0
Govt of Maharashtra,Alankit Finsec Ltd,13516,145
Govt of Maharashtra,Eagle press pvt ltd,676,11
Govt of Maharashtra,GLODYNE TECHNOSERVE,9,19
Govt of Maharashtra,Karvy Computershare Private Li,8058,342
Govt of Maharashtra,Netlink software Pvt Ltd,2624,23
Govt of Maharashtra,Network for Information & Computer,821,0
Govt of Maharashtra,STRATEGIC OUTSOURCING SERVICE,6683,252
Govt of Maharashtra,Silver Touch Technologies Ltd,3035,92
Govt of Maharashtra,TechSmart India Pvt Ltd,1439,183
Govt of Maharashtra,Tera Software Ltd,25,13
Govt of Maharashtra,Transline Technologies P Ltd,7815,97
Govt of Maharashtra,Wipro Ltd,13821,255
Govt of Sikkim - Dept of Econo,Department of Economics Statistics  Monitoring and Evaluation DESME,90,0
IDBI Bank ltd,ATISHAY INFOTECH PVT. LTD.,5337,19
IDBI Bank ltd,Matrix Processing House,24,0
IDBI Bank ltd,Pioneer E Labs limited,1,2
IDBI Bank ltd,SREEVEN INFOCOM LIMITED,647,6
IDBI Bank ltd,UTI TECHNOLOGY SERVICES LIMITE,393,4
Indiapost,Delhi Integrated MMTS Ltd,10631,161
Indiapost,GLODYNE TECHNOSERVE,1,7
Indiapost,Smart Chip Limited,59,3
Indiapost,TEAM LIFE CARE COMPANY INDIA P,6110,86
Information Technology & Communication Department,4G INFORMATICS,622,18
Information Technology & Communication Department,BNR UDYOG LIMITED,2160,21
Information Technology & Communication Department,Bloom Solutions Pvt Ltd,3308,46
Information Technology & Communication Department,CSS TECHNERGY LIMITED,453,9
Information Technology & Communication Department,GDC Advertising Pvt. Limited,683,40
Information Technology & Communication Department,JYOTHI COMPUTER SERVICES,496,56
Information Technology & Communication Department,MARS Telecom Systems Pvt Ltd,2353,0
Information Technology & Communication Department,SREEVEN INFOCOM LIMITED,1281,45
Information Technology & Communication Department,Tera Software Ltd,296,2
Jharkhand,Alankit Assignments Limited,1510,47
Jharkhand,Blue Circle Instrument,470,6
Jharkhand,Emdee Digitronics Pvt.Ltd.,1223,6
Jharkhand,MKS Enterprises,898,81
Jharkhand,Nevaeh Technology Pvt. Ltd.,61,14
Jharkhand,STRATEGIC OUTSOURCING SERVICE,2260,50
Jharkhand,Systematic & Advance Const P L,129,25
Jharkhand,VISION COMPTECH INTEGRATOR LTD,2144,168
Jharkhand,Wipro Ltd,41890,2184
Mission Convergence - GNCT Del,Karvy Computershare Private Li,3,6
NSDL e-Governance Infrastructure Limited,Abhipra Capital Ltd,2696,59
NSDL e-Governance Infrastructure Limited,Alankit Assignments Limited,3161,9
NSDL e-Governance Infrastructure Limited,INTEGRATED REGISTRY SERVICES,2,0
NSDL e-Governance Infrastructure Limited,Karvy Data Management Services,10035,246
NSDL e-Governance Infrastructure Limited,PROWIZ MANSYTEMS PVT LTD,5419,171
NSDL e-Governance Infrastructure Limited,TEAM LIFE CARE COMPANY INDIA P,171,2
Oriental Bank of Commerce,DATASOFT COMPUTER SERVICES(P),892,36
Oriental Bank of Commerce,FINANCIAL INFORMATION NETWORK,361,19
Oriental Bank of Commerce,Sri Ramraja Sarkar Lok Kalyan Trust,3059,11
Oriental Bank of Commerce,Wipro Ltd,12182,200
RDD Govt of Tripura,Alankit Assignments Limited,1,0
Registrar General India - BEL,In Media Computer Services LLP,12,12
Registrar General India - BEL,Manipur Electronics Dev Corp,1,0
Registrar General India - BEL,Swathy Smartcards Hi-Tech Pvt,1235,5
Registrar General India BEL2,Computer LAB,4557,3396
Registrar General India BEL2,India Computer Technology,36215,4655
Registrar General India BEL2,Madras Security Printers Ltd,6279,8929
Registrar General India BEL2,Multiwave Innovation,10,47
Registrar General India BEL2,Om Softwares,387,81
Registrar General India BEL2,SREEVEN INFOCOM LIMITED,41,39
Registrar General India BEL2,Swathy Smartcards Hi-Tech Pvt,214433,39936
Registrar General India BEL2,Swiss Tech India Pvt Ltd,19,370
Registrar General India BEL2,Tera Software Ltd,407,17172
Registrar General India BEL2,VIRGO SOFTECH LIMITED,1,0
Registrar General India BEL2,Vansh Infotech Pvt Ltd,83,0
Registrar General India ECIL,Clairvoyance Technologies Pvt.,2,4
Registrar General India ECIL,Computer LAB,21546,58387
Registrar General India ECIL,Eagle Software India Pvt. Ltd,61,12180
Registrar General India ECIL,In Media Computer Services LLP,2073,12217
Registrar General India ECIL,India Computer Technology,729,77748
Registrar General India ECIL,Krishna Infotech,358,5167
Registrar General India ECIL,Madras Security Printers Ltd,1024,13565
Registrar General India ECIL,Pioneer E Labs limited,100,9
Registrar General India ECIL,SWISSTECH NPR 57CR PROJECT PVT,16660,27033
Registrar General India ECIL,Tera Software Ltd,132,4397
Registrar General India ECIL,Vedavaag Systems Limited,3281,1447
Registrar General India Others,Alankit Assignments Limited,17,0
Registrar General India Others,Computer LAB,5,1
Registrar General India Others,Eagle Software India Pvt. Ltd,8,1
Registrar General India Others,Emdee Digitronics Pvt.Ltd.,3,0
Registrar General India Others,India Computer Technology,0,162
Registrar General India Others,Karvy Data Management Services,4,0
Registrar General India Others,Madras Security Printers Ltd,0,101
Registrar General India Others,Netwing Technologies Pvt Ltd,1,0
Registrar General India Others,SWISSTECH NPR 57CR PROJECT PVT,7,30
Registrar General India Others,Swathy Smartcards Hi-Tech Pvt,172,655
Registrar General India Others,Tera Software Ltd,6,0
Registrar General India Others,Vansh Infotech Pvt Ltd,2,0
Registrar General India Others,WEBEL TECHNOLOGY LIMITED,2,1
Registrar General of India ITI,Emdee Digitronics Pvt.Ltd.,34625,22913
Registrar General of India ITI,Madras Security Printers Ltd,1,120
Registrar General of India ITI,Multiwave Innovation,0,59
Registrar General of India ITI,Nielsen  India  Private Limited,1,0
Registrar General of India ITI,SREEVEN INFOCOM LIMITED,1,14
Registrar General of India ITI,STRATEGIC OUTSOURCING SERVICE,197,9
Registrar General of India ITI,Swathy Smartcards Hi-Tech Pvt,33441,4462
Registrar General of India ITI,TechSmart India Pvt Ltd,4072,3693
Registrar General of India ITI,WEBEL TECHNOLOGY LIMITED,13555,1534
STATE BANK OF PATIALA,CSS TECHNERGY LIMITED,10,7
State Bank of Bikaner & Jaipur,Multiwave Innovation,5486,254
State Bank of India,VIRGO SOFTECH LIMITED,3,1
State Bank of Travancore,Tera Software Ltd,35,13
UDD Govt of Jharkhand,Blue Circle Instrument,1993,18
UDD Govt of Jharkhand,MKS Enterprises,6370,630
UDD Govt of Jharkhand,Systematic & Advance Const P L,4,35
UIDAI-Registrar,UIDAI-EA,133,0
UT Of Daman and Diu,Alankit Assignments Limited,13,8
Union Bank,FINANCIAL INFORMATION NETWORK,357,0
Union Bank,Smart Chip Limited,26171,455
Union Bank,Vakrangee Softwares Limited,9450,403
