Registrar,Enrolment Agency,Aadhaar generated,Enrolment Rejected
Allahabad Bank,IL&FS LTD,23,0
Allahabad Bank,Tera Software Ltd,862,11
Allahabad Bank,Vakrangee Softwares Limited,54907,431
Bank Of India,A3 Logics  India  Ltd,2536,102
Bank Of India,Akanksha International,1562,18
Bank Of India,CHESSY CONSULTANTS PVT LTD,1504,27
Bank Of India,DATASOFT COMPUTER SERVICES(P),462,56
Bank Of India,Frontech Systems Pvt Ltd,1507,39
Bank Of India,ITI LIMITED,495,40
Bank Of India,Integra Micro Systems Pvt.ltd,5,0
Bank Of India,MANTRA SOFTTECH (INDIA) PVTLTD,1423,236
Bank Of India,Matrix Processing House,1821,42
Bank Of India,OPTIMIX CONSULTANCY PRIVATE LT,8,5
Bank Of India,OSWAL COMPUTERS & CONSULTANTS,6600,337
Bank Of India,PROTEX COMPUTER PVT LTD,837,21
Bank Of India,SARADA SYSTEMS,437,8
Bank Of India,SHRIKRISHNA KHANDASARI SUGAR M,4846,83
Bank Of India,SPANCO,2124,83
Bank Of India,SREI INFRASTRUCTURE FINANCES L,43,27
Bank Of India,Silver Touch Technologies Ltd,3287,69
Bank Of India,Systematic & Advance Const P L,1906,331
Bank Of India,VEETECHNOLOGIES PVT. LTD,1141,7
Bank Of India,Vakrangee Softwares Limited,30604,995
Bank of Baroda,DATASOFT COMPUTER SERVICES(P),108,0
Bank of Baroda,IL&FS LTD,155,2
Bank of Baroda,TEAM LIFE CARE COMPANY INDIA P,121,0
Bank of Maharashtra,Alankit Assignments Limited,35,0
Bank of Maharashtra,Bartronics India Limited,1,0
Canara Bank,ITI LIMITED,3,0
Canara Bank,Rosmerta technoliges Limited,95,0
Canara Bank,Smart Chip Limited,20,0
Canara Bank,Swiss Tech India Pvt Ltd,15,0
Central Bank of India,CALANCE SOFTWARE PRIVATE LTD,2319,431
Central Bank of India,Frontech Systems Pvt Ltd,23,0
Central Bank of India,GSS Infotech Ltd,42,0
Central Bank of India,IAP COMPANY Pvt. Ltd,1419,121
Central Bank of India,IL&FS LTD,165,3
Central Bank of India,MANTRA SOFTTECH (INDIA) PVTLTD,458,16
Central Bank of India,SREI INFRASTRUCTURE FINANCES L,203,0
Central Bank of India,Smart ID,1,0
Central Bank of India,Tera Software Ltd,7,0
Central Bank of India,The Peerless General Finance,1118,2
Civil Supplies - A&N Islands,India Computer Technology,20,0
DENA BANK,ATISHAY INFOTECH PVT. LTD.,220,3
DENA BANK,DATASOFT COMPUTER SERVICES(P),283,16
Delhi - Central DC,Smart Chip Limited,197,14
Delhi - East DC,DATASOFT COMPUTER SERVICES(P),99,3
Delhi - East DC,IAP COMPANY Pvt. Ltd,1,0
Delhi - East DC,Tera Software Ltd,89,0
Delhi - ND DC,Smart Chip Limited,50,2
Delhi - NE DC,Alankit Assignments Limited,427,1
Delhi - NE DC,Smart Chip Limited,297,5
Delhi - NE DC,Smart ID,17,0
Delhi - North DC,DATASOFT COMPUTER SERVICES(P),91,1
Delhi - North DC,Smart Chip Limited,274,2
Delhi SW DC,STRATEGIC OUTSOURCING SERVICE,218,0
Delhi SW DC,VIRGO SOFTECH LIMITED,1883,18
Delhi Urban Shelter Improvemen,Alankit Assignments Limited,23,0
Delhi Urban Shelter Improvemen,Matrix Processing House,2,0
Delhi Urban Shelter Improvemen,STRATEGIC OUTSOURCING SERVICE,74,1
Delhi Urban Shelter Improvemen,Smart Chip Limited,22,0
Delhi Urban Shelter Improvemen,Tera Software Ltd,118,0
Delhi- South DC,Karvy Computershare Private Li,17,4
Delhi- South DC,Smart Chip Limited,6,0
Delhi- South DC,Tera Software Ltd,100,0
Delhi- South DC,eCentric solutions pvt ltd,58,0
Delhi- West DC,Matrix Processing House,71,0
Delhi- West DC,Smart Chip Limited,4,0
Delhi- West DC,VIRGO SOFTECH LIMITED,894,3
Delhi-NW DC,Karvy Computershare Private Li,52,2
Delhi-NW DC,STRATEGIC OUTSOURCING SERVICE,135,0
Dept of ITC Govt of Rajasthan,ATISHAY INFOTECH PVT. LTD.,2309,202
Dept of ITC Govt of Rajasthan,AVVAS INFOTECH PVT  LTD,4,0
Dept of ITC Govt of Rajasthan,Alankit Finsec Ltd,321,15
Dept of ITC Govt of Rajasthan,DATASOFT COMPUTER SERVICES(P),4664,630
Dept of ITC Govt of Rajasthan,GSS Infotech Ltd,15,0
Dept of ITC Govt of Rajasthan,TechSmart India Pvt Ltd,37,0
Dept of ITC Govt of Rajasthan,Transline Technologies P Ltd,6180,66
Dept of ITC Govt of Rajasthan,Vakrangee Softwares Limited,19267,1194
Dept of ITC Govt of Rajasthan,Vayam technologies Ltd,1126,28
FCR Govt of Haryana,Vakrangee Softwares Limited,5479,130
FCS Govt of Punjab,Alankit Assignments Limited,408,0
FCS Govt of Punjab,Alankit Finsec Ltd,319,0
FCS Govt of Punjab,Alankit Life Care Ltd,120,0
FCS Govt of Punjab,CSS TECHNERGY LIMITED,262,88
FCS Govt of Punjab,Delhi Integrated MMTS Ltd,213,0
FCS Govt of Punjab,Diwakar Commercials Pvt Ltd,384,17
FCS Govt of Punjab,Karvy Computershare Private Li,2079,260
FCS Govt of Punjab,VIRGO SOFTECH LIMITED,277,1
FCS Govt of Punjab,VISESH INFOTECNICS LIMITED,69,1
FCS Govt of Punjab,Vayam technologies Ltd,6689,88
FCS Govt of Punjab,eCentric solutions pvt ltd,11427,321
Govt of Andhra Pradesh,Gouthami Educational Society,3006,210
Govt of Andhra Pradesh,GrapeSoft,300,10
Govt of Andhra Pradesh,IL&FS LTD,559,0
Govt of Andhra Pradesh,INFRONICS SYSTEMS LTD,6369,207
Govt of Andhra Pradesh,Madras Security Printers Ltd,1090,26
Govt of Andhra Pradesh,Mahaonline Limited,1,0
Govt of Andhra Pradesh,SREEVEN INFOCOM LIMITED,535,27
Govt of Andhra Pradesh,Smart Chip Limited,367,0
Govt of Andhra Pradesh,TechSmart India Pvt Ltd,1467,3
Govt of Andhra Pradesh,Tera Software Ltd,901,38
Govt of Andhra Pradesh,eCentric solutions pvt ltd,1040,20
Govt of Goa,COMAT TECHNOLOGIES P LTD,21,1
Govt of Goa,MARS Telecom Systems Pvt Ltd,1894,35
Govt of Goa,Tera Software Ltd,100,16
Govt of Gujarat,GSS Infotech Ltd,2577,138
Govt of Gujarat,Karvy Computershare Private Li,6230,282
Govt of Gujarat,Silver Touch Technologies Ltd,5917,223
Govt of Gujarat,Tera Software Ltd,3865,127
Govt of Gujarat,Transline Technologies P Ltd,446,38
Govt of Gujarat,Vayam technologies Ltd,4020,65
Govt of Gujarat,eCentric solutions pvt ltd,441,46
Govt of Himachal Pradesh,IL&FS LTD,287,1
Govt of Himachal Pradesh,Wipro Ltd,3494,93
Govt of Himachal Pradesh,i-Grandee SoftwareTechnologies,5701,66
Govt of Karnataka ,COMAT TECHNOLOGIES P LTD,397,11
Govt of Karnataka ,GLODYNE TECHNOSERVE,812,2
Govt of Karnataka ,Integra Micro Systems Pvt.ltd,290,0
Govt of Karnataka ,MARS Telecom Systems Pvt Ltd,4036,10
Govt of Karnataka ,Ninestars Information Technologies Limited,1023,9
Govt of Karnataka ,Origin ITFS Pvt Ltd,8407,35
Govt of Karnataka ,SREEVEN INFOCOM LIMITED,3246,13
Govt of Karnataka ,Tera Software Ltd,483,0
Govt of Karnataka ,Wipro Ltd,349,0
Govt of Kerala,Akshaya,26362,474
Govt of Kerala,Keltron,2032,2133
Govt of Madhya Pradesh,VIRGO SOFTECH LIMITED,2285,5
Govt of Maharashtra,Alankit Assignments Limited,314,0
Govt of Maharashtra,Alankit Finsec Ltd,5956,135
Govt of Maharashtra,COMAT TECHNOLOGIES P LTD,73,0
Govt of Maharashtra,Eagle press pvt ltd,418,265
Govt of Maharashtra,GLODYNE TECHNOSERVE,578,16
Govt of Maharashtra,GSS Infotech Ltd,161,0
Govt of Maharashtra,Karvy Computershare Private Li,22069,170
Govt of Maharashtra,Mahaonline Limited,742,0
Govt of Maharashtra,SPANCO,50,0
Govt of Maharashtra,STRATEGIC OUTSOURCING SERVICE,1750,26
Govt of Maharashtra,Silver Touch Technologies Ltd,5281,53
Govt of Maharashtra,Smart Chip Limited,163,0
Govt of Maharashtra,Systematic & Advance Const P L,2,3
Govt of Maharashtra,TEAM LIFE CARE COMPANY INDIA P,215,0
Govt of Maharashtra,TechSmart India Pvt Ltd,496,136
Govt of Maharashtra,Tera Software Ltd,1570,20
Govt of Maharashtra,Transline Technologies P Ltd,7390,307
Govt of Maharashtra,Wep Solution India Limited,308,0
Govt of Maharashtra,Wipro Ltd,14342,305
Govt of Sikkim - Dept of Econo,4G IDENTITY SOLUTIONS,70,0
Govt of Sikkim - Dept of Econo,Department of Economics Statistics  Monitoring and Evaluation DESME,131,0
IDBI Bank ltd,ATISHAY INFOTECH PVT. LTD.,92,12
IDBI Bank ltd,Pioneer E Labs limited,49,11
IDBI Bank ltd,SREEVEN INFOCOM LIMITED,394,6
IDBI Bank ltd,UTI TECHNOLOGY SERVICES LIMITE,230,23
IGNOU,IL&FS LTD,1,0
IGNOU,VIRGO SOFTECH LIMITED,9,0
IGNOU,Vakrangee Softwares Limited,9,0
Indian Bank,GSS Infotech Ltd,2,0
Indian Bank,i-Grandee SoftwareTechnologies,2,0
Indian Overseas Bank,Eagle Software India Pvt. Ltd,21,0
Indian Overseas Bank,Karvy Computershare Private Li,3,0
Indian Overseas Bank,Wipro Ltd,1,0
Indiapost,4G IDENTITY SOLUTIONS,206,0
Indiapost,COMAT TECHNOLOGIES P LTD,73,0
Indiapost,CSS TECHNERGY LIMITED,3,0
Indiapost,Delhi Integrated MMTS Ltd,1897,166
Indiapost,Eagle press pvt ltd,12,0
Indiapost,GLODYNE TECHNOSERVE,62,7
Indiapost,GSS Infotech Ltd,8,0
Indiapost,IL&FS LTD,308,0
Indiapost,Madras Security Printers Ltd,30,0
Indiapost,Smart Chip Limited,66,4
Indiapost,TEAM LIFE CARE COMPANY INDIA P,9360,84
Indiapost,The NSIC ltd,80,0
Indiapost,The Peerless General Finance,27,0
Indiapost,UTI TECHNOLOGY SERVICES LIMITE,100,0
Indiapost,WEBEL,29,0
Indiapost,eCentric solutions pvt ltd,89,0
Information Technology & Communication Department,4G INFORMATICS,80,2
Information Technology & Communication Department,BNR UDYOG LIMITED,1889,8
Information Technology & Communication Department,Bloom Solutions Pvt Ltd,52,7
Information Technology & Communication Department,CSS TECHNERGY LIMITED,778,4
Information Technology & Communication Department,GDC Advertising Pvt. Limited,6,3
Information Technology & Communication Department,JYOTHI COMPUTER SERVICES,2,1
Information Technology & Communication Department,MARS Telecom Systems Pvt Ltd,108,0
Information Technology & Communication Department,SREEVEN INFOCOM LIMITED,17,5
Jammu and Kashmir Bank,COMTECH INSTITUTE OFTECHNOLOGY,1,0
Jharkhand,Alankit Assignments Limited,1012,48
Jharkhand,Blue Circle Instrument,694,17
Jharkhand,Emdee Digitronics Pvt.Ltd.,73,18
Jharkhand,IL&FS LTD,49,0
Jharkhand,MKS Enterprises,2615,49
Jharkhand,Nevaeh Technology Pvt. Ltd.,348,31
Jharkhand,STRATEGIC OUTSOURCING SERVICE,2067,75
Jharkhand,Smart ID,22,0
Jharkhand,Systematic & Advance Const P L,1011,45
Jharkhand,VISION COMPTECH INTEGRATOR LTD,2292,54
Jharkhand,Wipro Ltd,5605,479
Life Insurance Corporation,ATISHAY INFOTECH PVT. LTD.,11,0
Life Insurance Corporation,COMAT TECHNOLOGIES P LTD,2,0
Life Insurance Corporation,DATASOFT COMPUTER SERVICES(P),22,0
Life Insurance Corporation,Emdee Digitronics Pvt.Ltd.,1,0
Life Insurance Corporation,LOHIA JUTE PRESS PVT LTD,1,0
Life Insurance Corporation,LYRA  CONSULTANCY SERVICE,1,0
Life Insurance Corporation,MICROVIEWS INFOSYSTEMS PVT LTD,2,0
Life Insurance Corporation,Smart ID,16,0
Life Insurance Corporation,eCentric solutions pvt ltd,13,0
Mission Convergence - GNCT Del,Alankit Assignments Limited,47,0
Mission Convergence - GNCT Del,IL&FS LTD,36,0
Mission Convergence - GNCT Del,Karvy Computershare Private Li,86,0
Mission Convergence - GNCT Del,Matrix Processing House,5,0
Mission Convergence - GNCT Del,STRATEGIC OUTSOURCING SERVICE,305,0
Mission Convergence - GNCT Del,Smart Chip Limited,44,1
Mission Convergence - GNCT Del,Tera Software Ltd,17,0
Mission Convergence - GNCT Del,eCentric solutions pvt ltd,18,0
N S D L,Abhipra Capital Ltd,2685,32
N S D L,Alankit Assignments Limited,890,24
N S D L,Atlas Documentary Facilitator,1,0
N S D L,INTEGRATED REGISTRY SERVICES,1,0
N S D L,Karvy Data Management Services,37606,220
N S D L,PROWIZ MANSYTEMS PVT LTD,14115,192
N S D L,TEAM LIFE CARE COMPANY INDIA P,719,14
N S D L,VIRGO SOFTECH LIMITED,725,1
Oriental Bank of Commerce,DATASOFT COMPUTER SERVICES(P),808,59
Oriental Bank of Commerce,FINANCIAL INFORMATION NETWORK,845,24
Oriental Bank of Commerce,IL&FS LTD,64,0
Oriental Bank of Commerce,Sri Ramraja Sarkar Lok Kalyan Trust,2,16
Oriental Bank of Commerce,The NSIC ltd,2,0
Oriental Bank of Commerce,Wipro Ltd,1509,21
Punjab and Sind Bank,Matrix Processing House,6,0
RDD Govt of Tripura,Alankit Assignments Limited,703,1
Registrar General India - BEL,In Media Computer Services LLP,397,52
Registrar General India - BEL,Manipur Electronics Dev Corp,219,0
Registrar General India - BEL,Swathy Smartcards Hi-Tech Pvt,836,2
Registrar General India BEL2,Computer LAB,3160,5898
Registrar General India BEL2,India Computer Technology,93600,8412
Registrar General India BEL2,Madras Security Printers Ltd,13334,360
Registrar General India BEL2,Multiwave Innovation,247,181
Registrar General India BEL2,Om Softwares,786,68
Registrar General India BEL2,SREEVEN INFOCOM LIMITED,26,165
Registrar General India BEL2,Swathy Smartcards Hi-Tech Pvt,71193,8189
Registrar General India BEL2,Swiss Tech India Pvt Ltd,6,26492
Registrar General India BEL2,Tera Software Ltd,37711,6857
Registrar General India BEL2,VIRGO SOFTECH LIMITED,107,37
Registrar General India ECIL,Clairvoyance Technologies Pvt.,69,0
Registrar General India ECIL,Computer LAB,26431,3485
Registrar General India ECIL,Eagle Software India Pvt. Ltd,417,306
Registrar General India ECIL,In Media Computer Services LLP,7920,3838
Registrar General India ECIL,India Computer Technology,2761,3585
Registrar General India ECIL,Krishna Infotech,3331,6139
Registrar General India ECIL,Madras Security Printers Ltd,17149,8721
Registrar General India ECIL,Pioneer E Labs limited,730,36
Registrar General India ECIL,SWISSTECH NPR 57CR PROJECT PVT,22548,9851
Registrar General India ECIL,Tera Software Ltd,37,9
Registrar General India ECIL,Vedavaag Systems Limited,799,4778
Registrar General India Others,Computer LAB,5,1
Registrar General India Others,Eagle Software India Pvt. Ltd,2,1
Registrar General India Others,Emdee Digitronics Pvt.Ltd.,1,1
Registrar General India Others,Madras Security Printers Ltd,38,13
Registrar General India Others,Om Softwares,0,1
Registrar General India Others,Pioneer E Labs limited,1,0
Registrar General India Others,SWISSTECH NPR 57CR PROJECT PVT,1,2
Registrar General India Others,Swathy Smartcards Hi-Tech Pvt,157,6
Registrar General India Others,TechSmart India Pvt Ltd,2,0
Registrar General India Others,WEBEL TECHNOLOGY LIMITED,15,0
Registrar General of India ITI,Emdee Digitronics Pvt.Ltd.,13581,2431
Registrar General of India ITI,Madras Security Printers Ltd,2,453
Registrar General of India ITI,Multiwave Innovation,258,1011
Registrar General of India ITI,SREEVEN INFOCOM LIMITED,9,48
Registrar General of India ITI,STRATEGIC OUTSOURCING SERVICE,16,0
Registrar General of India ITI,Swathy Smartcards Hi-Tech Pvt,80788,7170
Registrar General of India ITI,TechSmart India Pvt Ltd,589,971
Registrar General of India ITI,WEBEL TECHNOLOGY LIMITED,7198,721
STATE BANK OF HYDERABAD,CSS TECHNERGY LIMITED,54,0
STATE BANK OF PATIALA,CSS TECHNERGY LIMITED,36,14
State Bank of Bikaner & Jaipur,Multiwave Innovation,3570,327
State Bank of India,4G IDENTITY SOLUTIONS,2237,4
State Bank of India,COMAT TECHNOLOGIES P LTD,68,0
State Bank of India,CSS TECHNERGY LIMITED,1888,0
State Bank of India,Delhi Integrated MMTS Ltd,92,3
State Bank of India,Eagle press pvt ltd,100,0
State Bank of India,IL&FS LTD,177,0
State Bank of India,Smart Chip Limited,1903,0
State Bank of India,VIRGO SOFTECH LIMITED,120,13
State Bank of Travancore,Tera Software Ltd,50,124
Syndicate Bank,Smart Chip Limited,17,0
UDD Govt of Jharkhand,Blue Circle Instrument,320,39
UDD Govt of Jharkhand,IL&FS LTD,166,0
UDD Govt of Jharkhand,MKS Enterprises,2462,139
UDD Govt of Jharkhand,Smart ID,46,0
UDD Govt of Jharkhand,Systematic & Advance Const P L,27,7
UDD Govt of Jharkhand,Vayam technologies Ltd,75,0
UIDAI-Registrar,UIDAI-EA,9,0
UT Of Daman and Diu,Alankit Assignments Limited,147,6
UT of Puducherry,Madras Security Printers Ltd,241,0
Union Bank,4G IDENTITY SOLUTIONS,72,0
Union Bank,FINANCIAL INFORMATION NETWORK,1,0
Union Bank,Smart Chip Limited,7146,781
Union Bank,Vakrangee Softwares Limited,10570,316
