Registrar,Enrolment Agency,Aadhaar generated,Enrolment Rejected
Allahabad Bank,IL&FS LTD,32,0
Allahabad Bank,Tera Software Ltd,86,11
Allahabad Bank,Vakrangee Softwares Limited,18852,115
Bank Of India,A3 Logics  India  Ltd,8491,146
Bank Of India,Akanksha International,799,9
Bank Of India,CHESSY CONSULTANTS PVT LTD,2655,33
Bank Of India,DATASOFT COMPUTER SERVICES(P),1156,24
Bank Of India,Frontech Systems Pvt Ltd,3020,87
Bank Of India,ITI LIMITED,1698,88
Bank Of India,Integra Micro Systems Pvt.ltd,7,0
Bank Of India,MANTRA SOFTTECH (INDIA) PVTLTD,3493,181
Bank Of India,Matrix Processing House,2220,79
Bank Of India,OPTIMIX CONSULTANCY PRIVATE LT,27,0
Bank Of India,OSWAL COMPUTERS & CONSULTANTS,11389,332
Bank Of India,PROTEX COMPUTER PVT LTD,1466,25
Bank Of India,SARADA SYSTEMS,544,12
Bank Of India,SHRIKRISHNA KHANDASARI SUGAR M,4593,89
Bank Of India,SPANCO,3099,87
Bank Of India,SREI INFRASTRUCTURE FINANCES L,25,0
Bank Of India,Silver Touch Technologies Ltd,2976,71
Bank Of India,Systematic & Advance Const P L,2932,116
Bank Of India,Tera Software Ltd,1,0
Bank Of India,VEETECHNOLOGIES PVT. LTD,837,31
Bank Of India,Vakrangee Softwares Limited,46384,1371
Bank of Baroda,DATASOFT COMPUTER SERVICES(P),116,0
Bank of Baroda,IL&FS LTD,280,0
Bank of Baroda,TEAM LIFE CARE COMPANY INDIA P,146,0
Bank of Maharashtra,Alankit Assignments Limited,37,0
Canara Bank,ITI LIMITED,2,0
Canara Bank,Rosmerta technoliges Limited,53,0
Canara Bank,Smart Chip Limited,24,0
Canara Bank,Swiss Tech India Pvt Ltd,29,0
Central Bank of India,CALANCE SOFTWARE PRIVATE LTD,10466,284
Central Bank of India,Frontech Systems Pvt Ltd,47,0
Central Bank of India,GSS Infotech Ltd,62,0
Central Bank of India,IAP COMPANY Pvt. Ltd,6223,267
Central Bank of India,IL&FS LTD,272,1
Central Bank of India,MANTRA SOFTTECH (INDIA) PVTLTD,1420,37
Central Bank of India,SREI INFRASTRUCTURE FINANCES L,315,0
Central Bank of India,Smart ID,1,0
Central Bank of India,Tera Software Ltd,5,0
Central Bank of India,The Peerless General Finance,331,13
Civil Supplies - A&N Islands,India Computer Technology,34,0
DENA BANK,ATISHAY INFOTECH PVT. LTD.,19,1
DENA BANK,DATASOFT COMPUTER SERVICES(P),693,10
Delhi - Central DC,Smart Chip Limited,275,104
Delhi - East DC,DATASOFT COMPUTER SERVICES(P),123,40
Delhi - East DC,Tera Software Ltd,139,2
Delhi - ND DC,Smart Chip Limited,68,10
Delhi - NE DC,Alankit Assignments Limited,559,1
Delhi - NE DC,Smart Chip Limited,23,2
Delhi - NE DC,Smart ID,19,0
Delhi - North DC,DATASOFT COMPUTER SERVICES(P),96,12
Delhi - North DC,Smart Chip Limited,412,10
Delhi SW DC,STRATEGIC OUTSOURCING SERVICE,376,2
Delhi SW DC,VIRGO SOFTECH LIMITED,63,36
Delhi Urban Shelter Improvemen,Alankit Assignments Limited,30,0
Delhi Urban Shelter Improvemen,Matrix Processing House,6,0
Delhi Urban Shelter Improvemen,STRATEGIC OUTSOURCING SERVICE,121,0
Delhi Urban Shelter Improvemen,Smart Chip Limited,45,2
Delhi Urban Shelter Improvemen,Tera Software Ltd,169,2
Delhi- South DC,Karvy Computershare Private Li,226,94
Delhi- South DC,Smart Chip Limited,2,0
Delhi- South DC,Tera Software Ltd,138,1
Delhi- South DC,eCentric solutions pvt ltd,83,3
Delhi- West DC,Matrix Processing House,104,0
Delhi- West DC,Smart Chip Limited,66,0
Delhi- West DC,VIRGO SOFTECH LIMITED,350,61
Delhi-NW DC,Karvy Computershare Private Li,756,34
Delhi-NW DC,STRATEGIC OUTSOURCING SERVICE,233,1
Dept of ITC Govt of Rajasthan,ATISHAY INFOTECH PVT. LTD.,9682,225
Dept of ITC Govt of Rajasthan,Alankit Finsec Ltd,2056,40
Dept of ITC Govt of Rajasthan,DATASOFT COMPUTER SERVICES(P),5648,305
Dept of ITC Govt of Rajasthan,GSS Infotech Ltd,15,0
Dept of ITC Govt of Rajasthan,TechSmart India Pvt Ltd,31,0
Dept of ITC Govt of Rajasthan,Transline Technologies P Ltd,12957,34
Dept of ITC Govt of Rajasthan,Vakrangee Softwares Limited,31302,843
Dept of ITC Govt of Rajasthan,Vayam technologies Ltd,1545,22
FCR Govt of Haryana,Vakrangee Softwares Limited,5809,378
FCS Govt of Punjab,Alankit Assignments Limited,609,0
FCS Govt of Punjab,Alankit Finsec Ltd,519,0
FCS Govt of Punjab,Alankit Life Care Ltd,181,0
FCS Govt of Punjab,CSS TECHNERGY LIMITED,2937,40
FCS Govt of Punjab,Delhi Integrated MMTS Ltd,356,1
FCS Govt of Punjab,Diwakar Commercials Pvt Ltd,603,0
FCS Govt of Punjab,Karvy Computershare Private Li,5364,260
FCS Govt of Punjab,VIRGO SOFTECH LIMITED,506,1
FCS Govt of Punjab,VISESH INFOTECNICS LIMITED,91,0
FCS Govt of Punjab,Vayam technologies Ltd,8337,109
FCS Govt of Punjab,eCentric solutions pvt ltd,5635,253
Govt of Andhra Pradesh,Gouthami Educational Society,2649,125
Govt of Andhra Pradesh,GrapeSoft,1044,55
Govt of Andhra Pradesh,IL&FS LTD,930,0
Govt of Andhra Pradesh,INFRONICS SYSTEMS LTD,10992,1024
Govt of Andhra Pradesh,Madras Security Printers Ltd,1654,11
Govt of Andhra Pradesh,Mahaonline Limited,1,0
Govt of Andhra Pradesh,SREEVEN INFOCOM LIMITED,770,55
Govt of Andhra Pradesh,Smart Chip Limited,604,1
Govt of Andhra Pradesh,TechSmart India Pvt Ltd,2170,2
Govt of Andhra Pradesh,Tera Software Ltd,3165,318
Govt of Andhra Pradesh,eCentric solutions pvt ltd,1682,2
Govt of Goa,COMAT TECHNOLOGIES P LTD,46,67
Govt of Goa,MARS Telecom Systems Pvt Ltd,867,601
Govt of Goa,Tera Software Ltd,51,12
Govt of Gujarat,GSS Infotech Ltd,3770,114
Govt of Gujarat,Karvy Computershare Private Li,3556,124
Govt of Gujarat,Silver Touch Technologies Ltd,6581,172
Govt of Gujarat,Tera Software Ltd,1667,94
Govt of Gujarat,Transline Technologies P Ltd,996,46
Govt of Gujarat,Vayam technologies Ltd,4865,120
Govt of Gujarat,eCentric solutions pvt ltd,1419,44
Govt of Himachal Pradesh,IL&FS LTD,431,3
Govt of Himachal Pradesh,Wipro Ltd,7575,189
Govt of Himachal Pradesh,i-Grandee SoftwareTechnologies,4554,74
Govt of Karnataka ,COMAT TECHNOLOGIES P LTD,826,0
Govt of Karnataka ,GLODYNE TECHNOSERVE,1235,4
Govt of Karnataka ,Integra Micro Systems Pvt.ltd,286,2
Govt of Karnataka ,MARS Telecom Systems Pvt Ltd,480,6
Govt of Karnataka ,Ninestars Information Technologies Limited,1983,0
Govt of Karnataka ,Origin ITFS Pvt Ltd,4747,14
Govt of Karnataka ,SREEVEN INFOCOM LIMITED,499,2
Govt of Karnataka ,Tera Software Ltd,625,0
Govt of Karnataka ,Wipro Ltd,565,0
Govt of Kerala,Akshaya,70626,1295
Govt of Kerala,Keltron,18999,794
Govt of Madhya Pradesh,VIRGO SOFTECH LIMITED,2380,16
Govt of Maharashtra,Alankit Assignments Limited,507,0
Govt of Maharashtra,Alankit Finsec Ltd,4401,228
Govt of Maharashtra,COMAT TECHNOLOGIES P LTD,106,0
Govt of Maharashtra,Eagle press pvt ltd,1389,28
Govt of Maharashtra,GLODYNE TECHNOSERVE,873,38
Govt of Maharashtra,GSS Infotech Ltd,257,1
Govt of Maharashtra,Karvy Computershare Private Li,10529,267
Govt of Maharashtra,Mahaonline Limited,1164,0
Govt of Maharashtra,SPANCO,83,0
Govt of Maharashtra,STRATEGIC OUTSOURCING SERVICE,5430,66
Govt of Maharashtra,Silver Touch Technologies Ltd,4318,88
Govt of Maharashtra,Smart Chip Limited,240,0
Govt of Maharashtra,TEAM LIFE CARE COMPANY INDIA P,333,0
Govt of Maharashtra,TechSmart India Pvt Ltd,1693,296
Govt of Maharashtra,Tera Software Ltd,2198,18
Govt of Maharashtra,Transline Technologies P Ltd,8137,247
Govt of Maharashtra,Wep Solution India Limited,457,0
Govt of Maharashtra,Wipro Ltd,32199,330
Govt of Sikkim - Dept of Econo,4G IDENTITY SOLUTIONS,94,0
Govt of Sikkim - Dept of Econo,Department of Economics Statistics  Monitoring and Evaluation DESME,70,0
IDBI Bank ltd,ATISHAY INFOTECH PVT. LTD.,542,40
IDBI Bank ltd,Matrix Processing House,105,2
IDBI Bank ltd,Pioneer E Labs limited,207,16
IDBI Bank ltd,SREEVEN INFOCOM LIMITED,696,13
IDBI Bank ltd,UTI TECHNOLOGY SERVICES LIMITE,357,23
IGNOU,VIRGO SOFTECH LIMITED,8,0
IGNOU,Vakrangee Softwares Limited,25,0
Indian Bank,GSS Infotech Ltd,8,0
Indian Bank,i-Grandee SoftwareTechnologies,4,0
Indian Overseas Bank,Eagle Software India Pvt. Ltd,26,0
Indian Overseas Bank,Karvy Computershare Private Li,5,0
Indiapost,4G IDENTITY SOLUTIONS,339,0
Indiapost,COMAT TECHNOLOGIES P LTD,123,0
Indiapost,CSS TECHNERGY LIMITED,5,0
Indiapost,Delhi Integrated MMTS Ltd,5722,154
Indiapost,Eagle press pvt ltd,9,0
Indiapost,GLODYNE TECHNOSERVE,245,19
Indiapost,GSS Infotech Ltd,11,0
Indiapost,IL&FS LTD,526,0
Indiapost,Madras Security Printers Ltd,32,0
Indiapost,Smart Chip Limited,112,2
Indiapost,TEAM LIFE CARE COMPANY INDIA P,3272,269
Indiapost,The NSIC ltd,90,0
Indiapost,The Peerless General Finance,43,0
Indiapost,UTI TECHNOLOGY SERVICES LIMITE,150,0
Indiapost,WEBEL,49,0
Indiapost,eCentric solutions pvt ltd,104,3
Information Technology & Communication Department,4G INFORMATICS,82,9
Information Technology & Communication Department,BNR UDYOG LIMITED,334,2
Information Technology & Communication Department,Bloom Solutions Pvt Ltd,47,17
Information Technology & Communication Department,CSS TECHNERGY LIMITED,8,33
Information Technology & Communication Department,GDC Advertising Pvt. Limited,235,0
Information Technology & Communication Department,SREEVEN INFOCOM LIMITED,137,2
Jharkhand,Alankit Assignments Limited,2686,39
Jharkhand,Blue Circle Instrument,876,22
Jharkhand,Emdee Digitronics Pvt.Ltd.,139,22
Jharkhand,IL&FS LTD,75,0
Jharkhand,MKS Enterprises,2898,30
Jharkhand,Nevaeh Technology Pvt. Ltd.,369,11
Jharkhand,STRATEGIC OUTSOURCING SERVICE,6318,86
Jharkhand,Smart ID,42,0
Jharkhand,Systematic & Advance Const P L,1371,71
Jharkhand,VISION COMPTECH INTEGRATOR LTD,1725,58
Jharkhand,Wipro Ltd,5516,402
Life Insurance Corporation,ATISHAY INFOTECH PVT. LTD.,22,0
Life Insurance Corporation,COMAT TECHNOLOGIES P LTD,1,0
Life Insurance Corporation,DATASOFT COMPUTER SERVICES(P),36,0
Life Insurance Corporation,Emdee Digitronics Pvt.Ltd.,1,0
Life Insurance Corporation,LOHIA JUTE PRESS PVT LTD,1,0
Life Insurance Corporation,LYRA  CONSULTANCY SERVICE,2,0
Life Insurance Corporation,MICROVIEWS INFOSYSTEMS PVT LTD,4,0
Life Insurance Corporation,PROTEX COMPUTER PVT LTD,2,0
Life Insurance Corporation,Smart ID,20,0
Life Insurance Corporation,eCentric solutions pvt ltd,27,0
Mission Convergence - GNCT Del,Alankit Assignments Limited,41,0
Mission Convergence - GNCT Del,IL&FS LTD,7,0
Mission Convergence - GNCT Del,Karvy Computershare Private Li,423,43
Mission Convergence - GNCT Del,Matrix Processing House,9,0
Mission Convergence - GNCT Del,STRATEGIC OUTSOURCING SERVICE,385,0
Mission Convergence - GNCT Del,Smart Chip Limited,35,2
Mission Convergence - GNCT Del,Tera Software Ltd,33,0
Mission Convergence - GNCT Del,eCentric solutions pvt ltd,26,0
N S D L,Abhipra Capital Ltd,8840,85
N S D L,Alankit Assignments Limited,817,7
N S D L,INTEGRATED REGISTRY SERVICES,2,0
N S D L,Karvy Data Management Services,24784,300
N S D L,PROWIZ MANSYTEMS PVT LTD,9546,167
N S D L,RELIGARE SECURITIES LTD,1,0
N S D L,TEAM LIFE CARE COMPANY INDIA P,211,1
N S D L,VIRGO SOFTECH LIMITED,11,0
Oriental Bank of Commerce,DATASOFT COMPUTER SERVICES(P),1386,32
Oriental Bank of Commerce,FINANCIAL INFORMATION NETWORK,1492,26
Oriental Bank of Commerce,IL&FS LTD,112,0
Oriental Bank of Commerce,The NSIC ltd,10,0
Oriental Bank of Commerce,Wipro Ltd,5110,30
Punjab and Sind Bank,Matrix Processing House,17,0
RDD Govt of Tripura,Alankit Assignments Limited,1476,0
RDD Govt of Tripura,Madras Security Printers Ltd,2,0
Registrar General India - BEL,In Media Computer Services LLP,944,53
Registrar General India - BEL,Manipur Electronics Dev Corp,514,0
Registrar General India - BEL,Swathy Smartcards Hi-Tech Pvt,312,30
Registrar General India BEL2,Computer LAB,1093,242
Registrar General India BEL2,India Computer Technology,854,265
Registrar General India BEL2,Madras Security Printers Ltd,2678,1457
Registrar General India BEL2,Multiwave Innovation,563,755
Registrar General India BEL2,Om Softwares,1765,94
Registrar General India BEL2,SREEVEN INFOCOM LIMITED,86,481
Registrar General India BEL2,Swathy Smartcards Hi-Tech Pvt,55998,3057
Registrar General India BEL2,Swiss Tech India Pvt Ltd,19,0
Registrar General India BEL2,Tera Software Ltd,2304,10704
Registrar General India BEL2,VIRGO SOFTECH LIMITED,132,1
Registrar General India ECIL,Clairvoyance Technologies Pvt.,119,28
Registrar General India ECIL,Computer LAB,26047,4328
Registrar General India ECIL,Eagle Software India Pvt. Ltd,1247,1032
Registrar General India ECIL,In Media Computer Services LLP,9807,270
Registrar General India ECIL,India Computer Technology,1389,2824
Registrar General India ECIL,Karvy Data Management Services,77,0
Registrar General India ECIL,Krishna Infotech,6823,394
Registrar General India ECIL,Madras Security Printers Ltd,1789,263
Registrar General India ECIL,Pioneer E Labs limited,1456,104
Registrar General India ECIL,SWISSTECH NPR 57CR PROJECT PVT,12629,5532
Registrar General India ECIL,Tera Software Ltd,62,21
Registrar General India ECIL,Vedavaag Systems Limited,18773,869
Registrar General India Others,Computer LAB,24,8
Registrar General India Others,Eagle Software India Pvt. Ltd,3,2
Registrar General India Others,Emdee Digitronics Pvt.Ltd.,7,0
Registrar General India Others,Madras Security Printers Ltd,46,15
Registrar General India Others,Nielsen  India  Private Limited,2,0
Registrar General India Others,Om Softwares,1,0
Registrar General India Others,SWISSTECH NPR 57CR PROJECT PVT,2,1
Registrar General India Others,Swathy Smartcards Hi-Tech Pvt,747,67
Registrar General India Others,Swiss Tech India Pvt Ltd,2,0
Registrar General India Others,TechSmart India Pvt Ltd,0,1
Registrar General India Others,Vedavaag Systems Limited,0,1
Registrar General India Others,WEBEL TECHNOLOGY LIMITED,2,1
Registrar General of India ITI,Emdee Digitronics Pvt.Ltd.,42256,5593
Registrar General of India ITI,Madras Security Printers Ltd,132,11
Registrar General of India ITI,Multiwave Innovation,612,3300
Registrar General of India ITI,SREEVEN INFOCOM LIMITED,24,40
Registrar General of India ITI,STRATEGIC OUTSOURCING SERVICE,166,0
Registrar General of India ITI,Swathy Smartcards Hi-Tech Pvt,76757,25602
Registrar General of India ITI,TechSmart India Pvt Ltd,4168,1286
Registrar General of India ITI,VIRGO SOFTECH LIMITED,3,0
Registrar General of India ITI,WEBEL TECHNOLOGY LIMITED,3296,294
STATE BANK OF HYDERABAD,CSS TECHNERGY LIMITED,28,2
STATE BANK OF HYDERABAD,Smart Chip Limited,1,0
STATE BANK OF PATIALA,CSS TECHNERGY LIMITED,476,9
State Bank of Bikaner & Jaipur,Multiwave Innovation,22043,494
State Bank of India,4G IDENTITY SOLUTIONS,3465,1
State Bank of India,COMAT TECHNOLOGIES P LTD,55,0
State Bank of India,CSS TECHNERGY LIMITED,2872,2
State Bank of India,Delhi Integrated MMTS Ltd,131,0
State Bank of India,Eagle press pvt ltd,157,0
State Bank of India,IL&FS LTD,325,0
State Bank of India,Smart Chip Limited,2317,0
State Bank of India,VIRGO SOFTECH LIMITED,207,0
State Bank of Travancore,Tera Software Ltd,68,182
Syndicate Bank,Smart Chip Limited,25,0
UDD Govt of Jharkhand,Blue Circle Instrument,1517,69
UDD Govt of Jharkhand,IL&FS LTD,257,0
UDD Govt of Jharkhand,MKS Enterprises,8325,393
UDD Govt of Jharkhand,Smart ID,56,0
UDD Govt of Jharkhand,Systematic & Advance Const P L,1995,50
UDD Govt of Jharkhand,Vayam technologies Ltd,9,0
UIDAI-Registrar,UIDAI-EA,17,2
UT Of Daman and Diu,Alankit Assignments Limited,334,5
UT of Puducherry,Madras Security Printers Ltd,321,0
Union Bank,4G IDENTITY SOLUTIONS,123,0
Union Bank,Smart Chip Limited,24873,652
Union Bank,Vakrangee Softwares Limited,23043,459
