Registrar,Enrolment Agency,Aadhaar generated,Enrolment Rejected
Allahabad Bank,Tera Software Ltd,11,0
Allahabad Bank,Vakrangee Softwares Limited,25359,466
Bank Of India,A3 Logics  India  Ltd,6354,108
Bank Of India,Akanksha International,352,7
Bank Of India,CHESSY CONSULTANTS PVT LTD,1003,5
Bank Of India,DATASOFT COMPUTER SERVICES(P),750,11
Bank Of India,Emdee Digitronics Pvt.Ltd.,316,0
Bank Of India,Frontech Systems Pvt Ltd,3883,15
Bank Of India,ITI LIMITED,6,4
Bank Of India,MANTRA SOFTTECH (INDIA) PVTLTD,2300,116
Bank Of India,Matrix Processing House,2740,104
Bank Of India,OSWAL COMPUTERS & CONSULTANTS,11318,577
Bank Of India,PROTEX COMPUTER PVT LTD,1510,12
Bank Of India,SARADA SYSTEMS,822,22
Bank Of India,SHRIKRISHNA KHANDASARI SUGAR M,3962,58
Bank Of India,SPANCO,6587,59
Bank Of India,SREI INFRASTRUCTURE FINANCES L,1233,33
Bank Of India,Silver Touch Technologies Ltd,4365,54
Bank Of India,Systematic & Advance Const P L,4327,160
Bank Of India,VEETECHNOLOGIES PVT. LTD,4045,14
Bank Of India,Vakrangee Softwares Limited,18700,732
Bank of Baroda,DATASOFT COMPUTER SERVICES(P),4,3
Bank of Baroda,IL&FS LTD,0,2
Bank of Baroda,TEAM LIFE CARE COMPANY INDIA P,8,0
Central Bank of India,CALANCE SOFTWARE PRIVATE LTD,16508,280
Central Bank of India,IAP COMPANY Pvt. Ltd,2478,143
Central Bank of India,MANTRA SOFTTECH (INDIA) PVTLTD,579,11
Central Bank of India,The Peerless General Finance,192,3
DENA BANK,ATISHAY INFOTECH PVT. LTD.,161,3
DENA BANK,DATASOFT COMPUTER SERVICES(P),95,1
Delhi - Central DC,Smart Chip Limited,602,2
Delhi - East DC,DATASOFT COMPUTER SERVICES(P),30,0
Delhi - East DC,IAP COMPANY Pvt. Ltd,0,2
Delhi - East DC,Tera Software Ltd,0,1
Delhi - ND DC,Smart Chip Limited,14,1
Delhi - NE DC,Alankit Assignments Limited,1,10
Delhi - NE DC,Smart Chip Limited,11,0
Delhi - North DC,Smart Chip Limited,181,1
Delhi SW DC,STRATEGIC OUTSOURCING SERVICE,0,5
Delhi SW DC,VIRGO SOFTECH LIMITED,427,4
Delhi- South DC,Karvy Computershare Private Li,0,1
Delhi- South DC,Smart Chip Limited,214,0
Delhi- South DC,Tera Software Ltd,0,1
Delhi- South DC,eCentric solutions pvt ltd,0,16
Delhi- West DC,Matrix Processing House,0,8
Delhi- West DC,Smart Chip Limited,165,0
Delhi- West DC,VIRGO SOFTECH LIMITED,1109,3
Delhi-NW DC,Karvy Computershare Private Li,2,9
Delhi-NW DC,STRATEGIC OUTSOURCING SERVICE,0,1
Dept of ITC Govt of Rajasthan,ATISHAY INFOTECH PVT. LTD.,5234,194
Dept of ITC Govt of Rajasthan,Alankit Finsec Ltd,4044,65
Dept of ITC Govt of Rajasthan,DATASOFT COMPUTER SERVICES(P),3164,83
Dept of ITC Govt of Rajasthan,Transline Technologies P Ltd,6580,20
Dept of ITC Govt of Rajasthan,Vakrangee Softwares Limited,36326,2180
Dept of ITC Govt of Rajasthan,Vayam technologies Ltd,3130,43
FCR Govt of Haryana,Vakrangee Softwares Limited,5049,78
FCS Govt of Punjab,Alankit Finsec Ltd,0,1
FCS Govt of Punjab,CSS TECHNERGY LIMITED,105,15
FCS Govt of Punjab,Delhi Integrated MMTS Ltd,0,1
FCS Govt of Punjab,Karvy Computershare Private Li,924,173
FCS Govt of Punjab,Vayam technologies Ltd,5176,179
FCS Govt of Punjab,eCentric solutions pvt ltd,3809,480
Govt of Andhra Pradesh,Gouthami Educational Society,798,21
Govt of Andhra Pradesh,GrapeSoft,1019,15
Govt of Andhra Pradesh,IL&FS LTD,0,1
Govt of Andhra Pradesh,INFRONICS SYSTEMS LTD,11228,58
Govt of Andhra Pradesh,Madras Security Printers Ltd,351,3
Govt of Andhra Pradesh,SREEVEN INFOCOM LIMITED,5868,51
Govt of Andhra Pradesh,Smart Chip Limited,0,1
Govt of Andhra Pradesh,Tera Software Ltd,3392,12
Govt of Andhra Pradesh,eCentric solutions pvt ltd,1,2
Govt of Goa,MARS Telecom Systems Pvt Ltd,32,16
Govt of Goa,Tera Software Ltd,0,2
Govt of Gujarat,GSS Infotech Ltd,2774,23
Govt of Gujarat,Karvy Computershare Private Li,7341,80
Govt of Gujarat,Silver Touch Technologies Ltd,11162,189
Govt of Gujarat,Tera Software Ltd,3079,26
Govt of Gujarat,Transline Technologies P Ltd,51,2
Govt of Gujarat,Vayam technologies Ltd,3532,64
Govt of Gujarat,eCentric solutions pvt ltd,2699,75
Govt of Himachal Pradesh,Wipro Ltd,7587,397
Govt of Himachal Pradesh,i-Grandee SoftwareTechnologies,3875,42
Govt of Karnataka ,COMAT TECHNOLOGIES P LTD,2,1
Govt of Karnataka ,MARS Telecom Systems Pvt Ltd,3095,48
Govt of Karnataka ,Ninestars Information Technologies Limited,13596,63
Govt of Karnataka ,Origin ITFS Pvt Ltd,5095,23
Govt of Karnataka ,SREEVEN INFOCOM LIMITED,1523,30
Govt of Karnataka ,Tera Software Ltd,0,25
Govt of Karnataka ,Wipro Ltd,0,1
Govt of Kerala,Akshaya,40308,240
Govt of Kerala,Keltron,6983,166
Govt of Madhya Pradesh,VIRGO SOFTECH LIMITED,1,94
Govt of Maharashtra,Alankit Finsec Ltd,9545,287
Govt of Maharashtra,Eagle press pvt ltd,928,4
Govt of Maharashtra,GLODYNE TECHNOSERVE,7,6
Govt of Maharashtra,GSS Infotech Ltd,0,1
Govt of Maharashtra,Karvy Computershare Private Li,12751,249
Govt of Maharashtra,Mahaonline Limited,0,1
Govt of Maharashtra,STRATEGIC OUTSOURCING SERVICE,14200,43
Govt of Maharashtra,Silver Touch Technologies Ltd,4601,32
Govt of Maharashtra,TechSmart India Pvt Ltd,5447,89
Govt of Maharashtra,Tera Software Ltd,900,8
Govt of Maharashtra,Transline Technologies P Ltd,3032,120
Govt of Maharashtra,Wipro Ltd,12517,116
Govt of Sikkim - Dept of Econo,Department of Economics Statistics  Monitoring and Evaluation DESME,10,0
IDBI Bank ltd,ATISHAY INFOTECH PVT. LTD.,2107,61
IDBI Bank ltd,Matrix Processing House,1,0
IDBI Bank ltd,Pioneer E Labs limited,1,1
IDBI Bank ltd,SREEVEN INFOCOM LIMITED,347,0
IDBI Bank ltd,UTI TECHNOLOGY SERVICES LIMITE,403,10
Indiapost,Delhi Integrated MMTS Ltd,3765,68
Indiapost,Eagle press pvt ltd,0,3
Indiapost,GLODYNE TECHNOSERVE,0,1
Indiapost,Madras Security Printers Ltd,0,2
Indiapost,Smart Chip Limited,1,0
Indiapost,TEAM LIFE CARE COMPANY INDIA P,11282,38
Indiapost,The NSIC ltd,0,4
Information Technology & Communication Department,4G INFORMATICS,4746,8
Information Technology & Communication Department,BNR UDYOG LIMITED,422,1
Information Technology & Communication Department,Bloom Solutions Pvt Ltd,2799,14
Information Technology & Communication Department,CSS TECHNERGY LIMITED,87,1
Information Technology & Communication Department,GDC Advertising Pvt. Limited,3004,16
Information Technology & Communication Department,JYOTHI COMPUTER SERVICES,1176,5
Information Technology & Communication Department,SREEVEN INFOCOM LIMITED,2092,26
Information Technology & Communication Department,Tera Software Ltd,362,3
Jharkhand,Alankit Assignments Limited,1116,9
Jharkhand,Blue Circle Instrument,409,9
Jharkhand,Emdee Digitronics Pvt.Ltd.,344,13
Jharkhand,MKS Enterprises,1596,29
Jharkhand,Nevaeh Technology Pvt. Ltd.,29,5
Jharkhand,STRATEGIC OUTSOURCING SERVICE,859,11
Jharkhand,Smart ID,1,0
Jharkhand,Systematic & Advance Const P L,5155,73
Jharkhand,VISION COMPTECH INTEGRATOR LTD,9245,209
Jharkhand,Wipro Ltd,12665,336
Life Insurance Corporation,eCentric solutions pvt ltd,0,3
Mission Convergence - GNCT Del,Karvy Computershare Private Li,3,4
Mission Convergence - GNCT Del,Smart Chip Limited,0,1
Mission Convergence - GNCT Del,Tera Software Ltd,0,2
Mission Convergence - GNCT Del,eCentric solutions pvt ltd,0,11
N S D L,Abhipra Capital Ltd,3870,81
N S D L,Alankit Assignments Limited,1541,9
N S D L,Karvy Data Management Services,18515,327
N S D L,PROWIZ MANSYTEMS PVT LTD,5790,94
N S D L,TEAM LIFE CARE COMPANY INDIA P,653,3
N S D L,VIRGO SOFTECH LIMITED,835,0
Oriental Bank of Commerce,DATASOFT COMPUTER SERVICES(P),383,3
Oriental Bank of Commerce,FINANCIAL INFORMATION NETWORK,5299,15
Oriental Bank of Commerce,IL&FS LTD,0,5
Oriental Bank of Commerce,Sri Ramraja Sarkar Lok Kalyan Trust,1,0
Oriental Bank of Commerce,Wipro Ltd,2313,44
RDD Govt of Tripura,Alankit Assignments Limited,1,0
Registrar General India - BEL,In Media Computer Services LLP,2,2
Registrar General India - BEL,Manipur Electronics Dev Corp,3,0
Registrar General India - BEL,Swathy Smartcards Hi-Tech Pvt,278,56
Registrar General India BEL2,Computer LAB,706,463
Registrar General India BEL2,India Computer Technology,5107,7380
Registrar General India BEL2,Madras Security Printers Ltd,17599,6743
Registrar General India BEL2,Multiwave Innovation,9,81
Registrar General India BEL2,Om Softwares,486,34
Registrar General India BEL2,SREEVEN INFOCOM LIMITED,0,42
Registrar General India BEL2,Swathy Smartcards Hi-Tech Pvt,135570,57935
Registrar General India BEL2,Swiss Tech India Pvt Ltd,265,12
Registrar General India BEL2,Tera Software Ltd,15414,9475
Registrar General India BEL2,VIRGO SOFTECH LIMITED,34,4
Registrar General India BEL2,Vansh Infotech Pvt Ltd,99,0
Registrar General India ECIL,Clairvoyance Technologies Pvt.,9,0
Registrar General India ECIL,Computer LAB,12313,175
Registrar General India ECIL,Eagle Software India Pvt. Ltd,30,65
Registrar General India ECIL,In Media Computer Services LLP,1404,281
Registrar General India ECIL,India Computer Technology,553,433
Registrar General India ECIL,Krishna Infotech,689,544
Registrar General India ECIL,Madras Security Printers Ltd,835,193
Registrar General India ECIL,Pioneer E Labs limited,40,5
Registrar General India ECIL,SWISSTECH NPR 57CR PROJECT PVT,6270,12911
Registrar General India ECIL,Tera Software Ltd,26,1
Registrar General India ECIL,Vedavaag Systems Limited,7864,10173
Registrar General India Others,Computer LAB,1,1
Registrar General India Others,Madras Security Printers Ltd,7,2
Registrar General India Others,Nielsen  India  Private Limited,4,0
Registrar General India Others,Om Softwares,9,0
Registrar General India Others,Swathy Smartcards Hi-Tech Pvt,290,160
Registrar General India Others,Swiss Tech India Pvt Ltd,3,0
Registrar General India Others,Tera Software Ltd,49,0
Registrar General of India ITI,Emdee Digitronics Pvt.Ltd.,46216,6703
Registrar General of India ITI,Madras Security Printers Ltd,21,99
Registrar General of India ITI,Multiwave Innovation,3,164
Registrar General of India ITI,SREEVEN INFOCOM LIMITED,4,10
Registrar General of India ITI,STRATEGIC OUTSOURCING SERVICE,608,0
Registrar General of India ITI,Swathy Smartcards Hi-Tech Pvt,41957,2289
Registrar General of India ITI,TechSmart India Pvt Ltd,2217,2126
Registrar General of India ITI,WEBEL TECHNOLOGY LIMITED,32090,753
STATE BANK OF HYDERABAD,CSS TECHNERGY LIMITED,0,8
State Bank of Bikaner & Jaipur,Multiwave Innovation,5190,117
State Bank of India,4G IDENTITY SOLUTIONS,0,1
State Bank of India,CSS TECHNERGY LIMITED,0,3
State Bank of India,Smart Chip Limited,0,1
State Bank of India,VIRGO SOFTECH LIMITED,4,3
State Bank of Travancore,Tera Software Ltd,148,11
UDD Govt of Jharkhand,Blue Circle Instrument,1640,43
UDD Govt of Jharkhand,IL&FS LTD,0,1
UDD Govt of Jharkhand,MKS Enterprises,2532,133
UDD Govt of Jharkhand,Systematic & Advance Const P L,1,1
UDD Govt of Jharkhand,Vayam technologies Ltd,11,0
UIDAI-Registrar,UIDAI-EA,2,0
UT Of Daman and Diu,Alankit Assignments Limited,3,0
UT of Puducherry,Madras Security Printers Ltd,134,0
Union Bank,FINANCIAL INFORMATION NETWORK,1,0
Union Bank,Smart Chip Limited,24128,521
Union Bank,Vakrangee Softwares Limited,18995,796
