Registrar,Enrolment Agency,Aadhaar generated,Enrolment Rejected
Allahabad Bank,IL&FS LTD,85,0
Allahabad Bank,Tera Software Ltd,167,8
Allahabad Bank,Vakrangee Softwares Limited,8823,295
Bank Of India,A3 Logics  India  Ltd,11368,364
Bank Of India,Akanksha International,134,2
Bank Of India,CHESSY CONSULTANTS PVT LTD,868,9
Bank Of India,DATASOFT COMPUTER SERVICES(P),1306,35
Bank Of India,Emdee Digitronics Pvt.Ltd.,1,0
Bank Of India,Frontech Systems Pvt Ltd,2818,70
Bank Of India,ITI LIMITED,7417,34
Bank Of India,Integra Micro Systems Pvt.ltd,14,0
Bank Of India,MANTRA SOFTTECH (INDIA) PVTLTD,5615,209
Bank Of India,Matrix Processing House,4837,61
Bank Of India,OPTIMIX CONSULTANCY PRIVATE LT,38,1
Bank Of India,OSWAL COMPUTERS & CONSULTANTS,10452,266
Bank Of India,PROTEX COMPUTER PVT LTD,1960,24
Bank Of India,SARADA SYSTEMS,1712,7
Bank Of India,SHRIKRISHNA KHANDASARI SUGAR M,9160,113
Bank Of India,SPANCO,4520,36
Bank Of India,SREI INFRASTRUCTURE FINANCES L,1919,17
Bank Of India,Silver Touch Technologies Ltd,3489,154
Bank Of India,Systematic & Advance Const P L,4956,166
Bank Of India,Tera Software Ltd,1,0
Bank Of India,VEETECHNOLOGIES PVT. LTD,1087,2
Bank Of India,Vakrangee Softwares Limited,40696,1502
Bank of Baroda,DATASOFT COMPUTER SERVICES(P),272,0
Bank of Baroda,IL&FS LTD,516,2
Bank of Baroda,TEAM LIFE CARE COMPANY INDIA P,392,0
Bank of Maharashtra,Alankit Assignments Limited,107,0
Canara Bank,ITI LIMITED,2,0
Canara Bank,Rosmerta technoliges Limited,199,1
Canara Bank,Smart Chip Limited,66,0
Canara Bank,Swiss Tech India Pvt Ltd,56,0
Canara Bank,VIRGO SOFTECH LIMITED,1,0
Central Bank of India,CALANCE SOFTWARE PRIVATE LTD,13853,108
Central Bank of India,Frontech Systems Pvt Ltd,92,0
Central Bank of India,GSS Infotech Ltd,111,0
Central Bank of India,IAP COMPANY Pvt. Ltd,14959,120
Central Bank of India,IL&FS LTD,629,0
Central Bank of India,MANTRA SOFTTECH (INDIA) PVTLTD,1659,7
Central Bank of India,SREI INFRASTRUCTURE FINANCES L,681,0
Central Bank of India,Tera Software Ltd,9,0
Central Bank of India,The Peerless General Finance,734,68
Civil Supplies - A&N Islands,India Computer Technology,103,0
DENA BANK,ATISHAY INFOTECH PVT. LTD.,64,2
DENA BANK,DATASOFT COMPUTER SERVICES(P),746,26
Delhi - Central DC,Smart Chip Limited,599,3
Delhi - East DC,DATASOFT COMPUTER SERVICES(P),126,0
Delhi - East DC,Tera Software Ltd,312,0
Delhi - ND DC,Smart Chip Limited,175,0
Delhi - NE DC,Alankit Assignments Limited,1243,0
Delhi - NE DC,Smart Chip Limited,2,3
Delhi - NE DC,Smart ID,58,0
Delhi - North DC,DATASOFT COMPUTER SERVICES(P),209,4
Delhi - North DC,Smart Chip Limited,941,3
Delhi SW DC,STRATEGIC OUTSOURCING SERVICE,762,81
Delhi SW DC,VIRGO SOFTECH LIMITED,59,10
Delhi Urban Shelter Improvemen,Alankit Assignments Limited,80,0
Delhi Urban Shelter Improvemen,Matrix Processing House,8,0
Delhi Urban Shelter Improvemen,STRATEGIC OUTSOURCING SERVICE,293,1
Delhi Urban Shelter Improvemen,Smart Chip Limited,74,0
Delhi Urban Shelter Improvemen,Tera Software Ltd,393,1
Delhi- South DC,Karvy Computershare Private Li,530,13
Delhi- South DC,Tera Software Ltd,379,0
Delhi- South DC,eCentric solutions pvt ltd,205,2
Delhi- West DC,Matrix Processing House,207,0
Delhi- West DC,VIRGO SOFTECH LIMITED,200,17
Delhi-NW DC,Karvy Computershare Private Li,222,140
Delhi-NW DC,STRATEGIC OUTSOURCING SERVICE,536,0
Dept of ITC Govt of Rajasthan,ATISHAY INFOTECH PVT. LTD.,14562,311
Dept of ITC Govt of Rajasthan,Alankit Finsec Ltd,2399,47
Dept of ITC Govt of Rajasthan,DATASOFT COMPUTER SERVICES(P),5197,257
Dept of ITC Govt of Rajasthan,GSS Infotech Ltd,61,0
Dept of ITC Govt of Rajasthan,TechSmart India Pvt Ltd,140,0
Dept of ITC Govt of Rajasthan,Transline Technologies P Ltd,707,58
Dept of ITC Govt of Rajasthan,Vakrangee Softwares Limited,11665,1566
Dept of ITC Govt of Rajasthan,Vayam technologies Ltd,628,13
FCR Govt of Haryana,Vakrangee Softwares Limited,6834,193
FCS Govt of Punjab,Alankit Assignments Limited,1402,11
FCS Govt of Punjab,Alankit Finsec Ltd,1148,0
FCS Govt of Punjab,Alankit Life Care Ltd,413,0
FCS Govt of Punjab,CSS TECHNERGY LIMITED,3052,129
FCS Govt of Punjab,Delhi Integrated MMTS Ltd,768,0
FCS Govt of Punjab,Diwakar Commercials Pvt Ltd,1164,945
FCS Govt of Punjab,Karvy Computershare Private Li,16301,464
FCS Govt of Punjab,VIRGO SOFTECH LIMITED,968,0
FCS Govt of Punjab,VISESH INFOTECNICS LIMITED,186,0
FCS Govt of Punjab,Vayam technologies Ltd,6241,84
FCS Govt of Punjab,eCentric solutions pvt ltd,6119,158
Govt of Andhra Pradesh,Gouthami Educational Society,9918,354
Govt of Andhra Pradesh,GrapeSoft,1221,36
Govt of Andhra Pradesh,IL&FS LTD,1986,2
Govt of Andhra Pradesh,INFRONICS SYSTEMS LTD,22152,678
Govt of Andhra Pradesh,Madras Security Printers Ltd,3732,256
Govt of Andhra Pradesh,Mahaonline Limited,1,0
Govt of Andhra Pradesh,SREEVEN INFOCOM LIMITED,1976,22
Govt of Andhra Pradesh,Smart Chip Limited,1319,0
Govt of Andhra Pradesh,TechSmart India Pvt Ltd,5898,90
Govt of Andhra Pradesh,Tera Software Ltd,3150,61
Govt of Andhra Pradesh,eCentric solutions pvt ltd,3598,15
Govt of Goa,COMAT TECHNOLOGIES P LTD,82,2
Govt of Goa,MARS Telecom Systems Pvt Ltd,1841,63
Govt of Goa,Tera Software Ltd,236,2
Govt of Gujarat,GSS Infotech Ltd,4551,74
Govt of Gujarat,Karvy Computershare Private Li,9059,99
Govt of Gujarat,Silver Touch Technologies Ltd,6716,141
Govt of Gujarat,Tera Software Ltd,3316,41
Govt of Gujarat,Transline Technologies P Ltd,1247,14
Govt of Gujarat,Vayam technologies Ltd,4023,80
Govt of Gujarat,eCentric solutions pvt ltd,3281,31
Govt of Himachal Pradesh,IL&FS LTD,901,0
Govt of Himachal Pradesh,Wipro Ltd,6688,169
Govt of Himachal Pradesh,i-Grandee SoftwareTechnologies,7687,70
Govt of Karnataka ,COMAT TECHNOLOGIES P LTD,1406,4
Govt of Karnataka ,GLODYNE TECHNOSERVE,2758,38
Govt of Karnataka ,Integra Micro Systems Pvt.ltd,865,961
Govt of Karnataka ,MARS Telecom Systems Pvt Ltd,1278,12
Govt of Karnataka ,Ninestars Information Technologies Limited,4171,59
Govt of Karnataka ,Origin ITFS Pvt Ltd,779,8
Govt of Karnataka ,SREEVEN INFOCOM LIMITED,490,2
Govt of Karnataka ,Tera Software Ltd,1489,1
Govt of Karnataka ,Wipro Ltd,1149,13
Govt of Kerala,Akshaya,43279,478
Govt of Kerala,Keltron,3645,80
Govt of Madhya Pradesh,VIRGO SOFTECH LIMITED,8740,2001
Govt of Maharashtra,Alankit Assignments Limited,1003,0
Govt of Maharashtra,Alankit Finsec Ltd,7015,77
Govt of Maharashtra,COMAT TECHNOLOGIES P LTD,204,0
Govt of Maharashtra,Eagle press pvt ltd,1932,13
Govt of Maharashtra,GLODYNE TECHNOSERVE,4530,38
Govt of Maharashtra,GSS Infotech Ltd,544,0
Govt of Maharashtra,Karvy Computershare Private Li,27633,319
Govt of Maharashtra,Mahaonline Limited,2405,5
Govt of Maharashtra,SPANCO,123,0
Govt of Maharashtra,STRATEGIC OUTSOURCING SERVICE,7551,253
Govt of Maharashtra,Silver Touch Technologies Ltd,4832,30
Govt of Maharashtra,Smart Chip Limited,553,16
Govt of Maharashtra,TEAM LIFE CARE COMPANY INDIA P,739,0
Govt of Maharashtra,TechSmart India Pvt Ltd,3524,61
Govt of Maharashtra,Tera Software Ltd,4557,31
Govt of Maharashtra,Transline Technologies P Ltd,8220,159
Govt of Maharashtra,Wep Solution India Limited,1060,0
Govt of Maharashtra,Wipro Ltd,18288,624
Govt of Sikkim - Dept of Econo,4G IDENTITY SOLUTIONS,353,0
Govt of Sikkim - Dept of Econo,Department of Economics Statistics  Monitoring and Evaluation DESME,61,0
Govt of Sikkim - Dept of Econo,SREI INFRASTRUCTURE FINANCES L,1,0
IDBI Bank ltd,ATISHAY INFOTECH PVT. LTD.,3277,23
IDBI Bank ltd,Matrix Processing House,3,0
IDBI Bank ltd,Pioneer E Labs limited,191,1
IDBI Bank ltd,SREEVEN INFOCOM LIMITED,1241,16
IDBI Bank ltd,UTI TECHNOLOGY SERVICES LIMITE,507,1
IGNOU,VIRGO SOFTECH LIMITED,19,0
IGNOU,Vakrangee Softwares Limited,44,0
Indian Bank,GSS Infotech Ltd,13,0
Indian Bank,i-Grandee SoftwareTechnologies,18,0
Indian Overseas Bank,Eagle Software India Pvt. Ltd,40,0
Indian Overseas Bank,Karvy Computershare Private Li,9,1
Indian Overseas Bank,Wipro Ltd,2,0
Indiapost,4G IDENTITY SOLUTIONS,1647,0
Indiapost,COMAT TECHNOLOGIES P LTD,214,0
Indiapost,CSS TECHNERGY LIMITED,7,0
Indiapost,Delhi Integrated MMTS Ltd,8936,109
Indiapost,Eagle press pvt ltd,27,0
Indiapost,GLODYNE TECHNOSERVE,430,22
Indiapost,GSS Infotech Ltd,47,0
Indiapost,IL&FS LTD,1169,15
Indiapost,Madras Security Printers Ltd,71,0
Indiapost,Smart Chip Limited,89,1
Indiapost,TEAM LIFE CARE COMPANY INDIA P,4332,44
Indiapost,The NSIC ltd,324,0
Indiapost,The Peerless General Finance,97,1
Indiapost,UTI TECHNOLOGY SERVICES LIMITE,355,0
Indiapost,WEBEL,97,0
Indiapost,eCentric solutions pvt ltd,255,0
Information Technology & Communication Department,4G INFORMATICS,2849,3
Information Technology & Communication Department,BNR UDYOG LIMITED,1438,8
Information Technology & Communication Department,Bloom Solutions Pvt Ltd,2159,16
Information Technology & Communication Department,CSS TECHNERGY LIMITED,282,0
Information Technology & Communication Department,GDC Advertising Pvt. Limited,5613,11
Information Technology & Communication Department,JYOTHI COMPUTER SERVICES,1178,61
Information Technology & Communication Department,MARS Telecom Systems Pvt Ltd,7,0
Information Technology & Communication Department,SREEVEN INFOCOM LIMITED,1929,4
Jammu and Kashmir Bank,COMTECH INSTITUTE OFTECHNOLOGY,3,0
Jharkhand,Alankit Assignments Limited,1649,26
Jharkhand,Blue Circle Instrument,582,9
Jharkhand,Emdee Digitronics Pvt.Ltd.,363,6
Jharkhand,IL&FS LTD,137,0
Jharkhand,MKS Enterprises,3015,29
Jharkhand,Nevaeh Technology Pvt. Ltd.,2197,25
Jharkhand,STRATEGIC OUTSOURCING SERVICE,2123,150
Jharkhand,Smart ID,86,0
Jharkhand,Systematic & Advance Const P L,3566,103
Jharkhand,VISION COMPTECH INTEGRATOR LTD,3821,84
Jharkhand,Wipro Ltd,11452,158
Life Insurance Corporation,ATISHAY INFOTECH PVT. LTD.,55,0
Life Insurance Corporation,COMAT TECHNOLOGIES P LTD,5,0
Life Insurance Corporation,DATASOFT COMPUTER SERVICES(P),64,0
Life Insurance Corporation,Emdee Digitronics Pvt.Ltd.,5,0
Life Insurance Corporation,LOHIA JUTE PRESS PVT LTD,2,0
Life Insurance Corporation,LYRA  CONSULTANCY SERVICE,7,0
Life Insurance Corporation,MICROVIEWS INFOSYSTEMS PVT LTD,11,0
Life Insurance Corporation,PROTEX COMPUTER PVT LTD,6,0
Life Insurance Corporation,Smart ID,41,0
Life Insurance Corporation,UNIVERSAL SOLUTIONS,1,0
Life Insurance Corporation,eCentric solutions pvt ltd,33,0
Mission Convergence - GNCT Del,Alankit Assignments Limited,146,0
Mission Convergence - GNCT Del,IL&FS LTD,56,0
Mission Convergence - GNCT Del,Karvy Computershare Private Li,225,16
Mission Convergence - GNCT Del,Matrix Processing House,16,0
Mission Convergence - GNCT Del,STRATEGIC OUTSOURCING SERVICE,1038,0
Mission Convergence - GNCT Del,Smart Chip Limited,104,0
Mission Convergence - GNCT Del,Tera Software Ltd,73,0
Mission Convergence - GNCT Del,eCentric solutions pvt ltd,66,0
N S D L,Abhipra Capital Ltd,3356,104
N S D L,Alankit Assignments Limited,1207,20
N S D L,Atlas Documentary Facilitator,2,0
N S D L,INTEGRATED REGISTRY SERVICES,5,0
N S D L,Karvy Data Management Services,21602,454
N S D L,PROWIZ MANSYTEMS PVT LTD,9113,205
N S D L,RELIGARE SECURITIES LTD,2,0
N S D L,TEAM LIFE CARE COMPANY INDIA P,269,6
N S D L,VIRGO SOFTECH LIMITED,129,2
Oriental Bank of Commerce,DATASOFT COMPUTER SERVICES(P),2245,43
Oriental Bank of Commerce,FINANCIAL INFORMATION NETWORK,2442,39
Oriental Bank of Commerce,IL&FS LTD,243,0
Oriental Bank of Commerce,Sri Ramraja Sarkar Lok Kalyan Trust,260,4
Oriental Bank of Commerce,The NSIC ltd,36,0
Oriental Bank of Commerce,Wipro Ltd,2241,28
Punjab and Sind Bank,Matrix Processing House,17,0
RDD Govt of Tripura,Alankit Assignments Limited,2727,9
RDD Govt of Tripura,Madras Security Printers Ltd,2,0
Registrar General India - BEL,In Media Computer Services LLP,2833,1
Registrar General India - BEL,Manipur Electronics Dev Corp,1124,0
Registrar General India - BEL,Swathy Smartcards Hi-Tech Pvt,1040,333
Registrar General India BEL2,Computer LAB,804,24196
Registrar General India BEL2,India Computer Technology,1316,34119
Registrar General India BEL2,Madras Security Printers Ltd,7523,24276
Registrar General India BEL2,Multiwave Innovation,880,4064
Registrar General India BEL2,Om Softwares,2454,39
Registrar General India BEL2,SREEVEN INFOCOM LIMITED,73,32794
Registrar General India BEL2,Swathy Smartcards Hi-Tech Pvt,53137,154325
Registrar General India BEL2,Swiss Tech India Pvt Ltd,37,0
Registrar General India BEL2,Tera Software Ltd,4656,156389
Registrar General India BEL2,VIRGO SOFTECH LIMITED,204,0
Registrar General India BEL2,Vansh Infotech Pvt Ltd,74,0
Registrar General India ECIL,Clairvoyance Technologies Pvt.,187,1585
Registrar General India ECIL,Computer LAB,70406,52463
Registrar General India ECIL,Eagle Software India Pvt. Ltd,19290,25530
Registrar General India ECIL,In Media Computer Services LLP,13883,1124
Registrar General India ECIL,India Computer Technology,7385,19571
Registrar General India ECIL,Krishna Infotech,2124,246716
Registrar General India ECIL,Madras Security Printers Ltd,3045,34823
Registrar General India ECIL,Pioneer E Labs limited,2513,391
Registrar General India ECIL,SWISSTECH NPR 57CR PROJECT PVT,9581,95665
Registrar General India ECIL,Tera Software Ltd,40,1
Registrar General India ECIL,Vedavaag Systems Limited,2629,146898
Registrar General India Others,Computer LAB,34,697
Registrar General India Others,Eagle Software India Pvt. Ltd,4,34
Registrar General India Others,Emdee Digitronics Pvt.Ltd.,9,2
Registrar General India Others,India Computer Technology,1,0
Registrar General India Others,Madras Security Printers Ltd,133,57
Registrar General India Others,Nielsen  India  Private Limited,2,0
Registrar General India Others,Om Softwares,2,1
Registrar General India Others,SREEVEN INFOCOM LIMITED,0,152
Registrar General India Others,SWISSTECH NPR 57CR PROJECT PVT,2,4
Registrar General India Others,Swathy Smartcards Hi-Tech Pvt,890,359
Registrar General India Others,Swiss Tech India Pvt Ltd,0,1
Registrar General India Others,Tera Software Ltd,1,0
Registrar General India Others,Vansh Infotech Pvt Ltd,2,0
Registrar General India Others,Vedavaag Systems Limited,3,0
Registrar General India Others,WEBEL TECHNOLOGY LIMITED,9,0
Registrar General of India ITI,Emdee Digitronics Pvt.Ltd.,38033,15857
Registrar General of India ITI,Madras Security Printers Ltd,1,6
Registrar General of India ITI,Multiwave Innovation,697,381
Registrar General of India ITI,SREEVEN INFOCOM LIMITED,334,8
Registrar General of India ITI,STRATEGIC OUTSOURCING SERVICE,2,0
Registrar General of India ITI,Swathy Smartcards Hi-Tech Pvt,53158,45904
Registrar General of India ITI,TechSmart India Pvt Ltd,3308,6482
Registrar General of India ITI,WEBEL TECHNOLOGY LIMITED,4871,7754
STATE BANK OF HYDERABAD,CSS TECHNERGY LIMITED,167,27
STATE BANK OF PATIALA,CSS TECHNERGY LIMITED,169,5
State Bank of Bikaner & Jaipur,Multiwave Innovation,25783,224
State Bank of India,4G IDENTITY SOLUTIONS,7919,29
State Bank of India,COMAT TECHNOLOGIES P LTD,191,0
State Bank of India,CSS TECHNERGY LIMITED,6484,23
State Bank of India,Delhi Integrated MMTS Ltd,375,0
State Bank of India,Eagle press pvt ltd,318,0
State Bank of India,IL&FS LTD,752,0
State Bank of India,Smart Chip Limited,5798,2
State Bank of India,VIRGO SOFTECH LIMITED,433,1
State Bank of Travancore,Tera Software Ltd,740,14
Syndicate Bank,Smart Chip Limited,46,0
UDD Govt of Jharkhand,Blue Circle Instrument,998,19
UDD Govt of Jharkhand,IL&FS LTD,590,0
UDD Govt of Jharkhand,MKS Enterprises,8942,261
UDD Govt of Jharkhand,Smart ID,138,0
UDD Govt of Jharkhand,Systematic & Advance Const P L,640,46
UDD Govt of Jharkhand,Vayam technologies Ltd,1,0
UIDAI-Registrar,UIDAI-EA,38,1
UT Of Daman and Diu,Alankit Assignments Limited,222,15
UT of Puducherry,Madras Security Printers Ltd,2299,10
Union Bank,4G IDENTITY SOLUTIONS,307,0
Union Bank,Smart Chip Limited,26520,484
Union Bank,Vakrangee Softwares Limited,20736,526
United Bank of India,Atyati Technologies Pvt Ltd,4,0
