Registrar,Enrolment Agency,Aadhaar generated,Enrolment Rejected
Allahabad Bank,Tera Software Ltd,248,3
Allahabad Bank,Vakrangee Softwares Limited,20575,343
Bank Of India,A3 Logics  India  Ltd,6543,66
Bank Of India,Akanksha International,259,18
Bank Of India,CHESSY CONSULTANTS PVT LTD,5148,6
Bank Of India,DATASOFT COMPUTER SERVICES(P),551,2
Bank Of India,Emdee Digitronics Pvt.Ltd.,5,0
Bank Of India,Frontech Systems Pvt Ltd,3213,32
Bank Of India,ITI LIMITED,132,35
Bank Of India,MANTRA SOFTTECH (INDIA) PVTLTD,14703,90
Bank Of India,Matrix Processing House,1896,30
Bank Of India,OPTIMIX CONSULTANCY PRIVATE LT,0,1
Bank Of India,OSWAL COMPUTERS & CONSULTANTS,8468,109
Bank Of India,PROTEX COMPUTER PVT LTD,2061,11
Bank Of India,SARADA SYSTEMS,1000,6
Bank Of India,SHRIKRISHNA KHANDASARI SUGAR M,8697,97
Bank Of India,SPANCO,6616,21
Bank Of India,SREI INFRASTRUCTURE FINANCES L,928,18
Bank Of India,Silver Touch Technologies Ltd,1958,30
Bank Of India,Systematic & Advance Const P L,3068,152
Bank Of India,VEETECHNOLOGIES PVT. LTD,1037,5
Bank Of India,Vakrangee Softwares Limited,15868,1137
Bank of Baroda,IL&FS LTD,0,4
Central Bank of India,CALANCE SOFTWARE PRIVATE LTD,4080,27
Central Bank of India,IAP COMPANY Pvt. Ltd,4255,131
Central Bank of India,MANTRA SOFTTECH (INDIA) PVTLTD,112,4
Central Bank of India,The Peerless General Finance,284,3
DENA BANK,ATISHAY INFOTECH PVT. LTD.,112,0
DENA BANK,DATASOFT COMPUTER SERVICES(P),524,4
Delhi - Central DC,Smart Chip Limited,672,6
Delhi - East DC,DATASOFT COMPUTER SERVICES(P),289,0
Delhi - ND DC,Smart Chip Limited,741,2
Delhi - NE DC,Smart Chip Limited,208,1
Delhi - North DC,DATASOFT COMPUTER SERVICES(P),51,0
Delhi - North DC,Smart Chip Limited,5,0
Delhi SW DC,STRATEGIC OUTSOURCING SERVICE,0,1
Delhi SW DC,VIRGO SOFTECH LIMITED,1289,2
Delhi- South DC,Karvy Computershare Private Li,2,0
Delhi- West DC,Smart Chip Limited,243,0
Delhi- West DC,VIRGO SOFTECH LIMITED,96,1
Delhi-NW DC,Karvy Computershare Private Li,1,3
Dept of ITC Govt of Rajasthan,ATISHAY INFOTECH PVT. LTD.,4869,65
Dept of ITC Govt of Rajasthan,AVVAS INFOTECH PVT  LTD,13,0
Dept of ITC Govt of Rajasthan,Alankit Finsec Ltd,1014,5
Dept of ITC Govt of Rajasthan,DATASOFT COMPUTER SERVICES(P),2188,46
Dept of ITC Govt of Rajasthan,Transline Technologies P Ltd,1414,22
Dept of ITC Govt of Rajasthan,Vakrangee Softwares Limited,15361,469
Dept of ITC Govt of Rajasthan,Vayam technologies Ltd,593,6
FCR Govt of Haryana,Vakrangee Softwares Limited,3673,123
FCS Govt of Punjab,CSS TECHNERGY LIMITED,67,7
FCS Govt of Punjab,Diwakar Commercials Pvt Ltd,2,0
FCS Govt of Punjab,Karvy Computershare Private Li,2322,284
FCS Govt of Punjab,Vayam technologies Ltd,2693,117
FCS Govt of Punjab,eCentric solutions pvt ltd,9060,513
Govt of Andhra Pradesh,Gouthami Educational Society,93,58
Govt of Andhra Pradesh,GrapeSoft,73,8
Govt of Andhra Pradesh,INFRONICS SYSTEMS LTD,6365,189
Govt of Andhra Pradesh,Madras Security Printers Ltd,2,7
Govt of Andhra Pradesh,SREEVEN INFOCOM LIMITED,2190,24
Govt of Andhra Pradesh,TechSmart India Pvt Ltd,0,1
Govt of Andhra Pradesh,Tera Software Ltd,238,86
Govt of Andhra Pradesh,eCentric solutions pvt ltd,2,4
Govt of Goa,MARS Telecom Systems Pvt Ltd,31,29
Govt of Goa,Tera Software Ltd,75,12
Govt of Gujarat,GSS Infotech Ltd,2834,47
Govt of Gujarat,Karvy Computershare Private Li,19744,58
Govt of Gujarat,Silver Touch Technologies Ltd,17089,170
Govt of Gujarat,Tera Software Ltd,8736,49
Govt of Gujarat,Transline Technologies P Ltd,98,18
Govt of Gujarat,Vayam technologies Ltd,8805,87
Govt of Gujarat,eCentric solutions pvt ltd,2507,40
Govt of Himachal Pradesh,Wipro Ltd,2983,37
Govt of Himachal Pradesh,i-Grandee SoftwareTechnologies,7170,40
Govt of Karnataka ,COMAT TECHNOLOGIES P LTD,170,0
Govt of Karnataka ,GLODYNE TECHNOSERVE,0,1
Govt of Karnataka ,MARS Telecom Systems Pvt Ltd,2631,11
Govt of Karnataka ,Ninestars Information Technologies Limited,1625,8
Govt of Karnataka ,Origin ITFS Pvt Ltd,723,10
Govt of Karnataka ,SREEVEN INFOCOM LIMITED,862,11
Govt of Karnataka ,Tera Software Ltd,0,1
Govt of Kerala,Akshaya,23750,342
Govt of Kerala,Keltron,45526,1109
Govt of Madhya Pradesh,VIRGO SOFTECH LIMITED,0,11
Govt of Maharashtra,Alankit Finsec Ltd,5557,7
Govt of Maharashtra,Eagle press pvt ltd,942,77
Govt of Maharashtra,GLODYNE TECHNOSERVE,8,13
Govt of Maharashtra,Karvy Computershare Private Li,10926,348
Govt of Maharashtra,Mahaonline Limited,0,1
Govt of Maharashtra,STRATEGIC OUTSOURCING SERVICE,4617,1064
Govt of Maharashtra,Silver Touch Technologies Ltd,3073,54
Govt of Maharashtra,Systematic & Advance Const P L,129,0
Govt of Maharashtra,TEAM LIFE CARE COMPANY INDIA P,1,0
Govt of Maharashtra,TechSmart India Pvt Ltd,844,23
Govt of Maharashtra,Tera Software Ltd,160,27
Govt of Maharashtra,Transline Technologies P Ltd,4098,86
Govt of Maharashtra,Wipro Ltd,20503,281
Govt of Sikkim - Dept of Econo,Department of Economics Statistics  Monitoring and Evaluation DESME,41,0
IDBI Bank ltd,ATISHAY INFOTECH PVT. LTD.,846,12
IDBI Bank ltd,Matrix Processing House,33,0
IDBI Bank ltd,Pioneer E Labs limited,1,7
IDBI Bank ltd,SREEVEN INFOCOM LIMITED,556,9
IDBI Bank ltd,UTI TECHNOLOGY SERVICES LIMITE,1337,4
Indiapost,Delhi Integrated MMTS Ltd,2750,31
Indiapost,GLODYNE TECHNOSERVE,0,8
Indiapost,Smart Chip Limited,48,36
Indiapost,TEAM LIFE CARE COMPANY INDIA P,13073,48
Information Technology & Communication Department,4G INFORMATICS,78,3
Information Technology & Communication Department,BNR UDYOG LIMITED,187,8
Information Technology & Communication Department,Bloom Solutions Pvt Ltd,36,9
Information Technology & Communication Department,CSS TECHNERGY LIMITED,29,0
Information Technology & Communication Department,GDC Advertising Pvt. Limited,7,3
Information Technology & Communication Department,JYOTHI COMPUTER SERVICES,59,0
Information Technology & Communication Department,MARS Telecom Systems Pvt Ltd,6,0
Information Technology & Communication Department,SREEVEN INFOCOM LIMITED,489,2
Jharkhand,Alankit Assignments Limited,1233,9
Jharkhand,Blue Circle Instrument,218,0
Jharkhand,Emdee Digitronics Pvt.Ltd.,156,2
Jharkhand,IL&FS LTD,34,0
Jharkhand,MKS Enterprises,1691,32
Jharkhand,Nevaeh Technology Pvt. Ltd.,1249,19
Jharkhand,STRATEGIC OUTSOURCING SERVICE,881,28
Jharkhand,Smart ID,1,0
Jharkhand,Systematic & Advance Const P L,751,20
Jharkhand,VISION COMPTECH INTEGRATOR LTD,128,26
Jharkhand,Wipro Ltd,15119,829
Mission Convergence - GNCT Del,Karvy Computershare Private Li,0,1
Mission Convergence - GNCT Del,STRATEGIC OUTSOURCING SERVICE,1,0
N S D L,Abhipra Capital Ltd,1263,30
N S D L,Alankit Assignments Limited,486,4
N S D L,Karvy Data Management Services,8384,92
N S D L,PROWIZ MANSYTEMS PVT LTD,7326,60
N S D L,TEAM LIFE CARE COMPANY INDIA P,614,6
N S D L,VIRGO SOFTECH LIMITED,36,1
Oriental Bank of Commerce,DATASOFT COMPUTER SERVICES(P),2276,22
Oriental Bank of Commerce,FINANCIAL INFORMATION NETWORK,49,26
Oriental Bank of Commerce,Sri Ramraja Sarkar Lok Kalyan Trust,1750,5
Oriental Bank of Commerce,Wipro Ltd,465,14
RDD Govt of Tripura,Alankit Assignments Limited,1,0
Registrar General India - BEL,In Media Computer Services LLP,79,7
Registrar General India - BEL,Swathy Smartcards Hi-Tech Pvt,20,2
Registrar General India BEL2,Computer LAB,35866,389
Registrar General India BEL2,India Computer Technology,12576,6093
Registrar General India BEL2,Madras Security Printers Ltd,2139,989
Registrar General India BEL2,Multiwave Innovation,1228,136
Registrar General India BEL2,Om Softwares,3232,115
Registrar General India BEL2,SREEVEN INFOCOM LIMITED,6,126
Registrar General India BEL2,Swathy Smartcards Hi-Tech Pvt,15154,4339
Registrar General India BEL2,Swiss Tech India Pvt Ltd,14277,712
Registrar General India BEL2,Tera Software Ltd,14132,10826
Registrar General India BEL2,VIRGO SOFTECH LIMITED,91,24
Registrar General India ECIL,Clairvoyance Technologies Pvt.,37,2
Registrar General India ECIL,Computer LAB,29898,104
Registrar General India ECIL,Eagle Software India Pvt. Ltd,653,83
Registrar General India ECIL,In Media Computer Services LLP,4487,804
Registrar General India ECIL,India Computer Technology,8065,1020
Registrar General India ECIL,Krishna Infotech,6300,3539
Registrar General India ECIL,Madras Security Printers Ltd,13999,1390
Registrar General India ECIL,Pioneer E Labs limited,555,26
Registrar General India ECIL,SWISSTECH NPR 57CR PROJECT PVT,10794,6790
Registrar General India ECIL,Tera Software Ltd,56,8
Registrar General India ECIL,Vedavaag Systems Limited,3881,2032
Registrar General India Others,Computer LAB,12,2
Registrar General India Others,Eagle Software India Pvt. Ltd,23,0
Registrar General India Others,Emdee Digitronics Pvt.Ltd.,1,0
Registrar General India Others,Madras Security Printers Ltd,2,9
Registrar General India Others,Om Softwares,1,3
Registrar General India Others,SREEVEN INFOCOM LIMITED,0,1
Registrar General India Others,SWISSTECH NPR 57CR PROJECT PVT,1,0
Registrar General India Others,Swathy Smartcards Hi-Tech Pvt,35,8
Registrar General India Others,Swiss Tech India Pvt Ltd,12,0
Registrar General India Others,Tera Software Ltd,41,1
Registrar General India Others,WEBEL TECHNOLOGY LIMITED,2,0
Registrar General of India ITI,Emdee Digitronics Pvt.Ltd.,78490,10048
Registrar General of India ITI,Madras Security Printers Ltd,1,469
Registrar General of India ITI,Multiwave Innovation,73,914
Registrar General of India ITI,SREEVEN INFOCOM LIMITED,3,39
Registrar General of India ITI,STRATEGIC OUTSOURCING SERVICE,1041,0
Registrar General of India ITI,Swathy Smartcards Hi-Tech Pvt,37043,4960
Registrar General of India ITI,TechSmart India Pvt Ltd,8323,397
Registrar General of India ITI,VIRGO SOFTECH LIMITED,1,0
Registrar General of India ITI,WEBEL TECHNOLOGY LIMITED,42517,863
STATE BANK OF PATIALA,CSS TECHNERGY LIMITED,700,6
State Bank of Bikaner & Jaipur,Multiwave Innovation,8805,301
State Bank of India,CSS TECHNERGY LIMITED,1,0
State Bank of India,VIRGO SOFTECH LIMITED,7,8
State Bank of Travancore,Tera Software Ltd,690,98
UDD Govt of Jharkhand,Blue Circle Instrument,1736,11
UDD Govt of Jharkhand,MKS Enterprises,858,73
UDD Govt of Jharkhand,Systematic & Advance Const P L,1,6
UDD Govt of Jharkhand,Vayam technologies Ltd,5,0
UIDAI-Registrar,UIDAI-EA,25,0
UT Of Daman and Diu,Alankit Assignments Limited,1,0
Union Bank,FINANCIAL INFORMATION NETWORK,20,0
Union Bank,Smart Chip Limited,15975,316
Union Bank,Vakrangee Softwares Limited,4569,144
