Registrar,Enrolment Agency,Aadhaar generated,Enrolment Rejected
Allahabad Bank,IL&FS LTD,109,1
Allahabad Bank,Tera Software Ltd,1866,6
Allahabad Bank,Vakrangee Softwares Limited,11822,214
Bank Of India,A3 Logics  India  Ltd,14657,334
Bank Of India,Akanksha International,451,6
Bank Of India,CHESSY CONSULTANTS PVT LTD,2227,16
Bank Of India,DATASOFT COMPUTER SERVICES(P),2750,69
Bank Of India,Emdee Digitronics Pvt.Ltd.,20,1
Bank Of India,Frontech Systems Pvt Ltd,3668,105
Bank Of India,ITI LIMITED,3988,8
Bank Of India,Integra Micro Systems Pvt.ltd,18,0
Bank Of India,MANTRA SOFTTECH (INDIA) PVTLTD,8467,536
Bank Of India,Matrix Processing House,4427,67
Bank Of India,OPTIMIX CONSULTANCY PRIVATE LT,72,1
Bank Of India,OSWAL COMPUTERS & CONSULTANTS,19885,464
Bank Of India,PROTEX COMPUTER PVT LTD,2774,24
Bank Of India,SARADA SYSTEMS,2403,5
Bank Of India,SHRIKRISHNA KHANDASARI SUGAR M,11717,222
Bank Of India,SPANCO,8406,36
Bank Of India,SREI INFRASTRUCTURE FINANCES L,1680,19
Bank Of India,Silver Touch Technologies Ltd,3308,83
Bank Of India,Systematic & Advance Const P L,5631,305
Bank Of India,Tera Software Ltd,2,0
Bank Of India,VEETECHNOLOGIES PVT. LTD,2578,6
Bank Of India,Vakrangee Softwares Limited,38389,2394
Bank of Baroda,DATASOFT COMPUTER SERVICES(P),331,5
Bank of Baroda,IL&FS LTD,633,0
Bank of Baroda,TEAM LIFE CARE COMPANY INDIA P,459,5
Bank of Maharashtra,Alankit Assignments Limited,136,0
Bank of Maharashtra,Bartronics India Limited,2,0
Canara Bank,ITI LIMITED,8,0
Canara Bank,Rosmerta technoliges Limited,130,9
Canara Bank,Smart Chip Limited,65,0
Canara Bank,Swiss Tech India Pvt Ltd,51,0
Central Bank of India,CALANCE SOFTWARE PRIVATE LTD,18486,183
Central Bank of India,Frontech Systems Pvt Ltd,110,0
Central Bank of India,GSS Infotech Ltd,171,0
Central Bank of India,IAP COMPANY Pvt. Ltd,18773,93
Central Bank of India,IL&FS LTD,753,16
Central Bank of India,MANTRA SOFTTECH (INDIA) PVTLTD,2397,22
Central Bank of India,SREI INFRASTRUCTURE FINANCES L,866,1
Central Bank of India,Smart ID,5,0
Central Bank of India,Tera Software Ltd,9,0
Central Bank of India,The Peerless General Finance,702,21
Civil Supplies - A&N Islands,India Computer Technology,99,0
DENA BANK,ATISHAY INFOTECH PVT. LTD.,252,0
DENA BANK,DATASOFT COMPUTER SERVICES(P),828,21
Delhi - Central DC,Smart Chip Limited,1785,9
Delhi - East DC,DATASOFT COMPUTER SERVICES(P),425,1
Delhi - East DC,Tera Software Ltd,350,3
Delhi - ND DC,Smart Chip Limited,231,0
Delhi - NE DC,Alankit Assignments Limited,1565,12
Delhi - NE DC,Smart Chip Limited,0,1
Delhi - NE DC,Smart ID,51,0
Delhi - North DC,DATASOFT COMPUTER SERVICES(P),281,1
Delhi - North DC,Smart Chip Limited,1124,3
Delhi SW DC,STRATEGIC OUTSOURCING SERVICE,1060,16
Delhi SW DC,VIRGO SOFTECH LIMITED,126,2
Delhi Urban Shelter Improvemen,Alankit Assignments Limited,118,0
Delhi Urban Shelter Improvemen,Matrix Processing House,12,0
Delhi Urban Shelter Improvemen,STRATEGIC OUTSOURCING SERVICE,367,0
Delhi Urban Shelter Improvemen,Smart Chip Limited,101,0
Delhi Urban Shelter Improvemen,Tera Software Ltd,449,1
Delhi- South DC,Karvy Computershare Private Li,141,12
Delhi- South DC,Smart Chip Limited,27,0
Delhi- South DC,Tera Software Ltd,414,3
Delhi- South DC,eCentric solutions pvt ltd,223,1
Delhi- West DC,Matrix Processing House,256,2
Delhi- West DC,Smart Chip Limited,1,0
Delhi- West DC,VIRGO SOFTECH LIMITED,256,3
Delhi-NW DC,Karvy Computershare Private Li,387,64
Delhi-NW DC,STRATEGIC OUTSOURCING SERVICE,626,1
Dept of ITC Govt of Rajasthan,ATISHAY INFOTECH PVT. LTD.,12165,402
Dept of ITC Govt of Rajasthan,Alankit Finsec Ltd,3470,71
Dept of ITC Govt of Rajasthan,DATASOFT COMPUTER SERVICES(P),9361,349
Dept of ITC Govt of Rajasthan,GSS Infotech Ltd,60,0
Dept of ITC Govt of Rajasthan,TechSmart India Pvt Ltd,106,0
Dept of ITC Govt of Rajasthan,Transline Technologies P Ltd,1712,73
Dept of ITC Govt of Rajasthan,Vakrangee Softwares Limited,21153,2113
Dept of ITC Govt of Rajasthan,Vayam technologies Ltd,470,33
FCR Govt of Haryana,Vakrangee Softwares Limited,8293,168
FCS Govt of Punjab,Alankit Assignments Limited,1776,2
FCS Govt of Punjab,Alankit Finsec Ltd,1482,1
FCS Govt of Punjab,Alankit Life Care Ltd,532,0
FCS Govt of Punjab,CSS TECHNERGY LIMITED,2645,13
FCS Govt of Punjab,Delhi Integrated MMTS Ltd,976,1
FCS Govt of Punjab,Diwakar Commercials Pvt Ltd,1602,1
FCS Govt of Punjab,Karvy Computershare Private Li,19313,216
FCS Govt of Punjab,VIRGO SOFTECH LIMITED,1273,0
FCS Govt of Punjab,VISESH INFOTECNICS LIMITED,214,0
FCS Govt of Punjab,Vayam technologies Ltd,6571,53
FCS Govt of Punjab,eCentric solutions pvt ltd,10911,65
Govt of Andhra Pradesh,Gouthami Educational Society,11357,86
Govt of Andhra Pradesh,GrapeSoft,2212,93
Govt of Andhra Pradesh,IL&FS LTD,2664,20
Govt of Andhra Pradesh,INFRONICS SYSTEMS LTD,18159,1082
Govt of Andhra Pradesh,Madras Security Printers Ltd,4549,141
Govt of Andhra Pradesh,Mahaonline Limited,6,0
Govt of Andhra Pradesh,SREEVEN INFOCOM LIMITED,4459,23
Govt of Andhra Pradesh,Smart Chip Limited,1638,3
Govt of Andhra Pradesh,TechSmart India Pvt Ltd,7281,423
Govt of Andhra Pradesh,Tera Software Ltd,3964,36
Govt of Andhra Pradesh,eCentric solutions pvt ltd,4530,28
Govt of Goa,COMAT TECHNOLOGIES P LTD,128,8
Govt of Goa,MARS Telecom Systems Pvt Ltd,4246,191
Govt of Goa,Tera Software Ltd,207,16
Govt of Gujarat,GSS Infotech Ltd,8101,115
Govt of Gujarat,Karvy Computershare Private Li,16572,89
Govt of Gujarat,Silver Touch Technologies Ltd,15249,155
Govt of Gujarat,Tera Software Ltd,5991,88
Govt of Gujarat,Transline Technologies P Ltd,2429,19
Govt of Gujarat,Vayam technologies Ltd,8092,209
Govt of Gujarat,eCentric solutions pvt ltd,3147,13
Govt of Himachal Pradesh,IL&FS LTD,1088,0
Govt of Himachal Pradesh,Wipro Ltd,11233,321
Govt of Himachal Pradesh,i-Grandee SoftwareTechnologies,10123,203
Govt of Karnataka ,COMAT TECHNOLOGIES P LTD,1928,9
Govt of Karnataka ,GLODYNE TECHNOSERVE,3639,1
Govt of Karnataka ,Integra Micro Systems Pvt.ltd,795,25
Govt of Karnataka ,MARS Telecom Systems Pvt Ltd,1533,1
Govt of Karnataka ,Ninestars Information Technologies Limited,3450,233
Govt of Karnataka ,Origin ITFS Pvt Ltd,1482,4
Govt of Karnataka ,SREEVEN INFOCOM LIMITED,1616,4
Govt of Karnataka ,Tera Software Ltd,1770,6
Govt of Karnataka ,Wipro Ltd,1543,24
Govt of Kerala,Akshaya,87443,489
Govt of Kerala,Keltron,7417,250
Govt of Madhya Pradesh,VIRGO SOFTECH LIMITED,6365,732
Govt of Maharashtra,Alankit Assignments Limited,1304,24
Govt of Maharashtra,Alankit Finsec Ltd,11568,31
Govt of Maharashtra,COMAT TECHNOLOGIES P LTD,309,0
Govt of Maharashtra,Eagle press pvt ltd,3399,14
Govt of Maharashtra,GLODYNE TECHNOSERVE,4518,16
Govt of Maharashtra,GSS Infotech Ltd,716,0
Govt of Maharashtra,Karvy Computershare Private Li,27988,244
Govt of Maharashtra,Mahaonline Limited,3084,1677
Govt of Maharashtra,SPANCO,186,0
Govt of Maharashtra,STRATEGIC OUTSOURCING SERVICE,11300,19
Govt of Maharashtra,Silver Touch Technologies Ltd,10060,36
Govt of Maharashtra,Smart Chip Limited,692,2
Govt of Maharashtra,TEAM LIFE CARE COMPANY INDIA P,1036,0
Govt of Maharashtra,TechSmart India Pvt Ltd,7378,77
Govt of Maharashtra,Tera Software Ltd,6358,189
Govt of Maharashtra,Transline Technologies P Ltd,9904,301
Govt of Maharashtra,Wep Solution India Limited,1371,17
Govt of Maharashtra,Wipro Ltd,36357,1225
Govt of Sikkim - Dept of Econo,4G IDENTITY SOLUTIONS,370,0
Govt of Sikkim - Dept of Econo,Department of Economics Statistics  Monitoring and Evaluation DESME,108,0
IDBI Bank ltd,ATISHAY INFOTECH PVT. LTD.,3058,94
IDBI Bank ltd,Matrix Processing House,1,1
IDBI Bank ltd,Pioneer E Labs limited,301,4
IDBI Bank ltd,SREEVEN INFOCOM LIMITED,2191,6
IDBI Bank ltd,UTI TECHNOLOGY SERVICES LIMITE,296,5
IGNOU,VIRGO SOFTECH LIMITED,20,0
IGNOU,Vakrangee Softwares Limited,49,0
Indian Bank,GSS Infotech Ltd,14,0
Indian Bank,i-Grandee SoftwareTechnologies,7,0
Indian Overseas Bank,Eagle Software India Pvt. Ltd,73,0
Indian Overseas Bank,Karvy Computershare Private Li,13,0
Indian Overseas Bank,Wipro Ltd,3,0
Indiapost,4G IDENTITY SOLUTIONS,1614,28
Indiapost,COMAT TECHNOLOGIES P LTD,303,6
Indiapost,CSS TECHNERGY LIMITED,7,0
Indiapost,Delhi Integrated MMTS Ltd,10818,125
Indiapost,Eagle press pvt ltd,40,0
Indiapost,GLODYNE TECHNOSERVE,686,10
Indiapost,GSS Infotech Ltd,55,0
Indiapost,IL&FS LTD,1363,27
Indiapost,Madras Security Printers Ltd,103,0
Indiapost,Smart Chip Limited,190,30
Indiapost,TEAM LIFE CARE COMPANY INDIA P,8937,38
Indiapost,Tera Software Ltd,1,0
Indiapost,The NSIC ltd,305,2
Indiapost,The Peerless General Finance,101,4
Indiapost,UTI TECHNOLOGY SERVICES LIMITE,408,1
Indiapost,WEBEL,135,0
Indiapost,eCentric solutions pvt ltd,320,0
Information Technology & Communication Department,4G INFORMATICS,3398,16
Information Technology & Communication Department,BNR UDYOG LIMITED,1809,1
Information Technology & Communication Department,Bloom Solutions Pvt Ltd,2905,5
Information Technology & Communication Department,CSS TECHNERGY LIMITED,319,1
Information Technology & Communication Department,GDC Advertising Pvt. Limited,4591,6
Information Technology & Communication Department,JYOTHI COMPUTER SERVICES,613,19
Information Technology & Communication Department,SREEVEN INFOCOM LIMITED,2332,3
Jammu and Kashmir Bank,COMTECH INSTITUTE OFTECHNOLOGY,1,0
Jharkhand,Alankit Assignments Limited,3178,74
Jharkhand,Blue Circle Instrument,1985,14
Jharkhand,Emdee Digitronics Pvt.Ltd.,771,3
Jharkhand,IL&FS LTD,363,0
Jharkhand,MKS Enterprises,3782,33
Jharkhand,Nevaeh Technology Pvt. Ltd.,2374,26
Jharkhand,STRATEGIC OUTSOURCING SERVICE,4191,218
Jharkhand,Smart ID,118,0
Jharkhand,Systematic & Advance Const P L,3656,104
Jharkhand,VISION COMPTECH INTEGRATOR LTD,6255,118
Jharkhand,Wipro Ltd,14848,139
Life Insurance Corporation,ATISHAY INFOTECH PVT. LTD.,68,0
Life Insurance Corporation,COMAT TECHNOLOGIES P LTD,5,0
Life Insurance Corporation,DATASOFT COMPUTER SERVICES(P),79,0
Life Insurance Corporation,Emdee Digitronics Pvt.Ltd.,7,0
Life Insurance Corporation,LOHIA JUTE PRESS PVT LTD,3,0
Life Insurance Corporation,LYRA  CONSULTANCY SERVICE,8,0
Life Insurance Corporation,MICROVIEWS INFOSYSTEMS PVT LTD,11,0
Life Insurance Corporation,PROTEX COMPUTER PVT LTD,7,0
Life Insurance Corporation,Smart ID,47,0
Life Insurance Corporation,UNIVERSAL SOLUTIONS,3,0
Life Insurance Corporation,eCentric solutions pvt ltd,55,0
Mission Convergence - GNCT Del,Alankit Assignments Limited,113,0
Mission Convergence - GNCT Del,IL&FS LTD,54,0
Mission Convergence - GNCT Del,Karvy Computershare Private Li,158,13
Mission Convergence - GNCT Del,Matrix Processing House,18,1
Mission Convergence - GNCT Del,STRATEGIC OUTSOURCING SERVICE,1081,14
Mission Convergence - GNCT Del,Smart Chip Limited,109,3
Mission Convergence - GNCT Del,Tera Software Ltd,67,2
Mission Convergence - GNCT Del,eCentric solutions pvt ltd,59,0
N S D L,Abhipra Capital Ltd,4065,136
N S D L,Alankit Assignments Limited,1912,24
N S D L,INTEGRATED REGISTRY SERVICES,7,0
N S D L,Karvy Data Management Services,29980,600
N S D L,PROWIZ MANSYTEMS PVT LTD,6801,278
N S D L,RELIGARE SECURITIES LTD,4,0
N S D L,TEAM LIFE CARE COMPANY INDIA P,323,15
N S D L,VIRGO SOFTECH LIMITED,226,0
Oriental Bank of Commerce,DATASOFT COMPUTER SERVICES(P),4053,61
Oriental Bank of Commerce,FINANCIAL INFORMATION NETWORK,2858,40
Oriental Bank of Commerce,IL&FS LTD,252,5
Oriental Bank of Commerce,Sri Ramraja Sarkar Lok Kalyan Trust,721,3
Oriental Bank of Commerce,The NSIC ltd,19,0
Oriental Bank of Commerce,Wipro Ltd,4261,86
Others,Others,0,1
Punjab and Sind Bank,Matrix Processing House,28,0
RDD Govt of Tripura,Alankit Assignments Limited,3679,4
RDD Govt of Tripura,Madras Security Printers Ltd,3,0
Registrar General India - BEL,In Media Computer Services LLP,3347,6
Registrar General India - BEL,Manipur Electronics Dev Corp,1503,6
Registrar General India - BEL,Swathy Smartcards Hi-Tech Pvt,1186,0
Registrar General India BEL2,Computer LAB,1689,10
Registrar General India BEL2,India Computer Technology,2594,23
Registrar General India BEL2,Madras Security Printers Ltd,36158,420
Registrar General India BEL2,Multiwave Innovation,1692,523
Registrar General India BEL2,Om Softwares,4243,427
Registrar General India BEL2,SREEVEN INFOCOM LIMITED,287,0
Registrar General India BEL2,Swathy Smartcards Hi-Tech Pvt,67817,3130
Registrar General India BEL2,Swiss Tech India Pvt Ltd,473,0
Registrar General India BEL2,Tera Software Ltd,5947,4291
Registrar General India BEL2,VIRGO SOFTECH LIMITED,267,3
Registrar General India BEL2,Vansh Infotech Pvt Ltd,6,0
Registrar General India ECIL,Clairvoyance Technologies Pvt.,390,15
Registrar General India ECIL,Computer LAB,100724,21364
Registrar General India ECIL,Eagle Software India Pvt. Ltd,27085,6238
Registrar General India ECIL,In Media Computer Services LLP,25020,248
Registrar General India ECIL,India Computer Technology,15668,6245
Registrar General India ECIL,Krishna Infotech,7703,2962
Registrar General India ECIL,Madras Security Printers Ltd,4442,913
Registrar General India ECIL,Pioneer E Labs limited,4269,1077
Registrar General India ECIL,SWISSTECH NPR 57CR PROJECT PVT,16887,5923
Registrar General India ECIL,Tera Software Ltd,819,0
Registrar General India ECIL,Vedavaag Systems Limited,5645,1625
Registrar General India Others,Clairvoyance Technologies Pvt.,1,0
Registrar General India Others,Computer LAB,22,0
Registrar General India Others,Eagle Software India Pvt. Ltd,6,1
Registrar General India Others,Emdee Digitronics Pvt.Ltd.,7,1
Registrar General India Others,In Media Computer Services LLP,2,0
Registrar General India Others,Krishna Infotech,0,2
Registrar General India Others,Madras Security Printers Ltd,162,2
Registrar General India Others,Nielsen  India  Private Limited,25,0
Registrar General India Others,Om Softwares,1,1
Registrar General India Others,SWISSTECH NPR 57CR PROJECT PVT,12,3
Registrar General India Others,Swathy Smartcards Hi-Tech Pvt,592,12
Registrar General India Others,TechSmart India Pvt Ltd,4,0
Registrar General India Others,Tera Software Ltd,1,0
Registrar General India Others,Vedavaag Systems Limited,1,3
Registrar General India Others,WEBEL TECHNOLOGY LIMITED,8,1
Registrar General of India ITI,Emdee Digitronics Pvt.Ltd.,67819,2150
Registrar General of India ITI,Madras Security Printers Ltd,1,2
Registrar General of India ITI,Multiwave Innovation,1321,200
Registrar General of India ITI,SREEVEN INFOCOM LIMITED,785,33
Registrar General of India ITI,STRATEGIC OUTSOURCING SERVICE,37,0
Registrar General of India ITI,Swathy Smartcards Hi-Tech Pvt,134150,3964
Registrar General of India ITI,TechSmart India Pvt Ltd,6829,323
Registrar General of India ITI,WEBEL TECHNOLOGY LIMITED,10289,109
STATE BANK OF HYDERABAD,CSS TECHNERGY LIMITED,130,115
STATE BANK OF HYDERABAD,Smart Chip Limited,1,0
STATE BANK OF PATIALA,CSS TECHNERGY LIMITED,292,5
State Bank of Bikaner & Jaipur,Multiwave Innovation,20955,700
State Bank of India,4G IDENTITY SOLUTIONS,10186,26
State Bank of India,COMAT TECHNOLOGIES P LTD,204,0
State Bank of India,CSS TECHNERGY LIMITED,8183,44
State Bank of India,Delhi Integrated MMTS Ltd,422,0
State Bank of India,Eagle press pvt ltd,434,0
State Bank of India,IL&FS LTD,802,1
State Bank of India,Smart Chip Limited,6292,6
State Bank of India,VIRGO SOFTECH LIMITED,546,1
State Bank of Travancore,Tera Software Ltd,583,41
Syndicate Bank,Smart Chip Limited,90,0
UDD Govt of Jharkhand,Blue Circle Instrument,2857,40
UDD Govt of Jharkhand,IL&FS LTD,777,0
UDD Govt of Jharkhand,MKS Enterprises,19034,453
UDD Govt of Jharkhand,Smart ID,185,0
UDD Govt of Jharkhand,Systematic & Advance Const P L,340,331
UDD Govt of Jharkhand,Vayam technologies Ltd,10,0
UIDAI-Registrar,UIDAI-EA,65,1
UT Of Daman and Diu,Alankit Assignments Limited,326,6
UT Of Daman and Diu,Madras Security Printers Ltd,1,0
UT of Puducherry,Madras Security Printers Ltd,1279,9
Union Bank,4G IDENTITY SOLUTIONS,369,0
Union Bank,Smart Chip Limited,40831,971
Union Bank,Vakrangee Softwares Limited,23953,608
United Bank of India,Atyati Technologies Pvt Ltd,2,0
