Registrar,Enrolment Agency,Aadhaar generated,Enrolment Rejected
Bank Of India,A3 Logics  India  Ltd,46,27
Bank Of India,CHESSY CONSULTANTS PVT LTD,9,0
Bank Of India,DATASOFT COMPUTER SERVICES(P),71,7
Bank Of India,Frontech Systems Pvt Ltd,68,3
Bank Of India,ITI LIMITED,215,12
Bank Of India,MANTRA SOFTTECH (INDIA) PVTLTD,80,4
Bank Of India,Matrix Processing House,136,1
Bank Of India,OPTIMIX CONSULTANCY PRIVATE LT,9,0
Bank Of India,OSWAL COMPUTERS & CONSULTANTS,524,10
Bank Of India,PROTEX COMPUTER PVT LTD,57,1
Bank Of India,SARADA SYSTEMS,183,4
Bank Of India,SHRIKRISHNA KHANDASARI SUGAR M,37,0
Bank Of India,SPANCO,45,0
Bank Of India,SREI INFRASTRUCTURE FINANCES L,6,1
Bank Of India,Silver Touch Technologies Ltd,19,2
Bank Of India,Systematic & Advance Const P L,2,0
Bank Of India,VEETECHNOLOGIES PVT. LTD,141,5
Bank Of India,Vakrangee Softwares Limited,323,22
Bank of Baroda,DATASOFT COMPUTER SERVICES(P),0,3
Bank of Baroda,TEAM LIFE CARE COMPANY INDIA P,100,14
Canara Bank,Smart Chip Limited,0,9
Central Bank of India,CALANCE SOFTWARE PRIVATE LTD,1,0
Central Bank of India,Frontech Systems Pvt Ltd,0,2
Central Bank of India,IL&FS LTD,2,7
Central Bank of India,MANTRA SOFTTECH (INDIA) PVTLTD,19,0
Central Bank of India,SREI INFRASTRUCTURE FINANCES L,0,2
Central Bank of India,The Peerless General Finance,1,1
Delhi - Central DC,Smart Chip Limited,1,0
Delhi - East DC,Tera Software Ltd,8,2
Delhi - NE DC,Alankit Assignments Limited,0,3
Delhi - North DC,DATASOFT COMPUTER SERVICES(P),2,0
Delhi - North DC,Smart Chip Limited,5,0
Delhi SW DC,STRATEGIC OUTSOURCING SERVICE,35,8
Delhi Urban Shelter Improvemen,STRATEGIC OUTSOURCING SERVICE,8,22
Delhi Urban Shelter Improvemen,Smart Chip Limited,1,0
Delhi Urban Shelter Improvemen,Tera Software Ltd,5,1
Delhi- South DC,Tera Software Ltd,1,2
Delhi- South DC,eCentric solutions pvt ltd,0,1
Delhi- West DC,VIRGO SOFTECH LIMITED,36,0
Delhi-NW DC,Karvy Computershare Private Li,1,1
Delhi-NW DC,STRATEGIC OUTSOURCING SERVICE,29,2
Dept of ITC Govt of Rajasthan,ATISHAY INFOTECH PVT. LTD.,250,5
Dept of ITC Govt of Rajasthan,GSS Infotech Ltd,0,1
Dept of ITC Govt of Rajasthan,TechSmart India Pvt Ltd,0,1
FCR Govt of Haryana,Vakrangee Softwares Limited,72,21
FCS Govt of Punjab,Alankit Finsec Ltd,0,3
FCS Govt of Punjab,Alankit Life Care Ltd,3,2
FCS Govt of Punjab,CSS TECHNERGY LIMITED,110,4
FCS Govt of Punjab,Delhi Integrated MMTS Ltd,8,1
FCS Govt of Punjab,Diwakar Commercials Pvt Ltd,1,1
FCS Govt of Punjab,VISESH INFOTECNICS LIMITED,0,1
FCS Govt of Punjab,eCentric solutions pvt ltd,1,0
Govt of Andhra Pradesh,Gouthami Educational Society,0,10
Govt of Andhra Pradesh,GrapeSoft,0,10
Govt of Andhra Pradesh,IL&FS LTD,1,33
Govt of Andhra Pradesh,INFRONICS SYSTEMS LTD,18,9
Govt of Andhra Pradesh,Madras Security Printers Ltd,1,23
Govt of Andhra Pradesh,SREEVEN INFOCOM LIMITED,0,11
Govt of Andhra Pradesh,Smart Chip Limited,1,8
Govt of Andhra Pradesh,TechSmart India Pvt Ltd,5,22
Govt of Andhra Pradesh,Tera Software Ltd,6,5
Govt of Andhra Pradesh,eCentric solutions pvt ltd,0,32
Govt of Goa,COMAT TECHNOLOGIES P LTD,1,0
Govt of Goa,MARS Telecom Systems Pvt Ltd,10,3
Govt of Goa,Tera Software Ltd,1,0
Govt of Gujarat,GSS Infotech Ltd,388,3
Govt of Gujarat,Karvy Computershare Private Li,113,0
Govt of Gujarat,Silver Touch Technologies Ltd,359,2
Govt of Gujarat,Tera Software Ltd,122,0
Govt of Gujarat,Transline Technologies P Ltd,268,5
Govt of Gujarat,Vayam technologies Ltd,265,2
Govt of Gujarat,eCentric solutions pvt ltd,360,3
Govt of Himachal Pradesh,IL&FS LTD,0,1
Govt of Himachal Pradesh,Wipro Ltd,644,16
Govt of Himachal Pradesh,i-Grandee SoftwareTechnologies,8966,184
Govt of Karnataka ,COMAT TECHNOLOGIES P LTD,10,20
Govt of Karnataka ,GLODYNE TECHNOSERVE,0,5
Govt of Karnataka ,Integra Micro Systems Pvt.ltd,813,20
Govt of Karnataka ,Tera Software Ltd,68,6
Govt of Karnataka ,Wipro Ltd,212,39
Govt of Kerala,Akshaya,31490,159
Govt of Kerala,Keltron,4432,28
Govt of Madhya Pradesh,VIRGO SOFTECH LIMITED,475,102
Govt of Maharashtra,Alankit Assignments Limited,0,5
Govt of Maharashtra,Alankit Finsec Ltd,1,0
Govt of Maharashtra,COMAT TECHNOLOGIES P LTD,0,1
Govt of Maharashtra,Eagle press pvt ltd,7,2
Govt of Maharashtra,GLODYNE TECHNOSERVE,122,1
Govt of Maharashtra,GSS Infotech Ltd,0,5
Govt of Maharashtra,Karvy Computershare Private Li,582,14
Govt of Maharashtra,Mahaonline Limited,0,13
Govt of Maharashtra,SPANCO,0,2
Govt of Maharashtra,STRATEGIC OUTSOURCING SERVICE,0,16
Govt of Maharashtra,Silver Touch Technologies Ltd,897,5
Govt of Maharashtra,Smart Chip Limited,0,1
Govt of Maharashtra,TEAM LIFE CARE COMPANY INDIA P,0,1
Govt of Maharashtra,TechSmart India Pvt Ltd,84,1
Govt of Maharashtra,Tera Software Ltd,0,40
Govt of Maharashtra,Transline Technologies P Ltd,426,7
Govt of Maharashtra,Wipro Ltd,649,10
IDBI Bank ltd,SREEVEN INFOCOM LIMITED,0,2
IGNOU,VIRGO SOFTECH LIMITED,0,1
IGNOU,Vakrangee Softwares Limited,0,1
Indian Overseas Bank,Eagle Software India Pvt. Ltd,0,1
Indiapost,4G IDENTITY SOLUTIONS,2,2
Indiapost,Delhi Integrated MMTS Ltd,118,2
Indiapost,GLODYNE TECHNOSERVE,22,1
Indiapost,GSS Infotech Ltd,0,2
Indiapost,IL&FS LTD,1,1
Indiapost,Madras Security Printers Ltd,0,1
Indiapost,TEAM LIFE CARE COMPANY INDIA P,2,2
Indiapost,The NSIC ltd,1,9
Indiapost,The Peerless General Finance,1,0
Indiapost,UTI TECHNOLOGY SERVICES LIMITE,1,1
Jharkhand,Alankit Assignments Limited,6,1
Jharkhand,Blue Circle Instrument,57,0
Jharkhand,IL&FS LTD,0,2
Jharkhand,MKS Enterprises,46,3
Jharkhand,Nevaeh Technology Pvt. Ltd.,21,1
Jharkhand,STRATEGIC OUTSOURCING SERVICE,13,3
Jharkhand,Systematic & Advance Const P L,6,34
Jharkhand,VISION COMPTECH INTEGRATOR LTD,99,6
Jharkhand,Wipro Ltd,824,11
Life Insurance Corporation,ATISHAY INFOTECH PVT. LTD.,0,1
Life Insurance Corporation,Smart ID,0,5
Mission Convergence - GNCT Del,Alankit Assignments Limited,0,1
Mission Convergence - GNCT Del,Karvy Computershare Private Li,0,1
Mission Convergence - GNCT Del,STRATEGIC OUTSOURCING SERVICE,3,2
Mission Convergence - GNCT Del,Smart Chip Limited,1,0
Mission Convergence - GNCT Del,Tera Software Ltd,1,1
Mission Convergence - GNCT Del,eCentric solutions pvt ltd,0,1
N S D L,Abhipra Capital Ltd,31,1
N S D L,Alankit Assignments Limited,0,10
N S D L,Karvy Data Management Services,84,28
N S D L,PROWIZ MANSYTEMS PVT LTD,504,7
Oriental Bank of Commerce,DATASOFT COMPUTER SERVICES(P),5,1
Oriental Bank of Commerce,IL&FS LTD,1,0
Oriental Bank of Commerce,Wipro Ltd,40,2
RDD Govt of Tripura,Alankit Assignments Limited,0,2
Registrar General India BEL2,Om Softwares,2717,34
Registrar General India BEL2,Swathy Smartcards Hi-Tech Pvt,1,4
Registrar General India BEL2,Tera Software Ltd,3137,781
Registrar General India BEL2,VIRGO SOFTECH LIMITED,6443,260
Registrar General India ECIL,Computer LAB,9,0
Registrar General India ECIL,Pioneer E Labs limited,5556,272
Registrar General India Others,Computer LAB,1,1
Registrar General India Others,Eagle Software India Pvt. Ltd,12,0
Registrar General India Others,Emdee Digitronics Pvt.Ltd.,1,0
Registrar General India Others,In Media Computer Services LLP,3,0
Registrar General India Others,India Computer Technology,1,0
Registrar General India Others,Krishna Infotech,1,0
Registrar General India Others,Madras Security Printers Ltd,7,0
Registrar General India Others,Om Softwares,1,0
Registrar General India Others,Swathy Smartcards Hi-Tech Pvt,28,1
Registrar General India Others,Tera Software Ltd,1,0
Registrar General India Others,Vedavaag Systems Limited,2,0
Registrar General of India ITI,Swathy Smartcards Hi-Tech Pvt,1494,6
State Bank of Bikaner & Jaipur,Multiwave Innovation,861,33
State Bank of India,4G IDENTITY SOLUTIONS,0,18
State Bank of India,CSS TECHNERGY LIMITED,24,27
State Bank of India,Delhi Integrated MMTS Ltd,1,4
State Bank of India,Eagle press pvt ltd,0,1
State Bank of India,IL&FS LTD,1,1
State Bank of India,Smart Chip Limited,30,1
State Bank of India,VIRGO SOFTECH LIMITED,0,29
Syndicate Bank,Smart Chip Limited,0,4
UDD Govt of Jharkhand,IL&FS LTD,0,4
UDD Govt of Jharkhand,MKS Enterprises,0,3
UDD Govt of Jharkhand,Smart ID,0,2
UDD Govt of Jharkhand,Systematic & Advance Const P L,1,1
UT Of Daman and Diu,Alankit Assignments Limited,0,1
UT of Puducherry,Madras Security Printers Ltd,0,3
Union Bank,Smart Chip Limited,220,4
Union Bank,Vakrangee Softwares Limited,815,91
