Registrar,Enrolment Agency,Aadhaar generated,Enrolment Rejected
Bank Of India,DATASOFT COMPUTER SERVICES(P),18,0
Bank Of India,ITI LIMITED,353,3
Bank Of India,MANTRA SOFTTECH (INDIA) PVTLTD,255,1
Bank Of India,Matrix Processing House,2,0
Bank Of India,OPTIMIX CONSULTANCY PRIVATE LT,8,0
Bank Of India,OSWAL COMPUTERS & CONSULTANTS,1621,13
Bank Of India,PROTEX COMPUTER PVT LTD,63,0
Bank Of India,SARADA SYSTEMS,19,0
Bank Of India,SPANCO,108,0
Bank Of India,SREI INFRASTRUCTURE FINANCES L,74,2
Bank Of India,Silver Touch Technologies Ltd,9,1
Bank Of India,VEETECHNOLOGIES PVT. LTD,800,0
Bank Of India,Vakrangee Softwares Limited,335,3
Bank of Baroda,TEAM LIFE CARE COMPANY INDIA P,1642,10
Central Bank of India,Frontech Systems Pvt Ltd,0,1
Central Bank of India,IL&FS LTD,0,1
Central Bank of India,MANTRA SOFTTECH (INDIA) PVTLTD,77,0
Central Bank of India,Smart ID,3,0
Delhi - Central DC,Smart Chip Limited,67,0
Delhi - East DC,Tera Software Ltd,155,0
Delhi - ND DC,Smart Chip Limited,2,0
Delhi - NE DC,Smart ID,5,0
Delhi - North DC,Smart Chip Limited,68,0
Delhi SW DC,STRATEGIC OUTSOURCING SERVICE,552,3
Delhi Urban Shelter Improvemen,STRATEGIC OUTSOURCING SERVICE,149,0
Delhi Urban Shelter Improvemen,Smart Chip Limited,1,0
Delhi Urban Shelter Improvemen,Tera Software Ltd,89,0
Delhi- South DC,Tera Software Ltd,58,0
Delhi- West DC,VIRGO SOFTECH LIMITED,319,1
Delhi-NW DC,STRATEGIC OUTSOURCING SERVICE,357,0
Dept of ITC Govt of Rajasthan,ATISHAY INFOTECH PVT. LTD.,45,5
FCR Govt of Haryana,Vakrangee Softwares Limited,379,1
FCS Govt of Punjab,Alankit Finsec Ltd,1,0
FCS Govt of Punjab,CSS TECHNERGY LIMITED,41,2
Govt of Andhra Pradesh,INFRONICS SYSTEMS LTD,14,0
Govt of Andhra Pradesh,Madras Security Printers Ltd,0,1
Govt of Andhra Pradesh,TechSmart India Pvt Ltd,0,3
Govt of Andhra Pradesh,Tera Software Ltd,2,2
Govt of Gujarat,GSS Infotech Ltd,1,67
Govt of Gujarat,Karvy Computershare Private Li,1,285
Govt of Gujarat,Silver Touch Technologies Ltd,0,1260
Govt of Gujarat,Tera Software Ltd,0,328
Govt of Gujarat,Transline Technologies P Ltd,0,410
Govt of Gujarat,Vayam technologies Ltd,0,1975
Govt of Gujarat,eCentric solutions pvt ltd,0,127
Govt of Himachal Pradesh,Wipro Ltd,1595,37
Govt of Himachal Pradesh,i-Grandee SoftwareTechnologies,5150,13
Govt of Karnataka ,COMAT TECHNOLOGIES P LTD,1,0
Govt of Karnataka ,Tera Software Ltd,1109,6
Govt of Karnataka ,Wipro Ltd,703,6
Govt of Kerala,Akshaya,30995,42
Govt of Kerala,Keltron,2049,0
Govt of Madhya Pradesh,VIRGO SOFTECH LIMITED,399,10
Govt of Maharashtra,Alankit Assignments Limited,0,1
Govt of Maharashtra,Alankit Finsec Ltd,5,0
Govt of Maharashtra,GLODYNE TECHNOSERVE,86,3
Govt of Maharashtra,Karvy Computershare Private Li,271,8
Govt of Maharashtra,TechSmart India Pvt Ltd,31,0
Govt of Maharashtra,Tera Software Ltd,0,1
Govt of Maharashtra,Wipro Ltd,0,5
IGNOU,Vakrangee Softwares Limited,0,1
Indiapost,COMAT TECHNOLOGIES P LTD,0,3
Indiapost,Delhi Integrated MMTS Ltd,17,3
Indiapost,GLODYNE TECHNOSERVE,1,0
Indiapost,GSS Infotech Ltd,0,1
Indiapost,WEBEL,0,3
Jharkhand,Blue Circle Instrument,3,0
Jharkhand,Nevaeh Technology Pvt. Ltd.,138,0
Jharkhand,STRATEGIC OUTSOURCING SERVICE,131,0
Jharkhand,Systematic & Advance Const P L,1,0
Jharkhand,VISION COMPTECH INTEGRATOR LTD,312,3
Jharkhand,Wipro Ltd,1980,10
Mission Convergence - GNCT Del,STRATEGIC OUTSOURCING SERVICE,58,0
Mission Convergence - GNCT Del,Smart Chip Limited,12,0
Mission Convergence - GNCT Del,Tera Software Ltd,27,0
N S D L,INTEGRATED REGISTRY SERVICES,0,4
N S D L,Karvy Data Management Services,2,444
N S D L,PROWIZ MANSYTEMS PVT LTD,35,0
Oriental Bank of Commerce,Wipro Ltd,139,17
Registrar General India BEL2,VIRGO SOFTECH LIMITED,365,0
Registrar General India Others,Eagle Software India Pvt. Ltd,132,0
Registrar General India Others,India Computer Technology,1,0
Registrar General India Others,SREEVEN INFOCOM LIMITED,8,0
Registrar General of India ITI,Swathy Smartcards Hi-Tech Pvt,1,553
State Bank of Bikaner & Jaipur,Multiwave Innovation,230,17
State Bank of India,4G IDENTITY SOLUTIONS,12,2
State Bank of India,CSS TECHNERGY LIMITED,0,2
State Bank of India,IL&FS LTD,1,0
State Bank of India,Smart Chip Limited,382,0
State Bank of India,VIRGO SOFTECH LIMITED,12,0
Union Bank,Smart Chip Limited,261,0
Union Bank,Vakrangee Softwares Limited,8445,47
