Registrar,Enrolment Agency,Aadhaar generated,Enrolment Rejected
Allahabad Bank,IL&FS LTD,0,2
Allahabad Bank,Vakrangee Softwares Limited,0,1
Bank Of India,A3 Logics  India  Ltd,0,6
Bank Of India,CHESSY CONSULTANTS PVT LTD,5,0
Bank Of India,DATASOFT COMPUTER SERVICES(P),25,0
Bank Of India,Frontech Systems Pvt Ltd,5,9
Bank Of India,ITI LIMITED,165,1
Bank Of India,Integra Micro Systems Pvt.ltd,0,1
Bank Of India,MANTRA SOFTTECH (INDIA) PVTLTD,315,2
Bank Of India,Matrix Processing House,279,2
Bank Of India,OPTIMIX CONSULTANCY PRIVATE LT,27,1
Bank Of India,OSWAL COMPUTERS & CONSULTANTS,1039,6
Bank Of India,PROTEX COMPUTER PVT LTD,48,0
Bank Of India,SARADA SYSTEMS,2,291
Bank Of India,SHRIKRISHNA KHANDASARI SUGAR M,3,0
Bank Of India,SPANCO,31,0
Bank Of India,SREI INFRASTRUCTURE FINANCES L,10,0
Bank Of India,Silver Touch Technologies Ltd,65,0
Bank Of India,VEETECHNOLOGIES PVT. LTD,562,1
Bank Of India,Vakrangee Softwares Limited,530,1
Bank of Baroda,IL&FS LTD,0,1
Bank of Baroda,TEAM LIFE CARE COMPANY INDIA P,671,25
Central Bank of India,CALANCE SOFTWARE PRIVATE LTD,0,1
Central Bank of India,Frontech Systems Pvt Ltd,0,13
Central Bank of India,IAP COMPANY Pvt. Ltd,0,2
Central Bank of India,IL&FS LTD,0,2
Central Bank of India,MANTRA SOFTTECH (INDIA) PVTLTD,121,1
Delhi - Central DC,Smart Chip Limited,6,4
Delhi - East DC,Tera Software Ltd,23,1
Delhi - NE DC,Alankit Assignments Limited,0,1
Delhi - NE DC,Smart ID,1,0
Delhi - North DC,Smart Chip Limited,7,1
Delhi SW DC,STRATEGIC OUTSOURCING SERVICE,44,6
Delhi Urban Shelter Improvemen,STRATEGIC OUTSOURCING SERVICE,22,3
Delhi Urban Shelter Improvemen,Smart Chip Limited,0,1
Delhi Urban Shelter Improvemen,Tera Software Ltd,14,0
Delhi- South DC,Tera Software Ltd,1,2
Delhi- West DC,Matrix Processing House,0,3
Delhi- West DC,VIRGO SOFTECH LIMITED,139,0
Delhi-NW DC,Karvy Computershare Private Li,0,3
Delhi-NW DC,STRATEGIC OUTSOURCING SERVICE,24,3
Dept of ITC Govt of Rajasthan,ATISHAY INFOTECH PVT. LTD.,4,102
FCR Govt of Haryana,Vakrangee Softwares Limited,687,3
FCS Govt of Punjab,Alankit Assignments Limited,0,1
FCS Govt of Punjab,Alankit Finsec Ltd,0,1
FCS Govt of Punjab,Delhi Integrated MMTS Ltd,0,7
FCS Govt of Punjab,Diwakar Commercials Pvt Ltd,0,8
FCS Govt of Punjab,VISESH INFOTECNICS LIMITED,0,1
FCS Govt of Punjab,eCentric solutions pvt ltd,43,1
Govt of Andhra Pradesh,Gouthami Educational Society,0,4
Govt of Andhra Pradesh,GrapeSoft,0,32
Govt of Andhra Pradesh,IL&FS LTD,0,14
Govt of Andhra Pradesh,INFRONICS SYSTEMS LTD,15,14
Govt of Andhra Pradesh,Madras Security Printers Ltd,0,35
Govt of Andhra Pradesh,Smart Chip Limited,0,2
Govt of Andhra Pradesh,TechSmart India Pvt Ltd,0,39
Govt of Andhra Pradesh,Tera Software Ltd,0,4
Govt of Andhra Pradesh,eCentric solutions pvt ltd,0,17
Govt of Goa,MARS Telecom Systems Pvt Ltd,0,9
Govt of Gujarat,GSS Infotech Ltd,0,291
Govt of Gujarat,Karvy Computershare Private Li,0,141
Govt of Gujarat,Silver Touch Technologies Ltd,0,2232
Govt of Gujarat,Tera Software Ltd,0,29
Govt of Gujarat,Transline Technologies P Ltd,0,310
Govt of Gujarat,Vayam technologies Ltd,0,255
Govt of Gujarat,eCentric solutions pvt ltd,0,743
Govt of Himachal Pradesh,IL&FS LTD,0,2
Govt of Himachal Pradesh,Wipro Ltd,1243,9
Govt of Himachal Pradesh,i-Grandee SoftwareTechnologies,1497,31
Govt of Karnataka ,COMAT TECHNOLOGIES P LTD,3797,1
Govt of Karnataka ,GLODYNE TECHNOSERVE,0,14
Govt of Karnataka ,Integra Micro Systems Pvt.ltd,56,3
Govt of Karnataka ,Tera Software Ltd,255,20
Govt of Karnataka ,Wipro Ltd,343,7
Govt of Kerala,Akshaya,3990,6
Govt of Kerala,Keltron,167,0
Govt of Madhya Pradesh,VIRGO SOFTECH LIMITED,166,11
Govt of Maharashtra,Alankit Assignments Limited,0,5
Govt of Maharashtra,COMAT TECHNOLOGIES P LTD,0,1
Govt of Maharashtra,Eagle press pvt ltd,0,24
Govt of Maharashtra,GLODYNE TECHNOSERVE,8,235
Govt of Maharashtra,GSS Infotech Ltd,0,3
Govt of Maharashtra,Karvy Computershare Private Li,5,663
Govt of Maharashtra,Mahaonline Limited,0,4
Govt of Maharashtra,STRATEGIC OUTSOURCING SERVICE,0,3
Govt of Maharashtra,Silver Touch Technologies Ltd,0,902
Govt of Maharashtra,Smart Chip Limited,0,2
Govt of Maharashtra,TechSmart India Pvt Ltd,17,6
Govt of Maharashtra,Tera Software Ltd,0,6
Govt of Maharashtra,Transline Technologies P Ltd,0,339
Govt of Maharashtra,Wipro Ltd,1,323
Indian Overseas Bank,Eagle Software India Pvt. Ltd,0,1
Indian Overseas Bank,Karvy Computershare Private Li,0,2
Indiapost,4G IDENTITY SOLUTIONS,0,7
Indiapost,COMAT TECHNOLOGIES P LTD,0,12
Indiapost,Delhi Integrated MMTS Ltd,0,404
Indiapost,GLODYNE TECHNOSERVE,0,13
Indiapost,GSS Infotech Ltd,0,1
Indiapost,IL&FS LTD,0,2
Indiapost,Madras Security Printers Ltd,0,1
Indiapost,Smart Chip Limited,0,1
Indiapost,TEAM LIFE CARE COMPANY INDIA P,0,8
Indiapost,eCentric solutions pvt ltd,0,2
Jharkhand,Alankit Assignments Limited,11,0
Jharkhand,Blue Circle Instrument,241,2
Jharkhand,MKS Enterprises,1,0
Jharkhand,Nevaeh Technology Pvt. Ltd.,7,1
Jharkhand,STRATEGIC OUTSOURCING SERVICE,16,0
Jharkhand,Systematic & Advance Const P L,0,79
Jharkhand,VISION COMPTECH INTEGRATOR LTD,318,379
Jharkhand,Wipro Ltd,1431,1
Life Insurance Corporation,eCentric solutions pvt ltd,0,2
Mission Convergence - GNCT Del,STRATEGIC OUTSOURCING SERVICE,1,2
Mission Convergence - GNCT Del,Smart Chip Limited,1,0
Mission Convergence - GNCT Del,Tera Software Ltd,5,0
N S D L,Abhipra Capital Ltd,0,9
N S D L,Alankit Assignments Limited,0,2
N S D L,Karvy Data Management Services,0,185
N S D L,PROWIZ MANSYTEMS PVT LTD,0,216
Oriental Bank of Commerce,DATASOFT COMPUTER SERVICES(P),48,3
Oriental Bank of Commerce,IL&FS LTD,0,1
Oriental Bank of Commerce,Wipro Ltd,63,2
RDD Govt of Tripura,Alankit Assignments Limited,0,7
Registrar General India BEL2,Om Softwares,10,0
Registrar General India BEL2,Swathy Smartcards Hi-Tech Pvt,0,76
Registrar General India BEL2,VIRGO SOFTECH LIMITED,103,0
Registrar General India ECIL,Computer LAB,0,245
Registrar General India ECIL,Pioneer E Labs limited,691,0
Registrar General India Others,Eagle Software India Pvt. Ltd,169,0
Registrar General India Others,SREEVEN INFOCOM LIMITED,7,0
Registrar General India Others,Swathy Smartcards Hi-Tech Pvt,0,275
Registrar General India Others,Tera Software Ltd,2,0
Registrar General of India ITI,Swathy Smartcards Hi-Tech Pvt,0,1
STATE BANK OF PATIALA,CSS TECHNERGY LIMITED,0,1
State Bank of Bikaner & Jaipur,Multiwave Innovation,19,432
State Bank of India,4G IDENTITY SOLUTIONS,4,75
State Bank of India,CSS TECHNERGY LIMITED,0,45
State Bank of India,Delhi Integrated MMTS Ltd,0,1
State Bank of India,IL&FS LTD,0,3
State Bank of India,Smart Chip Limited,18,7
State Bank of India,VIRGO SOFTECH LIMITED,3,2
UDD Govt of Jharkhand,MKS Enterprises,0,1
UDD Govt of Jharkhand,Systematic & Advance Const P L,0,2
UT of Puducherry,Madras Security Printers Ltd,0,1
Union Bank,4G IDENTITY SOLUTIONS,0,3
Union Bank,Smart Chip Limited,425,4
Union Bank,Vakrangee Softwares Limited,2315,49
