Registrar,Enrolment Agency,Aadhaar generated,Enrolment Rejected
Allahabad Bank,IL&FS LTD,0,1
Bank Of India,A3 Logics  India  Ltd,45,13
Bank Of India,CHESSY CONSULTANTS PVT LTD,13,0
Bank Of India,Frontech Systems Pvt Ltd,8,0
Bank Of India,ITI LIMITED,51,1
Bank Of India,Integra Micro Systems Pvt.ltd,0,2
Bank Of India,MANTRA SOFTTECH (INDIA) PVTLTD,3,2
Bank Of India,Matrix Processing House,3,0
Bank Of India,OSWAL COMPUTERS & CONSULTANTS,0,1
Bank Of India,PROTEX COMPUTER PVT LTD,2,0
Bank Of India,SHRIKRISHNA KHANDASARI SUGAR M,50,0
Bank Of India,SPANCO,1,0
Bank Of India,Silver Touch Technologies Ltd,15,1
Bank Of India,Vakrangee Softwares Limited,15,1
Bank of Baroda,DATASOFT COMPUTER SERVICES(P),0,10
Bank of Baroda,IL&FS LTD,0,1
Canara Bank,Swiss Tech India Pvt Ltd,0,1
Central Bank of India,Frontech Systems Pvt Ltd,0,1
Central Bank of India,GSS Infotech Ltd,0,1
Central Bank of India,IAP COMPANY Pvt. Ltd,0,6
Central Bank of India,IL&FS LTD,0,9
Central Bank of India,MANTRA SOFTTECH (INDIA) PVTLTD,27,16
Central Bank of India,SREI INFRASTRUCTURE FINANCES L,0,8
Civil Supplies - A&N Islands,India Computer Technology,0,2
Delhi - Central DC,Smart Chip Limited,0,9
Delhi - ND DC,Smart Chip Limited,0,1
Delhi - NE DC,Alankit Assignments Limited,0,15
Delhi - NE DC,Smart ID,0,1
Delhi - North DC,Smart Chip Limited,1,2
Delhi SW DC,STRATEGIC OUTSOURCING SERVICE,0,3
Delhi Urban Shelter Improvemen,Matrix Processing House,0,1
Delhi Urban Shelter Improvemen,STRATEGIC OUTSOURCING SERVICE,0,2
Delhi Urban Shelter Improvemen,Tera Software Ltd,0,1
Delhi- South DC,Tera Software Ltd,0,1
Delhi- West DC,Matrix Processing House,0,3
Delhi-NW DC,Karvy Computershare Private Li,0,2
Delhi-NW DC,STRATEGIC OUTSOURCING SERVICE,0,3
Dept of ITC Govt of Rajasthan,ATISHAY INFOTECH PVT. LTD.,16,0
Dept of ITC Govt of Rajasthan,TechSmart India Pvt Ltd,0,1
FCR Govt of Haryana,Vakrangee Softwares Limited,10,0
FCS Govt of Punjab,Alankit Assignments Limited,0,24
FCS Govt of Punjab,Alankit Finsec Ltd,0,5
FCS Govt of Punjab,Alankit Life Care Ltd,0,3
FCS Govt of Punjab,CSS TECHNERGY LIMITED,6,0
FCS Govt of Punjab,Delhi Integrated MMTS Ltd,0,2
FCS Govt of Punjab,Diwakar Commercials Pvt Ltd,0,3
FCS Govt of Punjab,Karvy Computershare Private Li,12,0
FCS Govt of Punjab,VIRGO SOFTECH LIMITED,1,3
Govt of Andhra Pradesh,Gouthami Educational Society,22,48
Govt of Andhra Pradesh,GrapeSoft,0,21
Govt of Andhra Pradesh,IL&FS LTD,0,206
Govt of Andhra Pradesh,INFRONICS SYSTEMS LTD,17,69
Govt of Andhra Pradesh,Madras Security Printers Ltd,0,183
Govt of Andhra Pradesh,SREEVEN INFOCOM LIMITED,0,16
Govt of Andhra Pradesh,Smart Chip Limited,0,11
Govt of Andhra Pradesh,TechSmart India Pvt Ltd,2,207
Govt of Andhra Pradesh,Tera Software Ltd,0,17
Govt of Andhra Pradesh,eCentric solutions pvt ltd,0,85
Govt of Goa,MARS Telecom Systems Pvt Ltd,30,0
Govt of Goa,Tera Software Ltd,0,1
Govt of Gujarat,GSS Infotech Ltd,174,0
Govt of Gujarat,Karvy Computershare Private Li,174,0
Govt of Gujarat,Silver Touch Technologies Ltd,327,2
Govt of Gujarat,Tera Software Ltd,84,1
Govt of Gujarat,Transline Technologies P Ltd,435,4
Govt of Gujarat,eCentric solutions pvt ltd,78,1
Govt of Himachal Pradesh,Wipro Ltd,37,0
Govt of Himachal Pradesh,i-Grandee SoftwareTechnologies,1,0
Govt of Karnataka ,COMAT TECHNOLOGIES P LTD,9,43
Govt of Karnataka ,GLODYNE TECHNOSERVE,0,10
Govt of Karnataka ,Integra Micro Systems Pvt.ltd,0,13
Govt of Karnataka ,Tera Software Ltd,0,11
Govt of Karnataka ,Wipro Ltd,0,5
Govt of Kerala,Akshaya,487,19
Govt of Kerala,Keltron,638,13
Govt of Madhya Pradesh,VIRGO SOFTECH LIMITED,4,7
Govt of Maharashtra,Alankit Assignments Limited,0,23
Govt of Maharashtra,Alankit Finsec Ltd,11,1
Govt of Maharashtra,COMAT TECHNOLOGIES P LTD,0,7
Govt of Maharashtra,Eagle press pvt ltd,0,3
Govt of Maharashtra,GLODYNE TECHNOSERVE,31,0
Govt of Maharashtra,GSS Infotech Ltd,0,40
Govt of Maharashtra,Karvy Computershare Private Li,273,39
Govt of Maharashtra,Mahaonline Limited,0,82
Govt of Maharashtra,SPANCO,0,6
Govt of Maharashtra,STRATEGIC OUTSOURCING SERVICE,0,6
Govt of Maharashtra,Silver Touch Technologies Ltd,155,0
Govt of Maharashtra,TEAM LIFE CARE COMPANY INDIA P,0,1
Govt of Maharashtra,TechSmart India Pvt Ltd,121,1
Govt of Maharashtra,Tera Software Ltd,1,59
Govt of Maharashtra,Transline Technologies P Ltd,267,4
Govt of Maharashtra,Wep Solution India Limited,0,14
Govt of Maharashtra,Wipro Ltd,261,21
Govt of Sikkim - Dept of Econo,4G IDENTITY SOLUTIONS,0,2
Indian Overseas Bank,Eagle Software India Pvt. Ltd,0,1
Indiapost,4G IDENTITY SOLUTIONS,4,0
Indiapost,COMAT TECHNOLOGIES P LTD,0,2
Indiapost,Delhi Integrated MMTS Ltd,1,4
Indiapost,Eagle press pvt ltd,0,1
Indiapost,GSS Infotech Ltd,0,3
Indiapost,IL&FS LTD,0,8
Indiapost,Madras Security Printers Ltd,0,2
Indiapost,TEAM LIFE CARE COMPANY INDIA P,0,4
Indiapost,UTI TECHNOLOGY SERVICES LIMITE,0,4
Indiapost,eCentric solutions pvt ltd,0,2
Jharkhand,Alankit Assignments Limited,0,1
Jharkhand,MKS Enterprises,1,7
Jharkhand,STRATEGIC OUTSOURCING SERVICE,0,1
Jharkhand,Systematic & Advance Const P L,2,5
Jharkhand,VISION COMPTECH INTEGRATOR LTD,0,1
Jharkhand,Wipro Ltd,52,22
Life Insurance Corporation,eCentric solutions pvt ltd,0,1
Mission Convergence - GNCT Del,Matrix Processing House,0,4
Mission Convergence - GNCT Del,Smart Chip Limited,0,1
N S D L,Abhipra Capital Ltd,16,7
N S D L,Alankit Assignments Limited,0,2
N S D L,Karvy Data Management Services,1,91
N S D L,PROWIZ MANSYTEMS PVT LTD,6,0
Oriental Bank of Commerce,DATASOFT COMPUTER SERVICES(P),3,12
Oriental Bank of Commerce,IL&FS LTD,0,1
Oriental Bank of Commerce,Wipro Ltd,0,3
RDD Govt of Tripura,Alankit Assignments Limited,0,7
Registrar General India - BEL,In Media Computer Services LLP,54,1
Registrar General India BEL2,Om Softwares,1729,19
Registrar General India BEL2,VIRGO SOFTECH LIMITED,1,0
Registrar General India ECIL,Computer LAB,24,2
Registrar General India ECIL,Pioneer E Labs limited,103,30
Registrar General India ECIL,SWISSTECH NPR 57CR PROJECT PVT,40,697
Registrar General India Others,Swathy Smartcards Hi-Tech Pvt,0,1
STATE BANK OF HYDERABAD,CSS TECHNERGY LIMITED,0,2
STATE BANK OF PATIALA,CSS TECHNERGY LIMITED,0,1
State Bank of Bikaner & Jaipur,Multiwave Innovation,26,5
State Bank of India,4G IDENTITY SOLUTIONS,2,121
State Bank of India,CSS TECHNERGY LIMITED,0,183
State Bank of India,Delhi Integrated MMTS Ltd,0,19
State Bank of India,Eagle press pvt ltd,0,4
State Bank of India,IL&FS LTD,0,33
State Bank of India,Smart Chip Limited,0,9
State Bank of India,VIRGO SOFTECH LIMITED,0,11
State Bank of Travancore,Tera Software Ltd,2,0
Syndicate Bank,Smart Chip Limited,0,3
UDD Govt of Jharkhand,Blue Circle Instrument,0,3
UDD Govt of Jharkhand,IL&FS LTD,0,15
UDD Govt of Jharkhand,MKS Enterprises,0,3
UDD Govt of Jharkhand,Smart ID,0,1
UT Of Daman and Diu,Alankit Assignments Limited,0,7
UT of Puducherry,Madras Security Printers Ltd,0,4
Union Bank,4G IDENTITY SOLUTIONS,1,1
Union Bank,Smart Chip Limited,3,4
Union Bank,Vakrangee Softwares Limited,0,135
