Registrar,Enrolment Agency,Aadhaar generated,Enrolment Rejected
Allahabad Bank,IL&FS LTD,0,2
Allahabad Bank,Tera Software Ltd,0,1
Allahabad Bank,Vakrangee Softwares Limited,0,1
Bank Of India,A3 Logics  India  Ltd,9,5
Bank Of India,CHESSY CONSULTANTS PVT LTD,5,0
Bank Of India,DATASOFT COMPUTER SERVICES(P),6,0
Bank Of India,Frontech Systems Pvt Ltd,9,1
Bank Of India,ITI LIMITED,92,0
Bank Of India,MANTRA SOFTTECH (INDIA) PVTLTD,459,3
Bank Of India,Matrix Processing House,84,3
Bank Of India,OPTIMIX CONSULTANCY PRIVATE LT,16,0
Bank Of India,OSWAL COMPUTERS & CONSULTANTS,1046,10
Bank Of India,PROTEX COMPUTER PVT LTD,40,0
Bank Of India,SARADA SYSTEMS,32,165
Bank Of India,SHRIKRISHNA KHANDASARI SUGAR M,2,0
Bank Of India,SPANCO,27,0
Bank Of India,SREI INFRASTRUCTURE FINANCES L,37,1
Bank Of India,Silver Touch Technologies Ltd,16,0
Bank Of India,VEETECHNOLOGIES PVT. LTD,731,2
Bank Of India,Vakrangee Softwares Limited,396,3
Bank of Baroda,DATASOFT COMPUTER SERVICES(P),0,2
Bank of Baroda,IL&FS LTD,0,5
Bank of Baroda,TEAM LIFE CARE COMPANY INDIA P,443,7
Canara Bank,Smart Chip Limited,0,2
Central Bank of India,CALANCE SOFTWARE PRIVATE LTD,0,7
Central Bank of India,Frontech Systems Pvt Ltd,0,11
Central Bank of India,IAP COMPANY Pvt. Ltd,0,1
Central Bank of India,IL&FS LTD,7,10
Central Bank of India,MANTRA SOFTTECH (INDIA) PVTLTD,92,2
Central Bank of India,SREI INFRASTRUCTURE FINANCES L,0,8
Central Bank of India,Smart ID,1,0
Central Bank of India,The Peerless General Finance,1,1
Delhi - Central DC,Smart Chip Limited,35,4
Delhi - East DC,DATASOFT COMPUTER SERVICES(P),0,1
Delhi - East DC,Tera Software Ltd,81,4
Delhi - ND DC,Smart Chip Limited,4,0
Delhi - NE DC,Alankit Assignments Limited,0,2
Delhi - NE DC,Smart ID,3,0
Delhi - North DC,DATASOFT COMPUTER SERVICES(P),1,1
Delhi - North DC,Smart Chip Limited,51,4
Delhi SW DC,STRATEGIC OUTSOURCING SERVICE,355,7
Delhi Urban Shelter Improvemen,Matrix Processing House,0,2
Delhi Urban Shelter Improvemen,STRATEGIC OUTSOURCING SERVICE,110,3
Delhi Urban Shelter Improvemen,Smart Chip Limited,3,0
Delhi Urban Shelter Improvemen,Tera Software Ltd,68,5
Delhi- South DC,Tera Software Ltd,45,8
Delhi- West DC,Matrix Processing House,0,5
Delhi- West DC,VIRGO SOFTECH LIMITED,987,5
Delhi-NW DC,Karvy Computershare Private Li,0,5
Delhi-NW DC,STRATEGIC OUTSOURCING SERVICE,299,3
Dept of ITC Govt of Rajasthan,ATISHAY INFOTECH PVT. LTD.,92,62
FCR Govt of Haryana,Vakrangee Softwares Limited,376,1
FCS Govt of Punjab,Alankit Assignments Limited,1,3
FCS Govt of Punjab,Alankit Finsec Ltd,0,6
FCS Govt of Punjab,Alankit Life Care Ltd,2,3
FCS Govt of Punjab,CSS TECHNERGY LIMITED,6,0
FCS Govt of Punjab,Delhi Integrated MMTS Ltd,0,4
FCS Govt of Punjab,Diwakar Commercials Pvt Ltd,0,4
FCS Govt of Punjab,VIRGO SOFTECH LIMITED,0,7
FCS Govt of Punjab,eCentric solutions pvt ltd,6,0
Govt of Andhra Pradesh,Gouthami Educational Society,0,20
Govt of Andhra Pradesh,GrapeSoft,0,22
Govt of Andhra Pradesh,IL&FS LTD,0,24
Govt of Andhra Pradesh,INFRONICS SYSTEMS LTD,33,14
Govt of Andhra Pradesh,Madras Security Printers Ltd,0,27
Govt of Andhra Pradesh,SREEVEN INFOCOM LIMITED,0,6
Govt of Andhra Pradesh,Smart Chip Limited,0,3
Govt of Andhra Pradesh,TechSmart India Pvt Ltd,0,133
Govt of Andhra Pradesh,Tera Software Ltd,3,58
Govt of Andhra Pradesh,eCentric solutions pvt ltd,0,34
Govt of Goa,COMAT TECHNOLOGIES P LTD,0,1
Govt of Goa,MARS Telecom Systems Pvt Ltd,0,4
Govt of Gujarat,GSS Infotech Ltd,2,41
Govt of Gujarat,Karvy Computershare Private Li,0,163
Govt of Gujarat,Silver Touch Technologies Ltd,4,1870
Govt of Gujarat,Tera Software Ltd,1,350
Govt of Gujarat,Transline Technologies P Ltd,11,667
Govt of Gujarat,Vayam technologies Ltd,4,2347
Govt of Gujarat,eCentric solutions pvt ltd,2,553
Govt of Himachal Pradesh,Wipro Ltd,1286,11
Govt of Himachal Pradesh,i-Grandee SoftwareTechnologies,1683,5
Govt of Karnataka ,COMAT TECHNOLOGIES P LTD,1826,14
Govt of Karnataka ,GLODYNE TECHNOSERVE,1,9
Govt of Karnataka ,Integra Micro Systems Pvt.ltd,1,11
Govt of Karnataka ,Tera Software Ltd,672,46
Govt of Karnataka ,Wipro Ltd,5295,69
Govt of Kerala,Akshaya,29683,26
Govt of Kerala,Keltron,1226,7
Govt of Madhya Pradesh,VIRGO SOFTECH LIMITED,985,110
Govt of Maharashtra,Alankit Assignments Limited,0,12
Govt of Maharashtra,Alankit Finsec Ltd,1,0
Govt of Maharashtra,COMAT TECHNOLOGIES P LTD,0,3
Govt of Maharashtra,Eagle press pvt ltd,0,22
Govt of Maharashtra,GLODYNE TECHNOSERVE,51,191
Govt of Maharashtra,GSS Infotech Ltd,0,6
Govt of Maharashtra,Karvy Computershare Private Li,59,514
Govt of Maharashtra,Mahaonline Limited,0,22
Govt of Maharashtra,SPANCO,0,3
Govt of Maharashtra,STRATEGIC OUTSOURCING SERVICE,0,61
Govt of Maharashtra,Silver Touch Technologies Ltd,0,624
Govt of Maharashtra,Smart Chip Limited,0,3
Govt of Maharashtra,TEAM LIFE CARE COMPANY INDIA P,0,9
Govt of Maharashtra,TechSmart India Pvt Ltd,18,1
Govt of Maharashtra,Tera Software Ltd,0,47
Govt of Maharashtra,Transline Technologies P Ltd,6,321
Govt of Maharashtra,Wep Solution India Limited,0,17
Govt of Maharashtra,Wipro Ltd,10,151
Govt of Sikkim - Dept of Econo,4G IDENTITY SOLUTIONS,0,1
IDBI Bank ltd,GSS Infotech Ltd,0,1
IDBI Bank ltd,Pioneer E Labs limited,0,2
IGNOU,VIRGO SOFTECH LIMITED,0,2
IGNOU,Vakrangee Softwares Limited,0,4
Indian Overseas Bank,Eagle Software India Pvt. Ltd,0,7
Indiapost,4G IDENTITY SOLUTIONS,0,5
Indiapost,COMAT TECHNOLOGIES P LTD,0,5
Indiapost,Delhi Integrated MMTS Ltd,45,290
Indiapost,Eagle press pvt ltd,0,1
Indiapost,GLODYNE TECHNOSERVE,2,0
Indiapost,GSS Infotech Ltd,0,2
Indiapost,IL&FS LTD,1,5
Indiapost,Madras Security Printers Ltd,0,3
Indiapost,TEAM LIFE CARE COMPANY INDIA P,1,23
Indiapost,UTI TECHNOLOGY SERVICES LIMITE,0,9
Indiapost,WEBEL,0,24
Indiapost,eCentric solutions pvt ltd,0,3
Jharkhand,Alankit Assignments Limited,3,2
Jharkhand,Blue Circle Instrument,66,2
Jharkhand,Nevaeh Technology Pvt. Ltd.,77,0
Jharkhand,STRATEGIC OUTSOURCING SERVICE,98,0
Jharkhand,Systematic & Advance Const P L,0,48
Jharkhand,VISION COMPTECH INTEGRATOR LTD,273,278
Jharkhand,Wipro Ltd,1090,13
Life Insurance Corporation,Smart ID,0,2
Mission Convergence - GNCT Del,Matrix Processing House,0,3
Mission Convergence - GNCT Del,STRATEGIC OUTSOURCING SERVICE,35,8
Mission Convergence - GNCT Del,Smart Chip Limited,10,0
Mission Convergence - GNCT Del,Tera Software Ltd,15,1
N S D L,Abhipra Capital Ltd,1,10
N S D L,Alankit Assignments Limited,0,5
N S D L,INTEGRATED REGISTRY SERVICES,0,43
N S D L,Karvy Data Management Services,12,2821
N S D L,PROWIZ MANSYTEMS PVT LTD,49,125
Oriental Bank of Commerce,DATASOFT COMPUTER SERVICES(P),18,5
Oriental Bank of Commerce,IL&FS LTD,0,2
Oriental Bank of Commerce,Wipro Ltd,949,10
RDD Govt of Tripura,Alankit Assignments Limited,0,2
Registrar General India BEL2,Om Softwares,0,1
Registrar General India BEL2,Swathy Smartcards Hi-Tech Pvt,0,4
Registrar General India BEL2,VIRGO SOFTECH LIMITED,33,1
Registrar General India ECIL,Computer LAB,0,196
Registrar General India ECIL,In Media Computer Services LLP,0,1
Registrar General India ECIL,Pioneer E Labs limited,1281,0
Registrar General India Others,In Media Computer Services LLP,0,2
Registrar General of India ITI,Multiwave Innovation,0,2
Registrar General of India ITI,Swathy Smartcards Hi-Tech Pvt,29,685
STATE BANK OF HYDERABAD,CSS TECHNERGY LIMITED,0,1
STATE BANK OF PATIALA,CSS TECHNERGY LIMITED,0,1
State Bank of Bikaner & Jaipur,Multiwave Innovation,347,315
State Bank of India,4G IDENTITY SOLUTIONS,0,206
State Bank of India,CSS TECHNERGY LIMITED,0,128
State Bank of India,Delhi Integrated MMTS Ltd,0,8
State Bank of India,IL&FS LTD,0,22
State Bank of India,Smart Chip Limited,238,29
State Bank of India,VIRGO SOFTECH LIMITED,35,13
UDD Govt of Jharkhand,IL&FS LTD,0,1
UDD Govt of Jharkhand,MKS Enterprises,0,9
UDD Govt of Jharkhand,Systematic & Advance Const P L,0,2
UIDAI-Registrar,UIDAI-EA,1,0
UT of Puducherry,Madras Security Printers Ltd,0,11
Union Bank,4G IDENTITY SOLUTIONS,0,15
Union Bank,Smart Chip Limited,224,5
Union Bank,Vakrangee Softwares Limited,8395,124
