Registrar,Enrolment Agency,Aadhaar generated,Enrolment Rejected
Allahabad Bank,IL&FS LTD,1,3
Allahabad Bank,Vakrangee Softwares Limited,1,1
Bank Of India,A3 Logics  India  Ltd,40,64
Bank Of India,CHESSY CONSULTANTS PVT LTD,25,0
Bank Of India,DATASOFT COMPUTER SERVICES(P),98,3
Bank Of India,Frontech Systems Pvt Ltd,20,0
Bank Of India,ITI LIMITED,1077,0
Bank Of India,MANTRA SOFTTECH (INDIA) PVTLTD,2108,5
Bank Of India,Matrix Processing House,432,0
Bank Of India,OPTIMIX CONSULTANCY PRIVATE LT,101,0
Bank Of India,OSWAL COMPUTERS & CONSULTANTS,5173,91
Bank Of India,PROTEX COMPUTER PVT LTD,220,2
Bank Of India,SARADA SYSTEMS,0,121
Bank Of India,SHRIKRISHNA KHANDASARI SUGAR M,6,0
Bank Of India,SPANCO,237,1
Bank Of India,SREI INFRASTRUCTURE FINANCES L,199,18
Bank Of India,Silver Touch Technologies Ltd,94,6
Bank Of India,Systematic & Advance Const P L,0,1340
Bank Of India,VEETECHNOLOGIES PVT. LTD,1767,11
Bank Of India,Vakrangee Softwares Limited,1620,51
Bank of Baroda,DATASOFT COMPUTER SERVICES(P),2,6
Bank of Baroda,IL&FS LTD,2,9
Bank of Baroda,TEAM LIFE CARE COMPANY INDIA P,801,13
Bank of Maharashtra,Bartronics India Limited,0,3
Canara Bank,ITI LIMITED,0,1
Canara Bank,Rosmerta technoliges Limited,0,2
Canara Bank,Smart Chip Limited,1,1
Central Bank of India,CALANCE SOFTWARE PRIVATE LTD,3,10
Central Bank of India,Frontech Systems Pvt Ltd,0,24
Central Bank of India,GSS Infotech Ltd,0,2
Central Bank of India,IAP COMPANY Pvt. Ltd,1,1
Central Bank of India,IL&FS LTD,21,51
Central Bank of India,MANTRA SOFTTECH (INDIA) PVTLTD,333,12
Central Bank of India,SREI INFRASTRUCTURE FINANCES L,0,23
Central Bank of India,Smart ID,5,0
Central Bank of India,The Peerless General Finance,19,2
Civil Supplies - A&N Islands,India Computer Technology,1,5
Delhi - Central DC,Smart Chip Limited,193,18
Delhi - East DC,DATASOFT COMPUTER SERVICES(P),1,6
Delhi - East DC,IAP COMPANY Pvt. Ltd,0,1
Delhi - East DC,Tera Software Ltd,529,40
Delhi - ND DC,Smart Chip Limited,20,0
Delhi - NE DC,Alankit Assignments Limited,1,7
Delhi - NE DC,Smart ID,19,1
Delhi - North DC,DATASOFT COMPUTER SERVICES(P),11,1
Delhi - North DC,Smart Chip Limited,273,13
Delhi SW DC,STRATEGIC OUTSOURCING SERVICE,2026,127
Delhi Urban Shelter Improvemen,Matrix Processing House,0,4
Delhi Urban Shelter Improvemen,STRATEGIC OUTSOURCING SERVICE,610,43
Delhi Urban Shelter Improvemen,Smart Chip Limited,9,0
Delhi Urban Shelter Improvemen,Tera Software Ltd,347,20
Delhi- South DC,Tera Software Ltd,149,20
Delhi- South DC,eCentric solutions pvt ltd,1,0
Delhi- West DC,Matrix Processing House,1,19
Delhi- West DC,VIRGO SOFTECH LIMITED,2955,32
Delhi-NW DC,Karvy Computershare Private Li,0,16
Delhi-NW DC,STRATEGIC OUTSOURCING SERVICE,1422,101
Dept of ITC Govt of Rajasthan,ATISHAY INFOTECH PVT. LTD.,113,361
Dept of ITC Govt of Rajasthan,DATASOFT COMPUTER SERVICES(P),0,1
Dept of ITC Govt of Rajasthan,GSS Infotech Ltd,0,2
Dept of ITC Govt of Rajasthan,TechSmart India Pvt Ltd,0,1
Dept of ITC Govt of Rajasthan,Vakrangee Softwares Limited,1,561
FCR Govt of Haryana,Vakrangee Softwares Limited,1507,15
FCS Govt of Punjab,Alankit Assignments Limited,0,9
FCS Govt of Punjab,Alankit Finsec Ltd,0,7
FCS Govt of Punjab,Alankit Life Care Ltd,4,7
FCS Govt of Punjab,CSS TECHNERGY LIMITED,13,0
FCS Govt of Punjab,Delhi Integrated MMTS Ltd,5,7
FCS Govt of Punjab,Diwakar Commercials Pvt Ltd,2,5
FCS Govt of Punjab,VIRGO SOFTECH LIMITED,1,7
Govt of Andhra Pradesh,Gouthami Educational Society,1,61
Govt of Andhra Pradesh,GrapeSoft,1,39
Govt of Andhra Pradesh,IL&FS LTD,0,38
Govt of Andhra Pradesh,INFRONICS SYSTEMS LTD,30,46
Govt of Andhra Pradesh,Madras Security Printers Ltd,1,128
Govt of Andhra Pradesh,SREEVEN INFOCOM LIMITED,1,6
Govt of Andhra Pradesh,Smart Chip Limited,3,28
Govt of Andhra Pradesh,TechSmart India Pvt Ltd,40,748
Govt of Andhra Pradesh,Tera Software Ltd,18,58
Govt of Andhra Pradesh,eCentric solutions pvt ltd,3,126
Govt of Goa,MARS Telecom Systems Pvt Ltd,1,10
Govt of Gujarat,GSS Infotech Ltd,0,408
Govt of Gujarat,Silver Touch Technologies Ltd,2,679
Govt of Gujarat,Tera Software Ltd,0,2186
Govt of Gujarat,Transline Technologies P Ltd,0,1503
Govt of Gujarat,Vayam technologies Ltd,2,2980
Govt of Gujarat,eCentric solutions pvt ltd,0,1758
Govt of Himachal Pradesh,IL&FS LTD,0,8
Govt of Himachal Pradesh,Wipro Ltd,4735,99
Govt of Himachal Pradesh,i-Grandee SoftwareTechnologies,20863,269
Govt of Karnataka ,COMAT TECHNOLOGIES P LTD,11749,84
Govt of Karnataka ,GLODYNE TECHNOSERVE,5,72
Govt of Karnataka ,Integra Micro Systems Pvt.ltd,3,12
Govt of Karnataka ,Tera Software Ltd,3443,165
Govt of Karnataka ,Wipro Ltd,14929,589
Govt of Kerala,Akshaya,70457,116
Govt of Kerala,Keltron,2843,4
Govt of Madhya Pradesh,VIRGO SOFTECH LIMITED,3565,466
Govt of Maharashtra,Alankit Assignments Limited,0,30
Govt of Maharashtra,Alankit Finsec Ltd,3,54
Govt of Maharashtra,COMAT TECHNOLOGIES P LTD,6,12
Govt of Maharashtra,Eagle press pvt ltd,0,2
Govt of Maharashtra,GLODYNE TECHNOSERVE,28,196
Govt of Maharashtra,GSS Infotech Ltd,0,53
Govt of Maharashtra,Karvy Computershare Private Li,77,1991
Govt of Maharashtra,Mahaonline Limited,1,85
Govt of Maharashtra,SPANCO,0,9
Govt of Maharashtra,STRATEGIC OUTSOURCING SERVICE,0,54
Govt of Maharashtra,Silver Touch Technologies Ltd,0,4561
Govt of Maharashtra,Smart Chip Limited,1,11
Govt of Maharashtra,TEAM LIFE CARE COMPANY INDIA P,1,12
Govt of Maharashtra,TechSmart India Pvt Ltd,0,166
Govt of Maharashtra,Tera Software Ltd,1,100
Govt of Maharashtra,Transline Technologies P Ltd,0,8723
Govt of Maharashtra,Wep Solution India Limited,0,26
Govt of Maharashtra,Wipro Ltd,0,11529
Govt of Sikkim - Dept of Econo,4G IDENTITY SOLUTIONS,0,1
IDBI Bank ltd,Pioneer E Labs limited,0,3
IDBI Bank ltd,SREEVEN INFOCOM LIMITED,0,1934
IGNOU,VIRGO SOFTECH LIMITED,0,828
IGNOU,Vakrangee Softwares Limited,0,1997
Indian Overseas Bank,Eagle Software India Pvt. Ltd,0,9
Indian Overseas Bank,Karvy Computershare Private Li,0,1
Indiapost,4G IDENTITY SOLUTIONS,1,10
Indiapost,COMAT TECHNOLOGIES P LTD,0,40
Indiapost,Delhi Integrated MMTS Ltd,153,21
Indiapost,Eagle press pvt ltd,0,1
Indiapost,GLODYNE TECHNOSERVE,2,4
Indiapost,GSS Infotech Ltd,0,3
Indiapost,IL&FS LTD,3,2
Indiapost,Madras Security Printers Ltd,1,6
Indiapost,TEAM LIFE CARE COMPANY INDIA P,1,30
Indiapost,The NSIC ltd,0,5457
Indiapost,UTI TECHNOLOGY SERVICES LIMITE,0,841
Indiapost,WEBEL,0,431
Indiapost,eCentric solutions pvt ltd,0,21
Jharkhand,Alankit Assignments Limited,0,11
Jharkhand,Blue Circle Instrument,18,4
Jharkhand,IL&FS LTD,0,2
Jharkhand,MKS Enterprises,0,5
Jharkhand,Nevaeh Technology Pvt. Ltd.,480,21
Jharkhand,STRATEGIC OUTSOURCING SERVICE,503,37
Jharkhand,Smart ID,0,1
Jharkhand,Systematic & Advance Const P L,1,4259
Jharkhand,VISION COMPTECH INTEGRATOR LTD,91,6115
Jharkhand,Wipro Ltd,7965,66
Life Insurance Corporation,LYRA  CONSULTANCY SERVICE,1,1
Life Insurance Corporation,PROTEX COMPUTER PVT LTD,0,1
Life Insurance Corporation,Smart ID,1,13
Mission Convergence - GNCT Del,Alankit Assignments Limited,0,1
Mission Convergence - GNCT Del,IL&FS LTD,0,1
Mission Convergence - GNCT Del,Karvy Computershare Private Li,0,1
Mission Convergence - GNCT Del,STRATEGIC OUTSOURCING SERVICE,220,24
Mission Convergence - GNCT Del,Smart Chip Limited,38,2
Mission Convergence - GNCT Del,Tera Software Ltd,98,12
Mission Convergence - GNCT Del,eCentric solutions pvt ltd,1,0
N S D L,Abhipra Capital Ltd,1,5456
N S D L,Alankit Assignments Limited,0,47
N S D L,INTEGRATED REGISTRY SERVICES,0,29
N S D L,Karvy Data Management Services,28,43292
N S D L,PROWIZ MANSYTEMS PVT LTD,10,5137
N S D L,RELIGARE SECURITIES LTD,0,32
Oriental Bank of Commerce,DATASOFT COMPUTER SERVICES(P),6,12
Oriental Bank of Commerce,IL&FS LTD,1,2
Oriental Bank of Commerce,Wipro Ltd,2534,83
Punjab and Sind Bank,Matrix Processing House,0,3
RDD Govt of Tripura,Alankit Assignments Limited,0,18
Registrar General India - BEL,Manipur Electronics Dev Corp,0,2
Registrar General India BEL2,Om Softwares,0,1
Registrar General India BEL2,Swathy Smartcards Hi-Tech Pvt,1,2
Registrar General India BEL2,VIRGO SOFTECH LIMITED,802,1
Registrar General India ECIL,Computer LAB,0,170
Registrar General India ECIL,Pioneer E Labs limited,2663,0
Registrar General India Others,Computer LAB,3,18
Registrar General India Others,Eagle Software India Pvt. Ltd,1,0
Registrar General India Others,Emdee Digitronics Pvt.Ltd.,3,0
Registrar General India Others,In Media Computer Services LLP,0,1
Registrar General India Others,India Computer Technology,91,1
Registrar General India Others,Krishna Infotech,1,0
Registrar General India Others,Madras Security Printers Ltd,57,0
Registrar General India Others,Swathy Smartcards Hi-Tech Pvt,39,15
Registrar General of India ITI,Swathy Smartcards Hi-Tech Pvt,5,2545
STATE BANK OF HYDERABAD,CSS TECHNERGY LIMITED,0,2
STATE BANK OF PATIALA,CSS TECHNERGY LIMITED,0,1
State Bank of Bikaner & Jaipur,Multiwave Innovation,25,1331
State Bank of India,4G IDENTITY SOLUTIONS,26,885
State Bank of India,COMAT TECHNOLOGIES P LTD,0,2
State Bank of India,CSS TECHNERGY LIMITED,8,136
State Bank of India,Delhi Integrated MMTS Ltd,3,18
State Bank of India,Eagle press pvt ltd,0,6
State Bank of India,IL&FS LTD,2,28
State Bank of India,Smart Chip Limited,1244,115
State Bank of India,VIRGO SOFTECH LIMITED,83,25
State Bank of Travancore,Tera Software Ltd,0,1
UDD Govt of Jharkhand,Blue Circle Instrument,0,3
UDD Govt of Jharkhand,IL&FS LTD,0,7
UDD Govt of Jharkhand,MKS Enterprises,0,11
UDD Govt of Jharkhand,Systematic & Advance Const P L,0,3137
UIDAI-Registrar,UIDAI-EA,1,0
UT Of Daman and Diu,Alankit Assignments Limited,0,4
UT of Puducherry,Madras Security Printers Ltd,0,17
Union Bank,4G IDENTITY SOLUTIONS,0,46
Union Bank,Smart Chip Limited,1261,17
Union Bank,Vakrangee Softwares Limited,30987,2747
