Registrar,Enrolment Agency,Aadhaar generated,Enrolment Rejected
Bank Of India,A3 Logics  India  Ltd,159,9
Bank Of India,CHESSY CONSULTANTS PVT LTD,10,0
Bank Of India,DATASOFT COMPUTER SERVICES(P),302,5
Bank Of India,Frontech Systems Pvt Ltd,272,4
Bank Of India,ITI LIMITED,221,26
Bank Of India,Integra Micro Systems Pvt.ltd,0,1
Bank Of India,MANTRA SOFTTECH (INDIA) PVTLTD,273,22
Bank Of India,Matrix Processing House,274,9
Bank Of India,OPTIMIX CONSULTANCY PRIVATE LT,11,6
Bank Of India,OSWAL COMPUTERS & CONSULTANTS,1325,77
Bank Of India,PROTEX COMPUTER PVT LTD,76,1
Bank Of India,SARADA SYSTEMS,225,3
Bank Of India,SHRIKRISHNA KHANDASARI SUGAR M,159,0
Bank Of India,SPANCO,73,1
Bank Of India,Silver Touch Technologies Ltd,22,0
Bank Of India,Systematic & Advance Const P L,1,1
Bank Of India,VEETECHNOLOGIES PVT. LTD,200,9
Bank Of India,Vakrangee Softwares Limited,955,21
Bank of Baroda,TEAM LIFE CARE COMPANY INDIA P,22,0
Canara Bank,Smart Chip Limited,0,1
Canara Bank,Swiss Tech India Pvt Ltd,0,1
Central Bank of India,IL&FS LTD,1,1
Central Bank of India,MANTRA SOFTTECH (INDIA) PVTLTD,78,2
Delhi - East DC,Tera Software Ltd,0,1
Delhi - NE DC,Alankit Assignments Limited,0,4
Delhi SW DC,STRATEGIC OUTSOURCING SERVICE,3,3
Delhi Urban Shelter Improvemen,STRATEGIC OUTSOURCING SERVICE,1,5
Delhi Urban Shelter Improvemen,Tera Software Ltd,0,1
Delhi- South DC,Tera Software Ltd,1,1
Delhi- West DC,VIRGO SOFTECH LIMITED,4,0
Delhi-NW DC,STRATEGIC OUTSOURCING SERVICE,2,0
Dept of ITC Govt of Rajasthan,ATISHAY INFOTECH PVT. LTD.,332,10
Dept of ITC Govt of Rajasthan,Vakrangee Softwares Limited,17,4
FCR Govt of Haryana,Vakrangee Softwares Limited,1409,58
FCS Govt of Punjab,Alankit Life Care Ltd,0,1
FCS Govt of Punjab,CSS TECHNERGY LIMITED,77,8
FCS Govt of Punjab,Delhi Integrated MMTS Ltd,5,2
FCS Govt of Punjab,Diwakar Commercials Pvt Ltd,2,0
FCS Govt of Punjab,VIRGO SOFTECH LIMITED,0,1
FCS Govt of Punjab,eCentric solutions pvt ltd,4,0
Govt of Andhra Pradesh,Gouthami Educational Society,0,7
Govt of Andhra Pradesh,GrapeSoft,0,1
Govt of Andhra Pradesh,IL&FS LTD,0,31
Govt of Andhra Pradesh,INFRONICS SYSTEMS LTD,525,23
Govt of Andhra Pradesh,Madras Security Printers Ltd,1,7
Govt of Andhra Pradesh,SREEVEN INFOCOM LIMITED,0,3
Govt of Andhra Pradesh,TechSmart India Pvt Ltd,5,5
Govt of Andhra Pradesh,eCentric solutions pvt ltd,0,15
Govt of Goa,COMAT TECHNOLOGIES P LTD,1,0
Govt of Goa,MARS Telecom Systems Pvt Ltd,9,3
Govt of Gujarat,GSS Infotech Ltd,345,3
Govt of Gujarat,Karvy Computershare Private Li,233,0
Govt of Gujarat,Silver Touch Technologies Ltd,572,3
Govt of Gujarat,Tera Software Ltd,189,1
Govt of Gujarat,Transline Technologies P Ltd,418,1
Govt of Gujarat,Vayam technologies Ltd,445,1
Govt of Gujarat,eCentric solutions pvt ltd,520,7
Govt of Himachal Pradesh,IL&FS LTD,0,2
Govt of Himachal Pradesh,Wipro Ltd,1652,40
Govt of Himachal Pradesh,i-Grandee SoftwareTechnologies,8915,314
Govt of Karnataka ,COMAT TECHNOLOGIES P LTD,125,331
Govt of Karnataka ,GLODYNE TECHNOSERVE,0,1
Govt of Karnataka ,Integra Micro Systems Pvt.ltd,581,15
Govt of Karnataka ,Tera Software Ltd,6,0
Govt of Karnataka ,Wipro Ltd,29,309
Govt of Kerala,Akshaya,49060,372
Govt of Kerala,Keltron,4169,43
Govt of Madhya Pradesh,VIRGO SOFTECH LIMITED,395,32
Govt of Maharashtra,Alankit Assignments Limited,0,4
Govt of Maharashtra,Alankit Finsec Ltd,3,1
Govt of Maharashtra,COMAT TECHNOLOGIES P LTD,0,1
Govt of Maharashtra,Eagle press pvt ltd,9,1
Govt of Maharashtra,GLODYNE TECHNOSERVE,171,6
Govt of Maharashtra,GSS Infotech Ltd,0,1
Govt of Maharashtra,Karvy Computershare Private Li,640,23
Govt of Maharashtra,Mahaonline Limited,1,12
Govt of Maharashtra,SPANCO,0,2
Govt of Maharashtra,STRATEGIC OUTSOURCING SERVICE,0,7
Govt of Maharashtra,Silver Touch Technologies Ltd,652,4
Govt of Maharashtra,Smart Chip Limited,0,1
Govt of Maharashtra,TechSmart India Pvt Ltd,248,2
Govt of Maharashtra,Tera Software Ltd,0,27
Govt of Maharashtra,Transline Technologies P Ltd,661,4
Govt of Maharashtra,Wep Solution India Limited,1,0
Govt of Maharashtra,Wipro Ltd,3238,16
IDBI Bank ltd,SREEVEN INFOCOM LIMITED,1988,43
IGNOU,VIRGO SOFTECH LIMITED,526,12
Indiapost,4G IDENTITY SOLUTIONS,3,1
Indiapost,COMAT TECHNOLOGIES P LTD,134,3
Indiapost,Delhi Integrated MMTS Ltd,99,5
Indiapost,Eagle press pvt ltd,1,0
Indiapost,GLODYNE TECHNOSERVE,17,2
Indiapost,IL&FS LTD,0,2
Indiapost,The NSIC ltd,3517,110
Indiapost,UTI TECHNOLOGY SERVICES LIMITE,380,19
Jharkhand,Alankit Assignments Limited,13,1
Jharkhand,Blue Circle Instrument,73,12
Jharkhand,MKS Enterprises,31,4
Jharkhand,Nevaeh Technology Pvt. Ltd.,4,0
Jharkhand,STRATEGIC OUTSOURCING SERVICE,0,3
Jharkhand,Systematic & Advance Const P L,8,23
Jharkhand,VISION COMPTECH INTEGRATOR LTD,501,24
Jharkhand,Wipro Ltd,1365,124
Mission Convergence - GNCT Del,STRATEGIC OUTSOURCING SERVICE,0,1
N S D L,Abhipra Capital Ltd,158,8
N S D L,Alankit Assignments Limited,0,11
N S D L,INTEGRATED REGISTRY SERVICES,2,0
N S D L,Karvy Data Management Services,19471,351
N S D L,PROWIZ MANSYTEMS PVT LTD,843,7
N S D L,RELIGARE SECURITIES LTD,28,0
Oriental Bank of Commerce,DATASOFT COMPUTER SERVICES(P),30,5
Oriental Bank of Commerce,Wipro Ltd,8,7
RDD Govt of Tripura,Alankit Assignments Limited,0,1
Registrar General India BEL2,Om Softwares,2092,18
Registrar General India BEL2,Swathy Smartcards Hi-Tech Pvt,0,1
Registrar General India BEL2,Tera Software Ltd,4373,573
Registrar General India BEL2,VIRGO SOFTECH LIMITED,8513,429
Registrar General India ECIL,Computer LAB,5,0
Registrar General India ECIL,Pioneer E Labs limited,20784,732
Registrar General India Others,Computer LAB,2,0
Registrar General India Others,Eagle Software India Pvt. Ltd,11,0
Registrar General India Others,Emdee Digitronics Pvt.Ltd.,2,0
Registrar General India Others,In Media Computer Services LLP,2,0
Registrar General India Others,India Computer Technology,1,0
Registrar General India Others,Krishna Infotech,1,0
Registrar General India Others,Madras Security Printers Ltd,4,0
Registrar General India Others,Swathy Smartcards Hi-Tech Pvt,26,4
Registrar General India Others,Vedavaag Systems Limited,1,0
Registrar General of India ITI,Swathy Smartcards Hi-Tech Pvt,1342,12
STATE BANK OF PATIALA,CSS TECHNERGY LIMITED,1,0
State Bank of Bikaner & Jaipur,Multiwave Innovation,1891,41
State Bank of India,4G IDENTITY SOLUTIONS,0,4
State Bank of India,CSS TECHNERGY LIMITED,49,16
State Bank of India,Delhi Integrated MMTS Ltd,0,2
State Bank of India,IL&FS LTD,1,1
State Bank of India,Smart Chip Limited,2,2
State Bank of India,VIRGO SOFTECH LIMITED,1,24
Syndicate Bank,Smart Chip Limited,0,2
UDD Govt of Jharkhand,IL&FS LTD,0,2
UIDAI-Registrar,UIDAI-EA,1,2
UT of Puducherry,Madras Security Printers Ltd,0,1
Union Bank,Smart Chip Limited,536,43
Union Bank,Vakrangee Softwares Limited,323,104
