Registrar,Enrolment Agency,Aadhaar generated,Enrolment Rejected
Bank Of India,A3 Logics  India  Ltd,43,15
Bank Of India,DATASOFT COMPUTER SERVICES(P),28,0
Bank Of India,Frontech Systems Pvt Ltd,156,3
Bank Of India,ITI LIMITED,55,1
Bank Of India,MANTRA SOFTTECH (INDIA) PVTLTD,55,1
Bank Of India,Matrix Processing House,235,3
Bank Of India,OPTIMIX CONSULTANCY PRIVATE LT,9,0
Bank Of India,OSWAL COMPUTERS & CONSULTANTS,405,6
Bank Of India,PROTEX COMPUTER PVT LTD,70,0
Bank Of India,SARADA SYSTEMS,35,0
Bank Of India,SHRIKRISHNA KHANDASARI SUGAR M,31,0
Bank Of India,SPANCO,24,0
Bank Of India,Silver Touch Technologies Ltd,1,2
Bank Of India,VEETECHNOLOGIES PVT. LTD,6,8
Bank Of India,Vakrangee Softwares Limited,490,8
Bank of Baroda,TEAM LIFE CARE COMPANY INDIA P,0,4
Canara Bank,Smart Chip Limited,1,0
Central Bank of India,CALANCE SOFTWARE PRIVATE LTD,0,4
Central Bank of India,IAP COMPANY Pvt. Ltd,1,4
Central Bank of India,IL&FS LTD,1,3
Central Bank of India,MANTRA SOFTTECH (INDIA) PVTLTD,26,0
Central Bank of India,The Peerless General Finance,0,1
Delhi - Central DC,Smart Chip Limited,0,2
Delhi - NE DC,Smart ID,0,1
Delhi - North DC,DATASOFT COMPUTER SERVICES(P),1,8
Delhi - North DC,Smart Chip Limited,1,2
Delhi Urban Shelter Improvemen,Smart Chip Limited,1,1
Delhi Urban Shelter Improvemen,Tera Software Ltd,0,1
Delhi- South DC,Tera Software Ltd,0,1
Delhi-NW DC,STRATEGIC OUTSOURCING SERVICE,0,46
Dept of ITC Govt of Rajasthan,ATISHAY INFOTECH PVT. LTD.,2202,166
Dept of ITC Govt of Rajasthan,DATASOFT COMPUTER SERVICES(P),1,0
Dept of ITC Govt of Rajasthan,GSS Infotech Ltd,0,2
Dept of ITC Govt of Rajasthan,Vakrangee Softwares Limited,487,23
FCR Govt of Haryana,Vakrangee Softwares Limited,1061,17
FCS Govt of Punjab,Alankit Life Care Ltd,1,0
FCS Govt of Punjab,CSS TECHNERGY LIMITED,71,2
FCS Govt of Punjab,Delhi Integrated MMTS Ltd,3,0
FCS Govt of Punjab,Diwakar Commercials Pvt Ltd,1,0
FCS Govt of Punjab,eCentric solutions pvt ltd,1,0
Govt of Andhra Pradesh,INFRONICS SYSTEMS LTD,8,1
Govt of Andhra Pradesh,TechSmart India Pvt Ltd,1,4
Govt of Andhra Pradesh,Tera Software Ltd,0,4
Govt of Goa,COMAT TECHNOLOGIES P LTD,3,1
Govt of Goa,MARS Telecom Systems Pvt Ltd,32,2
Govt of Gujarat,GSS Infotech Ltd,1681,19
Govt of Gujarat,Karvy Computershare Private Li,932,1
Govt of Gujarat,Silver Touch Technologies Ltd,5115,28
Govt of Gujarat,Tera Software Ltd,3236,6
Govt of Gujarat,Transline Technologies P Ltd,3040,17
Govt of Gujarat,Vayam technologies Ltd,3311,18
Govt of Gujarat,eCentric solutions pvt ltd,3541,35
Govt of Himachal Pradesh,Wipro Ltd,1107,28
Govt of Himachal Pradesh,i-Grandee SoftwareTechnologies,2138,295
Govt of Karnataka ,COMAT TECHNOLOGIES P LTD,5,57
Govt of Karnataka ,GLODYNE TECHNOSERVE,1,0
Govt of Karnataka ,Integra Micro Systems Pvt.ltd,27,0
Govt of Karnataka ,Tera Software Ltd,0,46
Govt of Karnataka ,Wipro Ltd,2,196
Govt of Kerala,Akshaya,91256,406
Govt of Kerala,Keltron,4939,12
Govt of Madhya Pradesh,VIRGO SOFTECH LIMITED,163,776
Govt of Maharashtra,Alankit Finsec Ltd,144,3
Govt of Maharashtra,Eagle press pvt ltd,64,0
Govt of Maharashtra,GLODYNE TECHNOSERVE,437,13
Govt of Maharashtra,Karvy Computershare Private Li,3908,44
Govt of Maharashtra,Mahaonline Limited,3,6
Govt of Maharashtra,Silver Touch Technologies Ltd,4302,27
Govt of Maharashtra,TechSmart India Pvt Ltd,438,5
Govt of Maharashtra,Transline Technologies P Ltd,8968,62
Govt of Maharashtra,Wep Solution India Limited,1,0
Govt of Maharashtra,Wipro Ltd,9978,118
IDBI Bank ltd,Pioneer E Labs limited,4,0
IDBI Bank ltd,SREEVEN INFOCOM LIMITED,317,22
IGNOU,VIRGO SOFTECH LIMITED,272,5
IGNOU,Vakrangee Softwares Limited,1827,40
Indiapost,4G IDENTITY SOLUTIONS,7,0
Indiapost,COMAT TECHNOLOGIES P LTD,1848,23
Indiapost,Delhi Integrated MMTS Ltd,1187,144
Indiapost,GLODYNE TECHNOSERVE,375,11
Indiapost,The NSIC ltd,1001,46
Indiapost,UTI TECHNOLOGY SERVICES LIMITE,151,9
Indiapost,WEBEL,485,2
Jharkhand,Alankit Assignments Limited,1,0
Jharkhand,Blue Circle Instrument,90,5
Jharkhand,MKS Enterprises,42,0
Jharkhand,Nevaeh Technology Pvt. Ltd.,36,0
Jharkhand,STRATEGIC OUTSOURCING SERVICE,0,1
Jharkhand,Systematic & Advance Const P L,1,10
Jharkhand,VISION COMPTECH INTEGRATOR LTD,65,7
Jharkhand,Wipro Ltd,809,15
Life Insurance Corporation,eCentric solutions pvt ltd,0,6
Mission Convergence - GNCT Del,STRATEGIC OUTSOURCING SERVICE,0,7
Mission Convergence - GNCT Del,Tera Software Ltd,0,1
N S D L,Abhipra Capital Ltd,5322,121
N S D L,INTEGRATED REGISTRY SERVICES,75,0
N S D L,Karvy Data Management Services,23399,554
N S D L,PROWIZ MANSYTEMS PVT LTD,6618,100
N S D L,RELIGARE SECURITIES LTD,4,0
Oriental Bank of Commerce,DATASOFT COMPUTER SERVICES(P),4,5
Oriental Bank of Commerce,IL&FS LTD,0,7
Oriental Bank of Commerce,Wipro Ltd,1,1
Registrar General India BEL2,Om Softwares,101,3
Registrar General India BEL2,Tera Software Ltd,1974,149
Registrar General India BEL2,VIRGO SOFTECH LIMITED,2489,122
Registrar General India ECIL,Pioneer E Labs limited,9905,248
Registrar General India ECIL,SWISSTECH NPR 57CR PROJECT PVT,382,739
Registrar General India Others,Emdee Digitronics Pvt.Ltd.,1,0
Registrar General India Others,Krishna Infotech,1,0
Registrar General India Others,Swathy Smartcards Hi-Tech Pvt,24,1
Registrar General of India ITI,Swathy Smartcards Hi-Tech Pvt,2185,9
State Bank of Bikaner & Jaipur,Multiwave Innovation,13229,362
State Bank of India,4G IDENTITY SOLUTIONS,126,1
State Bank of India,CSS TECHNERGY LIMITED,0,1
State Bank of India,IL&FS LTD,0,1
State Bank of India,Smart Chip Limited,3,24
State Bank of Travancore,Tera Software Ltd,108,1
Union Bank,Smart Chip Limited,452,6
Union Bank,Vakrangee Softwares Limited,38,61
