State,District,Aadhaar generated,Enrolment Rejected
Andhra Pradesh,Adilabad,157,8
Andhra Pradesh,Ananthapur,156,3
Andhra Pradesh,Chittoor,303,11
Andhra Pradesh,Cuddapah,316,3
Andhra Pradesh,East Godavari,477,4
Andhra Pradesh,Guntur,519,4
Andhra Pradesh,Hyderabad,855,13
Andhra Pradesh,K.v. Rangareddy,597,9
Andhra Pradesh,Karimnagar,121,11
Andhra Pradesh,Khammam,65,2
Andhra Pradesh,Krishna,571,8
Andhra Pradesh,Kurnool,382,18
Andhra Pradesh,Mahabubnagar,303,16
Andhra Pradesh,Medak,413,2
Andhra Pradesh,Nalgonda,652,8
Andhra Pradesh,Nellore,274,3
Andhra Pradesh,Nizamabad,310,11
Andhra Pradesh,Prakasam,178,7
Andhra Pradesh,Srikakulam,300,6
Andhra Pradesh,Visakhapatnam,805,5
Andhra Pradesh,Vizianagaram,416,13
Andhra Pradesh,Warangal,555,7
Andhra Pradesh,West Godavari,190,10
Arunachal Pradesh,East Siang,1,0
Arunachal Pradesh,Lower Subansiri,0,1
Arunachal Pradesh,Papum Pare,9,0
Arunachal Pradesh,Tawang,42,0
Arunachal Pradesh,West Kameng,33,0
Assam,Baksa,2,0
Assam,Barpeta,4,0
Assam,Bongaigaon,1,0
Assam,Cachar,1,0
Assam,Chirang,3,0
Assam,Dhemaji,1,0
Assam,Dhubri,5,0
Assam,Dibrugarh,1,0
Assam,Golaghat,2,0
Assam,Hailakandi,6,0
Assam,Jorhat,1,0
Assam,Kamrup,9,0
Assam,Kamrup Metro,1,0
Assam,Karbi Anglong,1,0
Assam,Karimganj,5,0
Assam,Kokrajhar,1,0
Assam,Lakhimpur,4,0
Assam,Marigaon,1,0
Assam,Nagaon,369,0
Assam,Sibsagar,1,0
Assam,Sonitpur,101,0
Assam,Tinsukia,1,0
Assam,Udalguri,7,0
Bihar,Araria,479,1
Bihar,Arwal,143,0
Bihar,Aurangabad,1999,13
Bihar,Banka,2421,4
Bihar,Begusarai,1631,5
Bihar,Bhagalpur,1806,1
Bihar,Bhojpur,997,17
Bihar,Buxar,1865,2
Bihar,Darbhanga,212,4
Bihar,East Champaran,2782,35
Bihar,Gaya,4282,17
Bihar,Gopalganj,1388,4
Bihar,Jamui,790,1
Bihar,Jehanabad,1021,4
Bihar,Kaimur (Bhabua),1117,1
Bihar,Katihar,436,2
Bihar,Khagaria,1755,3
Bihar,Kishanganj,516,42
Bihar,Lakhisarai,454,1
Bihar,Madhepura,133,4
Bihar,Madhubani,1377,24
Bihar,Munger,403,0
Bihar,Muzaffarpur,6245,16
Bihar,Nalanda,1739,8
Bihar,Nawada,597,7
Bihar,Patna,6539,47
Bihar,Purnia,1713,19
Bihar,Rohtas,1300,5
Bihar,Saharsa,441,2
Bihar,Samastipur,1437,6
Bihar,Saran,3988,46
Bihar,Sheikhpura,27,0
Bihar,Sheohar,29,0
Bihar,Sitamarhi,2934,4
Bihar,Siwan,1500,29
Bihar,Supaul,1108,6
Bihar,Vaishali,5413,6
Bihar,West Champaran,2242,27
Chandigarh,Chandigarh,109,0
Chhattisgarh,Balod,1321,2
Chhattisgarh,Baloda Bazar,1635,1
Chhattisgarh,Balrampur,41,0
Chhattisgarh,Bastar,68,1
Chhattisgarh,Bemetara,1631,18
Chhattisgarh,Bilaspur,10051,22
Chhattisgarh,Dakshin Bastar Dantewada,42,0
Chhattisgarh,Dantewada,2,0
Chhattisgarh,Dhamtari,47,0
Chhattisgarh,Durg,2174,16
Chhattisgarh,Gariyaband,6,0
Chhattisgarh,Janjgir-champa,2287,8
Chhattisgarh,Jashpur,8,0
Chhattisgarh,Kabeerdham,925,1
Chhattisgarh,Kanker,770,4
Chhattisgarh,Kawardha,4702,7
Chhattisgarh,Kondagaon,242,11
Chhattisgarh,Korba,161,2
Chhattisgarh,Koriya,75,1
Chhattisgarh,Mahasamund,555,5
Chhattisgarh,Mungeli,397,6
Chhattisgarh,Narayanpur,115,3
Chhattisgarh,Raigarh,720,46
Chhattisgarh,Raipur,2906,74
Chhattisgarh,Rajnandgaon,8856,7
Chhattisgarh,Sukma,47,0
Chhattisgarh,Surajpur,1,0
Chhattisgarh,Surguja,457,1
Chhattisgarh,Uttar Bastar Kanker,382,6
Dadra and Nagar Haveli,Dadra and Nagar Haveli,60,0
Daman and Diu,Daman,13,0
Daman and Diu,Diu,39,2
Delhi,Central Delhi,245,4
Delhi,East Delhi,338,1
Delhi,New Delhi,14,0
Delhi,North Delhi,113,0
Delhi,North East Delhi,261,5
Delhi,North West Delhi,932,10
Delhi,South Delhi,560,5
Delhi,South West Delhi,607,3
Delhi,West Delhi,563,6
Goa,North Goa,4,0
Goa,South Goa,34,0
Gujarat,Ahmedabad,2108,3
Gujarat,Amreli,393,4
Gujarat,Anand,62,0
Gujarat,Banaskantha,1097,2
Gujarat,Bharuch,15,0
Gujarat,Bhavnagar,1015,1
Gujarat,Dahod,343,2
Gujarat,Gandhinagar,268,2
Gujarat,Jamnagar,321,1
Gujarat,Junagadh,647,7
Gujarat,Kachchh,613,0
Gujarat,Kheda,88,1
Gujarat,Mahesana,13,0
Gujarat,Narmada,2,0
Gujarat,Navsari,160,1
Gujarat,Panchmahals,1094,57
Gujarat,Patan,312,0
Gujarat,Porbandar,88,3
Gujarat,Rajkot,369,7
Gujarat,Sabarkantha,995,14
Gujarat,Surat,563,4
Gujarat,Surendra Nagar,613,0
Gujarat,Tapi,102,1
Gujarat,The Dangs,25,0
Gujarat,Vadodara,1037,2
Gujarat,Valsad,432,1
Haryana,Ambala,294,0
Haryana,Bhiwani,343,4
Haryana,Faridabad,224,0
Haryana,Fatehabad,101,0
Haryana,Gurgaon,234,3
Haryana,Hisar,404,9
Haryana,Jhajjar,99,2
Haryana,Jind,549,3
Haryana,Kaithal,412,2
Haryana,Karnal,285,1
Haryana,Kurukshetra,172,1
Haryana,Mahendragarh,261,2
Haryana,Mewat,1071,18
Haryana,Palwal,48,1
Haryana,Panchkula,69,0
Haryana,Panipat,212,1
Haryana,Rewari,137,1
Haryana,Rohtak,182,1
Haryana,Sirsa,200,9
Haryana,Sonipat,301,2
Haryana,Yamuna Nagar,199,0
Himachal Pradesh,Bilaspur,4,0
Himachal Pradesh,Chamba,37,1
Himachal Pradesh,Hamirpur,11,2
Himachal Pradesh,Kangra,87,1
Himachal Pradesh,Kinnaur,1,0
Himachal Pradesh,Kullu,52,0
Himachal Pradesh,Lahul and Spiti,2,0
Himachal Pradesh,Mandi,68,1
Himachal Pradesh,Shimla,62,1
Himachal Pradesh,Sirmaur,48,0
Himachal Pradesh,Solan,50,0
Himachal Pradesh,Una,11,0
Jammu and Kashmir,Anantnag,1,0
Jammu and Kashmir,Badgam,0,1
Jammu and Kashmir,Baramula,1,0
Jammu and Kashmir,Doda,28,0
Jammu and Kashmir,Jammu,1368,14
Jammu and Kashmir,Kathua,801,0
Jammu and Kashmir,Kishtwar,2,0
Jammu and Kashmir,Kupwara,2,0
Jammu and Kashmir,Leh,3,0
Jammu and Kashmir,Pulwama,5,2
Jammu and Kashmir,Punch,3,0
Jammu and Kashmir,Rajouri,5,0
Jammu and Kashmir,Reasi,9,0
Jammu and Kashmir,Samba,1,0
Jammu and Kashmir,Srinagar,3,0
Jammu and Kashmir,Udhampur,1,14
Jharkhand,Bokaro,218,1
Jharkhand,Chatra,42,1
Jharkhand,Deoghar,75,1
Jharkhand,Dhanbad,107,5
Jharkhand,Dumka,28,1
Jharkhand,East Singhbhum,56,5
Jharkhand,Garhwa,204,6
Jharkhand,Giridih,317,1
Jharkhand,Godda,55,1
Jharkhand,Gumla,67,1
Jharkhand,Hazaribagh,102,0
Jharkhand,Jamtara,33,0
Jharkhand,Khunti,19,0
Jharkhand,Koderma,60,1
Jharkhand,Latehar,12,1
Jharkhand,Lohardaga,17,0
Jharkhand,Pakur,20,0
Jharkhand,Palamu,67,2
Jharkhand,Ramgarh,70,1
Jharkhand,Ranchi,270,3
Jharkhand,Sahebganj,111,0
Jharkhand,Seraikela-Kharsawan,47,0
Jharkhand,Simdega,13,3
Jharkhand,West Singhbhum,77,1
Karnataka,Bagalkot,107,0
Karnataka,Bangalore,781,2
Karnataka,Bangalore Rural,20,1
Karnataka,Belgaum,946,0
Karnataka,Bellary,168,3
Karnataka,Bidar,163,7
Karnataka,Bijapur,1741,3
Karnataka,Chamrajanagar,83,0
Karnataka,Chickmagalur,212,0
Karnataka,Chikkaballapur,712,0
Karnataka,Chitradurga,346,3
Karnataka,Dakshina Kannada,14,0
Karnataka,Davangere,516,3
Karnataka,Dharwad,90,5
Karnataka,Gadag,29,6
Karnataka,Gulbarga,363,8
Karnataka,Hassan,470,0
Karnataka,Haveri,166,10
Karnataka,Kodagu,85,3
Karnataka,Kolar,192,10
Karnataka,Koppal,7,0
Karnataka,Mandya,164,2
Karnataka,Mysore,76,0
Karnataka,Raichur,150,2
Karnataka,Ramanagar,44,0
Karnataka,Shimoga,232,7
Karnataka,Tumkur,137,2
Karnataka,Udupi,93,0
Karnataka,Uttara Kannada,157,0
Karnataka,Yadgir,107,2
Kerala,Alappuzha,81,1
Kerala,Ernakulam,127,1
Kerala,Idukki,99,0
Kerala,Kannur,118,2
Kerala,Kasaragod,123,1
Kerala,Kollam,64,1
Kerala,Kottayam,218,1
Kerala,Kozhikode,146,1
Kerala,Malappuram,262,2
Kerala,Palakkad,232,2
Kerala,Pathanamthitta,94,0
Kerala,Thiruvananthapuram,162,3
Kerala,Thrissur,171,0
Kerala,Wayanad,17,0
Lakshadweep,Lakshadweep,1,0
Madhya Pradesh,Alirajpur,37,0
Madhya Pradesh,Anuppur,20,0
Madhya Pradesh,Ashok Nagar,181,3
Madhya Pradesh,Balaghat,128,3
Madhya Pradesh,Barwani,233,1
Madhya Pradesh,Betul,153,0
Madhya Pradesh,Bhind,241,6
Madhya Pradesh,Bhopal,131,6
Madhya Pradesh,Burhanpur,4,0
Madhya Pradesh,Chhatarpur,132,4
Madhya Pradesh,Chhindwara,105,4
Madhya Pradesh,Damoh,137,4
Madhya Pradesh,Datia,10,0
Madhya Pradesh,Dewas,85,0
Madhya Pradesh,Dhar,183,1
Madhya Pradesh,Dindori,17,0
Madhya Pradesh,Guna,145,5
Madhya Pradesh,Gwalior,103,3
Madhya Pradesh,Harda,27,2
Madhya Pradesh,Hoshangabad,33,0
Madhya Pradesh,Indore,355,3
Madhya Pradesh,Jabalpur,131,1
Madhya Pradesh,Jhabua,90,0
Madhya Pradesh,Katni,81,2
Madhya Pradesh,Khandwa,21,1
Madhya Pradesh,Khargone,80,1
Madhya Pradesh,Mandla,65,1
Madhya Pradesh,Mandsaur,71,0
Madhya Pradesh,Morena,291,3
Madhya Pradesh,Narsinghpur,86,1
Madhya Pradesh,Neemuch,46,1
Madhya Pradesh,Panna,19,1
Madhya Pradesh,Raisen,93,1
Madhya Pradesh,Rajgarh,112,15
Madhya Pradesh,Ratlam,155,2
Madhya Pradesh,Rewa,89,3
Madhya Pradesh,Sagar,171,4
Madhya Pradesh,Satna,150,6
Madhya Pradesh,Sehore,125,1
Madhya Pradesh,Seoni,157,2
Madhya Pradesh,Shahdol,31,0
Madhya Pradesh,Shajapur,41,0
Madhya Pradesh,Sheopur,57,0
Madhya Pradesh,Shivpuri,182,5
Madhya Pradesh,Sidhi,38,0
Madhya Pradesh,Singrauli,144,0
Madhya Pradesh,Tikamgarh,204,5
Madhya Pradesh,Ujjain,175,1
Madhya Pradesh,Umaria,46,2
Madhya Pradesh,Vidisha,91,3
Maharashtra,Ahmadnagar,330,13
Maharashtra,Akola,281,3
Maharashtra,Amravati,185,1
Maharashtra,Aurangabad,380,1
Maharashtra,Beed,454,5
Maharashtra,Bhandara,148,0
Maharashtra,Buldhana,469,2
Maharashtra,Chandrapur,165,0
Maharashtra,Dhule,181,0
Maharashtra,Gadchiroli,301,0
Maharashtra,Gondiya,119,3
Maharashtra,Hingoli,315,1
Maharashtra,Jalgaon,290,0
Maharashtra,Jalna,260,0
Maharashtra,Kolhapur,216,0
Maharashtra,Latur,183,0
Maharashtra,Mumbai,666,1
Maharashtra,Nagpur,318,0
Maharashtra,Nanded,836,7
Maharashtra,Nandurbar,62,2
Maharashtra,Nashik,588,2
Maharashtra,Osmanabad,182,0
Maharashtra,Palghar,96,2
Maharashtra,Parbhani,304,1
Maharashtra,Pune,623,0
Maharashtra,Raigarh,213,0
Maharashtra,Ratnagiri,164,0
Maharashtra,Sangli,184,1
Maharashtra,Satara,195,0
Maharashtra,Sindhudurg,149,0
Maharashtra,Solapur,519,1
Maharashtra,Thane,709,0
Maharashtra,Wardha,20,0
Maharashtra,Washim,417,2
Maharashtra,Yavatmal,727,4
Manipur,Churachandpur,2,0
Manipur,Imphal East,31,0
Manipur,Imphal West,58,0
Manipur,Senapati,16,0
Manipur,Thoubal,3,0
Meghalaya,East Khasi Hills,3,0
Meghalaya,South Garo Hills,1,0
Meghalaya,West Garo Hills,3,0
Mizoram,Aizawl,1709,16
Mizoram,Champhai,226,0
Mizoram,Lunglei,1,0
Nagaland,Dimapur,1,0
Nagaland,Kohima,2,0
Nagaland,Mokokchung,2,0
Odisha,Angul,230,116
Odisha,Balangir,4,0
Odisha,Baleswar,16,2
Odisha,Bargarh,465,1
Odisha,Bhadrak,147,23
Odisha,Cuttack,10,1
Odisha,Debagarh,1,0
Odisha,Dhenkanal,1715,7
Odisha,Ganjam,437,4
Odisha,Jagatsinghapur,3961,54
Odisha,Jajapur,114,0
Odisha,Jharsuguda,2922,1
Odisha,Kalahandi,428,9
Odisha,Kandhamal,1,0
Odisha,Kendrapara,1825,195
Odisha,Kendujhar,25,0
Odisha,Khorda,4388,129
Odisha,Koraput,91,0
Odisha,Malkangiri,2,0
Odisha,Mayurbhanj,2025,26
Odisha,Nabarangapur,4105,1
Odisha,Nayagarh,12,0
Odisha,Nuapada,1,0
Odisha,Puri,5,0
Odisha,Rayagada,237,2
Odisha,Sambalpur,1,0
Odisha,Sonapur,2,0
Odisha,Sundergarh,9,0
Others,Others,5,4
Puducherry,Karaikal,25,0
Puducherry,Puducherry,19,0
Punjab,Amritsar,202,2
Punjab,Barnala,50,3
Punjab,Bathinda,117,4
Punjab,Faridkot,20,1
Punjab,Fatehgarh Sahib,117,2
Punjab,Fazilka,94,0
Punjab,Ferozepur,35,2
Punjab,Gurdaspur,115,0
Punjab,Hoshiarpur,116,2
Punjab,Jalandhar,252,4
Punjab,Kapurthala,38,2
Punjab,Ludhiana,638,13
Punjab,Mansa,42,1
Punjab,Moga,39,0
Punjab,Pathankot,58,0
Punjab,Patiala,342,2
Punjab,Rupnagar,74,3
Punjab,SAS Nagar (Mohali),61,3
Punjab,Sangrur,208,1
Punjab,Shaheed Bhagat Singh Nagar,45,1
Punjab,Sri Muktsar Sahib,194,3
Punjab,Tarn Taran,50,3
Rajasthan,Ajmer,2060,7
Rajasthan,Alwar,928,9
Rajasthan,Banswara,574,27
Rajasthan,Baran,803,7
Rajasthan,Barmer,411,13
Rajasthan,Bharatpur,3027,9
Rajasthan,Bhilwara,1215,11
Rajasthan,Bikaner,538,8
Rajasthan,Bundi,385,2
Rajasthan,Chittorgarh,1498,9
Rajasthan,Churu,422,20
Rajasthan,Dausa,905,7
Rajasthan,Dholpur,107,3
Rajasthan,Dungarpur,1536,4
Rajasthan,Ganganagar,750,4
Rajasthan,Hanumangarh,737,19
Rajasthan,Jaipur,1594,19
Rajasthan,Jaisalmer,164,12
Rajasthan,Jalor,755,12
Rajasthan,Jhalawar,1260,4
Rajasthan,Jhunjhunun,1138,15
Rajasthan,Jodhpur,682,28
Rajasthan,Karauli,641,20
Rajasthan,Kota,783,2
Rajasthan,Nagaur,949,26
Rajasthan,Pali,414,84
Rajasthan,Pratapgarh,226,10
Rajasthan,Rajsamand,550,5
Rajasthan,Sawai Madhopur,615,4
Rajasthan,Sikar,350,50
Rajasthan,Sirohi,80,6
Rajasthan,Tonk,886,1
Rajasthan,Udaipur,543,8
Sikkim,East Sikkim,10,0
Sikkim,West Sikkim,30,0
Tamil Nadu,Chennai,8,3
Tamil Nadu,Coimbatore,1,17
Tamil Nadu,Cuddalore,57,1
Tamil Nadu,Dharmapuri,0,1
Tamil Nadu,Dindigul,1,2
Tamil Nadu,Erode,2,0
Tamil Nadu,Kancheepuram,309,43
Tamil Nadu,Kanniyakumari,4603,3
Tamil Nadu,Krishnagiri,47,1
Tamil Nadu,Madurai,6,2
Tamil Nadu,Nagapattinam,61,10
Tamil Nadu,Namakkal,1,2
Tamil Nadu,Salem,5,0
Tamil Nadu,Sivaganga,1,0
Tamil Nadu,Thanjavur,1,0
Tamil Nadu,The Nilgiris,1,0
Tamil Nadu,Theni,2,1
Tamil Nadu,Thiruvarur,25,0
Tamil Nadu,Thoothukkudi,5,1
Tamil Nadu,Tiruchirappalli,13,1
Tamil Nadu,Tirunelveli,1834,16
Tamil Nadu,Tiruppur,1,9
Tamil Nadu,Tiruvallur,17,0
Tamil Nadu,Tiruvannamalai,5,0
Tamil Nadu,Vellore,3549,1
Tamil Nadu,Villupuram,2858,26
Tamil Nadu,Virudhunagar,5,0
Tripura,Dhalai,6,0
Tripura,Gomati,106,0
Tripura,Khowai,6,0
Tripura,North Tripura,20,1
Tripura,Sepahijala,210,0
Tripura,South Tripura,61,0
Tripura,Unakoti,75,0
Tripura,West Tripura,94,0
Uttar Pradesh,Agra,2254,11
Uttar Pradesh,Aligarh,2899,39
Uttar Pradesh,Allahabad,2570,52
Uttar Pradesh,Ambedkar Nagar,2293,8
Uttar Pradesh,Amethi,421,3
Uttar Pradesh,Amroha,1105,6
Uttar Pradesh,Auraiya,1688,9
Uttar Pradesh,Azamgarh,4394,14
Uttar Pradesh,Baghpat,2656,2
Uttar Pradesh,Bahraich,402,12
Uttar Pradesh,Ballia,4476,95
Uttar Pradesh,Balrampur,104,2
Uttar Pradesh,Banda,98,19
Uttar Pradesh,Bara Banki,3243,54
Uttar Pradesh,Bareilly,2161,15
Uttar Pradesh,Basti,555,11
Uttar Pradesh,Bijnor,3971,20
Uttar Pradesh,Budaun,861,4
Uttar Pradesh,Bulandshahr,4363,17
Uttar Pradesh,Chandauli,1358,5
Uttar Pradesh,Chitrakoot,27,1
Uttar Pradesh,Deoria,1548,8
Uttar Pradesh,Etah,567,11
Uttar Pradesh,Etawah,716,1
Uttar Pradesh,Faizabad,559,4
Uttar Pradesh,Farrukhabad,1771,4
Uttar Pradesh,Fatehpur,1074,5
Uttar Pradesh,Firozabad,1457,9
Uttar Pradesh,Gautam Buddha Nagar,1221,6
Uttar Pradesh,Ghaziabad,1819,26
Uttar Pradesh,Ghazipur,1941,37
Uttar Pradesh,Gonda,1692,28
Uttar Pradesh,Gorakhpur,4682,19
Uttar Pradesh,Hamirpur,67,0
Uttar Pradesh,Hapur,98,2
Uttar Pradesh,Hardoi,918,8
Uttar Pradesh,Hathras,237,1
Uttar Pradesh,Jalaun,858,14
Uttar Pradesh,Jaunpur,1906,25
Uttar Pradesh,Jhansi,1001,6
Uttar Pradesh,Kannauj,1922,5
Uttar Pradesh,Kanpur Dehat,652,3
Uttar Pradesh,Kanpur Nagar,2628,27
Uttar Pradesh,Kasganj,103,0
Uttar Pradesh,Kaushambi,1026,14
Uttar Pradesh,Kheri,2468,7
Uttar Pradesh,Kushinagar,1989,47
Uttar Pradesh,Lalitpur,664,7
Uttar Pradesh,Lucknow,5459,46
Uttar Pradesh,Maharajganj,596,4
Uttar Pradesh,Mahoba,10,0
Uttar Pradesh,Mainpuri,749,1
Uttar Pradesh,Mathura,502,1
Uttar Pradesh,Mau,1093,6
Uttar Pradesh,Meerut,2289,15
Uttar Pradesh,Mirzapur,1905,7
Uttar Pradesh,Moradabad,3177,35
Uttar Pradesh,Muzaffarnagar,6968,36
Uttar Pradesh,Pilibhit,573,10
Uttar Pradesh,Pratapgarh,1384,13
Uttar Pradesh,Rae Bareli,849,4
Uttar Pradesh,Rampur,1997,21
Uttar Pradesh,Saharanpur,4140,34
Uttar Pradesh,Sambhal,1768,12
Uttar Pradesh,Sant Kabir Nagar,105,4
Uttar Pradesh,Sant Ravidas Nagar,218,3
Uttar Pradesh,Shahjahanpur,530,4
Uttar Pradesh,Shamli,677,9
Uttar Pradesh,Shrawasti,247,0
Uttar Pradesh,Siddharthnagar,1770,10
Uttar Pradesh,Sitapur,1098,77
Uttar Pradesh,Sonbhadra,682,2
Uttar Pradesh,Sultanpur,3121,18
Uttar Pradesh,Unnao,3333,40
Uttar Pradesh,Varanasi,2905,26
Uttarakhand,Almora,851,1
Uttarakhand,Bageshwar,17,0
Uttarakhand,Chamoli,11,0
Uttarakhand,Champawat,15,0
Uttarakhand,Dehradun,746,37
Uttarakhand,Haridwar,415,17
Uttarakhand,Nainital,908,10
Uttarakhand,Pauri Garhwal,182,5
Uttarakhand,Pithoragarh,119,5
Uttarakhand,Rudraprayag,8,1
Uttarakhand,Tehri Garhwal,66,3
Uttarakhand,Udham Singh Nagar,1912,34
Uttarakhand,Uttarkashi,6,0
West Bengal,Bankura,13705,348
West Bengal,Barddhaman,1738,179
West Bengal,Birbhum,2705,3
West Bengal,Cooch Behar,6,0
West Bengal,Dakshin Dinajpur,16,0
West Bengal,Darjeeling,13,0
West Bengal,Hooghly,22,0
West Bengal,Howrah,14,0
West Bengal,Jalpaiguri,316,2
West Bengal,Kolkata,8,0
West Bengal,Malda,26,0
West Bengal,Murshidabad,338,0
West Bengal,Nadia,21,0
West Bengal,North 24 Parganas,16372,342
West Bengal,Paschim Medinipur,3581,1629
West Bengal,Purba Medinipur,17,27
West Bengal,Puruliya,4532,649
West Bengal,South 24 Parganas,8868,259
West Bengal,Uttar Dinajpur,16,1
