State,District,Aadhaar generated,Enrolment Rejected
Andhra Pradesh,Adilabad,0,58
Andhra Pradesh,Ananthapur,0,78
Andhra Pradesh,Chittoor,1,66
Andhra Pradesh,Cuddapah,0,40
Andhra Pradesh,East Godavari,1,52
Andhra Pradesh,Guntur,0,40
Andhra Pradesh,Hyderabad,9,46
Andhra Pradesh,K.v. Rangareddy,4,84
Andhra Pradesh,Karimnagar,7,43
Andhra Pradesh,Khammam,1,23
Andhra Pradesh,Krishna,0,45
Andhra Pradesh,Kurnool,3,123
Andhra Pradesh,Mahabubnagar,0,121
Andhra Pradesh,Medak,0,66
Andhra Pradesh,Nalgonda,0,52
Andhra Pradesh,Nellore,0,69
Andhra Pradesh,Nizamabad,0,62
Andhra Pradesh,Prakasam,0,78
Andhra Pradesh,Srikakulam,2,58
Andhra Pradesh,Visakhapatnam,27,104
Andhra Pradesh,Vizianagaram,21,105
Andhra Pradesh,Warangal,0,154
Andhra Pradesh,West Godavari,1,64
Arunachal Pradesh,Changlang,0,1
Arunachal Pradesh,East Kameng,1,0
Arunachal Pradesh,Papum Pare,0,1
Arunachal Pradesh,Tawang,0,1
Assam,Baksa,1,0
Assam,Barpeta,1,1
Assam,Bongaigaon,1,0
Assam,Cachar,1,1
Assam,Chirang,0,1
Assam,Dhemaji,1,0
Assam,Dhubri,0,1
Assam,Goalpara,2,2
Assam,Golaghat,0,2
Assam,Jorhat,1,0
Assam,Kamrup,1,1
Assam,Karbi Anglong,1,0
Assam,Kokrajhar,1,0
Assam,Marigaon,2,0
Assam,Nagaon,2,6
Assam,Tinsukia,1,0
Bihar,Araria,141,25
Bihar,Aurangabad,525,74
Bihar,Banka,45,71
Bihar,Begusarai,51,62
Bihar,Bhagalpur,3415,175
Bihar,Bhojpur,6991,139
Bihar,Buxar,10544,72
Bihar,Darbhanga,210,63
Bihar,East Champaran,51,97
Bihar,Gaya,167,159
Bihar,Gopalganj,2902,349
Bihar,Jamui,44,37
Bihar,Jehanabad,2389,31
Bihar,Kaimur (Bhabua),2621,33
Bihar,Katihar,36,13
Bihar,Khagaria,204,41
Bihar,Kishanganj,1,26
Bihar,Lakhisarai,53,17
Bihar,Madhepura,1900,151
Bihar,Madhubani,841,95
Bihar,Munger,95,26
Bihar,Muzaffarpur,2867,169
Bihar,Nalanda,4203,91
Bihar,Nawada,58,30
Bihar,Patna,10314,591
Bihar,Purnia,132,95
Bihar,Rohtas,6440,61
Bihar,Saharsa,2181,102
Bihar,Samastipur,1139,77
Bihar,Saran,3408,550
Bihar,Sheikhpura,0,13
Bihar,Sheohar,1,0
Bihar,Sitamarhi,92,85
Bihar,Siwan,3358,620
Bihar,Supaul,1860,176
Bihar,Vaishali,11009,123
Bihar,West Champaran,202,150
Chandigarh,Chandigarh,0,9
Chhattisgarh,Balod,10,43
Chhattisgarh,Baloda Bazar,7557,145
Chhattisgarh,Balrampur,5,46
Chhattisgarh,Bastar,5,12
Chhattisgarh,Bemetara,8,96
Chhattisgarh,Bijapur,1,1
Chhattisgarh,Bilaspur,15628,353
Chhattisgarh,Dakshin Bastar Dantewada,0,5
Chhattisgarh,Dhamtari,3,2
Chhattisgarh,Durg,40,246
Chhattisgarh,Gariyaband,16,3
Chhattisgarh,Janjgir-champa,1025,50
Chhattisgarh,Jashpur,15,2
Chhattisgarh,Kabeerdham,12,10
Chhattisgarh,Kanker,177,99
Chhattisgarh,Kawardha,6,32
Chhattisgarh,Kondagaon,1,27
Chhattisgarh,Korba,176,17
Chhattisgarh,Koriya,0,3
Chhattisgarh,Mahasamund,25,32
Chhattisgarh,Mungeli,3717,146
Chhattisgarh,Narayanpur,3886,275
Chhattisgarh,Raigarh,15,24
Chhattisgarh,Raipur,5108,208
Chhattisgarh,Rajnandgaon,7,109
Chhattisgarh,Sukma,0,12
Chhattisgarh,Surajpur,6,0
Chhattisgarh,Surguja,6,25
Chhattisgarh,Uttar Bastar Kanker,0,30
Dadra and Nagar Haveli,Dadra and Nagar Haveli,1,0
Daman and Diu,Daman,2,0
Delhi,Central Delhi,4,8
Delhi,East Delhi,1,13
Delhi,New Delhi,9,3
Delhi,North Delhi,0,6
Delhi,North East Delhi,68,33
Delhi,North West Delhi,10,30
Delhi,South Delhi,37,28
Delhi,South West Delhi,3,14
Delhi,West Delhi,4,11
Goa,North Goa,0,1
Goa,South Goa,0,1
Gujarat,Ahmedabad,13,38
Gujarat,Amreli,21,6
Gujarat,Anand,0,6
Gujarat,Banaskantha,0,1
Gujarat,Bharuch,1,0
Gujarat,Bhavnagar,73,20
Gujarat,Dahod,0,10
Gujarat,Gandhinagar,0,1
Gujarat,Jamnagar,7,10
Gujarat,Junagadh,3,2
Gujarat,Kachchh,0,13
Gujarat,Kheda,0,4
Gujarat,Mahesana,6,2
Gujarat,Narmada,0,1
Gujarat,Navsari,40,1
Gujarat,Panchmahals,7,51
Gujarat,Patan,0,1
Gujarat,Porbandar,2,1
Gujarat,Rajkot,1,0
Gujarat,Sabarkantha,730,39
Gujarat,Surat,9,12
Gujarat,Tapi,21,6
Gujarat,The Dangs,0,16
Gujarat,Vadodara,1,23
Gujarat,Valsad,6,0
Haryana,Ambala,0,5
Haryana,Bhiwani,454,51
Haryana,Faridabad,4,11
Haryana,Fatehabad,1,3
Haryana,Gurgaon,6,7
Haryana,Hisar,25,6
Haryana,Jhajjar,10,6
Haryana,Jind,4,9
Haryana,Kaithal,0,5
Haryana,Karnal,1,12
Haryana,Kurukshetra,0,7
Haryana,Mahendragarh,20,12
Haryana,Mewat,106,28
Haryana,Palwal,4,4
Haryana,Panchkula,3,0
Haryana,Panipat,0,2
Haryana,Rewari,5,4
Haryana,Rohtak,245,31
Haryana,Sirsa,5,8
Haryana,Sonipat,1,6
Haryana,Yamuna Nagar,1,25
Himachal Pradesh,Chamba,0,3
Himachal Pradesh,Hamirpur,0,2
Himachal Pradesh,Kangra,2,7
Himachal Pradesh,Mandi,0,1
Himachal Pradesh,Shimla,0,2
Himachal Pradesh,Sirmaur,0,1
Himachal Pradesh,Una,0,1
Jammu and Kashmir,Anantnag,0,2
Jammu and Kashmir,Badgam,0,18
Jammu and Kashmir,Baramula,674,17
Jammu and Kashmir,Doda,0,9
Jammu and Kashmir,Ganderbal,0,9
Jammu and Kashmir,Jammu,3,84
Jammu and Kashmir,Kathua,3,16
Jammu and Kashmir,Kulgam,1,1
Jammu and Kashmir,Kupwara,0,5
Jammu and Kashmir,Pulwama,2,1
Jammu and Kashmir,Punch,1,2
Jammu and Kashmir,Rajouri,1,3
Jammu and Kashmir,Ramban,0,5
Jammu and Kashmir,Reasi,0,22
Jammu and Kashmir,Samba,0,5
Jammu and Kashmir,Udhampur,0,16
Jharkhand,Bokaro,1,8
Jharkhand,Chatra,3,6
Jharkhand,Deoghar,1,2
Jharkhand,Dhanbad,2,19
Jharkhand,Dumka,4,5
Jharkhand,East Singhbhum,9,0
Jharkhand,Garhwa,2,15
Jharkhand,Giridih,2,12
Jharkhand,Godda,2,7
Jharkhand,Gumla,0,3
Jharkhand,Hazaribagh,0,5
Jharkhand,Jamtara,1,4
Jharkhand,Khunti,0,2
Jharkhand,Koderma,2,4
Jharkhand,Latehar,1,4
Jharkhand,Pakur,0,3
Jharkhand,Palamu,29,17
Jharkhand,Ramgarh,0,5
Jharkhand,Ranchi,3,14
Jharkhand,Sahebganj,9,4
Jharkhand,Seraikela-Kharsawan,0,1
Jharkhand,Simdega,0,8
Jharkhand,West Singhbhum,0,4
Karnataka,Bagalkot,1,18
Karnataka,Bangalore,69,33
Karnataka,Bangalore Rural,4,0
Karnataka,Belgaum,1,7
Karnataka,Bellary,1,16
Karnataka,Bidar,5,11
Karnataka,Bijapur,2,19
Karnataka,Chamrajanagar,0,2
Karnataka,Chickmagalur,0,4
Karnataka,Chikkaballapur,1,5
Karnataka,Chitradurga,2,7
Karnataka,Dakshina Kannada,0,4
Karnataka,Davangere,5,7
Karnataka,Dharwad,0,5
Karnataka,Gadag,0,1
Karnataka,Gulbarga,464,15
Karnataka,Hassan,0,17
Karnataka,Haveri,2,12
Karnataka,Kodagu,1,6
Karnataka,Kolar,1,8
Karnataka,Koppal,0,4
Karnataka,Mandya,22,11
Karnataka,Mysore,0,16
Karnataka,Raichur,9,15
Karnataka,Ramanagar,1,4
Karnataka,Shimoga,0,7
Karnataka,Tumkur,379,26
Karnataka,Udupi,0,4
Karnataka,Uttara Kannada,0,2
Karnataka,Yadgir,169,11
Kerala,Alappuzha,1,7
Kerala,Ernakulam,21,11
Kerala,Idukki,9,8
Kerala,Kannur,22,19
Kerala,Kasaragod,4,10
Kerala,Kollam,1,10
Kerala,Kottayam,27,9
Kerala,Kozhikode,68,14
Kerala,Malappuram,43,27
Kerala,Palakkad,18,17
Kerala,Pathanamthitta,1,7
Kerala,Thiruvananthapuram,0,6
Kerala,Thrissur,26,13
Kerala,Wayanad,4,10
Madhya Pradesh,Alirajpur,0,5
Madhya Pradesh,Anuppur,8,37
Madhya Pradesh,Ashok Nagar,0,12
Madhya Pradesh,Balaghat,3,5
Madhya Pradesh,Barwani,0,17
Madhya Pradesh,Betul,1,16
Madhya Pradesh,Bhind,11,69
Madhya Pradesh,Bhopal,0,6
Madhya Pradesh,Burhanpur,3,0
Madhya Pradesh,Chhatarpur,0,13
Madhya Pradesh,Chhindwara,1,9
Madhya Pradesh,Damoh,0,13
Madhya Pradesh,Datia,0,1
Madhya Pradesh,Dewas,0,6
Madhya Pradesh,Dhar,1,5
Madhya Pradesh,Guna,1,2
Madhya Pradesh,Gwalior,4,5
Madhya Pradesh,Harda,0,1
Madhya Pradesh,Hoshangabad,0,2
Madhya Pradesh,Indore,3,1
Madhya Pradesh,Jabalpur,0,12
Madhya Pradesh,Jhabua,0,1
Madhya Pradesh,Katni,5,8
Madhya Pradesh,Khandwa,0,4
Madhya Pradesh,Khargone,2,5
Madhya Pradesh,Mandla,0,35
Madhya Pradesh,Mandsaur,0,1
Madhya Pradesh,Morena,11,58
Madhya Pradesh,Narsinghpur,2,1
Madhya Pradesh,Neemuch,0,1
Madhya Pradesh,Panna,0,33
Madhya Pradesh,Raisen,0,2
Madhya Pradesh,Rajgarh,0,6
Madhya Pradesh,Ratlam,1,6
Madhya Pradesh,Rewa,7,37
Madhya Pradesh,Sagar,8,8
Madhya Pradesh,Satna,2,193
Madhya Pradesh,Sehore,0,3
Madhya Pradesh,Seoni,2,6
Madhya Pradesh,Shahdol,1,85
Madhya Pradesh,Shajapur,1,4
Madhya Pradesh,Sheopur,0,8
Madhya Pradesh,Shivpuri,0,19
Madhya Pradesh,Sidhi,2,12
Madhya Pradesh,Singrauli,0,37
Madhya Pradesh,Tikamgarh,2,7
Madhya Pradesh,Ujjain,1,7
Madhya Pradesh,Umaria,0,11
Madhya Pradesh,Vidisha,0,9
Maharashtra,Ahmadnagar,2,6
Maharashtra,Akola,4,11
Maharashtra,Amravati,2,6
Maharashtra,Aurangabad,62,5
Maharashtra,Beed,8,9
Maharashtra,Bhandara,1,4
Maharashtra,Buldhana,26,28
Maharashtra,Chandrapur,2,3
Maharashtra,Gadchiroli,0,2
Maharashtra,Gondiya,0,1
Maharashtra,Hingoli,1,3
Maharashtra,Jalgaon,2,3
Maharashtra,Jalna,122,10
Maharashtra,Kolhapur,193,3
Maharashtra,Latur,1,16
Maharashtra,Mumbai,47,19
Maharashtra,Nagpur,2,4
Maharashtra,Nanded,1,6
Maharashtra,Nandurbar,1,2
Maharashtra,Nashik,2,30
Maharashtra,Osmanabad,2,0
Maharashtra,Palghar,0,1
Maharashtra,Parbhani,101,12
Maharashtra,Pune,275,16
Maharashtra,Raigarh,0,1
Maharashtra,Ratnagiri,0,1
Maharashtra,Sangli,16,0
Maharashtra,Satara,8,2
Maharashtra,Sindhudurg,2,1
Maharashtra,Solapur,8,6
Maharashtra,Thane,4,6
Maharashtra,Wardha,0,1
Maharashtra,Washim,0,1
Maharashtra,Yavatmal,2,10
Manipur,Bishnupur,0,1
Manipur,Churachandpur,0,1
Manipur,Imphal East,0,1
Manipur,Imphal West,1,0
Manipur,Senapati,0,1
Meghalaya,East Khasi Hills,2,0
Meghalaya,West Garo Hills,1,0
Mizoram,Aizawl,0,8
Mizoram,Champhai,0,1
Mizoram,Kolasib,0,2
Nagaland,Phek,1,0
Odisha,Baleswar,2,0
Odisha,Bargarh,2,0
Odisha,Bhadrak,2,0
Odisha,Cuttack,0,1
Odisha,Ganjam,0,4
Odisha,Jagatsinghapur,0,1
Odisha,Jajapur,2,3
Odisha,Jharsuguda,1,0
Odisha,Kalahandi,1,0
Odisha,Kendrapara,4,1
Odisha,Kendujhar,0,1
Odisha,Khorda,1,2
Odisha,Malkangiri,0,1
Odisha,Mayurbhanj,1,4
Odisha,Nabarangapur,2,0
Odisha,Nayagarh,3,0
Odisha,Nuapada,1,0
Odisha,Puri,0,2
Odisha,Rayagada,0,4
Odisha,Sundergarh,4,1
Others,Others,0,5
Puducherry,Puducherry,0,2
Punjab,Amritsar,1,20
Punjab,Barnala,0,17
Punjab,Bathinda,0,31
Punjab,Faridkot,0,9
Punjab,Fatehgarh Sahib,0,15
Punjab,Fazilka,3,11
Punjab,Ferozepur,1,14
Punjab,Gurdaspur,0,22
Punjab,Hoshiarpur,0,8
Punjab,Jalandhar,0,31
Punjab,Kapurthala,0,4
Punjab,Ludhiana,1,68
Punjab,Mansa,0,6
Punjab,Moga,1,7
Punjab,Pathankot,0,7
Punjab,Patiala,3,26
Punjab,Rupnagar,0,5
Punjab,SAS Nagar (Mohali),1,12
Punjab,Sangrur,0,5
Punjab,Shaheed Bhagat Singh Nagar,0,11
Punjab,Sri Muktsar Sahib,70,21
Punjab,Tarn Taran,0,6
Rajasthan,Ajmer,3,32
Rajasthan,Alwar,1,32
Rajasthan,Banswara,0,24
Rajasthan,Baran,0,19
Rajasthan,Barmer,2,315
Rajasthan,Bharatpur,26,96
Rajasthan,Bhilwara,19,59
Rajasthan,Bikaner,0,13
Rajasthan,Bundi,0,5
Rajasthan,Chittorgarh,1,16
Rajasthan,Churu,2,11
Rajasthan,Dausa,8,53
Rajasthan,Dholpur,1,4
Rajasthan,Dungarpur,0,22
Rajasthan,Ganganagar,0,13
Rajasthan,Hanumangarh,0,13
Rajasthan,Jaipur,6,53
Rajasthan,Jaisalmer,0,5
Rajasthan,Jalor,10,40
Rajasthan,Jhalawar,22,43
Rajasthan,Jhunjhunun,16,25
Rajasthan,Jodhpur,11,36
Rajasthan,Karauli,14,21
Rajasthan,Kota,0,12
Rajasthan,Nagaur,2,44
Rajasthan,Pali,30,22
Rajasthan,Pratapgarh,0,8
Rajasthan,Rajsamand,1,4
Rajasthan,Sawai Madhopur,4,15
Rajasthan,Sikar,2,28
Rajasthan,Sirohi,0,5
Rajasthan,Tonk,4,17
Rajasthan,Udaipur,0,13
Sikkim,East Sikkim,0,1
Sikkim,North Sikkim,0,1
Sikkim,South Sikkim,0,1
Sikkim,West Sikkim,0,2
Tamil Nadu,Ariyalur,1,0
Tamil Nadu,Chennai,0,13
Tamil Nadu,Coimbatore,0,6
Tamil Nadu,Cuddalore,0,1
Tamil Nadu,Dharmapuri,0,4
Tamil Nadu,Dindigul,0,2
Tamil Nadu,Erode,0,12
Tamil Nadu,Kancheepuram,0,70
Tamil Nadu,Kanniyakumari,2,6
Tamil Nadu,Karur,0,1
Tamil Nadu,Krishnagiri,0,1
Tamil Nadu,Nagapattinam,0,5
Tamil Nadu,Perambalur,0,4
Tamil Nadu,Salem,0,1
Tamil Nadu,Thanjavur,0,3
Tamil Nadu,The Nilgiris,1,1
Tamil Nadu,Theni,0,1
Tamil Nadu,Thiruvarur,0,2
Tamil Nadu,Thoothukkudi,1,0
Tamil Nadu,Tiruchirappalli,0,5
Tamil Nadu,Tirunelveli,0,28
Tamil Nadu,Tiruppur,0,3
Tamil Nadu,Tiruvallur,2,35
Tamil Nadu,Tiruvannamalai,0,2
Tamil Nadu,Vellore,1,29
Tamil Nadu,Villupuram,0,12
Tripura,Dhalai,0,2
Tripura,Gomati,0,1
Tripura,Sepahijala,0,3
Tripura,South Tripura,0,1
Tripura,Unakoti,0,1
Tripura,West Tripura,0,5
Uttar Pradesh,Agra,501,279
Uttar Pradesh,Aligarh,5637,266
Uttar Pradesh,Allahabad,35,179
Uttar Pradesh,Ambedkar Nagar,5807,311
Uttar Pradesh,Amethi,4,80
Uttar Pradesh,Amroha,31,77
Uttar Pradesh,Auraiya,2348,87
Uttar Pradesh,Azamgarh,90,53
Uttar Pradesh,Baghpat,2178,123
Uttar Pradesh,Bahraich,2062,409
Uttar Pradesh,Ballia,147,195
Uttar Pradesh,Balrampur,6,7
Uttar Pradesh,Banda,244,29
Uttar Pradesh,Bara Banki,28,196
Uttar Pradesh,Bareilly,15721,505
Uttar Pradesh,Basti,86,130
Uttar Pradesh,Bijnor,1071,267
Uttar Pradesh,Budaun,1142,72
Uttar Pradesh,Bulandshahr,280,137
Uttar Pradesh,Chandauli,59,419
Uttar Pradesh,Chitrakoot,2,2
Uttar Pradesh,Deoria,69,172
Uttar Pradesh,Etah,311,73
Uttar Pradesh,Etawah,275,11
Uttar Pradesh,Faizabad,83,142
Uttar Pradesh,Farrukhabad,185,24
Uttar Pradesh,Fatehpur,2170,114
Uttar Pradesh,Firozabad,13,61
Uttar Pradesh,Gautam Buddha Nagar,874,62
Uttar Pradesh,Ghaziabad,231,238
Uttar Pradesh,Ghazipur,202,111
Uttar Pradesh,Gonda,13,93
Uttar Pradesh,Gorakhpur,69,153
Uttar Pradesh,Hamirpur,1,5
Uttar Pradesh,Hapur,27,47
Uttar Pradesh,Hardoi,41,43
Uttar Pradesh,Hathras,13,16
Uttar Pradesh,Jalaun,862,29
Uttar Pradesh,Jaunpur,66,53
Uttar Pradesh,Jhansi,40,82
Uttar Pradesh,Kannauj,998,40
Uttar Pradesh,Kanpur Dehat,112,72
Uttar Pradesh,Kanpur Nagar,63,181
Uttar Pradesh,Kasganj,8244,182
Uttar Pradesh,Kaushambi,4,36
Uttar Pradesh,Kheri,5628,137
Uttar Pradesh,Kushinagar,41,419
Uttar Pradesh,Lalitpur,19,33
Uttar Pradesh,Lucknow,1226,228
Uttar Pradesh,Maharajganj,1413,66
Uttar Pradesh,Mahoba,1,1
Uttar Pradesh,Mainpuri,37,41
Uttar Pradesh,Mathura,26,37
Uttar Pradesh,Mau,91,36
Uttar Pradesh,Meerut,15,93
Uttar Pradesh,Mirzapur,29,63
Uttar Pradesh,Moradabad,936,303
Uttar Pradesh,Muzaffarnagar,57,232
Uttar Pradesh,Pilibhit,3507,181
Uttar Pradesh,Pratapgarh,17,169
Uttar Pradesh,Rae Bareli,27,10
Uttar Pradesh,Rampur,4,55
Uttar Pradesh,Saharanpur,167,289
Uttar Pradesh,Sambhal,69,69
Uttar Pradesh,Sant Kabir Nagar,43,3
Uttar Pradesh,Sant Ravidas Nagar,15,34
Uttar Pradesh,Shahjahanpur,4484,45
Uttar Pradesh,Shamli,368,34
Uttar Pradesh,Shrawasti,0,2
Uttar Pradesh,Siddharthnagar,710,37
Uttar Pradesh,Sitapur,10113,280
Uttar Pradesh,Sonbhadra,30,94
Uttar Pradesh,Sultanpur,68,261
Uttar Pradesh,Unnao,11594,415
Uttar Pradesh,Varanasi,588,489
Uttarakhand,Almora,19,23
Uttarakhand,Bageshwar,0,2
Uttarakhand,Chamoli,2,2
Uttarakhand,Champawat,0,1
Uttarakhand,Dehradun,6,39
Uttarakhand,Haridwar,1,22
Uttarakhand,Nainital,52,38
Uttarakhand,Pauri Garhwal,2,6
Uttarakhand,Pithoragarh,0,7
Uttarakhand,Rudraprayag,2,2
Uttarakhand,Tehri Garhwal,0,2
Uttarakhand,Udham Singh Nagar,363,134
West Bengal,Bankura,719,21
West Bengal,Barddhaman,3,16
West Bengal,Birbhum,0,3
West Bengal,Cooch Behar,3,0
West Bengal,Dakshin Dinajpur,0,1
West Bengal,Darjeeling,1,10
West Bengal,Hooghly,8,10
West Bengal,Howrah,3,0
West Bengal,Jalpaiguri,1,6
West Bengal,Kolkata,11,0
West Bengal,Malda,1,1
West Bengal,Murshidabad,3,2
West Bengal,Nadia,5,8
West Bengal,North 24 Parganas,12,29
West Bengal,Paschim Medinipur,70,71
West Bengal,Purba Medinipur,6,1
West Bengal,Puruliya,5,38
West Bengal,South 24 Parganas,248,41
West Bengal,Uttar Dinajpur,1,10
