State,District,Aadhaar generated,Enrolment Rejected
Andhra Pradesh,Adilabad,370,75
Andhra Pradesh,Ananthapur,652,361
Andhra Pradesh,Chittoor,748,271
Andhra Pradesh,Cuddapah,244,52
Andhra Pradesh,East Godavari,830,187
Andhra Pradesh,Guntur,767,262
Andhra Pradesh,Hyderabad,613,258
Andhra Pradesh,K.v. Rangareddy,987,369
Andhra Pradesh,Karimnagar,936,244
Andhra Pradesh,Khammam,709,183
Andhra Pradesh,Krishna,450,119
Andhra Pradesh,Kurnool,1142,586
Andhra Pradesh,Mahabubnagar,1217,457
Andhra Pradesh,Medak,604,186
Andhra Pradesh,Nalgonda,564,242
Andhra Pradesh,Nellore,421,259
Andhra Pradesh,Nizamabad,845,200
Andhra Pradesh,Prakasam,467,142
Andhra Pradesh,Srikakulam,599,110
Andhra Pradesh,Visakhapatnam,1542,664
Andhra Pradesh,Vizianagaram,843,441
Andhra Pradesh,Warangal,790,259
Andhra Pradesh,West Godavari,680,223
Arunachal Pradesh,East Kameng,2,0
Arunachal Pradesh,East Siang,1,0
Arunachal Pradesh,Lower Subansiri,1,0
Arunachal Pradesh,Papum Pare,16,1
Arunachal Pradesh,Tawang,28,1
Arunachal Pradesh,Tirap,1,0
Arunachal Pradesh,West Kameng,17,0
Arunachal Pradesh,West Siang,2,0
Assam,Baksa,2,0
Assam,Barpeta,7,0
Assam,Bongaigaon,1,0
Assam,Cachar,4,0
Assam,Chirang,3,0
Assam,Darrang,1,0
Assam,Dhemaji,5,0
Assam,Dhubri,2,0
Assam,Dibrugarh,4,1
Assam,Goalpara,3,1
Assam,Golaghat,1,0
Assam,Hailakandi,1,0
Assam,Jorhat,1,0
Assam,Kamrup,4,0
Assam,Karbi Anglong,6,0
Assam,Karimganj,6,1
Assam,Kokrajhar,1,0
Assam,Lakhimpur,0,2
Assam,Nagaon,198,4
Assam,Sibsagar,1,0
Assam,Sonitpur,27,2
Assam,Tinsukia,2,0
Assam,Udalguri,4,0
Bihar,Araria,1218,58
Bihar,Arwal,30,6
Bihar,Aurangabad,2159,170
Bihar,Banka,827,229
Bihar,Begusarai,2683,229
Bihar,Bhagalpur,1962,96
Bihar,Bhojpur,1530,44
Bihar,Buxar,327,36
Bihar,Darbhanga,253,13
Bihar,East Champaran,2593,282
Bihar,Gaya,23384,351
Bihar,Gopalganj,1321,111
Bihar,Jamui,803,75
Bihar,Jehanabad,1099,24
Bihar,Kaimur (Bhabua),402,31
Bihar,Katihar,1121,31
Bihar,Khagaria,1371,56
Bihar,Kishanganj,692,110
Bihar,Lakhisarai,681,41
Bihar,Madhepura,759,267
Bihar,Madhubani,2491,157
Bihar,Munger,108,6
Bihar,Muzaffarpur,6393,405
Bihar,Nalanda,981,80
Bihar,Nawada,5066,136
Bihar,Patna,8096,519
Bihar,Purnia,2825,149
Bihar,Rohtas,655,49
Bihar,Saharsa,614,81
Bihar,Samastipur,1355,209
Bihar,Saran,4785,353
Bihar,Sheikhpura,119,67
Bihar,Sheohar,22,4
Bihar,Sitamarhi,12706,390
Bihar,Siwan,1910,188
Bihar,Supaul,1469,98
Bihar,Vaishali,6475,120
Bihar,West Champaran,3768,297
Chandigarh,Chandigarh,48,47
Chhattisgarh,Balod,556,77
Chhattisgarh,Baloda Bazar,219,40
Chhattisgarh,Balrampur,96,14
Chhattisgarh,Bastar,300,10
Chhattisgarh,Bemetara,942,235
Chhattisgarh,Bilaspur,6438,188
Chhattisgarh,Dakshin Bastar Dantewada,26,1
Chhattisgarh,Dantewada,1,0
Chhattisgarh,Dhamtari,27,1
Chhattisgarh,Durg,4208,373
Chhattisgarh,Gariyaband,22,8
Chhattisgarh,Janjgir-champa,6344,251
Chhattisgarh,Jashpur,21,0
Chhattisgarh,Kabeerdham,40,6
Chhattisgarh,Kanker,1633,197
Chhattisgarh,Kawardha,756,21
Chhattisgarh,Kondagaon,754,116
Chhattisgarh,Korba,2083,18
Chhattisgarh,Koriya,57,5
Chhattisgarh,Mahasamund,2195,50
Chhattisgarh,Mungeli,408,27
Chhattisgarh,Narayanpur,136,10
Chhattisgarh,Raigarh,1015,298
Chhattisgarh,Raipur,2183,289
Chhattisgarh,Rajnandgaon,2875,224
Chhattisgarh,Sukma,78,23
Chhattisgarh,Surajpur,12,1
Chhattisgarh,Surguja,1056,33
Chhattisgarh,Uttar Bastar Kanker,1301,205
Dadra and Nagar Haveli,Dadra and Nagar Haveli,30,1
Daman and Diu,Daman,7,1
Daman and Diu,Diu,344,40
Delhi,Central Delhi,294,48
Delhi,East Delhi,169,52
Delhi,New Delhi,4,4
Delhi,North Delhi,59,33
Delhi,North East Delhi,650,198
Delhi,North West Delhi,415,146
Delhi,South Delhi,260,92
Delhi,South West Delhi,195,58
Delhi,West Delhi,257,72
Goa,North Goa,2,1
Goa,South Goa,26,2
Gujarat,Ahmedabad,1457,161
Gujarat,Amreli,1920,60
Gujarat,Anand,187,13
Gujarat,Banaskantha,360,53
Gujarat,Bharuch,266,38
Gujarat,Bhavnagar,991,70
Gujarat,Dahod,578,110
Gujarat,Gandhinagar,176,61
Gujarat,Jamnagar,415,14
Gujarat,Junagadh,157,53
Gujarat,Kachchh,150,3
Gujarat,Kheda,344,60
Gujarat,Mahesana,171,38
Gujarat,Narmada,12,2
Gujarat,Navsari,147,49
Gujarat,Panchmahals,420,76
Gujarat,Patan,91,34
Gujarat,Porbandar,22,8
Gujarat,Rajkot,537,49
Gujarat,Sabarkantha,1134,104
Gujarat,Surat,1007,156
Gujarat,Surendra Nagar,515,18
Gujarat,Tapi,105,24
Gujarat,The Dangs,31,46
Gujarat,Vadodara,604,55
Gujarat,Valsad,794,100
Haryana,Ambala,60,32
Haryana,Bhiwani,33,25
Haryana,Faridabad,354,82
Haryana,Fatehabad,18,7
Haryana,Gurgaon,212,49
Haryana,Hisar,67,25
Haryana,Jhajjar,97,26
Haryana,Jind,64,67
Haryana,Kaithal,268,50
Haryana,Karnal,213,68
Haryana,Kurukshetra,301,20
Haryana,Mahendragarh,53,36
Haryana,Mewat,746,113
Haryana,Palwal,24,13
Haryana,Panchkula,15,12
Haryana,Panipat,257,57
Haryana,Rewari,77,62
Haryana,Rohtak,90,28
Haryana,Sirsa,141,35
Haryana,Sonipat,168,43
Haryana,Yamuna Nagar,37,17
Himachal Pradesh,Bilaspur,4,0
Himachal Pradesh,Chamba,1,0
Himachal Pradesh,Hamirpur,10,2
Himachal Pradesh,Kangra,40,19
Himachal Pradesh,Kullu,6,1
Himachal Pradesh,Mandi,9,5
Himachal Pradesh,Shimla,13,5
Himachal Pradesh,Sirmaur,19,3
Himachal Pradesh,Solan,30,1
Himachal Pradesh,Una,7,0
Jammu and Kashmir,Anantnag,1,1
Jammu and Kashmir,Badgam,0,2
Jammu and Kashmir,Bandipore,3,0
Jammu and Kashmir,Baramula,11,0
Jammu and Kashmir,Doda,6,0
Jammu and Kashmir,Jammu,74,6
Jammu and Kashmir,Kargil,1,0
Jammu and Kashmir,Kathua,17,3
Jammu and Kashmir,Kishtwar,1,3
Jammu and Kashmir,Kulgam,0,1
Jammu and Kashmir,Kupwara,3,1
Jammu and Kashmir,Leh,10,3
Jammu and Kashmir,Pulwama,0,5
Jammu and Kashmir,Punch,4,3
Jammu and Kashmir,Rajouri,34,2
Jammu and Kashmir,Ramban,0,7
Jammu and Kashmir,Reasi,3,1
Jammu and Kashmir,Samba,8,7
Jammu and Kashmir,Srinagar,1,0
Jammu and Kashmir,Udhampur,8,0
Jharkhand,Bokaro,194,43
Jharkhand,Chatra,84,28
Jharkhand,Deoghar,122,63
Jharkhand,Dhanbad,124,31
Jharkhand,Dumka,32,10
Jharkhand,East Singhbhum,27,17
Jharkhand,Garhwa,52,12
Jharkhand,Giridih,216,37
Jharkhand,Godda,106,16
Jharkhand,Gumla,54,11
Jharkhand,Hazaribagh,76,68
Jharkhand,Jamtara,51,9
Jharkhand,Khunti,28,20
Jharkhand,Koderma,32,23
Jharkhand,Latehar,38,29
Jharkhand,Lohardaga,19,14
Jharkhand,Pakur,42,21
Jharkhand,Palamu,282,31
Jharkhand,Ramgarh,22,22
Jharkhand,Ranchi,171,72
Jharkhand,Sahebganj,44,13
Jharkhand,Seraikela-Kharsawan,11,4
Jharkhand,Simdega,60,6
Jharkhand,West Singhbhum,8,41
Karnataka,Bagalkot,159,59
Karnataka,Bangalore,324,83
Karnataka,Bangalore Rural,50,29
Karnataka,Belgaum,392,84
Karnataka,Bellary,176,70
Karnataka,Bidar,340,47
Karnataka,Bijapur,1843,66
Karnataka,Chamrajanagar,128,15
Karnataka,Chickmagalur,46,4
Karnataka,Chikkaballapur,562,102
Karnataka,Chitradurga,150,49
Karnataka,Dakshina Kannada,114,13
Karnataka,Davangere,441,404
Karnataka,Dharwad,52,35
Karnataka,Gadag,298,11
Karnataka,Gulbarga,1454,130
Karnataka,Hassan,292,66
Karnataka,Haveri,183,917
Karnataka,Kodagu,175,61
Karnataka,Kolar,618,415
Karnataka,Koppal,24,19
Karnataka,Mandya,1337,48
Karnataka,Mysore,60,10
Karnataka,Raichur,209,36
Karnataka,Ramanagar,113,3
Karnataka,Shimoga,340,40
Karnataka,Tumkur,49,37
Karnataka,Udupi,252,50
Karnataka,Uttara Kannada,82,9
Karnataka,Yadgir,342,71
Kerala,Alappuzha,117,15
Kerala,Ernakulam,162,28
Kerala,Idukki,63,18
Kerala,Kannur,202,22
Kerala,Kasaragod,106,12
Kerala,Kollam,175,24
Kerala,Kottayam,113,17
Kerala,Kozhikode,253,17
Kerala,Malappuram,218,37
Kerala,Palakkad,148,33
Kerala,Pathanamthitta,47,7
Kerala,Thiruvananthapuram,162,46
Kerala,Thrissur,171,13
Kerala,Wayanad,44,17
Lakshadweep,Lakshadweep,4,0
Madhya Pradesh,Alirajpur,7,10
Madhya Pradesh,Anuppur,39,14
Madhya Pradesh,Ashok Nagar,32,4
Madhya Pradesh,Balaghat,156,30
Madhya Pradesh,Barwani,245,65
Madhya Pradesh,Betul,117,18
Madhya Pradesh,Bhind,62,19
Madhya Pradesh,Bhopal,139,51
Madhya Pradesh,Burhanpur,10,47
Madhya Pradesh,Chhatarpur,252,22
Madhya Pradesh,Chhindwara,127,42
Madhya Pradesh,Damoh,58,32
Madhya Pradesh,Datia,10,7
Madhya Pradesh,Dewas,196,47
Madhya Pradesh,Dhar,178,59
Madhya Pradesh,Dindori,15,4
Madhya Pradesh,Guna,189,34
Madhya Pradesh,Gwalior,197,33
Madhya Pradesh,Harda,9,2
Madhya Pradesh,Hoshangabad,67,7
Madhya Pradesh,Indore,250,75
Madhya Pradesh,Jabalpur,112,29
Madhya Pradesh,Jhabua,278,23
Madhya Pradesh,Katni,158,19
Madhya Pradesh,Khandwa,8,14
Madhya Pradesh,Khargone,287,66
Madhya Pradesh,Mandla,65,6
Madhya Pradesh,Mandsaur,57,16
Madhya Pradesh,Morena,122,13
Madhya Pradesh,Narsinghpur,83,12
Madhya Pradesh,Neemuch,17,32
Madhya Pradesh,Panna,40,5
Madhya Pradesh,Raisen,49,14
Madhya Pradesh,Rajgarh,78,12
Madhya Pradesh,Ratlam,208,57
Madhya Pradesh,Rewa,87,34
Madhya Pradesh,Sagar,140,32
Madhya Pradesh,Satna,75,26
Madhya Pradesh,Sehore,70,18
Madhya Pradesh,Seoni,76,5
Madhya Pradesh,Shahdol,60,15
Madhya Pradesh,Shajapur,20,32
Madhya Pradesh,Sheopur,59,3
Madhya Pradesh,Shivpuri,244,62
Madhya Pradesh,Sidhi,41,16
Madhya Pradesh,Singrauli,35,7
Madhya Pradesh,Tikamgarh,80,16
Madhya Pradesh,Ujjain,98,22
Madhya Pradesh,Umaria,8,11
Madhya Pradesh,Vidisha,127,14
Maharashtra,Ahmadnagar,323,80
Maharashtra,Akola,84,27
Maharashtra,Amravati,61,21
Maharashtra,Aurangabad,243,84
Maharashtra,Beed,186,72
Maharashtra,Bhandara,70,17
Maharashtra,Buldhana,216,43
Maharashtra,Chandrapur,155,16
Maharashtra,Dhule,145,35
Maharashtra,Gadchiroli,134,26
Maharashtra,Gondiya,34,7
Maharashtra,Hingoli,85,66
Maharashtra,Jalgaon,128,44
Maharashtra,Jalna,230,136
Maharashtra,Kolhapur,202,40
Maharashtra,Latur,118,45
Maharashtra,Mumbai,163,47
Maharashtra,Nagpur,243,43
Maharashtra,Nanded,295,146
Maharashtra,Nandurbar,36,10
Maharashtra,Nashik,361,57
Maharashtra,Osmanabad,52,15
Maharashtra,Palghar,33,92
Maharashtra,Parbhani,236,41
Maharashtra,Pune,274,56
Maharashtra,Raigarh,387,19
Maharashtra,Ratnagiri,95,24
Maharashtra,Sangli,124,30
Maharashtra,Satara,86,29
Maharashtra,Sindhudurg,185,10
Maharashtra,Solapur,298,65
Maharashtra,Thane,384,41
Maharashtra,Wardha,79,11
Maharashtra,Washim,180,55
Maharashtra,Yavatmal,298,80
Manipur,Bishnupur,6,2
Manipur,Churachandpur,4,1
Manipur,Imphal East,14,4
Manipur,Imphal West,271,5
Manipur,Senapati,1,3
Manipur,Tamenglong,2,0
Manipur,Thoubal,2,1
Manipur,Ukhrul,1,0
Mizoram,Aizawl,99,163
Mizoram,Kolasib,1,30
Mizoram,Lawngtlai,4,0
Mizoram,Lunglei,242,7
Mizoram,Mammit,2,1
Mizoram,Saiha,4,0
Nagaland,Dimapur,0,1
Nagaland,Kohima,3,0
Nagaland,Mokokchung,0,2
Nagaland,Peren,1,1
Odisha,Angul,251,164
Odisha,Balangir,32,15
Odisha,Baleswar,2,14
Odisha,Bargarh,8,0
Odisha,Bhadrak,2,135
Odisha,Cuttack,7,37
Odisha,Debagarh,1,8
Odisha,Dhenkanal,12,17
Odisha,Gajapati,1,0
Odisha,Ganjam,65,77
Odisha,Jagatsinghapur,3,5
Odisha,Jajapur,9,6
Odisha,Jharsuguda,2,0
Odisha,Kalahandi,27,54
Odisha,Kandhamal,4,1
Odisha,Kendrapara,11,10
Odisha,Kendujhar,3,2
Odisha,Khorda,1043,240
Odisha,Koraput,8,10
Odisha,Mayurbhanj,4,10
Odisha,Nabarangapur,208,6
Odisha,Nayagarh,6,0
Odisha,Nuapada,7,0
Odisha,Puri,34,6
Odisha,Rayagada,10,53
Odisha,Sambalpur,4,10
Odisha,Sonapur,2,1
Odisha,Sundergarh,9,19
Others,Others,1,54
Puducherry,Karaikal,5,2
Puducherry,Puducherry,51,7
Punjab,Amritsar,352,56
Punjab,Barnala,71,25
Punjab,Bathinda,114,40
Punjab,Faridkot,112,7
Punjab,Fatehgarh Sahib,26,6
Punjab,Fazilka,166,29
Punjab,Ferozepur,102,36
Punjab,Gurdaspur,172,36
Punjab,Hoshiarpur,147,13
Punjab,Jalandhar,601,70
Punjab,Kapurthala,99,29
Punjab,Ludhiana,849,179
Punjab,Mansa,54,5
Punjab,Moga,20,1
Punjab,Pathankot,80,13
Punjab,Patiala,85,17
Punjab,Rupnagar,119,12
Punjab,SAS Nagar (Mohali),205,15
Punjab,Sangrur,127,30
Punjab,Shaheed Bhagat Singh Nagar,75,16
Punjab,Sri Muktsar Sahib,112,27
Punjab,Tarn Taran,64,18
Rajasthan,Ajmer,444,212
Rajasthan,Alwar,474,215
Rajasthan,Banswara,1068,359
Rajasthan,Baran,104,111
Rajasthan,Barmer,2264,374
Rajasthan,Bharatpur,2640,317
Rajasthan,Bhilwara,557,275
Rajasthan,Bikaner,314,151
Rajasthan,Bundi,264,168
Rajasthan,Chittorgarh,765,181
Rajasthan,Churu,1516,234
Rajasthan,Dausa,304,240
Rajasthan,Dholpur,1278,41
Rajasthan,Dungarpur,184,150
Rajasthan,Ganganagar,361,169
Rajasthan,Hanumangarh,707,150
Rajasthan,Jaipur,630,542
Rajasthan,Jaisalmer,1277,146
Rajasthan,Jalor,155,143
Rajasthan,Jhalawar,597,181
Rajasthan,Jhunjhunun,285,117
Rajasthan,Jodhpur,808,197
Rajasthan,Karauli,385,141
Rajasthan,Kota,523,173
Rajasthan,Nagaur,432,178
Rajasthan,Pali,853,206
Rajasthan,Pratapgarh,197,144
Rajasthan,Rajsamand,279,242
Rajasthan,Sawai Madhopur,332,124
Rajasthan,Sikar,552,459
Rajasthan,Sirohi,234,80
Rajasthan,Tonk,455,229
Rajasthan,Udaipur,229,304
Sikkim,East Sikkim,6,1
Sikkim,North Sikkim,2,0
Sikkim,South Sikkim,2,1
Sikkim,West Sikkim,1,1
Tamil Nadu,Ariyalur,2,0
Tamil Nadu,Chennai,436,12
Tamil Nadu,Coimbatore,150,4
Tamil Nadu,Cuddalore,62,6
Tamil Nadu,Dharmapuri,127,4
Tamil Nadu,Dindigul,39,40
Tamil Nadu,Erode,18,1
Tamil Nadu,Kancheepuram,266,280
Tamil Nadu,Kanniyakumari,5294,62
Tamil Nadu,Karur,2,1
Tamil Nadu,Krishnagiri,47,4
Tamil Nadu,Madurai,51,8
Tamil Nadu,Nagapattinam,6,3
Tamil Nadu,Namakkal,3,0
Tamil Nadu,Perambalur,4,3
Tamil Nadu,Pudukkottai,1,0
Tamil Nadu,Ramanathapuram,2,0
Tamil Nadu,Salem,5,1
Tamil Nadu,Sivaganga,2,1
Tamil Nadu,Thanjavur,15,34
Tamil Nadu,The Nilgiris,6,0
Tamil Nadu,Theni,30,2
Tamil Nadu,Thiruvarur,1,2
Tamil Nadu,Thoothukkudi,47,13
Tamil Nadu,Tiruchirappalli,129,6
Tamil Nadu,Tirunelveli,551,31
Tamil Nadu,Tiruppur,142,7
Tamil Nadu,Tiruvallur,340,43
Tamil Nadu,Tiruvannamalai,9,3
Tamil Nadu,Vellore,355,93
Tamil Nadu,Villupuram,201,132
Tamil Nadu,Virudhunagar,3,0
Tripura,Dhalai,28,2
Tripura,Gomati,36,9
Tripura,North Tripura,5,0
Tripura,Sepahijala,42,5
Tripura,South Tripura,2,4
Tripura,Unakoti,38,2
Tripura,West Tripura,7,0
Uttar Pradesh,Agra,5638,856
Uttar Pradesh,Aligarh,5705,370
Uttar Pradesh,Allahabad,7453,550
Uttar Pradesh,Ambedkar Nagar,6419,287
Uttar Pradesh,Amethi,1055,88
Uttar Pradesh,Amroha,2240,175
Uttar Pradesh,Auraiya,956,163
Uttar Pradesh,Azamgarh,3478,424
Uttar Pradesh,Baghpat,6911,408
Uttar Pradesh,Bahraich,611,58
Uttar Pradesh,Ballia,3922,534
Uttar Pradesh,Balrampur,154,33
Uttar Pradesh,Banda,214,37
Uttar Pradesh,Bara Banki,3756,313
Uttar Pradesh,Bareilly,3729,393
Uttar Pradesh,Basti,1626,141
Uttar Pradesh,Bijnor,8177,440
Uttar Pradesh,Budaun,2284,70
Uttar Pradesh,Bulandshahr,3143,334
Uttar Pradesh,Chandauli,331,187
Uttar Pradesh,Chitrakoot,56,5
Uttar Pradesh,Deoria,8848,500
Uttar Pradesh,Etah,2441,185
Uttar Pradesh,Etawah,642,58
Uttar Pradesh,Faizabad,4834,1092
Uttar Pradesh,Farrukhabad,920,31
Uttar Pradesh,Fatehpur,381,42
Uttar Pradesh,Firozabad,4733,388
Uttar Pradesh,Gautam Buddha Nagar,1043,163
Uttar Pradesh,Ghaziabad,6070,628
Uttar Pradesh,Ghazipur,3900,170
Uttar Pradesh,Gonda,2121,112
Uttar Pradesh,Gorakhpur,6427,488
Uttar Pradesh,Hamirpur,223,21
Uttar Pradesh,Hapur,1842,171
Uttar Pradesh,Hardoi,1372,294
Uttar Pradesh,Hathras,320,55
Uttar Pradesh,Jalaun,371,145
Uttar Pradesh,Jaunpur,3746,222
Uttar Pradesh,Jhansi,641,110
Uttar Pradesh,Kannauj,1142,104
Uttar Pradesh,Kanpur Dehat,1058,165
Uttar Pradesh,Kanpur Nagar,3144,722
Uttar Pradesh,Kasganj,451,35
Uttar Pradesh,Kaushambi,644,53
Uttar Pradesh,Kheri,1930,284
Uttar Pradesh,Kushinagar,4200,250
Uttar Pradesh,Lalitpur,107,11
Uttar Pradesh,Lucknow,3871,518
Uttar Pradesh,Maharajganj,2307,157
Uttar Pradesh,Mahoba,14,4
Uttar Pradesh,Mainpuri,2432,160
Uttar Pradesh,Mathura,2480,149
Uttar Pradesh,Mau,1308,146
Uttar Pradesh,Meerut,2909,285
Uttar Pradesh,Mirzapur,3519,302
Uttar Pradesh,Moradabad,2965,341
Uttar Pradesh,Muzaffarnagar,17284,518
Uttar Pradesh,Pilibhit,884,116
Uttar Pradesh,Pratapgarh,3206,201
Uttar Pradesh,Rae Bareli,304,66
Uttar Pradesh,Rampur,3104,210
Uttar Pradesh,Saharanpur,7649,652
Uttar Pradesh,Sambhal,1428,86
Uttar Pradesh,Sant Kabir Nagar,40,12
Uttar Pradesh,Sant Ravidas Nagar,1666,110
Uttar Pradesh,Shahjahanpur,780,117
Uttar Pradesh,Shamli,562,93
Uttar Pradesh,Shrawasti,71,5
Uttar Pradesh,Siddharthnagar,573,18
Uttar Pradesh,Sitapur,3205,240
Uttar Pradesh,Sonbhadra,1362,171
Uttar Pradesh,Sultanpur,2536,192
Uttar Pradesh,Unnao,3061,444
Uttar Pradesh,Varanasi,14554,504
Uttarakhand,Almora,794,7
Uttarakhand,Bageshwar,5,0
Uttarakhand,Chamoli,10,7
Uttarakhand,Champawat,12,0
Uttarakhand,Dehradun,715,361
Uttarakhand,Haridwar,644,100
Uttarakhand,Nainital,948,122
Uttarakhand,Pauri Garhwal,474,21
Uttarakhand,Pithoragarh,162,22
Uttarakhand,Rudraprayag,9,3
Uttarakhand,Tehri Garhwal,122,18
Uttarakhand,Udham Singh Nagar,1344,175
Uttarakhand,Uttarkashi,5,0
West Bengal,Bankura,24873,1808
West Bengal,Barddhaman,3868,517
West Bengal,Birbhum,2290,194
West Bengal,Cooch Behar,17,0
West Bengal,Dakshin Dinajpur,22,9
West Bengal,Darjeeling,40,5
West Bengal,Hooghly,346,146
West Bengal,Howrah,6,19
West Bengal,Jalpaiguri,238,46
West Bengal,Kolkata,120,8
West Bengal,Malda,100,17
West Bengal,Murshidabad,77,13
West Bengal,Nadia,180,8
West Bengal,North 24 Parganas,13682,2262
West Bengal,Paschim Medinipur,11865,7451
West Bengal,Purba Medinipur,309,457
West Bengal,Puruliya,7139,2391
West Bengal,South 24 Parganas,17500,988
West Bengal,Uttar Dinajpur,54,8
