State,District,Aadhaar generated,Enrolment Rejected
Andaman and Nicobar Islands,North And Middle Andaman,1,0
Andhra Pradesh,Ananthapur,232,160
Andhra Pradesh,Chittoor,308,121
Andhra Pradesh,Cuddapah,130,43
Andhra Pradesh,East Godavari,177,78
Andhra Pradesh,Guntur,281,74
Andhra Pradesh,Krishna,139,84
Andhra Pradesh,Kurnool,242,181
Andhra Pradesh,Nellore,91,135
Andhra Pradesh,Prakasam,297,74
Andhra Pradesh,Srikakulam,152,78
Andhra Pradesh,Visakhapatnam,342,377
Andhra Pradesh,Vizianagaram,292,178
Andhra Pradesh,West Godavari,341,54
Arunachal Pradesh,Lohit,1,0
Arunachal Pradesh,Papum Pare,10,1
Arunachal Pradesh,Tawang,16,1
Arunachal Pradesh,Tirap,1,0
Arunachal Pradesh,West Kameng,54,1
Assam,Baksa,2,0
Assam,Barpeta,6,0
Assam,Bongaigaon,2,0
Assam,Cachar,11,1
Assam,Chirang,3,0
Assam,Dhemaji,1,0
Assam,Dhubri,2,0
Assam,Goalpara,3,0
Assam,Hailakandi,3,1
Assam,Kamrup,3,1
Assam,Karbi Anglong,2,0
Assam,Karimganj,3,0
Assam,Kokrajhar,2,0
Assam,Marigaon,1,0
Assam,Nagaon,4,0
Assam,Nalbari,2,0
Assam,North Cachar Hills,1,0
Assam,Sibsagar,1,0
Assam,Sonitpur,4,2
Assam,Tinsukia,2,0
Assam,Udalguri,2,0
Bihar,Araria,97,31
Bihar,Arwal,16,6
Bihar,Aurangabad,2117,126
Bihar,Banka,369,75
Bihar,Begusarai,770,328
Bihar,Bhagalpur,2787,894
Bihar,Bhojpur,943,65
Bihar,Buxar,1412,83
Bihar,Darbhanga,402,98
Bihar,East Champaran,906,118
Bihar,Gaya,5653,298
Bihar,Gopalganj,4420,111
Bihar,Jamui,64,24
Bihar,Jehanabad,250,39
Bihar,Kaimur (Bhabua),182,27
Bihar,Katihar,309,9
Bihar,Khagaria,193,73
Bihar,Kishanganj,150,281
Bihar,Lakhisarai,313,37
Bihar,Madhepura,296,118
Bihar,Madhubani,252,129
Bihar,Munger,60,28
Bihar,Muzaffarpur,1826,445
Bihar,Nalanda,3017,96
Bihar,Nawada,2631,85
Bihar,Patna,2391,592
Bihar,Purnia,1174,118
Bihar,Rohtas,684,57
Bihar,Saharsa,126,49
Bihar,Samastipur,5971,144
Bihar,Saran,1425,324
Bihar,Sheikhpura,62,5
Bihar,Sheohar,12,2
Bihar,Sitamarhi,571,198
Bihar,Siwan,784,218
Bihar,Supaul,1551,93
Bihar,Vaishali,4895,210
Bihar,West Champaran,2116,320
Chandigarh,Chandigarh,26,14
Chhattisgarh,Balod,414,28
Chhattisgarh,Baloda Bazar,62,35
Chhattisgarh,Balrampur,55,3
Chhattisgarh,Bastar,112,5
Chhattisgarh,Bemetara,385,529
Chhattisgarh,Bilaspur,505,141
Chhattisgarh,Dakshin Bastar Dantewada,5,0
Chhattisgarh,Dhamtari,11,0
Chhattisgarh,Durg,184,384
Chhattisgarh,Gariyaband,6,0
Chhattisgarh,Janjgir-champa,686,290
Chhattisgarh,Jashpur,3,3
Chhattisgarh,Kabeerdham,4517,23
Chhattisgarh,Kanker,39,48
Chhattisgarh,Kawardha,20101,77
Chhattisgarh,Kondagaon,169,113
Chhattisgarh,Korba,290,17
Chhattisgarh,Koriya,4,2
Chhattisgarh,Mahasamund,206,59
Chhattisgarh,Mungeli,358,12
Chhattisgarh,Narayanpur,16,6
Chhattisgarh,Raigarh,52,372
Chhattisgarh,Raipur,364,120
Chhattisgarh,Rajnandgaon,20819,188
Chhattisgarh,Sukma,71,12
Chhattisgarh,Surajpur,2,0
Chhattisgarh,Surguja,59,15
Chhattisgarh,Uttar Bastar Kanker,11,35
Dadra and Nagar Haveli,Dadra and Nagar Haveli,5,10
Daman and Diu,Daman,19,5
Daman and Diu,Diu,6,11
Delhi,Central Delhi,98,54
Delhi,East Delhi,165,56
Delhi,New Delhi,9,3
Delhi,North Delhi,78,31
Delhi,North East Delhi,336,129
Delhi,North West Delhi,656,131
Delhi,South Delhi,145,62
Delhi,South West Delhi,175,83
Delhi,West Delhi,252,82
Goa,North Goa,3,1
Goa,South Goa,2,4
Gujarat,Ahmedabad,600,163
Gujarat,Amreli,221,14
Gujarat,Anand,76,3
Gujarat,Banaskantha,636,53
Gujarat,Bharuch,64,22
Gujarat,Bhavnagar,138,52
Gujarat,Dahod,72,36
Gujarat,Gandhinagar,56,36
Gujarat,Jamnagar,63,6
Gujarat,Junagadh,14,29
Gujarat,Kachchh,34,22
Gujarat,Kheda,10,34
Gujarat,Mahesana,1,4
Gujarat,Narmada,2,1
Gujarat,Navsari,8,40
Gujarat,Panchmahals,73,112
Gujarat,Patan,39,26
Gujarat,Porbandar,43,5
Gujarat,Rajkot,42,23
Gujarat,Sabarkantha,100,50
Gujarat,Surat,129,56
Gujarat,Surendra Nagar,5,9
Gujarat,Tapi,99,18
Gujarat,The Dangs,0,23
Gujarat,Vadodara,20,32
Gujarat,Valsad,103,49
Haryana,Ambala,117,33
Haryana,Bhiwani,156,80
Haryana,Faridabad,55,63
Haryana,Fatehabad,42,20
Haryana,Gurgaon,224,69
Haryana,Hisar,145,52
Haryana,Jhajjar,160,35
Haryana,Jind,164,115
Haryana,Kaithal,137,112
Haryana,Karnal,241,76
Haryana,Kurukshetra,176,92
Haryana,Mahendragarh,77,119
Haryana,Mewat,397,302
Haryana,Palwal,22,23
Haryana,Panchkula,8,10
Haryana,Panipat,98,66
Haryana,Rewari,63,33
Haryana,Rohtak,101,51
Haryana,Sirsa,125,39
Haryana,Sonipat,179,30
Haryana,Yamuna Nagar,46,55
Himachal Pradesh,Bilaspur,13,5
Himachal Pradesh,Chamba,11,9
Himachal Pradesh,Hamirpur,7,1
Himachal Pradesh,Kangra,23,13
Himachal Pradesh,Kullu,6,1
Himachal Pradesh,Mandi,26,6
Himachal Pradesh,Shimla,85,45
Himachal Pradesh,Sirmaur,84,37
Himachal Pradesh,Solan,14,11
Himachal Pradesh,Una,7,1
Jammu and Kashmir,Anantnag,2,9
Jammu and Kashmir,Badgam,0,4
Jammu and Kashmir,Baramula,12,10
Jammu and Kashmir,Doda,508,4
Jammu and Kashmir,Jammu,564,114
Jammu and Kashmir,Kargil,2,0
Jammu and Kashmir,Kathua,149,0
Jammu and Kashmir,Kishtwar,1,1
Jammu and Kashmir,Leh,1,5
Jammu and Kashmir,Pulwama,0,5
Jammu and Kashmir,Punch,2,1
Jammu and Kashmir,Rajouri,3,0
Jammu and Kashmir,Ramban,1,20
Jammu and Kashmir,Reasi,30,2
Jammu and Kashmir,Samba,0,8
Jammu and Kashmir,Shupiyan,0,1
Jammu and Kashmir,Srinagar,0,1
Jammu and Kashmir,Udhampur,53,22
Jharkhand,Bokaro,54,28
Jharkhand,Chatra,9,8
Jharkhand,Deoghar,8,9
Jharkhand,Dhanbad,8,16
Jharkhand,Dumka,3,8
Jharkhand,East Singhbhum,5,9
Jharkhand,Garhwa,22,27
Jharkhand,Giridih,19,50
Jharkhand,Godda,10,11
Jharkhand,Gumla,15,17
Jharkhand,Hazaribagh,36,20
Jharkhand,Jamtara,9,10
Jharkhand,Khunti,12,7
Jharkhand,Koderma,4,25
Jharkhand,Latehar,20,9
Jharkhand,Lohardaga,14,5
Jharkhand,Pakur,4,11
Jharkhand,Palamu,49,35
Jharkhand,Ramgarh,26,12
Jharkhand,Ranchi,175,60
Jharkhand,Sahebganj,6,15
Jharkhand,Seraikela-Kharsawan,14,6
Jharkhand,Simdega,2,16
Jharkhand,West Singhbhum,3,29
Karnataka,Bagalkot,10,33
Karnataka,Bangalore,788,116
Karnataka,Bangalore Rural,8,13
Karnataka,Belgaum,766,789
Karnataka,Bellary,179,251
Karnataka,Bidar,53,27
Karnataka,Bijapur,617,47
Karnataka,Chamrajanagar,25,15
Karnataka,Chickmagalur,35,20
Karnataka,Chikkaballapur,119,74
Karnataka,Chitradurga,253,20
Karnataka,Dakshina Kannada,20,10
Karnataka,Davangere,90,114
Karnataka,Dharwad,552,63
Karnataka,Gadag,214,16
Karnataka,Gulbarga,59,29
Karnataka,Hassan,865,42
Karnataka,Haveri,116,49
Karnataka,Kodagu,24,39
Karnataka,Kolar,139,259
Karnataka,Koppal,11,17
Karnataka,Mandya,294,68
Karnataka,Mysore,41,41
Karnataka,Raichur,52,41
Karnataka,Ramanagar,14,181
Karnataka,Shimoga,121,241
Karnataka,Tumkur,81,23
Karnataka,Udupi,99,22
Karnataka,Uttara Kannada,62,7
Karnataka,Yadgir,226,48
Kerala,Alappuzha,40,6
Kerala,Ernakulam,57,29
Kerala,Idukki,15,25
Kerala,Kannur,36,29
Kerala,Kasaragod,43,8
Kerala,Kollam,29,20
Kerala,Kottayam,22,11
Kerala,Kozhikode,57,29
Kerala,Malappuram,93,14
Kerala,Palakkad,40,26
Kerala,Pathanamthitta,14,2
Kerala,Thiruvananthapuram,101,36
Kerala,Thrissur,29,21
Kerala,Wayanad,6,5
Lakshadweep,Lakshadweep,3,1
Madhya Pradesh,Alirajpur,3,9
Madhya Pradesh,Anuppur,29,1
Madhya Pradesh,Ashok Nagar,4,7
Madhya Pradesh,Balaghat,18,9
Madhya Pradesh,Barwani,30,54
Madhya Pradesh,Betul,55,8
Madhya Pradesh,Bhind,32,17
Madhya Pradesh,Bhopal,27,31
Madhya Pradesh,Burhanpur,19,5
Madhya Pradesh,Chhatarpur,12,7
Madhya Pradesh,Chhindwara,48,17
Madhya Pradesh,Damoh,41,22
Madhya Pradesh,Datia,3,11
Madhya Pradesh,Dewas,17,38
Madhya Pradesh,Dhar,14,40
Madhya Pradesh,Dindori,6,2
Madhya Pradesh,Guna,27,11
Madhya Pradesh,Gwalior,30,28
Madhya Pradesh,Harda,5,1
Madhya Pradesh,Hoshangabad,21,7
Madhya Pradesh,Indore,94,62
Madhya Pradesh,Jabalpur,18,58
Madhya Pradesh,Jhabua,9,19
Madhya Pradesh,Katni,23,7
Madhya Pradesh,Khandwa,31,8
Madhya Pradesh,Khargone,30,28
Madhya Pradesh,Mandla,13,4
Madhya Pradesh,Mandsaur,26,8
Madhya Pradesh,Morena,68,19
Madhya Pradesh,Narsinghpur,22,4
Madhya Pradesh,Neemuch,6,15
Madhya Pradesh,Panna,5,7
Madhya Pradesh,Raisen,5,9
Madhya Pradesh,Rajgarh,45,13
Madhya Pradesh,Ratlam,71,186
Madhya Pradesh,Rewa,11,28
Madhya Pradesh,Sagar,191,18
Madhya Pradesh,Satna,36,27
Madhya Pradesh,Sehore,22,8
Madhya Pradesh,Seoni,12,4
Madhya Pradesh,Shahdol,32,10
Madhya Pradesh,Shajapur,7,0
Madhya Pradesh,Sheopur,7,0
Madhya Pradesh,Shivpuri,9,17
Madhya Pradesh,Sidhi,37,17
Madhya Pradesh,Singrauli,37,9
Madhya Pradesh,Tikamgarh,18,17
Madhya Pradesh,Ujjain,17,18
Madhya Pradesh,Umaria,20,8
Madhya Pradesh,Vidisha,32,17
Maharashtra,Ahmadnagar,33,46
Maharashtra,Akola,15,45
Maharashtra,Amravati,22,25
Maharashtra,Aurangabad,82,53
Maharashtra,Beed,61,61
Maharashtra,Bhandara,75,21
Maharashtra,Buldhana,79,47
Maharashtra,Chandrapur,818,28
Maharashtra,Dhule,66,33
Maharashtra,Gadchiroli,126,28
Maharashtra,Gondiya,15,32
Maharashtra,Hingoli,24,40
Maharashtra,Jalgaon,35,28
Maharashtra,Jalna,32,41
Maharashtra,Kolhapur,27,29
Maharashtra,Latur,44,58
Maharashtra,Mumbai,85,45
Maharashtra,Nagpur,133,46
Maharashtra,Nanded,107,73
Maharashtra,Nandurbar,64,17
Maharashtra,Nashik,82,55
Maharashtra,Osmanabad,8,25
Maharashtra,Palghar,4,34
Maharashtra,Parbhani,21,27
Maharashtra,Pune,34,54
Maharashtra,Raigarh,9,13
Maharashtra,Ratnagiri,16,18
Maharashtra,Sangli,17,22
Maharashtra,Satara,17,24
Maharashtra,Sindhudurg,22,15
Maharashtra,Solapur,25,33
Maharashtra,Thane,41,30
Maharashtra,Wardha,7,9
Maharashtra,Washim,10,17
Maharashtra,Yavatmal,67,55
Manipur,Bishnupur,4,2
Manipur,Chandel,1,1
Manipur,Imphal East,20,5
Manipur,Imphal West,93,68
Manipur,Senapati,6,0
Manipur,Tamenglong,1,0
Manipur,Ukhrul,1,0
Meghalaya,East Khasi Hills,5,1
Mizoram,Aizawl,73,168
Mizoram,Champhai,31,4
Mizoram,Lawngtlai,1,0
Mizoram,Lunglei,5,0
Mizoram,Mammit,1,0
Mizoram,Serchhip,1,0
Nagaland,Kohima,0,1
Nagaland,Mon,0,3
Nagaland,Peren,39,2
Odisha,Angul,2,2029
Odisha,Balangir,2,3
Odisha,Baleswar,6,61
Odisha,Bargarh,2,29
Odisha,Bhadrak,2,60
Odisha,Cuttack,0,50
Odisha,Debagarh,0,1
Odisha,Dhenkanal,1,661
Odisha,Gajapati,1,0
Odisha,Ganjam,17,22
Odisha,Jagatsinghapur,5,1311
Odisha,Jajapur,2,7
Odisha,Jharsuguda,2,26
Odisha,Kalahandi,0,21
Odisha,Kendrapara,38,3738
Odisha,Khorda,3,1080
Odisha,Koraput,15,8
Odisha,Malkangiri,0,27
Odisha,Mayurbhanj,3,95
Odisha,Nabarangapur,32,195
Odisha,Nayagarh,5,0
Odisha,Puri,0,6
Odisha,Rayagada,1,133
Odisha,Sambalpur,16,3
Odisha,Sundergarh,2,9
Others,Others,180,209
Puducherry,Karaikal,45,11
Puducherry,Puducherry,11,5
Punjab,Amritsar,182,58
Punjab,Barnala,79,21
Punjab,Bathinda,88,51
Punjab,Faridkot,36,14
Punjab,Fatehgarh Sahib,97,10
Punjab,Fazilka,43,30
Punjab,Ferozepur,21,16
Punjab,Gurdaspur,36,13
Punjab,Hoshiarpur,116,19
Punjab,Jalandhar,57,39
Punjab,Kapurthala,65,13
Punjab,Ludhiana,367,131
Punjab,Mansa,29,3
Punjab,Moga,11,11
Punjab,Pathankot,15,7
Punjab,Patiala,109,46
Punjab,Rupnagar,10,9
Punjab,SAS Nagar (Mohali),96,24
Punjab,Sangrur,120,40
Punjab,Shaheed Bhagat Singh Nagar,41,16
Punjab,Sri Muktsar Sahib,118,41
Punjab,Tarn Taran,73,29
Rajasthan,Ajmer,294,213
Rajasthan,Alwar,466,105
Rajasthan,Banswara,164,275
Rajasthan,Baran,2467,114
Rajasthan,Barmer,699,298
Rajasthan,Bharatpur,797,213
Rajasthan,Bhilwara,423,319
Rajasthan,Bikaner,320,73
Rajasthan,Bundi,640,59
Rajasthan,Chittorgarh,2774,207
Rajasthan,Churu,80,119
Rajasthan,Dausa,106,210
Rajasthan,Dholpur,1275,69
Rajasthan,Dungarpur,156,294
Rajasthan,Ganganagar,101,106
Rajasthan,Hanumangarh,191,180
Rajasthan,Jaipur,217,376
Rajasthan,Jaisalmer,54,40
Rajasthan,Jalor,293,131
Rajasthan,Jhalawar,2727,217
Rajasthan,Jhunjhunun,170,65
Rajasthan,Jodhpur,962,188
Rajasthan,Karauli,905,99
Rajasthan,Kota,76,54
Rajasthan,Nagaur,2576,420
Rajasthan,Pali,311,151
Rajasthan,Pratapgarh,38,99
Rajasthan,Rajsamand,399,82
Rajasthan,Sawai Madhopur,844,112
Rajasthan,Sikar,203,201
Rajasthan,Sirohi,286,26
Rajasthan,Tonk,95,122
Rajasthan,Udaipur,343,58
Sikkim,East Sikkim,2,3
Sikkim,North Sikkim,4,0
Sikkim,South Sikkim,4,4
Sikkim,West Sikkim,6,2
Tamil Nadu,Ariyalur,2,0
Tamil Nadu,Chennai,15,13
Tamil Nadu,Coimbatore,3,8
Tamil Nadu,Cuddalore,3,5
Tamil Nadu,Dharmapuri,6,1
Tamil Nadu,Dindigul,1,27
Tamil Nadu,Erode,2,1
Tamil Nadu,Kancheepuram,15,141
Tamil Nadu,Kanniyakumari,71,12
Tamil Nadu,Karur,0,2
Tamil Nadu,Krishnagiri,109,144
Tamil Nadu,Madurai,4,9
Tamil Nadu,Nagapattinam,10,11
Tamil Nadu,Namakkal,1,0
Tamil Nadu,Ramanathapuram,1,0
Tamil Nadu,Salem,15,19
Tamil Nadu,Thanjavur,8,4
Tamil Nadu,The Nilgiris,1,1
Tamil Nadu,Theni,0,1
Tamil Nadu,Thiruvarur,1,1
Tamil Nadu,Thoothukkudi,4,6
Tamil Nadu,Tiruchirappalli,3,1
Tamil Nadu,Tirunelveli,633,134
Tamil Nadu,Tiruppur,2,24
Tamil Nadu,Tiruvallur,9,6
Tamil Nadu,Tiruvannamalai,1,11
Tamil Nadu,Vellore,137,169
Tamil Nadu,Villupuram,181,245
Tamil Nadu,Virudhunagar,2,6
Telangana,Adilabad,122,84
Telangana,Hyderabad,86,175
Telangana,K.v. Rangareddy,275,244
Telangana,Karimnagar,198,151
Telangana,Khammam,34,44
Telangana,Mahabubnagar,182,153
Telangana,Medak,192,189
Telangana,Nalgonda,155,94
Telangana,Nizamabad,145,134
Telangana,Warangal,450,126
Tripura,Dhalai,0,2
Tripura,Gomati,22,3
Tripura,North Tripura,0,1
Tripura,Sepahijala,19,6
Tripura,South Tripura,5,9
Tripura,Unakoti,1,4
Tripura,West Tripura,123,5
Uttar Pradesh,Agra,16649,671
Uttar Pradesh,Aligarh,4990,298
Uttar Pradesh,Allahabad,4374,471
Uttar Pradesh,Ambedkar Nagar,574,299
Uttar Pradesh,Amethi,78,39
Uttar Pradesh,Amroha,1475,101
Uttar Pradesh,Auraiya,259,347
Uttar Pradesh,Azamgarh,484,243
Uttar Pradesh,Baghpat,990,294
Uttar Pradesh,Bahraich,675,148
Uttar Pradesh,Ballia,661,394
Uttar Pradesh,Balrampur,699,46
Uttar Pradesh,Banda,53,16
Uttar Pradesh,Bara Banki,16471,1021
Uttar Pradesh,Bareilly,1281,331
Uttar Pradesh,Basti,17454,702
Uttar Pradesh,Bijnor,11118,628
Uttar Pradesh,Budaun,2701,159
Uttar Pradesh,Bulandshahr,2685,252
Uttar Pradesh,Chandauli,3031,45
Uttar Pradesh,Chitrakoot,13,8
Uttar Pradesh,Deoria,904,201
Uttar Pradesh,Etah,10015,188
Uttar Pradesh,Etawah,352,68
Uttar Pradesh,Faizabad,12464,249
Uttar Pradesh,Farrukhabad,9702,114
Uttar Pradesh,Fatehpur,870,307
Uttar Pradesh,Firozabad,2399,298
Uttar Pradesh,Gautam Buddha Nagar,247,132
Uttar Pradesh,Ghaziabad,3073,337
Uttar Pradesh,Ghazipur,8797,132
Uttar Pradesh,Gonda,2107,149
Uttar Pradesh,Gorakhpur,2136,583
Uttar Pradesh,Hamirpur,42,5
Uttar Pradesh,Hapur,1697,58
Uttar Pradesh,Hardoi,1121,191
Uttar Pradesh,Hathras,331,36
Uttar Pradesh,Jalaun,436,94
Uttar Pradesh,Jaunpur,2046,164
Uttar Pradesh,Jhansi,237,239
Uttar Pradesh,Kannauj,3578,176
Uttar Pradesh,Kanpur Dehat,462,78
Uttar Pradesh,Kanpur Nagar,3342,686
Uttar Pradesh,Kasganj,962,1939
Uttar Pradesh,Kaushambi,493,25
Uttar Pradesh,Kheri,422,134
Uttar Pradesh,Kushinagar,1074,319
Uttar Pradesh,Lalitpur,1559,118
Uttar Pradesh,Lucknow,3695,578
Uttar Pradesh,Maharajganj,192,30
Uttar Pradesh,Mahoba,14,3
Uttar Pradesh,Mainpuri,7576,1196
Uttar Pradesh,Mathura,920,213
Uttar Pradesh,Mau,428,53
Uttar Pradesh,Meerut,1076,372
Uttar Pradesh,Mirzapur,1339,214
Uttar Pradesh,Moradabad,12278,326
Uttar Pradesh,Muzaffarnagar,14762,616
Uttar Pradesh,Pilibhit,112,49
Uttar Pradesh,Pratapgarh,339,120
Uttar Pradesh,Rae Bareli,156,57
Uttar Pradesh,Rampur,1550,357
Uttar Pradesh,Saharanpur,2063,378
Uttar Pradesh,Sambhal,6682,207
Uttar Pradesh,Sant Kabir Nagar,43,20
Uttar Pradesh,Sant Ravidas Nagar,114,27
Uttar Pradesh,Shahjahanpur,801,49
Uttar Pradesh,Shamli,402,72
Uttar Pradesh,Shrawasti,41,7
Uttar Pradesh,Siddharthnagar,3083,290
Uttar Pradesh,Sitapur,971,380
Uttar Pradesh,Sonbhadra,371,53
Uttar Pradesh,Sultanpur,216,388
Uttar Pradesh,Unnao,1427,333
Uttar Pradesh,Varanasi,10858,497
Uttarakhand,Almora,1703,38
Uttarakhand,Bageshwar,5,0
Uttarakhand,Chamoli,97,9
Uttarakhand,Champawat,5,0
Uttarakhand,Dehradun,11941,576
Uttarakhand,Haridwar,4082,243
Uttarakhand,Nainital,2430,92
Uttarakhand,Pauri Garhwal,453,24
Uttarakhand,Pithoragarh,129,9
Uttarakhand,Rudraprayag,43,1
Uttarakhand,Tehri Garhwal,9,3
Uttarakhand,Udham Singh Nagar,7649,371
Uttarakhand,Uttarkashi,72,5
West Bengal,Bankura,631,4078
West Bengal,Barddhaman,286,10204
West Bengal,Birbhum,138,122
West Bengal,Cooch Behar,32,6
West Bengal,Dakshin Dinajpur,1,3
West Bengal,Darjeeling,50,4
West Bengal,Hooghly,9,23
West Bengal,Howrah,12,1
West Bengal,Jalpaiguri,97,109
West Bengal,Kolkata,8,2
West Bengal,Malda,14,3
West Bengal,Murshidabad,12,8
West Bengal,Nadia,18,8
West Bengal,North 24 Parganas,158,3261
West Bengal,Paschim Medinipur,82,8441
West Bengal,Purba Medinipur,5,19
West Bengal,Puruliya,93,3850
West Bengal,South 24 Parganas,50,1083
West Bengal,Uttar Dinajpur,9,3
