State,District,Aadhaar generated,Enrolment Rejected
Andhra Pradesh,Ananthapur,693,866
Andhra Pradesh,Chittoor,874,624
Andhra Pradesh,Cuddapah,891,232
Andhra Pradesh,East Godavari,832,399
Andhra Pradesh,Guntur,744,521
Andhra Pradesh,Krishna,1066,357
Andhra Pradesh,Kurnool,734,901
Andhra Pradesh,Nellore,454,473
Andhra Pradesh,Prakasam,768,432
Andhra Pradesh,Srikakulam,360,265
Andhra Pradesh,Visakhapatnam,3599,1254
Andhra Pradesh,Vizianagaram,1760,844
Andhra Pradesh,West Godavari,520,433
Arunachal Pradesh,Dibang Valley,1,0
Arunachal Pradesh,Lohit,0,1
Arunachal Pradesh,Lower Subansiri,1,0
Arunachal Pradesh,Papum Pare,1,0
Arunachal Pradesh,Tawang,115,2
Arunachal Pradesh,Tirap,1,1
Arunachal Pradesh,West Kameng,30,10
Assam,Baksa,5,0
Assam,Barpeta,7,1
Assam,Bongaigaon,2,0
Assam,Cachar,23,4
Assam,Chirang,1,0
Assam,Darrang,1,0
Assam,Dhemaji,2,0
Assam,Dhubri,4,0
Assam,Dibrugarh,3,1
Assam,Goalpara,1,0
Assam,Golaghat,3,0
Assam,Hailakandi,7,1
Assam,Jorhat,5,0
Assam,Kamrup,15,0
Assam,Karbi Anglong,3,1
Assam,Karimganj,2,0
Assam,Kokrajhar,3,0
Assam,Lakhimpur,1,0
Assam,Marigaon,2,0
Assam,Nagaon,23,5
Assam,Sibsagar,2,0
Assam,Sonitpur,10,6
Assam,Tinsukia,2,0
Assam,Udalguri,2,1
Bihar,Araria,1968,129
Bihar,Arwal,455,15
Bihar,Aurangabad,6807,413
Bihar,Banka,2407,280
Bihar,Begusarai,4811,557
Bihar,Bhagalpur,13016,447
Bihar,Bhojpur,4193,172
Bihar,Buxar,3992,109
Bihar,Darbhanga,1343,272
Bihar,East Champaran,10328,374
Bihar,Gaya,8634,761
Bihar,Gopalganj,2596,305
Bihar,Jamui,795,146
Bihar,Jehanabad,5895,120
Bihar,Kaimur (Bhabua),6744,75
Bihar,Katihar,616,102
Bihar,Khagaria,1680,245
Bihar,Kishanganj,1222,347
Bihar,Lakhisarai,983,41
Bihar,Madhepura,1034,130
Bihar,Madhubani,6612,135
Bihar,Munger,3150,142
Bihar,Muzaffarpur,12805,1046
Bihar,Nalanda,4309,294
Bihar,Nawada,1888,370
Bihar,Patna,17618,1158
Bihar,Purnia,5602,573
Bihar,Rohtas,7306,182
Bihar,Saharsa,196,69
Bihar,Samastipur,4010,492
Bihar,Saran,9908,592
Bihar,Sheikhpura,560,154
Bihar,Sheohar,55,14
Bihar,Sitamarhi,5549,991
Bihar,Siwan,2691,512
Bihar,Supaul,1716,106
Bihar,Vaishali,14476,977
Bihar,West Champaran,2813,492
Chandigarh,Chandigarh,482,44
Chhattisgarh,Balod,1643,130
Chhattisgarh,Baloda Bazar,1138,124
Chhattisgarh,Balrampur,41,2
Chhattisgarh,Bastar,1004,35
Chhattisgarh,Bemetara,7460,1172
Chhattisgarh,Bijapur,15,3
Chhattisgarh,Bilaspur,5372,236
Chhattisgarh,Dakshin Bastar Dantewada,11,2
Chhattisgarh,Dantewada,17,0
Chhattisgarh,Dhamtari,44,1
Chhattisgarh,Durg,2802,441
Chhattisgarh,Gariyaband,20,3
Chhattisgarh,Janjgir-champa,2314,487
Chhattisgarh,Jashpur,240,13
Chhattisgarh,Kabeerdham,656,41
Chhattisgarh,Kanker,3081,589
Chhattisgarh,Kawardha,8479,327
Chhattisgarh,Kondagaon,1497,345
Chhattisgarh,Korba,2312,164
Chhattisgarh,Koriya,3,1
Chhattisgarh,Mahasamund,2017,232
Chhattisgarh,Mungeli,767,74
Chhattisgarh,Narayanpur,669,43
Chhattisgarh,Raigarh,2595,583
Chhattisgarh,Raipur,2667,349
Chhattisgarh,Rajnandgaon,5838,328
Chhattisgarh,Sukma,822,25
Chhattisgarh,Surajpur,9,1
Chhattisgarh,Surguja,956,59
Chhattisgarh,Uttar Bastar Kanker,1524,279
Dadra and Nagar Haveli,Dadra and Nagar Haveli,593,6
Daman and Diu,Daman,135,20
Daman and Diu,Diu,8,47
Delhi,Central Delhi,364,126
Delhi,East Delhi,349,153
Delhi,New Delhi,32,6
Delhi,North Delhi,127,68
Delhi,North East Delhi,891,440
Delhi,North West Delhi,1532,384
Delhi,South Delhi,1052,241
Delhi,South West Delhi,563,626
Delhi,West Delhi,663,273
Goa,North Goa,57,23
Goa,South Goa,136,10
Gujarat,Ahmedabad,3240,795
Gujarat,Amreli,150,243
Gujarat,Anand,599,26
Gujarat,Banaskantha,1905,168
Gujarat,Bharuch,27,13
Gujarat,Bhavnagar,3398,216
Gujarat,Dahod,256,158
Gujarat,Gandhinagar,172,97
Gujarat,Jamnagar,59,33
Gujarat,Junagadh,283,89
Gujarat,Kachchh,587,47
Gujarat,Kheda,23,13
Gujarat,Mahesana,382,46
Gujarat,Narmada,35,4
Gujarat,Navsari,470,103
Gujarat,Panchmahals,425,246
Gujarat,Patan,349,56
Gujarat,Porbandar,7,18
Gujarat,Rajkot,237,69
Gujarat,Sabarkantha,4416,203
Gujarat,Surat,1916,518
Gujarat,Surendra Nagar,722,137
Gujarat,Tapi,237,70
Gujarat,The Dangs,589,74
Gujarat,Vadodara,1484,222
Gujarat,Valsad,862,137
Haryana,Ambala,350,64
Haryana,Bhiwani,1781,345
Haryana,Faridabad,436,101
Haryana,Fatehabad,432,46
Haryana,Gurgaon,301,116
Haryana,Hisar,702,182
Haryana,Jhajjar,314,67
Haryana,Jind,283,96
Haryana,Kaithal,518,109
Haryana,Karnal,426,175
Haryana,Kurukshetra,590,149
Haryana,Mahendragarh,243,27
Haryana,Mewat,3381,679
Haryana,Palwal,229,25
Haryana,Panchkula,49,7
Haryana,Panipat,701,215
Haryana,Rewari,80,35
Haryana,Rohtak,500,109
Haryana,Sirsa,506,148
Haryana,Sonipat,454,82
Haryana,Yamuna Nagar,596,267
Himachal Pradesh,Bilaspur,18,4
Himachal Pradesh,Chamba,108,50
Himachal Pradesh,Hamirpur,7,1
Himachal Pradesh,Kangra,28,25
Himachal Pradesh,Kinnaur,1,1
Himachal Pradesh,Kullu,9,2
Himachal Pradesh,Mandi,23,5
Himachal Pradesh,Shimla,163,139
Himachal Pradesh,Sirmaur,227,101
Himachal Pradesh,Solan,14,6
Himachal Pradesh,Una,3,1
Jammu and Kashmir,Anantnag,4,0
Jammu and Kashmir,Badgam,2,0
Jammu and Kashmir,Bandipore,0,1
Jammu and Kashmir,Baramula,4010,69
Jammu and Kashmir,Doda,1350,25
Jammu and Kashmir,Jammu,1529,51
Jammu and Kashmir,Kathua,390,2
Jammu and Kashmir,Kishtwar,1,0
Jammu and Kashmir,Kupwara,148,4
Jammu and Kashmir,Pulwama,1,0
Jammu and Kashmir,Punch,2,0
Jammu and Kashmir,Rajouri,8,1
Jammu and Kashmir,Ramban,23,4
Jammu and Kashmir,Reasi,342,54
Jammu and Kashmir,Samba,3,50
Jammu and Kashmir,Shupiyan,0,1
Jammu and Kashmir,Srinagar,3,0
Jammu and Kashmir,Udhampur,1869,11
Jharkhand,Bokaro,104,71
Jharkhand,Chatra,18,28
Jharkhand,Deoghar,55,32
Jharkhand,Dhanbad,106,55
Jharkhand,Dumka,6,52
Jharkhand,East Singhbhum,39,45
Jharkhand,Garhwa,16,25
Jharkhand,Giridih,53,76
Jharkhand,Godda,35,41
Jharkhand,Gumla,14,31
Jharkhand,Hazaribagh,40,31
Jharkhand,Jamtara,14,26
Jharkhand,Khunti,2,11
Jharkhand,Koderma,9,22
Jharkhand,Latehar,1,19
Jharkhand,Lohardaga,5,14
Jharkhand,Pakur,4,32
Jharkhand,Palamu,42,32
Jharkhand,Ramgarh,13,14
Jharkhand,Ranchi,183,100
Jharkhand,Sahebganj,27,21
Jharkhand,Seraikela-Kharsawan,2,11
Jharkhand,Simdega,8,13
Jharkhand,West Singhbhum,9,38
Karnataka,Bagalkot,919,73
Karnataka,Bangalore,772,354
Karnataka,Bangalore Rural,27,74
Karnataka,Belgaum,1074,300
Karnataka,Bellary,236,285
Karnataka,Bidar,1040,271
Karnataka,Bijapur,3040,789
Karnataka,Chamrajanagar,83,49
Karnataka,Chickmagalur,141,42
Karnataka,Chikkaballapur,683,648
Karnataka,Chitradurga,819,834
Karnataka,Dakshina Kannada,83,22
Karnataka,Davangere,1182,685
Karnataka,Dharwad,70,151
Karnataka,Gadag,282,322
Karnataka,Gulbarga,522,477
Karnataka,Hassan,727,149
Karnataka,Haveri,1698,651
Karnataka,Kodagu,232,343
Karnataka,Kolar,1534,1082
Karnataka,Koppal,553,30
Karnataka,Mandya,150,250
Karnataka,Mysore,193,157
Karnataka,Raichur,407,204
Karnataka,Ramanagar,6,9
Karnataka,Shimoga,734,21
Karnataka,Tumkur,82,231
Karnataka,Udupi,171,142
Karnataka,Uttara Kannada,55,19
Karnataka,Yadgir,460,489
Kerala,Alappuzha,171,29
Kerala,Ernakulam,571,65
Kerala,Idukki,115,29
Kerala,Kannur,483,78
Kerala,Kasaragod,336,34
Kerala,Kollam,405,52
Kerala,Kottayam,183,31
Kerala,Kozhikode,289,66
Kerala,Malappuram,641,136
Kerala,Palakkad,349,70
Kerala,Pathanamthitta,270,22
Kerala,Thiruvananthapuram,737,85
Kerala,Thrissur,1118,35
Kerala,Wayanad,40,31
Lakshadweep,Lakshadweep,12,1
Madhya Pradesh,Alirajpur,33,11
Madhya Pradesh,Anuppur,40,11
Madhya Pradesh,Ashok Nagar,16,17
Madhya Pradesh,Balaghat,35,26
Madhya Pradesh,Barwani,702,150
Madhya Pradesh,Betul,161,61
Madhya Pradesh,Bhind,187,23
Madhya Pradesh,Bhopal,410,91
Madhya Pradesh,Burhanpur,15,3
Madhya Pradesh,Chhatarpur,220,51
Madhya Pradesh,Chhindwara,140,56
Madhya Pradesh,Damoh,69,51
Madhya Pradesh,Datia,239,9
Madhya Pradesh,Dewas,80,33
Madhya Pradesh,Dhar,319,47
Madhya Pradesh,Dindori,51,38
Madhya Pradesh,Guna,37,27
Madhya Pradesh,Gwalior,284,72
Madhya Pradesh,Harda,16,6
Madhya Pradesh,Hoshangabad,19,7
Madhya Pradesh,Indore,752,298
Madhya Pradesh,Jabalpur,138,37
Madhya Pradesh,Jhabua,231,16
Madhya Pradesh,Katni,67,12
Madhya Pradesh,Khandwa,30,32
Madhya Pradesh,Khargone,72,42
Madhya Pradesh,Mandla,53,29
Madhya Pradesh,Mandsaur,53,25
Madhya Pradesh,Morena,570,139
Madhya Pradesh,Narsinghpur,27,11
Madhya Pradesh,Neemuch,29,11
Madhya Pradesh,Panna,53,6
Madhya Pradesh,Raisen,79,15
Madhya Pradesh,Rajgarh,125,31
Madhya Pradesh,Ratlam,65,79
Madhya Pradesh,Rewa,74,34
Madhya Pradesh,Sagar,140,86
Madhya Pradesh,Satna,217,106
Madhya Pradesh,Sehore,203,53
Madhya Pradesh,Seoni,239,122
Madhya Pradesh,Shahdol,68,16
Madhya Pradesh,Shajapur,26,44
Madhya Pradesh,Sheopur,92,12
Madhya Pradesh,Shivpuri,376,79
Madhya Pradesh,Sidhi,106,24
Madhya Pradesh,Singrauli,35,16
Madhya Pradesh,Tikamgarh,266,18
Madhya Pradesh,Ujjain,129,81
Madhya Pradesh,Umaria,36,6
Madhya Pradesh,Vidisha,27,17
Maharashtra,Ahmadnagar,124,133
Maharashtra,Akola,46,119
Maharashtra,Amravati,48,94
Maharashtra,Aurangabad,226,185
Maharashtra,Beed,56,170
Maharashtra,Bhandara,83,84
Maharashtra,Buldhana,85,182
Maharashtra,Chandrapur,306,178
Maharashtra,Dhule,61,165
Maharashtra,Gadchiroli,344,47
Maharashtra,Gondiya,135,42
Maharashtra,Hingoli,67,149
Maharashtra,Jalgaon,43,173
Maharashtra,Jalna,76,157
Maharashtra,Kolhapur,59,124
Maharashtra,Latur,140,151
Maharashtra,Mumbai,529,140
Maharashtra,Nagpur,88,183
Maharashtra,Nanded,206,240
Maharashtra,Nandurbar,25,103
Maharashtra,Nashik,142,289
Maharashtra,Osmanabad,102,74
Maharashtra,Palghar,72,76
Maharashtra,Parbhani,74,206
Maharashtra,Pune,428,174
Maharashtra,Raigarh,218,50
Maharashtra,Ratnagiri,202,49
Maharashtra,Sangli,286,67
Maharashtra,Satara,237,64
Maharashtra,Sindhudurg,421,85
Maharashtra,Solapur,161,236
Maharashtra,Thane,289,188
Maharashtra,Wardha,31,30
Maharashtra,Washim,357,133
Maharashtra,Yavatmal,50,163
Manipur,Bishnupur,1,0
Manipur,Chandel,3,0
Manipur,Churachandpur,18,0
Manipur,Imphal East,68,10
Manipur,Imphal West,290,51
Manipur,Senapati,3,0
Manipur,Tamenglong,4,0
Manipur,Thoubal,3,0
Manipur,Ukhrul,2,0
Meghalaya,East Khasi Hills,9,3
Meghalaya,Ri Bhoi,1,0
Meghalaya,West Garo Hills,1,0
Mizoram,Aizawl,2665,97
Mizoram,Champhai,56,20
Mizoram,Kolasib,35,3
Mizoram,Lunglei,46,5
Mizoram,Mammit,126,5
Mizoram,Saiha,24,0
Nagaland,Dimapur,3,1
Nagaland,Kohima,23,0
Nagaland,Longleng,537,1
Nagaland,Mokokchung,2,0
Nagaland,Peren,270,4
Nagaland,Zunheboto,1,0
Odisha,Angul,31,169
Odisha,Balangir,44,15
Odisha,Baleswar,20,42
Odisha,Bargarh,3,32
Odisha,Bhadrak,9,89
Odisha,Boudh,4,1
Odisha,Cuttack,27,70
Odisha,Debagarh,7,0
Odisha,Dhenkanal,72,298
Odisha,Gajapati,10,3
Odisha,Ganjam,360,203
Odisha,Jagatsinghapur,15,586
Odisha,Jajapur,32,391
Odisha,Jharsuguda,20,23
Odisha,Kalahandi,640,20
Odisha,Kandhamal,0,21
Odisha,Kendrapara,239,2796
Odisha,Kendujhar,6,22
Odisha,Khorda,17,288
Odisha,Koraput,28,374
Odisha,Malkangiri,45,77
Odisha,Mayurbhanj,25,290
Odisha,Nabarangapur,1578,295
Odisha,Nayagarh,398,13
Odisha,Nuapada,52,1
Odisha,Puri,13,25
Odisha,Rayagada,7,60
Odisha,Sambalpur,8,25
Odisha,Sonapur,1,2
Odisha,Sundergarh,18,40
Others,Others,43,145
Puducherry,Karaikal,148,10
Puducherry,Puducherry,114,16
Punjab,Amritsar,364,213
Punjab,Barnala,131,60
Punjab,Bathinda,245,75
Punjab,Faridkot,110,31
Punjab,Fatehgarh Sahib,67,23
Punjab,Fazilka,695,90
Punjab,Ferozepur,374,85
Punjab,Gurdaspur,166,54
Punjab,Hoshiarpur,549,68
Punjab,Jalandhar,477,123
Punjab,Kapurthala,77,14
Punjab,Ludhiana,1373,242
Punjab,Mansa,131,17
Punjab,Moga,125,39
Punjab,Pathankot,122,24
Punjab,Patiala,327,78
Punjab,Rupnagar,204,13
Punjab,SAS Nagar (Mohali),431,80
Punjab,Sangrur,167,36
Punjab,Shaheed Bhagat Singh Nagar,133,18
Punjab,Sri Muktsar Sahib,437,111
Punjab,Tarn Taran,189,70
Rajasthan,Ajmer,1617,545
Rajasthan,Alwar,1339,310
Rajasthan,Banswara,987,138
Rajasthan,Baran,1202,271
Rajasthan,Barmer,1529,286
Rajasthan,Bharatpur,1656,300
Rajasthan,Bhilwara,530,447
Rajasthan,Bikaner,804,346
Rajasthan,Bundi,987,185
Rajasthan,Chittorgarh,1057,482
Rajasthan,Churu,1172,350
Rajasthan,Dausa,1403,380
Rajasthan,Dholpur,1326,71
Rajasthan,Dungarpur,1075,115
Rajasthan,Ganganagar,942,199
Rajasthan,Hanumangarh,958,193
Rajasthan,Jaipur,1324,703
Rajasthan,Jaisalmer,314,32
Rajasthan,Jalor,607,430
Rajasthan,Jhalawar,858,689
Rajasthan,Jhunjhunun,890,234
Rajasthan,Jodhpur,735,310
Rajasthan,Karauli,837,148
Rajasthan,Kota,248,171
Rajasthan,Nagaur,1309,644
Rajasthan,Pali,1116,279
Rajasthan,Pratapgarh,143,108
Rajasthan,Rajsamand,94,146
Rajasthan,Sawai Madhopur,660,293
Rajasthan,Sikar,1895,418
Rajasthan,Sirohi,110,72
Rajasthan,Tonk,400,304
Rajasthan,Udaipur,668,152
Sikkim,East Sikkim,34,4
Sikkim,North Sikkim,0,5
Sikkim,South Sikkim,6,10
Sikkim,West Sikkim,3,12
Tamil Nadu,Chennai,101,64
Tamil Nadu,Coimbatore,20,6
Tamil Nadu,Cuddalore,148,25
Tamil Nadu,Dharmapuri,4,1
Tamil Nadu,Dindigul,2327,98
Tamil Nadu,Erode,546,3
Tamil Nadu,Kancheepuram,2420,204
Tamil Nadu,Kanniyakumari,526,12
Tamil Nadu,Karur,9,1
Tamil Nadu,Krishnagiri,4,33
Tamil Nadu,Madurai,347,2
Tamil Nadu,Nagapattinam,90,44
Tamil Nadu,Namakkal,10,2
Tamil Nadu,Perambalur,4,0
Tamil Nadu,Pudukkottai,2,4
Tamil Nadu,Ramanathapuram,2,13
Tamil Nadu,Salem,11,8
Tamil Nadu,Sivaganga,3,0
Tamil Nadu,Thanjavur,259,49
Tamil Nadu,The Nilgiris,6,1
Tamil Nadu,Theni,3,0
Tamil Nadu,Thiruvarur,94,24
Tamil Nadu,Thoothukkudi,4517,22
Tamil Nadu,Tiruchirappalli,477,5
Tamil Nadu,Tirunelveli,2265,241
Tamil Nadu,Tiruppur,37,2
Tamil Nadu,Tiruvallur,5784,136
Tamil Nadu,Tiruvannamalai,12,4
Tamil Nadu,Vellore,2752,315
Tamil Nadu,Villupuram,1513,288
Tamil Nadu,Virudhunagar,287,3
Telangana,Adilabad,380,178
Telangana,Hyderabad,1869,646
Telangana,K.v. Rangareddy,1607,783
Telangana,Karimnagar,641,352
Telangana,Khammam,486,256
Telangana,Mahabubnagar,691,565
Telangana,Medak,828,603
Telangana,Nalgonda,922,342
Telangana,Nizamabad,392,440
Telangana,Warangal,1007,488
Tripura,Dhalai,1,0
Tripura,Gomati,5,52
Tripura,Khowai,5,1
Tripura,North Tripura,31,2
Tripura,Sepahijala,14,12
Tripura,South Tripura,55,20
Tripura,Unakoti,4,4
Tripura,West Tripura,45,38
Uttar Pradesh,Agra,7639,1381
Uttar Pradesh,Aligarh,5523,788
Uttar Pradesh,Allahabad,9938,867
Uttar Pradesh,Ambedkar Nagar,4071,312
Uttar Pradesh,Amethi,469,60
Uttar Pradesh,Amroha,2100,296
Uttar Pradesh,Auraiya,2648,244
Uttar Pradesh,Azamgarh,4820,929
Uttar Pradesh,Baghpat,3792,400
Uttar Pradesh,Bahraich,658,69
Uttar Pradesh,Ballia,5180,972
Uttar Pradesh,Balrampur,362,77
Uttar Pradesh,Banda,1732,70
Uttar Pradesh,Bara Banki,4178,857
Uttar Pradesh,Bareilly,5429,692
Uttar Pradesh,Basti,3304,726
Uttar Pradesh,Bijnor,3732,1127
Uttar Pradesh,Budaun,1763,166
Uttar Pradesh,Bulandshahr,7622,591
Uttar Pradesh,Chandauli,2462,162
Uttar Pradesh,Chitrakoot,28,4
Uttar Pradesh,Deoria,4182,463
Uttar Pradesh,Etah,4054,549
Uttar Pradesh,Etawah,1098,105
Uttar Pradesh,Faizabad,9141,876
Uttar Pradesh,Farrukhabad,1726,260
Uttar Pradesh,Fatehpur,1437,265
Uttar Pradesh,Firozabad,4788,774
Uttar Pradesh,Gautam Buddha Nagar,2550,228
Uttar Pradesh,Ghaziabad,5661,1867
Uttar Pradesh,Ghazipur,4742,505
Uttar Pradesh,Gonda,3846,550
Uttar Pradesh,Gorakhpur,6107,739
Uttar Pradesh,Hamirpur,273,5
Uttar Pradesh,Hapur,801,111
Uttar Pradesh,Hardoi,3336,281
Uttar Pradesh,Hathras,706,145
Uttar Pradesh,Jalaun,555,110
Uttar Pradesh,Jaunpur,3684,371
Uttar Pradesh,Jhansi,2024,229
Uttar Pradesh,Kannauj,5599,1003
Uttar Pradesh,Kanpur Dehat,1719,295
Uttar Pradesh,Kanpur Nagar,5536,1948
Uttar Pradesh,Kasganj,795,74
Uttar Pradesh,Kaushambi,991,116
Uttar Pradesh,Kheri,3249,217
Uttar Pradesh,Kushinagar,1914,251
Uttar Pradesh,Lalitpur,802,112
Uttar Pradesh,Lucknow,8931,1670
Uttar Pradesh,Maharajganj,991,102
Uttar Pradesh,Mahoba,13,2
Uttar Pradesh,Mainpuri,1808,451
Uttar Pradesh,Mathura,926,247
Uttar Pradesh,Mau,2253,327
Uttar Pradesh,Meerut,2722,944
Uttar Pradesh,Mirzapur,3706,456
Uttar Pradesh,Moradabad,7610,881
Uttar Pradesh,Muzaffarnagar,8016,1106
Uttar Pradesh,Pilibhit,2813,206
Uttar Pradesh,Pratapgarh,2410,349
Uttar Pradesh,Rae Bareli,668,88
Uttar Pradesh,Rampur,5846,473
Uttar Pradesh,Saharanpur,5722,882
Uttar Pradesh,Sambhal,2929,551
Uttar Pradesh,Sant Kabir Nagar,156,22
Uttar Pradesh,Sant Ravidas Nagar,1416,129
Uttar Pradesh,Shahjahanpur,3245,211
Uttar Pradesh,Shamli,3071,167
Uttar Pradesh,Shrawasti,377,22
Uttar Pradesh,Siddharthnagar,7717,426
Uttar Pradesh,Sitapur,4321,515
Uttar Pradesh,Sonbhadra,1269,184
Uttar Pradesh,Sultanpur,4980,535
Uttar Pradesh,Unnao,5042,393
Uttar Pradesh,Varanasi,5234,703
Uttarakhand,Almora,228,20
Uttarakhand,Bageshwar,21,0
Uttarakhand,Chamoli,30,4
Uttarakhand,Champawat,22,3
Uttarakhand,Dehradun,2479,533
Uttarakhand,Haridwar,1954,208
Uttarakhand,Nainital,3664,449
Uttarakhand,Pauri Garhwal,185,32
Uttarakhand,Pithoragarh,70,12
Uttarakhand,Rudraprayag,17,3
Uttarakhand,Tehri Garhwal,78,7
Uttarakhand,Udham Singh Nagar,4366,597
Uttarakhand,Uttarkashi,7,8
West Bengal,Bankura,1716,592
West Bengal,Barddhaman,313,158
West Bengal,Birbhum,161,33
West Bengal,Cooch Behar,60,2
West Bengal,Dakshin Dinajpur,787,10
West Bengal,Darjeeling,647,11
West Bengal,Hooghly,169,15
West Bengal,Howrah,13,4
West Bengal,Jalpaiguri,320,102
West Bengal,Kolkata,119,14
West Bengal,Malda,660,11
West Bengal,Murshidabad,2331,309
West Bengal,Nadia,934,13
West Bengal,North 24 Parganas,3341,384
West Bengal,Paschim Medinipur,10705,206
West Bengal,Purba Medinipur,35,8
West Bengal,Puruliya,4591,251
West Bengal,South 24 Parganas,6895,145
West Bengal,Uttar Dinajpur,1133,34
