State,District,Aadhaar generated,Enrolment Rejected
Andhra Pradesh,K.v. Rangareddy,2,0
Andhra Pradesh,Karimnagar,1,0
Andhra Pradesh,Khammam,2,0
Andhra Pradesh,Kurnool,1,0
Andhra Pradesh,Medak,1,0
Andhra Pradesh,Nalgonda,1,0
Andhra Pradesh,Nellore,3,0
Andhra Pradesh,Prakasam,1,0
Andhra Pradesh,Visakhapatnam,2,0
Andhra Pradesh,Vizianagaram,2,0
Andhra Pradesh,Warangal,1,0
Bihar,Banka,2,0
Bihar,Buxar,1,0
Bihar,Darbhanga,1,0
Bihar,East Champaran,1,0
Bihar,Gaya,2,0
Bihar,Gopalganj,17,0
Bihar,Jamui,1,0
Bihar,Khagaria,1,0
Bihar,Kishanganj,1,0
Bihar,Munger,1,0
Bihar,Muzaffarpur,3,0
Bihar,Nalanda,2,0
Bihar,Patna,8,0
Bihar,Rohtas,2,0
Bihar,Samastipur,1,0
Bihar,Saran,10,0
Bihar,Sitamarhi,2,0
Bihar,Siwan,5,0
Bihar,Supaul,3,0
Chandigarh,Chandigarh,1,0
Chhattisgarh,Balod,4,0
Chhattisgarh,Baloda Bazar,2,0
Chhattisgarh,Bastar,6,0
Chhattisgarh,Bemetara,3,0
Chhattisgarh,Bilaspur,4,0
Chhattisgarh,Durg,6,0
Chhattisgarh,Kondagaon,1,0
Chhattisgarh,Mahasamund,9,0
Chhattisgarh,Mungeli,1,0
Chhattisgarh,Narayanpur,1,0
Chhattisgarh,Raigarh,7,0
Chhattisgarh,Rajnandgaon,2,0
Chhattisgarh,Surguja,2,0
Chhattisgarh,Uttar Bastar Kanker,1,0
Delhi,Central Delhi,1,0
Delhi,East Delhi,2,0
Delhi,North Delhi,2,0
Delhi,North East Delhi,1,0
Delhi,North West Delhi,6,0
Delhi,South Delhi,1,0
Delhi,West Delhi,1,0
Goa,North Goa,1,0
Gujarat,Ahmedabad,1,0
Gujarat,Banaskantha,1,0
Gujarat,Bharuch,3,0
Gujarat,Gandhinagar,3,0
Gujarat,Jamnagar,2,0
Gujarat,Junagadh,2,0
Gujarat,Kachchh,11,0
Gujarat,Kheda,1,0
Gujarat,Navsari,1,0
Gujarat,Patan,1,0
Gujarat,Sabarkantha,7,0
Gujarat,Surat,2,0
Gujarat,The Dangs,2,0
Gujarat,Vadodara,3,0
Gujarat,Valsad,2,0
Haryana,Ambala,4,0
Haryana,Bhiwani,4,0
Haryana,Fatehabad,7,0
Haryana,Gurgaon,4,0
Haryana,Hisar,5,0
Haryana,Jhajjar,2,0
Haryana,Jind,12,0
Haryana,Kaithal,15,0
Haryana,Karnal,7,0
Haryana,Kurukshetra,1,0
Haryana,Panipat,14,0
Haryana,Rewari,1,0
Haryana,Sirsa,3,0
Haryana,Sonipat,2,0
Haryana,Yamuna Nagar,2,0
Himachal Pradesh,Shimla,1,0
Jammu and Kashmir,Baramula,14,0
Jammu and Kashmir,Ganderbal,84,0
Jammu and Kashmir,Kishtwar,4,0
Jammu and Kashmir,Kulgam,34,0
Jammu and Kashmir,Pulwama,2,0
Jammu and Kashmir,Ramban,1206,0
Jammu and Kashmir,Reasi,50,0
Jammu and Kashmir,Samba,115,0
Jammu and Kashmir,Shupiyan,37,0
Jammu and Kashmir,Srinagar,31,0
Jammu and Kashmir,Udhampur,1,0
Jharkhand,Dhanbad,1,0
Jharkhand,East Singhbhum,2,0
Jharkhand,Garhwa,2,0
Jharkhand,Giridih,7,0
Jharkhand,Lohardaga,1,0
Jharkhand,Ranchi,1,0
Jharkhand,Seraikela-Kharsawan,2,0
Karnataka,Bangalore,3,0
Karnataka,Bellary,1,0
Karnataka,Bijapur,1,0
Karnataka,Chikkaballapur,2,0
Karnataka,Chitradurga,3,0
Karnataka,Kolar,1,0
Karnataka,Mandya,2,0
Karnataka,Raichur,1,0
Karnataka,Shimoga,1,0
Karnataka,Uttara Kannada,1,0
Kerala,Alappuzha,1,0
Kerala,Kollam,1,0
Kerala,Kottayam,3,0
Kerala,Kozhikode,5,0
Kerala,Malappuram,1,0
Kerala,Palakkad,1,0
Kerala,Thiruvananthapuram,2,0
Kerala,Thrissur,1,0
Kerala,Wayanad,1,0
Madhya Pradesh,Balaghat,4,0
Madhya Pradesh,Barwani,2,0
Madhya Pradesh,Betul,3,0
Madhya Pradesh,Bhind,2,0
Madhya Pradesh,Damoh,1,0
Madhya Pradesh,Datia,1,0
Madhya Pradesh,Dewas,3,0
Madhya Pradesh,Dhar,1,0
Madhya Pradesh,Indore,3,0
Madhya Pradesh,Jabalpur,4,0
Madhya Pradesh,Khandwa,2,0
Madhya Pradesh,Khargone,2,0
Madhya Pradesh,Mandla,1,0
Madhya Pradesh,Rajgarh,1,0
Madhya Pradesh,Ratlam,2,0
Madhya Pradesh,Sagar,3,0
Madhya Pradesh,Satna,1,0
Madhya Pradesh,Sehore,2,0
Madhya Pradesh,Seoni,1,0
Madhya Pradesh,Shahdol,2,0
Madhya Pradesh,Shivpuri,5,0
Madhya Pradesh,Sidhi,1,0
Madhya Pradesh,Vidisha,4,0
Maharashtra,Akola,1,0
Maharashtra,Buldhana,1,0
Maharashtra,Gondiya,1,0
Maharashtra,Hingoli,1,0
Maharashtra,Jalgaon,1,0
Maharashtra,Jalna,2,0
Maharashtra,Kolhapur,3,0
Maharashtra,Mumbai,1,0
Maharashtra,Nagpur,1,0
Maharashtra,Nandurbar,1,0
Maharashtra,Nashik,4,0
Maharashtra,Palghar,1,0
Maharashtra,Pune,1,0
Maharashtra,Raigarh,1,0
Maharashtra,Ratnagiri,1,0
Maharashtra,Satara,2,0
Maharashtra,Sindhudurg,2,0
Maharashtra,Thane,2,0
Manipur,Imphal East,11,0
Manipur,Imphal West,2,0
Manipur,Senapati,2,0
Manipur,Thoubal,1,0
Odisha,Balangir,3,0
Odisha,Gajapati,1,0
Odisha,Nayagarh,1,0
Odisha,Sonapur,4,0
Others,Others,9173,0
Punjab,Amritsar,5,0
Punjab,Barnala,1,0
Punjab,Bathinda,1,0
Punjab,Fazilka,2,0
Punjab,Ferozepur,7,0
Punjab,Gurdaspur,2,0
Punjab,Hoshiarpur,1,0
Punjab,Jalandhar,10,0
Punjab,Ludhiana,5,0
Punjab,Pathankot,1,0
Punjab,Patiala,9,0
Punjab,Rupnagar,2,0
Punjab,SAS Nagar (Mohali),6,0
Punjab,Sangrur,1,0
Rajasthan,Ajmer,1,0
Rajasthan,Alwar,1,0
Rajasthan,Banswara,1,0
Rajasthan,Bhilwara,1,0
Rajasthan,Bikaner,2,0
Rajasthan,Churu,2,0
Rajasthan,Ganganagar,5,0
Rajasthan,Hanumangarh,1,0
Rajasthan,Jaipur,1,0
Rajasthan,Jaisalmer,1,0
Rajasthan,Jalor,1,0
Rajasthan,Jodhpur,1,0
Rajasthan,Kota,2,0
Rajasthan,Nagaur,2,0
Rajasthan,Sikar,1,0
Rajasthan,Tonk,1,0
Tamil Nadu,Chennai,4,0
Tamil Nadu,Coimbatore,1,0
Tamil Nadu,Erode,1,0
Tamil Nadu,Kanniyakumari,1,0
Tamil Nadu,Salem,1,0
Tamil Nadu,Villupuram,1,0
Uttar Pradesh,Agra,5,0
Uttar Pradesh,Aligarh,13,0
Uttar Pradesh,Allahabad,13,0
Uttar Pradesh,Amethi,2,0
Uttar Pradesh,Amroha,3,0
Uttar Pradesh,Azamgarh,1,0
Uttar Pradesh,Bahraich,4,0
Uttar Pradesh,Ballia,8,0
Uttar Pradesh,Bara Banki,68,0
Uttar Pradesh,Bareilly,10,0
Uttar Pradesh,Bijnor,9,0
Uttar Pradesh,Budaun,1,0
Uttar Pradesh,Bulandshahr,3,0
Uttar Pradesh,Chandauli,2,0
Uttar Pradesh,Chitrakoot,1,0
Uttar Pradesh,Deoria,5,0
Uttar Pradesh,Etah,14,0
Uttar Pradesh,Faizabad,1,0
Uttar Pradesh,Farrukhabad,1,0
Uttar Pradesh,Gautam Buddha Nagar,13,0
Uttar Pradesh,Ghaziabad,75,0
Uttar Pradesh,Ghazipur,5,0
Uttar Pradesh,Gonda,2,0
Uttar Pradesh,Gorakhpur,4,0
Uttar Pradesh,Hapur,910,0
Uttar Pradesh,Hardoi,2,0
Uttar Pradesh,Hathras,3,0
Uttar Pradesh,Jaunpur,3,0
Uttar Pradesh,Kanpur Dehat,6,0
Uttar Pradesh,Kanpur Nagar,9,0
Uttar Pradesh,Kasganj,1,0
Uttar Pradesh,Kheri,27,0
Uttar Pradesh,Kushinagar,1,0
Uttar Pradesh,Lalitpur,2,0
Uttar Pradesh,Lucknow,60,0
Uttar Pradesh,Mainpuri,2,0
Uttar Pradesh,Mathura,4,0
Uttar Pradesh,Mau,3,0
Uttar Pradesh,Meerut,3,0
Uttar Pradesh,Mirzapur,10,0
Uttar Pradesh,Moradabad,23,0
Uttar Pradesh,Muzaffarnagar,5,0
Uttar Pradesh,Pilibhit,1,0
Uttar Pradesh,Pratapgarh,4,0
Uttar Pradesh,Rae Bareli,1,0
Uttar Pradesh,Rampur,3,0
Uttar Pradesh,Saharanpur,7,0
Uttar Pradesh,Sambhal,4,0
Uttar Pradesh,Sant Kabir Nagar,1,0
Uttar Pradesh,Shahjahanpur,1,0
Uttar Pradesh,Shamli,5,0
Uttar Pradesh,Sitapur,1,0
Uttar Pradesh,Sultanpur,1,0
Uttar Pradesh,Unnao,2,0
Uttar Pradesh,Varanasi,7,0
Uttarakhand,Almora,1,0
Uttarakhand,Dehradun,6,0
Uttarakhand,Haridwar,1,0
Uttarakhand,Nainital,3,0
Uttarakhand,Pauri Garhwal,1,0
Uttarakhand,Pithoragarh,2,0
Uttarakhand,Tehri Garhwal,1,0
Uttarakhand,Udham Singh Nagar,17,0
West Bengal,Bankura,1,0
West Bengal,Barddhaman,2,0
West Bengal,Birbhum,1,0
West Bengal,Cooch Behar,4,0
West Bengal,Howrah,3,0
West Bengal,Kolkata,163,0
West Bengal,Murshidabad,1,0
West Bengal,Nadia,1,0
West Bengal,North 24 Parganas,1,0
West Bengal,Paschim Medinipur,1,0
West Bengal,Puruliya,2,0
West Bengal,South 24 Parganas,9,0
West Bengal,Uttar Dinajpur,1,0
