Gender,Age Band,Aadhaar generated,Enrolment Rejected
F,0 to 5 Years,5884,575
F,16 to 30 Years,89223,12768
F,31 to 45 Years,75427,8729
F,46 to 65 Years,60726,6047
F,6 to 15 Years,66197,10673
F,66 Years and Above,18745,1193
M,0 to 5 Years,7018,663
M,16 to 30 Years,102160,15813
M,31 to 45 Years,76469,9634
M,46 to 65 Years,58808,7594
M,6 to 15 Years,72332,11425
M,66 Years and Above,19015,1713
T,0 to 5 Years,1,0
T,16 to 30 Years,22,3
T,31 to 45 Years,7,2
T,46 to 65 Years,8,4
T,6 to 15 Years,11,0
T,66 Years and Above,2,0
