Gender,Age Band,Aadhaar generated,Enrolment Rejected
F,0 to 5 Years,13295,2287
F,16 to 30 Years,190292,22881
F,31 to 45 Years,148134,18180
F,46 to 65 Years,109748,13589
F,6 to 15 Years,127055,19571
F,66 Years and Above,24081,2886
M,0 to 5 Years,14738,2754
M,16 to 30 Years,158048,23788
M,31 to 45 Years,119587,16382
M,46 to 65 Years,90317,15596
M,6 to 15 Years,107934,21133
M,66 Years and Above,19843,3769
T,0 to 5 Years,0,1
T,16 to 30 Years,12,4
T,31 to 45 Years,8,3
T,46 to 65 Years,6,3
T,6 to 15 Years,9,2
T,66 Years and Above,2,2
