Gender,Age Band,Aadhaar generated,Enrolment Rejected
F,0 to 5 Years,2801,81
F,16 to 30 Years,100589,5961
F,31 to 45 Years,88456,4678
F,46 to 65 Years,67631,3202
F,6 to 15 Years,66926,3540
F,66 Years and Above,15158,638
M,0 to 5 Years,3178,96
M,16 to 30 Years,98469,7304
M,31 to 45 Years,82800,5312
M,46 to 65 Years,70436,3980
M,6 to 15 Years,71220,4210
M,66 Years and Above,17999,918
T,0 to 5 Years,3,0
T,16 to 30 Years,41,1
T,31 to 45 Years,21,1
T,46 to 65 Years,31,1
T,6 to 15 Years,27,1
T,66 Years and Above,6,1
