Gender,Age Band,Aadhaar generated,Enrolment Rejected
F,0 to 5 Years,5213,944
F,16 to 30 Years,76553,47405
F,31 to 45 Years,62846,34192
F,46 to 65 Years,47836,24133
F,6 to 15 Years,54352,32209
F,66 Years and Above,14123,5140
M,0 to 5 Years,6015,1003
M,16 to 30 Years,81227,63218
M,31 to 45 Years,65198,38442
M,46 to 65 Years,52306,28913
M,6 to 15 Years,62266,36652
M,66 Years and Above,15900,6697
T,0 to 5 Years,4,0
T,16 to 30 Years,26,11
T,31 to 45 Years,17,12
T,46 to 65 Years,12,9
T,6 to 15 Years,20,6
T,66 Years and Above,4,0
