Gender,Age Band,Aadhaar generated,Enrolment Rejected
F,0 to 5 Years,3483,381
F,16 to 30 Years,56845,5587
F,31 to 45 Years,54749,5321
F,46 to 65 Years,43417,4601
F,6 to 15 Years,34944,3610
F,66 Years and Above,9341,1072
M,0 to 5 Years,5167,322
M,16 to 30 Years,107536,3676
M,31 to 45 Years,92962,3007
M,46 to 65 Years,76768,2553
M,6 to 15 Years,65383,2684
M,66 Years and Above,17271,627
T,0 to 5 Years,1,0
T,16 to 30 Years,14,3
T,31 to 45 Years,17,1
T,46 to 65 Years,14,1
T,6 to 15 Years,17,0
T,66 Years and Above,8,0
