Gender,Age Band,Aadhaar generated,Enrolment Rejected
F,0 to 5 Years,6438,601
F,16 to 30 Years,68020,1409
F,31 to 45 Years,60954,958
F,46 to 65 Years,47470,738
F,6 to 15 Years,42184,1312
F,66 Years and Above,10175,185
M,0 to 5 Years,7825,731
M,16 to 30 Years,87229,1152
M,31 to 45 Years,70202,637
M,46 to 65 Years,57737,480
M,6 to 15 Years,54833,1370
M,66 Years and Above,12892,120
T,0 to 5 Years,1,0
T,16 to 30 Years,9,1
T,31 to 45 Years,4,2
T,46 to 65 Years,15,0
T,6 to 15 Years,6,2
T,66 Years and Above,2,0
