Gender,Age Band,Aadhaar generated,Enrolment Rejected
F,0 to 5 Years,4979,282
F,16 to 30 Years,82708,5901
F,31 to 45 Years,79514,6238
F,46 to 65 Years,64870,6079
F,6 to 15 Years,52415,3332
F,66 Years and Above,15083,1488
M,0 to 5 Years,5876,285
M,16 to 30 Years,106059,2406
M,31 to 45 Years,92711,1819
M,46 to 65 Years,80449,1582
M,6 to 15 Years,66395,1717
M,66 Years and Above,18684,400
T,0 to 5 Years,1,0
T,16 to 30 Years,25,2
T,31 to 45 Years,20,1
T,46 to 65 Years,20,1
T,6 to 15 Years,15,0
T,66 Years and Above,4,0
