Registrar,Enrolment Agency,Aadhaar generated,Enrolment Rejected
Allahabad Bank,Vakrangee Softwares Limited,1,2
Bank Of India,A3 Logics  India  Ltd,85,46
Bank Of India,Akanksha International,4,42
Bank Of India,Blue Circle Instrument,61,17
Bank Of India,CHESSY CONSULTANTS PVT LTD,12,2
Bank Of India,DATASOFT COMPUTER SERVICES(P),1016,13
Bank Of India,Emdee Digitronics Pvt.Ltd.,0,1
Bank Of India,Matrix Processing House,3,0
Bank Of India,OSWAL COMPUTERS & CONSULTANTS,3,14
Bank Of India,PROTEX COMPUTER PVT LTD,1,0
Bank Of India,SARADA SYSTEMS,235,15
Bank Of India,SHRIKRISHNA KHANDASARI SUGAR M,2,1
Bank Of India,SPANCO,1,1
Bank Of India,SREI INFRASTRUCTURE FINANCES L,149,87
Bank Of India,Silver Touch Technologies Ltd,58,153
Bank Of India,Systematic & Advance Const P L,4,1
Bank Of India,VEETECHNOLOGIES PVT. LTD,7,6
Bank Of India,Vakrangee Softwares Limited,1,0
Bank of Baroda,Global Finsol Private Limited,1,1
Bank of Maharashtra,FINANCIAL INFORMATION NETWORK,10,6
Bank of Maharashtra,Micro Technologies India Ltd,41,96
Bank of Maharashtra,Tera Software Ltd,24,74
CSC e-Governance Services India Limited,A I Soc for Electronics and Comp Tech,310,952
CSC e-Governance Services India Limited,AKSH OPTIFIBRE LIMITED,125,173
CSC e-Governance Services India Limited,BASIX,167,234
CSC e-Governance Services India Limited,CALANCE SOFTWARE PRIVATE LTD,2,1
CSC e-Governance Services India Limited,CMS Computers Ltd,327,457
CSC e-Governance Services India Limited,CSC e-Governance Services India Limited,322,67
CSC e-Governance Services India Limited,Intelligent Communication Sys India Ltd,9,36
CSC e-Governance Services India Limited,MANTRA SOFTTECH (INDIA) PVTLTD,648,41
CSC e-Governance Services India Limited,Mahaonline Limited,17,17
CSC e-Governance Services India Limited,Network for Information & Computer,35,166
CSC e-Governance Services India Limited,Reliance Communication Limited,73,95
CSC e-Governance Services India Limited,SPANCO,366,58
CSC e-Governance Services India Limited,Tera Software Ltd,2,4
CSC e-Governance Services India Limited,United Telecoms e-Services Pvt Ltd,126,242
CSC e-Governance Services India Limited,VIKALP MULTIMEDIA,33,104
CSC e-Governance Services India Limited,Vakrangee Softwares Limited,3,1
CSC e-Governance Services India Limited,Vayam technologies Ltd,34,6
CSC e-Governance Services India Limited,Vedavaag Systems Limited,0,2
CSC e-Governance Services India Limited,Zephyr System Pvt.Ltd.,426,117
Canara Bank,Karvy Data Management Services,353,33
Canara Bank,Ojus Healthcare Private Limited,0,4
Canara Bank,Osiris Infotech Pvt. Ltd.,1,0
Canara Bank,Smart Chip Limited,311,25
Central Bank of India,IAP COMPANY Pvt. Ltd,7,0
Central Bank of India,The Peerless General Finance,12,5
DENA BANK,ATISHAY INFOTECH PVT. LTD.,15,17
DENA BANK,AVVAS INFOTECH PVT  LTD,618,96
DENA BANK,Asha Security Guard Services,24,12
DENA BANK,BNR UDYOG LIMITED,1,0
DENA BANK,Binary Systems,12,1
DENA BANK,Bloom Solutions Pvt Ltd,980,1872
DENA BANK,Business Information Processing Services,44,67
DENA BANK,CALANCE SOFTWARE PRIVATE LTD,22,28
DENA BANK,DATASOFT COMPUTER SERVICES(P),141,7
DENA BANK,DEVASHISH SECURITIES PVT. LTD.,9,3
DENA BANK,Eagle Software India Pvt. Ltd,543,51
DENA BANK,FINANCIAL INFORMATION NETWORK,17,0
DENA BANK,Gem Computers,0,4
DENA BANK,Gujarat Infotech Ltd.,9,0
DENA BANK,IAP COMPANY Pvt. Ltd,890,127
DENA BANK,JNET Technologies Pvt.Ltd,97,283
DENA BANK,K W Consulting P Ltd,301,485
DENA BANK,M/S STAR DATA CENTRE,15,0
DENA BANK,M/s Gold Square Builders & Promoters Pvt. Ltd.,123,43
DENA BANK,MEGHA VINCOM PVT LTD,1614,61
DENA BANK,Make India Smart Private Limited,121,8
DENA BANK,Multiwave Innovation,1,6
DENA BANK,NVR & ASSOCIATES LIMITED,1,4
DENA BANK,Narayana Electricals Solution Pvt Ltd,34,122
DENA BANK,Netlink software Pvt Ltd,173,52
DENA BANK,Offshoot Agency Pvt. Ltd.,1,8
DENA BANK,Ortem Securities Limited,3,19
DENA BANK,Prodigy Systems and Services Private Limited,19,489
DENA BANK,Radiant Haroti Industries India Ltd,510,31
DENA BANK,SGS INDIA PVT LTD,0,4
DENA BANK,Soc for Advancement of Environ Science,9,27
DENA BANK,Super Printers,1086,45
DENA BANK,Systematic & Advance Const P L,8,3
DENA BANK,TechSmart India Pvt Ltd,76,16
DENA BANK,Tera Software Ltd,58,27
DENA BANK,Transline Technologies P Ltd,63,39
DENA BANK,VAP INFOSOLUTIONS,390,25
DENA BANK,VISION COMPTECH INTEGRATOR LTD,1024,40
DENA BANK,Vedavaag Systems Limited,996,334
DENA BANK,WEBEL,81,7
DENA BANK,Zephyr System Pvt.Ltd.,227,41
Delhi - East DC,DATASOFT COMPUTER SERVICES(P),3,1
Delhi - NE DC,Alankit Assignments Limited,0,1
Delhi - North DC,CALANCE SOFTWARE PRIVATE LTD,4,15
Delhi - North DC,NVR & ASSOCIATES LIMITED,3,100
Delhi- West DC,VIRGO SOFTECH LIMITED,0,1
Department of Information Technology Govt of Jharkhand,MKS Enterprises,0,1
Dept of ITC Govt of Rajasthan,AVVAS INFOTECH PVT  LTD,484,24
Dept of ITC Govt of Rajasthan,Alankit Finsec Ltd,9,57
Dept of ITC Govt of Rajasthan,DATASOFT COMPUTER SERVICES(P),51,4
Dept of ITC Govt of Rajasthan,Gem Computers,53,48
Dept of ITC Govt of Rajasthan,MANTRA SOFTTECH (INDIA) PVTLTD,1,0
Dept of ITC Govt of Rajasthan,Netlink software Pvt Ltd,11,135
Dept of ITC Govt of Rajasthan,TechSmart India Pvt Ltd,1,18
Dept of ITC Govt of Rajasthan,Transline Technologies P Ltd,80,369
Dept of ITC Govt of Rajasthan,VIRGO SOFTECH LIMITED,72,22
Dept of ITC Govt of Rajasthan,Vakrangee Softwares Limited,7,6
Dept of ITC Govt of Rajasthan,Vayam technologies Ltd,82,111
FCR Govt of Haryana,4G INFORMATICS,8,34
FCR Govt of Haryana,Radiant Info Systems Ltd,52,14
FCR Govt of Haryana,SoftAge Information Technology Limited,24,26
FCR Govt of Haryana,Vakrangee Softwares Limited,1,0
FCR Govt of Haryana,Vayam technologies Ltd,41,79
FCS Govt of Punjab,Alankit Assignments Limited,0,7
FCS Govt of Punjab,District Sukhmani Society  Jalandhar  Punjab,2,1
FCS Govt of Punjab,District Sukhmani Society  Ludhiana  Punjab,8,3
FCS Govt of Punjab,District Sukhmani Society  Moga  Punjab,4,3
FCS Govt of Punjab,District Sukhmani Society Amritsar Punjab,16,4
FCS Govt of Punjab,District Sukhmani Society Barnala Punjab,7,1
FCS Govt of Punjab,District Sukhmani Society Bathinda Punjab,3,2
FCS Govt of Punjab,District Sukhmani Society Fatehgarh Sahib Punjab,6,5
FCS Govt of Punjab,District Sukhmani Society Fazilka Punjab,0,1
FCS Govt of Punjab,District Sukhmani Society Ferozepur Punjab,1,4
FCS Govt of Punjab,District Sukhmani Society For Citizen Services Mansa Punjab,4,4
FCS Govt of Punjab,District Sukhmani Society For Citizen Services Nawanshahr Punjab,7,2
FCS Govt of Punjab,District Sukhmani Society Pathankot Punjab,4,1
FCS Govt of Punjab,District Sukhmani Society Patiala Punjab,6,1
FCS Govt of Punjab,District Sukhmani Society Rupnagar Punjab,11,1
FCS Govt of Punjab,District Sukhmani Society Sangrur Punjab,12,3
FCS Govt of Punjab,District Sukhmani Society Sri Muktsar Sahib Punjab,1,0
FCS Govt of Punjab,Karvy Computershare Private Li,1,0
FCS Govt of Punjab,Sukhmani Society For Citizens Services Faridkot Punjab,2,9
FCS Govt of Punjab,Suwidha Society Hoshiarpur Punjab,2,0
FCS Govt of Punjab,Vayam technologies Ltd,162,491
FCS Govt of Punjab,eCentric solutions pvt ltd,75,13
Govt of Andhra Pradesh,GrapeSoft,10,19
Govt of Andhra Pradesh,TechSmart India Pvt Ltd,0,1
Govt of Goa,MARS Telecom Systems Pvt Ltd,2,1
Govt of Gujarat,GSS Infotech Ltd,1,0
Govt of Gujarat,Karvy Computershare Private Li,4,3
Govt of Gujarat,Silver Touch Technologies Ltd,65,511
Govt of Gujarat,Tera Software Ltd,22,4
Govt of Gujarat,Transline Technologies P Ltd,9,80
Govt of Gujarat,Vayam technologies Ltd,56,167
Govt of Gujarat,eCentric solutions pvt ltd,11,1
Govt of Himachal Pradesh,i-Grandee SoftwareTechnologies,1,0
Govt of Karnataka ,BNR UDYOG LIMITED,0,1
Govt of Karnataka ,Bloom Solutions Pvt Ltd,63,101
Govt of Karnataka ,MARS Telecom Systems Pvt Ltd,4,0
Govt of Karnataka ,Ninestars Information Technologies Ltd,193,880
Govt of Karnataka ,Om Softwares,1,9
Govt of Karnataka ,Origin ITFS Pvt Ltd,27,1206
Govt of Karnataka ,Radiant Info Systems Ltd,0,10
Govt of Karnataka ,SREEVEN INFOCOM LIMITED,5,3
Govt of Kerala,Akshaya,225,326
Govt of Kerala,Keltron,0,44
Govt of Madhya Pradesh,VIRGO SOFTECH LIMITED,1,0
Govt of Maharashtra,Adcc Infocad Pvt.Ltd Nagpur,0,4
Govt of Maharashtra,Alankit Finsec Ltd,6,47
Govt of Maharashtra,Bharat Technical Solutions Private Limited,32,11
Govt of Maharashtra,Global Finsol Private Limited,2,0
Govt of Maharashtra,Karvy Computershare Private Li,11,6
Govt of Maharashtra,M/S King Computer System pvt Ltd,1,12
Govt of Maharashtra,M/s. Vidya Online  Pune,1,3
Govt of Maharashtra,Narayana Electricals Solution Pvt Ltd,50,54
Govt of Maharashtra,Netlink software Pvt Ltd,61,400
Govt of Maharashtra,Network for Information & Computer,1,13
Govt of Maharashtra,Obel projects Pvt Ltd,0,1
Govt of Maharashtra,Rudranee Infotech Ltd,2,5
Govt of Maharashtra,SETU MAHARASHTRA,1,0
Govt of Maharashtra,SHREERAM PRINTING PRESS,2,90
Govt of Maharashtra,SPANCO,49,12
Govt of Maharashtra,Silver Touch Technologies Ltd,16,155
Govt of Maharashtra,TechSmart India Pvt Ltd,0,1
Govt of Maharashtra,Transline Technologies P Ltd,47,91
Govt of Maharashtra,Vidarbha Infotech Pvt Ltd,0,3
Govt of Maharashtra,Wipro Ltd,2,6
Govt of Sikkim - Dept of Econo,Department of Economics Statistics  Monitoring and Evaluation DESME,1,0
IDBI Bank ltd,ATISHAY INFOTECH PVT. LTD.,0,1
IDBI Bank ltd,SREEVEN INFOCOM LIMITED,2,1
IDBI Bank ltd,UTI TECHNOLOGY SERVICES LIMITE,7,0
Indiapost,Delhi Integrated MMTS Ltd,0,1
Indiapost,Global Finsol Private Limited,1,0
Indiapost,M/S STAR DATA CENTRE,1,8
Indiapost,MARS Telecom Systems Pvt Ltd,6,1
Indiapost,Vayam technologies Ltd,5,47
Information Technology & Communication Department,4G INFORMATICS,48,626
Information Technology & Communication Department,BNR UDYOG LIMITED,12,1825
Information Technology & Communication Department,Bloom Solutions Pvt Ltd,117,673
Information Technology & Communication Department,Directorate of ESD,236,571
Information Technology & Communication Department,GDC Advertising Pvt. Limited,0,35
Information Technology & Communication Department,JYOTHI COMPUTER SERVICES,64,1777
Information Technology & Communication Department,Karvy Data Management Services,74,104
Information Technology & Communication Department,MARS Telecom Systems Pvt Ltd,166,1
Information Technology & Communication Department,SREEVEN INFOCOM LIMITED,1,0
Information Technology & Communication Department,Tera Software Ltd,1,1
Jharkhand,MKS Enterprises,2,0
Jharkhand,VISION COMPTECH INTEGRATOR LTD,3,1
Jharkhand,Wipro Ltd,34,40
Mission Convergence - GNCT Del,NVR & ASSOCIATES LIMITED,0,23
NSDL e-Governance Infrastructure Limited,Abhipra Capital Ltd,35,134
NSDL e-Governance Infrastructure Limited,Alankit Assignments Limited,105,44
NSDL e-Governance Infrastructure Limited,Alankit Finsec Ltd,114,48
NSDL e-Governance Infrastructure Limited,Gujarat Infotech Ltd.,369,12
NSDL e-Governance Infrastructure Limited,INTEGRATED REGISTRY SERVICES LTD,1,1
NSDL e-Governance Infrastructure Limited,Karvy Consultants Limited,0,1
NSDL e-Governance Infrastructure Limited,Karvy Data Management Services,3312,2153
NSDL e-Governance Infrastructure Limited,N.K. Sharma Enterprises Ltd.,25,7
NSDL e-Governance Infrastructure Limited,Netlink software Pvt Ltd,211,610
NSDL e-Governance Infrastructure Limited,Offshoot Agency Pvt. Ltd.,73,3
NSDL e-Governance Infrastructure Limited,PROWIZ MANSYTEMS PVT LTD,195,294
NSDL e-Governance Infrastructure Limited,Promind Solutions P Limited,2456,255
NSDL e-Governance Infrastructure Limited,RELIGARE SECURITIES LTD,4,1
NSDL e-Governance Infrastructure Limited,Radiant Haroti Industries India Ltd,2,4
NSDL e-Governance Infrastructure Limited,Sri Ramraja Sarkar Lok Kalyan Trust,300,35
NSDL e-Governance Infrastructure Limited,Utility Forms Pvt Ltd,91,9
NSDL e-Governance Infrastructure Limited,VIRGO SOFTECH LIMITED,0,1
Oriental Bank of Commerce,DATASOFT COMPUTER SERVICES(P),364,17
Oriental Bank of Commerce,Euro Finmart Ltd,7,10
Oriental Bank of Commerce,JNET Technologies Pvt.Ltd,151,465
Oriental Bank of Commerce,Redim Software Technologies Pvt Ltd,0,25
Oriental Bank of Commerce,Sri Ramraja Sarkar Lok Kalyan Trust,437,1649
Oriental Bank of Commerce,Wipro Ltd,4,2
Principal Revenue Commissioner  Dept of Revenue  Govt of MP,Frontech Systems Pvt Ltd,12,3
Principal Revenue Commissioner  Dept of Revenue  Govt of MP,GDC Advertising Pvt. Limited,242,22
Principal Revenue Commissioner  Dept of Revenue  Govt of MP,K W Consulting P Ltd,291,549
Principal Revenue Commissioner  Dept of Revenue  Govt of MP,LYRA  CONSULTANCY SERVICE,95,4
Principal Revenue Commissioner  Dept of Revenue  Govt of MP,Netlink software Pvt Ltd,11,84
Principal Revenue Commissioner  Dept of Revenue  Govt of MP,OSWAL COMPUTERS & CONSULTANTS,21,12
Principal Revenue Commissioner  Dept of Revenue  Govt of MP,Tera Software Ltd,92,48
Principal Revenue Commissioner  Dept of Revenue  Govt of MP,Vedavaag Systems Limited,665,307
Punjab and Sind Bank,Matrix Processing House,9,4
Registrar General India BEL2,Alankit Assignments Limited,0,4
Registrar General India BEL2,Bharat Electronics Limited,4,0
Registrar General India BEL2,Computer LAB,0,6
Registrar General India BEL2,Emdee Digitronics Pvt.Ltd.,49,148
Registrar General India BEL2,In Media Computer Services LLP,1,0
Registrar General India BEL2,India Computer Technology,0,16
Registrar General India BEL2,Karvy Data Management Services,4,1
Registrar General India BEL2,MACRO INFOTECH PVT LTD,0,1
Registrar General India BEL2,Madras Security Printers Ltd,28,9
Registrar General India BEL2,Manipur Electronics Dev Corp,5,1
Registrar General India BEL2,Multiwave Innovation,372,351
Registrar General India BEL2,NVR & ASSOCIATES LIMITED,11,14
Registrar General India BEL2,Netlink software Pvt Ltd,0,1
Registrar General India BEL2,Nevaeh Technology Pvt. Ltd.,428,116
Registrar General India BEL2,Nielsen  India  Private Limited,1,4
Registrar General India BEL2,Om Softwares,2,7
Registrar General India BEL2,Satyanarayana Raju Company Pvt ltd,1,1
Registrar General India BEL2,Swathy Smartcards Hi-Tech Pvt,8783,42
Registrar General India BEL2,Swiss Tech India Pvt Ltd,1,0
Registrar General India BEL2,Tera Software Ltd,72,32
Registrar General India BEL2,VIRGO SOFTECH LIMITED,321,87
Registrar General India BEL2,Vedavaag Systems Limited,0,2
Registrar General India BEL2,Viesa Technologies,3,29
Registrar General India ECIL,AVVAS INFOTECH PVT  LTD,47,31
Registrar General India ECIL,BUSINESS INFORMATION PROCESSING SERVICES,28,2
Registrar General India ECIL,COMTECH INSTITUTE OFTECHNOLOGY,0,2
Registrar General India ECIL,COMTECHINFO SOLUTIONS PVT.LTD,287,7
Registrar General India ECIL,Computer LAB,751,39
Registrar General India ECIL,Eagle Software India Pvt. Ltd,13032,1206
Registrar General India ECIL,In Media Computer Services LLP,21,36
Registrar General India ECIL,India Computer Technology,0,2
Registrar General India ECIL,Integrated Systems & Services,17,0
Registrar General India ECIL,Karvy Data Management Services,499,39
Registrar General India ECIL,Krishna Infotech,0,1
Registrar General India ECIL,LYRA  CONSULTANCY SERVICE,34,0
Registrar General India ECIL,Madras Security Printers Ltd,3135,2448
Registrar General India ECIL,Mphasis Ltd,11,58
Registrar General India ECIL,Netwing Technologies Pvt Ltd,1,0
Registrar General India ECIL,Nielsen  India  Private Limited,1,0
Registrar General India ECIL,Vedavaag Systems Limited,4,8
Registrar General India Others,COMTECH INSTITUTE OFTECHNOLOGY,0,3
Registrar General India Others,Swathy Smartcards Hi-Tech Pvt,0,1
Registrar General of India ITI,Eagle Software India Pvt. Ltd,95,9
Registrar General of India ITI,Emdee Digitronics Pvt.Ltd.,11,18
Registrar General of India ITI,In Media Computer Services LLP,54,10
Registrar General of India ITI,Karvy Data Management Services,244,4
Registrar General of India ITI,MACRO INFOTECH PVT LTD,20,0
Registrar General of India ITI,Madras Security Printers Ltd,54,8
Registrar General of India ITI,Mphasis Ltd,8,9
Registrar General of India ITI,Nielsen  India  Private Limited,1,1
Registrar General of India ITI,SREI INFRASTRUCTURE FINANCES L,3,6
Registrar General of India ITI,STRATEGIC OUTSOURCING SERVICE,1,0
Registrar General of India ITI,VIRGO SOFTECH LIMITED,45,16
Registrar General of India ITI,Vedavaag Systems Limited,0,8
Registrar General of India ITI,WEBEL TECHNOLOGY LIMITED,170,261
State Bank of India,Smart Chip Limited,1,0
UIDAI-Registrar,UIDAI-EA,1,0
UT Of Daman and Diu,Alankit Assignments Limited,0,4
Union Bank,FINANCIAL INFORMATION NETWORK,62,280
Union Bank,Smart Chip Limited,250,40
Union Bank,Vakrangee Softwares Limited,57,37
