Registrar,Enrolment Agency,Aadhaar generated,Enrolment Rejected
Allahabad Bank,Vakrangee Softwares Limited,0,162
Bank Of India,A3 Logics  India  Ltd,324,148
Bank Of India,Akanksha International,40,6
Bank Of India,Blue Circle Instrument,2374,95
Bank Of India,CHESSY CONSULTANTS PVT LTD,8,20
Bank Of India,DATASOFT COMPUTER SERVICES(P),1057,66
Bank Of India,Emdee Digitronics Pvt.Ltd.,2281,102
Bank Of India,Frontech Systems Pvt Ltd,878,157
Bank Of India,ITI LIMITED,0,5
Bank Of India,MANTRA SOFTTECH (INDIA) PVTLTD,3,9
Bank Of India,Matrix Processing House,17,235
Bank Of India,OSWAL COMPUTERS & CONSULTANTS,69,238
Bank Of India,PROTEX COMPUTER PVT LTD,455,43
Bank Of India,SARADA SYSTEMS,2033,67
Bank Of India,SHRIKRISHNA KHANDASARI SUGAR M,61,255
Bank Of India,SPANCO,34,60
Bank Of India,SREI INFRASTRUCTURE FINANCES L,6303,476
Bank Of India,Silver Touch Technologies Ltd,8,19
Bank Of India,Systematic & Advance Const P L,655,25
Bank Of India,VEETECHNOLOGIES PVT. LTD,1092,73
Bank Of India,Vakrangee Softwares Limited,3,60
Bank of Baroda,Global Finsol Private Limited,2,85
Bank of Maharashtra,Alankit Finsec Ltd,0,4
Bank of Maharashtra,FINANCIAL INFORMATION NETWORK,6,31
Bank of Maharashtra,Micro Technologies India Ltd,67,43
Bank of Maharashtra,Tera Software Ltd,469,141
CSC e-Governance Services India Limited,A I Soc for Electronics and Comp Tech,1829,307
CSC e-Governance Services India Limited,AKSH OPTIFIBRE LIMITED,786,114
CSC e-Governance Services India Limited,BASIX,1195,259
CSC e-Governance Services India Limited,CALANCE SOFTWARE PRIVATE LTD,14,18
CSC e-Governance Services India Limited,CMS Computers Ltd,1658,388
CSC e-Governance Services India Limited,CSC e-Governance Services India Limited,1301,584
CSC e-Governance Services India Limited,Intelligent Communication Sys India Ltd,42,30
CSC e-Governance Services India Limited,MANTRA SOFTTECH (INDIA) PVTLTD,2507,95
CSC e-Governance Services India Limited,Mahaonline Limited,290,21
CSC e-Governance Services India Limited,Network for Information & Computer,324,67
CSC e-Governance Services India Limited,Reliance Communication Limited,67,13
CSC e-Governance Services India Limited,SPANCO,1255,179
CSC e-Governance Services India Limited,Sahaj e-Village Limited,5,0
CSC e-Governance Services India Limited,Tera Software Ltd,94,28
CSC e-Governance Services India Limited,United Telecoms e-Services Pvt Ltd,485,304
CSC e-Governance Services India Limited,VIKALP MULTIMEDIA,117,45
CSC e-Governance Services India Limited,Vakrangee Softwares Limited,102,23
CSC e-Governance Services India Limited,Vayam technologies Ltd,472,10
CSC e-Governance Services India Limited,Vedavaag Systems Limited,1227,31
CSC e-Governance Services India Limited,Zephyr System Pvt.Ltd.,2737,164
Canara Bank,FINANCIAL INFORMATION NETWORK,558,6
Canara Bank,Karvy Data Management Services,3281,158
Canara Bank,Ojus Healthcare Private Limited,85,6
Canara Bank,Osiris Infotech Pvt. Ltd.,689,53
Canara Bank,Smart Chip Limited,2314,180
Central Bank of India,CALANCE SOFTWARE PRIVATE LTD,0,27
Central Bank of India,IAP COMPANY Pvt. Ltd,12,278
Central Bank of India,MANTRA SOFTTECH (INDIA) PVTLTD,0,1
Central Bank of India,The Peerless General Finance,111,40
DENA BANK,ATISHAY INFOTECH PVT. LTD.,878,186
DENA BANK,AVVAS INFOTECH PVT  LTD,4248,523
DENA BANK,Asha Security Guard Services,538,33
DENA BANK,BNR UDYOG LIMITED,478,24
DENA BANK,Binary Systems,1077,36
DENA BANK,Bloom Solutions Pvt Ltd,5863,269
DENA BANK,Business Information Processing Services,1412,82
DENA BANK,C-SAASTRA SOLUTIONS PVT LTD,1,0
DENA BANK,CALANCE SOFTWARE PRIVATE LTD,2594,162
DENA BANK,DATASOFT COMPUTER SERVICES(P),2143,79
DENA BANK,DEVASHISH SECURITIES PVT. LTD.,0,4
DENA BANK,Eagle Software India Pvt. Ltd,2183,163
DENA BANK,FINANCIAL INFORMATION NETWORK,1242,145
DENA BANK,Gem Computers,2493,41
DENA BANK,Gujarat Infotech Ltd.,323,17
DENA BANK,IAP COMPANY Pvt. Ltd,17131,740
DENA BANK,India Computer Technology,157,50
DENA BANK,JNET Technologies Pvt.Ltd,251,39
DENA BANK,K W Consulting P Ltd,1911,305
DENA BANK,M/S STAR DATA CENTRE,1068,25
DENA BANK,M/s Gold Square Builders & Promoters Pvt. Ltd.,1338,112
DENA BANK,MARS Telecom Systems Pvt Ltd,3165,183
DENA BANK,MEGHA VINCOM PVT LTD,14122,300
DENA BANK,MKS Enterprises,6620,154
DENA BANK,Make India Smart Private Limited,1515,91
DENA BANK,Multiwave Innovation,8964,190
DENA BANK,NVR & ASSOCIATES LIMITED,92,19
DENA BANK,Narayana Electricals Solution Pvt Ltd,14,6
DENA BANK,Netlink software Pvt Ltd,2809,197
DENA BANK,Nielsen  India  Private Limited,4301,139
DENA BANK,Offshoot Agency Pvt. Ltd.,1412,99
DENA BANK,Ortem Securities Limited,3,0
DENA BANK,Prodigy Systems and Services Private Limited,2,9
DENA BANK,Radiant Haroti Industries India Ltd,4235,95
DENA BANK,SGS INDIA PVT LTD,995,9
DENA BANK,Silver Touch Technologies Ltd,693,9
DENA BANK,Soc for Advancement of Environ Science,130,33
DENA BANK,Super Printers,444,52
DENA BANK,Systematic & Advance Const P L,409,50
DENA BANK,TechSmart India Pvt Ltd,673,825
DENA BANK,Tera Software Ltd,1966,152
DENA BANK,The NSIC ltd,19,1
DENA BANK,Transline Technologies P Ltd,1482,53
DENA BANK,Utility Forms Pvt Ltd,99,21
DENA BANK,VAP INFOSOLUTIONS,1040,104
DENA BANK,VISION COMPTECH INTEGRATOR LTD,1029,78
DENA BANK,Vedavaag Systems Limited,4911,329
DENA BANK,WEBEL,8154,552
DENA BANK,Zephyr System Pvt.Ltd.,3771,201
Delhi - Central DC,Smart Chip Limited,14,91
Delhi - East DC,DATASOFT COMPUTER SERVICES(P),98,271
Delhi - East DC,Tera Software Ltd,0,1
Delhi - ND DC,Smart Chip Limited,2,32
Delhi - NE DC,Smart Chip Limited,83,179
Delhi - North DC,CALANCE SOFTWARE PRIVATE LTD,43,477
Delhi - North DC,NVR & ASSOCIATES LIMITED,99,32
Delhi - North DC,Smart Chip Limited,55,186
Delhi SW DC,STRATEGIC OUTSOURCING SERVICE,0,1
Delhi SW DC,VIRGO SOFTECH LIMITED,6,15
Delhi- South DC,Karvy Computershare Private Li,304,167
Delhi- South DC,Smart Chip Limited,18,45
Delhi- South DC,Tera Software Ltd,0,2
Delhi- South DC,eCentric solutions pvt ltd,0,1
Delhi- West DC,Matrix Processing House,0,1
Delhi- West DC,Smart Chip Limited,58,57
Delhi- West DC,VIRGO SOFTECH LIMITED,4,14
Delhi-NW DC,Karvy Computershare Private Li,4,165
Department of Information Technology Govt of Jharkhand,Blue Circle Instrument,3,142
Department of Information Technology Govt of Jharkhand,MKS Enterprises,1,58
Department of Information Technology Govt of Jharkhand,Systematic & Advance Const P L,0,5
Department of Information Technology Govt of Jharkhand,Vayam technologies Ltd,0,1
Department of Information Technology Govt of Jharkhand,Wipro Ltd,50,4
Dept of ITC Govt of Rajasthan,ATISHAY INFOTECH PVT. LTD.,3,52
Dept of ITC Govt of Rajasthan,AVVAS INFOTECH PVT  LTD,631,131
Dept of ITC Govt of Rajasthan,Alankit Finsec Ltd,2,7
Dept of ITC Govt of Rajasthan,Business Information Processing Services,1,5
Dept of ITC Govt of Rajasthan,DATASOFT COMPUTER SERVICES(P),76,329
Dept of ITC Govt of Rajasthan,Gem Computers,113,3
Dept of ITC Govt of Rajasthan,MANTRA SOFTTECH (INDIA) PVTLTD,0,5
Dept of ITC Govt of Rajasthan,Multiwave Innovation,20,13
Dept of ITC Govt of Rajasthan,Netlink software Pvt Ltd,102,4
Dept of ITC Govt of Rajasthan,TechSmart India Pvt Ltd,20,53
Dept of ITC Govt of Rajasthan,Transline Technologies P Ltd,256,45
Dept of ITC Govt of Rajasthan,VIRGO SOFTECH LIMITED,5,14
Dept of ITC Govt of Rajasthan,Vakrangee Softwares Limited,338,112
Dept of ITC Govt of Rajasthan,Vayam technologies Ltd,391,56
FCR Govt of Haryana,4G INFORMATICS,207,20
FCR Govt of Haryana,Academy of Management Studies,3,7
FCR Govt of Haryana,Radiant Info Systems Ltd,540,23
FCR Govt of Haryana,SoftAge Information Technology Limited,60,75
FCR Govt of Haryana,Vakrangee Softwares Limited,1,50
FCR Govt of Haryana,Vayam technologies Ltd,39,30
FCS Govt of Punjab,Alankit Assignments Limited,0,1
FCS Govt of Punjab,CSS TECHNERGY LIMITED,4,33
FCS Govt of Punjab,District Sukhmani Society  Jalandhar  Punjab,5,1
FCS Govt of Punjab,District Sukhmani Society  Ludhiana  Punjab,54,25
FCS Govt of Punjab,District Sukhmani Society  Moga  Punjab,12,6
FCS Govt of Punjab,District Sukhmani Society Amritsar Punjab,19,13
FCS Govt of Punjab,District Sukhmani Society Barnala Punjab,20,6
FCS Govt of Punjab,District Sukhmani Society Bathinda Punjab,34,18
FCS Govt of Punjab,District Sukhmani Society Fatehgarh Sahib Punjab,34,14
FCS Govt of Punjab,District Sukhmani Society Fazilka Punjab,10,1
FCS Govt of Punjab,District Sukhmani Society Ferozepur Punjab,21,6
FCS Govt of Punjab,District Sukhmani Society For Citizen Services Mansa Punjab,33,7
FCS Govt of Punjab,District Sukhmani Society For Citizen Services Nawanshahr Punjab,10,6
FCS Govt of Punjab,District Sukhmani Society For Citizen Services SAS Nagar District e-Governance Society Punjab,25,6
FCS Govt of Punjab,District Sukhmani Society Pathankot Punjab,10,3
FCS Govt of Punjab,District Sukhmani Society Patiala Punjab,14,2
FCS Govt of Punjab,District Sukhmani Society Rupnagar Punjab,10,2
FCS Govt of Punjab,District Sukhmani Society Sangrur Punjab,29,14
FCS Govt of Punjab,District Sukhmani Society Sri Muktsar Sahib Punjab,14,13
FCS Govt of Punjab,District Sukhmani Society Tarn Taran Punjab,19,3
FCS Govt of Punjab,Karvy Computershare Private Li,361,490
FCS Govt of Punjab,Sukhmani Society For Citizen Services  Kapurthala  Punjab,13,2
FCS Govt of Punjab,Sukhmani Society For Citizen Services Gurdaspur Punjab,1,0
FCS Govt of Punjab,Sukhmani Society For Citizens Services Faridkot Punjab,43,16
FCS Govt of Punjab,Suwidha Society Hoshiarpur Punjab,19,4
FCS Govt of Punjab,VIRGO SOFTECH LIMITED,0,1
FCS Govt of Punjab,Vayam technologies Ltd,289,55
FCS Govt of Punjab,eCentric solutions pvt ltd,277,1456
Govt of Andhra Pradesh,Gouthami Educational Society,12,279
Govt of Andhra Pradesh,GrapeSoft,16,220
Govt of Andhra Pradesh,INFRONICS SYSTEMS LTD,5,329
Govt of Andhra Pradesh,Madras Security Printers Ltd,0,4
Govt of Andhra Pradesh,SREEVEN INFOCOM LIMITED,0,58
Govt of Andhra Pradesh,TechSmart India Pvt Ltd,8,172
Govt of Andhra Pradesh,Tera Software Ltd,1,651
Govt of Andhra Pradesh,eCentric solutions pvt ltd,0,2
Govt of Goa,MARS Telecom Systems Pvt Ltd,27,31
Govt of Gujarat,GSS Infotech Ltd,28,336
Govt of Gujarat,Karvy Computershare Private Li,3128,495
Govt of Gujarat,Silver Touch Technologies Ltd,693,152
Govt of Gujarat,Tera Software Ltd,573,84
Govt of Gujarat,Transline Technologies P Ltd,9,6
Govt of Gujarat,Vayam technologies Ltd,253,86
Govt of Gujarat,eCentric solutions pvt ltd,3170,46
Govt of Himachal Pradesh,Wipro Ltd,4,102
Govt of Himachal Pradesh,i-Grandee SoftwareTechnologies,4,411
Govt of Karnataka ,BNR UDYOG LIMITED,7,6
Govt of Karnataka ,Bloom Solutions Pvt Ltd,14,14
Govt of Karnataka ,COMAT TECHNOLOGIES P LTD,0,1
Govt of Karnataka ,MARS Telecom Systems Pvt Ltd,3,55
Govt of Karnataka ,Ninestars Information Technologies Ltd,27,67
Govt of Karnataka ,Om Softwares,0,4
Govt of Karnataka ,Origin ITFS Pvt Ltd,27,118
Govt of Karnataka ,Radiant Info Systems Ltd,2,0
Govt of Karnataka ,SREEVEN INFOCOM LIMITED,8,320
Govt of Kerala,Akshaya,3274,379
Govt of Kerala,Keltron,9,141
Govt of Maharashtra,Adcc Infocad Pvt.Ltd Nagpur,0,2
Govt of Maharashtra,Alankit Finsec Ltd,4,152
Govt of Maharashtra,Bharat Technical Solutions Private Limited,0,4
Govt of Maharashtra,Eagle press pvt ltd,2,10
Govt of Maharashtra,GLODYNE TECHNOSERVE,0,2
Govt of Maharashtra,Global Finsol Private Limited,122,18
Govt of Maharashtra,Karvy Computershare Private Li,184,640
Govt of Maharashtra,M/S King Computer System pvt Ltd,2,13
Govt of Maharashtra,M/s. Vidya Online  Pune,10,21
Govt of Maharashtra,Mahaonline Limited,0,2
Govt of Maharashtra,Narayana Electricals Solution Pvt Ltd,0,67
Govt of Maharashtra,Netlink software Pvt Ltd,124,143
Govt of Maharashtra,Obel projects Pvt Ltd,0,5
Govt of Maharashtra,Rudranee Infotech Ltd,4,15
Govt of Maharashtra,SETU MAHARASHTRA,191,26
Govt of Maharashtra,SHREERAM PRINTING PRESS,0,16
Govt of Maharashtra,SILVER JUBILEE MOTORS LTD.,0,1
Govt of Maharashtra,SPANCO,2,95
Govt of Maharashtra,STRATEGIC OUTSOURCING SERVICE,4,86
Govt of Maharashtra,Silver Touch Technologies Ltd,49,41
Govt of Maharashtra,Systematic & Advance Const P L,0,4
Govt of Maharashtra,TechSmart India Pvt Ltd,1,25
Govt of Maharashtra,Tera Software Ltd,0,2
Govt of Maharashtra,Transline Technologies P Ltd,23,94
Govt of Maharashtra,Vidarbha Infotech Pvt Ltd,1,0
Govt of Maharashtra,Wipro Ltd,0,144
Govt of Sikkim - Dept of Econo,Department of Economics Statistics  Monitoring and Evaluation DESME,122,6
IDBI Bank ltd,ATISHAY INFOTECH PVT. LTD.,25,108
IDBI Bank ltd,Matrix Processing House,572,41
IDBI Bank ltd,SREEVEN INFOCOM LIMITED,41,352
IDBI Bank ltd,UTI TECHNOLOGY SERVICES LIMITE,84,11
Indiapost,4G IDENTITY SOLUTIONS,0,1
Indiapost,Delhi Integrated MMTS Ltd,7,112
Indiapost,GLODYNE TECHNOSERVE,0,2
Indiapost,Global Finsol Private Limited,1,86
Indiapost,IL&FS LTD,0,1
Indiapost,M/S STAR DATA CENTRE,8,20
Indiapost,MARS Telecom Systems Pvt Ltd,3,154
Indiapost,Smart Chip Limited,2,11
Indiapost,Vayam technologies Ltd,29,29
Indiapost,WEBEL,11,4
Information Technology & Communication Department,4G INFORMATICS,0,78
Information Technology & Communication Department,BNR UDYOG LIMITED,0,36
Information Technology & Communication Department,Bloom Solutions Pvt Ltd,0,53
Information Technology & Communication Department,CSS TECHNERGY LIMITED,0,11
Information Technology & Communication Department,Directorate of ESD,2088,879
Information Technology & Communication Department,GDC Advertising Pvt. Limited,0,22
Information Technology & Communication Department,JYOTHI COMPUTER SERVICES,109,84
Information Technology & Communication Department,Karvy Data Management Services,1,1
Information Technology & Communication Department,MARS Telecom Systems Pvt Ltd,38,256
Information Technology & Communication Department,SREEVEN INFOCOM LIMITED,2,197
Information Technology & Communication Department,Tera Software Ltd,2,49
Jharkhand,Alankit Assignments Limited,0,6
Jharkhand,Blue Circle Instrument,0,7
Jharkhand,Emdee Digitronics Pvt.Ltd.,2,10
Jharkhand,MKS Enterprises,9,358
Jharkhand,Nevaeh Technology Pvt. Ltd.,6,4
Jharkhand,STRATEGIC OUTSOURCING SERVICE,0,6
Jharkhand,Smart Chip Limited,5,8
Jharkhand,Systematic & Advance Const P L,9,14
Jharkhand,VISION COMPTECH INTEGRATOR LTD,15,19
Jharkhand,Wipro Ltd,36,344
Mission Convergence - GNCT Del,Karvy Computershare Private Li,0,79
Mission Convergence - GNCT Del,NVR & ASSOCIATES LIMITED,5,7
NSDL e-Governance Infrastructure Limited,Abhipra Capital Ltd,349,44
NSDL e-Governance Infrastructure Limited,Alankit Assignments Limited,237,581
NSDL e-Governance Infrastructure Limited,Alankit Finsec Ltd,3754,333
NSDL e-Governance Infrastructure Limited,Delhi Integrated MMTS Ltd,3,0
NSDL e-Governance Infrastructure Limited,Global Finsol Private Limited,0,34
NSDL e-Governance Infrastructure Limited,Gujarat Infotech Ltd.,3555,100
NSDL e-Governance Infrastructure Limited,INTEGRATED REGISTRY SERVICES LTD,20,5
NSDL e-Governance Infrastructure Limited,Karvy Consultants Limited,0,1
NSDL e-Governance Infrastructure Limited,Karvy Data Management Services,32902,2603
NSDL e-Governance Infrastructure Limited,N.K. Sharma Enterprises Ltd.,1884,43
NSDL e-Governance Infrastructure Limited,Netlink software Pvt Ltd,1132,148
NSDL e-Governance Infrastructure Limited,Offshoot Agency Pvt. Ltd.,1039,54
NSDL e-Governance Infrastructure Limited,PROWIZ MANSYTEMS PVT LTD,74,23
NSDL e-Governance Infrastructure Limited,Promind Solutions P Limited,13211,783
NSDL e-Governance Infrastructure Limited,RELIGARE SECURITIES LTD,644,51
NSDL e-Governance Infrastructure Limited,Radiant Haroti Industries India Ltd,1278,10
NSDL e-Governance Infrastructure Limited,Sri Ramraja Sarkar Lok Kalyan Trust,1676,56
NSDL e-Governance Infrastructure Limited,Utility Forms Pvt Ltd,1482,55
NSDL e-Governance Infrastructure Limited,VIRGO SOFTECH LIMITED,440,24
Oriental Bank of Commerce,DATASOFT COMPUTER SERVICES(P),886,193
Oriental Bank of Commerce,Euro Finmart Ltd,2,4
Oriental Bank of Commerce,JNET Technologies Pvt.Ltd,287,16
Oriental Bank of Commerce,Redim Software Technologies Pvt Ltd,7,11
Oriental Bank of Commerce,Sri Ramraja Sarkar Lok Kalyan Trust,1543,56
Oriental Bank of Commerce,Wipro Ltd,81,45
Principal Revenue Commissioner  Dept of Revenue  Govt of MP,Frontech Systems Pvt Ltd,753,15
Principal Revenue Commissioner  Dept of Revenue  Govt of MP,GDC Advertising Pvt. Limited,435,54
Principal Revenue Commissioner  Dept of Revenue  Govt of MP,K W Consulting P Ltd,332,403
Principal Revenue Commissioner  Dept of Revenue  Govt of MP,LYRA  CONSULTANCY SERVICE,47,16
Principal Revenue Commissioner  Dept of Revenue  Govt of MP,Netlink software Pvt Ltd,535,75
Principal Revenue Commissioner  Dept of Revenue  Govt of MP,OSWAL COMPUTERS & CONSULTANTS,104,44
Principal Revenue Commissioner  Dept of Revenue  Govt of MP,Tera Software Ltd,100,40
Principal Revenue Commissioner  Dept of Revenue  Govt of MP,The NSIC ltd,0,1
Principal Revenue Commissioner  Dept of Revenue  Govt of MP,Vedavaag Systems Limited,610,208
Punjab and Sind Bank,Matrix Processing House,1323,59
RDD Govt of Tripura,Alankit Assignments Limited,1,3
Registrar General India - BEL,Manipur Electronics Dev Corp,0,3
Registrar General India - BEL,Swathy Smartcards Hi-Tech Pvt,0,1
Registrar General India BEL2,4G INFORMATICS,0,2
Registrar General India BEL2,Alankit Assignments Limited,0,8
Registrar General India BEL2,Bharat Electronics Limited,1,0
Registrar General India BEL2,Chinar Construction Company Prime agency,511,31
Registrar General India BEL2,Computer LAB,92,61
Registrar General India BEL2,Eagle Software India Pvt. Ltd,0,1
Registrar General India BEL2,Emdee Digitronics Pvt.Ltd.,58,19
Registrar General India BEL2,In Media Computer Services LLP,42,1
Registrar General India BEL2,India Computer Technology,1588,92
Registrar General India BEL2,Karvy Data Management Services,20,10
Registrar General India BEL2,MACRO INFOTECH PVT LTD,918,45
Registrar General India BEL2,MKS Enterprises,20,15
Registrar General India BEL2,Madras Security Printers Ltd,3417,541
Registrar General India BEL2,Manipur Electronics Dev Corp,23,6
Registrar General India BEL2,Multiwave Innovation,4,100
Registrar General India BEL2,NVR & ASSOCIATES LIMITED,3,8
Registrar General India BEL2,Netlink software Pvt Ltd,35,28
Registrar General India BEL2,Nevaeh Technology Pvt. Ltd.,193,45
Registrar General India BEL2,Nielsen  India  Private Limited,7,28
Registrar General India BEL2,Om Softwares,103,286
Registrar General India BEL2,SREEVEN INFOCOM LIMITED,0,3
Registrar General India BEL2,SREI INFRASTRUCTURE FINANCES L,0,5
Registrar General India BEL2,STRATEGIC OUTSOURCING SERVICE,5,12
Registrar General India BEL2,Satyanarayana Raju Company Pvt ltd,109,150
Registrar General India BEL2,Swathy Smartcards Hi-Tech Pvt,570,643
Registrar General India BEL2,Swiss Tech India Pvt Ltd,30,139
Registrar General India BEL2,Tera Software Ltd,26,609
Registrar General India BEL2,UNITED DATA SERVICES PRIVATE LIMITED,231,79
Registrar General India BEL2,Urmila Info solution,0,4
Registrar General India BEL2,VIRGO SOFTECH LIMITED,108,21
Registrar General India BEL2,Vansh Infotech Pvt Ltd,60,29
Registrar General India BEL2,Vayam technologies Ltd,0,6
Registrar General India BEL2,Vedavaag Systems Limited,900,43
Registrar General India BEL2,Viesa Technologies,1,21
Registrar General India BEL2,WEBEL,1,2
Registrar General India ECIL,AVVAS INFOTECH PVT  LTD,113,34
Registrar General India ECIL,BUSINESS INFORMATION PROCESSING SERVICES,326,207
Registrar General India ECIL,COMTECH INSTITUTE OFTECHNOLOGY,14,20
Registrar General India ECIL,COMTECHINFO SOLUTIONS PVT.LTD,5533,88
Registrar General India ECIL,Chinar Construction Company Prime agency,260,47
Registrar General India ECIL,Clairvoyance Technologies Pvt.,0,8
Registrar General India ECIL,Computer LAB,92,768
Registrar General India ECIL,Eagle Software India Pvt. Ltd,107,177
Registrar General India ECIL,Esoft Consulting Limited,8,32
Registrar General India ECIL,Gundal Infotech Private Limited,0,5
Registrar General India ECIL,In Media Computer Services LLP,5277,2097
Registrar General India ECIL,India Computer Technology,31,406
Registrar General India ECIL,Integrated Systems & Services,207,10
Registrar General India ECIL,Karvy Data Management Services,566,81
Registrar General India ECIL,Krishna Infotech,5,226
Registrar General India ECIL,Madras Security Printers Ltd,21,346
Registrar General India ECIL,Mphasis Ltd,343,24
Registrar General India ECIL,Netwing Technologies Pvt Ltd,18,1
Registrar General India ECIL,Nielsen  India  Private Limited,16,4
Registrar General India ECIL,Pioneer E Labs limited,0,15
Registrar General India ECIL,SARADA SYSTEMS,9,6
Registrar General India ECIL,SWISSTECH NPR 57CR PROJECT PVT,31,932
Registrar General India ECIL,Tera Software Ltd,0,22
Registrar General India ECIL,Vedavaag Systems Limited,4,517
Registrar General India Others,COMTECH INSTITUTE OFTECHNOLOGY,0,2
Registrar General India Others,COMTECHINFO SOLUTIONS PVT.LTD,2,1
Registrar General India Others,Chinar Construction Company Prime agency,5,0
Registrar General India Others,Computer LAB,0,2
Registrar General India Others,Eagle Software India Pvt. Ltd,0,28
Registrar General India Others,India Computer Technology,0,1
Registrar General India Others,Om Softwares,0,1
Registrar General India Others,SWISSTECH NPR 57CR PROJECT PVT,0,1
Registrar General India Others,Swathy Smartcards Hi-Tech Pvt,1,2
Registrar General India Others,Webx Technologies Private Limited,2,0
Registrar General of India ITI,COMTECH INSTITUTE OFTECHNOLOGY,25,38
Registrar General of India ITI,CSS TECHNERGY LIMITED,0,2
Registrar General of India ITI,CommunitiWorks Welfare Society,63,2
Registrar General of India ITI,Eagle Software India Pvt. Ltd,17,395
Registrar General of India ITI,Emdee Digitronics Pvt.Ltd.,12525,803
Registrar General of India ITI,FINANCIAL INFORMATION NETWORK,1,1
Registrar General of India ITI,In Media Computer Services LLP,0,1
Registrar General of India ITI,Karvy Data Management Services,940,40
Registrar General of India ITI,MACRO INFOTECH PVT LTD,0,2
Registrar General of India ITI,Madras Security Printers Ltd,688,63
Registrar General of India ITI,Mphasis Ltd,70,2
Registrar General of India ITI,Multiwave Innovation,6,55
Registrar General of India ITI,Netlink software Pvt Ltd,159,3
Registrar General of India ITI,Netwing Technologies Pvt Ltd,1,0
Registrar General of India ITI,Nielsen  India  Private Limited,7,23
Registrar General of India ITI,PROTEX COMPUTER PVT LTD,1,2
Registrar General of India ITI,SREEVEN INFOCOM LIMITED,0,9
Registrar General of India ITI,SREI INFRASTRUCTURE FINANCES L,0,2
Registrar General of India ITI,STRATEGIC OUTSOURCING SERVICE,24,147
Registrar General of India ITI,Satyanarayana Raju Company Pvt ltd,885,94
Registrar General of India ITI,Swathy Smartcards Hi-Tech Pvt,17,251
Registrar General of India ITI,Swiss Tech India Pvt Ltd,0,1
Registrar General of India ITI,TechSmart India Pvt Ltd,1,8
Registrar General of India ITI,VIRGO SOFTECH LIMITED,191,18
Registrar General of India ITI,Vedavaag Systems Limited,10,29
Registrar General of India ITI,WEBEL TECHNOLOGY LIMITED,5048,402
State Bank of Bikaner & Jaipur,Multiwave Innovation,75,59
State Bank of India,VIRGO SOFTECH LIMITED,0,2
State Bank of Travancore,Tera Software Ltd,0,12
UIDAI-Registrar,UIDAI-EA,5,0
UT Of Daman and Diu,Alankit Assignments Limited,0,4
UT of Puducherry,Madras Security Printers Ltd,15,50
Union Bank,FINANCIAL INFORMATION NETWORK,3089,1910
Union Bank,Smart Chip Limited,8774,1949
Union Bank,Vakrangee Softwares Limited,1079,1032
