Registrar,Enrolment Agency,Aadhaar generated,Enrolment Rejected
Allahabad Bank,Vakrangee Softwares Limited,4,1
Bank Of India,A3 Logics  India  Ltd,639,34
Bank Of India,Akanksha International,1,0
Bank Of India,Blue Circle Instrument,1432,29
Bank Of India,CHESSY CONSULTANTS PVT LTD,131,3
Bank Of India,DATASOFT COMPUTER SERVICES(P),5755,388
Bank Of India,Emdee Digitronics Pvt.Ltd.,195,44
Bank Of India,Frontech Systems Pvt Ltd,1338,20
Bank Of India,MANTRA SOFTTECH (INDIA) PVTLTD,1,0
Bank Of India,Matrix Processing House,66,2
Bank Of India,OSWAL COMPUTERS & CONSULTANTS,142,16
Bank Of India,PROTEX COMPUTER PVT LTD,123,1
Bank Of India,SARADA SYSTEMS,882,24
Bank Of India,SHRIKRISHNA KHANDASARI SUGAR M,1450,5
Bank Of India,SPANCO,4,0
Bank Of India,SREI INFRASTRUCTURE FINANCES L,10500,168
Bank Of India,Silver Touch Technologies Ltd,9,3
Bank Of India,Systematic & Advance Const P L,75,0
Bank Of India,VEETECHNOLOGIES PVT. LTD,965,18
Bank Of India,VIRGO SOFTECH LIMITED,1,0
Bank Of India,Vakrangee Softwares Limited,2,3
Bank of Baroda,DATASOFT COMPUTER SERVICES(P),1,0
Bank of Baroda,Global Finsol Private Limited,32,0
Bank of Maharashtra,Alankit Finsec Ltd,2,0
Bank of Maharashtra,FINANCIAL INFORMATION NETWORK,196,4
Bank of Maharashtra,Micro Technologies India Ltd,9,2
Bank of Maharashtra,Tera Software Ltd,521,13
CSC e-Governance Services India Limited,A I Soc for Electronics and Comp Tech,3151,186
CSC e-Governance Services India Limited,AKSH OPTIFIBRE LIMITED,718,23
CSC e-Governance Services India Limited,BASIX,1238,95
CSC e-Governance Services India Limited,CALANCE SOFTWARE PRIVATE LTD,127,1
CSC e-Governance Services India Limited,CMS Computers Ltd,1559,149
CSC e-Governance Services India Limited,CSC e-Governance Services India Limited,1003,75
CSC e-Governance Services India Limited,Intelligent Communication Sys India Ltd,132,15
CSC e-Governance Services India Limited,MANTRA SOFTTECH (INDIA) PVTLTD,714,18
CSC e-Governance Services India Limited,Mahaonline Limited,256,11
CSC e-Governance Services India Limited,Network for Information & Computer,273,16
CSC e-Governance Services India Limited,Reliance Communication Limited,14,0
CSC e-Governance Services India Limited,SPANCO,1317,45
CSC e-Governance Services India Limited,Sahaj e-Village Limited,1,0
CSC e-Governance Services India Limited,Tera Software Ltd,28,3
CSC e-Governance Services India Limited,United Telecoms e-Services Pvt Ltd,652,65
CSC e-Governance Services India Limited,VIKALP MULTIMEDIA,48,4
CSC e-Governance Services India Limited,Vakrangee Softwares Limited,1387,35
CSC e-Governance Services India Limited,Vayam technologies Ltd,133,0
CSC e-Governance Services India Limited,Vedavaag Systems Limited,1060,87
CSC e-Governance Services India Limited,Zephyr System Pvt.Ltd.,1398,49
Canara Bank,FINANCIAL INFORMATION NETWORK,2,1
Canara Bank,Karvy Data Management Services,1583,130
Canara Bank,Ojus Healthcare Private Limited,23,1
Canara Bank,Osiris Infotech Pvt. Ltd.,743,32
Canara Bank,Smart Chip Limited,3409,86
Central Bank of India,CALANCE SOFTWARE PRIVATE LTD,4,2
Central Bank of India,IAP COMPANY Pvt. Ltd,29,4
Central Bank of India,The Peerless General Finance,140,8
DENA BANK,ATISHAY INFOTECH PVT. LTD.,1269,65
DENA BANK,AVVAS INFOTECH PVT  LTD,1833,313
DENA BANK,Asha Security Guard Services,121,14
DENA BANK,BNR UDYOG LIMITED,895,2
DENA BANK,Binary Systems,779,32
DENA BANK,Bloom Solutions Pvt Ltd,7529,80
DENA BANK,Business Information Processing Services,1278,32
DENA BANK,CALANCE SOFTWARE PRIVATE LTD,2122,70
DENA BANK,DATASOFT COMPUTER SERVICES(P),614,9
DENA BANK,DEVASHISH SECURITIES PVT. LTD.,243,6
DENA BANK,Eagle Software India Pvt. Ltd,4497,119
DENA BANK,FINANCIAL INFORMATION NETWORK,3022,119
DENA BANK,Gem Computers,2627,33
DENA BANK,Gujarat Infotech Ltd.,816,33
DENA BANK,IAP COMPANY Pvt. Ltd,11235,314
DENA BANK,India Computer Technology,527,11
DENA BANK,JNET Technologies Pvt.Ltd,315,0
DENA BANK,K W Consulting P Ltd,894,67
DENA BANK,M/S STAR DATA CENTRE,1551,13
DENA BANK,M/s Gold Square Builders & Promoters Pvt. Ltd.,683,23
DENA BANK,MARS Telecom Systems Pvt Ltd,495,21
DENA BANK,MEGHA VINCOM PVT LTD,3909,117
DENA BANK,MKS Enterprises,1303,31
DENA BANK,Make India Smart Private Limited,683,15
DENA BANK,Multiwave Innovation,4202,116
DENA BANK,NVR & ASSOCIATES LIMITED,2120,23
DENA BANK,Narayana Electricals Solution Pvt Ltd,16,9
DENA BANK,Netlink software Pvt Ltd,2476,52
DENA BANK,Nielsen  India  Private Limited,55,5
DENA BANK,Offshoot Agency Pvt. Ltd.,1356,32
DENA BANK,Prodigy Systems and Services Private Limited,9,0
DENA BANK,Radiant Haroti Industries India Ltd,2913,696
DENA BANK,SGS INDIA PVT LTD,1356,18
DENA BANK,Silver Touch Technologies Ltd,1088,18
DENA BANK,Soc for Advancement of Environ Science,81,18
DENA BANK,Super Printers,545,62
DENA BANK,Systematic & Advance Const P L,212,14
DENA BANK,TechSmart India Pvt Ltd,769,89
DENA BANK,Tera Software Ltd,4636,58
DENA BANK,Transline Technologies P Ltd,1263,22
DENA BANK,Utility Forms Pvt Ltd,4601,236
DENA BANK,VAP INFOSOLUTIONS,1736,164
DENA BANK,VISION COMPTECH INTEGRATOR LTD,2024,28
DENA BANK,Vedavaag Systems Limited,3775,728
DENA BANK,WEBEL,2372,101
DENA BANK,Zephyr System Pvt.Ltd.,6337,171
Delhi - East DC,DATASOFT COMPUTER SERVICES(P),63,13
Delhi - East DC,Tera Software Ltd,1,0
Delhi - North DC,CALANCE SOFTWARE PRIVATE LTD,114,33
Delhi - North DC,NVR & ASSOCIATES LIMITED,43,0
Delhi- South DC,Karvy Computershare Private Li,3,0
Delhi- West DC,Smart Chip Limited,1,0
Delhi- West DC,VIRGO SOFTECH LIMITED,2,0
Delhi-NW DC,Karvy Computershare Private Li,0,9
Department of Information Technology Govt of Jharkhand,Blue Circle Instrument,7,1
Department of Information Technology Govt of Jharkhand,MKS Enterprises,2,0
Department of Information Technology Govt of Jharkhand,Wipro Ltd,196,3
Dept of ITC Govt of Rajasthan,ATISHAY INFOTECH PVT. LTD.,53,0
Dept of ITC Govt of Rajasthan,AVVAS INFOTECH PVT  LTD,126,12
Dept of ITC Govt of Rajasthan,Alankit Finsec Ltd,20,1
Dept of ITC Govt of Rajasthan,Business Information Processing Services,6,0
Dept of ITC Govt of Rajasthan,DATASOFT COMPUTER SERVICES(P),203,6
Dept of ITC Govt of Rajasthan,Gem Computers,50,0
Dept of ITC Govt of Rajasthan,MANTRA SOFTTECH (INDIA) PVTLTD,10,3
Dept of ITC Govt of Rajasthan,Multiwave Innovation,6,0
Dept of ITC Govt of Rajasthan,Netlink software Pvt Ltd,13,0
Dept of ITC Govt of Rajasthan,TechSmart India Pvt Ltd,23,5
Dept of ITC Govt of Rajasthan,Transline Technologies P Ltd,18,1
Dept of ITC Govt of Rajasthan,VIRGO SOFTECH LIMITED,56,0
Dept of ITC Govt of Rajasthan,Vakrangee Softwares Limited,1230,23
Dept of ITC Govt of Rajasthan,Vayam technologies Ltd,38,0
FCR Govt of Haryana,4G INFORMATICS,15,1
FCR Govt of Haryana,Academy of Management Studies,4,2
FCR Govt of Haryana,Radiant Info Systems Ltd,82,13
FCR Govt of Haryana,SoftAge Information Technology Limited,455,15
FCR Govt of Haryana,Vakrangee Softwares Limited,5,0
FCR Govt of Haryana,Vayam technologies Ltd,140,31
FCS Govt of Punjab,CSS TECHNERGY LIMITED,1,0
FCS Govt of Punjab,Delhi Integrated MMTS Ltd,1,0
FCS Govt of Punjab,District Sukhmani Society  Jalandhar  Punjab,5,2
FCS Govt of Punjab,District Sukhmani Society  Ludhiana  Punjab,10,8
FCS Govt of Punjab,District Sukhmani Society  Moga  Punjab,8,2
FCS Govt of Punjab,District Sukhmani Society Amritsar Punjab,3,0
FCS Govt of Punjab,District Sukhmani Society Barnala Punjab,6,1
FCS Govt of Punjab,District Sukhmani Society Bathinda Punjab,1,1
FCS Govt of Punjab,District Sukhmani Society Fatehgarh Sahib Punjab,9,1
FCS Govt of Punjab,District Sukhmani Society Fazilka Punjab,1,1
FCS Govt of Punjab,District Sukhmani Society Ferozepur Punjab,0,1
FCS Govt of Punjab,District Sukhmani Society For Citizen Services Mansa Punjab,2,1
FCS Govt of Punjab,District Sukhmani Society For Citizen Services Nawanshahr Punjab,6,3
FCS Govt of Punjab,District Sukhmani Society For Citizen Services SAS Nagar District e-Governance Society Punjab,6,2
FCS Govt of Punjab,District Sukhmani Society Pathankot Punjab,4,1
FCS Govt of Punjab,District Sukhmani Society Patiala Punjab,2,1
FCS Govt of Punjab,District Sukhmani Society Rupnagar Punjab,1,0
FCS Govt of Punjab,District Sukhmani Society Sangrur Punjab,8,1
FCS Govt of Punjab,District Sukhmani Society Sri Muktsar Sahib Punjab,5,3
FCS Govt of Punjab,Karvy Computershare Private Li,13,1
FCS Govt of Punjab,Sukhmani Society For Citizens Services Faridkot Punjab,4,5
FCS Govt of Punjab,Suwidha Society Hoshiarpur Punjab,4,0
FCS Govt of Punjab,Vayam technologies Ltd,57,3
FCS Govt of Punjab,eCentric solutions pvt ltd,190,25
Govt of Andhra Pradesh,Gouthami Educational Society,5,1
Govt of Andhra Pradesh,GrapeSoft,95,70
Govt of Andhra Pradesh,INFRONICS SYSTEMS LTD,20,11
Govt of Andhra Pradesh,TechSmart India Pvt Ltd,0,1
Govt of Andhra Pradesh,Tera Software Ltd,1,0
Govt of Goa,MARS Telecom Systems Pvt Ltd,34,1
Govt of Gujarat,GSS Infotech Ltd,344,73
Govt of Gujarat,Karvy Computershare Private Li,1573,163
Govt of Gujarat,Silver Touch Technologies Ltd,2460,45
Govt of Gujarat,Tera Software Ltd,2359,106
Govt of Gujarat,Transline Technologies P Ltd,33,0
Govt of Gujarat,Vayam technologies Ltd,219,4
Govt of Gujarat,eCentric solutions pvt ltd,23,6
Govt of Himachal Pradesh,Wipro Ltd,7,0
Govt of Himachal Pradesh,i-Grandee SoftwareTechnologies,24,0
Govt of Karnataka ,Bloom Solutions Pvt Ltd,58,0
Govt of Karnataka ,MARS Telecom Systems Pvt Ltd,85,0
Govt of Karnataka ,Ninestars Information Technologies Ltd,14,1
Govt of Karnataka ,Om Softwares,5,0
Govt of Karnataka ,Origin ITFS Pvt Ltd,33,4
Govt of Karnataka ,SREEVEN INFOCOM LIMITED,18,1
Govt of Kerala,Akshaya,3049,248
Govt of Kerala,Keltron,52,2
Govt of Maharashtra,Adcc Infocad Pvt.Ltd Nagpur,1,0
Govt of Maharashtra,Alankit Finsec Ltd,27,0
Govt of Maharashtra,Bharat Technical Solutions Private Limited,10,1
Govt of Maharashtra,Eagle press pvt ltd,1,0
Govt of Maharashtra,Global Finsol Private Limited,28,0
Govt of Maharashtra,Karvy Computershare Private Li,324,15
Govt of Maharashtra,M/S King Computer System pvt Ltd,61,8
Govt of Maharashtra,Narayana Electricals Solution Pvt Ltd,3,3
Govt of Maharashtra,Netlink software Pvt Ltd,1011,40
Govt of Maharashtra,Rudranee Infotech Ltd,8,0
Govt of Maharashtra,SETU MAHARASHTRA,78,2
Govt of Maharashtra,SHREERAM PRINTING PRESS,0,1
Govt of Maharashtra,SILVER JUBILEE MOTORS LTD.,6,1
Govt of Maharashtra,SPANCO,23,5
Govt of Maharashtra,STRATEGIC OUTSOURCING SERVICE,12,2
Govt of Maharashtra,Silver Touch Technologies Ltd,35,6
Govt of Maharashtra,Systematic & Advance Const P L,13,0
Govt of Maharashtra,TechSmart India Pvt Ltd,5,1
Govt of Maharashtra,Transline Technologies P Ltd,15,0
Govt of Maharashtra,Wipro Ltd,5,0
IDBI Bank ltd,ATISHAY INFOTECH PVT. LTD.,337,10
IDBI Bank ltd,Matrix Processing House,476,11
IDBI Bank ltd,SREEVEN INFOCOM LIMITED,226,8
IDBI Bank ltd,UTI TECHNOLOGY SERVICES LIMITE,4,0
Indiapost,Delhi Integrated MMTS Ltd,55,2
Indiapost,Global Finsol Private Limited,6,0
Indiapost,M/S STAR DATA CENTRE,1,1
Indiapost,MARS Telecom Systems Pvt Ltd,7,0
Indiapost,Smart Chip Limited,1,0
Indiapost,Vayam technologies Ltd,30,0
Indiapost,WEBEL,1,1
Information Technology & Communication Department,4G INFORMATICS,7,2
Information Technology & Communication Department,BNR UDYOG LIMITED,4,1
Information Technology & Communication Department,Bloom Solutions Pvt Ltd,4,0
Information Technology & Communication Department,Directorate of ESD,1168,254
Information Technology & Communication Department,JYOTHI COMPUTER SERVICES,31,3
Information Technology & Communication Department,MARS Telecom Systems Pvt Ltd,14,3
Information Technology & Communication Department,SREEVEN INFOCOM LIMITED,4,1
Information Technology & Communication Department,Tera Software Ltd,6,0
Jharkhand,Emdee Digitronics Pvt.Ltd.,1,2
Jharkhand,MKS Enterprises,6,1
Jharkhand,Nevaeh Technology Pvt. Ltd.,5,0
Jharkhand,Smart Chip Limited,1,0
Jharkhand,Systematic & Advance Const P L,2,1
Jharkhand,VISION COMPTECH INTEGRATOR LTD,18,0
Jharkhand,Wipro Ltd,278,84
NSDL e-Governance Infrastructure Limited,Abhipra Capital Ltd,843,60
NSDL e-Governance Infrastructure Limited,Alankit Assignments Limited,194,21
NSDL e-Governance Infrastructure Limited,Alankit Finsec Ltd,3198,116
NSDL e-Governance Infrastructure Limited,Delhi Integrated MMTS Ltd,2,2
NSDL e-Governance Infrastructure Limited,Global Finsol Private Limited,2,0
NSDL e-Governance Infrastructure Limited,Gujarat Infotech Ltd.,4443,119
NSDL e-Governance Infrastructure Limited,INTEGRATED REGISTRY SERVICES LTD,63,2
NSDL e-Governance Infrastructure Limited,Karvy Data Management Services,17727,1365
NSDL e-Governance Infrastructure Limited,N.K. Sharma Enterprises Ltd.,3622,93
NSDL e-Governance Infrastructure Limited,Netlink software Pvt Ltd,585,24
NSDL e-Governance Infrastructure Limited,Offshoot Agency Pvt. Ltd.,1285,27
NSDL e-Governance Infrastructure Limited,PROWIZ MANSYTEMS PVT LTD,38,1
NSDL e-Governance Infrastructure Limited,Promind Solutions P Limited,5435,193
NSDL e-Governance Infrastructure Limited,RELIGARE SECURITIES LTD,1004,189
NSDL e-Governance Infrastructure Limited,Radiant Haroti Industries India Ltd,686,3
NSDL e-Governance Infrastructure Limited,Sri Ramraja Sarkar Lok Kalyan Trust,831,5
NSDL e-Governance Infrastructure Limited,Utility Forms Pvt Ltd,1872,55
NSDL e-Governance Infrastructure Limited,VIRGO SOFTECH LIMITED,46,1
Oriental Bank of Commerce,DATASOFT COMPUTER SERVICES(P),612,56
Oriental Bank of Commerce,Euro Finmart Ltd,2,0
Oriental Bank of Commerce,JNET Technologies Pvt.Ltd,59,3
Oriental Bank of Commerce,Sri Ramraja Sarkar Lok Kalyan Trust,145,10
Oriental Bank of Commerce,Wipro Ltd,14,3
Principal Revenue Commissioner  Dept of Revenue  Govt of MP,Frontech Systems Pvt Ltd,1292,118
Principal Revenue Commissioner  Dept of Revenue  Govt of MP,GDC Advertising Pvt. Limited,813,62
Principal Revenue Commissioner  Dept of Revenue  Govt of MP,K W Consulting P Ltd,786,152
Principal Revenue Commissioner  Dept of Revenue  Govt of MP,LYRA  CONSULTANCY SERVICE,155,14
Principal Revenue Commissioner  Dept of Revenue  Govt of MP,Netlink software Pvt Ltd,665,20
Principal Revenue Commissioner  Dept of Revenue  Govt of MP,OSWAL COMPUTERS & CONSULTANTS,184,42
Principal Revenue Commissioner  Dept of Revenue  Govt of MP,Tera Software Ltd,436,75
Principal Revenue Commissioner  Dept of Revenue  Govt of MP,The NSIC ltd,2,0
Principal Revenue Commissioner  Dept of Revenue  Govt of MP,Vedavaag Systems Limited,1681,316
Punjab and Sind Bank,Matrix Processing House,677,51
Registrar General India - BEL,In Media Computer Services LLP,2,0
Registrar General India BEL2,4G INFORMATICS,1,0
Registrar General India BEL2,Bharat Electronics Limited,21,1
Registrar General India BEL2,Chinar Construction Company Prime agency,5,4
Registrar General India BEL2,Computer LAB,34,40
Registrar General India BEL2,Eagle Software India Pvt. Ltd,10,0
Registrar General India BEL2,Emdee Digitronics Pvt.Ltd.,68,11
Registrar General India BEL2,In Media Computer Services LLP,2,0
Registrar General India BEL2,India Computer Technology,60,21
Registrar General India BEL2,Karvy Data Management Services,1684,100
Registrar General India BEL2,MACRO INFOTECH PVT LTD,213,94
Registrar General India BEL2,MKS Enterprises,1,2
Registrar General India BEL2,Madras Security Printers Ltd,3365,447
Registrar General India BEL2,Manipur Electronics Dev Corp,59,1
Registrar General India BEL2,Multiwave Innovation,416,19
Registrar General India BEL2,NVR & ASSOCIATES LIMITED,312,5
Registrar General India BEL2,Netlink software Pvt Ltd,160,6
Registrar General India BEL2,Nevaeh Technology Pvt. Ltd.,2853,56
Registrar General India BEL2,Nielsen  India  Private Limited,218,12
Registrar General India BEL2,Om Softwares,48,64
Registrar General India BEL2,SREI INFRASTRUCTURE FINANCES L,12,1
Registrar General India BEL2,STRATEGIC OUTSOURCING SERVICE,248,0
Registrar General India BEL2,Satyanarayana Raju Company Pvt ltd,4220,209
Registrar General India BEL2,Swathy Smartcards Hi-Tech Pvt,319,105
Registrar General India BEL2,Swiss Tech India Pvt Ltd,120,0
Registrar General India BEL2,Tera Software Ltd,31,103
Registrar General India BEL2,UNITED DATA SERVICES PRIVATE LIMITED,804,18
Registrar General India BEL2,Urmila Info solution,45,0
Registrar General India BEL2,VIRGO SOFTECH LIMITED,82,2
Registrar General India BEL2,Vansh Infotech Pvt Ltd,202,6
Registrar General India BEL2,Vayam technologies Ltd,63,0
Registrar General India BEL2,Vedavaag Systems Limited,62,83
Registrar General India BEL2,Viesa Technologies,17,3
Registrar General India BEL2,WEBEL,66,2
Registrar General India ECIL,AVVAS INFOTECH PVT  LTD,520,12
Registrar General India ECIL,BUSINESS INFORMATION PROCESSING SERVICES,286,3
Registrar General India ECIL,COMTECH INSTITUTE OFTECHNOLOGY,31,5
Registrar General India ECIL,COMTECHINFO SOLUTIONS PVT.LTD,6296,154
Registrar General India ECIL,Chinar Construction Company Prime agency,9250,452
Registrar General India ECIL,Computer LAB,10354,757
Registrar General India ECIL,Eagle Software India Pvt. Ltd,1319,75
Registrar General India ECIL,Esoft Consulting Limited,31,10
Registrar General India ECIL,Gundal Infotech Private Limited,4,0
Registrar General India ECIL,In Media Computer Services LLP,127,28
Registrar General India ECIL,India Computer Technology,211,73
Registrar General India ECIL,Integrated Systems & Services,2,0
Registrar General India ECIL,Karvy Data Management Services,1164,131
Registrar General India ECIL,Krishna Infotech,0,2
Registrar General India ECIL,LYRA  CONSULTANCY SERVICE,3,0
Registrar General India ECIL,Madras Security Printers Ltd,9164,176
Registrar General India ECIL,Mphasis Ltd,223,0
Registrar General India ECIL,Nielsen  India  Private Limited,7,1
Registrar General India ECIL,Pioneer E Labs limited,3,2
Registrar General India ECIL,SARADA SYSTEMS,58,0
Registrar General India ECIL,SWISSTECH NPR 57CR PROJECT PVT,41,54
Registrar General India ECIL,Tera Software Ltd,141,1
Registrar General India ECIL,VEETECHNOLOGIES PVT. LTD,2,6
Registrar General India ECIL,Vedavaag Systems Limited,95,1
Registrar General India Others,Eagle Software India Pvt. Ltd,54,0
Registrar General of India ITI,COMTECH INSTITUTE OFTECHNOLOGY,20,0
Registrar General of India ITI,CommunitiWorks Welfare Society,54,0
Registrar General of India ITI,Eagle Software India Pvt. Ltd,294,10
Registrar General of India ITI,Emdee Digitronics Pvt.Ltd.,11311,1719
Registrar General of India ITI,FINANCIAL INFORMATION NETWORK,93,4
Registrar General of India ITI,In Media Computer Services LLP,13,6
Registrar General of India ITI,Karvy Data Management Services,259,16
Registrar General of India ITI,MACRO INFOTECH PVT LTD,1,0
Registrar General of India ITI,MKS Enterprises,134,3
Registrar General of India ITI,Madras Security Printers Ltd,68,30
Registrar General of India ITI,Mphasis Ltd,65,1
Registrar General of India ITI,Multiwave Innovation,2,0
Registrar General of India ITI,Netlink software Pvt Ltd,6,0
Registrar General of India ITI,Nielsen  India  Private Limited,253,5
Registrar General of India ITI,PROTEX COMPUTER PVT LTD,6,1
Registrar General of India ITI,SREEVEN INFOCOM LIMITED,0,1
Registrar General of India ITI,SREI INFRASTRUCTURE FINANCES L,16,0
Registrar General of India ITI,STRATEGIC OUTSOURCING SERVICE,14,0
Registrar General of India ITI,Satyanarayana Raju Company Pvt ltd,250,29
Registrar General of India ITI,Swathy Smartcards Hi-Tech Pvt,43,18
Registrar General of India ITI,Swiss Tech India Pvt Ltd,43,0
Registrar General of India ITI,VEETECHNOLOGIES PVT. LTD,2,0
Registrar General of India ITI,VIRGO SOFTECH LIMITED,56,13
Registrar General of India ITI,Vedavaag Systems Limited,424,4
Registrar General of India ITI,WEBEL TECHNOLOGY LIMITED,5284,240
State Bank of Bikaner & Jaipur,Multiwave Innovation,2,0
State Bank of India,CSS TECHNERGY LIMITED,1,0
State Bank of India,Smart Chip Limited,1,0
UIDAI-Registrar,UIDAI-EA,12,1
Union Bank,FINANCIAL INFORMATION NETWORK,2574,289
Union Bank,Smart Chip Limited,3535,164
Union Bank,Vakrangee Softwares Limited,609,44
