Registrar,Enrolment Agency,Aadhaar generated,Enrolment Rejected
Allahabad Bank,Vakrangee Softwares Limited,0,1
Bank Of India,A3 Logics  India  Ltd,449,31
Bank Of India,Blue Circle Instrument,786,42
Bank Of India,CHESSY CONSULTANTS PVT LTD,83,1
Bank Of India,DATASOFT COMPUTER SERVICES(P),8963,414
Bank Of India,Emdee Digitronics Pvt.Ltd.,1234,28
Bank Of India,Frontech Systems Pvt Ltd,966,5
Bank Of India,MANTRA SOFTTECH (INDIA) PVTLTD,1,0
Bank Of India,Matrix Processing House,3,0
Bank Of India,OSWAL COMPUTERS & CONSULTANTS,555,51
Bank Of India,PROTEX COMPUTER PVT LTD,362,10
Bank Of India,SARADA SYSTEMS,3438,194
Bank Of India,SHRIKRISHNA KHANDASARI SUGAR M,981,3
Bank Of India,SPANCO,18,0
Bank Of India,SREI INFRASTRUCTURE FINANCES L,11499,259
Bank Of India,Systematic & Advance Const P L,3,0
Bank Of India,VEETECHNOLOGIES PVT. LTD,676,17
Bank Of India,Vakrangee Softwares Limited,152,51
Bank of Baroda,Global Finsol Private Limited,50,0
Bank of Maharashtra,FINANCIAL INFORMATION NETWORK,332,6
Bank of Maharashtra,Micro Technologies India Ltd,83,1
Bank of Maharashtra,Tera Software Ltd,860,24
CSC e-Governance Services India Limited,A I Soc for Electronics and Comp Tech,5790,270
CSC e-Governance Services India Limited,AKSH OPTIFIBRE LIMITED,1804,111
CSC e-Governance Services India Limited,BASIX,2421,144
CSC e-Governance Services India Limited,CALANCE SOFTWARE PRIVATE LTD,65,1
CSC e-Governance Services India Limited,CMS Computers Ltd,3266,177
CSC e-Governance Services India Limited,CSC e-Governance Services India Limited,2630,200
CSC e-Governance Services India Limited,Intelligent Communication Sys India Ltd,246,18
CSC e-Governance Services India Limited,MANTRA SOFTTECH (INDIA) PVTLTD,3630,53
CSC e-Governance Services India Limited,Mahaonline Limited,544,14
CSC e-Governance Services India Limited,Network for Information & Computer,568,37
CSC e-Governance Services India Limited,SPANCO,2016,44
CSC e-Governance Services India Limited,Tera Software Ltd,129,18
CSC e-Governance Services India Limited,United Telecoms e-Services Pvt Ltd,2005,188
CSC e-Governance Services India Limited,VIKALP MULTIMEDIA,427,35
CSC e-Governance Services India Limited,Vakrangee Softwares Limited,263,2
CSC e-Governance Services India Limited,Vayam technologies Ltd,190,4
CSC e-Governance Services India Limited,Vedavaag Systems Limited,1845,151
CSC e-Governance Services India Limited,Zephyr System Pvt.Ltd.,5025,171
Canara Bank,FINANCIAL INFORMATION NETWORK,5,1
Canara Bank,Karvy Data Management Services,6966,504
Canara Bank,Ojus Healthcare Private Limited,126,6
Canara Bank,Osiris Infotech Pvt. Ltd.,1415,79
Canara Bank,Smart Chip Limited,5417,225
Central Bank of India,IAP COMPANY Pvt. Ltd,357,17
Central Bank of India,The Peerless General Finance,123,6
DENA BANK,ATISHAY INFOTECH PVT. LTD.,701,46
DENA BANK,AVVAS INFOTECH PVT  LTD,12221,834
DENA BANK,Asha Security Guard Services,819,55
DENA BANK,BNR UDYOG LIMITED,3103,8
DENA BANK,Binary Systems,2075,24
DENA BANK,Bloom Solutions Pvt Ltd,9953,115
DENA BANK,Business Information Processing Services,4496,15
DENA BANK,CALANCE SOFTWARE PRIVATE LTD,5243,113
DENA BANK,DATASOFT COMPUTER SERVICES(P),1970,79
DENA BANK,DEVASHISH SECURITIES PVT. LTD.,588,9
DENA BANK,Eagle Software India Pvt. Ltd,7399,257
DENA BANK,FINANCIAL INFORMATION NETWORK,2964,49
DENA BANK,Gem Computers,3034,40
DENA BANK,Gujarat Infotech Ltd.,1970,47
DENA BANK,IAP COMPANY Pvt. Ltd,22560,1086
DENA BANK,India Computer Technology,72,1
DENA BANK,JNET Technologies Pvt.Ltd,708,22
DENA BANK,K W Consulting P Ltd,3202,270
DENA BANK,M/S STAR DATA CENTRE,2117,10
DENA BANK,M/s Gold Square Builders & Promoters Pvt. Ltd.,2137,60
DENA BANK,MARS Telecom Systems Pvt Ltd,948,49
DENA BANK,MEGHA VINCOM PVT LTD,27479,484
DENA BANK,MKS Enterprises,4057,33
DENA BANK,Make India Smart Private Limited,1182,49
DENA BANK,Multiwave Innovation,11974,96
DENA BANK,NVR & ASSOCIATES LIMITED,276,13
DENA BANK,Narayana Electricals Solution Pvt Ltd,35,17
DENA BANK,Netlink software Pvt Ltd,3558,186
DENA BANK,Nielsen  India  Private Limited,493,0
DENA BANK,Offshoot Agency Pvt. Ltd.,5566,132
DENA BANK,Prodigy Systems and Services Private Limited,6,0
DENA BANK,Radiant Haroti Industries India Ltd,6121,366
DENA BANK,SGS INDIA PVT LTD,1609,20
DENA BANK,Silver Touch Technologies Ltd,246,5
DENA BANK,Soc for Advancement of Environ Science,2280,122
DENA BANK,Super Printers,8683,87
DENA BANK,Systematic & Advance Const P L,2877,103
DENA BANK,TechSmart India Pvt Ltd,9413,138
DENA BANK,Tera Software Ltd,4077,175
DENA BANK,Transline Technologies P Ltd,5270,190
DENA BANK,Utility Forms Pvt Ltd,807,157
DENA BANK,VAP INFOSOLUTIONS,5919,206
DENA BANK,VISION COMPTECH INTEGRATOR LTD,5891,101
DENA BANK,Vedavaag Systems Limited,13417,1259
DENA BANK,WEBEL,7577,402
DENA BANK,Zephyr System Pvt.Ltd.,6949,241
Delhi - East DC,DATASOFT COMPUTER SERVICES(P),47,3
Delhi - NE DC,Alankit Assignments Limited,0,1
Delhi - North DC,CALANCE SOFTWARE PRIVATE LTD,96,11
Delhi - North DC,NVR & ASSOCIATES LIMITED,145,3
Delhi- South DC,Karvy Computershare Private Li,30,3
Delhi- South DC,Smart Chip Limited,1,0
Delhi-NW DC,Karvy Computershare Private Li,150,3
Department of Information Technology Govt of Jharkhand,Blue Circle Instrument,34,8
Department of Information Technology Govt of Jharkhand,MKS Enterprises,0,1
Department of Information Technology Govt of Jharkhand,Smart ID,0,1
Department of Information Technology Govt of Jharkhand,Wipro Ltd,1,0
Dept of ITC Govt of Rajasthan,ATISHAY INFOTECH PVT. LTD.,2,0
Dept of ITC Govt of Rajasthan,AVVAS INFOTECH PVT  LTD,1693,99
Dept of ITC Govt of Rajasthan,Alankit Finsec Ltd,2,0
Dept of ITC Govt of Rajasthan,DATASOFT COMPUTER SERVICES(P),347,9
Dept of ITC Govt of Rajasthan,Gem Computers,2,0
Dept of ITC Govt of Rajasthan,MANTRA SOFTTECH (INDIA) PVTLTD,9,0
Dept of ITC Govt of Rajasthan,Netlink software Pvt Ltd,8,0
Dept of ITC Govt of Rajasthan,TechSmart India Pvt Ltd,312,26
Dept of ITC Govt of Rajasthan,Transline Technologies P Ltd,552,26
Dept of ITC Govt of Rajasthan,VIRGO SOFTECH LIMITED,57,4
Dept of ITC Govt of Rajasthan,Vakrangee Softwares Limited,378,10
Dept of ITC Govt of Rajasthan,Vayam technologies Ltd,243,9
FCR Govt of Haryana,4G INFORMATICS,308,12
FCR Govt of Haryana,Academy of Management Studies,406,21
FCR Govt of Haryana,Radiant Info Systems Ltd,875,29
FCR Govt of Haryana,SoftAge Information Technology Limited,931,91
FCR Govt of Haryana,Vakrangee Softwares Limited,4,4
FCR Govt of Haryana,Vayam technologies Ltd,358,88
FCS Govt of Punjab,District Sukhmani Society  Jalandhar  Punjab,24,7
FCS Govt of Punjab,District Sukhmani Society  Ludhiana  Punjab,251,30
FCS Govt of Punjab,District Sukhmani Society  Moga  Punjab,148,10
FCS Govt of Punjab,District Sukhmani Society Amritsar Punjab,84,8
FCS Govt of Punjab,District Sukhmani Society Barnala Punjab,120,12
FCS Govt of Punjab,District Sukhmani Society Bathinda Punjab,94,7
FCS Govt of Punjab,District Sukhmani Society Fatehgarh Sahib Punjab,96,4
FCS Govt of Punjab,District Sukhmani Society Fazilka Punjab,26,0
FCS Govt of Punjab,District Sukhmani Society Ferozepur Punjab,25,7
FCS Govt of Punjab,District Sukhmani Society For Citizen Services Mansa Punjab,51,4
FCS Govt of Punjab,District Sukhmani Society For Citizen Services Nawanshahr Punjab,92,14
FCS Govt of Punjab,District Sukhmani Society For Citizen Services SAS Nagar District e-Governance Society Punjab,56,4
FCS Govt of Punjab,District Sukhmani Society Pathankot Punjab,47,3
FCS Govt of Punjab,District Sukhmani Society Patiala Punjab,24,2
FCS Govt of Punjab,District Sukhmani Society Rupnagar Punjab,61,2
FCS Govt of Punjab,District Sukhmani Society Sangrur Punjab,85,6
FCS Govt of Punjab,District Sukhmani Society Sri Muktsar Sahib Punjab,40,11
FCS Govt of Punjab,District Sukhmani Society Tarn Taran Punjab,14,1
FCS Govt of Punjab,Karvy Computershare Private Li,432,87
FCS Govt of Punjab,Sukhmani Society For Citizen Services  Kapurthala  Punjab,29,0
FCS Govt of Punjab,Sukhmani Society For Citizen Services Gurdaspur Punjab,1,0
FCS Govt of Punjab,Sukhmani Society For Citizens Services Faridkot Punjab,97,8
FCS Govt of Punjab,Suwidha Society Hoshiarpur Punjab,74,5
FCS Govt of Punjab,Vayam technologies Ltd,112,21
FCS Govt of Punjab,eCentric solutions pvt ltd,1137,30
Govt of Andhra Pradesh,Gouthami Educational Society,2,0
Govt of Andhra Pradesh,GrapeSoft,36,7
Govt of Andhra Pradesh,INFRONICS SYSTEMS LTD,17,7
Govt of Goa,MARS Telecom Systems Pvt Ltd,76,1
Govt of Gujarat,GSS Infotech Ltd,215,5
Govt of Gujarat,Karvy Computershare Private Li,4137,242
Govt of Gujarat,Silver Touch Technologies Ltd,3196,260
Govt of Gujarat,Tera Software Ltd,3001,139
Govt of Gujarat,Vayam technologies Ltd,577,10
Govt of Gujarat,eCentric solutions pvt ltd,402,2
Govt of Karnataka ,Bloom Solutions Pvt Ltd,77,0
Govt of Karnataka ,MARS Telecom Systems Pvt Ltd,0,1
Govt of Karnataka ,Ninestars Information Technologies Ltd,2,0
Govt of Karnataka ,Origin ITFS Pvt Ltd,2,0
Govt of Karnataka ,SREEVEN INFOCOM LIMITED,4,1
Govt of Kerala,Akshaya,3430,207
Govt of Kerala,Keltron,2,0
Govt of Maharashtra,Adcc Infocad Pvt.Ltd Nagpur,10,5
Govt of Maharashtra,Alankit Finsec Ltd,10,0
Govt of Maharashtra,Bharat Technical Solutions Private Limited,24,3
Govt of Maharashtra,Global Finsol Private Limited,70,0
Govt of Maharashtra,Karvy Computershare Private Li,301,17
Govt of Maharashtra,M/S King Computer System pvt Ltd,2,0
Govt of Maharashtra,M/s. Vidya Online  Pune,10,0
Govt of Maharashtra,Narayana Electricals Solution Pvt Ltd,0,1
Govt of Maharashtra,Netlink software Pvt Ltd,311,3
Govt of Maharashtra,SETU MAHARASHTRA,197,4
Govt of Maharashtra,SHREERAM PRINTING PRESS,37,0
Govt of Maharashtra,SILVER JUBILEE MOTORS LTD.,174,0
Govt of Maharashtra,SPANCO,329,6
Govt of Maharashtra,STRATEGIC OUTSOURCING SERVICE,290,3
Govt of Maharashtra,Silver Touch Technologies Ltd,241,48
Govt of Maharashtra,Transline Technologies P Ltd,12,0
Govt of Sikkim - Dept of Econo,Department of Economics Statistics  Monitoring and Evaluation DESME,43,1
IDBI Bank ltd,ATISHAY INFOTECH PVT. LTD.,258,13
IDBI Bank ltd,Matrix Processing House,146,0
IDBI Bank ltd,SREEVEN INFOCOM LIMITED,314,80
IDBI Bank ltd,UTI TECHNOLOGY SERVICES LIMITE,7,1
Indiapost,Delhi Integrated MMTS Ltd,3,0
Indiapost,MARS Telecom Systems Pvt Ltd,76,0
Indiapost,Vayam technologies Ltd,20,6
Indiapost,WEBEL,42,6
Information Technology & Communication Department,4G INFORMATICS,2,0
Information Technology & Communication Department,Directorate of ESD,2651,259
Information Technology & Communication Department,JYOTHI COMPUTER SERVICES,6,0
Information Technology & Communication Department,MARS Telecom Systems Pvt Ltd,104,1
Information Technology & Communication Department,Tera Software Ltd,2,0
Jharkhand,Emdee Digitronics Pvt.Ltd.,87,1
Jharkhand,Nevaeh Technology Pvt. Ltd.,1,0
Jharkhand,VISION COMPTECH INTEGRATOR LTD,1,0
Jharkhand,Wipro Ltd,1553,648
NSDL e-Governance Infrastructure Limited,Abhipra Capital Ltd,3015,128
NSDL e-Governance Infrastructure Limited,Alankit Assignments Limited,1025,91
NSDL e-Governance Infrastructure Limited,Alankit Finsec Ltd,8455,544
NSDL e-Governance Infrastructure Limited,Gujarat Infotech Ltd.,9753,370
NSDL e-Governance Infrastructure Limited,INTEGRATED REGISTRY SERVICES LTD,103,1
NSDL e-Governance Infrastructure Limited,Karvy Data Management Services,36244,1895
NSDL e-Governance Infrastructure Limited,N.K. Sharma Enterprises Ltd.,1142,15
NSDL e-Governance Infrastructure Limited,Netlink software Pvt Ltd,712,26
NSDL e-Governance Infrastructure Limited,Offshoot Agency Pvt. Ltd.,3660,77
NSDL e-Governance Infrastructure Limited,PROWIZ MANSYTEMS PVT LTD,14,0
NSDL e-Governance Infrastructure Limited,Promind Solutions P Limited,16137,554
NSDL e-Governance Infrastructure Limited,RELIGARE SECURITIES LTD,739,25
NSDL e-Governance Infrastructure Limited,Radiant Haroti Industries India Ltd,1770,24
NSDL e-Governance Infrastructure Limited,Sri Ramraja Sarkar Lok Kalyan Trust,3006,260
NSDL e-Governance Infrastructure Limited,Utility Forms Pvt Ltd,2549,44
NSDL e-Governance Infrastructure Limited,VIRGO SOFTECH LIMITED,5,0
Oriental Bank of Commerce,DATASOFT COMPUTER SERVICES(P),1405,76
Oriental Bank of Commerce,JNET Technologies Pvt.Ltd,174,22
Oriental Bank of Commerce,Sri Ramraja Sarkar Lok Kalyan Trust,505,52
Oriental Bank of Commerce,Wipro Ltd,14,2
Principal Revenue Commissioner  Dept of Revenue  Govt of MP,Frontech Systems Pvt Ltd,4565,89
Principal Revenue Commissioner  Dept of Revenue  Govt of MP,GDC Advertising Pvt. Limited,1026,75
Principal Revenue Commissioner  Dept of Revenue  Govt of MP,K W Consulting P Ltd,3702,332
Principal Revenue Commissioner  Dept of Revenue  Govt of MP,LYRA  CONSULTANCY SERVICE,807,82
Principal Revenue Commissioner  Dept of Revenue  Govt of MP,Netlink software Pvt Ltd,465,10
Principal Revenue Commissioner  Dept of Revenue  Govt of MP,OSWAL COMPUTERS & CONSULTANTS,534,89
Principal Revenue Commissioner  Dept of Revenue  Govt of MP,Tera Software Ltd,806,66
Principal Revenue Commissioner  Dept of Revenue  Govt of MP,Vedavaag Systems Limited,5786,667
Punjab and Sind Bank,Matrix Processing House,1101,30
RDD Govt of Tripura,Alankit Assignments Limited,0,1
Registrar General India - BEL,In Media Computer Services LLP,9,66
Registrar General India BEL2,Alankit Assignments Limited,12,0
Registrar General India BEL2,Chinar Construction Company Prime agency,1777,7
Registrar General India BEL2,Computer LAB,204,2
Registrar General India BEL2,Eagle Software India Pvt. Ltd,69,1
Registrar General India BEL2,Emdee Digitronics Pvt.Ltd.,960,36
Registrar General India BEL2,In Media Computer Services LLP,1,0
Registrar General India BEL2,India Computer Technology,8566,423
Registrar General India BEL2,Karvy Data Management Services,170,1
Registrar General India BEL2,MACRO INFOTECH PVT LTD,557,556
Registrar General India BEL2,MKS Enterprises,3,0
Registrar General India BEL2,Madras Security Printers Ltd,3389,106
Registrar General India BEL2,Manipur Electronics Dev Corp,261,0
Registrar General India BEL2,Multiwave Innovation,5178,110
Registrar General India BEL2,NVR & ASSOCIATES LIMITED,476,2
Registrar General India BEL2,Netlink software Pvt Ltd,134,4
Registrar General India BEL2,Nevaeh Technology Pvt. Ltd.,6822,173
Registrar General India BEL2,Nielsen  India  Private Limited,98,52
Registrar General India BEL2,Om Softwares,2358,164
Registrar General India BEL2,Satyanarayana Raju Company Pvt ltd,1892,4
Registrar General India BEL2,Swathy Smartcards Hi-Tech Pvt,5764,360
Registrar General India BEL2,Swiss Tech India Pvt Ltd,746,194
Registrar General India BEL2,Tera Software Ltd,2847,471
Registrar General India BEL2,UNITED DATA SERVICES PRIVATE LIMITED,1395,60
Registrar General India BEL2,VIRGO SOFTECH LIMITED,1348,84
Registrar General India BEL2,Vansh Infotech Pvt Ltd,1122,22
Registrar General India BEL2,Vedavaag Systems Limited,590,200
Registrar General India BEL2,Viesa Technologies,292,12
Registrar General India BEL2,WEBEL,1,0
Registrar General India ECIL,AVVAS INFOTECH PVT  LTD,814,26
Registrar General India ECIL,BUSINESS INFORMATION PROCESSING SERVICES,2039,2
Registrar General India ECIL,COMTECHINFO SOLUTIONS PVT.LTD,14372,368
Registrar General India ECIL,Chinar Construction Company Prime agency,10679,109
Registrar General India ECIL,Computer LAB,2807,411
Registrar General India ECIL,Eagle Software India Pvt. Ltd,50466,8610
Registrar General India ECIL,Esoft Consulting Limited,8931,102
Registrar General India ECIL,In Media Computer Services LLP,6357,2127
Registrar General India ECIL,India Computer Technology,6620,234
Registrar General India ECIL,Integrated Systems & Services,336,0
Registrar General India ECIL,Karvy Data Management Services,5836,158
Registrar General India ECIL,Krishna Infotech,1,0
Registrar General India ECIL,LYRA  CONSULTANCY SERVICE,14,0
Registrar General India ECIL,Madras Security Printers Ltd,26599,5813
Registrar General India ECIL,Mphasis Ltd,6,0
Registrar General India ECIL,Nielsen  India  Private Limited,167,4
Registrar General India ECIL,Pioneer E Labs limited,2,0
Registrar General India ECIL,SWISSTECH NPR 57CR PROJECT PVT,63,0
Registrar General India ECIL,Tera Software Ltd,2,0
Registrar General India ECIL,Vedavaag Systems Limited,9,0
Registrar General India Others,COMTECHINFO SOLUTIONS PVT.LTD,3,1
Registrar General India Others,Eagle Software India Pvt. Ltd,1,0
Registrar General India Others,Karvy Data Management Services,1,0
Registrar General India Others,Swathy Smartcards Hi-Tech Pvt,2,3
Registrar General India Others,Webx Technologies Private Limited,0,11
Registrar General of India ITI,CommunitiWorks Welfare Society,2,0
Registrar General of India ITI,Eagle Software India Pvt. Ltd,838,681
Registrar General of India ITI,Emdee Digitronics Pvt.Ltd.,5865,477
Registrar General of India ITI,In Media Computer Services LLP,792,1
Registrar General of India ITI,Karvy Data Management Services,2206,361
Registrar General of India ITI,MACRO INFOTECH PVT LTD,63,3
Registrar General of India ITI,Madras Security Printers Ltd,965,773
Registrar General of India ITI,Mphasis Ltd,1,1
Registrar General of India ITI,Netlink software Pvt Ltd,24,0
Registrar General of India ITI,Nielsen  India  Private Limited,1,0
Registrar General of India ITI,PROTEX COMPUTER PVT LTD,10,0
Registrar General of India ITI,SREI INFRASTRUCTURE FINANCES L,50,0
Registrar General of India ITI,Satyanarayana Raju Company Pvt ltd,3317,425
Registrar General of India ITI,Swathy Smartcards Hi-Tech Pvt,315,2
Registrar General of India ITI,VIRGO SOFTECH LIMITED,535,261
Registrar General of India ITI,Vedavaag Systems Limited,1,1
Registrar General of India ITI,WEBEL TECHNOLOGY LIMITED,27176,1154
State Bank of India,4G IDENTITY SOLUTIONS,0,2
UIDAI-Registrar,UIDAI-EA,14,1
Union Bank,FINANCIAL INFORMATION NETWORK,10209,577
Union Bank,Smart Chip Limited,7607,215
Union Bank,Vakrangee Softwares Limited,3986,178
