State,District,Aadhaar generated,Enrolment Rejected
Andaman and Nicobar Islands,Andamans,2,0
Andaman and Nicobar Islands,North And Middle Andaman,2,0
Andaman and Nicobar Islands,South Andaman,17,0
Andhra Pradesh,Adilabad,610,320
Andhra Pradesh,Ananthapur,1138,222
Andhra Pradesh,Chittoor,2034,508
Andhra Pradesh,Cuddapah,1309,691
Andhra Pradesh,East Godavari,361,454
Andhra Pradesh,Guntur,632,274
Andhra Pradesh,Hyderabad,1870,614
Andhra Pradesh,Karimnagar,1219,403
Andhra Pradesh,Khammam,1397,546
Andhra Pradesh,Krishna,470,275
Andhra Pradesh,Kurnool,4665,1033
Andhra Pradesh,Mahbubnagar,6907,1298
Andhra Pradesh,Medak,1370,916
Andhra Pradesh,Nalgonda,969,81
Andhra Pradesh,Nellore,2107,55
Andhra Pradesh,Nizamabad,1208,1153
Andhra Pradesh,Prakasam,634,424
Andhra Pradesh,Ranga Reddy,2270,1920
Andhra Pradesh,Srikakulam,78,143
Andhra Pradesh,Visakhapatnam,2770,373
Andhra Pradesh,Vizianagaram,7683,749
Andhra Pradesh,Warangal,1029,131
Andhra Pradesh,West Godavari,1761,399
Arunachal Pradesh,Lohit,1,0
Arunachal Pradesh,Lower Dibang Valley,1,0
Arunachal Pradesh,Papum Pare,288,0
Arunachal Pradesh,Tirap,1,0
Arunachal Pradesh,West Kameng,68,0
Assam,Baksa,7,1
Assam,Barpeta,13,0
Assam,Bongaigaon,14,0
Assam,Cachar,19,2
Assam,Chirang,4,0
Assam,Darrang,3,0
Assam,Dhemaji,2,0
Assam,Dhubri,7,0
Assam,Dibrugarh,3,0
Assam,Goalpara,3,1
Assam,Golaghat,10,0
Assam,Hailakandi,6,0
Assam,Jorhat,7,1
Assam,Kamrup,16,0
Assam,Kamrup Metro,2,0
Assam,Karbi Anglong,3,0
Assam,Karimganj,5,0
Assam,Kokrajhar,5,0
Assam,Lakhimpur,2,0
Assam,Marigaon,6,0
Assam,Nagaon,22,0
Assam,Sibsagar,10,0
Assam,Sonitpur,12,1
Assam,Tinsukia,7,0
Assam,Udalguri,8,1
Bihar,Araria,78,17
Bihar,Arwal,568,104
Bihar,Aurangabad,130,8
Bihar,Aurangabad(BH),0,1
Bihar,Banka,494,69
Bihar,Begusarai,824,21
Bihar,Bhagalpur,736,22
Bihar,Bhojpur,282,13
Bihar,Buxar,128,3
Bihar,Darbhanga,1473,384
Bihar,East Champaran,1290,42
Bihar,Gaya,468,96
Bihar,Gopalganj,1380,16
Bihar,Jamui,644,18
Bihar,Jehanabad,44,1
Bihar,Kaimur (Bhabua),57,0
Bihar,Katihar,15427,1560
Bihar,Khagaria,90,2
Bihar,Kishanganj,4912,205
Bihar,Lakhisarai,949,62
Bihar,Madhepura,50,2
Bihar,Madhubani,339,6
Bihar,Munger,200,3
Bihar,Muzaffarpur,352,8
Bihar,Nalanda,2555,1387
Bihar,Nawada,152,3
Bihar,Patna,2780,392
Bihar,Purnia,3103,1703
Bihar,Rohtas,402,6
Bihar,Saharsa,4943,64
Bihar,Samastipur,192,12
Bihar,Saran,333,9
Bihar,Sheikhpura,60,15
Bihar,Sheohar,225,24
Bihar,Sitamarhi,133,3
Bihar,Siwan,316,7
Bihar,Supaul,590,51
Bihar,Vaishali,305,22
Bihar,West Champaran,146,3
Chandigarh,Chandigarh,770,23
Chhattisgarh,Balod,917,154
Chhattisgarh,Baloda Bazar,35,2
Chhattisgarh,Balrampur,3,0
Chhattisgarh,Bastar,17,1
Chhattisgarh,Bemetara,62,0
Chhattisgarh,Bilaspur,44,0
Chhattisgarh,Dantewada,1,0
Chhattisgarh,Dhamtari,267,17
Chhattisgarh,Durg,1526,402
Chhattisgarh,Gariyaband,425,0
Chhattisgarh,Janjgir Champa,134,1
Chhattisgarh,Janjgir-champa,537,8
Chhattisgarh,Jashpur,18,0
Chhattisgarh,Kanker,3,0
Chhattisgarh,Kawardha,5,0
Chhattisgarh,Korba,1440,3
Chhattisgarh,Koriya,396,492
Chhattisgarh,Mahasamund,1477,2
Chhattisgarh,Mungeli,746,1
Chhattisgarh,Raigarh,612,0
Chhattisgarh,Raipur,1975,48
Chhattisgarh,Rajnandgaon,528,22
Chhattisgarh,Surajpur,1353,10
Chhattisgarh,Surguja,19,2
Dadra and Nagar Haveli,Dadra and Nagar Haveli,341,1
Daman and Diu,Daman,68,8
Daman and Diu,Diu,0,3
Delhi,Central Delhi,676,39
Delhi,East Delhi,1455,138
Delhi,Najafgarh,0,1
Delhi,New Delhi,44,16
Delhi,North Delhi,317,29
Delhi,North East,4,3
Delhi,North East Delhi,674,133
Delhi,North West Delhi,2095,225
Delhi,South Delhi,3592,489
Delhi,South West Delhi,1033,84
Delhi,West Delhi,1373,88
Goa,Bardez,0,1
Goa,North Goa,47,7
Goa,South Goa,57,2
Gujarat,Ahmedabad,21017,624
Gujarat,Amreli,3433,57
Gujarat,Anand,7645,208
Gujarat,Banaskantha,7279,413
Gujarat,Bharuch,10527,392
Gujarat,Bhavnagar,8436,339
Gujarat,Dahod,3681,229
Gujarat,Gandhinagar,4618,43
Gujarat,Jamnagar,9729,152
Gujarat,Junagadh,10094,330
Gujarat,Kachchh,2943,59
Gujarat,Kheda,13114,127
Gujarat,Mahesana,12490,169
Gujarat,Narmada,1425,122
Gujarat,Navsari,3180,122
Gujarat,Panchmahal,6223,501
Gujarat,Patan,4622,462
Gujarat,Porbandar,1674,151
Gujarat,Rajkot,13437,444
Gujarat,Sabarkantha,5067,307
Gujarat,Surat,13262,1839
Gujarat,Surendra Nagar,126,1
Gujarat,Surendranagar,5809,170
Gujarat,Tapi,2007,43
Gujarat,The Dangs,313,1
Gujarat,Vadodara,14565,343
Gujarat,Valsad,6169,75
Haryana,Ambala,622,38
Haryana,Bhiwani,3402,234
Haryana,Faridabad,3638,328
Haryana,Fatehabad,742,84
Haryana,Gurgaon,3266,228
Haryana,Hisar,2080,143
Haryana,Jhajjar,1265,47
Haryana,Jind,1479,210
Haryana,Kaithal,759,98
Haryana,Karnal,2140,229
Haryana,Kurukshetra,1003,187
Haryana,Mahendragarh,1250,44
Haryana,Mewat,2223,275
Haryana,Palwal,1267,49
Haryana,Panchkula,286,18
Haryana,Panipat,1060,303
Haryana,Rewari,2439,179
Haryana,Rohtak,994,40
Haryana,Sirsa,1897,86
Haryana,Sonipat,659,84
Haryana,Yamuna Nagar,1832,118
Himachal Pradesh,Bilaspur,58,11
Himachal Pradesh,Chamba,279,40
Himachal Pradesh,Hamirpur,58,3
Himachal Pradesh,Kangra,571,334
Himachal Pradesh,Kinnaur,53,6
Himachal Pradesh,Kullu,142,8
Himachal Pradesh,Lahul and Spiti,4,0
Himachal Pradesh,Mandi,169,17
Himachal Pradesh,Shimla,632,38
Himachal Pradesh,Sirmaur,248,18
Himachal Pradesh,Solan,352,21
Himachal Pradesh,Una,84,10
Jammu and Kashmir,Anantnag,2651,4
Jammu and Kashmir,Badgam,143,0
Jammu and Kashmir,Bandipore,3922,18
Jammu and Kashmir,Baramula,2534,10
Jammu and Kashmir,Doda,806,2
Jammu and Kashmir,Jammu,618,3
Jammu and Kashmir,Kargil,175,0
Jammu and Kashmir,Kathua,275,0
Jammu and Kashmir,Kupwara,2699,9
Jammu and Kashmir,Leh,191,0
Jammu and Kashmir,Pulwama,22,0
Jammu and Kashmir,Punch,5,0
Jammu and Kashmir,Rajouri,17,0
Jammu and Kashmir,Reasi,26,423
Jammu and Kashmir,Srinagar,1909,8
Jammu and Kashmir,Udhampur,200,5
Jharkhand,Bokaro,908,255
Jharkhand,Chatra,1536,597
Jharkhand,Deoghar,1752,633
Jharkhand,Dhanbad,2220,239
Jharkhand,Dumka,472,261
Jharkhand,East Singhbhum,2067,48
Jharkhand,Garhwa,1597,451
Jharkhand,Giridih,1763,1588
Jharkhand,Godda,896,783
Jharkhand,Gumla,1002,264
Jharkhand,Hazaribagh,708,240
Jharkhand,Jamtara,656,271
Jharkhand,Khunti,504,81
Jharkhand,Koderma,628,842
Jharkhand,Latehar,1128,422
Jharkhand,Lohardaga,447,183
Jharkhand,Pakur,687,113
Jharkhand,Palamu,2341,686
Jharkhand,Ramgarh,380,689
Jharkhand,Ranchi,1857,242
Jharkhand,Sahibganj,1653,642
Jharkhand,Seraikela-Kharsawan,327,22
Jharkhand,Simdega,988,151
Jharkhand,West Singhbhum,990,460
Karnataka,Bagalkot,5068,41
Karnataka,Bangalore,8194,336
Karnataka,Bangalore Rural,991,57
Karnataka,Belgaum,7283,993
Karnataka,Bellary,7053,237
Karnataka,Bidar,2808,200
Karnataka,Bijapur,2528,74
Karnataka,Bijapur(KAR),9,0
Karnataka,Chamarajanagar,6326,221
Karnataka,Chikkaballapur,975,11
Karnataka,Chikmagalur,1116,28
Karnataka,Chitradurga,1722,100
Karnataka,Dakshina Kannada,1925,197
Karnataka,Davangere,852,9
Karnataka,Dharwad,640,140
Karnataka,Gadag,141,7
Karnataka,Gulbarga,4102,568
Karnataka,Hassan,5297,82
Karnataka,Haveri,930,6
Karnataka,Kodagu,554,1
Karnataka,Kolar,1417,124
Karnataka,Koppal,1676,6
Karnataka,Mandya,8645,72
Karnataka,Mysore,157,40
Karnataka,Raichur,2796,110
Karnataka,Ramanagar,2119,67
Karnataka,Shimoga,4491,95
Karnataka,Tumkur,200,16
Karnataka,Udupi,811,19
Karnataka,Uttara Kannada,1050,32
Karnataka,Yadgir,1556,34
Kerala,Alappuzha,852,31
Kerala,Ernakulam,1189,55
Kerala,Idukki,189,4
Kerala,Kannur,1224,46
Kerala,Kasaragod,454,17
Kerala,Kollam,666,50
Kerala,Kottayam,968,11
Kerala,Kozhikode,960,37
Kerala,Malappuram,2470,64
Kerala,Palakkad,1216,46
Kerala,Pathanamthitta,281,4
Kerala,Thiruvananthapuram,1354,27
Kerala,Thrissur,1802,11
Kerala,Wayanad,80,2
Lakshadweep,Lakshadweep,6,0
Madhya Pradesh,Alirajpur,3184,794
Madhya Pradesh,Anuppur,2564,367
Madhya Pradesh,Ashok Nagar,1058,151
Madhya Pradesh,Balaghat,3628,436
Madhya Pradesh,Barwani,2256,412
Madhya Pradesh,Betul,4570,282
Madhya Pradesh,Bhind,1612,100
Madhya Pradesh,Bhopal,2018,210
Madhya Pradesh,Burhanpur,270,59
Madhya Pradesh,Chhatarpur,4258,504
Madhya Pradesh,Chhindwara,5944,771
Madhya Pradesh,Damoh,3095,191
Madhya Pradesh,Datia,1039,154
Madhya Pradesh,Dewas,1748,109
Madhya Pradesh,Dhar,8524,873
Madhya Pradesh,Dindori,2576,722
Madhya Pradesh,Guna,1474,526
Madhya Pradesh,Gwalior,2681,174
Madhya Pradesh,Harda,136,52
Madhya Pradesh,Hoshangabad,323,44
Madhya Pradesh,Indore,3481,195
Madhya Pradesh,Jabalpur,1368,189
Madhya Pradesh,Jhabua,3343,2035
Madhya Pradesh,Katni,4090,394
Madhya Pradesh,Khandwa,266,81
Madhya Pradesh,Khargone,5115,383
Madhya Pradesh,Mandla,3363,470
Madhya Pradesh,Mandsaur,1741,145
Madhya Pradesh,Morena,2315,165
Madhya Pradesh,Narsinghpur,1489,317
Madhya Pradesh,Neemuch,1247,34
Madhya Pradesh,Panna,1536,172
Madhya Pradesh,Raisen,4200,362
Madhya Pradesh,Rajgarh,1222,142
Madhya Pradesh,Ratlam,2126,512
Madhya Pradesh,Rewa,4337,733
Madhya Pradesh,Sagar,3064,408
Madhya Pradesh,Satna,3791,410
Madhya Pradesh,Sehore,3618,298
Madhya Pradesh,Seoni,2473,411
Madhya Pradesh,Shahdol,3625,649
Madhya Pradesh,Shajapur,1532,296
Madhya Pradesh,Sheopur,305,2
Madhya Pradesh,Shivpuri,1534,264
Madhya Pradesh,Sidhi,1302,224
Madhya Pradesh,Singrauli,1898,475
Madhya Pradesh,Tikamgarh,1473,299
Madhya Pradesh,Ujjain,5473,351
Madhya Pradesh,Umaria,3436,239
Madhya Pradesh,Vidisha,2019,184
Maharashtra,Ahmednagar,3723,621
Maharashtra,Akola,2378,193
Maharashtra,Amravati,1398,300
Maharashtra,Aurangabad,3269,427
Maharashtra,Beed,4115,245
Maharashtra,Bhandara,1058,53
Maharashtra,Buldhana,7479,1270
Maharashtra,Chandrapur,2270,185
Maharashtra,Dhule,1850,297
Maharashtra,Gadchiroli,5342,208
Maharashtra,Gondia,931,130
Maharashtra,Hingoli,4027,103
Maharashtra,Jalgaon,3150,203
Maharashtra,Jalna,2035,239
Maharashtra,Kolhapur,5790,132
Maharashtra,Latur,1992,249
Maharashtra,Mumbai,6192,436
Maharashtra,Nagpur,4703,312
Maharashtra,Nanded,7131,477
Maharashtra,Nandurbar,718,193
Maharashtra,Nashik,7266,633
Maharashtra,Osmanabad,2791,257
Maharashtra,Parbhani,4914,225
Maharashtra,Pune,7883,460
Maharashtra,Raigad,9449,692
Maharashtra,Ratnagiri,1772,49
Maharashtra,Sangli,2841,121
Maharashtra,Satara,4279,443
Maharashtra,Sindhudurg,4267,110
Maharashtra,Solapur,12578,606
Maharashtra,Thane,9673,455
Maharashtra,Wardha,1022,117
Maharashtra,Washim,3339,239
Maharashtra,Yavatmal,7061,1321
Manipur,Bishnupur,2,1
Manipur,Chandel,31,0
Manipur,Churachandpur,52,1
Manipur,Imphal East,122,0
Manipur,Imphal West,381,0
Manipur,Senapati,5,0
Manipur,Tamenglong,143,0
Manipur,Thoubal,8,0
Manipur,Ukhrul,1,0
Meghalaya,East Garo Hills,1,0
Meghalaya,East Khasi Hills,16,0
Meghalaya,West Garo Hills,2,0
Mizoram,Aizawl,1,3
Mizoram,Kolasib,0,2
Mizoram,Lunglei,1,0
Mizoram,Serchhip,27,1
Nagaland,Dimapur,2,0
Nagaland,Kohima,1,0
Nagaland,Mokokchung,0,1
Nagaland,Mon,99,0
Nagaland,Wokha,0,1
Odisha,Angul,6,0
Odisha,Anugul,657,5
Odisha,Balangir,2822,1480
Odisha,Baleswar,531,4
Odisha,Bargarh,1046,3
Odisha,Baudh,89,2
Odisha,Bhadrak,1435,845
Odisha,Boudh,994,9713
Odisha,Cuttack,1524,27
Odisha,Debagarh,78,0
Odisha,Dhenkanal,255,0
Odisha,Gajapati,885,3
Odisha,Ganjam,5499,516
Odisha,Jagatsinghapur,156,1
Odisha,Jajapur,4037,443
Odisha,Jharsuguda,3,0
Odisha,Kalahandi,1205,11
Odisha,Kandhamal,960,4
Odisha,Kendrapara,163,1
Odisha,Kendujhar,3559,6
Odisha,Khorda,1004,217
Odisha,Khordha,36,1
Odisha,Koraput,1360,12
Odisha,Malkangiri,4,0
Odisha,Mayurbhanj,7707,309
Odisha,Nabarangapur,2562,14
Odisha,Nayagarh,683,8
Odisha,Nuapada,297,3
Odisha,Puri,32,4
Odisha,Rayagada,4783,53
Odisha,Sambalpur,632,1
Odisha,Sonapur,8,0
Odisha,Sundergarh,2053,5
Others,Others,1279,1113
Puducherry,Karaikal,126,0
Puducherry,Puducherry,79,7
Punjab,Amritsar,4126,319
Punjab,Barnala,158,15
Punjab,Bathinda,897,80
Punjab,Faridkot,612,59
Punjab,Fatehgarh Sahib,255,29
Punjab,Fazilka,1170,106
Punjab,Firozpur,1853,76
Punjab,Gurdaspur,1059,199
Punjab,Hoshiarpur,1249,47
Punjab,Jalandhar,2165,155
Punjab,Kapurthala,1018,32
Punjab,Ludhiana,3578,176
Punjab,Mansa,1135,60
Punjab,Moga,770,40
Punjab,Muktsar,2,1
Punjab,Pathankot,285,230
Punjab,Patiala,1709,226
Punjab,Rupnagar,439,45
Punjab,SAS Nagar (Mohali),841,20
Punjab,Sangrur,1605,101
Punjab,Shaheed Bhagat Singh Nagar,491,10
Punjab,Sri Muktsar Sahib,1506,92
Punjab,Tarn Taran,2150,194
Rajasthan,Ajmer,655,105
Rajasthan,Alwar,1316,388
Rajasthan,Banswara,5150,439
Rajasthan,Baran,1185,57
Rajasthan,Barmer,5868,692
Rajasthan,Bharatpur,3421,78
Rajasthan,Bhilwara,2585,276
Rajasthan,Bikaner,3840,289
Rajasthan,Bundi,1342,125
Rajasthan,Chittorgarh,3076,369
Rajasthan,Churu,1208,106
Rajasthan,Dausa,904,227
Rajasthan,Dholpur,824,86
Rajasthan,Dungarpur,4591,111
Rajasthan,Ganganagar,1691,81
Rajasthan,Hanumangarh,2809,458
Rajasthan,Jaipur,5294,372
Rajasthan,Jaisalmer,2356,119
Rajasthan,Jalor,2057,467
Rajasthan,Jhalawar,638,165
Rajasthan,Jhunjhunu,997,68
Rajasthan,Jodhpur,6673,550
Rajasthan,Karauli,2425,54
Rajasthan,Kota,1529,185
Rajasthan,Nagaur,4472,271
Rajasthan,Pali,2000,364
Rajasthan,Pratapgarh,5330,432
Rajasthan,Rajsamand,565,133
Rajasthan,Sawai Madhopur,1532,98
Rajasthan,Sikar,2316,407
Rajasthan,Sirohi,1014,120
Rajasthan,Tonk,2294,160
Rajasthan,Udaipur,1745,676
Sikkim,East Sikkim,47,0
Sikkim,North Sikkim,10,2
Sikkim,South Sikkim,27,0
Sikkim,West Sikkim,50,1
Tamil Nadu,Ariyalur,291,2
Tamil Nadu,Chennai,4407,137
Tamil Nadu,Coimbatore,2719,28
Tamil Nadu,Cuddalore,723,3
Tamil Nadu,Dharmapuri,1356,2
Tamil Nadu,Dindigul,1480,2
Tamil Nadu,Erode,1206,4
Tamil Nadu,Kancheepuram,2424,8
Tamil Nadu,Kanniyakumari,224,0
Tamil Nadu,Kanyakumari,2393,0
Tamil Nadu,Karur,317,0
Tamil Nadu,Krishnagiri,1005,0
Tamil Nadu,Madurai,1872,0
Tamil Nadu,Nagapattinam,893,1
Tamil Nadu,Namakkal,1785,1
Tamil Nadu,Perambalur,254,0
Tamil Nadu,Pudukkottai,223,0
Tamil Nadu,Ramanathapuram,423,1
Tamil Nadu,Salem,1899,7
Tamil Nadu,Sivaganga,1346,4
Tamil Nadu,Thanjavur,1930,2
Tamil Nadu,The Nilgiris,602,9
Tamil Nadu,Theni,780,2
Tamil Nadu,Thiruvarur,690,0
Tamil Nadu,Thoothukudi,2253,3
Tamil Nadu,Tiruchirappalli,587,7
Tamil Nadu,Tirunelveli,2954,7
Tamil Nadu,Tirupur,2336,154
Tamil Nadu,Tiruvallur,7895,162
Tamil Nadu,Tiruvannamalai,1511,27
Tamil Nadu,Tiruvarur,1,0
Tamil Nadu,Vellore,3482,25
Tamil Nadu,Viluppuram,2059,1
Tamil Nadu,Virudhunagar,3233,6
Tripura,Dhalai,60,10
Tripura,Gomati,25,0
Tripura,Khowai,6,8
Tripura,North Tripura,191,6
Tripura,Sepahijala,16,0
Tripura,South Tripura,8,0
Tripura,Unakoti,24,2
Tripura,West Tripura,102,9
Uttar Pradesh,Agra,2436,191
Uttar Pradesh,Aligarh,1596,101
Uttar Pradesh,Allahabad,6422,150
Uttar Pradesh,Ambedkar Nagar,155,3
Uttar Pradesh,Amethi,4946,445
Uttar Pradesh,Amroha,4487,479
Uttar Pradesh,Auraiya,66,12
Uttar Pradesh,Azamgarh,1486,83
Uttar Pradesh,Baghpat,5894,318
Uttar Pradesh,Bahraich,54,0
Uttar Pradesh,Ballia,1087,18
Uttar Pradesh,Balrampur,4975,78
Uttar Pradesh,Banda,1270,90
Uttar Pradesh,Barabanki,364,23
Uttar Pradesh,Bareilly,2652,458
Uttar Pradesh,Basti,693,124
Uttar Pradesh,Bijnor,7593,415
Uttar Pradesh,Budaun,65,7
Uttar Pradesh,Bulandshahr,5482,1499
Uttar Pradesh,Chandauli,1902,32
Uttar Pradesh,Chitrakoot,1895,19
Uttar Pradesh,Deoria,1299,44
Uttar Pradesh,Etah,101,6
Uttar Pradesh,Etawah,1466,88
Uttar Pradesh,Faizabad,1414,6
Uttar Pradesh,Farrukhabad,577,4
Uttar Pradesh,Fatehpur,3247,55
Uttar Pradesh,Firozabad,205,5
Uttar Pradesh,Gautam Buddha Nagar,2518,52
Uttar Pradesh,Ghaziabad,2745,311
Uttar Pradesh,Ghazipur,1657,20
Uttar Pradesh,Gonda,3785,51
Uttar Pradesh,Gorakhpur,2916,51
Uttar Pradesh,Hamirpur,566,188
Uttar Pradesh,Hardoi,187,8
Uttar Pradesh,Hathras,6722,662
Uttar Pradesh,Jalaun,687,41
Uttar Pradesh,Jaunpur,396,2
Uttar Pradesh,Jhansi,783,4
Uttar Pradesh,Kannauj,1092,19
Uttar Pradesh,Kanpur Dehat,252,229
Uttar Pradesh,Kanpur Nagar,3463,319
Uttar Pradesh,Kasganj,2557,248
Uttar Pradesh,Kaushambi,268,2
Uttar Pradesh,Kheri,7816,802
Uttar Pradesh,Kushinagar,1045,15
Uttar Pradesh,Lalitpur,25,0
Uttar Pradesh,Lucknow,2377,100
Uttar Pradesh,Maharajganj,3706,11
Uttar Pradesh,Mahoba,785,1
Uttar Pradesh,Mainpuri,4053,415
Uttar Pradesh,Mathura,2139,72
Uttar Pradesh,Mau,124,4
Uttar Pradesh,Meerut,3414,396
Uttar Pradesh,Mirzapur,85,4
Uttar Pradesh,Moradabad,98,2
Uttar Pradesh,Muzaffarnagar,283,26
Uttar Pradesh,Pilibhit,1547,133
Uttar Pradesh,Pratapgarh,7810,241
Uttar Pradesh,Raebareli,2343,148
Uttar Pradesh,Rampur,21,1
Uttar Pradesh,Saharanpur,11903,115
Uttar Pradesh,Sambhal,29,3
Uttar Pradesh,Sant Kabir Nagar,9918,1337
Uttar Pradesh,Sant Ravidas Nagar,3644,92
Uttar Pradesh,Sant Ravidas Nagar Bhadohi,1,0
Uttar Pradesh,Shahjahanpur,2474,4
Uttar Pradesh,Shamli,1349,3
Uttar Pradesh,Shrawasti,368,12
Uttar Pradesh,Siddharthnagar,302,5
Uttar Pradesh,Sitapur,45,6
Uttar Pradesh,Sonbhadra,781,14
Uttar Pradesh,Sultanpur,126,1
Uttar Pradesh,Unnao,583,20
Uttar Pradesh,Varanasi,1563,31
Uttarakhand,Almora,2265,170
Uttarakhand,Bageshwar,887,23
Uttarakhand,Chamoli,17,0
Uttarakhand,Champawat,213,131
Uttarakhand,Dehradun,6077,315
Uttarakhand,Haridwar,6608,113
Uttarakhand,Nainital,55,0
Uttarakhand,Pauri Garhwal,1030,14
Uttarakhand,Pithoragarh,35,0
Uttarakhand,Rudraprayag,21,1
Uttarakhand,Tehri Garhwal,751,8
Uttarakhand,Udham Singh Nagar,129,9
Uttarakhand,Uttarkashi,13,0
West Bengal,Bankura,1562,41
West Bengal,Barddhaman,1938,1
West Bengal,Bardhaman,9343,99
West Bengal,Birbhum,10063,53
West Bengal,Cooch Behar,912,32
West Bengal,Dakshin Dinajpur,4,0
West Bengal,Darjeeling,3930,41
West Bengal,East Midnapore,9135,23
West Bengal,Hooghly,4845,309
West Bengal,Howrah,5261,192
West Bengal,Jalpaiguri,9333,945
West Bengal,Kolkata,2714,185
West Bengal,Malda,6589,83
West Bengal,Medinipur,1750,61
West Bengal,Murshidabad,13548,56
West Bengal,Nadia,3778,6
West Bengal,North 24 Parganas,11043,3422
West Bengal,North Dinajpur,5038,171
West Bengal,Paschim Medinipur,136,4
West Bengal,Purba Medinipur,23,0
West Bengal,Purulia,4053,1527
West Bengal,Puruliya,18,1
West Bengal,South 24 Parganas,11526,1496
West Bengal,South Dinajpur,1975,47
West Bengal,South Twenty Four Parganas,35,0
West Bengal,West Midnapore,7823,1337
