State,District,Aadhaar generated,Enrolment Rejected
Andhra Pradesh,Adilabad,110,1037
Andhra Pradesh,Ananthapur,613,312
Andhra Pradesh,Chittoor,177,307
Andhra Pradesh,Cuddapah,57,657
Andhra Pradesh,East Godavari,93,693
Andhra Pradesh,Guntur,177,729
Andhra Pradesh,Hyderabad,283,590
Andhra Pradesh,Karimnagar,119,765
Andhra Pradesh,Khammam,203,703
Andhra Pradesh,Krishna,143,436
Andhra Pradesh,Kurnool,742,1600
Andhra Pradesh,Mahbubnagar,394,1798
Andhra Pradesh,Medak,120,1082
Andhra Pradesh,Nalgonda,196,1419
Andhra Pradesh,Nellore,651,453
Andhra Pradesh,Nizamabad,71,720
Andhra Pradesh,Prakasam,50,454
Andhra Pradesh,Ranga Reddy,290,950
Andhra Pradesh,Srikakulam,29,263
Andhra Pradesh,Visakhapatnam,917,1186
Andhra Pradesh,Vizianagaram,3525,1195
Andhra Pradesh,Warangal,126,1058
Andhra Pradesh,West Godavari,481,904
Arunachal Pradesh,Lower Subansiri,1,1
Arunachal Pradesh,Papum Pare,49,5
Arunachal Pradesh,West Kameng,8,5
Assam,Baksa,1,1
Assam,Barpeta,0,1
Assam,Bongaigaon,0,1
Assam,Cachar,9,4
Assam,Chirang,2,0
Assam,Dhubri,3,0
Assam,Dibrugarh,23,15
Assam,Goalpara,1,0
Assam,Golaghat,1,0
Assam,Hailakandi,3,2
Assam,Jorhat,2,2
Assam,Kamrup,1,3
Assam,Kamrup Metro,1,0
Assam,Karbi Anglong,1,0
Assam,Karimganj,2,1
Assam,Lakhimpur,2,0
Assam,Nagaon,2,0
Assam,Nalbari,1,0
Assam,Sibsagar,0,2
Assam,Sonitpur,3,2
Assam,Tinsukia,61,4
Assam,Udalguri,4,3
Bihar,Araria,45,30
Bihar,Arwal,50,27
Bihar,Aurangabad,336,51
Bihar,Banka,189,268
Bihar,Begusarai,288,109
Bihar,Bhagalpur,190,1238
Bihar,Bhojpur,368,101
Bihar,Buxar,23,17
Bihar,Darbhanga,1500,1734
Bihar,East Champaran,274,101
Bihar,Gaya,202,47
Bihar,Gopalganj,62,237
Bihar,Jamui,78,39
Bihar,Jehanabad,20,8
Bihar,Kaimur (Bhabua),21,6
Bihar,Katihar,3234,1319
Bihar,Khagaria,210,30
Bihar,Kishanganj,2701,2974
Bihar,Lakhisarai,561,17
Bihar,Madhepura,17,9
Bihar,Madhubani,97,31
Bihar,Munger,316,52
Bihar,Muzaffarpur,63,32
Bihar,Nalanda,411,628
Bihar,Nawada,21,21
Bihar,Patna,1045,989
Bihar,Purnia,451,530
Bihar,Rohtas,41,53
Bihar,Saharsa,223,609
Bihar,Samastipur,64,24
Bihar,Saran,80,45
Bihar,Sheikhpura,20,22
Bihar,Sheohar,20,429
Bihar,Sitamarhi,47,6
Bihar,Siwan,57,28
Bihar,Supaul,207,64
Bihar,Vaishali,35,31
Bihar,West Champaran,26,9
Chandigarh,Chandigarh,126,222
Chhattisgarh,Balod,529,20
Chhattisgarh,Baloda Bazar,286,224
Chhattisgarh,Balrampur,0,1
Chhattisgarh,Bastar,540,86
Chhattisgarh,Bemetara,375,19
Chhattisgarh,Bilaspur,8,10
Chhattisgarh,Dhamtari,16,8
Chhattisgarh,Durg,295,285
Chhattisgarh,Gariyaband,3,3
Chhattisgarh,Janjgir Champa,2,272
Chhattisgarh,Janjgir-champa,578,1179
Chhattisgarh,Jashpur,614,7
Chhattisgarh,Kanker,2,2
Chhattisgarh,Kawardha,1,2
Chhattisgarh,Korba,20,383
Chhattisgarh,Koriya,11,147
Chhattisgarh,Mahasamund,807,376
Chhattisgarh,Mungeli,56,80
Chhattisgarh,Raigarh,1123,125
Chhattisgarh,Raipur,1900,283
Chhattisgarh,Rajnandgaon,20,23
Chhattisgarh,Surajpur,291,49
Chhattisgarh,Surguja,0,1
Dadra and Nagar Haveli,Dadra and Nagar Haveli,46,52
Daman and Diu,Daman,14,8
Daman and Diu,Diu,1,2
Delhi,Central Delhi,98,310
Delhi,East Delhi,324,829
Delhi,Najafgarh,0,165
Delhi,New Delhi,19,30
Delhi,North Delhi,69,275
Delhi,North East,3,262
Delhi,North East Delhi,165,1062
Delhi,North West Delhi,519,1882
Delhi,South Delhi,631,1208
Delhi,South West Delhi,433,1154
Delhi,West Delhi,440,1362
Goa,Bardez,0,9
Goa,North Goa,36,561
Goa,South Goa,15,71
Gujarat,Ahmedabad,5856,3946
Gujarat,Amreli,605,1057
Gujarat,Anand,2538,1723
Gujarat,Banaskantha,2607,824
Gujarat,Bharuch,1933,3030
Gujarat,Bhavnagar,2205,1922
Gujarat,Dahod,3102,5664
Gujarat,Gandhinagar,1026,442
Gujarat,Jamnagar,2273,1703
Gujarat,Junagadh,1652,2711
Gujarat,Kachchh,462,545
Gujarat,Kheda,721,1659
Gujarat,Mahesana,3298,1040
Gujarat,Narmada,59,1398
Gujarat,Navsari,1497,1012
Gujarat,Panchmahal,2575,594
Gujarat,Patan,1276,1217
Gujarat,Porbandar,42,51
Gujarat,Rajkot,1237,4339
Gujarat,Sabarkantha,1149,1572
Gujarat,Surat,3074,2510
Gujarat,Surendra Nagar,107,206
Gujarat,Surendranagar,708,170
Gujarat,Tapi,403,293
Gujarat,The Dangs,194,24
Gujarat,Vadodara,3836,2049
Gujarat,Valsad,1477,509
Haryana,Ambala,103,934
Haryana,Bhiwani,1073,493
Haryana,Faridabad,723,621
Haryana,Fatehabad,122,302
Haryana,Gurgaon,475,1362
Haryana,Hisar,418,434
Haryana,Jhajjar,750,395
Haryana,Jind,98,287
Haryana,Kaithal,200,255
Haryana,Karnal,256,453
Haryana,Kurukshetra,49,415
Haryana,Mahendragarh,466,89
Haryana,Mewat,443,1312
Haryana,Palwal,229,181
Haryana,Panchkula,140,120
Haryana,Panipat,186,618
Haryana,Rewari,412,158
Haryana,Rohtak,202,306
Haryana,Sirsa,624,572
Haryana,Sonipat,283,1032
Haryana,Yamuna Nagar,433,511
Himachal Pradesh,Bilaspur,21,78
Himachal Pradesh,Chamba,52,66
Himachal Pradesh,Hamirpur,34,62
Himachal Pradesh,Kangra,215,255
Himachal Pradesh,Kinnaur,3,8
Himachal Pradesh,Kullu,30,28
Himachal Pradesh,Lahul and Spiti,1,4
Himachal Pradesh,Mandi,65,100
Himachal Pradesh,Shimla,33,48
Himachal Pradesh,Sirmaur,27,89
Himachal Pradesh,Solan,212,91
Himachal Pradesh,Una,30,20
Jammu and Kashmir,Anantnag,476,21
Jammu and Kashmir,Badgam,154,3
Jammu and Kashmir,Bandipore,170,33
Jammu and Kashmir,Baramula,1221,33
Jammu and Kashmir,Doda,92,5
Jammu and Kashmir,Jammu,81,21
Jammu and Kashmir,Kargil,8,2
Jammu and Kashmir,Kathua,8,8
Jammu and Kashmir,Kupwara,582,12
Jammu and Kashmir,Leh,92,5
Jammu and Kashmir,Pulwama,0,1
Jammu and Kashmir,Rajouri,9,2
Jammu and Kashmir,Reasi,1,195
Jammu and Kashmir,Srinagar,839,32
Jammu and Kashmir,Udhampur,17,14
Jharkhand,Bokaro,145,1153
Jharkhand,Chatra,319,1499
Jharkhand,Deoghar,107,1001
Jharkhand,Dhanbad,397,1063
Jharkhand,Dumka,116,459
Jharkhand,East Singhbhum,201,538
Jharkhand,Garhwa,531,530
Jharkhand,Giridih,168,866
Jharkhand,Godda,141,1522
Jharkhand,Gumla,262,676
Jharkhand,Hazaribagh,239,876
Jharkhand,Jamtara,34,609
Jharkhand,Khunti,57,204
Jharkhand,Koderma,55,553
Jharkhand,Latehar,163,878
Jharkhand,Lohardaga,38,388
Jharkhand,Pakur,163,546
Jharkhand,Palamu,362,1301
Jharkhand,Ramgarh,129,572
Jharkhand,Ranchi,487,1564
Jharkhand,Sahibganj,393,620
Jharkhand,Seraikela-Kharsawan,61,409
Jharkhand,Simdega,121,198
Jharkhand,West Singhbhum,85,2616
Karnataka,Bagalkot,2271,3964
Karnataka,Bangalore,1629,1788
Karnataka,Bangalore Rural,151,522
Karnataka,Belgaum,2443,3612
Karnataka,Bellary,2108,3256
Karnataka,Bidar,1239,688
Karnataka,Bijapur,811,581
Karnataka,Chamarajanagar,950,1121
Karnataka,Chikkaballapur,75,90
Karnataka,Chikmagalur,184,307
Karnataka,Chitradurga,406,1172
Karnataka,Dakshina Kannada,228,969
Karnataka,Davangere,163,173
Karnataka,Dharwad,148,327
Karnataka,Gadag,17,17
Karnataka,Gulbarga,1390,1405
Karnataka,Hassan,608,993
Karnataka,Haveri,68,134
Karnataka,Kodagu,34,223
Karnataka,Kolar,192,810
Karnataka,Koppal,884,858
Karnataka,Mandya,1309,2208
Karnataka,Mysore,21,272
Karnataka,Raichur,561,889
Karnataka,Ramanagar,409,1123
Karnataka,Shimoga,706,7637
Karnataka,Tumkur,47,136
Karnataka,Udupi,285,118
Karnataka,Uttara Kannada,50,116
Karnataka,Yadgir,1328,1701
Kerala,Alappuzha,102,865
Kerala,Ernakulam,203,1221
Kerala,Idukki,42,307
Kerala,Kannur,79,3171
Kerala,Kasaragod,32,289
Kerala,Kollam,104,1163
Kerala,Kottayam,222,460
Kerala,Kozhikode,116,726
Kerala,Malappuram,155,505
Kerala,Palakkad,105,300
Kerala,Pathanamthitta,116,718
Kerala,Thiruvananthapuram,198,1261
Kerala,Thrissur,183,1835
Kerala,Wayanad,29,1910
Lakshadweep,Lakshadweep,1,1
Madhya Pradesh,Alirajpur,932,894
Madhya Pradesh,Anuppur,358,458
Madhya Pradesh,Ashok Nagar,106,245
Madhya Pradesh,Balaghat,336,1481
Madhya Pradesh,Barwani,1635,287
Madhya Pradesh,Betul,1556,980
Madhya Pradesh,Bhind,898,332
Madhya Pradesh,Bhopal,353,674
Madhya Pradesh,Burhanpur,55,124
Madhya Pradesh,Chhatarpur,1279,1946
Madhya Pradesh,Chhindwara,2077,1184
Madhya Pradesh,Damoh,715,290
Madhya Pradesh,Datia,295,785
Madhya Pradesh,Dewas,928,562
Madhya Pradesh,Dhar,1581,852
Madhya Pradesh,Dindori,427,987
Madhya Pradesh,Guna,540,500
Madhya Pradesh,Gwalior,811,629
Madhya Pradesh,Harda,40,65
Madhya Pradesh,Hoshangabad,319,232
Madhya Pradesh,Indore,1169,558
Madhya Pradesh,Jabalpur,166,864
Madhya Pradesh,Jhabua,433,1742
Madhya Pradesh,Katni,393,354
Madhya Pradesh,Khandwa,72,96
Madhya Pradesh,Khargone,1083,1173
Madhya Pradesh,Mandla,1353,670
Madhya Pradesh,Mandsaur,536,288
Madhya Pradesh,Morena,380,648
Madhya Pradesh,Narsinghpur,206,515
Madhya Pradesh,Neemuch,260,201
Madhya Pradesh,Panna,466,445
Madhya Pradesh,Raisen,937,507
Madhya Pradesh,Rajgarh,1151,361
Madhya Pradesh,Ratlam,383,185
Madhya Pradesh,Rewa,330,968
Madhya Pradesh,Sagar,821,527
Madhya Pradesh,Satna,572,871
Madhya Pradesh,Sehore,641,378
Madhya Pradesh,Seoni,321,449
Madhya Pradesh,Shahdol,354,1255
Madhya Pradesh,Shajapur,476,388
Madhya Pradesh,Sheopur,138,191
Madhya Pradesh,Shivpuri,218,832
Madhya Pradesh,Sidhi,255,481
Madhya Pradesh,Singrauli,249,676
Madhya Pradesh,Tikamgarh,369,1260
Madhya Pradesh,Ujjain,852,1005
Madhya Pradesh,Umaria,519,288
Madhya Pradesh,Vidisha,827,700
Maharashtra,Ahmednagar,1043,1614
Maharashtra,Akola,453,2129
Maharashtra,Amravati,677,1727
Maharashtra,Aurangabad,1740,1456
Maharashtra,Beed,647,2253
Maharashtra,Bhandara,423,608
Maharashtra,Buldhana,1592,1739
Maharashtra,Chandrapur,436,1174
Maharashtra,Dhule,172,666
Maharashtra,Gadchiroli,1400,628
Maharashtra,Gondia,366,399
Maharashtra,Hingoli,728,1341
Maharashtra,Jalgaon,643,779
Maharashtra,Jalna,803,851
Maharashtra,Kolhapur,947,2754
Maharashtra,Latur,374,399
Maharashtra,Mumbai,1887,1067
Maharashtra,Nagpur,784,1480
Maharashtra,Nanded,1757,3047
Maharashtra,Nandurbar,174,401
Maharashtra,Nashik,2382,3153
Maharashtra,Osmanabad,493,1576
Maharashtra,Parbhani,744,1131
Maharashtra,Pune,2650,1688
Maharashtra,Raigad,1762,1654
Maharashtra,Ratnagiri,265,234
Maharashtra,Sangli,419,497
Maharashtra,Satara,1717,974
Maharashtra,Sindhudurg,1273,273
Maharashtra,Solapur,2925,1929
Maharashtra,Thane,1670,1741
Maharashtra,Wardha,61,346
Maharashtra,Washim,483,1940
Maharashtra,Yavatmal,1857,5130
Manipur,Chandel,0,1
Manipur,Churachandpur,1,5
Manipur,Imphal East,3,3
Manipur,Imphal West,7,9
Manipur,Senapati,1,2
Manipur,Ukhrul,1,0
Meghalaya,East Khasi Hills,2,0
Mizoram,Serchhip,7,3
Nagaland,Dimapur,0,1
Nagaland,Kiphire,0,19
Nagaland,Kohima,0,3
Nagaland,Mon,6,703
Nagaland,Phek,0,45
Nagaland,Tuensang,0,131
Nagaland,Zunheboto,0,1
Odisha,Angul,3,0
Odisha,Anugul,80,105
Odisha,Balangir,129,407
Odisha,Baleswar,24,28
Odisha,Bargarh,88,139
Odisha,Baudh,3,40
Odisha,Bhadrak,201,395
Odisha,Boudh,141,242
Odisha,Cuttack,145,1147
Odisha,Debagarh,2130,1299
Odisha,Dhenkanal,120,28
Odisha,Gajapati,32,56
Odisha,Ganjam,143,111
Odisha,Jagatsinghapur,13,57
Odisha,Jajapur,214,498
Odisha,Kalahandi,106,13
Odisha,Kandhamal,52,116
Odisha,Kendrapara,25,11
Odisha,Kendujhar,10,35
Odisha,Khorda,876,1313
Odisha,Khordha,5,12
Odisha,Koraput,25,33
Odisha,Mayurbhanj,190,2739
Odisha,Nabarangapur,22,743
Odisha,Nayagarh,104,123
Odisha,Nuapada,4622,551
Odisha,Puri,13,179
Odisha,Rayagada,80,38
Odisha,Sambalpur,10,21
Odisha,Sonapur,0,7
Odisha,Sundergarh,23,50
Others,Others,0,1298
Puducherry,Karaikal,14,39
Puducherry,Puducherry,46,236
Punjab,Amritsar,587,743
Punjab,Barnala,25,111
Punjab,Bathinda,105,269
Punjab,Faridkot,69,230
Punjab,Fatehgarh Sahib,50,200
Punjab,Fazilka,200,411
Punjab,Firozpur,309,484
Punjab,Gurdaspur,202,495
Punjab,Hoshiarpur,343,296
Punjab,Jalandhar,342,414
Punjab,Kapurthala,124,142
Punjab,Ludhiana,695,956
Punjab,Mansa,78,249
Punjab,Moga,83,248
Punjab,Mohali,0,1
Punjab,Muktsar,0,9
Punjab,Pathankot,77,278
Punjab,Patiala,292,987
Punjab,Rupnagar,66,158
Punjab,SAS Nagar (Mohali),154,164
Punjab,Sangrur,292,628
Punjab,Shaheed Bhagat Singh Nagar,57,180
Punjab,Sri Muktsar Sahib,118,323
Punjab,Tarn Taran,238,423
Rajasthan,Ajmer,129,789
Rajasthan,Alwar,238,1253
Rajasthan,Banswara,950,477
Rajasthan,Baran,665,602
Rajasthan,Barmer,509,819
Rajasthan,Bharatpur,257,578
Rajasthan,Bhilwara,325,1361
Rajasthan,Bikaner,321,383
Rajasthan,Bundi,380,580
Rajasthan,Chittorgarh,241,551
Rajasthan,Churu,174,387
Rajasthan,Dausa,154,348
Rajasthan,Dholpur,33,917
Rajasthan,Dungarpur,1084,1041
Rajasthan,Ganganagar,231,656
Rajasthan,Hanumangarh,581,737
Rajasthan,Jaipur,948,1312
Rajasthan,Jaisalmer,95,220
Rajasthan,Jalor,342,816
Rajasthan,Jhalawar,80,245
Rajasthan,Jhunjhunu,195,580
Rajasthan,Jodhpur,954,1003
Rajasthan,Karauli,98,1437
Rajasthan,Kota,224,396
Rajasthan,Nagaur,1025,764
Rajasthan,Pali,774,915
Rajasthan,Pratapgarh,596,420
Rajasthan,Rajsamand,41,294
Rajasthan,Sawai Madhopur,319,333
Rajasthan,Sikar,499,1301
Rajasthan,Sirohi,57,540
Rajasthan,Tonk,310,401
Rajasthan,Udaipur,188,1022
Sikkim,East Sikkim,19,34
Sikkim,North Sikkim,18,6
Sikkim,South Sikkim,22,3
Sikkim,West Sikkim,2,5
Tamil Nadu,Ariyalur,2,41
Tamil Nadu,Chennai,249,3680
Tamil Nadu,Coimbatore,79,3338
Tamil Nadu,Cuddalore,68,202
Tamil Nadu,Dharmapuri,48,90
Tamil Nadu,Dindigul,9,279
Tamil Nadu,Erode,37,397
Tamil Nadu,Kancheepuram,45,1021
Tamil Nadu,Kanniyakumari,2,1
Tamil Nadu,Kanyakumari,153,8
Tamil Nadu,Karur,1,54
Tamil Nadu,Krishnagiri,6,133
Tamil Nadu,Madurai,24,413
Tamil Nadu,Nagapattinam,10,73
Tamil Nadu,Namakkal,44,124
Tamil Nadu,Perambalur,17,1338
Tamil Nadu,Pudukkottai,5,0
Tamil Nadu,Ramanathapuram,0,77
Tamil Nadu,Salem,11,179
Tamil Nadu,Sivaganga,63,149
Tamil Nadu,Thanjavur,15,900
Tamil Nadu,The Nilgiris,3,1509
Tamil Nadu,Theni,5,115
Tamil Nadu,Thiruvarur,4,265
Tamil Nadu,Thoothukudi,29,450
Tamil Nadu,Tiruchirappalli,3,95
Tamil Nadu,Tirunelveli,23,648
Tamil Nadu,Tirupur,13,6343
Tamil Nadu,Tiruvallur,121,8691
Tamil Nadu,Tiruvannamalai,18,2023
Tamil Nadu,Tiruvarur,0,18
Tamil Nadu,Vellore,11,177
Tamil Nadu,Viluppuram,185,348
Tamil Nadu,Virudhunagar,50,189
Tripura,Dhalai,36,12
Tripura,Gomati,34,9
Tripura,Khowai,9,18
Tripura,North Tripura,167,27
Tripura,Sepahijala,37,9
Tripura,South Tripura,2,0
Tripura,Unakoti,22,6
Tripura,West Tripura,16,184
Uttar Pradesh,Agra,1227,1566
Uttar Pradesh,Aligarh,167,630
Uttar Pradesh,Allahabad,1700,2564
Uttar Pradesh,Ambedkar Nagar,12,19
Uttar Pradesh,Amethi,517,759
Uttar Pradesh,Amroha,71,191
Uttar Pradesh,Auraiya,26,17
Uttar Pradesh,Azamgarh,171,307
Uttar Pradesh,Baghpat,272,1164
Uttar Pradesh,Bahraich,3,4
Uttar Pradesh,Ballia,89,119
Uttar Pradesh,Balrampur,1681,416
Uttar Pradesh,Banda,1386,429
Uttar Pradesh,Barabanki,38,625
Uttar Pradesh,Bareilly,322,2506
Uttar Pradesh,Basti,48,300
Uttar Pradesh,Bijnor,1579,265
Uttar Pradesh,Budaun,13,4
Uttar Pradesh,Bulandshahr,230,491
Uttar Pradesh,Chandauli,2134,7054
Uttar Pradesh,Chitrakoot,937,653
Uttar Pradesh,Deoria,1515,974
Uttar Pradesh,Etah,15,20
Uttar Pradesh,Etawah,530,648
Uttar Pradesh,Faizabad,85,40
Uttar Pradesh,Farrukhabad,72,53
Uttar Pradesh,Fatehpur,740,103
Uttar Pradesh,Firozabad,21,48
Uttar Pradesh,Gautam Buddha Nagar,622,220
Uttar Pradesh,Ghaziabad,1817,1111
Uttar Pradesh,Ghazipur,720,1037
Uttar Pradesh,Gonda,422,3086
Uttar Pradesh,Gorakhpur,834,1523
Uttar Pradesh,Hamirpur,67,43
Uttar Pradesh,Hardoi,13,17
Uttar Pradesh,Hathras,1661,1297
Uttar Pradesh,Jalaun,109,47
Uttar Pradesh,Jaunpur,54,102
Uttar Pradesh,Jhansi,2084,1511
Uttar Pradesh,Jyotiba Phule Nagar,0,1
Uttar Pradesh,Kannauj,40,45
Uttar Pradesh,Kanpur Dehat,357,56
Uttar Pradesh,Kanpur Nagar,1596,694
Uttar Pradesh,Kasganj,527,637
Uttar Pradesh,Kaushambi,11,0
Uttar Pradesh,Kheri,549,830
Uttar Pradesh,Kushinagar,596,940
Uttar Pradesh,Lalitpur,12,2
Uttar Pradesh,Lucknow,692,512
Uttar Pradesh,Maharajganj,495,115
Uttar Pradesh,Mahoba,275,359
Uttar Pradesh,Mainpuri,1478,1091
Uttar Pradesh,Mathura,637,396
Uttar Pradesh,Mau,29,12
Uttar Pradesh,Meerut,4163,2970
Uttar Pradesh,Mirzapur,21,11
Uttar Pradesh,Moradabad,9,15
Uttar Pradesh,Muzaffarnagar,25,8
Uttar Pradesh,Pilibhit,511,270
Uttar Pradesh,Pratapgarh,764,1748
Uttar Pradesh,Raebareli,203,696
Uttar Pradesh,Rampur,5,0
Uttar Pradesh,Saharanpur,196,436
Uttar Pradesh,Sambhal,7,3
Uttar Pradesh,Sant Kabir Nagar,779,4808
Uttar Pradesh,Sant Ravidas Nagar,212,59
Uttar Pradesh,Shahjahanpur,1042,225
Uttar Pradesh,Shamli,102,17
Uttar Pradesh,Shrawasti,59,32
Uttar Pradesh,Siddharthnagar,335,98
Uttar Pradesh,Sitapur,12,2
Uttar Pradesh,Sonbhadra,334,51
Uttar Pradesh,Sultanpur,33,13
Uttar Pradesh,Unnao,835,767
Uttar Pradesh,Varanasi,1662,7094
Uttarakhand,Almora,107,25
Uttarakhand,Bageshwar,33,9
Uttarakhand,Chamoli,9,1
Uttarakhand,Champawat,10,7
Uttarakhand,Dehradun,891,808
Uttarakhand,Haridwar,360,627
Uttarakhand,Nainital,7,174
Uttarakhand,Pauri Garhwal,63,17
Uttarakhand,Pithoragarh,9,3
Uttarakhand,Rudraprayag,3,5
Uttarakhand,Tehri Garhwal,89,78
Uttarakhand,Udham Singh Nagar,3,226
Uttarakhand,Uttarkashi,2,2
West Bengal,Bankura,1797,287
West Bengal,Barddhaman,387,3585
West Bengal,Bardhaman,2857,2714
West Bengal,Birbhum,2268,2145
West Bengal,Cooch Behar,139,178
West Bengal,Dakshin Dinajpur,1,44
West Bengal,Darjeeling,737,115
West Bengal,East Midnapore,2081,4324
West Bengal,Hooghly,1411,302
West Bengal,Howrah,270,5807
West Bengal,Jalpaiguri,1725,2547
West Bengal,Kolkata,248,745
West Bengal,Malda,774,7044
West Bengal,Medinipur,124,45
West Bengal,Murshidabad,1921,2491
West Bengal,Nadia,2554,5107
West Bengal,North 24 Parganas,8778,6193
West Bengal,North Dinajpur,596,5594
West Bengal,Paschim Medinipur,2,0
West Bengal,Purba Medinipur,1,1
West Bengal,Purulia,183,13001
West Bengal,Puruliya,43,3
West Bengal,South 24 Parganas,2553,5680
West Bengal,South Dinajpur,192,4077
West Bengal,South Twenty Four Parganas,0,5
West Bengal,West Midnapore,937,3936
