State,District,Aadhaar generated,Enrolment Rejected
Andaman and Nicobar Islands,Andamans,2,0
Andaman and Nicobar Islands,South Andaman,17,0
Andhra Pradesh,Adilabad,436,155
Andhra Pradesh,Ananthapur,1205,122
Andhra Pradesh,Chittoor,289,127
Andhra Pradesh,Cuddapah,364,61
Andhra Pradesh,East Godavari,403,63
Andhra Pradesh,Guntur,390,54
Andhra Pradesh,Hyderabad,1252,148
Andhra Pradesh,Karimnagar,644,200
Andhra Pradesh,Khammam,772,263
Andhra Pradesh,Krishna,466,58
Andhra Pradesh,Kurnool,4381,1866
Andhra Pradesh,Mahbubnagar,6452,2880
Andhra Pradesh,Medak,1237,155
Andhra Pradesh,Nalgonda,722,191
Andhra Pradesh,Nellore,2440,422
Andhra Pradesh,Nizamabad,896,306
Andhra Pradesh,Prakasam,563,280
Andhra Pradesh,Ranga Reddy,1601,574
Andhra Pradesh,Srikakulam,78,33
Andhra Pradesh,Visakhapatnam,2325,458
Andhra Pradesh,Vizianagaram,4270,403
Andhra Pradesh,Warangal,1387,403
Andhra Pradesh,West Godavari,1303,186
Arunachal Pradesh,East Siang,1,0
Arunachal Pradesh,Lohit,1,0
Arunachal Pradesh,Papum Pare,253,0
Arunachal Pradesh,West Kameng,111,1
Arunachal Pradesh,West Siang,1,0
Assam,Baksa,9,0
Assam,Barpeta,10,0
Assam,Bongaigaon,6,0
Assam,Cachar,12,1
Assam,Chirang,4,0
Assam,Darrang,2,0
Assam,Dhubri,3,0
Assam,Dibrugarh,3,0
Assam,Goalpara,1,0
Assam,Golaghat,2,0
Assam,Hailakandi,4,0
Assam,Jorhat,7,0
Assam,Kamrup,14,1
Assam,Kamrup Metro,2,0
Assam,Karbi Anglong,3,0
Assam,Karimganj,7,0
Assam,Kokrajhar,4,0
Assam,Lakhimpur,3,0
Assam,Marigaon,2,0
Assam,Nagaon,7,0
Assam,Nalbari,1,0
Assam,North Cachar Hills,2,0
Assam,Sibsagar,3,0
Assam,Sonitpur,6,0
Assam,Udalguri,4,0
Bihar,Araria,94,4
Bihar,Arwal,388,2
Bihar,Aurangabad,137,1
Bihar,Banka,128,2
Bihar,Begusarai,89,43
Bihar,Bhagalpur,521,7
Bihar,Bhojpur,294,5
Bihar,Buxar,68,1
Bihar,Darbhanga,1050,4
Bihar,East Champaran,350,2
Bihar,Gaya,440,102
Bihar,Gopalganj,1034,6
Bihar,Jamui,469,9
Bihar,Jehanabad,31,1
Bihar,Kaimur (Bhabua),53,3
Bihar,Katihar,9715,148
Bihar,Khagaria,57,0
Bihar,Kishanganj,5692,44
Bihar,Lakhisarai,101,2
Bihar,Madhepura,34,0
Bihar,Madhubani,200,9
Bihar,Munger,148,10
Bihar,Muzaffarpur,180,5
Bihar,Nalanda,1737,527
Bihar,Nawada,84,12
Bihar,Patna,3679,558
Bihar,Purnia,637,25
Bihar,Rohtas,211,1
Bihar,Saharsa,4710,181
Bihar,Samastipur,133,6
Bihar,Saran,185,7
Bihar,Sheikhpura,29,5
Bihar,Sheohar,259,1231
Bihar,Sitamarhi,95,3
Bihar,Siwan,164,5
Bihar,Supaul,247,10
Bihar,Vaishali,148,2
Bihar,West Champaran,59,1
Chandigarh,Chandigarh,671,27
Chhattisgarh,Balod,1093,163
Chhattisgarh,Baloda Bazar,16,0
Chhattisgarh,Balrampur,2,0
Chhattisgarh,Bastar,19,0
Chhattisgarh,Bemetara,88,0
Chhattisgarh,Bilaspur,34,1
Chhattisgarh,Dantewada,1,0
Chhattisgarh,Dhamtari,153,0
Chhattisgarh,Durg,1619,226
Chhattisgarh,Gariyaband,536,0
Chhattisgarh,Janjgir Champa,18,0
Chhattisgarh,Janjgir-champa,554,0
Chhattisgarh,Jashpur,8,0
Chhattisgarh,Kabeerdham,1,0
Chhattisgarh,Kanker,1,0
Chhattisgarh,Kawardha,9,0
Chhattisgarh,Korba,1486,0
Chhattisgarh,Koriya,199,3
Chhattisgarh,Mahasamund,749,0
Chhattisgarh,Mungeli,656,106
Chhattisgarh,Raigarh,958,27
Chhattisgarh,Raipur,3154,115
Chhattisgarh,Rajnandgaon,254,1
Chhattisgarh,Surajpur,1045,4
Chhattisgarh,Surguja,22,0
Dadra and Nagar Haveli,Dadra and Nagar Haveli,188,1
Daman and Diu,Daman,67,2
Daman and Diu,Diu,4,0
Delhi,Central Delhi,514,38
Delhi,East Delhi,869,118
Delhi,Najafgarh,0,1
Delhi,New Delhi,62,10
Delhi,North Delhi,223,18
Delhi,North East,3,0
Delhi,North East Delhi,697,119
Delhi,North West Delhi,1528,83
Delhi,South Delhi,2326,185
Delhi,South West Delhi,843,51
Delhi,West Delhi,1071,74
Goa,North Goa,44,1
Goa,South Goa,61,1
Gujarat,Ahmedabad,26239,598
Gujarat,Amreli,2953,33
Gujarat,Anand,7708,129
Gujarat,Banaskantha,6444,20
Gujarat,Bharuch,6903,662
Gujarat,Bhavnagar,6594,233
Gujarat,Dahod,2879,193
Gujarat,Gandhinagar,3282,30
Gujarat,Jamnagar,3901,25
Gujarat,Junagadh,7166,181
Gujarat,Kachchh,3256,119
Gujarat,Kheda,7019,340
Gujarat,Mahesana,11145,213
Gujarat,Narmada,986,21
Gujarat,Navsari,2778,14
Gujarat,Panchmahal,6940,381
Gujarat,Patan,1763,75
Gujarat,Porbandar,482,12
Gujarat,Rajkot,9950,263
Gujarat,Sabarkantha,2925,147
Gujarat,Surat,13000,518
Gujarat,Surendra Nagar,166,11
Gujarat,Surendranagar,3381,154
Gujarat,Tapi,2671,81
Gujarat,The Dangs,1040,9
Gujarat,Vadodara,14227,372
Gujarat,Valsad,6111,140
Haryana,Ambala,341,38
Haryana,Bhiwani,1691,127
Haryana,Faridabad,2474,384
Haryana,Fatehabad,145,81
Haryana,Gurgaon,1860,135
Haryana,Hisar,1294,198
Haryana,Jhajjar,846,44
Haryana,Jind,678,76
Haryana,Kaithal,423,40
Haryana,Karnal,1531,199
Haryana,Kurukshetra,704,175
Haryana,Mahendragarh,966,27
Haryana,Mewat,1460,678
Haryana,Palwal,703,56
Haryana,Panchkula,538,50
Haryana,Panipat,509,211
Haryana,Rewari,1146,398
Haryana,Rohtak,548,23
Haryana,Sirsa,1212,124
Haryana,Sonipat,381,36
Haryana,Yamuna Nagar,909,57
Himachal Pradesh,Bilaspur,99,8
Himachal Pradesh,Chamba,183,2
Himachal Pradesh,Hamirpur,67,3
Himachal Pradesh,Kangra,708,32
Himachal Pradesh,Kinnaur,37,1
Himachal Pradesh,Kullu,102,30
Himachal Pradesh,Lahul and Spiti,2,1
Himachal Pradesh,Mandi,193,16
Himachal Pradesh,Shimla,208,2
Himachal Pradesh,Sirmaur,311,53
Himachal Pradesh,Solan,244,9
Himachal Pradesh,Una,123,5
Jammu and Kashmir,Anantnag,1433,1
Jammu and Kashmir,Badgam,1876,2
Jammu and Kashmir,Bandipore,521,2
Jammu and Kashmir,Baramula,1402,0
Jammu and Kashmir,Doda,775,0
Jammu and Kashmir,Jammu,657,0
Jammu and Kashmir,Kargil,149,0
Jammu and Kashmir,Kathua,282,1
Jammu and Kashmir,Kupwara,3330,14
Jammu and Kashmir,Leh,162,0
Jammu and Kashmir,Pulwama,18,1
Jammu and Kashmir,Punch,3,0
Jammu and Kashmir,Rajouri,9,0
Jammu and Kashmir,Reasi,22,0
Jammu and Kashmir,Srinagar,1557,2
Jammu and Kashmir,Udhampur,272,0
Jharkhand,Bokaro,738,127
Jharkhand,Chatra,1216,512
Jharkhand,Deoghar,1812,76
Jharkhand,Dhanbad,2831,117
Jharkhand,Dumka,418,45
Jharkhand,East Singhbhum,1780,43
Jharkhand,Garhwa,1341,149
Jharkhand,Giridih,1371,66
Jharkhand,Godda,672,226
Jharkhand,Gumla,889,63
Jharkhand,Hazaribagh,787,265
Jharkhand,Jamtara,613,59
Jharkhand,Khunti,393,7
Jharkhand,Koderma,540,62
Jharkhand,Latehar,1158,282
Jharkhand,Lohardaga,393,30
Jharkhand,Pakur,747,166
Jharkhand,Palamu,2393,218
Jharkhand,Ramgarh,184,85
Jharkhand,Ranchi,1355,51
Jharkhand,Sahibganj,1544,479
Jharkhand,Seraikela-Kharsawan,294,3
Jharkhand,Simdega,491,86
Jharkhand,West Singhbhum,956,16
Karnataka,Bagalkot,5089,288
Karnataka,Bangalore,6725,450
Karnataka,Bangalore Rural,715,56
Karnataka,Belgaum,6265,1082
Karnataka,Bellary,5718,920
Karnataka,Bidar,3226,510
Karnataka,Bijapur,3146,110
Karnataka,Bijapur(KAR),12,1
Karnataka,Chamarajanagar,2786,74
Karnataka,Chikkaballapur,427,25
Karnataka,Chikmagalur,1032,24
Karnataka,Chitradurga,2475,264
Karnataka,Dakshina Kannada,849,111
Karnataka,Davangere,829,22
Karnataka,Dharwad,232,28
Karnataka,Gadag,111,1
Karnataka,Gulbarga,2335,218
Karnataka,Hassan,4656,226
Karnataka,Haveri,694,15
Karnataka,Kodagu,588,5
Karnataka,Kolar,2734,437
Karnataka,Koppal,1989,49
Karnataka,Mandya,6612,92
Karnataka,Mysore,104,23
Karnataka,Raichur,3608,233
Karnataka,Ramanagar,2161,108
Karnataka,Shimoga,4283,144
Karnataka,Tumkur,218,18
Karnataka,Udupi,346,6
Karnataka,Uttara Kannada,844,3
Karnataka,Yadgir,1327,303
Kerala,Alappuzha,788,8
Kerala,Ernakulam,1064,12
Kerala,Idukki,283,16
Kerala,Kannur,1188,7
Kerala,Kasaragod,536,7
Kerala,Kollam,849,15
Kerala,Kottayam,927,15
Kerala,Kozhikode,1004,9
Kerala,Malappuram,2366,5
Kerala,Palakkad,1069,12
Kerala,Pathanamthitta,362,4
Kerala,Thiruvananthapuram,1157,13
Kerala,Thrissur,1978,10
Kerala,Wayanad,59,2
Lakshadweep,Lakshadweep,5,0
Madhya Pradesh,Alirajpur,1045,513
Madhya Pradesh,Anuppur,1217,365
Madhya Pradesh,Ashok Nagar,654,199
Madhya Pradesh,Balaghat,1803,830
Madhya Pradesh,Barwani,1869,205
Madhya Pradesh,Betul,3814,447
Madhya Pradesh,Bhind,961,101
Madhya Pradesh,Bhopal,1549,169
Madhya Pradesh,Burhanpur,283,18
Madhya Pradesh,Chhatarpur,2436,706
Madhya Pradesh,Chhindwara,4723,1940
Madhya Pradesh,Damoh,1840,214
Madhya Pradesh,Datia,649,197
Madhya Pradesh,Dewas,1750,202
Madhya Pradesh,Dhar,3603,550
Madhya Pradesh,Dindori,939,317
Madhya Pradesh,Guna,1016,509
Madhya Pradesh,Gwalior,2831,168
Madhya Pradesh,Harda,128,48
Madhya Pradesh,Hoshangabad,272,42
Madhya Pradesh,Indore,2641,175
Madhya Pradesh,Jabalpur,989,149
Madhya Pradesh,Jhabua,1168,1115
Madhya Pradesh,Katni,1183,520
Madhya Pradesh,Khandwa,166,31
Madhya Pradesh,Khargone,2795,281
Madhya Pradesh,Mandla,2523,499
Madhya Pradesh,Mandsaur,895,120
Madhya Pradesh,Morena,946,96
Madhya Pradesh,Narsinghpur,797,151
Madhya Pradesh,Neemuch,476,19
Madhya Pradesh,Panna,956,265
Madhya Pradesh,Raisen,2478,396
Madhya Pradesh,Rajgarh,1343,242
Madhya Pradesh,Ratlam,1414,149
Madhya Pradesh,Rewa,1367,475
Madhya Pradesh,Sagar,2191,230
Madhya Pradesh,Satna,1506,619
Madhya Pradesh,Sehore,2270,207
Madhya Pradesh,Seoni,1080,133
Madhya Pradesh,Shahdol,1367,330
Madhya Pradesh,Shajapur,817,461
Madhya Pradesh,Sheopur,429,15
Madhya Pradesh,Shivpuri,1918,722
Madhya Pradesh,Sidhi,476,176
Madhya Pradesh,Singrauli,1094,322
Madhya Pradesh,Tikamgarh,869,262
Madhya Pradesh,Ujjain,2523,340
Madhya Pradesh,Umaria,883,186
Madhya Pradesh,Vidisha,1698,306
Maharashtra,Ahmednagar,3383,225
Maharashtra,Akola,2240,86
Maharashtra,Amravati,636,47
Maharashtra,Aurangabad,3005,158
Maharashtra,Beed,4527,126
Maharashtra,Bhandara,1329,45
Maharashtra,Buldhana,7552,283
Maharashtra,Chandrapur,2091,52
Maharashtra,Dhule,815,74
Maharashtra,Gadchiroli,5412,362
Maharashtra,Gondia,931,103
Maharashtra,Hingoli,4317,133
Maharashtra,Jalgaon,2304,49
Maharashtra,Jalna,1984,156
Maharashtra,Kolhapur,4295,92
Maharashtra,Latur,1376,28
Maharashtra,Mumbai,4285,143
Maharashtra,Nagpur,3830,203
Maharashtra,Nanded,6118,173
Maharashtra,Nandurbar,696,64
Maharashtra,Nashik,8534,612
Maharashtra,Osmanabad,2718,91
Maharashtra,Parbhani,4038,70
Maharashtra,Pune,6501,194
Maharashtra,Raigad,11670,163
Maharashtra,Ratnagiri,2764,324
Maharashtra,Sangli,2899,102
Maharashtra,Satara,3328,77
Maharashtra,Sindhudurg,3979,526
Maharashtra,Solapur,7824,294
Maharashtra,Thane,7900,512
Maharashtra,Wardha,502,57
Maharashtra,Washim,3263,161
Maharashtra,Yavatmal,8223,534
Manipur,Bishnupur,2,0
Manipur,Chandel,13,0
Manipur,Churachandpur,22,0
Manipur,Imphal East,99,0
Manipur,Imphal West,328,0
Manipur,Senapati,2,0
Manipur,Tamenglong,186,0
Manipur,Thoubal,2,0
Meghalaya,East Khasi Hills,15,0
Meghalaya,West Garo Hills,1,0
Mizoram,Aizawl,2,0
Mizoram,Serchhip,32,0
Nagaland,Dimapur,4,0
Nagaland,Mokokchung,3,0
Nagaland,Mon,127,0
Nagaland,Wokha,1,0
Odisha,Angul,11,0
Odisha,Anugul,594,5
Odisha,Balangir,1430,1287
Odisha,Baleswar,613,5
Odisha,Bargarh,968,1
Odisha,Baudh,109,0
Odisha,Bhadrak,1114,7
Odisha,Boudh,160,2526
Odisha,Cuttack,1801,6
Odisha,Debagarh,51,0
Odisha,Dhenkanal,217,0
Odisha,Gajapati,508,0
Odisha,Ganjam,592,0
Odisha,Jagatsinghapur,150,1
Odisha,Jajapur,3707,1
Odisha,Jharsuguda,2,0
Odisha,Kalahandi,380,2
Odisha,Kandhamal,964,2
Odisha,Kendrapara,153,2
Odisha,Kendujhar,4582,5
Odisha,Khorda,295,9
Odisha,Khordha,41,0
Odisha,Koraput,1578,0
Odisha,Malkangiri,1,0
Odisha,Mayurbhanj,6616,0
Odisha,Nabarangapur,2561,0
Odisha,Nayagarh,717,2
Odisha,Nuapada,11484,2838
Odisha,Puri,9,0
Odisha,Rayagada,55,0
Odisha,Sambalpur,577,2
Odisha,Sonapur,6,0
Odisha,Sundergarh,2145,3
Others,Others,1731,1232
Puducherry,Karaikal,99,1
Puducherry,Puducherry,38,1
Punjab,Amritsar,3302,184
Punjab,Barnala,104,7
Punjab,Bathinda,688,66
Punjab,Faridkot,606,9
Punjab,Fatehgarh Sahib,215,9
Punjab,Fazilka,918,115
Punjab,Firozpur,1130,41
Punjab,Gurdaspur,784,91
Punjab,Hoshiarpur,815,15
Punjab,Jalandhar,1393,59
Punjab,Kapurthala,540,35
Punjab,Ludhiana,2080,62
Punjab,Mansa,878,86
Punjab,Moga,254,5
Punjab,Muktsar,0,2
Punjab,Pathankot,178,27
Punjab,Patiala,954,192
Punjab,Rupnagar,661,32
Punjab,SAS Nagar (Mohali),943,34
Punjab,Sangrur,911,102
Punjab,Shaheed Bhagat Singh Nagar,541,16
Punjab,Sri Muktsar Sahib,658,43
Punjab,Tarn Taran,1408,311
Rajasthan,Ajmer,396,49
Rajasthan,Alwar,727,89
Rajasthan,Banswara,2975,258
Rajasthan,Baran,923,45
Rajasthan,Barmer,2637,198
Rajasthan,Bharatpur,1832,106
Rajasthan,Bhilwara,1661,262
Rajasthan,Bikaner,937,136
Rajasthan,Bundi,1297,148
Rajasthan,Chittorgarh,2614,222
Rajasthan,Churu,492,23
Rajasthan,Dausa,598,51
Rajasthan,Dholpur,774,200
Rajasthan,Dungarpur,3546,125
Rajasthan,Ganganagar,1641,137
Rajasthan,Hanumangarh,3137,155
Rajasthan,Jaipur,4002,318
Rajasthan,Jaisalmer,862,336
Rajasthan,Jalor,1083,76
Rajasthan,Jhalawar,616,97
Rajasthan,Jhunjhunu,869,35
Rajasthan,Jodhpur,2934,244
Rajasthan,Karauli,857,29
Rajasthan,Kota,711,93
Rajasthan,Nagaur,2458,334
Rajasthan,Pali,1574,165
Rajasthan,Pratapgarh,2250,157
Rajasthan,Rajsamand,271,35
Rajasthan,Sawai Madhopur,1086,81
Rajasthan,Sikar,1902,167
Rajasthan,Sirohi,655,79
Rajasthan,Tonk,2743,362
Rajasthan,Udaipur,793,172
Sikkim,East Sikkim,36,0
Sikkim,North Sikkim,4,0
Sikkim,South Sikkim,28,1
Sikkim,West Sikkim,10,0
Tamil Nadu,Ariyalur,234,0
Tamil Nadu,Chennai,3637,17
Tamil Nadu,Coimbatore,1953,4
Tamil Nadu,Cuddalore,547,4
Tamil Nadu,Dharmapuri,982,0
Tamil Nadu,Dindigul,917,0
Tamil Nadu,Erode,1477,45
Tamil Nadu,Kancheepuram,1888,0
Tamil Nadu,Kanniyakumari,206,0
Tamil Nadu,Kanyakumari,2231,0
Tamil Nadu,Karur,186,0
Tamil Nadu,Krishnagiri,325,2
Tamil Nadu,Madurai,1747,1
Tamil Nadu,Nagapattinam,274,1
Tamil Nadu,Namakkal,1513,0
Tamil Nadu,Perambalur,264,1
Tamil Nadu,Pudukkottai,50,0
Tamil Nadu,Ramanathapuram,300,0
Tamil Nadu,Salem,1257,0
Tamil Nadu,Sivaganga,813,0
Tamil Nadu,Thanjavur,1460,0
Tamil Nadu,The Nilgiris,362,0
Tamil Nadu,Theni,341,1
Tamil Nadu,Thiruvarur,210,0
Tamil Nadu,Thoothukudi,2298,0
Tamil Nadu,Tiruchirappalli,543,1
Tamil Nadu,Tirunelveli,2880,0
Tamil Nadu,Tirupur,1715,0
Tamil Nadu,Tiruvallur,5596,4
Tamil Nadu,Tiruvannamalai,516,0
Tamil Nadu,Vellore,1912,0
Tamil Nadu,Viluppuram,1304,5
Tamil Nadu,Virudhunagar,3736,0
Tripura,Dhalai,36,3
Tripura,Gomati,19,3
Tripura,Khowai,2,0
Tripura,North Tripura,189,5
Tripura,Sepahijala,16,2
Tripura,South Tripura,8,0
Tripura,Unakoti,27,0
Tripura,West Tripura,93,3
Uttar Pradesh,Agra,1464,350
Uttar Pradesh,Aligarh,1556,7
Uttar Pradesh,Allahabad,4689,101
Uttar Pradesh,Ambedkar Nagar,100,1
Uttar Pradesh,Amethi,2633,28
Uttar Pradesh,Amroha,2039,15
Uttar Pradesh,Auraiya,93,1
Uttar Pradesh,Azamgarh,1782,137
Uttar Pradesh,Baghpat,1481,23
Uttar Pradesh,Bahraich,35,1
Uttar Pradesh,Ballia,902,1
Uttar Pradesh,Balrampur,5032,19
Uttar Pradesh,Banda,753,2
Uttar Pradesh,Barabanki,117,0
Uttar Pradesh,Bareilly,1426,11
Uttar Pradesh,Basti,303,0
Uttar Pradesh,Bijnor,2976,2
Uttar Pradesh,Budaun,50,1
Uttar Pradesh,Bulandshahr,1612,292
Uttar Pradesh,Chandauli,1871,15
Uttar Pradesh,Chitrakoot,2363,53
Uttar Pradesh,Deoria,606,5
Uttar Pradesh,Etah,53,1
Uttar Pradesh,Etawah,915,1
Uttar Pradesh,Faizabad,618,6
Uttar Pradesh,Farrukhabad,2042,185
Uttar Pradesh,Fatehpur,4081,17
Uttar Pradesh,Firozabad,54,0
Uttar Pradesh,Gautam Buddha Nagar,1322,51
Uttar Pradesh,Ghaziabad,1616,239
Uttar Pradesh,Ghazipur,1789,11
Uttar Pradesh,Gonda,2412,25
Uttar Pradesh,Gorakhpur,3107,25
Uttar Pradesh,Hamirpur,2026,431
Uttar Pradesh,Hardoi,76,8
Uttar Pradesh,Hathras,3381,71
Uttar Pradesh,Jalaun,436,3
Uttar Pradesh,Jaunpur,229,1
Uttar Pradesh,Jhansi,731,19
Uttar Pradesh,Kannauj,892,3
Uttar Pradesh,Kanpur Dehat,111,0
Uttar Pradesh,Kanpur Nagar,1475,37
Uttar Pradesh,Kasganj,1095,6
Uttar Pradesh,Kaushambi,306,0
Uttar Pradesh,Kheri,2174,351
Uttar Pradesh,Kushinagar,763,3
Uttar Pradesh,Lalitpur,23,3
Uttar Pradesh,Lucknow,1881,47
Uttar Pradesh,Maharajganj,7815,70
Uttar Pradesh,Mahoba,747,0
Uttar Pradesh,Mainpuri,1026,10
Uttar Pradesh,Mathura,1314,9
Uttar Pradesh,Mau,78,1
Uttar Pradesh,Meerut,4661,1909
Uttar Pradesh,Mirzapur,66,2
Uttar Pradesh,Moradabad,46,0
Uttar Pradesh,Muzaffarnagar,180,1
Uttar Pradesh,Pilibhit,2755,49
Uttar Pradesh,Pratapgarh,5272,44
Uttar Pradesh,Raebareli,1333,53
Uttar Pradesh,Rampur,42,0
Uttar Pradesh,Saharanpur,2157,66
Uttar Pradesh,Sambhal,12,1
Uttar Pradesh,Sant Kabir Nagar,4427,128
Uttar Pradesh,Sant Ravidas Nagar,1842,3
Uttar Pradesh,Shahjahanpur,3063,0
Uttar Pradesh,Shamli,729,1
Uttar Pradesh,Shrawasti,256,0
Uttar Pradesh,Siddharthnagar,133,2
Uttar Pradesh,Sitapur,19,0
Uttar Pradesh,Sonbhadra,465,33
Uttar Pradesh,Sultanpur,100,0
Uttar Pradesh,Unnao,1396,289
Uttar Pradesh,Varanasi,1199,1
Uttarakhand,Almora,1662,13
Uttarakhand,Bageshwar,376,1
Uttarakhand,Chamoli,15,0
Uttarakhand,Champawat,168,0
Uttarakhand,Dehradun,5563,134
Uttarakhand,Haridwar,3960,12
Uttarakhand,Nainital,23,0
Uttarakhand,Pauri Garhwal,938,3
Uttarakhand,Pithoragarh,25,2
Uttarakhand,Rudraprayag,9,0
Uttarakhand,Tehri Garhwal,792,18
Uttarakhand,Udham Singh Nagar,55,2
Uttarakhand,Uttarkashi,22,4
West Bengal,Bankura,1825,0
West Bengal,Barddhaman,1435,1
West Bengal,Bardhaman,10671,30
West Bengal,Birbhum,12037,20
West Bengal,Cooch Behar,380,8
West Bengal,Dakshin Dinajpur,2,0
West Bengal,Darjeeling,2690,6
West Bengal,East Midnapore,10427,12
West Bengal,Hooghly,3459,13
West Bengal,Howrah,3725,7
West Bengal,Jalpaiguri,5664,204
West Bengal,Kolkata,2804,5
West Bengal,Malda,7263,60
West Bengal,Medinipur,1807,61
West Bengal,Murshidabad,10812,9
West Bengal,Nadia,4851,73
West Bengal,North 24 Parganas,13222,939
West Bengal,North Dinajpur,3352,1
West Bengal,Paschim Medinipur,125,0
West Bengal,Purba Medinipur,14,0
West Bengal,Purulia,324,5
West Bengal,Puruliya,10,0
West Bengal,South 24 Parganas,10243,42
West Bengal,South Dinajpur,1523,10
West Bengal,South Twenty Four Parganas,29,18
West Bengal,West Midnapore,6821,487
