State,District,Aadhaar generated,Enrolment Rejected
Andaman and Nicobar Islands,Andamans,3,0
Andaman and Nicobar Islands,North And Middle Andaman,2,0
Andaman and Nicobar Islands,South Andaman,10,0
Andhra Pradesh,Adilabad,994,444
Andhra Pradesh,Ananthapur,934,286
Andhra Pradesh,Chittoor,749,245
Andhra Pradesh,Cuddapah,389,171
Andhra Pradesh,East Godavari,506,227
Andhra Pradesh,Guntur,641,207
Andhra Pradesh,Hyderabad,1193,122
Andhra Pradesh,Karimnagar,385,312
Andhra Pradesh,Khammam,451,124
Andhra Pradesh,Krishna,521,120
Andhra Pradesh,Kurnool,4747,4143
Andhra Pradesh,Mahbubnagar,4105,1885
Andhra Pradesh,Medak,670,242
Andhra Pradesh,Nalgonda,1480,953
Andhra Pradesh,Nellore,2073,527
Andhra Pradesh,Nizamabad,502,349
Andhra Pradesh,Prakasam,197,30
Andhra Pradesh,Ranga Reddy,1166,150
Andhra Pradesh,Srikakulam,154,212
Andhra Pradesh,Visakhapatnam,2306,834
Andhra Pradesh,Vizianagaram,3772,1078
Andhra Pradesh,Warangal,1232,350
Andhra Pradesh,West Godavari,1007,243
Arunachal Pradesh,Lohit,1,0
Arunachal Pradesh,Papum Pare,115,0
Arunachal Pradesh,West Kameng,54,0
Assam,Baksa,1,0
Assam,Barpeta,7,0
Assam,Bongaigaon,6,0
Assam,Cachar,15,0
Assam,Chirang,3,0
Assam,Darrang,3,0
Assam,Dhemaji,2,0
Assam,Dhubri,5,0
Assam,Dibrugarh,1,0
Assam,Goalpara,3,0
Assam,Hailakandi,5,0
Assam,Jorhat,3,0
Assam,Kamrup,6,0
Assam,Karbi Anglong,3,0
Assam,Karimganj,2,0
Assam,Lakhimpur,3,0
Assam,Marigaon,1,0
Assam,Nagaon,9,0
Assam,Nalbari,1,0
Assam,Sibsagar,3,0
Assam,Sonitpur,7,0
Assam,Tinsukia,1,0
Assam,Udalguri,7,0
Bihar,Araria,582,136
Bihar,Arwal,486,44
Bihar,Aurangabad,150,9
Bihar,Banka,239,32
Bihar,Begusarai,1193,108
Bihar,Bhagalpur,1615,58
Bihar,Bhojpur,353,12
Bihar,Buxar,52,3
Bihar,Darbhanga,1247,40
Bihar,East Champaran,343,11
Bihar,Gaya,248,689
Bihar,Gopalganj,489,6
Bihar,Jamui,671,112
Bihar,Jehanabad,58,4
Bihar,Kaimur (Bhabua),38,1
Bihar,Katihar,5194,153
Bihar,Khagaria,38,3
Bihar,Kishanganj,7883,208
Bihar,Lakhisarai,263,5
Bihar,Madhepura,23,1
Bihar,Madhubani,149,31
Bihar,Munger,438,13
Bihar,Muzaffarpur,143,15
Bihar,Nalanda,1710,459
Bihar,Nawada,62,6
Bihar,Patna,6448,2145
Bihar,Purnia,556,143
Bihar,Rohtas,124,11
Bihar,Saharsa,3217,188
Bihar,Samastipur,122,8
Bihar,Saran,123,11
Bihar,Sheikhpura,9,21
Bihar,Sheohar,218,1529
Bihar,Sitamarhi,69,1
Bihar,Siwan,117,7
Bihar,Supaul,427,32
Bihar,Vaishali,90,8
Bihar,West Champaran,55,2
Chandigarh,Chandigarh,538,37
Chhattisgarh,Balod,859,102
Chhattisgarh,Baloda Bazar,8,1
Chhattisgarh,Balrampur,1,0
Chhattisgarh,Bastar,9,0
Chhattisgarh,Bemetara,44,1
Chhattisgarh,Bilaspur,13,0
Chhattisgarh,Dhamtari,103,8
Chhattisgarh,Durg,839,149
Chhattisgarh,Gariyaband,247,1
Chhattisgarh,Janjgir Champa,137,160
Chhattisgarh,Janjgir-champa,3944,1320
Chhattisgarh,Jashpur,7,0
Chhattisgarh,Kanker,4,0
Chhattisgarh,Kawardha,1,0
Chhattisgarh,Korba,700,2
Chhattisgarh,Koriya,106,89
Chhattisgarh,Mahasamund,404,1
Chhattisgarh,Mungeli,613,106
Chhattisgarh,Narayanpur,1,0
Chhattisgarh,Raigarh,468,12
Chhattisgarh,Raipur,4103,156
Chhattisgarh,Rajnandgaon,158,29
Chhattisgarh,Surajpur,1024,22
Chhattisgarh,Surguja,16,0
Dadra and Nagar Haveli,Dadra and Nagar Haveli,97,6
Daman and Diu,Daman,46,10
Daman and Diu,Diu,2,1
Delhi,Central Delhi,425,72
Delhi,East Delhi,712,129
Delhi,New Delhi,61,11
Delhi,North Delhi,208,70
Delhi,North East,2,0
Delhi,North East Delhi,585,165
Delhi,North West Delhi,1303,456
Delhi,South Delhi,1791,250
Delhi,South West Delhi,734,142
Delhi,West Delhi,1294,252
Goa,North Goa,150,6
Goa,South Goa,248,15
Gujarat,Ahmedabad,17980,686
Gujarat,Amreli,3840,80
Gujarat,Anand,8284,419
Gujarat,Banaskantha,4836,291
Gujarat,Bharuch,6757,721
Gujarat,Bhavnagar,8903,872
Gujarat,Dahod,1779,213
Gujarat,Gandhinagar,1889,114
Gujarat,Jamnagar,3255,89
Gujarat,Junagadh,5206,389
Gujarat,Kachchh,3346,303
Gujarat,Kheda,9588,411
Gujarat,Mahesana,11116,681
Gujarat,Narmada,538,16
Gujarat,Navsari,1850,47
Gujarat,Panchmahal,7411,1211
Gujarat,Patan,1995,128
Gujarat,Porbandar,497,40
Gujarat,Rajkot,5829,490
Gujarat,Sabarkantha,2700,254
Gujarat,Surat,9563,1639
Gujarat,Surendra Nagar,143,14
Gujarat,Surendranagar,2557,315
Gujarat,Tapi,1648,155
Gujarat,The Dangs,769,14
Gujarat,Vadodara,15566,1124
Gujarat,Valsad,4413,327
Haryana,Ambala,234,30
Haryana,Bhiwani,1000,39
Haryana,Faridabad,2364,388
Haryana,Fatehabad,103,72
Haryana,Gurgaon,1268,149
Haryana,Hisar,939,135
Haryana,Jhajjar,714,62
Haryana,Jind,369,24
Haryana,Kaithal,245,34
Haryana,Karnal,1469,93
Haryana,Kurukshetra,380,59
Haryana,Mahendragarh,649,21
Haryana,Mewat,1142,552
Haryana,Palwal,853,50
Haryana,Panchkula,446,71
Haryana,Panipat,556,110
Haryana,Rewari,763,67
Haryana,Rohtak,404,32
Haryana,Sirsa,929,67
Haryana,Sonipat,403,40
Haryana,Yamuna Nagar,584,41
Himachal Pradesh,Bilaspur,94,8
Himachal Pradesh,Chamba,230,11
Himachal Pradesh,Hamirpur,59,2
Himachal Pradesh,Kangra,904,140
Himachal Pradesh,Kinnaur,69,3
Himachal Pradesh,Kullu,89,16
Himachal Pradesh,Lahul and Spiti,3,0
Himachal Pradesh,Mandi,217,24
Himachal Pradesh,Shimla,207,3
Himachal Pradesh,Sirmaur,271,32
Himachal Pradesh,Solan,242,17
Himachal Pradesh,Una,163,9
Jammu and Kashmir,Anantnag,867,3
Jammu and Kashmir,Badgam,876,3
Jammu and Kashmir,Bandipore,644,1
Jammu and Kashmir,Baramula,1217,3
Jammu and Kashmir,Doda,340,0
Jammu and Kashmir,Jammu,402,0
Jammu and Kashmir,Kargil,80,1
Jammu and Kashmir,Kathua,167,1
Jammu and Kashmir,Kupwara,3188,14
Jammu and Kashmir,Leh,52,0
Jammu and Kashmir,Pulwama,11,1
Jammu and Kashmir,Punch,12,0
Jammu and Kashmir,Rajouri,26,0
Jammu and Kashmir,Reasi,16,73
Jammu and Kashmir,Srinagar,3175,7
Jammu and Kashmir,Udhampur,165,1
Jharkhand,Bokaro,850,143
Jharkhand,Chatra,783,596
Jharkhand,Deoghar,1028,138
Jharkhand,Dhanbad,1770,228
Jharkhand,Dumka,334,74
Jharkhand,East Singhbhum,1584,195
Jharkhand,Garhwa,1327,326
Jharkhand,Giridih,1111,279
Jharkhand,Godda,501,125
Jharkhand,Gumla,483,64
Jharkhand,Hazaribagh,1907,287
Jharkhand,Jamtara,315,76
Jharkhand,Khunti,273,19
Jharkhand,Koderma,354,93
Jharkhand,Latehar,654,250
Jharkhand,Lohardaga,253,55
Jharkhand,Pakur,386,53
Jharkhand,Palamu,1328,529
Jharkhand,Ramgarh,193,78
Jharkhand,Ranchi,1098,190
Jharkhand,Sahibganj,1446,192
Jharkhand,Seraikela-Kharsawan,508,62
Jharkhand,Simdega,311,66
Jharkhand,West Singhbhum,458,57
Karnataka,Bagalkot,3407,360
Karnataka,Bangalore,3793,260
Karnataka,Bangalore Rural,414,44
Karnataka,Belgaum,3435,615
Karnataka,Bellary,3201,413
Karnataka,Bidar,2718,1194
Karnataka,Bijapur,1424,57
Karnataka,Bijapur(KAR),4,0
Karnataka,Chamarajanagar,2399,342
Karnataka,Chikkaballapur,290,18
Karnataka,Chikmagalur,621,30
Karnataka,Chitradurga,1363,124
Karnataka,Dakshina Kannada,1083,52
Karnataka,Davangere,437,25
Karnataka,Dharwad,251,29
Karnataka,Gadag,72,3
Karnataka,Gulbarga,1349,215
Karnataka,Hassan,2538,183
Karnataka,Haveri,360,12
Karnataka,Kodagu,275,1
Karnataka,Kolar,1714,261
Karnataka,Koppal,1197,37
Karnataka,Mandya,4072,216
Karnataka,Mysore,50,7
Karnataka,Raichur,1721,100
Karnataka,Ramanagar,1324,137
Karnataka,Shimoga,2171,53
Karnataka,Tumkur,109,12
Karnataka,Udupi,199,4
Karnataka,Uttara Kannada,419,3
Karnataka,Yadgir,693,99
Kerala,Alappuzha,430,10
Kerala,Ernakulam,688,12
Kerala,Idukki,162,14
Kerala,Kannur,622,10
Kerala,Kasaragod,327,5
Kerala,Kollam,452,3
Kerala,Kottayam,552,6
Kerala,Kozhikode,590,13
Kerala,Malappuram,1316,3
Kerala,Palakkad,652,20
Kerala,Pathanamthitta,169,2
Kerala,Thiruvananthapuram,669,11
Kerala,Thrissur,1074,8
Kerala,Wayanad,26,1
Lakshadweep,Lakshadweep,4,0
Madhya Pradesh,Alirajpur,1733,791
Madhya Pradesh,Anuppur,705,152
Madhya Pradesh,Ashok Nagar,469,299
Madhya Pradesh,Balaghat,1095,329
Madhya Pradesh,Barwani,2110,417
Madhya Pradesh,Betul,3348,692
Madhya Pradesh,Bhind,1045,120
Madhya Pradesh,Bhopal,1267,276
Madhya Pradesh,Burhanpur,212,72
Madhya Pradesh,Chhatarpur,2805,625
Madhya Pradesh,Chhindwara,3767,832
Madhya Pradesh,Damoh,1323,105
Madhya Pradesh,Datia,889,336
Madhya Pradesh,Dewas,1525,151
Madhya Pradesh,Dhar,3503,668
Madhya Pradesh,Dindori,396,114
Madhya Pradesh,Guna,1054,658
Madhya Pradesh,Gwalior,2972,280
Madhya Pradesh,Harda,92,11
Madhya Pradesh,Hoshangabad,351,110
Madhya Pradesh,Indore,2270,319
Madhya Pradesh,Jabalpur,879,214
Madhya Pradesh,Jhabua,962,866
Madhya Pradesh,Katni,1365,331
Madhya Pradesh,Khandwa,98,41
Madhya Pradesh,Khargone,2405,326
Madhya Pradesh,Mandla,2289,335
Madhya Pradesh,Mandsaur,757,204
Madhya Pradesh,Morena,751,53
Madhya Pradesh,Narsinghpur,467,150
Madhya Pradesh,Neemuch,734,80
Madhya Pradesh,Panna,869,301
Madhya Pradesh,Raisen,2041,376
Madhya Pradesh,Rajgarh,908,192
Madhya Pradesh,Ratlam,1554,170
Madhya Pradesh,Rewa,902,175
Madhya Pradesh,Sagar,1643,170
Madhya Pradesh,Satna,1190,282
Madhya Pradesh,Sehore,1932,415
Madhya Pradesh,Seoni,1010,140
Madhya Pradesh,Shahdol,854,339
Madhya Pradesh,Shajapur,718,326
Madhya Pradesh,Sheopur,294,0
Madhya Pradesh,Shivpuri,1309,1214
Madhya Pradesh,Sidhi,572,114
Madhya Pradesh,Singrauli,1131,503
Madhya Pradesh,Tikamgarh,542,160
Madhya Pradesh,Ujjain,2540,286
Madhya Pradesh,Umaria,783,105
Madhya Pradesh,Vidisha,1873,345
Maharashtra,Ahmednagar,2089,189
Maharashtra,Akola,1195,98
Maharashtra,Amravati,1528,407
Maharashtra,Aurangabad,3979,487
Maharashtra,Beed,3517,188
Maharashtra,Bhandara,723,92
Maharashtra,Buldhana,4381,495
Maharashtra,Chandrapur,1258,90
Maharashtra,Dhule,564,65
Maharashtra,Gadchiroli,3389,171
Maharashtra,Gondia,766,207
Maharashtra,Hingoli,2374,63
Maharashtra,Jalgaon,2511,182
Maharashtra,Jalna,2676,375
Maharashtra,Kolhapur,2843,112
Maharashtra,Latur,2365,437
Maharashtra,Mumbai,5306,525
Maharashtra,Nagpur,2272,161
Maharashtra,Nanded,4784,352
Maharashtra,Nandurbar,401,82
Maharashtra,Nashik,5247,824
Maharashtra,Osmanabad,1873,767
Maharashtra,Parbhani,4099,329
Maharashtra,Pune,9475,934
Maharashtra,Raigad,9650,409
Maharashtra,Ratnagiri,1932,215
Maharashtra,Sangli,1814,112
Maharashtra,Satara,2516,148
Maharashtra,Sindhudurg,3540,269
Maharashtra,Solapur,8564,537
Maharashtra,Thane,6152,692
Maharashtra,Wardha,293,63
Maharashtra,Washim,1794,99
Maharashtra,Yavatmal,4665,364
Manipur,Bishnupur,1,0
Manipur,Chandel,5,0
Manipur,Churachandpur,11,0
Manipur,Imphal East,40,0
Manipur,Imphal West,154,0
Manipur,Senapati,2,0
Manipur,Tamenglong,92,0
Manipur,Ukhrul,1,0
Meghalaya,East Khasi Hills,7,0
Meghalaya,Ri Bhoi,1,0
Mizoram,Aizawl,2,0
Mizoram,Serchhip,21,0
Nagaland,Dimapur,0,1
Nagaland,Mon,52,0
Odisha,Angul,7,0
Odisha,Anugul,898,2
Odisha,Balangir,2218,1812
Odisha,Baleswar,307,6
Odisha,Bargarh,673,4
Odisha,Baudh,77,0
Odisha,Bhadrak,2719,589
Odisha,Boudh,363,5807
Odisha,Cuttack,1144,18
Odisha,Debagarh,176,23
Odisha,Dhenkanal,244,3
Odisha,Gajapati,312,2
Odisha,Ganjam,1294,41
Odisha,Jagatsinghapur,122,0
Odisha,Jajapur,3625,613
Odisha,Jharsuguda,1,0
Odisha,Kalahandi,167,0
Odisha,Kandhamal,721,24
Odisha,Kendrapara,186,1
Odisha,Kendujhar,2433,40
Odisha,Khorda,308,79
Odisha,Khordha,48,0
Odisha,Koraput,847,2
Odisha,Mayurbhanj,4203,334
Odisha,Nabarangapur,1216,13
Odisha,Nayagarh,857,2
Odisha,Nuapada,9210,3442
Odisha,Puri,17,1
Odisha,Rayagada,544,17
Odisha,Sambalpur,414,169
Odisha,Sonapur,3,0
Odisha,Sundergarh,1178,7
Others,Others,819,514
Puducherry,Karaikal,60,1
Puducherry,Puducherry,43,3
Punjab,Amritsar,2522,389
Punjab,Barnala,102,11
Punjab,Bathinda,433,55
Punjab,Faridkot,386,18
Punjab,Fatehgarh Sahib,162,32
Punjab,Fazilka,817,170
Punjab,Firozpur,894,85
Punjab,Gurdaspur,676,60
Punjab,Hoshiarpur,575,28
Punjab,Jalandhar,1425,101
Punjab,Kapurthala,527,17
Punjab,Ludhiana,1600,102
Punjab,Mansa,454,22
Punjab,Moga,252,17
Punjab,Muktsar,0,1
Punjab,Pathankot,126,29
Punjab,Patiala,936,143
Punjab,Rupnagar,658,37
Punjab,SAS Nagar (Mohali),625,24
Punjab,Sangrur,606,76
Punjab,Shaheed Bhagat Singh Nagar,309,10
Punjab,Sri Muktsar Sahib,795,82
Punjab,Tarn Taran,918,352
Rajasthan,Ajmer,285,28
Rajasthan,Alwar,519,68
Rajasthan,Banswara,2592,267
Rajasthan,Baran,1383,86
Rajasthan,Barmer,2351,255
Rajasthan,Bharatpur,1265,73
Rajasthan,Bhilwara,869,96
Rajasthan,Bikaner,818,120
Rajasthan,Bundi,1687,91
Rajasthan,Chittorgarh,1833,184
Rajasthan,Churu,476,25
Rajasthan,Dausa,700,103
Rajasthan,Dholpur,772,214
Rajasthan,Dungarpur,5697,272
Rajasthan,Ganganagar,1107,122
Rajasthan,Hanumangarh,3253,301
Rajasthan,Jaipur,3363,335
Rajasthan,Jaisalmer,1020,102
Rajasthan,Jalor,1146,178
Rajasthan,Jhalawar,365,97
Rajasthan,Jhunjhunu,1182,110
Rajasthan,Jodhpur,3273,427
Rajasthan,Karauli,584,19
Rajasthan,Kota,569,57
Rajasthan,Nagaur,3212,365
Rajasthan,Pali,1876,216
Rajasthan,Pratapgarh,2561,374
Rajasthan,Rajsamand,153,7
Rajasthan,Sawai Madhopur,859,127
Rajasthan,Sikar,1925,252
Rajasthan,Sirohi,485,44
Rajasthan,Tonk,2542,332
Rajasthan,Udaipur,561,248
Sikkim,East Sikkim,25,1
Sikkim,North Sikkim,3,0
Sikkim,South Sikkim,15,1
Sikkim,West Sikkim,10,0
Tamil Nadu,Ariyalur,115,0
Tamil Nadu,Chennai,1845,172
Tamil Nadu,Coimbatore,912,11
Tamil Nadu,Cuddalore,293,2
Tamil Nadu,Dharmapuri,522,0
Tamil Nadu,Dindigul,457,0
Tamil Nadu,Erode,817,104
Tamil Nadu,Kancheepuram,942,9
Tamil Nadu,Kanchipuram,1,0
Tamil Nadu,Kanniyakumari,111,0
Tamil Nadu,Kanyakumari,1132,0
Tamil Nadu,Karur,83,0
Tamil Nadu,Krishnagiri,149,0
Tamil Nadu,Madurai,885,0
Tamil Nadu,Nagapattinam,158,0
Tamil Nadu,Namakkal,759,0
Tamil Nadu,Perambalur,169,1
Tamil Nadu,Pudukkottai,17,0
Tamil Nadu,Ramanathapuram,157,0
Tamil Nadu,Salem,561,0
Tamil Nadu,Sivaganga,393,1
Tamil Nadu,Thanjavur,698,3
Tamil Nadu,The Nilgiris,189,0
Tamil Nadu,Theni,156,1
Tamil Nadu,Thiruvarur,100,2
Tamil Nadu,Thoothukudi,1091,3
Tamil Nadu,Tiruchirappalli,278,1
Tamil Nadu,Tirunelveli,1348,1
Tamil Nadu,Tirupur,797,13
Tamil Nadu,Tiruvallur,3751,4
Tamil Nadu,Tiruvannamalai,333,6
Tamil Nadu,Vellore,894,7
Tamil Nadu,Viluppuram,634,2
Tamil Nadu,Virudhunagar,1742,1
Tripura,Dhalai,20,1
Tripura,Gomati,16,0
Tripura,Khowai,2,0
Tripura,North Tripura,174,9
Tripura,Sepahijala,5,0
Tripura,South Tripura,26,0
Tripura,Unakoti,23,4
Tripura,West Tripura,66,2
Uttar Pradesh,Agra,3987,1047
Uttar Pradesh,Aligarh,800,43
Uttar Pradesh,Allahabad,5980,148
Uttar Pradesh,Ambedkar Nagar,77,1
Uttar Pradesh,Amethi,3749,604
Uttar Pradesh,Amroha,1147,9
Uttar Pradesh,Auraiya,48,1
Uttar Pradesh,Azamgarh,2126,168
Uttar Pradesh,Baghpat,2134,100
Uttar Pradesh,Bahraich,26,1
Uttar Pradesh,Ballia,585,3
Uttar Pradesh,Balrampur,9567,495
Uttar Pradesh,Banda,549,4
Uttar Pradesh,Barabanki,299,18
Uttar Pradesh,Bareilly,962,14
Uttar Pradesh,Basti,183,6
Uttar Pradesh,Bijnor,2368,79
Uttar Pradesh,Budaun,40,2
Uttar Pradesh,Bulandshahr,2177,603
Uttar Pradesh,Chandauli,2511,94
Uttar Pradesh,Chitrakoot,3895,98
Uttar Pradesh,Deoria,795,22
Uttar Pradesh,Etah,74,11
Uttar Pradesh,Etawah,509,16
Uttar Pradesh,Faizabad,428,2
Uttar Pradesh,Farrukhabad,1812,156
Uttar Pradesh,Fatehpur,5168,413
Uttar Pradesh,Firozabad,160,11
Uttar Pradesh,Gautam Buddha Nagar,1213,123
Uttar Pradesh,Ghaziabad,1256,252
Uttar Pradesh,Ghazipur,2508,55
Uttar Pradesh,Gonda,3199,163
Uttar Pradesh,Gorakhpur,3105,56
Uttar Pradesh,Hamirpur,1333,220
Uttar Pradesh,Hardoi,54,4
Uttar Pradesh,Hathras,6697,669
Uttar Pradesh,Jalaun,363,10
Uttar Pradesh,Jaunpur,161,8
Uttar Pradesh,Jhansi,361,25
Uttar Pradesh,Kannauj,386,16
Uttar Pradesh,Kanpur Dehat,60,17
Uttar Pradesh,Kanpur Nagar,2113,146
Uttar Pradesh,Kasganj,7579,1130
Uttar Pradesh,Kaushambi,143,1
Uttar Pradesh,Kheri,4175,1540
Uttar Pradesh,Kushinagar,890,11
Uttar Pradesh,Lalitpur,19,2
Uttar Pradesh,Lucknow,2116,112
Uttar Pradesh,Maharajganj,6156,62
Uttar Pradesh,Mahoba,366,4
Uttar Pradesh,Mainpuri,9391,1593
Uttar Pradesh,Mathura,788,10
Uttar Pradesh,Mau,71,5
Uttar Pradesh,Meerut,9729,2527
Uttar Pradesh,Mirzapur,51,1
Uttar Pradesh,Moradabad,81,3
Uttar Pradesh,Muzaffarnagar,147,7
Uttar Pradesh,Pilibhit,2564,53
Uttar Pradesh,Pratapgarh,4147,248
Uttar Pradesh,Raebareli,724,168
Uttar Pradesh,Rampur,29,1
Uttar Pradesh,Saharanpur,3990,410
Uttar Pradesh,Sambhal,47,2
Uttar Pradesh,Sant Kabir Nagar,8464,1546
Uttar Pradesh,Sant Ravidas Nagar,924,5
Uttar Pradesh,Shahjahanpur,1381,1
Uttar Pradesh,Shamli,830,6
Uttar Pradesh,Shrawasti,153,5
Uttar Pradesh,Siddharthnagar,79,6
Uttar Pradesh,Sitapur,37,1
Uttar Pradesh,Sonbhadra,834,34
Uttar Pradesh,Sultanpur,56,11
Uttar Pradesh,Unnao,1285,1207
Uttar Pradesh,Varanasi,1750,26
Uttarakhand,Almora,1841,88
Uttarakhand,Bageshwar,283,3
Uttarakhand,Chamoli,18,0
Uttarakhand,Champawat,94,34
Uttarakhand,Dehradun,4490,225
Uttarakhand,Haridwar,7527,506
Uttarakhand,Nainital,29,2
Uttarakhand,Pauri Garhwal,1205,66
Uttarakhand,Pithoragarh,8,3
Uttarakhand,Rudraprayag,11,0
Uttarakhand,Tehri Garhwal,631,222
Uttarakhand,Udham Singh Nagar,49,1
Uttarakhand,Uttarkashi,16,3
West Bengal,Bankura,985,6
West Bengal,Barddhaman,950,6
West Bengal,Bardhaman,8806,223
West Bengal,Birbhum,11391,151
West Bengal,Cooch Behar,209,0
West Bengal,Dakshin Dinajpur,8,0
West Bengal,Darjeeling,1854,22
West Bengal,East Midnapore,8936,455
West Bengal,Hooghly,2627,47
West Bengal,Howrah,4698,206
West Bengal,Jalpaiguri,9681,1212
West Bengal,Kolkata,1900,27
West Bengal,Malda,7895,263
West Bengal,Medinipur,2388,39
West Bengal,Murshidabad,7310,48
West Bengal,Nadia,5295,61
West Bengal,North 24 Parganas,18807,1481
West Bengal,North Dinajpur,2947,19
West Bengal,Paschim Medinipur,81,1
West Bengal,Purba Medinipur,10,1
West Bengal,Purulia,618,57
West Bengal,Puruliya,8,0
West Bengal,South 24 Parganas,6981,87
West Bengal,South Dinajpur,4156,89
West Bengal,South Twenty Four Parganas,13,0
West Bengal,West Midnapore,9296,1143
