State,District,Aadhaar generated,Enrolment Rejected
Andaman and Nicobar Islands,North And Middle Andaman,1,0
Andaman and Nicobar Islands,South Andaman,81,5
Andhra Pradesh,Adilabad,743,1258
Andhra Pradesh,Anantapur,0,69
Andhra Pradesh,Ananthapur,1229,2577
Andhra Pradesh,Chittoor,835,1316
Andhra Pradesh,Cuddapah,692,1483
Andhra Pradesh,East Godavari,678,2956
Andhra Pradesh,Guntur,497,1543
Andhra Pradesh,Hyderabad,1819,1642
Andhra Pradesh,Karimnagar,2467,2281
Andhra Pradesh,Khammam,1826,2715
Andhra Pradesh,Krishna,506,1186
Andhra Pradesh,Kurnool,6051,15305
Andhra Pradesh,Mahbubnagar,8728,10347
Andhra Pradesh,Medak,2814,7125
Andhra Pradesh,Nalgonda,1438,3307
Andhra Pradesh,Nellore,2426,3408
Andhra Pradesh,Nizamabad,1842,4751
Andhra Pradesh,Prakasam,1578,2120
Andhra Pradesh,Ranga Reddy,2255,4205
Andhra Pradesh,Srikakulam,179,1294
Andhra Pradesh,Visakhapatnam,5181,5987
Andhra Pradesh,Vizianagaram,5152,2105
Andhra Pradesh,Warangal,2379,2857
Andhra Pradesh,West Godavari,4430,4254
Arunachal Pradesh,Lohit,1,0
Arunachal Pradesh,Papum Pare,331,0
Arunachal Pradesh,West Kameng,60,5
Arunachal Pradesh,West Siang,1,0
Assam,Baksa,4,1
Assam,Barpeta,11,1
Assam,Bongaigaon,3,0
Assam,Cachar,21,2
Assam,Chirang,4,0
Assam,Darrang,3,1
Assam,Dhemaji,0,1
Assam,Dhubri,3,0
Assam,Dibrugarh,1,0
Assam,Goalpara,2,0
Assam,Golaghat,9,2
Assam,Hailakandi,7,1
Assam,Jorhat,12,0
Assam,Kamrup,18,0
Assam,Kamrup Metro,2,0
Assam,Karimganj,9,1
Assam,Kokrajhar,8,1
Assam,Lakhimpur,6,0
Assam,Marigaon,2,0
Assam,Nagaon,23,1
Assam,Nalbari,3,2
Assam,Sibsagar,8,0
Assam,Sonitpur,15,3
Assam,Tinsukia,6,0
Assam,Udalguri,13,1
Bihar,Araria,65,13
Bihar,Arwal,761,233
Bihar,Aurangabad,137,24
Bihar,Aurangabad(BH),1,1
Bihar,Banka,116,25
Bihar,Begusarai,135,12
Bihar,Bhabua,0,1
Bihar,Bhagalpur,330,26
Bihar,Bhojpur,162,26
Bihar,Buxar,112,9
Bihar,Darbhanga,2762,965
Bihar,East Champaran,676,75
Bihar,Gaya,577,528
Bihar,Gopalganj,4360,584
Bihar,Jamui,405,40
Bihar,Jehanabad,45,9
Bihar,Kaimur (Bhabua),52,9
Bihar,Katihar,11842,1238
Bihar,Khagaria,77,11
Bihar,Kishanganj,10105,559
Bihar,Lakhisarai,49,14
Bihar,Madhepura,39,6
Bihar,Madhubani,240,38
Bihar,Munger,151,9
Bihar,Muzaffarpur,204,28
Bihar,Nalanda,3346,1164
Bihar,Nawada,210,24
Bihar,Patna,3578,864
Bihar,Purnia,234,23
Bihar,Rohtas,888,88
Bihar,Saharsa,6630,289
Bihar,Samastipur,154,23
Bihar,Saran,266,39
Bihar,Sheikhpura,122,256
Bihar,Sheohar,818,481
Bihar,Sitamarhi,137,47
Bihar,Siwan,207,25
Bihar,Supaul,73,8
Bihar,Vaishali,908,240
Bihar,West Champaran,86,16
Chandigarh,Chandigarh,1052,177
Chhattisgarh,Balod,51,11
Chhattisgarh,Baloda Bazar,5,0
Chhattisgarh,Balrampur,2,0
Chhattisgarh,Bastar,64,11
Chhattisgarh,Bemetara,86,8
Chhattisgarh,Bijapur,1,0
Chhattisgarh,Bilaspur,64,23
Chhattisgarh,Dakshin Bastar Dantewada,1,0
Chhattisgarh,Dhamtari,734,312
Chhattisgarh,Durg,825,86
Chhattisgarh,Gariyaband,526,37
Chhattisgarh,Janjgir Champa,897,109
Chhattisgarh,Janjgir-champa,521,24
Chhattisgarh,Jashpur,6,0
Chhattisgarh,Kabeerdham,1,0
Chhattisgarh,Kanker,1,0
Chhattisgarh,Kawardha,5,0
Chhattisgarh,Korba,3739,232
Chhattisgarh,Koriya,834,331
Chhattisgarh,Mahasamund,1529,15
Chhattisgarh,Mungeli,1795,7
Chhattisgarh,Raigarh,451,61
Chhattisgarh,Raipur,3112,68
Chhattisgarh,Rajnandgaon,260,41
Chhattisgarh,Surajpur,821,65
Chhattisgarh,Surguja,13,2
Dadra and Nagar Haveli,Dadra and Nagar Haveli,1159,194
Daman and Diu,Daman,49,21
Daman and Diu,Diu,1,0
Delhi,Central Delhi,586,404
Delhi,East Delhi,1528,2183
Delhi,Najafgarh,0,28
Delhi,New Delhi,61,21
Delhi,North Delhi,386,507
Delhi,North East,10,560
Delhi,North East Delhi,1152,1613
Delhi,North West Delhi,2018,4104
Delhi,South Delhi,2983,2660
Delhi,South West Delhi,1196,999
Delhi,West Delhi,1337,1861
Goa,Bardez,0,1
Goa,North Goa,48,249
Goa,South Goa,48,81
Gujarat,Ahmedabad,18232,2741
Gujarat,Amreli,2625,265
Gujarat,Anand,5315,964
Gujarat,Banaskantha,10311,1074
Gujarat,Bharuch,8033,918
Gujarat,Bhavnagar,5166,1076
Gujarat,Dahod,5652,1249
Gujarat,Gandhinagar,2957,260
Gujarat,Jamnagar,5266,561
Gujarat,Junagadh,12666,2314
Gujarat,Kachchh,3487,301
Gujarat,Kheda,7572,329
Gujarat,Mahesana,9879,862
Gujarat,Narmada,2318,493
Gujarat,Navsari,4520,1110
Gujarat,Panchmahal,9024,611
Gujarat,Patan,2597,328
Gujarat,Porbandar,674,168
Gujarat,Rajkot,8494,1473
Gujarat,Sabarkantha,4065,291
Gujarat,Surat,18090,2831
Gujarat,Surendranagar,5347,659
Gujarat,Tapi,2521,559
Gujarat,The Dangs,188,12
Gujarat,Vadodara,15893,1152
Gujarat,Valsad,4951,599
Haryana,Ambala,789,429
Haryana,Bhiwani,4736,516
Haryana,Faridabad,4342,1253
Haryana,Fatehabad,2062,266
Haryana,Gurgaon,3500,835
Haryana,Hisar,3775,574
Haryana,Jhajjar,2105,414
Haryana,Jind,3031,435
Haryana,Kaithal,1470,438
Haryana,Karnal,3616,687
Haryana,Kurukshetra,1467,260
Haryana,Mahendragarh,2628,304
Haryana,Mewat,2722,638
Haryana,Palwal,1208,253
Haryana,Panchkula,475,285
Haryana,Panipat,2613,500
Haryana,Rewari,2625,515
Haryana,Rohtak,1702,443
Haryana,Sirsa,3546,616
Haryana,Sonipat,761,865
Haryana,Yamuna Nagar,2919,705
Himachal Pradesh,Bilaspur,41,36
Himachal Pradesh,Chamba,316,148
Himachal Pradesh,Hamirpur,70,31
Himachal Pradesh,Kangra,706,486
Himachal Pradesh,Kinnaur,33,20
Himachal Pradesh,Kullu,65,56
Himachal Pradesh,Lahul and Spiti,3,2
Himachal Pradesh,Mandi,185,153
Himachal Pradesh,Shimla,256,144
Himachal Pradesh,Sirmaur,159,139
Himachal Pradesh,Solan,446,68
Himachal Pradesh,Una,63,70
Jammu and Kashmir,Anantnag,4023,50
Jammu and Kashmir,Badgam,438,8
Jammu and Kashmir,Bandipore,277,3
Jammu and Kashmir,Baramula,473,22
Jammu and Kashmir,Doda,1866,38
Jammu and Kashmir,Jammu,1614,23
Jammu and Kashmir,Kargil,700,4
Jammu and Kashmir,Kathua,741,56
Jammu and Kashmir,Kupwara,1198,10
Jammu and Kashmir,Leh,500,9
Jammu and Kashmir,Pulwama,44,2
Jammu and Kashmir,Punch,34,0
Jammu and Kashmir,Rajouri,42,3
Jammu and Kashmir,Reasi,9,140
Jammu and Kashmir,Srinagar,1752,34
Jammu and Kashmir,Udhampur,547,25
Jharkhand,Bokaro,907,718
Jharkhand,Chatra,1984,1420
Jharkhand,Deoghar,1830,1067
Jharkhand,Dhanbad,1957,1475
Jharkhand,Dumka,712,704
Jharkhand,East Singhbhum,1558,767
Jharkhand,Garhwa,955,784
Jharkhand,Giridih,1676,1133
Jharkhand,Godda,1426,872
Jharkhand,Gumla,1049,880
Jharkhand,Hazaribag,0,1
Jharkhand,Hazaribagh,446,1183
Jharkhand,Jamtara,779,454
Jharkhand,Khunti,234,664
Jharkhand,Koderma,720,610
Jharkhand,Latehar,1942,1166
Jharkhand,Lohardaga,140,323
Jharkhand,Pakur,1011,761
Jharkhand,Palamu,1703,2106
Jharkhand,Ramgarh,399,537
Jharkhand,Ranchi,1293,1694
Jharkhand,Sahibganj,2327,712
Jharkhand,Seraikela-Kharsawan,598,371
Jharkhand,Simdega,1188,378
Jharkhand,West Singhbhum,891,762
Karnataka,Bagalkot,5407,1592
Karnataka,Bangalore,14038,3579
Karnataka,Bangalore Rural,1442,1595
Karnataka,Belgaum,15196,9024
Karnataka,Bellary,10955,2500
Karnataka,Bidar,8670,2930
Karnataka,Bijapur,5081,1934
Karnataka,Bijapur(KAR),3,304
Karnataka,Chamarajanagar,4679,1502
Karnataka,Chikkaballapur,1206,1711
Karnataka,Chikmagalur,2683,329
Karnataka,Chitradurga,3464,1669
Karnataka,Dakshina Kannada,5008,3825
Karnataka,Davangere,1382,3503
Karnataka,Dharwad,441,522
Karnataka,Gadag,239,601
Karnataka,Gulbarga,3157,1989
Karnataka,Hassan,8843,815
Karnataka,Haveri,1066,5235
Karnataka,Kodagu,700,1039
Karnataka,Kolar,3809,3147
Karnataka,Koppal,1925,665
Karnataka,Mandya,8858,1279
Karnataka,Mysore,337,271
Karnataka,Raichur,3321,1432
Karnataka,Ramanagar,4335,761
Karnataka,Shimoga,7133,808
Karnataka,Tumkur,315,401
Karnataka,Udupi,605,240
Karnataka,Uttara Kannada,1773,984
Karnataka,Yadgir,4033,2674
Kerala,Alappuzha,846,10418
Kerala,Ernakulam,1072,2196
Kerala,Idukki,332,554
Kerala,Kannur,1505,5055
Kerala,Kasaragod,651,1136
Kerala,Kollam,727,2061
Kerala,Kottayam,996,978
Kerala,Kozhikode,881,1902
Kerala,Malappuram,2058,3118
Kerala,Palakkad,1101,1416
Kerala,Pathanamthitta,332,350
Kerala,Thiruvananthapuram,1718,2234
Kerala,Thrissur,2009,5341
Kerala,Wayanad,85,443
Lakshadweep,Lakshadweep,10,1
Madhya Pradesh,Alirajpur,1702,1293
Madhya Pradesh,Anuppur,1819,562
Madhya Pradesh,Ashok Nagar,836,382
Madhya Pradesh,Balaghat,3907,728
Madhya Pradesh,Barwani,2828,380
Madhya Pradesh,Betul,5503,817
Madhya Pradesh,Bhind,1552,507
Madhya Pradesh,Bhopal,1741,1310
Madhya Pradesh,Burhanpur,291,438
Madhya Pradesh,Chhatarpur,3919,800
Madhya Pradesh,Chhindwara,5749,1616
Madhya Pradesh,Damoh,2665,531
Madhya Pradesh,Datia,803,359
Madhya Pradesh,Dewas,1146,650
Madhya Pradesh,Dhar,5051,886
Madhya Pradesh,Dindori,1867,608
Madhya Pradesh,Guna,1058,896
Madhya Pradesh,Gwalior,3209,962
Madhya Pradesh,Harda,137,160
Madhya Pradesh,Hoshangabad,284,630
Madhya Pradesh,Indore,3587,1436
Madhya Pradesh,Jabalpur,1477,1218
Madhya Pradesh,Jhabua,2810,952
Madhya Pradesh,Katni,2062,366
Madhya Pradesh,Khandwa,210,263
Madhya Pradesh,Khargone,3342,669
Madhya Pradesh,Mandla,2552,501
Madhya Pradesh,Mandsaur,1268,605
Madhya Pradesh,Morena,2086,306
Madhya Pradesh,Narsinghpur,2135,957
Madhya Pradesh,Neemuch,758,136
Madhya Pradesh,Panna,1666,294
Madhya Pradesh,Raisen,3029,650
Madhya Pradesh,Rajgarh,1112,854
Madhya Pradesh,Ratlam,1724,330
Madhya Pradesh,Rewa,2988,1110
Madhya Pradesh,Sagar,4009,716
Madhya Pradesh,Satna,3622,1090
Madhya Pradesh,Sehore,2464,646
Madhya Pradesh,Seoni,1995,701
Madhya Pradesh,Shahdol,2619,483
Madhya Pradesh,Shajapur,878,535
Madhya Pradesh,Sheopur,337,109
Madhya Pradesh,Shivpuri,2234,525
Madhya Pradesh,Sidhi,1421,387
Madhya Pradesh,Singrauli,1949,365
Madhya Pradesh,Tikamgarh,2512,537
Madhya Pradesh,Ujjain,4153,1542
Madhya Pradesh,Umaria,1286,234
Madhya Pradesh,Vidisha,1925,1300
Maharashtra,Ahmednagar,5275,4700
Maharashtra,Akola,2496,1161
Maharashtra,Amravati,916,1910
Maharashtra,Aurangabad,4356,3170
Maharashtra,Beed,5170,3302
Maharashtra,Bhandara,1348,1728
Maharashtra,Buldhana,7256,1619
Maharashtra,Chandrapur,2560,2610
Maharashtra,Dhule,1426,2459
Maharashtra,Gadchiroli,6508,2942
Maharashtra,Gondia,1150,1156
Maharashtra,Hingoli,4223,816
Maharashtra,Jalgaon,2978,3463
Maharashtra,Jalna,2890,2136
Maharashtra,Kolhapur,7854,4374
Maharashtra,Latur,2395,1275
Maharashtra,Mumbai,4625,2427
Maharashtra,Nagpur,4103,4806
Maharashtra,Nanded,10204,1761
Maharashtra,Nandurbar,901,2517
Maharashtra,Nashik,9384,7278
Maharashtra,Osmanabad,4002,874
Maharashtra,Parbhani,6267,1271
Maharashtra,Pune,7037,3356
Maharashtra,Raigad,11132,1547
Maharashtra,Ratnagiri,3627,1028
Maharashtra,Sangli,2491,4514
Maharashtra,Satara,2898,3709
Maharashtra,Sindhudurg,5127,188
Maharashtra,Solapur,8407,2459
Maharashtra,Thane,9880,5808
Maharashtra,Wardha,1018,1165
Maharashtra,Washim,4303,863
Maharashtra,Yavatmal,7940,3395
Manipur,Bishnupur,5,1
Manipur,Chandel,83,0
Manipur,Churachandpur,210,2
Manipur,Imphal East,695,10
Manipur,Imphal West,1762,23
Manipur,Senapati,12,1
Manipur,Tamenglong,96,5
Manipur,Thoubal,24,9
Manipur,Ukhrul,3,1
Meghalaya,East Khasi Hills,31,0
Meghalaya,Jaintia Hills,1,0
Meghalaya,Ri Bhoi,1,0
Meghalaya,West Garo Hills,1,0
Mizoram,Aizawl,2,0
Mizoram,Kolasib,1,0
Mizoram,Lunglei,0,1
Mizoram,Serchhip,2,0
Nagaland,Dimapur,2,7
Nagaland,Kiphire,0,1
Nagaland,Kohima,0,13
Nagaland,Longleng,2,1
Nagaland,Mokokchung,3,8
Nagaland,Mon,129,11
Nagaland,Phek,0,10
Nagaland,Tuensang,0,195
Nagaland,Wokha,1,4
Nagaland,Zunheboto,1,10
Odisha,Angul,9,3
Odisha,Anugul,1338,196
Odisha,Balangir,2996,1197
Odisha,Baleswar,803,1428
Odisha,Bargarh,2504,561
Odisha,Baudh,191,101
Odisha,Bhadrak,1291,2101
Odisha,Boudh,7,1
Odisha,Cuttack,899,1116
Odisha,Debagarh,159,23
Odisha,Dhenkanal,426,975
Odisha,Gajapati,2673,186
Odisha,Ganjam,1216,283
Odisha,Jagatsinghapur,258,702
Odisha,Jajapur,9965,2816
Odisha,Jharsuguda,22,2
Odisha,Kalahandi,20,0
Odisha,Kandhamal,1548,89
Odisha,Kendrapara,302,416
Odisha,Kendujhar,3691,4780
Odisha,Khorda,114,81
Odisha,Khordha,135,231
Odisha,Koraput,2529,230
Odisha,Malkangiri,2,0
Odisha,Mayurbhanj,12992,1211
Odisha,Nabarangapur,9027,586
Odisha,Nayagarh,1151,972
Odisha,Nuapada,1272,15
Odisha,Puri,31,1303
Odisha,Rayagada,7,16
Odisha,Sambalpur,1392,331
Odisha,Sonapur,25,154
Odisha,Sundergarh,3385,1729
Others,Others,1875,6352
Puducherry,Karaikal,290,30
Puducherry,Puducherry,116,92
Puducherry,Yanam,0,24
Punjab,Amritsar,3615,1698
Punjab,Barnala,181,83
Punjab,Bathinda,858,465
Punjab,Faridkot,248,366
Punjab,Fatehgarh Sahib,142,116
Punjab,Fazilka,1058,527
Punjab,Firozpur,2157,377
Punjab,Gurdaspur,1458,1176
Punjab,Hoshiarpur,1594,344
Punjab,Jalandhar,1821,487
Punjab,Kapurthala,831,245
Punjab,Ludhiana,3416,1120
Punjab,Mansa,1574,288
Punjab,Moga,880,140
Punjab,Muktsar,8,4
Punjab,Pathankot,496,282
Punjab,Patiala,2782,795
Punjab,Rupnagar,1004,164
Punjab,SAS Nagar (Mohali),904,423
Punjab,Sangrur,2743,799
Punjab,Shaheed Bhagat Singh Nagar,142,114
Punjab,Sri Muktsar Sahib,948,313
Punjab,Tarn Taran,3055,544
Rajasthan,Ajmer,890,1081
Rajasthan,Alwar,1889,1707
Rajasthan,Banswara,4977,999
Rajasthan,Baran,978,528
Rajasthan,Barmer,2267,1743
Rajasthan,Bharatpur,3440,616
Rajasthan,Bhilwara,3693,768
Rajasthan,Bikaner,2091,745
Rajasthan,Bundi,1300,484
Rajasthan,Chittorgarh,4125,856
Rajasthan,Churu,1437,984
Rajasthan,Dausa,872,712
Rajasthan,Dholpur,1651,761
Rajasthan,Dungarpur,7782,529
Rajasthan,Ganganagar,3051,769
Rajasthan,Hanumangarh,3231,853
Rajasthan,Jaipur,8087,3193
Rajasthan,Jaisalmer,2169,213
Rajasthan,Jalor,1917,950
Rajasthan,Jhalawar,1040,800
Rajasthan,Jhunjhunu,1583,1182
Rajasthan,Jodhpur,5855,1188
Rajasthan,Karauli,1656,415
Rajasthan,Kota,1381,873
Rajasthan,Nagaur,5014,1111
Rajasthan,Pali,2207,1057
Rajasthan,Pratapgarh,3266,312
Rajasthan,Rajsamand,738,964
Rajasthan,Sawai Madhopur,1888,421
Rajasthan,Sikar,4100,1096
Rajasthan,Sirohi,883,520
Rajasthan,Tonk,2782,828
Rajasthan,Udaipur,2040,1493
Sikkim,East Sikkim,32,10
Sikkim,North Sikkim,3,1
Sikkim,South Sikkim,25,3
Sikkim,West Sikkim,18,1
Tamil Nadu,Ariyalur,510,192
Tamil Nadu,Chennai,10828,2127
Tamil Nadu,Coimbatore,7748,1282
Tamil Nadu,Cuddalore,1619,376
Tamil Nadu,Dharmapuri,3865,1942
Tamil Nadu,Dindigul,4682,1943
Tamil Nadu,Erode,2953,2527
Tamil Nadu,Kancheepuram,6657,1843
Tamil Nadu,Kanchipuram,0,41
Tamil Nadu,Kanyakumari,5184,747
Tamil Nadu,Karur,1080,880
Tamil Nadu,Krishnagiri,4297,1266
Tamil Nadu,Madurai,4742,3171
Tamil Nadu,Nagapattinam,3811,278
Tamil Nadu,Namakkal,4250,1176
Tamil Nadu,Nilgiris,2,3
Tamil Nadu,Perambalur,855,108
Tamil Nadu,Pudukkottai,985,28
Tamil Nadu,Ramanathapuram,1599,278
Tamil Nadu,Salem,6021,2185
Tamil Nadu,Sivaganga,4676,1455
Tamil Nadu,Thanjavur,4942,898
Tamil Nadu,The Nilgiris,2184,222
Tamil Nadu,Theni,3242,1636
Tamil Nadu,Thiruvarur,2667,208
Tamil Nadu,Thoothukudi,3923,799
Tamil Nadu,Tiruchirappalli,2159,464
Tamil Nadu,Tirunelveli,5380,1042
Tamil Nadu,Tirupur,6672,1141
Tamil Nadu,Tiruvallur,20871,2728
Tamil Nadu,Tiruvannamalai,3230,2589
Tamil Nadu,Tiruvarur,3,33
Tamil Nadu,Vellore,11930,5066
Tamil Nadu,Viluppuram,6376,2604
Tamil Nadu,Virudhunagar,4657,2336
Tripura,Dhalai,110,300
Tripura,Gomati,45,8
Tripura,Khowai,5,8
Tripura,North Tripura,321,984
Tripura,Sepahijala,20,8
Tripura,South Tripura,32,230
Tripura,Unakoti,59,7
Tripura,West Tripura,231,769
Uttar Pradesh,Agra,1304,503
Uttar Pradesh,Aligarh,1673,1210
Uttar Pradesh,Allahabad,5941,777
Uttar Pradesh,Ambedkar Nagar,114,23
Uttar Pradesh,Amethi,3774,726
Uttar Pradesh,Amroha,3812,420
Uttar Pradesh,Auraiya,64,18
Uttar Pradesh,Azamgarh,1543,299
Uttar Pradesh,Baghpat,976,98
Uttar Pradesh,Bahraich,57,11
Uttar Pradesh,Ballia,2116,193
Uttar Pradesh,Balrampur,7331,207
Uttar Pradesh,Banda,2006,197
Uttar Pradesh,Barabanki,363,212
Uttar Pradesh,Bareilly,3141,1314
Uttar Pradesh,Basti,1183,91
Uttar Pradesh,Bijnor,6978,451
Uttar Pradesh,Budaun,59,11
Uttar Pradesh,Bulandshahr,1176,63
Uttar Pradesh,Chandauli,4035,524
Uttar Pradesh,Chitrakoot,3413,579
Uttar Pradesh,Deoria,1197,653
Uttar Pradesh,Etah,71,9
Uttar Pradesh,Etawah,2159,794
Uttar Pradesh,Faizabad,1591,316
Uttar Pradesh,Farrukhabad,1357,231
Uttar Pradesh,Fatehpur,4386,251
Uttar Pradesh,Firozabad,142,7
Uttar Pradesh,Gautam Buddha Nagar,1951,534
Uttar Pradesh,Ghaziabad,2665,781
Uttar Pradesh,Ghazipur,4567,234
Uttar Pradesh,Gonda,8707,376
Uttar Pradesh,Gorakhpur,3293,580
Uttar Pradesh,Hamirpur,360,67
Uttar Pradesh,Hardoi,126,51
Uttar Pradesh,Hathras,3284,1050
Uttar Pradesh,Jalaun,357,43
Uttar Pradesh,Jaunpur,205,34
Uttar Pradesh,Jhansi,1375,285
Uttar Pradesh,Kannauj,1170,88
Uttar Pradesh,Kanpur Dehat,352,76
Uttar Pradesh,Kanpur Nagar,6432,895
Uttar Pradesh,Kasganj,918,122
Uttar Pradesh,Kaushambi,232,37
Uttar Pradesh,Kheri,1124,364
Uttar Pradesh,Kushinagar,1801,441
Uttar Pradesh,Lalitpur,19,3
Uttar Pradesh,Lucknow,2454,621
Uttar Pradesh,Maharajganj,4284,231
Uttar Pradesh,Mahoba,1447,607
Uttar Pradesh,Mahrajganj,0,1
Uttar Pradesh,Mainpuri,1447,257
Uttar Pradesh,Mathura,1941,218
Uttar Pradesh,Mau,98,16
Uttar Pradesh,Meerut,3246,318
Uttar Pradesh,Mirzapur,98,8
Uttar Pradesh,Moradabad,299,71
Uttar Pradesh,Muzaffarnagar,374,61
Uttar Pradesh,Pilibhit,2657,625
Uttar Pradesh,Pratapgarh,6527,878
Uttar Pradesh,Raebareli,7521,1446
Uttar Pradesh,Rampur,28,2
Uttar Pradesh,Saharanpur,1991,466
Uttar Pradesh,Sambhal,19,5
Uttar Pradesh,Sant Kabir Nagar,8269,1243
Uttar Pradesh,Sant Ravidas Nagar,3570,323
Uttar Pradesh,Shahjahanpur,7012,169
Uttar Pradesh,Shamli,241,12
Uttar Pradesh,Shrawasti,744,201
Uttar Pradesh,Siddharthnagar,222,22
Uttar Pradesh,Sitapur,18,15
Uttar Pradesh,Sonbhadra,730,118
Uttar Pradesh,Sultanpur,106,18
Uttar Pradesh,Unnao,1857,245
Uttar Pradesh,Varanasi,4171,498
Uttarakhand,Almora,833,12
Uttarakhand,Bageshwar,284,63
Uttarakhand,Chamoli,35,2
Uttarakhand,Champawat,325,189
Uttarakhand,Dehradun,4642,417
Uttarakhand,Hardwar,0,1
Uttarakhand,Haridwar,2327,427
Uttarakhand,Nainital,58,8
Uttarakhand,Pauri Garhwal,260,105
Uttarakhand,Pithoragarh,22,1
Uttarakhand,Rudraprayag,11,3
Uttarakhand,Tehri Garhwal,984,312
Uttarakhand,Udham Singh Nagar,364,111
Uttarakhand,Uttarkashi,8,3
West Bengal,Bankura,2815,663
West Bengal,Bardhaman,15132,3065
West Bengal,Birbhum,25820,1949
West Bengal,Cooch Behar,777,997
West Bengal,Dakshin Dinajpur,21,461
West Bengal,Darjeeling,4211,514
West Bengal,East Midnapore,14907,2679
West Bengal,Hooghly,7412,1139
West Bengal,Howrah,5264,1686
West Bengal,Jalpaiguri,9269,1072
West Bengal,Kolkata,6710,595
West Bengal,Malda,12385,2194
West Bengal,Medinipur,2628,2611
West Bengal,Murshidabad,15879,3496
West Bengal,Nadia,6380,628
West Bengal,North 24 Parganas,9047,1964
West Bengal,North Dinajpur,5390,1274
West Bengal,Purulia,1406,873
West Bengal,South 24 Parganas,18892,1214
West Bengal,South Dinajpur,1733,403
West Bengal,South Twenty Four Parganas,94,4421
West Bengal,West Midnapore,7701,1678
