State,District,Aadhaar generated,Enrolment Rejected
Andaman and Nicobar Islands,Nicobar,1,0
Andaman and Nicobar Islands,North And Middle Andaman,2,0
Andaman and Nicobar Islands,South Andaman,5,0
Andhra Pradesh,Adilabad,370,87
Andhra Pradesh,Anantapur,0,2
Andhra Pradesh,Ananthapur,1117,96
Andhra Pradesh,Chittoor,814,218
Andhra Pradesh,Cuddapah,545,97
Andhra Pradesh,East Godavari,242,67
Andhra Pradesh,Guntur,562,68
Andhra Pradesh,Hyderabad,874,143
Andhra Pradesh,Karimnagar,261,318
Andhra Pradesh,Khammam,679,181
Andhra Pradesh,Krishna,175,53
Andhra Pradesh,Kurnool,2034,545
Andhra Pradesh,Mahbubnagar,1695,908
Andhra Pradesh,Medak,427,518
Andhra Pradesh,Nalgonda,596,353
Andhra Pradesh,Nellore,3404,502
Andhra Pradesh,Nizamabad,415,467
Andhra Pradesh,Prakasam,127,264
Andhra Pradesh,Ranga Reddy,607,310
Andhra Pradesh,Srikakulam,111,63
Andhra Pradesh,Visakhapatnam,1471,298
Andhra Pradesh,Vizianagaram,9564,1909
Andhra Pradesh,Warangal,514,297
Andhra Pradesh,West Godavari,783,308
Arunachal Pradesh,East Siang,3,0
Arunachal Pradesh,Kurung Kumey,1,0
Arunachal Pradesh,Lohit,2,0
Arunachal Pradesh,Papum Pare,944,1
Arunachal Pradesh,Tawang,1,0
Arunachal Pradesh,Tirap,1,0
Arunachal Pradesh,West Kameng,373,1
Arunachal Pradesh,West Siang,1,0
Assam,Baksa,7,0
Assam,Barpeta,8,0
Assam,Bongaigaon,6,2
Assam,Cachar,190,8
Assam,Chirang,1,0
Assam,Darrang,1,0
Assam,Dhemaji,0,1
Assam,Dhubri,2,0
Assam,Dibrugarh,382,8
Assam,Golaghat,3,1
Assam,Hailakandi,9,0
Assam,Jorhat,359,5
Assam,Kamrup,409,1
Assam,Kamrup Metro,5,0
Assam,Karbi Anglong,6,0
Assam,Karimganj,16,0
Assam,Kokrajhar,4,1
Assam,Lakhimpur,6,0
Assam,Marigaon,1,0
Assam,Nagaon,25,0
Assam,Nalbari,1,0
Assam,North Cachar Hills,1,0
Assam,Sibsagar,4,0
Assam,Sonitpur,851,2
Assam,Tinsukia,118,1
Assam,Udalguri,16,0
Bihar,Araria,175,5
Bihar,Arwal,56,2
Bihar,Aurangabad,2317,55
Bihar,Banka,494,54
Bihar,Begusarai,2021,53
Bihar,Bhagalpur,1611,228
Bihar,Bhojpur,639,35
Bihar,Buxar,99,8
Bihar,Darbhanga,10263,1179
Bihar,East Champaran,1940,174
Bihar,Gaya,437,217
Bihar,Gopalganj,2508,556
Bihar,Jamui,658,24
Bihar,Jehanabad,42,2
Bihar,Kaimur (Bhabua),43,0
Bihar,Katihar,10411,731
Bihar,Khagaria,1362,10
Bihar,Kishanganj,9864,713
Bihar,Lakhisarai,2088,14
Bihar,Madhepura,76,1
Bihar,Madhubani,384,21
Bihar,Munger,1136,2
Bihar,Muzaffarpur,366,9
Bihar,Nalanda,1651,213
Bihar,Nawada,126,4
Bihar,Patna,4199,516
Bihar,Purnia,2641,164
Bihar,Rohtas,163,8
Bihar,Saharsa,13397,281
Bihar,Samastipur,219,5
Bihar,Saran,294,16
Bihar,Sheikhpura,135,28
Bihar,Sheohar,40,55
Bihar,Sitamarhi,205,5
Bihar,Siwan,278,9
Bihar,Supaul,5917,427
Bihar,Vaishali,184,17
Bihar,West Champaran,111,5
Chandigarh,Chandigarh,305,15
Chhattisgarh,Balod,1834,12
Chhattisgarh,Baloda Bazar,2244,9
Chhattisgarh,Bastar,2598,17
Chhattisgarh,Bemetara,1674,25
Chhattisgarh,Bilaspur,14,0
Chhattisgarh,Dhamtari,25,5
Chhattisgarh,Durg,746,36
Chhattisgarh,Gariyaband,136,9
Chhattisgarh,Janjgir Champa,8,29
Chhattisgarh,Janjgir-champa,2978,663
Chhattisgarh,Jashpur,775,26
Chhattisgarh,Kanker,24,0
Chhattisgarh,Kawardha,1,0
Chhattisgarh,Korba,1286,97
Chhattisgarh,Koriya,143,35
Chhattisgarh,Mahasamund,3396,225
Chhattisgarh,Mungeli,612,33
Chhattisgarh,Raigarh,3398,89
Chhattisgarh,Raipur,6783,122
Chhattisgarh,Rajnandgaon,64,6
Chhattisgarh,Surajpur,1638,6
Chhattisgarh,Surguja,5,0
Chhattisgarh,Uttar Bastar Kanker,2,0
Dadra and Nagar Haveli,Dadra and Nagar Haveli,32,11
Daman and Diu,Daman,127,7
Daman and Diu,Diu,1,1
Delhi,Central Delhi,288,135
Delhi,East Delhi,1308,206
Delhi,New Delhi,46,6
Delhi,North Delhi,141,81
Delhi,North East,0,39
Delhi,North East Delhi,1022,205
Delhi,North West Delhi,1225,271
Delhi,South Delhi,3145,300
Delhi,South West Delhi,916,55
Delhi,West Delhi,1079,198
Goa,North Goa,91,29
Goa,South Goa,64,3
Gujarat,Ahmedabad,31026,1874
Gujarat,Amreli,2675,295
Gujarat,Anand,11257,185
Gujarat,Banaskantha,11245,554
Gujarat,Bharuch,5818,1291
Gujarat,Bhavnagar,8467,65
Gujarat,Dahod,4139,1432
Gujarat,Gandhinagar,5953,189
Gujarat,Jamnagar,6548,570
Gujarat,Junagadh,7140,1529
Gujarat,Kachchh,4481,200
Gujarat,Kheda,9160,702
Gujarat,Mahesana,9595,145
Gujarat,Narmada,1423,676
Gujarat,Navsari,6599,146
Gujarat,Panchmahal,5621,271
Gujarat,Patan,3259,216
Gujarat,Porbandar,353,23
Gujarat,Rajkot,7679,1265
Gujarat,Sabarkantha,4801,347
Gujarat,Surat,16970,1553
Gujarat,Surendra Nagar,54,42
Gujarat,Surendranagar,2393,61
Gujarat,Tapi,1555,109
Gujarat,The Dangs,756,6
Gujarat,Vadodara,18537,641
Gujarat,Valsad,6928,135
Haryana,Ambala,532,107
Haryana,Bhiwani,3873,242
Haryana,Faridabad,3124,295
Haryana,Fatehabad,368,223
Haryana,Gurgaon,2235,523
Haryana,Hisar,2901,231
Haryana,Jhajjar,1138,138
Haryana,Jind,376,156
Haryana,Kaithal,839,140
Haryana,Karnal,890,170
Haryana,Kurukshetra,163,112
Haryana,Mahendragarh,1261,48
Haryana,Mewat,1727,438
Haryana,Palwal,749,139
Haryana,Panchkula,483,49
Haryana,Panipat,529,196
Haryana,Rewari,486,47
Haryana,Rohtak,881,61
Haryana,Sirsa,3613,347
Haryana,Sonipat,491,81
Haryana,Yamuna Nagar,931,150
Himachal Pradesh,Bilaspur,63,5
Himachal Pradesh,Chamba,210,16
Himachal Pradesh,Hamirpur,112,5
Himachal Pradesh,Kangra,741,76
Himachal Pradesh,Kinnaur,26,5
Himachal Pradesh,Kullu,234,15
Himachal Pradesh,Lahul and Spiti,7,1
Himachal Pradesh,Mandi,125,14
Himachal Pradesh,Shimla,181,67
Himachal Pradesh,Sirmaur,134,32
Himachal Pradesh,Solan,510,13
Himachal Pradesh,Una,40,1
Jammu and Kashmir,Anantnag,7081,43
Jammu and Kashmir,Badgam,1327,7
Jammu and Kashmir,Bandipore,828,6
Jammu and Kashmir,Baramula,9109,57
Jammu and Kashmir,Doda,320,4
Jammu and Kashmir,Jammu,228,3
Jammu and Kashmir,Kargil,180,0
Jammu and Kashmir,Kathua,461,0
Jammu and Kashmir,Kupwara,760,5
Jammu and Kashmir,Leh,172,0
Jammu and Kashmir,Pulwama,3,0
Jammu and Kashmir,Punch,5,0
Jammu and Kashmir,Rajouri,19,1
Jammu and Kashmir,Reasi,0,684
Jammu and Kashmir,Srinagar,2328,8
Jammu and Kashmir,Udhampur,116,1
Jharkhand,Bokaro,399,168
Jharkhand,Chatra,1144,932
Jharkhand,Deoghar,707,344
Jharkhand,Dhanbad,650,221
Jharkhand,Dumka,170,201
Jharkhand,East Singhbhum,975,128
Jharkhand,Garhwa,1252,371
Jharkhand,Giridih,651,388
Jharkhand,Godda,216,714
Jharkhand,Gumla,509,219
Jharkhand,Hazaribagh,729,225
Jharkhand,Jamtara,72,534
Jharkhand,Khunti,87,42
Jharkhand,Koderma,157,262
Jharkhand,Latehar,398,149
Jharkhand,Lohardaga,40,125
Jharkhand,Pakur,263,130
Jharkhand,Palamu,1043,560
Jharkhand,Ramgarh,129,70
Jharkhand,Ranchi,788,228
Jharkhand,Sahibganj,873,263
Jharkhand,Seraikela-Kharsawan,129,13
Jharkhand,Simdega,402,62
Jharkhand,West Singhbhum,211,526
Karnataka,Bagalkot,6773,759
Karnataka,Bangalore,6145,1040
Karnataka,Bangalore Rural,2052,322
Karnataka,Belgaum,7154,1174
Karnataka,Bellary,8860,1119
Karnataka,Bidar,6668,455
Karnataka,Bijapur,2760,187
Karnataka,Chamarajanagar,3888,514
Karnataka,Chikkaballapur,1187,73
Karnataka,Chikmagalur,1965,81
Karnataka,Chitradurga,2884,368
Karnataka,Dakshina Kannada,2916,990
Karnataka,Davangere,2193,179
Karnataka,Dharwad,332,84
Karnataka,Gadag,242,197
Karnataka,Gulbarga,6694,589
Karnataka,Hassan,3329,224
Karnataka,Haveri,361,45
Karnataka,Kodagu,177,29
Karnataka,Kolar,2158,403
Karnataka,Koppal,3563,385
Karnataka,Mandya,8736,821
Karnataka,Mysore,185,24
Karnataka,Raichur,9334,470
Karnataka,Ramanagar,3286,402
Karnataka,Shimoga,2768,1940
Karnataka,Tumkur,112,24
Karnataka,Udupi,780,72
Karnataka,Uttara Kannada,661,145
Karnataka,Yadgir,6214,1024
Kerala,Alappuzha,725,317
Kerala,Ernakulam,1313,163
Kerala,Idukki,231,30
Kerala,Kannur,504,46
Kerala,Kasaragod,251,80
Kerala,Kollam,420,83
Kerala,Kottayam,859,51
Kerala,Kozhikode,1893,162
Kerala,Malappuram,740,391
Kerala,Palakkad,1278,176
Kerala,Pathanamthitta,228,17
Kerala,Thiruvananthapuram,894,553
Kerala,Thrissur,1786,156
Kerala,Wayanad,91,6
Lakshadweep,Lakshadweep,25,34
Madhya Pradesh,Alirajpur,1165,519
Madhya Pradesh,Anuppur,971,262
Madhya Pradesh,Ashok Nagar,1265,80
Madhya Pradesh,Balaghat,784,580
Madhya Pradesh,Barwani,4433,481
Madhya Pradesh,Betul,5574,288
Madhya Pradesh,Bhind,1438,129
Madhya Pradesh,Bhopal,865,237
Madhya Pradesh,Burhanpur,445,112
Madhya Pradesh,Chhatarpur,2684,547
Madhya Pradesh,Chhindwara,5751,707
Madhya Pradesh,Damoh,1771,136
Madhya Pradesh,Datia,1120,189
Madhya Pradesh,Dewas,2610,409
Madhya Pradesh,Dhar,5300,485
Madhya Pradesh,Dindori,633,363
Madhya Pradesh,Guna,1423,388
Madhya Pradesh,Gwalior,3007,290
Madhya Pradesh,Harda,18,14
Madhya Pradesh,Hoshangabad,181,63
Madhya Pradesh,Indore,2370,216
Madhya Pradesh,Jabalpur,682,279
Madhya Pradesh,Jhabua,1021,531
Madhya Pradesh,Katni,1236,263
Madhya Pradesh,Khandwa,136,31
Madhya Pradesh,Khargone,1822,417
Madhya Pradesh,Mandla,2757,268
Madhya Pradesh,Mandsaur,2007,495
Madhya Pradesh,Morena,2558,187
Madhya Pradesh,Narsinghpur,774,258
Madhya Pradesh,Neemuch,1799,246
Madhya Pradesh,Panna,870,188
Madhya Pradesh,Raisen,3631,273
Madhya Pradesh,Rajgarh,2533,221
Madhya Pradesh,Ratlam,1810,310
Madhya Pradesh,Rewa,1096,554
Madhya Pradesh,Sagar,2798,241
Madhya Pradesh,Satna,1262,324
Madhya Pradesh,Sehore,2773,152
Madhya Pradesh,Seoni,900,286
Madhya Pradesh,Shahdol,830,448
Madhya Pradesh,Shajapur,2035,646
Madhya Pradesh,Sheopur,531,67
Madhya Pradesh,Shivpuri,898,318
Madhya Pradesh,Sidhi,479,213
Madhya Pradesh,Singrauli,716,160
Madhya Pradesh,Tikamgarh,2200,545
Madhya Pradesh,Ujjain,3956,981
Madhya Pradesh,Umaria,963,230
Madhya Pradesh,Vidisha,1994,536
Maharashtra,Ahmednagar,2959,1080
Maharashtra,Akola,1011,520
Maharashtra,Amravati,417,124
Maharashtra,Aurangabad,2260,255
Maharashtra,Beed,2836,666
Maharashtra,Bhandara,707,212
Maharashtra,Buldhana,3840,560
Maharashtra,Chandrapur,1445,399
Maharashtra,Dhule,929,346
Maharashtra,Gadchiroli,5552,241
Maharashtra,Gondia,508,104
Maharashtra,Hingoli,2413,236
Maharashtra,Jalgaon,1497,512
Maharashtra,Jalna,1391,269
Maharashtra,Kolhapur,5461,1006
Maharashtra,Latur,1050,80
Maharashtra,Mumbai,3619,242
Maharashtra,Nagpur,2278,606
Maharashtra,Nanded,6714,772
Maharashtra,Nandurbar,123,80
Maharashtra,Nashik,4208,956
Maharashtra,Osmanabad,2399,790
Maharashtra,Parbhani,3427,553
Maharashtra,Pune,4912,390
Maharashtra,Raigad,8418,701
Maharashtra,Ratnagiri,1292,158
Maharashtra,Sangli,3003,489
Maharashtra,Satara,3555,517
Maharashtra,Sindhudurg,5868,60
Maharashtra,Solapur,13590,1208
Maharashtra,Thane,8710,688
Maharashtra,Wardha,147,88
Maharashtra,Washim,2601,725
Maharashtra,Yavatmal,7172,1189
Manipur,Bishnupur,5,0
Manipur,Chandel,7,14
Manipur,Churachandpur,9,150
Manipur,Imphal East,200,385
Manipur,Imphal West,199,1669
Manipur,Senapati,3,0
Manipur,Tamenglong,5,127
Manipur,Thoubal,4,0
Manipur,Ukhrul,1,0
Meghalaya,East Khasi Hills,470,0
Meghalaya,West Garo Hills,3,0
Mizoram,Aizawl,211,3
Mizoram,Lunglei,290,0
Mizoram,Mammit,1,0
Mizoram,Serchhip,223,2
Nagaland,Dimapur,11,30
Nagaland,Kohima,3,16
Nagaland,Mokokchung,0,24
Nagaland,Mon,15,0
Nagaland,Phek,2,3
Nagaland,Tuensang,1,1
Nagaland,Wokha,1,0
Nagaland,Zunheboto,2,105
Odisha,Angul,8,1
Odisha,Anugul,278,40
Odisha,Balangir,114,60
Odisha,Baleswar,86,41
Odisha,Bargarh,93,32
Odisha,Baudh,6,5
Odisha,Bhadrak,178,29
Odisha,Boudh,149,56
Odisha,Cuttack,156,27
Odisha,Debagarh,11963,215
Odisha,Dhenkanal,86,22
Odisha,Gajapati,116,46
Odisha,Ganjam,311,570
Odisha,Jagatsinghapur,133,13
Odisha,Jajapur,300,53
Odisha,Jharsuguda,2,0
Odisha,Kalahandi,639,10
Odisha,Kandhamal,169,42
Odisha,Kendrapara,214,68
Odisha,Kendujhar,62,41
Odisha,Khorda,1451,58
Odisha,Khordha,45,43
Odisha,Koraput,56,7
Odisha,Malkangiri,5,0
Odisha,Mayurbhanj,524,255
Odisha,Nabarangapur,192,279
Odisha,Nayagarh,269,69
Odisha,Nuapada,17508,5285
Odisha,Puri,33,8
Odisha,Rayagada,11,22
Odisha,Sambalpur,81,4
Odisha,Sonapur,0,26
Odisha,Sundergarh,410,98
Others,Others,0,10818
Puducherry,Karaikal,18,17
Puducherry,Puducherry,107,10
Puducherry,Yanam,0,3
Punjab,Amritsar,2398,339
Punjab,Barnala,135,45
Punjab,Bathinda,750,185
Punjab,Faridkot,147,74
Punjab,Fatehgarh Sahib,73,17
Punjab,Fazilka,894,156
Punjab,Ferozepur,27,1
Punjab,Firozpur,969,102
Punjab,Gurdaspur,402,120
Punjab,Hoshiarpur,682,73
Punjab,Jalandhar,1303,88
Punjab,Kapurthala,718,59
Punjab,Ludhiana,6312,1085
Punjab,Mansa,265,137
Punjab,Moga,299,85
Punjab,Muktsar,0,1
Punjab,Pathankot,150,39
Punjab,Patiala,923,338
Punjab,Rupnagar,149,63
Punjab,SAS Nagar (Mohali),403,64
Punjab,Sangrur,654,695
Punjab,Shaheed Bhagat Singh Nagar,110,63
Punjab,Sri Muktsar Sahib,645,164
Punjab,Tarn Taran,542,181
Rajasthan,Ajmer,696,191
Rajasthan,Alwar,519,300
Rajasthan,Banswara,2803,248
Rajasthan,Baran,1801,72
Rajasthan,Barmer,1264,278
Rajasthan,Bharatpur,1254,177
Rajasthan,Bhilwara,1081,344
Rajasthan,Bikaner,987,256
Rajasthan,Bundi,1534,237
Rajasthan,Chittorgarh,1635,236
Rajasthan,Churu,385,185
Rajasthan,Dausa,490,83
Rajasthan,Dholpur,319,636
Rajasthan,Dungarpur,4841,294
Rajasthan,Ganganagar,2325,317
Rajasthan,Hanumangarh,1806,1153
Rajasthan,Jaipur,3196,558
Rajasthan,Jaisalmer,1053,169
Rajasthan,Jalor,745,348
Rajasthan,Jhalawar,529,131
Rajasthan,Jhunjhunu,724,109
Rajasthan,Jodhpur,3845,629
Rajasthan,Karauli,523,262
Rajasthan,Kota,603,134
Rajasthan,Nagaur,3814,330
Rajasthan,Pali,1468,152
Rajasthan,Pratapgarh,2085,195
Rajasthan,Rajsamand,407,127
Rajasthan,Sawai Madhopur,1185,106
Rajasthan,Sikar,2150,475
Rajasthan,Sirohi,125,162
Rajasthan,Tonk,1184,212
Rajasthan,Udaipur,392,185
Sikkim,East Sikkim,183,20
Sikkim,North Sikkim,37,1
Sikkim,South Sikkim,62,0
Sikkim,West Sikkim,24,2
Tamil Nadu,Ariyalur,48,1
Tamil Nadu,Chennai,5849,2061
Tamil Nadu,Coimbatore,47,1417
Tamil Nadu,Cuddalore,234,37
Tamil Nadu,Dharmapuri,26,109
Tamil Nadu,Dindigul,23,195
Tamil Nadu,Erode,362,299
Tamil Nadu,Kancheepuram,351,284
Tamil Nadu,Kanchipuram,0,2
Tamil Nadu,Kanniyakumari,2,0
Tamil Nadu,Kanyakumari,68,5
Tamil Nadu,Karur,12,17
Tamil Nadu,Krishnagiri,26,157
Tamil Nadu,Madurai,37,22
Tamil Nadu,Nagapattinam,14,48
Tamil Nadu,Namakkal,18,34
Tamil Nadu,Perambalur,783,538
Tamil Nadu,Pudukkottai,112,16
Tamil Nadu,Ramanathapuram,5,128
Tamil Nadu,Salem,56,108
Tamil Nadu,Sivaganga,17,90
Tamil Nadu,Thanjavur,19,129
Tamil Nadu,The Nilgiris,74,264
Tamil Nadu,Theni,16,181
Tamil Nadu,Thiruvarur,4,67
Tamil Nadu,Thoothukudi,28,256
Tamil Nadu,Tiruchirappalli,177,22
Tamil Nadu,Tirunelveli,39,162
Tamil Nadu,Tirupur,245,1530
Tamil Nadu,Tiruvallur,11758,3523
Tamil Nadu,Tiruvannamalai,58,754
Tamil Nadu,Tiruvarur,0,2
Tamil Nadu,Vellore,45,307
Tamil Nadu,Viluppuram,200,303
Tamil Nadu,Virudhunagar,28,22
Tripura,Dhalai,9,8
Tripura,Gomati,128,2
Tripura,Khowai,2,0
Tripura,North Tripura,54,10
Tripura,Sepahijala,170,1
Tripura,South Tripura,71,0
Tripura,Unakoti,17,1
Tripura,West Tripura,124,17
Uttar Pradesh,Agra,7654,406
Uttar Pradesh,Aligarh,2548,648
Uttar Pradesh,Allahabad,6505,1184
Uttar Pradesh,Ambedkar Nagar,140,3
Uttar Pradesh,Amethi,2730,285
Uttar Pradesh,Amroha,251,20
Uttar Pradesh,Auraiya,68,5
Uttar Pradesh,Azamgarh,1833,77
Uttar Pradesh,Baghpat,1781,368
Uttar Pradesh,Bahraich,75,3
Uttar Pradesh,Ballia,3015,370
Uttar Pradesh,Balrampur,7524,170
Uttar Pradesh,Banda,3113,200
Uttar Pradesh,Barabanki,496,140
Uttar Pradesh,Bareilly,3288,805
Uttar Pradesh,Basti,317,51
Uttar Pradesh,Bijnor,10136,218
Uttar Pradesh,Budaun,66,4
Uttar Pradesh,Bulandshahr,313,174
Uttar Pradesh,Chandauli,5364,1934
Uttar Pradesh,Chitrakoot,2478,131
Uttar Pradesh,Deoria,3742,462
Uttar Pradesh,Etah,267,17
Uttar Pradesh,Etawah,808,49
Uttar Pradesh,Faizabad,557,15
Uttar Pradesh,Farrukhabad,1218,29
Uttar Pradesh,Fatehpur,1586,118
Uttar Pradesh,Firozabad,125,8
Uttar Pradesh,Gautam Buddha Nagar,1913,270
Uttar Pradesh,Ghaziabad,4587,506
Uttar Pradesh,Ghazipur,2292,415
Uttar Pradesh,Gonda,2013,288
Uttar Pradesh,Gorakhpur,2215,383
Uttar Pradesh,Hamirpur,316,19
Uttar Pradesh,Hardoi,76,32
Uttar Pradesh,Hathras,9655,555
Uttar Pradesh,Jalaun,469,41
Uttar Pradesh,Jaunpur,323,14
Uttar Pradesh,Jhansi,3067,536
Uttar Pradesh,Kannauj,1347,101
Uttar Pradesh,Kanpur Dehat,1378,97
Uttar Pradesh,Kanpur Nagar,3445,249
Uttar Pradesh,Kasganj,9825,1760
Uttar Pradesh,Kaushambi,217,8
Uttar Pradesh,Kheri,2934,326
Uttar Pradesh,Kushinagar,1500,758
Uttar Pradesh,Lalitpur,74,0
Uttar Pradesh,Lucknow,3385,179
Uttar Pradesh,Maharajganj,2481,48
Uttar Pradesh,Mahoba,1187,1710
Uttar Pradesh,Mainpuri,6852,501
Uttar Pradesh,Mathura,4747,76
Uttar Pradesh,Mau,144,3
Uttar Pradesh,Meerut,20020,3318
Uttar Pradesh,Mirzapur,100,1
Uttar Pradesh,Moradabad,52,3
Uttar Pradesh,Muzaffarnagar,59,2
Uttar Pradesh,Pilibhit,3281,199
Uttar Pradesh,Pratapgarh,4899,1081
Uttar Pradesh,Raebareli,448,40
Uttar Pradesh,Rampur,22,1
Uttar Pradesh,Saharanpur,766,85
Uttar Pradesh,Sambhal,48,2
Uttar Pradesh,Sant Kabir Nagar,1134,59
Uttar Pradesh,Sant Ravidas Nagar,2791,52
Uttar Pradesh,Shahjahanpur,6386,34
Uttar Pradesh,Shamli,264,3
Uttar Pradesh,Shrawasti,110,8
Uttar Pradesh,Siddharthnagar,1036,131
Uttar Pradesh,Sitapur,25,12
Uttar Pradesh,Sonbhadra,837,13
Uttar Pradesh,Sultanpur,140,7
Uttar Pradesh,Unnao,1139,531
Uttar Pradesh,Varanasi,4505,1589
Uttarakhand,Almora,241,5
Uttarakhand,Bageshwar,223,2
Uttarakhand,Chamoli,25,0
Uttarakhand,Champawat,17,3
Uttarakhand,Dehradun,1155,180
Uttarakhand,Haridwar,9316,1131
Uttarakhand,Nainital,126,51
Uttarakhand,Pauri Garhwal,207,4
Uttarakhand,Pithoragarh,33,0
Uttarakhand,Rudraprayag,16,0
Uttarakhand,Tehri Garhwal,131,13
Uttarakhand,Udham Singh Nagar,32,16
Uttarakhand,Uttarkashi,16,12
West Bengal,Bankura,6597,536
West Bengal,Barddhaman,7096,482
West Bengal,Bardhaman,17490,1168
West Bengal,Birbhum,8839,528
West Bengal,Cooch Behar,306,19
West Bengal,Dakshin Dinajpur,4,1
West Bengal,Darjeeling,2573,17
West Bengal,East Midnapore,42646,8697
West Bengal,Hooghly,3026,599
West Bengal,Howrah,351,42
West Bengal,Jalpaiguri,4340,744
West Bengal,Kolkata,3793,84
West Bengal,Malda,6071,1455
West Bengal,Medinipur,160,19
West Bengal,Murshidabad,8345,549
West Bengal,Nadia,2929,1077
West Bengal,North 24 Parganas,32231,4619
West Bengal,North Dinajpur,4354,946
West Bengal,Paschim Medinipur,8,0
West Bengal,Purba Medinipur,5,0
West Bengal,Purulia,1228,8871
West Bengal,Puruliya,11,0
West Bengal,South 24 Parganas,12278,885
West Bengal,South Dinajpur,3516,794
West Bengal,South Twenty Four Parganas,9,3
West Bengal,West Midnapore,6132,896
