State,District,Aadhaar generated,Enrolment Rejected
Andaman and Nicobar Islands,South Andaman,7,0
Andhra Pradesh,Adilabad,347,97
Andhra Pradesh,Ananthapur,1027,122
Andhra Pradesh,Chittoor,503,131
Andhra Pradesh,Cuddapah,397,85
Andhra Pradesh,East Godavari,301,55
Andhra Pradesh,Guntur,502,73
Andhra Pradesh,Hyderabad,1249,176
Andhra Pradesh,Karimnagar,655,232
Andhra Pradesh,Khammam,706,201
Andhra Pradesh,Krishna,271,42
Andhra Pradesh,Kurnool,3256,1256
Andhra Pradesh,Mahbubnagar,4413,1411
Andhra Pradesh,Medak,1102,118
Andhra Pradesh,Nalgonda,566,174
Andhra Pradesh,Nellore,1680,491
Andhra Pradesh,Nizamabad,1090,380
Andhra Pradesh,Prakasam,588,188
Andhra Pradesh,Ranga Reddy,1571,252
Andhra Pradesh,Srikakulam,71,12
Andhra Pradesh,Visakhapatnam,2390,594
Andhra Pradesh,Vizianagaram,2589,726
Andhra Pradesh,Warangal,1340,644
Andhra Pradesh,West Godavari,1100,183
Arunachal Pradesh,Lohit,1,0
Arunachal Pradesh,Lower Subansiri,1,0
Arunachal Pradesh,Papum Pare,75,0
Arunachal Pradesh,West Kameng,56,0
Assam,Baksa,4,0
Assam,Barpeta,10,0
Assam,Bongaigaon,4,2
Assam,Cachar,10,0
Assam,Chirang,1,0
Assam,Darrang,1,0
Assam,Dhemaji,2,0
Assam,Dhubri,6,0
Assam,Dibrugarh,2,0
Assam,Goalpara,1,0
Assam,Golaghat,3,0
Assam,Hailakandi,5,0
Assam,Jorhat,4,0
Assam,Kamrup,14,0
Assam,Kamrup Metro,1,0
Assam,Karbi Anglong,4,0
Assam,Karimganj,4,0
Assam,Lakhimpur,1,0
Assam,Marigaon,4,0
Assam,Nagaon,8,0
Assam,Nalbari,4,0
Assam,Sibsagar,5,0
Assam,Sonitpur,8,0
Assam,Tinsukia,5,0
Assam,Udalguri,3,0
Bihar,Araria,449,60
Bihar,Arwal,261,1
Bihar,Aurangabad,113,2
Bihar,Banka,1103,1009
Bihar,Begusarai,1620,203
Bihar,Bhabua,1,0
Bihar,Bhagalpur,2684,155
Bihar,Bhojpur,485,16
Bihar,Buxar,92,4
Bihar,Darbhanga,1507,348
Bihar,East Champaran,369,6
Bihar,Gaya,368,440
Bihar,Gopalganj,1525,438
Bihar,Jamui,410,20
Bihar,Jehanabad,47,4
Bihar,Kaimur (Bhabua),44,1
Bihar,Katihar,7026,217
Bihar,Khagaria,49,2
Bihar,Kishanganj,3649,36
Bihar,Lakhisarai,139,11
Bihar,Madhepura,26,0
Bihar,Madhubani,192,14
Bihar,Munger,460,6
Bihar,Muzaffarpur,158,14
Bihar,Nalanda,1717,944
Bihar,Nawada,97,8
Bihar,Patna,6671,1262
Bihar,Purnia,345,97
Bihar,Rohtas,206,8
Bihar,Saharsa,1766,14
Bihar,Samastipur,128,10
Bihar,Saran,180,11
Bihar,Sheikhpura,19,2
Bihar,Sheohar,152,1134
Bihar,Sitamarhi,101,45
Bihar,Siwan,154,7
Bihar,Supaul,174,11
Bihar,Vaishali,197,10
Bihar,West Champaran,70,1
Chandigarh,Chandigarh,458,9
Chhattisgarh,Balod,452,42
Chhattisgarh,Baloda Bazar,34,5
Chhattisgarh,Balrampur,1,0
Chhattisgarh,Bastar,20,0
Chhattisgarh,Bemetara,52,1
Chhattisgarh,Bilaspur,23,1
Chhattisgarh,Dhamtari,155,3
Chhattisgarh,Durg,791,49
Chhattisgarh,Gariyaband,353,0
Chhattisgarh,Janjgir Champa,48,20
Chhattisgarh,Janjgir-champa,2020,97
Chhattisgarh,Jashpur,310,0
Chhattisgarh,Kanker,2,0
Chhattisgarh,Kawardha,2,0
Chhattisgarh,Korba,1181,5
Chhattisgarh,Koriya,164,51
Chhattisgarh,Mahasamund,4493,92
Chhattisgarh,Mungeli,469,41
Chhattisgarh,Raigarh,589,1
Chhattisgarh,Raipur,2656,128
Chhattisgarh,Rajnandgaon,151,3
Chhattisgarh,Surajpur,1028,14
Chhattisgarh,Surguja,9,0
Dadra and Nagar Haveli,Dadra and Nagar Haveli,272,3
Daman and Diu,Daman,48,1
Daman and Diu,Diu,3,1
Delhi,Central Delhi,426,36
Delhi,East Delhi,700,79
Delhi,New Delhi,89,6
Delhi,North Delhi,193,15
Delhi,North East,6,0
Delhi,North East Delhi,709,277
Delhi,North West Delhi,1391,169
Delhi,South Delhi,1763,132
Delhi,South West Delhi,653,138
Delhi,West Delhi,1219,140
Goa,North Goa,39,1
Goa,South Goa,64,2
Gujarat,Ahmedabad,16087,688
Gujarat,Amreli,3636,65
Gujarat,Anand,6566,191
Gujarat,Banaskantha,5171,97
Gujarat,Bharuch,7773,633
Gujarat,Bhavnagar,5870,417
Gujarat,Dahod,2710,172
Gujarat,Gandhinagar,1916,110
Gujarat,Jamnagar,2994,56
Gujarat,Junagadh,6969,129
Gujarat,Kachchh,2162,115
Gujarat,Kheda,5988,160
Gujarat,Mahesana,9362,390
Gujarat,Narmada,694,15
Gujarat,Navsari,2054,70
Gujarat,Panchmahal,6906,1068
Gujarat,Patan,1458,96
Gujarat,Porbandar,308,18
Gujarat,Rajkot,7078,104
Gujarat,Sabarkantha,2767,247
Gujarat,Surat,10922,1755
Gujarat,Surendra Nagar,113,3
Gujarat,Surendranagar,2159,75
Gujarat,Tapi,1270,72
Gujarat,The Dangs,675,12
Gujarat,Vadodara,19268,925
Gujarat,Valsad,5409,234
Haryana,Ambala,301,12
Haryana,Bhiwani,1567,67
Haryana,Faridabad,1929,127
Haryana,Fatehabad,246,12
Haryana,Gurgaon,1641,86
Haryana,Hisar,1018,43
Haryana,Jhajjar,813,43
Haryana,Jind,591,16
Haryana,Kaithal,479,135
Haryana,Karnal,1152,40
Haryana,Kurukshetra,1079,143
Haryana,Mahendragarh,687,5
Haryana,Mewat,2907,1070
Haryana,Palwal,803,156
Haryana,Panchkula,357,39
Haryana,Panipat,601,43
Haryana,Rewari,872,33
Haryana,Rohtak,592,21
Haryana,Sirsa,1331,129
Haryana,Sonipat,356,5
Haryana,Yamuna Nagar,914,138
Himachal Pradesh,Bilaspur,59,6
Himachal Pradesh,Chamba,193,5
Himachal Pradesh,Hamirpur,60,0
Himachal Pradesh,Kangra,508,37
Himachal Pradesh,Kinnaur,18,1
Himachal Pradesh,Kullu,63,8
Himachal Pradesh,Lahul and Spiti,1,0
Himachal Pradesh,Mandi,133,10
Himachal Pradesh,Shimla,152,7
Himachal Pradesh,Sirmaur,151,5
Himachal Pradesh,Solan,237,8
Himachal Pradesh,Una,57,5
Jammu and Kashmir,Anantnag,1635,5
Jammu and Kashmir,Badgam,1161,1
Jammu and Kashmir,Bandipore,351,3
Jammu and Kashmir,Baramula,818,1
Jammu and Kashmir,Doda,568,0
Jammu and Kashmir,Jammu,456,0
Jammu and Kashmir,Kargil,127,0
Jammu and Kashmir,Kathua,249,1
Jammu and Kashmir,Kupwara,1909,9
Jammu and Kashmir,Leh,129,0
Jammu and Kashmir,Poonch,1,0
Jammu and Kashmir,Pulwama,36,0
Jammu and Kashmir,Punch,7,0
Jammu and Kashmir,Rajouri,23,0
Jammu and Kashmir,Reasi,14,14
Jammu and Kashmir,Srinagar,1893,7
Jammu and Kashmir,Udhampur,199,0
Jharkhand,Bokaro,697,52
Jharkhand,Chatra,804,363
Jharkhand,Deoghar,1312,33
Jharkhand,Dhanbad,1748,44
Jharkhand,Dumka,428,3
Jharkhand,East Singhbhum,2093,88
Jharkhand,Garhwa,1263,52
Jharkhand,Giridih,1235,276
Jharkhand,Godda,543,39
Jharkhand,Gumla,768,44
Jharkhand,Hazaribagh,493,566
Jharkhand,Jamtara,423,13
Jharkhand,Khunti,301,11
Jharkhand,Koderma,396,51
Jharkhand,Latehar,642,43
Jharkhand,Lohardaga,232,32
Jharkhand,Pakur,542,54
Jharkhand,Palamu,2013,627
Jharkhand,Ramgarh,258,119
Jharkhand,Ranchi,1728,164
Jharkhand,Sahibganj,1089,122
Jharkhand,Seraikela-Kharsawan,370,23
Jharkhand,Simdega,431,45
Jharkhand,West Singhbhum,755,22
Karnataka,Bagalkot,3230,178
Karnataka,Bangalore,4402,125
Karnataka,Bangalore Rural,500,15
Karnataka,Belgaum,4527,209
Karnataka,Bellary,3813,271
Karnataka,Bidar,1868,1075
Karnataka,Bijapur,1515,127
Karnataka,Bijapur(KAR),3,0
Karnataka,Chamarajanagar,2305,480
Karnataka,Chikkaballapur,625,4
Karnataka,Chikmagalur,810,4
Karnataka,Chitradurga,1644,54
Karnataka,Dakshina Kannada,714,3
Karnataka,Davangere,387,4
Karnataka,Dharwad,183,6
Karnataka,Gadag,78,0
Karnataka,Gulbarga,1432,237
Karnataka,Hassan,2793,87
Karnataka,Haveri,326,8
Karnataka,Kodagu,560,0
Karnataka,Kolar,1591,146
Karnataka,Koppal,1305,44
Karnataka,Mandya,4141,106
Karnataka,Mysore,69,3
Karnataka,Raichur,1858,46
Karnataka,Ramanagar,1350,23
Karnataka,Shimoga,2155,86
Karnataka,Tumkur,129,8
Karnataka,Udupi,233,0
Karnataka,Uttara Kannada,762,4
Karnataka,Yadgir,795,139
Kerala,Alappuzha,963,21
Kerala,Ernakulam,912,7
Kerala,Idukki,169,5
Kerala,Kannur,889,3
Kerala,Kasaragod,282,4
Kerala,Kollam,528,5
Kerala,Kottayam,753,4
Kerala,Kozhikode,821,6
Kerala,Malappuram,1965,3
Kerala,Palakkad,1224,6
Kerala,Pathanamthitta,909,13
Kerala,Thiruvananthapuram,1787,41
Kerala,Thrissur,1913,7
Kerala,Wayanad,41,0
Lakshadweep,Lakshadweep,7,0
Madhya Pradesh,Alirajpur,870,233
Madhya Pradesh,Anuppur,726,52
Madhya Pradesh,Ashok Nagar,386,55
Madhya Pradesh,Balaghat,1124,61
Madhya Pradesh,Barwani,2579,235
Madhya Pradesh,Betul,3176,475
Madhya Pradesh,Bhind,943,40
Madhya Pradesh,Bhopal,1150,134
Madhya Pradesh,Burhanpur,179,12
Madhya Pradesh,Chhatarpur,2326,360
Madhya Pradesh,Chhindwara,3361,590
Madhya Pradesh,Damoh,1374,96
Madhya Pradesh,Datia,575,104
Madhya Pradesh,Dewas,1238,112
Madhya Pradesh,Dhar,2814,472
Madhya Pradesh,Dindori,543,51
Madhya Pradesh,Guna,988,218
Madhya Pradesh,Gwalior,2590,205
Madhya Pradesh,Harda,74,2
Madhya Pradesh,Hoshangabad,184,29
Madhya Pradesh,Indore,1742,108
Madhya Pradesh,Jabalpur,634,53
Madhya Pradesh,Jhabua,1193,726
Madhya Pradesh,Katni,1334,157
Madhya Pradesh,Khandwa,71,16
Madhya Pradesh,Khargone,2209,195
Madhya Pradesh,Mandla,2151,147
Madhya Pradesh,Mandsaur,789,52
Madhya Pradesh,Morena,859,34
Madhya Pradesh,Narsinghpur,880,66
Madhya Pradesh,Neemuch,526,18
Madhya Pradesh,Panna,789,103
Madhya Pradesh,Raisen,2093,177
Madhya Pradesh,Rajgarh,840,83
Madhya Pradesh,Ratlam,1303,126
Madhya Pradesh,Rewa,875,89
Madhya Pradesh,Sagar,1614,131
Madhya Pradesh,Satna,1213,171
Madhya Pradesh,Sehore,1625,194
Madhya Pradesh,Seoni,1356,143
Madhya Pradesh,Shahdol,1148,121
Madhya Pradesh,Shajapur,611,177
Madhya Pradesh,Sheopur,246,4
Madhya Pradesh,Shivpuri,1047,253
Madhya Pradesh,Sidhi,394,20
Madhya Pradesh,Singrauli,1075,254
Madhya Pradesh,Tikamgarh,783,276
Madhya Pradesh,Ujjain,2754,167
Madhya Pradesh,Umaria,622,23
Madhya Pradesh,Vidisha,1312,108
Maharashtra,Ahmednagar,2986,93
Maharashtra,Akola,1533,43
Maharashtra,Amravati,670,28
Maharashtra,Aurangabad,2483,165
Maharashtra,Beed,3479,99
Maharashtra,Bhandara,869,42
Maharashtra,Buldhana,5075,263
Maharashtra,Chandrapur,1738,114
Maharashtra,Dhule,756,28
Maharashtra,Gadchiroli,4921,246
Maharashtra,Gondia,623,27
Maharashtra,Hingoli,2727,63
Maharashtra,Jalgaon,2901,54
Maharashtra,Jalna,1654,102
Maharashtra,Kolhapur,4301,61
Maharashtra,Latur,1205,46
Maharashtra,Mumbai,3601,125
Maharashtra,Nagpur,2926,136
Maharashtra,Nanded,5480,195
Maharashtra,Nandurbar,425,15
Maharashtra,Nashik,6254,450
Maharashtra,Osmanabad,2210,218
Maharashtra,Parbhani,3799,126
Maharashtra,Pune,5873,261
Maharashtra,Raigad,11013,365
Maharashtra,Ratnagiri,1656,133
Maharashtra,Sangli,2272,69
Maharashtra,Satara,2799,71
Maharashtra,Sindhudurg,2916,227
Maharashtra,Solapur,7063,347
Maharashtra,Thane,6103,245
Maharashtra,Wardha,369,21
Maharashtra,Washim,2018,59
Maharashtra,Yavatmal,6251,288
Manipur,Bishnupur,4,0
Manipur,Chandel,21,0
Manipur,Churachandpur,70,0
Manipur,Imphal East,166,0
Manipur,Imphal West,493,0
Manipur,Senapati,2,0
Manipur,Tamenglong,100,0
Manipur,Thoubal,2,0
Meghalaya,East Khasi Hills,14,2
Meghalaya,Ri Bhoi,1,0
Meghalaya,West Garo Hills,1,0
Mizoram,Aizawl,1,0
Mizoram,Lunglei,1,0
Mizoram,Serchhip,69,0
Nagaland,Dimapur,1,0
Nagaland,Kohima,1,0
Nagaland,Mon,86,0
Odisha,Angul,12,0
Odisha,Anugul,510,37
Odisha,Balangir,767,1403
Odisha,Baleswar,331,9
Odisha,Bargarh,624,10
Odisha,Baudh,92,5
Odisha,Bhadrak,458,557
Odisha,Boudh,327,7533
Odisha,Cuttack,863,40
Odisha,Debagarh,43,2
Odisha,Dhenkanal,432,10
Odisha,Gajapati,573,2
Odisha,Ganjam,410,17
Odisha,Jagatsinghapur,79,5
Odisha,Jajapur,2383,219
Odisha,Jharsuguda,8,0
Odisha,Kalahandi,125,0
Odisha,Kandhamal,452,13
Odisha,Kendrapara,306,3
Odisha,Kendujhar,2169,33
Odisha,Khorda,136,730
Odisha,Khordha,23,11
Odisha,Koraput,482,3
Odisha,Malkangiri,1,0
Odisha,Mayurbhanj,3067,50
Odisha,Nabarangapur,2620,2
Odisha,Nayagarh,421,72
Odisha,Nuapada,4759,3632
Odisha,Puri,19,0
Odisha,Rayagada,20,0
Odisha,Sambalpur,418,4
Odisha,Sonapur,5,2
Odisha,Sundergarh,1222,61
Others,Others,768,554
Puducherry,Karaikal,118,7
Puducherry,Puducherry,43,1
Punjab,Amritsar,2387,151
Punjab,Barnala,84,1
Punjab,Bathinda,415,19
Punjab,Faridkot,379,11
Punjab,Fatehgarh Sahib,124,18
Punjab,Fazilka,668,62
Punjab,Firozpur,882,47
Punjab,Gurdaspur,628,66
Punjab,Hoshiarpur,639,13
Punjab,Jalandhar,1443,76
Punjab,Kapurthala,564,42
Punjab,Ludhiana,2204,69
Punjab,Mansa,548,18
Punjab,Moga,262,6
Punjab,Muktsar,1,0
Punjab,Pathankot,145,17
Punjab,Patiala,1187,106
Punjab,Rupnagar,307,9
Punjab,SAS Nagar (Mohali),621,20
Punjab,Sangrur,913,37
Punjab,Shaheed Bhagat Singh Nagar,210,5
Punjab,Sri Muktsar Sahib,599,56
Punjab,Tarn Taran,975,129
Rajasthan,Ajmer,491,30
Rajasthan,Alwar,654,72
Rajasthan,Banswara,2635,224
Rajasthan,Baran,974,40
Rajasthan,Barmer,1650,119
Rajasthan,Bharatpur,1948,163
Rajasthan,Bhilwara,1511,46
Rajasthan,Bikaner,521,21
Rajasthan,Bundi,1102,72
Rajasthan,Chittorgarh,1576,119
Rajasthan,Churu,446,35
Rajasthan,Dausa,456,49
Rajasthan,Dholpur,619,43
Rajasthan,Dungarpur,3899,176
Rajasthan,Ganganagar,1159,65
Rajasthan,Hanumangarh,1862,228
Rajasthan,Jaipur,4474,257
Rajasthan,Jaisalmer,947,81
Rajasthan,Jalor,1088,54
Rajasthan,Jhalawar,399,18
Rajasthan,Jhunjhunu,1375,61
Rajasthan,Jodhpur,2819,178
Rajasthan,Karauli,553,14
Rajasthan,Kota,572,61
Rajasthan,Nagaur,1977,170
Rajasthan,Pali,1498,111
Rajasthan,Pratapgarh,2598,163
Rajasthan,Rajsamand,314,8
Rajasthan,Sawai Madhopur,788,45
Rajasthan,Sikar,1480,96
Rajasthan,Sirohi,515,31
Rajasthan,Tonk,1656,161
Rajasthan,Udaipur,783,41
Sikkim,East Sikkim,27,0
Sikkim,North Sikkim,3,0
Sikkim,South Sikkim,14,0
Sikkim,West Sikkim,9,0
Tamil Nadu,Ariyalur,147,0
Tamil Nadu,Chennai,2731,70
Tamil Nadu,Coimbatore,1597,7
Tamil Nadu,Cuddalore,430,3
Tamil Nadu,Dharmapuri,592,3
Tamil Nadu,Dindigul,711,1
Tamil Nadu,Erode,578,16
Tamil Nadu,Kancheepuram,1289,6
Tamil Nadu,Kanniyakumari,127,0
Tamil Nadu,Kanyakumari,1282,0
Tamil Nadu,Karur,188,0
Tamil Nadu,Krishnagiri,402,0
Tamil Nadu,Madurai,980,1
Tamil Nadu,Nagapattinam,388,0
Tamil Nadu,Namakkal,1196,0
Tamil Nadu,Perambalur,234,0
Tamil Nadu,Pudukkottai,102,1
Tamil Nadu,Ramanathapuram,206,2
Tamil Nadu,Salem,858,6
Tamil Nadu,Sivaganga,951,1
Tamil Nadu,Thanjavur,868,5
Tamil Nadu,The Nilgiris,403,1
Tamil Nadu,Theni,443,1
Tamil Nadu,Thiruvarur,266,0
Tamil Nadu,Thoothukudi,1243,2
Tamil Nadu,Tiruchirappalli,316,0
Tamil Nadu,Tirunelveli,1565,3
Tamil Nadu,Tirupur,1220,8
Tamil Nadu,Tiruvallur,5197,7
Tamil Nadu,Tiruvannamalai,475,1
Tamil Nadu,Vellore,1620,10
Tamil Nadu,Viluppuram,1008,4
Tamil Nadu,Virudhunagar,2232,2
Tripura,Dhalai,28,2
Tripura,Gomati,31,1
Tripura,Khowai,4,0
Tripura,North Tripura,104,4
Tripura,Sepahijala,56,1
Tripura,South Tripura,6,0
Tripura,Unakoti,30,1
Tripura,West Tripura,123,3
Uttar Pradesh,Agra,8890,1261
Uttar Pradesh,Aligarh,1177,110
Uttar Pradesh,Allahabad,4471,130
Uttar Pradesh,Ambedkar Nagar,101,3
Uttar Pradesh,Amethi,2532,574
Uttar Pradesh,Amroha,1083,5
Uttar Pradesh,Auraiya,50,7
Uttar Pradesh,Azamgarh,993,63
Uttar Pradesh,Baghpat,1130,72
Uttar Pradesh,Bahraich,36,0
Uttar Pradesh,Ballia,546,12
Uttar Pradesh,Balrampur,10284,537
Uttar Pradesh,Banda,1788,7
Uttar Pradesh,Barabanki,374,7
Uttar Pradesh,Bareilly,1075,20
Uttar Pradesh,Basti,260,25
Uttar Pradesh,Bijnor,2531,176
Uttar Pradesh,Budaun,28,15
Uttar Pradesh,Bulandshahr,1559,332
Uttar Pradesh,Chandauli,1688,25
Uttar Pradesh,Chitrakoot,3035,103
Uttar Pradesh,Deoria,4239,358
Uttar Pradesh,Etah,76,21
Uttar Pradesh,Etawah,729,51
Uttar Pradesh,Faizabad,425,2
Uttar Pradesh,Farrukhabad,747,38
Uttar Pradesh,Fatehpur,6697,955
Uttar Pradesh,Firozabad,52,2
Uttar Pradesh,Gautam Buddha Nagar,1113,119
Uttar Pradesh,Ghaziabad,2307,365
Uttar Pradesh,Ghazipur,2123,35
Uttar Pradesh,Gonda,9210,201
Uttar Pradesh,Gorakhpur,9114,661
Uttar Pradesh,Hamirpur,1518,263
Uttar Pradesh,Hardoi,64,2
Uttar Pradesh,Hathras,3233,374
Uttar Pradesh,Jalaun,1515,119
Uttar Pradesh,Jaunpur,161,6
Uttar Pradesh,Jhansi,786,114
Uttar Pradesh,Kannauj,678,16
Uttar Pradesh,Kanpur Dehat,412,412
Uttar Pradesh,Kanpur Nagar,1536,58
Uttar Pradesh,Kasganj,5915,831
Uttar Pradesh,Kaushambi,176,3
Uttar Pradesh,Kheri,1812,343
Uttar Pradesh,Kushinagar,1801,822
Uttar Pradesh,Lalitpur,6,2
Uttar Pradesh,Lucknow,1591,93
Uttar Pradesh,Maharajganj,8484,200
Uttar Pradesh,Mahoba,610,71
Uttar Pradesh,Mainpuri,1909,120
Uttar Pradesh,Mathura,1016,29
Uttar Pradesh,Mau,64,3
Uttar Pradesh,Meerut,8772,2333
Uttar Pradesh,Mirzapur,54,3
Uttar Pradesh,Moradabad,251,1
Uttar Pradesh,Muzaffarnagar,748,23
Uttar Pradesh,Pilibhit,1967,29
Uttar Pradesh,Pratapgarh,3731,120
Uttar Pradesh,Raebareli,1485,97
Uttar Pradesh,Rampur,25,1
Uttar Pradesh,Saharanpur,3796,238
Uttar Pradesh,Sambhal,24,0
Uttar Pradesh,Sant Kabir Nagar,5134,615
Uttar Pradesh,Sant Ravidas Nagar,1320,1
Uttar Pradesh,Shahjahanpur,1656,3
Uttar Pradesh,Shamli,1075,2
Uttar Pradesh,Shrawasti,243,4
Uttar Pradesh,Siddharthnagar,109,2
Uttar Pradesh,Sitapur,10,3
Uttar Pradesh,Sonbhadra,441,78
Uttar Pradesh,Sultanpur,81,4
Uttar Pradesh,Unnao,1154,454
Uttar Pradesh,Varanasi,1882,33
Uttarakhand,Almora,1631,20
Uttarakhand,Bageshwar,183,1
Uttarakhand,Chamoli,13,0
Uttarakhand,Champawat,108,4
Uttarakhand,Dehradun,9425,718
Uttarakhand,Garhwal,1,0
Uttarakhand,Haridwar,8411,154
Uttarakhand,Nainital,54,0
Uttarakhand,Pauri Garhwal,1354,38
Uttarakhand,Pithoragarh,18,1
Uttarakhand,Rudraprayag,15,0
Uttarakhand,Tehri Garhwal,631,195
Uttarakhand,Udham Singh Nagar,71,2
Uttarakhand,Uttarkashi,15,2
West Bengal,Bankura,4215,768
West Bengal,Barddhaman,3346,1129
West Bengal,Bardhaman,27187,2021
West Bengal,Birbhum,20945,1785
West Bengal,Cooch Behar,388,33
West Bengal,Darjeeling,3248,1
West Bengal,East Midnapore,34086,11945
West Bengal,Hooghly,3828,104
West Bengal,Howrah,4095,39
West Bengal,Jalpaiguri,5495,225
West Bengal,Kolkata,1877,23
West Bengal,Malda,14860,1331
West Bengal,Medinipur,1550,146
West Bengal,Murshidabad,15440,246
West Bengal,Nadia,7233,58
West Bengal,North 24 Parganas,9186,1127
West Bengal,North Dinajpur,2842,114
West Bengal,Paschim Medinipur,179,42
West Bengal,Purba Medinipur,12,1
West Bengal,Purulia,1169,73
West Bengal,Puruliya,6,0
West Bengal,South 24 Parganas,7846,582
West Bengal,South Dinajpur,3133,200
West Bengal,South Twenty Four Parganas,24,0
West Bengal,West Midnapore,19854,2282
