State,District,Aadhaar generated,Enrolment Rejected
Andaman and Nicobar Islands,North And Middle Andaman,1,0
Andaman and Nicobar Islands,South Andaman,62,1
Andhra Pradesh,Adilabad,455,410
Andhra Pradesh,Anantapur,0,1
Andhra Pradesh,Ananthapur,3039,1197
Andhra Pradesh,Chittoor,598,215
Andhra Pradesh,Cuddapah,365,145
Andhra Pradesh,East Godavari,390,131
Andhra Pradesh,Guntur,505,450
Andhra Pradesh,Hyderabad,1401,251
Andhra Pradesh,Karimnagar,2003,252
Andhra Pradesh,Khammam,1515,216
Andhra Pradesh,Krishna,360,131
Andhra Pradesh,Kurnool,5288,5008
Andhra Pradesh,Mahbubnagar,4521,2046
Andhra Pradesh,Medak,2761,57
Andhra Pradesh,Nalgonda,1054,2452
Andhra Pradesh,Nellore,2614,964
Andhra Pradesh,Nizamabad,1964,444
Andhra Pradesh,Prakasam,1517,368
Andhra Pradesh,Ranga Reddy,1804,263
Andhra Pradesh,Srikakulam,154,52
Andhra Pradesh,Visakhapatnam,5459,1395
Andhra Pradesh,Vizianagaram,2025,966
Andhra Pradesh,Warangal,2110,407
Andhra Pradesh,West Godavari,3326,533
Arunachal Pradesh,Lower Subansiri,2,0
Arunachal Pradesh,Papum Pare,108,4
Arunachal Pradesh,West Kameng,35,1
Assam,Baksa,6,0
Assam,Barpeta,5,1
Assam,Bongaigaon,6,0
Assam,Cachar,6,1
Assam,Chirang,1,0
Assam,Darrang,1,0
Assam,Dhemaji,3,0
Assam,Dhubri,7,0
Assam,Dibrugarh,5,0
Assam,Goalpara,2,0
Assam,Golaghat,7,0
Assam,Hailakandi,2,0
Assam,Jorhat,6,0
Assam,Kamrup,11,1
Assam,Karbi Anglong,4,0
Assam,Karimganj,5,1
Assam,Kokrajhar,4,1
Assam,Lakhimpur,5,2
Assam,Nagaon,16,0
Assam,North Cachar Hills,1,0
Assam,Sibsagar,5,3
Assam,Sonitpur,12,0
Assam,Tinsukia,2,0
Assam,Udalguri,6,1
Bihar,Araria,62,6
Bihar,Arwal,877,130
Bihar,Aurangabad,114,18
Bihar,Aurangabad(BH),10,0
Bihar,Banka,92,27
Bihar,Begusarai,74,28
Bihar,Bhabua,1,1
Bihar,Bhagalpur,154,138
Bihar,Bhojpur,126,13
Bihar,Buxar,118,51
Bihar,Darbhanga,1590,2158
Bihar,East Champaran,232,63
Bihar,Gaya,321,33
Bihar,Gopalganj,2571,851
Bihar,Jamui,318,41
Bihar,Jehanabad,40,3
Bihar,Kaimur (Bhabua),45,1
Bihar,Katihar,12494,2626
Bihar,Khagaria,41,3
Bihar,Kishanganj,5749,3574
Bihar,Lakhisarai,767,36
Bihar,Madhepura,32,5
Bihar,Madhubani,173,23
Bihar,Munger,154,25
Bihar,Muzaffarpur,212,11
Bihar,Nalanda,2573,1226
Bihar,Nawada,153,33
Bihar,Patna,1961,666
Bihar,Purnia,1495,219
Bihar,Rohtas,851,29
Bihar,Saharsa,5506,371
Bihar,Samastipur,106,25
Bihar,Saran,171,21
Bihar,Sheikhpura,162,41
Bihar,Sheohar,678,356
Bihar,Sitamarhi,101,9
Bihar,Siwan,121,12
Bihar,Supaul,639,25
Bihar,Vaishali,840,92
Bihar,West Champaran,58,21
Chandigarh,Chandigarh,499,68
Chhattisgarh,Balod,168,1
Chhattisgarh,Baloda Bazar,28,0
Chhattisgarh,Balrampur,1,1
Chhattisgarh,Bastar,78,0
Chhattisgarh,Bemetara,70,3
Chhattisgarh,Bilaspur,100,55
Chhattisgarh,Dhamtari,907,129
Chhattisgarh,Durg,650,42
Chhattisgarh,Gariyaband,195,93
Chhattisgarh,Janjgir Champa,1058,1013
Chhattisgarh,Janjgir-champa,877,1271
Chhattisgarh,Jashpur,5,4
Chhattisgarh,Kanker,2,0
Chhattisgarh,Kawardha,10,1
Chhattisgarh,Korba,1829,341
Chhattisgarh,Koriya,807,266
Chhattisgarh,Mahasamund,553,790
Chhattisgarh,Mungeli,574,61
Chhattisgarh,Raigarh,362,220
Chhattisgarh,Raipur,2686,281
Chhattisgarh,Rajnandgaon,180,10
Chhattisgarh,Surajpur,917,50
Chhattisgarh,Surguja,12,0
Dadra and Nagar Haveli,Dadra and Nagar Haveli,1156,150
Daman and Diu,Daman,117,23
Daman and Diu,Diu,4,11
Delhi,Central Delhi,494,124
Delhi,East Delhi,1091,341
Delhi,Najafgarh,2,2
Delhi,New Delhi,50,3
Delhi,North Delhi,374,110
Delhi,North East,38,592
Delhi,North East Delhi,875,522
Delhi,North West Delhi,2261,768
Delhi,South Delhi,2077,677
Delhi,South West Delhi,1464,667
Delhi,West Delhi,1426,549
Goa,North Goa,32,127
Goa,South Goa,72,13
Gujarat,Ahmedabad,14441,3551
Gujarat,Amreli,4932,1237
Gujarat,Anand,8984,3402
Gujarat,Banaskantha,7900,613
Gujarat,Bharuch,6367,1309
Gujarat,Bhavnagar,7026,2386
Gujarat,Dahod,4704,6292
Gujarat,Gandhinagar,2470,225
Gujarat,Jamnagar,3558,983
Gujarat,Junagadh,5636,2873
Gujarat,Kachchh,4233,337
Gujarat,Kheda,6494,1499
Gujarat,Mahesana,11301,3209
Gujarat,Narmada,1073,968
Gujarat,Navsari,3132,516
Gujarat,Panchmahal,3021,536
Gujarat,Patan,2186,560
Gujarat,Porbandar,908,187
Gujarat,Rajkot,5809,4842
Gujarat,Sabarkantha,2198,1682
Gujarat,Surat,13182,5417
Gujarat,Surendranagar,4838,248
Gujarat,Tapi,1945,157
Gujarat,The Dangs,345,19
Gujarat,Vadodara,10915,2004
Gujarat,Valsad,8708,2693
Haryana,Ambala,686,268
Haryana,Bhiwani,4263,123
Haryana,Faridabad,3625,310
Haryana,Fatehabad,2089,203
Haryana,Gurgaon,2795,886
Haryana,Hisar,3563,186
Haryana,Jhajjar,2201,50
Haryana,Jind,2872,73
Haryana,Kaithal,1277,34
Haryana,Karnal,3838,249
Haryana,Kurukshetra,1451,214
Haryana,Mahendragarh,2170,48
Haryana,Mewat,1927,2049
Haryana,Palwal,1110,50
Haryana,Panchkula,308,58
Haryana,Panipat,2581,191
Haryana,Rewari,2205,74
Haryana,Rohtak,1492,60
Haryana,Sirsa,2168,212
Haryana,Sonipat,713,399
Haryana,Yamuna Nagar,3030,397
Himachal Pradesh,Bilaspur,53,7
Himachal Pradesh,Chamba,250,15
Himachal Pradesh,Hamirpur,203,17
Himachal Pradesh,Kangra,732,118
Himachal Pradesh,Kinnaur,75,3
Himachal Pradesh,Kullu,145,21
Himachal Pradesh,Lahul and Spiti,2,0
Himachal Pradesh,Mandi,208,53
Himachal Pradesh,Shimla,209,25
Himachal Pradesh,Sirmaur,190,128
Himachal Pradesh,Solan,265,113
Himachal Pradesh,Una,193,17
Jammu and Kashmir,Anantnag,2050,10
Jammu and Kashmir,Badgam,155,1
Jammu and Kashmir,Bandipore,1826,8
Jammu and Kashmir,Baramula,2089,17
Jammu and Kashmir,Doda,1035,16
Jammu and Kashmir,Jammu,494,15
Jammu and Kashmir,Kargil,420,1
Jammu and Kashmir,Kathua,568,5
Jammu and Kashmir,Kupwara,1771,19
Jammu and Kashmir,Leh,435,2
Jammu and Kashmir,Pulwama,30,0
Jammu and Kashmir,Rajouri,5,1
Jammu and Kashmir,Reasi,5,398
Jammu and Kashmir,Srinagar,512,19
Jammu and Kashmir,Udhampur,194,51
Jharkhand,Bokaro,770,160
Jharkhand,Chatra,1448,610
Jharkhand,Deoghar,1473,186
Jharkhand,Dhanbad,1770,476
Jharkhand,Dumka,584,145
Jharkhand,East Singhbhum,1322,126
Jharkhand,Garhwa,1138,288
Jharkhand,Giridih,1252,141
Jharkhand,Godda,1255,136
Jharkhand,Gumla,562,98
Jharkhand,Hazaribag,0,2
Jharkhand,Hazaribagh,435,353
Jharkhand,Jamtara,683,27
Jharkhand,Khunti,157,79
Jharkhand,Koderma,552,101
Jharkhand,Latehar,1572,190
Jharkhand,Lohardaga,147,110
Jharkhand,Pakur,959,370
Jharkhand,Palamu,1373,721
Jharkhand,Ramgarh,312,39
Jharkhand,Ranchi,1199,264
Jharkhand,Sahibganj,2041,168
Jharkhand,Seraikela-Kharsawan,281,171
Jharkhand,Simdega,676,114
Jharkhand,West Singhbhum,726,101
Karnataka,Bagalkot,2906,1077
Karnataka,Bangalore,11317,760
Karnataka,Bangalore Rural,945,248
Karnataka,Belgaum,12093,2070
Karnataka,Bellary,6478,1155
Karnataka,Bidar,3315,1081
Karnataka,Bijapur,2713,891
Karnataka,Chamarajanagar,2422,807
Karnataka,Chikkaballapur,998,70
Karnataka,Chikmagalur,2607,127
Karnataka,Chitradurga,2939,759
Karnataka,Dakshina Kannada,4380,653
Karnataka,Davangere,1108,217
Karnataka,Dharwad,480,141
Karnataka,Gadag,205,64
Karnataka,Gulbarga,4792,1159
Karnataka,Hassan,5121,990
Karnataka,Haveri,1031,143
Karnataka,Kodagu,364,386
Karnataka,Kolar,2922,361
Karnataka,Koppal,1132,271
Karnataka,Mandya,6552,2582
Karnataka,Mysore,349,47
Karnataka,Raichur,2906,421
Karnataka,Ramanagar,2432,1125
Karnataka,Shimoga,4798,6056
Karnataka,Tumkur,331,96
Karnataka,Udupi,326,80
Karnataka,Uttara Kannada,918,245
Karnataka,Yadgir,1919,1362
Kerala,Alappuzha,626,489
Kerala,Ernakulam,681,177
Kerala,Idukki,156,17
Kerala,Kannur,968,478
Kerala,Kasaragod,414,280
Kerala,Kollam,468,77
Kerala,Kottayam,624,91
Kerala,Kozhikode,563,574
Kerala,Malappuram,1716,79
Kerala,Palakkad,859,59
Kerala,Pathanamthitta,270,576
Kerala,Thiruvananthapuram,1115,274
Kerala,Thrissur,1262,46
Kerala,Wayanad,30,31
Lakshadweep,Lakshadweep,7,1
Madhya Pradesh,Alirajpur,1741,326
Madhya Pradesh,Anuppur,2202,308
Madhya Pradesh,Ashok Nagar,526,152
Madhya Pradesh,Balaghat,3875,1136
Madhya Pradesh,Barwani,3689,591
Madhya Pradesh,Betul,4133,988
Madhya Pradesh,Bhind,1167,175
Madhya Pradesh,Bhopal,1447,301
Madhya Pradesh,Burhanpur,271,342
Madhya Pradesh,Chhatarpur,4162,2196
Madhya Pradesh,Chhindwara,5045,1399
Madhya Pradesh,Damoh,2090,109
Madhya Pradesh,Datia,890,449
Madhya Pradesh,Dewas,953,445
Madhya Pradesh,Dhar,3774,293
Madhya Pradesh,Dindori,1866,75
Madhya Pradesh,Guna,1116,202
Madhya Pradesh,Gwalior,2058,506
Madhya Pradesh,Harda,113,51
Madhya Pradesh,Hoshangabad,223,183
Madhya Pradesh,Indore,3211,388
Madhya Pradesh,Jabalpur,1574,243
Madhya Pradesh,Jhabua,1535,1007
Madhya Pradesh,Katni,1917,258
Madhya Pradesh,Khandwa,136,56
Madhya Pradesh,Khargone,3584,793
Madhya Pradesh,Mandla,2397,359
Madhya Pradesh,Mandsaur,1107,125
Madhya Pradesh,Morena,1784,266
Madhya Pradesh,Narsinghpur,1755,98
Madhya Pradesh,Neemuch,329,115
Madhya Pradesh,Panna,1487,536
Madhya Pradesh,Raisen,4472,502
Madhya Pradesh,Rajgarh,1340,435
Madhya Pradesh,Ratlam,1103,163
Madhya Pradesh,Rewa,2803,359
Madhya Pradesh,Sagar,3394,439
Madhya Pradesh,Satna,3128,361
Madhya Pradesh,Sehore,2014,294
Madhya Pradesh,Seoni,1636,151
Madhya Pradesh,Shahdol,2124,961
Madhya Pradesh,Shajapur,970,428
Madhya Pradesh,Sheopur,156,62
Madhya Pradesh,Shivpuri,1657,2153
Madhya Pradesh,Sidhi,1315,136
Madhya Pradesh,Singrauli,1725,476
Madhya Pradesh,Tikamgarh,1759,1867
Madhya Pradesh,Ujjain,3652,368
Madhya Pradesh,Umaria,1301,107
Madhya Pradesh,Vidisha,1591,478
Maharashtra,Ahmednagar,3156,1069
Maharashtra,Akola,1490,1372
Maharashtra,Amravati,900,1011
Maharashtra,Aurangabad,3504,2334
Maharashtra,Beed,2528,1741
Maharashtra,Bhandara,990,206
Maharashtra,Buldhana,4135,1530
Maharashtra,Chandrapur,1423,594
Maharashtra,Dhule,840,719
Maharashtra,Gadchiroli,4336,637
Maharashtra,Gondia,854,318
Maharashtra,Hingoli,1746,1082
Maharashtra,Jalgaon,3211,1924
Maharashtra,Jalna,2661,1458
Maharashtra,Kolhapur,5312,2342
Maharashtra,Latur,1333,1140
Maharashtra,Mumbai,5914,703
Maharashtra,Nagpur,3357,761
Maharashtra,Nanded,4562,3335
Maharashtra,Nandurbar,1206,777
Maharashtra,Nashik,6492,2012
Maharashtra,Osmanabad,2236,1552
Maharashtra,Parbhani,3777,1298
Maharashtra,Pune,6677,2371
Maharashtra,Raigad,6402,1284
Maharashtra,Ratnagiri,1814,321
Maharashtra,Sangli,2003,209
Maharashtra,Satara,3157,701
Maharashtra,Sindhudurg,3141,116
Maharashtra,Solapur,6422,1582
Maharashtra,Thane,6349,757
Maharashtra,Wardha,993,500
Maharashtra,Washim,2898,1535
Maharashtra,Yavatmal,4693,3630
Manipur,Bishnupur,5,0
Manipur,Chandel,67,0
Manipur,Churachandpur,179,1
Manipur,Imphal East,334,2
Manipur,Imphal West,793,18
Manipur,Senapati,1,0
Manipur,Tamenglong,75,1
Manipur,Thoubal,17,0
Meghalaya,East Khasi Hills,36,1
Meghalaya,West Garo Hills,2,0
Mizoram,Aizawl,2,0
Nagaland,Dimapur,5,0
Nagaland,Kohima,1,0
Nagaland,Longleng,4,1
Nagaland,Mon,24,2
Nagaland,Phek,0,1
Nagaland,Wokha,1,0
Odisha,Angul,4,0
Odisha,Anugul,1441,228
Odisha,Balangir,1104,643
Odisha,Baleswar,829,544
Odisha,Bargarh,2442,375
Odisha,Baudh,172,50
Odisha,Bhadrak,1501,1284
Odisha,Boudh,1401,1720
Odisha,Cuttack,7865,1405
Odisha,Debagarh,129,13
Odisha,Dhenkanal,434,711
Odisha,Gajapati,2374,112
Odisha,Ganjam,1896,273
Odisha,Jagatsinghapur,233,18
Odisha,Jajapur,6748,2909
Odisha,Jharsuguda,18,2
Odisha,Kalahandi,1934,6
Odisha,Kandhamal,9358,4819
Odisha,Kendrapara,252,39
Odisha,Kendujhar,1540,329
Odisha,Khorda,81,20
Odisha,Khordha,209,804
Odisha,Koraput,4095,945
Odisha,Malkangiri,3,0
Odisha,Mayurbhanj,9664,5015
Odisha,Nabarangapur,3434,3357
Odisha,Nayagarh,1071,130
Odisha,Nuapada,581,16
Odisha,Puri,26,12
Odisha,Rayagada,709,49
Odisha,Sambalpur,931,971
Odisha,Sonapur,27,6
Odisha,Sundergarh,2963,657
Others,Others,166,1164
Puducherry,Karaikal,218,64
Puducherry,Pondicherry,0,39
Puducherry,Puducherry,91,19
Punjab,Amritsar,3174,342
Punjab,Barnala,116,19
Punjab,Bathinda,686,94
Punjab,Faridkot,302,43
Punjab,Fatehgarh Sahib,137,26
Punjab,Fazilka,839,314
Punjab,Firozpur,1656,450
Punjab,Gurdaspur,1219,407
Punjab,Hoshiarpur,1655,128
Punjab,Jalandhar,1714,441
Punjab,Kapurthala,774,93
Punjab,Ludhiana,2847,819
Punjab,Mansa,1794,46
Punjab,Moga,619,60
Punjab,Muktsar,7,38
Punjab,Pathankot,526,150
Punjab,Patiala,2144,575
Punjab,Rupnagar,726,43
Punjab,SAS Nagar (Mohali),794,33
Punjab,Sangrur,2385,240
Punjab,Shaheed Bhagat Singh Nagar,182,103
Punjab,Sri Muktsar Sahib,763,42
Punjab,Tarn Taran,2790,489
Rajasthan,Ajmer,709,136
Rajasthan,Alwar,1848,436
Rajasthan,Banswara,3146,874
Rajasthan,Baran,1836,662
Rajasthan,Barmer,1973,232
Rajasthan,Bharatpur,3294,583
Rajasthan,Bhilwara,3583,610
Rajasthan,Bikaner,1846,90
Rajasthan,Bundi,1951,154
Rajasthan,Chittorgarh,2794,381
Rajasthan,Churu,1392,68
Rajasthan,Dausa,731,125
Rajasthan,Dholpur,1111,917
Rajasthan,Dungarpur,3779,772
Rajasthan,Ganganagar,2517,218
Rajasthan,Hanumangarh,2856,903
Rajasthan,Jaipur,7405,906
Rajasthan,Jaisalmer,2541,106
Rajasthan,Jalor,2387,410
Rajasthan,Jhalawar,985,357
Rajasthan,Jhunjhunu,1400,182
Rajasthan,Jhunjhunun,0,1
Rajasthan,Jodhpur,6137,771
Rajasthan,Karauli,1615,361
Rajasthan,Kota,1071,593
Rajasthan,Nagaur,3488,290
Rajasthan,Pali,2104,669
Rajasthan,Pratapgarh,1655,147
Rajasthan,Rajsamand,663,74
Rajasthan,Sawai Madhopur,1151,375
Rajasthan,Sikar,3601,393
Rajasthan,Sirohi,951,113
Rajasthan,Tonk,2421,261
Rajasthan,Udaipur,1706,596
Sikkim,East Sikkim,74,6
Sikkim,North Sikkim,7,1
Sikkim,South Sikkim,27,3
Sikkim,West Sikkim,54,2
Tamil Nadu,Ariyalur,773,106
Tamil Nadu,Chennai,9128,6905
Tamil Nadu,Coimbatore,6956,2577
Tamil Nadu,Cuddalore,1494,271
Tamil Nadu,Dharmapuri,4101,159
Tamil Nadu,Dindigul,4298,352
Tamil Nadu,Erode,2176,622
Tamil Nadu,Kancheepuram,5473,599
Tamil Nadu,Kanniyakumari,321,0
Tamil Nadu,Kanyakumari,4507,11
Tamil Nadu,Karur,1026,74
Tamil Nadu,Krishnagiri,4458,89
Tamil Nadu,Madurai,2712,341
Tamil Nadu,Nagapattinam,3792,53
Tamil Nadu,Namakkal,3440,67
Tamil Nadu,Nilgiris,2,0
Tamil Nadu,Perambalur,395,1869
Tamil Nadu,Pudukkottai,1045,486
Tamil Nadu,Ramanathapuram,1106,105
Tamil Nadu,Salem,5803,388
Tamil Nadu,Sivaganga,3920,125
Tamil Nadu,Thanjavur,4505,417
Tamil Nadu,The Nilgiris,1854,823
Tamil Nadu,Theni,2979,55
Tamil Nadu,Thiruvarur,2682,63
Tamil Nadu,Thoothukudi,3454,225
Tamil Nadu,Tiruchirappalli,1269,1075
Tamil Nadu,Tirunelveli,4589,400
Tamil Nadu,Tirupur,5322,5122
Tamil Nadu,Tiruvallur,13780,11633
Tamil Nadu,Tiruvannamalai,2819,3181
Tamil Nadu,Tiruvarur,5,1
Tamil Nadu,Vellore,11581,656
Tamil Nadu,Viluppuram,6357,181
Tamil Nadu,Virudhunagar,3288,57
Tripura,Dhalai,58,56
Tripura,Gomati,29,0
Tripura,Khowai,5,0
Tripura,North Tripura,137,51
Tripura,Sepahijala,8,0
Tripura,South Tripura,32,119
Tripura,Unakoti,29,2
Tripura,West Tripura,173,240
Uttar Pradesh,Agra,503,281
Uttar Pradesh,Aligarh,666,758
Uttar Pradesh,Allahabad,2904,1995
Uttar Pradesh,Ambedkar Nagar,110,7
Uttar Pradesh,Amethi,4286,1180
Uttar Pradesh,Amroha,2297,731
Uttar Pradesh,Auraiya,41,20
Uttar Pradesh,Azamgarh,2772,315
Uttar Pradesh,Baghpat,1745,479
Uttar Pradesh,Bahraich,45,3
Uttar Pradesh,Ballia,1444,121
Uttar Pradesh,Balrampur,3734,334
Uttar Pradesh,Banda,923,220
Uttar Pradesh,Barabanki,395,295
Uttar Pradesh,Bareilly,2632,2369
Uttar Pradesh,Basti,328,206
Uttar Pradesh,Bijnor,3537,458
Uttar Pradesh,Budaun,38,4
Uttar Pradesh,Bulandshahar,0,1
Uttar Pradesh,Bulandshahr,1829,733
Uttar Pradesh,Chandauli,2884,5804
Uttar Pradesh,Chitrakoot,2885,531
Uttar Pradesh,Deoria,687,948
Uttar Pradesh,Etah,36,4
Uttar Pradesh,Etawah,1871,3943
Uttar Pradesh,Faizabad,1655,113
Uttar Pradesh,Farrukhabad,691,32
Uttar Pradesh,Fatehpur,2461,395
Uttar Pradesh,Firozabad,89,60
Uttar Pradesh,Gautam Buddha Nagar,748,257
Uttar Pradesh,Ghaziabad,1614,1151
Uttar Pradesh,Ghazipur,2173,1558
Uttar Pradesh,Gonda,3147,2341
Uttar Pradesh,Gorakhpur,1429,951
Uttar Pradesh,Hamirpur,2099,605
Uttar Pradesh,Hardoi,86,9
Uttar Pradesh,Hathras,3571,2215
Uttar Pradesh,Jalaun,360,159
Uttar Pradesh,Jaunpur,167,71
Uttar Pradesh,Jhansi,1221,908
Uttar Pradesh,Kannauj,1371,56
Uttar Pradesh,Kanpur Dehat,244,546
Uttar Pradesh,Kanpur Nagar,1212,369
Uttar Pradesh,Kasganj,778,337
Uttar Pradesh,Kaushambi,229,4
Uttar Pradesh,Kheri,3875,433
Uttar Pradesh,Kushinagar,715,1909
Uttar Pradesh,Lalitpur,8,1
Uttar Pradesh,Lucknow,2188,310
Uttar Pradesh,Maharajganj,3412,71
Uttar Pradesh,Mahoba,648,1598
Uttar Pradesh,Mahrajganj,0,1
Uttar Pradesh,Mainpuri,992,788
Uttar Pradesh,Mathura,617,48
Uttar Pradesh,Mau,71,10
Uttar Pradesh,Meerut,1642,591
Uttar Pradesh,Mirzapur,57,2
Uttar Pradesh,Moradabad,248,45
Uttar Pradesh,Muzaffarnagar,388,6
Uttar Pradesh,Pilibhit,2210,702
Uttar Pradesh,Pratapgarh,3091,3083
Uttar Pradesh,Raebareli,7360,3226
Uttar Pradesh,Rampur,14,1
Uttar Pradesh,Saharanpur,1150,341
Uttar Pradesh,Sambhal,15,0
Uttar Pradesh,Sant Kabir Nagar,6795,6665
Uttar Pradesh,Sant Ravidas Nagar,1700,165
Uttar Pradesh,Shahjahanpur,1952,33
Uttar Pradesh,Shamli,101,16
Uttar Pradesh,Shrawasti,955,466
Uttar Pradesh,Siddharthnagar,167,96
Uttar Pradesh,Sitapur,21,6
Uttar Pradesh,Sonbhadra,487,28
Uttar Pradesh,Sultanpur,68,11
Uttar Pradesh,Unnao,753,237
Uttar Pradesh,Varanasi,3180,5211
Uttarakhand,Almora,1367,297
Uttarakhand,Bageshwar,1050,68
Uttarakhand,Chamoli,17,1
Uttarakhand,Champawat,366,51
Uttarakhand,Dehradun,4278,540
Uttarakhand,Garhwal,1,0
Uttarakhand,Haridwar,7290,473
Uttarakhand,Nainital,62,2
Uttarakhand,Pauri Garhwal,673,111
Uttarakhand,Pithoragarh,18,3
Uttarakhand,Rudraprayag,10,2
Uttarakhand,Tehri Garhwal,933,97
Uttarakhand,Udham Singh Nagar,340,13
Uttarakhand,Uttarkashi,7,3
West Bengal,Bankura,1895,411
West Bengal,Barddhaman,64,0
West Bengal,Bardhaman,28695,2954
West Bengal,Birbhum,14971,2248
West Bengal,Cooch Behar,681,1277
West Bengal,Dakshin Dinajpur,21,2
West Bengal,Darjeeling,3111,79
West Bengal,East Midnapore,15102,10493
West Bengal,Hooghly,5268,592
West Bengal,Howrah,4889,6117
West Bengal,Jalpaiguri,4436,3133
West Bengal,Kolkata,2181,262
West Bengal,Malda,10853,8432
West Bengal,Medinipur,6824,607
West Bengal,Murshidabad,10601,1630
West Bengal,Nadia,4682,3713
West Bengal,North 24 Parganas,9631,5133
West Bengal,North Dinajpur,2110,6737
West Bengal,Purulia,970,5765
West Bengal,South 24 Parganas,9994,6544
West Bengal,South Dinajpur,1293,3187
West Bengal,South Twenty Four Parganas,88,8
West Bengal,West Midnapore,6265,2612
