State,District,Aadhaar generated,Enrolment Rejected
Andaman and Nicobar Islands,North And Middle Andaman,1,0
Andhra Pradesh,Adilabad,21,56
Andhra Pradesh,Anantapur,0,4
Andhra Pradesh,Ananthapur,470,215
Andhra Pradesh,Chittoor,138,140
Andhra Pradesh,Cuddapah,31,110
Andhra Pradesh,East Godavari,60,93
Andhra Pradesh,Guntur,122,121
Andhra Pradesh,Hyderabad,313,123
Andhra Pradesh,Karimnagar,42,204
Andhra Pradesh,Khammam,80,100
Andhra Pradesh,Krishna,99,44
Andhra Pradesh,Kurnool,778,1435
Andhra Pradesh,Mahbubnagar,188,1460
Andhra Pradesh,Medak,18,190
Andhra Pradesh,Nalgonda,66,339
Andhra Pradesh,Nellore,234,2492
Andhra Pradesh,Nizamabad,244,338
Andhra Pradesh,Prakasam,16,66
Andhra Pradesh,Ranga Reddy,145,106
Andhra Pradesh,Srikakulam,78,175
Andhra Pradesh,Visakhapatnam,1413,1277
Andhra Pradesh,Vizianagaram,1817,4307
Andhra Pradesh,Warangal,39,221
Andhra Pradesh,West Godavari,129,665
Arunachal Pradesh,Papum Pare,2,10
Arunachal Pradesh,West Kameng,9,5
Arunachal Pradesh,West Siang,2,0
Assam,Baksa,5,0
Assam,Barpeta,7,0
Assam,Bongaigaon,6,0
Assam,Cachar,38,3
Assam,Chirang,2,0
Assam,Darrang,3,0
Assam,Dhemaji,1,0
Assam,Dhubri,1,1
Assam,Dibrugarh,99,6
Assam,Hailakandi,3,1
Assam,Jorhat,45,4
Assam,Kamrup,281,4
Assam,Kamrup Metro,2,1
Assam,Karbi Anglong,3,0
Assam,Karimganj,3,0
Assam,Kokrajhar,1,0
Assam,Nagaon,8,0
Assam,Nalbari,3,0
Assam,Sibsagar,2,0
Assam,Sonitpur,418,14
Assam,Tinsukia,15,1
Assam,Udalguri,5,0
Bihar,Araria,158,34
Bihar,Arwal,14,96
Bihar,Aurangabad,1514,351
Bihar,Banka,151,135
Bihar,Begusarai,659,84
Bihar,Bhagalpur,2149,280
Bihar,Bhojpur,239,49
Bihar,Buxar,40,6
Bihar,Darbhanga,4945,1025
Bihar,East Champaran,896,98
Bihar,Gaya,113,132
Bihar,Gopalganj,1482,511
Bihar,Jamui,167,26
Bihar,Jehanabad,17,1
Bihar,Kaimur (Bhabua),21,2
Bihar,Katihar,4558,757
Bihar,Khagaria,210,29
Bihar,Kishanganj,3300,683
Bihar,Lakhisarai,492,14
Bihar,Madhepura,24,2
Bihar,Madhubani,179,35
Bihar,Munger,376,11
Bihar,Muzaffarpur,155,17
Bihar,Nalanda,563,365
Bihar,Nawada,38,9
Bihar,Patna,1985,984
Bihar,Purnia,2244,275
Bihar,Rohtas,62,9
Bihar,Saharsa,9483,841
Bihar,Samastipur,65,16
Bihar,Saran,132,14
Bihar,Sheikhpura,25,10
Bihar,Sheohar,17,102
Bihar,Sitamarhi,94,11
Bihar,Siwan,107,16
Bihar,Supaul,2491,434
Bihar,Vaishali,76,17
Bihar,West Champaran,88,8
Chandigarh,Chandigarh,118,24
Chhattisgarh,Balod,234,4
Chhattisgarh,Baloda Bazar,1763,75
Chhattisgarh,Balrampur,0,1
Chhattisgarh,Bastar,414,11
Chhattisgarh,Bemetara,131,8
Chhattisgarh,Bilaspur,17,0
Chhattisgarh,Dakshin Bastar Dantewada,0,1
Chhattisgarh,Dantewada,2,0
Chhattisgarh,Dhamtari,9,1
Chhattisgarh,Durg,173,42
Chhattisgarh,Gariyaband,6,11
Chhattisgarh,Janjgir Champa,1,16
Chhattisgarh,Janjgir-champa,1884,687
Chhattisgarh,Jashpur,115,1
Chhattisgarh,Kanker,14,0
Chhattisgarh,Kawardha,1,0
Chhattisgarh,Korba,1966,510
Chhattisgarh,Koriya,226,84
Chhattisgarh,Mahasamund,1705,185
Chhattisgarh,Mungeli,2925,129
Chhattisgarh,Narayanpur,1,0
Chhattisgarh,Raigarh,1708,122
Chhattisgarh,Raipur,2055,104
Chhattisgarh,Rajnandgaon,8,4
Chhattisgarh,Surajpur,764,23
Chhattisgarh,Surguja,4,0
Dadra and Nagar Haveli,Dadra and Nagar Haveli,5,2
Daman and Diu,Daman,18,11
Daman and Diu,Diu,1,0
Delhi,Central Delhi,110,145
Delhi,East Delhi,632,325
Delhi,New Delhi,20,10
Delhi,North Delhi,57,56
Delhi,North East,0,72
Delhi,North East Delhi,422,209
Delhi,North West Delhi,418,372
Delhi,South Delhi,1480,541
Delhi,South West Delhi,532,149
Delhi,West Delhi,515,324
Goa,North Goa,14,2
Goa,South Goa,6,2
Gujarat,Ahmedabad,5083,1227
Gujarat,Amreli,2135,210
Gujarat,Anand,4100,396
Gujarat,Banaskantha,3676,490
Gujarat,Bharuch,2509,2137
Gujarat,Bhavnagar,4049,684
Gujarat,Dahod,1110,1311
Gujarat,Gandhinagar,931,190
Gujarat,Jamnagar,1762,452
Gujarat,Junagadh,1582,1367
Gujarat,Kachchh,1881,199
Gujarat,Kheda,5000,664
Gujarat,Mahesana,4117,278
Gujarat,Narmada,214,397
Gujarat,Navsari,2254,230
Gujarat,Panchmahal,2045,826
Gujarat,Patan,1205,227
Gujarat,Porbandar,77,24
Gujarat,Rajkot,1600,1142
Gujarat,Sabarkantha,1926,686
Gujarat,Surat,4581,1187
Gujarat,Surendra Nagar,4,10
Gujarat,Surendranagar,489,126
Gujarat,Tapi,91,75
Gujarat,The Dangs,230,24
Gujarat,Vadodara,6227,1295
Gujarat,Valsad,2429,376
Haryana,Ambala,233,63
Haryana,Bhiwani,2154,335
Haryana,Faridabad,2006,393
Haryana,Fatehabad,64,121
Haryana,Gurgaon,992,430
Haryana,Hisar,1345,336
Haryana,Jhajjar,478,124
Haryana,Jind,163,308
Haryana,Kaithal,260,62
Haryana,Karnal,465,262
Haryana,Kurukshetra,595,140
Haryana,Mahendragarh,266,64
Haryana,Mewat,306,436
Haryana,Palwal,318,90
Haryana,Panchkula,201,69
Haryana,Panipat,277,205
Haryana,Rewari,74,61
Haryana,Rohtak,438,121
Haryana,Sirsa,1072,403
Haryana,Sonipat,403,81
Haryana,Yamuna Nagar,292,271
Himachal Pradesh,Bilaspur,26,9
Himachal Pradesh,Chamba,44,28
Himachal Pradesh,Hamirpur,116,10
Himachal Pradesh,Kangra,306,49
Himachal Pradesh,Kinnaur,17,5
Himachal Pradesh,Kullu,63,13
Himachal Pradesh,Lahul and Spiti,1,0
Himachal Pradesh,Mandi,18,5
Himachal Pradesh,Shimla,115,7
Himachal Pradesh,Sirmaur,27,10
Himachal Pradesh,Solan,149,24
Himachal Pradesh,Una,26,3
Jammu and Kashmir,Anantnag,4560,53
Jammu and Kashmir,Badgam,72,3
Jammu and Kashmir,Bandipore,49,8
Jammu and Kashmir,Baramula,2287,40
Jammu and Kashmir,Doda,568,3
Jammu and Kashmir,Jammu,404,4
Jammu and Kashmir,Kargil,16,0
Jammu and Kashmir,Kathua,190,7
Jammu and Kashmir,Kupwara,26,2
Jammu and Kashmir,Leh,208,3
Jammu and Kashmir,Pulwama,1,0
Jammu and Kashmir,Rajouri,7,0
Jammu and Kashmir,Reasi,0,756
Jammu and Kashmir,Srinagar,576,15
Jammu and Kashmir,Udhampur,18,0
Jharkhand,Bokaro,115,107
Jharkhand,Chatra,279,814
Jharkhand,Deoghar,254,160
Jharkhand,Dhanbad,195,122
Jharkhand,Dumka,47,83
Jharkhand,East Singhbhum,585,138
Jharkhand,Garhwa,240,324
Jharkhand,Giridih,444,227
Jharkhand,Godda,157,120
Jharkhand,Gumla,85,179
Jharkhand,Hazaribagh,437,232
Jharkhand,Jamtara,25,112
Jharkhand,Khunti,37,13
Jharkhand,Koderma,21,64
Jharkhand,Latehar,119,229
Jharkhand,Lohardaga,24,12
Jharkhand,Pakur,73,385
Jharkhand,Palamu,591,606
Jharkhand,Ramgarh,29,23
Jharkhand,Ranchi,160,198
Jharkhand,Sahibganj,267,254
Jharkhand,Seraikela-Kharsawan,66,26
Jharkhand,Simdega,77,69
Jharkhand,West Singhbhum,75,103
Karnataka,Bagalkot,3004,1404
Karnataka,Bangalore,1866,864
Karnataka,Bangalore Rural,1098,447
Karnataka,Belgaum,3867,1131
Karnataka,Bellary,5452,1588
Karnataka,Bidar,2544,1107
Karnataka,Bijapur,416,279
Karnataka,Bijapur(KAR),0,1
Karnataka,Chamarajanagar,942,477
Karnataka,Chikkaballapur,211,44
Karnataka,Chikmagalur,2063,347
Karnataka,Chitradurga,1162,476
Karnataka,Dakshina Kannada,1405,359
Karnataka,Davangere,598,319
Karnataka,Dharwad,114,91
Karnataka,Gadag,39,54
Karnataka,Gulbarga,2647,1544
Karnataka,Hassan,1101,482
Karnataka,Haveri,152,47
Karnataka,Kodagu,28,21
Karnataka,Kolar,1622,644
Karnataka,Koppal,1781,586
Karnataka,Mandya,3409,1209
Karnataka,Mysore,108,31
Karnataka,Raichur,2445,625
Karnataka,Ramanagar,1370,447
Karnataka,Shimoga,922,1823
Karnataka,Tumkur,45,40
Karnataka,Udupi,632,64
Karnataka,Uttara Kannada,290,73
Karnataka,Yadgir,1959,849
Kerala,Alappuzha,63,64
Kerala,Ernakulam,267,687
Kerala,Idukki,37,20
Kerala,Kannur,93,13
Kerala,Kasaragod,66,14
Kerala,Kollam,127,37
Kerala,Kottayam,145,32
Kerala,Kozhikode,228,370
Kerala,Malappuram,315,42
Kerala,Palakkad,166,107
Kerala,Pathanamthitta,80,210
Kerala,Thiruvananthapuram,250,70
Kerala,Thrissur,86,77
Kerala,Wayanad,34,9
Lakshadweep,Lakshadweep,7,2
Madhya Pradesh,Alirajpur,495,321
Madhya Pradesh,Anuppur,427,338
Madhya Pradesh,Ashok Nagar,512,195
Madhya Pradesh,Balaghat,253,444
Madhya Pradesh,Barwani,2004,691
Madhya Pradesh,Betul,1898,329
Madhya Pradesh,Bhind,391,114
Madhya Pradesh,Bhopal,301,180
Madhya Pradesh,Burhanpur,139,98
Madhya Pradesh,Chhatarpur,1242,741
Madhya Pradesh,Chhindwara,2991,581
Madhya Pradesh,Damoh,551,152
Madhya Pradesh,Datia,516,327
Madhya Pradesh,Dewas,789,352
Madhya Pradesh,Dhar,3061,698
Madhya Pradesh,Dindori,270,358
Madhya Pradesh,Guna,1237,332
Madhya Pradesh,Gwalior,2132,479
Madhya Pradesh,Harda,12,17
Madhya Pradesh,Hoshangabad,115,48
Madhya Pradesh,Indore,858,253
Madhya Pradesh,Jabalpur,178,181
Madhya Pradesh,Jhabua,424,898
Madhya Pradesh,Katni,543,374
Madhya Pradesh,Khandwa,104,23
Madhya Pradesh,Khargone,1164,602
Madhya Pradesh,Mandla,1303,616
Madhya Pradesh,Mandsaur,386,446
Madhya Pradesh,Morena,484,142
Madhya Pradesh,Narsinghpur,203,193
Madhya Pradesh,Neemuch,330,266
Madhya Pradesh,Panna,406,218
Madhya Pradesh,Raisen,759,278
Madhya Pradesh,Rajgarh,560,172
Madhya Pradesh,Ratlam,1157,252
Madhya Pradesh,Rewa,173,231
Madhya Pradesh,Sagar,1764,303
Madhya Pradesh,Satna,639,310
Madhya Pradesh,Sehore,1164,402
Madhya Pradesh,Seoni,396,356
Madhya Pradesh,Shahdol,254,424
Madhya Pradesh,Shajapur,572,516
Madhya Pradesh,Sheopur,49,83
Madhya Pradesh,Shivpuri,591,455
Madhya Pradesh,Sidhi,262,121
Madhya Pradesh,Singrauli,228,271
Madhya Pradesh,Tikamgarh,815,426
Madhya Pradesh,Ujjain,1272,808
Madhya Pradesh,Umaria,248,112
Madhya Pradesh,Vidisha,684,506
Maharashtra,Ahmednagar,805,634
Maharashtra,Akola,320,608
Maharashtra,Amravati,57,65
Maharashtra,Aurangabad,534,280
Maharashtra,Beed,2305,803
Maharashtra,Bhandara,577,139
Maharashtra,Buldhana,1749,545
Maharashtra,Chandrapur,489,361
Maharashtra,Dhule,526,334
Maharashtra,Gadchiroli,2129,363
Maharashtra,Gondia,111,118
Maharashtra,Hingoli,764,196
Maharashtra,Jalgaon,469,202
Maharashtra,Jalna,627,353
Maharashtra,Kolhapur,686,977
Maharashtra,Latur,1033,322
Maharashtra,Mumbai,1479,269
Maharashtra,Nagpur,1002,386
Maharashtra,Nanded,2920,891
Maharashtra,Nandurbar,62,28
Maharashtra,Nashik,1057,782
Maharashtra,Osmanabad,738,578
Maharashtra,Parbhani,1597,486
Maharashtra,Pune,1512,361
Maharashtra,Raigad,2889,1012
Maharashtra,Ratnagiri,1832,442
Maharashtra,Sangli,1042,1347
Maharashtra,Satara,1340,477
Maharashtra,Sindhudurg,1736,90
Maharashtra,Solapur,3973,1390
Maharashtra,Thane,2200,827
Maharashtra,Wardha,74,41
Maharashtra,Washim,1013,436
Maharashtra,Yavatmal,2053,1110
Manipur,Bishnupur,4,0
Manipur,Chandel,1,5
Manipur,Churachandpur,0,33
Manipur,Imphal East,7,68
Manipur,Imphal West,6,131
Manipur,Senapati,2,0
Manipur,Tamenglong,0,25
Manipur,Thoubal,3,0
Manipur,Ukhrul,2,1
Meghalaya,East Khasi Hills,184,7
Mizoram,Aizawl,1183,1
Mizoram,Lunglei,22,1
Mizoram,Serchhip,1469,20
Nagaland,Dimapur,2,1
Nagaland,Mon,2,0
Nagaland,Phek,4,0
Nagaland,Zunheboto,1,0
Odisha,Angul,5,0
Odisha,Anugul,10,3
Odisha,Balangir,4,4
Odisha,Baleswar,14,77
Odisha,Bargarh,7,12
Odisha,Bhadrak,22,7
Odisha,Boudh,0,38
Odisha,Cuttack,31,8
Odisha,Debagarh,2657,129
Odisha,Dhenkanal,5,9
Odisha,Gajapati,23,5
Odisha,Ganjam,37,11
Odisha,Jagatsinghapur,19,39
Odisha,Jajapur,26,2
Odisha,Jharsuguda,1,0
Odisha,Kalahandi,7,8
Odisha,Kandhamal,3,18
Odisha,Kendrapara,29,18
Odisha,Kendujhar,7,591
Odisha,Khorda,242,86
Odisha,Khordha,8,93
Odisha,Koraput,8,13
Odisha,Mayurbhanj,21,167
Odisha,Nabarangapur,9,52
Odisha,Nayagarh,11,3
Odisha,Nuapada,3978,1647
Odisha,Puri,6,2
Odisha,Rayagada,0,7
Odisha,Sonapur,1,0
Odisha,Sundergarh,15,6
Others,Others,2,179
Puducherry,Karaikal,447,40
Puducherry,Puducherry,70,9
Punjab,Amritsar,794,357
Punjab,Barnala,126,30
Punjab,Bathinda,278,144
Punjab,Faridkot,80,26
Punjab,Fatehgarh Sahib,82,24
Punjab,Fazilka,477,259
Punjab,Ferozepur,104,4
Punjab,Firozpur,780,172
Punjab,Gurdaspur,340,103
Punjab,Hoshiarpur,333,65
Punjab,Jalandhar,850,130
Punjab,Kapurthala,305,55
Punjab,Ludhiana,1381,596
Punjab,Mansa,136,87
Punjab,Moga,92,64
Punjab,Pathankot,143,52
Punjab,Patiala,635,406
Punjab,Rupnagar,62,9
Punjab,SAS Nagar (Mohali),162,44
Punjab,Sangrur,258,267
Punjab,Shaheed Bhagat Singh Nagar,66,22
Punjab,Sri Muktsar Sahib,420,151
Punjab,Tarn Taran,263,313
Rajasthan,Ajmer,355,110
Rajasthan,Alwar,312,114
Rajasthan,Banswara,1696,287
Rajasthan,Baran,967,149
Rajasthan,Barmer,247,164
Rajasthan,Bharatpur,751,234
Rajasthan,Bhilwara,400,341
Rajasthan,Bikaner,272,139
Rajasthan,Bundi,757,199
Rajasthan,Chittorgarh,818,386
Rajasthan,Churu,182,75
Rajasthan,Dausa,158,61
Rajasthan,Dholpur,351,328
Rajasthan,Dungarpur,1828,606
Rajasthan,Ganganagar,550,207
Rajasthan,Hanumangarh,1442,268
Rajasthan,Jaipur,1210,408
Rajasthan,Jaisalmer,322,230
Rajasthan,Jalor,395,197
Rajasthan,Jhalawar,86,120
Rajasthan,Jhunjhunu,372,77
Rajasthan,Jodhpur,1071,538
Rajasthan,Karauli,131,414
Rajasthan,Kota,279,92
Rajasthan,Nagaur,1903,354
Rajasthan,Pali,500,234
Rajasthan,Pratapgarh,1213,437
Rajasthan,Rajsamand,193,75
Rajasthan,Sawai Madhopur,600,186
Rajasthan,Sikar,416,271
Rajasthan,Sirohi,269,76
Rajasthan,Tonk,753,228
Rajasthan,Udaipur,126,126
Sikkim,East Sikkim,7,10
Sikkim,North Sikkim,2,1
Sikkim,South Sikkim,7,0
Sikkim,West Sikkim,6,0
Tamil Nadu,Ariyalur,8,0
Tamil Nadu,Chennai,6073,3623
Tamil Nadu,Coimbatore,214,1439
Tamil Nadu,Cuddalore,267,74
Tamil Nadu,Dharmapuri,332,81
Tamil Nadu,Dindigul,551,186
Tamil Nadu,Erode,39,97
Tamil Nadu,Kancheepuram,1188,698
Tamil Nadu,Kanniyakumari,3,0
Tamil Nadu,Kanyakumari,58,5
Tamil Nadu,Karur,95,46
Tamil Nadu,Krishnagiri,435,113
Tamil Nadu,Madurai,517,170
Tamil Nadu,Nagapattinam,96,10
Tamil Nadu,Namakkal,424,86
Tamil Nadu,Perambalur,2108,721
Tamil Nadu,Pudukkottai,0,2
Tamil Nadu,Ramanathapuram,11,80
Tamil Nadu,Salem,1165,209
Tamil Nadu,Sivaganga,770,335
Tamil Nadu,Thanjavur,373,392
Tamil Nadu,The Nilgiris,110,220
Tamil Nadu,Theni,168,72
Tamil Nadu,Thiruvarur,186,68
Tamil Nadu,Thoothukudi,20,133
Tamil Nadu,Tiruchirappalli,10,7
Tamil Nadu,Tirunelveli,60,411
Tamil Nadu,Tirupur,683,1187
Tamil Nadu,Tiruvallur,5029,2643
Tamil Nadu,Tiruvannamalai,281,596
Tamil Nadu,Vellore,114,584
Tamil Nadu,Viluppuram,904,620
Tamil Nadu,Virudhunagar,3,41
Tripura,Dhalai,3,5
Tripura,Gomati,244,4
Tripura,Khowai,6,0
Tripura,North Tripura,25,4
Tripura,Sepahijala,207,10
Tripura,South Tripura,670,9
Tripura,Unakoti,19,5
Tripura,West Tripura,67,4
Uttar Pradesh,Agra,4004,735
Uttar Pradesh,Aligarh,2322,790
Uttar Pradesh,Allahabad,1818,644
Uttar Pradesh,Ambedkar Nagar,27,4
Uttar Pradesh,Amethi,4672,942
Uttar Pradesh,Amroha,1165,27
Uttar Pradesh,Auraiya,25,4
Uttar Pradesh,Azamgarh,272,86
Uttar Pradesh,Baghpat,1089,311
Uttar Pradesh,Bahraich,14,4
Uttar Pradesh,Ballia,1444,173
Uttar Pradesh,Balrampur,1142,152
Uttar Pradesh,Banda,638,120
Uttar Pradesh,Barabanki,290,65
Uttar Pradesh,Bareilly,2096,904
Uttar Pradesh,Basti,147,11
Uttar Pradesh,Bijnor,2453,239
Uttar Pradesh,Budaun,14,4
Uttar Pradesh,Bulandshahr,84,119
Uttar Pradesh,Chandauli,3320,1476
Uttar Pradesh,Chitrakoot,674,295
Uttar Pradesh,Deoria,1453,494
Uttar Pradesh,Etah,114,14
Uttar Pradesh,Etawah,979,178
Uttar Pradesh,Faizabad,130,18
Uttar Pradesh,Farrukhabad,1094,188
Uttar Pradesh,Fatehpur,317,45
Uttar Pradesh,Firozabad,407,54
Uttar Pradesh,Gautam Buddha Nagar,502,200
Uttar Pradesh,Ghaziabad,3068,682
Uttar Pradesh,Ghazipur,1594,478
Uttar Pradesh,Gonda,1441,294
Uttar Pradesh,Gorakhpur,872,543
Uttar Pradesh,Hamirpur,728,41
Uttar Pradesh,Hardoi,29,15
Uttar Pradesh,Hathras,5507,1405
Uttar Pradesh,Jalaun,125,59
Uttar Pradesh,Jaunpur,97,15
Uttar Pradesh,Jhansi,1054,612
Uttar Pradesh,Kannauj,1072,185
Uttar Pradesh,Kanpur Dehat,361,77
Uttar Pradesh,Kanpur Nagar,2636,360
Uttar Pradesh,Kasganj,5411,1353
Uttar Pradesh,Kaushambi,34,5
Uttar Pradesh,Kheri,2955,494
Uttar Pradesh,Kushinagar,682,608
Uttar Pradesh,Lalitpur,18,3
Uttar Pradesh,Lucknow,1100,183
Uttar Pradesh,Maharajganj,1461,49
Uttar Pradesh,Mahoba,612,1580
Uttar Pradesh,Mainpuri,4879,908
Uttar Pradesh,Mathura,1998,407
Uttar Pradesh,Mau,63,5
Uttar Pradesh,Meerut,3112,1900
Uttar Pradesh,Mirzapur,38,2
Uttar Pradesh,Moradabad,18,11
Uttar Pradesh,Muzaffarnagar,22,1
Uttar Pradesh,Pilibhit,857,140
Uttar Pradesh,Pratapgarh,3233,936
Uttar Pradesh,Raebareli,490,109
Uttar Pradesh,Rampur,15,3
Uttar Pradesh,Saharanpur,205,126
Uttar Pradesh,Sambhal,13,1
Uttar Pradesh,Sant Kabir Nagar,206,185
Uttar Pradesh,Sant Ravidas Nagar,2022,117
Uttar Pradesh,Shahjahanpur,2202,77
Uttar Pradesh,Shamli,30,7
Uttar Pradesh,Shrawasti,29,11
Uttar Pradesh,Siddharthnagar,318,81
Uttar Pradesh,Sitapur,19,4
Uttar Pradesh,Sonbhadra,344,26
Uttar Pradesh,Sultanpur,46,8
Uttar Pradesh,Unnao,618,473
Uttar Pradesh,Varanasi,3699,1578
Uttarakhand,Almora,36,2
Uttarakhand,Bageshwar,20,7
Uttarakhand,Chamoli,11,1
Uttarakhand,Champawat,6,35
Uttarakhand,Dehradun,184,139
Uttarakhand,Haridwar,2329,1508
Uttarakhand,Nainital,74,18
Uttarakhand,Pauri Garhwal,45,6
Uttarakhand,Pithoragarh,13,0
Uttarakhand,Rudraprayag,12,1
Uttarakhand,Tehri Garhwal,18,83
Uttarakhand,Udham Singh Nagar,11,1
Uttarakhand,Uttarkashi,3,0
West Bengal,Bankura,3868,645
West Bengal,Barddhaman,9408,368
West Bengal,Bardhaman,5976,1124
West Bengal,Birbhum,2347,383
West Bengal,Cooch Behar,208,50
West Bengal,Darjeeling,973,11
West Bengal,East Midnapore,26924,5103
West Bengal,Hooghly,1713,212
West Bengal,Howrah,148,212
West Bengal,Jalpaiguri,1854,421
West Bengal,Kolkata,4316,194
West Bengal,Malda,4579,1243
West Bengal,Medinipur,4,1028
West Bengal,Murshidabad,7949,493
West Bengal,Nadia,6550,629
West Bengal,North 24 Parganas,15514,6714
West Bengal,North Dinajpur,1388,296
West Bengal,Paschim Medinipur,0,2
West Bengal,Purba Medinipur,3,0
West Bengal,Purulia,1181,14865
West Bengal,Puruliya,2,4
West Bengal,South 24 Parganas,10193,1121
West Bengal,South Dinajpur,2044,654
West Bengal,South Twenty Four Parganas,2,3
West Bengal,West Midnapore,3672,991
