State,District,Aadhaar generated,Enrolment Rejected
Andaman and Nicobar Islands,South Andaman,4,0
Andhra Pradesh,Adilabad,183,189
Andhra Pradesh,Ananthapur,473,350
Andhra Pradesh,Chittoor,328,137
Andhra Pradesh,Cuddapah,93,45
Andhra Pradesh,East Godavari,124,85
Andhra Pradesh,Guntur,116,95
Andhra Pradesh,Hyderabad,300,196
Andhra Pradesh,Karimnagar,132,249
Andhra Pradesh,Khammam,566,361
Andhra Pradesh,Krishna,100,90
Andhra Pradesh,Kurnool,1109,1887
Andhra Pradesh,Mahbubnagar,1463,1692
Andhra Pradesh,Medak,219,205
Andhra Pradesh,Nalgonda,520,555
Andhra Pradesh,Nellore,715,278
Andhra Pradesh,Nizamabad,95,238
Andhra Pradesh,Prakasam,93,91
Andhra Pradesh,Ranga Reddy,416,418
Andhra Pradesh,Srikakulam,30,72
Andhra Pradesh,Visakhapatnam,767,800
Andhra Pradesh,Vizianagaram,5266,2754
Andhra Pradesh,Warangal,732,443
Andhra Pradesh,West Godavari,143,453
Arunachal Pradesh,East Siang,1,0
Arunachal Pradesh,Lohit,1,0
Arunachal Pradesh,Papum Pare,29,0
Arunachal Pradesh,West Kameng,6,0
Arunachal Pradesh,West Siang,1,0
Assam,Baksa,8,0
Assam,Barpeta,5,0
Assam,Bongaigaon,4,0
Assam,Cachar,65,0
Assam,Chirang,7,0
Assam,Dhemaji,3,0
Assam,Dhubri,4,0
Assam,Dibrugarh,250,3
Assam,Golaghat,1,0
Assam,Hailakandi,3,0
Assam,Jorhat,185,6
Assam,Kamrup,263,4
Assam,Kamrup Metro,1,0
Assam,Karimganj,4,0
Assam,Kokrajhar,3,0
Assam,Lakhimpur,3,0
Assam,Marigaon,1,0
Assam,Nagaon,7,0
Assam,North Cachar Hills,3,0
Assam,Sibsagar,2,0
Assam,Sonitpur,426,1
Assam,Tinsukia,25,4
Assam,Udalguri,4,3
Bihar,Araria,16,4
Bihar,Arwal,25,7
Bihar,Aurangabad,299,31
Bihar,Aurangabad(BH),1,0
Bihar,Banka,195,108
Bihar,Begusarai,601,80
Bihar,Bhagalpur,245,55
Bihar,Bhojpur,364,37
Bihar,Buxar,46,5
Bihar,Darbhanga,3180,713
Bihar,East Champaran,587,72
Bihar,Gaya,88,23
Bihar,Gopalganj,811,97
Bihar,Jamui,262,22
Bihar,Jehanabad,24,2
Bihar,Kaimur (Bhabua),20,4
Bihar,Katihar,5972,495
Bihar,Khagaria,810,20
Bihar,Kishanganj,7189,719
Bihar,Lakhisarai,240,36
Bihar,Madhepura,40,2
Bihar,Madhubani,182,27
Bihar,Munger,126,14
Bihar,Muzaffarpur,97,10
Bihar,Nalanda,383,283
Bihar,Nawada,46,21
Bihar,Patna,1320,598
Bihar,Purnia,478,89
Bihar,Rohtas,76,64
Bihar,Saharsa,287,22
Bihar,Samastipur,75,13
Bihar,Saran,102,15
Bihar,Sheikhpura,199,95
Bihar,Sheohar,66,95
Bihar,Sitamarhi,98,8
Bihar,Siwan,86,18
Bihar,Supaul,1829,33
Bihar,Vaishali,60,13
Bihar,West Champaran,37,3
Chandigarh,Chandigarh,201,51
Chhattisgarh,Balod,964,20
Chhattisgarh,Baloda Bazar,166,11
Chhattisgarh,Bastar,277,42
Chhattisgarh,Bemetara,812,29
Chhattisgarh,Bilaspur,7,1
Chhattisgarh,Dhamtari,32,27
Chhattisgarh,Durg,269,75
Chhattisgarh,Gariyaband,185,77
Chhattisgarh,Janjgir Champa,6,17
Chhattisgarh,Janjgir-champa,754,44
Chhattisgarh,Jashpur,52,8
Chhattisgarh,Kawardha,0,2
Chhattisgarh,Korba,86,27
Chhattisgarh,Koriya,106,110
Chhattisgarh,Mahasamund,2027,11
Chhattisgarh,Mungeli,116,1
Chhattisgarh,Raigarh,364,43
Chhattisgarh,Raipur,2402,479
Chhattisgarh,Rajnandgaon,16,4
Chhattisgarh,Surajpur,287,17
Chhattisgarh,Surguja,3,0
Dadra and Nagar Haveli,Dadra and Nagar Haveli,8,5
Daman and Diu,Daman,41,6
Daman and Diu,Diu,0,1
Delhi,Central Delhi,139,212
Delhi,East Delhi,342,552
Delhi,Najafgarh,0,4
Delhi,New Delhi,22,27
Delhi,North Delhi,37,113
Delhi,North East,4,26
Delhi,North East Delhi,425,438
Delhi,North West Delhi,342,613
Delhi,South Delhi,1524,514
Delhi,South West Delhi,327,314
Delhi,West Delhi,438,407
Goa,North Goa,94,35
Goa,South Goa,164,28
Gujarat,Ahmedabad,7065,1275
Gujarat,Amreli,530,68
Gujarat,Anand,3851,276
Gujarat,Banaskantha,9730,756
Gujarat,Bharuch,2344,1406
Gujarat,Bhavnagar,1074,485
Gujarat,Dahod,1346,472
Gujarat,Gandhinagar,1485,106
Gujarat,Jamnagar,7518,535
Gujarat,Junagadh,1773,946
Gujarat,Kachchh,1221,269
Gujarat,Kheda,3425,408
Gujarat,Mahesana,5675,498
Gujarat,Narmada,209,38
Gujarat,Navsari,1611,339
Gujarat,Panchmahal,967,721
Gujarat,Patan,1762,251
Gujarat,Porbandar,117,20
Gujarat,Rajkot,3883,1296
Gujarat,Sabarkantha,1976,498
Gujarat,Surat,5954,1550
Gujarat,Surendra Nagar,28,35
Gujarat,Surendranagar,1834,167
Gujarat,Tapi,798,136
Gujarat,The Dangs,561,27
Gujarat,Vadodara,6998,1199
Gujarat,Valsad,2063,388
Haryana,Ambala,257,108
Haryana,Bhiwani,1154,536
Haryana,Faridabad,890,664
Haryana,Fatehabad,65,612
Haryana,Gurgaon,520,742
Haryana,Hisar,859,523
Haryana,Jhajjar,327,264
Haryana,Jind,172,237
Haryana,Kaithal,156,218
Haryana,Karnal,236,379
Haryana,Kurukshetra,73,223
Haryana,Mahendragarh,390,191
Haryana,Mewat,1307,848
Haryana,Palwal,321,444
Haryana,Panchkula,186,122
Haryana,Panipat,188,304
Haryana,Rewari,231,339
Haryana,Rohtak,243,108
Haryana,Sirsa,486,689
Haryana,Sonipat,223,215
Haryana,Yamuna Nagar,436,340
Himachal Pradesh,Bilaspur,19,9
Himachal Pradesh,Chamba,32,60
Himachal Pradesh,Hamirpur,43,5
Himachal Pradesh,Kangra,261,143
Himachal Pradesh,Kinnaur,3,3
Himachal Pradesh,Kullu,20,34
Himachal Pradesh,Lahul and Spiti,0,6
Himachal Pradesh,Mandi,45,26
Himachal Pradesh,Shimla,76,36
Himachal Pradesh,Sirmaur,68,136
Himachal Pradesh,Solan,131,64
Himachal Pradesh,Una,28,10
Jammu and Kashmir,Anantnag,669,3
Jammu and Kashmir,Badgam,1165,2
Jammu and Kashmir,Bandipore,946,15
Jammu and Kashmir,Baramula,1741,30
Jammu and Kashmir,Doda,64,4
Jammu and Kashmir,Jammu,45,1
Jammu and Kashmir,Kargil,341,5
Jammu and Kashmir,Kathua,240,3
Jammu and Kashmir,Kupwara,1190,1
Jammu and Kashmir,Leh,5,3
Jammu and Kashmir,Pulwama,8,0
Jammu and Kashmir,Punch,1,0
Jammu and Kashmir,Rajouri,10,0
Jammu and Kashmir,Reasi,0,52
Jammu and Kashmir,Srinagar,413,7
Jammu and Kashmir,Udhampur,39,0
Jharkhand,Bokaro,180,276
Jharkhand,Chatra,450,373
Jharkhand,Deoghar,215,131
Jharkhand,Dhanbad,375,251
Jharkhand,Dumka,85,82
Jharkhand,East Singhbhum,326,179
Jharkhand,Garhwa,1240,261
Jharkhand,Giridih,416,232
Jharkhand,Godda,226,217
Jharkhand,Gumla,308,204
Jharkhand,Hazaribagh,222,368
Jharkhand,Jamtara,89,242
Jharkhand,Khunti,73,16
Jharkhand,Koderma,113,209
Jharkhand,Latehar,236,187
Jharkhand,Lohardaga,45,27
Jharkhand,Pakur,231,377
Jharkhand,Palamu,664,467
Jharkhand,Ramgarh,24,53
Jharkhand,Ranchi,293,284
Jharkhand,Sahibganj,754,246
Jharkhand,Seraikela-Kharsawan,107,69
Jharkhand,Simdega,369,80
Jharkhand,West Singhbhum,412,175
Karnataka,Bagalkot,3617,687
Karnataka,Bangalore,2553,1043
Karnataka,Bangalore Rural,1922,289
Karnataka,Belgaum,4595,2579
Karnataka,Bellary,4004,1989
Karnataka,Bidar,899,796
Karnataka,Bijapur,774,354
Karnataka,Bijapur(KAR),1,1
Karnataka,Chamarajanagar,2298,505
Karnataka,Chikkaballapur,75,34
Karnataka,Chikmagalur,482,173
Karnataka,Chitradurga,920,611
Karnataka,Dakshina Kannada,922,1313
Karnataka,Davangere,930,175
Karnataka,Dharwad,202,78
Karnataka,Gadag,127,23
Karnataka,Gulbarga,2325,1314
Karnataka,Hassan,2252,660
Karnataka,Haveri,52,28
Karnataka,Kodagu,113,15
Karnataka,Kolar,2593,566
Karnataka,Koppal,687,239
Karnataka,Mandya,6580,928
Karnataka,Mysore,49,37
Karnataka,Raichur,3574,673
Karnataka,Ramanagar,2288,338
Karnataka,Shimoga,425,302
Karnataka,Tumkur,41,43
Karnataka,Udupi,92,64
Karnataka,Uttara Kannada,214,107
Karnataka,Yadgir,1958,747
Kerala,Alappuzha,56,133
Kerala,Ernakulam,121,87
Kerala,Idukki,24,45
Kerala,Kannur,239,103
Kerala,Kasaragod,187,65
Kerala,Kollam,58,102
Kerala,Kottayam,189,58
Kerala,Kozhikode,63,139
Kerala,Malappuram,152,125
Kerala,Palakkad,118,77
Kerala,Pathanamthitta,40,109
Kerala,Thiruvananthapuram,234,153
Kerala,Thrissur,173,89
Kerala,Wayanad,20,12
Lakshadweep,Lakshadweep,1,0
Madhya Pradesh,Alirajpur,360,1792
Madhya Pradesh,Anuppur,682,669
Madhya Pradesh,Ashok Nagar,970,316
Madhya Pradesh,Balaghat,688,2216
Madhya Pradesh,Barwani,973,686
Madhya Pradesh,Betul,2343,413
Madhya Pradesh,Bhind,917,830
Madhya Pradesh,Bhopal,385,573
Madhya Pradesh,Burhanpur,208,133
Madhya Pradesh,Chhatarpur,1377,1757
Madhya Pradesh,Chhindwara,3054,1059
Madhya Pradesh,Damoh,904,763
Madhya Pradesh,Datia,476,331
Madhya Pradesh,Dewas,625,269
Madhya Pradesh,Dhar,1457,2249
Madhya Pradesh,Dindori,265,2564
Madhya Pradesh,Guna,631,811
Madhya Pradesh,Gwalior,1410,406
Madhya Pradesh,Harda,5,77
Madhya Pradesh,Hoshangabad,57,157
Madhya Pradesh,Indore,648,658
Madhya Pradesh,Jabalpur,250,1446
Madhya Pradesh,Jhabua,474,2063
Madhya Pradesh,Katni,984,1115
Madhya Pradesh,Khandwa,30,113
Madhya Pradesh,Khargone,863,1574
Madhya Pradesh,Mandla,1939,1669
Madhya Pradesh,Mandsaur,430,329
Madhya Pradesh,Morena,1798,804
Madhya Pradesh,Narsinghpur,714,1304
Madhya Pradesh,Neemuch,548,133
Madhya Pradesh,Panna,866,618
Madhya Pradesh,Raisen,1366,845
Madhya Pradesh,Rajgarh,392,508
Madhya Pradesh,Ratlam,625,191
Madhya Pradesh,Rewa,261,2037
Madhya Pradesh,Sagar,1096,894
Madhya Pradesh,Satna,913,1540
Madhya Pradesh,Sehore,924,541
Madhya Pradesh,Seoni,835,898
Madhya Pradesh,Shahdol,611,1372
Madhya Pradesh,Shajapur,679,228
Madhya Pradesh,Sheopur,466,99
Madhya Pradesh,Shivpuri,513,705
Madhya Pradesh,Sidhi,228,783
Madhya Pradesh,Singrauli,444,1087
Madhya Pradesh,Tikamgarh,1478,583
Madhya Pradesh,Ujjain,839,1110
Madhya Pradesh,Umaria,951,1032
Madhya Pradesh,Vidisha,590,809
Maharashtra,Ahmednagar,931,598
Maharashtra,Akola,414,231
Maharashtra,Amravati,228,356
Maharashtra,Aurangabad,1030,743
Maharashtra,Beed,1153,780
Maharashtra,Bhandara,561,454
Maharashtra,Buldhana,3732,1168
Maharashtra,Chandrapur,269,162
Maharashtra,Dhule,309,146
Maharashtra,Gadchiroli,1087,294
Maharashtra,Gondia,574,444
Maharashtra,Hingoli,1531,226
Maharashtra,Jalgaon,1365,490
Maharashtra,Jalna,1033,379
Maharashtra,Kolhapur,1601,314
Maharashtra,Latur,379,156
Maharashtra,Mumbai,2586,836
Maharashtra,Nagpur,1482,726
Maharashtra,Nanded,5272,684
Maharashtra,Nandurbar,118,65
Maharashtra,Nashik,3030,1436
Maharashtra,Osmanabad,1414,726
Maharashtra,Parbhani,2174,718
Maharashtra,Pune,2491,850
Maharashtra,Raigad,4491,445
Maharashtra,Ratnagiri,615,259
Maharashtra,Sangli,955,328
Maharashtra,Satara,1959,527
Maharashtra,Sindhudurg,2116,177
Maharashtra,Solapur,6032,1112
Maharashtra,Thane,3979,1975
Maharashtra,Wardha,135,98
Maharashtra,Washim,863,393
Maharashtra,Yavatmal,4262,1705
Manipur,Chandel,0,7
Manipur,Churachandpur,32,599
Manipur,Imphal East,503,470
Manipur,Imphal West,842,967
Manipur,Senapati,4,5
Manipur,Tamenglong,47,261
Manipur,Thoubal,3,2
Meghalaya,East Khasi Hills,129,6
Meghalaya,West Garo Hills,1,0
Mizoram,Aizawl,3,0
Mizoram,Champhai,1,0
Mizoram,Lunglei,1,0
Nagaland,Dimapur,2,0
Nagaland,Kohima,1,1
Nagaland,Tuensang,1,0
Odisha,Angul,6,0
Odisha,Anugul,430,156
Odisha,Balangir,26,41
Odisha,Baleswar,147,53
Odisha,Bargarh,170,239
Odisha,Baudh,19,118
Odisha,Bhadrak,206,125
Odisha,Boudh,3,2
Odisha,Cuttack,295,99
Odisha,Debagarh,1706,190
Odisha,Dhenkanal,186,31
Odisha,Gajapati,139,56
Odisha,Ganjam,165,4155
Odisha,Jagatsinghapur,308,22
Odisha,Jajapur,334,412
Odisha,Jharsuguda,2,0
Odisha,Kalahandi,37,6
Odisha,Kandhamal,857,181
Odisha,Kendrapara,910,32
Odisha,Kendujhar,197,82
Odisha,Khorda,164,1297
Odisha,Khordha,3,17
Odisha,Koraput,104,76
Odisha,Malkangiri,1,0
Odisha,Mayurbhanj,1022,444
Odisha,Nabarangapur,352,192
Odisha,Nayagarh,1050,293
Odisha,Nuapada,8201,2135
Odisha,Puri,39,7
Odisha,Rayagada,3,0
Odisha,Sambalpur,142,245
Odisha,Sonapur,2,6
Odisha,Sundergarh,1814,320
Others,Others,1,1535
Puducherry,Karaikal,11,7
Puducherry,Puducherry,163,20
Punjab,Amritsar,472,747
Punjab,Barnala,37,41
Punjab,Bathinda,159,228
Punjab,Faridkot,15,33
Punjab,Fatehgarh Sahib,20,27
Punjab,Fazilka,197,376
Punjab,Ferozepur,68,0
Punjab,Firozpur,490,184
Punjab,Gurdaspur,234,331
Punjab,Hoshiarpur,225,166
Punjab,Jalandhar,475,258
Punjab,Kapurthala,330,129
Punjab,Ludhiana,927,605
Punjab,Mansa,123,294
Punjab,Moga,181,147
Punjab,Muktsar,0,1
Punjab,Pathankot,207,133
Punjab,Patiala,257,618
Punjab,Rupnagar,51,41
Punjab,SAS Nagar (Mohali),353,160
Punjab,Sangrur,97,318
Punjab,Shaheed Bhagat Singh Nagar,30,31
Punjab,Sri Muktsar Sahib,92,127
Punjab,Tarn Taran,203,530
Rajasthan,Ajmer,341,119
Rajasthan,Alwar,398,679
Rajasthan,Banswara,1564,671
Rajasthan,Baran,791,395
Rajasthan,Barmer,522,550
Rajasthan,Bharatpur,546,336
Rajasthan,Bhilwara,656,483
Rajasthan,Bikaner,393,1289
Rajasthan,Bundi,194,277
Rajasthan,Chittorgarh,780,838
Rajasthan,Churu,116,339
Rajasthan,Dausa,419,283
Rajasthan,Dholpur,148,218
Rajasthan,Dungarpur,1918,332
Rajasthan,Ganganagar,837,773
Rajasthan,Hanumangarh,1626,737
Rajasthan,Jaipur,1755,912
Rajasthan,Jaisalmer,356,497
Rajasthan,Jalor,113,435
Rajasthan,Jhalawar,818,268
Rajasthan,Jhunjhunu,291,302
Rajasthan,Jodhpur,1688,1464
Rajasthan,Karauli,520,136
Rajasthan,Kota,214,255
Rajasthan,Nagaur,1377,1047
Rajasthan,Pali,365,1092
Rajasthan,Pratapgarh,662,1535
Rajasthan,Rajsamand,67,204
Rajasthan,Sawai Madhopur,928,215
Rajasthan,Sikar,1249,757
Rajasthan,Sirohi,26,426
Rajasthan,Tonk,634,307
Rajasthan,Udaipur,171,223
Sikkim,East Sikkim,9,2
Sikkim,North Sikkim,8,1
Sikkim,South Sikkim,4,2
Sikkim,West Sikkim,3,0
Tamil Nadu,Ariyalur,285,12
Tamil Nadu,Chennai,811,109
Tamil Nadu,Coimbatore,264,130
Tamil Nadu,Cuddalore,104,19
Tamil Nadu,Dharmapuri,41,10
Tamil Nadu,Dindigul,65,9
Tamil Nadu,Erode,69,27
Tamil Nadu,Kancheepuram,275,16
Tamil Nadu,Kanniyakumari,11,2
Tamil Nadu,Kanyakumari,68,8
Tamil Nadu,Karur,34,1
Tamil Nadu,Krishnagiri,15,5
Tamil Nadu,Madurai,112,5
Tamil Nadu,Nagapattinam,34,5
Tamil Nadu,Namakkal,28,77
Tamil Nadu,Perambalur,1,2
Tamil Nadu,Pudukkottai,262,49
Tamil Nadu,Ramanathapuram,3,1
Tamil Nadu,Salem,148,39
Tamil Nadu,Sivaganga,0,6
Tamil Nadu,Thanjavur,161,51
Tamil Nadu,The Nilgiris,386,88
Tamil Nadu,Theni,26,11
Tamil Nadu,Thiruvarur,11,2
Tamil Nadu,Thoothukudi,14,7
Tamil Nadu,Tiruchirappalli,429,27
Tamil Nadu,Tirunelveli,77,18
Tamil Nadu,Tirupur,251,76
Tamil Nadu,Tiruvallur,1100,69
Tamil Nadu,Tiruvannamalai,55,26
Tamil Nadu,Vellore,35,58
Tamil Nadu,Viluppuram,52,18
Tamil Nadu,Virudhunagar,17,12
Tripura,Dhalai,12,15
Tripura,Gomati,4,0
Tripura,Khowai,3,5
Tripura,North Tripura,83,40
Tripura,Sepahijala,19,2
Tripura,South Tripura,69,0
Tripura,Unakoti,11,3
Tripura,West Tripura,240,1
Uttar Pradesh,Agra,1882,468
Uttar Pradesh,Aligarh,1918,294
Uttar Pradesh,Allahabad,2404,272
Uttar Pradesh,Ambedkar Nagar,57,6
Uttar Pradesh,Amethi,403,196
Uttar Pradesh,Amroha,87,24
Uttar Pradesh,Auraiya,25,4
Uttar Pradesh,Azamgarh,1947,196
Uttar Pradesh,Baghpat,280,46
Uttar Pradesh,Bahraich,39,3
Uttar Pradesh,Ballia,185,41
Uttar Pradesh,Balrampur,2929,201
Uttar Pradesh,Banda,1385,129
Uttar Pradesh,Barabanki,462,39
Uttar Pradesh,Bareilly,1002,381
Uttar Pradesh,Basti,493,37
Uttar Pradesh,Bijnor,4171,255
Uttar Pradesh,Budaun,10,5
Uttar Pradesh,Bulandshahr,97,59
Uttar Pradesh,Chandauli,2381,245
Uttar Pradesh,Chitrakoot,1213,304
Uttar Pradesh,Deoria,2210,134
Uttar Pradesh,Etah,34,4
Uttar Pradesh,Etawah,156,82
Uttar Pradesh,Faizabad,180,20
Uttar Pradesh,Farrukhabad,65,12
Uttar Pradesh,Fatehpur,681,87
Uttar Pradesh,Firozabad,19,7
Uttar Pradesh,Gautam Buddha Nagar,914,106
Uttar Pradesh,Ghaziabad,1332,695
Uttar Pradesh,Ghazipur,442,54
Uttar Pradesh,Gonda,880,90
Uttar Pradesh,Gorakhpur,1056,237
Uttar Pradesh,Hamirpur,36,33
Uttar Pradesh,Hardoi,33,4
Uttar Pradesh,Hathras,1064,429
Uttar Pradesh,Jalaun,144,36
Uttar Pradesh,Jaunpur,119,8
Uttar Pradesh,Jhansi,1563,468
Uttar Pradesh,Jyotiba Phule Nagar,0,1
Uttar Pradesh,Kannauj,99,8
Uttar Pradesh,Kanpur Dehat,696,38
Uttar Pradesh,Kanpur Nagar,3705,480
Uttar Pradesh,Kasganj,1750,770
Uttar Pradesh,Kaushambi,33,4
Uttar Pradesh,Kheri,1702,210
Uttar Pradesh,Kushinagar,2005,2016
Uttar Pradesh,Lalitpur,72,2
Uttar Pradesh,Lucknow,1374,263
Uttar Pradesh,Maharajganj,1867,26
Uttar Pradesh,Mahoba,394,160
Uttar Pradesh,Mainpuri,2028,543
Uttar Pradesh,Mathura,3199,253
Uttar Pradesh,Mau,77,9
Uttar Pradesh,Meerut,22519,7331
Uttar Pradesh,Mirzapur,34,5
Uttar Pradesh,Moradabad,14,5
Uttar Pradesh,Muzaffarnagar,31,5
Uttar Pradesh,Pilibhit,2004,189
Uttar Pradesh,Pratapgarh,1960,375
Uttar Pradesh,Raebareli,214,106
Uttar Pradesh,Rampur,10,3
Uttar Pradesh,Saharanpur,713,83
Uttar Pradesh,Sambhal,6,2
Uttar Pradesh,Sant Kabir Nagar,613,155
Uttar Pradesh,Sant Ravidas Nagar,1084,118
Uttar Pradesh,Shahjahanpur,1542,95
Uttar Pradesh,Shamli,156,7
Uttar Pradesh,Shrawasti,103,17
Uttar Pradesh,Siddharthnagar,344,24
Uttar Pradesh,Sitapur,9,3
Uttar Pradesh,Sonbhadra,356,54
Uttar Pradesh,Sultanpur,50,11
Uttar Pradesh,Unnao,135,118
Uttar Pradesh,Varanasi,1239,317
Uttarakhand,Almora,133,7
Uttarakhand,Bageshwar,762,27
Uttarakhand,Chamoli,8,0
Uttarakhand,Champawat,6,5
Uttarakhand,Dehradun,565,161
Uttarakhand,Garhwal,2,1
Uttarakhand,Haridwar,6446,165
Uttarakhand,Nainital,12,111
Uttarakhand,Pauri Garhwal,54,9
Uttarakhand,Pithoragarh,29,6
Uttarakhand,Rudraprayag,12,1
Uttarakhand,Tehri Garhwal,142,20
Uttarakhand,Udham Singh Nagar,8,128
Uttarakhand,Uttarkashi,5,0
West Bengal,Bankura,6943,684
West Bengal,Barddhaman,4184,174
West Bengal,Bardhaman,5816,1128
West Bengal,Birbhum,6308,668
West Bengal,Cooch Behar,139,97
West Bengal,Dakshin Dinajpur,2,1
West Bengal,Darjeeling,946,27
West Bengal,East Midnapore,21248,3124
West Bengal,Hooghly,3246,542
West Bengal,Howrah,308,111
West Bengal,Jalpaiguri,1696,91
West Bengal,Kolkata,406,151
West Bengal,Malda,5472,198
West Bengal,Medinipur,424,57
West Bengal,Murshidabad,1822,144
West Bengal,Nadia,958,62
West Bengal,North 24 Parganas,10177,2289
West Bengal,North Dinajpur,323,55
West Bengal,Paschim Medinipur,8,0
West Bengal,Purba Medinipur,0,1
West Bengal,Purulia,123,219
West Bengal,Puruliya,28,1
West Bengal,South 24 Parganas,3951,412
West Bengal,South Dinajpur,29,10
West Bengal,South Twenty Four Parganas,9,1
West Bengal,West Midnapore,3679,711
