Gender,Age Band,Aadhaar generated,Enrolment Rejected
F,0 to 5 Years,4793,1789
F,16 to 30 Years,42318,11976
F,31 to 45 Years,34264,11559
F,46 to 65 Years,23415,12430
F,6 to 15 Years,28314,7884
F,66 Years and Above,5379,4847
F,Others,0,1
M,0 to 5 Years,5530,2105
M,16 to 30 Years,49374,15183
M,31 to 45 Years,36584,14383
M,46 to 65 Years,27839,14878
M,6 to 15 Years,33665,9904
M,66 Years and Above,6509,5452
T,0 to 5 Years,0,1
T,16 to 30 Years,5,1
T,31 to 45 Years,2,3
T,46 to 65 Years,1,0
T,6 to 15 Years,1,2
