State,District,Aadhaar generated,Enrolment Rejected
Andaman and Nicobar Islands,Andamans,0,2
Andhra Pradesh,Adilabad,1090,42
Andhra Pradesh,Anantapur,0,73
Andhra Pradesh,Chittoor,21,95
Andhra Pradesh,Cuddapah,0,45
Andhra Pradesh,East Godavari,4801,94
Andhra Pradesh,Guntur,10,45
Andhra Pradesh,Hyderabad,1139,48
Andhra Pradesh,K.V.Rangareddy,115,64
Andhra Pradesh,Karimnagar,9,24
Andhra Pradesh,Khammam,7,11
Andhra Pradesh,Krishna,25,37
Andhra Pradesh,Kurnool,1733,55
Andhra Pradesh,Mahbubnagar,0,21
Andhra Pradesh,Medak,0,38
Andhra Pradesh,Nalgonda,3852,13
Andhra Pradesh,Nellore,0,31
Andhra Pradesh,Nizamabad,0,8
Andhra Pradesh,Prakasam,61,42
Andhra Pradesh,Srikakulam,5828,87
Andhra Pradesh,Visakhapatnam,2,75
Andhra Pradesh,Vizianagaram,2922,391
Andhra Pradesh,Warangal,14,15
Andhra Pradesh,West Godavari,64,47
Assam,Barpeta,8,0
Assam,Bongaigaon,4,0
Assam,Kamrup,6,0
Assam,Karimganj,2,0
Assam,Nalbari,4,0
Bihar,Araria,0,1
Bihar,Arwal,5,0
Bihar,Aurangabad(BH),3,0
Bihar,Banka,1,0
Bihar,Begusarai,2,0
Bihar,Bhagalpur,1,0
Bihar,Bhojpur,8,1
Bihar,Buxar,10,1
Bihar,Darbhanga,4,2
Bihar,East Champaran,1,1
Bihar,Gaya,8,0
Bihar,Gopalganj,2,0
Bihar,Jamui,3,0
Bihar,Jehanabad,1,3
Bihar,Khagaria,1,0
Bihar,Lakhisarai,1,0
Bihar,Madhubani,2,3
Bihar,Munger,1,0
Bihar,Muzaffarpur,2,0
Bihar,Nalanda,5,0
Bihar,Nawada,3,1
Bihar,Patna,8,6
Bihar,Purnia,0,3
Bihar,Rohtas,3,0
Bihar,Saharsa,1,1
Bihar,Samastipur,7,1
Bihar,Saran,4,0
Bihar,Sheohar,1,0
Bihar,Sitamarhi,1,2
Bihar,Siwan,3,0
Bihar,Supaul,2,1
Bihar,Vaishali,3,0
Chandigarh,Chandigarh,19,4
Chhattisgarh,Durg,2,0
Chhattisgarh,Jashpur,1,0
Chhattisgarh,Kanker,3,0
Chhattisgarh,Raipur,0,2
Chhattisgarh,Surguja,1,0
Daman and Diu,Daman,0,1
Delhi,Central Delhi,301,339
Delhi,East Delhi,3,19
Delhi,North Delhi,0,17
Delhi,North East,0,20
Delhi,North West Delhi,23,82
Delhi,South Delhi,317,24
Delhi,South West Delhi,217,1200
Delhi,West Delhi,695,2398
Goa,Bardez,0,1
Goa,North Goa,232,71
Goa,South Goa,339,39
Goa,Tiswadi,5,0
Gujarat,Ahmadabad,0,4
Gujarat,Amreli,491,6
Gujarat,Anand,22,0
Gujarat,Banaskantha,1512,8
Gujarat,Bharuch,17,4
Gujarat,Bhavnagar,5,2
Gujarat,Dohad,64,1
Gujarat,Gandhinagar,8,1
Gujarat,Jamnagar,1,4
Gujarat,Junagadh,66,6
Gujarat,Kachchh,11,0
Gujarat,Kheda,396,2
Gujarat,Mahesana,134,7
Gujarat,Narmada,52,3
Gujarat,Navsari,4,0
Gujarat,Panchmahals,844,7
Gujarat,Patan,115,4
Gujarat,Porbandar,1352,16
Gujarat,Rajkot,13,0
Gujarat,Sabarkantha,18,2
Gujarat,Surat,457,15
Gujarat,Surendra Nagar,1,5
Gujarat,Vadodara,0,3
Gujarat,Valsad,1,1
Haryana,Ambala,20,1
Haryana,Bhiwani,3,0
Haryana,Faridabad,1,0
Haryana,Gurgaon,10,1
Haryana,Hisar,2,3
Haryana,Jhajjar,2,0
Haryana,Karnal,86,4
Haryana,Panchkula,2,1
Haryana,Panipat,0,1
Haryana,Rewari,6,0
Haryana,Rohtak,1,3
Haryana,Sirsa,140,2
Haryana,Sonipat,1,4
Haryana,Yamuna Nagar,11,0
Himachal Pradesh,Bilaspur ,3,0
Himachal Pradesh,Chamba,111,20
Himachal Pradesh,Hamirpur,0,2
Himachal Pradesh,Kangra,141,123
Himachal Pradesh,Kinnaur,1,1
Himachal Pradesh,Kullu,2,0
Himachal Pradesh,Mandi,3,0
Himachal Pradesh,Shimla,519,57
Himachal Pradesh,Sirmaur,17,41
Himachal Pradesh,Solan,2429,11
Jammu and Kashmir,Badgam,1,0
Jammu and Kashmir,Bandipur,1,0
Jammu and Kashmir,Baramulla,2,0
Jammu and Kashmir,Jammu,8,0
Jammu and Kashmir,Kathua,2,0
Jharkhand,Bokaro,2570,15
Jharkhand,Chatra,5,0
Jharkhand,Deoghar,8,0
Jharkhand,Dhanbad,541,20
Jharkhand,Dumka,1701,11
Jharkhand,East Singhbhum,4,6
Jharkhand,Garhwa,147,11
Jharkhand,Giridih,294,22
Jharkhand,Godda,4,0
Jharkhand,Gumla,964,51
Jharkhand,Hazaribag,0,15
Jharkhand,Hazaribagh,44,3
Jharkhand,Khunti,115,4
Jharkhand,Latehar,3,1
Jharkhand,Lohardaga,20,1
Jharkhand,Pakaur,3,0
Jharkhand,Palamau,1026,7
Jharkhand,Ramgarh,185,2
Jharkhand,Ranchi,844,26
Jharkhand,Sahebganj,0,5
Jharkhand,Seraikela-Kharsawan,401,9
Jharkhand,Simdega,7,5
Jharkhand,West Singhbhum,24,2
Karnataka,Bagalkot,0,8
Karnataka,Bangalore,16,73
Karnataka,Bangalore Rural,3,65
Karnataka,Belgaum,1,3
Karnataka,Bijapur(KAR),0,6
Karnataka,Chamarajanagar,0,1
Karnataka,Chickmagalur,0,2
Karnataka,Chikkaballapur,1,0
Karnataka,Dakshina Kannada,2,0
Karnataka,Dharwad,0,1
Karnataka,Gulbarga,1,22
Karnataka,Hassan,1,0
Karnataka,Haveri,0,5
Karnataka,Kodagu,0,1
Karnataka,Kolar,1,1
Karnataka,Koppal,0,6
Karnataka,Mandya,1,0
Karnataka,Mysore,16,21
Karnataka,Ramanagar,1,1
Karnataka,Shimoga,3,3
Karnataka,Tumkur,0,3
Karnataka,Udupi,95,31
Karnataka,Uttara Kannada,0,2
Kerala,Alappuzha,5513,95
Kerala,Ernakulam,3113,27
Kerala,Idukki,5323,10
Kerala,Kannur,4010,19
Kerala,Kasargod,1097,6
Kerala,Kollam,13752,41
Kerala,Kottayam,3970,136
Kerala,Kozhikode,4786,47
Kerala,Malappuram,1779,24
Kerala,Palakkad,22038,846
Kerala,Pathanamthitta,5249,33
Kerala,Thiruvananthapuram,15531,95
Kerala,Thrissur,5717,31
Kerala,Wayanad,894,11
Lakshadweep,Lakshadweep,5267,3
Madhya Pradesh,Balaghat,0,1
Madhya Pradesh,Barwani,7,1
Madhya Pradesh,Betul,259,5
Madhya Pradesh,Bhind,12,2
Madhya Pradesh,Bhopal,1040,33
Madhya Pradesh,Burhanpur,0,5
Madhya Pradesh,Chhatarpur,430,10
Madhya Pradesh,Chhindwara,3,0
Madhya Pradesh,Damoh,641,29
Madhya Pradesh,Datia,1,0
Madhya Pradesh,Dewas,2,31
Madhya Pradesh,Dhar,148,1
Madhya Pradesh,Guna,274,29
Madhya Pradesh,Gwalior,102,4
Madhya Pradesh,Harda,0,5
Madhya Pradesh,Hoshangabad,1,5
Madhya Pradesh,Indore,2768,37
Madhya Pradesh,Jabalpur,789,14
Madhya Pradesh,Katni,5,0
Madhya Pradesh,Khandwa,7,10
Madhya Pradesh,Khargone,785,4
Madhya Pradesh,Mandla,1,1
Madhya Pradesh,Mandsaur,8,5
Madhya Pradesh,Morena,12,1
Madhya Pradesh,Narsinghpur,3,0
Madhya Pradesh,Neemuch,27,3
Madhya Pradesh,Panna,1,0
Madhya Pradesh,Raisen,303,8
Madhya Pradesh,Rajgarh,160,0
Madhya Pradesh,Ratlam,45,2
Madhya Pradesh,Rewa,195,0
Madhya Pradesh,Sagar,184,3
Madhya Pradesh,Satna,7,0
Madhya Pradesh,Sehore,236,6
Madhya Pradesh,Seoni,11,0
Madhya Pradesh,Shahdol,1,2
Madhya Pradesh,Shajapur,1,1
Madhya Pradesh,Shivpuri,1,0
Madhya Pradesh,Sidhi,3,1
Madhya Pradesh,Tikamgarh,3,0
Madhya Pradesh,Ujjain,3,0
Madhya Pradesh,Umaria,2,0
Madhya Pradesh,Vidisha,3,0
Maharashtra,Ahmed Nagar,75,23
Maharashtra,Akola,40,26
Maharashtra,Amravati,1069,42
Maharashtra,Aurangabad,2,40
Maharashtra,Beed,6,8
Maharashtra,Bhandara,177,32
Maharashtra,Buldhana,2533,17
Maharashtra,Chandrapur,2,10
Maharashtra,Dhule,1121,30
Maharashtra,Gondiya,0,19
Maharashtra,Hingoli,1,0
Maharashtra,Jalgaon,179,42
Maharashtra,Jalna,6,18
Maharashtra,Kolhapur,271,25
Maharashtra,Latur,0,6
Maharashtra,Mumbai,1242,37
Maharashtra,Mumbai City,135,2
Maharashtra,Mumbai( Sub Urban ),56,1
Maharashtra,Nagpur,51,43
Maharashtra,Nanded,407,38
Maharashtra,Nandurbar,0,6
Maharashtra,Nashik,4299,88
Maharashtra,Osmanabad,0,1
Maharashtra,Parbhani,1,12
Maharashtra,Pune,552,34
Maharashtra,Raigarh(MH),558,93
Maharashtra,Ratnagiri,632,343
Maharashtra,Sangli,437,20
Maharashtra,Satara,148,9
Maharashtra,Sindhudurg,9,0
Maharashtra,Solapur,225,118
Maharashtra,Thane,1612,38
Maharashtra,Wardha,3,4
Maharashtra,Washim,2,12
Maharashtra,Yavatmal,61,6
Manipur,Bishnupur,8,0
Manipur,Imphal West,1,0
Meghalaya,East Khasi Hills,2,0
Meghalaya,West Garo Hills,3,0
Mizoram,Mamit,2,0
Nagaland,Tuensang,1,0
Nagaland,Zunheboto,948,2
Odisha,Baleswar,0,2
Odisha,Bargarh,2,0
Odisha,Bhadrak,0,4
Odisha,Cuttack,6,5
Odisha,Dhenkanal,3,1
Odisha,Ganjam,4,5
Odisha,Jajapur,2,0
Odisha,Jharsuguda,0,2
Odisha,Kalahandi,1,0
Odisha,Kendrapara,3,0
Odisha,Kendujhar,9,0
Odisha,Khordha,20,3
Odisha,Mayurbhanj,2,0
Odisha,Nayagarh,2,0
Odisha,Puri,3,1
Odisha,Sambalpur,1,1
Odisha,Sundergarh,1,1
Others,Others,372,4
Puducherry,Pondicherry,0,11
Punjab,Amritsar,1399,35
Punjab,Barnala,2,0
Punjab,Bathinda,132,5
Punjab,Faridkot,9,0
Punjab,Fatehgarh Sahib,1,2
Punjab,Ferozepur,0,3
Punjab,Gurdaspur,5,1
Punjab,Jalandhar,71,9
Punjab,Kapurthala,321,21
Punjab,Ludhiana,1544,49
Punjab,Moga,1,3
Punjab,Muktsar,0,3
Punjab,Nawanshahr,0,1
Punjab,Patiala,0,4
Punjab,Rupnagar,49,0
Punjab,SAS Nagar (Mohali),1,2
Punjab,Sangrur,1,3
Punjab,Tarn Taran,47,8
Rajasthan,Ajmer,50,5
Rajasthan,Alwar,2103,130
Rajasthan,Banswara,2,4
Rajasthan,Baran,0,2
Rajasthan,Barmer,6,13
Rajasthan,Bharatpur,6,2
Rajasthan,Bhilwara,488,13
Rajasthan,Bikaner,3,3
Rajasthan,Bundi,1,2
Rajasthan,Chittorgarh,21,13
Rajasthan,Churu,655,14
Rajasthan,Dausa,15,3
Rajasthan,Dholpur,4,0
Rajasthan,Dungarpur,0,1
Rajasthan,Ganganagar,0,1
Rajasthan,Hanumangarh,1,0
Rajasthan,Jaipur,2060,134
Rajasthan,Jalor,7,7
Rajasthan,Jhalawar,4,2
Rajasthan,Jhunjhunun,1,2
Rajasthan,Jodhpur,7,10
Rajasthan,Kota,5,7
Rajasthan,Nagaur,4058,151
Rajasthan,Pali,174,5
Rajasthan,Rajsamand,0,2
Rajasthan,Sawai Madhopur,4,7
Rajasthan,Sikar,1055,98
Rajasthan,Sirohi,1,0
Rajasthan,Tonk,6,3
Rajasthan,Udaipur,316,46
Sikkim,East Sikkim,1,0
Tamil Nadu,Ariyalur,22851,33
Tamil Nadu,Coimbatore,2,2
Tamil Nadu,Cuddalore,3711,54
Tamil Nadu,Dharmapuri,1,0
Tamil Nadu,Dindigul,1,1
Tamil Nadu,Erode,7,3
Tamil Nadu,Kanyakumari,13,0
Tamil Nadu,Karur,3,1
Tamil Nadu,Madurai,2,2
Tamil Nadu,Namakkal,15,1
Tamil Nadu,Perambalur,2,27
Tamil Nadu,Pudukkottai,34823,155
Tamil Nadu,Ramanathapuram,0,1
Tamil Nadu,Salem,7,3
Tamil Nadu,Sivaganga,4,0
Tamil Nadu,Thanjavur,8,0
Tamil Nadu,Theni,2,1
Tamil Nadu,Thoothukkudi,3,0
Tamil Nadu,Tiruchirappalli,6,0
Tamil Nadu,Tirunelveli,4,0
Tamil Nadu,Tiruvallur,0,2
Tamil Nadu,Tiruvannamalai,0,3
Tamil Nadu,Vellore,2,4
Tamil Nadu,Virudhunagar,2,2
Tripura,North Tripura,1,1
Tripura,West Tripura,1,7
Uttar Pradesh,Agra,25,12
Uttar Pradesh,Aligarh,8,1
Uttar Pradesh,Allahabad,54,3
Uttar Pradesh,Ambedkar Nagar,2,1
Uttar Pradesh,Auraiya,2,1
Uttar Pradesh,Azamgarh,57,1
Uttar Pradesh,Baghpat,8,0
Uttar Pradesh,Ballia,77,0
Uttar Pradesh,Balrampur,1,0
Uttar Pradesh,Banda,1,2
Uttar Pradesh,Barabanki,1,3
Uttar Pradesh,Bareilly,0,11
Uttar Pradesh,Basti,2,1
Uttar Pradesh,Bijnor,5,0
Uttar Pradesh,Budaun,3,0
Uttar Pradesh,Bulandshahar,78,3
Uttar Pradesh,Chandauli,10,1
Uttar Pradesh,Chitrakoot,2,0
Uttar Pradesh,Deoria,24,0
Uttar Pradesh,Etah,1,1
Uttar Pradesh,Etawah,1,6
Uttar Pradesh,Fatehpur,5,0
Uttar Pradesh,Firozabad,3,8
Uttar Pradesh,Gautam Buddha Nagar,6,1
Uttar Pradesh,Ghaziabad,6,9
Uttar Pradesh,Ghazipur,16,0
Uttar Pradesh,Gonda,3,0
Uttar Pradesh,Gorakhpur,12,0
Uttar Pradesh,Hardoi,1,2
Uttar Pradesh,Hathras,4,0
Uttar Pradesh,Jalaun,1,0
Uttar Pradesh,Jaunpur,8,0
Uttar Pradesh,Jhansi,2,2
Uttar Pradesh,Jyotiba Phule Nagar,3,1
Uttar Pradesh,Kannauj,1,1
Uttar Pradesh,Kanpur Dehat,6,0
Uttar Pradesh,Kanpur Nagar,6,35
Uttar Pradesh,Kaushambi,4,0
Uttar Pradesh,Kheri,2,1
Uttar Pradesh,Kushinagar,5,0
Uttar Pradesh,Lucknow,0,19
Uttar Pradesh,Mahoba,1,2
Uttar Pradesh,Mahrajganj,1,0
Uttar Pradesh,Mainpuri,1,1
Uttar Pradesh,Mathura,8,4
Uttar Pradesh,Mau,6,0
Uttar Pradesh,Meerut,11,1
Uttar Pradesh,Mirzapur,10,1
Uttar Pradesh,Moradabad,2,3
Uttar Pradesh,Muzaffarnagar,4,0
Uttar Pradesh,Pilibhit,0,1
Uttar Pradesh,Pratapgarh,8,0
Uttar Pradesh,Raebareli,2,0
Uttar Pradesh,Rampur,0,1
Uttar Pradesh,Saharanpur,1,13
Uttar Pradesh,Sant Kabir Nagar,1,0
Uttar Pradesh,Sant Ravidas Nagar Bhadohi,5,0
Uttar Pradesh,Shahjahanpur,1,0
Uttar Pradesh,Sitapur,0,1
Uttar Pradesh,Sonbhadra,1,0
Uttar Pradesh,Sultanpur,4,5
Uttar Pradesh,Unnao,3,4
Uttar Pradesh,Varanasi,9,0
Uttarakhand,Champawat,2,0
Uttarakhand,Garhwal,1,1
Uttarakhand,Hardwar,0,2
Uttarakhand,Nainital,2,6
Uttarakhand,Tehri Garhwal,3,0
Uttarakhand,Udham Singh Nagar,0,5
West Bengal,Bankura,2,0
West Bengal,Barddhaman,1,0
West Bengal,Cooch Behar,2,0
West Bengal,Hooghly,5,2
West Bengal,Howrah,9009,17
West Bengal,Jalpaiguri,1,0
West Bengal,Kolkata,4682,4
West Bengal,Malda,2,0
West Bengal,Medinipur,1,0
West Bengal,Murshidabad,7,0
West Bengal,Nadia,14,1
West Bengal,North 24 Parganas,2,0
West Bengal,North Dinajpur,0,1
West Bengal,South Twenty Four Parganas,630,0
