State,District,Aadhaar generated,Enrolment Rejected
Andaman and Nicobar Islands,South Andaman,0,1
Andhra Pradesh,Adilabad,879,7
Andhra Pradesh,Anantapur,1,0
Andhra Pradesh,Ananthapur,2,0
Andhra Pradesh,Chittoor,7,171
Andhra Pradesh,Cuddapah,3,186
Andhra Pradesh,East Godavari,125,34
Andhra Pradesh,Guntur,9,253
Andhra Pradesh,Hyderabad,92,13
Andhra Pradesh,K.V.Rangareddy,176,76
Andhra Pradesh,Karim Nagar,65,0
Andhra Pradesh,Karimnagar,32,17
Andhra Pradesh,Khammam,1,4
Andhra Pradesh,Krishna,4,55
Andhra Pradesh,Kurnool,33,67
Andhra Pradesh,Mahabub Nagar,3,0
Andhra Pradesh,Mahbubnagar,0,2
Andhra Pradesh,Medak,0,3
Andhra Pradesh,Nalgonda,2,22
Andhra Pradesh,Nellore,5,126
Andhra Pradesh,Nizamabad,1,8
Andhra Pradesh,Prakasam,11,148
Andhra Pradesh,Srikakulam,4370,27
Andhra Pradesh,Visakhapatnam,9,89
Andhra Pradesh,Vizianagaram,11753,7
Andhra Pradesh,Warangal,209,4
Andhra Pradesh,West Godavari,4,84
Arunachal Pradesh,West Siang,1,0
Assam,Cachar,1,0
Assam,Jorhat,1,0
Assam,Sonitpur,1,0
Assam,Tinsukia,2,0
Bihar,Araria,1,2
Bihar,Arwal,4,0
Bihar,Aurangabad(BH),2,1
Bihar,Banka,7,0
Bihar,Begusarai,1,0
Bihar,Bhagalpur,5,0
Bihar,Bhojpur,15,0
Bihar,Buxar,12,1
Bihar,Darbhanga,7,0
Bihar,East Champaran,5,0
Bihar,Gaya,10,2
Bihar,Gopalganj,4,1
Bihar,Jamui,6,0
Bihar,Jehanabad,2,4
Bihar,Kaimur (Bhabua),2,0
Bihar,Katihar,4,0
Bihar,Khagaria,31,0
Bihar,Kishanganj,1,0
Bihar,Lakhisarai,4,0
Bihar,Madhepura,3,5
Bihar,Madhubani,8,0
Bihar,Munger,9,0
Bihar,Muzaffarpur,4,1
Bihar,Nalanda,14,1
Bihar,Nawada,2,0
Bihar,Patna,22,4
Bihar,Purnia,3,1
Bihar,Rohtas,5,0
Bihar,Saharsa,1,1
Bihar,Samastipur,5,0
Bihar,Saran,13,1
Bihar,Sheikhpura,1,0
Bihar,Sheohar,1,0
Bihar,Siwan,8,0
Bihar,Vaishali,8,0
Bihar,West Champaran,3,0
Chandigarh,Chandigarh,99,4
Chandigarh,Mohali,3,0
Chhattisgarh,Bilaspur,1,0
Chhattisgarh,Durg,4,0
Chhattisgarh,Janjgir-champa,1,0
Chhattisgarh,Jashpur,1,0
Chhattisgarh,Raipur,1,0
Delhi,Central Delhi,54,9
Delhi,East Delhi,28,9
Delhi,New Delhi,4,0
Delhi,North Delhi,7,1
Delhi,North East,16,17
Delhi,North East Delhi,6,0
Delhi,North West Delhi,24,14
Delhi,South Delhi,98,11
Delhi,South West Delhi,483,8
Delhi,West Delhi,67,21
Goa,Bardez,9,0
Goa,North Goa,190,3
Goa,South Goa,947,12
Gujarat,Ahmadabad,36,19
Gujarat,Ahmedabad,1703,19
Gujarat,Amreli,36,0
Gujarat,Anand,1590,8
Gujarat,Banaskantha,6,0
Gujarat,Bharuch,73,0
Gujarat,Bhavnagar,114,0
Gujarat,Dahod,55,0
Gujarat,Dohad,2,0
Gujarat,Gandhinagar,669,4
Gujarat,Jamnagar,1265,1
Gujarat,Junagadh,441,1
Gujarat,Kachchh,39,0
Gujarat,Kheda,1634,7
Gujarat,Mahesana,684,4
Gujarat,Narmada,87,1
Gujarat,Navsari,256,0
Gujarat,Panchmahals,50,0
Gujarat,Patan,875,2
Gujarat,Porbandar,27,2
Gujarat,Rajkot,148,0
Gujarat,Sabarkantha,2063,29
Gujarat,Surat,706,7
Gujarat,Surendra Nagar,493,3
Gujarat,The Dangs,4,0
Gujarat,Vadodara,404,4
Gujarat,Valsad,111,0
Haryana,Ambala,202,1
Haryana,Bhiwani,3,0
Haryana,Faridabad,3,0
Haryana,Fatehabad,1,0
Haryana,Gurgaon,22,4
Haryana,Hisar,2,16
Haryana,Jind,1,0
Haryana,Karnal,324,1
Haryana,Mahendragarh,2,1
Haryana,Panchkula,7,1
Haryana,Panipat,1,0
Haryana,Rewari,0,2
Haryana,Sirsa,1,0
Haryana,Sonipat,7,0
Haryana,Yamuna Nagar,2,0
Himachal Pradesh,Bilaspur ,10,1
Himachal Pradesh,Chamba,174,5
Himachal Pradesh,Hamirpur,17,0
Himachal Pradesh,Kangra,635,1
Himachal Pradesh,Kinnaur,63,0
Himachal Pradesh,Kullu,33,0
Himachal Pradesh,Lahul and Spiti,1,0
Himachal Pradesh,Mandi,37,2
Himachal Pradesh,Shimla,3898,7
Himachal Pradesh,Sirmaur,959,0
Himachal Pradesh,Solan,801,3
Himachal Pradesh,Una,3,1
Jammu and Kashmir,Baramulla,2,0
Jammu and Kashmir,Jammu,1,0
Jammu and Kashmir,Kathua,1,0
Jammu and Kashmir,Rajouri,1,0
Jharkhand,Bokaro,1604,9
Jharkhand,Chatra,11,0
Jharkhand,Deoghar,77,0
Jharkhand,Dhanbad,650,2
Jharkhand,Dumka,427,4
Jharkhand,East Singhbhum,533,3
Jharkhand,Garhwa,176,2
Jharkhand,Giridih,1071,15
Jharkhand,Godda,12,0
Jharkhand,Gumla,3500,34
Jharkhand,Hazaribag,4748,1
Jharkhand,Hazaribagh,12435,25
Jharkhand,Jamtara,4,0
Jharkhand,Khunti,327,0
Jharkhand,Kodarma,468,53
Jharkhand,Koderma,835,0
Jharkhand,Latehar,24,0
Jharkhand,Lohardaga,22,0
Jharkhand,Pakaur,0,2
Jharkhand,Pakur,2,0
Jharkhand,Palamau,843,2
Jharkhand,Palamu,3,0
Jharkhand,Ramgarh,386,2
Jharkhand,Ranchi,835,4
Jharkhand,Sahebganj,39,0
Jharkhand,Seraikela-Kharsawan,63,6
Jharkhand,Simdega,1132,1
Jharkhand,West Singhbhum,91,0
Karnataka,Bagalkot,8,0
Karnataka,Bangalore,3735,22
Karnataka,Bangalore Rural,939,83
Karnataka,Belgaum,18,3
Karnataka,Bellary,3,0
Karnataka,Bidar,3,1
Karnataka,Bijapur(KAR),103,3
Karnataka,Chamarajanagar,3,0
Karnataka,Chamrajnagar,2,0
Karnataka,Chickmagalur,8,0
Karnataka,Chikkaballapur,7,0
Karnataka,Chitradurga,5,1
Karnataka,Dakshina Kannada,51,0
Karnataka,Davangere,4,2
Karnataka,Dharwad,133,0
Karnataka,Gadag,5,0
Karnataka,Gulbarga,5,0
Karnataka,Hassan,259,0
Karnataka,Haveri,134,0
Karnataka,Kodagu,1,0
Karnataka,Kolar,7,0
Karnataka,Koppal,0,1
Karnataka,Mandya,15,0
Karnataka,Mysore,66,1
Karnataka,Raichur,7,1
Karnataka,Ramanagar,25,0
Karnataka,Shimoga,44,0
Karnataka,Tumkur,4,0
Karnataka,Udupi,34462,14
Karnataka,Uttara Kannada,6,0
Karnataka,Yadgir,1,0
Kerala,Alappuzha,3859,11
Kerala,Ernakulam,3195,6
Kerala,Idukki,804,1
Kerala,Kannur,6722,6
Kerala,Kasargod,1292,1
Kerala,Kollam,1414,0
Kerala,Kottayam,6613,2
Kerala,Kozhikode,4035,18
Kerala,Malappuram,3438,10
Kerala,Palakkad,8302,26
Kerala,Pathanamthitta,738,3
Kerala,Thiruvananthapuram,2876,10
Kerala,Thrissur,5156,4
Kerala,Wayanad,680,1
Lakshadweep,Lakshadweep,202,1
Madhya Pradesh,Anuppur,1,0
Madhya Pradesh,Balaghat,1,0
Madhya Pradesh,Barwani,2731,24
Madhya Pradesh,Betul,2176,3
Madhya Pradesh,Bhind,25,1
Madhya Pradesh,Bhopal,294,5
Madhya Pradesh,Burhanpur,42,3
Madhya Pradesh,Chhatarpur,70,1
Madhya Pradesh,Chhindwara,4,3
Madhya Pradesh,Damoh,672,3
Madhya Pradesh,Datia,3,0
Madhya Pradesh,Dewas,1115,6
Madhya Pradesh,Dhar,408,3
Madhya Pradesh,Guna,90,8
Madhya Pradesh,Gwalior,139,3
Madhya Pradesh,Harda,5,0
Madhya Pradesh,Hoshangabad,1,1
Madhya Pradesh,Indore,2540,30
Madhya Pradesh,Jabalpur,266,4
Madhya Pradesh,Jhabua,4,0
Madhya Pradesh,Katni,3,0
Madhya Pradesh,Khandwa,7,2
Madhya Pradesh,Khargone,601,4
Madhya Pradesh,Mandsaur,39,1
Madhya Pradesh,Morena,3,0
Madhya Pradesh,Narsinghpur,5,1
Madhya Pradesh,Neemuch,0,2
Madhya Pradesh,Panna,344,2
Madhya Pradesh,Raisen,84,1
Madhya Pradesh,Rajgarh,37,1
Madhya Pradesh,Ratlam,457,4
Madhya Pradesh,Rewa,118,0
Madhya Pradesh,Sagar,754,2
Madhya Pradesh,Satna,9,0
Madhya Pradesh,Sehore,441,5
Madhya Pradesh,Seoni,101,0
Madhya Pradesh,Shahdol,17,0
Madhya Pradesh,Shajapur,35,5
Madhya Pradesh,Sheopur,199,0
Madhya Pradesh,Shivpuri,1,1
Madhya Pradesh,Sidhi,4,0
Madhya Pradesh,Singrauli,55,0
Madhya Pradesh,Tikamgarh,588,0
Madhya Pradesh,Ujjain,80,0
Madhya Pradesh,Vidisha,52,3
Maharashtra,Ahmed Nagar,1188,5
Maharashtra,Akola,69,1
Maharashtra,Amravati,755,3
Maharashtra,Aurangabad,3371,97
Maharashtra,Beed,6,11
Maharashtra,Bhandara,215,4
Maharashtra,Buldhana,1494,5
Maharashtra,Chandrapur,31,0
Maharashtra,Dhule,597,27
Maharashtra,Gondia,1,0
Maharashtra,Gondiya,0,1
Maharashtra,Hingoli,3,0
Maharashtra,Jalgaon,1639,15
Maharashtra,Jalna,6,88
Maharashtra,Kolhapur,2038,1
Maharashtra,Latur,318,0
Maharashtra,Mumbai,3202,28
Maharashtra,Mumbai City,94,0
Maharashtra,Mumbai( Sub Urban ),3,0
Maharashtra,Nagpur,344,7
Maharashtra,Nanded,87,2
Maharashtra,Nandurbar,2,0
Maharashtra,Nashik,1907,11
Maharashtra,Osmanabad,456,6
Maharashtra,Pune,3383,19
Maharashtra,Raigarh(MH),766,2
Maharashtra,Ratnagiri,452,89
Maharashtra,Sangli,1474,2
Maharashtra,Satara,1275,3
Maharashtra,Sindhudurg,2,0
Maharashtra,Solapur,253,6
Maharashtra,Thane,5250,5
Maharashtra,Wardha,2,0
Maharashtra,Washim,17,1
Maharashtra,Yavatmal,0,1
Manipur,Bishnupur,24,0
Manipur,Chandel,19,0
Manipur,Imphal West,1,0
Odisha,Angul,1,0
Odisha,Balangir,4964,39
Odisha,Baleswar,7,0
Odisha,Bhadrak,4,0
Odisha,Cuttack,1067,3
Odisha,Debagarh,1,0
Odisha,Dhenkanal,6,0
Odisha,Gajapati,1,0
Odisha,Ganjam,0,1
Odisha,Jagatsinghapur,2,0
Odisha,Jajapur,7,0
Odisha,Kalahandi,1,0
Odisha,Kandhamal,1,0
Odisha,Kendrapara,7,0
Odisha,Kendujhar,87,0
Odisha,Khorda,1,0
Odisha,Khordha,23,0
Odisha,Mayurbhanj,145,0
Odisha,Nayagarh,1,0
Odisha,Nuapada,1,0
Odisha,Puri,1,0
Odisha,Rayagada,0,1
Odisha,Sonapur,4,0
Odisha,Sundergarh,1,0
Others,Others,96,191
Puducherry,Pondicherry,132,1
Punjab,Amritsar,33,34
Punjab,Barnala,194,1
Punjab,Bathinda,640,9
Punjab,Faridkot,3,0
Punjab,Fatehgarh Sahib,2,0
Punjab,Fazilka,62,1
Punjab,Ferozepur,1,10
Punjab,Gurdaspur,1193,20
Punjab,Hoshiarpur,52,0
Punjab,Jalandhar,657,15
Punjab,Kapurthala,569,14
Punjab,Ludhiana,3076,17
Punjab,Moga,40,5
Punjab,Muktsar,11,5
Punjab,Nawanshahr,1,0
Punjab,Pathankot,51,0
Punjab,Patiala,4,4
Punjab,Rupnagar,492,2
Punjab,SAS Nagar (Mohali),8,0
Punjab,Sangrur,33,0
Punjab,Sri Muktsar Sahib,2,0
Punjab,Tarn Taran,145,5
Rajasthan,Ajmer,257,4
Rajasthan,Alwar,1185,25
Rajasthan,Baran,1,1
Rajasthan,Barmer,151,18
Rajasthan,Bharatpur,8,0
Rajasthan,Bhilwara,1,1
Rajasthan,Bikaner,17,17
Rajasthan,Bundi,1,6
Rajasthan,Chittorgarh,18,4
Rajasthan,Churu,1028,19
Rajasthan,Dausa,187,18
Rajasthan,Dholpur,2,21
Rajasthan,Jaipur,3136,34
Rajasthan,Jaisalmer,3,0
Rajasthan,Jalor,54,1
Rajasthan,Jhalawar,38,8
Rajasthan,Jhunjhunu,113,3
Rajasthan,Jhunjhunun,1,4
Rajasthan,Jodhpur,23,7
Rajasthan,Karauli,1,1
Rajasthan,Kota,35,11
Rajasthan,Nagaur,3486,39
Rajasthan,Pali,1779,53
Rajasthan,Rajsamand,1,1
Rajasthan,Sawai Madhopur,1,10
Rajasthan,Sikar,1707,9
Rajasthan,Sirohi,149,19
Rajasthan,Tonk,11,1
Rajasthan,Udaipur,261,1
Sikkim,West Sikkim,0,2
Tamil Nadu,Ariyalur,154,0
Tamil Nadu,Chennai,2,0
Tamil Nadu,Coimbatore,5,0
Tamil Nadu,Cuddalore,1,0
Tamil Nadu,Dharmapuri,7,0
Tamil Nadu,Dindigul,2,0
Tamil Nadu,Erode,1,0
Tamil Nadu,Kanyakumari,4,0
Tamil Nadu,Karur,11,0
Tamil Nadu,Krishnagiri,2,0
Tamil Nadu,Madurai,2,0
Tamil Nadu,Nilgiris,1,0
Tamil Nadu,Perambalur,1,0
Tamil Nadu,Pudukkottai,476,9
Tamil Nadu,Salem,2,1
Tamil Nadu,Thanjavur,1,0
Tamil Nadu,Theni,2,0
Tamil Nadu,Thoothukkudi,1,0
Tamil Nadu,Tiruchirappalli,20813,499
Tamil Nadu,Tirunelveli,4,0
Tamil Nadu,Tiruvallur,1,0
Tamil Nadu,Tiruvannamalai,6,0
Tamil Nadu,Tiruvarur,1,0
Tamil Nadu,Tuticorin,3,0
Tamil Nadu,Vellore,8,1
Tamil Nadu,Villupuram,2,0
Tamil Nadu,Virudhunagar,1,0
Tripura,Dhalai,1027,1185
Tripura,North Tripura,7188,2652
Tripura,South Tripura,7872,334
Tripura,West Tripura,4027,1774
Uttar Pradesh,Agra,7,0
Uttar Pradesh,Aligarh,4,0
Uttar Pradesh,Allahabad,3,0
Uttar Pradesh,Ambedkar Nagar,1,0
Uttar Pradesh,Auraiya,2,0
Uttar Pradesh,Azamgarh,2,0
Uttar Pradesh,Bagpat,7,0
Uttar Pradesh,Ballia,8,4
Uttar Pradesh,Barabanki,1,2
Uttar Pradesh,Bareilly,3,3
Uttar Pradesh,Basti,1,0
Uttar Pradesh,Bijnor,1,0
Uttar Pradesh,Bulandshahr,4,0
Uttar Pradesh,Chandauli,2,0
Uttar Pradesh,Deoria,7,3
Uttar Pradesh,Etawah,2,4
Uttar Pradesh,Farrukhabad,3,0
Uttar Pradesh,Gautam Buddha Nagar,4,1
Uttar Pradesh,Ghaziabad,6,8
Uttar Pradesh,Ghazipur,20,3
Uttar Pradesh,Gonda,1,0
Uttar Pradesh,Gorakhpur,5,0
Uttar Pradesh,Hamirpur,1,1
Uttar Pradesh,Hardoi,0,1
Uttar Pradesh,Hathras,0,1
Uttar Pradesh,Jalaun,3,0
Uttar Pradesh,Jaunpur,4,0
Uttar Pradesh,Jhansi,2,0
Uttar Pradesh,Jyotiba Phule Nagar,1,1
Uttar Pradesh,Kanpur Dehat,5,0
Uttar Pradesh,Kanpur Nagar,5,0
Uttar Pradesh,Kaushambi,3,0
Uttar Pradesh,Kheri,0,1
Uttar Pradesh,Kushinagar,4,0
Uttar Pradesh,Lalitpur,0,1
Uttar Pradesh,Lucknow,8,13
Uttar Pradesh,Maharajganj,8,0
Uttar Pradesh,Mahoba,0,1
Uttar Pradesh,Mahrajganj,1,0
Uttar Pradesh,Mainpuri,1,1
Uttar Pradesh,Mathura,7,0
Uttar Pradesh,Mau,2,0
Uttar Pradesh,Meerut,3,0
Uttar Pradesh,Mirzapur,4,0
Uttar Pradesh,Moradabad,0,1
Uttar Pradesh,Pilibhit,3,0
Uttar Pradesh,Pratapgarh,4,0
Uttar Pradesh,Raebareli,3,0
Uttar Pradesh,Sant Ravidas Nagar,2,0
Uttar Pradesh,Shahjahanpur,0,2
Uttar Pradesh,Shrawasti,1,1
Uttar Pradesh,Sitapur,0,2
Uttar Pradesh,Sultanpur,4,7
Uttar Pradesh,Unnao,3,2
Uttar Pradesh,Varanasi,4,0
Uttarakhand,Almora,2,0
Uttarakhand,Bageshwar,2,0
Uttarakhand,Chamoli,1,0
Uttarakhand,Champawat,1,0
Uttarakhand,Dehradun,11,0
Uttarakhand,Haridwar,6,0
Uttarakhand,Nainital,3,0
Uttarakhand,Pauri Garhwal,7,1
Uttarakhand,Pithoragarh,5,0
Uttarakhand,Tehri Garhwal,1,0
Uttarakhand,Udham Singh Nagar,1,0
West Bengal,Bankura,6,0
West Bengal,Barddhaman,4,0
West Bengal,Bardhaman,11,0
West Bengal,Birbhum,13,0
West Bengal,Cooch Behar,1,0
West Bengal,Darjeeling,4,0
West Bengal,East Midnapore,3,0
West Bengal,Hooghly,1,1
West Bengal,Howrah,11183,9
West Bengal,Jalpaiguri,1341,0
West Bengal,Kolkata,81,12
West Bengal,Malda,1,0
West Bengal,Murshidabad,6,0
West Bengal,Nadia,9,1
West Bengal,North 24 Parganas,10,0
West Bengal,Purulia,1,0
West Bengal,South 24 Parganas,2,0
West Bengal,South Twenty Four Parganas,1,0
West Bengal,West Midnapore,6,0
