State,District,Aadhaar generated,Enrolment Rejected
Andaman and Nicobar Islands,Andamans,6,0
Andhra Pradesh,Adilabad,487,9
Andhra Pradesh,Anantapur,78,0
Andhra Pradesh,Chittoor,60,0
Andhra Pradesh,Cuddapah,20,0
Andhra Pradesh,East Godavari,323,13
Andhra Pradesh,Guntur,625,0
Andhra Pradesh,Hyderabad,878,19
Andhra Pradesh,K.V.Rangareddy,512,1
Andhra Pradesh,Karimnagar,18,0
Andhra Pradesh,Khammam,24,0
Andhra Pradesh,Krishna,1088,0
Andhra Pradesh,Kurnool,267,5
Andhra Pradesh,Mahbubnagar,2,0
Andhra Pradesh,Medak,33,0
Andhra Pradesh,Nalgonda,17,0
Andhra Pradesh,Nellore,302,0
Andhra Pradesh,Nizamabad,10,0
Andhra Pradesh,Prakasam,163,0
Andhra Pradesh,Srikakulam,741,79
Andhra Pradesh,Visakhapatnam,245,0
Andhra Pradesh,Vizianagaram,400,105
Andhra Pradesh,Warangal,25,0
Andhra Pradesh,West Godavari,593,0
Assam,Barpeta,3,0
Assam,Bongaigaon,6,0
Assam,Dibrugarh,1,0
Assam,Goalpara,1,0
Assam,Golaghat,1,0
Assam,Hailakandi,2,0
Assam,Kamrup,4,0
Assam,Karbi Anglong,1,0
Assam,Karimganj,2,0
Assam,Nalbari,3,0
Assam,Sonitpur,1,0
Assam,Tinsukia,2,0
Bihar,Araria,1,0
Bihar,Arwal,2,0
Bihar,Aurangabad(BH),5,0
Bihar,Banka,3,0
Bihar,Begusarai,105,0
Bihar,Bhabua,4,0
Bihar,Bhagalpur,33,0
Bihar,Bhojpur,10,1
Bihar,Buxar,105,0
Bihar,Darbhanga,26,1
Bihar,East Champaran,17,0
Bihar,Gaya,21,0
Bihar,Gopalganj,12,0
Bihar,Jamui,2,0
Bihar,Jehanabad,3,0
Bihar,Katihar,12,0
Bihar,Khagaria,2,0
Bihar,Kishanganj,2,0
Bihar,Lakhisarai,1,0
Bihar,Madhepura,1,0
Bihar,Madhubani,21,0
Bihar,Munger,10,0
Bihar,Muzaffarpur,24,0
Bihar,Nalanda,23,0
Bihar,Nawada,8,0
Bihar,Patna,117,0
Bihar,Purnia,2,0
Bihar,Rohtas,15,0
Bihar,Saharsa,10,0
Bihar,Samastipur,23,0
Bihar,Saran,21,0
Bihar,Sheikhpura,2,0
Bihar,Sheohar,2,0
Bihar,Sitamarhi,11,0
Bihar,Siwan,18,0
Bihar,Supaul,2,0
Bihar,Vaishali,13,0
Bihar,West Champaran,12,0
Chandigarh,Chandigarh,207,4
Chandigarh,Mohali,2,0
Chhattisgarh,Bastar,1,0
Chhattisgarh,Bilaspur,12,0
Chhattisgarh,Durg,12,0
Chhattisgarh,Janjgir-champa,3,0
Chhattisgarh,Jashpur,3,0
Chhattisgarh,Kawardha,1,0
Chhattisgarh,Korba,11,0
Chhattisgarh,Mahasamund,1,0
Chhattisgarh,Raigarh,11,0
Chhattisgarh,Raipur,33,0
Chhattisgarh,Rajnandgaon,3,0
Chhattisgarh,Surguja,2,0
Dadra and Nagar Haveli,Dadra and Nagar Haveli,18,0
Daman and Diu,Daman,4,0
Daman and Diu,Diu,1,0
Delhi,Central Delhi,159,22
Delhi,East Delhi,384,0
Delhi,North Delhi,70,2
Delhi,North East,101,0
Delhi,North West Delhi,2496,1
Delhi,South Delhi,689,0
Delhi,South West Delhi,482,9
Delhi,West Delhi,1184,145
Goa,Bardez,12,0
Goa,North Goa,1396,2
Goa,South Goa,1389,3
Gujarat,Ahmadabad,1542,0
Gujarat,Ahmedabad,0,3
Gujarat,Amreli,47,3
Gujarat,Anand,185,1
Gujarat,Banaskantha,82,5
Gujarat,Bharuch,273,0
Gujarat,Bhavnagar,48,0
Gujarat,Dahod,0,3
Gujarat,Dohad,64,1
Gujarat,Gandhinagar,298,3
Gujarat,Jamnagar,120,1
Gujarat,Junagadh,451,1
Gujarat,Kheda,34,0
Gujarat,Mahesana,205,6
Gujarat,Narmada,275,1
Gujarat,Navsari,4,0
Gujarat,Panchmahals,36,6
Gujarat,Patan,132,2
Gujarat,Porbandar,41,1
Gujarat,Rajkot,453,0
Gujarat,Sabarkantha,639,7
Gujarat,Surat,631,4
Gujarat,Surendra Nagar,5,0
Gujarat,Vadodara,189,1
Gujarat,Valsad,1,0
Haryana,Ambala,596,2
Haryana,Bhiwani,21,0
Haryana,Faridabad,149,0
Haryana,Fatehabad,2,0
Haryana,Gurgaon,134,4
Haryana,Hisar,27,0
Haryana,Jhajjar,19,0
Haryana,Jind,7,0
Haryana,Kaithal,1,0
Haryana,Karnal,23,7
Haryana,Kurukshetra,10,0
Haryana,Mahendragarh,18,0
Haryana,Panchkula,58,0
Haryana,Panipat,147,0
Haryana,Rewari,18,0
Haryana,Rohtak,21,0
Haryana,Sirsa,124,0
Haryana,Sonipat,17,0
Haryana,Yamuna Nagar,214,0
Himachal Pradesh,Bilaspur ,2,0
Himachal Pradesh,Chamba,16,3
Himachal Pradesh,Hamirpur,12,0
Himachal Pradesh,Kangra,39,8
Himachal Pradesh,Kinnaur,4,0
Himachal Pradesh,Kullu,15,0
Himachal Pradesh,Lahul and Spiti,1,0
Himachal Pradesh,Mandi,13,0
Himachal Pradesh,Shimla,422,9
Himachal Pradesh,Sirmaur,27,1
Himachal Pradesh,Solan,104,2
Himachal Pradesh,Una,24,0
Jammu and Kashmir,Anantnag,6,0
Jammu and Kashmir,Baramulla,2,0
Jammu and Kashmir,Jammu,22,0
Jammu and Kashmir,Kathua,3,0
Jammu and Kashmir,Kupwara,1,0
Jammu and Kashmir,Leh,1,0
Jammu and Kashmir,Srinagar,1,0
Jharkhand,Bokaro,127,8
Jharkhand,Chatra,4,0
Jharkhand,Deoghar,6,0
Jharkhand,Dhanbad,224,11
Jharkhand,Dumka,48,5
Jharkhand,East Singhbhum,29,0
Jharkhand,Garhwa,28,8
Jharkhand,Giridih,62,14
Jharkhand,Godda,2,1
Jharkhand,Gumla,177,6
Jharkhand,Hazaribag,0,26
Jharkhand,Hazaribagh,19,0
Jharkhand,Khunti,70,0
Jharkhand,Kodarma,10,0
Jharkhand,Koderma,0,5
Jharkhand,Latehar,2,0
Jharkhand,Lohardaga,5,1
Jharkhand,Pakaur,1,0
Jharkhand,Palamau,27,3
Jharkhand,Ramgarh,194,0
Jharkhand,Ranchi,126,1
Jharkhand,Sahebganj,1,1
Jharkhand,Seraikela-Kharsawan,6,0
Jharkhand,Simdega,2,0
Jharkhand,West Singhbhum,10,0
Karnataka,Bagalkot,22,0
Karnataka,Bangalore,1458,1
Karnataka,Bangalore Rural,6,7
Karnataka,Belgaum,105,0
Karnataka,Bellary,208,0
Karnataka,Bidar,45,0
Karnataka,Bijapur(KAR),218,0
Karnataka,Chamarajanagar,9,0
Karnataka,Chickmagalur,8,0
Karnataka,Chikkaballapur,5,0
Karnataka,Chitradurga,6,0
Karnataka,Dakshina Kannada,43,0
Karnataka,Davangere,19,0
Karnataka,Dharwad,55,0
Karnataka,Gadag,32,0
Karnataka,Gulbarga,136,0
Karnataka,Hassan,37,0
Karnataka,Haveri,10,0
Karnataka,Kodagu,14,0
Karnataka,Kolar,11,0
Karnataka,Koppal,27,0
Karnataka,Mandya,12,0
Karnataka,Mysore,60,0
Karnataka,Raichur,45,0
Karnataka,Ramanagar,4,0
Karnataka,Shimoga,29,0
Karnataka,Tumkur,70,0
Karnataka,Udupi,39,9
Karnataka,Uttara Kannada,36,0
Karnataka,Yadgir,32,0
Kerala,Alappuzha,4884,27
Kerala,Ernakulam,5944,35
Kerala,Idukki,1877,15
Kerala,Kannur,2138,6
Kerala,Kasargod,1064,3
Kerala,Kollam,8398,32
Kerala,Kottayam,985,62
Kerala,Kozhikode,3705,29
Kerala,Malappuram,3871,9
Kerala,Palakkad,9065,144
Kerala,Pathanamthitta,1892,9
Kerala,Thiruvananthapuram,5550,49
Kerala,Thrissur,6847,9
Kerala,Wayanad,1150,3
Lakshadweep,Lakshadweep,1300,6
Madhya Pradesh,Balaghat,19,0
Madhya Pradesh,Barwani,1,1
Madhya Pradesh,Betul,6,5
Madhya Pradesh,Bhind,9,2
Madhya Pradesh,Bhopal,892,11
Madhya Pradesh,Burhanpur,1,0
Madhya Pradesh,Chhatarpur,3,2
Madhya Pradesh,Chhindwara,126,0
Madhya Pradesh,Damoh,427,8
Madhya Pradesh,Datia,6,0
Madhya Pradesh,Dewas,19,0
Madhya Pradesh,Dhar,200,3
Madhya Pradesh,Guna,401,5
Madhya Pradesh,Gwalior,29,4
Madhya Pradesh,Hoshangabad,3,0
Madhya Pradesh,Indore,503,13
Madhya Pradesh,Jabalpur,36,2
Madhya Pradesh,Jhabua,1,0
Madhya Pradesh,Katni,49,0
Madhya Pradesh,Khandwa,9,1
Madhya Pradesh,Khargone,1,0
Madhya Pradesh,Mandsaur,11,3
Madhya Pradesh,Morena,10,0
Madhya Pradesh,Narsinghpur,20,0
Madhya Pradesh,Neemuch,7,10
Madhya Pradesh,Panna,100,1
Madhya Pradesh,Raisen,100,3
Madhya Pradesh,Rajgarh,2,1
Madhya Pradesh,Ratlam,115,7
Madhya Pradesh,Rewa,16,0
Madhya Pradesh,Sagar,177,12
Madhya Pradesh,Satna,261,0
Madhya Pradesh,Sehore,537,10
Madhya Pradesh,Seoni,32,0
Madhya Pradesh,Shahdol,2,0
Madhya Pradesh,Shajapur,8,3
Madhya Pradesh,Sheopur,1,0
Madhya Pradesh,Shivpuri,15,0
Madhya Pradesh,Sidhi,2,0
Madhya Pradesh,Tikamgarh,1,0
Madhya Pradesh,Ujjain,18,0
Madhya Pradesh,Umaria,1,0
Madhya Pradesh,Vidisha,22,1
Maharashtra,Ahmed Nagar,1080,2
Maharashtra,Akola,25,0
Maharashtra,Amravati,188,5
Maharashtra,Aurangabad,142,1
Maharashtra,Beed,166,0
Maharashtra,Bhandara,9,1
Maharashtra,Buldhana,14,6
Maharashtra,Chandrapur,92,0
Maharashtra,Dhule,82,3
Maharashtra,Gondiya,5,0
Maharashtra,Hingoli,28,0
Maharashtra,Jalgaon,169,4
Maharashtra,Jalna,10,1
Maharashtra,Kolhapur,163,1
Maharashtra,Latur,25,0
Maharashtra,Mumbai,2710,14
Maharashtra,Mumbai City,7,0
Maharashtra,Mumbai( Sub Urban ),285,0
Maharashtra,Nagpur,728,1
Maharashtra,Nanded,206,2
Maharashtra,Nandurbar,4,0
Maharashtra,Nashik,408,10
Maharashtra,Osmanabad,161,0
Maharashtra,Parbhani,21,0
Maharashtra,Pune,1550,4
Maharashtra,Raigarh(MH),111,2
Maharashtra,Ratnagiri,7533,125
Maharashtra,Sangli,152,7
Maharashtra,Satara,88,0
Maharashtra,Sindhudurg,12,0
Maharashtra,Solapur,142,2
Maharashtra,Thane,1457,17
Maharashtra,Wardha,16,0
Maharashtra,Washim,9,0
Maharashtra,Yavatmal,54,1
Manipur,Bishnupur,6,0
Manipur,Chandel,1,0
Manipur,Imphal East,1,0
Manipur,Imphal West,2,0
Manipur,Thoubal,1,0
Meghalaya,East Garo Hills,1,0
Meghalaya,East Khasi Hills,1,0
Mizoram,Aizawl,23,0
Mizoram,Lawngtlai,1,0
Mizoram,Lunglei,41,0
Mizoram,Mamit,1,0
Nagaland,Dimapur,1,0
Odisha,Anugul,34,0
Odisha,Baleswar,12,0
Odisha,Baudh,1,0
Odisha,Bhadrak,11,0
Odisha,Cuttack,97,19
Odisha,Dhenkanal,5,0
Odisha,Gajapati,1,0
Odisha,Ganjam,9,0
Odisha,Jagatsinghapur,2,0
Odisha,Jajapur,16,0
Odisha,Jharsuguda,4,0
Odisha,Kandhamal,0,1
Odisha,Kendrapara,10,0
Odisha,Kendujhar,7,0
Odisha,Khordha,41,0
Odisha,Koraput,3,0
Odisha,Mayurbhanj,3,0
Odisha,Nayagarh,3,0
Odisha,Puri,4,0
Odisha,Sambalpur,2,0
Odisha,Sonapur,1,0
Odisha,Sundergarh,99,0
Others,Others,308,80
Puducherry,Karaikal,1,0
Puducherry,Pondicherry,29,14
Punjab,Amritsar,35,1
Punjab,Barnala,6,0
Punjab,Bathinda,15,3
Punjab,Faridkot,2,0
Punjab,Fatehgarh Sahib,1,0
Punjab,Ferozepur,9,0
Punjab,Gurdaspur,23,0
Punjab,Hoshiarpur,11,0
Punjab,Jalandhar,60,1
Punjab,Kapurthala,4,0
Punjab,Ludhiana,109,2
Punjab,Mansa,1,0
Punjab,Moga,6,1
Punjab,Muktsar,6,0
Punjab,Nawanshahr,4,0
Punjab,Patiala,19,0
Punjab,Rupnagar,21,0
Punjab,SAS Nagar (Mohali),36,0
Punjab,Sangrur,6,0
Punjab,Tarn Taran,8,0
Rajasthan,Ajmer,75,0
Rajasthan,Alwar,1236,60
Rajasthan,Banswara,1,0
Rajasthan,Baran,2,0
Rajasthan,Barmer,8,24
Rajasthan,Bharatpur,16,0
Rajasthan,Bhilwara,90,3
Rajasthan,Bikaner,115,1
Rajasthan,Bundi,6,0
Rajasthan,Chittorgarh,134,1
Rajasthan,Churu,41,15
Rajasthan,Dausa,224,0
Rajasthan,Dungarpur,3,0
Rajasthan,Ganganagar,33,0
Rajasthan,Hanumangarh,4,0
Rajasthan,Jaipur,1099,247
Rajasthan,Jaisalmer,6,0
Rajasthan,Jalor,12,0
Rajasthan,Jhalawar,3,0
Rajasthan,Jhunjhunu,0,1
Rajasthan,Jhunjhunun,28,0
Rajasthan,Jodhpur,717,12
Rajasthan,Karauli,5,0
Rajasthan,Kota,92,0
Rajasthan,Nagaur,1935,34
Rajasthan,Pali,18,15
Rajasthan,Rajsamand,4,0
Rajasthan,Sawai Madhopur,19,7
Rajasthan,Sikar,512,193
Rajasthan,Sirohi,7,0
Rajasthan,Tonk,28,5
Rajasthan,Udaipur,301,0
Sikkim,East Sikkim,21,0
Sikkim,South Sikkim,1,0
Tamil Nadu,Ariyalur,14501,16
Tamil Nadu,Chennai,292,0
Tamil Nadu,Coimbatore,695,0
Tamil Nadu,Cuddalore,6337,51
Tamil Nadu,Dharmapuri,106,0
Tamil Nadu,Dindigul,11,0
Tamil Nadu,Erode,139,0
Tamil Nadu,Kanchipuram,114,0
Tamil Nadu,Kanyakumari,118,0
Tamil Nadu,Karur,7,0
Tamil Nadu,Madurai,138,0
Tamil Nadu,Nagapattinam,2,0
Tamil Nadu,Namakkal,18,0
Tamil Nadu,Nilgiris,7,0
Tamil Nadu,Perambalur,7798,3
Tamil Nadu,Pudukkottai,18163,20
Tamil Nadu,Ramanathapuram,8,0
Tamil Nadu,Salem,26,0
Tamil Nadu,Sivaganga,21,0
Tamil Nadu,Thanjavur,70,0
Tamil Nadu,Theni,5,0
Tamil Nadu,Thoothukkudi,15,0
Tamil Nadu,Tiruchirappalli,56,0
Tamil Nadu,Tirunelveli,21,0
Tamil Nadu,Tiruvallur,43,0
Tamil Nadu,Tiruvannamalai,15,0
Tamil Nadu,Tiruvarur,1,0
Tamil Nadu,Vellore,28,1
Tamil Nadu,Villupuram,6,0
Tamil Nadu,Virudhunagar,25,0
Tripura,Dhalai,17,114
Tripura,North Tripura,335,304
Tripura,South Tripura,4,0
Tripura,West Tripura,196,126
Uttar Pradesh,Agra,625,2
Uttar Pradesh,Aligarh,258,0
Uttar Pradesh,Allahabad,257,0
Uttar Pradesh,Ambedkar Nagar,14,0
Uttar Pradesh,Auraiya,8,1
Uttar Pradesh,Azamgarh,313,0
Uttar Pradesh,Baghpat,4,0
Uttar Pradesh,Bahraich,3,0
Uttar Pradesh,Ballia,190,0
Uttar Pradesh,Balrampur,5,0
Uttar Pradesh,Banda,4,0
Uttar Pradesh,Barabanki,17,0
Uttar Pradesh,Bareilly,87,0
Uttar Pradesh,Basti,9,0
Uttar Pradesh,Bijnor,12,0
Uttar Pradesh,Budaun,8,0
Uttar Pradesh,Bulandshahar,28,0
Uttar Pradesh,Chandauli,23,0
Uttar Pradesh,Chitrakoot,2,0
Uttar Pradesh,Deoria,28,0
Uttar Pradesh,Etah,23,0
Uttar Pradesh,Etawah,11,0
Uttar Pradesh,Faizabad,15,0
Uttar Pradesh,Farrukhabad,23,0
Uttar Pradesh,Fatehpur,7,0
Uttar Pradesh,Firozabad,19,0
Uttar Pradesh,Gautam Buddha Nagar,223,0
Uttar Pradesh,Ghaziabad,306,0
Uttar Pradesh,Ghazipur,155,0
Uttar Pradesh,Gonda,14,0
Uttar Pradesh,Gorakhpur,141,0
Uttar Pradesh,Hamirpur,7,0
Uttar Pradesh,Hardoi,10,0
Uttar Pradesh,Hathras,12,0
Uttar Pradesh,Jalaun,10,0
Uttar Pradesh,Jaunpur,22,0
Uttar Pradesh,Jhansi,878,0
Uttar Pradesh,Jyotiba Phule Nagar,5,0
Uttar Pradesh,Kannauj,6,0
Uttar Pradesh,Kanpur Dehat,6,0
Uttar Pradesh,Kanpur Nagar,195,1
Uttar Pradesh,Kaushambi,6,0
Uttar Pradesh,Kheri,276,0
Uttar Pradesh,Kushinagar,16,0
Uttar Pradesh,Lalitpur,2,0
Uttar Pradesh,Lucknow,745,0
Uttar Pradesh,Mahoba,9,0
Uttar Pradesh,Mahrajganj,3,0
Uttar Pradesh,Mainpuri,20,0
Uttar Pradesh,Mathura,298,0
Uttar Pradesh,Mau,19,0
Uttar Pradesh,Meerut,110,1
Uttar Pradesh,Mirzapur,68,0
Uttar Pradesh,Moradabad,97,0
Uttar Pradesh,Muzaffarnagar,250,0
Uttar Pradesh,Pilibhit,4,0
Uttar Pradesh,Pratapgarh,27,0
Uttar Pradesh,Raebareli,25,0
Uttar Pradesh,Rampur,6,0
Uttar Pradesh,Saharanpur,15,0
Uttar Pradesh,Sant Kabir Nagar,6,0
Uttar Pradesh,Sant Ravidas Nagar Bhadohi,9,0
Uttar Pradesh,Shahjahanpur,12,0
Uttar Pradesh,Shrawasti,2,0
Uttar Pradesh,Siddharthnagar,5,0
Uttar Pradesh,Sitapur,117,0
Uttar Pradesh,Sonbhadra,8,0
Uttar Pradesh,Sultanpur,96,0
Uttar Pradesh,Unnao,14,1
Uttar Pradesh,Varanasi,199,0
Uttarakhand,Almora,14,0
Uttarakhand,Bageshwar,2,0
Uttarakhand,Chamoli,8,0
Uttarakhand,Champawat,3,0
Uttarakhand,Dehradun,1411,0
Uttarakhand,Garhwal,18,0
Uttarakhand,Hardwar,18,0
Uttarakhand,Nainital,36,0
Uttarakhand,Pithoragarh,5,0
Uttarakhand,Rudraprayag,2,0
Uttarakhand,Tehri Garhwal,18,0
Uttarakhand,Udham Singh Nagar,3,0
Uttarakhand,Uttarkashi,6,0
West Bengal,Bankura,28,0
West Bengal,Barddhaman,256,0
West Bengal,Birbhum,27,0
West Bengal,Cooch Behar,3,0
West Bengal,Dakshin Dinajpur,3,0
West Bengal,Darjeeling,174,0
West Bengal,East Midnapore,19,0
West Bengal,Hooghly,145,0
West Bengal,Howrah,3903,69
West Bengal,Jalpaiguri,263,0
West Bengal,Kolkata,2987,34
West Bengal,Malda,17,0
West Bengal,Medinipur,6,0
West Bengal,Murshidabad,12,0
West Bengal,Nadia,37,0
West Bengal,North 24 Parganas,70,0
West Bengal,North Dinajpur,2,0
West Bengal,Purulia,6,0
West Bengal,South Twenty Four Parganas,61,1
West Bengal,West Midnapore,72,0
