State,District,Aadhaar generated,Enrolment Rejected
Andhra Pradesh,Adilabad,6,7
Andhra Pradesh,Anantapur,0,34
Andhra Pradesh,Chittoor,0,21
Andhra Pradesh,Cuddapah,0,5
Andhra Pradesh,East Godavari,9,23
Andhra Pradesh,Guntur,1,16
Andhra Pradesh,Hyderabad,0,25
Andhra Pradesh,K.V.Rangareddy,1,14
Andhra Pradesh,Khammam,0,2
Andhra Pradesh,Krishna,0,7
Andhra Pradesh,Mahbubnagar,0,2
Andhra Pradesh,Medak,0,3
Andhra Pradesh,Nalgonda,0,3
Andhra Pradesh,Nellore,0,5
Andhra Pradesh,Nizamabad,0,2
Andhra Pradesh,Prakasam,1,6
Andhra Pradesh,Srikakulam,6,5
Andhra Pradesh,Visakhapatnam,0,6
Andhra Pradesh,Vizianagaram,83,12
Andhra Pradesh,Warangal,2,0
Andhra Pradesh,West Godavari,1,3
Bihar,Madhepura,0,2
Chandigarh,Chandigarh,4,3
Delhi,Central Delhi,1,3
Delhi,East Delhi,0,2
Delhi,North Delhi,0,1
Delhi,North West Delhi,0,3
Delhi,South West Delhi,3,4
Delhi,West Delhi,5,25
Goa,Bardez,1,0
Goa,North Goa,9,1
Goa,South Goa,17,0
Gujarat,Amreli,1,0
Gujarat,Banaskantha,1,9
Gujarat,Bharuch,2,0
Gujarat,Bhavnagar,1,0
Gujarat,Dahod,0,2
Gujarat,Jamnagar,0,5
Gujarat,Narmada,4,1
Gujarat,Panchmahals,4,1
Gujarat,Rajkot,1,1
Gujarat,Surat,24,0
Haryana,Ambala,0,2
Haryana,Bhiwani,1,0
Haryana,Gurgaon,2,0
Haryana,Karnal,0,1
Haryana,Panipat,0,1
Himachal Pradesh,Chamba,5,6
Himachal Pradesh,Kangra,9,22
Himachal Pradesh,Shimla,10,1
Himachal Pradesh,Solan,17,0
Jharkhand,Bokaro,0,10
Jharkhand,Deoghar,0,1
Jharkhand,Dhanbad,5,4
Jharkhand,Dumka,1,2
Jharkhand,Garhwa,1,7
Jharkhand,Giridih,21,0
Jharkhand,Godda,0,2
Jharkhand,Gumla,3,2
Jharkhand,Hazaribag,0,2
Jharkhand,Hazaribagh,0,1
Jharkhand,Koderma,0,2
Jharkhand,Lohardaga,1,1
Jharkhand,Palamau,6,4
Jharkhand,Ranchi,3,5
Jharkhand,Simdega,1,0
Karnataka,Bagalkot,0,1
Karnataka,Bangalore,2,4
Karnataka,Bellary,0,1
Karnataka,Bidar,0,5
Karnataka,Chitradurga,1,0
Karnataka,Dakshina Kannada,1,0
Karnataka,Koppal,0,1
Karnataka,Mandya,0,1
Karnataka,Mysore,0,5
Karnataka,Ramanagar,7,0
Karnataka,Tumkur,0,11
Karnataka,Udupi,0,1
Karnataka,Uttara Kannada,0,2
Karnataka,Yadgir,0,1
Kerala,Alappuzha,1324,5
Kerala,Ernakulam,2024,2
Kerala,Idukki,266,0
Kerala,Kannur,869,27
Kerala,Kasargod,657,9
Kerala,Kollam,1792,4
Kerala,Kottayam,380,2
Kerala,Kozhikode,2025,10
Kerala,Malappuram,348,3
Kerala,Palakkad,913,4
Kerala,Pathanamthitta,1490,3
Kerala,Thiruvananthapuram,448,5
Kerala,Thrissur,281,2
Kerala,Wayanad,558,3
Lakshadweep,Lakshadweep,4,0
Madhya Pradesh,Balaghat,1,0
Madhya Pradesh,Barwani,0,2
Madhya Pradesh,Betul,2,1
Madhya Pradesh,Bhind,8,2
Madhya Pradesh,Bhopal,54,1
Madhya Pradesh,Chhatarpur,3,0
Madhya Pradesh,Damoh,3,0
Madhya Pradesh,Dewas,0,2
Madhya Pradesh,Dhar,1,0
Madhya Pradesh,Guna,3,0
Madhya Pradesh,Gwalior,0,4
Madhya Pradesh,Harda,0,2
Madhya Pradesh,Hoshangabad,0,2
Madhya Pradesh,Indore,5,5
Madhya Pradesh,Jabalpur,1,7
Madhya Pradesh,Katni,1,1
Madhya Pradesh,Khargone,0,3
Madhya Pradesh,Mandla,1,0
Madhya Pradesh,Mandsaur,1,2
Madhya Pradesh,Narsinghpur,0,3
Madhya Pradesh,Neemuch,1,4
Madhya Pradesh,Raisen,5,1
Madhya Pradesh,Rajgarh,1,6
Madhya Pradesh,Ratlam,1,4
Madhya Pradesh,Sagar,0,1
Madhya Pradesh,Sehore,1,0
Madhya Pradesh,Shahdol,2,0
Madhya Pradesh,Shivpuri,0,1
Madhya Pradesh,Vidisha,0,5
Maharashtra,Ahmed Nagar,1,1
Maharashtra,Akola,7,2
Maharashtra,Amravati,60,5
Maharashtra,Aurangabad,0,5
Maharashtra,Bhandara,2,1
Maharashtra,Buldhana,119,5
Maharashtra,Dhule,1,7
Maharashtra,Gadchiroli,0,3
Maharashtra,Gondiya,0,1
Maharashtra,Jalgaon,51,3
Maharashtra,Jalna,0,9
Maharashtra,Kolhapur,1,2
Maharashtra,Latur,0,6
Maharashtra,Mumbai,12,15
Maharashtra,Mumbai City,1,0
Maharashtra,Nagpur,71,3
Maharashtra,Nanded,88,7
Maharashtra,Nashik,25,4
Maharashtra,Parbhani,1,2
Maharashtra,Pune,31,4
Maharashtra,Raigarh(MH),0,1
Maharashtra,Ratnagiri,293,10
Maharashtra,Sangli,15,0
Maharashtra,Satara,0,3
Maharashtra,Solapur,6,3
Maharashtra,Thane,31,7
Maharashtra,Wardha,0,3
Maharashtra,Washim,0,1
Maharashtra,Yavatmal,0,4
Manipur,Bishnupur,2,0
Odisha,Bhadrak,0,4
Odisha,Cuttack,1,0
Odisha,Kendrapara,0,2
Odisha,Khordha,0,2
Odisha,Nayagarh,0,1
Odisha,Rayagada,0,1
Others,Others,15,1
Puducherry,Pondicherry,18,2
Punjab,Amritsar,0,3
Punjab,Bathinda,0,1
Punjab,Fatehgarh Sahib,2,1
Punjab,Fazilka,4,0
Punjab,Ferozepur,0,1
Punjab,Gurdaspur,1,2
Punjab,Jalandhar,0,2
Punjab,Ludhiana,0,4
Punjab,Rupnagar,0,1
Punjab,Tarn Taran,0,4
Rajasthan,Alwar,42,3
Rajasthan,Baran,0,1
Rajasthan,Bhilwara,1,2
Rajasthan,Chittorgarh,0,1
Rajasthan,Churu,1,1
Rajasthan,Dausa,0,1
Rajasthan,Jaipur,13,9
Rajasthan,Jalor,1,0
Rajasthan,Jodhpur,0,2
Rajasthan,Kota,0,14
Rajasthan,Nagaur,51,5
Rajasthan,Pali,2,0
Rajasthan,Sawai Madhopur,1,1
Rajasthan,Sikar,4,15
Rajasthan,Sirohi,1,2
Rajasthan,Tonk,4,0
Sikkim,South Sikkim,0,1
Tamil Nadu,Ariyalur,3051,6
Tamil Nadu,Cuddalore,4799,20
Tamil Nadu,Madurai,0,1
Tamil Nadu,Nagapattinam,1,0
Tamil Nadu,Pudukkottai,0,28
Tamil Nadu,Thanjavur,0,1
Tamil Nadu,Tiruchirappalli,0,2
Tamil Nadu,Tiruvallur,0,1
Tripura,West Tripura,0,1
Uttar Pradesh,Agra,0,3
Uttar Pradesh,Firozabad,0,6
Uttar Pradesh,Ghazipur,0,1
Uttar Pradesh,Hathras,0,1
Uttar Pradesh,Kanpur Nagar,0,1
Uttar Pradesh,Kushinagar,0,1
Uttar Pradesh,Lucknow,0,4
Uttar Pradesh,Mathura,0,2
Uttar Pradesh,Muzaffarnagar,0,1
Uttar Pradesh,Raebareli,0,1
Uttar Pradesh,Sant Ravidas Nagar,0,1
Uttar Pradesh,Unnao,0,2
West Bengal,Howrah,1849,0
West Bengal,Jalpaiguri,4,0
West Bengal,Kolkata,58,7
