Gender,Age Band,Aadhaar generated,Enrolment Rejected
F,0 to 5 Years,24846,0
F,16 to 30 Years,131894,0
F,31 to 45 Years,114960,0
F,46 to 65 Years,81874,0
F,6 to 15 Years,74081,0
F,66 Years and Above,19315,0
F,Others,0,1
M,0 to 5 Years,27162,0
M,16 to 30 Years,150011,0
M,31 to 45 Years,111807,0
M,46 to 65 Years,84631,0
M,6 to 15 Years,85525,0
M,66 Years and Above,21512,0
M,Others,0,1
T,0 to 5 Years,5,0
T,16 to 30 Years,22,0
T,31 to 45 Years,21,0
T,46 to 65 Years,17,0
T,6 to 15 Years,9,0
T,66 Years and Above,5,0
