Gender,Age Band,Aadhaar generated,Enrolment Rejected
F,0 to 5 Years,7459,0
F,16 to 30 Years,137878,0
F,31 to 45 Years,123852,0
F,46 to 65 Years,89482,0
F,6 to 15 Years,78590,0
F,66 Years and Above,19744,0
M,0 to 5 Years,8553,0
M,16 to 30 Years,165320,0
M,31 to 45 Years,124727,0
M,46 to 65 Years,96572,0
M,6 to 15 Years,92284,0
M,66 Years and Above,23318,0
M,Others,1,0
T,0 to 5 Years,1,0
T,16 to 30 Years,56,0
T,31 to 45 Years,34,0
T,46 to 65 Years,25,0
T,6 to 15 Years,32,0
T,66 Years and Above,7,0
