Gender,Age Band,Aadhaar generated,Enrolment Rejected
F,0 to 5 Years,11049,1961
F,16 to 30 Years,143529,20150
F,31 to 45 Years,118049,17550
F,46 to 65 Years,87593,13636
F,6 to 15 Years,94851,14843
F,66 Years and Above,20093,3301
M,0 to 5 Years,11578,2084
M,16 to 30 Years,124843,18277
M,31 to 45 Years,93394,12399
M,46 to 65 Years,73386,10459
M,6 to 15 Years,85585,14277
M,66 Years and Above,16696,2867
T,0 to 5 Years,3,1
T,16 to 30 Years,14,4
T,31 to 45 Years,7,4
T,46 to 65 Years,7,4
T,6 to 15 Years,8,1
T,66 Years and Above,1,1
