Gender,Age Band,Aadhaar generated,Enrolment Rejected
F,0 to 5 Years,10450,2631
F,16 to 30 Years,135687,50467
F,31 to 45 Years,112156,43465
F,46 to 65 Years,82215,31805
F,6 to 15 Years,91181,37339
F,66 Years and Above,18622,7719
M,0 to 5 Years,12419,2894
M,16 to 30 Years,156909,45617
M,31 to 45 Years,115563,37672
M,46 to 65 Years,89998,32094
M,6 to 15 Years,106371,37006
M,66 Years and Above,20277,8776
T,0 to 5 Years,2,1
T,16 to 30 Years,30,15
T,31 to 45 Years,17,18
T,46 to 65 Years,20,6
T,6 to 15 Years,21,16
T,66 Years and Above,8,0
