Gender,Age Band,Aadhaar generated,Enrolment Rejected
F,0 to 5 Years,7084,2062
F,16 to 30 Years,108576,22452
F,31 to 45 Years,92143,19723
F,46 to 65 Years,69236,15060
F,6 to 15 Years,70575,16240
F,66 Years and Above,14863,3920
M,0 to 5 Years,7901,2365
M,16 to 30 Years,121269,21809
M,31 to 45 Years,93253,17350
M,46 to 65 Years,74135,14688
M,6 to 15 Years,79111,19118
M,66 Years and Above,16186,4534
T,0 to 5 Years,1,0
T,16 to 30 Years,11,6
T,31 to 45 Years,11,8
T,46 to 65 Years,12,3
T,6 to 15 Years,12,2
T,66 Years and Above,2,3
