Gender,Age Band,Aadhaar generated,Enrolment Rejected
F,0 to 5 Years,10738,26889
F,16 to 30 Years,124531,155243
F,31 to 45 Years,99144,131498
F,46 to 65 Years,74746,98415
F,6 to 15 Years,83319,109957
F,66 Years and Above,19784,25420
F,Others,29,13
M,0 to 5 Years,12660,24144
M,16 to 30 Years,125378,175719
M,31 to 45 Years,96490,138217
M,46 to 65 Years,76276,110200
M,6 to 15 Years,87764,110055
M,66 Years and Above,19981,28074
M,Others,35,24
T,0 to 5 Years,0,83
T,16 to 30 Years,10,630
T,31 to 45 Years,9,490
T,46 to 65 Years,7,386
T,6 to 15 Years,7,363
T,66 Years and Above,3,92
