Gender,Age Band,Aadhaar generated,Enrolment Rejected
F,0 to 5 Years,8151,728
F,16 to 30 Years,124400,24454
F,31 to 45 Years,106838,25221
F,46 to 65 Years,78635,21020
F,6 to 15 Years,77367,16010
F,66 Years and Above,17924,4860
F,Others,0,1
M,0 to 5 Years,9551,953
M,16 to 30 Years,134183,24719
M,31 to 45 Years,106208,21393
M,46 to 65 Years,83761,19718
M,6 to 15 Years,86652,17832
M,66 Years and Above,19217,5579
T,0 to 5 Years,5,0
T,16 to 30 Years,20,18
T,31 to 45 Years,13,12
T,46 to 65 Years,11,7
T,6 to 15 Years,14,5
T,66 Years and Above,4,3
