Gender,Age Band,Aadhaar generated,Enrolment Rejected
F,0 to 5 Years,17692,1367
F,16 to 30 Years,222414,11220
F,31 to 45 Years,189641,8786
F,46 to 65 Years,143040,7050
F,6 to 15 Years,143028,8896
F,66 Years and Above,36367,2334
M,0 to 5 Years,19910,1493
M,16 to 30 Years,243825,12116
M,31 to 45 Years,191913,9789
M,46 to 65 Years,154820,8614
M,6 to 15 Years,159317,11343
M,66 Years and Above,40506,3024
M,Others,0,1
T,0 to 5 Years,3,0
T,16 to 30 Years,30,7
T,31 to 45 Years,27,10
T,46 to 65 Years,15,10
T,6 to 15 Years,22,5
T,66 Years and Above,14,2
