Gender,Age Band,Aadhaar generated,Enrolment Rejected
F,0 to 5 Years,24100,4053
F,16 to 30 Years,184569,29442
F,31 to 45 Years,149711,21878
F,46 to 65 Years,109618,17286
F,6 to 15 Years,110194,18022
F,66 Years and Above,27988,4698
F,Others,0,1
M,0 to 5 Years,28658,4782
M,16 to 30 Years,272766,30149
M,31 to 45 Years,203031,21795
M,46 to 65 Years,153595,17585
M,6 to 15 Years,174100,20908
M,66 Years and Above,39958,5141
T,0 to 5 Years,2,0
T,16 to 30 Years,8,4
T,31 to 45 Years,10,2
T,46 to 65 Years,5,2
T,6 to 15 Years,5,1
T,66 Years and Above,1,0
