Gender,Age Band,Aadhaar generated,Enrolment Rejected
F,0 to 5 Years,19002,2840
F,16 to 30 Years,176898,7461
F,31 to 45 Years,146731,5217
F,46 to 65 Years,110184,3537
F,6 to 15 Years,118087,5242
F,66 Years and Above,27850,843
F,Others,0,1
M,0 to 5 Years,27095,4077
M,16 to 30 Years,283676,8584
M,31 to 45 Years,209537,6000
M,46 to 65 Years,159285,4726
M,6 to 15 Years,186725,7478
M,66 Years and Above,39043,1124
M,Others,0,3
T,0 to 5 Years,1,0
T,16 to 30 Years,36,0
T,31 to 45 Years,27,1
T,46 to 65 Years,15,2
T,6 to 15 Years,19,1
T,66 Years and Above,1,0
