Gender,Age Band,Aadhaar generated,Enrolment Rejected
F,0 to 5 Years,18290,1203
F,16 to 30 Years,156918,5397
F,31 to 45 Years,127713,3828
F,46 to 65 Years,96536,2982
F,6 to 15 Years,107078,3285
F,66 Years and Above,24632,962
M,0 to 5 Years,22125,1545
M,16 to 30 Years,171679,6039
M,31 to 45 Years,129208,4605
M,46 to 65 Years,98119,3680
M,6 to 15 Years,115797,4605
M,66 Years and Above,24312,1230
T,0 to 5 Years,2,0
T,16 to 30 Years,21,1
T,31 to 45 Years,20,1
T,46 to 65 Years,16,1
T,6 to 15 Years,14,0
T,66 Years and Above,4,1
