Gender,Age Band,Aadhaar generated,Enrolment Rejected
F,0 to 5 Years,18886,4012
F,16 to 30 Years,103369,33556
F,31 to 45 Years,81896,22180
F,46 to 65 Years,61303,16126
F,6 to 15 Years,62458,19701
F,66 Years and Above,15803,3777
F,Others,0,2
M,0 to 5 Years,24608,5850
M,16 to 30 Years,191854,43216
M,31 to 45 Years,139994,27964
M,46 to 65 Years,104519,21078
M,6 to 15 Years,122742,25585
M,66 Years and Above,26163,4918
M,Others,0,2
T,16 to 30 Years,6,13
T,31 to 45 Years,8,10
T,46 to 65 Years,5,9
T,6 to 15 Years,0,7
T,66 Years and Above,2,0
