Registrar,Enrolment Agency,Aadhaar generated,Enrolment Rejected
Allahabad Bank,IL&FS LTD,62,0
Allahabad Bank,Tera Software Ltd,582,1
Allahabad Bank,Vakrangee Softwares Limited,5625,54
Bank Of India,A3 Logics  India  Ltd,14799,49
Bank Of India,Akanksha International,100,0
Bank Of India,CHESSY CONSULTANTS PVT LTD,2355,2
Bank Of India,DATASOFT COMPUTER SERVICES(P),1780,7
Bank Of India,Frontech Systems Pvt Ltd,3840,11
Bank Of India,ITI LIMITED,4738,6
Bank Of India,Integra Micro Systems Pvt.ltd,17,0
Bank Of India,MANTRA SOFTTECH (INDIA) PVTLTD,8993,68
Bank Of India,Matrix Processing House,1222,18
Bank Of India,OPTIMIX CONSULTANCY PRIVATE LT,41,0
Bank Of India,OSWAL COMPUTERS & CONSULTANTS,21980,160
Bank Of India,PROTEX COMPUTER PVT LTD,2033,17
Bank Of India,SARADA SYSTEMS,1015,0
Bank Of India,SHRIKRISHNA KHANDASARI SUGAR M,7044,46
Bank Of India,SPANCO,6618,13
Bank Of India,SREI INFRASTRUCTURE FINANCES L,179,0
Bank Of India,Silver Touch Technologies Ltd,3633,51
Bank Of India,Systematic & Advance Const P L,4457,33
Bank Of India,VEETECHNOLOGIES PVT. LTD,2858,2
Bank Of India,Vakrangee Softwares Limited,35788,428
Bank of Baroda,DATASOFT COMPUTER SERVICES(P),205,0
Bank of Baroda,IL&FS LTD,465,0
Bank of Baroda,TEAM LIFE CARE COMPANY INDIA P,293,0
Bank of Maharashtra,Alankit Assignments Limited,102,0
Bank of Maharashtra,Bartronics India Limited,1,0
Canara Bank,ITI LIMITED,7,0
Canara Bank,Rosmerta technoliges Limited,70,0
Canara Bank,Smart Chip Limited,34,0
Canara Bank,Swiss Tech India Pvt Ltd,55,0
Central Bank of India,CALANCE SOFTWARE PRIVATE LTD,8601,45
Central Bank of India,Frontech Systems Pvt Ltd,81,0
Central Bank of India,GSS Infotech Ltd,109,0
Central Bank of India,IAP COMPANY Pvt. Ltd,10589,25
Central Bank of India,IL&FS LTD,499,0
Central Bank of India,MANTRA SOFTTECH (INDIA) PVTLTD,1951,3
Central Bank of India,SREI INFRASTRUCTURE FINANCES L,656,0
Central Bank of India,Smart ID,4,0
Central Bank of India,Tera Software Ltd,8,0
Central Bank of India,The Peerless General Finance,1521,8
Civil Supplies - A&N Islands,India Computer Technology,68,0
DENA BANK,DATASOFT COMPUTER SERVICES(P),36,11
Delhi - Central DC,Smart Chip Limited,568,0
Delhi - East DC,DATASOFT COMPUTER SERVICES(P),185,0
Delhi - East DC,Tera Software Ltd,288,0
Delhi - ND DC,Smart Chip Limited,151,0
Delhi - NE DC,Alankit Assignments Limited,1103,0
Delhi - NE DC,Smart ID,55,0
Delhi - North DC,DATASOFT COMPUTER SERVICES(P),176,0
Delhi - North DC,Smart Chip Limited,824,0
Delhi SW DC,STRATEGIC OUTSOURCING SERVICE,757,0
Delhi SW DC,VIRGO SOFTECH LIMITED,54,0
Delhi Urban Shelter Improvemen,Alankit Assignments Limited,85,0
Delhi Urban Shelter Improvemen,Matrix Processing House,9,0
Delhi Urban Shelter Improvemen,STRATEGIC OUTSOURCING SERVICE,253,0
Delhi Urban Shelter Improvemen,Smart Chip Limited,71,0
Delhi Urban Shelter Improvemen,Tera Software Ltd,332,0
Delhi- South DC,Karvy Computershare Private Li,120,0
Delhi- South DC,Smart Chip Limited,61,0
Delhi- South DC,Tera Software Ltd,281,0
Delhi- South DC,eCentric solutions pvt ltd,148,0
Delhi- West DC,Matrix Processing House,206,0
Delhi- West DC,Smart Chip Limited,322,0
Delhi- West DC,VIRGO SOFTECH LIMITED,184,0
Delhi-NW DC,Karvy Computershare Private Li,157,28
Delhi-NW DC,STRATEGIC OUTSOURCING SERVICE,464,0
Dept of ITC Govt of Rajasthan,ATISHAY INFOTECH PVT. LTD.,17843,68
Dept of ITC Govt of Rajasthan,Alankit Finsec Ltd,8143,6
Dept of ITC Govt of Rajasthan,DATASOFT COMPUTER SERVICES(P),7490,72
Dept of ITC Govt of Rajasthan,GSS Infotech Ltd,29,0
Dept of ITC Govt of Rajasthan,TechSmart India Pvt Ltd,61,0
Dept of ITC Govt of Rajasthan,Transline Technologies P Ltd,4669,11
Dept of ITC Govt of Rajasthan,Vakrangee Softwares Limited,18343,1741
Dept of ITC Govt of Rajasthan,Vayam technologies Ltd,243,20
FCR Govt of Haryana,Vakrangee Softwares Limited,7693,30
FCS Govt of Punjab,Alankit Assignments Limited,1298,0
FCS Govt of Punjab,Alankit Finsec Ltd,1004,0
FCS Govt of Punjab,Alankit Life Care Ltd,369,0
FCS Govt of Punjab,CSS TECHNERGY LIMITED,2281,4
FCS Govt of Punjab,Delhi Integrated MMTS Ltd,625,0
FCS Govt of Punjab,Diwakar Commercials Pvt Ltd,1159,0
FCS Govt of Punjab,Karvy Computershare Private Li,11900,45
FCS Govt of Punjab,VIRGO SOFTECH LIMITED,899,0
FCS Govt of Punjab,VISESH INFOTECNICS LIMITED,170,0
FCS Govt of Punjab,Vayam technologies Ltd,3373,29
FCS Govt of Punjab,eCentric solutions pvt ltd,13236,25
Govt of Andhra Pradesh,Gouthami Educational Society,5300,2
Govt of Andhra Pradesh,GrapeSoft,1543,0
Govt of Andhra Pradesh,IL&FS LTD,1742,0
Govt of Andhra Pradesh,INFRONICS SYSTEMS LTD,13456,6
Govt of Andhra Pradesh,Madras Security Printers Ltd,3037,0
Govt of Andhra Pradesh,Mahaonline Limited,3,0
Govt of Andhra Pradesh,SREEVEN INFOCOM LIMITED,2108,2
Govt of Andhra Pradesh,Smart Chip Limited,1260,0
Govt of Andhra Pradesh,TechSmart India Pvt Ltd,4382,0
Govt of Andhra Pradesh,Tera Software Ltd,6680,0
Govt of Andhra Pradesh,eCentric solutions pvt ltd,3254,0
Govt of Goa,COMAT TECHNOLOGIES P LTD,102,1
Govt of Goa,MARS Telecom Systems Pvt Ltd,1817,5
Govt of Goa,Tera Software Ltd,116,2
Govt of Gujarat,GSS Infotech Ltd,8497,41
Govt of Gujarat,Karvy Computershare Private Li,7418,33
Govt of Gujarat,Silver Touch Technologies Ltd,10020,27
Govt of Gujarat,Tera Software Ltd,3108,2
Govt of Gujarat,Transline Technologies P Ltd,2191,2
Govt of Gujarat,Vayam technologies Ltd,5928,10
Govt of Gujarat,eCentric solutions pvt ltd,1527,0
Govt of Himachal Pradesh,IL&FS LTD,781,0
Govt of Himachal Pradesh,Wipro Ltd,13134,33
Govt of Himachal Pradesh,i-Grandee SoftwareTechnologies,7522,8
Govt of Karnataka ,COMAT TECHNOLOGIES P LTD,1432,5
Govt of Karnataka ,GLODYNE TECHNOSERVE,2527,0
Govt of Karnataka ,Integra Micro Systems Pvt.ltd,531,0
Govt of Karnataka ,MARS Telecom Systems Pvt Ltd,2,1
Govt of Karnataka ,Ninestars Information Technologies Limited,1010,1
Govt of Karnataka ,Origin ITFS Pvt Ltd,1014,12
Govt of Karnataka ,SREEVEN INFOCOM LIMITED,821,0
Govt of Karnataka ,Tera Software Ltd,1289,0
Govt of Karnataka ,Wipro Ltd,1108,1
Govt of Kerala,Akshaya,70666,41
Govt of Kerala,Keltron,34519,5
Govt of Madhya Pradesh,Tera Software Ltd,2,0
Govt of Madhya Pradesh,VIRGO SOFTECH LIMITED,4178,3
Govt of Maharashtra,Alankit Assignments Limited,1014,0
Govt of Maharashtra,Alankit Finsec Ltd,6885,7
Govt of Maharashtra,COMAT TECHNOLOGIES P LTD,197,0
Govt of Maharashtra,Eagle press pvt ltd,1596,1
Govt of Maharashtra,GLODYNE TECHNOSERVE,1925,2
Govt of Maharashtra,GSS Infotech Ltd,502,0
Govt of Maharashtra,Karvy Computershare Private Li,16874,45
Govt of Maharashtra,Mahaonline Limited,2051,0
Govt of Maharashtra,SPANCO,164,0
Govt of Maharashtra,STRATEGIC OUTSOURCING SERVICE,9017,7
Govt of Maharashtra,Silver Touch Technologies Ltd,8365,3
Govt of Maharashtra,Smart Chip Limited,498,0
Govt of Maharashtra,TEAM LIFE CARE COMPANY INDIA P,681,0
Govt of Maharashtra,TechSmart India Pvt Ltd,3182,5
Govt of Maharashtra,Tera Software Ltd,4240,15
Govt of Maharashtra,Transline Technologies P Ltd,6318,96
Govt of Maharashtra,Wep Solution India Limited,1011,0
Govt of Maharashtra,Wipro Ltd,36217,49
Govt of Sikkim - Dept of Econo,4G IDENTITY SOLUTIONS,207,0
Govt of Sikkim - Dept of Econo,Department of Economics Statistics  Monitoring and Evaluation DESME,134,0
IDBI Bank ltd,ATISHAY INFOTECH PVT. LTD.,3177,9
IDBI Bank ltd,Matrix Processing House,12,0
IDBI Bank ltd,Pioneer E Labs limited,202,0
IDBI Bank ltd,SREEVEN INFOCOM LIMITED,1735,2
IDBI Bank ltd,UTI TECHNOLOGY SERVICES LIMITE,237,0
IGNOU,VIRGO SOFTECH LIMITED,17,0
IGNOU,Vakrangee Softwares Limited,43,0
Indian Bank,GSS Infotech Ltd,14,0
Indian Bank,i-Grandee SoftwareTechnologies,14,0
Indian Overseas Bank,Eagle Software India Pvt. Ltd,41,0
Indian Overseas Bank,Karvy Computershare Private Li,9,0
Indian Overseas Bank,Wipro Ltd,1,0
Indiapost,4G IDENTITY SOLUTIONS,632,0
Indiapost,COMAT TECHNOLOGIES P LTD,216,0
Indiapost,CSS TECHNERGY LIMITED,8,0
Indiapost,Delhi Integrated MMTS Ltd,6956,10
Indiapost,Eagle press pvt ltd,19,0
Indiapost,GLODYNE TECHNOSERVE,424,1
Indiapost,GSS Infotech Ltd,23,0
Indiapost,IL&FS LTD,1006,0
Indiapost,Madras Security Printers Ltd,68,0
Indiapost,Smart Chip Limited,176,1
Indiapost,TEAM LIFE CARE COMPANY INDIA P,8718,11
Indiapost,Tera Software Ltd,1,0
Indiapost,The NSIC ltd,203,0
Indiapost,The Peerless General Finance,73,0
Indiapost,UTI TECHNOLOGY SERVICES LIMITE,301,0
Indiapost,WEBEL,90,0
Indiapost,eCentric solutions pvt ltd,268,0
Information Technology & Communication Department,4G INFORMATICS,35,5
Information Technology & Communication Department,BNR UDYOG LIMITED,2,0
Information Technology & Communication Department,Bloom Solutions Pvt Ltd,7,1
Information Technology & Communication Department,CSS TECHNERGY LIMITED,1,0
Information Technology & Communication Department,SREEVEN INFOCOM LIMITED,22,1
Jammu and Kashmir Bank,COMTECH INSTITUTE OFTECHNOLOGY,1,0
Jharkhand,Alankit Assignments Limited,2231,6
Jharkhand,Blue Circle Instrument,862,0
Jharkhand,Emdee Digitronics Pvt.Ltd.,102,2
Jharkhand,IL&FS LTD,144,0
Jharkhand,MKS Enterprises,5274,2
Jharkhand,Nevaeh Technology Pvt. Ltd.,1616,3
Jharkhand,STRATEGIC OUTSOURCING SERVICE,6377,37
Jharkhand,Smart ID,65,0
Jharkhand,Systematic & Advance Const P L,4953,3
Jharkhand,VISION COMPTECH INTEGRATOR LTD,3941,35
Jharkhand,Wipro Ltd,12391,66
Life Insurance Corporation,ATISHAY INFOTECH PVT. LTD.,50,0
Life Insurance Corporation,COMAT TECHNOLOGIES P LTD,2,0
Life Insurance Corporation,DATASOFT COMPUTER SERVICES(P),74,0
Life Insurance Corporation,Emdee Digitronics Pvt.Ltd.,6,0
Life Insurance Corporation,LYRA  CONSULTANCY SERVICE,6,0
Life Insurance Corporation,MICROVIEWS INFOSYSTEMS PVT LTD,4,0
Life Insurance Corporation,PROTEX COMPUTER PVT LTD,8,0
Life Insurance Corporation,Smart ID,41,0
Life Insurance Corporation,eCentric solutions pvt ltd,29,0
Mission Convergence - GNCT Del,Alankit Assignments Limited,72,0
Mission Convergence - GNCT Del,IL&FS LTD,22,0
Mission Convergence - GNCT Del,Karvy Computershare Private Li,94,4
Mission Convergence - GNCT Del,Matrix Processing House,19,0
Mission Convergence - GNCT Del,STRATEGIC OUTSOURCING SERVICE,763,0
Mission Convergence - GNCT Del,Smart Chip Limited,75,0
Mission Convergence - GNCT Del,Tera Software Ltd,57,0
Mission Convergence - GNCT Del,eCentric solutions pvt ltd,35,0
N S D L,Abhipra Capital Ltd,12065,42
N S D L,Alankit Assignments Limited,1045,1
N S D L,Atlas Documentary Facilitator,1,0
N S D L,INTEGRATED REGISTRY SERVICES,6,0
N S D L,Karvy Data Management Services,44309,136
N S D L,PROWIZ MANSYTEMS PVT LTD,8517,40
N S D L,TEAM LIFE CARE COMPANY INDIA P,62,4
N S D L,VIRGO SOFTECH LIMITED,336,0
Oriental Bank of Commerce,DATASOFT COMPUTER SERVICES(P),1334,4
Oriental Bank of Commerce,FINANCIAL INFORMATION NETWORK,638,15
Oriental Bank of Commerce,IL&FS LTD,165,0
Oriental Bank of Commerce,The NSIC ltd,18,0
Oriental Bank of Commerce,Wipro Ltd,3201,16
Punjab and Sind Bank,Matrix Processing House,26,0
RDD Govt of Tripura,Alankit Assignments Limited,2583,46
RDD Govt of Tripura,Madras Security Printers Ltd,3,0
Registrar General India - BEL,In Media Computer Services LLP,1802,0
Registrar General India - BEL,Manipur Electronics Dev Corp,978,0
Registrar General India - BEL,Swathy Smartcards Hi-Tech Pvt,67,0
Registrar General India BEL2,Computer LAB,1017,8
Registrar General India BEL2,India Computer Technology,1253,1
Registrar General India BEL2,Madras Security Printers Ltd,6636,13
Registrar General India BEL2,Multiwave Innovation,932,13
Registrar General India BEL2,Om Softwares,5327,22
Registrar General India BEL2,SREEVEN INFOCOM LIMITED,160,0
Registrar General India BEL2,Swathy Smartcards Hi-Tech Pvt,34377,2699
Registrar General India BEL2,Tera Software Ltd,18431,146
Registrar General India BEL2,VIRGO SOFTECH LIMITED,198,0
Registrar General India ECIL,Clairvoyance Technologies Pvt.,259,0
Registrar General India ECIL,Computer LAB,63654,20
Registrar General India ECIL,Eagle Software India Pvt. Ltd,1320,0
Registrar General India ECIL,In Media Computer Services LLP,26288,44
Registrar General India ECIL,India Computer Technology,1358,1085
Registrar General India ECIL,Karvy Data Management Services,9,0
Registrar General India ECIL,Krishna Infotech,4802,815
Registrar General India ECIL,Madras Security Printers Ltd,5165,0
Registrar General India ECIL,Pioneer E Labs limited,2673,26
Registrar General India ECIL,SWISSTECH NPR 57CR PROJECT PVT,34965,15814
Registrar General India ECIL,Tera Software Ltd,416,0
Registrar General India ECIL,Vedavaag Systems Limited,41213,1812
Registrar General India Others,Computer LAB,44,0
Registrar General India Others,Eagle Software India Pvt. Ltd,1,0
Registrar General India Others,Emdee Digitronics Pvt.Ltd.,6,0
Registrar General India Others,In Media Computer Services LLP,1,0
Registrar General India Others,Madras Security Printers Ltd,189,0
Registrar General India Others,Multiwave Innovation,1,0
Registrar General India Others,Om Softwares,1,0
Registrar General India Others,SWISSTECH NPR 57CR PROJECT PVT,4,0
Registrar General India Others,Swathy Smartcards Hi-Tech Pvt,706,0
Registrar General India Others,Swiss Tech India Pvt Ltd,10,0
Registrar General India Others,TechSmart India Pvt Ltd,1,0
Registrar General India Others,Vansh Infotech Pvt Ltd,38,0
Registrar General India Others,Vedavaag Systems Limited,2,0
Registrar General India Others,WEBEL TECHNOLOGY LIMITED,2,0
Registrar General of India ITI,Emdee Digitronics Pvt.Ltd.,77184,414
Registrar General of India ITI,Madras Security Printers Ltd,101,533
Registrar General of India ITI,Multiwave Innovation,869,77
Registrar General of India ITI,SREEVEN INFOCOM LIMITED,47,0
Registrar General of India ITI,STRATEGIC OUTSOURCING SERVICE,452,0
Registrar General of India ITI,Swathy Smartcards Hi-Tech Pvt,148210,459
Registrar General of India ITI,TechSmart India Pvt Ltd,652,120
Registrar General of India ITI,WEBEL TECHNOLOGY LIMITED,16038,7
STATE BANK OF HYDERABAD,CSS TECHNERGY LIMITED,53,0
STATE BANK OF PATIALA,CSS TECHNERGY LIMITED,129,0
State Bank of Bikaner & Jaipur,Multiwave Innovation,14394,198
State Bank of India,4G IDENTITY SOLUTIONS,6796,0
State Bank of India,COMAT TECHNOLOGIES P LTD,156,0
State Bank of India,CSS TECHNERGY LIMITED,5616,0
State Bank of India,Delhi Integrated MMTS Ltd,291,0
State Bank of India,Eagle press pvt ltd,307,0
State Bank of India,IL&FS LTD,632,0
State Bank of India,Smart Chip Limited,4174,0
State Bank of India,VIRGO SOFTECH LIMITED,361,2
State Bank of Travancore,Tera Software Ltd,260,3
Syndicate Bank,Smart Chip Limited,69,0
UDD Govt of Jharkhand,Blue Circle Instrument,2356,8
UDD Govt of Jharkhand,IL&FS LTD,496,0
UDD Govt of Jharkhand,MKS Enterprises,8541,91
UDD Govt of Jharkhand,Smart ID,130,0
UDD Govt of Jharkhand,Systematic & Advance Const P L,6707,4
UDD Govt of Jharkhand,Vayam technologies Ltd,0,2
UIDAI-Registrar,UIDAI-EA,15,1
UT Of Daman and Diu,Alankit Assignments Limited,430,0
UT of Puducherry,Madras Security Printers Ltd,633,0
Union Bank,4G IDENTITY SOLUTIONS,196,0
Union Bank,Smart Chip Limited,33488,130
Union Bank,Vakrangee Softwares Limited,17524,148
United Bank of India,Atyati Technologies Pvt Ltd,3,0
