Registrar,Enrolment Agency,Aadhaar generated,Enrolment Rejected
Allahabad Bank,Tera Software Ltd,279,8
Allahabad Bank,Vakrangee Softwares Limited,3897,15
Bank Of India,A3 Logics  India  Ltd,5694,242
Bank Of India,Akanksha International,34,0
Bank Of India,CHESSY CONSULTANTS PVT LTD,2539,21
Bank Of India,DATASOFT COMPUTER SERVICES(P),1405,109
Bank Of India,Frontech Systems Pvt Ltd,3487,61
Bank Of India,ITI LIMITED,6094,106
Bank Of India,MANTRA SOFTTECH (INDIA) PVTLTD,2718,116
Bank Of India,Matrix Processing House,1322,5
Bank Of India,OPTIMIX CONSULTANCY PRIVATE LT,17,2
Bank Of India,OSWAL COMPUTERS & CONSULTANTS,15279,432
Bank Of India,PROTEX COMPUTER PVT LTD,1790,13
Bank Of India,SARADA SYSTEMS,1152,5
Bank Of India,SHRIKRISHNA KHANDASARI SUGAR M,8269,235
Bank Of India,SPANCO,5861,83
Bank Of India,SREI INFRASTRUCTURE FINANCES L,337,0
Bank Of India,Silver Touch Technologies Ltd,2607,191
Bank Of India,Systematic & Advance Const P L,4870,78
Bank Of India,VEETECHNOLOGIES PVT. LTD,3707,15
Bank Of India,Vakrangee Softwares Limited,35614,1826
Central Bank of India,CALANCE SOFTWARE PRIVATE LTD,9921,90
Central Bank of India,IAP COMPANY Pvt. Ltd,11230,150
Central Bank of India,MANTRA SOFTTECH (INDIA) PVTLTD,799,19
Central Bank of India,The Peerless General Finance,258,4
DENA BANK,DATASOFT COMPUTER SERVICES(P),58,0
Delhi - Central DC,Smart Chip Limited,1385,13
Delhi - East DC,DATASOFT COMPUTER SERVICES(P),164,1
Delhi - ND DC,Smart Chip Limited,53,3
Delhi - NE DC,Alankit Assignments Limited,3,0
Delhi - NE DC,Smart Chip Limited,2,0
Delhi - NE DC,Smart ID,0,11
Delhi - North DC,DATASOFT COMPUTER SERVICES(P),23,9
Delhi - North DC,Smart Chip Limited,124,18
Delhi SW DC,STRATEGIC OUTSOURCING SERVICE,16,0
Delhi SW DC,VIRGO SOFTECH LIMITED,311,27
Delhi Urban Shelter Improvemen,Smart Chip Limited,28,0
Delhi- South DC,Karvy Computershare Private Li,64,2
Delhi- West DC,VIRGO SOFTECH LIMITED,197,1
Delhi-NW DC,Karvy Computershare Private Li,11,1
Delhi-NW DC,STRATEGIC OUTSOURCING SERVICE,3,0
Dept of ITC Govt of Rajasthan,ATISHAY INFOTECH PVT. LTD.,4257,222
Dept of ITC Govt of Rajasthan,Alankit Finsec Ltd,1441,32
Dept of ITC Govt of Rajasthan,DATASOFT COMPUTER SERVICES(P),4663,154
Dept of ITC Govt of Rajasthan,Transline Technologies P Ltd,239,27
Dept of ITC Govt of Rajasthan,Vakrangee Softwares Limited,15663,1702
Dept of ITC Govt of Rajasthan,Vayam technologies Ltd,35,17
FCR Govt of Haryana,Vakrangee Softwares Limited,6166,189
FCS Govt of Punjab,Alankit Assignments Limited,5,0
FCS Govt of Punjab,Alankit Finsec Ltd,9,0
FCS Govt of Punjab,CSS TECHNERGY LIMITED,1099,24
FCS Govt of Punjab,Delhi Integrated MMTS Ltd,3,0
FCS Govt of Punjab,Diwakar Commercials Pvt Ltd,26,0
FCS Govt of Punjab,Karvy Computershare Private Li,20715,274
FCS Govt of Punjab,Vayam technologies Ltd,5483,64
FCS Govt of Punjab,eCentric solutions pvt ltd,17653,77
Govt of Andhra Pradesh,Gouthami Educational Society,4303,142
Govt of Andhra Pradesh,GrapeSoft,2313,30
Govt of Andhra Pradesh,IL&FS LTD,48,0
Govt of Andhra Pradesh,INFRONICS SYSTEMS LTD,21825,367
Govt of Andhra Pradesh,Madras Security Printers Ltd,46,0
Govt of Andhra Pradesh,SREEVEN INFOCOM LIMITED,8490,20
Govt of Andhra Pradesh,TechSmart India Pvt Ltd,15,1
Govt of Andhra Pradesh,Tera Software Ltd,6966,30
Govt of Andhra Pradesh,eCentric solutions pvt ltd,3,0
Govt of Goa,COMAT TECHNOLOGIES P LTD,95,0
Govt of Goa,MARS Telecom Systems Pvt Ltd,2411,142
Govt of Goa,Tera Software Ltd,84,1
Govt of Gujarat,GSS Infotech Ltd,3850,26
Govt of Gujarat,Karvy Computershare Private Li,10619,115
Govt of Gujarat,Silver Touch Technologies Ltd,5998,275
Govt of Gujarat,Tera Software Ltd,1411,41
Govt of Gujarat,Transline Technologies P Ltd,581,60
Govt of Gujarat,Vayam technologies Ltd,6855,180
Govt of Gujarat,eCentric solutions pvt ltd,725,64
Govt of Himachal Pradesh,IL&FS LTD,8,0
Govt of Himachal Pradesh,Wipro Ltd,4566,122
Govt of Himachal Pradesh,i-Grandee SoftwareTechnologies,5303,143
Govt of Karnataka ,COMAT TECHNOLOGIES P LTD,2,0
Govt of Karnataka ,GLODYNE TECHNOSERVE,1,0
Govt of Karnataka ,Integra Micro Systems Pvt.ltd,1,0
Govt of Karnataka ,MARS Telecom Systems Pvt Ltd,70,0
Govt of Karnataka ,Origin ITFS Pvt Ltd,574,2
Govt of Karnataka ,SREEVEN INFOCOM LIMITED,29,3
Govt of Karnataka ,Tera Software Ltd,6,0
Govt of Kerala,Akshaya,34241,513
Govt of Kerala,Keltron,7525,211
Govt of Madhya Pradesh,VIRGO SOFTECH LIMITED,12,8
Govt of Maharashtra,Alankit Finsec Ltd,14419,136
Govt of Maharashtra,Eagle press pvt ltd,1774,12
Govt of Maharashtra,GLODYNE TECHNOSERVE,1038,46
Govt of Maharashtra,Karvy Computershare Private Li,16657,371
Govt of Maharashtra,STRATEGIC OUTSOURCING SERVICE,4516,38
Govt of Maharashtra,Silver Touch Technologies Ltd,2564,30
Govt of Maharashtra,TechSmart India Pvt Ltd,2774,103
Govt of Maharashtra,Tera Software Ltd,236,10
Govt of Maharashtra,Transline Technologies P Ltd,8670,165
Govt of Maharashtra,Wipro Ltd,33992,88
Govt of Sikkim - Dept of Econo,Department of Economics Statistics  Monitoring and Evaluation DESME,103,0
IDBI Bank ltd,ATISHAY INFOTECH PVT. LTD.,231,6
IDBI Bank ltd,Matrix Processing House,6,0
IDBI Bank ltd,Pioneer E Labs limited,60,3
IDBI Bank ltd,SREEVEN INFOCOM LIMITED,1201,2
IDBI Bank ltd,UTI TECHNOLOGY SERVICES LIMITE,41,5
Indiapost,Delhi Integrated MMTS Ltd,2519,64
Indiapost,GLODYNE TECHNOSERVE,502,53
Indiapost,Smart Chip Limited,5,0
Indiapost,TEAM LIFE CARE COMPANY INDIA P,7545,59
Information Technology & Communication Department,4G INFORMATICS,12,0
Information Technology & Communication Department,BNR UDYOG LIMITED,1784,0
Information Technology & Communication Department,Bloom Solutions Pvt Ltd,7142,0
Information Technology & Communication Department,CSS TECHNERGY LIMITED,53,0
Information Technology & Communication Department,SREEVEN INFOCOM LIMITED,223,0
Jharkhand,Alankit Assignments Limited,2496,44
Jharkhand,Blue Circle Instrument,1232,17
Jharkhand,Emdee Digitronics Pvt.Ltd.,1351,2
Jharkhand,IL&FS LTD,118,0
Jharkhand,MKS Enterprises,5956,27
Jharkhand,Nevaeh Technology Pvt. Ltd.,1665,58
Jharkhand,STRATEGIC OUTSOURCING SERVICE,5356,92
Jharkhand,Systematic & Advance Const P L,4200,80
Jharkhand,VISION COMPTECH INTEGRATOR LTD,6467,188
Jharkhand,Wipro Ltd,11179,263
Mission Convergence - GNCT Del,Karvy Computershare Private Li,41,7
Mission Convergence - GNCT Del,Smart Chip Limited,18,3
N S D L,Abhipra Capital Ltd,5771,20
N S D L,Alankit Assignments Limited,3,0
N S D L,Karvy Data Management Services,15555,136
N S D L,PROWIZ MANSYTEMS PVT LTD,2024,113
N S D L,TEAM LIFE CARE COMPANY INDIA P,44,0
N S D L,VIRGO SOFTECH LIMITED,6,0
Oriental Bank of Commerce,DATASOFT COMPUTER SERVICES(P),711,32
Oriental Bank of Commerce,FINANCIAL INFORMATION NETWORK,1305,14
Oriental Bank of Commerce,Wipro Ltd,1214,98
Registrar General India - BEL,In Media Computer Services LLP,69,0
Registrar General India - BEL,Manipur Electronics Dev Corp,5,0
Registrar General India - BEL,Swathy Smartcards Hi-Tech Pvt,83,0
Registrar General India BEL2,Computer LAB,9106,1
Registrar General India BEL2,India Computer Technology,11131,63
Registrar General India BEL2,Madras Security Printers Ltd,13230,5094
Registrar General India BEL2,Multiwave Innovation,2655,92
Registrar General India BEL2,Om Softwares,913,81
Registrar General India BEL2,SREEVEN INFOCOM LIMITED,0,3
Registrar General India BEL2,Swathy Smartcards Hi-Tech Pvt,41899,2761
Registrar General India BEL2,Tera Software Ltd,13047,4445
Registrar General India BEL2,VIRGO SOFTECH LIMITED,5,0
Registrar General India ECIL,Clairvoyance Technologies Pvt.,6,4
Registrar General India ECIL,Computer LAB,72750,6169
Registrar General India ECIL,Eagle Software India Pvt. Ltd,146,44
Registrar General India ECIL,In Media Computer Services LLP,16844,685
Registrar General India ECIL,India Computer Technology,2629,308
Registrar General India ECIL,Krishna Infotech,1975,2246
Registrar General India ECIL,Madras Security Printers Ltd,794,6537
Registrar General India ECIL,Pioneer E Labs limited,2701,72
Registrar General India ECIL,SWISSTECH NPR 57CR PROJECT PVT,18545,11958
Registrar General India ECIL,Tera Software Ltd,1087,9
Registrar General India ECIL,Vedavaag Systems Limited,9424,3610
Registrar General India Others,Computer LAB,15,0
Registrar General India Others,Emdee Digitronics Pvt.Ltd.,7,0
Registrar General India Others,India Computer Technology,30,0
Registrar General India Others,Madras Security Printers Ltd,29,1
Registrar General India Others,SWISSTECH NPR 57CR PROJECT PVT,11,0
Registrar General India Others,Swathy Smartcards Hi-Tech Pvt,458,29
Registrar General India Others,Swiss Tech India Pvt Ltd,3,0
Registrar General India Others,TechSmart India Pvt Ltd,0,1
Registrar General India Others,WEBEL TECHNOLOGY LIMITED,29,0
Registrar General of India ITI,Emdee Digitronics Pvt.Ltd.,28438,5889
Registrar General of India ITI,Multiwave Innovation,153,686
Registrar General of India ITI,SREEVEN INFOCOM LIMITED,1,17
Registrar General of India ITI,Swathy Smartcards Hi-Tech Pvt,125001,18684
Registrar General of India ITI,TechSmart India Pvt Ltd,82,373
Registrar General of India ITI,VIRGO SOFTECH LIMITED,107,0
Registrar General of India ITI,WEBEL TECHNOLOGY LIMITED,47535,23
STATE BANK OF PATIALA,CSS TECHNERGY LIMITED,1240,1
State Bank of Bikaner & Jaipur,Multiwave Innovation,20966,296
State Bank of India,4G IDENTITY SOLUTIONS,2,0
State Bank of India,Delhi Integrated MMTS Ltd,2,0
State Bank of India,VIRGO SOFTECH LIMITED,1494,1
State Bank of Travancore,Tera Software Ltd,161,13
UDD Govt of Jharkhand,Blue Circle Instrument,2091,46
UDD Govt of Jharkhand,MKS Enterprises,8369,174
UDD Govt of Jharkhand,Systematic & Advance Const P L,1,1
UDD Govt of Jharkhand,Vayam technologies Ltd,12,0
UIDAI-Registrar,UIDAI-EA,71,1
UT Of Daman and Diu,Alankit Assignments Limited,246,3
Union Bank,Smart Chip Limited,27599,495
Union Bank,Vakrangee Softwares Limited,8208,588
