Registrar,Enrolment Agency,Aadhaar generated,Enrolment Rejected
Allahabad Bank,IL&FS LTD,41,0
Allahabad Bank,Tera Software Ltd,277,3
Allahabad Bank,Vakrangee Softwares Limited,22962,41
Bank Of India,A3 Logics  India  Ltd,6012,282
Bank Of India,Akanksha International,21,0
Bank Of India,CHESSY CONSULTANTS PVT LTD,3127,10
Bank Of India,DATASOFT COMPUTER SERVICES(P),1946,22
Bank Of India,Frontech Systems Pvt Ltd,3379,67
Bank Of India,ITI LIMITED,2405,75
Bank Of India,Integra Micro Systems Pvt.ltd,10,0
Bank Of India,MANTRA SOFTTECH (INDIA) PVTLTD,3560,212
Bank Of India,Matrix Processing House,3565,81
Bank Of India,OPTIMIX CONSULTANCY PRIVATE LT,23,4
Bank Of India,OSWAL COMPUTERS & CONSULTANTS,18266,899
Bank Of India,PROTEX COMPUTER PVT LTD,2112,39
Bank Of India,SARADA SYSTEMS,1280,12
Bank Of India,SHRIKRISHNA KHANDASARI SUGAR M,3385,71
Bank Of India,SPANCO,9032,92
Bank Of India,SREI INFRASTRUCTURE FINANCES L,42,0
Bank Of India,Silver Touch Technologies Ltd,3452,51
Bank Of India,Systematic & Advance Const P L,5048,86
Bank Of India,Tera Software Ltd,1,0
Bank Of India,VEETECHNOLOGIES PVT. LTD,1780,24
Bank Of India,Vakrangee Softwares Limited,31450,1248
Bank of Baroda,DATASOFT COMPUTER SERVICES(P),151,1
Bank of Baroda,IL&FS LTD,333,0
Bank of Baroda,TEAM LIFE CARE COMPANY INDIA P,244,0
Bank of Maharashtra,Alankit Assignments Limited,61,1
Canara Bank,ITI LIMITED,4,0
Canara Bank,Rosmerta technoliges Limited,106,0
Canara Bank,Smart Chip Limited,32,0
Canara Bank,Swiss Tech India Pvt Ltd,31,0
Canara Bank,VIRGO SOFTECH LIMITED,1,0
Central Bank of India,CALANCE SOFTWARE PRIVATE LTD,15582,383
Central Bank of India,Frontech Systems Pvt Ltd,66,0
Central Bank of India,GSS Infotech Ltd,68,0
Central Bank of India,IAP COMPANY Pvt. Ltd,6231,91
Central Bank of India,IL&FS LTD,357,2
Central Bank of India,MANTRA SOFTTECH (INDIA) PVTLTD,1928,33
Central Bank of India,SREI INFRASTRUCTURE FINANCES L,463,4
Central Bank of India,Smart ID,1,0
Central Bank of India,Tera Software Ltd,6,0
Central Bank of India,The Peerless General Finance,637,11
Civil Supplies - A&N Islands,India Computer Technology,47,0
DENA BANK,ATISHAY INFOTECH PVT. LTD.,152,1
DENA BANK,DATASOFT COMPUTER SERVICES(P),506,8
Delhi - Central DC,Smart Chip Limited,658,18
Delhi - East DC,DATASOFT COMPUTER SERVICES(P),455,2
Delhi - East DC,Tera Software Ltd,181,29
Delhi - ND DC,Smart Chip Limited,191,17
Delhi - NE DC,Alankit Assignments Limited,786,0
Delhi - NE DC,Smart Chip Limited,582,10
Delhi - NE DC,Smart ID,39,2
Delhi - North DC,DATASOFT COMPUTER SERVICES(P),164,13
Delhi - North DC,Smart Chip Limited,615,4
Delhi SW DC,STRATEGIC OUTSOURCING SERVICE,490,4
Delhi SW DC,VIRGO SOFTECH LIMITED,65,0
Delhi Urban Shelter Improvemen,Alankit Assignments Limited,51,0
Delhi Urban Shelter Improvemen,Matrix Processing House,5,0
Delhi Urban Shelter Improvemen,STRATEGIC OUTSOURCING SERVICE,179,1
Delhi Urban Shelter Improvemen,Smart Chip Limited,38,0
Delhi Urban Shelter Improvemen,Tera Software Ltd,261,2
Delhi- South DC,Karvy Computershare Private Li,303,58
Delhi- South DC,Smart Chip Limited,5,0
Delhi- South DC,Tera Software Ltd,186,118
Delhi- South DC,eCentric solutions pvt ltd,115,0
Delhi- West DC,Matrix Processing House,117,0
Delhi- West DC,Smart Chip Limited,92,0
Delhi- West DC,VIRGO SOFTECH LIMITED,619,11
Delhi-NW DC,Karvy Computershare Private Li,144,17
Delhi-NW DC,STRATEGIC OUTSOURCING SERVICE,314,2
Dept of ITC Govt of Rajasthan,ATISHAY INFOTECH PVT. LTD.,6813,113
Dept of ITC Govt of Rajasthan,Alankit Finsec Ltd,1428,10
Dept of ITC Govt of Rajasthan,DATASOFT COMPUTER SERVICES(P),8705,395
Dept of ITC Govt of Rajasthan,GSS Infotech Ltd,17,0
Dept of ITC Govt of Rajasthan,TechSmart India Pvt Ltd,46,0
Dept of ITC Govt of Rajasthan,Transline Technologies P Ltd,2839,17
Dept of ITC Govt of Rajasthan,Vakrangee Softwares Limited,31447,2484
Dept of ITC Govt of Rajasthan,Vayam technologies Ltd,877,12
FCR Govt of Haryana,Vakrangee Softwares Limited,3803,264
FCS Govt of Punjab,Alankit Assignments Limited,895,2
FCS Govt of Punjab,Alankit Finsec Ltd,685,3
FCS Govt of Punjab,Alankit Life Care Ltd,257,0
FCS Govt of Punjab,CSS TECHNERGY LIMITED,4903,137
FCS Govt of Punjab,Delhi Integrated MMTS Ltd,494,3
FCS Govt of Punjab,Diwakar Commercials Pvt Ltd,809,0
FCS Govt of Punjab,Karvy Computershare Private Li,17032,360
FCS Govt of Punjab,VIRGO SOFTECH LIMITED,579,1
FCS Govt of Punjab,VISESH INFOTECNICS LIMITED,119,0
FCS Govt of Punjab,Vayam technologies Ltd,6985,40
FCS Govt of Punjab,eCentric solutions pvt ltd,15521,206
Govt of Andhra Pradesh,Gouthami Educational Society,4371,1095
Govt of Andhra Pradesh,GrapeSoft,1738,56
Govt of Andhra Pradesh,IL&FS LTD,1235,6
Govt of Andhra Pradesh,INFRONICS SYSTEMS LTD,23214,414
Govt of Andhra Pradesh,Madras Security Printers Ltd,2156,51
Govt of Andhra Pradesh,Mahaonline Limited,2,0
Govt of Andhra Pradesh,SREEVEN INFOCOM LIMITED,3773,20
Govt of Andhra Pradesh,Smart Chip Limited,827,11
Govt of Andhra Pradesh,TechSmart India Pvt Ltd,3170,295
Govt of Andhra Pradesh,Tera Software Ltd,2647,116
Govt of Andhra Pradesh,eCentric solutions pvt ltd,2242,42
Govt of Goa,COMAT TECHNOLOGIES P LTD,53,1
Govt of Goa,MARS Telecom Systems Pvt Ltd,1429,284
Govt of Goa,Tera Software Ltd,65,7
Govt of Gujarat,GSS Infotech Ltd,3617,37
Govt of Gujarat,Karvy Computershare Private Li,5998,78
Govt of Gujarat,Silver Touch Technologies Ltd,7637,122
Govt of Gujarat,Tera Software Ltd,2628,52
Govt of Gujarat,Transline Technologies P Ltd,1315,38
Govt of Gujarat,Vayam technologies Ltd,4292,72
Govt of Gujarat,eCentric solutions pvt ltd,1325,54
Govt of Himachal Pradesh,IL&FS LTD,566,7
Govt of Himachal Pradesh,Wipro Ltd,7143,91
Govt of Himachal Pradesh,i-Grandee SoftwareTechnologies,4234,36
Govt of Karnataka ,COMAT TECHNOLOGIES P LTD,1003,66
Govt of Karnataka ,GLODYNE TECHNOSERVE,1718,2
Govt of Karnataka ,Integra Micro Systems Pvt.ltd,493,1
Govt of Karnataka ,MARS Telecom Systems Pvt Ltd,469,16
Govt of Karnataka ,Ninestars Information Technologies Limited,64,1
Govt of Karnataka ,Origin ITFS Pvt Ltd,3217,3
Govt of Karnataka ,SREEVEN INFOCOM LIMITED,522,1
Govt of Karnataka ,Tera Software Ltd,1032,1
Govt of Karnataka ,Wipro Ltd,773,94
Govt of Kerala,Akshaya,32208,331
Govt of Kerala,Keltron,30480,49
Govt of Madhya Pradesh,VIRGO SOFTECH LIMITED,3686,32
Govt of Maharashtra,Alankit Assignments Limited,633,15
Govt of Maharashtra,Alankit Finsec Ltd,2507,87
Govt of Maharashtra,COMAT TECHNOLOGIES P LTD,114,7
Govt of Maharashtra,Eagle press pvt ltd,2582,5
Govt of Maharashtra,GLODYNE TECHNOSERVE,984,80
Govt of Maharashtra,GSS Infotech Ltd,412,5
Govt of Maharashtra,Karvy Computershare Private Li,15187,239
Govt of Maharashtra,Mahaonline Limited,1526,0
Govt of Maharashtra,SPANCO,101,0
Govt of Maharashtra,STRATEGIC OUTSOURCING SERVICE,4520,122
Govt of Maharashtra,Silver Touch Technologies Ltd,4712,48
Govt of Maharashtra,Smart Chip Limited,346,0
Govt of Maharashtra,TEAM LIFE CARE COMPANY INDIA P,495,0
Govt of Maharashtra,TechSmart India Pvt Ltd,3474,259
Govt of Maharashtra,Tera Software Ltd,3021,133
Govt of Maharashtra,Transline Technologies P Ltd,6773,127
Govt of Maharashtra,Wep Solution India Limited,636,3
Govt of Maharashtra,Wipro Ltd,33575,196
Govt of Sikkim - Dept of Econo,4G IDENTITY SOLUTIONS,133,0
Govt of Sikkim - Dept of Econo,Department of Economics Statistics  Monitoring and Evaluation DESME,77,0
IDBI Bank ltd,ATISHAY INFOTECH PVT. LTD.,575,4
IDBI Bank ltd,Matrix Processing House,286,2
IDBI Bank ltd,Pioneer E Labs limited,195,2
IDBI Bank ltd,SREEVEN INFOCOM LIMITED,1219,4
IDBI Bank ltd,UTI TECHNOLOGY SERVICES LIMITE,1006,13
IGNOU,IL&FS LTD,1,0
IGNOU,VIRGO SOFTECH LIMITED,11,0
IGNOU,Vakrangee Softwares Limited,19,10
Indian Bank,GSS Infotech Ltd,8,0
Indian Bank,i-Grandee SoftwareTechnologies,9,0
Indian Overseas Bank,Eagle Software India Pvt. Ltd,30,0
Indian Overseas Bank,Karvy Computershare Private Li,5,0
Indian Overseas Bank,Wipro Ltd,1,0
Indiapost,4G IDENTITY SOLUTIONS,434,0
Indiapost,COMAT TECHNOLOGIES P LTD,162,0
Indiapost,CSS TECHNERGY LIMITED,5,0
Indiapost,Delhi Integrated MMTS Ltd,9714,126
Indiapost,Eagle press pvt ltd,15,0
Indiapost,GLODYNE TECHNOSERVE,247,42
Indiapost,GSS Infotech Ltd,21,0
Indiapost,IL&FS LTD,675,1
Indiapost,Madras Security Printers Ltd,62,0
Indiapost,Smart Chip Limited,517,5
Indiapost,TEAM LIFE CARE COMPANY INDIA P,7375,68
Indiapost,The NSIC ltd,150,0
Indiapost,The Peerless General Finance,46,0
Indiapost,UTI TECHNOLOGY SERVICES LIMITE,238,0
Indiapost,WEBEL,71,0
Indiapost,eCentric solutions pvt ltd,166,0
Information Technology & Communication Department,4G INFORMATICS,3002,0
Information Technology & Communication Department,BNR UDYOG LIMITED,380,3
Information Technology & Communication Department,Bloom Solutions Pvt Ltd,88,0
Information Technology & Communication Department,CSS TECHNERGY LIMITED,104,0
Information Technology & Communication Department,GDC Advertising Pvt. Limited,235,0
Information Technology & Communication Department,SREEVEN INFOCOM LIMITED,1671,8
Jammu and Kashmir Bank,COMTECH INSTITUTE OFTECHNOLOGY,0,2
Jharkhand,Alankit Assignments Limited,1335,36
Jharkhand,Blue Circle Instrument,799,32
Jharkhand,Emdee Digitronics Pvt.Ltd.,1252,3
Jharkhand,IL&FS LTD,108,0
Jharkhand,MKS Enterprises,3290,53
Jharkhand,Nevaeh Technology Pvt. Ltd.,989,16
Jharkhand,STRATEGIC OUTSOURCING SERVICE,5001,128
Jharkhand,Smart ID,59,15
Jharkhand,Systematic & Advance Const P L,2645,12
Jharkhand,VISION COMPTECH INTEGRATOR LTD,4989,63
Jharkhand,Wipro Ltd,9678,195
Life Insurance Corporation,ATISHAY INFOTECH PVT. LTD.,35,0
Life Insurance Corporation,COMAT TECHNOLOGIES P LTD,2,5
Life Insurance Corporation,DATASOFT COMPUTER SERVICES(P),49,0
Life Insurance Corporation,Emdee Digitronics Pvt.Ltd.,3,0
Life Insurance Corporation,LOHIA JUTE PRESS PVT LTD,2,0
Life Insurance Corporation,LYRA  CONSULTANCY SERVICE,6,0
Life Insurance Corporation,MICROVIEWS INFOSYSTEMS PVT LTD,5,0
Life Insurance Corporation,PROTEX COMPUTER PVT LTD,1,0
Life Insurance Corporation,Smart ID,36,0
Life Insurance Corporation,UNIVERSAL SOLUTIONS,1,0
Life Insurance Corporation,eCentric solutions pvt ltd,29,1
Mission Convergence - GNCT Del,Alankit Assignments Limited,70,0
Mission Convergence - GNCT Del,IL&FS LTD,26,4
Mission Convergence - GNCT Del,Karvy Computershare Private Li,420,43
Mission Convergence - GNCT Del,Matrix Processing House,10,0
Mission Convergence - GNCT Del,STRATEGIC OUTSOURCING SERVICE,607,1
Mission Convergence - GNCT Del,Smart Chip Limited,91,1
Mission Convergence - GNCT Del,Tera Software Ltd,50,31
Mission Convergence - GNCT Del,eCentric solutions pvt ltd,28,0
N S D L,Abhipra Capital Ltd,4146,26
N S D L,Alankit Assignments Limited,860,3
N S D L,Atlas Documentary Facilitator,1,0
N S D L,INTEGRATED REGISTRY SERVICES,6,0
N S D L,Karvy Data Management Services,15144,153
N S D L,PROWIZ MANSYTEMS PVT LTD,7377,116
N S D L,TEAM LIFE CARE COMPANY INDIA P,228,0
N S D L,VIRGO SOFTECH LIMITED,49,0
Oriental Bank of Commerce,DATASOFT COMPUTER SERVICES(P),2175,44
Oriental Bank of Commerce,FINANCIAL INFORMATION NETWORK,2468,4
Oriental Bank of Commerce,IL&FS LTD,138,0
Oriental Bank of Commerce,The NSIC ltd,8,0
Oriental Bank of Commerce,Wipro Ltd,9298,26
Punjab and Sind Bank,Matrix Processing House,15,0
RDD Govt of Tripura,Alankit Assignments Limited,1627,36
RDD Govt of Tripura,Madras Security Printers Ltd,2,0
Registrar General India - BEL,In Media Computer Services LLP,914,425
Registrar General India - BEL,Manipur Electronics Dev Corp,481,0
Registrar General India - BEL,Swathy Smartcards Hi-Tech Pvt,366,0
Registrar General India BEL2,Computer LAB,1067,1
Registrar General India BEL2,India Computer Technology,2273,59
Registrar General India BEL2,Madras Security Printers Ltd,4426,124
Registrar General India BEL2,Multiwave Innovation,629,337
Registrar General India BEL2,Om Softwares,1857,0
Registrar General India BEL2,SREEVEN INFOCOM LIMITED,73,1
Registrar General India BEL2,Swathy Smartcards Hi-Tech Pvt,28652,1370
Registrar General India BEL2,Swiss Tech India Pvt Ltd,8599,19
Registrar General India BEL2,Tera Software Ltd,3251,2031
Registrar General India BEL2,VIRGO SOFTECH LIMITED,77,6
Registrar General India ECIL,Clairvoyance Technologies Pvt.,114,1
Registrar General India ECIL,Computer LAB,28155,9598
Registrar General India ECIL,Eagle Software India Pvt. Ltd,860,1817
Registrar General India ECIL,In Media Computer Services LLP,14426,141
Registrar General India ECIL,India Computer Technology,6901,691
Registrar General India ECIL,Karvy Data Management Services,18,0
Registrar General India ECIL,Krishna Infotech,3781,274
Registrar General India ECIL,Madras Security Printers Ltd,1550,257
Registrar General India ECIL,Pioneer E Labs limited,1359,965
Registrar General India ECIL,SWISSTECH NPR 57CR PROJECT PVT,14007,10452
Registrar General India ECIL,Tera Software Ltd,3881,0
Registrar General India ECIL,Vedavaag Systems Limited,13246,325
Registrar General India Others,Clairvoyance Technologies Pvt.,0,2
Registrar General India Others,Computer LAB,25,4
Registrar General India Others,Eagle Software India Pvt. Ltd,3,0
Registrar General India Others,Emdee Digitronics Pvt.Ltd.,2,13
Registrar General India Others,In Media Computer Services LLP,0,1
Registrar General India Others,India Computer Technology,0,1
Registrar General India Others,Madras Security Printers Ltd,53,17
Registrar General India Others,Nielsen  India  Private Limited,8,0
Registrar General India Others,Om Softwares,0,2
Registrar General India Others,SREEVEN INFOCOM LIMITED,0,1
Registrar General India Others,SWISSTECH NPR 57CR PROJECT PVT,1,0
Registrar General India Others,Swathy Smartcards Hi-Tech Pvt,312,61
Registrar General India Others,Vansh Infotech Pvt Ltd,0,1
Registrar General India Others,WEBEL TECHNOLOGY LIMITED,6,7
Registrar General of India ITI,Emdee Digitronics Pvt.Ltd.,43355,2079
Registrar General of India ITI,Madras Security Printers Ltd,196,135
Registrar General of India ITI,Multiwave Innovation,550,364
Registrar General of India ITI,SREEVEN INFOCOM LIMITED,14,2102
Registrar General of India ITI,STRATEGIC OUTSOURCING SERVICE,243,0
Registrar General of India ITI,Swathy Smartcards Hi-Tech Pvt,41635,6472
Registrar General of India ITI,TechSmart India Pvt Ltd,3830,1326
Registrar General of India ITI,VIRGO SOFTECH LIMITED,0,1
Registrar General of India ITI,WEBEL TECHNOLOGY LIMITED,7560,1
STATE BANK OF HYDERABAD,CSS TECHNERGY LIMITED,63,0
STATE BANK OF PATIALA,CSS TECHNERGY LIMITED,745,2
State Bank of Bikaner & Jaipur,Multiwave Innovation,9714,115
State Bank of India,4G IDENTITY SOLUTIONS,4757,12
State Bank of India,COMAT TECHNOLOGIES P LTD,111,0
State Bank of India,CSS TECHNERGY LIMITED,4117,1
State Bank of India,Delhi Integrated MMTS Ltd,186,1
State Bank of India,Eagle press pvt ltd,215,1
State Bank of India,IL&FS LTD,420,22
State Bank of India,Smart Chip Limited,3533,1
State Bank of India,VIRGO SOFTECH LIMITED,290,3
State Bank of Travancore,Tera Software Ltd,407,10
Syndicate Bank,Smart Chip Limited,39,0
UDD Govt of Jharkhand,Blue Circle Instrument,2175,76
UDD Govt of Jharkhand,IL&FS LTD,343,0
UDD Govt of Jharkhand,MKS Enterprises,8315,390
UDD Govt of Jharkhand,Smart ID,95,0
UDD Govt of Jharkhand,Systematic & Advance Const P L,6435,18
UDD Govt of Jharkhand,Vayam technologies Ltd,6,0
UIDAI-Registrar,UIDAI-EA,19,2
UT Of Daman and Diu,Alankit Assignments Limited,169,6
UT of Puducherry,Madras Security Printers Ltd,504,0
Union Bank,4G IDENTITY SOLUTIONS,158,0
Union Bank,Smart Chip Limited,39742,812
Union Bank,Vakrangee Softwares Limited,13867,622
United Bank of India,Atyati Technologies Pvt Ltd,3,0
