State,District,Aadhaar generated,Enrolment Rejected
Andhra Pradesh,Adilabad,2753,69
Andhra Pradesh,Ananthapur,692,156
Andhra Pradesh,Chittoor,131,40
Andhra Pradesh,Cuddapah,48,135
Andhra Pradesh,East Godavari,80,1429
Andhra Pradesh,Guntur,133,98
Andhra Pradesh,Hyderabad,506,160
Andhra Pradesh,K.V.Rangareddy,1,0
Andhra Pradesh,K.v. Rangareddy,995,857
Andhra Pradesh,Karimnagar,661,73
Andhra Pradesh,Khammam,516,245
Andhra Pradesh,Krishna,29,357
Andhra Pradesh,Kurnool,2336,787
Andhra Pradesh,Mahabub Nagar,5,39
Andhra Pradesh,Mahabubnagar,857,292
Andhra Pradesh,Mahbubnagar,11,7
Andhra Pradesh,Medak,588,501
Andhra Pradesh,Nalgonda,719,927
Andhra Pradesh,Nellore,207,451
Andhra Pradesh,Nizamabad,1241,289
Andhra Pradesh,Prakasam,259,176
Andhra Pradesh,Srikakulam,77,99
Andhra Pradesh,Visakhapatnam,900,459
Andhra Pradesh,Vizianagaram,3449,105
Andhra Pradesh,Warangal,341,223
Andhra Pradesh,West Godavari,289,376
Assam,Baksa,1,0
Assam,Bongaigaon,2,0
Assam,Cachar,4,0
Assam,Chirang,1,0
Assam,Darrang,1,0
Assam,Dhubri,3,0
Assam,Dibrugarh,1,0
Assam,Golaghat,1,0
Assam,Hailakandi,1,0
Assam,Jorhat,2,0
Assam,Kamrup,5,0
Assam,Karimganj,1,0
Assam,Kokrajhar,1,0
Assam,Lakhimpur,1,0
Assam,Marigaon,1,0
Assam,Nagaon,3,0
Assam,Sibsagar,1,0
Assam,Sonitpur,3,0
Assam,Udalguri,5,0
Bihar,Araria,11,0
Bihar,Arwal,85,35
Bihar,Aurangabad,19,0
Bihar,Aurangabad(BH),1,0
Bihar,Banka,38,1
Bihar,Begusarai,24,0
Bihar,Bhagalpur,20,1
Bihar,Bhojpur,33,1
Bihar,Buxar,9,0
Bihar,Darbhanga,845,13
Bihar,East Champaran,33,3
Bihar,Gaya,30,4
Bihar,Gopalganj,93,11
Bihar,Jamui,63,6
Bihar,Jehanabad,8,1
Bihar,Kaimur (Bhabua),7,0
Bihar,Katihar,200,3
Bihar,Khagaria,12,1
Bihar,Kishanganj,81,4
Bihar,Lakhisarai,5,0
Bihar,Madhepura,10,1
Bihar,Madhubani,63,4
Bihar,Munger,12,0
Bihar,Muzaffarpur,42,1
Bihar,Nalanda,153,26
Bihar,Nawada,22,2
Bihar,Patna,83,3
Bihar,Purnia,14,0
Bihar,Rohtas,202,29
Bihar,Saharsa,588,16
Bihar,Samastipur,49,0
Bihar,Saran,47,1
Bihar,Sheikhpura,17,6
Bihar,Sheohar,417,15
Bihar,Sitamarhi,37,3
Bihar,Siwan,38,1
Bihar,Supaul,16,0
Bihar,Vaishali,650,8
Bihar,West Champaran,20,0
Chandigarh,Chandigarh,58,42
Chandigarh,Mohali,1,0
Chhattisgarh,Balod,29,0
Chhattisgarh,Baloda Bazar,4,0
Chhattisgarh,Bastar,3,0
Chhattisgarh,Bemetara,56,1
Chhattisgarh,Bilaspur,2,0
Chhattisgarh,Dhamtari,94,13
Chhattisgarh,Durg,31,5
Chhattisgarh,Janjgir-champa,120,0
Chhattisgarh,Jashpur,1,0
Chhattisgarh,Korba,16,147
Chhattisgarh,Koriya,1627,18
Chhattisgarh,Mungeli,9,5
Chhattisgarh,Mungeli ,1,0
Chhattisgarh,Raigarh,5,1
Chhattisgarh,Raipur,1,0
Chhattisgarh,Rajnandgaon,263,4
Chhattisgarh,Surajpur ,1,0
Chhattisgarh,Surguja,1,0
Dadra and Nagar Haveli,Dadra and Nagar Haveli,276,3
Daman and Diu,Daman,5,5
Daman and Diu,Diu,12,18
Delhi,Central Delhi,126,430
Delhi,East Delhi,474,3012
Delhi,Najafgarh,0,80
Delhi,New Delhi,19,1
Delhi,North Delhi,105,743
Delhi,North East,6,3389
Delhi,North East Delhi,257,158
Delhi,North West Delhi,697,11759
Delhi,South Delhi,884,2310
Delhi,South West Delhi,213,577
Delhi,West Delhi,359,449
Goa,North Goa,31,52
Goa,South Goa,27,2
Gujarat,Ahmadabad,9,0
Gujarat,Ahmedabad,625,52
Gujarat,Amreli,303,16
Gujarat,Anand,780,9
Gujarat,Banaskantha,859,24
Gujarat,Bharuch,271,9
Gujarat,Bhavnagar,884,53
Gujarat,Dahod,919,4
Gujarat,Dohad,330,38
Gujarat,Gandhinagar,270,12
Gujarat,Jamnagar,467,55
Gujarat,Junagadh,1228,199
Gujarat,Kachchh,439,9
Gujarat,Kheda,452,26
Gujarat,Mahesana,439,23
Gujarat,Narmada,87,2
Gujarat,Navsari,423,13
Gujarat,Panchmahals,279,14
Gujarat,Patan,472,22
Gujarat,Porbandar,162,31
Gujarat,Rajkot,1325,36
Gujarat,Sabarkantha,555,31
Gujarat,Surat,1218,55
Gujarat,Surendra Nagar,348,19
Gujarat,Tapi,175,19
Gujarat,The Dangs,106,0
Gujarat,Vadodara,1298,17
Gujarat,Valsad,901,33
Haryana,Ambala,138,25
Haryana,Bhiwani,1584,18
Haryana,Faridabad,851,50
Haryana,Fatehabad,766,16
Haryana,Gurgaon,1161,54
Haryana,Hisar,1512,24
Haryana,Jhajjar,578,76
Haryana,Jind,1131,38
Haryana,Kaithal,397,11
Haryana,Karnal,994,46
Haryana,Kurukshetra,319,9
Haryana,Mahendragarh,868,15
Haryana,Mewat,410,3
Haryana,Palwal,226,9
Haryana,Panchkula,179,44
Haryana,Panipat,363,29
Haryana,Rewari,398,22
Haryana,Rohtak,488,13
Haryana,Sirsa,627,11
Haryana,Sonipat,196,102
Haryana,Yamuna Nagar,687,16
Himachal Pradesh,Bilaspur,3,1
Himachal Pradesh,Chamba,82,2
Himachal Pradesh,Hamirpur,26,2
Himachal Pradesh,Kangra,223,14
Himachal Pradesh,Kinnaur,8,0
Himachal Pradesh,Kullu,49,22
Himachal Pradesh,Lahul and Spiti,28,0
Himachal Pradesh,Mandi,36,17
Himachal Pradesh,Shimla,101,6
Himachal Pradesh,Sirmaur,127,19
Himachal Pradesh,Solan,26,12
Himachal Pradesh,Una,19,22
Jammu and Kashmir,Anantnag,179,0
Jammu and Kashmir,Bandipore,1,0
Jammu and Kashmir,Baramula,1,0
Jammu and Kashmir,Doda,505,4
Jammu and Kashmir,Jammu,273,0
Jammu and Kashmir,Kargil,1,0
Jammu and Kashmir,Kathua,69,2
Jammu and Kashmir,Pulwama,55,1
Jammu and Kashmir,Punch,2,0
Jammu and Kashmir,Rajouri,2,0
Jammu and Kashmir,Srinagar,3,0
Jammu and Kashmir,Udhampur,48,0
Jharkhand,Bokaro,413,96
Jharkhand,Chatra,264,71
Jharkhand,Deoghar,795,171
Jharkhand,Dhanbad,876,73
Jharkhand,Dumka,249,67
Jharkhand,East Singhbhum,754,129
Jharkhand,Garhwa,386,67
Jharkhand,Giridih,339,111
Jharkhand,Godda,1131,61
Jharkhand,Gumla,514,220
Jharkhand,Hazaribagh,171,45
Jharkhand,Jamtara,1008,38
Jharkhand,Khunti,54,47
Jharkhand,Koderma,619,89
Jharkhand,Latehar,548,84
Jharkhand,Lohardaga,94,176
Jharkhand,Pakur,352,35
Jharkhand,Palamau,1,0
Jharkhand,Palamu,980,84
Jharkhand,Ramgarh,78,91
Jharkhand,Ranchi,320,184
Jharkhand,Sahebganj,1016,37
Jharkhand,Seraikela-Kharsawan,127,147
Jharkhand,Simdega,544,22
Jharkhand,West Singhbhum,1512,97
Karnataka,Bagalkot,715,78
Karnataka,Bangalore,3194,378
Karnataka,Bangalore Rural,226,279
Karnataka,Belgaum,2601,402
Karnataka,Bellary,1427,73
Karnataka,Bidar,378,70
Karnataka,Bijapur,538,113
Karnataka,Bijapur(KAR),1,21
Karnataka,Chamrajanagar,574,15
Karnataka,Chickmagalur,462,12
Karnataka,Chikkaballapur,10,450
Karnataka,Chitradurga,817,135
Karnataka,Dakshina Kannada,1224,528
Karnataka,Davangere,83,1266
Karnataka,Dharwad,166,102
Karnataka,Gadag,93,342
Karnataka,Gulbarga,704,49
Karnataka,Hassan,2631,72
Karnataka,Haveri,60,167
Karnataka,Kodagu,109,74
Karnataka,Kolar,1338,98
Karnataka,Koppal,578,21
Karnataka,Mandya,580,42
Karnataka,Mysore,247,117
Karnataka,Raichur,1057,62
Karnataka,Ramanagar,343,39
Karnataka,Shimoga,549,39
Karnataka,Tumkur,163,20
Karnataka,Udupi,32,1
Karnataka,Uttara Kannada,182,9
Karnataka,Yadgir,47,748
Kerala,Alappuzha,81,3515
Kerala,Ernakulam,201,145
Kerala,Idukki,109,20
Kerala,Kannur,274,136
Kerala,Kasaragod,79,29
Kerala,Kasargod,18,96
Kerala,Kollam,146,687
Kerala,Kottayam,190,127
Kerala,Kozhikode,203,259
Kerala,Malappuram,1845,2838
Kerala,Palakkad,175,106
Kerala,Pathanamthitta,42,44
Kerala,Thiruvananthapuram,308,1395
Kerala,Thrissur,180,430
Kerala,Wayanad,5,90
Madhya Pradesh,Alirajpur,273,11
Madhya Pradesh,Anuppur,798,23
Madhya Pradesh,Ashok Nagar,135,4
Madhya Pradesh,Balaghat,1724,65
Madhya Pradesh,Barwani,112,23
Madhya Pradesh,Betul,869,24
Madhya Pradesh,Bhind,413,21
Madhya Pradesh,Bhopal,478,302
Madhya Pradesh,Burhanpur,236,32
Madhya Pradesh,Chhatarpur,597,44
Madhya Pradesh,Chhindwara,1128,68
Madhya Pradesh,Damoh,512,36
Madhya Pradesh,Datia,160,5
Madhya Pradesh,Dewas,89,1
Madhya Pradesh,Dhar,697,25
Madhya Pradesh,Dindori,303,30
Madhya Pradesh,Guna,615,56
Madhya Pradesh,Gwalior,677,39
Madhya Pradesh,Harda,35,32
Madhya Pradesh,Hoshangabad,100,195
Madhya Pradesh,Indore,688,133
Madhya Pradesh,Jabalpur,691,206
Madhya Pradesh,Jhabua,642,46
Madhya Pradesh,Katni,337,28
Madhya Pradesh,Khandwa,131,32
Madhya Pradesh,Khargone,782,73
Madhya Pradesh,Mandla,321,41
Madhya Pradesh,Mandsaur,91,21
Madhya Pradesh,Morena,530,39
Madhya Pradesh,Narsinghpur,1102,118
Madhya Pradesh,Neemuch,8,0
Madhya Pradesh,Panna,222,29
Madhya Pradesh,Raisen,512,17
Madhya Pradesh,Rajgarh,138,4
Madhya Pradesh,Ratlam,77,22
Madhya Pradesh,Rewa,1364,39
Madhya Pradesh,Sagar,653,78
Madhya Pradesh,Satna,1199,49
Madhya Pradesh,Sehore,776,21
Madhya Pradesh,Seoni,301,36
Madhya Pradesh,Shahdol,1104,44
Madhya Pradesh,Shajapur,56,12
Madhya Pradesh,Sheopur,23,0
Madhya Pradesh,Shivpuri,393,22
Madhya Pradesh,Sidhi,1766,32
Madhya Pradesh,Singrauli,852,20
Madhya Pradesh,Tikamgarh,380,18
Madhya Pradesh,Ujjain,270,74
Madhya Pradesh,Umaria,452,14
Madhya Pradesh,Vidisha,164,52
Maharashtra,Ahmadnagar,940,271
Maharashtra,Ahmed Nagar,3,5856
Maharashtra,Akola,230,88
Maharashtra,Amravati,616,87
Maharashtra,Aurangabad,1774,362
Maharashtra,Beed,884,28
Maharashtra,Bhandara,527,88
Maharashtra,Buldhana,779,46
Maharashtra,Chandrapur,826,44
Maharashtra,Dhule,429,240
Maharashtra,Gadchiroli,403,17
Maharashtra,Gondiya,497,72
Maharashtra,Hingoli,233,115
Maharashtra,Jalgaon,1218,464
Maharashtra,Jalna,586,102
Maharashtra,Kolhapur,906,99
Maharashtra,Latur,2603,292
Maharashtra,Mumbai,1707,344
Maharashtra,Nagpur,1185,188
Maharashtra,Nanded,640,92
Maharashtra,Nandurbar,480,206
Maharashtra,Nashik,2440,153
Maharashtra,Osmanabad,657,168
Maharashtra,Parbhani,230,257
Maharashtra,Pune,5799,278
Maharashtra,Raigarh,904,26
Maharashtra,Raigarh(MH),3,1
Maharashtra,Ratnagiri,223,31
Maharashtra,Sangli,686,74
Maharashtra,Satara,1881,75
Maharashtra,Sindhudurg,182,12
Maharashtra,Solapur,1199,438
Maharashtra,Thane,1778,367
Maharashtra,Wardha,42,12
Maharashtra,Washim,510,9
Maharashtra,Yavatmal,848,30
Manipur,Bishnupur,1,0
Manipur,Churachandpur,4,0
Manipur,Imphal East,19,0
Manipur,Imphal West,16,1
Manipur,Tamenglong,4,0
Manipur,Thoubal,2,0
Meghalaya,Jaintia Hills,1,0
Mizoram,Aizawl,1,0
Nagaland,Dimapur,1,0
Nagaland,Mon,1,3
Nagaland,Phek,0,1
Nagaland,Zunheboto,0,8
Odisha,Angul,3,0
Odisha,Anugul,2498,696
Odisha,Balangir,2,14
Odisha,Baleswar,1655,604
Odisha,Bargarh,18,31
Odisha,Baudh,1,0
Odisha,Bhadrak,40,174
Odisha,Cuttack,19,606
Odisha,Dhenkanal,641,180
Odisha,Gajapati,1207,0
Odisha,Ganjam,138,33
Odisha,Jagatsinghapur,2,243
Odisha,Jajapur,4562,1999
Odisha,Jharsuguda,2,0
Odisha,Kalahandi,1,0
Odisha,Kandhamal,1051,196
Odisha,Kendrapara,1377,140
Odisha,Kendujhar,218,199
Odisha,Khorda,7,0
Odisha,Khordha,2,627
Odisha,Koraput,4,14
Odisha,Mayurbhanj,6142,577
Odisha,Nabarangapur,1,0
Odisha,Nayagarh,37,299
Odisha,Puri,21,826
Odisha,Rayagada,0,3
Odisha,Sambalpur,1345,93
Odisha,Sonapur,0,2
Odisha,Sundergarh,32,15
Others,Others,91,5211
Puducherry,Karaikal,28,0
Puducherry,Puducherry,19,134
Puducherry,Yanam,0,1
Punjab,Amritsar,1262,61
Punjab,Barnala,285,12
Punjab,Bathinda,539,68
Punjab,Faridkot,560,10
Punjab,Fatehgarh Sahib,25,8
Punjab,Fazilka,164,62
Punjab,Ferozepur,840,6
Punjab,Gurdaspur,435,73
Punjab,Hoshiarpur,427,59
Punjab,Jalandhar,680,68
Punjab,Kapurthala,166,7
Punjab,Ludhiana,1201,181
Punjab,Mansa,473,18
Punjab,Moga,299,16
Punjab,Muktsar,2,0
Punjab,Pathankot,397,28
Punjab,Patiala,286,32
Punjab,Rupnagar,281,14
Punjab,SAS Nagar (Mohali),109,16
Punjab,Sangrur,242,61
Punjab,Shaheed Bhagat Singh Nagar,33,7
Punjab,Sri Muktsar Sahib,225,42
Punjab,Tarn Taran,1607,28
Rajasthan,Ajmer,348,70
Rajasthan,Alwar,1128,211
Rajasthan,Banswara,645,9
Rajasthan,Baran,79,37
Rajasthan,Barmer,690,19
Rajasthan,Bharatpur,1992,26
Rajasthan,Bhilwara,1522,95
Rajasthan,Bikaner,623,28
Rajasthan,Bundi,175,4
Rajasthan,Chittorgarh,446,26
Rajasthan,Churu,396,12
Rajasthan,Dausa,321,38
Rajasthan,Dholpur,298,3
Rajasthan,Dungarpur,420,23
Rajasthan,Ganganagar,1730,64
Rajasthan,Hanumangarh,491,18
Rajasthan,Jaipur,2621,251
Rajasthan,Jaisalmer,986,12
Rajasthan,Jalor,640,34
Rajasthan,Jhalawar,188,27
Rajasthan,Jhunjhunu,2,0
Rajasthan,Jhunjhunun,280,79
Rajasthan,Jodhpur,1751,62
Rajasthan,Karauli,352,16
Rajasthan,Kota,161,161
Rajasthan,Nagaur,996,37
Rajasthan,Pali,1197,77
Rajasthan,Pratapgarh,111,14
Rajasthan,Rajsamand,125,11
Rajasthan,Sawai Madhopur,601,45
Rajasthan,Sikar,1063,79
Rajasthan,Sirohi,196,8
Rajasthan,Tonk,366,19
Rajasthan,Udaipur,261,176
Sikkim,East Sikkim,30,6
Sikkim,North Sikkim,3,0
Sikkim,South Sikkim,2,0
Sikkim,West Sikkim,3,0
Tamil Nadu,Ariyalur,71,0
Tamil Nadu,Chennai,2843,386
Tamil Nadu,Coimbatore,1918,427
Tamil Nadu,Cuddalore,2004,34
Tamil Nadu,Dharmapuri,422,14
Tamil Nadu,Dindigul,1099,45
Tamil Nadu,Erode,55,2255
Tamil Nadu,Kancheepuram,442,41
Tamil Nadu,Kanchipuram,6,1
Tamil Nadu,Kanniyakumari,840,34
Tamil Nadu,Kanyakumari,1,0
Tamil Nadu,Karur,1040,93
Tamil Nadu,Krishnagiri,903,50
Tamil Nadu,Madurai,818,232
Tamil Nadu,Nagapattinam,380,5
Tamil Nadu,Namakkal,692,26
Tamil Nadu,Nilgiris,0,2
Tamil Nadu,Perambalur,5,0
Tamil Nadu,Pudukkottai,68,2
Tamil Nadu,Ramanathapuram,453,59
Tamil Nadu,Salem,475,70
Tamil Nadu,Sivaganga,1865,484
Tamil Nadu,Thanjavur,211,9
Tamil Nadu,The Nilgiris,2218,108
Tamil Nadu,Theni,100,1
Tamil Nadu,Thiruvarur,252,3
Tamil Nadu,Thoothukkudi,702,52
Tamil Nadu,Tiruchirappalli,1808,21
Tamil Nadu,Tirunelveli,1135,29
Tamil Nadu,Tiruppur,2074,190
Tamil Nadu,Tiruvallur,3039,257
Tamil Nadu,Tiruvannamalai,2746,220
Tamil Nadu,Tiruvarur,2,0
Tamil Nadu,Vellore,1918,294
Tamil Nadu,Villupuram,289,0
Tamil Nadu,Viluppuram,1003,503
Tamil Nadu,Virudhunagar,532,104
Tripura,Dhalai,52,35
Tripura,Gomati,2,0
Tripura,Khowai,0,3
Tripura,North Tripura,70,4
Tripura,Sepahijala,6,2
Tripura,South Tripura,35,0
Tripura,Unakoti,1,0
Tripura,West Tripura,90,20
Uttar Pradesh,Agra,50,16
Uttar Pradesh,Aligarh,49,1
Uttar Pradesh,Allahabad,103,1
Uttar Pradesh,Ambedkar Nagar,43,1
Uttar Pradesh,Amethi,931,22
Uttar Pradesh,Amroha,764,4
Uttar Pradesh,Auraiya,10,0
Uttar Pradesh,Azamgarh,275,3
Uttar Pradesh,Baghpat,10,0
Uttar Pradesh,Bahraich,14,0
Uttar Pradesh,Ballia,124,4
Uttar Pradesh,Balrampur,30,2
Uttar Pradesh,Banda,100,37
Uttar Pradesh,Bara Banki,37,14
Uttar Pradesh,Bareilly,88,264
Uttar Pradesh,Basti,624,6
Uttar Pradesh,Bijnor,679,48
Uttar Pradesh,Budaun,16,0
Uttar Pradesh,Bulandshahr,97,33
Uttar Pradesh,Chandauli,351,7
Uttar Pradesh,Chitrakoot,275,28
Uttar Pradesh,Deoria,138,41
Uttar Pradesh,Etah,15,1
Uttar Pradesh,Etawah,220,95
Uttar Pradesh,Faizabad,611,16
Uttar Pradesh,Farrukhabad,179,1
Uttar Pradesh,Fatehpur,57,0
Uttar Pradesh,Firozabad,9,0
Uttar Pradesh,Gautam Buddha Nagar,203,1
Uttar Pradesh,Ghaziabad,284,74
Uttar Pradesh,Ghazipur,224,8
Uttar Pradesh,Gonda,169,16
Uttar Pradesh,Gorakhpur,357,3
Uttar Pradesh,Hamirpur,1,0
Uttar Pradesh,Hardoi,10,1
Uttar Pradesh,Hathras,43,0
Uttar Pradesh,Jalaun,9,0
Uttar Pradesh,Jaunpur,41,1
Uttar Pradesh,Jhansi,139,3
Uttar Pradesh,Kannauj,29,3
Uttar Pradesh,Kanpur Dehat,3,1
Uttar Pradesh,Kanpur Nagar,55,1
Uttar Pradesh,Kasganj,4,0
Uttar Pradesh,Kaushambi,14,0
Uttar Pradesh,Kheri,7,0
Uttar Pradesh,Kushinagar,43,0
Uttar Pradesh,Lalitpur,3,0
Uttar Pradesh,Lucknow,7,2
Uttar Pradesh,Maharajganj,247,4
Uttar Pradesh,Mahoba,100,7
Uttar Pradesh,Mainpuri,90,15
Uttar Pradesh,Mathura,36,1
Uttar Pradesh,Mau,23,0
Uttar Pradesh,Meerut,45,8
Uttar Pradesh,Mirzapur,19,1
Uttar Pradesh,Moradabad,7,0
Uttar Pradesh,Muzaffarnagar,19,1
Uttar Pradesh,Pilibhit,120,53
Uttar Pradesh,Pratapgarh,436,86
Uttar Pradesh,Rae Bareli,1008,58
Uttar Pradesh,Raebareli,1,0
Uttar Pradesh,Rampur,6,0
Uttar Pradesh,Saharanpur,139,14
Uttar Pradesh,Sambhal,4,0
Uttar Pradesh,Sant Kabir Nagar,1164,13
Uttar Pradesh,Sant Ravidas Nagar,279,24
Uttar Pradesh,Sant Ravidas Nagar Bhadohi,1,0
Uttar Pradesh,Shahjahanpur,66,420
Uttar Pradesh,Shamli,4,0
Uttar Pradesh,Shrawasti,34,25
Uttar Pradesh,Siddharthnagar,150,2
Uttar Pradesh,Sitapur,5,0
Uttar Pradesh,Sonbhadra,70,15
Uttar Pradesh,Sultanpur,24,0
Uttar Pradesh,Unnao,20,2
Uttar Pradesh,Varanasi,913,91
Uttarakhand,Almora,13,3
Uttarakhand,Bageshwar,12,0
Uttarakhand,Chamoli,5,0
Uttarakhand,Champawat,9,2
Uttarakhand,Dehradun,55,2
Uttarakhand,Haridwar,1135,5
Uttarakhand,Nainital,37,1
Uttarakhand,Pauri Garhwal,15,2
Uttarakhand,Pithoragarh,14,0
Uttarakhand,Rudraprayag,1,0
Uttarakhand,Tehri Garhwal,38,4
Uttarakhand,Udham Singh Nagar,96,62
Uttarakhand,Uttarkashi,4,0
West Bengal,Bankura,159,21
West Bengal,Barddhaman,825,10
West Bengal,Bardhaman,32,11
West Bengal,Birbhum,503,29
West Bengal,Cooch Behar,49,15
West Bengal,Dakshin Dinajpur,98,111
West Bengal,Darjeeling,819,5
West Bengal,East Midnapore,998,1174
West Bengal,Hooghly,5004,115
West Bengal,Howrah,40,37
West Bengal,Jalpaiguri,1197,4
West Bengal,Kolkata,48,160
West Bengal,Malda,343,53
West Bengal,Medinipur,73,141
West Bengal,Murshidabad,304,127
West Bengal,Nadia,2945,95
West Bengal,North 24 Parganas,2918,309
West Bengal,North Dinajpur,11,0
West Bengal,Paschim Medinipur,58,0
West Bengal,Purba Medinipur,111,14
West Bengal,Purulia,2,0
West Bengal,Puruliya,181,0
West Bengal,South 24 Parganas,55,3
West Bengal,South Twenty Four Parganas,44,120
West Bengal,Uttar Dinajpur,3104,46
West Bengal,West Midnapore,31,4
