State,District,Aadhaar generated,Enrolment Rejected
Andaman and Nicobar Islands,North And Middle Andaman,1,0
Andaman and Nicobar Islands,South Andaman,1,0
Andhra Pradesh,Adilabad,1358,15
Andhra Pradesh,Ananthapur,246,12
Andhra Pradesh,Chittoor,92,10
Andhra Pradesh,Cuddapah,8,0
Andhra Pradesh,East Godavari,283,15
Andhra Pradesh,Guntur,404,5
Andhra Pradesh,Hyderabad,500,17
Andhra Pradesh,K.v. Rangareddy,2374,26
Andhra Pradesh,Karim Nagar,1,0
Andhra Pradesh,Karimnagar,1670,39
Andhra Pradesh,Khammam,1587,14
Andhra Pradesh,Krishna,64,2
Andhra Pradesh,Kurnool,1349,294
Andhra Pradesh,Mahabubnagar,1472,3
Andhra Pradesh,Mahbubnagar,1,0
Andhra Pradesh,Medak,1144,24
Andhra Pradesh,Nalgonda,1304,22
Andhra Pradesh,Nellore,102,1
Andhra Pradesh,Nizamabad,2560,4
Andhra Pradesh,Prakasam,384,9
Andhra Pradesh,Srikakulam,45,219
Andhra Pradesh,Visakhapatnam,3377,57
Andhra Pradesh,Vizianagaram,785,97
Andhra Pradesh,Warangal,601,7
Andhra Pradesh,West Godavari,1239,6
Arunachal Pradesh,Lohit,1,0
Arunachal Pradesh,Lower Dibang Valley,1,0
Assam,Baksa,6,0
Assam,Barpeta,2,0
Assam,Cachar,8,0
Assam,Chirang,10,0
Assam,Darrang,1,0
Assam,Dhemaji,2,0
Assam,Dhubri,7,0
Assam,Goalpara,1,0
Assam,Golaghat,2,0
Assam,Hailakandi,4,0
Assam,Jorhat,4,0
Assam,Kamrup,13,0
Assam,Kamrup Metro,1,0
Assam,Karbi Anglong,1,0
Assam,Karimganj,2,0
Assam,Kokrajhar,2,0
Assam,Nagaon,9,0
Assam,Nalbari,3,0
Assam,North Cachar Hills,1,0
Assam,Sibsagar,2,0
Assam,Sonitpur,3,0
Assam,Tinsukia,2,0
Assam,Udalguri,7,0
Bihar,Araria,38,0
Bihar,Arwal,542,0
Bihar,Aurangabad,29,0
Bihar,Banka,284,0
Bihar,Begusarai,46,1
Bihar,Bhagalpur,65,1
Bihar,Bhojpur,73,3
Bihar,Buxar,43,0
Bihar,Darbhanga,154,1
Bihar,East Champaran,96,2
Bihar,Gaya,65,0
Bihar,Gopalganj,322,2
Bihar,Jamui,337,1
Bihar,Jehanabad,21,0
Bihar,Kaimur (Bhabua),23,0
Bihar,Katihar,416,0
Bihar,Khagaria,25,1
Bihar,Kishanganj,83,0
Bihar,Lakhisarai,19,0
Bihar,Madhepura,27,0
Bihar,Madhubani,146,2
Bihar,Munger,30,0
Bihar,Muzaffarpur,104,0
Bihar,Nalanda,1310,27
Bihar,Nawada,31,0
Bihar,Patna,108,2
Bihar,Purnia,34,0
Bihar,Rohtas,772,1
Bihar,Saharsa,3101,7
Bihar,Samastipur,79,0
Bihar,Saran,114,0
Bihar,Sheikhpura,143,4
Bihar,Sheohar,276,0
Bihar,Sitamarhi,85,1
Bihar,Siwan,96,0
Bihar,Supaul,25,0
Bihar,Vaishali,1539,1
Bihar,West Champaran,47,0
Chandigarh,Chandigarh,212,0
Chhattisgarh,Balod,6,0
Chhattisgarh,Baloda Bazar,4,0
Chhattisgarh,Balrampur,2,0
Chhattisgarh,Bastar,15,0
Chhattisgarh,Bemetara,239,0
Chhattisgarh,Bijapur,1,0
Chhattisgarh,Bilaspur,6,0
Chhattisgarh,Dhamtari,187,0
Chhattisgarh,Durg,15,0
Chhattisgarh,Janjgir-champa,1104,0
Chhattisgarh,Jashpur,6,0
Chhattisgarh,Kawardha,2,0
Chhattisgarh,Korba,185,0
Chhattisgarh,Koriya,1003,6
Chhattisgarh,Mahasamund,1,0
Chhattisgarh,Mungeli,66,0
Chhattisgarh,Mungeli ,2,0
Chhattisgarh,Raigarh,17,0
Chhattisgarh,Raipur,9,0
Chhattisgarh,Rajnandgaon,1839,1
Chhattisgarh,Surajpur,1,0
Chhattisgarh,Surajpur ,1,0
Chhattisgarh,Surguja,1,0
Dadra and Nagar Haveli,Dadra and Nagar Haveli,311,3
Daman and Diu,Daman,46,0
Daman and Diu,Diu,1,0
Delhi,Central Delhi,211,10
Delhi,East Delhi,451,32
Delhi,Najafgarh,1,0
Delhi,New Delhi,83,6
Delhi,North Delhi,165,0
Delhi,North East,34,1
Delhi,North East Delhi,278,17
Delhi,North West Delhi,587,22
Delhi,South Delhi,916,18
Delhi,South West Delhi,571,34
Delhi,West Delhi,688,4
Goa,North Goa,21,0
Goa,South Goa,12,0
Gujarat,Ahmadabad,41,0
Gujarat,Ahmedabad,3179,21
Gujarat,Amreli,4962,5
Gujarat,Anand,855,0
Gujarat,Banaskantha,7946,28
Gujarat,Bharuch,1094,8
Gujarat,Bhavnagar,2124,0
Gujarat,Dahod,1907,9
Gujarat,Dohad,1522,3
Gujarat,Gandhinagar,107,2
Gujarat,Jamnagar,5167,23
Gujarat,Junagadh,2478,23
Gujarat,Kachchh,1806,0
Gujarat,Kheda,1022,1
Gujarat,Mahesana,301,0
Gujarat,Narmada,628,0
Gujarat,Navsari,1697,2
Gujarat,Panchmahals,1225,30
Gujarat,Patan,2430,2
Gujarat,Porbandar,938,2
Gujarat,Rajkot,3118,17
Gujarat,Sabarkantha,501,6
Gujarat,Surat,1036,1
Gujarat,Surendra Nagar,1673,2
Gujarat,Tapi,456,2
Gujarat,The Dangs,24,1
Gujarat,Vadodara,2544,30
Gujarat,Valsad,406,0
Haryana,Ambala,304,4
Haryana,Bhiwani,5275,18
Haryana,Faridabad,2504,24
Haryana,Fatehabad,2470,12
Haryana,Gurgaon,2269,20
Haryana,Hisar,3917,16
Haryana,Jhajjar,1634,3
Haryana,Jind,3247,21
Haryana,Kaithal,521,2
Haryana,Karnal,2610,7
Haryana,Kurukshetra,584,1
Haryana,Mahendragarh,3278,6
Haryana,Mewat,2652,8
Haryana,Palwal,519,1
Haryana,Panchkula,799,8
Haryana,Panipat,898,12
Haryana,Rewari,2006,7
Haryana,Rohtak,1671,5
Haryana,Sirsa,536,3
Haryana,Sonipat,241,4
Haryana,Yamuna Nagar,1830,13
Himachal Pradesh,Bilaspur,5,0
Himachal Pradesh,Chamba,33,0
Himachal Pradesh,Hamirpur,33,3
Himachal Pradesh,Kangra,244,1
Himachal Pradesh,Kinnaur,66,0
Himachal Pradesh,Kullu,22,1
Himachal Pradesh,Lahul and Spiti,23,0
Himachal Pradesh,Mandi,23,1
Himachal Pradesh,Shimla,230,59
Himachal Pradesh,Sirmaur,23,2
Himachal Pradesh,Solan,74,1
Himachal Pradesh,Una,22,1
Jammu and Kashmir,Anantnag,103,1
Jammu and Kashmir,Badgam,2,0
Jammu and Kashmir,Baramula,2,0
Jammu and Kashmir,Doda,153,2
Jammu and Kashmir,Jammu,930,2
Jammu and Kashmir,Kargil,6,0
Jammu and Kashmir,Kathua,427,0
Jammu and Kashmir,Kupwara,0,1
Jammu and Kashmir,Pulwama,1753,0
Jammu and Kashmir,Rajouri,7,0
Jammu and Kashmir,Srinagar,17,1
Jammu and Kashmir,Udhampur,1038,0
Jharkhand,Bokaro,427,2
Jharkhand,Chatra,811,3
Jharkhand,Deoghar,4039,38
Jharkhand,Dhanbad,771,7
Jharkhand,Dumka,1121,1
Jharkhand,East Singhbhum,4308,13
Jharkhand,Garhwa,404,0
Jharkhand,Giridih,1193,2
Jharkhand,Godda,2615,55
Jharkhand,Gumla,1386,2
Jharkhand,Hazaribagh,259,8
Jharkhand,Jamtara,964,4
Jharkhand,Khunti,146,0
Jharkhand,Koderma,824,5
Jharkhand,Latehar,926,6
Jharkhand,Lohardaga,259,0
Jharkhand,Pakur,2345,22
Jharkhand,Palamu,1422,1
Jharkhand,Ramgarh,118,0
Jharkhand,Ranchi,788,4
Jharkhand,Sahebganj,1735,8
Jharkhand,Seraikela-Kharsawan,205,3
Jharkhand,Simdega,238,1
Jharkhand,West Singhbhum,5149,49
Karnataka,Bagalkot,752,186
Karnataka,Bangalore,5435,44
Karnataka,Bangalore Rural,764,3
Karnataka,Belgaum,11641,4
Karnataka,Bellary,2381,7
Karnataka,Bidar,541,6
Karnataka,Bijapur,1075,6
Karnataka,Chamrajanagar,782,27
Karnataka,Chickmagalur,353,18
Karnataka,Chikkaballapur,49,0
Karnataka,Chitradurga,3489,5
Karnataka,Dakshina Kannada,1205,13
Karnataka,Davangere,238,1
Karnataka,Dharwad,234,2
Karnataka,Gadag,167,0
Karnataka,Gulbarga,434,3
Karnataka,Hassan,2784,8
Karnataka,Haveri,82,4
Karnataka,Kodagu,237,0
Karnataka,Kolar,1677,9
Karnataka,Koppal,945,2
Karnataka,Mandya,713,0
Karnataka,Mysore,286,3
Karnataka,Raichur,2434,13
Karnataka,Ramanagar,1836,1
Karnataka,Shimoga,1091,1
Karnataka,Tumkur,871,0
Karnataka,Udupi,353,2
Karnataka,Uttara Kannada,1168,1
Karnataka,Yadgir,310,5
Kerala,Alappuzha,193,0
Kerala,Ernakulam,475,1
Kerala,Idukki,83,0
Kerala,Kannur,221,5
Kerala,Kasaragod,323,1
Kerala,Kasargod,89,0
Kerala,Kollam,259,0
Kerala,Kottayam,452,2
Kerala,Kozhikode,373,0
Kerala,Malappuram,751,2
Kerala,Palakkad,204,0
Kerala,Pathanamthitta,66,0
Kerala,Thiruvananthapuram,412,0
Kerala,Thrissur,546,0
Kerala,Wayanad,27,0
Madhya Pradesh,Alirajpur,705,110
Madhya Pradesh,Anuppur,1036,11
Madhya Pradesh,Ashok Nagar,228,24
Madhya Pradesh,Balaghat,5430,44
Madhya Pradesh,Barwani,325,7
Madhya Pradesh,Betul,1363,6
Madhya Pradesh,Bhind,1178,14
Madhya Pradesh,Bhopal,991,19
Madhya Pradesh,Burhanpur,355,0
Madhya Pradesh,Chhatarpur,1046,37
Madhya Pradesh,Chhindwara,2784,17
Madhya Pradesh,Damoh,913,20
Madhya Pradesh,Datia,222,2
Madhya Pradesh,Dewas,177,10
Madhya Pradesh,Dhar,1197,47
Madhya Pradesh,Dindori,869,29
Madhya Pradesh,Guna,1598,61
Madhya Pradesh,Gwalior,1154,5
Madhya Pradesh,Harda,109,2
Madhya Pradesh,Hoshangabad,141,1
Madhya Pradesh,Indore,1056,41
Madhya Pradesh,Jabalpur,1205,48
Madhya Pradesh,Jhabua,877,632
Madhya Pradesh,Katni,1414,22
Madhya Pradesh,Khandwa,290,24
Madhya Pradesh,Khargone,1704,117
Madhya Pradesh,Mandla,1151,44
Madhya Pradesh,Mandsaur,196,0
Madhya Pradesh,Morena,1477,3
Madhya Pradesh,Narsinghpur,2695,98
Madhya Pradesh,Neemuch,17,0
Madhya Pradesh,Panna,587,8
Madhya Pradesh,Raisen,1197,23
Madhya Pradesh,Rajgarh,1004,44
Madhya Pradesh,Ratlam,353,5
Madhya Pradesh,Rewa,1332,107
Madhya Pradesh,Sagar,1552,29
Madhya Pradesh,Satna,1401,56
Madhya Pradesh,Sehore,1200,2
Madhya Pradesh,Seoni,642,24
Madhya Pradesh,Shahdol,1453,56
Madhya Pradesh,Shajapur,192,1
Madhya Pradesh,Sheopur,49,0
Madhya Pradesh,Shivpuri,835,28
Madhya Pradesh,Sidhi,618,22
Madhya Pradesh,Singrauli,1112,33
Madhya Pradesh,Tikamgarh,1209,1
Madhya Pradesh,Ujjain,2574,29
Madhya Pradesh,Umaria,589,30
Madhya Pradesh,Vidisha,240,16
Maharashtra,Ahmadnagar,1710,13
Maharashtra,Ahmed Nagar,2,0
Maharashtra,Akola,1247,21
Maharashtra,Amravati,458,18
Maharashtra,Aurangabad,1681,25
Maharashtra,Beed,1848,10
Maharashtra,Bhandara,515,5
Maharashtra,Buldhana,2584,13
Maharashtra,Chandrapur,1459,1
Maharashtra,Dhule,1252,4
Maharashtra,Gadchiroli,767,4
Maharashtra,Gondia,1,0
Maharashtra,Gondiya,829,0
Maharashtra,Hingoli,597,3
Maharashtra,Jalgaon,1492,13
Maharashtra,Jalna,689,1
Maharashtra,Kolhapur,4413,9
Maharashtra,Latur,344,0
Maharashtra,Mumbai,2368,35
Maharashtra,Mumbai City,1,0
Maharashtra,Nagpur,3973,14
Maharashtra,Nanded,1561,6
Maharashtra,Nandurbar,357,0
Maharashtra,Nashik,3077,232
Maharashtra,Osmanabad,1269,13
Maharashtra,Parbhani,1116,0
Maharashtra,Pune,4769,8
Maharashtra,Raigarh,3045,73
Maharashtra,Raigarh(MH),3,0
Maharashtra,Ratnagiri,66,0
Maharashtra,Sangli,1535,5
Maharashtra,Satara,2801,14
Maharashtra,Sindhudurg,1946,1
Maharashtra,Solapur,905,4
Maharashtra,Thane,3823,92
Maharashtra,Wardha,78,0
Maharashtra,Washim,619,14
Maharashtra,Yavatmal,1959,2
Manipur,Bishnupur,2,0
Manipur,Churachandpur,6,0
Manipur,Imphal East,42,0
Manipur,Imphal West,21,0
Manipur,Senapati,2,0
Manipur,Tamenglong,2,0
Manipur,Thoubal,1,0
Meghalaya,East Khasi Hills,1,0
Mizoram,Champhai,1,0
Nagaland,Dimapur,3,0
Nagaland,Kiphire,1,0
Nagaland,Mokokchung,1,0
Nagaland,Phek,1,0
Odisha,Angul,8,0
Odisha,Anugul,1704,0
Odisha,Balangir,13,0
Odisha,Baleswar,428,3
Odisha,Bargarh,33,0
Odisha,Bhadrak,64,0
Odisha,Cuttack,69,0
Odisha,Debagarh,3,0
Odisha,Dhenkanal,3072,4
Odisha,Gajapati,11195,117
Odisha,Ganjam,56,0
Odisha,Jagatsinghapur,12,0
Odisha,Jajapur,147,0
Odisha,Jharsuguda,24,0
Odisha,Kalahandi,1,0
Odisha,Kandhamal,3,0
Odisha,Kendrapara,6965,4235
Odisha,Kendujhar,384,0
Odisha,Khorda,18,0
Odisha,Khordha,3,0
Odisha,Koraput,2,0
Odisha,Mayurbhanj,339,0
Odisha,Nabarangapur,2,0
Odisha,Nayagarh,278,0
Odisha,Nuapada,4,0
Odisha,Puri,25,0
Odisha,Rayagada,1,0
Odisha,Sambalpur,12013,778
Odisha,Sundergarh,21,1
Others,Others,85,6819
Puducherry,Karaikal,153,31
Puducherry,Puducherry,35,0
Puducherry,Yanam,1,0
Punjab,Amritsar,3132,40
Punjab,Barnala,193,11
Punjab,Bathinda,1049,27
Punjab,Faridkot,191,2
Punjab,Fatehgarh Sahib,83,0
Punjab,Fazilka,138,18
Punjab,Ferozepur,661,2
Punjab,Gurdaspur,222,10
Punjab,Hoshiarpur,1305,23
Punjab,Jalandhar,290,10
Punjab,Kapurthala,305,6
Punjab,Ludhiana,995,11
Punjab,Mansa,903,7
Punjab,Moga,475,53
Punjab,Muktsar,9,0
Punjab,Pathankot,515,1
Punjab,Patiala,1029,15
Punjab,Rupnagar,1175,2
Punjab,SAS Nagar (Mohali),690,1
Punjab,Sangrur,637,7
Punjab,Shaheed Bhagat Singh Nagar,188,5
Punjab,Sri Muktsar Sahib,1454,26
Punjab,Tarn Taran,3993,24
Rajasthan,Ajmer,367,0
Rajasthan,Alwar,1083,18
Rajasthan,Banswara,1518,22
Rajasthan,Baran,647,3
Rajasthan,Barmer,1020,6
Rajasthan,Bharatpur,3202,7
Rajasthan,Bhilwara,4199,15
Rajasthan,Bikaner,2539,10
Rajasthan,Bundi,342,10
Rajasthan,Chittorgarh,1251,13
Rajasthan,Churu,633,4
Rajasthan,Dausa,493,10
Rajasthan,Dholpur,1311,15
Rajasthan,Dungarpur,1027,5
Rajasthan,Ganganagar,2500,7
Rajasthan,Hanumangarh,807,14
Rajasthan,Jaipur,6003,103
Rajasthan,Jaisalmer,764,0
Rajasthan,Jalor,1675,16
Rajasthan,Jhalawar,574,3
Rajasthan,Jhunjhunu,2,0
Rajasthan,Jhunjhunun,790,3
Rajasthan,Jodhpur,5356,67
Rajasthan,Karauli,1066,4
Rajasthan,Kota,1079,0
Rajasthan,Nagaur,1962,15
Rajasthan,Pali,1419,21
Rajasthan,Pratapgarh,324,26
Rajasthan,Rajsamand,223,3
Rajasthan,Sawai Madhopur,756,11
Rajasthan,Sikar,3297,43
Rajasthan,Sirohi,612,60
Rajasthan,Tonk,756,1
Rajasthan,Udaipur,346,1
Sikkim,East Sikkim,91,0
Sikkim,North Sikkim,5,0
Sikkim,South Sikkim,7,0
Sikkim,West Sikkim,4,0
Tamil Nadu,Ariyalur,60,0
Tamil Nadu,Chennai,1408,3
Tamil Nadu,Coimbatore,8208,6
Tamil Nadu,Cuddalore,59,2
Tamil Nadu,Dharmapuri,90,2
Tamil Nadu,Dindigul,4598,4
Tamil Nadu,Erode,508,0
Tamil Nadu,Kancheepuram,3289,0
Tamil Nadu,Kanniyakumari,171,3
Tamil Nadu,Karur,204,4
Tamil Nadu,Krishnagiri,898,7
Tamil Nadu,Madurai,668,0
Tamil Nadu,Nagapattinam,75,0
Tamil Nadu,Namakkal,41,0
Tamil Nadu,Nilgiris,4,0
Tamil Nadu,Perambalur,2,0
Tamil Nadu,Pudukkottai,2,0
Tamil Nadu,Ramanathapuram,167,1
Tamil Nadu,Salem,221,37
Tamil Nadu,Sivaganga,1993,0
Tamil Nadu,Thanjavur,465,0
Tamil Nadu,The Nilgiris,1518,40
Tamil Nadu,Theni,2300,0
Tamil Nadu,Thiruvarur,514,0
Tamil Nadu,Thoothukkudi,1562,30
Tamil Nadu,Tiruchirappalli,66,0
Tamil Nadu,Tirunelveli,1718,0
Tamil Nadu,Tiruppur,1409,1
Tamil Nadu,Tiruvallur,1610,4
Tamil Nadu,Tiruvannamalai,826,2
Tamil Nadu,Tiruvarur,8,0
Tamil Nadu,Vellore,948,13
Tamil Nadu,Viluppuram,5666,6
Tamil Nadu,Virudhunagar,354,1
Tripura,Dhalai,220,1
Tripura,Gomati,7,0
Tripura,Khowai,7,0
Tripura,North Tripura,134,12
Tripura,Sepahijala,19,0
Tripura,South Tripura,42,1
Tripura,Unakoti,4,0
Tripura,West Tripura,187,5
Uttar Pradesh,Agra,120,1
Uttar Pradesh,Aligarh,103,0
Uttar Pradesh,Allahabad,537,1
Uttar Pradesh,Ambedkar Nagar,82,1
Uttar Pradesh,Amethi,1840,5
Uttar Pradesh,Amroha,341,27
Uttar Pradesh,Auraiya,28,0
Uttar Pradesh,Azamgarh,497,1
Uttar Pradesh,Baghpat,19,0
Uttar Pradesh,Bahraich,43,0
Uttar Pradesh,Ballia,242,1
Uttar Pradesh,Balrampur,77,1
Uttar Pradesh,Banda,298,0
Uttar Pradesh,Bara Banki,530,0
Uttar Pradesh,Bareilly,1226,2
Uttar Pradesh,Basti,274,3
Uttar Pradesh,Bijnor,416,77
Uttar Pradesh,Budaun,20,0
Uttar Pradesh,Bulandshahr,44,0
Uttar Pradesh,Chandauli,1908,3
Uttar Pradesh,Chitrakoot,1093,0
Uttar Pradesh,Deoria,340,3
Uttar Pradesh,Etah,19,1
Uttar Pradesh,Etawah,1018,0
Uttar Pradesh,Faizabad,1022,7
Uttar Pradesh,Farrukhabad,1374,12
Uttar Pradesh,Fatehpur,357,0
Uttar Pradesh,Firozabad,23,0
Uttar Pradesh,Gautam Buddha Nagar,427,5
Uttar Pradesh,Ghaziabad,1039,103
Uttar Pradesh,Ghazipur,1425,18
Uttar Pradesh,Gonda,437,1
Uttar Pradesh,Gorakhpur,1477,5
Uttar Pradesh,Hamirpur,2,0
Uttar Pradesh,Hardoi,45,0
Uttar Pradesh,Hathras,105,0
Uttar Pradesh,Jalaun,22,0
Uttar Pradesh,Jaunpur,112,1
Uttar Pradesh,Jhansi,579,4
Uttar Pradesh,Kannauj,17,0
Uttar Pradesh,Kanpur Dehat,23,0
Uttar Pradesh,Kanpur Nagar,73,1
Uttar Pradesh,Kasganj,17,0
Uttar Pradesh,Kaushambi,40,0
Uttar Pradesh,Kheri,19,0
Uttar Pradesh,Kushinagar,78,1
Uttar Pradesh,Lalitpur,5,0
Uttar Pradesh,Lucknow,32,1
Uttar Pradesh,Maharajganj,164,1
Uttar Pradesh,Mahoba,526,2
Uttar Pradesh,Mainpuri,119,0
Uttar Pradesh,Mathura,49,1
Uttar Pradesh,Mau,59,1
Uttar Pradesh,Meerut,40,0
Uttar Pradesh,Mirzapur,32,0
Uttar Pradesh,Moradabad,13,1
Uttar Pradesh,Muzaffarnagar,25,0
Uttar Pradesh,Pilibhit,1330,0
Uttar Pradesh,Pratapgarh,478,0
Uttar Pradesh,Rae Bareli,2628,4
Uttar Pradesh,Raebareli,1,0
Uttar Pradesh,Rampur,6,0
Uttar Pradesh,Saharanpur,694,1
Uttar Pradesh,Sambhal,10,0
Uttar Pradesh,Sant Kabir Nagar,1347,1
Uttar Pradesh,Sant Ravidas Nagar,101,0
Uttar Pradesh,Sant Ravidas Nagar Bhadohi,1,0
Uttar Pradesh,Shahjahanpur,1669,0
Uttar Pradesh,Shamli,13,0
Uttar Pradesh,Shrawasti,354,0
Uttar Pradesh,Siddharthnagar,415,9
Uttar Pradesh,Sitapur,10,0
Uttar Pradesh,Sonbhadra,91,1
Uttar Pradesh,Sultanpur,61,0
Uttar Pradesh,Unnao,45,0
Uttar Pradesh,Varanasi,2106,14
Uttarakhand,Almora,25,0
Uttarakhand,Bageshwar,13,0
Uttarakhand,Chamoli,6,0
Uttarakhand,Champawat,20,0
Uttarakhand,Dehradun,29,0
Uttarakhand,Garhwal,1,0
Uttarakhand,Haridwar,811,3
Uttarakhand,Nainital,15,0
Uttarakhand,Pauri Garhwal,26,0
Uttarakhand,Pithoragarh,17,0
Uttarakhand,Rudraprayag,8,0
Uttarakhand,Tehri Garhwal,158,0
Uttarakhand,Udham Singh Nagar,349,0
Uttarakhand,Uttarkashi,6,1
West Bengal,Bankura,1879,25
West Bengal,Barddhaman,3981,3
West Bengal,Bardhaman,151,1
West Bengal,Birbhum,1726,1
West Bengal,Cooch Behar,253,0
West Bengal,Dakshin Dinajpur,1449,0
West Bengal,Darjeeling,170,0
West Bengal,East Midnapore,8788,2270
West Bengal,Hooghly,9414,29
West Bengal,Howrah,31,0
West Bengal,Jalpaiguri,802,0
West Bengal,Kolkata,243,10
West Bengal,Malda,321,12
West Bengal,Medinipur,304,183
West Bengal,Murshidabad,468,13
West Bengal,Nadia,3309,0
West Bengal,North 24 Parganas,13787,12
West Bengal,North Dinajpur,4,0
West Bengal,Paschim Medinipur,689,0
West Bengal,Purba Medinipur,1109,1
West Bengal,Purulia,1,0
West Bengal,Puruliya,248,0
West Bengal,South 24 Parganas,37,0
West Bengal,South Twenty Four Parganas,305,0
West Bengal,Uttar Dinajpur,246,12
West Bengal,West Midnapore,95,38
