State,District,Aadhaar generated,Enrolment Rejected
Andaman and Nicobar Islands,South Andaman,1,0
Andhra Pradesh,Adilabad,4013,168
Andhra Pradesh,Anantapur,14,3
Andhra Pradesh,Ananthapur,2213,111
Andhra Pradesh,Chittoor,325,10
Andhra Pradesh,Cuddapah,603,25
Andhra Pradesh,East Godavari,616,34
Andhra Pradesh,Guntur,583,11
Andhra Pradesh,Hyderabad,2067,64
Andhra Pradesh,K.V.Rangareddy,13,1
Andhra Pradesh,K.v. Rangareddy,2994,146
Andhra Pradesh,Karim Nagar,6,0
Andhra Pradesh,Karimnagar,3665,176
Andhra Pradesh,Khammam,2789,44
Andhra Pradesh,Krishna,625,20
Andhra Pradesh,Kurnool,147011,211
Andhra Pradesh,Mahabub Nagar,16748,145
Andhra Pradesh,Mahabubnagar,3408,159
Andhra Pradesh,Mahbubnagar,6625,46
Andhra Pradesh,Medak,4401,194
Andhra Pradesh,Nalgonda,8587,85
Andhra Pradesh,Nellore,22542,51
Andhra Pradesh,Nizamabad,2775,119
Andhra Pradesh,Prakasam,3269,97
Andhra Pradesh,Srikakulam,772,28
Andhra Pradesh,Visakhapatnam,3955,204
Andhra Pradesh,Vizianagaram,738,38
Andhra Pradesh,Warangal,24934,106
Andhra Pradesh,West Godavari,4142,164
Arunachal Pradesh,Lohit,1,0
Arunachal Pradesh,Lower Subansiri,1,0
Arunachal Pradesh,West Kameng,1,0
Assam,Baksa,9,0
Assam,Barpeta,4,0
Assam,Bongaigaon,3,0
Assam,Cachar,28,0
Assam,Chirang,4,0
Assam,Dhemaji,3,0
Assam,Dhubri,6,0
Assam,Dibrugarh,2,0
Assam,Golaghat,3,0
Assam,Hailakandi,7,0
Assam,Jorhat,3,0
Assam,Kamrup,14,1
Assam,Kamrup Metro,6,0
Assam,Karbi Anglong,3,0
Assam,Karimganj,15,0
Assam,Kokrajhar,1,0
Assam,Lakhimpur,2,1
Assam,Marigaon,2,0
Assam,Nagaon,20,0
Assam,Nalbari,4,0
Assam,North Cachar Hills,1,0
Assam,Sibsagar,9,0
Assam,Sonitpur,12,1
Assam,Tinsukia,4,0
Assam,Udalguri,19,0
Bihar,Araria,64,1
Bihar,Arwal,1121,20
Bihar,Aurangabad,81,1
Bihar,Aurangabad(BH),5,0
Bihar,Banka,84,3
Bihar,Begusarai,106,3
Bihar,Bhabua,1,0
Bihar,Bhagalpur,116,2
Bihar,Bhojpur,121,2
Bihar,Buxar,64,0
Bihar,Darbhanga,1180,19
Bihar,East Champaran,254,3
Bihar,Gaya,179,4
Bihar,Gopalganj,512,28
Bihar,Jamui,200,2
Bihar,Jehanabad,46,1
Bihar,Kaimur (Bhabua),64,0
Bihar,Katihar,712,2
Bihar,Khagaria,63,1
Bihar,Kishanganj,394,13
Bihar,Lakhisarai,39,0
Bihar,Madhepura,41,0
Bihar,Madhubani,288,8
Bihar,Munger,43,0
Bihar,Muzaffarpur,182,1
Bihar,Nalanda,1249,23
Bihar,Nawada,113,3
Bihar,Patna,616,21
Bihar,Purnia,59,0
Bihar,Rohtas,987,9
Bihar,Saharsa,5860,22
Bihar,Samastipur,169,6
Bihar,Saran,227,4
Bihar,Sheikhpura,282,0
Bihar,Sheohar,994,15
Bihar,Sitamarhi,148,5
Bihar,Siwan,181,3
Bihar,Supaul,65,0
Bihar,Vaishali,813,5
Bihar,West Champaran,93,1
Chandigarh,Chandigarh,230,4
Chhattisgarh,Balod,43,0
Chhattisgarh,Baloda Bazar,2,0
Chhattisgarh,Bastar,439,2
Chhattisgarh,Bemetara,355,0
Chhattisgarh,Bilaspur,27,0
Chhattisgarh,Dhamtari,1672,2
Chhattisgarh,Durg,152,0
Chhattisgarh,Gariyaband ,3,0
Chhattisgarh,Janjgir-champa,1685,3
Chhattisgarh,Jashpur,5,0
Chhattisgarh,Kanker,2,0
Chhattisgarh,Kawardha,10,0
Chhattisgarh,Korba,1319,5
Chhattisgarh,Koriya,2199,70
Chhattisgarh,Mahasamund,3214,0
Chhattisgarh,Mungeli,163,0
Chhattisgarh,Mungeli ,2,0
Chhattisgarh,Raigarh,7,0
Chhattisgarh,Raipur,15,1
Chhattisgarh,Rajnandgaon,580,1
Chhattisgarh,Surajpur ,1,0
Chhattisgarh,Surguja,5,0
Dadra and Nagar Haveli,Dadra and Nagar Haveli,464,9
Daman and Diu,Daman,31,5
Daman and Diu,Diu,22,0
Delhi,Central Delhi,1016,54
Delhi,East Delhi,1417,192
Delhi,New Delhi,90,27
Delhi,North Delhi,582,42
Delhi,North East,161,3
Delhi,North East Delhi,1141,207
Delhi,North West Delhi,3088,271
Delhi,South Delhi,3067,360
Delhi,South West Delhi,853,107
Delhi,West Delhi,6432,195
Goa,North Goa,208,27
Goa,South Goa,119,4
Gujarat,Ahmadabad,50,1
Gujarat,Ahmedabad,2373,53
Gujarat,Amreli,1159,9
Gujarat,Anand,3078,12
Gujarat,Banaskantha,2415,16
Gujarat,Bharuch,1056,26
Gujarat,Bhavnagar,2610,35
Gujarat,Dahod,3469,59
Gujarat,Dohad,940,16
Gujarat,Gandhinagar,911,6
Gujarat,Jamnagar,1795,19
Gujarat,Junagadh,4157,106
Gujarat,Kachchh,2466,29
Gujarat,Kheda,5124,53
Gujarat,Mahesana,2100,8
Gujarat,Narmada,319,28
Gujarat,Navsari,2782,29
Gujarat,Panchmahals,702,51
Gujarat,Patan,748,17
Gujarat,Porbandar,155,7
Gujarat,Rajkot,5188,128
Gujarat,Sabarkantha,1349,107
Gujarat,Surat,2673,81
Gujarat,Surendra Nagar,3859,9
Gujarat,Tapi,730,19
Gujarat,The Dangs,154,0
Gujarat,Vadodara,2762,24
Gujarat,Valsad,2578,40
Haryana,Ambala,926,5
Haryana,Bhiwani,7332,60
Haryana,Faridabad,4071,123
Haryana,Fatehabad,4319,80
Haryana,Gurgaon,3549,107
Haryana,Hisar,7214,80
Haryana,Jhajjar,2502,21
Haryana,Jind,8938,37
Haryana,Kaithal,2257,32
Haryana,Karnal,3726,91
Haryana,Kurukshetra,3255,22
Haryana,Mahendragarh,7702,28
Haryana,Mewat,1803,56
Haryana,Palwal,1450,58
Haryana,Panchkula,959,20
Haryana,Panipat,5630,42
Haryana,Rewari,5145,38
Haryana,Rohtak,3458,30
Haryana,Sirsa,6834,65
Haryana,Sonipat,838,15
Haryana,Yamuna Nagar,4505,14
Himachal Pradesh,Bilaspur,55,1
Himachal Pradesh,Bilaspur ,2,0
Himachal Pradesh,Chamba,585,3
Himachal Pradesh,Hamirpur,41,1
Himachal Pradesh,Kangra,1307,18
Himachal Pradesh,Kinnaur,154,8
Himachal Pradesh,Kullu,219,10
Himachal Pradesh,Lahul and Spiti,16,0
Himachal Pradesh,Mandi,162,7
Himachal Pradesh,Shimla,2121,18
Himachal Pradesh,Sirmaur,918,38
Himachal Pradesh,Solan,242,2
Himachal Pradesh,Una,115,1
Jammu and Kashmir,Anantnag,1442,17
Jammu and Kashmir,Badgam,3,0
Jammu and Kashmir,Baramula,2,0
Jammu and Kashmir,Doda,1026,0
Jammu and Kashmir,Jammu,1225,2
Jammu and Kashmir,Kargil,1167,1
Jammu and Kashmir,Kathua,269,1
Jammu and Kashmir,Kupwara,5,0
Jammu and Kashmir,Leh,1302,0
Jammu and Kashmir,Poonch,1,0
Jammu and Kashmir,Pulwama,317,10
Jammu and Kashmir,Punch,6,0
Jammu and Kashmir,Rajouri,18,0
Jammu and Kashmir,Reasi,24,0
Jammu and Kashmir,Srinagar,675,4
Jammu and Kashmir,Udhampur,355,0
Jharkhand,Bokaro,1253,39
Jharkhand,Chatra,1558,45
Jharkhand,Deoghar,1734,208
Jharkhand,Dhanbad,2069,119
Jharkhand,Dumka,1355,152
Jharkhand,East Singhbhum,4500,42
Jharkhand,Garhwa,1382,30
Jharkhand,Giridih,2025,79
Jharkhand,Godda,3024,60
Jharkhand,Gumla,2748,54
Jharkhand,Hazaribag,1,0
Jharkhand,Hazaribagh,724,37
Jharkhand,Jamtara,3055,48
Jharkhand,Khunti,265,1
Jharkhand,Kodarma,1,0
Jharkhand,Koderma,2527,32
Jharkhand,Latehar,5928,69
Jharkhand,Lohardaga,300,2
Jharkhand,Pakaur,3,0
Jharkhand,Pakur,1917,59
Jharkhand,Palamau,2,0
Jharkhand,Palamu,6535,75
Jharkhand,Ramgarh,650,12
Jharkhand,Ranchi,1239,68
Jharkhand,Sahebganj,4261,58
Jharkhand,Seraikela-Kharsawan,494,29
Jharkhand,Simdega,753,43
Jharkhand,West Singhbhum,5531,220
Karnataka,Bagalkot,9951,338
Karnataka,Bangalore,15328,483
Karnataka,Bangalore Rural,1944,70
Karnataka,Belgaum,18398,2244
Karnataka,Bellary,4819,50
Karnataka,Bidar,4320,187
Karnataka,Bijapur,8088,387
Karnataka,Bijapur(KAR),108,0
Karnataka,Chamarajanagar,2,0
Karnataka,Chamrajanagar,3861,362
Karnataka,Chickmagalur,1858,14
Karnataka,Chikkaballapur,227,8
Karnataka,Chitradurga,3757,66
Karnataka,Dakshina Kannada,6851,85
Karnataka,Davangere,904,3
Karnataka,Dharwad,19864,61
Karnataka,Gadag,1249,5
Karnataka,Gulbarga,1926,67
Karnataka,Hassan,7724,58
Karnataka,Haveri,2466,8
Karnataka,Kodagu,14679,5
Karnataka,Kolar,5089,110
Karnataka,Koppal,4641,327
Karnataka,Mandya,2162,31
Karnataka,Mysore,850,74
Karnataka,Raichur,2512,90
Karnataka,Ramanagar,2099,130
Karnataka,Shimoga,2064,33
Karnataka,Tumkur,270,26
Karnataka,Udupi,4749,5
Karnataka,Uttara Kannada,2731,8
Karnataka,Yadgir,301,1
Kerala,Alappuzha,746,13
Kerala,Ernakulam,1625,15
Kerala,Idukki,845,17
Kerala,Kannur,2396,15
Kerala,Kasaragod,753,14
Kerala,Kasargod,143,3
Kerala,Kollam,1124,30
Kerala,Kottayam,743,4
Kerala,Kozhikode,2864,25
Kerala,Malappuram,8358,116
Kerala,Palakkad,1443,45
Kerala,Pathanamthitta,223,3
Kerala,Thiruvananthapuram,1798,37
Kerala,Thrissur,1771,8
Kerala,Wayanad,69,5
Lakshadweep,Lakshadweep,19,0
Madhya Pradesh,Alirajpur,1529,219
Madhya Pradesh,Anuppur,2167,55
Madhya Pradesh,Ashok Nagar,599,10
Madhya Pradesh,Balaghat,6187,290
Madhya Pradesh,Barwani,757,53
Madhya Pradesh,Betul,2329,43
Madhya Pradesh,Bhind,2129,31
Madhya Pradesh,Bhopal,1224,106
Madhya Pradesh,Burhanpur,561,47
Madhya Pradesh,Chhatarpur,2303,64
Madhya Pradesh,Chhindwara,5019,108
Madhya Pradesh,Damoh,1919,43
Madhya Pradesh,Datia,2521,49
Madhya Pradesh,Dewas,886,43
Madhya Pradesh,Dhar,2950,186
Madhya Pradesh,Dindori,1523,277
Madhya Pradesh,Guna,1267,94
Madhya Pradesh,Gwalior,2570,35
Madhya Pradesh,Harda,232,43
Madhya Pradesh,Hoshangabad,254,29
Madhya Pradesh,Indore,3040,108
Madhya Pradesh,Jabalpur,1622,183
Madhya Pradesh,Jhabua,4206,636
Madhya Pradesh,Katni,4001,67
Madhya Pradesh,Khandwa,408,63
Madhya Pradesh,Khargone,3528,105
Madhya Pradesh,Mandla,1653,203
Madhya Pradesh,Mandsaur,371,28
Madhya Pradesh,Morena,4889,72
Madhya Pradesh,Narsinghpur,4756,184
Madhya Pradesh,Neemuch,14,1
Madhya Pradesh,Panna,1608,50
Madhya Pradesh,Raisen,3146,139
Madhya Pradesh,Rajgarh,555,34
Madhya Pradesh,Ratlam,1397,23
Madhya Pradesh,Rewa,3521,333
Madhya Pradesh,Sagar,2671,156
Madhya Pradesh,Satna,2566,116
Madhya Pradesh,Sehore,2874,106
Madhya Pradesh,Seoni,3830,391
Madhya Pradesh,Shahdol,3458,209
Madhya Pradesh,Shajapur,298,12
Madhya Pradesh,Sheopur,108,2
Madhya Pradesh,Shivpuri,1745,34
Madhya Pradesh,Sidhi,2909,212
Madhya Pradesh,Singrauli,4344,227
Madhya Pradesh,Tikamgarh,3992,35
Madhya Pradesh,Ujjain,1841,79
Madhya Pradesh,Umaria,1388,43
Madhya Pradesh,Vidisha,492,122
Maharashtra,Ahmadnagar,3563,112
Maharashtra,Ahmed Nagar,31,2
Maharashtra,Akola,3142,39
Maharashtra,Amravati,2503,91
Maharashtra,Aurangabad,7840,82
Maharashtra,Beed,2123,52
Maharashtra,Bhandara,1648,169
Maharashtra,Buldhana,4545,56
Maharashtra,Chandrapur,2798,40
Maharashtra,Dhule,1009,36
Maharashtra,Gadchiroli,2481,6
Maharashtra,Gondia,3,0
Maharashtra,Gondiya,2011,109
Maharashtra,Hingoli,1094,14
Maharashtra,Jalgaon,6485,79
Maharashtra,Jalna,2635,50
Maharashtra,Kolhapur,5862,57
Maharashtra,Latur,3910,48
Maharashtra,Mumbai,5529,93
Maharashtra,Mumbai City,19,0
Maharashtra,Mumbai( Sub Urban ),2,0
Maharashtra,Nagpur,6908,146
Maharashtra,Nanded,4732,57
Maharashtra,Nandurbar,4883,40
Maharashtra,Nashik,6637,392
Maharashtra,Osmanabad,2286,55
Maharashtra,Parbhani,886,13
Maharashtra,Pune,13016,153
Maharashtra,Raigarh,2472,70
Maharashtra,Raigarh(MH),21,0
Maharashtra,Ratnagiri,3057,8
Maharashtra,Sangli,3976,88
Maharashtra,Satara,5214,77
Maharashtra,Sindhudurg,718,2
Maharashtra,Solapur,3779,27
Maharashtra,Thane,9768,315
Maharashtra,Wardha,571,5
Maharashtra,Washim,1718,96
Maharashtra,Yavatmal,4416,48
Manipur,Bishnupur,2,0
Manipur,Chandel,2,0
Manipur,Churachandpur,85,2
Manipur,Imphal East,505,3
Manipur,Imphal West,78,1
Manipur,Senapati,3,0
Manipur,Tamenglong,10,0
Manipur,Thoubal,5,0
Manipur,Ukhrul,2,0
Meghalaya,East Khasi Hills,5,0
Mizoram,Aizawl,3,0
Mizoram,Lawngtlai,1,0
Mizoram,Mammit,1,0
Nagaland,Dimapur,4,0
Nagaland,Kohima,40,0
Nagaland,Mokokchung,4,0
Nagaland,Mon,30,0
Nagaland,Phek,47,0
Nagaland,Tuensang,1,0
Nagaland,Zunheboto,20,0
Odisha,Angul,10,0
Odisha,Anugul,10763,64
Odisha,Balangir,86,0
Odisha,Baleswar,2770,513
Odisha,Bargarh,1722,12
Odisha,Baudh,1,0
Odisha,Bhadrak,1570,147
Odisha,Boudh,1,0
Odisha,Cuttack,1191,6
Odisha,Debagarh,3,0
Odisha,Dhenkanal,2974,382
Odisha,Gajapati,119,10
Odisha,Ganjam,1766,838
Odisha,Jagatsinghapur,2092,2
Odisha,Jajapur,9850,860
Odisha,Jharsuguda,7,0
Odisha,Kalahandi,5,0
Odisha,Kandhamal,2149,399
Odisha,Kendrapara,2658,167
Odisha,Kendujhar,1776,152
Odisha,Khorda,21,0
Odisha,Khordha,524,5
Odisha,Koraput,4412,844
Odisha,Mayurbhanj,5820,8063
Odisha,Nabarangapur,10,0
Odisha,Nayagarh,1778,24
Odisha,Nuapada,2,0
Odisha,Puri,1459,28
Odisha,Rayagada,1,0
Odisha,Sambalpur,1381,219
Odisha,Sonapur,1470,0
Odisha,Sundergarh,5371,3
Others,Others,463,7394
Puducherry,Karaikal,388,2
Puducherry,Pondicherry,17,23
Puducherry,Puducherry,103,31
Puducherry,Yanam,1,1
Punjab,Amritsar,5337,145
Punjab,Barnala,233,33
Punjab,Bathinda,1213,193
Punjab,Faridkot,1098,14
Punjab,Fatehgarh Sahib,119,2
Punjab,Fazilka,1225,126
Punjab,Ferozepur,1897,30
Punjab,Gurdaspur,2162,58
Punjab,Hoshiarpur,1455,58
Punjab,Jalandhar,1340,17
Punjab,Kapurthala,610,19
Punjab,Ludhiana,4012,228
Punjab,Mansa,1769,45
Punjab,Moga,851,8
Punjab,Muktsar,12,0
Punjab,Nawanshahr,1,0
Punjab,Pathankot,863,34
Punjab,Patiala,1788,150
Punjab,Rupnagar,698,8
Punjab,SAS Nagar (Mohali),1480,160
Punjab,Sangrur,1344,48
Punjab,Shaheed Bhagat Singh Nagar,163,27
Punjab,Sri Muktsar Sahib,1068,65
Punjab,Tarn Taran,4300,95
Rajasthan,Ajmer,789,50
Rajasthan,Alwar,3104,115
Rajasthan,Banswara,7215,92
Rajasthan,Baran,2615,78
Rajasthan,Barmer,1533,214
Rajasthan,Bharatpur,3390,39
Rajasthan,Bhilwara,11383,76
Rajasthan,Bikaner,1248,105
Rajasthan,Bundi,913,34
Rajasthan,Chittorgarh,1240,74
Rajasthan,Churu,860,39
Rajasthan,Dausa,512,33
Rajasthan,Dholpur,1411,31
Rajasthan,Dungarpur,7625,19
Rajasthan,Ganganagar,12292,152
Rajasthan,Hanumangarh,8239,43
Rajasthan,Jaipur,8335,390
Rajasthan,Jaisalmer,1756,17
Rajasthan,Jalor,869,166
Rajasthan,Jhalawar,8010,84
Rajasthan,Jhunjhunu,24,0
Rajasthan,Jhunjhunun,974,35
Rajasthan,Jodhpur,3079,102
Rajasthan,Karauli,562,6
Rajasthan,Kota,1974,73
Rajasthan,Nagaur,3956,67
Rajasthan,Pali,1712,87
Rajasthan,Pratapgarh,2550,229
Rajasthan,Rajsamand,471,100
Rajasthan,Sawai Madhopur,1192,62
Rajasthan,Sikar,2677,99
Rajasthan,Sirohi,401,45
Rajasthan,Tonk,786,26
Rajasthan,Udaipur,1231,103
Sikkim,East Sikkim,49,0
Sikkim,North Sikkim,5,0
Sikkim,South Sikkim,52,0
Sikkim,West Sikkim,171,0
Tamil Nadu,Ariyalur,190,8
Tamil Nadu,Chennai,5102,45
Tamil Nadu,Coimbatore,16576,94
Tamil Nadu,Cuddalore,13167,189
Tamil Nadu,Dharmapuri,4202,4
Tamil Nadu,Dindigul,2635,39
Tamil Nadu,Erode,4415,28
Tamil Nadu,Kancheepuram,3466,87
Tamil Nadu,Kanchipuram,27,0
Tamil Nadu,Kanniyakumari,2295,26
Tamil Nadu,Kanyakumari,14,0
Tamil Nadu,Karur,2934,24
Tamil Nadu,Krishnagiri,6913,31
Tamil Nadu,Madurai,6872,143
Tamil Nadu,Nagapattinam,4441,3
Tamil Nadu,Namakkal,5101,12
Tamil Nadu,Nilgiris,33,0
Tamil Nadu,Perambalur,92,0
Tamil Nadu,Pudukkottai,1685,11
Tamil Nadu,Ramanathapuram,2804,4
Tamil Nadu,Salem,13681,78
Tamil Nadu,Sivaganga,8582,133
Tamil Nadu,Thanjavur,2296,12
Tamil Nadu,The Nilgiris,2835,10
Tamil Nadu,Theni,2237,24
Tamil Nadu,Thiruvarur,741,1
Tamil Nadu,Thoothukkudi,763,3
Tamil Nadu,Tiruchirappalli,5656,52
Tamil Nadu,Tirunelveli,6018,37
Tamil Nadu,Tiruppur,8581,47
Tamil Nadu,Tiruvallur,15222,78
Tamil Nadu,Tiruvannamalai,6891,46
Tamil Nadu,Tiruvarur,9,0
Tamil Nadu,Vellore,22334,34
Tamil Nadu,Villupuram,1069,2
Tamil Nadu,Viluppuram,8113,189
Tamil Nadu,Virudhunagar,1826,3
Tripura,Dhalai,93,0
Tripura,Gomati,17,0
Tripura,Khowai,16,1
Tripura,North Tripura,69,2
Tripura,Sepahijala,33,0
Tripura,South Tripura,12,0
Tripura,Unakoti,10,0
Tripura,West Tripura,136,1
Uttar Pradesh,Agra,167,3
Uttar Pradesh,Aligarh,169,1
Uttar Pradesh,Allahabad,1135,14
Uttar Pradesh,Ambedkar Nagar,108,1
Uttar Pradesh,Amethi,1727,19
Uttar Pradesh,Amroha,726,205
Uttar Pradesh,Auraiya,114,2
Uttar Pradesh,Azamgarh,506,24
Uttar Pradesh,Baghpat,62,1
Uttar Pradesh,Bahraich,96,3
Uttar Pradesh,Ballia,662,14
Uttar Pradesh,Balrampur,3026,91
Uttar Pradesh,Banda,352,8
Uttar Pradesh,Bara Banki,65,2
Uttar Pradesh,Barabanki,18,0
Uttar Pradesh,Bareilly,647,25
Uttar Pradesh,Basti,712,5
Uttar Pradesh,Bijnor,994,72
Uttar Pradesh,Budaun,58,1
Uttar Pradesh,Bulandshahar,6,0
Uttar Pradesh,Bulandshahr,94,0
Uttar Pradesh,Chandauli,686,8
Uttar Pradesh,Chitrakoot,1789,14
Uttar Pradesh,Deoria,217,5
Uttar Pradesh,Etah,50,0
Uttar Pradesh,Etawah,1535,16
Uttar Pradesh,Faizabad,1301,5
Uttar Pradesh,Farrukhabad,2328,20
Uttar Pradesh,Fatehpur,2558,133
Uttar Pradesh,Firozabad,44,4
Uttar Pradesh,Gautam Buddha Nagar,491,4
Uttar Pradesh,Ghaziabad,898,636
Uttar Pradesh,Ghazipur,701,9
Uttar Pradesh,Gonda,1979,61
Uttar Pradesh,Gorakhpur,614,18
Uttar Pradesh,Hamirpur,6,0
Uttar Pradesh,Hardoi,91,3
Uttar Pradesh,Hathras,126,1
Uttar Pradesh,Jalaun,43,1
Uttar Pradesh,Jaunpur,223,2
Uttar Pradesh,Jhansi,1531,93
Uttar Pradesh,Jyotiba Phule Nagar,1,0
Uttar Pradesh,Kannauj,89,5
Uttar Pradesh,Kanpur Dehat,51,1
Uttar Pradesh,Kanpur Nagar,207,6
Uttar Pradesh,Kasganj,27,0
Uttar Pradesh,Kaushambi,69,0
Uttar Pradesh,Kheri,81,0
Uttar Pradesh,Kushinagar,205,4
Uttar Pradesh,Lalitpur,7,0
Uttar Pradesh,Lucknow,74,1
Uttar Pradesh,Maharajganj,1145,8
Uttar Pradesh,Mahoba,977,20
Uttar Pradesh,Mahrajganj,5,0
Uttar Pradesh,Mainpuri,148,2
Uttar Pradesh,Mathura,98,6
Uttar Pradesh,Mau,100,0
Uttar Pradesh,Meerut,248,0
Uttar Pradesh,Mirzapur,80,0
Uttar Pradesh,Moradabad,813,5
Uttar Pradesh,Muzaffarnagar,1022,5
Uttar Pradesh,Pilibhit,459,2
Uttar Pradesh,Pratapgarh,1020,7
Uttar Pradesh,Rae Bareli,10873,60
Uttar Pradesh,Raebareli,1,0
Uttar Pradesh,Rampur,25,0
Uttar Pradesh,Saharanpur,11237,61
Uttar Pradesh,Sambhal,25,1
Uttar Pradesh,Sant Kabir Nagar,2141,22
Uttar Pradesh,Sant Ravidas Nagar,647,6
Uttar Pradesh,Sant Ravidas Nagar Bhadohi,8,0
Uttar Pradesh,Shahjahanpur,1167,15
Uttar Pradesh,Shamli,22,1
Uttar Pradesh,Shrawasti,766,18
Uttar Pradesh,Siddharthnagar,244,1
Uttar Pradesh,Sitapur,52,4
Uttar Pradesh,Sonbhadra,548,13
Uttar Pradesh,Sultanpur,86,5
Uttar Pradesh,Unnao,84,2
Uttar Pradesh,Varanasi,1934,27
Uttarakhand,Almora,80,0
Uttarakhand,Bageshwar,92,0
Uttarakhand,Chamoli,26,0
Uttarakhand,Champawat,266,0
Uttarakhand,Dehradun,409,7
Uttarakhand,Garhwal,5,0
Uttarakhand,Hardwar,3,0
Uttarakhand,Haridwar,1644,10
Uttarakhand,Nainital,47,0
Uttarakhand,Pauri Garhwal,70,0
Uttarakhand,Pithoragarh,50,0
Uttarakhand,Rudraprayag,21,0
Uttarakhand,Tehri Garhwal,461,13
Uttarakhand,Udham Singh Nagar,688,2
Uttarakhand,Uttarkashi,11,0
West Bengal,Bankura,2233,23
West Bengal,Barddhaman,4136,32
West Bengal,Bardhaman,4387,55
West Bengal,Birbhum,5951,18
West Bengal,Cooch Behar,203,8
West Bengal,Dakshin Dinajpur,1087,4
West Bengal,Darjeeling,2939,11
West Bengal,East Midnapore,5835,3301
West Bengal,Hooghly,11305,14
West Bengal,Howrah,348,5
West Bengal,Jalpaiguri,4496,30
West Bengal,Kolkata,299,14
West Bengal,Malda,1195,48
West Bengal,Medinipur,4057,1397
West Bengal,Murshidabad,3533,7
West Bengal,Nadia,5379,11
West Bengal,North 24 Parganas,10018,591
West Bengal,North Dinajpur,24,0
West Bengal,Paschim Medinipur,144,0
West Bengal,Purba Medinipur,241,3
West Bengal,Purulia,96,6
West Bengal,Puruliya,3614,11
West Bengal,South 24 Parganas,611,0
West Bengal,South Dinajpur,1,0
West Bengal,South Twenty Four Parganas,785,0
West Bengal,Uttar Dinajpur,5601,160
West Bengal,West Midnapore,2210,1149
