State,District,Aadhaar generated,Enrolment Rejected
Andaman and Nicobar Islands,Nicobar,1,0
Andaman and Nicobar Islands,North And Middle Andaman,1,0
Andaman and Nicobar Islands,South Andaman,3,0
Andhra Pradesh,Adilabad,737,1218
Andhra Pradesh,Anantapur,3,169
Andhra Pradesh,Ananthapur,211,774
Andhra Pradesh,Chittoor,142,699
Andhra Pradesh,Cuddapah,142,609
Andhra Pradesh,East Godavari,171,1020
Andhra Pradesh,Guntur,143,640
Andhra Pradesh,Hyderabad,1628,1307
Andhra Pradesh,K.V.Rangareddy,0,30
Andhra Pradesh,K.v. Rangareddy,2620,2455
Andhra Pradesh,Karim Nagar,1,12
Andhra Pradesh,Karimnagar,3460,1872
Andhra Pradesh,Khammam,2803,966
Andhra Pradesh,Krishna,122,593
Andhra Pradesh,Kurnool,4878,33261
Andhra Pradesh,Mahabub Nagar,182,1396
Andhra Pradesh,Mahabubnagar,9493,3554
Andhra Pradesh,Mahbubnagar,92,586
Andhra Pradesh,Medak,2238,1529
Andhra Pradesh,Nalgonda,5622,3929
Andhra Pradesh,Nellore,6712,5003
Andhra Pradesh,Nizamabad,2109,2653
Andhra Pradesh,Prakasam,6550,1156
Andhra Pradesh,Srikakulam,76,4578
Andhra Pradesh,Visakhapatnam,15335,2436
Andhra Pradesh,Vizianagaram,1175,497
Andhra Pradesh,Warangal,10893,4705
Andhra Pradesh,West Godavari,6506,1977
Arunachal Pradesh,Changlang,1,0
Arunachal Pradesh,Lohit,0,1
Arunachal Pradesh,Lower Subansiri,1,0
Arunachal Pradesh,Papum Pare,0,1
Assam,Baksa,10,0
Assam,Barpeta,6,2
Assam,Bongaigaon,3,1
Assam,Cachar,14,4
Assam,Chirang,7,0
Assam,Darrang,2,0
Assam,Dhemaji,4,0
Assam,Dhubri,7,1
Assam,Dibrugarh,3,0
Assam,Goalpara,2,0
Assam,Golaghat,3,0
Assam,Hailakandi,5,0
Assam,Jorhat,2,0
Assam,Kamrup,15,0
Assam,Karimganj,11,2
Assam,Kokrajhar,4,0
Assam,Lakhimpur,7,0
Assam,Marigaon,3,0
Assam,Nagaon,14,1
Assam,Nalbari,2,0
Assam,North Cachar Hills,1,0
Assam,Sibsagar,12,1
Assam,Sonitpur,17,0
Assam,Tinsukia,5,0
Assam,Udalguri,11,1
Bihar,Araria,62,14
Bihar,Arwal,5000,432
Bihar,Aurangabad,228,21
Bihar,Banka,154,16
Bihar,Begusarai,126,25
Bihar,Bhabua,1,0
Bihar,Bhagalpur,130,18
Bihar,Bhojpur,164,37
Bihar,Buxar,121,23
Bihar,Darbhanga,2508,113
Bihar,East Champaran,283,22
Bihar,Gaya,220,26
Bihar,Gopalganj,1751,121
Bihar,Jamui,279,27
Bihar,Jehanabad,48,10
Bihar,Kaimur (Bhabua),66,9
Bihar,Katihar,777,51
Bihar,Khagaria,69,10
Bihar,Kishanganj,667,115
Bihar,Lakhisarai,72,8
Bihar,Madhepura,55,6
Bihar,Madhubani,304,50
Bihar,Munger,74,11
Bihar,Muzaffarpur,183,24
Bihar,Nalanda,2651,93
Bihar,Nawada,108,23
Bihar,Patna,1323,154
Bihar,Purnia,63,2
Bihar,Rohtas,2421,35
Bihar,Saharsa,6045,471
Bihar,Samastipur,214,29
Bihar,Saran,291,49
Bihar,Sheikhpura,8217,235
Bihar,Sheohar,2222,178
Bihar,Sitamarhi,118,27
Bihar,Siwan,191,27
Bihar,Supaul,64,9
Bihar,Vaishali,1808,64
Bihar,West Champaran,98,16
Chandigarh,Chandigarh,246,175
Chandigarh,Mohali,0,2
Chhattisgarh,Balod,12,1
Chhattisgarh,Baloda Bazar,2,0
Chhattisgarh,Balrampur,1,0
Chhattisgarh,Bastar,188,37
Chhattisgarh,Bemetara,443,5
Chhattisgarh,Bilaspur,138,1
Chhattisgarh,Dhamtari,8640,598
Chhattisgarh,Durg,389,8
Chhattisgarh,Janjgir-champa,1396,39
Chhattisgarh,Jashpur,13,3
Chhattisgarh,Kabeerdham,1,0
Chhattisgarh,Kanker,4,0
Chhattisgarh,Kawardha,4,0
Chhattisgarh,Korba,7601,16
Chhattisgarh,Koriya,1867,104
Chhattisgarh,Mahasamund,39,22
Chhattisgarh,Mungeli,2848,0
Chhattisgarh,Mungeli ,16,0
Chhattisgarh,Raigarh,4,0
Chhattisgarh,Raipur,26,2
Chhattisgarh,Rajnandgaon,983,24
Chhattisgarh,Surajpur,1,0
Chhattisgarh,Surajpur ,5,0
Chhattisgarh,Surguja,14,1
Dadra and Nagar Haveli,Dadra and Nagar Haveli,253,99
Daman and Diu,Daman,9,16
Daman and Diu,Diu,4,26
Delhi,Central Delhi,673,1481
Delhi,East Delhi,2111,2161
Delhi,Najafgarh,101,53
Delhi,New Delhi,109,51
Delhi,North Delhi,851,1473
Delhi,North East,400,1424
Delhi,North East Delhi,2360,2211
Delhi,North West Delhi,4212,6990
Delhi,South Delhi,6503,3856
Delhi,South West Delhi,1229,1353
Delhi,West Delhi,2394,13641
Goa,North Goa,19,166
Goa,South Goa,20,44
Gujarat,Ahmadabad,4,5
Gujarat,Ahmedabad,13683,804
Gujarat,Amreli,1594,89
Gujarat,Anand,420,79
Gujarat,Banaskantha,1555,195
Gujarat,Bharuch,1147,266
Gujarat,Bhavnagar,454,104
Gujarat,Dahod,354,53
Gujarat,Dohad,411,195
Gujarat,Gandhinagar,990,88
Gujarat,Jamnagar,1371,126
Gujarat,Junagadh,7679,1944
Gujarat,Kachchh,2261,279
Gujarat,Kheda,706,626
Gujarat,Mahesana,400,77
Gujarat,Narmada,1594,222
Gujarat,Navsari,3052,283
Gujarat,Panchmahals,1993,448
Gujarat,Patan,413,613
Gujarat,Porbandar,433,274
Gujarat,Rajkot,15441,2354
Gujarat,Sabarkantha,473,731
Gujarat,Surat,1407,2115
Gujarat,Surendra Nagar,2054,371
Gujarat,Tapi,899,114
Gujarat,The Dangs,16,8
Gujarat,Vadodara,1810,467
Gujarat,Valsad,1352,254
Haryana,Ambala,862,295
Haryana,Bhiwani,4166,338
Haryana,Faridabad,8285,1253
Haryana,Fatehabad,3855,552
Haryana,Gurgaon,3969,1077
Haryana,Hisar,6417,551
Haryana,Jhajjar,3045,327
Haryana,Jind,7114,385
Haryana,Kaithal,3388,630
Haryana,Karnal,3863,651
Haryana,Kurukshetra,4338,246
Haryana,Mahendragarh,2702,199
Haryana,Mewat,5308,267
Haryana,Palwal,3719,788
Haryana,Panchkula,1526,307
Haryana,Panipat,4747,565
Haryana,Rewari,3180,434
Haryana,Rohtak,3019,440
Haryana,Sirsa,4548,483
Haryana,Sonipat,769,593
Haryana,Yamuna Nagar,3404,199
Himachal Pradesh,Bilaspur,70,117
Himachal Pradesh,Bilaspur ,2,3
Himachal Pradesh,Chamba,520,552
Himachal Pradesh,Hamirpur,81,37
Himachal Pradesh,Kangra,1245,659
Himachal Pradesh,Kinnaur,66,23
Himachal Pradesh,Kullu,243,164
Himachal Pradesh,Lahul and Spiti,81,11
Himachal Pradesh,Mandi,316,154
Himachal Pradesh,Shimla,655,502
Himachal Pradesh,Sirmaur,480,902
Himachal Pradesh,Solan,402,790
Himachal Pradesh,Una,259,124
Jammu and Kashmir,Anantnag,1289,30
Jammu and Kashmir,Badgam,2,0
Jammu and Kashmir,Bandipore,1,0
Jammu and Kashmir,Baramula,1,0
Jammu and Kashmir,Doda,1594,19
Jammu and Kashmir,Jammu,2647,28
Jammu and Kashmir,Kargil,381,12
Jammu and Kashmir,Kathua,724,7
Jammu and Kashmir,Kupwara,2,2
Jammu and Kashmir,Leh,77,20
Jammu and Kashmir,Pulwama,907,5
Jammu and Kashmir,Punch,0,1
Jammu and Kashmir,Rajouri,20,1
Jammu and Kashmir,Reasi,11,2
Jammu and Kashmir,Srinagar,47,1
Jammu and Kashmir,Udhampur,281,13
Jharkhand,Bokaro,1308,3232
Jharkhand,Chatra,4411,1177
Jharkhand,Deoghar,6870,1406
Jharkhand,Dhanbad,4766,3677
Jharkhand,Dumka,2253,2871
Jharkhand,East Singhbhum,5013,688
Jharkhand,Garhwa,4701,762
Jharkhand,Giridih,7028,3183
Jharkhand,Godda,3440,2906
Jharkhand,Gumla,5246,1376
Jharkhand,Hazaribag,6,11
Jharkhand,Hazaribagh,824,656
Jharkhand,Jamtara,3515,1868
Jharkhand,Khunti,863,242
Jharkhand,Kodarma,1,1
Jharkhand,Koderma,3471,552
Jharkhand,Latehar,3801,1249
Jharkhand,Lohardaga,811,467
Jharkhand,Pakaur,3,0
Jharkhand,Pakur,2359,1469
Jharkhand,Palamau,4,19
Jharkhand,Palamu,3905,1880
Jharkhand,Ramgarh,723,415
Jharkhand,Ranchi,3013,1498
Jharkhand,Sahebganj,2219,844
Jharkhand,Seraikela-Kharsawan,565,454
Jharkhand,Simdega,619,515
Jharkhand,West Singhbhum,9639,2306
Karnataka,Bagalkot,3543,950
Karnataka,Bangalore,22282,5325
Karnataka,Bangalore Rural,4639,804
Karnataka,Belgaum,18660,8795
Karnataka,Bellary,11007,929
Karnataka,Bidar,5246,1232
Karnataka,Bijapur,5099,1090
Karnataka,Bijapur(KAR),4,103
Karnataka,Chamarajanagar,0,1
Karnataka,Chamrajanagar,1969,301
Karnataka,Chickmagalur,1312,192
Karnataka,Chikkaballapur,1832,429
Karnataka,Chitradurga,4616,664
Karnataka,Dakshina Kannada,7280,1301
Karnataka,Davangere,1904,296
Karnataka,Dharwad,2148,6788
Karnataka,Gadag,1750,456
Karnataka,Gulbarga,1924,938
Karnataka,Hassan,6727,578
Karnataka,Haveri,565,542
Karnataka,Kodagu,1340,2263
Karnataka,Kolar,5629,1968
Karnataka,Koppal,1184,587
Karnataka,Mandya,2467,652
Karnataka,Mysore,682,747
Karnataka,Raichur,2983,405
Karnataka,Ramanagar,4189,290
Karnataka,Shimoga,12018,179
Karnataka,Tumkur,334,1196
Karnataka,Udupi,2356,139
Karnataka,Uttara Kannada,859,799
Karnataka,Yadgir,1551,368
Kerala,Alappuzha,1695,3666
Kerala,Ernakulam,1721,1164
Kerala,Idukki,424,337
Kerala,Kannur,1324,1441
Kerala,Kasaragod,1013,1072
Kerala,Kasargod,35,349
Kerala,Kollam,1596,2078
Kerala,Kottayam,1401,411
Kerala,Kozhikode,1818,2487
Kerala,Malappuram,11261,2812
Kerala,Palakkad,1615,1764
Kerala,Pathanamthitta,145,1777
Kerala,Thiruvananthapuram,1775,1775
Kerala,Thrissur,2098,989
Kerala,Wayanad,32,249
Lakshadweep,Lakshadweep,1,2
Madhya Pradesh,Alirajpur,2163,2301
Madhya Pradesh,Anuppur,3438,1422
Madhya Pradesh,Ashok Nagar,968,322
Madhya Pradesh,Balaghat,7224,789
Madhya Pradesh,Barwani,422,226
Madhya Pradesh,Betul,3098,335
Madhya Pradesh,Bhind,2149,1316
Madhya Pradesh,Bhopal,1886,4405
Madhya Pradesh,Burhanpur,513,272
Madhya Pradesh,Chhatarpur,3964,1370
Madhya Pradesh,Chhindwara,5704,999
Madhya Pradesh,Damoh,1491,875
Madhya Pradesh,Datia,1664,1315
Madhya Pradesh,Dewas,1102,500
Madhya Pradesh,Dhar,4082,3332
Madhya Pradesh,Dindori,1974,1604
Madhya Pradesh,Guna,2580,2889
Madhya Pradesh,Gwalior,2364,1139
Madhya Pradesh,Harda,446,286
Madhya Pradesh,Hoshangabad,270,484
Madhya Pradesh,Indore,1582,2859
Madhya Pradesh,Jabalpur,1375,9327
Madhya Pradesh,Jhabua,1870,2017
Madhya Pradesh,Katni,3825,1474
Madhya Pradesh,Khandwa,275,340
Madhya Pradesh,Khargone,3209,2087
Madhya Pradesh,Mandla,2228,899
Madhya Pradesh,Mandsaur,959,278
Madhya Pradesh,Morena,2839,476
Madhya Pradesh,Narsinghpur,3223,1342
Madhya Pradesh,Neemuch,108,8
Madhya Pradesh,Panna,3083,528
Madhya Pradesh,Raisen,1759,1429
Madhya Pradesh,Rajgarh,544,1986
Madhya Pradesh,Ratlam,774,445
Madhya Pradesh,Rewa,6077,3325
Madhya Pradesh,Sagar,3284,3351
Madhya Pradesh,Satna,4500,3306
Madhya Pradesh,Sehore,2925,1341
Madhya Pradesh,Seoni,1760,1295
Madhya Pradesh,Shahdol,4602,821
Madhya Pradesh,Shajapur,257,300
Madhya Pradesh,Sheopur,123,323
Madhya Pradesh,Shivpuri,1424,590
Madhya Pradesh,Sidhi,3298,902
Madhya Pradesh,Singrauli,3512,335
Madhya Pradesh,Tikamgarh,3325,509
Madhya Pradesh,Ujjain,3368,4849
Madhya Pradesh,Umaria,1898,278
Madhya Pradesh,Vidisha,1307,3582
Maharashtra,Ahmadnagar,2808,1684
Maharashtra,Ahmed Nagar,9,236
Maharashtra,Akola,2929,549
Maharashtra,Amravati,1877,705
Maharashtra,Aurangabad,2448,7041
Maharashtra,Beed,2135,604
Maharashtra,Bhandara,2812,1403
Maharashtra,Buldhana,6321,387
Maharashtra,Chandrapur,5692,508
Maharashtra,Dhule,1166,656
Maharashtra,Gadchiroli,2234,179
Maharashtra,Gondia,2,1
Maharashtra,Gondiya,2158,1710
Maharashtra,Hingoli,283,245
Maharashtra,Jalgaon,4615,1745
Maharashtra,Jalna,762,1914
Maharashtra,Kolhapur,4178,886
Maharashtra,Latur,581,1008
Maharashtra,Mumbai,2854,1393
Maharashtra,Mumbai City,32,5
Maharashtra,Mumbai( Sub Urban ),1,1
Maharashtra,Nagpur,8477,2921
Maharashtra,Nanded,2667,772
Maharashtra,Nandurbar,1501,723
Maharashtra,Nashik,7328,4836
Maharashtra,Osmanabad,1811,919
Maharashtra,Parbhani,461,247
Maharashtra,Pune,3510,2197
Maharashtra,Raigarh,2580,214
Maharashtra,Raigarh(MH),15,7
Maharashtra,Ratnagiri,153,654
Maharashtra,Sangli,2698,1895
Maharashtra,Satara,3494,962
Maharashtra,Sindhudurg,771,29
Maharashtra,Solapur,1414,1091
Maharashtra,Thane,9977,3884
Maharashtra,Wardha,249,300
Maharashtra,Washim,909,156
Maharashtra,Yavatmal,6037,560
Manipur,Bishnupur,3,2
Manipur,Chandel,1,1
Manipur,Churachandpur,20,10
Manipur,Imphal East,70,54
Manipur,Imphal West,24,10
Manipur,Senapati,5,9
Manipur,Tamenglong,6,0
Manipur,Thoubal,4,5
Manipur,Ukhrul,0,4
Meghalaya,East Khasi Hills,11,1
Meghalaya,Ri Bhoi,1,0
Meghalaya,West Khasi Hills,1,0
Mizoram,Aizawl,0,1
Mizoram,Kolasib,0,1
Nagaland,Dimapur,48,13
Nagaland,Kohima,1,10
Nagaland,Mokokchung,0,4
Nagaland,Mon,127,0
Nagaland,Phek,1,3
Nagaland,Wokha,2,1
Nagaland,Zunheboto,109,21
Odisha,Angul,12,1
Odisha,Anugul,1164,266
Odisha,Balangir,11,162
Odisha,Baleswar,1816,589
Odisha,Bargarh,242,80
Odisha,Baudh,1,0
Odisha,Bhadrak,197,1886
Odisha,Boudh,2,0
Odisha,Cuttack,64,609
Odisha,Debagarh,3,2
Odisha,Dhenkanal,823,2602
Odisha,Gajapati,2654,54
Odisha,Ganjam,1518,816
Odisha,Jagatsinghapur,83,218
Odisha,Jajapur,1415,1182
Odisha,Jharsuguda,6,0
Odisha,Kalahandi,6,0
Odisha,Kandhamal,78,73
Odisha,Kendrapara,1228,266
Odisha,Kendujhar,2981,410
Odisha,Khorda,29,8
Odisha,Khordha,27,377
Odisha,Koraput,217,357
Odisha,Malkangiri,2,0
Odisha,Mayurbhanj,697,243
Odisha,Nabarangapur,740,1
Odisha,Nayagarh,942,542
Odisha,Nuapada,1,0
Odisha,Puri,125,1183
Odisha,Rayagada,4,4
Odisha,Sambalpur,2665,108
Odisha,Sonapur,34,269
Odisha,Sundergarh,1309,181
Others,Others,82,139518
Puducherry,Karaikal,297,31
Puducherry,Pondicherry,1,121
Puducherry,Puducherry,233,810
Puducherry,Yanam,0,90
Punjab,Amritsar,5448,913
Punjab,Barnala,551,185
Punjab,Bathinda,746,2947
Punjab,Faridkot,2167,285
Punjab,Fatehgarh Sahib,143,196
Punjab,Fazilka,1028,840
Punjab,Ferozepur,1128,253
Punjab,Gurdaspur,1828,784
Punjab,Hoshiarpur,1649,368
Punjab,Jalandhar,1145,607
Punjab,Kapurthala,612,411
Punjab,Ludhiana,3955,3912
Punjab,Mansa,954,249
Punjab,Moga,1043,343
Punjab,Muktsar,2,16
Punjab,Nawanshahr,0,1
Punjab,Pathankot,295,370
Punjab,Patiala,2465,1346
Punjab,Rupnagar,841,238
Punjab,SAS Nagar (Mohali),1269,447
Punjab,Sangrur,4015,839
Punjab,Shaheed Bhagat Singh Nagar,59,220
Punjab,Sri Muktsar Sahib,881,470
Punjab,Tarn Taran,1155,377
Rajasthan,Ajmer,1780,2210
Rajasthan,Alwar,2899,2023
Rajasthan,Banswara,9709,856
Rajasthan,Baran,2416,634
Rajasthan,Barmer,3271,4241
Rajasthan,Bharatpur,4243,321
Rajasthan,Bhilwara,11723,1457
Rajasthan,Bikaner,3219,4504
Rajasthan,Bundi,1309,588
Rajasthan,Chittorgarh,2102,398
Rajasthan,Churu,2520,2079
Rajasthan,Dausa,817,740
Rajasthan,Dholpur,2584,122
Rajasthan,Dungarpur,5473,278
Rajasthan,Ganganagar,4454,1232
Rajasthan,Hanumangarh,4331,879
Rajasthan,Jaipur,13357,2304
Rajasthan,Jaisalmer,1323,127
Rajasthan,Jalor,2279,4000
Rajasthan,Jhalawar,4232,883
Rajasthan,Jhunjhunu,55,287
Rajasthan,Jhunjhunun,998,673
Rajasthan,Jodhpur,4138,1485
Rajasthan,Karauli,2131,229
Rajasthan,Kota,2332,1338
Rajasthan,Nagaur,4588,2325
Rajasthan,Pali,1940,976
Rajasthan,Pratapgarh,2112,865
Rajasthan,Rajsamand,852,2229
Rajasthan,Sawai Madhopur,2049,416
Rajasthan,Sikar,4723,1386
Rajasthan,Sirohi,1590,1388
Rajasthan,Tonk,1873,808
Rajasthan,Udaipur,2067,1585
Sikkim,East Sikkim,44,26
Sikkim,North Sikkim,9,2
Sikkim,South Sikkim,7,8
Sikkim,West Sikkim,8,15
Tamil Nadu,Ariyalur,527,61
Tamil Nadu,Chennai,4326,562
Tamil Nadu,Coimbatore,14649,969
Tamil Nadu,Cuddalore,309,335
Tamil Nadu,Dharmapuri,4314,187
Tamil Nadu,Dindigul,3490,484
Tamil Nadu,Erode,4680,950
Tamil Nadu,Kancheepuram,6925,767
Tamil Nadu,Kanchipuram,83,3
Tamil Nadu,Kanniyakumari,2090,126
Tamil Nadu,Kanyakumari,3,0
Tamil Nadu,Karur,347,729
Tamil Nadu,Krishnagiri,5404,437
Tamil Nadu,Madurai,599,1366
Tamil Nadu,Nagapattinam,3650,63
Tamil Nadu,Namakkal,4216,822
Tamil Nadu,Nilgiris,7,2
Tamil Nadu,Perambalur,40,7
Tamil Nadu,Pudukkottai,461,211
Tamil Nadu,Ramanathapuram,1299,250
Tamil Nadu,Salem,6308,895
Tamil Nadu,Sivaganga,2245,731
Tamil Nadu,Thanjavur,2429,175
Tamil Nadu,The Nilgiris,1705,62
Tamil Nadu,Theni,3365,769
Tamil Nadu,Thiruvarur,601,20
Tamil Nadu,Thoothukkudi,502,25
Tamil Nadu,Tiruchirappalli,1230,239
Tamil Nadu,Tirunelveli,10370,413
Tamil Nadu,Tiruppur,3958,911
Tamil Nadu,Tiruvallur,11879,515
Tamil Nadu,Tiruvannamalai,8139,404
Tamil Nadu,Tiruvarur,5,1
Tamil Nadu,Vellore,9190,1590
Tamil Nadu,Villupuram,7,31
Tamil Nadu,Viluppuram,13531,1577
Tamil Nadu,Virudhunagar,2484,315
Tripura,Dhalai,38,71
Tripura,Gomati,8,15
Tripura,Khowai,24,20
Tripura,North Tripura,50,95
Tripura,Sepahijala,3,5
Tripura,South Tripura,7,74
Tripura,Unakoti,3,0
Tripura,West Tripura,132,82
Uttar Pradesh,Agra,151,29
Uttar Pradesh,Aligarh,1131,37
Uttar Pradesh,Allahabad,2458,150
Uttar Pradesh,Ambedkar Nagar,188,7
Uttar Pradesh,Amethi,3567,323
Uttar Pradesh,Amroha,687,204
Uttar Pradesh,Auraiya,113,39
Uttar Pradesh,Azamgarh,737,86
Uttar Pradesh,Baghpat,42,6
Uttar Pradesh,Bahraich,71,10
Uttar Pradesh,Ballia,708,93
Uttar Pradesh,Balrampur,6867,306
Uttar Pradesh,Banda,722,79
Uttar Pradesh,Bara Banki,136,46
Uttar Pradesh,Barabanki,2,2
Uttar Pradesh,Bareilly,2279,1258
Uttar Pradesh,Basti,794,38
Uttar Pradesh,Bijnor,1258,174
Uttar Pradesh,Budaun,59,15
Uttar Pradesh,Bulandshahar,3,0
Uttar Pradesh,Bulandshahr,153,12
Uttar Pradesh,Chandauli,4088,52
Uttar Pradesh,Chitrakoot,2581,328
Uttar Pradesh,Deoria,803,415
Uttar Pradesh,Etah,73,10
Uttar Pradesh,Etawah,3956,591
Uttar Pradesh,Faizabad,1638,73
Uttar Pradesh,Farrukhabad,780,247
Uttar Pradesh,Fatehpur,3938,138
Uttar Pradesh,Firozabad,39,18
Uttar Pradesh,Gautam Buddha Nagar,965,48
Uttar Pradesh,Ghaziabad,1455,395
Uttar Pradesh,Ghazipur,2277,97
Uttar Pradesh,Gonda,3314,260
Uttar Pradesh,Gorakhpur,1555,581
Uttar Pradesh,Hamirpur,12,1
Uttar Pradesh,Hardoi,281,21
Uttar Pradesh,Hathras,136,6
Uttar Pradesh,Jalaun,56,6
Uttar Pradesh,Jaunpur,196,18
Uttar Pradesh,Jhansi,1207,1349
Uttar Pradesh,Kannauj,577,46
Uttar Pradesh,Kanpur Dehat,54,6
Uttar Pradesh,Kanpur Nagar,500,102
Uttar Pradesh,Kasganj,45,4
Uttar Pradesh,Kaushambi,662,5
Uttar Pradesh,Kheri,36,22
Uttar Pradesh,Kushinagar,552,67
Uttar Pradesh,Lalitpur,9,2
Uttar Pradesh,Lucknow,78,24
Uttar Pradesh,Maharajganj,1358,52
Uttar Pradesh,Mahoba,1744,580
Uttar Pradesh,Mahrajganj,2,0
Uttar Pradesh,Mainpuri,187,42
Uttar Pradesh,Mathura,177,23
Uttar Pradesh,Mau,110,19
Uttar Pradesh,Meerut,593,27
Uttar Pradesh,Mirzapur,110,20
Uttar Pradesh,Moradabad,58,27
Uttar Pradesh,Muzaffarnagar,3061,72
Uttar Pradesh,Pilibhit,2493,71
Uttar Pradesh,Pratapgarh,906,46
Uttar Pradesh,Rae Bareli,14172,865
Uttar Pradesh,Raebareli,13,4
Uttar Pradesh,Rampur,17,4
Uttar Pradesh,Saharanpur,3529,472
Uttar Pradesh,Sambhal,29,7
Uttar Pradesh,Sant Kabir Nagar,1993,245
Uttar Pradesh,Sant Ravidas Nagar,2955,28
Uttar Pradesh,Shahjahanpur,7373,591
Uttar Pradesh,Shamli,558,2
Uttar Pradesh,Shrawasti,2219,225
Uttar Pradesh,Siddharthnagar,91,14
Uttar Pradesh,Sitapur,76,15
Uttar Pradesh,Sonbhadra,748,115
Uttar Pradesh,Sultanpur,93,21
Uttar Pradesh,Unnao,74,11
Uttar Pradesh,Varanasi,4975,385
Uttarakhand,Almora,82,9
Uttarakhand,Bageshwar,587,6
Uttarakhand,Chamoli,36,3
Uttarakhand,Champawat,1843,48
Uttarakhand,Dehradun,1104,56
Uttarakhand,Garhwal,5,2
Uttarakhand,Hardwar,1,0
Uttarakhand,Haridwar,2612,58
Uttarakhand,Nainital,55,24
Uttarakhand,Pauri Garhwal,63,6
Uttarakhand,Pithoragarh,53,2
Uttarakhand,Rudraprayag,27,2
Uttarakhand,Tehri Garhwal,669,37
Uttarakhand,Udham Singh Nagar,837,359
Uttarakhand,Uttarkashi,12,0
West Bengal,Bankura,833,465
West Bengal,Barddhaman,3092,654
West Bengal,Bardhaman,810,170
West Bengal,Birbhum,1991,207
West Bengal,Cooch Behar,1449,74
West Bengal,Dakshin Dinajpur,2553,183
West Bengal,Darjeeling,6226,101
West Bengal,Domjur,0,1
West Bengal,East Midnapore,6466,299
West Bengal,Hooghly,6232,219
West Bengal,Howrah,2986,156
West Bengal,Jalpaiguri,1610,269
West Bengal,Kolkata,234,61
West Bengal,Malda,4624,138
West Bengal,Medinipur,845,73
West Bengal,Murshidabad,10230,197
West Bengal,Nadia,7083,166
West Bengal,North 24 Parganas,5424,490
West Bengal,North Dinajpur,7,1
West Bengal,Paschim Medinipur,120,6
West Bengal,Purba Medinipur,131,17
West Bengal,Purulia,4849,44
West Bengal,Puruliya,1469,185
West Bengal,South 24 Parganas,2265,16
West Bengal,South Twenty Four Parganas,1572,69
West Bengal,Uttar Dinajpur,2857,124
West Bengal,West Midnapore,352,45
