State,District,Aadhaar generated,Enrolment Rejected
Andhra Pradesh,Adilabad,2603,3374
Andhra Pradesh,Anantapur,0,18
Andhra Pradesh,Ananthapur,993,1444
Andhra Pradesh,Chittoor,1172,1055
Andhra Pradesh,Cuddapah,792,706
Andhra Pradesh,East Godavari,1042,1954
Andhra Pradesh,Guntur,797,790
Andhra Pradesh,Hyderabad,3869,2128
Andhra Pradesh,K.V.Rangareddy,4,3
Andhra Pradesh,K.v. Rangareddy,5396,2997
Andhra Pradesh,Karim Nagar,47,13
Andhra Pradesh,Karimnagar,5902,2965
Andhra Pradesh,Khammam,3644,1929
Andhra Pradesh,Krishna,847,2183
Andhra Pradesh,Kurnool,76066,4706
Andhra Pradesh,Mahabub Nagar,7274,7434
Andhra Pradesh,Mahabubnagar,8408,3598
Andhra Pradesh,Mahbubnagar,2910,3268
Andhra Pradesh,Medak,3966,4076
Andhra Pradesh,Nalgonda,10076,4013
Andhra Pradesh,Nellore,13807,2808
Andhra Pradesh,Nizamabad,8941,3893
Andhra Pradesh,Prakasam,2276,3267
Andhra Pradesh,Srikakulam,324,9496
Andhra Pradesh,Visakhapatnam,8516,6021
Andhra Pradesh,Vizianagaram,6387,1137
Andhra Pradesh,Warangal,17618,5220
Andhra Pradesh,West Godavari,4649,1445
Arunachal Pradesh,Changlang,2,0
Arunachal Pradesh,East Kameng,1,0
Arunachal Pradesh,Lohit,1,0
Arunachal Pradesh,Papum Pare,0,1
Arunachal Pradesh,Tirap,0,1
Arunachal Pradesh,West Kameng,1,1
Assam,Baksa,9,2
Assam,Barpeta,13,1
Assam,Bongaigaon,9,0
Assam,Cachar,28,1
Assam,Chirang,7,1
Assam,Darrang,4,3
Assam,Dhemaji,2,1
Assam,Dhubri,5,1
Assam,Dibrugarh,9,1
Assam,Goalpara,2,0
Assam,Golaghat,6,0
Assam,Hailakandi,11,2
Assam,Jorhat,2,1
Assam,Kamrup,28,1
Assam,Kamrup Metro,9,1
Assam,Karbi Anglong,3,1
Assam,Karimganj,5,0
Assam,Kokrajhar,14,2
Assam,Lakhimpur,6,0
Assam,Marigaon,4,0
Assam,Nagaon,32,1
Assam,Nalbari,9,2
Assam,Sibsagar,11,0
Assam,Sonitpur,15,0
Assam,Tinsukia,5,1
Assam,Udalguri,12,3
Bihar,Araria,72,15
Bihar,Arwal,734,159
Bihar,Aurangabad,108,17
Bihar,Aurangabad(BH),7,3
Bihar,Banka,191,16
Bihar,Begusarai,164,13
Bihar,Bhabua,1,0
Bihar,Bhagalpur,219,18
Bihar,Bhojpur,214,48
Bihar,Buxar,108,31
Bihar,Darbhanga,925,278
Bihar,East Champaran,262,31
Bihar,Gaya,263,36
Bihar,Gopalganj,1630,125
Bihar,Jamui,442,10
Bihar,Jehanabad,51,12
Bihar,Kaimur (Bhabua),60,10
Bihar,Katihar,1821,23
Bihar,Khagaria,67,6
Bihar,Kishanganj,290,158
Bihar,Lakhisarai,62,8
Bihar,Madhepura,47,8
Bihar,Madhubani,361,42
Bihar,Munger,85,12
Bihar,Muzaffarpur,197,24
Bihar,Nalanda,1463,169
Bihar,Nawada,115,22
Bihar,Patna,498,112
Bihar,Purnia,75,8
Bihar,Rohtas,1053,91
Bihar,Saharsa,7718,165
Bihar,Samastipur,217,28
Bihar,Saran,271,38
Bihar,Sheikhpura,1059,189
Bihar,Sheohar,2559,165
Bihar,Sitamarhi,205,27
Bihar,Siwan,223,30
Bihar,Supaul,72,8
Bihar,Vaishali,1662,248
Bihar,West Champaran,145,13
Chandigarh,Chandigarh,317,531
Chandigarh,Mohali,1,0
Chhattisgarh,Balod,51,2
Chhattisgarh,Baloda Bazar,9,0
Chhattisgarh,Balrampur,3,2
Chhattisgarh,Bastar,1146,1
Chhattisgarh,Bemetara,969,3
Chhattisgarh,Bilaspur,127,2
Chhattisgarh,Dhamtari,6712,65
Chhattisgarh,Durg,664,22
Chhattisgarh,Gariyaband ,2,1
Chhattisgarh,Janjgir-champa,3204,8
Chhattisgarh,Jashpur,19,2
Chhattisgarh,Kanker,1,0
Chhattisgarh,Kawardha,7,0
Chhattisgarh,Korba,5327,18
Chhattisgarh,Koriya,1628,130
Chhattisgarh,Mahasamund,1458,2
Chhattisgarh,Mungeli,1505,0
Chhattisgarh,Mungeli ,54,0
Chhattisgarh,Raigarh,11,7
Chhattisgarh,Raipur,28,3
Chhattisgarh,Rajnandgaon,1528,13
Chhattisgarh,Surajpur ,3,0
Chhattisgarh,Surguja,8,1
Dadra and Nagar Haveli,Dadra and Nagar Haveli,2617,43
Daman and Diu,Daman,69,36
Daman and Diu,Diu,18,24
Delhi,Central Delhi,1002,2776
Delhi,East Delhi,2144,18256
Delhi,Najafgarh,11,1579
Delhi,New Delhi,114,200
Delhi,North Delhi,1377,5440
Delhi,North East,222,12140
Delhi,North East Delhi,3093,4675
Delhi,North West Delhi,4893,27631
Delhi,South Delhi,6121,17201
Delhi,South West Delhi,2321,12950
Delhi,West Delhi,4161,8804
Goa,Bardez,0,14
Goa,North Goa,353,4794
Goa,South Goa,188,171
Gujarat,Ahmadabad,75,3
Gujarat,Ahmedabad,9135,597
Gujarat,Amreli,2820,185
Gujarat,Anand,3531,101
Gujarat,Banaskantha,5133,444
Gujarat,Bharuch,1433,195
Gujarat,Bhavnagar,1618,251
Gujarat,Dahod,3478,117
Gujarat,Dohad,1861,226
Gujarat,Gandhinagar,1299,172
Gujarat,Jamnagar,4856,443
Gujarat,Junagadh,6132,838
Gujarat,Kachchh,3673,204
Gujarat,Kheda,9579,197
Gujarat,Mahesana,2477,240
Gujarat,Narmada,1140,109
Gujarat,Navsari,4635,183
Gujarat,Panchmahals,2382,241
Gujarat,Patan,1178,334
Gujarat,Porbandar,282,286
Gujarat,Rajkot,12485,1029
Gujarat,Sabarkantha,1546,239
Gujarat,Surat,8973,774
Gujarat,Surendra Nagar,2415,308
Gujarat,Tapi,903,146
Gujarat,The Dangs,409,9
Gujarat,Vadodara,3701,266
Gujarat,Valsad,4252,154
Haryana,Ambala,1005,1976
Haryana,Bhiwani,8555,258
Haryana,Faridabad,8071,1162
Haryana,Fatehabad,14057,166
Haryana,Gurgaon,4827,1154
Haryana,Hisar,8366,419
Haryana,Jhajjar,3929,420
Haryana,Jind,5700,401
Haryana,Kaithal,3596,314
Haryana,Karnal,6925,571
Haryana,Kurukshetra,2459,595
Haryana,Mahendragarh,5360,190
Haryana,Mewat,5961,114
Haryana,Palwal,3060,331
Haryana,Panchkula,1003,311
Haryana,Panipat,3489,773
Haryana,Rewari,4013,294
Haryana,Rohtak,3771,458
Haryana,Sirsa,5436,415
Haryana,Sonipat,1382,2579
Haryana,Yamuna Nagar,5974,294
Himachal Pradesh,Bilaspur,153,261
Himachal Pradesh,Bilaspur ,0,2
Himachal Pradesh,Chamba,610,202
Himachal Pradesh,Hamirpur,148,185
Himachal Pradesh,Kangra,1379,474
Himachal Pradesh,Kinnaur,189,48
Himachal Pradesh,Kullu,200,164
Himachal Pradesh,Lahul and Spiti,55,1
Himachal Pradesh,Mandi,227,294
Himachal Pradesh,Shimla,1442,249
Himachal Pradesh,Sirmaur,340,216
Himachal Pradesh,Solan,305,114
Himachal Pradesh,Una,623,107
Jammu and Kashmir,Anantnag,2082,30
Jammu and Kashmir,Badgam,7,0
Jammu and Kashmir,Bandipore,1,0
Jammu and Kashmir,Baramula,12,0
Jammu and Kashmir,Doda,1271,27
Jammu and Kashmir,Jammu,2105,36
Jammu and Kashmir,Kargil,14,3
Jammu and Kashmir,Kathua,500,95
Jammu and Kashmir,Kupwara,3,2
Jammu and Kashmir,Leh,1609,1
Jammu and Kashmir,Pulwama,852,10
Jammu and Kashmir,Punch,6,1
Jammu and Kashmir,Rajouri,15,0
Jammu and Kashmir,Reasi,185,0
Jammu and Kashmir,Srinagar,17,0
Jammu and Kashmir,Udhampur,1626,3
Jharkhand,Bokaro,1173,803
Jharkhand,Chatra,5717,532
Jharkhand,Deoghar,4240,2150
Jharkhand,Dhanbad,6152,1495
Jharkhand,Dumka,2520,1715
Jharkhand,East Singhbhum,6032,777
Jharkhand,Garhwa,5351,457
Jharkhand,Giridih,4230,1296
Jharkhand,Godda,3440,1130
Jharkhand,Gumla,4303,804
Jharkhand,Hazaribag,5,7
Jharkhand,Hazaribagh,673,811
Jharkhand,Jamtara,4576,668
Jharkhand,Khunti,447,175
Jharkhand,Kodarma,3,0
Jharkhand,Koderma,1655,515
Jharkhand,Latehar,5459,465
Jharkhand,Lohardaga,511,295
Jharkhand,Pakaur,2,0
Jharkhand,Pakur,4978,425
Jharkhand,Palamau,0,4
Jharkhand,Palamu,7998,1096
Jharkhand,Ramgarh,578,557
Jharkhand,Ranchi,2338,1972
Jharkhand,Sahebganj,4016,681
Jharkhand,Seraikela-Kharsawan,764,554
Jharkhand,Simdega,1051,399
Jharkhand,West Singhbhum,16424,1246
Karnataka,Bagalkot,4348,1771
Karnataka,Bangalore,22092,6913
Karnataka,Bangalore Rural,1723,1053
Karnataka,Belgaum,26530,5087
Karnataka,Bellary,9305,946
Karnataka,Bidar,2673,583
Karnataka,Bijapur,3800,1302
Karnataka,Bijapur(KAR),1,3
Karnataka,Chamrajanagar,3114,324
Karnataka,Chickmagalur,3644,361
Karnataka,Chikkaballapur,238,2748
Karnataka,Chitradurga,4512,1300
Karnataka,Dakshina Kannada,11789,3300
Karnataka,Davangere,1741,457
Karnataka,Dharwad,9810,946
Karnataka,Gadag,1646,393
Karnataka,Gulbarga,4208,655
Karnataka,Hassan,12944,473
Karnataka,Haveri,1284,637
Karnataka,Kodagu,7554,199
Karnataka,Kolar,6874,1586
Karnataka,Koppal,4086,675
Karnataka,Mandya,4308,683
Karnataka,Mysore,933,1127
Karnataka,Raichur,3768,392
Karnataka,Ramanagar,8368,472
Karnataka,Shimoga,11269,259
Karnataka,Tumkur,1401,643
Karnataka,Udupi,3710,403
Karnataka,Uttara Kannada,4049,933
Karnataka,Yadgir,1777,525
Kerala,Alappuzha,2400,15170
Kerala,Ernakulam,1998,4602
Kerala,Idukki,510,1072
Kerala,Kannur,2886,8318
Kerala,Kasaragod,825,6136
Kerala,Kasargod,102,10251
Kerala,Kollam,2914,9643
Kerala,Kottayam,1341,2288
Kerala,Kozhikode,1973,52555
Kerala,Malappuram,5530,7306
Kerala,Palakkad,1627,1628
Kerala,Pathanamthitta,488,1675
Kerala,Thiruvananthapuram,1811,6175
Kerala,Thrissur,3344,7646
Kerala,Wayanad,58,9626
Lakshadweep,Lakshadweep,19,13
Madhya Pradesh,Alirajpur,3776,474
Madhya Pradesh,Anuppur,3862,314
Madhya Pradesh,Ashok Nagar,2138,104
Madhya Pradesh,Balaghat,15595,595
Madhya Pradesh,Barwani,764,137
Madhya Pradesh,Betul,3331,433
Madhya Pradesh,Bhind,2194,482
Madhya Pradesh,Bhopal,2969,1131
Madhya Pradesh,Burhanpur,731,234
Madhya Pradesh,Chhatarpur,4600,946
Madhya Pradesh,Chhindwara,8049,906
Madhya Pradesh,Damoh,2201,395
Madhya Pradesh,Datia,934,315
Madhya Pradesh,Dewas,747,405
Madhya Pradesh,Dhar,4792,776
Madhya Pradesh,Dindori,2719,365
Madhya Pradesh,Guna,2372,640
Madhya Pradesh,Gwalior,1880,1000
Madhya Pradesh,Harda,448,132
Madhya Pradesh,Hoshangabad,507,599
Madhya Pradesh,Indore,4424,1521
Madhya Pradesh,Jabalpur,2682,1092
Madhya Pradesh,Jhabua,3027,1144
Madhya Pradesh,Katni,2269,184
Madhya Pradesh,Khandwa,574,367
Madhya Pradesh,Khargone,4618,601
Madhya Pradesh,Mandla,2393,592
Madhya Pradesh,Mandsaur,910,268
Madhya Pradesh,Morena,3023,330
Madhya Pradesh,Narsinghpur,4597,827
Madhya Pradesh,Neemuch,33,10
Madhya Pradesh,Panna,2602,279
Madhya Pradesh,Raisen,3493,502
Madhya Pradesh,Rajgarh,650,186
Madhya Pradesh,Ratlam,1181,229
Madhya Pradesh,Rewa,9250,1318
Madhya Pradesh,Sagar,8317,790
Madhya Pradesh,Satna,6703,977
Madhya Pradesh,Sehore,2296,456
Madhya Pradesh,Seoni,3194,312
Madhya Pradesh,Shahdol,6414,562
Madhya Pradesh,Shajapur,363,195
Madhya Pradesh,Sheopur,124,25
Madhya Pradesh,Shivpuri,1813,201
Madhya Pradesh,Sidhi,5507,634
Madhya Pradesh,Singrauli,5191,248
Madhya Pradesh,Tikamgarh,3925,220
Madhya Pradesh,Ujjain,3753,615
Madhya Pradesh,Umaria,2473,180
Madhya Pradesh,Vidisha,1438,520
Maharashtra,Ahmadnagar,4422,2422
Maharashtra,Ahmed Nagar,21,297
Maharashtra,Akola,5074,590
Maharashtra,Amravati,1498,1261
Maharashtra,Aurangabad,9410,4989
Maharashtra,Beed,6003,1107
Maharashtra,Bhandara,1850,7417
Maharashtra,Buldhana,9145,693
Maharashtra,Chandrapur,2642,2298
Maharashtra,Dhule,2275,868
Maharashtra,Gadchiroli,2387,371
Maharashtra,Gondia,4,16
Maharashtra,Gondiya,3909,997
Maharashtra,Hingoli,1864,195
Maharashtra,Jalgaon,8942,1917
Maharashtra,Jalna,3504,2237
Maharashtra,Kolhapur,6368,1768
Maharashtra,Latur,1948,1465
Maharashtra,Mumbai,10571,2991
Maharashtra,Mumbai City,37,13
Maharashtra,Mumbai( Sub Urban ),2,2
Maharashtra,Nagpur,10453,9256
Maharashtra,Nanded,4481,724
Maharashtra,Nandurbar,3616,697
Maharashtra,Nashik,15445,2250
Maharashtra,Osmanabad,2445,1183
Maharashtra,Parbhani,1309,1176
Maharashtra,Pune,17278,3169
Maharashtra,Raigarh,5646,438
Maharashtra,Raigarh(MH),50,25
Maharashtra,Ratnagiri,2047,787
Maharashtra,Sangli,4329,1218
Maharashtra,Satara,7604,1193
Maharashtra,Sindhudurg,1462,123
Maharashtra,Solapur,4642,3350
Maharashtra,Thane,16412,7518
Maharashtra,Wardha,416,2098
Maharashtra,Washim,1439,202
Maharashtra,Yavatmal,4876,841
Manipur,Bishnupur,6,0
Manipur,Chandel,2,1
Manipur,Churachandpur,163,4
Manipur,Imphal East,1234,13
Manipur,Imphal West,267,7
Manipur,Senapati,2,4
Manipur,Thoubal,7,1
Manipur,Ukhrul,1,0
Meghalaya,East Khasi Hills,6,3
Meghalaya,Ri Bhoi,0,1
Meghalaya,West Garo Hills,6,0
Meghalaya,West Khasi Hills,1,0
Mizoram,Aizawl,2,0
Mizoram,Champhai,1,0
Mizoram,Saiha,1,0
Nagaland,Dimapur,9,11
Nagaland,Kiphire,0,3
Nagaland,Kohima,0,5
Nagaland,Mokokchung,5,0
Nagaland,Mon,29,2
Nagaland,Phek,1,12
Nagaland,Tuensang,0,7
Nagaland,Zunheboto,9,21
Odisha,Angul,14,2
Odisha,Anugul,2423,1559
Odisha,Balangir,49,68
Odisha,Baleswar,800,6762
Odisha,Balianta,0,2
Odisha,Bargarh,1123,158
Odisha,Baudh,0,1
Odisha,Bhadrak,683,16938
Odisha,Cuttack,547,2222
Odisha,Debagarh,5,0
Odisha,Dhenkanal,9318,1697
Odisha,Gajapati,2626,740
Odisha,Ganjam,5432,4546
Odisha,Jagatsinghapur,1509,865
Odisha,Jajapur,1297,1687
Odisha,Jharsuguda,12,0
Odisha,Kalahandi,5,2
Odisha,Kandhamal,1452,95
Odisha,Kendrapara,5631,1550
Odisha,Kendujhar,352,297
Odisha,Khorda,37,22
Odisha,Khordha,106,13946
Odisha,Koraput,9770,616
Odisha,Malkangiri,3,0
Odisha,Mayurbhanj,3191,2933
Odisha,Nabarangapur,84,3
Odisha,Nayagarh,755,232
Odisha,Nuapada,2,0
Odisha,Puri,3084,12986
Odisha,Rayagada,9,4
Odisha,Sambalpur,6725,1177
Odisha,Sonapur,156,57
Odisha,Sundergarh,166,762
Others,Others,219,9870
Puducherry,Karaikal,187,0
Puducherry,Pondicherry,15,575
Puducherry,Puducherry,149,756
Puducherry,Yanam,3,43
Punjab,Amritsar,9186,1170
Punjab,Barnala,680,404
Punjab,Bathinda,1646,939
Punjab,Faridkot,2487,625
Punjab,Fatehgarh Sahib,292,275
Punjab,Fazilka,1503,1099
Punjab,Ferozepur,2607,348
Punjab,Gurdaspur,2328,1222
Punjab,Hoshiarpur,2442,572
Punjab,Jalandhar,1281,979
Punjab,Kapurthala,1382,579
Punjab,Ludhiana,6347,3036
Punjab,Mansa,2537,398
Punjab,Moga,1638,518
Punjab,Muktsar,12,3
Punjab,Pathankot,1003,596
Punjab,Patiala,3102,1804
Punjab,Rupnagar,1186,340
Punjab,SAS Nagar (Mohali),1332,536
Punjab,Sangrur,2362,1033
Punjab,Shaheed Bhagat Singh Nagar,152,454
Punjab,Sri Muktsar Sahib,1865,956
Punjab,Tarn Taran,4328,473
Rajasthan,Ajmer,1540,1489
Rajasthan,Alwar,3156,2646
Rajasthan,Banswara,5237,475
Rajasthan,Baran,1015,677
Rajasthan,Barmer,4255,1731
Rajasthan,Bharatpur,3374,633
Rajasthan,Bhilwara,6210,1152
Rajasthan,Bikaner,6130,1284
Rajasthan,Bundi,1436,502
Rajasthan,Chittorgarh,3372,586
Rajasthan,Churu,3198,842
Rajasthan,Dausa,1056,859
Rajasthan,Dholpur,1774,459
Rajasthan,Dungarpur,4565,251
Rajasthan,Ganganagar,7336,842
Rajasthan,Hanumangarh,3138,455
Rajasthan,Jaipur,12936,4695
Rajasthan,Jaisalmer,1479,93
Rajasthan,Jalor,2440,1003
Rajasthan,Jhalawar,3423,452
Rajasthan,Jhunjhunu,46,49
Rajasthan,Jhunjhunun,1803,993
Rajasthan,Jodhpur,5467,1095
Rajasthan,Karauli,2676,357
Rajasthan,Kota,3211,1284
Rajasthan,Nagaur,4641,895
Rajasthan,Pali,2742,686
Rajasthan,Pratapgarh,3370,160
Rajasthan,Rajsamand,818,1246
Rajasthan,Sawai Madhopur,2665,723
Rajasthan,Sikar,4546,1383
Rajasthan,Sirohi,1641,466
Rajasthan,Tonk,1639,684
Rajasthan,Udaipur,3092,2767
Sikkim,East Sikkim,134,28
Sikkim,North Sikkim,22,13
Sikkim,South Sikkim,143,15
Sikkim,West Sikkim,71,12
Tamil Nadu,Ariyalur,260,79
Tamil Nadu,Chennai,13134,1172
Tamil Nadu,Coimbatore,21171,2029
Tamil Nadu,Cuddalore,5253,351
Tamil Nadu,Dharmapuri,978,840
Tamil Nadu,Dindigul,1882,365
Tamil Nadu,Erode,3378,2126
Tamil Nadu,Kancheepuram,9804,1237
Tamil Nadu,Kanchipuram,530,25
Tamil Nadu,Kanniyakumari,2739,131
Tamil Nadu,Kanyakumari,4,0
Tamil Nadu,Karur,1786,529
Tamil Nadu,Krishnagiri,2009,424
Tamil Nadu,Madurai,3207,1273
Tamil Nadu,Nagapattinam,1149,162
Tamil Nadu,Namakkal,3581,5891
Tamil Nadu,Nilgiris,1,1
Tamil Nadu,Perambalur,586,9
Tamil Nadu,Pudukkottai,729,194
Tamil Nadu,Ramanathapuram,834,117
Tamil Nadu,Salem,8394,4554
Tamil Nadu,Sivaganga,3359,1708
Tamil Nadu,Thanjavur,1196,264
Tamil Nadu,The Nilgiris,1230,138
Tamil Nadu,Theni,1158,2898
Tamil Nadu,Thiruvarur,1970,63
Tamil Nadu,Thoothukkudi,1426,365
Tamil Nadu,Tiruchirappalli,2221,448
Tamil Nadu,Tirunelveli,9088,4480
Tamil Nadu,Tiruppur,15578,521
Tamil Nadu,Tiruvallur,17054,2553
Tamil Nadu,Tiruvannamalai,13112,631
Tamil Nadu,Tiruvarur,411,6
Tamil Nadu,Vellore,10126,12056
Tamil Nadu,Villupuram,390,99
Tamil Nadu,Viluppuram,11527,2159
Tamil Nadu,Virudhunagar,455,1694
Tripura,Dhalai,215,57
Tripura,Gomati,92,1
Tripura,Khowai,107,53
Tripura,North Tripura,337,23
Tripura,Sepahijala,46,8
Tripura,South Tripura,97,2
Tripura,Unakoti,6,1
Tripura,West Tripura,372,62
Uttar Pradesh,Agra,213,78
Uttar Pradesh,Aligarh,271,468
Uttar Pradesh,Allahabad,4631,103
Uttar Pradesh,Ambedkar Nagar,153,14
Uttar Pradesh,Amethi,4726,265
Uttar Pradesh,Amroha,1973,143
Uttar Pradesh,Auraiya,68,19
Uttar Pradesh,Azamgarh,1446,193
Uttar Pradesh,Baghpat,42,10
Uttar Pradesh,Bagpat,0,1
Uttar Pradesh,Bahraich,244,5
Uttar Pradesh,Ballia,1233,353
Uttar Pradesh,Balrampur,7034,11
Uttar Pradesh,Banda,620,42
Uttar Pradesh,Bara Banki,336,433
Uttar Pradesh,Barabanki,2,0
Uttar Pradesh,Bareilly,2230,788
Uttar Pradesh,Basti,1102,70
Uttar Pradesh,Bijnor,3257,460
Uttar Pradesh,Budaun,71,4
Uttar Pradesh,Bulandshahar,3,0
Uttar Pradesh,Bulandshahr,257,15
Uttar Pradesh,Chandauli,4007,285
Uttar Pradesh,Chitrakoot,3121,131
Uttar Pradesh,Deoria,1688,70
Uttar Pradesh,Etah,71,18
Uttar Pradesh,Etawah,2477,397
Uttar Pradesh,Faizabad,2467,531
Uttar Pradesh,Farrukhabad,1613,42
Uttar Pradesh,Fatehpur,7350,41
Uttar Pradesh,Firozabad,55,12
Uttar Pradesh,Gautam Buddha Nagar,642,93
Uttar Pradesh,Ghaziabad,2045,629
Uttar Pradesh,Ghazipur,3882,197
Uttar Pradesh,Gonda,4288,101
Uttar Pradesh,Gorakhpur,2755,250
Uttar Pradesh,Hamirpur,31,1
Uttar Pradesh,Hardoi,122,106
Uttar Pradesh,Hathras,151,10
Uttar Pradesh,Jalaun,44,5
Uttar Pradesh,Jaunpur,360,30
Uttar Pradesh,Jhansi,1005,178
Uttar Pradesh,Jyotiba Phule Nagar,1,0
Uttar Pradesh,Kannauj,108,45
Uttar Pradesh,Kanpur Dehat,49,8
Uttar Pradesh,Kanpur Nagar,381,84
Uttar Pradesh,Kasganj,25,2
Uttar Pradesh,Kaushambi,165,5
Uttar Pradesh,Kheri,23,8
Uttar Pradesh,Kushinagar,639,24
Uttar Pradesh,Lalitpur,35,6
Uttar Pradesh,Lucknow,81,45
Uttar Pradesh,Maharajganj,4026,21
Uttar Pradesh,Mahoba,2492,245
Uttar Pradesh,Mahrajganj,2,0
Uttar Pradesh,Mainpuri,280,333
Uttar Pradesh,Mathura,173,178
Uttar Pradesh,Mau,135,15
Uttar Pradesh,Meerut,831,80
Uttar Pradesh,Mirzapur,137,16
Uttar Pradesh,Moradabad,31,4
Uttar Pradesh,Muzaffarnagar,350,21
Uttar Pradesh,Pilibhit,1445,473
Uttar Pradesh,Pratapgarh,1402,107
Uttar Pradesh,Rae Bareli,10652,710
Uttar Pradesh,Raebareli,24,3
Uttar Pradesh,Rampur,15,4
Uttar Pradesh,Saharanpur,1802,215
Uttar Pradesh,Sambhal,22,6
Uttar Pradesh,Sant Kabir Nagar,3520,164
Uttar Pradesh,Sant Ravidas Nagar,353,84
Uttar Pradesh,Sant Ravidas Nagar Bhadohi,2,0
Uttar Pradesh,Shahjahanpur,1677,74
Uttar Pradesh,Shamli,26,4
Uttar Pradesh,Shrawasti,722,53
Uttar Pradesh,Siddharthnagar,506,36
Uttar Pradesh,Sitapur,40,152
Uttar Pradesh,Sonbhadra,1458,64
Uttar Pradesh,Sultanpur,148,25
Uttar Pradesh,Unnao,83,13
Uttar Pradesh,Varanasi,5133,392
Uttarakhand,Almora,67,23
Uttarakhand,Bageshwar,85,109
Uttarakhand,Chamoli,24,3
Uttarakhand,Champawat,262,135
Uttarakhand,Dehradun,312,219
Uttarakhand,Garhwal,2,1
Uttarakhand,Hardwar,4,1
Uttarakhand,Haridwar,1777,233
Uttarakhand,Nainital,210,8
Uttarakhand,Pauri Garhwal,89,12
Uttarakhand,Pithoragarh,43,11
Uttarakhand,Rudraprayag,20,2
Uttarakhand,Tehri Garhwal,477,36
Uttarakhand,Udham Singh Nagar,1224,345
Uttarakhand,Uttarkashi,12,1
West Bengal,Bankura,926,123
West Bengal,Barddhaman,3592,818
West Bengal,Bardhaman,352,292
West Bengal,Birbhum,5272,174
West Bengal,Cooch Behar,443,613
West Bengal,Dakshin Dinajpur,367,195
West Bengal,Darjeeling,498,480
West Bengal,Domjur,1,0
West Bengal,East Midnapore,3888,2230
West Bengal,Hooghly,17692,1158
West Bengal,Howrah,507,838
West Bengal,Jalpaiguri,6631,1058
West Bengal,Kolkata,743,5674
West Bengal,Malda,3266,498
West Bengal,Medinipur,2051,1992
West Bengal,Murshidabad,7980,579
West Bengal,Nadia,3378,785
West Bengal,Naihati Anandabazar,0,1
West Bengal,North 24 Parganas,18864,3714
West Bengal,North Dinajpur,18,37
West Bengal,Paschim Medinipur,232,12
West Bengal,Purba Medinipur,589,36
West Bengal,Purulia,295,67
West Bengal,Puruliya,4255,96
West Bengal,South 24 Parganas,244,349
West Bengal,South Twenty Four Parganas,1108,676
West Bengal,Uttar Dinajpur,1223,492
West Bengal,West Midnapore,1077,1431
