State,District,Aadhaar generated,Enrolment Rejected
Andhra Pradesh,Adilabad,212,1693
Andhra Pradesh,Anantapur,0,1
Andhra Pradesh,Ananthapur,63,1107
Andhra Pradesh,Chittoor,167,137
Andhra Pradesh,Cuddapah,43,158
Andhra Pradesh,East Godavari,52,481
Andhra Pradesh,Guntur,166,156
Andhra Pradesh,Hyderabad,1059,576
Andhra Pradesh,K.V.Rangareddy,0,2
Andhra Pradesh,K.v. Rangareddy,1975,1100
Andhra Pradesh,Karimnagar,1739,795
Andhra Pradesh,Khammam,1411,350
Andhra Pradesh,Krishna,48,194
Andhra Pradesh,Kurnool,1091,2428
Andhra Pradesh,Mahabub Nagar,299,66
Andhra Pradesh,Mahabubnagar,5198,414
Andhra Pradesh,Mahbubnagar,5,17
Andhra Pradesh,Medak,721,700
Andhra Pradesh,Nalgonda,1114,2198
Andhra Pradesh,Nellore,1388,445
Andhra Pradesh,Nizamabad,1312,525
Andhra Pradesh,Prakasam,3017,476
Andhra Pradesh,Srikakulam,31,194
Andhra Pradesh,Visakhapatnam,8928,924
Andhra Pradesh,Vizianagaram,638,173
Andhra Pradesh,Warangal,2396,1177
Andhra Pradesh,West Godavari,4345,951
Arunachal Pradesh,Papum Pare,2,0
Assam,Baksa,5,0
Assam,Barpeta,3,0
Assam,Cachar,10,1
Assam,Chirang,1,0
Assam,Darrang,3,0
Assam,Dhemaji,5,1
Assam,Dhubri,2,0
Assam,Dibrugarh,1,0
Assam,Golaghat,3,0
Assam,Hailakandi,4,2
Assam,Jorhat,2,0
Assam,Kamrup,6,0
Assam,Kamrup Metro,0,1
Assam,Karbi Anglong,2,1
Assam,Karimganj,5,1
Assam,Kokrajhar,3,0
Assam,Lakhimpur,2,0
Assam,Nagaon,13,0
Assam,Nalbari,3,0
Assam,Sibsagar,6,0
Assam,Sonitpur,8,0
Assam,Tinsukia,3,0
Assam,Udalguri,5,0
Bihar,Araria,24,3
Bihar,Arwal,1105,144
Bihar,Aurangabad,75,9
Bihar,Aurangabad(BH),3,0
Bihar,Banka,64,3
Bihar,Begusarai,66,8
Bihar,Bhabua,0,1
Bihar,Bhagalpur,61,8
Bihar,Bhojpur,67,6
Bihar,Buxar,43,5
Bihar,Darbhanga,1007,181
Bihar,East Champaran,166,6
Bihar,Gaya,135,8
Bihar,Gopalganj,242,43
Bihar,Jamui,553,7
Bihar,Jehanabad,25,3
Bihar,Kaimur (Bhabua),37,0
Bihar,Katihar,423,10
Bihar,Khagaria,23,3
Bihar,Kishanganj,348,13
Bihar,Lakhisarai,36,2
Bihar,Madhepura,26,0
Bihar,Madhubani,152,16
Bihar,Munger,42,4
Bihar,Muzaffarpur,78,6
Bihar,Nalanda,1113,40
Bihar,Nawada,47,6
Bihar,Patna,230,59
Bihar,Purnia,28,4
Bihar,Rohtas,525,38
Bihar,Saharsa,1688,285
Bihar,Samastipur,106,3
Bihar,Saran,129,18
Bihar,Sheikhpura,1178,80
Bihar,Sheohar,1296,58
Bihar,Sitamarhi,62,2
Bihar,Siwan,99,10
Bihar,Supaul,37,1
Bihar,Vaishali,418,73
Bihar,West Champaran,52,8
Chandigarh,Chandigarh,89,59
Chhattisgarh,Balod,6,0
Chhattisgarh,Baloda Bazar,3,0
Chhattisgarh,Balrampur,1,0
Chhattisgarh,Bastar,105,29
Chhattisgarh,Bemetara,253,6
Chhattisgarh,Bilaspur,23,1
Chhattisgarh,Dhamtari,1979,144
Chhattisgarh,Durg,87,0
Chhattisgarh,Janjgir-champa,197,14
Chhattisgarh,Jashpur,4,1
Chhattisgarh,Kanker,1,0
Chhattisgarh,Kawardha,3,0
Chhattisgarh,Korba,3031,7
Chhattisgarh,Koriya,1063,59
Chhattisgarh,Mahasamund,2,0
Chhattisgarh,Mungeli,1068,0
Chhattisgarh,Mungeli ,4,0
Chhattisgarh,Raigarh,3,1
Chhattisgarh,Raipur,9,0
Chhattisgarh,Rajnandgaon,911,34
Chhattisgarh,Surajpur,2,0
Chhattisgarh,Surguja,4,1
Dadra and Nagar Haveli,Dadra and Nagar Haveli,91,41
Daman and Diu,Daman,5,2
Daman and Diu,Diu,1,10
Delhi,Central Delhi,296,325
Delhi,East Delhi,460,1199
Delhi,Najafgarh,73,10
Delhi,New Delhi,72,42
Delhi,North Delhi,278,583
Delhi,North East,58,440
Delhi,North East Delhi,603,1027
Delhi,North West Delhi,985,2511
Delhi,South Delhi,1810,2642
Delhi,South West Delhi,391,623
Delhi,West Delhi,554,1491
Goa,North Goa,4,184
Goa,South Goa,7,28
Gujarat,Ahmadabad,7,0
Gujarat,Ahmedabad,3955,284
Gujarat,Amreli,484,13
Gujarat,Anand,226,63
Gujarat,Banaskantha,1315,125
Gujarat,Bharuch,762,103
Gujarat,Bhavnagar,225,182
Gujarat,Dahod,224,63
Gujarat,Dohad,454,24
Gujarat,Gandhinagar,706,28
Gujarat,Jamnagar,1030,105
Gujarat,Junagadh,5010,239
Gujarat,Kachchh,736,44
Gujarat,Kheda,362,88
Gujarat,Mahesana,267,74
Gujarat,Narmada,573,47
Gujarat,Navsari,4169,198
Gujarat,Panchmahals,439,51
Gujarat,Patan,170,20
Gujarat,Porbandar,117,0
Gujarat,Rajkot,5829,287
Gujarat,Sabarkantha,270,50
Gujarat,Surat,1025,114
Gujarat,Surendra Nagar,683,159
Gujarat,Tapi,362,20
Gujarat,The Dangs,5,13
Gujarat,Vadodara,1006,42
Gujarat,Valsad,1189,27
Haryana,Ambala,212,95
Haryana,Bhiwani,1469,122
Haryana,Faridabad,3150,400
Haryana,Fatehabad,3239,125
Haryana,Gurgaon,1707,224
Haryana,Hisar,3450,135
Haryana,Jhajjar,1377,86
Haryana,Jind,4442,115
Haryana,Kaithal,2070,74
Haryana,Karnal,1301,237
Haryana,Kurukshetra,2647,77
Haryana,Mahendragarh,1288,72
Haryana,Mewat,1918,55
Haryana,Palwal,1416,113
Haryana,Panchkula,1802,73
Haryana,Panipat,3685,176
Haryana,Rewari,2592,91
Haryana,Rohtak,890,161
Haryana,Sirsa,5823,72
Haryana,Sonipat,319,151
Haryana,Yamuna Nagar,1050,140
Himachal Pradesh,Bilaspur,22,13
Himachal Pradesh,Chamba,532,43
Himachal Pradesh,Hamirpur,28,8
Himachal Pradesh,Kangra,444,101
Himachal Pradesh,Kinnaur,120,7
Himachal Pradesh,Kullu,94,59
Himachal Pradesh,Lahul and Spiti,24,13
Himachal Pradesh,Mandi,92,56
Himachal Pradesh,Shimla,653,35
Himachal Pradesh,Sirmaur,191,32
Himachal Pradesh,Solan,156,28
Himachal Pradesh,Una,79,12
Jammu and Kashmir,Anantnag,178,7
Jammu and Kashmir,Badgam,3,0
Jammu and Kashmir,Baramula,2,0
Jammu and Kashmir,Doda,680,14
Jammu and Kashmir,Jammu,915,41
Jammu and Kashmir,Kargil,130,1
Jammu and Kashmir,Kathua,104,27
Jammu and Kashmir,Kupwara,1,1
Jammu and Kashmir,Leh,97,2
Jammu and Kashmir,Pulwama,255,8
Jammu and Kashmir,Punch,1,0
Jammu and Kashmir,Rajouri,7,0
Jammu and Kashmir,Reasi,31,0
Jammu and Kashmir,Srinagar,28,0
Jammu and Kashmir,Udhampur,432,4
Jharkhand,Bokaro,424,247
Jharkhand,Chatra,1870,390
Jharkhand,Deoghar,2180,587
Jharkhand,Dhanbad,3466,405
Jharkhand,Dumka,1456,635
Jharkhand,East Singhbhum,3544,568
Jharkhand,Garhwa,3006,538
Jharkhand,Giridih,3942,319
Jharkhand,Godda,1816,419
Jharkhand,Gumla,2376,681
Jharkhand,Hazaribag,4,1
Jharkhand,Hazaribagh,594,165
Jharkhand,Jamtara,3679,141
Jharkhand,Khunti,485,62
Jharkhand,Koderma,2171,196
Jharkhand,Latehar,1340,401
Jharkhand,Lohardaga,617,149
Jharkhand,Pakaur,3,0
Jharkhand,Pakur,709,276
Jharkhand,Palamau,30,1
Jharkhand,Palamu,2810,784
Jharkhand,Ramgarh,1123,147
Jharkhand,Ranchi,1167,716
Jharkhand,Sahebganj,816,140
Jharkhand,Seraikela-Kharsawan,208,203
Jharkhand,Simdega,115,54
Jharkhand,West Singhbhum,4906,1013
Karnataka,Bagalkot,4725,90
Karnataka,Bangalore,12673,3088
Karnataka,Bangalore Rural,1358,1482
Karnataka,Belgaum,12141,4340
Karnataka,Bellary,6272,224
Karnataka,Bidar,2698,298
Karnataka,Bijapur,1499,331
Karnataka,Bijapur(KAR),2,12
Karnataka,Chamarajanagar,1,0
Karnataka,Chamrajanagar,642,123
Karnataka,Chickmagalur,445,87
Karnataka,Chikkaballapur,177,462
Karnataka,Chitradurga,2434,197
Karnataka,Dakshina Kannada,1616,1694
Karnataka,Davangere,590,118
Karnataka,Dharwad,346,561
Karnataka,Gadag,524,55
Karnataka,Gulbarga,562,247
Karnataka,Hassan,2169,145
Karnataka,Haveri,374,225
Karnataka,Kodagu,461,110
Karnataka,Kolar,2347,601
Karnataka,Koppal,576,181
Karnataka,Mandya,1022,155
Karnataka,Mysore,196,264
Karnataka,Raichur,1235,101
Karnataka,Ramanagar,2062,234
Karnataka,Shimoga,4951,196
Karnataka,Tumkur,157,109
Karnataka,Udupi,294,208
Karnataka,Uttara Kannada,783,291
Karnataka,Yadgir,757,40
Kerala,Alappuzha,478,5041
Kerala,Ernakulam,837,1143
Kerala,Idukki,340,170
Kerala,Kannur,461,462
Kerala,Kasaragod,602,583
Kerala,Kasargod,23,62
Kerala,Kollam,585,1175
Kerala,Kottayam,587,226
Kerala,Kozhikode,756,1314
Kerala,Malappuram,2765,2364
Kerala,Palakkad,707,747
Kerala,Pathanamthitta,143,68
Kerala,Thiruvananthapuram,659,1078
Kerala,Thrissur,825,889
Kerala,Wayanad,14,133
Lakshadweep,Lakshadweep,3,1
Madhya Pradesh,Alirajpur,945,151
Madhya Pradesh,Anuppur,890,112
Madhya Pradesh,Ashok Nagar,321,44
Madhya Pradesh,Balaghat,2625,233
Madhya Pradesh,Barwani,401,53
Madhya Pradesh,Betul,1180,106
Madhya Pradesh,Bhind,903,142
Madhya Pradesh,Bhopal,782,334
Madhya Pradesh,Burhanpur,175,65
Madhya Pradesh,Chhatarpur,1245,170
Madhya Pradesh,Chhindwara,2290,279
Madhya Pradesh,Damoh,797,143
Madhya Pradesh,Datia,1288,103
Madhya Pradesh,Dewas,681,49
Madhya Pradesh,Dhar,1971,194
Madhya Pradesh,Dindori,1312,273
Madhya Pradesh,Guna,812,130
Madhya Pradesh,Gwalior,1671,184
Madhya Pradesh,Harda,221,64
Madhya Pradesh,Hoshangabad,84,136
Madhya Pradesh,Indore,686,519
Madhya Pradesh,Jabalpur,480,288
Madhya Pradesh,Jhabua,904,244
Madhya Pradesh,Katni,1278,93
Madhya Pradesh,Khandwa,127,169
Madhya Pradesh,Khargone,1278,120
Madhya Pradesh,Mandla,852,330
Madhya Pradesh,Mandsaur,373,85
Madhya Pradesh,Morena,1927,107
Madhya Pradesh,Narsinghpur,1392,333
Madhya Pradesh,Neemuch,21,2
Madhya Pradesh,Panna,1074,120
Madhya Pradesh,Raisen,1123,209
Madhya Pradesh,Rajgarh,451,27
Madhya Pradesh,Ratlam,574,99
Madhya Pradesh,Rewa,2269,217
Madhya Pradesh,Sagar,1406,330
Madhya Pradesh,Satna,1537,284
Madhya Pradesh,Sehore,1474,139
Madhya Pradesh,Seoni,427,169
Madhya Pradesh,Shahdol,1729,81
Madhya Pradesh,Shajapur,131,102
Madhya Pradesh,Sheopur,118,6
Madhya Pradesh,Shivpuri,453,59
Madhya Pradesh,Sidhi,1078,132
Madhya Pradesh,Singrauli,1150,138
Madhya Pradesh,Tikamgarh,2133,106
Madhya Pradesh,Ujjain,1901,320
Madhya Pradesh,Umaria,1223,115
Madhya Pradesh,Vidisha,580,122
Maharashtra,Ahmadnagar,1519,777
Maharashtra,Ahmed Nagar,3,1
Maharashtra,Akola,1489,295
Maharashtra,Amravati,538,216
Maharashtra,Aurangabad,1590,1133
Maharashtra,Beed,3259,392
Maharashtra,Bhandara,2410,276
Maharashtra,Buldhana,3129,247
Maharashtra,Chandrapur,2827,413
Maharashtra,Dhule,518,163
Maharashtra,Gadchiroli,685,136
Maharashtra,Gondia,8,0
Maharashtra,Gondiya,1645,545
Maharashtra,Hingoli,270,101
Maharashtra,Jalgaon,1373,1398
Maharashtra,Jalna,583,294
Maharashtra,Kolhapur,7680,437
Maharashtra,Latur,321,414
Maharashtra,Mumbai,2663,729
Maharashtra,Mumbai City,4,0
Maharashtra,Nagpur,3644,1303
Maharashtra,Nanded,1354,218
Maharashtra,Nandurbar,227,153
Maharashtra,Nashik,3568,551
Maharashtra,Osmanabad,2125,148
Maharashtra,Parbhani,369,186
Maharashtra,Pune,2944,1314
Maharashtra,Raigarh,5795,99
Maharashtra,Raigarh(MH),1,0
Maharashtra,Ratnagiri,97,65
Maharashtra,Sangli,2863,513
Maharashtra,Satara,1977,467
Maharashtra,Sindhudurg,435,48
Maharashtra,Solapur,671,224
Maharashtra,Thane,5709,1761
Maharashtra,Wardha,285,187
Maharashtra,Washim,684,53
Maharashtra,Yavatmal,3278,339
Manipur,Bishnupur,4,0
Manipur,Chandel,5,25
Manipur,Churachandpur,28,97
Manipur,Imphal East,147,34
Manipur,Imphal West,34,44
Manipur,Senapati,1,2
Manipur,Tamenglong,7,11
Manipur,Thoubal,1,3
Meghalaya,East Khasi Hills,14,0
Meghalaya,West Garo Hills,1,0
Mizoram,Aizawl,1,0
Nagaland,Dimapur,478,1
Nagaland,Kohima,2,2
Nagaland,Longleng,1,0
Nagaland,Mon,861,0
Nagaland,Wokha,1,0
Nagaland,Zunheboto,529,5
Odisha,Angul,4,0
Odisha,Anugul,384,269
Odisha,Balangir,7,20
Odisha,Baleswar,386,140
Odisha,Bargarh,60,66
Odisha,Bhadrak,69,133
Odisha,Cuttack,36,78
Odisha,Debagarh,3,1
Odisha,Dhenkanal,276,382
Odisha,Gajapati,276,0
Odisha,Ganjam,300,179
Odisha,Jagatsinghapur,33,26
Odisha,Jajapur,253,274
Odisha,Jharsuguda,3,0
Odisha,Kalahandi,1,0
Odisha,Kandhamal,23,29
Odisha,Kendrapara,625,167
Odisha,Kendujhar,505,72
Odisha,Khorda,12,5
Odisha,Khordha,22,49
Odisha,Koraput,361,1663
Odisha,Malkangiri,1,0
Odisha,Mayurbhanj,175,56
Odisha,Nabarangapur,185,0
Odisha,Nayagarh,215,356
Odisha,Puri,70,293
Odisha,Rayagada,2,1
Odisha,Sambalpur,406,319
Odisha,Sonapur,17,19
Odisha,Sundergarh,224,23
Others,Others,59,6011
Puducherry,Karaikal,181,3
Puducherry,Pondicherry,0,4
Puducherry,Puducherry,78,50
Punjab,Amritsar,1821,746
Punjab,Barnala,147,199
Punjab,Bathinda,973,274
Punjab,Faridkot,1857,315
Punjab,Fatehgarh Sahib,64,58
Punjab,Fazilka,1327,318
Punjab,Ferozepur,1539,114
Punjab,Gurdaspur,402,591
Punjab,Hoshiarpur,1205,255
Punjab,Jalandhar,441,451
Punjab,Kapurthala,403,180
Punjab,Ludhiana,4741,699
Punjab,Mansa,413,158
Punjab,Moga,1242,123
Punjab,Muktsar,2,1
Punjab,Pathankot,164,99
Punjab,Patiala,1031,531
Punjab,Rupnagar,534,112
Punjab,SAS Nagar (Mohali),482,119
Punjab,Sangrur,2637,342
Punjab,Shaheed Bhagat Singh Nagar,49,118
Punjab,Sri Muktsar Sahib,1286,344
Punjab,Tarn Taran,554,377
Rajasthan,Ajmer,262,234
Rajasthan,Alwar,1876,680
Rajasthan,Banswara,4580,127
Rajasthan,Baran,1560,105
Rajasthan,Barmer,1181,385
Rajasthan,Bharatpur,1080,197
Rajasthan,Bhilwara,3997,162
Rajasthan,Bikaner,2463,278
Rajasthan,Bundi,983,70
Rajasthan,Chittorgarh,870,110
Rajasthan,Churu,1646,252
Rajasthan,Dausa,249,308
Rajasthan,Dholpur,706,133
Rajasthan,Dungarpur,2776,64
Rajasthan,Ganganagar,2828,264
Rajasthan,Hanumangarh,2752,192
Rajasthan,Jaipur,4688,902
Rajasthan,Jaisalmer,1082,35
Rajasthan,Jalor,732,308
Rajasthan,Jhalawar,4030,135
Rajasthan,Jhunjhunu,15,6
Rajasthan,Jhunjhunun,383,576
Rajasthan,Jodhpur,1340,272
Rajasthan,Karauli,821,86
Rajasthan,Kota,1823,408
Rajasthan,Nagaur,1223,220
Rajasthan,Pali,809,340
Rajasthan,Pratapgarh,1933,41
Rajasthan,Rajsamand,319,224
Rajasthan,Sawai Madhopur,438,141
Rajasthan,Sikar,1511,353
Rajasthan,Sirohi,552,78
Rajasthan,Tonk,506,195
Rajasthan,Udaipur,479,367
Sikkim,East Sikkim,40,13
Sikkim,North Sikkim,13,1
Sikkim,South Sikkim,4,2
Sikkim,West Sikkim,5,5
Tamil Nadu,Ariyalur,97,11
Tamil Nadu,Chennai,2603,1291
Tamil Nadu,Coimbatore,5519,1655
Tamil Nadu,Cuddalore,68,26
Tamil Nadu,Dharmapuri,365,19
Tamil Nadu,Dindigul,1854,18
Tamil Nadu,Erode,1887,3489
Tamil Nadu,Kancheepuram,1886,300
Tamil Nadu,Kanchipuram,8,0
Tamil Nadu,Kanniyakumari,1213,17
Tamil Nadu,Kanyakumari,1,1
Tamil Nadu,Karur,143,25
Tamil Nadu,Krishnagiri,886,69
Tamil Nadu,Madurai,273,19
Tamil Nadu,Nagapattinam,580,14
Tamil Nadu,Namakkal,629,187
Tamil Nadu,Perambalur,64,61
Tamil Nadu,Pudukkottai,476,35
Tamil Nadu,Ramanathapuram,788,23
Tamil Nadu,Salem,1015,461
Tamil Nadu,Sivaganga,1418,38
Tamil Nadu,Thanjavur,805,57
Tamil Nadu,The Nilgiris,841,49
Tamil Nadu,Theni,765,450
Tamil Nadu,Thiruvarur,421,25
Tamil Nadu,Thoothukkudi,299,11
Tamil Nadu,Tiruchirappalli,463,13
Tamil Nadu,Tirunelveli,2350,847
Tamil Nadu,Tiruppur,3004,794
Tamil Nadu,Tiruvallur,5543,2732
Tamil Nadu,Tiruvannamalai,2202,1036
Tamil Nadu,Vellore,2428,332
Tamil Nadu,Villupuram,3,2
Tamil Nadu,Viluppuram,2316,462
Tamil Nadu,Virudhunagar,487,435
Tripura,Dhalai,9,10
Tripura,Gomati,2,1
Tripura,Khowai,11,4
Tripura,North Tripura,55,41
Tripura,Sepahijala,3,8
Tripura,South Tripura,1,1
Tripura,Unakoti,2,0
Tripura,West Tripura,110,35
Uttar Pradesh,Agra,73,6
Uttar Pradesh,Aligarh,213,14
Uttar Pradesh,Allahabad,1147,152
Uttar Pradesh,Ambedkar Nagar,66,7
Uttar Pradesh,Amethi,1232,119
Uttar Pradesh,Amroha,215,4
Uttar Pradesh,Auraiya,55,7
Uttar Pradesh,Azamgarh,317,51
Uttar Pradesh,Baghpat,32,0
Uttar Pradesh,Bahraich,42,2
Uttar Pradesh,Ballia,547,24
Uttar Pradesh,Balrampur,1612,141
Uttar Pradesh,Banda,172,24
Uttar Pradesh,Bara Banki,96,64
Uttar Pradesh,Barabanki,0,1
Uttar Pradesh,Bareilly,636,392
Uttar Pradesh,Basti,286,27
Uttar Pradesh,Bijnor,1073,66
Uttar Pradesh,Budaun,30,3
Uttar Pradesh,Bulandshahar,1,1
Uttar Pradesh,Bulandshahr,68,7
Uttar Pradesh,Chandauli,1391,216
Uttar Pradesh,Chitrakoot,834,57
Uttar Pradesh,Deoria,299,103
Uttar Pradesh,Etah,24,3
Uttar Pradesh,Etawah,2267,215
Uttar Pradesh,Faizabad,541,173
Uttar Pradesh,Farrukhabad,672,14
Uttar Pradesh,Fatehpur,1115,22
Uttar Pradesh,Firozabad,32,3
Uttar Pradesh,Gautam Buddha Nagar,418,26
Uttar Pradesh,Ghaziabad,638,150
Uttar Pradesh,Ghazipur,1274,107
Uttar Pradesh,Gonda,996,70
Uttar Pradesh,Gorakhpur,786,50
Uttar Pradesh,Hamirpur,5,0
Uttar Pradesh,Hardoi,61,6
Uttar Pradesh,Hathras,52,6
Uttar Pradesh,Jalaun,28,2
Uttar Pradesh,Jaunpur,113,13
Uttar Pradesh,Jhansi,736,243
Uttar Pradesh,Jyotiba Phule Nagar,0,1
Uttar Pradesh,Kannauj,720,6
Uttar Pradesh,Kanpur Dehat,19,2
Uttar Pradesh,Kanpur Nagar,87,37
Uttar Pradesh,Kasganj,13,1
Uttar Pradesh,Kaushambi,200,3
Uttar Pradesh,Kheri,14,0
Uttar Pradesh,Kushinagar,104,46
Uttar Pradesh,Lalitpur,2,1
Uttar Pradesh,Lucknow,27,7
Uttar Pradesh,Maharajganj,1532,39
Uttar Pradesh,Mahoba,483,122
Uttar Pradesh,Mahrajganj,1,1
Uttar Pradesh,Mainpuri,248,10
Uttar Pradesh,Mathura,79,4
Uttar Pradesh,Mau,57,4
Uttar Pradesh,Meerut,305,13
Uttar Pradesh,Mirzapur,312,4
Uttar Pradesh,Moradabad,54,2
Uttar Pradesh,Muzaffarnagar,498,86
Uttar Pradesh,Pilibhit,760,65
Uttar Pradesh,Pratapgarh,529,48
Uttar Pradesh,Rae Bareli,5605,302
Uttar Pradesh,Raebareli,5,1
Uttar Pradesh,Rampur,7,0
Uttar Pradesh,Saharanpur,2577,997
Uttar Pradesh,Sambhal,12,1
Uttar Pradesh,Sant Kabir Nagar,583,53
Uttar Pradesh,Sant Ravidas Nagar,372,16
Uttar Pradesh,Sant Ravidas Nagar Bhadohi,1,0
Uttar Pradesh,Shahjahanpur,926,397
Uttar Pradesh,Shamli,27,0
Uttar Pradesh,Shrawasti,887,100
Uttar Pradesh,Siddharthnagar,44,2
Uttar Pradesh,Sitapur,32,1
Uttar Pradesh,Sonbhadra,340,67
Uttar Pradesh,Sultanpur,50,9
Uttar Pradesh,Unnao,34,4
Uttar Pradesh,Varanasi,2418,517
Uttarakhand,Almora,29,2
Uttarakhand,Bageshwar,212,18
Uttarakhand,Chamoli,18,2
Uttarakhand,Champawat,355,17
Uttarakhand,Dehradun,958,131
Uttarakhand,Hardwar,1,0
Uttarakhand,Haridwar,328,8
Uttarakhand,Nainital,28,6
Uttarakhand,Pauri Garhwal,39,2
Uttarakhand,Pithoragarh,17,5
Uttarakhand,Rudraprayag,15,3
Uttarakhand,Tehri Garhwal,330,20
Uttarakhand,Udham Singh Nagar,214,116
Uttarakhand,Uttarkashi,4,0
West Bengal,Bankura,278,694
West Bengal,Barddhaman,891,781
West Bengal,Bardhaman,344,107
West Bengal,Birbhum,388,761
West Bengal,Cooch Behar,158,37
West Bengal,Dakshin Dinajpur,547,21
West Bengal,Darjeeling,895,37
West Bengal,East Midnapore,1300,719
West Bengal,Hooghly,1778,410
West Bengal,Howrah,2976,54
West Bengal,Jalpaiguri,319,106
West Bengal,Kolkata,115,35
West Bengal,Malda,1036,64
West Bengal,Medinipur,141,165
West Bengal,Murshidabad,2223,269
West Bengal,Nadia,3353,281
West Bengal,North 24 Parganas,2100,1464
West Bengal,North Dinajpur,7,1
West Bengal,Paschim Medinipur,32,9
West Bengal,Purba Medinipur,98,222
West Bengal,Purulia,3360,24
West Bengal,Puruliya,707,96
West Bengal,South 24 Parganas,867,88
West Bengal,South Twenty Four Parganas,1871,37
West Bengal,Uttar Dinajpur,650,18
West Bengal,West Midnapore,65,142
