State,District,Aadhaar generated,Enrolment Rejected
Andhra Pradesh,Adilabad,3119,0
Andhra Pradesh,Ananthapur,38,12
Andhra Pradesh,Chittoor,10,0
Andhra Pradesh,Cuddapah,7,1
Andhra Pradesh,East Godavari,100,4
Andhra Pradesh,Guntur,592,4
Andhra Pradesh,Hyderabad,240,7
Andhra Pradesh,K.v. Rangareddy,665,16
Andhra Pradesh,Karimnagar,713,12
Andhra Pradesh,Khammam,674,10
Andhra Pradesh,Krishna,54,3
Andhra Pradesh,Kurnool,4378,9
Andhra Pradesh,Mahabub Nagar,0,1
Andhra Pradesh,Mahabubnagar,1772,13
Andhra Pradesh,Medak,370,20
Andhra Pradesh,Nalgonda,709,36
Andhra Pradesh,Nellore,37,1
Andhra Pradesh,Nizamabad,1567,40
Andhra Pradesh,Prakasam,47,0
Andhra Pradesh,Srikakulam,362,0
Andhra Pradesh,Visakhapatnam,6232,15
Andhra Pradesh,Vizianagaram,28517,2
Andhra Pradesh,Warangal,512,14
Andhra Pradesh,West Godavari,61,2
Arunachal Pradesh,Lohit,1,0
Assam,Barpeta,3,0
Assam,Cachar,5,0
Assam,Darrang,1,0
Assam,Dhubri,1,0
Assam,Dibrugarh,3,0
Assam,Golaghat,6,0
Assam,Hailakandi,7,0
Assam,Jorhat,1,0
Assam,Karbi Anglong,1,0
Assam,Karimganj,5,0
Assam,Kokrajhar,2,0
Assam,Lakhimpur,1,0
Assam,Nagaon,3,0
Assam,Nalbari,1,0
Assam,Sibsagar,1,0
Assam,Tinsukia,2,0
Assam,Udalguri,3,0
Bihar,Araria,11,0
Bihar,Arwal,22,0
Bihar,Aurangabad,12,0
Bihar,Banka,146,0
Bihar,Begusarai,21,0
Bihar,Bhagalpur,41,0
Bihar,Bhojpur,59,1
Bihar,Buxar,43,0
Bihar,Darbhanga,89,2
Bihar,East Champaran,65,0
Bihar,Gaya,56,2
Bihar,Gopalganj,119,10
Bihar,Jamui,48,1
Bihar,Jehanabad,12,0
Bihar,Kaimur (Bhabua),17,0
Bihar,Katihar,131,1
Bihar,Khagaria,9,1
Bihar,Kishanganj,32,0
Bihar,Lakhisarai,16,0
Bihar,Madhepura,10,1
Bihar,Madhubani,94,0
Bihar,Munger,8,0
Bihar,Muzaffarpur,56,0
Bihar,Nalanda,282,2
Bihar,Nawada,29,0
Bihar,Patna,516,1
Bihar,Purnia,10,0
Bihar,Rohtas,106,1
Bihar,Saharsa,2013,1
Bihar,Samastipur,66,2
Bihar,Saran,87,2
Bihar,Sheikhpura,35,0
Bihar,Sheohar,435,6
Bihar,Sitamarhi,53,1
Bihar,Siwan,72,0
Bihar,Supaul,16,0
Bihar,Vaishali,376,1
Bihar,West Champaran,23,0
Chandigarh,Chandigarh,90,0
Chhattisgarh,Balod,1,0
Chhattisgarh,Baloda Bazar,1,0
Chhattisgarh,Balrampur,1,0
Chhattisgarh,Bemetara,64,0
Chhattisgarh,Bilaspur,3,0
Chhattisgarh,Dhamtari,60,0
Chhattisgarh,Durg,8,0
Chhattisgarh,Janjgir-champa,49,0
Chhattisgarh,Jashpur,3,0
Chhattisgarh,Kanker,2,0
Chhattisgarh,Kawardha,1,0
Chhattisgarh,Korba,3,0
Chhattisgarh,Koriya,949,2
Chhattisgarh,Mungeli,1,0
Chhattisgarh,Mungeli ,1,0
Chhattisgarh,Raigarh,3,0
Chhattisgarh,Raipur,7,0
Chhattisgarh,Rajnandgaon,283,1
Chhattisgarh,Surguja,0,2
Dadra and Nagar Haveli,Dadra and Nagar Haveli,3,12
Daman and Diu,Daman,3,0
Delhi,Central Delhi,225,14
Delhi,East Delhi,389,32
Delhi,New Delhi,29,0
Delhi,North Delhi,183,7
Delhi,North East,81,0
Delhi,North East Delhi,466,38
Delhi,North West Delhi,1039,83
Delhi,South Delhi,453,63
Delhi,South West Delhi,287,84
Delhi,West Delhi,483,75
Goa,North Goa,15,2
Goa,South Goa,2,1
Gujarat,Ahmadabad,10,0
Gujarat,Ahmedabad,2239,3
Gujarat,Amreli,84,1
Gujarat,Anand,22,0
Gujarat,Banaskantha,1053,4
Gujarat,Bharuch,595,8
Gujarat,Bhavnagar,44,0
Gujarat,Dahod,453,52
Gujarat,Dohad,164,12
Gujarat,Gandhinagar,103,0
Gujarat,Jamnagar,734,5
Gujarat,Junagadh,679,17
Gujarat,Kachchh,576,1
Gujarat,Kheda,352,1
Gujarat,Mahesana,94,0
Gujarat,Narmada,526,0
Gujarat,Navsari,1098,15
Gujarat,Panchmahals,831,1
Gujarat,Patan,742,11
Gujarat,Porbandar,68,2
Gujarat,Rajkot,267,4
Gujarat,Sabarkantha,25,0
Gujarat,Surat,1037,4
Gujarat,Surendra Nagar,3387,1
Gujarat,Tapi,251,0
Gujarat,The Dangs,48,0
Gujarat,Vadodara,1399,31
Gujarat,Valsad,95,0
Haryana,Ambala,121,0
Haryana,Bhiwani,2117,9
Haryana,Faridabad,1371,20
Haryana,Fatehabad,1727,10
Haryana,Gurgaon,894,3
Haryana,Hisar,1668,8
Haryana,Jhajjar,1163,3
Haryana,Jind,1790,2
Haryana,Kaithal,268,1
Haryana,Karnal,802,0
Haryana,Kurukshetra,440,1
Haryana,Mahendragarh,1053,5
Haryana,Mewat,760,4
Haryana,Palwal,82,4
Haryana,Panchkula,363,2
Haryana,Panipat,708,8
Haryana,Rewari,1348,3
Haryana,Rohtak,539,0
Haryana,Sirsa,1160,12
Haryana,Sonipat,97,0
Haryana,Yamuna Nagar,678,3
Himachal Pradesh,Bilaspur,12,0
Himachal Pradesh,Chamba,240,0
Himachal Pradesh,Hamirpur,79,2
Himachal Pradesh,Kangra,33,0
Himachal Pradesh,Kinnaur,15,0
Himachal Pradesh,Kullu,16,0
Himachal Pradesh,Lahul and Spiti,31,0
Himachal Pradesh,Mandi,135,1
Himachal Pradesh,Shimla,1184,2
Himachal Pradesh,Sirmaur,24,1
Himachal Pradesh,Solan,60,1
Himachal Pradesh,Una,102,0
Jammu and Kashmir,Anantnag,2128,9
Jammu and Kashmir,Doda,327,3
Jammu and Kashmir,Jammu,96,3
Jammu and Kashmir,Kathua,14,0
Jammu and Kashmir,Kupwara,2,0
Jammu and Kashmir,Pulwama,33,0
Jammu and Kashmir,Srinagar,2,0
Jammu and Kashmir,Udhampur,6,0
Jharkhand,Bokaro,175,7
Jharkhand,Chatra,202,12
Jharkhand,Deoghar,1586,9
Jharkhand,Dhanbad,183,2
Jharkhand,Dumka,46,0
Jharkhand,East Singhbhum,953,3
Jharkhand,Garhwa,101,0
Jharkhand,Giridih,180,3
Jharkhand,Godda,3056,1
Jharkhand,Gumla,188,4
Jharkhand,Hazaribagh,110,3
Jharkhand,Jamtara,801,12
Jharkhand,Khunti,58,2
Jharkhand,Koderma,389,0
Jharkhand,Latehar,532,5
Jharkhand,Lohardaga,26,0
Jharkhand,Pakur,169,3
Jharkhand,Palamu,207,2
Jharkhand,Ramgarh,66,24
Jharkhand,Ranchi,542,3
Jharkhand,Sahebganj,1084,5
Jharkhand,Seraikela-Kharsawan,99,0
Jharkhand,Simdega,489,0
Jharkhand,West Singhbhum,1171,6
Karnataka,Bagalkot,1414,88
Karnataka,Bangalore,3106,343
Karnataka,Bangalore Rural,252,76
Karnataka,Belgaum,3205,355
Karnataka,Bellary,719,19
Karnataka,Bidar,1270,8
Karnataka,Bijapur,2631,37
Karnataka,Bijapur(KAR),1,0
Karnataka,Chamrajanagar,1918,21
Karnataka,Chickmagalur,779,19
Karnataka,Chikkaballapur,5,17
Karnataka,Chitradurga,1155,10
Karnataka,Dakshina Kannada,398,23
Karnataka,Davangere,47,2
Karnataka,Dharwad,205,9
Karnataka,Gadag,22,0
Karnataka,Gulbarga,1045,5
Karnataka,Hassan,4096,15
Karnataka,Haveri,178,1
Karnataka,Kodagu,21,2
Karnataka,Kolar,438,6
Karnataka,Koppal,2258,13
Karnataka,Mandya,275,13
Karnataka,Mysore,61,6
Karnataka,Raichur,310,0
Karnataka,Ramanagar,502,35
Karnataka,Shimoga,1068,5
Karnataka,Tumkur,32,14
Karnataka,Udupi,28,2
Karnataka,Uttara Kannada,48,2
Karnataka,Yadgir,47,0
Kerala,Alappuzha,36,0
Kerala,Ernakulam,243,1
Kerala,Idukki,49,0
Kerala,Kannur,98,20
Kerala,Kasaragod,41,1
Kerala,Kasargod,4,0
Kerala,Kollam,65,1
Kerala,Kottayam,301,0
Kerala,Kozhikode,99,0
Kerala,Malappuram,343,2
Kerala,Palakkad,93,1
Kerala,Pathanamthitta,37,3
Kerala,Thiruvananthapuram,86,0
Kerala,Thrissur,102,6
Kerala,Wayanad,10,1
Madhya Pradesh,Alirajpur,1378,14
Madhya Pradesh,Anuppur,801,3
Madhya Pradesh,Ashok Nagar,248,0
Madhya Pradesh,Balaghat,1390,14
Madhya Pradesh,Barwani,321,4
Madhya Pradesh,Betul,862,1
Madhya Pradesh,Bhind,442,2
Madhya Pradesh,Bhopal,388,2
Madhya Pradesh,Burhanpur,87,24
Madhya Pradesh,Chhatarpur,798,15
Madhya Pradesh,Chhindwara,624,16
Madhya Pradesh,Damoh,501,17
Madhya Pradesh,Datia,362,7
Madhya Pradesh,Dewas,281,0
Madhya Pradesh,Dhar,1671,70
Madhya Pradesh,Dindori,97,5
Madhya Pradesh,Guna,558,23
Madhya Pradesh,Gwalior,391,58
Madhya Pradesh,Harda,12,0
Madhya Pradesh,Hoshangabad,20,0
Madhya Pradesh,Indore,945,11
Madhya Pradesh,Jabalpur,1204,42
Madhya Pradesh,Jhabua,642,228
Madhya Pradesh,Katni,292,1
Madhya Pradesh,Khandwa,91,13
Madhya Pradesh,Khargone,799,32
Madhya Pradesh,Mandla,899,4
Madhya Pradesh,Mandsaur,35,1
Madhya Pradesh,Morena,153,5
Madhya Pradesh,Narsinghpur,1444,19
Madhya Pradesh,Neemuch,7,0
Madhya Pradesh,Panna,430,0
Madhya Pradesh,Raisen,510,0
Madhya Pradesh,Rajgarh,157,3
Madhya Pradesh,Ratlam,46,0
Madhya Pradesh,Rewa,3152,45
Madhya Pradesh,Sagar,759,7
Madhya Pradesh,Satna,3906,11
Madhya Pradesh,Sehore,161,1
Madhya Pradesh,Seoni,316,15
Madhya Pradesh,Shahdol,2582,2
Madhya Pradesh,Shajapur,22,0
Madhya Pradesh,Sheopur,11,0
Madhya Pradesh,Shivpuri,1832,1
Madhya Pradesh,Sidhi,2298,9
Madhya Pradesh,Singrauli,2156,15
Madhya Pradesh,Tikamgarh,345,6
Madhya Pradesh,Ujjain,378,2
Madhya Pradesh,Umaria,1989,18
Madhya Pradesh,Vidisha,164,2
Maharashtra,Ahmadnagar,252,7
Maharashtra,Akola,1002,7
Maharashtra,Amravati,1937,18
Maharashtra,Aurangabad,1325,2
Maharashtra,Beed,1314,6
Maharashtra,Bhandara,509,5
Maharashtra,Buldhana,1372,2
Maharashtra,Chandrapur,642,0
Maharashtra,Dhule,754,0
Maharashtra,Gadchiroli,329,1
Maharashtra,Gondiya,379,6
Maharashtra,Hingoli,209,0
Maharashtra,Jalgaon,885,1
Maharashtra,Jalna,144,2
Maharashtra,Kolhapur,1345,5
Maharashtra,Latur,543,2
Maharashtra,Mumbai,1450,64
Maharashtra,Nagpur,846,11
Maharashtra,Nanded,1064,1
Maharashtra,Nandurbar,451,1
Maharashtra,Nashik,1909,33
Maharashtra,Osmanabad,334,9
Maharashtra,Parbhani,145,2
Maharashtra,Pune,2682,14
Maharashtra,Raigarh,1362,6
Maharashtra,Ratnagiri,182,5
Maharashtra,Sangli,855,0
Maharashtra,Satara,1041,13
Maharashtra,Sindhudurg,169,1
Maharashtra,Solapur,1545,14
Maharashtra,Thane,2911,54
Maharashtra,Wardha,56,0
Maharashtra,Washim,378,7
Maharashtra,Yavatmal,498,1
Manipur,Bishnupur,1,0
Manipur,Churachandpur,2,0
Manipur,Imphal East,1,0
Manipur,Imphal West,3,0
Manipur,Thoubal,2,0
Mizoram,Lunglei,1,0
Nagaland,Kohima,1,0
Nagaland,Tuensang,1,0
Odisha,Angul,6,0
Odisha,Anugul,374,36
Odisha,Baleswar,25,3
Odisha,Bargarh,4,0
Odisha,Bhadrak,19,1
Odisha,Cuttack,27,0
Odisha,Debagarh,2,0
Odisha,Dhenkanal,1394,0
Odisha,Gajapati,1363,0
Odisha,Ganjam,23,0
Odisha,Jagatsinghapur,12,0
Odisha,Jajapur,204,2423
Odisha,Jharsuguda,3,0
Odisha,Kalahandi,2,0
Odisha,Kandhamal,6,0
Odisha,Kendrapara,3721,31
Odisha,Kendujhar,94,280
Odisha,Khorda,8,0
Odisha,Khordha,1,0
Odisha,Koraput,1,0
Odisha,Mayurbhanj,202,4983
Odisha,Nayagarh,4,0
Odisha,Puri,19,2
Odisha,Sambalpur,2018,1
Odisha,Sonapur,1,0
Odisha,Sundergarh,12,0
Others,Others,60,9341
Puducherry,Karaikal,41,0
Puducherry,Puducherry,25,0
Punjab,Amritsar,2096,58
Punjab,Barnala,70,6
Punjab,Bathinda,43,3
Punjab,Faridkot,41,1
Punjab,Fatehgarh Sahib,31,0
Punjab,Fazilka,31,1
Punjab,Ferozepur,598,1
Punjab,Gurdaspur,160,19
Punjab,Hoshiarpur,362,25
Punjab,Jalandhar,203,71
Punjab,Kapurthala,184,3
Punjab,Ludhiana,481,26
Punjab,Mansa,983,32
Punjab,Moga,907,26
Punjab,Pathankot,35,0
Punjab,Patiala,250,12
Punjab,Rupnagar,212,3
Punjab,SAS Nagar (Mohali),102,0
Punjab,Sangrur,281,8
Punjab,Shaheed Bhagat Singh Nagar,48,4
Punjab,Sri Muktsar Sahib,191,47
Punjab,Tarn Taran,1560,31
Rajasthan,Ajmer,99,7
Rajasthan,Alwar,664,15
Rajasthan,Banswara,821,19
Rajasthan,Baran,103,12
Rajasthan,Barmer,4257,7
Rajasthan,Bharatpur,2231,8
Rajasthan,Bhilwara,1589,33
Rajasthan,Bikaner,386,2
Rajasthan,Bundi,171,4
Rajasthan,Chittorgarh,1193,41
Rajasthan,Churu,270,0
Rajasthan,Dausa,212,1
Rajasthan,Dholpur,443,0
Rajasthan,Dungarpur,1466,6
Rajasthan,Ganganagar,1088,21
Rajasthan,Hanumangarh,541,23
Rajasthan,Jaipur,2461,102
Rajasthan,Jaisalmer,358,6
Rajasthan,Jalor,2610,28
Rajasthan,Jhalawar,237,11
Rajasthan,Jhunjhunu,34,0
Rajasthan,Jhunjhunun,322,12
Rajasthan,Jodhpur,2253,31
Rajasthan,Karauli,383,4
Rajasthan,Kota,440,8
Rajasthan,Nagaur,1317,6
Rajasthan,Pali,506,16
Rajasthan,Pratapgarh,916,41
Rajasthan,Rajsamand,342,2
Rajasthan,Sawai Madhopur,251,0
Rajasthan,Sikar,1212,94
Rajasthan,Sirohi,666,25
Rajasthan,Tonk,436,8
Rajasthan,Udaipur,755,32
Sikkim,East Sikkim,6,0
Sikkim,North Sikkim,10,0
Sikkim,South Sikkim,2,0
Tamil Nadu,Ariyalur,3,1
Tamil Nadu,Chennai,876,5
Tamil Nadu,Coimbatore,3056,11
Tamil Nadu,Cuddalore,57,0
Tamil Nadu,Dharmapuri,791,4
Tamil Nadu,Dindigul,2068,8
Tamil Nadu,Erode,30,0
Tamil Nadu,Kancheepuram,2774,0
Tamil Nadu,Kanchipuram,31,0
Tamil Nadu,Kanniyakumari,594,11
Tamil Nadu,Kanyakumari,7,0
Tamil Nadu,Karur,76,1
Tamil Nadu,Krishnagiri,404,18
Tamil Nadu,Madurai,1053,0
Tamil Nadu,Nagapattinam,124,2
Tamil Nadu,Namakkal,7133,6
Tamil Nadu,Perambalur,30,0
Tamil Nadu,Pudukkottai,30,35
Tamil Nadu,Ramanathapuram,340,1
Tamil Nadu,Salem,918,46
Tamil Nadu,Sivaganga,5899,2
Tamil Nadu,Thanjavur,484,21
Tamil Nadu,The Nilgiris,256,0
Tamil Nadu,Theni,183,7
Tamil Nadu,Thiruvarur,281,5
Tamil Nadu,Thoothukkudi,2157,5
Tamil Nadu,Tiruchirappalli,67,4
Tamil Nadu,Tirunelveli,677,0
Tamil Nadu,Tiruppur,1567,2
Tamil Nadu,Tiruvallur,946,3
Tamil Nadu,Tiruvannamalai,779,4
Tamil Nadu,Vellore,6596,11
Tamil Nadu,Viluppuram,6064,3
Tamil Nadu,Virudhunagar,1238,0
Tripura,Dhalai,67,0
Tripura,Gomati,3,0
Tripura,Khowai,5,0
Tripura,North Tripura,447,0
Tripura,Sepahijala,64,0
Tripura,South Tripura,294,0
Tripura,Unakoti,3,0
Tripura,West Tripura,597,0
Uttar Pradesh,Agra,537,0
Uttar Pradesh,Aligarh,32,0
Uttar Pradesh,Allahabad,249,0
Uttar Pradesh,Ambedkar Nagar,69,0
Uttar Pradesh,Amethi,602,6
Uttar Pradesh,Amroha,138,0
Uttar Pradesh,Auraiya,37,0
Uttar Pradesh,Azamgarh,793,65
Uttar Pradesh,Baghpat,15,0
Uttar Pradesh,Bahraich,20,0
Uttar Pradesh,Ballia,480,2
Uttar Pradesh,Balrampur,29,1
Uttar Pradesh,Banda,144,0
Uttar Pradesh,Bara Banki,132,0
Uttar Pradesh,Bareilly,121,0
Uttar Pradesh,Basti,214,0
Uttar Pradesh,Bijnor,2102,22
Uttar Pradesh,Budaun,17,0
Uttar Pradesh,Bulandshahar,1,0
Uttar Pradesh,Bulandshahr,119,1
Uttar Pradesh,Chandauli,338,4
Uttar Pradesh,Chitrakoot,506,2
Uttar Pradesh,Deoria,850,9
Uttar Pradesh,Etah,20,0
Uttar Pradesh,Etawah,745,3
Uttar Pradesh,Faizabad,914,1
Uttar Pradesh,Farrukhabad,587,3
Uttar Pradesh,Fatehpur,67,1
Uttar Pradesh,Firozabad,74,0
Uttar Pradesh,Gautam Buddha Nagar,124,1
Uttar Pradesh,Ghaziabad,464,9
Uttar Pradesh,Ghazipur,867,19
Uttar Pradesh,Gonda,747,9
Uttar Pradesh,Gorakhpur,882,0
Uttar Pradesh,Hamirpur,4,0
Uttar Pradesh,Hardoi,21,0
Uttar Pradesh,Hathras,20,1
Uttar Pradesh,Jalaun,8,0
Uttar Pradesh,Jaunpur,62,0
Uttar Pradesh,Jhansi,578,0
Uttar Pradesh,Kannauj,44,0
Uttar Pradesh,Kanpur Dehat,17,0
Uttar Pradesh,Kanpur Nagar,28,0
Uttar Pradesh,Kasganj,7,0
Uttar Pradesh,Kaushambi,14,0
Uttar Pradesh,Kheri,5,0
Uttar Pradesh,Kushinagar,47,1
Uttar Pradesh,Lalitpur,4,0
Uttar Pradesh,Lucknow,20,0
Uttar Pradesh,Maharajganj,805,0
Uttar Pradesh,Mahoba,150,0
Uttar Pradesh,Mainpuri,1089,1
Uttar Pradesh,Mathura,56,0
Uttar Pradesh,Mau,36,0
Uttar Pradesh,Meerut,46,0
Uttar Pradesh,Mirzapur,32,1
Uttar Pradesh,Moradabad,11,0
Uttar Pradesh,Muzaffarnagar,20,0
Uttar Pradesh,Pilibhit,259,0
Uttar Pradesh,Pratapgarh,446,0
Uttar Pradesh,Rae Bareli,2029,6
Uttar Pradesh,Rampur,11,0
Uttar Pradesh,Saharanpur,59,0
Uttar Pradesh,Sambhal,3,0
Uttar Pradesh,Sant Kabir Nagar,706,4
Uttar Pradesh,Sant Ravidas Nagar,37,0
Uttar Pradesh,Sant Ravidas Nagar Bhadohi,1,0
Uttar Pradesh,Shahjahanpur,23,1
Uttar Pradesh,Shamli,13,0
Uttar Pradesh,Shrawasti,12,0
Uttar Pradesh,Siddharthnagar,219,5
Uttar Pradesh,Sitapur,6,0
Uttar Pradesh,Sonbhadra,139,0
Uttar Pradesh,Sultanpur,36,0
Uttar Pradesh,Unnao,16,0
Uttar Pradesh,Varanasi,1087,0
Uttarakhand,Almora,15,0
Uttarakhand,Bageshwar,17,0
Uttarakhand,Chamoli,10,0
Uttarakhand,Champawat,4,0
Uttarakhand,Dehradun,438,4
Uttarakhand,Haridwar,198,1
Uttarakhand,Nainital,32,0
Uttarakhand,Pauri Garhwal,17,0
Uttarakhand,Pithoragarh,9,0
Uttarakhand,Rudraprayag,8,0
Uttarakhand,Tehri Garhwal,122,3
Uttarakhand,Udham Singh Nagar,24,0
Uttarakhand,Uttarkashi,1,0
West Bengal,Bankura,92,10
West Bengal,Barddhaman,162,4
West Bengal,Bardhaman,13,1
West Bengal,Birbhum,312,1
West Bengal,Cooch Behar,68,1
West Bengal,Dakshin Dinajpur,17,0
West Bengal,Darjeeling,15,0
West Bengal,East Midnapore,1053,2395
West Bengal,Hooghly,18588,34
West Bengal,Howrah,12,0
West Bengal,Jalpaiguri,856,0
West Bengal,Kolkata,13,4
West Bengal,Malda,1463,0
West Bengal,Medinipur,198,9
West Bengal,Murshidabad,1451,0
West Bengal,Nadia,341,1
West Bengal,North 24 Parganas,2219,286
West Bengal,Paschim Medinipur,86,0
West Bengal,Purba Medinipur,39,1
West Bengal,Puruliya,316,5
West Bengal,South 24 Parganas,18,1
West Bengal,South Twenty Four Parganas,5,0
West Bengal,Uttar Dinajpur,27,0
West Bengal,West Midnapore,11,0
