State,District,Aadhaar generated,Enrolment Rejected
Andhra Pradesh,Adilabad,4446,8
Andhra Pradesh,Anantapur,11,0
Andhra Pradesh,Ananthapur,969,12
Andhra Pradesh,Chittoor,1015,15
Andhra Pradesh,Cuddapah,622,9
Andhra Pradesh,East Godavari,271,1009
Andhra Pradesh,Guntur,302,113
Andhra Pradesh,Hyderabad,2347,49
Andhra Pradesh,K.V.Rangareddy,5,0
Andhra Pradesh,K.v. Rangareddy,2818,267
Andhra Pradesh,Karim Nagar,1,0
Andhra Pradesh,Karimnagar,5820,130
Andhra Pradesh,Khammam,3617,67
Andhra Pradesh,Krishna,578,30
Andhra Pradesh,Kurnool,23153,57014
Andhra Pradesh,Mahabub Nagar,2638,2
Andhra Pradesh,Mahabubnagar,2746,16
Andhra Pradesh,Mahbubnagar,678,1
Andhra Pradesh,Medak,6319,85
Andhra Pradesh,Nalgonda,5793,4258
Andhra Pradesh,Nellore,7004,7763
Andhra Pradesh,Nizamabad,6296,190
Andhra Pradesh,Prakasam,5245,168
Andhra Pradesh,Srikakulam,991,9761
Andhra Pradesh,Visakhapatnam,3001,553
Andhra Pradesh,Vizianagaram,497,0
Andhra Pradesh,Warangal,8277,29
Andhra Pradesh,West Godavari,4784,140
Arunachal Pradesh,West Siang,1,0
Assam,Baksa,8,0
Assam,Barpeta,7,0
Assam,Bongaigaon,2,0
Assam,Cachar,15,1
Assam,Chirang,4,0
Assam,Dhemaji,5,0
Assam,Dhubri,7,0
Assam,Dibrugarh,6,0
Assam,Golaghat,1,0
Assam,Hailakandi,8,2
Assam,Jorhat,3,0
Assam,Kamrup,11,0
Assam,Kamrup Metro,1,0
Assam,Karbi Anglong,3,0
Assam,Karimganj,5,2
Assam,Lakhimpur,3,0
Assam,Marigaon,5,0
Assam,Nagaon,12,0
Assam,Nalbari,4,0
Assam,Sibsagar,2,0
Assam,Sonitpur,14,0
Assam,Tinsukia,5,0
Assam,Udalguri,8,0
Bihar,Araria,59,0
Bihar,Arwal,1156,31
Bihar,Aurangabad,116,0
Bihar,Aurangabad(BH),3,0
Bihar,Banka,87,6
Bihar,Begusarai,74,6
Bihar,Bhabua,1,0
Bihar,Bhagalpur,147,0
Bihar,Bhojpur,122,1
Bihar,Buxar,53,2
Bihar,Darbhanga,694,169
Bihar,East Champaran,305,1
Bihar,Gaya,172,1
Bihar,Gopalganj,1509,0
Bihar,Jamui,226,0
Bihar,Jehanabad,27,0
Bihar,Kaimur (Bhabua),36,0
Bihar,Katihar,912,1
Bihar,Khagaria,49,0
Bihar,Kishanganj,1445,8
Bihar,Lakhisarai,25,2
Bihar,Madhepura,32,0
Bihar,Madhubani,258,0
Bihar,Munger,39,1
Bihar,Muzaffarpur,155,0
Bihar,Nalanda,2680,27
Bihar,Nawada,62,4
Bihar,Patna,258,15
Bihar,Purnia,50,1
Bihar,Rohtas,1018,10
Bihar,Saharsa,4796,2
Bihar,Samastipur,143,3
Bihar,Saran,207,6
Bihar,Sheikhpura,470,15
Bihar,Sheohar,1834,29
Bihar,Sitamarhi,117,1
Bihar,Siwan,172,1
Bihar,Supaul,55,0
Bihar,Vaishali,445,5
Bihar,West Champaran,75,2
Chandigarh,Chandigarh,614,2
Chhattisgarh,Balod,12,0
Chhattisgarh,Baloda Bazar,7,1
Chhattisgarh,Balrampur,1,1
Chhattisgarh,Bastar,825,7
Chhattisgarh,Bemetara,419,2
Chhattisgarh,Bilaspur,22,0
Chhattisgarh,Dhamtari,2550,11
Chhattisgarh,Durg,118,0
Chhattisgarh,Janjgir-champa,1514,0
Chhattisgarh,Jashpur,7,0
Chhattisgarh,Kanker,4,0
Chhattisgarh,Kawardha,22,0
Chhattisgarh,Korba,404,4
Chhattisgarh,Koriya,1685,3
Chhattisgarh,Mahasamund,242,39
Chhattisgarh,Mungeli,67,0
Chhattisgarh,Mungeli ,2,0
Chhattisgarh,Raigarh,5,1
Chhattisgarh,Raipur,12,0
Chhattisgarh,Rajnandgaon,1126,37
Chhattisgarh,Surguja,3,0
Dadra and Nagar Haveli,Dadra and Nagar Haveli,351,0
Daman and Diu,Daman,25,0
Daman and Diu,Diu,12,0
Delhi,Central Delhi,1489,53
Delhi,East Delhi,1780,116
Delhi,Najafgarh,1,3
Delhi,New Delhi,59,2
Delhi,North Delhi,763,57
Delhi,North East,194,85
Delhi,North East Delhi,2224,89
Delhi,North West Delhi,3561,350
Delhi,South Delhi,4926,215
Delhi,South West Delhi,1380,287
Delhi,West Delhi,3821,22871
Goa,North Goa,189,1
Goa,South Goa,197,0
Gujarat,Ahmadabad,48,0
Gujarat,Ahmedabad,6525,37
Gujarat,Amreli,1269,0
Gujarat,Anand,1846,0
Gujarat,Banaskantha,3865,25
Gujarat,Bharuch,3194,56
Gujarat,Bhavnagar,3166,0
Gujarat,Dahod,2170,3
Gujarat,Dohad,793,9
Gujarat,Gandhinagar,1331,3
Gujarat,Jamnagar,2341,11
Gujarat,Junagadh,6670,200
Gujarat,Kachchh,2261,135
Gujarat,Kheda,4681,12
Gujarat,Mahesana,1750,0
Gujarat,Narmada,212,42
Gujarat,Navsari,2845,25
Gujarat,Panchmahals,997,75
Gujarat,Patan,1006,12
Gujarat,Porbandar,188,2
Gujarat,Rajkot,9897,139
Gujarat,Sabarkantha,982,20
Gujarat,Surat,4143,17
Gujarat,Surendra Nagar,3482,7
Gujarat,Tapi,860,8
Gujarat,The Dangs,67,0
Gujarat,Vadodara,1717,43
Gujarat,Valsad,1961,10
Haryana,Ambala,762,12
Haryana,Bhiwani,4060,37
Haryana,Faridabad,2546,103
Haryana,Fatehabad,3203,24
Haryana,Gurgaon,2661,37
Haryana,Hisar,4579,61
Haryana,Jhajjar,2114,14
Haryana,Jind,3871,51
Haryana,Kaithal,1315,97
Haryana,Karnal,2579,59
Haryana,Kurukshetra,1077,18
Haryana,Mahendragarh,2829,9
Haryana,Mewat,1737,54
Haryana,Palwal,1153,145
Haryana,Panchkula,1024,35
Haryana,Panipat,2311,46
Haryana,Rewari,2947,137
Haryana,Rohtak,1877,18
Haryana,Sirsa,3682,15
Haryana,Sonipat,958,14
Haryana,Yamuna Nagar,3008,17
Himachal Pradesh,Bilaspur,95,0
Himachal Pradesh,Bilaspur ,1,0
Himachal Pradesh,Chamba,706,3
Himachal Pradesh,Hamirpur,57,0
Himachal Pradesh,Kangra,1276,42
Himachal Pradesh,Kinnaur,173,0
Himachal Pradesh,Kullu,288,5
Himachal Pradesh,Lahul and Spiti,13,1
Himachal Pradesh,Mandi,174,11
Himachal Pradesh,Shimla,2679,66
Himachal Pradesh,Sirmaur,851,26
Himachal Pradesh,Solan,301,8
Himachal Pradesh,Una,54,0
Jammu and Kashmir,Anantnag,2411,1
Jammu and Kashmir,Badgam,2,0
Jammu and Kashmir,Bandipore,2,0
Jammu and Kashmir,Baramula,2,0
Jammu and Kashmir,Doda,374,1
Jammu and Kashmir,Jammu,1464,9
Jammu and Kashmir,Kargil,501,0
Jammu and Kashmir,Kathua,302,0
Jammu and Kashmir,Kupwara,6,1
Jammu and Kashmir,Leh,304,0
Jammu and Kashmir,Pulwama,505,0
Jammu and Kashmir,Punch,4,0
Jammu and Kashmir,Rajouri,13,0
Jammu and Kashmir,Reasi,228,0
Jammu and Kashmir,Srinagar,994,2
Jammu and Kashmir,Udhampur,775,0
Jharkhand,Bokaro,1540,95
Jharkhand,Chatra,3619,12
Jharkhand,Deoghar,2100,142
Jharkhand,Dhanbad,1834,83
Jharkhand,Dumka,1969,123
Jharkhand,East Singhbhum,4307,23
Jharkhand,Garhwa,1964,59
Jharkhand,Giridih,1834,97
Jharkhand,Godda,3694,68
Jharkhand,Gumla,1629,14
Jharkhand,Hazaribag,1,0
Jharkhand,Hazaribagh,902,22
Jharkhand,Jamtara,2270,69
Jharkhand,Khunti,468,4
Jharkhand,Koderma,1993,40
Jharkhand,Latehar,3839,30
Jharkhand,Lohardaga,612,9
Jharkhand,Pakaur,2,0
Jharkhand,Pakur,2794,44
Jharkhand,Palamau,1,0
Jharkhand,Palamu,3569,84
Jharkhand,Ramgarh,418,14
Jharkhand,Ranchi,2264,89
Jharkhand,Sahebganj,5271,30
Jharkhand,Seraikela-Kharsawan,530,3
Jharkhand,Simdega,717,29
Jharkhand,West Singhbhum,5860,55
Karnataka,Bagalkot,1880,28
Karnataka,Bangalore,10040,1042
Karnataka,Bangalore Rural,1923,79
Karnataka,Belgaum,18495,463
Karnataka,Bellary,3041,43
Karnataka,Bidar,1552,8
Karnataka,Bijapur,2782,57
Karnataka,Bijapur(KAR),102,0
Karnataka,Chamarajanagar,9,0
Karnataka,Chamrajanagar,2328,60
Karnataka,Chickmagalur,1544,27
Karnataka,Chikkaballapur,324,290
Karnataka,Chitradurga,2987,311
Karnataka,Dakshina Kannada,8083,80
Karnataka,Davangere,813,22
Karnataka,Dharwad,2428,14851
Karnataka,Gadag,1511,3
Karnataka,Gulbarga,1746,21
Karnataka,Hassan,7531,69
Karnataka,Haveri,2286,40
Karnataka,Kodagu,1636,5345
Karnataka,Kolar,2796,491
Karnataka,Koppal,4556,30
Karnataka,Mandya,1503,42
Karnataka,Mysore,498,9
Karnataka,Raichur,2543,12
Karnataka,Ramanagar,2449,170
Karnataka,Shimoga,2505,401
Karnataka,Tumkur,442,8
Karnataka,Udupi,5908,27
Karnataka,Uttara Kannada,608,691
Karnataka,Yadgir,327,67
Kerala,Alappuzha,980,38
Kerala,Ernakulam,1081,148
Kerala,Idukki,685,10
Kerala,Kannur,1263,1357
Kerala,Kasaragod,1163,8
Kerala,Kasargod,239,2
Kerala,Kollam,978,337
Kerala,Kottayam,890,29
Kerala,Kozhikode,2206,1782
Kerala,Malappuram,5663,2081
Kerala,Palakkad,1581,100
Kerala,Pathanamthitta,234,13
Kerala,Thiruvananthapuram,1668,71
Kerala,Thrissur,2437,18
Kerala,Wayanad,128,1
Lakshadweep,Lakshadweep,11,0
Madhya Pradesh,Alirajpur,2419,254
Madhya Pradesh,Anuppur,2051,146
Madhya Pradesh,Ashok Nagar,611,29
Madhya Pradesh,Balaghat,6006,96
Madhya Pradesh,Barwani,402,22
Madhya Pradesh,Betul,2431,33
Madhya Pradesh,Bhind,1567,76
Madhya Pradesh,Bhopal,1662,155
Madhya Pradesh,Burhanpur,467,20
Madhya Pradesh,Chhatarpur,2908,202
Madhya Pradesh,Chhindwara,3944,102
Madhya Pradesh,Damoh,1170,52
Madhya Pradesh,Datia,780,32
Madhya Pradesh,Dewas,318,102
Madhya Pradesh,Dhar,1882,537
Madhya Pradesh,Dindori,1446,147
Madhya Pradesh,Guna,1138,92
Madhya Pradesh,Gwalior,1291,50
Madhya Pradesh,Harda,286,24
Madhya Pradesh,Hoshangabad,153,20
Madhya Pradesh,Indore,2323,146
Madhya Pradesh,Jabalpur,1492,152
Madhya Pradesh,Jhabua,1312,802
Madhya Pradesh,Katni,3397,61
Madhya Pradesh,Khandwa,229,27
Madhya Pradesh,Khargone,3178,211
Madhya Pradesh,Mandla,1918,68
Madhya Pradesh,Mandsaur,201,29
Madhya Pradesh,Morena,2419,41
Madhya Pradesh,Narsinghpur,2858,108
Madhya Pradesh,Neemuch,21,2
Madhya Pradesh,Panna,1719,56
Madhya Pradesh,Raisen,2183,114
Madhya Pradesh,Rajgarh,277,83
Madhya Pradesh,Ratlam,808,12
Madhya Pradesh,Rewa,3167,383
Madhya Pradesh,Sagar,3652,152
Madhya Pradesh,Satna,1880,156
Madhya Pradesh,Sehore,1261,123
Madhya Pradesh,Seoni,1875,237
Madhya Pradesh,Shahdol,4275,188
Madhya Pradesh,Shajapur,156,3
Madhya Pradesh,Sheopur,79,46
Madhya Pradesh,Shivpuri,1371,15
Madhya Pradesh,Sidhi,2334,113
Madhya Pradesh,Singrauli,2642,47
Madhya Pradesh,Tikamgarh,3005,42
Madhya Pradesh,Ujjain,1332,106
Madhya Pradesh,Umaria,1967,68
Madhya Pradesh,Vidisha,628,291
Maharashtra,Ahmadnagar,4528,37
Maharashtra,Ahmed Nagar,16,2
Maharashtra,Akola,2099,12
Maharashtra,Amravati,2510,33
Maharashtra,Aurangabad,6663,29
Maharashtra,Beed,3781,61
Maharashtra,Bhandara,3483,6
Maharashtra,Buldhana,4881,6
Maharashtra,Chandrapur,6601,20
Maharashtra,Dhule,1105,9
Maharashtra,Gadchiroli,3540,7
Maharashtra,Gondia,25,0
Maharashtra,Gondiya,1836,32
Maharashtra,Hingoli,464,0
Maharashtra,Jalgaon,5918,11
Maharashtra,Jalna,1962,10
Maharashtra,Kolhapur,7712,103
Maharashtra,Latur,2894,3
Maharashtra,Mumbai,6364,95
Maharashtra,Mumbai City,17,0
Maharashtra,Nagpur,6641,131
Maharashtra,Nanded,2284,17
Maharashtra,Nandurbar,3053,65
Maharashtra,Nashik,6879,119
Maharashtra,Osmanabad,2209,53
Maharashtra,Parbhani,1206,0
Maharashtra,Pune,8350,33
Maharashtra,Raigarh,4855,32
Maharashtra,Raigarh(MH),4,0
Maharashtra,Ratnagiri,650,443
Maharashtra,Sangli,3471,35
Maharashtra,Satara,6583,29
Maharashtra,Sindhudurg,631,7
Maharashtra,Solapur,4609,55
Maharashtra,Thane,10166,201
Maharashtra,Wardha,233,4
Maharashtra,Washim,1438,4
Maharashtra,Yavatmal,7224,16
Manipur,Bishnupur,3,0
Manipur,Churachandpur,47,1
Manipur,Imphal East,496,0
Manipur,Imphal West,70,0
Manipur,Senapati,4,1
Manipur,Tamenglong,1,0
Manipur,Thoubal,4,1
Meghalaya,East Khasi Hills,4,0
Meghalaya,West Garo Hills,2,0
Mizoram,Aizawl,1,0
Nagaland,Dimapur,3,0
Nagaland,Kohima,29,0
Nagaland,Mokokchung,1,0
Nagaland,Mon,36,1
Nagaland,Phek,54,0
Nagaland,Zunheboto,23,0
Odisha,Angul,7,0
Odisha,Anugul,2256,21
Odisha,Balangir,67,1
Odisha,Baleswar,1763,614
Odisha,Bargarh,1743,239
Odisha,Bhadrak,1521,463
Odisha,Cuttack,1478,20
Odisha,Debagarh,3,0
Odisha,Dhenkanal,2213,24
Odisha,Gajapati,147,0
Odisha,Ganjam,2388,269
Odisha,Jagatsinghapur,2384,142
Odisha,Jajapur,6798,256
Odisha,Jharsuguda,3,0
Odisha,Kalahandi,8,0
Odisha,Kandhamal,674,255
Odisha,Kendrapara,2878,931
Odisha,Kendujhar,1522,266
Odisha,Khorda,27,0
Odisha,Khordha,530,41
Odisha,Koraput,4526,0
Odisha,Malkangiri,3,0
Odisha,Mayurbhanj,2293,87
Odisha,Nabarangapur,1,0
Odisha,Nayagarh,1796,151
Odisha,Puri,1674,14
Odisha,Sambalpur,1533,9
Odisha,Sonapur,2215,100
Odisha,Sundergarh,7502,12
Others,Others,667,10720
Puducherry,Karaikal,499,0
Puducherry,Pondicherry,4,2
Puducherry,Puducherry,108,3
Punjab,Amritsar,3801,197
Punjab,Barnala,344,49
Punjab,Bathinda,1107,266
Punjab,Faridkot,914,8
Punjab,Fatehgarh Sahib,265,17
Punjab,Fazilka,1769,286
Punjab,Ferozepur,1164,37
Punjab,Gurdaspur,1608,56
Punjab,Hoshiarpur,1079,90
Punjab,Jalandhar,1834,64
Punjab,Kapurthala,563,42
Punjab,Ludhiana,3897,266
Punjab,Mansa,1295,62
Punjab,Moga,610,43
Punjab,Muktsar,12,0
Punjab,Pathankot,396,46
Punjab,Patiala,1829,355
Punjab,Rupnagar,502,40
Punjab,SAS Nagar (Mohali),1437,1533
Punjab,Sangrur,1075,398
Punjab,Shaheed Bhagat Singh Nagar,260,13
Punjab,Sri Muktsar Sahib,967,98
Punjab,Tarn Taran,3586,71
Rajasthan,Ajmer,806,66
Rajasthan,Alwar,2801,157
Rajasthan,Banswara,4495,68
Rajasthan,Baran,872,67
Rajasthan,Barmer,2472,919
Rajasthan,Bharatpur,1683,39
Rajasthan,Bhilwara,4543,80
Rajasthan,Bikaner,1472,102
Rajasthan,Bundi,705,15
Rajasthan,Chittorgarh,1813,40
Rajasthan,Churu,1070,95
Rajasthan,Dausa,362,22
Rajasthan,Dholpur,559,66
Rajasthan,Dungarpur,2864,7
Rajasthan,Ganganagar,5320,62
Rajasthan,Hanumangarh,3385,34
Rajasthan,Jaipur,6997,327
Rajasthan,Jaisalmer,953,13
Rajasthan,Jalor,1054,137
Rajasthan,Jhalawar,3497,53
Rajasthan,Jhunjhunu,12,2
Rajasthan,Jhunjhunun,1318,29
Rajasthan,Jodhpur,2275,185
Rajasthan,Karauli,549,12
Rajasthan,Kota,2115,31
Rajasthan,Nagaur,2379,126
Rajasthan,Pali,2033,141
Rajasthan,Pratapgarh,2683,75
Rajasthan,Rajsamand,654,459
Rajasthan,Sawai Madhopur,1126,30
Rajasthan,Sikar,1681,125
Rajasthan,Sirohi,953,54
Rajasthan,Tonk,1120,67
Rajasthan,Udaipur,1769,175
Sikkim,East Sikkim,120,0
Sikkim,North Sikkim,9,0
Sikkim,South Sikkim,43,0
Sikkim,West Sikkim,17,0
Tamil Nadu,Ariyalur,136,0
Tamil Nadu,Chennai,3395,34
Tamil Nadu,Coimbatore,16698,46
Tamil Nadu,Cuddalore,1873,391
Tamil Nadu,Dharmapuri,530,68
Tamil Nadu,Dindigul,735,1
Tamil Nadu,Erode,4200,8
Tamil Nadu,Kancheepuram,4599,109
Tamil Nadu,Kanchipuram,43,0
Tamil Nadu,Kanniyakumari,1314,4
Tamil Nadu,Kanyakumari,2,0
Tamil Nadu,Karur,664,202
Tamil Nadu,Krishnagiri,1523,3
Tamil Nadu,Madurai,3560,436
Tamil Nadu,Nagapattinam,989,61
Tamil Nadu,Namakkal,829,888
Tamil Nadu,Nilgiris,45,0
Tamil Nadu,Perambalur,115,1
Tamil Nadu,Pudukkottai,288,222
Tamil Nadu,Ramanathapuram,2094,25
Tamil Nadu,Salem,4704,502
Tamil Nadu,Sivaganga,2830,7
Tamil Nadu,Thanjavur,780,23
Tamil Nadu,The Nilgiris,1156,1
Tamil Nadu,Theni,394,64
Tamil Nadu,Thiruvarur,1383,0
Tamil Nadu,Thoothukkudi,244,3
Tamil Nadu,Tiruchirappalli,1188,70
Tamil Nadu,Tirunelveli,5962,64
Tamil Nadu,Tiruppur,5230,47
Tamil Nadu,Tiruvallur,7162,55
Tamil Nadu,Tiruvannamalai,4321,46
Tamil Nadu,Tiruvarur,24,0
Tamil Nadu,Vellore,4611,631
Tamil Nadu,Villupuram,161,103
Tamil Nadu,Viluppuram,6164,140
Tamil Nadu,Virudhunagar,1473,49
Tripura,Dhalai,54,0
Tripura,Gomati,7,0
Tripura,Khowai,13,3
Tripura,North Tripura,57,0
Tripura,Sepahijala,31,0
Tripura,South Tripura,5,0
Tripura,Unakoti,4,0
Tripura,West Tripura,102,0
Uttar Pradesh,Agra,139,0
Uttar Pradesh,Aligarh,104,1
Uttar Pradesh,Allahabad,1701,24
Uttar Pradesh,Ambedkar Nagar,76,0
Uttar Pradesh,Amethi,2446,6
Uttar Pradesh,Amroha,1480,0
Uttar Pradesh,Auraiya,53,0
Uttar Pradesh,Azamgarh,1131,1
Uttar Pradesh,Baghpat,38,0
Uttar Pradesh,Bahraich,65,1
Uttar Pradesh,Ballia,2319,1
Uttar Pradesh,Balrampur,4166,65
Uttar Pradesh,Banda,784,2
Uttar Pradesh,Bara Banki,57,0
Uttar Pradesh,Barabanki,24,0
Uttar Pradesh,Bareilly,2086,10
Uttar Pradesh,Basti,398,0
Uttar Pradesh,Bijnor,722,7
Uttar Pradesh,Budaun,36,0
Uttar Pradesh,Bulandshahar,1,0
Uttar Pradesh,Bulandshahr,57,1
Uttar Pradesh,Chandauli,530,27
Uttar Pradesh,Chitrakoot,4048,2
Uttar Pradesh,Deoria,465,2
Uttar Pradesh,Etah,27,0
Uttar Pradesh,Etawah,1723,4
Uttar Pradesh,Faizabad,779,0
Uttar Pradesh,Farrukhabad,582,0
Uttar Pradesh,Fatehpur,5471,17
Uttar Pradesh,Firozabad,23,2
Uttar Pradesh,Gautam Buddha Nagar,401,1
Uttar Pradesh,Ghaziabad,722,360
Uttar Pradesh,Ghazipur,532,152
Uttar Pradesh,Gonda,1458,59
Uttar Pradesh,Gorakhpur,866,11
Uttar Pradesh,Hamirpur,5,0
Uttar Pradesh,Hardoi,66,0
Uttar Pradesh,Hathras,77,0
Uttar Pradesh,Jalaun,37,0
Uttar Pradesh,Jaunpur,212,3
Uttar Pradesh,Jhansi,649,1
Uttar Pradesh,Kannauj,41,0
Uttar Pradesh,Kanpur Dehat,31,0
Uttar Pradesh,Kanpur Nagar,82,2
Uttar Pradesh,Kasganj,19,1
Uttar Pradesh,Kaushambi,74,0
Uttar Pradesh,Kheri,20,1
Uttar Pradesh,Kushinagar,355,0
Uttar Pradesh,Lalitpur,14,0
Uttar Pradesh,Lucknow,54,1
Uttar Pradesh,Maharajganj,1204,55
Uttar Pradesh,Mahoba,401,6
Uttar Pradesh,Mahrajganj,3,0
Uttar Pradesh,Mainpuri,141,1
Uttar Pradesh,Mathura,59,0
Uttar Pradesh,Mau,70,0
Uttar Pradesh,Meerut,200,5
Uttar Pradesh,Mirzapur,72,2
Uttar Pradesh,Moradabad,243,0
Uttar Pradesh,Muzaffarnagar,1070,4
Uttar Pradesh,Pilibhit,481,3
Uttar Pradesh,Pratapgarh,1279,7
Uttar Pradesh,Rae Bareli,11938,38
Uttar Pradesh,Raebareli,1,0
Uttar Pradesh,Rampur,19,2
Uttar Pradesh,Saharanpur,7489,45
Uttar Pradesh,Sambhal,21,0
Uttar Pradesh,Sant Kabir Nagar,1240,7
Uttar Pradesh,Sant Ravidas Nagar,229,7
Uttar Pradesh,Shahjahanpur,895,79
Uttar Pradesh,Shamli,16,0
Uttar Pradesh,Shrawasti,1362,23
Uttar Pradesh,Siddharthnagar,159,0
Uttar Pradesh,Sitapur,14,0
Uttar Pradesh,Sonbhadra,422,15
Uttar Pradesh,Sultanpur,82,2
Uttar Pradesh,Unnao,84,0
Uttar Pradesh,Varanasi,1813,66
Uttarakhand,Almora,60,1
Uttarakhand,Bageshwar,295,0
Uttarakhand,Chamoli,22,1
Uttarakhand,Champawat,447,4
Uttarakhand,Dehradun,401,43
Uttarakhand,Garhwal,3,0
Uttarakhand,Hardwar,1,0
Uttarakhand,Haridwar,2325,2
Uttarakhand,Nainital,88,1
Uttarakhand,Pauri Garhwal,60,0
Uttarakhand,Pithoragarh,20,0
Uttarakhand,Rudraprayag,22,0
Uttarakhand,Tehri Garhwal,307,8
Uttarakhand,Udham Singh Nagar,616,9
Uttarakhand,Uttarkashi,10,0
West Bengal,Bankura,2779,56
West Bengal,Barddhaman,4880,2949
West Bengal,Bardhaman,4737,187
West Bengal,Birbhum,7045,128
West Bengal,Cooch Behar,374,8
West Bengal,Dakshin Dinajpur,1544,25
West Bengal,Darjeeling,2757,7
West Bengal,East Midnapore,7826,1624
West Bengal,Hooghly,8617,6
West Bengal,Howrah,531,0
West Bengal,Jalpaiguri,5825,10
West Bengal,Kolkata,365,123
West Bengal,Malda,1512,220
West Bengal,Medinipur,4333,531
West Bengal,Murshidabad,3368,221
West Bengal,Nadia,6264,76
West Bengal,North 24 Parganas,10873,1847
West Bengal,North Dinajpur,10,0
West Bengal,Paschim Medinipur,109,0
West Bengal,Purba Medinipur,540,1
West Bengal,Purulia,133,0
West Bengal,Puruliya,2592,1
West Bengal,South 24 Parganas,538,4
West Bengal,South Twenty Four Parganas,700,21
West Bengal,Uttar Dinajpur,7448,2
West Bengal,West Midnapore,2167,149
