Registrar,Enrolment Agency,Aadhaar generated,Enrolment Rejected
Allahabad Bank,Tera Software Ltd,12,1
Allahabad Bank,Vakrangee Softwares Limited,15158,209
Bank Of India,A3 Logics  India  Ltd,4663,115
Bank Of India,Akanksha International,1537,10
Bank Of India,Blue Circle Instrument,252,0
Bank Of India,CHESSY CONSULTANTS PVT LTD,863,9
Bank Of India,DATASOFT COMPUTER SERVICES(P),265,29
Bank Of India,Emdee Digitronics Pvt.Ltd.,27,1
Bank Of India,Frontech Systems Pvt Ltd,1923,8
Bank Of India,ITI LIMITED,1,0
Bank Of India,MANTRA SOFTTECH (INDIA) PVTLTD,2460,86
Bank Of India,Matrix Processing House,8733,206
Bank Of India,OSWAL COMPUTERS & CONSULTANTS,5352,331
Bank Of India,PROTEX COMPUTER PVT LTD,165,18
Bank Of India,SARADA SYSTEMS,278,16
Bank Of India,SHRIKRISHNA KHANDASARI SUGAR M,1542,39
Bank Of India,SPANCO,3257,33
Bank Of India,SREI INFRASTRUCTURE FINANCES L,841,35
Bank Of India,Silver Touch Technologies Ltd,3960,57
Bank Of India,Systematic & Advance Const P L,4881,196
Bank Of India,VEETECHNOLOGIES PVT. LTD,725,2
Bank Of India,Vakrangee Softwares Limited,12060,555
Bank of Baroda,IL&FS LTD,253,5
Bank of Baroda,TEAM LIFE CARE COMPANY INDIA P,412,3
Bank of Maharashtra,Alankit Finsec Ltd,38,0
Bank of Maharashtra,FINANCIAL INFORMATION NETWORK,129,0
Bank of Maharashtra,Micro Technologies India Ltd,110,0
CSC e-Governance Services India Limited,Network for Information & Computer,88,0
Central Bank of India,CALANCE SOFTWARE PRIVATE LTD,4019,30
Central Bank of India,Frontech Systems Pvt Ltd,3,0
Central Bank of India,IAP COMPANY Pvt. Ltd,5049,53
Central Bank of India,IL&FS LTD,753,0
Central Bank of India,MANTRA SOFTTECH (INDIA) PVTLTD,1560,2
Central Bank of India,The Peerless General Finance,293,4
DENA BANK,ATISHAY INFOTECH PVT. LTD.,376,2
DENA BANK,DATASOFT COMPUTER SERVICES(P),1431,37
Delhi - Central DC,Smart Chip Limited,206,2
Delhi - East DC,DATASOFT COMPUTER SERVICES(P),242,10
Delhi - ND DC,Smart Chip Limited,51,1
Delhi - NE DC,Smart Chip Limited,302,5
Delhi - North DC,NVR & ASSOCIATES LIMITED,51,2
Delhi - North DC,Smart Chip Limited,209,2
Delhi SW DC,VIRGO SOFTECH LIMITED,27,0
Delhi- South DC,Karvy Computershare Private Li,230,4
Delhi- South DC,Smart Chip Limited,24,0
Delhi- West DC,Smart Chip Limited,79,2
Delhi- West DC,VIRGO SOFTECH LIMITED,302,21
Delhi-NW DC,Karvy Computershare Private Li,1270,50
Dept of ITC Govt of Rajasthan,ATISHAY INFOTECH PVT. LTD.,3431,190
Dept of ITC Govt of Rajasthan,AVVAS INFOTECH PVT  LTD,431,7
Dept of ITC Govt of Rajasthan,Alankit Finsec Ltd,539,24
Dept of ITC Govt of Rajasthan,DATASOFT COMPUTER SERVICES(P),3146,54
Dept of ITC Govt of Rajasthan,TechSmart India Pvt Ltd,737,20
Dept of ITC Govt of Rajasthan,Transline Technologies P Ltd,8125,89
Dept of ITC Govt of Rajasthan,Vakrangee Softwares Limited,21328,1957
Dept of ITC Govt of Rajasthan,Vayam technologies Ltd,2400,11
FCR Govt of Haryana,Vakrangee Softwares Limited,4250,25
FCS Govt of Punjab,CSS TECHNERGY LIMITED,1362,9
FCS Govt of Punjab,Karvy Computershare Private Li,7290,121
FCS Govt of Punjab,Vayam technologies Ltd,3594,45
FCS Govt of Punjab,eCentric solutions pvt ltd,3440,35
Govt of Andhra Pradesh,Gouthami Educational Society,1228,4
Govt of Andhra Pradesh,GrapeSoft,388,12
Govt of Andhra Pradesh,INFRONICS SYSTEMS LTD,7478,51
Govt of Andhra Pradesh,SREEVEN INFOCOM LIMITED,2655,7
Govt of Andhra Pradesh,TechSmart India Pvt Ltd,629,10
Govt of Andhra Pradesh,Tera Software Ltd,1505,25
Govt of Andhra Pradesh,eCentric solutions pvt ltd,151,106
Govt of Goa,MARS Telecom Systems Pvt Ltd,293,6
Govt of Goa,Tera Software Ltd,4,0
Govt of Gujarat,GSS Infotech Ltd,3131,64
Govt of Gujarat,Karvy Computershare Private Li,6055,122
Govt of Gujarat,Silver Touch Technologies Ltd,14955,161
Govt of Gujarat,Tera Software Ltd,794,7
Govt of Gujarat,Transline Technologies P Ltd,1312,13
Govt of Gujarat,Vayam technologies Ltd,7436,59
Govt of Gujarat,eCentric solutions pvt ltd,1251,276
Govt of Himachal Pradesh,IL&FS LTD,462,0
Govt of Himachal Pradesh,Wipro Ltd,2900,64
Govt of Himachal Pradesh,i-Grandee SoftwareTechnologies,2376,21
Govt of Karnataka ,MARS Telecom Systems Pvt Ltd,6744,12
Govt of Karnataka ,Ninestars Information Technologies Limited,8605,46
Govt of Karnataka ,Origin ITFS Pvt Ltd,7557,24
Govt of Karnataka ,SREEVEN INFOCOM LIMITED,2043,23
Govt of Kerala,Akshaya,13965,45
Govt of Kerala,Keltron,547,1
Govt of Maharashtra,Alankit Finsec Ltd,3890,76
Govt of Maharashtra,Eagle press pvt ltd,615,2
Govt of Maharashtra,GLODYNE TECHNOSERVE,49,0
Govt of Maharashtra,Karvy Computershare Private Li,10340,102
Govt of Maharashtra,M/s. Vidya Online  Pune,2,0
Govt of Maharashtra,Narayana Electricals Solution Pvt Ltd,23,0
Govt of Maharashtra,Netlink software Pvt Ltd,265,3
Govt of Maharashtra,Network for Information & Computer,128,0
Govt of Maharashtra,Obel projects Pvt Ltd,12,0
Govt of Maharashtra,SHREERAM PRINTING PRESS,335,2
Govt of Maharashtra,STRATEGIC OUTSOURCING SERVICE,3087,8
Govt of Maharashtra,Silver Touch Technologies Ltd,5434,12
Govt of Maharashtra,Systematic & Advance Const P L,103,0
Govt of Maharashtra,TEAM LIFE CARE COMPANY INDIA P,5,0
Govt of Maharashtra,TechSmart India Pvt Ltd,718,4
Govt of Maharashtra,Tera Software Ltd,544,30
Govt of Maharashtra,Transline Technologies P Ltd,4626,83
Govt of Maharashtra,Wipro Ltd,7347,41
Govt of Sikkim - Dept of Econo,Department of Economics Statistics  Monitoring and Evaluation DESME,7,0
IDBI Bank ltd,ATISHAY INFOTECH PVT. LTD.,797,20
IDBI Bank ltd,Matrix Processing House,291,7
IDBI Bank ltd,SREEVEN INFOCOM LIMITED,5682,11
IDBI Bank ltd,UTI TECHNOLOGY SERVICES LIMITE,519,0
Indiapost,Delhi Integrated MMTS Ltd,3902,46
Indiapost,GLODYNE TECHNOSERVE,48,0
Indiapost,MARS Telecom Systems Pvt Ltd,308,4
Indiapost,Smart Chip Limited,108,3
Indiapost,TEAM LIFE CARE COMPANY INDIA P,3228,34
Information Technology & Communication Department,4G INFORMATICS,3575,4
Information Technology & Communication Department,BNR UDYOG LIMITED,1439,11
Information Technology & Communication Department,Bloom Solutions Pvt Ltd,3275,28
Information Technology & Communication Department,CSS TECHNERGY LIMITED,33,2
Information Technology & Communication Department,GDC Advertising Pvt. Limited,2477,7
Information Technology & Communication Department,JYOTHI COMPUTER SERVICES,2187,2
Information Technology & Communication Department,MARS Telecom Systems Pvt Ltd,2228,10
Information Technology & Communication Department,SREEVEN INFOCOM LIMITED,1448,7
Information Technology & Communication Department,Tera Software Ltd,74,1
Jharkhand,Alankit Assignments Limited,1033,10
Jharkhand,Blue Circle Instrument,20,0
Jharkhand,Emdee Digitronics Pvt.Ltd.,76,28
Jharkhand,IL&FS LTD,2,0
Jharkhand,MKS Enterprises,989,31
Jharkhand,Nevaeh Technology Pvt. Ltd.,124,11
Jharkhand,STRATEGIC OUTSOURCING SERVICE,1816,141
Jharkhand,Systematic & Advance Const P L,3392,131
Jharkhand,VISION COMPTECH INTEGRATOR LTD,839,27
Jharkhand,Wipro Ltd,5784,120
Mission Convergence - GNCT Del,Karvy Computershare Private Li,286,11
NSDL e-Governance Infrastructure Limited,Abhipra Capital Ltd,2661,29
NSDL e-Governance Infrastructure Limited,Alankit Assignments Limited,3146,36
NSDL e-Governance Infrastructure Limited,INTEGRATED REGISTRY SERVICES,14,0
NSDL e-Governance Infrastructure Limited,Karvy Data Management Services,11623,186
NSDL e-Governance Infrastructure Limited,Netlink software Pvt Ltd,2290,61
NSDL e-Governance Infrastructure Limited,PROWIZ MANSYTEMS PVT LTD,11148,67
NSDL e-Governance Infrastructure Limited,TEAM LIFE CARE COMPANY INDIA P,343,7
NSDL e-Governance Infrastructure Limited,VIRGO SOFTECH LIMITED,2162,9
Oriental Bank of Commerce,DATASOFT COMPUTER SERVICES(P),1012,11
Oriental Bank of Commerce,Euro Finmart Ltd,172,0
Oriental Bank of Commerce,FINANCIAL INFORMATION NETWORK,318,7
Oriental Bank of Commerce,IL&FS LTD,81,0
Oriental Bank of Commerce,JNET Technologies Pvt.Ltd,5,0
Oriental Bank of Commerce,Redim Software Technologies Pvt Ltd,266,0
Oriental Bank of Commerce,Sri Ramraja Sarkar Lok Kalyan Trust,3039,30
Oriental Bank of Commerce,Wipro Ltd,2016,73
RDD Govt of Tripura,Alankit Assignments Limited,1,0
Registrar General India - BEL,Manipur Electronics Dev Corp,442,0
Registrar General India - BEL,Swathy Smartcards Hi-Tech Pvt,159,0
Registrar General India BEL2,Computer LAB,6039,52
Registrar General India BEL2,India Computer Technology,16713,596
Registrar General India BEL2,Madras Security Printers Ltd,2488,2
Registrar General India BEL2,Multiwave Innovation,20367,1660
Registrar General India BEL2,Netlink software Pvt Ltd,339,1
Registrar General India BEL2,Om Softwares,1196,0
Registrar General India BEL2,SREEVEN INFOCOM LIMITED,3,0
Registrar General India BEL2,Swathy Smartcards Hi-Tech Pvt,47162,1133
Registrar General India BEL2,Swiss Tech India Pvt Ltd,1053,0
Registrar General India BEL2,Tera Software Ltd,11112,301
Registrar General India BEL2,VIRGO SOFTECH LIMITED,264,0
Registrar General India BEL2,Vansh Infotech Pvt Ltd,11,0
Registrar General India ECIL,Computer LAB,27207,3485
Registrar General India ECIL,Eagle Software India Pvt. Ltd,9201,138
Registrar General India ECIL,In Media Computer Services LLP,280,36
Registrar General India ECIL,India Computer Technology,9626,563
Registrar General India ECIL,Krishna Infotech,1832,258
Registrar General India ECIL,Madras Security Printers Ltd,3687,316
Registrar General India ECIL,Nielsen  India  Private Limited,460,2
Registrar General India ECIL,SWISSTECH NPR 57CR PROJECT PVT,8732,412
Registrar General India ECIL,Tera Software Ltd,2985,31
Registrar General India ECIL,Vedavaag Systems Limited,10456,156
Registrar General India Others,Madras Security Printers Ltd,5,0
Registrar General India Others,Swathy Smartcards Hi-Tech Pvt,206,40
Registrar General of India ITI,Eagle Software India Pvt. Ltd,6,0
Registrar General of India ITI,Emdee Digitronics Pvt.Ltd.,8272,139
Registrar General of India ITI,Nielsen  India  Private Limited,63,0
Registrar General of India ITI,SREEVEN INFOCOM LIMITED,1117,197
Registrar General of India ITI,STRATEGIC OUTSOURCING SERVICE,252,0
Registrar General of India ITI,Swathy Smartcards Hi-Tech Pvt,16806,115
Registrar General of India ITI,TechSmart India Pvt Ltd,201,37
Registrar General of India ITI,WEBEL TECHNOLOGY LIMITED,15105,2876
State Bank of Bikaner & Jaipur,Multiwave Innovation,7446,185
State Bank of India,IL&FS LTD,347,0
State Bank of India,VIRGO SOFTECH LIMITED,20,0
State Bank of Travancore,Tera Software Ltd,13,0
UDD Govt of Jharkhand,Blue Circle Instrument,488,3
UDD Govt of Jharkhand,IL&FS LTD,14,0
UDD Govt of Jharkhand,MKS Enterprises,5096,137
UDD Govt of Jharkhand,Systematic & Advance Const P L,1,0
UDD Govt of Jharkhand,Vayam technologies Ltd,157,7
UIDAI-Registrar,UIDAI-EA,37,2
UT Of Daman and Diu,Alankit Assignments Limited,449,13
UT of Puducherry,Madras Security Printers Ltd,205,1
Union Bank,FINANCIAL INFORMATION NETWORK,3855,113
Union Bank,Smart Chip Limited,7500,72
Union Bank,Vakrangee Softwares Limited,17341,1278
