Registrar,Enrolment Agency,Aadhaar generated,Enrolment Rejected
Allahabad Bank,IL&FS LTD,5,0
Allahabad Bank,Tera Software Ltd,3,5
Allahabad Bank,Vakrangee Softwares Limited,38700,1710
Bank Of India,A3 Logics  India  Ltd,7582,436
Bank Of India,Akanksha International,1386,45
Bank Of India,Blue Circle Instrument,434,4
Bank Of India,CHESSY CONSULTANTS PVT LTD,2092,61
Bank Of India,DATASOFT COMPUTER SERVICES(P),858,41
Bank Of India,Emdee Digitronics Pvt.Ltd.,208,6
Bank Of India,Frontech Systems Pvt Ltd,6164,285
Bank Of India,ITI LIMITED,14,9
Bank Of India,MANTRA SOFTTECH (INDIA) PVTLTD,3941,130
Bank Of India,Matrix Processing House,10994,638
Bank Of India,OSWAL COMPUTERS & CONSULTANTS,13212,1102
Bank Of India,PROTEX COMPUTER PVT LTD,1795,47
Bank Of India,SARADA SYSTEMS,1808,69
Bank Of India,SHRIKRISHNA KHANDASARI SUGAR M,8283,444
Bank Of India,SPANCO,4908,107
Bank Of India,SREI INFRASTRUCTURE FINANCES L,2873,169
Bank Of India,Silver Touch Technologies Ltd,3746,180
Bank Of India,Systematic & Advance Const P L,9786,445
Bank Of India,VEETECHNOLOGIES PVT. LTD,2551,114
Bank Of India,Vakrangee Softwares Limited,26488,2278
Bank of Baroda,DATASOFT COMPUTER SERVICES(P),8,0
Bank of Baroda,IL&FS LTD,10,20
Bank of Baroda,TEAM LIFE CARE COMPANY INDIA P,2080,35
Bank of Maharashtra,Alankit Finsec Ltd,199,12
Bank of Maharashtra,FINANCIAL INFORMATION NETWORK,213,10
Bank of Maharashtra,Micro Technologies India Ltd,599,5
CSC e-Governance Services India Limited,A I Soc for Electronics and Comp Tech,28,0
CSC e-Governance Services India Limited,BASIX,4,0
CSC e-Governance Services India Limited,Network for Information & Computer,156,6
CSC e-Governance Services India Limited,SPANCO,20,0
Canara Bank,Rosmerta technoliges Limited,0,1
Canara Bank,Swiss Tech India Pvt Ltd,1,0
Central Bank of India,CALANCE SOFTWARE PRIVATE LTD,7437,431
Central Bank of India,Frontech Systems Pvt Ltd,10,0
Central Bank of India,IAP COMPANY Pvt. Ltd,16891,760
Central Bank of India,IL&FS LTD,47,30
Central Bank of India,MANTRA SOFTTECH (INDIA) PVTLTD,2219,43
Central Bank of India,SREI INFRASTRUCTURE FINANCES L,3,0
Central Bank of India,The Peerless General Finance,1529,47
DENA BANK,ATISHAY INFOTECH PVT. LTD.,782,19
DENA BANK,DATASOFT COMPUTER SERVICES(P),1149,64
Delhi - Central DC,Smart Chip Limited,508,82
Delhi - East DC,DATASOFT COMPUTER SERVICES(P),1223,351
Delhi - East DC,Tera Software Ltd,9,20
Delhi - ND DC,Smart Chip Limited,167,16
Delhi - NE DC,Alankit Assignments Limited,3,5
Delhi - NE DC,Smart Chip Limited,812,167
Delhi - NE DC,Smart ID,2,2
Delhi - North DC,CALANCE SOFTWARE PRIVATE LTD,449,5
Delhi - North DC,DATASOFT COMPUTER SERVICES(P),1,6
Delhi - North DC,NVR & ASSOCIATES LIMITED,1728,22
Delhi - North DC,Smart Chip Limited,728,86
Delhi SW DC,STRATEGIC OUTSOURCING SERVICE,8,42
Delhi SW DC,VIRGO SOFTECH LIMITED,559,110
Delhi Urban Shelter Improvemen,Matrix Processing House,0,9
Delhi Urban Shelter Improvemen,STRATEGIC OUTSOURCING SERVICE,4,17
Delhi Urban Shelter Improvemen,Smart Chip Limited,0,5
Delhi Urban Shelter Improvemen,Tera Software Ltd,3,0
Delhi- South DC,Karvy Computershare Private Li,640,92
Delhi- South DC,Smart Chip Limited,201,3
Delhi- South DC,Tera Software Ltd,43,14
Delhi- South DC,eCentric solutions pvt ltd,4,114
Delhi- West DC,Matrix Processing House,1,3
Delhi- West DC,Smart Chip Limited,87,14
Delhi- West DC,VIRGO SOFTECH LIMITED,1035,130
Delhi-NW DC,Karvy Computershare Private Li,1374,171
Delhi-NW DC,STRATEGIC OUTSOURCING SERVICE,10,4
Dept of ITC Govt of Rajasthan,ATISHAY INFOTECH PVT. LTD.,12020,558
Dept of ITC Govt of Rajasthan,AVVAS INFOTECH PVT  LTD,5585,121
Dept of ITC Govt of Rajasthan,Alankit Finsec Ltd,2976,183
Dept of ITC Govt of Rajasthan,DATASOFT COMPUTER SERVICES(P),6924,338
Dept of ITC Govt of Rajasthan,TechSmart India Pvt Ltd,1412,47
Dept of ITC Govt of Rajasthan,Transline Technologies P Ltd,8244,469
Dept of ITC Govt of Rajasthan,Vakrangee Softwares Limited,24828,1528
Dept of ITC Govt of Rajasthan,Vayam technologies Ltd,3477,216
FCR Govt of Haryana,Vakrangee Softwares Limited,5982,544
FCS Govt of Punjab,Alankit Assignments Limited,26,80
FCS Govt of Punjab,Alankit Finsec Ltd,67,162
FCS Govt of Punjab,Alankit Life Care Ltd,36,0
FCS Govt of Punjab,CSS TECHNERGY LIMITED,1506,301
FCS Govt of Punjab,Delhi Integrated MMTS Ltd,38,3
FCS Govt of Punjab,Diwakar Commercials Pvt Ltd,58,23
FCS Govt of Punjab,Karvy Computershare Private Li,15537,784
FCS Govt of Punjab,VIRGO SOFTECH LIMITED,4,0
FCS Govt of Punjab,Vayam technologies Ltd,5639,447
FCS Govt of Punjab,eCentric solutions pvt ltd,14931,331
Govt of Andhra Pradesh,Gouthami Educational Society,777,90
Govt of Andhra Pradesh,GrapeSoft,2160,81
Govt of Andhra Pradesh,IL&FS LTD,5,6
Govt of Andhra Pradesh,INFRONICS SYSTEMS LTD,9044,872
Govt of Andhra Pradesh,Madras Security Printers Ltd,64,14
Govt of Andhra Pradesh,SREEVEN INFOCOM LIMITED,1861,125
Govt of Andhra Pradesh,TechSmart India Pvt Ltd,1996,139
Govt of Andhra Pradesh,Tera Software Ltd,8686,362
Govt of Andhra Pradesh,eCentric solutions pvt ltd,118,116
Govt of Goa,COMAT TECHNOLOGIES P LTD,1,0
Govt of Goa,MARS Telecom Systems Pvt Ltd,797,164
Govt of Goa,Tera Software Ltd,107,9
Govt of Gujarat,GSS Infotech Ltd,10263,179
Govt of Gujarat,Karvy Computershare Private Li,10403,266
Govt of Gujarat,Silver Touch Technologies Ltd,14871,495
Govt of Gujarat,Tera Software Ltd,3870,114
Govt of Gujarat,Transline Technologies P Ltd,1200,29
Govt of Gujarat,Vayam technologies Ltd,7366,664
Govt of Gujarat,eCentric solutions pvt ltd,2315,131
Govt of Himachal Pradesh,IL&FS LTD,15,7
Govt of Himachal Pradesh,Wipro Ltd,6355,245
Govt of Himachal Pradesh,i-Grandee SoftwareTechnologies,6347,113
Govt of Karnataka ,COMAT TECHNOLOGIES P LTD,15,2
Govt of Karnataka ,GLODYNE TECHNOSERVE,51,9
Govt of Karnataka ,Integra Micro Systems Pvt.ltd,2,4
Govt of Karnataka ,MARS Telecom Systems Pvt Ltd,11062,411
Govt of Karnataka ,Ninestars Information Technologies Ltd,9148,1168
Govt of Karnataka ,Origin ITFS Pvt Ltd,5097,318
Govt of Karnataka ,SREEVEN INFOCOM LIMITED,6368,367
Govt of Karnataka ,Tera Software Ltd,18,7
Govt of Karnataka ,Wipro Ltd,5,1
Govt of Kerala,Akshaya,13584,1104
Govt of Kerala,Keltron,789,2076
Govt of Madhya Pradesh,VIRGO SOFTECH LIMITED,342,111
Govt of Maharashtra,Alankit Assignments Limited,100,248
Govt of Maharashtra,Alankit Finsec Ltd,14328,530
Govt of Maharashtra,Eagle press pvt ltd,1044,23
Govt of Maharashtra,GLODYNE TECHNOSERVE,38,4
Govt of Maharashtra,GSS Infotech Ltd,4,4
Govt of Maharashtra,Karvy Computershare Private Li,23346,574
Govt of Maharashtra,M/s. Vidya Online  Pune,108,0
Govt of Maharashtra,Mahaonline Limited,7,100
Govt of Maharashtra,Narayana Electricals Solution Pvt Ltd,164,0
Govt of Maharashtra,Netlink software Pvt Ltd,1573,66
Govt of Maharashtra,Network for Information & Computer,148,7
Govt of Maharashtra,Obel projects Pvt Ltd,620,42
Govt of Maharashtra,Rudranee Infotech Ltd,69,3
Govt of Maharashtra,SHREERAM PRINTING PRESS,1309,30
Govt of Maharashtra,SPANCO,0,17
Govt of Maharashtra,STRATEGIC OUTSOURCING SERVICE,7355,192
Govt of Maharashtra,Silver Touch Technologies Ltd,6944,66
Govt of Maharashtra,Systematic & Advance Const P L,394,2
Govt of Maharashtra,TEAM LIFE CARE COMPANY INDIA P,95,21
Govt of Maharashtra,TechSmart India Pvt Ltd,3018,236
Govt of Maharashtra,Tera Software Ltd,517,104
Govt of Maharashtra,Transline Technologies P Ltd,2540,342
Govt of Maharashtra,Wep Solution India Limited,2,93
Govt of Maharashtra,Wipro Ltd,24633,697
Govt of Sikkim - Dept of Econo,4G IDENTITY SOLUTIONS,8,20
Govt of Sikkim - Dept of Econo,Department of Economics Statistics  Monitoring and Evaluation DESME,302,6
IDBI Bank ltd,ATISHAY INFOTECH PVT. LTD.,1759,82
IDBI Bank ltd,Matrix Processing House,411,23
IDBI Bank ltd,SREEVEN INFOCOM LIMITED,6347,63
IDBI Bank ltd,UTI TECHNOLOGY SERVICES LIMITE,3732,78
Indiapost,4G IDENTITY SOLUTIONS,20,25
Indiapost,COMAT TECHNOLOGIES P LTD,0,2
Indiapost,Delhi Integrated MMTS Ltd,12690,409
Indiapost,Eagle press pvt ltd,1,18
Indiapost,GLODYNE TECHNOSERVE,12,3
Indiapost,GSS Infotech Ltd,0,1
Indiapost,IL&FS LTD,18,15
Indiapost,MARS Telecom Systems Pvt Ltd,586,61
Indiapost,Madras Security Printers Ltd,6,12
Indiapost,Smart Chip Limited,715,10
Indiapost,TEAM LIFE CARE COMPANY INDIA P,6131,451
Indiapost,The NSIC ltd,2,0
Indiapost,UTI TECHNOLOGY SERVICES LIMITE,2,51
Indiapost,WEBEL,15,0
Indiapost,eCentric solutions pvt ltd,1,1
Information Technology & Communication Department,4G INFORMATICS,15748,228
Information Technology & Communication Department,BNR UDYOG LIMITED,2363,204
Information Technology & Communication Department,Bloom Solutions Pvt Ltd,13523,647
Information Technology & Communication Department,CSS TECHNERGY LIMITED,2576,86
Information Technology & Communication Department,GDC Advertising Pvt. Limited,1739,440
Information Technology & Communication Department,JYOTHI COMPUTER SERVICES,1419,357
Information Technology & Communication Department,MARS Telecom Systems Pvt Ltd,753,156
Information Technology & Communication Department,SREEVEN INFOCOM LIMITED,2291,60
Information Technology & Communication Department,Tera Software Ltd,1050,43
Jharkhand,Alankit Assignments Limited,2157,98
Jharkhand,Blue Circle Instrument,183,27
Jharkhand,Emdee Digitronics Pvt.Ltd.,1498,93
Jharkhand,IL&FS LTD,4,1
Jharkhand,MKS Enterprises,1639,104
Jharkhand,Nevaeh Technology Pvt. Ltd.,677,13
Jharkhand,STRATEGIC OUTSOURCING SERVICE,4864,243
Jharkhand,Systematic & Advance Const P L,2100,588
Jharkhand,VISION COMPTECH INTEGRATOR LTD,2801,215
Jharkhand,Wipro Ltd,13056,1479
Life Insurance Corporation,DATASOFT COMPUTER SERVICES(P),1,0
Life Insurance Corporation,eCentric solutions pvt ltd,0,4
Mission Convergence - GNCT Del,Karvy Computershare Private Li,702,61
Mission Convergence - GNCT Del,STRATEGIC OUTSOURCING SERVICE,7,1
Mission Convergence - GNCT Del,Smart Chip Limited,1,0
Mission Convergence - GNCT Del,Tera Software Ltd,1,0
Mission Convergence - GNCT Del,eCentric solutions pvt ltd,0,83
NSDL e-Governance Infrastructure Limited,Abhipra Capital Ltd,5597,406
NSDL e-Governance Infrastructure Limited,Alankit Assignments Limited,12998,373
NSDL e-Governance Infrastructure Limited,Delhi Integrated MMTS Ltd,157,0
NSDL e-Governance Infrastructure Limited,INTEGRATED REGISTRY SERVICES,79,0
NSDL e-Governance Infrastructure Limited,Karvy Data Management Services,27543,1124
NSDL e-Governance Infrastructure Limited,Netlink software Pvt Ltd,4856,102
NSDL e-Governance Infrastructure Limited,PROWIZ MANSYTEMS PVT LTD,9050,239
NSDL e-Governance Infrastructure Limited,TEAM LIFE CARE COMPANY INDIA P,1092,64
NSDL e-Governance Infrastructure Limited,VIRGO SOFTECH LIMITED,8082,75
Oriental Bank of Commerce,DATASOFT COMPUTER SERVICES(P),779,64
Oriental Bank of Commerce,Euro Finmart Ltd,788,15
Oriental Bank of Commerce,FINANCIAL INFORMATION NETWORK,17,18
Oriental Bank of Commerce,IL&FS LTD,6,6
Oriental Bank of Commerce,JNET Technologies Pvt.Ltd,148,14
Oriental Bank of Commerce,Redim Software Technologies Pvt Ltd,866,9
Oriental Bank of Commerce,Sri Ramraja Sarkar Lok Kalyan Trust,3391,155
Oriental Bank of Commerce,Wipro Ltd,7012,442
Punjab and Sind Bank,Matrix Processing House,12,5
RDD Govt of Tripura,Alankit Assignments Limited,45,9
Registrar General India - BEL,In Media Computer Services LLP,2,0
Registrar General India - BEL,Manipur Electronics Dev Corp,4,4
Registrar General India - BEL,Swathy Smartcards Hi-Tech Pvt,1,9
Registrar General India BEL2,Alankit Assignments Limited,416,1
Registrar General India BEL2,Computer LAB,2347,853
Registrar General India BEL2,India Computer Technology,38206,1908
Registrar General India BEL2,Madras Security Printers Ltd,11044,168
Registrar General India BEL2,Multiwave Innovation,119,435
Registrar General India BEL2,Netlink software Pvt Ltd,1394,40
Registrar General India BEL2,Nielsen  India  Private Limited,106,5
Registrar General India BEL2,Om Softwares,1610,106
Registrar General India BEL2,SREEVEN INFOCOM LIMITED,7,3
Registrar General India BEL2,Swathy Smartcards Hi-Tech Pvt,50168,5923
Registrar General India BEL2,Swiss Tech India Pvt Ltd,621,798
Registrar General India BEL2,Tera Software Ltd,960,2530
Registrar General India BEL2,VIRGO SOFTECH LIMITED,4,0
Registrar General India BEL2,Vansh Infotech Pvt Ltd,105,4
Registrar General India BEL2,Vedavaag Systems Limited,10,0
Registrar General India ECIL,AVVAS INFOTECH PVT  LTD,318,1
Registrar General India ECIL,Clairvoyance Technologies Pvt.,18583,3
Registrar General India ECIL,Computer LAB,41846,9263
Registrar General India ECIL,Eagle Software India Pvt. Ltd,55,248
Registrar General India ECIL,In Media Computer Services LLP,160,97
Registrar General India ECIL,India Computer Technology,30162,9806
Registrar General India ECIL,Karvy Data Management Services,623,1
Registrar General India ECIL,Krishna Infotech,1897,2296
Registrar General India ECIL,Madras Security Printers Ltd,9518,10859
Registrar General India ECIL,Netwing Technologies Pvt Ltd,1,1
Registrar General India ECIL,Nielsen  India  Private Limited,2362,13
Registrar General India ECIL,Pioneer E Labs limited,69,27
Registrar General India ECIL,SWISSTECH NPR 57CR PROJECT PVT,11994,1480
Registrar General India ECIL,Tera Software Ltd,4037,1016
Registrar General India ECIL,Vedavaag Systems Limited,18330,5074
Registrar General India Others,AVVAS INFOTECH PVT  LTD,0,3
Registrar General India Others,COMTECH INSTITUTE OFTECHNOLOGY,6,0
Registrar General India Others,COMTECHINFO SOLUTIONS PVT.LTD,1,0
Registrar General India Others,Clairvoyance Technologies Pvt.,1,0
Registrar General India Others,Computer LAB,85,10
Registrar General India Others,Eagle Software India Pvt. Ltd,1,7
Registrar General India Others,India Computer Technology,2,2
Registrar General India Others,Madras Security Printers Ltd,38,5
Registrar General India Others,Netwing Technologies Pvt Ltd,7,0
Registrar General India Others,Nielsen  India  Private Limited,1,0
Registrar General India Others,Om Softwares,5,0
Registrar General India Others,SWISSTECH NPR 57CR PROJECT PVT,23,0
Registrar General India Others,Swathy Smartcards Hi-Tech Pvt,15,101
Registrar General India Others,Swiss Tech India Pvt Ltd,3,0
Registrar General India Others,Vansh Infotech Pvt Ltd,3,0
Registrar General of India ITI,COMTECH INSTITUTE OFTECHNOLOGY,1,0
Registrar General of India ITI,CommunitiWorks Welfare Society,34,25
Registrar General of India ITI,Eagle Software India Pvt. Ltd,822,110
Registrar General of India ITI,Emdee Digitronics Pvt.Ltd.,29267,2510
Registrar General of India ITI,Madras Security Printers Ltd,0,6
Registrar General of India ITI,Mphasis Ltd,15,0
Registrar General of India ITI,Multiwave Innovation,6,108
Registrar General of India ITI,Netwing Technologies Pvt Ltd,464,8
Registrar General of India ITI,Nielsen  India  Private Limited,23,8
Registrar General of India ITI,SREEVEN INFOCOM LIMITED,37,13
Registrar General of India ITI,STRATEGIC OUTSOURCING SERVICE,797,15
Registrar General of India ITI,Swathy Smartcards Hi-Tech Pvt,22136,13855
Registrar General of India ITI,TechSmart India Pvt Ltd,342,3757
Registrar General of India ITI,Vedavaag Systems Limited,51,0
Registrar General of India ITI,WEBEL TECHNOLOGY LIMITED,17610,248
STATE BANK OF PATIALA,CSS TECHNERGY LIMITED,0,1
State Bank of Bikaner & Jaipur,Multiwave Innovation,8571,520
State Bank of India,4G IDENTITY SOLUTIONS,165,119
State Bank of India,CSS TECHNERGY LIMITED,31,1
State Bank of India,Delhi Integrated MMTS Ltd,2,9
State Bank of India,Eagle press pvt ltd,2,1
State Bank of India,IL&FS LTD,120,72
State Bank of India,Smart Chip Limited,23,203
State Bank of India,VIRGO SOFTECH LIMITED,15,4
State Bank of Travancore,Tera Software Ltd,239,319
Syndicate Bank,Smart Chip Limited,5,8
UDD Govt of Jharkhand,Blue Circle Instrument,1017,146
UDD Govt of Jharkhand,IL&FS LTD,3,0
UDD Govt of Jharkhand,MKS Enterprises,7785,411
UDD Govt of Jharkhand,Systematic & Advance Const P L,174,6
UDD Govt of Jharkhand,Vayam technologies Ltd,8,36
UIDAI-Registrar,UIDAI-EA,54,1
UT Of Daman and Diu,Alankit Assignments Limited,1426,30
UT of Puducherry,Madras Security Printers Ltd,1338,94
Union Bank,FINANCIAL INFORMATION NETWORK,10618,388
Union Bank,Smart Chip Limited,20007,1392
Union Bank,Vakrangee Softwares Limited,31039,3021
