Registrar,Enrolment Agency,Aadhaar generated,Enrolment Rejected
Allahabad Bank,IL&FS LTD,0,27
Allahabad Bank,Tera Software Ltd,4,24
Allahabad Bank,Vakrangee Softwares Limited,31788,2606
Bank Of India,A3 Logics  India  Ltd,3513,543
Bank Of India,Akanksha International,1026,43
Bank Of India,Blue Circle Instrument,444,5
Bank Of India,CHESSY CONSULTANTS PVT LTD,1722,19
Bank Of India,DATASOFT COMPUTER SERVICES(P),624,45
Bank Of India,Emdee Digitronics Pvt.Ltd.,617,10
Bank Of India,Frontech Systems Pvt Ltd,2564,148
Bank Of India,ITI LIMITED,5,46
Bank Of India,Integra Micro Systems Pvt.ltd,0,1
Bank Of India,MANTRA SOFTTECH (INDIA) PVTLTD,482,311
Bank Of India,Matrix Processing House,3252,600
Bank Of India,OPTIMIX CONSULTANCY PRIVATE LT,0,2
Bank Of India,OSWAL COMPUTERS & CONSULTANTS,8309,1175
Bank Of India,PROTEX COMPUTER PVT LTD,1041,92
Bank Of India,SARADA SYSTEMS,1820,63
Bank Of India,SHRIKRISHNA KHANDASARI SUGAR M,2775,208
Bank Of India,SPANCO,5051,207
Bank Of India,SREI INFRASTRUCTURE FINANCES L,2666,276
Bank Of India,Silver Touch Technologies Ltd,1374,193
Bank Of India,Systematic & Advance Const P L,3869,369
Bank Of India,VEETECHNOLOGIES PVT. LTD,2810,112
Bank Of India,Vakrangee Softwares Limited,19681,2047
Bank of Baroda,DATASOFT COMPUTER SERVICES(P),11,37
Bank of Baroda,IL&FS LTD,2,17
Bank of Baroda,TEAM LIFE CARE COMPANY INDIA P,577,66
Bank of Maharashtra,Alankit Finsec Ltd,174,33
Bank of Maharashtra,FINANCIAL INFORMATION NETWORK,80,7
Bank of Maharashtra,Micro Technologies India Ltd,276,5
CSC e-Governance Services India Limited,A I Soc for Electronics and Comp Tech,23,7
CSC e-Governance Services India Limited,Network for Information & Computer,99,4
Canara Bank,ITI LIMITED,0,1
Canara Bank,Rosmerta technoliges Limited,0,3
Canara Bank,Swiss Tech India Pvt Ltd,1,3
Central Bank of India,CALANCE SOFTWARE PRIVATE LTD,3354,364
Central Bank of India,Frontech Systems Pvt Ltd,6,5
Central Bank of India,GSS Infotech Ltd,0,18
Central Bank of India,IAP COMPANY Pvt. Ltd,9665,819
Central Bank of India,IL&FS LTD,14,99
Central Bank of India,MANTRA SOFTTECH (INDIA) PVTLTD,506,89
Central Bank of India,SREI INFRASTRUCTURE FINANCES L,9,5
Central Bank of India,Tera Software Ltd,1,3
Central Bank of India,The Peerless General Finance,1122,44
Civil Supplies - A&N Islands,India Computer Technology,0,2
DENA BANK,ATISHAY INFOTECH PVT. LTD.,175,0
DENA BANK,DATASOFT COMPUTER SERVICES(P),569,10
Delhi - Central DC,Smart Chip Limited,174,270
Delhi - East DC,DATASOFT COMPUTER SERVICES(P),1252,264
Delhi - East DC,Tera Software Ltd,13,52
Delhi - ND DC,Smart Chip Limited,25,62
Delhi - NE DC,Alankit Assignments Limited,17,31
Delhi - NE DC,Smart Chip Limited,359,237
Delhi - NE DC,Smart ID,2,3
Delhi - North DC,CALANCE SOFTWARE PRIVATE LTD,40,1
Delhi - North DC,DATASOFT COMPUTER SERVICES(P),9,20
Delhi - North DC,NVR & ASSOCIATES LIMITED,1454,14
Delhi - North DC,Smart Chip Limited,329,145
Delhi SW DC,STRATEGIC OUTSOURCING SERVICE,9,91
Delhi SW DC,VIRGO SOFTECH LIMITED,507,354
Delhi Urban Shelter Improvemen,Matrix Processing House,1,23
Delhi Urban Shelter Improvemen,STRATEGIC OUTSOURCING SERVICE,1,2
Delhi Urban Shelter Improvemen,Smart Chip Limited,2,0
Delhi Urban Shelter Improvemen,Tera Software Ltd,4,18
Delhi- South DC,Karvy Computershare Private Li,709,185
Delhi- South DC,Smart Chip Limited,28,14
Delhi- South DC,Tera Software Ltd,9,34
Delhi- South DC,eCentric solutions pvt ltd,1,494
Delhi- West DC,Matrix Processing House,6,84
Delhi- West DC,Smart Chip Limited,130,117
Delhi- West DC,VIRGO SOFTECH LIMITED,1299,463
Delhi-NW DC,Karvy Computershare Private Li,923,102
Delhi-NW DC,STRATEGIC OUTSOURCING SERVICE,7,11
Dept of ITC Govt of Rajasthan,ATISHAY INFOTECH PVT. LTD.,7865,420
Dept of ITC Govt of Rajasthan,AVVAS INFOTECH PVT  LTD,2721,64
Dept of ITC Govt of Rajasthan,Alankit Finsec Ltd,1566,160
Dept of ITC Govt of Rajasthan,DATASOFT COMPUTER SERVICES(P),4634,355
Dept of ITC Govt of Rajasthan,TechSmart India Pvt Ltd,378,26
Dept of ITC Govt of Rajasthan,Transline Technologies P Ltd,4878,309
Dept of ITC Govt of Rajasthan,Vakrangee Softwares Limited,22272,1634
Dept of ITC Govt of Rajasthan,Vayam technologies Ltd,2243,597
FCR Govt of Haryana,Vakrangee Softwares Limited,3091,1438
FCS Govt of Punjab,Alankit Assignments Limited,397,938
FCS Govt of Punjab,Alankit Finsec Ltd,490,731
FCS Govt of Punjab,Alankit Life Care Ltd,129,31
FCS Govt of Punjab,CSS TECHNERGY LIMITED,909,27
FCS Govt of Punjab,Delhi Integrated MMTS Ltd,141,99
FCS Govt of Punjab,Diwakar Commercials Pvt Ltd,48,187
FCS Govt of Punjab,Karvy Computershare Private Li,14669,775
FCS Govt of Punjab,VIRGO SOFTECH LIMITED,35,67
FCS Govt of Punjab,VISESH INFOTECNICS LIMITED,2,2
FCS Govt of Punjab,Vayam technologies Ltd,3222,625
FCS Govt of Punjab,eCentric solutions pvt ltd,8646,357
Govt of Andhra Pradesh,Gouthami Educational Society,96,147
Govt of Andhra Pradesh,GrapeSoft,736,149
Govt of Andhra Pradesh,IL&FS LTD,24,30
Govt of Andhra Pradesh,INFRONICS SYSTEMS LTD,5543,898
Govt of Andhra Pradesh,Madras Security Printers Ltd,125,93
Govt of Andhra Pradesh,SREEVEN INFOCOM LIMITED,6469,170
Govt of Andhra Pradesh,Smart Chip Limited,14,5
Govt of Andhra Pradesh,TechSmart India Pvt Ltd,860,65
Govt of Andhra Pradesh,Tera Software Ltd,1223,361
Govt of Andhra Pradesh,eCentric solutions pvt ltd,78,128
Govt of Goa,COMAT TECHNOLOGIES P LTD,0,10
Govt of Goa,MARS Telecom Systems Pvt Ltd,548,575
Govt of Goa,Tera Software Ltd,1,20
Govt of Gujarat,GSS Infotech Ltd,8827,197
Govt of Gujarat,Karvy Computershare Private Li,11556,174
Govt of Gujarat,Silver Touch Technologies Ltd,7062,431
Govt of Gujarat,Tera Software Ltd,4075,79
Govt of Gujarat,Transline Technologies P Ltd,162,42
Govt of Gujarat,Vayam technologies Ltd,4211,439
Govt of Gujarat,eCentric solutions pvt ltd,2679,90
Govt of Himachal Pradesh,IL&FS LTD,4,8
Govt of Himachal Pradesh,Wipro Ltd,2085,274
Govt of Himachal Pradesh,i-Grandee SoftwareTechnologies,1479,152
Govt of Karnataka ,COMAT TECHNOLOGIES P LTD,8,21
Govt of Karnataka ,GLODYNE TECHNOSERVE,142,84
Govt of Karnataka ,Integra Micro Systems Pvt.ltd,1,45
Govt of Karnataka ,MARS Telecom Systems Pvt Ltd,5240,472
Govt of Karnataka ,Ninestars Information Technologies Limited,2914,520
Govt of Karnataka ,Origin ITFS Pvt Ltd,8503,471
Govt of Karnataka ,SREEVEN INFOCOM LIMITED,10368,429
Govt of Karnataka ,Tera Software Ltd,47,33
Govt of Karnataka ,Wipro Ltd,18,8
Govt of Kerala,Akshaya,10109,4880
Govt of Kerala,Keltron,752,4773
Govt of Madhya Pradesh,VIRGO SOFTECH LIMITED,651,531
Govt of Maharashtra,Alankit Assignments Limited,86,145
Govt of Maharashtra,Alankit Finsec Ltd,6664,199
Govt of Maharashtra,COMAT TECHNOLOGIES P LTD,4,4
Govt of Maharashtra,Eagle press pvt ltd,692,50
Govt of Maharashtra,GLODYNE TECHNOSERVE,4,36
Govt of Maharashtra,GSS Infotech Ltd,1,63
Govt of Maharashtra,Karvy Computershare Private Li,9864,652
Govt of Maharashtra,M/s. Vidya Online  Pune,35,0
Govt of Maharashtra,Mahaonline Limited,2,289
Govt of Maharashtra,Narayana Electricals Solution Pvt Ltd,194,6
Govt of Maharashtra,Netlink software Pvt Ltd,2410,127
Govt of Maharashtra,Network for Information & Computer,151,6
Govt of Maharashtra,Obel projects Pvt Ltd,376,85
Govt of Maharashtra,Rudranee Infotech Ltd,208,7
Govt of Maharashtra,SHREERAM PRINTING PRESS,730,13
Govt of Maharashtra,SPANCO,0,397
Govt of Maharashtra,STRATEGIC OUTSOURCING SERVICE,10146,349
Govt of Maharashtra,Silver Touch Technologies Ltd,3161,198
Govt of Maharashtra,Smart Chip Limited,0,20
Govt of Maharashtra,Systematic & Advance Const P L,106,11
Govt of Maharashtra,TEAM LIFE CARE COMPANY INDIA P,40,3
Govt of Maharashtra,TechSmart India Pvt Ltd,1133,107
Govt of Maharashtra,Tera Software Ltd,1001,271
Govt of Maharashtra,Transline Technologies P Ltd,1391,403
Govt of Maharashtra,Wep Solution India Limited,2,30
Govt of Maharashtra,Wipro Ltd,14767,898
Govt of Sikkim - Dept of Econo,4G IDENTITY SOLUTIONS,24,57
Govt of Sikkim - Dept of Econo,Department of Economics Statistics  Monitoring and Evaluation DESME,129,2
IDBI Bank ltd,ATISHAY INFOTECH PVT. LTD.,639,61
IDBI Bank ltd,Matrix Processing House,120,25
IDBI Bank ltd,Pioneer E Labs limited,1,5
IDBI Bank ltd,SREEVEN INFOCOM LIMITED,2832,94
IDBI Bank ltd,UTI TECHNOLOGY SERVICES LIMITE,1344,150
IGNOU,VIRGO SOFTECH LIMITED,1,0
Indian Overseas Bank,Karvy Computershare Private Li,4,0
Indiapost,4G IDENTITY SOLUTIONS,50,320
Indiapost,COMAT TECHNOLOGIES P LTD,2,12
Indiapost,CSS TECHNERGY LIMITED,1,0
Indiapost,Delhi Integrated MMTS Ltd,7469,228
Indiapost,Eagle press pvt ltd,0,48
Indiapost,GLODYNE TECHNOSERVE,5,32
Indiapost,GSS Infotech Ltd,0,9
Indiapost,IL&FS LTD,7,50
Indiapost,MARS Telecom Systems Pvt Ltd,418,31
Indiapost,Madras Security Printers Ltd,0,148
Indiapost,Smart Chip Limited,164,30
Indiapost,TEAM LIFE CARE COMPANY INDIA P,4066,830
Indiapost,The NSIC ltd,1,9
Indiapost,UTI TECHNOLOGY SERVICES LIMITE,2,608
Indiapost,WEBEL,20,1
Indiapost,eCentric solutions pvt ltd,10,12
Information Technology & Communication Department,4G INFORMATICS,39549,350
Information Technology & Communication Department,BNR UDYOG LIMITED,2596,189
Information Technology & Communication Department,Bloom Solutions Pvt Ltd,24450,846
Information Technology & Communication Department,CSS TECHNERGY LIMITED,444,30
Information Technology & Communication Department,GDC Advertising Pvt. Limited,1351,452
Information Technology & Communication Department,JYOTHI COMPUTER SERVICES,7104,245
Information Technology & Communication Department,MARS Telecom Systems Pvt Ltd,610,82
Information Technology & Communication Department,SREEVEN INFOCOM LIMITED,2845,51
Information Technology & Communication Department,Tera Software Ltd,98,39
Jharkhand,Alankit Assignments Limited,938,32
Jharkhand,Blue Circle Instrument,229,5
Jharkhand,Emdee Digitronics Pvt.Ltd.,1877,126
Jharkhand,IL&FS LTD,0,8
Jharkhand,MKS Enterprises,243,83
Jharkhand,Nevaeh Technology Pvt. Ltd.,229,23
Jharkhand,STRATEGIC OUTSOURCING SERVICE,779,30
Jharkhand,Systematic & Advance Const P L,1169,272
Jharkhand,VISION COMPTECH INTEGRATOR LTD,2051,141
Jharkhand,Wipro Ltd,8674,940
Life Insurance Corporation,DATASOFT COMPUTER SERVICES(P),3,0
Life Insurance Corporation,Emdee Digitronics Pvt.Ltd.,0,1
Life Insurance Corporation,PROTEX COMPUTER PVT LTD,0,1
Life Insurance Corporation,UNIVERSAL SOLUTIONS,1,0
Life Insurance Corporation,eCentric solutions pvt ltd,2,5
Mission Convergence - GNCT Del,Karvy Computershare Private Li,521,109
Mission Convergence - GNCT Del,Matrix Processing House,1,21
Mission Convergence - GNCT Del,STRATEGIC OUTSOURCING SERVICE,5,1
Mission Convergence - GNCT Del,Smart Chip Limited,2,12
Mission Convergence - GNCT Del,eCentric solutions pvt ltd,1,261
NSDL e-Governance Infrastructure Limited,Abhipra Capital Ltd,1633,446
NSDL e-Governance Infrastructure Limited,Alankit Assignments Limited,4902,129
NSDL e-Governance Infrastructure Limited,Delhi Integrated MMTS Ltd,3,0
NSDL e-Governance Infrastructure Limited,INTEGRATED REGISTRY SERVICES,30,1
NSDL e-Governance Infrastructure Limited,Karvy Data Management Services,19070,1770
NSDL e-Governance Infrastructure Limited,Netlink software Pvt Ltd,5799,196
NSDL e-Governance Infrastructure Limited,PROWIZ MANSYTEMS PVT LTD,4269,377
NSDL e-Governance Infrastructure Limited,TEAM LIFE CARE COMPANY INDIA P,375,39
NSDL e-Governance Infrastructure Limited,VIRGO SOFTECH LIMITED,2373,139
Oriental Bank of Commerce,DATASOFT COMPUTER SERVICES(P),359,71
Oriental Bank of Commerce,Euro Finmart Ltd,287,9
Oriental Bank of Commerce,FINANCIAL INFORMATION NETWORK,43,37
Oriental Bank of Commerce,IL&FS LTD,1,17
Oriental Bank of Commerce,JNET Technologies Pvt.Ltd,575,12
Oriental Bank of Commerce,Redim Software Technologies Pvt Ltd,1277,22
Oriental Bank of Commerce,Sri Ramraja Sarkar Lok Kalyan Trust,2901,241
Oriental Bank of Commerce,The NSIC ltd,0,1
Oriental Bank of Commerce,Wipro Ltd,4802,294
Punjab and Sind Bank,Matrix Processing House,0,16
RDD Govt of Tripura,Alankit Assignments Limited,1125,425
Registrar General India - BEL,In Media Computer Services LLP,0,15
Registrar General India - BEL,Manipur Electronics Dev Corp,3,9
Registrar General India - BEL,Swathy Smartcards Hi-Tech Pvt,2,115
Registrar General India BEL2,Alankit Assignments Limited,284,2
Registrar General India BEL2,Computer LAB,1851,214
Registrar General India BEL2,India Computer Technology,15955,1664
Registrar General India BEL2,Madras Security Printers Ltd,1632,591
Registrar General India BEL2,Multiwave Innovation,247,796
Registrar General India BEL2,Netlink software Pvt Ltd,2738,58
Registrar General India BEL2,Nielsen  India  Private Limited,58,8
Registrar General India BEL2,Om Softwares,527,348
Registrar General India BEL2,SREEVEN INFOCOM LIMITED,2,263
Registrar General India BEL2,Swathy Smartcards Hi-Tech Pvt,65700,8440
Registrar General India BEL2,Swiss Tech India Pvt Ltd,1361,783
Registrar General India BEL2,Tera Software Ltd,730,15081
Registrar General India BEL2,VIRGO SOFTECH LIMITED,5,63
Registrar General India BEL2,Vansh Infotech Pvt Ltd,91,3
Registrar General India BEL2,Vedavaag Systems Limited,13,3
Registrar General India ECIL,AVVAS INFOTECH PVT  LTD,128,0
Registrar General India ECIL,BUSINESS INFORMATION PROCESSING SERVICES,1,0
Registrar General India ECIL,Clairvoyance Technologies Pvt.,341,23
Registrar General India ECIL,Computer LAB,37592,3917
Registrar General India ECIL,Eagle Software India Pvt. Ltd,73,180
Registrar General India ECIL,In Media Computer Services LLP,319,879
Registrar General India ECIL,India Computer Technology,8332,4464
Registrar General India ECIL,Karvy Data Management Services,151,4
Registrar General India ECIL,Krishna Infotech,686,776
Registrar General India ECIL,Madras Security Printers Ltd,2642,1364
Registrar General India ECIL,Netwing Technologies Pvt Ltd,6,0
Registrar General India ECIL,Nielsen  India  Private Limited,2541,5
Registrar General India ECIL,Pioneer E Labs limited,2,663
Registrar General India ECIL,SWISSTECH NPR 57CR PROJECT PVT,2272,9454
Registrar General India ECIL,Tera Software Ltd,2431,3573
Registrar General India ECIL,Vedavaag Systems Limited,2053,3531
Registrar General India Others,Clairvoyance Technologies Pvt.,1,0
Registrar General India Others,Computer LAB,9,6
Registrar General India Others,Eagle Software India Pvt. Ltd,2,1
Registrar General India Others,Emdee Digitronics Pvt.Ltd.,1,3
Registrar General India Others,In Media Computer Services LLP,0,2
Registrar General India Others,India Computer Technology,0,1
Registrar General India Others,Karvy Data Management Services,0,1
Registrar General India Others,Krishna Infotech,0,1
Registrar General India Others,Madras Security Printers Ltd,68,9
Registrar General India Others,Mphasis Ltd,1,0
Registrar General India Others,Netwing Technologies Pvt Ltd,4,0
Registrar General India Others,Nielsen  India  Private Limited,1,0
Registrar General India Others,Om Softwares,8,0
Registrar General India Others,Swathy Smartcards Hi-Tech Pvt,26,193
Registrar General India Others,Vansh Infotech Pvt Ltd,1,1
Registrar General India Others,Vedavaag Systems Limited,0,3
Registrar General India Others,WEBEL TECHNOLOGY LIMITED,3,5
Registrar General of India ITI,CommunitiWorks Welfare Society,361,8
Registrar General of India ITI,Eagle Software India Pvt. Ltd,997,34
Registrar General of India ITI,Emdee Digitronics Pvt.Ltd.,32221,2757
Registrar General of India ITI,Madras Security Printers Ltd,0,196
Registrar General of India ITI,Mphasis Ltd,9,0
Registrar General of India ITI,Multiwave Innovation,1,2662
Registrar General of India ITI,Netwing Technologies Pvt Ltd,317,2
Registrar General of India ITI,Nielsen  India  Private Limited,45,5
Registrar General of India ITI,SREEVEN INFOCOM LIMITED,1,763
Registrar General of India ITI,STRATEGIC OUTSOURCING SERVICE,329,34
Registrar General of India ITI,Swathy Smartcards Hi-Tech Pvt,26969,59147
Registrar General of India ITI,TechSmart India Pvt Ltd,3108,1007
Registrar General of India ITI,VIRGO SOFTECH LIMITED,0,3
Registrar General of India ITI,Vedavaag Systems Limited,23,5
Registrar General of India ITI,WEBEL TECHNOLOGY LIMITED,36422,702
STATE BANK OF HYDERABAD,CSS TECHNERGY LIMITED,2,1
STATE BANK OF PATIALA,CSS TECHNERGY LIMITED,2,3
State Bank of Bikaner & Jaipur,Multiwave Innovation,7421,553
State Bank of India,4G IDENTITY SOLUTIONS,194,248
State Bank of India,COMAT TECHNOLOGIES P LTD,0,17
State Bank of India,CSS TECHNERGY LIMITED,208,124
State Bank of India,Delhi Integrated MMTS Ltd,0,20
State Bank of India,Eagle press pvt ltd,3,4
State Bank of India,IL&FS LTD,40,211
State Bank of India,Smart Chip Limited,11,181
State Bank of India,VIRGO SOFTECH LIMITED,3,98
State Bank of Travancore,Tera Software Ltd,120,305
Syndicate Bank,Smart Chip Limited,78,255
UDD Govt of Jharkhand,Blue Circle Instrument,246,44
UDD Govt of Jharkhand,IL&FS LTD,1,4
UDD Govt of Jharkhand,MKS Enterprises,2275,555
UDD Govt of Jharkhand,Systematic & Advance Const P L,131,53
UDD Govt of Jharkhand,Vayam technologies Ltd,9,22
UIDAI-Registrar,UIDAI-EA,68,0
UT Of Daman and Diu,Alankit Assignments Limited,1465,8
UT of Puducherry,Madras Security Printers Ltd,811,83
Union Bank,4G IDENTITY SOLUTIONS,20,2
Union Bank,FINANCIAL INFORMATION NETWORK,8576,342
Union Bank,Smart Chip Limited,9633,1065
Union Bank,Vakrangee Softwares Limited,48918,3307
