Registrar,Enrolment Agency,Aadhaar generated,Enrolment Rejected
Allahabad Bank,IL&FS LTD,4,0
Allahabad Bank,Tera Software Ltd,3,9
Allahabad Bank,Vakrangee Softwares Limited,18447,2337
Bank Of India,A3 Logics  India  Ltd,5089,357
Bank Of India,Akanksha International,8425,76
Bank Of India,Blue Circle Instrument,20,7
Bank Of India,CHESSY CONSULTANTS PVT LTD,991,37
Bank Of India,DATASOFT COMPUTER SERVICES(P),342,47
Bank Of India,Emdee Digitronics Pvt.Ltd.,262,14
Bank Of India,Frontech Systems Pvt Ltd,1507,194
Bank Of India,ITI LIMITED,25,45
Bank Of India,MANTRA SOFTTECH (INDIA) PVTLTD,729,121
Bank Of India,Matrix Processing House,2257,412
Bank Of India,OSWAL COMPUTERS & CONSULTANTS,2832,986
Bank Of India,PROTEX COMPUTER PVT LTD,683,80
Bank Of India,SARADA SYSTEMS,730,55
Bank Of India,SHRIKRISHNA KHANDASARI SUGAR M,2377,459
Bank Of India,SPANCO,1640,172
Bank Of India,SREI INFRASTRUCTURE FINANCES L,2167,137
Bank Of India,Silver Touch Technologies Ltd,2692,245
Bank Of India,Systematic & Advance Const P L,9789,1368
Bank Of India,VEETECHNOLOGIES PVT. LTD,1269,75
Bank Of India,Vakrangee Softwares Limited,10008,2437
Bank of Baroda,DATASOFT COMPUTER SERVICES(P),10,0
Bank of Baroda,IL&FS LTD,2,0
Bank of Baroda,TEAM LIFE CARE COMPANY INDIA P,1023,20
Bank of Maharashtra,Alankit Finsec Ltd,411,67
Bank of Maharashtra,FINANCIAL INFORMATION NETWORK,56,6
Bank of Maharashtra,Micro Technologies India Ltd,69,1
CSC e-Governance Services India Limited,All India Society for Electronics and Computer Technology,1,0
CSC e-Governance Services India Limited,Network for Information & Computer,18,7
Central Bank of India,CALANCE SOFTWARE PRIVATE LTD,3935,558
Central Bank of India,Frontech Systems Pvt Ltd,36,0
Central Bank of India,IAP COMPANY Pvt. Ltd,6569,641
Central Bank of India,IL&FS LTD,16,1
Central Bank of India,MANTRA SOFTTECH (INDIA) PVTLTD,194,15
Central Bank of India,The Peerless General Finance,392,14
DENA BANK,ATISHAY INFOTECH PVT. LTD.,188,4
DENA BANK,DATASOFT COMPUTER SERVICES(P),620,38
Delhi - Central DC,Smart Chip Limited,284,115
Delhi - East DC,DATASOFT COMPUTER SERVICES(P),213,54
Delhi - East DC,Tera Software Ltd,7,0
Delhi - ND DC,Smart Chip Limited,118,13
Delhi - NE DC,Alankit Assignments Limited,1,1
Delhi - NE DC,Smart Chip Limited,335,161
Delhi - North DC,CALANCE SOFTWARE PRIVATE LTD,1,0
Delhi - North DC,DATASOFT COMPUTER SERVICES(P),3,0
Delhi - North DC,NVR & ASSOCIATES LIMITED,81,14
Delhi - North DC,Smart Chip Limited,233,127
Delhi SW DC,STRATEGIC OUTSOURCING SERVICE,27,0
Delhi SW DC,VIRGO SOFTECH LIMITED,445,135
Delhi Urban Shelter Improvemen,STRATEGIC OUTSOURCING SERVICE,3,0
Delhi Urban Shelter Improvemen,Smart Chip Limited,0,1
Delhi Urban Shelter Improvemen,Tera Software Ltd,5,0
Delhi- South DC,Karvy Computershare Private Li,216,19
Delhi- South DC,Smart Chip Limited,19,9
Delhi- South DC,Tera Software Ltd,1,0
Delhi- South DC,eCentric solutions pvt ltd,2,0
Delhi- West DC,Matrix Processing House,1,0
Delhi- West DC,Smart Chip Limited,119,9
Delhi- West DC,VIRGO SOFTECH LIMITED,538,117
Delhi-NW DC,Karvy Computershare Private Li,827,54
Delhi-NW DC,STRATEGIC OUTSOURCING SERVICE,35,0
Dept of ITC Govt of Rajasthan,ATISHAY INFOTECH PVT. LTD.,8978,518
Dept of ITC Govt of Rajasthan,AVVAS INFOTECH PVT  LTD,521,25
Dept of ITC Govt of Rajasthan,Alankit Finsec Ltd,4434,211
Dept of ITC Govt of Rajasthan,DATASOFT COMPUTER SERVICES(P),4551,707
Dept of ITC Govt of Rajasthan,GSS Infotech Ltd,1,0
Dept of ITC Govt of Rajasthan,TechSmart India Pvt Ltd,361,11
Dept of ITC Govt of Rajasthan,Transline Technologies P Ltd,6530,372
Dept of ITC Govt of Rajasthan,Vakrangee Softwares Limited,10664,1737
Dept of ITC Govt of Rajasthan,Vayam technologies Ltd,3995,312
FCR Govt of Haryana,Vakrangee Softwares Limited,1700,439
FCS Govt of Punjab,Alankit Assignments Limited,4,0
FCS Govt of Punjab,Alankit Finsec Ltd,1,0
FCS Govt of Punjab,Alankit Life Care Ltd,6,0
FCS Govt of Punjab,CSS TECHNERGY LIMITED,1996,41
FCS Govt of Punjab,Delhi Integrated MMTS Ltd,3,1
FCS Govt of Punjab,Karvy Computershare Private Li,4149,508
FCS Govt of Punjab,Vayam technologies Ltd,7319,345
FCS Govt of Punjab,eCentric solutions pvt ltd,6716,181
Govt of Andhra Pradesh,Gouthami Educational Society,2975,134
Govt of Andhra Pradesh,GrapeSoft,2106,132
Govt of Andhra Pradesh,IL&FS LTD,3,1
Govt of Andhra Pradesh,INFRONICS SYSTEMS LTD,3894,1223
Govt of Andhra Pradesh,Madras Security Printers Ltd,3,3
Govt of Andhra Pradesh,SREEVEN INFOCOM LIMITED,1707,410
Govt of Andhra Pradesh,TechSmart India Pvt Ltd,106,25
Govt of Andhra Pradesh,Tera Software Ltd,1177,258
Govt of Andhra Pradesh,eCentric solutions pvt ltd,250,72
Govt of Goa,MARS Telecom Systems Pvt Ltd,446,65
Govt of Goa,Tera Software Ltd,9,4
Govt of Gujarat,GSS Infotech Ltd,3586,159
Govt of Gujarat,Karvy Computershare Private Li,2747,207
Govt of Gujarat,Silver Touch Technologies Ltd,7113,471
Govt of Gujarat,Tera Software Ltd,1968,101
Govt of Gujarat,Transline Technologies P Ltd,937,27
Govt of Gujarat,Vayam technologies Ltd,4655,312
Govt of Gujarat,eCentric solutions pvt ltd,2245,76
Govt of Himachal Pradesh,IL&FS LTD,8,0
Govt of Himachal Pradesh,Wipro Ltd,2680,241
Govt of Himachal Pradesh,i-Grandee SoftwareTechnologies,1716,161
Govt of Karnataka ,COMAT TECHNOLOGIES P LTD,51,0
Govt of Karnataka ,GLODYNE TECHNOSERVE,1,0
Govt of Karnataka ,MARS Telecom Systems Pvt Ltd,1904,233
Govt of Karnataka ,Ninestars Information Technologies Limited,4989,214
Govt of Karnataka ,Origin ITFS Pvt Ltd,1822,305
Govt of Karnataka ,SREEVEN INFOCOM LIMITED,4859,376
Govt of Karnataka ,Tera Software Ltd,3,0
Govt of Kerala,Akshaya,5418,1105
Govt of Kerala,Keltron,901,5816
Govt of Madhya Pradesh,VIRGO SOFTECH LIMITED,513,1
Govt of Maharashtra,Alankit Assignments Limited,2,1
Govt of Maharashtra,Alankit Finsec Ltd,9827,679
Govt of Maharashtra,Eagle press pvt ltd,738,27
Govt of Maharashtra,GLODYNE TECHNOSERVE,12,20
Govt of Maharashtra,GSS Infotech Ltd,0,1
Govt of Maharashtra,Karvy Computershare Private Li,6919,802
Govt of Maharashtra,Narayana Electricals Solution Pvt Ltd,5,0
Govt of Maharashtra,Netlink software Pvt Ltd,80,35
Govt of Maharashtra,Network for Information & Computer,52,2
Govt of Maharashtra,Obel projects Pvt Ltd,378,7
Govt of Maharashtra,Rudranee Infotech Ltd,3,0
Govt of Maharashtra,SHREERAM PRINTING PRESS,150,2
Govt of Maharashtra,STRATEGIC OUTSOURCING SERVICE,4316,1072
Govt of Maharashtra,Silver Touch Technologies Ltd,3303,108
Govt of Maharashtra,Systematic & Advance Const P L,58,4
Govt of Maharashtra,TEAM LIFE CARE COMPANY INDIA P,9,0
Govt of Maharashtra,TechSmart India Pvt Ltd,920,283
Govt of Maharashtra,Tera Software Ltd,67,46
Govt of Maharashtra,Transline Technologies P Ltd,8870,195
Govt of Maharashtra,Wipro Ltd,6442,423
Govt of Sikkim - Dept of Econo,Department of Economics Statistics  Monitoring and Evaluation DESME,50,4
IDBI Bank ltd,ATISHAY INFOTECH PVT. LTD.,553,105
IDBI Bank ltd,Matrix Processing House,180,5
IDBI Bank ltd,Pioneer E Labs limited,1,0
IDBI Bank ltd,SREEVEN INFOCOM LIMITED,1830,33
IDBI Bank ltd,UTI TECHNOLOGY SERVICES LIMITE,692,50
IGNOU,Vakrangee Softwares Limited,2,0
Indiapost,4G IDENTITY SOLUTIONS,5,0
Indiapost,Delhi Integrated MMTS Ltd,6110,200
Indiapost,Eagle press pvt ltd,1,0
Indiapost,GLODYNE TECHNOSERVE,186,5
Indiapost,MARS Telecom Systems Pvt Ltd,734,31
Indiapost,Madras Security Printers Ltd,1,0
Indiapost,Smart Chip Limited,254,48
Indiapost,TEAM LIFE CARE COMPANY INDIA P,2895,559
Indiapost,The NSIC ltd,10,0
Indiapost,UTI TECHNOLOGY SERVICES LIMITE,2,0
Indiapost,WEBEL,1,0
Information Technology & Communication Department,4G INFORMATICS,3097,337
Information Technology & Communication Department,BNR UDYOG LIMITED,983,113
Information Technology & Communication Department,Bloom Solutions Pvt Ltd,1250,474
Information Technology & Communication Department,CSS TECHNERGY LIMITED,186,94
Information Technology & Communication Department,GDC Advertising Pvt. Limited,658,519
Information Technology & Communication Department,JYOTHI COMPUTER SERVICES,928,221
Information Technology & Communication Department,MARS Telecom Systems Pvt Ltd,2169,23
Information Technology & Communication Department,SREEVEN INFOCOM LIMITED,808,137
Information Technology & Communication Department,Tera Software Ltd,118,18
Jharkhand,Alankit Assignments Limited,783,60
Jharkhand,Blue Circle Instrument,72,57
Jharkhand,Emdee Digitronics Pvt.Ltd.,793,187
Jharkhand,IL&FS LTD,3,0
Jharkhand,MKS Enterprises,434,69
Jharkhand,Nevaeh Technology Pvt. Ltd.,326,35
Jharkhand,STRATEGIC OUTSOURCING SERVICE,2792,151
Jharkhand,Systematic & Advance Const P L,5637,75
Jharkhand,VISION COMPTECH INTEGRATOR LTD,919,169
Jharkhand,Wipro Ltd,2368,781
Mission Convergence - GNCT Del,IL&FS LTD,1,0
Mission Convergence - GNCT Del,Karvy Computershare Private Li,179,27
Mission Convergence - GNCT Del,STRATEGIC OUTSOURCING SERVICE,4,0
Mission Convergence - GNCT Del,Smart Chip Limited,0,1
Mission Convergence - GNCT Del,Tera Software Ltd,2,0
NSDL e-Governance Infrastructure Limited,Abhipra Capital Ltd,1374,74
NSDL e-Governance Infrastructure Limited,Alankit Assignments Limited,3948,156
NSDL e-Governance Infrastructure Limited,INTEGRATED REGISTRY SERVICES,12,0
NSDL e-Governance Infrastructure Limited,Karvy Data Management Services,8064,957
NSDL e-Governance Infrastructure Limited,Netlink software Pvt Ltd,1149,100
NSDL e-Governance Infrastructure Limited,PROWIZ MANSYTEMS PVT LTD,4630,173
NSDL e-Governance Infrastructure Limited,TEAM LIFE CARE COMPANY INDIA P,200,27
NSDL e-Governance Infrastructure Limited,VIRGO SOFTECH LIMITED,2887,103
Oriental Bank of Commerce,DATASOFT COMPUTER SERVICES(P),782,33
Oriental Bank of Commerce,Euro Finmart Ltd,161,5
Oriental Bank of Commerce,FINANCIAL INFORMATION NETWORK,116,34
Oriental Bank of Commerce,IL&FS LTD,3,0
Oriental Bank of Commerce,JNET Technologies Pvt.Ltd,10,1
Oriental Bank of Commerce,Redim Software Technologies Pvt Ltd,298,1
Oriental Bank of Commerce,Sri Ramraja Sarkar Lok Kalyan Trust,1406,56
Oriental Bank of Commerce,Wipro Ltd,4025,239
Others,Others,0,1
RDD Govt of Tripura,Alankit Assignments Limited,18,13
Registrar General India - BEL,In Media Computer Services LLP,3,63
Registrar General India - BEL,Manipur Electronics Dev Corp,226,11
Registrar General India - BEL,Swathy Smartcards Hi-Tech Pvt,92,22
Registrar General India BEL2,Alankit Assignments Limited,1006,2
Registrar General India BEL2,Computer LAB,5843,378
Registrar General India BEL2,India Computer Technology,65686,3842
Registrar General India BEL2,Madras Security Printers Ltd,3720,588
Registrar General India BEL2,Multiwave Innovation,372,173
Registrar General India BEL2,Netlink software Pvt Ltd,246,28
Registrar General India BEL2,Nielsen  India  Private Limited,45,5
Registrar General India BEL2,Om Softwares,854,200
Registrar General India BEL2,SREEVEN INFOCOM LIMITED,29,0
Registrar General India BEL2,Swathy Smartcards Hi-Tech Pvt,181011,55301
Registrar General India BEL2,Swiss Tech India Pvt Ltd,310,593
Registrar General India BEL2,Tera Software Ltd,1531,5551
Registrar General India BEL2,VIRGO SOFTECH LIMITED,12,1
Registrar General India BEL2,Vansh Infotech Pvt Ltd,9085,7
Registrar General India BEL2,Vedavaag Systems Limited,1,0
Registrar General India ECIL,AVVAS INFOTECH PVT  LTD,242,1
Registrar General India ECIL,Clairvoyance Technologies Pvt.,51,0
Registrar General India ECIL,Computer LAB,14589,14449
Registrar General India ECIL,Eagle Software India Pvt. Ltd,3369,2089
Registrar General India ECIL,In Media Computer Services LLP,408,146
Registrar General India ECIL,India Computer Technology,1639,2412
Registrar General India ECIL,Karvy Data Management Services,720,8
Registrar General India ECIL,Krishna Infotech,1122,372
Registrar General India ECIL,Madras Security Printers Ltd,5918,1105
Registrar General India ECIL,Nielsen  India  Private Limited,1932,8
Registrar General India ECIL,Pioneer E Labs limited,46,64
Registrar General India ECIL,SWISSTECH NPR 57CR PROJECT PVT,5181,3572
Registrar General India ECIL,Tera Software Ltd,2078,399
Registrar General India ECIL,Vedavaag Systems Limited,1210,2508
Registrar General India Others,AVVAS INFOTECH PVT  LTD,1,0
Registrar General India Others,Alankit Assignments Limited,2,0
Registrar General India Others,Clairvoyance Technologies Pvt.,2,0
Registrar General India Others,Computer LAB,3,21
Registrar General India Others,In Media Computer Services LLP,1,0
Registrar General India Others,Karvy Data Management Services,2,0
Registrar General India Others,Madras Security Printers Ltd,55,1
Registrar General India Others,Multiwave Innovation,0,1
Registrar General India Others,Netwing Technologies Pvt Ltd,0,1
Registrar General India Others,Om Softwares,3,0
Registrar General India Others,SWISSTECH NPR 57CR PROJECT PVT,1,0
Registrar General India Others,Swathy Smartcards Hi-Tech Pvt,36,56
Registrar General India Others,Vansh Infotech Pvt Ltd,0,3
Registrar General India Others,WEBEL TECHNOLOGY LIMITED,2,0
Registrar General of India ITI,CommunitiWorks Welfare Society,3,12
Registrar General of India ITI,Eagle Software India Pvt. Ltd,363,18
Registrar General of India ITI,Emdee Digitronics Pvt.Ltd.,8265,4628
Registrar General of India ITI,Madras Security Printers Ltd,0,20
Registrar General of India ITI,Multiwave Innovation,0,2122
Registrar General of India ITI,Netwing Technologies Pvt Ltd,123,1
Registrar General of India ITI,Nielsen  India  Private Limited,14,16
Registrar General of India ITI,SREEVEN INFOCOM LIMITED,20,73
Registrar General of India ITI,STRATEGIC OUTSOURCING SERVICE,547,33
Registrar General of India ITI,Swathy Smartcards Hi-Tech Pvt,7786,37515
Registrar General of India ITI,TechSmart India Pvt Ltd,3788,8142
Registrar General of India ITI,Vedavaag Systems Limited,29,0
Registrar General of India ITI,WEBEL TECHNOLOGY LIMITED,2169,1374
STATE BANK OF PATIALA,CSS TECHNERGY LIMITED,0,2
State Bank of Bikaner & Jaipur,Multiwave Innovation,16105,461
State Bank of India,IL&FS LTD,26,1
State Bank of India,Smart Chip Limited,9,0
State Bank of India,VIRGO SOFTECH LIMITED,0,24
State Bank of Travancore,Tera Software Ltd,27,29
UDD Govt of Jharkhand,Blue Circle Instrument,429,111
UDD Govt of Jharkhand,IL&FS LTD,3,0
UDD Govt of Jharkhand,MKS Enterprises,2817,300
UDD Govt of Jharkhand,Systematic & Advance Const P L,32,2
UDD Govt of Jharkhand,Vayam technologies Ltd,72,4
UIDAI-Registrar,UIDAI-EA,10,1
UT Of Daman and Diu,Alankit Assignments Limited,298,9
UT of Puducherry,Madras Security Printers Ltd,205,160
Union Bank,4G IDENTITY SOLUTIONS,1,0
Union Bank,FINANCIAL INFORMATION NETWORK,5242,145
Union Bank,Smart Chip Limited,6774,1723
Union Bank,Vakrangee Softwares Limited,14538,2137
