Registrar,Enrolment Agency,Aadhaar generated,Enrolment Rejected
Allahabad Bank,IL&FS LTD,1,0
Allahabad Bank,Tera Software Ltd,12,7
Allahabad Bank,Vakrangee Softwares Limited,14025,1871
Bank Of India,A3 Logics  India  Ltd,2728,547
Bank Of India,Akanksha International,653,20
Bank Of India,Blue Circle Instrument,387,1
Bank Of India,CHESSY CONSULTANTS PVT LTD,1283,53
Bank Of India,DATASOFT COMPUTER SERVICES(P),332,39
Bank Of India,Emdee Digitronics Pvt.Ltd.,63,4
Bank Of India,Frontech Systems Pvt Ltd,991,123
Bank Of India,ITI LIMITED,98,38
Bank Of India,MANTRA SOFTTECH (INDIA) PVTLTD,1601,307
Bank Of India,Matrix Processing House,4630,457
Bank Of India,OSWAL COMPUTERS & CONSULTANTS,5216,647
Bank Of India,PROTEX COMPUTER PVT LTD,816,82
Bank Of India,SARADA SYSTEMS,844,41
Bank Of India,SHRIKRISHNA KHANDASARI SUGAR M,1548,303
Bank Of India,SPANCO,1249,103
Bank Of India,SREI INFRASTRUCTURE FINANCES L,1053,80
Bank Of India,Silver Touch Technologies Ltd,1595,215
Bank Of India,Systematic & Advance Const P L,2937,583
Bank Of India,VEETECHNOLOGIES PVT. LTD,1115,67
Bank Of India,Vakrangee Softwares Limited,7660,2420
Bank of Baroda,IL&FS LTD,2,15
Bank of Baroda,TEAM LIFE CARE COMPANY INDIA P,317,7
Bank of Maharashtra,Alankit Finsec Ltd,58,41
Bank of Maharashtra,FINANCIAL INFORMATION NETWORK,18,1
Bank of Maharashtra,Micro Technologies India Ltd,808,7
CSC e-Governance Services India Limited,A I Soc for Electronics and Comp Tech,12,0
CSC e-Governance Services India Limited,AKSH OPTIFIBRE LIMITED,1,0
CSC e-Governance Services India Limited,BASIX,1,0
CSC e-Governance Services India Limited,Network for Information & Computer,53,7
CSC e-Governance Services India Limited,SPANCO,0,2
Central Bank of India,CALANCE SOFTWARE PRIVATE LTD,3347,290
Central Bank of India,Frontech Systems Pvt Ltd,27,0
Central Bank of India,IAP COMPANY Pvt. Ltd,5394,669
Central Bank of India,IL&FS LTD,2,0
Central Bank of India,MANTRA SOFTTECH (INDIA) PVTLTD,225,34
Central Bank of India,The Peerless General Finance,286,18
DENA BANK,ATISHAY INFOTECH PVT. LTD.,69,3
DENA BANK,DATASOFT COMPUTER SERVICES(P),72,48
Delhi - Central DC,Smart Chip Limited,193,97
Delhi - East DC,DATASOFT COMPUTER SERVICES(P),265,75
Delhi - East DC,Tera Software Ltd,14,0
Delhi - ND DC,Smart Chip Limited,22,30
Delhi - NE DC,Smart Chip Limited,216,174
Delhi - North DC,CALANCE SOFTWARE PRIVATE LTD,8,2
Delhi - North DC,DATASOFT COMPUTER SERVICES(P),0,1
Delhi - North DC,NVR & ASSOCIATES LIMITED,335,4
Delhi - North DC,Smart Chip Limited,114,46
Delhi SW DC,STRATEGIC OUTSOURCING SERVICE,1,0
Delhi SW DC,VIRGO SOFTECH LIMITED,158,98
Delhi Urban Shelter Improvemen,Smart Chip Limited,0,1
Delhi Urban Shelter Improvemen,Tera Software Ltd,2,0
Delhi- South DC,Karvy Computershare Private Li,477,46
Delhi- South DC,Smart Chip Limited,4,18
Delhi- South DC,Tera Software Ltd,11,0
Delhi- West DC,Smart Chip Limited,43,29
Delhi- West DC,VIRGO SOFTECH LIMITED,999,146
Delhi-NW DC,Karvy Computershare Private Li,201,104
Dept of ITC Govt of Rajasthan,ATISHAY INFOTECH PVT. LTD.,3815,471
Dept of ITC Govt of Rajasthan,AVVAS INFOTECH PVT  LTD,1344,49
Dept of ITC Govt of Rajasthan,Alankit Finsec Ltd,790,159
Dept of ITC Govt of Rajasthan,DATASOFT COMPUTER SERVICES(P),1832,436
Dept of ITC Govt of Rajasthan,TechSmart India Pvt Ltd,212,17
Dept of ITC Govt of Rajasthan,Transline Technologies P Ltd,2965,149
Dept of ITC Govt of Rajasthan,Vakrangee Softwares Limited,8170,2039
Dept of ITC Govt of Rajasthan,Vayam technologies Ltd,2054,309
FCR Govt of Haryana,Vakrangee Softwares Limited,1056,696
FCS Govt of Punjab,Alankit Assignments Limited,4,0
FCS Govt of Punjab,Alankit Finsec Ltd,1,0
FCS Govt of Punjab,CSS TECHNERGY LIMITED,223,64
FCS Govt of Punjab,Delhi Integrated MMTS Ltd,4,0
FCS Govt of Punjab,Karvy Computershare Private Li,8073,644
FCS Govt of Punjab,VIRGO SOFTECH LIMITED,5,0
FCS Govt of Punjab,Vayam technologies Ltd,2634,220
FCS Govt of Punjab,eCentric solutions pvt ltd,5822,244
Govt of Andhra Pradesh,Gouthami Educational Society,879,130
Govt of Andhra Pradesh,GrapeSoft,425,81
Govt of Andhra Pradesh,IL&FS LTD,13,2
Govt of Andhra Pradesh,INFRONICS SYSTEMS LTD,5801,997
Govt of Andhra Pradesh,Madras Security Printers Ltd,16,1
Govt of Andhra Pradesh,SREEVEN INFOCOM LIMITED,1206,82
Govt of Andhra Pradesh,TechSmart India Pvt Ltd,1167,12
Govt of Andhra Pradesh,Tera Software Ltd,2187,214
Govt of Andhra Pradesh,eCentric solutions pvt ltd,10,26
Govt of Goa,COMAT TECHNOLOGIES P LTD,0,2
Govt of Goa,MARS Telecom Systems Pvt Ltd,198,82
Govt of Goa,Tera Software Ltd,13,5
Govt of Gujarat,GSS Infotech Ltd,1646,125
Govt of Gujarat,Karvy Computershare Private Li,5033,112
Govt of Gujarat,Silver Touch Technologies Ltd,9265,401
Govt of Gujarat,Tera Software Ltd,1237,96
Govt of Gujarat,Transline Technologies P Ltd,414,19
Govt of Gujarat,Vayam technologies Ltd,2805,458
Govt of Gujarat,eCentric solutions pvt ltd,983,225
Govt of Himachal Pradesh,IL&FS LTD,2,0
Govt of Himachal Pradesh,Wipro Ltd,1704,214
Govt of Himachal Pradesh,i-Grandee SoftwareTechnologies,934,108
Govt of Karnataka ,COMAT TECHNOLOGIES P LTD,115,0
Govt of Karnataka ,Integra Micro Systems Pvt.ltd,4,0
Govt of Karnataka ,MARS Telecom Systems Pvt Ltd,3716,235
Govt of Karnataka ,Ninestars Information Technologies Limited,2978,467
Govt of Karnataka ,Origin ITFS Pvt Ltd,4215,246
Govt of Karnataka ,SREEVEN INFOCOM LIMITED,3044,215
Govt of Kerala,Akshaya,11202,1690
Govt of Kerala,Keltron,752,814
Govt of Madhya Pradesh,VIRGO SOFTECH LIMITED,6,0
Govt of Maharashtra,Alankit Assignments Limited,4,0
Govt of Maharashtra,Alankit Finsec Ltd,2178,379
Govt of Maharashtra,COMAT TECHNOLOGIES P LTD,1,0
Govt of Maharashtra,Eagle press pvt ltd,101,15
Govt of Maharashtra,GLODYNE TECHNOSERVE,26,23
Govt of Maharashtra,Karvy Computershare Private Li,8722,613
Govt of Maharashtra,M/s. Vidya Online  Pune,44,0
Govt of Maharashtra,Mahaonline Limited,2,0
Govt of Maharashtra,Narayana Electricals Solution Pvt Ltd,84,1
Govt of Maharashtra,Netlink software Pvt Ltd,1312,24
Govt of Maharashtra,Network for Information & Computer,22,6
Govt of Maharashtra,Obel projects Pvt Ltd,49,78
Govt of Maharashtra,Rudranee Infotech Ltd,131,1
Govt of Maharashtra,SHREERAM PRINTING PRESS,155,12
Govt of Maharashtra,SPANCO,1,0
Govt of Maharashtra,STRATEGIC OUTSOURCING SERVICE,1782,111
Govt of Maharashtra,Silver Touch Technologies Ltd,2086,73
Govt of Maharashtra,Smart Chip Limited,2,0
Govt of Maharashtra,Systematic & Advance Const P L,52,0
Govt of Maharashtra,TEAM LIFE CARE COMPANY INDIA P,11,2
Govt of Maharashtra,TechSmart India Pvt Ltd,1076,189
Govt of Maharashtra,Tera Software Ltd,48,16
Govt of Maharashtra,Transline Technologies P Ltd,2596,339
Govt of Maharashtra,Wipro Ltd,3813,223
Govt of Sikkim - Dept of Econo,Department of Economics Statistics  Monitoring and Evaluation DESME,55,4
IDBI Bank ltd,ATISHAY INFOTECH PVT. LTD.,408,118
IDBI Bank ltd,Matrix Processing House,279,13
IDBI Bank ltd,Pioneer E Labs limited,1,2
IDBI Bank ltd,SREEVEN INFOCOM LIMITED,904,46
IDBI Bank ltd,UTI TECHNOLOGY SERVICES LIMITE,1520,42
Indiapost,4G IDENTITY SOLUTIONS,3,1
Indiapost,Delhi Integrated MMTS Ltd,3705,364
Indiapost,GLODYNE TECHNOSERVE,5,11
Indiapost,MARS Telecom Systems Pvt Ltd,165,44
Indiapost,Smart Chip Limited,176,42
Indiapost,TEAM LIFE CARE COMPANY INDIA P,1715,332
Indiapost,eCentric solutions pvt ltd,0,1
Information Technology & Communication Department,4G INFORMATICS,9541,208
Information Technology & Communication Department,BNR UDYOG LIMITED,2223,241
Information Technology & Communication Department,Bloom Solutions Pvt Ltd,6157,779
Information Technology & Communication Department,CSS TECHNERGY LIMITED,5006,26
Information Technology & Communication Department,GDC Advertising Pvt. Limited,2049,413
Information Technology & Communication Department,JYOTHI COMPUTER SERVICES,2156,144
Information Technology & Communication Department,MARS Telecom Systems Pvt Ltd,615,168
Information Technology & Communication Department,SREEVEN INFOCOM LIMITED,1211,56
Information Technology & Communication Department,Tera Software Ltd,527,26
Jharkhand,Alankit Assignments Limited,384,61
Jharkhand,Blue Circle Instrument,201,31
Jharkhand,Emdee Digitronics Pvt.Ltd.,392,124
Jharkhand,MKS Enterprises,1463,81
Jharkhand,Nevaeh Technology Pvt. Ltd.,133,21
Jharkhand,STRATEGIC OUTSOURCING SERVICE,1003,100
Jharkhand,Systematic & Advance Const P L,1817,426
Jharkhand,VISION COMPTECH INTEGRATOR LTD,662,155
Jharkhand,Wipro Ltd,2987,423
Life Insurance Corporation,eCentric solutions pvt ltd,0,3
Mission Convergence - GNCT Del,Karvy Computershare Private Li,223,149
Mission Convergence - GNCT Del,Smart Chip Limited,2,0
NSDL e-Governance Infrastructure Limited,Abhipra Capital Ltd,1960,151
NSDL e-Governance Infrastructure Limited,Alankit Assignments Limited,1266,115
NSDL e-Governance Infrastructure Limited,INTEGRATED REGISTRY SERVICES,35,0
NSDL e-Governance Infrastructure Limited,Karvy Data Management Services,13349,1122
NSDL e-Governance Infrastructure Limited,Netlink software Pvt Ltd,1625,81
NSDL e-Governance Infrastructure Limited,PROWIZ MANSYTEMS PVT LTD,2491,234
NSDL e-Governance Infrastructure Limited,TEAM LIFE CARE COMPANY INDIA P,176,7
NSDL e-Governance Infrastructure Limited,VIRGO SOFTECH LIMITED,1287,58
Oriental Bank of Commerce,DATASOFT COMPUTER SERVICES(P),192,44
Oriental Bank of Commerce,Euro Finmart Ltd,320,4
Oriental Bank of Commerce,FINANCIAL INFORMATION NETWORK,50,17
Oriental Bank of Commerce,IL&FS LTD,1,2
Oriental Bank of Commerce,JNET Technologies Pvt.Ltd,122,2
Oriental Bank of Commerce,Redim Software Technologies Pvt Ltd,740,6
Oriental Bank of Commerce,Sri Ramraja Sarkar Lok Kalyan Trust,1146,132
Oriental Bank of Commerce,Wipro Ltd,3014,364
Punjab and Sind Bank,Matrix Processing House,10,0
RDD Govt of Tripura,Alankit Assignments Limited,3,0
Registrar General India - BEL,In Media Computer Services LLP,13,2
Registrar General India - BEL,Manipur Electronics Dev Corp,1,0
Registrar General India - BEL,Swathy Smartcards Hi-Tech Pvt,97,70
Registrar General India BEL2,Alankit Assignments Limited,39,1
Registrar General India BEL2,Computer LAB,2393,512
Registrar General India BEL2,India Computer Technology,8752,966
Registrar General India BEL2,Madras Security Printers Ltd,3590,344
Registrar General India BEL2,Multiwave Innovation,1192,987
Registrar General India BEL2,Netlink software Pvt Ltd,915,31
Registrar General India BEL2,Nielsen  India  Private Limited,22,6
Registrar General India BEL2,Om Softwares,2295,271
Registrar General India BEL2,SREEVEN INFOCOM LIMITED,56,3
Registrar General India BEL2,Swathy Smartcards Hi-Tech Pvt,43712,8841
Registrar General India BEL2,Swiss Tech India Pvt Ltd,28,214
Registrar General India BEL2,Tera Software Ltd,2153,16341
Registrar General India BEL2,VIRGO SOFTECH LIMITED,20,0
Registrar General India BEL2,Vansh Infotech Pvt Ltd,145,11
Registrar General India BEL2,Vedavaag Systems Limited,1,0
Registrar General India ECIL,AVVAS INFOTECH PVT  LTD,81,1
Registrar General India ECIL,Clairvoyance Technologies Pvt.,180,175
Registrar General India ECIL,Computer LAB,10413,4992
Registrar General India ECIL,Eagle Software India Pvt. Ltd,763,3540
Registrar General India ECIL,In Media Computer Services LLP,638,275
Registrar General India ECIL,India Computer Technology,1368,16103
Registrar General India ECIL,Karvy Data Management Services,87,0
Registrar General India ECIL,Krishna Infotech,877,461
Registrar General India ECIL,Madras Security Printers Ltd,1752,9760
Registrar General India ECIL,Netwing Technologies Pvt Ltd,17,0
Registrar General India ECIL,Nielsen  India  Private Limited,95,0
Registrar General India ECIL,Pioneer E Labs limited,144,15
Registrar General India ECIL,SWISSTECH NPR 57CR PROJECT PVT,6277,2128
Registrar General India ECIL,Tera Software Ltd,1551,4445
Registrar General India ECIL,Vedavaag Systems Limited,7455,2338
Registrar General India Others,AVVAS INFOTECH PVT  LTD,0,10
Registrar General India Others,Alankit Assignments Limited,0,2
Registrar General India Others,COMTECH INSTITUTE OFTECHNOLOGY,5,1
Registrar General India Others,Computer LAB,55,2
Registrar General India Others,Eagle Software India Pvt. Ltd,0,2
Registrar General India Others,In Media Computer Services LLP,0,1
Registrar General India Others,Madras Security Printers Ltd,9,29
Registrar General India Others,Netwing Technologies Pvt Ltd,0,1
Registrar General India Others,Nielsen  India  Private Limited,0,2
Registrar General India Others,SWISSTECH NPR 57CR PROJECT PVT,0,1
Registrar General India Others,Swathy Smartcards Hi-Tech Pvt,202,67
Registrar General India Others,Tera Software Ltd,0,1
Registrar General India Others,Vansh Infotech Pvt Ltd,2,0
Registrar General of India ITI,CommunitiWorks Welfare Society,11,19
Registrar General of India ITI,Eagle Software India Pvt. Ltd,73,18
Registrar General of India ITI,Emdee Digitronics Pvt.Ltd.,8917,4949
Registrar General of India ITI,Madras Security Printers Ltd,0,76
Registrar General of India ITI,Mphasis Ltd,7,0
Registrar General of India ITI,Multiwave Innovation,2,2673
Registrar General of India ITI,Netwing Technologies Pvt Ltd,132,3
Registrar General of India ITI,Nielsen  India  Private Limited,14,8
Registrar General of India ITI,SREEVEN INFOCOM LIMITED,425,19
Registrar General of India ITI,STRATEGIC OUTSOURCING SERVICE,173,7
Registrar General of India ITI,Swathy Smartcards Hi-Tech Pvt,14459,34584
Registrar General of India ITI,TechSmart India Pvt Ltd,149,2596
Registrar General of India ITI,Vedavaag Systems Limited,6,0
Registrar General of India ITI,WEBEL TECHNOLOGY LIMITED,5102,156
STATE BANK OF HYDERABAD,CSS TECHNERGY LIMITED,1,0
STATE BANK OF PATIALA,CSS TECHNERGY LIMITED,8,6
State Bank of Bikaner & Jaipur,Multiwave Innovation,6677,920
State Bank of India,4G IDENTITY SOLUTIONS,4,0
State Bank of India,IL&FS LTD,4,0
State Bank of India,VIRGO SOFTECH LIMITED,0,6
State Bank of Travancore,Tera Software Ltd,43,31
UDD Govt of Jharkhand,Blue Circle Instrument,888,70
UDD Govt of Jharkhand,MKS Enterprises,3794,531
UDD Govt of Jharkhand,Systematic & Advance Const P L,196,15
UDD Govt of Jharkhand,Vayam technologies Ltd,67,3
UIDAI-Registrar,UIDAI-EA,6,1
UT Of Daman and Diu,Alankit Assignments Limited,189,13
UT of Puducherry,Madras Security Printers Ltd,571,77
Union Bank,4G IDENTITY SOLUTIONS,1,0
Union Bank,FINANCIAL INFORMATION NETWORK,2439,1037
Union Bank,Smart Chip Limited,5502,1524
Union Bank,Vakrangee Softwares Limited,11795,1906
