Registrar,Enrolment Agency,Aadhaar generated,Enrolment Rejected
Allahabad Bank,IL&FS LTD,0,3
Allahabad Bank,Tera Software Ltd,1,2
Allahabad Bank,Vakrangee Softwares Limited,12233,2822
Bank Of India,A3 Logics  India  Ltd,7146,336
Bank Of India,Akanksha International,2429,20
Bank Of India,Blue Circle Instrument,1985,4
Bank Of India,CHESSY CONSULTANTS PVT LTD,6251,80
Bank Of India,DATASOFT COMPUTER SERVICES(P),1184,71
Bank Of India,Emdee Digitronics Pvt.Ltd.,603,14
Bank Of India,Frontech Systems Pvt Ltd,1272,280
Bank Of India,ITI LIMITED,5,41
Bank Of India,MANTRA SOFTTECH (INDIA) PVTLTD,2654,102
Bank Of India,Matrix Processing House,17079,633
Bank Of India,OPTIMIX CONSULTANCY PRIVATE LT,0,2
Bank Of India,OSWAL COMPUTERS & CONSULTANTS,8275,1397
Bank Of India,PROTEX COMPUTER PVT LTD,2583,108
Bank Of India,SARADA SYSTEMS,2750,111
Bank Of India,SHRIKRISHNA KHANDASARI SUGAR M,4668,619
Bank Of India,SPANCO,926,139
Bank Of India,SREI INFRASTRUCTURE FINANCES L,4051,232
Bank Of India,Silver Touch Technologies Ltd,4722,107
Bank Of India,Systematic & Advance Const P L,1946,450
Bank Of India,VEETECHNOLOGIES PVT. LTD,1120,76
Bank Of India,Vakrangee Softwares Limited,8648,2378
Bank of Baroda,DATASOFT COMPUTER SERVICES(P),5,0
Bank of Baroda,IL&FS LTD,0,3
Bank of Baroda,TEAM LIFE CARE COMPANY INDIA P,260,58
Bank of Maharashtra,Alankit Finsec Ltd,624,39
Bank of Maharashtra,FINANCIAL INFORMATION NETWORK,65,2
Bank of Maharashtra,Micro Technologies India Ltd,117,5
CSC e-Governance Services India Limited,A I Soc for Electronics and Comp Tech,52,1
CSC e-Governance Services India Limited,Network for Information & Computer,348,6
Central Bank of India,CALANCE SOFTWARE PRIVATE LTD,12515,453
Central Bank of India,Frontech Systems Pvt Ltd,46,1
Central Bank of India,IAP COMPANY Pvt. Ltd,31745,1103
Central Bank of India,IL&FS LTD,4,2
Central Bank of India,MANTRA SOFTTECH (INDIA) PVTLTD,3435,36
Central Bank of India,SREI INFRASTRUCTURE FINANCES L,1,0
Central Bank of India,The Peerless General Finance,461,15
DENA BANK,ATISHAY INFOTECH PVT. LTD.,78,4
DENA BANK,DATASOFT COMPUTER SERVICES(P),365,110
Delhi - Central DC,Smart Chip Limited,401,168
Delhi - East DC,DATASOFT COMPUTER SERVICES(P),2721,765
Delhi - East DC,Tera Software Ltd,3,0
Delhi - ND DC,Smart Chip Limited,24,68
Delhi - NE DC,Alankit Assignments Limited,2,2
Delhi - NE DC,Smart Chip Limited,259,439
Delhi - NE DC,Smart ID,0,1
Delhi - North DC,CALANCE SOFTWARE PRIVATE LTD,258,5
Delhi - North DC,DATASOFT COMPUTER SERVICES(P),3,14
Delhi - North DC,NVR & ASSOCIATES LIMITED,426,25
Delhi - North DC,Smart Chip Limited,161,185
Delhi SW DC,STRATEGIC OUTSOURCING SERVICE,4,0
Delhi SW DC,VIRGO SOFTECH LIMITED,1314,216
Delhi Urban Shelter Improvemen,STRATEGIC OUTSOURCING SERVICE,2,0
Delhi Urban Shelter Improvemen,Tera Software Ltd,3,0
Delhi- South DC,Karvy Computershare Private Li,2654,212
Delhi- South DC,Smart Chip Limited,20,18
Delhi- South DC,Tera Software Ltd,1,0
Delhi- South DC,eCentric solutions pvt ltd,3,0
Delhi- West DC,Smart Chip Limited,129,164
Delhi- West DC,VIRGO SOFTECH LIMITED,1182,238
Delhi-NW DC,Karvy Computershare Private Li,628,211
Delhi-NW DC,STRATEGIC OUTSOURCING SERVICE,4,0
Dept of ITC Govt of Rajasthan,ATISHAY INFOTECH PVT. LTD.,20143,809
Dept of ITC Govt of Rajasthan,AVVAS INFOTECH PVT  LTD,9142,154
Dept of ITC Govt of Rajasthan,Alankit Finsec Ltd,6852,323
Dept of ITC Govt of Rajasthan,DATASOFT COMPUTER SERVICES(P),14614,843
Dept of ITC Govt of Rajasthan,TechSmart India Pvt Ltd,633,26
Dept of ITC Govt of Rajasthan,Transline Technologies P Ltd,4494,172
Dept of ITC Govt of Rajasthan,Vakrangee Softwares Limited,7527,2580
Dept of ITC Govt of Rajasthan,Vayam technologies Ltd,6088,216
FCR Govt of Haryana,Vakrangee Softwares Limited,1982,758
FCS Govt of Punjab,Alankit Assignments Limited,4,0
FCS Govt of Punjab,Alankit Finsec Ltd,8,3
FCS Govt of Punjab,Alankit Life Care Ltd,1,0
FCS Govt of Punjab,CSS TECHNERGY LIMITED,741,140
FCS Govt of Punjab,Delhi Integrated MMTS Ltd,3,0
FCS Govt of Punjab,Diwakar Commercials Pvt Ltd,4,2
FCS Govt of Punjab,Karvy Computershare Private Li,8678,1336
FCS Govt of Punjab,VIRGO SOFTECH LIMITED,5,0
FCS Govt of Punjab,Vayam technologies Ltd,14103,355
FCS Govt of Punjab,eCentric solutions pvt ltd,14438,691
Govt of Andhra Pradesh,Gouthami Educational Society,1597,174
Govt of Andhra Pradesh,GrapeSoft,2483,133
Govt of Andhra Pradesh,IL&FS LTD,8,5
Govt of Andhra Pradesh,INFRONICS SYSTEMS LTD,4400,1013
Govt of Andhra Pradesh,Madras Security Printers Ltd,8,20
Govt of Andhra Pradesh,SREEVEN INFOCOM LIMITED,1803,157
Govt of Andhra Pradesh,TechSmart India Pvt Ltd,783,9
Govt of Andhra Pradesh,Tera Software Ltd,654,160
Govt of Andhra Pradesh,eCentric solutions pvt ltd,40,151
Govt of Goa,COMAT TECHNOLOGIES P LTD,0,1
Govt of Goa,MARS Telecom Systems Pvt Ltd,931,712
Govt of Goa,Tera Software Ltd,9,11
Govt of Gujarat,GSS Infotech Ltd,6578,356
Govt of Gujarat,Karvy Computershare Private Li,5983,384
Govt of Gujarat,Silver Touch Technologies Ltd,7662,295
Govt of Gujarat,Tera Software Ltd,1721,152
Govt of Gujarat,Transline Technologies P Ltd,278,11
Govt of Gujarat,Vayam technologies Ltd,8622,280
Govt of Gujarat,eCentric solutions pvt ltd,2051,247
Govt of Himachal Pradesh,IL&FS LTD,0,2
Govt of Himachal Pradesh,Wipro Ltd,3606,120
Govt of Himachal Pradesh,i-Grandee SoftwareTechnologies,2936,186
Govt of Karnataka ,COMAT TECHNOLOGIES P LTD,1,0
Govt of Karnataka ,GLODYNE TECHNOSERVE,5,0
Govt of Karnataka ,MARS Telecom Systems Pvt Ltd,11417,639
Govt of Karnataka ,Ninestars Information Technologies Limited,4166,374
Govt of Karnataka ,Origin ITFS Pvt Ltd,3799,312
Govt of Karnataka ,SREEVEN INFOCOM LIMITED,2656,659
Govt of Kerala,Akshaya,5568,1476
Govt of Kerala,Keltron,571,1061
Govt of Madhya Pradesh,VIRGO SOFTECH LIMITED,520,3
Govt of Maharashtra,Alankit Assignments Limited,0,2
Govt of Maharashtra,Alankit Finsec Ltd,19768,699
Govt of Maharashtra,Eagle press pvt ltd,1869,38
Govt of Maharashtra,GLODYNE TECHNOSERVE,6,27
Govt of Maharashtra,Karvy Computershare Private Li,8489,826
Govt of Maharashtra,M/s. Vidya Online  Pune,140,0
Govt of Maharashtra,Mahaonline Limited,0,1
Govt of Maharashtra,Narayana Electricals Solution Pvt Ltd,550,0
Govt of Maharashtra,Netlink software Pvt Ltd,821,63
Govt of Maharashtra,Network for Information & Computer,41,4
Govt of Maharashtra,Obel projects Pvt Ltd,101,1
Govt of Maharashtra,Rudranee Infotech Ltd,304,8
Govt of Maharashtra,SHREERAM PRINTING PRESS,533,24
Govt of Maharashtra,STRATEGIC OUTSOURCING SERVICE,5572,174
Govt of Maharashtra,Silver Touch Technologies Ltd,6222,107
Govt of Maharashtra,Systematic & Advance Const P L,86,10
Govt of Maharashtra,TEAM LIFE CARE COMPANY INDIA P,9,1
Govt of Maharashtra,TechSmart India Pvt Ltd,3534,302
Govt of Maharashtra,Tera Software Ltd,211,27
Govt of Maharashtra,Transline Technologies P Ltd,1745,197
Govt of Maharashtra,Wipro Ltd,9460,309
Govt of Sikkim - Dept of Econo,Department of Economics Statistics  Monitoring and Evaluation DESME,327,6
IDBI Bank ltd,ATISHAY INFOTECH PVT. LTD.,2048,100
IDBI Bank ltd,Matrix Processing House,320,56
IDBI Bank ltd,Pioneer E Labs limited,0,3
IDBI Bank ltd,SREEVEN INFOCOM LIMITED,1140,56
IDBI Bank ltd,UTI TECHNOLOGY SERVICES LIMITE,707,107
IGNOU,Vakrangee Softwares Limited,1,0
Indian Overseas Bank,Karvy Computershare Private Li,2,0
Indiapost,4G IDENTITY SOLUTIONS,9,0
Indiapost,Delhi Integrated MMTS Ltd,17415,967
Indiapost,GLODYNE TECHNOSERVE,8,23
Indiapost,MARS Telecom Systems Pvt Ltd,268,112
Indiapost,Smart Chip Limited,137,19
Indiapost,TEAM LIFE CARE COMPANY INDIA P,1955,908
Indiapost,The NSIC ltd,5,3
Indiapost,UTI TECHNOLOGY SERVICES LIMITE,1,2
Indiapost,WEBEL,2,1
Indiapost,eCentric solutions pvt ltd,0,2
Information Technology & Communication Department,4G INFORMATICS,5095,242
Information Technology & Communication Department,BNR UDYOG LIMITED,6028,187
Information Technology & Communication Department,Bloom Solutions Pvt Ltd,3398,949
Information Technology & Communication Department,CSS TECHNERGY LIMITED,6021,121
Information Technology & Communication Department,GDC Advertising Pvt. Limited,7246,619
Information Technology & Communication Department,JYOTHI COMPUTER SERVICES,697,163
Information Technology & Communication Department,MARS Telecom Systems Pvt Ltd,2118,147
Information Technology & Communication Department,SREEVEN INFOCOM LIMITED,543,41
Information Technology & Communication Department,Tera Software Ltd,378,15
Jharkhand,Alankit Assignments Limited,1564,72
Jharkhand,Blue Circle Instrument,336,71
Jharkhand,Emdee Digitronics Pvt.Ltd.,2225,259
Jharkhand,MKS Enterprises,3301,81
Jharkhand,Nevaeh Technology Pvt. Ltd.,329,31
Jharkhand,STRATEGIC OUTSOURCING SERVICE,705,129
Jharkhand,Systematic & Advance Const P L,776,547
Jharkhand,VISION COMPTECH INTEGRATOR LTD,2232,97
Jharkhand,Wipro Ltd,12645,426
Life Insurance Corporation,eCentric solutions pvt ltd,2,5
Mission Convergence - GNCT Del,Karvy Computershare Private Li,2770,114
Mission Convergence - GNCT Del,Matrix Processing House,1,0
Mission Convergence - GNCT Del,STRATEGIC OUTSOURCING SERVICE,2,0
Mission Convergence - GNCT Del,Smart Chip Limited,0,6
Mission Convergence - GNCT Del,Tera Software Ltd,4,0
NSDL e-Governance Infrastructure Limited,Abhipra Capital Ltd,1623,578
NSDL e-Governance Infrastructure Limited,Alankit Assignments Limited,7018,239
NSDL e-Governance Infrastructure Limited,Delhi Integrated MMTS Ltd,8,0
NSDL e-Governance Infrastructure Limited,INTEGRATED REGISTRY SERVICES,26,2
NSDL e-Governance Infrastructure Limited,Karvy Data Management Services,6748,1833
NSDL e-Governance Infrastructure Limited,Netlink software Pvt Ltd,1486,123
NSDL e-Governance Infrastructure Limited,PROWIZ MANSYTEMS PVT LTD,7856,176
NSDL e-Governance Infrastructure Limited,TEAM LIFE CARE COMPANY INDIA P,195,33
NSDL e-Governance Infrastructure Limited,VIRGO SOFTECH LIMITED,4802,111
Oriental Bank of Commerce,DATASOFT COMPUTER SERVICES(P),1779,133
Oriental Bank of Commerce,Euro Finmart Ltd,357,0
Oriental Bank of Commerce,FINANCIAL INFORMATION NETWORK,530,62
Oriental Bank of Commerce,IL&FS LTD,1,5
Oriental Bank of Commerce,JNET Technologies Pvt.Ltd,22,12
Oriental Bank of Commerce,Redim Software Technologies Pvt Ltd,207,14
Oriental Bank of Commerce,Sri Ramraja Sarkar Lok Kalyan Trust,1529,98
Oriental Bank of Commerce,Wipro Ltd,19716,421
RDD Govt of Tripura,Alankit Assignments Limited,25,4
Registrar General India - BEL,In Media Computer Services LLP,171,3
Registrar General India - BEL,Manipur Electronics Dev Corp,11,13
Registrar General India - BEL,Swathy Smartcards Hi-Tech Pvt,7,140
Registrar General India BEL2,Alankit Assignments Limited,1159,4
Registrar General India BEL2,Computer LAB,1052,564
Registrar General India BEL2,India Computer Technology,26737,3650
Registrar General India BEL2,Madras Security Printers Ltd,1622,849
Registrar General India BEL2,Multiwave Innovation,56,1366
Registrar General India BEL2,Netlink software Pvt Ltd,585,24
Registrar General India BEL2,Nielsen  India  Private Limited,212,0
Registrar General India BEL2,Om Softwares,546,301
Registrar General India BEL2,SREEVEN INFOCOM LIMITED,2,85
Registrar General India BEL2,Swathy Smartcards Hi-Tech Pvt,63200,12927
Registrar General India BEL2,Swiss Tech India Pvt Ltd,1063,411
Registrar General India BEL2,Tera Software Ltd,295,2933
Registrar General India BEL2,VIRGO SOFTECH LIMITED,16,4
Registrar General India BEL2,Vansh Infotech Pvt Ltd,376,8
Registrar General India BEL2,Vedavaag Systems Limited,26,0
Registrar General India ECIL,AVVAS INFOTECH PVT  LTD,2080,0
Registrar General India ECIL,Clairvoyance Technologies Pvt.,733,13
Registrar General India ECIL,Computer LAB,56909,17507
Registrar General India ECIL,Eagle Software India Pvt. Ltd,248,1025
Registrar General India ECIL,In Media Computer Services LLP,209,866
Registrar General India ECIL,India Computer Technology,32628,15763
Registrar General India ECIL,Karvy Data Management Services,194,1
Registrar General India ECIL,Krishna Infotech,546,488
Registrar General India ECIL,Madras Security Printers Ltd,11410,8656
Registrar General India ECIL,Nielsen  India  Private Limited,4834,5
Registrar General India ECIL,Pioneer E Labs limited,14,571
Registrar General India ECIL,SWISSTECH NPR 57CR PROJECT PVT,2855,7651
Registrar General India ECIL,Tera Software Ltd,4121,1892
Registrar General India ECIL,Vedavaag Systems Limited,3331,3934
Registrar General India Others,Alankit Assignments Limited,15,0
Registrar General India Others,COMTECH INSTITUTE OFTECHNOLOGY,1,0
Registrar General India Others,Computer LAB,31,11
Registrar General India Others,Eagle Software India Pvt. Ltd,0,3
Registrar General India Others,Emdee Digitronics Pvt.Ltd.,0,1
Registrar General India Others,Esoft Consulting Limited,1,0
Registrar General India Others,Karvy Data Management Services,0,1
Registrar General India Others,Madras Security Printers Ltd,156,11
Registrar General India Others,Mphasis Ltd,2,0
Registrar General India Others,Nielsen  India  Private Limited,23,0
Registrar General India Others,Om Softwares,0,1
Registrar General India Others,SARADA SYSTEMS,1,0
Registrar General India Others,SWISSTECH NPR 57CR PROJECT PVT,0,2
Registrar General India Others,Swathy Smartcards Hi-Tech Pvt,68,268
Registrar General India Others,Swiss Tech India Pvt Ltd,1,0
Registrar General India Others,Vedavaag Systems Limited,2,1
Registrar General India Others,WEBEL TECHNOLOGY LIMITED,0,3
Registrar General of India ITI,CommunitiWorks Welfare Society,206,7
Registrar General of India ITI,Eagle Software India Pvt. Ltd,3198,128
Registrar General of India ITI,Emdee Digitronics Pvt.Ltd.,54403,8161
Registrar General of India ITI,Madras Security Printers Ltd,0,151
Registrar General of India ITI,Mphasis Ltd,3,0
Registrar General of India ITI,Multiwave Innovation,9,2005
Registrar General of India ITI,Netwing Technologies Pvt Ltd,1142,1
Registrar General of India ITI,Nielsen  India  Private Limited,119,5
Registrar General of India ITI,SREEVEN INFOCOM LIMITED,3,165
Registrar General of India ITI,STRATEGIC OUTSOURCING SERVICE,330,28
Registrar General of India ITI,Swathy Smartcards Hi-Tech Pvt,3965,17960
Registrar General of India ITI,TechSmart India Pvt Ltd,3312,7029
Registrar General of India ITI,Vedavaag Systems Limited,79,5
Registrar General of India ITI,WEBEL TECHNOLOGY LIMITED,9035,1359
STATE BANK OF HYDERABAD,CSS TECHNERGY LIMITED,0,3
STATE BANK OF PATIALA,CSS TECHNERGY LIMITED,5,5
State Bank of Bikaner & Jaipur,Multiwave Innovation,11047,888
State Bank of India,4G IDENTITY SOLUTIONS,2,0
State Bank of India,CSS TECHNERGY LIMITED,2,3
State Bank of India,Delhi Integrated MMTS Ltd,0,3
State Bank of India,IL&FS LTD,6,5
State Bank of India,Smart Chip Limited,9,2
State Bank of India,VIRGO SOFTECH LIMITED,2,0
State Bank of Travancore,Tera Software Ltd,36,217
Syndicate Bank,Smart Chip Limited,1,0
UDD Govt of Jharkhand,Blue Circle Instrument,1065,155
UDD Govt of Jharkhand,IL&FS LTD,1,2
UDD Govt of Jharkhand,MKS Enterprises,10220,679
UDD Govt of Jharkhand,Systematic & Advance Const P L,9,21
UDD Govt of Jharkhand,Vayam technologies Ltd,19,4
UIDAI-Registrar,UIDAI-EA,63,1
UT Of Daman and Diu,Alankit Assignments Limited,518,46
UT of Puducherry,Madras Security Printers Ltd,688,155
Union Bank,4G IDENTITY SOLUTIONS,1,0
Union Bank,FINANCIAL INFORMATION NETWORK,13452,550
Union Bank,Smart Chip Limited,10800,1342
Union Bank,Vakrangee Softwares Limited,21076,3784
