Gender,Age Band,Aadhaar generated,Enrolment Rejected
F,0 to 5 Years,16165,2434
F,16 to 30 Years,162767,6449
F,31 to 45 Years,137474,4139
F,46 to 65 Years,106581,3542
F,6 to 15 Years,102575,5508
F,66 Years and Above,27752,1371
M,0 to 5 Years,16296,2509
M,16 to 30 Years,135006,5501
M,31 to 45 Years,106056,3573
M,46 to 65 Years,84364,3305
M,6 to 15 Years,87178,5775
M,66 Years and Above,23097,1169
T,0 to 5 Years,1,0
T,16 to 30 Years,15,1
T,31 to 45 Years,10,0
T,46 to 65 Years,7,0
T,6 to 15 Years,8,1
T,66 Years and Above,4,1
