State,District,Aadhaar generated,Enrolment Rejected
Andaman and Nicobar Islands,South Andaman,82,0
Andhra Pradesh,Adilabad,580,111
Andhra Pradesh,Anantapur,0,9
Andhra Pradesh,Ananthapur,627,10
Andhra Pradesh,Chittoor,451,30
Andhra Pradesh,Cuddapah,247,12
Andhra Pradesh,East Godavari,561,40
Andhra Pradesh,Guntur,258,21
Andhra Pradesh,Hyderabad,1366,140
Andhra Pradesh,Karimnagar,2797,47
Andhra Pradesh,Khammam,1768,24
Andhra Pradesh,Krishna,168,23
Andhra Pradesh,Kurnool,3152,362
Andhra Pradesh,Mahbubnagar,4972,188
Andhra Pradesh,Medak,1329,44
Andhra Pradesh,Nalgonda,981,56
Andhra Pradesh,Nellore,2887,27
Andhra Pradesh,Nizamabad,806,34
Andhra Pradesh,Prakasam,2127,68
Andhra Pradesh,Ranga Reddy,3019,316
Andhra Pradesh,Srikakulam,127,7
Andhra Pradesh,Visakhapatnam,3620,83
Andhra Pradesh,Vizianagaram,1192,18
Andhra Pradesh,Warangal,1499,106
Andhra Pradesh,West Godavari,6058,27
Arunachal Pradesh,Lohit,1,0
Arunachal Pradesh,Papum Pare,14,0
Arunachal Pradesh,West Kameng,26,0
Assam,Baksa,6,0
Assam,Barpeta,2,0
Assam,Bongaigaon,1,0
Assam,Cachar,13,0
Assam,Chirang,4,0
Assam,Darrang,2,0
Assam,Dhemaji,3,0
Assam,Dhubri,8,0
Assam,Dibrugarh,8,0
Assam,Golaghat,2,0
Assam,Hailakandi,7,0
Assam,Jorhat,3,0
Assam,Kamrup,8,0
Assam,Kamrup Metro,2,0
Assam,Karbi Anglong,1,0
Assam,Karimganj,5,0
Assam,Kokrajhar,1,0
Assam,Lakhimpur,3,0
Assam,Marigaon,1,0
Assam,Nagaon,11,0
Assam,Nalbari,2,0
Assam,North Cachar Hills,1,0
Assam,Sibsagar,5,0
Assam,Sonitpur,7,0
Assam,Tinsukia,2,0
Assam,Udalguri,2,0
Bihar,Araria,43,1
Bihar,Arwal,1752,22
Bihar,Aurangabad,80,2
Bihar,Banka,61,2
Bihar,Begusarai,71,0
Bihar,Bhagalpur,84,3
Bihar,Bhojpur,81,3
Bihar,Buxar,56,2
Bihar,Darbhanga,4325,381
Bihar,East Champaran,109,1
Bihar,Gaya,259,1
Bihar,Gopalganj,3644,182
Bihar,Jamui,137,2
Bihar,Jehanabad,32,2
Bihar,Kaimur (Bhabua),30,0
Bihar,Katihar,5328,27
Bihar,Khagaria,36,1
Bihar,Kishanganj,1754,51
Bihar,Lakhisarai,14,1
Bihar,Madhepura,35,3
Bihar,Madhubani,125,0
Bihar,Munger,48,0
Bihar,Muzaffarpur,154,3
Bihar,Nalanda,3739,30
Bihar,Nawada,267,4
Bihar,Patna,1055,32
Bihar,Purnia,64,1
Bihar,Rohtas,659,7
Bihar,Saharsa,1735,5
Bihar,Samastipur,83,0
Bihar,Saran,129,2
Bihar,Sheikhpura,251,5
Bihar,Sheohar,2106,15
Bihar,Sitamarhi,82,2
Bihar,Siwan,130,4
Bihar,Supaul,57,1
Bihar,Vaishali,2313,6
Bihar,West Champaran,48,0
Chandigarh,Chandigarh,510,53
Chhattisgarh,Balod,45,0
Chhattisgarh,Baloda Bazar,5,0
Chhattisgarh,Balrampur,3,0
Chhattisgarh,Bastar,8,1
Chhattisgarh,Bemetara,12,0
Chhattisgarh,Bilaspur,45,0
Chhattisgarh,Dhamtari,667,5
Chhattisgarh,Durg,88,0
Chhattisgarh,Gariyaband,66,1
Chhattisgarh,Janjgir Champa,1064,6
Chhattisgarh,Jashpur,8,0
Chhattisgarh,Kawardha,7,0
Chhattisgarh,Korba,3710,14
Chhattisgarh,Koriya,1313,15
Chhattisgarh,Mahasamund,440,3
Chhattisgarh,Mungeli,522,1
Chhattisgarh,Raigarh,146,2
Chhattisgarh,Raipur,640,7
Chhattisgarh,Rajnandgaon,464,0
Chhattisgarh,Surajpur,267,1
Chhattisgarh,Surguja,11,0
Dadra and Nagar Haveli,Dadra and Nagar Haveli,2388,6
Daman and Diu,Daman,34,2
Daman and Diu,Diu,1,0
Delhi,Central Delhi,638,65
Delhi,East Delhi,1391,102
Delhi,Najafgarh,11,0
Delhi,New Delhi,43,3
Delhi,North Delhi,418,36
Delhi,North East,37,17
Delhi,North East Delhi,1493,122
Delhi,North West Delhi,1954,172
Delhi,South Delhi,1695,133
Delhi,South West Delhi,1308,242
Delhi,West Delhi,1919,133
Goa,Bardez,4,0
Goa,Bicholim,1,0
Goa,North Goa,115,1
Goa,South Goa,52,0
Gujarat,Ahmedabad,7629,66
Gujarat,Amreli,2575,7
Gujarat,Anand,3290,6
Gujarat,Banaskantha,6576,19
Gujarat,Bharuch,4839,215
Gujarat,Bhavnagar,2535,23
Gujarat,Dahod,3893,105
Gujarat,Gandhinagar,2715,8
Gujarat,Jamnagar,4514,22
Gujarat,Junagadh,4526,104
Gujarat,Kachchh,2998,45
Gujarat,Kheda,2371,19
Gujarat,Mahesana,5284,13
Gujarat,Narmada,266,2
Gujarat,Navsari,2209,7
Gujarat,Panchmahal,3485,148
Gujarat,Patan,1713,51
Gujarat,Porbandar,171,6
Gujarat,Rajkot,4985,86
Gujarat,Sabarkantha,3098,56
Gujarat,Surat,12119,108
Gujarat,Surendranagar,4945,19
Gujarat,Tapi,2280,40
Gujarat,The Dangs,157,0
Gujarat,Vadodara,8078,79
Gujarat,Valsad,2565,73
Haryana,Ambala,1061,59
Haryana,Bhiwani,8881,62
Haryana,Faridabad,3315,179
Haryana,Fatehabad,6933,88
Haryana,Gurgaon,3061,148
Haryana,Hisar,7925,90
Haryana,Jhajjar,3343,32
Haryana,Jind,4116,125
Haryana,Kaithal,1418,42
Haryana,Karnal,3310,163
Haryana,Kurukshetra,2109,36
Haryana,Mahendragarh,4397,35
Haryana,Mewat,3423,243
Haryana,Palwal,2113,112
Haryana,Panchkula,391,20
Haryana,Panipat,4703,93
Haryana,Rewari,3175,38
Haryana,Rohtak,2028,37
Haryana,Sirsa,3545,76
Haryana,Sonipat,810,85
Haryana,Yamuna Nagar,4252,62
Himachal Pradesh,Bilaspur,52,0
Himachal Pradesh,Chamba,140,4
Himachal Pradesh,Hamirpur,81,8
Himachal Pradesh,Kangra,739,21
Himachal Pradesh,Kinnaur,7,0
Himachal Pradesh,Kullu,34,9
Himachal Pradesh,Lahul and Spiti,6,0
Himachal Pradesh,Mandi,86,9
Himachal Pradesh,Shimla,193,17
Himachal Pradesh,Sirmaur,140,16
Himachal Pradesh,Solan,111,32
Himachal Pradesh,Una,70,12
Jammu and Kashmir,Anantnag,716,9
Jammu and Kashmir,Badgam,532,2
Jammu and Kashmir,Bandipore,406,1
Jammu and Kashmir,Baramula,22,0
Jammu and Kashmir,Doda,1099,15
Jammu and Kashmir,Jammu,315,3
Jammu and Kashmir,Kargil,785,7
Jammu and Kashmir,Kathua,719,2
Jammu and Kashmir,Kupwara,1044,11
Jammu and Kashmir,Leh,1170,5
Jammu and Kashmir,Pulwama,42,0
Jammu and Kashmir,Punch,3,0
Jammu and Kashmir,Rajouri,5,0
Jammu and Kashmir,Reasi,11,15
Jammu and Kashmir,Srinagar,801,2
Jammu and Kashmir,Udhampur,192,1
Jharkhand,Bokaro,373,53
Jharkhand,Chatra,1657,92
Jharkhand,Deoghar,848,62
Jharkhand,Dhanbad,1076,96
Jharkhand,Dumka,415,74
Jharkhand,East Singhbhum,880,9
Jharkhand,Garhwa,1732,128
Jharkhand,Giridih,669,77
Jharkhand,Godda,1538,75
Jharkhand,Gumla,282,71
Jharkhand,Hazaribagh,431,77
Jharkhand,Jamtara,568,78
Jharkhand,Khunti,61,7
Jharkhand,Koderma,425,62
Jharkhand,Latehar,2533,80
Jharkhand,Lohardaga,74,6
Jharkhand,Pakur,1005,61
Jharkhand,Palamu,798,89
Jharkhand,Ramgarh,163,33
Jharkhand,Ranchi,367,62
Jharkhand,Sahibganj,2916,78
Jharkhand,Seraikela-Kharsawan,243,27
Jharkhand,Simdega,1032,24
Jharkhand,West Singhbhum,506,80
Karnataka,Bagalkot,2849,24
Karnataka,Bangalore,13803,490
Karnataka,Bangalore Rural,1600,68
Karnataka,Belgaum,11726,879
Karnataka,Bellary,10146,100
Karnataka,Bidar,2492,123
Karnataka,Bijapur,1617,35
Karnataka,Bijapur(KAR),2,0
Karnataka,Chamarajanagar,1931,38
Karnataka,Chikkaballapur,539,90
Karnataka,Chikmagalur,1975,11
Karnataka,Chitradurga,3184,61
Karnataka,Dakshina Kannada,3539,116
Karnataka,Davangere,1022,8
Karnataka,Dharwad,265,17
Karnataka,Gadag,220,2
Karnataka,Gulbarga,1904,49
Karnataka,Hassan,5119,55
Karnataka,Haveri,240,5
Karnataka,Kodagu,72,2
Karnataka,Kolar,3542,211
Karnataka,Koppal,646,46
Karnataka,Mandya,2900,55
Karnataka,Mysore,395,21
Karnataka,Raichur,2755,23
Karnataka,Ramanagar,4093,54
Karnataka,Shimoga,4565,67
Karnataka,Tumkur,300,15
Karnataka,Udupi,470,23
Karnataka,Uttara Kannada,1031,9
Karnataka,Yadgir,1654,57
Kerala,Alappuzha,579,18
Kerala,Ernakulam,1153,16
Kerala,Idukki,152,3
Kerala,Kannur,1013,10
Kerala,Kasaragod,372,21
Kerala,Kollam,508,17
Kerala,Kottayam,741,7
Kerala,Kozhikode,646,22
Kerala,Malappuram,982,16
Kerala,Palakkad,644,11
Kerala,Pathanamthitta,283,33
Kerala,Thiruvananthapuram,976,20
Kerala,Thrissur,1386,26
Kerala,Wayanad,61,31
Lakshadweep,Lakshadweep,5,0
Madhya Pradesh,Alirajpur,1668,475
Madhya Pradesh,Anuppur,2868,306
Madhya Pradesh,Ashok Nagar,567,23
Madhya Pradesh,Balaghat,6154,242
Madhya Pradesh,Barwani,1587,163
Madhya Pradesh,Betul,4432,82
Madhya Pradesh,Bhind,1376,67
Madhya Pradesh,Bhopal,1228,84
Madhya Pradesh,Burhanpur,165,19
Madhya Pradesh,Chhatarpur,5037,254
Madhya Pradesh,Chhindwara,6400,218
Madhya Pradesh,Damoh,2890,79
Madhya Pradesh,Datia,782,127
Madhya Pradesh,Dewas,735,43
Madhya Pradesh,Dhar,4275,294
Madhya Pradesh,Dindori,4032,291
Madhya Pradesh,Guna,1198,117
Madhya Pradesh,Gwalior,1719,128
Madhya Pradesh,Harda,124,8
Madhya Pradesh,Hoshangabad,132,8
Madhya Pradesh,Indore,2302,152
Madhya Pradesh,Jabalpur,2036,176
Madhya Pradesh,Jhabua,1952,1348
Madhya Pradesh,Katni,2249,225
Madhya Pradesh,Khandwa,139,30
Madhya Pradesh,Khargone,3269,165
Madhya Pradesh,Mandla,2609,187
Madhya Pradesh,Mandsaur,845,121
Madhya Pradesh,Morena,2164,96
Madhya Pradesh,Narsinghpur,2359,128
Madhya Pradesh,Neemuch,350,17
Madhya Pradesh,Panna,2359,61
Madhya Pradesh,Raisen,2563,241
Madhya Pradesh,Rajgarh,1364,95
Madhya Pradesh,Ratlam,791,49
Madhya Pradesh,Rewa,6095,399
Madhya Pradesh,Sagar,4280,201
Madhya Pradesh,Satna,6330,349
Madhya Pradesh,Sehore,2319,196
Madhya Pradesh,Seoni,2567,427
Madhya Pradesh,Shahdol,2747,290
Madhya Pradesh,Shajapur,495,34
Madhya Pradesh,Sheopur,187,6
Madhya Pradesh,Shivpuri,1538,129
Madhya Pradesh,Sidhi,3521,123
Madhya Pradesh,Singrauli,3268,237
Madhya Pradesh,Tikamgarh,1766,113
Madhya Pradesh,Ujjain,4245,219
Madhya Pradesh,Umaria,2741,91
Madhya Pradesh,Vidisha,1244,255
Maharashtra,Ahmednagar,3857,65
Maharashtra,Akola,1516,31
Maharashtra,Amravati,513,38
Maharashtra,Aurangabad,2501,91
Maharashtra,Beed,2571,44
Maharashtra,Bhandara,1336,46
Maharashtra,Buldhana,3632,41
Maharashtra,Chandrapur,1092,156
Maharashtra,Dhule,871,35
Maharashtra,Gadchiroli,2030,41
Maharashtra,Gondia,638,80
Maharashtra,Hingoli,2730,18
Maharashtra,Jalgaon,1614,33
Maharashtra,Jalna,2036,46
Maharashtra,Kolhapur,5135,30
Maharashtra,Latur,1286,24
Maharashtra,Mumbai,2972,59
Maharashtra,Nagpur,3396,148
Maharashtra,Nanded,4193,52
Maharashtra,Nandurbar,834,33
Maharashtra,Nashik,7998,99
Maharashtra,Osmanabad,2016,60
Maharashtra,Parbhani,3348,10
Maharashtra,Pune,4031,112
Maharashtra,Raigad,4203,32
Maharashtra,Ratnagiri,1261,23
Maharashtra,Sangli,1774,49
Maharashtra,Satara,2905,39
Maharashtra,Sindhudurg,1622,17
Maharashtra,Solapur,3913,44
Maharashtra,Thane,5081,207
Maharashtra,Wardha,447,18
Maharashtra,Washim,2008,18
Maharashtra,Yavatmal,4523,45
Manipur,Bishnupur,2,0
Manipur,Chandel,74,1
Manipur,Churachandpur,373,8
Manipur,Imphal East,1331,2
Manipur,Imphal West,3749,0
Manipur,Senapati,14,0
Manipur,Tamenglong,238,4
Manipur,Thoubal,235,0
Manipur,Ukhrul,2,0
Meghalaya,East Khasi Hills,14,0
Meghalaya,Jaintia Hills,1,0
Mizoram,Aizawl,3,0
Mizoram,Mammit,1,0
Mizoram,Saiha,1,0
Nagaland,Dimapur,5,0
Nagaland,Kiphire,1,0
Nagaland,Kohima,1,0
Nagaland,Mokokchung,1,0
Nagaland,Mon,2,0
Nagaland,Phek,0,6
Nagaland,Tuensang,0,12
Nagaland,Wokha,5,1
Odisha,Angul,8,0
Odisha,Anugul,2743,4
Odisha,Balangir,69,0
Odisha,Baleswar,677,1380
Odisha,Bargarh,2086,354
Odisha,Baudh,279,0
Odisha,Bhadrak,2057,9
Odisha,Cuttack,1441,6
Odisha,Debagarh,24,2
Odisha,Dhenkanal,1271,16
Odisha,Gajapati,3252,13
Odisha,Ganjam,2381,109
Odisha,Jagatsinghapur,225,10
Odisha,Jajapur,7101,2282
Odisha,Jharsuguda,21,0
Odisha,Kalahandi,2,0
Odisha,Kandhamal,2450,53
Odisha,Kendrapara,236,22
Odisha,Kendujhar,3456,1588
Odisha,Khorda,33,0
Odisha,Khordha,127,2
Odisha,Koraput,1183,41
Odisha,Malkangiri,3,0
Odisha,Mayurbhanj,7799,1915
Odisha,Nabarangapur,8533,43
Odisha,Nayagarh,1013,70
Odisha,Nuapada,941,0
Odisha,Puri,10,1
Odisha,Rayagada,2,1
Odisha,Sambalpur,1933,282
Odisha,Sonapur,14,5
Odisha,Sundergarh,1772,157
Others,Others,974,8203
Puducherry,Karaikal,65,1
Puducherry,Puducherry,111,3
Puducherry,Yanam,2,2
Punjab,Amritsar,2850,167
Punjab,Barnala,186,13
Punjab,Bathinda,999,62
Punjab,Faridkot,226,4
Punjab,Fatehgarh Sahib,172,14
Punjab,Fazilka,1195,84
Punjab,Firozpur,1230,22
Punjab,Gurdaspur,1374,62
Punjab,Hoshiarpur,2335,55
Punjab,Jalandhar,1048,45
Punjab,Kapurthala,431,18
Punjab,Ludhiana,2168,104
Punjab,Mansa,4021,55
Punjab,Moga,572,52
Punjab,Muktsar,7,1
Punjab,Pathankot,481,23
Punjab,Patiala,4305,241
Punjab,Rupnagar,382,11
Punjab,SAS Nagar (Mohali),1621,43
Punjab,Sangrur,4822,122
Punjab,Shaheed Bhagat Singh Nagar,199,9
Punjab,Sri Muktsar Sahib,835,41
Punjab,Tarn Taran,3186,188
Rajasthan,Ajmer,1176,712
Rajasthan,Alwar,2169,233
Rajasthan,Banswara,3358,312
Rajasthan,Baran,743,99
Rajasthan,Barmer,3396,940
Rajasthan,Bharatpur,3812,208
Rajasthan,Bhilwara,6271,312
Rajasthan,Bikaner,2426,109
Rajasthan,Bundi,912,25
Rajasthan,Chittorgarh,3827,183
Rajasthan,Churu,2174,52
Rajasthan,Dausa,775,117
Rajasthan,Dholpur,1718,43
Rajasthan,Dungarpur,3023,137
Rajasthan,Ganganagar,4401,119
Rajasthan,Hanumangarh,2790,221
Rajasthan,Jaipur,10412,609
Rajasthan,Jaisalmer,2605,49
Rajasthan,Jalor,2205,745
Rajasthan,Jhalawar,1877,285
Rajasthan,Jhunjhunu,1554,89
Rajasthan,Jodhpur,6634,315
Rajasthan,Karauli,1995,58
Rajasthan,Kota,1332,124
Rajasthan,Nagaur,5771,277
Rajasthan,Pali,1518,90
Rajasthan,Pratapgarh,1387,109
Rajasthan,Rajsamand,1107,309
Rajasthan,Sawai Madhopur,1702,80
Rajasthan,Sikar,7406,262
Rajasthan,Sirohi,1348,210
Rajasthan,Tonk,2617,86
Rajasthan,Udaipur,2377,426
Sikkim,East Sikkim,29,0
Sikkim,North Sikkim,6,0
Sikkim,South Sikkim,18,0
Sikkim,West Sikkim,23,13
Tamil Nadu,Ariyalur,730,25
Tamil Nadu,Chennai,14937,66
Tamil Nadu,Coimbatore,10565,114
Tamil Nadu,Cuddalore,882,3
Tamil Nadu,Dharmapuri,2797,94
Tamil Nadu,Dindigul,4459,81
Tamil Nadu,Erode,1113,15
Tamil Nadu,Kancheepuram,6552,84
Tamil Nadu,Kanyakumari,7780,18
Tamil Nadu,Karur,607,68
Tamil Nadu,Krishnagiri,8777,53
Tamil Nadu,Madurai,2299,11
Tamil Nadu,Nagapattinam,2614,14
Tamil Nadu,Namakkal,3807,38
Tamil Nadu,Nilgiris,1,0
Tamil Nadu,Perambalur,210,0
Tamil Nadu,Pudukkottai,1444,11
Tamil Nadu,Ramanathapuram,778,13
Tamil Nadu,Salem,6394,40
Tamil Nadu,Sivaganga,3101,72
Tamil Nadu,Thanjavur,8551,7
Tamil Nadu,The Nilgiris,2706,9
Tamil Nadu,Theni,3227,29
Tamil Nadu,Thiruvarur,901,8
Tamil Nadu,Thoothukudi,4478,48
Tamil Nadu,Tiruchirappalli,1540,2
Tamil Nadu,Tirunelveli,15765,103
Tamil Nadu,Tirupur,7380,35
Tamil Nadu,Tiruvallur,17017,102
Tamil Nadu,Tiruvannamalai,3982,307
Tamil Nadu,Tiruvarur,0,1
Tamil Nadu,Vellore,17642,332
Tamil Nadu,Viluppuram,4804,114
Tamil Nadu,Virudhunagar,7465,14
Tripura,Dhalai,618,0
Tripura,Gomati,14,0
Tripura,Khowai,3,0
Tripura,North Tripura,982,0
Tripura,Sepahijala,6,0
Tripura,South Tripura,337,0
Tripura,Unakoti,13,0
Tripura,West Tripura,621,0
Uttar Pradesh,Agra,642,19
Uttar Pradesh,Aligarh,276,32
Uttar Pradesh,Allahabad,2449,35
Uttar Pradesh,Ambedkar Nagar,95,1
Uttar Pradesh,Amethi,3402,56
Uttar Pradesh,Amroha,2126,10
Uttar Pradesh,Auraiya,28,0
Uttar Pradesh,Azamgarh,2583,41
Uttar Pradesh,Baghpat,341,2
Uttar Pradesh,Bahraich,34,2
Uttar Pradesh,Ballia,1441,12
Uttar Pradesh,Balrampur,2946,11
Uttar Pradesh,Banda,581,6
Uttar Pradesh,Barabanki,258,16
Uttar Pradesh,Bareilly,2135,62
Uttar Pradesh,Basti,344,4
Uttar Pradesh,Bijnor,3256,91
Uttar Pradesh,Budaun,39,1
Uttar Pradesh,Bulandshahr,384,13
Uttar Pradesh,Chandauli,2379,56
Uttar Pradesh,Chitrakoot,5762,59
Uttar Pradesh,Deoria,1024,6
Uttar Pradesh,Etah,47,7
Uttar Pradesh,Etawah,1981,56
Uttar Pradesh,Faizabad,1212,9
Uttar Pradesh,Farrukhabad,1207,5
Uttar Pradesh,Fatehpur,2577,14
Uttar Pradesh,Firozabad,62,16
Uttar Pradesh,Gautam Buddha Nagar,797,52
Uttar Pradesh,Ghaziabad,2192,85
Uttar Pradesh,Ghazipur,2785,95
Uttar Pradesh,Gonda,3332,19
Uttar Pradesh,Gorakhpur,1241,6
Uttar Pradesh,Hamirpur,383,17
Uttar Pradesh,Hardoi,62,4
Uttar Pradesh,Hathras,1035,11
Uttar Pradesh,Jalaun,279,1
Uttar Pradesh,Jaunpur,138,1
Uttar Pradesh,Jhansi,856,49
Uttar Pradesh,Kannauj,467,8
Uttar Pradesh,Kanpur Dehat,165,2
Uttar Pradesh,Kanpur Nagar,1398,22
Uttar Pradesh,Kasganj,46,1
Uttar Pradesh,Kaushambi,933,1
Uttar Pradesh,Kheri,776,1
Uttar Pradesh,Kushinagar,895,6
Uttar Pradesh,Lalitpur,6,0
Uttar Pradesh,Lucknow,790,5
Uttar Pradesh,Maharajganj,2581,9
Uttar Pradesh,Mahoba,1847,50
Uttar Pradesh,Mainpuri,877,61
Uttar Pradesh,Mathura,216,7
Uttar Pradesh,Mau,50,1
Uttar Pradesh,Meerut,500,3
Uttar Pradesh,Mirzapur,41,3
Uttar Pradesh,Moradabad,417,0
Uttar Pradesh,Muzaffarnagar,357,7
Uttar Pradesh,Pilibhit,2756,54
Uttar Pradesh,Pratapgarh,3664,16
Uttar Pradesh,Raebareli,12611,173
Uttar Pradesh,Rampur,5,0
Uttar Pradesh,Saharanpur,1283,12
Uttar Pradesh,Sambhal,19,1
Uttar Pradesh,Sant Kabir Nagar,6115,89
Uttar Pradesh,Sant Ravidas Nagar,2282,4
Uttar Pradesh,Sant Ravidas Nagar Bhadohi,2,0
Uttar Pradesh,Shahjahanpur,1412,4
Uttar Pradesh,Shamli,39,0
Uttar Pradesh,Shrawasti,423,0
Uttar Pradesh,Siddharthnagar,121,2
Uttar Pradesh,Sitapur,4,1
Uttar Pradesh,Sonbhadra,698,19
Uttar Pradesh,Sultanpur,42,1
Uttar Pradesh,Unnao,838,11
Uttar Pradesh,Varanasi,4092,81
Uttarakhand,Almora,37,1
Uttarakhand,Bageshwar,316,1
Uttarakhand,Chamoli,25,1
Uttarakhand,Champawat,100,3
Uttarakhand,Dehradun,293,3
Uttarakhand,Garhwal,1,0
Uttarakhand,Haridwar,3831,13
Uttarakhand,Nainital,66,15
Uttarakhand,Pauri Garhwal,40,1
Uttarakhand,Pithoragarh,10,1
Uttarakhand,Rudraprayag,15,0
Uttarakhand,Tehri Garhwal,2687,16
Uttarakhand,Udham Singh Nagar,356,9
Uttarakhand,Uttarkashi,1,0
West Bengal,Bankura,1768,42
West Bengal,Bardhaman,19117,1341
West Bengal,Birbhum,18270,829
West Bengal,Cooch Behar,903,17
West Bengal,Dakshin Dinajpur,1,2
West Bengal,Darjeeling,2087,8
West Bengal,East Midnapore,6653,3748
West Bengal,Hooghly,3608,7
West Bengal,Howrah,1414,144
West Bengal,Jalpaiguri,4090,18
West Bengal,Kolkata,891,293
West Bengal,Malda,2348,14
West Bengal,Medinipur,1280,3112
West Bengal,Murshidabad,4547,32
West Bengal,Nadia,7218,32
West Bengal,North 24 Parganas,4653,3373
West Bengal,North Dinajpur,1380,31
West Bengal,Purulia,1207,93
West Bengal,South 24 Parganas,10438,21
West Bengal,South Dinajpur,745,1
West Bengal,South Twenty Four Parganas,278,47
West Bengal,West Midnapore,1569,928
