State,District,Aadhaar generated,Enrolment Rejected
Andaman and Nicobar Islands,North And Middle Andaman,1,0
Andaman and Nicobar Islands,South Andaman,79,0
Andhra Pradesh,Adilabad,433,90
Andhra Pradesh,Ananthapur,1211,103
Andhra Pradesh,Chittoor,284,23
Andhra Pradesh,Cuddapah,308,48
Andhra Pradesh,East Godavari,687,44
Andhra Pradesh,Guntur,881,65
Andhra Pradesh,Hyderabad,1193,104
Andhra Pradesh,Karimnagar,765,652
Andhra Pradesh,Khammam,1286,470
Andhra Pradesh,Krishna,366,31
Andhra Pradesh,Kurnool,4350,1352
Andhra Pradesh,Mahbubnagar,5064,987
Andhra Pradesh,Medak,1085,207
Andhra Pradesh,Nalgonda,1073,86
Andhra Pradesh,Nellore,1602,162
Andhra Pradesh,Nizamabad,1831,277
Andhra Pradesh,Prakasam,598,144
Andhra Pradesh,Ranga Reddy,2171,346
Andhra Pradesh,Srikakulam,153,38
Andhra Pradesh,Visakhapatnam,5365,478
Andhra Pradesh,Vizianagaram,1679,156
Andhra Pradesh,Warangal,756,452
Andhra Pradesh,West Godavari,2884,207
Arunachal Pradesh,East Siang,1,0
Arunachal Pradesh,Lohit,1,0
Arunachal Pradesh,Papum Pare,139,0
Arunachal Pradesh,Upper Siang,1,0
Arunachal Pradesh,West Kameng,159,3
Arunachal Pradesh,West Siang,1,0
Assam,Baksa,1,0
Assam,Barpeta,11,0
Assam,Bongaigaon,9,0
Assam,Cachar,21,0
Assam,Chirang,1,0
Assam,Darrang,1,1
Assam,Dhemaji,2,0
Assam,Dhubri,5,0
Assam,Dibrugarh,1,0
Assam,Goalpara,3,0
Assam,Golaghat,3,0
Assam,Hailakandi,10,0
Assam,Jorhat,4,0
Assam,Kamrup,16,0
Assam,Kamrup Metro,2,0
Assam,Karbi Anglong,5,0
Assam,Karimganj,5,0
Assam,Kokrajhar,4,0
Assam,Lakhimpur,1,0
Assam,Marigaon,2,0
Assam,Nagaon,12,0
Assam,North Cachar Hills,2,0
Assam,Sibsagar,3,0
Assam,Sonitpur,8,0
Assam,Tinsukia,4,0
Assam,Udalguri,5,1
Bihar,Araria,55,1
Bihar,Arwal,377,10
Bihar,Aurangabad,89,7
Bihar,Banka,95,17
Bihar,Begusarai,88,7
Bihar,Bhabua,1,0
Bihar,Bhagalpur,1624,85
Bihar,Bhojpur,89,5
Bihar,Buxar,47,3
Bihar,Darbhanga,1260,440
Bihar,East Champaran,384,16
Bihar,Gaya,324,12
Bihar,Gopalganj,1959,1013
Bihar,Jamui,455,25
Bihar,Jehanabad,33,2
Bihar,Kaimur (Bhabua),64,0
Bihar,Katihar,11129,1046
Bihar,Khagaria,29,4
Bihar,Kishanganj,11759,142
Bihar,Lakhisarai,35,4
Bihar,Madhepura,26,5
Bihar,Madhubani,194,12
Bihar,Munger,70,3
Bihar,Muzaffarpur,184,8
Bihar,Nalanda,2179,189
Bihar,Nawada,103,10
Bihar,Patna,2195,343
Bihar,Purnia,50,7
Bihar,Rohtas,385,47
Bihar,Saharsa,300,5
Bihar,Samastipur,117,8
Bihar,Saran,183,7
Bihar,Sheikhpura,24,1
Bihar,Sheohar,606,13
Bihar,Sitamarhi,88,69
Bihar,Siwan,172,6
Bihar,Supaul,45,4
Bihar,Vaishali,230,17
Bihar,West Champaran,76,3
Chandigarh,Chandigarh,410,26
Chhattisgarh,Balod,12,2
Chhattisgarh,Baloda Bazar,9,1
Chhattisgarh,Balrampur,2,0
Chhattisgarh,Bastar,12,0
Chhattisgarh,Bemetara,49,4
Chhattisgarh,Bilaspur,32,0
Chhattisgarh,Dhamtari,232,12
Chhattisgarh,Durg,506,24
Chhattisgarh,Gariyaband,952,8
Chhattisgarh,Janjgir Champa,1480,575
Chhattisgarh,Janjgir-champa,121,9
Chhattisgarh,Jashpur,11,0
Chhattisgarh,Kanker,1,0
Chhattisgarh,Kawardha,14,0
Chhattisgarh,Korba,1822,85
Chhattisgarh,Koriya,1095,45
Chhattisgarh,Mahasamund,964,328
Chhattisgarh,Mungeli,307,0
Chhattisgarh,Raigarh,843,33
Chhattisgarh,Raipur,2142,21
Chhattisgarh,Rajnandgaon,179,1
Chhattisgarh,Surajpur,1064,2
Chhattisgarh,Surguja,12,0
Dadra and Nagar Haveli,Dadra and Nagar Haveli,309,172
Daman and Diu,Daman,66,1
Daman and Diu,Diu,1,0
Delhi,Central Delhi,534,57
Delhi,East Delhi,982,125
Delhi,New Delhi,51,4
Delhi,North Delhi,264,33
Delhi,North East,16,0
Delhi,North East Delhi,456,388
Delhi,North West Delhi,1269,280
Delhi,South Delhi,2363,367
Delhi,South West Delhi,608,61
Delhi,West Delhi,966,123
Goa,North Goa,155,4
Goa,South Goa,388,1
Gujarat,Ahmedabad,11184,209
Gujarat,Amreli,4939,178
Gujarat,Anand,3747,184
Gujarat,Banaskantha,7454,155
Gujarat,Bharuch,7835,206
Gujarat,Bhavnagar,5939,264
Gujarat,Dahod,5093,100
Gujarat,Gandhinagar,1348,49
Gujarat,Jamnagar,2853,72
Gujarat,Junagadh,6706,193
Gujarat,Kachchh,1969,33
Gujarat,Kheda,2857,123
Gujarat,Mahesana,8898,85
Gujarat,Narmada,500,12
Gujarat,Navsari,2234,197
Gujarat,Panchmahal,2783,117
Gujarat,Patan,2838,356
Gujarat,Porbandar,554,36
Gujarat,Rajkot,10248,180
Gujarat,Sabarkantha,1830,80
Gujarat,Surat,9743,747
Gujarat,Surendranagar,2856,45
Gujarat,Tapi,1164,63
Gujarat,The Dangs,372,3
Gujarat,Vadodara,13863,213
Gujarat,Valsad,5284,89
Haryana,Ambala,348,45
Haryana,Bhiwani,2074,143
Haryana,Faridabad,2946,233
Haryana,Fatehabad,849,46
Haryana,Gurgaon,1795,147
Haryana,Hisar,1492,494
Haryana,Jhajjar,699,48
Haryana,Jind,1121,273
Haryana,Kaithal,579,116
Haryana,Karnal,1043,80
Haryana,Kurukshetra,718,110
Haryana,Mahendragarh,1237,37
Haryana,Mewat,3484,869
Haryana,Palwal,581,87
Haryana,Panchkula,180,29
Haryana,Panipat,1013,279
Haryana,Rewari,959,135
Haryana,Rohtak,688,100
Haryana,Sirsa,1077,114
Haryana,Sonipat,303,18
Haryana,Yamuna Nagar,1733,386
Himachal Pradesh,Bilaspur,125,1
Himachal Pradesh,Chamba,133,4
Himachal Pradesh,Hamirpur,106,2
Himachal Pradesh,Kangra,767,21
Himachal Pradesh,Kinnaur,109,2
Himachal Pradesh,Kullu,52,3
Himachal Pradesh,Lahul and Spiti,6,0
Himachal Pradesh,Mandi,137,23
Himachal Pradesh,Shimla,232,17
Himachal Pradesh,Sirmaur,207,14
Himachal Pradesh,Solan,113,13
Himachal Pradesh,Una,68,1
Jammu and Kashmir,Anantnag,2746,5
Jammu and Kashmir,Badgam,71,0
Jammu and Kashmir,Bandipore,1,1
Jammu and Kashmir,Baramula,322,0
Jammu and Kashmir,Doda,608,44
Jammu and Kashmir,Jammu,348,3
Jammu and Kashmir,Kargil,63,5
Jammu and Kashmir,Kathua,147,3
Jammu and Kashmir,Kupwara,501,1
Jammu and Kashmir,Leh,16,2
Jammu and Kashmir,Pulwama,58,0
Jammu and Kashmir,Punch,3,0
Jammu and Kashmir,Rajouri,7,0
Jammu and Kashmir,Reasi,9,98
Jammu and Kashmir,Srinagar,1050,2
Jammu and Kashmir,Udhampur,100,0
Jharkhand,Bokaro,732,103
Jharkhand,Chatra,736,260
Jharkhand,Deoghar,1699,329
Jharkhand,Dhanbad,1421,141
Jharkhand,Dumka,746,147
Jharkhand,East Singhbhum,4278,1609
Jharkhand,Garhwa,955,214
Jharkhand,Giridih,1342,156
Jharkhand,Godda,1176,656
Jharkhand,Gumla,1538,196
Jharkhand,Hazaribagh,617,467
Jharkhand,Jamtara,488,213
Jharkhand,Khunti,541,13
Jharkhand,Koderma,1266,249
Jharkhand,Latehar,932,125
Jharkhand,Lohardaga,131,28
Jharkhand,Pakur,1108,227
Jharkhand,Palamu,1157,126
Jharkhand,Ramgarh,140,95
Jharkhand,Ranchi,1386,152
Jharkhand,Sahibganj,1945,136
Jharkhand,Seraikela-Kharsawan,242,18
Jharkhand,Simdega,978,96
Jharkhand,West Singhbhum,605,416
Karnataka,Bagalkot,2671,209
Karnataka,Bangalore,6152,482
Karnataka,Bangalore Rural,739,70
Karnataka,Belgaum,4618,1634
Karnataka,Bellary,5724,403
Karnataka,Bidar,1432,572
Karnataka,Bijapur,1008,188
Karnataka,Bijapur(KAR),2,0
Karnataka,Chamarajanagar,1550,234
Karnataka,Chikkaballapur,302,18
Karnataka,Chikmagalur,1755,83
Karnataka,Chitradurga,1325,119
Karnataka,Dakshina Kannada,2373,347
Karnataka,Davangere,379,75
Karnataka,Dharwad,139,121
Karnataka,Gadag,282,12
Karnataka,Gulbarga,2901,130
Karnataka,Hassan,3065,323
Karnataka,Haveri,588,66
Karnataka,Kodagu,3669,6
Karnataka,Kolar,1334,126
Karnataka,Koppal,1795,64
Karnataka,Mandya,5955,253
Karnataka,Mysore,175,51
Karnataka,Raichur,2454,245
Karnataka,Ramanagar,1177,232
Karnataka,Shimoga,2325,254
Karnataka,Tumkur,357,14
Karnataka,Udupi,337,13
Karnataka,Uttara Kannada,810,54
Karnataka,Yadgir,1722,214
Kerala,Alappuzha,623,330
Kerala,Ernakulam,889,45
Kerala,Idukki,140,8
Kerala,Kannur,2080,26
Kerala,Kasaragod,459,25
Kerala,Kollam,733,27
Kerala,Kottayam,1137,20
Kerala,Kozhikode,830,34
Kerala,Malappuram,7453,411
Kerala,Palakkad,983,47
Kerala,Pathanamthitta,230,3
Kerala,Thiruvananthapuram,1154,47
Kerala,Thrissur,2292,133
Kerala,Wayanad,41,1
Lakshadweep,Lakshadweep,3,1
Madhya Pradesh,Alirajpur,917,203
Madhya Pradesh,Anuppur,1475,147
Madhya Pradesh,Ashok Nagar,1149,114
Madhya Pradesh,Balaghat,2117,485
Madhya Pradesh,Barwani,3280,100
Madhya Pradesh,Betul,4436,581
Madhya Pradesh,Bhind,660,97
Madhya Pradesh,Bhopal,1165,107
Madhya Pradesh,Burhanpur,482,82
Madhya Pradesh,Chhatarpur,1941,307
Madhya Pradesh,Chhindwara,3470,275
Madhya Pradesh,Damoh,1060,60
Madhya Pradesh,Datia,880,1044
Madhya Pradesh,Dewas,592,51
Madhya Pradesh,Dhar,2725,321
Madhya Pradesh,Dindori,771,359
Madhya Pradesh,Guna,1816,215
Madhya Pradesh,Gwalior,1778,204
Madhya Pradesh,Harda,164,36
Madhya Pradesh,Hoshangabad,191,21
Madhya Pradesh,Indore,1854,158
Madhya Pradesh,Jabalpur,1415,152
Madhya Pradesh,Jhabua,779,433
Madhya Pradesh,Katni,1179,125
Madhya Pradesh,Khandwa,147,19
Madhya Pradesh,Khargone,2264,160
Madhya Pradesh,Mandla,1786,1473
Madhya Pradesh,Mandsaur,669,37
Madhya Pradesh,Morena,1028,49
Madhya Pradesh,Narsinghpur,934,222
Madhya Pradesh,Neemuch,609,14
Madhya Pradesh,Panna,914,218
Madhya Pradesh,Raisen,2736,122
Madhya Pradesh,Rajgarh,1196,45
Madhya Pradesh,Ratlam,888,127
Madhya Pradesh,Rewa,1914,353
Madhya Pradesh,Sagar,1720,231
Madhya Pradesh,Satna,1529,443
Madhya Pradesh,Sehore,1791,114
Madhya Pradesh,Seoni,1106,132
Madhya Pradesh,Shahdol,1278,360
Madhya Pradesh,Shajapur,593,91
Madhya Pradesh,Sheopur,348,5
Madhya Pradesh,Shivpuri,2010,649
Madhya Pradesh,Sidhi,545,242
Madhya Pradesh,Singrauli,915,128
Madhya Pradesh,Tikamgarh,607,767
Madhya Pradesh,Ujjain,2039,128
Madhya Pradesh,Umaria,425,76
Madhya Pradesh,Vidisha,1101,109
Maharashtra,Ahmednagar,3871,920
Maharashtra,Akola,2851,156
Maharashtra,Amravati,464,380
Maharashtra,Aurangabad,2885,254
Maharashtra,Beed,5830,284
Maharashtra,Bhandara,2230,181
Maharashtra,Buldhana,7270,651
Maharashtra,Chandrapur,1081,60
Maharashtra,Dhule,848,79
Maharashtra,Gadchiroli,3898,80
Maharashtra,Gondia,395,154
Maharashtra,Hingoli,5105,135
Maharashtra,Jalgaon,2494,159
Maharashtra,Jalna,1876,211
Maharashtra,Kolhapur,5597,300
Maharashtra,Latur,1340,116
Maharashtra,Mumbai,3778,169
Maharashtra,Nagpur,3071,299
Maharashtra,Nanded,5883,587
Maharashtra,Nandurbar,415,35
Maharashtra,Nashik,9639,197
Maharashtra,Osmanabad,2576,100
Maharashtra,Parbhani,6415,543
Maharashtra,Pune,5749,229
Maharashtra,Raigad,8755,172
Maharashtra,Ratnagiri,2124,49
Maharashtra,Sangli,3424,311
Maharashtra,Satara,3463,215
Maharashtra,Sindhudurg,3383,240
Maharashtra,Solapur,6291,251
Maharashtra,Thane,6530,427
Maharashtra,Wardha,343,75
Maharashtra,Washim,2724,150
Maharashtra,Yavatmal,7076,203
Manipur,Bishnupur,2,0
Manipur,Chandel,81,0
Manipur,Churachandpur,293,11
Manipur,Imphal East,117,2
Manipur,Imphal West,558,1
Manipur,Senapati,3,0
Manipur,Tamenglong,111,0
Manipur,Thoubal,2,0
Meghalaya,East Khasi Hills,2,0
Meghalaya,Ri Bhoi,1,0
Meghalaya,West Garo Hills,2,0
Mizoram,Aizawl,3,0
Mizoram,Mammit,1,0
Mizoram,Serchhip,10,0
Nagaland,Dimapur,4,0
Nagaland,Kohima,0,1
Nagaland,Longleng,2,0
Nagaland,Mokokchung,1,0
Nagaland,Mon,261,0
Nagaland,Wokha,1,0
Nagaland,Zunheboto,1,1
Odisha,Angul,11,1
Odisha,Anugul,1800,192
Odisha,Balangir,112,2
Odisha,Baleswar,222,67
Odisha,Bargarh,2604,749
Odisha,Baudh,300,3
Odisha,Bhadrak,209,90
Odisha,Boudh,3,0
Odisha,Cuttack,225,118
Odisha,Debagarh,106,4
Odisha,Dhenkanal,189,4
Odisha,Gajapati,1305,195
Odisha,Ganjam,815,195
Odisha,Jagatsinghapur,60,8
Odisha,Jajapur,5659,1895
Odisha,Jharsuguda,4,0
Odisha,Kalahandi,19,0
Odisha,Kandhamal,1618,156
Odisha,Kendrapara,236,6
Odisha,Kendujhar,1072,1172
Odisha,Khorda,162,46
Odisha,Khordha,87,2
Odisha,Koraput,1397,222
Odisha,Malkangiri,1,0
Odisha,Mayurbhanj,10815,615
Odisha,Nabarangapur,4832,825
Odisha,Nayagarh,1129,131
Odisha,Nuapada,455,4
Odisha,Puri,13,1
Odisha,Rayagada,1,0
Odisha,Sambalpur,999,654
Odisha,Sonapur,8,6
Odisha,Sundergarh,4871,1572
Others,Others,157,12350
Puducherry,Karaikal,59,4
Puducherry,Puducherry,37,6
Punjab,Amritsar,3007,122
Punjab,Barnala,89,16
Punjab,Bathinda,594,103
Punjab,Faridkot,832,33
Punjab,Fatehgarh Sahib,71,27
Punjab,Fazilka,688,86
Punjab,Firozpur,1271,132
Punjab,Gurdaspur,882,52
Punjab,Hoshiarpur,745,42
Punjab,Jalandhar,1334,44
Punjab,Kapurthala,394,29
Punjab,Ludhiana,1496,90
Punjab,Mansa,386,57
Punjab,Moga,260,38
Punjab,Muktsar,3,1
Punjab,Pathankot,339,26
Punjab,Patiala,1219,128
Punjab,Rupnagar,1429,4
Punjab,SAS Nagar (Mohali),251,86
Punjab,Sangrur,582,93
Punjab,Shaheed Bhagat Singh Nagar,104,7
Punjab,Sri Muktsar Sahib,517,109
Punjab,Tarn Taran,1958,62
Rajasthan,Ajmer,731,45
Rajasthan,Alwar,1061,139
Rajasthan,Banswara,1655,148
Rajasthan,Baran,724,29
Rajasthan,Barmer,1202,81
Rajasthan,Bharatpur,1828,544
Rajasthan,Bhilwara,2040,1240
Rajasthan,Bikaner,928,204
Rajasthan,Bundi,663,29
Rajasthan,Chittorgarh,2216,175
Rajasthan,Churu,1045,79
Rajasthan,Dausa,744,56
Rajasthan,Dholpur,636,227
Rajasthan,Dungarpur,1913,343
Rajasthan,Ganganagar,1306,154
Rajasthan,Hanumangarh,1962,377
Rajasthan,Jaipur,4132,347
Rajasthan,Jaisalmer,823,253
Rajasthan,Jalor,1357,130
Rajasthan,Jhalawar,311,399
Rajasthan,Jhunjhunu,972,124
Rajasthan,Jodhpur,2863,559
Rajasthan,Karauli,1660,67
Rajasthan,Kota,629,141
Rajasthan,Nagaur,1634,140
Rajasthan,Pali,994,87
Rajasthan,Pratapgarh,1696,296
Rajasthan,Rajsamand,710,20
Rajasthan,Sawai Madhopur,1438,119
Rajasthan,Sikar,2009,260
Rajasthan,Sirohi,1578,33
Rajasthan,Tonk,1155,280
Rajasthan,Udaipur,904,169
Sikkim,East Sikkim,11,0
Sikkim,North Sikkim,2,0
Sikkim,South Sikkim,14,0
Sikkim,West Sikkim,27,0
Tamil Nadu,Ariyalur,518,4
Tamil Nadu,Chennai,7638,1214
Tamil Nadu,Coimbatore,4967,294
Tamil Nadu,Cuddalore,1562,10
Tamil Nadu,Dharmapuri,975,19
Tamil Nadu,Dindigul,5215,14
Tamil Nadu,Erode,2034,150
Tamil Nadu,Kancheepuram,4376,151
Tamil Nadu,Kanyakumari,2942,12
Tamil Nadu,Karur,413,12
Tamil Nadu,Krishnagiri,1578,434
Tamil Nadu,Madurai,1771,96
Tamil Nadu,Nagapattinam,1216,3
Tamil Nadu,Namakkal,4327,8
Tamil Nadu,Perambalur,629,17
Tamil Nadu,Pudukkottai,706,0
Tamil Nadu,Ramanathapuram,718,537
Tamil Nadu,Salem,6464,110
Tamil Nadu,Sivaganga,6416,87
Tamil Nadu,Thanjavur,1988,328
Tamil Nadu,The Nilgiris,1414,56
Tamil Nadu,Theni,5405,14
Tamil Nadu,Thiruvarur,347,4
Tamil Nadu,Thoothukudi,1098,188
Tamil Nadu,Tiruchirappalli,316,12
Tamil Nadu,Tirunelveli,949,207
Tamil Nadu,Tirupur,4318,324
Tamil Nadu,Tiruvallur,12129,297
Tamil Nadu,Tiruvannamalai,2308,177
Tamil Nadu,Vellore,13820,90
Tamil Nadu,Viluppuram,5870,71
Tamil Nadu,Virudhunagar,3394,241
Tripura,Dhalai,27,2
Tripura,Gomati,47,1
Tripura,Khowai,6,0
Tripura,North Tripura,103,1
Tripura,Sepahijala,38,1
Tripura,South Tripura,5,1
Tripura,Unakoti,53,5
Tripura,West Tripura,116,5
Uttar Pradesh,Agra,3191,1442
Uttar Pradesh,Aligarh,1028,289
Uttar Pradesh,Allahabad,5575,164
Uttar Pradesh,Ambedkar Nagar,78,10
Uttar Pradesh,Amethi,1917,248
Uttar Pradesh,Amroha,3162,338
Uttar Pradesh,Auraiya,50,1
Uttar Pradesh,Azamgarh,1591,113
Uttar Pradesh,Baghpat,337,16
Uttar Pradesh,Bahraich,53,2
Uttar Pradesh,Ballia,1885,33
Uttar Pradesh,Balrampur,4021,59
Uttar Pradesh,Banda,1200,112
Uttar Pradesh,Barabanki,239,61
Uttar Pradesh,Bareilly,2626,95
Uttar Pradesh,Basti,154,18
Uttar Pradesh,Bijnor,3497,284
Uttar Pradesh,Budaun,41,31
Uttar Pradesh,Bulandshahr,454,18
Uttar Pradesh,Chandauli,1815,141
Uttar Pradesh,Chitrakoot,1912,53
Uttar Pradesh,Deoria,1326,121
Uttar Pradesh,Etah,61,3
Uttar Pradesh,Etawah,1101,76
Uttar Pradesh,Faizabad,1250,96
Uttar Pradesh,Farrukhabad,498,46
Uttar Pradesh,Fatehpur,4374,229
Uttar Pradesh,Firozabad,66,6
Uttar Pradesh,Gautam Buddha Nagar,737,71
Uttar Pradesh,Ghaziabad,1348,284
Uttar Pradesh,Ghazipur,2385,45
Uttar Pradesh,Gonda,3638,56
Uttar Pradesh,Gorakhpur,2970,484
Uttar Pradesh,Hamirpur,91,4
Uttar Pradesh,Hardoi,101,6
Uttar Pradesh,Hathras,3396,2510
Uttar Pradesh,Jalaun,231,166
Uttar Pradesh,Jaunpur,190,9
Uttar Pradesh,Jhansi,1453,80
Uttar Pradesh,Kannauj,1660,10
Uttar Pradesh,Kanpur Dehat,81,3
Uttar Pradesh,Kanpur Nagar,1459,56
Uttar Pradesh,Kasganj,2546,286
Uttar Pradesh,Kaushambi,160,2
Uttar Pradesh,Kheri,1196,54
Uttar Pradesh,Kushinagar,619,395
Uttar Pradesh,Lalitpur,12,0
Uttar Pradesh,Lucknow,1114,53
Uttar Pradesh,Maharajganj,3196,38
Uttar Pradesh,Mahoba,868,40
Uttar Pradesh,Mainpuri,4424,158
Uttar Pradesh,Mathura,334,18
Uttar Pradesh,Mau,65,7
Uttar Pradesh,Meerut,3808,200
Uttar Pradesh,Mirzapur,44,7
Uttar Pradesh,Moradabad,322,5
Uttar Pradesh,Muzaffarnagar,510,64
Uttar Pradesh,Pilibhit,2148,57
Uttar Pradesh,Pratapgarh,11318,280
Uttar Pradesh,Raebareli,3382,677
Uttar Pradesh,Rampur,15,1
Uttar Pradesh,Saharanpur,3154,312
Uttar Pradesh,Sambhal,20,1
Uttar Pradesh,Sant Kabir Nagar,4926,673
Uttar Pradesh,Sant Ravidas Nagar,3894,44
Uttar Pradesh,Sant Ravidas Nagar Bhadohi,1,0
Uttar Pradesh,Shahjahanpur,4888,51
Uttar Pradesh,Shamli,1229,4
Uttar Pradesh,Shrawasti,430,35
Uttar Pradesh,Siddharthnagar,143,1
Uttar Pradesh,Sitapur,24,29
Uttar Pradesh,Sonbhadra,521,102
Uttar Pradesh,Sultanpur,69,8
Uttar Pradesh,Unnao,705,90
Uttar Pradesh,Varanasi,2430,207
Uttarakhand,Almora,42,2
Uttarakhand,Bageshwar,42,18
Uttarakhand,Chamoli,22,0
Uttarakhand,Champawat,205,52
Uttarakhand,Dehradun,2226,59
Uttarakhand,Garhwal,1,0
Uttarakhand,Haridwar,2775,30
Uttarakhand,Nainital,45,8
Uttarakhand,Pauri Garhwal,921,4
Uttarakhand,Pithoragarh,15,0
Uttarakhand,Rudraprayag,15,0
Uttarakhand,Tehri Garhwal,893,179
Uttarakhand,Udham Singh Nagar,165,520
Uttarakhand,Uttarkashi,4,0
West Bengal,Bankura,2673,149
West Bengal,Bardhaman,18623,1280
West Bengal,Birbhum,9202,666
West Bengal,Cooch Behar,392,57
West Bengal,Darjeeling,1588,31
West Bengal,East Midnapore,19253,3358
West Bengal,Hooghly,4232,39
West Bengal,Howrah,2089,289
West Bengal,Jalpaiguri,5556,179
West Bengal,Kolkata,3165,161
West Bengal,Malda,7019,233
West Bengal,Medinipur,408,436
West Bengal,Murshidabad,12695,81
West Bengal,Nadia,5216,111
West Bengal,North 24 Parganas,10708,3167
West Bengal,North Dinajpur,2241,53
West Bengal,Purulia,1442,66
West Bengal,South 24 Parganas,14119,1960
West Bengal,South Dinajpur,1676,26
West Bengal,South Twenty Four Parganas,85,28
West Bengal,West Midnapore,6564,529
