State,District,Aadhaar generated,Enrolment Rejected
Andaman and Nicobar Islands,South Andaman,19,0
Andhra Pradesh,Adilabad,866,597
Andhra Pradesh,Anantapur,0,45
Andhra Pradesh,Ananthapur,496,72
Andhra Pradesh,Chittoor,557,110
Andhra Pradesh,Cuddapah,179,129
Andhra Pradesh,East Godavari,184,206
Andhra Pradesh,Guntur,590,126
Andhra Pradesh,Hyderabad,912,259
Andhra Pradesh,Karimnagar,1735,473
Andhra Pradesh,Khammam,2143,426
Andhra Pradesh,Krishna,85,56
Andhra Pradesh,Kurnool,3978,7643
Andhra Pradesh,Mahbubnagar,4296,2024
Andhra Pradesh,Medak,4576,1071
Andhra Pradesh,Nalgonda,1378,832
Andhra Pradesh,Nellore,1015,8996
Andhra Pradesh,Nizamabad,1085,1017
Andhra Pradesh,Prakasam,1350,303
Andhra Pradesh,Ranga Reddy,2686,394
Andhra Pradesh,Srikakulam,196,354
Andhra Pradesh,Visakhapatnam,1416,1294
Andhra Pradesh,Vizianagaram,696,789
Andhra Pradesh,Warangal,2051,1780
Andhra Pradesh,West Godavari,3696,319
Arunachal Pradesh,Papum Pare,27,0
Arunachal Pradesh,West Kameng,17,0
Assam,Baksa,1,0
Assam,Barpeta,6,0
Assam,Bongaigaon,2,0
Assam,Cachar,7,0
Assam,Chirang,2,0
Assam,Darrang,1,0
Assam,Dhemaji,1,0
Assam,Dhubri,6,0
Assam,Dibrugarh,1,0
Assam,Goalpara,1,0
Assam,Golaghat,1,0
Assam,Hailakandi,5,2
Assam,Jorhat,1,1
Assam,Kamrup,8,0
Assam,Kamrup Metro,3,0
Assam,Karbi Anglong,1,0
Assam,Karimganj,3,0
Assam,Kokrajhar,1,0
Assam,Marigaon,4,0
Assam,Nagaon,7,0
Assam,Sibsagar,2,0
Assam,Sonitpur,8,0
Assam,Tinsukia,2,0
Assam,Udalguri,3,0
Bihar,Araria,24,0
Bihar,Arwal,883,36
Bihar,Aurangabad,75,4
Bihar,Aurangabad(BH),0,1
Bihar,Banka,56,5
Bihar,Begusarai,45,2
Bihar,Bhagalpur,49,6
Bihar,Bhojpur,67,7
Bihar,Buxar,35,1
Bihar,Darbhanga,2152,240
Bihar,East Champaran,78,3
Bihar,Gaya,167,18
Bihar,Gopalganj,3920,37
Bihar,Jamui,121,5
Bihar,Jehanabad,22,1
Bihar,Kaimur (Bhabua),13,2
Bihar,Katihar,3592,45
Bihar,Khagaria,16,5
Bihar,Kishanganj,1357,29
Bihar,Lakhisarai,23,0
Bihar,Madhepura,24,3
Bihar,Madhubani,122,10
Bihar,Munger,28,3
Bihar,Muzaffarpur,87,2
Bihar,Nalanda,1331,91
Bihar,Nawada,194,5
Bihar,Patna,1547,42
Bihar,Purnia,35,1
Bihar,Rohtas,2538,65
Bihar,Saharsa,1853,53
Bihar,Samastipur,74,4
Bihar,Saran,106,10
Bihar,Sheikhpura,154,9
Bihar,Sheohar,232,62
Bihar,Sitamarhi,55,4
Bihar,Siwan,108,8
Bihar,Supaul,49,1
Bihar,Vaishali,299,65
Bihar,West Champaran,51,1
Chandigarh,Chandigarh,326,33
Chhattisgarh,Balod,14,1
Chhattisgarh,Baloda Bazar,3,0
Chhattisgarh,Balrampur,1,0
Chhattisgarh,Bastar,4,1
Chhattisgarh,Bemetara,102,0
Chhattisgarh,Bilaspur,16,1
Chhattisgarh,Dhamtari,572,27
Chhattisgarh,Durg,69,1
Chhattisgarh,Gariyaband,57,0
Chhattisgarh,Janjgir Champa,1101,31
Chhattisgarh,Jashpur,1,0
Chhattisgarh,Kawardha,5,0
Chhattisgarh,Korba,2002,21
Chhattisgarh,Koriya,459,70
Chhattisgarh,Mahasamund,365,1
Chhattisgarh,Mungeli,236,2
Chhattisgarh,Narayanpur,1,0
Chhattisgarh,Raigarh,45,1
Chhattisgarh,Raipur,1183,5
Chhattisgarh,Rajnandgaon,228,2
Chhattisgarh,Surajpur,259,0
Chhattisgarh,Surguja,3,0
Dadra and Nagar Haveli,Dadra and Nagar Haveli,186,19
Daman and Diu,Daman,53,19
Daman and Diu,Diu,1,7
Delhi,Central Delhi,420,81
Delhi,East Delhi,850,434
Delhi,New Delhi,30,8
Delhi,North Delhi,707,224
Delhi,North East,9,112
Delhi,North East Delhi,931,587
Delhi,North West Delhi,859,852
Delhi,South Delhi,1718,573
Delhi,South West Delhi,914,314
Delhi,West Delhi,897,807
Goa,Bardez,1,0
Goa,North Goa,21,14
Goa,South Goa,30,9
Gujarat,Ahmedabad,6353,274
Gujarat,Amreli,1585,17
Gujarat,Anand,1795,33
Gujarat,Banaskantha,4699,272
Gujarat,Bharuch,3539,485
Gujarat,Bhavnagar,1870,102
Gujarat,Dahod,4524,139
Gujarat,Gandhinagar,853,23
Gujarat,Jamnagar,2543,114
Gujarat,Junagadh,2923,195
Gujarat,Kachchh,3320,99
Gujarat,Kheda,1621,101
Gujarat,Mahesana,4612,52
Gujarat,Narmada,219,44
Gujarat,Navsari,1790,386
Gujarat,Panchmahal,3427,133
Gujarat,Patan,925,55
Gujarat,Porbandar,138,18
Gujarat,Rajkot,3298,136
Gujarat,Sabarkantha,1410,96
Gujarat,Surat,10862,225
Gujarat,Surendranagar,2502,89
Gujarat,Tapi,1457,43
Gujarat,The Dangs,98,2
Gujarat,Vadodara,8799,138
Gujarat,Valsad,3070,126
Haryana,Ambala,453,106
Haryana,Bhiwani,3889,168
Haryana,Faridabad,4055,308
Haryana,Fatehabad,2149,120
Haryana,Gurgaon,2947,245
Haryana,Hisar,3747,233
Haryana,Jhajjar,1713,136
Haryana,Jind,2207,140
Haryana,Kaithal,691,42
Haryana,Karnal,4293,219
Haryana,Kurukshetra,1368,290
Haryana,Mahendragarh,2012,139
Haryana,Mewat,2273,275
Haryana,Palwal,1919,96
Haryana,Panchkula,349,21
Haryana,Panipat,1775,298
Haryana,Rewari,1828,157
Haryana,Rohtak,1254,135
Haryana,Sirsa,2149,76
Haryana,Sonipat,873,73
Haryana,Yamuna Nagar,1611,150
Himachal Pradesh,Bilaspur,19,2
Himachal Pradesh,Chamba,114,15
Himachal Pradesh,Hamirpur,46,1
Himachal Pradesh,Kangra,334,62
Himachal Pradesh,Kinnaur,16,1
Himachal Pradesh,Kullu,85,0
Himachal Pradesh,Lahul and Spiti,2,0
Himachal Pradesh,Mandi,107,12
Himachal Pradesh,Shimla,158,17
Himachal Pradesh,Sirmaur,117,28
Himachal Pradesh,Solan,120,77
Himachal Pradesh,Una,25,6
Jammu and Kashmir,Anantnag,2663,38
Jammu and Kashmir,Badgam,25,0
Jammu and Kashmir,Bandipore,8,0
Jammu and Kashmir,Baramula,36,0
Jammu and Kashmir,Doda,343,3
Jammu and Kashmir,Jammu,296,3
Jammu and Kashmir,Kargil,211,4
Jammu and Kashmir,Kathua,565,6
Jammu and Kashmir,Kupwara,816,2
Jammu and Kashmir,Leh,91,16
Jammu and Kashmir,Pulwama,39,0
Jammu and Kashmir,Punch,3,0
Jammu and Kashmir,Rajouri,3,0
Jammu and Kashmir,Reasi,2,1
Jammu and Kashmir,Srinagar,1363,2
Jammu and Kashmir,Udhampur,66,5
Jharkhand,Bokaro,626,251
Jharkhand,Chatra,1790,362
Jharkhand,Deoghar,514,148
Jharkhand,Dhanbad,492,102
Jharkhand,Dumka,548,269
Jharkhand,East Singhbhum,672,60
Jharkhand,Garhwa,842,826
Jharkhand,Giridih,1487,181
Jharkhand,Godda,796,371
Jharkhand,Gumla,331,69
Jharkhand,Hazaribag,0,3
Jharkhand,Hazaribagh,348,240
Jharkhand,Jamtara,439,172
Jharkhand,Khunti,43,22
Jharkhand,Koderma,286,103
Jharkhand,Latehar,2421,271
Jharkhand,Lohardaga,55,31
Jharkhand,Pakur,488,149
Jharkhand,Palamu,369,255
Jharkhand,Ramgarh,56,23
Jharkhand,Ranchi,295,171
Jharkhand,Sahibganj,1850,266
Jharkhand,Seraikela-Kharsawan,143,15
Jharkhand,Simdega,477,68
Jharkhand,West Singhbhum,184,138
Karnataka,Bagalkot,2313,168
Karnataka,Bangalore,7695,2314
Karnataka,Bangalore Rural,639,864
Karnataka,Belgaum,7712,4766
Karnataka,Bellary,5456,448
Karnataka,Bidar,1597,217
Karnataka,Bijapur,4038,340
Karnataka,Bijapur(KAR),5,5
Karnataka,Chamarajanagar,2025,141
Karnataka,Chikkaballapur,235,265
Karnataka,Chikmagalur,1225,102
Karnataka,Chitradurga,1884,436
Karnataka,Dakshina Kannada,2796,1121
Karnataka,Davangere,391,772
Karnataka,Dharwad,102,233
Karnataka,Gadag,84,87
Karnataka,Gulbarga,1890,333
Karnataka,Hassan,4790,215
Karnataka,Haveri,328,721
Karnataka,Kodagu,42,43
Karnataka,Kolar,2564,2778
Karnataka,Koppal,964,215
Karnataka,Mandya,3492,153
Karnataka,Mysore,417,128
Karnataka,Raichur,2474,352
Karnataka,Ramanagar,2684,86
Karnataka,Shimoga,4707,166
Karnataka,Tumkur,333,177
Karnataka,Udupi,173,147
Karnataka,Uttara Kannada,2942,387
Karnataka,Yadgir,1634,233
Kerala,Alappuzha,282,106
Kerala,Ernakulam,439,3425
Kerala,Idukki,134,59
Kerala,Kannur,559,97
Kerala,Kasaragod,343,105
Kerala,Kollam,298,118
Kerala,Kottayam,338,94
Kerala,Kozhikode,484,246
Kerala,Malappuram,683,769
Kerala,Palakkad,519,577
Kerala,Pathanamthitta,186,18
Kerala,Thiruvananthapuram,529,406
Kerala,Thrissur,476,79
Kerala,Wayanad,39,36
Lakshadweep,Lakshadweep,4,0
Madhya Pradesh,Alirajpur,2033,376
Madhya Pradesh,Anuppur,2388,248
Madhya Pradesh,Ashok Nagar,448,66
Madhya Pradesh,Balaghat,3016,444
Madhya Pradesh,Barwani,1242,72
Madhya Pradesh,Betul,3034,195
Madhya Pradesh,Bhind,1666,107
Madhya Pradesh,Bhopal,1053,373
Madhya Pradesh,Burhanpur,84,68
Madhya Pradesh,Chhatarpur,2743,314
Madhya Pradesh,Chhindwara,4112,549
Madhya Pradesh,Damoh,1628,213
Madhya Pradesh,Datia,882,118
Madhya Pradesh,Dewas,646,110
Madhya Pradesh,Dhar,4381,383
Madhya Pradesh,Dindori,2021,450
Madhya Pradesh,Guna,725,199
Madhya Pradesh,Gwalior,1627,116
Madhya Pradesh,Harda,93,33
Madhya Pradesh,Hoshangabad,103,68
Madhya Pradesh,Indore,1666,408
Madhya Pradesh,Jabalpur,1165,427
Madhya Pradesh,Jhabua,2124,714
Madhya Pradesh,Katni,2198,293
Madhya Pradesh,Khandwa,100,91
Madhya Pradesh,Khargone,2822,263
Madhya Pradesh,Mandla,1455,249
Madhya Pradesh,Mandsaur,580,87
Madhya Pradesh,Morena,2378,178
Madhya Pradesh,Narsinghpur,1723,352
Madhya Pradesh,Neemuch,336,16
Madhya Pradesh,Panna,1272,123
Madhya Pradesh,Raisen,1853,252
Madhya Pradesh,Rajgarh,940,123
Madhya Pradesh,Ratlam,753,112
Madhya Pradesh,Rewa,3287,417
Madhya Pradesh,Sagar,3077,269
Madhya Pradesh,Satna,4705,350
Madhya Pradesh,Sehore,1658,172
Madhya Pradesh,Seoni,2115,594
Madhya Pradesh,Shahdol,2110,279
Madhya Pradesh,Shajapur,377,105
Madhya Pradesh,Sheopur,148,5
Madhya Pradesh,Shivpuri,1946,180
Madhya Pradesh,Sidhi,1381,141
Madhya Pradesh,Singrauli,1669,239
Madhya Pradesh,Tikamgarh,2188,276
Madhya Pradesh,Ujjain,2546,685
Madhya Pradesh,Umaria,988,157
Madhya Pradesh,Vidisha,860,220
Maharashtra,Ahmednagar,2208,658
Maharashtra,Akola,1070,118
Maharashtra,Amravati,338,223
Maharashtra,Aurangabad,1705,1007
Maharashtra,Beed,2090,273
Maharashtra,Bhandara,698,746
Maharashtra,Buldhana,2719,201
Maharashtra,Chandrapur,937,139
Maharashtra,Dhule,749,141
Maharashtra,Gadchiroli,2979,166
Maharashtra,Gondia,495,138
Maharashtra,Hingoli,1307,140
Maharashtra,Jalgaon,966,460
Maharashtra,Jalna,1381,852
Maharashtra,Kolhapur,5380,433
Maharashtra,Latur,1118,277
Maharashtra,Mumbai,2023,259
Maharashtra,Nagpur,1868,442
Maharashtra,Nanded,3121,375
Maharashtra,Nandurbar,323,153
Maharashtra,Nashik,5853,636
Maharashtra,Osmanabad,1367,152
Maharashtra,Parbhani,2243,141
Maharashtra,Pune,3192,371
Maharashtra,Raigad,3453,163
Maharashtra,Ratnagiri,895,195
Maharashtra,Sangli,923,285
Maharashtra,Satara,1495,216
Maharashtra,Sindhudurg,920,40
Maharashtra,Solapur,2317,160
Maharashtra,Thane,3380,677
Maharashtra,Wardha,173,202
Maharashtra,Washim,1598,152
Maharashtra,Yavatmal,3782,326
Manipur,Bishnupur,1,212
Manipur,Chandel,32,3
Manipur,Churachandpur,32,17
Manipur,Imphal East,795,241
Manipur,Imphal West,296,2423
Manipur,Senapati,5,2
Manipur,Tamenglong,34,78
Manipur,Thoubal,3,1
Manipur,Ukhrul,1,0
Meghalaya,East Khasi Hills,10,2
Nagaland,Dimapur,100,17
Nagaland,Kiphire,2,0
Nagaland,Kohima,112,0
Nagaland,Longleng,2,0
Nagaland,Mokokchung,0,1
Nagaland,Mon,2,0
Nagaland,Phek,26,0
Nagaland,Tuensang,0,1
Nagaland,Wokha,10,0
Nagaland,Zunheboto,72,0
Odisha,Angul,7,0
Odisha,Anugul,1258,94
Odisha,Balangir,43,7
Odisha,Baleswar,2350,1696
Odisha,Bargarh,1635,635
Odisha,Baudh,224,43
Odisha,Bhadrak,463,276
Odisha,Boudh,1,0
Odisha,Cuttack,492,162
Odisha,Debagarh,545,6
Odisha,Dhenkanal,105,353
Odisha,Gajapati,3433,52
Odisha,Ganjam,853,297
Odisha,Jagatsinghapur,60,50
Odisha,Jajapur,4324,1400
Odisha,Jharsuguda,184,0
Odisha,Kalahandi,1,0
Odisha,Kandhamal,1871,224
Odisha,Kendrapara,105,41
Odisha,Kendujhar,1905,9809
Odisha,Khorda,15,1
Odisha,Khordha,76,106
Odisha,Koraput,1028,34
Odisha,Mayurbhanj,7220,536
Odisha,Nabarangapur,7028,13
Odisha,Nayagarh,1375,223
Odisha,Nuapada,246,3
Odisha,Puri,63,280
Odisha,Rayagada,4,2
Odisha,Sambalpur,4321,173
Odisha,Sonapur,15,563
Odisha,Sundergarh,2457,1377
Others,Others,185,6471
Puducherry,Karaikal,1050,21
Puducherry,Pondicherry,1,2
Puducherry,Puducherry,126,11
Puducherry,Yanam,5,2
Punjab,Amritsar,1938,282
Punjab,Barnala,78,9
Punjab,Bathinda,485,91
Punjab,Faridkot,176,11
Punjab,Fatehgarh Sahib,119,18
Punjab,Fazilka,351,108
Punjab,Firozpur,1024,54
Punjab,Gurdaspur,707,234
Punjab,Hoshiarpur,1171,268
Punjab,Jalandhar,744,116
Punjab,Kapurthala,440,32
Punjab,Ludhiana,1453,249
Punjab,Mansa,2238,61
Punjab,Moga,175,43
Punjab,Muktsar,10,0
Punjab,Pathankot,188,67
Punjab,Patiala,1562,296
Punjab,Rupnagar,244,24
Punjab,SAS Nagar (Mohali),418,169
Punjab,Sangrur,2156,203
Punjab,Shaheed Bhagat Singh Nagar,57,12
Punjab,Sri Muktsar Sahib,367,183
Punjab,Tarn Taran,2975,299
Rajasthan,Ajmer,467,301
Rajasthan,Alwar,1475,364
Rajasthan,Banswara,3744,228
Rajasthan,Baran,629,111
Rajasthan,Barmer,2562,442
Rajasthan,Bharatpur,2854,255
Rajasthan,Bhilwara,2787,334
Rajasthan,Bikaner,2590,279
Rajasthan,Bundi,619,327
Rajasthan,Chittorgarh,3183,233
Rajasthan,Churu,1676,186
Rajasthan,Dausa,478,257
Rajasthan,Dholpur,989,330
Rajasthan,Dungarpur,3041,221
Rajasthan,Ganganagar,3363,197
Rajasthan,Hanumangarh,1622,168
Rajasthan,Jaipur,6675,1096
Rajasthan,Jaisalmer,1580,61
Rajasthan,Jalor,1793,290
Rajasthan,Jhalawar,1109,113
Rajasthan,Jhunjhunu,1206,244
Rajasthan,Jodhpur,5745,526
Rajasthan,Karauli,1950,296
Rajasthan,Kota,631,350
Rajasthan,Nagaur,2508,427
Rajasthan,Pali,1176,273
Rajasthan,Pratapgarh,1528,118
Rajasthan,Rajsamand,526,165
Rajasthan,Sawai Madhopur,1077,103
Rajasthan,Sikar,4259,425
Rajasthan,Sirohi,801,151
Rajasthan,Tonk,2521,244
Rajasthan,Udaipur,2296,778
Sikkim,East Sikkim,16,5
Sikkim,North Sikkim,2,2
Sikkim,South Sikkim,9,2
Sikkim,West Sikkim,12,4
Tamil Nadu,Ariyalur,3438,18
Tamil Nadu,Chennai,10049,521
Tamil Nadu,Coimbatore,8320,815
Tamil Nadu,Cuddalore,447,152
Tamil Nadu,Dharmapuri,2346,473
Tamil Nadu,Dindigul,10100,652
Tamil Nadu,Erode,2173,1924
Tamil Nadu,Kancheepuram,7168,264
Tamil Nadu,Kanchipuram,75,3
Tamil Nadu,Kanyakumari,7301,63
Tamil Nadu,Karur,187,844
Tamil Nadu,Krishnagiri,3760,878
Tamil Nadu,Madurai,942,58
Tamil Nadu,Nagapattinam,7127,78
Tamil Nadu,Namakkal,2124,989
Tamil Nadu,Nilgiris,1,0
Tamil Nadu,Perambalur,107,12
Tamil Nadu,Pudukkottai,133,220
Tamil Nadu,Ramanathapuram,892,229
Tamil Nadu,Salem,5173,811
Tamil Nadu,Sivaganga,4906,339
Tamil Nadu,Thanjavur,4670,432
Tamil Nadu,The Nilgiris,568,136
Tamil Nadu,Theni,1146,663
Tamil Nadu,Thiruvarur,3675,107
Tamil Nadu,Thoothukudi,2330,559
Tamil Nadu,Tiruchirappalli,1201,62
Tamil Nadu,Tirunelveli,12496,339
Tamil Nadu,Tirupur,3688,1041
Tamil Nadu,Tiruvallur,12384,733
Tamil Nadu,Tiruvannamalai,2382,579
Tamil Nadu,Tiruvarur,17,150
Tamil Nadu,Vellore,24195,2193
Tamil Nadu,Viluppuram,1863,418
Tamil Nadu,Virudhunagar,5251,242
Tripura,Dhalai,32,14
Tripura,Gomati,28,0
Tripura,Khowai,3,1
Tripura,North Tripura,278,15
Tripura,Sepahijala,4,0
Tripura,South Tripura,100,7
Tripura,Unakoti,35,3
Tripura,West Tripura,211,17
Uttar Pradesh,Agra,728,31
Uttar Pradesh,Aligarh,387,88
Uttar Pradesh,Allahabad,2962,104
Uttar Pradesh,Ambedkar Nagar,49,3
Uttar Pradesh,Amethi,3260,349
Uttar Pradesh,Amroha,1195,19
Uttar Pradesh,Auraiya,33,11
Uttar Pradesh,Azamgarh,501,48
Uttar Pradesh,Baghpat,196,1
Uttar Pradesh,Bahraich,16,2
Uttar Pradesh,Ballia,490,26
Uttar Pradesh,Balrampur,2336,25
Uttar Pradesh,Banda,402,58
Uttar Pradesh,Barabanki,245,45
Uttar Pradesh,Bareilly,1723,370
Uttar Pradesh,Basti,403,11
Uttar Pradesh,Bijnor,1743,245
Uttar Pradesh,Budaun,23,1
Uttar Pradesh,Bulandshahr,423,24
Uttar Pradesh,Chandauli,3732,220
Uttar Pradesh,Chitrakoot,3678,66
Uttar Pradesh,Deoria,664,33
Uttar Pradesh,Etah,31,2
Uttar Pradesh,Etawah,999,194
Uttar Pradesh,Faizabad,1259,218
Uttar Pradesh,Farrukhabad,264,7
Uttar Pradesh,Fatehpur,2745,7
Uttar Pradesh,Firozabad,67,10
Uttar Pradesh,Gautam Buddha Nagar,645,51
Uttar Pradesh,Ghaziabad,1440,90
Uttar Pradesh,Ghazipur,2787,121
Uttar Pradesh,Gonda,3036,21
Uttar Pradesh,Gorakhpur,598,33
Uttar Pradesh,Hamirpur,238,5
Uttar Pradesh,Hardoi,41,5
Uttar Pradesh,Hathras,1594,6
Uttar Pradesh,Jalaun,187,2
Uttar Pradesh,Jaunpur,95,4
Uttar Pradesh,Jhansi,1574,224
Uttar Pradesh,Jyotiba Phule Nagar,1,0
Uttar Pradesh,Kannauj,1132,5
Uttar Pradesh,Kanpur Dehat,198,0
Uttar Pradesh,Kanpur Nagar,2107,69
Uttar Pradesh,Kasganj,105,0
Uttar Pradesh,Kaushambi,66,13
Uttar Pradesh,Kheri,426,3
Uttar Pradesh,Kushinagar,853,12
Uttar Pradesh,Lalitpur,3,2
Uttar Pradesh,Lucknow,802,20
Uttar Pradesh,Maharajganj,1863,24
Uttar Pradesh,Mahoba,1941,8
Uttar Pradesh,Mainpuri,819,35
Uttar Pradesh,Mathura,135,12
Uttar Pradesh,Mau,34,1
Uttar Pradesh,Meerut,681,15
Uttar Pradesh,Mirzapur,19,8
Uttar Pradesh,Moradabad,220,5
Uttar Pradesh,Muzaffarnagar,60,23
Uttar Pradesh,Pilibhit,2841,306
Uttar Pradesh,Pratapgarh,1891,82
Uttar Pradesh,Raebareli,5220,494
Uttar Pradesh,Rampur,10,2
Uttar Pradesh,Saharanpur,717,60
Uttar Pradesh,Sambhal,8,0
Uttar Pradesh,Sant Kabir Nagar,7623,135
Uttar Pradesh,Sant Ravidas Nagar,2040,34
Uttar Pradesh,Sant Ravidas Nagar Bhadohi,1,0
Uttar Pradesh,Shahjahanpur,711,5
Uttar Pradesh,Shamli,17,0
Uttar Pradesh,Shrawasti,1197,148
Uttar Pradesh,Siddharthnagar,324,12
Uttar Pradesh,Sitapur,17,4
Uttar Pradesh,Sonbhadra,1148,34
Uttar Pradesh,Sultanpur,41,6
Uttar Pradesh,Unnao,603,10
Uttar Pradesh,Varanasi,4290,105
Uttarakhand,Almora,26,0
Uttarakhand,Bageshwar,92,2
Uttarakhand,Chamoli,7,0
Uttarakhand,Champawat,372,183
Uttarakhand,Dehradun,251,46
Uttarakhand,Haridwar,873,19
Uttarakhand,Nainital,42,1
Uttarakhand,Pauri Garhwal,28,3
Uttarakhand,Pithoragarh,13,0
Uttarakhand,Rudraprayag,5,1
Uttarakhand,Tehri Garhwal,1071,40
Uttarakhand,Udham Singh Nagar,960,111
West Bengal,Bankura,1034,30
West Bengal,Bardhaman,25074,8575
West Bengal,Birbhum,16353,297
West Bengal,Cooch Behar,1802,542
West Bengal,Dakshin Dinajpur,0,8
West Bengal,Darjeeling,1015,11
West Bengal,East Midnapore,7859,6952
West Bengal,Hooghly,9493,243
West Bengal,Howrah,1087,285
West Bengal,Jalpaiguri,3087,299
West Bengal,Kolkata,428,177
West Bengal,Malda,2534,87
West Bengal,Medinipur,1127,860
West Bengal,Murshidabad,7050,130
West Bengal,Nadia,5411,154
West Bengal,North 24 Parganas,12466,5586
West Bengal,North Dinajpur,1049,43
West Bengal,Purulia,339,70
West Bengal,South 24 Parganas,6556,214
West Bengal,South Dinajpur,232,76
West Bengal,South Twenty Four Parganas,71,86
West Bengal,West Midnapore,1048,1302
