State,District,Aadhaar generated,Enrolment Rejected
Andaman and Nicobar Islands,South Andaman,4,0
Andhra Pradesh,Adilabad,727,277
Andhra Pradesh,Anantapur,0,1
Andhra Pradesh,Ananthapur,1111,196
Andhra Pradesh,Chittoor,397,77
Andhra Pradesh,Cuddapah,220,56
Andhra Pradesh,East Godavari,124,232
Andhra Pradesh,Guntur,174,118
Andhra Pradesh,Hyderabad,1185,308
Andhra Pradesh,K.V.Rangareddy,0,12
Andhra Pradesh,K.v. Rangareddy,794,392
Andhra Pradesh,Karim Nagar,0,4
Andhra Pradesh,Karimnagar,493,182
Andhra Pradesh,Khammam,838,210
Andhra Pradesh,Krishna,117,92
Andhra Pradesh,Kurnool,2814,914
Andhra Pradesh,Mahabub Nagar,1,7
Andhra Pradesh,Mahabubnagar,5222,705
Andhra Pradesh,Mahbubnagar,0,4
Andhra Pradesh,Medak,213,50
Andhra Pradesh,Nalgonda,970,342
Andhra Pradesh,Nellore,686,127
Andhra Pradesh,Nizamabad,1031,277
Andhra Pradesh,Prakasam,700,142
Andhra Pradesh,Srikakulam,155,347
Andhra Pradesh,Visakhapatnam,3101,514
Andhra Pradesh,Vizianagaram,1567,403
Andhra Pradesh,Warangal,782,946
Andhra Pradesh,West Godavari,957,287
Arunachal Pradesh,Anjaw,0,1
Arunachal Pradesh,East Kameng,1,0
Arunachal Pradesh,Papum Pare,32,3
Arunachal Pradesh,West Kameng,34,1
Arunachal Pradesh,West Siang,1,1
Assam,Baksa,2,1
Assam,Barpeta,4,0
Assam,Bongaigaon,4,0
Assam,Cachar,10,0
Assam,Chirang,4,0
Assam,Darrang,1,0
Assam,Dhemaji,0,1
Assam,Dibrugarh,7,1
Assam,Goalpara,4,1
Assam,Golaghat,1,2
Assam,Hailakandi,3,0
Assam,Jorhat,2,0
Assam,Kamrup,19,0
Assam,Kamrup Metro,6,0
Assam,Karbi Anglong,3,0
Assam,Karimganj,4,0
Assam,Kokrajhar,3,0
Assam,Lakhimpur,1,0
Assam,Nagaon,7,0
Assam,Nalbari,3,0
Assam,Sibsagar,3,0
Assam,Sonitpur,3,1
Assam,Tinsukia,4,0
Assam,Udalguri,3,0
Bihar,Araria,29,8
Bihar,Arwal,138,9
Bihar,Aurangabad,41,10
Bihar,Banka,64,3
Bihar,Begusarai,32,5
Bihar,Bhagalpur,50,10
Bihar,Bhojpur,64,5
Bihar,Buxar,31,8
Bihar,Darbhanga,1226,68
Bihar,East Champaran,80,7
Bihar,Gaya,115,24
Bihar,Gopalganj,2529,115
Bihar,Jamui,86,12
Bihar,Jehanabad,13,1
Bihar,Kaimur (Bhabua),25,4
Bihar,Katihar,5388,92
Bihar,Khagaria,19,4
Bihar,Kishanganj,1346,172
Bihar,Lakhisarai,19,5
Bihar,Madhepura,14,2
Bihar,Madhubani,84,10
Bihar,Munger,17,3
Bihar,Muzaffarpur,91,16
Bihar,Nalanda,1730,131
Bihar,Nawada,92,10
Bihar,Patna,1140,138
Bihar,Purnia,26,2
Bihar,Rohtas,2468,23
Bihar,Saharsa,209,181
Bihar,Samastipur,54,10
Bihar,Saran,57,17
Bihar,Sheikhpura,41,3
Bihar,Sheohar,414,17
Bihar,Sitamarhi,57,5
Bihar,Siwan,45,4
Bihar,Supaul,45,4
Bihar,Vaishali,1464,28
Bihar,West Champaran,34,5
Chandigarh,Chandigarh,336,242
Chhattisgarh,Balod,195,7
Chhattisgarh,Baloda Bazar,2,0
Chhattisgarh,Bastar,105,0
Chhattisgarh,Bemetara,29,0
Chhattisgarh,Bilaspur,187,1
Chhattisgarh,Dhamtari,26,5
Chhattisgarh,Durg,361,17
Chhattisgarh,Gariyaband,42,9
Chhattisgarh,Janjgir-champa,613,26
Chhattisgarh,Jashpur,3,2
Chhattisgarh,Kanker,1,0
Chhattisgarh,Kawardha,10,0
Chhattisgarh,Korba,5410,51
Chhattisgarh,Koriya,846,137
Chhattisgarh,Mahasamund,108,0
Chhattisgarh,Mungeli,37,1
Chhattisgarh,Mungeli ,2000,2
Chhattisgarh,Raigarh,181,6
Chhattisgarh,Raipur,1053,12
Chhattisgarh,Rajnandgaon,414,0
Chhattisgarh,Surajpur ,1,2
Chhattisgarh,Surguja,4,3
Dadra and Nagar Haveli,Dadra and Nagar Haveli,1678,114
Daman and Diu,Daman,10,14
Daman and Diu,Diu,0,14
Delhi,Central Delhi,230,262
Delhi,East Delhi,458,2158
Delhi,Najafgarh,0,118
Delhi,New Delhi,43,4
Delhi,North Delhi,195,603
Delhi,North East,3,1557
Delhi,North East Delhi,694,456
Delhi,North West Delhi,717,2960
Delhi,South Delhi,1401,1717
Delhi,South West Delhi,631,1285
Delhi,West Delhi,784,565
Goa,North Goa,16,1226
Goa,South Goa,18,90
Gujarat,Ahmadabad,13,0
Gujarat,Ahmedabad,4021,261
Gujarat,Amreli,1586,74
Gujarat,Anand,1134,47
Gujarat,Banaskantha,5514,124
Gujarat,Bharuch,6353,120
Gujarat,Bhavnagar,5201,41
Gujarat,Dahod,2261,131
Gujarat,Dohad,498,3
Gujarat,Gandhinagar,872,58
Gujarat,Jamnagar,3124,105
Gujarat,Junagadh,2820,141
Gujarat,Kachchh,1224,53
Gujarat,Kheda,5616,61
Gujarat,Mahesana,2662,55
Gujarat,Narmada,680,54
Gujarat,Navsari,645,245
Gujarat,Panchmahals,1146,58
Gujarat,Patan,2778,57
Gujarat,Porbandar,103,26
Gujarat,Rajkot,4450,98
Gujarat,Sabarkantha,607,46
Gujarat,Surat,8157,273
Gujarat,Surendra Nagar,1968,71
Gujarat,Tapi,778,15
Gujarat,The Dangs,223,0
Gujarat,Vadodara,7526,159
Gujarat,Valsad,2127,57
Haryana,Ambala,232,328
Haryana,Bhiwani,1511,110
Haryana,Faridabad,1588,393
Haryana,Fatehabad,1450,116
Haryana,Gurgaon,1099,225
Haryana,Hisar,2174,118
Haryana,Jhajjar,723,179
Haryana,Jind,1930,119
Haryana,Kaithal,1073,85
Haryana,Karnal,4222,170
Haryana,Kurukshetra,1137,136
Haryana,Mahendragarh,791,147
Haryana,Mewat,1690,184
Haryana,Palwal,627,81
Haryana,Panchkula,211,23
Haryana,Panipat,2235,129
Haryana,Rewari,1488,76
Haryana,Rohtak,1646,84
Haryana,Sirsa,2206,149
Haryana,Sonipat,318,191
Haryana,Yamuna Nagar,1945,111
Himachal Pradesh,Bilaspur,6,38
Himachal Pradesh,Chamba,19,18
Himachal Pradesh,Hamirpur,27,19
Himachal Pradesh,Kangra,167,91
Himachal Pradesh,Kinnaur,6,62
Himachal Pradesh,Kullu,31,17
Himachal Pradesh,Lahul and Spiti,3,0
Himachal Pradesh,Mandi,29,27
Himachal Pradesh,Shimla,107,119
Himachal Pradesh,Sirmaur,156,84
Himachal Pradesh,Solan,82,62
Himachal Pradesh,Una,6,21
Jammu and Kashmir,Anantnag,568,29
Jammu and Kashmir,Badgam,273,2
Jammu and Kashmir,Bandipore,36,0
Jammu and Kashmir,Baramula,66,0
Jammu and Kashmir,Doda,2277,18
Jammu and Kashmir,Jammu,877,16
Jammu and Kashmir,Kargil,47,1
Jammu and Kashmir,Kathua,304,7
Jammu and Kashmir,Kupwara,9,1
Jammu and Kashmir,Leh,223,8
Jammu and Kashmir,Pulwama,100,5
Jammu and Kashmir,Punch,8,0
Jammu and Kashmir,Rajouri,3,1
Jammu and Kashmir,Reasi,1,5
Jammu and Kashmir,Srinagar,37,3
Jammu and Kashmir,Udhampur,199,3
Jharkhand,Bokaro,439,342
Jharkhand,Chatra,1214,1122
Jharkhand,Deoghar,655,405
Jharkhand,Dhanbad,1047,337
Jharkhand,Dumka,282,287
Jharkhand,East Singhbhum,2044,85
Jharkhand,Garhwa,286,207
Jharkhand,Giridih,500,179
Jharkhand,Godda,1394,92
Jharkhand,Gumla,130,172
Jharkhand,Hazaribag,0,13
Jharkhand,Hazaribagh,182,319
Jharkhand,Jamtara,244,143
Jharkhand,Khunti,156,51
Jharkhand,Koderma,408,159
Jharkhand,Latehar,1226,654
Jharkhand,Lohardaga,40,41
Jharkhand,Pakur,734,218
Jharkhand,Palamau,0,2
Jharkhand,Palamu,1084,352
Jharkhand,Ramgarh,168,93
Jharkhand,Ranchi,363,328
Jharkhand,Sahebganj,955,115
Jharkhand,Seraikela-Kharsawan,47,51
Jharkhand,Simdega,509,91
Jharkhand,West Singhbhum,691,116
Karnataka,Bagalkot,1512,41
Karnataka,Bangalore,8801,828
Karnataka,Bangalore Rural,760,170
Karnataka,Belgaum,14471,1160
Karnataka,Bellary,3593,364
Karnataka,Bidar,967,118
Karnataka,Bijapur,400,41
Karnataka,Bijapur(KAR),0,98
Karnataka,Chamrajanagar,1411,97
Karnataka,Chickmagalur,1337,40
Karnataka,Chikkaballapur,146,273
Karnataka,Chitradurga,3980,328
Karnataka,Dakshina Kannada,2995,326
Karnataka,Davangere,749,86
Karnataka,Dharwad,79,125
Karnataka,Gadag,300,35
Karnataka,Gulbarga,922,149
Karnataka,Hassan,4028,210
Karnataka,Haveri,128,34
Karnataka,Kodagu,192,10
Karnataka,Kolar,2455,295
Karnataka,Koppal,353,190
Karnataka,Mandya,2198,168
Karnataka,Mysore,311,110
Karnataka,Raichur,2167,130
Karnataka,Ramanagar,2640,123
Karnataka,Shimoga,5406,158
Karnataka,Tumkur,128,239
Karnataka,Udupi,158,179
Karnataka,Uttara Kannada,71,70
Karnataka,Yadgir,1000,289
Kerala,Alappuzha,194,2059
Kerala,Ernakulam,272,1673
Kerala,Idukki,114,337
Kerala,Kannur,671,1713
Kerala,Kasaragod,118,114
Kerala,Kasargod,5,157
Kerala,Kollam,145,1481
Kerala,Kottayam,295,1087
Kerala,Kozhikode,300,1831
Kerala,Malappuram,784,460
Kerala,Palakkad,1002,838
Kerala,Pathanamthitta,35,3782
Kerala,Thiruvananthapuram,981,2664
Kerala,Thrissur,292,1651
Kerala,Wayanad,12,406
Lakshadweep,Lakshadweep,1,1
Madhya Pradesh,Alirajpur,505,29
Madhya Pradesh,Anuppur,1571,241
Madhya Pradesh,Ashok Nagar,406,34
Madhya Pradesh,Balaghat,5425,236
Madhya Pradesh,Barwani,787,79
Madhya Pradesh,Betul,2540,196
Madhya Pradesh,Bhind,617,72
Madhya Pradesh,Bhopal,638,327
Madhya Pradesh,Burhanpur,101,15
Madhya Pradesh,Chhatarpur,2043,136
Madhya Pradesh,Chhindwara,3011,380
Madhya Pradesh,Damoh,1767,54
Madhya Pradesh,Datia,357,32
Madhya Pradesh,Dewas,926,87
Madhya Pradesh,Dhar,1894,175
Madhya Pradesh,Dindori,2057,65
Madhya Pradesh,Guna,502,55
Madhya Pradesh,Gwalior,1032,239
Madhya Pradesh,Harda,118,25
Madhya Pradesh,Hoshangabad,114,47
Madhya Pradesh,Indore,1196,230
Madhya Pradesh,Jabalpur,1168,133
Madhya Pradesh,Jhabua,576,58
Madhya Pradesh,Katni,919,80
Madhya Pradesh,Khandwa,30,18
Madhya Pradesh,Khargone,1654,178
Madhya Pradesh,Mandla,3003,104
Madhya Pradesh,Mandsaur,144,183
Madhya Pradesh,Morena,1147,92
Madhya Pradesh,Narsinghpur,1675,155
Madhya Pradesh,Neemuch,279,52
Madhya Pradesh,Panna,848,40
Madhya Pradesh,Raisen,2001,119
Madhya Pradesh,Rajgarh,762,53
Madhya Pradesh,Ratlam,565,230
Madhya Pradesh,Rewa,1594,175
Madhya Pradesh,Sagar,2279,99
Madhya Pradesh,Satna,1471,198
Madhya Pradesh,Sehore,1375,64
Madhya Pradesh,Seoni,1316,324
Madhya Pradesh,Shahdol,2079,62
Madhya Pradesh,Shajapur,237,58
Madhya Pradesh,Sheopur,146,5
Madhya Pradesh,Shivpuri,1025,112
Madhya Pradesh,Sidhi,720,67
Madhya Pradesh,Singrauli,1271,56
Madhya Pradesh,Tikamgarh,1744,155
Madhya Pradesh,Ujjain,1562,179
Madhya Pradesh,Umaria,1158,96
Madhya Pradesh,Vidisha,437,84
Maharashtra,Ahmadnagar,2859,217
Maharashtra,Ahmed Nagar,12,5
Maharashtra,Akola,1017,151
Maharashtra,Amravati,288,162
Maharashtra,Aurangabad,2546,765
Maharashtra,Beed,1534,488
Maharashtra,Bhandara,617,411
Maharashtra,Buldhana,4038,147
Maharashtra,Chandrapur,635,185
Maharashtra,Dhule,459,60
Maharashtra,Gadchiroli,2114,90
Maharashtra,Gondia,0,1
Maharashtra,Gondiya,1017,162
Maharashtra,Hingoli,745,148
Maharashtra,Jalgaon,1545,599
Maharashtra,Jalna,779,437
Maharashtra,Kolhapur,5168,302
Maharashtra,Latur,335,206
Maharashtra,Mumbai,1380,500
Maharashtra,Mumbai City,0,1
Maharashtra,Mumbai( Sub Urban ),2,1
Maharashtra,Nagpur,4223,502
Maharashtra,Nanded,2467,317
Maharashtra,Nandurbar,855,68
Maharashtra,Nashik,5565,604
Maharashtra,Osmanabad,1383,343
Maharashtra,Parbhani,2667,467
Maharashtra,Pune,4103,651
Maharashtra,Raigarh,2437,153
Maharashtra,Raigarh(MH),0,1
Maharashtra,Ratnagiri,1806,182
Maharashtra,Sangli,2551,265
Maharashtra,Satara,2283,257
Maharashtra,Sindhudurg,2265,49
Maharashtra,Solapur,1718,422
Maharashtra,Thane,3454,992
Maharashtra,Wardha,432,98
Maharashtra,Washim,1896,168
Maharashtra,Yavatmal,3363,332
Manipur,Bishnupur,1,1
Manipur,Chandel,29,0
Manipur,Churachandpur,85,0
Manipur,Imphal East,311,14
Manipur,Imphal West,561,16
Manipur,Senapati,3,0
Manipur,Tamenglong,260,0
Manipur,Thoubal,4,0
Meghalaya,East Khasi Hills,2,0
Meghalaya,West Garo Hills,2,0
Mizoram,Aizawl,2,1
Nagaland,Dimapur,0,1
Nagaland,Kohima,0,3
Nagaland,Mokokchung,0,1
Nagaland,Mon,1,0
Nagaland,Phek,0,11
Odisha,Angul,9,3
Odisha,Anugul,1169,22
Odisha,Balangir,6,11
Odisha,Baleswar,235,940
Odisha,Bargarh,2838,133
Odisha,Baudh,26,6
Odisha,Bhadrak,370,251
Odisha,Boudh,0,1
Odisha,Cuttack,26,154
Odisha,Debagarh,35,8
Odisha,Dhenkanal,467,35
Odisha,Gajapati,697,20
Odisha,Ganjam,488,55
Odisha,Jagatsinghapur,374,10
Odisha,Jajapur,3517,987
Odisha,Jharsuguda,13,0
Odisha,Kalahandi,4,1
Odisha,Kandhamal,1303,23
Odisha,Kendrapara,73,112
Odisha,Kendujhar,399,63
Odisha,Khorda,36,5
Odisha,Khordha,19,1354
Odisha,Koraput,497,73
Odisha,Malkangiri,1,0
Odisha,Mayurbhanj,9913,2416
Odisha,Nabarangapur,3437,24
Odisha,Nayagarh,1324,190
Odisha,Nuapada,53,2
Odisha,Puri,9,235
Odisha,Rayagada,0,10
Odisha,Sambalpur,355,317
Odisha,Sonapur,15,19
Odisha,Sundergarh,5547,4237
Others,Others,205,5360
Puducherry,Karaikal,4629,44
Puducherry,Pondicherry,0,3082
Puducherry,Puducherry,29,26
Puducherry,Yanam,0,16
Punjab,Amritsar,1643,689
Punjab,Barnala,31,53
Punjab,Bathinda,266,118
Punjab,Faridkot,82,33
Punjab,Fatehgarh Sahib,56,44
Punjab,Fazilka,452,110
Punjab,Ferozepur,909,90
Punjab,Gurdaspur,611,366
Punjab,Hoshiarpur,886,196
Punjab,Jalandhar,626,329
Punjab,Kapurthala,327,197
Punjab,Ludhiana,962,547
Punjab,Mansa,1057,93
Punjab,Moga,327,58
Punjab,Muktsar,1,1
Punjab,Nawanshahr,0,1
Punjab,Pathankot,262,127
Punjab,Patiala,3324,479
Punjab,Rupnagar,381,100
Punjab,SAS Nagar (Mohali),576,96
Punjab,Sangrur,1432,153
Punjab,Shaheed Bhagat Singh Nagar,46,129
Punjab,Sri Muktsar Sahib,273,104
Punjab,Tarn Taran,1107,308
Rajasthan,Ajmer,359,284
Rajasthan,Alwar,851,499
Rajasthan,Banswara,1174,134
Rajasthan,Baran,277,56
Rajasthan,Barmer,942,156
Rajasthan,Bharatpur,1866,174
Rajasthan,Bhilwara,2460,140
Rajasthan,Bikaner,1820,372
Rajasthan,Bundi,632,232
Rajasthan,Chittorgarh,3258,161
Rajasthan,Churu,1677,1726
Rajasthan,Dausa,604,756
Rajasthan,Dholpur,1014,625
Rajasthan,Dungarpur,1837,201
Rajasthan,Ganganagar,6901,156
Rajasthan,Hanumangarh,2053,51
Rajasthan,Jaipur,8018,729
Rajasthan,Jaisalmer,582,46
Rajasthan,Jalor,1586,113
Rajasthan,Jhalawar,700,146
Rajasthan,Jhunjhunu,2,4
Rajasthan,Jhunjhunun,609,198
Rajasthan,Jodhpur,3500,208
Rajasthan,Karauli,867,568
Rajasthan,Kota,610,137
Rajasthan,Nagaur,2297,243
Rajasthan,Pali,1126,165
Rajasthan,Pratapgarh,1466,106
Rajasthan,Rajsamand,167,75
Rajasthan,Sawai Madhopur,1614,181
Rajasthan,Sikar,1857,224
Rajasthan,Sirohi,225,69
Rajasthan,Tonk,3595,558
Rajasthan,Udaipur,741,1238
Sikkim,East Sikkim,8,13
Sikkim,North Sikkim,1,0
Sikkim,South Sikkim,1,4
Sikkim,West Sikkim,1,9
Tamil Nadu,Ariyalur,111,26
Tamil Nadu,Chennai,10176,1130
Tamil Nadu,Coimbatore,7357,427
Tamil Nadu,Cuddalore,151,133
Tamil Nadu,Dharmapuri,107,38
Tamil Nadu,Dindigul,465,130
Tamil Nadu,Erode,2600,8434
Tamil Nadu,Kancheepuram,1017,74
Tamil Nadu,Kanchipuram,0,48
Tamil Nadu,Kanniyakumari,821,40
Tamil Nadu,Kanyakumari,1,3
Tamil Nadu,Karur,574,97
Tamil Nadu,Krishnagiri,2831,933
Tamil Nadu,Madurai,415,177
Tamil Nadu,Nagapattinam,579,123
Tamil Nadu,Namakkal,4192,81
Tamil Nadu,Nilgiris,1,0
Tamil Nadu,Perambalur,109,16
Tamil Nadu,Pudukkottai,74,103
Tamil Nadu,Ramanathapuram,2268,30
Tamil Nadu,Salem,4973,146
Tamil Nadu,Sivaganga,21866,641
Tamil Nadu,Thanjavur,1652,535
Tamil Nadu,The Nilgiris,1438,45
Tamil Nadu,Theni,2247,625
Tamil Nadu,Thiruvarur,380,103
Tamil Nadu,Thoothukkudi,1759,25
Tamil Nadu,Tiruchirappalli,852,62
Tamil Nadu,Tirunelveli,209,78
Tamil Nadu,Tiruppur,9114,314
Tamil Nadu,Tiruvallur,11507,998
Tamil Nadu,Tiruvannamalai,4262,122
Tamil Nadu,Tiruvarur,0,11
Tamil Nadu,Vellore,1820,155
Tamil Nadu,Villupuram,0,141
Tamil Nadu,Viluppuram,6355,131
Tamil Nadu,Virudhunagar,206,25
Tripura,Dhalai,78,15
Tripura,Gomati,36,18
Tripura,Khowai,2,2
Tripura,North Tripura,357,53
Tripura,Sepahijala,9,7
Tripura,South Tripura,137,5
Tripura,Unakoti,45,41
Tripura,West Tripura,538,58
Uttar Pradesh,Agra,72,114
Uttar Pradesh,Aligarh,201,159
Uttar Pradesh,Allahabad,445,324
Uttar Pradesh,Ambedkar Nagar,35,2
Uttar Pradesh,Amethi,2662,59
Uttar Pradesh,Amroha,1263,21
Uttar Pradesh,Auraiya,22,4
Uttar Pradesh,Azamgarh,436,38
Uttar Pradesh,Baghpat,24,15
Uttar Pradesh,Bahraich,17,0
Uttar Pradesh,Ballia,1793,20
Uttar Pradesh,Balrampur,911,19
Uttar Pradesh,Banda,507,15
Uttar Pradesh,Bara Banki,60,10
Uttar Pradesh,Barabanki,0,6
Uttar Pradesh,Bareilly,1985,321
Uttar Pradesh,Basti,54,8
Uttar Pradesh,Bijnor,2111,132
Uttar Pradesh,Budaun,16,1
Uttar Pradesh,Bulandshahr,172,52
Uttar Pradesh,Chandauli,1402,80
Uttar Pradesh,Chitrakoot,142,116
Uttar Pradesh,Deoria,285,89
Uttar Pradesh,Etah,13,6
Uttar Pradesh,Etawah,475,204
Uttar Pradesh,Faizabad,1130,17
Uttar Pradesh,Farrukhabad,286,32
Uttar Pradesh,Fatehpur,1530,30
Uttar Pradesh,Firozabad,28,10
Uttar Pradesh,Gautam Buddha Nagar,349,266
Uttar Pradesh,Ghaziabad,928,155
Uttar Pradesh,Ghazipur,2083,71
Uttar Pradesh,Gonda,2054,59
Uttar Pradesh,Gorakhpur,1593,185
Uttar Pradesh,Hamirpur,13,1
Uttar Pradesh,Hardoi,34,3
Uttar Pradesh,Hathras,657,45
Uttar Pradesh,Jalaun,16,0
Uttar Pradesh,Jaunpur,64,25
Uttar Pradesh,Jhansi,1422,574
Uttar Pradesh,Kannauj,729,14
Uttar Pradesh,Kanpur Dehat,6,5
Uttar Pradesh,Kanpur Nagar,402,50
Uttar Pradesh,Kasganj,43,7
Uttar Pradesh,Kaushambi,423,3
Uttar Pradesh,Kheri,2,19
Uttar Pradesh,Kushinagar,479,24
Uttar Pradesh,Lalitpur,19,5
Uttar Pradesh,Lucknow,655,80
Uttar Pradesh,Maharajganj,2830,34
Uttar Pradesh,Mahoba,42,10
Uttar Pradesh,Mainpuri,401,54
Uttar Pradesh,Mathura,145,38
Uttar Pradesh,Mau,46,3
Uttar Pradesh,Meerut,1003,90
Uttar Pradesh,Mirzapur,20,3
Uttar Pradesh,Moradabad,40,10
Uttar Pradesh,Muzaffarnagar,879,7
Uttar Pradesh,Pilibhit,3266,111
Uttar Pradesh,Pratapgarh,2049,234
Uttar Pradesh,Rae Bareli,6016,340
Uttar Pradesh,Rampur,8,0
Uttar Pradesh,Saharanpur,552,31
Uttar Pradesh,Sambhal,11,1
Uttar Pradesh,Sant Kabir Nagar,3679,71
Uttar Pradesh,Sant Ravidas Nagar,598,40
Uttar Pradesh,Shahjahanpur,2794,64
Uttar Pradesh,Shamli,22,2
Uttar Pradesh,Shrawasti,118,31
Uttar Pradesh,Siddharthnagar,237,6
Uttar Pradesh,Sitapur,6,1
Uttar Pradesh,Sonbhadra,194,24
Uttar Pradesh,Sultanpur,87,6
Uttar Pradesh,Unnao,118,66
Uttar Pradesh,Varanasi,1878,171
Uttarakhand,Almora,16,2
Uttarakhand,Bageshwar,30,12
Uttarakhand,Chamoli,11,2
Uttarakhand,Champawat,258,1
Uttarakhand,Dehradun,137,80
Uttarakhand,Garhwal,1,1
Uttarakhand,Haridwar,1420,58
Uttarakhand,Nainital,12,1
Uttarakhand,Pauri Garhwal,18,5
Uttarakhand,Pithoragarh,9,2
Uttarakhand,Rudraprayag,4,1
Uttarakhand,Tehri Garhwal,616,58
Uttarakhand,Udham Singh Nagar,170,41
Uttarakhand,Uttarkashi,2,0
West Bengal,Bankura,1010,19
West Bengal,Barddhaman,1514,101
West Bengal,Bardhaman,1080,43
West Bengal,Birbhum,1794,88
West Bengal,Cooch Behar,364,84
West Bengal,Dakshin Dinajpur,1512,20
West Bengal,Darjeeling,3231,97
West Bengal,East Midnapore,1365,41
West Bengal,Hooghly,1103,243
West Bengal,Howrah,1346,135
West Bengal,Jalpaiguri,2987,167
West Bengal,Kolkata,632,686
West Bengal,Malda,5306,98
West Bengal,Medinipur,264,11
West Bengal,Murshidabad,6505,99
West Bengal,Nadia,1953,159
West Bengal,North 24 Parganas,9263,594
West Bengal,North Dinajpur,6,1
West Bengal,Paschim Medinipur,188,8
West Bengal,Purba Medinipur,610,192
West Bengal,Purulia,39,7
West Bengal,Puruliya,1534,44
West Bengal,South 24 Parganas,24941,276
West Bengal,South Twenty Four Parganas,66,95
West Bengal,Uttar Dinajpur,422,97
West Bengal,West Midnapore,78,7
