State,District,Aadhaar generated,Enrolment Rejected
Andaman and Nicobar Islands,North And Middle Andaman,1,0
Andaman and Nicobar Islands,South Andaman,475,0
Andhra Pradesh,Adilabad,2319,450
Andhra Pradesh,Anantapur,0,4
Andhra Pradesh,Ananthapur,1144,220
Andhra Pradesh,Chittoor,881,71
Andhra Pradesh,Cuddapah,840,83
Andhra Pradesh,East Godavari,422,86
Andhra Pradesh,Guntur,427,116
Andhra Pradesh,Hyderabad,2327,339
Andhra Pradesh,Karimnagar,1344,479
Andhra Pradesh,Khammam,1063,456
Andhra Pradesh,Krishna,547,174
Andhra Pradesh,Kurnool,5553,1685
Andhra Pradesh,Mahbubnagar,8926,1851
Andhra Pradesh,Medak,1245,1145
Andhra Pradesh,Nalgonda,1642,336
Andhra Pradesh,Nellore,2800,283
Andhra Pradesh,Nizamabad,2742,594
Andhra Pradesh,Prakasam,2123,966
Andhra Pradesh,Ranga Reddy,4601,680
Andhra Pradesh,Srikakulam,198,46
Andhra Pradesh,Visakhapatnam,2670,634
Andhra Pradesh,Vizianagaram,1400,424
Andhra Pradesh,Warangal,1184,675
Andhra Pradesh,West Godavari,1868,653
Arunachal Pradesh,East Siang,1,0
Arunachal Pradesh,Lohit,1,0
Arunachal Pradesh,Lower Subansiri,1,0
Arunachal Pradesh,Papum Pare,76,0
Arunachal Pradesh,West Kameng,171,1
Assam,Baksa,7,0
Assam,Barpeta,9,0
Assam,Bongaigaon,1,0
Assam,Cachar,15,0
Assam,Chirang,1,1
Assam,Darrang,2,0
Assam,Dhemaji,2,0
Assam,Dibrugarh,2,0
Assam,Goalpara,5,0
Assam,Golaghat,4,0
Assam,Hailakandi,7,0
Assam,Jorhat,7,0
Assam,Kamrup,12,1
Assam,Kamrup Metro,1,0
Assam,Karbi Anglong,4,1
Assam,Karimganj,11,0
Assam,Kokrajhar,4,0
Assam,Lakhimpur,0,1
Assam,Marigaon,2,0
Assam,Nagaon,12,0
Assam,Nalbari,2,0
Assam,Sibsagar,1,0
Assam,Sonitpur,5,0
Assam,Tinsukia,3,1
Assam,Udalguri,14,0
Bihar,Araria,48,0
Bihar,Arwal,466,12
Bihar,Aurangabad,130,5
Bihar,Banka,94,8
Bihar,Begusarai,79,3
Bihar,Bhagalpur,120,7
Bihar,Bhojpur,112,4
Bihar,Buxar,75,4
Bihar,Darbhanga,1458,118
Bihar,East Champaran,143,4
Bihar,Gaya,685,34
Bihar,Gopalganj,5350,93
Bihar,Jamui,224,10
Bihar,Jehanabad,31,0
Bihar,Kaimur (Bhabua),49,2
Bihar,Katihar,15250,961
Bihar,Khagaria,24,1
Bihar,Kishanganj,6271,164
Bihar,Lakhisarai,31,2
Bihar,Madhepura,24,0
Bihar,Madhubani,279,15
Bihar,Munger,55,2
Bihar,Muzaffarpur,158,4
Bihar,Nalanda,4323,2500
Bihar,Nawada,391,12
Bihar,Patna,3879,46
Bihar,Purnia,47,4
Bihar,Rohtas,319,7
Bihar,Saharsa,2713,12
Bihar,Samastipur,127,9
Bihar,Saran,170,8
Bihar,Sheikhpura,301,5
Bihar,Sheohar,452,64
Bihar,Sitamarhi,121,4
Bihar,Siwan,139,4
Bihar,Supaul,105,3
Bihar,Vaishali,479,27
Bihar,West Champaran,78,2
Chandigarh,Chandigarh,673,43
Chhattisgarh,Balod,10,0
Chhattisgarh,Baloda Bazar,5,0
Chhattisgarh,Balrampur,3,0
Chhattisgarh,Bastar,64,1
Chhattisgarh,Bemetara,318,0
Chhattisgarh,Bilaspur,34,0
Chhattisgarh,Dhamtari,28,22
Chhattisgarh,Durg,195,8
Chhattisgarh,Gariyaband,795,1
Chhattisgarh,Janjgir Champa,2037,14
Chhattisgarh,Jashpur,6,0
Chhattisgarh,Kanker,2,0
Chhattisgarh,Kawardha,7,0
Chhattisgarh,Korba,2565,14
Chhattisgarh,Koriya,350,84
Chhattisgarh,Mahasamund,347,18
Chhattisgarh,Mungeli,988,1
Chhattisgarh,Raigarh,261,23
Chhattisgarh,Raipur,538,5
Chhattisgarh,Rajnandgaon,45,2
Chhattisgarh,Surajpur,913,1
Chhattisgarh,Surguja,10,1
Dadra and Nagar Haveli,Dadra and Nagar Haveli,128,61
Daman and Diu,Daman,85,4
Daman and Diu,Diu,3,2
Delhi,Central Delhi,457,75
Delhi,East Delhi,749,215
Delhi,Najafgarh,0,1
Delhi,New Delhi,32,5
Delhi,North Delhi,255,64
Delhi,North East,1,9
Delhi,North East Delhi,657,154
Delhi,North West Delhi,911,273
Delhi,South Delhi,2441,369
Delhi,South West Delhi,631,203
Delhi,West Delhi,636,187
Goa,North Goa,11,2
Goa,South Goa,23,4
Gujarat,Ahmedabad,10190,216
Gujarat,Amreli,1806,67
Gujarat,Anand,4721,45
Gujarat,Banaskantha,8617,98
Gujarat,Bharuch,5874,247
Gujarat,Bhavnagar,6566,65
Gujarat,Dahod,3516,205
Gujarat,Gandhinagar,936,77
Gujarat,Jamnagar,3844,67
Gujarat,Junagadh,11743,356
Gujarat,Kachchh,2991,147
Gujarat,Kheda,4400,78
Gujarat,Mahesana,12197,104
Gujarat,Narmada,655,17
Gujarat,Navsari,3451,118
Gujarat,Panchmahal,1016,133
Gujarat,Patan,2292,65
Gujarat,Porbandar,254,67
Gujarat,Rajkot,14107,196
Gujarat,Sabarkantha,2104,256
Gujarat,Surat,12124,268
Gujarat,Surendranagar,4204,74
Gujarat,Tapi,1039,75
Gujarat,The Dangs,215,2
Gujarat,Vadodara,12082,146
Gujarat,Valsad,6109,85
Haryana,Ambala,588,46
Haryana,Bhiwani,1964,161
Haryana,Faridabad,2896,406
Haryana,Fatehabad,477,295
Haryana,Gurgaon,2973,146
Haryana,Hisar,1777,310
Haryana,Jhajjar,864,147
Haryana,Jind,2134,308
Haryana,Kaithal,811,207
Haryana,Karnal,1869,317
Haryana,Kurukshetra,562,220
Haryana,Mahendragarh,1303,60
Haryana,Mewat,1670,354
Haryana,Palwal,894,108
Haryana,Panchkula,193,22
Haryana,Panipat,3352,404
Haryana,Rewari,1375,381
Haryana,Rohtak,1135,104
Haryana,Sirsa,1980,130
Haryana,Sonipat,351,105
Haryana,Yamuna Nagar,1607,235
Himachal Pradesh,Bilaspur,25,0
Himachal Pradesh,Chamba,727,25
Himachal Pradesh,Hamirpur,35,2
Himachal Pradesh,Kangra,537,23
Himachal Pradesh,Kinnaur,10,0
Himachal Pradesh,Kullu,46,31
Himachal Pradesh,Lahul and Spiti,6,0
Himachal Pradesh,Mandi,60,11
Himachal Pradesh,Shimla,154,24
Himachal Pradesh,Sirmaur,75,21
Himachal Pradesh,Solan,180,6
Himachal Pradesh,Una,28,1
Jammu and Kashmir,Anantnag,366,7
Jammu and Kashmir,Badgam,174,0
Jammu and Kashmir,Bandipore,138,1
Jammu and Kashmir,Baramula,59,0
Jammu and Kashmir,Doda,1732,0
Jammu and Kashmir,Jammu,1258,3
Jammu and Kashmir,Kargil,500,1
Jammu and Kashmir,Kathua,87,13
Jammu and Kashmir,Kupwara,1802,2
Jammu and Kashmir,Leh,89,5
Jammu and Kashmir,Pulwama,1,0
Jammu and Kashmir,Punch,1,0
Jammu and Kashmir,Rajouri,7,0
Jammu and Kashmir,Reasi,0,289
Jammu and Kashmir,Srinagar,1423,3
Jammu and Kashmir,Udhampur,94,1
Jharkhand,Bokaro,1497,200
Jharkhand,Chatra,2294,309
Jharkhand,Deoghar,5220,389
Jharkhand,Dhanbad,4182,460
Jharkhand,Dumka,1266,230
Jharkhand,East Singhbhum,2998,1682
Jharkhand,Garhwa,1379,317
Jharkhand,Giridih,1672,418
Jharkhand,Godda,1604,378
Jharkhand,Gumla,1180,106
Jharkhand,Hazaribagh,833,173
Jharkhand,Jamtara,1782,397
Jharkhand,Khunti,675,18
Jharkhand,Koderma,1579,500
Jharkhand,Latehar,1059,227
Jharkhand,Lohardaga,619,34
Jharkhand,Pakur,1264,197
Jharkhand,Palamu,3801,550
Jharkhand,Ramgarh,1190,228
Jharkhand,Ranchi,2822,185
Jharkhand,Sahibganj,1242,898
Jharkhand,Seraikela-Kharsawan,409,31
Jharkhand,Simdega,644,82
Jharkhand,West Singhbhum,2773,191
Karnataka,Bagalkot,2792,380
Karnataka,Bangalore,7862,843
Karnataka,Bangalore Rural,400,126
Karnataka,Belgaum,9435,2557
Karnataka,Bellary,5720,769
Karnataka,Bidar,2206,317
Karnataka,Bijapur,1027,423
Karnataka,Bijapur(KAR),0,5
Karnataka,Chamarajanagar,1945,113
Karnataka,Chikkaballapur,1437,233
Karnataka,Chikmagalur,3039,82
Karnataka,Chitradurga,1743,273
Karnataka,Dakshina Kannada,12937,1214
Karnataka,Davangere,2676,74
Karnataka,Dharwad,254,216
Karnataka,Gadag,193,38
Karnataka,Gulbarga,1569,261
Karnataka,Hassan,3967,234
Karnataka,Haveri,190,156
Karnataka,Kodagu,566,6
Karnataka,Kolar,4297,1508
Karnataka,Koppal,1159,108
Karnataka,Mandya,3696,448
Karnataka,Mysore,478,59
Karnataka,Raichur,1155,224
Karnataka,Ramanagar,1457,95
Karnataka,Shimoga,3475,194
Karnataka,Tumkur,88,18
Karnataka,Udupi,885,20
Karnataka,Uttara Kannada,779,295
Karnataka,Yadgir,2099,194
Kerala,Alappuzha,1349,233
Kerala,Ernakulam,1804,50
Kerala,Idukki,282,12
Kerala,Kannur,1812,220
Kerala,Kasaragod,660,45
Kerala,Kollam,865,48
Kerala,Kottayam,1173,46
Kerala,Kozhikode,1282,88
Kerala,Malappuram,3477,169
Kerala,Palakkad,1780,69
Kerala,Pathanamthitta,398,69
Kerala,Thiruvananthapuram,1848,435
Kerala,Thrissur,1816,120
Kerala,Wayanad,65,7
Lakshadweep,Lakshadweep,8,19
Madhya Pradesh,Alirajpur,1245,842
Madhya Pradesh,Anuppur,2497,320
Madhya Pradesh,Ashok Nagar,816,57
Madhya Pradesh,Balaghat,3341,791
Madhya Pradesh,Barwani,3611,269
Madhya Pradesh,Betul,4396,186
Madhya Pradesh,Bhind,680,152
Madhya Pradesh,Bhopal,1910,223
Madhya Pradesh,Burhanpur,350,40
Madhya Pradesh,Chhatarpur,4884,386
Madhya Pradesh,Chhindwara,4535,517
Madhya Pradesh,Damoh,1233,217
Madhya Pradesh,Datia,625,199
Madhya Pradesh,Dewas,1478,98
Madhya Pradesh,Dhar,2942,520
Madhya Pradesh,Dindori,1669,776
Madhya Pradesh,Guna,967,299
Madhya Pradesh,Gwalior,2667,213
Madhya Pradesh,Harda,229,30
Madhya Pradesh,Hoshangabad,365,42
Madhya Pradesh,Indore,3268,242
Madhya Pradesh,Jabalpur,923,205
Madhya Pradesh,Jhabua,1118,825
Madhya Pradesh,Katni,1142,780
Madhya Pradesh,Khandwa,185,17
Madhya Pradesh,Khargone,2619,210
Madhya Pradesh,Mandla,1831,515
Madhya Pradesh,Mandsaur,1040,126
Madhya Pradesh,Morena,931,106
Madhya Pradesh,Narsinghpur,976,311
Madhya Pradesh,Neemuch,863,43
Madhya Pradesh,Panna,1535,210
Madhya Pradesh,Raisen,2505,298
Madhya Pradesh,Rajgarh,588,151
Madhya Pradesh,Ratlam,1117,68
Madhya Pradesh,Rewa,1901,569
Madhya Pradesh,Sagar,2914,284
Madhya Pradesh,Satna,2514,699
Madhya Pradesh,Sehore,1819,210
Madhya Pradesh,Seoni,960,296
Madhya Pradesh,Shahdol,1363,502
Madhya Pradesh,Shajapur,959,55
Madhya Pradesh,Sheopur,431,23
Madhya Pradesh,Shivpuri,3176,450
Madhya Pradesh,Sidhi,407,308
Madhya Pradesh,Singrauli,982,360
Madhya Pradesh,Tikamgarh,1069,344
Madhya Pradesh,Ujjain,3911,338
Madhya Pradesh,Umaria,1091,281
Madhya Pradesh,Vidisha,3225,231
Maharashtra,Ahmednagar,9059,381
Maharashtra,Akola,3741,152
Maharashtra,Amravati,963,580
Maharashtra,Aurangabad,4913,498
Maharashtra,Beed,4427,260
Maharashtra,Bhandara,3484,284
Maharashtra,Buldhana,9426,532
Maharashtra,Chandrapur,5543,192
Maharashtra,Dhule,1907,178
Maharashtra,Gadchiroli,5531,466
Maharashtra,Gondia,1974,397
Maharashtra,Hingoli,3213,103
Maharashtra,Jalgaon,7126,285
Maharashtra,Jalna,2929,360
Maharashtra,Kolhapur,14804,497
Maharashtra,Latur,1367,105
Maharashtra,Mumbai,7568,319
Maharashtra,Nagpur,8080,454
Maharashtra,Nanded,7073,498
Maharashtra,Nandurbar,3833,529
Maharashtra,Nashik,14882,731
Maharashtra,Osmanabad,2769,160
Maharashtra,Parbhani,7670,197
Maharashtra,Pune,9783,330
Maharashtra,Raigad,12911,311
Maharashtra,Ratnagiri,2161,96
Maharashtra,Sangli,4838,346
Maharashtra,Satara,10493,241
Maharashtra,Sindhudurg,3817,257
Maharashtra,Solapur,7649,354
Maharashtra,Thane,14693,827
Maharashtra,Wardha,1112,147
Maharashtra,Washim,3720,154
Maharashtra,Yavatmal,8374,582
Manipur,Bishnupur,6,0
Manipur,Chandel,137,0
Manipur,Churachandpur,1025,6
Manipur,Imphal East,289,5
Manipur,Imphal West,1599,10
Manipur,Senapati,5,0
Manipur,Tamenglong,4,1
Manipur,Thoubal,2,0
Meghalaya,East Khasi Hills,6,0
Meghalaya,West Khasi Hills,1,0
Mizoram,Aizawl,1,0
Mizoram,Lunglei,1,0
Nagaland,Dimapur,1,0
Nagaland,Longleng,17,0
Nagaland,Mokokchung,2,2
Nagaland,Mon,44,0
Nagaland,Phek,0,1
Nagaland,Tuensang,5,0
Odisha,Angul,4,1
Odisha,Anugul,2355,85
Odisha,Balangir,87,6
Odisha,Baleswar,219,81
Odisha,Bargarh,573,301
Odisha,Baudh,499,5
Odisha,Bhadrak,125,280
Odisha,Boudh,1,0
Odisha,Cuttack,1492,137
Odisha,Debagarh,538,47
Odisha,Dhenkanal,917,33
Odisha,Gajapati,4733,22
Odisha,Ganjam,912,86
Odisha,Jagatsinghapur,123,41
Odisha,Jajapur,1450,423
Odisha,Jharsuguda,6,0
Odisha,Kalahandi,7,0
Odisha,Kandhamal,583,40
Odisha,Kendrapara,663,11
Odisha,Kendujhar,1992,2690
Odisha,Khorda,100,73
Odisha,Khordha,109,7
Odisha,Koraput,196,10
Odisha,Mayurbhanj,1763,508
Odisha,Nabarangapur,3783,67
Odisha,Nayagarh,1182,115
Odisha,Nuapada,35,3
Odisha,Puri,468,6
Odisha,Rayagada,2,1
Odisha,Sambalpur,236,134
Odisha,Sonapur,11,9
Odisha,Sundergarh,641,560
Others,Others,44,17519
Puducherry,Karaikal,138,2
Puducherry,Puducherry,72,9
Puducherry,Yanam,2,0
Punjab,Amritsar,3298,409
Punjab,Barnala,146,5
Punjab,Bathinda,340,95
Punjab,Faridkot,255,15
Punjab,Fatehgarh Sahib,47,19
Punjab,Fazilka,369,162
Punjab,Firozpur,866,65
Punjab,Gurdaspur,1204,117
Punjab,Hoshiarpur,698,66
Punjab,Jalandhar,1232,68
Punjab,Kapurthala,640,60
Punjab,Ludhiana,3792,222
Punjab,Mansa,1425,141
Punjab,Moga,200,37
Punjab,Muktsar,8,0
Punjab,Pathankot,417,88
Punjab,Patiala,1033,235
Punjab,Rupnagar,419,40
Punjab,SAS Nagar (Mohali),596,145
Punjab,Sangrur,1426,374
Punjab,Shaheed Bhagat Singh Nagar,129,7
Punjab,Sri Muktsar Sahib,585,102
Punjab,Tarn Taran,1608,316
Rajasthan,Ajmer,690,98
Rajasthan,Alwar,1063,344
Rajasthan,Banswara,1295,325
Rajasthan,Baran,658,93
Rajasthan,Barmer,1821,502
Rajasthan,Bharatpur,2230,154
Rajasthan,Bhilwara,2694,451
Rajasthan,Bikaner,1071,449
Rajasthan,Bundi,772,83
Rajasthan,Chittorgarh,2180,191
Rajasthan,Churu,1292,207
Rajasthan,Dausa,617,139
Rajasthan,Dholpur,1704,145
Rajasthan,Dungarpur,2568,440
Rajasthan,Ganganagar,2507,184
Rajasthan,Hanumangarh,1779,223
Rajasthan,Jaipur,5221,828
Rajasthan,Jaisalmer,2118,350
Rajasthan,Jalor,3403,495
Rajasthan,Jhalawar,840,205
Rajasthan,Jhunjhunu,2465,171
Rajasthan,Jodhpur,3510,473
Rajasthan,Karauli,1303,129
Rajasthan,Kota,1004,224
Rajasthan,Nagaur,2762,640
Rajasthan,Pali,1655,181
Rajasthan,Pratapgarh,717,222
Rajasthan,Rajsamand,878,299
Rajasthan,Sawai Madhopur,1609,164
Rajasthan,Sikar,2874,598
Rajasthan,Sirohi,975,208
Rajasthan,Tonk,914,91
Rajasthan,Udaipur,2317,369
Sikkim,East Sikkim,11,0
Sikkim,South Sikkim,5,1
Sikkim,West Sikkim,6,0
Tamil Nadu,Ariyalur,150,8
Tamil Nadu,Chennai,11547,197
Tamil Nadu,Coimbatore,3648,194
Tamil Nadu,Cuddalore,252,47
Tamil Nadu,Dharmapuri,149,112
Tamil Nadu,Dindigul,286,120
Tamil Nadu,Erode,750,274
Tamil Nadu,Kancheepuram,1467,93
Tamil Nadu,Kanyakumari,324,26
Tamil Nadu,Karur,1165,3
Tamil Nadu,Krishnagiri,2468,36
Tamil Nadu,Madurai,415,89
Tamil Nadu,Nagapattinam,330,8
Tamil Nadu,Namakkal,64,40
Tamil Nadu,Nilgiris,6,0
Tamil Nadu,Perambalur,713,11
Tamil Nadu,Pudukkottai,994,3
Tamil Nadu,Ramanathapuram,464,24
Tamil Nadu,Salem,1426,60
Tamil Nadu,Sivaganga,416,179
Tamil Nadu,Thanjavur,1328,105
Tamil Nadu,The Nilgiris,1076,19
Tamil Nadu,Theni,35,31
Tamil Nadu,Thiruvarur,49,7
Tamil Nadu,Thoothukudi,311,27
Tamil Nadu,Tiruchirappalli,1520,17
Tamil Nadu,Tirunelveli,8702,213
Tamil Nadu,Tirupur,3739,75
Tamil Nadu,Tiruvallur,24924,350
Tamil Nadu,Tiruvannamalai,837,49
Tamil Nadu,Vellore,14206,366
Tamil Nadu,Viluppuram,3123,173
Tamil Nadu,Virudhunagar,6060,391
Tripura,Dhalai,104,6
Tripura,Gomati,75,6
Tripura,Khowai,7,0
Tripura,North Tripura,373,9
Tripura,Sepahijala,22,1
Tripura,South Tripura,10,0
Tripura,Unakoti,28,4
Tripura,West Tripura,65,7
Uttar Pradesh,Agra,686,97
Uttar Pradesh,Aligarh,450,62
Uttar Pradesh,Allahabad,3233,54
Uttar Pradesh,Ambedkar Nagar,80,4
Uttar Pradesh,Amethi,2510,81
Uttar Pradesh,Amroha,1110,25
Uttar Pradesh,Auraiya,65,3
Uttar Pradesh,Azamgarh,638,68
Uttar Pradesh,Baghpat,1455,10
Uttar Pradesh,Bahraich,50,0
Uttar Pradesh,Ballia,962,19
Uttar Pradesh,Balrampur,4946,21
Uttar Pradesh,Banda,797,62
Uttar Pradesh,Barabanki,312,3
Uttar Pradesh,Bareilly,2086,284
Uttar Pradesh,Basti,147,5
Uttar Pradesh,Bijnor,1855,242
Uttar Pradesh,Budaun,39,1
Uttar Pradesh,Bulandshahr,2010,6
Uttar Pradesh,Chandauli,4031,74
Uttar Pradesh,Chitrakoot,671,112
Uttar Pradesh,Deoria,616,29
Uttar Pradesh,Etah,65,2
Uttar Pradesh,Etawah,2172,93
Uttar Pradesh,Faizabad,321,35
Uttar Pradesh,Farrukhabad,1135,54
Uttar Pradesh,Fatehpur,3397,24
Uttar Pradesh,Firozabad,149,4
Uttar Pradesh,Gautam Buddha Nagar,1143,90
Uttar Pradesh,Ghaziabad,3301,113
Uttar Pradesh,Ghazipur,2876,80
Uttar Pradesh,Gonda,5835,26
Uttar Pradesh,Gorakhpur,1893,44
Uttar Pradesh,Hamirpur,1605,3
Uttar Pradesh,Hardoi,58,5
Uttar Pradesh,Hathras,1033,145
Uttar Pradesh,Jalaun,863,29
Uttar Pradesh,Jaunpur,216,7
Uttar Pradesh,Jhansi,670,22
Uttar Pradesh,Jyotiba Phule Nagar,1,0
Uttar Pradesh,Kannauj,905,4
Uttar Pradesh,Kanpur Dehat,307,5
Uttar Pradesh,Kanpur Nagar,1065,105
Uttar Pradesh,Kasganj,1375,9
Uttar Pradesh,Kaushambi,140,5
Uttar Pradesh,Kheri,3077,53
Uttar Pradesh,Kushinagar,921,12
Uttar Pradesh,Lalitpur,7,0
Uttar Pradesh,Lucknow,3020,47
Uttar Pradesh,Maharajganj,2610,13
Uttar Pradesh,Mahoba,219,16
Uttar Pradesh,Mahrajganj,0,1
Uttar Pradesh,Mainpuri,2011,24
Uttar Pradesh,Mathura,273,9
Uttar Pradesh,Mau,98,3
Uttar Pradesh,Meerut,1626,76
Uttar Pradesh,Mirzapur,56,6
Uttar Pradesh,Moradabad,589,11
Uttar Pradesh,Muzaffarnagar,54,8
Uttar Pradesh,Pilibhit,3031,2087
Uttar Pradesh,Pratapgarh,7062,264
Uttar Pradesh,Raebareli,5257,350
Uttar Pradesh,Rampur,16,1
Uttar Pradesh,Saharanpur,1015,34
Uttar Pradesh,Sambhal,17,0
Uttar Pradesh,Sant Kabir Nagar,6253,148
Uttar Pradesh,Sant Ravidas Nagar,3570,225
Uttar Pradesh,Shahjahanpur,2989,45
Uttar Pradesh,Shamli,115,5
Uttar Pradesh,Shrawasti,325,48
Uttar Pradesh,Siddharthnagar,243,4
Uttar Pradesh,Sitapur,19,1
Uttar Pradesh,Sonbhadra,1254,64
Uttar Pradesh,Sultanpur,79,0
Uttar Pradesh,Unnao,2009,20
Uttar Pradesh,Varanasi,2092,89
Uttarakhand,Almora,40,3
Uttarakhand,Bageshwar,33,22
Uttarakhand,Chamoli,13,0
Uttarakhand,Champawat,724,27
Uttarakhand,Dehradun,559,27
Uttarakhand,Haridwar,2476,17
Uttarakhand,Nainital,21,2
Uttarakhand,Pauri Garhwal,135,1
Uttarakhand,Pithoragarh,23,0
Uttarakhand,Rudraprayag,9,0
Uttarakhand,Tehri Garhwal,191,11
Uttarakhand,Udham Singh Nagar,1117,11
Uttarakhand,Uttarkashi,1,0
West Bengal,Bankura,1161,50
West Bengal,Bardhaman,14243,2116
West Bengal,Birbhum,13293,347
West Bengal,Cooch Behar,510,14
West Bengal,Dakshin Dinajpur,0,6
West Bengal,Darjeeling,3227,16
West Bengal,East Midnapore,6860,1186
West Bengal,Hooghly,4445,599
West Bengal,Howrah,4281,309
West Bengal,Jalpaiguri,5475,247
West Bengal,Kolkata,1187,101
West Bengal,Malda,17220,199
West Bengal,Medinipur,464,482
West Bengal,Murshidabad,12700,160
West Bengal,Nadia,5322,72
West Bengal,North 24 Parganas,4248,1465
West Bengal,North Dinajpur,6334,102
West Bengal,Purulia,1770,41
West Bengal,South 24 Parganas,8646,178
West Bengal,South Dinajpur,2422,81
West Bengal,South Twenty Four Parganas,130,17
West Bengal,West Midnapore,454,70
