State,District,Aadhaar generated,Enrolment Rejected
Andaman and Nicobar Islands,Andamans,3,0
Andaman and Nicobar Islands,South Andaman,46,4
Andhra Pradesh,Adilabad,618,363
Andhra Pradesh,Anantapur,0,1
Andhra Pradesh,Ananthapur,1703,536
Andhra Pradesh,Chittoor,531,92
Andhra Pradesh,Cuddapah,353,42
Andhra Pradesh,East Godavari,230,136
Andhra Pradesh,Guntur,313,73
Andhra Pradesh,Hyderabad,1835,314
Andhra Pradesh,Karimnagar,1575,574
Andhra Pradesh,Khammam,919,787
Andhra Pradesh,Krishna,485,17
Andhra Pradesh,Kurnool,4226,2118
Andhra Pradesh,Mahbubnagar,5897,2226
Andhra Pradesh,Medak,1625,613
Andhra Pradesh,Nalgonda,1176,411
Andhra Pradesh,Nellore,799,276
Andhra Pradesh,Nizamabad,2848,571
Andhra Pradesh,Prakasam,1488,285
Andhra Pradesh,Ranga Reddy,3339,1603
Andhra Pradesh,Srikakulam,139,163
Andhra Pradesh,Visakhapatnam,7997,590
Andhra Pradesh,Vizianagaram,1841,803
Andhra Pradesh,Warangal,1437,705
Andhra Pradesh,West Godavari,3184,414
Arunachal Pradesh,Changlang,1,0
Arunachal Pradesh,Lohit,1,0
Arunachal Pradesh,Papum Pare,110,0
Arunachal Pradesh,Tirap,1,0
Arunachal Pradesh,West Kameng,109,2
Arunachal Pradesh,West Siang,1,0
Assam,Baksa,4,0
Assam,Barpeta,3,1
Assam,Bongaigaon,4,1
Assam,Cachar,20,3
Assam,Chirang,7,0
Assam,Darrang,1,1
Assam,Dhemaji,1,0
Assam,Dhubri,2,0
Assam,Dibrugarh,4,0
Assam,Goalpara,1,0
Assam,Golaghat,4,2
Assam,Hailakandi,7,0
Assam,Jorhat,1,0
Assam,Kamrup,9,2
Assam,Karbi Anglong,3,0
Assam,Karimganj,4,2
Assam,Kokrajhar,2,0
Assam,Lakhimpur,2,0
Assam,Marigaon,2,0
Assam,Nagaon,9,1
Assam,North Cachar Hills,1,0
Assam,Sibsagar,8,0
Assam,Sonitpur,13,2
Assam,Tinsukia,3,1
Assam,Udalguri,7,0
Bihar,Araria,58,10
Bihar,Arwal,498,175
Bihar,Aurangabad,102,12
Bihar,Aurangabad(BH),1,0
Bihar,Banka,67,12
Bihar,Begusarai,70,11
Bihar,Bhagalpur,653,95
Bihar,Bhojpur,90,17
Bihar,Buxar,62,12
Bihar,Darbhanga,1083,909
Bihar,East Champaran,197,18
Bihar,Gaya,747,32
Bihar,Gopalganj,3545,440
Bihar,Jamui,321,12
Bihar,Jehanabad,32,10
Bihar,Kaimur (Bhabua),35,3
Bihar,Katihar,7461,187
Bihar,Khagaria,36,4
Bihar,Kishanganj,4705,46
Bihar,Lakhisarai,33,2
Bihar,Madhepura,34,5
Bihar,Madhubani,162,20
Bihar,Munger,53,6
Bihar,Muzaffarpur,120,15
Bihar,Nalanda,2035,601
Bihar,Nawada,159,16
Bihar,Patna,4233,349
Bihar,Purnia,276,80
Bihar,Rohtas,914,35
Bihar,Saharsa,3163,46
Bihar,Samastipur,113,16
Bihar,Saran,162,29
Bihar,Sheikhpura,43,2
Bihar,Sheohar,248,173
Bihar,Sitamarhi,109,13
Bihar,Siwan,115,6
Bihar,Supaul,43,3
Bihar,Vaishali,593,464
Bihar,West Champaran,52,9
Chandigarh,Chandigarh,474,31
Chhattisgarh,Balod,38,3
Chhattisgarh,Baloda Bazar,5,0
Chhattisgarh,Balrampur,6,1
Chhattisgarh,Bastar,212,1
Chhattisgarh,Bemetara,44,7
Chhattisgarh,Bilaspur,133,13
Chhattisgarh,Dhamtari,234,22
Chhattisgarh,Durg,400,19
Chhattisgarh,Gariyaband,215,19
Chhattisgarh,Janjgir Champa,893,136
Chhattisgarh,Janjgir-champa,417,16
Chhattisgarh,Jashpur,6,1
Chhattisgarh,Kawardha,6,0
Chhattisgarh,Korba,2538,72
Chhattisgarh,Koriya,1157,451
Chhattisgarh,Mahasamund,364,174
Chhattisgarh,Mungeli,984,58
Chhattisgarh,Raigarh,426,112
Chhattisgarh,Raipur,1612,21
Chhattisgarh,Rajnandgaon,184,32
Chhattisgarh,Surajpur,626,1
Chhattisgarh,Surguja,7,0
Dadra and Nagar Haveli,Dadra and Nagar Haveli,1352,64
Daman and Diu,Daman,29,2
Daman and Diu,Diu,6,5
Delhi,Central Delhi,396,125
Delhi,East Delhi,1023,387
Delhi,New Delhi,44,11
Delhi,North Delhi,329,144
Delhi,North East,3,10
Delhi,North East Delhi,645,1026
Delhi,North West Delhi,1243,1273
Delhi,South Delhi,2618,653
Delhi,South West Delhi,848,400
Delhi,West Delhi,842,338
Goa,North Goa,13,29
Goa,South Goa,14,2
Gujarat,Ahmedabad,8760,1027
Gujarat,Amreli,1672,29
Gujarat,Anand,4074,212
Gujarat,Banaskantha,9397,429
Gujarat,Bharuch,5302,337
Gujarat,Bhavnagar,4107,122
Gujarat,Dahod,2716,247
Gujarat,Gandhinagar,1217,210
Gujarat,Jamnagar,4821,88
Gujarat,Junagadh,8884,1200
Gujarat,Kachchh,3061,81
Gujarat,Kheda,3077,122
Gujarat,Mahesana,6194,414
Gujarat,Narmada,752,24
Gujarat,Navsari,1892,2785
Gujarat,Panchmahal,1811,129
Gujarat,Patan,1459,169
Gujarat,Porbandar,248,33
Gujarat,Rajkot,9609,599
Gujarat,Sabarkantha,1554,256
Gujarat,Surat,10162,1169
Gujarat,Surendranagar,2857,289
Gujarat,Tapi,1007,100
Gujarat,The Dangs,53,4
Gujarat,Vadodara,8251,219
Gujarat,Valsad,3588,148
Haryana,Ambala,302,160
Haryana,Bhiwani,2098,606
Haryana,Faridabad,2706,953
Haryana,Fatehabad,1353,1020
Haryana,Gurgaon,1822,375
Haryana,Hisar,2256,559
Haryana,Jhajjar,1883,382
Haryana,Jind,1974,309
Haryana,Kaithal,1004,293
Haryana,Karnal,2027,267
Haryana,Kurukshetra,883,275
Haryana,Mahendragarh,1724,244
Haryana,Mewat,1920,348
Haryana,Palwal,756,605
Haryana,Panchkula,244,30
Haryana,Panipat,1420,550
Haryana,Rewari,1761,603
Haryana,Rohtak,949,167
Haryana,Sirsa,2069,270
Haryana,Sonipat,601,134
Haryana,Yamuna Nagar,1820,464
Himachal Pradesh,Bilaspur,18,6
Himachal Pradesh,Chamba,77,15
Himachal Pradesh,Hamirpur,29,7
Himachal Pradesh,Kangra,499,46
Himachal Pradesh,Kinnaur,15,0
Himachal Pradesh,Kullu,65,17
Himachal Pradesh,Lahul and Spiti,2,0
Himachal Pradesh,Mandi,101,20
Himachal Pradesh,Shimla,160,37
Himachal Pradesh,Sirmaur,147,52
Himachal Pradesh,Solan,157,25
Himachal Pradesh,Una,39,3
Jammu and Kashmir,Anantnag,2185,11
Jammu and Kashmir,Badgam,94,0
Jammu and Kashmir,Bandipore,18,4
Jammu and Kashmir,Baramula,803,1
Jammu and Kashmir,Doda,1249,7
Jammu and Kashmir,Jammu,735,3
Jammu and Kashmir,Kargil,117,27
Jammu and Kashmir,Kathua,468,17
Jammu and Kashmir,Kupwara,672,3
Jammu and Kashmir,Leh,385,7
Jammu and Kashmir,Pulwama,12,0
Jammu and Kashmir,Punch,3,1
Jammu and Kashmir,Rajouri,9,1
Jammu and Kashmir,Reasi,3,7
Jammu and Kashmir,Srinagar,1221,10
Jammu and Kashmir,Udhampur,283,0
Jharkhand,Bokaro,1421,168
Jharkhand,Chatra,1707,423
Jharkhand,Deoghar,1971,528
Jharkhand,Dhanbad,3003,263
Jharkhand,Dumka,493,158
Jharkhand,East Singhbhum,1338,299
Jharkhand,Garhwa,2802,251
Jharkhand,Giridih,4314,443
Jharkhand,Godda,2022,1921
Jharkhand,Gumla,1908,168
Jharkhand,Hazaribagh,1144,191
Jharkhand,Jamtara,694,145
Jharkhand,Khunti,862,36
Jharkhand,Koderma,1787,783
Jharkhand,Latehar,1912,1247
Jharkhand,Lohardaga,285,121
Jharkhand,Pakur,1758,395
Jharkhand,Palamu,6619,472
Jharkhand,Ramgarh,512,473
Jharkhand,Ranchi,2374,651
Jharkhand,Sahibganj,2482,1353
Jharkhand,Seraikela-Kharsawan,220,55
Jharkhand,Simdega,446,81
Jharkhand,West Singhbhum,711,869
Karnataka,Bagalkot,3172,833
Karnataka,Bangalore,9269,2288
Karnataka,Bangalore Rural,699,376
Karnataka,Belgaum,10897,4261
Karnataka,Bellary,9300,1488
Karnataka,Bidar,1366,1015
Karnataka,Bijapur,1544,349
Karnataka,Bijapur(KAR),4,0
Karnataka,Chamarajanagar,2466,486
Karnataka,Chikkaballapur,458,61
Karnataka,Chikmagalur,1909,99
Karnataka,Chitradurga,2231,573
Karnataka,Dakshina Kannada,6105,1537
Karnataka,Davangere,892,147
Karnataka,Dharwad,229,558
Karnataka,Gadag,212,65
Karnataka,Gulbarga,1611,171
Karnataka,Hassan,5236,718
Karnataka,Haveri,774,266
Karnataka,Kodagu,442,25
Karnataka,Kolar,2945,618
Karnataka,Koppal,3343,183
Karnataka,Mandya,4529,461
Karnataka,Mysore,441,757
Karnataka,Raichur,3077,812
Karnataka,Ramanagar,1848,276
Karnataka,Shimoga,4174,987
Karnataka,Tumkur,834,56
Karnataka,Udupi,208,21
Karnataka,Uttara Kannada,1215,999
Karnataka,Yadgir,3227,534
Kerala,Alappuzha,823,1221
Kerala,Ernakulam,1002,295
Kerala,Idukki,200,36
Kerala,Kannur,1213,270
Kerala,Kasaragod,327,170
Kerala,Kollam,795,551
Kerala,Kottayam,959,68
Kerala,Kozhikode,799,216
Kerala,Malappuram,1792,592
Kerala,Palakkad,2106,219
Kerala,Pathanamthitta,261,44
Kerala,Thiruvananthapuram,1061,652
Kerala,Thrissur,2591,667
Kerala,Wayanad,80,4
Lakshadweep,Lakshadweep,7,46
Madhya Pradesh,Alirajpur,1124,650
Madhya Pradesh,Anuppur,2192,463
Madhya Pradesh,Ashok Nagar,578,234
Madhya Pradesh,Balaghat,3886,1591
Madhya Pradesh,Barwani,1709,256
Madhya Pradesh,Betul,2923,709
Madhya Pradesh,Bhind,763,501
Madhya Pradesh,Bhopal,1366,300
Madhya Pradesh,Burhanpur,327,32
Madhya Pradesh,Chhatarpur,2618,689
Madhya Pradesh,Chhindwara,3835,522
Madhya Pradesh,Damoh,1454,194
Madhya Pradesh,Datia,531,419
Madhya Pradesh,Dewas,704,138
Madhya Pradesh,Dhar,3022,623
Madhya Pradesh,Dindori,1334,753
Madhya Pradesh,Guna,1123,451
Madhya Pradesh,Gwalior,2145,560
Madhya Pradesh,Harda,82,69
Madhya Pradesh,Hoshangabad,260,67
Madhya Pradesh,Indore,2461,347
Madhya Pradesh,Jabalpur,1040,292
Madhya Pradesh,Jhabua,1159,337
Madhya Pradesh,Katni,1345,722
Madhya Pradesh,Khandwa,107,246
Madhya Pradesh,Khargone,2393,471
Madhya Pradesh,Mandla,1588,607
Madhya Pradesh,Mandsaur,539,174
Madhya Pradesh,Morena,1388,153
Madhya Pradesh,Narsinghpur,1108,720
Madhya Pradesh,Neemuch,248,35
Madhya Pradesh,Panna,1244,421
Madhya Pradesh,Raisen,1776,365
Madhya Pradesh,Rajgarh,866,207
Madhya Pradesh,Ratlam,722,192
Madhya Pradesh,Rewa,1943,823
Madhya Pradesh,Sagar,2198,465
Madhya Pradesh,Satna,2375,864
Madhya Pradesh,Sehore,1542,269
Madhya Pradesh,Seoni,1618,202
Madhya Pradesh,Shahdol,2015,767
Madhya Pradesh,Shajapur,353,191
Madhya Pradesh,Sheopur,79,67
Madhya Pradesh,Shivpuri,1211,516
Madhya Pradesh,Sidhi,846,498
Madhya Pradesh,Singrauli,1078,554
Madhya Pradesh,Tikamgarh,1203,548
Madhya Pradesh,Ujjain,1702,563
Madhya Pradesh,Umaria,1172,290
Madhya Pradesh,Vidisha,897,310
Maharashtra,Ahmednagar,4426,1304
Maharashtra,Akola,2341,1383
Maharashtra,Amravati,870,826
Maharashtra,Aurangabad,2455,445
Maharashtra,Beed,4913,742
Maharashtra,Bhandara,1596,541
Maharashtra,Buldhana,5311,802
Maharashtra,Chandrapur,1463,463
Maharashtra,Dhule,991,257
Maharashtra,Gadchiroli,3944,269
Maharashtra,Gondia,531,867
Maharashtra,Hingoli,2156,428
Maharashtra,Jalgaon,4133,693
Maharashtra,Jalna,1680,326
Maharashtra,Kolhapur,4521,545
Maharashtra,Latur,1395,275
Maharashtra,Mumbai,4583,579
Maharashtra,Nagpur,3924,2131
Maharashtra,Nanded,7913,5189
Maharashtra,Nandurbar,969,158
Maharashtra,Nashik,8259,1097
Maharashtra,Osmanabad,2899,344
Maharashtra,Parbhani,3404,866
Maharashtra,Pune,7524,584
Maharashtra,Raigad,5303,238
Maharashtra,Ratnagiri,1673,154
Maharashtra,Sangli,3852,867
Maharashtra,Satara,2744,1002
Maharashtra,Sindhudurg,1887,699
Maharashtra,Solapur,6127,1054
Maharashtra,Thane,7239,1222
Maharashtra,Wardha,572,156
Maharashtra,Washim,2568,327
Maharashtra,Yavatmal,6629,1381
Manipur,Bishnupur,2,1
Manipur,Chandel,46,2
Manipur,Churachandpur,71,5
Manipur,Imphal East,218,11
Manipur,Imphal West,469,7
Manipur,Senapati,4,0
Manipur,Tamenglong,29,5
Manipur,Thoubal,5,0
Meghalaya,East Khasi Hills,13,0
Meghalaya,West Garo Hills,5,0
Nagaland,Dimapur,0,11
Nagaland,Kohima,0,7
Nagaland,Longleng,4,0
Nagaland,Mokokchung,1,1
Nagaland,Mon,110,0
Nagaland,Phek,0,2
Nagaland,Tuensang,1,1
Nagaland,Zunheboto,8,1
Odisha,Angul,11,0
Odisha,Anugul,2969,336
Odisha,Balangir,383,15
Odisha,Baleswar,1546,243
Odisha,Bargarh,3064,662
Odisha,Baudh,194,6
Odisha,Bhadrak,4018,1097
Odisha,Boudh,1,4
Odisha,Cuttack,1461,117
Odisha,Debagarh,43,0
Odisha,Dhenkanal,303,322
Odisha,Gajapati,2844,93
Odisha,Ganjam,544,458
Odisha,Jagatsinghapur,324,6
Odisha,Jajapur,5832,720
Odisha,Jharsuguda,9,2
Odisha,Kalahandi,13,1
Odisha,Kandhamal,843,103
Odisha,Kendrapara,1316,32
Odisha,Kendujhar,17074,2432
Odisha,Khorda,70,20
Odisha,Khordha,375,8
Odisha,Koraput,436,218
Odisha,Mayurbhanj,6300,675
Odisha,Nabarangapur,4779,103
Odisha,Nayagarh,1121,102
Odisha,Nuapada,260,0
Odisha,Puri,16,3
Odisha,Rayagada,6,1
Odisha,Sambalpur,1039,438
Odisha,Sonapur,26,5
Odisha,Sundergarh,3075,556
Others,Others,57,4267
Puducherry,Karaikal,137,12
Puducherry,Puducherry,70,20
Punjab,Amritsar,5268,1046
Punjab,Barnala,80,31
Punjab,Bathinda,489,98
Punjab,Faridkot,165,56
Punjab,Fatehgarh Sahib,78,41
Punjab,Fazilka,573,117
Punjab,Firozpur,1011,138
Punjab,Gurdaspur,1166,143
Punjab,Hoshiarpur,1028,133
Punjab,Jalandhar,1069,99
Punjab,Kapurthala,414,61
Punjab,Ludhiana,2268,392
Punjab,Mansa,936,215
Punjab,Moga,294,39
Punjab,Muktsar,9,1
Punjab,Pathankot,304,68
Punjab,Patiala,1934,736
Punjab,Rupnagar,449,47
Punjab,SAS Nagar (Mohali),713,209
Punjab,Sangrur,1619,787
Punjab,Shaheed Bhagat Singh Nagar,110,45
Punjab,Sri Muktsar Sahib,519,141
Punjab,Tarn Taran,3081,483
Rajasthan,Ajmer,517,106
Rajasthan,Alwar,1242,490
Rajasthan,Banswara,2564,334
Rajasthan,Baran,710,166
Rajasthan,Barmer,2347,591
Rajasthan,Bharatpur,2705,586
Rajasthan,Bhilwara,2438,868
Rajasthan,Bikaner,1376,540
Rajasthan,Bundi,584,138
Rajasthan,Chittorgarh,2626,543
Rajasthan,Churu,825,390
Rajasthan,Dausa,716,154
Rajasthan,Dholpur,890,266
Rajasthan,Dungarpur,3287,260
Rajasthan,Ganganagar,2007,1765
Rajasthan,Hanumangarh,2587,374
Rajasthan,Jaipur,5249,1229
Rajasthan,Jaisalmer,1051,193
Rajasthan,Jalor,1612,443
Rajasthan,Jhalawar,680,385
Rajasthan,Jhunjhunu,1562,254
Rajasthan,Jodhpur,3645,1202
Rajasthan,Karauli,865,238
Rajasthan,Kota,1409,362
Rajasthan,Nagaur,1832,564
Rajasthan,Pali,1648,264
Rajasthan,Pratapgarh,2319,264
Rajasthan,Rajsamand,1733,251
Rajasthan,Sawai Madhopur,1221,274
Rajasthan,Sikar,3487,675
Rajasthan,Sirohi,980,144
Rajasthan,Tonk,1327,1284
Rajasthan,Udaipur,2799,308
Sikkim,East Sikkim,29,0
Sikkim,North Sikkim,7,0
Sikkim,South Sikkim,56,0
Sikkim,West Sikkim,12,1
Tamil Nadu,Ariyalur,885,4
Tamil Nadu,Chennai,7344,3040
Tamil Nadu,Coimbatore,7412,1800
Tamil Nadu,Cuddalore,4063,21
Tamil Nadu,Dharmapuri,2734,164
Tamil Nadu,Dindigul,2520,85
Tamil Nadu,Erode,714,333
Tamil Nadu,Kancheepuram,4489,643
Tamil Nadu,Kanchipuram,0,3
Tamil Nadu,Kanyakumari,3519,43
Tamil Nadu,Karur,398,5
Tamil Nadu,Krishnagiri,3604,938
Tamil Nadu,Madurai,2315,414
Tamil Nadu,Nagapattinam,7352,14
Tamil Nadu,Namakkal,1115,397
Tamil Nadu,Perambalur,124,0
Tamil Nadu,Pudukkottai,2334,98
Tamil Nadu,Ramanathapuram,569,190
Tamil Nadu,Salem,6708,183
Tamil Nadu,Sivaganga,3417,210
Tamil Nadu,Thanjavur,3369,1094
Tamil Nadu,The Nilgiris,1568,176
Tamil Nadu,Theni,1600,791
Tamil Nadu,Thiruvarur,2572,9
Tamil Nadu,Thoothukudi,2284,339
Tamil Nadu,Tiruchirappalli,840,19
Tamil Nadu,Tirunelveli,5494,352
Tamil Nadu,Tirupur,4354,670
Tamil Nadu,Tiruvallur,14472,765
Tamil Nadu,Tiruvannamalai,1846,775
Tamil Nadu,Tiruvarur,8,0
Tamil Nadu,Vellore,13552,769
Tamil Nadu,Viluppuram,11251,413
Tamil Nadu,Virudhunagar,2908,1069
Tripura,Dhalai,57,14
Tripura,Gomati,45,6
Tripura,Khowai,2,6
Tripura,North Tripura,188,33
Tripura,Sepahijala,42,0
Tripura,South Tripura,16,4
Tripura,Unakoti,22,1
Tripura,West Tripura,195,31
Uttar Pradesh,Agra,929,165
Uttar Pradesh,Aligarh,1223,207
Uttar Pradesh,Allahabad,1986,155
Uttar Pradesh,Ambedkar Nagar,55,9
Uttar Pradesh,Amethi,3205,381
Uttar Pradesh,Amroha,1110,237
Uttar Pradesh,Auraiya,30,13
Uttar Pradesh,Azamgarh,816,129
Uttar Pradesh,Baghpat,807,18
Uttar Pradesh,Bahraich,26,5
Uttar Pradesh,Ballia,529,60
Uttar Pradesh,Balrampur,4016,72
Uttar Pradesh,Banda,694,69
Uttar Pradesh,Barabanki,199,12
Uttar Pradesh,Bareilly,1729,507
Uttar Pradesh,Basti,259,34
Uttar Pradesh,Bijnor,3704,229
Uttar Pradesh,Budaun,33,1
Uttar Pradesh,Bulandshahr,920,198
Uttar Pradesh,Chandauli,3278,252
Uttar Pradesh,Chitrakoot,924,72
Uttar Pradesh,Deoria,700,69
Uttar Pradesh,Etah,34,5
Uttar Pradesh,Etawah,1309,144
Uttar Pradesh,Faizabad,950,75
Uttar Pradesh,Farrukhabad,2144,48
Uttar Pradesh,Fatehpur,3178,161
Uttar Pradesh,Firozabad,88,15
Uttar Pradesh,Gautam Buddha Nagar,1268,443
Uttar Pradesh,Ghaziabad,1729,417
Uttar Pradesh,Ghazipur,4260,76
Uttar Pradesh,Gonda,3739,85
Uttar Pradesh,Gorakhpur,1543,86
Uttar Pradesh,Hamirpur,176,24
Uttar Pradesh,Hardoi,81,9
Uttar Pradesh,Hathras,940,353
Uttar Pradesh,Jalaun,268,62
Uttar Pradesh,Jaunpur,180,12
Uttar Pradesh,Jhansi,2605,125
Uttar Pradesh,Kannauj,1072,21
Uttar Pradesh,Kanpur Dehat,146,9
Uttar Pradesh,Kanpur Nagar,481,138
Uttar Pradesh,Kasganj,670,39
Uttar Pradesh,Kaushambi,378,5
Uttar Pradesh,Kheri,1826,59
Uttar Pradesh,Kushinagar,832,65
Uttar Pradesh,Lalitpur,9,1
Uttar Pradesh,Lucknow,2054,102
Uttar Pradesh,Maharajganj,2667,78
Uttar Pradesh,Mahoba,1643,345
Uttar Pradesh,Mainpuri,1689,162
Uttar Pradesh,Mathura,1200,26
Uttar Pradesh,Mau,67,7
Uttar Pradesh,Meerut,718,201
Uttar Pradesh,Mirzapur,49,9
Uttar Pradesh,Moradabad,2318,18
Uttar Pradesh,Muzaffarnagar,388,33
Uttar Pradesh,Pilibhit,1925,661
Uttar Pradesh,Pratapgarh,5146,403
Uttar Pradesh,Raebareli,7862,1093
Uttar Pradesh,Rampur,7,1
Uttar Pradesh,Saharanpur,1270,254
Uttar Pradesh,Sambhal,11,2
Uttar Pradesh,Sant Kabir Nagar,5947,725
Uttar Pradesh,Sant Ravidas Nagar,1568,492
Uttar Pradesh,Shahjahanpur,2404,115
Uttar Pradesh,Shamli,392,2
Uttar Pradesh,Shrawasti,1173,68
Uttar Pradesh,Siddharthnagar,121,8
Uttar Pradesh,Sitapur,19,2
Uttar Pradesh,Sonbhadra,801,33
Uttar Pradesh,Sultanpur,89,12
Uttar Pradesh,Unnao,1012,43
Uttar Pradesh,Varanasi,4296,331
Uttarakhand,Almora,30,3
Uttarakhand,Bageshwar,249,39
Uttarakhand,Chamoli,16,5
Uttarakhand,Champawat,130,106
Uttarakhand,Dehradun,1668,96
Uttarakhand,Garhwal,2,0
Uttarakhand,Haridwar,1114,18
Uttarakhand,Nainital,49,3
Uttarakhand,Pauri Garhwal,451,15
Uttarakhand,Pithoragarh,16,2
Uttarakhand,Rudraprayag,6,4
Uttarakhand,Tehri Garhwal,662,119
Uttarakhand,Udham Singh Nagar,178,101
Uttarakhand,Uttarkashi,4,0
West Bengal,Bankura,1675,211
West Bengal,Bardhaman,17114,2593
West Bengal,Birbhum,6801,1552
West Bengal,Cooch Behar,822,180
West Bengal,Dakshin Dinajpur,5,2
West Bengal,Darjeeling,6607,24
West Bengal,East Midnapore,11586,2226
West Bengal,Hooghly,2687,88
West Bengal,Howrah,3596,240
West Bengal,Jalpaiguri,3879,687
West Bengal,Kolkata,875,219
West Bengal,Malda,3659,256
West Bengal,Medinipur,2150,2257
West Bengal,Murshidabad,5803,113
West Bengal,Nadia,7381,122
West Bengal,North 24 Parganas,5790,1534
West Bengal,North Dinajpur,2488,68
West Bengal,Purulia,1697,992
West Bengal,South 24 Parganas,8279,3646
West Bengal,South Dinajpur,1704,92
West Bengal,South Twenty Four Parganas,51,19
West Bengal,West Midnapore,1322,994
