State,District,Aadhaar generated,Enrolment Rejected
Andaman and Nicobar Islands,South Andaman,93,1
Andhra Pradesh,Adilabad,376,350
Andhra Pradesh,Anantapur,0,3
Andhra Pradesh,Ananthapur,170,50
Andhra Pradesh,Chittoor,379,60
Andhra Pradesh,Cuddapah,317,112
Andhra Pradesh,East Godavari,146,39
Andhra Pradesh,Guntur,84,19
Andhra Pradesh,Hyderabad,960,247
Andhra Pradesh,K.v. Rangareddy,1300,256
Andhra Pradesh,Karimnagar,721,110
Andhra Pradesh,Khammam,847,202
Andhra Pradesh,Krishna,58,44
Andhra Pradesh,Kurnool,3354,1399
Andhra Pradesh,Mahabub Nagar,2,0
Andhra Pradesh,Mahabubnagar,1771,310
Andhra Pradesh,Medak,1782,52
Andhra Pradesh,Nalgonda,1314,338
Andhra Pradesh,Nellore,241,119
Andhra Pradesh,Nizamabad,758,72
Andhra Pradesh,Prakasam,624,244
Andhra Pradesh,Srikakulam,60,45
Andhra Pradesh,Visakhapatnam,2082,216
Andhra Pradesh,Vizianagaram,786,62
Andhra Pradesh,Warangal,806,667
Andhra Pradesh,West Godavari,1652,99
Arunachal Pradesh,Papum Pare,9,0
Arunachal Pradesh,West Kameng,6,0
Assam,Bongaigaon,1,0
Assam,Cachar,4,0
Assam,Dhubri,1,0
Assam,Hailakandi,2,0
Assam,Jorhat,2,0
Assam,Kamrup,9,0
Assam,Karimganj,1,0
Assam,Kokrajhar,2,0
Assam,Lakhimpur,1,0
Assam,Marigaon,1,0
Assam,Nagaon,3,0
Assam,Sibsagar,1,0
Assam,Sonitpur,2,0
Assam,Udalguri,2,0
Bihar,Araria,12,1
Bihar,Arwal,936,26
Bihar,Aurangabad,29,3
Bihar,Banka,18,0
Bihar,Begusarai,17,1
Bihar,Bhagalpur,28,2
Bihar,Bhojpur,32,1
Bihar,Buxar,16,1
Bihar,Darbhanga,636,35
Bihar,East Champaran,46,3
Bihar,Gaya,82,1
Bihar,Gopalganj,628,15
Bihar,Jamui,23,3
Bihar,Jehanabad,12,0
Bihar,Kaimur (Bhabua),15,0
Bihar,Katihar,997,11
Bihar,Khagaria,5,0
Bihar,Kishanganj,521,70
Bihar,Lakhisarai,6,1
Bihar,Madhepura,18,0
Bihar,Madhubani,56,2
Bihar,Munger,15,0
Bihar,Muzaffarpur,42,3
Bihar,Nalanda,561,60
Bihar,Nawada,39,4
Bihar,Patna,759,12
Bihar,Purnia,8,0
Bihar,Rohtas,597,10
Bihar,Saharsa,844,13
Bihar,Samastipur,29,1
Bihar,Saran,56,4
Bihar,Sheikhpura,55,2
Bihar,Sheohar,502,47
Bihar,Sitamarhi,26,2
Bihar,Siwan,27,3
Bihar,Supaul,14,0
Bihar,Vaishali,544,70
Bihar,West Champaran,13,1
Chandigarh,Chandigarh,146,17
Chhattisgarh,Balod,6,0
Chhattisgarh,Baloda Bazar,1,0
Chhattisgarh,Balrampur,1,0
Chhattisgarh,Bastar,14,0
Chhattisgarh,Bemetara,31,2
Chhattisgarh,Bijapur,1,0
Chhattisgarh,Bilaspur,34,0
Chhattisgarh,Dhamtari,448,10
Chhattisgarh,Durg,44,0
Chhattisgarh,Gariyaband,93,1
Chhattisgarh,Janjgir-champa,342,44
Chhattisgarh,Jashpur,3,0
Chhattisgarh,Kanker,1,0
Chhattisgarh,Korba,1108,13
Chhattisgarh,Koriya,850,38
Chhattisgarh,Mahasamund,30,0
Chhattisgarh,Mungeli,20,0
Chhattisgarh,Mungeli ,124,0
Chhattisgarh,Raigarh,90,2
Chhattisgarh,Raipur,200,0
Chhattisgarh,Rajnandgaon,22,1
Chhattisgarh,Surajpur ,57,0
Chhattisgarh,Surguja,6,0
Dadra and Nagar Haveli,Dadra and Nagar Haveli,68,8
Daman and Diu,Daman,9,0
Daman and Diu,Diu,0,2
Delhi,Central Delhi,191,44
Delhi,East Delhi,724,217
Delhi,New Delhi,13,2
Delhi,North Delhi,165,64
Delhi,North East,14,12
Delhi,North East Delhi,715,287
Delhi,North West Delhi,727,430
Delhi,South Delhi,1111,338
Delhi,South West Delhi,522,198
Delhi,West Delhi,606,260
Goa,North Goa,41,15
Goa,South Goa,7,1
Gujarat,Ahmadabad,6,0
Gujarat,Ahmedabad,1935,39
Gujarat,Amreli,286,3
Gujarat,Anand,752,9
Gujarat,Banaskantha,3975,63
Gujarat,Bharuch,2962,309
Gujarat,Bhavnagar,983,31
Gujarat,Dahod,878,52
Gujarat,Dohad,547,62
Gujarat,Gandhinagar,404,17
Gujarat,Jamnagar,1856,40
Gujarat,Junagadh,2462,92
Gujarat,Kachchh,867,21
Gujarat,Kheda,1328,27
Gujarat,Mahesana,1969,6
Gujarat,Narmada,161,20
Gujarat,Navsari,1165,16
Gujarat,Panchmahals,595,36
Gujarat,Patan,625,64
Gujarat,Porbandar,26,1
Gujarat,Rajkot,2834,84
Gujarat,Sabarkantha,669,105
Gujarat,Surat,2951,101
Gujarat,Surendra Nagar,1589,15
Gujarat,Tapi,498,20
Gujarat,The Dangs,11,2
Gujarat,Vadodara,2900,59
Gujarat,Valsad,1154,86
Haryana,Ambala,521,32
Haryana,Bhiwani,2541,97
Haryana,Faridabad,2060,165
Haryana,Fatehabad,2604,72
Haryana,Gurgaon,1127,139
Haryana,Hisar,2332,224
Haryana,Jhajjar,1453,51
Haryana,Jind,2193,68
Haryana,Kaithal,1000,61
Haryana,Karnal,2448,106
Haryana,Kurukshetra,1248,81
Haryana,Mahendragarh,1814,56
Haryana,Mewat,711,83
Haryana,Palwal,1043,37
Haryana,Panchkula,146,5
Haryana,Panipat,1646,106
Haryana,Rewari,1624,78
Haryana,Rohtak,1056,35
Haryana,Sirsa,1100,40
Haryana,Sonipat,415,38
Haryana,Yamuna Nagar,2735,104
Himachal Pradesh,Bilaspur,8,3
Himachal Pradesh,Chamba,168,6
Himachal Pradesh,Hamirpur,27,1
Himachal Pradesh,Kangra,285,11
Himachal Pradesh,Kinnaur,2,0
Himachal Pradesh,Kullu,21,2
Himachal Pradesh,Mandi,42,5
Himachal Pradesh,Shimla,92,7
Himachal Pradesh,Sirmaur,51,7
Himachal Pradesh,Solan,28,4
Himachal Pradesh,Una,7,3
Jammu and Kashmir,Anantnag,529,12
Jammu and Kashmir,Badgam,28,0
Jammu and Kashmir,Bandipore,165,0
Jammu and Kashmir,Baramula,36,0
Jammu and Kashmir,Doda,709,2
Jammu and Kashmir,Jammu,260,10
Jammu and Kashmir,Kargil,160,3
Jammu and Kashmir,Kathua,34,1
Jammu and Kashmir,Kupwara,10,0
Jammu and Kashmir,Leh,83,2
Jammu and Kashmir,Pulwama,140,8
Jammu and Kashmir,Punch,1,0
Jammu and Kashmir,Rajouri,3,0
Jammu and Kashmir,Reasi,12,72
Jammu and Kashmir,Srinagar,129,0
Jammu and Kashmir,Udhampur,107,0
Jharkhand,Bokaro,194,50
Jharkhand,Chatra,952,92
Jharkhand,Deoghar,1181,160
Jharkhand,Dhanbad,259,37
Jharkhand,Dumka,167,75
Jharkhand,East Singhbhum,390,33
Jharkhand,Garhwa,172,25
Jharkhand,Giridih,207,35
Jharkhand,Godda,950,171
Jharkhand,Gumla,69,45
Jharkhand,Hazaribagh,131,84
Jharkhand,Jamtara,265,87
Jharkhand,Khunti,76,29
Jharkhand,Koderma,160,84
Jharkhand,Latehar,998,91
Jharkhand,Lohardaga,45,18
Jharkhand,Pakur,370,39
Jharkhand,Palamu,202,52
Jharkhand,Ramgarh,87,32
Jharkhand,Ranchi,200,89
Jharkhand,Sahebganj,1041,143
Jharkhand,Seraikela-Kharsawan,61,46
Jharkhand,Simdega,225,27
Jharkhand,West Singhbhum,343,299
Karnataka,Bagalkot,680,22
Karnataka,Bangalore,5967,560
Karnataka,Bangalore Rural,643,129
Karnataka,Belgaum,6056,2404
Karnataka,Bellary,2559,135
Karnataka,Bidar,693,85
Karnataka,Bijapur,652,67
Karnataka,Chamrajanagar,859,154
Karnataka,Chickmagalur,900,19
Karnataka,Chikkaballapur,226,39
Karnataka,Chitradurga,2383,163
Karnataka,Dakshina Kannada,1583,183
Karnataka,Davangere,712,48
Karnataka,Dharwad,107,67
Karnataka,Gadag,70,17
Karnataka,Gulbarga,684,63
Karnataka,Hassan,4223,73
Karnataka,Haveri,164,23
Karnataka,Kodagu,37,8
Karnataka,Kolar,1910,439
Karnataka,Koppal,512,33
Karnataka,Mandya,2029,133
Karnataka,Mysore,293,60
Karnataka,Raichur,1086,61
Karnataka,Ramanagar,1563,48
Karnataka,Shimoga,2143,164
Karnataka,Tumkur,233,65
Karnataka,Udupi,97,11
Karnataka,Uttara Kannada,132,36
Karnataka,Yadgir,425,28
Kerala,Alappuzha,167,41
Kerala,Ernakulam,430,97
Kerala,Idukki,86,7
Kerala,Kannur,297,51
Kerala,Kasaragod,196,20
Kerala,Kasargod,1,4
Kerala,Kollam,224,70
Kerala,Kottayam,341,13
Kerala,Kozhikode,310,65
Kerala,Malappuram,625,53
Kerala,Palakkad,454,80
Kerala,Pathanamthitta,101,12
Kerala,Thiruvananthapuram,509,44
Kerala,Thrissur,297,66
Kerala,Wayanad,10,1
Madhya Pradesh,Alirajpur,948,350
Madhya Pradesh,Anuppur,805,129
Madhya Pradesh,Ashok Nagar,282,32
Madhya Pradesh,Balaghat,1674,339
Madhya Pradesh,Barwani,630,32
Madhya Pradesh,Betul,1703,74
Madhya Pradesh,Bhind,1369,51
Madhya Pradesh,Bhopal,701,133
Madhya Pradesh,Burhanpur,69,30
Madhya Pradesh,Chhatarpur,1022,192
Madhya Pradesh,Chhindwara,2542,185
Madhya Pradesh,Damoh,896,92
Madhya Pradesh,Datia,284,239
Madhya Pradesh,Dewas,206,8
Madhya Pradesh,Dhar,2134,190
Madhya Pradesh,Dindori,907,189
Madhya Pradesh,Guna,550,58
Madhya Pradesh,Gwalior,646,40
Madhya Pradesh,Harda,131,16
Madhya Pradesh,Hoshangabad,40,12
Madhya Pradesh,Indore,1092,82
Madhya Pradesh,Jabalpur,799,162
Madhya Pradesh,Jhabua,1440,1083
Madhya Pradesh,Katni,883,91
Madhya Pradesh,Khandwa,80,20
Madhya Pradesh,Khargone,1967,229
Madhya Pradesh,Mandla,1112,198
Madhya Pradesh,Mandsaur,163,5
Madhya Pradesh,Morena,1033,47
Madhya Pradesh,Narsinghpur,1074,152
Madhya Pradesh,Neemuch,31,2
Madhya Pradesh,Panna,694,47
Madhya Pradesh,Raisen,1199,117
Madhya Pradesh,Rajgarh,508,44
Madhya Pradesh,Ratlam,605,46
Madhya Pradesh,Rewa,1672,279
Madhya Pradesh,Sagar,1504,89
Madhya Pradesh,Satna,1499,213
Madhya Pradesh,Sehore,1280,87
Madhya Pradesh,Seoni,840,231
Madhya Pradesh,Shahdol,1240,244
Madhya Pradesh,Shajapur,152,9
Madhya Pradesh,Sheopur,41,8
Madhya Pradesh,Shivpuri,655,120
Madhya Pradesh,Sidhi,890,310
Madhya Pradesh,Singrauli,1094,202
Madhya Pradesh,Tikamgarh,1365,266
Madhya Pradesh,Ujjain,1902,210
Madhya Pradesh,Umaria,861,62
Madhya Pradesh,Vidisha,429,78
Maharashtra,Ahmadnagar,1695,193
Maharashtra,Ahmed Nagar,3,1
Maharashtra,Akola,536,99
Maharashtra,Amravati,282,125
Maharashtra,Aurangabad,1281,184
Maharashtra,Beed,772,146
Maharashtra,Bhandara,330,113
Maharashtra,Buldhana,1380,63
Maharashtra,Chandrapur,225,20
Maharashtra,Dhule,250,43
Maharashtra,Gadchiroli,907,27
Maharashtra,Gondiya,457,131
Maharashtra,Hingoli,581,36
Maharashtra,Jalgaon,1057,154
Maharashtra,Jalna,1110,241
Maharashtra,Kolhapur,1832,61
Maharashtra,Latur,518,149
Maharashtra,Mumbai,1038,131
Maharashtra,Nagpur,1085,104
Maharashtra,Nanded,1476,74
Maharashtra,Nandurbar,417,41
Maharashtra,Nashik,1701,177
Maharashtra,Osmanabad,534,64
Maharashtra,Parbhani,1416,71
Maharashtra,Pune,2103,361
Maharashtra,Raigarh,1490,29
Maharashtra,Ratnagiri,646,35
Maharashtra,Sangli,985,71
Maharashtra,Satara,727,236
Maharashtra,Sindhudurg,695,8
Maharashtra,Solapur,1122,87
Maharashtra,Thane,1613,244
Maharashtra,Wardha,190,51
Maharashtra,Washim,760,18
Maharashtra,Yavatmal,1292,81
Manipur,Bishnupur,1,0
Manipur,Chandel,142,14
Manipur,Churachandpur,43,11
Manipur,Imphal East,388,2
Manipur,Imphal West,534,4
Manipur,Senapati,4,0
Manipur,Tamenglong,142,13
Manipur,Thoubal,2,0
Meghalaya,East Khasi Hills,11,0
Meghalaya,West Garo Hills,1,0
Mizoram,Aizawl,1,0
Mizoram,Champhai,1,0
Mizoram,Kolasib,1,0
Nagaland,Mokokchung,1,0
Nagaland,Wokha,2,0
Odisha,Angul,2,0
Odisha,Anugul,288,4
Odisha,Balangir,22,0
Odisha,Baleswar,78,34
Odisha,Bargarh,415,836
Odisha,Baudh,22,0
Odisha,Bhadrak,56,41
Odisha,Boudh,0,1
Odisha,Cuttack,32,12
Odisha,Debagarh,13,1
Odisha,Dhenkanal,124,540
Odisha,Gajapati,1265,16
Odisha,Ganjam,152,64
Odisha,Jagatsinghapur,180,23
Odisha,Jajapur,3051,1838
Odisha,Kandhamal,726,27
Odisha,Kendrapara,170,107
Odisha,Kendujhar,291,72
Odisha,Khorda,13,0
Odisha,Khordha,73,1
Odisha,Koraput,382,34
Odisha,Mayurbhanj,1992,2183
Odisha,Nabarangapur,359,1
Odisha,Nayagarh,659,172
Odisha,Nuapada,51,0
Odisha,Puri,10,18
Odisha,Sambalpur,444,424
Odisha,Sonapur,27,9
Odisha,Sundergarh,770,105
Others,Others,115,5645
Puducherry,Karaikal,128,2
Puducherry,Puducherry,19,9
Punjab,Amritsar,1688,211
Punjab,Barnala,82,8
Punjab,Bathinda,211,50
Punjab,Faridkot,248,14
Punjab,Fatehgarh Sahib,67,6
Punjab,Fazilka,688,88
Punjab,Ferozepur,690,31
Punjab,Gurdaspur,717,159
Punjab,Hoshiarpur,935,44
Punjab,Jalandhar,689,79
Punjab,Kapurthala,241,21
Punjab,Ludhiana,686,113
Punjab,Mansa,823,89
Punjab,Moga,647,14
Punjab,Muktsar,0,1
Punjab,Pathankot,115,35
Punjab,Patiala,1015,183
Punjab,Rupnagar,209,3
Punjab,SAS Nagar (Mohali),408,76
Punjab,Sangrur,2161,94
Punjab,Shaheed Bhagat Singh Nagar,50,29
Punjab,Sri Muktsar Sahib,506,63
Punjab,Tarn Taran,1935,122
Rajasthan,Ajmer,438,80
Rajasthan,Alwar,1013,214
Rajasthan,Banswara,1324,89
Rajasthan,Baran,218,60
Rajasthan,Barmer,2506,355
Rajasthan,Bharatpur,1940,219
Rajasthan,Bhilwara,2074,103
Rajasthan,Bikaner,1317,205
Rajasthan,Bundi,313,33
Rajasthan,Chittorgarh,1753,123
Rajasthan,Churu,643,97
Rajasthan,Dausa,239,84
Rajasthan,Dholpur,460,438
Rajasthan,Dungarpur,1332,103
Rajasthan,Ganganagar,1867,80
Rajasthan,Hanumangarh,1696,85
Rajasthan,Jaipur,4499,646
Rajasthan,Jaisalmer,523,47
Rajasthan,Jalor,1717,174
Rajasthan,Jhalawar,553,57
Rajasthan,Jhunjhunu,10,14
Rajasthan,Jhunjhunun,820,135
Rajasthan,Jodhpur,2922,334
Rajasthan,Karauli,1537,115
Rajasthan,Kota,360,273
Rajasthan,Nagaur,1630,196
Rajasthan,Pali,1339,211
Rajasthan,Pratapgarh,573,98
Rajasthan,Rajsamand,744,90
Rajasthan,Sawai Madhopur,881,89
Rajasthan,Sikar,2871,254
Rajasthan,Sirohi,663,38
Rajasthan,Tonk,1904,93
Rajasthan,Udaipur,1744,366
Sikkim,East Sikkim,16,0
Sikkim,North Sikkim,5,0
Sikkim,South Sikkim,8,1
Sikkim,West Sikkim,3,21
Tamil Nadu,Ariyalur,120,4
Tamil Nadu,Chennai,8110,447
Tamil Nadu,Coimbatore,3979,494
Tamil Nadu,Cuddalore,677,2
Tamil Nadu,Dharmapuri,2508,123
Tamil Nadu,Dindigul,847,157
Tamil Nadu,Erode,633,771
Tamil Nadu,Kancheepuram,2729,123
Tamil Nadu,Kanchipuram,0,2
Tamil Nadu,Kanniyakumari,2742,39
Tamil Nadu,Kanyakumari,1,0
Tamil Nadu,Karur,359,510
Tamil Nadu,Krishnagiri,3633,235
Tamil Nadu,Madurai,1840,24
Tamil Nadu,Nagapattinam,652,18
Tamil Nadu,Namakkal,954,331
Tamil Nadu,Perambalur,93,11
Tamil Nadu,Pudukkottai,588,25
Tamil Nadu,Ramanathapuram,1051,87
Tamil Nadu,Salem,2797,137
Tamil Nadu,Sivaganga,1914,386
Tamil Nadu,Thanjavur,1062,39
Tamil Nadu,The Nilgiris,1608,85
Tamil Nadu,Theni,1940,150
Tamil Nadu,Thiruvarur,616,40
Tamil Nadu,Thoothukkudi,2459,153
Tamil Nadu,Tiruchirappalli,907,35
Tamil Nadu,Tirunelveli,788,169
Tamil Nadu,Tiruppur,3208,326
Tamil Nadu,Tiruvallur,5045,749
Tamil Nadu,Tiruvannamalai,1262,198
Tamil Nadu,Vellore,2820,658
Tamil Nadu,Villupuram,0,2
Tamil Nadu,Viluppuram,2163,608
Tamil Nadu,Virudhunagar,1450,131
Tripura,Dhalai,264,7
Tripura,Gomati,9,0
Tripura,Khowai,3,2
Tripura,North Tripura,602,5
Tripura,Sepahijala,2,0
Tripura,South Tripura,164,0
Tripura,Unakoti,22,1
Tripura,West Tripura,1852,6
Uttar Pradesh,Agra,60,19
Uttar Pradesh,Aligarh,106,15
Uttar Pradesh,Allahabad,483,45
Uttar Pradesh,Ambedkar Nagar,87,0
Uttar Pradesh,Amethi,1480,95
Uttar Pradesh,Amroha,240,14
Uttar Pradesh,Auraiya,10,1
Uttar Pradesh,Azamgarh,791,75
Uttar Pradesh,Baghpat,99,5
Uttar Pradesh,Bahraich,5,0
Uttar Pradesh,Ballia,1009,12
Uttar Pradesh,Balrampur,271,13
Uttar Pradesh,Banda,138,4
Uttar Pradesh,Bara Banki,90,26
Uttar Pradesh,Bareilly,1061,155
Uttar Pradesh,Basti,36,14
Uttar Pradesh,Bijnor,636,18
Uttar Pradesh,Budaun,8,0
Uttar Pradesh,Bulandshahr,160,2
Uttar Pradesh,Chandauli,962,345
Uttar Pradesh,Chitrakoot,931,59
Uttar Pradesh,Deoria,279,24
Uttar Pradesh,Etah,10,0
Uttar Pradesh,Etawah,464,63
Uttar Pradesh,Faizabad,634,12
Uttar Pradesh,Farrukhabad,124,1
Uttar Pradesh,Fatehpur,208,4
Uttar Pradesh,Firozabad,25,0
Uttar Pradesh,Gautam Buddha Nagar,209,8
Uttar Pradesh,Ghaziabad,702,40
Uttar Pradesh,Ghazipur,1411,84
Uttar Pradesh,Gonda,1125,17
Uttar Pradesh,Gorakhpur,335,5
Uttar Pradesh,Hamirpur,83,3
Uttar Pradesh,Hardoi,16,0
Uttar Pradesh,Hathras,149,1
Uttar Pradesh,Jalaun,31,0
Uttar Pradesh,Jaunpur,34,1
Uttar Pradesh,Jhansi,254,43
Uttar Pradesh,Kannauj,205,2
Uttar Pradesh,Kanpur Dehat,13,1
Uttar Pradesh,Kanpur Nagar,107,9
Uttar Pradesh,Kasganj,39,0
Uttar Pradesh,Kaushambi,54,5
Uttar Pradesh,Kheri,195,3
Uttar Pradesh,Kushinagar,179,13
Uttar Pradesh,Lalitpur,2,0
Uttar Pradesh,Lucknow,404,13
Uttar Pradesh,Maharajganj,1307,15
Uttar Pradesh,Mahoba,195,41
Uttar Pradesh,Mahrajganj,0,1
Uttar Pradesh,Mainpuri,122,5
Uttar Pradesh,Mathura,66,4
Uttar Pradesh,Mau,26,1
Uttar Pradesh,Meerut,106,0
Uttar Pradesh,Mirzapur,10,3
Uttar Pradesh,Moradabad,104,0
Uttar Pradesh,Muzaffarnagar,389,44
Uttar Pradesh,Pilibhit,1170,51
Uttar Pradesh,Pratapgarh,986,24
Uttar Pradesh,Rae Bareli,3241,307
Uttar Pradesh,Rampur,3,0
Uttar Pradesh,Saharanpur,560,16
Uttar Pradesh,Sambhal,7,0
Uttar Pradesh,Sant Kabir Nagar,2048,59
Uttar Pradesh,Sant Ravidas Nagar,303,11
Uttar Pradesh,Shahjahanpur,620,111
Uttar Pradesh,Shamli,29,3
Uttar Pradesh,Shrawasti,165,71
Uttar Pradesh,Siddharthnagar,128,4
Uttar Pradesh,Sitapur,6,0
Uttar Pradesh,Sonbhadra,187,13
Uttar Pradesh,Sultanpur,16,0
Uttar Pradesh,Unnao,237,3
Uttar Pradesh,Varanasi,1250,119
Uttarakhand,Almora,19,0
Uttarakhand,Bageshwar,82,5
Uttarakhand,Chamoli,9,0
Uttarakhand,Champawat,293,7
Uttarakhand,Dehradun,108,4
Uttarakhand,Haridwar,1038,47
Uttarakhand,Nainital,43,4
Uttarakhand,Pauri Garhwal,10,1
Uttarakhand,Pithoragarh,10,1
Uttarakhand,Rudraprayag,2,0
Uttarakhand,Tehri Garhwal,1037,49
Uttarakhand,Udham Singh Nagar,376,10
Uttarakhand,Uttarkashi,3,0
West Bengal,Bankura,335,612
West Bengal,Barddhaman,516,3199
West Bengal,Bardhaman,783,1067
West Bengal,Birbhum,1637,903
West Bengal,Cooch Behar,331,25
West Bengal,Dakshin Dinajpur,1140,189
West Bengal,Darjeeling,481,2
West Bengal,East Midnapore,2609,2181
West Bengal,Hooghly,3113,15
West Bengal,Howrah,1107,326
West Bengal,Jalpaiguri,938,53
West Bengal,Kolkata,184,265
West Bengal,Malda,1051,142
West Bengal,Medinipur,94,825
West Bengal,Murshidabad,2137,60
West Bengal,Nadia,2043,154
West Bengal,North 24 Parganas,2187,1600
West Bengal,North Dinajpur,4,13
West Bengal,Paschim Medinipur,59,6
West Bengal,Purba Medinipur,156,11
West Bengal,Purulia,18,391
West Bengal,Puruliya,433,227
West Bengal,South 24 Parganas,5873,70
West Bengal,South Dinajpur,0,1
West Bengal,South Twenty Four Parganas,8,56
West Bengal,Uttar Dinajpur,621,82
West Bengal,West Midnapore,67,763
