State,District,Aadhaar generated,Enrolment Rejected
Andaman and Nicobar Islands,South Andaman,1,36
Andhra Pradesh,Adilabad,428,129
Andhra Pradesh,Anantapur,0,39
Andhra Pradesh,Ananthapur,198,219
Andhra Pradesh,Chittoor,858,202
Andhra Pradesh,Cuddapah,453,62
Andhra Pradesh,East Godavari,189,82
Andhra Pradesh,Guntur,332,78
Andhra Pradesh,Hyderabad,1480,289
Andhra Pradesh,Karimnagar,4049,186
Andhra Pradesh,Khammam,1980,191
Andhra Pradesh,Krishna,198,83
Andhra Pradesh,Kurnool,7062,1862
Andhra Pradesh,Mahbubnagar,2982,5208
Andhra Pradesh,Medak,1412,173
Andhra Pradesh,Nalgonda,679,467
Andhra Pradesh,Nellore,995,306
Andhra Pradesh,Nizamabad,2376,320
Andhra Pradesh,Prakasam,4487,78
Andhra Pradesh,Ranga Reddy,5538,562
Andhra Pradesh,Srikakulam,46,97
Andhra Pradesh,Visakhapatnam,3079,687
Andhra Pradesh,Vizianagaram,732,234
Andhra Pradesh,Warangal,2057,617
Andhra Pradesh,West Godavari,3625,209
Arunachal Pradesh,Changlang,1,0
Arunachal Pradesh,Lohit,2,0
Arunachal Pradesh,Papum Pare,41,1
Arunachal Pradesh,West Kameng,17,0
Assam,Baksa,2,0
Assam,Barpeta,5,0
Assam,Bongaigaon,4,0
Assam,Cachar,21,1
Assam,Chirang,5,0
Assam,Dhubri,2,0
Assam,Dibrugarh,3,0
Assam,Goalpara,1,0
Assam,Golaghat,1,0
Assam,Hailakandi,13,0
Assam,Jorhat,3,0
Assam,Kamrup,6,0
Assam,Kamrup Metro,1,0
Assam,Karbi Anglong,2,0
Assam,Karimganj,7,0
Assam,Kokrajhar,3,0
Assam,Lakhimpur,1,0
Assam,Marigaon,4,0
Assam,Nagaon,8,1
Assam,Nalbari,1,0
Assam,Sibsagar,4,0
Assam,Sonitpur,2,0
Assam,Tinsukia,2,0
Assam,Udalguri,7,0
Bihar,Araria,47,6
Bihar,Arwal,1102,106
Bihar,Aurangabad,48,2
Bihar,Aurangabad(BH),1,0
Bihar,Banka,71,4
Bihar,Begusarai,41,6
Bihar,Bhagalpur,131,5
Bihar,Bhojpur,74,5
Bihar,Buxar,28,2
Bihar,Darbhanga,643,87
Bihar,East Champaran,65,3
Bihar,Gaya,135,8
Bihar,Gopalganj,1003,98
Bihar,Jamui,82,3
Bihar,Jehanabad,22,2
Bihar,Kaimur (Bhabua),17,1
Bihar,Katihar,6344,141
Bihar,Khagaria,20,1
Bihar,Kishanganj,4033,165
Bihar,Lakhisarai,25,2
Bihar,Madhepura,24,2
Bihar,Madhubani,168,8
Bihar,Munger,34,1
Bihar,Muzaffarpur,89,4
Bihar,Nalanda,11307,174
Bihar,Nawada,54,5
Bihar,Patna,5711,197
Bihar,Purnia,41,2
Bihar,Rohtas,253,4
Bihar,Saharsa,488,81
Bihar,Samastipur,71,3
Bihar,Saran,96,6
Bihar,Sheikhpura,107,36
Bihar,Sheohar,1099,14
Bihar,Sitamarhi,65,6
Bihar,Siwan,73,12
Bihar,Supaul,31,2
Bihar,Vaishali,1578,4
Bihar,West Champaran,30,2
Chandigarh,Chandigarh,450,33
Chhattisgarh,Balod,769,3
Chhattisgarh,Baloda Bazar,2,0
Chhattisgarh,Bastar,297,0
Chhattisgarh,Bemetara,5,0
Chhattisgarh,Bijapur,1,0
Chhattisgarh,Bilaspur,25,0
Chhattisgarh,Dantewada,1,0
Chhattisgarh,Dhamtari,433,18
Chhattisgarh,Durg,237,2
Chhattisgarh,Gariyaband,426,7
Chhattisgarh,Janjgir Champa,1161,11
Chhattisgarh,Jashpur,5,0
Chhattisgarh,Kanker,3,0
Chhattisgarh,Kawardha,5,0
Chhattisgarh,Korba,350,51
Chhattisgarh,Koriya,937,63
Chhattisgarh,Mahasamund,728,2
Chhattisgarh,Mungeli,394,12
Chhattisgarh,Raigarh,418,1
Chhattisgarh,Raipur,1682,11
Chhattisgarh,Rajnandgaon,139,4
Chhattisgarh,Surajpur,64,1
Chhattisgarh,Surguja,3,0
Dadra and Nagar Haveli,Dadra and Nagar Haveli,4548,2
Daman and Diu,Daman,24,4
Daman and Diu,Diu,2,1
Delhi,Central Delhi,290,89
Delhi,East Delhi,604,529
Delhi,Najafgarh,2,0
Delhi,New Delhi,15,9
Delhi,North Delhi,310,117
Delhi,North East,27,68
Delhi,North East Delhi,594,505
Delhi,North West Delhi,1204,772
Delhi,South Delhi,1334,675
Delhi,South West Delhi,659,250
Delhi,West Delhi,851,579
Goa,North Goa,17,15
Goa,South Goa,32,3
Gujarat,Ahmedabad,10395,235
Gujarat,Amreli,1152,39
Gujarat,Anand,2621,69
Gujarat,Banaskantha,3454,151
Gujarat,Bharuch,3174,192
Gujarat,Bhavnagar,1787,116
Gujarat,Dahod,3450,159
Gujarat,Gandhinagar,1382,21
Gujarat,Jamnagar,1547,59
Gujarat,Junagadh,7732,458
Gujarat,Kachchh,2690,88
Gujarat,Kheda,3094,63
Gujarat,Mahesana,4015,104
Gujarat,Narmada,810,47
Gujarat,Navsari,2516,73
Gujarat,Panchmahal,2465,112
Gujarat,Patan,1344,59
Gujarat,Porbandar,531,20
Gujarat,Rajkot,13004,272
Gujarat,Sabarkantha,2067,60
Gujarat,Surat,3921,438
Gujarat,Surendranagar,4606,83
Gujarat,Tapi,1853,39
Gujarat,The Dangs,61,5
Gujarat,Vadodara,10142,107
Gujarat,Valsad,2900,83
Haryana,Ambala,551,56
Haryana,Bhiwani,3239,142
Haryana,Faridabad,2188,260
Haryana,Fatehabad,2000,103
Haryana,Gurgaon,1154,182
Haryana,Hisar,3097,90
Haryana,Jhajjar,1616,71
Haryana,Jind,1919,113
Haryana,Kaithal,1936,71
Haryana,Karnal,2125,98
Haryana,Kurukshetra,1759,128
Haryana,Mahendragarh,1555,90
Haryana,Mewat,1550,124
Haryana,Palwal,1288,116
Haryana,Panchkula,337,39
Haryana,Panipat,2303,118
Haryana,Rewari,1406,113
Haryana,Rohtak,1062,45
Haryana,Sirsa,2121,90
Haryana,Sonipat,652,69
Haryana,Yamuna Nagar,2968,100
Himachal Pradesh,Bilaspur,7,1
Himachal Pradesh,Chamba,104,21
Himachal Pradesh,Hamirpur,27,7
Himachal Pradesh,Kangra,173,66
Himachal Pradesh,Kinnaur,5,0
Himachal Pradesh,Kullu,60,6
Himachal Pradesh,Lahul and Spiti,0,1
Himachal Pradesh,Mandi,68,5
Himachal Pradesh,Shimla,55,13
Himachal Pradesh,Sirmaur,128,24
Himachal Pradesh,Solan,58,20
Himachal Pradesh,Una,16,2
Jammu and Kashmir,Anantnag,2468,34
Jammu and Kashmir,Badgam,19,1
Jammu and Kashmir,Bandipore,169,5
Jammu and Kashmir,Baramula,3,0
Jammu and Kashmir,Doda,1371,9
Jammu and Kashmir,Jammu,123,4
Jammu and Kashmir,Kargil,530,11
Jammu and Kashmir,Kathua,171,3
Jammu and Kashmir,Kupwara,694,3
Jammu and Kashmir,Leh,1807,6
Jammu and Kashmir,Pulwama,52,0
Jammu and Kashmir,Punch,3,0
Jammu and Kashmir,Rajouri,3,1
Jammu and Kashmir,Reasi,0,158
Jammu and Kashmir,Srinagar,1198,8
Jammu and Kashmir,Udhampur,453,0
Jharkhand,Bokaro,1084,129
Jharkhand,Chatra,509,405
Jharkhand,Deoghar,3903,487
Jharkhand,Dhanbad,3143,193
Jharkhand,Dumka,882,112
Jharkhand,East Singhbhum,3727,102
Jharkhand,Garhwa,1582,147
Jharkhand,Giridih,2641,150
Jharkhand,Godda,5378,368
Jharkhand,Gumla,1750,84
Jharkhand,Hazaribagh,354,156
Jharkhand,Jamtara,812,75
Jharkhand,Khunti,768,21
Jharkhand,Koderma,1057,98
Jharkhand,Latehar,1221,337
Jharkhand,Lohardaga,339,50
Jharkhand,Pakur,1723,151
Jharkhand,Palamu,2222,259
Jharkhand,Ramgarh,618,118
Jharkhand,Ranchi,4644,342
Jharkhand,Sahibganj,4428,230
Jharkhand,Seraikela-Kharsawan,570,47
Jharkhand,Simdega,693,61
Jharkhand,West Singhbhum,994,189
Karnataka,Bagalkot,2338,167
Karnataka,Bangalore,8116,995
Karnataka,Bangalore Rural,649,221
Karnataka,Belgaum,6345,3168
Karnataka,Bellary,6478,423
Karnataka,Bidar,795,262
Karnataka,Bijapur,1283,166
Karnataka,Bijapur(KAR),69,35
Karnataka,Chamarajanagar,1852,63
Karnataka,Chikkaballapur,3843,112
Karnataka,Chikmagalur,2704,55
Karnataka,Chitradurga,4209,172
Karnataka,Dakshina Kannada,3559,330
Karnataka,Davangere,670,56
Karnataka,Dharwad,379,130
Karnataka,Gadag,342,36
Karnataka,Gulbarga,1676,167
Karnataka,Hassan,5607,143
Karnataka,Haveri,558,217
Karnataka,Kodagu,380,9
Karnataka,Kolar,5066,210
Karnataka,Koppal,624,85
Karnataka,Mandya,3550,103
Karnataka,Mysore,200,77
Karnataka,Raichur,2795,194
Karnataka,Ramanagar,1640,73
Karnataka,Shimoga,2044,92
Karnataka,Tumkur,288,54
Karnataka,Udupi,376,35
Karnataka,Uttara Kannada,435,85
Karnataka,Yadgir,524,151
Kerala,Alappuzha,421,275
Kerala,Ernakulam,729,145
Kerala,Idukki,82,39
Kerala,Kannur,718,186
Kerala,Kasaragod,585,124
Kerala,Kollam,493,224
Kerala,Kottayam,698,130
Kerala,Kozhikode,514,577
Kerala,Malappuram,2804,287
Kerala,Palakkad,1096,393
Kerala,Pathanamthitta,139,386
Kerala,Thiruvananthapuram,931,1705
Kerala,Thrissur,1147,206
Kerala,Wayanad,52,19
Lakshadweep,Lakshadweep,0,169
Madhya Pradesh,Alirajpur,1488,285
Madhya Pradesh,Anuppur,1440,188
Madhya Pradesh,Ashok Nagar,642,51
Madhya Pradesh,Balaghat,2969,417
Madhya Pradesh,Barwani,1261,235
Madhya Pradesh,Betul,1746,87
Madhya Pradesh,Bhind,501,173
Madhya Pradesh,Bhopal,964,301
Madhya Pradesh,Burhanpur,275,31
Madhya Pradesh,Chhatarpur,1893,199
Madhya Pradesh,Chhindwara,2609,269
Madhya Pradesh,Damoh,1349,214
Madhya Pradesh,Datia,478,121
Madhya Pradesh,Dewas,375,262
Madhya Pradesh,Dhar,2585,391
Madhya Pradesh,Dindori,2625,354
Madhya Pradesh,Guna,840,214
Madhya Pradesh,Gwalior,1401,206
Madhya Pradesh,Harda,91,46
Madhya Pradesh,Hoshangabad,107,54
Madhya Pradesh,Indore,1678,386
Madhya Pradesh,Jabalpur,690,257
Madhya Pradesh,Jhabua,963,281
Madhya Pradesh,Katni,1874,116
Madhya Pradesh,Khandwa,197,145
Madhya Pradesh,Khargone,1825,264
Madhya Pradesh,Mandla,2352,405
Madhya Pradesh,Mandsaur,580,302
Madhya Pradesh,Morena,1056,74
Madhya Pradesh,Narsinghpur,1225,309
Madhya Pradesh,Neemuch,152,230
Madhya Pradesh,Panna,1241,117
Madhya Pradesh,Raisen,1438,165
Madhya Pradesh,Rajgarh,338,97
Madhya Pradesh,Ratlam,644,83
Madhya Pradesh,Rewa,2843,644
Madhya Pradesh,Sagar,2322,217
Madhya Pradesh,Satna,2379,403
Madhya Pradesh,Sehore,1164,203
Madhya Pradesh,Seoni,2666,162
Madhya Pradesh,Shahdol,1863,169
Madhya Pradesh,Shajapur,196,205
Madhya Pradesh,Sheopur,65,8
Madhya Pradesh,Shivpuri,1013,82
Madhya Pradesh,Sidhi,1916,236
Madhya Pradesh,Singrauli,1402,124
Madhya Pradesh,Tikamgarh,703,101
Madhya Pradesh,Ujjain,1811,690
Madhya Pradesh,Umaria,1968,94
Madhya Pradesh,Vidisha,1188,433
Maharashtra,Ahmednagar,2641,341
Maharashtra,Akola,2787,127
Maharashtra,Amravati,1702,134
Maharashtra,Aurangabad,2482,490
Maharashtra,Beed,2665,208
Maharashtra,Bhandara,815,224
Maharashtra,Buldhana,3728,256
Maharashtra,Chandrapur,888,98
Maharashtra,Dhule,598,129
Maharashtra,Gadchiroli,2315,137
Maharashtra,Gondia,769,178
Maharashtra,Hingoli,3485,149
Maharashtra,Jalgaon,2144,251
Maharashtra,Jalna,1798,267
Maharashtra,Kolhapur,4174,220
Maharashtra,Latur,934,164
Maharashtra,Mumbai,4995,435
Maharashtra,Nagpur,2910,527
Maharashtra,Nanded,2663,217
Maharashtra,Nandurbar,705,147
Maharashtra,Nashik,3220,846
Maharashtra,Osmanabad,3792,154
Maharashtra,Parbhani,2452,226
Maharashtra,Pune,5569,344
Maharashtra,Raigad,7489,133
Maharashtra,Ratnagiri,2248,785
Maharashtra,Sangli,4999,273
Maharashtra,Satara,4497,212
Maharashtra,Sindhudurg,2755,46
Maharashtra,Solapur,2941,184
Maharashtra,Thane,9734,606
Maharashtra,Wardha,244,355
Maharashtra,Washim,2146,128
Maharashtra,Yavatmal,2957,288
Manipur,Bishnupur,3,0
Manipur,Chandel,3,2
Manipur,Churachandpur,134,8
Manipur,Imphal East,85,42
Manipur,Imphal West,181,21
Manipur,Senapati,2,1
Manipur,Tamenglong,3,5
Manipur,Thoubal,1,0
Manipur,Ukhrul,1,0
Meghalaya,East Garo Hills,0,1
Meghalaya,East Khasi Hills,2,0
Meghalaya,Ri Bhoi,1,0
Meghalaya,West Garo Hills,2,0
Mizoram,Aizawl,1,0
Mizoram,Champhai,1,0
Mizoram,Lunglei,1,0
Nagaland,Dimapur,1,1
Nagaland,Mokokchung,1,9
Nagaland,Mon,14,1
Nagaland,Phek,0,1
Nagaland,Tuensang,1,0
Nagaland,Wokha,2,2
Nagaland,Zunheboto,0,1
Odisha,Angul,4,2
Odisha,Anugul,8741,1338
Odisha,Balangir,1,60
Odisha,Baleswar,436,193
Odisha,Bargarh,3051,150
Odisha,Baudh,248,11
Odisha,Bhadrak,687,223
Odisha,Cuttack,156,104
Odisha,Debagarh,425,29
Odisha,Dhenkanal,3933,144
Odisha,Gajapati,4798,430
Odisha,Ganjam,2013,370
Odisha,Jagatsinghapur,602,93
Odisha,Jajapur,5961,2098
Odisha,Jharsuguda,5,1
Odisha,Kalahandi,5,0
Odisha,Kandhamal,1327,164
Odisha,Kendrapara,322,38
Odisha,Kendujhar,1403,1380
Odisha,Khorda,18,1
Odisha,Khordha,527,101
Odisha,Koraput,382,55
Odisha,Mayurbhanj,5965,1375
Odisha,Nabarangapur,5776,37
Odisha,Nayagarh,2644,261
Odisha,Nuapada,281,14
Odisha,Puri,48,14
Odisha,Rayagada,1,5
Odisha,Sambalpur,437,137
Odisha,Sonapur,4,10
Odisha,Sundergarh,1603,315
Others,Others,217,10334
Puducherry,Karaikal,66,9
Puducherry,Pondicherry,0,2
Puducherry,Puducherry,46,13
Puducherry,Yanam,0,1
Punjab,Amritsar,2877,367
Punjab,Barnala,105,18
Punjab,Bathinda,418,119
Punjab,Faridkot,219,12
Punjab,Fatehgarh Sahib,184,17
Punjab,Fazilka,496,138
Punjab,Firozpur,851,54
Punjab,Gurdaspur,1055,186
Punjab,Hoshiarpur,1117,76
Punjab,Jalandhar,1122,126
Punjab,Kapurthala,440,57
Punjab,Ludhiana,1356,365
Punjab,Mansa,955,116
Punjab,Moga,290,77
Punjab,Muktsar,3,0
Punjab,Pathankot,273,42
Punjab,Patiala,2356,322
Punjab,Rupnagar,800,29
Punjab,SAS Nagar (Mohali),922,90
Punjab,Sangrur,2125,223
Punjab,Shaheed Bhagat Singh Nagar,155,11
Punjab,Sri Muktsar Sahib,667,119
Punjab,Tarn Taran,1171,220
Rajasthan,Ajmer,539,104
Rajasthan,Alwar,1377,438
Rajasthan,Banswara,1757,264
Rajasthan,Baran,162,53
Rajasthan,Barmer,668,592
Rajasthan,Bharatpur,1601,220
Rajasthan,Bhilwara,2724,181
Rajasthan,Bikaner,1151,232
Rajasthan,Bundi,597,65
Rajasthan,Chittorgarh,2791,204
Rajasthan,Churu,1223,224
Rajasthan,Dausa,406,165
Rajasthan,Dholpur,690,70
Rajasthan,Dungarpur,1595,129
Rajasthan,Ganganagar,1673,95
Rajasthan,Hanumangarh,1527,166
Rajasthan,Jaipur,4178,638
Rajasthan,Jaisalmer,996,55
Rajasthan,Jalor,1008,462
Rajasthan,Jhalawar,953,106
Rajasthan,Jhunjhunu,882,244
Rajasthan,Jodhpur,2286,428
Rajasthan,Karauli,1048,145
Rajasthan,Kota,1035,183
Rajasthan,Nagaur,1706,274
Rajasthan,Pali,861,261
Rajasthan,Pratapgarh,1557,105
Rajasthan,Rajsamand,708,218
Rajasthan,Sawai Madhopur,589,133
Rajasthan,Sikar,3275,314
Rajasthan,Sirohi,871,509
Rajasthan,Tonk,891,208
Rajasthan,Udaipur,1419,631
Sikkim,East Sikkim,119,1
Sikkim,North Sikkim,23,0
Sikkim,South Sikkim,25,0
Sikkim,West Sikkim,27,1
Tamil Nadu,Ariyalur,115,12
Tamil Nadu,Chennai,3978,471
Tamil Nadu,Coimbatore,5889,94
Tamil Nadu,Cuddalore,436,19
Tamil Nadu,Dharmapuri,2882,329
Tamil Nadu,Dindigul,2223,887
Tamil Nadu,Erode,456,92
Tamil Nadu,Kancheepuram,1656,103
Tamil Nadu,Kanchipuram,0,5
Tamil Nadu,Kanyakumari,2854,5
Tamil Nadu,Karur,464,23
Tamil Nadu,Krishnagiri,814,128
Tamil Nadu,Madurai,2283,86
Tamil Nadu,Nagapattinam,1166,34
Tamil Nadu,Namakkal,457,205
Tamil Nadu,Perambalur,418,61
Tamil Nadu,Pudukkottai,315,57
Tamil Nadu,Ramanathapuram,366,12
Tamil Nadu,Salem,503,222
Tamil Nadu,Sivaganga,1654,44
Tamil Nadu,Thanjavur,1231,63
Tamil Nadu,The Nilgiris,2100,27
Tamil Nadu,Theni,904,117
Tamil Nadu,Thiruvarur,356,55
Tamil Nadu,Thoothukudi,2884,115
Tamil Nadu,Tiruchirappalli,1043,43
Tamil Nadu,Tirunelveli,3016,51
Tamil Nadu,Tirupur,4201,99
Tamil Nadu,Tiruvallur,11367,607
Tamil Nadu,Tiruvannamalai,1848,105
Tamil Nadu,Tiruvarur,0,16
Tamil Nadu,Vellore,1622,229
Tamil Nadu,Viluppuram,3305,70
Tamil Nadu,Virudhunagar,1094,181
Tripura,Dhalai,28,30
Tripura,Gomati,13,17
Tripura,Khowai,3,0
Tripura,North Tripura,115,30
Tripura,Sepahijala,9,0
Tripura,South Tripura,1,6
Tripura,Unakoti,54,5
Tripura,West Tripura,59,16
Uttar Pradesh,Agra,333,89
Uttar Pradesh,Aligarh,957,12
Uttar Pradesh,Allahabad,2564,34
Uttar Pradesh,Ambedkar Nagar,44,1
Uttar Pradesh,Amethi,1220,108
Uttar Pradesh,Amroha,2444,16
Uttar Pradesh,Auraiya,32,5
Uttar Pradesh,Azamgarh,311,60
Uttar Pradesh,Baghpat,86,42
Uttar Pradesh,Bahraich,43,2
Uttar Pradesh,Ballia,264,13
Uttar Pradesh,Balrampur,3141,43
Uttar Pradesh,Banda,1884,137
Uttar Pradesh,Barabanki,31,11
Uttar Pradesh,Bareilly,2514,210
Uttar Pradesh,Basti,222,5
Uttar Pradesh,Bijnor,4461,117
Uttar Pradesh,Budaun,14,1
Uttar Pradesh,Bulandshahr,84,63
Uttar Pradesh,Chandauli,830,139
Uttar Pradesh,Chitrakoot,2729,58
Uttar Pradesh,Deoria,1511,90
Uttar Pradesh,Etah,23,0
Uttar Pradesh,Etawah,1722,105
Uttar Pradesh,Faizabad,653,26
Uttar Pradesh,Farrukhabad,789,36
Uttar Pradesh,Fatehpur,4110,35
Uttar Pradesh,Firozabad,33,5
Uttar Pradesh,Gautam Buddha Nagar,990,65
Uttar Pradesh,Ghaziabad,1107,180
Uttar Pradesh,Ghazipur,1476,75
Uttar Pradesh,Gonda,3334,82
Uttar Pradesh,Gorakhpur,4032,247
Uttar Pradesh,Hamirpur,131,4
Uttar Pradesh,Hardoi,27,5
Uttar Pradesh,Hathras,1106,369
Uttar Pradesh,Jalaun,141,4
Uttar Pradesh,Jaunpur,88,6
Uttar Pradesh,Jhansi,1440,92
Uttar Pradesh,Kannauj,420,24
Uttar Pradesh,Kanpur Dehat,130,5
Uttar Pradesh,Kanpur Nagar,601,149
Uttar Pradesh,Kasganj,90,5
Uttar Pradesh,Kaushambi,194,8
Uttar Pradesh,Kheri,665,251
Uttar Pradesh,Kushinagar,405,38
Uttar Pradesh,Lalitpur,7,0
Uttar Pradesh,Lucknow,475,186
Uttar Pradesh,Maharajganj,4230,38
Uttar Pradesh,Mahoba,341,17
Uttar Pradesh,Mainpuri,39,92
Uttar Pradesh,Mathura,480,18
Uttar Pradesh,Mau,56,3
Uttar Pradesh,Meerut,2324,27
Uttar Pradesh,Mirzapur,34,2
Uttar Pradesh,Moradabad,150,34
Uttar Pradesh,Muzaffarnagar,462,10
Uttar Pradesh,Pilibhit,2715,169
Uttar Pradesh,Pratapgarh,4717,98
Uttar Pradesh,Raebareli,14709,171
Uttar Pradesh,Rampur,5,2
Uttar Pradesh,Saharanpur,3478,29
Uttar Pradesh,Sambhal,8,1
Uttar Pradesh,Sant Kabir Nagar,4352,259
Uttar Pradesh,Sant Ravidas Nagar,1307,60
Uttar Pradesh,Shahjahanpur,1139,34
Uttar Pradesh,Shamli,130,0
Uttar Pradesh,Shrawasti,1378,7
Uttar Pradesh,Siddharthnagar,70,3
Uttar Pradesh,Sitapur,10,0
Uttar Pradesh,Sonbhadra,188,8
Uttar Pradesh,Sultanpur,38,5
Uttar Pradesh,Unnao,1098,99
Uttar Pradesh,Varanasi,3235,93
Uttarakhand,Almora,32,1
Uttarakhand,Bageshwar,419,1
Uttarakhand,Chamoli,15,0
Uttarakhand,Champawat,162,5
Uttarakhand,Dehradun,3336,21
Uttarakhand,Garhwal,1,0
Uttarakhand,Hardwar,1,0
Uttarakhand,Haridwar,9270,38
Uttarakhand,Nainital,21,2
Uttarakhand,Pauri Garhwal,47,2
Uttarakhand,Pithoragarh,17,1
Uttarakhand,Rudraprayag,11,0
Uttarakhand,Tehri Garhwal,1170,10
Uttarakhand,Udham Singh Nagar,71,15
Uttarakhand,Uttarkashi,3,0
West Bengal,Bankura,1080,23
West Bengal,Bardhaman,7111,263
West Bengal,Birbhum,7562,130
West Bengal,Cooch Behar,660,62
West Bengal,Dakshin Dinajpur,2,15
West Bengal,Darjeeling,2732,38
West Bengal,East Midnapore,6163,1542
West Bengal,Hooghly,9777,104
West Bengal,Howrah,1026,136
West Bengal,Jalpaiguri,5133,41
West Bengal,Kolkata,3038,66
West Bengal,Malda,7104,227
West Bengal,Medinipur,1095,56
West Bengal,Murshidabad,14893,189
West Bengal,Nadia,6471,114
West Bengal,North 24 Parganas,3225,285
West Bengal,North Dinajpur,2763,47
West Bengal,Purulia,809,461
West Bengal,South 24 Parganas,6719,135
West Bengal,South Dinajpur,1295,21
West Bengal,South Twenty Four Parganas,96,52
West Bengal,West Midnapore,633,365
