State,District,Aadhaar generated,Enrolment Rejected
Andaman and Nicobar Islands,Nicobar,0,1
Andaman and Nicobar Islands,South Andaman,23,44
Andhra Pradesh,Adilabad,444,1386
Andhra Pradesh,Anantapur,0,60
Andhra Pradesh,Ananthapur,1374,488
Andhra Pradesh,Chittoor,220,339
Andhra Pradesh,Cuddapah,89,283
Andhra Pradesh,East Godavari,236,532
Andhra Pradesh,Guntur,512,326
Andhra Pradesh,Hyderabad,1213,833
Andhra Pradesh,Karimnagar,753,744
Andhra Pradesh,Khammam,433,793
Andhra Pradesh,Krishna,472,362
Andhra Pradesh,Kurnool,4310,4873
Andhra Pradesh,Mahbubnagar,4772,3123
Andhra Pradesh,Medak,927,1334
Andhra Pradesh,Nalgonda,763,1012
Andhra Pradesh,Nellore,1134,626
Andhra Pradesh,Nizamabad,932,938
Andhra Pradesh,Prakasam,809,657
Andhra Pradesh,Ranga Reddy,1074,2686
Andhra Pradesh,Srikakulam,141,1239
Andhra Pradesh,Visakhapatnam,1880,1885
Andhra Pradesh,Vizianagaram,1247,1574
Andhra Pradesh,Warangal,780,848
Andhra Pradesh,West Godavari,1065,6104
Arunachal Pradesh,East Siang,1,0
Arunachal Pradesh,Lohit,1,0
Arunachal Pradesh,Papum Pare,313,0
Arunachal Pradesh,West Kameng,296,0
Arunachal Pradesh,West Siang,1,0
Assam,Baksa,5,3
Assam,Barpeta,3,5
Assam,Bongaigaon,1,0
Assam,Cachar,15,5
Assam,Chirang,0,2
Assam,Dhubri,2,1
Assam,Dibrugarh,8,2
Assam,Golaghat,1,2
Assam,Hailakandi,13,2
Assam,Jorhat,4,0
Assam,Kamrup,9,0
Assam,Kamrup Metro,2,0
Assam,Karbi Anglong,5,0
Assam,Karimganj,3,2
Assam,Kokrajhar,1,0
Assam,Lakhimpur,2,0
Assam,Marigaon,4,1
Assam,Nagaon,10,3
Assam,Sibsagar,4,6
Assam,Sonitpur,13,2
Assam,Tinsukia,1,0
Assam,Udalguri,4,1
Bihar,Araria,65,3
Bihar,Arwal,154,48
Bihar,Aurangabad,75,19
Bihar,Aurangabad(BH),0,1
Bihar,Banka,109,21
Bihar,Begusarai,66,15
Bihar,Bhagalpur,553,27
Bihar,Bhojpur,104,22
Bihar,Buxar,66,17
Bihar,Darbhanga,1347,281
Bihar,East Champaran,432,21
Bihar,Gaya,279,37
Bihar,Gopalganj,2004,166
Bihar,Jamui,411,78
Bihar,Jehanabad,43,14
Bihar,Kaimur (Bhabua),34,5
Bihar,Katihar,14730,587
Bihar,Khagaria,31,12
Bihar,Kishanganj,4644,68
Bihar,Lakhisarai,32,11
Bihar,Madhepura,35,9
Bihar,Madhubani,214,39
Bihar,Munger,54,17
Bihar,Muzaffarpur,117,52
Bihar,Nalanda,676,1443
Bihar,Nawada,114,18
Bihar,Patna,1053,97
Bihar,Purnia,120,14
Bihar,Rohtas,216,39
Bihar,Saharsa,1821,16
Bihar,Samastipur,126,29
Bihar,Saran,185,31
Bihar,Sheikhpura,11,18
Bihar,Sheohar,83,693
Bihar,Sitamarhi,111,18
Bihar,Siwan,139,28
Bihar,Supaul,41,9
Bihar,Vaishali,183,810
Bihar,West Champaran,75,17
Chandigarh,Chandigarh,223,294
Chhattisgarh,Balod,22,3
Chhattisgarh,Baloda Bazar,2,0
Chhattisgarh,Bastar,10,4
Chhattisgarh,Bemetara,46,7
Chhattisgarh,Bilaspur,16,7
Chhattisgarh,Dhamtari,103,732
Chhattisgarh,Durg,685,11
Chhattisgarh,Gariyaband,501,12
Chhattisgarh,Janjgir Champa,528,6
Chhattisgarh,Janjgir-champa,85,345
Chhattisgarh,Jashpur,9,0
Chhattisgarh,Kanker,2,0
Chhattisgarh,Kawardha,10,0
Chhattisgarh,Korba,3051,217
Chhattisgarh,Koriya,110,1130
Chhattisgarh,Mahasamund,442,18
Chhattisgarh,Mungeli,1358,34
Chhattisgarh,Raigarh,1056,43
Chhattisgarh,Raipur,2435,50
Chhattisgarh,Rajnandgaon,69,120
Chhattisgarh,Surajpur,1144,32
Chhattisgarh,Surguja,8,1
Dadra and Nagar Haveli,Dadra and Nagar Haveli,303,19
Daman and Diu,Daman,163,22
Daman and Diu,Diu,3,3
Delhi,Central Delhi,315,391
Delhi,East Delhi,779,2018
Delhi,Najafgarh,0,24
Delhi,New Delhi,32,11
Delhi,North Delhi,166,455
Delhi,North East,0,2180
Delhi,North East Delhi,349,1052
Delhi,North West Delhi,678,5173
Delhi,South Delhi,2593,2841
Delhi,South West Delhi,461,964
Delhi,West Delhi,551,1190
Goa,Bardez,0,1
Goa,North Goa,75,396
Goa,South Goa,130,281
Gujarat,Ahmedabad,16179,1290
Gujarat,Amreli,3811,158
Gujarat,Anand,4052,412
Gujarat,Banaskantha,9911,542
Gujarat,Bharuch,6146,435
Gujarat,Bhavnagar,4215,302
Gujarat,Dahod,5177,377
Gujarat,Gandhinagar,2107,172
Gujarat,Jamnagar,3841,229
Gujarat,Junagadh,5354,790
Gujarat,Kachchh,4130,162
Gujarat,Kheda,4455,207
Gujarat,Mahesana,7032,401
Gujarat,Narmada,564,425
Gujarat,Navsari,3269,1294
Gujarat,Panchmahal,3652,715
Gujarat,Patan,2155,197
Gujarat,Porbandar,211,64
Gujarat,Rajkot,8634,570
Gujarat,Sabarkantha,2371,214
Gujarat,Surat,12158,2841
Gujarat,Surendranagar,2445,459
Gujarat,Tapi,1714,466
Gujarat,The Dangs,393,6
Gujarat,Vadodara,15566,503
Gujarat,Valsad,6794,314
Haryana,Ambala,286,838
Haryana,Bhiwani,858,639
Haryana,Faridabad,2028,1024
Haryana,Fatehabad,272,1004
Haryana,Gurgaon,1333,1442
Haryana,Hisar,1503,1565
Haryana,Jhajjar,518,332
Haryana,Jind,876,447
Haryana,Kaithal,272,109
Haryana,Karnal,1042,1334
Haryana,Kurukshetra,769,84
Haryana,Mahendragarh,879,416
Haryana,Mewat,1635,446
Haryana,Palwal,309,438
Haryana,Panchkula,121,156
Haryana,Panipat,502,749
Haryana,Rewari,1706,697
Haryana,Rohtak,245,290
Haryana,Sirsa,926,452
Haryana,Sonipat,208,890
Haryana,Yamuna Nagar,519,237
Himachal Pradesh,Bilaspur,50,88
Himachal Pradesh,Chamba,99,162
Himachal Pradesh,Hamirpur,61,79
Himachal Pradesh,Kangra,1077,484
Himachal Pradesh,Kinnaur,39,37
Himachal Pradesh,Kullu,152,58
Himachal Pradesh,Lahul and Spiti,2,1
Himachal Pradesh,Mandi,119,173
Himachal Pradesh,Shimla,242,138
Himachal Pradesh,Sirmaur,127,267
Himachal Pradesh,Solan,262,163
Himachal Pradesh,Una,73,45
Jammu and Kashmir,Anantnag,342,15
Jammu and Kashmir,Badgam,97,3
Jammu and Kashmir,Bandipore,3,0
Jammu and Kashmir,Baramula,837,2
Jammu and Kashmir,Doda,435,18
Jammu and Kashmir,Jammu,734,26
Jammu and Kashmir,Kargil,74,4
Jammu and Kashmir,Kathua,255,37
Jammu and Kashmir,Kupwara,133,26
Jammu and Kashmir,Leh,15,12
Jammu and Kashmir,Pulwama,7,0
Jammu and Kashmir,Punch,2,3
Jammu and Kashmir,Rajouri,7,2
Jammu and Kashmir,Reasi,11,132
Jammu and Kashmir,Srinagar,468,16
Jammu and Kashmir,Udhampur,192,2
Jharkhand,Bokaro,612,559
Jharkhand,Chatra,880,1084
Jharkhand,Deoghar,1685,624
Jharkhand,Dhanbad,1532,1551
Jharkhand,Dumka,237,420
Jharkhand,East Singhbhum,1092,740
Jharkhand,Garhwa,550,533
Jharkhand,Giridih,1077,707
Jharkhand,Godda,496,1214
Jharkhand,Gumla,920,556
Jharkhand,Hazaribag,0,13
Jharkhand,Hazaribagh,427,519
Jharkhand,Jamtara,1033,249
Jharkhand,Khunti,221,102
Jharkhand,Koderma,465,669
Jharkhand,Latehar,800,831
Jharkhand,Lohardaga,231,134
Jharkhand,Pakur,862,275
Jharkhand,Palamu,2209,1093
Jharkhand,Ramgarh,99,441
Jharkhand,Ranchi,834,801
Jharkhand,Sahibganj,1446,568
Jharkhand,Seraikela-Kharsawan,127,161
Jharkhand,Simdega,305,191
Jharkhand,West Singhbhum,378,540
Karnataka,Bagalkot,5433,265
Karnataka,Bangalore,4269,1840
Karnataka,Bangalore Rural,468,553
Karnataka,Belgaum,5012,2854
Karnataka,Bellary,4257,2112
Karnataka,Bidar,3432,903
Karnataka,Bijapur,1184,370
Karnataka,Bijapur(KAR),14,8
Karnataka,Chamarajanagar,2709,246
Karnataka,Chikkaballapur,2173,677
Karnataka,Chikmagalur,1291,281
Karnataka,Chitradurga,1897,2139
Karnataka,Dakshina Kannada,387,2302
Karnataka,Davangere,387,1631
Karnataka,Dharwad,270,1256
Karnataka,Gadag,67,594
Karnataka,Gulbarga,6920,1139
Karnataka,Hassan,3458,1829
Karnataka,Haveri,609,2083
Karnataka,Kodagu,691,295
Karnataka,Kolar,1019,857
Karnataka,Koppal,877,160
Karnataka,Mandya,7098,1488
Karnataka,Mysore,63,320
Karnataka,Raichur,1817,810
Karnataka,Ramanagar,1514,301
Karnataka,Shimoga,3530,894
Karnataka,Tumkur,313,222
Karnataka,Udupi,259,1176
Karnataka,Uttara Kannada,1687,393
Karnataka,Yadgir,2283,1309
Kerala,Alappuzha,474,1129
Kerala,Ernakulam,888,1333
Kerala,Idukki,165,123
Kerala,Kannur,1074,891
Kerala,Kasaragod,142,386
Kerala,Kollam,593,1070
Kerala,Kottayam,570,595
Kerala,Kozhikode,539,1465
Kerala,Malappuram,1690,852
Kerala,Palakkad,678,877
Kerala,Pathanamthitta,201,387
Kerala,Thiruvananthapuram,825,950
Kerala,Thrissur,891,1065
Kerala,Wayanad,42,211
Lakshadweep,Lakshadweep,0,1
Madhya Pradesh,Alirajpur,542,544
Madhya Pradesh,Anuppur,823,365
Madhya Pradesh,Ashok Nagar,267,162
Madhya Pradesh,Balaghat,1509,932
Madhya Pradesh,Barwani,1200,196
Madhya Pradesh,Betul,2794,867
Madhya Pradesh,Bhind,815,261
Madhya Pradesh,Bhopal,914,717
Madhya Pradesh,Burhanpur,155,138
Madhya Pradesh,Chhatarpur,1798,701
Madhya Pradesh,Chhindwara,2792,1048
Madhya Pradesh,Damoh,1122,418
Madhya Pradesh,Datia,663,249
Madhya Pradesh,Dewas,796,139
Madhya Pradesh,Dhar,2735,665
Madhya Pradesh,Dindori,388,300
Madhya Pradesh,Guna,513,368
Madhya Pradesh,Gwalior,1593,655
Madhya Pradesh,Harda,27,33
Madhya Pradesh,Hoshangabad,115,95
Madhya Pradesh,Indore,1626,563
Madhya Pradesh,Jabalpur,641,1145
Madhya Pradesh,Jhabua,936,353
Madhya Pradesh,Katni,800,779
Madhya Pradesh,Khandwa,106,87
Madhya Pradesh,Khargone,2474,264
Madhya Pradesh,Mandla,1039,539
Madhya Pradesh,Mandsaur,740,218
Madhya Pradesh,Morena,731,192
Madhya Pradesh,Narsinghpur,371,651
Madhya Pradesh,Neemuch,309,148
Madhya Pradesh,Panna,598,220
Madhya Pradesh,Raisen,1546,606
Madhya Pradesh,Rajgarh,1914,301
Madhya Pradesh,Ratlam,722,224
Madhya Pradesh,Rewa,755,773
Madhya Pradesh,Sagar,1449,468
Madhya Pradesh,Satna,1004,1576
Madhya Pradesh,Sehore,855,248
Madhya Pradesh,Seoni,765,188
Madhya Pradesh,Shahdol,553,335
Madhya Pradesh,Shajapur,923,92
Madhya Pradesh,Sheopur,61,7
Madhya Pradesh,Shivpuri,2180,771
Madhya Pradesh,Sidhi,303,364
Madhya Pradesh,Singrauli,849,500
Madhya Pradesh,Tikamgarh,585,487
Madhya Pradesh,Ujjain,1686,501
Madhya Pradesh,Umaria,289,178
Madhya Pradesh,Vidisha,1185,186
Maharashtra,Ahmednagar,3623,1677
Maharashtra,Akola,1323,300
Maharashtra,Amravati,375,980
Maharashtra,Aurangabad,2377,2424
Maharashtra,Beed,3346,732
Maharashtra,Bhandara,1083,1829
Maharashtra,Buldhana,4617,664
Maharashtra,Chandrapur,1653,1146
Maharashtra,Dhule,486,946
Maharashtra,Gadchiroli,3953,389
Maharashtra,Gondia,667,654
Maharashtra,Hingoli,2858,271
Maharashtra,Jalgaon,2179,1245
Maharashtra,Jalna,1496,611
Maharashtra,Kolhapur,5149,1360
Maharashtra,Latur,1185,649
Maharashtra,Mumbai,3437,1616
Maharashtra,Nagpur,3346,2335
Maharashtra,Nanded,4168,1402
Maharashtra,Nandurbar,388,822
Maharashtra,Nashik,8048,3159
Maharashtra,Osmanabad,1986,634
Maharashtra,Parbhani,3811,1143
Maharashtra,Pune,4683,2939
Maharashtra,Raigad,8275,799
Maharashtra,Ratnagiri,1184,994
Maharashtra,Sangli,2490,2116
Maharashtra,Satara,1973,1047
Maharashtra,Sindhudurg,3284,409
Maharashtra,Solapur,5624,778
Maharashtra,Thane,5878,6714
Maharashtra,Wardha,487,370
Maharashtra,Washim,1860,461
Maharashtra,Yavatmal,8141,655
Manipur,Bishnupur,3,0
Manipur,Chandel,6,2
Manipur,Churachandpur,22,9
Manipur,Imphal East,301,16
Manipur,Imphal West,548,11
Manipur,Senapati,2,0
Manipur,Tamenglong,174,3
Manipur,Thoubal,2,5
Meghalaya,East Khasi Hills,101,0
Meghalaya,Ri Bhoi,1,0
Meghalaya,West Garo Hills,1,0
Mizoram,Aizawl,0,2
Mizoram,Champhai,1,0
Mizoram,Kolasib,1,0
Mizoram,Serchhip,47,0
Nagaland,Dimapur,3,187
Nagaland,Kohima,0,136
Nagaland,Mokokchung,0,98
Nagaland,Mon,27,0
Nagaland,Phek,0,44
Nagaland,Tuensang,0,2
Nagaland,Wokha,0,109
Nagaland,Zunheboto,1,92
Odisha,Angul,11,2
Odisha,Anugul,1274,238
Odisha,Balangir,596,358
Odisha,Baleswar,493,636
Odisha,Bargarh,1520,852
Odisha,Baudh,643,7
Odisha,Bhadrak,609,103
Odisha,Boudh,19,0
Odisha,Cuttack,201,2400
Odisha,Debagarh,67,14
Odisha,Dhenkanal,196,173
Odisha,Gajapati,1001,197
Odisha,Ganjam,1999,460
Odisha,Jagatsinghapur,91,24
Odisha,Jajapur,6566,6222
Odisha,Jharsuguda,2,2
Odisha,Kalahandi,14,2
Odisha,Kandhamal,1689,107
Odisha,Kendrapara,79,76
Odisha,Kendujhar,5264,326
Odisha,Khorda,100,156
Odisha,Khordha,10,1061
Odisha,Koraput,991,151
Odisha,Mayurbhanj,16101,693
Odisha,Nabarangapur,2184,323
Odisha,Nayagarh,1196,257
Odisha,Nuapada,602,5
Odisha,Puri,7,193
Odisha,Rayagada,7,155
Odisha,Sambalpur,1322,243
Odisha,Sonapur,30,486
Odisha,Sundergarh,3030,2394
Others,Others,5,4527
Puducherry,Karaikal,42,167
Puducherry,Pondicherry,0,10
Puducherry,Puducherry,26,94
Puducherry,Yanam,0,23
Punjab,Amritsar,2123,2036
Punjab,Barnala,59,65
Punjab,Bathinda,537,500
Punjab,Faridkot,300,182
Punjab,Fatehgarh Sahib,20,87
Punjab,Fazilka,500,335
Punjab,Firozpur,835,639
Punjab,Gurdaspur,444,314
Punjab,Hoshiarpur,622,329
Punjab,Jalandhar,1226,625
Punjab,Kapurthala,618,301
Punjab,Ludhiana,2128,1401
Punjab,Mansa,197,241
Punjab,Moga,279,78
Punjab,Muktsar,10,33
Punjab,Pathankot,155,216
Punjab,Patiala,820,1079
Punjab,Rupnagar,199,146
Punjab,SAS Nagar (Mohali),330,253
Punjab,Sangrur,646,750
Punjab,Shaheed Bhagat Singh Nagar,62,123
Punjab,Sri Muktsar Sahib,298,296
Punjab,Tarn Taran,810,2017
Rajasthan,Ajmer,208,660
Rajasthan,Alwar,773,1259
Rajasthan,Banswara,1929,360
Rajasthan,Baran,463,241
Rajasthan,Barmer,1217,560
Rajasthan,Bharatpur,1498,364
Rajasthan,Bhilwara,1682,1532
Rajasthan,Bikaner,569,414
Rajasthan,Bundi,609,736
Rajasthan,Chittorgarh,1418,438
Rajasthan,Churu,387,304
Rajasthan,Dausa,546,247
Rajasthan,Dholpur,1218,352
Rajasthan,Dungarpur,2632,292
Rajasthan,Ganganagar,892,453
Rajasthan,Hanumangarh,3817,794
Rajasthan,Jaipur,2148,2489
Rajasthan,Jaisalmer,627,460
Rajasthan,Jalor,797,497
Rajasthan,Jhalawar,381,595
Rajasthan,Jhunjhunu,462,396
Rajasthan,Jodhpur,1779,826
Rajasthan,Karauli,415,231
Rajasthan,Kota,461,318
Rajasthan,Nagaur,1931,777
Rajasthan,Pali,693,358
Rajasthan,Pratapgarh,1455,209
Rajasthan,Rajsamand,258,221
Rajasthan,Sawai Madhopur,878,208
Rajasthan,Sikar,1406,696
Rajasthan,Sirohi,454,195
Rajasthan,Tonk,999,545
Rajasthan,Udaipur,463,699
Sikkim,East Sikkim,22,9
Sikkim,North Sikkim,0,4
Sikkim,South Sikkim,41,5
Sikkim,West Sikkim,3,3
Tamil Nadu,Ariyalur,79,29
Tamil Nadu,Chennai,7905,935
Tamil Nadu,Coimbatore,2735,689
Tamil Nadu,Cuddalore,242,836
Tamil Nadu,Dharmapuri,830,954
Tamil Nadu,Dindigul,2691,37
Tamil Nadu,Erode,831,684
Tamil Nadu,Kancheepuram,5945,545
Tamil Nadu,Kanchipuram,0,119
Tamil Nadu,Kanyakumari,1930,26
Tamil Nadu,Karur,169,270
Tamil Nadu,Krishnagiri,283,577
Tamil Nadu,Madurai,5228,1675
Tamil Nadu,Nagapattinam,151,227
Tamil Nadu,Namakkal,5274,55
Tamil Nadu,Nilgiris,0,12
Tamil Nadu,Perambalur,214,164
Tamil Nadu,Pudukkottai,33,191
Tamil Nadu,Ramanathapuram,300,1175
Tamil Nadu,Salem,676,1636
Tamil Nadu,Sivaganga,2460,69
Tamil Nadu,Thanjavur,1156,492
Tamil Nadu,The Nilgiris,543,210
Tamil Nadu,Theni,186,187
Tamil Nadu,Thiruvarur,110,18
Tamil Nadu,Thoothukudi,1344,506
Tamil Nadu,Tiruchirappalli,211,558
Tamil Nadu,Tirunelveli,1540,511
Tamil Nadu,Tirupur,6368,801
Tamil Nadu,Tiruvallur,15828,1501
Tamil Nadu,Tiruvannamalai,1404,1220
Tamil Nadu,Tiruvarur,0,20
Tamil Nadu,Tuticorin,0,1
Tamil Nadu,Vellore,4720,1113
Tamil Nadu,Viluppuram,893,334
Tamil Nadu,Virudhunagar,2347,1704
Tripura,Dhalai,30,2
Tripura,Gomati,121,2
Tripura,Khowai,2,0
Tripura,North Tripura,73,8
Tripura,Sepahijala,11,3
Tripura,South Tripura,4,1
Tripura,Unakoti,67,1
Tripura,West Tripura,84,21
Uttar Pradesh,Agra,533,662
Uttar Pradesh,Aligarh,535,1559
Uttar Pradesh,Allahabad,2602,572
Uttar Pradesh,Ambedkar Nagar,79,21
Uttar Pradesh,Amethi,2037,1949
Uttar Pradesh,Amroha,5011,572
Uttar Pradesh,Auraiya,40,20
Uttar Pradesh,Azamgarh,1856,287
Uttar Pradesh,Baghpat,433,107
Uttar Pradesh,Bahraich,29,3
Uttar Pradesh,Ballia,2907,94
Uttar Pradesh,Balrampur,2389,56
Uttar Pradesh,Banda,299,19
Uttar Pradesh,Barabanki,106,31
Uttar Pradesh,Bareilly,1485,974
Uttar Pradesh,Basti,108,52
Uttar Pradesh,Bijnor,5428,314
Uttar Pradesh,Budaun,28,6
Uttar Pradesh,Bulandshahr,224,132
Uttar Pradesh,Chandauli,1657,129
Uttar Pradesh,Chitrakoot,321,85
Uttar Pradesh,Deoria,353,55
Uttar Pradesh,Etah,30,13
Uttar Pradesh,Etawah,713,591
Uttar Pradesh,Faizabad,763,88
Uttar Pradesh,Farrukhabad,697,125
Uttar Pradesh,Fatehpur,2906,31
Uttar Pradesh,Firozabad,27,11
Uttar Pradesh,Gautam Buddha Nagar,1778,600
Uttar Pradesh,Ghaziabad,1268,1015
Uttar Pradesh,Ghazipur,992,81
Uttar Pradesh,Gonda,3277,36
Uttar Pradesh,Gorakhpur,1214,159
Uttar Pradesh,Hamirpur,32,6
Uttar Pradesh,Hardoi,93,19
Uttar Pradesh,Hathras,2286,2973
Uttar Pradesh,Jalaun,76,9
Uttar Pradesh,Jaunpur,191,41
Uttar Pradesh,Jhansi,509,482
Uttar Pradesh,Kannauj,771,67
Uttar Pradesh,Kanpur Dehat,70,13
Uttar Pradesh,Kanpur Nagar,740,118
Uttar Pradesh,Kasganj,407,8
Uttar Pradesh,Kaushambi,245,37
Uttar Pradesh,Kheri,694,776
Uttar Pradesh,Kushinagar,993,78
Uttar Pradesh,Lalitpur,9,2
Uttar Pradesh,Lucknow,961,510
Uttar Pradesh,Maharajganj,1740,48
Uttar Pradesh,Mahoba,300,164
Uttar Pradesh,Mainpuri,320,76
Uttar Pradesh,Mathura,1765,176
Uttar Pradesh,Mau,84,12
Uttar Pradesh,Meerut,1067,24
Uttar Pradesh,Mirzapur,60,24
Uttar Pradesh,Moradabad,192,6
Uttar Pradesh,Muzaffarnagar,60,8
Uttar Pradesh,Pilibhit,1946,310
Uttar Pradesh,Pratapgarh,3277,371
Uttar Pradesh,Raebareli,1050,891
Uttar Pradesh,Rampur,11,1
Uttar Pradesh,Saharanpur,1235,62
Uttar Pradesh,Sambhal,17,4
Uttar Pradesh,Sant Kabir Nagar,3454,441
Uttar Pradesh,Sant Ravidas Nagar,999,120
Uttar Pradesh,Sant Ravidas Nagar Bhadohi,1,0
Uttar Pradesh,Shahjahanpur,5318,147
Uttar Pradesh,Shamli,210,18
Uttar Pradesh,Shrawasti,330,328
Uttar Pradesh,Siddharthnagar,371,24
Uttar Pradesh,Sitapur,17,15
Uttar Pradesh,Sonbhadra,337,275
Uttar Pradesh,Sultanpur,84,17
Uttar Pradesh,Unnao,985,1940
Uttar Pradesh,Varanasi,1639,451
Uttarakhand,Almora,36,6
Uttarakhand,Bageshwar,50,2
Uttarakhand,Chamoli,13,5
Uttarakhand,Champawat,234,42
Uttarakhand,Dehradun,1499,21
Uttarakhand,Haridwar,538,56
Uttarakhand,Nainital,21,5
Uttarakhand,Pauri Garhwal,519,33
Uttarakhand,Pithoragarh,25,4
Uttarakhand,Rudraprayag,10,4
Uttarakhand,Tehri Garhwal,260,27
Uttarakhand,Udham Singh Nagar,37,132
Uttarakhand,Uttarkashi,3,1
West Bengal,Bally Jagachha,0,1
West Bengal,Bankura,2201,2193
West Bengal,Bardhaman,8793,6656
West Bengal,Birbhum,5741,6818
West Bengal,Cooch Behar,832,830
West Bengal,Dakshin Dinajpur,0,1248
West Bengal,Darjeeling,2468,177
West Bengal,East Midnapore,9557,2902
West Bengal,Hooghly,1602,734
West Bengal,Howrah,880,2660
West Bengal,Jalpaiguri,5549,294
West Bengal,Kolkata,3391,1954
West Bengal,Malda,3512,2181
West Bengal,Medinipur,796,5150
West Bengal,Murshidabad,6836,992
West Bengal,Nadia,8278,341
West Bengal,North 24 Parganas,7812,5824
West Bengal,North Dinajpur,4137,278
West Bengal,Purulia,833,336
West Bengal,South 24 Parganas,10848,1220
West Bengal,South Dinajpur,2799,277
West Bengal,South Twenty Four Parganas,22,135
West Bengal,West Midnapore,10206,2780
