State,District,Aadhaar generated,Enrolment Rejected
Andaman and Nicobar Islands,South Andaman,1,29
Andhra Pradesh,Adilabad,416,327
Andhra Pradesh,Anantapur,0,11
Andhra Pradesh,Ananthapur,577,186
Andhra Pradesh,Chittoor,536,196
Andhra Pradesh,Cuddapah,153,49
Andhra Pradesh,East Godavari,167,85
Andhra Pradesh,Guntur,301,223
Andhra Pradesh,Hyderabad,674,321
Andhra Pradesh,Karimnagar,2213,404
Andhra Pradesh,Khammam,1726,251
Andhra Pradesh,Krishna,179,62
Andhra Pradesh,Kurnool,4186,2413
Andhra Pradesh,Mahbubnagar,3755,2628
Andhra Pradesh,Medak,2338,304
Andhra Pradesh,Nalgonda,758,403
Andhra Pradesh,Nellore,1210,292
Andhra Pradesh,Nizamabad,1336,334
Andhra Pradesh,Prakasam,1151,185
Andhra Pradesh,Ranga Reddy,898,497
Andhra Pradesh,Srikakulam,52,271
Andhra Pradesh,Visakhapatnam,2642,893
Andhra Pradesh,Vizianagaram,1714,220
Andhra Pradesh,Warangal,1080,1100
Andhra Pradesh,West Godavari,3680,388
Arunachal Pradesh,Papum Pare,125,0
Arunachal Pradesh,West Kameng,22,0
Assam,Baksa,7,0
Assam,Barpeta,8,0
Assam,Cachar,7,0
Assam,Chirang,1,0
Assam,Darrang,1,1
Assam,Dhubri,4,0
Assam,Dibrugarh,3,0
Assam,Golaghat,4,0
Assam,Hailakandi,5,0
Assam,Jorhat,4,0
Assam,Kamrup,5,0
Assam,Kamrup Metro,1,0
Assam,Karbi Anglong,2,0
Assam,Karimganj,5,0
Assam,Kokrajhar,3,0
Assam,Lakhimpur,4,0
Assam,Marigaon,1,0
Assam,Nagaon,7,1
Assam,Nalbari,3,0
Assam,Sibsagar,3,0
Assam,Sonitpur,5,0
Assam,Tinsukia,1,0
Assam,Udalguri,2,0
Bihar,Araria,27,5
Bihar,Arwal,309,23
Bihar,Aurangabad,44,7
Bihar,Banka,57,5
Bihar,Begusarai,32,7
Bihar,Bhagalpur,140,4
Bihar,Bhojpur,42,10
Bihar,Buxar,24,6
Bihar,Darbhanga,542,93
Bihar,East Champaran,92,3
Bihar,Gaya,303,20
Bihar,Gopalganj,745,91
Bihar,Jamui,166,11
Bihar,Jehanabad,34,1
Bihar,Kaimur (Bhabua),19,3
Bihar,Katihar,1480,93
Bihar,Khagaria,12,2
Bihar,Kishanganj,3208,108
Bihar,Lakhisarai,23,5
Bihar,Madhepura,17,3
Bihar,Madhubani,91,12
Bihar,Munger,27,4
Bihar,Muzaffarpur,93,7
Bihar,Nalanda,482,258
Bihar,Nawada,127,15
Bihar,Patna,848,156
Bihar,Purnia,45,4
Bihar,Rohtas,116,21
Bihar,Saharsa,73,21
Bihar,Samastipur,74,4
Bihar,Saran,88,11
Bihar,Sheikhpura,84,15
Bihar,Sheohar,548,21
Bihar,Sitamarhi,64,5
Bihar,Siwan,69,12
Bihar,Supaul,17,4
Bihar,Vaishali,352,76
Bihar,West Champaran,39,9
Chandigarh,Chandigarh,559,77
Chhattisgarh,Balod,1,0
Chhattisgarh,Baloda Bazar,1,0
Chhattisgarh,Balrampur,1,3
Chhattisgarh,Bastar,6,1
Chhattisgarh,Bemetara,12,1
Chhattisgarh,Bilaspur,8,0
Chhattisgarh,Dhamtari,427,7
Chhattisgarh,Durg,343,5
Chhattisgarh,Gariyaband,59,8
Chhattisgarh,Janjgir Champa,634,10
Chhattisgarh,Jashpur,6,0
Chhattisgarh,Kanker,1,0
Chhattisgarh,Kawardha,10,0
Chhattisgarh,Korba,1619,69
Chhattisgarh,Koriya,961,56
Chhattisgarh,Mahasamund,355,3
Chhattisgarh,Mungeli,8,12
Chhattisgarh,Raigarh,1276,13
Chhattisgarh,Raipur,634,6
Chhattisgarh,Rajnandgaon,118,0
Chhattisgarh,Surajpur,119,0
Chhattisgarh,Surguja,2,0
Dadra and Nagar Haveli,Dadra and Nagar Haveli,1515,4
Daman and Diu,Daman,9,1
Daman and Diu,Diu,3,0
Delhi,Central Delhi,389,136
Delhi,East Delhi,582,418
Delhi,Najafgarh,4,2
Delhi,New Delhi,125,11
Delhi,North Delhi,146,123
Delhi,North East,4,55
Delhi,North East Delhi,535,407
Delhi,North West Delhi,1644,675
Delhi,South Delhi,749,626
Delhi,South West Delhi,367,243
Delhi,West Delhi,511,587
Goa,North Goa,3,32
Goa,South Goa,2,20
Gujarat,Ahmedabad,7107,366
Gujarat,Amreli,3898,48
Gujarat,Anand,3071,45
Gujarat,Banaskantha,5714,180
Gujarat,Bharuch,3281,263
Gujarat,Bhavnagar,1130,213
Gujarat,Dahod,7928,218
Gujarat,Gandhinagar,1732,42
Gujarat,Jamnagar,2324,79
Gujarat,Junagadh,7468,568
Gujarat,Kachchh,1526,96
Gujarat,Kheda,6324,144
Gujarat,Mahesana,5144,132
Gujarat,Narmada,550,161
Gujarat,Navsari,1324,140
Gujarat,Panchmahal,2046,239
Gujarat,Patan,831,225
Gujarat,Porbandar,883,29
Gujarat,Rajkot,4207,438
Gujarat,Sabarkantha,1359,103
Gujarat,Surat,5240,472
Gujarat,Surendranagar,4822,198
Gujarat,Tapi,1290,34
Gujarat,The Dangs,172,3
Gujarat,Vadodara,7751,258
Gujarat,Valsad,1686,108
Haryana,Ambala,931,273
Haryana,Bhiwani,2450,156
Haryana,Faridabad,1969,471
Haryana,Fatehabad,1530,84
Haryana,Gurgaon,897,320
Haryana,Hisar,2798,195
Haryana,Jhajjar,1661,104
Haryana,Jind,2007,135
Haryana,Kaithal,2264,134
Haryana,Karnal,1628,176
Haryana,Kurukshetra,1197,116
Haryana,Mahendragarh,1727,75
Haryana,Mewat,1163,180
Haryana,Palwal,709,256
Haryana,Panchkula,180,107
Haryana,Panipat,2120,176
Haryana,Rewari,1918,274
Haryana,Rohtak,1449,122
Haryana,Sirsa,1837,125
Haryana,Sonipat,236,416
Haryana,Yamuna Nagar,2708,104
Himachal Pradesh,Bilaspur,11,1
Himachal Pradesh,Chamba,165,74
Himachal Pradesh,Hamirpur,81,13
Himachal Pradesh,Kangra,231,87
Himachal Pradesh,Kinnaur,0,8
Himachal Pradesh,Kullu,73,36
Himachal Pradesh,Lahul and Spiti,6,1
Himachal Pradesh,Mandi,58,30
Himachal Pradesh,Shimla,18,55
Himachal Pradesh,Sirmaur,87,147
Himachal Pradesh,Solan,98,46
Himachal Pradesh,Una,17,2
Jammu and Kashmir,Anantnag,864,2
Jammu and Kashmir,Badgam,245,4
Jammu and Kashmir,Bandipore,18,2
Jammu and Kashmir,Baramula,16,0
Jammu and Kashmir,Doda,691,4
Jammu and Kashmir,Jammu,309,5
Jammu and Kashmir,Kargil,19,1
Jammu and Kashmir,Kathua,453,16
Jammu and Kashmir,Kupwara,300,2
Jammu and Kashmir,Leh,16,12
Jammu and Kashmir,Pulwama,10,0
Jammu and Kashmir,Punch,1,0
Jammu and Kashmir,Rajouri,10,0
Jammu and Kashmir,Reasi,0,303
Jammu and Kashmir,Srinagar,145,6
Jammu and Kashmir,Udhampur,211,1
Jharkhand,Bokaro,429,334
Jharkhand,Chatra,1098,647
Jharkhand,Deoghar,571,268
Jharkhand,Dhanbad,693,458
Jharkhand,Dumka,434,184
Jharkhand,East Singhbhum,1110,104
Jharkhand,Garhwa,541,112
Jharkhand,Giridih,322,224
Jharkhand,Godda,1104,179
Jharkhand,Gumla,287,94
Jharkhand,Hazaribag,0,1
Jharkhand,Hazaribagh,157,129
Jharkhand,Jamtara,714,55
Jharkhand,Khunti,33,23
Jharkhand,Koderma,136,118
Jharkhand,Latehar,472,154
Jharkhand,Lohardaga,37,35
Jharkhand,Pakur,589,162
Jharkhand,Palamu,477,350
Jharkhand,Ramgarh,59,51
Jharkhand,Ranchi,455,188
Jharkhand,Sahibganj,2212,145
Jharkhand,Seraikela-Kharsawan,279,21
Jharkhand,Simdega,561,67
Jharkhand,West Singhbhum,152,351
Karnataka,Bagalkot,1681,172
Karnataka,Bangalore,9415,1096
Karnataka,Bangalore Rural,554,173
Karnataka,Belgaum,8297,2229
Karnataka,Bellary,6767,318
Karnataka,Bidar,1119,342
Karnataka,Bijapur,4112,156
Karnataka,Bijapur(KAR),4,13
Karnataka,Chamarajanagar,2365,74
Karnataka,Chikkaballapur,758,114
Karnataka,Chikmagalur,1512,72
Karnataka,Chitradurga,3788,300
Karnataka,Dakshina Kannada,3257,2174
Karnataka,Davangere,627,85
Karnataka,Dharwad,213,145
Karnataka,Gadag,75,90
Karnataka,Gulbarga,3224,321
Karnataka,Hassan,4300,104
Karnataka,Haveri,854,118
Karnataka,Kodagu,143,39
Karnataka,Kolar,1145,306
Karnataka,Koppal,581,162
Karnataka,Mandya,3289,175
Karnataka,Mysore,133,81
Karnataka,Raichur,1229,336
Karnataka,Ramanagar,1454,75
Karnataka,Shimoga,2088,139
Karnataka,Tumkur,96,140
Karnataka,Udupi,161,158
Karnataka,Uttara Kannada,218,394
Karnataka,Yadgir,848,231
Kerala,Alappuzha,245,679
Kerala,Ernakulam,352,204
Kerala,Idukki,54,131
Kerala,Kannur,420,678
Kerala,Kasaragod,199,331
Kerala,Kollam,300,460
Kerala,Kottayam,451,144
Kerala,Kozhikode,384,727
Kerala,Malappuram,423,357
Kerala,Palakkad,399,269
Kerala,Pathanamthitta,195,316
Kerala,Thiruvananthapuram,510,411
Kerala,Thrissur,941,174
Kerala,Wayanad,49,254
Lakshadweep,Lakshadweep,2,1
Madhya Pradesh,Alirajpur,641,631
Madhya Pradesh,Anuppur,1212,264
Madhya Pradesh,Ashok Nagar,87,92
Madhya Pradesh,Balaghat,1569,406
Madhya Pradesh,Barwani,864,155
Madhya Pradesh,Betul,2215,148
Madhya Pradesh,Bhind,567,310
Madhya Pradesh,Bhopal,620,759
Madhya Pradesh,Burhanpur,76,81
Madhya Pradesh,Chhatarpur,1928,538
Madhya Pradesh,Chhindwara,3367,356
Madhya Pradesh,Damoh,1273,362
Madhya Pradesh,Datia,399,276
Madhya Pradesh,Dewas,976,389
Madhya Pradesh,Dhar,2189,693
Madhya Pradesh,Dindori,517,477
Madhya Pradesh,Guna,499,581
Madhya Pradesh,Gwalior,1753,515
Madhya Pradesh,Harda,88,97
Madhya Pradesh,Hoshangabad,150,198
Madhya Pradesh,Indore,2390,851
Madhya Pradesh,Jabalpur,949,1153
Madhya Pradesh,Jhabua,1392,461
Madhya Pradesh,Katni,1496,356
Madhya Pradesh,Khandwa,39,249
Madhya Pradesh,Khargone,1959,468
Madhya Pradesh,Mandla,1049,380
Madhya Pradesh,Mandsaur,826,189
Madhya Pradesh,Morena,1494,103
Madhya Pradesh,Narsinghpur,1236,439
Madhya Pradesh,Neemuch,600,32
Madhya Pradesh,Panna,848,222
Madhya Pradesh,Raisen,1687,632
Madhya Pradesh,Rajgarh,791,482
Madhya Pradesh,Ratlam,585,94
Madhya Pradesh,Rewa,1705,1316
Madhya Pradesh,Sagar,1588,559
Madhya Pradesh,Satna,1903,931
Madhya Pradesh,Sehore,1340,411
Madhya Pradesh,Seoni,894,358
Madhya Pradesh,Shahdol,1189,227
Madhya Pradesh,Shajapur,487,128
Madhya Pradesh,Sheopur,232,61
Madhya Pradesh,Shivpuri,1016,211
Madhya Pradesh,Sidhi,621,421
Madhya Pradesh,Singrauli,902,202
Madhya Pradesh,Tikamgarh,643,124
Madhya Pradesh,Ujjain,3129,896
Madhya Pradesh,Umaria,517,195
Madhya Pradesh,Vidisha,1116,1085
Maharashtra,Ahmednagar,1291,389
Maharashtra,Akola,1244,236
Maharashtra,Amravati,428,117
Maharashtra,Aurangabad,2007,561
Maharashtra,Beed,2071,362
Maharashtra,Bhandara,826,479
Maharashtra,Buldhana,4134,321
Maharashtra,Chandrapur,1045,226
Maharashtra,Dhule,410,290
Maharashtra,Gadchiroli,2840,233
Maharashtra,Gondia,740,354
Maharashtra,Hingoli,1319,181
Maharashtra,Jalgaon,1675,246
Maharashtra,Jalna,1260,585
Maharashtra,Kolhapur,3134,311
Maharashtra,Latur,1210,203
Maharashtra,Mumbai,1932,391
Maharashtra,Nagpur,1566,860
Maharashtra,Nanded,2765,424
Maharashtra,Nandurbar,242,117
Maharashtra,Nashik,3975,1302
Maharashtra,Osmanabad,1200,247
Maharashtra,Parbhani,2036,270
Maharashtra,Pune,3589,461
Maharashtra,Raigad,5040,134
Maharashtra,Ratnagiri,921,337
Maharashtra,Sangli,2104,401
Maharashtra,Satara,1601,184
Maharashtra,Sindhudurg,1520,45
Maharashtra,Solapur,2843,274
Maharashtra,Thane,4347,947
Maharashtra,Wardha,475,187
Maharashtra,Washim,1896,212
Maharashtra,Yavatmal,3118,222
Manipur,Bishnupur,3,51
Manipur,Chandel,1,8
Manipur,Churachandpur,2,14
Manipur,Imphal East,44,28
Manipur,Imphal West,126,19
Manipur,Senapati,3,0
Manipur,Tamenglong,1,5
Manipur,Thoubal,1,0
Meghalaya,East Khasi Hills,3,0
Meghalaya,West Garo Hills,3,0
Mizoram,Champhai,1,0
Mizoram,Kolasib,1,0
Mizoram,Mammit,1,0
Mizoram,Serchhip,1,0
Nagaland,Dimapur,1,15
Nagaland,Kohima,0,48
Nagaland,Mokokchung,0,12
Nagaland,Mon,111,1
Nagaland,Phek,0,20
Nagaland,Wokha,0,13
Nagaland,Zunheboto,0,1
Odisha,Angul,3,0
Odisha,Anugul,1822,41
Odisha,Balangir,2,247
Odisha,Baleswar,335,55
Odisha,Bargarh,842,61
Odisha,Baudh,17,0
Odisha,Bhadrak,565,60
Odisha,Boudh,3,0
Odisha,Cuttack,447,30
Odisha,Debagarh,13,0
Odisha,Dhenkanal,227,17
Odisha,Gajapati,643,29
Odisha,Ganjam,1001,74
Odisha,Jagatsinghapur,276,16
Odisha,Jajapur,2550,283
Odisha,Jharsuguda,7,8
Odisha,Kalahandi,3,0
Odisha,Kandhamal,2012,39
Odisha,Kendrapara,160,10
Odisha,Kendujhar,874,870
Odisha,Khorda,75,4
Odisha,Khordha,4,39
Odisha,Koraput,131,33
Odisha,Mayurbhanj,3352,291
Odisha,Nabarangapur,1371,30
Odisha,Nayagarh,1010,182
Odisha,Nuapada,160,0
Odisha,Puri,15,18
Odisha,Rayagada,3,3
Odisha,Sambalpur,534,71
Odisha,Sonapur,3,2
Odisha,Sundergarh,3539,343
Others,Others,9,682
Puducherry,Karaikal,91,19
Puducherry,Puducherry,121,17
Punjab,Amritsar,2110,325
Punjab,Barnala,67,51
Punjab,Bathinda,924,462
Punjab,Faridkot,190,12
Punjab,Fatehgarh Sahib,57,24
Punjab,Fazilka,797,351
Punjab,Firozpur,1111,38
Punjab,Gurdaspur,781,161
Punjab,Hoshiarpur,961,133
Punjab,Jalandhar,1280,204
Punjab,Kapurthala,2304,111
Punjab,Ludhiana,1069,1214
Punjab,Mansa,2682,85
Punjab,Moga,1357,42
Punjab,Muktsar,9,2
Punjab,Pathankot,1413,76
Punjab,Patiala,902,443
Punjab,Rupnagar,238,16
Punjab,SAS Nagar (Mohali),373,93
Punjab,Sangrur,1509,218
Punjab,Shaheed Bhagat Singh Nagar,57,31
Punjab,Sri Muktsar Sahib,457,108
Punjab,Tarn Taran,2639,270
Rajasthan,Ajmer,387,418
Rajasthan,Alwar,1124,570
Rajasthan,Banswara,1276,378
Rajasthan,Baran,416,220
Rajasthan,Barmer,594,1919
Rajasthan,Bharatpur,916,248
Rajasthan,Bhilwara,1953,331
Rajasthan,Bikaner,2745,808
Rajasthan,Bundi,492,157
Rajasthan,Chittorgarh,1187,200
Rajasthan,Churu,2933,410
Rajasthan,Dausa,950,326
Rajasthan,Dholpur,591,70
Rajasthan,Dungarpur,1826,220
Rajasthan,Ganganagar,3451,235
Rajasthan,Hanumangarh,2112,198
Rajasthan,Jaipur,3903,1170
Rajasthan,Jaisalmer,231,50
Rajasthan,Jalor,919,1195
Rajasthan,Jhalawar,528,215
Rajasthan,Jhunjhunu,490,261
Rajasthan,Jodhpur,2242,668
Rajasthan,Karauli,1499,175
Rajasthan,Kota,686,207
Rajasthan,Nagaur,1947,673
Rajasthan,Pali,497,440
Rajasthan,Pratapgarh,605,121
Rajasthan,Rajsamand,260,687
Rajasthan,Sawai Madhopur,861,179
Rajasthan,Sikar,2191,418
Rajasthan,Sirohi,139,642
Rajasthan,Tonk,665,285
Rajasthan,Udaipur,1334,446
Sikkim,East Sikkim,5,1
Sikkim,South Sikkim,1,0
Sikkim,West Sikkim,8,1
Tamil Nadu,Ariyalur,158,16
Tamil Nadu,Chennai,11098,480
Tamil Nadu,Coimbatore,5104,282
Tamil Nadu,Cuddalore,887,11
Tamil Nadu,Dharmapuri,2162,86
Tamil Nadu,Dindigul,860,510
Tamil Nadu,Erode,3462,425
Tamil Nadu,Kancheepuram,4618,46
Tamil Nadu,Kanchipuram,0,2
Tamil Nadu,Kanyakumari,7529,72
Tamil Nadu,Karur,675,366
Tamil Nadu,Krishnagiri,120,178
Tamil Nadu,Madurai,2293,125
Tamil Nadu,Nagapattinam,743,13
Tamil Nadu,Namakkal,382,85
Tamil Nadu,Nilgiris,1,0
Tamil Nadu,Perambalur,1961,8
Tamil Nadu,Pudukkottai,5,9
Tamil Nadu,Ramanathapuram,357,29
Tamil Nadu,Salem,3093,227
Tamil Nadu,Sivaganga,126,44
Tamil Nadu,Thanjavur,2619,95
Tamil Nadu,The Nilgiris,425,117
Tamil Nadu,Theni,259,128
Tamil Nadu,Thiruvarur,2953,6
Tamil Nadu,Thoothukudi,1454,77
Tamil Nadu,Tiruchirappalli,714,139
Tamil Nadu,Tirunelveli,1103,109
Tamil Nadu,Tirupur,9873,184
Tamil Nadu,Tiruvallur,25562,869
Tamil Nadu,Tiruvannamalai,5274,143
Tamil Nadu,Tiruvarur,0,11
Tamil Nadu,Vellore,2731,326
Tamil Nadu,Viluppuram,2927,174
Tamil Nadu,Virudhunagar,442,262
Tripura,Dhalai,12,16
Tripura,Gomati,8,3
Tripura,Khowai,2,0
Tripura,North Tripura,25,5
Tripura,Sepahijala,14,3
Tripura,South Tripura,4,1
Tripura,Unakoti,36,8
Tripura,West Tripura,48,6
Uttar Pradesh,Agra,157,37
Uttar Pradesh,Aligarh,174,13
Uttar Pradesh,Allahabad,1237,59
Uttar Pradesh,Ambedkar Nagar,179,5
Uttar Pradesh,Amethi,749,112
Uttar Pradesh,Amroha,2965,36
Uttar Pradesh,Auraiya,23,9
Uttar Pradesh,Azamgarh,667,128
Uttar Pradesh,Baghpat,120,14
Uttar Pradesh,Bahraich,21,2
Uttar Pradesh,Ballia,2893,43
Uttar Pradesh,Balrampur,298,16
Uttar Pradesh,Banda,479,79
Uttar Pradesh,Barabanki,95,10
Uttar Pradesh,Bareilly,497,371
Uttar Pradesh,Basti,187,4
Uttar Pradesh,Bijnor,2343,146
Uttar Pradesh,Budaun,12,4
Uttar Pradesh,Bulandshahr,73,13
Uttar Pradesh,Chandauli,1807,105
Uttar Pradesh,Chitrakoot,1378,103
Uttar Pradesh,Deoria,919,51
Uttar Pradesh,Etah,24,1
Uttar Pradesh,Etawah,1002,81
Uttar Pradesh,Faizabad,2574,37
Uttar Pradesh,Farrukhabad,948,24
Uttar Pradesh,Fatehpur,471,18
Uttar Pradesh,Firozabad,21,6
Uttar Pradesh,Gautam Buddha Nagar,595,93
Uttar Pradesh,Ghaziabad,583,131
Uttar Pradesh,Ghazipur,1998,55
Uttar Pradesh,Gonda,895,90
Uttar Pradesh,Gorakhpur,1225,75
Uttar Pradesh,Hamirpur,101,2
Uttar Pradesh,Hardoi,23,2
Uttar Pradesh,Hathras,617,413
Uttar Pradesh,Jalaun,182,0
Uttar Pradesh,Jaunpur,96,10
Uttar Pradesh,Jhansi,1267,146
Uttar Pradesh,Jyotiba Phule Nagar,0,1
Uttar Pradesh,Kannauj,760,44
Uttar Pradesh,Kanpur Dehat,80,7
Uttar Pradesh,Kanpur Nagar,425,235
Uttar Pradesh,Kasganj,73,9
Uttar Pradesh,Kaushambi,10,5
Uttar Pradesh,Kheri,2435,35
Uttar Pradesh,Kushinagar,796,16
Uttar Pradesh,Lalitpur,21,0
Uttar Pradesh,Lucknow,441,72
Uttar Pradesh,Maharajganj,397,24
Uttar Pradesh,Mahoba,189,46
Uttar Pradesh,Mainpuri,60,57
Uttar Pradesh,Mathura,63,20
Uttar Pradesh,Mau,42,2
Uttar Pradesh,Meerut,3423,29
Uttar Pradesh,Mirzapur,30,3
Uttar Pradesh,Moradabad,36,6
Uttar Pradesh,Muzaffarnagar,95,8
Uttar Pradesh,Pilibhit,680,122
Uttar Pradesh,Pratapgarh,618,118
Uttar Pradesh,Raebareli,4443,121
Uttar Pradesh,Rampur,10,1
Uttar Pradesh,Saharanpur,591,25
Uttar Pradesh,Sambhal,6,2
Uttar Pradesh,Sant Kabir Nagar,1698,169
Uttar Pradesh,Sant Ravidas Nagar,532,32
Uttar Pradesh,Sant Ravidas Nagar Bhadohi,0,1
Uttar Pradesh,Shahjahanpur,1040,8
Uttar Pradesh,Shamli,17,1
Uttar Pradesh,Shrawasti,688,11
Uttar Pradesh,Siddharthnagar,221,2
Uttar Pradesh,Sitapur,13,3
Uttar Pradesh,Sonbhadra,141,22
Uttar Pradesh,Sultanpur,49,5
Uttar Pradesh,Unnao,134,67
Uttar Pradesh,Varanasi,3487,88
Uttarakhand,Almora,24,0
Uttarakhand,Bageshwar,171,4
Uttarakhand,Chamoli,15,1
Uttarakhand,Champawat,136,8
Uttarakhand,Dehradun,564,22
Uttarakhand,Haridwar,2549,45
Uttarakhand,Nainital,18,10
Uttarakhand,Pauri Garhwal,30,1
Uttarakhand,Pithoragarh,14,2
Uttarakhand,Rudraprayag,7,1
Uttarakhand,Tehri Garhwal,825,23
Uttarakhand,Udham Singh Nagar,174,49
Uttarakhand,Uttarkashi,4,0
West Bengal,Bankura,1996,32
West Bengal,Bardhaman,5809,348
West Bengal,Birbhum,3875,280
West Bengal,Cooch Behar,140,50
West Bengal,Dakshin Dinajpur,1,25
West Bengal,Darjeeling,783,59
West Bengal,East Midnapore,5558,231
West Bengal,Hooghly,5196,117
West Bengal,Howrah,1567,409
West Bengal,Jalpaiguri,2146,107
West Bengal,Kolkata,1221,38
West Bengal,Malda,3557,228
West Bengal,Medinipur,1357,106
West Bengal,Murshidabad,2442,100
West Bengal,Nadia,2274,67
West Bengal,North 24 Parganas,9314,469
West Bengal,North Dinajpur,2953,60
West Bengal,Purulia,419,208
West Bengal,South 24 Parganas,8504,116
West Bengal,South Dinajpur,1171,18
West Bengal,South Twenty Four Parganas,18,125
West Bengal,West Midnapore,690,65
