State,District,Aadhaar generated,Enrolment Rejected
Andaman and Nicobar Islands,South Andaman,71,0
Andhra Pradesh,Adilabad,477,167
Andhra Pradesh,Anantapur,0,1
Andhra Pradesh,Ananthapur,508,31
Andhra Pradesh,Chittoor,393,29
Andhra Pradesh,Cuddapah,376,25
Andhra Pradesh,East Godavari,142,48
Andhra Pradesh,Guntur,218,19
Andhra Pradesh,Hyderabad,1619,128
Andhra Pradesh,K.V.Rangareddy,0,1
Andhra Pradesh,K.v. Rangareddy,1503,285
Andhra Pradesh,Karimnagar,1501,53
Andhra Pradesh,Khammam,2343,94
Andhra Pradesh,Krishna,213,5
Andhra Pradesh,Kurnool,2439,794
Andhra Pradesh,Mahabub Nagar,9,1
Andhra Pradesh,Mahabubnagar,2373,346
Andhra Pradesh,Mahbubnagar,1,0
Andhra Pradesh,Medak,2694,40
Andhra Pradesh,Nalgonda,1204,163
Andhra Pradesh,Nellore,281,55
Andhra Pradesh,Nizamabad,2875,82
Andhra Pradesh,Prakasam,466,294
Andhra Pradesh,Srikakulam,40,82
Andhra Pradesh,Visakhapatnam,4817,248
Andhra Pradesh,Vizianagaram,946,125
Andhra Pradesh,Warangal,1221,106
Andhra Pradesh,West Godavari,2813,69
Arunachal Pradesh,Changlang,3,0
Arunachal Pradesh,Papum Pare,23,0
Arunachal Pradesh,West Kameng,23,2
Assam,Baksa,5,0
Assam,Barpeta,2,0
Assam,Bongaigaon,1,0
Assam,Cachar,10,0
Assam,Chirang,1,0
Assam,Darrang,2,0
Assam,Dhemaji,1,0
Assam,Dhubri,1,0
Assam,Dibrugarh,3,1
Assam,Goalpara,1,0
Assam,Hailakandi,1,0
Assam,Jorhat,3,0
Assam,Kamrup,3,0
Assam,Karbi Anglong,3,0
Assam,Karimganj,1,0
Assam,Kokrajhar,1,0
Assam,Lakhimpur,1,0
Assam,Marigaon,1,0
Assam,Nagaon,4,0
Assam,Nalbari,1,0
Assam,Sibsagar,3,0
Assam,Sonitpur,4,0
Assam,Tinsukia,2,0
Assam,Udalguri,3,0
Bihar,Araria,23,1
Bihar,Arwal,2121,63
Bihar,Aurangabad,84,4
Bihar,Aurangabad(BH),1,0
Bihar,Banka,41,1
Bihar,Begusarai,32,0
Bihar,Bhagalpur,29,4
Bihar,Bhojpur,64,1
Bihar,Buxar,30,0
Bihar,Darbhanga,1025,44
Bihar,East Champaran,69,1
Bihar,Gaya,169,8
Bihar,Gopalganj,922,54
Bihar,Jamui,58,1
Bihar,Jehanabad,13,0
Bihar,Kaimur (Bhabua),15,1
Bihar,Katihar,2861,17
Bihar,Khagaria,21,2
Bihar,Kishanganj,1908,48
Bihar,Lakhisarai,17,2
Bihar,Madhepura,20,0
Bihar,Madhubani,94,2
Bihar,Munger,31,1
Bihar,Muzaffarpur,86,4
Bihar,Nalanda,1049,27
Bihar,Nawada,50,0
Bihar,Patna,1482,9
Bihar,Purnia,24,0
Bihar,Rohtas,560,41
Bihar,Saharsa,714,5
Bihar,Samastipur,59,3
Bihar,Saran,102,4
Bihar,Sheikhpura,211,16
Bihar,Sheohar,649,32
Bihar,Sitamarhi,41,1
Bihar,Siwan,78,1
Bihar,Supaul,15,1
Bihar,Vaishali,378,46
Bihar,West Champaran,12,0
Chandigarh,Chandigarh,315,14
Chhattisgarh,Balod,13,1
Chhattisgarh,Balrampur,1,0
Chhattisgarh,Bastar,23,3
Chhattisgarh,Bemetara,171,0
Chhattisgarh,Bilaspur,59,0
Chhattisgarh,Dhamtari,1877,2
Chhattisgarh,Durg,102,0
Chhattisgarh,Gariyaband,73,0
Chhattisgarh,Janjgir-champa,280,1
Chhattisgarh,Jashpur,7,0
Chhattisgarh,Kawardha,5,0
Chhattisgarh,Korba,2480,12
Chhattisgarh,Koriya,1092,38
Chhattisgarh,Mahasamund,76,0
Chhattisgarh,Mungeli,28,0
Chhattisgarh,Mungeli ,740,1
Chhattisgarh,Raigarh,349,1
Chhattisgarh,Raipur,359,0
Chhattisgarh,Rajnandgaon,212,1
Chhattisgarh,Surajpur,2,0
Chhattisgarh,Surajpur ,29,0
Chhattisgarh,Surguja,15,0
Dadra and Nagar Haveli,Dadra and Nagar Haveli,329,52
Daman and Diu,Daman,31,2
Delhi,Central Delhi,331,88
Delhi,East Delhi,993,218
Delhi,New Delhi,36,6
Delhi,North Delhi,311,47
Delhi,North East,18,62
Delhi,North East Delhi,1136,308
Delhi,North West Delhi,2397,398
Delhi,South Delhi,1800,213
Delhi,South West Delhi,1014,165
Delhi,West Delhi,1695,277
Goa,North Goa,190,7
Goa,South Goa,91,3
Gujarat,Ahmadabad,12,0
Gujarat,Ahmedabad,2795,70
Gujarat,Amreli,666,9
Gujarat,Anand,1095,12
Gujarat,Banaskantha,6007,106
Gujarat,Bharuch,4548,123
Gujarat,Bhavnagar,6237,61
Gujarat,Dahod,2453,51
Gujarat,Dohad,1887,22
Gujarat,Gandhinagar,605,19
Gujarat,Jamnagar,2006,25
Gujarat,Junagadh,2952,70
Gujarat,Kachchh,2703,21
Gujarat,Kheda,3552,31
Gujarat,Mahesana,1928,20
Gujarat,Narmada,288,20
Gujarat,Navsari,1036,3
Gujarat,Panchmahals,1088,69
Gujarat,Patan,545,31
Gujarat,Porbandar,140,12
Gujarat,Rajkot,2813,118
Gujarat,Sabarkantha,1335,8
Gujarat,Surat,8976,87
Gujarat,Surendra Nagar,3166,127
Gujarat,Tapi,1479,16
Gujarat,The Dangs,123,4
Gujarat,Vadodara,5575,68
Gujarat,Valsad,4577,54
Haryana,Ambala,1155,10
Haryana,Bhiwani,13266,177
Haryana,Faridabad,4345,46
Haryana,Fatehabad,3857,68
Haryana,Gurgaon,1788,61
Haryana,Hisar,4243,60
Haryana,Jhajjar,3825,41
Haryana,Jind,5367,36
Haryana,Kaithal,1658,7
Haryana,Karnal,3717,60
Haryana,Kurukshetra,3706,41
Haryana,Mahendragarh,5071,69
Haryana,Mewat,1567,63
Haryana,Palwal,1424,13
Haryana,Panchkula,387,7
Haryana,Panipat,2461,33
Haryana,Rewari,2307,75
Haryana,Rohtak,2154,24
Haryana,Sirsa,1975,81
Haryana,Sonipat,970,41
Haryana,Yamuna Nagar,2659,13
Himachal Pradesh,Bilaspur,8,0
Himachal Pradesh,Chamba,330,10
Himachal Pradesh,Hamirpur,28,2
Himachal Pradesh,Kangra,269,29
Himachal Pradesh,Kinnaur,141,0
Himachal Pradesh,Kullu,71,2
Himachal Pradesh,Lahul and Spiti,3,0
Himachal Pradesh,Mandi,53,2
Himachal Pradesh,Shimla,466,12
Himachal Pradesh,Sirmaur,102,17
Himachal Pradesh,Solan,96,5
Himachal Pradesh,Una,11,0
Jammu and Kashmir,Anantnag,376,5
Jammu and Kashmir,Badgam,66,0
Jammu and Kashmir,Bandipore,40,1
Jammu and Kashmir,Baramula,5,1
Jammu and Kashmir,Doda,723,6
Jammu and Kashmir,Jammu,997,5
Jammu and Kashmir,Kargil,394,2
Jammu and Kashmir,Kathua,76,3
Jammu and Kashmir,Kupwara,6,0
Jammu and Kashmir,Leh,8,0
Jammu and Kashmir,Pulwama,5,15
Jammu and Kashmir,Rajouri,6,0
Jammu and Kashmir,Reasi,1,4
Jammu and Kashmir,Srinagar,88,4
Jammu and Kashmir,Udhampur,141,0
Jharkhand,Bokaro,551,139
Jharkhand,Chatra,1682,49
Jharkhand,Deoghar,948,106
Jharkhand,Dhanbad,400,37
Jharkhand,Dumka,214,88
Jharkhand,East Singhbhum,515,30
Jharkhand,Garhwa,267,27
Jharkhand,Giridih,371,25
Jharkhand,Godda,1609,162
Jharkhand,Gumla,141,139
Jharkhand,Hazaribagh,362,64
Jharkhand,Jamtara,296,49
Jharkhand,Khunti,135,11
Jharkhand,Koderma,280,41
Jharkhand,Latehar,2662,39
Jharkhand,Lohardaga,59,14
Jharkhand,Pakur,335,105
Jharkhand,Palamu,567,176
Jharkhand,Ramgarh,161,32
Jharkhand,Ranchi,400,40
Jharkhand,Sahebganj,1097,120
Jharkhand,Seraikela-Kharsawan,106,9
Jharkhand,Simdega,624,34
Jharkhand,West Singhbhum,262,45
Karnataka,Bagalkot,1347,67
Karnataka,Bangalore,9146,643
Karnataka,Bangalore Rural,700,136
Karnataka,Belgaum,8470,1514
Karnataka,Bellary,4099,179
Karnataka,Bidar,1019,76
Karnataka,Bijapur,1084,29
Karnataka,Chamrajanagar,2378,42
Karnataka,Chickmagalur,1109,18
Karnataka,Chikkaballapur,160,128
Karnataka,Chitradurga,1916,222
Karnataka,Dakshina Kannada,2033,201
Karnataka,Davangere,697,39
Karnataka,Dharwad,201,213
Karnataka,Gadag,143,9
Karnataka,Gulbarga,1245,37
Karnataka,Hassan,5334,130
Karnataka,Haveri,381,50
Karnataka,Kodagu,78,27
Karnataka,Kolar,1839,249
Karnataka,Koppal,2028,48
Karnataka,Mandya,4007,35
Karnataka,Mysore,465,15
Karnataka,Raichur,1803,44
Karnataka,Ramanagar,1865,30
Karnataka,Shimoga,2984,280
Karnataka,Tumkur,240,45
Karnataka,Udupi,108,23
Karnataka,Uttara Kannada,325,75
Karnataka,Yadgir,605,43
Kerala,Alappuzha,587,68
Kerala,Ernakulam,747,147
Kerala,Idukki,199,4
Kerala,Kannur,1410,100
Kerala,Kasaragod,518,35
Kerala,Kasargod,1,1
Kerala,Kollam,766,80
Kerala,Kottayam,613,16
Kerala,Kozhikode,653,325
Kerala,Malappuram,1192,102
Kerala,Palakkad,1207,128
Kerala,Pathanamthitta,192,13
Kerala,Thiruvananthapuram,1020,61
Kerala,Thrissur,3430,57
Kerala,Wayanad,51,17
Lakshadweep,Lakshadweep,7,1
Madhya Pradesh,Alirajpur,1386,85
Madhya Pradesh,Anuppur,2065,144
Madhya Pradesh,Ashok Nagar,600,29
Madhya Pradesh,Balaghat,7289,158
Madhya Pradesh,Barwani,1085,38
Madhya Pradesh,Betul,1533,29
Madhya Pradesh,Bhind,1372,29
Madhya Pradesh,Bhopal,1301,134
Madhya Pradesh,Burhanpur,481,38
Madhya Pradesh,Chhatarpur,2234,106
Madhya Pradesh,Chhindwara,3194,354
Madhya Pradesh,Damoh,1014,73
Madhya Pradesh,Datia,770,98
Madhya Pradesh,Dewas,567,26
Madhya Pradesh,Dhar,4134,88
Madhya Pradesh,Dindori,1612,151
Madhya Pradesh,Guna,622,61
Madhya Pradesh,Gwalior,781,61
Madhya Pradesh,Harda,101,30
Madhya Pradesh,Hoshangabad,237,20
Madhya Pradesh,Indore,2289,269
Madhya Pradesh,Jabalpur,949,255
Madhya Pradesh,Jhabua,1628,207
Madhya Pradesh,Katni,1392,68
Madhya Pradesh,Khandwa,101,13
Madhya Pradesh,Khargone,4929,111
Madhya Pradesh,Mandla,1968,161
Madhya Pradesh,Mandsaur,245,48
Madhya Pradesh,Morena,1659,43
Madhya Pradesh,Narsinghpur,2576,122
Madhya Pradesh,Neemuch,307,1
Madhya Pradesh,Panna,1195,24
Madhya Pradesh,Raisen,1836,86
Madhya Pradesh,Rajgarh,993,19
Madhya Pradesh,Ratlam,553,39
Madhya Pradesh,Rewa,2945,138
Madhya Pradesh,Sagar,2607,89
Madhya Pradesh,Satna,3371,75
Madhya Pradesh,Sehore,1467,120
Madhya Pradesh,Seoni,1884,361
Madhya Pradesh,Shahdol,1865,91
Madhya Pradesh,Shajapur,327,8
Madhya Pradesh,Sheopur,258,6
Madhya Pradesh,Shivpuri,940,83
Madhya Pradesh,Sidhi,1211,181
Madhya Pradesh,Singrauli,1552,98
Madhya Pradesh,Tikamgarh,1848,42
Madhya Pradesh,Ujjain,4327,212
Madhya Pradesh,Umaria,1066,49
Madhya Pradesh,Vidisha,563,71
Maharashtra,Ahmadnagar,1461,88
Maharashtra,Ahmed Nagar,2,1
Maharashtra,Akola,1181,29
Maharashtra,Amravati,343,38
Maharashtra,Aurangabad,2225,157
Maharashtra,Beed,904,48
Maharashtra,Bhandara,729,62
Maharashtra,Buldhana,2721,51
Maharashtra,Chandrapur,425,36
Maharashtra,Dhule,360,20
Maharashtra,Gadchiroli,1470,41
Maharashtra,Gondiya,667,123
Maharashtra,Hingoli,597,16
Maharashtra,Jalgaon,1582,330
Maharashtra,Jalna,1091,93
Maharashtra,Kolhapur,3184,504
Maharashtra,Latur,1130,105
Maharashtra,Mumbai,2365,92
Maharashtra,Nagpur,1640,185
Maharashtra,Nanded,3052,46
Maharashtra,Nandurbar,638,43
Maharashtra,Nashik,3395,245
Maharashtra,Osmanabad,696,36
Maharashtra,Parbhani,1485,49
Maharashtra,Pune,4203,308
Maharashtra,Raigarh,2064,126
Maharashtra,Raigarh(MH),0,1
Maharashtra,Ratnagiri,777,24
Maharashtra,Sangli,991,92
Maharashtra,Satara,1137,68
Maharashtra,Sindhudurg,858,10
Maharashtra,Solapur,1936,97
Maharashtra,Thane,3079,252
Maharashtra,Wardha,283,51
Maharashtra,Washim,664,26
Maharashtra,Yavatmal,1357,134
Manipur,Bishnupur,3,0
Manipur,Chandel,27,0
Manipur,Churachandpur,32,0
Manipur,Imphal East,208,1
Manipur,Imphal West,429,0
Manipur,Senapati,3,1
Manipur,Tamenglong,15,0
Manipur,Thoubal,3,0
Meghalaya,East Garo Hills,1,0
Meghalaya,East Khasi Hills,10,0
Nagaland,Dimapur,4,0
Nagaland,Mokokchung,1,0
Nagaland,Mon,0,1
Nagaland,Wokha,24,0
Odisha,Angul,8,0
Odisha,Anugul,815,45
Odisha,Balangir,17,1
Odisha,Baleswar,547,45
Odisha,Bargarh,1677,169
Odisha,Baudh,23,0
Odisha,Bhadrak,40,15
Odisha,Boudh,2,0
Odisha,Cuttack,34,16
Odisha,Debagarh,21,1
Odisha,Dhenkanal,140,40
Odisha,Gajapati,1310,3
Odisha,Ganjam,297,84
Odisha,Jagatsinghapur,170,64
Odisha,Jajapur,3461,1563
Odisha,Jharsuguda,1,0
Odisha,Kalahandi,5,0
Odisha,Kandhamal,277,45
Odisha,Kendrapara,426,35
Odisha,Kendujhar,140,5250
Odisha,Khorda,15,1
Odisha,Khordha,89,2
Odisha,Koraput,478,20
Odisha,Mayurbhanj,2713,759
Odisha,Nabarangapur,1364,8
Odisha,Nayagarh,734,72
Odisha,Nuapada,52,0
Odisha,Puri,13,20
Odisha,Rayagada,17,1
Odisha,Sambalpur,832,776
Odisha,Sonapur,1,1
Odisha,Sundergarh,711,235
Others,Others,163,7815
Puducherry,Karaikal,97,1
Puducherry,Puducherry,111,5
Puducherry,Yanam,0,1
Punjab,Amritsar,2933,160
Punjab,Barnala,40,10
Punjab,Bathinda,575,41
Punjab,Faridkot,88,17
Punjab,Fatehgarh Sahib,151,10
Punjab,Fazilka,665,68
Punjab,Ferozepur,1211,103
Punjab,Gurdaspur,1200,74
Punjab,Hoshiarpur,892,65
Punjab,Jalandhar,612,39
Punjab,Kapurthala,593,11
Punjab,Ludhiana,1720,75
Punjab,Mansa,2322,37
Punjab,Moga,280,36
Punjab,Muktsar,12,0
Punjab,Pathankot,266,31
Punjab,Patiala,1929,320
Punjab,Rupnagar,117,10
Punjab,SAS Nagar (Mohali),553,64
Punjab,Sangrur,1937,89
Punjab,Shaheed Bhagat Singh Nagar,136,14
Punjab,Sri Muktsar Sahib,316,30
Punjab,Tarn Taran,3321,86
Rajasthan,Ajmer,648,38
Rajasthan,Alwar,2673,102
Rajasthan,Banswara,3973,34
Rajasthan,Baran,222,56
Rajasthan,Barmer,1916,196
Rajasthan,Bharatpur,2998,102
Rajasthan,Bhilwara,2850,73
Rajasthan,Bikaner,3046,114
Rajasthan,Bundi,443,12
Rajasthan,Chittorgarh,2085,44
Rajasthan,Churu,1123,65
Rajasthan,Dausa,1432,51
Rajasthan,Dholpur,531,52
Rajasthan,Dungarpur,2733,28
Rajasthan,Ganganagar,3587,98
Rajasthan,Hanumangarh,1978,78
Rajasthan,Jaipur,5965,359
Rajasthan,Jaisalmer,914,27
Rajasthan,Jalor,1926,32
Rajasthan,Jhalawar,666,131
Rajasthan,Jhunjhunu,50,0
Rajasthan,Jhunjhunun,2283,48
Rajasthan,Jodhpur,6240,87
Rajasthan,Karauli,1395,40
Rajasthan,Kota,865,40
Rajasthan,Nagaur,2296,102
Rajasthan,Pali,2156,111
Rajasthan,Pratapgarh,3681,147
Rajasthan,Rajsamand,463,39
Rajasthan,Sawai Madhopur,1550,37
Rajasthan,Sikar,4400,92
Rajasthan,Sirohi,784,23
Rajasthan,Tonk,2562,147
Rajasthan,Udaipur,2720,146
Sikkim,East Sikkim,9,0
Sikkim,North Sikkim,1,1
Sikkim,South Sikkim,4,0
Sikkim,West Sikkim,7,3
Tamil Nadu,Ariyalur,125,5
Tamil Nadu,Chennai,11435,220
Tamil Nadu,Coimbatore,5242,436
Tamil Nadu,Cuddalore,785,1
Tamil Nadu,Dharmapuri,9813,188
Tamil Nadu,Dindigul,8633,15
Tamil Nadu,Erode,3366,323
Tamil Nadu,Kancheepuram,11826,174
Tamil Nadu,Kanniyakumari,3380,30
Tamil Nadu,Karur,604,18
Tamil Nadu,Krishnagiri,6002,67
Tamil Nadu,Madurai,7559,29
Tamil Nadu,Nagapattinam,838,1
Tamil Nadu,Namakkal,2718,463
Tamil Nadu,Perambalur,188,0
Tamil Nadu,Pudukkottai,738,8
Tamil Nadu,Ramanathapuram,180,8
Tamil Nadu,Salem,11897,375
Tamil Nadu,Sivaganga,3501,377
Tamil Nadu,Thanjavur,5344,31
Tamil Nadu,The Nilgiris,1053,19
Tamil Nadu,Theni,2621,11
Tamil Nadu,Thiruvarur,4176,5
Tamil Nadu,Thoothukkudi,6851,278
Tamil Nadu,Tiruchirappalli,963,30
Tamil Nadu,Tirunelveli,1698,15
Tamil Nadu,Tiruppur,6139,611
Tamil Nadu,Tiruvallur,13448,435
Tamil Nadu,Tiruvannamalai,4557,668
Tamil Nadu,Vellore,711,94
Tamil Nadu,Viluppuram,6256,539
Tamil Nadu,Virudhunagar,3941,58
Tripura,Dhalai,91,477
Tripura,Gomati,29,0
Tripura,Khowai,5,1
Tripura,North Tripura,97,2360
Tripura,Sepahijala,21,1
Tripura,South Tripura,8,319
Tripura,Unakoti,17,0
Tripura,West Tripura,112,1122
Uttar Pradesh,Agra,97,5
Uttar Pradesh,Aligarh,122,3
Uttar Pradesh,Allahabad,529,16
Uttar Pradesh,Ambedkar Nagar,87,0
Uttar Pradesh,Amethi,2613,74
Uttar Pradesh,Amroha,338,13
Uttar Pradesh,Auraiya,34,0
Uttar Pradesh,Azamgarh,2085,27
Uttar Pradesh,Baghpat,47,0
Uttar Pradesh,Bahraich,14,3
Uttar Pradesh,Ballia,863,4
Uttar Pradesh,Balrampur,342,11
Uttar Pradesh,Banda,224,2
Uttar Pradesh,Bara Banki,138,106
Uttar Pradesh,Bareilly,2654,156
Uttar Pradesh,Basti,43,9
Uttar Pradesh,Bijnor,828,75
Uttar Pradesh,Budaun,14,0
Uttar Pradesh,Bulandshahr,119,3
Uttar Pradesh,Chandauli,3400,14
Uttar Pradesh,Chitrakoot,313,21
Uttar Pradesh,Deoria,164,5
Uttar Pradesh,Etah,22,1
Uttar Pradesh,Etawah,1168,40
Uttar Pradesh,Faizabad,1133,3
Uttar Pradesh,Farrukhabad,272,2
Uttar Pradesh,Fatehpur,462,9
Uttar Pradesh,Firozabad,69,1
Uttar Pradesh,Gautam Buddha Nagar,396,14
Uttar Pradesh,Ghaziabad,948,138
Uttar Pradesh,Ghazipur,1870,24
Uttar Pradesh,Gonda,914,12
Uttar Pradesh,Gorakhpur,1098,17
Uttar Pradesh,Hamirpur,43,0
Uttar Pradesh,Hardoi,22,1
Uttar Pradesh,Hathras,455,5
Uttar Pradesh,Jalaun,30,0
Uttar Pradesh,Jaunpur,68,2
Uttar Pradesh,Jhansi,387,21
Uttar Pradesh,Kannauj,374,1
Uttar Pradesh,Kanpur Dehat,28,0
Uttar Pradesh,Kanpur Nagar,144,3
Uttar Pradesh,Kasganj,18,0
Uttar Pradesh,Kaushambi,300,5
Uttar Pradesh,Kheri,66,1
Uttar Pradesh,Kushinagar,486,8
Uttar Pradesh,Lalitpur,10,0
Uttar Pradesh,Lucknow,1929,6
Uttar Pradesh,Maharajganj,1009,23
Uttar Pradesh,Mahoba,167,5
Uttar Pradesh,Mainpuri,753,20
Uttar Pradesh,Mathura,89,3
Uttar Pradesh,Mau,36,3
Uttar Pradesh,Meerut,451,3
Uttar Pradesh,Mirzapur,23,1
Uttar Pradesh,Moradabad,23,1
Uttar Pradesh,Muzaffarnagar,478,9
Uttar Pradesh,Pilibhit,2337,51
Uttar Pradesh,Pratapgarh,2466,25
Uttar Pradesh,Rae Bareli,6783,245
Uttar Pradesh,Rampur,5,1
Uttar Pradesh,Saharanpur,2336,10
Uttar Pradesh,Sambhal,7,0
Uttar Pradesh,Sant Kabir Nagar,2609,51
Uttar Pradesh,Sant Ravidas Nagar,833,10
Uttar Pradesh,Shahjahanpur,550,47
Uttar Pradesh,Shamli,14,0
Uttar Pradesh,Shrawasti,395,6
Uttar Pradesh,Siddharthnagar,75,1
Uttar Pradesh,Sitapur,5,1
Uttar Pradesh,Sonbhadra,172,2
Uttar Pradesh,Sultanpur,21,3
Uttar Pradesh,Unnao,429,22
Uttar Pradesh,Varanasi,2965,36
Uttarakhand,Almora,18,0
Uttarakhand,Bageshwar,122,7
Uttarakhand,Chamoli,10,1
Uttarakhand,Champawat,212,5
Uttarakhand,Dehradun,129,8
Uttarakhand,Haridwar,623,4
Uttarakhand,Nainital,116,0
Uttarakhand,Pauri Garhwal,33,0
Uttarakhand,Pithoragarh,22,0
Uttarakhand,Rudraprayag,6,0
Uttarakhand,Tehri Garhwal,999,18
Uttarakhand,Udham Singh Nagar,153,1
Uttarakhand,Uttarkashi,1,0
West Bengal,Bankura,3403,704
West Bengal,Barddhaman,5156,9068
West Bengal,Bardhaman,8830,2547
West Bengal,Birbhum,11136,523
West Bengal,Cooch Behar,451,6
West Bengal,Dakshin Dinajpur,539,100
West Bengal,Darjeeling,984,7
West Bengal,East Midnapore,8226,1266
West Bengal,Hooghly,11540,4
West Bengal,Howrah,1229,51
West Bengal,Jalpaiguri,1645,15
West Bengal,Kolkata,390,70
West Bengal,Malda,7048,16
West Bengal,Medinipur,562,2109
West Bengal,Murshidabad,6755,17
West Bengal,Nadia,9239,108
West Bengal,North 24 Parganas,9805,3464
West Bengal,North Dinajpur,8,0
West Bengal,Paschim Medinipur,162,0
West Bengal,Purba Medinipur,255,1
West Bengal,Purulia,14,3
West Bengal,Puruliya,678,112
West Bengal,South 24 Parganas,5973,21
West Bengal,South Twenty Four Parganas,15,18
West Bengal,Uttar Dinajpur,811,6
West Bengal,West Midnapore,456,1822
