State,District,Aadhaar generated,Enrolment Rejected
Andaman and Nicobar Islands,North And Middle Andaman,1,0
Andaman and Nicobar Islands,South Andaman,39,97
Andhra Pradesh,Adilabad,360,654
Andhra Pradesh,Ananthapur,123,411
Andhra Pradesh,Chittoor,293,209
Andhra Pradesh,Cuddapah,229,141
Andhra Pradesh,East Godavari,110,148
Andhra Pradesh,Guntur,206,56
Andhra Pradesh,Hyderabad,409,322
Andhra Pradesh,Karimnagar,4978,287
Andhra Pradesh,Khammam,765,111
Andhra Pradesh,Krishna,65,75
Andhra Pradesh,Kurnool,1956,2558
Andhra Pradesh,Mahbubnagar,3026,1526
Andhra Pradesh,Medak,7143,150
Andhra Pradesh,Nalgonda,362,517
Andhra Pradesh,Nellore,519,279
Andhra Pradesh,Nizamabad,5159,536
Andhra Pradesh,Prakasam,2467,228
Andhra Pradesh,Ranga Reddy,761,507
Andhra Pradesh,Srikakulam,108,102
Andhra Pradesh,Visakhapatnam,1916,922
Andhra Pradesh,Vizianagaram,746,262
Andhra Pradesh,Warangal,1240,254
Andhra Pradesh,West Godavari,3536,555
Arunachal Pradesh,Papum Pare,43,0
Arunachal Pradesh,West Kameng,7,2
Assam,Baksa,2,0
Assam,Barpeta,3,0
Assam,Cachar,4,0
Assam,Chirang,1,0
Assam,Dhemaji,1,0
Assam,Dhubri,1,0
Assam,Dibrugarh,3,0
Assam,Goalpara,1,0
Assam,Golaghat,1,0
Assam,Hailakandi,2,0
Assam,Jorhat,3,0
Assam,Kamrup,5,0
Assam,Karimganj,4,0
Assam,Kokrajhar,1,0
Assam,Lakhimpur,2,0
Assam,Marigaon,1,0
Assam,Nagaon,7,0
Assam,Nalbari,2,0
Assam,Sonitpur,2,0
Assam,Tinsukia,1,0
Assam,Udalguri,2,0
Bihar,Araria,14,1
Bihar,Arwal,262,19
Bihar,Aurangabad,54,3
Bihar,Aurangabad(BH),2,0
Bihar,Banka,32,3
Bihar,Begusarai,48,1
Bihar,Bhagalpur,48,3
Bihar,Bhojpur,46,7
Bihar,Buxar,23,0
Bihar,Darbhanga,1538,182
Bihar,East Champaran,54,4
Bihar,Gaya,109,9
Bihar,Gopalganj,3010,92
Bihar,Jamui,89,4
Bihar,Jehanabad,11,1
Bihar,Kaimur (Bhabua),15,1
Bihar,Katihar,1600,94
Bihar,Khagaria,12,0
Bihar,Kishanganj,1053,128
Bihar,Lakhisarai,18,0
Bihar,Madhepura,16,3
Bihar,Madhubani,78,10
Bihar,Munger,28,4
Bihar,Muzaffarpur,94,9
Bihar,Nalanda,852,80
Bihar,Nawada,69,5
Bihar,Patna,597,174
Bihar,Purnia,25,0
Bihar,Rohtas,224,5
Bihar,Saharsa,828,156
Bihar,Samastipur,69,4
Bihar,Saran,72,7
Bihar,Sheikhpura,53,4
Bihar,Sheohar,199,5
Bihar,Sitamarhi,41,6
Bihar,Siwan,53,0
Bihar,Supaul,21,2
Bihar,Vaishali,1177,17
Bihar,West Champaran,24,1
Chandigarh,Chandigarh,338,54
Chhattisgarh,Balod,23,2
Chhattisgarh,Baloda Bazar,2,0
Chhattisgarh,Balrampur,1,0
Chhattisgarh,Bastar,6,5
Chhattisgarh,Bemetara,33,0
Chhattisgarh,Bilaspur,15,1
Chhattisgarh,Dhamtari,637,31
Chhattisgarh,Durg,138,6
Chhattisgarh,Gariyaband,30,3
Chhattisgarh,Janjgir Champa,835,33
Chhattisgarh,Jashpur,3,0
Chhattisgarh,Kabeerdham,2,0
Chhattisgarh,Kanker,2,5
Chhattisgarh,Korba,1050,13
Chhattisgarh,Koriya,355,36
Chhattisgarh,Mahasamund,451,6
Chhattisgarh,Mungeli,98,2
Chhattisgarh,Raigarh,40,3
Chhattisgarh,Raipur,931,9
Chhattisgarh,Rajnandgaon,159,9
Chhattisgarh,Surajpur,21,7
Chhattisgarh,Surguja,2,1
Dadra and Nagar Haveli,Dadra and Nagar Haveli,3181,15
Daman and Diu,Daman,18,6
Daman and Diu,Diu,2,0
Delhi,Central Delhi,265,104
Delhi,East Delhi,771,179
Delhi,New Delhi,51,4
Delhi,North Delhi,215,71
Delhi,North East,4,18
Delhi,North East Delhi,577,295
Delhi,North West Delhi,1124,653
Delhi,South Delhi,877,344
Delhi,South West Delhi,643,170
Delhi,West Delhi,748,241
Goa,North Goa,7,15
Goa,South Goa,4,10
Gujarat,Ahmedabad,3914,248
Gujarat,Amreli,1114,25
Gujarat,Anand,1409,99
Gujarat,Banaskantha,2602,208
Gujarat,Bharuch,2296,167
Gujarat,Bhavnagar,1990,201
Gujarat,Dahod,1607,126
Gujarat,Gandhinagar,1631,20
Gujarat,Jamnagar,1692,45
Gujarat,Junagadh,1531,266
Gujarat,Kachchh,1700,77
Gujarat,Kheda,2441,37
Gujarat,Mahesana,2687,203
Gujarat,Narmada,64,10
Gujarat,Navsari,1011,543
Gujarat,Panchmahal,1515,44
Gujarat,Patan,509,34
Gujarat,Porbandar,107,8
Gujarat,Rajkot,2543,251
Gujarat,Sabarkantha,1819,81
Gujarat,Surat,6038,395
Gujarat,Surendranagar,3417,143
Gujarat,Tapi,1118,40
Gujarat,The Dangs,37,2
Gujarat,Vadodara,5071,149
Gujarat,Valsad,1790,132
Haryana,Ambala,383,50
Haryana,Bhiwani,3413,133
Haryana,Faridabad,2124,273
Haryana,Fatehabad,1538,27
Haryana,Gurgaon,1186,157
Haryana,Hisar,2928,139
Haryana,Jhajjar,2535,50
Haryana,Jind,1958,70
Haryana,Kaithal,1158,27
Haryana,Karnal,2751,98
Haryana,Kurukshetra,1365,43
Haryana,Mahendragarh,1416,45
Haryana,Mewat,1227,213
Haryana,Palwal,689,68
Haryana,Panchkula,200,32
Haryana,Panipat,1577,136
Haryana,Rewari,1183,80
Haryana,Rohtak,1285,72
Haryana,Sirsa,1228,73
Haryana,Sonipat,405,84
Haryana,Yamuna Nagar,1899,99
Himachal Pradesh,Bilaspur,8,0
Himachal Pradesh,Chamba,99,20
Himachal Pradesh,Hamirpur,17,4
Himachal Pradesh,Kangra,427,57
Himachal Pradesh,Kinnaur,4,2
Himachal Pradesh,Kullu,35,5
Himachal Pradesh,Lahul and Spiti,1,1
Himachal Pradesh,Mandi,30,7
Himachal Pradesh,Shimla,88,18
Himachal Pradesh,Sirmaur,111,28
Himachal Pradesh,Solan,110,23
Himachal Pradesh,Una,12,2
Jammu and Kashmir,Anantnag,612,2
Jammu and Kashmir,Badgam,44,1
Jammu and Kashmir,Bandipore,4,0
Jammu and Kashmir,Baramula,18,0
Jammu and Kashmir,Doda,535,5
Jammu and Kashmir,Jammu,239,3
Jammu and Kashmir,Kargil,37,3
Jammu and Kashmir,Kathua,600,0
Jammu and Kashmir,Kupwara,211,1
Jammu and Kashmir,Leh,1217,3
Jammu and Kashmir,Pulwama,12,0
Jammu and Kashmir,Rajouri,1,0
Jammu and Kashmir,Reasi,4,82
Jammu and Kashmir,Srinagar,83,3
Jammu and Kashmir,Udhampur,34,0
Jharkhand,Bokaro,355,140
Jharkhand,Chatra,1743,603
Jharkhand,Deoghar,794,107
Jharkhand,Dhanbad,568,70
Jharkhand,Dumka,329,82
Jharkhand,East Singhbhum,411,55
Jharkhand,Garhwa,311,165
Jharkhand,Giridih,495,76
Jharkhand,Godda,696,185
Jharkhand,Gumla,421,78
Jharkhand,Hazaribagh,202,158
Jharkhand,Jamtara,165,36
Jharkhand,Khunti,59,17
Jharkhand,Koderma,243,103
Jharkhand,Latehar,969,183
Jharkhand,Lohardaga,52,37
Jharkhand,Pakur,391,148
Jharkhand,Palamu,334,114
Jharkhand,Ramgarh,73,56
Jharkhand,Ranchi,247,118
Jharkhand,Sahibganj,1073,158
Jharkhand,Seraikela-Kharsawan,56,28
Jharkhand,Simdega,746,59
Jharkhand,West Singhbhum,199,166
Karnataka,Bagalkot,1288,348
Karnataka,Bangalore,7828,939
Karnataka,Bangalore Rural,566,289
Karnataka,Belgaum,11907,3261
Karnataka,Bellary,3174,442
Karnataka,Bidar,1658,582
Karnataka,Bijapur,982,239
Karnataka,Bijapur(KAR),0,1
Karnataka,Chamarajanagar,1170,89
Karnataka,Chikkaballapur,397,125
Karnataka,Chikmagalur,1632,53
Karnataka,Chitradurga,1596,306
Karnataka,Dakshina Kannada,3752,4639
Karnataka,Davangere,343,46
Karnataka,Dharwad,215,181
Karnataka,Gadag,41,17
Karnataka,Gulbarga,1335,156
Karnataka,Hassan,2567,213
Karnataka,Haveri,1211,142
Karnataka,Kodagu,21,11
Karnataka,Kolar,1519,296
Karnataka,Koppal,1850,256
Karnataka,Mandya,1502,111
Karnataka,Mysore,148,75
Karnataka,Raichur,1441,129
Karnataka,Ramanagar,1532,136
Karnataka,Shimoga,3329,149
Karnataka,Tumkur,81,29
Karnataka,Udupi,161,61
Karnataka,Uttara Kannada,1334,59
Karnataka,Yadgir,955,290
Kerala,Alappuzha,128,880
Kerala,Ernakulam,207,104
Kerala,Idukki,59,69
Kerala,Kannur,454,164
Kerala,Kasaragod,108,110
Kerala,Kollam,236,198
Kerala,Kottayam,246,30
Kerala,Kozhikode,146,244
Kerala,Malappuram,362,150
Kerala,Palakkad,364,42
Kerala,Pathanamthitta,67,30
Kerala,Thiruvananthapuram,514,80
Kerala,Thrissur,370,205
Kerala,Wayanad,8,29
Madhya Pradesh,Alirajpur,1001,154
Madhya Pradesh,Anuppur,1416,174
Madhya Pradesh,Ashok Nagar,455,55
Madhya Pradesh,Balaghat,3522,237
Madhya Pradesh,Barwani,709,257
Madhya Pradesh,Betul,2497,117
Madhya Pradesh,Bhind,664,53
Madhya Pradesh,Bhopal,574,245
Madhya Pradesh,Burhanpur,72,59
Madhya Pradesh,Chhatarpur,2304,226
Madhya Pradesh,Chhindwara,3187,241
Madhya Pradesh,Damoh,3082,75
Madhya Pradesh,Datia,405,68
Madhya Pradesh,Dewas,359,129
Madhya Pradesh,Dhar,2486,153
Madhya Pradesh,Dindori,1110,66
Madhya Pradesh,Guna,599,85
Madhya Pradesh,Gwalior,1471,238
Madhya Pradesh,Harda,73,39
Madhya Pradesh,Hoshangabad,48,50
Madhya Pradesh,Indore,1072,266
Madhya Pradesh,Jabalpur,667,195
Madhya Pradesh,Jhabua,1343,304
Madhya Pradesh,Katni,855,80
Madhya Pradesh,Khandwa,35,39
Madhya Pradesh,Khargone,1294,149
Madhya Pradesh,Mandla,1214,101
Madhya Pradesh,Mandsaur,319,150
Madhya Pradesh,Morena,1536,61
Madhya Pradesh,Narsinghpur,1147,159
Madhya Pradesh,Neemuch,146,39
Madhya Pradesh,Panna,965,73
Madhya Pradesh,Raisen,1845,176
Madhya Pradesh,Rajgarh,639,51
Madhya Pradesh,Ratlam,494,63
Madhya Pradesh,Rewa,2802,210
Madhya Pradesh,Sagar,2066,111
Madhya Pradesh,Satna,2328,292
Madhya Pradesh,Sehore,1184,135
Madhya Pradesh,Seoni,1292,101
Madhya Pradesh,Shahdol,1489,115
Madhya Pradesh,Shajapur,320,189
Madhya Pradesh,Sheopur,74,5
Madhya Pradesh,Shivpuri,882,117
Madhya Pradesh,Sidhi,1251,61
Madhya Pradesh,Singrauli,1322,82
Madhya Pradesh,Tikamgarh,1202,78
Madhya Pradesh,Ujjain,1305,262
Madhya Pradesh,Umaria,1451,32
Madhya Pradesh,Vidisha,769,210
Maharashtra,Ahmednagar,1488,332
Maharashtra,Akola,760,198
Maharashtra,Amravati,184,94
Maharashtra,Aurangabad,1259,445
Maharashtra,Beed,1113,244
Maharashtra,Bhandara,507,587
Maharashtra,Buldhana,2576,158
Maharashtra,Chandrapur,781,104
Maharashtra,Dhule,291,148
Maharashtra,Gadchiroli,2395,163
Maharashtra,Gondia,261,109
Maharashtra,Hingoli,834,183
Maharashtra,Jalgaon,773,666
Maharashtra,Jalna,944,249
Maharashtra,Kolhapur,3866,142
Maharashtra,Latur,864,108
Maharashtra,Mumbai,1585,294
Maharashtra,Nagpur,2112,749
Maharashtra,Nanded,2914,341
Maharashtra,Nandurbar,398,132
Maharashtra,Nashik,4042,867
Maharashtra,Osmanabad,908,103
Maharashtra,Parbhani,1507,623
Maharashtra,Pune,1633,232
Maharashtra,Raigad,5554,150
Maharashtra,Ratnagiri,1288,219
Maharashtra,Sangli,1172,452
Maharashtra,Satara,1458,107
Maharashtra,Sindhudurg,1133,23
Maharashtra,Solapur,2118,201
Maharashtra,Thane,3209,623
Maharashtra,Wardha,160,96
Maharashtra,Washim,1649,122
Maharashtra,Yavatmal,4247,830
Manipur,Bishnupur,0,1
Manipur,Chandel,19,1
Manipur,Churachandpur,17,0
Manipur,Imphal East,262,3
Manipur,Imphal West,880,10
Manipur,Senapati,1,0
Manipur,Tamenglong,60,0
Manipur,Thoubal,2,0
Meghalaya,East Khasi Hills,13,0
Meghalaya,Ri Bhoi,1,0
Mizoram,Lunglei,1,0
Nagaland,Dimapur,2,4
Nagaland,Kohima,0,2
Nagaland,Mokokchung,0,1
Nagaland,Phek,0,1
Nagaland,Tuensang,0,12
Nagaland,Wokha,0,1
Nagaland,Zunheboto,4,3
Odisha,Angul,3,2
Odisha,Anugul,1034,23
Odisha,Balangir,7,12
Odisha,Baleswar,1209,332
Odisha,Bargarh,4097,207
Odisha,Baudh,68,7
Odisha,Bhadrak,3096,170
Odisha,Cuttack,89,31
Odisha,Debagarh,114,0
Odisha,Dhenkanal,1084,115
Odisha,Gajapati,890,284
Odisha,Ganjam,536,22
Odisha,Jagatsinghapur,564,3
Odisha,Jajapur,25723,1005
Odisha,Jharsuguda,27,0
Odisha,Kalahandi,3,0
Odisha,Kandhamal,6584,34
Odisha,Kendrapara,205,17
Odisha,Kendujhar,966,2374
Odisha,Khorda,20,3
Odisha,Khordha,20,136
Odisha,Koraput,231,19
Odisha,Mayurbhanj,7146,142
Odisha,Nabarangapur,3239,16
Odisha,Nayagarh,1042,28
Odisha,Nuapada,2474,1
Odisha,Puri,14,11
Odisha,Rayagada,1,3
Odisha,Sambalpur,790,99
Odisha,Sonapur,30,6
Odisha,Sundergarh,6076,327
Others,Others,81,743
Puducherry,Karaikal,152,21
Puducherry,Puducherry,52,15
Punjab,Amritsar,1879,322
Punjab,Barnala,43,15
Punjab,Bathinda,638,61
Punjab,Faridkot,145,24
Punjab,Fatehgarh Sahib,120,23
Punjab,Fazilka,754,84
Punjab,Firozpur,655,55
Punjab,Gurdaspur,556,127
Punjab,Hoshiarpur,931,58
Punjab,Jalandhar,724,88
Punjab,Kapurthala,389,37
Punjab,Ludhiana,1080,345
Punjab,Mansa,1315,43
Punjab,Moga,169,16
Punjab,Muktsar,8,0
Punjab,Pathankot,150,50
Punjab,Patiala,1247,151
Punjab,Rupnagar,170,24
Punjab,SAS Nagar (Mohali),808,22
Punjab,Sangrur,2292,141
Punjab,Shaheed Bhagat Singh Nagar,59,18
Punjab,Sri Muktsar Sahib,392,30
Punjab,Tarn Taran,1747,193
Rajasthan,Ajmer,441,47
Rajasthan,Alwar,917,165
Rajasthan,Banswara,2446,134
Rajasthan,Baran,378,34
Rajasthan,Barmer,988,149
Rajasthan,Bharatpur,1608,110
Rajasthan,Bhilwara,2150,256
Rajasthan,Bikaner,1557,46
Rajasthan,Bundi,563,51
Rajasthan,Chittorgarh,2061,129
Rajasthan,Churu,1355,64
Rajasthan,Dausa,403,83
Rajasthan,Dholpur,465,30
Rajasthan,Dungarpur,2547,156
Rajasthan,Ganganagar,1695,98
Rajasthan,Hanumangarh,1709,96
Rajasthan,Jaipur,4490,409
Rajasthan,Jaisalmer,828,63
Rajasthan,Jalor,793,127
Rajasthan,Jhalawar,455,53
Rajasthan,Jhunjhunu,755,79
Rajasthan,Jodhpur,2500,122
Rajasthan,Karauli,1062,75
Rajasthan,Kota,638,101
Rajasthan,Nagaur,1889,156
Rajasthan,Pali,907,102
Rajasthan,Pratapgarh,1091,40
Rajasthan,Rajsamand,355,70
Rajasthan,Sawai Madhopur,606,97
Rajasthan,Sikar,2426,132
Rajasthan,Sirohi,541,39
Rajasthan,Tonk,1901,132
Rajasthan,Udaipur,901,142
Sikkim,East Sikkim,5,1
Sikkim,South Sikkim,5,0
Sikkim,West Sikkim,2,5
Tamil Nadu,Ariyalur,81,9
Tamil Nadu,Chennai,7270,270
Tamil Nadu,Coimbatore,5510,139
Tamil Nadu,Cuddalore,452,33
Tamil Nadu,Dharmapuri,3807,171
Tamil Nadu,Dindigul,3552,204
Tamil Nadu,Erode,899,158
Tamil Nadu,Kancheepuram,3764,88
Tamil Nadu,Kanchipuram,0,3
Tamil Nadu,Kanyakumari,4014,47
Tamil Nadu,Karur,925,27
Tamil Nadu,Krishnagiri,804,48
Tamil Nadu,Madurai,1610,108
Tamil Nadu,Nagapattinam,500,25
Tamil Nadu,Namakkal,1285,30
Tamil Nadu,Perambalur,473,26
Tamil Nadu,Pudukkottai,2026,64
Tamil Nadu,Ramanathapuram,935,61
Tamil Nadu,Salem,3644,239
Tamil Nadu,Sivaganga,1850,70
Tamil Nadu,Thanjavur,3802,120
Tamil Nadu,The Nilgiris,1004,32
Tamil Nadu,Theni,2323,69
Tamil Nadu,Thiruvarur,120,7
Tamil Nadu,Thoothukudi,2569,78
Tamil Nadu,Tiruchirappalli,377,41
Tamil Nadu,Tirunelveli,4427,234
Tamil Nadu,Tirupur,2365,106
Tamil Nadu,Tiruvallur,8627,660
Tamil Nadu,Tiruvannamalai,1695,171
Tamil Nadu,Tiruvarur,0,2
Tamil Nadu,Vellore,3331,133
Tamil Nadu,Viluppuram,5364,321
Tamil Nadu,Virudhunagar,4908,827
Tripura,Dhalai,33,17
Tripura,Gomati,8,48
Tripura,Khowai,1,1
Tripura,North Tripura,52,74
Tripura,Sepahijala,9,1
Tripura,South Tripura,5,5
Tripura,Unakoti,21,3
Tripura,West Tripura,25,24
Uttar Pradesh,Agra,205,90
Uttar Pradesh,Aligarh,100,17
Uttar Pradesh,Allahabad,1559,87
Uttar Pradesh,Ambedkar Nagar,59,1
Uttar Pradesh,Amethi,1975,90
Uttar Pradesh,Amroha,755,26
Uttar Pradesh,Auraiya,14,1
Uttar Pradesh,Azamgarh,920,38
Uttar Pradesh,Baghpat,160,98
Uttar Pradesh,Bahraich,13,0
Uttar Pradesh,Ballia,1326,20
Uttar Pradesh,Balrampur,2144,71
Uttar Pradesh,Banda,827,47
Uttar Pradesh,Barabanki,94,8
Uttar Pradesh,Bareilly,1439,278
Uttar Pradesh,Basti,307,4
Uttar Pradesh,Bijnor,1688,85
Uttar Pradesh,Budaun,14,1
Uttar Pradesh,Bulandshahr,258,14
Uttar Pradesh,Chandauli,2056,87
Uttar Pradesh,Chitrakoot,2772,130
Uttar Pradesh,Deoria,440,128
Uttar Pradesh,Etah,27,1
Uttar Pradesh,Etawah,451,193
Uttar Pradesh,Faizabad,1956,25
Uttar Pradesh,Farrukhabad,1372,76
Uttar Pradesh,Fatehpur,1755,51
Uttar Pradesh,Firozabad,35,2
Uttar Pradesh,Gautam Buddha Nagar,588,79
Uttar Pradesh,Ghaziabad,853,88
Uttar Pradesh,Ghazipur,1257,78
Uttar Pradesh,Gonda,1959,89
Uttar Pradesh,Gorakhpur,411,69
Uttar Pradesh,Hamirpur,640,9
Uttar Pradesh,Hardoi,25,4
Uttar Pradesh,Hathras,1239,233
Uttar Pradesh,Jalaun,138,12
Uttar Pradesh,Jaunpur,83,3
Uttar Pradesh,Jhansi,1163,97
Uttar Pradesh,Kannauj,313,5
Uttar Pradesh,Kanpur Dehat,118,6
Uttar Pradesh,Kanpur Nagar,1757,32
Uttar Pradesh,Kasganj,76,2
Uttar Pradesh,Kaushambi,143,8
Uttar Pradesh,Kheri,431,369
Uttar Pradesh,Kushinagar,490,39
Uttar Pradesh,Lucknow,290,231
Uttar Pradesh,Maharajganj,1686,42
Uttar Pradesh,Mahoba,691,35
Uttar Pradesh,Mainpuri,289,78
Uttar Pradesh,Mathura,85,12
Uttar Pradesh,Mau,29,2
Uttar Pradesh,Meerut,418,13
Uttar Pradesh,Mirzapur,72,6
Uttar Pradesh,Moradabad,117,16
Uttar Pradesh,Muzaffarnagar,355,8
Uttar Pradesh,Pilibhit,1462,99
Uttar Pradesh,Pratapgarh,1213,109
Uttar Pradesh,Raebareli,9121,458
Uttar Pradesh,Rampur,10,0
Uttar Pradesh,Saharanpur,341,76
Uttar Pradesh,Sambhal,11,0
Uttar Pradesh,Sant Kabir Nagar,4222,208
Uttar Pradesh,Sant Ravidas Nagar,494,30
Uttar Pradesh,Shahjahanpur,422,12
Uttar Pradesh,Shamli,21,0
Uttar Pradesh,Shrawasti,493,20
Uttar Pradesh,Siddharthnagar,99,4
Uttar Pradesh,Sitapur,6,1
Uttar Pradesh,Sonbhadra,258,26
Uttar Pradesh,Sultanpur,39,3
Uttar Pradesh,Unnao,267,438
Uttar Pradesh,Varanasi,1308,88
Uttarakhand,Almora,17,2
Uttarakhand,Bageshwar,1798,7
Uttarakhand,Chamoli,8,0
Uttarakhand,Champawat,239,31
Uttarakhand,Dehradun,338,32
Uttarakhand,Garhwal,2,0
Uttarakhand,Haridwar,525,40
Uttarakhand,Nainital,38,21
Uttarakhand,Pauri Garhwal,23,1
Uttarakhand,Pithoragarh,11,1
Uttarakhand,Rudraprayag,1,0
Uttarakhand,Tehri Garhwal,476,62
Uttarakhand,Udham Singh Nagar,486,52
Uttarakhand,Uttarkashi,2,0
West Bengal,Bankura,1925,111
West Bengal,Bardhaman,9456,897
West Bengal,Birbhum,12507,418
West Bengal,Cooch Behar,504,36
West Bengal,Dakshin Dinajpur,54,16
West Bengal,Darjeeling,850,18
West Bengal,East Midnapore,15367,582
West Bengal,Hooghly,2314,44
West Bengal,Howrah,476,93
West Bengal,Jalpaiguri,2194,70
West Bengal,Kolkata,310,109
West Bengal,Malda,2810,128
West Bengal,Medinipur,1574,209
West Bengal,Murshidabad,3145,52
West Bengal,Nadia,2947,73
West Bengal,North 24 Parganas,4639,566
West Bengal,North Dinajpur,400,327
West Bengal,Purulia,351,170
West Bengal,South 24 Parganas,4910,87
West Bengal,South Dinajpur,249,348
West Bengal,South Twenty Four Parganas,588,12
West Bengal,West Midnapore,1188,136
