Gender,Age Band,Aadhaar generated,Enrolment Rejected
F,0 to 5 Years,14737,0
F,16 to 30 Years,123154,0
F,31 to 45 Years,108861,0
F,46 to 65 Years,77587,0
F,6 to 15 Years,64573,0
F,66 Years and Above,17069,0
F,Others,1,0
M,0 to 5 Years,16493,0
M,16 to 30 Years,145759,0
M,31 to 45 Years,112173,0
M,46 to 65 Years,83461,0
M,6 to 15 Years,75708,0
M,66 Years and Above,19767,0
M,Others,2,0
T,0 to 5 Years,1,0
T,16 to 30 Years,41,0
T,31 to 45 Years,23,0
T,46 to 65 Years,17,0
T,6 to 15 Years,18,0
T,66 Years and Above,5,0
