Name of State/UT,Name of District,Population (Census),Aadhaar Generated,Aadhaar Saturation %,District Code
Andhra pradesh,Adilabad,2737738,2732495,99.81%,SD001
Gujarat,Ahmedabad,7208200,4015325,55.70%,SD003
Maharashtra,Ahmednagar,4543083,3703319,81.52%,SD004
Rajasthan,Ajmer,2584913,1954365,75.61%,SD006
Maharashtra,Akola,1818617,1399457,76.95%,SD007
Kerala,Alappuzha,2121943,2012878,94.86%,SD008
Madhya Pradesh,Alirajpur,728677,551227,75.65%,SD010
Rajasthan,Alwar,3671999,2457881,66.94%,SD013
Haryana,Ambala,1136784,1019303,89.67%,SD014
Maharashtra,Amravati,2887826,2456117,85.05%,SD016
Punjab,Amritsar,2490891,2153113,86.44%,SD018
Andhra pradesh,Anantapur,4083315,3986959,97.64%,SD021
Tamil Nadu,Ariyalur,752481,590527,78.48%,SD027
Maharashtra,Aurangabad (MH),3695928,2848589,77.07%,SD032
Karnataka,Bagalkot,1890826,1412286,74.69%,SD035
Odisha,Balangir,1648574,1110201,67.34%,SD041
Odisha,Baleshwar,2317419,1372031,59.21%,SD042
Karnataka,Bangalore,9588910,6931791,72.29%,SD049
Karnataka,Bangalore Rural,987257,696927,70.59%,SD050
Rajasthan,Baran,1223921,602639,49.24%,SD056
Rajasthan,Barmer,2604453,1613811,61.96%,SD060
Punjab,Barnala,596294,526023,88.22%,SD061
Madhya Pradesh,Barwani,1385659,875829,63.21%,SD063
Punjab,Bathinda,1388859,1165391,83.91%,SD066
Karnataka,Belgaum,4778439,3801997,79.57%,SD069
Karnataka,Bellary,2532383,1865991,73.69%,SD070
Madhya Pradesh,Betul,1575247,1178074,74.79%,SD071
Odisha,Bhadrak ,1506522,853062,56.62%,SD073
Maharashtra,Bhandara,1198810,1017785,84.90%,SD075
Madhya Pradesh,Bhopal,2368145,1946647,82.20%,SD083
Maharashtra,Bid,2585962,1711827,66.20%,SD084
Karnataka,Bidar,1700018,1173820,69.05%,SD085
Karnataka,Bijapur (KAR),2175102,1551160,71.31%,SD086
Rajasthan,Bikaner,2367745,1347276,56.90%,SD089
Himachal Pradesh,Bilaspur (HP),382056,384613,100.67%,SD091
Jharkhand,Bokaro,2061918,1602177,77.70%,SD094
Maharashtra,Buldana,2588039,2008098,77.59%,SD098
Rajasthan,Bundi,1113725,586532,52.66%,SD099
Madhya Pradesh,Burhanpur,756993,664732,87.81%,SD100
Delhi,Central Delhi,578671,848129,146.56%,SD103
Karnataka,Chamarajanagar,1020962,807239,79.07%,SD104
Himachal Pradesh,Chamba,518844,484624,93.40%,SD105
Uttarakhand,Champawat,259315,139030,53.61%,SD107
Chandigarh,Chandigarh,1054686,952481,90.31%,SD111
Maharashtra,Chandrapur,2194262,1740305,79.31%,SD112
Madhya Pradesh,Chhindwara,2090306,1580367,75.60%,SD117
Karnataka,Chikkaballapur,1254377,763668,60.88%,SD118
Karnataka,Chikmagalur,1137753,885779,77.85%,SD119
Rajasthan,Chittaurgarh,1544392,964350,62.44%,SD123
Andhra pradesh,Chittoor,4170468,3987103,95.60%,SD124
Rajasthan,Churu,2041172,1320156,64.68%,SD126
Tamil Nadu,Cuddalore,2600880,1651841,63.51%,SD128
Andhra pradesh,Cuddapah (YSR Kadapa),2884524,2623365,90.95%,SD129
Odisha,Cuttack,2618708,1753295,66.95%,SD130
West Bengal,Dakshin Dinajpur,1670931,987261,59.08%,SD132
Karnataka,Dakshina Kannada,2083625,1596600,76.63%,SD133
Daman & Diu,Daman,190855,112896,59.15%,SD134
Madhya Pradesh,Damoh,1263703,897260,71.00%,SD135
Rajasthan,Dausa,1637226,954807,58.32%,SD141
Karnataka,Davanagere,1946905,1368052,70.27%,SD142
Jharkhand,Deoghar,1491879,1107817,74.26%,SD145
Madhya Pradesh,Dewas,1563107,1116811,71.45%,SD148
Jharkhand,Dhanbad,2682662,2043035,76.16%,SD151
Madhya Pradesh,Dhar,2184672,1421596,65.07%,SD152
Tamil Nadu,Dharmapuri,1502900,1052370,70.02%,SD153
Karnataka,Dharwad,1846993,1599832,86.62%,SD154
Maharashtra,Dhule,2048781,1730156,84.45%,SD159
Tamil Nadu,Dindigul,2161367,1375176,63.63%,SD163
Daman & Diu,Diu,52056,50647,97.29%,SD165
Jharkhand,Dumka,1321096,1084935,82.12%,SD168
Delhi,East Delhi,1707725,2046209,119.82%,SD172
Madhya Pradesh,East Nimar (Khandwa),1309443,1148367,87.70%,SD177
Andhra pradesh,East godavari,5151549,5026274,97.57%,SD174
Kerala,Ernakulam,3279860,3018522,92.03%,SD179
Tamil Nadu,Erode,2259608,1616684,71.55%,SD180
Uttar Pradesh,Etawah,1579160,755225,47.82%,SD182
Haryana,Faridabad,1798954,1724986,95.89%,SD184
Punjab,Faridkot,618008,583700,94.45%,SD185
Punjab,Fatehgarh Sahib,599814,544915,90.85%,SD188
Punjab,Fazilka,0,493601,N.A.,SD190
Punjab,Firozpur,2026831,1137120,56.10%,SD192
Karnataka,Gadag,1065235,762540,71.58%,SD193
Maharashtra,Gadchiroli,1071795,831988,77.63%,SD194
Rajasthan,Ganganagar,1969520,1282755,65.13%,SD198
Jharkhand,Garhwa,1322387,1088541,82.32%,SD200
Jharkhand,Giridih,2445203,1909028,78.07%,SD206
Jharkhand,Godda,1311382,1060853,80.90%,SD208
Maharashtra,Gondiya,1322331,1146723,86.72%,SD211
Karnataka,Gulbarga,2564892,1599667,62.37%,SD214
Jharkhand,Gumla,1025656,871565,84.98%,SD215
Madhya Pradesh,Guna,1240938,741119,59.72%,SD216
Andhra pradesh,Guntur,4889230,4573537,93.54%,SD217
Punjab,Gurdaspur,2299026,1929210,83.91%,SD218
Haryana,Gurgaon,1514085,1089445,71.95%,SD219
Madhya Pradesh,Gwalior,2030543,1174223,57.83%,SD220
Himachal Pradesh,Hamirpur (HP),454293,493356,108.60%,SD222
Rajasthan,Hanumangarh,1779650,1036708,58.25%,SD224
West Bengal,Haora,4841638,3487751,72.04%,SD225
Madhya Pradesh,Harda,570302,506436,88.80%,SD226
Karnataka,Haveri,1598506,1132275,70.83%,SD231
Jharkhand,Hazaribag,1734005,1468377,84.68%,SD232
Maharashtra,Hingoli,1178973,725157,61.51%,SD233
Haryana,Hisar,1742815,1299705,74.58%,SD234
Madhya Pradesh,Hoshangabad,1240975,1138574,91.75%,SD235
Punjab,Hoshiarpur,1582793,1384264,87.46%,SD236
West Bengal,Hugli,5520389,4493619,81.40%,SD237
Kerala,Idukki,1107453,1011311,91.32%,SD238
Madhya Pradesh,Indore,3272335,2446192,74.75%,SD241
Madhya Pradesh,Jabalpur,2460714,1945156,79.05%,SD242
Rajasthan,Jaipur,6663971,4403682,66.08%,SD245
Punjab,Jalandhar,2181753,2039512,93.48%,SD248
Maharashtra,Jalgaon,4224442,3412041,80.77%,SD250
Maharashtra,Jalna,1958483,1486087,75.88%,SD251
Rajasthan,Jalor,1830151,1084654,59.27%,SD252
Jharkhand,Jamtara,790207,665886,84.27%,SD256
Madhya Pradesh,Jhabua,1024091,620943,60.63%,SD262
Haryana,Jhajjar,956907,679735,71.03%,SD263
Rajasthan,Jhunjhunun,2139658,1576018,73.66%,SD267
Rajasthan,Jodhpur,3685681,2019250,54.79%,SD269
Gujarat,Junagadh,2742291,2083817,75.99%,SD271
Haryana,Kaithal,1072861,845637,78.82%,SD274
Tamil Nadu,Kancheepuram,3990897,2482119,62.19%,SD278
Himachal Pradesh,Kangra,1507223,1483517,98.43%,SD280
Tamil Nadu,Kanniyakumari,1863174,1260632,67.66%,SD283
Kerala,Kannur,2525637,2364894,93.64%,SD284
Uttar Pradesh,Kanpur Nagar,4572951,1696292,37.09%,SD286
Punjab,Kapurthala,817668,714620,87.40%,SD288
Puducherry,Karaikal,200314,155428,77.59%,SD289
Andhra pradesh,Karimnagar,3811738,3583292,94.01%,SD294
Haryana,Karnal,1506323,1270685,84.36%,SD295
Tamil Nadu,Karur,1076588,752302,69.88%,SD296
Kerala,Kasaragod,1302600,1170499,89.86%,SD297
Madhya Pradesh,Katni,1291684,862900,66.80%,SD300
Andhra pradesh,Khammam,2798214,2653420,94.83%,SD306
Odisha,Khordha ,2246341,1561504,69.51%,SD309
Jharkhand,Khunti,530299,450361,84.93%,SD310
Himachal Pradesh,Kinnaur,84298,68616,81.40%,SD311
West Bengal,Koch Bihar,2822780,1897398,67.22%,SD315
Karnataka,Kodagu,554762,356850,64.32%,SD316
Jharkhand,Kodarma,717169,585837,81.69%,SD317
Karnataka,Kolar,1540231,1076758,69.91%,SD320
Maharashtra,Kolhapur,3874015,3121347,80.57%,SD322
West Bengal,Kolkata,4486679,3016472,67.23%,SD323
Kerala,Kollam,2629703,2438691,92.74%,SD324
Karnataka,Koppal,1391292,964196,69.30%,SD325
Rajasthan,Kota,1950491,1346856,69.05%,SD329
Kerala,Kottayam,1979384,1851182,93.52%,SD330
Kerala,Kozhikode,3089543,2884123,93.35%,SD331
Andhra pradesh,Krishna,4529009,4182058,92.34%,SD332
Tamil Nadu,Krishnagiri,1883731,1122993,59.62%,SD333
Himachal Pradesh,Kullu,437474,397348,90.83%,SD335
Andhra pradesh,Kurnool,4046601,3582506,88.53%,SD337
Haryana,Kurukshetra,964231,827819,85.85%,SD338
Lakshadweep,Lakshadweep,64429,55415,86.01%,SD344
Maharashtra,Latur,2455543,1790996,72.94%,SD347
Jharkhand,Lohardaga,461738,426914,92.46%,SD350
Uttar Pradesh,Lucknow,4588455,2133051,46.49%,SD355
Punjab,Ludhiana,3487882,3309837,94.90%,SD356
Tamil Nadu,Madurai,3041038,2161551,71.08%,SD360
Andhra pradesh,Mahbubnagar,4042191,3631174,89.83%,SD362
Puducherry,Mahe,41934,0,0.00%,SD363
Gujarat,Mahesana,2027727,1433793,70.71%,SD365
Kerala,Malappuram,4110956,3717136,90.42%,SD369
West Bengal,Maldah,3997970,2521282,63.06%,SD370
Himachal Pradesh,Mandi,999518,986336,98.68%,SD373
Madhya Pradesh,Mandla,1053522,798795,75.82%,SD374
Madhya Pradesh,Mandsaur,1339832,983778,73.43%,SD375
Karnataka,Mandya,1808680,1280669,70.81%,SD376
Punjab,Mansa,768808,671405,87.33%,SD377
Andhra pradesh,Medak,3031877,2750780,90.73%,SD382
Punjab,Moga,992289,898211,90.52%,SD386
Punjab,Muktsar,902702,780185,86.43%,SD391
Maharashtra,Mumbai (incl. Mumbai SubUrban & Mumbai City) ,12478447,10767330,86.29%,SD392
West Bengal,Murshidabad,7102430,4678853,65.88%,SD394
Karnataka,Mysore,2994744,2814593,93.98%,SD397
Tamil Nadu,Nagapattinam,1614069,1158130,71.75%,SD401
Rajasthan,Nagaur,3309234,1843330,55.70%,SD402
Maharashtra,Nagpur,4653171,4119319,88.53%,SD403
Andhra pradesh,Nalgonda,3483648,3195279,91.72%,SD407
Tamil Nadu,Namakkal,1721179,1090415,63.35%,SD408
Maharashtra,Nanded,3356566,2119618,63.15%,SD409
Maharashtra,Nandurbar,1646177,1304565,79.25%,SD410
Gujarat,Narmada,590379,350561,59.38%,SD412
Madhya Pradesh,Narsimhapur,1092141,804345,73.65%,SD413
Maharashtra,Nashik,6109052,4793338,78.46%,SD414
Gujarat,Navsari,1330711,964007,72.44%,SD415
Punjab,Nawanshahr,614362,569717,92.73%,SD417
Madhya Pradesh,Neemuch,825958,520820,63.06%,SD419
Andhra pradesh,Nellore (sri Potti Sriramulu Nellore),2966082,2635060,88.84%,SD420
Delhi,New Delhi,133713,19286,14.42%,SD421
Andhra pradesh,Nizamabad,2552073,2375865,93.10%,SD423
Andaman & Nicobar Islands,North & Middle Andamans,105539,117387,111.23%,SD425
Delhi,North Delhi,883418,930177,105.29%,SD427
Delhi,North East Delhi,2240749,1969618,87.90%,SD428
Goa,North Goa,817761,763975,93.42%,SD429
Delhi,North West Delhi,3651261,3900582,106.83%,SD432
Maharashtra,Osmanabad,1660311,1206785,72.68%,SD434
Jharkhand,Pakaur,899200,767154,85.32%,SD435
Kerala,Palakkad,2810892,2632926,93.67%,SD436
Jharkhand,Palamu,1936319,1566577,80.90%,SD437
Rajasthan,Pali,2038533,1368754,67.14%,SD438
Haryana,Palwal,1040493,677684,65.13%,SD439
Haryana,Panchkula,558890,467392,83.63%,SD441
Haryana,Panipat,1202811,968591,80.53%,SD442
Madhya Pradesh,Panna,1016028,655183,64.48%,SD443
Jharkhand,Pashchimi Singhbhum,1501619,1233635,82.15%,SD448
Kerala,Pathanamthitta,1195537,1177442,98.49%,SD450
Punjab,Pathankot,0,121825,N.A.,SD451
Punjab,Patiala,1892282,1671335,88.32%,SD452
Tamil Nadu,Perambalur,564511,386820,68.52%,SD454
Gujarat,Porbandar,586062,391040,66.72%,SD459
Andhra pradesh,Prakasam,3392764,3140534,92.57%,SD460
Puducherry,Puducherry,946600,963998,101.84%,SD463
Tamil Nadu,Pudukkottai,1618725,1100019,67.96%,SD464
Maharashtra,Pune,9426959,7108882,75.41%,SD467
Jharkhand,Purbi Singhbhum,2291032,1821898,79.52%,SD469
Odisha,Puri,1697983,1235160,72.74%,SD471
Maharashtra,Raigarh (MH),2635394,2057178,78.06%,SD477
Madhya Pradesh,Raisen,1331699,843559,63.34%,SD479
Gujarat,Rajkot,3799770,2635254,69.35%,SD482
Rajasthan,Rajsamand,1158283,776069,67.00%,SD484
Karnataka,Ramanagar,1082739,779648,72.01%,SD485
Tamil Nadu,Ramanathapuram,1337560,810905,60.63%,SD486
Jharkhand,Ramgarh,949159,800955,84.39%,SD488
Jharkhand,Ranchi,2912022,2401984,82.49%,SD490
Andhra pradesh,Rangareddi (inclg. Hyderabad),9306634,10763956,115.66%,SD491
Madhya Pradesh,Ratlam,1454483,1040873,71.56%,SD492
Maharashtra,Ratnagiri,1612672,1304000,80.86%,SD493
Madhya Pradesh,Rewa,2363744,1451778,61.42%,SD496
Haryana,Rewari,896129,691824,77.20%,SD497
Haryana,Rohtak,1058683,753047,71.13%,SD499
Punjab,Rupnagar,683349,639735,93.62%,SD502
Punjab,S.A.S Nagar(Mohali),986147,767445,77.82%,SD503
Madhya Pradesh,Sagar,2378295,1508063,63.41%,SD505
Jharkhand,Sahibganj,1150038,1010260,87.85%,SD508
Tamil Nadu,Salem,3480008,2411842,69.31%,SD510
Maharashtra,Sangli,2820575,2312033,81.97%,SD514
Punjab,Sangrur,1654408,1448433,87.55%,SD515
Maharashtra,Satara,3003922,2411245,80.27%,SD519
Madhya Pradesh,Satna,2228619,1540061,69.10%,SD520
Madhya Pradesh,Sehore,1311008,824241,62.87%,SD522
Madhya Pradesh,Seoni,1378876,1092576,79.24%,SD524
Jharkhand,Seraikela-kharsawan,1063458,860679,80.93%,SD525
Madhya Pradesh,Shajapur,1512353,1187018,78.49%,SD529
Himachal Pradesh,Shimla,813384,694552,85.39%,SD533
Rajasthan,Sikar,2677737,1737317,64.88%,SD541
Jharkhand,Simdega,599813,529377,88.26%,SD542
Himachal Pradesh,Sirmaur,530164,454492,85.73%,SD545
Rajasthan,Sirohi,1037185,630875,60.83%,SD546
Haryana,Sirsa,1295114,1027037,79.30%,SD547
Himachal Pradesh,Solan,576670,480076,83.25%,SD552
Maharashtra,Solapur,4315527,2791667,64.69%,SD553
Haryana,Sonipat,1480080,1190192,80.41%,SD556
Delhi,South Delhi,2733752,2733439,99.99%,SD561
Goa,South Goa,639962,575258,89.89%,SD563
Delhi,South West Delhi,2292363,2214635,96.61%,SD565
Andhra pradesh,Srikakulam,2699471,2686139,99.51%,SD566
Odisha,Sundargarh,2080664,1022952,49.16%,SD569
Punjab,Tarn Taran,1120070,933695,83.36%,SD576
Maharashtra,Thane,11054131,8674615,78.47%,SD579
Tamil Nadu,Thanjavur,2402781,1654181,68.84%,SD580
Tamil Nadu,Theni,1243684,867525,69.75%,SD583
Kerala,Thiruvananthapuram,3307284,2964851,89.65%,SD585
Tamil Nadu,Thiruvarur,1268094,859470,67.78%,SD586
Tamil Nadu,Thoothukkudi,1738376,1093890,62.93%,SD587
Kerala,Thrissur,3110327,2946418,94.73%,SD589
Tamil Nadu,Tiruchirappalli,2713858,1994722,73.50%,SD593
Tamil Nadu,Tirunelveli,3072880,1999981,65.08%,SD594
Rajasthan,Tonk,1421711,850557,59.83%,SD597
Karnataka,Tumkur,2681449,2522884,94.09%,SD599
Rajasthan,Udaipur,3067549,2103447,68.57%,SD600
Karnataka,Udupi,1177908,951003,80.74%,SD604
Madhya Pradesh,Ujjain,1986597,1398547,70.40%,SD605
Himachal Pradesh,Una,521057,537150,103.09%,SD608
Karnataka,Uttara Kannada,1436847,1143387,79.58%,SD613
Gujarat,Valsad,1703068,1242082,72.93%,SD617
Tamil Nadu,Vellore,3928106,2660464,67.73%,SD619
Madhya Pradesh,Vidisha,1458212,918276,62.97%,SD620
Tamil Nadu,Viluppuram,3463284,2205763,63.69%,SD621
Tamil Nadu,Virudhunagar,1943309,1418697,73.00%,SD622
Andhra pradesh,Visakhapatnam,4288113,3912187,91.23%,SD623
Andhra pradesh,Vizianagaram,2342868,2073493,88.50%,SD624
Andhra pradesh,Warangal,3522644,3287869,93.34%,SD625
Maharashtra,Wardha,1296157,1201552,92.70%,SD626
Maharashtra,Washim,1196714,810011,67.69%,SD627
Kerala,Wayanad,816558,773520,94.73%,SD628
Delhi,West Delhi,2531583,2501250,98.80%,SD630
Andhra pradesh,West Godavari,3934782,3672468,93.33%,SD632
Haryana,Yamunanagar,1214162,1011652,83.32%,SD640
Puducherry,Yanam,55616,21947,39.46%,SD641
Maharashtra,Yavatmal,2775457,1936430,69.77%,SD642
Total,,620069960,484547478,78.14%
