Name of State/UT,Name of District,Population (Census),Aadhaar Generated,Aadhaar Saturation %,District Code
Andhra pradesh,Adilabad,2737738,2721961,99.42%,SD001
Gujarat,Ahmedabad,7208200,3916958,54.34%,SD003
Maharashtra,Ahmednagar,4543083,3693918,81.31%,SD004
Rajasthan,Ajmer,2584913,1947731,75.35%,SD006
Maharashtra,Akola,1818617,1395202,76.72%,SD007
Kerala,Alappuzha,2121943,2004769,94.48%,SD008
Madhya Pradesh,Alirajpur,728677,544451,74.72%,SD010
Rajasthan,Alwar,3671999,2450049,66.72%,SD013
Haryana,Ambala,1136784,1010527,88.89%,SD014
Maharashtra,Amravati,2887826,2447839,84.76%,SD016
Punjab,Amritsar,2490891,2141116,85.96%,SD018
Andhra pradesh,Anantapur,4083315,3944122,96.59%,SD021
Tamil Nadu,Ariyalur,752481,590213,78.44%,SD027
Maharashtra,Aurangabad (MH),3695928,2839498,76.83%,SD032
Karnataka,Bagalkot,1890826,1392490,73.64%,SD035
Odisha,Balangir,1648574,1085785,65.86%,SD041
Odisha,Baleshwar,2317419,1369146,59.08%,SD042
Karnataka,Bangalore,9588910,6915855,72.12%,SD049
Karnataka,Bangalore Rural,987257,695395,70.44%,SD050
Rajasthan,Baran,1223921,597688,48.83%,SD056
Rajasthan,Barmer,2604453,1606938,61.70%,SD060
Punjab,Barnala,596294,521744,87.50%,SD061
Madhya Pradesh,Barwani,1385659,839456,60.58%,SD063
Punjab,Bathinda,1388859,1158348,83.40%,SD066
Karnataka,Belgaum,4778439,3793365,79.39%,SD069
Karnataka,Bellary,2532383,1838582,72.60%,SD070
Madhya Pradesh,Betul,1575247,1162473,73.80%,SD071
Odisha,Bhadrak ,1506522,849261,56.37%,SD073
Maharashtra,Bhandara,1198810,1015465,84.71%,SD075
Madhya Pradesh,Bhopal,2368145,1936953,81.79%,SD083
Maharashtra,Bid,2585962,1700688,65.77%,SD084
Karnataka,Bidar,1700018,1167890,68.70%,SD085
Karnataka,Bijapur (KAR),2175102,1506621,69.27%,SD086
Rajasthan,Bikaner,2367745,1341958,56.68%,SD089
Himachal Pradesh,Bilaspur (HP),382056,383954,100.50%,SD091
Jharkhand,Bokaro,2061918,1596539,77.43%,SD094
Maharashtra,Buldana,2588039,1996634,77.15%,SD098
Rajasthan,Bundi,1113725,581667,52.23%,SD099
Madhya Pradesh,Burhanpur,756993,662683,87.54%,SD100
Delhi,Central Delhi,578671,842255,145.55%,SD103
Karnataka,Chamarajanagar,1020962,800059,78.36%,SD104
Himachal Pradesh,Chamba,518844,481639,92.83%,SD105
Uttarakhand,Champawat,259315,138475,53.40%,SD107
Chandigarh,Chandigarh,1054686,944985,89.60%,SD111
Maharashtra,Chandrapur,2194262,1728445,78.77%,SD112
Madhya Pradesh,Chhindwara,2090306,1560147,74.64%,SD117
Karnataka,Chikkaballapur,1254377,746609,59.52%,SD118
Karnataka,Chikmagalur,1137753,877209,77.10%,SD119
Rajasthan,Chittaurgarh,1544392,956630,61.94%,SD123
Andhra pradesh,Chittoor,4170468,3970088,95.20%,SD124
Rajasthan,Churu,2041172,1313192,64.34%,SD126
Tamil Nadu,Cuddalore,2600880,1648894,63.40%,SD128
Andhra pradesh,Cuddapah (YSR Kadapa),2884524,2610834,90.51%,SD129
Odisha,Cuttack,2618708,1736215,66.30%,SD130
West Bengal,Dakshin Dinajpur,1670931,982849,58.82%,SD132
Karnataka,Dakshina Kannada,2083625,1593955,76.50%,SD133
Daman & Diu,Daman,190855,112479,58.93%,SD134
Madhya Pradesh,Damoh,1263703,879078,69.56%,SD135
Rajasthan,Dausa,1637226,952020,58.15%,SD141
Karnataka,Davanagere,1946905,1346016,69.14%,SD142
Jharkhand,Deoghar,1491879,1104297,74.02%,SD145
Madhya Pradesh,Dewas,1563107,1089745,69.72%,SD148
Jharkhand,Dhanbad,2682662,2031996,75.75%,SD151
Madhya Pradesh,Dhar,2184672,1403854,64.26%,SD152
Tamil Nadu,Dharmapuri,1502900,1041778,69.32%,SD153
Karnataka,Dharwad,1846993,1589664,86.07%,SD154
Maharashtra,Dhule,2048781,1722525,84.08%,SD159
Tamil Nadu,Dindigul,2161367,1374432,63.59%,SD163
Daman & Diu,Diu,52056,50536,97.08%,SD165
Jharkhand,Dumka,1321096,1082480,81.94%,SD168
Delhi,East Delhi,1707725,2032987,119.05%,SD172
Madhya Pradesh,East Nimar (Khandwa),1309443,1144522,87.41%,SD177
Andhra pradesh,East godavari,5151549,5012631,97.30%,SD174
Kerala,Ernakulam,3279860,3006367,91.66%,SD179
Tamil Nadu,Erode,2259608,1574131,69.66%,SD180
Uttar Pradesh,Etawah,1579160,746877,47.30%,SD182
Haryana,Faridabad,1798954,1717116,95.45%,SD184
Punjab,Faridkot,618008,579948,93.84%,SD185
Punjab,Fatehgarh Sahib,599814,542395,90.43%,SD188
Punjab,Fazilka,0,486321,N.A.,SD190
Punjab,Firozpur,2026831,1128050,55.66%,SD192
Karnataka,Gadag,1065235,755177,70.89%,SD193
Maharashtra,Gadchiroli,1071795,819803,76.49%,SD194
Rajasthan,Ganganagar,1969520,1275797,64.78%,SD198
Jharkhand,Garhwa,1322387,1078172,81.53%,SD200
Jharkhand,Giridih,2445203,1899404,77.68%,SD206
Jharkhand,Godda,1311382,1055915,80.52%,SD208
Maharashtra,Gondiya,1322331,1144170,86.53%,SD211
Karnataka,Gulbarga,2564892,1555019,60.63%,SD214
Jharkhand,Gumla,1025656,867983,84.63%,SD215
Madhya Pradesh,Guna,1240938,727789,58.65%,SD216
Andhra pradesh,Guntur,4889230,4566223,93.39%,SD217
Punjab,Gurdaspur,2299026,1919246,83.48%,SD218
Haryana,Gurgaon,1514085,1082619,71.50%,SD219
Madhya Pradesh,Gwalior,2030543,1159857,57.12%,SD220
Himachal Pradesh,Hamirpur (HP),454293,492468,108.40%,SD222
Rajasthan,Hanumangarh,1779650,1032688,58.03%,SD224
West Bengal,Haora,4841638,3485947,72.00%,SD225
Madhya Pradesh,Harda,570302,504244,88.42%,SD226
Karnataka,Haveri,1598506,1083380,67.77%,SD231
Jharkhand,Hazaribag,1734005,1462613,84.35%,SD232
Maharashtra,Hingoli,1178973,718429,60.94%,SD233
Haryana,Hisar,1742815,1281200,73.51%,SD234
Madhya Pradesh,Hoshangabad,1240975,1135624,91.51%,SD235
Punjab,Hoshiarpur,1582793,1377119,87.01%,SD236
West Bengal,Hugli,5520389,4402192,79.74%,SD237
Kerala,Idukki,1107453,1005827,90.82%,SD238
Madhya Pradesh,Indore,3272335,2432827,74.35%,SD241
Madhya Pradesh,Jabalpur,2460714,1933619,78.58%,SD242
Rajasthan,Jaipur,6663971,4391635,65.90%,SD245
Punjab,Jalandhar,2181753,2025522,92.84%,SD248
Maharashtra,Jalgaon,4224442,3397722,80.43%,SD250
Maharashtra,Jalna,1958483,1479036,75.52%,SD251
Rajasthan,Jalor,1830151,1081758,59.11%,SD252
Jharkhand,Jamtara,790207,663001,83.90%,SD256
Madhya Pradesh,Jhabua,1024091,614410,60.00%,SD262
Haryana,Jhajjar,956907,674422,70.48%,SD263
Rajasthan,Jhunjhunun,2139658,1567884,73.28%,SD267
Rajasthan,Jodhpur,3685681,2003365,54.36%,SD269
Gujarat,Junagadh,2742291,2055171,74.94%,SD271
Haryana,Kaithal,1072861,837488,78.06%,SD274
Tamil Nadu,Kancheepuram,3990897,2470814,61.91%,SD278
Himachal Pradesh,Kangra,1507223,1477244,98.01%,SD280
Tamil Nadu,Kanniyakumari,1863174,1259717,67.61%,SD283
Kerala,Kannur,2525637,2347071,92.93%,SD284
Uttar Pradesh,Kanpur Nagar,4572951,1567311,34.27%,SD286
Punjab,Kapurthala,817668,707859,86.57%,SD288
Puducherry,Karaikal,200314,153197,76.48%,SD289
Andhra pradesh,Karimnagar,3811738,3562935,93.47%,SD294
Haryana,Karnal,1506323,1254493,83.28%,SD295
Tamil Nadu,Karur,1076588,750429,69.70%,SD296
Kerala,Kasaragod,1302600,1164229,89.38%,SD297
Madhya Pradesh,Katni,1291684,858386,66.45%,SD300
Andhra pradesh,Khammam,2798214,2637209,94.25%,SD306
Odisha,Khordha ,2246341,1535554,68.36%,SD309
Jharkhand,Khunti,530299,448492,84.57%,SD310
Himachal Pradesh,Kinnaur,84298,68353,81.08%,SD311
West Bengal,Koch Bihar,2822780,1895750,67.16%,SD315
Karnataka,Kodagu,554762,352133,63.47%,SD316
Jharkhand,Kodarma,717169,580961,81.01%,SD317
Karnataka,Kolar,1540231,1055645,68.54%,SD320
Maharashtra,Kolhapur,3874015,3113870,80.38%,SD322
West Bengal,Kolkata,4486679,3007000,67.02%,SD323
Kerala,Kollam,2629703,2424957,92.21%,SD324
Karnataka,Koppal,1391292,952519,68.46%,SD325
Rajasthan,Kota,1950491,1341967,68.80%,SD329
Kerala,Kottayam,1979384,1841420,93.03%,SD330
Kerala,Kozhikode,3089543,2863123,92.67%,SD331
Andhra pradesh,Krishna,4529009,4173053,92.14%,SD332
Tamil Nadu,Krishnagiri,1883731,1121935,59.56%,SD333
Himachal Pradesh,Kullu,437474,395867,90.49%,SD335
Andhra pradesh,Kurnool,4046601,3543207,87.56%,SD337
Haryana,Kurukshetra,964231,817517,84.78%,SD338
Lakshadweep,Lakshadweep,64429,55372,85.94%,SD344
Maharashtra,Latur,2455543,1783833,72.65%,SD347
Jharkhand,Lohardaga,461738,425287,92.11%,SD350
Uttar Pradesh,Lucknow,4588455,1769893,38.57%,SD355
Punjab,Ludhiana,3487882,3282680,94.12%,SD356
Tamil Nadu,Madurai,3041038,2159728,71.02%,SD360
Andhra pradesh,Mahbubnagar,4042191,3576118,88.47%,SD362
Puducherry,Mahe,41934,0,0.00%,SD363
Gujarat,Mahesana,2027727,1427976,70.42%,SD365
Kerala,Malappuram,4110956,3679408,89.50%,SD369
West Bengal,Maldah,3997970,2519029,63.01%,SD370
Himachal Pradesh,Mandi,999518,983490,98.40%,SD373
Madhya Pradesh,Mandla,1053522,780278,74.06%,SD374
Madhya Pradesh,Mandsaur,1339832,974616,72.74%,SD375
Karnataka,Mandya,1808680,1261701,69.76%,SD376
Punjab,Mansa,768808,667278,86.79%,SD377
Andhra pradesh,Medak,3031877,2734386,90.19%,SD382
Punjab,Moga,992289,890483,89.74%,SD386
Punjab,Muktsar,902702,774379,85.78%,SD391
Maharashtra,Mumbai (incl. Mumbai SubUrban & Mumbai City) ,12478447,10747123,86.13%,SD392
West Bengal,Murshidabad,7102430,4573561,64.39%,SD394
Karnataka,Mysore,2994744,2805305,93.67%,SD397
Tamil Nadu,Nagapattinam,1614069,1154729,71.54%,SD401
Rajasthan,Nagaur,3309234,1831269,55.34%,SD402
Maharashtra,Nagpur,4653171,4112551,88.38%,SD403
Andhra pradesh,Nalgonda,3483648,3182838,91.37%,SD407
Tamil Nadu,Namakkal,1721179,1089700,63.31%,SD408
Maharashtra,Nanded,3356566,2101324,62.60%,SD409
Maharashtra,Nandurbar,1646177,1299504,78.94%,SD410
Gujarat,Narmada,590379,349581,59.21%,SD412
Madhya Pradesh,Narsimhapur,1092141,799504,73.21%,SD413
Maharashtra,Nashik,6109052,4769852,78.08%,SD414
Gujarat,Navsari,1330711,952473,71.58%,SD415
Punjab,Nawanshahr,614362,566662,92.24%,SD417
Madhya Pradesh,Neemuch,825958,518303,62.75%,SD419
Andhra pradesh,Nellore (sri Potti Sriramulu Nellore),2966082,2587704,87.24%,SD420
Delhi,New Delhi,133713,18707,13.99%,SD421
Andhra pradesh,Nizamabad,2552073,2353692,92.23%,SD423
Andaman & Nicobar Islands,North & Middle Andamans,105539,117377,111.22%,SD425
Delhi,North Delhi,883418,925472,104.76%,SD427
Delhi,North East Delhi,2240749,1953962,87.20%,SD428
Goa,North Goa,817761,763522,93.37%,SD429
Delhi,North West Delhi,3651261,3875073,106.13%,SD432
Maharashtra,Osmanabad,1660311,1200015,72.28%,SD434
Jharkhand,Pakaur,899200,765272,85.11%,SD435
Kerala,Palakkad,2810892,2613694,92.98%,SD436
Jharkhand,Palamu,1936319,1548749,79.98%,SD437
Rajasthan,Pali,2038533,1361857,66.81%,SD438
Haryana,Palwal,1040493,668662,64.26%,SD439
Haryana,Panchkula,558890,464041,83.03%,SD441
Haryana,Panipat,1202811,957935,79.64%,SD442
Madhya Pradesh,Panna,1016028,651778,64.15%,SD443
Jharkhand,Pashchimi Singhbhum,1501619,1231322,82.00%,SD448
Kerala,Pathanamthitta,1195537,1171137,97.96%,SD450
Punjab,Pathankot,0,119013,N.A.,SD451
Punjab,Patiala,1892282,1661720,87.82%,SD452
Tamil Nadu,Perambalur,564511,379889,67.30%,SD454
Gujarat,Porbandar,586062,385760,65.82%,SD459
Andhra pradesh,Prakasam,3392764,3121073,91.99%,SD460
Puducherry,Puducherry,946600,961626,101.59%,SD463
Tamil Nadu,Pudukkottai,1618725,1096115,67.71%,SD464
Maharashtra,Pune,9426959,7090170,75.21%,SD467
Jharkhand,Purbi Singhbhum,2291032,1817400,79.33%,SD469
Odisha,Puri,1697983,1226606,72.24%,SD471
Maharashtra,Raigarh (MH),2635394,2051322,77.84%,SD477
Madhya Pradesh,Raisen,1331699,836206,62.79%,SD479
Gujarat,Rajkot,3799770,2619128,68.93%,SD482
Rajasthan,Rajsamand,1158283,774287,66.85%,SD484
Karnataka,Ramanagar,1082739,776677,71.73%,SD485
Tamil Nadu,Ramanathapuram,1337560,804139,60.12%,SD486
Jharkhand,Ramgarh,949159,798587,84.14%,SD488
Jharkhand,Ranchi,2912022,2390046,82.08%,SD490
Andhra pradesh,Rangareddi (inclg. Hyderabad),9306634,10737998,115.38%,SD491
Madhya Pradesh,Ratlam,1454483,1020392,70.15%,SD492
Maharashtra,Ratnagiri,1612672,1288886,79.92%,SD493
Madhya Pradesh,Rewa,2363744,1448316,61.27%,SD496
Haryana,Rewari,896129,687749,76.75%,SD497
Haryana,Rohtak,1058683,746639,70.53%,SD499
Punjab,Rupnagar,683349,634928,92.91%,SD502
Punjab,S.A.S Nagar(Mohali),986147,762295,77.30%,SD503
Madhya Pradesh,Sagar,2378295,1491319,62.71%,SD505
Jharkhand,Sahibganj,1150038,1007435,87.60%,SD508
Tamil Nadu,Salem,3480008,2399309,68.95%,SD510
Maharashtra,Sangli,2820575,2306334,81.77%,SD514
Punjab,Sangrur,1654408,1441514,87.13%,SD515
Maharashtra,Satara,3003922,2405495,80.08%,SD519
Madhya Pradesh,Satna,2228619,1532325,68.76%,SD520
Madhya Pradesh,Sehore,1311008,807401,61.59%,SD522
Madhya Pradesh,Seoni,1378876,1079907,78.32%,SD524
Jharkhand,Seraikela-kharsawan,1063458,859183,80.79%,SD525
Madhya Pradesh,Shajapur,1512353,1180662,78.07%,SD529
Himachal Pradesh,Shimla,813384,691200,84.98%,SD533
Rajasthan,Sikar,2677737,1729523,64.59%,SD541
Jharkhand,Simdega,599813,525916,87.68%,SD542
Himachal Pradesh,Sirmaur,530164,451763,85.21%,SD545
Rajasthan,Sirohi,1037185,630253,60.77%,SD546
Haryana,Sirsa,1295114,1020823,78.82%,SD547
Himachal Pradesh,Solan,576670,477679,82.83%,SD552
Maharashtra,Solapur,4315527,2746594,63.64%,SD553
Haryana,Sonipat,1480080,1183562,79.97%,SD556
Delhi,South Delhi,2733752,2714651,99.30%,SD561
Goa,South Goa,639962,573974,89.69%,SD563
Delhi,South West Delhi,2292363,2204558,96.17%,SD565
Andhra pradesh,Srikakulam,2699471,2676401,99.15%,SD566
Odisha,Sundargarh,2080664,967595,46.50%,SD569
Punjab,Tarn Taran,1120070,927827,82.84%,SD576
Maharashtra,Thane,11054131,8651392,78.26%,SD579
Tamil Nadu,Thanjavur,2402781,1643431,68.40%,SD580
Tamil Nadu,Theni,1243684,864624,69.52%,SD583
Kerala,Thiruvananthapuram,3307284,2948206,89.14%,SD585
Tamil Nadu,Thiruvarur,1268094,849978,67.03%,SD586
Tamil Nadu,Thoothukkudi,1738376,1090082,62.71%,SD587
Kerala,Thrissur,3110327,2930398,94.22%,SD589
Tamil Nadu,Tiruchirappalli,2713858,1989703,73.32%,SD593
Tamil Nadu,Tirunelveli,3072880,1991164,64.80%,SD594
Rajasthan,Tonk,1421711,842987,59.29%,SD597
Karnataka,Tumkur,2681449,2512167,93.69%,SD599
Rajasthan,Udaipur,3067549,2098151,68.40%,SD600
Karnataka,Udupi,1177908,938920,79.71%,SD604
Madhya Pradesh,Ujjain,1986597,1387833,69.86%,SD605
Himachal Pradesh,Una,521057,536103,102.89%,SD608
Karnataka,Uttara Kannada,1436847,1135609,79.03%,SD613
Gujarat,Valsad,1703068,1218944,71.57%,SD617
Tamil Nadu,Vellore,3928106,2651285,67.50%,SD619
Madhya Pradesh,Vidisha,1458212,912285,62.56%,SD620
Tamil Nadu,Viluppuram,3463284,2197825,63.46%,SD621
Tamil Nadu,Virudhunagar,1943309,1416637,72.90%,SD622
Andhra pradesh,Visakhapatnam,4288113,3888571,90.68%,SD623
Andhra pradesh,Vizianagaram,2342868,2029065,86.61%,SD624
Andhra pradesh,Warangal,3522644,3260868,92.57%,SD625
Maharashtra,Wardha,1296157,1200544,92.62%,SD626
Maharashtra,Washim,1196714,800124,66.86%,SD627
Kerala,Wayanad,816558,767274,93.96%,SD628
Delhi,West Delhi,2531583,2487898,98.27%,SD630
Andhra pradesh,West Godavari,3934782,3649972,92.76%,SD632
Haryana,Yamunanagar,1214162,989430,81.49%,SD640
Puducherry,Yanam,55616,21949,39.47%,SD641
Maharashtra,Yavatmal,2775457,1903039,68.57%,SD642
Total,,620069960,480748452,77.53%
