Gender,Age Band,Aadhaar generated,Enrolment Rejected
F,0 to 5 Years,26569,7636
F,16 to 30 Years,161691,7020
F,31 to 45 Years,134060,5098
F,46 to 65 Years,98970,3733
F,6 to 15 Years,104189,5070
F,66 Years and Above,21950,821
M,0 to 5 Years,26852,6684
M,16 to 30 Years,167471,5705
M,31 to 45 Years,130877,4327
M,46 to 65 Years,99901,3431
M,6 to 15 Years,110242,4861
M,66 Years and Above,23004,813
T,0 to 5 Years,1,0
T,16 to 30 Years,4,2
T,31 to 45 Years,9,1
T,46 to 65 Years,3,0
T,6 to 15 Years,2,0
T,66 Years and Above,0,1
