State,District,Aadhaar generated,Enrolment Rejected
Andaman and Nicobar Islands,Nicobar,21,6
Andaman and Nicobar Islands,North And Middle Andaman,38,9
Andaman and Nicobar Islands,South Andaman,42,23
Andhra Pradesh,Ananthapur,475,136
Andhra Pradesh,Chittoor,409,85
Andhra Pradesh,Cuddapah,395,32
Andhra Pradesh,East Godavari,420,61
Andhra Pradesh,Guntur,320,49
Andhra Pradesh,Krishna,1730,50
Andhra Pradesh,Kurnool,509,64
Andhra Pradesh,Nellore,424,68
Andhra Pradesh,Prakasam,334,48
Andhra Pradesh,Srikakulam,331,41
Andhra Pradesh,Visakhapatnam,889,67
Andhra Pradesh,Vizianagaram,282,47
Andhra Pradesh,West Godavari,373,41
Arunachal Pradesh,Changlang,2,0
Arunachal Pradesh,East Kameng,2,0
Arunachal Pradesh,East Siang,4,1
Arunachal Pradesh,Lohit,609,6
Arunachal Pradesh,Longding,16,1
Arunachal Pradesh,Lower Dibang Valley,2,1
Arunachal Pradesh,Lower Subansiri,440,33
Arunachal Pradesh,Namsai,0,3
Arunachal Pradesh,Papum Pare,34,1
Arunachal Pradesh,Tawang,8,2
Arunachal Pradesh,Tirap,2,0
Arunachal Pradesh,Upper Siang,3,0
Arunachal Pradesh,Upper Subansiri,2,2
Arunachal Pradesh,West Kameng,5,0
Arunachal Pradesh,West Siang,2,0
Assam,Baksa,26,0
Assam,Barpeta,85,5
Assam,Bongaigaon,12,0
Assam,Cachar,55,2
Assam,Chirang,24,0
Assam,Darrang,14,0
Assam,Dhemaji,15,1
Assam,Dhubri,30,1
Assam,Dibrugarh,15,0
Assam,Goalpara,5,0
Assam,Golaghat,15,5
Assam,Hailakandi,18,0
Assam,Jorhat,38,0
Assam,Kamrup,168,1
Assam,Kamrup Metro,18,0
Assam,Karbi Anglong,53,2
Assam,Karimganj,22,1
Assam,Kokrajhar,15,1
Assam,Lakhimpur,31,1
Assam,Marigaon,18,0
Assam,Nagaon,946,7
Assam,Nalbari,15,0
Assam,North Cachar Hills,1,0
Assam,Sibsagar,15,0
Assam,Sonitpur,73,3
Assam,Tinsukia,19,0
Assam,Udalguri,35,0
Bihar,Araria,7251,569
Bihar,Arwal,157,106
Bihar,Aurangabad,2925,274
Bihar,Banka,3787,379
Bihar,Begusarai,2363,515
Bihar,Bhagalpur,3777,634
Bihar,Bhojpur,8247,489
Bihar,Buxar,4091,963
Bihar,Darbhanga,10464,779
Bihar,East Champaran,6939,671
Bihar,Gaya,2071,331
Bihar,Gopalganj,1382,408
Bihar,Jamui,5075,337
Bihar,Jehanabad,374,89
Bihar,Kaimur (Bhabua),3561,334
Bihar,Katihar,3377,416
Bihar,Khagaria,4155,196
Bihar,Kishanganj,1401,24
Bihar,Lakhisarai,959,286
Bihar,Madhepura,12502,695
Bihar,Madhubani,7383,772
Bihar,Munger,389,44
Bihar,Muzaffarpur,1905,437
Bihar,Nalanda,7051,637
Bihar,Nawada,2717,218
Bihar,Patna,6515,1068
Bihar,Purnia,10206,656
Bihar,Rohtas,15464,786
Bihar,Saharsa,2254,491
Bihar,Samastipur,10045,728
Bihar,Saran,1583,273
Bihar,Sheikhpura,147,111
Bihar,Sheohar,735,104
Bihar,Sitamarhi,4271,546
Bihar,Siwan,788,299
Bihar,Supaul,6109,552
Bihar,Vaishali,3896,364
Bihar,West Champaran,16190,792
Chandigarh,Chandigarh,590,49
Chhattisgarh,Balod,3173,256
Chhattisgarh,Baloda Bazar,4760,403
Chhattisgarh,Balrampur,6040,413
Chhattisgarh,Bastar,11084,602
Chhattisgarh,Bemetara,579,168
Chhattisgarh,Bijapur,238,38
Chhattisgarh,Bilaspur,2029,421
Chhattisgarh,Dakshin Bastar Dantewada,220,38
Chhattisgarh,Dantewada,170,30
Chhattisgarh,Dhamtari,1164,292
Chhattisgarh,Durg,1592,153
Chhattisgarh,Gariyaband,918,118
Chhattisgarh,Janjgir-champa,6018,614
Chhattisgarh,Jashpur,10854,1101
Chhattisgarh,Kabeerdham,167,63
Chhattisgarh,Kanker,1030,121
Chhattisgarh,Kawardha,425,100
Chhattisgarh,Kondagaon,317,120
Chhattisgarh,Korba,2231,267
Chhattisgarh,Koriya,870,235
Chhattisgarh,Mahasamund,565,138
Chhattisgarh,Mungeli,1321,344
Chhattisgarh,Narayanpur,145,71
Chhattisgarh,Raigarh,1393,263
Chhattisgarh,Raipur,1162,286
Chhattisgarh,Rajnandgaon,2160,174
Chhattisgarh,Sukma,2013,70
Chhattisgarh,Surajpur,9887,770
Chhattisgarh,Surguja,4276,515
Chhattisgarh,Uttar Bastar Kanker,669,81
Dadra and Nagar Haveli,Dadra and Nagar Haveli,38,16
Daman and Diu,Daman,31,6
Daman and Diu,Diu,30,3
Delhi,Central Delhi,323,57
Delhi,East Delhi,859,224
Delhi,New Delhi,37,10
Delhi,North Delhi,447,41
Delhi,North East Delhi,1991,431
Delhi,North West Delhi,1876,471
Delhi,South Delhi,1242,250
Delhi,South West Delhi,662,253
Delhi,West Delhi,600,270
Goa,North Goa,34,11
Goa,South Goa,74,9
Gujarat,Ahmedabad,1358,389
Gujarat,Amreli,760,178
Gujarat,Anand,2277,103
Gujarat,Banaskantha,1378,62
Gujarat,Bharuch,576,104
Gujarat,Bhavnagar,1522,487
Gujarat,Dahod,1137,175
Gujarat,Gandhinagar,392,39
Gujarat,Jamnagar,300,14
Gujarat,Junagadh,394,65
Gujarat,Kachchh,301,28
Gujarat,Kheda,1894,206
Gujarat,Mahesana,1436,71
Gujarat,Narmada,73,24
Gujarat,Navsari,18,29
Gujarat,Panchmahals,857,152
Gujarat,Patan,647,83
Gujarat,Porbandar,372,46
Gujarat,Rajkot,753,120
Gujarat,Sabarkantha,812,127
Gujarat,Surat,1424,254
Gujarat,Surendra Nagar,813,64
Gujarat,Tapi,156,27
Gujarat,The Dangs,97,10
Gujarat,Vadodara,1003,134
Gujarat,Valsad,355,61
Haryana,Ambala,1487,341
Haryana,Bhiwani,2150,388
Haryana,Faridabad,1845,402
Haryana,Fatehabad,1760,249
Haryana,Gurgaon,1256,200
Haryana,Hisar,4321,418
Haryana,Jhajjar,1814,274
Haryana,Jind,1981,335
Haryana,Kaithal,1814,325
Haryana,Karnal,1476,211
Haryana,Kurukshetra,981,122
Haryana,Mahendragarh,1713,265
Haryana,Mewat,3765,512
Haryana,Palwal,2299,759
Haryana,Panchkula,741,109
Haryana,Panipat,1331,308
Haryana,Rewari,2154,377
Haryana,Rohtak,3272,452
Haryana,Sirsa,2379,518
Haryana,Sonipat,1905,398
Haryana,Yamuna Nagar,2380,257
Himachal Pradesh,Bilaspur,30,4
Himachal Pradesh,Chamba,20,15
Himachal Pradesh,Hamirpur,51,12
Himachal Pradesh,Kangra,400,50
Himachal Pradesh,Kinnaur,13,5
Himachal Pradesh,Kullu,243,39
Himachal Pradesh,Lahul and Spiti,1,0
Himachal Pradesh,Mandi,108,27
Himachal Pradesh,Shimla,64,29
Himachal Pradesh,Sirmaur,57,17
Himachal Pradesh,Solan,39,23
Himachal Pradesh,Una,71,13
Jammu and Kashmir,Anantnag,50,59
Jammu and Kashmir,Badgam,1,1
Jammu and Kashmir,Bandipore,7,3
Jammu and Kashmir,Baramula,149,46
Jammu and Kashmir,Doda,93,18
Jammu and Kashmir,Ganderbal,2,0
Jammu and Kashmir,Jammu,1006,576
Jammu and Kashmir,Kargil,3,0
Jammu and Kashmir,Kathua,61,27
Jammu and Kashmir,Kishtwar,64,4
Jammu and Kashmir,Kulgam,29,7
Jammu and Kashmir,Kupwara,25,1
Jammu and Kashmir,Leh,4,1
Jammu and Kashmir,Pulwama,10,1
Jammu and Kashmir,Punch,23,7
Jammu and Kashmir,Rajouri,131,18
Jammu and Kashmir,Ramban,71,4
Jammu and Kashmir,Reasi,45,12
Jammu and Kashmir,Samba,90,9
Jammu and Kashmir,Shupiyan,1,3
Jammu and Kashmir,Srinagar,734,66
Jammu and Kashmir,Udhampur,48,108
Jharkhand,Bokaro,275,82
Jharkhand,Chatra,332,265
Jharkhand,Deoghar,330,271
Jharkhand,Dhanbad,360,239
Jharkhand,Dumka,215,255
Jharkhand,East Singhbhum,317,122
Jharkhand,Garhwa,181,131
Jharkhand,Giridih,521,403
Jharkhand,Godda,402,228
Jharkhand,Gumla,151,78
Jharkhand,Hazaribagh,427,106
Jharkhand,Jamtara,93,103
Jharkhand,Khunti,39,40
Jharkhand,Koderma,252,150
Jharkhand,Latehar,109,124
Jharkhand,Lohardaga,75,12
Jharkhand,Pakur,130,132
Jharkhand,Palamu,252,313
Jharkhand,Ramgarh,127,36
Jharkhand,Ranchi,464,86
Jharkhand,Sahebganj,236,253
Jharkhand,Seraikela-Kharsawan,237,75
Jharkhand,Simdega,187,97
Jharkhand,West Singhbhum,177,175
Karnataka,Bagalkot,235,103
Karnataka,Ballari,1554,116
Karnataka,Bangalore Rural,573,62
Karnataka,Belagavi,842,259
Karnataka,Bengaluru,3246,401
Karnataka,Bidar,472,180
Karnataka,Chamrajanagar,536,114
Karnataka,Chikkaballapur,1059,216
Karnataka,Chikkamagaluru,670,71
Karnataka,Chitradurga,740,225
Karnataka,Dakshina Kannada,746,89
Karnataka,Davangere,481,96
Karnataka,Dharwad,346,157
Karnataka,Gadag,241,41
Karnataka,Hassan,649,139
Karnataka,Haveri,853,254
Karnataka,Kalaburagi,787,167
Karnataka,Kodagu,194,33
Karnataka,Kolar,840,219
Karnataka,Koppal,434,65
Karnataka,Mandya,1449,216
Karnataka,Mysuru,180,66
Karnataka,Raichur,1378,233
Karnataka,Ramanagar,769,58
Karnataka,Shivamogga,531,77
Karnataka,Tumakuru,474,209
Karnataka,Udupi,303,28
Karnataka,Uttara Kannada,779,121
Karnataka,Vijayapura,378,94
Karnataka,Yadgir,826,234
Kerala,Alappuzha,282,66
Kerala,Ernakulam,545,45
Kerala,Idukki,172,19
Kerala,Kannur,770,30
Kerala,Kasaragod,637,29
Kerala,Kollam,670,78
Kerala,Kottayam,244,27
Kerala,Kozhikode,1004,30
Kerala,Malappuram,1665,43
Kerala,Palakkad,491,63
Kerala,Pathanamthitta,245,14
Kerala,Thiruvananthapuram,407,79
Kerala,Thrissur,342,32
Kerala,Wayanad,28,14
Madhya Pradesh,Alirajpur,757,53
Madhya Pradesh,Anuppur,728,166
Madhya Pradesh,Ashok Nagar,728,147
Madhya Pradesh,Balaghat,946,428
Madhya Pradesh,Barwani,2970,437
Madhya Pradesh,Betul,662,151
Madhya Pradesh,Bhind,748,240
Madhya Pradesh,Bhopal,1163,584
Madhya Pradesh,Burhanpur,201,30
Madhya Pradesh,Chhatarpur,1749,332
Madhya Pradesh,Chhindwara,609,143
Madhya Pradesh,Damoh,845,175
Madhya Pradesh,Datia,429,50
Madhya Pradesh,Dewas,1159,185
Madhya Pradesh,Dhar,1940,166
Madhya Pradesh,Dindori,226,138
Madhya Pradesh,Guna,1170,436
Madhya Pradesh,Gwalior,819,232
Madhya Pradesh,Harda,29,5
Madhya Pradesh,Hoshangabad,128,26
Madhya Pradesh,Indore,1028,193
Madhya Pradesh,Jabalpur,562,208
Madhya Pradesh,Jhabua,1915,96
Madhya Pradesh,Katni,723,282
Madhya Pradesh,Khandwa,348,179
Madhya Pradesh,Khargone,2841,110
Madhya Pradesh,Mandla,737,270
Madhya Pradesh,Mandsaur,451,106
Madhya Pradesh,Morena,4030,544
Madhya Pradesh,Narsinghpur,383,149
Madhya Pradesh,Neemuch,481,165
Madhya Pradesh,Panna,311,81
Madhya Pradesh,Raisen,717,160
Madhya Pradesh,Rajgarh,3176,418
Madhya Pradesh,Ratlam,1210,261
Madhya Pradesh,Rewa,1114,240
Madhya Pradesh,Sagar,1167,258
Madhya Pradesh,Satna,1306,355
Madhya Pradesh,Sehore,444,89
Madhya Pradesh,Seoni,617,172
Madhya Pradesh,Shahdol,562,198
Madhya Pradesh,Shajapur,800,186
Madhya Pradesh,Sheopur,1341,173
Madhya Pradesh,Shivpuri,2814,341
Madhya Pradesh,Sidhi,2276,295
Madhya Pradesh,Singrauli,2595,522
Madhya Pradesh,Tikamgarh,2473,167
Madhya Pradesh,Ujjain,698,169
Madhya Pradesh,Umaria,461,121
Madhya Pradesh,Vidisha,1168,297
Maharashtra,Ahmadnagar,1074,235
Maharashtra,Akola,637,178
Maharashtra,Amravati,941,195
Maharashtra,Aurangabad,2250,289
Maharashtra,Beed,2111,250
Maharashtra,Bhandara,375,197
Maharashtra,Buldhana,1069,214
Maharashtra,Chandrapur,1044,311
Maharashtra,Dhule,510,212
Maharashtra,Gadchiroli,426,105
Maharashtra,Gondiya,341,120
Maharashtra,Hingoli,837,198
Maharashtra,Jalgaon,1155,202
Maharashtra,Jalna,1261,289
Maharashtra,Kolhapur,2258,267
Maharashtra,Latur,1890,262
Maharashtra,Mumbai,1755,247
Maharashtra,Nagpur,807,349
Maharashtra,Nanded,1488,357
Maharashtra,Nandurbar,360,108
Maharashtra,Nashik,1228,272
Maharashtra,Osmanabad,1785,275
Maharashtra,Palghar,651,131
Maharashtra,Parbhani,3198,484
Maharashtra,Pune,3564,549
Maharashtra,Raigarh,1597,101
Maharashtra,Ratnagiri,1867,117
Maharashtra,Sangli,1445,256
Maharashtra,Satara,2319,171
Maharashtra,Sindhudurg,591,61
Maharashtra,Solapur,4689,543
Maharashtra,Thane,1844,216
Maharashtra,Wardha,271,93
Maharashtra,Washim,1287,187
Maharashtra,Yavatmal,584,199
Manipur,Bishnupur,115,1
Manipur,Chandel,10,15
Manipur,Churachandpur,62,54
Manipur,Imphal East,277,64
Manipur,Imphal West,126,35
Manipur,Senapati,50,5
Manipur,Tamenglong,9,5
Manipur,Thoubal,84,14
Manipur,Ukhrul,11,0
Meghalaya,East Garo Hills,1,0
Meghalaya,East Khasi Hills,13,3
Meghalaya,West Garo Hills,7,0
Mizoram,Aizawl,17,0
Mizoram,Champhai,5,0
Mizoram,Kolasib,3,0
Mizoram,Lunglei,6,0
Mizoram,Mammit,1,0
Mizoram,Serchhip,2,0
Nagaland,Dimapur,134,30
Nagaland,Kiphire,33,49
Nagaland,Kohima,119,5
Nagaland,Longleng,11,6
Nagaland,Mokokchung,19,1
Nagaland,Mon,5,5
Nagaland,Peren,105,22
Nagaland,Phek,38,1
Nagaland,Tuensang,16,13
Nagaland,Wokha,138,3
Nagaland,Zunheboto,78,0
Odisha,Angul,11,2
Odisha,Balangir,73,168
Odisha,Baleswar,326,30
Odisha,Bargarh,4358,131
Odisha,Bhadrak,225,18
Odisha,Boudh,2,4
Odisha,Cuttack,103,86
Odisha,Debagarh,3,0
Odisha,Dhenkanal,69,21
Odisha,Gajapati,3,2
Odisha,Ganjam,102,37
Odisha,Jagatsinghapur,19,7
Odisha,Jajapur,48,269
Odisha,Jharsuguda,4,0
Odisha,Kalahandi,10,11
Odisha,Kandhamal,4,0
Odisha,Kendrapara,19,8
Odisha,Kendujhar,51,49
Odisha,Khorda,52,88
Odisha,Koraput,144,109
Odisha,Malkangiri,2078,43
Odisha,Mayurbhanj,862,50
Odisha,Nabarangapur,70,60
Odisha,Nayagarh,187,22
Odisha,Nuapada,4,2
Odisha,Puri,7,5
Odisha,Rayagada,10,3
Odisha,Sambalpur,8,15
Odisha,Sonapur,1,1
Odisha,Sundergarh,22,4
Others,Others,21,2
Puducherry,Karaikal,164,11
Puducherry,Puducherry,59,12
Punjab,Amritsar,767,346
Punjab,Barnala,164,58
Punjab,Bathinda,738,241
Punjab,Faridkot,219,57
Punjab,Fatehgarh Sahib,355,139
Punjab,Fazilka,647,137
Punjab,Ferozepur,425,95
Punjab,Gurdaspur,451,143
Punjab,Hoshiarpur,925,107
Punjab,Jalandhar,754,179
Punjab,Kapurthala,364,59
Punjab,Ludhiana,2986,433
Punjab,Mansa,749,66
Punjab,Moga,492,83
Punjab,Pathankot,197,68
Punjab,Patiala,811,218
Punjab,Rupnagar,261,40
Punjab,SAS Nagar (Mohali),641,143
Punjab,Sangrur,844,152
Punjab,Shaheed Bhagat Singh Nagar,215,44
Punjab,Sri Muktsar Sahib,324,82
Punjab,Tarn Taran,350,169
Rajasthan,Ajmer,1332,347
Rajasthan,Alwar,1510,368
Rajasthan,Banswara,1732,412
Rajasthan,Baran,1744,325
Rajasthan,Barmer,3404,438
Rajasthan,Bharatpur,2722,536
Rajasthan,Bhilwara,1929,450
Rajasthan,Bikaner,2013,585
Rajasthan,Bundi,2394,398
Rajasthan,Chittorgarh,1749,348
Rajasthan,Churu,1012,246
Rajasthan,Dausa,866,290
Rajasthan,Dholpur,1645,436
Rajasthan,Dungarpur,1714,297
Rajasthan,Ganganagar,2053,409
Rajasthan,Hanumangarh,3412,389
Rajasthan,Jaipur,3841,945
Rajasthan,Jaisalmer,1378,190
Rajasthan,Jalor,1507,369
Rajasthan,Jhalawar,2068,406
Rajasthan,Jhunjhunun,774,113
Rajasthan,Jodhpur,2484,713
Rajasthan,Karauli,3378,290
Rajasthan,Kota,954,211
Rajasthan,Nagaur,3128,750
Rajasthan,Pali,1088,370
Rajasthan,Pratapgarh,1952,348
Rajasthan,Rajsamand,897,219
Rajasthan,Sawai Madhopur,2516,288
Rajasthan,Sikar,1509,403
Rajasthan,Sirohi,931,273
Rajasthan,Tonk,783,160
Rajasthan,Udaipur,2547,532
Sikkim,East Sikkim,9,8
Sikkim,South Sikkim,4,2
Sikkim,West Sikkim,27,11
Tamil Nadu,Ariyalur,292,5
Tamil Nadu,Chennai,1647,198
Tamil Nadu,Coimbatore,385,115
Tamil Nadu,Cuddalore,625,71
Tamil Nadu,Dharmapuri,3487,35
Tamil Nadu,Dindigul,2976,67
Tamil Nadu,Erode,938,86
Tamil Nadu,Kancheepuram,3893,183
Tamil Nadu,Kanniyakumari,764,11
Tamil Nadu,Karur,67,112
Tamil Nadu,Krishnagiri,1398,70
Tamil Nadu,Madurai,1126,65
Tamil Nadu,Nagapattinam,944,60
Tamil Nadu,Namakkal,68,55
Tamil Nadu,Perambalur,5,4
Tamil Nadu,Pudukkottai,2958,12
Tamil Nadu,Ramanathapuram,14,5
Tamil Nadu,Salem,1664,93
Tamil Nadu,Sivaganga,21,0
Tamil Nadu,Thanjavur,1360,214
Tamil Nadu,The Nilgiris,435,122
Tamil Nadu,Theni,22,18
Tamil Nadu,Thiruvarur,16,1
Tamil Nadu,Thoothukkudi,942,70
Tamil Nadu,Tiruchirappalli,2180,38
Tamil Nadu,Tirunelveli,2126,82
Tamil Nadu,Tiruppur,132,101
Tamil Nadu,Tiruvallur,1336,359
Tamil Nadu,Tiruvannamalai,107,52
Tamil Nadu,Vellore,644,288
Tamil Nadu,Villupuram,121,40
Tamil Nadu,Virudhunagar,303,1
Telangana,Adilabad,284,31
Telangana,Hyderabad,930,138
Telangana,K.v. Rangareddy,819,174
Telangana,Karimnagar,456,55
Telangana,Khammam,253,29
Telangana,Mahabubnagar,677,94
Telangana,Medak,483,91
Telangana,Nalgonda,981,76
Telangana,Nizamabad,368,64
Telangana,Warangal,425,35
Tripura,Dhalai,445,21
Tripura,Gomati,191,23
Tripura,Khowai,275,9
Tripura,North Tripura,216,46
Tripura,Sepahijala,173,44
Tripura,South Tripura,192,92
Tripura,Unakoti,343,31
Tripura,West Tripura,399,75
Uttar Pradesh,Agra,3860,722
Uttar Pradesh,Aligarh,3048,1331
Uttar Pradesh,Allahabad,4771,771
Uttar Pradesh,Ambedkar Nagar,1658,380
Uttar Pradesh,Amethi,2245,437
Uttar Pradesh,Amroha,857,451
Uttar Pradesh,Auraiya,907,533
Uttar Pradesh,Azamgarh,11272,946
Uttar Pradesh,Baghpat,2303,263
Uttar Pradesh,Bahraich,19991,1404
Uttar Pradesh,Ballia,2165,429
Uttar Pradesh,Balrampur,6574,652
Uttar Pradesh,Banda,2065,262
Uttar Pradesh,Bara Banki,1323,535
Uttar Pradesh,Bareilly,1932,3369
Uttar Pradesh,Basti,3522,452
Uttar Pradesh,Bijnor,3415,762
Uttar Pradesh,Budaun,2775,981
Uttar Pradesh,Bulandshahr,7270,897
Uttar Pradesh,Chandauli,5266,415
Uttar Pradesh,Chitrakoot,636,160
Uttar Pradesh,Deoria,2418,512
Uttar Pradesh,Etah,1248,409
Uttar Pradesh,Etawah,1214,277
Uttar Pradesh,Faizabad,3076,684
Uttar Pradesh,Farrukhabad,2102,503
Uttar Pradesh,Fatehpur,6259,902
Uttar Pradesh,Firozabad,3749,495
Uttar Pradesh,Gautam Buddha Nagar,1973,556
Uttar Pradesh,Ghaziabad,3586,1371
Uttar Pradesh,Ghazipur,3266,573
Uttar Pradesh,Gonda,3193,917
Uttar Pradesh,Gorakhpur,4110,882
Uttar Pradesh,Hamirpur,4199,191
Uttar Pradesh,Hapur,1183,320
Uttar Pradesh,Hardoi,10842,1263
Uttar Pradesh,Hathras,1233,401
Uttar Pradesh,Jalaun,8146,613
Uttar Pradesh,Jaunpur,3603,639
Uttar Pradesh,Jhansi,5028,734
Uttar Pradesh,Kannauj,2081,257
Uttar Pradesh,Kanpur Dehat,1404,408
Uttar Pradesh,Kanpur Nagar,3981,1061
Uttar Pradesh,Kasganj,1121,489
Uttar Pradesh,Kaushambi,1707,333
Uttar Pradesh,Kheri,9161,1454
Uttar Pradesh,Kushinagar,3389,531
Uttar Pradesh,Lalitpur,4864,316
Uttar Pradesh,Lucknow,2871,922
Uttar Pradesh,Maharajganj,1625,498
Uttar Pradesh,Mahoba,4675,252
Uttar Pradesh,Mainpuri,2287,629
Uttar Pradesh,Mathura,3854,535
Uttar Pradesh,Mau,1882,196
Uttar Pradesh,Meerut,3624,1027
Uttar Pradesh,Mirzapur,3111,635
Uttar Pradesh,Moradabad,3389,708
Uttar Pradesh,Muzaffarnagar,3295,573
Uttar Pradesh,Pilibhit,1177,1544
Uttar Pradesh,Pratapgarh,2004,655
Uttar Pradesh,Rae Bareli,1299,455
Uttar Pradesh,Rampur,1243,553
Uttar Pradesh,Saharanpur,3122,1259
Uttar Pradesh,Sambhal,4468,695
Uttar Pradesh,Sant Kabir Nagar,996,342
Uttar Pradesh,Sant Ravidas Nagar,576,383
Uttar Pradesh,Shahjahanpur,6691,1433
Uttar Pradesh,Shamli,1119,224
Uttar Pradesh,Shrawasti,960,244
Uttar Pradesh,Siddharthnagar,9057,846
Uttar Pradesh,Sitapur,7353,1498
Uttar Pradesh,Sonbhadra,9041,489
Uttar Pradesh,Sultanpur,1153,245
Uttar Pradesh,Unnao,2378,734
Uttar Pradesh,Varanasi,2741,659
Uttarakhand,Almora,2946,202
Uttarakhand,Bageshwar,745,51
Uttarakhand,Chamoli,834,31
Uttarakhand,Champawat,69,10
Uttarakhand,Dehradun,897,192
Uttarakhand,Haridwar,2373,829
Uttarakhand,Nainital,2525,139
Uttarakhand,Pauri Garhwal,2269,517
Uttarakhand,Pithoragarh,1212,81
Uttarakhand,Rudraprayag,1894,29
Uttarakhand,Tehri Garhwal,1000,115
Uttarakhand,Udham Singh Nagar,1086,391
Uttarakhand,Uttarkashi,1507,67
West Bengal,Bankura,104,23
West Bengal,Barddhaman,1221,241
West Bengal,Birbhum,110,34
West Bengal,Cooch Behar,2562,95
West Bengal,Dakshin Dinajpur,2308,52
West Bengal,Darjeeling,1201,53
West Bengal,Hooghly,2435,73
West Bengal,Howrah,144,90
West Bengal,Jalpaiguri,1648,115
West Bengal,Kolkata,1286,35
West Bengal,Malda,173,35
West Bengal,Murshidabad,5019,181
West Bengal,Nadia,7769,105
West Bengal,North 24 Parganas,1597,424
West Bengal,Paschim Medinipur,535,537
West Bengal,Purba Medinipur,3519,1127
West Bengal,Puruliya,1296,508
West Bengal,South 24 Parganas,3889,682
West Bengal,Uttar Dinajpur,109,47
