State,District,Aadhaar generated,Enrolment Rejected
Andaman and Nicobar Islands,Nicobar,20,1
Andaman and Nicobar Islands,North And Middle Andaman,263,37
Andaman and Nicobar Islands,South Andaman,72,11
Andhra Pradesh,Ananthapur,462,85
Andhra Pradesh,Chittoor,342,41
Andhra Pradesh,Cuddapah,482,60
Andhra Pradesh,East Godavari,559,44
Andhra Pradesh,Guntur,477,61
Andhra Pradesh,Krishna,1364,35
Andhra Pradesh,Kurnool,538,59
Andhra Pradesh,Nellore,460,91
Andhra Pradesh,Prakasam,324,42
Andhra Pradesh,Srikakulam,353,23
Andhra Pradesh,Visakhapatnam,867,118
Andhra Pradesh,Vizianagaram,304,39
Andhra Pradesh,West Godavari,618,49
Arunachal Pradesh,Anjaw,4,0
Arunachal Pradesh,Changlang,4,0
Arunachal Pradesh,Dibang Valley,2,0
Arunachal Pradesh,East Siang,186,0
Arunachal Pradesh,Lohit,27,1
Arunachal Pradesh,Longding,30,1
Arunachal Pradesh,Lower Dibang Valley,41,0
Arunachal Pradesh,Lower Subansiri,113,1
Arunachal Pradesh,Namsai,183,3
Arunachal Pradesh,Papum Pare,2724,11
Arunachal Pradesh,Siang,1,0
Arunachal Pradesh,Tawang,25,10
Arunachal Pradesh,Tirap,40,5
Arunachal Pradesh,Upper Siang,12,2
Arunachal Pradesh,Upper Subansiri,43,5
Arunachal Pradesh,West Kameng,40,1
Arunachal Pradesh,West Siang,6,0
Assam,Baksa,25,0
Assam,Barpeta,49,1
Assam,Bongaigaon,14,1
Assam,Cachar,135,1
Assam,Chirang,18,0
Assam,Darrang,5,0
Assam,Dhemaji,28,0
Assam,Dhubri,26,0
Assam,Dibrugarh,15,0
Assam,Goalpara,19,0
Assam,Golaghat,1348,3
Assam,Hailakandi,22,1
Assam,Jorhat,97,3
Assam,Kamrup,45,1
Assam,Kamrup Metro,5,0
Assam,Karbi Anglong,21,0
Assam,Karimganj,20,1
Assam,Kokrajhar,17,0
Assam,Lakhimpur,23,1
Assam,Marigaon,15,0
Assam,Nagaon,1115,2
Assam,Nalbari,7,0
Assam,North Cachar Hills,23,0
Assam,Sibsagar,6,0
Assam,Sonitpur,48,0
Assam,Tinsukia,62,0
Assam,Udalguri,32,0
Bihar,Araria,13818,851
Bihar,Arwal,482,89
Bihar,Aurangabad,3451,222
Bihar,Banka,5172,392
Bihar,Begusarai,7734,334
Bihar,Bhagalpur,6372,216
Bihar,Bhojpur,10279,218
Bihar,Buxar,3262,189
Bihar,Darbhanga,24076,999
Bihar,East Champaran,7858,247
Bihar,Gaya,3429,164
Bihar,Gopalganj,2674,218
Bihar,Jamui,4541,357
Bihar,Jehanabad,1446,35
Bihar,Kaimur (Bhabua),2947,187
Bihar,Katihar,7236,367
Bihar,Khagaria,6898,176
Bihar,Kishanganj,1607,46
Bihar,Lakhisarai,1146,90
Bihar,Madhepura,11162,403
Bihar,Madhubani,7954,405
Bihar,Munger,565,84
Bihar,Muzaffarpur,5311,312
Bihar,Nalanda,6564,444
Bihar,Nawada,4217,207
Bihar,Patna,6161,499
Bihar,Purnia,12695,509
Bihar,Rohtas,7501,413
Bihar,Saharsa,2781,167
Bihar,Samastipur,10718,515
Bihar,Saran,3619,176
Bihar,Sheikhpura,145,193
Bihar,Sheohar,740,124
Bihar,Sitamarhi,3863,116
Bihar,Siwan,6280,677
Bihar,Supaul,6149,348
Bihar,Vaishali,2667,179
Bihar,West Champaran,7984,638
Chandigarh,Chandigarh,505,29
Chhattisgarh,Balod,2998,142
Chhattisgarh,Baloda Bazar,7651,196
Chhattisgarh,Balrampur,3928,271
Chhattisgarh,Bastar,10136,201
Chhattisgarh,Bemetara,833,69
Chhattisgarh,Bijapur,822,34
Chhattisgarh,Bilaspur,2377,264
Chhattisgarh,Dakshin Bastar Dantewada,1005,54
Chhattisgarh,Dantewada,141,21
Chhattisgarh,Dhamtari,872,85
Chhattisgarh,Durg,3110,98
Chhattisgarh,Gariyaband,933,28
Chhattisgarh,Janjgir-champa,4141,160
Chhattisgarh,Jashpur,10794,557
Chhattisgarh,Kabeerdham,641,31
Chhattisgarh,Kanker,1570,90
Chhattisgarh,Kawardha,1376,43
Chhattisgarh,Kondagaon,358,33
Chhattisgarh,Korba,3202,398
Chhattisgarh,Koriya,769,95
Chhattisgarh,Mahasamund,946,65
Chhattisgarh,Mungeli,5862,381
Chhattisgarh,Narayanpur,448,44
Chhattisgarh,Raigarh,2129,87
Chhattisgarh,Raipur,3928,132
Chhattisgarh,Rajnandgaon,1227,112
Chhattisgarh,Sukma,456,68
Chhattisgarh,Surajpur,4494,530
Chhattisgarh,Surguja,3494,139
Chhattisgarh,Uttar Bastar Kanker,629,51
Dadra and Nagar Haveli,Dadra and Nagar Haveli,69,9
Daman and Diu,Daman,14,2
Daman and Diu,Diu,1,0
Delhi,Central Delhi,444,27
Delhi,East Delhi,604,156
Delhi,New Delhi,40,3
Delhi,North Delhi,252,45
Delhi,North East Delhi,1126,204
Delhi,North West Delhi,1656,299
Delhi,South Delhi,1333,175
Delhi,South West Delhi,657,136
Delhi,West Delhi,833,138
Goa,North Goa,83,6
Goa,South Goa,46,7
Gujarat,Ahmedabad,3322,244
Gujarat,Amreli,699,48
Gujarat,Anand,767,96
Gujarat,Banaskantha,2415,160
Gujarat,Bharuch,1626,146
Gujarat,Bhavnagar,494,145
Gujarat,Dahod,2025,141
Gujarat,Gandhinagar,968,33
Gujarat,Jamnagar,1323,47
Gujarat,Junagadh,384,70
Gujarat,Kachchh,838,44
Gujarat,Kheda,4929,185
Gujarat,Mahesana,1709,74
Gujarat,Narmada,143,46
Gujarat,Navsari,278,24
Gujarat,Panchmahals,2028,96
Gujarat,Patan,1425,102
Gujarat,Porbandar,2922,45
Gujarat,Rajkot,2882,208
Gujarat,Sabarkantha,2416,127
Gujarat,Surat,2256,199
Gujarat,Surendra Nagar,1967,131
Gujarat,Tapi,714,30
Gujarat,The Dangs,149,17
Gujarat,Vadodara,3192,213
Gujarat,Valsad,484,35
Haryana,Ambala,1027,71
Haryana,Bhiwani,1927,252
Haryana,Faridabad,1818,283
Haryana,Fatehabad,2102,168
Haryana,Gurgaon,1346,142
Haryana,Hisar,2106,211
Haryana,Jhajjar,1855,221
Haryana,Jind,1097,197
Haryana,Kaithal,1187,181
Haryana,Karnal,1257,225
Haryana,Kurukshetra,461,92
Haryana,Mahendragarh,1525,106
Haryana,Mewat,2474,197
Haryana,Palwal,2293,390
Haryana,Panchkula,1560,154
Haryana,Panipat,1136,140
Haryana,Rewari,685,66
Haryana,Rohtak,2226,149
Haryana,Sirsa,1267,168
Haryana,Sonipat,1715,265
Haryana,Yamuna Nagar,1695,241
Himachal Pradesh,Bilaspur,9,2
Himachal Pradesh,Chamba,98,10
Himachal Pradesh,Hamirpur,18,1
Himachal Pradesh,Kangra,384,28
Himachal Pradesh,Kinnaur,257,3
Himachal Pradesh,Kullu,124,10
Himachal Pradesh,Lahul and Spiti,14,0
Himachal Pradesh,Mandi,58,15
Himachal Pradesh,Shimla,201,7
Himachal Pradesh,Sirmaur,149,6
Himachal Pradesh,Solan,48,3
Himachal Pradesh,Una,46,7
Jammu and Kashmir,Anantnag,667,29
Jammu and Kashmir,Badgam,1442,32
Jammu and Kashmir,Bandipore,20,42
Jammu and Kashmir,Baramula,259,10
Jammu and Kashmir,Doda,19,2
Jammu and Kashmir,Ganderbal,15,2
Jammu and Kashmir,Jammu,275,38
Jammu and Kashmir,Kargil,2,2
Jammu and Kashmir,Kathua,235,5
Jammu and Kashmir,Kishtwar,12,0
Jammu and Kashmir,Kulgam,993,2
Jammu and Kashmir,Kupwara,315,2
Jammu and Kashmir,Leh,8,1
Jammu and Kashmir,Pulwama,23,8
Jammu and Kashmir,Punch,4473,3
Jammu and Kashmir,Rajouri,317,11
Jammu and Kashmir,Ramban,62,4
Jammu and Kashmir,Reasi,15,34
Jammu and Kashmir,Samba,17,4
Jammu and Kashmir,Shupiyan,4,1
Jammu and Kashmir,Srinagar,4491,398
Jammu and Kashmir,Udhampur,296,5
Jharkhand,Bokaro,536,51
Jharkhand,Chatra,572,106
Jharkhand,Deoghar,663,81
Jharkhand,Dhanbad,798,93
Jharkhand,Dumka,479,95
Jharkhand,East Singhbhum,565,70
Jharkhand,Garhwa,416,27
Jharkhand,Giridih,1200,105
Jharkhand,Godda,996,93
Jharkhand,Gumla,542,22
Jharkhand,Hazaribagh,435,43
Jharkhand,Jamtara,226,20
Jharkhand,Khunti,153,18
Jharkhand,Koderma,221,23
Jharkhand,Latehar,259,52
Jharkhand,Lohardaga,108,14
Jharkhand,Pakur,202,20
Jharkhand,Palamu,588,92
Jharkhand,Ramgarh,103,8
Jharkhand,Ranchi,742,51
Jharkhand,Sahebganj,523,97
Jharkhand,Seraikela-Kharsawan,195,24
Jharkhand,Simdega,157,22
Jharkhand,West Singhbhum,816,81
Karnataka,Bagalkot,256,115
Karnataka,Ballari,745,131
Karnataka,Bangalore Rural,320,56
Karnataka,Belagavi,747,129
Karnataka,Bengaluru,2037,286
Karnataka,Bidar,288,75
Karnataka,Chamrajanagar,138,53
Karnataka,Chikkaballapur,659,154
Karnataka,Chikkamagaluru,170,17
Karnataka,Chitradurga,579,100
Karnataka,Dakshina Kannada,536,52
Karnataka,Davangere,534,43
Karnataka,Dharwad,231,108
Karnataka,Gadag,138,49
Karnataka,Hassan,495,100
Karnataka,Haveri,150,71
Karnataka,Kalaburagi,470,96
Karnataka,Kodagu,89,14
Karnataka,Kolar,344,149
Karnataka,Koppal,127,105
Karnataka,Mandya,515,58
Karnataka,Mysuru,260,94
Karnataka,Raichur,602,132
Karnataka,Ramanagar,292,54
Karnataka,Shivamogga,628,14
Karnataka,Tumakuru,263,75
Karnataka,Udupi,307,32
Karnataka,Uttara Kannada,140,30
Karnataka,Vijayapura,967,44
Karnataka,Yadgir,1505,160
Kerala,Alappuzha,413,15
Kerala,Ernakulam,565,27
Kerala,Idukki,204,42
Kerala,Kannur,443,33
Kerala,Kasaragod,362,18
Kerala,Kollam,825,114
Kerala,Kottayam,253,12
Kerala,Kozhikode,629,32
Kerala,Malappuram,1652,34
Kerala,Palakkad,675,39
Kerala,Pathanamthitta,276,13
Kerala,Thiruvananthapuram,777,55
Kerala,Thrissur,664,44
Kerala,Wayanad,125,16
Lakshadweep,Lakshadweep,30,0
Madhya Pradesh,Alirajpur,487,28
Madhya Pradesh,Anuppur,505,100
Madhya Pradesh,Ashok Nagar,1668,84
Madhya Pradesh,Balaghat,2296,244
Madhya Pradesh,Barwani,1368,183
Madhya Pradesh,Betul,735,101
Madhya Pradesh,Bhind,2082,85
Madhya Pradesh,Bhopal,1843,478
Madhya Pradesh,Burhanpur,47,8
Madhya Pradesh,Chhatarpur,3071,247
Madhya Pradesh,Chhindwara,1116,105
Madhya Pradesh,Damoh,465,58
Madhya Pradesh,Datia,876,25
Madhya Pradesh,Dewas,1187,176
Madhya Pradesh,Dhar,1126,139
Madhya Pradesh,Dindori,525,78
Madhya Pradesh,Guna,1985,180
Madhya Pradesh,Gwalior,2002,195
Madhya Pradesh,Harda,114,12
Madhya Pradesh,Hoshangabad,302,56
Madhya Pradesh,Indore,1129,193
Madhya Pradesh,Jabalpur,901,209
Madhya Pradesh,Jhabua,692,93
Madhya Pradesh,Katni,1826,169
Madhya Pradesh,Khandwa,760,145
Madhya Pradesh,Khargone,2062,194
Madhya Pradesh,Mandla,1464,159
Madhya Pradesh,Mandsaur,320,72
Madhya Pradesh,Morena,7165,555
Madhya Pradesh,Narsinghpur,711,56
Madhya Pradesh,Neemuch,255,161
Madhya Pradesh,Panna,837,50
Madhya Pradesh,Raisen,1341,98
Madhya Pradesh,Rajgarh,4929,355
Madhya Pradesh,Ratlam,945,154
Madhya Pradesh,Rewa,2341,195
Madhya Pradesh,Sagar,1592,119
Madhya Pradesh,Satna,1310,179
Madhya Pradesh,Sehore,494,51
Madhya Pradesh,Seoni,528,138
Madhya Pradesh,Shahdol,1078,103
Madhya Pradesh,Shajapur,281,163
Madhya Pradesh,Sheopur,3500,128
Madhya Pradesh,Shivpuri,3745,159
Madhya Pradesh,Sidhi,1741,174
Madhya Pradesh,Singrauli,1473,186
Madhya Pradesh,Tikamgarh,3595,242
Madhya Pradesh,Ujjain,1699,177
Madhya Pradesh,Umaria,901,111
Madhya Pradesh,Vidisha,1265,116
Maharashtra,Ahmadnagar,1550,242
Maharashtra,Akola,1240,75
Maharashtra,Amravati,950,78
Maharashtra,Aurangabad,3457,237
Maharashtra,Beed,2279,166
Maharashtra,Bhandara,396,63
Maharashtra,Buldhana,1239,148
Maharashtra,Chandrapur,1769,216
Maharashtra,Dhule,1273,102
Maharashtra,Gadchiroli,691,60
Maharashtra,Gondiya,550,251
Maharashtra,Hingoli,1054,73
Maharashtra,Jalgaon,1324,124
Maharashtra,Jalna,2048,306
Maharashtra,Kolhapur,3951,277
Maharashtra,Latur,1021,206
Maharashtra,Mumbai,3721,276
Maharashtra,Nagpur,1018,259
Maharashtra,Nanded,1604,176
Maharashtra,Nandurbar,684,41
Maharashtra,Nashik,2740,243
Maharashtra,Osmanabad,1464,221
Maharashtra,Palghar,843,162
Maharashtra,Parbhani,4411,374
Maharashtra,Pune,6857,481
Maharashtra,Raigarh,2175,94
Maharashtra,Ratnagiri,1916,122
Maharashtra,Sangli,2014,115
Maharashtra,Satara,2415,117
Maharashtra,Sindhudurg,638,32
Maharashtra,Solapur,5091,303
Maharashtra,Thane,3310,195
Maharashtra,Wardha,492,61
Maharashtra,Washim,1457,109
Maharashtra,Yavatmal,1197,94
Manipur,Bishnupur,178,3
Manipur,Chandel,38,19
Manipur,Churachandpur,1232,28
Manipur,Imphal East,273,20
Manipur,Imphal West,344,23
Manipur,Senapati,111,9
Manipur,Tamenglong,19,1
Manipur,Thoubal,229,6
Manipur,Ukhrul,56,2
Meghalaya,East Garo Hills,1,0
Meghalaya,East Khasi Hills,103,1
Meghalaya,Jaintia Hills,3,0
Meghalaya,West Garo Hills,213,0
Meghalaya,West Khasi Hills,2,0
Mizoram,Aizawl,57,25
Mizoram,Champhai,15,8
Mizoram,Kolasib,11,3
Mizoram,Lawngtlai,9,1
Mizoram,Lunglei,22,15
Mizoram,Mammit,3,4
Mizoram,Saiha,10,1
Mizoram,Serchhip,11,0
Nagaland,Dimapur,49,3
Nagaland,Kiphire,4,1
Nagaland,Kohima,16,3
Nagaland,Longleng,3,1
Nagaland,Mokokchung,18,2
Nagaland,Mon,26,15
Nagaland,Peren,10,2
Nagaland,Phek,25,0
Nagaland,Tuensang,9,0
Nagaland,Wokha,13,1
Nagaland,Zunheboto,11,0
Odisha,Angul,60,15
Odisha,Balangir,37,6
Odisha,Baleswar,2022,33
Odisha,Bargarh,2954,247
Odisha,Bhadrak,80,21
Odisha,Boudh,215,41
Odisha,Cuttack,244,37
Odisha,Debagarh,631,851
Odisha,Dhenkanal,22,44
Odisha,Gajapati,27,79
Odisha,Ganjam,3012,608
Odisha,Jagatsinghapur,29,7
Odisha,Jajapur,117,8
Odisha,Jharsuguda,25,17
Odisha,Kalahandi,3698,226
Odisha,Kandhamal,13,6
Odisha,Kendrapara,199,91
Odisha,Kendujhar,325,8
Odisha,Khorda,301,53
Odisha,Koraput,339,44
Odisha,Malkangiri,1796,41
Odisha,Mayurbhanj,1325,111
Odisha,Nabarangapur,448,19
Odisha,Nayagarh,196,17
Odisha,Nuapada,284,101
Odisha,Puri,48,58
Odisha,Rayagada,150,5
Odisha,Sambalpur,2352,528
Odisha,Sonapur,36,1
Odisha,Sundergarh,6410,127
Puducherry,Karaikal,250,9
Puducherry,Puducherry,86,6
Punjab,Amritsar,1319,153
Punjab,Barnala,220,19
Punjab,Bathinda,1109,115
Punjab,Faridkot,229,24
Punjab,Fatehgarh Sahib,455,62
Punjab,Fazilka,593,89
Punjab,Ferozepur,511,68
Punjab,Gurdaspur,943,114
Punjab,Hoshiarpur,885,96
Punjab,Jalandhar,909,107
Punjab,Kapurthala,531,47
Punjab,Ludhiana,2506,241
Punjab,Mansa,1070,71
Punjab,Moga,551,52
Punjab,Pathankot,347,37
Punjab,Patiala,1072,195
Punjab,Rupnagar,266,33
Punjab,SAS Nagar (Mohali),646,65
Punjab,Sangrur,936,71
Punjab,Shaheed Bhagat Singh Nagar,466,62
Punjab,Sri Muktsar Sahib,709,81
Punjab,Tarn Taran,970,111
Rajasthan,Ajmer,1584,240
Rajasthan,Alwar,1529,272
Rajasthan,Banswara,1963,161
Rajasthan,Baran,998,122
Rajasthan,Barmer,2768,296
Rajasthan,Bharatpur,2537,223
Rajasthan,Bhilwara,3110,385
Rajasthan,Bikaner,3056,182
Rajasthan,Bundi,2253,212
Rajasthan,Chittorgarh,726,72
Rajasthan,Churu,1358,129
Rajasthan,Dausa,1418,132
Rajasthan,Dholpur,2768,260
Rajasthan,Dungarpur,3230,216
Rajasthan,Ganganagar,1821,91
Rajasthan,Hanumangarh,2148,133
Rajasthan,Jaipur,4127,326
Rajasthan,Jaisalmer,1821,145
Rajasthan,Jalor,2362,130
Rajasthan,Jhalawar,3004,234
Rajasthan,Jhunjhunun,987,91
Rajasthan,Jodhpur,3769,339
Rajasthan,Karauli,2606,294
Rajasthan,Kota,1134,142
Rajasthan,Nagaur,4261,379
Rajasthan,Pali,1394,290
Rajasthan,Pratapgarh,2502,130
Rajasthan,Rajsamand,1454,88
Rajasthan,Sawai Madhopur,2243,126
Rajasthan,Sikar,1659,133
Rajasthan,Sirohi,1877,150
Rajasthan,Tonk,1662,158
Rajasthan,Udaipur,2724,325
Sikkim,East Sikkim,56,4
Sikkim,North Sikkim,3,3
Sikkim,South Sikkim,13,2
Sikkim,West Sikkim,22,3
Tamil Nadu,Ariyalur,442,3
Tamil Nadu,Chennai,8368,196
Tamil Nadu,Coimbatore,8047,252
Tamil Nadu,Cuddalore,815,91
Tamil Nadu,Dharmapuri,5612,135
Tamil Nadu,Dindigul,3767,217
Tamil Nadu,Erode,7295,76
Tamil Nadu,Kancheepuram,2540,217
Tamil Nadu,Kanniyakumari,1243,40
Tamil Nadu,Karur,124,125
Tamil Nadu,Krishnagiri,564,633
Tamil Nadu,Madurai,1749,81
Tamil Nadu,Nagapattinam,320,326
Tamil Nadu,Namakkal,8966,40
Tamil Nadu,Perambalur,738,8
Tamil Nadu,Pudukkottai,433,252
Tamil Nadu,Ramanathapuram,1440,7
Tamil Nadu,Salem,3174,257
Tamil Nadu,Sivaganga,39,17
Tamil Nadu,Thanjavur,2190,350
Tamil Nadu,The Nilgiris,5103,670
Tamil Nadu,Theni,101,68
Tamil Nadu,Thiruvarur,3181,19
Tamil Nadu,Thoothukkudi,201,13
Tamil Nadu,Tiruchirappalli,5490,139
Tamil Nadu,Tirunelveli,2122,93
Tamil Nadu,Tiruppur,396,104
Tamil Nadu,Tiruvallur,2318,231
Tamil Nadu,Tiruvannamalai,8331,547
Tamil Nadu,Vellore,671,292
Tamil Nadu,Villupuram,3032,275
Tamil Nadu,Virudhunagar,179,19
Telangana,Adilabad,192,25
Telangana,Hyderabad,1180,129
Telangana,K.v. Rangareddy,609,86
Telangana,Karimnagar,744,73
Telangana,Khammam,193,35
Telangana,Mahabubnagar,515,83
Telangana,Medak,1075,94
Telangana,Nalgonda,473,40
Telangana,Nizamabad,598,92
Telangana,Warangal,250,41
Tripura,Dhalai,12,9
Tripura,Gomati,203,16
Tripura,Khowai,414,20
Tripura,North Tripura,61,7
Tripura,Sepahijala,443,20
Tripura,South Tripura,196,13
Tripura,Unakoti,629,12
Tripura,West Tripura,918,33
Uttar Pradesh,Agra,3343,330
Uttar Pradesh,Aligarh,4232,430
Uttar Pradesh,Allahabad,4568,307
Uttar Pradesh,Ambedkar Nagar,2571,159
Uttar Pradesh,Amethi,2238,375
Uttar Pradesh,Amroha,1265,125
Uttar Pradesh,Auraiya,1136,99
Uttar Pradesh,Azamgarh,6596,374
Uttar Pradesh,Baghpat,770,76
Uttar Pradesh,Bahraich,11491,1037
Uttar Pradesh,Ballia,2461,235
Uttar Pradesh,Balrampur,9375,722
Uttar Pradesh,Banda,5273,150
Uttar Pradesh,Bara Banki,3801,341
Uttar Pradesh,Bareilly,3039,472
Uttar Pradesh,Basti,4008,211
Uttar Pradesh,Bijnor,1582,329
Uttar Pradesh,Budaun,5547,618
Uttar Pradesh,Bulandshahr,5084,393
Uttar Pradesh,Chandauli,4460,219
Uttar Pradesh,Chitrakoot,1496,166
Uttar Pradesh,Deoria,3087,319
Uttar Pradesh,Etah,1165,82
Uttar Pradesh,Etawah,1403,205
Uttar Pradesh,Faizabad,2282,281
Uttar Pradesh,Farrukhabad,3142,202
Uttar Pradesh,Fatehpur,7693,526
Uttar Pradesh,Firozabad,2618,248
Uttar Pradesh,Gautam Buddha Nagar,2733,149
Uttar Pradesh,Ghaziabad,2079,366
Uttar Pradesh,Ghazipur,3687,224
Uttar Pradesh,Gonda,3464,368
Uttar Pradesh,Gorakhpur,6010,417
Uttar Pradesh,Hamirpur,6217,160
Uttar Pradesh,Hapur,1400,109
Uttar Pradesh,Hardoi,7603,510
Uttar Pradesh,Hathras,847,126
Uttar Pradesh,Jalaun,8799,275
Uttar Pradesh,Jaunpur,6411,229
Uttar Pradesh,Jhansi,3151,183
Uttar Pradesh,Kannauj,1220,140
Uttar Pradesh,Kanpur Dehat,2292,106
Uttar Pradesh,Kanpur Nagar,3619,398
Uttar Pradesh,Kasganj,1710,225
Uttar Pradesh,Kaushambi,1866,118
Uttar Pradesh,Kheri,6603,531
Uttar Pradesh,Kushinagar,4454,186
Uttar Pradesh,Lalitpur,2977,250
Uttar Pradesh,Lucknow,2935,431
Uttar Pradesh,Maharajganj,3810,179
Uttar Pradesh,Mahoba,1927,126
Uttar Pradesh,Mainpuri,2540,286
Uttar Pradesh,Mathura,2050,314
Uttar Pradesh,Mau,2448,123
Uttar Pradesh,Meerut,2474,355
Uttar Pradesh,Mirzapur,2524,153
Uttar Pradesh,Moradabad,3424,286
Uttar Pradesh,Muzaffarnagar,3849,268
Uttar Pradesh,Pilibhit,2323,427
Uttar Pradesh,Pratapgarh,3141,234
Uttar Pradesh,Rae Bareli,1342,209
Uttar Pradesh,Rampur,2505,116
Uttar Pradesh,Saharanpur,3703,473
Uttar Pradesh,Sambhal,2874,226
Uttar Pradesh,Sant Kabir Nagar,1953,261
Uttar Pradesh,Sant Ravidas Nagar,1078,99
Uttar Pradesh,Shahjahanpur,5247,577
Uttar Pradesh,Shamli,2290,106
Uttar Pradesh,Shrawasti,1529,217
Uttar Pradesh,Siddharthnagar,13398,586
Uttar Pradesh,Sitapur,6906,590
Uttar Pradesh,Sonbhadra,7638,272
Uttar Pradesh,Sultanpur,2097,148
Uttar Pradesh,Unnao,4057,454
Uttar Pradesh,Varanasi,3105,248
Uttarakhand,Almora,3643,50
Uttarakhand,Bageshwar,506,11
Uttarakhand,Chamoli,1480,7
Uttarakhand,Champawat,96,8
Uttarakhand,Dehradun,1864,55
Uttarakhand,Haridwar,1897,178
Uttarakhand,Nainital,1211,24
Uttarakhand,Pauri Garhwal,3641,129
Uttarakhand,Pithoragarh,2462,71
Uttarakhand,Rudraprayag,3866,30
Uttarakhand,Tehri Garhwal,2808,118
Uttarakhand,Udham Singh Nagar,1015,177
Uttarakhand,Uttarkashi,1771,24
West Bengal,Bankura,2592,160
West Bengal,Barddhaman,4927,3450
West Bengal,Birbhum,3103,109
West Bengal,Cooch Behar,3089,85
West Bengal,Dakshin Dinajpur,407,13
West Bengal,Darjeeling,2528,46
West Bengal,Hooghly,218,41
West Bengal,Howrah,4462,99
West Bengal,Jalpaiguri,2837,65
West Bengal,Kolkata,183,69
West Bengal,Malda,479,127
West Bengal,Murshidabad,3833,89
West Bengal,Nadia,3647,271
West Bengal,North 24 Parganas,18439,2952
West Bengal,Paschim Medinipur,1530,389
West Bengal,Purba Medinipur,9619,887
West Bengal,Puruliya,2968,246
West Bengal,South 24 Parganas,4002,533
West Bengal,Uttar Dinajpur,356,10
