State,District,Aadhaar generated,Enrolment Rejected
Andaman and Nicobar Islands,Nicobar,2,0
Andaman and Nicobar Islands,North And Middle Andaman,19,19
Andaman and Nicobar Islands,South Andaman,3,0
Andhra Pradesh,Ananthapur,89,27
Andhra Pradesh,Chittoor,99,17
Andhra Pradesh,Cuddapah,26,8
Andhra Pradesh,East Godavari,145,20
Andhra Pradesh,Guntur,92,11
Andhra Pradesh,Krishna,56,15
Andhra Pradesh,Kurnool,110,11
Andhra Pradesh,Nellore,97,14
Andhra Pradesh,Prakasam,47,12
Andhra Pradesh,Srikakulam,124,12
Andhra Pradesh,Visakhapatnam,86,24
Andhra Pradesh,Vizianagaram,72,9
Andhra Pradesh,West Godavari,238,17
Arunachal Pradesh,Changlang,2,0
Arunachal Pradesh,Lohit,1,0
Arunachal Pradesh,Longding,2,1
Arunachal Pradesh,Lower Subansiri,1,0
Arunachal Pradesh,Namsai,5,0
Arunachal Pradesh,Papum Pare,114,5
Arunachal Pradesh,Tirap,1,0
Arunachal Pradesh,Upper Siang,31,7
Assam,Baksa,9,0
Assam,Barpeta,43,1
Assam,Bongaigaon,13,2
Assam,Cachar,38,0
Assam,Chirang,4,0
Assam,Darrang,2,1
Assam,Dhemaji,1,1
Assam,Dhubri,8,1
Assam,Dibrugarh,3,0
Assam,Goalpara,6,1
Assam,Golaghat,366,3
Assam,Hailakandi,3,1
Assam,Jorhat,6,3
Assam,Kamrup,35,1
Assam,Kamrup Metro,3,0
Assam,Karbi Anglong,43,0
Assam,Karimganj,6,0
Assam,Kokrajhar,6,0
Assam,Lakhimpur,3,0
Assam,Marigaon,8,0
Assam,Nagaon,276,1
Assam,Nalbari,17,0
Assam,Sibsagar,3,0
Assam,Sonitpur,21,3
Assam,Tinsukia,4,2
Assam,Udalguri,9,0
Bihar,Araria,4165,151
Bihar,Arwal,194,16
Bihar,Aurangabad,285,36
Bihar,Banka,753,61
Bihar,Begusarai,777,80
Bihar,Bhagalpur,1403,74
Bihar,Bhojpur,1393,144
Bihar,Buxar,852,98
Bihar,Darbhanga,3002,364
Bihar,East Champaran,1383,110
Bihar,Gaya,670,31
Bihar,Gopalganj,664,104
Bihar,Jamui,2443,121
Bihar,Jehanabad,41,13
Bihar,Kaimur (Bhabua),847,71
Bihar,Katihar,938,162
Bihar,Khagaria,1066,64
Bihar,Kishanganj,2786,16
Bihar,Lakhisarai,423,45
Bihar,Madhepura,3831,237
Bihar,Madhubani,5570,173
Bihar,Munger,107,17
Bihar,Muzaffarpur,1164,59
Bihar,Nalanda,4688,291
Bihar,Nawada,1508,51
Bihar,Patna,1215,114
Bihar,Purnia,4254,317
Bihar,Rohtas,1686,329
Bihar,Saharsa,302,60
Bihar,Samastipur,3762,123
Bihar,Saran,523,49
Bihar,Sheikhpura,807,25
Bihar,Sheohar,49,19
Bihar,Sitamarhi,911,49
Bihar,Siwan,981,134
Bihar,Supaul,1236,90
Bihar,Vaishali,1013,73
Bihar,West Champaran,3023,266
Chandigarh,Chandigarh,26,8
Chhattisgarh,Balod,789,85
Chhattisgarh,Baloda Bazar,276,45
Chhattisgarh,Balrampur,1289,40
Chhattisgarh,Bastar,933,120
Chhattisgarh,Bemetara,194,15
Chhattisgarh,Bijapur,2,8
Chhattisgarh,Bilaspur,653,76
Chhattisgarh,Dakshin Bastar Dantewada,115,10
Chhattisgarh,Dantewada,144,2
Chhattisgarh,Dhamtari,107,21
Chhattisgarh,Durg,188,27
Chhattisgarh,Gariyaband,36,7
Chhattisgarh,Janjgir-champa,150,54
Chhattisgarh,Jashpur,420,51
Chhattisgarh,Kabeerdham,26,12
Chhattisgarh,Kanker,102,26
Chhattisgarh,Kawardha,29,13
Chhattisgarh,Kondagaon,3,8
Chhattisgarh,Korba,1223,86
Chhattisgarh,Koriya,57,27
Chhattisgarh,Mahasamund,29,22
Chhattisgarh,Mungeli,821,104
Chhattisgarh,Narayanpur,0,13
Chhattisgarh,Raigarh,66,13
Chhattisgarh,Raipur,192,50
Chhattisgarh,Rajnandgaon,101,51
Chhattisgarh,Sukma,1300,26
Chhattisgarh,Surajpur,1164,76
Chhattisgarh,Surguja,325,42
Chhattisgarh,Uttar Bastar Kanker,178,27
Dadra and Nagar Haveli,Dadra and Nagar Haveli,8,1
Daman and Diu,Daman,2,0
Delhi,Central Delhi,25,10
Delhi,East Delhi,128,43
Delhi,New Delhi,4,2
Delhi,North Delhi,24,18
Delhi,North East Delhi,209,46
Delhi,North West Delhi,447,91
Delhi,South Delhi,358,77
Delhi,South West Delhi,394,43
Delhi,West Delhi,307,57
Goa,North Goa,50,3
Goa,South Goa,67,3
Gujarat,Ahmedabad,1056,71
Gujarat,Amreli,559,39
Gujarat,Anand,88,3
Gujarat,Banaskantha,936,40
Gujarat,Bharuch,368,41
Gujarat,Bhavnagar,404,105
Gujarat,Dahod,745,299
Gujarat,Gandhinagar,469,7
Gujarat,Jamnagar,1075,25
Gujarat,Junagadh,547,58
Gujarat,Kachchh,692,77
Gujarat,Kheda,34,32
Gujarat,Mahesana,81,10
Gujarat,Narmada,41,22
Gujarat,Navsari,110,6
Gujarat,Panchmahals,245,98
Gujarat,Patan,587,65
Gujarat,Porbandar,66,1
Gujarat,Rajkot,378,133
Gujarat,Sabarkantha,234,43
Gujarat,Surat,1807,37
Gujarat,Surendra Nagar,1199,60
Gujarat,Tapi,8,6
Gujarat,The Dangs,9,8
Gujarat,Vadodara,1221,169
Gujarat,Valsad,305,19
Haryana,Ambala,682,164
Haryana,Bhiwani,112,55
Haryana,Faridabad,282,127
Haryana,Fatehabad,333,90
Haryana,Gurgaon,186,34
Haryana,Hisar,604,131
Haryana,Jhajjar,144,93
Haryana,Jind,643,128
Haryana,Kaithal,88,35
Haryana,Karnal,254,37
Haryana,Kurukshetra,30,11
Haryana,Mahendragarh,383,45
Haryana,Mewat,259,74
Haryana,Palwal,678,491
Haryana,Panchkula,195,30
Haryana,Panipat,181,39
Haryana,Rewari,214,65
Haryana,Rohtak,496,101
Haryana,Sirsa,254,59
Haryana,Sonipat,300,80
Haryana,Yamuna Nagar,634,84
Himachal Pradesh,Bilaspur,18,1
Himachal Pradesh,Chamba,11,2
Himachal Pradesh,Hamirpur,4,1
Himachal Pradesh,Kangra,58,19
Himachal Pradesh,Kinnaur,9,7
Himachal Pradesh,Kullu,22,3
Himachal Pradesh,Mandi,71,12
Himachal Pradesh,Shimla,10,3
Himachal Pradesh,Sirmaur,22,2
Himachal Pradesh,Solan,8,2
Himachal Pradesh,Una,1,3
Jammu and Kashmir,Anantnag,95,19
Jammu and Kashmir,Badgam,138,22
Jammu and Kashmir,Bandipore,7,14
Jammu and Kashmir,Baramula,2,7
Jammu and Kashmir,Doda,8,8
Jammu and Kashmir,Ganderbal,0,2
Jammu and Kashmir,Jammu,259,33
Jammu and Kashmir,Kathua,4,0
Jammu and Kashmir,Kishtwar,6,3
Jammu and Kashmir,Kulgam,5,0
Jammu and Kashmir,Pulwama,2918,13
Jammu and Kashmir,Punch,831,5
Jammu and Kashmir,Rajouri,5453,1
Jammu and Kashmir,Ramban,9,1
Jammu and Kashmir,Reasi,6,154
Jammu and Kashmir,Samba,2,2
Jammu and Kashmir,Shupiyan,3,1
Jammu and Kashmir,Srinagar,21,19
Jammu and Kashmir,Udhampur,80,0
Jharkhand,Bokaro,16,7
Jharkhand,Chatra,56,21
Jharkhand,Deoghar,132,19
Jharkhand,Dhanbad,35,21
Jharkhand,Dumka,18,20
Jharkhand,East Singhbhum,266,34
Jharkhand,Garhwa,5,3
Jharkhand,Giridih,202,22
Jharkhand,Godda,82,28
Jharkhand,Gumla,26,5
Jharkhand,Hazaribagh,19,13
Jharkhand,Jamtara,22,0
Jharkhand,Khunti,6,2
Jharkhand,Koderma,4,5
Jharkhand,Latehar,5,14
Jharkhand,Lohardaga,1,4
Jharkhand,Pakur,6,2
Jharkhand,Palamu,67,21
Jharkhand,Ramgarh,2,3
Jharkhand,Ranchi,61,11
Jharkhand,Sahebganj,22,15
Jharkhand,Seraikela-Kharsawan,35,6
Jharkhand,Simdega,14,6
Jharkhand,West Singhbhum,20,11
Karnataka,Bagalkot,137,22
Karnataka,Ballari,74,17
Karnataka,Bangalore Rural,87,10
Karnataka,Belagavi,312,49
Karnataka,Bengaluru,821,77
Karnataka,Bidar,167,25
Karnataka,Chamrajanagar,121,10
Karnataka,Chikkaballapur,51,43
Karnataka,Chikkamagaluru,43,8
Karnataka,Chitradurga,89,19
Karnataka,Dakshina Kannada,500,7
Karnataka,Davangere,34,19
Karnataka,Dharwad,63,16
Karnataka,Gadag,58,5
Karnataka,Hassan,597,19
Karnataka,Haveri,74,7
Karnataka,Kalaburagi,1271,25
Karnataka,Kodagu,62,4
Karnataka,Kolar,213,39
Karnataka,Koppal,180,10
Karnataka,Mandya,967,20
Karnataka,Mysuru,265,84
Karnataka,Raichur,1901,53
Karnataka,Ramanagar,189,9
Karnataka,Shivamogga,335,31
Karnataka,Tumakuru,232,29
Karnataka,Udupi,39,12
Karnataka,Uttara Kannada,129,7
Karnataka,Vijayapura,351,10
Karnataka,Yadgir,1028,24
Kerala,Alappuzha,216,16
Kerala,Ernakulam,151,10
Kerala,Idukki,79,8
Kerala,Kannur,79,6
Kerala,Kasaragod,58,6
Kerala,Kollam,273,16
Kerala,Kottayam,318,16
Kerala,Kozhikode,81,10
Kerala,Malappuram,257,25
Kerala,Palakkad,238,12
Kerala,Pathanamthitta,575,49
Kerala,Thiruvananthapuram,329,11
Kerala,Thrissur,383,7
Kerala,Wayanad,30,4
Madhya Pradesh,Alirajpur,358,18
Madhya Pradesh,Anuppur,168,16
Madhya Pradesh,Ashok Nagar,331,30
Madhya Pradesh,Balaghat,121,62
Madhya Pradesh,Barwani,1287,124
Madhya Pradesh,Betul,70,15
Madhya Pradesh,Bhind,306,25
Madhya Pradesh,Bhopal,384,93
Madhya Pradesh,Burhanpur,55,7
Madhya Pradesh,Chhatarpur,798,71
Madhya Pradesh,Chhindwara,402,40
Madhya Pradesh,Damoh,88,24
Madhya Pradesh,Datia,119,26
Madhya Pradesh,Dewas,874,26
Madhya Pradesh,Dhar,1260,31
Madhya Pradesh,Dindori,43,28
Madhya Pradesh,Guna,308,91
Madhya Pradesh,Gwalior,468,48
Madhya Pradesh,Harda,28,7
Madhya Pradesh,Hoshangabad,29,4
Madhya Pradesh,Indore,1411,66
Madhya Pradesh,Jabalpur,288,61
Madhya Pradesh,Jhabua,312,17
Madhya Pradesh,Katni,129,42
Madhya Pradesh,Khandwa,50,38
Madhya Pradesh,Khargone,2182,48
Madhya Pradesh,Mandla,141,81
Madhya Pradesh,Mandsaur,42,16
Madhya Pradesh,Morena,956,130
Madhya Pradesh,Narsinghpur,38,15
Madhya Pradesh,Neemuch,15,8
Madhya Pradesh,Panna,203,14
Madhya Pradesh,Raisen,99,32
Madhya Pradesh,Rajgarh,1322,67
Madhya Pradesh,Ratlam,549,63
Madhya Pradesh,Rewa,580,79
Madhya Pradesh,Sagar,386,39
Madhya Pradesh,Satna,791,104
Madhya Pradesh,Sehore,129,16
Madhya Pradesh,Seoni,147,19
Madhya Pradesh,Shahdol,365,35
Madhya Pradesh,Shajapur,698,38
Madhya Pradesh,Sheopur,508,69
Madhya Pradesh,Shivpuri,734,134
Madhya Pradesh,Sidhi,1564,96
Madhya Pradesh,Singrauli,532,114
Madhya Pradesh,Tikamgarh,1480,108
Madhya Pradesh,Ujjain,416,37
Madhya Pradesh,Umaria,46,11
Madhya Pradesh,Vidisha,251,48
Maharashtra,Ahmadnagar,314,176
Maharashtra,Akola,139,87
Maharashtra,Amravati,237,69
Maharashtra,Aurangabad,1255,311
Maharashtra,Beed,625,744
Maharashtra,Bhandara,81,119
Maharashtra,Buldhana,349,481
Maharashtra,Chandrapur,389,292
Maharashtra,Dhule,289,162
Maharashtra,Gadchiroli,210,64
Maharashtra,Gondiya,149,67
Maharashtra,Hingoli,109,521
Maharashtra,Jalgaon,427,46
Maharashtra,Jalna,589,181
Maharashtra,Kolhapur,630,434
Maharashtra,Latur,172,121
Maharashtra,Mumbai,1310,195
Maharashtra,Nagpur,331,139
Maharashtra,Nanded,462,301
Maharashtra,Nandurbar,113,29
Maharashtra,Nashik,848,158
Maharashtra,Osmanabad,300,273
Maharashtra,Palghar,345,58
Maharashtra,Parbhani,706,542
Maharashtra,Pune,608,212
Maharashtra,Raigarh,385,69
Maharashtra,Ratnagiri,175,96
Maharashtra,Sangli,221,113
Maharashtra,Satara,317,101
Maharashtra,Sindhudurg,51,32
Maharashtra,Solapur,1423,163
Maharashtra,Thane,638,119
Maharashtra,Wardha,43,38
Maharashtra,Washim,551,404
Maharashtra,Yavatmal,338,264
Manipur,Bishnupur,13,1
Manipur,Chandel,6,0
Manipur,Churachandpur,72,2
Manipur,Imphal East,143,7
Manipur,Imphal West,121,2
Manipur,Senapati,8,1
Manipur,Tamenglong,5,0
Manipur,Thoubal,7,4
Manipur,Ukhrul,4,2
Meghalaya,East Khasi Hills,7,0
Meghalaya,West Garo Hills,2,1
Meghalaya,West Khasi Hills,1,0
Mizoram,Aizawl,24,2
Mizoram,Champhai,159,7
Mizoram,Kolasib,3,0
Mizoram,Lawngtlai,1,0
Mizoram,Lunglei,0,1
Mizoram,Mammit,61,1
Mizoram,Saiha,4,0
Mizoram,Serchhip,2,1
Nagaland,Dimapur,4,1
Nagaland,Kohima,3,1
Nagaland,Mokokchung,2,0
Nagaland,Mon,4,0
Nagaland,Peren,2,0
Nagaland,Phek,1,0
Nagaland,Tuensang,3,1
Nagaland,Wokha,0,1
Nagaland,Zunheboto,2,0
Odisha,Angul,430,11
Odisha,Balangir,0,1
Odisha,Baleswar,290,2
Odisha,Bargarh,43,121
Odisha,Bhadrak,6,1
Odisha,Boudh,2204,201
Odisha,Cuttack,7,5
Odisha,Debagarh,1785,468
Odisha,Dhenkanal,285,7
Odisha,Gajapati,2,30
Odisha,Ganjam,555,69
Odisha,Jagatsinghapur,3,0
Odisha,Jajapur,7,4
Odisha,Jharsuguda,22,33
Odisha,Kalahandi,431,46
Odisha,Kendrapara,753,97
Odisha,Kendujhar,7,1
Odisha,Khorda,115,10
Odisha,Koraput,50,1
Odisha,Malkangiri,844,15
Odisha,Mayurbhanj,1359,32
Odisha,Nabarangapur,4,20
Odisha,Nayagarh,1,8
Odisha,Nuapada,54,10
Odisha,Puri,86,6
Odisha,Rayagada,2,8
Odisha,Sambalpur,6718,1085
Odisha,Sundergarh,8200,307
Others,Others,2,0
Puducherry,Karaikal,54,8
Puducherry,Puducherry,35,11
Punjab,Amritsar,417,86
Punjab,Barnala,40,10
Punjab,Bathinda,249,32
Punjab,Faridkot,41,1
Punjab,Fatehgarh Sahib,99,20
Punjab,Fazilka,750,53
Punjab,Ferozepur,472,16
Punjab,Gurdaspur,89,39
Punjab,Hoshiarpur,334,25
Punjab,Jalandhar,177,40
Punjab,Kapurthala,63,8
Punjab,Ludhiana,603,103
Punjab,Mansa,301,22
Punjab,Moga,178,49
Punjab,Pathankot,33,13
Punjab,Patiala,184,48
Punjab,Rupnagar,37,10
Punjab,SAS Nagar (Mohali),32,15
Punjab,Sangrur,164,42
Punjab,Shaheed Bhagat Singh Nagar,18,30
Punjab,Sri Muktsar Sahib,164,32
Punjab,Tarn Taran,331,60
Rajasthan,Ajmer,105,64
Rajasthan,Alwar,438,88
Rajasthan,Banswara,424,63
Rajasthan,Baran,133,78
Rajasthan,Barmer,1222,126
Rajasthan,Bharatpur,202,118
Rajasthan,Bhilwara,477,97
Rajasthan,Bikaner,1050,91
Rajasthan,Bundi,544,142
Rajasthan,Chittorgarh,108,34
Rajasthan,Churu,266,30
Rajasthan,Dausa,158,32
Rajasthan,Dholpur,270,84
Rajasthan,Dungarpur,635,65
Rajasthan,Ganganagar,362,56
Rajasthan,Hanumangarh,526,72
Rajasthan,Jaipur,1272,175
Rajasthan,Jaisalmer,150,139
Rajasthan,Jalor,251,24
Rajasthan,Jhalawar,688,122
Rajasthan,Jhunjhunun,133,20
Rajasthan,Jodhpur,693,108
Rajasthan,Karauli,740,144
Rajasthan,Kota,234,56
Rajasthan,Nagaur,1187,183
Rajasthan,Pali,402,85
Rajasthan,Pratapgarh,238,66
Rajasthan,Rajsamand,27,26
Rajasthan,Sawai Madhopur,360,53
Rajasthan,Sikar,452,46
Rajasthan,Sirohi,66,40
Rajasthan,Tonk,214,31
Rajasthan,Udaipur,963,189
Sikkim,South Sikkim,1,0
Sikkim,West Sikkim,28,4
Tamil Nadu,Ariyalur,1,16
Tamil Nadu,Chennai,211,104
Tamil Nadu,Coimbatore,396,134
Tamil Nadu,Cuddalore,746,20
Tamil Nadu,Dharmapuri,668,45
Tamil Nadu,Dindigul,1926,13
Tamil Nadu,Erode,12,23
Tamil Nadu,Kancheepuram,4524,46
Tamil Nadu,Kanniyakumari,179,4
Tamil Nadu,Karur,72,1
Tamil Nadu,Krishnagiri,79,265
Tamil Nadu,Madurai,334,63
Tamil Nadu,Nagapattinam,169,4
Tamil Nadu,Namakkal,600,10
Tamil Nadu,Perambalur,2,9
Tamil Nadu,Pudukkottai,206,10
Tamil Nadu,Ramanathapuram,7,30
Tamil Nadu,Salem,774,21
Tamil Nadu,Sivaganga,5,5
Tamil Nadu,Thanjavur,172,74
Tamil Nadu,The Nilgiris,17,4
Tamil Nadu,Theni,48,2
Tamil Nadu,Thiruvarur,307,1
Tamil Nadu,Thoothukkudi,1275,54
Tamil Nadu,Tiruchirappalli,645,45
Tamil Nadu,Tirunelveli,47,69
Tamil Nadu,Tiruppur,202,43
Tamil Nadu,Tiruvallur,623,215
Tamil Nadu,Tiruvannamalai,1420,35
Tamil Nadu,Vellore,1549,112
Tamil Nadu,Villupuram,215,46
Tamil Nadu,Virudhunagar,292,1
Telangana,Adilabad,193,15
Telangana,Hyderabad,294,40
Telangana,K.v. Rangareddy,167,27
Telangana,Karimnagar,212,25
Telangana,Khammam,45,9
Telangana,Mahabubnagar,80,33
Telangana,Medak,72,23
Telangana,Nalgonda,104,15
Telangana,Nizamabad,63,22
Telangana,Warangal,39,11
Tripura,Dhalai,1,3
Tripura,Gomati,3,5
Tripura,Khowai,10,0
Tripura,North Tripura,1,4
Tripura,Sepahijala,8,22
Tripura,South Tripura,7,3
Tripura,Unakoti,33,4
Tripura,West Tripura,12,15
Uttar Pradesh,Agra,789,116
Uttar Pradesh,Aligarh,1566,106
Uttar Pradesh,Allahabad,1860,143
Uttar Pradesh,Ambedkar Nagar,392,41
Uttar Pradesh,Amethi,129,53
Uttar Pradesh,Amroha,361,64
Uttar Pradesh,Auraiya,205,48
Uttar Pradesh,Azamgarh,2217,82
Uttar Pradesh,Baghpat,156,23
Uttar Pradesh,Bahraich,4688,650
Uttar Pradesh,Ballia,1165,83
Uttar Pradesh,Balrampur,3079,162
Uttar Pradesh,Banda,765,51
Uttar Pradesh,Bara Banki,855,55
Uttar Pradesh,Bareilly,619,203
Uttar Pradesh,Basti,478,32
Uttar Pradesh,Bijnor,570,80
Uttar Pradesh,Budaun,422,81
Uttar Pradesh,Bulandshahr,1538,114
Uttar Pradesh,Chandauli,514,33
Uttar Pradesh,Chitrakoot,118,57
Uttar Pradesh,Deoria,1110,51
Uttar Pradesh,Etah,201,20
Uttar Pradesh,Etawah,747,89
Uttar Pradesh,Faizabad,387,60
Uttar Pradesh,Farrukhabad,358,33
Uttar Pradesh,Fatehpur,1051,161
Uttar Pradesh,Firozabad,525,93
Uttar Pradesh,Gautam Buddha Nagar,546,50
Uttar Pradesh,Ghaziabad,1591,264
Uttar Pradesh,Ghazipur,605,37
Uttar Pradesh,Gonda,495,63
Uttar Pradesh,Gorakhpur,1539,132
Uttar Pradesh,Hamirpur,898,77
Uttar Pradesh,Hapur,1068,37
Uttar Pradesh,Hardoi,2117,181
Uttar Pradesh,Hathras,501,23
Uttar Pradesh,Jalaun,3587,253
Uttar Pradesh,Jaunpur,1140,61
Uttar Pradesh,Jhansi,470,107
Uttar Pradesh,Kannauj,314,45
Uttar Pradesh,Kanpur Dehat,232,27
Uttar Pradesh,Kanpur Nagar,1052,133
Uttar Pradesh,Kasganj,231,15
Uttar Pradesh,Kaushambi,605,41
Uttar Pradesh,Kheri,1984,198
Uttar Pradesh,Kushinagar,1081,61
Uttar Pradesh,Lalitpur,2153,71
Uttar Pradesh,Lucknow,827,141
Uttar Pradesh,Maharajganj,798,52
Uttar Pradesh,Mahoba,264,41
Uttar Pradesh,Mainpuri,901,93
Uttar Pradesh,Mathura,937,169
Uttar Pradesh,Mau,616,25
Uttar Pradesh,Meerut,2291,174
Uttar Pradesh,Mirzapur,1203,35
Uttar Pradesh,Moradabad,264,67
Uttar Pradesh,Muzaffarnagar,833,158
Uttar Pradesh,Pilibhit,313,137
Uttar Pradesh,Pratapgarh,245,41
Uttar Pradesh,Rae Bareli,200,67
Uttar Pradesh,Rampur,228,39
Uttar Pradesh,Saharanpur,294,115
Uttar Pradesh,Sambhal,435,45
Uttar Pradesh,Sant Kabir Nagar,316,63
Uttar Pradesh,Sant Ravidas Nagar,346,39
Uttar Pradesh,Shahjahanpur,777,103
Uttar Pradesh,Shamli,370,23
Uttar Pradesh,Shrawasti,751,42
Uttar Pradesh,Siddharthnagar,2350,80
Uttar Pradesh,Sitapur,573,155
Uttar Pradesh,Sonbhadra,987,98
Uttar Pradesh,Sultanpur,307,58
Uttar Pradesh,Unnao,928,142
Uttar Pradesh,Varanasi,995,63
Uttarakhand,Almora,1195,30
Uttarakhand,Bageshwar,12,5
Uttarakhand,Chamoli,47,5
Uttarakhand,Champawat,7,4
Uttarakhand,Dehradun,80,29
Uttarakhand,Haridwar,413,91
Uttarakhand,Nainital,47,13
Uttarakhand,Pauri Garhwal,1280,169
Uttarakhand,Pithoragarh,97,29
Uttarakhand,Rudraprayag,790,14
Uttarakhand,Tehri Garhwal,217,40
Uttarakhand,Udham Singh Nagar,117,33
Uttarakhand,Uttarkashi,122,8
West Bengal,Bankura,7566,117
West Bengal,Barddhaman,14155,2791
West Bengal,Birbhum,5534,199
West Bengal,Cooch Behar,2162,26
West Bengal,Dakshin Dinajpur,17,2
West Bengal,Darjeeling,29,51
West Bengal,Hooghly,2443,29
West Bengal,Howrah,1380,52
West Bengal,Jalpaiguri,760,30
West Bengal,Kolkata,45,7
West Bengal,Malda,46,8
West Bengal,Murshidabad,8876,51
West Bengal,Nadia,35,6
West Bengal,North 24 Parganas,1352,145
West Bengal,Paschim Medinipur,213,94
West Bengal,Purba Medinipur,15274,441
West Bengal,Puruliya,629,42
West Bengal,South 24 Parganas,4720,144
West Bengal,Uttar Dinajpur,313,14
