State,District,Aadhaar generated,Enrolment Rejected
Andhra Pradesh,Ananthapur,0,13
Andhra Pradesh,Chittoor,0,3
Andhra Pradesh,Cuddapah,0,4
Andhra Pradesh,East Godavari,2,2
Andhra Pradesh,Guntur,1,2
Andhra Pradesh,Krishna,5,1
Andhra Pradesh,Kurnool,6,4
Andhra Pradesh,Nellore,2,3
Andhra Pradesh,Prakasam,0,2
Andhra Pradesh,Visakhapatnam,0,6
Andhra Pradesh,Vizianagaram,1,2
Andhra Pradesh,West Godavari,6,5
Arunachal Pradesh,Lohit,1,0
Arunachal Pradesh,Namsai,0,146
Arunachal Pradesh,Papum Pare,1,1
Assam,Barpeta,0,3
Assam,Golaghat,3,0
Assam,Sonitpur,1,0
Bihar,Araria,306,59
Bihar,Arwal,6,3
Bihar,Aurangabad,41,18
Bihar,Banka,29,6
Bihar,Begusarai,13,9
Bihar,Bhagalpur,37,18
Bihar,Bhojpur,12,110
Bihar,Buxar,5,17
Bihar,Darbhanga,178,212
Bihar,East Champaran,16,13
Bihar,Gaya,8,9
Bihar,Gopalganj,2,9
Bihar,Jamui,6,15
Bihar,Jehanabad,1,3
Bihar,Kaimur (Bhabua),72,9
Bihar,Katihar,53,34
Bihar,Khagaria,15,121
Bihar,Kishanganj,2,1
Bihar,Lakhisarai,9,0
Bihar,Madhepura,25,339
Bihar,Madhubani,36,35
Bihar,Munger,2,4
Bihar,Muzaffarpur,15,22
Bihar,Nalanda,24,14
Bihar,Nawada,39,8
Bihar,Patna,9,14
Bihar,Purnia,29,21
Bihar,Rohtas,9,30
Bihar,Saharsa,11,15
Bihar,Samastipur,14,51
Bihar,Saran,9,5
Bihar,Sheikhpura,3,4
Bihar,Sheohar,1,5
Bihar,Sitamarhi,5,7
Bihar,Siwan,15,18
Bihar,Supaul,113,14
Bihar,Vaishali,15,5
Bihar,West Champaran,49,51
Chandigarh,Chandigarh,0,1
Chhattisgarh,Balod,13,5
Chhattisgarh,Baloda Bazar,64,8
Chhattisgarh,Balrampur,9,13
Chhattisgarh,Bastar,18,14
Chhattisgarh,Bemetara,1,2
Chhattisgarh,Bijapur,3,0
Chhattisgarh,Bilaspur,75,43
Chhattisgarh,Dakshin Bastar Dantewada,13,2
Chhattisgarh,Dhamtari,8,11
Chhattisgarh,Durg,1,4
Chhattisgarh,Gariyaband,1,16
Chhattisgarh,Janjgir-champa,6,9
Chhattisgarh,Jashpur,65,18
Chhattisgarh,Kabeerdham,0,1
Chhattisgarh,Kanker,3,4
Chhattisgarh,Kawardha,1,1
Chhattisgarh,Kondagaon,1,2
Chhattisgarh,Korba,69,9
Chhattisgarh,Koriya,11,7
Chhattisgarh,Mahasamund,2,7
Chhattisgarh,Mungeli,4,0
Chhattisgarh,Raigarh,4,10
Chhattisgarh,Raipur,7,6
Chhattisgarh,Rajnandgaon,28,26
Chhattisgarh,Sukma,2,0
Chhattisgarh,Surajpur,383,37
Chhattisgarh,Surguja,3,9
Chhattisgarh,Uttar Bastar Kanker,0,1
Dadra and Nagar Haveli,Dadra and Nagar Haveli,0,1
Delhi,Central Delhi,2,1
Delhi,East Delhi,1,2
Delhi,North East Delhi,0,4
Delhi,North West Delhi,6,10
Delhi,South Delhi,3,5
Delhi,South West Delhi,6,4
Delhi,West Delhi,4,5
Goa,South Goa,1,0
Gujarat,Ahmedabad,18,6
Gujarat,Amreli,4,1
Gujarat,Anand,5,3
Gujarat,Banaskantha,4,7
Gujarat,Bharuch,2,7
Gujarat,Bhavnagar,3,3
Gujarat,Dahod,9,2
Gujarat,Gandhinagar,5,2
Gujarat,Jamnagar,1,2
Gujarat,Junagadh,1,1
Gujarat,Kachchh,0,1
Gujarat,Kheda,5,2
Gujarat,Mahesana,3,1
Gujarat,Navsari,5,0
Gujarat,Panchmahals,38,7
Gujarat,Patan,10,3
Gujarat,Porbandar,1,0
Gujarat,Rajkot,3,3
Gujarat,Sabarkantha,3,8
Gujarat,Surat,7,2
Gujarat,Surendra Nagar,26,0
Gujarat,Tapi,1,0
Gujarat,Vadodara,22,6
Gujarat,Valsad,5,0
Haryana,Ambala,9,1
Haryana,Bhiwani,16,7
Haryana,Faridabad,4,5
Haryana,Fatehabad,2,45
Haryana,Gurgaon,7,2
Haryana,Hisar,5,14
Haryana,Jhajjar,3,1
Haryana,Jind,19,14
Haryana,Kaithal,0,2
Haryana,Karnal,54,8
Haryana,Mahendragarh,3,4
Haryana,Mewat,21,11
Haryana,Palwal,46,35
Haryana,Panchkula,3,2
Haryana,Panipat,3,1
Haryana,Rewari,16,4
Haryana,Rohtak,5,5
Haryana,Sirsa,1,7
Haryana,Sonipat,7,8
Haryana,Yamuna Nagar,2,5
Himachal Pradesh,Chamba,1,0
Himachal Pradesh,Kangra,0,1
Himachal Pradesh,Kinnaur,1,0
Himachal Pradesh,Kullu,0,1
Himachal Pradesh,Mandi,1,0
Himachal Pradesh,Shimla,1,0
Himachal Pradesh,Una,5,1
Jammu and Kashmir,Anantnag,1,67
Jammu and Kashmir,Badgam,2,11
Jammu and Kashmir,Baramula,1,0
Jammu and Kashmir,Jammu,1,3
Jammu and Kashmir,Kishtwar,0,3
Jammu and Kashmir,Leh,0,2
Jammu and Kashmir,Punch,1,11
Jammu and Kashmir,Rajouri,2,0
Jammu and Kashmir,Ramban,1,0
Jammu and Kashmir,Samba,0,2
Jammu and Kashmir,Srinagar,2,5
Jammu and Kashmir,Udhampur,1,0
Jharkhand,Bokaro,0,1
Jharkhand,Chatra,3,2
Jharkhand,Deoghar,2,4
Jharkhand,Dhanbad,1,3
Jharkhand,Dumka,0,1
Jharkhand,East Singhbhum,1,1
Jharkhand,Giridih,2,3
Jharkhand,Godda,0,21
Jharkhand,Gumla,0,1
Jharkhand,Hazaribagh,1,0
Jharkhand,Jamtara,0,1
Jharkhand,Khunti,1,2
Jharkhand,Koderma,2,2
Jharkhand,Latehar,0,2
Jharkhand,Pakur,3,1
Jharkhand,Palamu,0,3
Jharkhand,Ramgarh,0,1
Jharkhand,Ranchi,6,6
Jharkhand,Sahebganj,1,2
Jharkhand,Seraikela-Kharsawan,0,1
Jharkhand,Simdega,0,1
Jharkhand,West Singhbhum,1,1
Karnataka,Bagalkot,7,8
Karnataka,Ballari,42,15
Karnataka,Bangalore Rural,1,2
Karnataka,Belagavi,42,6
Karnataka,Bengaluru,15,10
Karnataka,Bidar,5,4
Karnataka,Chamrajanagar,7,7
Karnataka,Chikkaballapur,0,2
Karnataka,Chikkamagaluru,1,3
Karnataka,Chitradurga,39,17
Karnataka,Dakshina Kannada,1,3
Karnataka,Davangere,2,1
Karnataka,Dharwad,1,2
Karnataka,Gadag,11,1
Karnataka,Hassan,3,1
Karnataka,Haveri,12,3
Karnataka,Kalaburagi,1,0
Karnataka,Kodagu,2,2
Karnataka,Kolar,6,2
Karnataka,Koppal,2,0
Karnataka,Mandya,2,1
Karnataka,Mysuru,13,1
Karnataka,Raichur,7,17
Karnataka,Ramanagar,1,10
Karnataka,Shivamogga,0,1
Karnataka,Tumakuru,1,0
Karnataka,Udupi,0,1
Karnataka,Vijayapura,7,2
Karnataka,Yadgir,14,8
Kerala,Alappuzha,1,1
Kerala,Ernakulam,3,2
Kerala,Kannur,2,0
Kerala,Kasaragod,0,2
Kerala,Kollam,0,1
Kerala,Kottayam,3,0
Kerala,Kozhikode,3,1
Kerala,Malappuram,3,0
Kerala,Palakkad,4,0
Kerala,Thiruvananthapuram,2,1
Kerala,Thrissur,2,3
Madhya Pradesh,Anuppur,6,6
Madhya Pradesh,Ashok Nagar,30,21
Madhya Pradesh,Balaghat,20,7
Madhya Pradesh,Barwani,21,4
Madhya Pradesh,Betul,16,11
Madhya Pradesh,Bhind,1,4
Madhya Pradesh,Bhopal,16,9
Madhya Pradesh,Chhatarpur,34,40
Madhya Pradesh,Chhindwara,2,9
Madhya Pradesh,Damoh,3,1
Madhya Pradesh,Datia,5,1
Madhya Pradesh,Dewas,4,2
Madhya Pradesh,Dhar,18,6
Madhya Pradesh,Dindori,2,1
Madhya Pradesh,Guna,11,8
Madhya Pradesh,Gwalior,12,4
Madhya Pradesh,Harda,1,1
Madhya Pradesh,Hoshangabad,2,2
Madhya Pradesh,Indore,10,3
Madhya Pradesh,Jabalpur,1,5
Madhya Pradesh,Jhabua,1,1
Madhya Pradesh,Katni,12,1
Madhya Pradesh,Khargone,2,3
Madhya Pradesh,Mandla,4,8
Madhya Pradesh,Mandsaur,13,2
Madhya Pradesh,Morena,124,28
Madhya Pradesh,Narsinghpur,1,3
Madhya Pradesh,Neemuch,15,14
Madhya Pradesh,Panna,6,0
Madhya Pradesh,Raisen,8,2
Madhya Pradesh,Rajgarh,35,96
Madhya Pradesh,Ratlam,28,4
Madhya Pradesh,Rewa,3,22
Madhya Pradesh,Sagar,5,8
Madhya Pradesh,Satna,10,12
Madhya Pradesh,Sehore,0,6
Madhya Pradesh,Seoni,4,2
Madhya Pradesh,Shahdol,1,6
Madhya Pradesh,Shajapur,10,0
Madhya Pradesh,Sheopur,7,39
Madhya Pradesh,Shivpuri,107,27
Madhya Pradesh,Sidhi,3,25
Madhya Pradesh,Singrauli,8,11
Madhya Pradesh,Tikamgarh,16,12
Madhya Pradesh,Ujjain,5,9
Madhya Pradesh,Umaria,1,7
Madhya Pradesh,Vidisha,6,23
Maharashtra,Ahmadnagar,8,2
Maharashtra,Akola,1,1
Maharashtra,Amravati,1,9
Maharashtra,Aurangabad,11,5
Maharashtra,Beed,5,2
Maharashtra,Bhandara,2,2
Maharashtra,Buldhana,5,2
Maharashtra,Chandrapur,2,13
Maharashtra,Dhule,7,5
Maharashtra,Gadchiroli,0,3
Maharashtra,Gondiya,0,2
Maharashtra,Hingoli,4,2
Maharashtra,Jalgaon,4,0
Maharashtra,Jalna,77,12
Maharashtra,Kolhapur,11,0
Maharashtra,Latur,4,11
Maharashtra,Mumbai,6,5
Maharashtra,Nagpur,3,5
Maharashtra,Nanded,1,9
Maharashtra,Nandurbar,1,1
Maharashtra,Nashik,13,4
Maharashtra,Osmanabad,10,1
Maharashtra,Palghar,10,10
Maharashtra,Parbhani,9,14
Maharashtra,Pune,20,9
Maharashtra,Raigarh,17,2
Maharashtra,Ratnagiri,9,10
Maharashtra,Sangli,4,0
Maharashtra,Satara,14,7
Maharashtra,Sindhudurg,5,0
Maharashtra,Solapur,32,15
Maharashtra,Thane,0,4
Maharashtra,Wardha,1,6
Maharashtra,Washim,10,7
Maharashtra,Yavatmal,5,3
Manipur,Bishnupur,0,1
Manipur,Churachandpur,2,0
Mizoram,Aizawl,0,2
Mizoram,Champhai,1,0
Odisha,Angul,4,0
Odisha,Balangir,0,1
Odisha,Baleswar,0,6
Odisha,Bargarh,0,14
Odisha,Boudh,4,4
Odisha,Cuttack,2,0
Odisha,Debagarh,4,44
Odisha,Dhenkanal,1,53
Odisha,Gajapati,3,0
Odisha,Ganjam,0,25
Odisha,Jharsuguda,0,4
Odisha,Kalahandi,3,119
Odisha,Kendrapara,3,4
Odisha,Kendujhar,0,2
Odisha,Khorda,3,3
Odisha,Koraput,1,0
Odisha,Malkangiri,5,9
Odisha,Mayurbhanj,1,5
Odisha,Nabarangapur,0,4
Odisha,Nuapada,0,1
Odisha,Rayagada,0,1
Odisha,Sambalpur,4,70
Odisha,Sundergarh,46,2
Puducherry,Puducherry,2,1
Punjab,Amritsar,10,18
Punjab,Barnala,0,1
Punjab,Bathinda,0,3
Punjab,Faridkot,2,2
Punjab,Fazilka,4,5
Punjab,Ferozepur,1,6
Punjab,Gurdaspur,2,1
Punjab,Hoshiarpur,5,1
Punjab,Jalandhar,27,5
Punjab,Kapurthala,1,1
Punjab,Ludhiana,14,6
Punjab,Mansa,0,2
Punjab,Moga,1,2
Punjab,Pathankot,1,0
Punjab,Patiala,16,9
Punjab,Rupnagar,0,1
Punjab,SAS Nagar (Mohali),3,1
Punjab,Sangrur,2,1
Punjab,Shaheed Bhagat Singh Nagar,1,3
Punjab,Sri Muktsar Sahib,0,4
Punjab,Tarn Taran,1,8
Rajasthan,Ajmer,5,7
Rajasthan,Alwar,5,8
Rajasthan,Banswara,3,5
Rajasthan,Baran,4,9
Rajasthan,Barmer,1,38
Rajasthan,Bharatpur,8,7
Rajasthan,Bhilwara,1,9
Rajasthan,Bikaner,26,10
Rajasthan,Bundi,59,22
Rajasthan,Chittorgarh,1,9
Rajasthan,Churu,14,4
Rajasthan,Dausa,3,5
Rajasthan,Dholpur,9,12
Rajasthan,Dungarpur,16,6
Rajasthan,Ganganagar,6,5
Rajasthan,Hanumangarh,23,20
Rajasthan,Jaipur,18,20
Rajasthan,Jaisalmer,3,3
Rajasthan,Jalor,9,14
Rajasthan,Jhalawar,6,14
Rajasthan,Jhunjhunun,3,8
Rajasthan,Jodhpur,4,14
Rajasthan,Karauli,6,23
Rajasthan,Kota,4,3
Rajasthan,Nagaur,12,10
Rajasthan,Pali,16,16
Rajasthan,Pratapgarh,6,2
Rajasthan,Rajsamand,6,7
Rajasthan,Sawai Madhopur,19,3
Rajasthan,Sikar,3,14
Rajasthan,Sirohi,4,1
Rajasthan,Tonk,5,4
Rajasthan,Udaipur,15,24
Sikkim,North Sikkim,1,0
Tamil Nadu,Ariyalur,0,1
Tamil Nadu,Chennai,3,38
Tamil Nadu,Coimbatore,4,14
Tamil Nadu,Cuddalore,0,5
Tamil Nadu,Dharmapuri,0,6
Tamil Nadu,Dindigul,1,6
Tamil Nadu,Erode,2,4
Tamil Nadu,Kancheepuram,7,7
Tamil Nadu,Kanniyakumari,0,3
Tamil Nadu,Karur,1,3
Tamil Nadu,Krishnagiri,1,89
Tamil Nadu,Madurai,2,13
Tamil Nadu,Nagapattinam,0,3
Tamil Nadu,Namakkal,9,13
Tamil Nadu,Perambalur,0,6
Tamil Nadu,Ramanathapuram,1,1
Tamil Nadu,Salem,2,23
Tamil Nadu,Sivaganga,0,7
Tamil Nadu,Thanjavur,3,89
Tamil Nadu,The Nilgiris,1,2
Tamil Nadu,Thiruvarur,1,0
Tamil Nadu,Thoothukkudi,1,5
Tamil Nadu,Tiruchirappalli,2,0
Tamil Nadu,Tirunelveli,1,21
Tamil Nadu,Tiruppur,1,41
Tamil Nadu,Tiruvallur,4,37
Tamil Nadu,Tiruvannamalai,15,83
Tamil Nadu,Vellore,4,11
Tamil Nadu,Villupuram,3,326
Telangana,Hyderabad,4,4
Telangana,K.v. Rangareddy,5,7
Telangana,Karimnagar,0,11
Telangana,Khammam,1,1
Telangana,Mahabubnagar,2,6
Telangana,Medak,0,7
Telangana,Nalgonda,1,8
Telangana,Nizamabad,1,4
Tripura,Dhalai,0,4
Tripura,Gomati,0,3
Tripura,Khowai,0,2
Tripura,Sepahijala,2,3
Uttar Pradesh,Agra,7,22
Uttar Pradesh,Aligarh,7,9
Uttar Pradesh,Allahabad,7,9
Uttar Pradesh,Ambedkar Nagar,3,13
Uttar Pradesh,Amethi,1,10
Uttar Pradesh,Amroha,0,9
Uttar Pradesh,Auraiya,2,4
Uttar Pradesh,Azamgarh,22,42
Uttar Pradesh,Baghpat,2,12
Uttar Pradesh,Bahraich,34,32
Uttar Pradesh,Ballia,13,8
Uttar Pradesh,Balrampur,109,63
Uttar Pradesh,Banda,7,11
Uttar Pradesh,Bara Banki,10,13
Uttar Pradesh,Bareilly,4,16
Uttar Pradesh,Basti,12,9
Uttar Pradesh,Bijnor,10,14
Uttar Pradesh,Budaun,35,29
Uttar Pradesh,Bulandshahr,54,29
Uttar Pradesh,Chandauli,6,4
Uttar Pradesh,Chitrakoot,5,13
Uttar Pradesh,Deoria,3,32
Uttar Pradesh,Etah,3,4
Uttar Pradesh,Etawah,5,7
Uttar Pradesh,Faizabad,2,16
Uttar Pradesh,Farrukhabad,9,3
Uttar Pradesh,Fatehpur,27,63
Uttar Pradesh,Firozabad,3,34
Uttar Pradesh,Gautam Buddha Nagar,7,1
Uttar Pradesh,Ghaziabad,12,16
Uttar Pradesh,Ghazipur,4,5
Uttar Pradesh,Gonda,8,14
Uttar Pradesh,Gorakhpur,25,14
Uttar Pradesh,Hamirpur,35,14
Uttar Pradesh,Hapur,1,5
Uttar Pradesh,Hardoi,7,22
Uttar Pradesh,Hathras,5,3
Uttar Pradesh,Jalaun,25,22
Uttar Pradesh,Jaunpur,13,25
Uttar Pradesh,Jhansi,6,5
Uttar Pradesh,Kannauj,10,6
Uttar Pradesh,Kanpur Dehat,1,5
Uttar Pradesh,Kanpur Nagar,3,21
Uttar Pradesh,Kasganj,0,24
Uttar Pradesh,Kaushambi,5,8
Uttar Pradesh,Kheri,23,28
Uttar Pradesh,Kushinagar,6,11
Uttar Pradesh,Lalitpur,100,14
Uttar Pradesh,Lucknow,6,13
Uttar Pradesh,Maharajganj,2,12
Uttar Pradesh,Mahoba,2,7
Uttar Pradesh,Mainpuri,3,47
Uttar Pradesh,Mathura,3,7
Uttar Pradesh,Mau,5,4
Uttar Pradesh,Meerut,25,9
Uttar Pradesh,Mirzapur,11,6
Uttar Pradesh,Moradabad,10,11
Uttar Pradesh,Muzaffarnagar,5,8
Uttar Pradesh,Pilibhit,6,11
Uttar Pradesh,Pratapgarh,7,7
Uttar Pradesh,Rae Bareli,1,3
Uttar Pradesh,Rampur,4,4
Uttar Pradesh,Saharanpur,11,14
Uttar Pradesh,Sambhal,17,9
Uttar Pradesh,Sant Kabir Nagar,6,7
Uttar Pradesh,Sant Ravidas Nagar,4,2
Uttar Pradesh,Shahjahanpur,9,46
Uttar Pradesh,Shamli,1,9
Uttar Pradesh,Shrawasti,12,22
Uttar Pradesh,Siddharthnagar,69,56
Uttar Pradesh,Sitapur,15,14
Uttar Pradesh,Sonbhadra,28,78
Uttar Pradesh,Sultanpur,7,11
Uttar Pradesh,Unnao,6,31
Uttar Pradesh,Varanasi,1,13
Uttarakhand,Almora,2,2
Uttarakhand,Bageshwar,0,3
Uttarakhand,Chamoli,0,2
Uttarakhand,Dehradun,2,2
Uttarakhand,Haridwar,9,14
Uttarakhand,Pauri Garhwal,3,4
Uttarakhand,Pithoragarh,2,3
Uttarakhand,Rudraprayag,31,9
Uttarakhand,Tehri Garhwal,7,2
Uttarakhand,Udham Singh Nagar,17,4
Uttarakhand,Uttarkashi,2,2
West Bengal,Bankura,13,15
West Bengal,Barddhaman,24,295
West Bengal,Birbhum,14,6
West Bengal,Cooch Behar,4,10
West Bengal,Dakshin Dinajpur,3,1
West Bengal,Darjeeling,0,10
West Bengal,Hooghly,0,1
West Bengal,Howrah,3,3
West Bengal,Jalpaiguri,1,8
West Bengal,Kolkata,0,3
West Bengal,Malda,1,21
West Bengal,Murshidabad,26,4
West Bengal,Nadia,3,22
West Bengal,North 24 Parganas,39,340
West Bengal,Paschim Medinipur,3,2
West Bengal,Purba Medinipur,25,132
West Bengal,Puruliya,1,9
West Bengal,South 24 Parganas,6,8
West Bengal,Uttar Dinajpur,7,1
