State,District,Aadhaar generated,Enrolment Rejected
Andaman and Nicobar Islands,Nicobar,11,14
Andaman and Nicobar Islands,North And Middle Andaman,28,17
Andaman and Nicobar Islands,South Andaman,25,91
Andhra Pradesh,Ananthapur,302,266
Andhra Pradesh,Chittoor,367,142
Andhra Pradesh,Cuddapah,661,108
Andhra Pradesh,East Godavari,413,154
Andhra Pradesh,Guntur,349,174
Andhra Pradesh,Krishna,405,220
Andhra Pradesh,Kurnool,230,234
Andhra Pradesh,Nellore,321,207
Andhra Pradesh,Prakasam,199,95
Andhra Pradesh,Srikakulam,143,108
Andhra Pradesh,Visakhapatnam,413,208
Andhra Pradesh,Vizianagaram,156,127
Andhra Pradesh,West Godavari,271,137
Arunachal Pradesh,Changlang,3,0
Arunachal Pradesh,East Kameng,4,0
Arunachal Pradesh,East Siang,155,33
Arunachal Pradesh,Lohit,1494,37
Arunachal Pradesh,Longding,10,3
Arunachal Pradesh,Lower Dibang Valley,14,12
Arunachal Pradesh,Lower Subansiri,64,28
Arunachal Pradesh,Namsai,8,10
Arunachal Pradesh,Papum Pare,12,8
Arunachal Pradesh,Tawang,10,11
Arunachal Pradesh,Tirap,21,6
Arunachal Pradesh,Upper Subansiri,14,13
Arunachal Pradesh,West Kameng,17,6
Arunachal Pradesh,West Siang,1,1
Assam,Baksa,17,1
Assam,Barpeta,51,4
Assam,Bongaigaon,95,2
Assam,Cachar,63,2
Assam,Chirang,15,1
Assam,Darrang,12,0
Assam,Dhemaji,7,1
Assam,Dhubri,21,2
Assam,Dibrugarh,12,1
Assam,Goalpara,37,0
Assam,Golaghat,20,9
Assam,Hailakandi,9,0
Assam,Jorhat,16,1
Assam,Kamrup,311,7
Assam,Kamrup Metro,16,0
Assam,Karbi Anglong,17,5
Assam,Karimganj,7,1
Assam,Kokrajhar,19,0
Assam,Lakhimpur,8,2
Assam,Marigaon,16,0
Assam,Nagaon,5045,8
Assam,Nalbari,16,0
Assam,North Cachar Hills,1,0
Assam,Sibsagar,4,0
Assam,Sonitpur,787,1
Assam,Tinsukia,15,0
Assam,Udalguri,20,1
Bihar,Araria,5993,705
Bihar,Arwal,74,65
Bihar,Aurangabad,2476,594
Bihar,Banka,5887,626
Bihar,Begusarai,5073,1008
Bihar,Bhagalpur,6069,1206
Bihar,Bhojpur,3383,769
Bihar,Buxar,4412,503
Bihar,Darbhanga,11967,1651
Bihar,East Champaran,3993,910
Bihar,Gaya,2143,564
Bihar,Gopalganj,2127,575
Bihar,Jamui,2268,580
Bihar,Jehanabad,1092,137
Bihar,Kaimur (Bhabua),3007,439
Bihar,Katihar,3602,668
Bihar,Khagaria,3376,550
Bihar,Kishanganj,379,64
Bihar,Lakhisarai,687,240
Bihar,Madhepura,9655,1138
Bihar,Madhubani,7593,1422
Bihar,Munger,653,132
Bihar,Muzaffarpur,3605,719
Bihar,Nalanda,8061,1202
Bihar,Nawada,7778,814
Bihar,Patna,6819,1608
Bihar,Purnia,12054,1114
Bihar,Rohtas,5408,1050
Bihar,Saharsa,2668,713
Bihar,Samastipur,9902,1445
Bihar,Saran,2579,474
Bihar,Sheikhpura,109,110
Bihar,Sheohar,198,124
Bihar,Sitamarhi,4113,618
Bihar,Siwan,3995,397
Bihar,Supaul,4520,803
Bihar,Vaishali,2174,717
Bihar,West Champaran,7934,936
Chandigarh,Chandigarh,199,37
Chhattisgarh,Balod,2009,403
Chhattisgarh,Baloda Bazar,9966,841
Chhattisgarh,Balrampur,7654,477
Chhattisgarh,Bastar,9238,264
Chhattisgarh,Bemetara,1140,349
Chhattisgarh,Bijapur,441,33
Chhattisgarh,Bilaspur,1731,690
Chhattisgarh,Dakshin Bastar Dantewada,3157,64
Chhattisgarh,Dantewada,557,26
Chhattisgarh,Dhamtari,924,365
Chhattisgarh,Durg,1701,251
Chhattisgarh,Gariyaband,1094,105
Chhattisgarh,Janjgir-champa,3334,675
Chhattisgarh,Jashpur,12106,597
Chhattisgarh,Kabeerdham,1007,111
Chhattisgarh,Kanker,2209,195
Chhattisgarh,Kawardha,1575,209
Chhattisgarh,Kondagaon,388,205
Chhattisgarh,Korba,3048,682
Chhattisgarh,Koriya,974,304
Chhattisgarh,Mahasamund,1345,326
Chhattisgarh,Mungeli,4615,247
Chhattisgarh,Narayanpur,482,29
Chhattisgarh,Raigarh,2490,243
Chhattisgarh,Raipur,4155,471
Chhattisgarh,Rajnandgaon,2510,319
Chhattisgarh,Sukma,197,69
Chhattisgarh,Surajpur,10263,522
Chhattisgarh,Surguja,7084,434
Chhattisgarh,Uttar Bastar Kanker,1376,94
Dadra and Nagar Haveli,Dadra and Nagar Haveli,33,97
Daman and Diu,Daman,5,1
Daman and Diu,Diu,3,4
Delhi,Central Delhi,212,120
Delhi,East Delhi,439,289
Delhi,New Delhi,41,10
Delhi,North Delhi,163,101
Delhi,North East Delhi,1622,686
Delhi,North West Delhi,1095,620
Delhi,South Delhi,755,440
Delhi,South West Delhi,647,287
Delhi,West Delhi,763,307
Goa,North Goa,90,22
Goa,South Goa,177,19
Gujarat,Ahmedabad,4492,828
Gujarat,Amreli,2239,172
Gujarat,Anand,836,113
Gujarat,Banaskantha,830,205
Gujarat,Bharuch,792,467
Gujarat,Bhavnagar,1522,946
Gujarat,Dahod,719,201
Gujarat,Gandhinagar,605,86
Gujarat,Jamnagar,351,87
Gujarat,Junagadh,450,117
Gujarat,Kachchh,1540,57
Gujarat,Kheda,1526,240
Gujarat,Mahesana,548,154
Gujarat,Narmada,235,194
Gujarat,Navsari,213,42
Gujarat,Panchmahals,910,171
Gujarat,Patan,540,193
Gujarat,Porbandar,69,115
Gujarat,Rajkot,729,160
Gujarat,Sabarkantha,2402,279
Gujarat,Surat,2212,665
Gujarat,Surendra Nagar,3203,189
Gujarat,Tapi,452,67
Gujarat,The Dangs,264,19
Gujarat,Vadodara,2276,215
Gujarat,Valsad,266,126
Haryana,Ambala,1318,270
Haryana,Bhiwani,2755,423
Haryana,Faridabad,2425,525
Haryana,Fatehabad,1095,194
Haryana,Gurgaon,1344,349
Haryana,Hisar,2782,541
Haryana,Jhajjar,1838,398
Haryana,Jind,1566,422
Haryana,Kaithal,1120,340
Haryana,Karnal,1207,447
Haryana,Kurukshetra,641,142
Haryana,Mahendragarh,1272,272
Haryana,Mewat,1852,592
Haryana,Palwal,1903,842
Haryana,Panchkula,663,130
Haryana,Panipat,807,270
Haryana,Rewari,1586,250
Haryana,Rohtak,2495,431
Haryana,Sirsa,2158,443
Haryana,Sonipat,1125,490
Haryana,Yamuna Nagar,1829,454
Himachal Pradesh,Bilaspur,6,5
Himachal Pradesh,Chamba,122,11
Himachal Pradesh,Hamirpur,22,8
Himachal Pradesh,Kangra,991,82
Himachal Pradesh,Kinnaur,39,7
Himachal Pradesh,Kullu,202,38
Himachal Pradesh,Lahul and Spiti,4,0
Himachal Pradesh,Mandi,155,32
Himachal Pradesh,Shimla,424,22
Himachal Pradesh,Sirmaur,175,18
Himachal Pradesh,Solan,113,22
Himachal Pradesh,Una,23,5
Jammu and Kashmir,Anantnag,262,202
Jammu and Kashmir,Badgam,79,12
Jammu and Kashmir,Bandipore,6,4
Jammu and Kashmir,Baramula,296,82
Jammu and Kashmir,Doda,17,7
Jammu and Kashmir,Ganderbal,0,1
Jammu and Kashmir,Jammu,760,369
Jammu and Kashmir,Kathua,143,8
Jammu and Kashmir,Kishtwar,173,2
Jammu and Kashmir,Kulgam,15,15
Jammu and Kashmir,Kupwara,11,10
Jammu and Kashmir,Leh,1,2
Jammu and Kashmir,Pulwama,60,1
Jammu and Kashmir,Punch,126,4
Jammu and Kashmir,Rajouri,156,35
Jammu and Kashmir,Ramban,8,3
Jammu and Kashmir,Reasi,67,22
Jammu and Kashmir,Samba,78,8
Jammu and Kashmir,Shupiyan,131,19
Jammu and Kashmir,Srinagar,250,149
Jammu and Kashmir,Udhampur,107,78
Jharkhand,Bokaro,225,142
Jharkhand,Chatra,443,261
Jharkhand,Deoghar,446,465
Jharkhand,Dhanbad,642,271
Jharkhand,Dumka,529,510
Jharkhand,East Singhbhum,510,180
Jharkhand,Garhwa,501,116
Jharkhand,Giridih,1247,488
Jharkhand,Godda,509,416
Jharkhand,Gumla,312,103
Jharkhand,Hazaribagh,246,302
Jharkhand,Jamtara,147,110
Jharkhand,Khunti,111,79
Jharkhand,Koderma,393,131
Jharkhand,Latehar,279,108
Jharkhand,Lohardaga,19,50
Jharkhand,Pakur,128,185
Jharkhand,Palamu,1171,291
Jharkhand,Ramgarh,96,97
Jharkhand,Ranchi,248,253
Jharkhand,Sahebganj,320,305
Jharkhand,Seraikela-Kharsawan,102,148
Jharkhand,Simdega,411,78
Jharkhand,West Singhbhum,354,201
Karnataka,Bagalkot,428,237
Karnataka,Ballari,495,192
Karnataka,Bangalore Rural,149,102
Karnataka,Belagavi,559,476
Karnataka,Bengaluru,1416,509
Karnataka,Bidar,249,403
Karnataka,Chamrajanagar,117,172
Karnataka,Chikkaballapur,216,527
Karnataka,Chikkamagaluru,365,79
Karnataka,Chitradurga,295,361
Karnataka,Dakshina Kannada,460,151
Karnataka,Davangere,296,172
Karnataka,Dharwad,558,175
Karnataka,Gadag,58,63
Karnataka,Hassan,164,133
Karnataka,Haveri,745,344
Karnataka,Kalaburagi,620,231
Karnataka,Kodagu,86,25
Karnataka,Kolar,456,369
Karnataka,Koppal,252,150
Karnataka,Mandya,706,295
Karnataka,Mysuru,78,110
Karnataka,Raichur,1011,292
Karnataka,Ramanagar,411,113
Karnataka,Shivamogga,298,69
Karnataka,Tumakuru,820,314
Karnataka,Udupi,164,54
Karnataka,Uttara Kannada,414,137
Karnataka,Vijayapura,357,191
Karnataka,Yadgir,2205,262
Kerala,Alappuzha,190,68
Kerala,Ernakulam,289,62
Kerala,Idukki,151,42
Kerala,Kannur,443,63
Kerala,Kasaragod,286,64
Kerala,Kollam,435,168
Kerala,Kottayam,430,43
Kerala,Kozhikode,335,51
Kerala,Malappuram,1186,105
Kerala,Palakkad,427,80
Kerala,Pathanamthitta,229,24
Kerala,Thiruvananthapuram,273,146
Kerala,Thrissur,338,74
Kerala,Wayanad,83,19
Lakshadweep,Lakshadweep,2,7
Madhya Pradesh,Alirajpur,273,85
Madhya Pradesh,Anuppur,747,207
Madhya Pradesh,Ashok Nagar,1222,156
Madhya Pradesh,Balaghat,1048,616
Madhya Pradesh,Barwani,884,407
Madhya Pradesh,Betul,637,191
Madhya Pradesh,Bhind,1424,259
Madhya Pradesh,Bhopal,1287,954
Madhya Pradesh,Burhanpur,76,35
Madhya Pradesh,Chhatarpur,2988,525
Madhya Pradesh,Chhindwara,610,232
Madhya Pradesh,Damoh,677,238
Madhya Pradesh,Datia,939,172
Madhya Pradesh,Dewas,647,392
Madhya Pradesh,Dhar,912,265
Madhya Pradesh,Dindori,397,219
Madhya Pradesh,Guna,2356,580
Madhya Pradesh,Gwalior,1006,401
Madhya Pradesh,Harda,34,15
Madhya Pradesh,Hoshangabad,149,124
Madhya Pradesh,Indore,821,344
Madhya Pradesh,Jabalpur,1251,493
Madhya Pradesh,Jhabua,866,302
Madhya Pradesh,Katni,1248,366
Madhya Pradesh,Khandwa,354,139
Madhya Pradesh,Khargone,823,205
Madhya Pradesh,Mandla,1361,577
Madhya Pradesh,Mandsaur,207,172
Madhya Pradesh,Morena,4795,657
Madhya Pradesh,Narsinghpur,321,181
Madhya Pradesh,Neemuch,1202,248
Madhya Pradesh,Panna,759,120
Madhya Pradesh,Raisen,617,265
Madhya Pradesh,Rajgarh,3754,476
Madhya Pradesh,Ratlam,464,356
Madhya Pradesh,Rewa,1582,405
Madhya Pradesh,Sagar,1303,418
Madhya Pradesh,Satna,1797,514
Madhya Pradesh,Sehore,443,132
Madhya Pradesh,Seoni,894,282
Madhya Pradesh,Shahdol,1575,301
Madhya Pradesh,Shajapur,269,352
Madhya Pradesh,Sheopur,2304,179
Madhya Pradesh,Shivpuri,3585,353
Madhya Pradesh,Sidhi,2183,480
Madhya Pradesh,Singrauli,3403,665
Madhya Pradesh,Tikamgarh,1548,205
Madhya Pradesh,Ujjain,918,284
Madhya Pradesh,Umaria,635,185
Madhya Pradesh,Vidisha,1192,292
Maharashtra,Ahmadnagar,1279,454
Maharashtra,Akola,893,264
Maharashtra,Amravati,600,494
Maharashtra,Aurangabad,2920,714
Maharashtra,Beed,2456,452
Maharashtra,Bhandara,508,203
Maharashtra,Buldhana,1703,331
Maharashtra,Chandrapur,1436,613
Maharashtra,Dhule,921,288
Maharashtra,Gadchiroli,594,133
Maharashtra,Gondiya,699,310
Maharashtra,Hingoli,1467,265
Maharashtra,Jalgaon,570,364
Maharashtra,Jalna,940,568
Maharashtra,Kolhapur,2674,668
Maharashtra,Latur,1170,386
Maharashtra,Mumbai,2090,433
Maharashtra,Nagpur,913,316
Maharashtra,Nanded,1992,446
Maharashtra,Nandurbar,291,204
Maharashtra,Nashik,1505,353
Maharashtra,Osmanabad,1248,470
Maharashtra,Palghar,762,227
Maharashtra,Parbhani,3480,829
Maharashtra,Pune,2783,755
Maharashtra,Raigarh,1538,206
Maharashtra,Ratnagiri,1145,160
Maharashtra,Sangli,1086,337
Maharashtra,Satara,1334,311
Maharashtra,Sindhudurg,575,147
Maharashtra,Solapur,4979,1004
Maharashtra,Thane,1847,519
Maharashtra,Wardha,216,147
Maharashtra,Washim,1418,377
Maharashtra,Yavatmal,1092,314
Manipur,Bishnupur,315,9
Manipur,Chandel,141,35
Manipur,Churachandpur,78,121
Manipur,Imphal East,909,86
Manipur,Imphal West,1071,48
Manipur,Senapati,354,26
Manipur,Tamenglong,45,10
Manipur,Thoubal,180,57
Manipur,Ukhrul,28,3
Meghalaya,East Khasi Hills,155,4
Meghalaya,Jaintia Hills,1,0
Meghalaya,Ri Bhoi,3,0
Meghalaya,West Garo Hills,5,1
Meghalaya,West Khasi Hills,1,0
Mizoram,Aizawl,26,14
Mizoram,Champhai,4,0
Mizoram,Kolasib,5,1
Mizoram,Lunglei,7,1
Mizoram,Mammit,3,1
Mizoram,Saiha,6,0
Mizoram,Serchhip,1,0
Nagaland,Dimapur,32,50
Nagaland,Kiphire,4,30
Nagaland,Kohima,16,52
Nagaland,Longleng,0,13
Nagaland,Mokokchung,7,8
Nagaland,Mon,6,83
Nagaland,Peren,16,17
Nagaland,Phek,8,31
Nagaland,Tuensang,5,3
Nagaland,Wokha,17,40
Nagaland,Zunheboto,7,15
Odisha,Angul,14,3
Odisha,Balangir,67,116
Odisha,Baleswar,2675,105
Odisha,Bargarh,2493,418
Odisha,Bhadrak,482,57
Odisha,Boudh,128,12
Odisha,Cuttack,101,90
Odisha,Debagarh,1,0
Odisha,Dhenkanal,460,71
Odisha,Gajapati,76,4
Odisha,Ganjam,290,97
Odisha,Jagatsinghapur,73,44
Odisha,Jajapur,1360,172
Odisha,Jharsuguda,74,2
Odisha,Kalahandi,100,69
Odisha,Kandhamal,17,2
Odisha,Kendrapara,40,7
Odisha,Kendujhar,501,99
Odisha,Khorda,673,235
Odisha,Koraput,1842,35
Odisha,Malkangiri,7964,249
Odisha,Mayurbhanj,1084,192
Odisha,Nabarangapur,1096,111
Odisha,Nayagarh,1189,16
Odisha,Nuapada,20,11
Odisha,Puri,28,13
Odisha,Rayagada,189,147
Odisha,Sambalpur,1661,191
Odisha,Sonapur,15,69
Odisha,Sundergarh,78,11
Others,Others,5,0
Puducherry,Karaikal,96,15
Puducherry,Puducherry,138,41
Punjab,Amritsar,1531,573
Punjab,Barnala,460,132
Punjab,Bathinda,1492,310
Punjab,Faridkot,157,59
Punjab,Fatehgarh Sahib,652,78
Punjab,Fazilka,942,345
Punjab,Ferozepur,775,301
Punjab,Gurdaspur,682,232
Punjab,Hoshiarpur,1498,213
Punjab,Jalandhar,982,254
Punjab,Kapurthala,337,198
Punjab,Ludhiana,2586,1021
Punjab,Mansa,714,112
Punjab,Moga,625,216
Punjab,Pathankot,419,127
Punjab,Patiala,1093,374
Punjab,Rupnagar,641,76
Punjab,SAS Nagar (Mohali),1041,246
Punjab,Sangrur,933,289
Punjab,Shaheed Bhagat Singh Nagar,327,60
Punjab,Sri Muktsar Sahib,710,178
Punjab,Tarn Taran,877,253
Rajasthan,Ajmer,776,342
Rajasthan,Alwar,1002,590
Rajasthan,Banswara,1680,567
Rajasthan,Baran,1216,376
Rajasthan,Barmer,1276,483
Rajasthan,Bharatpur,2557,609
Rajasthan,Bhilwara,3750,745
Rajasthan,Bikaner,2105,583
Rajasthan,Bundi,1543,328
Rajasthan,Chittorgarh,1958,423
Rajasthan,Churu,1110,362
Rajasthan,Dausa,536,552
Rajasthan,Dholpur,2390,722
Rajasthan,Dungarpur,2040,526
Rajasthan,Ganganagar,1759,513
Rajasthan,Hanumangarh,2422,640
Rajasthan,Jaipur,3521,1295
Rajasthan,Jaisalmer,788,169
Rajasthan,Jalor,1457,476
Rajasthan,Jhalawar,2314,464
Rajasthan,Jhunjhunun,516,251
Rajasthan,Jodhpur,4144,873
Rajasthan,Karauli,3125,492
Rajasthan,Kota,534,443
Rajasthan,Nagaur,4639,964
Rajasthan,Pali,981,514
Rajasthan,Pratapgarh,3719,445
Rajasthan,Rajsamand,594,419
Rajasthan,Sawai Madhopur,2809,414
Rajasthan,Sikar,1740,694
Rajasthan,Sirohi,1550,362
Rajasthan,Tonk,948,276
Rajasthan,Udaipur,1677,736
Sikkim,East Sikkim,13,17
Sikkim,North Sikkim,0,2
Sikkim,South Sikkim,5,23
Sikkim,West Sikkim,113,18
Tamil Nadu,Ariyalur,593,25
Tamil Nadu,Chennai,908,268
Tamil Nadu,Coimbatore,177,209
Tamil Nadu,Cuddalore,7424,200
Tamil Nadu,Dharmapuri,676,290
Tamil Nadu,Dindigul,2718,215
Tamil Nadu,Erode,1556,231
Tamil Nadu,Kancheepuram,4049,380
Tamil Nadu,Kanniyakumari,111,58
Tamil Nadu,Karur,166,159
Tamil Nadu,Krishnagiri,3633,248
Tamil Nadu,Madurai,1416,281
Tamil Nadu,Nagapattinam,78,50
Tamil Nadu,Namakkal,37,69
Tamil Nadu,Perambalur,6,9
Tamil Nadu,Pudukkottai,952,154
Tamil Nadu,Ramanathapuram,7,8
Tamil Nadu,Salem,2487,320
Tamil Nadu,Sivaganga,20,1
Tamil Nadu,Thanjavur,2654,190
Tamil Nadu,The Nilgiris,27,172
Tamil Nadu,Theni,9,36
Tamil Nadu,Thiruvarur,2190,4
Tamil Nadu,Thoothukkudi,187,56
Tamil Nadu,Tiruchirappalli,189,62
Tamil Nadu,Tirunelveli,883,296
Tamil Nadu,Tiruppur,26,158
Tamil Nadu,Tiruvallur,725,430
Tamil Nadu,Tiruvannamalai,2434,88
Tamil Nadu,Vellore,702,551
Tamil Nadu,Villupuram,2833,313
Tamil Nadu,Virudhunagar,12879,63
Telangana,Adilabad,187,74
Telangana,Hyderabad,839,309
Telangana,K.v. Rangareddy,526,312
Telangana,Karimnagar,265,109
Telangana,Khammam,112,73
Telangana,Mahabubnagar,434,233
Telangana,Medak,325,150
Telangana,Nalgonda,809,157
Telangana,Nizamabad,432,124
Telangana,Warangal,240,90
Tripura,Dhalai,296,21
Tripura,Gomati,205,27
Tripura,Khowai,70,47
Tripura,North Tripura,132,49
Tripura,Sepahijala,160,43
Tripura,South Tripura,112,75
Tripura,Unakoti,213,41
Tripura,West Tripura,541,191
Uttar Pradesh,Agra,2686,1333
Uttar Pradesh,Aligarh,2849,1452
Uttar Pradesh,Allahabad,3567,1449
Uttar Pradesh,Ambedkar Nagar,2241,484
Uttar Pradesh,Amethi,1666,1102
Uttar Pradesh,Amroha,1876,583
Uttar Pradesh,Auraiya,1860,776
Uttar Pradesh,Azamgarh,8003,1539
Uttar Pradesh,Baghpat,1873,536
Uttar Pradesh,Bahraich,17041,1245
Uttar Pradesh,Ballia,1767,797
Uttar Pradesh,Balrampur,6576,667
Uttar Pradesh,Banda,4400,639
Uttar Pradesh,Bara Banki,2534,1115
Uttar Pradesh,Bareilly,1980,2058
Uttar Pradesh,Basti,2122,889
Uttar Pradesh,Bijnor,2897,1431
Uttar Pradesh,Budaun,3554,805
Uttar Pradesh,Bulandshahr,8653,1457
Uttar Pradesh,Chandauli,3500,883
Uttar Pradesh,Chitrakoot,584,267
Uttar Pradesh,Deoria,3354,1111
Uttar Pradesh,Etah,904,581
Uttar Pradesh,Etawah,1144,508
Uttar Pradesh,Faizabad,2413,2001
Uttar Pradesh,Farrukhabad,2268,700
Uttar Pradesh,Fatehpur,8642,1874
Uttar Pradesh,Firozabad,1684,962
Uttar Pradesh,Gautam Buddha Nagar,2389,614
Uttar Pradesh,Ghaziabad,3972,1234
Uttar Pradesh,Ghazipur,3041,964
Uttar Pradesh,Gonda,4870,949
Uttar Pradesh,Gorakhpur,5070,1880
Uttar Pradesh,Hamirpur,2339,309
Uttar Pradesh,Hapur,2852,387
Uttar Pradesh,Hardoi,12057,2310
Uttar Pradesh,Hathras,1022,758
Uttar Pradesh,Jalaun,9508,896
Uttar Pradesh,Jaunpur,5060,1172
Uttar Pradesh,Jhansi,2051,665
Uttar Pradesh,Kannauj,1477,605
Uttar Pradesh,Kanpur Dehat,2059,728
Uttar Pradesh,Kanpur Nagar,3431,1949
Uttar Pradesh,Kasganj,1106,420
Uttar Pradesh,Kaushambi,2188,437
Uttar Pradesh,Kheri,6315,1260
Uttar Pradesh,Kushinagar,5293,1039
Uttar Pradesh,Lalitpur,2303,320
Uttar Pradesh,Lucknow,3563,1908
Uttar Pradesh,Maharajganj,2429,1174
Uttar Pradesh,Mahoba,2392,362
Uttar Pradesh,Mainpuri,2354,1063
Uttar Pradesh,Mathura,2988,1122
Uttar Pradesh,Mau,1512,363
Uttar Pradesh,Meerut,3064,1829
Uttar Pradesh,Mirzapur,3289,626
Uttar Pradesh,Moradabad,2991,933
Uttar Pradesh,Muzaffarnagar,2236,844
Uttar Pradesh,Pilibhit,1007,1003
Uttar Pradesh,Pratapgarh,1975,1328
Uttar Pradesh,Rae Bareli,2097,898
Uttar Pradesh,Rampur,2373,884
Uttar Pradesh,Saharanpur,2677,1327
Uttar Pradesh,Sambhal,4393,734
Uttar Pradesh,Sant Kabir Nagar,1147,688
Uttar Pradesh,Sant Ravidas Nagar,946,705
Uttar Pradesh,Shahjahanpur,5299,1200
Uttar Pradesh,Shamli,1438,413
Uttar Pradesh,Shrawasti,1910,433
Uttar Pradesh,Siddharthnagar,9975,801
Uttar Pradesh,Sitapur,10929,1790
Uttar Pradesh,Sonbhadra,7785,987
Uttar Pradesh,Sultanpur,1891,563
Uttar Pradesh,Unnao,2406,1297
Uttar Pradesh,Varanasi,2522,1129
Uttarakhand,Almora,3928,249
Uttarakhand,Bageshwar,697,45
Uttarakhand,Chamoli,1551,24
Uttarakhand,Champawat,39,10
Uttarakhand,Dehradun,2023,423
Uttarakhand,Haridwar,3577,1079
Uttarakhand,Nainital,1692,176
Uttarakhand,Pauri Garhwal,5200,272
Uttarakhand,Pithoragarh,3277,181
Uttarakhand,Rudraprayag,1598,339
Uttarakhand,Tehri Garhwal,1237,178
Uttarakhand,Udham Singh Nagar,1619,576
Uttarakhand,Uttarkashi,2768,60
West Bengal,Bankura,93,162
West Bengal,Barddhaman,546,738
West Bengal,Birbhum,373,354
West Bengal,Cooch Behar,1682,114
West Bengal,Dakshin Dinajpur,1302,55
West Bengal,Darjeeling,1051,110
West Bengal,Hooghly,302,90
West Bengal,Howrah,51,82
West Bengal,Jalpaiguri,1838,137
West Bengal,Kolkata,2028,38
West Bengal,Malda,275,169
West Bengal,Murshidabad,2564,290
West Bengal,Nadia,548,340
West Bengal,North 24 Parganas,2558,454
West Bengal,Paschim Medinipur,435,624
West Bengal,Purba Medinipur,457,888
West Bengal,Puruliya,1012,478
West Bengal,South 24 Parganas,1632,866
West Bengal,Uttar Dinajpur,2154,78
