State,District,Aadhaar generated,Enrolment Rejected
Andaman and Nicobar Islands,Nicobar,46,2
Andaman and Nicobar Islands,North And Middle Andaman,5,19
Andaman and Nicobar Islands,South Andaman,35,15
Andhra Pradesh,Ananthapur,273,139
Andhra Pradesh,Chittoor,221,78
Andhra Pradesh,Cuddapah,265,57
Andhra Pradesh,East Godavari,299,56
Andhra Pradesh,Guntur,271,54
Andhra Pradesh,Krishna,110,46
Andhra Pradesh,Kurnool,326,87
Andhra Pradesh,Nellore,185,83
Andhra Pradesh,Prakasam,152,54
Andhra Pradesh,Srikakulam,146,16
Andhra Pradesh,Visakhapatnam,260,101
Andhra Pradesh,Vizianagaram,118,39
Andhra Pradesh,West Godavari,312,44
Arunachal Pradesh,Anjaw,0,1
Arunachal Pradesh,Changlang,5,0
Arunachal Pradesh,East Kameng,2,0
Arunachal Pradesh,East Siang,2,2
Arunachal Pradesh,Lohit,144,36
Arunachal Pradesh,Longding,9,0
Arunachal Pradesh,Lower Dibang Valley,0,6
Arunachal Pradesh,Lower Subansiri,2,9
Arunachal Pradesh,Namsai,164,3
Arunachal Pradesh,Papum Pare,72,2
Arunachal Pradesh,Siang,0,1
Arunachal Pradesh,Tawang,0,2
Arunachal Pradesh,Tirap,1,2
Arunachal Pradesh,Upper Subansiri,0,23
Arunachal Pradesh,West Kameng,1,1
Arunachal Pradesh,West Siang,1,0
Assam,Baksa,49,0
Assam,Barpeta,102,4
Assam,Bongaigaon,24,1
Assam,Cachar,39,3
Assam,Chirang,13,1
Assam,Darrang,20,0
Assam,Dhemaji,15,2
Assam,Dhubri,35,1
Assam,Dibrugarh,9,0
Assam,Goalpara,14,0
Assam,Golaghat,904,42
Assam,Hailakandi,4,1
Assam,Jorhat,14,1
Assam,Kamrup,133,6
Assam,Kamrup Metro,64,0
Assam,Karbi Anglong,12,0
Assam,Karimganj,24,0
Assam,Kokrajhar,16,0
Assam,Lakhimpur,22,0
Assam,Marigaon,21,1
Assam,Nagaon,593,13
Assam,Nalbari,32,1
Assam,Sibsagar,13,0
Assam,Sonitpur,362,1
Assam,Tinsukia,18,0
Assam,Udalguri,35,1
Bihar,Araria,12583,655
Bihar,Arwal,897,44
Bihar,Aurangabad,1948,259
Bihar,Banka,5432,334
Bihar,Begusarai,6540,427
Bihar,Bhagalpur,8818,404
Bihar,Bhojpur,5148,303
Bihar,Buxar,3794,312
Bihar,Darbhanga,16242,842
Bihar,East Champaran,5863,638
Bihar,Gaya,2196,282
Bihar,Gopalganj,1958,315
Bihar,Jamui,4814,272
Bihar,Jehanabad,486,61
Bihar,Kaimur (Bhabua),6594,314
Bihar,Katihar,2938,256
Bihar,Khagaria,4463,233
Bihar,Kishanganj,395,45
Bihar,Lakhisarai,1421,96
Bihar,Madhepura,14061,607
Bihar,Madhubani,6590,657
Bihar,Munger,883,217
Bihar,Muzaffarpur,3150,342
Bihar,Nalanda,6722,659
Bihar,Nawada,6450,447
Bihar,Patna,8395,822
Bihar,Purnia,8023,666
Bihar,Rohtas,13412,542
Bihar,Saharsa,2703,266
Bihar,Samastipur,14114,863
Bihar,Saran,2254,170
Bihar,Sheikhpura,119,15
Bihar,Sheohar,265,64
Bihar,Sitamarhi,2742,355
Bihar,Siwan,2241,387
Bihar,Supaul,6891,528
Bihar,Vaishali,2757,330
Bihar,West Champaran,10775,779
Chandigarh,Chandigarh,435,44
Chhattisgarh,Balod,1525,161
Chhattisgarh,Baloda Bazar,3912,373
Chhattisgarh,Balrampur,9823,412
Chhattisgarh,Bastar,6163,392
Chhattisgarh,Bemetara,648,88
Chhattisgarh,Bijapur,460,56
Chhattisgarh,Bilaspur,839,191
Chhattisgarh,Dakshin Bastar Dantewada,373,50
Chhattisgarh,Dantewada,496,21
Chhattisgarh,Dhamtari,521,113
Chhattisgarh,Durg,478,151
Chhattisgarh,Gariyaband,256,122
Chhattisgarh,Janjgir-champa,1080,400
Chhattisgarh,Jashpur,8967,465
Chhattisgarh,Kabeerdham,347,35
Chhattisgarh,Kanker,913,125
Chhattisgarh,Kawardha,1049,53
Chhattisgarh,Kondagaon,682,42
Chhattisgarh,Korba,3015,177
Chhattisgarh,Koriya,362,106
Chhattisgarh,Mahasamund,632,89
Chhattisgarh,Mungeli,201,377
Chhattisgarh,Narayanpur,11,9
Chhattisgarh,Raigarh,1925,210
Chhattisgarh,Raipur,1285,182
Chhattisgarh,Rajnandgaon,940,186
Chhattisgarh,Sukma,1363,46
Chhattisgarh,Surajpur,2649,272
Chhattisgarh,Surguja,3997,222
Chhattisgarh,Uttar Bastar Kanker,308,60
Dadra and Nagar Haveli,Dadra and Nagar Haveli,1353,14
Daman and Diu,Daman,7,3
Daman and Diu,Diu,3,0
Delhi,Central Delhi,120,38
Delhi,East Delhi,504,114
Delhi,New Delhi,28,5
Delhi,North Delhi,190,52
Delhi,North East Delhi,1521,381
Delhi,North West Delhi,993,313
Delhi,South Delhi,739,152
Delhi,South West Delhi,565,146
Delhi,West Delhi,718,140
Goa,North Goa,62,19
Goa,South Goa,60,14
Gujarat,Ahmedabad,4281,527
Gujarat,Amreli,844,160
Gujarat,Anand,1185,79
Gujarat,Banaskantha,2105,219
Gujarat,Bharuch,1330,125
Gujarat,Bhavnagar,3256,378
Gujarat,Dahod,1673,298
Gujarat,Gandhinagar,1078,53
Gujarat,Jamnagar,1744,59
Gujarat,Junagadh,379,77
Gujarat,Kachchh,1941,97
Gujarat,Kheda,881,251
Gujarat,Mahesana,605,103
Gujarat,Narmada,1281,40
Gujarat,Navsari,94,23
Gujarat,Panchmahals,1115,123
Gujarat,Patan,2047,132
Gujarat,Porbandar,268,53
Gujarat,Rajkot,1518,181
Gujarat,Sabarkantha,2760,107
Gujarat,Surat,2802,356
Gujarat,Surendra Nagar,2278,155
Gujarat,Tapi,351,37
Gujarat,The Dangs,60,21
Gujarat,Vadodara,3910,201
Gujarat,Valsad,130,62
Haryana,Ambala,402,71
Haryana,Bhiwani,2038,352
Haryana,Faridabad,1330,278
Haryana,Fatehabad,1050,177
Haryana,Gurgaon,893,147
Haryana,Hisar,1412,394
Haryana,Jhajjar,994,191
Haryana,Jind,1453,257
Haryana,Kaithal,876,183
Haryana,Karnal,920,145
Haryana,Kurukshetra,734,98
Haryana,Mahendragarh,475,123
Haryana,Mewat,1459,395
Haryana,Palwal,1052,324
Haryana,Panchkula,572,97
Haryana,Panipat,1002,198
Haryana,Rewari,1004,235
Haryana,Rohtak,1058,235
Haryana,Sirsa,518,275
Haryana,Sonipat,1410,239
Haryana,Yamuna Nagar,1962,215
Himachal Pradesh,Bilaspur,16,6
Himachal Pradesh,Chamba,32,11
Himachal Pradesh,Hamirpur,33,5
Himachal Pradesh,Kangra,201,64
Himachal Pradesh,Kinnaur,10,3
Himachal Pradesh,Kullu,238,15
Himachal Pradesh,Lahul and Spiti,7,1
Himachal Pradesh,Mandi,58,17
Himachal Pradesh,Shimla,140,14
Himachal Pradesh,Sirmaur,53,6
Himachal Pradesh,Solan,39,4
Himachal Pradesh,Una,31,7
Jammu and Kashmir,Anantnag,661,583
Jammu and Kashmir,Badgam,20,223
Jammu and Kashmir,Bandipore,11,407
Jammu and Kashmir,Baramula,107,2615
Jammu and Kashmir,Doda,20,203
Jammu and Kashmir,Ganderbal,48,143
Jammu and Kashmir,Jammu,1353,2887
Jammu and Kashmir,Kargil,8,1
Jammu and Kashmir,Kathua,45,899
Jammu and Kashmir,Kishtwar,370,101
Jammu and Kashmir,Kulgam,436,57
Jammu and Kashmir,Kupwara,8,421
Jammu and Kashmir,Leh,18,0
Jammu and Kashmir,Pulwama,217,175
Jammu and Kashmir,Punch,7,1379
Jammu and Kashmir,Rajouri,23,151
Jammu and Kashmir,Ramban,12,165
Jammu and Kashmir,Reasi,42,271
Jammu and Kashmir,Samba,57,239
Jammu and Kashmir,Shupiyan,123,24
Jammu and Kashmir,Srinagar,751,2793
Jammu and Kashmir,Udhampur,25,1813
Jharkhand,Bokaro,168,53
Jharkhand,Chatra,214,98
Jharkhand,Deoghar,351,67
Jharkhand,Dhanbad,274,103
Jharkhand,Dumka,327,68
Jharkhand,East Singhbhum,462,80
Jharkhand,Garhwa,78,51
Jharkhand,Giridih,749,264
Jharkhand,Godda,467,99
Jharkhand,Gumla,164,42
Jharkhand,Hazaribagh,254,50
Jharkhand,Jamtara,157,27
Jharkhand,Khunti,85,15
Jharkhand,Koderma,166,51
Jharkhand,Latehar,129,59
Jharkhand,Lohardaga,27,12
Jharkhand,Pakur,191,37
Jharkhand,Palamu,307,194
Jharkhand,Ramgarh,184,32
Jharkhand,Ranchi,407,66
Jharkhand,Sahebganj,371,62
Jharkhand,Seraikela-Kharsawan,113,29
Jharkhand,Simdega,267,40
Jharkhand,West Singhbhum,657,200
Karnataka,Bagalkot,1652,78
Karnataka,Ballari,499,202
Karnataka,Bangalore Rural,399,82
Karnataka,Belagavi,790,213
Karnataka,Bengaluru,1704,549
Karnataka,Bidar,411,97
Karnataka,Chamrajanagar,110,45
Karnataka,Chikkaballapur,516,148
Karnataka,Chikkamagaluru,178,42
Karnataka,Chitradurga,401,285
Karnataka,Dakshina Kannada,1265,49
Karnataka,Davangere,318,78
Karnataka,Dharwad,139,134
Karnataka,Gadag,139,18
Karnataka,Hassan,170,63
Karnataka,Haveri,186,180
Karnataka,Kalaburagi,344,92
Karnataka,Kodagu,94,19
Karnataka,Kolar,1130,169
Karnataka,Koppal,365,36
Karnataka,Mandya,375,117
Karnataka,Mysuru,324,39
Karnataka,Raichur,2214,175
Karnataka,Ramanagar,944,72
Karnataka,Shivamogga,760,30
Karnataka,Tumakuru,224,116
Karnataka,Udupi,98,29
Karnataka,Uttara Kannada,166,33
Karnataka,Vijayapura,283,53
Karnataka,Yadgir,154,210
Kerala,Alappuzha,459,26
Kerala,Ernakulam,257,32
Kerala,Idukki,154,7
Kerala,Kannur,303,30
Kerala,Kasaragod,277,50
Kerala,Kollam,320,45
Kerala,Kottayam,394,11
Kerala,Kozhikode,333,39
Kerala,Malappuram,874,64
Kerala,Palakkad,717,29
Kerala,Pathanamthitta,149,14
Kerala,Thiruvananthapuram,559,35
Kerala,Thrissur,449,45
Kerala,Wayanad,33,9
Lakshadweep,Lakshadweep,6,3
Madhya Pradesh,Alirajpur,317,63
Madhya Pradesh,Anuppur,332,143
Madhya Pradesh,Ashok Nagar,1692,78
Madhya Pradesh,Balaghat,656,174
Madhya Pradesh,Barwani,1182,176
Madhya Pradesh,Betul,634,75
Madhya Pradesh,Bhind,852,79
Madhya Pradesh,Bhopal,1248,319
Madhya Pradesh,Burhanpur,24,21
Madhya Pradesh,Chhatarpur,2114,287
Madhya Pradesh,Chhindwara,763,82
Madhya Pradesh,Damoh,959,149
Madhya Pradesh,Datia,850,44
Madhya Pradesh,Dewas,1779,156
Madhya Pradesh,Dhar,585,119
Madhya Pradesh,Dindori,242,47
Madhya Pradesh,Guna,1512,209
Madhya Pradesh,Gwalior,1971,335
Madhya Pradesh,Harda,23,13
Madhya Pradesh,Hoshangabad,120,47
Madhya Pradesh,Indore,639,151
Madhya Pradesh,Jabalpur,675,216
Madhya Pradesh,Jhabua,466,90
Madhya Pradesh,Katni,1408,142
Madhya Pradesh,Khandwa,405,118
Madhya Pradesh,Khargone,519,113
Madhya Pradesh,Mandla,770,171
Madhya Pradesh,Mandsaur,220,57
Madhya Pradesh,Morena,4397,334
Madhya Pradesh,Narsinghpur,309,79
Madhya Pradesh,Neemuch,208,94
Madhya Pradesh,Panna,364,62
Madhya Pradesh,Raisen,651,62
Madhya Pradesh,Rajgarh,3584,370
Madhya Pradesh,Ratlam,580,173
Madhya Pradesh,Rewa,1191,226
Madhya Pradesh,Sagar,1579,159
Madhya Pradesh,Satna,1955,259
Madhya Pradesh,Sehore,497,69
Madhya Pradesh,Seoni,339,106
Madhya Pradesh,Shahdol,541,109
Madhya Pradesh,Shajapur,230,108
Madhya Pradesh,Sheopur,1982,169
Madhya Pradesh,Shivpuri,4892,310
Madhya Pradesh,Sidhi,1687,261
Madhya Pradesh,Singrauli,1154,272
Madhya Pradesh,Tikamgarh,2095,165
Madhya Pradesh,Ujjain,1382,117
Madhya Pradesh,Umaria,467,65
Madhya Pradesh,Vidisha,669,161
Maharashtra,Ahmadnagar,1047,233
Maharashtra,Akola,698,170
Maharashtra,Amravati,1087,139
Maharashtra,Aurangabad,2250,387
Maharashtra,Beed,2795,353
Maharashtra,Bhandara,175,106
Maharashtra,Buldhana,815,251
Maharashtra,Chandrapur,1012,295
Maharashtra,Dhule,918,118
Maharashtra,Gadchiroli,681,61
Maharashtra,Gondiya,450,157
Maharashtra,Hingoli,873,231
Maharashtra,Jalgaon,703,140
Maharashtra,Jalna,1254,231
Maharashtra,Kolhapur,2071,364
Maharashtra,Latur,1225,196
Maharashtra,Mumbai,1736,303
Maharashtra,Nagpur,644,181
Maharashtra,Nanded,1820,300
Maharashtra,Nandurbar,647,70
Maharashtra,Nashik,1960,205
Maharashtra,Osmanabad,1410,234
Maharashtra,Palghar,880,103
Maharashtra,Parbhani,3065,477
Maharashtra,Pune,2269,355
Maharashtra,Raigarh,1286,119
Maharashtra,Ratnagiri,1390,105
Maharashtra,Sangli,659,167
Maharashtra,Satara,1139,157
Maharashtra,Sindhudurg,261,37
Maharashtra,Solapur,4009,396
Maharashtra,Thane,1384,233
Maharashtra,Wardha,182,84
Maharashtra,Washim,2152,782
Maharashtra,Yavatmal,858,148
Manipur,Bishnupur,103,1
Manipur,Chandel,32,5
Manipur,Churachandpur,55,6
Manipur,Imphal East,344,27
Manipur,Imphal West,292,15
Manipur,Senapati,833,8
Manipur,Tamenglong,47,1
Manipur,Thoubal,427,12
Manipur,Ukhrul,607,1
Meghalaya,East Garo Hills,0,1
Meghalaya,East Khasi Hills,21,5
Meghalaya,Ri Bhoi,1,0
Meghalaya,West Garo Hills,7,0
Meghalaya,West Khasi Hills,0,1
Mizoram,Aizawl,2,2
Mizoram,Champhai,3,0
Mizoram,Lunglei,0,5
Mizoram,Serchhip,1,1
Nagaland,Dimapur,9,12
Nagaland,Kiphire,2,1
Nagaland,Kohima,1,9
Nagaland,Mokokchung,3,3
Nagaland,Mon,3,2
Nagaland,Peren,0,6
Nagaland,Phek,1,2
Nagaland,Wokha,0,5
Nagaland,Zunheboto,1,10
Odisha,Angul,7,13
Odisha,Balangir,9,35
Odisha,Baleswar,24,60
Odisha,Bargarh,50,224
Odisha,Bhadrak,17,27
Odisha,Boudh,355,3
Odisha,Cuttack,25,21
Odisha,Debagarh,2,1
Odisha,Dhenkanal,116,41
Odisha,Gajapati,7,25
Odisha,Ganjam,58,156
Odisha,Jagatsinghapur,41,12
Odisha,Jajapur,23,123
Odisha,Jharsuguda,2,7
Odisha,Kalahandi,279,82
Odisha,Kandhamal,6,12
Odisha,Kendrapara,17,13
Odisha,Kendujhar,9,98
Odisha,Khorda,72,82
Odisha,Koraput,19,182
Odisha,Malkangiri,213,38
Odisha,Mayurbhanj,43,177
Odisha,Nabarangapur,40,136
Odisha,Nayagarh,11,151
Odisha,Nuapada,5,5
Odisha,Puri,3,7
Odisha,Rayagada,1606,193
Odisha,Sambalpur,199,118
Odisha,Sonapur,1823,268
Odisha,Sundergarh,783,676
Others,Others,7,2
Puducherry,Karaikal,85,12
Puducherry,Puducherry,32,14
Punjab,Amritsar,1441,184
Punjab,Barnala,190,54
Punjab,Bathinda,817,158
Punjab,Faridkot,93,27
Punjab,Fatehgarh Sahib,50,38
Punjab,Fazilka,811,168
Punjab,Ferozepur,348,87
Punjab,Gurdaspur,610,80
Punjab,Hoshiarpur,1006,85
Punjab,Jalandhar,759,86
Punjab,Kapurthala,320,50
Punjab,Ludhiana,2299,294
Punjab,Mansa,452,80
Punjab,Moga,332,55
Punjab,Pathankot,239,67
Punjab,Patiala,767,137
Punjab,Rupnagar,69,52
Punjab,SAS Nagar (Mohali),399,74
Punjab,Sangrur,1186,107
Punjab,Shaheed Bhagat Singh Nagar,312,60
Punjab,Sri Muktsar Sahib,403,86
Punjab,Tarn Taran,1094,101
Rajasthan,Ajmer,651,215
Rajasthan,Alwar,1126,250
Rajasthan,Banswara,2535,258
Rajasthan,Baran,1584,274
Rajasthan,Barmer,2682,652
Rajasthan,Bharatpur,2036,405
Rajasthan,Bhilwara,2858,497
Rajasthan,Bikaner,2259,373
Rajasthan,Bundi,2186,280
Rajasthan,Chittorgarh,1762,364
Rajasthan,Churu,822,181
Rajasthan,Dausa,951,181
Rajasthan,Dholpur,2722,419
Rajasthan,Dungarpur,2877,295
Rajasthan,Ganganagar,1749,243
Rajasthan,Hanumangarh,2304,263
Rajasthan,Jaipur,4229,580
Rajasthan,Jaisalmer,1754,136
Rajasthan,Jalor,2193,290
Rajasthan,Jhalawar,2528,506
Rajasthan,Jhunjhunun,554,76
Rajasthan,Jodhpur,3161,380
Rajasthan,Karauli,2098,280
Rajasthan,Kota,744,186
Rajasthan,Nagaur,3386,414
Rajasthan,Pali,1170,215
Rajasthan,Pratapgarh,885,317
Rajasthan,Rajsamand,808,161
Rajasthan,Sawai Madhopur,2550,251
Rajasthan,Sikar,1642,353
Rajasthan,Sirohi,1025,145
Rajasthan,Tonk,779,189
Rajasthan,Udaipur,1098,353
Sikkim,East Sikkim,20,6
Sikkim,North Sikkim,0,1
Sikkim,South Sikkim,4,0
Sikkim,West Sikkim,17,6
Tamil Nadu,Ariyalur,3,26
Tamil Nadu,Chennai,1570,156
Tamil Nadu,Coimbatore,49,58
Tamil Nadu,Cuddalore,8952,138
Tamil Nadu,Dharmapuri,4055,60
Tamil Nadu,Dindigul,1460,107
Tamil Nadu,Erode,286,94
Tamil Nadu,Kancheepuram,2330,181
Tamil Nadu,Kanniyakumari,1744,34
Tamil Nadu,Karur,4687,30
Tamil Nadu,Krishnagiri,689,236
Tamil Nadu,Madurai,1641,44
Tamil Nadu,Nagapattinam,62,27
Tamil Nadu,Namakkal,61,7
Tamil Nadu,Perambalur,22,6
Tamil Nadu,Pudukkottai,200,131
Tamil Nadu,Ramanathapuram,5857,9
Tamil Nadu,Salem,1123,184
Tamil Nadu,Sivaganga,5407,64
Tamil Nadu,Thanjavur,199,115
Tamil Nadu,The Nilgiris,569,15
Tamil Nadu,Theni,270,27
Tamil Nadu,Thiruvarur,54,48
Tamil Nadu,Thoothukkudi,1564,32
Tamil Nadu,Tiruchirappalli,35,62
Tamil Nadu,Tirunelveli,1763,189
Tamil Nadu,Tiruppur,3104,14
Tamil Nadu,Tiruvallur,1634,134
Tamil Nadu,Tiruvannamalai,252,141
Tamil Nadu,Vellore,3771,76
Tamil Nadu,Villupuram,2721,252
Tamil Nadu,Virudhunagar,284,140
Telangana,Adilabad,114,26
Telangana,Hyderabad,383,207
Telangana,K.v. Rangareddy,328,236
Telangana,Karimnagar,317,43
Telangana,Khammam,164,45
Telangana,Mahabubnagar,287,117
Telangana,Medak,193,119
Telangana,Nalgonda,577,68
Telangana,Nizamabad,267,79
Telangana,Warangal,160,66
Tripura,Dhalai,3,74
Tripura,Gomati,23,27
Tripura,Khowai,42,13
Tripura,North Tripura,8,16
Tripura,Sepahijala,71,19
Tripura,South Tripura,21,43
Tripura,Unakoti,138,13
Tripura,West Tripura,307,23
Uttar Pradesh,Agra,3893,574
Uttar Pradesh,Aligarh,4214,865
Uttar Pradesh,Allahabad,3326,560
Uttar Pradesh,Ambedkar Nagar,1239,236
Uttar Pradesh,Amethi,3727,328
Uttar Pradesh,Amroha,2016,329
Uttar Pradesh,Auraiya,1047,396
Uttar Pradesh,Azamgarh,5563,789
Uttar Pradesh,Baghpat,1448,215
Uttar Pradesh,Bahraich,10323,875
Uttar Pradesh,Ballia,2143,487
Uttar Pradesh,Balrampur,4137,422
Uttar Pradesh,Banda,2970,278
Uttar Pradesh,Bara Banki,2904,463
Uttar Pradesh,Bareilly,2712,1052
Uttar Pradesh,Basti,2563,306
Uttar Pradesh,Bijnor,2849,473
Uttar Pradesh,Budaun,7832,1135
Uttar Pradesh,Bulandshahr,4927,782
Uttar Pradesh,Chandauli,4940,372
Uttar Pradesh,Chitrakoot,898,214
Uttar Pradesh,Deoria,3248,411
Uttar Pradesh,Etah,1628,202
Uttar Pradesh,Etawah,758,220
Uttar Pradesh,Faizabad,1451,431
Uttar Pradesh,Farrukhabad,2977,275
Uttar Pradesh,Fatehpur,6364,633
Uttar Pradesh,Firozabad,3247,560
Uttar Pradesh,Gautam Buddha Nagar,2495,314
Uttar Pradesh,Ghaziabad,2790,487
Uttar Pradesh,Ghazipur,2647,367
Uttar Pradesh,Gonda,2905,451
Uttar Pradesh,Gorakhpur,3017,840
Uttar Pradesh,Hamirpur,3647,193
Uttar Pradesh,Hapur,1456,160
Uttar Pradesh,Hardoi,12064,1244
Uttar Pradesh,Hathras,2045,211
Uttar Pradesh,Jalaun,10397,652
Uttar Pradesh,Jaunpur,5171,528
Uttar Pradesh,Jhansi,4038,428
Uttar Pradesh,Kannauj,1068,231
Uttar Pradesh,Kanpur Dehat,1643,250
Uttar Pradesh,Kanpur Nagar,3258,752
Uttar Pradesh,Kasganj,2954,253
Uttar Pradesh,Kaushambi,1311,197
Uttar Pradesh,Kheri,3727,660
Uttar Pradesh,Kushinagar,2183,469
Uttar Pradesh,Lalitpur,4275,260
Uttar Pradesh,Lucknow,2356,488
Uttar Pradesh,Maharajganj,2411,334
Uttar Pradesh,Mahoba,1311,324
Uttar Pradesh,Mainpuri,3780,531
Uttar Pradesh,Mathura,3464,549
Uttar Pradesh,Mau,545,206
Uttar Pradesh,Meerut,3665,660
Uttar Pradesh,Mirzapur,4832,337
Uttar Pradesh,Moradabad,2550,512
Uttar Pradesh,Muzaffarnagar,1546,342
Uttar Pradesh,Pilibhit,1149,688
Uttar Pradesh,Pratapgarh,3412,732
Uttar Pradesh,Rae Bareli,1830,420
Uttar Pradesh,Rampur,2290,375
Uttar Pradesh,Saharanpur,1831,593
Uttar Pradesh,Sambhal,3991,420
Uttar Pradesh,Sant Kabir Nagar,948,261
Uttar Pradesh,Sant Ravidas Nagar,1399,159
Uttar Pradesh,Shahjahanpur,6975,705
Uttar Pradesh,Shamli,1884,230
Uttar Pradesh,Shrawasti,954,241
Uttar Pradesh,Siddharthnagar,8643,624
Uttar Pradesh,Sitapur,5856,846
Uttar Pradesh,Sonbhadra,6632,407
Uttar Pradesh,Sultanpur,1968,252
Uttar Pradesh,Unnao,5825,584
Uttar Pradesh,Varanasi,3351,430
Uttarakhand,Almora,2315,133
Uttarakhand,Bageshwar,277,22
Uttarakhand,Chamoli,1297,18
Uttarakhand,Champawat,36,1
Uttarakhand,Dehradun,896,164
Uttarakhand,Haridwar,1578,555
Uttarakhand,Nainital,1069,85
Uttarakhand,Pauri Garhwal,1652,148
Uttarakhand,Pithoragarh,1580,49
Uttarakhand,Rudraprayag,2570,68
Uttarakhand,Tehri Garhwal,1472,71
Uttarakhand,Udham Singh Nagar,1650,236
Uttarakhand,Uttarkashi,1149,41
West Bengal,Bankura,541,129
West Bengal,Barddhaman,783,460
West Bengal,Birbhum,129,143
West Bengal,Cooch Behar,823,154
West Bengal,Dakshin Dinajpur,282,178
West Bengal,Darjeeling,1263,195
West Bengal,Hooghly,301,151
West Bengal,Howrah,106,45
West Bengal,Jalpaiguri,909,672
West Bengal,Kolkata,77,96
West Bengal,Malda,677,384
West Bengal,Murshidabad,376,253
West Bengal,Nadia,438,230
West Bengal,North 24 Parganas,3752,998
West Bengal,Paschim Medinipur,695,438
West Bengal,Purba Medinipur,410,193
West Bengal,Puruliya,627,142
West Bengal,South 24 Parganas,2665,793
West Bengal,Uttar Dinajpur,310,367
