State,District,Aadhaar generated,Enrolment Rejected
Andaman and Nicobar Islands,Nicobar,49,11
Andaman and Nicobar Islands,North And Middle Andaman,6757,11
Andaman and Nicobar Islands,South Andaman,41,14
Andhra Pradesh,Ananthapur,467,70
Andhra Pradesh,Chittoor,288,33
Andhra Pradesh,Cuddapah,428,26
Andhra Pradesh,East Godavari,676,54
Andhra Pradesh,Guntur,388,47
Andhra Pradesh,Krishna,182,42
Andhra Pradesh,Kurnool,409,62
Andhra Pradesh,Nellore,401,91
Andhra Pradesh,Prakasam,292,36
Andhra Pradesh,Srikakulam,238,16
Andhra Pradesh,Visakhapatnam,628,98
Andhra Pradesh,Vizianagaram,267,36
Andhra Pradesh,West Godavari,300,28
Arunachal Pradesh,Anjaw,4,0
Arunachal Pradesh,Changlang,2,1
Arunachal Pradesh,Dibang Valley,1,0
Arunachal Pradesh,East Siang,16,18
Arunachal Pradesh,Lohit,127,0
Arunachal Pradesh,Longding,35,0
Arunachal Pradesh,Lower Dibang Valley,11,1
Arunachal Pradesh,Lower Subansiri,13,5
Arunachal Pradesh,Namsai,145,5
Arunachal Pradesh,Papum Pare,92,4
Arunachal Pradesh,Tawang,6,5
Arunachal Pradesh,Tirap,16,2
Arunachal Pradesh,Upper Siang,0,2
Arunachal Pradesh,Upper Subansiri,5,12
Arunachal Pradesh,West Kameng,16,2
Arunachal Pradesh,West Siang,1,0
Assam,Baksa,13,0
Assam,Barpeta,34,3
Assam,Bongaigaon,21,0
Assam,Cachar,40,0
Assam,Chirang,9,1
Assam,Darrang,7,0
Assam,Dhemaji,9,0
Assam,Dhubri,19,0
Assam,Dibrugarh,18,0
Assam,Goalpara,11,0
Assam,Golaghat,346,0
Assam,Hailakandi,8,0
Assam,Jorhat,16,0
Assam,Kamrup,77,3
Assam,Kamrup Metro,18,0
Assam,Karbi Anglong,13,1
Assam,Karimganj,17,0
Assam,Kokrajhar,11,0
Assam,Lakhimpur,12,0
Assam,Marigaon,8,0
Assam,Nagaon,1097,7
Assam,Nalbari,10,1
Assam,Sibsagar,9,0
Assam,Sonitpur,1074,4
Assam,Tinsukia,16,5
Assam,Udalguri,17,4
Bihar,Araria,15247,1446
Bihar,Arwal,595,24
Bihar,Aurangabad,6970,501
Bihar,Banka,6503,880
Bihar,Begusarai,6967,775
Bihar,Bhagalpur,10238,879
Bihar,Bhojpur,8721,406
Bihar,Buxar,3198,252
Bihar,Darbhanga,20473,1253
Bihar,East Champaran,9119,865
Bihar,Gaya,4142,266
Bihar,Gopalganj,2753,339
Bihar,Jamui,6970,855
Bihar,Jehanabad,688,64
Bihar,Kaimur (Bhabua),7546,326
Bihar,Katihar,8637,558
Bihar,Khagaria,5838,302
Bihar,Kishanganj,441,22
Bihar,Lakhisarai,1542,115
Bihar,Madhepura,14439,1033
Bihar,Madhubani,12568,1052
Bihar,Munger,2232,69
Bihar,Muzaffarpur,4326,418
Bihar,Nalanda,9827,595
Bihar,Nawada,6969,348
Bihar,Patna,8141,706
Bihar,Purnia,16333,1515
Bihar,Rohtas,13001,992
Bihar,Saharsa,3521,527
Bihar,Samastipur,17055,1074
Bihar,Saran,3112,154
Bihar,Sheikhpura,568,20
Bihar,Sheohar,389,61
Bihar,Sitamarhi,3948,253
Bihar,Siwan,4246,135
Bihar,Supaul,7119,1327
Bihar,Vaishali,4186,417
Bihar,West Champaran,12910,1407
Chandigarh,Chandigarh,347,25
Chhattisgarh,Balod,2886,202
Chhattisgarh,Baloda Bazar,6497,721
Chhattisgarh,Balrampur,10439,894
Chhattisgarh,Bastar,11890,192
Chhattisgarh,Bemetara,1446,158
Chhattisgarh,Bijapur,370,46
Chhattisgarh,Bilaspur,2290,1018
Chhattisgarh,Dakshin Bastar Dantewada,583,100
Chhattisgarh,Dantewada,311,36
Chhattisgarh,Dhamtari,1358,161
Chhattisgarh,Durg,2079,108
Chhattisgarh,Gariyaband,1642,170
Chhattisgarh,Janjgir-champa,2585,759
Chhattisgarh,Jashpur,14657,1352
Chhattisgarh,Kabeerdham,566,63
Chhattisgarh,Kanker,1473,191
Chhattisgarh,Kawardha,963,122
Chhattisgarh,Kondagaon,582,88
Chhattisgarh,Korba,3056,654
Chhattisgarh,Koriya,1532,233
Chhattisgarh,Mahasamund,1223,121
Chhattisgarh,Mungeli,1945,1169
Chhattisgarh,Narayanpur,153,30
Chhattisgarh,Raigarh,3074,257
Chhattisgarh,Raipur,2320,275
Chhattisgarh,Rajnandgaon,1474,301
Chhattisgarh,Sukma,1569,97
Chhattisgarh,Surajpur,7996,1030
Chhattisgarh,Surguja,6512,618
Chhattisgarh,Uttar Bastar Kanker,555,153
Dadra and Nagar Haveli,Dadra and Nagar Haveli,852,11
Daman and Diu,Daman,11,0
Daman and Diu,Diu,6,1
Delhi,Central Delhi,405,18
Delhi,East Delhi,752,163
Delhi,New Delhi,37,2
Delhi,North Delhi,353,64
Delhi,North East Delhi,1100,278
Delhi,North West Delhi,1532,231
Delhi,South Delhi,1156,149
Delhi,South West Delhi,842,93
Delhi,West Delhi,1023,119
Goa,North Goa,80,0
Goa,South Goa,135,2
Gujarat,Ahmedabad,5675,173
Gujarat,Amreli,2069,83
Gujarat,Anand,1889,71
Gujarat,Banaskantha,2601,138
Gujarat,Bharuch,1938,115
Gujarat,Bhavnagar,3849,116
Gujarat,Dahod,3332,151
Gujarat,Gandhinagar,1871,16
Gujarat,Jamnagar,1168,21
Gujarat,Junagadh,1380,29
Gujarat,Kachchh,2302,29
Gujarat,Kheda,2044,75
Gujarat,Mahesana,1181,45
Gujarat,Narmada,1957,67
Gujarat,Navsari,1036,12
Gujarat,Panchmahals,1885,115
Gujarat,Patan,2124,53
Gujarat,Porbandar,248,11
Gujarat,Rajkot,2931,105
Gujarat,Sabarkantha,3189,107
Gujarat,Surat,3430,225
Gujarat,Surendra Nagar,2128,76
Gujarat,Tapi,1328,12
Gujarat,The Dangs,406,26
Gujarat,Vadodara,6529,131
Gujarat,Valsad,619,22
Haryana,Ambala,620,97
Haryana,Bhiwani,1847,114
Haryana,Faridabad,2003,237
Haryana,Fatehabad,1667,103
Haryana,Gurgaon,1469,180
Haryana,Hisar,2888,191
Haryana,Jhajjar,1224,171
Haryana,Jind,1857,250
Haryana,Kaithal,1104,206
Haryana,Karnal,1324,168
Haryana,Kurukshetra,431,63
Haryana,Mahendragarh,1402,145
Haryana,Mewat,2505,564
Haryana,Palwal,2344,597
Haryana,Panchkula,539,37
Haryana,Panipat,1377,280
Haryana,Rewari,1085,111
Haryana,Rohtak,1216,253
Haryana,Sirsa,1178,235
Haryana,Sonipat,1401,195
Haryana,Yamuna Nagar,1425,168
Himachal Pradesh,Bilaspur,15,0
Himachal Pradesh,Chamba,58,8
Himachal Pradesh,Hamirpur,46,1
Himachal Pradesh,Kangra,303,30
Himachal Pradesh,Kinnaur,79,0
Himachal Pradesh,Kullu,60,12
Himachal Pradesh,Mandi,81,14
Himachal Pradesh,Shimla,132,8
Himachal Pradesh,Sirmaur,69,5
Himachal Pradesh,Solan,96,6
Himachal Pradesh,Una,67,4
Jammu and Kashmir,Anantnag,616,12
Jammu and Kashmir,Badgam,2875,308
Jammu and Kashmir,Bandipore,76,14
Jammu and Kashmir,Baramula,497,49
Jammu and Kashmir,Doda,100,24
Jammu and Kashmir,Ganderbal,55,1
Jammu and Kashmir,Jammu,1013,35
Jammu and Kashmir,Kargil,23,14
Jammu and Kashmir,Kathua,149,3
Jammu and Kashmir,Kishtwar,316,2
Jammu and Kashmir,Kulgam,267,10
Jammu and Kashmir,Kupwara,92,11
Jammu and Kashmir,Leh,14,27
Jammu and Kashmir,Pulwama,378,4
Jammu and Kashmir,Punch,618,26
Jammu and Kashmir,Rajouri,42,13
Jammu and Kashmir,Ramban,216,1
Jammu and Kashmir,Reasi,90,1
Jammu and Kashmir,Samba,72,0
Jammu and Kashmir,Shupiyan,137,0
Jammu and Kashmir,Srinagar,1533,24
Jammu and Kashmir,Udhampur,162,4
Jharkhand,Bokaro,257,20
Jharkhand,Chatra,273,151
Jharkhand,Deoghar,495,98
Jharkhand,Dhanbad,599,55
Jharkhand,Dumka,455,129
Jharkhand,East Singhbhum,605,22
Jharkhand,Garhwa,337,77
Jharkhand,Giridih,1131,150
Jharkhand,Godda,590,165
Jharkhand,Gumla,178,22
Jharkhand,Hazaribagh,449,57
Jharkhand,Jamtara,254,27
Jharkhand,Khunti,112,6
Jharkhand,Koderma,222,64
Jharkhand,Latehar,251,63
Jharkhand,Lohardaga,171,19
Jharkhand,Pakur,214,48
Jharkhand,Palamu,870,209
Jharkhand,Ramgarh,215,11
Jharkhand,Ranchi,655,34
Jharkhand,Sahebganj,578,126
Jharkhand,Seraikela-Kharsawan,220,11
Jharkhand,Simdega,217,53
Jharkhand,West Singhbhum,591,53
Karnataka,Bagalkot,1827,112
Karnataka,Ballari,1405,182
Karnataka,Bangalore Rural,716,43
Karnataka,Belagavi,1411,148
Karnataka,Bengaluru,3725,281
Karnataka,Bidar,464,131
Karnataka,Chamrajanagar,244,33
Karnataka,Chikkaballapur,1125,89
Karnataka,Chikkamagaluru,596,25
Karnataka,Chitradurga,1135,205
Karnataka,Dakshina Kannada,1048,66
Karnataka,Davangere,451,61
Karnataka,Dharwad,401,90
Karnataka,Gadag,326,31
Karnataka,Hassan,524,89
Karnataka,Haveri,692,154
Karnataka,Kalaburagi,586,88
Karnataka,Kodagu,233,1
Karnataka,Kolar,1154,94
Karnataka,Koppal,531,33
Karnataka,Mandya,873,85
Karnataka,Mysuru,441,34
Karnataka,Raichur,2534,154
Karnataka,Ramanagar,512,41
Karnataka,Shivamogga,1177,30
Karnataka,Tumakuru,416,67
Karnataka,Udupi,523,12
Karnataka,Uttara Kannada,293,14
Karnataka,Vijayapura,658,29
Karnataka,Yadgir,724,235
Kerala,Alappuzha,605,11
Kerala,Ernakulam,628,18
Kerala,Idukki,187,5
Kerala,Kannur,578,11
Kerala,Kasaragod,417,10
Kerala,Kollam,560,18
Kerala,Kottayam,560,12
Kerala,Kozhikode,525,21
Kerala,Malappuram,1389,30
Kerala,Palakkad,777,31
Kerala,Pathanamthitta,229,5
Kerala,Thiruvananthapuram,708,21
Kerala,Thrissur,810,15
Kerala,Wayanad,286,7
Lakshadweep,Lakshadweep,7,0
Madhya Pradesh,Alirajpur,711,46
Madhya Pradesh,Anuppur,600,148
Madhya Pradesh,Ashok Nagar,1837,80
Madhya Pradesh,Balaghat,1490,364
Madhya Pradesh,Barwani,1884,591
Madhya Pradesh,Betul,971,47
Madhya Pradesh,Bhind,1051,99
Madhya Pradesh,Bhopal,2020,330
Madhya Pradesh,Burhanpur,88,18
Madhya Pradesh,Chhatarpur,3282,366
Madhya Pradesh,Chhindwara,942,93
Madhya Pradesh,Damoh,981,117
Madhya Pradesh,Datia,515,33
Madhya Pradesh,Dewas,2107,135
Madhya Pradesh,Dhar,1477,133
Madhya Pradesh,Dindori,609,39
Madhya Pradesh,Guna,2352,421
Madhya Pradesh,Gwalior,1258,102
Madhya Pradesh,Harda,68,10
Madhya Pradesh,Hoshangabad,218,81
Madhya Pradesh,Indore,1102,119
Madhya Pradesh,Jabalpur,1167,108
Madhya Pradesh,Jhabua,1436,82
Madhya Pradesh,Katni,1564,232
Madhya Pradesh,Khandwa,482,120
Madhya Pradesh,Khargone,1983,110
Madhya Pradesh,Mandla,1090,181
Madhya Pradesh,Mandsaur,284,74
Madhya Pradesh,Morena,5221,818
Madhya Pradesh,Narsinghpur,380,75
Madhya Pradesh,Neemuch,609,88
Madhya Pradesh,Panna,521,64
Madhya Pradesh,Raisen,802,112
Madhya Pradesh,Rajgarh,5083,359
Madhya Pradesh,Ratlam,986,201
Madhya Pradesh,Rewa,1663,196
Madhya Pradesh,Sagar,2193,170
Madhya Pradesh,Satna,1842,228
Madhya Pradesh,Sehore,602,59
Madhya Pradesh,Seoni,666,106
Madhya Pradesh,Shahdol,1155,232
Madhya Pradesh,Shajapur,504,152
Madhya Pradesh,Sheopur,2196,166
Madhya Pradesh,Shivpuri,6306,327
Madhya Pradesh,Sidhi,2591,288
Madhya Pradesh,Singrauli,2211,597
Madhya Pradesh,Tikamgarh,2626,198
Madhya Pradesh,Ujjain,1049,109
Madhya Pradesh,Umaria,543,84
Madhya Pradesh,Vidisha,722,125
Maharashtra,Ahmadnagar,1696,123
Maharashtra,Akola,828,78
Maharashtra,Amravati,1274,161
Maharashtra,Aurangabad,2925,184
Maharashtra,Beed,3063,172
Maharashtra,Bhandara,284,39
Maharashtra,Buldhana,1330,150
Maharashtra,Chandrapur,1289,153
Maharashtra,Dhule,839,69
Maharashtra,Gadchiroli,356,35
Maharashtra,Gondiya,508,44
Maharashtra,Hingoli,917,64
Maharashtra,Jalgaon,1670,63
Maharashtra,Jalna,2050,181
Maharashtra,Kolhapur,3246,196
Maharashtra,Latur,1657,113
Maharashtra,Mumbai,2191,171
Maharashtra,Nagpur,801,89
Maharashtra,Nanded,1935,99
Maharashtra,Nandurbar,3575,73
Maharashtra,Nashik,2204,157
Maharashtra,Osmanabad,2099,139
Maharashtra,Palghar,891,52
Maharashtra,Parbhani,4753,300
Maharashtra,Pune,3515,247
Maharashtra,Raigarh,1389,57
Maharashtra,Ratnagiri,1925,114
Maharashtra,Sangli,1545,87
Maharashtra,Satara,1753,124
Maharashtra,Sindhudurg,353,15
Maharashtra,Solapur,5829,320
Maharashtra,Thane,2312,118
Maharashtra,Wardha,290,45
Maharashtra,Washim,2232,113
Maharashtra,Yavatmal,1427,73
Manipur,Bishnupur,191,10
Manipur,Chandel,181,1
Manipur,Churachandpur,309,24
Manipur,Imphal East,694,17
Manipur,Imphal West,580,10
Manipur,Senapati,293,8
Manipur,Tamenglong,90,0
Manipur,Thoubal,447,12
Manipur,Ukhrul,86,1
Meghalaya,East Garo Hills,1,0
Meghalaya,East Khasi Hills,38,7
Meghalaya,Jaintia Hills,0,1
Meghalaya,West Garo Hills,2,0
Mizoram,Aizawl,8,3
Mizoram,Champhai,15,2
Mizoram,Kolasib,94,0
Mizoram,Lawngtlai,5,1
Mizoram,Lunglei,6,0
Mizoram,Mammit,3,4
Mizoram,Saiha,2,0
Nagaland,Dimapur,110,2
Nagaland,Kiphire,8,0
Nagaland,Kohima,45,5
Nagaland,Longleng,6,0
Nagaland,Mokokchung,9,1
Nagaland,Mon,11,0
Nagaland,Peren,36,1
Nagaland,Phek,13,2
Nagaland,Tuensang,3,0
Nagaland,Wokha,20,1
Nagaland,Zunheboto,37,1
Odisha,Angul,47,0
Odisha,Balangir,139,9
Odisha,Baleswar,655,28
Odisha,Bargarh,2958,208
Odisha,Bhadrak,129,5
Odisha,Boudh,482,4
Odisha,Cuttack,1727,10
Odisha,Debagarh,246,0
Odisha,Dhenkanal,479,7
Odisha,Gajapati,753,43
Odisha,Ganjam,2804,132
Odisha,Jagatsinghapur,189,7
Odisha,Jajapur,422,20
Odisha,Jharsuguda,157,1
Odisha,Kalahandi,663,17
Odisha,Kandhamal,19,1
Odisha,Kendrapara,184,92
Odisha,Kendujhar,216,14
Odisha,Khorda,1203,17
Odisha,Koraput,149,32
Odisha,Malkangiri,3033,49
Odisha,Mayurbhanj,1753,115
Odisha,Nabarangapur,1846,16
Odisha,Nayagarh,92,19
Odisha,Nuapada,205,37
Odisha,Puri,47,2
Odisha,Rayagada,3270,37
Odisha,Sambalpur,1073,15
Odisha,Sonapur,909,4
Odisha,Sundergarh,2073,2
Others,Others,54,0
Puducherry,Karaikal,266,9
Puducherry,Puducherry,120,11
Punjab,Amritsar,1457,121
Punjab,Barnala,201,21
Punjab,Bathinda,859,97
Punjab,Faridkot,156,15
Punjab,Fatehgarh Sahib,247,38
Punjab,Fazilka,1030,98
Punjab,Ferozepur,715,74
Punjab,Gurdaspur,862,80
Punjab,Hoshiarpur,1258,46
Punjab,Jalandhar,811,74
Punjab,Kapurthala,490,38
Punjab,Ludhiana,2816,257
Punjab,Mansa,383,52
Punjab,Moga,534,41
Punjab,Pathankot,334,40
Punjab,Patiala,1077,138
Punjab,Rupnagar,183,23
Punjab,SAS Nagar (Mohali),408,71
Punjab,Sangrur,908,105
Punjab,Shaheed Bhagat Singh Nagar,382,72
Punjab,Sri Muktsar Sahib,547,68
Punjab,Tarn Taran,738,83
Rajasthan,Ajmer,1175,135
Rajasthan,Alwar,2143,274
Rajasthan,Banswara,3313,243
Rajasthan,Baran,1779,211
Rajasthan,Barmer,2825,317
Rajasthan,Bharatpur,2144,322
Rajasthan,Bhilwara,3987,301
Rajasthan,Bikaner,2879,225
Rajasthan,Bundi,3137,201
Rajasthan,Chittorgarh,1634,149
Rajasthan,Churu,1966,132
Rajasthan,Dausa,921,141
Rajasthan,Dholpur,3175,282
Rajasthan,Dungarpur,2841,384
Rajasthan,Ganganagar,1644,130
Rajasthan,Hanumangarh,2840,188
Rajasthan,Jaipur,5220,438
Rajasthan,Jaisalmer,2029,108
Rajasthan,Jalor,2598,221
Rajasthan,Jhalawar,3038,232
Rajasthan,Jhunjhunun,964,66
Rajasthan,Jodhpur,4113,266
Rajasthan,Karauli,3463,217
Rajasthan,Kota,1401,113
Rajasthan,Nagaur,5169,465
Rajasthan,Pali,2394,202
Rajasthan,Pratapgarh,1712,358
Rajasthan,Rajsamand,1302,108
Rajasthan,Sawai Madhopur,3580,177
Rajasthan,Sikar,1837,196
Rajasthan,Sirohi,2050,217
Rajasthan,Tonk,1404,107
Rajasthan,Udaipur,2827,342
Sikkim,East Sikkim,40,3
Sikkim,North Sikkim,46,6
Sikkim,South Sikkim,12,9
Sikkim,West Sikkim,57,8
Tamil Nadu,Ariyalur,16,3
Tamil Nadu,Chennai,7306,52
Tamil Nadu,Coimbatore,284,11
Tamil Nadu,Cuddalore,7714,128
Tamil Nadu,Dharmapuri,2576,41
Tamil Nadu,Dindigul,1547,99
Tamil Nadu,Erode,971,81
Tamil Nadu,Kancheepuram,1511,180
Tamil Nadu,Kanniyakumari,2346,26
Tamil Nadu,Karur,1340,47
Tamil Nadu,Krishnagiri,1113,177
Tamil Nadu,Madurai,3219,26
Tamil Nadu,Nagapattinam,1042,21
Tamil Nadu,Namakkal,1270,10
Tamil Nadu,Perambalur,457,2
Tamil Nadu,Pudukkottai,867,113
Tamil Nadu,Ramanathapuram,2829,25
Tamil Nadu,Salem,1558,112
Tamil Nadu,Sivaganga,2498,15
Tamil Nadu,Thanjavur,460,5
Tamil Nadu,The Nilgiris,360,98
Tamil Nadu,Theni,430,25
Tamil Nadu,Thiruvarur,389,4
Tamil Nadu,Thoothukkudi,4691,11
Tamil Nadu,Tiruchirappalli,913,35
Tamil Nadu,Tirunelveli,6778,33
Tamil Nadu,Tiruppur,1854,22
Tamil Nadu,Tiruvallur,5674,59
Tamil Nadu,Tiruvannamalai,1285,16
Tamil Nadu,Vellore,2295,66
Tamil Nadu,Villupuram,3277,48
Tamil Nadu,Virudhunagar,341,17
Telangana,Adilabad,241,17
Telangana,Hyderabad,1076,120
Telangana,K.v. Rangareddy,804,109
Telangana,Karimnagar,556,37
Telangana,Khammam,228,32
Telangana,Mahabubnagar,347,62
Telangana,Medak,333,74
Telangana,Nalgonda,654,32
Telangana,Nizamabad,360,46
Telangana,Warangal,236,30
Tripura,Dhalai,67,26
Tripura,Gomati,206,24
Tripura,Khowai,443,21
Tripura,North Tripura,195,19
Tripura,Sepahijala,137,25
Tripura,South Tripura,185,29
Tripura,Unakoti,259,14
Tripura,West Tripura,664,62
Uttar Pradesh,Agra,5196,526
Uttar Pradesh,Aligarh,3859,601
Uttar Pradesh,Allahabad,5138,651
Uttar Pradesh,Ambedkar Nagar,2077,200
Uttar Pradesh,Amethi,3987,508
Uttar Pradesh,Amroha,2292,336
Uttar Pradesh,Auraiya,975,390
Uttar Pradesh,Azamgarh,9375,1095
Uttar Pradesh,Baghpat,1457,166
Uttar Pradesh,Bahraich,14585,1557
Uttar Pradesh,Ballia,2828,511
Uttar Pradesh,Balrampur,7735,911
Uttar Pradesh,Banda,4438,171
Uttar Pradesh,Bara Banki,4003,608
Uttar Pradesh,Bareilly,3670,1481
Uttar Pradesh,Basti,2827,381
Uttar Pradesh,Bijnor,2736,425
Uttar Pradesh,Budaun,8724,1230
Uttar Pradesh,Bulandshahr,5856,1165
Uttar Pradesh,Chandauli,5139,351
Uttar Pradesh,Chitrakoot,903,78
Uttar Pradesh,Deoria,3023,488
Uttar Pradesh,Etah,1383,227
Uttar Pradesh,Etawah,1294,249
Uttar Pradesh,Faizabad,2390,716
Uttar Pradesh,Farrukhabad,4055,281
Uttar Pradesh,Fatehpur,7834,587
Uttar Pradesh,Firozabad,4397,581
Uttar Pradesh,Gautam Buddha Nagar,2940,249
Uttar Pradesh,Ghaziabad,3242,925
Uttar Pradesh,Ghazipur,3601,521
Uttar Pradesh,Gonda,3983,550
Uttar Pradesh,Gorakhpur,4590,789
Uttar Pradesh,Hamirpur,7477,156
Uttar Pradesh,Hapur,1377,1366
Uttar Pradesh,Hardoi,17036,1991
Uttar Pradesh,Hathras,1380,234
Uttar Pradesh,Jalaun,9440,549
Uttar Pradesh,Jaunpur,4410,858
Uttar Pradesh,Jhansi,3711,473
Uttar Pradesh,Kannauj,1393,196
Uttar Pradesh,Kanpur Dehat,1416,508
Uttar Pradesh,Kanpur Nagar,3571,922
Uttar Pradesh,Kasganj,3602,579
Uttar Pradesh,Kaushambi,1753,452
Uttar Pradesh,Kheri,9029,1343
Uttar Pradesh,Kushinagar,3716,565
Uttar Pradesh,Lalitpur,4822,348
Uttar Pradesh,Lucknow,2705,575
Uttar Pradesh,Maharajganj,3075,434
Uttar Pradesh,Mahoba,2177,198
Uttar Pradesh,Mainpuri,3299,384
Uttar Pradesh,Mathura,4118,257
Uttar Pradesh,Mau,2278,178
Uttar Pradesh,Meerut,3774,1099
Uttar Pradesh,Mirzapur,3660,557
Uttar Pradesh,Moradabad,2790,515
Uttar Pradesh,Muzaffarnagar,2993,659
Uttar Pradesh,Pilibhit,2010,920
Uttar Pradesh,Pratapgarh,2768,523
Uttar Pradesh,Rae Bareli,2489,331
Uttar Pradesh,Rampur,1832,737
Uttar Pradesh,Saharanpur,3105,1376
Uttar Pradesh,Sambhal,4361,771
Uttar Pradesh,Sant Kabir Nagar,2089,255
Uttar Pradesh,Sant Ravidas Nagar,1004,178
Uttar Pradesh,Shahjahanpur,6293,1593
Uttar Pradesh,Shamli,2244,399
Uttar Pradesh,Shrawasti,2186,161
Uttar Pradesh,Siddharthnagar,11424,929
Uttar Pradesh,Sitapur,10390,1822
Uttar Pradesh,Sonbhadra,11179,683
Uttar Pradesh,Sultanpur,1968,226
Uttar Pradesh,Unnao,5685,780
Uttar Pradesh,Varanasi,3105,471
Uttarakhand,Almora,4061,127
Uttarakhand,Bageshwar,363,10
Uttarakhand,Chamoli,1369,26
Uttarakhand,Champawat,60,8
Uttarakhand,Dehradun,913,152
Uttarakhand,Haridwar,3299,425
Uttarakhand,Nainital,1362,97
Uttarakhand,Pauri Garhwal,3246,254
Uttarakhand,Pithoragarh,3902,85
Uttarakhand,Rudraprayag,1983,30
Uttarakhand,Tehri Garhwal,1952,75
Uttarakhand,Udham Singh Nagar,1183,241
Uttarakhand,Uttarkashi,1511,68
West Bengal,Bankura,2032,139
West Bengal,Barddhaman,8021,114
West Bengal,Birbhum,1356,25
West Bengal,Cooch Behar,1965,17
West Bengal,Dakshin Dinajpur,1089,6
West Bengal,Darjeeling,2220,51
West Bengal,Hooghly,798,28
West Bengal,Howrah,2222,27
West Bengal,Jalpaiguri,2079,33
West Bengal,Kolkata,1123,14
West Bengal,Malda,4058,60
West Bengal,Murshidabad,4096,66
West Bengal,Nadia,1920,55
West Bengal,North 24 Parganas,10704,95
West Bengal,Paschim Medinipur,3364,110
West Bengal,Purba Medinipur,3344,40
West Bengal,Puruliya,1750,89
West Bengal,South 24 Parganas,12407,227
West Bengal,Uttar Dinajpur,1388,25
