State,District,Aadhaar generated,Enrolment Rejected
Andaman and Nicobar Islands,Nicobar,28,1
Andaman and Nicobar Islands,North And Middle Andaman,172,69
Andaman and Nicobar Islands,South Andaman,14,2
Andhra Pradesh,Ananthapur,342,79
Andhra Pradesh,Chittoor,244,41
Andhra Pradesh,Cuddapah,399,33
Andhra Pradesh,East Godavari,633,40
Andhra Pradesh,Guntur,277,39
Andhra Pradesh,Krishna,117,24
Andhra Pradesh,Kurnool,292,48
Andhra Pradesh,Nellore,230,37
Andhra Pradesh,Prakasam,246,40
Andhra Pradesh,Srikakulam,200,29
Andhra Pradesh,Visakhapatnam,512,77
Andhra Pradesh,Vizianagaram,207,25
Andhra Pradesh,West Godavari,230,26
Arunachal Pradesh,Changlang,3,0
Arunachal Pradesh,East Siang,26,1
Arunachal Pradesh,Lohit,130,0
Arunachal Pradesh,Longding,41,0
Arunachal Pradesh,Lower Subansiri,3,0
Arunachal Pradesh,Namsai,164,0
Arunachal Pradesh,Papum Pare,31,1
Arunachal Pradesh,Tawang,6,0
Arunachal Pradesh,Tirap,4,0
Arunachal Pradesh,West Kameng,1,0
Arunachal Pradesh,West Siang,1,0
Assam,Baksa,12,0
Assam,Barpeta,29,0
Assam,Bongaigaon,10,0
Assam,Cachar,27,2
Assam,Chirang,6,1
Assam,Darrang,7,0
Assam,Dhemaji,7,1
Assam,Dhubri,14,2
Assam,Dibrugarh,12,0
Assam,Goalpara,3,0
Assam,Golaghat,334,2
Assam,Hailakandi,5,0
Assam,Jorhat,10,0
Assam,Kamrup,32,5
Assam,Kamrup Metro,20,0
Assam,Karbi Anglong,9,0
Assam,Karimganj,12,0
Assam,Kokrajhar,8,0
Assam,Lakhimpur,10,0
Assam,Marigaon,8,0
Assam,Nagaon,284,21
Assam,Nalbari,8,0
Assam,Sibsagar,7,1
Assam,Sonitpur,1114,4
Assam,Tinsukia,13,0
Assam,Udalguri,17,1
Bihar,Araria,10994,576
Bihar,Arwal,621,29
Bihar,Aurangabad,6157,363
Bihar,Banka,4295,220
Bihar,Begusarai,5509,282
Bihar,Bhagalpur,8823,305
Bihar,Bhojpur,7254,227
Bihar,Buxar,2407,246
Bihar,Darbhanga,16484,647
Bihar,East Champaran,6216,632
Bihar,Gaya,2959,168
Bihar,Gopalganj,2077,295
Bihar,Jamui,3760,176
Bihar,Jehanabad,497,47
Bihar,Kaimur (Bhabua),6525,231
Bihar,Katihar,4862,255
Bihar,Khagaria,3956,158
Bihar,Kishanganj,285,41
Bihar,Lakhisarai,1178,79
Bihar,Madhepura,10994,498
Bihar,Madhubani,6582,436
Bihar,Munger,1697,93
Bihar,Muzaffarpur,2999,228
Bihar,Nalanda,6807,500
Bihar,Nawada,5303,333
Bihar,Patna,6580,499
Bihar,Purnia,8041,449
Bihar,Rohtas,10199,726
Bihar,Saharsa,2540,136
Bihar,Samastipur,14078,827
Bihar,Saran,2194,140
Bihar,Sheikhpura,176,15
Bihar,Sheohar,286,38
Bihar,Sitamarhi,2500,187
Bihar,Siwan,3094,202
Bihar,Supaul,5761,320
Bihar,Vaishali,3440,266
Bihar,West Champaran,8624,715
Chandigarh,Chandigarh,335,11
Chhattisgarh,Balod,1326,176
Chhattisgarh,Baloda Bazar,3506,297
Chhattisgarh,Balrampur,7361,299
Chhattisgarh,Bastar,8985,414
Chhattisgarh,Bemetara,1015,122
Chhattisgarh,Bijapur,212,15
Chhattisgarh,Bilaspur,1252,159
Chhattisgarh,Dakshin Bastar Dantewada,115,28
Chhattisgarh,Dantewada,129,19
Chhattisgarh,Dhamtari,1107,137
Chhattisgarh,Durg,1135,105
Chhattisgarh,Gariyaband,1101,104
Chhattisgarh,Janjgir-champa,859,217
Chhattisgarh,Jashpur,11474,809
Chhattisgarh,Kabeerdham,286,52
Chhattisgarh,Kanker,933,63
Chhattisgarh,Kawardha,406,71
Chhattisgarh,Kondagaon,440,57
Chhattisgarh,Korba,2872,156
Chhattisgarh,Koriya,1057,205
Chhattisgarh,Mahasamund,726,121
Chhattisgarh,Mungeli,580,102
Chhattisgarh,Narayanpur,31,15
Chhattisgarh,Raigarh,2397,140
Chhattisgarh,Raipur,1278,106
Chhattisgarh,Rajnandgaon,676,158
Chhattisgarh,Sukma,1380,46
Chhattisgarh,Surajpur,3529,179
Chhattisgarh,Surguja,2815,171
Chhattisgarh,Uttar Bastar Kanker,287,71
Dadra and Nagar Haveli,Dadra and Nagar Haveli,898,37
Daman and Diu,Daman,7,0
Daman and Diu,Diu,5,0
Delhi,Central Delhi,362,44
Delhi,East Delhi,550,98
Delhi,New Delhi,35,4
Delhi,North Delhi,312,31
Delhi,North East Delhi,898,255
Delhi,North West Delhi,1320,204
Delhi,South Delhi,898,101
Delhi,South West Delhi,655,117
Delhi,West Delhi,768,100
Goa,North Goa,60,10
Goa,South Goa,72,12
Gujarat,Ahmedabad,4313,290
Gujarat,Amreli,1694,61
Gujarat,Anand,1073,49
Gujarat,Banaskantha,2306,144
Gujarat,Bharuch,1443,241
Gujarat,Bhavnagar,2515,281
Gujarat,Dahod,2430,310
Gujarat,Gandhinagar,1724,74
Gujarat,Jamnagar,1190,48
Gujarat,Junagadh,1073,107
Gujarat,Kachchh,1961,53
Gujarat,Kheda,1471,252
Gujarat,Mahesana,760,51
Gujarat,Narmada,2243,198
Gujarat,Navsari,1076,14
Gujarat,Panchmahals,943,79
Gujarat,Patan,1831,123
Gujarat,Porbandar,173,29
Gujarat,Rajkot,2633,222
Gujarat,Sabarkantha,2193,88
Gujarat,Surat,2608,137
Gujarat,Surendra Nagar,1723,94
Gujarat,Tapi,1315,47
Gujarat,The Dangs,330,16
Gujarat,Vadodara,5047,397
Gujarat,Valsad,202,23
Haryana,Ambala,507,91
Haryana,Bhiwani,1688,172
Haryana,Faridabad,1480,182
Haryana,Fatehabad,1569,162
Haryana,Gurgaon,1081,110
Haryana,Hisar,2444,445
Haryana,Jhajjar,962,169
Haryana,Jind,1308,214
Haryana,Kaithal,820,155
Haryana,Karnal,1106,159
Haryana,Kurukshetra,402,48
Haryana,Mahendragarh,1240,122
Haryana,Mewat,1337,236
Haryana,Palwal,1360,241
Haryana,Panchkula,427,45
Haryana,Panipat,1060,154
Haryana,Rewari,878,139
Haryana,Rohtak,951,123
Haryana,Sirsa,825,194
Haryana,Sonipat,1169,180
Haryana,Yamuna Nagar,1422,156
Himachal Pradesh,Bilaspur,12,1
Himachal Pradesh,Chamba,36,3
Himachal Pradesh,Hamirpur,36,0
Himachal Pradesh,Kangra,162,51
Himachal Pradesh,Kinnaur,34,7
Himachal Pradesh,Kullu,23,9
Himachal Pradesh,Mandi,41,6
Himachal Pradesh,Shimla,47,19
Himachal Pradesh,Sirmaur,63,11
Himachal Pradesh,Solan,98,1
Himachal Pradesh,Una,47,4
Jammu and Kashmir,Anantnag,462,49
Jammu and Kashmir,Badgam,1628,6
Jammu and Kashmir,Bandipore,24,5
Jammu and Kashmir,Baramula,529,34
Jammu and Kashmir,Doda,103,1
Jammu and Kashmir,Ganderbal,43,9
Jammu and Kashmir,Jammu,1035,30
Jammu and Kashmir,Kargil,25,1
Jammu and Kashmir,Kathua,118,1
Jammu and Kashmir,Kishtwar,324,7
Jammu and Kashmir,Kulgam,297,6
Jammu and Kashmir,Kupwara,78,17
Jammu and Kashmir,Leh,13,3
Jammu and Kashmir,Pulwama,137,7
Jammu and Kashmir,Punch,9,2
Jammu and Kashmir,Rajouri,26,2
Jammu and Kashmir,Ramban,16,178
Jammu and Kashmir,Reasi,89,35
Jammu and Kashmir,Samba,45,10
Jammu and Kashmir,Shupiyan,145,3
Jammu and Kashmir,Srinagar,1584,43
Jammu and Kashmir,Udhampur,94,1
Jharkhand,Bokaro,209,16
Jharkhand,Chatra,136,51
Jharkhand,Deoghar,406,67
Jharkhand,Dhanbad,373,95
Jharkhand,Dumka,300,90
Jharkhand,East Singhbhum,504,94
Jharkhand,Garhwa,303,38
Jharkhand,Giridih,867,151
Jharkhand,Godda,393,91
Jharkhand,Gumla,154,26
Jharkhand,Hazaribagh,355,47
Jharkhand,Jamtara,242,9
Jharkhand,Khunti,118,14
Jharkhand,Koderma,214,39
Jharkhand,Latehar,223,25
Jharkhand,Lohardaga,142,5
Jharkhand,Pakur,169,28
Jharkhand,Palamu,781,163
Jharkhand,Ramgarh,212,11
Jharkhand,Ranchi,522,65
Jharkhand,Sahebganj,458,58
Jharkhand,Seraikela-Kharsawan,141,31
Jharkhand,Simdega,138,29
Jharkhand,West Singhbhum,572,122
Karnataka,Bagalkot,1802,135
Karnataka,Ballari,1208,128
Karnataka,Bangalore Rural,541,48
Karnataka,Belagavi,740,155
Karnataka,Bengaluru,2434,357
Karnataka,Bidar,137,47
Karnataka,Chamrajanagar,153,26
Karnataka,Chikkaballapur,436,109
Karnataka,Chikkamagaluru,354,29
Karnataka,Chitradurga,773,84
Karnataka,Dakshina Kannada,884,19
Karnataka,Davangere,144,48
Karnataka,Dharwad,271,39
Karnataka,Gadag,256,11
Karnataka,Hassan,303,21
Karnataka,Haveri,175,45
Karnataka,Kalaburagi,251,61
Karnataka,Kodagu,109,7
Karnataka,Kolar,878,69
Karnataka,Koppal,348,51
Karnataka,Mandya,517,83
Karnataka,Mysuru,340,65
Karnataka,Raichur,1646,71
Karnataka,Ramanagar,369,30
Karnataka,Shivamogga,738,108
Karnataka,Tumakuru,186,73
Karnataka,Udupi,199,21
Karnataka,Uttara Kannada,131,26
Karnataka,Vijayapura,389,38
Karnataka,Yadgir,170,86
Kerala,Alappuzha,591,20
Kerala,Ernakulam,509,33
Kerala,Idukki,103,5
Kerala,Kannur,538,26
Kerala,Kasaragod,336,16
Kerala,Kollam,511,38
Kerala,Kottayam,427,20
Kerala,Kozhikode,466,28
Kerala,Malappuram,1062,28
Kerala,Palakkad,586,38
Kerala,Pathanamthitta,167,4
Kerala,Thiruvananthapuram,643,35
Kerala,Thrissur,759,19
Kerala,Wayanad,324,15
Lakshadweep,Lakshadweep,3,0
Madhya Pradesh,Alirajpur,546,34
Madhya Pradesh,Anuppur,414,169
Madhya Pradesh,Ashok Nagar,1217,90
Madhya Pradesh,Balaghat,813,152
Madhya Pradesh,Barwani,735,192
Madhya Pradesh,Betul,696,53
Madhya Pradesh,Bhind,870,91
Madhya Pradesh,Bhopal,1433,277
Madhya Pradesh,Burhanpur,59,3
Madhya Pradesh,Chhatarpur,1792,165
Madhya Pradesh,Chhindwara,648,86
Madhya Pradesh,Damoh,645,125
Madhya Pradesh,Datia,333,44
Madhya Pradesh,Dewas,1867,120
Madhya Pradesh,Dhar,1096,89
Madhya Pradesh,Dindori,408,80
Madhya Pradesh,Guna,1240,207
Madhya Pradesh,Gwalior,1202,157
Madhya Pradesh,Harda,44,12
Madhya Pradesh,Hoshangabad,150,30
Madhya Pradesh,Indore,725,122
Madhya Pradesh,Jabalpur,786,166
Madhya Pradesh,Jhabua,1165,68
Madhya Pradesh,Katni,1094,182
Madhya Pradesh,Khandwa,319,76
Madhya Pradesh,Khargone,951,122
Madhya Pradesh,Mandla,751,160
Madhya Pradesh,Mandsaur,179,72
Madhya Pradesh,Morena,3710,288
Madhya Pradesh,Narsinghpur,314,59
Madhya Pradesh,Neemuch,390,100
Madhya Pradesh,Panna,283,31
Madhya Pradesh,Raisen,459,74
Madhya Pradesh,Rajgarh,3810,198
Madhya Pradesh,Ratlam,593,138
Madhya Pradesh,Rewa,1133,158
Madhya Pradesh,Sagar,1625,201
Madhya Pradesh,Satna,1401,234
Madhya Pradesh,Sehore,393,43
Madhya Pradesh,Seoni,370,109
Madhya Pradesh,Shahdol,581,135
Madhya Pradesh,Shajapur,384,67
Madhya Pradesh,Sheopur,1424,158
Madhya Pradesh,Shivpuri,3954,252
Madhya Pradesh,Sidhi,1287,152
Madhya Pradesh,Singrauli,952,281
Madhya Pradesh,Tikamgarh,1905,107
Madhya Pradesh,Ujjain,772,82
Madhya Pradesh,Umaria,239,87
Madhya Pradesh,Vidisha,464,123
Maharashtra,Ahmadnagar,1338,133
Maharashtra,Akola,569,110
Maharashtra,Amravati,1068,169
Maharashtra,Aurangabad,2379,204
Maharashtra,Beed,2543,138
Maharashtra,Bhandara,228,54
Maharashtra,Buldhana,1025,144
Maharashtra,Chandrapur,1143,149
Maharashtra,Dhule,669,74
Maharashtra,Gadchiroli,251,44
Maharashtra,Gondiya,466,135
Maharashtra,Hingoli,700,65
Maharashtra,Jalgaon,1498,109
Maharashtra,Jalna,1452,166
Maharashtra,Kolhapur,2888,186
Maharashtra,Latur,1177,114
Maharashtra,Mumbai,1630,134
Maharashtra,Nagpur,618,111
Maharashtra,Nanded,1392,193
Maharashtra,Nandurbar,3758,74
Maharashtra,Nashik,1857,186
Maharashtra,Osmanabad,1797,137
Maharashtra,Palghar,639,81
Maharashtra,Parbhani,3399,311
Maharashtra,Pune,2531,297
Maharashtra,Raigarh,1100,85
Maharashtra,Ratnagiri,1558,63
Maharashtra,Sangli,1199,126
Maharashtra,Satara,1572,123
Maharashtra,Sindhudurg,264,42
Maharashtra,Solapur,4189,401
Maharashtra,Thane,1942,167
Maharashtra,Wardha,233,47
Maharashtra,Washim,2022,175
Maharashtra,Yavatmal,1125,65
Manipur,Bishnupur,186,3
Manipur,Chandel,31,15
Manipur,Churachandpur,186,17
Manipur,Imphal East,312,33
Manipur,Imphal West,390,13
Manipur,Senapati,306,3
Manipur,Tamenglong,36,11
Manipur,Thoubal,448,9
Manipur,Ukhrul,88,0
Meghalaya,East Garo Hills,1,0
Meghalaya,East Khasi Hills,9,10
Meghalaya,West Garo Hills,1,0
Mizoram,Aizawl,6,1
Mizoram,Champhai,3,0
Mizoram,Kolasib,53,7
Mizoram,Lunglei,3,0
Mizoram,Mammit,3,0
Mizoram,Saiha,0,1
Nagaland,Dimapur,10,2
Nagaland,Kohima,3,0
Nagaland,Mokokchung,1,1
Nagaland,Mon,2,2
Nagaland,Peren,1,0
Nagaland,Phek,0,2
Nagaland,Zunheboto,3,4
Odisha,Angul,8,1
Odisha,Balangir,58,27
Odisha,Baleswar,56,54
Odisha,Bargarh,1459,96
Odisha,Bhadrak,21,12
Odisha,Boudh,529,12
Odisha,Cuttack,53,11
Odisha,Debagarh,2,0
Odisha,Dhenkanal,479,16
Odisha,Gajapati,52,51
Odisha,Ganjam,1887,122
Odisha,Jagatsinghapur,128,5
Odisha,Jajapur,109,61
Odisha,Jharsuguda,3,0
Odisha,Kalahandi,308,19
Odisha,Kandhamal,3,0
Odisha,Kendrapara,21,0
Odisha,Kendujhar,21,40
Odisha,Khorda,190,64
Odisha,Koraput,49,55
Odisha,Malkangiri,1407,265
Odisha,Mayurbhanj,961,138
Odisha,Nabarangapur,1710,67
Odisha,Nayagarh,29,119
Odisha,Nuapada,23,3
Odisha,Puri,14,2
Odisha,Rayagada,3654,100
Odisha,Sambalpur,1105,28
Odisha,Sonapur,1002,21
Odisha,Sundergarh,2022,523
Others,Others,10,0
Puducherry,Karaikal,198,25
Puducherry,Puducherry,98,13
Punjab,Amritsar,1131,144
Punjab,Barnala,150,39
Punjab,Bathinda,650,110
Punjab,Faridkot,95,10
Punjab,Fatehgarh Sahib,131,42
Punjab,Fazilka,730,84
Punjab,Ferozepur,499,60
Punjab,Gurdaspur,546,94
Punjab,Hoshiarpur,1112,74
Punjab,Jalandhar,596,49
Punjab,Kapurthala,356,29
Punjab,Ludhiana,2044,244
Punjab,Mansa,228,35
Punjab,Moga,304,83
Punjab,Pathankot,189,23
Punjab,Patiala,887,191
Punjab,Rupnagar,139,26
Punjab,SAS Nagar (Mohali),258,57
Punjab,Sangrur,611,119
Punjab,Shaheed Bhagat Singh Nagar,314,33
Punjab,Sri Muktsar Sahib,419,93
Punjab,Tarn Taran,624,45
Rajasthan,Ajmer,815,227
Rajasthan,Alwar,1775,206
Rajasthan,Banswara,2858,244
Rajasthan,Baran,1588,265
Rajasthan,Barmer,2275,443
Rajasthan,Bharatpur,1826,256
Rajasthan,Bhilwara,2807,509
Rajasthan,Bikaner,2578,238
Rajasthan,Bundi,2293,239
Rajasthan,Chittorgarh,1473,178
Rajasthan,Churu,1260,179
Rajasthan,Dausa,775,168
Rajasthan,Dholpur,2600,480
Rajasthan,Dungarpur,2349,245
Rajasthan,Ganganagar,1331,155
Rajasthan,Hanumangarh,2523,133
Rajasthan,Jaipur,4257,575
Rajasthan,Jaisalmer,1467,184
Rajasthan,Jalor,2187,258
Rajasthan,Jhalawar,2798,469
Rajasthan,Jhunjhunun,785,67
Rajasthan,Jodhpur,2975,313
Rajasthan,Karauli,3159,268
Rajasthan,Kota,963,132
Rajasthan,Nagaur,4446,321
Rajasthan,Pali,2281,187
Rajasthan,Pratapgarh,1016,198
Rajasthan,Rajsamand,974,171
Rajasthan,Sawai Madhopur,2811,276
Rajasthan,Sikar,1506,253
Rajasthan,Sirohi,1715,142
Rajasthan,Tonk,1149,153
Rajasthan,Udaipur,1999,250
Sikkim,East Sikkim,5,4
Sikkim,North Sikkim,1,0
Sikkim,South Sikkim,6,0
Sikkim,West Sikkim,23,2
Tamil Nadu,Ariyalur,1,0
Tamil Nadu,Chennai,7086,81
Tamil Nadu,Coimbatore,72,33
Tamil Nadu,Cuddalore,8193,145
Tamil Nadu,Dharmapuri,1511,76
Tamil Nadu,Dindigul,1557,50
Tamil Nadu,Erode,783,22
Tamil Nadu,Kancheepuram,1424,67
Tamil Nadu,Kanniyakumari,1626,12
Tamil Nadu,Karur,1446,41
Tamil Nadu,Krishnagiri,1101,107
Tamil Nadu,Madurai,646,14
Tamil Nadu,Nagapattinam,488,11
Tamil Nadu,Namakkal,43,1
Tamil Nadu,Perambalur,6,0
Tamil Nadu,Pudukkottai,38,22
Tamil Nadu,Ramanathapuram,3098,3
Tamil Nadu,Salem,1476,113
Tamil Nadu,Sivaganga,2805,23
Tamil Nadu,Thanjavur,142,60
Tamil Nadu,The Nilgiris,322,21
Tamil Nadu,Theni,418,6
Tamil Nadu,Thiruvarur,371,10
Tamil Nadu,Thoothukkudi,4491,86
Tamil Nadu,Tiruchirappalli,77,6
Tamil Nadu,Tirunelveli,1501,145
Tamil Nadu,Tiruppur,2015,45
Tamil Nadu,Tiruvallur,5377,124
Tamil Nadu,Tiruvannamalai,733,73
Tamil Nadu,Vellore,2432,105
Tamil Nadu,Villupuram,2449,360
Tamil Nadu,Virudhunagar,249,110
Telangana,Adilabad,187,26
Telangana,Hyderabad,898,110
Telangana,K.v. Rangareddy,711,181
Telangana,Karimnagar,491,45
Telangana,Khammam,164,17
Telangana,Mahabubnagar,198,54
Telangana,Medak,259,63
Telangana,Nalgonda,631,42
Telangana,Nizamabad,287,51
Telangana,Warangal,182,20
Tripura,Dhalai,20,10
Tripura,Gomati,148,68
Tripura,Khowai,413,13
Tripura,North Tripura,107,45
Tripura,Sepahijala,93,56
Tripura,South Tripura,84,4
Tripura,Unakoti,243,35
Tripura,West Tripura,609,49
Uttar Pradesh,Agra,3838,549
Uttar Pradesh,Aligarh,2867,728
Uttar Pradesh,Allahabad,3732,386
Uttar Pradesh,Ambedkar Nagar,1409,108
Uttar Pradesh,Amethi,3695,185
Uttar Pradesh,Amroha,1774,293
Uttar Pradesh,Auraiya,588,210
Uttar Pradesh,Azamgarh,6494,606
Uttar Pradesh,Baghpat,1249,452
Uttar Pradesh,Bahraich,11652,1016
Uttar Pradesh,Ballia,1716,323
Uttar Pradesh,Balrampur,5870,356
Uttar Pradesh,Banda,3059,220
Uttar Pradesh,Bara Banki,3419,239
Uttar Pradesh,Bareilly,2755,578
Uttar Pradesh,Basti,2208,285
Uttar Pradesh,Bijnor,2069,390
Uttar Pradesh,Budaun,7759,750
Uttar Pradesh,Bulandshahr,3785,755
Uttar Pradesh,Chandauli,4188,269
Uttar Pradesh,Chitrakoot,706,134
Uttar Pradesh,Deoria,2217,402
Uttar Pradesh,Etah,980,216
Uttar Pradesh,Etawah,999,204
Uttar Pradesh,Faizabad,1749,307
Uttar Pradesh,Farrukhabad,4051,304
Uttar Pradesh,Fatehpur,6183,619
Uttar Pradesh,Firozabad,3969,689
Uttar Pradesh,Gautam Buddha Nagar,2474,279
Uttar Pradesh,Ghaziabad,2354,330
Uttar Pradesh,Ghazipur,2409,310
Uttar Pradesh,Gonda,2572,460
Uttar Pradesh,Gorakhpur,3262,439
Uttar Pradesh,Hamirpur,5890,159
Uttar Pradesh,Hapur,1258,135
Uttar Pradesh,Hardoi,14566,1557
Uttar Pradesh,Hathras,1257,376
Uttar Pradesh,Jalaun,8141,603
Uttar Pradesh,Jaunpur,3161,318
Uttar Pradesh,Jhansi,2694,292
Uttar Pradesh,Kannauj,1059,227
Uttar Pradesh,Kanpur Dehat,1113,232
Uttar Pradesh,Kanpur Nagar,2454,621
Uttar Pradesh,Kasganj,3511,238
Uttar Pradesh,Kaushambi,1180,154
Uttar Pradesh,Kheri,5967,879
Uttar Pradesh,Kushinagar,2385,259
Uttar Pradesh,Lalitpur,3925,213
Uttar Pradesh,Lucknow,1757,459
Uttar Pradesh,Maharajganj,2186,238
Uttar Pradesh,Mahoba,1271,289
Uttar Pradesh,Mainpuri,2952,588
Uttar Pradesh,Mathura,3607,524
Uttar Pradesh,Mau,653,210
Uttar Pradesh,Meerut,2912,739
Uttar Pradesh,Mirzapur,2435,182
Uttar Pradesh,Moradabad,1949,379
Uttar Pradesh,Muzaffarnagar,2216,339
Uttar Pradesh,Pilibhit,1028,286
Uttar Pradesh,Pratapgarh,2205,367
Uttar Pradesh,Rae Bareli,2170,238
Uttar Pradesh,Rampur,1386,230
Uttar Pradesh,Saharanpur,2024,458
Uttar Pradesh,Sambhal,2961,402
Uttar Pradesh,Sant Kabir Nagar,1688,153
Uttar Pradesh,Sant Ravidas Nagar,778,122
Uttar Pradesh,Shahjahanpur,5190,547
Uttar Pradesh,Shamli,1838,219
Uttar Pradesh,Shrawasti,1765,258
Uttar Pradesh,Siddharthnagar,9632,733
Uttar Pradesh,Sitapur,5751,836
Uttar Pradesh,Sonbhadra,7280,378
Uttar Pradesh,Sultanpur,1412,208
Uttar Pradesh,Unnao,4028,472
Uttar Pradesh,Varanasi,2391,310
Uttarakhand,Almora,3073,76
Uttarakhand,Bageshwar,263,15
Uttarakhand,Chamoli,1223,34
Uttarakhand,Champawat,40,8
Uttarakhand,Dehradun,791,140
Uttarakhand,Haridwar,1997,489
Uttarakhand,Nainital,933,78
Uttarakhand,Pauri Garhwal,1923,217
Uttarakhand,Pithoragarh,2222,98
Uttarakhand,Rudraprayag,1758,42
Uttarakhand,Tehri Garhwal,1773,181
Uttarakhand,Udham Singh Nagar,834,245
Uttarakhand,Uttarkashi,1051,35
West Bengal,Bankura,1563,16
West Bengal,Barddhaman,4190,214
West Bengal,Birbhum,635,10
West Bengal,Cooch Behar,1681,73
West Bengal,Dakshin Dinajpur,823,10
West Bengal,Darjeeling,1634,147
West Bengal,Hooghly,200,29
West Bengal,Howrah,1332,56
West Bengal,Jalpaiguri,1561,117
West Bengal,Kolkata,1033,14
West Bengal,Malda,2818,60
West Bengal,Murshidabad,494,47
West Bengal,Nadia,863,20
West Bengal,North 24 Parganas,6656,165
West Bengal,Paschim Medinipur,2432,31
West Bengal,Purba Medinipur,2150,22
West Bengal,Puruliya,1645,228
West Bengal,South 24 Parganas,8086,1520
West Bengal,Uttar Dinajpur,484,35
