State,District,Aadhaar generated,Enrolment Rejected
Andaman and Nicobar Islands,North And Middle Andaman,2,0
Andhra Pradesh,Ananthapur,393,25
Andhra Pradesh,Chittoor,190,7
Andhra Pradesh,Cuddapah,679,22
Andhra Pradesh,East Godavari,404,11
Andhra Pradesh,Guntur,345,19
Andhra Pradesh,Krishna,1199,14
Andhra Pradesh,Kurnool,273,4
Andhra Pradesh,Nellore,403,7
Andhra Pradesh,Prakasam,194,7
Andhra Pradesh,Srikakulam,201,6
Andhra Pradesh,Visakhapatnam,496,31
Andhra Pradesh,Vizianagaram,230,16
Andhra Pradesh,West Godavari,282,9
Arunachal Pradesh,Changlang,3,0
Arunachal Pradesh,Lohit,1,0
Arunachal Pradesh,Longding,0,2
Arunachal Pradesh,Lower Dibang Valley,1,0
Arunachal Pradesh,Namsai,1662,194
Arunachal Pradesh,Papum Pare,2,10
Arunachal Pradesh,Upper Siang,2,0
Arunachal Pradesh,Upper Subansiri,1,0
Arunachal Pradesh,West Kameng,1,0
Assam,Baksa,9,0
Assam,Barpeta,220,2
Assam,Bongaigaon,8,1
Assam,Cachar,24,1
Assam,Chirang,10,2
Assam,Darrang,5,0
Assam,Dhemaji,9,0
Assam,Dhubri,8,0
Assam,Dibrugarh,9,1
Assam,Goalpara,5,0
Assam,Golaghat,7,0
Assam,Hailakandi,6,0
Assam,Jorhat,4,0
Assam,Kamrup,28,0
Assam,Kamrup Metro,5,0
Assam,Karbi Anglong,10,0
Assam,Karimganj,5,0
Assam,Kokrajhar,9,0
Assam,Lakhimpur,4,0
Assam,Marigaon,5,0
Assam,Nagaon,2741,5
Assam,Nalbari,5,0
Assam,Sibsagar,1,0
Assam,Sonitpur,20,0
Assam,Tinsukia,7,0
Assam,Udalguri,18,0
Bihar,Araria,10252,287
Bihar,Arwal,25,0
Bihar,Aurangabad,1847,36
Bihar,Banka,2363,50
Bihar,Begusarai,2354,92
Bihar,Bhagalpur,1958,54
Bihar,Bhojpur,6905,262
Bihar,Buxar,1152,94
Bihar,Darbhanga,14228,462
Bihar,East Champaran,4917,97
Bihar,Gaya,1297,36
Bihar,Gopalganj,1128,95
Bihar,Jamui,882,51
Bihar,Jehanabad,54,9
Bihar,Kaimur (Bhabua),1303,30
Bihar,Katihar,3717,207
Bihar,Khagaria,4363,132
Bihar,Kishanganj,694,23
Bihar,Lakhisarai,498,13
Bihar,Madhepura,3813,188
Bihar,Madhubani,4053,131
Bihar,Munger,1015,4
Bihar,Muzaffarpur,2730,91
Bihar,Nalanda,1989,139
Bihar,Nawada,5072,114
Bihar,Patna,2024,108
Bihar,Purnia,5213,236
Bihar,Rohtas,2464,97
Bihar,Saharsa,641,38
Bihar,Samastipur,5063,190
Bihar,Saran,1413,70
Bihar,Sheikhpura,665,40
Bihar,Sheohar,359,37
Bihar,Sitamarhi,2004,52
Bihar,Siwan,2102,1523
Bihar,Supaul,699,50
Bihar,Vaishali,955,32
Bihar,West Champaran,7309,250
Chandigarh,Chandigarh,49,1
Chhattisgarh,Balod,1699,40
Chhattisgarh,Baloda Bazar,1233,54
Chhattisgarh,Balrampur,2779,55
Chhattisgarh,Bastar,10207,65
Chhattisgarh,Bemetara,446,14
Chhattisgarh,Bijapur,19,9
Chhattisgarh,Bilaspur,588,118
Chhattisgarh,Dakshin Bastar Dantewada,798,26
Chhattisgarh,Dantewada,41,10
Chhattisgarh,Dhamtari,79,8
Chhattisgarh,Durg,217,38
Chhattisgarh,Gariyaband,9,26
Chhattisgarh,Janjgir-champa,574,69
Chhattisgarh,Jashpur,2600,137
Chhattisgarh,Kabeerdham,50,7
Chhattisgarh,Kanker,193,7
Chhattisgarh,Kawardha,335,7
Chhattisgarh,Kondagaon,2,5
Chhattisgarh,Korba,438,70
Chhattisgarh,Koriya,153,11
Chhattisgarh,Mahasamund,2,28
Chhattisgarh,Mungeli,61,62
Chhattisgarh,Narayanpur,8,3
Chhattisgarh,Raigarh,194,22
Chhattisgarh,Raipur,320,49
Chhattisgarh,Rajnandgaon,329,34
Chhattisgarh,Sukma,3,8
Chhattisgarh,Surajpur,353,65
Chhattisgarh,Surguja,1557,31
Chhattisgarh,Uttar Bastar Kanker,119,11
Dadra and Nagar Haveli,Dadra and Nagar Haveli,19,0
Daman and Diu,Daman,4,0
Daman and Diu,Diu,1,0
Delhi,Central Delhi,140,8
Delhi,East Delhi,456,27
Delhi,New Delhi,13,3
Delhi,North Delhi,123,4
Delhi,North East Delhi,810,62
Delhi,North West Delhi,879,123
Delhi,South Delhi,999,100
Delhi,South West Delhi,634,64
Delhi,West Delhi,708,17
Goa,North Goa,103,1
Goa,South Goa,116,1
Gujarat,Ahmedabad,2908,73
Gujarat,Amreli,505,6
Gujarat,Anand,1928,91
Gujarat,Banaskantha,954,19
Gujarat,Bharuch,1022,46
Gujarat,Bhavnagar,1124,31
Gujarat,Dahod,1853,149
Gujarat,Gandhinagar,587,4
Gujarat,Jamnagar,498,9
Gujarat,Junagadh,409,7
Gujarat,Kachchh,353,16
Gujarat,Kheda,4308,54
Gujarat,Mahesana,551,1
Gujarat,Narmada,315,10
Gujarat,Navsari,21,3
Gujarat,Panchmahals,1783,55
Gujarat,Patan,355,14
Gujarat,Porbandar,454,1
Gujarat,Rajkot,4018,67
Gujarat,Sabarkantha,2230,20
Gujarat,Surat,1300,10
Gujarat,Surendra Nagar,2801,28
Gujarat,Tapi,477,2
Gujarat,The Dangs,11,3
Gujarat,Vadodara,4791,237
Gujarat,Valsad,734,18
Haryana,Ambala,64,4
Haryana,Bhiwani,917,172
Haryana,Faridabad,1519,111
Haryana,Fatehabad,423,54
Haryana,Gurgaon,592,24
Haryana,Hisar,575,53
Haryana,Jhajjar,651,98
Haryana,Jind,1443,110
Haryana,Kaithal,589,23
Haryana,Karnal,601,37
Haryana,Kurukshetra,226,12
Haryana,Mahendragarh,528,48
Haryana,Mewat,395,56
Haryana,Palwal,925,450
Haryana,Panchkula,231,19
Haryana,Panipat,660,109
Haryana,Rewari,160,23
Haryana,Rohtak,542,64
Haryana,Sirsa,763,137
Haryana,Sonipat,1294,119
Haryana,Yamuna Nagar,1441,141
Himachal Pradesh,Bilaspur,4,0
Himachal Pradesh,Chamba,8,0
Himachal Pradesh,Hamirpur,6,0
Himachal Pradesh,Kangra,105,9
Himachal Pradesh,Kinnaur,76,5
Himachal Pradesh,Kullu,109,6
Himachal Pradesh,Lahul and Spiti,0,1
Himachal Pradesh,Mandi,74,5
Himachal Pradesh,Shimla,54,2
Himachal Pradesh,Sirmaur,5,0
Himachal Pradesh,Solan,23,0
Himachal Pradesh,Una,29,2
Jammu and Kashmir,Anantnag,296,30
Jammu and Kashmir,Badgam,1076,17
Jammu and Kashmir,Bandipore,7,25
Jammu and Kashmir,Baramula,19,33
Jammu and Kashmir,Doda,30,0
Jammu and Kashmir,Ganderbal,0,2
Jammu and Kashmir,Jammu,206,83
Jammu and Kashmir,Kathua,21,1
Jammu and Kashmir,Kishtwar,89,4
Jammu and Kashmir,Kulgam,28,2
Jammu and Kashmir,Kupwara,10,35
Jammu and Kashmir,Leh,2,0
Jammu and Kashmir,Pulwama,823,4
Jammu and Kashmir,Punch,847,1
Jammu and Kashmir,Rajouri,237,24
Jammu and Kashmir,Ramban,17,15
Jammu and Kashmir,Reasi,98,420
Jammu and Kashmir,Samba,6,1
Jammu and Kashmir,Shupiyan,2,5
Jammu and Kashmir,Srinagar,1000,107
Jammu and Kashmir,Udhampur,1808,22
Jharkhand,Bokaro,381,29
Jharkhand,Chatra,60,8
Jharkhand,Deoghar,45,12
Jharkhand,Dhanbad,103,16
Jharkhand,Dumka,62,8
Jharkhand,East Singhbhum,173,80
Jharkhand,Garhwa,50,0
Jharkhand,Giridih,422,20
Jharkhand,Godda,304,18
Jharkhand,Gumla,17,2
Jharkhand,Hazaribagh,93,3
Jharkhand,Jamtara,19,3
Jharkhand,Khunti,45,3
Jharkhand,Koderma,6,1
Jharkhand,Latehar,3,1
Jharkhand,Lohardaga,93,1
Jharkhand,Pakur,3,1
Jharkhand,Palamu,55,21
Jharkhand,Ramgarh,22,2
Jharkhand,Ranchi,69,6
Jharkhand,Sahebganj,38,5
Jharkhand,Seraikela-Kharsawan,4,0
Jharkhand,Simdega,18,0
Jharkhand,West Singhbhum,45,5
Karnataka,Bagalkot,440,22
Karnataka,Ballari,252,16
Karnataka,Bangalore Rural,126,1
Karnataka,Belagavi,515,10
Karnataka,Bengaluru,2616,81
Karnataka,Bidar,261,5
Karnataka,Chamrajanagar,206,7
Karnataka,Chikkaballapur,211,6
Karnataka,Chikkamagaluru,245,2
Karnataka,Chitradurga,364,9
Karnataka,Dakshina Kannada,730,6
Karnataka,Davangere,234,10
Karnataka,Dharwad,257,21
Karnataka,Gadag,139,0
Karnataka,Hassan,410,13
Karnataka,Haveri,331,16
Karnataka,Kalaburagi,1081,9
Karnataka,Kodagu,140,5
Karnataka,Kolar,553,3
Karnataka,Koppal,562,3
Karnataka,Mandya,683,9
Karnataka,Mysuru,178,110
Karnataka,Raichur,1213,14
Karnataka,Ramanagar,111,5
Karnataka,Shivamogga,62,3
Karnataka,Tumakuru,324,12
Karnataka,Udupi,699,20
Karnataka,Uttara Kannada,437,3
Karnataka,Vijayapura,483,2
Karnataka,Yadgir,870,13
Kerala,Alappuzha,18,5
Kerala,Ernakulam,79,8
Kerala,Idukki,14,4
Kerala,Kannur,24,5
Kerala,Kasaragod,131,17
Kerala,Kollam,137,12
Kerala,Kottayam,25,8
Kerala,Kozhikode,425,3
Kerala,Malappuram,628,6
Kerala,Palakkad,628,30
Kerala,Pathanamthitta,26,2
Kerala,Thiruvananthapuram,389,3
Kerala,Thrissur,731,24
Kerala,Wayanad,167,3
Madhya Pradesh,Alirajpur,380,11
Madhya Pradesh,Anuppur,221,16
Madhya Pradesh,Ashok Nagar,1000,32
Madhya Pradesh,Balaghat,682,91
Madhya Pradesh,Barwani,845,29
Madhya Pradesh,Betul,569,15
Madhya Pradesh,Bhind,647,62
Madhya Pradesh,Bhopal,1186,275
Madhya Pradesh,Burhanpur,201,3
Madhya Pradesh,Chhatarpur,1224,217
Madhya Pradesh,Chhindwara,759,33
Madhya Pradesh,Damoh,375,19
Madhya Pradesh,Datia,253,21
Madhya Pradesh,Dewas,313,8
Madhya Pradesh,Dhar,661,18
Madhya Pradesh,Dindori,393,64
Madhya Pradesh,Guna,611,69
Madhya Pradesh,Gwalior,2139,248
Madhya Pradesh,Harda,107,3
Madhya Pradesh,Hoshangabad,191,26
Madhya Pradesh,Indore,577,13
Madhya Pradesh,Jabalpur,408,77
Madhya Pradesh,Jhabua,214,1
Madhya Pradesh,Katni,271,54
Madhya Pradesh,Khandwa,168,17
Madhya Pradesh,Khargone,1318,30
Madhya Pradesh,Mandla,304,111
Madhya Pradesh,Mandsaur,124,26
Madhya Pradesh,Morena,2150,259
Madhya Pradesh,Narsinghpur,429,38
Madhya Pradesh,Neemuch,1863,49
Madhya Pradesh,Panna,234,14
Madhya Pradesh,Raisen,571,30
Madhya Pradesh,Rajgarh,2130,175
Madhya Pradesh,Ratlam,612,28
Madhya Pradesh,Rewa,1072,76
Madhya Pradesh,Sagar,657,59
Madhya Pradesh,Satna,769,90
Madhya Pradesh,Sehore,356,19
Madhya Pradesh,Seoni,284,42
Madhya Pradesh,Shahdol,509,49
Madhya Pradesh,Shajapur,472,14
Madhya Pradesh,Sheopur,1153,54
Madhya Pradesh,Shivpuri,2078,135
Madhya Pradesh,Sidhi,652,62
Madhya Pradesh,Singrauli,496,44
Madhya Pradesh,Tikamgarh,808,121
Madhya Pradesh,Ujjain,421,20
Madhya Pradesh,Umaria,261,32
Madhya Pradesh,Vidisha,1504,220
Maharashtra,Ahmadnagar,776,91
Maharashtra,Akola,321,30
Maharashtra,Amravati,325,32
Maharashtra,Aurangabad,3144,201
Maharashtra,Beed,1471,140
Maharashtra,Bhandara,204,19
Maharashtra,Buldhana,423,88
Maharashtra,Chandrapur,647,78
Maharashtra,Dhule,270,32
Maharashtra,Gadchiroli,399,16
Maharashtra,Gondiya,300,86
Maharashtra,Hingoli,197,51
Maharashtra,Jalgaon,827,48
Maharashtra,Jalna,1267,93
Maharashtra,Kolhapur,1938,233
Maharashtra,Latur,845,33
Maharashtra,Mumbai,1659,89
Maharashtra,Nagpur,813,103
Maharashtra,Nanded,1108,71
Maharashtra,Nandurbar,144,8
Maharashtra,Nashik,741,61
Maharashtra,Osmanabad,567,59
Maharashtra,Palghar,389,50
Maharashtra,Parbhani,2948,219
Maharashtra,Pune,1349,258
Maharashtra,Raigarh,218,80
Maharashtra,Ratnagiri,256,34
Maharashtra,Sangli,255,46
Maharashtra,Satara,311,40
Maharashtra,Sindhudurg,137,28
Maharashtra,Solapur,1067,76
Maharashtra,Thane,944,86
Maharashtra,Wardha,210,39
Maharashtra,Washim,263,61
Maharashtra,Yavatmal,390,39
Manipur,Bishnupur,7,0
Manipur,Chandel,1,0
Manipur,Churachandpur,78,0
Manipur,Imphal East,4,1
Manipur,Imphal West,3,0
Manipur,Senapati,4,1
Manipur,Tamenglong,19,0
Manipur,Thoubal,5,0
Meghalaya,East Khasi Hills,634,1
Meghalaya,Jaintia Hills,1,0
Meghalaya,West Garo Hills,2,0
Meghalaya,West Khasi Hills,1,0
Mizoram,Aizawl,2334,5
Mizoram,Champhai,337,2
Mizoram,Kolasib,317,0
Mizoram,Lawngtlai,115,3
Mizoram,Lunglei,506,13
Mizoram,Mammit,396,0
Mizoram,Saiha,2,0
Mizoram,Serchhip,5,0
Nagaland,Dimapur,4,0
Nagaland,Kohima,3,0
Nagaland,Mokokchung,3,0
Nagaland,Wokha,1,0
Nagaland,Zunheboto,1,0
Odisha,Angul,80,3
Odisha,Balangir,10,0
Odisha,Baleswar,417,6
Odisha,Bargarh,5285,55
Odisha,Bhadrak,15,0
Odisha,Boudh,176,16
Odisha,Cuttack,994,2
Odisha,Debagarh,29,41
Odisha,Dhenkanal,798,14
Odisha,Gajapati,161,2
Odisha,Ganjam,18140,274
Odisha,Jagatsinghapur,19,0
Odisha,Jajapur,16,1
Odisha,Jharsuguda,738,1
Odisha,Kalahandi,3470,69
Odisha,Kendrapara,1979,11
Odisha,Kendujhar,31,5
Odisha,Khorda,378,5
Odisha,Koraput,74,0
Odisha,Malkangiri,821,17
Odisha,Mayurbhanj,176,27
Odisha,Nabarangapur,2315,1
Odisha,Nayagarh,178,0
Odisha,Nuapada,1033,20
Odisha,Puri,761,8
Odisha,Rayagada,7,4
Odisha,Sambalpur,907,61
Odisha,Sonapur,4,0
Odisha,Sundergarh,9721,205
Puducherry,Karaikal,182,1
Puducherry,Puducherry,88,1
Punjab,Amritsar,621,17
Punjab,Barnala,71,8
Punjab,Bathinda,511,19
Punjab,Faridkot,95,2
Punjab,Fatehgarh Sahib,32,7
Punjab,Fazilka,432,5
Punjab,Ferozepur,403,16
Punjab,Gurdaspur,28,2
Punjab,Hoshiarpur,193,16
Punjab,Jalandhar,587,40
Punjab,Kapurthala,98,14
Punjab,Ludhiana,1131,98
Punjab,Mansa,130,16
Punjab,Moga,207,6
Punjab,Pathankot,42,4
Punjab,Patiala,200,54
Punjab,Rupnagar,150,31
Punjab,SAS Nagar (Mohali),139,23
Punjab,Sangrur,333,17
Punjab,Shaheed Bhagat Singh Nagar,53,15
Punjab,Sri Muktsar Sahib,302,21
Punjab,Tarn Taran,366,32
Rajasthan,Ajmer,581,66
Rajasthan,Alwar,883,50
Rajasthan,Banswara,456,65
Rajasthan,Baran,660,31
Rajasthan,Barmer,338,140
Rajasthan,Bharatpur,795,78
Rajasthan,Bhilwara,1167,79
Rajasthan,Bikaner,1199,189
Rajasthan,Bundi,828,225
Rajasthan,Chittorgarh,483,4
Rajasthan,Churu,352,9
Rajasthan,Dausa,712,26
Rajasthan,Dholpur,570,64
Rajasthan,Dungarpur,2137,62
Rajasthan,Ganganagar,787,146
Rajasthan,Hanumangarh,1457,114
Rajasthan,Jaipur,1218,150
Rajasthan,Jaisalmer,951,82
Rajasthan,Jalor,1059,86
Rajasthan,Jhalawar,1108,54
Rajasthan,Jhunjhunun,388,14
Rajasthan,Jodhpur,1132,176
Rajasthan,Karauli,875,122
Rajasthan,Kota,509,20
Rajasthan,Nagaur,1690,165
Rajasthan,Pali,669,83
Rajasthan,Pratapgarh,1010,42
Rajasthan,Rajsamand,685,18
Rajasthan,Sawai Madhopur,732,71
Rajasthan,Sikar,605,39
Rajasthan,Sirohi,113,27
Rajasthan,Tonk,363,53
Rajasthan,Udaipur,1017,204
Sikkim,East Sikkim,42,0
Sikkim,North Sikkim,1,0
Sikkim,South Sikkim,58,0
Sikkim,West Sikkim,9,0
Tamil Nadu,Ariyalur,139,11
Tamil Nadu,Chennai,4010,25
Tamil Nadu,Coimbatore,27,24
Tamil Nadu,Cuddalore,5757,47
Tamil Nadu,Dharmapuri,3,10
Tamil Nadu,Dindigul,833,10
Tamil Nadu,Erode,5,18
Tamil Nadu,Kancheepuram,225,6
Tamil Nadu,Kanniyakumari,247,3
Tamil Nadu,Karur,1,22
Tamil Nadu,Krishnagiri,2,96
Tamil Nadu,Madurai,1582,27
Tamil Nadu,Nagapattinam,10760,160
Tamil Nadu,Namakkal,408,5
Tamil Nadu,Perambalur,3,0
Tamil Nadu,Pudukkottai,4,4
Tamil Nadu,Ramanathapuram,907,10
Tamil Nadu,Salem,6,38
Tamil Nadu,Sivaganga,892,20
Tamil Nadu,Thanjavur,1654,50
Tamil Nadu,The Nilgiris,3,14
Tamil Nadu,Theni,4,0
Tamil Nadu,Thiruvarur,977,3
Tamil Nadu,Thoothukkudi,297,20
Tamil Nadu,Tiruchirappalli,3,0
Tamil Nadu,Tirunelveli,7,36
Tamil Nadu,Tiruppur,59,13
Tamil Nadu,Tiruvallur,2107,34
Tamil Nadu,Tiruvannamalai,3190,120
Tamil Nadu,Vellore,12,15
Tamil Nadu,Villupuram,7145,431
Tamil Nadu,Virudhunagar,773,19
Telangana,Adilabad,212,6
Telangana,Hyderabad,762,43
Telangana,K.v. Rangareddy,433,17
Telangana,Karimnagar,313,13
Telangana,Khammam,117,2
Telangana,Mahabubnagar,496,27
Telangana,Medak,351,18
Telangana,Nalgonda,513,15
Telangana,Nizamabad,340,16
Telangana,Warangal,238,15
Tripura,Dhalai,14,1
Tripura,Gomati,11,8
Tripura,Khowai,14,3
Tripura,Sepahijala,26,16
Tripura,South Tripura,1,1
Tripura,Unakoti,0,6
Tripura,West Tripura,48,7
Uttar Pradesh,Agra,1995,146
Uttar Pradesh,Aligarh,1412,428
Uttar Pradesh,Allahabad,1514,87
Uttar Pradesh,Ambedkar Nagar,692,22
Uttar Pradesh,Amethi,1111,14
Uttar Pradesh,Amroha,369,65
Uttar Pradesh,Auraiya,205,84
Uttar Pradesh,Azamgarh,6657,131
Uttar Pradesh,Baghpat,1057,23
Uttar Pradesh,Bahraich,4825,414
Uttar Pradesh,Ballia,2659,108
Uttar Pradesh,Balrampur,9017,982
Uttar Pradesh,Banda,2364,65
Uttar Pradesh,Bara Banki,741,33
Uttar Pradesh,Bareilly,1200,86
Uttar Pradesh,Basti,1510,43
Uttar Pradesh,Bijnor,1030,66
Uttar Pradesh,Budaun,2546,283
Uttar Pradesh,Bulandshahr,4681,219
Uttar Pradesh,Chandauli,2331,70
Uttar Pradesh,Chitrakoot,548,71
Uttar Pradesh,Deoria,2143,80
Uttar Pradesh,Etah,578,35
Uttar Pradesh,Etawah,249,90
Uttar Pradesh,Faizabad,997,60
Uttar Pradesh,Farrukhabad,887,45
Uttar Pradesh,Fatehpur,3773,202
Uttar Pradesh,Firozabad,1368,94
Uttar Pradesh,Gautam Buddha Nagar,753,37
Uttar Pradesh,Ghaziabad,1201,1153
Uttar Pradesh,Ghazipur,1408,42
Uttar Pradesh,Gonda,1679,133
Uttar Pradesh,Gorakhpur,2125,86
Uttar Pradesh,Hamirpur,2381,145
Uttar Pradesh,Hapur,694,35
Uttar Pradesh,Hardoi,5640,366
Uttar Pradesh,Hathras,539,33
Uttar Pradesh,Jalaun,4634,177
Uttar Pradesh,Jaunpur,2147,62
Uttar Pradesh,Jhansi,1898,60
Uttar Pradesh,Kannauj,1550,16
Uttar Pradesh,Kanpur Dehat,776,40
Uttar Pradesh,Kanpur Nagar,2742,177
Uttar Pradesh,Kasganj,1389,76
Uttar Pradesh,Kaushambi,459,22
Uttar Pradesh,Kheri,2975,217
Uttar Pradesh,Kushinagar,1353,49
Uttar Pradesh,Lalitpur,1559,73
Uttar Pradesh,Lucknow,856,100
Uttar Pradesh,Maharajganj,1875,40
Uttar Pradesh,Mahoba,1290,66
Uttar Pradesh,Mainpuri,2239,264
Uttar Pradesh,Mathura,1031,364
Uttar Pradesh,Mau,2443,107
Uttar Pradesh,Meerut,463,77
Uttar Pradesh,Mirzapur,521,65
Uttar Pradesh,Moradabad,737,80
Uttar Pradesh,Muzaffarnagar,430,37
Uttar Pradesh,Pilibhit,574,101
Uttar Pradesh,Pratapgarh,1296,20
Uttar Pradesh,Rae Bareli,427,13
Uttar Pradesh,Rampur,271,17
Uttar Pradesh,Saharanpur,904,84
Uttar Pradesh,Sambhal,1852,81
Uttar Pradesh,Sant Kabir Nagar,1231,25
Uttar Pradesh,Sant Ravidas Nagar,238,18
Uttar Pradesh,Shahjahanpur,3117,293
Uttar Pradesh,Shamli,1205,50
Uttar Pradesh,Shrawasti,932,67
Uttar Pradesh,Siddharthnagar,8751,220
Uttar Pradesh,Sitapur,1948,103
Uttar Pradesh,Sonbhadra,3405,124
Uttar Pradesh,Sultanpur,1021,45
Uttar Pradesh,Unnao,1928,150
Uttar Pradesh,Varanasi,1323,30
Uttarakhand,Almora,750,26
Uttarakhand,Bageshwar,101,0
Uttarakhand,Chamoli,142,7
Uttarakhand,Champawat,7,0
Uttarakhand,Dehradun,549,40
Uttarakhand,Haridwar,297,35
Uttarakhand,Nainital,62,0
Uttarakhand,Pauri Garhwal,171,72
Uttarakhand,Pithoragarh,1456,21
Uttarakhand,Rudraprayag,1214,74
Uttarakhand,Tehri Garhwal,1912,674
Uttarakhand,Udham Singh Nagar,380,26
Uttarakhand,Uttarkashi,99,11
West Bengal,Bankura,640,73
West Bengal,Barddhaman,226,93
West Bengal,Birbhum,4731,114
West Bengal,Cooch Behar,2652,13
West Bengal,Dakshin Dinajpur,1215,5
West Bengal,Darjeeling,638,22
West Bengal,Hooghly,65,6
West Bengal,Howrah,387,16
West Bengal,Jalpaiguri,1399,14
West Bengal,Kolkata,2401,6
West Bengal,Malda,1977,28
West Bengal,Murshidabad,9921,89
West Bengal,Nadia,17739,58
West Bengal,North 24 Parganas,20077,236
West Bengal,Paschim Medinipur,83,3
West Bengal,Purba Medinipur,10532,349
West Bengal,Puruliya,793,12
West Bengal,South 24 Parganas,468,22
West Bengal,Uttar Dinajpur,2090,27
