State,District,Aadhaar generated,Enrolment Rejected
Andaman and Nicobar Islands,Nicobar,12,25
Andaman and Nicobar Islands,North And Middle Andaman,6,19
Andaman and Nicobar Islands,South Andaman,12,73
Andhra Pradesh,Ananthapur,706,334
Andhra Pradesh,Chittoor,734,161
Andhra Pradesh,Cuddapah,601,94
Andhra Pradesh,East Godavari,566,141
Andhra Pradesh,Guntur,565,125
Andhra Pradesh,Krishna,1079,121
Andhra Pradesh,Kurnool,1435,172
Andhra Pradesh,Nellore,360,261
Andhra Pradesh,Prakasam,294,96
Andhra Pradesh,Srikakulam,615,107
Andhra Pradesh,Visakhapatnam,777,203
Andhra Pradesh,Vizianagaram,449,97
Andhra Pradesh,West Godavari,712,96
Arunachal Pradesh,Changlang,4,0
Arunachal Pradesh,East Siang,27,5
Arunachal Pradesh,Kurung Kumey,3,0
Arunachal Pradesh,Lohit,109,3
Arunachal Pradesh,Longding,20,1
Arunachal Pradesh,Lower Dibang Valley,12,2
Arunachal Pradesh,Lower Subansiri,2975,10
Arunachal Pradesh,Namsai,6,5
Arunachal Pradesh,Papum Pare,6,2
Arunachal Pradesh,Tawang,20,3
Arunachal Pradesh,Tirap,4,1
Arunachal Pradesh,Upper Subansiri,20,9
Arunachal Pradesh,West Kameng,4,1
Arunachal Pradesh,West Siang,3,0
Assam,Baksa,11,2
Assam,Barpeta,42,1
Assam,Bongaigaon,13,0
Assam,Cachar,17,0
Assam,Chirang,4,1
Assam,Darrang,29,1
Assam,Dhemaji,7,0
Assam,Dhubri,6,0
Assam,Dibrugarh,2,0
Assam,Goalpara,5,0
Assam,Golaghat,39,9
Assam,Hailakandi,6,1
Assam,Jorhat,13,2
Assam,Kamrup,223,4
Assam,Kamrup Metro,14,1
Assam,Karbi Anglong,80,1
Assam,Karimganj,13,1
Assam,Kokrajhar,8,1
Assam,Lakhimpur,24,0
Assam,Marigaon,2,1
Assam,Nagaon,665,5
Assam,Nalbari,6,0
Assam,Sibsagar,9,1
Assam,Sonitpur,83,12
Assam,Tinsukia,8,3
Assam,Udalguri,13,5
Bihar,Araria,7072,1037
Bihar,Arwal,291,56
Bihar,Aurangabad,2260,753
Bihar,Banka,3295,649
Bihar,Begusarai,4274,808
Bihar,Bhagalpur,8337,803
Bihar,Bhojpur,5396,683
Bihar,Buxar,5711,753
Bihar,Darbhanga,10045,1208
Bihar,East Champaran,9562,744
Bihar,Gaya,2454,424
Bihar,Gopalganj,3372,846
Bihar,Jamui,5047,594
Bihar,Jehanabad,724,166
Bihar,Kaimur (Bhabua),4994,561
Bihar,Katihar,4597,480
Bihar,Khagaria,5055,258
Bihar,Kishanganj,280,64
Bihar,Lakhisarai,2025,221
Bihar,Madhepura,8510,787
Bihar,Madhubani,11889,1282
Bihar,Munger,577,82
Bihar,Muzaffarpur,3427,635
Bihar,Nalanda,6399,1055
Bihar,Nawada,2900,304
Bihar,Patna,6725,1244
Bihar,Purnia,9957,1046
Bihar,Rohtas,13344,1042
Bihar,Saharsa,2389,645
Bihar,Samastipur,12515,1091
Bihar,Saran,2244,436
Bihar,Sheikhpura,162,99
Bihar,Sheohar,395,199
Bihar,Sitamarhi,5455,487
Bihar,Siwan,2335,368
Bihar,Supaul,6929,964
Bihar,Vaishali,6130,653
Bihar,West Champaran,11193,1072
Chandigarh,Chandigarh,207,68
Chhattisgarh,Balod,3626,257
Chhattisgarh,Baloda Bazar,6089,469
Chhattisgarh,Balrampur,6901,452
Chhattisgarh,Bastar,6501,362
Chhattisgarh,Bemetara,685,208
Chhattisgarh,Bijapur,314,37
Chhattisgarh,Bilaspur,2921,386
Chhattisgarh,Dakshin Bastar Dantewada,1363,41
Chhattisgarh,Dantewada,440,26
Chhattisgarh,Dhamtari,1619,318
Chhattisgarh,Durg,1573,237
Chhattisgarh,Gariyaband,438,161
Chhattisgarh,Janjgir-champa,2064,1213
Chhattisgarh,Jashpur,9144,853
Chhattisgarh,Kabeerdham,598,57
Chhattisgarh,Kanker,735,162
Chhattisgarh,Kawardha,2226,116
Chhattisgarh,Kondagaon,195,143
Chhattisgarh,Korba,4148,342
Chhattisgarh,Koriya,801,320
Chhattisgarh,Mahasamund,719,457
Chhattisgarh,Mungeli,2670,317
Chhattisgarh,Narayanpur,413,19
Chhattisgarh,Raigarh,1479,248
Chhattisgarh,Raipur,2680,301
Chhattisgarh,Rajnandgaon,783,299
Chhattisgarh,Sukma,559,112
Chhattisgarh,Surajpur,10077,459
Chhattisgarh,Surguja,8606,350
Chhattisgarh,Uttar Bastar Kanker,514,86
Dadra and Nagar Haveli,Dadra and Nagar Haveli,25,30
Daman and Diu,Daman,14,8
Daman and Diu,Diu,32,0
Delhi,Central Delhi,295,97
Delhi,East Delhi,648,402
Delhi,New Delhi,32,9
Delhi,North Delhi,242,143
Delhi,North East Delhi,1604,612
Delhi,North West Delhi,1438,565
Delhi,South Delhi,1375,394
Delhi,South West Delhi,822,270
Delhi,West Delhi,789,375
Goa,North Goa,32,19
Goa,South Goa,6,12
Gujarat,Ahmedabad,2882,590
Gujarat,Amreli,869,109
Gujarat,Anand,811,193
Gujarat,Banaskantha,837,190
Gujarat,Bharuch,413,285
Gujarat,Bhavnagar,1737,657
Gujarat,Dahod,1073,320
Gujarat,Gandhinagar,444,62
Gujarat,Jamnagar,295,78
Gujarat,Junagadh,412,124
Gujarat,Kachchh,342,70
Gujarat,Kheda,812,214
Gujarat,Mahesana,524,131
Gujarat,Narmada,109,50
Gujarat,Navsari,49,60
Gujarat,Panchmahals,1093,162
Gujarat,Patan,1303,199
Gujarat,Porbandar,205,83
Gujarat,Rajkot,954,213
Gujarat,Sabarkantha,1708,155
Gujarat,Surat,1460,479
Gujarat,Surendra Nagar,1655,216
Gujarat,Tapi,128,62
Gujarat,The Dangs,26,36
Gujarat,Vadodara,1088,222
Gujarat,Valsad,278,74
Haryana,Ambala,973,260
Haryana,Bhiwani,941,421
Haryana,Faridabad,1262,551
Haryana,Fatehabad,956,254
Haryana,Gurgaon,1025,346
Haryana,Hisar,1415,514
Haryana,Jhajjar,819,491
Haryana,Jind,2917,636
Haryana,Kaithal,1065,505
Haryana,Karnal,1159,392
Haryana,Kurukshetra,381,212
Haryana,Mahendragarh,792,318
Haryana,Mewat,1749,743
Haryana,Palwal,3686,1102
Haryana,Panchkula,217,145
Haryana,Panipat,440,438
Haryana,Rewari,841,317
Haryana,Rohtak,1517,546
Haryana,Sirsa,1162,451
Haryana,Sonipat,2014,667
Haryana,Yamuna Nagar,1285,406
Himachal Pradesh,Bilaspur,11,5
Himachal Pradesh,Chamba,21,10
Himachal Pradesh,Hamirpur,15,3
Himachal Pradesh,Kangra,221,83
Himachal Pradesh,Kinnaur,19,3
Himachal Pradesh,Kullu,62,26
Himachal Pradesh,Mandi,48,35
Himachal Pradesh,Shimla,16,16
Himachal Pradesh,Sirmaur,47,9
Himachal Pradesh,Solan,48,11
Himachal Pradesh,Una,18,5
Jammu and Kashmir,Anantnag,113,44
Jammu and Kashmir,Badgam,18,4
Jammu and Kashmir,Bandipore,0,8
Jammu and Kashmir,Baramula,161,39
Jammu and Kashmir,Doda,123,2
Jammu and Kashmir,Ganderbal,19,2
Jammu and Kashmir,Jammu,656,31
Jammu and Kashmir,Kargil,1,0
Jammu and Kashmir,Kathua,33,73
Jammu and Kashmir,Kishtwar,21,11
Jammu and Kashmir,Kulgam,46,23
Jammu and Kashmir,Kupwara,49,23
Jammu and Kashmir,Leh,2,2
Jammu and Kashmir,Pulwama,5,5
Jammu and Kashmir,Punch,12,2
Jammu and Kashmir,Rajouri,43,12
Jammu and Kashmir,Ramban,3,3
Jammu and Kashmir,Reasi,32,2
Jammu and Kashmir,Samba,29,9
Jammu and Kashmir,Shupiyan,3,9
Jammu and Kashmir,Srinagar,476,25
Jammu and Kashmir,Udhampur,44,7
Jharkhand,Bokaro,156,118
Jharkhand,Chatra,355,289
Jharkhand,Deoghar,524,313
Jharkhand,Dhanbad,302,294
Jharkhand,Dumka,299,344
Jharkhand,East Singhbhum,429,171
Jharkhand,Garhwa,196,105
Jharkhand,Giridih,637,461
Jharkhand,Godda,647,358
Jharkhand,Gumla,103,116
Jharkhand,Hazaribagh,372,180
Jharkhand,Jamtara,81,77
Jharkhand,Khunti,50,42
Jharkhand,Koderma,297,133
Jharkhand,Latehar,96,139
Jharkhand,Lohardaga,34,26
Jharkhand,Pakur,178,168
Jharkhand,Palamu,219,290
Jharkhand,Ramgarh,74,69
Jharkhand,Ranchi,251,185
Jharkhand,Sahebganj,440,346
Jharkhand,Seraikela-Kharsawan,106,99
Jharkhand,Simdega,208,91
Jharkhand,West Singhbhum,178,222
Karnataka,Bagalkot,248,253
Karnataka,Ballari,560,298
Karnataka,Bangalore Rural,181,271
Karnataka,Belagavi,522,401
Karnataka,Bengaluru,1096,666
Karnataka,Bidar,442,344
Karnataka,Chamrajanagar,228,161
Karnataka,Chikkaballapur,576,596
Karnataka,Chikkamagaluru,205,92
Karnataka,Chitradurga,292,661
Karnataka,Dakshina Kannada,474,128
Karnataka,Davangere,359,142
Karnataka,Dharwad,222,186
Karnataka,Gadag,23,49
Karnataka,Hassan,377,174
Karnataka,Haveri,854,339
Karnataka,Kalaburagi,564,239
Karnataka,Kodagu,50,45
Karnataka,Kolar,408,460
Karnataka,Koppal,130,186
Karnataka,Mandya,1249,451
Karnataka,Mysuru,315,240
Karnataka,Raichur,882,420
Karnataka,Ramanagar,93,176
Karnataka,Shivamogga,328,131
Karnataka,Tumakuru,684,327
Karnataka,Udupi,85,84
Karnataka,Uttara Kannada,1112,90
Karnataka,Vijayapura,206,135
Karnataka,Yadgir,694,277
Kerala,Alappuzha,279,93
Kerala,Ernakulam,301,72
Kerala,Idukki,173,46
Kerala,Kannur,49,34
Kerala,Kasaragod,58,33
Kerala,Kollam,245,107
Kerala,Kottayam,232,43
Kerala,Kozhikode,93,61
Kerala,Malappuram,75,84
Kerala,Palakkad,622,101
Kerala,Pathanamthitta,162,31
Kerala,Thiruvananthapuram,559,107
Kerala,Thrissur,414,54
Kerala,Wayanad,144,28
Lakshadweep,Lakshadweep,0,4
Madhya Pradesh,Alirajpur,323,66
Madhya Pradesh,Anuppur,773,212
Madhya Pradesh,Ashok Nagar,934,133
Madhya Pradesh,Balaghat,1346,468
Madhya Pradesh,Barwani,1137,557
Madhya Pradesh,Betul,394,238
Madhya Pradesh,Bhind,1059,258
Madhya Pradesh,Bhopal,1403,837
Madhya Pradesh,Burhanpur,18,22
Madhya Pradesh,Chhatarpur,1395,491
Madhya Pradesh,Chhindwara,665,198
Madhya Pradesh,Damoh,581,171
Madhya Pradesh,Datia,456,58
Madhya Pradesh,Dewas,939,380
Madhya Pradesh,Dhar,1155,295
Madhya Pradesh,Dindori,540,122
Madhya Pradesh,Guna,1626,513
Madhya Pradesh,Gwalior,783,511
Madhya Pradesh,Harda,12,11
Madhya Pradesh,Hoshangabad,86,79
Madhya Pradesh,Indore,620,400
Madhya Pradesh,Jabalpur,767,412
Madhya Pradesh,Jhabua,825,227
Madhya Pradesh,Katni,930,223
Madhya Pradesh,Khandwa,179,114
Madhya Pradesh,Khargone,592,391
Madhya Pradesh,Mandla,870,364
Madhya Pradesh,Mandsaur,315,262
Madhya Pradesh,Morena,3999,570
Madhya Pradesh,Narsinghpur,637,259
Madhya Pradesh,Neemuch,254,225
Madhya Pradesh,Panna,443,90
Madhya Pradesh,Raisen,586,192
Madhya Pradesh,Rajgarh,2582,447
Madhya Pradesh,Ratlam,807,297
Madhya Pradesh,Rewa,1016,397
Madhya Pradesh,Sagar,1404,398
Madhya Pradesh,Satna,1135,423
Madhya Pradesh,Sehore,571,110
Madhya Pradesh,Seoni,548,188
Madhya Pradesh,Shahdol,838,242
Madhya Pradesh,Shajapur,691,287
Madhya Pradesh,Sheopur,1857,175
Madhya Pradesh,Shivpuri,3265,336
Madhya Pradesh,Sidhi,1694,425
Madhya Pradesh,Singrauli,1749,539
Madhya Pradesh,Tikamgarh,1081,275
Madhya Pradesh,Ujjain,646,222
Madhya Pradesh,Umaria,324,116
Madhya Pradesh,Vidisha,545,296
Maharashtra,Ahmadnagar,1041,389
Maharashtra,Akola,491,228
Maharashtra,Amravati,956,298
Maharashtra,Aurangabad,1498,367
Maharashtra,Beed,1836,335
Maharashtra,Bhandara,244,175
Maharashtra,Buldhana,916,234
Maharashtra,Chandrapur,1790,559
Maharashtra,Dhule,878,197
Maharashtra,Gadchiroli,439,141
Maharashtra,Gondiya,497,211
Maharashtra,Hingoli,747,233
Maharashtra,Jalgaon,1457,321
Maharashtra,Jalna,1289,417
Maharashtra,Kolhapur,2087,440
Maharashtra,Latur,1406,338
Maharashtra,Mumbai,1271,493
Maharashtra,Nagpur,1519,306
Maharashtra,Nanded,1286,398
Maharashtra,Nandurbar,608,121
Maharashtra,Nashik,1542,322
Maharashtra,Osmanabad,1419,431
Maharashtra,Palghar,571,251
Maharashtra,Parbhani,2778,775
Maharashtra,Pune,1769,750
Maharashtra,Raigarh,922,143
Maharashtra,Ratnagiri,834,187
Maharashtra,Sangli,1153,336
Maharashtra,Satara,1370,251
Maharashtra,Sindhudurg,211,90
Maharashtra,Solapur,2575,778
Maharashtra,Thane,1030,362
Maharashtra,Wardha,359,255
Maharashtra,Washim,1065,248
Maharashtra,Yavatmal,655,262
Manipur,Bishnupur,38,9
Manipur,Chandel,24,21
Manipur,Churachandpur,157,171
Manipur,Imphal East,194,64
Manipur,Imphal West,223,32
Manipur,Senapati,11,16
Manipur,Tamenglong,17,2
Manipur,Thoubal,32,54
Manipur,Ukhrul,2,0
Meghalaya,East Garo Hills,1,0
Meghalaya,East Khasi Hills,22,2
Meghalaya,West Garo Hills,1,2
Mizoram,Aizawl,7,5
Mizoram,Champhai,0,2
Mizoram,Kolasib,2,0
Mizoram,Lawngtlai,1,0
Mizoram,Lunglei,12,1
Mizoram,Serchhip,0,1
Nagaland,Dimapur,892,26
Nagaland,Kiphire,234,21
Nagaland,Kohima,345,16
Nagaland,Longleng,24,6
Nagaland,Mokokchung,82,1
Nagaland,Mon,1,43
Nagaland,Peren,453,2
Nagaland,Phek,140,7
Nagaland,Tuensang,83,5
Nagaland,Wokha,365,8
Nagaland,Zunheboto,82,0
Odisha,Angul,2,2
Odisha,Balangir,1371,204
Odisha,Baleswar,1366,39
Odisha,Bargarh,45,2149
Odisha,Bhadrak,18,15
Odisha,Boudh,2,2
Odisha,Cuttack,100,212
Odisha,Dhenkanal,7,22
Odisha,Gajapati,2,3
Odisha,Ganjam,116,147
Odisha,Jagatsinghapur,9,38
Odisha,Jajapur,832,107
Odisha,Jharsuguda,1,3
Odisha,Kalahandi,7,10
Odisha,Kandhamal,1,2
Odisha,Kendrapara,32,9
Odisha,Kendujhar,228,73
Odisha,Khorda,454,176
Odisha,Koraput,2,47
Odisha,Malkangiri,356,16
Odisha,Mayurbhanj,25,150
Odisha,Nabarangapur,174,224
Odisha,Nayagarh,4,33
Odisha,Nuapada,0,12
Odisha,Puri,4,77
Odisha,Rayagada,0,101
Odisha,Sambalpur,3,30
Odisha,Sonapur,3,2
Odisha,Sundergarh,31,10
Others,Others,8,1
Puducherry,Karaikal,136,27
Puducherry,Puducherry,115,32
Punjab,Amritsar,1583,484
Punjab,Barnala,364,92
Punjab,Bathinda,1487,319
Punjab,Faridkot,101,60
Punjab,Fatehgarh Sahib,386,91
Punjab,Fazilka,1168,296
Punjab,Ferozepur,804,167
Punjab,Gurdaspur,561,267
Punjab,Hoshiarpur,936,161
Punjab,Jalandhar,1123,227
Punjab,Kapurthala,295,113
Punjab,Ludhiana,2329,661
Punjab,Mansa,610,145
Punjab,Moga,452,128
Punjab,Pathankot,181,77
Punjab,Patiala,1087,382
Punjab,Rupnagar,139,75
Punjab,SAS Nagar (Mohali),448,178
Punjab,Sangrur,1171,262
Punjab,Shaheed Bhagat Singh Nagar,158,65
Punjab,Sri Muktsar Sahib,457,155
Punjab,Tarn Taran,717,259
Rajasthan,Ajmer,755,385
Rajasthan,Alwar,1312,491
Rajasthan,Banswara,1856,444
Rajasthan,Baran,2178,451
Rajasthan,Barmer,840,620
Rajasthan,Bharatpur,1836,577
Rajasthan,Bhilwara,2006,729
Rajasthan,Bikaner,2550,584
Rajasthan,Bundi,1578,411
Rajasthan,Chittorgarh,1359,331
Rajasthan,Churu,1265,330
Rajasthan,Dausa,757,346
Rajasthan,Dholpur,1573,490
Rajasthan,Dungarpur,2284,435
Rajasthan,Ganganagar,1469,395
Rajasthan,Hanumangarh,1824,456
Rajasthan,Jaipur,2973,1285
Rajasthan,Jaisalmer,882,110
Rajasthan,Jalor,1226,501
Rajasthan,Jhalawar,2562,480
Rajasthan,Jhunjhunun,708,194
Rajasthan,Jodhpur,2054,675
Rajasthan,Karauli,2490,359
Rajasthan,Kota,808,316
Rajasthan,Nagaur,2679,826
Rajasthan,Pali,1823,622
Rajasthan,Pratapgarh,860,318
Rajasthan,Rajsamand,667,330
Rajasthan,Sawai Madhopur,1454,347
Rajasthan,Sikar,913,471
Rajasthan,Sirohi,623,192
Rajasthan,Tonk,401,203
Rajasthan,Udaipur,1396,856
Sikkim,East Sikkim,10,5
Sikkim,North Sikkim,1,0
Sikkim,South Sikkim,6,6
Sikkim,West Sikkim,5,6
Tamil Nadu,Ariyalur,26,9
Tamil Nadu,Chennai,763,140
Tamil Nadu,Coimbatore,1292,88
Tamil Nadu,Cuddalore,102,202
Tamil Nadu,Dharmapuri,5,155
Tamil Nadu,Dindigul,433,214
Tamil Nadu,Erode,113,73
Tamil Nadu,Kancheepuram,888,187
Tamil Nadu,Kanniyakumari,301,47
Tamil Nadu,Karur,442,197
Tamil Nadu,Krishnagiri,879,118
Tamil Nadu,Madurai,202,92
Tamil Nadu,Nagapattinam,92,80
Tamil Nadu,Namakkal,34,109
Tamil Nadu,Perambalur,33,14
Tamil Nadu,Pudukkottai,30,300
Tamil Nadu,Ramanathapuram,7,2
Tamil Nadu,Salem,1188,311
Tamil Nadu,Sivaganga,3,3
Tamil Nadu,Thanjavur,73,149
Tamil Nadu,The Nilgiris,242,234
Tamil Nadu,Theni,40,86
Tamil Nadu,Thiruvarur,10,12
Tamil Nadu,Thoothukkudi,638,41
Tamil Nadu,Tiruchirappalli,75,137
Tamil Nadu,Tirunelveli,1324,179
Tamil Nadu,Tiruppur,769,57
Tamil Nadu,Tiruvallur,789,256
Tamil Nadu,Tiruvannamalai,85,55
Tamil Nadu,Vellore,1826,451
Tamil Nadu,Villupuram,168,52
Tamil Nadu,Virudhunagar,9,5
Telangana,Adilabad,557,73
Telangana,Hyderabad,1697,352
Telangana,K.v. Rangareddy,1209,397
Telangana,Karimnagar,269,108
Telangana,Khammam,315,91
Telangana,Mahabubnagar,940,156
Telangana,Medak,259,115
Telangana,Nalgonda,2183,148
Telangana,Nizamabad,466,149
Telangana,Warangal,366,61
Tripura,Dhalai,10,48
Tripura,Gomati,45,3
Tripura,Khowai,32,25
Tripura,North Tripura,129,66
Tripura,Sepahijala,67,22
Tripura,South Tripura,376,59
Tripura,Unakoti,57,18
Tripura,West Tripura,151,68
Uttar Pradesh,Agra,4764,1168
Uttar Pradesh,Aligarh,7565,1302
Uttar Pradesh,Allahabad,4870,1321
Uttar Pradesh,Ambedkar Nagar,2186,355
Uttar Pradesh,Amethi,1828,838
Uttar Pradesh,Amroha,2508,508
Uttar Pradesh,Auraiya,2593,481
Uttar Pradesh,Azamgarh,9898,1492
Uttar Pradesh,Baghpat,1822,383
Uttar Pradesh,Bahraich,13922,1007
Uttar Pradesh,Ballia,2781,500
Uttar Pradesh,Balrampur,3722,544
Uttar Pradesh,Banda,2097,412
Uttar Pradesh,Bara Banki,2849,657
Uttar Pradesh,Bareilly,6623,1889
Uttar Pradesh,Basti,3370,630
Uttar Pradesh,Bijnor,3602,1085
Uttar Pradesh,Budaun,5810,1278
Uttar Pradesh,Bulandshahr,8944,1052
Uttar Pradesh,Chandauli,3996,676
Uttar Pradesh,Chitrakoot,505,277
Uttar Pradesh,Deoria,3613,982
Uttar Pradesh,Etah,2689,350
Uttar Pradesh,Etawah,781,402
Uttar Pradesh,Faizabad,4419,1256
Uttar Pradesh,Farrukhabad,6932,504
Uttar Pradesh,Fatehpur,8117,1493
Uttar Pradesh,Firozabad,3082,823
Uttar Pradesh,Gautam Buddha Nagar,3482,556
Uttar Pradesh,Ghaziabad,3517,1249
Uttar Pradesh,Ghazipur,5414,697
Uttar Pradesh,Gonda,5378,697
Uttar Pradesh,Gorakhpur,3626,1493
Uttar Pradesh,Hamirpur,2935,205
Uttar Pradesh,Hapur,1330,280
Uttar Pradesh,Hardoi,12442,1788
Uttar Pradesh,Hathras,2641,573
Uttar Pradesh,Jalaun,8100,920
Uttar Pradesh,Jaunpur,9966,899
Uttar Pradesh,Jhansi,4394,549
Uttar Pradesh,Kannauj,2613,378
Uttar Pradesh,Kanpur Dehat,2235,579
Uttar Pradesh,Kanpur Nagar,6016,1637
Uttar Pradesh,Kasganj,2466,668
Uttar Pradesh,Kaushambi,2062,431
Uttar Pradesh,Kheri,9712,1258
Uttar Pradesh,Kushinagar,4201,753
Uttar Pradesh,Lalitpur,3173,297
Uttar Pradesh,Lucknow,3530,1358
Uttar Pradesh,Maharajganj,3899,880
Uttar Pradesh,Mahoba,713,251
Uttar Pradesh,Mainpuri,3672,725
Uttar Pradesh,Mathura,4236,779
Uttar Pradesh,Mau,2099,287
Uttar Pradesh,Meerut,5669,1779
Uttar Pradesh,Mirzapur,4919,784
Uttar Pradesh,Moradabad,2720,840
Uttar Pradesh,Muzaffarnagar,2760,697
Uttar Pradesh,Pilibhit,2525,1431
Uttar Pradesh,Pratapgarh,3650,1383
Uttar Pradesh,Rae Bareli,1709,778
Uttar Pradesh,Rampur,2876,632
Uttar Pradesh,Saharanpur,2534,1536
Uttar Pradesh,Sambhal,4454,607
Uttar Pradesh,Sant Kabir Nagar,1748,661
Uttar Pradesh,Sant Ravidas Nagar,4275,433
Uttar Pradesh,Shahjahanpur,6812,1227
Uttar Pradesh,Shamli,1448,350
Uttar Pradesh,Shrawasti,1596,319
Uttar Pradesh,Siddharthnagar,11249,1060
Uttar Pradesh,Sitapur,9349,1738
Uttar Pradesh,Sonbhadra,4606,556
Uttar Pradesh,Sultanpur,2614,392
Uttar Pradesh,Unnao,3928,1447
Uttar Pradesh,Varanasi,3255,968
Uttarakhand,Almora,2959,232
Uttarakhand,Bageshwar,390,22
Uttarakhand,Chamoli,453,13
Uttarakhand,Champawat,26,16
Uttarakhand,Dehradun,1050,190
Uttarakhand,Haridwar,3025,816
Uttarakhand,Nainital,1853,105
Uttarakhand,Pauri Garhwal,2220,269
Uttarakhand,Pithoragarh,885,61
Uttarakhand,Rudraprayag,2012,42
Uttarakhand,Tehri Garhwal,1034,136
Uttarakhand,Udham Singh Nagar,2117,411
Uttarakhand,Uttarkashi,1390,31
West Bengal,Bankura,22,110
West Bengal,Barddhaman,5826,558
West Bengal,Birbhum,22,138
West Bengal,Cooch Behar,866,114
West Bengal,Dakshin Dinajpur,84,62
West Bengal,Darjeeling,246,117
West Bengal,Hooghly,1439,127
West Bengal,Howrah,364,134
West Bengal,Jalpaiguri,1396,114
West Bengal,Kolkata,84,47
West Bengal,Malda,97,169
West Bengal,Murshidabad,4897,339
West Bengal,Nadia,7675,176
West Bengal,North 24 Parganas,852,766
West Bengal,Paschim Medinipur,2098,1111
West Bengal,Purba Medinipur,3606,408
West Bengal,Puruliya,1098,791
West Bengal,South 24 Parganas,10667,1020
West Bengal,Uttar Dinajpur,58,38
