State,District,Aadhaar generated,Enrolment Rejected
Andaman and Nicobar Islands,North And Middle Andaman,1,0
Andaman and Nicobar Islands,South Andaman,0,1
Andhra Pradesh,Adilabad,303,38
Andhra Pradesh,Ananthapur,832,258
Andhra Pradesh,Chittoor,751,205
Andhra Pradesh,Cuddapah,473,69
Andhra Pradesh,East Godavari,499,78
Andhra Pradesh,Guntur,398,72
Andhra Pradesh,Hyderabad,182,17
Andhra Pradesh,Karimnagar,689,158
Andhra Pradesh,Khammam,601,99
Andhra Pradesh,Krishna,752,97
Andhra Pradesh,Kurnool,2920,777
Andhra Pradesh,Mahbubnagar,1745,410
Andhra Pradesh,Medak,672,144
Andhra Pradesh,Nalgonda,591,117
Andhra Pradesh,Nellore,2118,349
Andhra Pradesh,Nizamabad,723,138
Andhra Pradesh,Prakasam,784,179
Andhra Pradesh,Ranga Reddy,691,176
Andhra Pradesh,Srikakulam,754,84
Andhra Pradesh,Visakhapatnam,1649,213
Andhra Pradesh,Vizianagaram,1410,367
Andhra Pradesh,Warangal,767,110
Andhra Pradesh,West Godavari,1207,202
Arunachal Pradesh,East Siang,0,1
Arunachal Pradesh,Lohit,1,0
Arunachal Pradesh,Lower Subansiri,1,1
Arunachal Pradesh,Papum Pare,650,2
Arunachal Pradesh,Tawang,42,0
Arunachal Pradesh,Tirap,1,0
Arunachal Pradesh,Upper Subansiri,1,0
Arunachal Pradesh,West Kameng,2,0
Arunachal Pradesh,West Siang,0,1
Assam,Baksa,3,0
Assam,Barpeta,26,1
Assam,Bongaigaon,2,0
Assam,Cachar,10,1
Assam,Chirang,6,0
Assam,Dhemaji,3,0
Assam,Dhubri,6,0
Assam,Dibrugarh,2,0
Assam,Goalpara,4,0
Assam,Golaghat,18,0
Assam,Hailakandi,4,0
Assam,Jorhat,5,0
Assam,Kamrup,8,2
Assam,Kamrup Metro,1,0
Assam,Karbi Anglong,2,0
Assam,Karimganj,7,0
Assam,Kokrajhar,4,0
Assam,Lakhimpur,6,0
Assam,Marigaon,2,0
Assam,Nagaon,21,3
Assam,Nalbari,4,0
Assam,Sibsagar,4,0
Assam,Sonitpur,228,0
Assam,Tinsukia,4,0
Assam,Udalguri,10,0
Bihar,Araria,120,1
Bihar,Arwal,29,1
Bihar,Aurangabad,1624,63
Bihar,Banka,2283,48
Bihar,Begusarai,2404,219
Bihar,Bhagalpur,1508,40
Bihar,Bhojpur,737,30
Bihar,Buxar,692,3
Bihar,Darbhanga,225,4
Bihar,East Champaran,2469,44
Bihar,Gaya,2552,53
Bihar,Gopalganj,2131,104
Bihar,Jamui,382,4
Bihar,Jehanabad,558,43
Bihar,Kaimur (Bhabua),899,3
Bihar,Katihar,111,2
Bihar,Khagaria,148,1
Bihar,Kishanganj,36,1
Bihar,Lakhisarai,353,12
Bihar,Madhepura,650,10
Bihar,Madhubani,2710,54
Bihar,Munger,2143,22
Bihar,Muzaffarpur,8156,88
Bihar,Nalanda,149,5
Bihar,Nawada,1362,12
Bihar,Patna,10855,309
Bihar,Purnia,3026,44
Bihar,Rohtas,949,16
Bihar,Saharsa,278,12
Bihar,Samastipur,834,25
Bihar,Saran,5538,103
Bihar,Sheikhpura,25,5
Bihar,Sheohar,21,0
Bihar,Sitamarhi,1654,21
Bihar,Siwan,1181,22
Bihar,Supaul,898,24
Bihar,Vaishali,913,27
Bihar,West Champaran,2207,91
Chandigarh,Chandigarh,89,7
Chhattisgarh,Balod,550,13
Chhattisgarh,Baloda Bazar,838,7
Chhattisgarh,Balrampur,153,0
Chhattisgarh,Bastar,323,2
Chhattisgarh,Bemetara,231,1
Chhattisgarh,Bijapur,1,0
Chhattisgarh,Bilaspur,5370,130
Chhattisgarh,Dakshin Bastar Dantewada,2,0
Chhattisgarh,Dantewada,1,0
Chhattisgarh,Dhamtari,6,0
Chhattisgarh,Durg,2857,194
Chhattisgarh,Gariyaband,91,3
Chhattisgarh,Janjgir Champa,67,21
Chhattisgarh,Jashpur,31,3
Chhattisgarh,Kanker,865,6
Chhattisgarh,Kawardha,3,0
Chhattisgarh,Kondagaon,2888,30
Chhattisgarh,Korba,1170,26
Chhattisgarh,Koriya,113,1
Chhattisgarh,Mahasamund,3146,22
Chhattisgarh,Mungeli,185,6
Chhattisgarh,Narayanpur,98,16
Chhattisgarh,Raigarh,2190,451
Chhattisgarh,Raipur,810,9
Chhattisgarh,Rajnandgaon,2755,43
Chhattisgarh,Sukma,1,0
Chhattisgarh,Surajpur,9,0
Chhattisgarh,Surguja,972,19
Chhattisgarh,Uttar Bastar Kanker,1771,8
Dadra and Nagar Haveli,Dadra and Nagar Haveli,1,0
Daman and Diu,Daman,7,0
Daman and Diu,Diu,3,0
Delhi,Central Delhi,161,33
Delhi,East Delhi,226,37
Delhi,New Delhi,19,2
Delhi,North Delhi,96,7
Delhi,North East Delhi,162,22
Delhi,North West Delhi,468,35
Delhi,South Delhi,343,21
Delhi,South West Delhi,283,30
Delhi,West Delhi,253,23
Goa,South Goa,1,0
Gujarat,Ahmedabad,1931,56
Gujarat,Amreli,45,0
Gujarat,Anand,273,3
Gujarat,Banaskantha,1186,9
Gujarat,Bharuch,122,2
Gujarat,Bhavnagar,1659,18
Gujarat,Dahod,217,9
Gujarat,Gandhinagar,516,6
Gujarat,Jamnagar,1425,16
Gujarat,Junagadh,219,3
Gujarat,Kachchh,766,70
Gujarat,Kheda,70,4
Gujarat,Mahesana,53,2
Gujarat,Narmada,54,0
Gujarat,Navsari,101,8
Gujarat,Panchmahal,1832,35
Gujarat,Patan,384,10
Gujarat,Porbandar,4,7
Gujarat,Rajkot,202,6
Gujarat,Sabarkantha,2659,72
Gujarat,Surat,1509,68
Gujarat,Surendranagar,563,3
Gujarat,Tapi,104,1
Gujarat,The Dangs,187,8
Gujarat,Vadodara,566,79
Gujarat,Valsad,278,20
Haryana,Ambala,169,14
Haryana,Bhiwani,770,15
Haryana,Faridabad,385,12
Haryana,Fatehabad,29,10
Haryana,Gurgaon,185,16
Haryana,Hisar,871,52
Haryana,Jhajjar,147,23
Haryana,Jind,170,46
Haryana,Kaithal,113,9
Haryana,Karnal,194,21
Haryana,Kurukshetra,374,66
Haryana,Mahendragarh,184,9
Haryana,Mewat,1988,286
Haryana,Palwal,88,9
Haryana,Panchkula,37,1
Haryana,Panipat,29,5
Haryana,Rewari,42,2
Haryana,Rohtak,324,26
Haryana,Sirsa,330,75
Haryana,Sonipat,113,9
Haryana,Yamuna Nagar,1060,124
Himachal Pradesh,Bilaspur,5,0
Himachal Pradesh,Chamba,4,0
Himachal Pradesh,Hamirpur,10,0
Himachal Pradesh,Kangra,62,6
Himachal Pradesh,Kinnaur,1,0
Himachal Pradesh,Kullu,2,0
Himachal Pradesh,Mandi,11,0
Himachal Pradesh,Shimla,13,0
Himachal Pradesh,Sirmaur,2,2
Himachal Pradesh,Solan,62,1
Himachal Pradesh,Una,14,0
Jammu and Kashmir,Anantnag,3211,17
Jammu and Kashmir,Badgam,2833,26
Jammu and Kashmir,Bandipore,3,0
Jammu and Kashmir,Baramula,10,0
Jammu and Kashmir,Doda,467,56
Jammu and Kashmir,Jammu,3273,50
Jammu and Kashmir,Kathua,1185,2
Jammu and Kashmir,Kupwara,2,0
Jammu and Kashmir,Leh,1,0
Jammu and Kashmir,Pulwama,2343,4
Jammu and Kashmir,Punch,3,0
Jammu and Kashmir,Rajouri,77,1
Jammu and Kashmir,Reasi,4120,55
Jammu and Kashmir,Srinagar,36,3
Jammu and Kashmir,Udhampur,129,2
Jharkhand,Bokaro,156,9
Jharkhand,Chatra,198,9
Jharkhand,Deoghar,79,3
Jharkhand,Dhanbad,196,43
Jharkhand,Dumka,79,3
Jharkhand,East Singhbhum,89,6
Jharkhand,Garhwa,265,11
Jharkhand,Giridih,430,23
Jharkhand,Godda,126,4
Jharkhand,Gumla,44,3
Jharkhand,Hazaribagh,107,7
Jharkhand,Jamtara,19,2
Jharkhand,Khunti,34,2
Jharkhand,Koderma,1012,33
Jharkhand,Latehar,102,20
Jharkhand,Lohardaga,18,0
Jharkhand,Pakur,26,1
Jharkhand,Palamu,338,56
Jharkhand,Ramgarh,26,2
Jharkhand,Ranchi,120,6
Jharkhand,Sahibganj,31,0
Jharkhand,Seraikela-Kharsawan,32,2
Jharkhand,Simdega,65,3
Jharkhand,West Singhbhum,204,5
Karnataka,Bagalkot,310,26
Karnataka,Bangalore,301,19
Karnataka,Bangalore Rural,4,0
Karnataka,Belgaum,392,53
Karnataka,Bellary,62,37
Karnataka,Bidar,17,13
Karnataka,Bijapur,771,18
Karnataka,Chamarajanagar,82,1
Karnataka,Chikkaballapur,73,7
Karnataka,Chikmagalur,170,5
Karnataka,Chitradurga,30,12
Karnataka,Dakshina Kannada,18,18
Karnataka,Davangere,21,0
Karnataka,Dharwad,112,37
Karnataka,Gadag,6,2
Karnataka,Gulbarga,130,23
Karnataka,Hassan,488,11
Karnataka,Haveri,113,8
Karnataka,Kodagu,247,34
Karnataka,Kolar,545,150
Karnataka,Koppal,34,4
Karnataka,Mandya,390,13
Karnataka,Mysore,259,32
Karnataka,Raichur,2091,36
Karnataka,Ramanagar,4,0
Karnataka,Shimoga,504,10
Karnataka,Tumkur,19,1
Karnataka,Udupi,4,1
Karnataka,Uttara Kannada,28,2
Karnataka,Yadgir,119,9
Kerala,Alappuzha,85,4
Kerala,Ernakulam,78,8
Kerala,Idukki,64,4
Kerala,Kannur,387,21
Kerala,Kasaragod,111,15
Kerala,Kollam,111,13
Kerala,Kottayam,48,2
Kerala,Kozhikode,322,17
Kerala,Malappuram,398,34
Kerala,Palakkad,166,22
Kerala,Pathanamthitta,69,2
Kerala,Thiruvananthapuram,177,5
Kerala,Thrissur,96,7
Kerala,Wayanad,36,1
Madhya Pradesh,Alirajpur,711,56
Madhya Pradesh,Anuppur,45,29
Madhya Pradesh,Ashok Nagar,114,15
Madhya Pradesh,Balaghat,233,7
Madhya Pradesh,Barwani,827,78
Madhya Pradesh,Betul,112,3
Madhya Pradesh,Bhind,249,6
Madhya Pradesh,Bhopal,233,10
Madhya Pradesh,Burhanpur,23,19
Madhya Pradesh,Chhatarpur,137,14
Madhya Pradesh,Chhindwara,337,37
Madhya Pradesh,Damoh,372,24
Madhya Pradesh,Datia,153,5
Madhya Pradesh,Dewas,541,36
Madhya Pradesh,Dhar,317,24
Madhya Pradesh,Dindori,82,5
Madhya Pradesh,Guna,99,18
Madhya Pradesh,Gwalior,174,33
Madhya Pradesh,Harda,42,6
Madhya Pradesh,Hoshangabad,90,11
Madhya Pradesh,Indore,336,26
Madhya Pradesh,Jabalpur,158,17
Madhya Pradesh,Jhabua,122,3
Madhya Pradesh,Katni,51,3
Madhya Pradesh,Khandwa,24,1
Madhya Pradesh,Khargone,148,22
Madhya Pradesh,Mandla,399,16
Madhya Pradesh,Mandsaur,84,11
Madhya Pradesh,Morena,243,6
Madhya Pradesh,Narsinghpur,141,23
Madhya Pradesh,Neemuch,27,7
Madhya Pradesh,Panna,148,12
Madhya Pradesh,Raisen,159,37
Madhya Pradesh,Rajgarh,383,16
Madhya Pradesh,Ratlam,193,35
Madhya Pradesh,Rewa,256,13
Madhya Pradesh,Sagar,322,45
Madhya Pradesh,Satna,259,24
Madhya Pradesh,Sehore,205,59
Madhya Pradesh,Seoni,790,55
Madhya Pradesh,Shahdol,259,7
Madhya Pradesh,Shajapur,113,21
Madhya Pradesh,Sheopur,102,4
Madhya Pradesh,Shivpuri,645,379
Madhya Pradesh,Sidhi,104,6
Madhya Pradesh,Singrauli,49,8
Madhya Pradesh,Tikamgarh,179,6
Madhya Pradesh,Ujjain,178,27
Madhya Pradesh,Umaria,25,6
Madhya Pradesh,Vidisha,198,19
Maharashtra,Ahmednagar,458,32
Maharashtra,Akola,186,12
Maharashtra,Amravati,98,40
Maharashtra,Aurangabad,282,17
Maharashtra,Beed,231,9
Maharashtra,Bhandara,66,10
Maharashtra,Buldhana,365,17
Maharashtra,Chandrapur,405,5
Maharashtra,Dhule,102,20
Maharashtra,Gadchiroli,157,2
Maharashtra,Gondia,148,27
Maharashtra,Hingoli,220,5
Maharashtra,Jalgaon,520,61
Maharashtra,Jalna,272,39
Maharashtra,Kolhapur,123,5
Maharashtra,Latur,232,19
Maharashtra,Mumbai,414,24
Maharashtra,Nagpur,339,71
Maharashtra,Nanded,333,23
Maharashtra,Nandurbar,153,7
Maharashtra,Nashik,488,31
Maharashtra,Osmanabad,112,6
Maharashtra,Parbhani,203,7
Maharashtra,Pune,603,11
Maharashtra,Raigad,140,2
Maharashtra,Ratnagiri,232,10
Maharashtra,Sangli,112,5
Maharashtra,Satara,435,23
Maharashtra,Sindhudurg,47,0
Maharashtra,Solapur,876,124
Maharashtra,Thane,328,275
Maharashtra,Wardha,49,1
Maharashtra,Washim,121,1
Maharashtra,Yavatmal,380,11
Manipur,Bishnupur,3,0
Manipur,Chandel,2,0
Manipur,Churachandpur,3,0
Manipur,Imphal East,32,0
Manipur,Imphal West,56,1
Manipur,Senapati,10,0
Manipur,Tamenglong,2,0
Manipur,Thoubal,3,1
Manipur,Ukhrul,2,0
Meghalaya,East Khasi Hills,1,0
Meghalaya,West Garo Hills,1,0
Mizoram,Aizawl,2,0
Mizoram,Champhai,12,0
Mizoram,Kolasib,2,0
Mizoram,Lawngtlai,1,0
Mizoram,Lunglei,3,0
Mizoram,Mammit,1,0
Mizoram,Saiha,28,1
Mizoram,Serchhip,1,0
Nagaland,Dimapur,8,0
Nagaland,Kohima,7,0
Nagaland,Longleng,1,0
Nagaland,Mokokchung,3,0
Nagaland,Mon,1,0
Nagaland,Peren,1,0
Nagaland,Tuensang,1,0
Nagaland,Wokha,2,0
Odisha,Angul,3,0
Odisha,Balangir,6,0
Odisha,Baleswar,9,2
Odisha,Bhadrak,11,2
Odisha,Cuttack,5,2
Odisha,Dhenkanal,13,2
Odisha,Gajapati,2,0
Odisha,Ganjam,5765,121
Odisha,Jagatsinghapur,4,0
Odisha,Jajapur,4,0
Odisha,Jharsuguda,3925,623
Odisha,Kalahandi,2015,94
Odisha,Kandhamal,2,2
Odisha,Kendrapara,16,1
Odisha,Kendujhar,1,1
Odisha,Khorda,118,11
Odisha,Koraput,1281,13
Odisha,Malkangiri,2307,110
Odisha,Mayurbhanj,3,1
Odisha,Nabarangapur,1,0
Odisha,Nayagarh,4,0
Odisha,Nuapada,0,1
Odisha,Puri,5,4
Odisha,Rayagada,1781,199
Odisha,Sambalpur,2,0
Odisha,Sonapur,30,1
Odisha,Sundergarh,7,101
Others,Others,199637,9148
Puducherry,Karaikal,29,2
Puducherry,Pondicherry,1,1
Puducherry,Puducherry,20,0
Punjab,Amritsar,241,36
Punjab,Barnala,90,11
Punjab,Bathinda,206,22
Punjab,Faridkot,67,3
Punjab,Fatehgarh Sahib,52,3
Punjab,Fazilka,365,39
Punjab,Firozpur,196,21
Punjab,Gurdaspur,151,6
Punjab,Hoshiarpur,188,9
Punjab,Jalandhar,132,11
Punjab,Kapurthala,108,5
Punjab,Ludhiana,628,56
Punjab,Mansa,40,3
Punjab,Moga,66,4
Punjab,Pathankot,55,7
Punjab,Patiala,153,49
Punjab,Rupnagar,37,1
Punjab,SAS Nagar (Mohali),227,21
Punjab,Sangrur,74,11
Punjab,Shaheed Bhagat Singh Nagar,104,15
Punjab,Sri Muktsar Sahib,98,3
Punjab,Tarn Taran,106,9
Rajasthan,Ajmer,452,30
Rajasthan,Alwar,425,19
Rajasthan,Banswara,431,18
Rajasthan,Baran,75,3
Rajasthan,Barmer,84,0
Rajasthan,Bharatpur,2663,60
Rajasthan,Bhilwara,313,17
Rajasthan,Bikaner,142,12
Rajasthan,Bundi,31,2
Rajasthan,Chittorgarh,68,16
Rajasthan,Churu,156,3
Rajasthan,Dausa,438,11
Rajasthan,Dholpur,149,30
Rajasthan,Dungarpur,151,4
Rajasthan,Ganganagar,63,36
Rajasthan,Hanumangarh,180,5
Rajasthan,Jaipur,533,55
Rajasthan,Jaisalmer,3,0
Rajasthan,Jalor,173,15
Rajasthan,Jhalawar,221,8
Rajasthan,Jhunjhunu,171,3
Rajasthan,Jodhpur,262,62
Rajasthan,Karauli,111,8
Rajasthan,Kota,155,7
Rajasthan,Nagaur,182,27
Rajasthan,Pali,244,28
Rajasthan,Pratapgarh,68,2
Rajasthan,Rajsamand,29,3
Rajasthan,Sawai Madhopur,285,9
Rajasthan,Sikar,488,89
Rajasthan,Sirohi,62,61
Rajasthan,Tonk,237,14
Rajasthan,Udaipur,46,27
Sikkim,East Sikkim,2,2
Sikkim,South Sikkim,2,0
Tamil Nadu,Chennai,17,6
Tamil Nadu,Coimbatore,218,16
Tamil Nadu,Cuddalore,21,2
Tamil Nadu,Dharmapuri,1,0
Tamil Nadu,Dindigul,2,0
Tamil Nadu,Erode,1,1
Tamil Nadu,Kancheepuram,7,0
Tamil Nadu,Kanyakumari,5,0
Tamil Nadu,Karur,1,4
Tamil Nadu,Krishnagiri,3,0
Tamil Nadu,Madurai,6,1
Tamil Nadu,Nagapattinam,2,0
Tamil Nadu,Perambalur,1,0
Tamil Nadu,Pudukkottai,1,0
Tamil Nadu,Sivaganga,1,0
Tamil Nadu,Thanjavur,5,0
Tamil Nadu,Theni,2,5
Tamil Nadu,Thiruvarur,1,1
Tamil Nadu,Thoothukudi,0,11
Tamil Nadu,Tiruchirappalli,2,1
Tamil Nadu,Tirunelveli,18,0
Tamil Nadu,Tirupur,2,13
Tamil Nadu,Tiruvallur,10,0
Tamil Nadu,Tiruvannamalai,3,0
Tamil Nadu,Vellore,5,1
Tamil Nadu,Viluppuram,458,0
Tamil Nadu,Virudhunagar,2,0
Tripura,Dhalai,1,0
Tripura,Gomati,43,0
Tripura,Khowai,6,0
Tripura,North Tripura,17,0
Tripura,Sepahijala,56,4
Tripura,South Tripura,32,2
Tripura,Unakoti,18,1
Tripura,West Tripura,102,5
Uttar Pradesh,Agra,6894,260
Uttar Pradesh,Aligarh,4138,70
Uttar Pradesh,Allahabad,8960,239
Uttar Pradesh,Ambedkar Nagar,2925,39
Uttar Pradesh,Amethi,227,4
Uttar Pradesh,Amroha,2821,56
Uttar Pradesh,Auraiya,2342,42
Uttar Pradesh,Azamgarh,1964,37
Uttar Pradesh,Baghpat,3110,462
Uttar Pradesh,Bahraich,468,41
Uttar Pradesh,Ballia,3877,235
Uttar Pradesh,Balrampur,28,0
Uttar Pradesh,Banda,2302,108
Uttar Pradesh,Barabanki,2803,56
Uttar Pradesh,Bareilly,1703,134
Uttar Pradesh,Basti,2002,38
Uttar Pradesh,Bijnor,10477,401
Uttar Pradesh,Budaun,1184,13
Uttar Pradesh,Bulandshahr,2302,91
Uttar Pradesh,Chandauli,205,20
Uttar Pradesh,Chitrakoot,147,1
Uttar Pradesh,Deoria,1548,43
Uttar Pradesh,Etah,2090,15
Uttar Pradesh,Etawah,113,9
Uttar Pradesh,Faizabad,1763,50
Uttar Pradesh,Farrukhabad,444,25
Uttar Pradesh,Fatehpur,1571,23
Uttar Pradesh,Firozabad,923,27
Uttar Pradesh,Gautam Buddha Nagar,1694,161
Uttar Pradesh,Ghaziabad,7694,347
Uttar Pradesh,Ghazipur,1266,43
Uttar Pradesh,Gonda,393,34
Uttar Pradesh,Gorakhpur,1873,50
Uttar Pradesh,Hamirpur,218,4
Uttar Pradesh,Hapur,2031,105
Uttar Pradesh,Hardoi,1472,21
Uttar Pradesh,Hathras,830,98
Uttar Pradesh,Jalaun,550,36
Uttar Pradesh,Jaunpur,2934,43
Uttar Pradesh,Jhansi,2596,144
Uttar Pradesh,Kannauj,1418,80
Uttar Pradesh,Kanpur Dehat,3101,107
Uttar Pradesh,Kanpur Nagar,3473,134
Uttar Pradesh,Kasganj,1129,28
Uttar Pradesh,Kaushambi,1029,59
Uttar Pradesh,Kheri,1374,40
Uttar Pradesh,Kushinagar,1370,158
Uttar Pradesh,Lalitpur,687,20
Uttar Pradesh,Lucknow,8147,388
Uttar Pradesh,Maharajganj,1075,6
Uttar Pradesh,Mahoba,6,2
Uttar Pradesh,Mainpuri,204,26
Uttar Pradesh,Mathura,4046,54
Uttar Pradesh,Mau,2176,30
Uttar Pradesh,Meerut,4119,117
Uttar Pradesh,Mirzapur,8057,178
Uttar Pradesh,Moradabad,3629,298
Uttar Pradesh,Muzaffarnagar,1679,44
Uttar Pradesh,Pilibhit,236,16
Uttar Pradesh,Pratapgarh,2162,36
Uttar Pradesh,Raebareli,99,4
Uttar Pradesh,Rampur,1024,27
Uttar Pradesh,Saharanpur,3118,196
Uttar Pradesh,Sambhal,2404,75
Uttar Pradesh,Sant Kabir Nagar,25,0
Uttar Pradesh,Sant Ravidas Nagar,1318,23
Uttar Pradesh,Shahjahanpur,93,1
Uttar Pradesh,Shamli,1321,143
Uttar Pradesh,Shrawasti,5,0
Uttar Pradesh,Siddharthnagar,1088,381
Uttar Pradesh,Sitapur,3370,71
Uttar Pradesh,Sonbhadra,660,21
Uttar Pradesh,Sultanpur,2243,49
Uttar Pradesh,Unnao,2530,144
Uttar Pradesh,Varanasi,4223,53
Uttarakhand,Almora,126,5
Uttarakhand,Bageshwar,31,1
Uttarakhand,Chamoli,14,0
Uttarakhand,Champawat,9,1
Uttarakhand,Dehradun,1045,90
Uttarakhand,Haridwar,204,34
Uttarakhand,Nainital,859,93
Uttarakhand,Pauri Garhwal,90,10
Uttarakhand,Pithoragarh,42,3
Uttarakhand,Rudraprayag,10,0
Uttarakhand,Tehri Garhwal,19,0
Uttarakhand,Udham Singh Nagar,3158,176
Uttarakhand,Uttarkashi,11,0
West Bengal,Bankura,3171,150
West Bengal,Bardhaman,16885,367
West Bengal,Birbhum,24,0
West Bengal,Cooch Behar,49,0
West Bengal,Darjeeling,1023,8
West Bengal,East Midnapore,6069,395
West Bengal,Hooghly,2357,13
West Bengal,Howrah,17,3
West Bengal,Jalpaiguri,3064,100
West Bengal,Kolkata,1257,94
West Bengal,Malda,59,3
West Bengal,Murshidabad,94,14
West Bengal,Nadia,14827,201
West Bengal,North 24 Parganas,9580,1045
West Bengal,North Dinajpur,7100,155
West Bengal,Purulia,1391,292
West Bengal,South 24 Parganas,8983,658
West Bengal,South Dinajpur,196,7
West Bengal,West Midnapore,2505,18
