State,District,Aadhaar generated,Enrolment Rejected
Andhra Pradesh,Adilabad,315,216
Andhra Pradesh,Anantapur,1,0
Andhra Pradesh,Ananthapur,288,732
Andhra Pradesh,Chittoor,528,437
Andhra Pradesh,Cuddapah,362,221
Andhra Pradesh,East Godavari,342,171
Andhra Pradesh,Guntur,255,303
Andhra Pradesh,Hyderabad,85,55
Andhra Pradesh,Karimnagar,272,262
Andhra Pradesh,Khammam,311,326
Andhra Pradesh,Krishna,405,306
Andhra Pradesh,Kurnool,1620,1784
Andhra Pradesh,Mahbubnagar,950,939
Andhra Pradesh,Medak,328,435
Andhra Pradesh,Nalgonda,391,311
Andhra Pradesh,Nellore,1187,731
Andhra Pradesh,Nizamabad,280,235
Andhra Pradesh,Prakasam,389,310
Andhra Pradesh,Ranga Reddy,281,276
Andhra Pradesh,Srikakulam,468,149
Andhra Pradesh,Visakhapatnam,868,769
Andhra Pradesh,Vizianagaram,615,718
Andhra Pradesh,Warangal,562,342
Andhra Pradesh,West Godavari,783,331
Arunachal Pradesh,East Kameng,2,2
Arunachal Pradesh,East Siang,1,0
Arunachal Pradesh,Kurung Kumey,0,1
Arunachal Pradesh,Lower Subansiri,3,1
Arunachal Pradesh,Papum Pare,213,0
Arunachal Pradesh,Tawang,17,0
Assam,Baksa,1,0
Assam,Barpeta,10,1
Assam,Cachar,2,0
Assam,Chirang,1,0
Assam,Darrang,1,0
Assam,Dhubri,1,0
Assam,Golaghat,9,0
Assam,Hailakandi,1,0
Assam,Jorhat,2,0
Assam,Kamrup,3,0
Assam,Karimganj,3,0
Assam,Kokrajhar,1,0
Assam,Lakhimpur,1,0
Assam,Marigaon,1,0
Assam,Nagaon,4,0
Assam,Nalbari,1,0
Assam,Sonitpur,114,2
Assam,Udalguri,1,0
Bihar,Araria,103,6
Bihar,Arwal,12,4
Bihar,Aurangabad,614,55
Bihar,Banka,1003,108
Bihar,Begusarai,1221,68
Bihar,Bhagalpur,680,57
Bihar,Bhojpur,84,27
Bihar,Buxar,27,12
Bihar,Darbhanga,78,10
Bihar,East Champaran,1602,64
Bihar,Gaya,820,75
Bihar,Gopalganj,969,159
Bihar,Jamui,215,18
Bihar,Jehanabad,153,20
Bihar,Kaimur (Bhabua),55,16
Bihar,Katihar,57,6
Bihar,Khagaria,87,0
Bihar,Kishanganj,9,8
Bihar,Lakhisarai,201,37
Bihar,Madhepura,321,21
Bihar,Madhubani,926,57
Bihar,Munger,653,21
Bihar,Muzaffarpur,3397,236
Bihar,Nalanda,66,8
Bihar,Nawada,136,31
Bihar,Patna,4711,543
Bihar,Purnia,1468,150
Bihar,Rohtas,231,26
Bihar,Saharsa,151,5
Bihar,Samastipur,168,31
Bihar,Saran,2093,138
Bihar,Sheikhpura,16,2
Bihar,Sheohar,2,1
Bihar,Sitamarhi,378,29
Bihar,Siwan,234,34
Bihar,Supaul,297,20
Bihar,Vaishali,256,44
Bihar,West Champaran,953,102
Chandigarh,Chandigarh,23,7
Chhattisgarh,Balod,200,27
Chhattisgarh,Baloda Bazar,520,13
Chhattisgarh,Balrampur,7,4
Chhattisgarh,Bastar,87,2
Chhattisgarh,Bemetara,25,7
Chhattisgarh,Bilaspur,1451,57
Chhattisgarh,Dhamtari,3,3
Chhattisgarh,Durg,1597,402
Chhattisgarh,Gariyaband,17,1
Chhattisgarh,Janjgir Champa,52,85
Chhattisgarh,Jashpur,12,2
Chhattisgarh,Kabeerdham,1,0
Chhattisgarh,Kanker,462,9
Chhattisgarh,Kawardha,6,0
Chhattisgarh,Kondagaon,690,24
Chhattisgarh,Korba,57,7
Chhattisgarh,Koriya,23,4
Chhattisgarh,Mahasamund,1081,56
Chhattisgarh,Mungeli,41,8
Chhattisgarh,Narayanpur,17,15
Chhattisgarh,Raigarh,952,230
Chhattisgarh,Raipur,594,14
Chhattisgarh,Rajnandgaon,2188,111
Chhattisgarh,Sukma,3,0
Chhattisgarh,Surajpur,4,0
Chhattisgarh,Surguja,719,11
Chhattisgarh,Uttar Bastar Kanker,349,25
Dadra and Nagar Haveli,Dadra and Nagar Haveli,2,0
Daman and Diu,Daman,4,0
Daman and Diu,Diu,2,0
Delhi,Central Delhi,67,22
Delhi,East Delhi,104,58
Delhi,New Delhi,8,2
Delhi,North Delhi,26,11
Delhi,North East Delhi,96,55
Delhi,North West Delhi,226,104
Delhi,South Delhi,85,58
Delhi,South West Delhi,163,35
Delhi,West Delhi,94,56
Goa,North Goa,0,4
Gujarat,Ahmedabad,921,143
Gujarat,Amreli,22,5
Gujarat,Anand,313,14
Gujarat,Banaskantha,596,16
Gujarat,Bharuch,1,1
Gujarat,Bhavnagar,538,76
Gujarat,Dahod,31,23
Gujarat,Gandhinagar,252,42
Gujarat,Jamnagar,581,63
Gujarat,Junagadh,65,45
Gujarat,Kachchh,429,57
Gujarat,Kheda,37,5
Gujarat,Mahesana,6,4
Gujarat,Narmada,54,0
Gujarat,Navsari,11,14
Gujarat,Panchmahal,1125,114
Gujarat,Patan,183,10
Gujarat,Porbandar,3,16
Gujarat,Rajkot,43,8
Gujarat,Sabarkantha,806,90
Gujarat,Surat,1194,299
Gujarat,Surendranagar,416,6
Gujarat,Tapi,8,11
Gujarat,The Dangs,23,4
Gujarat,Vadodara,171,131
Gujarat,Valsad,29,34
Haryana,Ambala,49,20
Haryana,Bhiwani,589,40
Haryana,Faridabad,150,26
Haryana,Fatehabad,19,6
Haryana,Gurgaon,79,44
Haryana,Hisar,532,62
Haryana,Jhajjar,20,36
Haryana,Jind,35,65
Haryana,Kaithal,12,10
Haryana,Karnal,76,34
Haryana,Kurukshetra,7,20
Haryana,Mahendragarh,77,10
Haryana,Mewat,2070,322
Haryana,Palwal,136,17
Haryana,Panchkula,10,7
Haryana,Panipat,19,26
Haryana,Rewari,12,2
Haryana,Rohtak,263,51
Haryana,Sirsa,13,20
Haryana,Sonipat,68,20
Haryana,Yamuna Nagar,821,206
Himachal Pradesh,Bilaspur,0,2
Himachal Pradesh,Chamba,1,0
Himachal Pradesh,Hamirpur,1,0
Himachal Pradesh,Kangra,22,6
Himachal Pradesh,Kinnaur,1,0
Himachal Pradesh,Kullu,0,1
Himachal Pradesh,Mandi,4,7
Himachal Pradesh,Shimla,2,1
Himachal Pradesh,Sirmaur,1,0
Himachal Pradesh,Solan,145,12
Jammu and Kashmir,Anantnag,1607,38
Jammu and Kashmir,Badgam,1301,11
Jammu and Kashmir,Baramula,1,0
Jammu and Kashmir,Doda,592,174
Jammu and Kashmir,Jammu,1808,230
Jammu and Kashmir,Kathua,266,8
Jammu and Kashmir,Pulwama,794,10
Jammu and Kashmir,Punch,1,1
Jammu and Kashmir,Rajouri,2,0
Jammu and Kashmir,Reasi,8138,155
Jammu and Kashmir,Srinagar,0,1
Jammu and Kashmir,Udhampur,247,14
Jharkhand,Bokaro,13,20
Jharkhand,Chatra,126,39
Jharkhand,Deoghar,27,56
Jharkhand,Dhanbad,62,81
Jharkhand,Dumka,20,87
Jharkhand,East Singhbhum,21,11
Jharkhand,Garhwa,133,42
Jharkhand,Giridih,377,92
Jharkhand,Godda,57,54
Jharkhand,Gumla,18,23
Jharkhand,Hazaribagh,57,13
Jharkhand,Jamtara,4,22
Jharkhand,Khunti,9,9
Jharkhand,Koderma,34,9
Jharkhand,Latehar,35,9
Jharkhand,Lohardaga,2,17
Jharkhand,Pakur,9,52
Jharkhand,Palamu,135,122
Jharkhand,Ramgarh,17,13
Jharkhand,Ranchi,26,30
Jharkhand,Sahibganj,16,13
Jharkhand,Seraikela-Kharsawan,52,8
Jharkhand,Simdega,47,19
Jharkhand,West Singhbhum,22,18
Karnataka,Bagalkot,259,53
Karnataka,Bangalore,107,53
Karnataka,Bangalore Rural,0,4
Karnataka,Belgaum,380,145
Karnataka,Bellary,35,211
Karnataka,Bidar,12,35
Karnataka,Bijapur,194,88
Karnataka,Chamarajanagar,22,14
Karnataka,Chikkaballapur,69,11
Karnataka,Chikmagalur,29,14
Karnataka,Chitradurga,6,14
Karnataka,Dakshina Kannada,2,16
Karnataka,Davangere,2,5
Karnataka,Dharwad,43,45
Karnataka,Gadag,4,43
Karnataka,Gulbarga,33,79
Karnataka,Hassan,151,65
Karnataka,Haveri,21,27
Karnataka,Kodagu,15,77
Karnataka,Kolar,217,164
Karnataka,Koppal,8,18
Karnataka,Mandya,314,19
Karnataka,Mysore,56,62
Karnataka,Raichur,213,17
Karnataka,Ramanagar,4,6
Karnataka,Shimoga,436,29
Karnataka,Tumkur,6,23
Karnataka,Udupi,1,15
Karnataka,Uttara Kannada,4,6
Karnataka,Yadgir,46,48
Kerala,Alappuzha,58,54
Kerala,Ernakulam,28,26
Kerala,Idukki,48,11
Kerala,Kannur,181,18
Kerala,Kasaragod,57,26
Kerala,Kollam,54,35
Kerala,Kottayam,148,35
Kerala,Kozhikode,83,60
Kerala,Malappuram,191,40
Kerala,Palakkad,75,112
Kerala,Pathanamthitta,53,6
Kerala,Thiruvananthapuram,109,17
Kerala,Thrissur,40,3
Kerala,Wayanad,10,1
Madhya Pradesh,Alirajpur,325,119
Madhya Pradesh,Anuppur,11,23
Madhya Pradesh,Ashok Nagar,104,17
Madhya Pradesh,Balaghat,21,25
Madhya Pradesh,Barwani,364,85
Madhya Pradesh,Betul,32,18
Madhya Pradesh,Bhind,85,11
Madhya Pradesh,Bhopal,131,31
Madhya Pradesh,Burhanpur,11,3
Madhya Pradesh,Chhatarpur,33,8
Madhya Pradesh,Chhindwara,154,59
Madhya Pradesh,Damoh,191,36
Madhya Pradesh,Datia,78,21
Madhya Pradesh,Dewas,219,22
Madhya Pradesh,Dhar,192,69
Madhya Pradesh,Dindori,40,22
Madhya Pradesh,Guna,122,39
Madhya Pradesh,Gwalior,63,13
Madhya Pradesh,Harda,2,13
Madhya Pradesh,Hoshangabad,12,11
Madhya Pradesh,Indore,205,73
Madhya Pradesh,Jabalpur,67,29
Madhya Pradesh,Jhabua,45,16
Madhya Pradesh,Katni,13,6
Madhya Pradesh,Khandwa,38,10
Madhya Pradesh,Khargone,36,20
Madhya Pradesh,Mandla,87,27
Madhya Pradesh,Mandsaur,53,15
Madhya Pradesh,Morena,123,8
Madhya Pradesh,Narsinghpur,102,24
Madhya Pradesh,Neemuch,1,9
Madhya Pradesh,Panna,108,14
Madhya Pradesh,Raisen,45,38
Madhya Pradesh,Rajgarh,129,18
Madhya Pradesh,Ratlam,33,31
Madhya Pradesh,Rewa,16,11
Madhya Pradesh,Sagar,60,48
Madhya Pradesh,Satna,40,17
Madhya Pradesh,Sehore,99,24
Madhya Pradesh,Seoni,375,64
Madhya Pradesh,Shahdol,29,14
Madhya Pradesh,Shajapur,46,30
Madhya Pradesh,Sheopur,26,12
Madhya Pradesh,Shivpuri,197,94
Madhya Pradesh,Sidhi,26,9
Madhya Pradesh,Singrauli,18,6
Madhya Pradesh,Tikamgarh,42,10
Madhya Pradesh,Ujjain,101,36
Madhya Pradesh,Umaria,2,2
Madhya Pradesh,Vidisha,15,39
Maharashtra,Ahmednagar,265,40
Maharashtra,Akola,115,19
Maharashtra,Amravati,81,15
Maharashtra,Aurangabad,192,26
Maharashtra,Beed,128,24
Maharashtra,Bhandara,48,36
Maharashtra,Buldhana,162,20
Maharashtra,Chandrapur,190,32
Maharashtra,Dhule,38,17
Maharashtra,Gadchiroli,52,8
Maharashtra,Gondia,32,52
Maharashtra,Hingoli,107,16
Maharashtra,Jalgaon,169,59
Maharashtra,Jalna,111,66
Maharashtra,Kolhapur,100,23
Maharashtra,Latur,108,24
Maharashtra,Mumbai,254,35
Maharashtra,Nagpur,130,61
Maharashtra,Nanded,79,37
Maharashtra,Nandurbar,115,13
Maharashtra,Nashik,227,66
Maharashtra,Osmanabad,59,17
Maharashtra,Parbhani,62,29
Maharashtra,Pune,317,51
Maharashtra,Raigad,152,10
Maharashtra,Ratnagiri,159,26
Maharashtra,Sangli,54,12
Maharashtra,Satara,259,40
Maharashtra,Sindhudurg,62,1
Maharashtra,Solapur,375,74
Maharashtra,Thane,316,389
Maharashtra,Wardha,29,9
Maharashtra,Washim,34,9
Maharashtra,Yavatmal,569,24
Manipur,Bishnupur,1,0
Manipur,Churachandpur,1,0
Manipur,Imphal East,161,0
Manipur,Imphal West,57,1
Manipur,Senapati,28,1
Manipur,Thoubal,61,0
Manipur,Ukhrul,1,0
Mizoram,Champhai,10,0
Mizoram,Kolasib,0,2
Mizoram,Lawngtlai,2,0
Mizoram,Saiha,17,2
Nagaland,Dimapur,1,0
Nagaland,Kohima,2,0
Nagaland,Mokokchung,1,0
Nagaland,Mon,2,0
Nagaland,Tuensang,2,0
Nagaland,Wokha,1,0
Nagaland,Zunheboto,0,1
Odisha,Angul,0,1
Odisha,Anugul,1,0
Odisha,Balangir,9,0
Odisha,Baleswar,7,1
Odisha,Bargarh,1,0
Odisha,Bhadrak,6,1
Odisha,Cuttack,5,17
Odisha,Debagarh,1,0
Odisha,Dhenkanal,1,84
Odisha,Gajapati,2,0
Odisha,Ganjam,3124,322
Odisha,Jagatsinghapur,1,2
Odisha,Jajapur,1,0
Odisha,Jharsuguda,0,574
Odisha,Kalahandi,1179,63
Odisha,Kandhamal,0,5
Odisha,Kendrapara,7,0
Odisha,Kendujhar,0,2
Odisha,Khorda,122,36
Odisha,Khordha,1,0
Odisha,Koraput,669,48
Odisha,Malkangiri,1809,104
Odisha,Mayurbhanj,6,2
Odisha,Nayagarh,2,0
Odisha,Nuapada,1,0
Odisha,Puri,1,4
Odisha,Rayagada,1464,1050
Odisha,Sambalpur,1,0
Odisha,Sonapur,73,1
Odisha,Sundergarh,7,304
Others,Others,368164,17585
Puducherry,Karaikal,8,9
Puducherry,Puducherry,11,6
Punjab,Amritsar,96,45
Punjab,Barnala,32,28
Punjab,Bathinda,48,35
Punjab,Faridkot,37,7
Punjab,Fatehgarh Sahib,13,5
Punjab,Fazilka,477,71
Punjab,Firozpur,37,35
Punjab,Gurdaspur,57,41
Punjab,Hoshiarpur,36,16
Punjab,Jalandhar,34,30
Punjab,Kapurthala,40,9
Punjab,Ludhiana,187,88
Punjab,Mansa,31,24
Punjab,Moga,16,11
Punjab,Pathankot,16,9
Punjab,Patiala,64,134
Punjab,Rupnagar,27,13
Punjab,SAS Nagar (Mohali),230,53
Punjab,Sangrur,21,19
Punjab,Shaheed Bhagat Singh Nagar,10,3
Punjab,Sri Muktsar Sahib,17,11
Punjab,Tarn Taran,57,17
Rajasthan,Ajmer,64,32
Rajasthan,Alwar,173,78
Rajasthan,Banswara,29,23
Rajasthan,Baran,70,11
Rajasthan,Barmer,43,15
Rajasthan,Bharatpur,662,192
Rajasthan,Bhilwara,106,49
Rajasthan,Bikaner,172,24
Rajasthan,Bundi,3,0
Rajasthan,Chittorgarh,52,22
Rajasthan,Churu,62,17
Rajasthan,Dausa,90,53
Rajasthan,Dholpur,176,24
Rajasthan,Dungarpur,58,22
Rajasthan,Ganganagar,26,17
Rajasthan,Hanumangarh,87,22
Rajasthan,Jaipur,276,93
Rajasthan,Jaisalmer,2,3
Rajasthan,Jalor,68,50
Rajasthan,Jhalawar,103,8
Rajasthan,Jhunjhunu,61,11
Rajasthan,Jodhpur,144,357
Rajasthan,Karauli,126,10
Rajasthan,Kota,42,17
Rajasthan,Nagaur,47,24
Rajasthan,Pali,150,56
Rajasthan,Pratapgarh,67,16
Rajasthan,Rajsamand,3,8
Rajasthan,Sawai Madhopur,81,8
Rajasthan,Sikar,279,45
Rajasthan,Sirohi,82,16
Rajasthan,Tonk,198,8
Rajasthan,Udaipur,8,40
Sikkim,East Sikkim,0,1
Tamil Nadu,Chennai,32,24
Tamil Nadu,Coimbatore,114,6
Tamil Nadu,Cuddalore,1,3
Tamil Nadu,Dharmapuri,3,0
Tamil Nadu,Dindigul,1,2
Tamil Nadu,Erode,0,2
Tamil Nadu,Kancheepuram,0,1
Tamil Nadu,Kanyakumari,0,1
Tamil Nadu,Krishnagiri,3,0
Tamil Nadu,Madurai,0,4
Tamil Nadu,Nagapattinam,0,2
Tamil Nadu,Perambalur,1,1
Tamil Nadu,Pudukkottai,1,0
Tamil Nadu,Ramanathapuram,1,1
Tamil Nadu,Thanjavur,4,1
Tamil Nadu,The Nilgiris,1,0
Tamil Nadu,Theni,1,4
Tamil Nadu,Thiruvarur,1,2
Tamil Nadu,Thoothukudi,2,0
Tamil Nadu,Tiruchirappalli,1,1
Tamil Nadu,Tirunelveli,19,13
Tamil Nadu,Tirupur,1,4
Tamil Nadu,Tiruvallur,0,9
Tamil Nadu,Tiruvannamalai,2,1
Tamil Nadu,Vellore,0,14
Tamil Nadu,Viluppuram,2,13
Tamil Nadu,Virudhunagar,2,1
Tripura,Gomati,21,5
Tripura,Khowai,2,1
Tripura,North Tripura,14,3
Tripura,Sepahijala,19,12
Tripura,South Tripura,1,5
Tripura,Unakoti,2,0
Tripura,West Tripura,45,5
Uttar Pradesh,Agra,3516,407
Uttar Pradesh,Aligarh,769,261
Uttar Pradesh,Allahabad,2789,272
Uttar Pradesh,Ambedkar Nagar,759,62
Uttar Pradesh,Amethi,126,24
Uttar Pradesh,Amroha,1385,60
Uttar Pradesh,Auraiya,579,47
Uttar Pradesh,Azamgarh,1138,81
Uttar Pradesh,Baghpat,1626,105
Uttar Pradesh,Bahraich,105,55
Uttar Pradesh,Ballia,1241,191
Uttar Pradesh,Balrampur,10,2
Uttar Pradesh,Banda,1174,28
Uttar Pradesh,Barabanki,768,100
Uttar Pradesh,Bareilly,633,150
Uttar Pradesh,Basti,534,42
Uttar Pradesh,Bijnor,2994,590
Uttar Pradesh,Budaun,995,16
Uttar Pradesh,Bulandshahr,1406,89
Uttar Pradesh,Chandauli,84,22
Uttar Pradesh,Chitrakoot,68,7
Uttar Pradesh,Deoria,955,51
Uttar Pradesh,Etah,1359,30
Uttar Pradesh,Etawah,58,27
Uttar Pradesh,Faizabad,1419,62
Uttar Pradesh,Farrukhabad,130,56
Uttar Pradesh,Fatehpur,963,22
Uttar Pradesh,Firozabad,434,107
Uttar Pradesh,Gautam Buddha Nagar,633,126
Uttar Pradesh,Ghaziabad,4422,612
Uttar Pradesh,Ghazipur,424,60
Uttar Pradesh,Gonda,176,49
Uttar Pradesh,Gorakhpur,1106,117
Uttar Pradesh,Hamirpur,26,3
Uttar Pradesh,Hapur,256,252
Uttar Pradesh,Hardoi,243,108
Uttar Pradesh,Hathras,80,47
Uttar Pradesh,Jalaun,183,11
Uttar Pradesh,Jaunpur,936,37
Uttar Pradesh,Jhansi,1069,87
Uttar Pradesh,Kannauj,866,36
Uttar Pradesh,Kanpur Dehat,1206,144
Uttar Pradesh,Kanpur Nagar,1024,282
Uttar Pradesh,Kasganj,599,25
Uttar Pradesh,Kaushambi,121,22
Uttar Pradesh,Kheri,415,66
Uttar Pradesh,Kushinagar,172,30
Uttar Pradesh,Lalitpur,77,23
Uttar Pradesh,Lucknow,2570,493
Uttar Pradesh,Maharajganj,118,16
Uttar Pradesh,Mahoba,4,1
Uttar Pradesh,Mainpuri,70,108
Uttar Pradesh,Mathura,1075,171
Uttar Pradesh,Mau,2336,61
Uttar Pradesh,Meerut,1722,190
Uttar Pradesh,Mirzapur,4525,172
Uttar Pradesh,Moradabad,1600,307
Uttar Pradesh,Muzaffarnagar,535,60
Uttar Pradesh,Pilibhit,86,32
Uttar Pradesh,Pratapgarh,657,35
Uttar Pradesh,Raebareli,20,20
Uttar Pradesh,Rampur,421,62
Uttar Pradesh,Saharanpur,1574,164
Uttar Pradesh,Sambhal,485,49
Uttar Pradesh,Sant Kabir Nagar,10,13
Uttar Pradesh,Sant Ravidas Nagar,534,20
Uttar Pradesh,Shahjahanpur,25,59
Uttar Pradesh,Shamli,471,65
Uttar Pradesh,Shrawasti,19,0
Uttar Pradesh,Siddharthnagar,17,17
Uttar Pradesh,Sitapur,1409,184
Uttar Pradesh,Sonbhadra,584,52
Uttar Pradesh,Sultanpur,571,66
Uttar Pradesh,Unnao,950,385
Uttar Pradesh,Varanasi,2759,101
Uttarakhand,Almora,31,6
Uttarakhand,Bageshwar,2,4
Uttarakhand,Chamoli,6,6
Uttarakhand,Dehradun,214,94
Uttarakhand,Haridwar,47,36
Uttarakhand,Nainital,75,59
Uttarakhand,Pauri Garhwal,21,15
Uttarakhand,Pithoragarh,5,4
Uttarakhand,Rudraprayag,2,0
Uttarakhand,Tehri Garhwal,6,2
Uttarakhand,Udham Singh Nagar,939,172
Uttarakhand,Uttarkashi,1,0
West Bengal,Bankura,3282,49
West Bengal,Bardhaman,8928,122
West Bengal,Birbhum,9,4
West Bengal,Cooch Behar,19,3
West Bengal,Darjeeling,304,14
West Bengal,East Midnapore,4955,133
West Bengal,Hooghly,1317,16
West Bengal,Howrah,27,2
West Bengal,Jalpaiguri,1513,134
West Bengal,Kolkata,14532,101
West Bengal,Malda,29,31
West Bengal,Murshidabad,64,11
West Bengal,Nadia,5983,125
West Bengal,North 24 Parganas,4246,242
West Bengal,North Dinajpur,2808,291
West Bengal,Purulia,1303,183
West Bengal,South 24 Parganas,3109,161
West Bengal,South Dinajpur,105,8
West Bengal,West Midnapore,238,21
