State,District,Aadhaar generated,Enrolment Rejected
Andaman and Nicobar Islands,North And Middle Andaman,3,0
Andaman and Nicobar Islands,South Andaman,1,0
Andhra Pradesh,Adilabad,1174,72
Andhra Pradesh,Anantapur,3,0
Andhra Pradesh,Ananthapur,2029,230
Andhra Pradesh,Chittoor,2037,137
Andhra Pradesh,Cuddapah,1425,136
Andhra Pradesh,East Godavari,1273,75
Andhra Pradesh,Guntur,1076,88
Andhra Pradesh,Hyderabad,588,30
Andhra Pradesh,Karimnagar,1765,81
Andhra Pradesh,Khammam,1958,66
Andhra Pradesh,Krishna,1330,96
Andhra Pradesh,Kurnool,5236,613
Andhra Pradesh,Mahbubnagar,3884,289
Andhra Pradesh,Medak,1915,148
Andhra Pradesh,Nalgonda,2051,119
Andhra Pradesh,Nellore,4810,215
Andhra Pradesh,Nizamabad,2363,142
Andhra Pradesh,Prakasam,2869,178
Andhra Pradesh,Ranga Reddy,1853,135
Andhra Pradesh,Srikakulam,1034,95
Andhra Pradesh,Visakhapatnam,2765,190
Andhra Pradesh,Vizianagaram,4032,293
Andhra Pradesh,Warangal,3167,158
Andhra Pradesh,West Godavari,2764,135
Arunachal Pradesh,East Siang,1,0
Arunachal Pradesh,Lohit,1,0
Arunachal Pradesh,Lower Dibang Valley,2,0
Arunachal Pradesh,Papum Pare,5,0
Arunachal Pradesh,Tawang,121,1
Arunachal Pradesh,West Kameng,19,0
Assam,Baksa,16,0
Assam,Barpeta,80,0
Assam,Bongaigaon,40,0
Assam,Cachar,16,0
Assam,Chirang,9,0
Assam,Darrang,5,0
Assam,Dhemaji,17,0
Assam,Dhubri,6,0
Assam,Dibrugarh,9,0
Assam,Goalpara,32,0
Assam,Golaghat,126,0
Assam,Hailakandi,8,0
Assam,Jorhat,9,0
Assam,Kamrup,45,0
Assam,Kamrup Metro,4,0
Assam,Karbi Anglong,3,0
Assam,Karimganj,29,0
Assam,Kokrajhar,4,0
Assam,Lakhimpur,21,0
Assam,Marigaon,3,0
Assam,Nagaon,12,0
Assam,Nalbari,11,0
Assam,North Cachar Hills,1,1
Assam,Sibsagar,15,0
Assam,Sonitpur,157,1
Assam,Tinsukia,7,0
Assam,Udalguri,60,1
Bihar,Araria,535,3
Bihar,Arwal,39,2
Bihar,Aurangabad,3377,17
Bihar,Banka,7366,42
Bihar,Begusarai,4467,25
Bihar,Bhagalpur,989,6
Bihar,Bhojpur,3962,20
Bihar,Buxar,723,9
Bihar,Darbhanga,195,4
Bihar,East Champaran,3269,15
Bihar,Gaya,6787,37
Bihar,Gopalganj,1792,30
Bihar,Jamui,434,2
Bihar,Jehanabad,525,5
Bihar,Kaimur (Bhabua),295,4
Bihar,Katihar,519,0
Bihar,Khagaria,122,0
Bihar,Kishanganj,451,3
Bihar,Lakhisarai,630,3
Bihar,Madhepura,170,6
Bihar,Madhubani,4895,6
Bihar,Munger,3938,26
Bihar,Muzaffarpur,14141,76
Bihar,Nalanda,211,0
Bihar,Nawada,188,3
Bihar,Patna,14997,116
Bihar,Purnia,5090,34
Bihar,Rohtas,2514,16
Bihar,Saharsa,439,13
Bihar,Samastipur,3451,18
Bihar,Saran,5897,50
Bihar,Sheikhpura,219,3
Bihar,Sheohar,61,0
Bihar,Sitamarhi,5873,29
Bihar,Siwan,4454,23
Bihar,Supaul,1646,7
Bihar,Vaishali,2612,27
Bihar,West Champaran,5024,50
Chandigarh,Chandigarh,340,16
Chhattisgarh,Balod,2539,11
Chhattisgarh,Baloda Bazar,1017,12
Chhattisgarh,Balrampur,21,1
Chhattisgarh,Bastar,1109,10
Chhattisgarh,Bemetara,89,1
Chhattisgarh,Bijapur,19,0
Chhattisgarh,Bilaspur,15068,81
Chhattisgarh,Dakshin Bastar Dantewada,3,0
Chhattisgarh,Dantewada,15,0
Chhattisgarh,Dhamtari,16,1
Chhattisgarh,Durg,16945,131
Chhattisgarh,Gariyaband,64,1
Chhattisgarh,Janjgir Champa,1389,22
Chhattisgarh,Jashpur,15,0
Chhattisgarh,Kabeerdham,2,0
Chhattisgarh,Kanker,751,7
Chhattisgarh,Kawardha,14,0
Chhattisgarh,Kondagaon,4014,8
Chhattisgarh,Korba,1130,4
Chhattisgarh,Koriya,73,1
Chhattisgarh,Mahasamund,6078,71
Chhattisgarh,Mungeli,3080,9
Chhattisgarh,Narayanpur,980,9
Chhattisgarh,Raigarh,3421,69
Chhattisgarh,Raipur,1219,6
Chhattisgarh,Rajnandgaon,16107,94
Chhattisgarh,Sukma,81,0
Chhattisgarh,Surajpur,19,2
Chhattisgarh,Surguja,1649,5
Chhattisgarh,Uttar Bastar Kanker,2601,4
Dadra and Nagar Haveli,Dadra and Nagar Haveli,16,0
Daman and Diu,Daman,27,1
Daman and Diu,Diu,2,0
Delhi,Central Delhi,217,19
Delhi,East Delhi,325,21
Delhi,New Delhi,40,2
Delhi,North Delhi,85,7
Delhi,North East,15,0
Delhi,North East Delhi,324,19
Delhi,North West Delhi,733,32
Delhi,South Delhi,539,21
Delhi,South West Delhi,415,17
Delhi,West Delhi,453,21
Goa,North Goa,2,0
Goa,South Goa,4,0
Gujarat,Ahmedabad,4874,65
Gujarat,Amreli,213,1
Gujarat,Anand,792,7
Gujarat,Banaskantha,553,1
Gujarat,Bharuch,55,0
Gujarat,Bhavnagar,5975,59
Gujarat,Dahod,281,3
Gujarat,Gandhinagar,1609,21
Gujarat,Jamnagar,485,6
Gujarat,Junagadh,996,12
Gujarat,Kachchh,3108,39
Gujarat,Kheda,1224,5
Gujarat,Mahesana,54,0
Gujarat,Narmada,44,0
Gujarat,Navsari,1500,47
Gujarat,Panchmahal,3278,43
Gujarat,Patan,340,4
Gujarat,Porbandar,142,1
Gujarat,Rajkot,490,3
Gujarat,Sabarkantha,4755,42
Gujarat,Surat,3187,30
Gujarat,Surendranagar,1898,1
Gujarat,Tapi,394,1
Gujarat,The Dangs,1069,6
Gujarat,Vadodara,3123,39
Gujarat,Valsad,919,15
Haryana,Ambala,361,8
Haryana,Bhiwani,458,9
Haryana,Faridabad,406,2
Haryana,Fatehabad,58,1
Haryana,Gurgaon,222,7
Haryana,Hisar,459,16
Haryana,Jhajjar,85,7
Haryana,Jind,126,4
Haryana,Kaithal,132,3
Haryana,Karnal,408,24
Haryana,Kurukshetra,321,8
Haryana,Mahendragarh,83,3
Haryana,Mewat,1676,36
Haryana,Palwal,520,6
Haryana,Panchkula,38,3
Haryana,Panipat,77,4
Haryana,Rewari,31,1
Haryana,Rohtak,361,12
Haryana,Sirsa,204,5
Haryana,Sonipat,81,21
Haryana,Yamuna Nagar,513,6
Himachal Pradesh,Bilaspur,5,0
Himachal Pradesh,Chamba,7,2
Himachal Pradesh,Hamirpur,4,0
Himachal Pradesh,Kangra,71,16
Himachal Pradesh,Kinnaur,3,0
Himachal Pradesh,Kullu,12,0
Himachal Pradesh,Mandi,14,2
Himachal Pradesh,Shimla,18,0
Himachal Pradesh,Sirmaur,12,0
Himachal Pradesh,Solan,44,1
Himachal Pradesh,Una,4,2
Jammu and Kashmir,Anantnag,15946,58
Jammu and Kashmir,Badgam,2103,3
Jammu and Kashmir,Bandipore,322,0
Jammu and Kashmir,Bandipur,1,0
Jammu and Kashmir,Baramula,1373,1
Jammu and Kashmir,Doda,770,1
Jammu and Kashmir,Jammu,3115,9
Jammu and Kashmir,Kargil,2,0
Jammu and Kashmir,Kathua,9929,23
Jammu and Kashmir,Kupwara,395,3
Jammu and Kashmir,Leh,1,0
Jammu and Kashmir,Poonch,1,0
Jammu and Kashmir,Pulwama,4207,102
Jammu and Kashmir,Punch,604,3
Jammu and Kashmir,Rajouri,48,0
Jammu and Kashmir,Reasi,1698,13
Jammu and Kashmir,Srinagar,65,1
Jammu and Kashmir,Udhampur,2175,19
Jharkhand,Bokaro,139,11
Jharkhand,Chatra,270,9
Jharkhand,Deoghar,148,15
Jharkhand,Dhanbad,329,13
Jharkhand,Dumka,52,2
Jharkhand,East Singhbhum,145,2
Jharkhand,Garhwa,224,10
Jharkhand,Giridih,379,13
Jharkhand,Godda,242,19
Jharkhand,Gumla,67,7
Jharkhand,Hazaribagh,149,11
Jharkhand,Jamtara,118,2
Jharkhand,Khunti,35,1
Jharkhand,Koderma,67,3
Jharkhand,Latehar,85,2
Jharkhand,Lohardaga,54,1
Jharkhand,Pakur,102,3
Jharkhand,Palamu,784,59
Jharkhand,Ramgarh,43,3
Jharkhand,Ranchi,279,7
Jharkhand,Sahibganj,193,4
Jharkhand,Seraikela-Kharsawan,89,6
Jharkhand,Simdega,33,0
Jharkhand,West Singhbhum,239,10
Karnataka,Bagalkot,1388,37
Karnataka,Bangalore,1403,27
Karnataka,Bangalore Rural,42,1
Karnataka,Belgaum,1057,50
Karnataka,Bellary,875,12
Karnataka,Bidar,884,88
Karnataka,Bijapur,2919,21
Karnataka,Bijapur(KAR),5,0
Karnataka,Chamarajanagar,1335,16
Karnataka,Chikkaballapur,729,11
Karnataka,Chikmagalur,122,5
Karnataka,Chitradurga,789,9
Karnataka,Dakshina Kannada,595,3
Karnataka,Davangere,1845,10
Karnataka,Dharwad,727,20
Karnataka,Gadag,510,0
Karnataka,Gulbarga,2001,29
Karnataka,Hassan,5039,20
Karnataka,Haveri,1105,13
Karnataka,Kodagu,1085,3
Karnataka,Kolar,251,14
Karnataka,Koppal,987,12
Karnataka,Mandya,876,12
Karnataka,Mysore,431,73
Karnataka,Raichur,1939,13
Karnataka,Ramanagar,38,2
Karnataka,Shimoga,854,11
Karnataka,Tumkur,357,20
Karnataka,Udupi,2215,11
Karnataka,Uttara Kannada,261,2
Karnataka,Yadgir,739,25
Kerala,Alappuzha,153,4
Kerala,Ernakulam,311,2
Kerala,Idukki,159,11
Kerala,Kannur,613,10
Kerala,Kasaragod,254,8
Kerala,Kollam,303,17
Kerala,Kottayam,220,2
Kerala,Kozhikode,513,15
Kerala,Malappuram,1015,24
Kerala,Palakkad,572,8
Kerala,Pathanamthitta,140,3
Kerala,Thiruvananthapuram,351,16
Kerala,Thrissur,378,5
Kerala,Wayanad,77,2
Madhya Pradesh,Alirajpur,105,2
Madhya Pradesh,Anuppur,64,0
Madhya Pradesh,Ashok Nagar,218,5
Madhya Pradesh,Balaghat,324,23
Madhya Pradesh,Barwani,412,12
Madhya Pradesh,Betul,380,5
Madhya Pradesh,Bhind,636,2
Madhya Pradesh,Bhopal,371,6
Madhya Pradesh,Burhanpur,8,0
Madhya Pradesh,Chhatarpur,303,11
Madhya Pradesh,Chhindwara,699,17
Madhya Pradesh,Damoh,681,32
Madhya Pradesh,Datia,573,7
Madhya Pradesh,Dewas,566,14
Madhya Pradesh,Dhar,226,1
Madhya Pradesh,Dindori,185,10
Madhya Pradesh,Guna,694,8
Madhya Pradesh,Gwalior,419,11
Madhya Pradesh,Harda,24,1
Madhya Pradesh,Hoshangabad,98,6
Madhya Pradesh,Indore,465,79
Madhya Pradesh,Jabalpur,337,28
Madhya Pradesh,Jhabua,166,2
Madhya Pradesh,Katni,202,2
Madhya Pradesh,Khandwa,46,3
Madhya Pradesh,Khargone,364,19
Madhya Pradesh,Mandla,596,20
Madhya Pradesh,Mandsaur,326,12
Madhya Pradesh,Morena,593,8
Madhya Pradesh,Narsinghpur,190,3
Madhya Pradesh,Neemuch,27,2
Madhya Pradesh,Panna,59,1
Madhya Pradesh,Raisen,94,4
Madhya Pradesh,Rajgarh,889,15
Madhya Pradesh,Ratlam,470,15
Madhya Pradesh,Rewa,144,2
Madhya Pradesh,Sagar,487,12
Madhya Pradesh,Satna,222,14
Madhya Pradesh,Sehore,583,5
Madhya Pradesh,Seoni,253,5
Madhya Pradesh,Shahdol,263,17
Madhya Pradesh,Shajapur,85,3
Madhya Pradesh,Sheopur,288,2
Madhya Pradesh,Shivpuri,584,7
Madhya Pradesh,Sidhi,82,2
Madhya Pradesh,Singrauli,81,0
Madhya Pradesh,Tikamgarh,351,7
Madhya Pradesh,Ujjain,204,16
Madhya Pradesh,Umaria,82,1
Madhya Pradesh,Vidisha,128,9
Maharashtra,Ahmednagar,492,12
Maharashtra,Akola,156,14
Maharashtra,Amravati,549,19
Maharashtra,Aurangabad,602,17
Maharashtra,Beed,611,13
Maharashtra,Bhandara,118,12
Maharashtra,Buldhana,833,14
Maharashtra,Chandrapur,255,9
Maharashtra,Dhule,332,29
Maharashtra,Gadchiroli,338,1
Maharashtra,Gondia,128,20
Maharashtra,Hingoli,272,7
Maharashtra,Jalgaon,691,26
Maharashtra,Jalna,415,51
Maharashtra,Kolhapur,441,8
Maharashtra,Latur,373,21
Maharashtra,Mumbai,678,17
Maharashtra,Nagpur,332,26
Maharashtra,Nanded,786,14
Maharashtra,Nandurbar,155,5
Maharashtra,Nashik,748,15
Maharashtra,Osmanabad,193,10
Maharashtra,Parbhani,450,8
Maharashtra,Pune,675,15
Maharashtra,Raigad,268,4
Maharashtra,Ratnagiri,559,8
Maharashtra,Sangli,133,11
Maharashtra,Satara,328,11
Maharashtra,Sindhudurg,68,2
Maharashtra,Solapur,1137,21
Maharashtra,Thane,632,63
Maharashtra,Wardha,58,7
Maharashtra,Washim,271,7
Maharashtra,Yavatmal,1604,25
Manipur,Chandel,5,0
Manipur,Churachandpur,8,0
Manipur,Imphal East,13,0
Manipur,Imphal West,144,1
Manipur,Senapati,3,0
Manipur,Tamenglong,3,0
Manipur,Thoubal,4,0
Manipur,Ukhrul,4,1
Meghalaya,East Khasi Hills,131,2
Meghalaya,West Garo Hills,1,0
Mizoram,Aizawl,14,0
Mizoram,Champhai,314,0
Mizoram,Kolasib,20,0
Mizoram,Lawngtlai,8,0
Mizoram,Lunglei,318,2
Mizoram,Saiha,18,0
Mizoram,Serchhip,368,0
Nagaland,Dimapur,7,1
Nagaland,Kohima,3,1
Nagaland,Mokokchung,1,1
Nagaland,Mon,2,0
Nagaland,Phek,3,0
Nagaland,Wokha,1,0
Nagaland,Zunheboto,1,0
Odisha,Angul,5,0
Odisha,Anugul,38,1
Odisha,Balangir,106,0
Odisha,Baleswar,131,3
Odisha,Bargarh,19,1
Odisha,Baudh,29,0
Odisha,Bhadrak,91,9
Odisha,Boudh,7,0
Odisha,Cuttack,349,0
Odisha,Debagarh,55,0
Odisha,Dhenkanal,1624,39
Odisha,Gajapati,42,0
Odisha,Ganjam,17288,145
Odisha,Jagatsinghapur,40,6
Odisha,Jajapur,91,1
Odisha,Jharsuguda,297,0
Odisha,Kalahandi,2578,15
Odisha,Kandhamal,17,0
Odisha,Kendrapara,55,1
Odisha,Kendujhar,41,0
Odisha,Khorda,2163,26
Odisha,Khordha,25,0
Odisha,Koraput,1864,12
Odisha,Malkangiri,1506,63
Odisha,Mayurbhanj,121,0
Odisha,Nabarangapur,27,0
Odisha,Nayagarh,77,0
Odisha,Nuapada,31,0
Odisha,Puri,89,5
Odisha,Rayagada,8931,419
Odisha,Sambalpur,88,0
Odisha,Sonapur,12,1
Odisha,Sundergarh,233,343
Others,Others,3773,14
Puducherry,Karaikal,67,1
Puducherry,Pondicherry,2,0
Puducherry,Puducherry,49,4
Punjab,Amritsar,265,19
Punjab,Barnala,105,4
Punjab,Bathinda,140,3
Punjab,Faridkot,47,5
Punjab,Fatehgarh Sahib,84,3
Punjab,Fazilka,162,15
Punjab,Firozpur,349,21
Punjab,Gurdaspur,308,26
Punjab,Hoshiarpur,179,3
Punjab,Jalandhar,401,19
Punjab,Kapurthala,166,2
Punjab,Ludhiana,1094,47
Punjab,Mansa,151,8
Punjab,Moga,163,5
Punjab,Muktsar,0,1
Punjab,Pathankot,59,5
Punjab,Patiala,130,6
Punjab,Rupnagar,59,0
Punjab,SAS Nagar (Mohali),267,10
Punjab,Sangrur,80,2
Punjab,Shaheed Bhagat Singh Nagar,89,2
Punjab,Sri Muktsar Sahib,263,3
Punjab,Tarn Taran,126,7
Rajasthan,Ajmer,282,21
Rajasthan,Alwar,324,9
Rajasthan,Banswara,357,32
Rajasthan,Baran,220,2
Rajasthan,Barmer,232,13
Rajasthan,Bharatpur,3134,18
Rajasthan,Bhilwara,295,13
Rajasthan,Bikaner,200,8
Rajasthan,Bundi,24,0
Rajasthan,Chittorgarh,98,17
Rajasthan,Churu,177,2
Rajasthan,Dausa,243,7
Rajasthan,Dholpur,185,3
Rajasthan,Dungarpur,315,1
Rajasthan,Ganganagar,312,4
Rajasthan,Hanumangarh,156,7
Rajasthan,Jaipur,500,26
Rajasthan,Jaisalmer,94,0
Rajasthan,Jalor,130,5
Rajasthan,Jhalawar,236,4
Rajasthan,Jhunjhunu,283,5
Rajasthan,Jodhpur,552,6
Rajasthan,Karauli,79,2
Rajasthan,Kota,148,3
Rajasthan,Nagaur,449,18
Rajasthan,Pali,290,12
Rajasthan,Pratapgarh,65,2
Rajasthan,Rajsamand,23,0
Rajasthan,Sawai Madhopur,318,7
Rajasthan,Sikar,488,5
Rajasthan,Sirohi,11,0
Rajasthan,Tonk,187,6
Rajasthan,Udaipur,276,11
Sikkim,East Sikkim,17,0
Sikkim,North Sikkim,1,0
Sikkim,South Sikkim,3,0
Sikkim,West Sikkim,3,0
Tamil Nadu,Ariyalur,6,0
Tamil Nadu,Chennai,1208,2
Tamil Nadu,Coimbatore,497,2
Tamil Nadu,Cuddalore,35,0
Tamil Nadu,Dharmapuri,614,6
Tamil Nadu,Dindigul,247,1
Tamil Nadu,Erode,1144,6
Tamil Nadu,Kancheepuram,239,6
Tamil Nadu,Kanchipuram,4,0
Tamil Nadu,Kanyakumari,118,2
Tamil Nadu,Karur,19,0
Tamil Nadu,Krishnagiri,113,1
Tamil Nadu,Madurai,197,7
Tamil Nadu,Nagapattinam,35,1
Tamil Nadu,Namakkal,21,0
Tamil Nadu,Nilgiris,1,0
Tamil Nadu,Perambalur,949,2
Tamil Nadu,Pudukkottai,22,0
Tamil Nadu,Ramanathapuram,21,2
Tamil Nadu,Salem,98,8
Tamil Nadu,Sivaganga,21,4
Tamil Nadu,Thanjavur,45,0
Tamil Nadu,The Nilgiris,85,0
Tamil Nadu,Theni,49,34
Tamil Nadu,Thiruvarur,12,0
Tamil Nadu,Thoothukudi,196,3
Tamil Nadu,Tiruchirappalli,60,1
Tamil Nadu,Tirunelveli,1253,13
Tamil Nadu,Tirupur,465,5
Tamil Nadu,Tiruvallur,2483,63
Tamil Nadu,Tiruvannamalai,2344,8
Tamil Nadu,Tiruvarur,15,0
Tamil Nadu,Vellore,159,14
Tamil Nadu,Viluppuram,253,1
Tamil Nadu,Virudhunagar,49,1
Tripura,Dhalai,9,0
Tripura,Gomati,86,0
Tripura,Khowai,3,0
Tripura,North Tripura,13,0
Tripura,Sepahijala,277,3
Tripura,South Tripura,70,2
Tripura,Unakoti,33,2
Tripura,West Tripura,86,1
Uttar Pradesh,Agra,10228,92
Uttar Pradesh,Aligarh,9176,65
Uttar Pradesh,Allahabad,7656,78
Uttar Pradesh,Ambedkar Nagar,4190,20
Uttar Pradesh,Amethi,386,9
Uttar Pradesh,Amroha,6984,56
Uttar Pradesh,Auraiya,3017,49
Uttar Pradesh,Azamgarh,3629,21
Uttar Pradesh,Baghpat,4322,69
Uttar Pradesh,Bahraich,1916,38
Uttar Pradesh,Ballia,7300,81
Uttar Pradesh,Balrampur,126,0
Uttar Pradesh,Banda,1216,5
Uttar Pradesh,Barabanki,9260,55
Uttar Pradesh,Bareilly,7256,77
Uttar Pradesh,Basti,7613,20
Uttar Pradesh,Bijnor,22532,98
Uttar Pradesh,Budaun,1309,10
Uttar Pradesh,Bulandshahr,3087,11
Uttar Pradesh,Chandauli,1951,5
Uttar Pradesh,Chitrakoot,100,1
Uttar Pradesh,Deoria,3351,44
Uttar Pradesh,Etah,1852,35
Uttar Pradesh,Etawah,246,1
Uttar Pradesh,Faizabad,3894,25
Uttar Pradesh,Farrukhabad,3151,4
Uttar Pradesh,Fatehpur,1073,10
Uttar Pradesh,Firozabad,4120,30
Uttar Pradesh,Gautam Buddha Nagar,4949,103
Uttar Pradesh,Ghaziabad,11577,95
Uttar Pradesh,Ghazipur,3723,36
Uttar Pradesh,Gonda,2446,20
Uttar Pradesh,Gorakhpur,8187,34
Uttar Pradesh,Hamirpur,205,0
Uttar Pradesh,Hapur,2759,107
Uttar Pradesh,Hardoi,3245,16
Uttar Pradesh,Hathras,1390,28
Uttar Pradesh,Jalaun,1149,8
Uttar Pradesh,Jaunpur,2496,17
Uttar Pradesh,Jhansi,3555,20
Uttar Pradesh,Kannauj,2164,8
Uttar Pradesh,Kanpur Dehat,2865,17
Uttar Pradesh,Kanpur Nagar,6296,173
Uttar Pradesh,Kasganj,730,6
Uttar Pradesh,Kaushambi,1165,12
Uttar Pradesh,Kheri,4154,18
Uttar Pradesh,Kushinagar,5117,28
Uttar Pradesh,Lalitpur,4308,20
Uttar Pradesh,Lucknow,14897,226
Uttar Pradesh,Maharajganj,3239,7
Uttar Pradesh,Mahoba,185,1
Uttar Pradesh,Mainpuri,730,100
Uttar Pradesh,Mathura,6054,73
Uttar Pradesh,Mau,3445,12
Uttar Pradesh,Meerut,4379,41
Uttar Pradesh,Mirzapur,6231,43
Uttar Pradesh,Moradabad,8140,105
Uttar Pradesh,Muzaffarnagar,6476,64
Uttar Pradesh,Pilibhit,4003,36
Uttar Pradesh,Pratapgarh,4621,72
Uttar Pradesh,Raebareli,397,8
Uttar Pradesh,Rampur,2829,6
Uttar Pradesh,Saharanpur,9436,100
Uttar Pradesh,Sambhal,7879,63
Uttar Pradesh,Sant Kabir Nagar,178,0
Uttar Pradesh,Sant Ravidas Nagar,2370,14
Uttar Pradesh,Shahjahanpur,440,0
Uttar Pradesh,Shamli,3202,10
Uttar Pradesh,Shrawasti,204,2
Uttar Pradesh,Siddharthnagar,3381,50
Uttar Pradesh,Sitapur,8522,35
Uttar Pradesh,Sonbhadra,4760,23
Uttar Pradesh,Sultanpur,4426,69
Uttar Pradesh,Unnao,11153,33
Uttar Pradesh,Varanasi,13180,72
Uttarakhand,Almora,252,7
Uttarakhand,Bageshwar,59,5
Uttarakhand,Chamoli,234,14
Uttarakhand,Champawat,24,2
Uttarakhand,Dehradun,3244,52
Uttarakhand,Garhwal,1,0
Uttarakhand,Haridwar,1352,33
Uttarakhand,Nainital,435,9
Uttarakhand,Pauri Garhwal,241,16
Uttarakhand,Pithoragarh,92,4
Uttarakhand,Rudraprayag,18,1
Uttarakhand,Tehri Garhwal,36,0
Uttarakhand,Udham Singh Nagar,4152,47
Uttarakhand,Uttarkashi,20,0
West Bengal,Bankura,6366,10
West Bengal,Bardhaman,14316,18
West Bengal,Birbhum,5926,8
West Bengal,Cooch Behar,125,2
West Bengal,Dakshin Dinajpur,2,0
West Bengal,Darjeeling,9985,20
West Bengal,East Midnapore,5478,4
West Bengal,Hooghly,2739,1
West Bengal,Howrah,45,2
West Bengal,Jalpaiguri,27097,381
West Bengal,Kolkata,92,0
West Bengal,Malda,109,1
West Bengal,Murshidabad,599,2
West Bengal,Nadia,12642,16
West Bengal,North 24 Parganas,17925,134
West Bengal,North Dinajpur,13259,75
West Bengal,Purulia,4910,9
West Bengal,South 24 Parganas,25363,50
West Bengal,South Dinajpur,3495,1
West Bengal,South Twenty Four Parganas,32,0
West Bengal,West Midnapore,10109,2
