State,District,Aadhaar generated,Enrolment Rejected
Andaman and Nicobar Islands,South Andaman,0,1
Andhra Pradesh,Adilabad,333,200
Andhra Pradesh,Anantapur,0,3
Andhra Pradesh,Ananthapur,2140,1347
Andhra Pradesh,Chittoor,1106,773
Andhra Pradesh,Cuddapah,1118,391
Andhra Pradesh,East Godavari,897,458
Andhra Pradesh,Guntur,847,906
Andhra Pradesh,Hyderabad,344,164
Andhra Pradesh,Karimnagar,868,487
Andhra Pradesh,Khammam,758,276
Andhra Pradesh,Krishna,978,508
Andhra Pradesh,Kurnool,3379,3304
Andhra Pradesh,Mahbubnagar,1828,1184
Andhra Pradesh,Medak,559,641
Andhra Pradesh,Nalgonda,1247,436
Andhra Pradesh,Nellore,4031,2906
Andhra Pradesh,Nizamabad,1631,529
Andhra Pradesh,Prakasam,1341,1100
Andhra Pradesh,Ranga Reddy,563,438
Andhra Pradesh,Srikakulam,770,409
Andhra Pradesh,Visakhapatnam,3924,2050
Andhra Pradesh,Vizianagaram,3355,1959
Andhra Pradesh,Warangal,1191,697
Andhra Pradesh,West Godavari,1598,585
Arunachal Pradesh,Changlang,1,0
Arunachal Pradesh,East Siang,1,0
Arunachal Pradesh,Lohit,1,0
Arunachal Pradesh,Lower Subansiri,2,0
Arunachal Pradesh,Papum Pare,4,1
Arunachal Pradesh,Tawang,2,0
Assam,Baksa,4,0
Assam,Barpeta,4,0
Assam,Bongaigaon,2,2
Assam,Cachar,9,1
Assam,Chirang,5,0
Assam,Dhemaji,3,0
Assam,Dhubri,3,0
Assam,Goalpara,1,0
Assam,Golaghat,1,2
Assam,Hailakandi,4,0
Assam,Jorhat,1,0
Assam,Kamrup,14,3
Assam,Kamrup Metro,5,0
Assam,Karbi Anglong,1,1
Assam,Karimganj,5,1
Assam,Kokrajhar,1,1
Assam,Lakhimpur,1,0
Assam,Marigaon,2,0
Assam,Nagaon,244,13
Assam,Nalbari,1,0
Assam,Sibsagar,2,0
Assam,Sonitpur,261,12
Assam,Tinsukia,3,1
Assam,Udalguri,2,0
Bihar,Araria,309,19
Bihar,Arwal,64,16
Bihar,Aurangabad,3444,123
Bihar,Banka,5679,491
Bihar,Begusarai,4712,475
Bihar,Bhagalpur,597,96
Bihar,Bhojpur,1795,124
Bihar,Buxar,1936,157
Bihar,Darbhanga,144,28
Bihar,East Champaran,5381,367
Bihar,Gaya,5832,531
Bihar,Gopalganj,2183,227
Bihar,Jamui,703,44
Bihar,Jehanabad,466,121
Bihar,Kaimur (Bhabua),886,59
Bihar,Katihar,286,62
Bihar,Khagaria,94,11
Bihar,Kishanganj,189,15
Bihar,Lakhisarai,1248,13
Bihar,Madhepura,636,111
Bihar,Madhubani,513,129
Bihar,Munger,1847,168
Bihar,Muzaffarpur,9347,715
Bihar,Nalanda,1501,176
Bihar,Nawada,1036,34
Bihar,Patna,15527,2409
Bihar,Purnia,5117,392
Bihar,Rohtas,1861,103
Bihar,Saharsa,174,24
Bihar,Samastipur,5929,256
Bihar,Saran,3498,549
Bihar,Sheikhpura,60,78
Bihar,Sheohar,14,4
Bihar,Sitamarhi,2482,218
Bihar,Siwan,1726,319
Bihar,Supaul,613,104
Bihar,Vaishali,5585,361
Bihar,West Champaran,4653,490
Chandigarh,Chandigarh,53,53
Chhattisgarh,Balod,1210,54
Chhattisgarh,Baloda Bazar,1297,86
Chhattisgarh,Balrampur,24,6
Chhattisgarh,Bastar,277,5
Chhattisgarh,Bemetara,87,10
Chhattisgarh,Bijapur,4,0
Chhattisgarh,Bilaspur,1747,299
Chhattisgarh,Dakshin Bastar Dantewada,1,2
Chhattisgarh,Dhamtari,7,0
Chhattisgarh,Durg,4145,564
Chhattisgarh,Gariyaband,26,1
Chhattisgarh,Janjgir Champa,858,104
Chhattisgarh,Jashpur,52,6
Chhattisgarh,Kanker,2068,61
Chhattisgarh,Kawardha,6,0
Chhattisgarh,Kondagaon,2729,100
Chhattisgarh,Korba,103,52
Chhattisgarh,Koriya,34,14
Chhattisgarh,Mahasamund,6157,384
Chhattisgarh,Mungeli,389,79
Chhattisgarh,Narayanpur,476,27
Chhattisgarh,Raigarh,4170,1014
Chhattisgarh,Raipur,4100,443
Chhattisgarh,Rajnandgaon,6014,730
Chhattisgarh,Sukma,7,0
Chhattisgarh,Surajpur,5,3
Chhattisgarh,Surguja,1337,35
Chhattisgarh,Uttar Bastar Kanker,442,43
Dadra and Nagar Haveli,Dadra and Nagar Haveli,1,3
Daman and Diu,Daman,18,11
Delhi,Central Delhi,176,60
Delhi,East Delhi,310,146
Delhi,New Delhi,23,9
Delhi,North Delhi,72,51
Delhi,North East Delhi,441,185
Delhi,North West Delhi,494,303
Delhi,South Delhi,471,182
Delhi,South West Delhi,393,193
Delhi,West Delhi,354,149
Goa,North Goa,1,0
Goa,South Goa,3,2
Gujarat,Ahmedabad,2533,325
Gujarat,Amreli,1649,132
Gujarat,Anand,638,38
Gujarat,Banaskantha,467,58
Gujarat,Bharuch,3,13
Gujarat,Bhavnagar,1110,119
Gujarat,Dahod,92,89
Gujarat,Gandhinagar,311,32
Gujarat,Jamnagar,1334,98
Gujarat,Junagadh,188,41
Gujarat,Kachchh,598,107
Gujarat,Kheda,394,88
Gujarat,Mahesana,109,27
Gujarat,Narmada,8,5
Gujarat,Navsari,151,36
Gujarat,Panchmahal,473,251
Gujarat,Patan,939,62
Gujarat,Porbandar,21,11
Gujarat,Rajkot,284,70
Gujarat,Sabarkantha,1230,233
Gujarat,Surat,1490,753
Gujarat,Surendranagar,122,140
Gujarat,Tapi,67,20
Gujarat,The Dangs,173,73
Gujarat,Vadodara,777,130
Gujarat,Valsad,750,106
Haryana,Ambala,90,63
Haryana,Bhiwani,679,182
Haryana,Faridabad,336,126
Haryana,Fatehabad,25,4
Haryana,Gurgaon,216,88
Haryana,Hisar,344,119
Haryana,Jhajjar,71,58
Haryana,Jind,396,155
Haryana,Kaithal,908,52
Haryana,Karnal,657,113
Haryana,Kurukshetra,225,97
Haryana,Mahendragarh,308,23
Haryana,Mewat,1011,487
Haryana,Palwal,21,47
Haryana,Panchkula,14,10
Haryana,Panipat,58,25
Haryana,Rewari,7,4
Haryana,Rohtak,207,111
Haryana,Sirsa,88,73
Haryana,Sonipat,209,31
Haryana,Yamuna Nagar,719,86
Himachal Pradesh,Bilaspur,12,5
Himachal Pradesh,Chamba,21,4
Himachal Pradesh,Hamirpur,15,12
Himachal Pradesh,Kangra,108,48
Himachal Pradesh,Kinnaur,1,0
Himachal Pradesh,Kullu,5,4
Himachal Pradesh,Lahul and Spiti,0,2
Himachal Pradesh,Mandi,35,11
Himachal Pradesh,Shimla,24,10
Himachal Pradesh,Sirmaur,98,7
Himachal Pradesh,Solan,10,11
Himachal Pradesh,Una,2,8
Jammu and Kashmir,Anantnag,211,18
Jammu and Kashmir,Badgam,33,6
Jammu and Kashmir,Bandipore,1,1
Jammu and Kashmir,Baramula,10,0
Jammu and Kashmir,Doda,8,3
Jammu and Kashmir,Ganderbal,53,0
Jammu and Kashmir,Jammu,4693,135
Jammu and Kashmir,Kargil,0,1
Jammu and Kashmir,Kathua,67,23
Jammu and Kashmir,Kishtwar,17,2
Jammu and Kashmir,Kulgam,45,7
Jammu and Kashmir,Kupwara,7,2
Jammu and Kashmir,Pulwama,57,5
Jammu and Kashmir,Punch,13,6
Jammu and Kashmir,Rajouri,10,1
Jammu and Kashmir,Ramban,695,0
Jammu and Kashmir,Reasi,145,26
Jammu and Kashmir,Samba,214,9
Jammu and Kashmir,Shupiyan,11,1
Jammu and Kashmir,Srinagar,21,1
Jammu and Kashmir,Udhampur,1029,52
Jharkhand,Bokaro,202,110
Jharkhand,Chatra,255,123
Jharkhand,Deoghar,131,113
Jharkhand,Dhanbad,318,182
Jharkhand,Dumka,194,90
Jharkhand,East Singhbhum,48,20
Jharkhand,Garhwa,199,395
Jharkhand,Giridih,378,252
Jharkhand,Godda,114,138
Jharkhand,Gumla,30,25
Jharkhand,Hazaribagh,221,97
Jharkhand,Jamtara,58,49
Jharkhand,Khunti,98,13
Jharkhand,Koderma,54,93
Jharkhand,Latehar,68,48
Jharkhand,Lohardaga,42,53
Jharkhand,Pakur,120,153
Jharkhand,Palamu,266,638
Jharkhand,Ramgarh,110,14
Jharkhand,Ranchi,427,180
Jharkhand,Sahibganj,39,37
Jharkhand,Seraikela-Kharsawan,42,37
Jharkhand,Simdega,46,40
Jharkhand,West Singhbhum,276,80
Karnataka,Bagalkot,67,145
Karnataka,Bangalore,490,110
Karnataka,Bangalore Rural,101,124
Karnataka,Belgaum,719,195
Karnataka,Bellary,55,52
Karnataka,Bidar,231,33
Karnataka,Bijapur,974,181
Karnataka,Chamarajanagar,9,9
Karnataka,Chikkaballapur,728,27
Karnataka,Chikmagalur,43,18
Karnataka,Chitradurga,74,33
Karnataka,Dakshina Kannada,8,30
Karnataka,Davangere,11,3
Karnataka,Dharwad,98,60
Karnataka,Gadag,18,10
Karnataka,Gulbarga,153,210
Karnataka,Hassan,109,55
Karnataka,Haveri,61,62
Karnataka,Kodagu,86,434
Karnataka,Kolar,323,223
Karnataka,Koppal,3,5
Karnataka,Mandya,937,40
Karnataka,Mysore,49,141
Karnataka,Raichur,24,130
Karnataka,Ramanagar,39,10
Karnataka,Shimoga,331,13
Karnataka,Tumkur,252,61
Karnataka,Udupi,54,188
Karnataka,Uttara Kannada,35,6
Karnataka,Yadgir,173,80
Kerala,Alappuzha,27,4
Kerala,Ernakulam,27,15
Kerala,Idukki,31,8
Kerala,Kannur,281,12
Kerala,Kasaragod,54,24
Kerala,Kollam,17,13
Kerala,Kottayam,23,7
Kerala,Kozhikode,208,50
Kerala,Malappuram,154,68
Kerala,Palakkad,200,21
Kerala,Pathanamthitta,18,8
Kerala,Thiruvananthapuram,56,9
Kerala,Thrissur,62,18
Kerala,Wayanad,6,12
Madhya Pradesh,Alirajpur,27,30
Madhya Pradesh,Anuppur,51,19
Madhya Pradesh,Ashok Nagar,115,24
Madhya Pradesh,Balaghat,900,69
Madhya Pradesh,Barwani,396,137
Madhya Pradesh,Betul,1030,29
Madhya Pradesh,Bhind,210,82
Madhya Pradesh,Bhopal,498,113
Madhya Pradesh,Burhanpur,2,3
Madhya Pradesh,Chhatarpur,364,67
Madhya Pradesh,Chhindwara,200,36
Madhya Pradesh,Damoh,283,94
Madhya Pradesh,Datia,88,31
Madhya Pradesh,Dewas,1826,139
Madhya Pradesh,Dhar,240,44
Madhya Pradesh,Dindori,115,46
Madhya Pradesh,Guna,154,68
Madhya Pradesh,Gwalior,174,97
Madhya Pradesh,Harda,27,7
Madhya Pradesh,Hoshangabad,74,23
Madhya Pradesh,Indore,446,176
Madhya Pradesh,Jabalpur,676,159
Madhya Pradesh,Jhabua,269,38
Madhya Pradesh,Katni,146,30
Madhya Pradesh,Khandwa,111,17
Madhya Pradesh,Khargone,258,56
Madhya Pradesh,Mandla,197,51
Madhya Pradesh,Mandsaur,173,48
Madhya Pradesh,Morena,309,70
Madhya Pradesh,Narsinghpur,230,41
Madhya Pradesh,Neemuch,4,9
Madhya Pradesh,Panna,56,11
Madhya Pradesh,Raisen,38,23
Madhya Pradesh,Rajgarh,538,79
Madhya Pradesh,Ratlam,164,95
Madhya Pradesh,Rewa,182,37
Madhya Pradesh,Sagar,318,63
Madhya Pradesh,Satna,281,94
Madhya Pradesh,Sehore,146,43
Madhya Pradesh,Seoni,277,82
Madhya Pradesh,Shahdol,310,80
Madhya Pradesh,Shajapur,236,115
Madhya Pradesh,Sheopur,175,25
Madhya Pradesh,Shivpuri,848,107
Madhya Pradesh,Sidhi,101,15
Madhya Pradesh,Singrauli,404,19
Madhya Pradesh,Tikamgarh,93,25
Madhya Pradesh,Ujjain,118,102
Madhya Pradesh,Umaria,96,19
Madhya Pradesh,Vidisha,108,70
Maharashtra,Ahmednagar,319,123
Maharashtra,Akola,259,70
Maharashtra,Amravati,172,76
Maharashtra,Aurangabad,549,162
Maharashtra,Beed,1080,195
Maharashtra,Bhandara,59,40
Maharashtra,Buldhana,481,97
Maharashtra,Chandrapur,162,30
Maharashtra,Dhule,174,100
Maharashtra,Gadchiroli,247,7
Maharashtra,Gondia,224,81
Maharashtra,Hingoli,180,56
Maharashtra,Jalgaon,289,158
Maharashtra,Jalna,299,159
Maharashtra,Kolhapur,262,68
Maharashtra,Latur,497,110
Maharashtra,Mumbai,281,84
Maharashtra,Nagpur,130,150
Maharashtra,Nanded,699,170
Maharashtra,Nandurbar,14,77
Maharashtra,Nashik,959,268
Maharashtra,Osmanabad,326,83
Maharashtra,Parbhani,484,122
Maharashtra,Pune,508,167
Maharashtra,Raigad,171,19
Maharashtra,Ratnagiri,166,73
Maharashtra,Sangli,111,41
Maharashtra,Satara,268,68
Maharashtra,Sindhudurg,70,3
Maharashtra,Solapur,683,513
Maharashtra,Thane,512,158
Maharashtra,Wardha,64,30
Maharashtra,Washim,285,68
Maharashtra,Yavatmal,670,146
Manipur,Bishnupur,40,0
Manipur,Chandel,3,1
Manipur,Churachandpur,8,0
Manipur,Imphal East,66,0
Manipur,Imphal West,187,2
Manipur,Senapati,29,11
Manipur,Tamenglong,2,0
Manipur,Thoubal,33,2
Meghalaya,East Khasi Hills,7,6
Meghalaya,West Garo Hills,1,0
Mizoram,Aizawl,306,1
Mizoram,Champhai,19,0
Mizoram,Kolasib,400,6
Mizoram,Lawngtlai,4,0
Mizoram,Lunglei,1,0
Mizoram,Mammit,1,0
Mizoram,Saiha,35,6
Nagaland,Dimapur,2,5
Nagaland,Kiphire,4,4
Nagaland,Kohima,13,28
Nagaland,Longleng,1,2
Nagaland,Mokokchung,6,3
Nagaland,Mon,4,7
Nagaland,Peren,1,1
Nagaland,Phek,5,3
Nagaland,Tuensang,5,7
Nagaland,Wokha,4,8
Nagaland,Zunheboto,1,4
Odisha,Angul,1,0
Odisha,Balangir,1356,3169
Odisha,Baleswar,9,7
Odisha,Bargarh,54,4
Odisha,Bhadrak,6,5
Odisha,Boudh,0,1
Odisha,Cuttack,18,36
Odisha,Debagarh,11621,659
Odisha,Dhenkanal,8,5
Odisha,Gajapati,2,0
Odisha,Ganjam,7415,268
Odisha,Jagatsinghapur,4,8
Odisha,Jajapur,13,2
Odisha,Jharsuguda,31,115
Odisha,Kalahandi,12413,146
Odisha,Kandhamal,1,0
Odisha,Kendrapara,41,242
Odisha,Kendujhar,24,7
Odisha,Khorda,24,11
Odisha,Khordha,0,3
Odisha,Koraput,9192,54
Odisha,Malkangiri,3801,189
Odisha,Mayurbhanj,5770,1478
Odisha,Nayagarh,6,0
Odisha,Nuapada,2,1
Odisha,Puri,0,7
Odisha,Rayagada,669,527
Odisha,Sambalpur,3,0
Odisha,Sonapur,1,0
Odisha,Sundergarh,18,4434
Others,Others,8764,5194
Puducherry,Karaikal,60,15
Puducherry,Pondicherry,0,1
Puducherry,Puducherry,38,9
Punjab,Amritsar,306,81
Punjab,Barnala,161,34
Punjab,Bathinda,250,69
Punjab,Faridkot,68,36
Punjab,Fatehgarh Sahib,41,10
Punjab,Fazilka,147,121
Punjab,Firozpur,88,95
Punjab,Gurdaspur,400,65
Punjab,Hoshiarpur,203,42
Punjab,Jalandhar,102,56
Punjab,Kapurthala,112,35
Punjab,Ludhiana,1217,290
Punjab,Mansa,486,61
Punjab,Moga,41,10
Punjab,Pathankot,94,19
Punjab,Patiala,79,72
Punjab,Rupnagar,25,20
Punjab,SAS Nagar (Mohali),144,58
Punjab,Sangrur,142,35
Punjab,Shaheed Bhagat Singh Nagar,31,22
Punjab,Sri Muktsar Sahib,32,42
Punjab,Tarn Taran,95,36
Rajasthan,Ajmer,1158,294
Rajasthan,Alwar,937,488
Rajasthan,Banswara,114,41
Rajasthan,Baran,589,171
Rajasthan,Barmer,1717,160
Rajasthan,Bharatpur,5175,649
Rajasthan,Bhilwara,587,153
Rajasthan,Bikaner,1149,233
Rajasthan,Bundi,97,76
Rajasthan,Chittorgarh,187,65
Rajasthan,Churu,258,257
Rajasthan,Dausa,1608,690
Rajasthan,Dholpur,709,71
Rajasthan,Dungarpur,60,22
Rajasthan,Ganganagar,147,74
Rajasthan,Hanumangarh,265,113
Rajasthan,Jaipur,1684,991
Rajasthan,Jaisalmer,206,0
Rajasthan,Jalor,43,43
Rajasthan,Jhalawar,720,163
Rajasthan,Jhunjhunu,2164,262
Rajasthan,Jodhpur,1485,299
Rajasthan,Karauli,175,501
Rajasthan,Kota,330,111
Rajasthan,Nagaur,1949,259
Rajasthan,Pali,199,71
Rajasthan,Pratapgarh,40,12
Rajasthan,Rajsamand,19,2
Rajasthan,Sawai Madhopur,700,27
Rajasthan,Sikar,1752,296
Rajasthan,Sirohi,46,86
Rajasthan,Tonk,737,552
Rajasthan,Udaipur,126,54
Sikkim,East Sikkim,53,6
Sikkim,North Sikkim,6,1
Sikkim,South Sikkim,2,8
Sikkim,West Sikkim,5,0
Tamil Nadu,Chennai,5,3
Tamil Nadu,Coimbatore,27,3
Tamil Nadu,Cuddalore,7,6
Tamil Nadu,Dharmapuri,5,2
Tamil Nadu,Dindigul,3,0
Tamil Nadu,Erode,1,0
Tamil Nadu,Kancheepuram,125,58
Tamil Nadu,Kanyakumari,3,1
Tamil Nadu,Krishnagiri,3,0
Tamil Nadu,Madurai,7,1
Tamil Nadu,Nagapattinam,1,0
Tamil Nadu,Salem,1,2
Tamil Nadu,Sivaganga,1,0
Tamil Nadu,Thanjavur,5,2
Tamil Nadu,The Nilgiris,4,0
Tamil Nadu,Theni,5,0
Tamil Nadu,Thiruvarur,1,0
Tamil Nadu,Thoothukudi,1,0
Tamil Nadu,Tiruchirappalli,3,3
Tamil Nadu,Tirunelveli,25,0
Tamil Nadu,Tirupur,93,40
Tamil Nadu,Tiruvallur,13,2
Tamil Nadu,Tiruvannamalai,2,2
Tamil Nadu,Vellore,4,8
Tamil Nadu,Viluppuram,18,64
Tamil Nadu,Virudhunagar,2,0
Tripura,Dhalai,29,10
Tripura,Gomati,52,4
Tripura,Khowai,10,0
Tripura,North Tripura,128,24
Tripura,Sepahijala,48,17
Tripura,South Tripura,161,14
Tripura,Unakoti,231,18
Tripura,West Tripura,43,6
Uttar Pradesh,Agra,8119,1673
Uttar Pradesh,Aligarh,3565,5113
Uttar Pradesh,Allahabad,11260,964
Uttar Pradesh,Ambedkar Nagar,4073,280
Uttar Pradesh,Amethi,119,118
Uttar Pradesh,Amroha,5626,317
Uttar Pradesh,Auraiya,2269,415
Uttar Pradesh,Azamgarh,3069,363
Uttar Pradesh,Baghpat,1249,342
Uttar Pradesh,Bahraich,1817,605
Uttar Pradesh,Ballia,6949,563
Uttar Pradesh,Balrampur,54,6
Uttar Pradesh,Banda,3687,99
Uttar Pradesh,Barabanki,11358,900
Uttar Pradesh,Bareilly,5032,712
Uttar Pradesh,Basti,7667,719
Uttar Pradesh,Bijnor,14314,1183
Uttar Pradesh,Budaun,2995,93
Uttar Pradesh,Bulandshahr,2523,362
Uttar Pradesh,Chandauli,315,87
Uttar Pradesh,Chitrakoot,21,9
Uttar Pradesh,Deoria,1882,273
Uttar Pradesh,Etah,2919,237
Uttar Pradesh,Etawah,478,45
Uttar Pradesh,Faizabad,2481,315
Uttar Pradesh,Farrukhabad,1609,168
Uttar Pradesh,Fatehpur,2895,81
Uttar Pradesh,Firozabad,2432,484
Uttar Pradesh,Gautam Buddha Nagar,2244,235
Uttar Pradesh,Ghaziabad,6716,1067
Uttar Pradesh,Ghazipur,3927,523
Uttar Pradesh,Gonda,1604,96
Uttar Pradesh,Gorakhpur,11245,820
Uttar Pradesh,Hamirpur,367,109
Uttar Pradesh,Hapur,2263,99
Uttar Pradesh,Hardoi,1937,186
Uttar Pradesh,Hathras,901,78
Uttar Pradesh,Jalaun,697,146
Uttar Pradesh,Jaunpur,2025,230
Uttar Pradesh,Jhansi,3205,512
Uttar Pradesh,Kannauj,832,277
Uttar Pradesh,Kanpur Dehat,3075,506
Uttar Pradesh,Kanpur Nagar,5449,1697
Uttar Pradesh,Kasganj,3308,134
Uttar Pradesh,Kaushambi,1154,112
Uttar Pradesh,Kheri,6663,116
Uttar Pradesh,Kushinagar,768,292
Uttar Pradesh,Lalitpur,1482,190
Uttar Pradesh,Lucknow,12711,1684
Uttar Pradesh,Maharajganj,4519,119
Uttar Pradesh,Mahoba,17,7
Uttar Pradesh,Mainpuri,2480,455
Uttar Pradesh,Mathura,2553,560
Uttar Pradesh,Mau,2407,247
Uttar Pradesh,Meerut,13575,1286
Uttar Pradesh,Mirzapur,4139,326
Uttar Pradesh,Moradabad,7565,839
Uttar Pradesh,Muzaffarnagar,4173,282
Uttar Pradesh,Pilibhit,280,316
Uttar Pradesh,Pratapgarh,1050,478
Uttar Pradesh,Raebareli,719,213
Uttar Pradesh,Rampur,2353,86
Uttar Pradesh,Saharanpur,5658,586
Uttar Pradesh,Sambhal,5727,228
Uttar Pradesh,Sant Kabir Nagar,65,20
Uttar Pradesh,Sant Ravidas Nagar,1392,157
Uttar Pradesh,Shahjahanpur,2146,94
Uttar Pradesh,Shamli,1380,175
Uttar Pradesh,Shrawasti,54,28
Uttar Pradesh,Siddharthnagar,833,222
Uttar Pradesh,Sitapur,5278,617
Uttar Pradesh,Sonbhadra,5386,226
Uttar Pradesh,Sultanpur,2083,495
Uttar Pradesh,Unnao,6573,967
Uttar Pradesh,Varanasi,13466,879
Uttarakhand,Almora,170,13
Uttarakhand,Bageshwar,46,4
Uttarakhand,Chamoli,14,3
Uttarakhand,Champawat,35,10
Uttarakhand,Dehradun,1178,262
Uttarakhand,Haridwar,56,368
Uttarakhand,Nainital,4017,191
Uttarakhand,Pauri Garhwal,193,36
Uttarakhand,Pithoragarh,37,3
Uttarakhand,Rudraprayag,9,3
Uttarakhand,Tehri Garhwal,16,49
Uttarakhand,Udham Singh Nagar,2958,228
Uttarakhand,Uttarkashi,6,2
West Bengal,Bankura,7684,171
West Bengal,Barddhaman,1,6
West Bengal,Bardhaman,2041,1257
West Bengal,Birbhum,4896,251
West Bengal,Cooch Behar,15,0
West Bengal,Darjeeling,1064,34
West Bengal,East Midnapore,296,26
West Bengal,Hooghly,169,49
West Bengal,Howrah,41,463
West Bengal,Jalpaiguri,4229,430
West Bengal,Kolkata,196,233
West Bengal,Malda,48,12
West Bengal,Murshidabad,67,8
West Bengal,Nadia,23108,980
West Bengal,North 24 Parganas,2302,2596
West Bengal,North Dinajpur,9934,2907
West Bengal,Purulia,452,28
West Bengal,Puruliya,9,1
West Bengal,South 24 Parganas,24057,1325
West Bengal,South Dinajpur,288,57
West Bengal,West Midnapore,16251,5374
