State,District,Aadhaar generated,Enrolment Rejected
Andhra Pradesh,Adilabad,766,0
Andhra Pradesh,Anantapur,1,0
Andhra Pradesh,Ananthapur,1288,0
Andhra Pradesh,Chittoor,1385,0
Andhra Pradesh,Cuddapah,791,0
Andhra Pradesh,East Godavari,853,0
Andhra Pradesh,Guntur,619,0
Andhra Pradesh,Hyderabad,326,0
Andhra Pradesh,Karimnagar,1037,0
Andhra Pradesh,Khammam,1127,0
Andhra Pradesh,Krishna,903,0
Andhra Pradesh,Kurnool,3231,0
Andhra Pradesh,Mahbubnagar,2345,0
Andhra Pradesh,Medak,1081,0
Andhra Pradesh,Nalgonda,1032,0
Andhra Pradesh,Nellore,2751,0
Andhra Pradesh,Nizamabad,1202,0
Andhra Pradesh,Prakasam,1990,0
Andhra Pradesh,Ranga Reddy,1107,0
Andhra Pradesh,Srikakulam,651,0
Andhra Pradesh,Visakhapatnam,1596,0
Andhra Pradesh,Vizianagaram,2557,0
Andhra Pradesh,Warangal,1869,0
Andhra Pradesh,West Godavari,1808,0
Arunachal Pradesh,Changlang,1,0
Arunachal Pradesh,Papum Pare,1,0
Arunachal Pradesh,Tawang,93,0
Arunachal Pradesh,Upper Subansiri,1,0
Arunachal Pradesh,West Kameng,15,0
Assam,Baksa,18,0
Assam,Barpeta,64,0
Assam,Bongaigaon,31,0
Assam,Cachar,10,0
Assam,Chirang,10,0
Assam,Darrang,8,0
Assam,Dhemaji,23,0
Assam,Dhubri,1,0
Assam,Dibrugarh,6,0
Assam,Goalpara,23,0
Assam,Golaghat,102,0
Assam,Hailakandi,5,0
Assam,Jorhat,7,0
Assam,Kamrup,35,0
Assam,Kamrup Metro,7,0
Assam,Karbi Anglong,4,0
Assam,Karimganj,22,0
Assam,Kokrajhar,2,0
Assam,Lakhimpur,16,0
Assam,Nagaon,2,0
Assam,Nalbari,10,0
Assam,North Cachar Hills,1,0
Assam,Sibsagar,9,0
Assam,Sonitpur,110,0
Assam,Tinsukia,2,0
Assam,Udalguri,48,0
Bihar,Araria,390,0
Bihar,Arwal,29,0
Bihar,Aurangabad,1628,0
Bihar,Banka,5107,0
Bihar,Begusarai,2683,0
Bihar,Bhagalpur,643,0
Bihar,Bhojpur,2400,0
Bihar,Buxar,500,0
Bihar,Darbhanga,137,0
Bihar,East Champaran,2127,0
Bihar,Gaya,2903,0
Bihar,Gopalganj,1247,0
Bihar,Jamui,330,0
Bihar,Jehanabad,197,0
Bihar,Kaimur (Bhabua),232,0
Bihar,Katihar,307,0
Bihar,Khagaria,48,0
Bihar,Kishanganj,357,0
Bihar,Lakhisarai,130,0
Bihar,Madhepura,75,0
Bihar,Madhubani,4176,0
Bihar,Munger,2889,0
Bihar,Muzaffarpur,10247,0
Bihar,Nalanda,108,0
Bihar,Nawada,79,0
Bihar,Patna,8653,0
Bihar,Purnia,3422,0
Bihar,Rohtas,1436,0
Bihar,Saharsa,300,0
Bihar,Samastipur,1600,0
Bihar,Saran,3947,0
Bihar,Sheikhpura,132,0
Bihar,Sheohar,33,0
Bihar,Sitamarhi,3933,0
Bihar,Siwan,3564,0
Bihar,Supaul,1320,0
Bihar,Vaishali,1687,0
Bihar,West Champaran,3039,0
Chandigarh,Chandigarh,156,0
Chhattisgarh,Balod,1943,0
Chhattisgarh,Baloda Bazar,759,0
Chhattisgarh,Balrampur,10,0
Chhattisgarh,Bastar,633,0
Chhattisgarh,Bemetara,46,0
Chhattisgarh,Bilaspur,13049,0
Chhattisgarh,Dantewada,1,0
Chhattisgarh,Dhamtari,7,0
Chhattisgarh,Durg,11157,0
Chhattisgarh,Gariyaband,42,0
Chhattisgarh,Janjgir Champa,78,0
Chhattisgarh,Jashpur,11,0
Chhattisgarh,Kabeerdham,3,0
Chhattisgarh,Kanker,419,0
Chhattisgarh,Kondagaon,2092,0
Chhattisgarh,Korba,961,0
Chhattisgarh,Koriya,35,0
Chhattisgarh,Mahasamund,4182,0
Chhattisgarh,Mungeli,2791,0
Chhattisgarh,Narayanpur,726,0
Chhattisgarh,Raigarh,2373,0
Chhattisgarh,Raipur,883,0
Chhattisgarh,Rajnandgaon,11053,0
Chhattisgarh,Sukma,43,0
Chhattisgarh,Surguja,1207,0
Chhattisgarh,Uttar Bastar Kanker,1871,0
Dadra and Nagar Haveli,Dadra and Nagar Haveli,1,0
Daman and Diu,Daman,19,0
Daman and Diu,Diu,1,0
Delhi,Central Delhi,67,0
Delhi,East Delhi,213,0
Delhi,New Delhi,7,0
Delhi,North Delhi,66,0
Delhi,North East,1,0
Delhi,North East Delhi,253,0
Delhi,North West Delhi,488,0
Delhi,South Delhi,324,0
Delhi,South West Delhi,189,0
Delhi,West Delhi,343,0
Goa,North Goa,5,0
Goa,South Goa,3,0
Gujarat,Ahmedabad,3586,0
Gujarat,Amreli,7,0
Gujarat,Anand,354,0
Gujarat,Banaskantha,155,0
Gujarat,Bharuch,25,0
Gujarat,Bhavnagar,3139,0
Gujarat,Dahod,104,0
Gujarat,Gandhinagar,478,0
Gujarat,Jamnagar,133,0
Gujarat,Junagadh,611,0
Gujarat,Kachchh,1726,0
Gujarat,Kheda,816,0
Gujarat,Mahesana,27,0
Gujarat,Narmada,48,0
Gujarat,Navsari,1190,0
Gujarat,Panchmahal,1736,0
Gujarat,Patan,221,0
Gujarat,Porbandar,145,0
Gujarat,Rajkot,342,0
Gujarat,Sabarkantha,2284,0
Gujarat,Surat,1074,0
Gujarat,Surendranagar,1626,0
Gujarat,Tapi,118,0
Gujarat,The Dangs,721,0
Gujarat,Vadodara,2567,0
Gujarat,Valsad,528,0
Haryana,Ambala,373,0
Haryana,Bhiwani,315,0
Haryana,Faridabad,375,0
Haryana,Fatehabad,24,0
Haryana,Gurgaon,153,0
Haryana,Hisar,367,0
Haryana,Jhajjar,63,0
Haryana,Jind,65,0
Haryana,Kaithal,77,0
Haryana,Karnal,197,0
Haryana,Kurukshetra,229,0
Haryana,Mahendragarh,32,0
Haryana,Mewat,1332,0
Haryana,Palwal,457,0
Haryana,Panchkula,19,0
Haryana,Panipat,30,0
Haryana,Rewari,10,0
Haryana,Rohtak,272,0
Haryana,Sirsa,161,0
Haryana,Sonipat,32,0
Haryana,Yamuna Nagar,335,0
Himachal Pradesh,Bilaspur,1,0
Himachal Pradesh,Hamirpur,5,0
Himachal Pradesh,Kangra,25,0
Himachal Pradesh,Kinnaur,2,0
Himachal Pradesh,Lahul and Spiti,1,0
Himachal Pradesh,Mandi,10,0
Himachal Pradesh,Shimla,14,0
Himachal Pradesh,Sirmaur,8,0
Himachal Pradesh,Solan,24,0
Himachal Pradesh,Una,6,0
Jammu and Kashmir,Anantnag,10964,0
Jammu and Kashmir,Badgam,1654,0
Jammu and Kashmir,Bandipore,188,0
Jammu and Kashmir,Baramula,1105,0
Jammu and Kashmir,Doda,602,0
Jammu and Kashmir,Jammu,206,0
Jammu and Kashmir,Kathua,8813,0
Jammu and Kashmir,Kupwara,215,0
Jammu and Kashmir,Pulwama,4,0
Jammu and Kashmir,Punch,464,0
Jammu and Kashmir,Rajouri,40,0
Jammu and Kashmir,Reasi,1298,0
Jammu and Kashmir,Srinagar,47,0
Jammu and Kashmir,Udhampur,21,0
Jharkhand,Bokaro,66,0
Jharkhand,Chatra,99,0
Jharkhand,Deoghar,91,0
Jharkhand,Dhanbad,194,0
Jharkhand,Dumka,36,0
Jharkhand,East Singhbhum,55,0
Jharkhand,Garhwa,129,0
Jharkhand,Giridih,291,0
Jharkhand,Godda,146,0
Jharkhand,Gumla,37,0
Jharkhand,Hazaribagh,67,0
Jharkhand,Jamtara,63,0
Jharkhand,Khunti,14,0
Jharkhand,Koderma,12,0
Jharkhand,Latehar,42,0
Jharkhand,Lohardaga,30,0
Jharkhand,Pakur,45,0
Jharkhand,Palamu,437,0
Jharkhand,Ramgarh,27,0
Jharkhand,Ranchi,196,0
Jharkhand,Sahibganj,154,0
Jharkhand,Seraikela-Kharsawan,35,0
Jharkhand,Simdega,11,0
Jharkhand,West Singhbhum,179,0
Karnataka,Bagalkot,610,0
Karnataka,Bangalore,892,0
Karnataka,Bangalore Rural,31,0
Karnataka,Belgaum,318,0
Karnataka,Bellary,612,0
Karnataka,Bidar,708,0
Karnataka,Bijapur,2020,0
Karnataka,Chamarajanagar,1174,0
Karnataka,Chikkaballapur,371,0
Karnataka,Chikmagalur,61,0
Karnataka,Chitradurga,707,0
Karnataka,Dakshina Kannada,562,0
Karnataka,Davangere,1601,0
Karnataka,Dharwad,578,0
Karnataka,Gadag,20,0
Karnataka,Gulbarga,1451,0
Karnataka,Hassan,3812,0
Karnataka,Haveri,887,0
Karnataka,Kodagu,1031,0
Karnataka,Kolar,144,0
Karnataka,Koppal,911,0
Karnataka,Mandya,766,0
Karnataka,Mysore,274,0
Karnataka,Raichur,1699,0
Karnataka,Ramanagar,19,0
Karnataka,Shimoga,524,0
Karnataka,Tumkur,268,0
Karnataka,Udupi,2117,0
Karnataka,Uttara Kannada,200,0
Karnataka,Yadgir,528,0
Kerala,Alappuzha,86,0
Kerala,Ernakulam,209,0
Kerala,Idukki,102,0
Kerala,Kannur,399,0
Kerala,Kasaragod,147,0
Kerala,Kollam,190,0
Kerala,Kottayam,125,0
Kerala,Kozhikode,276,0
Kerala,Malappuram,502,0
Kerala,Palakkad,371,0
Kerala,Pathanamthitta,79,0
Kerala,Thiruvananthapuram,179,0
Kerala,Thrissur,172,0
Kerala,Wayanad,15,0
Lakshadweep,Lakshadweep,2,0
Madhya Pradesh,Alirajpur,44,0
Madhya Pradesh,Anuppur,19,0
Madhya Pradesh,Ashok Nagar,156,0
Madhya Pradesh,Balaghat,177,0
Madhya Pradesh,Barwani,224,0
Madhya Pradesh,Betul,193,0
Madhya Pradesh,Bhind,521,0
Madhya Pradesh,Bhopal,259,0
Madhya Pradesh,Burhanpur,9,0
Madhya Pradesh,Chhatarpur,148,0
Madhya Pradesh,Chhindwara,502,0
Madhya Pradesh,Damoh,329,0
Madhya Pradesh,Datia,384,0
Madhya Pradesh,Dewas,432,0
Madhya Pradesh,Dhar,140,0
Madhya Pradesh,Dindori,113,0
Madhya Pradesh,Guna,513,0
Madhya Pradesh,Gwalior,184,0
Madhya Pradesh,Harda,10,0
Madhya Pradesh,Hoshangabad,67,0
Madhya Pradesh,Indore,330,0
Madhya Pradesh,Jabalpur,248,0
Madhya Pradesh,Jhabua,109,0
Madhya Pradesh,Katni,152,0
Madhya Pradesh,Khandwa,12,0
Madhya Pradesh,Khargone,75,0
Madhya Pradesh,Mandla,226,0
Madhya Pradesh,Mandsaur,281,0
Madhya Pradesh,Morena,426,0
Madhya Pradesh,Narsinghpur,101,0
Madhya Pradesh,Neemuch,7,0
Madhya Pradesh,Panna,23,0
Madhya Pradesh,Raisen,41,0
Madhya Pradesh,Rajgarh,571,0
Madhya Pradesh,Ratlam,306,0
Madhya Pradesh,Rewa,92,0
Madhya Pradesh,Sagar,377,0
Madhya Pradesh,Satna,143,0
Madhya Pradesh,Sehore,443,0
Madhya Pradesh,Seoni,181,0
Madhya Pradesh,Shahdol,87,0
Madhya Pradesh,Shajapur,12,0
Madhya Pradesh,Sheopur,231,0
Madhya Pradesh,Shivpuri,362,0
Madhya Pradesh,Sidhi,38,0
Madhya Pradesh,Singrauli,40,0
Madhya Pradesh,Tikamgarh,183,0
Madhya Pradesh,Ujjain,125,0
Madhya Pradesh,Umaria,35,0
Madhya Pradesh,Vidisha,62,0
Maharashtra,Ahmednagar,265,0
Maharashtra,Akola,97,0
Maharashtra,Amravati,385,0
Maharashtra,Aurangabad,415,0
Maharashtra,Beed,405,0
Maharashtra,Bhandara,82,0
Maharashtra,Buldhana,518,0
Maharashtra,Chandrapur,185,0
Maharashtra,Dhule,233,0
Maharashtra,Gadchiroli,186,0
Maharashtra,Gondia,51,0
Maharashtra,Hingoli,195,0
Maharashtra,Jalgaon,391,0
Maharashtra,Jalna,313,0
Maharashtra,Kolhapur,224,0
Maharashtra,Latur,222,0
Maharashtra,Mumbai,407,0
Maharashtra,Nagpur,214,0
Maharashtra,Nanded,480,0
Maharashtra,Nandurbar,111,0
Maharashtra,Nashik,454,0
Maharashtra,Osmanabad,80,0
Maharashtra,Parbhani,277,0
Maharashtra,Pune,424,0
Maharashtra,Raigad,198,0
Maharashtra,Ratnagiri,355,0
Maharashtra,Sangli,55,0
Maharashtra,Satara,203,0
Maharashtra,Sindhudurg,36,0
Maharashtra,Solapur,657,0
Maharashtra,Thane,342,0
Maharashtra,Wardha,26,0
Maharashtra,Washim,169,0
Maharashtra,Yavatmal,1284,0
Manipur,Churachandpur,1,0
Manipur,Imphal East,11,0
Manipur,Imphal West,145,0
Manipur,Senapati,1,0
Manipur,Tamenglong,1,0
Manipur,Thoubal,3,0
Manipur,Ukhrul,2,0
Meghalaya,East Khasi Hills,122,0
Meghalaya,Ri Bhoi,1,0
Mizoram,Aizawl,3,0
Mizoram,Champhai,25,0
Mizoram,Kolasib,4,0
Mizoram,Lunglei,248,0
Mizoram,Serchhip,331,0
Nagaland,Kohima,1,0
Odisha,Angul,9,0
Odisha,Anugul,3,0
Odisha,Balangir,6,0
Odisha,Baleswar,15,0
Odisha,Bargarh,7,0
Odisha,Bhadrak,10,0
Odisha,Boudh,3,0
Odisha,Cuttack,302,0
Odisha,Debagarh,4,0
Odisha,Dhenkanal,1437,0
Odisha,Gajapati,32,0
Odisha,Ganjam,9490,0
Odisha,Jagatsinghapur,5,0
Odisha,Jajapur,16,0
Odisha,Jharsuguda,2,0
Odisha,Kalahandi,343,0
Odisha,Kandhamal,3,0
Odisha,Kendrapara,10,0
Odisha,Kendujhar,4,0
Odisha,Khorda,1547,0
Odisha,Khordha,1,0
Odisha,Koraput,541,0
Odisha,Malkangiri,3,0
Odisha,Mayurbhanj,12,0
Odisha,Nabarangapur,2,0
Odisha,Nayagarh,5,0
Odisha,Nuapada,2,0
Odisha,Puri,5,0
Odisha,Sambalpur,6,0
Odisha,Sonapur,2,0
Odisha,Sundergarh,55,0
Others,Others,13,0
Puducherry,Karaikal,36,0
Puducherry,Pondicherry,2,0
Puducherry,Puducherry,39,0
Punjab,Amritsar,214,0
Punjab,Barnala,67,0
Punjab,Bathinda,113,0
Punjab,Faridkot,36,0
Punjab,Fatehgarh Sahib,72,0
Punjab,Fazilka,101,0
Punjab,Firozpur,270,0
Punjab,Gurdaspur,190,0
Punjab,Hoshiarpur,128,0
Punjab,Jalandhar,256,0
Punjab,Kapurthala,114,0
Punjab,Ludhiana,461,0
Punjab,Mansa,96,0
Punjab,Moga,121,0
Punjab,Nawanshahr,1,0
Punjab,Pathankot,30,0
Punjab,Patiala,95,0
Punjab,Rupnagar,39,0
Punjab,SAS Nagar (Mohali),206,0
Punjab,Sangrur,52,0
Punjab,Shaheed Bhagat Singh Nagar,48,0
Punjab,Sri Muktsar Sahib,191,0
Punjab,Tarn Taran,58,0
Rajasthan,Ajmer,152,0
Rajasthan,Alwar,183,0
Rajasthan,Banswara,257,0
Rajasthan,Baran,46,0
Rajasthan,Barmer,132,0
Rajasthan,Bharatpur,2107,0
Rajasthan,Bhilwara,106,0
Rajasthan,Bikaner,38,0
Rajasthan,Bundi,14,0
Rajasthan,Chittorgarh,41,0
Rajasthan,Churu,108,0
Rajasthan,Dausa,40,0
Rajasthan,Dholpur,146,0
Rajasthan,Dungarpur,140,0
Rajasthan,Ganganagar,183,0
Rajasthan,Hanumangarh,91,0
Rajasthan,Jaipur,276,0
Rajasthan,Jaisalmer,99,0
Rajasthan,Jalor,126,0
Rajasthan,Jhalawar,4,0
Rajasthan,Jhunjhunu,207,0
Rajasthan,Jodhpur,136,0
Rajasthan,Karauli,54,0
Rajasthan,Kota,57,0
Rajasthan,Nagaur,238,0
Rajasthan,Pali,115,0
Rajasthan,Pratapgarh,49,0
Rajasthan,Rajsamand,14,0
Rajasthan,Sawai Madhopur,134,0
Rajasthan,Sikar,338,0
Rajasthan,Sirohi,4,0
Rajasthan,Tonk,107,0
Rajasthan,Udaipur,213,0
Sikkim,East Sikkim,11,0
Sikkim,South Sikkim,3,0
Sikkim,West Sikkim,7,0
Tamil Nadu,Chennai,1052,0
Tamil Nadu,Coimbatore,341,0
Tamil Nadu,Cuddalore,11,0
Tamil Nadu,Dharmapuri,581,0
Tamil Nadu,Dindigul,184,0
Tamil Nadu,Erode,1061,0
Tamil Nadu,Kancheepuram,141,0
Tamil Nadu,Kanchipuram,1,0
Tamil Nadu,Kanyakumari,59,0
Tamil Nadu,Karur,2,0
Tamil Nadu,Krishnagiri,46,0
Tamil Nadu,Madurai,138,0
Tamil Nadu,Nagapattinam,4,0
Tamil Nadu,Namakkal,5,0
Tamil Nadu,Perambalur,885,0
Tamil Nadu,Pudukkottai,1,0
Tamil Nadu,Ramanathapuram,7,0
Tamil Nadu,Salem,12,0
Tamil Nadu,Sivaganga,1,0
Tamil Nadu,Thanjavur,5,0
Tamil Nadu,The Nilgiris,46,0
Tamil Nadu,Theni,7,0
Tamil Nadu,Thiruvarur,1,0
Tamil Nadu,Thoothukudi,188,0
Tamil Nadu,Tiruchirappalli,30,0
Tamil Nadu,Tirunelveli,922,0
Tamil Nadu,Tirupur,386,0
Tamil Nadu,Tiruvallur,2247,0
Tamil Nadu,Tiruvannamalai,2144,0
Tamil Nadu,Vellore,47,0
Tamil Nadu,Viluppuram,182,0
Tamil Nadu,Virudhunagar,7,0
Tripura,Dhalai,1,0
Tripura,Gomati,9,0
Tripura,North Tripura,9,0
Tripura,Sepahijala,138,0
Tripura,South Tripura,24,0
Tripura,West Tripura,67,0
Uttar Pradesh,Agra,6954,0
Uttar Pradesh,Aligarh,7188,0
Uttar Pradesh,Allahabad,5317,0
Uttar Pradesh,Ambedkar Nagar,2807,0
Uttar Pradesh,Amethi,321,0
Uttar Pradesh,Amroha,4763,0
Uttar Pradesh,Auraiya,1481,0
Uttar Pradesh,Azamgarh,2608,0
Uttar Pradesh,Baghpat,3652,0
Uttar Pradesh,Bahraich,835,0
Uttar Pradesh,Ballia,5282,0
Uttar Pradesh,Balrampur,61,0
Uttar Pradesh,Banda,936,0
Uttar Pradesh,Barabanki,5908,0
Uttar Pradesh,Bareilly,5190,0
Uttar Pradesh,Basti,2436,0
Uttar Pradesh,Bijnor,16011,0
Uttar Pradesh,Budaun,1002,0
Uttar Pradesh,Bulandshahr,2421,0
Uttar Pradesh,Chandauli,1699,0
Uttar Pradesh,Chitrakoot,62,0
Uttar Pradesh,Deoria,2410,0
Uttar Pradesh,Etah,1013,0
Uttar Pradesh,Etawah,64,0
Uttar Pradesh,Faizabad,1642,0
Uttar Pradesh,Farrukhabad,1597,0
Uttar Pradesh,Fatehpur,375,0
Uttar Pradesh,Firozabad,3157,0
Uttar Pradesh,Gautam Buddha Nagar,3197,0
Uttar Pradesh,Ghaziabad,8091,0
Uttar Pradesh,Ghazipur,3038,0
Uttar Pradesh,Gonda,1584,0
Uttar Pradesh,Gorakhpur,5686,0
Uttar Pradesh,Hamirpur,174,0
Uttar Pradesh,Hapur,626,0
Uttar Pradesh,Hardoi,2176,0
Uttar Pradesh,Hathras,871,0
Uttar Pradesh,Jalaun,705,0
Uttar Pradesh,Jaunpur,1995,0
Uttar Pradesh,Jhansi,1818,0
Uttar Pradesh,Kannauj,1512,0
Uttar Pradesh,Kanpur Dehat,1043,0
Uttar Pradesh,Kanpur Nagar,4349,0
Uttar Pradesh,Kasganj,343,0
Uttar Pradesh,Kaushambi,618,0
Uttar Pradesh,Kheri,3244,0
Uttar Pradesh,Kushinagar,4490,0
Uttar Pradesh,Lalitpur,3651,0
Uttar Pradesh,Lucknow,9730,0
Uttar Pradesh,Maharajganj,2606,0
Uttar Pradesh,Mahoba,167,0
Uttar Pradesh,Mainpuri,363,0
Uttar Pradesh,Mathura,3655,0
Uttar Pradesh,Mau,2478,0
Uttar Pradesh,Meerut,2444,0
Uttar Pradesh,Mirzapur,3843,0
Uttar Pradesh,Moradabad,5345,0
Uttar Pradesh,Muzaffarnagar,4404,0
Uttar Pradesh,Pilibhit,3350,0
Uttar Pradesh,Pratapgarh,3076,0
Uttar Pradesh,Raebareli,184,0
Uttar Pradesh,Rampur,1990,0
Uttar Pradesh,Saharanpur,5088,0
Uttar Pradesh,Sambhal,5567,0
Uttar Pradesh,Sant Kabir Nagar,135,0
Uttar Pradesh,Sant Ravidas Nagar,1657,0
Uttar Pradesh,Sant Ravidas Nagar Bhadohi,1,0
Uttar Pradesh,Shahjahanpur,342,0
Uttar Pradesh,Shamli,2516,0
Uttar Pradesh,Shrawasti,177,0
Uttar Pradesh,Siddharthnagar,2854,0
Uttar Pradesh,Sitapur,5888,0
Uttar Pradesh,Sonbhadra,4031,0
Uttar Pradesh,Sultanpur,3275,0
Uttar Pradesh,Unnao,7956,0
Uttar Pradesh,Varanasi,11004,0
Uttarakhand,Almora,179,0
Uttarakhand,Bageshwar,27,0
Uttarakhand,Chamoli,168,0
Uttarakhand,Champawat,20,0
Uttarakhand,Dehradun,2496,0
Uttarakhand,Haridwar,927,0
Uttarakhand,Nainital,315,0
Uttarakhand,Pauri Garhwal,172,0
Uttarakhand,Pithoragarh,84,0
Uttarakhand,Rudraprayag,16,0
Uttarakhand,Tehri Garhwal,24,0
Uttarakhand,Udham Singh Nagar,3310,0
Uttarakhand,Uttarkashi,20,0
West Bengal,Bankura,2973,0
West Bengal,Bardhaman,11079,0
West Bengal,Birbhum,5145,0
West Bengal,Cooch Behar,99,0
West Bengal,Dakshin Dinajpur,1,0
West Bengal,Darjeeling,8482,0
West Bengal,East Midnapore,21,0
West Bengal,Hooghly,2306,0
West Bengal,Howrah,9,0
West Bengal,Jalpaiguri,23653,0
West Bengal,Kolkata,22,0
West Bengal,Malda,86,0
West Bengal,Murshidabad,244,0
West Bengal,Nadia,11469,0
West Bengal,North 24 Parganas,14070,0
West Bengal,North Dinajpur,3624,0
West Bengal,Purulia,558,0
West Bengal,South 24 Parganas,16852,0
West Bengal,South Dinajpur,1755,0
West Bengal,South Twenty Four Parganas,11,0
West Bengal,West Midnapore,7288,0
