State,District,Aadhaar generated,Enrolment Rejected
Andhra Pradesh,Adilabad,246,355
Andhra Pradesh,Ananthapur,689,733
Andhra Pradesh,Chittoor,380,445
Andhra Pradesh,Cuddapah,631,244
Andhra Pradesh,East Godavari,450,448
Andhra Pradesh,Guntur,347,468
Andhra Pradesh,Hyderabad,726,589
Andhra Pradesh,K.v. Rangareddy,1973,1286
Andhra Pradesh,Karimnagar,1692,536
Andhra Pradesh,Khammam,1454,559
Andhra Pradesh,Krishna,372,316
Andhra Pradesh,Kurnool,1149,4476
Andhra Pradesh,Mahabubnagar,1832,1306
Andhra Pradesh,Medak,989,378
Andhra Pradesh,Nalgonda,1015,1194
Andhra Pradesh,Nellore,352,865
Andhra Pradesh,Nizamabad,863,613
Andhra Pradesh,Prakasam,605,193
Andhra Pradesh,Srikakulam,429,448
Andhra Pradesh,Visakhapatnam,1642,847
Andhra Pradesh,Vizianagaram,621,606
Andhra Pradesh,Warangal,1897,2366
Andhra Pradesh,West Godavari,1490,604
Arunachal Pradesh,Lohit,1,0
Arunachal Pradesh,West Kameng,0,1
Assam,Baksa,1,1
Assam,Barpeta,1,0
Assam,Bongaigaon,0,1
Assam,Cachar,5,2
Assam,Chirang,1,0
Assam,Dhemaji,2,0
Assam,Dhubri,1,0
Assam,Golaghat,0,1
Assam,Hailakandi,0,2
Assam,Kamrup,4,0
Assam,Karbi Anglong,1,0
Assam,Karimganj,1,0
Assam,Kokrajhar,1,0
Assam,Lakhimpur,1,0
Assam,Nagaon,1,1
Assam,Nalbari,2,0
Assam,Sibsagar,3,0
Assam,Sonitpur,2,2
Assam,Udalguri,4,1
Bihar,Araria,708,11
Bihar,Arwal,22,11
Bihar,Aurangabad,1368,127
Bihar,Banka,1789,51
Bihar,Begusarai,508,24
Bihar,Bhagalpur,516,63
Bihar,Bhojpur,1114,26
Bihar,Buxar,417,22
Bihar,Darbhanga,77,31
Bihar,East Champaran,2344,183
Bihar,Gaya,2283,121
Bihar,Gopalganj,1100,133
Bihar,Jamui,918,17
Bihar,Jehanabad,257,22
Bihar,Kaimur (Bhabua),61,6
Bihar,Katihar,242,21
Bihar,Khagaria,180,66
Bihar,Kishanganj,1269,95
Bihar,Lakhisarai,287,32
Bihar,Madhepura,218,15
Bihar,Madhubani,1036,110
Bihar,Munger,15,2
Bihar,Muzaffarpur,1123,164
Bihar,Nalanda,820,52
Bihar,Nawada,130,19
Bihar,Patna,2714,229
Bihar,Purnia,1177,98
Bihar,Rohtas,180,58
Bihar,Saharsa,1240,42
Bihar,Samastipur,777,131
Bihar,Saran,4340,182
Bihar,Sheikhpura,6,7
Bihar,Sheohar,4,1
Bihar,Sitamarhi,1917,60
Bihar,Siwan,2695,132
Bihar,Supaul,3248,78
Bihar,Vaishali,853,90
Bihar,West Champaran,4331,156
Chandigarh,Chandigarh,48,17
Chhattisgarh,Balod,376,29
Chhattisgarh,Baloda Bazar,91,20
Chhattisgarh,Balrampur,112,14
Chhattisgarh,Bastar,141,1
Chhattisgarh,Bemetara,38,3
Chhattisgarh,Bilaspur,6656,355
Chhattisgarh,Dakshin Bastar Dantewada,23,0
Chhattisgarh,Dantewada,1,1
Chhattisgarh,Dhamtari,9,4
Chhattisgarh,Durg,1828,137
Chhattisgarh,Gariyaband,32,2
Chhattisgarh,Janjgir-champa,367,68
Chhattisgarh,Jashpur,6,0
Chhattisgarh,Kabeerdham,657,16
Chhattisgarh,Kanker,61,6
Chhattisgarh,Kawardha,793,1
Chhattisgarh,Kondagaon,708,15
Chhattisgarh,Korba,224,3
Chhattisgarh,Koriya,16,1
Chhattisgarh,Mahasamund,741,35
Chhattisgarh,Mungeli,61,35
Chhattisgarh,Narayanpur,208,5
Chhattisgarh,Raigarh,1151,150
Chhattisgarh,Raipur,1606,201
Chhattisgarh,Rajnandgaon,4170,130
Chhattisgarh,Sukma,105,0
Chhattisgarh,Surajpur,0,1
Chhattisgarh,Surguja,730,27
Chhattisgarh,Uttar Bastar Kanker,24,5
Dadra and Nagar Haveli,Dadra and Nagar Haveli,2,68
Daman and Diu,Daman,0,4
Daman and Diu,Diu,0,1
Delhi,Central Delhi,80,35
Delhi,East Delhi,151,128
Delhi,New Delhi,3,1
Delhi,North Delhi,17,25
Delhi,North East Delhi,224,194
Delhi,North West Delhi,381,371
Delhi,South Delhi,207,655
Delhi,South West Delhi,195,109
Delhi,West Delhi,66,294
Goa,North Goa,2,29
Goa,South Goa,1,7
Gujarat,Ahmedabad,726,114
Gujarat,Amreli,2,10
Gujarat,Anand,0,12
Gujarat,Banaskantha,2,73
Gujarat,Bharuch,2,19
Gujarat,Bhavnagar,521,58
Gujarat,Dahod,438,39
Gujarat,Gandhinagar,228,45
Gujarat,Jamnagar,83,32
Gujarat,Junagadh,78,69
Gujarat,Kachchh,1,20
Gujarat,Kheda,1,19
Gujarat,Mahesana,7,53
Gujarat,Narmada,0,4
Gujarat,Navsari,0,14
Gujarat,Panchmahals,1395,84
Gujarat,Patan,67,16
Gujarat,Porbandar,260,12
Gujarat,Rajkot,84,50
Gujarat,Sabarkantha,402,58
Gujarat,Surat,682,243
Gujarat,Surendra Nagar,6,24
Gujarat,Tapi,188,12
Gujarat,The Dangs,0,2
Gujarat,Vadodara,74,35
Gujarat,Valsad,88,41
Haryana,Ambala,26,65
Haryana,Bhiwani,28,10
Haryana,Faridabad,226,122
Haryana,Fatehabad,17,5
Haryana,Gurgaon,68,54
Haryana,Hisar,113,35
Haryana,Jhajjar,239,56
Haryana,Jind,110,44
Haryana,Kaithal,10,8
Haryana,Karnal,28,88
Haryana,Kurukshetra,3,60
Haryana,Mahendragarh,49,15
Haryana,Mewat,22,31
Haryana,Palwal,26,34
Haryana,Panchkula,2,7
Haryana,Panipat,110,28
Haryana,Rewari,98,22
Haryana,Rohtak,64,24
Haryana,Sirsa,67,15
Haryana,Sonipat,21,72
Haryana,Yamuna Nagar,17,207
Himachal Pradesh,Bilaspur,2,1
Himachal Pradesh,Chamba,7,18
Himachal Pradesh,Hamirpur,4,6
Himachal Pradesh,Kangra,324,50
Himachal Pradesh,Kinnaur,1,1
Himachal Pradesh,Kullu,3,4
Himachal Pradesh,Lahul and Spiti,2,0
Himachal Pradesh,Mandi,13,10
Himachal Pradesh,Shimla,204,100
Himachal Pradesh,Sirmaur,205,15
Himachal Pradesh,Solan,8,15
Himachal Pradesh,Una,7,18
Jammu and Kashmir,Anantnag,1,1
Jammu and Kashmir,Baramula,4,1
Jammu and Kashmir,Ganderbal,0,1
Jammu and Kashmir,Jammu,5,11
Jammu and Kashmir,Kargil,3,0
Jammu and Kashmir,Kathua,1,0
Jammu and Kashmir,Kishtwar,0,2
Jammu and Kashmir,Kupwara,0,8
Jammu and Kashmir,Pulwama,0,1
Jammu and Kashmir,Rajouri,6,0
Jammu and Kashmir,Ramban,0,1
Jammu and Kashmir,Reasi,0,2
Jammu and Kashmir,Samba,1,0
Jharkhand,Bokaro,129,110
Jharkhand,Chatra,17,59
Jharkhand,Deoghar,11,49
Jharkhand,Dhanbad,10,156
Jharkhand,Dumka,63,96
Jharkhand,East Singhbhum,7,37
Jharkhand,Garhwa,16,138
Jharkhand,Giridih,113,308
Jharkhand,Godda,18,96
Jharkhand,Gumla,45,38
Jharkhand,Hazaribagh,62,65
Jharkhand,Jamtara,6,21
Jharkhand,Khunti,9,12
Jharkhand,Koderma,21,23
Jharkhand,Latehar,4,28
Jharkhand,Lohardaga,0,22
Jharkhand,Pakur,27,54
Jharkhand,Palamu,21,229
Jharkhand,Ramgarh,25,46
Jharkhand,Ranchi,74,207
Jharkhand,Sahebganj,28,42
Jharkhand,Seraikela-Kharsawan,26,24
Jharkhand,Simdega,80,25
Jharkhand,West Singhbhum,33,46
Karnataka,Bagalkot,1092,252
Karnataka,Bangalore,195,340
Karnataka,Bangalore Rural,3,121
Karnataka,Belgaum,1459,261
Karnataka,Bellary,72,475
Karnataka,Bidar,11,221
Karnataka,Bijapur,1790,177
Karnataka,Chamrajanagar,96,11
Karnataka,Chickmagalur,342,42
Karnataka,Chikkaballapur,81,274
Karnataka,Chitradurga,356,103
Karnataka,Dakshina Kannada,912,81
Karnataka,Davangere,232,266
Karnataka,Dharwad,412,118
Karnataka,Gadag,187,65
Karnataka,Gulbarga,203,133
Karnataka,Hassan,516,108
Karnataka,Haveri,24,309
Karnataka,Kodagu,1626,160
Karnataka,Kolar,785,376
Karnataka,Koppal,472,17
Karnataka,Mandya,26,58
Karnataka,Mysore,7,74
Karnataka,Raichur,3,46
Karnataka,Ramanagar,2,7
Karnataka,Shimoga,11,15
Karnataka,Tumkur,106,117
Karnataka,Udupi,2554,31
Karnataka,Uttara Kannada,30,40
Karnataka,Yadgir,278,34
Kerala,Alappuzha,27,292
Kerala,Ernakulam,11,274
Kerala,Idukki,7,224
Kerala,Kannur,567,227
Kerala,Kasaragod,11,183
Kerala,Kollam,149,410
Kerala,Kottayam,55,113
Kerala,Kozhikode,146,453
Kerala,Malappuram,280,393
Kerala,Palakkad,53,325
Kerala,Pathanamthitta,30,208
Kerala,Thiruvananthapuram,92,765
Kerala,Thrissur,145,492
Kerala,Wayanad,8,176
Lakshadweep,Lakshadweep,0,2
Madhya Pradesh,Alirajpur,10,13
Madhya Pradesh,Anuppur,11,22
Madhya Pradesh,Ashok Nagar,11,11
Madhya Pradesh,Balaghat,47,34
Madhya Pradesh,Barwani,39,36
Madhya Pradesh,Betul,122,135
Madhya Pradesh,Bhind,64,68
Madhya Pradesh,Bhopal,134,119
Madhya Pradesh,Burhanpur,3,43
Madhya Pradesh,Chhatarpur,90,65
Madhya Pradesh,Chhindwara,324,52
Madhya Pradesh,Damoh,97,73
Madhya Pradesh,Datia,8,39
Madhya Pradesh,Dewas,4,20
Madhya Pradesh,Dhar,129,52
Madhya Pradesh,Dindori,30,26
Madhya Pradesh,Guna,108,88
Madhya Pradesh,Gwalior,21,55
Madhya Pradesh,Harda,11,20
Madhya Pradesh,Hoshangabad,9,31
Madhya Pradesh,Indore,58,139
Madhya Pradesh,Jabalpur,91,194
Madhya Pradesh,Jhabua,88,18
Madhya Pradesh,Katni,119,45
Madhya Pradesh,Khandwa,18,27
Madhya Pradesh,Khargone,356,39
Madhya Pradesh,Mandla,56,46
Madhya Pradesh,Mandsaur,99,38
Madhya Pradesh,Morena,39,15
Madhya Pradesh,Narsinghpur,30,71
Madhya Pradesh,Neemuch,55,24
Madhya Pradesh,Panna,56,105
Madhya Pradesh,Raisen,26,31
Madhya Pradesh,Rajgarh,133,32
Madhya Pradesh,Ratlam,114,45
Madhya Pradesh,Rewa,221,43
Madhya Pradesh,Sagar,226,87
Madhya Pradesh,Satna,49,51
Madhya Pradesh,Sehore,53,65
Madhya Pradesh,Seoni,85,34
Madhya Pradesh,Shahdol,57,33
Madhya Pradesh,Shajapur,8,5
Madhya Pradesh,Sheopur,34,2
Madhya Pradesh,Shivpuri,158,28
Madhya Pradesh,Sidhi,166,18
Madhya Pradesh,Singrauli,40,22
Madhya Pradesh,Tikamgarh,72,8
Madhya Pradesh,Ujjain,97,73
Madhya Pradesh,Umaria,21,9
Madhya Pradesh,Vidisha,49,34
Maharashtra,Ahmadnagar,14,356
Maharashtra,Akola,9,184
Maharashtra,Amravati,3,342
Maharashtra,Aurangabad,11,233
Maharashtra,Beed,5,117
Maharashtra,Bhandara,2,184
Maharashtra,Buldhana,8,48
Maharashtra,Chandrapur,6,65
Maharashtra,Dhule,17,90
Maharashtra,Gadchiroli,4,37
Maharashtra,Gondiya,2,87
Maharashtra,Hingoli,19,87
Maharashtra,Jalgaon,2,123
Maharashtra,Jalna,17,350
Maharashtra,Kolhapur,8,51
Maharashtra,Latur,12,73
Maharashtra,Mumbai,27,230
Maharashtra,Nagpur,29,117
Maharashtra,Nanded,49,120
Maharashtra,Nandurbar,1,74
Maharashtra,Nashik,74,255
Maharashtra,Osmanabad,12,45
Maharashtra,Palghar,1,32
Maharashtra,Parbhani,2,79
Maharashtra,Pune,64,406
Maharashtra,Raigarh,5,41
Maharashtra,Ratnagiri,7,45
Maharashtra,Sangli,6,117
Maharashtra,Satara,18,79
Maharashtra,Sindhudurg,8,6
Maharashtra,Solapur,21,177
Maharashtra,Thane,7,244
Maharashtra,Wardha,1,42
Maharashtra,Washim,19,83
Maharashtra,Yavatmal,10,174
Manipur,Bishnupur,0,1
Manipur,Chandel,1,0
Manipur,Imphal East,80,2
Manipur,Imphal West,214,0
Manipur,Senapati,2,0
Manipur,Tamenglong,5,1
Manipur,Thoubal,6,0
Meghalaya,Jaintia Hills,1,0
Meghalaya,West Garo Hills,1,0
Mizoram,Aizawl,2112,15
Mizoram,Kolasib,410,2
Mizoram,Lawngtlai,6,0
Mizoram,Lunglei,369,1
Mizoram,Mammit,140,0
Mizoram,Saiha,344,0
Nagaland,Dimapur,1,0
Nagaland,Mokokchung,0,9
Nagaland,Wokha,0,1
Nagaland,Zunheboto,0,1
Odisha,Angul,1,2
Odisha,Balangir,0,7
Odisha,Baleswar,5432,756
Odisha,Bargarh,20,12
Odisha,Bhadrak,2717,188
Odisha,Boudh,0,1
Odisha,Cuttack,6,16
Odisha,Debagarh,1,0
Odisha,Dhenkanal,78,10
Odisha,Gajapati,51,7
Odisha,Ganjam,8743,345
Odisha,Jagatsinghapur,9,3
Odisha,Jajapur,53,195
Odisha,Jharsuguda,0,1
Odisha,Kalahandi,29559,564
Odisha,Kandhamal,1,3
Odisha,Kendrapara,24,2
Odisha,Kendujhar,763,91
Odisha,Khorda,33,18
Odisha,Koraput,7307,126
Odisha,Mayurbhanj,10201,347
Odisha,Nabarangapur,11,1
Odisha,Nayagarh,8,1
Odisha,Puri,2,14
Odisha,Rayagada,9486,90
Odisha,Sambalpur,4,25
Odisha,Sonapur,0,15
Odisha,Sundergarh,2,7
Others,Others,0,39
Puducherry,Karaikal,29,32
Puducherry,Puducherry,0,28
Puducherry,Yanam,0,1
Punjab,Amritsar,81,162
Punjab,Barnala,32,94
Punjab,Bathinda,212,100
Punjab,Faridkot,102,16
Punjab,Fatehgarh Sahib,6,15
Punjab,Fazilka,96,50
Punjab,Ferozepur,65,147
Punjab,Gurdaspur,31,263
Punjab,Hoshiarpur,49,29
Punjab,Jalandhar,37,119
Punjab,Kapurthala,21,10
Punjab,Ludhiana,531,218
Punjab,Mansa,21,19
Punjab,Moga,73,129
Punjab,Pathankot,18,3
Punjab,Patiala,57,62
Punjab,Rupnagar,11,14
Punjab,SAS Nagar (Mohali),24,31
Punjab,Sangrur,41,91
Punjab,Shaheed Bhagat Singh Nagar,9,7
Punjab,Sri Muktsar Sahib,129,39
Punjab,Tarn Taran,46,161
Rajasthan,Ajmer,316,298
Rajasthan,Alwar,709,280
Rajasthan,Banswara,96,298
Rajasthan,Baran,1097,52
Rajasthan,Barmer,67,412
Rajasthan,Bharatpur,1233,252
Rajasthan,Bhilwara,603,356
Rajasthan,Bikaner,732,125
Rajasthan,Bundi,290,55
Rajasthan,Chittorgarh,375,161
Rajasthan,Churu,115,65
Rajasthan,Dausa,133,176
Rajasthan,Dholpur,148,48
Rajasthan,Dungarpur,19,24
Rajasthan,Ganganagar,387,281
Rajasthan,Hanumangarh,495,147
Rajasthan,Jaipur,760,525
Rajasthan,Jaisalmer,28,26
Rajasthan,Jalor,369,95
Rajasthan,Jhalawar,553,68
Rajasthan,Jhunjhunun,380,225
Rajasthan,Jodhpur,570,160
Rajasthan,Karauli,172,112
Rajasthan,Kota,40,64
Rajasthan,Nagaur,850,226
Rajasthan,Pali,679,145
Rajasthan,Pratapgarh,29,83
Rajasthan,Rajsamand,40,152
Rajasthan,Sawai Madhopur,419,51
Rajasthan,Sikar,1202,210
Rajasthan,Sirohi,163,156
Rajasthan,Tonk,571,126
Rajasthan,Udaipur,449,507
Sikkim,East Sikkim,9,15
Sikkim,North Sikkim,4,0
Sikkim,South Sikkim,6,5
Sikkim,West Sikkim,2,2
Tamil Nadu,Ariyalur,0,4
Tamil Nadu,Chennai,112,39
Tamil Nadu,Coimbatore,230,15
Tamil Nadu,Cuddalore,2,8
Tamil Nadu,Dharmapuri,0,18
Tamil Nadu,Dindigul,0,61
Tamil Nadu,Erode,0,103
Tamil Nadu,Kancheepuram,7642,19
Tamil Nadu,Kanniyakumari,5,7
Tamil Nadu,Karur,0,16
Tamil Nadu,Krishnagiri,1,3
Tamil Nadu,Madurai,2,6
Tamil Nadu,Nagapattinam,3,6
Tamil Nadu,Namakkal,1078,4
Tamil Nadu,Perambalur,1,1
Tamil Nadu,Pudukkottai,1,1
Tamil Nadu,Ramanathapuram,0,6
Tamil Nadu,Salem,1,9
Tamil Nadu,Sivaganga,2,3
Tamil Nadu,Thanjavur,5,22
Tamil Nadu,The Nilgiris,0,1
Tamil Nadu,Theni,0,4
Tamil Nadu,Thiruvarur,2,2
Tamil Nadu,Thoothukkudi,1,3
Tamil Nadu,Tiruchirappalli,6,59
Tamil Nadu,Tirunelveli,2,139
Tamil Nadu,Tiruppur,461,13
Tamil Nadu,Tiruvallur,17,36
Tamil Nadu,Tiruvannamalai,117,13
Tamil Nadu,Vellore,837,319
Tamil Nadu,Villupuram,374,452
Tripura,Dhalai,10,26
Tripura,Gomati,13,7
Tripura,Khowai,0,1
Tripura,North Tripura,0,15
Tripura,Sepahijala,88,5
Tripura,South Tripura,17,32
Tripura,Unakoti,5,1
Tripura,West Tripura,9,35
Uttar Pradesh,Agra,3405,374
Uttar Pradesh,Aligarh,2606,243
Uttar Pradesh,Allahabad,3085,193
Uttar Pradesh,Ambedkar Nagar,1628,77
Uttar Pradesh,Amethi,363,18
Uttar Pradesh,Amroha,1393,67
Uttar Pradesh,Auraiya,193,130
Uttar Pradesh,Azamgarh,1215,115
Uttar Pradesh,Baghpat,722,166
Uttar Pradesh,Bahraich,25,52
Uttar Pradesh,Ballia,4869,197
Uttar Pradesh,Balrampur,63,6
Uttar Pradesh,Banda,1213,18
Uttar Pradesh,Bara Banki,2515,412
Uttar Pradesh,Bareilly,1313,245
Uttar Pradesh,Basti,3354,652
Uttar Pradesh,Bijnor,2323,190
Uttar Pradesh,Budaun,849,64
Uttar Pradesh,Bulandshahr,592,39
Uttar Pradesh,Chandauli,173,40
Uttar Pradesh,Chitrakoot,17,13
Uttar Pradesh,Deoria,1377,101
Uttar Pradesh,Etah,627,81
Uttar Pradesh,Etawah,144,56
Uttar Pradesh,Faizabad,507,75
Uttar Pradesh,Farrukhabad,1540,21
Uttar Pradesh,Fatehpur,1444,13
Uttar Pradesh,Firozabad,834,115
Uttar Pradesh,Gautam Buddha Nagar,465,89
Uttar Pradesh,Ghaziabad,1660,203
Uttar Pradesh,Ghazipur,818,75
Uttar Pradesh,Gonda,155,124
Uttar Pradesh,Gorakhpur,1174,96
Uttar Pradesh,Hamirpur,23,9
Uttar Pradesh,Hapur,2,98
Uttar Pradesh,Hardoi,209,27
Uttar Pradesh,Hathras,310,35
Uttar Pradesh,Jalaun,133,16
Uttar Pradesh,Jaunpur,3485,100
Uttar Pradesh,Jhansi,459,45
Uttar Pradesh,Kannauj,468,20
Uttar Pradesh,Kanpur Dehat,779,96
Uttar Pradesh,Kanpur Nagar,1553,460
Uttar Pradesh,Kasganj,12,66
Uttar Pradesh,Kaushambi,257,23
Uttar Pradesh,Kheri,2764,132
Uttar Pradesh,Kushinagar,929,109
Uttar Pradesh,Lalitpur,136,21
Uttar Pradesh,Lucknow,1573,288
Uttar Pradesh,Maharajganj,517,48
Uttar Pradesh,Mahoba,8,1
Uttar Pradesh,Mainpuri,57,40
Uttar Pradesh,Mathura,821,85
Uttar Pradesh,Mau,952,23
Uttar Pradesh,Meerut,429,148
Uttar Pradesh,Mirzapur,23064,578
Uttar Pradesh,Moradabad,542,156
Uttar Pradesh,Muzaffarnagar,3930,147
Uttar Pradesh,Pilibhit,2036,127
Uttar Pradesh,Pratapgarh,5730,189
Uttar Pradesh,Rae Bareli,130,99
Uttar Pradesh,Rampur,1391,165
Uttar Pradesh,Saharanpur,1057,113
Uttar Pradesh,Sambhal,1707,74
Uttar Pradesh,Sant Kabir Nagar,53,16
Uttar Pradesh,Sant Ravidas Nagar,753,44
Uttar Pradesh,Shahjahanpur,2008,133
Uttar Pradesh,Shamli,289,35
Uttar Pradesh,Shrawasti,10,9
Uttar Pradesh,Siddharthnagar,1201,168
Uttar Pradesh,Sitapur,2313,518
Uttar Pradesh,Sonbhadra,470,34
Uttar Pradesh,Sultanpur,1575,50
Uttar Pradesh,Unnao,1622,112
Uttar Pradesh,Varanasi,1273,154
Uttarakhand,Almora,136,7
Uttarakhand,Bageshwar,7,0
Uttarakhand,Chamoli,6,2
Uttarakhand,Champawat,2,1
Uttarakhand,Dehradun,463,94
Uttarakhand,Haridwar,127,31
Uttarakhand,Nainital,1372,41
Uttarakhand,Pauri Garhwal,230,12
Uttarakhand,Pithoragarh,294,10
Uttarakhand,Rudraprayag,2,2
Uttarakhand,Tehri Garhwal,21,18
Uttarakhand,Udham Singh Nagar,802,290
Uttarakhand,Uttarkashi,0,1
West Bengal,Bankura,6621,572
West Bengal,Barddhaman,4413,782
West Bengal,Birbhum,1915,111
West Bengal,Cooch Behar,9,63
West Bengal,Dakshin Dinajpur,12,7
West Bengal,Darjeeling,8,4
West Bengal,Hooghly,472,28
West Bengal,Howrah,5,15
West Bengal,Jalpaiguri,9,20
West Bengal,Kolkata,12,23
West Bengal,Malda,5,9
West Bengal,Murshidabad,23,8
West Bengal,Nadia,24,28
West Bengal,North 24 Parganas,144,264
West Bengal,Paschim Medinipur,23497,482
West Bengal,Purba Medinipur,144,47
West Bengal,Puruliya,609,345
West Bengal,South 24 Parganas,18303,150
West Bengal,Uttar Dinajpur,63,25
