State,District,Aadhaar generated,Enrolment Rejected
Andaman and Nicobar Islands,North And Middle Andaman,1,0
Andhra Pradesh,Adilabad,256,50
Andhra Pradesh,Ananthapur,778,207
Andhra Pradesh,Chittoor,517,121
Andhra Pradesh,Cuddapah,200,54
Andhra Pradesh,East Godavari,571,85
Andhra Pradesh,Guntur,310,81
Andhra Pradesh,Hyderabad,395,64
Andhra Pradesh,K.v. Rangareddy,580,134
Andhra Pradesh,Karimnagar,700,106
Andhra Pradesh,Khammam,347,45
Andhra Pradesh,Krishna,403,67
Andhra Pradesh,Kurnool,873,215
Andhra Pradesh,Mahabubnagar,908,192
Andhra Pradesh,Medak,237,107
Andhra Pradesh,Nalgonda,808,167
Andhra Pradesh,Nellore,571,242
Andhra Pradesh,Nizamabad,686,176
Andhra Pradesh,Prakasam,279,72
Andhra Pradesh,Srikakulam,61,9
Andhra Pradesh,Visakhapatnam,205,88
Andhra Pradesh,Vizianagaram,66,92
Andhra Pradesh,Warangal,846,94
Andhra Pradesh,West Godavari,414,61
Arunachal Pradesh,Changlang,4,0
Arunachal Pradesh,Lohit,1,0
Arunachal Pradesh,Papum Pare,5,0
Arunachal Pradesh,Tawang,40,0
Arunachal Pradesh,Tirap,1,0
Arunachal Pradesh,West Kameng,3,0
Assam,Baksa,1,0
Assam,Barpeta,5,0
Assam,Cachar,3,2
Assam,Dhemaji,1,0
Assam,Dibrugarh,1,0
Assam,Goalpara,1,0
Assam,Golaghat,23,3
Assam,Hailakandi,0,1
Assam,Kamrup,7,2
Assam,Kamrup Metro,1,0
Assam,Karbi Anglong,3,0
Assam,Karimganj,3,0
Assam,Lakhimpur,3,0
Assam,Marigaon,4,0
Assam,Nagaon,1,0
Assam,Sibsagar,1,0
Assam,Sonitpur,160,0
Assam,Udalguri,3,0
Bihar,Araria,597,19
Bihar,Arwal,27,5
Bihar,Aurangabad,541,54
Bihar,Banka,274,37
Bihar,Begusarai,1791,86
Bihar,Bhagalpur,1629,53
Bihar,Bhojpur,728,28
Bihar,Buxar,196,34
Bihar,Darbhanga,47,5
Bihar,East Champaran,1901,167
Bihar,Gaya,3117,196
Bihar,Gopalganj,1700,42
Bihar,Jamui,1225,63
Bihar,Jehanabad,387,8
Bihar,Kaimur (Bhabua),143,5
Bihar,Katihar,525,16
Bihar,Khagaria,650,6
Bihar,Kishanganj,1681,94
Bihar,Lakhisarai,45,3
Bihar,Madhepura,753,21
Bihar,Madhubani,871,41
Bihar,Munger,419,15
Bihar,Muzaffarpur,1801,108
Bihar,Nalanda,647,39
Bihar,Nawada,654,8
Bihar,Patna,1684,220
Bihar,Purnia,1027,86
Bihar,Rohtas,368,16
Bihar,Saharsa,279,14
Bihar,Samastipur,1370,65
Bihar,Saran,2656,166
Bihar,Sheikhpura,220,10
Bihar,Sheohar,12,1
Bihar,Sitamarhi,1915,53
Bihar,Siwan,2079,82
Bihar,Supaul,599,16
Bihar,Vaishali,844,66
Bihar,West Champaran,2942,215
Chandigarh,Chandigarh,17,4
Chhattisgarh,Balod,430,9
Chhattisgarh,Baloda Bazar,799,24
Chhattisgarh,Balrampur,13,0
Chhattisgarh,Bastar,251,16
Chhattisgarh,Bemetara,71,4
Chhattisgarh,Bilaspur,735,51
Chhattisgarh,Dakshin Bastar Dantewada,29,0
Chhattisgarh,Dhamtari,2,0
Chhattisgarh,Durg,349,66
Chhattisgarh,Gariyaband,31,0
Chhattisgarh,Janjgir-champa,843,13
Chhattisgarh,Jashpur,5,0
Chhattisgarh,Kanker,25,3
Chhattisgarh,Kawardha,4,0
Chhattisgarh,Kondagaon,793,29
Chhattisgarh,Korba,162,4
Chhattisgarh,Koriya,9,0
Chhattisgarh,Mahasamund,242,39
Chhattisgarh,Mungeli,230,10
Chhattisgarh,Narayanpur,1,15
Chhattisgarh,Raigarh,1055,384
Chhattisgarh,Raipur,2692,183
Chhattisgarh,Rajnandgaon,1179,112
Chhattisgarh,Sukma,2,1
Chhattisgarh,Surajpur,0,1
Chhattisgarh,Surguja,382,4
Chhattisgarh,Uttar Bastar Kanker,97,6
Dadra and Nagar Haveli,Dadra and Nagar Haveli,17,0
Daman and Diu,Daman,4,0
Delhi,Central Delhi,43,8
Delhi,East Delhi,112,11
Delhi,New Delhi,4,1
Delhi,North Delhi,18,5
Delhi,North East Delhi,361,36
Delhi,North West Delhi,199,26
Delhi,South Delhi,145,33
Delhi,South West Delhi,121,26
Delhi,West Delhi,102,18
Goa,North Goa,2,4
Goa,South Goa,5,2
Gujarat,Ahmedabad,518,227
Gujarat,Amreli,17,4
Gujarat,Anand,25,18
Gujarat,Banaskantha,121,23
Gujarat,Bharuch,33,3
Gujarat,Bhavnagar,1361,79
Gujarat,Dahod,29,16
Gujarat,Gandhinagar,50,8
Gujarat,Jamnagar,417,8
Gujarat,Junagadh,120,11
Gujarat,Kachchh,86,3
Gujarat,Kheda,11,1
Gujarat,Mahesana,23,2
Gujarat,Narmada,2,1
Gujarat,Navsari,24,5
Gujarat,Panchmahals,52,21
Gujarat,Patan,70,4
Gujarat,Porbandar,1,0
Gujarat,Rajkot,77,12
Gujarat,Sabarkantha,415,30
Gujarat,Surat,797,81
Gujarat,Surendra Nagar,53,40
Gujarat,Tapi,140,8
Gujarat,The Dangs,74,10
Gujarat,Vadodara,128,15
Gujarat,Valsad,64,12
Haryana,Ambala,21,4
Haryana,Bhiwani,131,27
Haryana,Faridabad,147,22
Haryana,Fatehabad,7,1
Haryana,Gurgaon,50,9
Haryana,Hisar,70,9
Haryana,Jhajjar,14,6
Haryana,Jind,143,20
Haryana,Kaithal,330,10
Haryana,Karnal,43,5
Haryana,Kurukshetra,23,5
Haryana,Mahendragarh,43,5
Haryana,Mewat,141,17
Haryana,Palwal,112,8
Haryana,Panchkula,7,1
Haryana,Panipat,101,3
Haryana,Rewari,8,2
Haryana,Rohtak,15,4
Haryana,Sirsa,33,8
Haryana,Sonipat,29,3
Haryana,Yamuna Nagar,34,26
Himachal Pradesh,Bilaspur,3,2
Himachal Pradesh,Chamba,20,2
Himachal Pradesh,Hamirpur,2,2
Himachal Pradesh,Kangra,20,0
Himachal Pradesh,Kullu,1,0
Himachal Pradesh,Mandi,8,1
Himachal Pradesh,Shimla,59,32
Himachal Pradesh,Sirmaur,4,0
Himachal Pradesh,Solan,20,3
Himachal Pradesh,Una,2,0
Jammu and Kashmir,Anantnag,10,2
Jammu and Kashmir,Bandipore,53,0
Jammu and Kashmir,Baramula,51,0
Jammu and Kashmir,Doda,4,0
Jammu and Kashmir,Ganderbal,1,2
Jammu and Kashmir,Jammu,625,5
Jammu and Kashmir,Kathua,912,1
Jammu and Kashmir,Kishtwar,0,5
Jammu and Kashmir,Kupwara,5963,142
Jammu and Kashmir,Rajouri,1,0
Jammu and Kashmir,Ramban,0,1
Jammu and Kashmir,Samba,2,0
Jammu and Kashmir,Shupiyan,0,2
Jammu and Kashmir,Srinagar,10,1
Jammu and Kashmir,Udhampur,427,2
Jharkhand,Bokaro,52,13
Jharkhand,Chatra,32,18
Jharkhand,Deoghar,111,13
Jharkhand,Dhanbad,142,18
Jharkhand,Dumka,23,6
Jharkhand,East Singhbhum,58,12
Jharkhand,Garhwa,58,22
Jharkhand,Giridih,379,46
Jharkhand,Godda,76,11
Jharkhand,Gumla,16,7
Jharkhand,Hazaribagh,51,7
Jharkhand,Jamtara,18,2
Jharkhand,Khunti,8,5
Jharkhand,Koderma,28,24
Jharkhand,Latehar,15,1
Jharkhand,Lohardaga,8,2
Jharkhand,Pakur,61,16
Jharkhand,Palamu,86,28
Jharkhand,Ramgarh,7,3
Jharkhand,Ranchi,145,14
Jharkhand,Sahebganj,29,7
Jharkhand,Seraikela-Kharsawan,9,16
Jharkhand,Simdega,18,6
Jharkhand,West Singhbhum,14,40
Karnataka,Bagalkot,42,16
Karnataka,Bangalore,103,30
Karnataka,Bangalore Rural,3,1
Karnataka,Belgaum,132,7
Karnataka,Bellary,75,12
Karnataka,Bidar,307,19
Karnataka,Bijapur,138,69
Karnataka,Chamrajanagar,56,4
Karnataka,Chickmagalur,38,11
Karnataka,Chikkaballapur,58,2
Karnataka,Chitradurga,476,23
Karnataka,Dakshina Kannada,18,2
Karnataka,Davangere,864,75
Karnataka,Dharwad,117,7
Karnataka,Gadag,10,2
Karnataka,Gulbarga,540,55
Karnataka,Hassan,68,24
Karnataka,Haveri,888,117
Karnataka,Kodagu,74,39
Karnataka,Kolar,119,36
Karnataka,Koppal,9,9
Karnataka,Mandya,37,34
Karnataka,Mysore,22,3
Karnataka,Raichur,29,2
Karnataka,Ramanagar,28,0
Karnataka,Shimoga,57,19
Karnataka,Tumkur,76,11
Karnataka,Udupi,39,1
Karnataka,Uttara Kannada,174,6
Karnataka,Yadgir,38,32
Kerala,Alappuzha,38,7
Kerala,Ernakulam,85,13
Kerala,Idukki,9,2
Kerala,Kannur,46,2
Kerala,Kasaragod,113,5
Kerala,Kollam,62,7
Kerala,Kottayam,86,7
Kerala,Kozhikode,65,5
Kerala,Malappuram,85,6
Kerala,Palakkad,57,4
Kerala,Pathanamthitta,55,4
Kerala,Thiruvananthapuram,93,2
Kerala,Thrissur,101,2
Kerala,Wayanad,13,2
Lakshadweep,Lakshadweep,1,0
Madhya Pradesh,Alirajpur,56,13
Madhya Pradesh,Anuppur,28,14
Madhya Pradesh,Ashok Nagar,47,11
Madhya Pradesh,Balaghat,177,6
Madhya Pradesh,Barwani,179,34
Madhya Pradesh,Betul,34,16
Madhya Pradesh,Bhind,105,5
Madhya Pradesh,Bhopal,26,22
Madhya Pradesh,Chhatarpur,41,10
Madhya Pradesh,Chhindwara,104,12
Madhya Pradesh,Damoh,43,12
Madhya Pradesh,Datia,33,5
Madhya Pradesh,Dewas,80,10
Madhya Pradesh,Dhar,208,23
Madhya Pradesh,Dindori,18,0
Madhya Pradesh,Guna,43,16
Madhya Pradesh,Gwalior,100,32
Madhya Pradesh,Harda,9,2
Madhya Pradesh,Hoshangabad,7,3
Madhya Pradesh,Indore,542,52
Madhya Pradesh,Jabalpur,49,33
Madhya Pradesh,Jhabua,43,12
Madhya Pradesh,Katni,54,4
Madhya Pradesh,Khandwa,41,8
Madhya Pradesh,Khargone,148,11
Madhya Pradesh,Mandla,34,13
Madhya Pradesh,Mandsaur,180,19
Madhya Pradesh,Morena,66,17
Madhya Pradesh,Narsinghpur,62,7
Madhya Pradesh,Neemuch,4,0
Madhya Pradesh,Panna,10,1
Madhya Pradesh,Raisen,258,16
Madhya Pradesh,Rajgarh,56,10
Madhya Pradesh,Ratlam,53,20
Madhya Pradesh,Rewa,79,10
Madhya Pradesh,Sagar,59,10
Madhya Pradesh,Satna,128,28
Madhya Pradesh,Sehore,21,9
Madhya Pradesh,Seoni,80,18
Madhya Pradesh,Shahdol,25,5
Madhya Pradesh,Shajapur,11,5
Madhya Pradesh,Sheopur,9,1
Madhya Pradesh,Shivpuri,332,23
Madhya Pradesh,Sidhi,41,2
Madhya Pradesh,Singrauli,30,7
Madhya Pradesh,Tikamgarh,99,16
Madhya Pradesh,Ujjain,60,11
Madhya Pradesh,Umaria,4,1
Madhya Pradesh,Vidisha,21,5
Maharashtra,Ahmadnagar,100,20
Maharashtra,Akola,63,13
Maharashtra,Amravati,46,5
Maharashtra,Aurangabad,95,16
Maharashtra,Beed,122,11
Maharashtra,Bhandara,41,7
Maharashtra,Buldhana,252,17
Maharashtra,Chandrapur,24,2
Maharashtra,Dhule,86,1
Maharashtra,Gadchiroli,64,2
Maharashtra,Gondiya,18,4
Maharashtra,Hingoli,63,8
Maharashtra,Jalgaon,62,15
Maharashtra,Jalna,73,12
Maharashtra,Kolhapur,142,3
Maharashtra,Latur,65,5
Maharashtra,Mumbai,98,15
Maharashtra,Nagpur,61,9
Maharashtra,Nanded,232,27
Maharashtra,Nandurbar,112,16
Maharashtra,Nashik,258,53
Maharashtra,Osmanabad,66,5
Maharashtra,Palghar,71,77
Maharashtra,Parbhani,256,22
Maharashtra,Pune,247,25
Maharashtra,Raigarh,104,1
Maharashtra,Ratnagiri,127,10
Maharashtra,Sangli,29,1
Maharashtra,Satara,65,3
Maharashtra,Sindhudurg,225,5
Maharashtra,Solapur,238,28
Maharashtra,Thane,119,23
Maharashtra,Wardha,18,0
Maharashtra,Washim,89,6
Maharashtra,Yavatmal,230,9
Manipur,Bishnupur,3,0
Manipur,Chandel,1,0
Manipur,Imphal East,59,0
Manipur,Imphal West,171,0
Manipur,Senapati,1,0
Manipur,Tamenglong,12,0
Manipur,Thoubal,5,0
Meghalaya,East Khasi Hills,226,0
Mizoram,Aizawl,152,64
Mizoram,Lawngtlai,14,3
Mizoram,Lunglei,3,0
Mizoram,Mammit,3,2
Mizoram,Serchhip,1,0
Nagaland,Dimapur,4,0
Nagaland,Kohima,4,1
Nagaland,Mon,1,1
Nagaland,Tuensang,0,1
Nagaland,Wokha,1,0
Odisha,Angul,1,0
Odisha,Balangir,6,1
Odisha,Baleswar,4,0
Odisha,Bargarh,5,0
Odisha,Bhadrak,6,0
Odisha,Boudh,0,1
Odisha,Cuttack,2,0
Odisha,Debagarh,1,4
Odisha,Dhenkanal,3,0
Odisha,Gajapati,1,0
Odisha,Ganjam,546,348
Odisha,Jagatsinghapur,2,0
Odisha,Jajapur,7,3
Odisha,Jharsuguda,1,0
Odisha,Kalahandi,346,3
Odisha,Kandhamal,1,72
Odisha,Kendrapara,10,2
Odisha,Kendujhar,37,2
Odisha,Khorda,6,0
Odisha,Koraput,425,5
Odisha,Mayurbhanj,8,18
Odisha,Nabarangapur,21,1
Odisha,Nuapada,1,0
Odisha,Puri,7,2
Odisha,Rayagada,265,4
Odisha,Sambalpur,777,16
Odisha,Sonapur,11,13
Odisha,Sundergarh,1565,314
Others,Others,5,2
Puducherry,Karaikal,21,5
Puducherry,Puducherry,30,4
Punjab,Amritsar,217,31
Punjab,Barnala,27,32
Punjab,Bathinda,75,20
Punjab,Faridkot,11,0
Punjab,Fatehgarh Sahib,18,2
Punjab,Fazilka,44,26
Punjab,Ferozepur,60,16
Punjab,Gurdaspur,36,4
Punjab,Hoshiarpur,76,7
Punjab,Jalandhar,105,8
Punjab,Kapurthala,75,3
Punjab,Ludhiana,491,79
Punjab,Mansa,27,8
Punjab,Moga,49,4
Punjab,Pathankot,22,0
Punjab,Patiala,36,15
Punjab,Rupnagar,7,6
Punjab,SAS Nagar (Mohali),16,0
Punjab,Sangrur,30,4
Punjab,Shaheed Bhagat Singh Nagar,56,2
Punjab,Sri Muktsar Sahib,83,24
Punjab,Tarn Taran,56,16
Rajasthan,Ajmer,169,95
Rajasthan,Alwar,561,79
Rajasthan,Banswara,241,15
Rajasthan,Baran,168,19
Rajasthan,Barmer,837,59
Rajasthan,Bharatpur,2702,99
Rajasthan,Bhilwara,806,93
Rajasthan,Bikaner,134,26
Rajasthan,Bundi,63,16
Rajasthan,Chittorgarh,483,32
Rajasthan,Churu,501,102
Rajasthan,Dausa,329,72
Rajasthan,Dholpur,371,11
Rajasthan,Dungarpur,411,21
Rajasthan,Ganganagar,288,28
Rajasthan,Hanumangarh,565,62
Rajasthan,Jaipur,1129,155
Rajasthan,Jaisalmer,221,2
Rajasthan,Jalor,84,69
Rajasthan,Jhalawar,175,48
Rajasthan,Jhunjhunun,188,77
Rajasthan,Jodhpur,350,216
Rajasthan,Karauli,626,10
Rajasthan,Kota,165,81
Rajasthan,Nagaur,615,70
Rajasthan,Pali,251,158
Rajasthan,Pratapgarh,69,15
Rajasthan,Rajsamand,613,39
Rajasthan,Sawai Madhopur,473,23
Rajasthan,Sikar,402,34
Rajasthan,Sirohi,961,86
Rajasthan,Tonk,534,66
Rajasthan,Udaipur,323,89
Sikkim,East Sikkim,10,0
Sikkim,West Sikkim,5,0
Tamil Nadu,Chennai,179,36
Tamil Nadu,Coimbatore,767,16
Tamil Nadu,Cuddalore,10,0
Tamil Nadu,Dharmapuri,20,1
Tamil Nadu,Dindigul,42,9
Tamil Nadu,Erode,530,118
Tamil Nadu,Kancheepuram,46,3
Tamil Nadu,Kanniyakumari,12,0
Tamil Nadu,Karur,6,1
Tamil Nadu,Krishnagiri,25,1
Tamil Nadu,Madurai,151,1
Tamil Nadu,Nagapattinam,25,0
Tamil Nadu,Namakkal,7,0
Tamil Nadu,Perambalur,6,0
Tamil Nadu,Ramanathapuram,4,2
Tamil Nadu,Salem,37,1
Tamil Nadu,Sivaganga,3,0
Tamil Nadu,Thanjavur,7,0
Tamil Nadu,The Nilgiris,65,3
Tamil Nadu,Theni,16,0
Tamil Nadu,Thiruvarur,4,0
Tamil Nadu,Thoothukkudi,35,2
Tamil Nadu,Tiruchirappalli,36,4
Tamil Nadu,Tirunelveli,88,69
Tamil Nadu,Tiruppur,203,44
Tamil Nadu,Tiruvallur,787,481
Tamil Nadu,Tiruvannamalai,1648,262
Tamil Nadu,Vellore,2625,341
Tamil Nadu,Villupuram,210,60
Tamil Nadu,Virudhunagar,8,0
Tripura,Dhalai,6,0
Tripura,Gomati,16,1
Tripura,Khowai,8,1
Tripura,North Tripura,2,2
Tripura,Sepahijala,4,2
Tripura,South Tripura,9,2
Tripura,Unakoti,49,2
Tripura,West Tripura,22,3
Uttar Pradesh,Agra,2825,341
Uttar Pradesh,Aligarh,2177,112
Uttar Pradesh,Allahabad,5777,215
Uttar Pradesh,Ambedkar Nagar,1451,52
Uttar Pradesh,Amethi,46,1
Uttar Pradesh,Amroha,811,90
Uttar Pradesh,Auraiya,700,61
Uttar Pradesh,Azamgarh,364,86
Uttar Pradesh,Baghpat,2440,182
Uttar Pradesh,Bahraich,37,22
Uttar Pradesh,Ballia,2603,330
Uttar Pradesh,Balrampur,78,6
Uttar Pradesh,Banda,103,13
Uttar Pradesh,Bara Banki,4217,163
Uttar Pradesh,Bareilly,1936,177
Uttar Pradesh,Basti,1107,86
Uttar Pradesh,Bijnor,7680,369
Uttar Pradesh,Budaun,504,31
Uttar Pradesh,Bulandshahr,1133,103
Uttar Pradesh,Chandauli,1170,67
Uttar Pradesh,Chitrakoot,18,7
Uttar Pradesh,Deoria,2549,291
Uttar Pradesh,Etah,1261,111
Uttar Pradesh,Etawah,192,32
Uttar Pradesh,Faizabad,900,62
Uttar Pradesh,Farrukhabad,249,11
Uttar Pradesh,Fatehpur,185,29
Uttar Pradesh,Firozabad,3612,87
Uttar Pradesh,Gautam Buddha Nagar,324,36
Uttar Pradesh,Ghaziabad,1964,217
Uttar Pradesh,Ghazipur,1552,55
Uttar Pradesh,Gonda,953,110
Uttar Pradesh,Gorakhpur,1762,120
Uttar Pradesh,Hamirpur,282,10
Uttar Pradesh,Hapur,720,20
Uttar Pradesh,Hardoi,496,97
Uttar Pradesh,Hathras,633,51
Uttar Pradesh,Jalaun,155,20
Uttar Pradesh,Jaunpur,1596,93
Uttar Pradesh,Jhansi,1065,103
Uttar Pradesh,Kannauj,1052,155
Uttar Pradesh,Kanpur Dehat,817,79
Uttar Pradesh,Kanpur Nagar,2431,270
Uttar Pradesh,Kasganj,400,44
Uttar Pradesh,Kaushambi,561,18
Uttar Pradesh,Kheri,2425,145
Uttar Pradesh,Kushinagar,2491,148
Uttar Pradesh,Lalitpur,757,33
Uttar Pradesh,Lucknow,3193,1257
Uttar Pradesh,Maharajganj,286,22
Uttar Pradesh,Mahoba,6,0
Uttar Pradesh,Mainpuri,476,83
Uttar Pradesh,Mathura,987,70
Uttar Pradesh,Mau,503,41
Uttar Pradesh,Meerut,2969,355
Uttar Pradesh,Mirzapur,753,36
Uttar Pradesh,Moradabad,2665,270
Uttar Pradesh,Muzaffarnagar,2347,119
Uttar Pradesh,Pilibhit,1787,95
Uttar Pradesh,Pratapgarh,1413,186
Uttar Pradesh,Rae Bareli,323,20
Uttar Pradesh,Rampur,1271,108
Uttar Pradesh,Saharanpur,2521,182
Uttar Pradesh,Sambhal,1762,75
Uttar Pradesh,Sant Kabir Nagar,20,4
Uttar Pradesh,Sant Ravidas Nagar,257,39
Uttar Pradesh,Shahjahanpur,464,54
Uttar Pradesh,Shamli,2078,65
Uttar Pradesh,Shrawasti,114,7
Uttar Pradesh,Siddharthnagar,183,23
Uttar Pradesh,Sitapur,3231,210
Uttar Pradesh,Sonbhadra,236,40
Uttar Pradesh,Sultanpur,1752,138
Uttar Pradesh,Unnao,1162,128
Uttar Pradesh,Varanasi,1918,129
Uttarakhand,Almora,40,4
Uttarakhand,Bageshwar,10,2
Uttarakhand,Chamoli,8,0
Uttarakhand,Champawat,13,1
Uttarakhand,Dehradun,182,45
Uttarakhand,Haridwar,72,13
Uttarakhand,Nainital,1493,56
Uttarakhand,Pauri Garhwal,95,7
Uttarakhand,Pithoragarh,14,0
Uttarakhand,Rudraprayag,4,0
Uttarakhand,Tehri Garhwal,34,22
Uttarakhand,Udham Singh Nagar,208,18
Uttarakhand,Uttarkashi,2,2
West Bengal,Bankura,12087,860
West Bengal,Barddhaman,5117,208
West Bengal,Birbhum,5316,242
West Bengal,Cooch Behar,2,0
West Bengal,Dakshin Dinajpur,14,2
West Bengal,Darjeeling,40,0
West Bengal,Hooghly,241,50
West Bengal,Howrah,5,4
West Bengal,Jalpaiguri,302,81
West Bengal,Kolkata,25,2
West Bengal,Malda,28,7
West Bengal,Murshidabad,36,5
West Bengal,Nadia,406,11
West Bengal,North 24 Parganas,7554,79
West Bengal,Paschim Medinipur,6844,3008
West Bengal,Purba Medinipur,275,216
West Bengal,Puruliya,4388,692
West Bengal,South 24 Parganas,6833,1003
West Bengal,Uttar Dinajpur,42,2
