State,District,Aadhaar generated,Enrolment Rejected
Andhra Pradesh,Adilabad,14,0
Andhra Pradesh,Ananthapur,306,0
Andhra Pradesh,Chittoor,94,0
Andhra Pradesh,Cuddapah,118,0
Andhra Pradesh,East Godavari,39,0
Andhra Pradesh,Guntur,93,0
Andhra Pradesh,Hyderabad,244,0
Andhra Pradesh,K.v. Rangareddy,404,0
Andhra Pradesh,Karimnagar,702,0
Andhra Pradesh,Khammam,445,0
Andhra Pradesh,Krishna,80,0
Andhra Pradesh,Kurnool,216,0
Andhra Pradesh,Mahabubnagar,560,0
Andhra Pradesh,Medak,262,0
Andhra Pradesh,Nalgonda,62,0
Andhra Pradesh,Nellore,84,0
Andhra Pradesh,Nizamabad,273,0
Andhra Pradesh,Prakasam,111,0
Andhra Pradesh,Srikakulam,38,0
Andhra Pradesh,Visakhapatnam,106,0
Andhra Pradesh,Vizianagaram,107,0
Andhra Pradesh,Warangal,349,0
Andhra Pradesh,West Godavari,186,0
Arunachal Pradesh,Papum Pare,1,0
Assam,Barpeta,2,0
Assam,Cachar,2,0
Assam,Dhemaji,1,0
Assam,Golaghat,2,0
Assam,Lakhimpur,1,0
Assam,Nagaon,139,0
Assam,Sibsagar,1,0
Assam,Sonitpur,105,0
Assam,Udalguri,3,0
Bihar,Araria,81,0
Bihar,Arwal,6,0
Bihar,Aurangabad,1016,0
Bihar,Banka,514,0
Bihar,Begusarai,247,0
Bihar,Bhagalpur,1098,0
Bihar,Bhojpur,194,0
Bihar,Buxar,575,0
Bihar,Darbhanga,27,0
Bihar,East Champaran,566,0
Bihar,Gaya,1099,0
Bihar,Gopalganj,216,0
Bihar,Jamui,74,0
Bihar,Jehanabad,64,0
Bihar,Kaimur (Bhabua),280,0
Bihar,Katihar,17,0
Bihar,Khagaria,422,0
Bihar,Kishanganj,46,0
Bihar,Lakhisarai,122,0
Bihar,Madhepura,158,0
Bihar,Madhubani,486,0
Bihar,Munger,270,0
Bihar,Muzaffarpur,804,0
Bihar,Nalanda,146,0
Bihar,Nawada,122,0
Bihar,Patna,2476,0
Bihar,Purnia,793,0
Bihar,Rohtas,255,0
Bihar,Saharsa,56,0
Bihar,Samastipur,228,0
Bihar,Saran,838,0
Bihar,Sheikhpura,5,0
Bihar,Sheohar,2,0
Bihar,Sitamarhi,468,0
Bihar,Siwan,371,0
Bihar,Supaul,38,0
Bihar,Vaishali,1406,0
Bihar,West Champaran,832,0
Chandigarh,Chandigarh,5,0
Chhattisgarh,Balod,367,0
Chhattisgarh,Baloda Bazar,496,0
Chhattisgarh,Balrampur,3,0
Chhattisgarh,Bastar,35,0
Chhattisgarh,Bemetara,13,0
Chhattisgarh,Bilaspur,2051,0
Chhattisgarh,Dhamtari,3,0
Chhattisgarh,Durg,276,0
Chhattisgarh,Janjgir-champa,10,0
Chhattisgarh,Jashpur,9,0
Chhattisgarh,Kanker,96,0
Chhattisgarh,Kawardha,9,0
Chhattisgarh,Kondagaon,105,0
Chhattisgarh,Korba,4,0
Chhattisgarh,Koriya,3,0
Chhattisgarh,Mahasamund,254,0
Chhattisgarh,Mungeli,536,0
Chhattisgarh,Narayanpur,1,0
Chhattisgarh,Raigarh,106,0
Chhattisgarh,Raipur,360,0
Chhattisgarh,Rajnandgaon,1088,0
Chhattisgarh,Sukma,12,0
Chhattisgarh,Surajpur,1,0
Chhattisgarh,Surguja,241,0
Chhattisgarh,Uttar Bastar Kanker,193,0
Dadra and Nagar Haveli,Dadra and Nagar Haveli,15,0
Daman and Diu,Daman,1,0
Delhi,Central Delhi,28,0
Delhi,East Delhi,15,0
Delhi,New Delhi,4,0
Delhi,North Delhi,18,0
Delhi,North East Delhi,68,0
Delhi,North West Delhi,79,0
Delhi,South Delhi,51,0
Delhi,South West Delhi,58,0
Delhi,West Delhi,82,0
Gujarat,Ahmedabad,144,0
Gujarat,Amreli,1,0
Gujarat,Anand,25,0
Gujarat,Banaskantha,169,0
Gujarat,Bharuch,7,0
Gujarat,Bhavnagar,329,0
Gujarat,Dahod,18,0
Gujarat,Gandhinagar,14,0
Gujarat,Jamnagar,146,0
Gujarat,Junagadh,107,0
Gujarat,Kachchh,55,0
Gujarat,Kheda,1,0
Gujarat,Mahesana,1,0
Gujarat,Navsari,4,0
Gujarat,Panchmahals,7,0
Gujarat,Patan,16,0
Gujarat,Porbandar,13,0
Gujarat,Rajkot,50,0
Gujarat,Sabarkantha,34,0
Gujarat,Surat,66,0
Gujarat,Surendra Nagar,144,0
Gujarat,Tapi,1,0
Gujarat,The Dangs,2,0
Gujarat,Vadodara,77,0
Gujarat,Valsad,28,0
Haryana,Ambala,2,0
Haryana,Bhiwani,4,0
Haryana,Faridabad,27,0
Haryana,Gurgaon,8,0
Haryana,Hisar,23,0
Haryana,Jhajjar,30,0
Haryana,Jind,2,0
Haryana,Kaithal,1,0
Haryana,Karnal,18,0
Haryana,Kurukshetra,1,0
Haryana,Mahendragarh,1,0
Haryana,Mewat,5,0
Haryana,Palwal,1,0
Haryana,Panipat,8,0
Haryana,Rewari,1,0
Haryana,Rohtak,5,0
Haryana,Sirsa,13,0
Haryana,Sonipat,6,0
Haryana,Yamuna Nagar,4,0
Himachal Pradesh,Bilaspur,1,0
Himachal Pradesh,Chamba,9,0
Himachal Pradesh,Hamirpur,2,0
Himachal Pradesh,Kangra,10,0
Himachal Pradesh,Kinnaur,4,0
Himachal Pradesh,Kullu,7,0
Himachal Pradesh,Mandi,6,0
Himachal Pradesh,Shimla,260,0
Himachal Pradesh,Sirmaur,46,0
Himachal Pradesh,Solan,5,0
Jammu and Kashmir,Anantnag,5,0
Jammu and Kashmir,Badgam,2,0
Jammu and Kashmir,Baramula,1,0
Jammu and Kashmir,Doda,1,0
Jammu and Kashmir,Jammu,239,0
Jammu and Kashmir,Kathua,98,0
Jharkhand,Bokaro,27,0
Jharkhand,Chatra,6,0
Jharkhand,Deoghar,8,0
Jharkhand,Dhanbad,16,0
Jharkhand,Dumka,21,0
Jharkhand,East Singhbhum,8,0
Jharkhand,Garhwa,21,0
Jharkhand,Giridih,31,0
Jharkhand,Godda,3,0
Jharkhand,Gumla,12,0
Jharkhand,Hazaribagh,8,0
Jharkhand,Jamtara,2,0
Jharkhand,Khunti,1,0
Jharkhand,Koderma,4,0
Jharkhand,Latehar,5,0
Jharkhand,Lohardaga,7,0
Jharkhand,Pakur,8,0
Jharkhand,Palamu,9,0
Jharkhand,Ramgarh,4,0
Jharkhand,Ranchi,19,0
Jharkhand,Sahebganj,15,0
Jharkhand,Simdega,4,0
Jharkhand,West Singhbhum,1,0
Karnataka,Bagalkot,294,0
Karnataka,Bangalore,41,0
Karnataka,Belgaum,388,0
Karnataka,Bellary,6,0
Karnataka,Bidar,8,0
Karnataka,Bijapur,48,0
Karnataka,Chamrajanagar,98,0
Karnataka,Chickmagalur,16,0
Karnataka,Chikkaballapur,6,0
Karnataka,Chitradurga,72,0
Karnataka,Dakshina Kannada,3,0
Karnataka,Davangere,165,0
Karnataka,Dharwad,71,0
Karnataka,Gadag,222,0
Karnataka,Gulbarga,463,0
Karnataka,Hassan,62,0
Karnataka,Haveri,89,0
Karnataka,Kodagu,97,0
Karnataka,Kolar,36,0
Karnataka,Koppal,2,0
Karnataka,Mandya,198,0
Karnataka,Mysore,48,0
Karnataka,Raichur,27,0
Karnataka,Ramanagar,5,0
Karnataka,Shimoga,6,0
Karnataka,Tumkur,8,0
Karnataka,Udupi,2,0
Karnataka,Uttara Kannada,7,0
Karnataka,Yadgir,24,0
Kerala,Alappuzha,10,0
Kerala,Ernakulam,19,0
Kerala,Idukki,6,0
Kerala,Kannur,18,0
Kerala,Kasaragod,3,0
Kerala,Kollam,28,0
Kerala,Kottayam,10,0
Kerala,Kozhikode,26,0
Kerala,Malappuram,43,0
Kerala,Palakkad,28,0
Kerala,Pathanamthitta,13,0
Kerala,Thiruvananthapuram,50,0
Kerala,Thrissur,36,0
Kerala,Wayanad,1,0
Madhya Pradesh,Alirajpur,5,0
Madhya Pradesh,Anuppur,26,0
Madhya Pradesh,Ashok Nagar,21,0
Madhya Pradesh,Balaghat,14,0
Madhya Pradesh,Barwani,56,0
Madhya Pradesh,Betul,16,0
Madhya Pradesh,Bhind,63,0
Madhya Pradesh,Bhopal,47,0
Madhya Pradesh,Burhanpur,1,0
Madhya Pradesh,Chhatarpur,65,0
Madhya Pradesh,Chhindwara,15,0
Madhya Pradesh,Damoh,22,0
Madhya Pradesh,Datia,3,0
Madhya Pradesh,Dewas,35,0
Madhya Pradesh,Dhar,96,0
Madhya Pradesh,Dindori,10,0
Madhya Pradesh,Guna,43,0
Madhya Pradesh,Gwalior,55,0
Madhya Pradesh,Harda,2,0
Madhya Pradesh,Hoshangabad,3,0
Madhya Pradesh,Indore,35,0
Madhya Pradesh,Jabalpur,18,0
Madhya Pradesh,Jhabua,10,0
Madhya Pradesh,Katni,30,0
Madhya Pradesh,Khandwa,12,0
Madhya Pradesh,Khargone,23,0
Madhya Pradesh,Mandla,7,0
Madhya Pradesh,Mandsaur,22,0
Madhya Pradesh,Morena,29,0
Madhya Pradesh,Narsinghpur,9,0
Madhya Pradesh,Neemuch,16,0
Madhya Pradesh,Panna,22,0
Madhya Pradesh,Raisen,40,0
Madhya Pradesh,Rajgarh,56,0
Madhya Pradesh,Ratlam,43,0
Madhya Pradesh,Rewa,19,0
Madhya Pradesh,Sagar,31,0
Madhya Pradesh,Satna,31,0
Madhya Pradesh,Sehore,20,0
Madhya Pradesh,Seoni,14,0
Madhya Pradesh,Shahdol,37,0
Madhya Pradesh,Shajapur,1,0
Madhya Pradesh,Sheopur,8,0
Madhya Pradesh,Shivpuri,99,0
Madhya Pradesh,Sidhi,24,0
Madhya Pradesh,Singrauli,2,0
Madhya Pradesh,Tikamgarh,50,0
Madhya Pradesh,Ujjain,52,0
Madhya Pradesh,Umaria,1,0
Madhya Pradesh,Vidisha,5,0
Maharashtra,Ahmadnagar,62,0
Maharashtra,Akola,28,0
Maharashtra,Amravati,8,0
Maharashtra,Aurangabad,30,0
Maharashtra,Beed,50,0
Maharashtra,Bhandara,5,0
Maharashtra,Buldhana,37,0
Maharashtra,Chandrapur,21,0
Maharashtra,Dhule,29,0
Maharashtra,Gadchiroli,55,0
Maharashtra,Gondiya,10,0
Maharashtra,Hingoli,29,0
Maharashtra,Jalgaon,16,0
Maharashtra,Jalna,84,0
Maharashtra,Kolhapur,16,0
Maharashtra,Latur,27,0
Maharashtra,Mumbai,35,0
Maharashtra,Nagpur,20,0
Maharashtra,Nanded,167,0
Maharashtra,Nandurbar,12,0
Maharashtra,Nashik,84,0
Maharashtra,Osmanabad,75,0
Maharashtra,Palghar,3,0
Maharashtra,Parbhani,53,0
Maharashtra,Pune,64,0
Maharashtra,Raigarh,47,0
Maharashtra,Ratnagiri,8,0
Maharashtra,Sangli,27,0
Maharashtra,Satara,24,0
Maharashtra,Sindhudurg,76,0
Maharashtra,Solapur,66,0
Maharashtra,Thane,40,0
Maharashtra,Wardha,8,0
Maharashtra,Washim,3,0
Maharashtra,Yavatmal,49,0
Manipur,Bishnupur,3,0
Manipur,Chandel,2,0
Manipur,Imphal East,24,0
Manipur,Imphal West,11,0
Manipur,Senapati,2,0
Manipur,Tamenglong,1,0
Mizoram,Aizawl,659,0
Mizoram,Kolasib,391,0
Mizoram,Mammit,6,0
Mizoram,Saiha,5,0
Nagaland,Mokokchung,1,0
Odisha,Balangir,4,0
Odisha,Baleswar,4466,0
Odisha,Bhadrak,2445,0
Odisha,Debagarh,1,0
Odisha,Dhenkanal,147,0
Odisha,Ganjam,32,0
Odisha,Jagatsinghapur,2,0
Odisha,Jajapur,59,0
Odisha,Kalahandi,145,0
Odisha,Kendrapara,4,0
Odisha,Kendujhar,778,0
Odisha,Khorda,2,0
Odisha,Koraput,30,0
Odisha,Malkangiri,1,0
Odisha,Mayurbhanj,5476,0
Odisha,Nabarangapur,7,0
Odisha,Puri,4,0
Odisha,Rayagada,3806,0
Odisha,Sundergarh,1,0
Others,Others,2,0
Puducherry,Karaikal,1,0
Puducherry,Puducherry,1,0
Punjab,Amritsar,39,0
Punjab,Barnala,10,0
Punjab,Bathinda,7,0
Punjab,Faridkot,2,0
Punjab,Fatehgarh Sahib,35,0
Punjab,Fazilka,37,0
Punjab,Ferozepur,14,0
Punjab,Gurdaspur,13,0
Punjab,Hoshiarpur,15,0
Punjab,Jalandhar,41,0
Punjab,Kapurthala,7,0
Punjab,Ludhiana,53,0
Punjab,Mansa,4,0
Punjab,Moga,26,0
Punjab,Pathankot,6,0
Punjab,Patiala,9,0
Punjab,Rupnagar,1,0
Punjab,SAS Nagar (Mohali),17,0
Punjab,Sangrur,7,0
Punjab,Shaheed Bhagat Singh Nagar,4,0
Punjab,Sri Muktsar Sahib,57,0
Punjab,Tarn Taran,6,0
Rajasthan,Ajmer,63,0
Rajasthan,Alwar,307,0
Rajasthan,Banswara,72,0
Rajasthan,Baran,77,0
Rajasthan,Barmer,71,0
Rajasthan,Bharatpur,262,0
Rajasthan,Bhilwara,79,0
Rajasthan,Bikaner,41,0
Rajasthan,Bundi,228,0
Rajasthan,Chittorgarh,261,0
Rajasthan,Churu,64,0
Rajasthan,Dausa,95,0
Rajasthan,Dholpur,347,0
Rajasthan,Dungarpur,123,0
Rajasthan,Ganganagar,35,0
Rajasthan,Hanumangarh,415,0
Rajasthan,Jaipur,310,0
Rajasthan,Jaisalmer,192,0
Rajasthan,Jalor,78,0
Rajasthan,Jhalawar,175,0
Rajasthan,Jhunjhunun,244,0
Rajasthan,Jodhpur,84,0
Rajasthan,Karauli,188,0
Rajasthan,Kota,33,0
Rajasthan,Nagaur,246,0
Rajasthan,Pali,79,0
Rajasthan,Pratapgarh,28,0
Rajasthan,Rajsamand,72,0
Rajasthan,Sawai Madhopur,182,0
Rajasthan,Sikar,165,0
Rajasthan,Sirohi,234,0
Rajasthan,Tonk,151,0
Rajasthan,Udaipur,115,0
Tamil Nadu,Chennai,18,0
Tamil Nadu,Coimbatore,7,0
Tamil Nadu,Cuddalore,2,0
Tamil Nadu,Dharmapuri,8,0
Tamil Nadu,Erode,2,0
Tamil Nadu,Kancheepuram,9,0
Tamil Nadu,Kanniyakumari,2,0
Tamil Nadu,Theni,1,0
Tamil Nadu,Tiruchirappalli,3,0
Tamil Nadu,Tirunelveli,498,0
Tamil Nadu,Tiruppur,7,0
Tamil Nadu,Tiruvallur,13,0
Tamil Nadu,Vellore,854,0
Tamil Nadu,Villupuram,1,0
Tripura,Gomati,43,0
Tripura,Khowai,1,0
Tripura,North Tripura,2,0
Tripura,Sepahijala,5,0
Tripura,South Tripura,3,0
Tripura,Unakoti,3,0
Tripura,West Tripura,12,0
Uttar Pradesh,Agra,436,0
Uttar Pradesh,Aligarh,1038,0
Uttar Pradesh,Allahabad,726,0
Uttar Pradesh,Ambedkar Nagar,725,0
Uttar Pradesh,Amethi,18,0
Uttar Pradesh,Amroha,322,0
Uttar Pradesh,Auraiya,344,0
Uttar Pradesh,Azamgarh,755,0
Uttar Pradesh,Baghpat,1347,0
Uttar Pradesh,Bahraich,128,0
Uttar Pradesh,Ballia,785,0
Uttar Pradesh,Balrampur,13,0
Uttar Pradesh,Banda,122,0
Uttar Pradesh,Bara Banki,910,0
Uttar Pradesh,Bareilly,307,0
Uttar Pradesh,Basti,1240,0
Uttar Pradesh,Bijnor,811,0
Uttar Pradesh,Budaun,280,0
Uttar Pradesh,Bulandshahr,440,0
Uttar Pradesh,Chandauli,11,0
Uttar Pradesh,Chitrakoot,64,0
Uttar Pradesh,Deoria,316,0
Uttar Pradesh,Etah,325,0
Uttar Pradesh,Etawah,42,0
Uttar Pradesh,Faizabad,418,0
Uttar Pradesh,Farrukhabad,368,0
Uttar Pradesh,Fatehpur,6,0
Uttar Pradesh,Firozabad,608,0
Uttar Pradesh,Gautam Buddha Nagar,117,0
Uttar Pradesh,Ghaziabad,570,0
Uttar Pradesh,Ghazipur,542,0
Uttar Pradesh,Gonda,655,0
Uttar Pradesh,Gorakhpur,1145,0
Uttar Pradesh,Hamirpur,50,0
Uttar Pradesh,Hapur,61,0
Uttar Pradesh,Hardoi,652,0
Uttar Pradesh,Hathras,52,0
Uttar Pradesh,Jalaun,46,0
Uttar Pradesh,Jaunpur,303,0
Uttar Pradesh,Jhansi,255,0
Uttar Pradesh,Kannauj,326,0
Uttar Pradesh,Kanpur Dehat,196,0
Uttar Pradesh,Kanpur Nagar,649,0
Uttar Pradesh,Kasganj,32,0
Uttar Pradesh,Kaushambi,106,0
Uttar Pradesh,Kheri,271,0
Uttar Pradesh,Kushinagar,819,0
Uttar Pradesh,Lalitpur,145,0
Uttar Pradesh,Lucknow,604,0
Uttar Pradesh,Maharajganj,123,0
Uttar Pradesh,Mahoba,4,0
Uttar Pradesh,Mainpuri,95,0
Uttar Pradesh,Mathura,72,0
Uttar Pradesh,Mau,191,0
Uttar Pradesh,Meerut,1278,0
Uttar Pradesh,Mirzapur,997,0
Uttar Pradesh,Moradabad,539,0
Uttar Pradesh,Muzaffarnagar,773,0
Uttar Pradesh,Pilibhit,146,0
Uttar Pradesh,Pratapgarh,179,0
Uttar Pradesh,Rae Bareli,74,0
Uttar Pradesh,Rampur,466,0
Uttar Pradesh,Saharanpur,388,0
Uttar Pradesh,Sambhal,281,0
Uttar Pradesh,Sant Kabir Nagar,9,0
Uttar Pradesh,Sant Ravidas Nagar,73,0
Uttar Pradesh,Shahjahanpur,230,0
Uttar Pradesh,Shamli,492,0
Uttar Pradesh,Shrawasti,27,0
Uttar Pradesh,Siddharthnagar,459,0
Uttar Pradesh,Sitapur,115,0
Uttar Pradesh,Sonbhadra,169,0
Uttar Pradesh,Sultanpur,514,0
Uttar Pradesh,Unnao,830,0
Uttar Pradesh,Varanasi,1213,0
Uttarakhand,Almora,9,0
Uttarakhand,Bageshwar,3,0
Uttarakhand,Dehradun,324,0
Uttarakhand,Haridwar,31,0
Uttarakhand,Nainital,247,0
Uttarakhand,Pauri Garhwal,15,0
Uttarakhand,Pithoragarh,106,0
Uttarakhand,Rudraprayag,1,0
Uttarakhand,Tehri Garhwal,8,0
Uttarakhand,Udham Singh Nagar,431,0
Uttarakhand,Uttarkashi,1,0
West Bengal,Bankura,711,0
West Bengal,Barddhaman,345,0
West Bengal,Birbhum,49,0
West Bengal,Cooch Behar,6,0
West Bengal,Dakshin Dinajpur,5,0
West Bengal,Hooghly,1253,0
West Bengal,Jalpaiguri,120,0
West Bengal,Kolkata,12,0
West Bengal,Malda,3,0
West Bengal,Murshidabad,27,0
West Bengal,Nadia,815,0
West Bengal,North 24 Parganas,246,0
West Bengal,Paschim Medinipur,1342,0
West Bengal,Purba Medinipur,8,0
West Bengal,Puruliya,1052,0
West Bengal,South 24 Parganas,658,0
West Bengal,Uttar Dinajpur,10,0
