State,District,Aadhaar generated,Enrolment Rejected
Andhra Pradesh,Adilabad,366,98
Andhra Pradesh,Ananthapur,624,191
Andhra Pradesh,Chittoor,761,214
Andhra Pradesh,Cuddapah,567,79
Andhra Pradesh,East Godavari,890,125
Andhra Pradesh,Guntur,827,142
Andhra Pradesh,Hyderabad,1129,166
Andhra Pradesh,K.v. Rangareddy,1350,248
Andhra Pradesh,Karimnagar,642,177
Andhra Pradesh,Khammam,258,120
Andhra Pradesh,Krishna,696,100
Andhra Pradesh,Kurnool,1747,520
Andhra Pradesh,Mahabubnagar,1402,363
Andhra Pradesh,Medak,788,161
Andhra Pradesh,Nalgonda,1047,167
Andhra Pradesh,Nellore,503,122
Andhra Pradesh,Nizamabad,631,245
Andhra Pradesh,Prakasam,411,82
Andhra Pradesh,Srikakulam,413,66
Andhra Pradesh,Visakhapatnam,965,264
Andhra Pradesh,Vizianagaram,1803,262
Andhra Pradesh,Warangal,1505,223
Andhra Pradesh,West Godavari,226,107
Assam,Baksa,0,1
Assam,Barpeta,1,0
Assam,Cachar,1,0
Assam,Chirang,1,0
Assam,Dhemaji,0,1
Assam,Dhubri,1,0
Assam,Hailakandi,3,1
Assam,Jorhat,1,0
Assam,Kamrup,3,0
Assam,Kokrajhar,1,0
Assam,Marigaon,1,0
Assam,Nagaon,116,1
Assam,Sonitpur,0,4
Assam,Udalguri,4,0
Bihar,Araria,31,7
Bihar,Arwal,217,6
Bihar,Aurangabad,2161,143
Bihar,Banka,1991,97
Bihar,Begusarai,57,37
Bihar,Bhagalpur,367,75
Bihar,Bhojpur,15,28
Bihar,Buxar,87,38
Bihar,Darbhanga,72,19
Bihar,East Champaran,1050,129
Bihar,Gaya,1546,112
Bihar,Gopalganj,260,60
Bihar,Jamui,243,18
Bihar,Jehanabad,61,15
Bihar,Kaimur (Bhabua),7,24
Bihar,Katihar,106,15
Bihar,Khagaria,320,41
Bihar,Kishanganj,4105,200
Bihar,Lakhisarai,149,22
Bihar,Madhepura,23,6
Bihar,Madhubani,595,19
Bihar,Munger,180,18
Bihar,Muzaffarpur,4312,157
Bihar,Nalanda,783,47
Bihar,Nawada,191,24
Bihar,Patna,1448,389
Bihar,Purnia,1958,154
Bihar,Rohtas,436,29
Bihar,Saharsa,88,12
Bihar,Samastipur,573,43
Bihar,Saran,5041,156
Bihar,Sheikhpura,16,5
Bihar,Sheohar,8,1
Bihar,Sitamarhi,59,35
Bihar,Siwan,271,55
Bihar,Supaul,116,15
Bihar,Vaishali,96,64
Bihar,West Champaran,1978,119
Chandigarh,Chandigarh,38,8
Chhattisgarh,Balod,825,27
Chhattisgarh,Baloda Bazar,467,21
Chhattisgarh,Balrampur,0,1
Chhattisgarh,Bastar,4,5
Chhattisgarh,Bemetara,0,1
Chhattisgarh,Bilaspur,36151,292
Chhattisgarh,Dakshin Bastar Dantewada,0,1
Chhattisgarh,Dhamtari,5,12
Chhattisgarh,Durg,101,58
Chhattisgarh,Gariyaband,4,1
Chhattisgarh,Janjgir-champa,17,16
Chhattisgarh,Jashpur,3,1
Chhattisgarh,Kanker,1055,9
Chhattisgarh,Kawardha,0,1
Chhattisgarh,Kondagaon,1751,23
Chhattisgarh,Korba,1,0
Chhattisgarh,Koriya,16,6
Chhattisgarh,Mahasamund,1443,33
Chhattisgarh,Mungeli,1,27
Chhattisgarh,Narayanpur,0,1
Chhattisgarh,Raigarh,186,44
Chhattisgarh,Raipur,599,218
Chhattisgarh,Rajnandgaon,1168,95
Chhattisgarh,Sukma,0,4
Chhattisgarh,Surajpur,2,0
Chhattisgarh,Surguja,1638,14
Chhattisgarh,Uttar Bastar Kanker,1154,10
Dadra and Nagar Haveli,Dadra and Nagar Haveli,28,33
Daman and Diu,Daman,6,1
Daman and Diu,Diu,1,0
Delhi,Central Delhi,91,25
Delhi,East Delhi,238,35
Delhi,New Delhi,12,7
Delhi,North Delhi,47,16
Delhi,North East Delhi,72,45
Delhi,North West Delhi,526,81
Delhi,South Delhi,324,48
Delhi,South West Delhi,163,37
Delhi,West Delhi,263,54
Goa,North Goa,2,0
Goa,South Goa,9,0
Gujarat,Ahmedabad,983,91
Gujarat,Amreli,4,4
Gujarat,Anand,166,8
Gujarat,Banaskantha,329,30
Gujarat,Bharuch,167,87
Gujarat,Bhavnagar,1484,94
Gujarat,Dahod,90,13
Gujarat,Gandhinagar,60,11
Gujarat,Jamnagar,174,11
Gujarat,Junagadh,198,43
Gujarat,Kachchh,347,4
Gujarat,Kheda,81,12
Gujarat,Mahesana,19,3
Gujarat,Narmada,12,0
Gujarat,Navsari,158,12
Gujarat,Panchmahals,646,45
Gujarat,Patan,10,5
Gujarat,Porbandar,39,0
Gujarat,Rajkot,113,8
Gujarat,Sabarkantha,388,53
Gujarat,Surat,1140,39
Gujarat,Surendra Nagar,185,5
Gujarat,Tapi,27,2
Gujarat,The Dangs,39,16
Gujarat,Vadodara,98,21
Gujarat,Valsad,204,8
Haryana,Ambala,10,9
Haryana,Bhiwani,3,4
Haryana,Faridabad,49,16
Haryana,Fatehabad,2,1
Haryana,Gurgaon,10,9
Haryana,Hisar,1,9
Haryana,Jhajjar,1,4
Haryana,Jind,11,8
Haryana,Kaithal,0,4
Haryana,Karnal,2,5
Haryana,Kurukshetra,0,4
Haryana,Mahendragarh,2,2
Haryana,Mewat,6,0
Haryana,Palwal,7,2
Haryana,Panchkula,4,0
Haryana,Panipat,2,1
Haryana,Rewari,1,2
Haryana,Rohtak,16,3
Haryana,Sirsa,4,4
Haryana,Sonipat,41,19
Haryana,Yamuna Nagar,1,4
Himachal Pradesh,Bilaspur,5,1
Himachal Pradesh,Chamba,0,1
Himachal Pradesh,Hamirpur,26,1
Himachal Pradesh,Kangra,7,2
Himachal Pradesh,Kinnaur,2,2
Himachal Pradesh,Kullu,1,0
Himachal Pradesh,Mandi,41,8
Himachal Pradesh,Shimla,99,22
Himachal Pradesh,Sirmaur,5,6
Himachal Pradesh,Solan,41,21
Jammu and Kashmir,Jammu,9,60
Jammu and Kashmir,Kathua,2,10
Jammu and Kashmir,Punch,1,0
Jammu and Kashmir,Rajouri,1,0
Jammu and Kashmir,Samba,1,0
Jammu and Kashmir,Udhampur,2,0
Jharkhand,Bokaro,50,16
Jharkhand,Chatra,0,6
Jharkhand,Deoghar,2,10
Jharkhand,Dhanbad,43,11
Jharkhand,Dumka,2,5
Jharkhand,East Singhbhum,0,6
Jharkhand,Garhwa,6,27
Jharkhand,Giridih,30,66
Jharkhand,Godda,5,23
Jharkhand,Gumla,2,5
Jharkhand,Hazaribagh,97,11
Jharkhand,Jamtara,1,2
Jharkhand,Khunti,32,5
Jharkhand,Koderma,3,16
Jharkhand,Latehar,2,8
Jharkhand,Lohardaga,20,6
Jharkhand,Pakur,1,11
Jharkhand,Palamu,14,20
Jharkhand,Ramgarh,14,7
Jharkhand,Ranchi,100,31
Jharkhand,Sahebganj,3,8
Jharkhand,Seraikela-Kharsawan,10,2
Jharkhand,Simdega,1,1
Jharkhand,West Singhbhum,0,9
Karnataka,Bagalkot,0,84
Karnataka,Bangalore,3,20
Karnataka,Bangalore Rural,0,3
Karnataka,Belgaum,10,85
Karnataka,Bellary,7,22
Karnataka,Bidar,11,25
Karnataka,Bijapur,23,43
Karnataka,Chamrajanagar,0,11
Karnataka,Chickmagalur,0,4
Karnataka,Chikkaballapur,3,12
Karnataka,Chitradurga,3,21
Karnataka,Dakshina Kannada,122,32
Karnataka,Davangere,74,124
Karnataka,Dharwad,2,28
Karnataka,Gadag,0,31
Karnataka,Gulbarga,11,57
Karnataka,Hassan,0,25
Karnataka,Haveri,17,60
Karnataka,Kodagu,0,94
Karnataka,Kolar,2,70
Karnataka,Koppal,0,3
Karnataka,Mandya,5,50
Karnataka,Mysore,0,34
Karnataka,Raichur,5,15
Karnataka,Ramanagar,1,0
Karnataka,Shimoga,0,1
Karnataka,Tumkur,1,5
Karnataka,Udupi,9,19
Karnataka,Uttara Kannada,0,3
Karnataka,Yadgir,11,17
Kerala,Alappuzha,8,12
Kerala,Ernakulam,5,21
Kerala,Idukki,4,13
Kerala,Kannur,1,9
Kerala,Kasaragod,1,4
Kerala,Kollam,5,27
Kerala,Kottayam,28,12
Kerala,Kozhikode,2,17
Kerala,Malappuram,0,18
Kerala,Palakkad,43,29
Kerala,Pathanamthitta,7,4
Kerala,Thiruvananthapuram,75,25
Kerala,Thrissur,2,13
Kerala,Wayanad,46,5
Lakshadweep,Lakshadweep,1,0
Madhya Pradesh,Alirajpur,58,4
Madhya Pradesh,Anuppur,24,4
Madhya Pradesh,Ashok Nagar,1,1
Madhya Pradesh,Balaghat,9,11
Madhya Pradesh,Barwani,110,28
Madhya Pradesh,Betul,13,18
Madhya Pradesh,Bhind,1,12
Madhya Pradesh,Bhopal,86,11
Madhya Pradesh,Burhanpur,6,2
Madhya Pradesh,Chhatarpur,85,7
Madhya Pradesh,Chhindwara,7,7
Madhya Pradesh,Damoh,13,7
Madhya Pradesh,Datia,1,2
Madhya Pradesh,Dewas,146,17
Madhya Pradesh,Dhar,97,15
Madhya Pradesh,Dindori,14,6
Madhya Pradesh,Guna,60,22
Madhya Pradesh,Gwalior,22,38
Madhya Pradesh,Harda,2,1
Madhya Pradesh,Hoshangabad,18,1
Madhya Pradesh,Indore,307,32
Madhya Pradesh,Jabalpur,164,52
Madhya Pradesh,Jhabua,72,5
Madhya Pradesh,Katni,1,5
Madhya Pradesh,Khandwa,33,7
Madhya Pradesh,Khargone,55,21
Madhya Pradesh,Mandla,52,11
Madhya Pradesh,Mandsaur,13,8
Madhya Pradesh,Morena,0,5
Madhya Pradesh,Narsinghpur,0,6
Madhya Pradesh,Neemuch,36,6
Madhya Pradesh,Panna,30,2
Madhya Pradesh,Raisen,28,9
Madhya Pradesh,Rajgarh,1,3
Madhya Pradesh,Ratlam,11,22
Madhya Pradesh,Rewa,14,17
Madhya Pradesh,Sagar,50,18
Madhya Pradesh,Satna,5,8
Madhya Pradesh,Sehore,24,9
Madhya Pradesh,Seoni,2,6
Madhya Pradesh,Shahdol,105,12
Madhya Pradesh,Shajapur,5,2
Madhya Pradesh,Sheopur,1,0
Madhya Pradesh,Shivpuri,30,20
Madhya Pradesh,Sidhi,6,4
Madhya Pradesh,Singrauli,15,7
Madhya Pradesh,Tikamgarh,18,8
Madhya Pradesh,Ujjain,39,15
Madhya Pradesh,Umaria,12,3
Madhya Pradesh,Vidisha,1,5
Maharashtra,Ahmadnagar,233,42
Maharashtra,Akola,125,15
Maharashtra,Amravati,105,15
Maharashtra,Aurangabad,204,31
Maharashtra,Beed,333,39
Maharashtra,Bhandara,63,6
Maharashtra,Buldhana,231,28
Maharashtra,Chandrapur,18,7
Maharashtra,Dhule,140,27
Maharashtra,Gadchiroli,143,19
Maharashtra,Gondiya,144,44
Maharashtra,Hingoli,411,23
Maharashtra,Jalgaon,143,52
Maharashtra,Jalna,139,43
Maharashtra,Kolhapur,324,10
Maharashtra,Latur,203,28
Maharashtra,Mumbai,531,37
Maharashtra,Nagpur,119,16
Maharashtra,Nanded,661,48
Maharashtra,Nandurbar,34,6
Maharashtra,Nashik,163,49
Maharashtra,Osmanabad,163,15
Maharashtra,Palghar,62,27
Maharashtra,Parbhani,310,32
Maharashtra,Pune,267,25
Maharashtra,Raigarh,92,8
Maharashtra,Ratnagiri,222,18
Maharashtra,Sangli,64,9
Maharashtra,Satara,131,3
Maharashtra,Sindhudurg,28,9
Maharashtra,Solapur,342,22
Maharashtra,Thane,335,22
Maharashtra,Wardha,51,15
Maharashtra,Washim,67,19
Maharashtra,Yavatmal,421,26
Manipur,Imphal East,0,7
Manipur,Imphal West,0,11
Manipur,Tamenglong,0,1
Manipur,Thoubal,0,1
Mizoram,Aizawl,5,17
Mizoram,Kolasib,0,6
Mizoram,Lunglei,0,3
Mizoram,Mammit,0,1
Mizoram,Saiha,0,1
Nagaland,Kohima,0,1
Odisha,Angul,2,5
Odisha,Balangir,1,5
Odisha,Baleswar,1140,898
Odisha,Bhadrak,202,940
Odisha,Cuttack,5,0
Odisha,Dhenkanal,65,402
Odisha,Gajapati,2,0
Odisha,Ganjam,137,15
Odisha,Jagatsinghapur,1,0
Odisha,Jajapur,6,17
Odisha,Kalahandi,1,30
Odisha,Kandhamal,0,2
Odisha,Kendrapara,7,0
Odisha,Kendujhar,0,82
Odisha,Khorda,6,2
Odisha,Koraput,7,10
Odisha,Malkangiri,1,0
Odisha,Mayurbhanj,1699,694
Odisha,Nayagarh,4,0
Odisha,Puri,8,0
Odisha,Rayagada,3395,148
Odisha,Sambalpur,0,1
Odisha,Sonapur,1,0
Odisha,Sundergarh,1,3
Others,Others,0,9
Puducherry,Karaikal,0,1
Puducherry,Puducherry,0,2
Punjab,Amritsar,197,49
Punjab,Barnala,227,29
Punjab,Bathinda,163,34
Punjab,Faridkot,9,11
Punjab,Fatehgarh Sahib,70,22
Punjab,Fazilka,180,38
Punjab,Ferozepur,55,32
Punjab,Gurdaspur,102,6
Punjab,Hoshiarpur,171,17
Punjab,Jalandhar,253,77
Punjab,Kapurthala,18,12
Punjab,Ludhiana,300,73
Punjab,Mansa,25,9
Punjab,Moga,44,16
Punjab,Pathankot,76,14
Punjab,Patiala,109,26
Punjab,Rupnagar,46,3
Punjab,SAS Nagar (Mohali),220,11
Punjab,Sangrur,57,15
Punjab,Shaheed Bhagat Singh Nagar,70,12
Punjab,Sri Muktsar Sahib,187,50
Punjab,Tarn Taran,166,20
Rajasthan,Ajmer,542,66
Rajasthan,Alwar,728,140
Rajasthan,Banswara,2698,118
Rajasthan,Baran,56,38
Rajasthan,Barmer,776,71
Rajasthan,Bharatpur,1057,112
Rajasthan,Bhilwara,1,25
Rajasthan,Bikaner,80,43
Rajasthan,Bundi,40,97
Rajasthan,Chittorgarh,336,130
Rajasthan,Churu,19,49
Rajasthan,Dausa,70,57
Rajasthan,Dholpur,720,56
Rajasthan,Dungarpur,9,29
Rajasthan,Ganganagar,183,98
Rajasthan,Hanumangarh,718,125
Rajasthan,Jaipur,1156,257
Rajasthan,Jaisalmer,394,40
Rajasthan,Jalor,49,40
Rajasthan,Jhalawar,69,60
Rajasthan,Jhunjhunun,1000,140
Rajasthan,Jodhpur,33,70
Rajasthan,Karauli,1,43
Rajasthan,Kota,821,42
Rajasthan,Nagaur,114,109
Rajasthan,Pali,395,97
Rajasthan,Pratapgarh,3,16
Rajasthan,Rajsamand,99,72
Rajasthan,Sawai Madhopur,43,42
Rajasthan,Sikar,76,93
Rajasthan,Sirohi,55,73
Rajasthan,Tonk,82,42
Rajasthan,Udaipur,2342,183
Tamil Nadu,Chennai,2,1
Tamil Nadu,Dharmapuri,0,4
Tamil Nadu,Dindigul,2,12
Tamil Nadu,Erode,1,2
Tamil Nadu,Kancheepuram,2,25
Tamil Nadu,Kanniyakumari,2,0
Tamil Nadu,Krishnagiri,0,1
Tamil Nadu,Madurai,0,1
Tamil Nadu,Nagapattinam,0,4
Tamil Nadu,Perambalur,0,2
Tamil Nadu,Salem,0,2
Tamil Nadu,Sivaganga,1,0
Tamil Nadu,Thanjavur,1,0
Tamil Nadu,The Nilgiris,0,2
Tamil Nadu,Theni,1,0
Tamil Nadu,Thoothukkudi,1,2
Tamil Nadu,Tiruchirappalli,71,12
Tamil Nadu,Tirunelveli,0,59
Tamil Nadu,Tiruppur,0,7
Tamil Nadu,Tiruvallur,4,2
Tamil Nadu,Tiruvannamalai,0,2
Tamil Nadu,Vellore,1,147
Tamil Nadu,Villupuram,2,4
Tamil Nadu,Virudhunagar,1,1
Tripura,Dhalai,10,1
Tripura,Gomati,7,14
Tripura,North Tripura,30,2
Tripura,Sepahijala,11,7
Tripura,South Tripura,153,15
Tripura,Unakoti,0,3
Tripura,West Tripura,7,5
Uttar Pradesh,Agra,724,304
Uttar Pradesh,Aligarh,2629,213
Uttar Pradesh,Allahabad,2982,216
Uttar Pradesh,Ambedkar Nagar,599,58
Uttar Pradesh,Amethi,341,8
Uttar Pradesh,Amroha,361,41
Uttar Pradesh,Auraiya,98,45
Uttar Pradesh,Azamgarh,1008,56
Uttar Pradesh,Baghpat,324,114
Uttar Pradesh,Bahraich,56,38
Uttar Pradesh,Ballia,2458,140
Uttar Pradesh,Balrampur,26,2
Uttar Pradesh,Banda,180,17
Uttar Pradesh,Bara Banki,2507,109
Uttar Pradesh,Bareilly,944,150
Uttar Pradesh,Basti,831,75
Uttar Pradesh,Bijnor,951,216
Uttar Pradesh,Budaun,1258,65
Uttar Pradesh,Bulandshahr,375,70
Uttar Pradesh,Chandauli,15,12
Uttar Pradesh,Chitrakoot,46,6
Uttar Pradesh,Deoria,883,56
Uttar Pradesh,Etah,333,127
Uttar Pradesh,Etawah,1299,15
Uttar Pradesh,Faizabad,766,164
Uttar Pradesh,Farrukhabad,9,14
Uttar Pradesh,Fatehpur,11,8
Uttar Pradesh,Firozabad,452,229
Uttar Pradesh,Gautam Buddha Nagar,571,19
Uttar Pradesh,Ghaziabad,898,248
Uttar Pradesh,Ghazipur,320,64
Uttar Pradesh,Gonda,321,143
Uttar Pradesh,Gorakhpur,1630,133
Uttar Pradesh,Hamirpur,191,8
Uttar Pradesh,Hapur,96,27
Uttar Pradesh,Hardoi,251,42
Uttar Pradesh,Hathras,30,36
Uttar Pradesh,Jalaun,13,7
Uttar Pradesh,Jaunpur,689,65
Uttar Pradesh,Jhansi,656,53
Uttar Pradesh,Kannauj,56,34
Uttar Pradesh,Kanpur Dehat,1924,66
Uttar Pradesh,Kanpur Nagar,1851,192
Uttar Pradesh,Kasganj,39,26
Uttar Pradesh,Kaushambi,336,37
Uttar Pradesh,Kheri,922,46
Uttar Pradesh,Kushinagar,375,100
Uttar Pradesh,Lalitpur,91,22
Uttar Pradesh,Lucknow,983,284
Uttar Pradesh,Maharajganj,65,16
Uttar Pradesh,Mahoba,3,0
Uttar Pradesh,Mainpuri,52,64
Uttar Pradesh,Mathura,235,68
Uttar Pradesh,Mau,465,35
Uttar Pradesh,Meerut,394,158
Uttar Pradesh,Mirzapur,5787,132
Uttar Pradesh,Moradabad,2025,242
Uttar Pradesh,Muzaffarnagar,1498,150
Uttar Pradesh,Pilibhit,402,74
Uttar Pradesh,Pratapgarh,3382,42
Uttar Pradesh,Rae Bareli,748,124
Uttar Pradesh,Rampur,196,73
Uttar Pradesh,Saharanpur,1127,128
Uttar Pradesh,Sambhal,528,42
Uttar Pradesh,Sant Kabir Nagar,50,2
Uttar Pradesh,Sant Ravidas Nagar,478,19
Uttar Pradesh,Shahjahanpur,305,37
Uttar Pradesh,Shamli,553,39
Uttar Pradesh,Shrawasti,50,5
Uttar Pradesh,Siddharthnagar,12,62
Uttar Pradesh,Sitapur,1303,91
Uttar Pradesh,Sonbhadra,336,19
Uttar Pradesh,Sultanpur,1395,74
Uttar Pradesh,Unnao,2127,80
Uttar Pradesh,Varanasi,944,122
Uttarakhand,Almora,2,3
Uttarakhand,Bageshwar,16,1
Uttarakhand,Chamoli,0,1
Uttarakhand,Champawat,28,4
Uttarakhand,Dehradun,47,49
Uttarakhand,Haridwar,7,26
Uttarakhand,Nainital,244,75
Uttarakhand,Pauri Garhwal,9,4
Uttarakhand,Pithoragarh,2,1
Uttarakhand,Tehri Garhwal,24,5
Uttarakhand,Udham Singh Nagar,2009,103
Uttarakhand,Uttarkashi,1,0
West Bengal,Bankura,1106,32
West Bengal,Barddhaman,316,44
West Bengal,Birbhum,3,11
West Bengal,Cooch Behar,8,1
West Bengal,Dakshin Dinajpur,3,0
West Bengal,Darjeeling,1,1
West Bengal,Hooghly,909,74
West Bengal,Howrah,7,7
West Bengal,Jalpaiguri,13,14
West Bengal,Kolkata,5,18
West Bengal,Malda,2,2
West Bengal,Murshidabad,9,4
West Bengal,Nadia,54,38
West Bengal,North 24 Parganas,1736,230
West Bengal,Paschim Medinipur,5500,60
West Bengal,Purba Medinipur,14,3
West Bengal,Puruliya,6201,343
West Bengal,South 24 Parganas,5620,39
West Bengal,Uttar Dinajpur,5,0
