State,District,Aadhaar generated,Enrolment Rejected
Andhra Pradesh,Adilabad,994,239
Andhra Pradesh,Ananthapur,1764,756
Andhra Pradesh,Chittoor,1637,668
Andhra Pradesh,Cuddapah,671,181
Andhra Pradesh,East Godavari,1865,391
Andhra Pradesh,Guntur,952,517
Andhra Pradesh,Hyderabad,1863,380
Andhra Pradesh,K.v. Rangareddy,2617,895
Andhra Pradesh,Karimnagar,2550,649
Andhra Pradesh,Khammam,1903,461
Andhra Pradesh,Krishna,1186,363
Andhra Pradesh,Kurnool,3129,1177
Andhra Pradesh,Mahabubnagar,3364,1216
Andhra Pradesh,Medak,1711,404
Andhra Pradesh,Nalgonda,2301,715
Andhra Pradesh,Nellore,2634,583
Andhra Pradesh,Nizamabad,2088,596
Andhra Pradesh,Prakasam,1722,404
Andhra Pradesh,Srikakulam,954,79
Andhra Pradesh,Visakhapatnam,2864,398
Andhra Pradesh,Vizianagaram,3307,347
Andhra Pradesh,Warangal,3843,765
Andhra Pradesh,West Godavari,1788,443
Arunachal Pradesh,Changlang,1,0
Arunachal Pradesh,East Kameng,1,0
Arunachal Pradesh,East Siang,1,0
Arunachal Pradesh,Lower Subansiri,2,0
Arunachal Pradesh,Papum Pare,11,0
Arunachal Pradesh,Tawang,46,9
Arunachal Pradesh,West Kameng,8,3
Assam,Baksa,8,0
Assam,Barpeta,20,1
Assam,Bongaigaon,5,0
Assam,Cachar,15,1
Assam,Chirang,1,1
Assam,Darrang,6,0
Assam,Dhemaji,8,1
Assam,Dhubri,5,0
Assam,Dibrugarh,8,0
Assam,Goalpara,3,0
Assam,Golaghat,184,3
Assam,Hailakandi,4,0
Assam,Kamrup,13,0
Assam,Kamrup Metro,5,0
Assam,Karbi Anglong,20,0
Assam,Karimganj,13,0
Assam,Kokrajhar,6,0
Assam,Lakhimpur,13,0
Assam,Marigaon,6,0
Assam,Nagaon,679,2
Assam,Nalbari,2,0
Assam,North Cachar Hills,1,0
Assam,Sibsagar,6,0
Assam,Sonitpur,34,3
Assam,Tinsukia,4,0
Assam,Udalguri,16,0
Bihar,Araria,1093,49
Bihar,Arwal,194,13
Bihar,Aurangabad,7000,195
Bihar,Banka,5146,106
Bihar,Begusarai,7652,201
Bihar,Bhagalpur,7051,219
Bihar,Bhojpur,3477,151
Bihar,Buxar,4475,108
Bihar,Darbhanga,386,30
Bihar,East Champaran,10216,273
Bihar,Gaya,17574,422
Bihar,Gopalganj,6383,276
Bihar,Jamui,2451,206
Bihar,Jehanabad,1989,81
Bihar,Kaimur (Bhabua),2248,30
Bihar,Katihar,1717,61
Bihar,Khagaria,2493,68
Bihar,Kishanganj,3314,289
Bihar,Lakhisarai,1694,27
Bihar,Madhepura,1728,110
Bihar,Madhubani,4102,178
Bihar,Munger,1711,67
Bihar,Muzaffarpur,27288,357
Bihar,Nalanda,4129,199
Bihar,Nawada,2474,95
Bihar,Patna,15647,722
Bihar,Purnia,12212,280
Bihar,Rohtas,3433,65
Bihar,Saharsa,892,62
Bihar,Samastipur,7103,197
Bihar,Saran,23232,629
Bihar,Sheikhpura,973,63
Bihar,Sheohar,36,3
Bihar,Sitamarhi,7751,228
Bihar,Siwan,4643,246
Bihar,Supaul,2467,100
Bihar,Vaishali,5589,277
Bihar,West Champaran,11839,449
Chandigarh,Chandigarh,152,37
Chhattisgarh,Balod,4820,47
Chhattisgarh,Baloda Bazar,3795,47
Chhattisgarh,Balrampur,102,3
Chhattisgarh,Bastar,971,86
Chhattisgarh,Bemetara,215,9
Chhattisgarh,Bilaspur,19077,152
Chhattisgarh,Dakshin Bastar Dantewada,124,2
Chhattisgarh,Dantewada,1,0
Chhattisgarh,Dhamtari,26,1
Chhattisgarh,Durg,14320,234
Chhattisgarh,Gariyaband,54,3
Chhattisgarh,Janjgir-champa,7046,95
Chhattisgarh,Jashpur,145,7
Chhattisgarh,Kabeerdham,8,1
Chhattisgarh,Kanker,1919,33
Chhattisgarh,Kawardha,34,3
Chhattisgarh,Kondagaon,2566,131
Chhattisgarh,Korba,59,24
Chhattisgarh,Koriya,115,19
Chhattisgarh,Mahasamund,6827,115
Chhattisgarh,Mungeli,3654,50
Chhattisgarh,Narayanpur,484,17
Chhattisgarh,Raigarh,5311,952
Chhattisgarh,Raipur,21689,599
Chhattisgarh,Rajnandgaon,26087,292
Chhattisgarh,Sukma,68,1
Chhattisgarh,Surajpur,9,11
Chhattisgarh,Surguja,2504,12
Chhattisgarh,Uttar Bastar Kanker,4050,31
Dadra and Nagar Haveli,Dadra and Nagar Haveli,445,15
Daman and Diu,Daman,32,1
Daman and Diu,Diu,1,0
Delhi,Central Delhi,356,33
Delhi,East Delhi,625,84
Delhi,New Delhi,52,3
Delhi,North Delhi,172,29
Delhi,North East Delhi,1014,308
Delhi,North West Delhi,1493,225
Delhi,South Delhi,1897,97
Delhi,South West Delhi,598,106
Delhi,West Delhi,1277,101
Goa,North Goa,12,1
Goa,South Goa,4,0
Gujarat,Ahmedabad,7409,255
Gujarat,Amreli,229,13
Gujarat,Anand,2047,33
Gujarat,Banaskantha,1469,39
Gujarat,Bharuch,154,8
Gujarat,Bhavnagar,3240,215
Gujarat,Dahod,760,50
Gujarat,Gandhinagar,2647,65
Gujarat,Jamnagar,879,86
Gujarat,Junagadh,1104,71
Gujarat,Kachchh,1615,41
Gujarat,Kheda,216,22
Gujarat,Mahesana,138,46
Gujarat,Narmada,9,4
Gujarat,Navsari,477,21
Gujarat,Panchmahals,1813,112
Gujarat,Patan,739,15
Gujarat,Porbandar,191,5
Gujarat,Rajkot,488,35
Gujarat,Sabarkantha,3720,132
Gujarat,Surat,4358,219
Gujarat,Surendra Nagar,1700,29
Gujarat,Tapi,443,8
Gujarat,The Dangs,472,70
Gujarat,Vadodara,1141,54
Gujarat,Valsad,1369,130
Haryana,Ambala,141,22
Haryana,Bhiwani,534,56
Haryana,Faridabad,1150,54
Haryana,Fatehabad,31,6
Haryana,Gurgaon,353,26
Haryana,Hisar,526,44
Haryana,Jhajjar,77,6
Haryana,Jind,246,43
Haryana,Kaithal,195,68
Haryana,Karnal,513,52
Haryana,Kurukshetra,169,27
Haryana,Mahendragarh,88,12
Haryana,Mewat,180,44
Haryana,Palwal,269,33
Haryana,Panchkula,60,13
Haryana,Panipat,496,28
Haryana,Rewari,83,9
Haryana,Rohtak,494,35
Haryana,Sirsa,134,12
Haryana,Sonipat,176,12
Haryana,Yamuna Nagar,411,34
Himachal Pradesh,Bilaspur,8,3
Himachal Pradesh,Chamba,71,8
Himachal Pradesh,Hamirpur,56,2
Himachal Pradesh,Kangra,183,19
Himachal Pradesh,Kinnaur,27,1
Himachal Pradesh,Kullu,4,2
Himachal Pradesh,Lahul and Spiti,1,0
Himachal Pradesh,Mandi,39,3
Himachal Pradesh,Shimla,120,74
Himachal Pradesh,Sirmaur,69,6
Himachal Pradesh,Solan,67,5
Himachal Pradesh,Una,50,4
Jammu and Kashmir,Anantnag,79,1
Jammu and Kashmir,Badgam,3,2
Jammu and Kashmir,Bandipore,77,13
Jammu and Kashmir,Baramula,107,27
Jammu and Kashmir,Doda,10,0
Jammu and Kashmir,Ganderbal,1,7
Jammu and Kashmir,Jammu,5054,162
Jammu and Kashmir,Kathua,1477,50
Jammu and Kashmir,Kishtwar,0,6
Jammu and Kashmir,Kulgam,0,10
Jammu and Kashmir,Kupwara,15922,296
Jammu and Kashmir,Leh,1,0
Jammu and Kashmir,Pulwama,5,1
Jammu and Kashmir,Punch,1,0
Jammu and Kashmir,Rajouri,8,0
Jammu and Kashmir,Ramban,5,4
Jammu and Kashmir,Reasi,420,5
Jammu and Kashmir,Samba,4,4
Jammu and Kashmir,Srinagar,7,0
Jammu and Kashmir,Udhampur,38,21
Jharkhand,Bokaro,376,70
Jharkhand,Chatra,164,39
Jharkhand,Deoghar,278,50
Jharkhand,Dhanbad,484,149
Jharkhand,Dumka,264,34
Jharkhand,East Singhbhum,117,36
Jharkhand,Garhwa,846,135
Jharkhand,Giridih,2465,384
Jharkhand,Godda,373,79
Jharkhand,Gumla,240,38
Jharkhand,Hazaribagh,141,64
Jharkhand,Jamtara,74,50
Jharkhand,Khunti,56,19
Jharkhand,Koderma,330,50
Jharkhand,Latehar,92,15
Jharkhand,Lohardaga,77,20
Jharkhand,Pakur,232,82
Jharkhand,Palamu,1098,154
Jharkhand,Ramgarh,104,8
Jharkhand,Ranchi,510,125
Jharkhand,Sahebganj,186,52
Jharkhand,Seraikela-Kharsawan,110,40
Jharkhand,Simdega,136,34
Jharkhand,West Singhbhum,114,36
Karnataka,Bagalkot,220,54
Karnataka,Bangalore,1074,120
Karnataka,Bangalore Rural,206,5
Karnataka,Belgaum,906,138
Karnataka,Bellary,1158,114
Karnataka,Bidar,813,142
Karnataka,Bijapur,1625,144
Karnataka,Chamrajanagar,200,32
Karnataka,Chickmagalur,192,34
Karnataka,Chikkaballapur,876,96
Karnataka,Chitradurga,681,52
Karnataka,Dakshina Kannada,134,5
Karnataka,Davangere,759,224
Karnataka,Dharwad,304,105
Karnataka,Gadag,12,13
Karnataka,Gulbarga,1069,240
Karnataka,Hassan,437,68
Karnataka,Haveri,85,873
Karnataka,Kodagu,377,79
Karnataka,Kolar,1498,298
Karnataka,Koppal,78,47
Karnataka,Mandya,698,31
Karnataka,Mysore,347,60
Karnataka,Raichur,133,11
Karnataka,Ramanagar,87,7
Karnataka,Shimoga,106,16
Karnataka,Tumkur,183,51
Karnataka,Udupi,168,16
Karnataka,Uttara Kannada,70,59
Karnataka,Yadgir,279,67
Kerala,Alappuzha,186,27
Kerala,Ernakulam,287,23
Kerala,Idukki,92,12
Kerala,Kannur,295,27
Kerala,Kasaragod,181,37
Kerala,Kollam,346,32
Kerala,Kottayam,273,24
Kerala,Kozhikode,372,30
Kerala,Malappuram,740,48
Kerala,Palakkad,419,17
Kerala,Pathanamthitta,87,14
Kerala,Thiruvananthapuram,901,43
Kerala,Thrissur,513,40
Kerala,Wayanad,131,17
Lakshadweep,Lakshadweep,1,0
Madhya Pradesh,Alirajpur,167,13
Madhya Pradesh,Anuppur,133,16
Madhya Pradesh,Ashok Nagar,872,28
Madhya Pradesh,Balaghat,385,338
Madhya Pradesh,Barwani,1315,102
Madhya Pradesh,Betul,554,18
Madhya Pradesh,Bhind,560,41
Madhya Pradesh,Bhopal,708,29
Madhya Pradesh,Burhanpur,53,30
Madhya Pradesh,Chhatarpur,982,70
Madhya Pradesh,Chhindwara,320,28
Madhya Pradesh,Damoh,693,29
Madhya Pradesh,Datia,425,5
Madhya Pradesh,Dewas,680,63
Madhya Pradesh,Dhar,705,65
Madhya Pradesh,Dindori,369,55
Madhya Pradesh,Guna,570,46
Madhya Pradesh,Gwalior,1695,69
Madhya Pradesh,Harda,67,6
Madhya Pradesh,Hoshangabad,34,6
Madhya Pradesh,Indore,1068,190
Madhya Pradesh,Jabalpur,407,57
Madhya Pradesh,Jhabua,117,16
Madhya Pradesh,Katni,717,17
Madhya Pradesh,Khandwa,227,49
Madhya Pradesh,Khargone,983,74
Madhya Pradesh,Mandla,172,24
Madhya Pradesh,Mandsaur,348,18
Madhya Pradesh,Morena,689,32
Madhya Pradesh,Narsinghpur,293,31
Madhya Pradesh,Neemuch,222,2
Madhya Pradesh,Panna,877,9
Madhya Pradesh,Raisen,321,36
Madhya Pradesh,Rajgarh,1333,43
Madhya Pradesh,Ratlam,368,82
Madhya Pradesh,Rewa,388,73
Madhya Pradesh,Sagar,1221,44
Madhya Pradesh,Satna,324,64
Madhya Pradesh,Sehore,499,26
Madhya Pradesh,Seoni,266,26
Madhya Pradesh,Shahdol,317,18
Madhya Pradesh,Shajapur,163,24
Madhya Pradesh,Sheopur,220,15
Madhya Pradesh,Shivpuri,2009,37
Madhya Pradesh,Sidhi,358,23
Madhya Pradesh,Singrauli,442,22
Madhya Pradesh,Tikamgarh,345,21
Madhya Pradesh,Ujjain,438,36
Madhya Pradesh,Umaria,69,3
Madhya Pradesh,Vidisha,194,20
Maharashtra,Ahmadnagar,770,73
Maharashtra,Akola,969,59
Maharashtra,Amravati,331,59
Maharashtra,Aurangabad,927,115
Maharashtra,Beed,851,71
Maharashtra,Bhandara,283,13
Maharashtra,Buldhana,1078,102
Maharashtra,Chandrapur,379,13
Maharashtra,Dhule,897,68
Maharashtra,Gadchiroli,530,30
Maharashtra,Gondiya,210,54
Maharashtra,Hingoli,653,61
Maharashtra,Jalgaon,634,83
Maharashtra,Jalna,674,77
Maharashtra,Kolhapur,337,41
Maharashtra,Latur,560,54
Maharashtra,Mumbai,1213,89
Maharashtra,Nagpur,491,80
Maharashtra,Nanded,1638,130
Maharashtra,Nandurbar,189,49
Maharashtra,Nashik,1814,88
Maharashtra,Osmanabad,508,29
Maharashtra,Palghar,180,97
Maharashtra,Parbhani,1363,91
Maharashtra,Pune,1312,126
Maharashtra,Raigarh,319,27
Maharashtra,Ratnagiri,623,39
Maharashtra,Sangli,294,22
Maharashtra,Satara,388,47
Maharashtra,Sindhudurg,174,16
Maharashtra,Solapur,1306,125
Maharashtra,Thane,1085,51
Maharashtra,Wardha,73,18
Maharashtra,Washim,1231,32
Maharashtra,Yavatmal,1263,109
Manipur,Bishnupur,10,2
Manipur,Chandel,1,0
Manipur,Churachandpur,143,0
Manipur,Imphal East,401,7
Manipur,Imphal West,235,31
Manipur,Senapati,47,1
Manipur,Tamenglong,99,1
Manipur,Thoubal,10,0
Manipur,Ukhrul,1,0
Meghalaya,East Khasi Hills,7,11
Meghalaya,West Garo Hills,1,0
Mizoram,Aizawl,3190,54
Mizoram,Champhai,3,0
Mizoram,Kolasib,1,0
Mizoram,Lawngtlai,148,1
Mizoram,Lunglei,849,12
Mizoram,Mammit,141,1
Mizoram,Saiha,206,0
Mizoram,Serchhip,1,3
Nagaland,Dimapur,70,1
Nagaland,Kiphire,1,0
Nagaland,Kohima,24,4
Nagaland,Mokokchung,1,0
Nagaland,Phek,1,0
Nagaland,Wokha,1,0
Nagaland,Zunheboto,4,0
Odisha,Angul,57,3
Odisha,Balangir,39,22
Odisha,Baleswar,27,4
Odisha,Bargarh,2018,12
Odisha,Bhadrak,45,3
Odisha,Boudh,15,17
Odisha,Cuttack,93,6
Odisha,Debagarh,17,20
Odisha,Dhenkanal,30,1
Odisha,Gajapati,36,20
Odisha,Ganjam,9047,301
Odisha,Jagatsinghapur,15,4
Odisha,Jajapur,117,12
Odisha,Jharsuguda,2,5
Odisha,Kalahandi,16621,563
Odisha,Kandhamal,1851,0
Odisha,Kendrapara,96,3
Odisha,Kendujhar,1347,6
Odisha,Khorda,215,21
Odisha,Koraput,2423,102
Odisha,Malkangiri,18,2
Odisha,Mayurbhanj,931,12
Odisha,Nabarangapur,48,4
Odisha,Nayagarh,298,3
Odisha,Nuapada,40,18
Odisha,Puri,77,14
Odisha,Rayagada,515,292
Odisha,Sambalpur,4181,280
Odisha,Sonapur,612,19
Odisha,Sundergarh,3283,456
Others,Others,13,142
Puducherry,Karaikal,113,4
Puducherry,Puducherry,47,13
Punjab,Amritsar,876,131
Punjab,Barnala,475,56
Punjab,Bathinda,209,42
Punjab,Faridkot,75,10
Punjab,Fatehgarh Sahib,123,22
Punjab,Fazilka,251,39
Punjab,Ferozepur,451,46
Punjab,Gurdaspur,598,38
Punjab,Hoshiarpur,451,30
Punjab,Jalandhar,655,56
Punjab,Kapurthala,172,32
Punjab,Ludhiana,2338,301
Punjab,Mansa,80,23
Punjab,Moga,452,33
Punjab,Pathankot,85,7
Punjab,Patiala,227,46
Punjab,Rupnagar,164,7
Punjab,SAS Nagar (Mohali),206,45
Punjab,Sangrur,391,31
Punjab,Shaheed Bhagat Singh Nagar,81,8
Punjab,Sri Muktsar Sahib,742,58
Punjab,Tarn Taran,448,47
Rajasthan,Ajmer,1914,388
Rajasthan,Alwar,3297,595
Rajasthan,Banswara,2477,93
Rajasthan,Baran,1900,131
Rajasthan,Barmer,1175,360
Rajasthan,Bharatpur,9052,817
Rajasthan,Bhilwara,2835,244
Rajasthan,Bikaner,2820,263
Rajasthan,Bundi,1361,99
Rajasthan,Chittorgarh,2389,164
Rajasthan,Churu,1513,198
Rajasthan,Dausa,4458,315
Rajasthan,Dholpur,1355,173
Rajasthan,Dungarpur,1439,138
Rajasthan,Ganganagar,1456,146
Rajasthan,Hanumangarh,1730,214
Rajasthan,Jaipur,5489,694
Rajasthan,Jaisalmer,1236,192
Rajasthan,Jalor,992,135
Rajasthan,Jhalawar,2362,124
Rajasthan,Jhunjhunun,2559,223
Rajasthan,Jodhpur,4599,298
Rajasthan,Karauli,2812,204
Rajasthan,Kota,1238,140
Rajasthan,Nagaur,3690,418
Rajasthan,Pali,2147,235
Rajasthan,Pratapgarh,1396,74
Rajasthan,Rajsamand,638,238
Rajasthan,Sawai Madhopur,2218,139
Rajasthan,Sikar,3318,272
Rajasthan,Sirohi,502,282
Rajasthan,Tonk,2684,288
Rajasthan,Udaipur,2245,351
Sikkim,East Sikkim,5,8
Sikkim,North Sikkim,4,1
Sikkim,South Sikkim,7,0
Sikkim,West Sikkim,33,1
Tamil Nadu,Ariyalur,5,1
Tamil Nadu,Chennai,445,57
Tamil Nadu,Coimbatore,197,211
Tamil Nadu,Cuddalore,33,3
Tamil Nadu,Dharmapuri,59,7
Tamil Nadu,Dindigul,236,11
Tamil Nadu,Erode,244,121
Tamil Nadu,Kancheepuram,4679,43
Tamil Nadu,Kanniyakumari,116,130
Tamil Nadu,Karur,330,5
Tamil Nadu,Krishnagiri,12,3
Tamil Nadu,Madurai,31,41
Tamil Nadu,Nagapattinam,7,2
Tamil Nadu,Namakkal,5,9
Tamil Nadu,Perambalur,291,4
Tamil Nadu,Pudukkottai,6,2
Tamil Nadu,Ramanathapuram,6,3
Tamil Nadu,Salem,13,11
Tamil Nadu,Sivaganga,10,1
Tamil Nadu,Thanjavur,66,3
Tamil Nadu,The Nilgiris,283,29
Tamil Nadu,Theni,34,8
Tamil Nadu,Thiruvarur,5,1
Tamil Nadu,Thoothukkudi,10,5
Tamil Nadu,Tiruchirappalli,2606,10
Tamil Nadu,Tirunelveli,9484,24
Tamil Nadu,Tiruppur,107,45
Tamil Nadu,Tiruvallur,682,295
Tamil Nadu,Tiruvannamalai,860,692
Tamil Nadu,Vellore,472,1832
Tamil Nadu,Villupuram,1800,97
Tamil Nadu,Virudhunagar,12,1
Tripura,Dhalai,7,1
Tripura,Gomati,231,7
Tripura,Khowai,12,5
Tripura,North Tripura,79,5
Tripura,Sepahijala,120,16
Tripura,South Tripura,15,2
Tripura,Unakoti,10,2
Tripura,West Tripura,67,15
Uttar Pradesh,Agra,23076,1285
Uttar Pradesh,Aligarh,12719,449
Uttar Pradesh,Allahabad,14676,730
Uttar Pradesh,Ambedkar Nagar,9093,204
Uttar Pradesh,Amethi,794,32
Uttar Pradesh,Amroha,6978,131
Uttar Pradesh,Auraiya,2522,258
Uttar Pradesh,Azamgarh,7427,298
Uttar Pradesh,Baghpat,10689,332
Uttar Pradesh,Bahraich,1917,91
Uttar Pradesh,Ballia,22146,725
Uttar Pradesh,Balrampur,129,17
Uttar Pradesh,Banda,2457,92
Uttar Pradesh,Bara Banki,21122,876
Uttar Pradesh,Bareilly,10350,673
Uttar Pradesh,Basti,13318,236
Uttar Pradesh,Bijnor,29524,875
Uttar Pradesh,Budaun,7388,54
Uttar Pradesh,Bulandshahr,10059,288
Uttar Pradesh,Chandauli,902,115
Uttar Pradesh,Chitrakoot,336,7
Uttar Pradesh,Deoria,7856,528
Uttar Pradesh,Etah,8128,223
Uttar Pradesh,Etawah,720,55
Uttar Pradesh,Faizabad,5303,210
Uttar Pradesh,Farrukhabad,1402,50
Uttar Pradesh,Fatehpur,2833,102
Uttar Pradesh,Firozabad,11366,930
Uttar Pradesh,Gautam Buddha Nagar,3238,128
Uttar Pradesh,Ghaziabad,11200,843
Uttar Pradesh,Ghazipur,11921,252
Uttar Pradesh,Gonda,3537,452
Uttar Pradesh,Gorakhpur,18222,718
Uttar Pradesh,Hamirpur,864,37
Uttar Pradesh,Hapur,3114,137
Uttar Pradesh,Hardoi,3837,158
Uttar Pradesh,Hathras,1605,175
Uttar Pradesh,Jalaun,834,41
Uttar Pradesh,Jaunpur,6836,233
Uttar Pradesh,Jhansi,4791,261
Uttar Pradesh,Kannauj,5694,169
Uttar Pradesh,Kanpur Dehat,4988,110
Uttar Pradesh,Kanpur Nagar,12457,1060
Uttar Pradesh,Kasganj,4257,241
Uttar Pradesh,Kaushambi,1547,123
Uttar Pradesh,Kheri,8545,446
Uttar Pradesh,Kushinagar,4717,1199
Uttar Pradesh,Lalitpur,2069,150
Uttar Pradesh,Lucknow,16942,1233
Uttar Pradesh,Maharajganj,4609,81
Uttar Pradesh,Mahoba,50,5
Uttar Pradesh,Mainpuri,4263,222
Uttar Pradesh,Mathura,10256,317
Uttar Pradesh,Mau,5229,162
Uttar Pradesh,Meerut,11495,711
Uttar Pradesh,Mirzapur,5626,155
Uttar Pradesh,Moradabad,14759,685
Uttar Pradesh,Muzaffarnagar,14964,415
Uttar Pradesh,Pilibhit,2160,369
Uttar Pradesh,Pratapgarh,5505,383
Uttar Pradesh,Rae Bareli,798,73
Uttar Pradesh,Rampur,8057,442
Uttar Pradesh,Saharanpur,13860,648
Uttar Pradesh,Sambhal,8864,194
Uttar Pradesh,Sant Kabir Nagar,241,9
Uttar Pradesh,Sant Ravidas Nagar,1750,88
Uttar Pradesh,Shahjahanpur,3330,164
Uttar Pradesh,Shamli,1611,336
Uttar Pradesh,Shrawasti,533,3
Uttar Pradesh,Siddharthnagar,1444,115
Uttar Pradesh,Sitapur,7592,625
Uttar Pradesh,Sonbhadra,4394,299
Uttar Pradesh,Sultanpur,9563,508
Uttar Pradesh,Unnao,12690,732
Uttar Pradesh,Varanasi,20980,759
Uttarakhand,Almora,551,4
Uttarakhand,Bageshwar,70,4
Uttarakhand,Chamoli,44,2
Uttarakhand,Champawat,65,2
Uttarakhand,Dehradun,7538,192
Uttarakhand,Haridwar,1051,58
Uttarakhand,Nainital,7809,312
Uttarakhand,Pauri Garhwal,495,21
Uttarakhand,Pithoragarh,152,8
Uttarakhand,Rudraprayag,29,0
Uttarakhand,Tehri Garhwal,96,11
Uttarakhand,Udham Singh Nagar,12851,219
Uttarakhand,Uttarkashi,29,0
West Bengal,Bankura,8009,1896
West Bengal,Barddhaman,3894,555
West Bengal,Birbhum,2030,327
West Bengal,Cooch Behar,373,6
West Bengal,Dakshin Dinajpur,69,24
West Bengal,Darjeeling,96,5
West Bengal,Hooghly,1071,61
West Bengal,Howrah,23,9
West Bengal,Jalpaiguri,4660,293
West Bengal,Kolkata,2164,23
West Bengal,Malda,120,9
West Bengal,Murshidabad,795,19
West Bengal,Nadia,1124,69
West Bengal,North 24 Parganas,33257,4414
West Bengal,Paschim Medinipur,8708,1457
West Bengal,Purba Medinipur,549,109
West Bengal,Puruliya,4711,2131
West Bengal,South 24 Parganas,10223,651
West Bengal,Uttar Dinajpur,372,38
