State,District,Aadhaar generated,Enrolment Rejected
Andhra Pradesh,Adilabad,920,191
Andhra Pradesh,Ananthapur,1784,440
Andhra Pradesh,Chittoor,1413,350
Andhra Pradesh,Cuddapah,943,132
Andhra Pradesh,East Godavari,1441,264
Andhra Pradesh,Guntur,1250,194
Andhra Pradesh,Hyderabad,1287,403
Andhra Pradesh,K.v. Rangareddy,1726,614
Andhra Pradesh,Karimnagar,1824,506
Andhra Pradesh,Khammam,1581,463
Andhra Pradesh,Krishna,1110,200
Andhra Pradesh,Kurnool,3503,649
Andhra Pradesh,Mahabubnagar,3450,811
Andhra Pradesh,Medak,1264,379
Andhra Pradesh,Nalgonda,3621,647
Andhra Pradesh,Nellore,1878,436
Andhra Pradesh,Nizamabad,1721,501
Andhra Pradesh,Prakasam,953,322
Andhra Pradesh,Srikakulam,563,138
Andhra Pradesh,Visakhapatnam,1495,259
Andhra Pradesh,Vizianagaram,1896,414
Andhra Pradesh,Warangal,2668,484
Andhra Pradesh,West Godavari,1027,226
Arunachal Pradesh,Changlang,4,0
Arunachal Pradesh,East Kameng,1,0
Arunachal Pradesh,East Siang,1,0
Arunachal Pradesh,Papum Pare,6,0
Arunachal Pradesh,Tawang,111,2
Arunachal Pradesh,West Kameng,9,0
Assam,Baksa,1,0
Assam,Barpeta,10,0
Assam,Bongaigaon,1,0
Assam,Cachar,19,1
Assam,Chirang,2,0
Assam,Darrang,2,0
Assam,Dhemaji,1,0
Assam,Dhubri,4,0
Assam,Dibrugarh,2,1
Assam,Goalpara,1,0
Assam,Golaghat,70,0
Assam,Hailakandi,6,0
Assam,Jorhat,1,0
Assam,Kamrup,13,0
Assam,Karimganj,4,0
Assam,Kokrajhar,1,0
Assam,Lakhimpur,4,0
Assam,Marigaon,5,0
Assam,Nagaon,257,3
Assam,Nalbari,1,0
Assam,Sibsagar,1,2
Assam,Sonitpur,141,0
Assam,Tinsukia,3,0
Assam,Udalguri,4,0
Bihar,Araria,3199,84
Bihar,Arwal,90,15
Bihar,Aurangabad,3203,183
Bihar,Banka,1990,145
Bihar,Begusarai,3708,328
Bihar,Bhagalpur,3047,92
Bihar,Bhojpur,2027,78
Bihar,Buxar,1711,42
Bihar,Darbhanga,2739,94
Bihar,East Champaran,5819,193
Bihar,Gaya,10364,474
Bihar,Gopalganj,5010,196
Bihar,Jamui,3449,194
Bihar,Jehanabad,824,27
Bihar,Kaimur (Bhabua),1743,22
Bihar,Katihar,1017,25
Bihar,Khagaria,2699,100
Bihar,Kishanganj,1232,38
Bihar,Lakhisarai,2213,26
Bihar,Madhepura,801,14
Bihar,Madhubani,2911,128
Bihar,Munger,803,19
Bihar,Muzaffarpur,12282,328
Bihar,Nalanda,3029,167
Bihar,Nawada,2735,112
Bihar,Patna,6924,428
Bihar,Purnia,7412,107
Bihar,Rohtas,1532,45
Bihar,Saharsa,1596,56
Bihar,Samastipur,4602,72
Bihar,Saran,17591,604
Bihar,Sheikhpura,314,5
Bihar,Sheohar,34,2
Bihar,Sitamarhi,7335,115
Bihar,Siwan,7116,140
Bihar,Supaul,2285,81
Bihar,Vaishali,2522,84
Bihar,West Champaran,8939,353
Chandigarh,Chandigarh,148,20
Chhattisgarh,Balod,1917,72
Chhattisgarh,Baloda Bazar,2878,38
Chhattisgarh,Balrampur,56,4
Chhattisgarh,Bastar,691,5
Chhattisgarh,Bemetara,118,4
Chhattisgarh,Bijapur,1,0
Chhattisgarh,Bilaspur,12021,158
Chhattisgarh,Dakshin Bastar Dantewada,38,1
Chhattisgarh,Dhamtari,6,2
Chhattisgarh,Durg,9007,389
Chhattisgarh,Gariyaband,36,2
Chhattisgarh,Janjgir-champa,6200,91
Chhattisgarh,Jashpur,31,1
Chhattisgarh,Kabeerdham,4,1
Chhattisgarh,Kanker,1103,12
Chhattisgarh,Kawardha,10,1
Chhattisgarh,Kondagaon,1992,35
Chhattisgarh,Korba,248,2
Chhattisgarh,Koriya,32,1
Chhattisgarh,Mahasamund,7119,287
Chhattisgarh,Mungeli,420,9
Chhattisgarh,Narayanpur,12,5
Chhattisgarh,Raigarh,3473,819
Chhattisgarh,Raipur,11664,794
Chhattisgarh,Rajnandgaon,10552,414
Chhattisgarh,Sukma,70,2
Chhattisgarh,Surajpur,8,1
Chhattisgarh,Surguja,2404,11
Chhattisgarh,Uttar Bastar Kanker,1549,32
Dadra and Nagar Haveli,Dadra and Nagar Haveli,207,11
Daman and Diu,Daman,7,4
Daman and Diu,Diu,0,2
Delhi,Central Delhi,174,22
Delhi,East Delhi,376,53
Delhi,New Delhi,17,1
Delhi,North Delhi,113,13
Delhi,North East Delhi,512,63
Delhi,North West Delhi,932,118
Delhi,South Delhi,590,87
Delhi,South West Delhi,327,44
Delhi,West Delhi,396,54
Goa,North Goa,4,2
Goa,South Goa,6,0
Gujarat,Ahmedabad,2436,111
Gujarat,Amreli,449,43
Gujarat,Anand,651,78
Gujarat,Banaskantha,256,48
Gujarat,Bharuch,50,2
Gujarat,Bhavnagar,3944,93
Gujarat,Dahod,195,22
Gujarat,Gandhinagar,389,76
Gujarat,Jamnagar,622,26
Gujarat,Junagadh,1044,106
Gujarat,Kachchh,510,6
Gujarat,Kheda,221,29
Gujarat,Mahesana,269,26
Gujarat,Narmada,15,0
Gujarat,Navsari,355,10
Gujarat,Panchmahals,887,403
Gujarat,Patan,314,14
Gujarat,Porbandar,20,5
Gujarat,Rajkot,229,23
Gujarat,Sabarkantha,4632,66
Gujarat,Surat,2940,234
Gujarat,Surendra Nagar,180,15
Gujarat,Tapi,132,1
Gujarat,The Dangs,535,33
Gujarat,Vadodara,294,9
Gujarat,Valsad,590,53
Haryana,Ambala,111,13
Haryana,Bhiwani,139,6
Haryana,Faridabad,257,28
Haryana,Fatehabad,24,0
Haryana,Gurgaon,189,17
Haryana,Hisar,141,17
Haryana,Jhajjar,34,5
Haryana,Jind,464,29
Haryana,Kaithal,280,25
Haryana,Karnal,176,19
Haryana,Kurukshetra,100,10
Haryana,Mahendragarh,86,1
Haryana,Mewat,135,8
Haryana,Palwal,98,41
Haryana,Panchkula,41,2
Haryana,Panipat,92,8
Haryana,Rewari,32,0
Haryana,Rohtak,88,4
Haryana,Sirsa,54,8
Haryana,Sonipat,99,5
Haryana,Yamuna Nagar,198,18
Himachal Pradesh,Bilaspur,4,0
Himachal Pradesh,Chamba,24,2
Himachal Pradesh,Hamirpur,19,7
Himachal Pradesh,Kangra,86,7
Himachal Pradesh,Kinnaur,15,0
Himachal Pradesh,Kullu,8,0
Himachal Pradesh,Mandi,21,0
Himachal Pradesh,Shimla,441,57
Himachal Pradesh,Sirmaur,19,1
Himachal Pradesh,Solan,18,3
Himachal Pradesh,Una,22,2
Jammu and Kashmir,Anantnag,186,2
Jammu and Kashmir,Badgam,169,0
Jammu and Kashmir,Bandipore,33,60
Jammu and Kashmir,Baramula,22,19
Jammu and Kashmir,Doda,15,0
Jammu and Kashmir,Jammu,4455,66
Jammu and Kashmir,Kargil,1,0
Jammu and Kashmir,Kathua,2449,17
Jammu and Kashmir,Kishtwar,3,0
Jammu and Kashmir,Kulgam,2,1
Jammu and Kashmir,Kupwara,8008,138
Jammu and Kashmir,Leh,1,0
Jammu and Kashmir,Pulwama,2,0
Jammu and Kashmir,Punch,5,0
Jammu and Kashmir,Rajouri,4,0
Jammu and Kashmir,Ramban,3,36
Jammu and Kashmir,Reasi,4,1
Jammu and Kashmir,Samba,7,0
Jammu and Kashmir,Srinagar,5,0
Jammu and Kashmir,Udhampur,841,2
Jharkhand,Bokaro,228,26
Jharkhand,Chatra,132,11
Jharkhand,Deoghar,220,34
Jharkhand,Dhanbad,297,28
Jharkhand,Dumka,110,32
Jharkhand,East Singhbhum,77,9
Jharkhand,Garhwa,272,158
Jharkhand,Giridih,1667,390
Jharkhand,Godda,244,58
Jharkhand,Gumla,115,13
Jharkhand,Hazaribagh,173,13
Jharkhand,Jamtara,49,7
Jharkhand,Khunti,54,10
Jharkhand,Koderma,314,45
Jharkhand,Latehar,53,15
Jharkhand,Lohardaga,81,12
Jharkhand,Pakur,275,50
Jharkhand,Palamu,418,294
Jharkhand,Ramgarh,68,39
Jharkhand,Ranchi,432,47
Jharkhand,Sahebganj,137,13
Jharkhand,Seraikela-Kharsawan,87,12
Jharkhand,Simdega,96,11
Jharkhand,West Singhbhum,187,22
Karnataka,Bagalkot,124,24
Karnataka,Bangalore,888,63
Karnataka,Bangalore Rural,36,3
Karnataka,Belgaum,857,72
Karnataka,Bellary,677,102
Karnataka,Bidar,558,40
Karnataka,Bijapur,1356,52
Karnataka,Chamrajanagar,114,2
Karnataka,Chickmagalur,174,6
Karnataka,Chikkaballapur,558,58
Karnataka,Chitradurga,542,52
Karnataka,Dakshina Kannada,1984,28
Karnataka,Davangere,1891,279
Karnataka,Dharwad,136,7
Karnataka,Gadag,110,15
Karnataka,Gulbarga,874,13
Karnataka,Hassan,213,11
Karnataka,Haveri,1248,207
Karnataka,Kodagu,147,0
Karnataka,Kolar,940,265
Karnataka,Koppal,110,14
Karnataka,Mandya,620,56
Karnataka,Mysore,290,19
Karnataka,Raichur,703,15
Karnataka,Ramanagar,61,2
Karnataka,Shimoga,203,0
Karnataka,Tumkur,241,33
Karnataka,Udupi,439,57
Karnataka,Uttara Kannada,152,9
Karnataka,Yadgir,272,52
Kerala,Alappuzha,241,17
Kerala,Ernakulam,378,13
Kerala,Idukki,225,11
Kerala,Kannur,318,10
Kerala,Kasaragod,296,9
Kerala,Kollam,396,29
Kerala,Kottayam,364,15
Kerala,Kozhikode,689,40
Kerala,Malappuram,833,46
Kerala,Palakkad,505,28
Kerala,Pathanamthitta,180,5
Kerala,Thiruvananthapuram,452,29
Kerala,Thrissur,315,17
Kerala,Wayanad,68,9
Lakshadweep,Lakshadweep,3,1
Madhya Pradesh,Alirajpur,89,4
Madhya Pradesh,Anuppur,74,10
Madhya Pradesh,Ashok Nagar,169,5
Madhya Pradesh,Balaghat,288,32
Madhya Pradesh,Barwani,468,56
Madhya Pradesh,Betul,229,31
Madhya Pradesh,Bhind,341,23
Madhya Pradesh,Bhopal,168,20
Madhya Pradesh,Burhanpur,94,13
Madhya Pradesh,Chhatarpur,187,20
Madhya Pradesh,Chhindwara,191,17
Madhya Pradesh,Damoh,139,23
Madhya Pradesh,Datia,157,19
Madhya Pradesh,Dewas,246,58
Madhya Pradesh,Dhar,211,31
Madhya Pradesh,Dindori,185,51
Madhya Pradesh,Guna,172,27
Madhya Pradesh,Gwalior,521,53
Madhya Pradesh,Harda,23,2
Madhya Pradesh,Hoshangabad,122,2
Madhya Pradesh,Indore,548,28
Madhya Pradesh,Jabalpur,276,29
Madhya Pradesh,Jhabua,49,0
Madhya Pradesh,Katni,97,5
Madhya Pradesh,Khandwa,61,12
Madhya Pradesh,Khargone,394,34
Madhya Pradesh,Mandla,332,13
Madhya Pradesh,Mandsaur,142,13
Madhya Pradesh,Morena,269,10
Madhya Pradesh,Narsinghpur,126,13
Madhya Pradesh,Neemuch,258,7
Madhya Pradesh,Panna,34,8
Madhya Pradesh,Raisen,214,22
Madhya Pradesh,Rajgarh,176,18
Madhya Pradesh,Ratlam,264,30
Madhya Pradesh,Rewa,330,28
Madhya Pradesh,Sagar,264,13
Madhya Pradesh,Satna,245,26
Madhya Pradesh,Sehore,96,9
Madhya Pradesh,Seoni,174,15
Madhya Pradesh,Shahdol,64,4
Madhya Pradesh,Shajapur,41,12
Madhya Pradesh,Sheopur,147,4
Madhya Pradesh,Shivpuri,485,61
Madhya Pradesh,Sidhi,73,10
Madhya Pradesh,Singrauli,116,11
Madhya Pradesh,Tikamgarh,252,30
Madhya Pradesh,Ujjain,109,20
Madhya Pradesh,Umaria,25,1
Madhya Pradesh,Vidisha,59,4
Maharashtra,Ahmadnagar,253,21
Maharashtra,Akola,391,19
Maharashtra,Amravati,92,18
Maharashtra,Aurangabad,418,44
Maharashtra,Beed,507,46
Maharashtra,Bhandara,163,6
Maharashtra,Buldhana,583,42
Maharashtra,Chandrapur,83,8
Maharashtra,Dhule,366,29
Maharashtra,Gadchiroli,348,24
Maharashtra,Gondiya,66,8
Maharashtra,Hingoli,223,14
Maharashtra,Jalgaon,247,26
Maharashtra,Jalna,249,33
Maharashtra,Kolhapur,212,4
Maharashtra,Latur,201,31
Maharashtra,Mumbai,585,57
Maharashtra,Nagpur,264,28
Maharashtra,Nanded,623,55
Maharashtra,Nandurbar,123,1
Maharashtra,Nashik,861,64
Maharashtra,Osmanabad,203,32
Maharashtra,Palghar,140,31
Maharashtra,Parbhani,962,41
Maharashtra,Pune,590,31
Maharashtra,Raigarh,241,14
Maharashtra,Ratnagiri,291,9
Maharashtra,Sangli,217,18
Maharashtra,Satara,176,15
Maharashtra,Sindhudurg,183,5
Maharashtra,Solapur,685,44
Maharashtra,Thane,349,19
Maharashtra,Wardha,43,14
Maharashtra,Washim,275,28
Maharashtra,Yavatmal,545,37
Manipur,Bishnupur,1,0
Manipur,Chandel,2,0
Manipur,Churachandpur,2,0
Manipur,Imphal East,207,6
Manipur,Imphal West,330,8
Manipur,Senapati,34,2
Manipur,Tamenglong,42,1
Manipur,Thoubal,4,0
Manipur,Ukhrul,1,0
Meghalaya,East Khasi Hills,88,0
Meghalaya,Ri Bhoi,1,0
Meghalaya,West Garo Hills,1,0
Mizoram,Aizawl,1250,222
Mizoram,Champhai,1,0
Mizoram,Kolasib,16,2
Mizoram,Lawngtlai,97,1
Mizoram,Lunglei,542,25
Mizoram,Mammit,98,1
Mizoram,Saiha,247,3
Nagaland,Dimapur,3,0
Nagaland,Kiphire,1,0
Nagaland,Kohima,6,1
Nagaland,Mokokchung,2,0
Odisha,Angul,3,1
Odisha,Balangir,20,2
Odisha,Baleswar,13,2
Odisha,Bargarh,10,1
Odisha,Bhadrak,23,1
Odisha,Boudh,7,0
Odisha,Cuttack,26,5
Odisha,Debagarh,3,1
Odisha,Dhenkanal,8,3
Odisha,Gajapati,87,3
Odisha,Ganjam,6901,327
Odisha,Jagatsinghapur,11,1
Odisha,Jajapur,23,1
Odisha,Jharsuguda,14,2
Odisha,Kalahandi,17647,406
Odisha,Kandhamal,3,0
Odisha,Kendrapara,23,3
Odisha,Kendujhar,74,1
Odisha,Khorda,50,8
Odisha,Koraput,2653,61
Odisha,Malkangiri,2,0
Odisha,Mayurbhanj,21,6
Odisha,Nabarangapur,26,0
Odisha,Nayagarh,13,2
Odisha,Nuapada,11,0
Odisha,Puri,20,2
Odisha,Rayagada,657,32
Odisha,Sambalpur,4501,70
Odisha,Sonapur,249,6
Odisha,Sundergarh,3591,92
Others,Others,481,5
Puducherry,Karaikal,42,0
Puducherry,Puducherry,33,3
Punjab,Amritsar,484,56
Punjab,Barnala,101,11
Punjab,Bathinda,109,7
Punjab,Faridkot,32,3
Punjab,Fatehgarh Sahib,71,14
Punjab,Fazilka,142,13
Punjab,Ferozepur,179,12
Punjab,Gurdaspur,155,21
Punjab,Hoshiarpur,166,4
Punjab,Jalandhar,317,20
Punjab,Kapurthala,165,15
Punjab,Ludhiana,774,153
Punjab,Mansa,44,11
Punjab,Moga,92,13
Punjab,Pathankot,55,3
Punjab,Patiala,107,9
Punjab,Rupnagar,40,6
Punjab,SAS Nagar (Mohali),135,8
Punjab,Sangrur,94,9
Punjab,Shaheed Bhagat Singh Nagar,40,7
Punjab,Sri Muktsar Sahib,202,11
Punjab,Tarn Taran,149,22
Rajasthan,Ajmer,892,125
Rajasthan,Alwar,3822,467
Rajasthan,Banswara,562,129
Rajasthan,Baran,948,89
Rajasthan,Barmer,891,29
Rajasthan,Bharatpur,4540,491
Rajasthan,Bhilwara,1292,116
Rajasthan,Bikaner,1351,152
Rajasthan,Bundi,1254,112
Rajasthan,Chittorgarh,1465,352
Rajasthan,Churu,1150,134
Rajasthan,Dausa,1542,119
Rajasthan,Dholpur,1155,36
Rajasthan,Dungarpur,1090,62
Rajasthan,Ganganagar,1942,135
Rajasthan,Hanumangarh,1173,52
Rajasthan,Jaipur,3170,504
Rajasthan,Jaisalmer,1176,58
Rajasthan,Jalor,461,90
Rajasthan,Jhalawar,1510,136
Rajasthan,Jhunjhunun,1881,250
Rajasthan,Jodhpur,3561,223
Rajasthan,Karauli,953,173
Rajasthan,Kota,396,73
Rajasthan,Nagaur,2552,151
Rajasthan,Pali,1171,110
Rajasthan,Pratapgarh,339,63
Rajasthan,Rajsamand,576,54
Rajasthan,Sawai Madhopur,1812,133
Rajasthan,Sikar,1913,179
Rajasthan,Sirohi,831,13
Rajasthan,Tonk,1161,59
Rajasthan,Udaipur,1770,403
Sikkim,East Sikkim,18,0
Sikkim,South Sikkim,2,0
Sikkim,West Sikkim,4,0
Tamil Nadu,Ariyalur,0,1
Tamil Nadu,Chennai,655,5
Tamil Nadu,Coimbatore,653,10
Tamil Nadu,Cuddalore,8,0
Tamil Nadu,Dharmapuri,20,3
Tamil Nadu,Dindigul,253,1
Tamil Nadu,Erode,589,6
Tamil Nadu,Kancheepuram,4946,390
Tamil Nadu,Kanniyakumari,1305,6
Tamil Nadu,Karur,15,1
Tamil Nadu,Krishnagiri,13,1
Tamil Nadu,Madurai,54,1
Tamil Nadu,Nagapattinam,6,0
Tamil Nadu,Namakkal,20,1
Tamil Nadu,Perambalur,14,0
Tamil Nadu,Pudukkottai,4,1
Tamil Nadu,Ramanathapuram,12,0
Tamil Nadu,Salem,28,3
Tamil Nadu,Sivaganga,4,2
Tamil Nadu,Thanjavur,13,0
Tamil Nadu,The Nilgiris,197,0
Tamil Nadu,Theni,10,0
Tamil Nadu,Thiruvarur,4,0
Tamil Nadu,Thoothukkudi,21,1
Tamil Nadu,Tiruchirappalli,48,3
Tamil Nadu,Tirunelveli,181,4
Tamil Nadu,Tiruppur,428,6
Tamil Nadu,Tiruvallur,1115,45
Tamil Nadu,Tiruvannamalai,1823,26
Tamil Nadu,Vellore,4030,224
Tamil Nadu,Villupuram,495,6
Tamil Nadu,Virudhunagar,11,1
Tripura,Dhalai,14,1
Tripura,Gomati,241,16
Tripura,Khowai,23,0
Tripura,North Tripura,78,11
Tripura,Sepahijala,258,10
Tripura,South Tripura,471,12
Tripura,Unakoti,52,1
Tripura,West Tripura,81,2
Uttar Pradesh,Agra,10953,1023
Uttar Pradesh,Aligarh,7616,245
Uttar Pradesh,Allahabad,11449,433
Uttar Pradesh,Ambedkar Nagar,5610,125
Uttar Pradesh,Amethi,747,71
Uttar Pradesh,Amroha,2759,131
Uttar Pradesh,Auraiya,3133,83
Uttar Pradesh,Azamgarh,4337,274
Uttar Pradesh,Baghpat,4881,90
Uttar Pradesh,Bahraich,1188,249
Uttar Pradesh,Ballia,17285,637
Uttar Pradesh,Balrampur,91,3
Uttar Pradesh,Banda,2787,280
Uttar Pradesh,Bara Banki,9676,540
Uttar Pradesh,Bareilly,8335,409
Uttar Pradesh,Basti,3592,215
Uttar Pradesh,Bijnor,17412,584
Uttar Pradesh,Budaun,2481,58
Uttar Pradesh,Bulandshahr,5897,481
Uttar Pradesh,Chandauli,1552,27
Uttar Pradesh,Chitrakoot,50,1
Uttar Pradesh,Deoria,6620,131
Uttar Pradesh,Etah,5484,496
Uttar Pradesh,Etawah,470,14
Uttar Pradesh,Faizabad,6455,266
Uttar Pradesh,Farrukhabad,1185,47
Uttar Pradesh,Fatehpur,1863,70
Uttar Pradesh,Firozabad,6618,430
Uttar Pradesh,Gautam Buddha Nagar,1983,55
Uttar Pradesh,Ghaziabad,8075,468
Uttar Pradesh,Ghazipur,5963,204
Uttar Pradesh,Gonda,4751,277
Uttar Pradesh,Gorakhpur,11630,644
Uttar Pradesh,Hamirpur,311,39
Uttar Pradesh,Hapur,2348,86
Uttar Pradesh,Hardoi,2626,26
Uttar Pradesh,Hathras,1048,133
Uttar Pradesh,Jalaun,767,20
Uttar Pradesh,Jaunpur,5993,137
Uttar Pradesh,Jhansi,2371,186
Uttar Pradesh,Kannauj,4694,122
Uttar Pradesh,Kanpur Dehat,2258,48
Uttar Pradesh,Kanpur Nagar,3916,340
Uttar Pradesh,Kasganj,3183,169
Uttar Pradesh,Kaushambi,1607,48
Uttar Pradesh,Kheri,5234,220
Uttar Pradesh,Kushinagar,4614,142
Uttar Pradesh,Lalitpur,2955,115
Uttar Pradesh,Lucknow,10037,790
Uttar Pradesh,Maharajganj,7041,189
Uttar Pradesh,Mahoba,112,11
Uttar Pradesh,Mainpuri,3032,139
Uttar Pradesh,Mathura,4931,326
Uttar Pradesh,Mau,2910,140
Uttar Pradesh,Meerut,6000,383
Uttar Pradesh,Mirzapur,4088,93
Uttar Pradesh,Moradabad,6760,306
Uttar Pradesh,Muzaffarnagar,7224,278
Uttar Pradesh,Pilibhit,3091,138
Uttar Pradesh,Pratapgarh,9524,224
Uttar Pradesh,Rae Bareli,267,41
Uttar Pradesh,Rampur,5808,232
Uttar Pradesh,Saharanpur,6232,300
Uttar Pradesh,Sambhal,5318,173
Uttar Pradesh,Sant Kabir Nagar,106,11
Uttar Pradesh,Sant Ravidas Nagar,954,41
Uttar Pradesh,Shahjahanpur,2151,102
Uttar Pradesh,Shamli,4166,82
Uttar Pradesh,Shrawasti,143,7
Uttar Pradesh,Siddharthnagar,1458,46
Uttar Pradesh,Sitapur,8562,281
Uttar Pradesh,Sonbhadra,2436,116
Uttar Pradesh,Sultanpur,5223,308
Uttar Pradesh,Unnao,7902,380
Uttar Pradesh,Varanasi,9766,403
Uttarakhand,Almora,646,3
Uttarakhand,Bageshwar,26,1
Uttarakhand,Chamoli,16,3
Uttarakhand,Champawat,33,1
Uttarakhand,Dehradun,1304,188
Uttarakhand,Haridwar,603,102
Uttarakhand,Nainital,3264,326
Uttarakhand,Pauri Garhwal,193,8
Uttarakhand,Pithoragarh,82,1
Uttarakhand,Rudraprayag,3,1
Uttarakhand,Tehri Garhwal,108,51
Uttarakhand,Udham Singh Nagar,2407,511
Uttarakhand,Uttarkashi,11,0
West Bengal,Bankura,12124,68
West Bengal,Barddhaman,6149,42
West Bengal,Birbhum,5883,36
West Bengal,Cooch Behar,29,3
West Bengal,Dakshin Dinajpur,34,5
West Bengal,Darjeeling,45,3
West Bengal,Hooghly,6902,99
West Bengal,Howrah,25,2
West Bengal,Jalpaiguri,824,43
West Bengal,Kolkata,406,47
West Bengal,Malda,61,14
West Bengal,Murshidabad,265,14
West Bengal,Nadia,546,9
West Bengal,North 24 Parganas,35402,5079
West Bengal,Paschim Medinipur,6047,19
West Bengal,Purba Medinipur,259,19
West Bengal,Puruliya,3807,18
West Bengal,South 24 Parganas,11991,95
West Bengal,Uttar Dinajpur,100,11
