State,District,Aadhaar generated,Enrolment Rejected
Andhra Pradesh,Adilabad,52,3
Andhra Pradesh,Ananthapur,59,2
Andhra Pradesh,Chittoor,67,2
Andhra Pradesh,Cuddapah,26,0
Andhra Pradesh,East Godavari,53,1
Andhra Pradesh,Guntur,37,0
Andhra Pradesh,Hyderabad,19,1
Andhra Pradesh,K.v. Rangareddy,56,4
Andhra Pradesh,Karimnagar,49,0
Andhra Pradesh,Khammam,57,0
Andhra Pradesh,Krishna,39,1
Andhra Pradesh,Kurnool,169,4
Andhra Pradesh,Mahabubnagar,73,4
Andhra Pradesh,Medak,54,2
Andhra Pradesh,Nalgonda,76,2
Andhra Pradesh,Nellore,117,3
Andhra Pradesh,Nizamabad,52,2
Andhra Pradesh,Prakasam,38,0
Andhra Pradesh,Srikakulam,45,1
Andhra Pradesh,Visakhapatnam,147,3
Andhra Pradesh,Vizianagaram,143,1
Andhra Pradesh,Warangal,86,2
Andhra Pradesh,West Godavari,44,2
Arunachal Pradesh,Tawang,2,0
Assam,Cachar,1,0
Assam,Dhemaji,1,0
Assam,Dibrugarh,1,0
Assam,Golaghat,12,0
Assam,Kamrup,1,0
Assam,Karbi Anglong,3,0
Assam,Lakhimpur,1,0
Assam,Sibsagar,1,0
Assam,Sonitpur,1,0
Assam,Udalguri,1,0
Bihar,Araria,28,0
Bihar,Arwal,11,0
Bihar,Aurangabad,224,0
Bihar,Banka,236,0
Bihar,Begusarai,171,0
Bihar,Bhagalpur,267,0
Bihar,Bhojpur,152,0
Bihar,Buxar,192,2
Bihar,Darbhanga,16,0
Bihar,East Champaran,446,1
Bihar,Gaya,600,4
Bihar,Gopalganj,265,4
Bihar,Jamui,41,0
Bihar,Jehanabad,70,1
Bihar,Kaimur (Bhabua),59,0
Bihar,Katihar,84,0
Bihar,Khagaria,61,0
Bihar,Kishanganj,184,3
Bihar,Lakhisarai,24,0
Bihar,Madhepura,94,0
Bihar,Madhubani,60,0
Bihar,Munger,100,0
Bihar,Muzaffarpur,1264,2
Bihar,Nalanda,161,0
Bihar,Nawada,77,0
Bihar,Patna,646,3
Bihar,Purnia,547,7
Bihar,Rohtas,111,0
Bihar,Saharsa,21,0
Bihar,Samastipur,332,1
Bihar,Saran,356,3
Bihar,Sheikhpura,46,0
Bihar,Sheohar,3,0
Bihar,Sitamarhi,339,0
Bihar,Siwan,165,0
Bihar,Supaul,94,0
Bihar,Vaishali,205,0
Bihar,West Champaran,407,3
Chandigarh,Chandigarh,4,0
Chhattisgarh,Balod,102,1
Chhattisgarh,Baloda Bazar,158,0
Chhattisgarh,Bastar,39,0
Chhattisgarh,Bemetara,10,0
Chhattisgarh,Bilaspur,1030,0
Chhattisgarh,Dakshin Bastar Dantewada,2,0
Chhattisgarh,Dhamtari,1,0
Chhattisgarh,Durg,533,4
Chhattisgarh,Gariyaband,2,0
Chhattisgarh,Janjgir-champa,312,1
Chhattisgarh,Jashpur,7,0
Chhattisgarh,Kabeerdham,1,0
Chhattisgarh,Kanker,103,0
Chhattisgarh,Kondagaon,125,0
Chhattisgarh,Korba,1,0
Chhattisgarh,Koriya,9,0
Chhattisgarh,Mahasamund,390,0
Chhattisgarh,Mungeli,199,0
Chhattisgarh,Narayanpur,29,0
Chhattisgarh,Raigarh,131,0
Chhattisgarh,Raipur,469,2
Chhattisgarh,Rajnandgaon,805,2
Chhattisgarh,Surguja,100,0
Chhattisgarh,Uttar Bastar Kanker,128,0
Dadra and Nagar Haveli,Dadra and Nagar Haveli,25,0
Delhi,Central Delhi,12,0
Delhi,East Delhi,34,0
Delhi,New Delhi,3,0
Delhi,North Delhi,12,0
Delhi,North East Delhi,38,0
Delhi,North West Delhi,62,1
Delhi,South Delhi,82,1
Delhi,South West Delhi,26,3
Delhi,West Delhi,63,1
Goa,North Goa,1,0
Gujarat,Ahmedabad,261,3
Gujarat,Amreli,13,1
Gujarat,Anand,6,0
Gujarat,Banaskantha,66,0
Gujarat,Bharuch,4,0
Gujarat,Bhavnagar,157,0
Gujarat,Dahod,27,0
Gujarat,Gandhinagar,58,0
Gujarat,Jamnagar,29,0
Gujarat,Junagadh,75,0
Gujarat,Kachchh,60,1
Gujarat,Kheda,6,0
Gujarat,Mahesana,2,0
Gujarat,Navsari,21,0
Gujarat,Panchmahals,91,2
Gujarat,Patan,23,0
Gujarat,Porbandar,9,2
Gujarat,Rajkot,23,0
Gujarat,Sabarkantha,145,0
Gujarat,Surat,158,2
Gujarat,Surendra Nagar,55,0
Gujarat,Tapi,18,0
Gujarat,The Dangs,2,0
Gujarat,Vadodara,52,0
Gujarat,Valsad,37,0
Haryana,Ambala,4,0
Haryana,Bhiwani,27,0
Haryana,Faridabad,61,1
Haryana,Fatehabad,1,0
Haryana,Gurgaon,17,1
Haryana,Hisar,25,0
Haryana,Jhajjar,5,0
Haryana,Jind,7,0
Haryana,Kaithal,5,0
Haryana,Karnal,28,0
Haryana,Kurukshetra,4,0
Haryana,Mahendragarh,5,0
Haryana,Mewat,10,0
Haryana,Palwal,5,0
Haryana,Panchkula,5,0
Haryana,Panipat,19,0
Haryana,Rewari,1,0
Haryana,Rohtak,24,0
Haryana,Sirsa,11,0
Haryana,Sonipat,9,0
Haryana,Yamuna Nagar,25,0
Himachal Pradesh,Chamba,7,0
Himachal Pradesh,Kangra,4,0
Himachal Pradesh,Kinnaur,2,0
Himachal Pradesh,Mandi,1,0
Himachal Pradesh,Shimla,7,0
Himachal Pradesh,Sirmaur,3,0
Himachal Pradesh,Solan,3,0
Himachal Pradesh,Una,2,0
Jammu and Kashmir,Anantnag,4,0
Jammu and Kashmir,Doda,1,0
Jammu and Kashmir,Jammu,126,0
Jammu and Kashmir,Kathua,5,0
Jammu and Kashmir,Kupwara,21,0
Jammu and Kashmir,Rajouri,1,0
Jammu and Kashmir,Reasi,18,0
Jharkhand,Bokaro,21,1
Jharkhand,Chatra,6,0
Jharkhand,Deoghar,10,0
Jharkhand,Dhanbad,25,0
Jharkhand,Dumka,12,0
Jharkhand,East Singhbhum,3,0
Jharkhand,Garhwa,9,1
Jharkhand,Giridih,63,4
Jharkhand,Godda,8,0
Jharkhand,Gumla,13,0
Jharkhand,Hazaribagh,6,0
Jharkhand,Jamtara,5,0
Jharkhand,Khunti,2,0
Jharkhand,Koderma,24,0
Jharkhand,Latehar,4,0
Jharkhand,Lohardaga,1,0
Jharkhand,Pakur,4,0
Jharkhand,Palamu,7,0
Jharkhand,Ramgarh,5,0
Jharkhand,Ranchi,19,1
Jharkhand,Sahebganj,6,0
Jharkhand,Seraikela-Kharsawan,4,0
Jharkhand,Simdega,5,0
Jharkhand,West Singhbhum,2,0
Karnataka,Bagalkot,5,0
Karnataka,Bangalore,64,1
Karnataka,Bangalore Rural,12,0
Karnataka,Belgaum,44,0
Karnataka,Bellary,9,0
Karnataka,Bidar,37,0
Karnataka,Bijapur,99,0
Karnataka,Chamrajanagar,13,1
Karnataka,Chickmagalur,7,0
Karnataka,Chikkaballapur,60,0
Karnataka,Chitradurga,26,0
Karnataka,Dakshina Kannada,6,0
Karnataka,Davangere,43,0
Karnataka,Dharwad,20,0
Karnataka,Gadag,1,0
Karnataka,Gulbarga,57,3
Karnataka,Hassan,22,0
Karnataka,Haveri,3,0
Karnataka,Kodagu,25,0
Karnataka,Kolar,76,0
Karnataka,Mandya,25,1
Karnataka,Mysore,22,2
Karnataka,Raichur,5,0
Karnataka,Ramanagar,5,0
Karnataka,Shimoga,8,0
Karnataka,Tumkur,2,0
Karnataka,Udupi,14,0
Karnataka,Uttara Kannada,2,0
Karnataka,Yadgir,11,0
Kerala,Alappuzha,6,0
Kerala,Ernakulam,6,0
Kerala,Idukki,7,0
Kerala,Kannur,11,1
Kerala,Kasaragod,7,1
Kerala,Kollam,12,0
Kerala,Kottayam,11,0
Kerala,Kozhikode,5,0
Kerala,Malappuram,32,0
Kerala,Palakkad,12,0
Kerala,Pathanamthitta,4,0
Kerala,Thiruvananthapuram,50,1
Kerala,Thrissur,30,0
Kerala,Wayanad,8,0
Lakshadweep,Lakshadweep,1,0
Madhya Pradesh,Alirajpur,9,0
Madhya Pradesh,Anuppur,2,0
Madhya Pradesh,Ashok Nagar,32,0
Madhya Pradesh,Balaghat,3,0
Madhya Pradesh,Barwani,51,1
Madhya Pradesh,Betul,33,1
Madhya Pradesh,Bhind,36,13
Madhya Pradesh,Bhopal,45,0
Madhya Pradesh,Burhanpur,8,0
Madhya Pradesh,Chhatarpur,41,0
Madhya Pradesh,Chhindwara,14,0
Madhya Pradesh,Damoh,28,0
Madhya Pradesh,Datia,18,0
Madhya Pradesh,Dewas,41,0
Madhya Pradesh,Dhar,33,0
Madhya Pradesh,Dindori,3,0
Madhya Pradesh,Guna,27,0
Madhya Pradesh,Gwalior,87,0
Madhya Pradesh,Harda,3,0
Madhya Pradesh,Hoshangabad,4,0
Madhya Pradesh,Indore,62,0
Madhya Pradesh,Jabalpur,23,3
Madhya Pradesh,Jhabua,10,0
Madhya Pradesh,Katni,44,1
Madhya Pradesh,Khandwa,7,0
Madhya Pradesh,Khargone,41,1
Madhya Pradesh,Mandla,16,0
Madhya Pradesh,Mandsaur,18,0
Madhya Pradesh,Morena,26,0
Madhya Pradesh,Narsinghpur,13,0
Madhya Pradesh,Neemuch,16,0
Madhya Pradesh,Panna,42,0
Madhya Pradesh,Raisen,11,0
Madhya Pradesh,Rajgarh,87,0
Madhya Pradesh,Ratlam,13,1
Madhya Pradesh,Rewa,12,0
Madhya Pradesh,Sagar,65,0
Madhya Pradesh,Satna,24,0
Madhya Pradesh,Sehore,21,0
Madhya Pradesh,Seoni,13,0
Madhya Pradesh,Shahdol,24,0
Madhya Pradesh,Shajapur,9,1
Madhya Pradesh,Sheopur,13,0
Madhya Pradesh,Shivpuri,67,0
Madhya Pradesh,Sidhi,14,0
Madhya Pradesh,Singrauli,20,0
Madhya Pradesh,Tikamgarh,27,0
Madhya Pradesh,Ujjain,27,0
Madhya Pradesh,Umaria,2,0
Madhya Pradesh,Vidisha,6,0
Maharashtra,Ahmadnagar,44,1
Maharashtra,Akola,41,0
Maharashtra,Amravati,20,0
Maharashtra,Aurangabad,54,0
Maharashtra,Beed,37,0
Maharashtra,Bhandara,18,0
Maharashtra,Buldhana,45,0
Maharashtra,Chandrapur,26,0
Maharashtra,Dhule,38,0
Maharashtra,Gadchiroli,13,0
Maharashtra,Gondiya,10,0
Maharashtra,Hingoli,36,0
Maharashtra,Jalgaon,32,0
Maharashtra,Jalna,29,0
Maharashtra,Kolhapur,18,0
Maharashtra,Latur,16,0
Maharashtra,Mumbai,65,0
Maharashtra,Nagpur,23,0
Maharashtra,Nanded,74,0
Maharashtra,Nandurbar,14,0
Maharashtra,Nashik,91,0
Maharashtra,Osmanabad,10,1
Maharashtra,Palghar,4,0
Maharashtra,Parbhani,74,0
Maharashtra,Pune,77,0
Maharashtra,Raigarh,23,0
Maharashtra,Ratnagiri,25,0
Maharashtra,Sangli,23,0
Maharashtra,Satara,34,0
Maharashtra,Sindhudurg,5,0
Maharashtra,Solapur,55,0
Maharashtra,Thane,52,0
Maharashtra,Wardha,3,0
Maharashtra,Washim,50,0
Maharashtra,Yavatmal,55,0
Manipur,Churachandpur,10,0
Manipur,Imphal West,6,0
Manipur,Senapati,2,0
Manipur,Tamenglong,11,0
Mizoram,Aizawl,1,0
Mizoram,Lawngtlai,7,0
Mizoram,Lunglei,6,0
Mizoram,Saiha,2,0
Mizoram,Serchhip,1,0
Nagaland,Dimapur,7,0
Nagaland,Kohima,1,0
Odisha,Angul,1,0
Odisha,Balangir,2,0
Odisha,Baleswar,1,0
Odisha,Bargarh,111,0
Odisha,Bhadrak,2,0
Odisha,Cuttack,2,0
Odisha,Ganjam,208,0
Odisha,Jajapur,5,0
Odisha,Kalahandi,156,2
Odisha,Kandhamal,96,0
Odisha,Kendrapara,6,0
Odisha,Kendujhar,78,0
Odisha,Khorda,4,0
Odisha,Koraput,56,0
Odisha,Mayurbhanj,63,1
Odisha,Nabarangapur,1,0
Odisha,Nayagarh,17,0
Odisha,Puri,3,0
Odisha,Sambalpur,82,0
Odisha,Sonapur,39,0
Odisha,Sundergarh,66,4
Others,Others,4,0
Puducherry,Karaikal,7,0
Puducherry,Puducherry,2,0
Punjab,Amritsar,35,0
Punjab,Barnala,23,0
Punjab,Bathinda,10,0
Punjab,Faridkot,6,0
Punjab,Fatehgarh Sahib,2,0
Punjab,Fazilka,8,0
Punjab,Ferozepur,18,0
Punjab,Gurdaspur,25,0
Punjab,Hoshiarpur,33,0
Punjab,Jalandhar,32,0
Punjab,Kapurthala,8,0
Punjab,Ludhiana,106,0
Punjab,Mansa,5,0
Punjab,Moga,25,0
Punjab,Pathankot,3,0
Punjab,Patiala,8,0
Punjab,Rupnagar,6,0
Punjab,SAS Nagar (Mohali),16,0
Punjab,Sangrur,17,0
Punjab,Shaheed Bhagat Singh Nagar,3,0
Punjab,Sri Muktsar Sahib,34,1
Punjab,Tarn Taran,15,0
Rajasthan,Ajmer,65,0
Rajasthan,Alwar,93,3
Rajasthan,Banswara,106,0
Rajasthan,Baran,86,0
Rajasthan,Barmer,55,0
Rajasthan,Bharatpur,377,1
Rajasthan,Bhilwara,102,0
Rajasthan,Bikaner,145,1
Rajasthan,Bundi,59,0
Rajasthan,Chittorgarh,61,1
Rajasthan,Churu,80,1
Rajasthan,Dausa,181,0
Rajasthan,Dholpur,86,0
Rajasthan,Dungarpur,46,0
Rajasthan,Ganganagar,59,0
Rajasthan,Hanumangarh,64,1
Rajasthan,Jaipur,264,2
Rajasthan,Jaisalmer,43,0
Rajasthan,Jalor,23,5
Rajasthan,Jhalawar,71,0
Rajasthan,Jhunjhunun,82,0
Rajasthan,Jodhpur,183,0
Rajasthan,Karauli,98,1
Rajasthan,Kota,49,0
Rajasthan,Nagaur,149,2
Rajasthan,Pali,104,0
Rajasthan,Pratapgarh,58,0
Rajasthan,Rajsamand,12,0
Rajasthan,Sawai Madhopur,78,0
Rajasthan,Sikar,141,0
Rajasthan,Sirohi,24,3
Rajasthan,Tonk,139,0
Rajasthan,Udaipur,61,0
Sikkim,West Sikkim,3,0
Tamil Nadu,Chennai,22,0
Tamil Nadu,Coimbatore,11,0
Tamil Nadu,Cuddalore,1,0
Tamil Nadu,Dharmapuri,1,0
Tamil Nadu,Dindigul,11,0
Tamil Nadu,Erode,17,0
Tamil Nadu,Kancheepuram,5,0
Tamil Nadu,Karur,18,0
Tamil Nadu,Madurai,1,0
Tamil Nadu,Perambalur,17,0
Tamil Nadu,Salem,1,0
Tamil Nadu,Thanjavur,2,0
Tamil Nadu,The Nilgiris,17,4
Tamil Nadu,Tiruchirappalli,157,0
Tamil Nadu,Tirunelveli,547,0
Tamil Nadu,Tiruppur,6,0
Tamil Nadu,Tiruvallur,40,4
Tamil Nadu,Tiruvannamalai,56,0
Tamil Nadu,Vellore,15,0
Tamil Nadu,Villupuram,91,0
Tripura,Gomati,7,0
Tripura,North Tripura,1,0
Tripura,Sepahijala,3,0
Tripura,South Tripura,6,0
Uttar Pradesh,Agra,911,1
Uttar Pradesh,Aligarh,477,0
Uttar Pradesh,Allahabad,396,2
Uttar Pradesh,Ambedkar Nagar,316,0
Uttar Pradesh,Amethi,17,1
Uttar Pradesh,Amroha,241,0
Uttar Pradesh,Auraiya,94,0
Uttar Pradesh,Azamgarh,287,2
Uttar Pradesh,Baghpat,555,0
Uttar Pradesh,Bahraich,54,1
Uttar Pradesh,Ballia,763,1
Uttar Pradesh,Balrampur,3,0
Uttar Pradesh,Banda,67,0
Uttar Pradesh,Bara Banki,597,0
Uttar Pradesh,Bareilly,478,4
Uttar Pradesh,Basti,513,0
Uttar Pradesh,Bijnor,1303,3
Uttar Pradesh,Budaun,403,1
Uttar Pradesh,Bulandshahr,291,1
Uttar Pradesh,Chandauli,36,1
Uttar Pradesh,Chitrakoot,18,0
Uttar Pradesh,Deoria,347,0
Uttar Pradesh,Etah,285,2
Uttar Pradesh,Etawah,27,0
Uttar Pradesh,Faizabad,293,2
Uttar Pradesh,Farrukhabad,78,0
Uttar Pradesh,Fatehpur,154,1
Uttar Pradesh,Firozabad,339,1
Uttar Pradesh,Gautam Buddha Nagar,143,0
Uttar Pradesh,Ghaziabad,394,0
Uttar Pradesh,Ghazipur,443,2
Uttar Pradesh,Gonda,139,1
Uttar Pradesh,Gorakhpur,625,2
Uttar Pradesh,Hamirpur,4,0
Uttar Pradesh,Hapur,110,0
Uttar Pradesh,Hardoi,149,0
Uttar Pradesh,Hathras,79,1
Uttar Pradesh,Jalaun,39,0
Uttar Pradesh,Jaunpur,208,1
Uttar Pradesh,Jhansi,180,0
Uttar Pradesh,Kannauj,108,0
Uttar Pradesh,Kanpur Dehat,300,1
Uttar Pradesh,Kanpur Nagar,496,0
Uttar Pradesh,Kasganj,254,0
Uttar Pradesh,Kaushambi,68,0
Uttar Pradesh,Kheri,278,0
Uttar Pradesh,Kushinagar,146,0
Uttar Pradesh,Lalitpur,76,0
Uttar Pradesh,Lucknow,719,1
Uttar Pradesh,Maharajganj,107,0
Uttar Pradesh,Mahoba,1,0
Uttar Pradesh,Mainpuri,102,0
Uttar Pradesh,Mathura,281,0
Uttar Pradesh,Mau,117,0
Uttar Pradesh,Meerut,593,4
Uttar Pradesh,Mirzapur,223,0
Uttar Pradesh,Moradabad,630,8
Uttar Pradesh,Muzaffarnagar,556,0
Uttar Pradesh,Pilibhit,106,16
Uttar Pradesh,Pratapgarh,180,4
Uttar Pradesh,Rae Bareli,18,0
Uttar Pradesh,Rampur,338,2
Uttar Pradesh,Saharanpur,609,0
Uttar Pradesh,Sambhal,330,1
Uttar Pradesh,Sant Kabir Nagar,14,0
Uttar Pradesh,Sant Ravidas Nagar,91,0
Uttar Pradesh,Shahjahanpur,122,0
Uttar Pradesh,Shamli,44,1
Uttar Pradesh,Shrawasti,23,0
Uttar Pradesh,Siddharthnagar,54,1
Uttar Pradesh,Sitapur,427,0
Uttar Pradesh,Sonbhadra,156,0
Uttar Pradesh,Sultanpur,378,0
Uttar Pradesh,Unnao,578,2
Uttar Pradesh,Varanasi,851,1
Uttarakhand,Almora,22,0
Uttarakhand,Dehradun,286,0
Uttarakhand,Haridwar,21,2
Uttarakhand,Nainital,164,0
Uttarakhand,Pauri Garhwal,23,0
Uttarakhand,Pithoragarh,3,0
Uttarakhand,Rudraprayag,2,0
Uttarakhand,Tehri Garhwal,1,0
Uttarakhand,Udham Singh Nagar,568,0
Uttarakhand,Uttarkashi,1,0
West Bengal,Bankura,463,4
West Bengal,Barddhaman,241,0
West Bengal,Birbhum,150,0
West Bengal,Cooch Behar,21,0
West Bengal,Dakshin Dinajpur,2,0
West Bengal,Darjeeling,4,0
West Bengal,Hooghly,2,0
West Bengal,Howrah,1,0
West Bengal,Jalpaiguri,248,0
West Bengal,Kolkata,1,0
West Bengal,Malda,5,0
West Bengal,Murshidabad,43,0
West Bengal,Nadia,54,0
West Bengal,North 24 Parganas,862,2
West Bengal,Paschim Medinipur,452,0
West Bengal,Purba Medinipur,24,1
West Bengal,Puruliya,257,1
West Bengal,South 24 Parganas,364,4
West Bengal,Uttar Dinajpur,1,0
