State,District,Aadhaar generated,Enrolment Rejected
Andhra Pradesh,Adilabad,322,34
Andhra Pradesh,Ananthapur,1142,92
Andhra Pradesh,Chittoor,679,132
Andhra Pradesh,Cuddapah,279,7
Andhra Pradesh,East Godavari,536,31
Andhra Pradesh,Guntur,412,27
Andhra Pradesh,Hyderabad,884,69
Andhra Pradesh,K.v. Rangareddy,1089,110
Andhra Pradesh,Karimnagar,1262,134
Andhra Pradesh,Khammam,966,94
Andhra Pradesh,Krishna,472,18
Andhra Pradesh,Kurnool,1427,81
Andhra Pradesh,Mahabubnagar,1765,180
Andhra Pradesh,Medak,1122,112
Andhra Pradesh,Nalgonda,1720,183
Andhra Pradesh,Nellore,1030,134
Andhra Pradesh,Nizamabad,1314,156
Andhra Pradesh,Prakasam,603,44
Andhra Pradesh,Srikakulam,413,49
Andhra Pradesh,Visakhapatnam,596,161
Andhra Pradesh,Vizianagaram,1029,57
Andhra Pradesh,Warangal,2370,218
Andhra Pradesh,West Godavari,671,31
Arunachal Pradesh,Changlang,1,0
Arunachal Pradesh,East Siang,1,0
Arunachal Pradesh,Tawang,9,0
Arunachal Pradesh,Tirap,1,0
Arunachal Pradesh,West Siang,1,0
Assam,Baksa,1,0
Assam,Barpeta,7,0
Assam,Cachar,9,0
Assam,Darrang,1,0
Assam,Dhubri,1,0
Assam,Golaghat,1,0
Assam,Kamrup,2,0
Assam,Karbi Anglong,1,0
Assam,Karimganj,3,2
Assam,Kokrajhar,2,0
Assam,Lakhimpur,1,0
Assam,Nagaon,579,4
Assam,Nalbari,2,0
Assam,Sibsagar,1,0
Assam,Sonitpur,116,0
Bihar,Araria,892,33
Bihar,Arwal,24,1
Bihar,Aurangabad,1630,44
Bihar,Banka,1871,28
Bihar,Begusarai,363,23
Bihar,Bhagalpur,1281,58
Bihar,Bhojpur,558,24
Bihar,Buxar,695,16
Bihar,Darbhanga,777,104
Bihar,East Champaran,5159,102
Bihar,Gaya,5900,86
Bihar,Gopalganj,1195,36
Bihar,Jamui,415,17
Bihar,Jehanabad,1187,13
Bihar,Kaimur (Bhabua),519,3
Bihar,Katihar,362,48
Bihar,Khagaria,2174,21
Bihar,Kishanganj,5949,111
Bihar,Lakhisarai,1104,40
Bihar,Madhepura,753,3
Bihar,Madhubani,1183,34
Bihar,Munger,1375,10
Bihar,Muzaffarpur,7403,145
Bihar,Nalanda,1278,94
Bihar,Nawada,1856,27
Bihar,Patna,5447,135
Bihar,Purnia,1638,61
Bihar,Rohtas,2655,30
Bihar,Saharsa,598,17
Bihar,Samastipur,4961,53
Bihar,Saran,3119,122
Bihar,Sheikhpura,24,0
Bihar,Sheohar,13,0
Bihar,Sitamarhi,3551,24
Bihar,Siwan,2481,48
Bihar,Supaul,748,19
Bihar,Vaishali,4067,32
Bihar,West Champaran,1894,58
Chandigarh,Chandigarh,52,3
Chhattisgarh,Balod,1220,10
Chhattisgarh,Baloda Bazar,334,15
Chhattisgarh,Balrampur,28,8
Chhattisgarh,Bastar,98,1
Chhattisgarh,Bemetara,42,1
Chhattisgarh,Bijapur,34,0
Chhattisgarh,Bilaspur,4740,146
Chhattisgarh,Dakshin Bastar Dantewada,44,1
Chhattisgarh,Dhamtari,8,1
Chhattisgarh,Durg,6003,66
Chhattisgarh,Gariyaband,10,0
Chhattisgarh,Janjgir-champa,5010,86
Chhattisgarh,Jashpur,5,1
Chhattisgarh,Kanker,865,6
Chhattisgarh,Kawardha,7,0
Chhattisgarh,Kondagaon,491,21
Chhattisgarh,Korba,63,3
Chhattisgarh,Koriya,23,0
Chhattisgarh,Mahasamund,2345,43
Chhattisgarh,Mungeli,1549,86
Chhattisgarh,Narayanpur,80,3
Chhattisgarh,Raigarh,362,161
Chhattisgarh,Raipur,6732,201
Chhattisgarh,Rajnandgaon,1680,17
Chhattisgarh,Sukma,83,0
Chhattisgarh,Surajpur,3,0
Chhattisgarh,Surguja,1008,6
Chhattisgarh,Uttar Bastar Kanker,463,10
Dadra and Nagar Haveli,Dadra and Nagar Haveli,2151,2
Daman and Diu,Daman,1,0
Delhi,Central Delhi,88,12
Delhi,East Delhi,53,5
Delhi,New Delhi,3,2
Delhi,North Delhi,23,2
Delhi,North East Delhi,47,13
Delhi,North West Delhi,325,21
Delhi,South Delhi,212,34
Delhi,South West Delhi,146,6
Delhi,West Delhi,194,6
Goa,North Goa,1,3
Gujarat,Ahmedabad,1022,530
Gujarat,Amreli,119,21
Gujarat,Anand,62,1
Gujarat,Banaskantha,222,1
Gujarat,Bharuch,12,0
Gujarat,Bhavnagar,69,3
Gujarat,Dahod,66,8
Gujarat,Gandhinagar,247,16
Gujarat,Jamnagar,34,1
Gujarat,Junagadh,25,3
Gujarat,Kachchh,466,1
Gujarat,Kheda,11,3
Gujarat,Mahesana,5,2
Gujarat,Navsari,63,0
Gujarat,Panchmahals,120,8
Gujarat,Patan,6,0
Gujarat,Porbandar,3,0
Gujarat,Rajkot,143,4
Gujarat,Sabarkantha,163,10
Gujarat,Surat,105,22
Gujarat,Surendra Nagar,634,1
Gujarat,Tapi,1,0
Gujarat,The Dangs,7,2
Gujarat,Vadodara,786,45
Gujarat,Valsad,9,0
Haryana,Ambala,5,2
Haryana,Bhiwani,7,1
Haryana,Faridabad,120,1
Haryana,Fatehabad,0,2
Haryana,Gurgaon,51,4
Haryana,Hisar,24,5
Haryana,Jhajjar,4,6
Haryana,Jind,73,6
Haryana,Kaithal,38,1
Haryana,Karnal,54,2
Haryana,Kurukshetra,1,0
Haryana,Mahendragarh,4,0
Haryana,Mewat,4,3
Haryana,Palwal,17,0
Haryana,Panchkula,7,0
Haryana,Panipat,183,10
Haryana,Rewari,4,0
Haryana,Rohtak,10,2
Haryana,Sirsa,30,1
Haryana,Sonipat,50,3
Haryana,Yamuna Nagar,4,1
Himachal Pradesh,Bilaspur,2,1
Himachal Pradesh,Chamba,2,0
Himachal Pradesh,Hamirpur,8,1
Himachal Pradesh,Kangra,38,1
Himachal Pradesh,Kinnaur,15,0
Himachal Pradesh,Kullu,17,0
Himachal Pradesh,Mandi,24,3
Himachal Pradesh,Shimla,69,3
Himachal Pradesh,Sirmaur,13,2
Himachal Pradesh,Solan,14,0
Himachal Pradesh,Una,7,1
Jammu and Kashmir,Anantnag,87,1
Jammu and Kashmir,Badgam,282,0
Jammu and Kashmir,Bandipore,0,24
Jammu and Kashmir,Baramula,3,6
Jammu and Kashmir,Doda,10,0
Jammu and Kashmir,Ganderbal,0,2
Jammu and Kashmir,Jammu,4088,67
Jammu and Kashmir,Kathua,1105,3
Jammu and Kashmir,Kishtwar,3,0
Jammu and Kashmir,Kupwara,66,1
Jammu and Kashmir,Punch,5,0
Jammu and Kashmir,Rajouri,5,0
Jammu and Kashmir,Ramban,2,30
Jammu and Kashmir,Reasi,1,0
Jammu and Kashmir,Samba,3,0
Jammu and Kashmir,Udhampur,13,0
Jharkhand,Bokaro,136,6
Jharkhand,Chatra,50,1
Jharkhand,Deoghar,130,10
Jharkhand,Dhanbad,71,2
Jharkhand,Dumka,92,0
Jharkhand,East Singhbhum,2,0
Jharkhand,Garhwa,217,18
Jharkhand,Giridih,252,18
Jharkhand,Godda,92,2
Jharkhand,Gumla,44,0
Jharkhand,Hazaribagh,52,3
Jharkhand,Jamtara,16,1
Jharkhand,Khunti,21,0
Jharkhand,Koderma,206,6
Jharkhand,Latehar,13,2
Jharkhand,Lohardaga,35,3
Jharkhand,Pakur,60,4
Jharkhand,Palamu,140,17
Jharkhand,Ramgarh,18,1
Jharkhand,Ranchi,150,1
Jharkhand,Sahebganj,69,1
Jharkhand,Seraikela-Kharsawan,9,0
Jharkhand,Simdega,20,0
Jharkhand,West Singhbhum,59,3
Karnataka,Bagalkot,5,2
Karnataka,Bangalore,57,1
Karnataka,Bangalore Rural,4,0
Karnataka,Belgaum,13,8
Karnataka,Bellary,4,0
Karnataka,Bidar,201,34
Karnataka,Bijapur,225,13
Karnataka,Chamrajanagar,27,0
Karnataka,Chickmagalur,95,1
Karnataka,Chikkaballapur,47,0
Karnataka,Chitradurga,47,0
Karnataka,Dakshina Kannada,56,1
Karnataka,Davangere,114,3
Karnataka,Dharwad,3,0
Karnataka,Gulbarga,1864,18
Karnataka,Hassan,333,4
Karnataka,Haveri,3,0
Karnataka,Kodagu,1921,56
Karnataka,Kolar,639,3
Karnataka,Koppal,7,22
Karnataka,Mandya,78,4
Karnataka,Mysore,61,1
Karnataka,Raichur,495,379
Karnataka,Ramanagar,6,1
Karnataka,Shimoga,1,0
Karnataka,Tumkur,78,7
Karnataka,Udupi,55,1
Karnataka,Uttara Kannada,12,0
Karnataka,Yadgir,34,1
Kerala,Alappuzha,136,6
Kerala,Ernakulam,91,8
Kerala,Idukki,175,12
Kerala,Kannur,188,11
Kerala,Kasaragod,49,0
Kerala,Kollam,231,9
Kerala,Kottayam,115,7
Kerala,Kozhikode,197,3
Kerala,Malappuram,187,2
Kerala,Palakkad,303,17
Kerala,Pathanamthitta,27,0
Kerala,Thiruvananthapuram,150,7
Kerala,Thrissur,61,3
Kerala,Wayanad,11,0
Lakshadweep,Lakshadweep,2,0
Madhya Pradesh,Alirajpur,0,2
Madhya Pradesh,Anuppur,83,12
Madhya Pradesh,Ashok Nagar,4,0
Madhya Pradesh,Balaghat,72,7
Madhya Pradesh,Barwani,100,10
Madhya Pradesh,Betul,39,1
Madhya Pradesh,Bhind,205,2
Madhya Pradesh,Bhopal,18,3
Madhya Pradesh,Burhanpur,4,2
Madhya Pradesh,Chhatarpur,61,10
Madhya Pradesh,Chhindwara,46,1
Madhya Pradesh,Damoh,67,5
Madhya Pradesh,Datia,14,3
Madhya Pradesh,Dewas,61,0
Madhya Pradesh,Dhar,391,60
Madhya Pradesh,Dindori,53,11
Madhya Pradesh,Guna,201,26
Madhya Pradesh,Gwalior,107,14
Madhya Pradesh,Harda,2,0
Madhya Pradesh,Hoshangabad,19,0
Madhya Pradesh,Indore,85,8
Madhya Pradesh,Jabalpur,115,2
Madhya Pradesh,Jhabua,24,0
Madhya Pradesh,Katni,35,0
Madhya Pradesh,Khandwa,1,0
Madhya Pradesh,Khargone,215,8
Madhya Pradesh,Mandla,63,3
Madhya Pradesh,Mandsaur,1,0
Madhya Pradesh,Morena,89,5
Madhya Pradesh,Narsinghpur,24,0
Madhya Pradesh,Neemuch,21,0
Madhya Pradesh,Panna,22,2
Madhya Pradesh,Raisen,15,1
Madhya Pradesh,Rajgarh,270,5
Madhya Pradesh,Ratlam,73,9
Madhya Pradesh,Rewa,96,5
Madhya Pradesh,Sagar,123,9
Madhya Pradesh,Satna,101,33
Madhya Pradesh,Sehore,29,1
Madhya Pradesh,Seoni,51,3
Madhya Pradesh,Shahdol,165,22
Madhya Pradesh,Shajapur,2,1
Madhya Pradesh,Sheopur,86,3
Madhya Pradesh,Shivpuri,436,29
Madhya Pradesh,Sidhi,27,4
Madhya Pradesh,Singrauli,19,3
Madhya Pradesh,Tikamgarh,59,0
Madhya Pradesh,Ujjain,37,5
Madhya Pradesh,Umaria,6,0
Madhya Pradesh,Vidisha,20,8
Maharashtra,Ahmadnagar,79,3
Maharashtra,Akola,93,5
Maharashtra,Amravati,27,4
Maharashtra,Aurangabad,135,5
Maharashtra,Beed,142,1
Maharashtra,Bhandara,13,0
Maharashtra,Buldhana,339,56
Maharashtra,Chandrapur,13,1
Maharashtra,Dhule,162,11
Maharashtra,Gadchiroli,30,1
Maharashtra,Gondiya,15,0
Maharashtra,Hingoli,156,4
Maharashtra,Jalgaon,132,24
Maharashtra,Jalna,298,5
Maharashtra,Kolhapur,28,2
Maharashtra,Latur,384,7
Maharashtra,Mumbai,113,1
Maharashtra,Nagpur,27,4
Maharashtra,Nanded,246,12
Maharashtra,Nandurbar,13,0
Maharashtra,Nashik,455,30
Maharashtra,Osmanabad,68,5
Maharashtra,Palghar,5,16
Maharashtra,Parbhani,300,8
Maharashtra,Pune,122,6
Maharashtra,Raigarh,58,5
Maharashtra,Ratnagiri,46,0
Maharashtra,Sangli,12,1
Maharashtra,Satara,58,0
Maharashtra,Sindhudurg,42,0
Maharashtra,Solapur,258,3
Maharashtra,Thane,115,3
Maharashtra,Wardha,6,0
Maharashtra,Washim,64,6
Maharashtra,Yavatmal,266,3
Manipur,Bishnupur,6,0
Manipur,Churachandpur,6,0
Manipur,Imphal East,26,0
Manipur,Imphal West,102,0
Manipur,Senapati,9,0
Manipur,Tamenglong,1,0
Manipur,Thoubal,14,0
Manipur,Ukhrul,1,0
Meghalaya,Jaintia Hills,1,0
Meghalaya,West Khasi Hills,1,0
Mizoram,Aizawl,0,15
Mizoram,Lawngtlai,1,0
Mizoram,Saiha,5,4
Nagaland,Kohima,15,8
Nagaland,Mokokchung,1,0
Nagaland,Mon,1,3
Nagaland,Wokha,0,1
Odisha,Angul,2,0
Odisha,Balangir,0,3
Odisha,Baleswar,625,162
Odisha,Bargarh,1,0
Odisha,Bhadrak,470,0
Odisha,Boudh,1,0
Odisha,Cuttack,6,0
Odisha,Dhenkanal,2991,4
Odisha,Ganjam,2012,4
Odisha,Jagatsinghapur,4,0
Odisha,Jajapur,3,0
Odisha,Kalahandi,6377,34
Odisha,Kendrapara,43,1
Odisha,Kendujhar,2,0
Odisha,Khorda,13,0
Odisha,Koraput,752,6
Odisha,Mayurbhanj,609,0
Odisha,Nayagarh,8,0
Odisha,Puri,2,0
Odisha,Rayagada,225,0
Odisha,Sambalpur,1,37
Odisha,Sundergarh,3,0
Puducherry,Karaikal,29,3
Puducherry,Puducherry,17,0
Punjab,Amritsar,298,7
Punjab,Barnala,21,6
Punjab,Bathinda,82,8
Punjab,Faridkot,56,9
Punjab,Fatehgarh Sahib,46,7
Punjab,Fazilka,104,25
Punjab,Ferozepur,285,19
Punjab,Gurdaspur,64,7
Punjab,Hoshiarpur,104,3
Punjab,Jalandhar,345,14
Punjab,Kapurthala,56,5
Punjab,Ludhiana,503,32
Punjab,Mansa,17,6
Punjab,Moga,19,1
Punjab,Pathankot,48,2
Punjab,Patiala,102,7
Punjab,Rupnagar,29,1
Punjab,SAS Nagar (Mohali),70,6
Punjab,Sangrur,68,4
Punjab,Shaheed Bhagat Singh Nagar,71,3
Punjab,Sri Muktsar Sahib,340,28
Punjab,Tarn Taran,69,3
Rajasthan,Ajmer,473,73
Rajasthan,Alwar,539,18
Rajasthan,Banswara,113,7
Rajasthan,Baran,1035,20
Rajasthan,Barmer,582,15
Rajasthan,Bharatpur,1013,77
Rajasthan,Bhilwara,258,12
Rajasthan,Bikaner,119,3
Rajasthan,Bundi,155,0
Rajasthan,Chittorgarh,690,51
Rajasthan,Churu,131,12
Rajasthan,Dausa,1063,22
Rajasthan,Dholpur,1313,4
Rajasthan,Dungarpur,710,8
Rajasthan,Ganganagar,746,37
Rajasthan,Hanumangarh,2110,84
Rajasthan,Jaipur,1213,50
Rajasthan,Jaisalmer,243,9
Rajasthan,Jalor,657,77
Rajasthan,Jhalawar,627,6
Rajasthan,Jhunjhunun,915,16
Rajasthan,Jodhpur,351,17
Rajasthan,Karauli,389,5
Rajasthan,Kota,44,1
Rajasthan,Nagaur,1058,55
Rajasthan,Pali,261,14
Rajasthan,Pratapgarh,95,15
Rajasthan,Rajsamand,337,26
Rajasthan,Sawai Madhopur,1327,13
Rajasthan,Sikar,1397,44
Rajasthan,Sirohi,295,11
Rajasthan,Tonk,158,2
Rajasthan,Udaipur,877,57
Tamil Nadu,Chennai,4,0
Tamil Nadu,Coimbatore,70,93
Tamil Nadu,Cuddalore,5,2
Tamil Nadu,Dindigul,2,0
Tamil Nadu,Kancheepuram,40,67
Tamil Nadu,Kanniyakumari,2,0
Tamil Nadu,Karur,2,2
Tamil Nadu,Krishnagiri,2,2
Tamil Nadu,Madurai,2,0
Tamil Nadu,Nagapattinam,2,1
Tamil Nadu,Salem,2,0
Tamil Nadu,The Nilgiris,1,0
Tamil Nadu,Theni,1,0
Tamil Nadu,Thiruvarur,3,0
Tamil Nadu,Thoothukkudi,2,2
Tamil Nadu,Tiruchirappalli,198,29
Tamil Nadu,Tirunelveli,1508,5
Tamil Nadu,Tiruppur,302,1308
Tamil Nadu,Tiruvallur,5,2
Tamil Nadu,Tiruvannamalai,13,36
Tamil Nadu,Vellore,490,3
Tamil Nadu,Villupuram,3,0
Tamil Nadu,Virudhunagar,1,0
Tripura,Dhalai,2,0
Tripura,Gomati,239,13
Tripura,Sepahijala,62,2
Tripura,South Tripura,146,26
Tripura,Unakoti,1,0
Tripura,West Tripura,7,0
Uttar Pradesh,Agra,1768,95
Uttar Pradesh,Aligarh,4622,58
Uttar Pradesh,Allahabad,3484,86
Uttar Pradesh,Ambedkar Nagar,1269,48
Uttar Pradesh,Amethi,954,227
Uttar Pradesh,Amroha,884,65
Uttar Pradesh,Auraiya,541,59
Uttar Pradesh,Azamgarh,1719,56
Uttar Pradesh,Baghpat,2035,43
Uttar Pradesh,Bahraich,881,141
Uttar Pradesh,Ballia,2834,416
Uttar Pradesh,Balrampur,52,2
Uttar Pradesh,Banda,649,46
Uttar Pradesh,Bara Banki,1155,103
Uttar Pradesh,Bareilly,1665,36
Uttar Pradesh,Basti,2422,224
Uttar Pradesh,Bijnor,3655,86
Uttar Pradesh,Budaun,1929,24
Uttar Pradesh,Bulandshahr,3786,323
Uttar Pradesh,Chandauli,81,10
Uttar Pradesh,Chitrakoot,6,0
Uttar Pradesh,Deoria,2451,35
Uttar Pradesh,Etah,2240,42
Uttar Pradesh,Etawah,155,5
Uttar Pradesh,Faizabad,1760,97
Uttar Pradesh,Farrukhabad,816,15
Uttar Pradesh,Fatehpur,151,11
Uttar Pradesh,Firozabad,1934,24
Uttar Pradesh,Gautam Buddha Nagar,635,18
Uttar Pradesh,Ghaziabad,2784,172
Uttar Pradesh,Ghazipur,2162,11
Uttar Pradesh,Gonda,2298,115
Uttar Pradesh,Gorakhpur,3664,313
Uttar Pradesh,Hamirpur,22,0
Uttar Pradesh,Hapur,49,14
Uttar Pradesh,Hardoi,2717,54
Uttar Pradesh,Hathras,552,67
Uttar Pradesh,Jalaun,37,3
Uttar Pradesh,Jaunpur,2913,73
Uttar Pradesh,Jhansi,174,50
Uttar Pradesh,Kannauj,564,34
Uttar Pradesh,Kanpur Dehat,2149,63
Uttar Pradesh,Kanpur Nagar,2471,76
Uttar Pradesh,Kasganj,586,78
Uttar Pradesh,Kaushambi,517,8
Uttar Pradesh,Kheri,1134,107
Uttar Pradesh,Kushinagar,2017,37
Uttar Pradesh,Lalitpur,1087,199
Uttar Pradesh,Lucknow,1699,101
Uttar Pradesh,Maharajganj,2249,29
Uttar Pradesh,Mahoba,6,1
Uttar Pradesh,Mainpuri,1930,120
Uttar Pradesh,Mathura,716,31
Uttar Pradesh,Mau,1190,17
Uttar Pradesh,Meerut,2914,436
Uttar Pradesh,Mirzapur,3418,59
Uttar Pradesh,Moradabad,1571,67
Uttar Pradesh,Muzaffarnagar,2024,47
Uttar Pradesh,Pilibhit,565,30
Uttar Pradesh,Pratapgarh,968,42
Uttar Pradesh,Rae Bareli,18,2
Uttar Pradesh,Rampur,1441,28
Uttar Pradesh,Saharanpur,3254,85
Uttar Pradesh,Sambhal,764,32
Uttar Pradesh,Sant Kabir Nagar,20,0
Uttar Pradesh,Sant Ravidas Nagar,318,11
Uttar Pradesh,Shahjahanpur,2330,60
Uttar Pradesh,Shamli,1967,118
Uttar Pradesh,Shrawasti,205,0
Uttar Pradesh,Siddharthnagar,774,24
Uttar Pradesh,Sitapur,1393,53
Uttar Pradesh,Sonbhadra,1909,217
Uttar Pradesh,Sultanpur,1233,89
Uttar Pradesh,Unnao,1339,196
Uttar Pradesh,Varanasi,2182,106
Uttarakhand,Almora,118,3
Uttarakhand,Bageshwar,4,0
Uttarakhand,Chamoli,12,3
Uttarakhand,Champawat,8,2
Uttarakhand,Dehradun,934,44
Uttarakhand,Haridwar,1169,185
Uttarakhand,Nainital,1237,53
Uttarakhand,Pauri Garhwal,319,22
Uttarakhand,Pithoragarh,12,1
Uttarakhand,Rudraprayag,5,0
Uttarakhand,Tehri Garhwal,13,4
Uttarakhand,Udham Singh Nagar,202,38
Uttarakhand,Uttarkashi,22,1
West Bengal,Bankura,460,1
West Bengal,Barddhaman,2978,26
West Bengal,Birbhum,394,2
West Bengal,Cooch Behar,9,0
West Bengal,Dakshin Dinajpur,6,0
West Bengal,Darjeeling,64,1
West Bengal,Hooghly,769,6
West Bengal,Howrah,10,0
West Bengal,Jalpaiguri,690,15
West Bengal,Kolkata,8,3
West Bengal,Malda,7,2
West Bengal,Murshidabad,129,5
West Bengal,Nadia,6,3
West Bengal,North 24 Parganas,6619,3797
West Bengal,Paschim Medinipur,4008,20
West Bengal,Purba Medinipur,5,10
West Bengal,Puruliya,20350,40
West Bengal,South 24 Parganas,2484,20
West Bengal,Uttar Dinajpur,33,5
