State,District,Aadhaar generated,Enrolment Rejected
Andaman and Nicobar Islands,South Andaman,2,0
Andhra Pradesh,Adilabad,187,46
Andhra Pradesh,Ananthapur,140,217
Andhra Pradesh,Chittoor,163,186
Andhra Pradesh,Cuddapah,72,111
Andhra Pradesh,East Godavari,132,61
Andhra Pradesh,Guntur,150,145
Andhra Pradesh,Hyderabad,579,220
Andhra Pradesh,K.v. Rangareddy,625,270
Andhra Pradesh,Karimnagar,180,139
Andhra Pradesh,Khammam,161,56
Andhra Pradesh,Krishna,124,92
Andhra Pradesh,Kurnool,1222,343
Andhra Pradesh,Mahabubnagar,798,246
Andhra Pradesh,Medak,221,130
Andhra Pradesh,Nalgonda,448,141
Andhra Pradesh,Nellore,109,120
Andhra Pradesh,Nizamabad,136,139
Andhra Pradesh,Prakasam,51,57
Andhra Pradesh,Srikakulam,155,55
Andhra Pradesh,Visakhapatnam,383,171
Andhra Pradesh,Vizianagaram,183,290
Andhra Pradesh,Warangal,296,159
Andhra Pradesh,West Godavari,157,43
Arunachal Pradesh,Lower Subansiri,0,1
Arunachal Pradesh,Papum Pare,0,1
Assam,Barpeta,1,0
Assam,Cachar,1,0
Assam,Hailakandi,1,0
Assam,Karimganj,1,0
Assam,Lakhimpur,1,0
Assam,Nagaon,0,1
Assam,Sonitpur,1,4
Bihar,Araria,0,5
Bihar,Arwal,24,12
Bihar,Aurangabad,5,66
Bihar,Banka,1,35
Bihar,Begusarai,8,42
Bihar,Bhagalpur,6,49
Bihar,Bhojpur,4,6
Bihar,Buxar,4,11
Bihar,Darbhanga,22,6
Bihar,East Champaran,40,170
Bihar,Gaya,5,71
Bihar,Gopalganj,22,14
Bihar,Jamui,3,7
Bihar,Jehanabad,2,4
Bihar,Kaimur (Bhabua),4,4
Bihar,Katihar,28,9
Bihar,Khagaria,1,22
Bihar,Kishanganj,34,57
Bihar,Lakhisarai,2,16
Bihar,Madhepura,0,10
Bihar,Madhubani,10,18
Bihar,Munger,2,24
Bihar,Muzaffarpur,10,87
Bihar,Nalanda,19,16
Bihar,Nawada,2,13
Bihar,Patna,32,171
Bihar,Purnia,15,67
Bihar,Rohtas,32,22
Bihar,Saharsa,22,5
Bihar,Samastipur,1,23
Bihar,Saran,281,78
Bihar,Sheikhpura,7,4
Bihar,Sheohar,15,0
Bihar,Sitamarhi,2,19
Bihar,Siwan,6,41
Bihar,Supaul,1,8
Bihar,Vaishali,8,46
Bihar,West Champaran,1,72
Chandigarh,Chandigarh,33,4
Chhattisgarh,Balod,4,18
Chhattisgarh,Baloda Bazar,1,9
Chhattisgarh,Balrampur,6,4
Chhattisgarh,Bemetara,1,1
Chhattisgarh,Bilaspur,0,233
Chhattisgarh,Dhamtari,29,0
Chhattisgarh,Durg,0,59
Chhattisgarh,Janjgir-champa,3,20
Chhattisgarh,Jashpur,2,0
Chhattisgarh,Kanker,0,6
Chhattisgarh,Kondagaon,0,4
Chhattisgarh,Korba,5,0
Chhattisgarh,Koriya,8,4
Chhattisgarh,Mahasamund,5,31
Chhattisgarh,Mungeli,168,16
Chhattisgarh,Narayanpur,0,1
Chhattisgarh,Raigarh,1,22
Chhattisgarh,Raipur,5,88
Chhattisgarh,Rajnandgaon,3,59
Chhattisgarh,Sukma,0,2
Chhattisgarh,Surajpur,1,0
Chhattisgarh,Surguja,1,16
Chhattisgarh,Uttar Bastar Kanker,0,7
Dadra and Nagar Haveli,Dadra and Nagar Haveli,13,9
Daman and Diu,Daman,10,2
Daman and Diu,Diu,5,0
Delhi,Central Delhi,28,9
Delhi,East Delhi,140,19
Delhi,New Delhi,4,0
Delhi,North Delhi,40,5
Delhi,North East Delhi,237,22
Delhi,North West Delhi,221,40
Delhi,South Delhi,224,29
Delhi,South West Delhi,189,41
Delhi,West Delhi,169,25
Goa,North Goa,156,2
Goa,South Goa,29,0
Gujarat,Ahmedabad,168,64
Gujarat,Amreli,28,4
Gujarat,Anand,39,8
Gujarat,Banaskantha,84,41
Gujarat,Bharuch,38,10
Gujarat,Bhavnagar,54,31
Gujarat,Dahod,65,2
Gujarat,Gandhinagar,15,8
Gujarat,Jamnagar,25,3
Gujarat,Junagadh,109,47
Gujarat,Kachchh,20,4
Gujarat,Kheda,17,0
Gujarat,Mahesana,94,3
Gujarat,Narmada,44,1
Gujarat,Navsari,69,1
Gujarat,Panchmahals,20,10
Gujarat,Patan,19,4
Gujarat,Porbandar,26,0
Gujarat,Rajkot,143,9
Gujarat,Sabarkantha,16,36
Gujarat,Surat,117,81
Gujarat,Surendra Nagar,50,4
Gujarat,Tapi,12,1
Gujarat,The Dangs,0,1
Gujarat,Vadodara,78,8
Gujarat,Valsad,55,7
Haryana,Ambala,77,1
Haryana,Bhiwani,29,2
Haryana,Faridabad,177,11
Haryana,Fatehabad,21,0
Haryana,Gurgaon,348,5
Haryana,Hisar,35,3
Haryana,Jhajjar,21,8
Haryana,Jind,17,9
Haryana,Kaithal,26,0
Haryana,Karnal,68,7
Haryana,Kurukshetra,36,0
Haryana,Mahendragarh,17,3
Haryana,Mewat,17,7
Haryana,Palwal,21,16
Haryana,Panchkula,29,0
Haryana,Panipat,20,12
Haryana,Rewari,39,1
Haryana,Rohtak,26,0
Haryana,Sirsa,48,5
Haryana,Sonipat,149,12
Haryana,Yamuna Nagar,20,0
Himachal Pradesh,Bilaspur,3,1
Himachal Pradesh,Chamba,38,1
Himachal Pradesh,Hamirpur,16,0
Himachal Pradesh,Kangra,77,8
Himachal Pradesh,Kinnaur,1,0
Himachal Pradesh,Kullu,9,2
Himachal Pradesh,Mandi,13,3
Himachal Pradesh,Shimla,26,18
Himachal Pradesh,Sirmaur,17,6
Himachal Pradesh,Solan,15,0
Himachal Pradesh,Una,4,0
Jammu and Kashmir,Anantnag,1,0
Jammu and Kashmir,Bandipore,1,0
Jammu and Kashmir,Baramula,1,0
Jammu and Kashmir,Ganderbal,1,0
Jammu and Kashmir,Jammu,3,8
Jammu and Kashmir,Kathua,3,1
Jammu and Kashmir,Kishtwar,1,0
Jammu and Kashmir,Kulgam,6,0
Jammu and Kashmir,Kupwara,2,5
Jammu and Kashmir,Leh,2,0
Jammu and Kashmir,Pulwama,1,0
Jammu and Kashmir,Rajouri,1,0
Jammu and Kashmir,Ramban,1,1
Jammu and Kashmir,Reasi,1,0
Jammu and Kashmir,Samba,1,0
Jammu and Kashmir,Udhampur,0,4
Jharkhand,Bokaro,94,10
Jharkhand,Chatra,88,5
Jharkhand,Deoghar,106,7
Jharkhand,Dhanbad,103,14
Jharkhand,Dumka,93,21
Jharkhand,East Singhbhum,51,0
Jharkhand,Garhwa,85,16
Jharkhand,Giridih,97,40
Jharkhand,Godda,81,4
Jharkhand,Gumla,73,10
Jharkhand,Hazaribagh,98,13
Jharkhand,Jamtara,46,1
Jharkhand,Khunti,12,9
Jharkhand,Koderma,35,2
Jharkhand,Latehar,101,3
Jharkhand,Lohardaga,28,3
Jharkhand,Pakur,53,4
Jharkhand,Palamu,566,12
Jharkhand,Ramgarh,50,0
Jharkhand,Ranchi,257,15
Jharkhand,Sahebganj,55,7
Jharkhand,Seraikela-Kharsawan,48,2
Jharkhand,Simdega,38,0
Jharkhand,West Singhbhum,102,2
Karnataka,Bagalkot,78,94
Karnataka,Bangalore,385,12
Karnataka,Bangalore Rural,141,13
Karnataka,Belgaum,756,69
Karnataka,Bellary,121,40
Karnataka,Bidar,77,9
Karnataka,Bijapur,57,31
Karnataka,Chamrajanagar,33,3
Karnataka,Chickmagalur,18,0
Karnataka,Chikkaballapur,119,19
Karnataka,Chitradurga,117,17
Karnataka,Dakshina Kannada,315,1
Karnataka,Davangere,121,183
Karnataka,Dharwad,126,38
Karnataka,Gadag,23,82
Karnataka,Gulbarga,79,144
Karnataka,Hassan,41,15
Karnataka,Haveri,123,141
Karnataka,Kodagu,18,99
Karnataka,Kolar,168,82
Karnataka,Koppal,31,3
Karnataka,Mandya,110,23
Karnataka,Mysore,188,24
Karnataka,Raichur,55,4
Karnataka,Ramanagar,46,2
Karnataka,Shimoga,22,1
Karnataka,Tumkur,176,1
Karnataka,Udupi,82,1
Karnataka,Uttara Kannada,50,1
Karnataka,Yadgir,53,4
Kerala,Alappuzha,908,2
Kerala,Ernakulam,1222,3
Kerala,Idukki,928,3
Kerala,Kannur,609,6
Kerala,Kasaragod,1004,4
Kerala,Kollam,929,4
Kerala,Kottayam,757,4
Kerala,Kozhikode,2178,9
Kerala,Malappuram,1765,14
Kerala,Palakkad,821,6
Kerala,Pathanamthitta,614,3
Kerala,Thiruvananthapuram,587,10
Kerala,Thrissur,579,1
Kerala,Wayanad,392,3
Madhya Pradesh,Alirajpur,35,5
Madhya Pradesh,Anuppur,31,6
Madhya Pradesh,Ashok Nagar,29,0
Madhya Pradesh,Balaghat,64,17
Madhya Pradesh,Barwani,27,23
Madhya Pradesh,Betul,49,2
Madhya Pradesh,Bhind,28,23
Madhya Pradesh,Bhopal,147,4
Madhya Pradesh,Burhanpur,9,0
Madhya Pradesh,Chhatarpur,41,13
Madhya Pradesh,Chhindwara,124,9
Madhya Pradesh,Damoh,37,10
Madhya Pradesh,Datia,18,2
Madhya Pradesh,Dewas,11,9
Madhya Pradesh,Dhar,64,14
Madhya Pradesh,Dindori,14,4
Madhya Pradesh,Guna,42,1
Madhya Pradesh,Gwalior,85,10
Madhya Pradesh,Harda,26,2
Madhya Pradesh,Hoshangabad,100,2
Madhya Pradesh,Indore,164,37
Madhya Pradesh,Jabalpur,166,18
Madhya Pradesh,Jhabua,35,8
Madhya Pradesh,Katni,30,5
Madhya Pradesh,Khandwa,47,8
Madhya Pradesh,Khargone,39,9
Madhya Pradesh,Mandla,31,6
Madhya Pradesh,Mandsaur,58,7
Madhya Pradesh,Morena,27,12
Madhya Pradesh,Narsinghpur,56,3
Madhya Pradesh,Neemuch,31,2
Madhya Pradesh,Panna,36,6
Madhya Pradesh,Raisen,37,10
Madhya Pradesh,Rajgarh,20,6
Madhya Pradesh,Ratlam,53,8
Madhya Pradesh,Rewa,64,8
Madhya Pradesh,Sagar,82,12
Madhya Pradesh,Satna,91,6
Madhya Pradesh,Sehore,27,5
Madhya Pradesh,Seoni,64,5
Madhya Pradesh,Shahdol,22,8
Madhya Pradesh,Shajapur,10,4
Madhya Pradesh,Sheopur,1,1
Madhya Pradesh,Shivpuri,19,8
Madhya Pradesh,Sidhi,27,1
Madhya Pradesh,Singrauli,37,1
Madhya Pradesh,Tikamgarh,24,1
Madhya Pradesh,Ujjain,166,20
Madhya Pradesh,Umaria,49,0
Madhya Pradesh,Vidisha,95,23
Maharashtra,Ahmadnagar,359,32
Maharashtra,Akola,86,20
Maharashtra,Amravati,186,21
Maharashtra,Aurangabad,428,38
Maharashtra,Beed,213,30
Maharashtra,Bhandara,202,18
Maharashtra,Buldhana,120,25
Maharashtra,Chandrapur,162,11
Maharashtra,Dhule,278,16
Maharashtra,Gadchiroli,79,18
Maharashtra,Gondiya,107,20
Maharashtra,Hingoli,34,14
Maharashtra,Jalgaon,291,19
Maharashtra,Jalna,218,31
Maharashtra,Kolhapur,263,21
Maharashtra,Latur,112,100
Maharashtra,Mumbai,729,9
Maharashtra,Nagpur,325,21
Maharashtra,Nanded,84,43
Maharashtra,Nandurbar,287,5
Maharashtra,Nashik,565,32
Maharashtra,Osmanabad,55,33
Maharashtra,Palghar,256,7
Maharashtra,Parbhani,51,26
Maharashtra,Pune,521,20
Maharashtra,Raigarh,81,4
Maharashtra,Ratnagiri,45,3
Maharashtra,Sangli,363,9
Maharashtra,Satara,156,5
Maharashtra,Sindhudurg,39,6
Maharashtra,Solapur,87,15
Maharashtra,Thane,385,7
Maharashtra,Wardha,120,4
Maharashtra,Washim,73,19
Maharashtra,Yavatmal,148,19
Manipur,Chandel,1,0
Manipur,Churachandpur,3,0
Manipur,Imphal East,2,10
Manipur,Imphal West,7,3
Manipur,Senapati,1,0
Manipur,Tamenglong,0,1
Manipur,Thoubal,2,1
Meghalaya,East Khasi Hills,0,2
Mizoram,Aizawl,163,16
Mizoram,Kolasib,0,1
Nagaland,Dimapur,5,0
Nagaland,Kohima,2,0
Nagaland,Mokokchung,2,0
Nagaland,Mon,1,0
Nagaland,Phek,3,0
Nagaland,Tuensang,6,0
Nagaland,Zunheboto,4,0
Odisha,Angul,22,0
Odisha,Balangir,33,1
Odisha,Baleswar,34,669
Odisha,Bargarh,5,0
Odisha,Bhadrak,19,917
Odisha,Boudh,8,0
Odisha,Cuttack,69,0
Odisha,Debagarh,6,0
Odisha,Dhenkanal,19,35
Odisha,Gajapati,14,0
Odisha,Ganjam,32,107
Odisha,Jagatsinghapur,9,1
Odisha,Jajapur,29,87
Odisha,Kalahandi,605,168
Odisha,Kandhamal,2,1
Odisha,Kendrapara,7,2
Odisha,Kendujhar,17,76
Odisha,Khorda,44,1
Odisha,Koraput,194,38
Odisha,Mayurbhanj,40,842
Odisha,Nabarangapur,16,2
Odisha,Nayagarh,23,1
Odisha,Nuapada,4,0
Odisha,Puri,34,0
Odisha,Rayagada,189,385
Odisha,Sambalpur,3,48
Odisha,Sonapur,7,1
Odisha,Sundergarh,20,23
Puducherry,Karaikal,7,0
Puducherry,Puducherry,59,0
Punjab,Amritsar,131,47
Punjab,Barnala,6,11
Punjab,Bathinda,46,13
Punjab,Faridkot,22,1
Punjab,Fatehgarh Sahib,15,10
Punjab,Fazilka,36,25
Punjab,Ferozepur,23,5
Punjab,Gurdaspur,67,10
Punjab,Hoshiarpur,26,6
Punjab,Jalandhar,76,11
Punjab,Kapurthala,24,2
Punjab,Ludhiana,152,63
Punjab,Mansa,15,4
Punjab,Moga,16,4
Punjab,Pathankot,34,5
Punjab,Patiala,64,6
Punjab,Rupnagar,16,4
Punjab,SAS Nagar (Mohali),17,17
Punjab,Sangrur,32,4
Punjab,Shaheed Bhagat Singh Nagar,11,7
Punjab,Sri Muktsar Sahib,49,37
Punjab,Tarn Taran,120,17
Rajasthan,Ajmer,146,88
Rajasthan,Alwar,209,145
Rajasthan,Banswara,41,55
Rajasthan,Baran,22,37
Rajasthan,Barmer,115,52
Rajasthan,Bharatpur,45,69
Rajasthan,Bhilwara,85,58
Rajasthan,Bikaner,37,41
Rajasthan,Bundi,20,28
Rajasthan,Chittorgarh,64,118
Rajasthan,Churu,38,34
Rajasthan,Dausa,37,50
Rajasthan,Dholpur,14,43
Rajasthan,Dungarpur,26,58
Rajasthan,Ganganagar,82,58
Rajasthan,Hanumangarh,35,341
Rajasthan,Jaipur,351,225
Rajasthan,Jaisalmer,17,33
Rajasthan,Jalor,68,121
Rajasthan,Jhalawar,22,25
Rajasthan,Jhunjhunun,93,93
Rajasthan,Jodhpur,57,39
Rajasthan,Karauli,33,78
Rajasthan,Kota,85,84
Rajasthan,Nagaur,109,93
Rajasthan,Pali,90,75
Rajasthan,Pratapgarh,18,1
Rajasthan,Rajsamand,163,53
Rajasthan,Sawai Madhopur,32,136
Rajasthan,Sikar,164,79
Rajasthan,Sirohi,50,38
Rajasthan,Tonk,50,52
Rajasthan,Udaipur,168,235
Sikkim,East Sikkim,3,0
Sikkim,South Sikkim,1,0
Tamil Nadu,Ariyalur,13,0
Tamil Nadu,Chennai,51,1
Tamil Nadu,Coimbatore,39,24
Tamil Nadu,Cuddalore,43,0
Tamil Nadu,Dharmapuri,40,1
Tamil Nadu,Dindigul,17,31
Tamil Nadu,Erode,42,36
Tamil Nadu,Kancheepuram,45,1
Tamil Nadu,Kanniyakumari,17,4
Tamil Nadu,Karur,16,0
Tamil Nadu,Krishnagiri,44,1
Tamil Nadu,Madurai,55,2
Tamil Nadu,Nagapattinam,14,8
Tamil Nadu,Namakkal,10,2
Tamil Nadu,Perambalur,3,0
Tamil Nadu,Pudukkottai,28,0
Tamil Nadu,Ramanathapuram,28,0
Tamil Nadu,Salem,27,4
Tamil Nadu,Sivaganga,17,13
Tamil Nadu,Thanjavur,20,0
Tamil Nadu,The Nilgiris,5,0
Tamil Nadu,Theni,25,4
Tamil Nadu,Thiruvarur,4,1
Tamil Nadu,Thoothukkudi,19,0
Tamil Nadu,Tiruchirappalli,57,8
Tamil Nadu,Tirunelveli,23,24
Tamil Nadu,Tiruppur,28,3
Tamil Nadu,Tiruvallur,65,60
Tamil Nadu,Tiruvannamalai,25,153
Tamil Nadu,Vellore,81,106
Tamil Nadu,Villupuram,58,1
Tamil Nadu,Virudhunagar,12,20
Tripura,Dhalai,17,1
Tripura,Gomati,1,4
Tripura,Khowai,10,0
Tripura,North Tripura,16,4
Tripura,Sepahijala,5,2
Tripura,South Tripura,7,2
Tripura,Unakoti,5,1
Tripura,West Tripura,40,2
Uttar Pradesh,Agra,16,70
Uttar Pradesh,Aligarh,11,100
Uttar Pradesh,Allahabad,30,61
Uttar Pradesh,Ambedkar Nagar,1,95
Uttar Pradesh,Amethi,52,66
Uttar Pradesh,Amroha,9,15
Uttar Pradesh,Auraiya,0,31
Uttar Pradesh,Azamgarh,14,52
Uttar Pradesh,Baghpat,192,89
Uttar Pradesh,Bahraich,5,22
Uttar Pradesh,Ballia,33,145
Uttar Pradesh,Balrampur,29,4
Uttar Pradesh,Banda,10,5
Uttar Pradesh,Bara Banki,6,65
Uttar Pradesh,Bareilly,11,88
Uttar Pradesh,Basti,2,90
Uttar Pradesh,Bijnor,42,72
Uttar Pradesh,Budaun,3,28
Uttar Pradesh,Bulandshahr,102,37
Uttar Pradesh,Chandauli,10,2
Uttar Pradesh,Chitrakoot,43,5
Uttar Pradesh,Deoria,7,44
Uttar Pradesh,Etah,4,32
Uttar Pradesh,Etawah,51,46
Uttar Pradesh,Faizabad,11,27
Uttar Pradesh,Farrukhabad,2,7
Uttar Pradesh,Fatehpur,9,1
Uttar Pradesh,Firozabad,4,92
Uttar Pradesh,Gautam Buddha Nagar,38,21
Uttar Pradesh,Ghaziabad,47,85
Uttar Pradesh,Ghazipur,9,74
Uttar Pradesh,Gonda,11,66
Uttar Pradesh,Gorakhpur,16,56
Uttar Pradesh,Hamirpur,3,5
Uttar Pradesh,Hapur,1,6
Uttar Pradesh,Hardoi,0,47
Uttar Pradesh,Hathras,10,22
Uttar Pradesh,Jalaun,2,5
Uttar Pradesh,Jaunpur,8,38
Uttar Pradesh,Jhansi,7,22
Uttar Pradesh,Kannauj,1,10
Uttar Pradesh,Kanpur Dehat,5,29
Uttar Pradesh,Kanpur Nagar,14,194
Uttar Pradesh,Kasganj,4,9
Uttar Pradesh,Kaushambi,2,24
Uttar Pradesh,Kheri,5,30
Uttar Pradesh,Kushinagar,5,94
Uttar Pradesh,Lalitpur,1,8
Uttar Pradesh,Lucknow,28,106
Uttar Pradesh,Maharajganj,17,28
Uttar Pradesh,Mahoba,2,0
Uttar Pradesh,Mainpuri,20,15
Uttar Pradesh,Mathura,3,17
Uttar Pradesh,Mau,5,15
Uttar Pradesh,Meerut,165,79
Uttar Pradesh,Mirzapur,364,84
Uttar Pradesh,Moradabad,14,70
Uttar Pradesh,Muzaffarnagar,10,39
Uttar Pradesh,Pilibhit,8,25
Uttar Pradesh,Pratapgarh,24,69
Uttar Pradesh,Rae Bareli,67,131
Uttar Pradesh,Rampur,9,51
Uttar Pradesh,Saharanpur,30,71
Uttar Pradesh,Sambhal,0,41
Uttar Pradesh,Sant Kabir Nagar,39,4
Uttar Pradesh,Sant Ravidas Nagar,3,20
Uttar Pradesh,Shahjahanpur,7,14
Uttar Pradesh,Shamli,6,21
Uttar Pradesh,Shrawasti,37,3
Uttar Pradesh,Siddharthnagar,2,64
Uttar Pradesh,Sitapur,0,105
Uttar Pradesh,Sonbhadra,4,12
Uttar Pradesh,Sultanpur,4,50
Uttar Pradesh,Unnao,9,87
Uttar Pradesh,Varanasi,24,85
Uttarakhand,Almora,20,3
Uttarakhand,Bageshwar,12,0
Uttarakhand,Chamoli,17,0
Uttarakhand,Champawat,138,0
Uttarakhand,Dehradun,559,37
Uttarakhand,Haridwar,41,25
Uttarakhand,Nainital,243,17
Uttarakhand,Pauri Garhwal,145,3
Uttarakhand,Pithoragarh,13,2
Uttarakhand,Rudraprayag,14,0
Uttarakhand,Tehri Garhwal,30,2
Uttarakhand,Udham Singh Nagar,40,62
Uttarakhand,Uttarkashi,17,0
West Bengal,Bankura,843,289
West Bengal,Barddhaman,146,242
West Bengal,Birbhum,282,123
West Bengal,Cooch Behar,59,2
West Bengal,Dakshin Dinajpur,13,1
West Bengal,Darjeeling,11,0
West Bengal,Hooghly,55,156
West Bengal,Howrah,115,0
West Bengal,Jalpaiguri,26,2
West Bengal,Kolkata,51,2
West Bengal,Malda,75,2
West Bengal,Murshidabad,145,5
West Bengal,Nadia,20,24
West Bengal,North 24 Parganas,20,212
West Bengal,Paschim Medinipur,12,85
West Bengal,Purba Medinipur,25,1
West Bengal,Puruliya,209,138
West Bengal,South 24 Parganas,417,89
West Bengal,Uttar Dinajpur,37,0
