State,District,Aadhaar generated,Enrolment Rejected
Andhra Pradesh,Adilabad,507,31
Andhra Pradesh,Ananthapur,1266,145
Andhra Pradesh,Chittoor,996,119
Andhra Pradesh,Cuddapah,507,16
Andhra Pradesh,East Godavari,964,62
Andhra Pradesh,Guntur,871,53
Andhra Pradesh,Hyderabad,1224,99
Andhra Pradesh,K.v. Rangareddy,1412,142
Andhra Pradesh,Karimnagar,1336,100
Andhra Pradesh,Khammam,876,58
Andhra Pradesh,Krishna,729,40
Andhra Pradesh,Kurnool,2684,131
Andhra Pradesh,Mahabubnagar,3132,244
Andhra Pradesh,Medak,1131,164
Andhra Pradesh,Nalgonda,1964,121
Andhra Pradesh,Nellore,1484,142
Andhra Pradesh,Nizamabad,1779,292
Andhra Pradesh,Prakasam,551,38
Andhra Pradesh,Srikakulam,484,55
Andhra Pradesh,Visakhapatnam,1055,184
Andhra Pradesh,Vizianagaram,1023,69
Andhra Pradesh,Warangal,2451,181
Andhra Pradesh,West Godavari,645,55
Arunachal Pradesh,Changlang,2,0
Arunachal Pradesh,Papum Pare,4,0
Arunachal Pradesh,Tawang,200,3
Arunachal Pradesh,Tirap,1,0
Arunachal Pradesh,West Kameng,5,0
Assam,Baksa,9,0
Assam,Barpeta,4,0
Assam,Cachar,10,0
Assam,Chirang,4,0
Assam,Dhemaji,2,0
Assam,Dhubri,5,0
Assam,Golaghat,34,0
Assam,Hailakandi,3,0
Assam,Jorhat,2,0
Assam,Kamrup,11,0
Assam,Kamrup Metro,2,0
Assam,Karbi Anglong,2,0
Assam,Karimganj,1,0
Assam,Kokrajhar,1,0
Assam,Lakhimpur,3,0
Assam,Marigaon,4,0
Assam,Nagaon,251,2
Assam,Nalbari,1,0
Assam,Sibsagar,1,0
Assam,Sonitpur,113,0
Assam,Udalguri,4,0
Bihar,Araria,1922,54
Bihar,Arwal,57,1
Bihar,Aurangabad,1687,54
Bihar,Banka,3258,47
Bihar,Begusarai,1965,55
Bihar,Bhagalpur,3770,44
Bihar,Bhojpur,2252,48
Bihar,Buxar,1444,46
Bihar,Darbhanga,2265,28
Bihar,East Champaran,4713,89
Bihar,Gaya,7679,95
Bihar,Gopalganj,3468,76
Bihar,Jamui,1497,57
Bihar,Jehanabad,861,9
Bihar,Kaimur (Bhabua),3211,5
Bihar,Katihar,789,1
Bihar,Khagaria,2185,19
Bihar,Kishanganj,857,10
Bihar,Lakhisarai,1625,3
Bihar,Madhepura,860,36
Bihar,Madhubani,1832,27
Bihar,Munger,526,7
Bihar,Muzaffarpur,9580,78
Bihar,Nalanda,2910,59
Bihar,Nawada,2876,26
Bihar,Patna,5391,191
Bihar,Purnia,5213,69
Bihar,Rohtas,1880,10
Bihar,Saharsa,838,11
Bihar,Samastipur,2683,14
Bihar,Saran,5481,191
Bihar,Sheikhpura,232,5
Bihar,Sheohar,14,0
Bihar,Sitamarhi,6945,83
Bihar,Siwan,3655,41
Bihar,Supaul,1192,27
Bihar,Vaishali,2428,25
Bihar,West Champaran,5362,160
Chandigarh,Chandigarh,85,8
Chhattisgarh,Balod,1434,25
Chhattisgarh,Baloda Bazar,3124,9
Chhattisgarh,Balrampur,133,4
Chhattisgarh,Bastar,422,0
Chhattisgarh,Bemetara,106,1
Chhattisgarh,Bilaspur,8271,306
Chhattisgarh,Dakshin Bastar Dantewada,23,0
Chhattisgarh,Dantewada,2,0
Chhattisgarh,Dhamtari,31,0
Chhattisgarh,Durg,3414,222
Chhattisgarh,Gariyaband,36,0
Chhattisgarh,Janjgir-champa,4300,100
Chhattisgarh,Jashpur,24,0
Chhattisgarh,Kabeerdham,3,0
Chhattisgarh,Kanker,372,1
Chhattisgarh,Kawardha,6,0
Chhattisgarh,Kondagaon,1201,8
Chhattisgarh,Korba,90,0
Chhattisgarh,Koriya,16,0
Chhattisgarh,Mahasamund,4626,154
Chhattisgarh,Mungeli,2624,38
Chhattisgarh,Narayanpur,647,20
Chhattisgarh,Raigarh,1990,56
Chhattisgarh,Raipur,10048,249
Chhattisgarh,Rajnandgaon,7602,84
Chhattisgarh,Sukma,46,0
Chhattisgarh,Surajpur,6,0
Chhattisgarh,Surguja,1845,3
Chhattisgarh,Uttar Bastar Kanker,2322,8
Dadra and Nagar Haveli,Dadra and Nagar Haveli,26,4
Daman and Diu,Daman,4,1
Daman and Diu,Diu,1,0
Delhi,Central Delhi,137,8
Delhi,East Delhi,228,18
Delhi,New Delhi,9,1
Delhi,North Delhi,70,9
Delhi,North East Delhi,328,28
Delhi,North West Delhi,473,39
Delhi,South Delhi,329,15
Delhi,South West Delhi,207,11
Delhi,West Delhi,211,13
Goa,North Goa,3,0
Goa,South Goa,6,0
Gujarat,Ahmedabad,1817,29
Gujarat,Amreli,32,8
Gujarat,Anand,146,18
Gujarat,Banaskantha,125,3
Gujarat,Bharuch,26,0
Gujarat,Bhavnagar,2341,28
Gujarat,Dahod,434,17
Gujarat,Gandhinagar,162,16
Gujarat,Jamnagar,259,9
Gujarat,Junagadh,428,21
Gujarat,Kachchh,171,4
Gujarat,Kheda,116,3
Gujarat,Mahesana,62,4
Gujarat,Narmada,5,0
Gujarat,Navsari,48,2
Gujarat,Panchmahals,315,58
Gujarat,Patan,136,2
Gujarat,Porbandar,7,1
Gujarat,Rajkot,116,3
Gujarat,Sabarkantha,2010,32
Gujarat,Surat,1000,52
Gujarat,Surendra Nagar,75,2
Gujarat,Tapi,72,0
Gujarat,The Dangs,80,1
Gujarat,Vadodara,178,3
Gujarat,Valsad,261,17
Haryana,Ambala,60,4
Haryana,Bhiwani,90,2
Haryana,Faridabad,196,2
Haryana,Fatehabad,9,1
Haryana,Gurgaon,127,10
Haryana,Hisar,170,26
Haryana,Jhajjar,27,1
Haryana,Jind,286,19
Haryana,Kaithal,117,2
Haryana,Karnal,115,2
Haryana,Kurukshetra,52,2
Haryana,Mahendragarh,54,1
Haryana,Mewat,97,4
Haryana,Palwal,79,3
Haryana,Panchkula,21,2
Haryana,Panipat,133,0
Haryana,Rewari,20,0
Haryana,Rohtak,82,11
Haryana,Sirsa,42,0
Haryana,Sonipat,88,5
Haryana,Yamuna Nagar,141,1
Himachal Pradesh,Bilaspur,5,0
Himachal Pradesh,Chamba,7,0
Himachal Pradesh,Hamirpur,4,1
Himachal Pradesh,Kangra,50,1
Himachal Pradesh,Kinnaur,1,0
Himachal Pradesh,Kullu,5,0
Himachal Pradesh,Mandi,15,0
Himachal Pradesh,Shimla,285,6
Himachal Pradesh,Sirmaur,12,1
Himachal Pradesh,Solan,21,0
Himachal Pradesh,Una,11,1
Jammu and Kashmir,Anantnag,479,9
Jammu and Kashmir,Badgam,860,0
Jammu and Kashmir,Bandipore,26,16
Jammu and Kashmir,Baramula,19,4
Jammu and Kashmir,Doda,12,0
Jammu and Kashmir,Jammu,3267,13
Jammu and Kashmir,Kathua,1494,4
Jammu and Kashmir,Kishtwar,8,0
Jammu and Kashmir,Kulgam,2,0
Jammu and Kashmir,Kupwara,4728,17
Jammu and Kashmir,Pulwama,1,1
Jammu and Kashmir,Punch,7,0
Jammu and Kashmir,Rajouri,2,0
Jammu and Kashmir,Ramban,6,73
Jammu and Kashmir,Reasi,1,0
Jammu and Kashmir,Samba,5,0
Jammu and Kashmir,Srinagar,6,0
Jammu and Kashmir,Udhampur,467,0
Jharkhand,Bokaro,236,2
Jharkhand,Chatra,100,10
Jharkhand,Deoghar,147,7
Jharkhand,Dhanbad,177,24
Jharkhand,Dumka,68,4
Jharkhand,East Singhbhum,54,2
Jharkhand,Garhwa,76,28
Jharkhand,Giridih,995,57
Jharkhand,Godda,128,7
Jharkhand,Gumla,48,1
Jharkhand,Hazaribagh,135,5
Jharkhand,Jamtara,39,0
Jharkhand,Khunti,49,3
Jharkhand,Koderma,498,10
Jharkhand,Latehar,26,1
Jharkhand,Lohardaga,54,3
Jharkhand,Pakur,144,4
Jharkhand,Palamu,220,33
Jharkhand,Ramgarh,31,13
Jharkhand,Ranchi,176,13
Jharkhand,Sahebganj,123,1
Jharkhand,Seraikela-Kharsawan,40,2
Jharkhand,Simdega,88,3
Jharkhand,West Singhbhum,105,7
Karnataka,Bagalkot,156,3
Karnataka,Bangalore,329,25
Karnataka,Bangalore Rural,19,3
Karnataka,Belgaum,639,45
Karnataka,Bellary,247,13
Karnataka,Bidar,237,14
Karnataka,Bijapur,1260,30
Karnataka,Chamrajanagar,243,6
Karnataka,Chickmagalur,707,9
Karnataka,Chikkaballapur,289,6
Karnataka,Chitradurga,348,8
Karnataka,Dakshina Kannada,119,7
Karnataka,Davangere,670,59
Karnataka,Dharwad,106,4
Karnataka,Gadag,75,1
Karnataka,Gulbarga,546,22
Karnataka,Hassan,349,12
Karnataka,Haveri,671,152
Karnataka,Kodagu,95,8
Karnataka,Kolar,1002,27
Karnataka,Koppal,280,5
Karnataka,Mandya,220,45
Karnataka,Mysore,384,31
Karnataka,Raichur,2140,12
Karnataka,Ramanagar,32,0
Karnataka,Shimoga,102,2
Karnataka,Tumkur,147,9
Karnataka,Udupi,83,7
Karnataka,Uttara Kannada,353,6
Karnataka,Yadgir,124,11
Kerala,Alappuzha,80,5
Kerala,Ernakulam,221,7
Kerala,Idukki,128,7
Kerala,Kannur,336,14
Kerala,Kasaragod,126,2
Kerala,Kollam,327,12
Kerala,Kottayam,263,8
Kerala,Kozhikode,274,10
Kerala,Malappuram,580,13
Kerala,Palakkad,256,12
Kerala,Pathanamthitta,141,4
Kerala,Thiruvananthapuram,269,8
Kerala,Thrissur,200,4
Kerala,Wayanad,46,2
Madhya Pradesh,Alirajpur,64,1
Madhya Pradesh,Anuppur,107,5
Madhya Pradesh,Ashok Nagar,95,4
Madhya Pradesh,Balaghat,198,2
Madhya Pradesh,Barwani,211,9
Madhya Pradesh,Betul,145,15
Madhya Pradesh,Bhind,244,11
Madhya Pradesh,Bhopal,113,9
Madhya Pradesh,Burhanpur,67,3
Madhya Pradesh,Chhatarpur,78,5
Madhya Pradesh,Chhindwara,140,3
Madhya Pradesh,Damoh,103,3
Madhya Pradesh,Datia,70,1
Madhya Pradesh,Dewas,127,12
Madhya Pradesh,Dhar,115,4
Madhya Pradesh,Dindori,66,11
Madhya Pradesh,Guna,72,3
Madhya Pradesh,Gwalior,250,14
Madhya Pradesh,Harda,5,2
Madhya Pradesh,Hoshangabad,51,1
Madhya Pradesh,Indore,348,10
Madhya Pradesh,Jabalpur,90,16
Madhya Pradesh,Jhabua,39,1
Madhya Pradesh,Katni,67,3
Madhya Pradesh,Khandwa,32,6
Madhya Pradesh,Khargone,207,6
Madhya Pradesh,Mandla,151,1
Madhya Pradesh,Mandsaur,94,2
Madhya Pradesh,Morena,234,13
Madhya Pradesh,Narsinghpur,71,3
Madhya Pradesh,Neemuch,35,0
Madhya Pradesh,Panna,29,2
Madhya Pradesh,Raisen,179,8
Madhya Pradesh,Rajgarh,67,0
Madhya Pradesh,Ratlam,127,7
Madhya Pradesh,Rewa,131,7
Madhya Pradesh,Sagar,248,25
Madhya Pradesh,Satna,271,5
Madhya Pradesh,Sehore,55,3
Madhya Pradesh,Seoni,120,2
Madhya Pradesh,Shahdol,168,7
Madhya Pradesh,Shajapur,30,3
Madhya Pradesh,Sheopur,57,0
Madhya Pradesh,Shivpuri,702,15
Madhya Pradesh,Sidhi,33,5
Madhya Pradesh,Singrauli,104,0
Madhya Pradesh,Tikamgarh,166,14
Madhya Pradesh,Ujjain,252,30
Madhya Pradesh,Umaria,36,2
Madhya Pradesh,Vidisha,44,5
Maharashtra,Ahmadnagar,144,8
Maharashtra,Akola,192,5
Maharashtra,Amravati,49,6
Maharashtra,Aurangabad,262,18
Maharashtra,Beed,249,14
Maharashtra,Bhandara,48,2
Maharashtra,Buldhana,333,12
Maharashtra,Chandrapur,65,5
Maharashtra,Dhule,171,5
Maharashtra,Gadchiroli,160,4
Maharashtra,Gondiya,47,3
Maharashtra,Hingoli,135,4
Maharashtra,Jalgaon,154,11
Maharashtra,Jalna,117,1
Maharashtra,Kolhapur,121,1
Maharashtra,Latur,134,11
Maharashtra,Mumbai,445,8
Maharashtra,Nagpur,127,13
Maharashtra,Nanded,497,19
Maharashtra,Nandurbar,80,3
Maharashtra,Nashik,428,16
Maharashtra,Osmanabad,110,2
Maharashtra,Palghar,71,20
Maharashtra,Parbhani,516,17
Maharashtra,Pune,308,5
Maharashtra,Raigarh,124,1
Maharashtra,Ratnagiri,184,1
Maharashtra,Sangli,142,3
Maharashtra,Satara,111,3
Maharashtra,Sindhudurg,98,0
Maharashtra,Solapur,450,18
Maharashtra,Thane,349,8
Maharashtra,Wardha,26,4
Maharashtra,Washim,137,9
Maharashtra,Yavatmal,322,6
Manipur,Bishnupur,2,0
Manipur,Chandel,1,0
Manipur,Churachandpur,2,0
Manipur,Imphal East,131,0
Manipur,Imphal West,157,2
Manipur,Senapati,15,0
Manipur,Tamenglong,35,0
Manipur,Thoubal,2,0
Manipur,Ukhrul,1,0
Meghalaya,East Khasi Hills,66,0
Meghalaya,West Garo Hills,1,0
Mizoram,Aizawl,708,1
Mizoram,Kolasib,2,0
Mizoram,Lawngtlai,52,0
Mizoram,Lunglei,227,2
Mizoram,Mammit,54,0
Mizoram,Saiha,4,0
Nagaland,Dimapur,2,0
Nagaland,Kohima,2,1
Nagaland,Longleng,1,0
Nagaland,Mon,1,0
Nagaland,Tuensang,1,0
Odisha,Angul,4,0
Odisha,Balangir,13,1
Odisha,Baleswar,11,1
Odisha,Bargarh,5,0
Odisha,Bhadrak,18,2
Odisha,Boudh,5,0
Odisha,Cuttack,11,2
Odisha,Debagarh,4,1
Odisha,Dhenkanal,6,1
Odisha,Gajapati,11,1
Odisha,Ganjam,3342,22
Odisha,Jagatsinghapur,5,1
Odisha,Jajapur,8,0
Odisha,Jharsuguda,9,0
Odisha,Kalahandi,9181,43
Odisha,Kandhamal,2,0
Odisha,Kendrapara,13,0
Odisha,Kendujhar,38,0
Odisha,Khorda,17,0
Odisha,Koraput,1491,9
Odisha,Malkangiri,3,0
Odisha,Mayurbhanj,8,0
Odisha,Nabarangapur,24,0
Odisha,Nayagarh,5,0
Odisha,Nuapada,10,0
Odisha,Puri,10,1
Odisha,Rayagada,384,0
Odisha,Sambalpur,2818,43
Odisha,Sonapur,139,0
Odisha,Sundergarh,2330,4
Others,Others,315,0
Puducherry,Karaikal,68,1
Puducherry,Puducherry,49,0
Punjab,Amritsar,283,9
Punjab,Barnala,66,6
Punjab,Bathinda,60,0
Punjab,Faridkot,24,1
Punjab,Fatehgarh Sahib,58,6
Punjab,Fazilka,82,2
Punjab,Ferozepur,108,1
Punjab,Gurdaspur,86,0
Punjab,Hoshiarpur,118,1
Punjab,Jalandhar,697,29
Punjab,Kapurthala,239,19
Punjab,Ludhiana,537,62
Punjab,Mansa,39,3
Punjab,Moga,87,4
Punjab,Pathankot,31,0
Punjab,Patiala,119,1
Punjab,Rupnagar,17,1
Punjab,SAS Nagar (Mohali),91,2
Punjab,Sangrur,45,3
Punjab,Shaheed Bhagat Singh Nagar,32,6
Punjab,Sri Muktsar Sahib,121,2
Punjab,Tarn Taran,79,0
Rajasthan,Ajmer,431,55
Rajasthan,Alwar,1560,65
Rajasthan,Banswara,381,18
Rajasthan,Baran,541,43
Rajasthan,Barmer,495,17
Rajasthan,Bharatpur,2110,162
Rajasthan,Bhilwara,775,29
Rajasthan,Bikaner,597,26
Rajasthan,Bundi,430,27
Rajasthan,Chittorgarh,1338,49
Rajasthan,Churu,567,46
Rajasthan,Dausa,920,18
Rajasthan,Dholpur,492,5
Rajasthan,Dungarpur,686,23
Rajasthan,Ganganagar,1490,64
Rajasthan,Hanumangarh,1343,17
Rajasthan,Jaipur,1674,135
Rajasthan,Jaisalmer,809,8
Rajasthan,Jalor,246,22
Rajasthan,Jhalawar,429,20
Rajasthan,Jhunjhunun,1083,35
Rajasthan,Jodhpur,1930,36
Rajasthan,Karauli,845,9
Rajasthan,Kota,224,9
Rajasthan,Nagaur,1565,69
Rajasthan,Pali,645,24
Rajasthan,Pratapgarh,170,8
Rajasthan,Rajsamand,364,15
Rajasthan,Sawai Madhopur,816,16
Rajasthan,Sikar,997,21
Rajasthan,Sirohi,811,22
Rajasthan,Tonk,569,20
Rajasthan,Udaipur,1087,83
Sikkim,East Sikkim,8,0
Sikkim,North Sikkim,1,0
Sikkim,South Sikkim,3,0
Sikkim,West Sikkim,2,0
Tamil Nadu,Ariyalur,3,0
Tamil Nadu,Chennai,381,5
Tamil Nadu,Coimbatore,258,4
Tamil Nadu,Cuddalore,34,1
Tamil Nadu,Dharmapuri,11,0
Tamil Nadu,Dindigul,176,2
Tamil Nadu,Erode,406,18
Tamil Nadu,Kancheepuram,503,20
Tamil Nadu,Kanniyakumari,795,1
Tamil Nadu,Karur,11,1
Tamil Nadu,Krishnagiri,12,0
Tamil Nadu,Madurai,38,0
Tamil Nadu,Nagapattinam,12,1
Tamil Nadu,Namakkal,11,0
Tamil Nadu,Perambalur,10,0
Tamil Nadu,Pudukkottai,1,0
Tamil Nadu,Ramanathapuram,10,0
Tamil Nadu,Salem,20,0
Tamil Nadu,Sivaganga,3,0
Tamil Nadu,Thanjavur,16,0
Tamil Nadu,The Nilgiris,132,5
Tamil Nadu,Theni,7,2
Tamil Nadu,Thiruvarur,3,0
Tamil Nadu,Thoothukkudi,28,0
Tamil Nadu,Tiruchirappalli,2173,12
Tamil Nadu,Tirunelveli,109,2
Tamil Nadu,Tiruppur,81,2
Tamil Nadu,Tiruvallur,649,18
Tamil Nadu,Tiruvannamalai,797,2
Tamil Nadu,Vellore,2568,14
Tamil Nadu,Villupuram,324,3
Tamil Nadu,Virudhunagar,5,0
Tripura,Dhalai,8,0
Tripura,Gomati,282,7
Tripura,Khowai,13,0
Tripura,North Tripura,47,1
Tripura,Sepahijala,76,4
Tripura,South Tripura,266,17
Tripura,Unakoti,37,1
Tripura,West Tripura,39,0
Uttar Pradesh,Agra,5298,241
Uttar Pradesh,Aligarh,5448,149
Uttar Pradesh,Allahabad,5856,123
Uttar Pradesh,Ambedkar Nagar,3913,36
Uttar Pradesh,Amethi,840,9
Uttar Pradesh,Amroha,2446,41
Uttar Pradesh,Auraiya,924,18
Uttar Pradesh,Azamgarh,1731,57
Uttar Pradesh,Baghpat,3894,91
Uttar Pradesh,Bahraich,1326,107
Uttar Pradesh,Ballia,9280,136
Uttar Pradesh,Balrampur,106,2
Uttar Pradesh,Banda,2471,225
Uttar Pradesh,Bara Banki,5684,73
Uttar Pradesh,Bareilly,7664,172
Uttar Pradesh,Basti,4884,35
Uttar Pradesh,Bijnor,12791,279
Uttar Pradesh,Budaun,1032,34
Uttar Pradesh,Bulandshahr,2474,42
Uttar Pradesh,Chandauli,1267,7
Uttar Pradesh,Chitrakoot,31,0
Uttar Pradesh,Deoria,4029,37
Uttar Pradesh,Etah,2212,216
Uttar Pradesh,Etawah,390,5
Uttar Pradesh,Faizabad,2977,60
Uttar Pradesh,Farrukhabad,949,81
Uttar Pradesh,Fatehpur,1364,23
Uttar Pradesh,Firozabad,4490,167
Uttar Pradesh,Gautam Buddha Nagar,724,21
Uttar Pradesh,Ghaziabad,4438,127
Uttar Pradesh,Ghazipur,3871,58
Uttar Pradesh,Gonda,4343,169
Uttar Pradesh,Gorakhpur,7576,76
Uttar Pradesh,Hamirpur,173,2
Uttar Pradesh,Hapur,1143,24
Uttar Pradesh,Hardoi,1452,25
Uttar Pradesh,Hathras,650,38
Uttar Pradesh,Jalaun,452,5
Uttar Pradesh,Jaunpur,4242,20
Uttar Pradesh,Jhansi,1192,68
Uttar Pradesh,Kannauj,2602,46
Uttar Pradesh,Kanpur Dehat,1720,15
Uttar Pradesh,Kanpur Nagar,2949,103
Uttar Pradesh,Kasganj,2587,61
Uttar Pradesh,Kaushambi,676,26
Uttar Pradesh,Kheri,3024,54
Uttar Pradesh,Kushinagar,2861,20
Uttar Pradesh,Lalitpur,2456,42
Uttar Pradesh,Lucknow,7262,332
Uttar Pradesh,Maharajganj,2813,27
Uttar Pradesh,Mahoba,17,0
Uttar Pradesh,Mainpuri,1349,46
Uttar Pradesh,Mathura,1854,33
Uttar Pradesh,Mau,1842,19
Uttar Pradesh,Meerut,3669,121
Uttar Pradesh,Mirzapur,3402,20
Uttar Pradesh,Moradabad,3840,134
Uttar Pradesh,Muzaffarnagar,4767,59
Uttar Pradesh,Pilibhit,2028,87
Uttar Pradesh,Pratapgarh,4311,50
Uttar Pradesh,Rae Bareli,159,2
Uttar Pradesh,Rampur,3142,58
Uttar Pradesh,Saharanpur,4996,111
Uttar Pradesh,Sambhal,2948,92
Uttar Pradesh,Sant Kabir Nagar,59,1
Uttar Pradesh,Sant Ravidas Nagar,1135,11
Uttar Pradesh,Shahjahanpur,1059,27
Uttar Pradesh,Shamli,2531,9
Uttar Pradesh,Shrawasti,149,2
Uttar Pradesh,Siddharthnagar,1080,38
Uttar Pradesh,Sitapur,5822,106
Uttar Pradesh,Sonbhadra,1162,58
Uttar Pradesh,Sultanpur,3537,72
Uttar Pradesh,Unnao,5738,117
Uttar Pradesh,Varanasi,9381,77
Uttarakhand,Almora,467,1
Uttarakhand,Bageshwar,19,0
Uttarakhand,Chamoli,13,0
Uttarakhand,Champawat,32,9
Uttarakhand,Dehradun,2409,63
Uttarakhand,Haridwar,1033,61
Uttarakhand,Nainital,1565,40
Uttarakhand,Pauri Garhwal,202,9
Uttarakhand,Pithoragarh,63,0
Uttarakhand,Rudraprayag,1,0
Uttarakhand,Tehri Garhwal,36,6
Uttarakhand,Udham Singh Nagar,1431,162
Uttarakhand,Uttarkashi,6,0
West Bengal,Bankura,7369,3
West Bengal,Barddhaman,3753,4
West Bengal,Birbhum,3762,1
West Bengal,Cooch Behar,16,2
West Bengal,Dakshin Dinajpur,16,0
West Bengal,Darjeeling,32,0
West Bengal,Hooghly,1186,17
West Bengal,Howrah,10,0
West Bengal,Jalpaiguri,470,16
West Bengal,Kolkata,109,7
West Bengal,Malda,39,0
West Bengal,Murshidabad,175,4
West Bengal,Nadia,385,1
West Bengal,North 24 Parganas,19708,544
West Bengal,Paschim Medinipur,3675,5
West Bengal,Purba Medinipur,170,22
West Bengal,Puruliya,2340,2
West Bengal,South 24 Parganas,6059,38
West Bengal,Uttar Dinajpur,95,1
