Registrar,Enrolment Agency,Aadhaar generated,Enrolment Rejected
Allahabad Bank,Tera Software Ltd,0,1
Bank Of India,A3 Logics  India  Ltd,1538,58
Bank Of India,Akanksha International,1,9
Bank Of India,Blue Circle Instrument,1787,28
Bank Of India,CHESSY CONSULTANTS PVT LTD,2,0
Bank Of India,DATASOFT COMPUTER SERVICES(P),5775,182
Bank Of India,Emdee Digitronics Pvt.Ltd.,2670,47
Bank Of India,Frontech Systems Pvt Ltd,850,5
Bank Of India,Matrix Processing House,4,2
Bank Of India,OSWAL COMPUTERS & CONSULTANTS,189,37
Bank Of India,PROTEX COMPUTER PVT LTD,1555,24
Bank Of India,SARADA SYSTEMS,2551,123
Bank Of India,SHRIKRISHNA KHANDASARI SUGAR M,343,15
Bank Of India,SPANCO,4,2
Bank Of India,SREI INFRASTRUCTURE FINANCES L,13981,171
Bank Of India,Silver Touch Technologies Ltd,0,1
Bank Of India,Systematic & Advance Const P L,0,1
Bank Of India,VEETECHNOLOGIES PVT. LTD,1223,107
Bank Of India,Vakrangee Softwares Limited,0,1
Bank of Baroda,DATASOFT COMPUTER SERVICES(P),17,3
Bank of Baroda,Global Finsol Private Limited,7,1
Bank of Baroda,IL&FS LTD,3,0
Bank of Maharashtra,FINANCIAL INFORMATION NETWORK,50,1
Bank of Maharashtra,Micro Technologies India Ltd,62,4
Bank of Maharashtra,Tera Software Ltd,2361,75
CSC e-Governance Services India Limited,A I Soc for Electronics and Comp Tech,4575,286
CSC e-Governance Services India Limited,AKSH OPTIFIBRE LIMITED,585,21
CSC e-Governance Services India Limited,BASIX,1771,120
CSC e-Governance Services India Limited,CALANCE SOFTWARE PRIVATE LTD,6,0
CSC e-Governance Services India Limited,CMS Computers Ltd,4567,216
CSC e-Governance Services India Limited,CSC e-Governance Services India Limited,986,135
CSC e-Governance Services India Limited,Intelligent Communication Sys India Ltd,76,11
CSC e-Governance Services India Limited,MANTRA SOFTTECH (INDIA) PVTLTD,4054,29
CSC e-Governance Services India Limited,Mahaonline Limited,262,10
CSC e-Governance Services India Limited,Network for Information & Computer,2827,32
CSC e-Governance Services India Limited,Reliance Communication Limited,0,3
CSC e-Governance Services India Limited,SPANCO,1220,35
CSC e-Governance Services India Limited,Sahaj e-Village Limited,472,9
CSC e-Governance Services India Limited,Tera Software Ltd,244,3
CSC e-Governance Services India Limited,United Telecoms e-Services Pvt Ltd,1323,95
CSC e-Governance Services India Limited,VIKALP MULTIMEDIA,352,72
CSC e-Governance Services India Limited,Vakrangee Softwares Limited,27,16
CSC e-Governance Services India Limited,Vayam technologies Ltd,1958,142
CSC e-Governance Services India Limited,Vedavaag Systems Limited,2333,61
CSC e-Governance Services India Limited,Zephyr System Pvt.Ltd.,5712,88
Canara Bank,FINANCIAL INFORMATION NETWORK,2497,92
Canara Bank,Karvy Data Management Services,3546,28
Canara Bank,Ojus Healthcare Private Limited,130,11
Canara Bank,Osiris Infotech Pvt. Ltd.,859,21
Canara Bank,Smart Chip Limited,9344,315
Canara Bank,Virinchi Technologies Ltd,607,5
Central Bank of India,CALANCE SOFTWARE PRIVATE LTD,5,2
Central Bank of India,IAP COMPANY Pvt. Ltd,146,3
Central Bank of India,IL&FS LTD,40,4
Central Bank of India,The Peerless General Finance,154,14
DENA BANK,APEX Services,291,6
DENA BANK,ATISHAY INFOTECH PVT. LTD.,1957,63
DENA BANK,AVVAS INFOTECH PVT  LTD,4756,61
DENA BANK,Asha Security Guard Services,405,14
DENA BANK,BNR UDYOG LIMITED,2151,6
DENA BANK,Binary Systems,2191,26
DENA BANK,Bloom Solutions Pvt Ltd,14495,189
DENA BANK,Business Information Processing Services,4841,24
DENA BANK,CALANCE SOFTWARE PRIVATE LTD,2679,50
DENA BANK,DATASOFT COMPUTER SERVICES(P),2935,26
DENA BANK,DEVASHISH SECURITIES PVT. LTD.,53,1
DENA BANK,Eagle Software India Pvt. Ltd,9327,1682
DENA BANK,FINANCIAL INFORMATION NETWORK,5742,130
DENA BANK,Gem Computers,1575,18
DENA BANK,Gujarat Infotech Ltd.,3026,6
DENA BANK,IAP COMPANY Pvt. Ltd,19117,250
DENA BANK,India Computer Technology,1685,32
DENA BANK,JNET Technologies Pvt.Ltd,1862,38
DENA BANK,K W Consulting P Ltd,3480,114
DENA BANK,M/S STAR DATA CENTRE,1940,6
DENA BANK,M/s Gold Square Builders & Promoters Pvt. Ltd.,3054,68
DENA BANK,MARS Telecom Systems Pvt Ltd,625,35
DENA BANK,MEGHA VINCOM PVT LTD,15509,88
DENA BANK,MKS Enterprises,7072,28
DENA BANK,Make India Smart Private Limited,2953,63
DENA BANK,Multiwave Innovation,6946,91
DENA BANK,NVR & ASSOCIATES LIMITED,5210,49
DENA BANK,Netlink software Pvt Ltd,8314,148
DENA BANK,Nielsen  India  Private Limited,15105,784
DENA BANK,Offshoot Agency Pvt. Ltd.,3183,78
DENA BANK,Ortem Securities Limited,107,2
DENA BANK,Prodigy Systems and Services Private Limited,0,7
DENA BANK,Radiant Haroti Industries India Ltd,3890,182
DENA BANK,SGS INDIA PVT LTD,5085,79
DENA BANK,Silver Touch Technologies Ltd,573,7
DENA BANK,Sixth Dimension Project Solutions Ltd,13,0
DENA BANK,Soc for Advancement of Environ Science,245,40
DENA BANK,Super Printers,2614,59
DENA BANK,Systematic & Advance Const P L,223,6
DENA BANK,TechSmart India Pvt Ltd,4169,66
DENA BANK,Tera Software Ltd,8253,206
DENA BANK,The NSIC ltd,252,37
DENA BANK,Transline Technologies P Ltd,4071,69
DENA BANK,Utility Forms Pvt Ltd,3236,33
DENA BANK,VAP INFOSOLUTIONS,988,34
DENA BANK,VISION COMPTECH INTEGRATOR LTD,6964,44
DENA BANK,Vedavaag Systems Limited,9132,296
DENA BANK,WEBEL,16298,471
DENA BANK,Wipro Ltd,2875,72
DENA BANK,Zephyr System Pvt.Ltd.,4939,111
Delhi - East DC,DATASOFT COMPUTER SERVICES(P),72,5
Delhi - East DC,Tera Software Ltd,3,1
Delhi - NE DC,Alankit Assignments Limited,2,0
Delhi - NE DC,Smart Chip Limited,0,1
Delhi - North DC,CALANCE SOFTWARE PRIVATE LTD,60,3
Delhi - North DC,DATASOFT COMPUTER SERVICES(P),1,0
Delhi - North DC,NVR & ASSOCIATES LIMITED,6,7
Delhi - North DC,Smart Chip Limited,2,0
Delhi SW DC,STRATEGIC OUTSOURCING SERVICE,2,1
Delhi Urban Shelter Improvemen,STRATEGIC OUTSOURCING SERVICE,2,1
Delhi Urban Shelter Improvemen,Tera Software Ltd,8,1
Delhi- South DC,Karvy Computershare Private Li,5,5
Delhi- South DC,Tera Software Ltd,2,1
Delhi- South DC,eCentric solutions pvt ltd,6,6
Delhi- West DC,Matrix Processing House,4,0
Delhi- West DC,VIRGO SOFTECH LIMITED,0,1
Delhi-NW DC,Karvy Computershare Private Li,0,2
Delhi-NW DC,STRATEGIC OUTSOURCING SERVICE,7,3
Department of Information Technology Govt of Jharkhand,Blue Circle Instrument,2,2
Department of Information Technology Govt of Jharkhand,IL&FS LTD,1,0
Department of Information Technology Govt of Jharkhand,Systematic & Advance Const P L,4,0
Department of Information Technology Govt of Jharkhand,Wipro Ltd,199,9
Dept of ITC Govt of Rajasthan,ATISHAY INFOTECH PVT. LTD.,72,6
Dept of ITC Govt of Rajasthan,AVVAS INFOTECH PVT  LTD,1121,55
Dept of ITC Govt of Rajasthan,DATASOFT COMPUTER SERVICES(P),23,4
Dept of ITC Govt of Rajasthan,GSS Infotech Ltd,1,1
Dept of ITC Govt of Rajasthan,Gem Computers,1,0
Dept of ITC Govt of Rajasthan,MANTRA SOFTTECH (INDIA) PVTLTD,0,2
Dept of ITC Govt of Rajasthan,Netlink software Pvt Ltd,9,0
Dept of ITC Govt of Rajasthan,TechSmart India Pvt Ltd,156,33
Dept of ITC Govt of Rajasthan,Transline Technologies P Ltd,213,9
Dept of ITC Govt of Rajasthan,VIRGO SOFTECH LIMITED,1,1
Dept of ITC Govt of Rajasthan,Vakrangee Softwares Limited,62,29
Dept of ITC Govt of Rajasthan,Vayam technologies Ltd,32,10
FCR Govt of Haryana,4G INFORMATICS,7,4
FCR Govt of Haryana,Academy of Management Studies,139,16
FCR Govt of Haryana,Radiant Info Systems Ltd,474,46
FCR Govt of Haryana,SoftAge Information Technology Limited,718,64
FCR Govt of Haryana,Vakrangee Softwares Limited,9,2
FCR Govt of Haryana,Vayam technologies Ltd,248,42
FCS Govt of Punjab,Alankit Assignments Limited,2,2
FCS Govt of Punjab,Alankit Life Care Ltd,1,0
FCS Govt of Punjab,CSS TECHNERGY LIMITED,0,1
FCS Govt of Punjab,Delhi Integrated MMTS Ltd,1,2
FCS Govt of Punjab,District Sukhmani Society  Jalandhar  Punjab,25,0
FCS Govt of Punjab,District Sukhmani Society  Ludhiana  Punjab,84,11
FCS Govt of Punjab,District Sukhmani Society  Moga  Punjab,40,1
FCS Govt of Punjab,District Sukhmani Society Amritsar Punjab,120,18
FCS Govt of Punjab,District Sukhmani Society Barnala Punjab,43,3
FCS Govt of Punjab,District Sukhmani Society Bathinda Punjab,26,2
FCS Govt of Punjab,District Sukhmani Society Fatehgarh Sahib Punjab,21,4
FCS Govt of Punjab,District Sukhmani Society Fazilka Punjab,21,0
FCS Govt of Punjab,District Sukhmani Society Ferozepur Punjab,27,5
FCS Govt of Punjab,District Sukhmani Society For Citizen Services Mansa Punjab,23,5
FCS Govt of Punjab,District Sukhmani Society For Citizen Services Nawanshahr Punjab,85,5
FCS Govt of Punjab,District Sukhmani Society For Citizen Services SAS Nagar District e-Governance Society Punjab,68,5
FCS Govt of Punjab,District Sukhmani Society Pathankot Punjab,1,1
FCS Govt of Punjab,District Sukhmani Society Patiala Punjab,2,0
FCS Govt of Punjab,District Sukhmani Society Rupnagar Punjab,72,3
FCS Govt of Punjab,District Sukhmani Society Sangrur Punjab,36,4
FCS Govt of Punjab,District Sukhmani Society Sri Muktsar Sahib Punjab,30,2
FCS Govt of Punjab,Diwakar Commercials Pvt Ltd,1,3
FCS Govt of Punjab,Karvy Computershare Private Li,39,14
FCS Govt of Punjab,Sukhmani Society For Citizen Services  Kapurthala  Punjab,6,0
FCS Govt of Punjab,Sukhmani Society For Citizens Services Faridkot Punjab,62,5
FCS Govt of Punjab,Suwidha Society Hoshiarpur Punjab,36,4
FCS Govt of Punjab,Vayam technologies Ltd,12,3
FCS Govt of Punjab,eCentric solutions pvt ltd,369,8
Govt of Andhra Pradesh,Gouthami Educational Society,14,3
Govt of Andhra Pradesh,GrapeSoft,7,1
Govt of Andhra Pradesh,IL&FS LTD,0,1
Govt of Andhra Pradesh,INFRONICS SYSTEMS LTD,33,7
Govt of Andhra Pradesh,Madras Security Printers Ltd,1,0
Govt of Andhra Pradesh,SREEVEN INFOCOM LIMITED,1,0
Govt of Andhra Pradesh,TechSmart India Pvt Ltd,0,2
Govt of Andhra Pradesh,Tera Software Ltd,1,1
Govt of Andhra Pradesh,eCentric solutions pvt ltd,2,0
Govt of Goa,MARS Telecom Systems Pvt Ltd,15,0
Govt of Gujarat,GSS Infotech Ltd,12,1
Govt of Gujarat,Karvy Computershare Private Li,6646,150
Govt of Gujarat,Silver Touch Technologies Ltd,4733,50
Govt of Gujarat,Tera Software Ltd,1477,83
Govt of Gujarat,Transline Technologies P Ltd,0,1
Govt of Gujarat,Vayam technologies Ltd,67,5
Govt of Gujarat,eCentric solutions pvt ltd,525,8
Govt of Himachal Pradesh,IL&FS LTD,5,1
Govt of Himachal Pradesh,Wipro Ltd,2,1
Govt of Himachal Pradesh,i-Grandee SoftwareTechnologies,3,1
Govt of Karnataka ,BNR UDYOG LIMITED,8,0
Govt of Karnataka ,Origin ITFS Pvt Ltd,6,18
Govt of Karnataka ,SREEVEN INFOCOM LIMITED,23,2
Govt of Karnataka ,Tera Software Ltd,5,1
Govt of Kerala,Akshaya,7712,267
Govt of Kerala,Keltron,0,6
Govt of Madhya Pradesh,VIRGO SOFTECH LIMITED,3,2
Govt of Maharashtra,Alankit Assignments Limited,4,1
Govt of Maharashtra,Eagle press pvt ltd,3,0
Govt of Maharashtra,Karvy Computershare Private Li,678,43
Govt of Maharashtra,M/S King Computer System pvt Ltd,112,1
Govt of Maharashtra,Mahaonline Limited,0,1
Govt of Maharashtra,Narayana Electricals Solution Pvt Ltd,0,1
Govt of Maharashtra,Netlink software Pvt Ltd,594,8
Govt of Maharashtra,Rudranee Infotech Ltd,35,4
Govt of Maharashtra,SETU MAHARASHTRA,122,1
Govt of Maharashtra,SHREERAM PRINTING PRESS,103,2
Govt of Maharashtra,SILVER JUBILEE MOTORS LTD.,355,0
Govt of Maharashtra,SPANCO,2,0
Govt of Maharashtra,STRATEGIC OUTSOURCING SERVICE,27,6
Govt of Maharashtra,TechSmart India Pvt Ltd,0,1
Govt of Maharashtra,Tera Software Ltd,1,3
Govt of Maharashtra,Transline Technologies P Ltd,134,5
Govt of Maharashtra,Wipro Ltd,1,1
Govt of Sikkim - Dept of Econo,4G IDENTITY SOLUTIONS,1,0
Govt of Sikkim - Dept of Econo,Department of Economics Statistics  Monitoring and Evaluation DESME,10,1
IDBI Bank ltd,ATISHAY INFOTECH PVT. LTD.,191,4
IDBI Bank ltd,Matrix Processing House,1155,17
IDBI Bank ltd,SREEVEN INFOCOM LIMITED,294,11
IDBI Bank ltd,UTI TECHNOLOGY SERVICES LIMITE,0,1
IGNOU,Vakrangee Softwares Limited,16,0
Indian Bank,Redim Software Technologies Pvt Ltd,5,0
Indiapost,Delhi Integrated MMTS Ltd,2,1
Indiapost,IL&FS LTD,0,1
Indiapost,M/S STAR DATA CENTRE,0,1
Indiapost,MARS Telecom Systems Pvt Ltd,9,0
Indiapost,The NSIC ltd,2,0
Indiapost,UTI TECHNOLOGY SERVICES LIMITE,0,1
Indiapost,Vayam technologies Ltd,671,100
Information Technology & Communication Department,4G INFORMATICS,1,32
Information Technology & Communication Department,BNR UDYOG LIMITED,0,1
Information Technology & Communication Department,Bloom Solutions Pvt Ltd,5,1
Information Technology & Communication Department,CSS TECHNERGY LIMITED,0,2
Information Technology & Communication Department,Directorate of ESD,8385,510
Information Technology & Communication Department,GDC Advertising Pvt. Limited,0,1
Information Technology & Communication Department,JYOTHI COMPUTER SERVICES,27,31
Information Technology & Communication Department,Karvy Data Management Services,0,4
Information Technology & Communication Department,MARS Telecom Systems Pvt Ltd,41,0
Information Technology & Communication Department,SREEVEN INFOCOM LIMITED,2,0
Information Technology & Communication Department,Tera Software Ltd,0,1
Jharkhand,Alankit Assignments Limited,1,0
Jharkhand,MKS Enterprises,1,0
Jharkhand,Nevaeh Technology Pvt. Ltd.,0,1
Jharkhand,STRATEGIC OUTSOURCING SERVICE,3,3
Jharkhand,Smart Chip Limited,0,1
Jharkhand,Systematic & Advance Const P L,2,2
Jharkhand,Wipro Ltd,137,30
Mission Convergence - GNCT Del,eCentric solutions pvt ltd,6,2
NSDL e-Governance Infrastructure Limited,Abhipra Capital Ltd,2821,73
NSDL e-Governance Infrastructure Limited,Alankit Assignments Limited,114,16
NSDL e-Governance Infrastructure Limited,Alankit Finsec Ltd,5430,207
NSDL e-Governance Infrastructure Limited,Gujarat Infotech Ltd.,10484,130
NSDL e-Governance Infrastructure Limited,Karvy Data Management Services,51347,1895
NSDL e-Governance Infrastructure Limited,N.K. Sharma Enterprises Ltd.,1953,50
NSDL e-Governance Infrastructure Limited,Netlink software Pvt Ltd,516,29
NSDL e-Governance Infrastructure Limited,Offshoot Agency Pvt. Ltd.,1344,31
NSDL e-Governance Infrastructure Limited,PROWIZ MANSYTEMS PVT LTD,0,1
NSDL e-Governance Infrastructure Limited,Promind Solutions P Limited,15512,182
NSDL e-Governance Infrastructure Limited,RELIGARE SECURITIES LTD,1066,62
NSDL e-Governance Infrastructure Limited,Radiant Haroti Industries India Ltd,1255,24
NSDL e-Governance Infrastructure Limited,Sri Ramraja Sarkar Lok Kalyan Trust,2711,181
NSDL e-Governance Infrastructure Limited,Utility Forms Pvt Ltd,5168,67
NSDL e-Governance Infrastructure Limited,VIRGO SOFTECH LIMITED,0,3
Oriental Bank of Commerce,DATASOFT COMPUTER SERVICES(P),217,33
Oriental Bank of Commerce,JNET Technologies Pvt.Ltd,71,4
Oriental Bank of Commerce,Redim Software Technologies Pvt Ltd,2,0
Oriental Bank of Commerce,Sri Ramraja Sarkar Lok Kalyan Trust,143,10
Oriental Bank of Commerce,Wipro Ltd,1,1
Principal Revenue Commissioner  Dept of Revenue  Govt of MP,Frontech Systems Pvt Ltd,75,0
Principal Revenue Commissioner  Dept of Revenue  Govt of MP,GDC Advertising Pvt. Limited,20,2
Principal Revenue Commissioner  Dept of Revenue  Govt of MP,K W Consulting P Ltd,29,18
Principal Revenue Commissioner  Dept of Revenue  Govt of MP,LYRA  CONSULTANCY SERVICE,90,3
Principal Revenue Commissioner  Dept of Revenue  Govt of MP,Netlink software Pvt Ltd,30,43
Principal Revenue Commissioner  Dept of Revenue  Govt of MP,OSWAL COMPUTERS & CONSULTANTS,291,11
Principal Revenue Commissioner  Dept of Revenue  Govt of MP,Tera Software Ltd,508,17
Principal Revenue Commissioner  Dept of Revenue  Govt of MP,The NSIC ltd,0,1
Principal Revenue Commissioner  Dept of Revenue  Govt of MP,Vedavaag Systems Limited,632,121
Punjab and Sind Bank,Matrix Processing House,908,20
RDD Govt of Tripura,Alankit Assignments Limited,1,0
Registrar General India - BEL,Swathy Smartcards Hi-Tech Pvt,3,0
Registrar General India BEL2,Alankit Assignments Limited,5,0
Registrar General India BEL2,Bharat Electronics Limited,13,0
Registrar General India BEL2,Chinar Construction Company Prime agency,54,0
Registrar General India BEL2,Computer LAB,2386,235
Registrar General India BEL2,Eagle Software India Pvt. Ltd,0,6
Registrar General India BEL2,Emdee Digitronics Pvt.Ltd.,208,8
Registrar General India BEL2,In Media Computer Services LLP,113,1
Registrar General India BEL2,India Computer Technology,2383,14
Registrar General India BEL2,Karvy Data Management Services,212,6
Registrar General India BEL2,MACRO INFOTECH PVT LTD,240,3
Registrar General India BEL2,MKS Enterprises,1,0
Registrar General India BEL2,Madras Security Printers Ltd,8894,146
Registrar General India BEL2,Manipur Electronics Dev Corp,241,3
Registrar General India BEL2,Multiwave Innovation,20,6
Registrar General India BEL2,NVR & ASSOCIATES LIMITED,22,2
Registrar General India BEL2,Netlink software Pvt Ltd,7,13
Registrar General India BEL2,Nevaeh Technology Pvt. Ltd.,348,12
Registrar General India BEL2,Nielsen  India  Private Limited,114,1
Registrar General India BEL2,Om Softwares,102,23
Registrar General India BEL2,STRATEGIC OUTSOURCING SERVICE,2,0
Registrar General India BEL2,Satyanarayana Raju Company Pvt ltd,273,12
Registrar General India BEL2,Swathy Smartcards Hi-Tech Pvt,10126,384
Registrar General India BEL2,Swiss Tech India Pvt Ltd,1,0
Registrar General India BEL2,Tera Software Ltd,340,30
Registrar General India BEL2,UNITED DATA SERVICES PRIVATE LIMITED,1417,10
Registrar General India BEL2,Urmila Info solution,7,0
Registrar General India BEL2,VIRGO SOFTECH LIMITED,27,3
Registrar General India BEL2,Vansh Infotech Pvt Ltd,1214,38
Registrar General India BEL2,Vedavaag Systems Limited,390,6
Registrar General India BEL2,Viesa Technologies,30,6
Registrar General India BEL2,WEBEL,46,3
Registrar General India ECIL,AVVAS INFOTECH PVT  LTD,4,1
Registrar General India ECIL,BUSINESS INFORMATION PROCESSING SERVICES,256,0
Registrar General India ECIL,COMTECH INSTITUTE OFTECHNOLOGY,0,10
Registrar General India ECIL,COMTECHINFO SOLUTIONS PVT.LTD,6532,393
Registrar General India ECIL,Chinar Construction Company Prime agency,5355,12
Registrar General India ECIL,Clairvoyance Technologies Pvt.,5,0
Registrar General India ECIL,Computer LAB,17715,993
Registrar General India ECIL,Eagle Software India Pvt. Ltd,40610,297
Registrar General India ECIL,Esoft Consulting Limited,4,0
Registrar General India ECIL,In Media Computer Services LLP,1740,86
Registrar General India ECIL,India Computer Technology,3720,38
Registrar General India ECIL,Integrated Systems & Services,401,1
Registrar General India ECIL,Karvy Data Management Services,3975,33
Registrar General India ECIL,Krishna Infotech,22,38
Registrar General India ECIL,LYRA  CONSULTANCY SERVICE,1216,5
Registrar General India ECIL,Madras Security Printers Ltd,15348,48061
Registrar General India ECIL,Mphasis Ltd,1,3
Registrar General India ECIL,Netwing Technologies Pvt Ltd,79,0
Registrar General India ECIL,Nielsen  India  Private Limited,132,0
Registrar General India ECIL,Pioneer E Labs limited,230,63
Registrar General India ECIL,SARADA SYSTEMS,24517,80
Registrar General India ECIL,SWISSTECH NPR 57CR PROJECT PVT,75,39
Registrar General India ECIL,Tera Software Ltd,17,2
Registrar General India ECIL,Vedavaag Systems Limited,356,19
Registrar General India Others,COMTECHINFO SOLUTIONS PVT.LTD,0,2
Registrar General India Others,Computer LAB,17,0
Registrar General India Others,Eagle Software India Pvt. Ltd,30,1
Registrar General India Others,Madras Security Printers Ltd,66,340
Registrar General India Others,Nielsen  India  Private Limited,1,0
Registrar General of India ITI,Eagle Software India Pvt. Ltd,330,10
Registrar General of India ITI,Emdee Digitronics Pvt.Ltd.,30455,997
Registrar General of India ITI,FINANCIAL INFORMATION NETWORK,8,1
Registrar General of India ITI,In Media Computer Services LLP,47,0
Registrar General of India ITI,Karvy Data Management Services,19,3
Registrar General of India ITI,Madras Security Printers Ltd,263,6
Registrar General of India ITI,Mphasis Ltd,0,1
Registrar General of India ITI,Nielsen  India  Private Limited,132,4
Registrar General of India ITI,PROTEX COMPUTER PVT LTD,1,0
Registrar General of India ITI,SREI INFRASTRUCTURE FINANCES L,2,0
Registrar General of India ITI,STRATEGIC OUTSOURCING SERVICE,0,2
Registrar General of India ITI,Satyanarayana Raju Company Pvt ltd,8,1
Registrar General of India ITI,Swathy Smartcards Hi-Tech Pvt,21,25
Registrar General of India ITI,TechSmart India Pvt Ltd,1,2
Registrar General of India ITI,VIRGO SOFTECH LIMITED,24,8
Registrar General of India ITI,Vedavaag Systems Limited,0,2
Registrar General of India ITI,WEBEL TECHNOLOGY LIMITED,8465,131
Registrar General of India ITI,Webx Technologies Private Limited,20,0
State Bank of Bikaner & Jaipur,Multiwave Innovation,11,3
State Bank of India,CSS TECHNERGY LIMITED,0,1
State Bank of India,Delhi Integrated MMTS Ltd,1,0
State Bank of India,IL&FS LTD,25,3
State Bank of India,Smart Chip Limited,5,0
UIDAI-Registrar,UIDAI-EA,31,2
Union Bank,FINANCIAL INFORMATION NETWORK,3051,183
Union Bank,Smart Chip Limited,10786,525
Union Bank,Vakrangee Softwares Limited,1618,90
