Registrar,Enrolment Agency,Aadhaar generated,Enrolment Rejected
Allahabad Bank,Vakrangee Softwares Limited,0,12
Bank Of India,A3 Logics  India  Ltd,772,87
Bank Of India,Akanksha International,4,20
Bank Of India,Blue Circle Instrument,1412,105
Bank Of India,DATASOFT COMPUTER SERVICES(P),5052,170
Bank Of India,Emdee Digitronics Pvt.Ltd.,886,23
Bank Of India,Frontech Systems Pvt Ltd,1368,21
Bank Of India,Matrix Processing House,0,10
Bank Of India,OSWAL COMPUTERS & CONSULTANTS,841,130
Bank Of India,PROTEX COMPUTER PVT LTD,1510,25
Bank Of India,SARADA SYSTEMS,1115,124
Bank Of India,SHRIKRISHNA KHANDASARI SUGAR M,44,15
Bank Of India,SREI INFRASTRUCTURE FINANCES L,5701,207
Bank Of India,Silver Touch Technologies Ltd,0,32
Bank Of India,VEETECHNOLOGIES PVT. LTD,560,27
Bank Of India,Vakrangee Softwares Limited,0,31
Bank of Baroda,DATASOFT COMPUTER SERVICES(P),18,0
Bank of Baroda,Global Finsol Private Limited,31,3
Bank of Baroda,IL&FS LTD,2,0
Bank of Maharashtra,FINANCIAL INFORMATION NETWORK,10,10
Bank of Maharashtra,Micro Technologies India Ltd,30,33
Bank of Maharashtra,Tera Software Ltd,1855,99
CSC e-Governance Services India Limited,A I Soc for Electronics and Comp Tech,3556,197
CSC e-Governance Services India Limited,AKSH OPTIFIBRE LIMITED,898,27
CSC e-Governance Services India Limited,BASIX,1967,125
CSC e-Governance Services India Limited,CALANCE SOFTWARE PRIVATE LTD,20,5
CSC e-Governance Services India Limited,CMS Computers Ltd,4710,203
CSC e-Governance Services India Limited,CSC e-Governance Services India Limited,672,72
CSC e-Governance Services India Limited,Intelligent Communication Sys India Ltd,646,39
CSC e-Governance Services India Limited,MANTRA SOFTTECH (INDIA) PVTLTD,1567,65
CSC e-Governance Services India Limited,Mahaonline Limited,670,39
CSC e-Governance Services India Limited,Network for Information & Computer,547,30
CSC e-Governance Services India Limited,Reliance Communication Limited,0,1
CSC e-Governance Services India Limited,SPANCO,1597,94
CSC e-Governance Services India Limited,Sahaj e-Village Limited,262,19
CSC e-Governance Services India Limited,Tera Software Ltd,67,13
CSC e-Governance Services India Limited,United Telecoms e-Services Pvt Ltd,829,61
CSC e-Governance Services India Limited,VIKALP MULTIMEDIA,134,33
CSC e-Governance Services India Limited,Vakrangee Softwares Limited,51,7
CSC e-Governance Services India Limited,Vayam technologies Ltd,1255,42
CSC e-Governance Services India Limited,Vedavaag Systems Limited,2158,59
CSC e-Governance Services India Limited,Zephyr System Pvt.Ltd.,2682,92
Canara Bank,FINANCIAL INFORMATION NETWORK,666,25
Canara Bank,Karvy Data Management Services,6122,217
Canara Bank,Ojus Healthcare Private Limited,15,3
Canara Bank,Osiris Infotech Pvt. Ltd.,556,18
Canara Bank,Smart Chip Limited,3498,311
Canara Bank,Virinchi Technologies Ltd,252,21
Central Bank of India,CALANCE SOFTWARE PRIVATE LTD,4,0
Central Bank of India,IAP COMPANY Pvt. Ltd,111,9
Central Bank of India,IL&FS LTD,36,0
Central Bank of India,MANTRA SOFTTECH (INDIA) PVTLTD,2,0
Central Bank of India,The Peerless General Finance,52,9
DENA BANK,APEX Services,360,13
DENA BANK,ATISHAY INFOTECH PVT. LTD.,971,32
DENA BANK,AVVAS INFOTECH PVT  LTD,3761,121
DENA BANK,Asha Security Guard Services,151,12
DENA BANK,BNR UDYOG LIMITED,74,15
DENA BANK,Binary Systems,2354,69
DENA BANK,Bloom Solutions Pvt Ltd,9774,395
DENA BANK,Business Information Processing Services,2891,90
DENA BANK,CALANCE SOFTWARE PRIVATE LTD,3615,57
DENA BANK,DATASOFT COMPUTER SERVICES(P),2741,31
DENA BANK,DEVASHISH SECURITIES PVT. LTD.,30,1
DENA BANK,Eagle Software India Pvt. Ltd,3067,64
DENA BANK,FINANCIAL INFORMATION NETWORK,3370,147
DENA BANK,Gem Computers,857,17
DENA BANK,Gujarat Infotech Ltd.,184,15
DENA BANK,IAP COMPANY Pvt. Ltd,12174,507
DENA BANK,India Computer Technology,1948,66
DENA BANK,JNET Technologies Pvt.Ltd,1522,35
DENA BANK,K W Consulting P Ltd,2563,437
DENA BANK,M/S STAR DATA CENTRE,1385,14
DENA BANK,M/s Gold Square Builders & Promoters Pvt. Ltd.,398,33
DENA BANK,MARS Telecom Systems Pvt Ltd,541,21
DENA BANK,MEGHA VINCOM PVT LTD,6097,174
DENA BANK,MKS Enterprises,3123,73
DENA BANK,Make India Smart Private Limited,3475,118
DENA BANK,Multiwave Innovation,3173,123
DENA BANK,NVR & ASSOCIATES LIMITED,2485,41
DENA BANK,Narayana Electricals Solution Pvt Ltd,0,18
DENA BANK,Netlink software Pvt Ltd,3989,110
DENA BANK,Nielsen  India  Private Limited,6872,515
DENA BANK,Offshoot Agency Pvt. Ltd.,3150,151
DENA BANK,Ortem Securities Limited,137,4
DENA BANK,Prodigy Systems and Services Private Limited,10,1
DENA BANK,Radiant Haroti Industries India Ltd,3831,77
DENA BANK,SGS INDIA PVT LTD,2944,62
DENA BANK,Silver Touch Technologies Ltd,648,8
DENA BANK,Soc for Advancement of Environ Science,261,23
DENA BANK,Super Printers,777,34
DENA BANK,Systematic & Advance Const P L,95,16
DENA BANK,TechSmart India Pvt Ltd,1516,126
DENA BANK,Tera Software Ltd,4953,202
DENA BANK,The NSIC ltd,398,77
DENA BANK,Transline Technologies P Ltd,1399,39
DENA BANK,Utility Forms Pvt Ltd,2322,45
DENA BANK,VAP INFOSOLUTIONS,4442,168
DENA BANK,VISION COMPTECH INTEGRATOR LTD,2693,72
DENA BANK,Vedavaag Systems Limited,11816,462
DENA BANK,WEBEL,13361,1382
DENA BANK,Wipro Ltd,1239,37
DENA BANK,Zephyr System Pvt.Ltd.,4485,123
Delhi - East DC,DATASOFT COMPUTER SERVICES(P),105,17
Delhi - East DC,Tera Software Ltd,4,0
Delhi - NE DC,Alankit Assignments Limited,2,0
Delhi - NE DC,Smart Chip Limited,0,1
Delhi - North DC,CALANCE SOFTWARE PRIVATE LTD,30,7
Delhi - North DC,NVR & ASSOCIATES LIMITED,7,93
Delhi - North DC,Smart Chip Limited,1,0
Delhi SW DC,STRATEGIC OUTSOURCING SERVICE,2,0
Delhi Urban Shelter Improvemen,STRATEGIC OUTSOURCING SERVICE,1,0
Delhi Urban Shelter Improvemen,Tera Software Ltd,8,0
Delhi- South DC,Karvy Computershare Private Li,13,1
Delhi- South DC,eCentric solutions pvt ltd,8,0
Delhi- West DC,Matrix Processing House,4,0
Delhi-NW DC,Karvy Computershare Private Li,7,2
Delhi-NW DC,STRATEGIC OUTSOURCING SERVICE,1,0
Department of Information Technology Govt of Jharkhand,Blue Circle Instrument,1,3
Department of Information Technology Govt of Jharkhand,Systematic & Advance Const P L,1,0
Department of Information Technology Govt of Jharkhand,Vayam technologies Ltd,0,2
Department of Information Technology Govt of Jharkhand,Wipro Ltd,35,19
Dept of ITC Govt of Rajasthan,ATISHAY INFOTECH PVT. LTD.,41,2
Dept of ITC Govt of Rajasthan,AVVAS INFOTECH PVT  LTD,645,41
Dept of ITC Govt of Rajasthan,Business Information Processing Services,0,12
Dept of ITC Govt of Rajasthan,DATASOFT COMPUTER SERVICES(P),22,7
Dept of ITC Govt of Rajasthan,GSS Infotech Ltd,1,0
Dept of ITC Govt of Rajasthan,Gem Computers,0,7
Dept of ITC Govt of Rajasthan,MANTRA SOFTTECH (INDIA) PVTLTD,0,1
Dept of ITC Govt of Rajasthan,Netlink software Pvt Ltd,33,14
Dept of ITC Govt of Rajasthan,TechSmart India Pvt Ltd,28,4
Dept of ITC Govt of Rajasthan,Transline Technologies P Ltd,371,28
Dept of ITC Govt of Rajasthan,Vakrangee Softwares Limited,81,36
Dept of ITC Govt of Rajasthan,Vayam technologies Ltd,129,47
FCR Govt of Haryana,4G INFORMATICS,302,29
FCR Govt of Haryana,Academy of Management Studies,169,31
FCR Govt of Haryana,Radiant Info Systems Ltd,439,89
FCR Govt of Haryana,SoftAge Information Technology Limited,462,66
FCR Govt of Haryana,Vakrangee Softwares Limited,16,3
FCR Govt of Haryana,Vayam technologies Ltd,76,16
FCS Govt of Punjab,Alankit Assignments Limited,3,1
FCS Govt of Punjab,District Sukhmani Society  Jalandhar  Punjab,32,5
FCS Govt of Punjab,District Sukhmani Society  Ludhiana  Punjab,40,9
FCS Govt of Punjab,District Sukhmani Society  Moga  Punjab,71,8
FCS Govt of Punjab,District Sukhmani Society Amritsar Punjab,47,11
FCS Govt of Punjab,District Sukhmani Society Barnala Punjab,51,5
FCS Govt of Punjab,District Sukhmani Society Bathinda Punjab,38,8
FCS Govt of Punjab,District Sukhmani Society Fatehgarh Sahib Punjab,21,3
FCS Govt of Punjab,District Sukhmani Society Fazilka Punjab,17,0
FCS Govt of Punjab,District Sukhmani Society Ferozepur Punjab,12,3
FCS Govt of Punjab,District Sukhmani Society For Citizen Services Mansa Punjab,19,3
FCS Govt of Punjab,District Sukhmani Society For Citizen Services Nawanshahr Punjab,33,2
FCS Govt of Punjab,District Sukhmani Society For Citizen Services SAS Nagar District e-Governance Society Punjab,78,6
FCS Govt of Punjab,District Sukhmani Society Pathankot Punjab,10,0
FCS Govt of Punjab,District Sukhmani Society Patiala Punjab,3,1
FCS Govt of Punjab,District Sukhmani Society Rupnagar Punjab,9,0
FCS Govt of Punjab,District Sukhmani Society Sangrur Punjab,46,6
FCS Govt of Punjab,District Sukhmani Society Sri Muktsar Sahib Punjab,5,2
FCS Govt of Punjab,District Sukhmani Society Tarn Taran Punjab,80,8
FCS Govt of Punjab,Diwakar Commercials Pvt Ltd,4,1
FCS Govt of Punjab,Karvy Computershare Private Li,44,45
FCS Govt of Punjab,Sukhmani Society For Citizen Services  Kapurthala  Punjab,8,0
FCS Govt of Punjab,Sukhmani Society For Citizens Services Faridkot Punjab,26,0
FCS Govt of Punjab,Suwidha Society Hoshiarpur Punjab,86,1
FCS Govt of Punjab,Vayam technologies Ltd,9,221
FCS Govt of Punjab,eCentric solutions pvt ltd,334,10
Govt of Andhra Pradesh,Gouthami Educational Society,43,5
Govt of Andhra Pradesh,GrapeSoft,8,2
Govt of Andhra Pradesh,INFRONICS SYSTEMS LTD,8,6
Govt of Andhra Pradesh,SREEVEN INFOCOM LIMITED,0,6
Govt of Andhra Pradesh,TechSmart India Pvt Ltd,0,3
Govt of Andhra Pradesh,Tera Software Ltd,0,2
Govt of Goa,MARS Telecom Systems Pvt Ltd,10,0
Govt of Gujarat,GSS Infotech Ltd,108,10
Govt of Gujarat,Karvy Computershare Private Li,1706,95
Govt of Gujarat,Silver Touch Technologies Ltd,752,43
Govt of Gujarat,Tera Software Ltd,2719,221
Govt of Gujarat,Transline Technologies P Ltd,0,4
Govt of Gujarat,Vayam technologies Ltd,69,41
Govt of Gujarat,eCentric solutions pvt ltd,14,5
Govt of Himachal Pradesh,IL&FS LTD,1,0
Govt of Himachal Pradesh,Wipro Ltd,0,78
Govt of Himachal Pradesh,i-Grandee SoftwareTechnologies,1,0
Govt of Karnataka ,BNR UDYOG LIMITED,94,14
Govt of Karnataka ,Bloom Solutions Pvt Ltd,17,31
Govt of Karnataka ,MARS Telecom Systems Pvt Ltd,0,1
Govt of Karnataka ,Ninestars Information Technologies Ltd,0,163
Govt of Karnataka ,Origin ITFS Pvt Ltd,27,2
Govt of Karnataka ,Radiant Info Systems Ltd,0,4
Govt of Karnataka ,SREEVEN INFOCOM LIMITED,301,8
Govt of Karnataka ,Tera Software Ltd,1,0
Govt of Kerala,Akshaya,4277,191
Govt of Madhya Pradesh,VIRGO SOFTECH LIMITED,5,0
Govt of Maharashtra,Alankit Finsec Ltd,1,1
Govt of Maharashtra,Bharat Technical Solutions Private Limited,0,1
Govt of Maharashtra,Eagle press pvt ltd,1,0
Govt of Maharashtra,Global Finsol Private Limited,1,2
Govt of Maharashtra,Karvy Computershare Private Li,481,32
Govt of Maharashtra,M/S King Computer System pvt Ltd,16,0
Govt of Maharashtra,M/s. Vidya Online  Pune,6,0
Govt of Maharashtra,Narayana Electricals Solution Pvt Ltd,1,16
Govt of Maharashtra,Netlink software Pvt Ltd,156,68
Govt of Maharashtra,Obel projects Pvt Ltd,0,3
Govt of Maharashtra,SETU MAHARASHTRA,22,2
Govt of Maharashtra,SILVER JUBILEE MOTORS LTD.,64,2
Govt of Maharashtra,SPANCO,3,4
Govt of Maharashtra,STRATEGIC OUTSOURCING SERVICE,186,11
Govt of Maharashtra,Silver Touch Technologies Ltd,0,34
Govt of Maharashtra,TechSmart India Pvt Ltd,1,0
Govt of Maharashtra,Tera Software Ltd,0,1
Govt of Maharashtra,Transline Technologies P Ltd,93,26
Govt of Maharashtra,Vidarbha Infotech Pvt Ltd,0,2
Govt of Maharashtra,Wipro Ltd,0,10
Govt of Sikkim - Dept of Econo,4G IDENTITY SOLUTIONS,1,0
Govt of Sikkim - Dept of Econo,Department of Economics Statistics  Monitoring and Evaluation DESME,133,2
IDBI Bank ltd,ATISHAY INFOTECH PVT. LTD.,152,4
IDBI Bank ltd,Matrix Processing House,304,27
IDBI Bank ltd,SREEVEN INFOCOM LIMITED,147,17
IDBI Bank ltd,UTI TECHNOLOGY SERVICES LIMITE,10,0
IGNOU,Vakrangee Softwares Limited,12,0
Indian Bank,Redim Software Technologies Pvt Ltd,2,0
Indiapost,4G IDENTITY SOLUTIONS,1,0
Indiapost,Delhi Integrated MMTS Ltd,4,25
Indiapost,MARS Telecom Systems Pvt Ltd,10,10
Indiapost,The NSIC ltd,9,0
Indiapost,Vayam technologies Ltd,0,13
Indiapost,WEBEL,0,2
Information Technology & Communication Department,4G INFORMATICS,0,2
Information Technology & Communication Department,BNR UDYOG LIMITED,0,121
Information Technology & Communication Department,Bloom Solutions Pvt Ltd,0,277
Information Technology & Communication Department,CSS TECHNERGY LIMITED,0,2
Information Technology & Communication Department,Directorate of ESD,4603,502
Information Technology & Communication Department,GDC Advertising Pvt. Limited,0,47
Information Technology & Communication Department,JYOTHI COMPUTER SERVICES,16,8
Information Technology & Communication Department,MARS Telecom Systems Pvt Ltd,27,5
Information Technology & Communication Department,SREEVEN INFOCOM LIMITED,0,5
Information Technology & Communication Department,Tera Software Ltd,0,5
Jharkhand,Emdee Digitronics Pvt.Ltd.,2,4
Jharkhand,Nevaeh Technology Pvt. Ltd.,0,6
Jharkhand,Systematic & Advance Const P L,2,0
Jharkhand,VISION COMPTECH INTEGRATOR LTD,1,1
Jharkhand,Wipro Ltd,87,536
Mission Convergence - GNCT Del,NVR & ASSOCIATES LIMITED,0,27
Mission Convergence - GNCT Del,STRATEGIC OUTSOURCING SERVICE,1,0
Mission Convergence - GNCT Del,eCentric solutions pvt ltd,6,0
NSDL e-Governance Infrastructure Limited,Abhipra Capital Ltd,447,32
NSDL e-Governance Infrastructure Limited,Alankit Assignments Limited,240,49
NSDL e-Governance Infrastructure Limited,Alankit Finsec Ltd,2727,119
NSDL e-Governance Infrastructure Limited,Global Finsol Private Limited,1,0
NSDL e-Governance Infrastructure Limited,Gujarat Infotech Ltd.,6945,435
NSDL e-Governance Infrastructure Limited,Karvy Data Management Services,59293,2416
NSDL e-Governance Infrastructure Limited,N.K. Sharma Enterprises Ltd.,143,13
NSDL e-Governance Infrastructure Limited,Netlink software Pvt Ltd,1467,131
NSDL e-Governance Infrastructure Limited,Offshoot Agency Pvt. Ltd.,1355,17
NSDL e-Governance Infrastructure Limited,PROWIZ MANSYTEMS PVT LTD,0,24
NSDL e-Governance Infrastructure Limited,Promind Solutions P Limited,8772,344
NSDL e-Governance Infrastructure Limited,RELIGARE SECURITIES LTD,753,86
NSDL e-Governance Infrastructure Limited,Radiant Haroti Industries India Ltd,631,68
NSDL e-Governance Infrastructure Limited,Sri Ramraja Sarkar Lok Kalyan Trust,2269,92
NSDL e-Governance Infrastructure Limited,Utility Forms Pvt Ltd,1964,60
NSDL e-Governance Infrastructure Limited,VIRGO SOFTECH LIMITED,0,1
Oriental Bank of Commerce,DATASOFT COMPUTER SERVICES(P),201,32
Oriental Bank of Commerce,Euro Finmart Ltd,0,3
Oriental Bank of Commerce,JNET Technologies Pvt.Ltd,30,2
Oriental Bank of Commerce,Redim Software Technologies Pvt Ltd,0,2
Oriental Bank of Commerce,Sri Ramraja Sarkar Lok Kalyan Trust,51,133
Oriental Bank of Commerce,Wipro Ltd,0,4
Principal Revenue Commissioner  Dept of Revenue  Govt of MP,Frontech Systems Pvt Ltd,329,46
Principal Revenue Commissioner  Dept of Revenue  Govt of MP,GDC Advertising Pvt. Limited,50,38
Principal Revenue Commissioner  Dept of Revenue  Govt of MP,K W Consulting P Ltd,17,24
Principal Revenue Commissioner  Dept of Revenue  Govt of MP,LYRA  CONSULTANCY SERVICE,145,49
Principal Revenue Commissioner  Dept of Revenue  Govt of MP,Netlink software Pvt Ltd,38,20
Principal Revenue Commissioner  Dept of Revenue  Govt of MP,OSWAL COMPUTERS & CONSULTANTS,119,30
Principal Revenue Commissioner  Dept of Revenue  Govt of MP,Tera Software Ltd,144,38
Principal Revenue Commissioner  Dept of Revenue  Govt of MP,Vedavaag Systems Limited,671,195
Punjab and Sind Bank,Matrix Processing House,1543,88
Registrar General India - BEL,In Media Computer Services LLP,0,1
Registrar General India - BEL,Swathy Smartcards Hi-Tech Pvt,1,0
Registrar General India BEL2,Alankit Assignments Limited,7,0
Registrar General India BEL2,Bharat Electronics Limited,2,0
Registrar General India BEL2,Chinar Construction Company Prime agency,5,2
Registrar General India BEL2,Computer LAB,1434,3
Registrar General India BEL2,Emdee Digitronics Pvt.Ltd.,41,18
Registrar General India BEL2,In Media Computer Services LLP,130,347
Registrar General India BEL2,India Computer Technology,1422,23
Registrar General India BEL2,Karvy Data Management Services,99,3
Registrar General India BEL2,MACRO INFOTECH PVT LTD,237,8
Registrar General India BEL2,MKS Enterprises,1,0
Registrar General India BEL2,Madras Security Printers Ltd,5832,138
Registrar General India BEL2,Manipur Electronics Dev Corp,289,1
Registrar General India BEL2,Multiwave Innovation,9,220
Registrar General India BEL2,NVR & ASSOCIATES LIMITED,213,1
Registrar General India BEL2,Netlink software Pvt Ltd,15,11
Registrar General India BEL2,Nevaeh Technology Pvt. Ltd.,337,18
Registrar General India BEL2,Nielsen  India  Private Limited,46,72
Registrar General India BEL2,Om Softwares,254,84
Registrar General India BEL2,STRATEGIC OUTSOURCING SERVICE,2,0
Registrar General India BEL2,Satyanarayana Raju Company Pvt ltd,452,65
Registrar General India BEL2,Swathy Smartcards Hi-Tech Pvt,6879,110
Registrar General India BEL2,Swiss Tech India Pvt Ltd,0,1
Registrar General India BEL2,Tera Software Ltd,859,671
Registrar General India BEL2,UNITED DATA SERVICES PRIVATE LIMITED,575,128
Registrar General India BEL2,Urmila Info solution,7,5
Registrar General India BEL2,VIRGO SOFTECH LIMITED,2,44
Registrar General India BEL2,Vansh Infotech Pvt Ltd,512,2
Registrar General India BEL2,Vayam technologies Ltd,0,2
Registrar General India BEL2,Vedavaag Systems Limited,259,15
Registrar General India BEL2,Viesa Technologies,24,1
Registrar General India BEL2,WEBEL,19,0
Registrar General India ECIL,AVVAS INFOTECH PVT  LTD,2,3
Registrar General India ECIL,BUSINESS INFORMATION PROCESSING SERVICES,28,27
Registrar General India ECIL,COMTECH INSTITUTE OFTECHNOLOGY,0,1
Registrar General India ECIL,COMTECHINFO SOLUTIONS PVT.LTD,1829,91
Registrar General India ECIL,Chinar Construction Company Prime agency,189,89
Registrar General India ECIL,Clairvoyance Technologies Pvt.,1,0
Registrar General India ECIL,Computer LAB,11828,1379
Registrar General India ECIL,Eagle Software India Pvt. Ltd,13518,3194
Registrar General India ECIL,Esoft Consulting Limited,2,1
Registrar General India ECIL,In Media Computer Services LLP,1953,1478
Registrar General India ECIL,India Computer Technology,1817,178
Registrar General India ECIL,Integrated Systems & Services,360,12
Registrar General India ECIL,Karvy Data Management Services,1667,782
Registrar General India ECIL,Krishna Infotech,14,2
Registrar General India ECIL,LYRA  CONSULTANCY SERVICE,1377,7
Registrar General India ECIL,Madras Security Printers Ltd,6440,1007
Registrar General India ECIL,Mphasis Ltd,1,6
Registrar General India ECIL,Netwing Technologies Pvt Ltd,60,0
Registrar General India ECIL,Nielsen  India  Private Limited,49,9
Registrar General India ECIL,Pioneer E Labs limited,196,11
Registrar General India ECIL,SARADA SYSTEMS,5792,38
Registrar General India ECIL,SWISSTECH NPR 57CR PROJECT PVT,53,8
Registrar General India ECIL,Tera Software Ltd,11,0
Registrar General India ECIL,Vedavaag Systems Limited,4570,2847
Registrar General India Others,COMTECHINFO SOLUTIONS PVT.LTD,1,1
Registrar General India Others,Computer LAB,7,2
Registrar General India Others,Eagle Software India Pvt. Ltd,6,0
Registrar General India Others,Madras Security Printers Ltd,29,17
Registrar General India Others,Om Softwares,2,0
Registrar General of India ITI,COMTECH INSTITUTE OFTECHNOLOGY,1,0
Registrar General of India ITI,Eagle Software India Pvt. Ltd,41,75
Registrar General of India ITI,Emdee Digitronics Pvt.Ltd.,16321,3409
Registrar General of India ITI,FINANCIAL INFORMATION NETWORK,1,0
Registrar General of India ITI,In Media Computer Services LLP,58,1
Registrar General of India ITI,Karvy Data Management Services,23,0
Registrar General of India ITI,MACRO INFOTECH PVT LTD,1,2
Registrar General of India ITI,Madras Security Printers Ltd,51,90
Registrar General of India ITI,Netlink software Pvt Ltd,1,1
Registrar General of India ITI,Netwing Technologies Pvt Ltd,0,1
Registrar General of India ITI,Nielsen  India  Private Limited,171,9
Registrar General of India ITI,PROTEX COMPUTER PVT LTD,43,0
Registrar General of India ITI,Satyanarayana Raju Company Pvt ltd,0,2
Registrar General of India ITI,Swathy Smartcards Hi-Tech Pvt,34,2
Registrar General of India ITI,TechSmart India Pvt Ltd,0,2
Registrar General of India ITI,VIRGO SOFTECH LIMITED,14,54
Registrar General of India ITI,Vedavaag Systems Limited,2,0
Registrar General of India ITI,WEBEL TECHNOLOGY LIMITED,5594,292
Registrar General of India ITI,Webx Technologies Private Limited,131,0
State Bank of Bikaner & Jaipur,Multiwave Innovation,9,2
State Bank of India,Eagle press pvt ltd,0,1
State Bank of India,IL&FS LTD,27,0
State Bank of India,Smart Chip Limited,2,0
UIDAI-Registrar,UIDAI-EA,27,1
UT of Puducherry,Madras Security Printers Ltd,0,1
Union Bank,FINANCIAL INFORMATION NETWORK,2982,263
Union Bank,Smart Chip Limited,2039,205
Union Bank,Vakrangee Softwares Limited,405,138
