Registrar,Enrolment Agency,Aadhaar generated,Enrolment Rejected
Allahabad Bank,IL&FS LTD,5,0
Allahabad Bank,Tera Software Ltd,2,0
Allahabad Bank,Vakrangee Softwares Limited,316,0
Bank Of India,A3 Logics  India  Ltd,1766,293
Bank Of India,Akanksha International,3,1
Bank Of India,Blue Circle Instrument,1910,159
Bank Of India,CHESSY CONSULTANTS PVT LTD,17,7
Bank Of India,DATASOFT COMPUTER SERVICES(P),7321,433
Bank Of India,Emdee Digitronics Pvt.Ltd.,4663,457
Bank Of India,Frontech Systems Pvt Ltd,989,56
Bank Of India,MANTRA SOFTTECH (INDIA) PVTLTD,22,3
Bank Of India,Matrix Processing House,137,3
Bank Of India,OSWAL COMPUTERS & CONSULTANTS,392,69
Bank Of India,PROTEX COMPUTER PVT LTD,1460,32
Bank Of India,SARADA SYSTEMS,1972,199
Bank Of India,SHRIKRISHNA KHANDASARI SUGAR M,383,71
Bank Of India,SPANCO,99,3
Bank Of India,SREI INFRASTRUCTURE FINANCES L,16076,865
Bank Of India,Silver Touch Technologies Ltd,94,0
Bank Of India,Systematic & Advance Const P L,59,2
Bank Of India,VEETECHNOLOGIES PVT. LTD,529,239
Bank Of India,Vakrangee Softwares Limited,334,14
Bank of Baroda,DATASOFT COMPUTER SERVICES(P),18,4
Bank of Baroda,Global Finsol Private Limited,13,3
Bank of Baroda,IL&FS LTD,4,0
Bank of Maharashtra,FINANCIAL INFORMATION NETWORK,105,18
Bank of Maharashtra,Micro Technologies India Ltd,96,18
Bank of Maharashtra,Tera Software Ltd,2072,588
CSC e-Governance Services India Limited,A I Soc for Electronics and Comp Tech,4883,945
CSC e-Governance Services India Limited,AKSH OPTIFIBRE LIMITED,710,140
CSC e-Governance Services India Limited,BASIX,2900,513
CSC e-Governance Services India Limited,CALANCE SOFTWARE PRIVATE LTD,10,1
CSC e-Governance Services India Limited,CMS Computers Ltd,6107,848
CSC e-Governance Services India Limited,CSC e-Governance Services India Limited,809,372
CSC e-Governance Services India Limited,Intelligent Communication Sys India Ltd,91,41
CSC e-Governance Services India Limited,MANTRA SOFTTECH (INDIA) PVTLTD,2521,192
CSC e-Governance Services India Limited,Mahaonline Limited,421,146
CSC e-Governance Services India Limited,Nekton IT India Pvt Ltd.,7,14
CSC e-Governance Services India Limited,Network for Information & Computer,1806,182
CSC e-Governance Services India Limited,SPANCO,1687,370
CSC e-Governance Services India Limited,Sahaj e-Village Limited,821,56
CSC e-Governance Services India Limited,Tera Software Ltd,205,26
CSC e-Governance Services India Limited,United Telecoms e-Services Pvt Ltd,1439,703
CSC e-Governance Services India Limited,VIKALP MULTIMEDIA,313,395
CSC e-Governance Services India Limited,Vakrangee Softwares Limited,10,16
CSC e-Governance Services India Limited,Vayam technologies Ltd,1940,90
CSC e-Governance Services India Limited,Vedavaag Systems Limited,2394,205
CSC e-Governance Services India Limited,Zephyr System Pvt.Ltd.,4434,431
Canara Bank,FINANCIAL INFORMATION NETWORK,4075,259
Canara Bank,Karvy Data Management Services,6493,462
Canara Bank,Ojus Healthcare Private Limited,62,8
Canara Bank,Osiris Infotech Pvt. Ltd.,751,106
Canara Bank,Smart Chip Limited,7078,591
Canara Bank,Virinchi Technologies Ltd,564,55
Central Bank of India,CALANCE SOFTWARE PRIVATE LTD,397,14
Central Bank of India,IAP COMPANY Pvt. Ltd,295,40
Central Bank of India,IL&FS LTD,42,8
Central Bank of India,MANTRA SOFTTECH (INDIA) PVTLTD,1,0
Central Bank of India,The Peerless General Finance,176,80
DENA BANK,APEX Services,687,48
DENA BANK,ATISHAY INFOTECH PVT. LTD.,1916,111
DENA BANK,AVVAS INFOTECH PVT  LTD,5072,310
DENA BANK,Asha Security Guard Services,419,81
DENA BANK,BNR UDYOG LIMITED,1914,56
DENA BANK,Binary Systems,3479,155
DENA BANK,Bloom Solutions Pvt Ltd,13093,748
DENA BANK,Business Information Processing Services,4603,243
DENA BANK,CALANCE SOFTWARE PRIVATE LTD,3141,185
DENA BANK,DATASOFT COMPUTER SERVICES(P),3455,115
DENA BANK,DEVASHISH SECURITIES PVT. LTD.,51,5
DENA BANK,Eagle Software India Pvt. Ltd,8512,1748
DENA BANK,FINANCIAL INFORMATION NETWORK,5644,516
DENA BANK,Gem Computers,1919,400
DENA BANK,Gujarat Infotech Ltd.,1692,22
DENA BANK,IAP COMPANY Pvt. Ltd,18716,1642
DENA BANK,India Computer Technology,1555,107
DENA BANK,JNET Technologies Pvt.Ltd,928,97
DENA BANK,K W Consulting P Ltd,3808,491
DENA BANK,M/S STAR DATA CENTRE,2422,75
DENA BANK,M/s Gold Square Builders & Promoters Pvt. Ltd.,2597,90
DENA BANK,MARS Telecom Systems Pvt Ltd,772,168
DENA BANK,MEGHA VINCOM PVT LTD,10956,663
DENA BANK,MKS Enterprises,2783,271
DENA BANK,Make India Smart Private Limited,2066,166
DENA BANK,Multiwave Innovation,8924,569
DENA BANK,NVR & ASSOCIATES LIMITED,4719,319
DENA BANK,Narayana Electricals Solution Pvt Ltd,0,1
DENA BANK,Netlink software Pvt Ltd,7431,480
DENA BANK,Nielsen  India  Private Limited,11872,1380
DENA BANK,Offshoot Agency Pvt. Ltd.,2076,324
DENA BANK,Ortem Securities Limited,253,46
DENA BANK,Prodigy Systems and Services Private Limited,45,3
DENA BANK,Radiant Haroti Industries India Ltd,3789,667
DENA BANK,SGS INDIA PVT LTD,4676,294
DENA BANK,Silver Touch Technologies Ltd,705,66
DENA BANK,Sixth Dimension Project Solutions Ltd,879,47
DENA BANK,Soc for Advancement of Environ Science,148,72
DENA BANK,Super Printers,2116,63
DENA BANK,Systematic & Advance Const P L,290,14
DENA BANK,TechSmart India Pvt Ltd,3125,356
DENA BANK,Tera Software Ltd,9843,637
DENA BANK,The NSIC ltd,295,29
DENA BANK,Transline Technologies P Ltd,4998,230
DENA BANK,Utility Forms Pvt Ltd,3254,104
DENA BANK,VAP INFOSOLUTIONS,998,177
DENA BANK,VISION COMPTECH INTEGRATOR LTD,5433,247
DENA BANK,Vedavaag Systems Limited,11873,985
DENA BANK,WEBEL,17302,823
DENA BANK,Wipro Ltd,1569,328
DENA BANK,Zephyr System Pvt.Ltd.,5055,335
Delhi - Central DC,Smart Chip Limited,9,1
Delhi - East DC,DATASOFT COMPUTER SERVICES(P),117,25
Delhi - East DC,Tera Software Ltd,2,10
Delhi - ND DC,Smart Chip Limited,3,0
Delhi - NE DC,Alankit Assignments Limited,0,8
Delhi - NE DC,Smart Chip Limited,5,0
Delhi - North DC,CALANCE SOFTWARE PRIVATE LTD,49,16
Delhi - North DC,DATASOFT COMPUTER SERVICES(P),1,1
Delhi - North DC,NVR & ASSOCIATES LIMITED,5,26
Delhi - North DC,Smart Chip Limited,16,2
Delhi SW DC,STRATEGIC OUTSOURCING SERVICE,2,6
Delhi SW DC,VIRGO SOFTECH LIMITED,1,1
Delhi Urban Shelter Improvemen,STRATEGIC OUTSOURCING SERVICE,3,3
Delhi Urban Shelter Improvemen,Tera Software Ltd,4,7
Delhi- South DC,Karvy Computershare Private Li,3,29
Delhi- South DC,Smart Chip Limited,3,0
Delhi- South DC,Tera Software Ltd,1,1
Delhi- South DC,eCentric solutions pvt ltd,8,15
Delhi- West DC,Matrix Processing House,3,6
Delhi- West DC,VIRGO SOFTECH LIMITED,9,1
Delhi-NW DC,Karvy Computershare Private Li,1,20
Delhi-NW DC,STRATEGIC OUTSOURCING SERVICE,4,14
Department of Information Technology Govt of Jharkhand,Blue Circle Instrument,27,5
Department of Information Technology Govt of Jharkhand,MKS Enterprises,48,1
Department of Information Technology Govt of Jharkhand,Systematic & Advance Const P L,2,2
Department of Information Technology Govt of Jharkhand,Wipro Ltd,101,41
Dept of ITC Govt of Rajasthan,ATISHAY INFOTECH PVT. LTD.,227,16
Dept of ITC Govt of Rajasthan,AVVAS INFOTECH PVT  LTD,1256,104
Dept of ITC Govt of Rajasthan,Alankit Finsec Ltd,6,2
Dept of ITC Govt of Rajasthan,DATASOFT COMPUTER SERVICES(P),97,18
Dept of ITC Govt of Rajasthan,GSS Infotech Ltd,3,0
Dept of ITC Govt of Rajasthan,Gem Computers,0,4
Dept of ITC Govt of Rajasthan,Netlink software Pvt Ltd,14,0
Dept of ITC Govt of Rajasthan,TechSmart India Pvt Ltd,62,18
Dept of ITC Govt of Rajasthan,Transline Technologies P Ltd,345,57
Dept of ITC Govt of Rajasthan,VIRGO SOFTECH LIMITED,2,2
Dept of ITC Govt of Rajasthan,Vakrangee Softwares Limited,267,71
Dept of ITC Govt of Rajasthan,Vayam technologies Ltd,29,17
FCR Govt of Haryana,4G INFORMATICS,3,60
FCR Govt of Haryana,Academy of Management Studies,68,37
FCR Govt of Haryana,Radiant Info Systems Ltd,467,201
FCR Govt of Haryana,SoftAge Information Technology Limited,496,239
FCR Govt of Haryana,Vakrangee Softwares Limited,420,2
FCR Govt of Haryana,Vayam technologies Ltd,47,30
FCS Govt of Punjab,Alankit Assignments Limited,7,12
FCS Govt of Punjab,Alankit Finsec Ltd,1,2
FCS Govt of Punjab,CSS TECHNERGY LIMITED,29,5
FCS Govt of Punjab,Delhi Integrated MMTS Ltd,2,5
FCS Govt of Punjab,District Sukhmani Society  Jalandhar  Punjab,32,6
FCS Govt of Punjab,District Sukhmani Society  Ludhiana  Punjab,70,36
FCS Govt of Punjab,District Sukhmani Society  Moga  Punjab,41,5
FCS Govt of Punjab,District Sukhmani Society Amritsar Punjab,121,33
FCS Govt of Punjab,District Sukhmani Society Barnala Punjab,93,22
FCS Govt of Punjab,District Sukhmani Society Bathinda Punjab,47,13
FCS Govt of Punjab,District Sukhmani Society Fatehgarh Sahib Punjab,13,18
FCS Govt of Punjab,District Sukhmani Society Fazilka Punjab,16,2
FCS Govt of Punjab,District Sukhmani Society Ferozepur Punjab,28,14
FCS Govt of Punjab,District Sukhmani Society For Citizen Services Mansa Punjab,32,8
FCS Govt of Punjab,District Sukhmani Society For Citizen Services Nawanshahr Punjab,109,21
FCS Govt of Punjab,District Sukhmani Society For Citizen Services SAS Nagar District e-Governance Society Punjab,56,13
FCS Govt of Punjab,District Sukhmani Society Pathankot Punjab,9,2
FCS Govt of Punjab,District Sukhmani Society Patiala Punjab,48,15
FCS Govt of Punjab,District Sukhmani Society Rupnagar Punjab,44,6
FCS Govt of Punjab,District Sukhmani Society Sangrur Punjab,42,23
FCS Govt of Punjab,District Sukhmani Society Sri Muktsar Sahib Punjab,22,4
FCS Govt of Punjab,District Sukhmani Society Tarn Taran Punjab,1,10
FCS Govt of Punjab,Diwakar Commercials Pvt Ltd,3,3
FCS Govt of Punjab,Karvy Computershare Private Li,280,24
FCS Govt of Punjab,Sukhmani Society For Citizen Services  Kapurthala  Punjab,5,8
FCS Govt of Punjab,Sukhmani Society For Citizens Services Faridkot Punjab,64,14
FCS Govt of Punjab,Suwidha Society Hoshiarpur Punjab,40,4
FCS Govt of Punjab,VIRGO SOFTECH LIMITED,0,1
FCS Govt of Punjab,Vayam technologies Ltd,191,10
FCS Govt of Punjab,eCentric solutions pvt ltd,453,76
Govt of Andhra Pradesh,Gouthami Educational Society,23,10
Govt of Andhra Pradesh,GrapeSoft,26,14
Govt of Andhra Pradesh,IL&FS LTD,0,3
Govt of Andhra Pradesh,INFRONICS SYSTEMS LTD,182,39
Govt of Andhra Pradesh,Madras Security Printers Ltd,2,1
Govt of Andhra Pradesh,SREEVEN INFOCOM LIMITED,40,5
Govt of Andhra Pradesh,TechSmart India Pvt Ltd,8,18
Govt of Andhra Pradesh,Tera Software Ltd,28,15
Govt of Andhra Pradesh,eCentric solutions pvt ltd,4,2
Govt of Goa,COMAT TECHNOLOGIES P LTD,0,1
Govt of Goa,MARS Telecom Systems Pvt Ltd,305,8
Govt of Gujarat,GSS Infotech Ltd,49,5
Govt of Gujarat,Karvy Computershare Private Li,4437,263
Govt of Gujarat,Silver Touch Technologies Ltd,3854,169
Govt of Gujarat,Tera Software Ltd,2298,141
Govt of Gujarat,Transline Technologies P Ltd,2,0
Govt of Gujarat,Vayam technologies Ltd,89,19
Govt of Gujarat,eCentric solutions pvt ltd,167,48
Govt of Himachal Pradesh,IL&FS LTD,11,8
Govt of Himachal Pradesh,Wipro Ltd,115,0
Govt of Himachal Pradesh,i-Grandee SoftwareTechnologies,161,6
Govt of Karnataka ,BNR UDYOG LIMITED,11,12
Govt of Karnataka ,Bloom Solutions Pvt Ltd,1,0
Govt of Karnataka ,COMAT TECHNOLOGIES P LTD,1,1
Govt of Karnataka ,GLODYNE TECHNOSERVE,1,0
Govt of Karnataka ,MARS Telecom Systems Pvt Ltd,59,4
Govt of Karnataka ,Ninestars Information Technologies Ltd,91,7
Govt of Karnataka ,Origin ITFS Pvt Ltd,125,16
Govt of Karnataka ,SREEVEN INFOCOM LIMITED,274,17
Govt of Karnataka ,Tera Software Ltd,6,1
Govt of Kerala,Akshaya,7954,782
Govt of Kerala,Keltron,8,2
Govt of Madhya Pradesh,VIRGO SOFTECH LIMITED,3,1
Govt of Maharashtra,Alankit Assignments Limited,4,1
Govt of Maharashtra,Alankit Finsec Ltd,74,5
Govt of Maharashtra,Bharat Technical Solutions Private Limited,0,1
Govt of Maharashtra,Eagle press pvt ltd,6,2
Govt of Maharashtra,GLODYNE TECHNOSERVE,0,1
Govt of Maharashtra,Global Finsol Private Limited,2,3
Govt of Maharashtra,Karvy Computershare Private Li,934,90
Govt of Maharashtra,M/S King Computer System pvt Ltd,118,3
Govt of Maharashtra,M/s. Vidya Online  Pune,6,1
Govt of Maharashtra,Mahaonline Limited,0,1
Govt of Maharashtra,Narayana Electricals Solution Pvt Ltd,1,1
Govt of Maharashtra,Netlink software Pvt Ltd,419,189
Govt of Maharashtra,Network for Information & Computer,2,0
Govt of Maharashtra,Rudranee Infotech Ltd,109,2
Govt of Maharashtra,SETU MAHARASHTRA,35,20
Govt of Maharashtra,SHREERAM PRINTING PRESS,239,80
Govt of Maharashtra,SILVER JUBILEE MOTORS LTD.,257,2
Govt of Maharashtra,SPANCO,4,9
Govt of Maharashtra,STRATEGIC OUTSOURCING SERVICE,53,6
Govt of Maharashtra,Silver Touch Technologies Ltd,112,1
Govt of Maharashtra,TechSmart India Pvt Ltd,92,1
Govt of Maharashtra,Tera Software Ltd,29,1
Govt of Maharashtra,Transline Technologies P Ltd,185,7
Govt of Maharashtra,Vidarbha Infotech Pvt Ltd,19,0
Govt of Maharashtra,Wipro Ltd,493,2
Govt of Sikkim - Dept of Econo,Department of Economics Statistics  Monitoring and Evaluation DESME,12,3
IDBI Bank ltd,ATISHAY INFOTECH PVT. LTD.,306,20
IDBI Bank ltd,Matrix Processing House,987,29
IDBI Bank ltd,SREEVEN INFOCOM LIMITED,646,31
IDBI Bank ltd,UTI TECHNOLOGY SERVICES LIMITE,8,2
IGNOU,Vakrangee Softwares Limited,27,9
Indian Bank,Redim Software Technologies Pvt Ltd,7,3
Indiapost,4G IDENTITY SOLUTIONS,3,1
Indiapost,COMAT TECHNOLOGIES P LTD,0,1
Indiapost,Delhi Integrated MMTS Ltd,49,25
Indiapost,Global Finsol Private Limited,49,4
Indiapost,M/S STAR DATA CENTRE,0,1
Indiapost,MARS Telecom Systems Pvt Ltd,36,39
Indiapost,Smart Chip Limited,2,0
Indiapost,The NSIC ltd,11,8
Indiapost,UTI TECHNOLOGY SERVICES LIMITE,1,0
Indiapost,Vayam technologies Ltd,278,97
Indiapost,eCentric solutions pvt ltd,1,1
Information Technology & Communication Department,4G INFORMATICS,176,0
Information Technology & Communication Department,BNR UDYOG LIMITED,1,1
Information Technology & Communication Department,Bloom Solutions Pvt Ltd,10,2
Information Technology & Communication Department,CSS TECHNERGY LIMITED,27,10
Information Technology & Communication Department,Directorate of ESD,10734,3290
Information Technology & Communication Department,JYOTHI COMPUTER SERVICES,261,1
Information Technology & Communication Department,MARS Telecom Systems Pvt Ltd,60,14
Information Technology & Communication Department,SREEVEN INFOCOM LIMITED,19,7
Information Technology & Communication Department,Tera Software Ltd,7,10
Jharkhand,Alankit Assignments Limited,87,3
Jharkhand,Blue Circle Instrument,5,0
Jharkhand,Emdee Digitronics Pvt.Ltd.,2,0
Jharkhand,IL&FS LTD,1,1
Jharkhand,MKS Enterprises,12,1
Jharkhand,Nevaeh Technology Pvt. Ltd.,1,2
Jharkhand,STRATEGIC OUTSOURCING SERVICE,146,0
Jharkhand,Smart Chip Limited,0,1
Jharkhand,Systematic & Advance Const P L,104,1
Jharkhand,VISION COMPTECH INTEGRATOR LTD,21,0
Jharkhand,Wipro Ltd,548,200
Mission Convergence - GNCT Del,NVR & ASSOCIATES LIMITED,0,1
Mission Convergence - GNCT Del,STRATEGIC OUTSOURCING SERVICE,0,4
Mission Convergence - GNCT Del,Tera Software Ltd,0,1
Mission Convergence - GNCT Del,eCentric solutions pvt ltd,10,19
NSDL e-Governance Infrastructure Limited,Abhipra Capital Ltd,1913,87
NSDL e-Governance Infrastructure Limited,Alankit Assignments Limited,231,64
NSDL e-Governance Infrastructure Limited,Alankit Finsec Ltd,5663,614
NSDL e-Governance Infrastructure Limited,Global Finsol Private Limited,21,1
NSDL e-Governance Infrastructure Limited,Gujarat Infotech Ltd.,9404,503
NSDL e-Governance Infrastructure Limited,INTEGRATED REGISTRY SERVICES LTD,0,1
NSDL e-Governance Infrastructure Limited,Karvy Data Management Services,68185,6280
NSDL e-Governance Infrastructure Limited,N.K. Sharma Enterprises Ltd.,1770,55
NSDL e-Governance Infrastructure Limited,Netlink software Pvt Ltd,380,85
NSDL e-Governance Infrastructure Limited,Offshoot Agency Pvt. Ltd.,1282,89
NSDL e-Governance Infrastructure Limited,PROWIZ MANSYTEMS PVT LTD,167,4
NSDL e-Governance Infrastructure Limited,Promind Solutions P Limited,13854,937
NSDL e-Governance Infrastructure Limited,RELIGARE SECURITIES LTD,1336,151
NSDL e-Governance Infrastructure Limited,Radiant Haroti Industries India Ltd,751,112
NSDL e-Governance Infrastructure Limited,Sri Ramraja Sarkar Lok Kalyan Trust,5783,359
NSDL e-Governance Infrastructure Limited,Utility Forms Pvt Ltd,3869,209
NSDL e-Governance Infrastructure Limited,VIRGO SOFTECH LIMITED,37,2
Oriental Bank of Commerce,DATASOFT COMPUTER SERVICES(P),378,58
Oriental Bank of Commerce,Euro Finmart Ltd,2,1
Oriental Bank of Commerce,FINANCIAL INFORMATION NETWORK,16,0
Oriental Bank of Commerce,IL&FS LTD,1,0
Oriental Bank of Commerce,JNET Technologies Pvt.Ltd,86,5
Oriental Bank of Commerce,Sri Ramraja Sarkar Lok Kalyan Trust,262,35
Oriental Bank of Commerce,The NSIC ltd,0,1
Oriental Bank of Commerce,Wipro Ltd,49,8
Principal Revenue Commissioner  Dept of Revenue  Govt of MP,Frontech Systems Pvt Ltd,83,16
Principal Revenue Commissioner  Dept of Revenue  Govt of MP,GDC Advertising Pvt. Limited,23,20
Principal Revenue Commissioner  Dept of Revenue  Govt of MP,K W Consulting P Ltd,29,29
Principal Revenue Commissioner  Dept of Revenue  Govt of MP,LYRA  CONSULTANCY SERVICE,134,13
Principal Revenue Commissioner  Dept of Revenue  Govt of MP,Netlink software Pvt Ltd,22,33
Principal Revenue Commissioner  Dept of Revenue  Govt of MP,OSWAL COMPUTERS & CONSULTANTS,350,55
Principal Revenue Commissioner  Dept of Revenue  Govt of MP,Tera Software Ltd,349,58
Principal Revenue Commissioner  Dept of Revenue  Govt of MP,The NSIC ltd,0,1
Principal Revenue Commissioner  Dept of Revenue  Govt of MP,Vedavaag Systems Limited,1643,226
Punjab and Sind Bank,Matrix Processing House,574,110
RDD Govt of Tripura,Alankit Assignments Limited,3,1
Registrar General India - BEL,In Media Computer Services LLP,0,8
Registrar General India - BEL,Swathy Smartcards Hi-Tech Pvt,7,3
Registrar General India BEL2,Alankit Assignments Limited,8,1
Registrar General India BEL2,Bharat Electronics Limited,19,1
Registrar General India BEL2,Chinar Construction Company Prime agency,68,1
Registrar General India BEL2,Computer LAB,2999,1244
Registrar General India BEL2,Eagle Software India Pvt. Ltd,0,10
Registrar General India BEL2,Emdee Digitronics Pvt.Ltd.,121,24
Registrar General India BEL2,In Media Computer Services LLP,149,3
Registrar General India BEL2,India Computer Technology,3108,292
Registrar General India BEL2,Karvy Data Management Services,617,98
Registrar General India BEL2,MACRO INFOTECH PVT LTD,290,21
Registrar General India BEL2,MKS Enterprises,54,0
Registrar General India BEL2,Madras Security Printers Ltd,11466,1468
Registrar General India BEL2,Manipur Electronics Dev Corp,256,13
Registrar General India BEL2,Multiwave Innovation,42,93
Registrar General India BEL2,NVR & ASSOCIATES LIMITED,42,15
Registrar General India BEL2,Netlink software Pvt Ltd,5,25
Registrar General India BEL2,Nevaeh Technology Pvt. Ltd.,422,30
Registrar General India BEL2,Nielsen  India  Private Limited,121,21
Registrar General India BEL2,Om Softwares,116,22
Registrar General India BEL2,SREI INFRASTRUCTURE FINANCES L,4,0
Registrar General India BEL2,Satyanarayana Raju Company Pvt ltd,731,127
Registrar General India BEL2,Swathy Smartcards Hi-Tech Pvt,13452,2554
Registrar General India BEL2,Swiss Tech India Pvt Ltd,1,0
Registrar General India BEL2,Tera Software Ltd,446,357
Registrar General India BEL2,UNITED DATA SERVICES PRIVATE LIMITED,964,98
Registrar General India BEL2,Urmila Info solution,6,0
Registrar General India BEL2,VIRGO SOFTECH LIMITED,1,8
Registrar General India BEL2,Vansh Infotech Pvt Ltd,1060,89
Registrar General India BEL2,Vayam technologies Ltd,0,1
Registrar General India BEL2,Vedavaag Systems Limited,1137,26
Registrar General India BEL2,Viesa Technologies,38,19
Registrar General India BEL2,WEBEL,47,15
Registrar General India ECIL,AVVAS INFOTECH PVT  LTD,2,11
Registrar General India ECIL,BUSINESS INFORMATION PROCESSING SERVICES,157,14
Registrar General India ECIL,COMTECH INSTITUTE OFTECHNOLOGY,0,11
Registrar General India ECIL,COMTECHINFO SOLUTIONS PVT.LTD,6635,350
Registrar General India ECIL,Chinar Construction Company Prime agency,7160,190
Registrar General India ECIL,Clairvoyance Technologies Pvt.,7,0
Registrar General India ECIL,Computer LAB,22627,2578
Registrar General India ECIL,Eagle Software India Pvt. Ltd,36568,3107
Registrar General India ECIL,Esoft Consulting Limited,2,2
Registrar General India ECIL,In Media Computer Services LLP,1954,394
Registrar General India ECIL,India Computer Technology,4703,256
Registrar General India ECIL,Integrated Systems & Services,426,11
Registrar General India ECIL,Karvy Data Management Services,2342,122
Registrar General India ECIL,Krishna Infotech,41,44
Registrar General India ECIL,LYRA  CONSULTANCY SERVICE,785,39
Registrar General India ECIL,Madras Security Printers Ltd,15653,42557
Registrar General India ECIL,Netwing Technologies Pvt Ltd,74,1
Registrar General India ECIL,Nielsen  India  Private Limited,151,10
Registrar General India ECIL,Pioneer E Labs limited,271,789
Registrar General India ECIL,SARADA SYSTEMS,20450,200
Registrar General India ECIL,SWISSTECH NPR 57CR PROJECT PVT,98,106
Registrar General India ECIL,Tera Software Ltd,24,4
Registrar General India ECIL,VEETECHNOLOGIES PVT. LTD,0,1
Registrar General India ECIL,Vedavaag Systems Limited,408,235
Registrar General India Others,COMTECHINFO SOLUTIONS PVT.LTD,17,2
Registrar General India Others,Computer LAB,20,1
Registrar General India Others,Eagle Software India Pvt. Ltd,38,1
Registrar General India Others,In Media Computer Services LLP,0,1
Registrar General India Others,India Computer Technology,13,0
Registrar General India Others,Madras Security Printers Ltd,102,253
Registrar General India Others,Om Softwares,0,1
Registrar General India Others,SWISSTECH NPR 57CR PROJECT PVT,0,1
Registrar General India Others,Swathy Smartcards Hi-Tech Pvt,1,3
Registrar General of India ITI,Eagle Software India Pvt. Ltd,360,277
Registrar General of India ITI,Emdee Digitronics Pvt.Ltd.,31614,2148
Registrar General of India ITI,FINANCIAL INFORMATION NETWORK,4,8
Registrar General of India ITI,In Media Computer Services LLP,64,1
Registrar General of India ITI,Karvy Data Management Services,13,45
Registrar General of India ITI,Madras Security Printers Ltd,301,45
Registrar General of India ITI,Multiwave Innovation,0,1
Registrar General of India ITI,Nielsen  India  Private Limited,137,26
Registrar General of India ITI,PROTEX COMPUTER PVT LTD,2,1
Registrar General of India ITI,SREEVEN INFOCOM LIMITED,4,2
Registrar General of India ITI,STRATEGIC OUTSOURCING SERVICE,131,17
Registrar General of India ITI,Satyanarayana Raju Company Pvt ltd,2,78
Registrar General of India ITI,Swathy Smartcards Hi-Tech Pvt,53,45
Registrar General of India ITI,TechSmart India Pvt Ltd,9,6
Registrar General of India ITI,VIRGO SOFTECH LIMITED,32,38
Registrar General of India ITI,Vedavaag Systems Limited,0,2
Registrar General of India ITI,WEBEL TECHNOLOGY LIMITED,9359,485
Registrar General of India ITI,Webx Technologies Private Limited,19,1
State Bank of Bikaner & Jaipur,Multiwave Innovation,141,21
State Bank of India,COMAT TECHNOLOGIES P LTD,0,1
State Bank of India,CSS TECHNERGY LIMITED,2,0
State Bank of India,IL&FS LTD,24,7
State Bank of India,Smart Chip Limited,6,4
State Bank of India,VIRGO SOFTECH LIMITED,0,1
State Bank of Travancore,Tera Software Ltd,1,1
UIDAI-Registrar,UIDAI-EA,12,0
UT Of Daman and Diu,Alankit Assignments Limited,21,0
UT of Puducherry,Madras Security Printers Ltd,13,0
Union Bank,FINANCIAL INFORMATION NETWORK,3157,1206
Union Bank,Smart Chip Limited,9119,628
Union Bank,Vakrangee Softwares Limited,1114,297
