Registrar,Enrolment Agency,Aadhaar generated,Enrolment Rejected
Allahabad Bank,Vakrangee Softwares Limited,0,11
Bank Of India,A3 Logics  India  Ltd,196,150
Bank Of India,Akanksha International,9,59
Bank Of India,Blue Circle Instrument,1305,149
Bank Of India,CHESSY CONSULTANTS PVT LTD,0,4
Bank Of India,DATASOFT COMPUTER SERVICES(P),360,175
Bank Of India,Emdee Digitronics Pvt.Ltd.,618,197
Bank Of India,Frontech Systems Pvt Ltd,294,69
Bank Of India,MANTRA SOFTTECH (INDIA) PVTLTD,0,3
Bank Of India,Matrix Processing House,14,272
Bank Of India,OSWAL COMPUTERS & CONSULTANTS,88,202
Bank Of India,PROTEX COMPUTER PVT LTD,2,106
Bank Of India,SARADA SYSTEMS,1549,207
Bank Of India,SHRIKRISHNA KHANDASARI SUGAR M,1735,84
Bank Of India,SPANCO,10,111
Bank Of India,SREI INFRASTRUCTURE FINANCES L,5674,732
Bank Of India,Silver Touch Technologies Ltd,0,22
Bank Of India,Systematic & Advance Const P L,2,133
Bank Of India,VEETECHNOLOGIES PVT. LTD,22,146
Bank Of India,VIRGO SOFTECH LIMITED,0,3
Bank Of India,Vakrangee Softwares Limited,0,7
Bank of Baroda,Global Finsol Private Limited,34,48
Bank of Maharashtra,Alankit Finsec Ltd,4,6
Bank of Maharashtra,FINANCIAL INFORMATION NETWORK,24,29
Bank of Maharashtra,Micro Technologies India Ltd,1,24
Bank of Maharashtra,Tera Software Ltd,1568,225
CSC e-Governance Services India Limited,A I Soc for Electronics and Comp Tech,1432,798
CSC e-Governance Services India Limited,AKSH OPTIFIBRE LIMITED,628,217
CSC e-Governance Services India Limited,BASIX,1117,641
CSC e-Governance Services India Limited,CALANCE SOFTWARE PRIVATE LTD,147,178
CSC e-Governance Services India Limited,CMS Computers Ltd,2500,879
CSC e-Governance Services India Limited,CSC e-Governance Services India Limited,979,524
CSC e-Governance Services India Limited,Intelligent Communication Sys India Ltd,16,117
CSC e-Governance Services India Limited,MANTRA SOFTTECH (INDIA) PVTLTD,1530,101
CSC e-Governance Services India Limited,Mahaonline Limited,110,67
CSC e-Governance Services India Limited,Network for Information & Computer,141,55
CSC e-Governance Services India Limited,Reliance Communication Limited,0,64
CSC e-Governance Services India Limited,SPANCO,641,169
CSC e-Governance Services India Limited,Tera Software Ltd,65,12
CSC e-Governance Services India Limited,United Telecoms e-Services Pvt Ltd,1198,601
CSC e-Governance Services India Limited,VIKALP MULTIMEDIA,19,269
CSC e-Governance Services India Limited,Vakrangee Softwares Limited,27,148
CSC e-Governance Services India Limited,Vayam technologies Ltd,281,23
CSC e-Governance Services India Limited,Vedavaag Systems Limited,1359,74
CSC e-Governance Services India Limited,Zephyr System Pvt.Ltd.,1241,352
Canara Bank,FINANCIAL INFORMATION NETWORK,87,29
Canara Bank,Karvy Data Management Services,2114,228
Canara Bank,Ojus Healthcare Private Limited,4,8
Canara Bank,Osiris Infotech Pvt. Ltd.,792,120
Canara Bank,Smart Chip Limited,3798,426
Canara Bank,Virinchi Technologies Ltd,1,0
Central Bank of India,CALANCE SOFTWARE PRIVATE LTD,0,91
Central Bank of India,IAP COMPANY Pvt. Ltd,267,347
Central Bank of India,MANTRA SOFTTECH (INDIA) PVTLTD,0,1
Central Bank of India,SREI INFRASTRUCTURE FINANCES L,0,1
Central Bank of India,The Peerless General Finance,1,63
DENA BANK,ATISHAY INFOTECH PVT. LTD.,192,126
DENA BANK,AVVAS INFOTECH PVT  LTD,991,356
DENA BANK,Asha Security Guard Services,1052,120
DENA BANK,BNR UDYOG LIMITED,1296,70
DENA BANK,Binary Systems,27,28
DENA BANK,Bloom Solutions Pvt Ltd,3218,609
DENA BANK,Business Information Processing Services,3228,124
DENA BANK,CALANCE SOFTWARE PRIVATE LTD,18,195
DENA BANK,DATASOFT COMPUTER SERVICES(P),1624,71
DENA BANK,DEVASHISH SECURITIES PVT. LTD.,182,5
DENA BANK,Eagle Software India Pvt. Ltd,4285,277
DENA BANK,FINANCIAL INFORMATION NETWORK,2663,139
DENA BANK,Gem Computers,3442,83
DENA BANK,Gujarat Infotech Ltd.,214,61
DENA BANK,IAP COMPANY Pvt. Ltd,11915,738
DENA BANK,India Computer Technology,1,43
DENA BANK,JNET Technologies Pvt.Ltd,1465,113
DENA BANK,K W Consulting P Ltd,2213,470
DENA BANK,M/S STAR DATA CENTRE,1017,49
DENA BANK,M/s Gold Square Builders & Promoters Pvt. Ltd.,112,119
DENA BANK,MARS Telecom Systems Pvt Ltd,179,117
DENA BANK,MEGHA VINCOM PVT LTD,5095,416
DENA BANK,MKS Enterprises,2567,131
DENA BANK,Make India Smart Private Limited,2169,68
DENA BANK,Multiwave Innovation,4115,232
DENA BANK,NVR & ASSOCIATES LIMITED,168,59
DENA BANK,Narayana Electricals Solution Pvt Ltd,0,22
DENA BANK,Netlink software Pvt Ltd,688,121
DENA BANK,Nielsen  India  Private Limited,2257,205
DENA BANK,Offshoot Agency Pvt. Ltd.,4020,292
DENA BANK,Ortem Securities Limited,0,3
DENA BANK,Prodigy Systems and Services Private Limited,14,12
DENA BANK,Radiant Haroti Industries India Ltd,3304,482
DENA BANK,SGS INDIA PVT LTD,31,86
DENA BANK,Silver Touch Technologies Ltd,188,57
DENA BANK,Soc for Advancement of Environ Science,12,34
DENA BANK,Super Printers,561,119
DENA BANK,Systematic & Advance Const P L,297,65
DENA BANK,TechSmart India Pvt Ltd,2259,275
DENA BANK,Tera Software Ltd,1916,325
DENA BANK,The NSIC ltd,3,13
DENA BANK,Transline Technologies P Ltd,2346,123
DENA BANK,Utility Forms Pvt Ltd,9,89
DENA BANK,VAP INFOSOLUTIONS,1393,150
DENA BANK,VISION COMPTECH INTEGRATOR LTD,34,74
DENA BANK,Vedavaag Systems Limited,5716,451
DENA BANK,WEBEL,7688,340
DENA BANK,Zephyr System Pvt.Ltd.,1457,167
Delhi - Central DC,Smart Chip Limited,6,10
Delhi - East DC,DATASOFT COMPUTER SERVICES(P),124,42
Delhi - ND DC,Smart Chip Limited,10,2
Delhi - NE DC,Smart Chip Limited,2,12
Delhi - North DC,CALANCE SOFTWARE PRIVATE LTD,4,87
Delhi - North DC,NVR & ASSOCIATES LIMITED,66,94
Delhi - North DC,Smart Chip Limited,8,4
Delhi SW DC,VIRGO SOFTECH LIMITED,0,4
Delhi Urban Shelter Improvemen,STRATEGIC OUTSOURCING SERVICE,0,3
Delhi- South DC,Karvy Computershare Private Li,123,17
Delhi- South DC,Smart Chip Limited,12,3
Delhi- West DC,Smart Chip Limited,58,1
Delhi- West DC,VIRGO SOFTECH LIMITED,0,28
Delhi-NW DC,Karvy Computershare Private Li,6,7
Department of Information Technology Govt of Jharkhand,Blue Circle Instrument,1,40
Department of Information Technology Govt of Jharkhand,MKS Enterprises,1,61
Department of Information Technology Govt of Jharkhand,Systematic & Advance Const P L,0,2
Department of Information Technology Govt of Jharkhand,Wipro Ltd,7,78
Dept of ITC Govt of Rajasthan,ATISHAY INFOTECH PVT. LTD.,2,84
Dept of ITC Govt of Rajasthan,AVVAS INFOTECH PVT  LTD,412,189
Dept of ITC Govt of Rajasthan,Alankit Finsec Ltd,0,38
Dept of ITC Govt of Rajasthan,Business Information Processing Services,1,28
Dept of ITC Govt of Rajasthan,DATASOFT COMPUTER SERVICES(P),321,156
Dept of ITC Govt of Rajasthan,Gem Computers,4,30
Dept of ITC Govt of Rajasthan,MANTRA SOFTTECH (INDIA) PVTLTD,0,9
Dept of ITC Govt of Rajasthan,Multiwave Innovation,0,31
Dept of ITC Govt of Rajasthan,Netlink software Pvt Ltd,0,31
Dept of ITC Govt of Rajasthan,TechSmart India Pvt Ltd,2,43
Dept of ITC Govt of Rajasthan,Transline Technologies P Ltd,19,112
Dept of ITC Govt of Rajasthan,VIRGO SOFTECH LIMITED,0,69
Dept of ITC Govt of Rajasthan,Vakrangee Softwares Limited,50,342
Dept of ITC Govt of Rajasthan,Vayam technologies Ltd,2,120
FCR Govt of Haryana,4G INFORMATICS,0,89
FCR Govt of Haryana,Academy of Management Studies,21,10
FCR Govt of Haryana,Radiant Info Systems Ltd,106,68
FCR Govt of Haryana,SoftAge Information Technology Limited,530,139
FCR Govt of Haryana,Vakrangee Softwares Limited,0,1
FCR Govt of Haryana,Vayam technologies Ltd,2,24
FCS Govt of Punjab,CSS TECHNERGY LIMITED,0,3
FCS Govt of Punjab,Delhi Integrated MMTS Ltd,0,2
FCS Govt of Punjab,District Sukhmani Society  Jalandhar  Punjab,0,7
FCS Govt of Punjab,District Sukhmani Society  Ludhiana  Punjab,1,20
FCS Govt of Punjab,District Sukhmani Society  Moga  Punjab,0,6
FCS Govt of Punjab,District Sukhmani Society Amritsar Punjab,3,15
FCS Govt of Punjab,District Sukhmani Society Barnala Punjab,11,38
FCS Govt of Punjab,District Sukhmani Society Bathinda Punjab,33,5
FCS Govt of Punjab,District Sukhmani Society Fatehgarh Sahib Punjab,0,39
FCS Govt of Punjab,District Sukhmani Society Fazilka Punjab,3,3
FCS Govt of Punjab,District Sukhmani Society Ferozepur Punjab,7,10
FCS Govt of Punjab,District Sukhmani Society For Citizen Services Mansa Punjab,3,16
FCS Govt of Punjab,District Sukhmani Society For Citizen Services Nawanshahr Punjab,1,12
FCS Govt of Punjab,District Sukhmani Society For Citizen Services SAS Nagar District e-Governance Society Punjab,0,9
FCS Govt of Punjab,District Sukhmani Society Pathankot Punjab,1,2
FCS Govt of Punjab,District Sukhmani Society Patiala Punjab,20,9
FCS Govt of Punjab,District Sukhmani Society Rupnagar Punjab,0,2
FCS Govt of Punjab,District Sukhmani Society Sangrur Punjab,4,7
FCS Govt of Punjab,District Sukhmani Society Sri Muktsar Sahib Punjab,0,8
FCS Govt of Punjab,District Sukhmani Society Tarn Taran Punjab,2,4
FCS Govt of Punjab,Karvy Computershare Private Li,153,416
FCS Govt of Punjab,Sukhmani Society For Citizen Services  Kapurthala  Punjab,0,3
FCS Govt of Punjab,Sukhmani Society For Citizen Services Gurdaspur Punjab,0,2
FCS Govt of Punjab,Sukhmani Society For Citizens Services Faridkot Punjab,0,66
FCS Govt of Punjab,Suwidha Society Hoshiarpur Punjab,21,10
FCS Govt of Punjab,Vayam technologies Ltd,6,256
FCS Govt of Punjab,eCentric solutions pvt ltd,536,262
Govt of Andhra Pradesh,Gouthami Educational Society,4,53
Govt of Andhra Pradesh,GrapeSoft,30,41
Govt of Andhra Pradesh,INFRONICS SYSTEMS LTD,59,146
Govt of Andhra Pradesh,SREEVEN INFOCOM LIMITED,0,38
Govt of Andhra Pradesh,TechSmart India Pvt Ltd,0,30
Govt of Andhra Pradesh,Tera Software Ltd,65,38
Govt of Goa,MARS Telecom Systems Pvt Ltd,119,9
Govt of Gujarat,GSS Infotech Ltd,15,156
Govt of Gujarat,Karvy Computershare Private Li,5839,175
Govt of Gujarat,Silver Touch Technologies Ltd,1930,131
Govt of Gujarat,Tera Software Ltd,1422,146
Govt of Gujarat,Transline Technologies P Ltd,6,8
Govt of Gujarat,Vayam technologies Ltd,17,62
Govt of Gujarat,eCentric solutions pvt ltd,1334,58
Govt of Himachal Pradesh,Wipro Ltd,1,52
Govt of Himachal Pradesh,i-Grandee SoftwareTechnologies,31,23
Govt of Karnataka ,BNR UDYOG LIMITED,0,21
Govt of Karnataka ,Bloom Solutions Pvt Ltd,20,22
Govt of Karnataka ,MARS Telecom Systems Pvt Ltd,17,357
Govt of Karnataka ,Ninestars Information Technologies Ltd,3,224
Govt of Karnataka ,Om Softwares,0,13
Govt of Karnataka ,Origin ITFS Pvt Ltd,5,504
Govt of Karnataka ,Radiant Info Systems Ltd,0,1
Govt of Karnataka ,SREEVEN INFOCOM LIMITED,3,335
Govt of Kerala,Akshaya,2391,618
Govt of Kerala,Keltron,0,32
Govt of Maharashtra,Adcc Infocad Pvt.Ltd Nagpur,0,4
Govt of Maharashtra,Alankit Finsec Ltd,2,33
Govt of Maharashtra,Bharat Technical Solutions Private Limited,68,4
Govt of Maharashtra,Eagle press pvt ltd,0,3
Govt of Maharashtra,Global Finsol Private Limited,43,10
Govt of Maharashtra,Karvy Computershare Private Li,129,188
Govt of Maharashtra,M/S King Computer System pvt Ltd,0,14
Govt of Maharashtra,M/s. Vidya Online  Pune,10,0
Govt of Maharashtra,Mahaonline Limited,0,1
Govt of Maharashtra,Narayana Electricals Solution Pvt Ltd,0,29
Govt of Maharashtra,Netlink software Pvt Ltd,21,173
Govt of Maharashtra,Network for Information & Computer,0,1
Govt of Maharashtra,Rudranee Infotech Ltd,0,105
Govt of Maharashtra,SETU MAHARASHTRA,3,21
Govt of Maharashtra,SHREERAM PRINTING PRESS,0,20
Govt of Maharashtra,SILVER JUBILEE MOTORS LTD.,3,1
Govt of Maharashtra,SPANCO,53,14
Govt of Maharashtra,STRATEGIC OUTSOURCING SERVICE,15,26
Govt of Maharashtra,Silver Touch Technologies Ltd,115,31
Govt of Maharashtra,Systematic & Advance Const P L,0,1
Govt of Maharashtra,TechSmart India Pvt Ltd,0,12
Govt of Maharashtra,Transline Technologies P Ltd,59,35
Govt of Maharashtra,Vidarbha Infotech Pvt Ltd,0,5
Govt of Maharashtra,Wipro Ltd,0,24
Govt of Sikkim - Dept of Econo,Department of Economics Statistics  Monitoring and Evaluation DESME,11,10
IDBI Bank ltd,ATISHAY INFOTECH PVT. LTD.,57,73
IDBI Bank ltd,Matrix Processing House,224,33
IDBI Bank ltd,SREEVEN INFOCOM LIMITED,381,46
IDBI Bank ltd,UTI TECHNOLOGY SERVICES LIMITE,1,53
Indiapost,Delhi Integrated MMTS Ltd,48,192
Indiapost,Global Finsol Private Limited,34,56
Indiapost,M/S STAR DATA CENTRE,0,24
Indiapost,MARS Telecom Systems Pvt Ltd,1,6
Indiapost,Smart Chip Limited,0,4
Indiapost,Vayam technologies Ltd,7,39
Indiapost,WEBEL,0,19
Information Technology & Communication Department,4G INFORMATICS,0,144
Information Technology & Communication Department,BNR UDYOG LIMITED,0,36
Information Technology & Communication Department,Bloom Solutions Pvt Ltd,0,15
Information Technology & Communication Department,CSS TECHNERGY LIMITED,0,3
Information Technology & Communication Department,Directorate of ESD,805,1200
Information Technology & Communication Department,GDC Advertising Pvt. Limited,0,1
Information Technology & Communication Department,JYOTHI COMPUTER SERVICES,0,44
Information Technology & Communication Department,Karvy Data Management Services,0,18
Information Technology & Communication Department,MARS Telecom Systems Pvt Ltd,2,22
Information Technology & Communication Department,SREEVEN INFOCOM LIMITED,0,56
Information Technology & Communication Department,Tera Software Ltd,2,77
Jharkhand,Blue Circle Instrument,0,1
Jharkhand,Emdee Digitronics Pvt.Ltd.,0,76
Jharkhand,MKS Enterprises,3,77
Jharkhand,Nevaeh Technology Pvt. Ltd.,0,70
Jharkhand,Smart Chip Limited,0,37
Jharkhand,Systematic & Advance Const P L,0,95
Jharkhand,VISION COMPTECH INTEGRATOR LTD,0,129
Jharkhand,Wipro Ltd,23,781
Mission Convergence - GNCT Del,Karvy Computershare Private Li,3,2
Mission Convergence - GNCT Del,NVR & ASSOCIATES LIMITED,79,17
NSDL e-Governance Infrastructure Limited,Abhipra Capital Ltd,225,366
NSDL e-Governance Infrastructure Limited,Alankit Assignments Limited,86,313
NSDL e-Governance Infrastructure Limited,Alankit Finsec Ltd,2569,311
NSDL e-Governance Infrastructure Limited,Delhi Integrated MMTS Ltd,1,4
NSDL e-Governance Infrastructure Limited,Global Finsol Private Limited,2,0
NSDL e-Governance Infrastructure Limited,Gujarat Infotech Ltd.,5562,298
NSDL e-Governance Infrastructure Limited,INTEGRATED REGISTRY SERVICES LTD,6,5
NSDL e-Governance Infrastructure Limited,Karvy Consultants Limited,0,2
NSDL e-Governance Infrastructure Limited,Karvy Data Management Services,22127,4707
NSDL e-Governance Infrastructure Limited,N.K. Sharma Enterprises Ltd.,202,50
NSDL e-Governance Infrastructure Limited,Netlink software Pvt Ltd,117,263
NSDL e-Governance Infrastructure Limited,Offshoot Agency Pvt. Ltd.,1213,121
NSDL e-Governance Infrastructure Limited,PROWIZ MANSYTEMS PVT LTD,1,81
NSDL e-Governance Infrastructure Limited,Promind Solutions P Limited,3312,192
NSDL e-Governance Infrastructure Limited,RELIGARE SECURITIES LTD,478,89
NSDL e-Governance Infrastructure Limited,Radiant Haroti Industries India Ltd,402,33
NSDL e-Governance Infrastructure Limited,Sri Ramraja Sarkar Lok Kalyan Trust,1983,129
NSDL e-Governance Infrastructure Limited,Utility Forms Pvt Ltd,2423,104
NSDL e-Governance Infrastructure Limited,VIRGO SOFTECH LIMITED,0,248
Oriental Bank of Commerce,DATASOFT COMPUTER SERVICES(P),374,78
Oriental Bank of Commerce,Euro Finmart Ltd,0,10
Oriental Bank of Commerce,JNET Technologies Pvt.Ltd,27,32
Oriental Bank of Commerce,Redim Software Technologies Pvt Ltd,0,21
Oriental Bank of Commerce,Sri Ramraja Sarkar Lok Kalyan Trust,331,301
Oriental Bank of Commerce,Wipro Ltd,3,371
Principal Revenue Commissioner  Dept of Revenue  Govt of MP,Frontech Systems Pvt Ltd,88,129
Principal Revenue Commissioner  Dept of Revenue  Govt of MP,GDC Advertising Pvt. Limited,282,38
Principal Revenue Commissioner  Dept of Revenue  Govt of MP,K W Consulting P Ltd,211,258
Principal Revenue Commissioner  Dept of Revenue  Govt of MP,LYRA  CONSULTANCY SERVICE,25,27
Principal Revenue Commissioner  Dept of Revenue  Govt of MP,Netlink software Pvt Ltd,41,68
Principal Revenue Commissioner  Dept of Revenue  Govt of MP,OSWAL COMPUTERS & CONSULTANTS,253,88
Principal Revenue Commissioner  Dept of Revenue  Govt of MP,Tera Software Ltd,36,45
Principal Revenue Commissioner  Dept of Revenue  Govt of MP,The NSIC ltd,1,5
Principal Revenue Commissioner  Dept of Revenue  Govt of MP,Vedavaag Systems Limited,1906,343
Punjab and Sind Bank,Matrix Processing House,38,40
Registrar General India - BEL,In Media Computer Services LLP,0,1
Registrar General India BEL2,4G INFORMATICS,0,1
Registrar General India BEL2,Bharat Electronics Limited,0,3
Registrar General India BEL2,Chinar Construction Company Prime agency,47,9
Registrar General India BEL2,Computer LAB,4,32
Registrar General India BEL2,Eagle Software India Pvt. Ltd,0,1
Registrar General India BEL2,Emdee Digitronics Pvt.Ltd.,30,60
Registrar General India BEL2,In Media Computer Services LLP,0,47
Registrar General India BEL2,India Computer Technology,11,370
Registrar General India BEL2,Karvy Data Management Services,4,114
Registrar General India BEL2,MACRO INFOTECH PVT LTD,1,140
Registrar General India BEL2,MKS Enterprises,0,4
Registrar General India BEL2,Madras Security Printers Ltd,12,565
Registrar General India BEL2,Manipur Electronics Dev Corp,418,4
Registrar General India BEL2,Multiwave Innovation,6,82
Registrar General India BEL2,NVR & ASSOCIATES LIMITED,37,21
Registrar General India BEL2,Netlink software Pvt Ltd,142,86
Registrar General India BEL2,Nevaeh Technology Pvt. Ltd.,43,56
Registrar General India BEL2,Nielsen  India  Private Limited,2,110
Registrar General India BEL2,Om Softwares,3,148
Registrar General India BEL2,SREI INFRASTRUCTURE FINANCES L,10,53
Registrar General India BEL2,STRATEGIC OUTSOURCING SERVICE,59,49
Registrar General India BEL2,Satyanarayana Raju Company Pvt ltd,0,154
Registrar General India BEL2,Swathy Smartcards Hi-Tech Pvt,18,1802
Registrar General India BEL2,Swiss Tech India Pvt Ltd,10,28
Registrar General India BEL2,Tera Software Ltd,16,454
Registrar General India BEL2,UNITED DATA SERVICES PRIVATE LIMITED,33,181
Registrar General India BEL2,Urmila Info solution,7,9
Registrar General India BEL2,VIRGO SOFTECH LIMITED,1,84
Registrar General India BEL2,Vansh Infotech Pvt Ltd,0,195
Registrar General India BEL2,Vayam technologies Ltd,4,8
Registrar General India BEL2,Vedavaag Systems Limited,115,279
Registrar General India BEL2,Viesa Technologies,34,43
Registrar General India BEL2,WEBEL,6,8
Registrar General India ECIL,AVVAS INFOTECH PVT  LTD,0,147
Registrar General India ECIL,BUSINESS INFORMATION PROCESSING SERVICES,829,125
Registrar General India ECIL,COMTECH INSTITUTE OFTECHNOLOGY,1,32
Registrar General India ECIL,COMTECHINFO SOLUTIONS PVT.LTD,4885,189
Registrar General India ECIL,Chinar Construction Company Prime agency,865,86
Registrar General India ECIL,Computer LAB,5266,1035
Registrar General India ECIL,Eagle Software India Pvt. Ltd,11,75
Registrar General India ECIL,Esoft Consulting Limited,0,50
Registrar General India ECIL,Gundal Infotech Private Limited,0,1
Registrar General India ECIL,In Media Computer Services LLP,9,234
Registrar General India ECIL,India Computer Technology,1,217
Registrar General India ECIL,Integrated Systems & Services,125,2
Registrar General India ECIL,Karvy Data Management Services,1631,112
Registrar General India ECIL,Krishna Infotech,0,38
Registrar General India ECIL,LYRA  CONSULTANCY SERVICE,0,1
Registrar General India ECIL,Madras Security Printers Ltd,18,222
Registrar General India ECIL,Mphasis Ltd,4,193
Registrar General India ECIL,Nielsen  India  Private Limited,24,25
Registrar General India ECIL,Pioneer E Labs limited,0,5
Registrar General India ECIL,Quick Data IT Services Pvt Ltd,0,10
Registrar General India ECIL,SARADA SYSTEMS,1,3
Registrar General India ECIL,SWISSTECH NPR 57CR PROJECT PVT,0,29
Registrar General India ECIL,Tera Software Ltd,1835,54
Registrar General India ECIL,VEETECHNOLOGIES PVT. LTD,0,2
Registrar General India ECIL,Vedavaag Systems Limited,42,90
Registrar General India Others,BUSINESS INFORMATION PROCESSING SERVICES,0,2
Registrar General India Others,COMTECHINFO SOLUTIONS PVT.LTD,0,2
Registrar General India Others,Eagle Software India Pvt. Ltd,0,7
Registrar General India Others,In Media Computer Services LLP,0,1
Registrar General India Others,Karvy Data Management Services,0,2
Registrar General India Others,Quick Data IT Services Pvt Ltd,0,1
Registrar General India Others,Swathy Smartcards Hi-Tech Pvt,0,1
Registrar General India Others,Tera Software Ltd,16,0
Registrar General India Others,Vedavaag Systems Limited,0,2
Registrar General of India ITI,COMTECH INSTITUTE OFTECHNOLOGY,0,2
Registrar General of India ITI,CSS TECHNERGY LIMITED,0,7
Registrar General of India ITI,CommunitiWorks Welfare Society,0,8
Registrar General of India ITI,Eagle Software India Pvt. Ltd,2,145
Registrar General of India ITI,Emdee Digitronics Pvt.Ltd.,27106,450
Registrar General of India ITI,FINANCIAL INFORMATION NETWORK,24,26
Registrar General of India ITI,In Media Computer Services LLP,0,18
Registrar General of India ITI,Karvy Data Management Services,1,626
Registrar General of India ITI,Madras Security Printers Ltd,714,46
Registrar General of India ITI,Mphasis Ltd,0,70
Registrar General of India ITI,Multiwave Innovation,0,3
Registrar General of India ITI,Netlink software Pvt Ltd,9,33
Registrar General of India ITI,Nielsen  India  Private Limited,10,58
Registrar General of India ITI,PROTEX COMPUTER PVT LTD,0,2
Registrar General of India ITI,SREI INFRASTRUCTURE FINANCES L,25,14
Registrar General of India ITI,STRATEGIC OUTSOURCING SERVICE,28,10
Registrar General of India ITI,Satyanarayana Raju Company Pvt ltd,2,178
Registrar General of India ITI,Swathy Smartcards Hi-Tech Pvt,1,62
Registrar General of India ITI,Swiss Tech India Pvt Ltd,5,0
Registrar General of India ITI,TechSmart India Pvt Ltd,0,1
Registrar General of India ITI,Urmila Info solution,1,0
Registrar General of India ITI,VEETECHNOLOGIES PVT. LTD,0,2
Registrar General of India ITI,VIRGO SOFTECH LIMITED,0,24
Registrar General of India ITI,Vedavaag Systems Limited,1,139
Registrar General of India ITI,WEBEL TECHNOLOGY LIMITED,3787,324
Registrar General of India ITI,Webx Technologies Private Limited,0,1
State Bank of Bikaner & Jaipur,Multiwave Innovation,1,7
State Bank of Travancore,Tera Software Ltd,3,1
UIDAI-Registrar,UIDAI-EA,4,0
UT of Puducherry,Madras Security Printers Ltd,0,4
Union Bank,FINANCIAL INFORMATION NETWORK,3320,1286
Union Bank,Smart Chip Limited,7766,799
Union Bank,Vakrangee Softwares Limited,92,619
