Registrar,Enrolment Agency,Aadhaar generated,Enrolment Rejected
Allahabad Bank,Vakrangee Softwares Limited,2,4
Bank Of India,A3 Logics  India  Ltd,2434,143
Bank Of India,Akanksha International,3,4
Bank Of India,Blue Circle Instrument,2382,101
Bank Of India,CHESSY CONSULTANTS PVT LTD,194,6
Bank Of India,DATASOFT COMPUTER SERVICES(P),6099,34
Bank Of India,Emdee Digitronics Pvt.Ltd.,647,57
Bank Of India,Frontech Systems Pvt Ltd,2540,29
Bank Of India,MANTRA SOFTTECH (INDIA) PVTLTD,0,1
Bank Of India,Matrix Processing House,25,14
Bank Of India,OSWAL COMPUTERS & CONSULTANTS,160,24
Bank Of India,PROTEX COMPUTER PVT LTD,1054,19
Bank Of India,SARADA SYSTEMS,2295,34
Bank Of India,SHRIKRISHNA KHANDASARI SUGAR M,428,31
Bank Of India,SPANCO,19,15
Bank Of India,SREI INFRASTRUCTURE FINANCES L,10163,170
Bank Of India,Silver Touch Technologies Ltd,1,7
Bank Of India,Systematic & Advance Const P L,3,11
Bank Of India,VEETECHNOLOGIES PVT. LTD,1000,229
Bank Of India,Vakrangee Softwares Limited,1,3
Bank of Baroda,Global Finsol Private Limited,4,14
Bank of Maharashtra,Alankit Finsec Ltd,0,6
Bank of Maharashtra,FINANCIAL INFORMATION NETWORK,72,5
Bank of Maharashtra,Micro Technologies India Ltd,41,5
Bank of Maharashtra,Tera Software Ltd,1153,200
CSC e-Governance Services India Limited,A I Soc for Electronics and Comp Tech,3124,259
CSC e-Governance Services India Limited,AKSH OPTIFIBRE LIMITED,738,63
CSC e-Governance Services India Limited,BASIX,1812,258
CSC e-Governance Services India Limited,CALANCE SOFTWARE PRIVATE LTD,13,18
CSC e-Governance Services India Limited,CMS Computers Ltd,4123,351
CSC e-Governance Services India Limited,CSC e-Governance Services India Limited,1767,446
CSC e-Governance Services India Limited,Intelligent Communication Sys India Ltd,19,123
CSC e-Governance Services India Limited,MANTRA SOFTTECH (INDIA) PVTLTD,1165,71
CSC e-Governance Services India Limited,Mahaonline Limited,454,52
CSC e-Governance Services India Limited,Network for Information & Computer,846,24
CSC e-Governance Services India Limited,Reliance Communication Limited,1,4
CSC e-Governance Services India Limited,SPANCO,2046,73
CSC e-Governance Services India Limited,Sahaj e-Village Limited,333,2
CSC e-Governance Services India Limited,Tera Software Ltd,136,7
CSC e-Governance Services India Limited,United Telecoms e-Services Pvt Ltd,1267,332
CSC e-Governance Services India Limited,VIKALP MULTIMEDIA,687,19
CSC e-Governance Services India Limited,Vakrangee Softwares Limited,16,7
CSC e-Governance Services India Limited,Vayam technologies Ltd,899,14
CSC e-Governance Services India Limited,Vedavaag Systems Limited,4190,61
CSC e-Governance Services India Limited,Zephyr System Pvt.Ltd.,4831,133
Canara Bank,FINANCIAL INFORMATION NETWORK,1398,2
Canara Bank,Karvy Data Management Services,1576,13
Canara Bank,Ojus Healthcare Private Limited,66,1
Canara Bank,Osiris Infotech Pvt. Ltd.,1273,22
Canara Bank,Smart Chip Limited,2144,148
Canara Bank,Virinchi Technologies Ltd,9,8
Central Bank of India,CALANCE SOFTWARE PRIVATE LTD,1,10
Central Bank of India,IAP COMPANY Pvt. Ltd,415,66
Central Bank of India,The Peerless General Finance,139,14
DENA BANK,ATISHAY INFOTECH PVT. LTD.,4599,59
DENA BANK,AVVAS INFOTECH PVT  LTD,9031,56
DENA BANK,Asha Security Guard Services,1241,17
DENA BANK,BNR UDYOG LIMITED,193,11
DENA BANK,Binary Systems,1447,4
DENA BANK,Bloom Solutions Pvt Ltd,11615,448
DENA BANK,Business Information Processing Services,1279,17
DENA BANK,CALANCE SOFTWARE PRIVATE LTD,2749,95
DENA BANK,DATASOFT COMPUTER SERVICES(P),1955,23
DENA BANK,DEVASHISH SECURITIES PVT. LTD.,209,3
DENA BANK,Eagle Software India Pvt. Ltd,6948,74
DENA BANK,FINANCIAL INFORMATION NETWORK,6700,37
DENA BANK,Gem Computers,3491,23
DENA BANK,Gujarat Infotech Ltd.,2395,7
DENA BANK,IAP COMPANY Pvt. Ltd,20191,465
DENA BANK,India Computer Technology,946,13
DENA BANK,JNET Technologies Pvt.Ltd,516,59
DENA BANK,K W Consulting P Ltd,3918,299
DENA BANK,M/S STAR DATA CENTRE,1255,21
DENA BANK,M/s Gold Square Builders & Promoters Pvt. Ltd.,360,27
DENA BANK,MARS Telecom Systems Pvt Ltd,3642,3
DENA BANK,MEGHA VINCOM PVT LTD,14166,133
DENA BANK,MKS Enterprises,10681,49
DENA BANK,Make India Smart Private Limited,1663,206
DENA BANK,Multiwave Innovation,2470,215
DENA BANK,NVR & ASSOCIATES LIMITED,1745,1
DENA BANK,Narayana Electricals Solution Pvt Ltd,1,1
DENA BANK,Netlink software Pvt Ltd,5286,128
DENA BANK,Nielsen  India  Private Limited,9943,69
DENA BANK,Offshoot Agency Pvt. Ltd.,6298,62
DENA BANK,Ortem Securities Limited,1,0
DENA BANK,Prodigy Systems and Services Private Limited,10,9
DENA BANK,Radiant Haroti Industries India Ltd,7566,114
DENA BANK,SGS INDIA PVT LTD,2819,51
DENA BANK,Silver Touch Technologies Ltd,1320,17
DENA BANK,Soc for Advancement of Environ Science,204,91
DENA BANK,Super Printers,443,73
DENA BANK,Systematic & Advance Const P L,1035,9
DENA BANK,TechSmart India Pvt Ltd,3887,205
DENA BANK,Tera Software Ltd,3734,207
DENA BANK,The NSIC ltd,13,4
DENA BANK,Transline Technologies P Ltd,3968,70
DENA BANK,Utility Forms Pvt Ltd,304,10
DENA BANK,VAP INFOSOLUTIONS,1560,13
DENA BANK,VISION COMPTECH INTEGRATOR LTD,3216,56
DENA BANK,Vedavaag Systems Limited,8739,136
DENA BANK,WEBEL,18306,89
DENA BANK,Wipro Ltd,544,0
DENA BANK,Zephyr System Pvt.Ltd.,4736,122
Delhi - Central DC,Smart Chip Limited,0,50
Delhi - East DC,DATASOFT COMPUTER SERVICES(P),241,61
Delhi - ND DC,Smart Chip Limited,0,7
Delhi - NE DC,Smart Chip Limited,2,147
Delhi - North DC,CALANCE SOFTWARE PRIVATE LTD,28,178
Delhi - North DC,NVR & ASSOCIATES LIMITED,126,40
Delhi - North DC,Smart Chip Limited,0,81
Delhi SW DC,VIRGO SOFTECH LIMITED,0,11
Delhi- South DC,Karvy Computershare Private Li,9,47
Delhi- South DC,Smart Chip Limited,1,0
Delhi- West DC,Smart Chip Limited,0,15
Delhi- West DC,VIRGO SOFTECH LIMITED,0,20
Delhi-NW DC,Karvy Computershare Private Li,3,153
Department of Information Technology Govt of Jharkhand,Blue Circle Instrument,3,82
Department of Information Technology Govt of Jharkhand,MKS Enterprises,0,12
Department of Information Technology Govt of Jharkhand,Wipro Ltd,58,6
Dept of ITC Govt of Rajasthan,ATISHAY INFOTECH PVT. LTD.,198,79
Dept of ITC Govt of Rajasthan,AVVAS INFOTECH PVT  LTD,197,34
Dept of ITC Govt of Rajasthan,Alankit Finsec Ltd,1,59
Dept of ITC Govt of Rajasthan,Business Information Processing Services,2,1
Dept of ITC Govt of Rajasthan,DATASOFT COMPUTER SERVICES(P),83,23
Dept of ITC Govt of Rajasthan,Gem Computers,1,1
Dept of ITC Govt of Rajasthan,MANTRA SOFTTECH (INDIA) PVTLTD,0,6
Dept of ITC Govt of Rajasthan,Multiwave Innovation,3,1
Dept of ITC Govt of Rajasthan,Netlink software Pvt Ltd,0,4
Dept of ITC Govt of Rajasthan,TechSmart India Pvt Ltd,33,16
Dept of ITC Govt of Rajasthan,Transline Technologies P Ltd,211,13
Dept of ITC Govt of Rajasthan,VIRGO SOFTECH LIMITED,5,25
Dept of ITC Govt of Rajasthan,Vakrangee Softwares Limited,21,46
Dept of ITC Govt of Rajasthan,Vayam technologies Ltd,16,17
FCR Govt of Haryana,4G INFORMATICS,10,8
FCR Govt of Haryana,Academy of Management Studies,296,55
FCR Govt of Haryana,Radiant Info Systems Ltd,192,36
FCR Govt of Haryana,SoftAge Information Technology Limited,1325,73
FCR Govt of Haryana,Vakrangee Softwares Limited,1,0
FCR Govt of Haryana,Vayam technologies Ltd,2,4
FCS Govt of Punjab,District Sukhmani Society  Jalandhar  Punjab,144,0
FCS Govt of Punjab,District Sukhmani Society  Ludhiana  Punjab,28,9
FCS Govt of Punjab,District Sukhmani Society  Moga  Punjab,8,2
FCS Govt of Punjab,District Sukhmani Society Amritsar Punjab,3,14
FCS Govt of Punjab,District Sukhmani Society Barnala Punjab,44,18
FCS Govt of Punjab,District Sukhmani Society Bathinda Punjab,35,8
FCS Govt of Punjab,District Sukhmani Society Fatehgarh Sahib Punjab,24,11
FCS Govt of Punjab,District Sukhmani Society Fazilka Punjab,8,0
FCS Govt of Punjab,District Sukhmani Society Ferozepur Punjab,11,3
FCS Govt of Punjab,District Sukhmani Society For Citizen Services Mansa Punjab,24,2
FCS Govt of Punjab,District Sukhmani Society For Citizen Services Nawanshahr Punjab,61,7
FCS Govt of Punjab,District Sukhmani Society For Citizen Services SAS Nagar District e-Governance Society Punjab,36,3
FCS Govt of Punjab,District Sukhmani Society Pathankot Punjab,16,1
FCS Govt of Punjab,District Sukhmani Society Patiala Punjab,46,1
FCS Govt of Punjab,District Sukhmani Society Rupnagar Punjab,17,1
FCS Govt of Punjab,District Sukhmani Society Sangrur Punjab,26,3
FCS Govt of Punjab,District Sukhmani Society Sri Muktsar Sahib Punjab,1,1
FCS Govt of Punjab,District Sukhmani Society Tarn Taran Punjab,2,0
FCS Govt of Punjab,Karvy Computershare Private Li,389,51
FCS Govt of Punjab,Sukhmani Society For Citizen Services  Kapurthala  Punjab,23,3
FCS Govt of Punjab,Sukhmani Society For Citizens Services Faridkot Punjab,36,13
FCS Govt of Punjab,Suwidha Society Hoshiarpur Punjab,30,2
FCS Govt of Punjab,VISESH INFOTECNICS LIMITED,1,0
FCS Govt of Punjab,Vayam technologies Ltd,35,31
FCS Govt of Punjab,eCentric solutions pvt ltd,594,280
Govt of Andhra Pradesh,Gouthami Educational Society,24,161
Govt of Andhra Pradesh,GrapeSoft,16,245
Govt of Andhra Pradesh,INFRONICS SYSTEMS LTD,24,83
Govt of Andhra Pradesh,Madras Security Printers Ltd,1,0
Govt of Andhra Pradesh,SREEVEN INFOCOM LIMITED,9,63
Govt of Andhra Pradesh,TechSmart India Pvt Ltd,0,74
Govt of Andhra Pradesh,Tera Software Ltd,2,180
Govt of Goa,MARS Telecom Systems Pvt Ltd,198,1
Govt of Gujarat,GSS Infotech Ltd,11,61
Govt of Gujarat,Karvy Computershare Private Li,1778,21
Govt of Gujarat,Silver Touch Technologies Ltd,954,85
Govt of Gujarat,Tera Software Ltd,821,54
Govt of Gujarat,Transline Technologies P Ltd,0,2
Govt of Gujarat,Vayam technologies Ltd,51,31
Govt of Gujarat,eCentric solutions pvt ltd,93,7
Govt of Himachal Pradesh,Wipro Ltd,3,7
Govt of Himachal Pradesh,i-Grandee SoftwareTechnologies,0,77
Govt of Karnataka ,BNR UDYOG LIMITED,0,2
Govt of Karnataka ,Bloom Solutions Pvt Ltd,1,0
Govt of Karnataka ,MARS Telecom Systems Pvt Ltd,7,17
Govt of Karnataka ,Ninestars Information Technologies Ltd,5,26
Govt of Karnataka ,Origin ITFS Pvt Ltd,24,77
Govt of Karnataka ,Radiant Info Systems Ltd,1,0
Govt of Karnataka ,SREEVEN INFOCOM LIMITED,11,39
Govt of Kerala,Akshaya,3922,292
Govt of Kerala,Keltron,12,17
Govt of Maharashtra,Adcc Infocad Pvt.Ltd Nagpur,0,2
Govt of Maharashtra,Alankit Finsec Ltd,2,65
Govt of Maharashtra,Bharat Technical Solutions Private Limited,6,0
Govt of Maharashtra,Eagle press pvt ltd,1,0
Govt of Maharashtra,Global Finsol Private Limited,50,1
Govt of Maharashtra,Karvy Computershare Private Li,47,126
Govt of Maharashtra,M/S King Computer System pvt Ltd,2,2
Govt of Maharashtra,Narayana Electricals Solution Pvt Ltd,0,1
Govt of Maharashtra,Netlink software Pvt Ltd,563,49
Govt of Maharashtra,Rudranee Infotech Ltd,8,39
Govt of Maharashtra,SETU MAHARASHTRA,14,16
Govt of Maharashtra,SHREERAM PRINTING PRESS,0,14
Govt of Maharashtra,SILVER JUBILEE MOTORS LTD.,3,1
Govt of Maharashtra,SPANCO,69,7
Govt of Maharashtra,STRATEGIC OUTSOURCING SERVICE,1,5
Govt of Maharashtra,Silver Touch Technologies Ltd,8,3
Govt of Maharashtra,TechSmart India Pvt Ltd,1,3
Govt of Maharashtra,Transline Technologies P Ltd,46,9
Govt of Maharashtra,Vidarbha Infotech Pvt Ltd,5,7
Govt of Maharashtra,Wipro Ltd,7,11
Govt of Sikkim - Dept of Econo,Department of Economics Statistics  Monitoring and Evaluation DESME,101,56
IDBI Bank ltd,ATISHAY INFOTECH PVT. LTD.,28,181
IDBI Bank ltd,Matrix Processing House,803,13
IDBI Bank ltd,SREEVEN INFOCOM LIMITED,32,12
IDBI Bank ltd,UTI TECHNOLOGY SERVICES LIMITE,6,10
Indiapost,Delhi Integrated MMTS Ltd,1,6
Indiapost,Global Finsol Private Limited,2,9
Indiapost,M/S STAR DATA CENTRE,1,3
Indiapost,MARS Telecom Systems Pvt Ltd,24,24
Indiapost,Smart Chip Limited,1,0
Indiapost,Vayam technologies Ltd,109,5
Indiapost,WEBEL,0,13
Information Technology & Communication Department,4G INFORMATICS,4,47
Information Technology & Communication Department,BNR UDYOG LIMITED,1,6
Information Technology & Communication Department,Bloom Solutions Pvt Ltd,0,15
Information Technology & Communication Department,CSS TECHNERGY LIMITED,0,4
Information Technology & Communication Department,Directorate of ESD,2650,663
Information Technology & Communication Department,JYOTHI COMPUTER SERVICES,6,47
Information Technology & Communication Department,MARS Telecom Systems Pvt Ltd,17,52
Information Technology & Communication Department,SREEVEN INFOCOM LIMITED,9,42
Information Technology & Communication Department,Tera Software Ltd,0,10
Jharkhand,Alankit Assignments Limited,0,22
Jharkhand,Blue Circle Instrument,0,2
Jharkhand,Emdee Digitronics Pvt.Ltd.,4,6
Jharkhand,MKS Enterprises,0,115
Jharkhand,Nevaeh Technology Pvt. Ltd.,1,8
Jharkhand,Smart Chip Limited,0,4
Jharkhand,Systematic & Advance Const P L,2,7
Jharkhand,VISION COMPTECH INTEGRATOR LTD,1,31
Jharkhand,Wipro Ltd,67,112
Mission Convergence - GNCT Del,Karvy Computershare Private Li,0,30
Mission Convergence - GNCT Del,NVR & ASSOCIATES LIMITED,5,15
NSDL e-Governance Infrastructure Limited,Abhipra Capital Ltd,1217,176
NSDL e-Governance Infrastructure Limited,Alankit Assignments Limited,333,472
NSDL e-Governance Infrastructure Limited,Alankit Finsec Ltd,3356,207
NSDL e-Governance Infrastructure Limited,Global Finsol Private Limited,2,0
NSDL e-Governance Infrastructure Limited,Gujarat Infotech Ltd.,7631,112
NSDL e-Governance Infrastructure Limited,INTEGRATED REGISTRY SERVICES LTD,10,0
NSDL e-Governance Infrastructure Limited,Karvy Data Management Services,44882,1355
NSDL e-Governance Infrastructure Limited,N.K. Sharma Enterprises Ltd.,149,3
NSDL e-Governance Infrastructure Limited,Netlink software Pvt Ltd,576,52
NSDL e-Governance Infrastructure Limited,Offshoot Agency Pvt. Ltd.,657,59
NSDL e-Governance Infrastructure Limited,PROWIZ MANSYTEMS PVT LTD,2,3
NSDL e-Governance Infrastructure Limited,Promind Solutions P Limited,12051,142
NSDL e-Governance Infrastructure Limited,RELIGARE SECURITIES LTD,869,32
NSDL e-Governance Infrastructure Limited,Radiant Haroti Industries India Ltd,1472,22
NSDL e-Governance Infrastructure Limited,Sri Ramraja Sarkar Lok Kalyan Trust,1592,125
NSDL e-Governance Infrastructure Limited,Utility Forms Pvt Ltd,3753,40
NSDL e-Governance Infrastructure Limited,VIRGO SOFTECH LIMITED,1,19
Oriental Bank of Commerce,DATASOFT COMPUTER SERVICES(P),351,14
Oriental Bank of Commerce,Euro Finmart Ltd,2,1
Oriental Bank of Commerce,JNET Technologies Pvt.Ltd,207,12
Oriental Bank of Commerce,Redim Software Technologies Pvt Ltd,0,24
Oriental Bank of Commerce,Sri Ramraja Sarkar Lok Kalyan Trust,47,29
Oriental Bank of Commerce,Wipro Ltd,32,47
Principal Revenue Commissioner  Dept of Revenue  Govt of MP,Frontech Systems Pvt Ltd,4249,13
Principal Revenue Commissioner  Dept of Revenue  Govt of MP,GDC Advertising Pvt. Limited,420,28
Principal Revenue Commissioner  Dept of Revenue  Govt of MP,K W Consulting P Ltd,633,55
Principal Revenue Commissioner  Dept of Revenue  Govt of MP,LYRA  CONSULTANCY SERVICE,843,22
Principal Revenue Commissioner  Dept of Revenue  Govt of MP,Netlink software Pvt Ltd,266,20
Principal Revenue Commissioner  Dept of Revenue  Govt of MP,OSWAL COMPUTERS & CONSULTANTS,800,30
Principal Revenue Commissioner  Dept of Revenue  Govt of MP,Tera Software Ltd,278,17
Principal Revenue Commissioner  Dept of Revenue  Govt of MP,Vedavaag Systems Limited,2089,59
Punjab and Sind Bank,Matrix Processing House,1182,74
RDD Govt of Tripura,Alankit Assignments Limited,0,3
Registrar General India BEL2,4G INFORMATICS,0,1
Registrar General India BEL2,Alankit Assignments Limited,0,3
Registrar General India BEL2,Bharat Electronics Limited,2,0
Registrar General India BEL2,Chinar Construction Company Prime agency,44,5
Registrar General India BEL2,Computer LAB,8,9
Registrar General India BEL2,Emdee Digitronics Pvt.Ltd.,107,13
Registrar General India BEL2,India Computer Technology,29,46
Registrar General India BEL2,Karvy Data Management Services,13,15
Registrar General India BEL2,MACRO INFOTECH PVT LTD,181,14
Registrar General India BEL2,MKS Enterprises,1,1
Registrar General India BEL2,Madras Security Printers Ltd,104,62
Registrar General India BEL2,Manipur Electronics Dev Corp,73,2
Registrar General India BEL2,Multiwave Innovation,1691,12
Registrar General India BEL2,NVR & ASSOCIATES LIMITED,11,1
Registrar General India BEL2,Netlink software Pvt Ltd,5,14
Registrar General India BEL2,Nevaeh Technology Pvt. Ltd.,179,8
Registrar General India BEL2,Nielsen  India  Private Limited,69,8
Registrar General India BEL2,Om Softwares,16,37
Registrar General India BEL2,SREI INFRASTRUCTURE FINANCES L,3,1
Registrar General India BEL2,STRATEGIC OUTSOURCING SERVICE,7,0
Registrar General India BEL2,Satyanarayana Raju Company Pvt ltd,162,5
Registrar General India BEL2,Swathy Smartcards Hi-Tech Pvt,147,133
Registrar General India BEL2,Swiss Tech India Pvt Ltd,5,0
Registrar General India BEL2,Tera Software Ltd,13,17
Registrar General India BEL2,UNITED DATA SERVICES PRIVATE LIMITED,149,2
Registrar General India BEL2,Urmila Info solution,9,0
Registrar General India BEL2,VIRGO SOFTECH LIMITED,3,17
Registrar General India BEL2,Vansh Infotech Pvt Ltd,205,6
Registrar General India BEL2,Vayam technologies Ltd,0,1
Registrar General India BEL2,Vedavaag Systems Limited,64,22
Registrar General India BEL2,Viesa Technologies,6,10
Registrar General India BEL2,WEBEL,12,3
Registrar General India ECIL,AVVAS INFOTECH PVT  LTD,286,37
Registrar General India ECIL,BUSINESS INFORMATION PROCESSING SERVICES,550,7
Registrar General India ECIL,COMTECH INSTITUTE OFTECHNOLOGY,6,4
Registrar General India ECIL,COMTECHINFO SOLUTIONS PVT.LTD,3934,1319
Registrar General India ECIL,Chinar Construction Company Prime agency,8479,88
Registrar General India ECIL,Computer LAB,17293,255
Registrar General India ECIL,Eagle Software India Pvt. Ltd,11138,88
Registrar General India ECIL,Esoft Consulting Limited,26,1
Registrar General India ECIL,Gundal Infotech Private Limited,1,0
Registrar General India ECIL,In Media Computer Services LLP,1439,19
Registrar General India ECIL,India Computer Technology,59,6
Registrar General India ECIL,Integrated Systems & Services,387,1
Registrar General India ECIL,Karvy Data Management Services,1155,58
Registrar General India ECIL,Krishna Infotech,0,29
Registrar General India ECIL,Madras Security Printers Ltd,276,13
Registrar General India ECIL,Mphasis Ltd,49,12
Registrar General India ECIL,Nielsen  India  Private Limited,16,5
Registrar General India ECIL,Pioneer E Labs limited,0,2
Registrar General India ECIL,Quick Data IT Services Pvt Ltd,0,1
Registrar General India ECIL,SARADA SYSTEMS,22,0
Registrar General India ECIL,SWISSTECH NPR 57CR PROJECT PVT,12,12
Registrar General India ECIL,Tera Software Ltd,246,23
Registrar General India ECIL,VEETECHNOLOGIES PVT. LTD,1,0
Registrar General India ECIL,Vedavaag Systems Limited,16,9
Registrar General India Others,COMTECHINFO SOLUTIONS PVT.LTD,1,0
Registrar General India Others,Chinar Construction Company Prime agency,1,0
Registrar General India Others,Clairvoyance Technologies Pvt.,6,0
Registrar General India Others,Eagle Software India Pvt. Ltd,6,0
Registrar General India Others,In Media Computer Services LLP,9,7
Registrar General of India ITI,COMTECH INSTITUTE OFTECHNOLOGY,1,0
Registrar General of India ITI,CSS TECHNERGY LIMITED,3,0
Registrar General of India ITI,Eagle Software India Pvt. Ltd,17,5
Registrar General of India ITI,Emdee Digitronics Pvt.Ltd.,2171,275
Registrar General of India ITI,FINANCIAL INFORMATION NETWORK,4,5
Registrar General of India ITI,In Media Computer Services LLP,707,2
Registrar General of India ITI,Karvy Data Management Services,967,39
Registrar General of India ITI,MACRO INFOTECH PVT LTD,0,2
Registrar General of India ITI,MKS Enterprises,5,0
Registrar General of India ITI,Madras Security Printers Ltd,101,61
Registrar General of India ITI,Mphasis Ltd,3,4
Registrar General of India ITI,Multiwave Innovation,3,1
Registrar General of India ITI,Netlink software Pvt Ltd,11,3
Registrar General of India ITI,Nielsen  India  Private Limited,110,9
Registrar General of India ITI,PROTEX COMPUTER PVT LTD,2,0
Registrar General of India ITI,SREI INFRASTRUCTURE FINANCES L,0,1
Registrar General of India ITI,STRATEGIC OUTSOURCING SERVICE,2,0
Registrar General of India ITI,Satyanarayana Raju Company Pvt ltd,24,290
Registrar General of India ITI,Swathy Smartcards Hi-Tech Pvt,0,21
Registrar General of India ITI,Swiss Tech India Pvt Ltd,1,0
Registrar General of India ITI,TechSmart India Pvt Ltd,0,2
Registrar General of India ITI,VIRGO SOFTECH LIMITED,16,26
Registrar General of India ITI,Vedavaag Systems Limited,38,12
Registrar General of India ITI,WEBEL TECHNOLOGY LIMITED,9542,133
State Bank of Bikaner & Jaipur,Multiwave Innovation,0,14
State Bank of Travancore,Tera Software Ltd,0,1
UIDAI-Registrar,UIDAI-EA,19,3
UT Of Daman and Diu,Alankit Assignments Limited,1,28
UT of Puducherry,Madras Security Printers Ltd,0,21
Union Bank,FINANCIAL INFORMATION NETWORK,3002,397
Union Bank,Smart Chip Limited,11101,578
Union Bank,Vakrangee Softwares Limited,1325,141
