Registrar,Enrolment Agency,Aadhaar generated,Enrolment Rejected
Allahabad Bank,IL&FS LTD,2,0
Allahabad Bank,Vakrangee Softwares Limited,2007,79
Bank Of India,A3 Logics  India  Ltd,3111,19
Bank Of India,Akanksha International,353,0
Bank Of India,Blue Circle Instrument,308,0
Bank Of India,CHESSY CONSULTANTS PVT LTD,1174,3
Bank Of India,DATASOFT COMPUTER SERVICES(P),976,4
Bank Of India,Emdee Digitronics Pvt.Ltd.,776,2
Bank Of India,Frontech Systems Pvt Ltd,694,4
Bank Of India,ITI LIMITED,109,0
Bank Of India,MANTRA SOFTTECH (INDIA) PVTLTD,526,8
Bank Of India,Matrix Processing House,2922,39
Bank Of India,OPTIMIX CONSULTANCY PRIVATE LT,6,0
Bank Of India,OSWAL COMPUTERS & CONSULTANTS,3667,63
Bank Of India,PROTEX COMPUTER PVT LTD,1046,12
Bank Of India,SARADA SYSTEMS,2639,1
Bank Of India,SHRIKRISHNA KHANDASARI SUGAR M,7896,13
Bank Of India,SPANCO,2279,22
Bank Of India,SREI INFRASTRUCTURE FINANCES L,4573,59
Bank Of India,Silver Touch Technologies Ltd,1487,26
Bank Of India,Systematic & Advance Const P L,4398,68
Bank Of India,VEETECHNOLOGIES PVT. LTD,1812,0
Bank Of India,Vakrangee Softwares Limited,1110,30
Bank of Baroda,DATASOFT COMPUTER SERVICES(P),2,0
Bank of Baroda,IL&FS LTD,1,0
Bank of Baroda,TEAM LIFE CARE COMPANY INDIA P,1688,5
Bank of Maharashtra,Alankit Finsec Ltd,113,4
Bank of Maharashtra,FINANCIAL INFORMATION NETWORK,99,6
Bank of Maharashtra,Micro Technologies India Ltd,1876,10
Bank of Maharashtra,Tera Software Ltd,49,0
CSC e-Governance Services India Limited,A I Soc for Electronics and Comp Tech,1627,3
CSC e-Governance Services India Limited,AKSH OPTIFIBRE LIMITED,551,0
CSC e-Governance Services India Limited,BASIX,890,2
CSC e-Governance Services India Limited,CALANCE SOFTWARE PRIVATE LTD,1894,0
CSC e-Governance Services India Limited,CMS Computers Ltd,872,1
CSC e-Governance Services India Limited,Intelligent Communication Systems India Limited,174,1
CSC e-Governance Services India Limited,Network for Information & Computer,801,0
CSC e-Governance Services India Limited,Reliance Communication Limited,517,0
CSC e-Governance Services India Limited,SPANCO,104,4
CSC e-Governance Services India Limited,United Telecoms e-Services Pvt Ltd,64,0
Central Bank of India,CALANCE SOFTWARE PRIVATE LTD,8638,66
Central Bank of India,Frontech Systems Pvt Ltd,5,0
Central Bank of India,IAP COMPANY Pvt. Ltd,6379,21
Central Bank of India,IL&FS LTD,2,0
Central Bank of India,MANTRA SOFTTECH (INDIA) PVTLTD,271,3
Central Bank of India,The Peerless General Finance,1062,11
DENA BANK,ATISHAY INFOTECH PVT. LTD.,1192,1
DENA BANK,Business Information Processing Services,27,0
DENA BANK,DATASOFT COMPUTER SERVICES(P),635,1
DENA BANK,JNET Technologies Pvt.Ltd,483,0
DENA BANK,Multiwave Innovation,533,2
DENA BANK,Netlink software Pvt Ltd,126,0
DENA BANK,Society for Advancement of Environmental Science,62,0
Delhi - Central DC,Smart Chip Limited,560,4
Delhi - East DC,DATASOFT COMPUTER SERVICES(P),1965,31
Delhi - ND DC,Smart Chip Limited,35,4
Delhi - NE DC,Smart Chip Limited,880,47
Delhi - North DC,CALANCE SOFTWARE PRIVATE LTD,3299,42
Delhi - North DC,NVR & ASSOCIATES LIMITED,530,24
Delhi - North DC,Smart Chip Limited,113,4
Delhi SW DC,STRATEGIC OUTSOURCING SERVICE,1,0
Delhi SW DC,VIRGO SOFTECH LIMITED,1274,14
Delhi Urban Shelter Improvemen,STRATEGIC OUTSOURCING SERVICE,3,0
Delhi- South DC,Karvy Computershare Private Li,403,4
Delhi- South DC,Smart Chip Limited,402,2
Delhi- West DC,Smart Chip Limited,323,0
Delhi- West DC,VIRGO SOFTECH LIMITED,639,4
Delhi-NW DC,Karvy Computershare Private Li,199,3
Delhi-NW DC,STRATEGIC OUTSOURCING SERVICE,1,0
Department of Information Technology Govt of Jharkhand,Blue Circle Instrument,2321,7
Department of Information Technology Govt of Jharkhand,IL&FS LTD,3,0
Department of Information Technology Govt of Jharkhand,MKS Enterprises,2294,22
Department of Information Technology Govt of Jharkhand,Systematic & Advance Const P L,458,4
Department of Information Technology Govt of Jharkhand,Vayam technologies Ltd,9,0
Dept of ITC Govt of Rajasthan,ATISHAY INFOTECH PVT. LTD.,21612,50
Dept of ITC Govt of Rajasthan,AVVAS INFOTECH PVT  LTD,4682,11
Dept of ITC Govt of Rajasthan,Alankit Finsec Ltd,2680,6
Dept of ITC Govt of Rajasthan,Business Information Processing Services,1284,0
Dept of ITC Govt of Rajasthan,DATASOFT COMPUTER SERVICES(P),13631,84
Dept of ITC Govt of Rajasthan,Gem Computers,1115,1
Dept of ITC Govt of Rajasthan,Multiwave Innovation,1107,8
Dept of ITC Govt of Rajasthan,Netlink software Pvt Ltd,1381,0
Dept of ITC Govt of Rajasthan,TechSmart India Pvt Ltd,3560,1
Dept of ITC Govt of Rajasthan,Transline Technologies P Ltd,8882,9
Dept of ITC Govt of Rajasthan,Vakrangee Softwares Limited,4714,119
Dept of ITC Govt of Rajasthan,Vayam technologies Ltd,9263,57
FCR Govt of Haryana,Vakrangee Softwares Limited,205,1
FCS Govt of Punjab,CSS TECHNERGY LIMITED,1609,10
FCS Govt of Punjab,Delhi Integrated MMTS Ltd,10,0
FCS Govt of Punjab,Karvy Computershare Private Li,7450,61
FCS Govt of Punjab,Vayam technologies Ltd,12155,6
FCS Govt of Punjab,eCentric solutions pvt ltd,9762,12
Govt of Andhra Pradesh,Gouthami Educational Society,1018,1
Govt of Andhra Pradesh,GrapeSoft,706,29
Govt of Andhra Pradesh,IL&FS LTD,61,0
Govt of Andhra Pradesh,INFRONICS SYSTEMS LTD,1890,9
Govt of Andhra Pradesh,Madras Security Printers Ltd,1,0
Govt of Andhra Pradesh,SREEVEN INFOCOM LIMITED,2252,0
Govt of Andhra Pradesh,TechSmart India Pvt Ltd,9199,48
Govt of Andhra Pradesh,Tera Software Ltd,2443,14
Govt of Andhra Pradesh,eCentric solutions pvt ltd,53,0
Govt of Goa,MARS Telecom Systems Pvt Ltd,253,3
Govt of Goa,Tera Software Ltd,1,0
Govt of Gujarat,GSS Infotech Ltd,11267,3
Govt of Gujarat,Karvy Computershare Private Li,12617,16
Govt of Gujarat,Silver Touch Technologies Ltd,35735,54
Govt of Gujarat,Tera Software Ltd,4710,3
Govt of Gujarat,Transline Technologies P Ltd,2756,33
Govt of Gujarat,Vayam technologies Ltd,6563,5
Govt of Gujarat,eCentric solutions pvt ltd,2572,3
Govt of Himachal Pradesh,IL&FS LTD,6,0
Govt of Himachal Pradesh,Wipro Ltd,2198,13
Govt of Himachal Pradesh,i-Grandee SoftwareTechnologies,2908,2
Govt of Karnataka ,GLODYNE TECHNOSERVE,5,0
Govt of Karnataka ,MARS Telecom Systems Pvt Ltd,13946,3
Govt of Karnataka ,Ninestars Information Technologies Ltd,14119,7
Govt of Karnataka ,Origin ITFS Pvt Ltd,10329,4
Govt of Karnataka ,SREEVEN INFOCOM LIMITED,9298,17
Govt of Kerala,Akshaya,11073,26
Govt of Kerala,Keltron,1899,7
Govt of Madhya Pradesh,VIRGO SOFTECH LIMITED,10,2
Govt of Maharashtra,Alankit Finsec Ltd,6519,19
Govt of Maharashtra,Eagle press pvt ltd,758,0
Govt of Maharashtra,GLODYNE TECHNOSERVE,49,0
Govt of Maharashtra,Karvy Computershare Private Li,8446,21
Govt of Maharashtra,M/S King Computer System pvt Ltd,11,0
Govt of Maharashtra,M/s. Vidya Online  Pune,1349,0
Govt of Maharashtra,Mahaonline Limited,7,0
Govt of Maharashtra,Narayana Electricals Solution Pvt Ltd,3058,0
Govt of Maharashtra,Netlink software Pvt Ltd,5121,40
Govt of Maharashtra,Network for Information & Computer,437,1
Govt of Maharashtra,Obel projects Pvt Ltd,15,0
Govt of Maharashtra,Rudranee Infotech Ltd,2635,14
Govt of Maharashtra,SHREERAM PRINTING PRESS,3588,3
Govt of Maharashtra,SPANCO,2596,0
Govt of Maharashtra,STRATEGIC OUTSOURCING SERVICE,3354,9
Govt of Maharashtra,Silver Touch Technologies Ltd,4680,2
Govt of Maharashtra,Systematic & Advance Const P L,514,0
Govt of Maharashtra,TEAM LIFE CARE COMPANY INDIA P,87,0
Govt of Maharashtra,TechSmart India Pvt Ltd,4035,4
Govt of Maharashtra,Tera Software Ltd,229,0
Govt of Maharashtra,Transline Technologies P Ltd,937,13
Govt of Maharashtra,Wipro Ltd,6476,16
Govt of Sikkim - Dept of Econo,4G IDENTITY SOLUTIONS,3,0
Govt of Sikkim - Dept of Econo,Department of Economics Statistics  Monitoring and Evaluation DESME,343,0
IDBI Bank ltd,ATISHAY INFOTECH PVT. LTD.,2342,18
IDBI Bank ltd,Matrix Processing House,277,1
IDBI Bank ltd,Pioneer E Labs limited,4,0
IDBI Bank ltd,SREEVEN INFOCOM LIMITED,4602,24
IDBI Bank ltd,UTI TECHNOLOGY SERVICES LIMITE,2169,34
Indiapost,4G IDENTITY SOLUTIONS,5,0
Indiapost,Delhi Integrated MMTS Ltd,17186,14
Indiapost,GLODYNE TECHNOSERVE,5,0
Indiapost,IL&FS LTD,1,0
Indiapost,M/S STAR DATA CENTRE,74,0
Indiapost,MARS Telecom Systems Pvt Ltd,1543,5
Indiapost,Smart Chip Limited,436,1
Indiapost,TEAM LIFE CARE COMPANY INDIA P,9681,1
Indiapost,Vayam technologies Ltd,43,2
Indiapost,WEBEL,168,26
Information Technology & Communication Department,4G INFORMATICS,7751,0
Information Technology & Communication Department,BNR UDYOG LIMITED,5027,1
Information Technology & Communication Department,Bloom Solutions Pvt Ltd,4411,5
Information Technology & Communication Department,CSS TECHNERGY LIMITED,3886,2
Information Technology & Communication Department,GDC Advertising Pvt. Limited,4379,2
Information Technology & Communication Department,JYOTHI COMPUTER SERVICES,2734,3
Information Technology & Communication Department,Karvy Data Management Services,1775,1
Information Technology & Communication Department,MARS Telecom Systems Pvt Ltd,895,0
Information Technology & Communication Department,SREEVEN INFOCOM LIMITED,1318,6
Information Technology & Communication Department,Tera Software Ltd,1180,0
Jharkhand,Alankit Assignments Limited,436,3
Jharkhand,Blue Circle Instrument,636,2
Jharkhand,Emdee Digitronics Pvt.Ltd.,948,2
Jharkhand,MKS Enterprises,1219,59
Jharkhand,Nevaeh Technology Pvt. Ltd.,288,3
Jharkhand,STRATEGIC OUTSOURCING SERVICE,73,1
Jharkhand,Systematic & Advance Const P L,695,1
Jharkhand,VISION COMPTECH INTEGRATOR LTD,1515,9
Jharkhand,Wipro Ltd,24727,24
Mission Convergence - GNCT Del,Karvy Computershare Private Li,74,4
Mission Convergence - GNCT Del,NVR & ASSOCIATES LIMITED,175,27
Mission Convergence - GNCT Del,STRATEGIC OUTSOURCING SERVICE,1,0
NSDL e-Governance Infrastructure Limited,Abhipra Capital Ltd,735,6
NSDL e-Governance Infrastructure Limited,Alankit Assignments Limited,10997,33
NSDL e-Governance Infrastructure Limited,Delhi Integrated MMTS Ltd,1431,2
NSDL e-Governance Infrastructure Limited,INTEGRATED REGISTRY SERVICES LTD,25,0
NSDL e-Governance Infrastructure Limited,Karvy Data Management Services,20885,58
NSDL e-Governance Infrastructure Limited,Netlink software Pvt Ltd,8432,31
NSDL e-Governance Infrastructure Limited,PROWIZ MANSYTEMS PVT LTD,4804,8
NSDL e-Governance Infrastructure Limited,TEAM LIFE CARE COMPANY INDIA P,2713,0
NSDL e-Governance Infrastructure Limited,VIRGO SOFTECH LIMITED,7175,23
Oriental Bank of Commerce,DATASOFT COMPUTER SERVICES(P),1126,4
Oriental Bank of Commerce,Euro Finmart Ltd,297,2
Oriental Bank of Commerce,FINANCIAL INFORMATION NETWORK,26,0
Oriental Bank of Commerce,IL&FS LTD,6,0
Oriental Bank of Commerce,JNET Technologies Pvt.Ltd,2275,0
Oriental Bank of Commerce,Redim Software Technologies Pvt Ltd,582,0
Oriental Bank of Commerce,Sri Ramraja Sarkar Lok Kalyan Trust,5085,3
Oriental Bank of Commerce,Wipro Ltd,3526,27
Others,Others,0,4
Punjab and Sind Bank,Matrix Processing House,4,0
Registrar General India - BEL,In Media Computer Services LLP,16,4
Registrar General India - BEL,Manipur Electronics Dev Corp,21,0
Registrar General India - BEL,Swathy Smartcards Hi-Tech Pvt,72,0
Registrar General India BEL2,Alankit Assignments Limited,465,0
Registrar General India BEL2,Computer LAB,1866,4
Registrar General India BEL2,Emdee Digitronics Pvt.Ltd.,152,0
Registrar General India BEL2,In Media Computer Services LLP,134,0
Registrar General India BEL2,India Computer Technology,11640,1
Registrar General India BEL2,MACRO INFOTECH PVT LTD,1299,0
Registrar General India BEL2,MKS Enterprises,191,0
Registrar General India BEL2,Madras Security Printers Ltd,31979,14
Registrar General India BEL2,Multiwave Innovation,2092,8
Registrar General India BEL2,Netlink software Pvt Ltd,1656,2
Registrar General India BEL2,Nevaeh Technology Pvt. Ltd.,74,0
Registrar General India BEL2,Nielsen  India  Private Limited,443,6
Registrar General India BEL2,Om Softwares,1139,1
Registrar General India BEL2,SREEVEN INFOCOM LIMITED,139,3
Registrar General India BEL2,STRATEGIC OUTSOURCING SERVICE,460,0
Registrar General India BEL2,Satyanarayana Raju Company Pvt ltd,105,0
Registrar General India BEL2,Swathy Smartcards Hi-Tech Pvt,17486,23
Registrar General India BEL2,Swiss Tech India Pvt Ltd,316,0
Registrar General India BEL2,Tera Software Ltd,1534,1
Registrar General India BEL2,UNITED DATA SERVICES PRIVATE LIMITED,3888,0
Registrar General India BEL2,Vansh Infotech Pvt Ltd,2396,4
Registrar General India BEL2,Vedavaag Systems Limited,2889,0
Registrar General India ECIL,AVVAS INFOTECH PVT  LTD,1294,0
Registrar General India ECIL,BUSINESS INFORMATION PROCESSING SERVICES,67,0
Registrar General India ECIL,COMTECH INSTITUTE OFTECHNOLOGY,762,0
Registrar General India ECIL,COMTECHINFO SOLUTIONS PVT.LTD,525,0
Registrar General India ECIL,Chinar Construction Company Prime agency,48,0
Registrar General India ECIL,Clairvoyance Technologies Pvt.,203,0
Registrar General India ECIL,Computer LAB,3244,225
Registrar General India ECIL,Eagle Software India Pvt. Ltd,1916,18
Registrar General India ECIL,In Media Computer Services LLP,1055,9
Registrar General India ECIL,India Computer Technology,2974,5337
Registrar General India ECIL,Karvy Data Management Services,1929,1
Registrar General India ECIL,Krishna Infotech,9835,18
Registrar General India ECIL,Madras Security Printers Ltd,2143,229
Registrar General India ECIL,Mphasis Ltd,552,0
Registrar General India ECIL,Netwing Technologies Pvt Ltd,64,2
Registrar General India ECIL,Nielsen  India  Private Limited,742,0
Registrar General India ECIL,Pioneer E Labs limited,1304,1
Registrar General India ECIL,SARADA SYSTEMS,15,0
Registrar General India ECIL,SWISSTECH NPR 57CR PROJECT PVT,5393,20
Registrar General India ECIL,Tera Software Ltd,3691,249
Registrar General India ECIL,Vedavaag Systems Limited,4518,5
Registrar General India Others,AVVAS INFOTECH PVT  LTD,1,0
Registrar General India Others,COMTECH INSTITUTE OFTECHNOLOGY,71,0
Registrar General India Others,Clairvoyance Technologies Pvt.,1,0
Registrar General India Others,Computer LAB,2,0
Registrar General India Others,Eagle Software India Pvt. Ltd,30,0
Registrar General India Others,Karvy Data Management Services,6,0
Registrar General India Others,Madras Security Printers Ltd,3,0
Registrar General India Others,Multiwave Innovation,1,0
Registrar General India Others,Nielsen  India  Private Limited,8,0
Registrar General India Others,STRATEGIC OUTSOURCING SERVICE,9,0
Registrar General India Others,SWISSTECH NPR 57CR PROJECT PVT,1,0
Registrar General India Others,Swathy Smartcards Hi-Tech Pvt,4,0
Registrar General India Others,Vedavaag Systems Limited,4,0
Registrar General of India ITI,COMTECH INSTITUTE OFTECHNOLOGY,5,2
Registrar General of India ITI,CSS TECHNERGY LIMITED,290,0
Registrar General of India ITI,CommunitiWorks Welfare Society,534,13
Registrar General of India ITI,Eagle Software India Pvt. Ltd,3533,0
Registrar General of India ITI,Emdee Digitronics Pvt.Ltd.,55226,195
Registrar General of India ITI,Karvy Data Management Services,3387,0
Registrar General of India ITI,Madras Security Printers Ltd,42,0
Registrar General of India ITI,Mphasis Ltd,108,0
Registrar General of India ITI,Multiwave Innovation,5,0
Registrar General of India ITI,Netlink software Pvt Ltd,664,0
Registrar General of India ITI,Netwing Technologies Pvt Ltd,14,0
Registrar General of India ITI,Nielsen  India  Private Limited,154,0
Registrar General of India ITI,SREEVEN INFOCOM LIMITED,274,0
Registrar General of India ITI,STRATEGIC OUTSOURCING SERVICE,2131,2
Registrar General of India ITI,Satyanarayana Raju Company Pvt ltd,1634,1
Registrar General of India ITI,Swathy Smartcards Hi-Tech Pvt,4159,8
Registrar General of India ITI,TechSmart India Pvt Ltd,111,3
Registrar General of India ITI,Urmila Info solution,1152,0
Registrar General of India ITI,VIRGO SOFTECH LIMITED,1141,0
Registrar General of India ITI,Vedavaag Systems Limited,1003,0
Registrar General of India ITI,WEBEL TECHNOLOGY LIMITED,2043,10
STATE BANK OF PATIALA,CSS TECHNERGY LIMITED,1,0
State Bank of Bikaner & Jaipur,Multiwave Innovation,1619,21
State Bank of India,IL&FS LTD,11,0
State Bank of India,VIRGO SOFTECH LIMITED,1,0
State Bank of Travancore,Tera Software Ltd,85,0
UIDAI-Registrar,UIDAI-EA,38,0
UT Of Daman and Diu,Alankit Assignments Limited,129,1
UT of Puducherry,Madras Security Printers Ltd,265,17
Union Bank,FINANCIAL INFORMATION NETWORK,12414,35
Union Bank,Smart Chip Limited,5972,41
Union Bank,Vakrangee Softwares Limited,24538,163
