Registrar,Enrolment Agency,Aadhaar generated,Enrolment Rejected
Allahabad Bank,Vakrangee Softwares Limited,11711,423
Bank Of India,A3 Logics  India  Ltd,2372,156
Bank Of India,Akanksha International,425,44
Bank Of India,Blue Circle Instrument,209,4
Bank Of India,CHESSY CONSULTANTS PVT LTD,1076,22
Bank Of India,DATASOFT COMPUTER SERVICES(P),338,39
Bank Of India,Emdee Digitronics Pvt.Ltd.,437,8
Bank Of India,Frontech Systems Pvt Ltd,598,34
Bank Of India,ITI LIMITED,23,6
Bank Of India,MANTRA SOFTTECH (INDIA) PVTLTD,547,17
Bank Of India,Matrix Processing House,6595,186
Bank Of India,OPTIMIX CONSULTANCY PRIVATE LT,20,0
Bank Of India,OSWAL COMPUTERS & CONSULTANTS,11732,581
Bank Of India,PROTEX COMPUTER PVT LTD,2053,77
Bank Of India,SARADA SYSTEMS,2364,17
Bank Of India,SHRIKRISHNA KHANDASARI SUGAR M,3046,62
Bank Of India,SPANCO,9118,108
Bank Of India,SREI INFRASTRUCTURE FINANCES L,5239,108
Bank Of India,Silver Touch Technologies Ltd,1448,45
Bank Of India,Systematic & Advance Const P L,10069,325
Bank Of India,VEETECHNOLOGIES PVT. LTD,1192,7
Bank Of India,Vakrangee Softwares Limited,2574,314
Bank of Baroda,DATASOFT COMPUTER SERVICES(P),1,0
Bank of Baroda,IL&FS LTD,1,0
Bank of Baroda,TEAM LIFE CARE COMPANY INDIA P,2590,66
Bank of Maharashtra,Alankit Finsec Ltd,88,9
Bank of Maharashtra,FINANCIAL INFORMATION NETWORK,365,2
Bank of Maharashtra,Micro Technologies India Ltd,405,29
CSC e-Governance Services India Limited,A I Soc for Electronics and Comp Tech,942,16
CSC e-Governance Services India Limited,AKSH OPTIFIBRE LIMITED,884,1
CSC e-Governance Services India Limited,BASIX,382,16
CSC e-Governance Services India Limited,CALANCE SOFTWARE PRIVATE LTD,304,6
CSC e-Governance Services India Limited,CMS Computers Ltd,855,3
CSC e-Governance Services India Limited,Intelligent Communication Systems India Limited,72,0
CSC e-Governance Services India Limited,Network for Information & Computer,388,16
CSC e-Governance Services India Limited,Reliance Communication Limited,865,2
CSC e-Governance Services India Limited,SPANCO,95,9
CSC e-Governance Services India Limited,Tera Software Ltd,3,0
CSC e-Governance Services India Limited,United Telecoms e-Services Pvt Ltd,80,0
Central Bank of India,CALANCE SOFTWARE PRIVATE LTD,3420,163
Central Bank of India,Frontech Systems Pvt Ltd,21,0
Central Bank of India,IAP COMPANY Pvt. Ltd,9001,197
Central Bank of India,MANTRA SOFTTECH (INDIA) PVTLTD,777,13
Central Bank of India,SREI INFRASTRUCTURE FINANCES L,21,0
Central Bank of India,The Peerless General Finance,1008,19
DENA BANK,ATISHAY INFOTECH PVT. LTD.,329,2
DENA BANK,Business Information Processing Services,25,1
DENA BANK,DATASOFT COMPUTER SERVICES(P),364,4
DENA BANK,JNET Technologies Pvt.Ltd,10,2
DENA BANK,Multiwave Innovation,370,44
DENA BANK,Netlink software Pvt Ltd,404,0
DENA BANK,Society for Advancement of Environmental Science,48,0
Delhi - Central DC,Smart Chip Limited,416,10
Delhi - East DC,DATASOFT COMPUTER SERVICES(P),560,147
Delhi - East DC,Tera Software Ltd,55,0
Delhi - ND DC,Smart Chip Limited,169,17
Delhi - NE DC,Smart Chip Limited,800,67
Delhi - North DC,CALANCE SOFTWARE PRIVATE LTD,1163,135
Delhi - North DC,NVR & ASSOCIATES LIMITED,502,45
Delhi - North DC,Smart Chip Limited,426,59
Delhi SW DC,VIRGO SOFTECH LIMITED,348,37
Delhi Urban Shelter Improvemen,Alankit Assignments Limited,1,0
Delhi Urban Shelter Improvemen,Matrix Processing House,3,0
Delhi Urban Shelter Improvemen,Tera Software Ltd,21,1
Delhi- South DC,Karvy Computershare Private Li,155,4
Delhi- South DC,Smart Chip Limited,191,6
Delhi- South DC,Tera Software Ltd,13,0
Delhi- South DC,eCentric solutions pvt ltd,19,0
Delhi- West DC,Matrix Processing House,57,0
Delhi- West DC,Smart Chip Limited,205,4
Delhi- West DC,VIRGO SOFTECH LIMITED,1014,12
Delhi-NW DC,Karvy Computershare Private Li,245,40
Department of Information Technology Govt of Jharkhand,Blue Circle Instrument,760,22
Department of Information Technology Govt of Jharkhand,MKS Enterprises,4022,63
Department of Information Technology Govt of Jharkhand,Systematic & Advance Const P L,280,1
Department of Information Technology Govt of Jharkhand,Vayam technologies Ltd,46,1
Dept of ITC Govt of Rajasthan,ATISHAY INFOTECH PVT. LTD.,2499,322
Dept of ITC Govt of Rajasthan,AVVAS INFOTECH PVT  LTD,3870,108
Dept of ITC Govt of Rajasthan,Alankit Finsec Ltd,2190,92
Dept of ITC Govt of Rajasthan,Business Information Processing Services,1887,21
Dept of ITC Govt of Rajasthan,DATASOFT COMPUTER SERVICES(P),8964,250
Dept of ITC Govt of Rajasthan,Gem Computers,2529,5
Dept of ITC Govt of Rajasthan,Multiwave Innovation,1086,129
Dept of ITC Govt of Rajasthan,Netlink software Pvt Ltd,1028,4
Dept of ITC Govt of Rajasthan,TechSmart India Pvt Ltd,550,22
Dept of ITC Govt of Rajasthan,Transline Technologies P Ltd,5328,51
Dept of ITC Govt of Rajasthan,Vakrangee Softwares Limited,7191,1028
Dept of ITC Govt of Rajasthan,Vayam technologies Ltd,5986,135
FCR Govt of Haryana,Vakrangee Softwares Limited,263,98
FCS Govt of Punjab,Alankit Assignments Limited,16,0
FCS Govt of Punjab,Alankit Finsec Ltd,13,0
FCS Govt of Punjab,CSS TECHNERGY LIMITED,524,28
FCS Govt of Punjab,Delhi Integrated MMTS Ltd,188,1
FCS Govt of Punjab,Diwakar Commercials Pvt Ltd,1,0
FCS Govt of Punjab,Karvy Computershare Private Li,3916,657
FCS Govt of Punjab,VIRGO SOFTECH LIMITED,22,0
FCS Govt of Punjab,Vayam technologies Ltd,2554,118
FCS Govt of Punjab,eCentric solutions pvt ltd,7636,195
Govt of Andhra Pradesh,Gouthami Educational Society,723,26
Govt of Andhra Pradesh,GrapeSoft,1121,53
Govt of Andhra Pradesh,IL&FS LTD,3,0
Govt of Andhra Pradesh,INFRONICS SYSTEMS LTD,3306,79
Govt of Andhra Pradesh,Madras Security Printers Ltd,47,0
Govt of Andhra Pradesh,SREEVEN INFOCOM LIMITED,1505,89
Govt of Andhra Pradesh,TechSmart India Pvt Ltd,5232,139
Govt of Andhra Pradesh,Tera Software Ltd,2726,79
Govt of Andhra Pradesh,eCentric solutions pvt ltd,309,3
Govt of Goa,MARS Telecom Systems Pvt Ltd,556,4
Govt of Gujarat,GSS Infotech Ltd,6806,77
Govt of Gujarat,Karvy Computershare Private Li,3720,68
Govt of Gujarat,Silver Touch Technologies Ltd,5476,146
Govt of Gujarat,Tera Software Ltd,1602,61
Govt of Gujarat,Transline Technologies P Ltd,482,33
Govt of Gujarat,Vayam technologies Ltd,1227,44
Govt of Gujarat,eCentric solutions pvt ltd,1364,57
Govt of Himachal Pradesh,IL&FS LTD,1,0
Govt of Himachal Pradesh,Wipro Ltd,1733,43
Govt of Himachal Pradesh,i-Grandee SoftwareTechnologies,3388,37
Govt of Karnataka ,GLODYNE TECHNOSERVE,2,0
Govt of Karnataka ,MARS Telecom Systems Pvt Ltd,4898,118
Govt of Karnataka ,Ninestars Information Technologies Ltd,3764,92
Govt of Karnataka ,Origin ITFS Pvt Ltd,6160,119
Govt of Karnataka ,SREEVEN INFOCOM LIMITED,3026,134
Govt of Karnataka ,Tera Software Ltd,44,0
Govt of Karnataka ,Wipro Ltd,6,0
Govt of Kerala,Akshaya,5874,85
Govt of Kerala,Keltron,1057,13
Govt of Madhya Pradesh,VIRGO SOFTECH LIMITED,291,6
Govt of Maharashtra,Alankit Assignments Limited,17,0
Govt of Maharashtra,Alankit Finsec Ltd,4837,70
Govt of Maharashtra,Eagle press pvt ltd,363,1
Govt of Maharashtra,GLODYNE TECHNOSERVE,81,4
Govt of Maharashtra,GSS Infotech Ltd,1,0
Govt of Maharashtra,Karvy Computershare Private Li,8495,154
Govt of Maharashtra,M/S King Computer System pvt Ltd,13,0
Govt of Maharashtra,M/s. Vidya Online  Pune,340,2
Govt of Maharashtra,Mahaonline Limited,54,27
Govt of Maharashtra,Narayana Electricals Solution Pvt Ltd,914,12
Govt of Maharashtra,Netlink software Pvt Ltd,2299,173
Govt of Maharashtra,Network for Information & Computer,54,1
Govt of Maharashtra,Obel projects Pvt Ltd,63,10
Govt of Maharashtra,Rudranee Infotech Ltd,1389,8
Govt of Maharashtra,SHREERAM PRINTING PRESS,1075,1
Govt of Maharashtra,SPANCO,470,16
Govt of Maharashtra,STRATEGIC OUTSOURCING SERVICE,2350,44
Govt of Maharashtra,Silver Touch Technologies Ltd,2076,16
Govt of Maharashtra,Systematic & Advance Const P L,138,0
Govt of Maharashtra,TEAM LIFE CARE COMPANY INDIA P,163,2
Govt of Maharashtra,TechSmart India Pvt Ltd,2971,42
Govt of Maharashtra,Tera Software Ltd,107,3
Govt of Maharashtra,Transline Technologies P Ltd,499,45
Govt of Maharashtra,Wipro Ltd,3859,91
Govt of Sikkim - Dept of Econo,Department of Economics Statistics  Monitoring and Evaluation DESME,85,1
IDBI Bank ltd,ATISHAY INFOTECH PVT. LTD.,600,26
IDBI Bank ltd,Matrix Processing House,608,4
IDBI Bank ltd,Pioneer E Labs limited,2,0
IDBI Bank ltd,SREEVEN INFOCOM LIMITED,3169,111
IDBI Bank ltd,UTI TECHNOLOGY SERVICES LIMITE,3689,13
Indiapost,Delhi Integrated MMTS Ltd,4906,119
Indiapost,GLODYNE TECHNOSERVE,12,0
Indiapost,GSS Infotech Ltd,1,0
Indiapost,M/S STAR DATA CENTRE,130,5
Indiapost,MARS Telecom Systems Pvt Ltd,553,10
Indiapost,Madras Security Printers Ltd,14,0
Indiapost,Smart Chip Limited,240,10
Indiapost,TEAM LIFE CARE COMPANY INDIA P,3303,129
Indiapost,The NSIC ltd,2,0
Indiapost,UTI TECHNOLOGY SERVICES LIMITE,1,0
Indiapost,Vayam technologies Ltd,151,4
Indiapost,WEBEL,148,3
Indiapost,eCentric solutions pvt ltd,15,2
Information Technology & Communication Department,4G INFORMATICS,13988,130
Information Technology & Communication Department,BNR UDYOG LIMITED,4118,80
Information Technology & Communication Department,Bloom Solutions Pvt Ltd,6988,122
Information Technology & Communication Department,CSS TECHNERGY LIMITED,2395,42
Information Technology & Communication Department,GDC Advertising Pvt. Limited,8579,12
Information Technology & Communication Department,JYOTHI COMPUTER SERVICES,4428,37
Information Technology & Communication Department,Karvy Data Management Services,314,10
Information Technology & Communication Department,MARS Telecom Systems Pvt Ltd,1179,57
Information Technology & Communication Department,SREEVEN INFOCOM LIMITED,1330,170
Information Technology & Communication Department,Tera Software Ltd,433,59
Jharkhand,Alankit Assignments Limited,142,4
Jharkhand,Blue Circle Instrument,170,5
Jharkhand,Emdee Digitronics Pvt.Ltd.,829,100
Jharkhand,MKS Enterprises,1615,109
Jharkhand,Nevaeh Technology Pvt. Ltd.,818,10
Jharkhand,STRATEGIC OUTSOURCING SERVICE,267,16
Jharkhand,Systematic & Advance Const P L,3762,54
Jharkhand,VISION COMPTECH INTEGRATOR LTD,4563,53
Jharkhand,Wipro Ltd,12383,172
Life Insurance Corporation,eCentric solutions pvt ltd,16,0
Mission Convergence - GNCT Del,Karvy Computershare Private Li,255,5
Mission Convergence - GNCT Del,Matrix Processing House,11,0
Mission Convergence - GNCT Del,NVR & ASSOCIATES LIMITED,176,48
Mission Convergence - GNCT Del,STRATEGIC OUTSOURCING SERVICE,5,0
Mission Convergence - GNCT Del,Tera Software Ltd,3,1
Mission Convergence - GNCT Del,eCentric solutions pvt ltd,5,0
NSDL e-Governance Infrastructure Limited,Abhipra Capital Ltd,3178,47
NSDL e-Governance Infrastructure Limited,Alankit Assignments Limited,6561,110
NSDL e-Governance Infrastructure Limited,Delhi Integrated MMTS Ltd,563,22
NSDL e-Governance Infrastructure Limited,INTEGRATED REGISTRY SERVICES LTD,50,0
NSDL e-Governance Infrastructure Limited,Karvy Data Management Services,10897,256
NSDL e-Governance Infrastructure Limited,Netlink software Pvt Ltd,4448,100
NSDL e-Governance Infrastructure Limited,PROWIZ MANSYTEMS PVT LTD,5820,70
NSDL e-Governance Infrastructure Limited,TEAM LIFE CARE COMPANY INDIA P,1468,14
NSDL e-Governance Infrastructure Limited,VIRGO SOFTECH LIMITED,5045,61
Oriental Bank of Commerce,DATASOFT COMPUTER SERVICES(P),897,22
Oriental Bank of Commerce,Euro Finmart Ltd,170,2
Oriental Bank of Commerce,FINANCIAL INFORMATION NETWORK,186,1
Oriental Bank of Commerce,JNET Technologies Pvt.Ltd,697,16
Oriental Bank of Commerce,Redim Software Technologies Pvt Ltd,325,10
Oriental Bank of Commerce,Sri Ramraja Sarkar Lok Kalyan Trust,2644,29
Oriental Bank of Commerce,Wipro Ltd,5493,118
Punjab and Sind Bank,Matrix Processing House,9,0
RDD Govt of Tripura,Alankit Assignments Limited,49,0
Registrar General India - BEL,In Media Computer Services LLP,9,0
Registrar General India - BEL,Swathy Smartcards Hi-Tech Pvt,42,0
Registrar General India BEL2,Alankit Assignments Limited,1699,1
Registrar General India BEL2,Computer LAB,4835,118
Registrar General India BEL2,Emdee Digitronics Pvt.Ltd.,2970,1
Registrar General India BEL2,In Media Computer Services LLP,33,0
Registrar General India BEL2,India Computer Technology,7487,187
Registrar General India BEL2,MACRO INFOTECH PVT LTD,163,3
Registrar General India BEL2,MKS Enterprises,535,12
Registrar General India BEL2,Madras Security Printers Ltd,5744,296
Registrar General India BEL2,Multiwave Innovation,674,326
Registrar General India BEL2,Netlink software Pvt Ltd,767,0
Registrar General India BEL2,Nevaeh Technology Pvt. Ltd.,167,0
Registrar General India BEL2,Nielsen  India  Private Limited,314,1
Registrar General India BEL2,Om Softwares,721,171
Registrar General India BEL2,SREEVEN INFOCOM LIMITED,318,8
Registrar General India BEL2,STRATEGIC OUTSOURCING SERVICE,751,54
Registrar General India BEL2,Satyanarayana Raju Company Pvt ltd,47,1
Registrar General India BEL2,Swathy Smartcards Hi-Tech Pvt,39965,258
Registrar General India BEL2,Swiss Tech India Pvt Ltd,761,12
Registrar General India BEL2,Tera Software Ltd,3046,122
Registrar General India BEL2,UNITED DATA SERVICES PRIVATE LIMITED,46,1
Registrar General India BEL2,Vansh Infotech Pvt Ltd,1196,11
Registrar General India BEL2,Vedavaag Systems Limited,441,6
Registrar General India ECIL,AVVAS INFOTECH PVT  LTD,1442,14
Registrar General India ECIL,BUSINESS INFORMATION PROCESSING SERVICES,152,0
Registrar General India ECIL,COMTECH INSTITUTE OFTECHNOLOGY,333,2
Registrar General India ECIL,COMTECHINFO SOLUTIONS PVT.LTD,244,5
Registrar General India ECIL,Chinar Construction Company Prime agency,17,1
Registrar General India ECIL,Clairvoyance Technologies Pvt.,294,2
Registrar General India ECIL,Computer LAB,11257,1109
Registrar General India ECIL,Eagle Software India Pvt. Ltd,3598,930
Registrar General India ECIL,In Media Computer Services LLP,2718,49
Registrar General India ECIL,India Computer Technology,1241,147
Registrar General India ECIL,Karvy Data Management Services,1015,30
Registrar General India ECIL,Krishna Infotech,938,35
Registrar General India ECIL,Madras Security Printers Ltd,997,2966
Registrar General India ECIL,Mphasis Ltd,1002,6
Registrar General India ECIL,Netwing Technologies Pvt Ltd,58,1
Registrar General India ECIL,Nielsen  India  Private Limited,347,0
Registrar General India ECIL,Pioneer E Labs limited,109,0
Registrar General India ECIL,SWISSTECH NPR 57CR PROJECT PVT,4978,78
Registrar General India ECIL,Tera Software Ltd,7590,2472
Registrar General India ECIL,Vedavaag Systems Limited,3107,40
Registrar General India Others,AVVAS INFOTECH PVT  LTD,28,0
Registrar General India Others,COMTECH INSTITUTE OFTECHNOLOGY,3,0
Registrar General India Others,Clairvoyance Technologies Pvt.,1,0
Registrar General India Others,Computer LAB,6,0
Registrar General India Others,Eagle Software India Pvt. Ltd,14,0
Registrar General India Others,Karvy Data Management Services,14,0
Registrar General India Others,Madras Security Printers Ltd,3,0
Registrar General India Others,Mphasis Ltd,1,0
Registrar General India Others,Nielsen  India  Private Limited,1,0
Registrar General India Others,Om Softwares,1,2
Registrar General India Others,STRATEGIC OUTSOURCING SERVICE,1,0
Registrar General India Others,SWISSTECH NPR 57CR PROJECT PVT,17,0
Registrar General India Others,Swathy Smartcards Hi-Tech Pvt,8,0
Registrar General India Others,Vansh Infotech Pvt Ltd,18,0
Registrar General of India ITI,COMTECH INSTITUTE OFTECHNOLOGY,1609,0
Registrar General of India ITI,CSS TECHNERGY LIMITED,74,4
Registrar General of India ITI,CommunitiWorks Welfare Society,141,0
Registrar General of India ITI,Eagle Software India Pvt. Ltd,1741,17
Registrar General of India ITI,Emdee Digitronics Pvt.Ltd.,28736,2920
Registrar General of India ITI,Karvy Data Management Services,1347,0
Registrar General of India ITI,Madras Security Printers Ltd,2,1
Registrar General of India ITI,Mphasis Ltd,146,1
Registrar General of India ITI,Multiwave Innovation,15,1
Registrar General of India ITI,Netlink software Pvt Ltd,308,0
Registrar General of India ITI,Netwing Technologies Pvt Ltd,55,1
Registrar General of India ITI,Nielsen  India  Private Limited,282,1
Registrar General of India ITI,SREEVEN INFOCOM LIMITED,67,5
Registrar General of India ITI,STRATEGIC OUTSOURCING SERVICE,1224,4
Registrar General of India ITI,Satyanarayana Raju Company Pvt ltd,92,0
Registrar General of India ITI,Swathy Smartcards Hi-Tech Pvt,7128,120
Registrar General of India ITI,TechSmart India Pvt Ltd,27,45
Registrar General of India ITI,Urmila Info solution,50,0
Registrar General of India ITI,VIRGO SOFTECH LIMITED,56,1
Registrar General of India ITI,Vedavaag Systems Limited,293,3
Registrar General of India ITI,WEBEL TECHNOLOGY LIMITED,2511,3
STATE BANK OF PATIALA,CSS TECHNERGY LIMITED,65,0
State Bank of Bikaner & Jaipur,Multiwave Innovation,2468,186
State Bank of India,Delhi Integrated MMTS Ltd,95,0
State Bank of India,IL&FS LTD,0,1
State Bank of India,VIRGO SOFTECH LIMITED,9,0
State Bank of Travancore,Tera Software Ltd,148,6
UIDAI-Registrar,UIDAI-EA,40,0
UT Of Daman and Diu,Alankit Assignments Limited,107,9
UT of Puducherry,Madras Security Printers Ltd,126,7
Union Bank,4G IDENTITY SOLUTIONS,3,0
Union Bank,FINANCIAL INFORMATION NETWORK,5780,208
Union Bank,Smart Chip Limited,7320,475
Union Bank,Vakrangee Softwares Limited,19482,1197
