Registrar,Enrolment Agency,Aadhaar generated,Enrolment Rejected
Allahabad Bank,IL&FS LTD,7,0
Allahabad Bank,Tera Software Ltd,1,0
Allahabad Bank,Vakrangee Softwares Limited,9203,355
Bank Of India,A3 Logics  India  Ltd,3239,29
Bank Of India,Akanksha International,572,5
Bank Of India,Blue Circle Instrument,597,0
Bank Of India,CHESSY CONSULTANTS PVT LTD,784,6
Bank Of India,DATASOFT COMPUTER SERVICES(P),806,3
Bank Of India,Emdee Digitronics Pvt.Ltd.,121,0
Bank Of India,Frontech Systems Pvt Ltd,1763,43
Bank Of India,ITI LIMITED,23,2
Bank Of India,MANTRA SOFTTECH (INDIA) PVTLTD,708,6
Bank Of India,Matrix Processing House,5415,46
Bank Of India,OPTIMIX CONSULTANCY PRIVATE LT,16,0
Bank Of India,OSWAL COMPUTERS & CONSULTANTS,5285,28
Bank Of India,PROTEX COMPUTER PVT LTD,4188,14
Bank Of India,SARADA SYSTEMS,1726,3
Bank Of India,SHRIKRISHNA KHANDASARI SUGAR M,8038,54
Bank Of India,SPANCO,3865,40
Bank Of India,SREI INFRASTRUCTURE FINANCES L,4533,29
Bank Of India,Silver Touch Technologies Ltd,3918,56
Bank Of India,Systematic & Advance Const P L,6730,58
Bank Of India,VEETECHNOLOGIES PVT. LTD,1014,8
Bank Of India,Vakrangee Softwares Limited,2435,127
Bank of Baroda,DATASOFT COMPUTER SERVICES(P),130,1
Bank of Baroda,TEAM LIFE CARE COMPANY INDIA P,5147,31
Bank of Maharashtra,Alankit Finsec Ltd,41,0
Bank of Maharashtra,FINANCIAL INFORMATION NETWORK,175,8
Bank of Maharashtra,Micro Technologies India Ltd,1099,4
CSC e-Governance Services India Limited,A I Soc for Electronics and Comp Tech,339,1
CSC e-Governance Services India Limited,AKSH OPTIFIBRE LIMITED,293,0
CSC e-Governance Services India Limited,BASIX,722,0
CSC e-Governance Services India Limited,CALANCE SOFTWARE PRIVATE LTD,1317,0
CSC e-Governance Services India Limited,CMS Computers Ltd,171,0
CSC e-Governance Services India Limited,Intelligent Communication Systems India Limited,61,0
CSC e-Governance Services India Limited,Network for Information & Computer,606,1
CSC e-Governance Services India Limited,Reliance Communication Limited,262,0
CSC e-Governance Services India Limited,SPANCO,107,2
CSC e-Governance Services India Limited,Tera Software Ltd,14,0
CSC e-Governance Services India Limited,United Telecoms e-Services Pvt Ltd,19,0
Central Bank of India,CALANCE SOFTWARE PRIVATE LTD,12347,24
Central Bank of India,Frontech Systems Pvt Ltd,13,0
Central Bank of India,IAP COMPANY Pvt. Ltd,9827,114
Central Bank of India,IL&FS LTD,1,1
Central Bank of India,MANTRA SOFTTECH (INDIA) PVTLTD,279,8
Central Bank of India,SREI INFRASTRUCTURE FINANCES L,10,0
Central Bank of India,The Peerless General Finance,2603,6
DENA BANK,ATISHAY INFOTECH PVT. LTD.,720,1
DENA BANK,Business Information Processing Services,70,0
DENA BANK,DATASOFT COMPUTER SERVICES(P),246,0
DENA BANK,JNET Technologies Pvt.Ltd,190,0
DENA BANK,Multiwave Innovation,559,0
DENA BANK,Netlink software Pvt Ltd,226,0
DENA BANK,Society for Advancement of Environmental Science,87,0
Delhi - Central DC,Smart Chip Limited,314,28
Delhi - East DC,DATASOFT COMPUTER SERVICES(P),820,62
Delhi - ND DC,Smart Chip Limited,78,9
Delhi - NE DC,Smart Chip Limited,964,27
Delhi - North DC,CALANCE SOFTWARE PRIVATE LTD,2460,32
Delhi - North DC,DATASOFT COMPUTER SERVICES(P),1,0
Delhi - North DC,NVR & ASSOCIATES LIMITED,490,23
Delhi - North DC,Smart Chip Limited,278,37
Delhi SW DC,VIRGO SOFTECH LIMITED,116,23
Delhi Urban Shelter Improvemen,STRATEGIC OUTSOURCING SERVICE,4,0
Delhi Urban Shelter Improvemen,Tera Software Ltd,11,0
Delhi- South DC,Karvy Computershare Private Li,347,13
Delhi- South DC,Smart Chip Limited,148,2
Delhi- South DC,eCentric solutions pvt ltd,2,0
Delhi- West DC,Smart Chip Limited,73,7
Delhi- West DC,VIRGO SOFTECH LIMITED,588,56
Delhi-NW DC,Karvy Computershare Private Li,1582,24
Delhi-NW DC,STRATEGIC OUTSOURCING SERVICE,1,0
Department of Information Technology Govt of Jharkhand,Blue Circle Instrument,1227,5
Department of Information Technology Govt of Jharkhand,IL&FS LTD,11,0
Department of Information Technology Govt of Jharkhand,MKS Enterprises,5151,18
Department of Information Technology Govt of Jharkhand,Systematic & Advance Const P L,148,1
Department of Information Technology Govt of Jharkhand,Vayam technologies Ltd,23,0
Dept of ITC Govt of Rajasthan,ATISHAY INFOTECH PVT. LTD.,14968,109
Dept of ITC Govt of Rajasthan,AVVAS INFOTECH PVT  LTD,10424,50
Dept of ITC Govt of Rajasthan,Alankit Finsec Ltd,2988,12
Dept of ITC Govt of Rajasthan,Business Information Processing Services,1034,0
Dept of ITC Govt of Rajasthan,DATASOFT COMPUTER SERVICES(P),16880,46
Dept of ITC Govt of Rajasthan,Gem Computers,667,1
Dept of ITC Govt of Rajasthan,Multiwave Innovation,2546,0
Dept of ITC Govt of Rajasthan,Netlink software Pvt Ltd,612,0
Dept of ITC Govt of Rajasthan,TechSmart India Pvt Ltd,1053,3
Dept of ITC Govt of Rajasthan,Transline Technologies P Ltd,3181,14
Dept of ITC Govt of Rajasthan,Vakrangee Softwares Limited,7467,262
Dept of ITC Govt of Rajasthan,Vayam technologies Ltd,7188,79
FCR Govt of Haryana,Vakrangee Softwares Limited,961,535
FCS Govt of Punjab,Alankit Assignments Limited,112,0
FCS Govt of Punjab,Alankit Finsec Ltd,143,0
FCS Govt of Punjab,Alankit Life Care Ltd,139,0
FCS Govt of Punjab,CSS TECHNERGY LIMITED,5222,16
FCS Govt of Punjab,Delhi Integrated MMTS Ltd,62,1
FCS Govt of Punjab,Diwakar Commercials Pvt Ltd,121,1
FCS Govt of Punjab,Karvy Computershare Private Li,10182,69
FCS Govt of Punjab,Vayam technologies Ltd,5146,18
FCS Govt of Punjab,eCentric solutions pvt ltd,9940,75
Govt of Andhra Pradesh,Gouthami Educational Society,1197,38
Govt of Andhra Pradesh,GrapeSoft,4887,94
Govt of Andhra Pradesh,IL&FS LTD,37,0
Govt of Andhra Pradesh,INFRONICS SYSTEMS LTD,13614,111
Govt of Andhra Pradesh,Madras Security Printers Ltd,8,1
Govt of Andhra Pradesh,SREEVEN INFOCOM LIMITED,7121,44
Govt of Andhra Pradesh,TechSmart India Pvt Ltd,13993,69
Govt of Andhra Pradesh,Tera Software Ltd,11968,36
Govt of Andhra Pradesh,eCentric solutions pvt ltd,3,0
Govt of Goa,MARS Telecom Systems Pvt Ltd,658,4
Govt of Goa,Tera Software Ltd,34,0
Govt of Gujarat,GSS Infotech Ltd,6068,20
Govt of Gujarat,Karvy Computershare Private Li,5110,1
Govt of Gujarat,Silver Touch Technologies Ltd,22149,28
Govt of Gujarat,Tera Software Ltd,11735,11
Govt of Gujarat,Transline Technologies P Ltd,907,2
Govt of Gujarat,Vayam technologies Ltd,1095,40
Govt of Gujarat,eCentric solutions pvt ltd,2221,5
Govt of Himachal Pradesh,IL&FS LTD,22,0
Govt of Himachal Pradesh,Wipro Ltd,1787,38
Govt of Himachal Pradesh,i-Grandee SoftwareTechnologies,11703,26
Govt of Karnataka ,COMAT TECHNOLOGIES P LTD,15,0
Govt of Karnataka ,GLODYNE TECHNOSERVE,16,0
Govt of Karnataka ,MARS Telecom Systems Pvt Ltd,9629,55
Govt of Karnataka ,Ninestars Information Technologies Ltd,11129,56
Govt of Karnataka ,Origin ITFS Pvt Ltd,14104,70
Govt of Karnataka ,SREEVEN INFOCOM LIMITED,2339,18
Govt of Karnataka ,Tera Software Ltd,2,0
Govt of Kerala,Akshaya,7486,123
Govt of Kerala,Keltron,1307,11
Govt of Madhya Pradesh,VIRGO SOFTECH LIMITED,3,7
Govt of Maharashtra,Alankit Assignments Limited,0,1
Govt of Maharashtra,Alankit Finsec Ltd,8179,176
Govt of Maharashtra,COMAT TECHNOLOGIES P LTD,5,0
Govt of Maharashtra,Eagle press pvt ltd,494,24
Govt of Maharashtra,GLODYNE TECHNOSERVE,51,0
Govt of Maharashtra,Karvy Computershare Private Li,10859,40
Govt of Maharashtra,M/S King Computer System pvt Ltd,1,0
Govt of Maharashtra,M/s. Vidya Online  Pune,625,0
Govt of Maharashtra,Mahaonline Limited,2,2
Govt of Maharashtra,Narayana Electricals Solution Pvt Ltd,929,1
Govt of Maharashtra,Netlink software Pvt Ltd,3299,29
Govt of Maharashtra,Network for Information & Computer,71,0
Govt of Maharashtra,Obel projects Pvt Ltd,102,25
Govt of Maharashtra,Rudranee Infotech Ltd,1760,30
Govt of Maharashtra,SHREERAM PRINTING PRESS,2248,4
Govt of Maharashtra,SPANCO,837,0
Govt of Maharashtra,STRATEGIC OUTSOURCING SERVICE,2226,35
Govt of Maharashtra,Silver Touch Technologies Ltd,2235,29
Govt of Maharashtra,Systematic & Advance Const P L,109,1
Govt of Maharashtra,TEAM LIFE CARE COMPANY INDIA P,94,2
Govt of Maharashtra,TechSmart India Pvt Ltd,3742,43
Govt of Maharashtra,Tera Software Ltd,90,2
Govt of Maharashtra,Transline Technologies P Ltd,1011,50
Govt of Maharashtra,Wipro Ltd,3417,57
Govt of Sikkim - Dept of Econo,Department of Economics Statistics  Monitoring and Evaluation DESME,572,0
IDBI Bank ltd,ATISHAY INFOTECH PVT. LTD.,1872,12
IDBI Bank ltd,Matrix Processing House,279,10
IDBI Bank ltd,Pioneer E Labs limited,6,0
IDBI Bank ltd,SREEVEN INFOCOM LIMITED,8422,15
IDBI Bank ltd,UTI TECHNOLOGY SERVICES LIMITE,1339,5
Indiapost,4G IDENTITY SOLUTIONS,25,0
Indiapost,Delhi Integrated MMTS Ltd,17239,57
Indiapost,GLODYNE TECHNOSERVE,32,0
Indiapost,GSS Infotech Ltd,0,1
Indiapost,M/S STAR DATA CENTRE,23,0
Indiapost,MARS Telecom Systems Pvt Ltd,1894,11
Indiapost,Smart Chip Limited,997,11
Indiapost,TEAM LIFE CARE COMPANY INDIA P,3630,71
Indiapost,The NSIC ltd,1,0
Indiapost,Vayam technologies Ltd,32,0
Indiapost,WEBEL,117,2
Information Technology & Communication Department,4G INFORMATICS,3872,142
Information Technology & Communication Department,BNR UDYOG LIMITED,2742,18
Information Technology & Communication Department,Bloom Solutions Pvt Ltd,3739,82
Information Technology & Communication Department,CSS TECHNERGY LIMITED,2713,2
Information Technology & Communication Department,GDC Advertising Pvt. Limited,6028,73
Information Technology & Communication Department,JYOTHI COMPUTER SERVICES,3957,84
Information Technology & Communication Department,Karvy Data Management Services,467,1
Information Technology & Communication Department,MARS Telecom Systems Pvt Ltd,1535,86
Information Technology & Communication Department,SREEVEN INFOCOM LIMITED,21783,69
Information Technology & Communication Department,Tera Software Ltd,7961,19
Jharkhand,Alankit Assignments Limited,165,1
Jharkhand,Blue Circle Instrument,488,0
Jharkhand,Emdee Digitronics Pvt.Ltd.,984,13
Jharkhand,MKS Enterprises,2699,8
Jharkhand,Nevaeh Technology Pvt. Ltd.,1863,4
Jharkhand,STRATEGIC OUTSOURCING SERVICE,202,15
Jharkhand,Systematic & Advance Const P L,1028,10
Jharkhand,VISION COMPTECH INTEGRATOR LTD,1719,11
Jharkhand,Wipro Ltd,5813,243
Life Insurance Corporation,DATASOFT COMPUTER SERVICES(P),4,0
Mission Convergence - GNCT Del,Karvy Computershare Private Li,878,10
Mission Convergence - GNCT Del,NVR & ASSOCIATES LIMITED,412,1
Mission Convergence - GNCT Del,STRATEGIC OUTSOURCING SERVICE,1,0
Mission Convergence - GNCT Del,Tera Software Ltd,1,0
NSDL e-Governance Infrastructure Limited,Abhipra Capital Ltd,1274,18
NSDL e-Governance Infrastructure Limited,Alankit Assignments Limited,11671,133
NSDL e-Governance Infrastructure Limited,Delhi Integrated MMTS Ltd,1394,28
NSDL e-Governance Infrastructure Limited,INTEGRATED REGISTRY SERVICES LTD,17,0
NSDL e-Governance Infrastructure Limited,Karvy Data Management Services,20082,247
NSDL e-Governance Infrastructure Limited,Netlink software Pvt Ltd,3871,52
NSDL e-Governance Infrastructure Limited,PROWIZ MANSYTEMS PVT LTD,7047,31
NSDL e-Governance Infrastructure Limited,TEAM LIFE CARE COMPANY INDIA P,1020,2
NSDL e-Governance Infrastructure Limited,VIRGO SOFTECH LIMITED,3919,15
Oriental Bank of Commerce,DATASOFT COMPUTER SERVICES(P),1346,3
Oriental Bank of Commerce,Euro Finmart Ltd,1066,0
Oriental Bank of Commerce,FINANCIAL INFORMATION NETWORK,449,0
Oriental Bank of Commerce,IL&FS LTD,17,0
Oriental Bank of Commerce,JNET Technologies Pvt.Ltd,1381,4
Oriental Bank of Commerce,Redim Software Technologies Pvt Ltd,414,3
Oriental Bank of Commerce,Sri Ramraja Sarkar Lok Kalyan Trust,5066,32
Oriental Bank of Commerce,Wipro Ltd,3804,28
Others,Others,0,8
Punjab and Sind Bank,Matrix Processing House,1,0
RDD Govt of Tripura,Alankit Assignments Limited,32,0
Registrar General India - BEL,Manipur Electronics Dev Corp,101,0
Registrar General India - BEL,Swathy Smartcards Hi-Tech Pvt,114,29
Registrar General India BEL2,Alankit Assignments Limited,831,89
Registrar General India BEL2,Computer LAB,5006,21
Registrar General India BEL2,Emdee Digitronics Pvt.Ltd.,64,13
Registrar General India BEL2,In Media Computer Services LLP,21,0
Registrar General India BEL2,India Computer Technology,26126,379
Registrar General India BEL2,MACRO INFOTECH PVT LTD,10879,0
Registrar General India BEL2,MKS Enterprises,420,14
Registrar General India BEL2,Madras Security Printers Ltd,60683,96
Registrar General India BEL2,Multiwave Innovation,3743,314
Registrar General India BEL2,Netlink software Pvt Ltd,739,46
Registrar General India BEL2,Nevaeh Technology Pvt. Ltd.,9,0
Registrar General India BEL2,Nielsen  India  Private Limited,937,0
Registrar General India BEL2,Om Softwares,854,185
Registrar General India BEL2,SREEVEN INFOCOM LIMITED,65,0
Registrar General India BEL2,STRATEGIC OUTSOURCING SERVICE,924,20
Registrar General India BEL2,Satyanarayana Raju Company Pvt ltd,178,0
Registrar General India BEL2,Swathy Smartcards Hi-Tech Pvt,44430,1066
Registrar General India BEL2,Swiss Tech India Pvt Ltd,7703,166
Registrar General India BEL2,Tera Software Ltd,5309,3130
Registrar General India BEL2,UNITED DATA SERVICES PRIVATE LIMITED,1668,0
Registrar General India BEL2,VIRGO SOFTECH LIMITED,0,3
Registrar General India BEL2,Vansh Infotech Pvt Ltd,2131,0
Registrar General India BEL2,Vedavaag Systems Limited,748,7
Registrar General India ECIL,AVVAS INFOTECH PVT  LTD,665,22
Registrar General India ECIL,BUSINESS INFORMATION PROCESSING SERVICES,138,0
Registrar General India ECIL,COMTECH INSTITUTE OFTECHNOLOGY,1514,0
Registrar General India ECIL,COMTECHINFO SOLUTIONS PVT.LTD,400,0
Registrar General India ECIL,Chinar Construction Company Prime agency,212,0
Registrar General India ECIL,Clairvoyance Technologies Pvt.,243,15
Registrar General India ECIL,Computer LAB,31306,988
Registrar General India ECIL,Eagle Software India Pvt. Ltd,9729,60
Registrar General India ECIL,In Media Computer Services LLP,1679,3
Registrar General India ECIL,India Computer Technology,13145,1081
Registrar General India ECIL,Karvy Data Management Services,3552,12
Registrar General India ECIL,Krishna Infotech,5261,270
Registrar General India ECIL,Madras Security Printers Ltd,8901,404
Registrar General India ECIL,Mphasis Ltd,1059,0
Registrar General India ECIL,Netwing Technologies Pvt Ltd,1519,0
Registrar General India ECIL,Nielsen  India  Private Limited,600,0
Registrar General India ECIL,Pioneer E Labs limited,1119,0
Registrar General India ECIL,SARADA SYSTEMS,242,0
Registrar General India ECIL,SWISSTECH NPR 57CR PROJECT PVT,12919,1297
Registrar General India ECIL,Tera Software Ltd,16908,134
Registrar General India ECIL,Vedavaag Systems Limited,9773,442
Registrar General India Others,AVVAS INFOTECH PVT  LTD,2,0
Registrar General India Others,Alankit Assignments Limited,2,0
Registrar General India Others,COMTECH INSTITUTE OFTECHNOLOGY,15,0
Registrar General India Others,CSS TECHNERGY LIMITED,1,0
Registrar General India Others,Chinar Construction Company Prime agency,2,0
Registrar General India Others,Computer LAB,2,2
Registrar General India Others,Eagle Software India Pvt. Ltd,2,0
Registrar General India Others,Karvy Data Management Services,10,0
Registrar General India Others,Madras Security Printers Ltd,2,0
Registrar General India Others,Mphasis Ltd,4,1
Registrar General India Others,Multiwave Innovation,3,0
Registrar General India Others,Nielsen  India  Private Limited,0,1
Registrar General India Others,Om Softwares,0,1
Registrar General India Others,SARADA SYSTEMS,1,0
Registrar General India Others,STRATEGIC OUTSOURCING SERVICE,1,0
Registrar General India Others,SWISSTECH NPR 57CR PROJECT PVT,12,0
Registrar General India Others,Swathy Smartcards Hi-Tech Pvt,35,16
Registrar General India Others,Vedavaag Systems Limited,1,0
Registrar General of India ITI,COMTECH INSTITUTE OFTECHNOLOGY,40,10
Registrar General of India ITI,CSS TECHNERGY LIMITED,278,0
Registrar General of India ITI,CommunitiWorks Welfare Society,350,1
Registrar General of India ITI,Eagle Software India Pvt. Ltd,1406,20
Registrar General of India ITI,Emdee Digitronics Pvt.Ltd.,18105,662
Registrar General of India ITI,Karvy Data Management Services,689,0
Registrar General of India ITI,Madras Security Printers Ltd,26,0
Registrar General of India ITI,Mphasis Ltd,353,0
Registrar General of India ITI,Multiwave Innovation,1,7120
Registrar General of India ITI,Netlink software Pvt Ltd,69,0
Registrar General of India ITI,Netwing Technologies Pvt Ltd,43,45
Registrar General of India ITI,Nielsen  India  Private Limited,414,22
Registrar General of India ITI,SREEVEN INFOCOM LIMITED,256,260
Registrar General of India ITI,STRATEGIC OUTSOURCING SERVICE,2183,8
Registrar General of India ITI,Satyanarayana Raju Company Pvt ltd,76,0
Registrar General of India ITI,Swathy Smartcards Hi-Tech Pvt,9390,22760
Registrar General of India ITI,TechSmart India Pvt Ltd,454,252
Registrar General of India ITI,Urmila Info solution,49,0
Registrar General of India ITI,VIRGO SOFTECH LIMITED,1191,0
Registrar General of India ITI,Vedavaag Systems Limited,134,0
Registrar General of India ITI,WEBEL TECHNOLOGY LIMITED,5467,107
STATE BANK OF PATIALA,CSS TECHNERGY LIMITED,4,0
State Bank of Bikaner & Jaipur,Multiwave Innovation,4141,42
State Bank of India,4G IDENTITY SOLUTIONS,1,4
State Bank of India,COMAT TECHNOLOGIES P LTD,3,0
State Bank of India,IL&FS LTD,24,0
State Bank of Travancore,Tera Software Ltd,104,1
UIDAI-Registrar,UIDAI-EA,32,1
UT Of Daman and Diu,Alankit Assignments Limited,303,9
UT of Puducherry,Madras Security Printers Ltd,226,33
Union Bank,FINANCIAL INFORMATION NETWORK,9727,155
Union Bank,Smart Chip Limited,18042,205
Union Bank,Vakrangee Softwares Limited,25721,269
