Registrar,Enrolment Agency,Aadhaar generated,Enrolment Rejected
Allahabad Bank,Tera Software Ltd,1,0
Allahabad Bank,Vakrangee Softwares Limited,17932,91
Bank Of India,A3 Logics  India  Ltd,3009,83
Bank Of India,Akanksha International,1031,21
Bank Of India,Blue Circle Instrument,351,1
Bank Of India,CHESSY CONSULTANTS PVT LTD,1370,23
Bank Of India,DATASOFT COMPUTER SERVICES(P),468,31
Bank Of India,Emdee Digitronics Pvt.Ltd.,218,8
Bank Of India,Frontech Systems Pvt Ltd,800,16
Bank Of India,ITI LIMITED,251,4
Bank Of India,MANTRA SOFTTECH (INDIA) PVTLTD,651,11
Bank Of India,Matrix Processing House,4773,155
Bank Of India,OPTIMIX CONSULTANCY PRIVATE LT,14,0
Bank Of India,OSWAL COMPUTERS & CONSULTANTS,3774,868
Bank Of India,PROTEX COMPUTER PVT LTD,1339,43
Bank Of India,SARADA SYSTEMS,1280,25
Bank Of India,SHRIKRISHNA KHANDASARI SUGAR M,2305,10
Bank Of India,SPANCO,2970,32
Bank Of India,SREI INFRASTRUCTURE FINANCES L,1982,86
Bank Of India,Silver Touch Technologies Ltd,1656,22
Bank Of India,Systematic & Advance Const P L,6878,305
Bank Of India,VEETECHNOLOGIES PVT. LTD,1491,2
Bank Of India,Vakrangee Softwares Limited,3882,269
Bank of Baroda,TEAM LIFE CARE COMPANY INDIA P,1872,10
Bank of Maharashtra,Alankit Finsec Ltd,68,16
Bank of Maharashtra,FINANCIAL INFORMATION NETWORK,667,0
Bank of Maharashtra,Micro Technologies India Ltd,306,0
CSC e-Governance Services India Limited,A I Soc for Electronics and Comp Tech,3076,127
CSC e-Governance Services India Limited,AKSH OPTIFIBRE LIMITED,119,1
CSC e-Governance Services India Limited,BASIX,76,0
CSC e-Governance Services India Limited,CALANCE SOFTWARE PRIVATE LTD,438,9
CSC e-Governance Services India Limited,CMS Computers Ltd,30,2
CSC e-Governance Services India Limited,Intelligent Communication Systems India Limited,42,1
CSC e-Governance Services India Limited,Network for Information & Computer,235,9
CSC e-Governance Services India Limited,Reliance Communication Limited,398,35
CSC e-Governance Services India Limited,SPANCO,133,0
CSC e-Governance Services India Limited,United Telecoms e-Services Pvt Ltd,4,0
Central Bank of India,CALANCE SOFTWARE PRIVATE LTD,3030,33
Central Bank of India,Frontech Systems Pvt Ltd,23,0
Central Bank of India,IAP COMPANY Pvt. Ltd,8426,220
Central Bank of India,MANTRA SOFTTECH (INDIA) PVTLTD,763,54
Central Bank of India,SREI INFRASTRUCTURE FINANCES L,2,0
Central Bank of India,The Peerless General Finance,1374,16
DENA BANK,ATISHAY INFOTECH PVT. LTD.,179,2
DENA BANK,Business Information Processing Services,209,1
DENA BANK,DATASOFT COMPUTER SERVICES(P),299,4
DENA BANK,Multiwave Innovation,169,9
DENA BANK,Netlink software Pvt Ltd,120,4
DENA BANK,Society for Advancement of Environmental Science,43,5
Delhi - Central DC,Smart Chip Limited,316,11
Delhi - East DC,DATASOFT COMPUTER SERVICES(P),440,49
Delhi - ND DC,Smart Chip Limited,91,3
Delhi - NE DC,Smart Chip Limited,463,28
Delhi - North DC,CALANCE SOFTWARE PRIVATE LTD,723,138
Delhi - North DC,NVR & ASSOCIATES LIMITED,684,73
Delhi - North DC,Smart Chip Limited,252,1
Delhi SW DC,VIRGO SOFTECH LIMITED,192,4
Delhi Urban Shelter Improvemen,Matrix Processing House,6,0
Delhi Urban Shelter Improvemen,Tera Software Ltd,3,0
Delhi- South DC,Karvy Computershare Private Li,203,2
Delhi- South DC,Smart Chip Limited,56,0
Delhi- South DC,eCentric solutions pvt ltd,5,0
Delhi- West DC,Matrix Processing House,2,0
Delhi- West DC,Smart Chip Limited,49,0
Delhi- West DC,VIRGO SOFTECH LIMITED,486,12
Delhi-NW DC,Karvy Computershare Private Li,140,1
Department of Information Technology Govt of Jharkhand,Blue Circle Instrument,1055,18
Department of Information Technology Govt of Jharkhand,MKS Enterprises,1264,28
Department of Information Technology Govt of Jharkhand,Systematic & Advance Const P L,1173,175
Department of Information Technology Govt of Jharkhand,Vayam technologies Ltd,101,9
Dept of ITC Govt of Rajasthan,ATISHAY INFOTECH PVT. LTD.,6447,349
Dept of ITC Govt of Rajasthan,AVVAS INFOTECH PVT  LTD,2648,43
Dept of ITC Govt of Rajasthan,Alankit Finsec Ltd,2248,49
Dept of ITC Govt of Rajasthan,Business Information Processing Services,209,11
Dept of ITC Govt of Rajasthan,DATASOFT COMPUTER SERVICES(P),6955,115
Dept of ITC Govt of Rajasthan,Gem Computers,137,0
Dept of ITC Govt of Rajasthan,Multiwave Innovation,542,2
Dept of ITC Govt of Rajasthan,Netlink software Pvt Ltd,164,1
Dept of ITC Govt of Rajasthan,TechSmart India Pvt Ltd,580,19
Dept of ITC Govt of Rajasthan,Transline Technologies P Ltd,2553,43
Dept of ITC Govt of Rajasthan,Vakrangee Softwares Limited,6726,715
Dept of ITC Govt of Rajasthan,Vayam technologies Ltd,4099,175
FCR Govt of Haryana,Vakrangee Softwares Limited,339,2
FCS Govt of Punjab,CSS TECHNERGY LIMITED,886,7
FCS Govt of Punjab,Delhi Integrated MMTS Ltd,64,0
FCS Govt of Punjab,Diwakar Commercials Pvt Ltd,4,0
FCS Govt of Punjab,Karvy Computershare Private Li,2898,130
FCS Govt of Punjab,Vayam technologies Ltd,4217,113
FCS Govt of Punjab,eCentric solutions pvt ltd,5223,60
Govt of Andhra Pradesh,Gouthami Educational Society,244,2
Govt of Andhra Pradesh,GrapeSoft,669,1
Govt of Andhra Pradesh,IL&FS LTD,78,0
Govt of Andhra Pradesh,INFRONICS SYSTEMS LTD,3383,10
Govt of Andhra Pradesh,Madras Security Printers Ltd,1,0
Govt of Andhra Pradesh,SREEVEN INFOCOM LIMITED,1012,1
Govt of Andhra Pradesh,TechSmart India Pvt Ltd,4058,48
Govt of Andhra Pradesh,Tera Software Ltd,3196,14
Govt of Andhra Pradesh,eCentric solutions pvt ltd,18,13
Govt of Goa,MARS Telecom Systems Pvt Ltd,175,0
Govt of Goa,Tera Software Ltd,4,0
Govt of Gujarat,GSS Infotech Ltd,2149,8
Govt of Gujarat,Karvy Computershare Private Li,4360,53
Govt of Gujarat,Silver Touch Technologies Ltd,9125,297
Govt of Gujarat,Tera Software Ltd,3946,205
Govt of Gujarat,Transline Technologies P Ltd,768,44
Govt of Gujarat,Vayam technologies Ltd,2560,45
Govt of Gujarat,eCentric solutions pvt ltd,1695,12
Govt of Himachal Pradesh,Wipro Ltd,1840,54
Govt of Himachal Pradesh,i-Grandee SoftwareTechnologies,1069,4
Govt of Karnataka ,GLODYNE TECHNOSERVE,1,0
Govt of Karnataka ,MARS Telecom Systems Pvt Ltd,5803,41
Govt of Karnataka ,Ninestars Information Technologies Ltd,3551,97
Govt of Karnataka ,Origin ITFS Pvt Ltd,7072,176
Govt of Karnataka ,SREEVEN INFOCOM LIMITED,3614,31
Govt of Karnataka ,Wipro Ltd,2,0
Govt of Kerala,Akshaya,7529,48
Govt of Kerala,Keltron,2193,5
Govt of Madhya Pradesh,VIRGO SOFTECH LIMITED,21,0
Govt of Maharashtra,Alankit Finsec Ltd,5615,94
Govt of Maharashtra,Eagle press pvt ltd,487,1
Govt of Maharashtra,GLODYNE TECHNOSERVE,41,2
Govt of Maharashtra,Karvy Computershare Private Li,4691,52
Govt of Maharashtra,M/s. Vidya Online  Pune,61,0
Govt of Maharashtra,Mahaonline Limited,15,9
Govt of Maharashtra,Narayana Electricals Solution Pvt Ltd,415,1
Govt of Maharashtra,Netlink software Pvt Ltd,2408,24
Govt of Maharashtra,Network for Information & Computer,16,1
Govt of Maharashtra,Obel projects Pvt Ltd,76,0
Govt of Maharashtra,Rudranee Infotech Ltd,341,0
Govt of Maharashtra,SHREERAM PRINTING PRESS,279,1
Govt of Maharashtra,SPANCO,502,3
Govt of Maharashtra,STRATEGIC OUTSOURCING SERVICE,2703,22
Govt of Maharashtra,Silver Touch Technologies Ltd,1897,12
Govt of Maharashtra,Systematic & Advance Const P L,367,0
Govt of Maharashtra,TEAM LIFE CARE COMPANY INDIA P,247,0
Govt of Maharashtra,TechSmart India Pvt Ltd,1754,69
Govt of Maharashtra,Tera Software Ltd,32,0
Govt of Maharashtra,Transline Technologies P Ltd,659,3
Govt of Maharashtra,Wipro Ltd,5053,54
Govt of Sikkim - Dept of Econo,Department of Economics Statistics  Monitoring and Evaluation DESME,278,1
IDBI Bank ltd,ATISHAY INFOTECH PVT. LTD.,964,76
IDBI Bank ltd,Matrix Processing House,260,1
IDBI Bank ltd,Pioneer E Labs limited,6,0
IDBI Bank ltd,SREEVEN INFOCOM LIMITED,1248,3
IDBI Bank ltd,UTI TECHNOLOGY SERVICES LIMITE,1398,17
Indiapost,Delhi Integrated MMTS Ltd,6562,65
Indiapost,GLODYNE TECHNOSERVE,28,0
Indiapost,M/S STAR DATA CENTRE,16,2
Indiapost,MARS Telecom Systems Pvt Ltd,547,2
Indiapost,Madras Security Printers Ltd,4,0
Indiapost,Smart Chip Limited,253,9
Indiapost,TEAM LIFE CARE COMPANY INDIA P,5299,41
Indiapost,The NSIC ltd,1,0
Indiapost,Vayam technologies Ltd,85,1
Indiapost,WEBEL,47,3
Indiapost,eCentric solutions pvt ltd,1,0
Information Technology & Communication Department,4G INFORMATICS,13454,75
Information Technology & Communication Department,BNR UDYOG LIMITED,3896,42
Information Technology & Communication Department,Bloom Solutions Pvt Ltd,9947,38
Information Technology & Communication Department,CSS TECHNERGY LIMITED,1016,12
Information Technology & Communication Department,GDC Advertising Pvt. Limited,1179,0
Information Technology & Communication Department,JYOTHI COMPUTER SERVICES,3316,32
Information Technology & Communication Department,Karvy Data Management Services,270,0
Information Technology & Communication Department,MARS Telecom Systems Pvt Ltd,1601,17
Information Technology & Communication Department,SREEVEN INFOCOM LIMITED,3200,12
Information Technology & Communication Department,Tera Software Ltd,875,5
Jharkhand,Alankit Assignments Limited,209,1
Jharkhand,Blue Circle Instrument,124,2
Jharkhand,Emdee Digitronics Pvt.Ltd.,371,44
Jharkhand,IL&FS LTD,1,0
Jharkhand,MKS Enterprises,601,27
Jharkhand,Nevaeh Technology Pvt. Ltd.,764,23
Jharkhand,STRATEGIC OUTSOURCING SERVICE,171,0
Jharkhand,Systematic & Advance Const P L,1051,17
Jharkhand,VISION COMPTECH INTEGRATOR LTD,922,34
Jharkhand,Wipro Ltd,5501,279
Life Insurance Corporation,eCentric solutions pvt ltd,1,0
Mission Convergence - GNCT Del,Karvy Computershare Private Li,195,0
Mission Convergence - GNCT Del,NVR & ASSOCIATES LIMITED,125,6
Mission Convergence - GNCT Del,eCentric solutions pvt ltd,2,0
NSDL e-Governance Infrastructure Limited,Abhipra Capital Ltd,2107,14
NSDL e-Governance Infrastructure Limited,Alankit Assignments Limited,3359,62
NSDL e-Governance Infrastructure Limited,Delhi Integrated MMTS Ltd,967,55
NSDL e-Governance Infrastructure Limited,INTEGRATED REGISTRY SERVICES LTD,32,0
NSDL e-Governance Infrastructure Limited,Karvy Data Management Services,16535,215
NSDL e-Governance Infrastructure Limited,Netlink software Pvt Ltd,3145,293
NSDL e-Governance Infrastructure Limited,PROWIZ MANSYTEMS PVT LTD,3045,77
NSDL e-Governance Infrastructure Limited,TEAM LIFE CARE COMPANY INDIA P,512,5
NSDL e-Governance Infrastructure Limited,VIRGO SOFTECH LIMITED,2884,26
Oriental Bank of Commerce,DATASOFT COMPUTER SERVICES(P),713,11
Oriental Bank of Commerce,Euro Finmart Ltd,268,0
Oriental Bank of Commerce,FINANCIAL INFORMATION NETWORK,37,0
Oriental Bank of Commerce,JNET Technologies Pvt.Ltd,398,21
Oriental Bank of Commerce,Redim Software Technologies Pvt Ltd,348,2
Oriental Bank of Commerce,Sri Ramraja Sarkar Lok Kalyan Trust,1848,12
Oriental Bank of Commerce,Wipro Ltd,3085,100
Punjab and Sind Bank,Matrix Processing House,29,0
Registrar General India - BEL,In Media Computer Services LLP,6,0
Registrar General India - BEL,Swathy Smartcards Hi-Tech Pvt,180,0
Registrar General India BEL2,Alankit Assignments Limited,376,0
Registrar General India BEL2,Computer LAB,3893,7
Registrar General India BEL2,Emdee Digitronics Pvt.Ltd.,32,0
Registrar General India BEL2,In Media Computer Services LLP,2,0
Registrar General India BEL2,India Computer Technology,7923,139
Registrar General India BEL2,MACRO INFOTECH PVT LTD,225,0
Registrar General India BEL2,MKS Enterprises,3,0
Registrar General India BEL2,Madras Security Printers Ltd,7651,470
Registrar General India BEL2,Multiwave Innovation,687,146
Registrar General India BEL2,Netlink software Pvt Ltd,482,0
Registrar General India BEL2,Nevaeh Technology Pvt. Ltd.,3,0
Registrar General India BEL2,Nielsen  India  Private Limited,153,0
Registrar General India BEL2,Om Softwares,2029,39
Registrar General India BEL2,SREEVEN INFOCOM LIMITED,362,29
Registrar General India BEL2,STRATEGIC OUTSOURCING SERVICE,282,23
Registrar General India BEL2,Satyanarayana Raju Company Pvt ltd,853,0
Registrar General India BEL2,Swathy Smartcards Hi-Tech Pvt,69820,121
Registrar General India BEL2,Swiss Tech India Pvt Ltd,5806,9
Registrar General India BEL2,Tera Software Ltd,5508,527
Registrar General India BEL2,UNITED DATA SERVICES PRIVATE LIMITED,736,0
Registrar General India BEL2,Vansh Infotech Pvt Ltd,2710,0
Registrar General India BEL2,Vedavaag Systems Limited,147,2
Registrar General India ECIL,AVVAS INFOTECH PVT  LTD,528,3
Registrar General India ECIL,BUSINESS INFORMATION PROCESSING SERVICES,210,0
Registrar General India ECIL,COMTECH INSTITUTE OFTECHNOLOGY,786,0
Registrar General India ECIL,COMTECHINFO SOLUTIONS PVT.LTD,209,1
Registrar General India ECIL,Chinar Construction Company Prime agency,28,0
Registrar General India ECIL,Clairvoyance Technologies Pvt.,503,1
Registrar General India ECIL,Computer LAB,10590,1366
Registrar General India ECIL,Eagle Software India Pvt. Ltd,1918,157
Registrar General India ECIL,In Media Computer Services LLP,29,7
Registrar General India ECIL,India Computer Technology,1180,208
Registrar General India ECIL,Karvy Data Management Services,1113,0
Registrar General India ECIL,Krishna Infotech,222,17
Registrar General India ECIL,Madras Security Printers Ltd,1449,2540
Registrar General India ECIL,Mphasis Ltd,156,7
Registrar General India ECIL,Netwing Technologies Pvt Ltd,155,0
Registrar General India ECIL,Nielsen  India  Private Limited,53,0
Registrar General India ECIL,Pioneer E Labs limited,10,0
Registrar General India ECIL,SWISSTECH NPR 57CR PROJECT PVT,5863,56
Registrar General India ECIL,Tera Software Ltd,2116,1372
Registrar General India ECIL,Vedavaag Systems Limited,2902,72
Registrar General India Others,COMTECH INSTITUTE OFTECHNOLOGY,3,0
Registrar General India Others,COMTECHINFO SOLUTIONS PVT.LTD,2,0
Registrar General India Others,CSS TECHNERGY LIMITED,1,0
Registrar General India Others,Karvy Data Management Services,5,0
Registrar General India Others,Mphasis Ltd,2,0
Registrar General India Others,Om Softwares,1,0
Registrar General India Others,STRATEGIC OUTSOURCING SERVICE,1,0
Registrar General India Others,Swathy Smartcards Hi-Tech Pvt,43,3
Registrar General India Others,Tera Software Ltd,7,0
Registrar General India Others,Vedavaag Systems Limited,5,0
Registrar General of India ITI,COMTECH INSTITUTE OFTECHNOLOGY,30,0
Registrar General of India ITI,CSS TECHNERGY LIMITED,154,1
Registrar General of India ITI,CommunitiWorks Welfare Society,67,0
Registrar General of India ITI,Eagle Software India Pvt. Ltd,995,4
Registrar General of India ITI,Emdee Digitronics Pvt.Ltd.,19992,1125
Registrar General of India ITI,Karvy Data Management Services,100,1
Registrar General of India ITI,Madras Security Printers Ltd,5,0
Registrar General of India ITI,Mphasis Ltd,13,0
Registrar General of India ITI,Netlink software Pvt Ltd,46,0
Registrar General of India ITI,Netwing Technologies Pvt Ltd,25,0
Registrar General of India ITI,Nielsen  India  Private Limited,303,1
Registrar General of India ITI,SREEVEN INFOCOM LIMITED,337,4
Registrar General of India ITI,STRATEGIC OUTSOURCING SERVICE,777,4
Registrar General of India ITI,Satyanarayana Raju Company Pvt ltd,5,1
Registrar General of India ITI,Swathy Smartcards Hi-Tech Pvt,19257,154
Registrar General of India ITI,TechSmart India Pvt Ltd,366,5
Registrar General of India ITI,Urmila Info solution,11,0
Registrar General of India ITI,VIRGO SOFTECH LIMITED,109,0
Registrar General of India ITI,Vedavaag Systems Limited,232,11
Registrar General of India ITI,WEBEL TECHNOLOGY LIMITED,8579,92
STATE BANK OF PATIALA,CSS TECHNERGY LIMITED,5,0
State Bank of Bikaner & Jaipur,Multiwave Innovation,4101,156
State Bank of India,Delhi Integrated MMTS Ltd,1,0
State Bank of Travancore,Tera Software Ltd,78,1
UIDAI-Registrar,UIDAI-EA,54,1
UT Of Daman and Diu,Alankit Assignments Limited,91,1
UT of Puducherry,Madras Security Printers Ltd,267,3
Union Bank,FINANCIAL INFORMATION NETWORK,8027,201
Union Bank,Smart Chip Limited,7440,360
Union Bank,Vakrangee Softwares Limited,21133,1707
