Registrar,Enrolment Agency,Aadhaar generated,Enrolment Rejected
Allahabad Bank,Vakrangee Softwares Limited,1244,7
Bank Of India,A3 Logics  India  Ltd,3600,50
Bank Of India,Akanksha International,127,3
Bank Of India,Blue Circle Instrument,544,32
Bank Of India,CHESSY CONSULTANTS PVT LTD,1478,11
Bank Of India,DATASOFT COMPUTER SERVICES(P),693,9
Bank Of India,Emdee Digitronics Pvt.Ltd.,298,3
Bank Of India,Frontech Systems Pvt Ltd,1652,18
Bank Of India,ITI LIMITED,62,2
Bank Of India,MANTRA SOFTTECH (INDIA) PVTLTD,744,17
Bank Of India,Matrix Processing House,5930,53
Bank Of India,OPTIMIX CONSULTANCY PRIVATE LT,1,0
Bank Of India,OSWAL COMPUTERS & CONSULTANTS,1608,245
Bank Of India,PROTEX COMPUTER PVT LTD,1071,54
Bank Of India,SARADA SYSTEMS,620,7
Bank Of India,SHRIKRISHNA KHANDASARI SUGAR M,12903,32
Bank Of India,SPANCO,2154,70
Bank Of India,SREI INFRASTRUCTURE FINANCES L,2693,35
Bank Of India,Silver Touch Technologies Ltd,5212,69
Bank Of India,Systematic & Advance Const P L,2525,77
Bank Of India,VEETECHNOLOGIES PVT. LTD,4023,17
Bank Of India,Vakrangee Softwares Limited,980,20
Bank of Baroda,TEAM LIFE CARE COMPANY INDIA P,2969,38
Bank of Maharashtra,Alankit Finsec Ltd,18,0
Bank of Maharashtra,FINANCIAL INFORMATION NETWORK,263,1
Bank of Maharashtra,Micro Technologies India Ltd,1021,84
Bank of Maharashtra,Tera Software Ltd,13,1
CSC e-Governance Services India Limited,A I Soc for Electronics and Comp Tech,2806,100
CSC e-Governance Services India Limited,AKSH OPTIFIBRE LIMITED,821,27
CSC e-Governance Services India Limited,BASIX,660,11
CSC e-Governance Services India Limited,CALANCE SOFTWARE PRIVATE LTD,1665,27
CSC e-Governance Services India Limited,CMS Computers Ltd,804,48
CSC e-Governance Services India Limited,Intelligent Communication Systems India Limited,237,2
CSC e-Governance Services India Limited,Network for Information & Computer,598,14
CSC e-Governance Services India Limited,Reliance Communication Limited,566,13
CSC e-Governance Services India Limited,SPANCO,131,8
CSC e-Governance Services India Limited,Tera Software Ltd,7,0
CSC e-Governance Services India Limited,United Telecoms e-Services Pvt Ltd,177,0
CSC e-Governance Services India Limited,VIKALP MULTIMEDIA,73,0
Canara Bank,ITI LIMITED,2,0
Canara Bank,Smart Chip Limited,1,0
Central Bank of India,CALANCE SOFTWARE PRIVATE LTD,9245,123
Central Bank of India,IAP COMPANY Pvt. Ltd,17707,51
Central Bank of India,MANTRA SOFTTECH (INDIA) PVTLTD,85,7
Central Bank of India,SREI INFRASTRUCTURE FINANCES L,1,0
Central Bank of India,The Peerless General Finance,1957,10
DENA BANK,ATISHAY INFOTECH PVT. LTD.,1888,2
DENA BANK,Business Information Processing Services,564,8
DENA BANK,DATASOFT COMPUTER SERVICES(P),97,0
DENA BANK,JNET Technologies Pvt.Ltd,9,3
DENA BANK,K W Consulting P Ltd,403,0
DENA BANK,Multiwave Innovation,92,6
DENA BANK,Netlink software Pvt Ltd,923,0
DENA BANK,Society for Advancement of Environmental Science,168,7
DENA BANK,WEBEL,1,0
Delhi - Central DC,Smart Chip Limited,71,6
Delhi - East DC,DATASOFT COMPUTER SERVICES(P),1330,21
Delhi - ND DC,Smart Chip Limited,313,0
Delhi - NE DC,Alankit Assignments Limited,0,2
Delhi - NE DC,Smart Chip Limited,774,22
Delhi - NE DC,Smart ID,0,1
Delhi - North DC,CALANCE SOFTWARE PRIVATE LTD,2837,122
Delhi - North DC,NVR & ASSOCIATES LIMITED,696,180
Delhi - North DC,Smart Chip Limited,594,2
Delhi SW DC,VIRGO SOFTECH LIMITED,882,17
Delhi Urban Shelter Improvemen,STRATEGIC OUTSOURCING SERVICE,1,0
Delhi Urban Shelter Improvemen,Smart Chip Limited,2,0
Delhi- South DC,Karvy Computershare Private Li,143,0
Delhi- South DC,Smart Chip Limited,185,1
Delhi- South DC,Tera Software Ltd,1,0
Delhi- West DC,Smart Chip Limited,56,9
Delhi- West DC,VIRGO SOFTECH LIMITED,2351,108
Delhi-NW DC,Karvy Computershare Private Li,350,27
Department of Information Technology Govt of Jharkhand,Blue Circle Instrument,1983,11
Department of Information Technology Govt of Jharkhand,MKS Enterprises,4185,35
Department of Information Technology Govt of Jharkhand,Systematic & Advance Const P L,234,5
Department of Information Technology Govt of Jharkhand,Vayam technologies Ltd,9,13
Dept of ITC Govt of Rajasthan,ATISHAY INFOTECH PVT. LTD.,8115,278
Dept of ITC Govt of Rajasthan,AVVAS INFOTECH PVT  LTD,7254,70
Dept of ITC Govt of Rajasthan,Alankit Finsec Ltd,4394,96
Dept of ITC Govt of Rajasthan,Business Information Processing Services,1540,4
Dept of ITC Govt of Rajasthan,DATASOFT COMPUTER SERVICES(P),18629,185
Dept of ITC Govt of Rajasthan,Gem Computers,324,16
Dept of ITC Govt of Rajasthan,Multiwave Innovation,1220,20
Dept of ITC Govt of Rajasthan,Netlink software Pvt Ltd,507,10
Dept of ITC Govt of Rajasthan,TechSmart India Pvt Ltd,1962,25
Dept of ITC Govt of Rajasthan,Transline Technologies P Ltd,10172,144
Dept of ITC Govt of Rajasthan,Vakrangee Softwares Limited,13159,636
Dept of ITC Govt of Rajasthan,Vayam technologies Ltd,4701,746
FCR Govt of Haryana,4G INFORMATICS,2,0
FCR Govt of Haryana,Vakrangee Softwares Limited,933,314
FCS Govt of Punjab,Alankit Assignments Limited,8,0
FCS Govt of Punjab,Alankit Finsec Ltd,4,0
FCS Govt of Punjab,Alankit Life Care Ltd,1,0
FCS Govt of Punjab,CSS TECHNERGY LIMITED,3796,0
FCS Govt of Punjab,Diwakar Commercials Pvt Ltd,2,0
FCS Govt of Punjab,Karvy Computershare Private Li,5903,539
FCS Govt of Punjab,VIRGO SOFTECH LIMITED,2,0
FCS Govt of Punjab,VISESH INFOTECNICS LIMITED,1,0
FCS Govt of Punjab,Vayam technologies Ltd,5756,47
FCS Govt of Punjab,eCentric solutions pvt ltd,6194,166
Govt of Andhra Pradesh,Gouthami Educational Society,1552,35
Govt of Andhra Pradesh,GrapeSoft,914,38
Govt of Andhra Pradesh,IL&FS LTD,3,3
Govt of Andhra Pradesh,INFRONICS SYSTEMS LTD,2169,118
Govt of Andhra Pradesh,Madras Security Printers Ltd,17,6
Govt of Andhra Pradesh,SREEVEN INFOCOM LIMITED,638,25
Govt of Andhra Pradesh,TechSmart India Pvt Ltd,10646,89
Govt of Andhra Pradesh,Tera Software Ltd,2261,85
Govt of Andhra Pradesh,eCentric solutions pvt ltd,1,4
Govt of Goa,MARS Telecom Systems Pvt Ltd,91,0
Govt of Gujarat,GSS Infotech Ltd,6254,47
Govt of Gujarat,Karvy Computershare Private Li,7766,66
Govt of Gujarat,Silver Touch Technologies Ltd,6754,190
Govt of Gujarat,Tera Software Ltd,8183,39
Govt of Gujarat,Transline Technologies P Ltd,2122,5
Govt of Gujarat,Vayam technologies Ltd,6453,47
Govt of Gujarat,eCentric solutions pvt ltd,3322,6
Govt of Himachal Pradesh,Wipro Ltd,997,22
Govt of Himachal Pradesh,i-Grandee SoftwareTechnologies,2224,2
Govt of Karnataka ,COMAT TECHNOLOGIES P LTD,0,1
Govt of Karnataka ,GLODYNE TECHNOSERVE,6,0
Govt of Karnataka ,Integra Micro Systems Pvt.ltd,1,0
Govt of Karnataka ,MARS Telecom Systems Pvt Ltd,12849,103
Govt of Karnataka ,Ninestars Information Technologies Ltd,10538,316
Govt of Karnataka ,Origin ITFS Pvt Ltd,19759,654
Govt of Karnataka ,SREEVEN INFOCOM LIMITED,4620,34
Govt of Kerala,Akshaya,13723,139
Govt of Kerala,Keltron,1457,5
Govt of Madhya Pradesh,VIRGO SOFTECH LIMITED,1,0
Govt of Maharashtra,Alankit Assignments Limited,2,0
Govt of Maharashtra,Alankit Finsec Ltd,8313,22
Govt of Maharashtra,COMAT TECHNOLOGIES P LTD,1,0
Govt of Maharashtra,Eagle press pvt ltd,336,0
Govt of Maharashtra,GLODYNE TECHNOSERVE,555,0
Govt of Maharashtra,Karvy Computershare Private Li,15990,178
Govt of Maharashtra,M/S King Computer System pvt Ltd,35,0
Govt of Maharashtra,M/s. Vidya Online  Pune,1216,1
Govt of Maharashtra,Mahaonline Limited,1,0
Govt of Maharashtra,Narayana Electricals Solution Pvt Ltd,2436,3
Govt of Maharashtra,Netlink software Pvt Ltd,3427,86
Govt of Maharashtra,Network for Information & Computer,106,0
Govt of Maharashtra,Obel projects Pvt Ltd,1,0
Govt of Maharashtra,Rudranee Infotech Ltd,1676,7
Govt of Maharashtra,SHREERAM PRINTING PRESS,786,0
Govt of Maharashtra,SPANCO,1628,9
Govt of Maharashtra,STRATEGIC OUTSOURCING SERVICE,603,39
Govt of Maharashtra,Silver Touch Technologies Ltd,1348,8
Govt of Maharashtra,Systematic & Advance Const P L,338,0
Govt of Maharashtra,TEAM LIFE CARE COMPANY INDIA P,343,0
Govt of Maharashtra,TechSmart India Pvt Ltd,946,17
Govt of Maharashtra,Tera Software Ltd,241,0
Govt of Maharashtra,Transline Technologies P Ltd,1308,2
Govt of Maharashtra,Wipro Ltd,6198,27
Govt of Sikkim - Dept of Econo,Department of Economics Statistics  Monitoring and Evaluation DESME,227,6
IDBI Bank ltd,ATISHAY INFOTECH PVT. LTD.,1085,10
IDBI Bank ltd,Matrix Processing House,1137,1
IDBI Bank ltd,Pioneer E Labs limited,2,0
IDBI Bank ltd,SREEVEN INFOCOM LIMITED,4807,26
IDBI Bank ltd,UTI TECHNOLOGY SERVICES LIMITE,820,28
Indian Overseas Bank,Eagle Software India Pvt. Ltd,1,0
Indiapost,4G IDENTITY SOLUTIONS,2,0
Indiapost,COMAT TECHNOLOGIES P LTD,2,0
Indiapost,Delhi Integrated MMTS Ltd,27293,124
Indiapost,IL&FS LTD,1,0
Indiapost,M/S STAR DATA CENTRE,90,31
Indiapost,MARS Telecom Systems Pvt Ltd,1787,15
Indiapost,Smart Chip Limited,409,0
Indiapost,TEAM LIFE CARE COMPANY INDIA P,6783,16
Indiapost,The NSIC ltd,4,0
Indiapost,Vayam technologies Ltd,4,0
Indiapost,WEBEL,344,36
Indiapost,eCentric solutions pvt ltd,1,0
Information Technology & Communication Department,4G INFORMATICS,17381,305
Information Technology & Communication Department,BNR UDYOG LIMITED,3188,40
Information Technology & Communication Department,Bloom Solutions Pvt Ltd,11700,44
Information Technology & Communication Department,CSS TECHNERGY LIMITED,1667,15
Information Technology & Communication Department,GDC Advertising Pvt. Limited,4142,12
Information Technology & Communication Department,JYOTHI COMPUTER SERVICES,6231,205
Information Technology & Communication Department,Karvy Data Management Services,5562,29
Information Technology & Communication Department,MARS Telecom Systems Pvt Ltd,1982,39
Information Technology & Communication Department,SREEVEN INFOCOM LIMITED,1740,67
Information Technology & Communication Department,Tera Software Ltd,550,29
Jharkhand,Alankit Assignments Limited,65,0
Jharkhand,Blue Circle Instrument,605,0
Jharkhand,Emdee Digitronics Pvt.Ltd.,709,20
Jharkhand,MKS Enterprises,1587,8
Jharkhand,Nevaeh Technology Pvt. Ltd.,262,0
Jharkhand,STRATEGIC OUTSOURCING SERVICE,93,0
Jharkhand,Smart ID,1,0
Jharkhand,Systematic & Advance Const P L,641,19
Jharkhand,VISION COMPTECH INTEGRATOR LTD,846,17
Jharkhand,Wipro Ltd,6441,62
Mission Convergence - GNCT Del,Karvy Computershare Private Li,192,33
Mission Convergence - GNCT Del,NVR & ASSOCIATES LIMITED,676,32
Mission Convergence - GNCT Del,STRATEGIC OUTSOURCING SERVICE,0,1
Mission Convergence - GNCT Del,Smart Chip Limited,1,0
NSDL e-Governance Infrastructure Limited,Abhipra Capital Ltd,1418,34
NSDL e-Governance Infrastructure Limited,Alankit Assignments Limited,11542,40
NSDL e-Governance Infrastructure Limited,Delhi Integrated MMTS Ltd,305,11
NSDL e-Governance Infrastructure Limited,INTEGRATED REGISTRY SERVICES LTD,50,0
NSDL e-Governance Infrastructure Limited,Karvy Data Management Services,24055,153
NSDL e-Governance Infrastructure Limited,Netlink software Pvt Ltd,5904,68
NSDL e-Governance Infrastructure Limited,PROWIZ MANSYTEMS PVT LTD,4165,28
NSDL e-Governance Infrastructure Limited,TEAM LIFE CARE COMPANY INDIA P,1729,6
NSDL e-Governance Infrastructure Limited,VIRGO SOFTECH LIMITED,6090,61
Oriental Bank of Commerce,DATASOFT COMPUTER SERVICES(P),995,9
Oriental Bank of Commerce,Euro Finmart Ltd,284,2
Oriental Bank of Commerce,FINANCIAL INFORMATION NETWORK,6,0
Oriental Bank of Commerce,JNET Technologies Pvt.Ltd,753,20
Oriental Bank of Commerce,Redim Software Technologies Pvt Ltd,137,0
Oriental Bank of Commerce,Sri Ramraja Sarkar Lok Kalyan Trust,6042,98
Oriental Bank of Commerce,The NSIC ltd,1,0
Oriental Bank of Commerce,Wipro Ltd,1531,101
RDD Govt of Tripura,Alankit Assignments Limited,14,0
Registrar General India - BEL,In Media Computer Services LLP,21,0
Registrar General India - BEL,Manipur Electronics Dev Corp,20,0
Registrar General India - BEL,Swathy Smartcards Hi-Tech Pvt,15,0
Registrar General India BEL2,Alankit Assignments Limited,1194,0
Registrar General India BEL2,Computer LAB,903,17
Registrar General India BEL2,Emdee Digitronics Pvt.Ltd.,356,0
Registrar General India BEL2,In Media Computer Services LLP,107,0
Registrar General India BEL2,India Computer Technology,27155,51
Registrar General India BEL2,MACRO INFOTECH PVT LTD,1477,3
Registrar General India BEL2,MKS Enterprises,63,0
Registrar General India BEL2,Madras Security Printers Ltd,9883,30
Registrar General India BEL2,Multiwave Innovation,126,8
Registrar General India BEL2,Netlink software Pvt Ltd,1523,2
Registrar General India BEL2,Nevaeh Technology Pvt. Ltd.,31,0
Registrar General India BEL2,Nielsen  India  Private Limited,2074,5
Registrar General India BEL2,Om Softwares,8704,246
Registrar General India BEL2,SREEVEN INFOCOM LIMITED,39,5
Registrar General India BEL2,STRATEGIC OUTSOURCING SERVICE,783,34
Registrar General India BEL2,Satyanarayana Raju Company Pvt ltd,613,3
Registrar General India BEL2,Swathy Smartcards Hi-Tech Pvt,88303,148
Registrar General India BEL2,Swiss Tech India Pvt Ltd,34,1
Registrar General India BEL2,Tera Software Ltd,2170,53
Registrar General India BEL2,UNITED DATA SERVICES PRIVATE LIMITED,723,55
Registrar General India BEL2,Vansh Infotech Pvt Ltd,2095,10
Registrar General India BEL2,Vedavaag Systems Limited,1549,3
Registrar General India ECIL,AVVAS INFOTECH PVT  LTD,220,4
Registrar General India ECIL,BUSINESS INFORMATION PROCESSING SERVICES,1,0
Registrar General India ECIL,COMTECH INSTITUTE OFTECHNOLOGY,1011,2
Registrar General India ECIL,COMTECHINFO SOLUTIONS PVT.LTD,1411,3
Registrar General India ECIL,Chinar Construction Company Prime agency,94,1
Registrar General India ECIL,Clairvoyance Technologies Pvt.,123,0
Registrar General India ECIL,Computer LAB,21840,74
Registrar General India ECIL,Eagle Software India Pvt. Ltd,431,0
Registrar General India ECIL,Esoft Consulting Limited,0,1
Registrar General India ECIL,In Media Computer Services LLP,748,4
Registrar General India ECIL,India Computer Technology,5196,919
Registrar General India ECIL,Karvy Data Management Services,7129,32
Registrar General India ECIL,Krishna Infotech,2235,0
Registrar General India ECIL,Madras Security Printers Ltd,1685,42
Registrar General India ECIL,Mphasis Ltd,346,24
Registrar General India ECIL,Netwing Technologies Pvt Ltd,50,2
Registrar General India ECIL,Nielsen  India  Private Limited,506,1
Registrar General India ECIL,Pioneer E Labs limited,519,12
Registrar General India ECIL,SARADA SYSTEMS,11,1
Registrar General India ECIL,SWISSTECH NPR 57CR PROJECT PVT,16250,5
Registrar General India ECIL,Tera Software Ltd,677,597
Registrar General India ECIL,Vedavaag Systems Limited,6021,76
Registrar General India Others,AVVAS INFOTECH PVT  LTD,6,1
Registrar General India Others,COMTECH INSTITUTE OFTECHNOLOGY,24,1
Registrar General India Others,COMTECHINFO SOLUTIONS PVT.LTD,1,0
Registrar General India Others,Chinar Construction Company Prime agency,1,0
Registrar General India Others,Computer LAB,2,0
Registrar General India Others,Eagle Software India Pvt. Ltd,2,2
Registrar General India Others,Karvy Data Management Services,17,0
Registrar General India Others,Madras Security Printers Ltd,8,0
Registrar General India Others,Nielsen  India  Private Limited,2,0
Registrar General India Others,SARADA SYSTEMS,1,0
Registrar General India Others,STRATEGIC OUTSOURCING SERVICE,2,0
Registrar General India Others,SWISSTECH NPR 57CR PROJECT PVT,2,0
Registrar General India Others,Swathy Smartcards Hi-Tech Pvt,8,0
Registrar General India Others,Vedavaag Systems Limited,2,0
Registrar General of India ITI,COMTECH INSTITUTE OFTECHNOLOGY,552,31
Registrar General of India ITI,CSS TECHNERGY LIMITED,25,8
Registrar General of India ITI,CommunitiWorks Welfare Society,745,1
Registrar General of India ITI,Eagle Software India Pvt. Ltd,2287,21
Registrar General of India ITI,Emdee Digitronics Pvt.Ltd.,6396,61
Registrar General of India ITI,Karvy Data Management Services,1359,12
Registrar General of India ITI,Madras Security Printers Ltd,1,1
Registrar General of India ITI,Mphasis Ltd,16,3
Registrar General of India ITI,Netlink software Pvt Ltd,999,2
Registrar General of India ITI,Netwing Technologies Pvt Ltd,20,8
Registrar General of India ITI,Nielsen  India  Private Limited,39,6
Registrar General of India ITI,SREEVEN INFOCOM LIMITED,355,0
Registrar General of India ITI,STRATEGIC OUTSOURCING SERVICE,1439,4
Registrar General of India ITI,Satyanarayana Raju Company Pvt ltd,1177,2
Registrar General of India ITI,Swathy Smartcards Hi-Tech Pvt,4714,2
Registrar General of India ITI,TechSmart India Pvt Ltd,8,0
Registrar General of India ITI,Urmila Info solution,342,5
Registrar General of India ITI,VIRGO SOFTECH LIMITED,1325,2
Registrar General of India ITI,Vedavaag Systems Limited,587,1
Registrar General of India ITI,WEBEL TECHNOLOGY LIMITED,11093,6
STATE BANK OF PATIALA,CSS TECHNERGY LIMITED,19,0
State Bank of Bikaner & Jaipur,Multiwave Innovation,857,12
State Bank of India,4G IDENTITY SOLUTIONS,1,0
State Bank of India,CSS TECHNERGY LIMITED,1,1
State Bank of India,Smart Chip Limited,3,0
State Bank of Travancore,Tera Software Ltd,192,11
UIDAI-Registrar,UIDAI-EA,33,0
UT Of Daman and Diu,Alankit Assignments Limited,349,5
UT of Puducherry,Madras Security Printers Ltd,53,2
Union Bank,FINANCIAL INFORMATION NETWORK,23313,179
Union Bank,Smart Chip Limited,13597,309
Union Bank,Vakrangee Softwares Limited,59983,1012
