Registrar,Enrolment Agency,Aadhaar generated,Enrolment Rejected
Allahabad Bank,Vakrangee Softwares Limited,1287,74
Bank Of India,A3 Logics  India  Ltd,5022,63
Bank Of India,Akanksha International,247,6
Bank Of India,Blue Circle Instrument,447,6
Bank Of India,CHESSY CONSULTANTS PVT LTD,828,20
Bank Of India,DATASOFT COMPUTER SERVICES(P),1247,78
Bank Of India,Emdee Digitronics Pvt.Ltd.,516,1
Bank Of India,Frontech Systems Pvt Ltd,1746,21
Bank Of India,ITI LIMITED,166,0
Bank Of India,MANTRA SOFTTECH (INDIA) PVTLTD,557,7
Bank Of India,Matrix Processing House,2705,76
Bank Of India,OSWAL COMPUTERS & CONSULTANTS,5221,1261
Bank Of India,PROTEX COMPUTER PVT LTD,725,40
Bank Of India,SARADA SYSTEMS,655,17
Bank Of India,SHRIKRISHNA KHANDASARI SUGAR M,8819,81
Bank Of India,SPANCO,2093,18
Bank Of India,SREI INFRASTRUCTURE FINANCES L,5046,148
Bank Of India,Silver Touch Technologies Ltd,2782,56
Bank Of India,Systematic & Advance Const P L,1171,97
Bank Of India,VEETECHNOLOGIES PVT. LTD,3824,0
Bank Of India,Vakrangee Softwares Limited,253,29
Bank of Baroda,TEAM LIFE CARE COMPANY INDIA P,4418,22
Bank of Maharashtra,Alankit Finsec Ltd,20,18
Bank of Maharashtra,FINANCIAL INFORMATION NETWORK,43,2
Bank of Maharashtra,Micro Technologies India Ltd,890,50
Bank of Maharashtra,Tera Software Ltd,21,0
CSC e-Governance Services India Limited,A I Soc for Electronics and Comp Tech,6942,93
CSC e-Governance Services India Limited,AKSH OPTIFIBRE LIMITED,1726,5
CSC e-Governance Services India Limited,BASIX,938,21
CSC e-Governance Services India Limited,CALANCE SOFTWARE PRIVATE LTD,494,20
CSC e-Governance Services India Limited,CMS Computers Ltd,1735,57
CSC e-Governance Services India Limited,Intelligent Communication Systems India Limited,334,1
CSC e-Governance Services India Limited,Network for Information & Computer,1119,18
CSC e-Governance Services India Limited,Reliance Communication Limited,787,83
CSC e-Governance Services India Limited,SPANCO,170,2
CSC e-Governance Services India Limited,United Telecoms e-Services Pvt Ltd,180,8
CSC e-Governance Services India Limited,VIKALP MULTIMEDIA,283,0
Central Bank of India,CALANCE SOFTWARE PRIVATE LTD,5995,138
Central Bank of India,IAP COMPANY Pvt. Ltd,8023,85
Central Bank of India,MANTRA SOFTTECH (INDIA) PVTLTD,115,9
Central Bank of India,The Peerless General Finance,798,21
DENA BANK,ATISHAY INFOTECH PVT. LTD.,877,9
DENA BANK,Business Information Processing Services,806,2
DENA BANK,DATASOFT COMPUTER SERVICES(P),40,2
DENA BANK,JNET Technologies Pvt.Ltd,207,2
DENA BANK,K W Consulting P Ltd,130,7
DENA BANK,Multiwave Innovation,200,6
DENA BANK,Netlink software Pvt Ltd,575,6
DENA BANK,Society for Advancement of Environmental Science,572,2
DENA BANK,WEBEL,2,0
Delhi - Central DC,Smart Chip Limited,19,0
Delhi - East DC,DATASOFT COMPUTER SERVICES(P),128,21
Delhi - ND DC,Smart Chip Limited,49,3
Delhi - NE DC,Smart Chip Limited,489,14
Delhi - North DC,CALANCE SOFTWARE PRIVATE LTD,1420,180
Delhi - North DC,NVR & ASSOCIATES LIMITED,1044,160
Delhi - North DC,Smart Chip Limited,120,3
Delhi SW DC,VIRGO SOFTECH LIMITED,170,121
Delhi- South DC,Karvy Computershare Private Li,10,34
Delhi- South DC,Smart Chip Limited,38,0
Delhi- West DC,Smart Chip Limited,19,1
Delhi- West DC,VIRGO SOFTECH LIMITED,1059,22
Delhi-NW DC,Karvy Computershare Private Li,105,73
Delhi-NW DC,STRATEGIC OUTSOURCING SERVICE,1,0
Department of Information Technology Govt of Jharkhand,Blue Circle Instrument,827,22
Department of Information Technology Govt of Jharkhand,MKS Enterprises,2663,60
Department of Information Technology Govt of Jharkhand,Systematic & Advance Const P L,217,2
Department of Information Technology Govt of Jharkhand,Vayam technologies Ltd,0,23
Dept of ITC Govt of Rajasthan,ATISHAY INFOTECH PVT. LTD.,4790,213
Dept of ITC Govt of Rajasthan,AVVAS INFOTECH PVT  LTD,3078,48
Dept of ITC Govt of Rajasthan,Alankit Finsec Ltd,2643,33
Dept of ITC Govt of Rajasthan,Business Information Processing Services,2681,2
Dept of ITC Govt of Rajasthan,DATASOFT COMPUTER SERVICES(P),18679,450
Dept of ITC Govt of Rajasthan,Gem Computers,3430,6
Dept of ITC Govt of Rajasthan,Multiwave Innovation,791,2
Dept of ITC Govt of Rajasthan,Netlink software Pvt Ltd,2256,27
Dept of ITC Govt of Rajasthan,TechSmart India Pvt Ltd,327,27
Dept of ITC Govt of Rajasthan,Transline Technologies P Ltd,4286,80
Dept of ITC Govt of Rajasthan,Vakrangee Softwares Limited,10222,1002
Dept of ITC Govt of Rajasthan,Vayam technologies Ltd,2708,183
FCR Govt of Haryana,4G INFORMATICS,2,0
FCR Govt of Haryana,Vakrangee Softwares Limited,83,8
FCS Govt of Punjab,Alankit Assignments Limited,2,0
FCS Govt of Punjab,CSS TECHNERGY LIMITED,3782,26
FCS Govt of Punjab,Karvy Computershare Private Li,4198,102
FCS Govt of Punjab,Vayam technologies Ltd,3154,27
FCS Govt of Punjab,eCentric solutions pvt ltd,3773,81
Govt of Andhra Pradesh,Gouthami Educational Society,384,1
Govt of Andhra Pradesh,GrapeSoft,716,73
Govt of Andhra Pradesh,INFRONICS SYSTEMS LTD,1291,79
Govt of Andhra Pradesh,Madras Security Printers Ltd,1,0
Govt of Andhra Pradesh,SREEVEN INFOCOM LIMITED,1190,2
Govt of Andhra Pradesh,TechSmart India Pvt Ltd,3059,209
Govt of Andhra Pradesh,Tera Software Ltd,3928,65
Govt of Goa,MARS Telecom Systems Pvt Ltd,96,13
Govt of Gujarat,GSS Infotech Ltd,2290,84
Govt of Gujarat,Karvy Computershare Private Li,5550,201
Govt of Gujarat,Silver Touch Technologies Ltd,21301,91
Govt of Gujarat,Tera Software Ltd,3470,7
Govt of Gujarat,Transline Technologies P Ltd,1214,3
Govt of Gujarat,Vayam technologies Ltd,9758,18
Govt of Gujarat,eCentric solutions pvt ltd,1622,4
Govt of Himachal Pradesh,Wipro Ltd,1427,89
Govt of Himachal Pradesh,i-Grandee SoftwareTechnologies,3478,16
Govt of Karnataka ,MARS Telecom Systems Pvt Ltd,8349,4
Govt of Karnataka ,Ninestars Information Technologies Ltd,4328,76
Govt of Karnataka ,Origin ITFS Pvt Ltd,7750,11
Govt of Karnataka ,SREEVEN INFOCOM LIMITED,11024,41
Govt of Kerala,Akshaya,6444,84
Govt of Kerala,Keltron,527,5
Govt of Madhya Pradesh,VIRGO SOFTECH LIMITED,1,0
Govt of Maharashtra,Alankit Finsec Ltd,7046,116
Govt of Maharashtra,COMAT TECHNOLOGIES P LTD,1,0
Govt of Maharashtra,Eagle press pvt ltd,64,1
Govt of Maharashtra,GLODYNE TECHNOSERVE,57,0
Govt of Maharashtra,Karvy Computershare Private Li,9763,157
Govt of Maharashtra,M/S King Computer System pvt Ltd,10,0
Govt of Maharashtra,M/s. Vidya Online  Pune,236,4
Govt of Maharashtra,Narayana Electricals Solution Pvt Ltd,2285,16
Govt of Maharashtra,Netlink software Pvt Ltd,1585,100
Govt of Maharashtra,Network for Information & Computer,16,1
Govt of Maharashtra,Rudranee Infotech Ltd,731,36
Govt of Maharashtra,SHREERAM PRINTING PRESS,759,14
Govt of Maharashtra,SPANCO,1094,25
Govt of Maharashtra,STRATEGIC OUTSOURCING SERVICE,686,22
Govt of Maharashtra,Silver Touch Technologies Ltd,1390,10
Govt of Maharashtra,Systematic & Advance Const P L,359,0
Govt of Maharashtra,TEAM LIFE CARE COMPANY INDIA P,670,2
Govt of Maharashtra,TechSmart India Pvt Ltd,388,31
Govt of Maharashtra,Tera Software Ltd,75,2
Govt of Maharashtra,Transline Technologies P Ltd,1289,35
Govt of Maharashtra,Wipro Ltd,5586,43
Govt of Sikkim - Dept of Econo,Department of Economics Statistics  Monitoring and Evaluation DESME,212,6
IDBI Bank ltd,ATISHAY INFOTECH PVT. LTD.,621,71
IDBI Bank ltd,Matrix Processing House,206,4
IDBI Bank ltd,SREEVEN INFOCOM LIMITED,5189,59
IDBI Bank ltd,UTI TECHNOLOGY SERVICES LIMITE,4559,18
Indiapost,Delhi Integrated MMTS Ltd,5616,50
Indiapost,M/S STAR DATA CENTRE,160,13
Indiapost,MARS Telecom Systems Pvt Ltd,1071,24
Indiapost,Smart Chip Limited,194,1
Indiapost,TEAM LIFE CARE COMPANY INDIA P,6039,3
Indiapost,Vayam technologies Ltd,1,13
Indiapost,WEBEL,226,120
Information Technology & Communication Department,4G INFORMATICS,57621,40
Information Technology & Communication Department,BNR UDYOG LIMITED,3453,10
Information Technology & Communication Department,Bloom Solutions Pvt Ltd,4911,61
Information Technology & Communication Department,CSS TECHNERGY LIMITED,2574,8
Information Technology & Communication Department,GDC Advertising Pvt. Limited,1801,71
Information Technology & Communication Department,JYOTHI COMPUTER SERVICES,5312,31
Information Technology & Communication Department,Karvy Data Management Services,2671,34
Information Technology & Communication Department,MARS Telecom Systems Pvt Ltd,1924,22
Information Technology & Communication Department,SREEVEN INFOCOM LIMITED,3528,89
Information Technology & Communication Department,Tera Software Ltd,289,0
Jharkhand,Alankit Assignments Limited,1,4
Jharkhand,Blue Circle Instrument,507,10
Jharkhand,Emdee Digitronics Pvt.Ltd.,1342,8
Jharkhand,MKS Enterprises,677,42
Jharkhand,Nevaeh Technology Pvt. Ltd.,59,3
Jharkhand,STRATEGIC OUTSOURCING SERVICE,17,16
Jharkhand,Smart ID,2,0
Jharkhand,Systematic & Advance Const P L,1659,4
Jharkhand,VISION COMPTECH INTEGRATOR LTD,1124,20
Jharkhand,Wipro Ltd,3537,35
Mission Convergence - GNCT Del,Karvy Computershare Private Li,11,160
Mission Convergence - GNCT Del,NVR & ASSOCIATES LIMITED,499,19
NSDL e-Governance Infrastructure Limited,Abhipra Capital Ltd,4973,23
NSDL e-Governance Infrastructure Limited,Alankit Assignments Limited,3248,76
NSDL e-Governance Infrastructure Limited,Delhi Integrated MMTS Ltd,30,12
NSDL e-Governance Infrastructure Limited,INTEGRATED REGISTRY SERVICES LTD,8,0
NSDL e-Governance Infrastructure Limited,Karvy Data Management Services,30558,305
NSDL e-Governance Infrastructure Limited,Netlink software Pvt Ltd,13235,113
NSDL e-Governance Infrastructure Limited,PROWIZ MANSYTEMS PVT LTD,2942,30
NSDL e-Governance Infrastructure Limited,TEAM LIFE CARE COMPANY INDIA P,741,21
NSDL e-Governance Infrastructure Limited,VIRGO SOFTECH LIMITED,3115,22
Oriental Bank of Commerce,DATASOFT COMPUTER SERVICES(P),820,6
Oriental Bank of Commerce,Euro Finmart Ltd,206,2
Oriental Bank of Commerce,FINANCIAL INFORMATION NETWORK,396,0
Oriental Bank of Commerce,JNET Technologies Pvt.Ltd,1381,22
Oriental Bank of Commerce,Redim Software Technologies Pvt Ltd,231,1
Oriental Bank of Commerce,Sri Ramraja Sarkar Lok Kalyan Trust,3969,157
Oriental Bank of Commerce,Wipro Ltd,1530,45
Registrar General India - BEL,In Media Computer Services LLP,7,0
Registrar General India - BEL,Manipur Electronics Dev Corp,1,0
Registrar General India - BEL,Swathy Smartcards Hi-Tech Pvt,20,0
Registrar General India BEL2,Alankit Assignments Limited,1177,5
Registrar General India BEL2,Computer LAB,2553,2
Registrar General India BEL2,Emdee Digitronics Pvt.Ltd.,214,0
Registrar General India BEL2,In Media Computer Services LLP,240,0
Registrar General India BEL2,India Computer Technology,21278,30
Registrar General India BEL2,MACRO INFOTECH PVT LTD,140,1
Registrar General India BEL2,MKS Enterprises,7,0
Registrar General India BEL2,Madras Security Printers Ltd,801,3
Registrar General India BEL2,Multiwave Innovation,28,0
Registrar General India BEL2,Netlink software Pvt Ltd,498,36
Registrar General India BEL2,Nevaeh Technology Pvt. Ltd.,6,0
Registrar General India BEL2,Nielsen  India  Private Limited,1217,2
Registrar General India BEL2,Om Softwares,38192,213
Registrar General India BEL2,SREEVEN INFOCOM LIMITED,284,0
Registrar General India BEL2,STRATEGIC OUTSOURCING SERVICE,359,35
Registrar General India BEL2,Satyanarayana Raju Company Pvt ltd,768,8
Registrar General India BEL2,Swathy Smartcards Hi-Tech Pvt,55639,45
Registrar General India BEL2,Swiss Tech India Pvt Ltd,35,0
Registrar General India BEL2,Tera Software Ltd,1546,27
Registrar General India BEL2,UNITED DATA SERVICES PRIVATE LIMITED,65,5
Registrar General India BEL2,Vansh Infotech Pvt Ltd,1834,6
Registrar General India BEL2,Vedavaag Systems Limited,2191,17
Registrar General India ECIL,AVVAS INFOTECH PVT  LTD,108,0
Registrar General India ECIL,BUSINESS INFORMATION PROCESSING SERVICES,225,0
Registrar General India ECIL,COMTECH INSTITUTE OFTECHNOLOGY,1152,7
Registrar General India ECIL,COMTECHINFO SOLUTIONS PVT.LTD,1099,0
Registrar General India ECIL,Chinar Construction Company Prime agency,17,0
Registrar General India ECIL,Clairvoyance Technologies Pvt.,24,0
Registrar General India ECIL,Computer LAB,20347,162
Registrar General India ECIL,Eagle Software India Pvt. Ltd,79,0
Registrar General India ECIL,Esoft Consulting Limited,35,0
Registrar General India ECIL,In Media Computer Services LLP,97,1
Registrar General India ECIL,India Computer Technology,3107,29
Registrar General India ECIL,Karvy Data Management Services,5456,52
Registrar General India ECIL,Krishna Infotech,797,327
Registrar General India ECIL,Madras Security Printers Ltd,1185,9544
Registrar General India ECIL,Mphasis Ltd,345,3
Registrar General India ECIL,Netwing Technologies Pvt Ltd,89,5
Registrar General India ECIL,Nielsen  India  Private Limited,346,5
Registrar General India ECIL,Pioneer E Labs limited,24,0
Registrar General India ECIL,SARADA SYSTEMS,5,0
Registrar General India ECIL,SWISSTECH NPR 57CR PROJECT PVT,5598,165
Registrar General India ECIL,Tera Software Ltd,487,1539
Registrar General India ECIL,Vedavaag Systems Limited,5387,128
Registrar General India Others,AVVAS INFOTECH PVT  LTD,3,2
Registrar General India Others,BUSINESS INFORMATION PROCESSING SERVICES,7,0
Registrar General India Others,COMTECH INSTITUTE OFTECHNOLOGY,1,0
Registrar General India Others,Esoft Consulting Limited,6,0
Registrar General India Others,Karvy Data Management Services,309,0
Registrar General India Others,Mphasis Ltd,11,0
Registrar General India Others,Om Softwares,3,1
Registrar General India Others,SWISSTECH NPR 57CR PROJECT PVT,1,0
Registrar General India Others,Swathy Smartcards Hi-Tech Pvt,11,0
Registrar General India Others,Vedavaag Systems Limited,7,0
Registrar General of India ITI,COMTECH INSTITUTE OFTECHNOLOGY,1133,8
Registrar General of India ITI,CSS TECHNERGY LIMITED,16,3
Registrar General of India ITI,CommunitiWorks Welfare Society,1188,31
Registrar General of India ITI,Eagle Software India Pvt. Ltd,794,1
Registrar General of India ITI,Emdee Digitronics Pvt.Ltd.,12925,13
Registrar General of India ITI,Karvy Data Management Services,1584,45
Registrar General of India ITI,Madras Security Printers Ltd,18,0
Registrar General of India ITI,Mphasis Ltd,199,0
Registrar General of India ITI,Netlink software Pvt Ltd,706,6
Registrar General of India ITI,Netwing Technologies Pvt Ltd,207,0
Registrar General of India ITI,Nielsen  India  Private Limited,13,0
Registrar General of India ITI,SREEVEN INFOCOM LIMITED,133,2
Registrar General of India ITI,STRATEGIC OUTSOURCING SERVICE,656,9
Registrar General of India ITI,Satyanarayana Raju Company Pvt ltd,254,16
Registrar General of India ITI,Swathy Smartcards Hi-Tech Pvt,278,18
Registrar General of India ITI,Urmila Info solution,126,12
Registrar General of India ITI,VIRGO SOFTECH LIMITED,163,0
Registrar General of India ITI,Vedavaag Systems Limited,914,0
Registrar General of India ITI,WEBEL TECHNOLOGY LIMITED,11993,6
STATE BANK OF PATIALA,CSS TECHNERGY LIMITED,3,0
State Bank of Bikaner & Jaipur,Multiwave Innovation,435,163
State Bank of Travancore,Tera Software Ltd,19,2
UIDAI-Registrar,UIDAI-EA,3,0
UT Of Daman and Diu,Alankit Assignments Limited,322,18
UT of Puducherry,Madras Security Printers Ltd,20,3
Union Bank,FINANCIAL INFORMATION NETWORK,8510,162
Union Bank,Smart Chip Limited,3155,623
Union Bank,Vakrangee Softwares Limited,39508,1460
