Gender,Age Band,Aadhaar generated,Enrolment Rejected
F,0 to 5 Years,15860,1406
F,16 to 30 Years,145140,11874
F,31 to 45 Years,127501,11315
F,46 to 65 Years,93585,9970
F,6 to 15 Years,89563,8543
F,66 Years and Above,20562,2286
M,0 to 5 Years,18099,1632
M,16 to 30 Years,155236,9833
M,31 to 45 Years,121733,7912
M,46 to 65 Years,96275,7858
M,6 to 15 Years,98709,8244
M,66 Years and Above,21898,2188
T,0 to 5 Years,2,0
T,16 to 30 Years,19,5
T,31 to 45 Years,16,5
T,46 to 65 Years,11,3
T,6 to 15 Years,24,4
T,66 Years and Above,6,1
