Gender,Age Band,Aadhaar generated,Enrolment Rejected
F,0 to 5 Years,8139,1350
F,16 to 30 Years,116931,2740
F,31 to 45 Years,95504,1920
F,46 to 65 Years,66529,1580
F,6 to 15 Years,71103,2730
F,66 Years and Above,12768,395
M,0 to 5 Years,6201,547
M,16 to 30 Years,126792,1604
M,31 to 45 Years,95290,1010
M,46 to 65 Years,72830,831
M,6 to 15 Years,80381,1639
M,66 Years and Above,14294,278
T,0 to 5 Years,2,0
T,16 to 30 Years,21,1
T,31 to 45 Years,14,0
T,46 to 65 Years,22,0
T,6 to 15 Years,10,0
T,66 Years and Above,7,0
