Gender,Age Band,Aadhaar generated,Enrolment Rejected
F,0 to 5 Years,10418,1787
F,16 to 30 Years,143891,18469
F,31 to 45 Years,125428,16740
F,46 to 65 Years,88493,13439
F,6 to 15 Years,84357,13948
F,66 Years and Above,18177,3055
M,0 to 5 Years,12532,2045
M,16 to 30 Years,158621,20382
M,31 to 45 Years,121782,16103
M,46 to 65 Years,93390,13591
M,6 to 15 Years,99307,16381
M,66 Years and Above,19962,3424
T,0 to 5 Years,1,0
T,16 to 30 Years,14,11
T,31 to 45 Years,12,12
T,46 to 65 Years,13,3
T,6 to 15 Years,5,13
T,66 Years and Above,6,1
