Gender,Age Band,Aadhaar generated,Enrolment Rejected
F,0 to 5 Years,9835,1104
F,16 to 30 Years,144689,8186
F,31 to 45 Years,119829,6809
F,46 to 65 Years,86159,5433
F,6 to 15 Years,92315,5774
F,66 Years and Above,18769,1325
M,0 to 5 Years,11247,1465
M,16 to 30 Years,148756,8159
M,31 to 45 Years,111052,6176
M,46 to 65 Years,84770,5273
M,6 to 15 Years,96479,6970
M,66 Years and Above,19380,1345
T,0 to 5 Years,1,0
T,16 to 30 Years,16,6
T,31 to 45 Years,11,2
T,46 to 65 Years,9,2
T,6 to 15 Years,8,1
T,66 Years and Above,2,2
