Gender,Age Band,Aadhaar generated,Enrolment Rejected
F,0 to 5 Years,15533,1572
F,16 to 30 Years,172406,17825
F,31 to 45 Years,154701,19551
F,46 to 65 Years,115700,17634
F,6 to 15 Years,111827,11443
F,66 Years and Above,25402,3936
M,0 to 5 Years,17905,1863
M,16 to 30 Years,187185,16250
M,31 to 45 Years,149760,15649
M,46 to 65 Years,121782,15516
M,6 to 15 Years,129456,12933
M,66 Years and Above,27696,4105
T,0 to 5 Years,3,0
T,16 to 30 Years,29,6
T,31 to 45 Years,32,5
T,46 to 65 Years,19,3
T,6 to 15 Years,26,1
T,66 Years and Above,7,1
