Gender,Age Band,Aadhaar generated,Enrolment Rejected
F,0 to 5 Years,13976,1357
F,16 to 30 Years,165174,17817
F,31 to 45 Years,145523,17715
F,46 to 65 Years,108096,15275
F,6 to 15 Years,106118,12471
F,66 Years and Above,23626,3707
M,0 to 5 Years,16426,1544
M,16 to 30 Years,196111,18682
M,31 to 45 Years,155267,16096
M,46 to 65 Years,124735,15216
M,6 to 15 Years,132928,14918
M,66 Years and Above,27504,4129
T,0 to 5 Years,5,1
T,16 to 30 Years,23,5
T,31 to 45 Years,29,4
T,46 to 65 Years,27,8
T,6 to 15 Years,18,10
T,66 Years and Above,5,0
