Gender,Age Band,Aadhaar generated,Enrolment Rejected
F,0 to 4 Years,30758,2817
F,18 to 30 Years,70114,3193
F,31 to 45 Years,45430,1866
F,46 to 65 Years,39287,1631
F,5 to 17 Years,88882,2913
F,66 Years and Above,16403,790
M,0 to 4 Years,33229,3127
M,18 to 30 Years,59346,3503
M,31 to 45 Years,41851,2709
M,46 to 65 Years,30844,2222
M,5 to 17 Years,80962,3195
M,66 Years and Above,11077,902
T,0 to 4 Years,2,0
T,18 to 30 Years,4,0
T,31 to 45 Years,3,0
T,46 to 65 Years,1,0
T,5 to 17 Years,1,0
T,66 Years and Above,1,0
