Gender,Age Band,Aadhaar generated,Enrolment Rejected
F,0 to 4 Years,60842,5401
F,18 to 30 Years,139574,14794
F,31 to 45 Years,85519,9509
F,46 to 65 Years,71562,7116
F,5 to 17 Years,182262,10620
F,66 Years and Above,29283,2344
M,0 to 4 Years,71579,5662
M,18 to 30 Years,156163,13331
M,31 to 45 Years,97136,10425
M,46 to 65 Years,69477,7924
M,5 to 17 Years,206889,13334
M,66 Years and Above,23526,2391
T,0 to 4 Years,11,0
T,18 to 30 Years,6,2
T,31 to 45 Years,5,1
T,46 to 65 Years,1,1
T,66 Years and Above,1,0
