State,District,Aadhaar generated,Enrolment Rejected
Andaman and Nicobar Islands,Andamans,51,3
Andaman and Nicobar Islands,South Andaman,21,0
Andhra Pradesh,Adilabad,1634,599
Andhra Pradesh,Anantapur,5875,3751
Andhra Pradesh,Chittoor,2470,1922
Andhra Pradesh,Cuddapah,7033,443
Andhra Pradesh,East Godavari,4816,1088
Andhra Pradesh,Guntur,9506,1511
Andhra Pradesh,Hyderabad,14496,1327
Andhra Pradesh,K.V.Rangareddy,9674,673
Andhra Pradesh,Karimnagar,3450,270
Andhra Pradesh,Khammam,183,98
Andhra Pradesh,Krishna,9913,1213
Andhra Pradesh,Kurnool,707,78
Andhra Pradesh,Mahbubnagar,1434,104
Andhra Pradesh,Medak,1549,396
Andhra Pradesh,Nalgonda,4584,375
Andhra Pradesh,Nellore,2042,246
Andhra Pradesh,Nizamabad,812,203
Andhra Pradesh,Prakasam,1680,528
Andhra Pradesh,Srikakulam,14663,673
Andhra Pradesh,Visakhapatnam,4344,729
Andhra Pradesh,Vizianagaram,1174,180
Andhra Pradesh,Warangal,1465,148
Andhra Pradesh,West Godavari,3196,677
Assam,Barpeta,2,0
Assam,Bongaigaon,6,0
Assam,Cachar,4,0
Assam,Darrang,1,0
Assam,Dhemaji,2,0
Assam,Dibrugarh,1,0
Assam,Golaghat,1,0
Assam,Hailakandi,1,0
Assam,Jorhat,1,0
Assam,Kamrup,9,0
Assam,Karbi Anglong,1,0
Assam,Karimganj,1,0
Assam,Lakhimpur,1,0
Assam,Nagaon,3,0
Assam,Nalbari,4,0
Assam,Sibsagar,1,0
Assam,Sonitpur,2,0
Assam,Tinsukia,2,0
Bihar,Araria,10,1
Bihar,Arwal,1,2
Bihar,Aurangabad(BH),10,2
Bihar,Banka,10,1
Bihar,Begusarai,17,2
Bihar,Bhabua,8,0
Bihar,Bhagalpur,142,2
Bihar,Bhojpur,23,2
Bihar,Buxar,759,4
Bihar,Darbhanga,49,3
Bihar,East Champaran,20,3
Bihar,Gaya,32,2
Bihar,Gopalganj,16,3
Bihar,Jamui,4,0
Bihar,Jehanabad,11,2
Bihar,Katihar,6,0
Bihar,Khagaria,9,2
Bihar,Kishanganj,7,7
Bihar,Lakhisarai,4,1
Bihar,Madhepura,3,6
Bihar,Madhubani,42,2
Bihar,Munger,91,2
Bihar,Muzaffarpur,172,6
Bihar,Nalanda,52,6
Bihar,Nawada,18,4
Bihar,Patna,313,70
Bihar,Purnia,7,13
Bihar,Rohtas,21,2
Bihar,Saharsa,27,0
Bihar,Samastipur,29,2
Bihar,Saran,39,16
Bihar,Sheikhpura,2,4
Bihar,Sheohar,8,3
Bihar,Sitamarhi,21,2
Bihar,Siwan,38,2
Bihar,Supaul,8,5
Bihar,Vaishali,75,1
Bihar,West Champaran,22,6
Chandigarh,Chandigarh,1110,57
Chandigarh,Mohali,2,0
Chhattisgarh,Bastar,2,0
Chhattisgarh,Bilaspur,1,0
Chhattisgarh,Durg,59,0
Chhattisgarh,Korba,2,0
Chhattisgarh,Mahasamund,1,1
Chhattisgarh,Raigarh,2,2
Chhattisgarh,Raipur,204,9
Chhattisgarh,Surguja,39,4
Dadra and Nagar Haveli,Dadra and Nagar Haveli,2,4
Daman and Diu,Daman,0,14
Daman and Diu,Diu,9,13
Delhi,Central Delhi,694,68
Delhi,East Delhi,915,78
Delhi,North Delhi,980,76
Delhi,North East,752,128
Delhi,North East Delhi,0,1
Delhi,North West Delhi,1438,400
Delhi,South Delhi,2119,199
Delhi,South West Delhi,868,203
Delhi,West Delhi,515,171
Goa,Bardez,24,0
Goa,North Goa,1380,32
Goa,South Goa,1465,13
Gujarat,Ahmadabad,2925,104
Gujarat,Amreli,722,1
Gujarat,Anand,685,11
Gujarat,Banaskantha,1827,17
Gujarat,Bharuch,424,6
Gujarat,Bhavnagar,490,9
Gujarat,Dohad,279,0
Gujarat,Gandhinagar,406,8
Gujarat,Jamnagar,374,17
Gujarat,Junagadh,800,8
Gujarat,Kachchh,363,0
Gujarat,Kheda,234,12
Gujarat,Mahesana,635,12
Gujarat,Narmada,931,0
Gujarat,Navsari,1117,1
Gujarat,Panchmahals,668,4
Gujarat,Patan,783,21
Gujarat,Porbandar,1032,18
Gujarat,Rajkot,383,18
Gujarat,Sabarkantha,1552,8
Gujarat,Surat,5010,65
Gujarat,Surendra Nagar,338,23
Gujarat,The Dangs,1,0
Gujarat,Vadodara,638,7
Gujarat,Valsad,18,11
Haryana,Ambala,126,28
Haryana,Bhiwani,80,1
Haryana,Faridabad,758,3
Haryana,Fatehabad,14,0
Haryana,Gurgaon,81,8
Haryana,Hisar,505,13
Haryana,Jhajjar,27,3
Haryana,Jind,14,3
Haryana,Kaithal,31,2
Haryana,Karnal,33,9
Haryana,Kurukshetra,61,1
Haryana,Mahendragarh,10,0
Haryana,Panchkula,820,10
Haryana,Panipat,149,34
Haryana,Rewari,62,0
Haryana,Rohtak,37,3
Haryana,Sirsa,272,10
Haryana,Sonipat,176,73
Haryana,Yamuna Nagar,162,0
Himachal Pradesh,Bilaspur ,132,7
Himachal Pradesh,Chamba,781,13
Himachal Pradesh,Hamirpur,246,29
Himachal Pradesh,Kangra,10836,131
Himachal Pradesh,Kinnaur,26,1
Himachal Pradesh,Kullu,58,5
Himachal Pradesh,Lahul and Spiti,125,2
Himachal Pradesh,Mandi,562,11
Himachal Pradesh,Shimla,2177,16
Himachal Pradesh,Sirmaur,2698,5
Himachal Pradesh,Solan,7228,42
Himachal Pradesh,Una,46,46
Jammu and Kashmir,Anantnag,4,0
Jammu and Kashmir,Badgam,1,0
Jammu and Kashmir,Baramulla,1,0
Jammu and Kashmir,Doda,0,1
Jammu and Kashmir,Jammu,12,2
Jammu and Kashmir,Kathua,4,0
Jammu and Kashmir,Leh,1,0
Jammu and Kashmir,Rajouri,1,0
Jammu and Kashmir,Srinagar,2,0
Jammu and Kashmir,Udhampur,3,0
Jharkhand,Bokaro,824,73
Jharkhand,Chatra,3,6
Jharkhand,Deoghar,624,99
Jharkhand,Dhanbad,324,65
Jharkhand,Dumka,117,20
Jharkhand,East Singhbhum,90,88
Jharkhand,Garhwa,4,10
Jharkhand,Giridih,1060,30
Jharkhand,Godda,1168,9
Jharkhand,Gumla,31,32
Jharkhand,Hazaribagh,165,163
Jharkhand,Jamtara,3,26
Jharkhand,Khunti,17,88
Jharkhand,Kodarma,92,7
Jharkhand,Latehar,1,2
Jharkhand,Lohardaga,30,35
Jharkhand,Pakaur,78,11
Jharkhand,Palamau,6,27
Jharkhand,Ramgarh,133,53
Jharkhand,Ranchi,148,400
Jharkhand,Sahebganj,135,7
Jharkhand,Seraikela-Kharsawan,41,122
Jharkhand,Simdega,133,4
Jharkhand,West Singhbhum,59,56
Karnataka,Bagalkot,66,42
Karnataka,Bangalore,3154,307
Karnataka,Bangalore Rural,15,1
Karnataka,Belgaum,106,73
Karnataka,Bellary,51,37
Karnataka,Bidar,130,290
Karnataka,Bijapur(KAR),47,44
Karnataka,Chamarajanagar,17,10
Karnataka,Chickmagalur,17,0
Karnataka,Chikkaballapur,2,6
Karnataka,Chitradurga,11,16
Karnataka,Dakshina Kannada,23,4
Karnataka,Davangere,23,6
Karnataka,Dharwad,2560,35
Karnataka,Gadag,39,11
Karnataka,Gulbarga,157,121
Karnataka,Hassan,13,14
Karnataka,Haveri,120,19
Karnataka,Kodagu,22,11
Karnataka,Kolar,74,3
Karnataka,Koppal,36,129
Karnataka,Mandya,51,17
Karnataka,Mysore,5040,722
Karnataka,Raichur,19,24
Karnataka,Ramanagar,1,5
Karnataka,Shimoga,10,2
Karnataka,Tumkur,3921,184
Karnataka,Udupi,13,1
Karnataka,Uttara Kannada,85,18
Karnataka,Yadgir,40,76
Kerala,Alappuzha,11117,27
Kerala,Ernakulam,12083,19
Kerala,Idukki,6341,10
Kerala,Kannur,5688,10
Kerala,Kasargod,1729,2
Kerala,Kollam,17166,16
Kerala,Kottayam,4033,8
Kerala,Kozhikode,14020,28
Kerala,Malappuram,11153,36
Kerala,Palakkad,7693,26
Kerala,Pathanamthitta,10990,18
Kerala,Thiruvananthapuram,14247,59
Kerala,Thrissur,21905,11
Kerala,Wayanad,4782,5
Madhya Pradesh,Balaghat,837,1
Madhya Pradesh,Barwani,31285,291
Madhya Pradesh,Betul,707,1
Madhya Pradesh,Bhind,21,1
Madhya Pradesh,Bhopal,1886,53
Madhya Pradesh,Burhanpur,1253,74
Madhya Pradesh,Chhatarpur,29,15
Madhya Pradesh,Chhindwara,243,21
Madhya Pradesh,Damoh,4,0
Madhya Pradesh,Datia,2,0
Madhya Pradesh,Dewas,3282,139
Madhya Pradesh,Dhar,69,0
Madhya Pradesh,Guna,227,33
Madhya Pradesh,Gwalior,451,62
Madhya Pradesh,Harda,530,24
Madhya Pradesh,Hoshangabad,1636,89
Madhya Pradesh,Indore,9230,124
Madhya Pradesh,Jabalpur,709,105
Madhya Pradesh,Jhabua,72,2
Madhya Pradesh,Katni,22,1
Madhya Pradesh,Khandwa,1329,78
Madhya Pradesh,Khargone,70,4
Madhya Pradesh,Mandla,49,13
Madhya Pradesh,Mandsaur,100194,1065
Madhya Pradesh,Morena,21,2
Madhya Pradesh,Narsinghpur,369,58
Madhya Pradesh,Neemuch,61025,591
Madhya Pradesh,Panna,1,1
Madhya Pradesh,Raisen,156,10
Madhya Pradesh,Rajgarh,587,17
Madhya Pradesh,Ratlam,47979,560
Madhya Pradesh,Rewa,54,0
Madhya Pradesh,Sagar,58,3
Madhya Pradesh,Satna,22,0
Madhya Pradesh,Sehore,52,4
Madhya Pradesh,Seoni,35,4
Madhya Pradesh,Shahdol,7,0
Madhya Pradesh,Shajapur,4761,191
Madhya Pradesh,Sheopur,5,0
Madhya Pradesh,Shivpuri,82,27
Madhya Pradesh,Sidhi,7,4
Madhya Pradesh,Tikamgarh,15,2
Madhya Pradesh,Ujjain,482,23
Madhya Pradesh,Umaria,2,0
Madhya Pradesh,Vidisha,76,10
Maharashtra,Ahmed Nagar,1718,223
Maharashtra,Akola,40,23
Maharashtra,Amravati,203,75
Maharashtra,Aurangabad,2902,284
Maharashtra,Beed,1103,100
Maharashtra,Bhandara,637,65
Maharashtra,Buldhana,672,11
Maharashtra,Chandrapur,698,134
Maharashtra,Dhule,354,358
Maharashtra,Gadchiroli,131,42
Maharashtra,Gondiya,288,90
Maharashtra,Hingoli,660,74
Maharashtra,Jalgaon,3808,247
Maharashtra,Jalna,518,315
Maharashtra,Kolhapur,1693,154
Maharashtra,Latur,697,264
Maharashtra,Mumbai,11435,387
Maharashtra,Mumbai City,302,2
Maharashtra,Mumbai( Sub Urban ),723,15
Maharashtra,Nagpur,579,299
Maharashtra,Nanded,234,128
Maharashtra,Nandurbar,234,67
Maharashtra,Nashik,1414,204
Maharashtra,Osmanabad,196,116
Maharashtra,Parbhani,96,35
Maharashtra,Pune,7185,152
Maharashtra,Raigarh(MH),451,20
Maharashtra,Ratnagiri,21,14
Maharashtra,Sangli,4244,210
Maharashtra,Satara,3247,248
Maharashtra,Sindhudurg,13,12
Maharashtra,Solapur,2777,312
Maharashtra,Thane,6465,114
Maharashtra,Wardha,407,170
Maharashtra,Washim,118,92
Maharashtra,Yavatmal,601,20
Manipur,Bishnupur,0,1
Manipur,Chandel,1,0
Manipur,Imphal East,2,0
Manipur,Imphal West,9,1
Manipur,Senapati,0,4
Manipur,Thoubal,1,3
Manipur,Ukhrul,1,0
Meghalaya,East Khasi Hills,1,0
Meghalaya,West Garo Hills,1,0
Mizoram,Aizawl,1,0
Nagaland,Tuensang,1,0
Odisha,Anugul,2,4
Odisha,Balangir,0,1
Odisha,Baleswar,90,19
Odisha,Bargarh,3,0
Odisha,Bhadrak,22,32
Odisha,Cuttack,311,10
Odisha,Debagarh,1,0
Odisha,Dhenkanal,5,7
Odisha,Gajapati,4,1
Odisha,Ganjam,450,40
Odisha,Jagatsinghapur,7,1
Odisha,Jajapur,51,6
Odisha,Jharsuguda,0,2
Odisha,Kandhamal,1,0
Odisha,Kendrapara,9,0
Odisha,Kendujhar,3,1
Odisha,Khordha,372,69
Odisha,Koraput,2,0
Odisha,Mayurbhanj,11,0
Odisha,Nayagarh,60,3
Odisha,Nuapada,1,1
Odisha,Puri,9,12
Odisha,Rayagada,90,30
Odisha,Sonapur,1,0
Odisha,Sundergarh,21,7
Others,Others,1346,47
Puducherry,Karaikal,1,0
Puducherry,Pondicherry,1808,227
Punjab,Amritsar,615,128
Punjab,Barnala,531,21
Punjab,Bathinda,260,21
Punjab,Faridkot,104,10
Punjab,Fatehgarh Sahib,351,27
Punjab,Fazilka,59,32
Punjab,Ferozepur,1111,102
Punjab,Gurdaspur,1228,175
Punjab,Hoshiarpur,120,67
Punjab,Jalandhar,317,47
Punjab,Kapurthala,199,14
Punjab,Ludhiana,255,88
Punjab,Mansa,37,9
Punjab,Moga,62,13
Punjab,Muktsar,420,43
Punjab,Nawanshahr,240,23
Punjab,Patiala,413,46
Punjab,Rupnagar,59,28
Punjab,SAS Nagar (Mohali),44,25
Punjab,Sangrur,356,77
Punjab,Tarn Taran,317,48
Rajasthan,Ajmer,285,31
Rajasthan,Alwar,4514,61
Rajasthan,Banswara,23,20
Rajasthan,Baran,233,81
Rajasthan,Barmer,329,28
Rajasthan,Bharatpur,539,25
Rajasthan,Bhilwara,95,20
Rajasthan,Bikaner,1123,37
Rajasthan,Bundi,532,33
Rajasthan,Chittorgarh,239,7
Rajasthan,Churu,457,10
Rajasthan,Dausa,61,33
Rajasthan,Dholpur,112,4
Rajasthan,Dungarpur,11,0
Rajasthan,Ganganagar,924,10
Rajasthan,Hanumangarh,242,6
Rajasthan,Jaipur,3963,227
Rajasthan,Jaisalmer,222,1
Rajasthan,Jalor,747,17
Rajasthan,Jhalawar,288,47
Rajasthan,Jhunjhunu,3,0
Rajasthan,Jhunjhunun,869,62
Rajasthan,Jodhpur,3152,25
Rajasthan,Karauli,97,3
Rajasthan,Kota,1555,211
Rajasthan,Nagaur,2042,51
Rajasthan,Pali,1035,61
Rajasthan,Pratapgarh,5,2
Rajasthan,Rajsamand,211,21
Rajasthan,Sawai Madhopur,88,45
Rajasthan,Sikar,84,20
Rajasthan,Sirohi,255,13
Rajasthan,Tonk,1813,36
Rajasthan,Udaipur,864,87
Sikkim,East Sikkim,51,22
Sikkim,North Sikkim,5,1
Sikkim,South Sikkim,8,24
Sikkim,West Sikkim,117,10
Tamil Nadu,Ariyalur,5,0
Tamil Nadu,Chennai,140,12
Tamil Nadu,Coimbatore,19,9
Tamil Nadu,Cuddalore,8,2
Tamil Nadu,Dharmapuri,30,0
Tamil Nadu,Dindigul,7,3
Tamil Nadu,Erode,64,13
Tamil Nadu,Kanchipuram,51,7
Tamil Nadu,Kanyakumari,68,0
Tamil Nadu,Karur,11,12
Tamil Nadu,Madurai,26,30
Tamil Nadu,Nagapattinam,2,4
Tamil Nadu,Namakkal,34,5
Tamil Nadu,Nilgiris,8,0
Tamil Nadu,Perambalur,0,1
Tamil Nadu,Pudukkottai,4,0
Tamil Nadu,Ramanathapuram,7,0
Tamil Nadu,Salem,25,24
Tamil Nadu,Sivaganga,10,2
Tamil Nadu,Thanjavur,11,1
Tamil Nadu,Theni,27,88
Tamil Nadu,Thoothukkudi,5,0
Tamil Nadu,Tiruchirappalli,37,0
Tamil Nadu,Tirunelveli,14,2
Tamil Nadu,Tiruvallur,34,31
Tamil Nadu,Tiruvannamalai,12,20
Tamil Nadu,Tiruvarur,2,2
Tamil Nadu,Vellore,1557,74
Tamil Nadu,Villupuram,28,7
Tamil Nadu,Virudhunagar,39,3
Tripura,Dhalai,10,76
Tripura,North Tripura,11,86
Tripura,South Tripura,87,70
Tripura,West Tripura,479,147
Uttar Pradesh,Agra,1825,179
Uttar Pradesh,Aligarh,606,47
Uttar Pradesh,Allahabad,167,15
Uttar Pradesh,Ambedkar Nagar,75,7
Uttar Pradesh,Auraiya,556,52
Uttar Pradesh,Azamgarh,36,3
Uttar Pradesh,Baghpat,14,3
Uttar Pradesh,Bahraich,7,0
Uttar Pradesh,Ballia,849,5
Uttar Pradesh,Balrampur,12,2
Uttar Pradesh,Banda,15,1
Uttar Pradesh,Barabanki,764,104
Uttar Pradesh,Bareilly,2134,121
Uttar Pradesh,Basti,146,8
Uttar Pradesh,Bijnor,42,3
Uttar Pradesh,Budaun,33,0
Uttar Pradesh,Bulandshahar,27,14
Uttar Pradesh,Chandauli,29,0
Uttar Pradesh,Chitrakoot,4,0
Uttar Pradesh,Deoria,2328,100
Uttar Pradesh,Etah,44,2
Uttar Pradesh,Etawah,361,86
Uttar Pradesh,Faizabad,70,18
Uttar Pradesh,Farrukhabad,348,11
Uttar Pradesh,Fatehpur,26,1
Uttar Pradesh,Firozabad,861,224
Uttar Pradesh,Gautam Buddha Nagar,93,12
Uttar Pradesh,Ghaziabad,666,48
Uttar Pradesh,Ghazipur,488,8
Uttar Pradesh,Gonda,30,4
Uttar Pradesh,Gorakhpur,205,18
Uttar Pradesh,Hamirpur,8,0
Uttar Pradesh,Hardoi,84,5
Uttar Pradesh,Hathras,97,25
Uttar Pradesh,Jalaun,15,2
Uttar Pradesh,Jaunpur,27,3
Uttar Pradesh,Jhansi,58,22
Uttar Pradesh,Jyotiba Phule Nagar,4,0
Uttar Pradesh,Kannauj,97,28
Uttar Pradesh,Kanpur Dehat,71,8
Uttar Pradesh,Kanpur Nagar,5614,287
Uttar Pradesh,Kaushambi,6,2
Uttar Pradesh,Kheri,62,45
Uttar Pradesh,Kushinagar,209,29
Uttar Pradesh,Lalitpur,25,38
Uttar Pradesh,Lucknow,3060,304
Uttar Pradesh,Mahoba,862,77
Uttar Pradesh,Mahrajganj,2,0
Uttar Pradesh,Mainpuri,372,66
Uttar Pradesh,Mathura,959,274
Uttar Pradesh,Mau,19,0
Uttar Pradesh,Meerut,47,7
Uttar Pradesh,Mirzapur,11,1
Uttar Pradesh,Moradabad,78,21
Uttar Pradesh,Muzaffarnagar,21,0
Uttar Pradesh,Pilibhit,69,4
Uttar Pradesh,Pratapgarh,30,0
Uttar Pradesh,Raebareli,119,57
Uttar Pradesh,Rampur,428,22
Uttar Pradesh,Saharanpur,23,11
Uttar Pradesh,Sant Kabir Nagar,12,0
Uttar Pradesh,Sant Ravidas Nagar Bhadohi,11,0
Uttar Pradesh,Shahjahanpur,957,22
Uttar Pradesh,Shrawasti,3,0
Uttar Pradesh,Siddharthnagar,12,1
Uttar Pradesh,Sitapur,795,53
Uttar Pradesh,Sonbhadra,7,1
Uttar Pradesh,Sultanpur,2753,144
Uttar Pradesh,Unnao,259,39
Uttar Pradesh,Varanasi,35,11
Uttarakhand,Almora,25,1
Uttarakhand,Bageshwar,13,1
Uttarakhand,Chamoli,11,0
Uttarakhand,Champawat,56,0
Uttarakhand,Dehradun,87,9
Uttarakhand,Garhwal,21,3
Uttarakhand,Hardwar,32,6
Uttarakhand,Nainital,93,8
Uttarakhand,Pithoragarh,26,4
Uttarakhand,Rudraprayag,3,0
Uttarakhand,Tehri Garhwal,14,0
Uttarakhand,Udham Singh Nagar,291,21
Uttarakhand,Uttarkashi,1,0
West Bengal,Bankura,54,0
West Bengal,Barddhaman,86,10
West Bengal,Birbhum,176,0
West Bengal,Cooch Behar,14,0
West Bengal,Dakshin Dinajpur,12,1
West Bengal,Darjeeling,21,2
West Bengal,East Midnapore,20,1
West Bengal,Hooghly,75,2
West Bengal,Howrah,82,1
West Bengal,Jalpaiguri,77,4
West Bengal,Kolkata,525,16
West Bengal,Malda,10,0
West Bengal,Medinipur,16,2
West Bengal,Murshidabad,16,13
West Bengal,Nadia,65,0
West Bengal,North 24 Parganas,178,8
West Bengal,North Dinajpur,2,2
West Bengal,Purulia,1,0
West Bengal,South Twenty Four Parganas,118,5
West Bengal,West Midnapore,35,0
