Gender,Age Band,Aadhaar generated,Enrolment Rejected
F,0 to 5 Years,10694,10
F,16 to 30 Years,120899,177
F,31 to 45 Years,100418,128
F,46 to 65 Years,76992,124
F,6 to 15 Years,78055,141
F,66 Years and Above,20789,70
F,Others,0,1
M,0 to 5 Years,13480,15
M,16 to 30 Years,137478,166
M,31 to 45 Years,108015,138
M,46 to 65 Years,86263,108
M,6 to 15 Years,91432,125
M,66 Years and Above,22917,105
M,Others,0,3
T,0 to 5 Years,1,0
T,16 to 30 Years,29,0
T,31 to 45 Years,24,0
T,46 to 65 Years,19,0
T,6 to 15 Years,22,0
T,66 Years and Above,5,0
