Gender,Age Band,Aadhaar generated,Enrolment Rejected
F,0 to 5 Years,47259,15676
F,16 to 30 Years,73915,18989
F,31 to 45 Years,62024,15733
F,46 to 65 Years,58075,14811
F,6 to 15 Years,49209,13765
F,66 Years and Above,26631,5454
M,0 to 5 Years,51114,16722
M,16 to 30 Years,79348,18472
M,31 to 45 Years,63793,15600
M,46 to 65 Years,55869,14619
M,6 to 15 Years,53510,15820
M,66 Years and Above,24664,5313
T,0 to 5 Years,2,2
T,16 to 30 Years,7,43
T,31 to 45 Years,9,29
T,46 to 65 Years,8,27
T,6 to 15 Years,5,23
T,66 Years and Above,2,6
