Gender,Age Band,Aadhaar generated,Enrolment Rejected
F,0 to 5 Years,31639,4105
F,16 to 30 Years,165624,7280
F,31 to 45 Years,135094,3880
F,46 to 65 Years,102580,2520
F,6 to 15 Years,103208,7261
F,66 Years and Above,25963,501
M,0 to 5 Years,33182,4284
M,16 to 30 Years,161984,4553
M,31 to 45 Years,125646,2126
M,46 to 65 Years,96754,1594
M,6 to 15 Years,106616,7006
M,66 Years and Above,25055,446
T,0 to 5 Years,2,0
T,16 to 30 Years,8,3
T,31 to 45 Years,7,3
T,46 to 65 Years,6,0
T,6 to 15 Years,4,1
T,66 Years and Above,1,0
