Gender,Age Band,Aadhaar generated,Enrolment Rejected
F,0 to 5 Years,18892,5265
F,16 to 30 Years,161332,16732
F,31 to 45 Years,138567,12124
F,46 to 65 Years,107694,9775
F,6 to 15 Years,94188,10033
F,66 Years and Above,35045,2550
M,0 to 5 Years,23851,6279
M,16 to 30 Years,169417,15434
M,31 to 45 Years,132477,12403
M,46 to 65 Years,107909,10937
M,6 to 15 Years,103450,13374
M,66 Years and Above,34775,3200
T,0 to 5 Years,0,1
T,16 to 30 Years,15,4
T,31 to 45 Years,14,2
T,46 to 65 Years,13,3
T,6 to 15 Years,7,2
T,66 Years and Above,4,1
