Registrar,Enrolment Agency,Aadhaar generated,Enrolment Rejected
Allahabad Bank,Vakrangee Softwares Limited,15,11
Bank Of India,A3 Logics  India  Ltd,463,51
Bank Of India,Akanksha International,146,5
Bank Of India,Blue Circle Instrument,308,24
Bank Of India,CHESSY CONSULTANTS PVT LTD,201,9
Bank Of India,DATASOFT COMPUTER SERVICES(P),141,7
Bank Of India,Emdee Digitronics Pvt.Ltd.,1,0
Bank Of India,Frontech Systems Pvt Ltd,59,17
Bank Of India,ITI LIMITED,0,1
Bank Of India,MANTRA SOFTTECH (INDIA) PVTLTD,12,4
Bank Of India,Matrix Processing House,1067,19
Bank Of India,OSWAL COMPUTERS & CONSULTANTS,573,67
Bank Of India,PROTEX COMPUTER PVT LTD,530,15
Bank Of India,SARADA SYSTEMS,268,4
Bank Of India,SHRIKRISHNA KHANDASARI SUGAR M,2153,91
Bank Of India,SPANCO,233,8
Bank Of India,SREI INFRASTRUCTURE FINANCES L,1250,44
Bank Of India,Silver Touch Technologies Ltd,50,11
Bank Of India,Systematic & Advance Const P L,620,19
Bank Of India,VEETECHNOLOGIES PVT. LTD,1389,3
Bank Of India,Vakrangee Softwares Limited,15,5
Bank of Baroda,Global Finsol Private Limited,469,9
Bank of Baroda,IL&FS LTD,1,0
Bank of Maharashtra,Alankit Finsec Ltd,22,6
Bank of Maharashtra,FINANCIAL INFORMATION NETWORK,1491,38
Bank of Maharashtra,Micro Technologies India Ltd,268,13
Bank of Maharashtra,Tera Software Ltd,2723,1
CSC e-Governance Services India Limited,A I Soc for Electronics and Comp Tech,373,21
CSC e-Governance Services India Limited,AKSH OPTIFIBRE LIMITED,261,8
CSC e-Governance Services India Limited,BASIX,183,14
CSC e-Governance Services India Limited,CALANCE SOFTWARE PRIVATE LTD,545,2
CSC e-Governance Services India Limited,CMS Computers Ltd,792,56
CSC e-Governance Services India Limited,CSC e-Governance Services India Limited,496,30
CSC e-Governance Services India Limited,Intelligent Communication Systems India Limited,27,5
CSC e-Governance Services India Limited,MANTRA SOFTTECH (INDIA) PVTLTD,330,0
CSC e-Governance Services India Limited,Network for Information & Computer,639,1
CSC e-Governance Services India Limited,Reliance Communication Limited,233,20
CSC e-Governance Services India Limited,SPANCO,68,2
CSC e-Governance Services India Limited,Tera Software Ltd,74,1
CSC e-Governance Services India Limited,United Telecoms e-Services Pvt Ltd,298,24
CSC e-Governance Services India Limited,VIKALP MULTIMEDIA,106,1
CSC e-Governance Services India Limited,Vakrangee Softwares Limited,1183,11
CSC e-Governance Services India Limited,Zephyr System Pvt.Ltd.,9,0
Central Bank of India,CALANCE SOFTWARE PRIVATE LTD,405,20
Central Bank of India,IAP COMPANY Pvt. Ltd,717,31
Central Bank of India,MANTRA SOFTTECH (INDIA) PVTLTD,16,0
Central Bank of India,The Peerless General Finance,333,16
DENA BANK,ATISHAY INFOTECH PVT. LTD.,472,6
DENA BANK,Bloom Solutions Pvt Ltd,1147,132
DENA BANK,Business Information Processing Services,9,4
DENA BANK,CALANCE SOFTWARE PRIVATE LTD,80,1
DENA BANK,DATASOFT COMPUTER SERVICES(P),13,2
DENA BANK,JNET Technologies Pvt.Ltd,292,19
DENA BANK,K W Consulting P Ltd,349,45
DENA BANK,Multiwave Innovation,107,3
DENA BANK,Narayana Electricals Solution Pvt Ltd,38,0
DENA BANK,Netlink software Pvt Ltd,65,1
DENA BANK,Prodigy Systems and Services Private Limited,84,35
DENA BANK,Soc for Advancement of Environ Science,65,13
DENA BANK,Super Printers,19,1
DENA BANK,Systematic & Advance Const P L,59,0
DENA BANK,TechSmart India Pvt Ltd,31,47
DENA BANK,Tera Software Ltd,1271,8
DENA BANK,WEBEL,1,1
Delhi - Central DC,Smart Chip Limited,18,7
Delhi - East DC,DATASOFT COMPUTER SERVICES(P),49,15
Delhi - ND DC,Smart Chip Limited,3,1
Delhi - NE DC,Smart Chip Limited,43,11
Delhi - North DC,CALANCE SOFTWARE PRIVATE LTD,110,42
Delhi - North DC,NVR & ASSOCIATES LIMITED,59,73
Delhi - North DC,Smart Chip Limited,42,37
Delhi SW DC,VIRGO SOFTECH LIMITED,10,12
Delhi- South DC,Karvy Computershare Private Li,6,5
Delhi- South DC,Smart Chip Limited,12,1
Delhi- West DC,Smart Chip Limited,19,1
Delhi- West DC,VIRGO SOFTECH LIMITED,21,14
Delhi-NW DC,Karvy Computershare Private Li,12,3
Department of Information Technology Govt of Jharkhand,Blue Circle Instrument,53,1
Department of Information Technology Govt of Jharkhand,MKS Enterprises,224,9
Department of Information Technology Govt of Jharkhand,Systematic & Advance Const P L,0,1
Dept of ITC Govt of Rajasthan,ATISHAY INFOTECH PVT. LTD.,333,16
Dept of ITC Govt of Rajasthan,AVVAS INFOTECH PVT  LTD,619,17
Dept of ITC Govt of Rajasthan,Alankit Finsec Ltd,81,30
Dept of ITC Govt of Rajasthan,Business Information Processing Services,183,0
Dept of ITC Govt of Rajasthan,DATASOFT COMPUTER SERVICES(P),500,40
Dept of ITC Govt of Rajasthan,Gem Computers,337,1
Dept of ITC Govt of Rajasthan,MANTRA SOFTTECH (INDIA) PVTLTD,180,0
Dept of ITC Govt of Rajasthan,Multiwave Innovation,38,4
Dept of ITC Govt of Rajasthan,Netlink software Pvt Ltd,112,5
Dept of ITC Govt of Rajasthan,TechSmart India Pvt Ltd,98,15
Dept of ITC Govt of Rajasthan,Transline Technologies P Ltd,222,12
Dept of ITC Govt of Rajasthan,VIRGO SOFTECH LIMITED,554,14
Dept of ITC Govt of Rajasthan,Vakrangee Softwares Limited,1035,163
Dept of ITC Govt of Rajasthan,Vayam technologies Ltd,646,13
FCR Govt of Haryana,4G INFORMATICS,114,0
FCR Govt of Haryana,Radiant Info Systems Ltd,2,0
FCR Govt of Haryana,Vakrangee Softwares Limited,9,24
FCR Govt of Haryana,Vayam technologies Ltd,21,1
FCS Govt of Punjab,CSS TECHNERGY LIMITED,1,15
FCS Govt of Punjab,Karvy Computershare Private Li,858,38
FCS Govt of Punjab,Vayam technologies Ltd,159,70
FCS Govt of Punjab,eCentric solutions pvt ltd,246,97
Govt of Andhra Pradesh,Gouthami Educational Society,80,171
Govt of Andhra Pradesh,GrapeSoft,271,23
Govt of Andhra Pradesh,IL&FS LTD,1,0
Govt of Andhra Pradesh,INFRONICS SYSTEMS LTD,169,1594
Govt of Andhra Pradesh,SREEVEN INFOCOM LIMITED,69,171
Govt of Andhra Pradesh,TechSmart India Pvt Ltd,116,59
Govt of Andhra Pradesh,Tera Software Ltd,216,1013
Govt of Goa,MARS Telecom Systems Pvt Ltd,170,0
Govt of Goa,Tera Software Ltd,1,0
Govt of Gujarat,GSS Infotech Ltd,555,17
Govt of Gujarat,Karvy Computershare Private Li,1606,25
Govt of Gujarat,Silver Touch Technologies Ltd,2178,45
Govt of Gujarat,Tera Software Ltd,1377,9
Govt of Gujarat,Transline Technologies P Ltd,85,1
Govt of Gujarat,Vayam technologies Ltd,668,12
Govt of Gujarat,eCentric solutions pvt ltd,1324,3
Govt of Himachal Pradesh,Wipro Ltd,79,10
Govt of Himachal Pradesh,i-Grandee SoftwareTechnologies,131,14
Govt of Karnataka ,BNR UDYOG LIMITED,25,0
Govt of Karnataka ,Bloom Solutions Pvt Ltd,375,1
Govt of Karnataka ,MARS Telecom Systems Pvt Ltd,1082,65
Govt of Karnataka ,Ninestars Information Technologies Ltd,392,37
Govt of Karnataka ,Origin ITFS Pvt Ltd,873,11
Govt of Karnataka ,SREEVEN INFOCOM LIMITED,845,25
Govt of Kerala,Akshaya,887,199
Govt of Kerala,Keltron,209,25
Govt of Madhya Pradesh,VIRGO SOFTECH LIMITED,2,0
Govt of Maharashtra,Alankit Finsec Ltd,268,73
Govt of Maharashtra,Bharat Technical Solutions Private Limited,66,1
Govt of Maharashtra,Eagle press pvt ltd,74,5
Govt of Maharashtra,GLODYNE TECHNOSERVE,2,0
Govt of Maharashtra,GSS Infotech Ltd,2,0
Govt of Maharashtra,Global Finsol Private Limited,172,0
Govt of Maharashtra,Karvy Computershare Private Li,1075,171
Govt of Maharashtra,M/S King Computer System pvt Ltd,40,0
Govt of Maharashtra,M/s. Vidya Online  Pune,154,37
Govt of Maharashtra,Narayana Electricals Solution Pvt Ltd,186,6
Govt of Maharashtra,Netlink software Pvt Ltd,905,18
Govt of Maharashtra,Rudranee Infotech Ltd,109,1
Govt of Maharashtra,SETU MAHARASHTRA,18,0
Govt of Maharashtra,SHREERAM PRINTING PRESS,130,7
Govt of Maharashtra,SPANCO,350,19
Govt of Maharashtra,STRATEGIC OUTSOURCING SERVICE,715,27
Govt of Maharashtra,Silver Touch Technologies Ltd,359,9
Govt of Maharashtra,Systematic & Advance Const P L,65,0
Govt of Maharashtra,TechSmart India Pvt Ltd,350,66
Govt of Maharashtra,Tera Software Ltd,18,10
Govt of Maharashtra,Transline Technologies P Ltd,132,8
Govt of Maharashtra,Wipro Ltd,576,34
Govt of Sikkim - Dept of Econo,Department of Economics Statistics  Monitoring and Evaluation DESME,8,3
IDBI Bank ltd,ATISHAY INFOTECH PVT. LTD.,69,44
IDBI Bank ltd,Matrix Processing House,91,2
IDBI Bank ltd,SREEVEN INFOCOM LIMITED,1005,41
IDBI Bank ltd,UTI TECHNOLOGY SERVICES LIMITE,139,4
Indiapost,Delhi Integrated MMTS Ltd,221,29
Indiapost,Global Finsol Private Limited,196,20
Indiapost,M/S STAR DATA CENTRE,56,0
Indiapost,MARS Telecom Systems Pvt Ltd,158,36
Indiapost,Smart Chip Limited,50,3
Indiapost,Vayam technologies Ltd,80,26
Indiapost,WEBEL,26,24
Information Technology & Communication Department,4G INFORMATICS,258,193
Information Technology & Communication Department,BNR UDYOG LIMITED,98,7
Information Technology & Communication Department,Bloom Solutions Pvt Ltd,205,6
Information Technology & Communication Department,CSS TECHNERGY LIMITED,149,12
Information Technology & Communication Department,GDC Advertising Pvt. Limited,254,78
Information Technology & Communication Department,JYOTHI COMPUTER SERVICES,471,7
Information Technology & Communication Department,Karvy Data Management Services,5,3
Information Technology & Communication Department,MARS Telecom Systems Pvt Ltd,141,28
Information Technology & Communication Department,SREEVEN INFOCOM LIMITED,432,17
Information Technology & Communication Department,Tera Software Ltd,335,5
Jharkhand,Alankit Assignments Limited,1,0
Jharkhand,Blue Circle Instrument,1,12
Jharkhand,Emdee Digitronics Pvt.Ltd.,97,5
Jharkhand,MKS Enterprises,104,15
Jharkhand,Nevaeh Technology Pvt. Ltd.,307,6
Jharkhand,Smart Chip Limited,13,7
Jharkhand,Systematic & Advance Const P L,75,3
Jharkhand,VISION COMPTECH INTEGRATOR LTD,454,8
Jharkhand,Wipro Ltd,2297,83
Mission Convergence - GNCT Del,Karvy Computershare Private Li,6,0
Mission Convergence - GNCT Del,NVR & ASSOCIATES LIMITED,15,0
NSDL e-Governance Infrastructure Limited,Abhipra Capital Ltd,94,2
NSDL e-Governance Infrastructure Limited,Alankit Assignments Limited,2338,81
NSDL e-Governance Infrastructure Limited,Delhi Integrated MMTS Ltd,55,5
NSDL e-Governance Infrastructure Limited,Global Finsol Private Limited,261,3
NSDL e-Governance Infrastructure Limited,INTEGRATED REGISTRY SERVICES LTD,4,2
NSDL e-Governance Infrastructure Limited,Karvy Data Management Services,1284,150
NSDL e-Governance Infrastructure Limited,Netlink software Pvt Ltd,719,43
NSDL e-Governance Infrastructure Limited,PROWIZ MANSYTEMS PVT LTD,472,6
NSDL e-Governance Infrastructure Limited,VIRGO SOFTECH LIMITED,382,12
Oriental Bank of Commerce,DATASOFT COMPUTER SERVICES(P),18,11
Oriental Bank of Commerce,Euro Finmart Ltd,6,4
Oriental Bank of Commerce,FINANCIAL INFORMATION NETWORK,2,0
Oriental Bank of Commerce,JNET Technologies Pvt.Ltd,94,0
Oriental Bank of Commerce,Redim Software Technologies Pvt Ltd,59,12
Oriental Bank of Commerce,Sri Ramraja Sarkar Lok Kalyan Trust,707,33
Oriental Bank of Commerce,Wipro Ltd,1087,14
Principal Revenue Commissioner  Dept of Revenue  Govt of MP,Frontech Systems Pvt Ltd,39,0
Principal Revenue Commissioner  Dept of Revenue  Govt of MP,K W Consulting P Ltd,74,0
Principal Revenue Commissioner  Dept of Revenue  Govt of MP,Netlink software Pvt Ltd,1,0
Principal Revenue Commissioner  Dept of Revenue  Govt of MP,Tera Software Ltd,142,0
RDD Govt of Tripura,Alankit Assignments Limited,2,0
Registrar General India BEL2,Alankit Assignments Limited,80,4
Registrar General India BEL2,Computer LAB,4147,34
Registrar General India BEL2,Emdee Digitronics Pvt.Ltd.,253,2
Registrar General India BEL2,In Media Computer Services LLP,8,0
Registrar General India BEL2,India Computer Technology,7594,75
Registrar General India BEL2,MACRO INFOTECH PVT LTD,1109,2
Registrar General India BEL2,Madras Security Printers Ltd,1738,18
Registrar General India BEL2,Manipur Electronics Dev Corp,1,0
Registrar General India BEL2,Multiwave Innovation,115,4
Registrar General India BEL2,Netlink software Pvt Ltd,354,7
Registrar General India BEL2,Nevaeh Technology Pvt. Ltd.,72,0
Registrar General India BEL2,Nielsen  India  Private Limited,199,3
Registrar General India BEL2,Om Softwares,1067,53
Registrar General India BEL2,SREEVEN INFOCOM LIMITED,0,3
Registrar General India BEL2,STRATEGIC OUTSOURCING SERVICE,833,50
Registrar General India BEL2,Satyanarayana Raju Company Pvt ltd,418,1
Registrar General India BEL2,Swathy Smartcards Hi-Tech Pvt,5093,422
Registrar General India BEL2,Swiss Tech India Pvt Ltd,1402,5
Registrar General India BEL2,Tera Software Ltd,1364,146
Registrar General India BEL2,UNITED DATA SERVICES PRIVATE LIMITED,1112,10
Registrar General India BEL2,VIRGO SOFTECH LIMITED,358,0
Registrar General India BEL2,Vansh Infotech Pvt Ltd,83,1
Registrar General India BEL2,Vedavaag Systems Limited,1340,22
Registrar General India BEL2,Viesa Technologies,40,0
Registrar General India ECIL,AVVAS INFOTECH PVT  LTD,1014,50
Registrar General India ECIL,BUSINESS INFORMATION PROCESSING SERVICES,60,1
Registrar General India ECIL,COMTECH INSTITUTE OFTECHNOLOGY,1294,28
Registrar General India ECIL,COMTECHINFO SOLUTIONS PVT.LTD,305,1
Registrar General India ECIL,Chinar Construction Company Prime agency,620,16
Registrar General India ECIL,Clairvoyance Technologies Pvt.,12,4
Registrar General India ECIL,Computer LAB,7011,1538
Registrar General India ECIL,Eagle Software India Pvt. Ltd,6171,450
Registrar General India ECIL,Esoft Consulting Limited,11,0
Registrar General India ECIL,In Media Computer Services LLP,865,6
Registrar General India ECIL,India Computer Technology,2190,785
Registrar General India ECIL,Karvy Data Management Services,3857,66
Registrar General India ECIL,Krishna Infotech,25,4
Registrar General India ECIL,LYRA  CONSULTANCY SERVICE,2,0
Registrar General India ECIL,Madras Security Printers Ltd,1554,627
Registrar General India ECIL,Mphasis Ltd,776,5
Registrar General India ECIL,Netwing Technologies Pvt Ltd,19,0
Registrar General India ECIL,Nielsen  India  Private Limited,731,0
Registrar General India ECIL,Pioneer E Labs limited,103,36
Registrar General India ECIL,Quick Data IT Services Pvt Ltd,10,0
Registrar General India ECIL,SARADA SYSTEMS,597,10
Registrar General India ECIL,SWISSTECH NPR 57CR PROJECT PVT,1847,248
Registrar General India ECIL,Tera Software Ltd,445,3
Registrar General India ECIL,Vedavaag Systems Limited,243,37
Registrar General India Others,COMTECH INSTITUTE OFTECHNOLOGY,24,0
Registrar General India Others,Computer LAB,1,0
Registrar General India Others,Eagle Software India Pvt. Ltd,0,1
Registrar General India Others,Madras Security Printers Ltd,0,2
Registrar General India Others,STRATEGIC OUTSOURCING SERVICE,2,0
Registrar General India Others,Swathy Smartcards Hi-Tech Pvt,1,6
Registrar General India Others,Vansh Infotech Pvt Ltd,2,0
Registrar General of India ITI,COMTECH INSTITUTE OFTECHNOLOGY,1019,3
Registrar General of India ITI,CSS TECHNERGY LIMITED,71,4
Registrar General of India ITI,CommunitiWorks Welfare Society,9,3
Registrar General of India ITI,Eagle Software India Pvt. Ltd,604,19
Registrar General of India ITI,Emdee Digitronics Pvt.Ltd.,6879,287
Registrar General of India ITI,In Media Computer Services LLP,82,0
Registrar General of India ITI,Karvy Data Management Services,882,45
Registrar General of India ITI,Madras Security Printers Ltd,87,1
Registrar General of India ITI,Mphasis Ltd,55,8
Registrar General of India ITI,Netlink software Pvt Ltd,154,2
Registrar General of India ITI,Netwing Technologies Pvt Ltd,2,0
Registrar General of India ITI,Nielsen  India  Private Limited,170,3
Registrar General of India ITI,SREEVEN INFOCOM LIMITED,0,8
Registrar General of India ITI,STRATEGIC OUTSOURCING SERVICE,385,2
Registrar General of India ITI,Satyanarayana Raju Company Pvt ltd,636,2
Registrar General of India ITI,Swathy Smartcards Hi-Tech Pvt,458,58
Registrar General of India ITI,TechSmart India Pvt Ltd,0,1
Registrar General of India ITI,Urmila Info solution,3,0
Registrar General of India ITI,VIRGO SOFTECH LIMITED,447,11
Registrar General of India ITI,Vedavaag Systems Limited,440,0
Registrar General of India ITI,WEBEL TECHNOLOGY LIMITED,2973,8
Registrar General of India ITI,Webx Technologies Private Limited,3,0
STATE BANK OF PATIALA,CSS TECHNERGY LIMITED,0,1
State Bank of Bikaner & Jaipur,Multiwave Innovation,106,2
State Bank of Travancore,Tera Software Ltd,6,1
UIDAI-Registrar,UIDAI-EA,5,0
UT Of Daman and Diu,Alankit Assignments Limited,3,8
UT of Puducherry,Madras Security Printers Ltd,1,6
Union Bank,FINANCIAL INFORMATION NETWORK,6264,347
Union Bank,Smart Chip Limited,2335,515
Union Bank,Vakrangee Softwares Limited,6288,364
