Registrar,Enrolment Agency,Aadhaar generated,Enrolment Rejected
Allahabad Bank,Vakrangee Softwares Limited,9425,333
Bank Of India,A3 Logics  India  Ltd,5555,384
Bank Of India,Akanksha International,1228,330
Bank Of India,Blue Circle Instrument,3718,161
Bank Of India,CHESSY CONSULTANTS PVT LTD,1257,159
Bank Of India,DATASOFT COMPUTER SERVICES(P),790,101
Bank Of India,Emdee Digitronics Pvt.Ltd.,808,11
Bank Of India,Frontech Systems Pvt Ltd,757,276
Bank Of India,ITI LIMITED,8,16
Bank Of India,MANTRA SOFTTECH (INDIA) PVTLTD,2239,147
Bank Of India,Matrix Processing House,5084,362
Bank Of India,OPTIMIX CONSULTANCY PRIVATE LT,2,0
Bank Of India,OSWAL COMPUTERS & CONSULTANTS,4938,857
Bank Of India,PROTEX COMPUTER PVT LTD,2616,166
Bank Of India,SARADA SYSTEMS,2318,98
Bank Of India,SHRIKRISHNA KHANDASARI SUGAR M,6029,868
Bank Of India,SPANCO,2081,165
Bank Of India,SREI INFRASTRUCTURE FINANCES L,8666,386
Bank Of India,Silver Touch Technologies Ltd,837,108
Bank Of India,Systematic & Advance Const P L,5272,379
Bank Of India,VEETECHNOLOGIES PVT. LTD,4107,132
Bank Of India,Vakrangee Softwares Limited,1289,433
Bank of Baroda,Global Finsol Private Limited,3028,229
Bank of Maharashtra,Alankit Finsec Ltd,193,22
Bank of Maharashtra,FINANCIAL INFORMATION NETWORK,4086,179
Bank of Maharashtra,Micro Technologies India Ltd,1240,168
Bank of Maharashtra,Tera Software Ltd,5907,148
CSC e-Governance Services India Limited,A I Soc for Electronics and Comp Tech,9484,431
CSC e-Governance Services India Limited,AKSH OPTIFIBRE LIMITED,1959,98
CSC e-Governance Services India Limited,BASIX,2833,199
CSC e-Governance Services India Limited,CALANCE SOFTWARE PRIVATE LTD,2245,61
CSC e-Governance Services India Limited,CMS Computers Ltd,9034,817
CSC e-Governance Services India Limited,CSC e-Governance Services India Limited,3589,426
CSC e-Governance Services India Limited,Intelligent Communication Systems India Limited,329,149
CSC e-Governance Services India Limited,MANTRA SOFTTECH (INDIA) PVTLTD,880,32
CSC e-Governance Services India Limited,Network for Information & Computer,2309,121
CSC e-Governance Services India Limited,Reliance Communication Limited,1992,98
CSC e-Governance Services India Limited,SPANCO,472,17
CSC e-Governance Services India Limited,Tera Software Ltd,87,4
CSC e-Governance Services India Limited,United Telecoms e-Services Pvt Ltd,2576,299
CSC e-Governance Services India Limited,VIKALP MULTIMEDIA,1293,138
CSC e-Governance Services India Limited,Vakrangee Softwares Limited,2561,207
CSC e-Governance Services India Limited,Zephyr System Pvt.Ltd.,310,1
Central Bank of India,CALANCE SOFTWARE PRIVATE LTD,2918,143
Central Bank of India,IAP COMPANY Pvt. Ltd,8065,708
Central Bank of India,IL&FS LTD,0,1
Central Bank of India,MANTRA SOFTTECH (INDIA) PVTLTD,532,25
Central Bank of India,The Peerless General Finance,2817,120
DENA BANK,ATISHAY INFOTECH PVT. LTD.,2715,116
DENA BANK,Bloom Solutions Pvt Ltd,2760,1487
DENA BANK,Business Information Processing Services,236,17
DENA BANK,CALANCE SOFTWARE PRIVATE LTD,423,159
DENA BANK,DATASOFT COMPUTER SERVICES(P),231,31
DENA BANK,JNET Technologies Pvt.Ltd,5433,166
DENA BANK,K W Consulting P Ltd,1598,614
DENA BANK,Multiwave Innovation,1099,107
DENA BANK,Narayana Electricals Solution Pvt Ltd,316,37
DENA BANK,Netlink software Pvt Ltd,1259,28
DENA BANK,Ortem Securities Limited,19,8
DENA BANK,Prodigy Systems and Services Private Limited,446,590
DENA BANK,Soc for Advancement of Environ Science,944,119
DENA BANK,Super Printers,477,30
DENA BANK,Systematic & Advance Const P L,4282,17
DENA BANK,TechSmart India Pvt Ltd,3180,1840
DENA BANK,Tera Software Ltd,2141,87
DENA BANK,WEBEL,68,10
Delhi - Central DC,Smart Chip Limited,480,156
Delhi - East DC,DATASOFT COMPUTER SERVICES(P),640,336
Delhi - ND DC,Smart Chip Limited,253,97
Delhi - NE DC,Smart Chip Limited,523,287
Delhi - North DC,CALANCE SOFTWARE PRIVATE LTD,967,657
Delhi - North DC,NVR & ASSOCIATES LIMITED,1692,465
Delhi - North DC,Smart Chip Limited,1031,436
Delhi SW DC,VIRGO SOFTECH LIMITED,231,126
Delhi- South DC,Karvy Computershare Private Li,352,27
Delhi- South DC,Smart Chip Limited,248,117
Delhi- West DC,Smart Chip Limited,299,80
Delhi- West DC,VIRGO SOFTECH LIMITED,594,174
Delhi-NW DC,Karvy Computershare Private Li,260,262
Department of Information Technology Govt of Jharkhand,Blue Circle Instrument,1260,138
Department of Information Technology Govt of Jharkhand,MKS Enterprises,2626,248
Department of Information Technology Govt of Jharkhand,Systematic & Advance Const P L,35,50
Department of Information Technology Govt of Jharkhand,Vayam technologies Ltd,19,3
Dept of ITC Govt of Rajasthan,ATISHAY INFOTECH PVT. LTD.,6767,507
Dept of ITC Govt of Rajasthan,AVVAS INFOTECH PVT  LTD,5334,545
Dept of ITC Govt of Rajasthan,Alankit Finsec Ltd,2834,187
Dept of ITC Govt of Rajasthan,Business Information Processing Services,2097,47
Dept of ITC Govt of Rajasthan,DATASOFT COMPUTER SERVICES(P),6192,399
Dept of ITC Govt of Rajasthan,Gem Computers,1995,30
Dept of ITC Govt of Rajasthan,MANTRA SOFTTECH (INDIA) PVTLTD,489,17
Dept of ITC Govt of Rajasthan,Multiwave Innovation,1296,16
Dept of ITC Govt of Rajasthan,Netlink software Pvt Ltd,749,71
Dept of ITC Govt of Rajasthan,TechSmart India Pvt Ltd,979,289
Dept of ITC Govt of Rajasthan,Transline Technologies P Ltd,4350,278
Dept of ITC Govt of Rajasthan,VIRGO SOFTECH LIMITED,656,147
Dept of ITC Govt of Rajasthan,Vakrangee Softwares Limited,5379,1212
Dept of ITC Govt of Rajasthan,Vayam technologies Ltd,6570,318
FCR Govt of Haryana,4G INFORMATICS,1015,23
FCR Govt of Haryana,Radiant Info Systems Ltd,302,3
FCR Govt of Haryana,Vakrangee Softwares Limited,404,27
FCR Govt of Haryana,Vayam technologies Ltd,3844,8
FCS Govt of Punjab,Alankit Assignments Limited,0,3
FCS Govt of Punjab,Alankit Finsec Ltd,0,5
FCS Govt of Punjab,Alankit Life Care Ltd,0,1
FCS Govt of Punjab,CSS TECHNERGY LIMITED,173,62
FCS Govt of Punjab,Karvy Computershare Private Li,3554,726
FCS Govt of Punjab,Vayam technologies Ltd,1375,198
FCS Govt of Punjab,eCentric solutions pvt ltd,4377,718
Govt of Andhra Pradesh,Gouthami Educational Society,622,486
Govt of Andhra Pradesh,GrapeSoft,2843,336
Govt of Andhra Pradesh,IL&FS LTD,26,16
Govt of Andhra Pradesh,INFRONICS SYSTEMS LTD,1138,1097
Govt of Andhra Pradesh,Madras Security Printers Ltd,1,11
Govt of Andhra Pradesh,SREEVEN INFOCOM LIMITED,1013,41
Govt of Andhra Pradesh,TechSmart India Pvt Ltd,2155,466
Govt of Andhra Pradesh,Tera Software Ltd,2701,329
Govt of Andhra Pradesh,eCentric solutions pvt ltd,2,12
Govt of Goa,COMAT TECHNOLOGIES P LTD,0,1
Govt of Goa,MARS Telecom Systems Pvt Ltd,130,95
Govt of Gujarat,GSS Infotech Ltd,6460,197
Govt of Gujarat,Karvy Computershare Private Li,15192,679
Govt of Gujarat,Silver Touch Technologies Ltd,40990,884
Govt of Gujarat,Tera Software Ltd,9276,198
Govt of Gujarat,Transline Technologies P Ltd,452,62
Govt of Gujarat,Vayam technologies Ltd,5814,373
Govt of Gujarat,eCentric solutions pvt ltd,2683,182
Govt of Himachal Pradesh,IL&FS LTD,0,1
Govt of Himachal Pradesh,Wipro Ltd,1281,402
Govt of Himachal Pradesh,i-Grandee SoftwareTechnologies,4062,297
Govt of Karnataka ,BNR UDYOG LIMITED,136,26
Govt of Karnataka ,Bloom Solutions Pvt Ltd,2907,27
Govt of Karnataka ,COMAT TECHNOLOGIES P LTD,0,2
Govt of Karnataka ,MARS Telecom Systems Pvt Ltd,8363,490
Govt of Karnataka ,Ninestars Information Technologies Ltd,6450,1072
Govt of Karnataka ,Om Softwares,1,2
Govt of Karnataka ,Origin ITFS Pvt Ltd,10458,1311
Govt of Karnataka ,Radiant Info Systems Ltd,116,3
Govt of Karnataka ,SREEVEN INFOCOM LIMITED,5713,622
Govt of Kerala,Akshaya,16922,1312
Govt of Kerala,Keltron,2241,409
Govt of Madhya Pradesh,VIRGO SOFTECH LIMITED,0,6
Govt of Maharashtra,Alankit Assignments Limited,0,9
Govt of Maharashtra,Alankit Finsec Ltd,2793,349
Govt of Maharashtra,Bharat Technical Solutions Private Limited,1954,11
Govt of Maharashtra,Eagle press pvt ltd,408,45
Govt of Maharashtra,GLODYNE TECHNOSERVE,12,21
Govt of Maharashtra,GSS Infotech Ltd,2,0
Govt of Maharashtra,Global Finsol Private Limited,2244,62
Govt of Maharashtra,Karvy Computershare Private Li,11105,1439
Govt of Maharashtra,M/S King Computer System pvt Ltd,326,1
Govt of Maharashtra,M/s. Vidya Online  Pune,551,320
Govt of Maharashtra,Narayana Electricals Solution Pvt Ltd,3094,116
Govt of Maharashtra,Netlink software Pvt Ltd,3835,696
Govt of Maharashtra,Network for Information & Computer,25,6
Govt of Maharashtra,Obel projects Pvt Ltd,1,13
Govt of Maharashtra,Rudranee Infotech Ltd,2122,141
Govt of Maharashtra,SETU MAHARASHTRA,204,9
Govt of Maharashtra,SHREERAM PRINTING PRESS,3895,121
Govt of Maharashtra,SPANCO,5065,263
Govt of Maharashtra,STRATEGIC OUTSOURCING SERVICE,7701,332
Govt of Maharashtra,Silver Touch Technologies Ltd,5456,164
Govt of Maharashtra,Systematic & Advance Const P L,223,74
Govt of Maharashtra,TechSmart India Pvt Ltd,5627,417
Govt of Maharashtra,Tera Software Ltd,97,33
Govt of Maharashtra,Transline Technologies P Ltd,1111,519
Govt of Maharashtra,Wipro Ltd,2725,612
Govt of Sikkim - Dept of Econo,Department of Economics Statistics  Monitoring and Evaluation DESME,269,16
IDBI Bank ltd,ATISHAY INFOTECH PVT. LTD.,899,307
IDBI Bank ltd,Matrix Processing House,465,31
IDBI Bank ltd,SREEVEN INFOCOM LIMITED,6727,622
IDBI Bank ltd,UTI TECHNOLOGY SERVICES LIMITE,912,66
Indiapost,Delhi Integrated MMTS Ltd,2619,303
Indiapost,GLODYNE TECHNOSERVE,3,10
Indiapost,Global Finsol Private Limited,2087,264
Indiapost,M/S STAR DATA CENTRE,503,30
Indiapost,MARS Telecom Systems Pvt Ltd,947,480
Indiapost,Smart Chip Limited,172,20
Indiapost,The NSIC ltd,1,0
Indiapost,UTI TECHNOLOGY SERVICES LIMITE,0,1
Indiapost,Vayam technologies Ltd,919,89
Indiapost,WEBEL,358,155
Information Technology & Communication Department,4G INFORMATICS,3490,349
Information Technology & Communication Department,BNR UDYOG LIMITED,2750,339
Information Technology & Communication Department,Bloom Solutions Pvt Ltd,4042,199
Information Technology & Communication Department,CSS TECHNERGY LIMITED,869,58
Information Technology & Communication Department,GDC Advertising Pvt. Limited,1521,122
Information Technology & Communication Department,JYOTHI COMPUTER SERVICES,1651,256
Information Technology & Communication Department,Karvy Data Management Services,507,11
Information Technology & Communication Department,MARS Telecom Systems Pvt Ltd,867,378
Information Technology & Communication Department,SREEVEN INFOCOM LIMITED,10714,153
Information Technology & Communication Department,Tera Software Ltd,2883,581
Jharkhand,Alankit Assignments Limited,127,9
Jharkhand,Blue Circle Instrument,114,57
Jharkhand,Emdee Digitronics Pvt.Ltd.,1676,113
Jharkhand,MKS Enterprises,1342,241
Jharkhand,Nevaeh Technology Pvt. Ltd.,1581,17
Jharkhand,STRATEGIC OUTSOURCING SERVICE,45,3
Jharkhand,Smart Chip Limited,58,54
Jharkhand,Systematic & Advance Const P L,3222,146
Jharkhand,VISION COMPTECH INTEGRATOR LTD,3632,210
Jharkhand,Wipro Ltd,10441,1069
Mission Convergence - GNCT Del,Karvy Computershare Private Li,236,78
Mission Convergence - GNCT Del,NVR & ASSOCIATES LIMITED,187,57
Mission Convergence - GNCT Del,STRATEGIC OUTSOURCING SERVICE,0,1
NSDL e-Governance Infrastructure Limited,Abhipra Capital Ltd,2573,306
NSDL e-Governance Infrastructure Limited,Alankit Assignments Limited,8582,1098
NSDL e-Governance Infrastructure Limited,Delhi Integrated MMTS Ltd,521,53
NSDL e-Governance Infrastructure Limited,Global Finsol Private Limited,1233,92
NSDL e-Governance Infrastructure Limited,INTEGRATED REGISTRY SERVICES LTD,118,3
NSDL e-Governance Infrastructure Limited,Karvy Data Management Services,16765,1598
NSDL e-Governance Infrastructure Limited,Netlink software Pvt Ltd,5963,542
NSDL e-Governance Infrastructure Limited,PROWIZ MANSYTEMS PVT LTD,2578,184
NSDL e-Governance Infrastructure Limited,VIRGO SOFTECH LIMITED,4889,179
Oriental Bank of Commerce,DATASOFT COMPUTER SERVICES(P),450,57
Oriental Bank of Commerce,Euro Finmart Ltd,530,22
Oriental Bank of Commerce,FINANCIAL INFORMATION NETWORK,0,3
Oriental Bank of Commerce,JNET Technologies Pvt.Ltd,910,92
Oriental Bank of Commerce,Redim Software Technologies Pvt Ltd,157,130
Oriental Bank of Commerce,Sri Ramraja Sarkar Lok Kalyan Trust,3631,321
Oriental Bank of Commerce,Wipro Ltd,5657,375
Principal Revenue Commissioner  Dept of Revenue  Govt of MP,Frontech Systems Pvt Ltd,2,0
Principal Revenue Commissioner  Dept of Revenue  Govt of MP,K W Consulting P Ltd,161,7
Principal Revenue Commissioner  Dept of Revenue  Govt of MP,Netlink software Pvt Ltd,9,1
Principal Revenue Commissioner  Dept of Revenue  Govt of MP,Tera Software Ltd,52,2
Punjab and Sind Bank,Matrix Processing House,1,0
RDD Govt of Tripura,Alankit Assignments Limited,18,9
Registrar General India - BEL,In Media Computer Services LLP,2,7
Registrar General India - BEL,Manipur Electronics Dev Corp,7,2
Registrar General India - BEL,Swathy Smartcards Hi-Tech Pvt,50,0
Registrar General India BEL2,Alankit Assignments Limited,3485,5
Registrar General India BEL2,Computer LAB,23785,425
Registrar General India BEL2,Emdee Digitronics Pvt.Ltd.,1310,50
Registrar General India BEL2,In Media Computer Services LLP,1,3
Registrar General India BEL2,India Computer Technology,23176,691
Registrar General India BEL2,MACRO INFOTECH PVT LTD,11528,66
Registrar General India BEL2,MKS Enterprises,82,3
Registrar General India BEL2,Madras Security Printers Ltd,18701,609
Registrar General India BEL2,Manipur Electronics Dev Corp,171,4
Registrar General India BEL2,Multiwave Innovation,4084,92
Registrar General India BEL2,Netlink software Pvt Ltd,1354,180
Registrar General India BEL2,Nevaeh Technology Pvt. Ltd.,353,27
Registrar General India BEL2,Nielsen  India  Private Limited,1003,133
Registrar General India BEL2,Om Softwares,13190,1098
Registrar General India BEL2,SREEVEN INFOCOM LIMITED,6,0
Registrar General India BEL2,STRATEGIC OUTSOURCING SERVICE,3853,856
Registrar General India BEL2,Satyanarayana Raju Company Pvt ltd,156,19
Registrar General India BEL2,Swathy Smartcards Hi-Tech Pvt,79017,4691
Registrar General India BEL2,Swiss Tech India Pvt Ltd,10418,561
Registrar General India BEL2,Tera Software Ltd,3798,940
Registrar General India BEL2,UNITED DATA SERVICES PRIVATE LIMITED,5679,182
Registrar General India BEL2,VIRGO SOFTECH LIMITED,310,29
Registrar General India BEL2,Vansh Infotech Pvt Ltd,887,204
Registrar General India BEL2,Vedavaag Systems Limited,5689,225
Registrar General India BEL2,Viesa Technologies,421,9
Registrar General India ECIL,AVVAS INFOTECH PVT  LTD,24546,241
Registrar General India ECIL,BUSINESS INFORMATION PROCESSING SERVICES,738,120
Registrar General India ECIL,COMTECH INSTITUTE OFTECHNOLOGY,5404,380
Registrar General India ECIL,COMTECHINFO SOLUTIONS PVT.LTD,3754,13
Registrar General India ECIL,Chinar Construction Company Prime agency,4593,64
Registrar General India ECIL,Clairvoyance Technologies Pvt.,442,9
Registrar General India ECIL,Computer LAB,46726,2850
Registrar General India ECIL,Eagle Software India Pvt. Ltd,38050,4849
Registrar General India ECIL,Esoft Consulting Limited,589,105
Registrar General India ECIL,In Media Computer Services LLP,4503,84
Registrar General India ECIL,India Computer Technology,10566,8917
Registrar General India ECIL,Karvy Data Management Services,20490,1182
Registrar General India ECIL,Krishna Infotech,584,157
Registrar General India ECIL,Madras Security Printers Ltd,10882,24627
Registrar General India ECIL,Mphasis Ltd,3845,541
Registrar General India ECIL,Netwing Technologies Pvt Ltd,24,21
Registrar General India ECIL,Nielsen  India  Private Limited,1033,10
Registrar General India ECIL,Pioneer E Labs limited,418,176
Registrar General India ECIL,Quick Data IT Services Pvt Ltd,97,7
Registrar General India ECIL,SARADA SYSTEMS,3838,23
Registrar General India ECIL,SWISSTECH NPR 57CR PROJECT PVT,27671,2602
Registrar General India ECIL,Tera Software Ltd,1103,2155
Registrar General India ECIL,Vedavaag Systems Limited,2897,1046
Registrar General India Others,AVVAS INFOTECH PVT  LTD,1,1
Registrar General India Others,Alankit Assignments Limited,4,1
Registrar General India Others,COMTECH INSTITUTE OFTECHNOLOGY,1,0
Registrar General India Others,Eagle Software India Pvt. Ltd,12,2
Registrar General India Others,In Media Computer Services LLP,2,1
Registrar General India Others,Integrated Systems & Services,1,0
Registrar General India Others,Madras Security Printers Ltd,1,60
Registrar General India Others,Mphasis Ltd,1,0
Registrar General India Others,STRATEGIC OUTSOURCING SERVICE,1,0
Registrar General India Others,SWISSTECH NPR 57CR PROJECT PVT,3,3
Registrar General India Others,Swathy Smartcards Hi-Tech Pvt,7,0
Registrar General India Others,Vedavaag Systems Limited,2,1
Registrar General of India ITI,COMTECH INSTITUTE OFTECHNOLOGY,2602,212
Registrar General of India ITI,CSS TECHNERGY LIMITED,70,28
Registrar General of India ITI,CommunitiWorks Welfare Society,62,26
Registrar General of India ITI,Eagle Software India Pvt. Ltd,7984,528
Registrar General of India ITI,Emdee Digitronics Pvt.Ltd.,44810,1057
Registrar General of India ITI,In Media Computer Services LLP,488,3
Registrar General of India ITI,Karvy Data Management Services,6237,406
Registrar General of India ITI,Madras Security Printers Ltd,595,56
Registrar General of India ITI,Mphasis Ltd,1956,122
Registrar General of India ITI,Multiwave Innovation,0,100
Registrar General of India ITI,Netlink software Pvt Ltd,2338,59
Registrar General of India ITI,Netwing Technologies Pvt Ltd,8,8
Registrar General of India ITI,Nielsen  India  Private Limited,1651,59
Registrar General of India ITI,SREEVEN INFOCOM LIMITED,21,99
Registrar General of India ITI,STRATEGIC OUTSOURCING SERVICE,1908,41
Registrar General of India ITI,Satyanarayana Raju Company Pvt ltd,3770,183
Registrar General of India ITI,Swathy Smartcards Hi-Tech Pvt,11260,896
Registrar General of India ITI,TechSmart India Pvt Ltd,1,328
Registrar General of India ITI,Urmila Info solution,39,2
Registrar General of India ITI,VIRGO SOFTECH LIMITED,2020,58
Registrar General of India ITI,Vedavaag Systems Limited,5139,464
Registrar General of India ITI,WEBEL TECHNOLOGY LIMITED,7537,36
Registrar General of India ITI,Webx Technologies Private Limited,4,0
State Bank of Bikaner & Jaipur,Multiwave Innovation,1034,127
State Bank of India,4G IDENTITY SOLUTIONS,0,3
State Bank of India,CSS TECHNERGY LIMITED,0,1
State Bank of India,IL&FS LTD,0,8
State Bank of India,Smart Chip Limited,0,5
State Bank of Travancore,Tera Software Ltd,221,37
Syndicate Bank,Smart Chip Limited,0,1
UIDAI-Registrar,UIDAI-EA,29,4
UT Of Daman and Diu,Alankit Assignments Limited,36,50
UT of Puducherry,Madras Security Printers Ltd,94,44
Union Bank,4G IDENTITY SOLUTIONS,0,1
Union Bank,FINANCIAL INFORMATION NETWORK,25358,3436
Union Bank,Smart Chip Limited,11146,4226
Union Bank,Vakrangee Softwares Limited,47836,3630
