Registrar,Enrolment Agency,Aadhaar generated,Enrolment Rejected
Allahabad Bank,Vakrangee Softwares Limited,26,2712
Bank Of India,A3 Logics  India  Ltd,11952,568
Bank Of India,Akanksha International,2444,108
Bank Of India,Blue Circle Instrument,3594,123
Bank Of India,CHESSY CONSULTANTS PVT LTD,2073,132
Bank Of India,DATASOFT COMPUTER SERVICES(P),3335,122
Bank Of India,Emdee Digitronics Pvt.Ltd.,901,27
Bank Of India,Frontech Systems Pvt Ltd,3686,533
Bank Of India,ITI LIMITED,2,2
Bank Of India,MANTRA SOFTTECH (INDIA) PVTLTD,450,78
Bank Of India,Matrix Processing House,17437,970
Bank Of India,OSWAL COMPUTERS & CONSULTANTS,14145,1801
Bank Of India,PROTEX COMPUTER PVT LTD,1844,236
Bank Of India,SARADA SYSTEMS,3495,192
Bank Of India,SHRIKRISHNA KHANDASARI SUGAR M,6037,802
Bank Of India,SPANCO,8631,377
Bank Of India,SREI INFRASTRUCTURE FINANCES L,17642,1123
Bank Of India,Silver Touch Technologies Ltd,1834,160
Bank Of India,Systematic & Advance Const P L,21786,1031
Bank Of India,VEETECHNOLOGIES PVT. LTD,5011,442
Bank Of India,VIRGO SOFTECH LIMITED,101,0
Bank Of India,Vakrangee Softwares Limited,73,379
Bank of Baroda,DATASOFT COMPUTER SERVICES(P),0,1
Bank of Baroda,TEAM LIFE CARE COMPANY INDIA P,6229,281
Bank of Maharashtra,Alankit Finsec Ltd,358,74
Bank of Maharashtra,FINANCIAL INFORMATION NETWORK,640,84
Bank of Maharashtra,Micro Technologies India Ltd,1929,902
Bank of Maharashtra,Tera Software Ltd,3706,211
CSC e-Governance Services India Limited,A I Soc for Electronics and Comp Tech,15229,1347
CSC e-Governance Services India Limited,AKSH OPTIFIBRE LIMITED,3375,87
CSC e-Governance Services India Limited,BASIX,3294,208
CSC e-Governance Services India Limited,CALANCE SOFTWARE PRIVATE LTD,4400,383
CSC e-Governance Services India Limited,CMS Computers Ltd,10119,686
CSC e-Governance Services India Limited,CSC e-Governance Services India Limited,4831,434
CSC e-Governance Services India Limited,Intelligent Communication Systems India Limited,736,89
CSC e-Governance Services India Limited,MANTRA SOFTTECH (INDIA) PVTLTD,21,8
CSC e-Governance Services India Limited,Network for Information & Computer,3456,167
CSC e-Governance Services India Limited,Reliance Communication Limited,4912,116
CSC e-Governance Services India Limited,SPANCO,607,83
CSC e-Governance Services India Limited,Tera Software Ltd,125,13
CSC e-Governance Services India Limited,United Telecoms e-Services Pvt Ltd,3705,440
CSC e-Governance Services India Limited,VIKALP MULTIMEDIA,813,20
CSC e-Governance Services India Limited,Vakrangee Softwares Limited,6269,223
Central Bank of India,CALANCE SOFTWARE PRIVATE LTD,1749,299
Central Bank of India,IAP COMPANY Pvt. Ltd,9973,844
Central Bank of India,IL&FS LTD,0,1
Central Bank of India,MANTRA SOFTTECH (INDIA) PVTLTD,117,9
Central Bank of India,The Peerless General Finance,1409,110
DENA BANK,ATISHAY INFOTECH PVT. LTD.,3212,152
DENA BANK,Bloom Solutions Pvt Ltd,4762,502
DENA BANK,Business Information Processing Services,879,65
DENA BANK,CALANCE SOFTWARE PRIVATE LTD,1401,77
DENA BANK,DATASOFT COMPUTER SERVICES(P),1121,47
DENA BANK,JNET Technologies Pvt.Ltd,6609,507
DENA BANK,K W Consulting P Ltd,7022,579
DENA BANK,Multiwave Innovation,1529,204
DENA BANK,Narayana Electricals Solution Pvt Ltd,1495,34
DENA BANK,Netlink software Pvt Ltd,77,29
DENA BANK,Ortem Securities Limited,70,7
DENA BANK,Prodigy Systems and Services Private Limited,2551,176
DENA BANK,Soc for Advancement of Environ Science,725,104
DENA BANK,Super Printers,381,12
DENA BANK,Systematic & Advance Const P L,1060,11
DENA BANK,TechSmart India Pvt Ltd,4367,935
DENA BANK,Tera Software Ltd,2830,182
DENA BANK,WEBEL,60,14
Delhi - Central DC,Smart Chip Limited,2125,211
Delhi - East DC,DATASOFT COMPUTER SERVICES(P),2005,410
Delhi - ND DC,Smart Chip Limited,505,117
Delhi - NE DC,Alankit Assignments Limited,0,9
Delhi - NE DC,Smart Chip Limited,2641,375
Delhi - North DC,CALANCE SOFTWARE PRIVATE LTD,2349,706
Delhi - North DC,NVR & ASSOCIATES LIMITED,3786,780
Delhi - North DC,Smart Chip Limited,1574,246
Delhi SW DC,STRATEGIC OUTSOURCING SERVICE,0,1
Delhi SW DC,VIRGO SOFTECH LIMITED,409,675
Delhi- South DC,Karvy Computershare Private Li,336,342
Delhi- South DC,Smart Chip Limited,784,85
Delhi- South DC,Tera Software Ltd,0,1
Delhi- West DC,Smart Chip Limited,1462,222
Delhi- West DC,VIRGO SOFTECH LIMITED,2633,809
Delhi-NW DC,Karvy Computershare Private Li,983,322
Delhi-NW DC,STRATEGIC OUTSOURCING SERVICE,0,1
Department of Information Technology Govt of Jharkhand,Blue Circle Instrument,892,139
Department of Information Technology Govt of Jharkhand,MKS Enterprises,1348,215
Department of Information Technology Govt of Jharkhand,Systematic & Advance Const P L,111,17
Department of Information Technology Govt of Jharkhand,Vayam technologies Ltd,0,5
Dept of ITC Govt of Rajasthan,ATISHAY INFOTECH PVT. LTD.,6722,557
Dept of ITC Govt of Rajasthan,AVVAS INFOTECH PVT  LTD,5693,519
Dept of ITC Govt of Rajasthan,Alankit Finsec Ltd,2547,275
Dept of ITC Govt of Rajasthan,Business Information Processing Services,2932,131
Dept of ITC Govt of Rajasthan,DATASOFT COMPUTER SERVICES(P),11335,659
Dept of ITC Govt of Rajasthan,Gem Computers,2901,72
Dept of ITC Govt of Rajasthan,MANTRA SOFTTECH (INDIA) PVTLTD,410,34
Dept of ITC Govt of Rajasthan,Multiwave Innovation,960,128
Dept of ITC Govt of Rajasthan,Netlink software Pvt Ltd,1761,148
Dept of ITC Govt of Rajasthan,TechSmart India Pvt Ltd,3228,164
Dept of ITC Govt of Rajasthan,Transline Technologies P Ltd,7940,672
Dept of ITC Govt of Rajasthan,VIRGO SOFTECH LIMITED,3300,411
Dept of ITC Govt of Rajasthan,Vakrangee Softwares Limited,8590,2072
Dept of ITC Govt of Rajasthan,Vayam technologies Ltd,4638,623
FCR Govt of Haryana,4G INFORMATICS,2086,52
FCR Govt of Haryana,Radiant Info Systems Ltd,25,1
FCR Govt of Haryana,Vakrangee Softwares Limited,20,292
FCR Govt of Haryana,Vayam technologies Ltd,3789,9
FCS Govt of Punjab,Alankit Assignments Limited,0,1
FCS Govt of Punjab,Alankit Finsec Ltd,0,5
FCS Govt of Punjab,Alankit Life Care Ltd,0,1
FCS Govt of Punjab,CSS TECHNERGY LIMITED,3,31
FCS Govt of Punjab,Delhi Integrated MMTS Ltd,0,1
FCS Govt of Punjab,Karvy Computershare Private Li,5381,608
FCS Govt of Punjab,Vayam technologies Ltd,2653,599
FCS Govt of Punjab,eCentric solutions pvt ltd,5355,742
Govt of Andhra Pradesh,Gouthami Educational Society,861,345
Govt of Andhra Pradesh,GrapeSoft,579,727
Govt of Andhra Pradesh,IL&FS LTD,0,2
Govt of Andhra Pradesh,INFRONICS SYSTEMS LTD,1912,883
Govt of Andhra Pradesh,Madras Security Printers Ltd,0,7
Govt of Andhra Pradesh,SREEVEN INFOCOM LIMITED,419,432
Govt of Andhra Pradesh,TechSmart India Pvt Ltd,2913,2041
Govt of Andhra Pradesh,Tera Software Ltd,3497,488
Govt of Andhra Pradesh,eCentric solutions pvt ltd,0,249
Govt of Goa,COMAT TECHNOLOGIES P LTD,15,0
Govt of Goa,MARS Telecom Systems Pvt Ltd,308,109
Govt of Goa,Tera Software Ltd,0,13
Govt of Gujarat,GSS Infotech Ltd,8281,390
Govt of Gujarat,Karvy Computershare Private Li,25980,794
Govt of Gujarat,Silver Touch Technologies Ltd,22231,1175
Govt of Gujarat,Tera Software Ltd,6708,336
Govt of Gujarat,Transline Technologies P Ltd,3699,102
Govt of Gujarat,Vayam technologies Ltd,7659,715
Govt of Gujarat,eCentric solutions pvt ltd,5943,179
Govt of Himachal Pradesh,Wipro Ltd,2921,819
Govt of Himachal Pradesh,i-Grandee SoftwareTechnologies,1892,449
Govt of Karnataka ,BNR UDYOG LIMITED,626,73
Govt of Karnataka ,Bloom Solutions Pvt Ltd,783,17
Govt of Karnataka ,COMAT TECHNOLOGIES P LTD,0,1
Govt of Karnataka ,GLODYNE TECHNOSERVE,1,0
Govt of Karnataka ,Integra Micro Systems Pvt.ltd,0,1
Govt of Karnataka ,MARS Telecom Systems Pvt Ltd,11256,1694
Govt of Karnataka ,Ninestars Information Technologies Ltd,8347,1509
Govt of Karnataka ,Om Softwares,311,68
Govt of Karnataka ,Origin ITFS Pvt Ltd,14238,3303
Govt of Karnataka ,SREEVEN INFOCOM LIMITED,8650,1340
Govt of Kerala,Akshaya,14744,1713
Govt of Kerala,Keltron,1020,349
Govt of Madhya Pradesh,VIRGO SOFTECH LIMITED,0,3
Govt of Maharashtra,Alankit Assignments Limited,0,1
Govt of Maharashtra,Alankit Finsec Ltd,1272,292
Govt of Maharashtra,Bharat Technical Solutions Private Limited,267,20
Govt of Maharashtra,Eagle press pvt ltd,173,89
Govt of Maharashtra,GLODYNE TECHNOSERVE,0,1
Govt of Maharashtra,Karvy Computershare Private Li,13235,770
Govt of Maharashtra,M/S King Computer System pvt Ltd,205,0
Govt of Maharashtra,M/s. Vidya Online  Pune,620,55
Govt of Maharashtra,Narayana Electricals Solution Pvt Ltd,1395,73
Govt of Maharashtra,Netlink software Pvt Ltd,3179,436
Govt of Maharashtra,Network for Information & Computer,0,5
Govt of Maharashtra,Obel projects Pvt Ltd,0,14
Govt of Maharashtra,Rudranee Infotech Ltd,1489,56
Govt of Maharashtra,SETU MAHARASHTRA,13,2
Govt of Maharashtra,SHREERAM PRINTING PRESS,1845,87
Govt of Maharashtra,SPANCO,4408,319
Govt of Maharashtra,STRATEGIC OUTSOURCING SERVICE,1712,355
Govt of Maharashtra,Silver Touch Technologies Ltd,3971,208
Govt of Maharashtra,Systematic & Advance Const P L,550,77
Govt of Maharashtra,TEAM LIFE CARE COMPANY INDIA P,308,57
Govt of Maharashtra,TechSmart India Pvt Ltd,2052,841
Govt of Maharashtra,Tera Software Ltd,267,40
Govt of Maharashtra,Transline Technologies P Ltd,2877,524
Govt of Maharashtra,Wipro Ltd,11157,848
Govt of Sikkim - Dept of Econo,4G IDENTITY SOLUTIONS,0,1
Govt of Sikkim - Dept of Econo,Department of Economics Statistics  Monitoring and Evaluation DESME,144,6
IDBI Bank ltd,ATISHAY INFOTECH PVT. LTD.,3075,387
IDBI Bank ltd,Matrix Processing House,425,56
IDBI Bank ltd,SREEVEN INFOCOM LIMITED,6706,406
IDBI Bank ltd,UTI TECHNOLOGY SERVICES LIMITE,1769,50
Indiapost,4G IDENTITY SOLUTIONS,0,14
Indiapost,Delhi Integrated MMTS Ltd,6744,461
Indiapost,GLODYNE TECHNOSERVE,0,3
Indiapost,M/S STAR DATA CENTRE,468,53
Indiapost,MARS Telecom Systems Pvt Ltd,2228,526
Indiapost,Smart Chip Limited,100,41
Indiapost,TEAM LIFE CARE COMPANY INDIA P,4946,744
Indiapost,Vayam technologies Ltd,70,66
Indiapost,WEBEL,1088,552
Information Technology & Communication Department,4G INFORMATICS,3926,1204
Information Technology & Communication Department,BNR UDYOG LIMITED,2764,860
Information Technology & Communication Department,Bloom Solutions Pvt Ltd,1068,1636
Information Technology & Communication Department,CSS TECHNERGY LIMITED,355,870
Information Technology & Communication Department,GDC Advertising Pvt. Limited,10,71
Information Technology & Communication Department,JYOTHI COMPUTER SERVICES,598,618
Information Technology & Communication Department,Karvy Data Management Services,145,17
Information Technology & Communication Department,MARS Telecom Systems Pvt Ltd,2162,259
Information Technology & Communication Department,SREEVEN INFOCOM LIMITED,1619,383
Information Technology & Communication Department,Tera Software Ltd,686,384
Jharkhand,Alankit Assignments Limited,0,31
Jharkhand,Blue Circle Instrument,13,3
Jharkhand,Emdee Digitronics Pvt.Ltd.,1613,315
Jharkhand,MKS Enterprises,2093,201
Jharkhand,Nevaeh Technology Pvt. Ltd.,1284,21
Jharkhand,STRATEGIC OUTSOURCING SERVICE,0,47
Jharkhand,Smart Chip Limited,697,59
Jharkhand,Systematic & Advance Const P L,1526,274
Jharkhand,VISION COMPTECH INTEGRATOR LTD,2989,346
Jharkhand,Wipro Ltd,10034,1049
Mission Convergence - GNCT Del,Karvy Computershare Private Li,1151,32
Mission Convergence - GNCT Del,NVR & ASSOCIATES LIMITED,545,88
NSDL e-Governance Infrastructure Limited,Abhipra Capital Ltd,2922,340
NSDL e-Governance Infrastructure Limited,Alankit Assignments Limited,12418,1214
NSDL e-Governance Infrastructure Limited,Delhi Integrated MMTS Ltd,163,31
NSDL e-Governance Infrastructure Limited,INTEGRATED REGISTRY SERVICES LTD,49,1
NSDL e-Governance Infrastructure Limited,Karvy Data Management Services,29451,2348
NSDL e-Governance Infrastructure Limited,Netlink software Pvt Ltd,16939,896
NSDL e-Governance Infrastructure Limited,PROWIZ MANSYTEMS PVT LTD,6070,447
NSDL e-Governance Infrastructure Limited,TEAM LIFE CARE COMPANY INDIA P,324,59
NSDL e-Governance Infrastructure Limited,VIRGO SOFTECH LIMITED,8372,365
Oriental Bank of Commerce,DATASOFT COMPUTER SERVICES(P),1048,74
Oriental Bank of Commerce,Euro Finmart Ltd,601,58
Oriental Bank of Commerce,FINANCIAL INFORMATION NETWORK,5,103
Oriental Bank of Commerce,JNET Technologies Pvt.Ltd,4685,168
Oriental Bank of Commerce,Redim Software Technologies Pvt Ltd,706,171
Oriental Bank of Commerce,Sri Ramraja Sarkar Lok Kalyan Trust,7412,766
Oriental Bank of Commerce,Wipro Ltd,9488,857
Principal Revenue Commissioner  Dept of Revenue  Govt of MP,K W Consulting P Ltd,0,2
RDD Govt of Tripura,Alankit Assignments Limited,6,5
Registrar General India - BEL,Manipur Electronics Dev Corp,0,1
Registrar General India - BEL,Swathy Smartcards Hi-Tech Pvt,0,2
Registrar General India BEL2,Alankit Assignments Limited,8,19
Registrar General India BEL2,Computer LAB,999,1130
Registrar General India BEL2,Emdee Digitronics Pvt.Ltd.,852,40
Registrar General India BEL2,In Media Computer Services LLP,4,0
Registrar General India BEL2,India Computer Technology,6402,2115
Registrar General India BEL2,MACRO INFOTECH PVT LTD,5420,159
Registrar General India BEL2,Madras Security Printers Ltd,5124,509
Registrar General India BEL2,Manipur Electronics Dev Corp,105,4
Registrar General India BEL2,Multiwave Innovation,1783,194
Registrar General India BEL2,Netlink software Pvt Ltd,3700,97
Registrar General India BEL2,Nevaeh Technology Pvt. Ltd.,20,2
Registrar General India BEL2,Nielsen  India  Private Limited,1243,105
Registrar General India BEL2,Om Softwares,9652,657
Registrar General India BEL2,SREEVEN INFOCOM LIMITED,0,5
Registrar General India BEL2,STRATEGIC OUTSOURCING SERVICE,2610,261
Registrar General India BEL2,Satyanarayana Raju Company Pvt ltd,169,4
Registrar General India BEL2,Swathy Smartcards Hi-Tech Pvt,24075,4470
Registrar General India BEL2,Swiss Tech India Pvt Ltd,20,122
Registrar General India BEL2,Tera Software Ltd,3030,1499
Registrar General India BEL2,UNITED DATA SERVICES PRIVATE LIMITED,5718,618
Registrar General India BEL2,VIRGO SOFTECH LIMITED,131,65
Registrar General India BEL2,Vansh Infotech Pvt Ltd,7059,123
Registrar General India BEL2,Vedavaag Systems Limited,3655,60
Registrar General India BEL2,Viesa Technologies,31,3
Registrar General India ECIL,AVVAS INFOTECH PVT  LTD,4640,187
Registrar General India ECIL,BUSINESS INFORMATION PROCESSING SERVICES,1179,11
Registrar General India ECIL,COMTECH INSTITUTE OFTECHNOLOGY,2155,422
Registrar General India ECIL,COMTECHINFO SOLUTIONS PVT.LTD,1377,76
Registrar General India ECIL,Chinar Construction Company Prime agency,2104,38
Registrar General India ECIL,Clairvoyance Technologies Pvt.,18,38
Registrar General India ECIL,Computer LAB,34970,4758
Registrar General India ECIL,Eagle Software India Pvt. Ltd,4079,212
Registrar General India ECIL,Esoft Consulting Limited,80,40
Registrar General India ECIL,In Media Computer Services LLP,1545,191
Registrar General India ECIL,India Computer Technology,20495,14690
Registrar General India ECIL,Karvy Data Management Services,12164,360
Registrar General India ECIL,Krishna Infotech,647,98
Registrar General India ECIL,Madras Security Printers Ltd,8583,2842
Registrar General India ECIL,Mphasis Ltd,4320,145
Registrar General India ECIL,Netwing Technologies Pvt Ltd,6,2
Registrar General India ECIL,Nielsen  India  Private Limited,1729,23
Registrar General India ECIL,Pioneer E Labs limited,986,152
Registrar General India ECIL,Quick Data IT Services Pvt Ltd,211,2
Registrar General India ECIL,SARADA SYSTEMS,2120,19
Registrar General India ECIL,SWISSTECH NPR 57CR PROJECT PVT,3886,910
Registrar General India ECIL,Tera Software Ltd,3618,577
Registrar General India ECIL,Vedavaag Systems Limited,2708,683
Registrar General India Others,AVVAS INFOTECH PVT  LTD,4,1
Registrar General India Others,COMTECH INSTITUTE OFTECHNOLOGY,0,1
Registrar General India Others,COMTECHINFO SOLUTIONS PVT.LTD,1,0
Registrar General India Others,Computer LAB,9,8
Registrar General India Others,Eagle Software India Pvt. Ltd,6,3
Registrar General India Others,Emdee Digitronics Pvt.Ltd.,0,1
Registrar General India Others,Karvy Data Management Services,9,1
Registrar General India Others,Madras Security Printers Ltd,1,1
Registrar General India Others,Nielsen  India  Private Limited,1,0
Registrar General India Others,Om Softwares,0,3
Registrar General India Others,SWISSTECH NPR 57CR PROJECT PVT,4,1
Registrar General India Others,Swathy Smartcards Hi-Tech Pvt,0,11
Registrar General India Others,Swiss Tech India Pvt Ltd,1,0
Registrar General India Others,Vansh Infotech Pvt Ltd,0,1
Registrar General India Others,WEBEL TECHNOLOGY LIMITED,0,1
Registrar General India Others,Webx Technologies Private Limited,2,0
Registrar General of India ITI,COMTECH INSTITUTE OFTECHNOLOGY,1894,77
Registrar General of India ITI,CSS TECHNERGY LIMITED,199,8
Registrar General of India ITI,CommunitiWorks Welfare Society,805,21
Registrar General of India ITI,Eagle Software India Pvt. Ltd,9584,358
Registrar General of India ITI,Emdee Digitronics Pvt.Ltd.,9938,915
Registrar General of India ITI,Karvy Data Management Services,13110,346
Registrar General of India ITI,Madras Security Printers Ltd,517,35
Registrar General of India ITI,Mphasis Ltd,2233,199
Registrar General of India ITI,Multiwave Innovation,2,50
Registrar General of India ITI,Netlink software Pvt Ltd,1700,22
Registrar General of India ITI,Netwing Technologies Pvt Ltd,4,8
Registrar General of India ITI,Nielsen  India  Private Limited,853,55
Registrar General of India ITI,SREEVEN INFOCOM LIMITED,585,62
Registrar General of India ITI,STRATEGIC OUTSOURCING SERVICE,3663,50
Registrar General of India ITI,Satyanarayana Raju Company Pvt ltd,3473,125
Registrar General of India ITI,Swathy Smartcards Hi-Tech Pvt,507,2412
Registrar General of India ITI,TechSmart India Pvt Ltd,24,1309
Registrar General of India ITI,Urmila Info solution,43,5
Registrar General of India ITI,VIRGO SOFTECH LIMITED,918,38
Registrar General of India ITI,Vedavaag Systems Limited,4926,79
Registrar General of India ITI,WEBEL TECHNOLOGY LIMITED,6258,378
Registrar General of India ITI,Webx Technologies Private Limited,3,0
STATE BANK OF HYDERABAD,CSS TECHNERGY LIMITED,0,1
State Bank of Bikaner & Jaipur,Multiwave Innovation,135,236
State Bank of India,4G IDENTITY SOLUTIONS,0,7
State Bank of India,IL&FS LTD,0,2
State Bank of Travancore,Tera Software Ltd,222,24
UIDAI-Registrar,UIDAI-EA,34,3
UT Of Daman and Diu,Alankit Assignments Limited,99,14
UT of Puducherry,Madras Security Printers Ltd,124,45
Union Bank,FINANCIAL INFORMATION NETWORK,34420,3405
Union Bank,Smart Chip Limited,32569,4391
Union Bank,Vakrangee Softwares Limited,44522,5080
