Registrar,Enrolment Agency,Aadhaar generated,Enrolment Rejected
Allahabad Bank,Vakrangee Softwares Limited,226,85
Bank Of India,A3 Logics  India  Ltd,16470,801
Bank Of India,Akanksha International,1337,104
Bank Of India,Blue Circle Instrument,9799,216
Bank Of India,CHESSY CONSULTANTS PVT LTD,1336,119
Bank Of India,DATASOFT COMPUTER SERVICES(P),6840,146
Bank Of India,Emdee Digitronics Pvt.Ltd.,3959,44
Bank Of India,Frontech Systems Pvt Ltd,1047,211
Bank Of India,ITI LIMITED,20,10
Bank Of India,MANTRA SOFTTECH (INDIA) PVTLTD,291,44
Bank Of India,Matrix Processing House,8264,408
Bank Of India,OSWAL COMPUTERS & CONSULTANTS,7889,2191
Bank Of India,PROTEX COMPUTER PVT LTD,1740,234
Bank Of India,SARADA SYSTEMS,1794,104
Bank Of India,SHRIKRISHNA KHANDASARI SUGAR M,8904,625
Bank Of India,SPANCO,4149,178
Bank Of India,SREI INFRASTRUCTURE FINANCES L,7475,569
Bank Of India,Silver Touch Technologies Ltd,770,63
Bank Of India,Systematic & Advance Const P L,3778,427
Bank Of India,VEETECHNOLOGIES PVT. LTD,6823,219
Bank Of India,VIRGO SOFTECH LIMITED,40,0
Bank Of India,Vakrangee Softwares Limited,185,29
Bank of Baroda,DATASOFT COMPUTER SERVICES(P),16,0
Bank of Baroda,Global Finsol Private Limited,3482,198
Bank of Maharashtra,Alankit Finsec Ltd,469,30
Bank of Maharashtra,FINANCIAL INFORMATION NETWORK,893,178
Bank of Maharashtra,Micro Technologies India Ltd,789,237
Bank of Maharashtra,Tera Software Ltd,4529,203
CSC e-Governance Services India Limited,A I Soc for Electronics and Comp Tech,5989,526
CSC e-Governance Services India Limited,AKSH OPTIFIBRE LIMITED,1351,65
CSC e-Governance Services India Limited,BASIX,1458,186
CSC e-Governance Services India Limited,CALANCE SOFTWARE PRIVATE LTD,10535,553
CSC e-Governance Services India Limited,CMS Computers Ltd,5578,698
CSC e-Governance Services India Limited,CSC e-Governance Services India Limited,18044,615
CSC e-Governance Services India Limited,Intelligent Communication Systems India Limited,659,70
CSC e-Governance Services India Limited,MANTRA SOFTTECH (INDIA) PVTLTD,775,54
CSC e-Governance Services India Limited,Network for Information & Computer,1918,193
CSC e-Governance Services India Limited,Reliance Communication Limited,1132,75
CSC e-Governance Services India Limited,SPANCO,690,72
CSC e-Governance Services India Limited,Tera Software Ltd,160,8
CSC e-Governance Services India Limited,United Telecoms e-Services Pvt Ltd,1187,396
CSC e-Governance Services India Limited,VIKALP MULTIMEDIA,823,108
CSC e-Governance Services India Limited,Vakrangee Softwares Limited,2668,148
CSC e-Governance Services India Limited,Zephyr System Pvt.Ltd.,36,5
Central Bank of India,CALANCE SOFTWARE PRIVATE LTD,6375,182
Central Bank of India,IAP COMPANY Pvt. Ltd,9923,973
Central Bank of India,MANTRA SOFTTECH (INDIA) PVTLTD,220,24
Central Bank of India,The Peerless General Finance,1715,100
DENA BANK,ATISHAY INFOTECH PVT. LTD.,5183,214
DENA BANK,Bloom Solutions Pvt Ltd,4600,1170
DENA BANK,Business Information Processing Services,249,11
DENA BANK,CALANCE SOFTWARE PRIVATE LTD,3349,141
DENA BANK,DATASOFT COMPUTER SERVICES(P),2143,59
DENA BANK,Gujarat Infotech Ltd.,0,1
DENA BANK,JNET Technologies Pvt.Ltd,2147,397
DENA BANK,K W Consulting P Ltd,1002,355
DENA BANK,Multiwave Innovation,1307,138
DENA BANK,Narayana Electricals Solution Pvt Ltd,1384,77
DENA BANK,Netlink software Pvt Ltd,424,10
DENA BANK,Ortem Securities Limited,108,8
DENA BANK,Prodigy Systems and Services Private Limited,878,246
DENA BANK,Soc for Advancement of Environ Science,491,136
DENA BANK,Super Printers,360,24
DENA BANK,Systematic & Advance Const P L,562,27
DENA BANK,TechSmart India Pvt Ltd,5785,1528
DENA BANK,Tera Software Ltd,1315,147
DENA BANK,WEBEL,122,2
Delhi - Central DC,Smart Chip Limited,652,76
Delhi - East DC,DATASOFT COMPUTER SERVICES(P),2524,189
Delhi - ND DC,Smart Chip Limited,252,40
Delhi - NE DC,Smart Chip Limited,346,128
Delhi - North DC,CALANCE SOFTWARE PRIVATE LTD,4214,466
Delhi - North DC,NVR & ASSOCIATES LIMITED,1353,302
Delhi - North DC,Smart Chip Limited,695,171
Delhi SW DC,STRATEGIC OUTSOURCING SERVICE,0,1
Delhi SW DC,VIRGO SOFTECH LIMITED,305,29
Delhi- South DC,Karvy Computershare Private Li,427,62
Delhi- South DC,Smart Chip Limited,144,55
Delhi- West DC,Smart Chip Limited,210,107
Delhi- West DC,VIRGO SOFTECH LIMITED,1210,144
Delhi-NW DC,Karvy Computershare Private Li,735,148
Department of Information Technology Govt of Jharkhand,Blue Circle Instrument,1510,113
Department of Information Technology Govt of Jharkhand,MKS Enterprises,1137,118
Department of Information Technology Govt of Jharkhand,Systematic & Advance Const P L,1,1
Department of Information Technology Govt of Jharkhand,Vayam technologies Ltd,5,0
Dept of ITC Govt of Rajasthan,ATISHAY INFOTECH PVT. LTD.,11063,770
Dept of ITC Govt of Rajasthan,AVVAS INFOTECH PVT  LTD,15841,471
Dept of ITC Govt of Rajasthan,Alankit Finsec Ltd,8439,224
Dept of ITC Govt of Rajasthan,Business Information Processing Services,1286,81
Dept of ITC Govt of Rajasthan,DATASOFT COMPUTER SERVICES(P),25671,501
Dept of ITC Govt of Rajasthan,Gem Computers,2932,50
Dept of ITC Govt of Rajasthan,MANTRA SOFTTECH (INDIA) PVTLTD,150,66
Dept of ITC Govt of Rajasthan,Multiwave Innovation,570,34
Dept of ITC Govt of Rajasthan,Netlink software Pvt Ltd,651,95
Dept of ITC Govt of Rajasthan,TechSmart India Pvt Ltd,1532,297
Dept of ITC Govt of Rajasthan,Transline Technologies P Ltd,5274,314
Dept of ITC Govt of Rajasthan,VIRGO SOFTECH LIMITED,1376,127
Dept of ITC Govt of Rajasthan,Vakrangee Softwares Limited,8078,695
Dept of ITC Govt of Rajasthan,Vayam technologies Ltd,3098,258
FCR Govt of Haryana,4G INFORMATICS,1518,38
FCR Govt of Haryana,Radiant Info Systems Ltd,496,13
FCR Govt of Haryana,Vakrangee Softwares Limited,52,119
FCR Govt of Haryana,Vayam technologies Ltd,880,82
FCS Govt of Punjab,Alankit Finsec Ltd,0,1
FCS Govt of Punjab,Alankit Life Care Ltd,1,0
FCS Govt of Punjab,CSS TECHNERGY LIMITED,1525,12
FCS Govt of Punjab,Delhi Integrated MMTS Ltd,3,0
FCS Govt of Punjab,Karvy Computershare Private Li,4254,934
FCS Govt of Punjab,Vayam technologies Ltd,3716,172
FCS Govt of Punjab,eCentric solutions pvt ltd,16860,610
Govt of Andhra Pradesh,Gouthami Educational Society,1437,361
Govt of Andhra Pradesh,GrapeSoft,341,303
Govt of Andhra Pradesh,IL&FS LTD,0,1
Govt of Andhra Pradesh,INFRONICS SYSTEMS LTD,1557,937
Govt of Andhra Pradesh,SREEVEN INFOCOM LIMITED,836,110
Govt of Andhra Pradesh,TechSmart India Pvt Ltd,1886,459
Govt of Andhra Pradesh,Tera Software Ltd,847,184
Govt of Goa,COMAT TECHNOLOGIES P LTD,9,0
Govt of Goa,MARS Telecom Systems Pvt Ltd,251,22
Govt of Goa,Tera Software Ltd,0,4
Govt of Gujarat,GSS Infotech Ltd,5110,370
Govt of Gujarat,Karvy Computershare Private Li,13720,688
Govt of Gujarat,Silver Touch Technologies Ltd,17918,594
Govt of Gujarat,Tera Software Ltd,7930,217
Govt of Gujarat,Transline Technologies P Ltd,1119,93
Govt of Gujarat,Vayam technologies Ltd,8293,471
Govt of Gujarat,eCentric solutions pvt ltd,8013,129
Govt of Himachal Pradesh,Wipro Ltd,699,86
Govt of Himachal Pradesh,i-Grandee SoftwareTechnologies,3379,292
Govt of Karnataka ,BNR UDYOG LIMITED,239,47
Govt of Karnataka ,Bloom Solutions Pvt Ltd,1493,32
Govt of Karnataka ,COMAT TECHNOLOGIES P LTD,11,0
Govt of Karnataka ,GLODYNE TECHNOSERVE,4,8
Govt of Karnataka ,Integra Micro Systems Pvt.ltd,1,0
Govt of Karnataka ,MARS Telecom Systems Pvt Ltd,8950,570
Govt of Karnataka ,Ninestars Information Technologies Ltd,5522,708
Govt of Karnataka ,Om Softwares,0,1
Govt of Karnataka ,Origin ITFS Pvt Ltd,15874,1463
Govt of Karnataka ,Radiant Info Systems Ltd,153,1
Govt of Karnataka ,SREEVEN INFOCOM LIMITED,8651,746
Govt of Kerala,Akshaya,11264,1131
Govt of Kerala,Keltron,697,254
Govt of Madhya Pradesh,VIRGO SOFTECH LIMITED,46,1
Govt of Maharashtra,Alankit Finsec Ltd,1528,888
Govt of Maharashtra,Bharat Technical Solutions Private Limited,295,15
Govt of Maharashtra,Eagle press pvt ltd,316,40
Govt of Maharashtra,GLODYNE TECHNOSERVE,36,5
Govt of Maharashtra,Global Finsol Private Limited,1017,28
Govt of Maharashtra,Karvy Computershare Private Li,4233,1210
Govt of Maharashtra,M/S King Computer System pvt Ltd,48,8
Govt of Maharashtra,M/s. Vidya Online  Pune,154,35
Govt of Maharashtra,Narayana Electricals Solution Pvt Ltd,1079,143
Govt of Maharashtra,Netlink software Pvt Ltd,3147,518
Govt of Maharashtra,Network for Information & Computer,32,5
Govt of Maharashtra,Obel projects Pvt Ltd,0,4
Govt of Maharashtra,Rudranee Infotech Ltd,413,143
Govt of Maharashtra,SETU MAHARASHTRA,544,53
Govt of Maharashtra,SHREERAM PRINTING PRESS,807,132
Govt of Maharashtra,SPANCO,4753,193
Govt of Maharashtra,STRATEGIC OUTSOURCING SERVICE,3111,402
Govt of Maharashtra,Silver Touch Technologies Ltd,4553,224
Govt of Maharashtra,Systematic & Advance Const P L,175,23
Govt of Maharashtra,TechSmart India Pvt Ltd,845,407
Govt of Maharashtra,Tera Software Ltd,268,25
Govt of Maharashtra,Transline Technologies P Ltd,328,211
Govt of Maharashtra,Wipro Ltd,2930,332
Govt of Sikkim - Dept of Econo,4G IDENTITY SOLUTIONS,23,0
Govt of Sikkim - Dept of Econo,Department of Economics Statistics  Monitoring and Evaluation DESME,246,8
IDBI Bank ltd,ATISHAY INFOTECH PVT. LTD.,5045,253
IDBI Bank ltd,Matrix Processing House,449,20
IDBI Bank ltd,Pioneer E Labs limited,1,1
IDBI Bank ltd,SREEVEN INFOCOM LIMITED,8772,396
IDBI Bank ltd,UTI TECHNOLOGY SERVICES LIMITE,967,69
Indiapost,4G IDENTITY SOLUTIONS,1,0
Indiapost,Delhi Integrated MMTS Ltd,26950,450
Indiapost,GLODYNE TECHNOSERVE,1,0
Indiapost,Global Finsol Private Limited,5823,144
Indiapost,M/S STAR DATA CENTRE,312,32
Indiapost,MARS Telecom Systems Pvt Ltd,1234,224
Indiapost,Smart Chip Limited,49,4
Indiapost,Vayam technologies Ltd,341,121
Indiapost,WEBEL,284,92
Indiapost,eCentric solutions pvt ltd,3,0
Information Technology & Communication Department,4G INFORMATICS,4657,530
Information Technology & Communication Department,BNR UDYOG LIMITED,2396,244
Information Technology & Communication Department,Bloom Solutions Pvt Ltd,1135,163
Information Technology & Communication Department,CSS TECHNERGY LIMITED,811,135
Information Technology & Communication Department,GDC Advertising Pvt. Limited,0,45
Information Technology & Communication Department,JYOTHI COMPUTER SERVICES,5203,325
Information Technology & Communication Department,Karvy Data Management Services,942,143
Information Technology & Communication Department,MARS Telecom Systems Pvt Ltd,1021,159
Information Technology & Communication Department,SREEVEN INFOCOM LIMITED,2459,566
Information Technology & Communication Department,Tera Software Ltd,2125,579
Jharkhand,Alankit Assignments Limited,1,2
Jharkhand,Blue Circle Instrument,103,4
Jharkhand,Emdee Digitronics Pvt.Ltd.,4269,625
Jharkhand,MKS Enterprises,1260,173
Jharkhand,Nevaeh Technology Pvt. Ltd.,2174,133
Jharkhand,STRATEGIC OUTSOURCING SERVICE,0,1
Jharkhand,Smart Chip Limited,1420,145
Jharkhand,Systematic & Advance Const P L,2030,189
Jharkhand,VISION COMPTECH INTEGRATOR LTD,3599,190
Jharkhand,Wipro Ltd,9640,1481
Mission Convergence - GNCT Del,IL&FS LTD,0,1
Mission Convergence - GNCT Del,Karvy Computershare Private Li,384,35
Mission Convergence - GNCT Del,NVR & ASSOCIATES LIMITED,83,45
NSDL e-Governance Infrastructure Limited,Abhipra Capital Ltd,1898,212
NSDL e-Governance Infrastructure Limited,Alankit Assignments Limited,38315,1189
NSDL e-Governance Infrastructure Limited,Delhi Integrated MMTS Ltd,2904,35
NSDL e-Governance Infrastructure Limited,Global Finsol Private Limited,690,39
NSDL e-Governance Infrastructure Limited,INTEGRATED REGISTRY SERVICES LTD,32,2
NSDL e-Governance Infrastructure Limited,Karvy Data Management Services,13322,1266
NSDL e-Governance Infrastructure Limited,Netlink software Pvt Ltd,4138,503
NSDL e-Governance Infrastructure Limited,PROWIZ MANSYTEMS PVT LTD,2338,150
NSDL e-Governance Infrastructure Limited,Promind Solutions P Limited,210,4
NSDL e-Governance Infrastructure Limited,VIRGO SOFTECH LIMITED,6289,183
Oriental Bank of Commerce,DATASOFT COMPUTER SERVICES(P),3159,67
Oriental Bank of Commerce,Euro Finmart Ltd,103,37
Oriental Bank of Commerce,FINANCIAL INFORMATION NETWORK,1,1
Oriental Bank of Commerce,JNET Technologies Pvt.Ltd,715,137
Oriental Bank of Commerce,Redim Software Technologies Pvt Ltd,217,43
Oriental Bank of Commerce,Sri Ramraja Sarkar Lok Kalyan Trust,5415,256
Oriental Bank of Commerce,Wipro Ltd,6438,395
Principal Revenue Commissioner  Dept of Revenue  Govt of MP,Frontech Systems Pvt Ltd,20,18
Principal Revenue Commissioner  Dept of Revenue  Govt of MP,K W Consulting P Ltd,521,98
Principal Revenue Commissioner  Dept of Revenue  Govt of MP,Netlink software Pvt Ltd,1,1
Principal Revenue Commissioner  Dept of Revenue  Govt of MP,Tera Software Ltd,294,1
Principal Revenue Commissioner  Dept of Revenue  Govt of MP,The NSIC ltd,12,3
Principal Revenue Commissioner  Dept of Revenue  Govt of MP,Vedavaag Systems Limited,3,1
Registrar General India - BEL,Manipur Electronics Dev Corp,27,2
Registrar General India - BEL,Swathy Smartcards Hi-Tech Pvt,0,6
Registrar General India BEL2,Alankit Assignments Limited,1255,19
Registrar General India BEL2,Computer LAB,10273,1442
Registrar General India BEL2,Emdee Digitronics Pvt.Ltd.,4912,48
Registrar General India BEL2,In Media Computer Services LLP,25,0
Registrar General India BEL2,India Computer Technology,16194,1320
Registrar General India BEL2,MACRO INFOTECH PVT LTD,9761,154
Registrar General India BEL2,MKS Enterprises,11,1
Registrar General India BEL2,Madras Security Printers Ltd,13748,1078
Registrar General India BEL2,Manipur Electronics Dev Corp,37,1
Registrar General India BEL2,Multiwave Innovation,105,489
Registrar General India BEL2,Netlink software Pvt Ltd,2039,89
Registrar General India BEL2,Nevaeh Technology Pvt. Ltd.,682,13
Registrar General India BEL2,Nielsen  India  Private Limited,740,145
Registrar General India BEL2,Om Softwares,9696,1984
Registrar General India BEL2,SREEVEN INFOCOM LIMITED,1,7
Registrar General India BEL2,STRATEGIC OUTSOURCING SERVICE,2229,307
Registrar General India BEL2,Satyanarayana Raju Company Pvt ltd,637,41
Registrar General India BEL2,Swathy Smartcards Hi-Tech Pvt,35253,4750
Registrar General India BEL2,Swiss Tech India Pvt Ltd,583,322
Registrar General India BEL2,Tera Software Ltd,3568,3773
Registrar General India BEL2,UNITED DATA SERVICES PRIVATE LIMITED,4815,164
Registrar General India BEL2,VIRGO SOFTECH LIMITED,692,55
Registrar General India BEL2,Vansh Infotech Pvt Ltd,1711,24
Registrar General India BEL2,Vedavaag Systems Limited,2086,247
Registrar General India BEL2,Viesa Technologies,275,42
Registrar General India ECIL,AVVAS INFOTECH PVT  LTD,21936,312
Registrar General India ECIL,BUSINESS INFORMATION PROCESSING SERVICES,1007,14
Registrar General India ECIL,COMTECH INSTITUTE OFTECHNOLOGY,8647,501
Registrar General India ECIL,COMTECHINFO SOLUTIONS PVT.LTD,2726,13
Registrar General India ECIL,Chinar Construction Company Prime agency,562,15
Registrar General India ECIL,Clairvoyance Technologies Pvt.,14,59
Registrar General India ECIL,Computer LAB,43089,5784
Registrar General India ECIL,Eagle Software India Pvt. Ltd,12062,3220
Registrar General India ECIL,Esoft Consulting Limited,713,28
Registrar General India ECIL,In Media Computer Services LLP,5712,109
Registrar General India ECIL,India Computer Technology,1360,6093
Registrar General India ECIL,Karvy Data Management Services,6704,1056
Registrar General India ECIL,Krishna Infotech,1483,165
Registrar General India ECIL,Madras Security Printers Ltd,6708,6158
Registrar General India ECIL,Mphasis Ltd,3665,240
Registrar General India ECIL,Netwing Technologies Pvt Ltd,129,4
Registrar General India ECIL,Nielsen  India  Private Limited,2979,5
Registrar General India ECIL,Pioneer E Labs limited,22,261
Registrar General India ECIL,Quick Data IT Services Pvt Ltd,148,7
Registrar General India ECIL,SARADA SYSTEMS,750,30
Registrar General India ECIL,SWISSTECH NPR 57CR PROJECT PVT,6656,3609
Registrar General India ECIL,Tera Software Ltd,6718,21
Registrar General India ECIL,Vedavaag Systems Limited,2517,522
Registrar General India Others,AVVAS INFOTECH PVT  LTD,10,0
Registrar General India Others,BUSINESS INFORMATION PROCESSING SERVICES,6,0
Registrar General India Others,COMTECH INSTITUTE OFTECHNOLOGY,2,0
Registrar General India Others,Clairvoyance Technologies Pvt.,1,0
Registrar General India Others,Computer LAB,26,0
Registrar General India Others,Eagle Software India Pvt. Ltd,89,1
Registrar General India Others,LYRA  CONSULTANCY SERVICE,1,0
Registrar General India Others,Madras Security Printers Ltd,3,2
Registrar General India Others,Multiwave Innovation,0,2
Registrar General India Others,Om Softwares,0,2
Registrar General India Others,SWISSTECH NPR 57CR PROJECT PVT,2,0
Registrar General India Others,Swathy Smartcards Hi-Tech Pvt,0,5
Registrar General India Others,Tera Software Ltd,5,0
Registrar General India Others,Vansh Infotech Pvt Ltd,5,1
Registrar General India Others,WEBEL TECHNOLOGY LIMITED,12,0
Registrar General India Others,Webx Technologies Private Limited,1,0
Registrar General of India ITI,COMTECH INSTITUTE OFTECHNOLOGY,737,147
Registrar General of India ITI,CSS TECHNERGY LIMITED,1044,2843
Registrar General of India ITI,CommunitiWorks Welfare Society,335,27
Registrar General of India ITI,Eagle Software India Pvt. Ltd,17045,377
Registrar General of India ITI,Emdee Digitronics Pvt.Ltd.,32731,2497
Registrar General of India ITI,In Media Computer Services LLP,737,0
Registrar General of India ITI,Karvy Data Management Services,6988,217
Registrar General of India ITI,Madras Security Printers Ltd,343,52
Registrar General of India ITI,Mphasis Ltd,613,73
Registrar General of India ITI,Multiwave Innovation,9,21
Registrar General of India ITI,Netlink software Pvt Ltd,854,29
Registrar General of India ITI,Netwing Technologies Pvt Ltd,100,1
Registrar General of India ITI,Nielsen  India  Private Limited,522,43
Registrar General of India ITI,SREEVEN INFOCOM LIMITED,53,50
Registrar General of India ITI,STRATEGIC OUTSOURCING SERVICE,1248,57
Registrar General of India ITI,Satyanarayana Raju Company Pvt ltd,1499,136
Registrar General of India ITI,Swathy Smartcards Hi-Tech Pvt,1778,1766
Registrar General of India ITI,TechSmart India Pvt Ltd,1,13
Registrar General of India ITI,Urmila Info solution,71,3
Registrar General of India ITI,VIRGO SOFTECH LIMITED,2717,188
Registrar General of India ITI,Vedavaag Systems Limited,6917,218
Registrar General of India ITI,WEBEL TECHNOLOGY LIMITED,5983,133
Registrar General of India ITI,Webx Technologies Private Limited,166,0
STATE BANK OF PATIALA,CSS TECHNERGY LIMITED,3,0
State Bank of Bikaner & Jaipur,Multiwave Innovation,5136,30
State Bank of India,4G IDENTITY SOLUTIONS,1,0
State Bank of India,CSS TECHNERGY LIMITED,3,0
State Bank of Travancore,Tera Software Ltd,48,38
UIDAI-Registrar,UIDAI-EA,39,0
UT Of Daman and Diu,Alankit Assignments Limited,328,14
UT of Puducherry,Madras Security Printers Ltd,78,7
Union Bank,FINANCIAL INFORMATION NETWORK,38310,5117
Union Bank,Smart Chip Limited,15894,2628
Union Bank,Vakrangee Softwares Limited,49381,2609
