Registrar,Enrolment Agency,Aadhaar generated,Enrolment Rejected
Allahabad Bank,Tera Software Ltd,0,70
Allahabad Bank,Vakrangee Softwares Limited,55,5390
Bank Of India,A3 Logics  India  Ltd,9449,372
Bank Of India,Akanksha International,1002,45
Bank Of India,Blue Circle Instrument,4501,161
Bank Of India,CHESSY CONSULTANTS PVT LTD,930,334
Bank Of India,DATASOFT COMPUTER SERVICES(P),2424,140
Bank Of India,Emdee Digitronics Pvt.Ltd.,395,52
Bank Of India,Frontech Systems Pvt Ltd,292,254
Bank Of India,ITI LIMITED,15,84
Bank Of India,MANTRA SOFTTECH (INDIA) PVTLTD,2137,108
Bank Of India,Matrix Processing House,22193,594
Bank Of India,OPTIMIX CONSULTANCY PRIVATE LT,0,2
Bank Of India,OSWAL COMPUTERS & CONSULTANTS,7559,1596
Bank Of India,PROTEX COMPUTER PVT LTD,1320,301
Bank Of India,SARADA SYSTEMS,1697,119
Bank Of India,SHRIKRISHNA KHANDASARI SUGAR M,5615,2929
Bank Of India,SPANCO,3354,257
Bank Of India,SREI INFRASTRUCTURE FINANCES L,5947,632
Bank Of India,Silver Touch Technologies Ltd,717,297
Bank Of India,Systematic & Advance Const P L,7263,680
Bank Of India,VEETECHNOLOGIES PVT. LTD,3540,364
Bank Of India,VIRGO SOFTECH LIMITED,10,2
Bank Of India,Vakrangee Softwares Limited,43,2934
Bank of Baroda,TEAM LIFE CARE COMPANY INDIA P,1836,189
Bank of Maharashtra,Alankit Finsec Ltd,482,94
Bank of Maharashtra,FINANCIAL INFORMATION NETWORK,1576,51
Bank of Maharashtra,Micro Technologies India Ltd,1912,183
Bank of Maharashtra,Tera Software Ltd,1412,123
CSC e-Governance Services India Limited,A I Soc for Electronics and Comp Tech,5937,424
CSC e-Governance Services India Limited,AKSH OPTIFIBRE LIMITED,3094,134
CSC e-Governance Services India Limited,BASIX,572,113
CSC e-Governance Services India Limited,CALANCE SOFTWARE PRIVATE LTD,8630,342
CSC e-Governance Services India Limited,CMS Computers Ltd,6544,653
CSC e-Governance Services India Limited,CSC e-Governance Services India Limited,2252,238
CSC e-Governance Services India Limited,Intelligent Communication Systems India Limited,300,100
CSC e-Governance Services India Limited,MANTRA SOFTTECH (INDIA) PVTLTD,101,1
CSC e-Governance Services India Limited,Network for Information & Computer,1078,82
CSC e-Governance Services India Limited,Reliance Communication Limited,2271,131
CSC e-Governance Services India Limited,SPANCO,582,26
CSC e-Governance Services India Limited,Tera Software Ltd,53,8
CSC e-Governance Services India Limited,United Telecoms e-Services Pvt Ltd,3073,445
CSC e-Governance Services India Limited,VIKALP MULTIMEDIA,661,134
CSC e-Governance Services India Limited,Vakrangee Softwares Limited,1300,122
Central Bank of India,CALANCE SOFTWARE PRIVATE LTD,4664,1369
Central Bank of India,IAP COMPANY Pvt. Ltd,13826,1051
Central Bank of India,IL&FS LTD,0,1
Central Bank of India,MANTRA SOFTTECH (INDIA) PVTLTD,151,24
Central Bank of India,The Peerless General Finance,349,53
DENA BANK,ATISHAY INFOTECH PVT. LTD.,3732,49
DENA BANK,Bloom Solutions Pvt Ltd,4266,197
DENA BANK,Business Information Processing Services,647,101
DENA BANK,CALANCE SOFTWARE PRIVATE LTD,1331,61
DENA BANK,DATASOFT COMPUTER SERVICES(P),545,41
DENA BANK,JNET Technologies Pvt.Ltd,5032,178
DENA BANK,K W Consulting P Ltd,3276,414
DENA BANK,Multiwave Innovation,3549,148
DENA BANK,Narayana Electricals Solution Pvt Ltd,1366,27
DENA BANK,Netlink software Pvt Ltd,104,14
DENA BANK,Ortem Securities Limited,125,77
DENA BANK,Prodigy Systems and Services Private Limited,202,77
DENA BANK,Soc for Advancement of Environ Science,281,191
DENA BANK,Super Printers,73,6
DENA BANK,Systematic & Advance Const P L,18,1
DENA BANK,TechSmart India Pvt Ltd,182,245
DENA BANK,Tera Software Ltd,901,64
DENA BANK,WEBEL,3,2
Delhi - Central DC,Smart Chip Limited,166,125
Delhi - East DC,DATASOFT COMPUTER SERVICES(P),1205,186
Delhi - East DC,Tera Software Ltd,0,1
Delhi - ND DC,Smart Chip Limited,52,47
Delhi - NE DC,Alankit Assignments Limited,0,2
Delhi - NE DC,Smart Chip Limited,383,208
Delhi - NE DC,Smart ID,0,1
Delhi - North DC,CALANCE SOFTWARE PRIVATE LTD,7395,242
Delhi - North DC,DATASOFT COMPUTER SERVICES(P),0,3
Delhi - North DC,NVR & ASSOCIATES LIMITED,2651,772
Delhi - North DC,Smart Chip Limited,121,87
Delhi SW DC,STRATEGIC OUTSOURCING SERVICE,0,1
Delhi SW DC,VIRGO SOFTECH LIMITED,75,112
Delhi Urban Shelter Improvemen,Alankit Assignments Limited,0,1
Delhi- South DC,Karvy Computershare Private Li,215,100
Delhi- South DC,Smart Chip Limited,120,35
Delhi- South DC,Tera Software Ltd,0,2
Delhi- West DC,Matrix Processing House,0,1
Delhi- West DC,Smart Chip Limited,73,30
Delhi- West DC,VIRGO SOFTECH LIMITED,195,272
Delhi-NW DC,Karvy Computershare Private Li,92,119
Department of Information Technology Govt of Jharkhand,Blue Circle Instrument,1008,199
Department of Information Technology Govt of Jharkhand,MKS Enterprises,1669,338
Department of Information Technology Govt of Jharkhand,Systematic & Advance Const P L,32,45
Dept of ITC Govt of Rajasthan,ATISHAY INFOTECH PVT. LTD.,23618,790
Dept of ITC Govt of Rajasthan,AVVAS INFOTECH PVT  LTD,29168,413
Dept of ITC Govt of Rajasthan,Alankit Finsec Ltd,17904,308
Dept of ITC Govt of Rajasthan,Business Information Processing Services,862,118
Dept of ITC Govt of Rajasthan,DATASOFT COMPUTER SERVICES(P),23329,575
Dept of ITC Govt of Rajasthan,Gem Computers,2332,68
Dept of ITC Govt of Rajasthan,MANTRA SOFTTECH (INDIA) PVTLTD,415,17
Dept of ITC Govt of Rajasthan,Multiwave Innovation,3888,68
Dept of ITC Govt of Rajasthan,Netlink software Pvt Ltd,2630,157
Dept of ITC Govt of Rajasthan,TechSmart India Pvt Ltd,7127,156
Dept of ITC Govt of Rajasthan,Transline Technologies P Ltd,3144,354
Dept of ITC Govt of Rajasthan,VIRGO SOFTECH LIMITED,618,179
Dept of ITC Govt of Rajasthan,Vakrangee Softwares Limited,5954,4122
Dept of ITC Govt of Rajasthan,Vayam technologies Ltd,3140,590
FCR Govt of Haryana,4G INFORMATICS,1564,82
FCR Govt of Haryana,Radiant Info Systems Ltd,336,0
FCR Govt of Haryana,Vakrangee Softwares Limited,13,3477
FCR Govt of Haryana,Vayam technologies Ltd,561,22
FCS Govt of Punjab,CSS TECHNERGY LIMITED,9,120
FCS Govt of Punjab,Karvy Computershare Private Li,6190,979
FCS Govt of Punjab,Vayam technologies Ltd,4632,1036
FCS Govt of Punjab,eCentric solutions pvt ltd,4622,610
Govt of Andhra Pradesh,Gouthami Educational Society,1853,719
Govt of Andhra Pradesh,GrapeSoft,212,289
Govt of Andhra Pradesh,IL&FS LTD,2,4
Govt of Andhra Pradesh,INFRONICS SYSTEMS LTD,696,4644
Govt of Andhra Pradesh,Madras Security Printers Ltd,0,28
Govt of Andhra Pradesh,SREEVEN INFOCOM LIMITED,487,901
Govt of Andhra Pradesh,Smart Chip Limited,0,1
Govt of Andhra Pradesh,TechSmart India Pvt Ltd,8983,849
Govt of Andhra Pradesh,Tera Software Ltd,448,704
Govt of Andhra Pradesh,eCentric solutions pvt ltd,1,1
Govt of Goa,COMAT TECHNOLOGIES P LTD,3,5
Govt of Goa,MARS Telecom Systems Pvt Ltd,65,70
Govt of Goa,Tera Software Ltd,0,52
Govt of Gujarat,GSS Infotech Ltd,9114,234
Govt of Gujarat,Karvy Computershare Private Li,12241,309
Govt of Gujarat,Silver Touch Technologies Ltd,13428,734
Govt of Gujarat,Tera Software Ltd,8557,831
Govt of Gujarat,Transline Technologies P Ltd,772,38
Govt of Gujarat,Vayam technologies Ltd,4536,1182
Govt of Gujarat,eCentric solutions pvt ltd,7032,226
Govt of Himachal Pradesh,Wipro Ltd,254,123
Govt of Himachal Pradesh,i-Grandee SoftwareTechnologies,1289,298
Govt of Karnataka ,BNR UDYOG LIMITED,431,29
Govt of Karnataka ,Bloom Solutions Pvt Ltd,1181,36
Govt of Karnataka ,COMAT TECHNOLOGIES P LTD,0,1
Govt of Karnataka ,GLODYNE TECHNOSERVE,2,3
Govt of Karnataka ,MARS Telecom Systems Pvt Ltd,33235,1169
Govt of Karnataka ,Ninestars Information Technologies Ltd,8471,2154
Govt of Karnataka ,Om Softwares,322,11
Govt of Karnataka ,Origin ITFS Pvt Ltd,15160,4341
Govt of Karnataka ,SREEVEN INFOCOM LIMITED,8460,977
Govt of Karnataka ,Tera Software Ltd,0,1
Govt of Kerala,Akshaya,3614,2263
Govt of Kerala,Keltron,176,782
Govt of Madhya Pradesh,VIRGO SOFTECH LIMITED,0,10
Govt of Maharashtra,Alankit Assignments Limited,0,1
Govt of Maharashtra,Alankit Finsec Ltd,6079,768
Govt of Maharashtra,Bharat Technical Solutions Private Limited,170,11
Govt of Maharashtra,Eagle press pvt ltd,266,463
Govt of Maharashtra,GLODYNE TECHNOSERVE,2,40
Govt of Maharashtra,Karvy Computershare Private Li,11695,835
Govt of Maharashtra,M/S King Computer System pvt Ltd,29,2
Govt of Maharashtra,M/s. Vidya Online  Pune,108,16
Govt of Maharashtra,Mahaonline Limited,0,3
Govt of Maharashtra,Narayana Electricals Solution Pvt Ltd,800,142
Govt of Maharashtra,Netlink software Pvt Ltd,2609,470
Govt of Maharashtra,Network for Information & Computer,2,0
Govt of Maharashtra,Rudranee Infotech Ltd,1073,129
Govt of Maharashtra,SETU MAHARASHTRA,0,1
Govt of Maharashtra,SHREERAM PRINTING PRESS,225,35
Govt of Maharashtra,SPANCO,3865,141
Govt of Maharashtra,STRATEGIC OUTSOURCING SERVICE,2418,628
Govt of Maharashtra,Silver Touch Technologies Ltd,1535,229
Govt of Maharashtra,Systematic & Advance Const P L,169,48
Govt of Maharashtra,TEAM LIFE CARE COMPANY INDIA P,1235,18
Govt of Maharashtra,TechSmart India Pvt Ltd,1694,898
Govt of Maharashtra,Tera Software Ltd,34,242
Govt of Maharashtra,Transline Technologies P Ltd,383,592
Govt of Maharashtra,Wipro Ltd,4172,571
Govt of Sikkim - Dept of Econo,Department of Economics Statistics  Monitoring and Evaluation DESME,12,6
IDBI Bank ltd,ATISHAY INFOTECH PVT. LTD.,1681,188
IDBI Bank ltd,Matrix Processing House,174,82
IDBI Bank ltd,SREEVEN INFOCOM LIMITED,2541,280
IDBI Bank ltd,UTI TECHNOLOGY SERVICES LIMITE,883,58
Indiapost,Delhi Integrated MMTS Ltd,48465,922
Indiapost,GLODYNE TECHNOSERVE,0,32
Indiapost,M/S STAR DATA CENTRE,402,128
Indiapost,MARS Telecom Systems Pvt Ltd,2115,259
Indiapost,Smart Chip Limited,319,11
Indiapost,TEAM LIFE CARE COMPANY INDIA P,4532,798
Indiapost,Vayam technologies Ltd,332,116
Indiapost,WEBEL,164,105
Information Technology & Communication Department,4G INFORMATICS,6408,2051
Information Technology & Communication Department,BNR UDYOG LIMITED,4438,2158
Information Technology & Communication Department,Bloom Solutions Pvt Ltd,1607,2113
Information Technology & Communication Department,CSS TECHNERGY LIMITED,6108,240
Information Technology & Communication Department,GDC Advertising Pvt. Limited,6,405
Information Technology & Communication Department,JYOTHI COMPUTER SERVICES,3182,1743
Information Technology & Communication Department,Karvy Data Management Services,630,26
Information Technology & Communication Department,MARS Telecom Systems Pvt Ltd,296,90
Information Technology & Communication Department,SREEVEN INFOCOM LIMITED,1519,288
Information Technology & Communication Department,Tera Software Ltd,2995,270
Jharkhand,Alankit Assignments Limited,0,81
Jharkhand,Blue Circle Instrument,34,25
Jharkhand,Emdee Digitronics Pvt.Ltd.,1826,265
Jharkhand,IL&FS LTD,0,4
Jharkhand,MKS Enterprises,1286,172
Jharkhand,Nevaeh Technology Pvt. Ltd.,266,78
Jharkhand,STRATEGIC OUTSOURCING SERVICE,1,20
Jharkhand,Smart Chip Limited,275,67
Jharkhand,Systematic & Advance Const P L,492,245
Jharkhand,VISION COMPTECH INTEGRATOR LTD,923,408
Jharkhand,Wipro Ltd,7953,2064
Mission Convergence - GNCT Del,Karvy Computershare Private Li,43,51
Mission Convergence - GNCT Del,NVR & ASSOCIATES LIMITED,449,126
Mission Convergence - GNCT Del,STRATEGIC OUTSOURCING SERVICE,0,1
Mission Convergence - GNCT Del,Tera Software Ltd,0,1
NSDL e-Governance Infrastructure Limited,Abhipra Capital Ltd,2027,232
NSDL e-Governance Infrastructure Limited,Alankit Assignments Limited,15867,804
NSDL e-Governance Infrastructure Limited,Delhi Integrated MMTS Ltd,975,21
NSDL e-Governance Infrastructure Limited,INTEGRATED REGISTRY SERVICES LTD,37,0
NSDL e-Governance Infrastructure Limited,Karvy Data Management Services,17672,2233
NSDL e-Governance Infrastructure Limited,Netlink software Pvt Ltd,8299,1453
NSDL e-Governance Infrastructure Limited,PROWIZ MANSYTEMS PVT LTD,2769,479
NSDL e-Governance Infrastructure Limited,TEAM LIFE CARE COMPANY INDIA P,164,34
NSDL e-Governance Infrastructure Limited,VIRGO SOFTECH LIMITED,2762,315
Oriental Bank of Commerce,DATASOFT COMPUTER SERVICES(P),1834,73
Oriental Bank of Commerce,Euro Finmart Ltd,203,7
Oriental Bank of Commerce,FINANCIAL INFORMATION NETWORK,0,19
Oriental Bank of Commerce,JNET Technologies Pvt.Ltd,1596,171
Oriental Bank of Commerce,Redim Software Technologies Pvt Ltd,186,96
Oriental Bank of Commerce,Sri Ramraja Sarkar Lok Kalyan Trust,7135,846
Oriental Bank of Commerce,Wipro Ltd,4331,371
RDD Govt of Tripura,Alankit Assignments Limited,91,1
Registrar General India - BEL,In Media Computer Services LLP,0,4
Registrar General India - BEL,Manipur Electronics Dev Corp,5,2
Registrar General India - BEL,Swathy Smartcards Hi-Tech Pvt,2,36
Registrar General India BEL2,Alankit Assignments Limited,131,15
Registrar General India BEL2,Computer LAB,18228,1509
Registrar General India BEL2,Emdee Digitronics Pvt.Ltd.,127,46
Registrar General India BEL2,In Media Computer Services LLP,9,8
Registrar General India BEL2,India Computer Technology,25060,2717
Registrar General India BEL2,MACRO INFOTECH PVT LTD,17829,143
Registrar General India BEL2,MKS Enterprises,3,2
Registrar General India BEL2,Madras Security Printers Ltd,13013,1515
Registrar General India BEL2,Manipur Electronics Dev Corp,52,10
Registrar General India BEL2,Multiwave Innovation,338,48
Registrar General India BEL2,Netlink software Pvt Ltd,846,197
Registrar General India BEL2,Nevaeh Technology Pvt. Ltd.,151,8
Registrar General India BEL2,Nielsen  India  Private Limited,502,89
Registrar General India BEL2,Om Softwares,4271,1504
Registrar General India BEL2,SREEVEN INFOCOM LIMITED,1,0
Registrar General India BEL2,STRATEGIC OUTSOURCING SERVICE,1599,282
Registrar General India BEL2,Satyanarayana Raju Company Pvt ltd,484,11
Registrar General India BEL2,Swathy Smartcards Hi-Tech Pvt,36728,10066
Registrar General India BEL2,Swiss Tech India Pvt Ltd,18,133
Registrar General India BEL2,Tera Software Ltd,1217,4121
Registrar General India BEL2,UNITED DATA SERVICES PRIVATE LIMITED,15237,913
Registrar General India BEL2,VIRGO SOFTECH LIMITED,123,54
Registrar General India BEL2,Vansh Infotech Pvt Ltd,1524,81
Registrar General India BEL2,Vedavaag Systems Limited,1868,94
Registrar General India BEL2,Viesa Technologies,120,41
Registrar General India ECIL,AVVAS INFOTECH PVT  LTD,20875,161
Registrar General India ECIL,BUSINESS INFORMATION PROCESSING SERVICES,372,21
Registrar General India ECIL,COMTECH INSTITUTE OFTECHNOLOGY,8825,422
Registrar General India ECIL,COMTECHINFO SOLUTIONS PVT.LTD,1559,49
Registrar General India ECIL,Chinar Construction Company Prime agency,1961,14
Registrar General India ECIL,Clairvoyance Technologies Pvt.,90,31
Registrar General India ECIL,Computer LAB,112206,7468
Registrar General India ECIL,Eagle Software India Pvt. Ltd,8812,1772
Registrar General India ECIL,Esoft Consulting Limited,882,88
Registrar General India ECIL,In Media Computer Services LLP,5228,9663
Registrar General India ECIL,India Computer Technology,10950,12835
Registrar General India ECIL,Karvy Data Management Services,4380,438
Registrar General India ECIL,Krishna Infotech,763,759
Registrar General India ECIL,Madras Security Printers Ltd,16941,1552
Registrar General India ECIL,Mphasis Ltd,3936,260
Registrar General India ECIL,Netwing Technologies Pvt Ltd,40,8
Registrar General India ECIL,Nielsen  India  Private Limited,723,47
Registrar General India ECIL,Pioneer E Labs limited,31774,445
Registrar General India ECIL,Quick Data IT Services Pvt Ltd,486,4
Registrar General India ECIL,SARADA SYSTEMS,11499,5
Registrar General India ECIL,SWISSTECH NPR 57CR PROJECT PVT,10079,5066
Registrar General India ECIL,Tera Software Ltd,7089,403
Registrar General India ECIL,Vedavaag Systems Limited,1858,2092
Registrar General India Others,AVVAS INFOTECH PVT  LTD,10,1
Registrar General India Others,BUSINESS INFORMATION PROCESSING SERVICES,1,0
Registrar General India Others,COMTECH INSTITUTE OFTECHNOLOGY,69,0
Registrar General India Others,COMTECHINFO SOLUTIONS PVT.LTD,1,0
Registrar General India Others,Computer LAB,75,1
Registrar General India Others,Eagle Software India Pvt. Ltd,17,0
Registrar General India Others,Karvy Data Management Services,6,0
Registrar General India Others,Madras Security Printers Ltd,2,0
Registrar General India Others,Mphasis Ltd,1,0
Registrar General India Others,Om Softwares,0,2
Registrar General India Others,SWISSTECH NPR 57CR PROJECT PVT,9,5
Registrar General India Others,Swathy Smartcards Hi-Tech Pvt,0,77
Registrar General India Others,Vansh Infotech Pvt Ltd,0,2
Registrar General India Others,Vedavaag Systems Limited,1,0
Registrar General India Others,WEBEL TECHNOLOGY LIMITED,0,1
Registrar General of India ITI,COMTECH INSTITUTE OFTECHNOLOGY,255,46
Registrar General of India ITI,CSS TECHNERGY LIMITED,1437,18
Registrar General of India ITI,CommunitiWorks Welfare Society,764,80
Registrar General of India ITI,Eagle Software India Pvt. Ltd,6059,229
Registrar General of India ITI,Emdee Digitronics Pvt.Ltd.,43665,4669
Registrar General of India ITI,In Media Computer Services LLP,30,1
Registrar General of India ITI,Karvy Data Management Services,1804,88
Registrar General of India ITI,Madras Security Printers Ltd,1409,96
Registrar General of India ITI,Mphasis Ltd,828,75
Registrar General of India ITI,Multiwave Innovation,0,446
Registrar General of India ITI,Netlink software Pvt Ltd,520,82
Registrar General of India ITI,Netwing Technologies Pvt Ltd,14,6
Registrar General of India ITI,Nielsen  India  Private Limited,346,204
Registrar General of India ITI,SREEVEN INFOCOM LIMITED,16,196
Registrar General of India ITI,STRATEGIC OUTSOURCING SERVICE,641,34
Registrar General of India ITI,Satyanarayana Raju Company Pvt ltd,1996,69
Registrar General of India ITI,Swathy Smartcards Hi-Tech Pvt,932,10017
Registrar General of India ITI,TechSmart India Pvt Ltd,2,1846
Registrar General of India ITI,Urmila Info solution,174,10
Registrar General of India ITI,VIRGO SOFTECH LIMITED,203,18
Registrar General of India ITI,Vedavaag Systems Limited,1978,120
Registrar General of India ITI,WEBEL TECHNOLOGY LIMITED,1634,1045
Registrar General of India ITI,Webx Technologies Private Limited,36,6
STATE BANK OF HYDERABAD,CSS TECHNERGY LIMITED,0,11
STATE BANK OF PATIALA,CSS TECHNERGY LIMITED,0,16
State Bank of Bikaner & Jaipur,Multiwave Innovation,364,729
State Bank of India,4G IDENTITY SOLUTIONS,0,2
State Bank of India,COMAT TECHNOLOGIES P LTD,0,1
State Bank of India,CSS TECHNERGY LIMITED,0,8
State Bank of India,Delhi Integrated MMTS Ltd,0,2
State Bank of India,IL&FS LTD,0,2
State Bank of India,VIRGO SOFTECH LIMITED,0,1
State Bank of Travancore,Tera Software Ltd,38,360
UIDAI-Registrar,UIDAI-EA,38,1
UT Of Daman and Diu,Alankit Assignments Limited,17,28
UT of Puducherry,Madras Security Printers Ltd,24,65
Union Bank,FINANCIAL INFORMATION NETWORK,35986,4432
Union Bank,Smart Chip Limited,15430,3951
Union Bank,Vakrangee Softwares Limited,37776,7183
