Registrar,Enrolment Agency,Aadhaar generated,Enrolment Rejected
Allahabad Bank,Vakrangee Softwares Limited,947,254
Bank Of India,A3 Logics  India  Ltd,1342,146
Bank Of India,Akanksha International,323,13
Bank Of India,Blue Circle Instrument,370,64
Bank Of India,CHESSY CONSULTANTS PVT LTD,306,16
Bank Of India,DATASOFT COMPUTER SERVICES(P),261,24
Bank Of India,Emdee Digitronics Pvt.Ltd.,228,21
Bank Of India,Frontech Systems Pvt Ltd,286,75
Bank Of India,ITI LIMITED,2,2
Bank Of India,MANTRA SOFTTECH (INDIA) PVTLTD,296,23
Bank Of India,Matrix Processing House,18764,393
Bank Of India,OPTIMIX CONSULTANCY PRIVATE LT,3,0
Bank Of India,OSWAL COMPUTERS & CONSULTANTS,7266,618
Bank Of India,PROTEX COMPUTER PVT LTD,5971,102
Bank Of India,SARADA SYSTEMS,5433,112
Bank Of India,SHRIKRISHNA KHANDASARI SUGAR M,3094,167
Bank Of India,SPANCO,9846,164
Bank Of India,SREI INFRASTRUCTURE FINANCES L,3287,959
Bank Of India,Silver Touch Technologies Ltd,227,26
Bank Of India,Systematic & Advance Const P L,2251,541
Bank Of India,VEETECHNOLOGIES PVT. LTD,2507,97
Bank Of India,VIRGO SOFTECH LIMITED,5,0
Bank Of India,Vakrangee Softwares Limited,36,13
Bank of Baroda,DATASOFT COMPUTER SERVICES(P),1,0
Bank of Baroda,Global Finsol Private Limited,830,35
Bank of Maharashtra,Alankit Finsec Ltd,37,8
Bank of Maharashtra,FINANCIAL INFORMATION NETWORK,113,68
Bank of Maharashtra,Micro Technologies India Ltd,129,22
Bank of Maharashtra,Tera Software Ltd,1751,104
CSC e-Governance Services India Limited,A I Soc for Electronics and Comp Tech,2329,519
CSC e-Governance Services India Limited,AKSH OPTIFIBRE LIMITED,391,39
CSC e-Governance Services India Limited,BASIX,408,98
CSC e-Governance Services India Limited,CALANCE SOFTWARE PRIVATE LTD,748,108
CSC e-Governance Services India Limited,CMS Computers Ltd,1980,265
CSC e-Governance Services India Limited,CSC e-Governance Services India Limited,1411,164
CSC e-Governance Services India Limited,Intelligent Communication Systems India Limited,24,17
CSC e-Governance Services India Limited,MANTRA SOFTTECH (INDIA) PVTLTD,277,36
CSC e-Governance Services India Limited,Network for Information & Computer,458,47
CSC e-Governance Services India Limited,Reliance Communication Limited,1186,33
CSC e-Governance Services India Limited,SPANCO,808,64
CSC e-Governance Services India Limited,Tera Software Ltd,110,1
CSC e-Governance Services India Limited,United Telecoms e-Services Pvt Ltd,139,89
CSC e-Governance Services India Limited,VIKALP MULTIMEDIA,144,15
CSC e-Governance Services India Limited,Vakrangee Softwares Limited,1732,93
CSC e-Governance Services India Limited,Zephyr System Pvt.Ltd.,24,1
Central Bank of India,CALANCE SOFTWARE PRIVATE LTD,829,44
Central Bank of India,IAP COMPANY Pvt. Ltd,2599,286
Central Bank of India,MANTRA SOFTTECH (INDIA) PVTLTD,90,19
Central Bank of India,The Peerless General Finance,443,12
DENA BANK,ATISHAY INFOTECH PVT. LTD.,420,54
DENA BANK,Bloom Solutions Pvt Ltd,2203,204
DENA BANK,Business Information Processing Services,93,4
DENA BANK,CALANCE SOFTWARE PRIVATE LTD,252,58
DENA BANK,DATASOFT COMPUTER SERVICES(P),82,14
DENA BANK,Gujarat Infotech Ltd.,6,0
DENA BANK,JNET Technologies Pvt.Ltd,1490,155
DENA BANK,K W Consulting P Ltd,587,146
DENA BANK,Multiwave Innovation,5565,102
DENA BANK,Narayana Electricals Solution Pvt Ltd,1373,53
DENA BANK,Netlink software Pvt Ltd,293,6
DENA BANK,Ortem Securities Limited,1,0
DENA BANK,Prodigy Systems and Services Private Limited,141,68
DENA BANK,Soc for Advancement of Environ Science,105,56
DENA BANK,Super Printers,136,3
DENA BANK,Systematic & Advance Const P L,292,9
DENA BANK,TechSmart India Pvt Ltd,1372,1560
DENA BANK,Tera Software Ltd,833,71
DENA BANK,WEBEL,168,2
Delhi - Central DC,Smart Chip Limited,1509,62
Delhi - East DC,DATASOFT COMPUTER SERVICES(P),179,17
Delhi - ND DC,Smart Chip Limited,212,13
Delhi - NE DC,Smart Chip Limited,1878,121
Delhi - North DC,CALANCE SOFTWARE PRIVATE LTD,995,138
Delhi - North DC,DATASOFT COMPUTER SERVICES(P),0,1
Delhi - North DC,NVR & ASSOCIATES LIMITED,236,95
Delhi - North DC,Smart Chip Limited,1220,232
Delhi SW DC,VIRGO SOFTECH LIMITED,50,194
Delhi- South DC,Karvy Computershare Private Li,588,19
Delhi- South DC,Smart Chip Limited,626,11
Delhi- West DC,Smart Chip Limited,693,82
Delhi- West DC,VIRGO SOFTECH LIMITED,151,63
Delhi-NW DC,Karvy Computershare Private Li,231,20
Department of Information Technology Govt of Jharkhand,Blue Circle Instrument,250,49
Department of Information Technology Govt of Jharkhand,MKS Enterprises,5268,28
Department of Information Technology Govt of Jharkhand,Systematic & Advance Const P L,0,3
Dept of ITC Govt of Rajasthan,ATISHAY INFOTECH PVT. LTD.,2147,96
Dept of ITC Govt of Rajasthan,AVVAS INFOTECH PVT  LTD,1263,96
Dept of ITC Govt of Rajasthan,Alankit Finsec Ltd,641,68
Dept of ITC Govt of Rajasthan,Business Information Processing Services,987,21
Dept of ITC Govt of Rajasthan,DATASOFT COMPUTER SERVICES(P),1999,108
Dept of ITC Govt of Rajasthan,Gem Computers,392,22
Dept of ITC Govt of Rajasthan,MANTRA SOFTTECH (INDIA) PVTLTD,510,29
Dept of ITC Govt of Rajasthan,Multiwave Innovation,4479,19
Dept of ITC Govt of Rajasthan,Netlink software Pvt Ltd,312,34
Dept of ITC Govt of Rajasthan,TechSmart India Pvt Ltd,685,54
Dept of ITC Govt of Rajasthan,Transline Technologies P Ltd,1865,133
Dept of ITC Govt of Rajasthan,VIRGO SOFTECH LIMITED,893,47
Dept of ITC Govt of Rajasthan,Vakrangee Softwares Limited,3671,242
Dept of ITC Govt of Rajasthan,Vayam technologies Ltd,3070,86
FCR Govt of Haryana,4G INFORMATICS,644,14
FCR Govt of Haryana,Radiant Info Systems Ltd,30,1
FCR Govt of Haryana,Vakrangee Softwares Limited,4,55
FCR Govt of Haryana,Vayam technologies Ltd,729,13
FCS Govt of Punjab,Alankit Assignments Limited,0,83
FCS Govt of Punjab,CSS TECHNERGY LIMITED,185,5
FCS Govt of Punjab,Karvy Computershare Private Li,6597,554
FCS Govt of Punjab,Vayam technologies Ltd,2303,89
FCS Govt of Punjab,eCentric solutions pvt ltd,2206,147
Govt of Andhra Pradesh,Gouthami Educational Society,484,91
Govt of Andhra Pradesh,GrapeSoft,167,122
Govt of Andhra Pradesh,INFRONICS SYSTEMS LTD,803,228
Govt of Andhra Pradesh,SREEVEN INFOCOM LIMITED,2368,42
Govt of Andhra Pradesh,Smart Chip Limited,3,0
Govt of Andhra Pradesh,TechSmart India Pvt Ltd,810,154
Govt of Andhra Pradesh,Tera Software Ltd,278,29
Govt of Goa,MARS Telecom Systems Pvt Ltd,116,7
Govt of Gujarat,GSS Infotech Ltd,1828,77
Govt of Gujarat,Karvy Computershare Private Li,6764,157
Govt of Gujarat,Silver Touch Technologies Ltd,10314,391
Govt of Gujarat,Tera Software Ltd,3815,45
Govt of Gujarat,Transline Technologies P Ltd,1963,34
Govt of Gujarat,Vayam technologies Ltd,8812,163
Govt of Gujarat,eCentric solutions pvt ltd,562,72
Govt of Himachal Pradesh,Wipro Ltd,133,63
Govt of Himachal Pradesh,i-Grandee SoftwareTechnologies,1525,40
Govt of Karnataka ,BNR UDYOG LIMITED,679,11
Govt of Karnataka ,Bloom Solutions Pvt Ltd,1054,13
Govt of Karnataka ,GLODYNE TECHNOSERVE,2,2
Govt of Karnataka ,MARS Telecom Systems Pvt Ltd,5687,503
Govt of Karnataka ,Ninestars Information Technologies Ltd,3924,487
Govt of Karnataka ,Origin ITFS Pvt Ltd,5744,839
Govt of Karnataka ,Radiant Info Systems Ltd,31,3
Govt of Karnataka ,SREEVEN INFOCOM LIMITED,12325,566
Govt of Kerala,Akshaya,3466,409
Govt of Kerala,Keltron,160,14
Govt of Maharashtra,Alankit Finsec Ltd,721,70
Govt of Maharashtra,Bharat Technical Solutions Private Limited,76,2
Govt of Maharashtra,Eagle press pvt ltd,20,11
Govt of Maharashtra,Global Finsol Private Limited,314,2
Govt of Maharashtra,Karvy Computershare Private Li,4147,237
Govt of Maharashtra,M/S King Computer System pvt Ltd,11,1
Govt of Maharashtra,M/s. Vidya Online  Pune,37,10
Govt of Maharashtra,Narayana Electricals Solution Pvt Ltd,522,30
Govt of Maharashtra,Netlink software Pvt Ltd,1454,106
Govt of Maharashtra,Network for Information & Computer,1,0
Govt of Maharashtra,Rudranee Infotech Ltd,357,149
Govt of Maharashtra,SETU MAHARASHTRA,46,38
Govt of Maharashtra,SHREERAM PRINTING PRESS,60,59
Govt of Maharashtra,SPANCO,3207,66
Govt of Maharashtra,STRATEGIC OUTSOURCING SERVICE,1176,283
Govt of Maharashtra,Silver Touch Technologies Ltd,1188,29
Govt of Maharashtra,Systematic & Advance Const P L,50,16
Govt of Maharashtra,TechSmart India Pvt Ltd,326,43
Govt of Maharashtra,Tera Software Ltd,9,1
Govt of Maharashtra,Transline Technologies P Ltd,222,25
Govt of Maharashtra,Wipro Ltd,1052,83
Govt of Sikkim - Dept of Econo,Department of Economics Statistics  Monitoring and Evaluation DESME,83,2
IDBI Bank ltd,ATISHAY INFOTECH PVT. LTD.,383,91
IDBI Bank ltd,Matrix Processing House,604,10
IDBI Bank ltd,Pioneer E Labs limited,1,0
IDBI Bank ltd,SREEVEN INFOCOM LIMITED,4625,107
IDBI Bank ltd,UTI TECHNOLOGY SERVICES LIMITE,235,18
Indiapost,4G IDENTITY SOLUTIONS,0,2
Indiapost,Delhi Integrated MMTS Ltd,2147,60
Indiapost,GLODYNE TECHNOSERVE,0,1
Indiapost,Global Finsol Private Limited,1338,33
Indiapost,M/S STAR DATA CENTRE,102,14
Indiapost,MARS Telecom Systems Pvt Ltd,196,40
Indiapost,Smart Chip Limited,1875,40
Indiapost,Vayam technologies Ltd,339,83
Indiapost,WEBEL,115,78
Information Technology & Communication Department,4G INFORMATICS,2577,298
Information Technology & Communication Department,BNR UDYOG LIMITED,327,49
Information Technology & Communication Department,Bloom Solutions Pvt Ltd,335,13
Information Technology & Communication Department,CSS TECHNERGY LIMITED,405,84
Information Technology & Communication Department,GDC Advertising Pvt. Limited,0,6
Information Technology & Communication Department,JYOTHI COMPUTER SERVICES,851,118
Information Technology & Communication Department,Karvy Data Management Services,58,8
Information Technology & Communication Department,MARS Telecom Systems Pvt Ltd,250,76
Information Technology & Communication Department,SREEVEN INFOCOM LIMITED,3738,57
Information Technology & Communication Department,Tera Software Ltd,2078,65
Jharkhand,Blue Circle Instrument,18,1
Jharkhand,Emdee Digitronics Pvt.Ltd.,985,97
Jharkhand,MKS Enterprises,5298,106
Jharkhand,Nevaeh Technology Pvt. Ltd.,4725,24
Jharkhand,STRATEGIC OUTSOURCING SERVICE,5,0
Jharkhand,Smart Chip Limited,6688,27
Jharkhand,Smart ID,4,0
Jharkhand,Systematic & Advance Const P L,1859,33
Jharkhand,VISION COMPTECH INTEGRATOR LTD,1734,127
Jharkhand,Wipro Ltd,6756,407
Mission Convergence - GNCT Del,Karvy Computershare Private Li,212,3
Mission Convergence - GNCT Del,NVR & ASSOCIATES LIMITED,25,7
Mission Convergence - GNCT Del,Smart Chip Limited,0,1
NSDL e-Governance Infrastructure Limited,Abhipra Capital Ltd,388,24
NSDL e-Governance Infrastructure Limited,Alankit Assignments Limited,3411,387
NSDL e-Governance Infrastructure Limited,Delhi Integrated MMTS Ltd,375,1
NSDL e-Governance Infrastructure Limited,Global Finsol Private Limited,60,9
NSDL e-Governance Infrastructure Limited,INTEGRATED REGISTRY SERVICES LTD,17,1
NSDL e-Governance Infrastructure Limited,Karvy Consultants Limited,13,0
NSDL e-Governance Infrastructure Limited,Karvy Data Management Services,7638,660
NSDL e-Governance Infrastructure Limited,Netlink software Pvt Ltd,2449,149
NSDL e-Governance Infrastructure Limited,PROWIZ MANSYTEMS PVT LTD,849,48
NSDL e-Governance Infrastructure Limited,Promind Solutions P Limited,633,3
NSDL e-Governance Infrastructure Limited,VIRGO SOFTECH LIMITED,2035,59
Oriental Bank of Commerce,DATASOFT COMPUTER SERVICES(P),179,58
Oriental Bank of Commerce,Euro Finmart Ltd,30,9
Oriental Bank of Commerce,FINANCIAL INFORMATION NETWORK,0,2
Oriental Bank of Commerce,JNET Technologies Pvt.Ltd,351,36
Oriental Bank of Commerce,Redim Software Technologies Pvt Ltd,188,1
Oriental Bank of Commerce,Sri Ramraja Sarkar Lok Kalyan Trust,2023,75
Oriental Bank of Commerce,Wipro Ltd,3123,153
Principal Revenue Commissioner  Dept of Revenue  Govt of MP,Frontech Systems Pvt Ltd,25,4
Principal Revenue Commissioner  Dept of Revenue  Govt of MP,K W Consulting P Ltd,281,21
Principal Revenue Commissioner  Dept of Revenue  Govt of MP,Netlink software Pvt Ltd,88,1
Principal Revenue Commissioner  Dept of Revenue  Govt of MP,Tera Software Ltd,35,8
Principal Revenue Commissioner  Dept of Revenue  Govt of MP,Vedavaag Systems Limited,3,0
Punjab and Sind Bank,Matrix Processing House,3,0
Registrar General India - BEL,Manipur Electronics Dev Corp,11,0
Registrar General India - BEL,Swathy Smartcards Hi-Tech Pvt,0,2
Registrar General India BEL2,Alankit Assignments Limited,481,5
Registrar General India BEL2,Computer LAB,564,660
Registrar General India BEL2,Emdee Digitronics Pvt.Ltd.,552,2
Registrar General India BEL2,In Media Computer Services LLP,33,0
Registrar General India BEL2,India Computer Technology,4347,386
Registrar General India BEL2,MACRO INFOTECH PVT LTD,5214,67
Registrar General India BEL2,MKS Enterprises,1042,0
Registrar General India BEL2,Madras Security Printers Ltd,8954,164
Registrar General India BEL2,Manipur Electronics Dev Corp,10,0
Registrar General India BEL2,Multiwave Innovation,3632,136
Registrar General India BEL2,Netlink software Pvt Ltd,500,31
Registrar General India BEL2,Nevaeh Technology Pvt. Ltd.,790,5
Registrar General India BEL2,Nielsen  India  Private Limited,1243,40
Registrar General India BEL2,Om Softwares,3692,1337
Registrar General India BEL2,SREEVEN INFOCOM LIMITED,338,0
Registrar General India BEL2,STRATEGIC OUTSOURCING SERVICE,820,104
Registrar General India BEL2,Satyanarayana Raju Company Pvt ltd,191,2
Registrar General India BEL2,Swathy Smartcards Hi-Tech Pvt,17201,1959
Registrar General India BEL2,Swiss Tech India Pvt Ltd,42,58
Registrar General India BEL2,Tera Software Ltd,673,120
Registrar General India BEL2,UNITED DATA SERVICES PRIVATE LIMITED,4346,48
Registrar General India BEL2,VIRGO SOFTECH LIMITED,136,8
Registrar General India BEL2,Vansh Infotech Pvt Ltd,140,4
Registrar General India BEL2,Vedavaag Systems Limited,426,33
Registrar General India BEL2,Viesa Technologies,135,1
Registrar General India ECIL,AVVAS INFOTECH PVT  LTD,464,73
Registrar General India ECIL,BUSINESS INFORMATION PROCESSING SERVICES,321,16
Registrar General India ECIL,COMTECH INSTITUTE OFTECHNOLOGY,1653,470
Registrar General India ECIL,COMTECHINFO SOLUTIONS PVT.LTD,2932,7
Registrar General India ECIL,Chinar Construction Company Prime agency,2221,11
Registrar General India ECIL,Clairvoyance Technologies Pvt.,10,11
Registrar General India ECIL,Computer LAB,12735,2559
Registrar General India ECIL,Eagle Software India Pvt. Ltd,5503,277
Registrar General India ECIL,Esoft Consulting Limited,54,4
Registrar General India ECIL,In Media Computer Services LLP,3651,48
Registrar General India ECIL,India Computer Technology,2160,623
Registrar General India ECIL,Karvy Data Management Services,6646,130
Registrar General India ECIL,Krishna Infotech,206,123
Registrar General India ECIL,Madras Security Printers Ltd,7606,9119
Registrar General India ECIL,Mphasis Ltd,2504,65
Registrar General India ECIL,Netwing Technologies Pvt Ltd,25,2
Registrar General India ECIL,Nielsen  India  Private Limited,260,1
Registrar General India ECIL,Pioneer E Labs limited,72,10
Registrar General India ECIL,Quick Data IT Services Pvt Ltd,377,6
Registrar General India ECIL,SARADA SYSTEMS,207,1
Registrar General India ECIL,SWISSTECH NPR 57CR PROJECT PVT,1314,954
Registrar General India ECIL,Tera Software Ltd,2509,1
Registrar General India ECIL,Vedavaag Systems Limited,931,102
Registrar General India Others,AVVAS INFOTECH PVT  LTD,6,0
Registrar General India Others,BUSINESS INFORMATION PROCESSING SERVICES,1,0
Registrar General India Others,COMTECH INSTITUTE OFTECHNOLOGY,0,1
Registrar General India Others,Computer LAB,3,1
Registrar General India Others,Eagle Software India Pvt. Ltd,5,0
Registrar General India Others,Karvy Data Management Services,3,0
Registrar General India Others,Madras Security Printers Ltd,1,0
Registrar General India Others,Swathy Smartcards Hi-Tech Pvt,0,2
Registrar General India Others,Webx Technologies Private Limited,3,0
Registrar General of India ITI,COMTECH INSTITUTE OFTECHNOLOGY,354,16
Registrar General of India ITI,CSS TECHNERGY LIMITED,631,106
Registrar General of India ITI,CommunitiWorks Welfare Society,65,0
Registrar General of India ITI,Eagle Software India Pvt. Ltd,2545,79
Registrar General of India ITI,Emdee Digitronics Pvt.Ltd.,4274,924
Registrar General of India ITI,In Media Computer Services LLP,88,1
Registrar General of India ITI,Karvy Data Management Services,1424,58
Registrar General of India ITI,Madras Security Printers Ltd,409,32
Registrar General of India ITI,Mphasis Ltd,218,22
Registrar General of India ITI,Multiwave Innovation,9,1
Registrar General of India ITI,Netlink software Pvt Ltd,100,17
Registrar General of India ITI,Netwing Technologies Pvt Ltd,17,0
Registrar General of India ITI,Nielsen  India  Private Limited,499,5
Registrar General of India ITI,SREEVEN INFOCOM LIMITED,37,8
Registrar General of India ITI,STRATEGIC OUTSOURCING SERVICE,364,15
Registrar General of India ITI,Satyanarayana Raju Company Pvt ltd,178,21
Registrar General of India ITI,Swathy Smartcards Hi-Tech Pvt,5896,772
Registrar General of India ITI,TechSmart India Pvt Ltd,10,21
Registrar General of India ITI,Urmila Info solution,14,0
Registrar General of India ITI,VIRGO SOFTECH LIMITED,57,55
Registrar General of India ITI,Vedavaag Systems Limited,1643,37
Registrar General of India ITI,WEBEL TECHNOLOGY LIMITED,2037,36
Registrar General of India ITI,Webx Technologies Private Limited,59,0
State Bank of Bikaner & Jaipur,Multiwave Innovation,1843,4
State Bank of India,Smart Chip Limited,3,0
State Bank of Travancore,Tera Software Ltd,17,3
UIDAI-Registrar,UIDAI-EA,10,0
UT Of Daman and Diu,Alankit Assignments Limited,219,0
UT of Puducherry,Madras Security Printers Ltd,50,2
Union Bank,FINANCIAL INFORMATION NETWORK,10792,1700
Union Bank,Smart Chip Limited,55810,2441
Union Bank,Vakrangee Softwares Limited,24322,1153
