Registrar,Enrolment Agency,Aadhaar generated,Enrolment Rejected
Allahabad Bank,Vakrangee Softwares Limited,201,78
Bank Of India,A3 Logics  India  Ltd,8510,409
Bank Of India,Akanksha International,2005,48
Bank Of India,Blue Circle Instrument,7543,201
Bank Of India,CHESSY CONSULTANTS PVT LTD,3349,217
Bank Of India,DATASOFT COMPUTER SERVICES(P),1677,109
Bank Of India,Emdee Digitronics Pvt.Ltd.,4113,23
Bank Of India,Frontech Systems Pvt Ltd,2308,160
Bank Of India,ITI LIMITED,21,0
Bank Of India,MANTRA SOFTTECH (INDIA) PVTLTD,245,11
Bank Of India,Matrix Processing House,7796,244
Bank Of India,OSWAL COMPUTERS & CONSULTANTS,6550,1077
Bank Of India,PROTEX COMPUTER PVT LTD,4078,191
Bank Of India,SARADA SYSTEMS,3338,67
Bank Of India,SHRIKRISHNA KHANDASARI SUGAR M,15908,509
Bank Of India,SPANCO,4015,175
Bank Of India,SREI INFRASTRUCTURE FINANCES L,9472,540
Bank Of India,Silver Touch Technologies Ltd,1247,50
Bank Of India,Systematic & Advance Const P L,4221,305
Bank Of India,VEETECHNOLOGIES PVT. LTD,5913,94
Bank Of India,Vakrangee Softwares Limited,392,9
Bank of Baroda,DATASOFT COMPUTER SERVICES(P),24,0
Bank of Baroda,Global Finsol Private Limited,2409,111
Bank of Maharashtra,Alankit Finsec Ltd,529,29
Bank of Maharashtra,FINANCIAL INFORMATION NETWORK,3639,99
Bank of Maharashtra,Micro Technologies India Ltd,1888,77
Bank of Maharashtra,Tera Software Ltd,17064,106
CSC e-Governance Services India Limited,A I Soc for Electronics and Comp Tech,11737,863
CSC e-Governance Services India Limited,AKSH OPTIFIBRE LIMITED,3359,80
CSC e-Governance Services India Limited,BASIX,2967,136
CSC e-Governance Services India Limited,CALANCE SOFTWARE PRIVATE LTD,6980,364
CSC e-Governance Services India Limited,CMS Computers Ltd,10810,732
CSC e-Governance Services India Limited,CSC e-Governance Services India Limited,13758,551
CSC e-Governance Services India Limited,Intelligent Communication Systems India Limited,868,188
CSC e-Governance Services India Limited,MANTRA SOFTTECH (INDIA) PVTLTD,1391,30
CSC e-Governance Services India Limited,Network for Information & Computer,3400,77
CSC e-Governance Services India Limited,Reliance Communication Limited,3641,172
CSC e-Governance Services India Limited,SPANCO,766,52
CSC e-Governance Services India Limited,Tera Software Ltd,457,13
CSC e-Governance Services India Limited,United Telecoms e-Services Pvt Ltd,3605,360
CSC e-Governance Services India Limited,VIKALP MULTIMEDIA,1895,322
CSC e-Governance Services India Limited,Vakrangee Softwares Limited,3540,128
CSC e-Governance Services India Limited,Zephyr System Pvt.Ltd.,84,12
Central Bank of India,CALANCE SOFTWARE PRIVATE LTD,2104,108
Central Bank of India,IAP COMPANY Pvt. Ltd,11307,331
Central Bank of India,MANTRA SOFTTECH (INDIA) PVTLTD,113,12
Central Bank of India,The Peerless General Finance,4390,100
DENA BANK,ATISHAY INFOTECH PVT. LTD.,4805,209
DENA BANK,Bloom Solutions Pvt Ltd,8033,1015
DENA BANK,Business Information Processing Services,293,68
DENA BANK,CALANCE SOFTWARE PRIVATE LTD,1251,57
DENA BANK,DATASOFT COMPUTER SERVICES(P),736,59
DENA BANK,JNET Technologies Pvt.Ltd,6079,295
DENA BANK,K W Consulting P Ltd,4059,368
DENA BANK,Multiwave Innovation,1847,110
DENA BANK,Narayana Electricals Solution Pvt Ltd,1270,21
DENA BANK,Netlink software Pvt Ltd,1281,9
DENA BANK,Ortem Securities Limited,13,15
DENA BANK,Prodigy Systems and Services Private Limited,2092,275
DENA BANK,Soc for Advancement of Environ Science,998,200
DENA BANK,Super Printers,1281,22
DENA BANK,Systematic & Advance Const P L,1257,10
DENA BANK,TechSmart India Pvt Ltd,6788,1184
DENA BANK,Tera Software Ltd,2530,77
DENA BANK,WEBEL,212,15
Delhi - Central DC,Smart Chip Limited,1132,171
Delhi - East DC,DATASOFT COMPUTER SERVICES(P),967,282
Delhi - ND DC,Smart Chip Limited,518,75
Delhi - NE DC,Smart Chip Limited,1213,218
Delhi - North DC,CALANCE SOFTWARE PRIVATE LTD,2396,455
Delhi - North DC,NVR & ASSOCIATES LIMITED,1968,587
Delhi - North DC,Smart Chip Limited,1124,124
Delhi SW DC,VIRGO SOFTECH LIMITED,585,282
Delhi Urban Shelter Improvemen,STRATEGIC OUTSOURCING SERVICE,1,0
Delhi- South DC,Karvy Computershare Private Li,696,204
Delhi- South DC,Smart Chip Limited,330,77
Delhi- West DC,Smart Chip Limited,436,60
Delhi- West DC,VIRGO SOFTECH LIMITED,1781,659
Delhi-NW DC,Karvy Computershare Private Li,994,174
Department of Information Technology Govt of Jharkhand,Blue Circle Instrument,2415,119
Department of Information Technology Govt of Jharkhand,MKS Enterprises,1305,56
Department of Information Technology Govt of Jharkhand,Systematic & Advance Const P L,52,0
Department of Information Technology Govt of Jharkhand,Vayam technologies Ltd,4,0
Dept of ITC Govt of Rajasthan,ATISHAY INFOTECH PVT. LTD.,8676,268
Dept of ITC Govt of Rajasthan,AVVAS INFOTECH PVT  LTD,16611,160
Dept of ITC Govt of Rajasthan,Alankit Finsec Ltd,4285,145
Dept of ITC Govt of Rajasthan,Business Information Processing Services,1040,82
Dept of ITC Govt of Rajasthan,DATASOFT COMPUTER SERVICES(P),8970,514
Dept of ITC Govt of Rajasthan,Gem Computers,2809,37
Dept of ITC Govt of Rajasthan,MANTRA SOFTTECH (INDIA) PVTLTD,263,16
Dept of ITC Govt of Rajasthan,Multiwave Innovation,440,26
Dept of ITC Govt of Rajasthan,Netlink software Pvt Ltd,1733,88
Dept of ITC Govt of Rajasthan,TechSmart India Pvt Ltd,2931,170
Dept of ITC Govt of Rajasthan,Transline Technologies P Ltd,7063,660
Dept of ITC Govt of Rajasthan,VIRGO SOFTECH LIMITED,1475,186
Dept of ITC Govt of Rajasthan,Vakrangee Softwares Limited,9494,682
Dept of ITC Govt of Rajasthan,Vayam technologies Ltd,4754,202
FCR Govt of Haryana,4G INFORMATICS,2206,31
FCR Govt of Haryana,Radiant Info Systems Ltd,642,8
FCR Govt of Haryana,Vakrangee Softwares Limited,86,331
FCR Govt of Haryana,Vayam technologies Ltd,1214,39
FCS Govt of Punjab,CSS TECHNERGY LIMITED,185,14
FCS Govt of Punjab,Karvy Computershare Private Li,12749,431
FCS Govt of Punjab,Vayam technologies Ltd,3229,233
FCS Govt of Punjab,eCentric solutions pvt ltd,7860,411
Govt of Andhra Pradesh,Gouthami Educational Society,939,729
Govt of Andhra Pradesh,GrapeSoft,633,94
Govt of Andhra Pradesh,IL&FS LTD,1,0
Govt of Andhra Pradesh,INFRONICS SYSTEMS LTD,1633,1514
Govt of Andhra Pradesh,SREEVEN INFOCOM LIMITED,1347,1160
Govt of Andhra Pradesh,TechSmart India Pvt Ltd,1493,174
Govt of Andhra Pradesh,Tera Software Ltd,4270,292
Govt of Goa,COMAT TECHNOLOGIES P LTD,0,1
Govt of Goa,MARS Telecom Systems Pvt Ltd,502,38
Govt of Gujarat,GSS Infotech Ltd,9718,239
Govt of Gujarat,Karvy Computershare Private Li,26031,542
Govt of Gujarat,Silver Touch Technologies Ltd,32396,735
Govt of Gujarat,Tera Software Ltd,20136,222
Govt of Gujarat,Transline Technologies P Ltd,1341,129
Govt of Gujarat,Vayam technologies Ltd,9144,265
Govt of Gujarat,eCentric solutions pvt ltd,4911,142
Govt of Himachal Pradesh,Wipro Ltd,762,113
Govt of Himachal Pradesh,i-Grandee SoftwareTechnologies,1721,134
Govt of Karnataka ,BNR UDYOG LIMITED,870,7
Govt of Karnataka ,Bloom Solutions Pvt Ltd,2596,51
Govt of Karnataka ,MARS Telecom Systems Pvt Ltd,13730,388
Govt of Karnataka ,Ninestars Information Technologies Ltd,9767,1111
Govt of Karnataka ,Om Softwares,2,0
Govt of Karnataka ,Origin ITFS Pvt Ltd,13341,1041
Govt of Karnataka ,Radiant Info Systems Ltd,258,1
Govt of Karnataka ,SREEVEN INFOCOM LIMITED,8585,442
Govt of Kerala,Akshaya,17177,864
Govt of Kerala,Keltron,2950,245
Govt of Madhya Pradesh,VIRGO SOFTECH LIMITED,100,23
Govt of Maharashtra,Alankit Finsec Ltd,2486,197
Govt of Maharashtra,Bharat Technical Solutions Private Limited,1132,22
Govt of Maharashtra,Eagle press pvt ltd,597,10
Govt of Maharashtra,GLODYNE TECHNOSERVE,51,2
Govt of Maharashtra,GSS Infotech Ltd,3,0
Govt of Maharashtra,Global Finsol Private Limited,2386,18
Govt of Maharashtra,Karvy Computershare Private Li,10200,776
Govt of Maharashtra,M/S King Computer System pvt Ltd,139,1
Govt of Maharashtra,M/s. Vidya Online  Pune,264,36
Govt of Maharashtra,Narayana Electricals Solution Pvt Ltd,2275,307
Govt of Maharashtra,Netlink software Pvt Ltd,8277,415
Govt of Maharashtra,Network for Information & Computer,6,2
Govt of Maharashtra,Obel projects Pvt Ltd,0,3
Govt of Maharashtra,Rudranee Infotech Ltd,1526,121
Govt of Maharashtra,SETU MAHARASHTRA,896,33
Govt of Maharashtra,SHREERAM PRINTING PRESS,1895,132
Govt of Maharashtra,SPANCO,5458,194
Govt of Maharashtra,STRATEGIC OUTSOURCING SERVICE,6004,218
Govt of Maharashtra,Silver Touch Technologies Ltd,6056,193
Govt of Maharashtra,Systematic & Advance Const P L,243,13
Govt of Maharashtra,TechSmart India Pvt Ltd,2479,248
Govt of Maharashtra,Tera Software Ltd,364,17
Govt of Maharashtra,Transline Technologies P Ltd,1922,184
Govt of Maharashtra,Wipro Ltd,3555,315
Govt of Sikkim - Dept of Econo,Department of Economics Statistics  Monitoring and Evaluation DESME,183,11
IDBI Bank ltd,ATISHAY INFOTECH PVT. LTD.,2943,339
IDBI Bank ltd,Matrix Processing House,505,10
IDBI Bank ltd,SREEVEN INFOCOM LIMITED,8990,381
IDBI Bank ltd,UTI TECHNOLOGY SERVICES LIMITE,1365,74
Indiapost,Delhi Integrated MMTS Ltd,7723,240
Indiapost,GLODYNE TECHNOSERVE,2,0
Indiapost,Global Finsol Private Limited,2991,122
Indiapost,M/S STAR DATA CENTRE,779,15
Indiapost,MARS Telecom Systems Pvt Ltd,2636,172
Indiapost,Smart Chip Limited,86,5
Indiapost,UTI TECHNOLOGY SERVICES LIMITE,1,0
Indiapost,Vayam technologies Ltd,906,319
Indiapost,WEBEL,421,184
Information Technology & Communication Department,4G INFORMATICS,10700,367
Information Technology & Communication Department,BNR UDYOG LIMITED,3197,280
Information Technology & Communication Department,Bloom Solutions Pvt Ltd,1598,148
Information Technology & Communication Department,CSS TECHNERGY LIMITED,1704,69
Information Technology & Communication Department,GDC Advertising Pvt. Limited,87,3
Information Technology & Communication Department,JYOTHI COMPUTER SERVICES,7525,273
Information Technology & Communication Department,Karvy Data Management Services,502,19
Information Technology & Communication Department,MARS Telecom Systems Pvt Ltd,1822,268
Information Technology & Communication Department,SREEVEN INFOCOM LIMITED,2873,238
Information Technology & Communication Department,Tera Software Ltd,2018,105
Jammu and Kashmir Bank,COMTECH INSTITUTE OFTECHNOLOGY,1,0
Jharkhand,Blue Circle Instrument,406,13
Jharkhand,Emdee Digitronics Pvt.Ltd.,2975,94
Jharkhand,MKS Enterprises,1183,124
Jharkhand,Nevaeh Technology Pvt. Ltd.,4084,19
Jharkhand,Smart Chip Limited,2652,45
Jharkhand,Systematic & Advance Const P L,1797,87
Jharkhand,VISION COMPTECH INTEGRATOR LTD,4676,163
Jharkhand,Wipro Ltd,8465,747
Mission Convergence - GNCT Del,Karvy Computershare Private Li,107,60
Mission Convergence - GNCT Del,NVR & ASSOCIATES LIMITED,145,340
NSDL e-Governance Infrastructure Limited,Abhipra Capital Ltd,2617,227
NSDL e-Governance Infrastructure Limited,Alankit Assignments Limited,17396,859
NSDL e-Governance Infrastructure Limited,Delhi Integrated MMTS Ltd,711,15
NSDL e-Governance Infrastructure Limited,Global Finsol Private Limited,1471,61
NSDL e-Governance Infrastructure Limited,INTEGRATED REGISTRY SERVICES LTD,92,2
NSDL e-Governance Infrastructure Limited,Karvy Data Management Services,22330,1534
NSDL e-Governance Infrastructure Limited,Netlink software Pvt Ltd,7739,372
NSDL e-Governance Infrastructure Limited,PROWIZ MANSYTEMS PVT LTD,5303,94
NSDL e-Governance Infrastructure Limited,Promind Solutions P Limited,514,6
NSDL e-Governance Infrastructure Limited,VIRGO SOFTECH LIMITED,5692,297
Oriental Bank of Commerce,DATASOFT COMPUTER SERVICES(P),1336,106
Oriental Bank of Commerce,Euro Finmart Ltd,543,6
Oriental Bank of Commerce,FINANCIAL INFORMATION NETWORK,5,0
Oriental Bank of Commerce,JNET Technologies Pvt.Ltd,1893,152
Oriental Bank of Commerce,Redim Software Technologies Pvt Ltd,309,65
Oriental Bank of Commerce,Sri Ramraja Sarkar Lok Kalyan Trust,11608,270
Oriental Bank of Commerce,Wipro Ltd,7686,439
Principal Revenue Commissioner  Dept of Revenue  Govt of MP,Frontech Systems Pvt Ltd,68,0
Principal Revenue Commissioner  Dept of Revenue  Govt of MP,K W Consulting P Ltd,1016,25
Principal Revenue Commissioner  Dept of Revenue  Govt of MP,Tera Software Ltd,613,4
Punjab and Sind Bank,Matrix Processing House,1,0
Registrar General India - BEL,In Media Computer Services LLP,28,0
Registrar General India - BEL,Manipur Electronics Dev Corp,161,1
Registrar General India - BEL,Swathy Smartcards Hi-Tech Pvt,2,0
Registrar General India BEL2,Alankit Assignments Limited,652,3
Registrar General India BEL2,Computer LAB,14737,168
Registrar General India BEL2,Emdee Digitronics Pvt.Ltd.,2122,11
Registrar General India BEL2,In Media Computer Services LLP,76,0
Registrar General India BEL2,India Computer Technology,21174,196
Registrar General India BEL2,MACRO INFOTECH PVT LTD,12445,177
Registrar General India BEL2,MKS Enterprises,1,0
Registrar General India BEL2,Madras Security Printers Ltd,12057,285
Registrar General India BEL2,Manipur Electronics Dev Corp,224,1
Registrar General India BEL2,Multiwave Innovation,332,141
Registrar General India BEL2,Netlink software Pvt Ltd,4184,73
Registrar General India BEL2,Nevaeh Technology Pvt. Ltd.,1047,0
Registrar General India BEL2,Nielsen  India  Private Limited,5873,32
Registrar General India BEL2,Om Softwares,68620,1398
Registrar General India BEL2,SREEVEN INFOCOM LIMITED,9,0
Registrar General India BEL2,STRATEGIC OUTSOURCING SERVICE,16345,259
Registrar General India BEL2,Satyanarayana Raju Company Pvt ltd,3036,4
Registrar General India BEL2,Swathy Smartcards Hi-Tech Pvt,65981,1737
Registrar General India BEL2,Swiss Tech India Pvt Ltd,2305,208
Registrar General India BEL2,Tera Software Ltd,7455,962
Registrar General India BEL2,UNITED DATA SERVICES PRIVATE LIMITED,18891,119
Registrar General India BEL2,VIRGO SOFTECH LIMITED,1823,65
Registrar General India BEL2,Vansh Infotech Pvt Ltd,2476,52
Registrar General India BEL2,Vedavaag Systems Limited,3220,207
Registrar General India BEL2,Viesa Technologies,521,38
Registrar General India ECIL,AVVAS INFOTECH PVT  LTD,12800,307
Registrar General India ECIL,BUSINESS INFORMATION PROCESSING SERVICES,2181,8
Registrar General India ECIL,COMTECH INSTITUTE OFTECHNOLOGY,17113,156
Registrar General India ECIL,COMTECHINFO SOLUTIONS PVT.LTD,4721,17
Registrar General India ECIL,Chinar Construction Company Prime agency,17369,30
Registrar General India ECIL,Clairvoyance Technologies Pvt.,67,26
Registrar General India ECIL,Computer LAB,49811,2798
Registrar General India ECIL,Eagle Software India Pvt. Ltd,24134,5503
Registrar General India ECIL,Esoft Consulting Limited,980,11
Registrar General India ECIL,In Media Computer Services LLP,12230,44
Registrar General India ECIL,India Computer Technology,7548,1748
Registrar General India ECIL,Karvy Data Management Services,50023,424
Registrar General India ECIL,Krishna Infotech,846,5
Registrar General India ECIL,Madras Security Printers Ltd,39770,2694
Registrar General India ECIL,Mphasis Ltd,8235,271
Registrar General India ECIL,Netwing Technologies Pvt Ltd,1005,1
Registrar General India ECIL,Nielsen  India  Private Limited,9194,18
Registrar General India ECIL,Pioneer E Labs limited,73,45
Registrar General India ECIL,Quick Data IT Services Pvt Ltd,315,4
Registrar General India ECIL,SARADA SYSTEMS,3970,7
Registrar General India ECIL,SWISSTECH NPR 57CR PROJECT PVT,41055,2142
Registrar General India ECIL,Tera Software Ltd,11614,20
Registrar General India ECIL,Vedavaag Systems Limited,2948,95
Registrar General India Others,AVVAS INFOTECH PVT  LTD,2,0
Registrar General India Others,COMTECHINFO SOLUTIONS PVT.LTD,2,0
Registrar General India Others,Chinar Construction Company Prime agency,1,0
Registrar General India Others,Clairvoyance Technologies Pvt.,1,0
Registrar General India Others,Computer LAB,25,0
Registrar General India Others,Eagle Software India Pvt. Ltd,1,0
Registrar General India Others,Integrated Systems & Services,1,0
Registrar General India Others,Karvy Data Management Services,2,0
Registrar General India Others,Madras Security Printers Ltd,8,1
Registrar General India Others,SARADA SYSTEMS,1,0
Registrar General India Others,STRATEGIC OUTSOURCING SERVICE,5,0
Registrar General India Others,SWISSTECH NPR 57CR PROJECT PVT,3,0
Registrar General India Others,Swathy Smartcards Hi-Tech Pvt,0,1
Registrar General India Others,Vansh Infotech Pvt Ltd,5,0
Registrar General India Others,Vedavaag Systems Limited,2,0
Registrar General India Others,WEBEL TECHNOLOGY LIMITED,4,0
Registrar General India Others,Webx Technologies Private Limited,2,0
Registrar General of India ITI,COMTECH INSTITUTE OFTECHNOLOGY,1567,77
Registrar General of India ITI,CSS TECHNERGY LIMITED,932,168
Registrar General of India ITI,CommunitiWorks Welfare Society,505,7
Registrar General of India ITI,Eagle Software India Pvt. Ltd,8857,229
Registrar General of India ITI,Emdee Digitronics Pvt.Ltd.,31822,799
Registrar General of India ITI,In Media Computer Services LLP,1131,3
Registrar General of India ITI,Karvy Data Management Services,5397,166
Registrar General of India ITI,Madras Security Printers Ltd,1542,37
Registrar General of India ITI,Mphasis Ltd,3828,180
Registrar General of India ITI,Multiwave Innovation,3,52
Registrar General of India ITI,Netlink software Pvt Ltd,1695,48
Registrar General of India ITI,Netwing Technologies Pvt Ltd,328,2
Registrar General of India ITI,Nielsen  India  Private Limited,1490,60
Registrar General of India ITI,SREEVEN INFOCOM LIMITED,54,15
Registrar General of India ITI,STRATEGIC OUTSOURCING SERVICE,1891,43
Registrar General of India ITI,Satyanarayana Raju Company Pvt ltd,2187,58
Registrar General of India ITI,Swathy Smartcards Hi-Tech Pvt,11438,235
Registrar General of India ITI,TechSmart India Pvt Ltd,25,3
Registrar General of India ITI,Urmila Info solution,82,3
Registrar General of India ITI,VIRGO SOFTECH LIMITED,3206,82
Registrar General of India ITI,Vedavaag Systems Limited,9315,286
Registrar General of India ITI,WEBEL TECHNOLOGY LIMITED,5504,240
Registrar General of India ITI,Webx Technologies Private Limited,252,1
STATE BANK OF PATIALA,CSS TECHNERGY LIMITED,2,2
State Bank of Bikaner & Jaipur,Multiwave Innovation,753,14
State Bank of India,IL&FS LTD,1,0
State Bank of Travancore,Tera Software Ltd,122,15
UIDAI-Registrar,UIDAI-EA,28,1
UT Of Daman and Diu,Alankit Assignments Limited,348,7
UT of Puducherry,Madras Security Printers Ltd,125,24
Union Bank,FINANCIAL INFORMATION NETWORK,48520,3167
Union Bank,Smart Chip Limited,25388,2438
Union Bank,Vakrangee Softwares Limited,41028,2729
