State,District,Aadhaar generated,Enrolment Rejected
Andaman and Nicobar Islands,North And Middle Andaman,1,0
Andhra Pradesh,Ananthapur,735,192
Andhra Pradesh,Chittoor,334,126
Andhra Pradesh,Cuddapah,304,57
Andhra Pradesh,East Godavari,374,114
Andhra Pradesh,Guntur,414,148
Andhra Pradesh,Krishna,661,92
Andhra Pradesh,Kurnool,297,116
Andhra Pradesh,Nellore,343,103
Andhra Pradesh,Prakasam,352,67
Andhra Pradesh,Srikakulam,891,109
Andhra Pradesh,Visakhapatnam,959,298
Andhra Pradesh,Vizianagaram,385,130
Andhra Pradesh,West Godavari,526,106
Arunachal Pradesh,Anjaw,393,1
Arunachal Pradesh,Changlang,3,0
Arunachal Pradesh,Dibang Valley,24,1
Arunachal Pradesh,East Siang,0,1
Arunachal Pradesh,Lohit,121,0
Arunachal Pradesh,Lower Dibang Valley,31,1
Arunachal Pradesh,Namsai,1,0
Arunachal Pradesh,Papum Pare,77,7
Arunachal Pradesh,Tawang,17,9
Arunachal Pradesh,Tirap,329,10
Arunachal Pradesh,Upper Subansiri,1,0
Arunachal Pradesh,West Kameng,1117,6
Assam,Baksa,10,0
Assam,Barpeta,38,1
Assam,Bongaigaon,7,0
Assam,Cachar,21,3
Assam,Chirang,6,1
Assam,Darrang,2,0
Assam,Dhemaji,11,0
Assam,Dhubri,5,1
Assam,Dibrugarh,6,0
Assam,Goalpara,4,0
Assam,Golaghat,365,4
Assam,Hailakandi,8,0
Assam,Jorhat,10,1
Assam,Kamrup,17,2
Assam,Kamrup Metro,3,0
Assam,Karbi Anglong,6,1
Assam,Karimganj,8,1
Assam,Kokrajhar,4,0
Assam,Lakhimpur,4,1
Assam,Marigaon,8,0
Assam,Nagaon,614,16
Assam,Nalbari,2,0
Assam,North Cachar Hills,2,0
Assam,Sibsagar,6,0
Assam,Sonitpur,23,17
Assam,Tinsukia,86,1
Assam,Udalguri,12,1
Bihar,Araria,4083,306
Bihar,Arwal,142,15
Bihar,Aurangabad,6739,418
Bihar,Banka,3400,254
Bihar,Begusarai,9052,570
Bihar,Bhagalpur,8626,567
Bihar,Bhojpur,5975,1892
Bihar,Buxar,2787,238
Bihar,Darbhanga,9361,575
Bihar,East Champaran,18725,700
Bihar,Gaya,8645,981
Bihar,Gopalganj,6878,617
Bihar,Jamui,5577,208
Bihar,Jehanabad,2312,173
Bihar,Kaimur (Bhabua),3933,74
Bihar,Katihar,3416,282
Bihar,Khagaria,3324,156
Bihar,Kishanganj,499,20
Bihar,Lakhisarai,1097,85
Bihar,Madhepura,2304,97
Bihar,Madhubani,11880,702
Bihar,Munger,1635,118
Bihar,Muzaffarpur,12297,817
Bihar,Nalanda,3621,408
Bihar,Nawada,4132,298
Bihar,Patna,10859,1085
Bihar,Purnia,7943,940
Bihar,Rohtas,5703,230
Bihar,Saharsa,2200,225
Bihar,Samastipur,19335,1409
Bihar,Saran,12313,734
Bihar,Sheikhpura,306,137
Bihar,Sheohar,895,68
Bihar,Sitamarhi,14367,451
Bihar,Siwan,12252,1040
Bihar,Supaul,9362,321
Bihar,Vaishali,12428,895
Bihar,West Champaran,10012,726
Chandigarh,Chandigarh,104,24
Chhattisgarh,Balod,674,84
Chhattisgarh,Baloda Bazar,1502,86
Chhattisgarh,Balrampur,67,8
Chhattisgarh,Bastar,520,51
Chhattisgarh,Bemetara,3570,167
Chhattisgarh,Bijapur,1584,66
Chhattisgarh,Bilaspur,88,12
Chhattisgarh,Dakshin Bastar Dantewada,1178,133
Chhattisgarh,Dantewada,29,0
Chhattisgarh,Dhamtari,481,90
Chhattisgarh,Durg,917,226
Chhattisgarh,Gariyaband,4329,80
Chhattisgarh,Janjgir-champa,9320,417
Chhattisgarh,Jashpur,1812,20
Chhattisgarh,Kabeerdham,2755,112
Chhattisgarh,Kanker,1464,191
Chhattisgarh,Kawardha,3880,332
Chhattisgarh,Kondagaon,701,37
Chhattisgarh,Korba,1359,135
Chhattisgarh,Koriya,104,47
Chhattisgarh,Mahasamund,273,54
Chhattisgarh,Mungeli,1,1
Chhattisgarh,Narayanpur,261,20
Chhattisgarh,Raigarh,4382,203
Chhattisgarh,Raipur,11572,430
Chhattisgarh,Rajnandgaon,2332,166
Chhattisgarh,Sukma,231,14
Chhattisgarh,Surajpur,2429,54
Chhattisgarh,Surguja,1554,312
Chhattisgarh,Uttar Bastar Kanker,1438,161
Dadra and Nagar Haveli,Dadra and Nagar Haveli,1061,133
Daman and Diu,Daman,66,10
Daman and Diu,Diu,2,2
Delhi,Central Delhi,123,46
Delhi,East Delhi,289,155
Delhi,New Delhi,21,3
Delhi,North Delhi,173,33
Delhi,North East Delhi,520,214
Delhi,North West Delhi,927,257
Delhi,South Delhi,591,165
Delhi,South West Delhi,526,94
Delhi,West Delhi,451,120
Goa,North Goa,14,9
Goa,South Goa,8,9
Gujarat,Ahmedabad,3010,561
Gujarat,Amreli,537,31
Gujarat,Anand,427,39
Gujarat,Banaskantha,1945,167
Gujarat,Bharuch,1699,97
Gujarat,Bhavnagar,1498,141
Gujarat,Dahod,275,32
Gujarat,Gandhinagar,580,52
Gujarat,Jamnagar,442,56
Gujarat,Junagadh,431,52
Gujarat,Kachchh,447,32
Gujarat,Kheda,269,117
Gujarat,Mahesana,390,96
Gujarat,Narmada,115,18
Gujarat,Navsari,765,75
Gujarat,Panchmahals,726,110
Gujarat,Patan,625,170
Gujarat,Porbandar,269,25
Gujarat,Rajkot,846,178
Gujarat,Sabarkantha,412,90
Gujarat,Surat,5186,679
Gujarat,Surendra Nagar,548,61
Gujarat,Tapi,398,29
Gujarat,The Dangs,14,4
Gujarat,Vadodara,1333,150
Gujarat,Valsad,483,30
Haryana,Ambala,114,62
Haryana,Bhiwani,699,167
Haryana,Faridabad,813,167
Haryana,Fatehabad,676,168
Haryana,Gurgaon,566,115
Haryana,Hisar,2033,252
Haryana,Jhajjar,631,145
Haryana,Jind,3098,580
Haryana,Kaithal,832,160
Haryana,Karnal,594,206
Haryana,Kurukshetra,492,138
Haryana,Mahendragarh,386,124
Haryana,Mewat,989,254
Haryana,Palwal,738,104
Haryana,Panchkula,281,38
Haryana,Panipat,1040,360
Haryana,Rewari,212,48
Haryana,Rohtak,999,192
Haryana,Sirsa,716,170
Haryana,Sonipat,1477,327
Haryana,Yamuna Nagar,278,74
Himachal Pradesh,Bilaspur,13,0
Himachal Pradesh,Chamba,7,3
Himachal Pradesh,Hamirpur,23,3
Himachal Pradesh,Kangra,122,16
Himachal Pradesh,Kinnaur,6,3
Himachal Pradesh,Kullu,1,5
Himachal Pradesh,Mandi,10,1
Himachal Pradesh,Shimla,50,7
Himachal Pradesh,Sirmaur,9,18
Himachal Pradesh,Solan,57,6
Himachal Pradesh,Una,13,0
Jammu and Kashmir,Anantnag,2231,92
Jammu and Kashmir,Badgam,5920,150
Jammu and Kashmir,Bandipore,5,35
Jammu and Kashmir,Baramula,206,227
Jammu and Kashmir,Doda,206,7
Jammu and Kashmir,Ganderbal,0,1
Jammu and Kashmir,Jammu,3843,191
Jammu and Kashmir,Kargil,13,0
Jammu and Kashmir,Kathua,793,15
Jammu and Kashmir,Kishtwar,114,8
Jammu and Kashmir,Kulgam,15,12
Jammu and Kashmir,Kupwara,18,60
Jammu and Kashmir,Leh,61,0
Jammu and Kashmir,Pulwama,42,2591
Jammu and Kashmir,Punch,928,18
Jammu and Kashmir,Rajouri,39,6
Jammu and Kashmir,Ramban,12,61
Jammu and Kashmir,Reasi,64,21
Jammu and Kashmir,Samba,26,20
Jammu and Kashmir,Shupiyan,1,4
Jammu and Kashmir,Srinagar,26,2
Jammu and Kashmir,Udhampur,1173,47
Jharkhand,Bokaro,501,259
Jharkhand,Chatra,436,350
Jharkhand,Deoghar,268,104
Jharkhand,Dhanbad,518,141
Jharkhand,Dumka,201,74
Jharkhand,East Singhbhum,216,88
Jharkhand,Garhwa,598,129
Jharkhand,Giridih,510,398
Jharkhand,Godda,908,286
Jharkhand,Gumla,153,104
Jharkhand,Hazaribagh,145,90
Jharkhand,Jamtara,111,56
Jharkhand,Khunti,36,40
Jharkhand,Koderma,148,144
Jharkhand,Latehar,105,34
Jharkhand,Lohardaga,53,38
Jharkhand,Pakur,216,93
Jharkhand,Palamu,295,84
Jharkhand,Ramgarh,115,66
Jharkhand,Ranchi,309,208
Jharkhand,Sahebganj,227,132
Jharkhand,Seraikela-Kharsawan,92,47
Jharkhand,Simdega,101,34
Jharkhand,West Singhbhum,181,103
Karnataka,Bagalkot,218,142
Karnataka,Bangalore,1646,459
Karnataka,Bangalore Rural,84,89
Karnataka,Belgaum,1135,163
Karnataka,Bellary,246,78
Karnataka,Bidar,1386,306
Karnataka,Bijapur,80,4
Karnataka,Chamrajanagar,468,64
Karnataka,Chickmagalur,601,26
Karnataka,Chikkaballapur,757,366
Karnataka,Chitradurga,1376,293
Karnataka,Dakshina Kannada,418,65
Karnataka,Davangere,1374,424
Karnataka,Dharwad,283,135
Karnataka,Gadag,74,9
Karnataka,Gulbarga,774,191
Karnataka,Hassan,1062,83
Karnataka,Haveri,981,288
Karnataka,Kodagu,46,1
Karnataka,Kolar,281,123
Karnataka,Koppal,17,12
Karnataka,Mandya,635,86
Karnataka,Mysore,438,22
Karnataka,Raichur,1587,91
Karnataka,Ramanagar,39,4
Karnataka,Shimoga,478,31
Karnataka,Tumkur,119,144
Karnataka,Udupi,969,86
Karnataka,Uttara Kannada,43,29
Karnataka,Yadgir,10,11
Kerala,Alappuzha,144,16
Kerala,Ernakulam,344,29
Kerala,Idukki,55,39
Kerala,Kannur,329,30
Kerala,Kasaragod,86,11
Kerala,Kollam,284,27
Kerala,Kottayam,151,22
Kerala,Kozhikode,293,27
Kerala,Malappuram,424,30
Kerala,Palakkad,241,54
Kerala,Pathanamthitta,144,8
Kerala,Thiruvananthapuram,364,98
Kerala,Thrissur,232,27
Kerala,Wayanad,24,6
Lakshadweep,Lakshadweep,1,134
Madhya Pradesh,Alirajpur,195,42
Madhya Pradesh,Anuppur,450,140
Madhya Pradesh,Ashok Nagar,301,38
Madhya Pradesh,Balaghat,1453,260
Madhya Pradesh,Barwani,554,161
Madhya Pradesh,Betul,577,84
Madhya Pradesh,Bhind,602,126
Madhya Pradesh,Bhopal,606,179
Madhya Pradesh,Burhanpur,14,5
Madhya Pradesh,Chhatarpur,704,144
Madhya Pradesh,Chhindwara,1283,312
Madhya Pradesh,Damoh,1087,152
Madhya Pradesh,Datia,530,58
Madhya Pradesh,Dewas,1257,253
Madhya Pradesh,Dhar,1156,161
Madhya Pradesh,Dindori,326,70
Madhya Pradesh,Guna,809,94
Madhya Pradesh,Gwalior,812,282
Madhya Pradesh,Harda,77,8
Madhya Pradesh,Hoshangabad,77,84
Madhya Pradesh,Indore,872,139
Madhya Pradesh,Jabalpur,286,146
Madhya Pradesh,Jhabua,670,97
Madhya Pradesh,Katni,446,84
Madhya Pradesh,Khandwa,244,75
Madhya Pradesh,Khargone,1681,138
Madhya Pradesh,Mandla,374,115
Madhya Pradesh,Mandsaur,129,214
Madhya Pradesh,Morena,2108,162
Madhya Pradesh,Narsinghpur,141,73
Madhya Pradesh,Neemuch,444,243
Madhya Pradesh,Panna,185,62
Madhya Pradesh,Raisen,476,75
Madhya Pradesh,Rajgarh,1718,200
Madhya Pradesh,Ratlam,979,199
Madhya Pradesh,Rewa,1184,192
Madhya Pradesh,Sagar,2101,449
Madhya Pradesh,Satna,989,218
Madhya Pradesh,Sehore,583,85
Madhya Pradesh,Seoni,740,174
Madhya Pradesh,Shahdol,977,155
Madhya Pradesh,Shajapur,443,193
Madhya Pradesh,Sheopur,933,34
Madhya Pradesh,Shivpuri,942,133
Madhya Pradesh,Sidhi,457,55
Madhya Pradesh,Singrauli,1349,83
Madhya Pradesh,Tikamgarh,302,47
Madhya Pradesh,Ujjain,770,190
Madhya Pradesh,Umaria,658,87
Madhya Pradesh,Vidisha,309,73
Maharashtra,Ahmadnagar,802,335
Maharashtra,Akola,354,140
Maharashtra,Amravati,187,92
Maharashtra,Aurangabad,952,463
Maharashtra,Beed,1194,254
Maharashtra,Bhandara,480,126
Maharashtra,Buldhana,773,179
Maharashtra,Chandrapur,798,221
Maharashtra,Dhule,408,152
Maharashtra,Gadchiroli,494,65
Maharashtra,Gondiya,382,144
Maharashtra,Hingoli,1102,364
Maharashtra,Jalgaon,412,253
Maharashtra,Jalna,643,287
Maharashtra,Kolhapur,2084,668
Maharashtra,Latur,647,189
Maharashtra,Mumbai,974,248
Maharashtra,Nagpur,1039,301
Maharashtra,Nanded,848,317
Maharashtra,Nandurbar,265,74
Maharashtra,Nashik,928,218
Maharashtra,Osmanabad,478,181
Maharashtra,Palghar,124,163
Maharashtra,Parbhani,1256,250
Maharashtra,Pune,1196,313
Maharashtra,Raigarh,396,92
Maharashtra,Ratnagiri,690,132
Maharashtra,Sangli,178,83
Maharashtra,Satara,642,138
Maharashtra,Sindhudurg,195,43
Maharashtra,Solapur,1457,330
Maharashtra,Thane,890,195
Maharashtra,Wardha,297,33
Maharashtra,Washim,643,106
Maharashtra,Yavatmal,960,247
Manipur,Bishnupur,13,2
Manipur,Chandel,129,5
Manipur,Churachandpur,34,17
Manipur,Imphal East,361,27
Manipur,Imphal West,363,26
Manipur,Senapati,12,0
Manipur,Tamenglong,172,11
Manipur,Thoubal,14,0
Manipur,Ukhrul,2,0
Meghalaya,East Khasi Hills,8,1
Meghalaya,Ri Bhoi,2,1
Meghalaya,West Garo Hills,2,1
Mizoram,Aizawl,34,2
Mizoram,Champhai,3,1
Mizoram,Kolasib,2,0
Mizoram,Lawngtlai,13,0
Mizoram,Lunglei,145,0
Mizoram,Saiha,5,0
Nagaland,Dimapur,3,4
Nagaland,Kohima,10,5
Nagaland,Longleng,1,0
Nagaland,Mokokchung,2,1
Nagaland,Mon,145,8
Nagaland,Peren,1,1
Nagaland,Phek,404,23
Nagaland,Tuensang,20,16
Nagaland,Wokha,1,1
Nagaland,Zunheboto,1,4
Odisha,Angul,9,2
Odisha,Balangir,885,29
Odisha,Baleswar,103,28
Odisha,Bargarh,22,5
Odisha,Bhadrak,28,5
Odisha,Boudh,6,0
Odisha,Cuttack,114,105
Odisha,Debagarh,5,5
Odisha,Dhenkanal,51,1
Odisha,Gajapati,292,47
Odisha,Ganjam,105,62
Odisha,Jagatsinghapur,76,43
Odisha,Jajapur,39,41
Odisha,Jharsuguda,37,62
Odisha,Kalahandi,42,26
Odisha,Kandhamal,4,15
Odisha,Kendrapara,172,341
Odisha,Kendujhar,98,256
Odisha,Khorda,608,244
Odisha,Koraput,85,116
Odisha,Malkangiri,26,2
Odisha,Mayurbhanj,34,32
Odisha,Nabarangapur,50,112
Odisha,Nayagarh,356,396
Odisha,Nuapada,124,73
Odisha,Puri,53,175
Odisha,Rayagada,9,3
Odisha,Sambalpur,46,52
Odisha,Sonapur,9,290
Odisha,Sundergarh,48,26
Others,Others,0,543
Puducherry,Karaikal,53,6
Puducherry,Puducherry,82,21
Punjab,Amritsar,350,130
Punjab,Barnala,137,20
Punjab,Bathinda,467,95
Punjab,Faridkot,100,16
Punjab,Fatehgarh Sahib,101,16
Punjab,Fazilka,357,79
Punjab,Ferozepur,276,56
Punjab,Gurdaspur,179,110
Punjab,Hoshiarpur,394,61
Punjab,Jalandhar,644,179
Punjab,Kapurthala,380,84
Punjab,Ludhiana,2252,350
Punjab,Mansa,175,36
Punjab,Moga,266,38
Punjab,Pathankot,60,27
Punjab,Patiala,593,130
Punjab,Rupnagar,428,26
Punjab,SAS Nagar (Mohali),301,59
Punjab,Sangrur,405,84
Punjab,Shaheed Bhagat Singh Nagar,76,18
Punjab,Sri Muktsar Sahib,251,54
Punjab,Tarn Taran,298,94
Rajasthan,Ajmer,838,232
Rajasthan,Alwar,468,210
Rajasthan,Banswara,1256,119
Rajasthan,Baran,709,408
Rajasthan,Barmer,526,282
Rajasthan,Bharatpur,1814,852
Rajasthan,Bhilwara,1319,170
Rajasthan,Bikaner,1817,311
Rajasthan,Bundi,290,198
Rajasthan,Chittorgarh,343,248
Rajasthan,Churu,655,133
Rajasthan,Dausa,477,105
Rajasthan,Dholpur,712,363
Rajasthan,Dungarpur,622,117
Rajasthan,Ganganagar,521,96
Rajasthan,Hanumangarh,1178,115
Rajasthan,Jaipur,2130,450
Rajasthan,Jaisalmer,133,67
Rajasthan,Jalor,1147,391
Rajasthan,Jhalawar,919,354
Rajasthan,Jhunjhunun,670,83
Rajasthan,Jodhpur,1121,300
Rajasthan,Karauli,1712,238
Rajasthan,Kota,710,206
Rajasthan,Nagaur,2731,659
Rajasthan,Pali,505,143
Rajasthan,Pratapgarh,244,36
Rajasthan,Rajsamand,261,111
Rajasthan,Sawai Madhopur,1163,296
Rajasthan,Sikar,990,137
Rajasthan,Sirohi,150,120
Rajasthan,Tonk,755,194
Rajasthan,Udaipur,823,200
Sikkim,East Sikkim,37,7
Sikkim,North Sikkim,14,2
Sikkim,South Sikkim,9,4
Sikkim,West Sikkim,29,2
Tamil Nadu,Ariyalur,8,3
Tamil Nadu,Chennai,1784,182
Tamil Nadu,Coimbatore,117,44
Tamil Nadu,Cuddalore,948,163
Tamil Nadu,Dharmapuri,464,134
Tamil Nadu,Dindigul,130,62
Tamil Nadu,Erode,53,19
Tamil Nadu,Kancheepuram,722,211
Tamil Nadu,Kanniyakumari,992,35
Tamil Nadu,Karur,198,90
Tamil Nadu,Krishnagiri,1268,190
Tamil Nadu,Madurai,1543,59
Tamil Nadu,Nagapattinam,21,6
Tamil Nadu,Namakkal,27,26
Tamil Nadu,Perambalur,244,61
Tamil Nadu,Pudukkottai,1238,13
Tamil Nadu,Ramanathapuram,1893,33
Tamil Nadu,Salem,499,193
Tamil Nadu,Sivaganga,64,6
Tamil Nadu,Thanjavur,36,7
Tamil Nadu,The Nilgiris,101,3
Tamil Nadu,Theni,589,42
Tamil Nadu,Thiruvarur,33,5
Tamil Nadu,Thoothukkudi,878,97
Tamil Nadu,Tiruchirappalli,843,56
Tamil Nadu,Tirunelveli,1976,84
Tamil Nadu,Tiruppur,1055,61
Tamil Nadu,Tiruvallur,2643,373
Tamil Nadu,Tiruvannamalai,2157,136
Tamil Nadu,Vellore,834,330
Tamil Nadu,Villupuram,439,67
Tamil Nadu,Virudhunagar,292,24
Telangana,Adilabad,740,66
Telangana,Hyderabad,704,177
Telangana,K.v. Rangareddy,2161,543
Telangana,Karimnagar,1955,229
Telangana,Khammam,1908,130
Telangana,Mahabubnagar,3282,419
Telangana,Medak,1349,184
Telangana,Nalgonda,935,150
Telangana,Nizamabad,548,102
Telangana,Warangal,1554,200
Tripura,Dhalai,2,7
Tripura,Gomati,62,14
Tripura,Khowai,18,20
Tripura,North Tripura,0,6
Tripura,Sepahijala,41,23
Tripura,South Tripura,117,79
Tripura,Unakoti,3,3
Tripura,West Tripura,59,12
Uttar Pradesh,Agra,6776,1832
Uttar Pradesh,Aligarh,9622,1635
Uttar Pradesh,Allahabad,17184,1776
Uttar Pradesh,Ambedkar Nagar,12873,948
Uttar Pradesh,Amethi,3322,290
Uttar Pradesh,Amroha,2756,386
Uttar Pradesh,Auraiya,4468,548
Uttar Pradesh,Azamgarh,14196,719
Uttar Pradesh,Baghpat,1863,302
Uttar Pradesh,Bahraich,4881,220
Uttar Pradesh,Ballia,4011,703
Uttar Pradesh,Balrampur,859,103
Uttar Pradesh,Banda,3515,172
Uttar Pradesh,Bara Banki,9109,994
Uttar Pradesh,Bareilly,14938,4462
Uttar Pradesh,Basti,6363,673
Uttar Pradesh,Bijnor,3011,776
Uttar Pradesh,Budaun,10833,744
Uttar Pradesh,Bulandshahr,11288,988
Uttar Pradesh,Chandauli,2554,306
Uttar Pradesh,Chitrakoot,165,15
Uttar Pradesh,Deoria,11226,880
Uttar Pradesh,Etah,3135,385
Uttar Pradesh,Etawah,2227,508
Uttar Pradesh,Faizabad,8232,1029
Uttar Pradesh,Farrukhabad,3470,927
Uttar Pradesh,Fatehpur,3789,233
Uttar Pradesh,Firozabad,4112,887
Uttar Pradesh,Gautam Buddha Nagar,2466,227
Uttar Pradesh,Ghaziabad,6544,1145
Uttar Pradesh,Ghazipur,7952,597
Uttar Pradesh,Gonda,7398,894
Uttar Pradesh,Gorakhpur,11041,1895
Uttar Pradesh,Hamirpur,1240,86
Uttar Pradesh,Hapur,2,154
Uttar Pradesh,Hardoi,8002,508
Uttar Pradesh,Hathras,2203,343
Uttar Pradesh,Jalaun,1580,94
Uttar Pradesh,Jaunpur,19888,836
Uttar Pradesh,Jhansi,4244,515
Uttar Pradesh,Kannauj,2538,404
Uttar Pradesh,Kanpur Dehat,3336,293
Uttar Pradesh,Kanpur Nagar,6853,1333
Uttar Pradesh,Kasganj,3706,244
Uttar Pradesh,Kaushambi,3665,333
Uttar Pradesh,Kheri,12886,492
Uttar Pradesh,Kushinagar,12006,823
Uttar Pradesh,Lalitpur,1887,247
Uttar Pradesh,Lucknow,4498,1220
Uttar Pradesh,Maharajganj,7793,722
Uttar Pradesh,Mahoba,177,85
Uttar Pradesh,Mainpuri,1883,327
Uttar Pradesh,Mathura,1996,473
Uttar Pradesh,Mau,5989,502
Uttar Pradesh,Meerut,7039,1534
Uttar Pradesh,Mirzapur,4456,383
Uttar Pradesh,Moradabad,9445,1295
Uttar Pradesh,Muzaffarnagar,7706,1253
Uttar Pradesh,Pilibhit,5685,1164
Uttar Pradesh,Pratapgarh,8843,1172
Uttar Pradesh,Rae Bareli,2972,547
Uttar Pradesh,Rampur,6233,592
Uttar Pradesh,Saharanpur,11006,1275
Uttar Pradesh,Sambhal,4932,557
Uttar Pradesh,Sant Kabir Nagar,1225,230
Uttar Pradesh,Sant Ravidas Nagar,3220,584
Uttar Pradesh,Shahjahanpur,5049,892
Uttar Pradesh,Shamli,3841,286
Uttar Pradesh,Shrawasti,1332,61
Uttar Pradesh,Siddharthnagar,6404,424
Uttar Pradesh,Sitapur,13254,671
Uttar Pradesh,Sonbhadra,2992,226
Uttar Pradesh,Sultanpur,8350,636
Uttar Pradesh,Unnao,6290,740
Uttar Pradesh,Varanasi,5674,1301
Uttarakhand,Almora,495,67
Uttarakhand,Bageshwar,52,4
Uttarakhand,Chamoli,132,7
Uttarakhand,Champawat,46,7
Uttarakhand,Dehradun,3961,501
Uttarakhand,Haridwar,2543,401
Uttarakhand,Nainital,1780,265
Uttarakhand,Pauri Garhwal,1928,100
Uttarakhand,Pithoragarh,868,28
Uttarakhand,Rudraprayag,105,2
Uttarakhand,Tehri Garhwal,181,24
Uttarakhand,Udham Singh Nagar,1077,371
Uttarakhand,Uttarkashi,1909,28
West Bengal,Bankura,6578,499
West Bengal,Barddhaman,2986,393
West Bengal,Birbhum,222,338
West Bengal,Cooch Behar,517,14
West Bengal,Dakshin Dinajpur,3629,63
West Bengal,Darjeeling,148,11
West Bengal,Hooghly,647,149
West Bengal,Howrah,501,20
West Bengal,Jalpaiguri,874,87
West Bengal,Kolkata,134,42
West Bengal,Malda,2991,113
West Bengal,Murshidabad,4250,303
West Bengal,Nadia,1526,103
West Bengal,North 24 Parganas,20571,374
West Bengal,Paschim Medinipur,4481,238
West Bengal,Purba Medinipur,1072,69
West Bengal,Puruliya,1894,113
West Bengal,South 24 Parganas,10357,204
West Bengal,Uttar Dinajpur,589,70
