State,District,Aadhaar generated,Enrolment Rejected
Andhra Pradesh,Ananthapur,76,131
Andhra Pradesh,Chittoor,123,87
Andhra Pradesh,Cuddapah,92,16
Andhra Pradesh,East Godavari,110,48
Andhra Pradesh,Guntur,134,65
Andhra Pradesh,Krishna,156,32
Andhra Pradesh,Kurnool,162,73
Andhra Pradesh,Nellore,81,92
Andhra Pradesh,Prakasam,65,36
Andhra Pradesh,Srikakulam,75,38
Andhra Pradesh,Visakhapatnam,235,138
Andhra Pradesh,Vizianagaram,149,76
Andhra Pradesh,West Godavari,100,36
Arunachal Pradesh,Changlang,2,0
Arunachal Pradesh,Dibang Valley,78,0
Arunachal Pradesh,East Siang,17,0
Arunachal Pradesh,Lower Dibang Valley,46,5
Arunachal Pradesh,Lower Subansiri,10,0
Arunachal Pradesh,Namsai,2,0
Arunachal Pradesh,Papum Pare,396,7
Arunachal Pradesh,Tawang,10,0
Arunachal Pradesh,Tirap,66,3
Arunachal Pradesh,Upper Subansiri,6,13
Arunachal Pradesh,West Kameng,1,0
Arunachal Pradesh,West Siang,1,0
Assam,Baksa,2,0
Assam,Barpeta,4,1
Assam,Bongaigaon,3,1
Assam,Cachar,6,0
Assam,Chirang,1,0
Assam,Darrang,2,0
Assam,Dhemaji,0,1
Assam,Dibrugarh,1,0
Assam,Golaghat,66,1
Assam,Hailakandi,3,1
Assam,Jorhat,1,1
Assam,Kamrup,2,2
Assam,Kamrup Metro,2,0
Assam,Karbi Anglong,1,0
Assam,Karimganj,3,0
Assam,Kokrajhar,2,0
Assam,Marigaon,1,0
Assam,Nagaon,7,0
Assam,Nalbari,1,0
Assam,Sonitpur,3,0
Assam,Tinsukia,4,0
Assam,Udalguri,6,0
Bihar,Araria,1329,58
Bihar,Arwal,47,13
Bihar,Aurangabad,1123,165
Bihar,Banka,654,72
Bihar,Begusarai,2073,177
Bihar,Bhagalpur,1228,287
Bihar,Bhojpur,1525,138
Bihar,Buxar,537,119
Bihar,Darbhanga,1958,208
Bihar,East Champaran,4199,208
Bihar,Gaya,3237,368
Bihar,Gopalganj,1301,123
Bihar,Jamui,500,95
Bihar,Jehanabad,408,69
Bihar,Kaimur (Bhabua),579,45
Bihar,Katihar,901,69
Bihar,Khagaria,673,33
Bihar,Kishanganj,25,6
Bihar,Lakhisarai,274,70
Bihar,Madhepura,604,36
Bihar,Madhubani,2703,148
Bihar,Munger,611,34
Bihar,Muzaffarpur,2407,226
Bihar,Nalanda,1182,161
Bihar,Nawada,857,85
Bihar,Patna,1829,323
Bihar,Purnia,2103,133
Bihar,Rohtas,974,103
Bihar,Saharsa,475,96
Bihar,Samastipur,2673,156
Bihar,Saran,2272,207
Bihar,Sheikhpura,93,15
Bihar,Sheohar,264,24
Bihar,Sitamarhi,2778,263
Bihar,Siwan,3145,407
Bihar,Supaul,1670,136
Bihar,Vaishali,2606,232
Bihar,West Champaran,1983,120
Chandigarh,Chandigarh,18,3
Chhattisgarh,Balod,470,11
Chhattisgarh,Baloda Bazar,895,25
Chhattisgarh,Balrampur,38,6
Chhattisgarh,Bastar,159,7
Chhattisgarh,Bemetara,1067,137
Chhattisgarh,Bijapur,283,4
Chhattisgarh,Bilaspur,30,6
Chhattisgarh,Dakshin Bastar Dantewada,161,14
Chhattisgarh,Dantewada,22,1
Chhattisgarh,Dhamtari,222,32
Chhattisgarh,Durg,375,78
Chhattisgarh,Gariyaband,1099,26
Chhattisgarh,Janjgir-champa,355,139
Chhattisgarh,Jashpur,17,10
Chhattisgarh,Kabeerdham,516,8
Chhattisgarh,Kanker,117,33
Chhattisgarh,Kawardha,230,20
Chhattisgarh,Kondagaon,260,21
Chhattisgarh,Korba,34,47
Chhattisgarh,Koriya,19,27
Chhattisgarh,Mahasamund,91,15
Chhattisgarh,Narayanpur,61,21
Chhattisgarh,Raigarh,1269,81
Chhattisgarh,Raipur,1870,120
Chhattisgarh,Rajnandgaon,326,36
Chhattisgarh,Sukma,17,7
Chhattisgarh,Surajpur,328,41
Chhattisgarh,Surguja,961,67
Chhattisgarh,Uttar Bastar Kanker,148,8
Dadra and Nagar Haveli,Dadra and Nagar Haveli,30,14
Daman and Diu,Daman,7,3
Daman and Diu,Diu,1,0
Delhi,Central Delhi,51,18
Delhi,East Delhi,78,51
Delhi,New Delhi,6,1
Delhi,North Delhi,29,17
Delhi,North East Delhi,189,97
Delhi,North West Delhi,241,106
Delhi,South Delhi,133,68
Delhi,South West Delhi,92,34
Delhi,West Delhi,102,44
Goa,North Goa,4,8
Goa,South Goa,22,4
Gujarat,Ahmedabad,823,204
Gujarat,Amreli,174,69
Gujarat,Anand,118,13
Gujarat,Banaskantha,426,46
Gujarat,Bharuch,106,61
Gujarat,Bhavnagar,344,80
Gujarat,Dahod,87,35
Gujarat,Gandhinagar,127,14
Gujarat,Jamnagar,234,17
Gujarat,Junagadh,167,25
Gujarat,Kachchh,114,8
Gujarat,Kheda,283,43
Gujarat,Mahesana,80,19
Gujarat,Narmada,61,4
Gujarat,Navsari,25,15
Gujarat,Panchmahals,203,53
Gujarat,Patan,202,28
Gujarat,Porbandar,62,5
Gujarat,Rajkot,134,42
Gujarat,Sabarkantha,254,30
Gujarat,Surat,953,259
Gujarat,Surendra Nagar,50,12
Gujarat,Tapi,76,10
Gujarat,The Dangs,64,4
Gujarat,Vadodara,487,93
Gujarat,Valsad,111,13
Haryana,Ambala,25,18
Haryana,Bhiwani,582,62
Haryana,Faridabad,241,69
Haryana,Fatehabad,191,18
Haryana,Gurgaon,199,46
Haryana,Hisar,248,51
Haryana,Jhajjar,170,59
Haryana,Jind,1003,134
Haryana,Kaithal,238,52
Haryana,Karnal,190,34
Haryana,Kurukshetra,108,20
Haryana,Mahendragarh,156,28
Haryana,Mewat,1056,130
Haryana,Palwal,253,51
Haryana,Panchkula,21,11
Haryana,Panipat,452,100
Haryana,Rewari,75,23
Haryana,Rohtak,131,34
Haryana,Sirsa,165,34
Haryana,Sonipat,202,45
Haryana,Yamuna Nagar,117,38
Himachal Pradesh,Bilaspur,0,1
Himachal Pradesh,Chamba,3,4
Himachal Pradesh,Hamirpur,2,1
Himachal Pradesh,Kangra,44,8
Himachal Pradesh,Kinnaur,1,0
Himachal Pradesh,Kullu,2,0
Himachal Pradesh,Mandi,2,2
Himachal Pradesh,Shimla,3,4
Himachal Pradesh,Sirmaur,7,2
Himachal Pradesh,Solan,4,5
Himachal Pradesh,Una,2,2
Jammu and Kashmir,Anantnag,1097,8
Jammu and Kashmir,Badgam,121,118
Jammu and Kashmir,Bandipore,4,0
Jammu and Kashmir,Baramula,12,1
Jammu and Kashmir,Doda,7,1
Jammu and Kashmir,Jammu,49,57
Jammu and Kashmir,Kargil,1,1
Jammu and Kashmir,Kathua,22,3
Jammu and Kashmir,Kulgam,2,6
Jammu and Kashmir,Kupwara,1,0
Jammu and Kashmir,Leh,4,0
Jammu and Kashmir,Pulwama,410,138
Jammu and Kashmir,Punch,82,6
Jammu and Kashmir,Rajouri,3,0
Jammu and Kashmir,Ramban,1,7
Jammu and Kashmir,Reasi,4,0
Jammu and Kashmir,Samba,6,0
Jammu and Kashmir,Shupiyan,0,1
Jammu and Kashmir,Srinagar,3,1
Jammu and Kashmir,Udhampur,77,15
Jharkhand,Bokaro,93,55
Jharkhand,Chatra,77,47
Jharkhand,Deoghar,63,71
Jharkhand,Dhanbad,76,25
Jharkhand,Dumka,10,26
Jharkhand,East Singhbhum,92,27
Jharkhand,Garhwa,93,66
Jharkhand,Giridih,154,98
Jharkhand,Godda,154,105
Jharkhand,Gumla,61,47
Jharkhand,Hazaribagh,36,23
Jharkhand,Jamtara,19,27
Jharkhand,Khunti,13,2
Jharkhand,Koderma,66,33
Jharkhand,Latehar,30,21
Jharkhand,Lohardaga,23,10
Jharkhand,Pakur,21,24
Jharkhand,Palamu,43,48
Jharkhand,Ramgarh,41,21
Jharkhand,Ranchi,163,71
Jharkhand,Sahebganj,64,57
Jharkhand,Seraikela-Kharsawan,31,13
Jharkhand,Simdega,9,14
Jharkhand,West Singhbhum,45,48
Karnataka,Bagalkot,83,130
Karnataka,Bangalore,275,109
Karnataka,Bangalore Rural,25,47
Karnataka,Belgaum,248,98
Karnataka,Bellary,212,69
Karnataka,Bidar,332,81
Karnataka,Bijapur,5,11
Karnataka,Chamrajanagar,2,7
Karnataka,Chickmagalur,44,20
Karnataka,Chikkaballapur,233,104
Karnataka,Chitradurga,460,86
Karnataka,Dakshina Kannada,40,18
Karnataka,Davangere,194,183
Karnataka,Dharwad,9,19
Karnataka,Gadag,49,46
Karnataka,Gulbarga,172,29
Karnataka,Hassan,41,46
Karnataka,Haveri,236,135
Karnataka,Kodagu,4,1
Karnataka,Kolar,174,61
Karnataka,Koppal,6,26
Karnataka,Mandya,48,18
Karnataka,Mysore,11,19
Karnataka,Raichur,380,64
Karnataka,Ramanagar,2,2
Karnataka,Shimoga,9,11
Karnataka,Tumkur,60,40
Karnataka,Udupi,239,57
Karnataka,Uttara Kannada,7,2
Karnataka,Yadgir,23,12
Kerala,Alappuzha,73,13
Kerala,Ernakulam,67,8
Kerala,Idukki,59,14
Kerala,Kannur,172,11
Kerala,Kasaragod,45,5
Kerala,Kollam,84,15
Kerala,Kottayam,91,15
Kerala,Kozhikode,149,11
Kerala,Malappuram,112,15
Kerala,Palakkad,80,13
Kerala,Pathanamthitta,41,10
Kerala,Thiruvananthapuram,154,20
Kerala,Thrissur,87,9
Kerala,Wayanad,13,4
Lakshadweep,Lakshadweep,1,0
Madhya Pradesh,Alirajpur,81,12
Madhya Pradesh,Anuppur,188,108
Madhya Pradesh,Ashok Nagar,19,23
Madhya Pradesh,Balaghat,267,142
Madhya Pradesh,Barwani,285,17
Madhya Pradesh,Betul,85,50
Madhya Pradesh,Bhind,69,26
Madhya Pradesh,Bhopal,115,96
Madhya Pradesh,Burhanpur,26,3
Madhya Pradesh,Chhatarpur,206,88
Madhya Pradesh,Chhindwara,545,105
Madhya Pradesh,Damoh,205,33
Madhya Pradesh,Datia,58,9
Madhya Pradesh,Dewas,146,47
Madhya Pradesh,Dhar,438,50
Madhya Pradesh,Dindori,45,9
Madhya Pradesh,Guna,135,44
Madhya Pradesh,Gwalior,192,59
Madhya Pradesh,Harda,23,6
Madhya Pradesh,Hoshangabad,22,6
Madhya Pradesh,Indore,270,58
Madhya Pradesh,Jabalpur,132,31
Madhya Pradesh,Jhabua,168,10
Madhya Pradesh,Katni,62,32
Madhya Pradesh,Khandwa,97,47
Madhya Pradesh,Khargone,380,57
Madhya Pradesh,Mandla,69,46
Madhya Pradesh,Mandsaur,68,19
Madhya Pradesh,Morena,268,61
Madhya Pradesh,Narsinghpur,54,45
Madhya Pradesh,Neemuch,79,33
Madhya Pradesh,Panna,67,23
Madhya Pradesh,Raisen,79,42
Madhya Pradesh,Rajgarh,394,76
Madhya Pradesh,Ratlam,219,38
Madhya Pradesh,Rewa,252,100
Madhya Pradesh,Sagar,472,102
Madhya Pradesh,Satna,230,64
Madhya Pradesh,Sehore,109,36
Madhya Pradesh,Seoni,200,38
Madhya Pradesh,Shahdol,143,44
Madhya Pradesh,Shajapur,173,31
Madhya Pradesh,Sheopur,65,19
Madhya Pradesh,Shivpuri,300,59
Madhya Pradesh,Sidhi,162,24
Madhya Pradesh,Singrauli,124,43
Madhya Pradesh,Tikamgarh,81,25
Madhya Pradesh,Ujjain,176,43
Madhya Pradesh,Umaria,42,10
Madhya Pradesh,Vidisha,52,39
Maharashtra,Ahmadnagar,229,90
Maharashtra,Akola,153,60
Maharashtra,Amravati,63,46
Maharashtra,Aurangabad,251,99
Maharashtra,Beed,309,160
Maharashtra,Bhandara,47,31
Maharashtra,Buldhana,238,56
Maharashtra,Chandrapur,91,73
Maharashtra,Dhule,107,78
Maharashtra,Gadchiroli,46,85
Maharashtra,Gondiya,22,25
Maharashtra,Hingoli,229,85
Maharashtra,Jalgaon,187,58
Maharashtra,Jalna,177,105
Maharashtra,Kolhapur,478,161
Maharashtra,Latur,164,84
Maharashtra,Mumbai,331,88
Maharashtra,Nagpur,94,67
Maharashtra,Nanded,487,231
Maharashtra,Nandurbar,130,78
Maharashtra,Nashik,258,133
Maharashtra,Osmanabad,161,38
Maharashtra,Palghar,61,38
Maharashtra,Parbhani,228,82
Maharashtra,Pune,369,114
Maharashtra,Raigarh,179,53
Maharashtra,Ratnagiri,126,31
Maharashtra,Sangli,100,45
Maharashtra,Satara,172,49
Maharashtra,Sindhudurg,78,25
Maharashtra,Solapur,544,92
Maharashtra,Thane,289,51
Maharashtra,Wardha,25,15
Maharashtra,Washim,108,41
Maharashtra,Yavatmal,263,94
Manipur,Bishnupur,5,13
Manipur,Chandel,2,4
Manipur,Churachandpur,16,4
Manipur,Imphal East,66,3
Manipur,Imphal West,70,6
Manipur,Senapati,9,7
Manipur,Tamenglong,8,0
Manipur,Thoubal,6,1
Manipur,Ukhrul,3,1
Meghalaya,East Khasi Hills,2,3
Meghalaya,Jaintia Hills,1,0
Meghalaya,South Garo Hills,1,0
Meghalaya,West Garo Hills,1,0
Mizoram,Aizawl,10,0
Mizoram,Champhai,6,0
Mizoram,Lawngtlai,8,0
Mizoram,Mammit,1,3
Mizoram,Saiha,2,0
Mizoram,Serchhip,0,1
Nagaland,Dimapur,0,1
Nagaland,Kiphire,2,0
Nagaland,Kohima,1,1
Nagaland,Phek,12,0
Nagaland,Tuensang,1,1
Odisha,Angul,2,1
Odisha,Balangir,57,7
Odisha,Baleswar,3,0
Odisha,Bargarh,78,9
Odisha,Bhadrak,10,18
Odisha,Boudh,4,2
Odisha,Cuttack,208,33
Odisha,Debagarh,66,4
Odisha,Dhenkanal,2,4
Odisha,Gajapati,0,8
Odisha,Ganjam,30,13
Odisha,Jagatsinghapur,175,14
Odisha,Jajapur,9,337
Odisha,Jharsuguda,10,23
Odisha,Kalahandi,219,66
Odisha,Kandhamal,8,4
Odisha,Kendrapara,755,522
Odisha,Kendujhar,112,1645
Odisha,Khorda,97,58
Odisha,Koraput,69,2
Odisha,Malkangiri,6,0
Odisha,Mayurbhanj,15,7
Odisha,Nabarangapur,3,4
Odisha,Nayagarh,334,357
Odisha,Nuapada,1108,56
Odisha,Puri,589,381
Odisha,Rayagada,4,10
Odisha,Sambalpur,1150,162
Odisha,Sonapur,0,1
Odisha,Sundergarh,286,28
Others,Others,1,2
Puducherry,Karaikal,22,4
Puducherry,Puducherry,35,2
Punjab,Amritsar,141,60
Punjab,Barnala,26,9
Punjab,Bathinda,60,25
Punjab,Faridkot,15,9
Punjab,Fatehgarh Sahib,31,7
Punjab,Fazilka,117,35
Punjab,Ferozepur,60,18
Punjab,Gurdaspur,188,35
Punjab,Hoshiarpur,83,18
Punjab,Jalandhar,218,52
Punjab,Kapurthala,123,21
Punjab,Ludhiana,493,108
Punjab,Mansa,13,7
Punjab,Moga,22,8
Punjab,Pathankot,29,12
Punjab,Patiala,101,36
Punjab,Rupnagar,12,28
Punjab,SAS Nagar (Mohali),29,10
Punjab,Sangrur,67,22
Punjab,Shaheed Bhagat Singh Nagar,57,3
Punjab,Sri Muktsar Sahib,57,20
Punjab,Tarn Taran,77,33
Rajasthan,Ajmer,189,47
Rajasthan,Alwar,188,36
Rajasthan,Banswara,301,52
Rajasthan,Baran,348,47
Rajasthan,Barmer,261,128
Rajasthan,Bharatpur,539,62
Rajasthan,Bhilwara,272,105
Rajasthan,Bikaner,175,41
Rajasthan,Bundi,197,22
Rajasthan,Chittorgarh,67,68
Rajasthan,Churu,144,72
Rajasthan,Dausa,48,21
Rajasthan,Dholpur,94,55
Rajasthan,Dungarpur,404,25
Rajasthan,Ganganagar,250,52
Rajasthan,Hanumangarh,282,83
Rajasthan,Jaipur,598,186
Rajasthan,Jaisalmer,144,17
Rajasthan,Jalor,103,27
Rajasthan,Jhalawar,447,52
Rajasthan,Jhunjhunun,71,33
Rajasthan,Jodhpur,218,68
Rajasthan,Karauli,410,41
Rajasthan,Kota,156,68
Rajasthan,Nagaur,278,82
Rajasthan,Pali,177,38
Rajasthan,Pratapgarh,33,34
Rajasthan,Rajsamand,125,19
Rajasthan,Sawai Madhopur,180,33
Rajasthan,Sikar,151,78
Rajasthan,Sirohi,166,27
Rajasthan,Tonk,172,49
Rajasthan,Udaipur,186,52
Sikkim,East Sikkim,14,1
Sikkim,North Sikkim,4,1
Sikkim,South Sikkim,4,0
Sikkim,West Sikkim,4,2
Tamil Nadu,Ariyalur,4,4
Tamil Nadu,Chennai,204,51
Tamil Nadu,Coimbatore,127,18
Tamil Nadu,Cuddalore,370,91
Tamil Nadu,Dharmapuri,72,3
Tamil Nadu,Dindigul,364,41
Tamil Nadu,Erode,212,38
Tamil Nadu,Kancheepuram,1058,46
Tamil Nadu,Kanniyakumari,259,13
Tamil Nadu,Karur,42,12
Tamil Nadu,Krishnagiri,1004,139
Tamil Nadu,Madurai,320,42
Tamil Nadu,Nagapattinam,13,5
Tamil Nadu,Namakkal,8,39
Tamil Nadu,Perambalur,20,18
Tamil Nadu,Pudukkottai,3,5
Tamil Nadu,Ramanathapuram,19,44
Tamil Nadu,Salem,329,22
Tamil Nadu,Sivaganga,53,1
Tamil Nadu,Thanjavur,342,27
Tamil Nadu,The Nilgiris,119,15
Tamil Nadu,Theni,61,18
Tamil Nadu,Thiruvarur,29,7
Tamil Nadu,Thoothukkudi,23,21
Tamil Nadu,Tiruchirappalli,105,5
Tamil Nadu,Tirunelveli,348,63
Tamil Nadu,Tiruppur,135,17
Tamil Nadu,Tiruvallur,434,192
Tamil Nadu,Tiruvannamalai,358,69
Tamil Nadu,Vellore,1660,122
Tamil Nadu,Villupuram,724,34
Tamil Nadu,Virudhunagar,217,2
Telangana,Adilabad,137,49
Telangana,Hyderabad,150,110
Telangana,K.v. Rangareddy,310,156
Telangana,Karimnagar,295,61
Telangana,Khammam,180,68
Telangana,Mahabubnagar,449,136
Telangana,Medak,280,86
Telangana,Nalgonda,242,132
Telangana,Nizamabad,65,34
Telangana,Warangal,155,70
Tripura,Dhalai,29,4
Tripura,Gomati,23,10
Tripura,Khowai,1,0
Tripura,North Tripura,29,5
Tripura,Sepahijala,24,11
Tripura,South Tripura,56,6
Tripura,Unakoti,7,4
Tripura,West Tripura,2,3
Uttar Pradesh,Agra,1147,329
Uttar Pradesh,Aligarh,1244,358
Uttar Pradesh,Allahabad,2683,433
Uttar Pradesh,Ambedkar Nagar,1909,224
Uttar Pradesh,Amethi,297,83
Uttar Pradesh,Amroha,621,137
Uttar Pradesh,Auraiya,957,161
Uttar Pradesh,Azamgarh,3120,192
Uttar Pradesh,Baghpat,258,30
Uttar Pradesh,Bahraich,841,94
Uttar Pradesh,Ballia,1662,268
Uttar Pradesh,Balrampur,109,5
Uttar Pradesh,Banda,189,48
Uttar Pradesh,Bara Banki,1350,144
Uttar Pradesh,Bareilly,2699,713
Uttar Pradesh,Basti,1212,133
Uttar Pradesh,Bijnor,675,142
Uttar Pradesh,Budaun,2070,159
Uttar Pradesh,Bulandshahr,1828,169
Uttar Pradesh,Chandauli,614,35
Uttar Pradesh,Chitrakoot,56,9
Uttar Pradesh,Deoria,1918,253
Uttar Pradesh,Etah,1659,92
Uttar Pradesh,Etawah,317,83
Uttar Pradesh,Faizabad,2078,248
Uttar Pradesh,Farrukhabad,961,144
Uttar Pradesh,Fatehpur,577,122
Uttar Pradesh,Firozabad,1522,159
Uttar Pradesh,Gautam Buddha Nagar,462,85
Uttar Pradesh,Ghaziabad,830,1187
Uttar Pradesh,Ghazipur,2121,193
Uttar Pradesh,Gonda,1327,128
Uttar Pradesh,Gorakhpur,2451,331
Uttar Pradesh,Hamirpur,175,20
Uttar Pradesh,Hapur,0,4
Uttar Pradesh,Hardoi,1713,137
Uttar Pradesh,Hathras,339,74
Uttar Pradesh,Jalaun,515,60
Uttar Pradesh,Jaunpur,3467,283
Uttar Pradesh,Jhansi,979,131
Uttar Pradesh,Kannauj,945,75
Uttar Pradesh,Kanpur Dehat,1124,104
Uttar Pradesh,Kanpur Nagar,1568,316
Uttar Pradesh,Kasganj,868,73
Uttar Pradesh,Kaushambi,1007,73
Uttar Pradesh,Kheri,3630,281
Uttar Pradesh,Kushinagar,1622,280
Uttar Pradesh,Lalitpur,374,40
Uttar Pradesh,Lucknow,796,288
Uttar Pradesh,Maharajganj,1448,175
Uttar Pradesh,Mahoba,60,16
Uttar Pradesh,Mainpuri,663,79
Uttar Pradesh,Mathura,693,65
Uttar Pradesh,Mau,2366,133
Uttar Pradesh,Meerut,2450,286
Uttar Pradesh,Mirzapur,948,124
Uttar Pradesh,Moradabad,2371,295
Uttar Pradesh,Muzaffarnagar,1918,212
Uttar Pradesh,Pilibhit,720,313
Uttar Pradesh,Pratapgarh,1318,195
Uttar Pradesh,Rae Bareli,445,88
Uttar Pradesh,Rampur,2184,186
Uttar Pradesh,Saharanpur,2195,304
Uttar Pradesh,Sambhal,1013,177
Uttar Pradesh,Sant Kabir Nagar,245,66
Uttar Pradesh,Sant Ravidas Nagar,530,77
Uttar Pradesh,Shahjahanpur,1718,171
Uttar Pradesh,Shamli,1286,67
Uttar Pradesh,Shrawasti,167,4
Uttar Pradesh,Siddharthnagar,846,162
Uttar Pradesh,Sitapur,2224,213
Uttar Pradesh,Sonbhadra,1078,101
Uttar Pradesh,Sultanpur,1816,156
Uttar Pradesh,Unnao,925,126
Uttar Pradesh,Varanasi,1326,212
Uttarakhand,Almora,147,18
Uttarakhand,Bageshwar,8,2
Uttarakhand,Chamoli,37,2
Uttarakhand,Champawat,9,0
Uttarakhand,Dehradun,473,88
Uttarakhand,Haridwar,858,155
Uttarakhand,Nainital,283,38
Uttarakhand,Pauri Garhwal,534,59
Uttarakhand,Pithoragarh,264,6
Uttarakhand,Rudraprayag,19,1
Uttarakhand,Tehri Garhwal,71,8
Uttarakhand,Udham Singh Nagar,381,82
Uttarakhand,Uttarkashi,125,6
West Bengal,Bankura,757,2643
West Bengal,Barddhaman,194,1004
West Bengal,Birbhum,332,139
West Bengal,Cooch Behar,29,5
West Bengal,Dakshin Dinajpur,63,67
West Bengal,Darjeeling,82,23
West Bengal,Hooghly,302,58
West Bengal,Howrah,6,13
West Bengal,Jalpaiguri,372,115
West Bengal,Kolkata,28,3
West Bengal,Malda,155,84
West Bengal,Murshidabad,1094,17
West Bengal,Nadia,280,5
West Bengal,North 24 Parganas,540,600
West Bengal,Paschim Medinipur,1012,3829
West Bengal,Purba Medinipur,161,164
West Bengal,Puruliya,73,2173
West Bengal,South 24 Parganas,4210,1048
West Bengal,Uttar Dinajpur,61,28
