State,District,Aadhaar generated,Enrolment Rejected
Andaman and Nicobar Islands,North And Middle Andaman,2,0
Andaman and Nicobar Islands,South Andaman,3,0
Andhra Pradesh,Ananthapur,874,119
Andhra Pradesh,Chittoor,979,108
Andhra Pradesh,Cuddapah,897,71
Andhra Pradesh,East Godavari,929,62
Andhra Pradesh,Guntur,1042,104
Andhra Pradesh,Krishna,845,70
Andhra Pradesh,Kurnool,923,116
Andhra Pradesh,Nellore,793,96
Andhra Pradesh,Prakasam,517,50
Andhra Pradesh,Srikakulam,1335,54
Andhra Pradesh,Visakhapatnam,2227,228
Andhra Pradesh,Vizianagaram,992,106
Andhra Pradesh,West Godavari,1062,56
Arunachal Pradesh,Anjaw,19,0
Arunachal Pradesh,Changlang,20,0
Arunachal Pradesh,Dibang Valley,132,0
Arunachal Pradesh,East Kameng,1,0
Arunachal Pradesh,East Siang,71,0
Arunachal Pradesh,Kurung Kumey,4,0
Arunachal Pradesh,Lohit,178,1
Arunachal Pradesh,Lower Dibang Valley,1101,4
Arunachal Pradesh,Lower Subansiri,490,0
Arunachal Pradesh,Namsai,6,0
Arunachal Pradesh,Papum Pare,2424,13
Arunachal Pradesh,Tawang,32,4
Arunachal Pradesh,Tirap,1888,15
Arunachal Pradesh,Upper Subansiri,972,0
Arunachal Pradesh,West Kameng,538,5
Arunachal Pradesh,West Siang,8,0
Assam,Baksa,22,0
Assam,Barpeta,70,0
Assam,Bongaigaon,23,0
Assam,Cachar,47,2
Assam,Chirang,28,0
Assam,Darrang,4,0
Assam,Dhemaji,14,0
Assam,Dhubri,23,0
Assam,Dibrugarh,19,0
Assam,Goalpara,7,0
Assam,Golaghat,1063,1
Assam,Hailakandi,16,0
Assam,Jorhat,37,1
Assam,Kamrup,54,0
Assam,Kamrup Metro,10,0
Assam,Karbi Anglong,13,0
Assam,Karimganj,29,0
Assam,Kokrajhar,14,0
Assam,Lakhimpur,20,0
Assam,Marigaon,17,0
Assam,Nagaon,6862,5
Assam,Nalbari,6,0
Assam,Sibsagar,26,0
Assam,Sonitpur,105,0
Assam,Tinsukia,76,0
Assam,Udalguri,32,1
Bihar,Araria,13276,470
Bihar,Arwal,300,16
Bihar,Aurangabad,18106,228
Bihar,Banka,7426,279
Bihar,Begusarai,22430,619
Bihar,Bhagalpur,15111,812
Bihar,Bhojpur,9383,236
Bihar,Buxar,7255,130
Bihar,Darbhanga,18579,459
Bihar,East Champaran,35719,767
Bihar,Gaya,37287,879
Bihar,Gopalganj,13686,303
Bihar,Jamui,7848,142
Bihar,Jehanabad,7102,89
Bihar,Kaimur (Bhabua),6680,167
Bihar,Katihar,7888,157
Bihar,Khagaria,8067,172
Bihar,Kishanganj,392,31
Bihar,Lakhisarai,2129,142
Bihar,Madhepura,5009,89
Bihar,Madhubani,24609,480
Bihar,Munger,3513,73
Bihar,Muzaffarpur,32574,858
Bihar,Nalanda,8930,250
Bihar,Nawada,8365,266
Bihar,Patna,20194,650
Bihar,Purnia,30016,497
Bihar,Rohtas,10074,134
Bihar,Saharsa,4893,203
Bihar,Samastipur,29323,441
Bihar,Saran,26077,492
Bihar,Sheikhpura,821,45
Bihar,Sheohar,2209,67
Bihar,Sitamarhi,28628,2347
Bihar,Siwan,27178,865
Bihar,Supaul,13459,400
Bihar,Vaishali,31421,508
Bihar,West Champaran,19515,318
Chandigarh,Chandigarh,332,29
Chhattisgarh,Balod,3602,34
Chhattisgarh,Baloda Bazar,8339,85
Chhattisgarh,Balrampur,263,12
Chhattisgarh,Bastar,2572,55
Chhattisgarh,Bemetara,12525,218
Chhattisgarh,Bijapur,1766,33
Chhattisgarh,Bilaspur,153,22
Chhattisgarh,Dakshin Bastar Dantewada,5630,41
Chhattisgarh,Dantewada,129,1
Chhattisgarh,Dhamtari,1997,60
Chhattisgarh,Durg,3025,137
Chhattisgarh,Gariyaband,6523,49
Chhattisgarh,Janjgir-champa,11102,619
Chhattisgarh,Jashpur,585,16
Chhattisgarh,Kabeerdham,1539,24
Chhattisgarh,Kanker,3520,26
Chhattisgarh,Kawardha,6747,59
Chhattisgarh,Kondagaon,3057,10
Chhattisgarh,Korba,1900,65
Chhattisgarh,Koriya,582,78
Chhattisgarh,Mahasamund,3422,53
Chhattisgarh,Mungeli,0,1
Chhattisgarh,Narayanpur,668,27
Chhattisgarh,Raigarh,14641,253
Chhattisgarh,Raipur,14596,271
Chhattisgarh,Rajnandgaon,3051,188
Chhattisgarh,Sukma,355,1
Chhattisgarh,Surajpur,4238,33
Chhattisgarh,Surguja,12161,156
Chhattisgarh,Uttar Bastar Kanker,3472,44
Dadra and Nagar Haveli,Dadra and Nagar Haveli,2088,55
Daman and Diu,Daman,96,3
Daman and Diu,Diu,7,0
Delhi,Central Delhi,377,24
Delhi,East Delhi,1023,54
Delhi,New Delhi,59,4
Delhi,North Delhi,312,20
Delhi,North East Delhi,1858,189
Delhi,North West Delhi,2668,170
Delhi,South Delhi,1885,124
Delhi,South West Delhi,1248,75
Delhi,West Delhi,1043,62
Goa,North Goa,104,1
Goa,South Goa,250,17
Gujarat,Ahmedabad,10494,464
Gujarat,Amreli,1655,51
Gujarat,Anand,1531,33
Gujarat,Banaskantha,4467,253
Gujarat,Bharuch,2084,180
Gujarat,Bhavnagar,4238,289
Gujarat,Dahod,899,98
Gujarat,Gandhinagar,1683,53
Gujarat,Jamnagar,2232,82
Gujarat,Junagadh,1191,77
Gujarat,Kachchh,1414,23
Gujarat,Kheda,2871,126
Gujarat,Mahesana,1167,28
Gujarat,Narmada,464,19
Gujarat,Navsari,1268,50
Gujarat,Panchmahals,3314,133
Gujarat,Patan,2396,124
Gujarat,Porbandar,883,53
Gujarat,Rajkot,2945,86
Gujarat,Sabarkantha,2256,46
Gujarat,Surat,11881,490
Gujarat,Surendra Nagar,954,31
Gujarat,Tapi,1326,22
Gujarat,The Dangs,299,11
Gujarat,Vadodara,6754,110
Gujarat,Valsad,1175,30
Haryana,Ambala,753,30
Haryana,Bhiwani,2942,158
Haryana,Faridabad,2651,158
Haryana,Fatehabad,2246,138
Haryana,Gurgaon,1750,108
Haryana,Hisar,3608,358
Haryana,Jhajjar,1705,229
Haryana,Jind,7311,438
Haryana,Kaithal,1928,148
Haryana,Karnal,2000,125
Haryana,Kurukshetra,1468,111
Haryana,Mahendragarh,1681,60
Haryana,Mewat,5163,675
Haryana,Palwal,1543,84
Haryana,Panchkula,353,18
Haryana,Panipat,3606,294
Haryana,Rewari,771,19
Haryana,Rohtak,2335,106
Haryana,Sirsa,1809,137
Haryana,Sonipat,1822,147
Haryana,Yamuna Nagar,898,82
Himachal Pradesh,Bilaspur,21,2
Himachal Pradesh,Chamba,42,7
Himachal Pradesh,Hamirpur,58,2
Himachal Pradesh,Kangra,313,13
Himachal Pradesh,Kinnaur,21,0
Himachal Pradesh,Kullu,50,3
Himachal Pradesh,Mandi,35,1
Himachal Pradesh,Shimla,108,0
Himachal Pradesh,Sirmaur,58,1
Himachal Pradesh,Solan,127,5
Himachal Pradesh,Una,17,1
Jammu and Kashmir,Anantnag,10752,125
Jammu and Kashmir,Badgam,8333,39
Jammu and Kashmir,Bandipore,15,1
Jammu and Kashmir,Baramula,2888,2
Jammu and Kashmir,Doda,412,0
Jammu and Kashmir,Ganderbal,20,0
Jammu and Kashmir,Jammu,1072,89
Jammu and Kashmir,Kargil,18,0
Jammu and Kashmir,Kathua,695,8
Jammu and Kashmir,Kishtwar,12,3
Jammu and Kashmir,Kulgam,19,13
Jammu and Kashmir,Kupwara,138,0
Jammu and Kashmir,Leh,58,2
Jammu and Kashmir,Pulwama,665,189
Jammu and Kashmir,Punch,2752,26
Jammu and Kashmir,Rajouri,336,5
Jammu and Kashmir,Ramban,84,2
Jammu and Kashmir,Reasi,210,2
Jammu and Kashmir,Samba,37,4
Jammu and Kashmir,Shupiyan,1,0
Jammu and Kashmir,Srinagar,50,0
Jammu and Kashmir,Udhampur,1482,9
Jharkhand,Bokaro,1534,161
Jharkhand,Chatra,1396,232
Jharkhand,Deoghar,575,110
Jharkhand,Dhanbad,958,113
Jharkhand,Dumka,255,46
Jharkhand,East Singhbhum,824,91
Jharkhand,Garhwa,1041,185
Jharkhand,Giridih,2232,185
Jharkhand,Godda,1361,202
Jharkhand,Gumla,609,67
Jharkhand,Hazaribagh,563,80
Jharkhand,Jamtara,239,20
Jharkhand,Khunti,250,10
Jharkhand,Koderma,775,70
Jharkhand,Latehar,149,25
Jharkhand,Lohardaga,153,12
Jharkhand,Pakur,261,67
Jharkhand,Palamu,385,61
Jharkhand,Ramgarh,510,39
Jharkhand,Ranchi,1351,124
Jharkhand,Sahebganj,621,139
Jharkhand,Seraikela-Kharsawan,277,35
Jharkhand,Simdega,222,32
Jharkhand,West Singhbhum,466,79
Karnataka,Bagalkot,1248,58
Karnataka,Bangalore,5111,358
Karnataka,Bangalore Rural,503,24
Karnataka,Belgaum,3064,231
Karnataka,Bellary,1785,93
Karnataka,Bidar,2572,343
Karnataka,Bijapur,371,20
Karnataka,Chamrajanagar,370,40
Karnataka,Chickmagalur,532,31
Karnataka,Chikkaballapur,4509,165
Karnataka,Chitradurga,4339,190
Karnataka,Dakshina Kannada,579,25
Karnataka,Davangere,3902,199
Karnataka,Dharwad,652,55
Karnataka,Gadag,361,7
Karnataka,Gulbarga,3706,209
Karnataka,Hassan,568,119
Karnataka,Haveri,1759,268
Karnataka,Kodagu,62,4
Karnataka,Kolar,1008,167
Karnataka,Koppal,567,6
Karnataka,Mandya,1393,51
Karnataka,Mysore,583,85
Karnataka,Raichur,2112,145
Karnataka,Ramanagar,146,3
Karnataka,Shimoga,405,7
Karnataka,Tumkur,790,39
Karnataka,Udupi,568,64
Karnataka,Uttara Kannada,334,5
Karnataka,Yadgir,231,10
Kerala,Alappuzha,744,22
Kerala,Ernakulam,982,21
Kerala,Idukki,657,38
Kerala,Kannur,1291,38
Kerala,Kasaragod,410,8
Kerala,Kollam,689,21
Kerala,Kottayam,758,6
Kerala,Kozhikode,1112,35
Kerala,Malappuram,1203,22
Kerala,Palakkad,1008,34
Kerala,Pathanamthitta,415,5
Kerala,Thiruvananthapuram,1588,40
Kerala,Thrissur,959,13
Kerala,Wayanad,209,5
Lakshadweep,Lakshadweep,6,0
Madhya Pradesh,Alirajpur,1024,29
Madhya Pradesh,Anuppur,1711,128
Madhya Pradesh,Ashok Nagar,415,22
Madhya Pradesh,Balaghat,2906,231
Madhya Pradesh,Barwani,1706,152
Madhya Pradesh,Betul,960,85
Madhya Pradesh,Bhind,1591,69
Madhya Pradesh,Bhopal,1429,135
Madhya Pradesh,Burhanpur,120,5
Madhya Pradesh,Chhatarpur,2128,152
Madhya Pradesh,Chhindwara,4329,222
Madhya Pradesh,Damoh,1865,97
Madhya Pradesh,Datia,753,35
Madhya Pradesh,Dewas,2071,169
Madhya Pradesh,Dhar,3371,112
Madhya Pradesh,Dindori,591,69
Madhya Pradesh,Guna,1260,90
Madhya Pradesh,Gwalior,1737,196
Madhya Pradesh,Harda,119,14
Madhya Pradesh,Hoshangabad,352,53
Madhya Pradesh,Indore,1926,131
Madhya Pradesh,Jabalpur,888,86
Madhya Pradesh,Jhabua,1661,56
Madhya Pradesh,Katni,730,58
Madhya Pradesh,Khandwa,693,44
Madhya Pradesh,Khargone,3247,271
Madhya Pradesh,Mandla,696,91
Madhya Pradesh,Mandsaur,1383,38
Madhya Pradesh,Morena,2779,92
Madhya Pradesh,Narsinghpur,350,48
Madhya Pradesh,Neemuch,1684,70
Madhya Pradesh,Panna,684,34
Madhya Pradesh,Raisen,951,55
Madhya Pradesh,Rajgarh,2732,210
Madhya Pradesh,Ratlam,1789,157
Madhya Pradesh,Rewa,1921,141
Madhya Pradesh,Sagar,4703,243
Madhya Pradesh,Satna,2510,152
Madhya Pradesh,Sehore,1071,71
Madhya Pradesh,Seoni,1553,88
Madhya Pradesh,Shahdol,1793,109
Madhya Pradesh,Shajapur,1161,109
Madhya Pradesh,Sheopur,1130,43
Madhya Pradesh,Shivpuri,2429,353
Madhya Pradesh,Sidhi,1138,48
Madhya Pradesh,Singrauli,1475,101
Madhya Pradesh,Tikamgarh,934,66
Madhya Pradesh,Ujjain,1691,77
Madhya Pradesh,Umaria,904,63
Madhya Pradesh,Vidisha,623,41
Maharashtra,Ahmadnagar,2981,252
Maharashtra,Akola,1136,100
Maharashtra,Amravati,507,42
Maharashtra,Aurangabad,2729,270
Maharashtra,Beed,3507,212
Maharashtra,Bhandara,710,49
Maharashtra,Buldhana,2545,159
Maharashtra,Chandrapur,1388,90
Maharashtra,Dhule,1325,124
Maharashtra,Gadchiroli,784,37
Maharashtra,Gondiya,500,31
Maharashtra,Hingoli,2912,153
Maharashtra,Jalgaon,2144,149
Maharashtra,Jalna,1722,177
Maharashtra,Kolhapur,6050,300
Maharashtra,Latur,2039,139
Maharashtra,Mumbai,3692,94
Maharashtra,Nagpur,1436,103
Maharashtra,Nanded,4103,250
Maharashtra,Nandurbar,950,67
Maharashtra,Nashik,2905,149
Maharashtra,Osmanabad,1821,69
Maharashtra,Palghar,884,709
Maharashtra,Parbhani,3285,221
Maharashtra,Pune,4318,177
Maharashtra,Raigarh,1981,65
Maharashtra,Ratnagiri,1024,18
Maharashtra,Sangli,975,52
Maharashtra,Satara,1772,74
Maharashtra,Sindhudurg,747,9
Maharashtra,Solapur,3875,227
Maharashtra,Thane,3243,112
Maharashtra,Wardha,554,49
Maharashtra,Washim,1057,40
Maharashtra,Yavatmal,2854,159
Manipur,Bishnupur,564,58
Manipur,Chandel,67,1
Manipur,Churachandpur,299,2
Manipur,Imphal East,623,11
Manipur,Imphal West,1099,16
Manipur,Senapati,620,2
Manipur,Tamenglong,379,5
Manipur,Thoubal,88,1
Manipur,Ukhrul,15,0
Meghalaya,East Khasi Hills,66,0
Meghalaya,Jaintia Hills,1,0
Meghalaya,Ri Bhoi,4,0
Meghalaya,South Garo Hills,1,0
Meghalaya,West Garo Hills,6,0
Meghalaya,West Khasi Hills,2,0
Mizoram,Aizawl,440,99
Mizoram,Champhai,558,1
Mizoram,Kolasib,13,0
Mizoram,Lawngtlai,82,1
Mizoram,Lunglei,3,1
Mizoram,Mammit,58,0
Mizoram,Saiha,53,0
Mizoram,Serchhip,16,0
Nagaland,Dimapur,14,0
Nagaland,Kohima,10,1
Nagaland,Longleng,2,0
Nagaland,Mokokchung,5,1
Nagaland,Mon,1,269
Nagaland,Phek,258,57
Nagaland,Tuensang,129,16
Nagaland,Wokha,6,1
Nagaland,Zunheboto,3,0
Odisha,Angul,611,18
Odisha,Balangir,248,30
Odisha,Baleswar,68,8
Odisha,Bargarh,255,2
Odisha,Bhadrak,49,68
Odisha,Boudh,42,10
Odisha,Cuttack,1193,74
Odisha,Debagarh,64,1
Odisha,Dhenkanal,112,7
Odisha,Gajapati,349,0
Odisha,Ganjam,898,19
Odisha,Jagatsinghapur,466,66
Odisha,Jajapur,1269,95
Odisha,Jharsuguda,559,0
Odisha,Kalahandi,992,45
Odisha,Kandhamal,146,1
Odisha,Kendrapara,4305,624
Odisha,Kendujhar,3623,1730
Odisha,Khorda,1320,270
Odisha,Koraput,5242,17
Odisha,Malkangiri,77,0
Odisha,Mayurbhanj,412,15
Odisha,Nabarangapur,199,3
Odisha,Nayagarh,2230,150
Odisha,Nuapada,1339,78
Odisha,Puri,1207,69
Odisha,Rayagada,286,6
Odisha,Sambalpur,1453,96
Odisha,Sonapur,574,5
Odisha,Sundergarh,796,56
Others,Others,8,3236
Puducherry,Karaikal,131,14
Puducherry,Puducherry,246,21
Punjab,Amritsar,1661,73
Punjab,Barnala,398,12
Punjab,Bathinda,963,53
Punjab,Faridkot,243,27
Punjab,Fatehgarh Sahib,400,19
Punjab,Fazilka,1140,89
Punjab,Ferozepur,605,47
Punjab,Gurdaspur,1472,51
Punjab,Hoshiarpur,1205,41
Punjab,Jalandhar,1939,120
Punjab,Kapurthala,1192,28
Punjab,Ludhiana,4888,194
Punjab,Mansa,347,14
Punjab,Moga,439,29
Punjab,Pathankot,360,24
Punjab,Patiala,1229,30
Punjab,Rupnagar,507,11
Punjab,SAS Nagar (Mohali),696,22
Punjab,Sangrur,955,33
Punjab,Shaheed Bhagat Singh Nagar,273,8
Punjab,Sri Muktsar Sahib,743,49
Punjab,Tarn Taran,995,64
Rajasthan,Ajmer,1298,306
Rajasthan,Alwar,1956,169
Rajasthan,Banswara,1629,160
Rajasthan,Baran,2673,161
Rajasthan,Barmer,3105,448
Rajasthan,Bharatpur,4399,388
Rajasthan,Bhilwara,2521,165
Rajasthan,Bikaner,2615,177
Rajasthan,Bundi,1874,130
Rajasthan,Chittorgarh,1578,80
Rajasthan,Churu,1431,90
Rajasthan,Dausa,641,43
Rajasthan,Dholpur,1971,131
Rajasthan,Dungarpur,1475,125
Rajasthan,Ganganagar,1600,127
Rajasthan,Hanumangarh,1920,143
Rajasthan,Jaipur,6038,516
Rajasthan,Jaisalmer,1265,130
Rajasthan,Jalor,1503,343
Rajasthan,Jhalawar,4202,125
Rajasthan,Jhunjhunun,1195,101
Rajasthan,Jodhpur,2699,235
Rajasthan,Karauli,3646,210
Rajasthan,Kota,1703,166
Rajasthan,Nagaur,3816,228
Rajasthan,Pali,1504,178
Rajasthan,Pratapgarh,243,41
Rajasthan,Rajsamand,858,138
Rajasthan,Sawai Madhopur,1536,104
Rajasthan,Sikar,1818,247
Rajasthan,Sirohi,1004,59
Rajasthan,Tonk,1820,178
Rajasthan,Udaipur,1655,196
Sikkim,East Sikkim,24,7
Sikkim,North Sikkim,17,0
Sikkim,South Sikkim,72,3
Sikkim,West Sikkim,44,5
Tamil Nadu,Ariyalur,471,3
Tamil Nadu,Chennai,2864,155
Tamil Nadu,Coimbatore,1467,34
Tamil Nadu,Cuddalore,4514,188
Tamil Nadu,Dharmapuri,2750,50
Tamil Nadu,Dindigul,1903,69
Tamil Nadu,Erode,930,14
Tamil Nadu,Kancheepuram,6360,373
Tamil Nadu,Kanniyakumari,2125,26
Tamil Nadu,Karur,2729,31
Tamil Nadu,Krishnagiri,2992,239
Tamil Nadu,Madurai,2026,53
Tamil Nadu,Nagapattinam,830,49
Tamil Nadu,Namakkal,774,52
Tamil Nadu,Perambalur,2023,44
Tamil Nadu,Pudukkottai,448,74
Tamil Nadu,Ramanathapuram,2353,7
Tamil Nadu,Salem,3664,122
Tamil Nadu,Sivaganga,239,5
Tamil Nadu,Thanjavur,485,64
Tamil Nadu,The Nilgiris,213,71
Tamil Nadu,Theni,835,38
Tamil Nadu,Thiruvarur,428,5
Tamil Nadu,Thoothukkudi,5773,90
Tamil Nadu,Tiruchirappalli,2092,34
Tamil Nadu,Tirunelveli,3855,127
Tamil Nadu,Tiruppur,2070,74
Tamil Nadu,Tiruvallur,4480,355
Tamil Nadu,Tiruvannamalai,5298,180
Tamil Nadu,Vellore,4775,328
Tamil Nadu,Villupuram,2049,58
Tamil Nadu,Virudhunagar,1006,31
Telangana,Adilabad,1304,63
Telangana,Hyderabad,2104,116
Telangana,K.v. Rangareddy,2222,230
Telangana,Karimnagar,1744,165
Telangana,Khammam,950,91
Telangana,Mahabubnagar,2826,206
Telangana,Medak,2017,115
Telangana,Nalgonda,1714,113
Telangana,Nizamabad,734,58
Telangana,Warangal,1554,131
Tripura,Dhalai,66,4
Tripura,Gomati,214,10
Tripura,Khowai,59,1
Tripura,North Tripura,168,0
Tripura,Sepahijala,279,5
Tripura,South Tripura,776,19
Tripura,Unakoti,114,2
Tripura,West Tripura,217,10
Uttar Pradesh,Agra,18329,966
Uttar Pradesh,Aligarh,17312,854
Uttar Pradesh,Allahabad,36242,935
Uttar Pradesh,Ambedkar Nagar,20929,575
Uttar Pradesh,Amethi,3136,190
Uttar Pradesh,Amroha,7965,520
Uttar Pradesh,Auraiya,11929,506
Uttar Pradesh,Azamgarh,28959,571
Uttar Pradesh,Baghpat,3480,143
Uttar Pradesh,Bahraich,9716,177
Uttar Pradesh,Ballia,13636,486
Uttar Pradesh,Balrampur,1015,64
Uttar Pradesh,Banda,4609,152
Uttar Pradesh,Bara Banki,15759,778
Uttar Pradesh,Bareilly,38059,3009
Uttar Pradesh,Basti,14529,438
Uttar Pradesh,Bijnor,6249,405
Uttar Pradesh,Budaun,23067,351
Uttar Pradesh,Bulandshahr,31155,536
Uttar Pradesh,Chandauli,6814,217
Uttar Pradesh,Chitrakoot,325,12
Uttar Pradesh,Deoria,22751,694
Uttar Pradesh,Etah,12302,446
Uttar Pradesh,Etawah,6045,262
Uttar Pradesh,Faizabad,17720,532
Uttar Pradesh,Farrukhabad,9225,269
Uttar Pradesh,Fatehpur,7999,246
Uttar Pradesh,Firozabad,12649,619
Uttar Pradesh,Gautam Buddha Nagar,3700,172
Uttar Pradesh,Ghaziabad,13305,727
Uttar Pradesh,Ghazipur,18065,412
Uttar Pradesh,Gonda,14373,655
Uttar Pradesh,Gorakhpur,31731,1168
Uttar Pradesh,Hamirpur,4180,44
Uttar Pradesh,Hapur,2,89
Uttar Pradesh,Hardoi,20992,377
Uttar Pradesh,Hathras,4436,286
Uttar Pradesh,Jalaun,3394,102
Uttar Pradesh,Jaunpur,39193,543
Uttar Pradesh,Jhansi,9219,626
Uttar Pradesh,Kannauj,9511,276
Uttar Pradesh,Kanpur Dehat,12372,257
Uttar Pradesh,Kanpur Nagar,19458,1153
Uttar Pradesh,Kasganj,8455,198
Uttar Pradesh,Kaushambi,10365,281
Uttar Pradesh,Kheri,25544,561
Uttar Pradesh,Kushinagar,24526,666
Uttar Pradesh,Lalitpur,4338,152
Uttar Pradesh,Lucknow,10661,869
Uttar Pradesh,Maharajganj,15341,667
Uttar Pradesh,Mahoba,1090,57
Uttar Pradesh,Mainpuri,4498,221
Uttar Pradesh,Mathura,7296,391
Uttar Pradesh,Mau,21884,441
Uttar Pradesh,Meerut,18880,1128
Uttar Pradesh,Mirzapur,11539,219
Uttar Pradesh,Moradabad,23446,913
Uttar Pradesh,Muzaffarnagar,18950,710
Uttar Pradesh,Pilibhit,9054,1005
Uttar Pradesh,Pratapgarh,12195,647
Uttar Pradesh,Rae Bareli,5986,473
Uttar Pradesh,Rampur,19474,318
Uttar Pradesh,Saharanpur,20066,984
Uttar Pradesh,Sambhal,12934,343
Uttar Pradesh,Sant Kabir Nagar,3132,160
Uttar Pradesh,Sant Ravidas Nagar,6979,370
Uttar Pradesh,Shahjahanpur,12716,619
Uttar Pradesh,Shamli,8727,216
Uttar Pradesh,Shrawasti,2343,28
Uttar Pradesh,Siddharthnagar,14325,128
Uttar Pradesh,Sitapur,19947,608
Uttar Pradesh,Sonbhadra,10209,306
Uttar Pradesh,Sultanpur,19070,471
Uttar Pradesh,Unnao,11398,671
Uttar Pradesh,Varanasi,12926,581
Uttarakhand,Almora,2531,29
Uttarakhand,Bageshwar,197,4
Uttarakhand,Chamoli,701,4
Uttarakhand,Champawat,119,0
Uttarakhand,Dehradun,6847,235
Uttarakhand,Haridwar,9016,308
Uttarakhand,Nainital,5434,115
Uttarakhand,Pauri Garhwal,8274,96
Uttarakhand,Pithoragarh,2318,12
Uttarakhand,Rudraprayag,339,0
Uttarakhand,Tehri Garhwal,1115,20
Uttarakhand,Udham Singh Nagar,6111,314
Uttarakhand,Uttarkashi,2530,12
West Bengal,Bankura,18261,5279
West Bengal,Barddhaman,13535,866
West Bengal,Birbhum,2418,196
West Bengal,Cooch Behar,1485,29
West Bengal,Dakshin Dinajpur,903,140
West Bengal,Darjeeling,4948,35
West Bengal,Hooghly,3822,140
West Bengal,Howrah,702,18
West Bengal,Jalpaiguri,9653,247
West Bengal,Kolkata,276,7
West Bengal,Malda,3214,258
West Bengal,Murshidabad,8678,276
West Bengal,Nadia,3816,64
West Bengal,North 24 Parganas,13612,2989
West Bengal,Paschim Medinipur,15657,3767
West Bengal,Purba Medinipur,2188,473
West Bengal,Puruliya,7724,2005
West Bengal,South 24 Parganas,35338,1357
West Bengal,Uttar Dinajpur,1032,396
