State,District,Aadhaar generated,Enrolment Rejected
Andaman and Nicobar Islands,Nicobar,1,0
Andhra Pradesh,Ananthapur,190,73
Andhra Pradesh,Chittoor,92,31
Andhra Pradesh,Cuddapah,129,20
Andhra Pradesh,East Godavari,83,59
Andhra Pradesh,Guntur,170,33
Andhra Pradesh,Krishna,99,16
Andhra Pradesh,Kurnool,86,27
Andhra Pradesh,Nellore,122,59
Andhra Pradesh,Prakasam,88,15
Andhra Pradesh,Srikakulam,151,32
Andhra Pradesh,Visakhapatnam,205,68
Andhra Pradesh,Vizianagaram,92,35
Andhra Pradesh,West Godavari,116,25
Arunachal Pradesh,Dibang Valley,46,3
Arunachal Pradesh,East Siang,2,0
Arunachal Pradesh,Kurung Kumey,1,0
Arunachal Pradesh,Lower Dibang Valley,597,1
Arunachal Pradesh,Lower Subansiri,178,1
Arunachal Pradesh,Papum Pare,38,6
Arunachal Pradesh,Tawang,2,0
Arunachal Pradesh,Upper Subansiri,9,4
Arunachal Pradesh,West Kameng,1,0
Arunachal Pradesh,West Siang,2,0
Assam,Baksa,6,0
Assam,Barpeta,16,0
Assam,Bongaigaon,3,0
Assam,Cachar,5,1
Assam,Darrang,1,0
Assam,Dhubri,3,0
Assam,Dibrugarh,4,0
Assam,Golaghat,4,1
Assam,Hailakandi,3,0
Assam,Jorhat,3,0
Assam,Kamrup,5,0
Assam,Kamrup Metro,2,0
Assam,Karbi Anglong,2,0
Assam,Karimganj,1,0
Assam,Lakhimpur,2,0
Assam,Marigaon,2,0
Assam,Nagaon,2,2
Assam,Nalbari,2,0
Assam,Sibsagar,4,0
Assam,Sonitpur,3,0
Assam,Tinsukia,2,0
Assam,Udalguri,4,0
Bihar,Araria,1180,101
Bihar,Arwal,36,3
Bihar,Aurangabad,1484,196
Bihar,Banka,1004,107
Bihar,Begusarai,1826,150
Bihar,Bhagalpur,2100,105
Bihar,Bhojpur,718,39
Bihar,Buxar,282,156
Bihar,Darbhanga,1766,204
Bihar,East Champaran,5163,179
Bihar,Gaya,6810,263
Bihar,Gopalganj,2258,102
Bihar,Jamui,1136,92
Bihar,Jehanabad,503,40
Bihar,Kaimur (Bhabua),1058,46
Bihar,Katihar,1662,77
Bihar,Khagaria,1146,148
Bihar,Kishanganj,45,6
Bihar,Lakhisarai,311,23
Bihar,Madhepura,384,25
Bihar,Madhubani,2164,179
Bihar,Munger,306,38
Bihar,Muzaffarpur,4803,289
Bihar,Nalanda,898,107
Bihar,Nawada,1320,28
Bihar,Patna,2776,339
Bihar,Purnia,3089,217
Bihar,Rohtas,1892,87
Bihar,Saharsa,637,85
Bihar,Samastipur,5329,160
Bihar,Saran,3466,201
Bihar,Sheikhpura,35,1
Bihar,Sheohar,272,20
Bihar,Sitamarhi,6024,126
Bihar,Siwan,5442,253
Bihar,Supaul,1689,265
Bihar,Vaishali,5523,155
Bihar,West Champaran,3786,386
Chandigarh,Chandigarh,21,4
Chhattisgarh,Balod,200,8
Chhattisgarh,Baloda Bazar,1053,104
Chhattisgarh,Balrampur,42,1
Chhattisgarh,Bastar,835,18
Chhattisgarh,Bemetara,2573,126
Chhattisgarh,Bijapur,71,6
Chhattisgarh,Bilaspur,38,61
Chhattisgarh,Dakshin Bastar Dantewada,332,10
Chhattisgarh,Dantewada,57,2
Chhattisgarh,Dhamtari,127,22
Chhattisgarh,Durg,731,73
Chhattisgarh,Gariyaband,1934,53
Chhattisgarh,Janjgir-champa,980,75
Chhattisgarh,Jashpur,19,2
Chhattisgarh,Kabeerdham,164,15
Chhattisgarh,Kanker,308,127
Chhattisgarh,Kawardha,1545,59
Chhattisgarh,Kondagaon,87,24
Chhattisgarh,Korba,302,30
Chhattisgarh,Koriya,118,32
Chhattisgarh,Mahasamund,225,53
Chhattisgarh,Mungeli,0,1
Chhattisgarh,Narayanpur,67,90
Chhattisgarh,Raigarh,1311,386
Chhattisgarh,Raipur,2540,188
Chhattisgarh,Rajnandgaon,1126,90
Chhattisgarh,Sukma,32,1
Chhattisgarh,Surajpur,297,18
Chhattisgarh,Surguja,1129,81
Chhattisgarh,Uttar Bastar Kanker,310,225
Dadra and Nagar Haveli,Dadra and Nagar Haveli,102,11
Daman and Diu,Daman,9,3
Delhi,Central Delhi,38,16
Delhi,East Delhi,99,34
Delhi,New Delhi,2,2
Delhi,North Delhi,48,9
Delhi,North East Delhi,254,80
Delhi,North West Delhi,240,68
Delhi,South Delhi,203,49
Delhi,South West Delhi,125,31
Delhi,West Delhi,130,48
Goa,North Goa,4,2
Goa,South Goa,11,5
Gujarat,Ahmedabad,1404,193
Gujarat,Amreli,338,54
Gujarat,Anand,298,21
Gujarat,Banaskantha,1122,88
Gujarat,Bharuch,581,37
Gujarat,Bhavnagar,267,71
Gujarat,Dahod,193,39
Gujarat,Gandhinagar,262,9
Gujarat,Jamnagar,508,16
Gujarat,Junagadh,330,28
Gujarat,Kachchh,400,9
Gujarat,Kheda,627,96
Gujarat,Mahesana,42,15
Gujarat,Narmada,45,10
Gujarat,Navsari,319,19
Gujarat,Panchmahals,263,139
Gujarat,Patan,353,18
Gujarat,Porbandar,148,3
Gujarat,Rajkot,676,49
Gujarat,Sabarkantha,129,29
Gujarat,Surat,2033,205
Gujarat,Surendra Nagar,92,22
Gujarat,Tapi,161,8
Gujarat,The Dangs,11,3
Gujarat,Vadodara,532,95
Gujarat,Valsad,201,30
Haryana,Ambala,101,24
Haryana,Bhiwani,391,129
Haryana,Faridabad,475,79
Haryana,Fatehabad,144,26
Haryana,Gurgaon,313,43
Haryana,Hisar,494,116
Haryana,Jhajjar,257,25
Haryana,Jind,787,135
Haryana,Kaithal,535,43
Haryana,Karnal,452,31
Haryana,Kurukshetra,168,25
Haryana,Mahendragarh,165,21
Haryana,Mewat,829,364
Haryana,Palwal,250,91
Haryana,Panchkula,27,4
Haryana,Panipat,389,135
Haryana,Rewari,156,15
Haryana,Rohtak,346,40
Haryana,Sirsa,179,50
Haryana,Sonipat,110,52
Haryana,Yamuna Nagar,126,46
Himachal Pradesh,Bilaspur,1,0
Himachal Pradesh,Chamba,21,7
Himachal Pradesh,Hamirpur,5,2
Himachal Pradesh,Kangra,18,11
Himachal Pradesh,Mandi,2,1
Himachal Pradesh,Shimla,3,0
Himachal Pradesh,Sirmaur,20,3
Himachal Pradesh,Solan,6,9
Himachal Pradesh,Una,12,0
Jammu and Kashmir,Anantnag,0,1
Jammu and Kashmir,Bandipore,3,0
Jammu and Kashmir,Baramula,201,1
Jammu and Kashmir,Doda,214,0
Jammu and Kashmir,Jammu,479,77
Jammu and Kashmir,Kathua,291,3
Jammu and Kashmir,Kishtwar,3,2
Jammu and Kashmir,Kupwara,11,0
Jammu and Kashmir,Leh,2,0
Jammu and Kashmir,Pulwama,0,39
Jammu and Kashmir,Punch,21,3
Jammu and Kashmir,Rajouri,4,1
Jammu and Kashmir,Ramban,108,709
Jammu and Kashmir,Reasi,122,1
Jammu and Kashmir,Samba,4,1
Jammu and Kashmir,Srinagar,4,1
Jammu and Kashmir,Udhampur,1667,10
Jharkhand,Bokaro,97,40
Jharkhand,Chatra,59,33
Jharkhand,Deoghar,46,38
Jharkhand,Dhanbad,38,22
Jharkhand,Dumka,10,17
Jharkhand,East Singhbhum,42,16
Jharkhand,Garhwa,103,43
Jharkhand,Giridih,62,80
Jharkhand,Godda,84,35
Jharkhand,Gumla,30,37
Jharkhand,Hazaribagh,23,12
Jharkhand,Jamtara,7,26
Jharkhand,Khunti,9,4
Jharkhand,Koderma,34,15
Jharkhand,Latehar,9,22
Jharkhand,Lohardaga,16,7
Jharkhand,Pakur,14,27
Jharkhand,Palamu,50,24
Jharkhand,Ramgarh,21,12
Jharkhand,Ranchi,123,50
Jharkhand,Sahebganj,25,28
Jharkhand,Seraikela-Kharsawan,13,12
Jharkhand,Simdega,6,10
Jharkhand,West Singhbhum,14,57
Karnataka,Bagalkot,83,31
Karnataka,Bangalore,656,51
Karnataka,Bangalore Rural,96,11
Karnataka,Belgaum,145,60
Karnataka,Bellary,259,84
Karnataka,Bidar,436,125
Karnataka,Bijapur,56,30
Karnataka,Chamrajanagar,3,2
Karnataka,Chickmagalur,96,0
Karnataka,Chikkaballapur,482,95
Karnataka,Chitradurga,354,39
Karnataka,Dakshina Kannada,38,0
Karnataka,Davangere,210,35
Karnataka,Dharwad,68,7
Karnataka,Gadag,125,16
Karnataka,Gulbarga,588,98
Karnataka,Hassan,388,9
Karnataka,Haveri,47,19
Karnataka,Kodagu,7,5
Karnataka,Kolar,200,96
Karnataka,Koppal,84,2
Karnataka,Mandya,245,20
Karnataka,Mysore,4,9
Karnataka,Raichur,121,25
Karnataka,Ramanagar,29,1
Karnataka,Shimoga,103,2
Karnataka,Tumkur,138,36
Karnataka,Udupi,5,6
Karnataka,Uttara Kannada,34,4
Karnataka,Yadgir,65,26
Kerala,Alappuzha,139,25
Kerala,Ernakulam,158,12
Kerala,Idukki,133,20
Kerala,Kannur,175,44
Kerala,Kasaragod,42,11
Kerala,Kollam,118,31
Kerala,Kottayam,53,10
Kerala,Kozhikode,122,24
Kerala,Malappuram,317,21
Kerala,Palakkad,147,19
Kerala,Pathanamthitta,33,7
Kerala,Thiruvananthapuram,257,54
Kerala,Thrissur,121,12
Kerala,Wayanad,26,11
Madhya Pradesh,Alirajpur,33,13
Madhya Pradesh,Anuppur,387,97
Madhya Pradesh,Ashok Nagar,89,8
Madhya Pradesh,Balaghat,319,86
Madhya Pradesh,Barwani,394,48
Madhya Pradesh,Betul,235,36
Madhya Pradesh,Bhind,82,21
Madhya Pradesh,Bhopal,236,93
Madhya Pradesh,Burhanpur,27,3
Madhya Pradesh,Chhatarpur,213,86
Madhya Pradesh,Chhindwara,471,77
Madhya Pradesh,Damoh,246,24
Madhya Pradesh,Datia,101,23
Madhya Pradesh,Dewas,233,41
Madhya Pradesh,Dhar,475,57
Madhya Pradesh,Dindori,14,11
Madhya Pradesh,Guna,183,29
Madhya Pradesh,Gwalior,149,83
Madhya Pradesh,Harda,10,3
Madhya Pradesh,Hoshangabad,58,8
Madhya Pradesh,Indore,291,84
Madhya Pradesh,Jabalpur,84,21
Madhya Pradesh,Jhabua,119,16
Madhya Pradesh,Katni,68,13
Madhya Pradesh,Khandwa,104,29
Madhya Pradesh,Khargone,358,86
Madhya Pradesh,Mandla,34,19
Madhya Pradesh,Mandsaur,350,76
Madhya Pradesh,Morena,367,49
Madhya Pradesh,Narsinghpur,24,20
Madhya Pradesh,Neemuch,298,52
Madhya Pradesh,Panna,62,20
Madhya Pradesh,Raisen,126,38
Madhya Pradesh,Rajgarh,318,50
Madhya Pradesh,Ratlam,305,64
Madhya Pradesh,Rewa,390,42
Madhya Pradesh,Sagar,339,49
Madhya Pradesh,Satna,273,51
Madhya Pradesh,Sehore,161,42
Madhya Pradesh,Seoni,107,30
Madhya Pradesh,Shahdol,313,44
Madhya Pradesh,Shajapur,97,47
Madhya Pradesh,Sheopur,36,8
Madhya Pradesh,Shivpuri,358,130
Madhya Pradesh,Sidhi,275,30
Madhya Pradesh,Singrauli,245,50
Madhya Pradesh,Tikamgarh,157,35
Madhya Pradesh,Ujjain,121,40
Madhya Pradesh,Umaria,97,16
Madhya Pradesh,Vidisha,51,20
Maharashtra,Ahmadnagar,233,84
Maharashtra,Akola,92,36
Maharashtra,Amravati,65,37
Maharashtra,Aurangabad,264,62
Maharashtra,Beed,457,83
Maharashtra,Bhandara,89,22
Maharashtra,Buldhana,244,43
Maharashtra,Chandrapur,137,39
Maharashtra,Dhule,118,30
Maharashtra,Gadchiroli,69,18
Maharashtra,Gondiya,42,23
Maharashtra,Hingoli,290,69
Maharashtra,Jalgaon,155,28
Maharashtra,Jalna,226,59
Maharashtra,Kolhapur,419,55
Maharashtra,Latur,441,69
Maharashtra,Mumbai,320,40
Maharashtra,Nagpur,156,43
Maharashtra,Nanded,443,85
Maharashtra,Nandurbar,98,60
Maharashtra,Nashik,298,90
Maharashtra,Osmanabad,165,17
Maharashtra,Palghar,38,189
Maharashtra,Parbhani,320,29
Maharashtra,Pune,358,62
Maharashtra,Raigarh,78,22
Maharashtra,Ratnagiri,61,17
Maharashtra,Sangli,48,11
Maharashtra,Satara,133,24
Maharashtra,Sindhudurg,29,14
Maharashtra,Solapur,417,94
Maharashtra,Thane,164,39
Maharashtra,Wardha,35,5
Maharashtra,Washim,85,18
Maharashtra,Yavatmal,303,47
Manipur,Bishnupur,12,7
Manipur,Chandel,2,0
Manipur,Churachandpur,20,3
Manipur,Imphal East,138,19
Manipur,Imphal West,240,26
Manipur,Senapati,15,22
Manipur,Tamenglong,33,2
Manipur,Thoubal,6,2
Meghalaya,East Garo Hills,1,0
Meghalaya,East Khasi Hills,4,4
Meghalaya,West Garo Hills,1,0
Mizoram,Aizawl,243,7
Mizoram,Champhai,211,0
Mizoram,Kolasib,0,2
Mizoram,Lunglei,1,0
Mizoram,Mammit,1,0
Mizoram,Saiha,2,0
Mizoram,Serchhip,18,0
Nagaland,Mokokchung,1,0
Nagaland,Wokha,1,0
Nagaland,Zunheboto,1,0
Odisha,Angul,3,0
Odisha,Balangir,2,3
Odisha,Baleswar,9,1
Odisha,Bargarh,5,7
Odisha,Bhadrak,7,2
Odisha,Boudh,7,0
Odisha,Cuttack,31,2
Odisha,Dhenkanal,4,0
Odisha,Gajapati,2,3
Odisha,Ganjam,30,3
Odisha,Jagatsinghapur,84,4
Odisha,Jajapur,88,82
Odisha,Jharsuguda,3,3
Odisha,Kalahandi,3,2
Odisha,Kandhamal,87,5
Odisha,Kendrapara,7,75
Odisha,Kendujhar,2291,286
Odisha,Khorda,45,27
Odisha,Koraput,0,1
Odisha,Malkangiri,2,0
Odisha,Mayurbhanj,4,1
Odisha,Nabarangapur,3,8
Odisha,Nayagarh,4,101
Odisha,Nuapada,0,9
Odisha,Puri,39,191
Odisha,Rayagada,40,3
Odisha,Sambalpur,2,43
Odisha,Sundergarh,7,10
Others,Others,0,3
Puducherry,Karaikal,8,3
Puducherry,Puducherry,27,3
Punjab,Amritsar,87,24
Punjab,Barnala,113,27
Punjab,Bathinda,129,23
Punjab,Faridkot,38,18
Punjab,Fatehgarh Sahib,85,14
Punjab,Fazilka,204,33
Punjab,Ferozepur,142,28
Punjab,Gurdaspur,157,38
Punjab,Hoshiarpur,99,21
Punjab,Jalandhar,212,58
Punjab,Kapurthala,46,24
Punjab,Ludhiana,386,87
Punjab,Mansa,60,17
Punjab,Moga,68,7
Punjab,Pathankot,41,16
Punjab,Patiala,156,34
Punjab,Rupnagar,18,2
Punjab,SAS Nagar (Mohali),120,10
Punjab,Sangrur,196,20
Punjab,Shaheed Bhagat Singh Nagar,24,6
Punjab,Sri Muktsar Sahib,147,21
Punjab,Tarn Taran,70,27
Rajasthan,Ajmer,143,83
Rajasthan,Alwar,119,49
Rajasthan,Banswara,387,55
Rajasthan,Baran,178,52
Rajasthan,Barmer,283,90
Rajasthan,Bharatpur,232,75
Rajasthan,Bhilwara,426,65
Rajasthan,Bikaner,162,17
Rajasthan,Bundi,183,15
Rajasthan,Chittorgarh,108,36
Rajasthan,Churu,258,94
Rajasthan,Dausa,138,28
Rajasthan,Dholpur,153,31
Rajasthan,Dungarpur,172,17
Rajasthan,Ganganagar,111,40
Rajasthan,Hanumangarh,312,79
Rajasthan,Jaipur,576,127
Rajasthan,Jaisalmer,24,31
Rajasthan,Jalor,251,22
Rajasthan,Jhalawar,501,114
Rajasthan,Jhunjhunun,78,22
Rajasthan,Jodhpur,553,57
Rajasthan,Karauli,200,14
Rajasthan,Kota,86,32
Rajasthan,Nagaur,618,93
Rajasthan,Pali,270,56
Rajasthan,Pratapgarh,46,15
Rajasthan,Rajsamand,34,40
Rajasthan,Sawai Madhopur,132,17
Rajasthan,Sikar,257,62
Rajasthan,Sirohi,36,19
Rajasthan,Tonk,278,69
Rajasthan,Udaipur,143,48
Sikkim,East Sikkim,1,8
Sikkim,South Sikkim,7,1
Tamil Nadu,Ariyalur,3,5
Tamil Nadu,Chennai,1844,35
Tamil Nadu,Coimbatore,81,18
Tamil Nadu,Cuddalore,518,13
Tamil Nadu,Dharmapuri,3,7
Tamil Nadu,Dindigul,234,13
Tamil Nadu,Erode,5,8
Tamil Nadu,Kancheepuram,511,46
Tamil Nadu,Kanniyakumari,51,2
Tamil Nadu,Karur,2,4
Tamil Nadu,Krishnagiri,54,98
Tamil Nadu,Madurai,176,3
Tamil Nadu,Nagapattinam,391,25
Tamil Nadu,Perambalur,141,29
Tamil Nadu,Pudukkottai,3,1
Tamil Nadu,Ramanathapuram,6,2
Tamil Nadu,Salem,14,27
Tamil Nadu,Sivaganga,27,1
Tamil Nadu,Thanjavur,262,8
Tamil Nadu,The Nilgiris,57,2
Tamil Nadu,Theni,229,2
Tamil Nadu,Thiruvarur,939,3
Tamil Nadu,Thoothukkudi,18,9
Tamil Nadu,Tiruchirappalli,21,2
Tamil Nadu,Tirunelveli,627,14
Tamil Nadu,Tiruppur,23,11
Tamil Nadu,Tiruvallur,673,36
Tamil Nadu,Tiruvannamalai,1153,40
Tamil Nadu,Vellore,159,172
Tamil Nadu,Villupuram,281,27
Tamil Nadu,Virudhunagar,187,0
Telangana,Adilabad,133,33
Telangana,Hyderabad,276,81
Telangana,K.v. Rangareddy,282,85
Telangana,Karimnagar,258,58
Telangana,Khammam,130,32
Telangana,Mahabubnagar,307,72
Telangana,Medak,196,59
Telangana,Nalgonda,187,49
Telangana,Nizamabad,73,19
Telangana,Warangal,244,34
Tripura,Dhalai,1,2
Tripura,Gomati,60,10
Tripura,Khowai,1,0
Tripura,North Tripura,8,6
Tripura,Sepahijala,26,11
Tripura,South Tripura,60,8
Tripura,Unakoti,13,5
Tripura,West Tripura,10,6
Uttar Pradesh,Agra,2357,418
Uttar Pradesh,Aligarh,2662,309
Uttar Pradesh,Allahabad,5530,320
Uttar Pradesh,Ambedkar Nagar,2635,191
Uttar Pradesh,Amethi,276,43
Uttar Pradesh,Amroha,2050,91
Uttar Pradesh,Auraiya,1327,94
Uttar Pradesh,Azamgarh,2681,156
Uttar Pradesh,Baghpat,688,57
Uttar Pradesh,Bahraich,1717,92
Uttar Pradesh,Ballia,2450,323
Uttar Pradesh,Balrampur,141,49
Uttar Pradesh,Banda,504,37
Uttar Pradesh,Bara Banki,1300,304
Uttar Pradesh,Bareilly,4921,2368
Uttar Pradesh,Basti,2151,82
Uttar Pradesh,Bijnor,2518,252
Uttar Pradesh,Budaun,5319,285
Uttar Pradesh,Bulandshahr,5796,228
Uttar Pradesh,Chandauli,725,23
Uttar Pradesh,Chitrakoot,127,13
Uttar Pradesh,Deoria,2731,217
Uttar Pradesh,Etah,1384,209
Uttar Pradesh,Etawah,502,78
Uttar Pradesh,Faizabad,1761,161
Uttar Pradesh,Farrukhabad,1789,268
Uttar Pradesh,Fatehpur,588,45
Uttar Pradesh,Firozabad,1817,240
Uttar Pradesh,Gautam Buddha Nagar,875,63
Uttar Pradesh,Ghaziabad,1490,495
Uttar Pradesh,Ghazipur,3810,162
Uttar Pradesh,Gonda,2075,377
Uttar Pradesh,Gorakhpur,4549,364
Uttar Pradesh,Hamirpur,136,16
Uttar Pradesh,Hapur,0,15
Uttar Pradesh,Hardoi,3304,207
Uttar Pradesh,Hathras,473,89
Uttar Pradesh,Jalaun,629,28
Uttar Pradesh,Jaunpur,4915,247
Uttar Pradesh,Jhansi,1287,197
Uttar Pradesh,Kannauj,1060,43
Uttar Pradesh,Kanpur Dehat,1823,93
Uttar Pradesh,Kanpur Nagar,2876,389
Uttar Pradesh,Kasganj,679,61
Uttar Pradesh,Kaushambi,791,70
Uttar Pradesh,Kheri,2739,246
Uttar Pradesh,Kushinagar,3184,280
Uttar Pradesh,Lalitpur,1166,90
Uttar Pradesh,Lucknow,2307,293
Uttar Pradesh,Maharajganj,1149,119
Uttar Pradesh,Mahoba,24,4
Uttar Pradesh,Mainpuri,935,117
Uttar Pradesh,Mathura,912,73
Uttar Pradesh,Mau,2990,178
Uttar Pradesh,Meerut,2424,373
Uttar Pradesh,Mirzapur,1611,107
Uttar Pradesh,Moradabad,4996,404
Uttar Pradesh,Muzaffarnagar,4666,654
Uttar Pradesh,Pilibhit,1570,1220
Uttar Pradesh,Pratapgarh,1769,153
Uttar Pradesh,Rae Bareli,575,106
Uttar Pradesh,Rampur,2541,178
Uttar Pradesh,Saharanpur,2202,485
Uttar Pradesh,Sambhal,2618,133
Uttar Pradesh,Sant Kabir Nagar,340,39
Uttar Pradesh,Sant Ravidas Nagar,695,63
Uttar Pradesh,Shahjahanpur,897,237
Uttar Pradesh,Shamli,1527,113
Uttar Pradesh,Shrawasti,280,14
Uttar Pradesh,Siddharthnagar,1859,195
Uttar Pradesh,Sitapur,2357,256
Uttar Pradesh,Sonbhadra,1864,97
Uttar Pradesh,Sultanpur,1731,244
Uttar Pradesh,Unnao,1292,227
Uttar Pradesh,Varanasi,1914,374
Uttarakhand,Almora,373,31
Uttarakhand,Bageshwar,16,1
Uttarakhand,Chamoli,48,3
Uttarakhand,Champawat,21,0
Uttarakhand,Dehradun,795,72
Uttarakhand,Haridwar,429,179
Uttarakhand,Nainital,375,131
Uttarakhand,Pauri Garhwal,650,44
Uttarakhand,Pithoragarh,488,18
Uttarakhand,Rudraprayag,12,2
Uttarakhand,Tehri Garhwal,54,14
Uttarakhand,Udham Singh Nagar,1818,195
Uttarakhand,Uttarkashi,112,11
West Bengal,Bankura,1983,336
West Bengal,Barddhaman,269,121
West Bengal,Birbhum,522,46
West Bengal,Cooch Behar,922,12
West Bengal,Dakshin Dinajpur,15,19
West Bengal,Darjeeling,658,78
West Bengal,Hooghly,202,12
West Bengal,Howrah,124,8
West Bengal,Jalpaiguri,4644,66
West Bengal,Kolkata,36,3
West Bengal,Malda,539,69
West Bengal,Murshidabad,1942,74
West Bengal,Nadia,29,31
West Bengal,North 24 Parganas,4033,245
West Bengal,Paschim Medinipur,3859,1016
West Bengal,Purba Medinipur,436,28
West Bengal,Puruliya,129,221
West Bengal,South 24 Parganas,3602,97
West Bengal,Uttar Dinajpur,53,13
