State,District,Aadhaar generated,Enrolment Rejected
Andaman and Nicobar Islands,Nicobar,1,0
Andaman and Nicobar Islands,North And Middle Andaman,3,0
Andaman and Nicobar Islands,South Andaman,2,0
Andhra Pradesh,Ananthapur,1243,334
Andhra Pradesh,Chittoor,1267,272
Andhra Pradesh,Cuddapah,1319,137
Andhra Pradesh,East Godavari,1188,185
Andhra Pradesh,Guntur,1491,210
Andhra Pradesh,Krishna,1234,128
Andhra Pradesh,Kurnool,1859,316
Andhra Pradesh,Nellore,645,203
Andhra Pradesh,Prakasam,685,127
Andhra Pradesh,Srikakulam,2076,223
Andhra Pradesh,Visakhapatnam,2026,442
Andhra Pradesh,Vizianagaram,1610,324
Andhra Pradesh,West Godavari,1070,196
Arunachal Pradesh,Anjaw,32,23
Arunachal Pradesh,Changlang,29,0
Arunachal Pradesh,Dibang Valley,482,3
Arunachal Pradesh,East Kameng,2,0
Arunachal Pradesh,East Siang,118,0
Arunachal Pradesh,Kurung Kumey,1,0
Arunachal Pradesh,Lohit,3,0
Arunachal Pradesh,Lower Dibang Valley,1178,6
Arunachal Pradesh,Lower Subansiri,66,2
Arunachal Pradesh,Namsai,2,0
Arunachal Pradesh,Papum Pare,2575,13
Arunachal Pradesh,Tawang,48,1
Arunachal Pradesh,Tirap,1929,8
Arunachal Pradesh,Upper Siang,3,0
Arunachal Pradesh,Upper Subansiri,38,1
Arunachal Pradesh,West Kameng,382,5
Arunachal Pradesh,West Siang,8,0
Assam,Baksa,23,0
Assam,Barpeta,56,0
Assam,Bongaigaon,19,1
Assam,Cachar,43,1
Assam,Chirang,21,1
Assam,Darrang,5,0
Assam,Dhemaji,12,0
Assam,Dhubri,28,1
Assam,Dibrugarh,26,0
Assam,Goalpara,10,2
Assam,Golaghat,547,0
Assam,Hailakandi,15,1
Assam,Jorhat,33,0
Assam,Kamrup,49,1
Assam,Kamrup Metro,14,0
Assam,Karbi Anglong,8,0
Assam,Karimganj,23,0
Assam,Kokrajhar,15,1
Assam,Lakhimpur,18,1
Assam,Marigaon,11,0
Assam,Nagaon,1269,12
Assam,Nalbari,16,1
Assam,North Cachar Hills,2,0
Assam,Sibsagar,15,1
Assam,Sonitpur,45,1
Assam,Tinsukia,77,0
Assam,Udalguri,39,0
Bihar,Araria,14910,402
Bihar,Arwal,455,39
Bihar,Aurangabad,18114,428
Bihar,Banka,9571,564
Bihar,Begusarai,23436,886
Bihar,Bhagalpur,16919,509
Bihar,Bhojpur,13177,507
Bihar,Buxar,5198,270
Bihar,Darbhanga,22842,929
Bihar,East Champaran,46059,845
Bihar,Gaya,39123,1232
Bihar,Gopalganj,14085,558
Bihar,Jamui,7035,278
Bihar,Jehanabad,4958,221
Bihar,Kaimur (Bhabua),5341,91
Bihar,Katihar,7708,301
Bihar,Khagaria,8162,334
Bihar,Kishanganj,523,96
Bihar,Lakhisarai,2374,101
Bihar,Madhepura,5951,113
Bihar,Madhubani,29818,586
Bihar,Munger,4588,219
Bihar,Muzaffarpur,28388,1134
Bihar,Nalanda,9419,479
Bihar,Nawada,9492,245
Bihar,Patna,21588,1595
Bihar,Purnia,21814,895
Bihar,Rohtas,10162,285
Bihar,Saharsa,5076,263
Bihar,Samastipur,29441,611
Bihar,Saran,28238,819
Bihar,Sheikhpura,966,141
Bihar,Sheohar,2436,100
Bihar,Sitamarhi,29249,557
Bihar,Siwan,33896,924
Bihar,Supaul,16529,477
Bihar,Vaishali,28145,871
Bihar,West Champaran,21643,720
Chandigarh,Chandigarh,190,23
Chhattisgarh,Balod,4611,124
Chhattisgarh,Baloda Bazar,8910,161
Chhattisgarh,Balrampur,314,8
Chhattisgarh,Bastar,4799,117
Chhattisgarh,Bemetara,15077,558
Chhattisgarh,Bijapur,1988,31
Chhattisgarh,Bilaspur,264,28
Chhattisgarh,Dakshin Bastar Dantewada,3888,129
Chhattisgarh,Dantewada,410,2
Chhattisgarh,Dhamtari,2352,212
Chhattisgarh,Durg,3335,389
Chhattisgarh,Gariyaband,10041,128
Chhattisgarh,Janjgir-champa,8849,631
Chhattisgarh,Jashpur,1225,4
Chhattisgarh,Kabeerdham,3329,60
Chhattisgarh,Kanker,3676,214
Chhattisgarh,Kawardha,3116,93
Chhattisgarh,Kondagaon,2973,196
Chhattisgarh,Korba,871,64
Chhattisgarh,Koriya,372,55
Chhattisgarh,Mahasamund,2576,84
Chhattisgarh,Mungeli,1,4
Chhattisgarh,Narayanpur,876,23
Chhattisgarh,Raigarh,12643,318
Chhattisgarh,Raipur,19750,499
Chhattisgarh,Rajnandgaon,4156,182
Chhattisgarh,Sukma,560,6
Chhattisgarh,Surajpur,5545,90
Chhattisgarh,Surguja,7282,354
Chhattisgarh,Uttar Bastar Kanker,3059,163
Dadra and Nagar Haveli,Dadra and Nagar Haveli,621,83
Daman and Diu,Daman,130,5
Daman and Diu,Diu,8,1
Delhi,Central Delhi,479,43
Delhi,East Delhi,772,164
Delhi,New Delhi,77,3
Delhi,North Delhi,283,54
Delhi,North East Delhi,1583,283
Delhi,North West Delhi,1928,368
Delhi,South Delhi,1737,214
Delhi,South West Delhi,1185,143
Delhi,West Delhi,911,133
Goa,North Goa,40,12
Goa,South Goa,223,24
Gujarat,Ahmedabad,9851,811
Gujarat,Amreli,1989,134
Gujarat,Anand,1253,76
Gujarat,Banaskantha,6580,288
Gujarat,Bharuch,957,167
Gujarat,Bhavnagar,4203,346
Gujarat,Dahod,902,88
Gujarat,Gandhinagar,1809,89
Gujarat,Jamnagar,2527,148
Gujarat,Junagadh,1398,143
Gujarat,Kachchh,1352,32
Gujarat,Kheda,2167,176
Gujarat,Mahesana,963,163
Gujarat,Narmada,491,17
Gujarat,Navsari,604,84
Gujarat,Panchmahals,2998,197
Gujarat,Patan,3785,324
Gujarat,Porbandar,1344,34
Gujarat,Rajkot,2461,169
Gujarat,Sabarkantha,2485,181
Gujarat,Surat,9685,857
Gujarat,Surendra Nagar,450,76
Gujarat,Tapi,1113,54
Gujarat,The Dangs,416,29
Gujarat,Vadodara,4471,258
Gujarat,Valsad,1127,100
Haryana,Ambala,716,72
Haryana,Bhiwani,5828,306
Haryana,Faridabad,2655,269
Haryana,Fatehabad,3128,163
Haryana,Gurgaon,2117,182
Haryana,Hisar,3856,204
Haryana,Jhajjar,1911,183
Haryana,Jind,8626,731
Haryana,Kaithal,2161,249
Haryana,Karnal,2203,241
Haryana,Kurukshetra,1745,139
Haryana,Mahendragarh,1543,194
Haryana,Mewat,8291,650
Haryana,Palwal,2005,173
Haryana,Panchkula,185,40
Haryana,Panipat,3665,396
Haryana,Rewari,676,33
Haryana,Rohtak,1542,101
Haryana,Sirsa,1539,223
Haryana,Sonipat,1714,152
Haryana,Yamuna Nagar,1220,142
Himachal Pradesh,Bilaspur,14,2
Himachal Pradesh,Chamba,61,6
Himachal Pradesh,Hamirpur,44,9
Himachal Pradesh,Kangra,301,39
Himachal Pradesh,Kinnaur,20,2
Himachal Pradesh,Kullu,25,2
Himachal Pradesh,Lahul and Spiti,1,0
Himachal Pradesh,Mandi,38,5
Himachal Pradesh,Shimla,51,8
Himachal Pradesh,Sirmaur,74,23
Himachal Pradesh,Solan,124,13
Himachal Pradesh,Una,18,4
Jammu and Kashmir,Anantnag,14950,134
Jammu and Kashmir,Badgam,2954,58
Jammu and Kashmir,Bandipore,18,1
Jammu and Kashmir,Baramula,186,8
Jammu and Kashmir,Doda,179,2
Jammu and Kashmir,Ganderbal,8,0
Jammu and Kashmir,Jammu,1548,117
Jammu and Kashmir,Kargil,21,4
Jammu and Kashmir,Kathua,377,8
Jammu and Kashmir,Kishtwar,21,5
Jammu and Kashmir,Kulgam,11,29
Jammu and Kashmir,Kupwara,10,1
Jammu and Kashmir,Leh,25,7
Jammu and Kashmir,Pulwama,4598,11
Jammu and Kashmir,Punch,2178,16
Jammu and Kashmir,Rajouri,225,5
Jammu and Kashmir,Ramban,88,25
Jammu and Kashmir,Reasi,81,1
Jammu and Kashmir,Samba,23,0
Jammu and Kashmir,Shupiyan,1,1
Jammu and Kashmir,Srinagar,30,1
Jammu and Kashmir,Udhampur,677,142
Jharkhand,Bokaro,1316,364
Jharkhand,Chatra,1367,410
Jharkhand,Deoghar,1076,162
Jharkhand,Dhanbad,929,165
Jharkhand,Dumka,300,115
Jharkhand,East Singhbhum,888,109
Jharkhand,Garhwa,1118,231
Jharkhand,Giridih,1680,325
Jharkhand,Godda,1674,330
Jharkhand,Gumla,532,143
Jharkhand,Hazaribagh,506,152
Jharkhand,Jamtara,303,77
Jharkhand,Khunti,177,28
Jharkhand,Koderma,689,141
Jharkhand,Latehar,166,76
Jharkhand,Lohardaga,171,65
Jharkhand,Pakur,275,100
Jharkhand,Palamu,265,114
Jharkhand,Ramgarh,392,115
Jharkhand,Ranchi,1271,356
Jharkhand,Sahebganj,666,143
Jharkhand,Seraikela-Kharsawan,190,76
Jharkhand,Simdega,141,27
Jharkhand,West Singhbhum,495,192
Karnataka,Bagalkot,844,152
Karnataka,Bangalore,6260,684
Karnataka,Bangalore Rural,604,173
Karnataka,Belgaum,3922,214
Karnataka,Bellary,2226,295
Karnataka,Bidar,2740,399
Karnataka,Bijapur,107,19
Karnataka,Chamrajanagar,442,18
Karnataka,Chickmagalur,728,13
Karnataka,Chikkaballapur,2470,518
Karnataka,Chitradurga,4181,523
Karnataka,Dakshina Kannada,165,93
Karnataka,Davangere,1987,196
Karnataka,Dharwad,884,195
Karnataka,Gadag,796,66
Karnataka,Gulbarga,1239,192
Karnataka,Hassan,1202,69
Karnataka,Haveri,2512,890
Karnataka,Kodagu,29,2
Karnataka,Kolar,1194,277
Karnataka,Koppal,237,13
Karnataka,Mandya,1537,186
Karnataka,Mysore,500,50
Karnataka,Raichur,3960,198
Karnataka,Ramanagar,122,21
Karnataka,Shimoga,933,33
Karnataka,Tumkur,773,181
Karnataka,Udupi,1634,68
Karnataka,Uttara Kannada,87,7
Karnataka,Yadgir,108,18
Kerala,Alappuzha,844,46
Kerala,Ernakulam,1167,42
Kerala,Idukki,720,173
Kerala,Kannur,1530,58
Kerala,Kasaragod,636,21
Kerala,Kollam,1220,72
Kerala,Kottayam,785,24
Kerala,Kozhikode,1476,87
Kerala,Malappuram,1696,84
Kerala,Palakkad,1135,80
Kerala,Pathanamthitta,583,11
Kerala,Thiruvananthapuram,1544,154
Kerala,Thrissur,870,45
Kerala,Wayanad,315,20
Lakshadweep,Lakshadweep,5,1
Madhya Pradesh,Alirajpur,1044,65
Madhya Pradesh,Anuppur,2278,194
Madhya Pradesh,Ashok Nagar,430,38
Madhya Pradesh,Balaghat,2767,247
Madhya Pradesh,Barwani,2920,204
Madhya Pradesh,Betul,882,106
Madhya Pradesh,Bhind,1456,141
Madhya Pradesh,Bhopal,1689,349
Madhya Pradesh,Burhanpur,204,53
Madhya Pradesh,Chhatarpur,2645,199
Madhya Pradesh,Chhindwara,5699,513
Madhya Pradesh,Damoh,3028,166
Madhya Pradesh,Datia,737,67
Madhya Pradesh,Dewas,2290,313
Madhya Pradesh,Dhar,3456,272
Madhya Pradesh,Dindori,325,49
Madhya Pradesh,Guna,1614,157
Madhya Pradesh,Gwalior,2295,311
Madhya Pradesh,Harda,136,25
Madhya Pradesh,Hoshangabad,398,51
Madhya Pradesh,Indore,2159,290
Madhya Pradesh,Jabalpur,944,194
Madhya Pradesh,Jhabua,1631,105
Madhya Pradesh,Katni,915,68
Madhya Pradesh,Khandwa,565,96
Madhya Pradesh,Khargone,4765,272
Madhya Pradesh,Mandla,848,92
Madhya Pradesh,Mandsaur,1211,227
Madhya Pradesh,Morena,3538,228
Madhya Pradesh,Narsinghpur,554,79
Madhya Pradesh,Neemuch,1051,213
Madhya Pradesh,Panna,943,38
Madhya Pradesh,Raisen,1089,130
Madhya Pradesh,Rajgarh,3866,302
Madhya Pradesh,Ratlam,2153,257
Madhya Pradesh,Rewa,2529,245
Madhya Pradesh,Sagar,5706,554
Madhya Pradesh,Satna,2950,228
Madhya Pradesh,Sehore,1504,156
Madhya Pradesh,Seoni,2123,159
Madhya Pradesh,Shahdol,2683,135
Madhya Pradesh,Shajapur,1358,296
Madhya Pradesh,Sheopur,1724,36
Madhya Pradesh,Shivpuri,3278,261
Madhya Pradesh,Sidhi,1454,104
Madhya Pradesh,Singrauli,1537,101
Madhya Pradesh,Tikamgarh,1379,90
Madhya Pradesh,Ujjain,1673,158
Madhya Pradesh,Umaria,1098,59
Madhya Pradesh,Vidisha,636,131
Maharashtra,Ahmadnagar,3125,397
Maharashtra,Akola,1401,259
Maharashtra,Amravati,742,178
Maharashtra,Aurangabad,2955,438
Maharashtra,Beed,4020,561
Maharashtra,Bhandara,729,122
Maharashtra,Buldhana,2753,278
Maharashtra,Chandrapur,1209,208
Maharashtra,Dhule,1115,190
Maharashtra,Gadchiroli,774,142
Maharashtra,Gondiya,378,62
Maharashtra,Hingoli,3200,324
Maharashtra,Jalgaon,2039,372
Maharashtra,Jalna,1852,474
Maharashtra,Kolhapur,5621,815
Maharashtra,Latur,1670,403
Maharashtra,Mumbai,3536,327
Maharashtra,Nagpur,1561,214
Maharashtra,Nanded,4488,618
Maharashtra,Nandurbar,1061,211
Maharashtra,Nashik,2937,430
Maharashtra,Osmanabad,1885,239
Maharashtra,Palghar,770,103
Maharashtra,Parbhani,3576,420
Maharashtra,Pune,3874,439
Maharashtra,Raigarh,1594,104
Maharashtra,Ratnagiri,1620,78
Maharashtra,Sangli,1029,109
Maharashtra,Satara,1870,191
Maharashtra,Sindhudurg,795,67
Maharashtra,Solapur,4430,414
Maharashtra,Thane,3017,235
Maharashtra,Wardha,500,51
Maharashtra,Washim,903,101
Maharashtra,Yavatmal,2975,368
Manipur,Bishnupur,71,1
Manipur,Chandel,29,14
Manipur,Churachandpur,257,15
Manipur,Imphal East,456,31
Manipur,Imphal West,958,41
Manipur,Senapati,54,0
Manipur,Tamenglong,302,5
Manipur,Thoubal,47,1
Manipur,Ukhrul,12,0
Meghalaya,East Khasi Hills,31,1
Meghalaya,Jaintia Hills,3,0
Meghalaya,West Garo Hills,9,0
Meghalaya,West Khasi Hills,5,0
Mizoram,Aizawl,234,57
Mizoram,Champhai,24,5
Mizoram,Kolasib,1,3
Mizoram,Lawngtlai,72,0
Mizoram,Lunglei,12,1
Mizoram,Mammit,18,0
Mizoram,Saiha,39,3
Mizoram,Serchhip,4,0
Nagaland,Dimapur,14,1
Nagaland,Kiphire,1,0
Nagaland,Kohima,13,2
Nagaland,Longleng,1,0
Nagaland,Mokokchung,10,0
Nagaland,Mon,4,12
Nagaland,Peren,2,0
Nagaland,Phek,186,61
Nagaland,Tuensang,97,11
Nagaland,Wokha,3,0
Nagaland,Zunheboto,3,0
Odisha,Angul,17,24
Odisha,Balangir,606,28
Odisha,Baleswar,65,43
Odisha,Bargarh,290,6
Odisha,Bhadrak,57,15
Odisha,Boudh,58,1
Odisha,Cuttack,1313,105
Odisha,Debagarh,159,8
Odisha,Dhenkanal,61,8
Odisha,Gajapati,62,14
Odisha,Ganjam,909,174
Odisha,Jagatsinghapur,972,101
Odisha,Jajapur,193,300
Odisha,Jharsuguda,84,35
Odisha,Kalahandi,1406,27
Odisha,Kandhamal,29,8
Odisha,Kendrapara,2985,846
Odisha,Kendujhar,2280,902
Odisha,Khorda,730,361
Odisha,Koraput,3249,160
Odisha,Malkangiri,77,0
Odisha,Mayurbhanj,154,18
Odisha,Nabarangapur,80,3
Odisha,Nayagarh,1836,775
Odisha,Nuapada,2736,163
Odisha,Puri,1838,449
Odisha,Rayagada,154,0
Odisha,Sambalpur,3753,235
Odisha,Sonapur,8,32
Odisha,Sundergarh,1068,144
Others,Others,60,3
Puducherry,Karaikal,266,21
Puducherry,Puducherry,561,35
Punjab,Amritsar,1449,240
Punjab,Barnala,329,49
Punjab,Bathinda,1167,116
Punjab,Faridkot,371,47
Punjab,Fatehgarh Sahib,348,35
Punjab,Fazilka,1874,203
Punjab,Ferozepur,1220,104
Punjab,Gurdaspur,1821,146
Punjab,Hoshiarpur,1176,64
Punjab,Jalandhar,2512,174
Punjab,Kapurthala,1439,88
Punjab,Ludhiana,5301,386
Punjab,Mansa,267,53
Punjab,Moga,264,56
Punjab,Pathankot,313,24
Punjab,Patiala,824,106
Punjab,Rupnagar,279,48
Punjab,SAS Nagar (Mohali),565,46
Punjab,Sangrur,1002,115
Punjab,Shaheed Bhagat Singh Nagar,452,34
Punjab,Sri Muktsar Sahib,1031,99
Punjab,Tarn Taran,841,91
Rajasthan,Ajmer,1579,206
Rajasthan,Alwar,2161,269
Rajasthan,Banswara,2410,383
Rajasthan,Baran,3351,356
Rajasthan,Barmer,2215,649
Rajasthan,Bharatpur,5986,549
Rajasthan,Bhilwara,3181,314
Rajasthan,Bikaner,2212,232
Rajasthan,Bundi,1690,125
Rajasthan,Chittorgarh,725,214
Rajasthan,Churu,1476,162
Rajasthan,Dausa,559,100
Rajasthan,Dholpur,1824,293
Rajasthan,Dungarpur,2717,326
Rajasthan,Ganganagar,2104,206
Rajasthan,Hanumangarh,2908,304
Rajasthan,Jaipur,6809,742
Rajasthan,Jaisalmer,1123,274
Rajasthan,Jalor,1520,177
Rajasthan,Jhalawar,3636,329
Rajasthan,Jhunjhunun,1492,133
Rajasthan,Jodhpur,2729,341
Rajasthan,Karauli,4380,414
Rajasthan,Kota,1675,365
Rajasthan,Nagaur,4025,372
Rajasthan,Pali,1688,174
Rajasthan,Pratapgarh,447,72
Rajasthan,Rajsamand,1073,195
Rajasthan,Sawai Madhopur,2121,187
Rajasthan,Sikar,2395,245
Rajasthan,Sirohi,969,126
Rajasthan,Tonk,2146,315
Rajasthan,Udaipur,2110,491
Sikkim,East Sikkim,92,7
Sikkim,North Sikkim,4,0
Sikkim,South Sikkim,70,5
Sikkim,West Sikkim,24,1
Tamil Nadu,Ariyalur,65,0
Tamil Nadu,Chennai,2353,228
Tamil Nadu,Coimbatore,1635,47
Tamil Nadu,Cuddalore,4035,370
Tamil Nadu,Dharmapuri,1238,40
Tamil Nadu,Dindigul,2582,142
Tamil Nadu,Erode,1210,139
Tamil Nadu,Kancheepuram,6837,138
Tamil Nadu,Kanniyakumari,2125,48
Tamil Nadu,Karur,580,30
Tamil Nadu,Krishnagiri,5632,325
Tamil Nadu,Madurai,2690,100
Tamil Nadu,Nagapattinam,150,7
Tamil Nadu,Namakkal,3464,256
Tamil Nadu,Perambalur,889,38
Tamil Nadu,Pudukkottai,610,17
Tamil Nadu,Ramanathapuram,641,52
Tamil Nadu,Salem,2204,80
Tamil Nadu,Sivaganga,944,53
Tamil Nadu,Thanjavur,1648,28
Tamil Nadu,The Nilgiris,523,95
Tamil Nadu,Theni,1676,75
Tamil Nadu,Thiruvarur,577,2
Tamil Nadu,Thoothukkudi,4057,47
Tamil Nadu,Tiruchirappalli,2032,60
Tamil Nadu,Tirunelveli,2807,92
Tamil Nadu,Tiruppur,1545,40
Tamil Nadu,Tiruvallur,5015,457
Tamil Nadu,Tiruvannamalai,5270,469
Tamil Nadu,Vellore,7371,848
Tamil Nadu,Villupuram,4385,327
Tamil Nadu,Virudhunagar,2369,39
Telangana,Adilabad,1908,215
Telangana,Hyderabad,2003,310
Telangana,K.v. Rangareddy,3200,384
Telangana,Karimnagar,2485,288
Telangana,Khammam,1496,199
Telangana,Mahabubnagar,4654,450
Telangana,Medak,2167,236
Telangana,Nalgonda,3838,343
Telangana,Nizamabad,1316,281
Telangana,Warangal,1895,185
Tripura,Dhalai,176,10
Tripura,Gomati,210,8
Tripura,Khowai,47,2
Tripura,North Tripura,260,32
Tripura,Sepahijala,110,7
Tripura,South Tripura,736,64
Tripura,Unakoti,114,7
Tripura,West Tripura,129,12
Uttar Pradesh,Agra,15689,1962
Uttar Pradesh,Aligarh,14073,1527
Uttar Pradesh,Allahabad,33274,1849
Uttar Pradesh,Ambedkar Nagar,19790,911
Uttar Pradesh,Amethi,5973,250
Uttar Pradesh,Amroha,7594,484
Uttar Pradesh,Auraiya,10444,686
Uttar Pradesh,Azamgarh,30348,1090
Uttar Pradesh,Baghpat,3181,203
Uttar Pradesh,Bahraich,9398,184
Uttar Pradesh,Ballia,17212,1176
Uttar Pradesh,Balrampur,1154,56
Uttar Pradesh,Banda,3313,140
Uttar Pradesh,Bara Banki,15459,1073
Uttar Pradesh,Bareilly,30516,2537
Uttar Pradesh,Basti,12752,768
Uttar Pradesh,Bijnor,6413,975
Uttar Pradesh,Budaun,26116,707
Uttar Pradesh,Bulandshahr,24740,882
Uttar Pradesh,Chandauli,6071,248
Uttar Pradesh,Chitrakoot,469,40
Uttar Pradesh,Deoria,26489,1182
Uttar Pradesh,Etah,16923,527
Uttar Pradesh,Etawah,5109,560
Uttar Pradesh,Faizabad,20856,1012
Uttar Pradesh,Farrukhabad,9356,467
Uttar Pradesh,Fatehpur,8011,280
Uttar Pradesh,Firozabad,13888,1455
Uttar Pradesh,Gautam Buddha Nagar,4542,301
Uttar Pradesh,Ghaziabad,10576,831
Uttar Pradesh,Ghazipur,21962,790
Uttar Pradesh,Gonda,15022,573
Uttar Pradesh,Gorakhpur,32626,1902
Uttar Pradesh,Hamirpur,2355,139
Uttar Pradesh,Hapur,5,50
Uttar Pradesh,Hardoi,22786,721
Uttar Pradesh,Hathras,4650,510
Uttar Pradesh,Jalaun,3766,130
Uttar Pradesh,Jaunpur,37011,1043
Uttar Pradesh,Jhansi,10137,736
Uttar Pradesh,Kannauj,9380,582
Uttar Pradesh,Kanpur Dehat,13422,510
Uttar Pradesh,Kanpur Nagar,20113,1730
Uttar Pradesh,Kasganj,9996,355
Uttar Pradesh,Kaushambi,12672,414
Uttar Pradesh,Kheri,31762,839
Uttar Pradesh,Kushinagar,23662,768
Uttar Pradesh,Lalitpur,5455,325
Uttar Pradesh,Lucknow,10205,1100
Uttar Pradesh,Maharajganj,18122,1177
Uttar Pradesh,Mahoba,571,110
Uttar Pradesh,Mainpuri,4915,294
Uttar Pradesh,Mathura,7570,679
Uttar Pradesh,Mau,21547,774
Uttar Pradesh,Meerut,23053,2089
Uttar Pradesh,Mirzapur,10167,674
Uttar Pradesh,Moradabad,23877,1243
Uttar Pradesh,Muzaffarnagar,21952,1061
Uttar Pradesh,Pilibhit,9674,1019
Uttar Pradesh,Pratapgarh,11809,914
Uttar Pradesh,Rae Bareli,7438,709
Uttar Pradesh,Rampur,20164,784
Uttar Pradesh,Saharanpur,20271,1669
Uttar Pradesh,Sambhal,12314,390
Uttar Pradesh,Sant Kabir Nagar,2987,378
Uttar Pradesh,Sant Ravidas Nagar,6177,687
Uttar Pradesh,Shahjahanpur,15184,1168
Uttar Pradesh,Shamli,10820,313
Uttar Pradesh,Shrawasti,2156,67
Uttar Pradesh,Siddharthnagar,9763,412
Uttar Pradesh,Sitapur,19508,856
Uttar Pradesh,Sonbhadra,11314,447
Uttar Pradesh,Sultanpur,23253,784
Uttar Pradesh,Unnao,14141,950
Uttar Pradesh,Varanasi,13359,1180
Uttarakhand,Almora,2055,34
Uttarakhand,Bageshwar,93,3
Uttarakhand,Chamoli,461,12
Uttarakhand,Champawat,106,2
Uttarakhand,Dehradun,5877,352
Uttarakhand,Haridwar,8178,520
Uttarakhand,Nainital,6278,267
Uttarakhand,Pauri Garhwal,8050,115
Uttarakhand,Pithoragarh,3329,35
Uttarakhand,Rudraprayag,278,1
Uttarakhand,Tehri Garhwal,872,24
Uttarakhand,Udham Singh Nagar,4406,624
Uttarakhand,Uttarkashi,2227,23
West Bengal,Bankura,7110,1729
West Bengal,Barddhaman,4675,1531
West Bengal,Birbhum,3346,120
West Bengal,Cooch Behar,846,26
West Bengal,Dakshin Dinajpur,3220,52
West Bengal,Darjeeling,987,83
West Bengal,Hooghly,1884,162
West Bengal,Howrah,446,31
West Bengal,Jalpaiguri,5217,150
West Bengal,Kolkata,305,24
West Bengal,Malda,3110,97
West Bengal,Murshidabad,12215,707
West Bengal,Nadia,3718,56
West Bengal,North 24 Parganas,9457,1014
West Bengal,Paschim Medinipur,6304,2704
West Bengal,Purba Medinipur,2298,257
West Bengal,Puruliya,890,929
West Bengal,South 24 Parganas,32449,783
West Bengal,Uttar Dinajpur,955,28
