State,District,Aadhaar generated,Enrolment Rejected
Andhra Pradesh,Ananthapur,0,2
Andhra Pradesh,Cuddapah,0,1
Andhra Pradesh,East Godavari,0,3
Andhra Pradesh,Krishna,0,1
Andhra Pradesh,Srikakulam,0,2
Andhra Pradesh,Visakhapatnam,0,7
Andhra Pradesh,West Godavari,0,4
Arunachal Pradesh,Papum Pare,0,4
Assam,Dhemaji,0,1
Assam,Kamrup,0,1
Assam,Karimganj,0,1
Assam,Udalguri,0,1
Bihar,Araria,0,10
Bihar,Arwal,0,1
Bihar,Aurangabad,0,14
Bihar,Banka,0,23
Bihar,Begusarai,0,17
Bihar,Bhagalpur,0,21
Bihar,Bhojpur,0,22
Bihar,Buxar,0,2
Bihar,Darbhanga,0,9
Bihar,East Champaran,0,21
Bihar,Gaya,0,30
Bihar,Gopalganj,0,26
Bihar,Jamui,0,22
Bihar,Jehanabad,0,18
Bihar,Kaimur (Bhabua),0,12
Bihar,Katihar,0,9
Bihar,Khagaria,0,7
Bihar,Kishanganj,0,1
Bihar,Madhepura,0,5
Bihar,Madhubani,0,14
Bihar,Munger,0,43
Bihar,Muzaffarpur,0,102
Bihar,Nalanda,0,40
Bihar,Nawada,0,9
Bihar,Patna,0,127
Bihar,Purnia,0,22
Bihar,Rohtas,0,12
Bihar,Saharsa,0,9
Bihar,Samastipur,0,55
Bihar,Saran,0,37
Bihar,Sheikhpura,0,2
Bihar,Sheohar,0,2
Bihar,Sitamarhi,0,22
Bihar,Siwan,0,18
Bihar,Supaul,0,28
Bihar,Vaishali,0,49
Bihar,West Champaran,0,13
Chhattisgarh,Baloda Bazar,0,4
Chhattisgarh,Bastar,0,1
Chhattisgarh,Bemetara,0,20
Chhattisgarh,Bilaspur,0,31
Chhattisgarh,Dakshin Bastar Dantewada,0,1
Chhattisgarh,Dhamtari,0,2
Chhattisgarh,Durg,0,103
Chhattisgarh,Gariyaband,0,2
Chhattisgarh,Janjgir-champa,0,1
Chhattisgarh,Kabeerdham,0,1
Chhattisgarh,Kanker,0,6
Chhattisgarh,Kondagaon,0,2
Chhattisgarh,Korba,0,98
Chhattisgarh,Koriya,0,6
Chhattisgarh,Raigarh,0,7
Chhattisgarh,Raipur,0,37
Chhattisgarh,Rajnandgaon,0,5
Chhattisgarh,Surguja,0,28
Chhattisgarh,Uttar Bastar Kanker,0,1
Delhi,Central Delhi,0,16
Delhi,East Delhi,0,14
Delhi,New Delhi,0,1
Delhi,North Delhi,0,7
Delhi,North East Delhi,0,63
Delhi,North West Delhi,0,27
Delhi,South Delhi,0,37
Delhi,South West Delhi,0,53
Delhi,West Delhi,0,31
Goa,North Goa,0,3
Goa,South Goa,0,7
Gujarat,Ahmedabad,0,18
Gujarat,Banaskantha,0,3
Gujarat,Bharuch,0,6
Gujarat,Bhavnagar,0,1
Gujarat,Dahod,0,1
Gujarat,Gandhinagar,0,3
Gujarat,Jamnagar,0,8
Gujarat,Junagadh,0,3
Gujarat,Kachchh,0,2
Gujarat,Kheda,0,18
Gujarat,Mahesana,0,11
Gujarat,Narmada,0,2
Gujarat,Navsari,0,9
Gujarat,Panchmahals,0,14
Gujarat,Patan,0,2
Gujarat,Rajkot,0,24
Gujarat,Sabarkantha,0,3
Gujarat,Surat,0,20
Gujarat,Surendra Nagar,0,21
Gujarat,Vadodara,0,13
Gujarat,Valsad,0,3
Haryana,Ambala,0,4
Haryana,Bhiwani,0,5
Haryana,Faridabad,0,8
Haryana,Fatehabad,0,2
Haryana,Gurgaon,0,28
Haryana,Hisar,0,22
Haryana,Jhajjar,0,7
Haryana,Jind,0,94
Haryana,Kaithal,0,17
Haryana,Karnal,0,14
Haryana,Kurukshetra,0,3
Haryana,Mahendragarh,0,5
Haryana,Mewat,0,38
Haryana,Palwal,0,4
Haryana,Panchkula,0,2
Haryana,Panipat,0,3
Haryana,Rewari,0,12
Haryana,Rohtak,0,14
Haryana,Sirsa,0,5
Haryana,Sonipat,0,19
Haryana,Yamuna Nagar,0,65
Himachal Pradesh,Bilaspur,0,1
Himachal Pradesh,Hamirpur,0,1
Himachal Pradesh,Kullu,0,4
Himachal Pradesh,Sirmaur,0,2
Himachal Pradesh,Solan,0,7
Jammu and Kashmir,Anantnag,0,2
Jammu and Kashmir,Kargil,0,2
Jammu and Kashmir,Kishtwar,0,1
Jammu and Kashmir,Kulgam,0,2
Jammu and Kashmir,Leh,0,2
Jammu and Kashmir,Punch,0,8
Jammu and Kashmir,Reasi,0,2
Jammu and Kashmir,Samba,0,4
Jammu and Kashmir,Shupiyan,0,1
Jharkhand,Bokaro,0,26
Jharkhand,Chatra,0,17
Jharkhand,Deoghar,0,4
Jharkhand,Dhanbad,0,2
Jharkhand,East Singhbhum,0,4
Jharkhand,Garhwa,0,4
Jharkhand,Giridih,0,17
Jharkhand,Godda,0,5
Jharkhand,Gumla,0,6
Jharkhand,Hazaribagh,0,9
Jharkhand,Jamtara,0,8
Jharkhand,Khunti,0,3
Jharkhand,Koderma,0,3
Jharkhand,Latehar,0,7
Jharkhand,Lohardaga,0,3
Jharkhand,Pakur,0,1
Jharkhand,Palamu,0,7
Jharkhand,Ramgarh,0,23
Jharkhand,Ranchi,0,26
Jharkhand,Sahebganj,0,3
Jharkhand,Seraikela-Kharsawan,0,9
Jharkhand,West Singhbhum,0,42
Karnataka,Bagalkot,0,2
Karnataka,Bangalore,0,27
Karnataka,Belgaum,0,36
Karnataka,Bellary,0,3
Karnataka,Bidar,0,3
Karnataka,Chamrajanagar,0,4
Karnataka,Chitradurga,0,25
Karnataka,Davangere,0,49
Karnataka,Dharwad,0,29
Karnataka,Gadag,0,4
Karnataka,Hassan,0,4
Karnataka,Haveri,0,1
Karnataka,Kolar,0,21
Karnataka,Koppal,0,1
Karnataka,Mandya,0,21
Karnataka,Mysore,0,11
Karnataka,Raichur,0,12
Karnataka,Ramanagar,0,3
Karnataka,Shimoga,0,2
Karnataka,Tumkur,0,11
Karnataka,Udupi,0,6
Karnataka,Uttara Kannada,0,2
Karnataka,Yadgir,0,1
Kerala,Alappuzha,0,11
Kerala,Ernakulam,0,61
Kerala,Idukki,0,1
Kerala,Kannur,0,71
Kerala,Kasaragod,0,4
Kerala,Kollam,0,20
Kerala,Kottayam,0,18
Kerala,Kozhikode,0,5
Kerala,Malappuram,0,9
Kerala,Palakkad,0,9
Kerala,Pathanamthitta,0,5
Kerala,Thiruvananthapuram,0,29
Kerala,Thrissur,0,5
Kerala,Wayanad,0,5
Madhya Pradesh,Alirajpur,0,2
Madhya Pradesh,Anuppur,0,16
Madhya Pradesh,Ashok Nagar,0,9
Madhya Pradesh,Balaghat,0,11
Madhya Pradesh,Barwani,0,1
Madhya Pradesh,Betul,0,30
Madhya Pradesh,Bhind,0,10
Madhya Pradesh,Bhopal,0,1
Madhya Pradesh,Burhanpur,0,2
Madhya Pradesh,Chhatarpur,0,3
Madhya Pradesh,Chhindwara,0,16
Madhya Pradesh,Damoh,0,4
Madhya Pradesh,Dewas,0,21
Madhya Pradesh,Dhar,0,6
Madhya Pradesh,Dindori,0,5
Madhya Pradesh,Guna,0,1
Madhya Pradesh,Gwalior,0,21
Madhya Pradesh,Hoshangabad,0,1
Madhya Pradesh,Indore,0,4
Madhya Pradesh,Jabalpur,0,20
Madhya Pradesh,Jhabua,0,3
Madhya Pradesh,Khargone,0,7
Madhya Pradesh,Mandla,0,10
Madhya Pradesh,Mandsaur,0,4
Madhya Pradesh,Morena,0,16
Madhya Pradesh,Narsinghpur,0,12
Madhya Pradesh,Neemuch,0,19
Madhya Pradesh,Panna,0,2
Madhya Pradesh,Raisen,0,8
Madhya Pradesh,Rajgarh,0,5
Madhya Pradesh,Ratlam,0,1
Madhya Pradesh,Rewa,0,10
Madhya Pradesh,Sagar,0,2
Madhya Pradesh,Satna,0,6
Madhya Pradesh,Sehore,0,12
Madhya Pradesh,Seoni,0,5
Madhya Pradesh,Shahdol,0,12
Madhya Pradesh,Shajapur,0,1
Madhya Pradesh,Sheopur,0,1
Madhya Pradesh,Shivpuri,0,8
Madhya Pradesh,Sidhi,0,8
Madhya Pradesh,Singrauli,0,2
Madhya Pradesh,Tikamgarh,0,2
Madhya Pradesh,Ujjain,0,2
Madhya Pradesh,Umaria,0,1
Madhya Pradesh,Vidisha,0,4
Maharashtra,Ahmadnagar,0,23
Maharashtra,Akola,0,15
Maharashtra,Amravati,0,1
Maharashtra,Aurangabad,0,33
Maharashtra,Beed,0,32
Maharashtra,Bhandara,0,15
Maharashtra,Buldhana,0,4
Maharashtra,Chandrapur,0,30
Maharashtra,Dhule,0,11
Maharashtra,Gadchiroli,0,8
Maharashtra,Gondiya,0,8
Maharashtra,Hingoli,0,7
Maharashtra,Jalgaon,0,7
Maharashtra,Jalna,0,11
Maharashtra,Kolhapur,0,13
Maharashtra,Latur,0,17
Maharashtra,Mumbai,0,46
Maharashtra,Nagpur,0,11
Maharashtra,Nanded,0,17
Maharashtra,Nandurbar,0,6
Maharashtra,Nashik,0,45
Maharashtra,Osmanabad,0,9
Maharashtra,Palghar,0,5
Maharashtra,Parbhani,0,35
Maharashtra,Pune,0,46
Maharashtra,Raigarh,0,23
Maharashtra,Ratnagiri,0,5
Maharashtra,Sangli,0,8
Maharashtra,Satara,0,10
Maharashtra,Sindhudurg,0,5
Maharashtra,Solapur,0,19
Maharashtra,Thane,0,27
Maharashtra,Wardha,0,4
Maharashtra,Washim,0,13
Maharashtra,Yavatmal,0,11
Manipur,Churachandpur,0,7
Manipur,Imphal East,0,5
Manipur,Imphal West,0,9
Odisha,Angul,0,1
Odisha,Baleswar,0,2
Odisha,Bhadrak,0,12
Odisha,Boudh,0,2
Odisha,Cuttack,0,8
Odisha,Jajapur,0,379
Odisha,Kandhamal,0,261
Odisha,Kendrapara,0,6
Odisha,Kendujhar,0,500
Odisha,Khorda,0,22
Odisha,Mayurbhanj,0,1
Punjab,Amritsar,0,28
Punjab,Barnala,0,4
Punjab,Bathinda,0,5
Punjab,Fazilka,0,24
Punjab,Ferozepur,0,2
Punjab,Gurdaspur,0,6
Punjab,Hoshiarpur,0,23
Punjab,Jalandhar,0,62
Punjab,Kapurthala,0,5
Punjab,Ludhiana,0,34
Punjab,Patiala,0,27
Punjab,Rupnagar,0,6
Punjab,SAS Nagar (Mohali),0,3
Punjab,Sangrur,0,22
Punjab,Shaheed Bhagat Singh Nagar,0,2
Punjab,Sri Muktsar Sahib,0,11
Punjab,Tarn Taran,0,15
Rajasthan,Ajmer,0,16
Rajasthan,Alwar,0,29
Rajasthan,Banswara,0,5
Rajasthan,Baran,0,3
Rajasthan,Barmer,0,90
Rajasthan,Bharatpur,0,16
Rajasthan,Bhilwara,0,7
Rajasthan,Bikaner,0,2
Rajasthan,Bundi,0,4
Rajasthan,Chittorgarh,0,73
Rajasthan,Churu,0,7
Rajasthan,Dausa,0,3
Rajasthan,Dholpur,0,9
Rajasthan,Ganganagar,0,6
Rajasthan,Hanumangarh,0,6
Rajasthan,Jaipur,0,76
Rajasthan,Jalor,0,14
Rajasthan,Jhalawar,0,1
Rajasthan,Jhunjhunun,0,13
Rajasthan,Jodhpur,0,56
Rajasthan,Karauli,0,12
Rajasthan,Kota,0,9
Rajasthan,Nagaur,0,42
Rajasthan,Pali,0,9
Rajasthan,Pratapgarh,0,5
Rajasthan,Sawai Madhopur,0,4
Rajasthan,Sikar,0,22
Rajasthan,Sirohi,0,1
Rajasthan,Tonk,0,10
Rajasthan,Udaipur,0,4
Sikkim,South Sikkim,0,1
Tamil Nadu,Ariyalur,0,14
Tamil Nadu,Chennai,0,54
Tamil Nadu,Dindigul,0,1
Tamil Nadu,Erode,0,1
Tamil Nadu,Kancheepuram,0,49
Tamil Nadu,Kanniyakumari,0,3
Tamil Nadu,Krishnagiri,0,30
Tamil Nadu,Madurai,0,4
Tamil Nadu,Ramanathapuram,0,1
Tamil Nadu,Salem,0,3
Tamil Nadu,Tirunelveli,0,63
Tamil Nadu,Tiruvallur,0,45
Tamil Nadu,Tiruvannamalai,0,1
Tamil Nadu,Vellore,0,8
Telangana,Adilabad,0,2
Telangana,Hyderabad,0,4
Telangana,K.v. Rangareddy,0,3
Telangana,Karimnagar,0,5
Telangana,Mahabubnagar,0,1
Telangana,Medak,0,5
Telangana,Nalgonda,0,1
Telangana,Warangal,0,1
Tripura,Dhalai,0,2
Tripura,Gomati,0,9
Tripura,Khowai,0,6
Tripura,North Tripura,0,4
Tripura,Sepahijala,0,13
Tripura,South Tripura,0,6
Tripura,Unakoti,0,5
Tripura,West Tripura,0,9
Uttar Pradesh,Agra,0,300
Uttar Pradesh,Aligarh,0,72
Uttar Pradesh,Allahabad,0,148
Uttar Pradesh,Ambedkar Nagar,0,40
Uttar Pradesh,Amethi,0,10
Uttar Pradesh,Amroha,0,64
Uttar Pradesh,Auraiya,0,71
Uttar Pradesh,Azamgarh,0,30
Uttar Pradesh,Baghpat,0,33
Uttar Pradesh,Bahraich,0,6
Uttar Pradesh,Ballia,0,70
Uttar Pradesh,Banda,0,2
Uttar Pradesh,Bara Banki,0,40
Uttar Pradesh,Bareilly,0,285
Uttar Pradesh,Basti,0,39
Uttar Pradesh,Bijnor,0,44
Uttar Pradesh,Budaun,0,38
Uttar Pradesh,Bulandshahr,0,47
Uttar Pradesh,Chandauli,0,55
Uttar Pradesh,Deoria,0,71
Uttar Pradesh,Etah,0,35
Uttar Pradesh,Etawah,0,42
Uttar Pradesh,Faizabad,0,77
Uttar Pradesh,Farrukhabad,0,11
Uttar Pradesh,Fatehpur,0,10
Uttar Pradesh,Firozabad,0,86
Uttar Pradesh,Gautam Buddha Nagar,0,24
Uttar Pradesh,Ghaziabad,0,176
Uttar Pradesh,Ghazipur,0,63
Uttar Pradesh,Gonda,0,7
Uttar Pradesh,Gorakhpur,0,61
Uttar Pradesh,Hamirpur,0,4
Uttar Pradesh,Hapur,0,15
Uttar Pradesh,Hardoi,0,18
Uttar Pradesh,Hathras,0,18
Uttar Pradesh,Jalaun,0,6
Uttar Pradesh,Jaunpur,0,35
Uttar Pradesh,Jhansi,0,66
Uttar Pradesh,Kannauj,0,4
Uttar Pradesh,Kanpur Dehat,0,48
Uttar Pradesh,Kanpur Nagar,0,286
Uttar Pradesh,Kasganj,0,37
Uttar Pradesh,Kaushambi,0,8
Uttar Pradesh,Kheri,0,17
Uttar Pradesh,Kushinagar,0,29
Uttar Pradesh,Lalitpur,0,4
Uttar Pradesh,Lucknow,0,207
Uttar Pradesh,Maharajganj,0,18
Uttar Pradesh,Mahoba,0,1
Uttar Pradesh,Mainpuri,0,6
Uttar Pradesh,Mathura,0,65
Uttar Pradesh,Mau,0,31
Uttar Pradesh,Meerut,0,77
Uttar Pradesh,Mirzapur,0,13
Uttar Pradesh,Moradabad,0,102
Uttar Pradesh,Muzaffarnagar,0,60
Uttar Pradesh,Pilibhit,0,46
Uttar Pradesh,Pratapgarh,0,28
Uttar Pradesh,Rae Bareli,0,54
Uttar Pradesh,Rampur,0,117
Uttar Pradesh,Saharanpur,0,106
Uttar Pradesh,Sambhal,0,28
Uttar Pradesh,Sant Kabir Nagar,0,23
Uttar Pradesh,Sant Ravidas Nagar,0,25
Uttar Pradesh,Shahjahanpur,0,92
Uttar Pradesh,Shamli,0,28
Uttar Pradesh,Shrawasti,0,1
Uttar Pradesh,Siddharthnagar,0,9
Uttar Pradesh,Sitapur,0,34
Uttar Pradesh,Sonbhadra,0,79
Uttar Pradesh,Sultanpur,0,39
Uttar Pradesh,Unnao,0,70
Uttar Pradesh,Varanasi,0,146
Uttarakhand,Almora,0,5
Uttarakhand,Bageshwar,0,1
Uttarakhand,Dehradun,0,70
Uttarakhand,Haridwar,0,13
Uttarakhand,Nainital,0,93
Uttarakhand,Pauri Garhwal,0,6
Uttarakhand,Pithoragarh,0,2
Uttarakhand,Tehri Garhwal,0,1
Uttarakhand,Udham Singh Nagar,0,56
Uttarakhand,Uttarkashi,0,3
West Bengal,Bankura,0,3
West Bengal,Barddhaman,0,8
West Bengal,Birbhum,0,33
West Bengal,Dakshin Dinajpur,0,1
West Bengal,Hooghly,0,82
West Bengal,Jalpaiguri,0,8
West Bengal,Malda,0,114
West Bengal,Murshidabad,0,48
West Bengal,Nadia,0,11
West Bengal,North 24 Parganas,0,18
West Bengal,Paschim Medinipur,0,10
West Bengal,Purba Medinipur,0,1
West Bengal,Puruliya,0,9
West Bengal,South 24 Parganas,0,50
