State,District,Aadhaar generated,Enrolment Rejected
Andaman and Nicobar Islands,Nicobar,2,0
Andhra Pradesh,Ananthapur,240,38
Andhra Pradesh,Chittoor,96,29
Andhra Pradesh,Cuddapah,143,18
Andhra Pradesh,East Godavari,142,27
Andhra Pradesh,Guntur,178,38
Andhra Pradesh,Krishna,86,12
Andhra Pradesh,Kurnool,117,121
Andhra Pradesh,Nellore,101,40
Andhra Pradesh,Prakasam,83,9
Andhra Pradesh,Srikakulam,132,28
Andhra Pradesh,Visakhapatnam,167,55
Andhra Pradesh,Vizianagaram,157,55
Andhra Pradesh,West Godavari,112,30
Arunachal Pradesh,Changlang,2,0
Arunachal Pradesh,Dibang Valley,1,0
Arunachal Pradesh,Kurung Kumey,1,0
Arunachal Pradesh,Lohit,4,0
Arunachal Pradesh,Lower Dibang Valley,34,0
Arunachal Pradesh,Lower Subansiri,113,2
Arunachal Pradesh,Papum Pare,371,1
Arunachal Pradesh,Tawang,4,0
Arunachal Pradesh,Tirap,4,0
Arunachal Pradesh,Upper Subansiri,289,7
Arunachal Pradesh,West Kameng,1,0
Assam,Baksa,1,0
Assam,Barpeta,7,0
Assam,Bongaigaon,1,0
Assam,Cachar,8,0
Assam,Chirang,1,0
Assam,Dhemaji,3,0
Assam,Dhubri,5,0
Assam,Goalpara,1,0
Assam,Golaghat,8,0
Assam,Hailakandi,3,0
Assam,Jorhat,0,2
Assam,Kamrup,5,0
Assam,Karbi Anglong,2,0
Assam,Karimganj,5,0
Assam,Kokrajhar,3,0
Assam,Lakhimpur,1,0
Assam,Marigaon,1,0
Assam,Nagaon,33,10
Assam,Nalbari,1,0
Assam,Sonitpur,8,1
Assam,Tinsukia,1,0
Assam,Udalguri,3,0
Bihar,Araria,1143,47
Bihar,Arwal,34,2
Bihar,Aurangabad,3388,114
Bihar,Banka,275,96
Bihar,Begusarai,1454,47
Bihar,Bhagalpur,2317,63
Bihar,Bhojpur,696,27
Bihar,Buxar,1242,39
Bihar,Darbhanga,748,70
Bihar,East Champaran,2681,161
Bihar,Gaya,4149,116
Bihar,Gopalganj,1602,81
Bihar,Jamui,775,31
Bihar,Jehanabad,561,14
Bihar,Kaimur (Bhabua),829,37
Bihar,Katihar,311,18
Bihar,Khagaria,406,31
Bihar,Kishanganj,38,63
Bihar,Lakhisarai,762,41
Bihar,Madhepura,95,12
Bihar,Madhubani,1765,71
Bihar,Munger,136,24
Bihar,Muzaffarpur,2057,197
Bihar,Nalanda,965,53
Bihar,Nawada,840,24
Bihar,Patna,2894,130
Bihar,Purnia,1793,119
Bihar,Rohtas,1808,57
Bihar,Saharsa,442,42
Bihar,Samastipur,3595,66
Bihar,Saran,1938,156
Bihar,Sheikhpura,22,11
Bihar,Sheohar,384,4
Bihar,Sitamarhi,5538,118
Bihar,Siwan,1828,269
Bihar,Supaul,2402,52
Bihar,Vaishali,5885,96
Bihar,West Champaran,2758,73
Chandigarh,Chandigarh,29,3
Chhattisgarh,Balod,187,23
Chhattisgarh,Baloda Bazar,643,39
Chhattisgarh,Balrampur,16,2
Chhattisgarh,Bastar,146,20
Chhattisgarh,Bemetara,863,34
Chhattisgarh,Bijapur,274,1
Chhattisgarh,Bilaspur,19,160
Chhattisgarh,Dakshin Bastar Dantewada,5,0
Chhattisgarh,Dhamtari,338,10
Chhattisgarh,Durg,430,108
Chhattisgarh,Gariyaband,482,7
Chhattisgarh,Janjgir-champa,1047,71
Chhattisgarh,Jashpur,67,9
Chhattisgarh,Kabeerdham,40,2
Chhattisgarh,Kanker,251,108
Chhattisgarh,Kawardha,791,10
Chhattisgarh,Kondagaon,258,6
Chhattisgarh,Korba,652,17
Chhattisgarh,Koriya,202,17
Chhattisgarh,Mahasamund,908,86
Chhattisgarh,Mungeli,0,12
Chhattisgarh,Narayanpur,80,4
Chhattisgarh,Raigarh,2890,59
Chhattisgarh,Raipur,1235,57
Chhattisgarh,Rajnandgaon,235,83
Chhattisgarh,Sukma,8,1
Chhattisgarh,Surajpur,78,42
Chhattisgarh,Surguja,1623,36
Chhattisgarh,Uttar Bastar Kanker,49,41
Dadra and Nagar Haveli,Dadra and Nagar Haveli,15,23
Daman and Diu,Daman,22,0
Daman and Diu,Diu,2,2
Delhi,Central Delhi,80,6
Delhi,East Delhi,153,9
Delhi,New Delhi,9,1
Delhi,North Delhi,78,5
Delhi,North East Delhi,361,35
Delhi,North West Delhi,521,49
Delhi,South Delhi,290,49
Delhi,South West Delhi,204,23
Delhi,West Delhi,169,26
Goa,North Goa,19,1
Goa,South Goa,66,4
Gujarat,Ahmedabad,1248,55
Gujarat,Amreli,159,27
Gujarat,Anand,341,11
Gujarat,Banaskantha,433,16
Gujarat,Bharuch,636,10
Gujarat,Bhavnagar,343,56
Gujarat,Dahod,224,19
Gujarat,Gandhinagar,382,4
Gujarat,Jamnagar,351,9
Gujarat,Junagadh,215,4
Gujarat,Kachchh,143,9
Gujarat,Kheda,146,32
Gujarat,Mahesana,209,3
Gujarat,Narmada,105,4
Gujarat,Navsari,372,1
Gujarat,Panchmahals,428,32
Gujarat,Patan,96,8
Gujarat,Porbandar,231,1
Gujarat,Rajkot,382,12
Gujarat,Sabarkantha,218,34
Gujarat,Surat,1847,71
Gujarat,Surendra Nagar,147,7
Gujarat,Tapi,419,8
Gujarat,The Dangs,33,13
Gujarat,Vadodara,572,7
Gujarat,Valsad,156,19
Haryana,Ambala,180,5
Haryana,Bhiwani,397,39
Haryana,Faridabad,417,17
Haryana,Fatehabad,89,11
Haryana,Gurgaon,263,15
Haryana,Hisar,528,43
Haryana,Jhajjar,228,8
Haryana,Jind,319,29
Haryana,Kaithal,375,16
Haryana,Karnal,284,7
Haryana,Kurukshetra,232,10
Haryana,Mahendragarh,130,15
Haryana,Mewat,652,116
Haryana,Palwal,199,18
Haryana,Panchkula,130,0
Haryana,Panipat,264,30
Haryana,Rewari,89,7
Haryana,Rohtak,305,20
Haryana,Sirsa,404,28
Haryana,Sonipat,208,14
Haryana,Yamuna Nagar,164,24
Himachal Pradesh,Bilaspur,2,0
Himachal Pradesh,Chamba,6,1
Himachal Pradesh,Hamirpur,9,0
Himachal Pradesh,Kangra,106,1
Himachal Pradesh,Kinnaur,1,1
Himachal Pradesh,Kullu,23,3
Himachal Pradesh,Mandi,9,2
Himachal Pradesh,Shimla,12,3
Himachal Pradesh,Sirmaur,18,7
Himachal Pradesh,Solan,22,13
Himachal Pradesh,Una,3,0
Jammu and Kashmir,Anantnag,21,22
Jammu and Kashmir,Badgam,1,1
Jammu and Kashmir,Bandipore,3,0
Jammu and Kashmir,Baramula,1642,0
Jammu and Kashmir,Doda,1,0
Jammu and Kashmir,Ganderbal,0,3
Jammu and Kashmir,Jammu,24,4
Jammu and Kashmir,Kargil,2,1
Jammu and Kashmir,Kathua,17,0
Jammu and Kashmir,Kulgam,0,12
Jammu and Kashmir,Kupwara,25,0
Jammu and Kashmir,Leh,25,1
Jammu and Kashmir,Pulwama,4,21
Jammu and Kashmir,Punch,316,5
Jammu and Kashmir,Rajouri,1,0
Jammu and Kashmir,Ramban,0,1
Jammu and Kashmir,Reasi,0,3
Jammu and Kashmir,Samba,3,2
Jammu and Kashmir,Shupiyan,0,2
Jammu and Kashmir,Srinagar,9,5
Jammu and Kashmir,Udhampur,3,0
Jharkhand,Bokaro,168,11
Jharkhand,Chatra,17,14
Jharkhand,Deoghar,28,9
Jharkhand,Dhanbad,34,18
Jharkhand,Dumka,14,6
Jharkhand,East Singhbhum,26,4
Jharkhand,Garhwa,222,17
Jharkhand,Giridih,218,16
Jharkhand,Godda,34,15
Jharkhand,Gumla,59,6
Jharkhand,Hazaribagh,89,6
Jharkhand,Jamtara,13,11
Jharkhand,Khunti,49,2
Jharkhand,Koderma,23,9
Jharkhand,Latehar,36,4
Jharkhand,Lohardaga,37,1
Jharkhand,Pakur,15,12
Jharkhand,Palamu,83,14
Jharkhand,Ramgarh,82,2
Jharkhand,Ranchi,354,14
Jharkhand,Sahebganj,8,3
Jharkhand,Seraikela-Kharsawan,48,5
Jharkhand,Simdega,42,3
Jharkhand,West Singhbhum,19,4
Karnataka,Bagalkot,138,13
Karnataka,Bangalore,1103,14
Karnataka,Bangalore Rural,98,3
Karnataka,Belgaum,1023,26
Karnataka,Bellary,703,28
Karnataka,Bidar,470,7
Karnataka,Bijapur,203,30
Karnataka,Chamrajanagar,110,1
Karnataka,Chickmagalur,117,1
Karnataka,Chikkaballapur,504,19
Karnataka,Chitradurga,1162,9
Karnataka,Dakshina Kannada,38,6
Karnataka,Davangere,924,20
Karnataka,Dharwad,22,6
Karnataka,Gadag,119,1
Karnataka,Gulbarga,189,15
Karnataka,Hassan,36,2
Karnataka,Haveri,329,16
Karnataka,Kodagu,4,8
Karnataka,Kolar,88,18
Karnataka,Koppal,288,3
Karnataka,Mandya,231,24
Karnataka,Mysore,111,7
Karnataka,Raichur,635,8
Karnataka,Ramanagar,29,1
Karnataka,Shimoga,84,1
Karnataka,Tumkur,83,7
Karnataka,Udupi,85,7
Karnataka,Uttara Kannada,156,3
Karnataka,Yadgir,216,12
Kerala,Alappuzha,122,3
Kerala,Ernakulam,146,13
Kerala,Idukki,139,4
Kerala,Kannur,145,10
Kerala,Kasaragod,31,5
Kerala,Kollam,63,12
Kerala,Kottayam,98,3
Kerala,Kozhikode,122,9
Kerala,Malappuram,97,28
Kerala,Palakkad,119,11
Kerala,Pathanamthitta,52,2
Kerala,Thiruvananthapuram,241,18
Kerala,Thrissur,124,4
Kerala,Wayanad,19,2
Madhya Pradesh,Alirajpur,180,3
Madhya Pradesh,Anuppur,111,14
Madhya Pradesh,Ashok Nagar,43,8
Madhya Pradesh,Balaghat,232,20
Madhya Pradesh,Barwani,181,20
Madhya Pradesh,Betul,75,8
Madhya Pradesh,Bhind,112,24
Madhya Pradesh,Bhopal,300,25
Madhya Pradesh,Burhanpur,16,3
Madhya Pradesh,Chhatarpur,127,33
Madhya Pradesh,Chhindwara,215,14
Madhya Pradesh,Damoh,150,19
Madhya Pradesh,Datia,74,7
Madhya Pradesh,Dewas,131,21
Madhya Pradesh,Dhar,362,11
Madhya Pradesh,Dindori,125,4
Madhya Pradesh,Guna,44,8
Madhya Pradesh,Gwalior,84,36
Madhya Pradesh,Harda,7,2
Madhya Pradesh,Hoshangabad,30,3
Madhya Pradesh,Indore,161,36
Madhya Pradesh,Jabalpur,47,13
Madhya Pradesh,Jhabua,77,6
Madhya Pradesh,Katni,28,3
Madhya Pradesh,Khandwa,48,10
Madhya Pradesh,Khargone,463,46
Madhya Pradesh,Mandla,18,20
Madhya Pradesh,Mandsaur,118,18
Madhya Pradesh,Morena,121,21
Madhya Pradesh,Narsinghpur,30,6
Madhya Pradesh,Neemuch,70,11
Madhya Pradesh,Panna,23,9
Madhya Pradesh,Raisen,50,14
Madhya Pradesh,Rajgarh,142,14
Madhya Pradesh,Ratlam,147,14
Madhya Pradesh,Rewa,190,27
Madhya Pradesh,Sagar,94,22
Madhya Pradesh,Satna,176,16
Madhya Pradesh,Sehore,112,22
Madhya Pradesh,Seoni,94,10
Madhya Pradesh,Shahdol,113,23
Madhya Pradesh,Shajapur,67,4
Madhya Pradesh,Sheopur,25,4
Madhya Pradesh,Shivpuri,112,38
Madhya Pradesh,Sidhi,68,21
Madhya Pradesh,Singrauli,134,39
Madhya Pradesh,Tikamgarh,57,13
Madhya Pradesh,Ujjain,274,10
Madhya Pradesh,Umaria,64,7
Madhya Pradesh,Vidisha,18,6
Maharashtra,Ahmadnagar,399,31
Maharashtra,Akola,86,11
Maharashtra,Amravati,105,11
Maharashtra,Aurangabad,345,19
Maharashtra,Beed,740,28
Maharashtra,Bhandara,56,3
Maharashtra,Buldhana,352,37
Maharashtra,Chandrapur,120,7
Maharashtra,Dhule,187,12
Maharashtra,Gadchiroli,78,5
Maharashtra,Gondiya,33,10
Maharashtra,Hingoli,428,29
Maharashtra,Jalgaon,188,12
Maharashtra,Jalna,253,36
Maharashtra,Kolhapur,511,18
Maharashtra,Latur,317,9
Maharashtra,Mumbai,474,36
Maharashtra,Nagpur,83,12
Maharashtra,Nanded,744,42
Maharashtra,Nandurbar,210,3
Maharashtra,Nashik,225,45
Maharashtra,Osmanabad,244,12
Maharashtra,Palghar,109,81
Maharashtra,Parbhani,408,14
Maharashtra,Pune,676,50
Maharashtra,Raigarh,283,27
Maharashtra,Ratnagiri,133,10
Maharashtra,Sangli,166,8
Maharashtra,Satara,147,13
Maharashtra,Sindhudurg,301,7
Maharashtra,Solapur,350,25
Maharashtra,Thane,587,13
Maharashtra,Wardha,11,1
Maharashtra,Washim,187,22
Maharashtra,Yavatmal,357,73
Manipur,Bishnupur,30,1
Manipur,Chandel,0,1
Manipur,Churachandpur,0,2
Manipur,Imphal East,30,9
Manipur,Imphal West,30,8
Manipur,Senapati,4,4
Manipur,Tamenglong,3,1
Manipur,Thoubal,4,6
Meghalaya,East Khasi Hills,22,0
Mizoram,Aizawl,9,8
Mizoram,Champhai,197,0
Mizoram,Kolasib,0,2
Mizoram,Lunglei,2,4
Mizoram,Serchhip,1,0
Nagaland,Dimapur,1,4
Nagaland,Kohima,1,2
Nagaland,Mon,0,4
Nagaland,Peren,0,1
Nagaland,Tuensang,1,0
Nagaland,Zunheboto,0,3
Odisha,Angul,501,59
Odisha,Balangir,7,8
Odisha,Baleswar,18,44
Odisha,Bargarh,10,38
Odisha,Bhadrak,8,41
Odisha,Boudh,2,1
Odisha,Cuttack,77,2
Odisha,Debagarh,0,2
Odisha,Dhenkanal,76,87
Odisha,Gajapati,18,1
Odisha,Ganjam,37,414
Odisha,Jagatsinghapur,12,55
Odisha,Jajapur,525,28
Odisha,Jharsuguda,2,24
Odisha,Kalahandi,46,816
Odisha,Kandhamal,18,5
Odisha,Kendrapara,1293,151
Odisha,Kendujhar,46,68
Odisha,Khorda,94,39
Odisha,Koraput,2,236
Odisha,Malkangiri,1,2
Odisha,Mayurbhanj,18,220
Odisha,Nabarangapur,1,80
Odisha,Nayagarh,42,4
Odisha,Nuapada,1,3
Odisha,Puri,20,1
Odisha,Rayagada,116,204
Odisha,Sambalpur,110,27
Odisha,Sonapur,5,7
Odisha,Sundergarh,12,39
Others,Others,0,16
Puducherry,Karaikal,11,2
Puducherry,Puducherry,45,2
Punjab,Amritsar,215,12
Punjab,Barnala,48,22
Punjab,Bathinda,112,14
Punjab,Faridkot,2,0
Punjab,Fatehgarh Sahib,23,4
Punjab,Fazilka,115,33
Punjab,Ferozepur,23,16
Punjab,Gurdaspur,168,14
Punjab,Hoshiarpur,115,11
Punjab,Jalandhar,218,44
Punjab,Kapurthala,99,14
Punjab,Ludhiana,532,83
Punjab,Mansa,35,4
Punjab,Moga,62,6
Punjab,Pathankot,68,5
Punjab,Patiala,121,14
Punjab,Rupnagar,17,4
Punjab,SAS Nagar (Mohali),49,7
Punjab,Sangrur,44,27
Punjab,Shaheed Bhagat Singh Nagar,24,3
Punjab,Sri Muktsar Sahib,63,19
Punjab,Tarn Taran,254,11
Rajasthan,Ajmer,102,43
Rajasthan,Alwar,244,49
Rajasthan,Banswara,159,42
Rajasthan,Baran,153,42
Rajasthan,Barmer,413,107
Rajasthan,Bharatpur,149,139
Rajasthan,Bhilwara,399,46
Rajasthan,Bikaner,63,33
Rajasthan,Bundi,319,19
Rajasthan,Chittorgarh,219,62
Rajasthan,Churu,194,36
Rajasthan,Dausa,222,56
Rajasthan,Dholpur,235,24
Rajasthan,Dungarpur,38,21
Rajasthan,Ganganagar,80,43
Rajasthan,Hanumangarh,72,62
Rajasthan,Jaipur,661,100
Rajasthan,Jaisalmer,67,34
Rajasthan,Jalor,160,34
Rajasthan,Jhalawar,308,33
Rajasthan,Jhunjhunun,191,77
Rajasthan,Jodhpur,276,33
Rajasthan,Karauli,122,23
Rajasthan,Kota,192,21
Rajasthan,Nagaur,610,41
Rajasthan,Pali,132,32
Rajasthan,Pratapgarh,38,25
Rajasthan,Rajsamand,42,19
Rajasthan,Sawai Madhopur,69,37
Rajasthan,Sikar,191,45
Rajasthan,Sirohi,87,9
Rajasthan,Tonk,219,54
Rajasthan,Udaipur,192,50
Sikkim,East Sikkim,1,3
Sikkim,South Sikkim,1,0
Sikkim,West Sikkim,0,1
Tamil Nadu,Ariyalur,411,0
Tamil Nadu,Chennai,341,21
Tamil Nadu,Coimbatore,50,15
Tamil Nadu,Cuddalore,408,4
Tamil Nadu,Dharmapuri,119,8
Tamil Nadu,Dindigul,377,13
Tamil Nadu,Erode,379,7
Tamil Nadu,Kancheepuram,660,39
Tamil Nadu,Kanniyakumari,199,27
Tamil Nadu,Karur,396,3
Tamil Nadu,Krishnagiri,184,18
Tamil Nadu,Madurai,389,6
Tamil Nadu,Nagapattinam,281,4
Tamil Nadu,Namakkal,3,4
Tamil Nadu,Perambalur,0,3
Tamil Nadu,Pudukkottai,3,0
Tamil Nadu,Ramanathapuram,467,1
Tamil Nadu,Salem,732,6
Tamil Nadu,Sivaganga,8,20
Tamil Nadu,Thanjavur,43,5
Tamil Nadu,The Nilgiris,30,5
Tamil Nadu,Theni,196,4
Tamil Nadu,Thiruvarur,17,3
Tamil Nadu,Thoothukkudi,127,7
Tamil Nadu,Tiruchirappalli,250,16
Tamil Nadu,Tirunelveli,416,49
Tamil Nadu,Tiruppur,377,12
Tamil Nadu,Tiruvallur,64,48
Tamil Nadu,Tiruvannamalai,359,140
Tamil Nadu,Vellore,67,75
Tamil Nadu,Villupuram,59,51
Tamil Nadu,Virudhunagar,58,5
Telangana,Adilabad,145,15
Telangana,Hyderabad,365,271
Telangana,K.v. Rangareddy,494,292
Telangana,Karimnagar,195,26
Telangana,Khammam,167,13
Telangana,Mahabubnagar,300,79
Telangana,Medak,334,107
Telangana,Nalgonda,176,31
Telangana,Nizamabad,137,35
Telangana,Warangal,183,41
Tripura,Dhalai,14,4
Tripura,Gomati,25,2
Tripura,Khowai,4,1
Tripura,North Tripura,8,1
Tripura,Sepahijala,54,6
Tripura,South Tripura,22,12
Tripura,Unakoti,27,4
Tripura,West Tripura,40,4
Uttar Pradesh,Agra,1793,159
Uttar Pradesh,Aligarh,1868,208
Uttar Pradesh,Allahabad,3603,263
Uttar Pradesh,Ambedkar Nagar,1802,72
Uttar Pradesh,Amethi,514,24
Uttar Pradesh,Amroha,1214,104
Uttar Pradesh,Auraiya,990,46
Uttar Pradesh,Azamgarh,2652,93
Uttar Pradesh,Baghpat,903,48
Uttar Pradesh,Bahraich,879,41
Uttar Pradesh,Ballia,2040,249
Uttar Pradesh,Balrampur,102,4
Uttar Pradesh,Banda,149,49
Uttar Pradesh,Bara Banki,2427,143
Uttar Pradesh,Bareilly,3663,671
Uttar Pradesh,Basti,1991,78
Uttar Pradesh,Bijnor,861,105
Uttar Pradesh,Budaun,2263,80
Uttar Pradesh,Bulandshahr,6365,86
Uttar Pradesh,Chandauli,860,36
Uttar Pradesh,Chitrakoot,14,7
Uttar Pradesh,Deoria,1893,91
Uttar Pradesh,Etah,1065,90
Uttar Pradesh,Etawah,326,41
Uttar Pradesh,Faizabad,1330,79
Uttar Pradesh,Farrukhabad,1021,46
Uttar Pradesh,Fatehpur,1003,37
Uttar Pradesh,Firozabad,563,121
Uttar Pradesh,Gautam Buddha Nagar,668,40
Uttar Pradesh,Ghaziabad,1633,200
Uttar Pradesh,Ghazipur,2436,65
Uttar Pradesh,Gonda,1313,105
Uttar Pradesh,Gorakhpur,3919,163
Uttar Pradesh,Hamirpur,455,15
Uttar Pradesh,Hapur,0,16
Uttar Pradesh,Hardoi,2700,64
Uttar Pradesh,Hathras,533,30
Uttar Pradesh,Jalaun,386,35
Uttar Pradesh,Jaunpur,3898,112
Uttar Pradesh,Jhansi,1485,110
Uttar Pradesh,Kannauj,775,54
Uttar Pradesh,Kanpur Dehat,1419,48
Uttar Pradesh,Kanpur Nagar,2846,208
Uttar Pradesh,Kasganj,386,26
Uttar Pradesh,Kaushambi,540,31
Uttar Pradesh,Kheri,1674,98
Uttar Pradesh,Kushinagar,2753,76
Uttar Pradesh,Lalitpur,505,40
Uttar Pradesh,Lucknow,1605,195
Uttar Pradesh,Maharajganj,1404,47
Uttar Pradesh,Mahoba,17,4
Uttar Pradesh,Mainpuri,485,40
Uttar Pradesh,Mathura,623,85
Uttar Pradesh,Mau,2469,85
Uttar Pradesh,Meerut,1703,159
Uttar Pradesh,Mirzapur,1394,104
Uttar Pradesh,Moradabad,2610,220
Uttar Pradesh,Muzaffarnagar,2803,197
Uttar Pradesh,Pilibhit,618,190
Uttar Pradesh,Pratapgarh,1959,149
Uttar Pradesh,Rae Bareli,412,24
Uttar Pradesh,Rampur,917,164
Uttar Pradesh,Saharanpur,1375,137
Uttar Pradesh,Sambhal,2086,70
Uttar Pradesh,Sant Kabir Nagar,334,23
Uttar Pradesh,Sant Ravidas Nagar,260,42
Uttar Pradesh,Shahjahanpur,756,55
Uttar Pradesh,Shamli,827,30
Uttar Pradesh,Shrawasti,331,8
Uttar Pradesh,Siddharthnagar,746,27
Uttar Pradesh,Sitapur,3227,156
Uttar Pradesh,Sonbhadra,1435,83
Uttar Pradesh,Sultanpur,3261,74
Uttar Pradesh,Unnao,1181,131
Uttar Pradesh,Varanasi,1418,82
Uttarakhand,Almora,293,7
Uttarakhand,Bageshwar,29,0
Uttarakhand,Chamoli,25,0
Uttarakhand,Champawat,23,0
Uttarakhand,Dehradun,689,39
Uttarakhand,Haridwar,1224,40
Uttarakhand,Nainital,586,37
Uttarakhand,Pauri Garhwal,588,17
Uttarakhand,Pithoragarh,112,8
Uttarakhand,Rudraprayag,31,1
Uttarakhand,Tehri Garhwal,175,3
Uttarakhand,Udham Singh Nagar,1115,45
Uttarakhand,Uttarkashi,568,2
West Bengal,Bankura,5000,387
West Bengal,Barddhaman,7272,274
West Bengal,Birbhum,911,236
West Bengal,Cooch Behar,801,0
West Bengal,Dakshin Dinajpur,19,3
West Bengal,Darjeeling,356,15
West Bengal,Hooghly,2346,46
West Bengal,Howrah,73,1
West Bengal,Jalpaiguri,1579,108
West Bengal,Kolkata,18,1
West Bengal,Malda,316,19
West Bengal,Murshidabad,103,12
West Bengal,Nadia,99,68
West Bengal,North 24 Parganas,1757,1157
West Bengal,Paschim Medinipur,2434,487
West Bengal,Purba Medinipur,71,11
West Bengal,Puruliya,2929,249
West Bengal,South 24 Parganas,7551,462
West Bengal,Uttar Dinajpur,20,8
