State,District,Aadhaar generated,Enrolment Rejected
Andaman and Nicobar Islands,Andamans,1,0
Andaman and Nicobar Islands,North And Middle Andaman,0,1
Andaman and Nicobar Islands,South Andaman,1,0
Andhra Pradesh,Adilabad,1835,1026
Andhra Pradesh,Ananthapur,1785,495
Andhra Pradesh,Chittoor,431,282
Andhra Pradesh,Cuddapah,509,427
Andhra Pradesh,East Godavari,470,349
Andhra Pradesh,Guntur,383,276
Andhra Pradesh,Hyderabad,1715,880
Andhra Pradesh,K.V.Rangareddy,0,17
Andhra Pradesh,K.v. Rangareddy,2119,1727
Andhra Pradesh,Karim Nagar,3,1
Andhra Pradesh,Karimnagar,10730,2183
Andhra Pradesh,Khammam,4377,1032
Andhra Pradesh,Krishna,258,416
Andhra Pradesh,Kurnool,8958,5976
Andhra Pradesh,Mahabub Nagar,59,38
Andhra Pradesh,Mahabubnagar,8987,4086
Andhra Pradesh,Mahbubnagar,5,16
Andhra Pradesh,Medak,10403,1065
Andhra Pradesh,Nalgonda,2694,1733
Andhra Pradesh,Nellore,2284,1762
Andhra Pradesh,Nizamabad,5230,1131
Andhra Pradesh,Prakasam,4137,569
Andhra Pradesh,Srikakulam,198,1175
Andhra Pradesh,Visakhapatnam,5558,2438
Andhra Pradesh,Vizianagaram,1349,381
Andhra Pradesh,Warangal,4717,2414
Andhra Pradesh,West Godavari,2572,897
Arunachal Pradesh,East Siang,1,0
Arunachal Pradesh,Lower Subansiri,1,2
Arunachal Pradesh,Papum Pare,176,4
Arunachal Pradesh,West Kameng,22,0
Arunachal Pradesh,West Siang,1,0
Assam,Baksa,9,1
Assam,Barpeta,11,3
Assam,Bongaigaon,4,1
Assam,Cachar,17,2
Assam,Chirang,2,1
Assam,Darrang,2,2
Assam,Dhemaji,3,0
Assam,Dhubri,2,1
Assam,Dibrugarh,5,2
Assam,Goalpara,2,0
Assam,Golaghat,4,1
Assam,Hailakandi,7,1
Assam,Jorhat,3,0
Assam,Kamrup,14,1
Assam,Kamrup Metro,2,0
Assam,Karbi Anglong,1,2
Assam,Karimganj,10,1
Assam,Kokrajhar,1,0
Assam,Lakhimpur,2,0
Assam,Marigaon,3,0
Assam,Nagaon,9,1
Assam,Nalbari,0,1
Assam,North Cachar Hills,3,0
Assam,Sibsagar,6,1
Assam,Sonitpur,10,0
Assam,Tinsukia,4,1
Assam,Udalguri,12,0
Bihar,Araria,40,7
Bihar,Arwal,2773,73
Bihar,Aurangabad,119,21
Bihar,Aurangabad(BH),2,1
Bihar,Banka,90,5
Bihar,Begusarai,83,11
Bihar,Bhabua,1,0
Bihar,Bhagalpur,164,21
Bihar,Bhojpur,120,34
Bihar,Buxar,75,13
Bihar,Darbhanga,3714,192
Bihar,East Champaran,138,18
Bihar,Gaya,372,32
Bihar,Gopalganj,5730,187
Bihar,Jamui,207,13
Bihar,Jehanabad,43,9
Bihar,Kaimur (Bhabua),46,2
Bihar,Katihar,5619,80
Bihar,Khagaria,36,3
Bihar,Kishanganj,2907,50
Bihar,Lakhisarai,46,15
Bihar,Madhepura,35,9
Bihar,Madhubani,210,22
Bihar,Munger,74,17
Bihar,Muzaffarpur,139,20
Bihar,Nalanda,5024,154
Bihar,Nawada,131,16
Bihar,Patna,2800,332
Bihar,Purnia,58,6
Bihar,Rohtas,2020,83
Bihar,Saharsa,4408,179
Bihar,Samastipur,139,24
Bihar,Saran,219,31
Bihar,Sheikhpura,668,137
Bihar,Sheohar,2890,107
Bihar,Sitamarhi,88,18
Bihar,Siwan,188,26
Bihar,Supaul,32,7
Bihar,Vaishali,2078,82
Bihar,West Champaran,85,7
Chandigarh,Chandigarh,558,314
Chandigarh,Mohali,1,0
Chhattisgarh,Balod,695,6
Chhattisgarh,Baloda Bazar,7,0
Chhattisgarh,Balrampur,1,0
Chhattisgarh,Bastar,47,31
Chhattisgarh,Bemetara,286,0
Chhattisgarh,Bilaspur,45,2
Chhattisgarh,Dakshin Bastar Dantewada,1,0
Chhattisgarh,Dhamtari,774,191
Chhattisgarh,Durg,2675,45
Chhattisgarh,Janjgir-champa,2085,231
Chhattisgarh,Jashpur,4,0
Chhattisgarh,Kanker,1,1
Chhattisgarh,Kawardha,7,0
Chhattisgarh,Korba,1939,99
Chhattisgarh,Koriya,2000,190
Chhattisgarh,Mahasamund,178,0
Chhattisgarh,Mungeli,44,2
Chhattisgarh,Mungeli ,982,9
Chhattisgarh,Raigarh,34,5
Chhattisgarh,Raipur,571,6
Chhattisgarh,Rajnandgaon,524,13
Chhattisgarh,Surajpur ,2,0
Chhattisgarh,Surguja,9,0
Dadra and Nagar Haveli,Dadra and Nagar Haveli,2439,83
Daman and Diu,Daman,35,23
Daman and Diu,Diu,6,8
Delhi,Central Delhi,648,865
Delhi,East Delhi,1421,2363
Delhi,Najafgarh,4,70
Delhi,New Delhi,95,53
Delhi,North Delhi,648,759
Delhi,North East,48,330
Delhi,North East Delhi,1729,2746
Delhi,North West Delhi,3092,4757
Delhi,South Delhi,3235,3163
Delhi,South West Delhi,1105,1960
Delhi,West Delhi,1735,3035
Goa,Bardez,0,5
Goa,North Goa,278,369
Goa,South Goa,48,64
Gujarat,Ahmadabad,15,0
Gujarat,Ahmedabad,8892,800
Gujarat,Amreli,3361,71
Gujarat,Anand,2117,155
Gujarat,Banaskantha,8357,206
Gujarat,Bharuch,5162,443
Gujarat,Bhavnagar,3401,190
Gujarat,Dahod,3683,207
Gujarat,Dohad,282,42
Gujarat,Gandhinagar,2028,102
Gujarat,Jamnagar,5242,249
Gujarat,Junagadh,7831,505
Gujarat,Kachchh,3989,182
Gujarat,Kheda,3124,153
Gujarat,Mahesana,4429,166
Gujarat,Narmada,1176,138
Gujarat,Navsari,2151,901
Gujarat,Panchmahals,4391,408
Gujarat,Patan,2240,75
Gujarat,Porbandar,1481,74
Gujarat,Rajkot,8781,542
Gujarat,Sabarkantha,1937,196
Gujarat,Surat,7052,571
Gujarat,Surendra Nagar,5212,118
Gujarat,Tapi,2144,102
Gujarat,The Dangs,304,14
Gujarat,Vadodara,9453,313
Gujarat,Valsad,3416,156
Haryana,Ambala,713,501
Haryana,Bhiwani,6620,403
Haryana,Faridabad,6839,1274
Haryana,Fatehabad,2596,263
Haryana,Gurgaon,5012,1178
Haryana,Hisar,7734,489
Haryana,Jhajjar,2369,253
Haryana,Jind,6053,359
Haryana,Kaithal,2994,326
Haryana,Karnal,5627,589
Haryana,Kurukshetra,2903,369
Haryana,Mahendragarh,4201,279
Haryana,Mewat,4116,359
Haryana,Palwal,3109,299
Haryana,Panchkula,382,274
Haryana,Panipat,4320,516
Haryana,Rewari,3962,337
Haryana,Rohtak,3242,461
Haryana,Sirsa,4893,496
Haryana,Sonipat,1198,494
Haryana,Yamuna Nagar,5143,363
Himachal Pradesh,Bilaspur,32,101
Himachal Pradesh,Chamba,186,173
Himachal Pradesh,Hamirpur,45,79
Himachal Pradesh,Kangra,627,551
Himachal Pradesh,Kinnaur,26,103
Himachal Pradesh,Kullu,62,117
Himachal Pradesh,Lahul and Spiti,7,7
Himachal Pradesh,Mandi,122,138
Himachal Pradesh,Shimla,183,338
Himachal Pradesh,Sirmaur,271,415
Himachal Pradesh,Solan,130,93
Himachal Pradesh,Una,45,52
Jammu and Kashmir,Anantnag,4767,54
Jammu and Kashmir,Badgam,1187,4
Jammu and Kashmir,Bandipore,13,0
Jammu and Kashmir,Baramula,119,0
Jammu and Kashmir,Doda,3744,25
Jammu and Kashmir,Jammu,1038,37
Jammu and Kashmir,Kargil,367,19
Jammu and Kashmir,Kathua,700,30
Jammu and Kashmir,Kupwara,44,1
Jammu and Kashmir,Leh,72,31
Jammu and Kashmir,Pulwama,1186,7
Jammu and Kashmir,Punch,3,0
Jammu and Kashmir,Rajouri,8,9
Jammu and Kashmir,Reasi,28,7
Jammu and Kashmir,Srinagar,276,6
Jammu and Kashmir,Udhampur,1147,5
Jharkhand,Bokaro,1156,698
Jharkhand,Chatra,2932,940
Jharkhand,Deoghar,2267,642
Jharkhand,Dhanbad,1670,1166
Jharkhand,Dumka,821,542
Jharkhand,East Singhbhum,2083,598
Jharkhand,Garhwa,1911,316
Jharkhand,Giridih,1903,588
Jharkhand,Godda,1333,441
Jharkhand,Gumla,1018,504
Jharkhand,Hazaribag,0,1
Jharkhand,Hazaribagh,710,419
Jharkhand,Jamtara,1967,348
Jharkhand,Khunti,173,102
Jharkhand,Kodarma,0,1
Jharkhand,Koderma,1135,609
Jharkhand,Latehar,2874,655
Jharkhand,Lohardaga,329,139
Jharkhand,Pakur,3781,410
Jharkhand,Palamu,1616,1030
Jharkhand,Ramgarh,225,211
Jharkhand,Ranchi,893,1003
Jharkhand,Sahebganj,4818,305
Jharkhand,Seraikela-Kharsawan,457,214
Jharkhand,Simdega,1979,371
Jharkhand,West Singhbhum,1778,1268
Karnataka,Bagalkot,3521,390
Karnataka,Bangalore,20272,4712
Karnataka,Bangalore Rural,1657,1202
Karnataka,Belgaum,16480,4457
Karnataka,Bellary,10333,488
Karnataka,Bidar,3529,601
Karnataka,Bijapur,3285,223
Karnataka,Bijapur(KAR),18,0
Karnataka,Chamarajanagar,2,0
Karnataka,Chamrajanagar,4956,426
Karnataka,Chickmagalur,3995,271
Karnataka,Chikkaballapur,2516,574
Karnataka,Chitradurga,6699,902
Karnataka,Dakshina Kannada,8526,8074
Karnataka,Davangere,1529,225
Karnataka,Dharwad,637,281
Karnataka,Gadag,625,123
Karnataka,Gulbarga,4420,431
Karnataka,Hassan,8377,563
Karnataka,Haveri,880,94
Karnataka,Kodagu,723,113
Karnataka,Kolar,7140,1286
Karnataka,Koppal,2139,260
Karnataka,Mandya,5443,431
Karnataka,Mysore,576,706
Karnataka,Raichur,3563,394
Karnataka,Ramanagar,5384,318
Karnataka,Shimoga,6061,331
Karnataka,Tumkur,650,653
Karnataka,Udupi,904,339
Karnataka,Uttara Kannada,2429,1012
Karnataka,Yadgir,4054,417
Kerala,Alappuzha,1462,2199
Kerala,Ernakulam,1489,2610
Kerala,Idukki,281,276
Kerala,Kannur,1107,1282
Kerala,Kasaragod,767,1191
Kerala,Kasargod,5,156
Kerala,Kollam,907,3354
Kerala,Kottayam,965,700
Kerala,Kozhikode,1058,1754
Kerala,Malappuram,3598,2793
Kerala,Palakkad,1997,1435
Kerala,Pathanamthitta,263,187
Kerala,Thiruvananthapuram,1503,2008
Kerala,Thrissur,1218,1662
Kerala,Wayanad,135,153
Lakshadweep,Lakshadweep,5,8
Madhya Pradesh,Alirajpur,2948,267
Madhya Pradesh,Anuppur,3453,423
Madhya Pradesh,Ashok Nagar,1137,72
Madhya Pradesh,Balaghat,8777,573
Madhya Pradesh,Barwani,2361,401
Madhya Pradesh,Betul,5263,463
Madhya Pradesh,Bhind,2019,277
Madhya Pradesh,Bhopal,1591,597
Madhya Pradesh,Burhanpur,391,123
Madhya Pradesh,Chhatarpur,5710,435
Madhya Pradesh,Chhindwara,6686,580
Madhya Pradesh,Damoh,3696,232
Madhya Pradesh,Datia,1302,137
Madhya Pradesh,Dewas,990,306
Madhya Pradesh,Dhar,7747,732
Madhya Pradesh,Dindori,3048,413
Madhya Pradesh,Guna,2212,313
Madhya Pradesh,Gwalior,1791,605
Madhya Pradesh,Harda,339,70
Madhya Pradesh,Hoshangabad,275,153
Madhya Pradesh,Indore,4169,911
Madhya Pradesh,Jabalpur,1624,862
Madhya Pradesh,Jhabua,3445,981
Madhya Pradesh,Katni,2561,215
Madhya Pradesh,Khandwa,266,164
Madhya Pradesh,Khargone,5669,452
Madhya Pradesh,Mandla,2524,443
Madhya Pradesh,Mandsaur,604,152
Madhya Pradesh,Morena,1980,228
Madhya Pradesh,Narsinghpur,1903,507
Madhya Pradesh,Neemuch,459,23
Madhya Pradesh,Panna,3841,211
Madhya Pradesh,Raisen,3263,286
Madhya Pradesh,Rajgarh,1123,64
Madhya Pradesh,Ratlam,1116,186
Madhya Pradesh,Rewa,4250,482
Madhya Pradesh,Sagar,4175,496
Madhya Pradesh,Satna,5011,529
Madhya Pradesh,Sehore,2459,289
Madhya Pradesh,Seoni,4738,327
Madhya Pradesh,Shahdol,4036,340
Madhya Pradesh,Shajapur,478,193
Madhya Pradesh,Sheopur,221,26
Madhya Pradesh,Shivpuri,2129,143
Madhya Pradesh,Sidhi,3499,320
Madhya Pradesh,Singrauli,2580,187
Madhya Pradesh,Tikamgarh,3552,199
Madhya Pradesh,Ujjain,5269,429
Madhya Pradesh,Umaria,1884,131
Madhya Pradesh,Vidisha,2309,366
Maharashtra,Ahmadnagar,8614,1290
Maharashtra,Ahmed Nagar,16,9
Maharashtra,Akola,2182,367
Maharashtra,Amravati,1343,514
Maharashtra,Aurangabad,4256,1492
Maharashtra,Beed,4843,439
Maharashtra,Bhandara,2027,1244
Maharashtra,Buldhana,5499,395
Maharashtra,Chandrapur,2368,1069
Maharashtra,Dhule,996,272
Maharashtra,Gadchiroli,3392,463
Maharashtra,Gondia,1,0
Maharashtra,Gondiya,894,899
Maharashtra,Hingoli,1412,199
Maharashtra,Jalgaon,2933,964
Maharashtra,Jalna,2243,438
Maharashtra,Kolhapur,8563,1110
Maharashtra,Latur,2401,1025
Maharashtra,Mumbai,3758,1700
Maharashtra,Mumbai City,1,2
Maharashtra,Mumbai( Sub Urban ),1,0
Maharashtra,Nagpur,4120,1605
Maharashtra,Nanded,4892,335
Maharashtra,Nandurbar,792,135
Maharashtra,Nashik,8687,1480
Maharashtra,Osmanabad,3165,257
Maharashtra,Parbhani,2780,472
Maharashtra,Pune,5895,2455
Maharashtra,Raigarh,5842,526
Maharashtra,Raigarh(MH),5,2
Maharashtra,Ratnagiri,690,534
Maharashtra,Sangli,2723,1041
Maharashtra,Satara,3751,1329
Maharashtra,Sindhudurg,2561,135
Maharashtra,Solapur,4506,573
Maharashtra,Thane,8160,3109
Maharashtra,Wardha,642,161
Maharashtra,Washim,2792,184
Maharashtra,Yavatmal,5604,550
Manipur,Bishnupur,9,0
Manipur,Chandel,123,2
Manipur,Churachandpur,1228,4
Manipur,Imphal East,3946,77
Manipur,Imphal West,9058,16
Manipur,Senapati,58,0
Manipur,Tamenglong,348,0
Manipur,Thoubal,1765,7
Meghalaya,East Khasi Hills,124,0
Meghalaya,West Garo Hills,1,0
Mizoram,Aizawl,1,0
Mizoram,Kolasib,1,0
Nagaland,Dimapur,10,34
Nagaland,Kohima,2,3
Nagaland,Mokokchung,12,1
Nagaland,Mon,198,0
Nagaland,Wokha,3,36
Nagaland,Zunheboto,5,1
Odisha,Angul,11,2
Odisha,Anugul,9641,397
Odisha,Balangir,10,9
Odisha,Baleswar,1234,1638
Odisha,Bargarh,2821,291
Odisha,Baudh,1362,20
Odisha,Bhadrak,3003,1991
Odisha,Boudh,4,0
Odisha,Cuttack,834,344
Odisha,Debagarh,3339,52
Odisha,Dhenkanal,16148,3237
Odisha,Gajapati,4405,88
Odisha,Ganjam,3447,503
Odisha,Jagatsinghapur,5699,214
Odisha,Jajapur,9500,2077
Odisha,Jharsuguda,1,0
Odisha,Kalahandi,10,2
Odisha,Kandhamal,3632,509
Odisha,Kendrapara,8432,92
Odisha,Kendujhar,3176,563
Odisha,Khorda,41,17
Odisha,Khordha,103,32
Odisha,Koraput,1580,1222
Odisha,Mayurbhanj,17259,4409
Odisha,Nabarangapur,8305,23
Odisha,Nayagarh,15927,849
Odisha,Nuapada,349,4
Odisha,Puri,510,86
Odisha,Rayagada,8,2
Odisha,Sambalpur,1937,956
Odisha,Sonapur,331,60
Odisha,Sundergarh,6276,5009
Others,Others,233,8297
Puducherry,Karaikal,540,80
Puducherry,Pondicherry,5,151
Puducherry,Puducherry,135,280
Puducherry,Yanam,1,0
Punjab,Amritsar,6907,2673
Punjab,Barnala,199,254
Punjab,Bathinda,1259,762
Punjab,Faridkot,725,295
Punjab,Fatehgarh Sahib,65,213
Punjab,Fazilka,1631,729
Punjab,Ferozepur,2625,324
Punjab,Gurdaspur,1915,1342
Punjab,Hoshiarpur,2091,687
Punjab,Jalandhar,2685,1337
Punjab,Kapurthala,1486,782
Punjab,Ludhiana,4374,2767
Punjab,Mansa,1967,539
Punjab,Moga,1117,565
Punjab,Muktsar,14,0
Punjab,Pathankot,628,392
Punjab,Patiala,4448,1816
Punjab,Rupnagar,1698,292
Punjab,SAS Nagar (Mohali),1275,516
Punjab,Sangrur,2606,1171
Punjab,Shaheed Bhagat Singh Nagar,194,318
Punjab,Sri Muktsar Sahib,2655,774
Punjab,Tarn Taran,3922,1529
Rajasthan,Ajmer,1948,430
Rajasthan,Alwar,4654,1353
Rajasthan,Banswara,5441,433
Rajasthan,Baran,2698,196
Rajasthan,Barmer,5205,823
Rajasthan,Bharatpur,2709,492
Rajasthan,Bhilwara,6084,634
Rajasthan,Bikaner,3136,319
Rajasthan,Bundi,1453,199
Rajasthan,Chittorgarh,4842,432
Rajasthan,Churu,2688,311
Rajasthan,Dausa,873,381
Rajasthan,Dholpur,1092,103
Rajasthan,Dungarpur,4611,205
Rajasthan,Ganganagar,5116,700
Rajasthan,Hanumangarh,3588,411
Rajasthan,Jaipur,11452,2572
Rajasthan,Jaisalmer,1510,108
Rajasthan,Jalor,3207,640
Rajasthan,Jhalawar,2675,340
Rajasthan,Jhunjhunu,4,10
Rajasthan,Jhunjhunun,3246,714
Rajasthan,Jodhpur,6299,669
Rajasthan,Karauli,1074,200
Rajasthan,Kota,3886,966
Rajasthan,Nagaur,9698,868
Rajasthan,Pali,2267,394
Rajasthan,Pratapgarh,2065,224
Rajasthan,Rajsamand,2009,418
Rajasthan,Sawai Madhopur,1582,294
Rajasthan,Sikar,6893,807
Rajasthan,Sirohi,1519,228
Rajasthan,Tonk,3309,296
Rajasthan,Udaipur,4514,556
Sikkim,East Sikkim,31,17
Sikkim,North Sikkim,6,6
Sikkim,South Sikkim,24,8
Sikkim,West Sikkim,74,4
Tamil Nadu,Ariyalur,263,39
Tamil Nadu,Chennai,22769,1766
Tamil Nadu,Coimbatore,12967,1784
Tamil Nadu,Cuddalore,5469,227
Tamil Nadu,Dharmapuri,4047,170
Tamil Nadu,Dindigul,7963,186
Tamil Nadu,Erode,3875,499
Tamil Nadu,Kancheepuram,26115,429
Tamil Nadu,Kanchipuram,1,0
Tamil Nadu,Kanniyakumari,3847,64
Tamil Nadu,Kanyakumari,92,1
Tamil Nadu,Karur,1157,61
Tamil Nadu,Krishnagiri,7381,150
Tamil Nadu,Madurai,1636,329
Tamil Nadu,Nagapattinam,2140,121
Tamil Nadu,Namakkal,9185,63
Tamil Nadu,Nilgiris,1,2
Tamil Nadu,Perambalur,498,13
Tamil Nadu,Pudukkottai,781,158
Tamil Nadu,Ramanathapuram,15508,121
Tamil Nadu,Salem,12500,191
Tamil Nadu,Sivaganga,1917,44
Tamil Nadu,Thanjavur,14657,229
Tamil Nadu,The Nilgiris,2823,68
Tamil Nadu,Theni,3332,164
Tamil Nadu,Thiruvarur,2154,26
Tamil Nadu,Thoothukkudi,5762,60
Tamil Nadu,Tiruchirappalli,3077,210
Tamil Nadu,Tirunelveli,8389,332
Tamil Nadu,Tiruppur,13682,945
Tamil Nadu,Tiruvallur,24067,1356
Tamil Nadu,Tiruvannamalai,11972,362
Tamil Nadu,Tiruvarur,1,6
Tamil Nadu,Vellore,12570,582
Tamil Nadu,Villupuram,1,0
Tamil Nadu,Viluppuram,11100,225
Tamil Nadu,Virudhunagar,5935,122
Tripura,Dhalai,83,87
Tripura,Gomati,76,19
Tripura,Khowai,24,29
Tripura,North Tripura,305,112
Tripura,Sepahijala,76,17
Tripura,South Tripura,27,6
Tripura,Unakoti,133,23
Tripura,West Tripura,436,132
Uttar Pradesh,Agra,515,269
Uttar Pradesh,Aligarh,851,1027
Uttar Pradesh,Allahabad,2060,177
Uttar Pradesh,Ambedkar Nagar,73,10
Uttar Pradesh,Amethi,4670,219
Uttar Pradesh,Amroha,2727,104
Uttar Pradesh,Auraiya,53,18
Uttar Pradesh,Azamgarh,1167,376
Uttar Pradesh,Baghpat,78,10
Uttar Pradesh,Bahraich,50,4
Uttar Pradesh,Ballia,1724,161
Uttar Pradesh,Balrampur,1364,47
Uttar Pradesh,Banda,1876,70
Uttar Pradesh,Bara Banki,972,51
Uttar Pradesh,Barabanki,1,0
Uttar Pradesh,Bareilly,2375,854
Uttar Pradesh,Basti,306,22
Uttar Pradesh,Bijnor,4551,193
Uttar Pradesh,Budaun,58,7
Uttar Pradesh,Bulandshahar,1,1
Uttar Pradesh,Bulandshahr,731,179
Uttar Pradesh,Chandauli,4805,171
Uttar Pradesh,Chitrakoot,6290,192
Uttar Pradesh,Deoria,2197,160
Uttar Pradesh,Etah,57,13
Uttar Pradesh,Etawah,2012,1254
Uttar Pradesh,Faizabad,2719,260
Uttar Pradesh,Farrukhabad,1115,126
Uttar Pradesh,Fatehpur,3614,100
Uttar Pradesh,Firozabad,38,12
Uttar Pradesh,Gautam Buddha Nagar,1499,350
Uttar Pradesh,Ghaziabad,1729,309
Uttar Pradesh,Ghazipur,4695,155
Uttar Pradesh,Gonda,4054,119
Uttar Pradesh,Gorakhpur,3646,308
Uttar Pradesh,Hamirpur,495,14
Uttar Pradesh,Hardoi,51,16
Uttar Pradesh,Hathras,46,6
Uttar Pradesh,Jalaun,45,11
Uttar Pradesh,Jaunpur,160,24
Uttar Pradesh,Jhansi,3066,1323
Uttar Pradesh,Kannauj,409,46
Uttar Pradesh,Kanpur Dehat,36,12
Uttar Pradesh,Kanpur Nagar,1048,516
Uttar Pradesh,Kasganj,26,1
Uttar Pradesh,Kaushambi,348,7
Uttar Pradesh,Kheri,17,5
Uttar Pradesh,Kushinagar,2606,142
Uttar Pradesh,Lalitpur,34,2
Uttar Pradesh,Lucknow,843,100
Uttar Pradesh,Maharajganj,5063,84
Uttar Pradesh,Mahoba,274,183
Uttar Pradesh,Mahrajganj,2,0
Uttar Pradesh,Mainpuri,150,196
Uttar Pradesh,Mathura,372,113
Uttar Pradesh,Mau,79,11
Uttar Pradesh,Meerut,7557,143
Uttar Pradesh,Mirzapur,78,5
Uttar Pradesh,Moradabad,153,6
Uttar Pradesh,Muzaffarnagar,120,77
Uttar Pradesh,Pilibhit,3267,324
Uttar Pradesh,Pratapgarh,2579,29
Uttar Pradesh,Rae Bareli,11787,532
Uttar Pradesh,Raebareli,0,1
Uttar Pradesh,Rampur,20,6
Uttar Pradesh,Saharanpur,1279,357
Uttar Pradesh,Sambhal,14,5
Uttar Pradesh,Sant Kabir Nagar,4289,216
Uttar Pradesh,Sant Ravidas Nagar,1795,33
Uttar Pradesh,Sant Ravidas Nagar Bhadohi,3,0
Uttar Pradesh,Shahjahanpur,4369,153
Uttar Pradesh,Shamli,64,17
Uttar Pradesh,Shrawasti,3137,60
Uttar Pradesh,Siddharthnagar,442,10
Uttar Pradesh,Sitapur,24,7
Uttar Pradesh,Sonbhadra,1627,75
Uttar Pradesh,Sultanpur,65,17
Uttar Pradesh,Unnao,60,11
Uttar Pradesh,Varanasi,7868,726
Uttarakhand,Almora,53,22
Uttarakhand,Bageshwar,227,62
Uttarakhand,Chamoli,26,4
Uttarakhand,Champawat,315,108
Uttarakhand,Dehradun,1861,287
Uttarakhand,Garhwal,1,0
Uttarakhand,Haridwar,4585,66
Uttarakhand,Nainital,115,83
Uttarakhand,Pauri Garhwal,101,61
Uttarakhand,Pithoragarh,28,8
Uttarakhand,Rudraprayag,15,1
Uttarakhand,Tehri Garhwal,1066,49
Uttarakhand,Udham Singh Nagar,785,315
Uttarakhand,Uttarkashi,5,0
West Bengal,Bankura,1957,139
West Bengal,Barddhaman,6920,886
West Bengal,Bardhaman,586,545
West Bengal,Birbhum,5137,842
West Bengal,Cooch Behar,1430,238
West Bengal,Dakshin Dinajpur,501,23
West Bengal,Darjeeling,2751,129
West Bengal,East Midnapore,5609,3658
West Bengal,Hooghly,18275,1189
West Bengal,Howrah,3833,1361
West Bengal,Jalpaiguri,8415,573
West Bengal,Kolkata,3499,2444
West Bengal,Malda,5882,375
West Bengal,Medinipur,783,1086
West Bengal,Murshidabad,7979,207
West Bengal,Nadia,6165,324
West Bengal,North 24 Parganas,7575,1919
West Bengal,North Dinajpur,51,7
West Bengal,Paschim Medinipur,2119,277
West Bengal,Purba Medinipur,4781,616
West Bengal,Purulia,936,2
West Bengal,Puruliya,1366,293
West Bengal,South 24 Parganas,10834,457
West Bengal,South Twenty Four Parganas,1490,37
West Bengal,Uttar Dinajpur,3639,142
West Bengal,West Midnapore,486,795
