State,District,Aadhaar generated,Enrolment Rejected
Andaman and Nicobar Islands,North And Middle Andaman,1,0
Andhra Pradesh,Adilabad,660,409
Andhra Pradesh,Ananthapur,223,680
Andhra Pradesh,Chittoor,68,179
Andhra Pradesh,Cuddapah,98,238
Andhra Pradesh,East Godavari,84,263
Andhra Pradesh,Guntur,298,130
Andhra Pradesh,Hyderabad,827,682
Andhra Pradesh,K.V.Rangareddy,0,6
Andhra Pradesh,K.v. Rangareddy,2251,924
Andhra Pradesh,Karim Nagar,0,2
Andhra Pradesh,Karimnagar,1084,1008
Andhra Pradesh,Khammam,1882,491
Andhra Pradesh,Krishna,300,172
Andhra Pradesh,Kurnool,1959,3319
Andhra Pradesh,Mahabub Nagar,10,29
Andhra Pradesh,Mahabubnagar,2242,2342
Andhra Pradesh,Mahbubnagar,3,10
Andhra Pradesh,Medak,867,445
Andhra Pradesh,Nalgonda,266,873
Andhra Pradesh,Nellore,413,863
Andhra Pradesh,Nizamabad,817,618
Andhra Pradesh,Prakasam,2635,734
Andhra Pradesh,Srikakulam,209,584
Andhra Pradesh,Visakhapatnam,3170,1686
Andhra Pradesh,Vizianagaram,963,421
Andhra Pradesh,Warangal,1437,1367
Andhra Pradesh,West Godavari,3183,804
Arunachal Pradesh,Lohit,1,0
Arunachal Pradesh,Papum Pare,64,2
Arunachal Pradesh,West Kameng,3,0
Arunachal Pradesh,West Siang,1,1
Assam,Baksa,6,1
Assam,Barpeta,4,1
Assam,Cachar,4,1
Assam,Chirang,0,1
Assam,Dhubri,2,0
Assam,Dibrugarh,3,0
Assam,Goalpara,1,1
Assam,Golaghat,3,0
Assam,Hailakandi,4,0
Assam,Jorhat,3,0
Assam,Kamrup,3,1
Assam,Karbi Anglong,2,0
Assam,Karimganj,3,0
Assam,Kokrajhar,2,1
Assam,Lakhimpur,2,0
Assam,Nagaon,3,1
Assam,Nalbari,2,0
Assam,Sibsagar,3,0
Assam,Sonitpur,7,0
Assam,Tinsukia,2,0
Assam,Udalguri,2,1
Bihar,Araria,9,3
Bihar,Arwal,1384,212
Bihar,Aurangabad,53,16
Bihar,Banka,31,11
Bihar,Begusarai,41,10
Bihar,Bhagalpur,61,13
Bihar,Bhojpur,66,10
Bihar,Buxar,46,12
Bihar,Darbhanga,1803,268
Bihar,East Champaran,60,12
Bihar,Gaya,185,27
Bihar,Gopalganj,673,231
Bihar,Jamui,66,7
Bihar,Jehanabad,22,4
Bihar,Kaimur (Bhabua),11,2
Bihar,Katihar,2016,97
Bihar,Khagaria,25,9
Bihar,Kishanganj,724,92
Bihar,Lakhisarai,10,3
Bihar,Madhepura,19,5
Bihar,Madhubani,93,25
Bihar,Munger,26,6
Bihar,Muzaffarpur,63,12
Bihar,Nalanda,1682,376
Bihar,Nawada,50,13
Bihar,Patna,679,213
Bihar,Purnia,25,5
Bihar,Rohtas,395,66
Bihar,Saharsa,1253,161
Bihar,Samastipur,46,12
Bihar,Saran,88,23
Bihar,Sheikhpura,165,86
Bihar,Sheohar,1257,98
Bihar,Sitamarhi,40,9
Bihar,Siwan,56,13
Bihar,Supaul,22,4
Bihar,Vaishali,4752,216
Bihar,West Champaran,34,3
Chandigarh,Chandigarh,170,135
Chhattisgarh,Balod,80,3
Chhattisgarh,Baloda Bazar,2,1
Chhattisgarh,Bastar,0,7
Chhattisgarh,Bemetara,85,4
Chhattisgarh,Bilaspur,12,1
Chhattisgarh,Dhamtari,44,52
Chhattisgarh,Durg,248,17
Chhattisgarh,Gariyaband,10,0
Chhattisgarh,Janjgir-champa,277,91
Chhattisgarh,Jashpur,4,0
Chhattisgarh,Kawardha,2,0
Chhattisgarh,Korba,364,39
Chhattisgarh,Koriya,2669,135
Chhattisgarh,Mahasamund,432,0
Chhattisgarh,Mungeli,24,1
Chhattisgarh,Mungeli ,50,5
Chhattisgarh,Raigarh,85,0
Chhattisgarh,Raipur,569,10
Chhattisgarh,Rajnandgaon,238,15
Chhattisgarh,Surguja,2,2
Dadra and Nagar Haveli,Dadra and Nagar Haveli,635,110
Daman and Diu,Daman,17,12
Daman and Diu,Diu,0,5
Delhi,Central Delhi,268,361
Delhi,East Delhi,841,1252
Delhi,Najafgarh,0,20
Delhi,New Delhi,24,42
Delhi,North Delhi,392,292
Delhi,North East,3,121
Delhi,North East Delhi,594,1372
Delhi,North West Delhi,1086,2466
Delhi,South Delhi,989,1638
Delhi,South West Delhi,328,851
Delhi,West Delhi,606,1584
Goa,Bardez,0,1
Goa,North Goa,56,230
Goa,South Goa,5,30
Gujarat,Ahmadabad,4,0
Gujarat,Ahmedabad,3501,367
Gujarat,Amreli,2521,91
Gujarat,Anand,323,54
Gujarat,Banaskantha,3840,239
Gujarat,Bharuch,4604,257
Gujarat,Bhavnagar,988,132
Gujarat,Dahod,899,114
Gujarat,Dohad,788,20
Gujarat,Gandhinagar,1332,92
Gujarat,Jamnagar,4039,142
Gujarat,Junagadh,1990,365
Gujarat,Kachchh,1878,107
Gujarat,Kheda,5050,66
Gujarat,Mahesana,1526,139
Gujarat,Narmada,280,59
Gujarat,Navsari,787,550
Gujarat,Panchmahals,1732,268
Gujarat,Patan,898,92
Gujarat,Porbandar,818,116
Gujarat,Rajkot,2663,235
Gujarat,Sabarkantha,3036,90
Gujarat,Surat,5409,313
Gujarat,Surendra Nagar,4058,184
Gujarat,Tapi,888,44
Gujarat,The Dangs,38,5
Gujarat,Vadodara,6516,252
Gujarat,Valsad,1178,90
Haryana,Ambala,1031,197
Haryana,Bhiwani,4962,243
Haryana,Faridabad,4064,773
Haryana,Fatehabad,796,103
Haryana,Gurgaon,1927,596
Haryana,Hisar,4555,318
Haryana,Jhajjar,2176,186
Haryana,Jind,6012,273
Haryana,Kaithal,3125,182
Haryana,Karnal,3227,277
Haryana,Kurukshetra,5360,169
Haryana,Mahendragarh,2889,163
Haryana,Mewat,2350,183
Haryana,Palwal,1456,179
Haryana,Panchkula,96,95
Haryana,Panipat,4203,325
Haryana,Rewari,1443,396
Haryana,Rohtak,1557,237
Haryana,Sirsa,2193,238
Haryana,Sonipat,569,340
Haryana,Yamuna Nagar,3202,269
Himachal Pradesh,Bilaspur,4,39
Himachal Pradesh,Chamba,12,56
Himachal Pradesh,Hamirpur,16,28
Himachal Pradesh,Kangra,225,231
Himachal Pradesh,Kinnaur,12,39
Himachal Pradesh,Kullu,11,44
Himachal Pradesh,Lahul and Spiti,0,3
Himachal Pradesh,Mandi,26,43
Himachal Pradesh,Shimla,59,124
Himachal Pradesh,Sirmaur,45,150
Himachal Pradesh,Solan,65,39
Himachal Pradesh,Una,7,24
Jammu and Kashmir,Anantnag,2966,36
Jammu and Kashmir,Badgam,81,1
Jammu and Kashmir,Baramula,12,1
Jammu and Kashmir,Doda,1508,23
Jammu and Kashmir,Jammu,1018,16
Jammu and Kashmir,Kargil,545,13
Jammu and Kashmir,Kathua,189,10
Jammu and Kashmir,Kupwara,8,2
Jammu and Kashmir,Leh,1,4
Jammu and Kashmir,Pulwama,2428,0
Jammu and Kashmir,Punch,9,1
Jammu and Kashmir,Rajouri,26,1
Jammu and Kashmir,Reasi,0,416
Jammu and Kashmir,Srinagar,17,1
Jammu and Kashmir,Udhampur,211,5
Jharkhand,Bokaro,485,325
Jharkhand,Chatra,1137,733
Jharkhand,Deoghar,556,500
Jharkhand,Dhanbad,888,432
Jharkhand,Dumka,1075,267
Jharkhand,East Singhbhum,850,285
Jharkhand,Garhwa,392,290
Jharkhand,Giridih,379,416
Jharkhand,Godda,1239,334
Jharkhand,Gumla,373,296
Jharkhand,Hazaribagh,244,234
Jharkhand,Jamtara,1320,322
Jharkhand,Khunti,240,37
Jharkhand,Koderma,408,363
Jharkhand,Latehar,2645,381
Jharkhand,Lohardaga,212,122
Jharkhand,Pakaur,1,0
Jharkhand,Pakur,1044,478
Jharkhand,Palamu,4900,529
Jharkhand,Ramgarh,110,77
Jharkhand,Ranchi,368,415
Jharkhand,Sahebganj,4949,395
Jharkhand,Seraikela-Kharsawan,140,123
Jharkhand,Simdega,478,169
Jharkhand,West Singhbhum,1093,546
Karnataka,Bagalkot,1178,585
Karnataka,Bangalore,12333,3084
Karnataka,Bangalore Rural,591,759
Karnataka,Belgaum,12316,9430
Karnataka,Bellary,5072,622
Karnataka,Bidar,748,615
Karnataka,Bijapur,925,184
Karnataka,Bijapur(KAR),1,4
Karnataka,Chamrajanagar,1496,220
Karnataka,Chickmagalur,1529,126
Karnataka,Chikkaballapur,265,383
Karnataka,Chitradurga,4424,808
Karnataka,Dakshina Kannada,1020,4382
Karnataka,Davangere,279,199
Karnataka,Dharwad,128,212
Karnataka,Gadag,191,151
Karnataka,Gulbarga,1045,463
Karnataka,Hassan,3907,324
Karnataka,Haveri,250,73
Karnataka,Kodagu,198,54
Karnataka,Kolar,3452,1747
Karnataka,Koppal,516,131
Karnataka,Mandya,5204,641
Karnataka,Mysore,426,306
Karnataka,Raichur,4164,298
Karnataka,Ramanagar,2671,229
Karnataka,Shimoga,3176,166
Karnataka,Tumkur,400,330
Karnataka,Udupi,188,191
Karnataka,Uttara Kannada,554,300
Karnataka,Yadgir,564,387
Kerala,Alappuzha,307,4889
Kerala,Ernakulam,883,937
Kerala,Idukki,42,103
Kerala,Kannur,879,442
Kerala,Kasaragod,596,392
Kerala,Kasargod,23,46
Kerala,Kollam,188,1196
Kerala,Kottayam,240,278
Kerala,Kozhikode,631,642
Kerala,Malappuram,2846,1392
Kerala,Palakkad,705,604
Kerala,Pathanamthitta,91,69
Kerala,Thiruvananthapuram,596,961
Kerala,Thrissur,798,615
Kerala,Wayanad,18,74
Lakshadweep,Lakshadweep,6,2
Madhya Pradesh,Alirajpur,943,204
Madhya Pradesh,Anuppur,1389,292
Madhya Pradesh,Ashok Nagar,794,84
Madhya Pradesh,Balaghat,3509,404
Madhya Pradesh,Barwani,826,219
Madhya Pradesh,Betul,2703,328
Madhya Pradesh,Bhind,776,190
Madhya Pradesh,Bhopal,1624,323
Madhya Pradesh,Burhanpur,64,59
Madhya Pradesh,Chhatarpur,2369,333
Madhya Pradesh,Chhindwara,4841,507
Madhya Pradesh,Damoh,3315,235
Madhya Pradesh,Datia,1122,84
Madhya Pradesh,Dewas,211,202
Madhya Pradesh,Dhar,3321,548
Madhya Pradesh,Dindori,1599,263
Madhya Pradesh,Guna,696,260
Madhya Pradesh,Gwalior,954,329
Madhya Pradesh,Harda,37,75
Madhya Pradesh,Hoshangabad,74,113
Madhya Pradesh,Indore,885,494
Madhya Pradesh,Jabalpur,1331,426
Madhya Pradesh,Jhabua,1323,511
Madhya Pradesh,Katni,2996,181
Madhya Pradesh,Khandwa,70,136
Madhya Pradesh,Khargone,3698,206
Madhya Pradesh,Mandla,1341,306
Madhya Pradesh,Mandsaur,421,88
Madhya Pradesh,Morena,1388,128
Madhya Pradesh,Narsinghpur,3141,297
Madhya Pradesh,Neemuch,73,100
Madhya Pradesh,Panna,1479,200
Madhya Pradesh,Raisen,1393,175
Madhya Pradesh,Rajgarh,364,169
Madhya Pradesh,Ratlam,360,141
Madhya Pradesh,Rewa,3247,351
Madhya Pradesh,Sagar,2565,311
Madhya Pradesh,Satna,3996,440
Madhya Pradesh,Sehore,2001,117
Madhya Pradesh,Seoni,9419,230
Madhya Pradesh,Shahdol,4479,206
Madhya Pradesh,Shajapur,77,122
Madhya Pradesh,Sheopur,92,11
Madhya Pradesh,Shivpuri,798,109
Madhya Pradesh,Sidhi,1864,246
Madhya Pradesh,Singrauli,2354,182
Madhya Pradesh,Tikamgarh,2382,135
Madhya Pradesh,Ujjain,1243,572
Madhya Pradesh,Umaria,823,184
Madhya Pradesh,Vidisha,1134,204
Maharashtra,Ahmadnagar,1684,1203
Maharashtra,Ahmed Nagar,0,5
Maharashtra,Akola,441,255
Maharashtra,Amravati,563,349
Maharashtra,Aurangabad,1537,891
Maharashtra,Beed,2838,336
Maharashtra,Bhandara,348,590
Maharashtra,Buldhana,1668,245
Maharashtra,Chandrapur,561,479
Maharashtra,Dhule,245,165
Maharashtra,Gadchiroli,841,228
Maharashtra,Gondia,0,1
Maharashtra,Gondiya,310,503
Maharashtra,Hingoli,1788,171
Maharashtra,Jalgaon,1183,533
Maharashtra,Jalna,1055,567
Maharashtra,Kolhapur,2657,504
Maharashtra,Latur,888,655
Maharashtra,Mumbai,1526,776
Maharashtra,Mumbai City,0,1
Maharashtra,Nagpur,1194,947
Maharashtra,Nanded,1606,251
Maharashtra,Nandurbar,450,114
Maharashtra,Nashik,4125,830
Maharashtra,Osmanabad,923,212
Maharashtra,Parbhani,3114,338
Maharashtra,Pune,2328,1089
Maharashtra,Raigarh,2290,253
Maharashtra,Ratnagiri,97,212
Maharashtra,Sangli,1202,553
Maharashtra,Satara,1963,561
Maharashtra,Sindhudurg,815,93
Maharashtra,Solapur,1325,302
Maharashtra,Thane,3366,1726
Maharashtra,Wardha,308,285
Maharashtra,Washim,671,208
Maharashtra,Yavatmal,1714,370
Manipur,Bishnupur,1,1
Manipur,Chandel,168,5
Manipur,Churachandpur,270,19
Manipur,Imphal East,1203,70
Manipur,Imphal West,1918,111
Manipur,Senapati,12,0
Manipur,Tamenglong,234,5
Manipur,Thoubal,170,21
Meghalaya,East Khasi Hills,44,2
Meghalaya,Jaintia Hills,1,0
Mizoram,Aizawl,2,0
Mizoram,Kolasib,1,0
Mizoram,Saiha,2,0
Nagaland,Dimapur,2,7
Nagaland,Kohima,1,0
Nagaland,Mokokchung,1,5
Nagaland,Mon,0,1
Nagaland,Phek,2,0
Nagaland,Wokha,0,16
Nagaland,Zunheboto,0,1
Odisha,Angul,2,1
Odisha,Anugul,972,378
Odisha,Balangir,5,6
Odisha,Baleswar,378,1230
Odisha,Bargarh,493,131
Odisha,Baudh,22,10
Odisha,Bhadrak,1712,1215
Odisha,Cuttack,25,153
Odisha,Debagarh,181,47
Odisha,Dhenkanal,68,1754
Odisha,Gajapati,369,71
Odisha,Ganjam,622,268
Odisha,Jagatsinghapur,1123,157
Odisha,Jajapur,2335,1403
Odisha,Jharsuguda,1,0
Odisha,Kalahandi,0,4
Odisha,Kandhamal,4750,513
Odisha,Kendrapara,211,51
Odisha,Kendujhar,3036,961
Odisha,Khorda,20,7
Odisha,Khordha,189,23
Odisha,Koraput,827,410
Odisha,Mayurbhanj,5902,2697
Odisha,Nabarangapur,2295,31
Odisha,Nayagarh,1857,490
Odisha,Nuapada,26,6
Odisha,Puri,19,26
Odisha,Rayagada,5,1
Odisha,Sambalpur,558,103
Odisha,Sonapur,415,49
Odisha,Sundergarh,1615,2498
Others,Others,58,6229
Puducherry,Karaikal,47,82
Puducherry,Pondicherry,0,40
Puducherry,Puducherry,47,88
Punjab,Amritsar,2330,1226
Punjab,Barnala,47,113
Punjab,Bathinda,319,325
Punjab,Faridkot,73,182
Punjab,Fatehgarh Sahib,114,74
Punjab,Fazilka,740,396
Punjab,Ferozepur,2601,162
Punjab,Gurdaspur,1090,716
Punjab,Hoshiarpur,1840,327
Punjab,Jalandhar,592,740
Punjab,Kapurthala,177,407
Punjab,Ludhiana,1705,1367
Punjab,Mansa,1681,242
Punjab,Moga,273,230
Punjab,Muktsar,17,3
Punjab,Pathankot,451,224
Punjab,Patiala,1846,872
Punjab,Rupnagar,720,199
Punjab,SAS Nagar (Mohali),1261,212
Punjab,Sangrur,840,489
Punjab,Shaheed Bhagat Singh Nagar,64,121
Punjab,Sri Muktsar Sahib,747,338
Punjab,Tarn Taran,1482,654
Rajasthan,Ajmer,747,465
Rajasthan,Alwar,2902,745
Rajasthan,Banswara,4029,306
Rajasthan,Baran,575,279
Rajasthan,Barmer,1036,560
Rajasthan,Bharatpur,1304,282
Rajasthan,Bhilwara,3188,470
Rajasthan,Bikaner,1983,259
Rajasthan,Bundi,446,169
Rajasthan,Chittorgarh,2932,407
Rajasthan,Churu,2175,338
Rajasthan,Dausa,1105,292
Rajasthan,Dholpur,672,96
Rajasthan,Dungarpur,3391,223
Rajasthan,Ganganagar,2652,364
Rajasthan,Hanumangarh,2628,256
Rajasthan,Jaipur,6236,1718
Rajasthan,Jaisalmer,942,83
Rajasthan,Jalor,2607,334
Rajasthan,Jhalawar,1624,319
Rajasthan,Jhunjhunu,3,5
Rajasthan,Jhunjhunun,1106,482
Rajasthan,Jodhpur,5331,590
Rajasthan,Karauli,1454,93
Rajasthan,Kota,1556,879
Rajasthan,Nagaur,4675,782
Rajasthan,Pali,1158,280
Rajasthan,Pratapgarh,1133,92
Rajasthan,Rajsamand,257,276
Rajasthan,Sawai Madhopur,601,309
Rajasthan,Sikar,2985,684
Rajasthan,Sirohi,467,304
Rajasthan,Tonk,1008,322
Rajasthan,Udaipur,1325,626
Sikkim,East Sikkim,3,7
Sikkim,North Sikkim,0,3
Sikkim,South Sikkim,1,9
Sikkim,West Sikkim,22,7
Tamil Nadu,Ariyalur,79,14
Tamil Nadu,Chennai,5457,1203
Tamil Nadu,Coimbatore,16538,989
Tamil Nadu,Cuddalore,498,240
Tamil Nadu,Dharmapuri,388,98
Tamil Nadu,Dindigul,1556,312
Tamil Nadu,Erode,772,388
Tamil Nadu,Kancheepuram,11457,960
Tamil Nadu,Kanniyakumari,602,71
Tamil Nadu,Kanyakumari,6,2
Tamil Nadu,Karur,601,349
Tamil Nadu,Krishnagiri,13878,328
Tamil Nadu,Madurai,257,182
Tamil Nadu,Nagapattinam,952,40
Tamil Nadu,Namakkal,4063,1574
Tamil Nadu,Nilgiris,1,0
Tamil Nadu,Perambalur,270,12
Tamil Nadu,Pudukkottai,90,47
Tamil Nadu,Ramanathapuram,3451,1012
Tamil Nadu,Salem,5099,694
Tamil Nadu,Sivaganga,3489,126
Tamil Nadu,Thanjavur,7568,390
Tamil Nadu,The Nilgiris,3187,101
Tamil Nadu,Theni,1176,491
Tamil Nadu,Thiruvarur,4083,35
Tamil Nadu,Thoothukkudi,1743,75
Tamil Nadu,Tiruchirappalli,651,138
Tamil Nadu,Tirunelveli,1617,172
Tamil Nadu,Tiruppur,3902,588
Tamil Nadu,Tiruvallur,9035,1265
Tamil Nadu,Tiruvannamalai,1747,4026
Tamil Nadu,Tiruvarur,0,1
Tamil Nadu,Vellore,2170,1126
Tamil Nadu,Villupuram,0,1
Tamil Nadu,Viluppuram,6329,721
Tamil Nadu,Virudhunagar,414,170
Tripura,Dhalai,50,22
Tripura,Gomati,13,10
Tripura,Khowai,63,12
Tripura,North Tripura,58,58
Tripura,Sepahijala,12,5
Tripura,South Tripura,0,2
Tripura,Unakoti,20,21
Tripura,West Tripura,55,63
Uttar Pradesh,Agra,94,116
Uttar Pradesh,Aligarh,291,278
Uttar Pradesh,Allahabad,1882,160
Uttar Pradesh,Ambedkar Nagar,58,5
Uttar Pradesh,Amethi,3183,198
Uttar Pradesh,Amroha,734,86
Uttar Pradesh,Auraiya,15,3
Uttar Pradesh,Azamgarh,5067,230
Uttar Pradesh,Baghpat,18,5
Uttar Pradesh,Bahraich,9,3
Uttar Pradesh,Ballia,601,121
Uttar Pradesh,Balrampur,1738,31
Uttar Pradesh,Banda,519,53
Uttar Pradesh,Bara Banki,1220,235
Uttar Pradesh,Barabanki,0,1
Uttar Pradesh,Bareilly,1114,595
Uttar Pradesh,Basti,68,12
Uttar Pradesh,Bijnor,1838,245
Uttar Pradesh,Budaun,16,1
Uttar Pradesh,Bulandshahr,120,65
Uttar Pradesh,Chandauli,1150,181
Uttar Pradesh,Chitrakoot,781,418
Uttar Pradesh,Deoria,361,458
Uttar Pradesh,Etah,22,3
Uttar Pradesh,Etawah,575,419
Uttar Pradesh,Faizabad,3550,205
Uttar Pradesh,Farrukhabad,133,78
Uttar Pradesh,Fatehpur,671,33
Uttar Pradesh,Firozabad,10,6
Uttar Pradesh,Gautam Buddha Nagar,463,369
Uttar Pradesh,Ghaziabad,761,198
Uttar Pradesh,Ghazipur,1646,164
Uttar Pradesh,Gonda,1716,102
Uttar Pradesh,Gorakhpur,1140,232
Uttar Pradesh,Hamirpur,26,5
Uttar Pradesh,Hardoi,38,6
Uttar Pradesh,Hathras,16,7
Uttar Pradesh,Jalaun,13,4
Uttar Pradesh,Jaunpur,67,14
Uttar Pradesh,Jhansi,808,695
Uttar Pradesh,Kannauj,86,12
Uttar Pradesh,Kanpur Dehat,23,5
Uttar Pradesh,Kanpur Nagar,72,176
Uttar Pradesh,Kasganj,10,2
Uttar Pradesh,Kaushambi,852,18
Uttar Pradesh,Kheri,15,1
Uttar Pradesh,Kushinagar,314,95
Uttar Pradesh,Lalitpur,8,1
Uttar Pradesh,Lucknow,54,39
Uttar Pradesh,Maharajganj,903,82
Uttar Pradesh,Mahoba,11,65
Uttar Pradesh,Mainpuri,47,56
Uttar Pradesh,Mathura,103,53
Uttar Pradesh,Mau,47,14
Uttar Pradesh,Meerut,1730,149
Uttar Pradesh,Mirzapur,69,4
Uttar Pradesh,Moradabad,350,7
Uttar Pradesh,Muzaffarnagar,37,24
Uttar Pradesh,Pilibhit,811,617
Uttar Pradesh,Pratapgarh,3553,82
Uttar Pradesh,Rae Bareli,13324,655
Uttar Pradesh,Raebareli,1,0
Uttar Pradesh,Rampur,6,2
Uttar Pradesh,Saharanpur,4044,138
Uttar Pradesh,Sambhal,6,0
Uttar Pradesh,Sant Kabir Nagar,1483,144
Uttar Pradesh,Sant Ravidas Nagar,2589,48
Uttar Pradesh,Shahjahanpur,1582,154
Uttar Pradesh,Shamli,22,6
Uttar Pradesh,Shrawasti,492,156
Uttar Pradesh,Siddharthnagar,354,6
Uttar Pradesh,Sitapur,8,2
Uttar Pradesh,Sonbhadra,410,108
Uttar Pradesh,Sultanpur,39,6
Uttar Pradesh,Unnao,823,4
Uttar Pradesh,Varanasi,5210,418
Uttarakhand,Almora,31,7
Uttarakhand,Bageshwar,56,26
Uttarakhand,Chamoli,11,2
Uttarakhand,Champawat,277,37
Uttarakhand,Dehradun,987,137
Uttarakhand,Garhwal,0,1
Uttarakhand,Haridwar,399,139
Uttarakhand,Nainital,11,28
Uttarakhand,Pauri Garhwal,28,20
Uttarakhand,Pithoragarh,8,3
Uttarakhand,Rudraprayag,3,2
Uttarakhand,Tehri Garhwal,6527,33
Uttarakhand,Udham Singh Nagar,200,129
Uttarakhand,Uttarkashi,4,0
West Bengal,Bankura,79,75
West Bengal,Barddhaman,322,444
West Bengal,Bardhaman,25,261
West Bengal,Birbhum,169,487
West Bengal,Cooch Behar,218,130
West Bengal,Dakshin Dinajpur,93,20
West Bengal,Darjeeling,3870,81
West Bengal,East Midnapore,6133,4349
West Bengal,Hooghly,569,675
West Bengal,Howrah,260,668
West Bengal,Jalpaiguri,1896,561
West Bengal,Kolkata,965,1316
West Bengal,Malda,1419,322
West Bengal,Medinipur,274,513
West Bengal,Murshidabad,5170,151
West Bengal,Nadia,8575,211
West Bengal,North 24 Parganas,3646,906
West Bengal,North Dinajpur,4,3
West Bengal,Paschim Medinipur,59,107
West Bengal,Purba Medinipur,331,250
West Bengal,Purulia,362,34
West Bengal,Puruliya,4754,206
West Bengal,South 24 Parganas,7519,260
West Bengal,South Twenty Four Parganas,79,17
West Bengal,Uttar Dinajpur,1205,223
West Bengal,West Midnapore,268,258
