State,District,Aadhaar generated,Enrolment Rejected
Andaman and Nicobar Islands,North And Middle Andaman,1,0
Andaman and Nicobar Islands,South Andaman,1,0
Andhra Pradesh,Adilabad,1323,651
Andhra Pradesh,Anantapur,5,1
Andhra Pradesh,Ananthapur,2182,139
Andhra Pradesh,Chittoor,460,89
Andhra Pradesh,Cuddapah,476,109
Andhra Pradesh,East Godavari,347,155
Andhra Pradesh,Guntur,388,90
Andhra Pradesh,Hyderabad,1384,313
Andhra Pradesh,K.V.Rangareddy,3,0
Andhra Pradesh,K.v. Rangareddy,2149,587
Andhra Pradesh,Karim Nagar,1,4
Andhra Pradesh,Karimnagar,6437,248
Andhra Pradesh,Khammam,6098,212
Andhra Pradesh,Krishna,323,52
Andhra Pradesh,Kurnool,7201,3874
Andhra Pradesh,Mahabub Nagar,34,0
Andhra Pradesh,Mahabubnagar,17181,3892
Andhra Pradesh,Mahbubnagar,3,31
Andhra Pradesh,Medak,6056,188
Andhra Pradesh,Nalgonda,2688,819
Andhra Pradesh,Nellore,4904,435
Andhra Pradesh,Nizamabad,3119,419
Andhra Pradesh,Prakasam,1457,67
Andhra Pradesh,Srikakulam,352,693
Andhra Pradesh,Visakhapatnam,3694,1959
Andhra Pradesh,Vizianagaram,1345,153
Andhra Pradesh,Warangal,3946,817
Andhra Pradesh,West Godavari,2708,172
Arunachal Pradesh,Kurung Kumey,1,0
Arunachal Pradesh,Papum Pare,87,0
Arunachal Pradesh,West Kameng,5,3
Assam,Baksa,12,0
Assam,Barpeta,19,0
Assam,Bongaigaon,6,0
Assam,Cachar,15,0
Assam,Chirang,2,0
Assam,Darrang,2,0
Assam,Dhemaji,7,0
Assam,Dhubri,2,0
Assam,Dibrugarh,3,0
Assam,Goalpara,2,0
Assam,Golaghat,2,0
Assam,Hailakandi,11,0
Assam,Jorhat,9,0
Assam,Kamrup,12,1
Assam,Kamrup Metro,6,0
Assam,Karbi Anglong,4,0
Assam,Karimganj,10,0
Assam,Kokrajhar,8,0
Assam,Lakhimpur,3,0
Assam,Marigaon,2,0
Assam,Nagaon,15,0
Assam,Nalbari,2,0
Assam,North Cachar Hills,2,0
Assam,Sibsagar,7,1
Assam,Sonitpur,13,0
Assam,Tinsukia,3,0
Assam,Udalguri,5,1
Bihar,Araria,108,5
Bihar,Arwal,334,82
Bihar,Aurangabad,75,2
Bihar,Banka,119,3
Bihar,Begusarai,75,1
Bihar,Bhagalpur,122,2
Bihar,Bhojpur,132,5
Bihar,Buxar,75,4
Bihar,Darbhanga,1851,392
Bihar,East Champaran,148,4
Bihar,Gaya,336,8
Bihar,Gopalganj,4199,574
Bihar,Jamui,289,12
Bihar,Jehanabad,33,1
Bihar,Kaimur (Bhabua),45,3
Bihar,Katihar,8732,72
Bihar,Khagaria,51,0
Bihar,Kishanganj,7291,541
Bihar,Lakhisarai,53,3
Bihar,Madhepura,27,1
Bihar,Madhubani,212,7
Bihar,Munger,65,1
Bihar,Muzaffarpur,150,4
Bihar,Nalanda,3411,116
Bihar,Nawada,188,1
Bihar,Patna,1013,127
Bihar,Purnia,77,3
Bihar,Rohtas,1142,8
Bihar,Saharsa,2126,3
Bihar,Samastipur,109,4
Bihar,Saran,184,7
Bihar,Sheikhpura,392,9
Bihar,Sheohar,4461,10
Bihar,Sitamarhi,116,2
Bihar,Siwan,138,2
Bihar,Supaul,78,0
Bihar,Vaishali,456,25
Bihar,West Champaran,78,1
Chandigarh,Chandigarh,863,131
Chhattisgarh,Balod,482,3
Chhattisgarh,Baloda Bazar,8,0
Chhattisgarh,Bastar,32,0
Chhattisgarh,Bemetara,110,0
Chhattisgarh,Bilaspur,41,0
Chhattisgarh,Dantewada,1,0
Chhattisgarh,Dhamtari,598,4
Chhattisgarh,Durg,790,5
Chhattisgarh,Janjgir-champa,887,3
Chhattisgarh,Jashpur,11,0
Chhattisgarh,Kanker,1,0
Chhattisgarh,Kawardha,25,5
Chhattisgarh,Korba,483,1
Chhattisgarh,Koriya,747,57
Chhattisgarh,Mahasamund,2,0
Chhattisgarh,Mungeli,105,0
Chhattisgarh,Mungeli ,486,1
Chhattisgarh,Raigarh,402,0
Chhattisgarh,Raipur,146,0
Chhattisgarh,Rajnandgaon,867,5
Chhattisgarh,Surajpur,1,0
Chhattisgarh,Surguja,8,1
Dadra and Nagar Haveli,Dadra and Nagar Haveli,97,57
Daman and Diu,Daman,22,2
Daman and Diu,Diu,3,0
Delhi,Central Delhi,558,92
Delhi,East Delhi,1185,180
Delhi,Najafgarh,7,13
Delhi,New Delhi,82,14
Delhi,North Delhi,402,62
Delhi,North East,26,35
Delhi,North East Delhi,1106,191
Delhi,North West Delhi,1711,231
Delhi,South Delhi,2982,268
Delhi,South West Delhi,1086,184
Delhi,West Delhi,1266,181
Goa,North Goa,49,12
Goa,South Goa,31,4
Gujarat,Ahmadabad,13,0
Gujarat,Ahmedabad,9591,463
Gujarat,Amreli,2951,57
Gujarat,Anand,3523,83
Gujarat,Banaskantha,6877,123
Gujarat,Bharuch,7816,304
Gujarat,Bhavnagar,1970,96
Gujarat,Dahod,7590,212
Gujarat,Dohad,295,11
Gujarat,Gandhinagar,1890,27
Gujarat,Jamnagar,5675,129
Gujarat,Junagadh,6854,348
Gujarat,Kachchh,4314,62
Gujarat,Kheda,4303,36
Gujarat,Mahesana,3855,116
Gujarat,Narmada,543,8
Gujarat,Navsari,3433,539
Gujarat,Panchmahals,3269,196
Gujarat,Patan,2054,44
Gujarat,Porbandar,893,46
Gujarat,Rajkot,7841,212
Gujarat,Sabarkantha,2332,89
Gujarat,Surat,12267,256
Gujarat,Surendra Nagar,5435,90
Gujarat,Tapi,3258,66
Gujarat,The Dangs,152,3
Gujarat,Vadodara,15953,214
Gujarat,Valsad,2639,133
Haryana,Ambala,728,19
Haryana,Bhiwani,3294,115
Haryana,Faridabad,4273,225
Haryana,Fatehabad,2734,52
Haryana,Gurgaon,3083,136
Haryana,Hisar,2574,42
Haryana,Jhajjar,1411,27
Haryana,Jind,3432,35
Haryana,Kaithal,1911,34
Haryana,Karnal,1461,59
Haryana,Kurukshetra,1741,39
Haryana,Mahendragarh,2451,26
Haryana,Mewat,3672,265
Haryana,Palwal,1636,37
Haryana,Panchkula,358,22
Haryana,Panipat,5372,85
Haryana,Rewari,2054,41
Haryana,Rohtak,2002,31
Haryana,Sirsa,4007,155
Haryana,Sonipat,677,38
Haryana,Yamuna Nagar,3289,27
Himachal Pradesh,Bilaspur,90,1
Himachal Pradesh,Chamba,192,6
Himachal Pradesh,Hamirpur,150,0
Himachal Pradesh,Kangra,928,27
Himachal Pradesh,Kinnaur,57,1
Himachal Pradesh,Kullu,114,11
Himachal Pradesh,Lahul and Spiti,6,0
Himachal Pradesh,Mandi,136,2
Himachal Pradesh,Shimla,354,6
Himachal Pradesh,Sirmaur,248,10
Himachal Pradesh,Solan,165,20
Himachal Pradesh,Una,43,3
Jammu and Kashmir,Anantnag,1568,36
Jammu and Kashmir,Badgam,1365,4
Jammu and Kashmir,Bandipore,32,0
Jammu and Kashmir,Baramula,47,0
Jammu and Kashmir,Doda,2290,13
Jammu and Kashmir,Jammu,635,6
Jammu and Kashmir,Kargil,1534,1
Jammu and Kashmir,Kathua,510,12
Jammu and Kashmir,Kulgam,1,0
Jammu and Kashmir,Kupwara,48,0
Jammu and Kashmir,Leh,84,0
Jammu and Kashmir,Pulwama,1121,29
Jammu and Kashmir,Punch,4,0
Jammu and Kashmir,Rajouri,10,0
Jammu and Kashmir,Reasi,47,58
Jammu and Kashmir,Srinagar,289,1
Jammu and Kashmir,Udhampur,268,0
Jharkhand,Bokaro,1263,352
Jharkhand,Chatra,3292,493
Jharkhand,Deoghar,1881,390
Jharkhand,Dhanbad,2424,304
Jharkhand,Dumka,1281,318
Jharkhand,East Singhbhum,1654,95
Jharkhand,Garhwa,759,103
Jharkhand,Giridih,1964,199
Jharkhand,Godda,1930,254
Jharkhand,Gumla,1247,153
Jharkhand,Hazaribag,8,0
Jharkhand,Hazaribagh,731,240
Jharkhand,Jamtara,2287,126
Jharkhand,Khunti,160,38
Jharkhand,Kodarma,0,1
Jharkhand,Koderma,2530,176
Jharkhand,Latehar,2797,335
Jharkhand,Lohardaga,206,54
Jharkhand,Pakaur,12,0
Jharkhand,Pakur,5869,379
Jharkhand,Palamu,1177,331
Jharkhand,Ramgarh,160,53
Jharkhand,Ranchi,1164,210
Jharkhand,Sahebganj,2588,206
Jharkhand,Seraikela-Kharsawan,208,21
Jharkhand,Simdega,2738,115
Jharkhand,West Singhbhum,1715,178
Karnataka,Bagalkot,2379,210
Karnataka,Bangalore,14936,1166
Karnataka,Bangalore Rural,1054,190
Karnataka,Belgaum,9759,1743
Karnataka,Bellary,8413,441
Karnataka,Bidar,6898,321
Karnataka,Bijapur,1585,60
Karnataka,Bijapur(KAR),12,14
Karnataka,Chamarajanagar,1,0
Karnataka,Chamrajanagar,4635,118
Karnataka,Chickmagalur,4555,89
Karnataka,Chikkaballapur,810,147
Karnataka,Chitradurga,6754,365
Karnataka,Dakshina Kannada,4295,378
Karnataka,Davangere,832,30
Karnataka,Dharwad,756,107
Karnataka,Gadag,743,11
Karnataka,Gulbarga,3951,141
Karnataka,Hassan,8494,135
Karnataka,Haveri,478,34
Karnataka,Kodagu,314,5
Karnataka,Kolar,4932,236
Karnataka,Koppal,1589,121
Karnataka,Mandya,3410,136
Karnataka,Mysore,353,119
Karnataka,Raichur,10054,300
Karnataka,Ramanagar,3258,176
Karnataka,Shimoga,6511,155
Karnataka,Tumkur,416,205
Karnataka,Udupi,413,11
Karnataka,Uttara Kannada,1193,75
Karnataka,Yadgir,6276,311
Kerala,Alappuzha,436,82
Kerala,Ernakulam,1105,192
Kerala,Idukki,146,15
Kerala,Kannur,1167,97
Kerala,Kasaragod,792,85
Kerala,Kasargod,7,20
Kerala,Kollam,549,492
Kerala,Kottayam,581,34
Kerala,Kozhikode,739,291
Kerala,Malappuram,2029,240
Kerala,Palakkad,1132,153
Kerala,Pathanamthitta,194,7
Kerala,Thiruvananthapuram,1141,91
Kerala,Thrissur,804,309
Kerala,Wayanad,90,4
Lakshadweep,Lakshadweep,5,0
Madhya Pradesh,Alirajpur,2015,87
Madhya Pradesh,Anuppur,4451,273
Madhya Pradesh,Ashok Nagar,796,24
Madhya Pradesh,Balaghat,9829,413
Madhya Pradesh,Barwani,1774,299
Madhya Pradesh,Betul,3461,141
Madhya Pradesh,Bhind,1261,73
Madhya Pradesh,Bhopal,1371,168
Madhya Pradesh,Burhanpur,304,28
Madhya Pradesh,Chhatarpur,4441,269
Madhya Pradesh,Chhindwara,5036,188
Madhya Pradesh,Damoh,2268,406
Madhya Pradesh,Datia,906,66
Madhya Pradesh,Dewas,550,178
Madhya Pradesh,Dhar,4297,246
Madhya Pradesh,Dindori,2058,218
Madhya Pradesh,Guna,1070,127
Madhya Pradesh,Gwalior,2040,239
Madhya Pradesh,Harda,189,30
Madhya Pradesh,Hoshangabad,183,39
Madhya Pradesh,Indore,2926,215
Madhya Pradesh,Jabalpur,1375,316
Madhya Pradesh,Jhabua,3918,994
Madhya Pradesh,Katni,2517,154
Madhya Pradesh,Khandwa,196,68
Madhya Pradesh,Khargone,5289,296
Madhya Pradesh,Mandla,1507,160
Madhya Pradesh,Mandsaur,837,102
Madhya Pradesh,Morena,1924,63
Madhya Pradesh,Narsinghpur,1757,150
Madhya Pradesh,Neemuch,202,22
Madhya Pradesh,Panna,1243,65
Madhya Pradesh,Raisen,2656,222
Madhya Pradesh,Rajgarh,502,53
Madhya Pradesh,Ratlam,1280,136
Madhya Pradesh,Rewa,2951,146
Madhya Pradesh,Sagar,2040,171
Madhya Pradesh,Satna,3199,249
Madhya Pradesh,Sehore,1845,119
Madhya Pradesh,Seoni,3982,184
Madhya Pradesh,Shahdol,3058,173
Madhya Pradesh,Shajapur,366,71
Madhya Pradesh,Sheopur,166,21
Madhya Pradesh,Shivpuri,1825,96
Madhya Pradesh,Sidhi,1613,138
Madhya Pradesh,Singrauli,3142,97
Madhya Pradesh,Tikamgarh,2456,126
Madhya Pradesh,Ujjain,2513,237
Madhya Pradesh,Umaria,1293,46
Madhya Pradesh,Vidisha,1519,214
Maharashtra,Ahmadnagar,5815,593
Maharashtra,Ahmed Nagar,2,0
Maharashtra,Akola,2321,240
Maharashtra,Amravati,876,105
Maharashtra,Aurangabad,5812,426
Maharashtra,Beed,3614,218
Maharashtra,Bhandara,2314,363
Maharashtra,Buldhana,4999,149
Maharashtra,Chandrapur,2880,161
Maharashtra,Dhule,767,82
Maharashtra,Gadchiroli,3501,88
Maharashtra,Gondia,2,0
Maharashtra,Gondiya,697,112
Maharashtra,Hingoli,1295,56
Maharashtra,Jalgaon,5984,599
Maharashtra,Jalna,1794,322
Maharashtra,Kolhapur,11678,261
Maharashtra,Latur,1600,247
Maharashtra,Mumbai,3465,289
Maharashtra,Mumbai City,1,0
Maharashtra,Nagpur,3950,664
Maharashtra,Nanded,3088,177
Maharashtra,Nandurbar,694,111
Maharashtra,Nashik,5271,411
Maharashtra,Osmanabad,2009,143
Maharashtra,Parbhani,3240,76
Maharashtra,Pune,4394,450
Maharashtra,Raigarh,7262,261
Maharashtra,Raigarh(MH),1,0
Maharashtra,Ratnagiri,1580,247
Maharashtra,Sangli,4901,260
Maharashtra,Satara,3863,319
Maharashtra,Sindhudurg,4192,42
Maharashtra,Solapur,3280,250
Maharashtra,Thane,7499,599
Maharashtra,Wardha,224,19
Maharashtra,Washim,2742,109
Maharashtra,Yavatmal,5771,308
Manipur,Bishnupur,9,0
Manipur,Chandel,24,0
Manipur,Churachandpur,17,4
Manipur,Imphal East,2527,6
Manipur,Imphal West,2849,8
Manipur,Senapati,10,0
Manipur,Tamenglong,4,0
Manipur,Thoubal,7,50
Manipur,Ukhrul,9,0
Meghalaya,East Khasi Hills,138,0
Mizoram,Aizawl,4,0
Mizoram,Lunglei,2,0
Mizoram,Serchhip,1,0
Nagaland,Dimapur,12,0
Nagaland,Kiphire,1,0
Nagaland,Kohima,2,0
Nagaland,Mokokchung,6,0
Nagaland,Mon,174,10
Nagaland,Phek,1,0
Nagaland,Tuensang,1,0
Nagaland,Wokha,1,0
Nagaland,Zunheboto,5,0
Odisha,Angul,9,0
Odisha,Anugul,6286,178
Odisha,Balangir,14,2
Odisha,Baleswar,2279,381
Odisha,Bargarh,4139,1391
Odisha,Baudh,2608,27
Odisha,Bhadrak,1783,613
Odisha,Boudh,1,0
Odisha,Cuttack,972,48
Odisha,Debagarh,5351,245
Odisha,Dhenkanal,11604,169
Odisha,Gajapati,1517,33
Odisha,Ganjam,5932,1061
Odisha,Jagatsinghapur,4581,68
Odisha,Jajapur,14594,2607
Odisha,Jharsuguda,3,0
Odisha,Kalahandi,76,2
Odisha,Kandhamal,2575,483
Odisha,Kendrapara,4828,18
Odisha,Kendujhar,2194,1221
Odisha,Khorda,37,4
Odisha,Khordha,137,3
Odisha,Koraput,1924,303
Odisha,Malkangiri,1,0
Odisha,Mayurbhanj,26636,6647
Odisha,Nabarangapur,14501,23
Odisha,Nayagarh,13983,1304
Odisha,Nuapada,2701,17
Odisha,Puri,267,0
Odisha,Rayagada,4,0
Odisha,Sambalpur,4312,4039
Odisha,Sonapur,158,213
Odisha,Sundergarh,10183,2273
Others,Others,252,29313
Puducherry,Karaikal,286,12
Puducherry,Pondicherry,1,0
Puducherry,Puducherry,175,7
Puducherry,Yanam,0,1
Punjab,Amritsar,5747,385
Punjab,Barnala,136,20
Punjab,Bathinda,1338,100
Punjab,Chandigarh,1,0
Punjab,Faridkot,586,11
Punjab,Fatehgarh Sahib,66,4
Punjab,Fazilka,1479,69
Punjab,Ferozepur,2082,38
Punjab,Gurdaspur,912,183
Punjab,Hoshiarpur,1741,85
Punjab,Jalandhar,1984,179
Punjab,Kapurthala,1284,110
Punjab,Ludhiana,5640,315
Punjab,Mansa,4174,81
Punjab,Moga,1033,32
Punjab,Muktsar,10,0
Punjab,Pathankot,347,56
Punjab,Patiala,1957,197
Punjab,Rupnagar,1208,19
Punjab,SAS Nagar (Mohali),911,36
Punjab,Sangrur,1146,36
Punjab,Shaheed Bhagat Singh Nagar,264,85
Punjab,Sri Muktsar Sahib,2157,71
Punjab,Tarn Taran,3472,333
Rajasthan,Ajmer,985,104
Rajasthan,Alwar,2517,158
Rajasthan,Banswara,2874,133
Rajasthan,Baran,1575,69
Rajasthan,Barmer,2417,135
Rajasthan,Bharatpur,5729,126
Rajasthan,Bhilwara,4577,180
Rajasthan,Bikaner,1765,109
Rajasthan,Bundi,1662,89
Rajasthan,Chittorgarh,4406,291
Rajasthan,Churu,1855,103
Rajasthan,Dausa,764,55
Rajasthan,Dholpur,1238,85
Rajasthan,Dungarpur,3188,43
Rajasthan,Ganganagar,2974,151
Rajasthan,Hanumangarh,3057,62
Rajasthan,Jaipur,7267,491
Rajasthan,Jaisalmer,1995,61
Rajasthan,Jalor,1804,132
Rajasthan,Jhalawar,1229,101
Rajasthan,Jhunjhunu,5,0
Rajasthan,Jhunjhunun,2092,50
Rajasthan,Jodhpur,4607,134
Rajasthan,Karauli,1654,82
Rajasthan,Kota,1181,170
Rajasthan,Nagaur,3784,236
Rajasthan,Pali,1470,99
Rajasthan,Pratapgarh,1505,110
Rajasthan,Rajsamand,1572,60
Rajasthan,Sawai Madhopur,3395,65
Rajasthan,Sikar,2747,82
Rajasthan,Sirohi,1753,70
Rajasthan,Tonk,1398,113
Rajasthan,Udaipur,3015,172
Sikkim,East Sikkim,23,0
Sikkim,North Sikkim,3,0
Sikkim,South Sikkim,16,0
Sikkim,West Sikkim,30,1
Tamil Nadu,Ariyalur,119,2
Tamil Nadu,Chennai,24738,597
Tamil Nadu,Coimbatore,19958,612
Tamil Nadu,Cuddalore,1328,77
Tamil Nadu,Dharmapuri,2469,23
Tamil Nadu,Dindigul,2413,70
Tamil Nadu,Erode,2066,599
Tamil Nadu,Kancheepuram,19662,192
Tamil Nadu,Kanniyakumari,3088,48
Tamil Nadu,Kanyakumari,45,0
Tamil Nadu,Karur,1368,39
Tamil Nadu,Krishnagiri,19537,63
Tamil Nadu,Madurai,1541,58
Tamil Nadu,Nagapattinam,817,23
Tamil Nadu,Namakkal,539,24
Tamil Nadu,Nilgiris,1,0
Tamil Nadu,Perambalur,494,4
Tamil Nadu,Pudukkottai,207,4
Tamil Nadu,Ramanathapuram,823,5
Tamil Nadu,Salem,4794,20
Tamil Nadu,Sivaganga,461,23
Tamil Nadu,Thanjavur,22106,42
Tamil Nadu,The Nilgiris,4877,60
Tamil Nadu,Theni,1416,1334
Tamil Nadu,Thiruvarur,1929,7
Tamil Nadu,Thoothukkudi,3152,9
Tamil Nadu,Tiruchirappalli,5700,59
Tamil Nadu,Tirunelveli,12835,257
Tamil Nadu,Tiruppur,20243,419
Tamil Nadu,Tiruvallur,26337,1645
Tamil Nadu,Tiruvannamalai,6595,723
Tamil Nadu,Tiruvarur,1,0
Tamil Nadu,Vellore,6117,711
Tamil Nadu,Villupuram,1,0
Tamil Nadu,Viluppuram,2957,34
Tamil Nadu,Virudhunagar,2124,397
Tripura,Dhalai,323,18
Tripura,Gomati,147,0
Tripura,Khowai,24,3
Tripura,North Tripura,328,22
Tripura,Sepahijala,29,0
Tripura,South Tripura,7,0
Tripura,Unakoti,329,25
Tripura,West Tripura,303,15
Uttar Pradesh,Agra,1036,4
Uttar Pradesh,Aligarh,1294,20
Uttar Pradesh,Allahabad,1896,30
Uttar Pradesh,Ambedkar Nagar,81,4
Uttar Pradesh,Amethi,3549,86
Uttar Pradesh,Amroha,4004,22
Uttar Pradesh,Auraiya,46,2
Uttar Pradesh,Azamgarh,1564,202
Uttar Pradesh,Baghpat,55,0
Uttar Pradesh,Bahraich,45,2
Uttar Pradesh,Ballia,2178,15
Uttar Pradesh,Balrampur,964,30
Uttar Pradesh,Banda,980,7
Uttar Pradesh,Bara Banki,354,21
Uttar Pradesh,Bareilly,4482,126
Uttar Pradesh,Basti,194,2
Uttar Pradesh,Bijnor,2736,227
Uttar Pradesh,Budaun,46,1
Uttar Pradesh,Bulandshahr,2686,102
Uttar Pradesh,Chandauli,2662,119
Uttar Pradesh,Chitrakoot,2391,61
Uttar Pradesh,Deoria,523,7
Uttar Pradesh,Etah,60,0
Uttar Pradesh,Etawah,2165,96
Uttar Pradesh,Faizabad,4660,58
Uttar Pradesh,Farrukhabad,356,6
Uttar Pradesh,Fatehpur,1571,12
Uttar Pradesh,Firozabad,36,1
Uttar Pradesh,Gautam Buddha Nagar,1842,40
Uttar Pradesh,Ghaziabad,1924,118
Uttar Pradesh,Ghazipur,1808,63
Uttar Pradesh,Gonda,2181,23
Uttar Pradesh,Gorakhpur,1219,29
Uttar Pradesh,Hamirpur,1612,4
Uttar Pradesh,Hardoi,66,6
Uttar Pradesh,Hathras,59,0
Uttar Pradesh,Jalaun,63,2
Uttar Pradesh,Jaunpur,191,2
Uttar Pradesh,Jhansi,1610,48
Uttar Pradesh,Kannauj,293,30
Uttar Pradesh,Kanpur Dehat,44,3
Uttar Pradesh,Kanpur Nagar,1215,177
Uttar Pradesh,Kasganj,21,0
Uttar Pradesh,Kaushambi,63,4
Uttar Pradesh,Kheri,27,0
Uttar Pradesh,Kushinagar,353,9
Uttar Pradesh,Lalitpur,13,0
Uttar Pradesh,Lucknow,1143,18
Uttar Pradesh,Maharajganj,1711,23
Uttar Pradesh,Mahoba,246,2
Uttar Pradesh,Mainpuri,187,4
Uttar Pradesh,Mathura,379,23
Uttar Pradesh,Mau,69,2
Uttar Pradesh,Meerut,1259,35
Uttar Pradesh,Mirzapur,76,1
Uttar Pradesh,Moradabad,47,0
Uttar Pradesh,Muzaffarnagar,207,2
Uttar Pradesh,Pilibhit,8287,81
Uttar Pradesh,Pratapgarh,1818,6
Uttar Pradesh,Rae Bareli,3301,101
Uttar Pradesh,Rampur,10,0
Uttar Pradesh,Saharanpur,4493,37
Uttar Pradesh,Sambhal,15,0
Uttar Pradesh,Sant Kabir Nagar,3548,133
Uttar Pradesh,Sant Ravidas Nagar,1870,30
Uttar Pradesh,Shahjahanpur,167,6
Uttar Pradesh,Shamli,56,0
Uttar Pradesh,Shrawasti,782,64
Uttar Pradesh,Siddharthnagar,256,0
Uttar Pradesh,Sitapur,24,0
Uttar Pradesh,Sonbhadra,1863,20
Uttar Pradesh,Sultanpur,77,2
Uttar Pradesh,Unnao,73,2
Uttar Pradesh,Varanasi,3133,107
Uttarakhand,Almora,58,2
Uttarakhand,Bageshwar,243,3
Uttarakhand,Chamoli,24,0
Uttarakhand,Champawat,143,1
Uttarakhand,Dehradun,1237,122
Uttarakhand,Garhwal,1,0
Uttarakhand,Haridwar,429,2
Uttarakhand,Nainital,80,5
Uttarakhand,Pauri Garhwal,109,2
Uttarakhand,Pithoragarh,22,0
Uttarakhand,Rudraprayag,19,0
Uttarakhand,Tehri Garhwal,1136,17
Uttarakhand,Udham Singh Nagar,363,252
Uttarakhand,Uttarkashi,8,0
West Bengal,Bankura,3285,36
West Bengal,Barddhaman,10194,111
West Bengal,Bardhaman,512,344
West Bengal,Birbhum,8511,130
West Bengal,Cooch Behar,988,23
West Bengal,Dakshin Dinajpur,612,29
West Bengal,Darjeeling,1822,20
West Bengal,East Midnapore,1577,138
West Bengal,Hooghly,30748,613
West Bengal,Howrah,4250,122
West Bengal,Jalpaiguri,5187,51
West Bengal,Kolkata,1784,216
West Bengal,Malda,8283,353
West Bengal,Medinipur,266,403
West Bengal,Murshidabad,14463,93
West Bengal,Nadia,7746,59
West Bengal,North 24 Parganas,20215,583
West Bengal,North Dinajpur,66,2
West Bengal,Paschim Medinipur,3165,114
West Bengal,Purba Medinipur,10184,44
West Bengal,Purulia,378,3
West Bengal,Puruliya,1917,14
West Bengal,South 24 Parganas,21239,73
West Bengal,South Twenty Four Parganas,888,2
West Bengal,Uttar Dinajpur,9974,530
West Bengal,West Midnapore,164,634
