State,District,Aadhaar generated,Enrolment Rejected
Andaman and Nicobar Islands,Andamans,1,0
Andaman and Nicobar Islands,South Andaman,1,0
Andhra Pradesh,Adilabad,711,1112
Andhra Pradesh,Ananthapur,1712,690
Andhra Pradesh,Chittoor,268,318
Andhra Pradesh,Cuddapah,382,405
Andhra Pradesh,East Godavari,233,470
Andhra Pradesh,Guntur,121,550
Andhra Pradesh,Hyderabad,1464,1138
Andhra Pradesh,K.V.Rangareddy,3,24
Andhra Pradesh,K.v. Rangareddy,1554,1941
Andhra Pradesh,Karim Nagar,1,0
Andhra Pradesh,Karimnagar,3787,2257
Andhra Pradesh,Khammam,1676,1963
Andhra Pradesh,Krishna,139,1047
Andhra Pradesh,Kurnool,4923,9360
Andhra Pradesh,Mahabub Nagar,65,84
Andhra Pradesh,Mahabubnagar,7095,3268
Andhra Pradesh,Mahbubnagar,22,30
Andhra Pradesh,Medak,3310,1160
Andhra Pradesh,Nalgonda,1737,2099
Andhra Pradesh,Nellore,894,1543
Andhra Pradesh,Nizamabad,3220,1207
Andhra Pradesh,Prakasam,1101,573
Andhra Pradesh,Srikakulam,39,2834
Andhra Pradesh,Visakhapatnam,3456,4740
Andhra Pradesh,Vizianagaram,699,671
Andhra Pradesh,Warangal,2469,3081
Andhra Pradesh,West Godavari,1759,1220
Arunachal Pradesh,East Siang,0,1
Arunachal Pradesh,Lower Subansiri,1,0
Arunachal Pradesh,Papum Pare,121,4
Arunachal Pradesh,Tawang,2,0
Arunachal Pradesh,Tirap,0,1
Arunachal Pradesh,Upper Subansiri,0,1
Arunachal Pradesh,West Kameng,22,1
Assam,Baksa,2,1
Assam,Barpeta,3,4
Assam,Bongaigaon,2,1
Assam,Cachar,11,6
Assam,Chirang,1,1
Assam,Darrang,2,2
Assam,Dhemaji,1,0
Assam,Dhubri,1,0
Assam,Dibrugarh,3,0
Assam,Goalpara,2,0
Assam,Golaghat,5,0
Assam,Hailakandi,4,0
Assam,Jorhat,6,1
Assam,Kamrup,10,2
Assam,Kamrup Metro,1,0
Assam,Karbi Anglong,3,1
Assam,Karimganj,2,4
Assam,Kokrajhar,1,2
Assam,Lakhimpur,1,0
Assam,Marigaon,4,1
Assam,Nagaon,5,2
Assam,Sibsagar,5,1
Assam,Sonitpur,7,1
Assam,Tinsukia,2,0
Assam,Udalguri,3,3
Bihar,Araria,26,9
Bihar,Arwal,2706,111
Bihar,Aurangabad,50,20
Bihar,Aurangabad(BH),0,1
Bihar,Banka,44,15
Bihar,Begusarai,33,5
Bihar,Bhabua,0,1
Bihar,Bhagalpur,167,32
Bihar,Bhojpur,66,30
Bihar,Buxar,42,15
Bihar,Darbhanga,1993,600
Bihar,East Champaran,66,14
Bihar,Gaya,392,39
Bihar,Gopalganj,1924,217
Bihar,Jamui,163,27
Bihar,Jehanabad,21,15
Bihar,Kaimur (Bhabua),22,7
Bihar,Katihar,5026,99
Bihar,Khagaria,23,5
Bihar,Kishanganj,1807,98
Bihar,Lakhisarai,23,4
Bihar,Madhepura,15,5
Bihar,Madhubani,130,34
Bihar,Munger,37,21
Bihar,Muzaffarpur,86,27
Bihar,Nalanda,2200,237
Bihar,Nawada,187,19
Bihar,Patna,1236,386
Bihar,Purnia,53,5
Bihar,Rohtas,429,251
Bihar,Saharsa,917,356
Bihar,Samastipur,78,18
Bihar,Saran,138,35
Bihar,Sheikhpura,232,185
Bihar,Sheohar,1059,72
Bihar,Sitamarhi,69,20
Bihar,Siwan,114,29
Bihar,Supaul,23,8
Bihar,Vaishali,2799,79
Bihar,West Champaran,36,8
Chandigarh,Chandigarh,406,517
Chhattisgarh,Balod,192,25
Chhattisgarh,Baloda Bazar,2,0
Chhattisgarh,Balrampur,2,0
Chhattisgarh,Bastar,13,64
Chhattisgarh,Bemetara,49,2
Chhattisgarh,Bilaspur,15,5
Chhattisgarh,Dhamtari,146,561
Chhattisgarh,Durg,684,53
Chhattisgarh,Janjgir-champa,457,733
Chhattisgarh,Jashpur,3,2
Chhattisgarh,Kanker,1,0
Chhattisgarh,Kawardha,9,1
Chhattisgarh,Korba,1983,61
Chhattisgarh,Koriya,846,444
Chhattisgarh,Mahasamund,86,0
Chhattisgarh,Mungeli,0,1
Chhattisgarh,Mungeli ,270,4
Chhattisgarh,Raigarh,12,7
Chhattisgarh,Raipur,401,10
Chhattisgarh,Rajnandgaon,68,26
Chhattisgarh,Surajpur ,0,1
Chhattisgarh,Surguja,2,0
Dadra and Nagar Haveli,Dadra and Nagar Haveli,730,12
Daman and Diu,Daman,18,20
Daman and Diu,Diu,4,12
Delhi,Central Delhi,287,1151
Delhi,East Delhi,725,2677
Delhi,Najafgarh,4,55
Delhi,New Delhi,35,106
Delhi,North Delhi,283,1002
Delhi,North East,23,251
Delhi,North East Delhi,779,2828
Delhi,North West Delhi,1239,5139
Delhi,South Delhi,1985,4329
Delhi,South West Delhi,499,2165
Delhi,West Delhi,816,3499
Goa,Bardez,0,5
Goa,Bicholim,0,1
Goa,North Goa,30,472
Goa,South Goa,20,99
Gujarat,Ahmadabad,4,0
Gujarat,Ahmedabad,5878,344
Gujarat,Amreli,3794,67
Gujarat,Anand,779,134
Gujarat,Banaskantha,8700,70
Gujarat,Bharuch,4290,323
Gujarat,Bhavnagar,1250,139
Gujarat,Dahod,2217,201
Gujarat,Dohad,119,29
Gujarat,Gandhinagar,1303,107
Gujarat,Jamnagar,4554,152
Gujarat,Junagadh,7195,823
Gujarat,Kachchh,2429,152
Gujarat,Kheda,1985,157
Gujarat,Mahesana,2737,175
Gujarat,Narmada,1008,111
Gujarat,Navsari,2211,875
Gujarat,Panchmahals,1725,695
Gujarat,Patan,1159,112
Gujarat,Porbandar,334,46
Gujarat,Rajkot,5843,495
Gujarat,Sabarkantha,911,194
Gujarat,Surat,8276,278
Gujarat,Surendra Nagar,5050,90
Gujarat,Tapi,3107,72
Gujarat,The Dangs,35,3
Gujarat,Vadodara,4891,217
Gujarat,Valsad,1787,176
Haryana,Ambala,305,427
Haryana,Bhiwani,2604,717
Haryana,Faridabad,3197,1132
Haryana,Fatehabad,1123,327
Haryana,Gurgaon,2119,1083
Haryana,Hisar,2250,899
Haryana,Jhajjar,1072,239
Haryana,Jind,3156,210
Haryana,Kaithal,1431,326
Haryana,Karnal,2691,650
Haryana,Kurukshetra,1321,536
Haryana,Mahendragarh,1413,158
Haryana,Mewat,2509,399
Haryana,Palwal,1386,189
Haryana,Panchkula,183,288
Haryana,Panipat,2285,450
Haryana,Rewari,1120,186
Haryana,Rohtak,1430,554
Haryana,Sirsa,4201,446
Haryana,Sonipat,446,871
Haryana,Yamuna Nagar,1233,657
Himachal Pradesh,Bilaspur,16,94
Himachal Pradesh,Chamba,112,178
Himachal Pradesh,Hamirpur,19,68
Himachal Pradesh,Kangra,437,709
Himachal Pradesh,Kinnaur,13,101
Himachal Pradesh,Kullu,28,299
Himachal Pradesh,Lahul and Spiti,2,20
Himachal Pradesh,Mandi,58,254
Himachal Pradesh,Shimla,72,336
Himachal Pradesh,Sirmaur,190,722
Himachal Pradesh,Solan,111,184
Himachal Pradesh,Una,30,67
Jammu and Kashmir,Anantnag,2336,77
Jammu and Kashmir,Badgam,595,7
Jammu and Kashmir,Bandipore,2,1
Jammu and Kashmir,Baramula,26,0
Jammu and Kashmir,Doda,1525,39
Jammu and Kashmir,Jammu,435,34
Jammu and Kashmir,Kargil,173,7
Jammu and Kashmir,Kathua,237,71
Jammu and Kashmir,Kupwara,10,1
Jammu and Kashmir,Leh,20,21
Jammu and Kashmir,Pulwama,264,19
Jammu and Kashmir,Punch,1,2
Jammu and Kashmir,Rajouri,6,15
Jammu and Kashmir,Reasi,0,12
Jammu and Kashmir,Srinagar,168,1
Jammu and Kashmir,Udhampur,486,5
Jharkhand,Bokaro,509,832
Jharkhand,Chatra,2047,978
Jharkhand,Deoghar,1351,637
Jharkhand,Dhanbad,1439,1150
Jharkhand,Dumka,346,1029
Jharkhand,East Singhbhum,909,617
Jharkhand,Garhwa,1751,1055
Jharkhand,Giridih,1530,623
Jharkhand,Godda,775,512
Jharkhand,Gumla,444,339
Jharkhand,Hazaribag,1,3
Jharkhand,Hazaribagh,461,704
Jharkhand,Jamtara,931,571
Jharkhand,Khunti,82,160
Jharkhand,Koderma,704,802
Jharkhand,Latehar,1572,685
Jharkhand,Lohardaga,95,223
Jharkhand,Pakur,2205,541
Jharkhand,Palamau,1,0
Jharkhand,Palamu,1263,939
Jharkhand,Ramgarh,121,296
Jharkhand,Ranchi,309,1415
Jharkhand,Sahebganj,2791,445
Jharkhand,Seraikela-Kharsawan,342,258
Jharkhand,Simdega,800,441
Jharkhand,West Singhbhum,689,1633
Karnataka,Bagalkot,1973,190
Karnataka,Bangalore,10005,3891
Karnataka,Bangalore Rural,707,971
Karnataka,Belgaum,6671,3197
Karnataka,Bellary,8376,518
Karnataka,Bidar,1341,586
Karnataka,Bijapur,1814,254
Karnataka,Bijapur(KAR),13,1
Karnataka,Chamrajanagar,3301,304
Karnataka,Chickmagalur,1560,290
Karnataka,Chikkaballapur,1772,498
Karnataka,Chitradurga,4059,790
Karnataka,Dakshina Kannada,2825,10906
Karnataka,Davangere,586,154
Karnataka,Dharwad,396,167
Karnataka,Gadag,175,66
Karnataka,Gulbarga,2625,543
Karnataka,Hassan,5364,335
Karnataka,Haveri,311,240
Karnataka,Kodagu,193,186
Karnataka,Kolar,3216,762
Karnataka,Koppal,757,118
Karnataka,Mandya,2703,315
Karnataka,Mysore,298,428
Karnataka,Raichur,1715,448
Karnataka,Ramanagar,2751,173
Karnataka,Shimoga,3581,220
Karnataka,Tumkur,215,555
Karnataka,Udupi,601,373
Karnataka,Uttara Kannada,769,1174
Karnataka,Yadgir,3182,343
Kerala,Alappuzha,295,2028
Kerala,Ernakulam,657,1322
Kerala,Idukki,194,794
Kerala,Kannur,442,626
Kerala,Kasaragod,379,1907
Kerala,Kasargod,5,58
Kerala,Kollam,581,3331
Kerala,Kottayam,496,1383
Kerala,Kozhikode,592,1450
Kerala,Malappuram,2831,1501
Kerala,Palakkad,789,615
Kerala,Pathanamthitta,195,102
Kerala,Thiruvananthapuram,801,2449
Kerala,Thrissur,519,1161
Kerala,Wayanad,48,47
Lakshadweep,Lakshadweep,1,1
Madhya Pradesh,Alirajpur,1526,530
Madhya Pradesh,Anuppur,1366,351
Madhya Pradesh,Ashok Nagar,279,83
Madhya Pradesh,Balaghat,3747,785
Madhya Pradesh,Barwani,817,292
Madhya Pradesh,Betul,3452,641
Madhya Pradesh,Bhind,881,507
Madhya Pradesh,Bhopal,723,752
Madhya Pradesh,Burhanpur,291,309
Madhya Pradesh,Chhatarpur,3090,609
Madhya Pradesh,Chhindwara,2454,789
Madhya Pradesh,Damoh,1451,296
Madhya Pradesh,Datia,492,203
Madhya Pradesh,Dewas,327,616
Madhya Pradesh,Dhar,3102,563
Madhya Pradesh,Dindori,1814,788
Madhya Pradesh,Guna,538,384
Madhya Pradesh,Gwalior,1506,684
Madhya Pradesh,Harda,175,162
Madhya Pradesh,Hoshangabad,197,355
Madhya Pradesh,Indore,1883,961
Madhya Pradesh,Jabalpur,968,915
Madhya Pradesh,Jhabua,1104,1575
Madhya Pradesh,Katni,1155,284
Madhya Pradesh,Khandwa,142,222
Madhya Pradesh,Khargone,2533,568
Madhya Pradesh,Mandla,1332,583
Madhya Pradesh,Mandsaur,227,199
Madhya Pradesh,Morena,824,464
Madhya Pradesh,Narsinghpur,813,833
Madhya Pradesh,Neemuch,411,57
Madhya Pradesh,Panna,1592,263
Madhya Pradesh,Raisen,1233,467
Madhya Pradesh,Rajgarh,457,93
Madhya Pradesh,Ratlam,606,214
Madhya Pradesh,Rewa,2409,659
Madhya Pradesh,Sagar,1996,652
Madhya Pradesh,Satna,2367,731
Madhya Pradesh,Sehore,751,358
Madhya Pradesh,Seoni,1267,757
Madhya Pradesh,Shahdol,1951,487
Madhya Pradesh,Shajapur,192,328
Madhya Pradesh,Sheopur,81,42
Madhya Pradesh,Shivpuri,937,201
Madhya Pradesh,Sidhi,1283,347
Madhya Pradesh,Singrauli,1557,244
Madhya Pradesh,Tikamgarh,1534,285
Madhya Pradesh,Ujjain,1001,786
Madhya Pradesh,Umaria,966,206
Madhya Pradesh,Vidisha,798,594
Maharashtra,Ahmadnagar,2441,1293
Maharashtra,Ahmed Nagar,9,13
Maharashtra,Akola,2242,451
Maharashtra,Amravati,691,464
Maharashtra,Aurangabad,2919,2112
Maharashtra,Beed,2472,595
Maharashtra,Bhandara,1257,1164
Maharashtra,Buldhana,2930,551
Maharashtra,Chandrapur,2435,1063
Maharashtra,Dhule,501,401
Maharashtra,Gadchiroli,2368,532
Maharashtra,Gondia,0,2
Maharashtra,Gondiya,352,605
Maharashtra,Hingoli,607,319
Maharashtra,Jalgaon,1618,1019
Maharashtra,Jalna,1379,672
Maharashtra,Kolhapur,4494,971
Maharashtra,Latur,1197,1557
Maharashtra,Mumbai,2167,2038
Maharashtra,Mumbai City,0,2
Maharashtra,Nagpur,1807,1297
Maharashtra,Nanded,1755,486
Maharashtra,Nandurbar,595,298
Maharashtra,Nashik,5100,2031
Maharashtra,Osmanabad,1663,409
Maharashtra,Parbhani,1528,851
Maharashtra,Pune,4366,2737
Maharashtra,Raigarh,2929,588
Maharashtra,Raigarh(MH),1,2
Maharashtra,Ratnagiri,203,489
Maharashtra,Sangli,1465,1315
Maharashtra,Satara,2287,1124
Maharashtra,Sindhudurg,1744,133
Maharashtra,Solapur,3698,522
Maharashtra,Thane,5452,2611
Maharashtra,Wardha,142,158
Maharashtra,Washim,1234,272
Maharashtra,Yavatmal,5001,600
Manipur,Bishnupur,3,2
Manipur,Chandel,166,0
Manipur,Churachandpur,995,5
Manipur,Imphal East,2283,81
Manipur,Imphal West,4642,28
Manipur,Senapati,19,0
Manipur,Tamenglong,125,1
Manipur,Thoubal,5,4
Manipur,Ukhrul,1,0
Meghalaya,East Khasi Hills,32,1
Meghalaya,Ri Bhoi,0,1
Meghalaya,West Garo Hills,3,1
Mizoram,Aizawl,0,6
Mizoram,Champhai,2,0
Mizoram,Lunglei,1,0
Nagaland,Dimapur,9,74
Nagaland,Kiphire,0,1
Nagaland,Kohima,1,7
Nagaland,Longleng,1,0
Nagaland,Mokokchung,1,2
Nagaland,Mon,46,0
Nagaland,Phek,0,1
Nagaland,Wokha,2,104
Nagaland,Zunheboto,0,4
Odisha,Angul,6,4
Odisha,Anugul,4629,416
Odisha,Balangir,6,10
Odisha,Baleswar,533,1491
Odisha,Bargarh,1090,164
Odisha,Baudh,743,32
Odisha,Bhadrak,823,1056
Odisha,Boudh,5,0
Odisha,Cuttack,308,339
Odisha,Debagarh,1146,80
Odisha,Dhenkanal,5402,3188
Odisha,Gajapati,1297,71
Odisha,Ganjam,1737,426
Odisha,Jagatsinghapur,1007,45
Odisha,Jajapur,2917,1314
Odisha,Kalahandi,11,1
Odisha,Kandhamal,6210,139
Odisha,Kendrapara,2077,69
Odisha,Kendujhar,901,263
Odisha,Khorda,36,26
Odisha,Khordha,28,50
Odisha,Koraput,562,855
Odisha,Malkangiri,3,0
Odisha,Mayurbhanj,8175,1329
Odisha,Nabarangapur,9422,32
Odisha,Nayagarh,6289,866
Odisha,Nuapada,292,10
Odisha,Puri,204,124
Odisha,Rayagada,1,1
Odisha,Sambalpur,1666,1712
Odisha,Sonapur,133,83
Odisha,Sundergarh,2948,4188
Others,Others,130,7010
Puducherry,Karaikal,554,49
Puducherry,Pondicherry,1,27
Puducherry,Puducherry,258,546
Puducherry,Yanam,0,1
Punjab,Amritsar,3985,3368
Punjab,Barnala,83,318
Punjab,Bathinda,455,753
Punjab,Faridkot,161,299
Punjab,Fatehgarh Sahib,66,133
Punjab,Fazilka,770,743
Punjab,Ferozepur,1294,409
Punjab,Gurdaspur,1056,2770
Punjab,Hoshiarpur,867,808
Punjab,Jalandhar,1307,1917
Punjab,Kapurthala,925,901
Punjab,Ludhiana,1988,2779
Punjab,Mansa,1195,515
Punjab,Moga,442,574
Punjab,Muktsar,6,0
Punjab,Pathankot,308,610
Punjab,Patiala,2804,1955
Punjab,Rupnagar,751,320
Punjab,SAS Nagar (Mohali),501,361
Punjab,Sangrur,1467,1110
Punjab,Shaheed Bhagat Singh Nagar,71,555
Punjab,Sri Muktsar Sahib,906,747
Punjab,Tarn Taran,1423,1651
Rajasthan,Ajmer,935,446
Rajasthan,Alwar,1504,1199
Rajasthan,Banswara,2320,460
Rajasthan,Baran,1110,236
Rajasthan,Barmer,1274,1078
Rajasthan,Bharatpur,1055,427
Rajasthan,Bhilwara,2339,499
Rajasthan,Bikaner,1310,325
Rajasthan,Bundi,1063,188
Rajasthan,Chittorgarh,2079,488
Rajasthan,Churu,1360,304
Rajasthan,Dausa,234,502
Rajasthan,Dholpur,996,241
Rajasthan,Dungarpur,3557,179
Rajasthan,Ganganagar,1615,559
Rajasthan,Hanumangarh,1795,412
Rajasthan,Jaipur,3990,3124
Rajasthan,Jaisalmer,731,118
Rajasthan,Jalor,1306,648
Rajasthan,Jhalawar,1295,234
Rajasthan,Jhunjhunu,5,10
Rajasthan,Jhunjhunun,902,778
Rajasthan,Jodhpur,2297,789
Rajasthan,Karauli,514,348
Rajasthan,Kota,1577,674
Rajasthan,Nagaur,3080,1274
Rajasthan,Pali,783,524
Rajasthan,Pratapgarh,1432,287
Rajasthan,Rajsamand,843,530
Rajasthan,Sawai Madhopur,700,349
Rajasthan,Sikar,1998,790
Rajasthan,Sirohi,525,314
Rajasthan,Tonk,1992,277
Rajasthan,Udaipur,1525,1086
Sikkim,East Sikkim,15,32
Sikkim,North Sikkim,2,9
Sikkim,South Sikkim,8,21
Sikkim,West Sikkim,15,11
Tamil Nadu,Ariyalur,336,57
Tamil Nadu,Chennai,11138,1438
Tamil Nadu,Coimbatore,5025,856
Tamil Nadu,Cuddalore,785,403
Tamil Nadu,Dharmapuri,4308,356
Tamil Nadu,Dindigul,4076,118
Tamil Nadu,Erode,612,425
Tamil Nadu,Kancheepuram,8918,1201
Tamil Nadu,Kanniyakumari,4721,67
Tamil Nadu,Kanyakumari,18,0
Tamil Nadu,Karur,427,85
Tamil Nadu,Krishnagiri,1448,352
Tamil Nadu,Madurai,701,255
Tamil Nadu,Nagapattinam,1894,49
Tamil Nadu,Namakkal,3752,81
Tamil Nadu,Nilgiris,0,1
Tamil Nadu,Perambalur,80,3
Tamil Nadu,Pudukkottai,523,400
Tamil Nadu,Ramanathapuram,5256,135
Tamil Nadu,Salem,6925,336
Tamil Nadu,Sivaganga,568,45
Tamil Nadu,Thanjavur,5272,511
Tamil Nadu,The Nilgiris,1024,49
Tamil Nadu,Theni,1169,453
Tamil Nadu,Thiruvarur,1045,13
Tamil Nadu,Thoothukkudi,1899,61
Tamil Nadu,Tiruchirappalli,644,327
Tamil Nadu,Tirunelveli,2733,439
Tamil Nadu,Tiruppur,9371,732
Tamil Nadu,Tiruvallur,21301,1318
Tamil Nadu,Tiruvannamalai,6590,126
Tamil Nadu,Tiruvarur,0,2
Tamil Nadu,Tuticorin,1,0
Tamil Nadu,Vellore,5946,902
Tamil Nadu,Villupuram,1,0
Tamil Nadu,Viluppuram,3285,649
Tamil Nadu,Virudhunagar,5208,154
Tripura,Dhalai,43,220
Tripura,Gomati,29,94
Tripura,Khowai,10,78
Tripura,North Tripura,85,372
Tripura,Sepahijala,38,53
Tripura,South Tripura,3,12
Tripura,Unakoti,79,74
Tripura,West Tripura,169,470
Uttar Pradesh,Agra,414,122
Uttar Pradesh,Aligarh,373,706
Uttar Pradesh,Allahabad,630,222
Uttar Pradesh,Ambedkar Nagar,39,10
Uttar Pradesh,Amethi,2054,314
Uttar Pradesh,Amroha,2817,383
Uttar Pradesh,Auraiya,35,14
Uttar Pradesh,Azamgarh,663,380
Uttar Pradesh,Baghpat,37,14
Uttar Pradesh,Bahraich,19,6
Uttar Pradesh,Ballia,1052,198
Uttar Pradesh,Balrampur,813,139
Uttar Pradesh,Banda,887,199
Uttar Pradesh,Bara Banki,386,122
Uttar Pradesh,Bareilly,818,714
Uttar Pradesh,Basti,202,34
Uttar Pradesh,Bijnor,1929,125
Uttar Pradesh,Budaun,42,2
Uttar Pradesh,Bulandshahr,329,73
Uttar Pradesh,Chandauli,2747,411
Uttar Pradesh,Chitrakoot,3253,563
Uttar Pradesh,Deoria,511,457
Uttar Pradesh,Etah,67,5
Uttar Pradesh,Etawah,1023,855
Uttar Pradesh,Faizabad,805,249
Uttar Pradesh,Farrukhabad,746,23
Uttar Pradesh,Fatehpur,1908,235
Uttar Pradesh,Firozabad,17,20
Uttar Pradesh,Gautam Buddha Nagar,908,157
Uttar Pradesh,Ghaziabad,708,451
Uttar Pradesh,Ghazipur,1680,271
Uttar Pradesh,Gonda,1908,258
Uttar Pradesh,Gorakhpur,1346,986
Uttar Pradesh,Hamirpur,171,16
Uttar Pradesh,Hardoi,39,23
Uttar Pradesh,Hathras,15,9
Uttar Pradesh,Jalaun,22,12
Uttar Pradesh,Jaunpur,101,24
Uttar Pradesh,Jhansi,2359,401
Uttar Pradesh,Jyotiba Phule Nagar,0,1
Uttar Pradesh,Kannauj,175,22
Uttar Pradesh,Kanpur Dehat,24,27
Uttar Pradesh,Kanpur Nagar,298,1527
Uttar Pradesh,Kasganj,14,2
Uttar Pradesh,Kaushambi,449,2
Uttar Pradesh,Kheri,10,8
Uttar Pradesh,Kushinagar,825,438
Uttar Pradesh,Lalitpur,54,3
Uttar Pradesh,Lucknow,259,126
Uttar Pradesh,Maharajganj,1327,111
Uttar Pradesh,Mahoba,61,106
Uttar Pradesh,Mainpuri,65,148
Uttar Pradesh,Mathura,183,40
Uttar Pradesh,Mau,44,6
Uttar Pradesh,Meerut,2590,374
Uttar Pradesh,Mirzapur,33,7
Uttar Pradesh,Moradabad,321,2
Uttar Pradesh,Muzaffarnagar,63,218
Uttar Pradesh,Pilibhit,1773,244
Uttar Pradesh,Pratapgarh,729,41
Uttar Pradesh,Rae Bareli,6135,1196
Uttar Pradesh,Raebareli,1,0
Uttar Pradesh,Rampur,3,4
Uttar Pradesh,Saharanpur,306,594
Uttar Pradesh,Sambhal,15,5
Uttar Pradesh,Sant Kabir Nagar,2484,343
Uttar Pradesh,Sant Ravidas Nagar,1289,34
Uttar Pradesh,Shahjahanpur,1536,558
Uttar Pradesh,Shamli,25,45
Uttar Pradesh,Shrawasti,1562,118
Uttar Pradesh,Siddharthnagar,496,12
Uttar Pradesh,Sitapur,10,5
Uttar Pradesh,Sonbhadra,664,78
Uttar Pradesh,Sultanpur,39,13
Uttar Pradesh,Unnao,26,13
Uttar Pradesh,Varanasi,3462,2214
Uttarakhand,Almora,32,15
Uttarakhand,Bageshwar,85,186
Uttarakhand,Chamoli,19,5
Uttarakhand,Champawat,291,199
Uttarakhand,Dehradun,555,875
Uttarakhand,Garhwal,1,0
Uttarakhand,Haridwar,204,165
Uttarakhand,Nainital,23,236
Uttarakhand,Pauri Garhwal,31,215
Uttarakhand,Pithoragarh,27,8
Uttarakhand,Rudraprayag,12,4
Uttarakhand,Tehri Garhwal,608,103
Uttarakhand,Udham Singh Nagar,264,925
Uttarakhand,Uttarkashi,2,0
West Bengal,Bankura,953,122
West Bengal,Barddhaman,2791,476
West Bengal,Bardhaman,293,6
West Bengal,Birbhum,2255,303
West Bengal,Cooch Behar,1091,161
West Bengal,Dakshin Dinajpur,1122,22
West Bengal,Darjeeling,2136,106
West Bengal,East Midnapore,2391,107
West Bengal,Hooghly,5808,1338
West Bengal,Howrah,1944,2777
West Bengal,Jalpaiguri,3322,320
West Bengal,Kolkata,933,2407
West Bengal,Malda,5542,376
West Bengal,Medinipur,270,68
West Bengal,Murshidabad,3265,170
West Bengal,Nadia,4234,284
West Bengal,North 24 Parganas,4147,1409
West Bengal,North Dinajpur,26,8
West Bengal,Paschim Medinipur,782,190
West Bengal,Purba Medinipur,1678,641
West Bengal,Purulia,152,4
West Bengal,Puruliya,668,332
West Bengal,South 24 Parganas,12803,476
West Bengal,South Twenty Four Parganas,406,23
West Bengal,Uttar Dinajpur,1990,197
West Bengal,West Midnapore,142,201
