State,District,Aadhaar generated,Enrolment Rejected
Andaman and Nicobar Islands,Nicobar,2,0
Andaman and Nicobar Islands,South Andaman,1,0
Andhra Pradesh,Adilabad,2909,63
Andhra Pradesh,Ananthapur,1106,8
Andhra Pradesh,Chittoor,504,1
Andhra Pradesh,Cuddapah,554,14
Andhra Pradesh,East Godavari,401,10
Andhra Pradesh,Guntur,586,2
Andhra Pradesh,Hyderabad,1713,24
Andhra Pradesh,K.V.Rangareddy,2,0
Andhra Pradesh,K.v. Rangareddy,4171,81
Andhra Pradesh,Karimnagar,18431,39
Andhra Pradesh,Khammam,4933,28
Andhra Pradesh,Krishna,531,2
Andhra Pradesh,Kurnool,11059,168
Andhra Pradesh,Mahabub Nagar,77,0
Andhra Pradesh,Mahabubnagar,13108,189
Andhra Pradesh,Mahbubnagar,3,0
Andhra Pradesh,Medak,15262,52
Andhra Pradesh,Nalgonda,3575,83
Andhra Pradesh,Nellore,4432,45
Andhra Pradesh,Nizamabad,5760,31
Andhra Pradesh,Prakasam,1208,9
Andhra Pradesh,Srikakulam,248,56
Andhra Pradesh,Visakhapatnam,8897,37
Andhra Pradesh,Vizianagaram,1432,8
Andhra Pradesh,Warangal,8748,83
Andhra Pradesh,West Godavari,4805,21
Arunachal Pradesh,Changlang,1,0
Arunachal Pradesh,East Kameng,1,0
Arunachal Pradesh,East Siang,1,0
Arunachal Pradesh,Lohit,2,0
Arunachal Pradesh,Lower Subansiri,1,0
Arunachal Pradesh,Papum Pare,326,0
Arunachal Pradesh,Tawang,2,0
Arunachal Pradesh,Tirap,2,0
Arunachal Pradesh,West Kameng,37,0
Arunachal Pradesh,West Siang,1,0
Assam,Baksa,8,0
Assam,Barpeta,18,0
Assam,Bongaigaon,7,0
Assam,Cachar,29,0
Assam,Chirang,2,0
Assam,Darrang,2,0
Assam,Dhemaji,3,0
Assam,Dhubri,5,0
Assam,Dibrugarh,5,0
Assam,Goalpara,4,0
Assam,Golaghat,7,0
Assam,Hailakandi,8,0
Assam,Jorhat,12,0
Assam,Kamrup,18,1
Assam,Kamrup Metro,3,0
Assam,Karbi Anglong,6,0
Assam,Karimganj,20,0
Assam,Kokrajhar,4,0
Assam,Lakhimpur,7,0
Assam,Marigaon,4,0
Assam,Nagaon,11,0
Assam,Nalbari,2,0
Assam,North Cachar Hills,5,0
Assam,Sibsagar,7,0
Assam,Sonitpur,15,0
Assam,Udalguri,8,0
Bihar,Araria,57,0
Bihar,Arwal,654,176
Bihar,Aurangabad,113,0
Bihar,Aurangabad(BH),3,0
Bihar,Banka,143,0
Bihar,Begusarai,69,0
Bihar,Bhabua,1,0
Bihar,Bhagalpur,155,1
Bihar,Bhojpur,128,2
Bihar,Buxar,65,1
Bihar,Darbhanga,2726,80
Bihar,East Champaran,164,2
Bihar,Gaya,220,4
Bihar,Gopalganj,5288,88
Bihar,Jamui,494,0
Bihar,Jehanabad,52,0
Bihar,Kaimur (Bhabua),34,0
Bihar,Katihar,5087,7
Bihar,Khagaria,27,0
Bihar,Kishanganj,4878,37
Bihar,Lakhisarai,39,1
Bihar,Madhepura,36,0
Bihar,Madhubani,217,3
Bihar,Munger,79,2
Bihar,Muzaffarpur,167,0
Bihar,Nalanda,2967,108
Bihar,Nawada,101,2
Bihar,Patna,1504,1
Bihar,Purnia,58,2
Bihar,Rohtas,1028,1
Bihar,Saharsa,2701,1
Bihar,Samastipur,130,0
Bihar,Saran,203,3
Bihar,Sheikhpura,1245,16
Bihar,Sheohar,2068,7
Bihar,Sitamarhi,142,0
Bihar,Siwan,153,1
Bihar,Supaul,60,1
Bihar,Vaishali,735,6
Bihar,West Champaran,99,1
Chandigarh,Chandigarh,675,44
Chhattisgarh,Balod,787,0
Chhattisgarh,Baloda Bazar,9,0
Chhattisgarh,Balrampur,5,0
Chhattisgarh,Bastar,7,6
Chhattisgarh,Bemetara,169,0
Chhattisgarh,Bilaspur,21,0
Chhattisgarh,Dhamtari,598,0
Chhattisgarh,Durg,4631,2
Chhattisgarh,Janjgir-champa,1988,3
Chhattisgarh,Jashpur,41,0
Chhattisgarh,Kanker,1,0
Chhattisgarh,Kawardha,4,0
Chhattisgarh,Korba,481,0
Chhattisgarh,Koriya,2256,10
Chhattisgarh,Mahasamund,4,0
Chhattisgarh,Mungeli ,1036,0
Chhattisgarh,Raigarh,2173,1
Chhattisgarh,Raipur,191,1
Chhattisgarh,Rajnandgaon,205,0
Chhattisgarh,Surajpur,2,0
Chhattisgarh,Surajpur ,3,0
Chhattisgarh,Surguja,5,0
Dadra and Nagar Haveli,Dadra and Nagar Haveli,264,25
Daman and Diu,Daman,20,0
Daman and Diu,Diu,1,0
Delhi,Central Delhi,1196,53
Delhi,East Delhi,1524,69
Delhi,Najafgarh,4,0
Delhi,New Delhi,164,2
Delhi,North Delhi,1009,24
Delhi,North East,31,17
Delhi,North East Delhi,1497,59
Delhi,North West Delhi,2740,107
Delhi,South Delhi,3426,62
Delhi,South West Delhi,1506,70
Delhi,West Delhi,2183,169
Goa,Bardez,1,0
Goa,North Goa,88,2
Goa,South Goa,69,2
Gujarat,Ahmadabad,15,2
Gujarat,Ahmedabad,15918,111
Gujarat,Amreli,3243,12
Gujarat,Anand,3425,2
Gujarat,Banaskantha,6321,18
Gujarat,Bharuch,6103,162
Gujarat,Bhavnagar,3008,7
Gujarat,Dahod,9217,61
Gujarat,Dohad,3143,10
Gujarat,Gandhinagar,2642,2
Gujarat,Jamnagar,3586,28
Gujarat,Junagadh,10823,55
Gujarat,Kachchh,3732,18
Gujarat,Kheda,2325,13
Gujarat,Mahesana,5484,5
Gujarat,Narmada,961,10
Gujarat,Navsari,1799,8
Gujarat,Panchmahals,4395,76
Gujarat,Patan,1625,13
Gujarat,Porbandar,398,5
Gujarat,Rajkot,11056,36
Gujarat,Sabarkantha,1776,43
Gujarat,Surat,11742,73
Gujarat,Surendra Nagar,3389,10
Gujarat,Tapi,2441,13
Gujarat,The Dangs,142,0
Gujarat,Vadodara,14235,100
Gujarat,Valsad,5369,58
Haryana,Ambala,681,6
Haryana,Bhiwani,6047,27
Haryana,Faridabad,5436,32
Haryana,Fatehabad,2156,12
Haryana,Gurgaon,3035,37
Haryana,Hisar,8011,15
Haryana,Jhajjar,2207,6
Haryana,Jind,5141,13
Haryana,Kaithal,3266,31
Haryana,Karnal,3836,25
Haryana,Kurukshetra,3707,17
Haryana,Mahendragarh,3369,18
Haryana,Mewat,2979,69
Haryana,Palwal,3260,34
Haryana,Panchkula,268,0
Haryana,Panipat,4270,52
Haryana,Rewari,1936,11
Haryana,Rohtak,3289,13
Haryana,Sirsa,3947,34
Haryana,Sonipat,1123,6
Haryana,Yamuna Nagar,3045,14
Himachal Pradesh,Bilaspur,28,0
Himachal Pradesh,Chamba,126,4
Himachal Pradesh,Hamirpur,93,0
Himachal Pradesh,Kangra,711,8
Himachal Pradesh,Kinnaur,14,0
Himachal Pradesh,Kullu,126,0
Himachal Pradesh,Lahul and Spiti,0,1
Himachal Pradesh,Mandi,98,1
Himachal Pradesh,Shimla,165,0
Himachal Pradesh,Sirmaur,172,2
Himachal Pradesh,Solan,204,3
Himachal Pradesh,Una,29,0
Jammu and Kashmir,Anantnag,3450,1
Jammu and Kashmir,Badgam,2498,0
Jammu and Kashmir,Bandipore,12,0
Jammu and Kashmir,Baramula,132,0
Jammu and Kashmir,Doda,2141,6
Jammu and Kashmir,Jammu,1473,656
Jammu and Kashmir,Kargil,1661,0
Jammu and Kashmir,Kathua,570,0
Jammu and Kashmir,Kupwara,32,0
Jammu and Kashmir,Leh,113,0
Jammu and Kashmir,Pulwama,1527,0
Jammu and Kashmir,Punch,3,0
Jammu and Kashmir,Rajouri,15,0
Jammu and Kashmir,Reasi,2,94
Jammu and Kashmir,Srinagar,231,0
Jammu and Kashmir,Udhampur,503,0
Jharkhand,Bokaro,2103,72
Jharkhand,Chatra,2056,44
Jharkhand,Deoghar,3218,63
Jharkhand,Dhanbad,2987,35
Jharkhand,Dumka,1181,9
Jharkhand,East Singhbhum,2757,12
Jharkhand,Garhwa,1876,35
Jharkhand,Giridih,4738,38
Jharkhand,Godda,1483,76
Jharkhand,Gumla,1521,16
Jharkhand,Hazaribag,1,0
Jharkhand,Hazaribagh,962,30
Jharkhand,Jamtara,1202,26
Jharkhand,Khunti,325,0
Jharkhand,Koderma,1248,11
Jharkhand,Latehar,3022,52
Jharkhand,Lohardaga,446,2
Jharkhand,Pakaur,1,0
Jharkhand,Pakur,6132,20
Jharkhand,Palamu,2554,35
Jharkhand,Ramgarh,249,10
Jharkhand,Ranchi,1790,9
Jharkhand,Sahebganj,3426,40
Jharkhand,Seraikela-Kharsawan,363,2
Jharkhand,Simdega,3577,31
Jharkhand,West Singhbhum,3138,5
Karnataka,Bagalkot,5617,54
Karnataka,Bangalore,23420,257
Karnataka,Bangalore Rural,995,26
Karnataka,Belgaum,25368,325
Karnataka,Bellary,10702,113
Karnataka,Bidar,4136,29
Karnataka,Bijapur,3235,4
Karnataka,Bijapur(KAR),13,0
Karnataka,Chamarajanagar,1,0
Karnataka,Chamrajanagar,6484,12
Karnataka,Chickmagalur,7526,31
Karnataka,Chikkaballapur,1356,26
Karnataka,Chitradurga,8113,86
Karnataka,Dakshina Kannada,8209,51
Karnataka,Davangere,1263,25
Karnataka,Dharwad,1316,26
Karnataka,Gadag,3371,35
Karnataka,Gulbarga,6988,13
Karnataka,Hassan,8695,45
Karnataka,Haveri,1153,10
Karnataka,Kodagu,574,17
Karnataka,Kolar,6230,55
Karnataka,Koppal,3211,48
Karnataka,Mandya,9498,18
Karnataka,Mysore,686,13
Karnataka,Raichur,5647,76
Karnataka,Ramanagar,5792,79
Karnataka,Shimoga,6334,168
Karnataka,Tumkur,597,19
Karnataka,Udupi,954,5
Karnataka,Uttara Kannada,3572,1
Karnataka,Yadgir,4733,47
Kerala,Alappuzha,947,244
Kerala,Ernakulam,2600,114
Kerala,Idukki,374,8
Kerala,Kannur,2894,178
Kerala,Kasaragod,1219,11
Kerala,Kasargod,49,10
Kerala,Kollam,1063,19
Kerala,Kottayam,1151,7
Kerala,Kozhikode,2406,29
Kerala,Malappuram,4117,58
Kerala,Palakkad,2627,28
Kerala,Pathanamthitta,335,5
Kerala,Thiruvananthapuram,2153,39
Kerala,Thrissur,1740,39
Kerala,Wayanad,162,2
Lakshadweep,Lakshadweep,24,1
Madhya Pradesh,Alirajpur,2588,62
Madhya Pradesh,Anuppur,3251,134
Madhya Pradesh,Ashok Nagar,734,6
Madhya Pradesh,Balaghat,10369,137
Madhya Pradesh,Barwani,1714,14
Madhya Pradesh,Betul,5447,19
Madhya Pradesh,Bhind,1389,14
Madhya Pradesh,Bhopal,2222,50
Madhya Pradesh,Burhanpur,408,4
Madhya Pradesh,Chhatarpur,5526,178
Madhya Pradesh,Chhindwara,7845,87
Madhya Pradesh,Damoh,2745,89
Madhya Pradesh,Datia,1572,12
Madhya Pradesh,Dewas,2374,29
Madhya Pradesh,Dhar,5197,138
Madhya Pradesh,Dindori,2831,262
Madhya Pradesh,Guna,1165,98
Madhya Pradesh,Gwalior,2164,39
Madhya Pradesh,Harda,617,33
Madhya Pradesh,Hoshangabad,381,9
Madhya Pradesh,Indore,4872,96
Madhya Pradesh,Jabalpur,1614,166
Madhya Pradesh,Jhabua,4158,697
Madhya Pradesh,Katni,3384,155
Madhya Pradesh,Khandwa,185,42
Madhya Pradesh,Khargone,5365,169
Madhya Pradesh,Mandla,4671,85
Madhya Pradesh,Mandsaur,1616,40
Madhya Pradesh,Morena,3016,48
Madhya Pradesh,Narsinghpur,2398,105
Madhya Pradesh,Neemuch,236,0
Madhya Pradesh,Panna,1983,75
Madhya Pradesh,Raisen,3062,126
Madhya Pradesh,Rajgarh,344,16
Madhya Pradesh,Ratlam,1572,11
Madhya Pradesh,Rewa,4017,154
Madhya Pradesh,Sagar,3651,36
Madhya Pradesh,Satna,4224,175
Madhya Pradesh,Sehore,2364,70
Madhya Pradesh,Seoni,7055,121
Madhya Pradesh,Shahdol,3160,120
Madhya Pradesh,Shajapur,426,6
Madhya Pradesh,Sheopur,184,34
Madhya Pradesh,Shivpuri,3736,50
Madhya Pradesh,Sidhi,2075,121
Madhya Pradesh,Singrauli,2448,49
Madhya Pradesh,Tikamgarh,3616,15
Madhya Pradesh,Ujjain,4157,166
Madhya Pradesh,Umaria,2006,28
Madhya Pradesh,Vidisha,3105,76
Maharashtra,Ahmadnagar,10349,118
Maharashtra,Ahmed Nagar,40,1
Maharashtra,Akola,3616,13
Maharashtra,Amravati,773,14
Maharashtra,Aurangabad,7448,65
Maharashtra,Beed,7994,24
Maharashtra,Bhandara,2916,52
Maharashtra,Buldhana,9613,26
Maharashtra,Chandrapur,2720,11
Maharashtra,Dhule,1485,8
Maharashtra,Gadchiroli,3405,16
Maharashtra,Gondia,8,0
Maharashtra,Gondiya,1087,22
Maharashtra,Hingoli,2272,12
Maharashtra,Jalgaon,5446,35
Maharashtra,Jalna,2348,14
Maharashtra,Kolhapur,12059,42
Maharashtra,Latur,2991,55
Maharashtra,Mumbai,4588,51
Maharashtra,Mumbai City,3,0
Maharashtra,Mumbai( Sub Urban ),1,0
Maharashtra,Nagpur,6024,74
Maharashtra,Nanded,7795,8
Maharashtra,Nandurbar,1265,20
Maharashtra,Nashik,11644,113
Maharashtra,Osmanabad,4001,26
Maharashtra,Parbhani,5015,26
Maharashtra,Pune,8815,118
Maharashtra,Raigarh,10160,22
Maharashtra,Raigarh(MH),4,0
Maharashtra,Ratnagiri,1089,83
Maharashtra,Sangli,5280,41
Maharashtra,Satara,6419,197
Maharashtra,Sindhudurg,3250,9
Maharashtra,Solapur,4626,20
Maharashtra,Thane,9703,79
Maharashtra,Wardha,2356,12
Maharashtra,Washim,4740,32
Maharashtra,Yavatmal,8438,22
Manipur,Bishnupur,16,0
Manipur,Chandel,64,0
Manipur,Churachandpur,35,1
Manipur,Imphal East,4143,4
Manipur,Imphal West,5465,9
Manipur,Senapati,29,0
Manipur,Tamenglong,8,6
Manipur,Thoubal,17,0
Manipur,Ukhrul,8,0
Meghalaya,East Garo Hills,1,0
Meghalaya,East Khasi Hills,283,0
Meghalaya,Ri Bhoi,1,0
Meghalaya,West Garo Hills,4,0
Meghalaya,West Khasi Hills,1,0
Nagaland,Dimapur,11,0
Nagaland,Kiphire,1,0
Nagaland,Kohima,1,0
Nagaland,Longleng,1,0
Nagaland,Mokokchung,2,0
Nagaland,Mon,428,0
Nagaland,Peren,1,0
Nagaland,Phek,49,0
Nagaland,Tuensang,1,0
Nagaland,Wokha,2,0
Odisha,Angul,5,0
Odisha,Anugul,5886,26
Odisha,Balangir,19,5
Odisha,Baleswar,1114,17
Odisha,Bargarh,3459,524
Odisha,Baudh,1863,1
Odisha,Bhadrak,1036,152
Odisha,Boudh,2,0
Odisha,Cuttack,1229,49
Odisha,Debagarh,4005,64
Odisha,Dhenkanal,23797,67
Odisha,Gajapati,4334,0
Odisha,Ganjam,2417,22
Odisha,Jagatsinghapur,4511,288
Odisha,Jajapur,9856,3053
Odisha,Jharsuguda,2,0
Odisha,Kalahandi,65,2
Odisha,Kandhamal,2061,138
Odisha,Kendrapara,10765,9
Odisha,Kendujhar,2808,42
Odisha,Khorda,68,0
Odisha,Khordha,128,7
Odisha,Koraput,2376,301
Odisha,Malkangiri,1,0
Odisha,Mayurbhanj,16003,4021
Odisha,Nabarangapur,24194,13
Odisha,Nayagarh,23489,20
Odisha,Nuapada,4004,11
Odisha,Puri,754,18
Odisha,Rayagada,6,14
Odisha,Sambalpur,6589,5323
Odisha,Sonapur,449,56
Odisha,Sundergarh,5031,563
Others,Others,357,17278
Puducherry,Karaikal,493,0
Puducherry,Pondicherry,1,2
Puducherry,Puducherry,198,1
Puducherry,Yanam,0,14
Punjab,Amritsar,7027,35
Punjab,Barnala,94,10
Punjab,Bathinda,1501,18
Punjab,Faridkot,1623,6
Punjab,Fatehgarh Sahib,80,4
Punjab,Fazilka,1647,43
Punjab,Ferozepur,3141,11
Punjab,Gurdaspur,1664,51
Punjab,Hoshiarpur,1537,49
Punjab,Jalandhar,2314,34
Punjab,Kapurthala,1537,3
Punjab,Ludhiana,3953,46
Punjab,Mansa,3175,42
Punjab,Moga,1216,16
Punjab,Muktsar,14,0
Punjab,Pathankot,530,20
Punjab,Patiala,4348,202
Punjab,Rupnagar,2122,4
Punjab,SAS Nagar (Mohali),1242,18
Punjab,Sangrur,2218,36
Punjab,Shaheed Bhagat Singh Nagar,209,18
Punjab,Sri Muktsar Sahib,3613,67
Punjab,Tarn Taran,3965,70
Rajasthan,Ajmer,1267,16
Rajasthan,Alwar,4387,136
Rajasthan,Banswara,5172,43
Rajasthan,Baran,3190,22
Rajasthan,Barmer,5840,140
Rajasthan,Bharatpur,4838,107
Rajasthan,Bhilwara,6580,68
Rajasthan,Bikaner,1994,67
Rajasthan,Bundi,1351,21
Rajasthan,Chittorgarh,3738,140
Rajasthan,Churu,1281,47
Rajasthan,Dausa,422,13
Rajasthan,Dholpur,1881,15
Rajasthan,Dungarpur,3578,15
Rajasthan,Ganganagar,3456,48
Rajasthan,Hanumangarh,5982,59
Rajasthan,Jaipur,10971,425
Rajasthan,Jaisalmer,3088,7
Rajasthan,Jalor,5569,128
Rajasthan,Jhalawar,1944,24
Rajasthan,Jhunjhunu,8,0
Rajasthan,Jhunjhunun,3428,14
Rajasthan,Jodhpur,6429,217
Rajasthan,Karauli,2388,26
Rajasthan,Kota,2869,77
Rajasthan,Nagaur,5076,70
Rajasthan,Pali,1231,41
Rajasthan,Pratapgarh,1788,64
Rajasthan,Rajsamand,1632,67
Rajasthan,Sawai Madhopur,1984,19
Rajasthan,Sikar,6476,88
Rajasthan,Sirohi,798,91
Rajasthan,Tonk,1932,17
Rajasthan,Udaipur,4230,122
Sikkim,East Sikkim,25,0
Sikkim,North Sikkim,1,0
Sikkim,South Sikkim,16,2
Sikkim,West Sikkim,17,0
Tamil Nadu,Ariyalur,278,1
Tamil Nadu,Chennai,13368,60
Tamil Nadu,Coimbatore,13690,27
Tamil Nadu,Cuddalore,3654,2
Tamil Nadu,Dharmapuri,1736,3
Tamil Nadu,Dindigul,4711,0
Tamil Nadu,Erode,12699,1
Tamil Nadu,Kancheepuram,14574,8
Tamil Nadu,Kanniyakumari,4141,3
Tamil Nadu,Kanyakumari,61,0
Tamil Nadu,Karur,3233,5
Tamil Nadu,Krishnagiri,3953,75
Tamil Nadu,Madurai,2436,9
Tamil Nadu,Nagapattinam,1986,0
Tamil Nadu,Namakkal,887,0
Tamil Nadu,Perambalur,51,1
Tamil Nadu,Pudukkottai,557,0
Tamil Nadu,Ramanathapuram,1578,2
Tamil Nadu,Salem,6890,21
Tamil Nadu,Sivaganga,796,12
Tamil Nadu,Thanjavur,4882,24
Tamil Nadu,The Nilgiris,6570,11
Tamil Nadu,Theni,2271,12
Tamil Nadu,Thiruvarur,1348,0
Tamil Nadu,Thoothukkudi,7093,2
Tamil Nadu,Tiruchirappalli,2995,33
Tamil Nadu,Tirunelveli,29811,7
Tamil Nadu,Tiruppur,10412,10
Tamil Nadu,Tiruvallur,23781,34
Tamil Nadu,Tiruvannamalai,4239,32
Tamil Nadu,Tiruvarur,2,0
Tamil Nadu,Vellore,7626,7
Tamil Nadu,Viluppuram,4091,5
Tamil Nadu,Virudhunagar,6981,0
Tripura,Dhalai,77,0
Tripura,Gomati,114,0
Tripura,Khowai,12,3
Tripura,North Tripura,285,0
Tripura,Sepahijala,59,0
Tripura,South Tripura,16,0
Tripura,Unakoti,451,21
Tripura,West Tripura,349,2
Uttar Pradesh,Agra,251,0
Uttar Pradesh,Aligarh,823,1
Uttar Pradesh,Allahabad,1705,4
Uttar Pradesh,Ambedkar Nagar,87,1
Uttar Pradesh,Amethi,5153,32
Uttar Pradesh,Amroha,5114,20
Uttar Pradesh,Auraiya,48,0
Uttar Pradesh,Azamgarh,3066,12
Uttar Pradesh,Baghpat,65,0
Uttar Pradesh,Bagpat,2,0
Uttar Pradesh,Bahraich,63,0
Uttar Pradesh,Ballia,2320,0
Uttar Pradesh,Balrampur,3299,12
Uttar Pradesh,Banda,4933,1
Uttar Pradesh,Bara Banki,326,1
Uttar Pradesh,Bareilly,1928,35
Uttar Pradesh,Basti,331,1
Uttar Pradesh,Bijnor,3344,43
Uttar Pradesh,Budaun,39,1
Uttar Pradesh,Bulandshahar,1,0
Uttar Pradesh,Bulandshahr,846,0
Uttar Pradesh,Chandauli,4770,5
Uttar Pradesh,Chitrakoot,2627,5
Uttar Pradesh,Deoria,4836,7
Uttar Pradesh,Etah,54,1
Uttar Pradesh,Etawah,4223,80
Uttar Pradesh,Faizabad,4447,1
Uttar Pradesh,Farrukhabad,901,1
Uttar Pradesh,Fatehpur,3082,4
Uttar Pradesh,Firozabad,52,0
Uttar Pradesh,Gautam Buddha Nagar,1392,1
Uttar Pradesh,Ghaziabad,1964,95
Uttar Pradesh,Ghazipur,3463,37
Uttar Pradesh,Gonda,3759,13
Uttar Pradesh,Gorakhpur,6095,10
Uttar Pradesh,Hamirpur,666,0
Uttar Pradesh,Hardoi,73,0
Uttar Pradesh,Hathras,38,0
Uttar Pradesh,Jalaun,63,2
Uttar Pradesh,Jaunpur,277,1
Uttar Pradesh,Jhansi,1829,2
Uttar Pradesh,Jyotiba Phule Nagar,1,0
Uttar Pradesh,Kannauj,661,3
Uttar Pradesh,Kanpur Dehat,34,1
Uttar Pradesh,Kanpur Nagar,1456,11
Uttar Pradesh,Kasganj,23,0
Uttar Pradesh,Kaushambi,48,1
Uttar Pradesh,Kheri,25,0
Uttar Pradesh,Kushinagar,1720,7
Uttar Pradesh,Lalitpur,16,0
Uttar Pradesh,Lucknow,1332,0
Uttar Pradesh,Maharajganj,3854,11
Uttar Pradesh,Mahoba,229,2
Uttar Pradesh,Mainpuri,153,0
Uttar Pradesh,Mathura,302,1
Uttar Pradesh,Mau,72,0
Uttar Pradesh,Meerut,3415,4
Uttar Pradesh,Mirzapur,178,0
Uttar Pradesh,Moradabad,160,1
Uttar Pradesh,Muzaffarnagar,132,0
Uttar Pradesh,Pilibhit,4109,16
Uttar Pradesh,Pratapgarh,984,0
Uttar Pradesh,Rae Bareli,6173,83
Uttar Pradesh,Raebareli,1,0
Uttar Pradesh,Rampur,22,0
Uttar Pradesh,Saharanpur,734,4
Uttar Pradesh,Sambhal,22,1
Uttar Pradesh,Sant Kabir Nagar,6776,14
Uttar Pradesh,Sant Ravidas Nagar,999,0
Uttar Pradesh,Shahjahanpur,580,35
Uttar Pradesh,Shamli,38,3
Uttar Pradesh,Shrawasti,4460,8
Uttar Pradesh,Siddharthnagar,93,0
Uttar Pradesh,Sitapur,27,0
Uttar Pradesh,Sonbhadra,2489,3
Uttar Pradesh,Sultanpur,75,1
Uttar Pradesh,Unnao,72,0
Uttar Pradesh,Varanasi,8982,85
Uttarakhand,Almora,51,0
Uttarakhand,Bageshwar,319,0
Uttarakhand,Chamoli,22,0
Uttarakhand,Champawat,93,0
Uttarakhand,Dehradun,3688,16
Uttarakhand,Garhwal,2,0
Uttarakhand,Haridwar,207,0
Uttarakhand,Nainital,40,0
Uttarakhand,Pauri Garhwal,61,0
Uttarakhand,Pithoragarh,26,0
Uttarakhand,Rudraprayag,20,0
Uttarakhand,Tehri Garhwal,3967,16
Uttarakhand,Udham Singh Nagar,1522,2
Uttarakhand,Uttarkashi,10,0
West Bengal,Bankura,2078,0
West Bengal,Barddhaman,7563,737
West Bengal,Bardhaman,600,152
West Bengal,Birbhum,7469,364
West Bengal,Cooch Behar,822,0
West Bengal,Dakshin Dinajpur,426,0
West Bengal,Darjeeling,2971,4
West Bengal,East Midnapore,2959,922
West Bengal,Hooghly,29952,19
West Bengal,Howrah,4549,1
West Bengal,Jalpaiguri,5736,5
West Bengal,Kolkata,2532,27
West Bengal,Malda,9764,11
West Bengal,Medinipur,380,257
West Bengal,Murshidabad,15286,18
West Bengal,Nadia,7789,38
West Bengal,North 24 Parganas,18009,557
West Bengal,North Dinajpur,65,1
West Bengal,Paschim Medinipur,2840,0
West Bengal,Purba Medinipur,7973,4
West Bengal,Purulia,418,0
West Bengal,Puruliya,1436,1
West Bengal,South 24 Parganas,15889,10
West Bengal,South Twenty Four Parganas,1984,5
West Bengal,Uttar Dinajpur,4745,3
West Bengal,West Midnapore,155,49
