State,District,Aadhaar generated,Enrolment Rejected
Andaman and Nicobar Islands,North And Middle Andaman,1,0
Andaman and Nicobar Islands,South Andaman,1,0
Andhra Pradesh,Adilabad,898,916
Andhra Pradesh,Anantapur,1,0
Andhra Pradesh,Ananthapur,1890,1082
Andhra Pradesh,Chittoor,311,299
Andhra Pradesh,Cuddapah,420,388
Andhra Pradesh,East Godavari,594,268
Andhra Pradesh,Guntur,316,122
Andhra Pradesh,Hyderabad,2371,974
Andhra Pradesh,K.V.Rangareddy,0,6
Andhra Pradesh,K.v. Rangareddy,3934,2229
Andhra Pradesh,Karim Nagar,1,1
Andhra Pradesh,Karimnagar,4178,1239
Andhra Pradesh,Khammam,4286,910
Andhra Pradesh,Krishna,443,162
Andhra Pradesh,Kurnool,6558,6934
Andhra Pradesh,Mahabub Nagar,28,68
Andhra Pradesh,Mahabubnagar,10734,7457
Andhra Pradesh,Mahbubnagar,16,11
Andhra Pradesh,Medak,2179,854
Andhra Pradesh,Nalgonda,1974,1983
Andhra Pradesh,Nellore,2132,1487
Andhra Pradesh,Nizamabad,3852,1562
Andhra Pradesh,Prakasam,7891,592
Andhra Pradesh,Srikakulam,251,586
Andhra Pradesh,Visakhapatnam,17317,2402
Andhra Pradesh,Vizianagaram,1914,505
Andhra Pradesh,Warangal,8462,2933
Andhra Pradesh,West Godavari,4442,1395
Arunachal Pradesh,Changlang,0,1
Arunachal Pradesh,East Siang,1,0
Arunachal Pradesh,Kurung Kumey,0,2
Arunachal Pradesh,Lower Dibang Valley,1,0
Arunachal Pradesh,Papum Pare,405,3
Arunachal Pradesh,Tirap,1,0
Arunachal Pradesh,West Kameng,109,1
Arunachal Pradesh,West Siang,2,0
Assam,Baksa,8,0
Assam,Barpeta,7,2
Assam,Bongaigaon,3,1
Assam,Cachar,24,1
Assam,Chirang,1,1
Assam,Darrang,3,0
Assam,Dhemaji,3,0
Assam,Dhubri,5,1
Assam,Dibrugarh,6,1
Assam,Goalpara,1,0
Assam,Golaghat,4,0
Assam,Hailakandi,7,0
Assam,Jorhat,8,1
Assam,Kamrup,17,2
Assam,Kamrup Metro,4,0
Assam,Karbi Anglong,7,0
Assam,Karimganj,8,0
Assam,Kokrajhar,3,0
Assam,Lakhimpur,9,1
Assam,Marigaon,3,0
Assam,Nagaon,8,1
Assam,Nalbari,3,0
Assam,North Cachar Hills,1,0
Assam,Sibsagar,6,0
Assam,Sonitpur,11,0
Assam,Tinsukia,6,0
Assam,Udalguri,13,0
Bihar,Araria,44,3
Bihar,Arwal,4020,418
Bihar,Aurangabad,134,17
Bihar,Aurangabad(BH),1,1
Bihar,Banka,99,12
Bihar,Begusarai,113,4
Bihar,Bhabua,1,0
Bihar,Bhagalpur,212,18
Bihar,Bhojpur,163,16
Bihar,Buxar,110,9
Bihar,Darbhanga,4082,308
Bihar,East Champaran,129,19
Bihar,Gaya,520,44
Bihar,Gopalganj,5857,223
Bihar,Jamui,211,24
Bihar,Jehanabad,36,5
Bihar,Kaimur (Bhabua),48,4
Bihar,Katihar,5725,159
Bihar,Khagaria,55,9
Bihar,Kishanganj,3860,116
Bihar,Lakhisarai,35,5
Bihar,Madhepura,40,4
Bihar,Madhubani,262,21
Bihar,Munger,85,2
Bihar,Muzaffarpur,197,18
Bihar,Nalanda,10820,453
Bihar,Nawada,265,32
Bihar,Patna,2142,172
Bihar,Purnia,85,9
Bihar,Rohtas,1502,25
Bihar,Saharsa,2898,75
Bihar,Samastipur,232,18
Bihar,Saran,267,25
Bihar,Sheikhpura,384,58
Bihar,Sheohar,3502,164
Bihar,Sitamarhi,130,11
Bihar,Siwan,206,17
Bihar,Supaul,64,5
Bihar,Vaishali,7478,364
Bihar,West Champaran,79,5
Chandigarh,Chandigarh,788,155
Chhattisgarh,Balod,305,0
Chhattisgarh,Baloda Bazar,1,0
Chhattisgarh,Balrampur,1,0
Chhattisgarh,Bastar,4,0
Chhattisgarh,Bemetara,640,1
Chhattisgarh,Bijapur,0,1
Chhattisgarh,Bilaspur,49,1
Chhattisgarh,Dhamtari,81,22
Chhattisgarh,Durg,1805,12
Chhattisgarh,Gariyaband,5,0
Chhattisgarh,Janjgir-champa,1471,16
Chhattisgarh,Jashpur,10,1
Chhattisgarh,Kanker,4,0
Chhattisgarh,Kawardha,16,0
Chhattisgarh,Korba,2107,57
Chhattisgarh,Koriya,4493,102
Chhattisgarh,Mahasamund,192,1
Chhattisgarh,Mungeli,21,1
Chhattisgarh,Mungeli ,247,3
Chhattisgarh,Raigarh,134,4
Chhattisgarh,Raipur,1202,9
Chhattisgarh,Rajnandgaon,802,7
Chhattisgarh,Sukma,1,0
Chhattisgarh,Surajpur,1,0
Chhattisgarh,Surajpur ,1,0
Chhattisgarh,Surguja,9,0
Dadra and Nagar Haveli,Dadra and Nagar Haveli,3302,86
Daman and Diu,Daman,39,20
Daman and Diu,Diu,0,6
Delhi,Central Delhi,582,369
Delhi,East Delhi,2118,1734
Delhi,Najafgarh,5,26
Delhi,New Delhi,53,23
Delhi,North Delhi,792,442
Delhi,North East,24,204
Delhi,North East Delhi,2110,1757
Delhi,North West Delhi,2432,2834
Delhi,South Delhi,3707,2039
Delhi,South West Delhi,988,891
Delhi,West Delhi,1591,1759
Goa,North Goa,145,107
Goa,South Goa,14,19
Gujarat,Ahmadabad,15,0
Gujarat,Ahmedabad,8368,692
Gujarat,Amreli,5951,178
Gujarat,Anand,1510,121
Gujarat,Banaskantha,15648,502
Gujarat,Bharuch,9088,384
Gujarat,Bhavnagar,2487,147
Gujarat,Dahod,5789,231
Gujarat,Dohad,4124,41
Gujarat,Gandhinagar,2708,120
Gujarat,Jamnagar,8961,290
Gujarat,Junagadh,9095,626
Gujarat,Kachchh,5827,136
Gujarat,Kheda,2811,148
Gujarat,Mahesana,4464,207
Gujarat,Narmada,1156,90
Gujarat,Navsari,4015,1417
Gujarat,Panchmahals,4876,254
Gujarat,Patan,2709,128
Gujarat,Porbandar,1599,117
Gujarat,Rajkot,9674,358
Gujarat,Sabarkantha,2041,191
Gujarat,Surat,13545,714
Gujarat,Surendra Nagar,8931,233
Gujarat,Tapi,4058,175
Gujarat,The Dangs,263,1
Gujarat,Vadodara,14103,352
Gujarat,Valsad,2784,109
Haryana,Ambala,915,282
Haryana,Bhiwani,10145,280
Haryana,Faridabad,8551,892
Haryana,Fatehabad,3198,177
Haryana,Gurgaon,5646,600
Haryana,Hisar,12304,394
Haryana,Jhajjar,3628,261
Haryana,Jind,11009,383
Haryana,Kaithal,4018,310
Haryana,Karnal,8282,392
Haryana,Kurukshetra,2089,236
Haryana,Mahendragarh,6345,250
Haryana,Mewat,5768,336
Haryana,Palwal,4130,212
Haryana,Panchkula,338,93
Haryana,Panipat,10090,557
Haryana,Rewari,4856,240
Haryana,Rohtak,5181,311
Haryana,Sirsa,6569,379
Haryana,Sonipat,1367,312
Haryana,Yamuna Nagar,9210,133
Himachal Pradesh,Bilaspur,31,66
Himachal Pradesh,Chamba,128,66
Himachal Pradesh,Hamirpur,28,38
Himachal Pradesh,Kangra,615,207
Himachal Pradesh,Kinnaur,18,57
Himachal Pradesh,Kullu,51,77
Himachal Pradesh,Lahul and Spiti,3,4
Himachal Pradesh,Mandi,123,99
Himachal Pradesh,Shimla,128,193
Himachal Pradesh,Sirmaur,205,169
Himachal Pradesh,Solan,186,35
Himachal Pradesh,Una,50,79
Jammu and Kashmir,Anantnag,4662,57
Jammu and Kashmir,Badgam,901,2
Jammu and Kashmir,Bandipore,6,1
Jammu and Kashmir,Baramula,19,0
Jammu and Kashmir,Doda,3880,18
Jammu and Kashmir,Jammu,1910,14
Jammu and Kashmir,Kargil,1641,6
Jammu and Kashmir,Kathua,636,7
Jammu and Kashmir,Kupwara,13,0
Jammu and Kashmir,Leh,43,21
Jammu and Kashmir,Pulwama,775,1
Jammu and Kashmir,Punch,4,1
Jammu and Kashmir,Rajouri,10,5
Jammu and Kashmir,Reasi,0,234
Jammu and Kashmir,Srinagar,129,3
Jammu and Kashmir,Udhampur,703,1
Jharkhand,Bokaro,1332,407
Jharkhand,Chatra,3248,1330
Jharkhand,Deoghar,2907,806
Jharkhand,Dhanbad,1997,656
Jharkhand,Dumka,1117,683
Jharkhand,East Singhbhum,1983,320
Jharkhand,Garhwa,1696,463
Jharkhand,Giridih,2186,875
Jharkhand,Godda,2121,451
Jharkhand,Gumla,966,585
Jharkhand,Hazaribag,0,2
Jharkhand,Hazaribagh,717,375
Jharkhand,Jamtara,2834,451
Jharkhand,Khunti,369,59
Jharkhand,Koderma,1144,652
Jharkhand,Latehar,4693,604
Jharkhand,Lohardaga,434,94
Jharkhand,Pakaur,1,1
Jharkhand,Pakur,3033,813
Jharkhand,Palamau,2,0
Jharkhand,Palamu,4345,1116
Jharkhand,Ramgarh,246,100
Jharkhand,Ranchi,846,423
Jharkhand,Sahebganj,7320,676
Jharkhand,Seraikela-Kharsawan,694,203
Jharkhand,Simdega,1775,250
Jharkhand,West Singhbhum,1940,748
Karnataka,Bagalkot,2303,603
Karnataka,Bangalore,24334,3210
Karnataka,Bangalore Rural,1964,978
Karnataka,Belgaum,27442,9022
Karnataka,Bellary,12946,1431
Karnataka,Bidar,3018,773
Karnataka,Bijapur,5010,337
Karnataka,Bijapur(KAR),22,5
Karnataka,Chamrajanagar,4577,422
Karnataka,Chickmagalur,2449,105
Karnataka,Chikkaballapur,1714,1228
Karnataka,Chitradurga,7027,1646
Karnataka,Dakshina Kannada,5008,4210
Karnataka,Davangere,1124,191
Karnataka,Dharwad,731,373
Karnataka,Gadag,546,72
Karnataka,Gulbarga,4098,719
Karnataka,Hassan,10991,397
Karnataka,Haveri,561,298
Karnataka,Kodagu,777,235
Karnataka,Kolar,5957,1560
Karnataka,Koppal,635,174
Karnataka,Mandya,7662,470
Karnataka,Mysore,920,342
Karnataka,Raichur,4608,570
Karnataka,Ramanagar,6672,500
Karnataka,Shimoga,9325,258
Karnataka,Tumkur,768,425
Karnataka,Udupi,892,165
Karnataka,Uttara Kannada,677,476
Karnataka,Yadgir,3926,1077
Kerala,Alappuzha,1029,810
Kerala,Ernakulam,1876,1181
Kerala,Idukki,195,67
Kerala,Kannur,1161,526
Kerala,Kasaragod,812,798
Kerala,Kasargod,26,47
Kerala,Kollam,810,1299
Kerala,Kottayam,796,161
Kerala,Kozhikode,1486,931
Kerala,Malappuram,5868,2775
Kerala,Palakkad,1753,631
Kerala,Pathanamthitta,359,101
Kerala,Thiruvananthapuram,1863,1021
Kerala,Thrissur,1425,635
Kerala,Wayanad,41,134
Lakshadweep,Lakshadweep,6,1
Madhya Pradesh,Alirajpur,3255,408
Madhya Pradesh,Anuppur,3889,342
Madhya Pradesh,Ashok Nagar,1297,96
Madhya Pradesh,Balaghat,11134,712
Madhya Pradesh,Barwani,1942,307
Madhya Pradesh,Betul,6862,434
Madhya Pradesh,Bhind,2197,128
Madhya Pradesh,Bhopal,2329,477
Madhya Pradesh,Burhanpur,297,144
Madhya Pradesh,Chhatarpur,7329,477
Madhya Pradesh,Chhindwara,8158,538
Madhya Pradesh,Damoh,5763,289
Madhya Pradesh,Datia,1750,235
Madhya Pradesh,Dewas,754,198
Madhya Pradesh,Dhar,7024,855
Madhya Pradesh,Dindori,6158,506
Madhya Pradesh,Guna,2848,264
Madhya Pradesh,Gwalior,2247,523
Madhya Pradesh,Harda,395,75
Madhya Pradesh,Hoshangabad,300,201
Madhya Pradesh,Indore,2278,624
Madhya Pradesh,Jabalpur,1720,768
Madhya Pradesh,Jhabua,2727,1332
Madhya Pradesh,Katni,5271,311
Madhya Pradesh,Khandwa,275,179
Madhya Pradesh,Khargone,5399,568
Madhya Pradesh,Mandla,4171,410
Madhya Pradesh,Mandsaur,830,147
Madhya Pradesh,Morena,2913,144
Madhya Pradesh,Narsinghpur,4169,400
Madhya Pradesh,Neemuch,665,91
Madhya Pradesh,Panna,5300,179
Madhya Pradesh,Raisen,3808,306
Madhya Pradesh,Rajgarh,1110,78
Madhya Pradesh,Ratlam,1232,173
Madhya Pradesh,Rewa,7640,498
Madhya Pradesh,Sagar,5511,392
Madhya Pradesh,Satna,10423,481
Madhya Pradesh,Sehore,2502,383
Madhya Pradesh,Seoni,16224,392
Madhya Pradesh,Shahdol,6520,538
Madhya Pradesh,Shajapur,309,302
Madhya Pradesh,Sheopur,264,10
Madhya Pradesh,Shivpuri,2784,159
Madhya Pradesh,Sidhi,4771,323
Madhya Pradesh,Singrauli,4947,300
Madhya Pradesh,Tikamgarh,4092,188
Madhya Pradesh,Ujjain,5480,363
Madhya Pradesh,Umaria,2864,125
Madhya Pradesh,Vidisha,2029,449
Maharashtra,Ahmadnagar,8684,1103
Maharashtra,Ahmed Nagar,5,9
Maharashtra,Akola,2838,600
Maharashtra,Amravati,1287,578
Maharashtra,Aurangabad,4931,1356
Maharashtra,Beed,5887,508
Maharashtra,Bhandara,1807,937
Maharashtra,Buldhana,5927,321
Maharashtra,Chandrapur,2866,802
Maharashtra,Dhule,1101,259
Maharashtra,Gadchiroli,3693,332
Maharashtra,Gondiya,802,494
Maharashtra,Hingoli,1502,211
Maharashtra,Jalgaon,3189,642
Maharashtra,Jalna,3583,694
Maharashtra,Kolhapur,8678,669
Maharashtra,Latur,2803,682
Maharashtra,Mumbai,4381,841
Maharashtra,Mumbai City,1,0
Maharashtra,Nagpur,4765,1364
Maharashtra,Nanded,4677,341
Maharashtra,Nandurbar,1588,232
Maharashtra,Nashik,10094,1174
Maharashtra,Osmanabad,3389,311
Maharashtra,Parbhani,4392,447
Maharashtra,Pune,8608,1270
Maharashtra,Raigarh,5640,327
Maharashtra,Raigarh(MH),2,2
Maharashtra,Ratnagiri,442,237
Maharashtra,Sangli,3978,758
Maharashtra,Satara,4878,790
Maharashtra,Sindhudurg,2576,98
Maharashtra,Solapur,5102,533
Maharashtra,Thane,9635,1778
Maharashtra,Wardha,1475,132
Maharashtra,Washim,3031,265
Maharashtra,Yavatmal,7715,807
Manipur,Bishnupur,8,0
Manipur,Chandel,168,27
Manipur,Churachandpur,1895,40
Manipur,Imphal East,6223,87
Manipur,Imphal West,14219,67
Manipur,Senapati,57,0
Manipur,Tamenglong,1453,2
Manipur,Thoubal,1487,0
Manipur,Ukhrul,1,0
Meghalaya,East Khasi Hills,171,3
Meghalaya,Jaintia Hills,1,0
Meghalaya,Ri Bhoi,2,0
Meghalaya,West Garo Hills,1,0
Meghalaya,West Khasi Hills,1,0
Mizoram,Aizawl,5,0
Mizoram,Champhai,2,0
Mizoram,Kolasib,1,0
Mizoram,Lunglei,1,0
Mizoram,Serchhip,1,0
Nagaland,Dimapur,20,0
Nagaland,Kohima,2,0
Nagaland,Longleng,1,0
Nagaland,Mokokchung,5,2
Nagaland,Mon,52,1
Nagaland,Phek,2,0
Nagaland,Tuensang,1,0
Nagaland,Wokha,3,3
Nagaland,Zunheboto,6,1
Odisha,Angul,7,2
Odisha,Anugul,6487,351
Odisha,Balangir,10,13
Odisha,Baleswar,1107,1125
Odisha,Bargarh,1724,242
Odisha,Baudh,568,37
Odisha,Bhadrak,4402,1267
Odisha,Cuttack,148,255
Odisha,Debagarh,1107,64
Odisha,Dhenkanal,1065,2418
Odisha,Gajapati,1724,57
Odisha,Ganjam,3958,1017
Odisha,Jagatsinghapur,3115,99
Odisha,Jajapur,11670,1486
Odisha,Jharsuguda,0,1
Odisha,Kalahandi,19,0
Odisha,Kandhamal,6592,2355
Odisha,Kendrapara,1261,87
Odisha,Kendujhar,5225,2055
Odisha,Khorda,70,21
Odisha,Khordha,310,37
Odisha,Koraput,2305,337
Odisha,Mayurbhanj,15549,3880
Odisha,Nabarangapur,9545,100
Odisha,Nayagarh,2282,645
Odisha,Nuapada,506,17
Odisha,Puri,54,51
Odisha,Rayagada,2,0
Odisha,Sambalpur,3087,764
Odisha,Sonapur,216,60
Odisha,Sundergarh,7742,3809
Others,Others,209,6309
Puducherry,Karaikal,428,573
Puducherry,Pondicherry,8,96
Puducherry,Puducherry,201,195
Puducherry,Yanam,0,1
Punjab,Amritsar,5500,1817
Punjab,Barnala,184,103
Punjab,Bathinda,1164,369
Punjab,Faridkot,590,203
Punjab,Fatehgarh Sahib,216,102
Punjab,Fazilka,1243,471
Punjab,Ferozepur,2675,253
Punjab,Gurdaspur,2618,744
Punjab,Hoshiarpur,2808,272
Punjab,Jalandhar,2241,669
Punjab,Kapurthala,1231,462
Punjab,Ludhiana,4628,1636
Punjab,Mansa,4294,380
Punjab,Moga,855,248
Punjab,Muktsar,25,1
Punjab,Nawanshahr,1,0
Punjab,Pathankot,1513,220
Punjab,Patiala,8395,949
Punjab,Rupnagar,1362,204
Punjab,SAS Nagar (Mohali),4347,360
Punjab,Sangrur,3281,537
Punjab,Shaheed Bhagat Singh Nagar,192,92
Punjab,Sri Muktsar Sahib,1226,434
Punjab,Tarn Taran,2954,958
Rajasthan,Ajmer,2902,486
Rajasthan,Alwar,5676,719
Rajasthan,Banswara,8907,412
Rajasthan,Baran,1467,193
Rajasthan,Barmer,6718,631
Rajasthan,Bharatpur,5064,338
Rajasthan,Bhilwara,7711,619
Rajasthan,Bikaner,4540,422
Rajasthan,Bundi,2252,262
Rajasthan,Chittorgarh,7122,565
Rajasthan,Churu,4813,371
Rajasthan,Dausa,1313,212
Rajasthan,Dholpur,1565,242
Rajasthan,Dungarpur,5938,253
Rajasthan,Ganganagar,10686,405
Rajasthan,Hanumangarh,5374,372
Rajasthan,Jaipur,16888,1852
Rajasthan,Jaisalmer,1834,105
Rajasthan,Jalor,5534,586
Rajasthan,Jhalawar,2722,275
Rajasthan,Jhunjhunu,12,9
Rajasthan,Jhunjhunun,3580,452
Rajasthan,Jodhpur,13134,535
Rajasthan,Karauli,2124,127
Rajasthan,Kota,6480,680
Rajasthan,Nagaur,11487,696
Rajasthan,Pali,3131,405
Rajasthan,Pratapgarh,2504,317
Rajasthan,Rajsamand,1768,409
Rajasthan,Sawai Madhopur,3053,240
Rajasthan,Sikar,10449,569
Rajasthan,Sirohi,2549,285
Rajasthan,Tonk,4502,348
Rajasthan,Udaipur,6206,1188
Sikkim,East Sikkim,12,16
Sikkim,North Sikkim,2,5
Sikkim,South Sikkim,6,6
Sikkim,West Sikkim,92,5
Tamil Nadu,Ariyalur,896,15
Tamil Nadu,Chennai,25943,1259
Tamil Nadu,Coimbatore,20710,1173
Tamil Nadu,Cuddalore,3477,84
Tamil Nadu,Dharmapuri,4345,235
Tamil Nadu,Dindigul,5839,449
Tamil Nadu,Erode,3470,274
Tamil Nadu,Kancheepuram,23266,898
Tamil Nadu,Kanniyakumari,5663,180
Tamil Nadu,Kanyakumari,23,0
Tamil Nadu,Karur,592,543
Tamil Nadu,Krishnagiri,15312,176
Tamil Nadu,Madurai,1291,139
Tamil Nadu,Nagapattinam,7594,123
Tamil Nadu,Namakkal,10862,832
Tamil Nadu,Perambalur,744,17
Tamil Nadu,Pudukkottai,757,99
Tamil Nadu,Ramanathapuram,16148,696
Tamil Nadu,Salem,5850,2538
Tamil Nadu,Sivaganga,1116,68
Tamil Nadu,Thanjavur,20052,666
Tamil Nadu,The Nilgiris,5492,57
Tamil Nadu,Theni,3918,374
Tamil Nadu,Thiruvarur,8001,39
Tamil Nadu,Thoothukkudi,5521,91
Tamil Nadu,Tiruchirappalli,2330,92
Tamil Nadu,Tirunelveli,4948,231
Tamil Nadu,Tiruppur,18911,898
Tamil Nadu,Tiruvallur,32181,2747
Tamil Nadu,Tiruvannamalai,12809,3476
Tamil Nadu,Vellore,10798,1148
Tamil Nadu,Villupuram,1,1
Tamil Nadu,Viluppuram,7054,216
Tamil Nadu,Virudhunagar,6017,503
Tripura,Dhalai,138,25
Tripura,Gomati,73,5
Tripura,Khowai,63,9
Tripura,North Tripura,217,25
Tripura,Sepahijala,40,5
Tripura,South Tripura,6,0
Tripura,Unakoti,129,15
Tripura,West Tripura,297,47
Uttar Pradesh,Agra,554,205
Uttar Pradesh,Aligarh,489,453
Uttar Pradesh,Allahabad,3689,247
Uttar Pradesh,Ambedkar Nagar,80,5
Uttar Pradesh,Amethi,5086,328
Uttar Pradesh,Amroha,3186,70
Uttar Pradesh,Auraiya,67,3
Uttar Pradesh,Azamgarh,1592,198
Uttar Pradesh,Baghpat,69,5
Uttar Pradesh,Bagpat,1,0
Uttar Pradesh,Bahraich,43,5
Uttar Pradesh,Ballia,2718,144
Uttar Pradesh,Balrampur,1770,84
Uttar Pradesh,Banda,1604,33
Uttar Pradesh,Bara Banki,869,103
Uttar Pradesh,Bareilly,3225,763
Uttar Pradesh,Basti,407,15
Uttar Pradesh,Bijnor,7988,368
Uttar Pradesh,Budaun,69,3
Uttar Pradesh,Bulandshahar,2,0
Uttar Pradesh,Bulandshahr,615,120
Uttar Pradesh,Chandauli,6247,149
Uttar Pradesh,Chitrakoot,6550,496
Uttar Pradesh,Deoria,1770,90
Uttar Pradesh,Etah,102,7
Uttar Pradesh,Etawah,2517,533
Uttar Pradesh,Faizabad,1689,138
Uttar Pradesh,Farrukhabad,878,82
Uttar Pradesh,Fatehpur,3857,46
Uttar Pradesh,Firozabad,59,13
Uttar Pradesh,Gautam Buddha Nagar,1514,458
Uttar Pradesh,Ghaziabad,2151,322
Uttar Pradesh,Ghazipur,6096,189
Uttar Pradesh,Gonda,2645,162
Uttar Pradesh,Gorakhpur,4202,134
Uttar Pradesh,Hamirpur,228,1
Uttar Pradesh,Hardoi,77,14
Uttar Pradesh,Hathras,51,11
Uttar Pradesh,Jalaun,39,10
Uttar Pradesh,Jaunpur,180,8
Uttar Pradesh,Jhansi,2946,909
Uttar Pradesh,Kannauj,423,18
Uttar Pradesh,Kanpur Dehat,64,9
Uttar Pradesh,Kanpur Nagar,525,37
Uttar Pradesh,Kasganj,30,2
Uttar Pradesh,Kaushambi,2660,9
Uttar Pradesh,Kheri,50,1
Uttar Pradesh,Kushinagar,2189,25
Uttar Pradesh,Lalitpur,34,6
Uttar Pradesh,Lucknow,205,50
Uttar Pradesh,Maharajganj,4517,52
Uttar Pradesh,Mahoba,89,55
Uttar Pradesh,Mahrajganj,1,0
Uttar Pradesh,Mainpuri,192,63
Uttar Pradesh,Mathura,497,75
Uttar Pradesh,Mau,103,8
Uttar Pradesh,Meerut,8367,76
Uttar Pradesh,Mirzapur,83,4
Uttar Pradesh,Moradabad,222,3
Uttar Pradesh,Muzaffarnagar,235,33
Uttar Pradesh,Pilibhit,3508,617
Uttar Pradesh,Pratapgarh,2578,85
Uttar Pradesh,Rae Bareli,27986,590
Uttar Pradesh,Raebareli,1,1
Uttar Pradesh,Rampur,28,2
Uttar Pradesh,Saharanpur,3700,94
Uttar Pradesh,Sambhal,39,1
Uttar Pradesh,Sant Kabir Nagar,4512,320
Uttar Pradesh,Sant Ravidas Nagar,2892,95
Uttar Pradesh,Sant Ravidas Nagar Bhadohi,1,0
Uttar Pradesh,Shahjahanpur,6446,103
Uttar Pradesh,Shamli,47,3
Uttar Pradesh,Shrawasti,2740,167
Uttar Pradesh,Siddharthnagar,853,19
Uttar Pradesh,Sitapur,23,0
Uttar Pradesh,Sonbhadra,1620,66
Uttar Pradesh,Sultanpur,106,3
Uttar Pradesh,Unnao,404,8
Uttar Pradesh,Varanasi,11957,237
Uttarakhand,Almora,74,4
Uttarakhand,Bageshwar,270,19
Uttarakhand,Chamoli,25,4
Uttarakhand,Champawat,697,18
Uttarakhand,Dehradun,1966,71
Uttarakhand,Garhwal,1,0
Uttarakhand,Haridwar,3034,16
Uttarakhand,Nainital,45,2
Uttarakhand,Pauri Garhwal,71,12
Uttarakhand,Pithoragarh,50,1
Uttarakhand,Rudraprayag,20,3
Uttarakhand,Tehri Garhwal,3267,36
Uttarakhand,Udham Singh Nagar,627,72
Uttarakhand,Uttarkashi,7,1
West Bengal,Bankura,1208,76
West Bengal,Barddhaman,3531,223
West Bengal,Bardhaman,1402,32
West Bengal,Birbhum,4182,318
West Bengal,Cooch Behar,1633,143
West Bengal,Dakshin Dinajpur,1311,35
West Bengal,Darjeeling,5431,67
West Bengal,East Midnapore,10112,10420
West Bengal,Hooghly,5094,988
West Bengal,Howrah,1544,781
West Bengal,Jalpaiguri,7713,197
West Bengal,Kolkata,2066,1689
West Bengal,Malda,7032,421
West Bengal,Medinipur,1339,205
West Bengal,Murshidabad,8747,234
West Bengal,Nadia,16378,241
West Bengal,North 24 Parganas,6401,1014
West Bengal,North Dinajpur,24,5
West Bengal,Paschim Medinipur,589,123
West Bengal,Purba Medinipur,2639,324
West Bengal,Purulia,816,14
West Bengal,Puruliya,1948,215
West Bengal,South 24 Parganas,15886,464
West Bengal,South Twenty Four Parganas,378,18
West Bengal,Uttar Dinajpur,3718,217
West Bengal,West Midnapore,918,232
