State,District,Aadhaar generated,Enrolment Rejected
Andaman and Nicobar Islands,Andamans,1,9
Andaman and Nicobar Islands,South Andaman,1,4
Andhra Pradesh,Adilabad,1318,1312
Andhra Pradesh,Anantapur,1,1284
Andhra Pradesh,Ananthapur,33,175
Andhra Pradesh,Chittoor,1470,1499
Andhra Pradesh,Cuddapah,911,457
Andhra Pradesh,East Godavari,4020,3207
Andhra Pradesh,Guntur,1479,1361
Andhra Pradesh,Hyderabad,880,1528
Andhra Pradesh,K.V.Rangareddy,3219,2431
Andhra Pradesh,Karim Nagar,2634,326
Andhra Pradesh,Karimnagar,2,156
Andhra Pradesh,Khammam,573,275
Andhra Pradesh,Krishna,2477,713
Andhra Pradesh,Kurnool,4455,9145
Andhra Pradesh,Mahabub Nagar,5732,3131
Andhra Pradesh,Mahbubnagar,1246,1076
Andhra Pradesh,Medak,982,448
Andhra Pradesh,Nalgonda,3054,1859
Andhra Pradesh,Nellore,393,2256
Andhra Pradesh,Nizamabad,722,271
Andhra Pradesh,Prakasam,1808,401
Andhra Pradesh,Srikakulam,189,12557
Andhra Pradesh,Visakhapatnam,1294,1432
Andhra Pradesh,Vizianagaram,117,1593
Andhra Pradesh,Warangal,3299,570
Andhra Pradesh,West Godavari,861,536
Arunachal Pradesh,Changlang,1,0
Arunachal Pradesh,Lohit,1,0
Arunachal Pradesh,West Siang,1,1
Assam,Baksa,1,0
Assam,Barpeta,3,2
Assam,Bongaigaon,7,2
Assam,Cachar,2,0
Assam,Darrang,0,1
Assam,Dhemaji,3,0
Assam,Dhubri,1,0
Assam,Dibrugarh,1,0
Assam,Goalpara,2,1
Assam,Golaghat,4,0
Assam,Hailakandi,2,1
Assam,Jorhat,1,2
Assam,Kamrup,7,0
Assam,Kamrup Metro,7,0
Assam,Karimganj,5,1
Assam,Kokrajhar,1,0
Assam,Lakhimpur,3,0
Assam,Marigaon,2,0
Assam,Nagaon,5,0
Assam,Nalbari,2,0
Assam,North Cachar Hills,0,1
Assam,Sonitpur,2,0
Assam,Tinsukia,1,0
Bihar,Araria,3,7
Bihar,Arwal,9,3
Bihar,Aurangabad,27,5
Bihar,Aurangabad(BH),7,10
Bihar,Banka,13,0
Bihar,Begusarai,30,28
Bihar,Bhabua,1,1
Bihar,Bhagalpur,28,11
Bihar,Bhojpur,66,19
Bihar,Buxar,30,16
Bihar,Darbhanga,33,12
Bihar,East Champaran,17,15
Bihar,Gaya,63,16
Bihar,Gopalganj,12,24
Bihar,Jamui,19,11
Bihar,Jehanabad,14,7
Bihar,Kaimur (Bhabua),8,0
Bihar,Katihar,5,2
Bihar,Khagaria,27,3
Bihar,Kishanganj,11,11
Bihar,Lakhisarai,11,3
Bihar,Madhepura,5,29
Bihar,Madhubani,33,8
Bihar,Munger,26,5
Bihar,Muzaffarpur,41,15
Bihar,Nalanda,42,18
Bihar,Nawada,20,12
Bihar,Patna,49,116
Bihar,Purnia,12,26
Bihar,Rohtas,39,10
Bihar,Saharsa,8,7
Bihar,Samastipur,26,8
Bihar,Saran,67,19
Bihar,Sheikhpura,9,7
Bihar,Sheohar,2,4
Bihar,Sitamarhi,16,11
Bihar,Siwan,43,12
Bihar,Supaul,4,5
Bihar,Vaishali,37,12
Bihar,West Champaran,22,11
Chandigarh,Chandigarh,178,929
Chhattisgarh,Balod,3,0
Chhattisgarh,Baloda Bazar,1,0
Chhattisgarh,Bastar,1,1
Chhattisgarh,Bilaspur,16,2
Chhattisgarh,Dhamtari,0,1
Chhattisgarh,Durg,11,7
Chhattisgarh,Janjgir Champa,3,0
Chhattisgarh,Janjgir-champa,1,10
Chhattisgarh,Jashpur,1,6
Chhattisgarh,Kawardha,0,1
Chhattisgarh,Korba,2,2
Chhattisgarh,Koriya,5,0
Chhattisgarh,Mahasamund,2,20
Chhattisgarh,Raigarh,213,5
Chhattisgarh,Raipur,8,32
Chhattisgarh,Rajnandgaon,2,0
Chhattisgarh,Surajpur ,1,0
Chhattisgarh,Surguja,0,3
Dadra and Nagar Haveli,Dadra and Nagar Haveli,0,3
Daman and Diu,Daman,90,8
Daman and Diu,Diu,24,10
Delhi,Central Delhi,157,3053
Delhi,East Delhi,314,17825
Delhi,Najafgarh,155,1812
Delhi,New Delhi,6,11
Delhi,North Delhi,87,3900
Delhi,North East,73,20514
Delhi,North East Delhi,96,367
Delhi,North West Delhi,1126,28100
Delhi,South Delhi,608,24684
Delhi,South West Delhi,1140,5256
Delhi,West Delhi,2145,3173
Goa,Bardez,33,22
Goa,Bicholim,0,2
Goa,North Goa,357,6433
Goa,Ponda,0,4
Goa,South Goa,233,442
Gujarat,Ahmadabad,4,194
Gujarat,Ahmedabad,11032,123
Gujarat,Amreli,31,28
Gujarat,Anand,1204,43
Gujarat,Banaskantha,1888,42
Gujarat,Bharuch,84,24
Gujarat,Bhavnagar,434,53
Gujarat,Dahod,109,23
Gujarat,Dohad,2777,29
Gujarat,Gandhinagar,1193,16
Gujarat,Jamnagar,395,57
Gujarat,Junagadh,2929,110
Gujarat,Kachchh,38,18
Gujarat,Kheda,1379,62
Gujarat,Mahesana,732,66
Gujarat,Narmada,1772,52
Gujarat,Navsari,18,45
Gujarat,Panchmahals,331,63
Gujarat,Patan,56,41
Gujarat,Porbandar,4746,93
Gujarat,Rajkot,2270,178
Gujarat,Sabarkantha,284,63
Gujarat,Surat,6485,282
Gujarat,Surendra Nagar,139,109
Gujarat,Tapi,18,30
Gujarat,The Dangs,11,1
Gujarat,Vadodara,1403,39
Gujarat,Valsad,1187,77
Haryana,Ambala,4282,856
Haryana,Bhiwani,55,19
Haryana,Faridabad,2209,139
Haryana,Fatehabad,4,0
Haryana,Gurgaon,433,159
Haryana,Hisar,606,49
Haryana,Hodal,1,0
Haryana,Jhajjar,60,26
Haryana,Jind,1233,22
Haryana,Kaithal,209,10
Haryana,Karnal,1576,130
Haryana,Kurukshetra,342,21
Haryana,Mahendragarh,38,3
Haryana,Mewat,519,32
Haryana,Palwal,1714,134
Haryana,Panchkula,42,40
Haryana,Panipat,335,47
Haryana,Rewari,415,18
Haryana,Rohtak,681,54
Haryana,Sirsa,14,114
Haryana,Sonipat,2147,661
Haryana,Yamuna Nagar,189,22
Himachal Pradesh,Bilaspur,95,52
Himachal Pradesh,Bilaspur ,20,60
Himachal Pradesh,Chamba,805,81
Himachal Pradesh,Hamirpur,41,60
Himachal Pradesh,Kangra,1064,140
Himachal Pradesh,Kinnaur,2,1
Himachal Pradesh,Kullu,12,56
Himachal Pradesh,Lahul and Spiti,0,3
Himachal Pradesh,Mandi,304,309
Himachal Pradesh,Shimla,359,42
Himachal Pradesh,Sirmaur,4519,80
Himachal Pradesh,Solan,528,79
Himachal Pradesh,Una,96,287
Jammu and Kashmir,Baramula,1,0
Jammu and Kashmir,Baramulla,0,1
Jammu and Kashmir,Doda,2,0
Jammu and Kashmir,Jammu,48,4
Jammu and Kashmir,Kargil,0,1
Jammu and Kashmir,Kathua,5,2
Jammu and Kashmir,Leh,0,1
Jammu and Kashmir,Pulwama,1,0
Jammu and Kashmir,Punch,1,0
Jammu and Kashmir,Rajouri,5,0
Jammu and Kashmir,Udhampur,3,1
Jharkhand,Bokaro,4510,521
Jharkhand,Chatra,4838,99
Jharkhand,Deoghar,283,151
Jharkhand,Dhanbad,3303,787
Jharkhand,Dumka,564,323
Jharkhand,East Singhbhum,375,141
Jharkhand,Garhwa,3770,146
Jharkhand,Giridih,6072,588
Jharkhand,Godda,1307,223
Jharkhand,Gumla,669,309
Jharkhand,Hazaribag,21,49
Jharkhand,Hazaribagh,3744,1901
Jharkhand,Jamtara,195,34
Jharkhand,Khunti,1576,147
Jharkhand,Kodarma,2,45
Jharkhand,Koderma,256,25
Jharkhand,Latehar,174,18
Jharkhand,Lohardaga,365,114
Jharkhand,Pakaur,0,15
Jharkhand,Pakur,423,45
Jharkhand,Palamau,43,129
Jharkhand,Palamu,779,93
Jharkhand,Ramgarh,1027,757
Jharkhand,Ranchi,6299,1427
Jharkhand,Sahebganj,284,72
Jharkhand,Seraikela-Kharsawan,1389,261
Jharkhand,Simdega,362,197
Jharkhand,West Singhbhum,445,106
Karnataka,Bagalkot,26,60
Karnataka,Bangalore,3546,587
Karnataka,Bangalore Rural,3126,923
Karnataka,Belgaum,1726,186
Karnataka,Bellary,370,162
Karnataka,Bidar,112,532
Karnataka,Bijapur,758,5
Karnataka,Bijapur(KAR),2303,543
Karnataka,Chamarajanagar,0,12
Karnataka,Chamrajnagar,32,2
Karnataka,Chickmagalur,365,40
Karnataka,Chikkaballapur,454,127
Karnataka,Chitradurga,40,41
Karnataka,Dakshina Kannada,176,7
Karnataka,Davangere,1526,220
Karnataka,Dharwad,1656,1874
Karnataka,Gadag,6,62
Karnataka,Gulbarga,299,234
Karnataka,Hassan,1050,32
Karnataka,Haveri,1766,2879
Karnataka,Kodagu,447,1381
Karnataka,Kolar,38,47
Karnataka,Koppal,106,188
Karnataka,Mandya,47,38
Karnataka,Mysore,610,672
Karnataka,Raichur,54,96
Karnataka,Ramanagar,607,34
Karnataka,Shimoga,898,22
Karnataka,Tumkur,47,1057
Karnataka,Udupi,5009,1528
Karnataka,Uttara Kannada,117,56
Karnataka,Yadgir,4,83
Kerala,Alappuzha,2219,6036
Kerala,Ernakulam,3280,27386
Kerala,Idukki,1078,1445
Kerala,Kannur,6554,5748
Kerala,Kasaragod,224,41
Kerala,Kasargod,1057,1330
Kerala,Kollam,2276,1986
Kerala,Kottayam,3292,2356
Kerala,Kozhikode,3167,11358
Kerala,Malappuram,2555,631
Kerala,Palakkad,587,11708
Kerala,Pathanamthitta,461,5185
Kerala,Thiruvananthapuram,3379,3369
Kerala,Thrissur,2484,18027
Kerala,Wayanad,351,6536
Lakshadweep,Lakshadweep,1,1
Madhya Pradesh,Alirajpur,543,278
Madhya Pradesh,Anuppur,760,31
Madhya Pradesh,Ashok Nagar,14,1
Madhya Pradesh,Balaghat,161,15
Madhya Pradesh,Barwani,25,97
Madhya Pradesh,Betul,737,74
Madhya Pradesh,Bhind,302,55
Madhya Pradesh,Bhopal,2566,680
Madhya Pradesh,Burhanpur,5,257
Madhya Pradesh,Chhatarpur,284,47
Madhya Pradesh,Chhindwara,960,75
Madhya Pradesh,Damoh,1768,309
Madhya Pradesh,Datia,135,62
Madhya Pradesh,Dewas,15,192
Madhya Pradesh,Dhar,3630,350
Madhya Pradesh,Dindori,8,0
Madhya Pradesh,Guna,439,247
Madhya Pradesh,Gwalior,544,401
Madhya Pradesh,Harda,60,143
Madhya Pradesh,Hoshangabad,791,991
Madhya Pradesh,Indore,6806,1073
Madhya Pradesh,Jabalpur,2014,544
Madhya Pradesh,Jhabua,1395,126
Madhya Pradesh,Katni,1574,158
Madhya Pradesh,Khandwa,286,571
Madhya Pradesh,Khargone,1107,211
Madhya Pradesh,Mandla,33,27
Madhya Pradesh,Mandsaur,19,224
Madhya Pradesh,Morena,465,45
Madhya Pradesh,Narsinghpur,42,92
Madhya Pradesh,Neemuch,9,161
Madhya Pradesh,Panna,1840,187
Madhya Pradesh,Raisen,978,129
Madhya Pradesh,Rajgarh,358,237
Madhya Pradesh,Ratlam,297,227
Madhya Pradesh,Rewa,1049,75
Madhya Pradesh,Sagar,3246,248
Madhya Pradesh,Satna,7016,378
Madhya Pradesh,Sehore,728,91
Madhya Pradesh,Seoni,1286,66
Madhya Pradesh,Shahdol,508,10
Madhya Pradesh,Shajapur,4,336
Madhya Pradesh,Sheopur,31,4
Madhya Pradesh,Shivpuri,82,88
Madhya Pradesh,Sidhi,128,17
Madhya Pradesh,Singrauli,219,73
Madhya Pradesh,Tikamgarh,72,45
Madhya Pradesh,Ujjain,3274,509
Madhya Pradesh,Umaria,429,10
Madhya Pradesh,Vidisha,1687,488
Maharashtra,Ahmadnagar,1023,40
Maharashtra,Ahmed Nagar,169,377
Maharashtra,Akola,1835,105
Maharashtra,Amravati,1616,1712
Maharashtra,Aurangabad,283,348
Maharashtra,Beed,484,97
Maharashtra,Bhandara,438,281
Maharashtra,Buldhana,4594,125
Maharashtra,Chandrapur,1891,328
Maharashtra,Dhule,2120,569
Maharashtra,Gadchiroli,488,32
Maharashtra,Gondia,88,9
Maharashtra,Gondiya,234,177
Maharashtra,Hingoli,2045,114
Maharashtra,Jalgaon,1411,431
Maharashtra,Jalna,849,510
Maharashtra,Kolhapur,2420,230
Maharashtra,Latur,299,328
Maharashtra,Mumbai,4172,2890
Maharashtra,Mumbai City,55,24
Maharashtra,Mumbai( Sub Urban ),2,27
Maharashtra,Nagpur,2130,667
Maharashtra,Nanded,491,220
Maharashtra,Nandurbar,3151,1037
Maharashtra,Nashik,13745,900
Maharashtra,Osmanabad,271,134
Maharashtra,Parbhani,169,292
Maharashtra,Pune,7407,1460
Maharashtra,Raigarh,588,15
Maharashtra,Raigarh(MH),33,83
Maharashtra,Ratnagiri,305,180
Maharashtra,Sangli,1748,346
Maharashtra,Satara,891,269
Maharashtra,Sindhudurg,35,15
Maharashtra,Solapur,1630,358
Maharashtra,Thane,12888,3800
Maharashtra,Wardha,123,518
Maharashtra,Washim,684,145
Maharashtra,Yavatmal,933,48
Manipur,Bishnupur,66,2
Manipur,Chandel,6,5
Manipur,Churachandpur,4,7
Manipur,Imphal East,8,5
Manipur,Imphal West,3,9
Manipur,Senapati,4,2
Manipur,Tamenglong,0,4
Manipur,Thoubal,33,3
Manipur,Ukhrul,23,27
Meghalaya,East Garo Hills,7,0
Meghalaya,East Khasi Hills,6,0
Meghalaya,Jaintia Hills,2,0
Meghalaya,Ri Bhoi,1,0
Meghalaya,South Garo Hills,1,0
Meghalaya,West Garo Hills,9,0
Meghalaya,West Khasi Hills,3,0
Mizoram,Aizawl,0,3
Nagaland,Dimapur,0,702
Nagaland,Kiphire,1,10
Nagaland,Kohima,0,346
Nagaland,Mokokchung,0,344
Nagaland,Mon,6,2
Nagaland,Phek,0,379
Nagaland,Tuensang,8,96
Nagaland,Wokha,0,200
Nagaland,Zunheboto,0,116
Odisha,Angul,4,0
Odisha,Anugul,0,1
Odisha,Balangir,47,212
Odisha,Baleswar,319,673
Odisha,Balianta,0,9
Odisha,Bargarh,2565,510
Odisha,Bhadrak,6,32
Odisha,Cuttack,383,1697
Odisha,Dhenkanal,9,16
Odisha,Gajapati,3,1
Odisha,Ganjam,985,181
Odisha,Jagatsinghapur,5,3
Odisha,Jajapur,10,30
Odisha,Jharsuguda,2,0
Odisha,Kalahandi,1,0
Odisha,Kandhamal,0,2
Odisha,Kendrapara,22,4
Odisha,Kendujhar,88,89
Odisha,Khorda,12,2
Odisha,Khordha,568,17397
Odisha,Koraput,9,10
Odisha,Malkangiri,0,3
Odisha,Mayurbhanj,7,1
Odisha,Nayagarh,4,15
Odisha,Nuapada,5,0
Odisha,Puri,2700,124
Odisha,Rayagada,5,12
Odisha,Sambalpur,73,39
Odisha,Sonapur,26,12
Odisha,Sundergarh,184,77
Others,Others,0,59
Puducherry,Karaikal,9,0
Puducherry,Pondicherry,17,1621
Puducherry,Puducherry,46,357
Puducherry,Yanam,2,107
Punjab,Amritsar,1928,366
Punjab,Barnala,678,109
Punjab,Bathinda,3034,357
Punjab,Faridkot,869,40
Punjab,Fatehgarh Sahib,405,359
Punjab,Fazilka,4470,147
Punjab,Ferozepur,472,232
Punjab,Gurdaspur,4190,824
Punjab,Hoshiarpur,506,91
Punjab,Jalandhar,1816,362
Punjab,Kapurthala,108,123
Punjab,Ludhiana,4515,365
Punjab,Mansa,87,57
Punjab,Moga,2790,129
Punjab,Muktsar,112,62
Punjab,Nawanshahr,0,15
Punjab,Pathankot,23,5
Punjab,Patiala,212,207
Punjab,Rupnagar,163,133
Punjab,SAS Nagar (Mohali),80,62
Punjab,Sangrur,1755,162
Punjab,Shaheed Bhagat Singh Nagar,1099,233
Punjab,Sri Muktsar Sahib,1303,38
Punjab,Tarn Taran,589,253
Rajasthan,Ajmer,9217,1678
Rajasthan,Alwar,9802,976
Rajasthan,Banswara,98,35
Rajasthan,Baran,1215,68
Rajasthan,Barmer,3795,782
Rajasthan,Bharatpur,595,74
Rajasthan,Bhilwara,1154,82
Rajasthan,Bikaner,1962,426
Rajasthan,Bundi,912,153
Rajasthan,Chittorgarh,306,69
Rajasthan,Churu,1478,177
Rajasthan,Dausa,1862,333
Rajasthan,Dholpur,11,7
Rajasthan,Dungarpur,195,39
Rajasthan,Ganganagar,1286,56
Rajasthan,Hanumangarh,952,24
Rajasthan,Jaipur,2636,680
Rajasthan,Jaisalmer,41,1
Rajasthan,Jalor,1862,554
Rajasthan,Jhalawar,34,94
Rajasthan,Jhunjhunu,226,53
Rajasthan,Jhunjhunun,6166,355
Rajasthan,Jodhpur,2196,275
Rajasthan,Karauli,114,67
Rajasthan,Kota,1113,299
Rajasthan,Nagaur,1731,357
Rajasthan,Pali,2115,366
Rajasthan,Pratapgarh,74,28
Rajasthan,Rajsamand,1243,291
Rajasthan,Sawai Madhopur,261,79
Rajasthan,Sikar,1002,198
Rajasthan,Sirohi,1647,359
Rajasthan,Tonk,952,169
Rajasthan,Udaipur,7932,1404
Sikkim,East Sikkim,49,35
Sikkim,North Sikkim,2,7
Sikkim,South Sikkim,4,9
Sikkim,West Sikkim,5,36
Tamil Nadu,Ariyalur,2,26
Tamil Nadu,Chennai,100,10
Tamil Nadu,Coimbatore,25,21
Tamil Nadu,Cuddalore,4820,1622
Tamil Nadu,Dharmapuri,204,118
Tamil Nadu,Dindigul,35256,3067
Tamil Nadu,Erode,319,356
Tamil Nadu,Kancheepuram,2,0
Tamil Nadu,Kanchipuram,9047,180
Tamil Nadu,Kanniyakumari,475,0
Tamil Nadu,Kanyakumari,2439,3
Tamil Nadu,Karur,16,339
Tamil Nadu,Krishnagiri,17550,15
Tamil Nadu,Madurai,23626,8400
Tamil Nadu,Nagapattinam,6354,59
Tamil Nadu,Namakkal,4097,51
Tamil Nadu,Nilgiris,2,0
Tamil Nadu,Perambalur,11,52
Tamil Nadu,Pudukkottai,15,229
Tamil Nadu,Ramanathapuram,38,184
Tamil Nadu,Salem,169,238
Tamil Nadu,Sivaganga,5213,572
Tamil Nadu,Thanjavur,35,14
Tamil Nadu,The Nilgiris,5,0
Tamil Nadu,Theni,4209,343
Tamil Nadu,Thiruvarur,1200,0
Tamil Nadu,Thoothukkudi,13,10
Tamil Nadu,Tiruchirappalli,28,141
Tamil Nadu,Tirunelveli,4,2
Tamil Nadu,Tiruppur,3,0
Tamil Nadu,Tiruvallur,166,28
Tamil Nadu,Tiruvannamalai,54,228
Tamil Nadu,Tiruvarur,15486,2212
Tamil Nadu,Vellore,6131,137
Tamil Nadu,Villupuram,24973,13194
Tamil Nadu,Viluppuram,1078,275
Tamil Nadu,Virudhunagar,29,20
Tripura,Dhalai,0,37
Tripura,Khowai,1,0
Tripura,North Tripura,2,57
Tripura,South Tripura,2,93
Tripura,West Tripura,1,153
Uttar Pradesh,Agra,33,258
Uttar Pradesh,Aligarh,32,96
Uttar Pradesh,Allahabad,53,52
Uttar Pradesh,Ambedkar Nagar,13,17
Uttar Pradesh,Amethi,26,0
Uttar Pradesh,Amroha,3,1
Uttar Pradesh,Auraiya,8,85
Uttar Pradesh,Azamgarh,34,6
Uttar Pradesh,Baghpat,13,3
Uttar Pradesh,Bagpat,1,1
Uttar Pradesh,Bahraich,14,2
Uttar Pradesh,Ballia,55,34
Uttar Pradesh,Balrampur,9,2
Uttar Pradesh,Banda,7,3
Uttar Pradesh,Bara Banki,9,1
Uttar Pradesh,Barabanki,2,141
Uttar Pradesh,Bareilly,9,142
Uttar Pradesh,Basti,23,71
Uttar Pradesh,Bijnor,15,22
Uttar Pradesh,Budaun,12,6
Uttar Pradesh,Bulandshahar,2,18
Uttar Pradesh,Bulandshahr,20,1
Uttar Pradesh,Chandauli,19,9
Uttar Pradesh,Chitrakoot,6,1
Uttar Pradesh,Deoria,37,52
Uttar Pradesh,Etah,14,17
Uttar Pradesh,Etawah,15,80
Uttar Pradesh,Faizabad,18,33
Uttar Pradesh,Farrukhabad,7,17
Uttar Pradesh,Fatehpur,27,4
Uttar Pradesh,Firozabad,12,220
Uttar Pradesh,Gautam Buddha Nagar,15,41
Uttar Pradesh,Ghaziabad,18,115
Uttar Pradesh,Ghazipur,90,95
Uttar Pradesh,Gonda,36,12
Uttar Pradesh,Gorakhpur,33,62
Uttar Pradesh,Hamirpur,5,1
Uttar Pradesh,Hapur,26,12
Uttar Pradesh,Hardoi,9,16
Uttar Pradesh,Hathras,10,42
Uttar Pradesh,Jalaun,13,2
Uttar Pradesh,Jaunpur,51,10
Uttar Pradesh,Jhansi,10,69
Uttar Pradesh,Jyotiba Phule Nagar,2,7
Uttar Pradesh,Kannauj,5,26
Uttar Pradesh,Kanpur Dehat,13,18
Uttar Pradesh,Kanpur Nagar,21,631
Uttar Pradesh,Kasganj,3,0
Uttar Pradesh,Kaushambi,8,2
Uttar Pradesh,Kheri,7,112
Uttar Pradesh,Kushinagar,31,44
Uttar Pradesh,Lalitpur,7,29
Uttar Pradesh,Lucknow,21,370
Uttar Pradesh,Maharajganj,13,0
Uttar Pradesh,Mahoba,5,38
Uttar Pradesh,Mahrajganj,1,3
Uttar Pradesh,Mainpuri,16,45
Uttar Pradesh,Mathura,23,50
Uttar Pradesh,Mau,26,3
Uttar Pradesh,Meerut,44,12
Uttar Pradesh,Mirzapur,15,4
Uttar Pradesh,Moradabad,7,99
Uttar Pradesh,Muzaffarnagar,13,6
Uttar Pradesh,Pilibhit,4,18
Uttar Pradesh,Pratapgarh,39,17
Uttar Pradesh,Rae Bareli,18,0
Uttar Pradesh,Raebareli,7,54
Uttar Pradesh,Rampur,6,23
Uttar Pradesh,Saharanpur,6,16
Uttar Pradesh,Sambhal,1,0
Uttar Pradesh,Sant Kabir Nagar,13,8
Uttar Pradesh,Sant Ravidas Nagar,22,3
Uttar Pradesh,Sant Ravidas Nagar Bhadohi,0,3
Uttar Pradesh,Shahjahanpur,5,15
Uttar Pradesh,Shamli,1,0
Uttar Pradesh,Shrawasti,1,0
Uttar Pradesh,Siddharthnagar,26,1
Uttar Pradesh,Sitapur,4,47
Uttar Pradesh,Sonbhadra,13,4
Uttar Pradesh,Sultanpur,32,63
Uttar Pradesh,Unnao,13,89
Uttar Pradesh,Varanasi,38,13
Uttarakhand,Almora,5,18
Uttarakhand,Bageshwar,4,3
Uttarakhand,Chamoli,10,2
Uttarakhand,Champawat,7,0
Uttarakhand,Dehradun,30,54
Uttarakhand,Garhwal,0,10
Uttarakhand,Hardwar,0,11
Uttarakhand,Haridwar,9,1
Uttarakhand,Nainital,10,30
Uttarakhand,Pauri Garhwal,23,2
Uttarakhand,Pithoragarh,10,1
Uttarakhand,Rudraprayag,14,0
Uttarakhand,Tehri Garhwal,10,3
Uttarakhand,Udham Singh Nagar,12,24
Uttarakhand,Uttarkashi,1,0
West Bengal,Bankura,20,0
West Bengal,Barddhaman,1813,1197
West Bengal,Bardhaman,11839,1736
West Bengal,Birbhum,6,5
West Bengal,Cooch Behar,1887,91
West Bengal,Dakshin Dinajpur,0,3
West Bengal,Darjeeling,223,18
West Bengal,East Midnapore,4275,2058
West Bengal,Hooghly,2363,135
West Bengal,Howrah,303,935
West Bengal,Jalpaiguri,354,59
West Bengal,Kolkata,592,1440
West Bengal,Malda,998,103
West Bengal,Medinipur,14034,2343
West Bengal,Murshidabad,3224,399
West Bengal,Nadia,1063,9
West Bengal,North 24 Parganas,5872,2467
West Bengal,North Dinajpur,4,2
West Bengal,Purulia,18,11
West Bengal,South 24 Parganas,9,1
West Bengal,South Dinajpur,1,1
West Bengal,South Twenty Four Parganas,2499,472
West Bengal,West Midnapore,730,388
