State,District,Aadhaar generated,Enrolment Rejected
Andaman and Nicobar Islands,South Andaman,1,0
Andhra Pradesh,Adilabad,51,241
Andhra Pradesh,Anantapur,1,2
Andhra Pradesh,Ananthapur,50,5
Andhra Pradesh,Chittoor,861,102
Andhra Pradesh,Cuddapah,368,38
Andhra Pradesh,East Godavari,3395,552
Andhra Pradesh,Guntur,225,196
Andhra Pradesh,Hyderabad,1620,158
Andhra Pradesh,K.V.Rangareddy,2660,289
Andhra Pradesh,Karim Nagar,212,125
Andhra Pradesh,Karimnagar,0,1
Andhra Pradesh,Khammam,1272,128
Andhra Pradesh,Krishna,157,115
Andhra Pradesh,Kurnool,144,1093
Andhra Pradesh,Mahabub Nagar,630,1010
Andhra Pradesh,Mahbubnagar,73,164
Andhra Pradesh,Medak,2054,174
Andhra Pradesh,Nalgonda,400,2250
Andhra Pradesh,Nellore,28,1075
Andhra Pradesh,Nizamabad,1884,144
Andhra Pradesh,Prakasam,72,91
Andhra Pradesh,Srikakulam,798,4549
Andhra Pradesh,Visakhapatnam,384,206
Andhra Pradesh,Vizianagaram,28,296
Andhra Pradesh,Warangal,740,145
Andhra Pradesh,West Godavari,114,51
Arunachal Pradesh,East Siang,1,0
Arunachal Pradesh,Lohit,1,0
Arunachal Pradesh,Tirap,1,0
Assam,Barpeta,1,0
Assam,Bongaigaon,1,0
Assam,Cachar,5,0
Assam,Dhemaji,1,0
Assam,Dhubri,1,0
Assam,Jorhat,3,0
Assam,Kamrup,3,0
Assam,Kamrup Metro,1,0
Assam,Karbi Anglong,4,0
Assam,Lakhimpur,3,0
Assam,Nagaon,10,0
Assam,Nalbari,1,0
Assam,Sibsagar,2,0
Assam,Sonitpur,1,0
Assam,Tinsukia,1,1
Assam,Udalguri,4,0
Bihar,Araria,7,1
Bihar,Arwal,9,2
Bihar,Aurangabad,25,1
Bihar,Aurangabad(BH),1,1
Bihar,Banka,40,1
Bihar,Begusarai,18,1
Bihar,Bhabua,1,0
Bihar,Bhagalpur,43,4
Bihar,Bhojpur,70,2
Bihar,Buxar,46,2
Bihar,Darbhanga,121,5
Bihar,East Champaran,43,6
Bihar,Gaya,42,6
Bihar,Gopalganj,21,1
Bihar,Jamui,14,0
Bihar,Jehanabad,22,1
Bihar,Kaimur (Bhabua),14,5
Bihar,Katihar,17,0
Bihar,Khagaria,20,1
Bihar,Kishanganj,20,0
Bihar,Lakhisarai,15,2
Bihar,Madhepura,8,1
Bihar,Madhubani,49,4
Bihar,Munger,17,4
Bihar,Muzaffarpur,35,3
Bihar,Nalanda,34,2
Bihar,Nawada,28,6
Bihar,Patna,55,11
Bihar,Purnia,14,1
Bihar,Rohtas,36,6
Bihar,Saharsa,20,0
Bihar,Samastipur,51,1
Bihar,Saran,67,8
Bihar,Sheikhpura,16,1
Bihar,Sheohar,6,0
Bihar,Sitamarhi,33,0
Bihar,Siwan,66,5
Bihar,Supaul,5,3
Bihar,Vaishali,39,1
Bihar,West Champaran,20,3
Chandigarh,Chandigarh,1653,475
Chandigarh,Mohali,1,0
Chhattisgarh,Balod,1,0
Chhattisgarh,Baloda Bazar,2,0
Chhattisgarh,Bilaspur,9,0
Chhattisgarh,Dhamtari,1,0
Chhattisgarh,Durg,7,0
Chhattisgarh,Janjgir Champa,2,0
Chhattisgarh,Janjgir-champa,1,0
Chhattisgarh,Jashpur,2,0
Chhattisgarh,Kanker,1,0
Chhattisgarh,Korba,5,0
Chhattisgarh,Koriya,3,0
Chhattisgarh,Mahasamund,212,4
Chhattisgarh,Raigarh,27,0
Chhattisgarh,Raipur,3,1
Chhattisgarh,Rajnandgaon,1,0
Chhattisgarh,Surguja,3,0
Daman and Diu,Daman,34,12
Daman and Diu,Diu,1,24
Delhi,Central Delhi,124,2433
Delhi,East Delhi,280,13142
Delhi,Najafgarh,0,181
Delhi,New Delhi,6,7
Delhi,North Delhi,94,3608
Delhi,North East,129,15151
Delhi,North East Delhi,145,483
Delhi,North West Delhi,1114,15928
Delhi,South Delhi,213,20845
Delhi,South West Delhi,357,1920
Delhi,West Delhi,135,2006
Goa,Bardez,20,8
Goa,North Goa,485,833
Goa,South Goa,351,153
Goa,Tiswadi,0,1
Gujarat,Ahmadabad,20,0
Gujarat,Ahmedabad,2678,139
Gujarat,Amreli,118,20
Gujarat,Anand,890,22
Gujarat,Banaskantha,972,23
Gujarat,Bharuch,219,1
Gujarat,Bhavnagar,2245,51
Gujarat,Dahod,258,17
Gujarat,Dohad,1355,28
Gujarat,Gandhinagar,2141,24
Gujarat,Jamnagar,18,41
Gujarat,Junagadh,114,112
Gujarat,Kachchh,224,5
Gujarat,Kheda,1966,31
Gujarat,Mahesana,1541,81
Gujarat,Narmada,343,76
Gujarat,Navsari,2592,62
Gujarat,Panchmahals,208,20
Gujarat,Patan,157,24
Gujarat,Porbandar,6,32
Gujarat,Rajkot,568,150
Gujarat,Sabarkantha,759,45
Gujarat,Surat,211,213
Gujarat,Surendra Nagar,9,27
Gujarat,Tapi,692,34
Gujarat,The Dangs,84,8
Gujarat,Vadodara,654,50
Gujarat,Valsad,2535,46
Haryana,Ambala,3978,709
Haryana,Bhiwani,42,1
Haryana,Faridabad,3654,78
Haryana,Fatehabad,91,4
Haryana,Gurgaon,70,189
Haryana,Hisar,39,17
Haryana,Jhajjar,61,4
Haryana,Jind,99,23
Haryana,Kaithal,29,26
Haryana,Karnal,1237,133
Haryana,Kurukshetra,216,18
Haryana,Mahendragarh,29,1
Haryana,Mewat,11,29
Haryana,Palwal,79,59
Haryana,Panchkula,129,22
Haryana,Panipat,413,15
Haryana,Rewari,54,15
Haryana,Rohtak,458,37
Haryana,Sirsa,51,227
Haryana,Sonipat,3159,584
Haryana,Yamuna Nagar,51,8
Himachal Pradesh,Bilaspur,77,152
Himachal Pradesh,Bilaspur ,20,2
Himachal Pradesh,Chamba,80,105
Himachal Pradesh,Hamirpur,171,99
Himachal Pradesh,Kangra,3207,86
Himachal Pradesh,Kinnaur,5,1
Himachal Pradesh,Kullu,87,2
Himachal Pradesh,Lahul and Spiti,1,0
Himachal Pradesh,Mandi,423,54
Himachal Pradesh,Shimla,301,14
Himachal Pradesh,Sirmaur,1403,35
Himachal Pradesh,Solan,398,18
Himachal Pradesh,Una,174,45
Jammu and Kashmir,Anantnag,2,0
Jammu and Kashmir,Badgam,1,0
Jammu and Kashmir,Baramula,1,0
Jammu and Kashmir,Jammu,25,2
Jammu and Kashmir,Kathua,11,0
Jammu and Kashmir,Kupwara,1,0
Jammu and Kashmir,Leh,1,0
Jammu and Kashmir,Poonch,1,0
Jammu and Kashmir,Rajouri,2,0
Jammu and Kashmir,Srinagar,3,0
Jammu and Kashmir,Udhampur,2,0
Jharkhand,Bokaro,3364,351
Jharkhand,Chatra,315,60
Jharkhand,Deoghar,900,244
Jharkhand,Dhanbad,1137,268
Jharkhand,Dumka,2397,240
Jharkhand,East Singhbhum,611,69
Jharkhand,Garhwa,766,86
Jharkhand,Giridih,2017,332
Jharkhand,Godda,1959,126
Jharkhand,Gumla,1777,140
Jharkhand,Hazaribag,2,23
Jharkhand,Hazaribagh,6758,437
Jharkhand,Jamtara,57,16
Jharkhand,Khunti,84,68
Jharkhand,Kodarma,0,1
Jharkhand,Koderma,142,18
Jharkhand,Latehar,1943,28
Jharkhand,Lohardaga,224,29
Jharkhand,Pakaur,0,1
Jharkhand,Pakur,101,21
Jharkhand,Palamau,137,22
Jharkhand,Palamu,2739,184
Jharkhand,Ramgarh,3095,212
Jharkhand,Ranchi,5245,886
Jharkhand,Sahebganj,2635,30
Jharkhand,Seraikela-Kharsawan,2013,209
Jharkhand,Simdega,372,96
Jharkhand,West Singhbhum,241,30
Karnataka,Bagalkot,26,27
Karnataka,Bangalore,3622,449
Karnataka,Bangalore Rural,77,277
Karnataka,Belgaum,5295,70
Karnataka,Bellary,419,62
Karnataka,Bidar,115,29
Karnataka,Bijapur,32,29
Karnataka,Bijapur(KAR),1,122
Karnataka,Chamrajnagar,856,21
Karnataka,Chickmagalur,83,29
Karnataka,Chikkaballapur,255,394
Karnataka,Chitradurga,209,355
Karnataka,Dakshina Kannada,114,7
Karnataka,Davangere,483,190
Karnataka,Dharwad,2462,2067
Karnataka,Gadag,408,196
Karnataka,Gulbarga,36,339
Karnataka,Hassan,1330,29
Karnataka,Haveri,24,327
Karnataka,Kodagu,870,1649
Karnataka,Kolar,451,34
Karnataka,Koppal,135,7
Karnataka,Mandya,98,92
Karnataka,Mysore,340,232
Karnataka,Raichur,167,13
Karnataka,Ramanagar,1819,19
Karnataka,Shimoga,2783,27
Karnataka,Tumkur,326,187
Karnataka,Udupi,90,124
Karnataka,Uttara Kannada,432,71
Karnataka,Yadgir,72,106
Kerala,Alappuzha,505,2135
Kerala,Ernakulam,1306,11285
Kerala,Idukki,510,2142
Kerala,Kannur,1240,9742
Kerala,Kasaragod,46,212
Kerala,Kasargod,184,2914
Kerala,Kollam,2064,8859
Kerala,Kottayam,2024,874
Kerala,Kozhikode,1134,19516
Kerala,Malappuram,3458,349
Kerala,Palakkad,214,8011
Kerala,Pathanamthitta,768,6110
Kerala,Thiruvananthapuram,638,9534
Kerala,Thrissur,962,8239
Kerala,Wayanad,701,12590
Lakshadweep,Lakshadweep,1,5
Madhya Pradesh,Alirajpur,116,27
Madhya Pradesh,Anuppur,365,23
Madhya Pradesh,Ashok Nagar,48,11
Madhya Pradesh,Balaghat,194,18
Madhya Pradesh,Barwani,36,4
Madhya Pradesh,Betul,812,36
Madhya Pradesh,Bhind,77,48
Madhya Pradesh,Bhopal,745,398
Madhya Pradesh,Burhanpur,5,1
Madhya Pradesh,Chhatarpur,294,17
Madhya Pradesh,Chhindwara,149,69
Madhya Pradesh,Damoh,306,58
Madhya Pradesh,Datia,41,25
Madhya Pradesh,Dewas,264,9
Madhya Pradesh,Dhar,6053,63
Madhya Pradesh,Dindori,6,1
Madhya Pradesh,Guna,153,61
Madhya Pradesh,Gwalior,47,179
Madhya Pradesh,Harda,22,25
Madhya Pradesh,Hoshangabad,683,134
Madhya Pradesh,Indore,4640,420
Madhya Pradesh,Jabalpur,1047,313
Madhya Pradesh,Jhabua,1142,29
Madhya Pradesh,Katni,780,61
Madhya Pradesh,Khandwa,995,32
Madhya Pradesh,Khargone,2780,59
Madhya Pradesh,Mandla,58,32
Madhya Pradesh,Mandsaur,3,24
Madhya Pradesh,Morena,151,19
Madhya Pradesh,Narsinghpur,67,6
Madhya Pradesh,Neemuch,4,40
Madhya Pradesh,Panna,270,56
Madhya Pradesh,Raisen,136,42
Madhya Pradesh,Rajgarh,227,81
Madhya Pradesh,Ratlam,121,42
Madhya Pradesh,Rewa,2616,174
Madhya Pradesh,Sagar,2109,94
Madhya Pradesh,Satna,5992,341
Madhya Pradesh,Sehore,344,56
Madhya Pradesh,Seoni,310,30
Madhya Pradesh,Shahdol,128,9
Madhya Pradesh,Shajapur,4,5
Madhya Pradesh,Sheopur,38,4
Madhya Pradesh,Shivpuri,94,8
Madhya Pradesh,Sidhi,79,4
Madhya Pradesh,Singrauli,49,5
Madhya Pradesh,Tikamgarh,73,2
Madhya Pradesh,Ujjain,7290,183
Madhya Pradesh,Umaria,53,0
Madhya Pradesh,Vidisha,677,121
Maharashtra,Ahmadnagar,3050,114
Maharashtra,Ahmed Nagar,621,63
Maharashtra,Akola,81,44
Maharashtra,Amravati,4672,647
Maharashtra,Aurangabad,555,681
Maharashtra,Beed,511,146
Maharashtra,Bhandara,30,47
Maharashtra,Buldhana,1547,88
Maharashtra,Chandrapur,1395,295
Maharashtra,Dhule,520,1137
Maharashtra,Gadchiroli,48,4
Maharashtra,Gondia,1,9
Maharashtra,Gondiya,631,73
Maharashtra,Hingoli,33,70
Maharashtra,Jalgaon,900,255
Maharashtra,Jalna,686,2033
Maharashtra,Kolhapur,2799,34
Maharashtra,Latur,861,96
Maharashtra,Mumbai,30243,979
Maharashtra,Mumbai City,198,17
Maharashtra,Mumbai( Sub Urban ),13,1
Maharashtra,Nagpur,2614,327
Maharashtra,Nanded,461,37
Maharashtra,Nandurbar,1873,520
Maharashtra,Nashik,6421,1212
Maharashtra,Osmanabad,727,52
Maharashtra,Parbhani,185,75
Maharashtra,Pune,11112,519
Maharashtra,Raigarh,545,30
Maharashtra,Raigarh(MH),49,8
Maharashtra,Ratnagiri,129,32
Maharashtra,Sangli,1086,118
Maharashtra,Satara,1276,70
Maharashtra,Sindhudurg,59,1
Maharashtra,Solapur,1660,50
Maharashtra,Thane,19470,1443
Maharashtra,Wardha,1274,198
Maharashtra,Washim,93,19
Maharashtra,Yavatmal,396,107
Manipur,Churachandpur,0,2
Manipur,Imphal East,0,5
Manipur,Imphal West,0,2
Manipur,Thoubal,1,4
Meghalaya,East Khasi Hills,1,0
Mizoram,Lunglei,3,0
Nagaland,Dimapur,3,0
Nagaland,Kiphire,0,2
Nagaland,Kohima,42,2
Nagaland,Mokokchung,25,0
Nagaland,Mon,0,18
Nagaland,Phek,1,0
Nagaland,Tuensang,0,15
Nagaland,Wokha,0,2
Nagaland,Zunheboto,0,1
Odisha,Angul,2,0
Odisha,Balangir,2,38
Odisha,Baleswar,46,2449
Odisha,Bargarh,92,101
Odisha,Bhadrak,11,1
Odisha,Cuttack,280,1777
Odisha,Debagarh,1,0
Odisha,Dhenkanal,4,0
Odisha,Ganjam,38,21
Odisha,Jagatsinghapur,5,0
Odisha,Jajapur,13,2
Odisha,Kandhamal,1214,15
Odisha,Kendrapara,19,1
Odisha,Kendujhar,12,16
Odisha,Khorda,4,0
Odisha,Khordha,70,2286
Odisha,Koraput,9,106
Odisha,Mayurbhanj,8,0
Odisha,Nabarangapur,0,3
Odisha,Nayagarh,4,0
Odisha,Puri,140,118
Odisha,Rayagada,0,645
Odisha,Sambalpur,647,7
Odisha,Sonapur,0,98
Odisha,Sundergarh,302,43
Others,Others,0,8
Puducherry,Karaikal,824,11
Puducherry,Pondicherry,0,3877
Puducherry,Puducherry,253,210
Puducherry,Yanam,0,17
Punjab,Amritsar,757,274
Punjab,Barnala,143,22
Punjab,Bathinda,839,66
Punjab,Faridkot,146,28
Punjab,Fatehgarh Sahib,1321,156
Punjab,Fazilka,540,47
Punjab,Ferozepur,1006,9
Punjab,Gurdaspur,1998,246
Punjab,Hoshiarpur,1095,53
Punjab,Jalandhar,587,100
Punjab,Kapurthala,161,25
Punjab,Ludhiana,4781,186
Punjab,Mansa,77,2
Punjab,Moga,717,22
Punjab,Muktsar,6,1
Punjab,Nawanshahr,0,1
Punjab,Pathankot,44,15
Punjab,Patiala,4769,108
Punjab,Rupnagar,1008,10
Punjab,SAS Nagar (Mohali),1021,42
Punjab,Sangrur,4521,31
Punjab,Shaheed Bhagat Singh Nagar,283,156
Punjab,Sri Muktsar Sahib,1743,27
Punjab,Tarn Taran,33,22
Rajasthan,Ajmer,6546,674
Rajasthan,Alwar,7862,813
Rajasthan,Banswara,21,14
Rajasthan,Baran,17,72
Rajasthan,Barmer,3896,339
Rajasthan,Bharatpur,117,17
Rajasthan,Bhilwara,234,146
Rajasthan,Bikaner,186,303
Rajasthan,Bundi,341,117
Rajasthan,Chittorgarh,22,24
Rajasthan,Churu,1113,109
Rajasthan,Dausa,272,97
Rajasthan,Dholpur,7,0
Rajasthan,Dungarpur,33,20
Rajasthan,Ganganagar,25,28
Rajasthan,Hanumangarh,246,14
Rajasthan,Jaipur,1048,349
Rajasthan,Jaisalmer,19,0
Rajasthan,Jalor,659,329
Rajasthan,Jhalawar,3,2
Rajasthan,Jhunjhunu,166,38
Rajasthan,Jhunjhunun,1695,58
Rajasthan,Jodhpur,3707,66
Rajasthan,Karauli,108,9
Rajasthan,Kota,63,88
Rajasthan,Nagaur,1647,746
Rajasthan,Pali,1037,80
Rajasthan,Pratapgarh,2,8
Rajasthan,Rajsamand,523,111
Rajasthan,Sawai Madhopur,93,48
Rajasthan,Sikar,943,139
Rajasthan,Sirohi,206,95
Rajasthan,Tonk,328,83
Rajasthan,Udaipur,2894,940
Sikkim,East Sikkim,79,2
Sikkim,North Sikkim,5,0
Sikkim,South Sikkim,18,0
Sikkim,West Sikkim,7,1
Tamil Nadu,Ariyalur,1,5
Tamil Nadu,Chennai,122,1
Tamil Nadu,Coimbatore,26,17
Tamil Nadu,Cuddalore,125,265
Tamil Nadu,Dharmapuri,83,149
Tamil Nadu,Dindigul,182,105
Tamil Nadu,Erode,334,378
Tamil Nadu,Kancheepuram,853,4
Tamil Nadu,Kanchipuram,1462,76
Tamil Nadu,Kanniyakumari,34,3
Tamil Nadu,Kanyakumari,77,10
Tamil Nadu,Karur,10,497
Tamil Nadu,Krishnagiri,83,106
Tamil Nadu,Madurai,1129,2024
Tamil Nadu,Nagapattinam,2917,326
Tamil Nadu,Namakkal,11,173
Tamil Nadu,Nilgiris,7,12
Tamil Nadu,Perambalur,50,26
Tamil Nadu,Pudukkottai,1,53
Tamil Nadu,Ramanathapuram,1461,29
Tamil Nadu,Salem,199,527
Tamil Nadu,Sivaganga,2,63
Tamil Nadu,Thanjavur,1661,200
Tamil Nadu,The Nilgiris,2,0
Tamil Nadu,Theni,567,254
Tamil Nadu,Thiruvarur,2,0
Tamil Nadu,Thoothukkudi,2137,39
Tamil Nadu,Tiruchirappalli,678,34
Tamil Nadu,Tirunelveli,19,27
Tamil Nadu,Tiruppur,7593,26
Tamil Nadu,Tiruvallur,100,18
Tamil Nadu,Tiruvannamalai,1304,759
Tamil Nadu,Tiruvarur,497,54
Tamil Nadu,Vellore,580,1021
Tamil Nadu,Villupuram,1869,396
Tamil Nadu,Viluppuram,630,19
Tamil Nadu,Virudhunagar,765,27
Tripura,Dhalai,0,1
Tripura,Gomati,1,0
Tripura,North Tripura,0,5
Tripura,Sepahijala,1,0
Tripura,South Tripura,0,1
Tripura,West Tripura,5,1
Uttar Pradesh,Agra,25,5
Uttar Pradesh,Aligarh,20,5
Uttar Pradesh,Allahabad,51,3
Uttar Pradesh,Ambedkar Nagar,21,0
Uttar Pradesh,Amethi,18,0
Uttar Pradesh,Amroha,5,0
Uttar Pradesh,Auraiya,13,4
Uttar Pradesh,Azamgarh,80,3
Uttar Pradesh,Baghpat,14,0
Uttar Pradesh,Bahraich,10,0
Uttar Pradesh,Ballia,101,4
Uttar Pradesh,Balrampur,7,3
Uttar Pradesh,Banda,9,1
Uttar Pradesh,Bara Banki,2,0
Uttar Pradesh,Barabanki,1,7
Uttar Pradesh,Bareilly,15,3
Uttar Pradesh,Basti,44,0
Uttar Pradesh,Bijnor,29,1
Uttar Pradesh,Budaun,22,0
Uttar Pradesh,Bulandshahar,0,1
Uttar Pradesh,Bulandshahr,24,4
Uttar Pradesh,Chandauli,24,2
Uttar Pradesh,Chitrakoot,10,0
Uttar Pradesh,Deoria,169,20
Uttar Pradesh,Etah,27,5
Uttar Pradesh,Etawah,12,3
Uttar Pradesh,Faizabad,11,3
Uttar Pradesh,Farrukhabad,12,0
Uttar Pradesh,Fatehpur,37,1
Uttar Pradesh,Firozabad,10,7
Uttar Pradesh,Gautam Buddha Nagar,56,3
Uttar Pradesh,Ghaziabad,25,22
Uttar Pradesh,Ghazipur,73,11
Uttar Pradesh,Gonda,32,3
Uttar Pradesh,Gorakhpur,81,5
Uttar Pradesh,Hamirpur,9,2
Uttar Pradesh,Hapur,8,6
Uttar Pradesh,Hardoi,19,2
Uttar Pradesh,Hathras,19,2
Uttar Pradesh,Jalaun,9,2
Uttar Pradesh,Jaunpur,74,2
Uttar Pradesh,Jhansi,4,4
Uttar Pradesh,Kannauj,11,2
Uttar Pradesh,Kanpur Dehat,10,0
Uttar Pradesh,Kanpur Nagar,20,17
Uttar Pradesh,Kasganj,4,1
Uttar Pradesh,Kaushambi,7,0
Uttar Pradesh,Kheri,15,2
Uttar Pradesh,Kushinagar,64,3
Uttar Pradesh,Lalitpur,6,0
Uttar Pradesh,Lucknow,31,5
Uttar Pradesh,Maharajganj,38,1
Uttar Pradesh,Mahoba,3,0
Uttar Pradesh,Mahrajganj,5,2
Uttar Pradesh,Mainpuri,17,1
Uttar Pradesh,Mathura,16,3
Uttar Pradesh,Mau,56,2
Uttar Pradesh,Meerut,22,3
Uttar Pradesh,Mirzapur,19,1
Uttar Pradesh,Moradabad,6,2
Uttar Pradesh,Muzaffarnagar,15,1
Uttar Pradesh,Pilibhit,11,1
Uttar Pradesh,Pratapgarh,42,1
Uttar Pradesh,Rae Bareli,7,0
Uttar Pradesh,Raebareli,14,3
Uttar Pradesh,Rampur,4,2
Uttar Pradesh,Saharanpur,21,0
Uttar Pradesh,Sambhal,6,1
Uttar Pradesh,Sant Kabir Nagar,24,3
Uttar Pradesh,Sant Ravidas Nagar,30,0
Uttar Pradesh,Sant Ravidas Nagar Bhadohi,3,0
Uttar Pradesh,Shahjahanpur,12,2
Uttar Pradesh,Shamli,3,2
Uttar Pradesh,Shrawasti,4,0
Uttar Pradesh,Siddharthnagar,67,1
Uttar Pradesh,Sitapur,7,0
Uttar Pradesh,Sonbhadra,4,0
Uttar Pradesh,Sultanpur,42,7
Uttar Pradesh,Unnao,16,5
Uttar Pradesh,Varanasi,29,0
Uttarakhand,Almora,18,1
Uttarakhand,Bageshwar,11,0
Uttarakhand,Chamoli,11,0
Uttarakhand,Champawat,3,0
Uttarakhand,Dehradun,22,2
Uttarakhand,Garhwal,1,0
Uttarakhand,Hardwar,5,0
Uttarakhand,Haridwar,5,1
Uttarakhand,Nainital,8,1
Uttarakhand,Pauri Garhwal,20,4
Uttarakhand,Pithoragarh,21,1
Uttarakhand,Rudraprayag,4,0
Uttarakhand,Tehri Garhwal,7,0
Uttarakhand,Udham Singh Nagar,4,4
Uttarakhand,Uttarkashi,7,1
West Bengal,Bally Jagachha,0,1
West Bengal,Bankura,17,3
West Bengal,Barddhaman,189,130
West Bengal,Bardhaman,82,213
West Bengal,Birbhum,3,31
West Bengal,Cooch Behar,1319,253
West Bengal,Dakshin Dinajpur,0,679
West Bengal,Darjeeling,38,18
West Bengal,East Midnapore,40,57
West Bengal,Hooghly,6098,270
West Bengal,Howrah,19,931
West Bengal,Jalpaiguri,69,117
West Bengal,Kolkata,265,2917
West Bengal,Malda,31,322
West Bengal,Medinipur,735,33
West Bengal,Murshidabad,4536,879
West Bengal,Nadia,1118,37
West Bengal,North 24 Parganas,79,134
West Bengal,North Dinajpur,12,0
West Bengal,Purulia,29,0
West Bengal,South 24 Parganas,7,1
West Bengal,South Dinajpur,0,230
West Bengal,South Twenty Four Parganas,176,70
West Bengal,West Midnapore,133,8
