State,District,Aadhaar generated,Enrolment Rejected
Andaman and Nicobar Islands,South Andaman,1,0
Andhra Pradesh,Adilabad,760,556
Andhra Pradesh,Anantapur,1,2
Andhra Pradesh,Ananthapur,782,28
Andhra Pradesh,Chittoor,597,189
Andhra Pradesh,Cuddapah,434,105
Andhra Pradesh,East Godavari,2318,319
Andhra Pradesh,Guntur,296,902
Andhra Pradesh,Hyderabad,1438,296
Andhra Pradesh,K.V.Rangareddy,1504,682
Andhra Pradesh,Karim Nagar,1010,237
Andhra Pradesh,Khammam,300,495
Andhra Pradesh,Krishna,624,261
Andhra Pradesh,Kurnool,2896,6780
Andhra Pradesh,Mahabub Nagar,5338,5655
Andhra Pradesh,Mahbubnagar,526,2255
Andhra Pradesh,Medak,1079,289
Andhra Pradesh,Nalgonda,3127,8297
Andhra Pradesh,Nellore,959,2853
Andhra Pradesh,Nizamabad,4995,292
Andhra Pradesh,Prakasam,127,236
Andhra Pradesh,Srikakulam,164,3509
Andhra Pradesh,Visakhapatnam,1041,4163
Andhra Pradesh,Vizianagaram,28,59
Andhra Pradesh,Warangal,1054,6556
Andhra Pradesh,West Godavari,484,184
Arunachal Pradesh,Lower Subansiri,3,0
Arunachal Pradesh,West Siang,1,0
Assam,Barpeta,2,0
Assam,Bongaigaon,1,1
Assam,Cachar,1,1
Assam,Dhubri,3,1
Assam,Dibrugarh,1,0
Assam,Golaghat,2,1
Assam,Jorhat,6,0
Assam,Kamrup,3,0
Assam,Kamrup Metro,1,0
Assam,Karbi Anglong,1,0
Assam,Karimganj,1,0
Assam,Lakhimpur,1,0
Assam,Marigaon,1,0
Assam,Nagaon,4,0
Assam,Sonitpur,5,0
Bihar,Araria,4,1
Bihar,Arwal,10,4
Bihar,Aurangabad,23,4
Bihar,Aurangabad(BH),1,4
Bihar,Banka,22,5
Bihar,Begusarai,13,5
Bihar,Bhagalpur,18,10
Bihar,Bhojpur,35,11
Bihar,Buxar,16,4
Bihar,Darbhanga,43,6
Bihar,East Champaran,29,5
Bihar,Gaya,32,6
Bihar,Gopalganj,17,5
Bihar,Jamui,9,5
Bihar,Jehanabad,12,3
Bihar,Kaimur (Bhabua),6,3
Bihar,Katihar,11,1
Bihar,Khagaria,3,3
Bihar,Kishanganj,7,2
Bihar,Lakhisarai,4,4
Bihar,Madhepura,7,2
Bihar,Madhubani,27,7
Bihar,Munger,17,5
Bihar,Muzaffarpur,20,10
Bihar,Nalanda,15,11
Bihar,Nawada,15,6
Bihar,Patna,28,16
Bihar,Purnia,8,1
Bihar,Rohtas,15,5
Bihar,Saharsa,4,3
Bihar,Samastipur,20,5
Bihar,Saran,37,15
Bihar,Sheikhpura,2,1
Bihar,Sheohar,3,0
Bihar,Sitamarhi,24,4
Bihar,Siwan,30,8
Bihar,Supaul,6,0
Bihar,Vaishali,25,6
Bihar,West Champaran,9,1
Chandigarh,Chandigarh,1004,358
Chandigarh,Mohali,3,0
Chhattisgarh,Balod,1,0
Chhattisgarh,Bijapur(CGH),0,1
Chhattisgarh,Bilaspur,5,0
Chhattisgarh,Dhamtari,2,0
Chhattisgarh,Durg,7,1
Chhattisgarh,Janjgir Champa,3,0
Chhattisgarh,Jashpur,2,0
Chhattisgarh,Kawardha,1,0
Chhattisgarh,Korba,4,0
Chhattisgarh,Koriya,126,0
Chhattisgarh,Mahasamund,272,3
Chhattisgarh,Mungeli ,3,0
Chhattisgarh,Raigarh,3,4
Chhattisgarh,Raipur,1,1
Chhattisgarh,Rajnandgaon,1,0
Chhattisgarh,Surajpur ,1,0
Dadra and Nagar Haveli,Dadra and Nagar Haveli,2,1
Daman and Diu,Daman,14,35
Daman and Diu,Diu,1,1
Delhi,Central Delhi,52,1189
Delhi,East Delhi,530,6200
Delhi,Najafgarh,255,54
Delhi,New Delhi,1,7
Delhi,North Delhi,56,1215
Delhi,North East,281,5702
Delhi,North East Delhi,195,108
Delhi,North West Delhi,1838,11289
Delhi,South Delhi,318,9872
Delhi,South West Delhi,464,2422
Delhi,West Delhi,221,1524
Goa,Bardez,25,6
Goa,North Goa,216,472
Goa,South Goa,155,49
Goa,Tiswadi,0,1
Gujarat,Ahmadabad,6,0
Gujarat,Ahmedabad,3020,168
Gujarat,Amreli,90,52
Gujarat,Anand,1378,20
Gujarat,Banaskantha,1049,35
Gujarat,Bharuch,676,6
Gujarat,Bhavnagar,2357,38
Gujarat,Dahod,57,6
Gujarat,Dohad,742,24
Gujarat,Gandhinagar,1340,76
Gujarat,Jamnagar,207,127
Gujarat,Junagadh,1612,143
Gujarat,Kachchh,34,39
Gujarat,Kheda,285,45
Gujarat,Mahesana,2455,43
Gujarat,Narmada,1357,29
Gujarat,Navsari,755,97
Gujarat,Panchmahals,39,29
Gujarat,Patan,77,103
Gujarat,Porbandar,11,80
Gujarat,Rajkot,2442,159
Gujarat,Sabarkantha,807,147
Gujarat,Surat,215,130
Gujarat,Surendra Nagar,18,79
Gujarat,Tapi,291,92
Gujarat,The Dangs,21,4
Gujarat,Vadodara,1828,65
Gujarat,Valsad,855,62
Haryana,Ambala,4839,827
Haryana,Bhiwani,33,4
Haryana,Faridabad,415,264
Haryana,Fatehabad,18,1
Haryana,Gurgaon,160,205
Haryana,Hisar,69,214
Haryana,Jhajjar,106,6
Haryana,Jind,873,15
Haryana,Kaithal,676,38
Haryana,Karnal,390,124
Haryana,Kurukshetra,743,48
Haryana,Mahendragarh,116,2
Haryana,Mewat,4,7
Haryana,Palwal,73,99
Haryana,Panchkula,294,47
Haryana,Panipat,134,16
Haryana,Rewari,74,32
Haryana,Rohtak,385,66
Haryana,Sirsa,49,50
Haryana,Sonipat,7727,1371
Haryana,Yamuna Nagar,1326,71
Himachal Pradesh,Bilaspur,124,12
Himachal Pradesh,Bilaspur ,10,1
Himachal Pradesh,Chamba,292,49
Himachal Pradesh,Hamirpur,64,34
Himachal Pradesh,Kangra,567,241
Himachal Pradesh,Kinnaur,0,2
Himachal Pradesh,Kullu,61,6
Himachal Pradesh,Lahul and Spiti,1,0
Himachal Pradesh,Mandi,146,35
Himachal Pradesh,Shimla,304,30
Himachal Pradesh,Sirmaur,158,57
Himachal Pradesh,Solan,195,51
Himachal Pradesh,Una,60,33
Jammu and Kashmir,Anantnag,1,0
Jammu and Kashmir,Bandipore,1,0
Jammu and Kashmir,Doda,1,0
Jammu and Kashmir,Jammu,21,2
Jammu and Kashmir,Kathua,5,0
Jammu and Kashmir,Kupwara,1,0
Jammu and Kashmir,Pulwama,2,0
Jammu and Kashmir,Rajouri,1,0
Jammu and Kashmir,Srinagar,1,0
Jammu and Kashmir,Udhampur,2,0
Jharkhand,Bokaro,737,547
Jharkhand,Chatra,223,59
Jharkhand,Deoghar,458,239
Jharkhand,Dhanbad,837,403
Jharkhand,Dumka,1106,527
Jharkhand,East Singhbhum,617,113
Jharkhand,Garhwa,496,522
Jharkhand,Giridih,4735,636
Jharkhand,Godda,379,295
Jharkhand,Gumla,572,43
Jharkhand,Hazaribag,9,8
Jharkhand,Hazaribagh,2990,409
Jharkhand,Jamtara,34,71
Jharkhand,Khunti,270,101
Jharkhand,Koderma,18,82
Jharkhand,Latehar,298,50
Jharkhand,Lohardaga,65,53
Jharkhand,Pakaur,2,0
Jharkhand,Pakur,60,71
Jharkhand,Palamau,13,30
Jharkhand,Palamu,507,338
Jharkhand,Ramgarh,1618,329
Jharkhand,Ranchi,2583,946
Jharkhand,Sahebganj,892,78
Jharkhand,Seraikela-Kharsawan,2804,360
Jharkhand,Simdega,123,75
Jharkhand,West Singhbhum,184,114
Karnataka,Bagalkot,121,14
Karnataka,Bangalore,3674,437
Karnataka,Bangalore Rural,11,428
Karnataka,Belgaum,2293,81
Karnataka,Bellary,2348,60
Karnataka,Bidar,54,53
Karnataka,Bijapur,329,42
Karnataka,Bijapur(KAR),0,1
Karnataka,Chamrajanagar,1160,29
Karnataka,Chickmagalur,613,59
Karnataka,Chikkaballapur,60,798
Karnataka,Chitradurga,1450,184
Karnataka,Dakshina Kannada,129,35
Karnataka,Davangere,1133,242
Karnataka,Dharwad,563,383
Karnataka,Gadag,166,135
Karnataka,Gulbarga,246,53
Karnataka,Hasan,398,39
Karnataka,Hassan,5,0
Karnataka,Haveri,373,1563
Karnataka,Kodagu,57,1398
Karnataka,Kolar,616,185
Karnataka,Koppal,50,23
Karnataka,Mandya,43,3151
Karnataka,Mysore,642,111
Karnataka,Raichur,173,11
Karnataka,Ramanagar,352,22
Karnataka,Shimoga,888,41
Karnataka,Tumkur,79,112
Karnataka,Udupi,97,15
Karnataka,Uttara Kannada,41,4443
Karnataka,Yadgir,217,24
Kerala,Alappuzha,1852,38477
Kerala,Ernakulam,1980,20161
Kerala,Idukki,1617,1164
Kerala,Kannur,1810,2325
Kerala,Kasaragod,131,150
Kerala,Kasargod,474,598
Kerala,Kollam,993,10807
Kerala,Kottayam,823,488
Kerala,Kozhikode,1285,2301
Kerala,Malappuram,1462,237
Kerala,Palakkad,1807,1343
Kerala,Pathanamthitta,290,2398
Kerala,Thiruvananthapuram,1307,7390
Kerala,Thrissur,1886,10347
Kerala,Wayanad,349,5195
Lakshadweep,Lakshadweep,0,3
Madhya Pradesh,Alirajpur,411,30
Madhya Pradesh,Anuppur,225,11
Madhya Pradesh,Ashok Nagar,111,16
Madhya Pradesh,Balaghat,58,9
Madhya Pradesh,Barwani,10,12
Madhya Pradesh,Betul,526,150
Madhya Pradesh,Bhind,232,74
Madhya Pradesh,Bhopal,1059,949
Madhya Pradesh,Burhanpur,2,2
Madhya Pradesh,Chhatarpur,140,41
Madhya Pradesh,Chhindwara,680,181
Madhya Pradesh,Damoh,364,219
Madhya Pradesh,Datia,34,27
Madhya Pradesh,Dewas,14,22
Madhya Pradesh,Dhar,935,99
Madhya Pradesh,Dindori,5,1
Madhya Pradesh,Guna,238,355
Madhya Pradesh,Gwalior,442,404
Madhya Pradesh,Harda,66,8
Madhya Pradesh,Hoshangabad,1453,303
Madhya Pradesh,Indore,1078,1169
Madhya Pradesh,Jabalpur,195,1156
Madhya Pradesh,Jhabua,544,87
Madhya Pradesh,Katni,2235,158
Madhya Pradesh,Khandwa,269,75
Madhya Pradesh,Khargone,382,123
Madhya Pradesh,Mandla,219,27
Madhya Pradesh,Mandsaur,2,2
Madhya Pradesh,Morena,337,42
Madhya Pradesh,Narsinghpur,29,600
Madhya Pradesh,Neemuch,5,3
Madhya Pradesh,Panna,1674,127
Madhya Pradesh,Raisen,288,111
Madhya Pradesh,Rajgarh,267,253
Madhya Pradesh,Ratlam,468,16
Madhya Pradesh,Rewa,2293,135
Madhya Pradesh,Sagar,904,231
Madhya Pradesh,Satna,2398,193
Madhya Pradesh,Sehore,158,130
Madhya Pradesh,Seoni,188,146
Madhya Pradesh,Shahdol,240,41
Madhya Pradesh,Shajapur,2,7
Madhya Pradesh,Sheopur,148,35
Madhya Pradesh,Shivpuri,143,36
Madhya Pradesh,Sidhi,388,14
Madhya Pradesh,Singrauli,384,17
Madhya Pradesh,Tikamgarh,33,22
Madhya Pradesh,Ujjain,598,387
Madhya Pradesh,Umaria,252,7
Madhya Pradesh,Vidisha,362,412
Maharashtra,Ahmadnagar,2155,242
Maharashtra,Ahmed Nagar,226,84
Maharashtra,Akola,779,143
Maharashtra,Amravati,1361,828
Maharashtra,Aurangabad,2694,1070
Maharashtra,Beed,766,139
Maharashtra,Bhandara,488,1117
Maharashtra,Buldhana,1251,120
Maharashtra,Chandrapur,1128,317
Maharashtra,Dhule,825,216
Maharashtra,Gadchiroli,18,2
Maharashtra,Gondia,0,49
Maharashtra,Gondiya,675,258
Maharashtra,Hingoli,16,161
Maharashtra,Jalgaon,518,384
Maharashtra,Jalna,752,3189
Maharashtra,Kolhapur,1366,103
Maharashtra,Latur,420,180
Maharashtra,Mumbai,8004,789
Maharashtra,Mumbai City,2,6
Maharashtra,Mumbai( Sub Urban ),4,1
Maharashtra,Nagpur,2614,3217
Maharashtra,Nanded,772,23
Maharashtra,Nandurbar,832,305
Maharashtra,Nashik,3395,794
Maharashtra,Osmanabad,478,555
Maharashtra,Parbhani,105,116
Maharashtra,Pune,6836,629
Maharashtra,Raigarh,355,44
Maharashtra,Raigarh(MH),25,27
Maharashtra,Ratnagiri,120,11
Maharashtra,Sangli,705,137
Maharashtra,Satara,407,127
Maharashtra,Sindhudurg,36,3
Maharashtra,Solapur,616,341
Maharashtra,Thane,8449,1865
Maharashtra,Wardha,746,558
Maharashtra,Washim,26,36
Maharashtra,Yavatmal,154,75
Manipur,Bishnupur,2,0
Manipur,Churachandpur,1,0
Manipur,Imphal East,4,0
Manipur,Imphal West,1,0
Manipur,Senapati,1,0
Manipur,Tamenglong,1,0
Manipur,Thoubal,1,0
Meghalaya,East Khasi Hills,1,0
Meghalaya,West Garo Hills,1,0
Nagaland,Dimapur,14,6
Nagaland,Kohima,512,167
Nagaland,Mokokchung,9,208
Nagaland,Mon,0,1
Nagaland,Phek,1,45
Nagaland,Tuensang,2,22
Nagaland,Zunheboto,1,0
Odisha,Angul,1,1
Odisha,Balangir,205,4
Odisha,Baleswar,74,1219
Odisha,Bargarh,434,37
Odisha,Bhadrak,8,2
Odisha,Cuttack,127,570
Odisha,Dhenkanal,3,0
Odisha,Gajapati,1,1
Odisha,Ganjam,217,39
Odisha,Jagatsinghapur,5,3
Odisha,Jajapur,8,1
Odisha,Jharsuguda,1,0
Odisha,Kandhamal,779,16
Odisha,Kendrapara,11,0
Odisha,Kendujhar,3,13
Odisha,Khorda,7,0
Odisha,Khordha,1541,4547
Odisha,Koraput,2,69
Odisha,Mayurbhanj,8,0
Odisha,Nayagarh,0,1
Odisha,Puri,1363,19
Odisha,Rayagada,0,62
Odisha,Sambalpur,368,10
Odisha,Sonapur,0,9
Odisha,Sundergarh,109,330
Others,Others,1,10
Puducherry,Karaikal,0,114
Puducherry,Pondicherry,2,6
Puducherry,Puducherry,205,498
Punjab,Amritsar,2078,117
Punjab,Barnala,423,85
Punjab,Bathinda,1207,317
Punjab,Chandigarh,0,1
Punjab,Faridkot,178,17
Punjab,Fatehgarh Sahib,907,94
Punjab,Fazilka,741,96
Punjab,Ferozepur,342,40
Punjab,Gurdaspur,3249,176
Punjab,Hoshiarpur,886,118
Punjab,Jalandhar,1350,190
Punjab,Kapurthala,270,56
Punjab,Ludhiana,3068,328
Punjab,Mansa,24,68
Punjab,Moga,863,376
Punjab,Muktsar,5,2
Punjab,Pathankot,34,3
Punjab,Patiala,971,256
Punjab,Rupnagar,323,36
Punjab,SAS Nagar (Mohali),212,54
Punjab,Sangrur,295,160
Punjab,Shaheed Bhagat Singh Nagar,221,154
Punjab,Sri Muktsar Sahib,381,129
Punjab,Tarn Taran,68,24
Rajasthan,Ajmer,7688,811
Rajasthan,Alwar,9405,583
Rajasthan,Banswara,291,125
Rajasthan,Baran,126,103
Rajasthan,Barmer,1195,627
Rajasthan,Bharatpur,834,27
Rajasthan,Bhilwara,220,61
Rajasthan,Bikaner,1276,225
Rajasthan,Bundi,263,132
Rajasthan,Chittorgarh,161,7
Rajasthan,Churu,1565,215
Rajasthan,Dausa,2738,743
Rajasthan,Dholpur,4,2
Rajasthan,Dungarpur,482,75
Rajasthan,Ganganagar,778,72
Rajasthan,Hanumangarh,160,43
Rajasthan,Jaipur,1488,317
Rajasthan,Jaisalmer,11,2
Rajasthan,Jalor,657,588
Rajasthan,Jhalawar,23,16
Rajasthan,Jhunjhunu,89,112
Rajasthan,Jhunjhunun,3973,231
Rajasthan,Jodhpur,3753,210
Rajasthan,Karauli,121,58
Rajasthan,Kota,176,168
Rajasthan,Nagaur,542,196
Rajasthan,Pali,1855,399
Rajasthan,Pratapgarh,136,51
Rajasthan,Rajsamand,568,573
Rajasthan,Sawai Madhopur,728,93
Rajasthan,Sikar,1710,283
Rajasthan,Sirohi,234,158
Rajasthan,Tonk,386,168
Rajasthan,Udaipur,1933,1445
Sikkim,East Sikkim,164,7
Sikkim,North Sikkim,22,1
Sikkim,South Sikkim,8,1
Sikkim,West Sikkim,23,0
Tamil Nadu,Ariyalur,2,159
Tamil Nadu,Chennai,43,0
Tamil Nadu,Coimbatore,51,45
Tamil Nadu,Cuddalore,64,28
Tamil Nadu,Dharmapuri,82,105
Tamil Nadu,Dindigul,555,0
Tamil Nadu,Erode,58,1969
Tamil Nadu,Kancheepuram,391,2
Tamil Nadu,Kanchipuram,4464,189
Tamil Nadu,Kanniyakumari,46,1
Tamil Nadu,Kanyakumari,61,0
Tamil Nadu,Karur,57,85
Tamil Nadu,Krishnagiri,42,1
Tamil Nadu,Madurai,527,140
Tamil Nadu,Nagapattinam,163,0
Tamil Nadu,Namakkal,7,0
Tamil Nadu,Nilgiris,5,15
Tamil Nadu,Perambalur,0,2373
Tamil Nadu,Pudukkottai,74,0
Tamil Nadu,Ramanathapuram,2657,490
Tamil Nadu,Salem,1371,1192
Tamil Nadu,Sivaganga,2,0
Tamil Nadu,Thanjavur,2939,4160
Tamil Nadu,The Nilgiris,1,0
Tamil Nadu,Theni,292,2
Tamil Nadu,Thiruvarur,476,2
Tamil Nadu,Thoothukkudi,1141,0
Tamil Nadu,Tiruchirappalli,18,7
Tamil Nadu,Tirunelveli,16,0
Tamil Nadu,Tiruppur,10,36
Tamil Nadu,Tiruvallur,14,291
Tamil Nadu,Tiruvannamalai,47,3190
Tamil Nadu,Tiruvarur,1537,35
Tamil Nadu,Tuticorin,0,1
Tamil Nadu,Vellore,750,390
Tamil Nadu,Villupuram,4157,83
Tamil Nadu,Viluppuram,353,4
Tamil Nadu,Virudhunagar,357,2
Tripura,Dhalai,1,1
Tripura,Gomati,1,0
Tripura,North Tripura,3,0
Tripura,South Tripura,0,1
Tripura,Unakoti,1,0
Tripura,West Tripura,4,1
Uttar Pradesh,Agra,24,5
Uttar Pradesh,Aligarh,17,9
Uttar Pradesh,Allahabad,20,8
Uttar Pradesh,Ambedkar Nagar,13,1
Uttar Pradesh,Amethi,8,5
Uttar Pradesh,Auraiya,8,5
Uttar Pradesh,Azamgarh,47,7
Uttar Pradesh,Baghpat,2,3
Uttar Pradesh,Bahraich,7,2
Uttar Pradesh,Ballia,45,5
Uttar Pradesh,Balrampur,3,1
Uttar Pradesh,Banda,10,2
Uttar Pradesh,Bara Banki,5,1
Uttar Pradesh,Barabanki,1,1
Uttar Pradesh,Bareilly,6,6
Uttar Pradesh,Basti,12,5
Uttar Pradesh,Bijnor,31,2
Uttar Pradesh,Budaun,5,0
Uttar Pradesh,Bulandshahar,2,4
Uttar Pradesh,Bulandshahr,14,7
Uttar Pradesh,Chandauli,13,1
Uttar Pradesh,Chitrakoot,10,1
Uttar Pradesh,Deoria,31,12
Uttar Pradesh,Etah,3,1
Uttar Pradesh,Etawah,70,3
Uttar Pradesh,Faizabad,37,2
Uttar Pradesh,Farrukhabad,7,2
Uttar Pradesh,Fatehpur,10,0
Uttar Pradesh,Firozabad,7,4
Uttar Pradesh,Gautam Buddha Nagar,31,2
Uttar Pradesh,Ghaziabad,24,42
Uttar Pradesh,Ghazipur,40,11
Uttar Pradesh,Gonda,14,2
Uttar Pradesh,Gorakhpur,28,7
Uttar Pradesh,Hamirpur,10,0
Uttar Pradesh,Hapur,6,28
Uttar Pradesh,Hardoi,8,0
Uttar Pradesh,Hathras,7,2
Uttar Pradesh,Jalaun,4,2
Uttar Pradesh,Jaunpur,31,7
Uttar Pradesh,Jhansi,2,6
Uttar Pradesh,Jyotiba Phule Nagar,2,1
Uttar Pradesh,Kannauj,8,1
Uttar Pradesh,Kanpur Dehat,11,0
Uttar Pradesh,Kanpur Nagar,27,6
Uttar Pradesh,Kaushambi,5,1
Uttar Pradesh,Kheri,1,0
Uttar Pradesh,Kushinagar,22,8
Uttar Pradesh,Lalitpur,2,0
Uttar Pradesh,Lucknow,26,5
Uttar Pradesh,Maharajganj,8,1
Uttar Pradesh,Mahoba,1,3
Uttar Pradesh,Mainpuri,10,2
Uttar Pradesh,Mathura,15,3
Uttar Pradesh,Mau,28,0
Uttar Pradesh,Meerut,15,2
Uttar Pradesh,Mirzapur,14,0
Uttar Pradesh,Moradabad,4,2
Uttar Pradesh,Muzaffarnagar,13,1
Uttar Pradesh,Pilibhit,1,0
Uttar Pradesh,Pratapgarh,18,7
Uttar Pradesh,Rae Bareli,14,1
Uttar Pradesh,Raebareli,0,1
Uttar Pradesh,Rampur,2,0
Uttar Pradesh,Saharanpur,28,3
Uttar Pradesh,Sambhal,5,0
Uttar Pradesh,Sant Kabir Nagar,8,3
Uttar Pradesh,Sant Ravidas Nagar,13,1
Uttar Pradesh,Sant Ravidas Nagar Bhadohi,1,0
Uttar Pradesh,Shahjahanpur,2,3
Uttar Pradesh,Shamli,3,0
Uttar Pradesh,Siddharthnagar,12,4
Uttar Pradesh,Sitapur,2,0
Uttar Pradesh,Sonbhadra,14,2
Uttar Pradesh,Sultanpur,23,8
Uttar Pradesh,Unnao,12,2
Uttar Pradesh,Varanasi,41,2
Uttarakhand,Almora,11,4
Uttarakhand,Bageshwar,2,1
Uttarakhand,Chamoli,6,3
Uttarakhand,Champawat,1,0
Uttarakhand,Dehradun,24,4
Uttarakhand,Garhwal,4,0
Uttarakhand,Hardwar,3,0
Uttarakhand,Haridwar,10,3
Uttarakhand,Nainital,8,0
Uttarakhand,Pauri Garhwal,15,3
Uttarakhand,Pithoragarh,13,1
Uttarakhand,Rudraprayag,1,0
Uttarakhand,Tehri Garhwal,7,0
Uttarakhand,Udham Singh Nagar,49,2
Uttarakhand,Uttarkashi,1,0
West Bengal,Bankura,12,1
West Bengal,Barddhaman,4,18
West Bengal,Bardhaman,530,18
West Bengal,Birbhum,6,0
West Bengal,Cooch Behar,2183,40
West Bengal,Dakshin Dinajpur,3477,2663
West Bengal,Darjeeling,8,10
West Bengal,East Midnapore,11,4
West Bengal,Hooghly,2407,25
West Bengal,Howrah,451,1015
West Bengal,Jalpaiguri,7,17
West Bengal,Kolkata,846,5558
West Bengal,Malda,68,17
West Bengal,Medinipur,46,179
West Bengal,Murshidabad,1994,328
West Bengal,Nadia,319,113
West Bengal,North 24 Parganas,38,8
West Bengal,North Dinajpur,1,0
West Bengal,Purulia,2,0
West Bengal,South 24 Parganas,6,0
West Bengal,South Dinajpur,315,148
West Bengal,South Twenty Four Parganas,259,213
West Bengal,West Midnapore,26,19
