State,District,Aadhaar generated,Enrolment Rejected
Andaman and Nicobar Islands,Andamans,0,4
Andaman and Nicobar Islands,North And Middle Andaman,1,0
Andaman and Nicobar Islands,South Andaman,2,2
Andhra Pradesh,Adilabad,691,1137
Andhra Pradesh,Anantapur,1,633
Andhra Pradesh,Ananthapur,54,14
Andhra Pradesh,Chittoor,172,708
Andhra Pradesh,Cuddapah,677,207
Andhra Pradesh,East Godavari,1896,816
Andhra Pradesh,Guntur,211,586
Andhra Pradesh,Hyderabad,685,464
Andhra Pradesh,K.V.Rangareddy,1449,683
Andhra Pradesh,Karim Nagar,960,148
Andhra Pradesh,Karimnagar,0,88
Andhra Pradesh,Khammam,2216,122
Andhra Pradesh,Krishna,507,296
Andhra Pradesh,Kurnool,3565,850
Andhra Pradesh,Mahabub Nagar,6646,941
Andhra Pradesh,Mahbubnagar,85,227
Andhra Pradesh,Medak,1318,253
Andhra Pradesh,Nalgonda,390,1578
Andhra Pradesh,Nellore,14,412
Andhra Pradesh,Nizamabad,4246,341
Andhra Pradesh,Prakasam,81,194
Andhra Pradesh,Srikakulam,96,3560
Andhra Pradesh,Visakhapatnam,162,694
Andhra Pradesh,Vizianagaram,23,71275
Andhra Pradesh,Warangal,2328,300
Andhra Pradesh,West Godavari,1223,329
Arunachal Pradesh,East Siang,1,0
Arunachal Pradesh,Lohit,1,0
Arunachal Pradesh,Lower Subansiri,1,0
Arunachal Pradesh,Papum Pare,1,0
Assam,Barpeta,5,0
Assam,Cachar,10,1
Assam,Chirang,2,0
Assam,Darrang,3,0
Assam,Dhubri,3,0
Assam,Dibrugarh,2,0
Assam,Goalpara,1,0
Assam,Golaghat,1,0
Assam,Hailakandi,6,0
Assam,Jorhat,5,1
Assam,Kamrup,6,1
Assam,Kamrup Metro,1,0
Assam,Karbi Anglong,2,0
Assam,Karimganj,2,0
Assam,Kokrajhar,3,0
Assam,Lakhimpur,1,0
Assam,Marigaon,1,0
Assam,Nagaon,5,0
Assam,Sibsagar,4,0
Assam,Sonitpur,3,1
Assam,Tinsukia,3,0
Assam,Udalguri,6,0
Bihar,Araria,16,3
Bihar,Arwal,23,0
Bihar,Aurangabad,53,0
Bihar,Aurangabad(BH),4,4
Bihar,Banka,24,3
Bihar,Begusarai,50,6
Bihar,Bhabua,0,1
Bihar,Bhagalpur,53,5
Bihar,Bhojpur,90,10
Bihar,Buxar,58,8
Bihar,Darbhanga,60,9
Bihar,East Champaran,59,4
Bihar,Gaya,105,5
Bihar,Gopalganj,60,7
Bihar,Jamui,28,4
Bihar,Jehanabad,25,2
Bihar,Kaimur (Bhabua),18,0
Bihar,Katihar,27,1
Bihar,Khagaria,31,0
Bihar,Kishanganj,18,3
Bihar,Lakhisarai,25,1
Bihar,Madhepura,17,23
Bihar,Madhubani,92,2
Bihar,Munger,19,1
Bihar,Muzaffarpur,81,10
Bihar,Nalanda,65,5
Bihar,Nawada,40,8
Bihar,Patna,117,76
Bihar,Purnia,24,9
Bihar,Rohtas,88,4
Bihar,Saharsa,16,0
Bihar,Samastipur,60,4
Bihar,Saran,139,8
Bihar,Sheikhpura,17,2
Bihar,Sheohar,13,0
Bihar,Sitamarhi,37,3
Bihar,Siwan,91,6
Bihar,Supaul,11,1
Bihar,Vaishali,66,4
Bihar,West Champaran,20,9
Chandigarh,Chandigarh,1388,157
Chandigarh,Mohali,5,0
Chhattisgarh,Balod,3,0
Chhattisgarh,Baloda Bazar,1,0
Chhattisgarh,Balrampur,1,0
Chhattisgarh,Bastar,2,0
Chhattisgarh,Bilaspur,7,1
Chhattisgarh,Dantewada,1,0
Chhattisgarh,Dhamtari,18,0
Chhattisgarh,Durg,16,2
Chhattisgarh,Janjgir Champa,1,0
Chhattisgarh,Janjgir-champa,0,4
Chhattisgarh,Jashpur,1,1
Chhattisgarh,Kanker,2,0
Chhattisgarh,Korba,32,1
Chhattisgarh,Koriya,5,0
Chhattisgarh,Mahasamund,0,25
Chhattisgarh,Raigarh,450,2
Chhattisgarh,Raipur,7,18
Chhattisgarh,Rajnandgaon,4,0
Chhattisgarh,Surguja,2,3
Dadra and Nagar Haveli,Dadra and Nagar Haveli,1,2
Daman and Diu,Daman,7,8
Daman and Diu,Diu,1,2
Delhi,Central Delhi,232,493
Delhi,East Delhi,209,4292
Delhi,Najafgarh,57,139
Delhi,New Delhi,22,0
Delhi,North Delhi,250,1761
Delhi,North East,154,4253
Delhi,North East Delhi,1468,1
Delhi,North West Delhi,495,8654
Delhi,South Delhi,517,5609
Delhi,South West Delhi,667,1002
Delhi,West Delhi,554,825
Goa,Bardez,0,1
Goa,North Goa,192,447
Goa,South Goa,265,79
Gujarat,Ahmadabad,606,68
Gujarat,Ahmedabad,6164,54
Gujarat,Amreli,153,27
Gujarat,Anand,138,11
Gujarat,Banaskantha,5330,239
Gujarat,Bharuch,1865,29
Gujarat,Bhavnagar,349,32
Gujarat,Dahod,343,19
Gujarat,Dohad,4051,12
Gujarat,Gandhinagar,330,31
Gujarat,Jamnagar,5811,51
Gujarat,Junagadh,8623,109
Gujarat,Kachchh,663,83
Gujarat,Kheda,2476,32
Gujarat,Mahesana,1402,36
Gujarat,Narmada,261,21
Gujarat,Navsari,1965,15
Gujarat,Panchmahals,482,86
Gujarat,Patan,108,41
Gujarat,Porbandar,725,28
Gujarat,Rajkot,17036,178
Gujarat,Sabarkantha,1067,72
Gujarat,Surat,10924,108
Gujarat,Surendra Nagar,51,35
Gujarat,Tapi,1826,4
Gujarat,The Dangs,36,1
Gujarat,Vadodara,1612,39
Gujarat,Valsad,774,41
Haryana,Ambala,2569,149
Haryana,Bhiwani,59,6
Haryana,Faridabad,5224,91
Haryana,Fatehabad,624,1
Haryana,Gurgaon,759,180
Haryana,Hisar,49,21
Haryana,Jhajjar,434,13
Haryana,Jind,1564,11
Haryana,Kaithal,616,0
Haryana,Karnal,566,241
Haryana,Kurukshetra,602,3
Haryana,Mahendragarh,34,1
Haryana,Mewat,53,1
Haryana,Palwal,888,7
Haryana,Panchkula,1021,16
Haryana,Panipat,620,16
Haryana,Rewari,217,19
Haryana,Rohtak,733,8
Haryana,Sirsa,2102,41
Haryana,Sonipat,3669,140
Haryana,Yamuna Nagar,18,3
Himachal Pradesh,Bilaspur,16,26
Himachal Pradesh,Bilaspur ,21,23
Himachal Pradesh,Chamba,588,91
Himachal Pradesh,Hamirpur,98,18
Himachal Pradesh,Kangra,927,91
Himachal Pradesh,Kinnaur,1,6
Himachal Pradesh,Kullu,89,18
Himachal Pradesh,Lahul and Spiti,8,0
Himachal Pradesh,Mandi,1005,72
Himachal Pradesh,Shimla,1698,84
Himachal Pradesh,Sirmaur,707,48
Himachal Pradesh,Solan,241,96
Himachal Pradesh,Una,34,46
Jammu and Kashmir,Anantnag,4,0
Jammu and Kashmir,Badgam,5,0
Jammu and Kashmir,Baramula,1,0
Jammu and Kashmir,Doda,3,0
Jammu and Kashmir,Jammu,20,5
Jammu and Kashmir,Kargil,1,0
Jammu and Kashmir,Kathua,8,0
Jammu and Kashmir,Kupwara,4,0
Jammu and Kashmir,Leh,1,0
Jammu and Kashmir,Pulwama,3,1
Jammu and Kashmir,Rajouri,1,1
Jammu and Kashmir,Srinagar,16,0
Jammu and Kashmir,Udhampur,6,0
Jharkhand,Bokaro,3229,175
Jharkhand,Chatra,557,46
Jharkhand,Deoghar,396,65
Jharkhand,Dhanbad,3147,169
Jharkhand,Dumka,3908,278
Jharkhand,East Singhbhum,2814,68
Jharkhand,Garhwa,4962,265
Jharkhand,Giridih,988,582
Jharkhand,Godda,8502,79
Jharkhand,Gumla,826,238
Jharkhand,Hazaribag,1,26
Jharkhand,Hazaribagh,2834,178
Jharkhand,Jamtara,998,20
Jharkhand,Khunti,448,85
Jharkhand,Kodarma,1,24
Jharkhand,Koderma,3489,31
Jharkhand,Latehar,370,4
Jharkhand,Lohardaga,133,90
Jharkhand,Pakaur,0,11
Jharkhand,Pakur,9872,40
Jharkhand,Palamau,3,104
Jharkhand,Palamu,1329,139
Jharkhand,Ramgarh,3277,138
Jharkhand,Ranchi,12755,320
Jharkhand,Sahebganj,2681,32
Jharkhand,Seraikela-Kharsawan,8307,56
Jharkhand,Simdega,557,106
Jharkhand,West Singhbhum,1151,38
Karnataka,Bagalkot,396,25
Karnataka,Bangalore,14216,214
Karnataka,Bangalore Rural,126,339
Karnataka,Belgaum,422,81
Karnataka,Bellary,8354,56
Karnataka,Bidar,207,255
Karnataka,Bijapur,421,0
Karnataka,Bijapur(KAR),0,26
Karnataka,Chamarajanagar,0,5
Karnataka,Chamrajnagar,192,1
Karnataka,Chickmagalur,5281,15
Karnataka,Chikkaballapur,1090,1200
Karnataka,Chitradurga,4104,9
Karnataka,Dakshina Kannada,3950,3
Karnataka,Davangere,227,159
Karnataka,Dharwad,3411,158
Karnataka,Gadag,767,674
Karnataka,Gulbarga,4354,121
Karnataka,Hassan,1091,17
Karnataka,Haveri,67,800
Karnataka,Kodagu,62,0
Karnataka,Kolar,711,30
Karnataka,Koppal,566,89
Karnataka,Mandya,296,8
Karnataka,Mysore,1362,229
Karnataka,Raichur,176,37
Karnataka,Ramanagar,206,19
Karnataka,Shimoga,130,14
Karnataka,Tumkur,390,253
Karnataka,Udupi,87,192
Karnataka,Uttara Kannada,81,17
Karnataka,Yadgir,75,84
Kerala,Alappuzha,2098,812
Kerala,Ernakulam,4834,8965
Kerala,Idukki,847,750
Kerala,Kannur,2013,2058
Kerala,Kasaragod,2116,5
Kerala,Kasargod,2876,654
Kerala,Kollam,5617,4324
Kerala,Kottayam,1969,462
Kerala,Kozhikode,4665,2353
Kerala,Malappuram,6316,208
Kerala,Palakkad,745,1648
Kerala,Pathanamthitta,599,1842
Kerala,Thiruvananthapuram,2422,1187
Kerala,Thrissur,14571,3380
Kerala,Wayanad,557,3261
Lakshadweep,Lakshadweep,5,7
Madhya Pradesh,Alirajpur,861,14
Madhya Pradesh,Anuppur,815,21
Madhya Pradesh,Ashok Nagar,166,9
Madhya Pradesh,Balaghat,667,2
Madhya Pradesh,Barwani,429,61
Madhya Pradesh,Betul,1223,18
Madhya Pradesh,Bhind,382,14
Madhya Pradesh,Bhopal,2084,303
Madhya Pradesh,Burhanpur,4,102
Madhya Pradesh,Chhatarpur,1061,80
Madhya Pradesh,Chhindwara,1285,47
Madhya Pradesh,Damoh,1082,148
Madhya Pradesh,Datia,576,13
Madhya Pradesh,Dewas,123,112
Madhya Pradesh,Dhar,3418,113
Madhya Pradesh,Dindori,18,1
Madhya Pradesh,Guna,1027,150
Madhya Pradesh,Gwalior,907,158
Madhya Pradesh,Harda,68,28
Madhya Pradesh,Hoshangabad,1068,118
Madhya Pradesh,Indore,8179,628
Madhya Pradesh,Jabalpur,10420,267
Madhya Pradesh,Jhabua,1894,33
Madhya Pradesh,Katni,743,41
Madhya Pradesh,Khandwa,264,156
Madhya Pradesh,Khargone,3872,43
Madhya Pradesh,Mandla,132,14
Madhya Pradesh,Mandsaur,7,86
Madhya Pradesh,Morena,267,38
Madhya Pradesh,Narsinghpur,2212,63
Madhya Pradesh,Neemuch,6,75
Madhya Pradesh,Panna,762,41
Madhya Pradesh,Raisen,622,112
Madhya Pradesh,Rajgarh,135,67
Madhya Pradesh,Ratlam,412,108
Madhya Pradesh,Rewa,4099,66
Madhya Pradesh,Sagar,5884,106
Madhya Pradesh,Satna,5755,93
Madhya Pradesh,Sehore,2099,78
Madhya Pradesh,Seoni,343,33
Madhya Pradesh,Shahdol,962,12
Madhya Pradesh,Shajapur,17,187
Madhya Pradesh,Sheopur,388,6
Madhya Pradesh,Shivpuri,144,34
Madhya Pradesh,Sidhi,1834,8
Madhya Pradesh,Singrauli,660,10
Madhya Pradesh,Tikamgarh,1536,8
Madhya Pradesh,Ujjain,1148,234
Madhya Pradesh,Umaria,173,1
Madhya Pradesh,Vidisha,1545,365
Maharashtra,Ahmadnagar,403,8
Maharashtra,Ahmed Nagar,8,232
Maharashtra,Akola,244,53
Maharashtra,Amravati,3406,375
Maharashtra,Aurangabad,1940,2468
Maharashtra,Beed,720,123
Maharashtra,Bhandara,1027,268
Maharashtra,Buldhana,1691,122
Maharashtra,Chandrapur,8387,185
Maharashtra,Dhule,2882,274
Maharashtra,Gadchiroli,76,20
Maharashtra,Gondia,2,5
Maharashtra,Gondiya,2331,148
Maharashtra,Hingoli,20,48
Maharashtra,Jalgaon,3114,253
Maharashtra,Jalna,110,361
Maharashtra,Kolhapur,4149,143
Maharashtra,Latur,398,165
Maharashtra,Mumbai,10275,767
Maharashtra,Mumbai City,6,9
Maharashtra,Mumbai( Sub Urban ),0,13
Maharashtra,Nagpur,4123,277
Maharashtra,Nanded,212,160
Maharashtra,Nandurbar,3718,111
Maharashtra,Nashik,4480,1457
Maharashtra,Osmanabad,90,63
Maharashtra,Parbhani,113,37
Maharashtra,Pune,14708,391
Maharashtra,Raigarh,315,3
Maharashtra,Raigarh(MH),1,31
Maharashtra,Ratnagiri,209,911
Maharashtra,Sangli,5828,188
Maharashtra,Satara,2582,124
Maharashtra,Sindhudurg,43,8
Maharashtra,Solapur,1521,261
Maharashtra,Thane,29618,1456
Maharashtra,Wardha,1211,124
Maharashtra,Washim,85,25
Maharashtra,Yavatmal,796,45
Manipur,Bishnupur,3,46
Manipur,Chandel,2,5
Manipur,Churachandpur,6,1
Manipur,Imphal East,4,3
Manipur,Imphal West,3,2
Manipur,Tamenglong,7,0
Manipur,Thoubal,1,7
Manipur,Ukhrul,0,15
Meghalaya,East Khasi Hills,3,0
Meghalaya,Jaintia Hills,1,0
Meghalaya,Ri Bhoi,1,0
Meghalaya,West Garo Hills,2,0
Mizoram,Aizawl,3,1
Nagaland,Dimapur,0,486
Nagaland,Kiphire,0,25
Nagaland,Kohima,0,166
Nagaland,Longleng,0,2
Nagaland,Mokokchung,0,176
Nagaland,Mon,0,3
Nagaland,Phek,1,195
Nagaland,Tuensang,0,28
Nagaland,Wokha,0,109
Nagaland,Zunheboto,0,38
Odisha,Angul,6,0
Odisha,Anugul,0,3
Odisha,Balangir,2,9775
Odisha,Baleswar,33,433
Odisha,Balianta,0,1
Odisha,Bargarh,57,373
Odisha,Bhadrak,33,10
Odisha,Bhubaneswar,0,1
Odisha,Cuttack,896,17448
Odisha,Dhenkanal,6,6
Odisha,Gajapati,3,0
Odisha,Ganjam,123,449
Odisha,Jagatsinghapur,13,3
Odisha,Jajapur,19,5
Odisha,Jharsuguda,3,0
Odisha,Kalahandi,2,0
Odisha,Kandhamal,10,124
Odisha,Kendrapara,28,1
Odisha,Kendujhar,13,4
Odisha,Khorda,15,0
Odisha,Khordha,495,2598
Odisha,Koraput,5,84
Odisha,Malkangiri,0,2
Odisha,Mayurbhanj,16,2
Odisha,Nabarangapur,1,0
Odisha,Nayagarh,7,12
Odisha,Puri,607,43
Odisha,Rayagada,3,379
Odisha,Sambalpur,4,148
Odisha,Sonapur,0,40
Odisha,Sundergarh,261,56
Others,Others,3,681
Puducherry,Karaikal,0,52
Puducherry,Pondicherry,0,1613
Puducherry,Puducherry,388,8
Puducherry,Yanam,0,97
Punjab,Amritsar,894,191
Punjab,Barnala,485,21
Punjab,Bathinda,324,160
Punjab,Faridkot,1210,17
Punjab,Fatehgarh Sahib,3070,43
Punjab,Fazilka,1089,63
Punjab,Ferozepur,918,110
Punjab,Gurdaspur,1871,303
Punjab,Hoshiarpur,369,85
Punjab,Jalandhar,1841,150
Punjab,Kapurthala,194,104
Punjab,Ludhiana,3427,210
Punjab,Mansa,17,24
Punjab,Moga,1039,74
Punjab,Muktsar,24,32
Punjab,Nawanshahr,0,7
Punjab,Pathankot,13,14
Punjab,Patiala,366,125
Punjab,Rupnagar,29,61
Punjab,SAS Nagar (Mohali),533,23
Punjab,Sangrur,1070,108
Punjab,Shaheed Bhagat Singh Nagar,215,11
Punjab,Sri Muktsar Sahib,386,19
Punjab,Tarn Taran,197,116
Rajasthan,Ajmer,21372,249
Rajasthan,Alwar,22678,674
Rajasthan,Banswara,723,31
Rajasthan,Baran,70,40
Rajasthan,Barmer,4763,249
Rajasthan,Bharatpur,283,33
Rajasthan,Bhilwara,537,87
Rajasthan,Bikaner,416,272
Rajasthan,Bundi,168,60
Rajasthan,Chittorgarh,562,29
Rajasthan,Churu,611,107
Rajasthan,Dausa,222,285
Rajasthan,Dholpur,18,6
Rajasthan,Dungarpur,1356,6
Rajasthan,Ganganagar,216,23
Rajasthan,Hanumangarh,672,23
Rajasthan,Jaipur,3345,496
Rajasthan,Jaisalmer,46,0
Rajasthan,Jalor,4245,191
Rajasthan,Jhalawar,14,50
Rajasthan,Jhunjhunu,54,25
Rajasthan,Jhunjhunun,2875,124
Rajasthan,Jodhpur,1445,118
Rajasthan,Karauli,130,10
Rajasthan,Kota,646,149
Rajasthan,Nagaur,2872,389
Rajasthan,Pali,1027,106
Rajasthan,Pratapgarh,72,3
Rajasthan,Rajsamand,2526,239
Rajasthan,Sawai Madhopur,150,87
Rajasthan,Sikar,1277,219
Rajasthan,Sirohi,1104,135
Rajasthan,Tonk,386,702
Rajasthan,Udaipur,20825,381
Sikkim,East Sikkim,3,13
Sikkim,North Sikkim,0,2
Sikkim,South Sikkim,0,4
Sikkim,West Sikkim,3,2
Tamil Nadu,Ariyalur,1,35
Tamil Nadu,Chennai,989,3
Tamil Nadu,Coimbatore,19,16
Tamil Nadu,Cuddalore,26,1191
Tamil Nadu,Dharmapuri,13,80
Tamil Nadu,Dindigul,17,9
Tamil Nadu,Erode,537,401
Tamil Nadu,Kancheepuram,5316,0
Tamil Nadu,Kanchipuram,9448,44
Tamil Nadu,Kanniyakumari,126,3
Tamil Nadu,Kanyakumari,61,1
Tamil Nadu,Karur,7,536
Tamil Nadu,Krishnagiri,213,12
Tamil Nadu,Madurai,790,1721
Tamil Nadu,Nagapattinam,4379,105
Tamil Nadu,Namakkal,16,2
Tamil Nadu,Nilgiris,13,0
Tamil Nadu,Perambalur,0,94
Tamil Nadu,Pudukkottai,1,587
Tamil Nadu,Ramanathapuram,3411,7
Tamil Nadu,Salem,25,485
Tamil Nadu,Sivaganga,3,8
Tamil Nadu,Thanjavur,3690,308
Tamil Nadu,The Nilgiris,7,0
Tamil Nadu,Theni,128,118
Tamil Nadu,Thiruvarur,3,0
Tamil Nadu,Thoothukkudi,6896,2
Tamil Nadu,Tiruchirappalli,91,44
Tamil Nadu,Tirunelveli,537,2
Tamil Nadu,Tiruppur,111,62
Tamil Nadu,Tiruvallur,24,12
Tamil Nadu,Tiruvannamalai,35,49
Tamil Nadu,Tiruvarur,521,35
Tamil Nadu,Vellore,333,28
Tamil Nadu,Villupuram,874,960
Tamil Nadu,Viluppuram,864,0
Tamil Nadu,Virudhunagar,6551,143
Tripura,Dhalai,0,22
Tripura,North Tripura,1,22
Tripura,South Tripura,0,35
Tripura,West Tripura,2,77
Uttar Pradesh,Agra,32,97
Uttar Pradesh,Aligarh,31,41
Uttar Pradesh,Allahabad,72,17
Uttar Pradesh,Ambedkar Nagar,29,8
Uttar Pradesh,Amethi,30,0
Uttar Pradesh,Amroha,7,0
Uttar Pradesh,Auraiya,15,52
Uttar Pradesh,Azamgarh,83,2
Uttar Pradesh,Baghpat,14,0
Uttar Pradesh,Bagpat,1,0
Uttar Pradesh,Bahraich,25,0
Uttar Pradesh,Ballia,104,10
Uttar Pradesh,Balrampur,21,1
Uttar Pradesh,Banda,106,0
Uttar Pradesh,Bara Banki,2,0
Uttar Pradesh,Barabanki,2,67
Uttar Pradesh,Bareilly,6,74
Uttar Pradesh,Basti,22,43
Uttar Pradesh,Bijnor,6,13
Uttar Pradesh,Budaun,26,0
Uttar Pradesh,Bulandshahar,4,5
Uttar Pradesh,Bulandshahr,29,1
Uttar Pradesh,Chandauli,17,9
Uttar Pradesh,Chitrakoot,299,0
Uttar Pradesh,Deoria,132,37
Uttar Pradesh,Etah,13,9
Uttar Pradesh,Etawah,19,50
Uttar Pradesh,Faizabad,42,17
Uttar Pradesh,Farrukhabad,13,8
Uttar Pradesh,Fatehpur,39,2
Uttar Pradesh,Firozabad,12,110
Uttar Pradesh,Gautam Buddha Nagar,44,11
Uttar Pradesh,Ghaziabad,82,64
Uttar Pradesh,Ghazipur,99,39
Uttar Pradesh,Gonda,34,6
Uttar Pradesh,Gorakhpur,58,22
Uttar Pradesh,Hamirpur,15,0
Uttar Pradesh,Hapur,35,1
Uttar Pradesh,Hardoi,17,14
Uttar Pradesh,Hathras,11,31
Uttar Pradesh,Jalaun,14,3
Uttar Pradesh,Jaunpur,111,6
Uttar Pradesh,Jhansi,21,35
Uttar Pradesh,Jyotiba Phule Nagar,1,3
Uttar Pradesh,Kannauj,9,6
Uttar Pradesh,Kanpur Dehat,21,5
Uttar Pradesh,Kanpur Nagar,50,264
Uttar Pradesh,Kasganj,13,0
Uttar Pradesh,Kaushambi,11,1
Uttar Pradesh,Kheri,4,11
Uttar Pradesh,Kushinagar,48,24
Uttar Pradesh,Lalitpur,5,10
Uttar Pradesh,Lucknow,32,185
Uttar Pradesh,Maharajganj,29,0
Uttar Pradesh,Mahoba,11,21
Uttar Pradesh,Mahrajganj,3,0
Uttar Pradesh,Mainpuri,23,30
Uttar Pradesh,Mathura,17,33
Uttar Pradesh,Mau,54,2
Uttar Pradesh,Meerut,22,5
Uttar Pradesh,Mirzapur,29,2
Uttar Pradesh,Moradabad,5,51
Uttar Pradesh,Muzaffarnagar,17,3
Uttar Pradesh,Pilibhit,4,3
Uttar Pradesh,Pratapgarh,46,7
Uttar Pradesh,Rae Bareli,18,0
Uttar Pradesh,Raebareli,3,19
Uttar Pradesh,Rampur,5,7
Uttar Pradesh,Saharanpur,13,10
Uttar Pradesh,Sambhal,7,0
Uttar Pradesh,Sant Kabir Nagar,41,0
Uttar Pradesh,Sant Ravidas Nagar,30,2
Uttar Pradesh,Sant Ravidas Nagar Bhadohi,2,4
Uttar Pradesh,Shahjahanpur,6,8
Uttar Pradesh,Shamli,10,0
Uttar Pradesh,Shrawasti,1,1
Uttar Pradesh,Siddharthnagar,42,0
Uttar Pradesh,Sitapur,7,21
Uttar Pradesh,Sonbhadra,29,3
Uttar Pradesh,Sultanpur,40,24
Uttar Pradesh,Unnao,16,38
Uttar Pradesh,Varanasi,72,12
Uttarakhand,Almora,17,8
Uttarakhand,Bageshwar,4,3
Uttarakhand,Chamoli,7,2
Uttarakhand,Champawat,4,1
Uttarakhand,Dehradun,25,18
Uttarakhand,Garhwal,2,7
Uttarakhand,Hardwar,0,6
Uttarakhand,Haridwar,9,0
Uttarakhand,Nainital,11,19
Uttarakhand,Pauri Garhwal,21,0
Uttarakhand,Pithoragarh,15,0
Uttarakhand,Rudraprayag,5,0
Uttarakhand,Tehri Garhwal,16,0
Uttarakhand,Udham Singh Nagar,26,11
Uttarakhand,Uttarkashi,3,1
West Bengal,Bankura,25,0
West Bengal,Barddhaman,195,288
West Bengal,Bardhaman,122,575
West Bengal,Birbhum,109,8
West Bengal,Cooch Behar,2863,160
West Bengal,Dakshin Dinajpur,51,31
West Bengal,Darjeeling,4,43
West Bengal,East Midnapore,75,162
West Bengal,Hooghly,20277,93
West Bengal,Howrah,23,26240
West Bengal,Jalpaiguri,17,338
West Bengal,Kolkata,1262,1423
West Bengal,Malda,48,155
West Bengal,Medinipur,442,504
West Bengal,Murshidabad,957,1340
West Bengal,Nadia,113,126
West Bengal,North 24 Parganas,103,516
West Bengal,North Dinajpur,8,4
West Bengal,Purulia,58,1
West Bengal,South 24 Parganas,17,0
West Bengal,South Dinajpur,9,0
West Bengal,South Twenty Four Parganas,1002,125
West Bengal,West Midnapore,99,21
