State,District,Aadhaar generated,Enrolment Rejected
Andaman and Nicobar Islands,Andamans,0,124
Andaman and Nicobar Islands,Middle & North andaman,1,0
Andaman and Nicobar Islands,South Andaman,1,53
Andhra Pradesh,Adilabad,204,4680
Andhra Pradesh,Anantapur,1,12923
Andhra Pradesh,Ananthapur,103,11
Andhra Pradesh,Chittoor,1198,13223
Andhra Pradesh,Cuddapah,6000,4264
Andhra Pradesh,East Godavari,1984,6813
Andhra Pradesh,Guntur,2684,8328
Andhra Pradesh,Hyderabad,2892,7627
Andhra Pradesh,K.V.Rangareddy,1802,6810
Andhra Pradesh,Karim Nagar,705,68
Andhra Pradesh,Karimnagar,0,1744
Andhra Pradesh,Khammam,222,1509
Andhra Pradesh,Krishna,1626,5741
Andhra Pradesh,Kurnool,706,5016
Andhra Pradesh,Mahabub Nagar,2728,1223
Andhra Pradesh,Mahbubnagar,601,1786
Andhra Pradesh,Medak,4884,3096
Andhra Pradesh,Nalgonda,1852,3245
Andhra Pradesh,Nellore,824,4845
Andhra Pradesh,Nizamabad,1494,1619
Andhra Pradesh,Prakasam,447,4084
Andhra Pradesh,Srikakulam,306,9189
Andhra Pradesh,Visakhapatnam,2238,7055
Andhra Pradesh,Vizianagaram,163,72776
Andhra Pradesh,Warangal,2406,1816
Andhra Pradesh,West Godavari,419,4198
Arunachal Pradesh,Lohit,0,1
Arunachal Pradesh,West Siang,1,1
Assam,Barpeta,7,2
Assam,Cachar,1,2
Assam,Chirang,2,0
Assam,Dhemaji,1,0
Assam,Dhubri,2,0
Assam,Dibrugarh,2,0
Assam,Goalpara,1,0
Assam,Golaghat,3,0
Assam,Jorhat,10,3
Assam,Kamrup,9,3
Assam,Karbi Anglong,4,0
Assam,Karimganj,1,0
Assam,Kokrajhar,3,1
Assam,Lakhimpur,1,1
Assam,Marigaon,3,0
Assam,Nagaon,5,0
Assam,Nalbari,0,1
Assam,Sibsagar,2,0
Assam,Sonitpur,1,0
Assam,Tinsukia,3,0
Assam,Udalguri,3,0
Bihar,Araria,5,26
Bihar,Arwal,15,10
Bihar,Aurangabad,43,0
Bihar,Aurangabad(BH),9,41
Bihar,Banka,18,24
Bihar,Begusarai,31,173
Bihar,Bhabua,1,9
Bihar,Bhagalpur,37,69
Bihar,Bhojpur,64,107
Bihar,Buxar,43,132
Bihar,Darbhanga,48,88
Bihar,East Champaran,35,84
Bihar,Gaya,67,94
Bihar,Gopalganj,89,146
Bihar,Jamui,12,110
Bihar,Jehanabad,19,47
Bihar,Kaimur (Bhabua),27,0
Bihar,Katihar,20,17
Bihar,Khagaria,19,16
Bihar,Kishanganj,30,97
Bihar,Lakhisarai,23,12
Bihar,Madhepura,12,244
Bihar,Madhubani,43,62
Bihar,Munger,29,27
Bihar,Muzaffarpur,37,137
Bihar,Nalanda,118,114
Bihar,Nawada,43,63
Bihar,Patna,100,1050
Bihar,Purnia,10,254
Bihar,Rohtas,47,22
Bihar,Saharsa,15,43
Bihar,Samastipur,38,31
Bihar,Saran,88,78
Bihar,Sheikhpura,6,26
Bihar,Sheohar,7,9
Bihar,Sitamarhi,36,46
Bihar,Siwan,78,111
Bihar,Supaul,9,27
Bihar,Vaishali,48,92
Bihar,West Champaran,25,101
Chandigarh,Chandigarh,2559,846
Chandigarh,Mohali,4,3
Chhattisgarh,Balod,2,0
Chhattisgarh,Baloda Bazar,4,0
Chhattisgarh,Balrampur,1,0
Chhattisgarh,Bastar,1,11
Chhattisgarh,Bilaspur,4,4
Chhattisgarh,Dhamtari,9,0
Chhattisgarh,Durg,18,54
Chhattisgarh,Janjgir Champa,1,0
Chhattisgarh,Janjgir-champa,0,78
Chhattisgarh,Jashpur,2,30
Chhattisgarh,Korba,43,17
Chhattisgarh,Koriya,2,1
Chhattisgarh,Mahasamund,15,101
Chhattisgarh,Mungeli ,4,0
Chhattisgarh,Raigarh,613,98
Chhattisgarh,Raipur,2,316
Chhattisgarh,Rajnandgaon,5,0
Chhattisgarh,Surajpur ,2,0
Chhattisgarh,Surguja,1,47
Dadra and Nagar Haveli,Dadra and Nagar Haveli,4,26
Daman and Diu,Daman,120,88
Daman and Diu,Diu,7,70
Delhi,Central Delhi,220,2503
Delhi,East Delhi,331,4994
Delhi,Najafgarh,9,245
Delhi,New Delhi,7,3
Delhi,North Delhi,217,2488
Delhi,North East,98,5826
Delhi,North East Delhi,1353,51
Delhi,North West Delhi,1604,8269
Delhi,South Delhi,812,6169
Delhi,South West Delhi,658,3462
Delhi,West Delhi,237,11311
Goa,Bardez,31,3
Goa,Bicholim,2,1
Goa,North Goa,1096,2752
Goa,South Goa,832,652
Gujarat,Ahmadabad,6,1666
Gujarat,Ahmedabad,1804,60
Gujarat,Amreli,240,36
Gujarat,Anand,463,77
Gujarat,Banaskantha,332,167
Gujarat,Bharuch,186,146
Gujarat,Bhavnagar,950,258
Gujarat,Dahod,168,14
Gujarat,Dohad,3518,54
Gujarat,Gandhinagar,380,74
Gujarat,Jamnagar,370,200
Gujarat,Junagadh,670,415
Gujarat,Kachchh,39,32
Gujarat,Kheda,541,134
Gujarat,Mahesana,838,358
Gujarat,Narmada,89,46
Gujarat,Navsari,157,177
Gujarat,Panchmahals,131,241
Gujarat,Patan,225,448
Gujarat,Porbandar,105,115
Gujarat,Rajkot,2213,575
Gujarat,Sabarkantha,2465,150
Gujarat,Surat,1141,906
Gujarat,Surendra Nagar,13,148
Gujarat,Tapi,73,22
Gujarat,The Dangs,222,1
Gujarat,Vadodara,2538,177
Gujarat,Valsad,1968,148
Haryana,Ambala,3281,427
Haryana,Bhiwani,763,102
Haryana,Faridabad,6537,220
Haryana,Fatehabad,190,7
Haryana,Gurgaon,326,399
Haryana,Hisar,216,216
Haryana,Jhajjar,74,143
Haryana,Jind,378,52
Haryana,Kaithal,93,7
Haryana,Karnal,332,415
Haryana,Kurukshetra,464,34
Haryana,Mahendragarh,56,23
Haryana,Mewat,107,7
Haryana,Palwal,184,6
Haryana,Panchkula,485,118
Haryana,Panipat,146,204
Haryana,Rewari,162,85
Haryana,Rohtak,583,215
Haryana,Sirsa,85,495
Haryana,Sonipat,3490,646
Haryana,Yamuna Nagar,61,48
Himachal Pradesh,Bilaspur,200,26
Himachal Pradesh,Bilaspur ,13,547
Himachal Pradesh,Chamba,613,143
Himachal Pradesh,Hamirpur,266,199
Himachal Pradesh,Kangra,843,671
Himachal Pradesh,Kinnaur,6,50
Himachal Pradesh,Kullu,57,606
Himachal Pradesh,Lahul and Spiti,1,7
Himachal Pradesh,Mandi,289,1226
Himachal Pradesh,Shimla,3090,203
Himachal Pradesh,Sirmaur,1268,198
Himachal Pradesh,Solan,506,426
Himachal Pradesh,Una,132,314
Jammu and Kashmir,Anantnag,5,0
Jammu and Kashmir,Badgam,2,3
Jammu and Kashmir,Baramulla,0,12
Jammu and Kashmir,Doda,4,1
Jammu and Kashmir,Jammu,29,33
Jammu and Kashmir,Kathua,5,2
Jammu and Kashmir,Kupwara,1,3
Jammu and Kashmir,Leh,1,1
Jammu and Kashmir,Pulwama,2,0
Jammu and Kashmir,Punch,1,0
Jammu and Kashmir,Rajouri,1,3
Jammu and Kashmir,Srinagar,4,0
Jammu and Kashmir,Udhampur,1,2
Jharkhand,Bokaro,2864,899
Jharkhand,Chatra,3022,42
Jharkhand,Deoghar,367,320
Jharkhand,Dhanbad,2814,1968
Jharkhand,Dumka,1605,456
Jharkhand,East Singhbhum,545,807
Jharkhand,Garhwa,10182,1042
Jharkhand,Giridih,737,1470
Jharkhand,Godda,1908,539
Jharkhand,Gumla,1338,876
Jharkhand,Hazaribag,2,71
Jharkhand,Hazaribagh,3837,922
Jharkhand,Jamtara,440,159
Jharkhand,Khunti,854,417
Jharkhand,Kodarma,1,469
Jharkhand,Koderma,285,37
Jharkhand,Latehar,175,21
Jharkhand,Lohardaga,1010,470
Jharkhand,Pakaur,0,170
Jharkhand,Pakur,982,92
Jharkhand,Palamau,50,1032
Jharkhand,Palamu,2467,77
Jharkhand,Ramgarh,4614,679
Jharkhand,Ranchi,8705,1958
Jharkhand,Sahebganj,740,225
Jharkhand,Seraikela-Kharsawan,551,685
Jharkhand,Simdega,156,151
Jharkhand,West Singhbhum,1379,531
Karnataka,Bagalkot,174,733
Karnataka,Bangalore,2704,2748
Karnataka,Bangalore Rural,121,86
Karnataka,Belgaum,309,1553
Karnataka,Bellary,1675,971
Karnataka,Bidar,112,5571
Karnataka,Bijapur,252,4
Karnataka,Bijapur(KAR),11,832
Karnataka,Chamarajanagar,0,142
Karnataka,Chamrajnagar,90,2
Karnataka,Chickmagalur,278,166
Karnataka,Chikkaballapur,270,413
Karnataka,Chitradurga,182,117
Karnataka,Dakshina Kannada,555,51
Karnataka,Davangere,316,302
Karnataka,Dharwad,2103,830
Karnataka,Gadag,4939,1077
Karnataka,Gulbarga,112,2327
Karnataka,Hassan,152,131
Karnataka,Haveri,926,597
Karnataka,Kodagu,53,58
Karnataka,Kolar,457,220
Karnataka,Koppal,77,1956
Karnataka,Mandya,127,314
Karnataka,Mysore,880,3553
Karnataka,Raichur,243,865
Karnataka,Ramanagar,106,54
Karnataka,Shimoga,42,171
Karnataka,Tumkur,387,5061
Karnataka,Udupi,1608,1070
Karnataka,Uttara Kannada,117,571
Karnataka,Yadgir,44,946
Kerala,Alappuzha,1240,1570
Kerala,Ernakulam,3783,5076
Kerala,Idukki,425,1100
Kerala,Kannur,1327,1667
Kerala,Kasaragod,303,2
Kerala,Kasargod,10989,347
Kerala,Kollam,5937,1999
Kerala,Kottayam,1175,2827
Kerala,Kozhikode,33998,1400
Kerala,Malappuram,27404,556
Kerala,Palakkad,351,6112
Kerala,Pathanamthitta,869,2973
Kerala,Thiruvananthapuram,2127,4145
Kerala,Thrissur,9313,2106
Kerala,Wayanad,1023,1093
Lakshadweep,Lakshadweep,2,13
Madhya Pradesh,Alirajpur,411,24
Madhya Pradesh,Anuppur,700,15
Madhya Pradesh,Ashok Nagar,428,1
Madhya Pradesh,Balaghat,101,66
Madhya Pradesh,Barwani,67,665
Madhya Pradesh,Betul,837,83
Madhya Pradesh,Bhind,407,28
Madhya Pradesh,Bhopal,2976,1552
Madhya Pradesh,Burhanpur,5,2143
Madhya Pradesh,Chhatarpur,591,260
Madhya Pradesh,Chhindwara,259,353
Madhya Pradesh,Damoh,2062,101
Madhya Pradesh,Datia,116,21
Madhya Pradesh,Dewas,35,1911
Madhya Pradesh,Dhar,1742,340
Madhya Pradesh,Dindori,12,1
Madhya Pradesh,Guna,503,641
Madhya Pradesh,Gwalior,707,1519
Madhya Pradesh,Harda,19,414
Madhya Pradesh,Hoshangabad,1020,827
Madhya Pradesh,Indore,1755,2080
Madhya Pradesh,Jabalpur,1635,1058
Madhya Pradesh,Jhabua,2086,106
Madhya Pradesh,Katni,1060,136
Madhya Pradesh,Khandwa,316,2234
Madhya Pradesh,Khargone,859,103
Madhya Pradesh,Mandla,783,83
Madhya Pradesh,Mandsaur,5,1531
Madhya Pradesh,Morena,1657,114
Madhya Pradesh,Narsinghpur,634,824
Madhya Pradesh,Neemuch,3,1185
Madhya Pradesh,Panna,1590,57
Madhya Pradesh,Raisen,728,307
Madhya Pradesh,Rajgarh,783,177
Madhya Pradesh,Ratlam,638,1638
Madhya Pradesh,Rewa,2927,196
Madhya Pradesh,Sagar,2672,143
Madhya Pradesh,Satna,1936,162
Madhya Pradesh,Sehore,1229,153
Madhya Pradesh,Seoni,2707,151
Madhya Pradesh,Shahdol,332,13
Madhya Pradesh,Shajapur,13,3041
Madhya Pradesh,Sheopur,94,25
Madhya Pradesh,Shivpuri,318,527
Madhya Pradesh,Sidhi,165,20
Madhya Pradesh,Singrauli,213,5
Madhya Pradesh,Tikamgarh,207,22
Madhya Pradesh,Ujjain,1644,895
Madhya Pradesh,Umaria,96,2
Madhya Pradesh,Vidisha,1728,902
Maharashtra,Ahmadnagar,642,9
Maharashtra,Ahmed Nagar,17,3076
Maharashtra,Akola,217,798
Maharashtra,Amravati,3366,1265
Maharashtra,Aurangabad,2803,3674
Maharashtra,Beed,936,609
Maharashtra,Bhandara,98,1311
Maharashtra,Buldhana,3343,717
Maharashtra,Chandrapur,3201,2355
Maharashtra,Dhule,768,2646
Maharashtra,Gadchiroli,572,346
Maharashtra,Gondia,0,20
Maharashtra,Gondiya,1493,1946
Maharashtra,Hingoli,60,797
Maharashtra,Jalgaon,2298,3108
Maharashtra,Jalna,528,2331
Maharashtra,Kolhapur,842,1675
Maharashtra,Latur,318,2152
Maharashtra,Mumbai,9602,5516
Maharashtra,Mumbai City,8,71
Maharashtra,Mumbai( Sub Urban ),1,226
Maharashtra,Nagpur,1757,3472
Maharashtra,Nanded,377,2391
Maharashtra,Nandurbar,1660,1222
Maharashtra,Nashik,2910,3055
Maharashtra,Osmanabad,61,876
Maharashtra,Parbhani,367,263
Maharashtra,Pune,14622,3763
Maharashtra,Raigarh,318,4
Maharashtra,Raigarh(MH),12,547
Maharashtra,Ratnagiri,112,1640
Maharashtra,Sangli,5207,2480
Maharashtra,Satara,452,2292
Maharashtra,Sindhudurg,48,138
Maharashtra,Solapur,1052,2379
Maharashtra,Thane,19997,4367
Maharashtra,Wardha,848,1931
Maharashtra,Washim,115,348
Maharashtra,Yavatmal,569,524
Manipur,Bishnupur,0,16
Manipur,Chandel,51,151
Manipur,Churachandpur,176,46
Manipur,Imphal East,15,104
Manipur,Imphal West,21,59
Manipur,Senapati,1,34
Manipur,Tamenglong,54,21
Manipur,Thoubal,5,33
Manipur,Ukhrul,0,298
Meghalaya,East Khasi Hills,1,0
Meghalaya,Ri Bhoi,2,0
Meghalaya,West Garo Hills,2,0
Mizoram,Aizawl,3,13
Mizoram,Kolasib,1,1
Mizoram,Lunglei,0,2
Nagaland,Dimapur,1,7206
Nagaland,Kiphire,0,5
Nagaland,Kohima,0,4378
Nagaland,Longleng,9,0
Nagaland,Mokokchung,0,3759
Nagaland,Mon,77,10
Nagaland,Phek,21,4051
Nagaland,Tuensang,1,33
Nagaland,Wokha,1,2719
Nagaland,Zunheboto,0,3578
Odisha,Angul,7,0
Odisha,Anugul,0,33
Odisha,Balangir,1,12686
Odisha,Baleswar,43,1598
Odisha,Bargarh,173,450
Odisha,Baudh,0,1
Odisha,Bhadrak,16,286
Odisha,Cuttack,1409,10257
Odisha,Debagarh,2,3
Odisha,Dhenkanal,9,117
Odisha,Gajapati,1,5
Odisha,Ganjam,164,929
Odisha,Jagatsinghapur,5,27
Odisha,Jajapur,14,195
Odisha,Jharsuguda,2,10
Odisha,Kalahandi,1,3
Odisha,Kandhamal,44,254
Odisha,Kendrapara,8,47
Odisha,Kendujhar,7,104
Odisha,Khorda,13,0
Odisha,Khordha,2238,1262
Odisha,Koraput,3,65
Odisha,Malkangiri,0,44
Odisha,Mayurbhanj,21,13
Odisha,Nabarangapur,0,1
Odisha,Nayagarh,4,159
Odisha,Nuapada,0,1
Odisha,Puri,3635,438
Odisha,Rayagada,1,231
Odisha,Sambalpur,44,232
Odisha,Sonapur,0,99
Odisha,Sundergarh,529,253
Others,Others,1,952
Puducherry,Karaikal,362,19
Puducherry,Pondicherry,4,16811
Puducherry,Puducherry,855,46
Puducherry,Yanam,0,996
Punjab,Amritsar,667,2754
Punjab,Barnala,182,372
Punjab,Bathinda,741,1517
Punjab,Faridkot,186,284
Punjab,Fatehgarh Sahib,662,626
Punjab,Fazilka,641,243
Punjab,Ferozepur,1089,2392
Punjab,Gurdaspur,1332,4822
Punjab,Hoshiarpur,711,884
Punjab,Jalandhar,954,2117
Punjab,Kapurthala,242,1037
Punjab,Ludhiana,2186,1346
Punjab,Mansa,34,370
Punjab,Moga,498,610
Punjab,Muktsar,22,595
Punjab,Nawanshahr,1,144
Punjab,Pathankot,72,10
Punjab,Patiala,377,1428
Punjab,Rupnagar,183,916
Punjab,SAS Nagar (Mohali),409,431
Punjab,Sangrur,466,1267
Punjab,Shaheed Bhagat Singh Nagar,299,24
Punjab,Sri Muktsar Sahib,303,23
Punjab,Tarn Taran,98,1284
Rajasthan,Ajmer,12002,1201
Rajasthan,Alwar,7998,1061
Rajasthan,Banswara,163,275
Rajasthan,Baran,17,845
Rajasthan,Barmer,3548,1195
Rajasthan,Bharatpur,370,613
Rajasthan,Bhilwara,932,525
Rajasthan,Bikaner,1317,1789
Rajasthan,Bundi,445,896
Rajasthan,Chittorgarh,115,530
Rajasthan,Churu,1142,577
Rajasthan,Dausa,1569,1385
Rajasthan,Dholpur,73,89
Rajasthan,Dungarpur,230,40
Rajasthan,Ganganagar,86,265
Rajasthan,Hanumangarh,254,131
Rajasthan,Jaipur,4094,3670
Rajasthan,Jaisalmer,26,14
Rajasthan,Jalor,3516,824
Rajasthan,Jhalawar,10,880
Rajasthan,Jhunjhunu,58,68
Rajasthan,Jhunjhunun,874,1934
Rajasthan,Jodhpur,3104,746
Rajasthan,Karauli,202,158
Rajasthan,Kota,45,2863
Rajasthan,Nagaur,1463,1142
Rajasthan,Pali,532,633
Rajasthan,Pratapgarh,30,16
Rajasthan,Rajsamand,1717,607
Rajasthan,Sawai Madhopur,352,631
Rajasthan,Sikar,1410,834
Rajasthan,Sirohi,1212,550
Rajasthan,Tonk,662,670
Rajasthan,Udaipur,17555,1170
Sikkim,East Sikkim,73,193
Sikkim,North Sikkim,7,21
Sikkim,South Sikkim,8,118
Sikkim,West Sikkim,7,110
Tamil Nadu,Ariyalur,1,829
Tamil Nadu,Chennai,829,102
Tamil Nadu,Coimbatore,15,153
Tamil Nadu,Cuddalore,937,4506
Tamil Nadu,Dharmapuri,64,21
Tamil Nadu,Dindigul,612,124
Tamil Nadu,Erode,184,1966
Tamil Nadu,Kancheepuram,805,1
Tamil Nadu,Kanchipuram,9229,375
Tamil Nadu,Kanniyakumari,749,1
Tamil Nadu,Kanyakumari,255,9
Tamil Nadu,Karur,1,1658
Tamil Nadu,Krishnagiri,110,9
Tamil Nadu,Madurai,5297,761
Tamil Nadu,Nagapattinam,6954,151
Tamil Nadu,Namakkal,276,98
Tamil Nadu,Nilgiris,1,1
Tamil Nadu,Perambalur,23,816
Tamil Nadu,Pudukkottai,0,4594
Tamil Nadu,Ramanathapuram,28,362
Tamil Nadu,Salem,214,372
Tamil Nadu,Sivaganga,78,57
Tamil Nadu,Thanjavur,6602,3664
Tamil Nadu,The Nilgiris,1,0
Tamil Nadu,Theni,907,269
Tamil Nadu,Thiruvarur,13,0
Tamil Nadu,Thoothukkudi,7358,30
Tamil Nadu,Tiruchirappalli,186,1039
Tamil Nadu,Tirunelveli,8,47
Tamil Nadu,Tiruppur,204,136
Tamil Nadu,Tiruvallur,13,206
Tamil Nadu,Tiruvannamalai,50,284
Tamil Nadu,Tiruvarur,1934,59
Tamil Nadu,Vellore,1456,348
Tamil Nadu,Villupuram,4603,478
Tamil Nadu,Viluppuram,844,2
Tamil Nadu,Virudhunagar,3759,151
Tripura,Dhalai,0,389
Tripura,North Tripura,1,681
Tripura,South Tripura,3,908
Tripura,West Tripura,1,1646
Uttar Pradesh,Agra,40,2480
Uttar Pradesh,Aligarh,28,1196
Uttar Pradesh,Allahabad,57,443
Uttar Pradesh,Ambedkar Nagar,20,162
Uttar Pradesh,Amethi,14,0
Uttar Pradesh,Amroha,5,0
Uttar Pradesh,Auraiya,8,962
Uttar Pradesh,Azamgarh,58,113
Uttar Pradesh,Baghpat,32,43
Uttar Pradesh,Bagpat,0,1
Uttar Pradesh,Bahraich,16,5
Uttar Pradesh,Ballia,70,274
Uttar Pradesh,Balrampur,13,29
Uttar Pradesh,Banda,17,14
Uttar Pradesh,Bara Banki,3,0
Uttar Pradesh,Barabanki,1,1431
Uttar Pradesh,Bareilly,10,1370
Uttar Pradesh,Basti,21,812
Uttar Pradesh,Bijnor,17,223
Uttar Pradesh,Budaun,12,16
Uttar Pradesh,Bulandshahar,5,66
Uttar Pradesh,Bulandshahr,28,0
Uttar Pradesh,Chandauli,25,83
Uttar Pradesh,Chitrakoot,38,2
Uttar Pradesh,Deoria,340,595
Uttar Pradesh,Etah,14,128
Uttar Pradesh,Etawah,11,729
Uttar Pradesh,Faizabad,22,367
Uttar Pradesh,Farrukhabad,12,202
Uttar Pradesh,Fatehpur,25,26
Uttar Pradesh,Firozabad,10,2375
Uttar Pradesh,Gautam Buddha Nagar,30,300
Uttar Pradesh,Ghaziabad,119,1297
Uttar Pradesh,Ghazipur,76,944
Uttar Pradesh,Gonda,41,62
Uttar Pradesh,Gorakhpur,89,557
Uttar Pradesh,Hamirpur,13,8
Uttar Pradesh,Hapur,26,1
Uttar Pradesh,Hardoi,27,207
Uttar Pradesh,Hathras,21,453
Uttar Pradesh,Jalaun,20,62
Uttar Pradesh,Jaunpur,76,44
Uttar Pradesh,Jhansi,10,537
Uttar Pradesh,Jyotiba Phule Nagar,3,48
Uttar Pradesh,Kannauj,14,169
Uttar Pradesh,Kanpur Dehat,16,120
Uttar Pradesh,Kanpur Nagar,20,6457
Uttar Pradesh,Kasganj,7,0
Uttar Pradesh,Kaushambi,6,15
Uttar Pradesh,Kheri,9,278
Uttar Pradesh,Kushinagar,119,421
Uttar Pradesh,Lalitpur,4,296
Uttar Pradesh,Lucknow,27,3817
Uttar Pradesh,Maharajganj,14,0
Uttar Pradesh,Mahoba,5,352
Uttar Pradesh,Mahrajganj,8,6
Uttar Pradesh,Mainpuri,8,431
Uttar Pradesh,Mathura,26,544
Uttar Pradesh,Mau,46,14
Uttar Pradesh,Meerut,46,69
Uttar Pradesh,Mirzapur,18,23
Uttar Pradesh,Moradabad,5,969
Uttar Pradesh,Muzaffarnagar,17,53
Uttar Pradesh,Pilibhit,7,156
Uttar Pradesh,Pratapgarh,47,110
Uttar Pradesh,Rae Bareli,23,0
Uttar Pradesh,Raebareli,6,420
Uttar Pradesh,Rampur,2,194
Uttar Pradesh,Saharanpur,7,199
Uttar Pradesh,Sambhal,1,0
Uttar Pradesh,Sant Kabir Nagar,28,41
Uttar Pradesh,Sant Ravidas Nagar,27,0
Uttar Pradesh,Sant Ravidas Nagar Bhadohi,4,35
Uttar Pradesh,Shahjahanpur,10,156
Uttar Pradesh,Shamli,8,1
Uttar Pradesh,Shrawasti,7,0
Uttar Pradesh,Siddharthnagar,63,8
Uttar Pradesh,Sitapur,12,501
Uttar Pradesh,Sonbhadra,9,31
Uttar Pradesh,Sultanpur,35,545
Uttar Pradesh,Unnao,18,798
Uttar Pradesh,Varanasi,43,187
Uttarakhand,Almora,17,182
Uttarakhand,Bageshwar,9,15
Uttarakhand,Chamoli,8,28
Uttarakhand,Champawat,5,19
Uttarakhand,Dehradun,16,434
Uttarakhand,Garhwal,2,87
Uttarakhand,Hardwar,0,98
Uttarakhand,Haridwar,10,0
Uttarakhand,Nainital,8,254
Uttarakhand,Pauri Garhwal,29,0
Uttarakhand,Pithoragarh,18,13
Uttarakhand,Rudraprayag,5,3
Uttarakhand,Tehri Garhwal,10,16
Uttarakhand,Udham Singh Nagar,83,238
Uttarakhand,Uttarkashi,6,16
West Bengal,Bankura,19,21
West Bengal,Barddhaman,2806,1011
West Bengal,Bardhaman,1159,1000
West Bengal,Birbhum,453,31
West Bengal,Cooch Behar,469,69
West Bengal,Dakshin Dinajpur,24,25
West Bengal,Darjeeling,37,26
West Bengal,East Midnapore,976,1105
West Bengal,Hooghly,5896,1660
West Bengal,Howrah,52,13329
West Bengal,Jalpaiguri,22,53
West Bengal,Kolkata,426,3144
West Bengal,Malda,640,234
West Bengal,Medinipur,1246,607
West Bengal,Murshidabad,4841,420
West Bengal,Nadia,456,59
West Bengal,Naihati Anandabazar,2,0
West Bengal,North 24 Parganas,2118,525
West Bengal,North Dinajpur,5,8
West Bengal,Purulia,18,34
West Bengal,South 24 Parganas,11,0
West Bengal,South Dinajpur,14,2
West Bengal,South Twenty Four Parganas,2012,211
West Bengal,West Midnapore,232,108
