State,District,Aadhaar generated,Enrolment Rejected
Andaman and Nicobar Islands,South Andaman,0,1
Andhra Pradesh,Adilabad,3264,362
Andhra Pradesh,Anantapur,2,33
Andhra Pradesh,Chittoor,49,211
Andhra Pradesh,Cuddapah,3,9
Andhra Pradesh,East Godavari,519,442
Andhra Pradesh,Guntur,870,13
Andhra Pradesh,Hyderabad,457,357
Andhra Pradesh,K.V.Rangareddy,927,502
Andhra Pradesh,Karim Nagar,534,166
Andhra Pradesh,Karimnagar,0,3
Andhra Pradesh,Khammam,746,86
Andhra Pradesh,Krishna,265,46
Andhra Pradesh,Kurnool,5545,3825
Andhra Pradesh,Mahabub Nagar,7616,1772
Andhra Pradesh,Mahbubnagar,847,209
Andhra Pradesh,Medak,107,103
Andhra Pradesh,Nalgonda,2158,4614
Andhra Pradesh,Nellore,1025,1406
Andhra Pradesh,Nizamabad,805,254
Andhra Pradesh,Prakasam,46,5
Andhra Pradesh,Srikakulam,2172,37074
Andhra Pradesh,Visakhapatnam,114,46
Andhra Pradesh,Vizianagaram,165,10469
Andhra Pradesh,Warangal,2629,817
Andhra Pradesh,West Godavari,478,76
Assam,Baksa,1,0
Assam,Barpeta,1,0
Assam,Bongaigaon,1,0
Assam,Cachar,0,1
Assam,Darrang,1,0
Assam,Dibrugarh,0,1
Assam,Hailakandi,0,2
Assam,Jorhat,1,0
Assam,Kamrup,2,0
Assam,Karimganj,1,2
Assam,Kokrajhar,1,0
Assam,Nagaon,4,1
Assam,Tinsukia,1,0
Assam,Udalguri,1,0
Bihar,Araria,9,3
Bihar,Arwal,8,6
Bihar,Aurangabad,15,4
Bihar,Aurangabad(BH),10,5
Bihar,Banka,7,5
Bihar,Begusarai,12,4
Bihar,Bhabua,1,0
Bihar,Bhagalpur,21,9
Bihar,Bhojpur,32,17
Bihar,Buxar,15,14
Bihar,Darbhanga,22,9
Bihar,East Champaran,32,4
Bihar,Gaya,40,20
Bihar,Gopalganj,22,5
Bihar,Jamui,11,9
Bihar,Jehanabad,11,4
Bihar,Kaimur (Bhabua),19,6
Bihar,Katihar,8,0
Bihar,Khagaria,4,4
Bihar,Kishanganj,4,1
Bihar,Lakhisarai,9,2
Bihar,Madhepura,2,3
Bihar,Madhubani,22,11
Bihar,Munger,15,11
Bihar,Muzaffarpur,24,7
Bihar,Nalanda,26,14
Bihar,Nawada,15,6
Bihar,Patna,26,35
Bihar,Purnia,5,3
Bihar,Rohtas,24,10
Bihar,Saharsa,6,1
Bihar,Samastipur,20,2
Bihar,Saran,56,14
Bihar,Sheikhpura,4,4
Bihar,Sheohar,2,3
Bihar,Sitamarhi,20,6
Bihar,Siwan,29,5
Bihar,Supaul,6,3
Bihar,Vaishali,22,13
Bihar,West Champaran,9,3
Chandigarh,Chandigarh,558,569
Chandigarh,Mohali,1,1
Chhattisgarh,Bastar,0,1
Chhattisgarh,Bilaspur,5,0
Chhattisgarh,Dhamtari,0,2
Chhattisgarh,Durg,6,1
Chhattisgarh,Gariyaband ,1,0
Chhattisgarh,Janjgir Champa,1,0
Chhattisgarh,Jashpur,7,2
Chhattisgarh,Mahasamund,256,18
Chhattisgarh,Raigarh,3,3
Chhattisgarh,Raipur,2,9
Chhattisgarh,Rajnandgaon,3,0
Chhattisgarh,Surguja,1,2
Dadra and Nagar Haveli,Dadra and Nagar Haveli,1,0
Daman and Diu,Daman,299,18
Daman and Diu,Diu,12,15
Delhi,Central Delhi,274,5307
Delhi,East Delhi,2618,18425
Delhi,Najafgarh,73,3776
Delhi,New Delhi,2,30
Delhi,North Delhi,240,5888
Delhi,North East,963,21513
Delhi,North East Delhi,14,108
Delhi,North West Delhi,1231,25884
Delhi,South Delhi,2868,10827
Delhi,South West Delhi,772,43111
Delhi,West Delhi,251,57367
Goa,Bardez,42,6
Goa,Bicholim,0,1
Goa,North Goa,1064,27649
Goa,South Goa,656,333
Goa,Tiswadi,6,0
Gujarat,Ahmadabad,5,1
Gujarat,Ahmedabad,1639,293
Gujarat,Amreli,462,126
Gujarat,Anand,947,95
Gujarat,Banaskantha,1071,193
Gujarat,Bharuch,161,46
Gujarat,Bhavnagar,2545,302
Gujarat,Dahod,597,36
Gujarat,Dohad,881,25
Gujarat,Gandhinagar,467,133
Gujarat,Jamnagar,300,216
Gujarat,Junagadh,1128,149
Gujarat,Kachchh,105,20
Gujarat,Kheda,374,37
Gujarat,Mahesana,1404,166
Gujarat,Narmada,499,29
Gujarat,Navsari,767,48
Gujarat,Panchmahals,1843,464
Gujarat,Patan,340,106
Gujarat,Porbandar,480,62
Gujarat,Rajkot,606,138
Gujarat,Sabarkantha,556,153
Gujarat,Surat,747,140
Gujarat,Surendra Nagar,1241,151
Gujarat,Tapi,458,44
Gujarat,The Dangs,8,6
Gujarat,Vadodara,1367,78
Gujarat,Valsad,1785,66
Haryana,Ambala,783,711
Haryana,Bhiwani,20,3
Haryana,Faridabad,1981,1133
Haryana,Fatehabad,4,2
Haryana,Gurgaon,304,560
Haryana,Hisar,15,6
Haryana,Jhajjar,10,6
Haryana,Jind,30,1
Haryana,Kaithal,6,1
Haryana,Karnal,1385,937
Haryana,Kurukshetra,3,6
Haryana,Mahendragarh,24,8
Haryana,Mewat,2,0
Haryana,Palwal,53,147
Haryana,Panchkula,70,24
Haryana,Panipat,100,43
Haryana,Rewari,355,96
Haryana,Rohtak,186,92
Haryana,Sirsa,69,236
Haryana,Sonipat,883,1074
Haryana,Yamuna Nagar,115,4
Himachal Pradesh,Bilaspur,1,0
Himachal Pradesh,Bilaspur ,15,6
Himachal Pradesh,Chamba,1069,659
Himachal Pradesh,Hamirpur,19,7
Himachal Pradesh,Kangra,1584,420
Himachal Pradesh,Kinnaur,0,3
Himachal Pradesh,Kullu,3,0
Himachal Pradesh,Mandi,11,6
Himachal Pradesh,Shimla,885,278
Himachal Pradesh,Sirmaur,553,366
Himachal Pradesh,Solan,663,131
Himachal Pradesh,Una,11,6
Jammu and Kashmir,Baramula,0,1
Jammu and Kashmir,Doda,1,2
Jammu and Kashmir,Jammu,7,2
Jammu and Kashmir,Kathua,2,0
Jammu and Kashmir,Kupwara,1,0
Jammu and Kashmir,Leh,0,1
Jammu and Kashmir,Rajouri,3,0
Jammu and Kashmir,Udhampur,0,2
Jharkhand,Bokaro,2718,1094
Jharkhand,Chatra,174,140
Jharkhand,Deoghar,255,120
Jharkhand,Dhanbad,2173,1025
Jharkhand,Dumka,903,326
Jharkhand,East Singhbhum,566,210
Jharkhand,Garhwa,1160,480
Jharkhand,Giridih,143,517
Jharkhand,Godda,1342,1654
Jharkhand,Gumla,783,892
Jharkhand,Hazaribag,167,134
Jharkhand,Hazaribagh,872,391
Jharkhand,Jamtara,17,30
Jharkhand,Khunti,231,260
Jharkhand,Koderma,186,236
Jharkhand,Latehar,66,55
Jharkhand,Lohardaga,99,164
Jharkhand,Pakur,5,9
Jharkhand,Palamau,340,127
Jharkhand,Palamu,3195,226
Jharkhand,Ramgarh,348,189
Jharkhand,Ranchi,3757,1264
Jharkhand,Sahebganj,652,443
Jharkhand,Seraikela-Kharsawan,175,90
Jharkhand,Simdega,35,191
Jharkhand,West Singhbhum,136,123
Karnataka,Bagalkot,37,12
Karnataka,Bangalore,2944,2439
Karnataka,Bangalore Rural,89,53
Karnataka,Belgaum,77,7
Karnataka,Bellary,297,44
Karnataka,Bidar,6,4
Karnataka,Bijapur,2,0
Karnataka,Bijapur(KAR),13,10
Karnataka,Chamarajanagar,0,1
Karnataka,Chamrajnagar,1,4
Karnataka,Chickmagalur,237,130
Karnataka,Chikkaballapur,136,1283
Karnataka,Chitradurga,204,24
Karnataka,Dakshina Kannada,20,3
Karnataka,Davangere,121,1652
Karnataka,Dharwad,549,294
Karnataka,Gadag,6,2
Karnataka,Gulbarga,4,9
Karnataka,Hassan,470,72
Karnataka,Haveri,31,205
Karnataka,Kodagu,2,2
Karnataka,Kolar,461,19
Karnataka,Koppal,0,2
Karnataka,Mandya,10,7
Karnataka,Mysore,13,119
Karnataka,Raichur,3,3
Karnataka,Ramanagar,201,441
Karnataka,Shimoga,30,12
Karnataka,Tumkur,1,6
Karnataka,Udupi,1502,523
Karnataka,Uttara Kannada,1,2
Karnataka,Yadgir,2,4
Kerala,Alappuzha,3029,30870
Kerala,Ernakulam,10206,23646
Kerala,Idukki,6058,11234
Kerala,Kannur,3833,13822
Kerala,Kasaragod,237,124
Kerala,Kasargod,3408,6390
Kerala,Kollam,5633,7076
Kerala,Kottayam,38723,34151
Kerala,Kozhikode,7368,19395
Kerala,Malappuram,3275,3927
Kerala,Palakkad,7513,32333
Kerala,Pathanamthitta,2848,33129
Kerala,Thiruvananthapuram,10739,54550
Kerala,Thrissur,2443,4796
Kerala,Wayanad,336,10780
Lakshadweep,Lakshadweep,1,3
Madhya Pradesh,Alirajpur,1,0
Madhya Pradesh,Anuppur,101,50
Madhya Pradesh,Ashok Nagar,54,6
Madhya Pradesh,Balaghat,21,8
Madhya Pradesh,Barwani,5,44
Madhya Pradesh,Betul,1100,333
Madhya Pradesh,Bhind,723,71
Madhya Pradesh,Bhopal,3831,1433
Madhya Pradesh,Burhanpur,2,1
Madhya Pradesh,Chhatarpur,223,104
Madhya Pradesh,Chhindwara,57,29
Madhya Pradesh,Damoh,982,221
Madhya Pradesh,Datia,325,59
Madhya Pradesh,Dewas,27,33
Madhya Pradesh,Dhar,1230,330
Madhya Pradesh,Dindori,6,5
Madhya Pradesh,Guna,1662,839
Madhya Pradesh,Gwalior,564,500
Madhya Pradesh,Harda,1,3
Madhya Pradesh,Hoshangabad,8,26
Madhya Pradesh,Indore,3915,1634
Madhya Pradesh,Jabalpur,5757,2113
Madhya Pradesh,Jhabua,22,13
Madhya Pradesh,Katni,344,346
Madhya Pradesh,Khandwa,7,48
Madhya Pradesh,Khargone,671,856
Madhya Pradesh,Mandla,175,11
Madhya Pradesh,Mandsaur,7,20
Madhya Pradesh,Morena,43,113
Madhya Pradesh,Narsinghpur,13,11
Madhya Pradesh,Neemuch,4,40
Madhya Pradesh,Panna,238,293
Madhya Pradesh,Raisen,579,139
Madhya Pradesh,Rajgarh,1072,534
Madhya Pradesh,Ratlam,132,155
Madhya Pradesh,Rewa,469,65
Madhya Pradesh,Sagar,1362,269
Madhya Pradesh,Satna,1231,167
Madhya Pradesh,Sehore,632,208
Madhya Pradesh,Seoni,620,1438
Madhya Pradesh,Shahdol,88,10
Madhya Pradesh,Shajapur,5,11
Madhya Pradesh,Sheopur,254,13
Madhya Pradesh,Shivpuri,83,48
Madhya Pradesh,Sidhi,16,5
Madhya Pradesh,Singrauli,8,2
Madhya Pradesh,Tikamgarh,162,79
Madhya Pradesh,Ujjain,2423,956
Madhya Pradesh,Umaria,102,32
Madhya Pradesh,Vidisha,2073,381
Maharashtra,Ahmadnagar,73,16
Maharashtra,Ahmed Nagar,418,155
Maharashtra,Akola,418,54
Maharashtra,Amravati,793,644
Maharashtra,Aurangabad,322,949
Maharashtra,Beed,56,14
Maharashtra,Bhandara,3051,1237
Maharashtra,Buldhana,229,148
Maharashtra,Chandrapur,1515,111
Maharashtra,Dhule,1386,101
Maharashtra,Gadchiroli,119,33
Maharashtra,Gondia,44,59
Maharashtra,Gondiya,1,12
Maharashtra,Hingoli,650,183
Maharashtra,Jalgaon,987,201
Maharashtra,Jalna,193,134
Maharashtra,Kolhapur,917,146
Maharashtra,Latur,282,119
Maharashtra,Mumbai,4531,1191
Maharashtra,Mumbai City,75,8
Maharashtra,Mumbai( Sub Urban ),5,5
Maharashtra,Nagpur,2588,603
Maharashtra,Nanded,11,17
Maharashtra,Nandurbar,117,7
Maharashtra,Nashik,1954,5017
Maharashtra,Osmanabad,97,62
Maharashtra,Parbhani,457,137
Maharashtra,Pune,1773,456
Maharashtra,Raigarh,60,1
Maharashtra,Raigarh(MH),487,70
Maharashtra,Ratnagiri,4458,2077
Maharashtra,Sangli,739,180
Maharashtra,Satara,748,128
Maharashtra,Sindhudurg,11,2
Maharashtra,Solapur,621,104
Maharashtra,Thane,17343,4557
Maharashtra,Wardha,138,421
Maharashtra,Washim,17,13
Maharashtra,Yavatmal,105,6
Manipur,Bishnupur,78,77
Manipur,Churachandpur,2,1
Manipur,Imphal East,2,1
Manipur,Imphal West,0,1
Manipur,Senapati,55,32
Manipur,Tamenglong,1,0
Manipur,Thoubal,6567,1082
Manipur,Ukhrul,4,26
Nagaland,Dimapur,3,22
Nagaland,Kiphire,180,44
Nagaland,Kohima,257,18
Nagaland,Mokokchung,0,9
Nagaland,Mon,65,19
Nagaland,Phek,9,5
Nagaland,Tuensang,393,13
Odisha,Angul,2,1
Odisha,Balangir,2489,244
Odisha,Baleswar,152,5082
Odisha,Bargarh,2,0
Odisha,Baudh,0,1
Odisha,Bhadrak,8,5
Odisha,Cuttack,5708,1385
Odisha,Dhenkanal,2,0
Odisha,Ganjam,24,6
Odisha,Jagatsinghapur,1,2
Odisha,Jajapur,5,11
Odisha,Kendrapara,5,1
Odisha,Kendujhar,114,663
Odisha,Khorda,5,3
Odisha,Khordha,743,98
Odisha,Koraput,33,1
Odisha,Mayurbhanj,3,2
Odisha,Nayagarh,0,1
Odisha,Puri,1,2
Odisha,Sambalpur,0,1
Odisha,Sonapur,2447,1
Odisha,Sundergarh,2,2
Others,Others,0,1054
Puducherry,Karaikal,0,9
Puducherry,Pondicherry,5,33029
Puducherry,Yanam,7,148
Punjab,Amritsar,148,187
Punjab,Barnala,650,475
Punjab,Bathinda,1346,367
Punjab,Chandigarh,1,0
Punjab,Faridkot,235,78
Punjab,Fatehgarh Sahib,96,8
Punjab,Fazilka,1161,303
Punjab,Ferozepur,2829,82
Punjab,Gurdaspur,262,98
Punjab,Hoshiarpur,168,75
Punjab,Jalandhar,2970,471
Punjab,Kapurthala,910,350
Punjab,Ludhiana,2036,324
Punjab,Mansa,392,51
Punjab,Moga,1432,92
Punjab,Muktsar,53,3
Punjab,Nawanshahr,1,1
Punjab,Pathankot,65,17
Punjab,Patiala,728,302
Punjab,Rupnagar,295,64
Punjab,SAS Nagar (Mohali),241,28
Punjab,Sangrur,569,220
Punjab,Shaheed Bhagat Singh Nagar,329,70
Punjab,Sri Muktsar Sahib,359,45
Punjab,Tarn Taran,182,93
Rajasthan,Ajmer,109,149
Rajasthan,Alwar,1065,2087
Rajasthan,Banswara,228,66
Rajasthan,Baran,0,1
Rajasthan,Barmer,2925,725
Rajasthan,Bharatpur,12,21
Rajasthan,Bhilwara,175,180
Rajasthan,Bikaner,1285,1516
Rajasthan,Bundi,115,93
Rajasthan,Chittorgarh,91,19
Rajasthan,Churu,537,615
Rajasthan,Dausa,1125,724
Rajasthan,Dholpur,1,1
Rajasthan,Dungarpur,138,50
Rajasthan,Ganganagar,39,47
Rajasthan,Hanumangarh,90,89
Rajasthan,Jaipur,2123,878
Rajasthan,Jaisalmer,8,3
Rajasthan,Jalor,1328,132
Rajasthan,Jhalawar,3,3
Rajasthan,Jhunjhunu,894,294
Rajasthan,Jhunjhunun,2788,1301
Rajasthan,Jodhpur,461,138
Rajasthan,Karauli,17,6
Rajasthan,Kota,92,64
Rajasthan,Nagaur,1313,1409
Rajasthan,Pali,965,294
Rajasthan,Pratapgarh,215,9
Rajasthan,Rajsamand,1916,170
Rajasthan,Sawai Madhopur,9,12
Rajasthan,Sikar,1130,316
Rajasthan,Sirohi,1300,43
Rajasthan,Tonk,176,279
Rajasthan,Udaipur,2647,252
Sikkim,North Sikkim,4,0
Sikkim,South Sikkim,0,2
Tamil Nadu,Ariyalur,7,22
Tamil Nadu,Coimbatore,3,4
Tamil Nadu,Cuddalore,3629,4953
Tamil Nadu,Dharmapuri,1,4
Tamil Nadu,Dindigul,0,1
Tamil Nadu,Erode,2065,3681
Tamil Nadu,Kancheepuram,2,1
Tamil Nadu,Kanchipuram,0,1
Tamil Nadu,Kanyakumari,5,6
Tamil Nadu,Karur,2197,12977
Tamil Nadu,Madurai,4,1299
Tamil Nadu,Nagapattinam,42,139
Tamil Nadu,Namakkal,6,4
Tamil Nadu,Nilgiris,1,1
Tamil Nadu,Perambalur,265,1951
Tamil Nadu,Pudukkottai,9,61
Tamil Nadu,Ramanathapuram,0,42
Tamil Nadu,Salem,5188,2100
Tamil Nadu,Sivaganga,2,6
Tamil Nadu,Thanjavur,1,1
Tamil Nadu,Theni,6,3
Tamil Nadu,Thoothukkudi,0,1
Tamil Nadu,Tiruchirappalli,5494,2014
Tamil Nadu,Tirunelveli,5,0
Tamil Nadu,Tiruvallur,4,4
Tamil Nadu,Tiruvannamalai,4,2
Tamil Nadu,Tiruvarur,0,1
Tamil Nadu,Tuticorin,1,0
Tamil Nadu,Vellore,29,11
Tamil Nadu,Villupuram,0,5
Tamil Nadu,Virudhunagar,3,6
Tripura,Dhalai,1,0
Tripura,North Tripura,36,0
Tripura,South Tripura,47,0
Tripura,West Tripura,29,3
Uttar Pradesh,Agra,5,16
Uttar Pradesh,Aligarh,8,4
Uttar Pradesh,Allahabad,19,9
Uttar Pradesh,Ambedkar Nagar,9,2
Uttar Pradesh,Amethi,2,0
Uttar Pradesh,Amroha,1,2
Uttar Pradesh,Auraiya,5,2
Uttar Pradesh,Azamgarh,10,6
Uttar Pradesh,Baghpat,4,2
Uttar Pradesh,Bagpat,1,2
Uttar Pradesh,Bahraich,6,1
Uttar Pradesh,Ballia,27,9
Uttar Pradesh,Balrampur,4,0
Uttar Pradesh,Banda,5,0
Uttar Pradesh,Bara Banki,1,0
Uttar Pradesh,Barabanki,3,2
Uttar Pradesh,Bareilly,5,6
Uttar Pradesh,Basti,4,2
Uttar Pradesh,Bijnor,5,4
Uttar Pradesh,Budaun,12,3
Uttar Pradesh,Bulandshahar,2,0
Uttar Pradesh,Bulandshahr,11,7
Uttar Pradesh,Chandauli,6,3
Uttar Pradesh,Chitrakoot,0,1
Uttar Pradesh,Deoria,18,5
Uttar Pradesh,Etah,5,1
Uttar Pradesh,Etawah,23,7
Uttar Pradesh,Faizabad,7,2
Uttar Pradesh,Farrukhabad,0,2
Uttar Pradesh,Fatehpur,4,1
Uttar Pradesh,Firozabad,4,7
Uttar Pradesh,Gautam Buddha Nagar,15,9
Uttar Pradesh,Ghaziabad,37,28
Uttar Pradesh,Ghazipur,28,6
Uttar Pradesh,Gonda,10,5
Uttar Pradesh,Gorakhpur,12,4
Uttar Pradesh,Hapur,25,16
Uttar Pradesh,Hardoi,6,3
Uttar Pradesh,Hathras,4,1
Uttar Pradesh,Jalaun,10,1
Uttar Pradesh,Jaunpur,16,6
Uttar Pradesh,Jhansi,11,0
Uttar Pradesh,Jyotiba Phule Nagar,0,3
Uttar Pradesh,Kannauj,6,1
Uttar Pradesh,Kanpur Dehat,3,2
Uttar Pradesh,Kanpur Nagar,14,19
Uttar Pradesh,Kaushambi,11,0
Uttar Pradesh,Kheri,1,2
Uttar Pradesh,Kushinagar,8,13
Uttar Pradesh,Lalitpur,1,3
Uttar Pradesh,Lucknow,9,21
Uttar Pradesh,Maharajganj,6,0
Uttar Pradesh,Mahoba,1,2
Uttar Pradesh,Mainpuri,7,4
Uttar Pradesh,Mathura,8,5
Uttar Pradesh,Mau,16,3
Uttar Pradesh,Meerut,9,5
Uttar Pradesh,Mirzapur,6,4
Uttar Pradesh,Moradabad,6,2
Uttar Pradesh,Muzaffarnagar,11,6
Uttar Pradesh,Pilibhit,1,0
Uttar Pradesh,Pratapgarh,13,4
Uttar Pradesh,Rae Bareli,0,2
Uttar Pradesh,Raebareli,7,2
Uttar Pradesh,Rampur,4,2
Uttar Pradesh,Saharanpur,8,2
Uttar Pradesh,Sant Kabir Nagar,4,1
Uttar Pradesh,Sant Ravidas Nagar,8,3
Uttar Pradesh,Sant Ravidas Nagar Bhadohi,1,0
Uttar Pradesh,Shahjahanpur,7,2
Uttar Pradesh,Shamli,3,0
Uttar Pradesh,Shrawasti,1,1
Uttar Pradesh,Siddharthnagar,6,0
Uttar Pradesh,Sitapur,3,3
Uttar Pradesh,Sonbhadra,2,2
Uttar Pradesh,Sultanpur,6,6
Uttar Pradesh,Unnao,2,2
Uttar Pradesh,Varanasi,11,5
Uttarakhand,Almora,4,0
Uttarakhand,Bageshwar,4,0
Uttarakhand,Chamoli,1,0
Uttarakhand,Champawat,2,0
Uttarakhand,Dehradun,9,7
Uttarakhand,Garhwal,1,0
Uttarakhand,Haridwar,2,1
Uttarakhand,Nainital,7,5
Uttarakhand,Pauri Garhwal,6,4
Uttarakhand,Pithoragarh,4,1
Uttarakhand,Rudraprayag,2,1
Uttarakhand,Tehri Garhwal,3,1
Uttarakhand,Udham Singh Nagar,3,2
Uttarakhand,Uttarkashi,0,1
West Bengal,Bally Jagachha,10,1
West Bengal,Bankura,5,3
West Bengal,Barddhaman,126,371
West Bengal,Bardhaman,146,1487
West Bengal,Birbhum,185,3
West Bengal,Cooch Behar,13360,570
West Bengal,Dakshin Dinajpur,0,16
West Bengal,Darjeeling,1875,218
West Bengal,Domjur,0,1
West Bengal,East Midnapore,54,198
West Bengal,Hooghly,26688,2622
West Bengal,Howrah,18840,6008
West Bengal,Jalpaiguri,9944,1278
West Bengal,Kolkata,4617,25846
West Bengal,Malda,9608,1746
West Bengal,Medinipur,221,971
West Bengal,Murshidabad,28296,3347
West Bengal,Nadia,12,5
West Bengal,North 24 Parganas,1881,824
West Bengal,North Dinajpur,2,0
West Bengal,Purulia,10,1
West Bengal,South 24 Parganas,2,0
West Bengal,South Dinajpur,2,3
West Bengal,South Twenty Four Parganas,798,826
West Bengal,West Midnapore,63,223
