State,District,Aadhaar generated,Enrolment Rejected
Andhra Pradesh,Adilabad,1364,42
Andhra Pradesh,Anantapur,228,5
Andhra Pradesh,Ananthapur,3,0
Andhra Pradesh,Chittoor,134,10
Andhra Pradesh,Cuddapah,5,1
Andhra Pradesh,East Godavari,531,33
Andhra Pradesh,Guntur,43,4
Andhra Pradesh,Hyderabad,348,12
Andhra Pradesh,K.V.Rangareddy,883,62
Andhra Pradesh,Karim Nagar,472,0
Andhra Pradesh,Karimnagar,11,0
Andhra Pradesh,Khammam,251,2
Andhra Pradesh,Krishna,351,30
Andhra Pradesh,Kurnool,1868,345
Andhra Pradesh,Mahabub Nagar,2192,11
Andhra Pradesh,Mahbubnagar,119,0
Andhra Pradesh,Medak,108,0
Andhra Pradesh,Nalgonda,1595,33
Andhra Pradesh,Nellore,443,135
Andhra Pradesh,Nizamabad,1517,10
Andhra Pradesh,Prakasam,6,0
Andhra Pradesh,Srikakulam,2811,1539
Andhra Pradesh,Visakhapatnam,107,0
Andhra Pradesh,Vizianagaram,2006,555
Andhra Pradesh,Warangal,3041,10
Andhra Pradesh,West Godavari,511,72
Arunachal Pradesh,Papum Pare,1,0
Arunachal Pradesh,Tirap,1,0
Assam,Baksa,1,0
Assam,Barpeta,2,0
Assam,Cachar,1,0
Assam,Darrang,2,0
Assam,Dhemaji,0,1
Assam,Karbi Anglong,1,0
Assam,Kokrajhar,1,0
Assam,Nagaon,1,0
Assam,Sibsagar,1,0
Assam,Sonitpur,2,0
Bihar,Araria,1,0
Bihar,Arwal,8,0
Bihar,Aurangabad,6,0
Bihar,Aurangabad(BH),17,0
Bihar,Banka,20,1
Bihar,Begusarai,18,0
Bihar,Bhabua,1,0
Bihar,Bhagalpur,23,0
Bihar,Bhojpur,38,2
Bihar,Buxar,32,0
Bihar,Darbhanga,24,1
Bihar,East Champaran,49,1
Bihar,Gaya,31,0
Bihar,Gopalganj,21,1
Bihar,Jamui,16,0
Bihar,Jehanabad,6,0
Bihar,Kaimur (Bhabua),11,0
Bihar,Katihar,11,0
Bihar,Khagaria,4,0
Bihar,Kishanganj,3,0
Bihar,Lakhisarai,18,0
Bihar,Madhepura,19,0
Bihar,Madhubani,19,2
Bihar,Munger,8,0
Bihar,Muzaffarpur,28,0
Bihar,Nalanda,27,1
Bihar,Nawada,11,0
Bihar,Patna,56,1
Bihar,Purnia,6,0
Bihar,Rohtas,32,0
Bihar,Saharsa,14,0
Bihar,Samastipur,20,0
Bihar,Saran,35,3
Bihar,Sheikhpura,4,0
Bihar,Sheohar,2,0
Bihar,Sitamarhi,12,0
Bihar,Siwan,25,0
Bihar,Supaul,9,0
Bihar,Vaishali,29,1
Bihar,West Champaran,14,1
Chandigarh,Chandigarh,1329,11
Chandigarh,Mohali,2,0
Chhattisgarh,Baloda Bazar,2,0
Chhattisgarh,Bilaspur,1,0
Chhattisgarh,Durg,4,0
Chhattisgarh,Janjgir Champa,1,0
Chhattisgarh,Janjgir-champa,2,0
Chhattisgarh,Jashpur,1,0
Chhattisgarh,Koriya,1,0
Chhattisgarh,Mahasamund,183,144
Chhattisgarh,Raipur,35,0
Chhattisgarh,Surguja,3,0
Dadra and Nagar Haveli,Dadra and Nagar Haveli,1,0
Daman and Diu,Daman,6,0
Daman and Diu,Diu,11,0
Delhi,Central Delhi,524,279
Delhi,East Delhi,4463,2086
Delhi,Najafgarh,213,162
Delhi,New Delhi,12,0
Delhi,North Delhi,534,73
Delhi,North East,2538,2376
Delhi,North East Delhi,14,1
Delhi,North West Delhi,1801,1940
Delhi,South Delhi,4921,646
Delhi,South West Delhi,1636,301
Delhi,West Delhi,795,682
Goa,Bardez,3,4
Goa,North Goa,1070,708
Goa,South Goa,1519,48
Gujarat,Ahmadabad,6,0
Gujarat,Ahmedabad,831,147
Gujarat,Amreli,1347,59
Gujarat,Anand,458,1
Gujarat,Banaskantha,686,15
Gujarat,Bharuch,175,6
Gujarat,Bhavnagar,927,125
Gujarat,Dahod,166,0
Gujarat,Dohad,230,0
Gujarat,Gandhinagar,581,1
Gujarat,Jamnagar,396,1
Gujarat,Junagadh,774,27
Gujarat,Kachchh,72,2
Gujarat,Kheda,425,16
Gujarat,Mahesana,997,29
Gujarat,Narmada,347,0
Gujarat,Navsari,222,21
Gujarat,Panchmahals,1323,27
Gujarat,Patan,318,2
Gujarat,Porbandar,242,38
Gujarat,Rajkot,1054,26
Gujarat,Sabarkantha,542,8
Gujarat,Surat,670,31
Gujarat,Surendra Nagar,1322,68
Gujarat,Tapi,1146,2
Gujarat,The Dangs,26,0
Gujarat,Vadodara,850,7
Gujarat,Valsad,284,0
Haryana,Ambala,1383,20
Haryana,Bhiwani,21,0
Haryana,Faridabad,1955,38
Haryana,Fatehabad,8,0
Haryana,Gurgaon,716,2
Haryana,Hisar,203,0
Haryana,Jhajjar,26,0
Haryana,Jind,15,0
Haryana,Kaithal,11,0
Haryana,Karnal,3646,78
Haryana,Kurukshetra,6,0
Haryana,Mahendragarh,22,1
Haryana,Palwal,119,2
Haryana,Panchkula,121,0
Haryana,Panipat,222,9
Haryana,Rewari,129,0
Haryana,Rohtak,175,2
Haryana,Sirsa,88,2
Haryana,Sonipat,720,14
Haryana,Yamuna Nagar,119,1
Himachal Pradesh,Bilaspur,4,0
Himachal Pradesh,Bilaspur ,8,0
Himachal Pradesh,Chamba,1991,19
Himachal Pradesh,Hamirpur,25,0
Himachal Pradesh,Kangra,3143,17
Himachal Pradesh,Kinnaur,4,0
Himachal Pradesh,Kullu,11,0
Himachal Pradesh,Lahul and Spiti,1,0
Himachal Pradesh,Mandi,36,0
Himachal Pradesh,Shimla,2115,18
Himachal Pradesh,Sirmaur,1744,36
Himachal Pradesh,Solan,1850,8
Himachal Pradesh,Una,5,0
Jammu and Kashmir,Anantnag,1,0
Jammu and Kashmir,Bandipur,1,0
Jammu and Kashmir,Doda,1,0
Jammu and Kashmir,Jammu,20,0
Jammu and Kashmir,Kathua,6,0
Jammu and Kashmir,Kupwara,3,0
Jammu and Kashmir,Poonch,1,0
Jammu and Kashmir,Punch,1,0
Jammu and Kashmir,Rajouri,5,0
Jammu and Kashmir,Srinagar,3,0
Jammu and Kashmir,Udhampur,2,0
Jharkhand,Bokaro,4102,109
Jharkhand,Chatra,246,1
Jharkhand,Deoghar,176,85
Jharkhand,Dhanbad,1844,15
Jharkhand,Dumka,550,4
Jharkhand,East Singhbhum,386,13
Jharkhand,Garhwa,338,7
Jharkhand,Giridih,2145,57
Jharkhand,Godda,431,4
Jharkhand,Gumla,1424,35
Jharkhand,Hazaribag,234,15
Jharkhand,Hazaribagh,725,21
Jharkhand,Jamtara,16,0
Jharkhand,Khunti,441,25
Jharkhand,Koderma,235,13
Jharkhand,Latehar,34,0
Jharkhand,Lohardaga,1073,52
Jharkhand,Pakaur,8,0
Jharkhand,Pakur,31,0
Jharkhand,Palamau,149,9
Jharkhand,Palamu,2308,46
Jharkhand,Ramgarh,423,22
Jharkhand,Ranchi,3281,87
Jharkhand,Sahebganj,36,3
Jharkhand,Seraikela-Kharsawan,190,27
Jharkhand,Simdega,232,6
Jharkhand,West Singhbhum,180,61
Karnataka,Bagalkot,29,3
Karnataka,Bangalore,3760,54
Karnataka,Bangalore Rural,11,0
Karnataka,Belgaum,21,2
Karnataka,Bellary,152,12
Karnataka,Bidar,5,0
Karnataka,Bijapur,3,0
Karnataka,Bijapur(KAR),44,0
Karnataka,Chamarajanagar,3,0
Karnataka,Chickmagalur,89,0
Karnataka,Chikkaballapur,558,1059
Karnataka,Chitradurga,159,6
Karnataka,Dakshina Kannada,16,0
Karnataka,Davangere,802,1608
Karnataka,Dharwad,1682,231
Karnataka,Gadag,21,0
Karnataka,Gulbarga,8,0
Karnataka,Hassan,159,0
Karnataka,Haveri,391,0
Karnataka,Kolar,25,12
Karnataka,Koppal,3,1
Karnataka,Mandya,6,1
Karnataka,Mysore,172,19
Karnataka,Raichur,3,0
Karnataka,Ramanagar,190,2
Karnataka,Shimoga,176,1
Karnataka,Tumkur,3,4
Karnataka,Udupi,10807,21
Karnataka,Uttara Kannada,6,0
Karnataka,Yadgir,6,0
Kerala,Alappuzha,4767,3290
Kerala,Ernakulam,13022,142
Kerala,Idukki,3372,5
Kerala,Kannur,8819,2169
Kerala,Kasaragod,283,0
Kerala,Kasargod,5607,8
Kerala,Kollam,8983,109
Kerala,Kottayam,22754,609
Kerala,Kozhikode,12744,349
Kerala,Malappuram,6770,22
Kerala,Palakkad,23146,503
Kerala,Pathanamthitta,1775,710
Kerala,Thiruvananthapuram,15732,9243
Kerala,Thrissur,8292,1362
Kerala,Wayanad,1432,3
Lakshadweep,Lakshadweep,101,0
Madhya Pradesh,Alirajpur,1,0
Madhya Pradesh,Anuppur,460,9
Madhya Pradesh,Ashok Nagar,27,0
Madhya Pradesh,Balaghat,20,0
Madhya Pradesh,Barwani,48,12
Madhya Pradesh,Betul,946,12
Madhya Pradesh,Bhind,530,12
Madhya Pradesh,Bhopal,2876,128
Madhya Pradesh,Burhanpur,3,0
Madhya Pradesh,Chhatarpur,928,14
Madhya Pradesh,Chhindwara,75,1
Madhya Pradesh,Damoh,1379,38
Madhya Pradesh,Datia,633,41
Madhya Pradesh,Dewas,46,1
Madhya Pradesh,Dhar,981,51
Madhya Pradesh,Dindori,20,0
Madhya Pradesh,Guna,736,60
Madhya Pradesh,Gwalior,1455,181
Madhya Pradesh,Harda,4,0
Madhya Pradesh,Hoshangabad,24,0
Madhya Pradesh,Indore,3889,219
Madhya Pradesh,Jabalpur,6364,126
Madhya Pradesh,Jhabua,53,0
Madhya Pradesh,Katni,599,3
Madhya Pradesh,Khandwa,398,7
Madhya Pradesh,Khargone,948,27
Madhya Pradesh,Mandla,269,1
Madhya Pradesh,Mandsaur,35,3
Madhya Pradesh,Morena,260,26
Madhya Pradesh,Narsinghpur,11,0
Madhya Pradesh,Neemuch,14,0
Madhya Pradesh,Panna,165,3
Madhya Pradesh,Raisen,393,13
Madhya Pradesh,Rajgarh,1073,47
Madhya Pradesh,Ratlam,210,5
Madhya Pradesh,Rewa,652,6
Madhya Pradesh,Sagar,1570,54
Madhya Pradesh,Satna,951,17
Madhya Pradesh,Sehore,1262,37
Madhya Pradesh,Seoni,1092,5
Madhya Pradesh,Shahdol,336,5
Madhya Pradesh,Shajapur,16,2
Madhya Pradesh,Sheopur,75,0
Madhya Pradesh,Shivpuri,76,8
Madhya Pradesh,Sidhi,57,0
Madhya Pradesh,Singrauli,290,4
Madhya Pradesh,Tikamgarh,250,0
Madhya Pradesh,Ujjain,4026,179
Madhya Pradesh,Umaria,38,0
Madhya Pradesh,Vidisha,3490,173
Maharashtra,Ahmadnagar,112,2
Maharashtra,Ahmed Nagar,544,97
Maharashtra,Akola,1022,0
Maharashtra,Amravati,3129,58
Maharashtra,Aurangabad,528,14
Maharashtra,Beed,845,3
Maharashtra,Bhandara,994,20
Maharashtra,Buldhana,1036,44
Maharashtra,Chandrapur,448,2
Maharashtra,Dhule,1035,94
Maharashtra,Gadchiroli,7,1
Maharashtra,Gondia,124,3
Maharashtra,Gondiya,2,0
Maharashtra,Hingoli,125,2
Maharashtra,Jalgaon,1067,4
Maharashtra,Jalna,833,14
Maharashtra,Kolhapur,889,29
Maharashtra,Latur,332,3
Maharashtra,Mumbai,3552,244
Maharashtra,Mumbai City,71,0
Maharashtra,Mumbai( Sub Urban ),3,1
Maharashtra,Nagpur,1164,213
Maharashtra,Nanded,49,0
Maharashtra,Nandurbar,98,2
Maharashtra,Nashik,1646,136
Maharashtra,Osmanabad,262,25
Maharashtra,Parbhani,357,0
Maharashtra,Pune,2637,75
Maharashtra,Raigarh,3,0
Maharashtra,Raigarh(MH),318,47
Maharashtra,Ratnagiri,364,191
Maharashtra,Sangli,1186,5
Maharashtra,Satara,1131,0
Maharashtra,Sindhudurg,6,0
Maharashtra,Solapur,447,8
Maharashtra,Thane,6326,1241
Maharashtra,Wardha,146,21
Maharashtra,Washim,28,1
Maharashtra,Yavatmal,13,0
Manipur,Bishnupur,2509,11
Manipur,Chandel,137,0
Manipur,Churachandpur,139,0
Manipur,Imphal East,351,0
Manipur,Imphal West,188,0
Manipur,Senapati,867,202
Manipur,Tamenglong,36,0
Manipur,Thoubal,8792,18
Manipur,Ukhrul,54,7
Nagaland,Dimapur,83,143
Nagaland,Kiphire,121,0
Nagaland,Kohima,4,5
Nagaland,Mokokchung,12,11
Nagaland,Phek,143,207
Nagaland,Tuensang,2490,371
Nagaland,Wokha,88,0
Nagaland,Zunheboto,80,0
Odisha,Balangir,4586,96
Odisha,Baleswar,819,355
Odisha,Bargarh,5,0
Odisha,Bhadrak,8,0
Odisha,Cuttack,12183,169
Odisha,Dhenkanal,7,0
Odisha,Gajapati,2,0
Odisha,Ganjam,14,1
Odisha,Jagatsinghapur,5,0
Odisha,Jajapur,19,0
Odisha,Jharsuguda,1,0
Odisha,Kalahandi,1,0
Odisha,Kendrapara,7,0
Odisha,Kendujhar,850,19
Odisha,Khorda,2,0
Odisha,Khordha,3795,3
Odisha,Koraput,1,0
Odisha,Mayurbhanj,4,0
Odisha,Nayagarh,4,0
Odisha,Nuapada,1,0
Odisha,Puri,5,0
Odisha,Sambalpur,5,0
Odisha,Sonapur,11,0
Odisha,Sundergarh,12,0
Others,Others,4,0
Puducherry,Karaikal,86,0
Puducherry,Pondicherry,230,0
Puducherry,Yanam,25,0
Punjab,Amritsar,359,14
Punjab,Barnala,1570,6
Punjab,Bathinda,2969,93
Punjab,Faridkot,360,7
Punjab,Fatehgarh Sahib,755,1
Punjab,Fazilka,1322,161
Punjab,Ferozepur,1035,14
Punjab,Gurdaspur,597,12
Punjab,Hoshiarpur,323,0
Punjab,Jalandhar,4186,41
Punjab,Kapurthala,2373,16
Punjab,Ludhiana,3832,17
Punjab,Mansa,1988,3
Punjab,Moga,5223,18
Punjab,Muktsar,101,0
Punjab,Nawanshahr,3,0
Punjab,Pathankot,24,1
Punjab,Patiala,1195,11
Punjab,Rupnagar,902,19
Punjab,SAS Nagar (Mohali),350,0
Punjab,Sangrur,1251,4
Punjab,Shaheed Bhagat Singh Nagar,477,8
Punjab,Sri Muktsar Sahib,692,2
Punjab,Tarn Taran,222,0
Rajasthan,Ajmer,866,0
Rajasthan,Alwar,2486,67
Rajasthan,Banswara,56,4
Rajasthan,Baran,3,0
Rajasthan,Barmer,2397,177
Rajasthan,Bharatpur,43,0
Rajasthan,Bhilwara,319,15
Rajasthan,Bikaner,1712,112
Rajasthan,Bundi,642,15
Rajasthan,Chittorgarh,139,3
Rajasthan,Churu,1634,22
Rajasthan,Dausa,1197,20
Rajasthan,Dholpur,7,0
Rajasthan,Dungarpur,36,0
Rajasthan,Ganganagar,64,0
Rajasthan,Hanumangarh,436,10
Rajasthan,Jaipur,4278,46
Rajasthan,Jaisalmer,11,0
Rajasthan,Jalor,328,17
Rajasthan,Jhalawar,1,0
Rajasthan,Jhunjhunu,711,9
Rajasthan,Jhunjhunun,3499,21
Rajasthan,Jodhpur,1076,2
Rajasthan,Karauli,252,0
Rajasthan,Kota,164,1
Rajasthan,Nagaur,3023,87
Rajasthan,Pali,909,26
Rajasthan,Pratapgarh,36,0
Rajasthan,Rajsamand,706,31
Rajasthan,Sawai Madhopur,282,0
Rajasthan,Sikar,1132,14
Rajasthan,Sirohi,306,10
Rajasthan,Tonk,241,1
Rajasthan,Udaipur,838,24
Sikkim,South Sikkim,1,0
Tamil Nadu,Ariyalur,139,1
Tamil Nadu,Chennai,3,0
Tamil Nadu,Coimbatore,8,0
Tamil Nadu,Cuddalore,4753,1605
Tamil Nadu,Dharmapuri,4,0
Tamil Nadu,Dindigul,5,4
Tamil Nadu,Erode,3425,1939
Tamil Nadu,Kancheepuram,2,0
Tamil Nadu,Kanchipuram,3,0
Tamil Nadu,Kanniyakumari,2,0
Tamil Nadu,Kanyakumari,9,0
Tamil Nadu,Karur,5727,4543
Tamil Nadu,Krishnagiri,2,0
Tamil Nadu,Madurai,953,9
Tamil Nadu,Nagapattinam,1482,285
Tamil Nadu,Namakkal,14,2
Tamil Nadu,Nilgiris,1,0
Tamil Nadu,Perambalur,1106,0
Tamil Nadu,Pudukkottai,489,0
Tamil Nadu,Ramanathapuram,1807,28
Tamil Nadu,Salem,7814,3412
Tamil Nadu,Sivaganga,0,1
Tamil Nadu,Theni,4,1
Tamil Nadu,Thoothukkudi,482,0
Tamil Nadu,Tiruchirappalli,2366,720
Tamil Nadu,Tirunelveli,3,1
Tamil Nadu,Tiruppur,1,0
Tamil Nadu,Tiruvallur,5,0
Tamil Nadu,Tiruvannamalai,1,0
Tamil Nadu,Tiruvarur,2,0
Tamil Nadu,Tuticorin,1,0
Tamil Nadu,Vellore,4,1
Tamil Nadu,Villupuram,4,0
Tamil Nadu,Virudhunagar,3,0
Tripura,Dhalai,21,1
Tripura,North Tripura,180,2
Tripura,South Tripura,179,0
Tripura,West Tripura,73,0
Uttar Pradesh,Agra,22,0
Uttar Pradesh,Aligarh,16,0
Uttar Pradesh,Allahabad,26,0
Uttar Pradesh,Ambedkar Nagar,3,0
Uttar Pradesh,Amethi,3,0
Uttar Pradesh,Amroha,0,1
Uttar Pradesh,Auraiya,1,0
Uttar Pradesh,Azamgarh,17,1
Uttar Pradesh,Baghpat,17,0
Uttar Pradesh,Bagpat,7,0
Uttar Pradesh,Bahraich,2,0
Uttar Pradesh,Ballia,34,1
Uttar Pradesh,Balrampur,2,0
Uttar Pradesh,Banda,2,0
Uttar Pradesh,Barabanki,1,0
Uttar Pradesh,Bareilly,10,0
Uttar Pradesh,Basti,9,4
Uttar Pradesh,Bijnor,17,0
Uttar Pradesh,Budaun,8,0
Uttar Pradesh,Bulandshahar,4,0
Uttar Pradesh,Bulandshahr,16,0
Uttar Pradesh,Chandauli,8,0
Uttar Pradesh,Chitrakoot,4,0
Uttar Pradesh,Deoria,17,0
Uttar Pradesh,Etah,3,0
Uttar Pradesh,Etawah,5,0
Uttar Pradesh,Faizabad,7,0
Uttar Pradesh,Farrukhabad,8,0
Uttar Pradesh,Fatehpur,8,0
Uttar Pradesh,Firozabad,9,1
Uttar Pradesh,Gautam Buddha Nagar,31,0
Uttar Pradesh,Ghaziabad,43,0
Uttar Pradesh,Ghazipur,43,0
Uttar Pradesh,Gonda,17,1
Uttar Pradesh,Gorakhpur,23,0
Uttar Pradesh,Hamirpur,5,0
Uttar Pradesh,Hapur,33,0
Uttar Pradesh,Hardoi,7,0
Uttar Pradesh,Hathras,11,3
Uttar Pradesh,Jalaun,3,0
Uttar Pradesh,Jaunpur,19,1
Uttar Pradesh,Jhansi,10,0
Uttar Pradesh,Jyotiba Phule Nagar,1,0
Uttar Pradesh,Kannauj,8,0
Uttar Pradesh,Kanpur Dehat,13,0
Uttar Pradesh,Kanpur Nagar,40,0
Uttar Pradesh,Kasganj,1,0
Uttar Pradesh,Kaushambi,1,0
Uttar Pradesh,Kheri,3,0
Uttar Pradesh,Kushinagar,17,0
Uttar Pradesh,Lalitpur,5,0
Uttar Pradesh,Lucknow,14,0
Uttar Pradesh,Maharajganj,1,0
Uttar Pradesh,Mahoba,1,1
Uttar Pradesh,Mahrajganj,1,0
Uttar Pradesh,Mainpuri,4,0
Uttar Pradesh,Mathura,13,1
Uttar Pradesh,Mau,6,0
Uttar Pradesh,Meerut,17,0
Uttar Pradesh,Mirzapur,11,1
Uttar Pradesh,Moradabad,2,0
Uttar Pradesh,Muzaffarnagar,27,0
Uttar Pradesh,Pilibhit,2,0
Uttar Pradesh,Pratapgarh,13,0
Uttar Pradesh,Rae Bareli,6,0
Uttar Pradesh,Raebareli,16,0
Uttar Pradesh,Rampur,5,0
Uttar Pradesh,Saharanpur,15,0
Uttar Pradesh,Sambhal,1,0
Uttar Pradesh,Sant Kabir Nagar,2,0
Uttar Pradesh,Sant Ravidas Nagar,6,1
Uttar Pradesh,Sant Ravidas Nagar Bhadohi,1,0
Uttar Pradesh,Shahjahanpur,8,0
Uttar Pradesh,Shamli,8,0
Uttar Pradesh,Siddharthnagar,10,0
Uttar Pradesh,Sitapur,6,0
Uttar Pradesh,Sonbhadra,8,0
Uttar Pradesh,Sultanpur,21,1
Uttar Pradesh,Unnao,9,0
Uttar Pradesh,Varanasi,24,0
Uttarakhand,Almora,6,0
Uttarakhand,Bageshwar,3,0
Uttarakhand,Chamoli,2,0
Uttarakhand,Champawat,2,0
Uttarakhand,Dehradun,18,0
Uttarakhand,Garhwal,2,0
Uttarakhand,Hardwar,1,0
Uttarakhand,Haridwar,7,0
Uttarakhand,Nainital,6,0
Uttarakhand,Pauri Garhwal,5,0
Uttarakhand,Pithoragarh,8,0
Uttarakhand,Rudraprayag,2,0
Uttarakhand,Tehri Garhwal,3,0
Uttarakhand,Udham Singh Nagar,8,0
Uttarakhand,Uttarkashi,6,0
West Bengal,Amta - II,2,0
West Bengal,Bally Jagachha,1,0
West Bengal,Bankura,8,0
West Bengal,Barddhaman,161,128
West Bengal,Bardhaman,1426,597
West Bengal,Birbhum,73,1
West Bengal,Cooch Behar,9412,5
West Bengal,Darjeeling,150,0
West Bengal,Domjur,3,1
West Bengal,East Midnapore,272,68
West Bengal,Hooghly,62687,2905
West Bengal,Howrah,10100,843
West Bengal,Jalpaiguri,9649,20
West Bengal,Kolkata,7843,22
West Bengal,Malda,6705,104
West Bengal,Medinipur,2124,1146
West Bengal,Murshidabad,21737,892
West Bengal,Nadia,13,0
West Bengal,Naihati Anandabazar,1,0
West Bengal,North 24 Parganas,1567,11
West Bengal,North Dinajpur,6,0
West Bengal,Purulia,10,0
West Bengal,South 24 Parganas,4,0
West Bengal,South Twenty Four Parganas,1365,4
West Bengal,West Midnapore,810,27
