State,District,Aadhaar generated,Enrolment Rejected
Andaman and Nicobar Islands,Andamans,0,1
Andhra Pradesh,Adilabad,378,972
Andhra Pradesh,Anantapur,173,1510
Andhra Pradesh,Ananthapur,2,0
Andhra Pradesh,Chittoor,102,2315
Andhra Pradesh,Cuddapah,2,41
Andhra Pradesh,East Godavari,521,4754
Andhra Pradesh,Guntur,47,247
Andhra Pradesh,Hyderabad,220,3254
Andhra Pradesh,K.V.Rangareddy,430,1232
Andhra Pradesh,Karim Nagar,1117,13
Andhra Pradesh,Karimnagar,1,41
Andhra Pradesh,Khammam,181,60
Andhra Pradesh,Krishna,697,101
Andhra Pradesh,Kurnool,2461,1887
Andhra Pradesh,Mahabub Nagar,670,1
Andhra Pradesh,Mahbubnagar,28,18
Andhra Pradesh,Medak,87,48
Andhra Pradesh,Nalgonda,934,338
Andhra Pradesh,Nellore,162,27
Andhra Pradesh,Nizamabad,94,22
Andhra Pradesh,Prakasam,18,51
Andhra Pradesh,Srikakulam,1515,927
Andhra Pradesh,Visakhapatnam,141,95
Andhra Pradesh,Vizianagaram,1455,508
Andhra Pradesh,Warangal,679,20
Andhra Pradesh,West Godavari,380,42
Assam,Cachar,1,0
Assam,Darrang,2,0
Assam,Dibrugarh,1,0
Assam,Golaghat,1,0
Assam,Hailakandi,1,0
Assam,Kamrup,1,0
Assam,Kokrajhar,1,0
Assam,Nagaon,1,0
Assam,Sonitpur,1,0
Bihar,Araria,0,2
Bihar,Arwal,2,0
Bihar,Aurangabad,3,0
Bihar,Banka,2,0
Bihar,Begusarai,4,0
Bihar,Bhabua,0,1
Bihar,Bhagalpur,8,1
Bihar,Bhojpur,13,1
Bihar,Buxar,3,2
Bihar,Darbhanga,13,2
Bihar,East Champaran,7,0
Bihar,Gaya,7,0
Bihar,Gopalganj,8,1
Bihar,Jamui,6,0
Bihar,Jehanabad,2,2
Bihar,Kaimur (Bhabua),6,0
Bihar,Khagaria,4,1
Bihar,Kishanganj,2,3
Bihar,Lakhisarai,3,0
Bihar,Madhepura,11,1
Bihar,Madhubani,14,2
Bihar,Munger,7,0
Bihar,Muzaffarpur,13,1
Bihar,Nalanda,14,1
Bihar,Nawada,7,1
Bihar,Patna,27,15
Bihar,Purnia,1,9
Bihar,Rohtas,8,1
Bihar,Saharsa,6,0
Bihar,Samastipur,12,1
Bihar,Saran,11,1
Bihar,Sheikhpura,4,1
Bihar,Sheohar,2,0
Bihar,Sitamarhi,6,2
Bihar,Siwan,12,1
Bihar,Supaul,2,0
Bihar,Vaishali,8,4
Bihar,West Champaran,5,1
Chandigarh,Chandigarh,371,22
Chhattisgarh,Balod,1,0
Chhattisgarh,Bastar,1,0
Chhattisgarh,Bilaspur,2,0
Chhattisgarh,Durg,2,50
Chhattisgarh,Janjgir-champa,2,0
Chhattisgarh,Jashpur,2,0
Chhattisgarh,Korba,2,0
Chhattisgarh,Mahasamund,51,0
Chhattisgarh,Raigarh,1,37
Chhattisgarh,Raipur,16,17
Chhattisgarh,Rajnandgaon,1,0
Chhattisgarh,Surguja,1,0
Daman and Diu,Daman,13,8
Daman and Diu,Diu,6,0
Delhi,Central Delhi,188,1722
Delhi,East Delhi,430,483
Delhi,Najafgarh,31,704
Delhi,New Delhi,3,0
Delhi,North Delhi,190,2866
Delhi,North East,293,3312
Delhi,North East Delhi,10,0
Delhi,North West Delhi,1094,321
Delhi,South Delhi,882,898
Delhi,South West Delhi,229,2066
Delhi,West Delhi,296,459
Goa,Bardez,3,0
Goa,Bicholim,1,0
Goa,North Goa,741,32
Goa,South Goa,396,34
Goa,Tiswadi,1,0
Gujarat,Ahmadabad,4,56
Gujarat,Ahmedabad,689,42
Gujarat,Amreli,278,10
Gujarat,Anand,312,37
Gujarat,Banaskantha,419,2
Gujarat,Bharuch,182,0
Gujarat,Bhavnagar,521,25
Gujarat,Dahod,123,0
Gujarat,Dohad,153,1
Gujarat,Gandhinagar,316,11
Gujarat,Jamnagar,361,10
Gujarat,Junagadh,592,14
Gujarat,Kachchh,88,19
Gujarat,Kheda,382,1
Gujarat,Mahesana,263,4
Gujarat,Narmada,172,10
Gujarat,Navsari,680,13
Gujarat,Panchmahals,749,26
Gujarat,Patan,189,40
Gujarat,Porbandar,156,2
Gujarat,Rajkot,747,23
Gujarat,Sabarkantha,326,6
Gujarat,Surat,473,53
Gujarat,Surendra Nagar,384,22
Gujarat,Tapi,97,0
Gujarat,The Dangs,16,0
Gujarat,Vadodara,376,0
Gujarat,Valsad,768,0
Haryana,Ambala,542,332
Haryana,Bhiwani,17,0
Haryana,Faridabad,670,11
Haryana,Gurgaon,370,18
Haryana,Hisar,5,4
Haryana,Jhajjar,7,1
Haryana,Jind,58,0
Haryana,Kaithal,1,0
Haryana,Karnal,847,33
Haryana,Kurukshetra,13,0
Haryana,Mahendragarh,8,10
Haryana,Mewat,1,0
Haryana,Palwal,32,0
Haryana,Panchkula,24,1
Haryana,Panipat,81,8
Haryana,Rewari,86,1
Haryana,Rohtak,64,28
Haryana,Sirsa,29,21
Haryana,Sonipat,195,78
Haryana,Yamuna Nagar,28,1
Himachal Pradesh,Bilaspur,2,0
Himachal Pradesh,Bilaspur ,9,41
Himachal Pradesh,Chamba,552,13
Himachal Pradesh,Hamirpur,10,29
Himachal Pradesh,Kangra,962,71
Himachal Pradesh,Kinnaur,3,4
Himachal Pradesh,Kullu,2,5
Himachal Pradesh,Mandi,13,120
Himachal Pradesh,Shimla,607,22
Himachal Pradesh,Sirmaur,770,19
Himachal Pradesh,Solan,784,13
Himachal Pradesh,Una,3,51
Jammu and Kashmir,Anantnag,2,0
Jammu and Kashmir,Doda,2,0
Jammu and Kashmir,Jammu,10,1
Jammu and Kashmir,Kathua,5,0
Jammu and Kashmir,Kupwara,4,0
Jammu and Kashmir,Poonch,3,0
Jammu and Kashmir,Rajouri,3,0
Jharkhand,Bokaro,872,66
Jharkhand,Chatra,19,1
Jharkhand,Deoghar,64,519
Jharkhand,Dhanbad,820,258
Jharkhand,Dumka,498,80
Jharkhand,East Singhbhum,125,191
Jharkhand,Garhwa,159,69
Jharkhand,Giridih,2102,173
Jharkhand,Godda,34,7
Jharkhand,Gumla,646,54
Jharkhand,Hazaribag,137,21
Jharkhand,Hazaribagh,945,64
Jharkhand,Jamtara,14,13
Jharkhand,Khunti,206,35
Jharkhand,Kodarma,0,12
Jharkhand,Koderma,30,27
Jharkhand,Latehar,22,1
Jharkhand,Lohardaga,551,14
Jharkhand,Pakaur,6,0
Jharkhand,Pakur,25,2
Jharkhand,Palamau,105,358
Jharkhand,Palamu,772,0
Jharkhand,Ramgarh,252,22
Jharkhand,Ranchi,1138,570
Jharkhand,Sahebganj,15,4
Jharkhand,Seraikela-Kharsawan,67,464
Jharkhand,Simdega,192,5
Jharkhand,West Singhbhum,41,18
Karnataka,Bagalkot,25,3
Karnataka,Bangalore,1148,298
Karnataka,Bangalore Rural,4,2
Karnataka,Belgaum,11,13
Karnataka,Bellary,56,4
Karnataka,Bidar,1,2
Karnataka,Bijapur,1,0
Karnataka,Bijapur(KAR),20,14
Karnataka,Chamarajanagar,1,1
Karnataka,Chamrajnagar,1,0
Karnataka,Chickmagalur,31,0
Karnataka,Chikkaballapur,363,3
Karnataka,Chitradurga,64,4
Karnataka,Dakshina Kannada,1,0
Karnataka,Davangere,560,8
Karnataka,Dharwad,550,5
Karnataka,Gadag,9,18
Karnataka,Gulbarga,3,9
Karnataka,Hassan,53,11
Karnataka,Haveri,289,11
Karnataka,Kodagu,1,3
Karnataka,Kolar,10,1
Karnataka,Koppal,0,7
Karnataka,Mandya,2,3
Karnataka,Mysore,113,668
Karnataka,Raichur,2,0
Karnataka,Ramanagar,315,8
Karnataka,Shimoga,86,13
Karnataka,Tumkur,6,1702
Karnataka,Udupi,1367,1
Karnataka,Uttara Kannada,4,1
Karnataka,Yadgir,3,3
Kerala,Alappuzha,2315,66
Kerala,Ernakulam,7621,36
Kerala,Idukki,1740,65
Kerala,Kannur,2566,21
Kerala,Kasaragod,528,3
Kerala,Kasargod,723,12
Kerala,Kollam,1821,45
Kerala,Kottayam,3697,176
Kerala,Kozhikode,2939,27
Kerala,Malappuram,2205,30
Kerala,Palakkad,3663,1082
Kerala,Pathanamthitta,894,22
Kerala,Thiruvananthapuram,2324,63
Kerala,Thrissur,6275,26
Kerala,Wayanad,790,22
Lakshadweep,Lakshadweep,89,1
Madhya Pradesh,Alirajpur,1,0
Madhya Pradesh,Anuppur,22,0
Madhya Pradesh,Ashok Nagar,17,0
Madhya Pradesh,Balaghat,7,4
Madhya Pradesh,Barwani,51,89
Madhya Pradesh,Betul,466,191
Madhya Pradesh,Bhind,168,7
Madhya Pradesh,Bhopal,1403,101
Madhya Pradesh,Burhanpur,5,17
Madhya Pradesh,Chhatarpur,150,23
Madhya Pradesh,Chhindwara,22,3
Madhya Pradesh,Damoh,522,32
Madhya Pradesh,Datia,303,3
Madhya Pradesh,Dewas,25,105
Madhya Pradesh,Dhar,258,22
Madhya Pradesh,Guna,220,4
Madhya Pradesh,Gwalior,499,41
Madhya Pradesh,Harda,3,374
Madhya Pradesh,Hoshangabad,13,472
Madhya Pradesh,Indore,1760,164
Madhya Pradesh,Jabalpur,1486,78
Madhya Pradesh,Jhabua,30,0
Madhya Pradesh,Katni,201,0
Madhya Pradesh,Khandwa,54,156
Madhya Pradesh,Khargone,202,5
Madhya Pradesh,Mandla,6,19
Madhya Pradesh,Mandsaur,22,458
Madhya Pradesh,Morena,123,4
Madhya Pradesh,Narsinghpur,2,31
Madhya Pradesh,Neemuch,10,222
Madhya Pradesh,Panna,123,0
Madhya Pradesh,Raisen,256,15
Madhya Pradesh,Rajgarh,407,0
Madhya Pradesh,Ratlam,80,148
Madhya Pradesh,Rewa,336,10
Madhya Pradesh,Sagar,1425,24
Madhya Pradesh,Satna,468,15
Madhya Pradesh,Sehore,391,16
Madhya Pradesh,Seoni,352,1
Madhya Pradesh,Shahdol,18,0
Madhya Pradesh,Shajapur,15,164
Madhya Pradesh,Sheopur,55,6
Madhya Pradesh,Shivpuri,92,1
Madhya Pradesh,Sidhi,4,4
Madhya Pradesh,Singrauli,13,0
Madhya Pradesh,Tikamgarh,143,0
Madhya Pradesh,Ujjain,895,89
Madhya Pradesh,Umaria,36,0
Madhya Pradesh,Vidisha,297,87
Maharashtra,Ahmadnagar,82,0
Maharashtra,Ahmed Nagar,1052,428
Maharashtra,Akola,145,192
Maharashtra,Amravati,1855,234
Maharashtra,Aurangabad,251,430
Maharashtra,Beed,234,14
Maharashtra,Bhandara,386,66
Maharashtra,Buldhana,247,213
Maharashtra,Chandrapur,251,3
Maharashtra,Dhule,673,117
Maharashtra,Gadchiroli,12,3
Maharashtra,Gondia,83,0
Maharashtra,Gondiya,2,42
Maharashtra,Hingoli,38,17
Maharashtra,Jalgaon,244,192
Maharashtra,Jalna,330,294
Maharashtra,Kolhapur,742,527
Maharashtra,Latur,320,82
Maharashtra,Mumbai,4394,1070
Maharashtra,Mumbai City,114,1
Maharashtra,Mumbai( Sub Urban ),6,46
Maharashtra,Nagpur,731,157
Maharashtra,Nanded,29,112
Maharashtra,Nandurbar,91,11
Maharashtra,Nashik,865,287
Maharashtra,Osmanabad,125,40
Maharashtra,Parbhani,284,8
Maharashtra,Pune,1504,645
Maharashtra,Raigarh,5,0
Maharashtra,Raigarh(MH),164,32
Maharashtra,Ratnagiri,99,41
Maharashtra,Sangli,710,127
Maharashtra,Satara,208,77
Maharashtra,Sindhudurg,8,2
Maharashtra,Solapur,196,119
Maharashtra,Thane,5457,525
Maharashtra,Wardha,90,68
Maharashtra,Washim,18,51
Maharashtra,Yavatmal,119,47
Manipur,Bishnupur,114,2
Manipur,Chandel,98,31
Manipur,Churachandpur,102,43
Manipur,Imphal East,295,5
Manipur,Imphal West,151,8
Manipur,Senapati,72,11
Manipur,Tamenglong,28,1
Manipur,Thoubal,348,0
Manipur,Ukhrul,58,0
Mizoram,Aizawl,1,0
Nagaland,Dimapur,35,160
Nagaland,Kiphire,83,0
Nagaland,Kohima,7,4
Nagaland,Mokokchung,0,65
Nagaland,Phek,27,671
Nagaland,Tuensang,643,52
Nagaland,Wokha,67,192
Nagaland,Zunheboto,60,2
Odisha,Balangir,3854,304
Odisha,Baleswar,280,3
Odisha,Bargarh,1,0
Odisha,Bhadrak,1,2
Odisha,Cuttack,3047,289
Odisha,Dhenkanal,9,2
Odisha,Ganjam,10,19
Odisha,Jagatsinghapur,1,1
Odisha,Jajapur,11,0
Odisha,Kalahandi,1,0
Odisha,Kandhamal,1,0
Odisha,Kendrapara,9,0
Odisha,Kendujhar,2068,698
Odisha,Khorda,3,0
Odisha,Khordha,2561,47
Odisha,Mayurbhanj,2,0
Odisha,Nabarangapur,1,0
Odisha,Nayagarh,0,3
Odisha,Puri,3,8
Odisha,Rayagada,1,12
Odisha,Sambalpur,1,0
Odisha,Sonapur,28,4
Odisha,Sundergarh,2,0
Others,Others,1,34098
Puducherry,Karaikal,61,0
Puducherry,Pondicherry,175,892
Puducherry,Yanam,11,0
Punjab,Amritsar,198,13
Punjab,Barnala,190,4
Punjab,Bathinda,385,26
Punjab,Faridkot,135,3
Punjab,Fatehgarh Sahib,75,3
Punjab,Fazilka,161,14
Punjab,Ferozepur,146,49
Punjab,Gurdaspur,219,55
Punjab,Hoshiarpur,172,9
Punjab,Jalandhar,857,43
Punjab,Kapurthala,419,21
Punjab,Ludhiana,1935,45
Punjab,Mansa,206,1
Punjab,Moga,647,8
Punjab,Muktsar,27,19
Punjab,Nawanshahr,1,13
Punjab,Pathankot,22,0
Punjab,Patiala,480,4
Punjab,Rupnagar,360,34
Punjab,SAS Nagar (Mohali),105,5
Punjab,Sangrur,750,15
Punjab,Shaheed Bhagat Singh Nagar,50,0
Punjab,Sri Muktsar Sahib,136,5
Punjab,Tarn Taran,203,23
Rajasthan,Ajmer,165,21
Rajasthan,Alwar,1365,55
Rajasthan,Banswara,1037,4
Rajasthan,Baran,1,5
Rajasthan,Barmer,759,25
Rajasthan,Bharatpur,40,11
Rajasthan,Bhilwara,145,11
Rajasthan,Bikaner,781,38
Rajasthan,Bundi,152,49
Rajasthan,Chittorgarh,80,4
Rajasthan,Churu,539,138
Rajasthan,Dausa,350,75
Rajasthan,Dungarpur,33,2
Rajasthan,Ganganagar,9,121
Rajasthan,Hanumangarh,168,2
Rajasthan,Jaipur,1875,176
Rajasthan,Jaisalmer,4,0
Rajasthan,Jalor,268,19
Rajasthan,Jhalawar,1,13
Rajasthan,Jhunjhunu,486,13
Rajasthan,Jhunjhunun,897,92
Rajasthan,Jodhpur,203,8
Rajasthan,Karauli,8,1
Rajasthan,Kota,115,254
Rajasthan,Nagaur,1179,45
Rajasthan,Pali,319,50
Rajasthan,Pratapgarh,37,13
Rajasthan,Rajsamand,306,47
Rajasthan,Sawai Madhopur,40,58
Rajasthan,Sikar,477,38
Rajasthan,Sirohi,47,0
Rajasthan,Tonk,129,165
Rajasthan,Udaipur,243,300
Sikkim,East Sikkim,1,11
Sikkim,South Sikkim,0,2
Tamil Nadu,Ariyalur,125,132
Tamil Nadu,Chennai,1,9
Tamil Nadu,Coimbatore,4,0
Tamil Nadu,Cuddalore,835,1
Tamil Nadu,Dharmapuri,5,1
Tamil Nadu,Dindigul,0,2
Tamil Nadu,Erode,1506,2
Tamil Nadu,Kanchipuram,1,3
Tamil Nadu,Kanyakumari,4,0
Tamil Nadu,Karur,1250,0
Tamil Nadu,Madurai,696,14
Tamil Nadu,Nagapattinam,1152,0
Tamil Nadu,Namakkal,2,1
Tamil Nadu,Nilgiris,1,0
Tamil Nadu,Perambalur,116,32
Tamil Nadu,Pudukkottai,344,85
Tamil Nadu,Ramanathapuram,0,1
Tamil Nadu,Salem,1019,83
Tamil Nadu,Thanjavur,0,2
Tamil Nadu,Theni,0,4
Tamil Nadu,Tiruchirappalli,343,43
Tamil Nadu,Tiruppur,2,0
Tamil Nadu,Tiruvallur,3,6
Tamil Nadu,Tiruvannamalai,22,21
Tamil Nadu,Tiruvarur,1,0
Tamil Nadu,Tuticorin,1,0
Tamil Nadu,Vellore,655,16
Tamil Nadu,Villupuram,1,4
Tamil Nadu,Virudhunagar,1,0
Tripura,Dhalai,18,261
Tripura,North Tripura,159,878
Tripura,South Tripura,149,659
Tripura,West Tripura,101,841
Uttar Pradesh,Agra,9,140
Uttar Pradesh,Aligarh,6,14
Uttar Pradesh,Allahabad,6,8
Uttar Pradesh,Ambedkar Nagar,2,12
Uttar Pradesh,Amethi,2,0
Uttar Pradesh,Auraiya,3,40
Uttar Pradesh,Azamgarh,5,1
Uttar Pradesh,Baghpat,1,0
Uttar Pradesh,Bagpat,1,0
Uttar Pradesh,Bahraich,2,0
Uttar Pradesh,Ballia,15,26
Uttar Pradesh,Balrampur,1,0
Uttar Pradesh,Banda,2,0
Uttar Pradesh,Barabanki,1,12
Uttar Pradesh,Bareilly,12,7
Uttar Pradesh,Basti,5,89
Uttar Pradesh,Bijnor,4,0
Uttar Pradesh,Budaun,2,1
Uttar Pradesh,Bulandshahar,0,409
Uttar Pradesh,Bulandshahr,3,0
Uttar Pradesh,Chandauli,4,1
Uttar Pradesh,Chitrakoot,2,0
Uttar Pradesh,Deoria,4,17
Uttar Pradesh,Etah,3,1
Uttar Pradesh,Etawah,3,57
Uttar Pradesh,Faizabad,6,9
Uttar Pradesh,Farrukhabad,2,0
Uttar Pradesh,Fatehpur,4,2
Uttar Pradesh,Firozabad,1,120
Uttar Pradesh,Gautam Buddha Nagar,7,8
Uttar Pradesh,Ghaziabad,12,32
Uttar Pradesh,Ghazipur,14,10
Uttar Pradesh,Gonda,3,31
Uttar Pradesh,Gorakhpur,7,24
Uttar Pradesh,Hapur,4,0
Uttar Pradesh,Hardoi,2,5
Uttar Pradesh,Hathras,1,6
Uttar Pradesh,Jalaun,4,1
Uttar Pradesh,Jaunpur,16,0
Uttar Pradesh,Jhansi,1,2
Uttar Pradesh,Kannauj,0,1
Uttar Pradesh,Kanpur Dehat,1,4
Uttar Pradesh,Kanpur Nagar,18,763
Uttar Pradesh,Kheri,1,1
Uttar Pradesh,Kushinagar,6,60
Uttar Pradesh,Lalitpur,1,0
Uttar Pradesh,Lucknow,8,838
Uttar Pradesh,Maharajganj,2,0
Uttar Pradesh,Mainpuri,2,72
Uttar Pradesh,Mathura,4,6
Uttar Pradesh,Mau,5,0
Uttar Pradesh,Meerut,5,1
Uttar Pradesh,Mirzapur,7,1
Uttar Pradesh,Moradabad,1,90
Uttar Pradesh,Muzaffarnagar,4,1
Uttar Pradesh,Pilibhit,0,2
Uttar Pradesh,Pratapgarh,9,0
Uttar Pradesh,Rae Bareli,1,0
Uttar Pradesh,Raebareli,3,247
Uttar Pradesh,Rampur,1,2
Uttar Pradesh,Saharanpur,6,67
Uttar Pradesh,Sant Kabir Nagar,1,4
Uttar Pradesh,Sant Ravidas Nagar,2,0
Uttar Pradesh,Sant Ravidas Nagar Bhadohi,1,1
Uttar Pradesh,Shahjahanpur,4,0
Uttar Pradesh,Shamli,1,0
Uttar Pradesh,Shrawasti,2,1
Uttar Pradesh,Siddharthnagar,8,0
Uttar Pradesh,Sitapur,2,12
Uttar Pradesh,Sonbhadra,1,0
Uttar Pradesh,Sultanpur,4,1
Uttar Pradesh,Unnao,3,45
Uttar Pradesh,Varanasi,6,6
Uttarakhand,Almora,2,1
Uttarakhand,Chamoli,2,0
Uttarakhand,Champawat,2,2
Uttarakhand,Dehradun,3,5
Uttarakhand,Hardwar,1,27
Uttarakhand,Haridwar,1,0
Uttarakhand,Nainital,1,9
Uttarakhand,Pauri Garhwal,1,0
Uttarakhand,Pithoragarh,5,0
Uttarakhand,Rudraprayag,1,1
Uttarakhand,Tehri Garhwal,6,0
Uttarakhand,Udham Singh Nagar,1,12
West Bengal,Bally Jagachha,0,1
West Bengal,Bankura,8,3
West Bengal,Barddhaman,106,11
West Bengal,Bardhaman,180,0
West Bengal,Birbhum,24,2
West Bengal,Cooch Behar,1028,0
West Bengal,Dakshin Dinajpur,1,0
West Bengal,Darjeeling,432,2
West Bengal,Domjur,2,0
West Bengal,East Midnapore,136,0
West Bengal,Hooghly,4014,324
West Bengal,Howrah,4968,464
West Bengal,Jalpaiguri,414,0
West Bengal,Kolkata,5386,393
West Bengal,Malda,832,49
West Bengal,Medinipur,419,2
West Bengal,Murshidabad,2132,117
West Bengal,Nadia,8,0
West Bengal,Naihati Anandabazar,1,0
West Bengal,North 24 Parganas,1886,2393
West Bengal,North Dinajpur,1,0
West Bengal,Purulia,1,0
West Bengal,South 24 Parganas,1,0
West Bengal,South Dinajpur,2,0
West Bengal,South Twenty Four Parganas,636,16
West Bengal,West Midnapore,84,0
