State,District,Aadhaar generated,Enrolment Rejected
Andhra Pradesh,Adilabad,958,108
Andhra Pradesh,Anantapur,261,5
Andhra Pradesh,Ananthapur,13,0
Andhra Pradesh,Chittoor,153,3
Andhra Pradesh,Cuddapah,16,0
Andhra Pradesh,East Godavari,1576,190
Andhra Pradesh,Guntur,617,7
Andhra Pradesh,Hyderabad,911,19
Andhra Pradesh,K.V.Rangareddy,3692,22
Andhra Pradesh,Karim Nagar,3762,3
Andhra Pradesh,Karimnagar,14,0
Andhra Pradesh,Khammam,1904,27
Andhra Pradesh,Krishna,1248,11
Andhra Pradesh,Kurnool,15561,12777
Andhra Pradesh,Mahabub Nagar,22486,2783
Andhra Pradesh,Mahbubnagar,2710,720
Andhra Pradesh,Medak,552,0
Andhra Pradesh,Nalgonda,2925,246
Andhra Pradesh,Nellore,943,50
Andhra Pradesh,Nizamabad,1287,6
Andhra Pradesh,Prakasam,30,0
Andhra Pradesh,Srikakulam,3413,7875
Andhra Pradesh,Visakhapatnam,448,1
Andhra Pradesh,Vizianagaram,2605,583
Andhra Pradesh,Warangal,4356,61
Andhra Pradesh,West Godavari,1912,31
Assam,Barpeta,4,0
Assam,Bongaigaon,1,0
Assam,Cachar,3,0
Assam,Chirang,1,0
Assam,Dhemaji,2,0
Assam,Dhubri,3,0
Assam,Dibrugarh,4,0
Assam,Goalpara,1,0
Assam,Hailakandi,1,0
Assam,Jorhat,5,0
Assam,Kamrup,6,0
Assam,Karimganj,2,0
Assam,Kokrajhar,2,0
Assam,Lakhimpur,1,1
Assam,Marigaon,1,0
Assam,Nagaon,1,0
Assam,Nalbari,3,0
Assam,Sonitpur,4,0
Bihar,Araria,11,0
Bihar,Arwal,17,2
Bihar,Aurangabad,24,0
Bihar,Aurangabad(BH),26,0
Bihar,Banka,22,0
Bihar,Begusarai,19,0
Bihar,Bhabua,1,0
Bihar,Bhagalpur,42,1
Bihar,Bhojpur,74,0
Bihar,Buxar,39,1
Bihar,Darbhanga,55,0
Bihar,East Champaran,53,0
Bihar,Gaya,46,0
Bihar,Gopalganj,39,0
Bihar,Jamui,18,0
Bihar,Jehanabad,9,0
Bihar,Kaimur (Bhabua),17,0
Bihar,Katihar,14,0
Bihar,Khagaria,21,0
Bihar,Kishanganj,12,0
Bihar,Lakhisarai,15,0
Bihar,Madhepura,19,0
Bihar,Madhubani,54,1
Bihar,Munger,19,0
Bihar,Muzaffarpur,41,0
Bihar,Nalanda,56,0
Bihar,Nawada,16,0
Bihar,Patna,78,1
Bihar,Purnia,8,0
Bihar,Rohtas,34,2
Bihar,Saharsa,11,0
Bihar,Samastipur,33,0
Bihar,Saran,74,2
Bihar,Sheikhpura,9,1
Bihar,Sheohar,3,0
Bihar,Sitamarhi,27,0
Bihar,Siwan,53,0
Bihar,Supaul,8,0
Bihar,Vaishali,27,1
Bihar,West Champaran,20,1
Chandigarh,Chandigarh,1840,23
Chandigarh,Mohali,5,0
Chhattisgarh,Balod,3,0
Chhattisgarh,Bastar,2,0
Chhattisgarh,Bilaspur,1,0
Chhattisgarh,Dantewada,1,0
Chhattisgarh,Dhamtari,2,0
Chhattisgarh,Durg,16,0
Chhattisgarh,Janjgir Champa,2,0
Chhattisgarh,Janjgir-champa,5,0
Chhattisgarh,Korba,2,0
Chhattisgarh,Koriya,2,0
Chhattisgarh,Mahasamund,77,100
Chhattisgarh,Raigarh,5,0
Chhattisgarh,Raipur,33,0
Chhattisgarh,Rajnandgaon,13,0
Chhattisgarh,Surguja,2,0
Daman and Diu,Daman,15,9
Daman and Diu,Diu,34,0
Delhi,Central Delhi,546,64
Delhi,East Delhi,3326,1430
Delhi,Najafgarh,27,691
Delhi,New Delhi,6,0
Delhi,North Delhi,584,29
Delhi,North East,1993,618
Delhi,North East Delhi,16,1
Delhi,North West Delhi,4247,931
Delhi,South Delhi,7212,660
Delhi,South West Delhi,1101,1431
Delhi,West Delhi,623,5601
Goa,Bardez,5,3
Goa,North Goa,1496,10235
Goa,Ponda,2,0
Goa,South Goa,538,73
Gujarat,Ahmadabad,14,0
Gujarat,Ahmedabad,2582,144
Gujarat,Amreli,608,17
Gujarat,Anand,858,7
Gujarat,Banaskantha,744,7
Gujarat,Bharuch,260,6
Gujarat,Bhavnagar,2034,5922
Gujarat,Dahod,400,16
Gujarat,Dohad,558,4
Gujarat,Gandhinagar,603,39
Gujarat,Jamnagar,2669,175
Gujarat,Junagadh,1975,32
Gujarat,Kachchh,355,4
Gujarat,Kheda,1344,7
Gujarat,Mahesana,839,25
Gujarat,Narmada,1671,11
Gujarat,Navsari,973,11
Gujarat,Panchmahals,2399,57
Gujarat,Patan,1081,60
Gujarat,Porbandar,1534,77
Gujarat,Rajkot,3905,41
Gujarat,Sabarkantha,934,19
Gujarat,Surat,2759,145
Gujarat,Surendra Nagar,2002,32
Gujarat,Tapi,1013,0
Gujarat,The Dangs,76,0
Gujarat,Vadodara,992,45
Gujarat,Valsad,2137,15
Haryana,Ambala,1450,98
Haryana,Bhiwani,23,2
Haryana,Faridabad,1620,19
Haryana,Fatehabad,2,0
Haryana,Gurgaon,533,22
Haryana,Hisar,19,2
Haryana,Jhajjar,23,1
Haryana,Jind,964,0
Haryana,Kaithal,4,0
Haryana,Karnal,2642,25
Haryana,Kurukshetra,732,5
Haryana,Mahendragarh,31,2
Haryana,Mewat,3,0
Haryana,Palwal,282,1
Haryana,Panchkula,84,0
Haryana,Panipat,163,0
Haryana,Rewari,221,8
Haryana,Rohtak,531,0
Haryana,Sirsa,65,0
Haryana,Sonipat,352,62
Haryana,Yamuna Nagar,48,2
Himachal Pradesh,Bilaspur,1,0
Himachal Pradesh,Bilaspur ,10,1
Himachal Pradesh,Chamba,1349,33
Himachal Pradesh,Hamirpur,21,1
Himachal Pradesh,Kangra,2485,31
Himachal Pradesh,Kinnaur,6,0
Himachal Pradesh,Kullu,7,0
Himachal Pradesh,Mandi,63,0
Himachal Pradesh,Shimla,1513,15
Himachal Pradesh,Sirmaur,1126,7
Himachal Pradesh,Solan,1745,14
Himachal Pradesh,Una,9,1
Jammu and Kashmir,Anantnag,3,0
Jammu and Kashmir,Doda,7,0
Jammu and Kashmir,Jammu,35,0
Jammu and Kashmir,Kargil,1,0
Jammu and Kashmir,Kathua,5,0
Jammu and Kashmir,Kupwara,4,0
Jammu and Kashmir,Poonch,3,0
Jammu and Kashmir,Pulwama,1,0
Jammu and Kashmir,Punch,2,0
Jammu and Kashmir,Rajouri,10,0
Jammu and Kashmir,Srinagar,2,0
Jammu and Kashmir,Udhampur,3,0
Jharkhand,Bokaro,5264,158
Jharkhand,Chatra,814,1
Jharkhand,Deoghar,345,1
Jharkhand,Dhanbad,3653,28
Jharkhand,Dumka,3916,80
Jharkhand,East Singhbhum,828,22
Jharkhand,Garhwa,768,94
Jharkhand,Giridih,5227,110
Jharkhand,Godda,874,12
Jharkhand,Gumla,1737,9
Jharkhand,Hazaribag,316,20
Jharkhand,Hazaribagh,4603,30
Jharkhand,Jamtara,279,1
Jharkhand,Khunti,1515,51
Jharkhand,Koderma,157,7
Jharkhand,Latehar,59,2
Jharkhand,Lohardaga,1389,33
Jharkhand,Pakaur,23,0
Jharkhand,Pakur,67,7
Jharkhand,Palamau,389,43
Jharkhand,Palamu,2304,9
Jharkhand,Ramgarh,2629,39
Jharkhand,Ranchi,5419,132
Jharkhand,Sahebganj,31,24
Jharkhand,Seraikela-Kharsawan,241,44
Jharkhand,Simdega,1720,52
Jharkhand,West Singhbhum,454,27
Karnataka,Bagalkot,62,5
Karnataka,Bangalore,4192,127
Karnataka,Bangalore Rural,21,3
Karnataka,Belgaum,39,1
Karnataka,Bellary,276,4
Karnataka,Bidar,7,0
Karnataka,Bijapur,4,0
Karnataka,Bijapur(KAR),416,3
Karnataka,Chamarajanagar,2,0
Karnataka,Chamrajnagar,3,0
Karnataka,Chickmagalur,205,0
Karnataka,Chikkaballapur,558,5
Karnataka,Chitradurga,415,10
Karnataka,Dakshina Kannada,13,0
Karnataka,Davangere,4830,53
Karnataka,Dharwad,1492,880
Karnataka,Gadag,16,3
Karnataka,Gulbarga,29,3
Karnataka,Hassan,381,3
Karnataka,Haveri,591,40
Karnataka,Kodagu,8,0
Karnataka,Kolar,146,2
Karnataka,Koppal,6,0
Karnataka,Mandya,23,0
Karnataka,Mysore,286,7
Karnataka,Raichur,4,0
Karnataka,Ramanagar,2281,16
Karnataka,Shimoga,331,2
Karnataka,Tumkur,6,1
Karnataka,Udupi,1977,0
Karnataka,Uttara Kannada,7,0
Karnataka,Yadgir,5,1
Kerala,Alappuzha,33023,52
Kerala,Ernakulam,23337,665
Kerala,Idukki,6935,75
Kerala,Kannur,19348,156
Kerala,Kasaragod,1606,1
Kerala,Kasargod,6085,7
Kerala,Kollam,7359,58
Kerala,Kottayam,7489,1778
Kerala,Kozhikode,8174,84
Kerala,Malappuram,9409,27
Kerala,Palakkad,31731,7296
Kerala,Pathanamthitta,3249,841
Kerala,Thiruvananthapuram,7737,948
Kerala,Thrissur,23324,7158
Kerala,Wayanad,3196,13
Lakshadweep,Lakshadweep,126,1
Madhya Pradesh,Alirajpur,34,0
Madhya Pradesh,Anuppur,285,5
Madhya Pradesh,Ashok Nagar,57,0
Madhya Pradesh,Balaghat,24,1
Madhya Pradesh,Barwani,82,62
Madhya Pradesh,Betul,1536,29
Madhya Pradesh,Bhind,537,15
Madhya Pradesh,Bhopal,5881,177
Madhya Pradesh,Burhanpur,7,2
Madhya Pradesh,Chhatarpur,695,45
Madhya Pradesh,Chhindwara,78,1
Madhya Pradesh,Damoh,3138,31
Madhya Pradesh,Datia,485,2
Madhya Pradesh,Dewas,61,13
Madhya Pradesh,Dhar,2276,108
Madhya Pradesh,Dindori,9,0
Madhya Pradesh,Guna,822,91
Madhya Pradesh,Gwalior,1505,191
Madhya Pradesh,Harda,226,4
Madhya Pradesh,Hoshangabad,80,3
Madhya Pradesh,Indore,7496,270
Madhya Pradesh,Jabalpur,4523,182
Madhya Pradesh,Jhabua,179,0
Madhya Pradesh,Katni,1220,22
Madhya Pradesh,Khandwa,86,487
Madhya Pradesh,Khargone,811,50
Madhya Pradesh,Mandla,243,38
Madhya Pradesh,Mandsaur,49,128
Madhya Pradesh,Morena,699,7
Madhya Pradesh,Narsinghpur,21,1
Madhya Pradesh,Neemuch,19,323
Madhya Pradesh,Panna,950,4
Madhya Pradesh,Raisen,782,27
Madhya Pradesh,Rajgarh,1089,211
Madhya Pradesh,Ratlam,119,42
Madhya Pradesh,Rewa,1861,38
Madhya Pradesh,Sagar,4081,44
Madhya Pradesh,Satna,2279,54
Madhya Pradesh,Sehore,1203,26
Madhya Pradesh,Seoni,843,1
Madhya Pradesh,Shahdol,70,0
Madhya Pradesh,Shajapur,37,24
Madhya Pradesh,Sheopur,384,4
Madhya Pradesh,Shivpuri,357,40
Madhya Pradesh,Sidhi,31,0
Madhya Pradesh,Singrauli,25,1
Madhya Pradesh,Tikamgarh,181,0
Madhya Pradesh,Ujjain,3689,63
Madhya Pradesh,Umaria,344,0
Madhya Pradesh,Vidisha,1369,117
Maharashtra,Ahmadnagar,469,0
Maharashtra,Ahmed Nagar,2686,28
Maharashtra,Akola,234,7
Maharashtra,Amravati,4804,96
Maharashtra,Aurangabad,1579,36
Maharashtra,Beed,443,23
Maharashtra,Bhandara,450,62
Maharashtra,Buldhana,480,18
Maharashtra,Chandrapur,1878,0
Maharashtra,Dhule,1935,41
Maharashtra,Gadchiroli,14,0
Maharashtra,Gondia,134,56
Maharashtra,Gondiya,4,1
Maharashtra,Hingoli,84,3
Maharashtra,Jalgaon,562,7
Maharashtra,Jalna,1425,95
Maharashtra,Kolhapur,5550,18
Maharashtra,Latur,285,2
Maharashtra,Mumbai,12448,153
Maharashtra,Mumbai City,157,0
Maharashtra,Mumbai( Sub Urban ),13,0
Maharashtra,Nagpur,4059,239
Maharashtra,Nanded,309,16
Maharashtra,Nandurbar,662,1
Maharashtra,Nashik,5807,181
Maharashtra,Osmanabad,260,7
Maharashtra,Parbhani,782,11
Maharashtra,Pune,5921,90
Maharashtra,Raigarh,180,0
Maharashtra,Raigarh(MH),507,1
Maharashtra,Ratnagiri,158,0
Maharashtra,Sangli,3639,49
Maharashtra,Satara,1529,13
Maharashtra,Sindhudurg,315,1
Maharashtra,Solapur,1985,45
Maharashtra,Thane,19944,935
Maharashtra,Wardha,379,0
Maharashtra,Washim,27,2
Maharashtra,Yavatmal,41,1
Manipur,Bishnupur,625,2
Manipur,Chandel,175,1
Manipur,Churachandpur,200,1
Manipur,Imphal East,577,34
Manipur,Imphal West,445,27
Manipur,Senapati,140,26
Manipur,Tamenglong,48,1
Manipur,Thoubal,2647,46
Manipur,Ukhrul,99,40
Meghalaya,East Khasi Hills,2,0
Mizoram,Aizawl,1,0
Mizoram,Kolasib,1,0
Nagaland,Dimapur,400,21302
Nagaland,Kiphire,1027,0
Nagaland,Kohima,7,13811
Nagaland,Mokokchung,0,15787
Nagaland,Mon,8,0
Nagaland,Phek,4,10
Nagaland,Tuensang,590,28
Nagaland,Wokha,97,28
Nagaland,Zunheboto,96,22
Odisha,Angul,4,0
Odisha,Anugul,1,0
Odisha,Balangir,7842,303
Odisha,Baleswar,1314,841
Odisha,Balianta,3,0
Odisha,Bargarh,15,0
Odisha,Bhadrak,10,1
Odisha,Cuttack,8330,5063
Odisha,Debagarh,1,0
Odisha,Dhenkanal,23,0
Odisha,Gajapati,1,0
Odisha,Ganjam,52,8
Odisha,Jagatsinghapur,14,0
Odisha,Jajapur,35,0
Odisha,Jharsuguda,5,0
Odisha,Kalahandi,2,0
Odisha,Kandhamal,1,0
Odisha,Kendrapara,12,1
Odisha,Kendujhar,5477,1118
Odisha,Khorda,16,0
Odisha,Khordha,15866,38
Odisha,Koraput,16,0
Odisha,Mayurbhanj,7,0
Odisha,Nabarangapur,2,0
Odisha,Nayagarh,2,0
Odisha,Nuapada,2,0
Odisha,Puri,8,0
Odisha,Rayagada,13,0
Odisha,Sambalpur,5,0
Odisha,Sonapur,541,135
Odisha,Sundergarh,12,0
Others,Others,2,7578
Puducherry,Karaikal,116,0
Puducherry,Pondicherry,265,0
Puducherry,Yanam,27,0
Punjab,Amritsar,711,28
Punjab,Barnala,1176,5
Punjab,Bathinda,657,4
Punjab,Chandigarh,1,0
Punjab,Faridkot,799,5
Punjab,Fatehgarh Sahib,86,1
Punjab,Fazilka,767,97
Punjab,Ferozepur,653,7
Punjab,Gurdaspur,387,6
Punjab,Hoshiarpur,268,7
Punjab,Jalandhar,4705,44
Punjab,Kapurthala,632,12
Punjab,Ludhiana,4569,53
Punjab,Mansa,270,0
Punjab,Moga,2996,5
Punjab,Muktsar,49,1
Punjab,Nawanshahr,1,0
Punjab,Pathankot,35,1
Punjab,Patiala,623,4
Punjab,Rupnagar,682,7
Punjab,SAS Nagar (Mohali),217,0
Punjab,Sangrur,983,3
Punjab,Shaheed Bhagat Singh Nagar,200,0
Punjab,Sri Muktsar Sahib,924,11
Punjab,Tarn Taran,300,10
Rajasthan,Ajmer,1509,7
Rajasthan,Alwar,2591,244
Rajasthan,Banswara,625,3
Rajasthan,Baran,6,0
Rajasthan,Barmer,3953,296
Rajasthan,Bharatpur,130,2
Rajasthan,Bhilwara,337,16
Rajasthan,Bikaner,2011,51
Rajasthan,Bundi,305,1
Rajasthan,Chittorgarh,151,3
Rajasthan,Churu,1584,26
Rajasthan,Dausa,2081,29
Rajasthan,Dholpur,9,0
Rajasthan,Dungarpur,50,0
Rajasthan,Ganganagar,52,0
Rajasthan,Hanumangarh,997,1
Rajasthan,Jaipur,3773,238
Rajasthan,Jaisalmer,10,2
Rajasthan,Jalor,1932,125
Rajasthan,Jhalawar,4,0
Rajasthan,Jhunjhunu,761,37
Rajasthan,Jhunjhunun,2707,21
Rajasthan,Jodhpur,634,8
Rajasthan,Karauli,44,0
Rajasthan,Kota,186,30
Rajasthan,Nagaur,2376,45
Rajasthan,Pali,1376,124
Rajasthan,Pratapgarh,272,26
Rajasthan,Rajsamand,1614,32
Rajasthan,Sawai Madhopur,137,2
Rajasthan,Sikar,2370,80
Rajasthan,Sirohi,1651,66
Rajasthan,Tonk,1378,57
Rajasthan,Udaipur,4147,88
Sikkim,East Sikkim,26,0
Sikkim,South Sikkim,1,0
Sikkim,West Sikkim,2,0
Tamil Nadu,Ariyalur,170,0
Tamil Nadu,Chennai,4,0
Tamil Nadu,Coimbatore,24,0
Tamil Nadu,Cuddalore,1692,774
Tamil Nadu,Dharmapuri,285,0
Tamil Nadu,Dindigul,6,0
Tamil Nadu,Erode,2578,411
Tamil Nadu,Kancheepuram,1,0
Tamil Nadu,Kanniyakumari,5,0
Tamil Nadu,Kanyakumari,4,0
Tamil Nadu,Karur,4335,201
Tamil Nadu,Krishnagiri,4,0
Tamil Nadu,Madurai,2592,3
Tamil Nadu,Nagapattinam,1787,27
Tamil Nadu,Namakkal,25,2
Tamil Nadu,Nilgiris,1,0
Tamil Nadu,Perambalur,688,0
Tamil Nadu,Pudukkottai,525,96
Tamil Nadu,Ramanathapuram,4,0
Tamil Nadu,Salem,17357,1046
Tamil Nadu,Sivaganga,3,0
Tamil Nadu,Thanjavur,37,0
Tamil Nadu,Theni,11,0
Tamil Nadu,Thoothukkudi,2,0
Tamil Nadu,Tiruchirappalli,550,679
Tamil Nadu,Tirunelveli,3,0
Tamil Nadu,Tiruppur,2,0
Tamil Nadu,Tiruvallur,3,0
Tamil Nadu,Tiruvannamalai,2930,4424
Tamil Nadu,Tiruvarur,6,0
Tamil Nadu,Tuticorin,3,0
Tamil Nadu,Vellore,8002,2655
Tamil Nadu,Villupuram,3,0
Tamil Nadu,Viluppuram,2,0
Tamil Nadu,Virudhunagar,5,2
Tripura,Dhalai,32,0
Tripura,Gomati,1,0
Tripura,North Tripura,231,0
Tripura,South Tripura,240,1
Tripura,West Tripura,129,6
Uttar Pradesh,Agra,38,0
Uttar Pradesh,Aligarh,10,0
Uttar Pradesh,Allahabad,44,3
Uttar Pradesh,Ambedkar Nagar,9,0
Uttar Pradesh,Amethi,2,0
Uttar Pradesh,Amroha,3,0
Uttar Pradesh,Auraiya,5,0
Uttar Pradesh,Azamgarh,31,0
Uttar Pradesh,Baghpat,3,0
Uttar Pradesh,Bagpat,4,0
Uttar Pradesh,Bahraich,11,0
Uttar Pradesh,Ballia,49,2
Uttar Pradesh,Balrampur,11,0
Uttar Pradesh,Banda,2,0
Uttar Pradesh,Bara Banki,1,0
Uttar Pradesh,Barabanki,1,0
Uttar Pradesh,Bareilly,29,0
Uttar Pradesh,Basti,17,1
Uttar Pradesh,Bijnor,9,0
Uttar Pradesh,Budaun,11,0
Uttar Pradesh,Bulandshahr,24,1
Uttar Pradesh,Chandauli,15,0
Uttar Pradesh,Chitrakoot,1,0
Uttar Pradesh,Deoria,34,1
Uttar Pradesh,Etah,5,1
Uttar Pradesh,Etawah,11,0
Uttar Pradesh,Faizabad,20,0
Uttar Pradesh,Farrukhabad,10,0
Uttar Pradesh,Fatehpur,17,0
Uttar Pradesh,Firozabad,10,0
Uttar Pradesh,Gautam Buddha Nagar,20,1
Uttar Pradesh,Ghaziabad,53,4
Uttar Pradesh,Ghazipur,61,0
Uttar Pradesh,Gonda,18,0
Uttar Pradesh,Gorakhpur,36,0
Uttar Pradesh,Hamirpur,6,0
Uttar Pradesh,Hapur,34,0
Uttar Pradesh,Hardoi,6,0
Uttar Pradesh,Hathras,12,0
Uttar Pradesh,Jalaun,15,0
Uttar Pradesh,Jaunpur,37,0
Uttar Pradesh,Jhansi,7,1
Uttar Pradesh,Kannauj,7,0
Uttar Pradesh,Kanpur Dehat,15,0
Uttar Pradesh,Kanpur Nagar,37,0
Uttar Pradesh,Kaushambi,4,0
Uttar Pradesh,Kheri,4,0
Uttar Pradesh,Kushinagar,26,1
Uttar Pradesh,Lalitpur,3,0
Uttar Pradesh,Lucknow,15,1
Uttar Pradesh,Maharajganj,14,0
Uttar Pradesh,Mahoba,7,0
Uttar Pradesh,Mainpuri,22,0
Uttar Pradesh,Mathura,17,0
Uttar Pradesh,Mau,12,0
Uttar Pradesh,Meerut,24,0
Uttar Pradesh,Mirzapur,19,1
Uttar Pradesh,Moradabad,9,0
Uttar Pradesh,Muzaffarnagar,17,1
Uttar Pradesh,Pilibhit,3,0
Uttar Pradesh,Pratapgarh,33,0
Uttar Pradesh,Rae Bareli,5,0
Uttar Pradesh,Raebareli,19,0
Uttar Pradesh,Rampur,7,0
Uttar Pradesh,Saharanpur,15,0
Uttar Pradesh,Sant Kabir Nagar,9,0
Uttar Pradesh,Sant Ravidas Nagar,13,0
Uttar Pradesh,Shahjahanpur,6,0
Uttar Pradesh,Shamli,4,0
Uttar Pradesh,Shrawasti,2,0
Uttar Pradesh,Siddharthnagar,9,0
Uttar Pradesh,Sitapur,2,0
Uttar Pradesh,Sonbhadra,12,0
Uttar Pradesh,Sultanpur,36,1
Uttar Pradesh,Unnao,13,0
Uttar Pradesh,Varanasi,30,0
Uttarakhand,Almora,10,0
Uttarakhand,Bageshwar,10,0
Uttarakhand,Chamoli,14,0
Uttarakhand,Champawat,1,0
Uttarakhand,Dehradun,19,0
Uttarakhand,Garhwal,2,0
Uttarakhand,Hardwar,1,0
Uttarakhand,Haridwar,9,0
Uttarakhand,Nainital,7,0
Uttarakhand,Pauri Garhwal,34,1
Uttarakhand,Pithoragarh,12,0
Uttarakhand,Rudraprayag,7,0
Uttarakhand,Tehri Garhwal,10,0
Uttarakhand,Udham Singh Nagar,11,0
Uttarakhand,Uttarkashi,5,0
West Bengal,Bally Jagachha,2,0
West Bengal,Bankura,31,0
West Bengal,Barddhaman,643,189
West Bengal,Bardhaman,885,979
West Bengal,Birbhum,76,0
West Bengal,Cooch Behar,2807,6
West Bengal,Dakshin Dinajpur,3,0
West Bengal,Darjeeling,877,0
West Bengal,Domjur,2,0
West Bengal,East Midnapore,624,1183
West Bengal,Hooghly,6802,1376
West Bengal,Howrah,21024,8645
West Bengal,Jalpaiguri,1117,0
West Bengal,Kolkata,21271,3454
West Bengal,Malda,1321,90
West Bengal,Medinipur,2311,802
West Bengal,Murshidabad,7949,332
West Bengal,Nadia,25,0
West Bengal,North 24 Parganas,2845,353
West Bengal,North Dinajpur,5,1
West Bengal,Purulia,12,0
West Bengal,South 24 Parganas,7,1
West Bengal,South Dinajpur,1,0
West Bengal,South Twenty Four Parganas,1352,275
West Bengal,West Midnapore,652,45
