State,District,Aadhaar generated,Enrolment Rejected
Andhra Pradesh,Adilabad,2985,95
Andhra Pradesh,Anantapur,235,9
Andhra Pradesh,Ananthapur,2,1
Andhra Pradesh,Chittoor,173,7
Andhra Pradesh,Cuddapah,3,0
Andhra Pradesh,East Godavari,758,8
Andhra Pradesh,Guntur,139,2
Andhra Pradesh,Hyderabad,609,5
Andhra Pradesh,K.V.Rangareddy,1418,25
Andhra Pradesh,Karim Nagar,3247,1
Andhra Pradesh,Karimnagar,25,0
Andhra Pradesh,Khammam,825,16
Andhra Pradesh,Krishna,1113,8
Andhra Pradesh,Kurnool,5880,3344
Andhra Pradesh,Mahabub Nagar,8543,4694
Andhra Pradesh,Mahbubnagar,394,684
Andhra Pradesh,Medak,154,0
Andhra Pradesh,Nalgonda,1937,1621
Andhra Pradesh,Nellore,617,2
Andhra Pradesh,Nizamabad,737,1
Andhra Pradesh,Prakasam,21,0
Andhra Pradesh,Srikakulam,2895,5341
Andhra Pradesh,Visakhapatnam,463,6
Andhra Pradesh,Vizianagaram,2748,364
Andhra Pradesh,Warangal,2290,23
Andhra Pradesh,West Godavari,822,7
Arunachal Pradesh,West Siang,0,1
Assam,Barpeta,2,0
Assam,Bongaigaon,3,0
Assam,Cachar,5,0
Assam,Chirang,1,0
Assam,Darrang,2,0
Assam,Dhubri,2,0
Assam,Dibrugarh,2,0
Assam,Goalpara,1,0
Assam,Hailakandi,7,0
Assam,Jorhat,2,0
Assam,Kamrup,3,0
Assam,Karimganj,7,0
Assam,Nagaon,1,0
Assam,Sibsagar,1,0
Assam,Udalguri,1,0
Bihar,Araria,2,0
Bihar,Arwal,8,0
Bihar,Aurangabad,12,1
Bihar,Aurangabad(BH),11,0
Bihar,Banka,4,1
Bihar,Begusarai,10,1
Bihar,Bhabua,1,0
Bihar,Bhagalpur,24,0
Bihar,Bhojpur,32,0
Bihar,Buxar,20,0
Bihar,Darbhanga,29,0
Bihar,East Champaran,19,0
Bihar,Gaya,22,1
Bihar,Gopalganj,16,0
Bihar,Jamui,9,0
Bihar,Jehanabad,5,0
Bihar,Kaimur (Bhabua),6,1
Bihar,Katihar,5,0
Bihar,Khagaria,11,0
Bihar,Kishanganj,3,3
Bihar,Lakhisarai,3,0
Bihar,Madhepura,16,0
Bihar,Madhubani,33,0
Bihar,Munger,11,0
Bihar,Muzaffarpur,27,0
Bihar,Nalanda,28,0
Bihar,Nawada,18,0
Bihar,Patna,61,0
Bihar,Purnia,4,0
Bihar,Rohtas,21,0
Bihar,Saharsa,9,0
Bihar,Samastipur,12,0
Bihar,Saran,33,1
Bihar,Sheikhpura,7,0
Bihar,Sitamarhi,15,0
Bihar,Siwan,11,0
Bihar,Supaul,7,0
Bihar,Vaishali,22,0
Bihar,West Champaran,12,0
Chandigarh,Chandigarh,595,14
Chandigarh,Mohali,3,0
Chhattisgarh,Baloda Bazar,2,0
Chhattisgarh,Bastar,1,0
Chhattisgarh,Bilaspur,2,0
Chhattisgarh,Durg,9,0
Chhattisgarh,Janjgir Champa,2,0
Chhattisgarh,Janjgir-champa,3,0
Chhattisgarh,Jashpur,4,0
Chhattisgarh,Korba,2,0
Chhattisgarh,Koriya,1,0
Chhattisgarh,Mahasamund,82,3
Chhattisgarh,Raipur,42,1
Chhattisgarh,Rajnandgaon,1,0
Chhattisgarh,Surguja,2,0
Dadra and Nagar Haveli,Dadra and Nagar Haveli,1,0
Daman and Diu,Daman,9,2
Daman and Diu,Diu,24,0
Delhi,Central Delhi,310,52
Delhi,East Delhi,1460,542
Delhi,Najafgarh,85,984
Delhi,New Delhi,8,1
Delhi,North Delhi,273,27
Delhi,North East,612,537
Delhi,North East Delhi,19,1
Delhi,North West Delhi,1464,494
Delhi,South Delhi,2419,786
Delhi,South West Delhi,710,2268
Delhi,West Delhi,565,2564
Goa,Bardez,0,5
Goa,North Goa,812,5684
Goa,Ponda,2,0
Goa,South Goa,442,21
Gujarat,Ahmadabad,8,0
Gujarat,Ahmedabad,845,12
Gujarat,Amreli,507,13
Gujarat,Anand,556,3
Gujarat,Banaskantha,690,11
Gujarat,Bharuch,197,3
Gujarat,Bhavnagar,1159,1269
Gujarat,Dahod,629,33
Gujarat,Dohad,819,3
Gujarat,Gandhinagar,590,19
Gujarat,Jamnagar,948,18
Gujarat,Junagadh,920,10
Gujarat,Kachchh,109,1
Gujarat,Kheda,797,0
Gujarat,Mahesana,1116,35
Gujarat,Narmada,754,42
Gujarat,Navsari,702,2
Gujarat,Panchmahals,1721,18
Gujarat,Patan,502,34
Gujarat,Porbandar,687,21
Gujarat,Rajkot,1888,24
Gujarat,Sabarkantha,873,8
Gujarat,Surat,2023,198
Gujarat,Surendra Nagar,1570,100
Gujarat,Tapi,756,2
Gujarat,The Dangs,90,2
Gujarat,Vadodara,675,8
Gujarat,Valsad,789,4
Haryana,Ambala,939,84
Haryana,Bhiwani,32,0
Haryana,Faridabad,1476,12
Haryana,Fatehabad,1,0
Haryana,Gurgaon,517,32
Haryana,Hisar,11,1
Haryana,Jhajjar,14,0
Haryana,Jind,28,0
Haryana,Kaithal,2,0
Haryana,Karnal,1322,15
Haryana,Kurukshetra,72,0
Haryana,Mahendragarh,12,0
Haryana,Palwal,186,0
Haryana,Panchkula,66,1
Haryana,Panipat,111,0
Haryana,Rewari,206,2
Haryana,Rohtak,308,1
Haryana,Sirsa,23,60
Haryana,Sonipat,270,9
Haryana,Yamuna Nagar,42,1
Himachal Pradesh,Bilaspur,1,0
Himachal Pradesh,Bilaspur ,4,0
Himachal Pradesh,Chamba,1004,15
Himachal Pradesh,Hamirpur,14,0
Himachal Pradesh,Kangra,1644,11
Himachal Pradesh,Kinnaur,8,1
Himachal Pradesh,Kullu,3,0
Himachal Pradesh,Mandi,32,2
Himachal Pradesh,Shimla,1155,10
Himachal Pradesh,Sirmaur,981,6
Himachal Pradesh,Solan,1852,17
Himachal Pradesh,Una,9,0
Jammu and Kashmir,Anantnag,3,0
Jammu and Kashmir,Bandipore,3,0
Jammu and Kashmir,Doda,2,0
Jammu and Kashmir,Jammu,14,0
Jammu and Kashmir,Kathua,7,0
Jammu and Kashmir,Kupwara,2,0
Jammu and Kashmir,Pulwama,2,0
Jammu and Kashmir,Rajouri,5,0
Jammu and Kashmir,Udhampur,1,0
Jharkhand,Bokaro,2645,57
Jharkhand,Chatra,226,0
Jharkhand,Deoghar,177,14
Jharkhand,Dhanbad,2641,21
Jharkhand,Dumka,1819,61
Jharkhand,East Singhbhum,405,10
Jharkhand,Garhwa,260,50
Jharkhand,Giridih,1081,33
Jharkhand,Godda,986,40
Jharkhand,Gumla,1286,27
Jharkhand,Hazaribag,225,39
Jharkhand,Hazaribagh,1273,4
Jharkhand,Jamtara,318,0
Jharkhand,Khunti,873,32
Jharkhand,Kodarma,2,0
Jharkhand,Koderma,84,6
Jharkhand,Latehar,107,0
Jharkhand,Lohardaga,1190,6
Jharkhand,Pakaur,17,0
Jharkhand,Pakur,148,2
Jharkhand,Palamau,184,39
Jharkhand,Palamu,1646,50
Jharkhand,Ramgarh,739,7
Jharkhand,Ranchi,2367,62
Jharkhand,Sahebganj,1750,14
Jharkhand,Seraikela-Kharsawan,153,4
Jharkhand,Simdega,763,8
Jharkhand,West Singhbhum,165,2
Karnataka,Bagalkot,70,0
Karnataka,Bangalore,3026,146
Karnataka,Bangalore Rural,14,0
Karnataka,Belgaum,28,1
Karnataka,Bellary,151,2
Karnataka,Bidar,2,0
Karnataka,Bijapur,3,1
Karnataka,Bijapur(KAR),407,6
Karnataka,Chamarajanagar,1,0
Karnataka,Chamrajnagar,3,0
Karnataka,Chickmagalur,95,0
Karnataka,Chikkaballapur,681,0
Karnataka,Chitradurga,131,0
Karnataka,Dakshina Kannada,15,0
Karnataka,Davangere,4466,104
Karnataka,Dharwad,1490,871
Karnataka,Gadag,26,4
Karnataka,Gulbarga,15,0
Karnataka,Hassan,232,0
Karnataka,Haveri,537,29
Karnataka,Kodagu,1,1
Karnataka,Kolar,21,1
Karnataka,Koppal,5,2
Karnataka,Mandya,13,0
Karnataka,Mysore,220,26
Karnataka,Raichur,5,1
Karnataka,Ramanagar,403,0
Karnataka,Shimoga,182,8
Karnataka,Tumkur,3,0
Karnataka,Udupi,2744,9
Karnataka,Uttara Kannada,5,1
Karnataka,Yadgir,4,0
Kerala,Alappuzha,8129,53
Kerala,Ernakulam,20124,1955
Kerala,Idukki,2521,72
Kerala,Kannur,12167,265
Kerala,Kasaragod,861,0
Kerala,Kasargod,3204,14
Kerala,Kollam,6151,27
Kerala,Kottayam,7106,5673
Kerala,Kozhikode,7383,107
Kerala,Malappuram,5024,21
Kerala,Palakkad,42832,660
Kerala,Pathanamthitta,2575,1335
Kerala,Thiruvananthapuram,12566,1446
Kerala,Thrissur,19301,4447
Kerala,Wayanad,3742,116
Lakshadweep,Lakshadweep,160,0
Madhya Pradesh,Alirajpur,23,0
Madhya Pradesh,Anuppur,48,0
Madhya Pradesh,Ashok Nagar,34,0
Madhya Pradesh,Balaghat,8,0
Madhya Pradesh,Barwani,63,23
Madhya Pradesh,Betul,1114,39
Madhya Pradesh,Bhind,485,25
Madhya Pradesh,Bhopal,5286,190
Madhya Pradesh,Burhanpur,3,0
Madhya Pradesh,Chhatarpur,299,31
Madhya Pradesh,Chhindwara,128,1
Madhya Pradesh,Damoh,1911,22
Madhya Pradesh,Datia,293,9
Madhya Pradesh,Dewas,49,3
Madhya Pradesh,Dhar,1800,29
Madhya Pradesh,Dindori,5,0
Madhya Pradesh,Guna,891,79
Madhya Pradesh,Gwalior,1050,100
Madhya Pradesh,Harda,81,0
Madhya Pradesh,Hoshangabad,45,1
Madhya Pradesh,Indore,5492,357
Madhya Pradesh,Jabalpur,2657,123
Madhya Pradesh,Jhabua,76,1
Madhya Pradesh,Katni,674,9
Madhya Pradesh,Khandwa,85,113
Madhya Pradesh,Khargone,1183,25
Madhya Pradesh,Mandla,17,0
Madhya Pradesh,Mandsaur,28,38
Madhya Pradesh,Morena,358,8
Madhya Pradesh,Narsinghpur,7,1
Madhya Pradesh,Neemuch,16,5
Madhya Pradesh,Panna,538,2
Madhya Pradesh,Raisen,974,36
Madhya Pradesh,Rajgarh,1428,71
Madhya Pradesh,Ratlam,147,9
Madhya Pradesh,Rewa,655,1
Madhya Pradesh,Sagar,1747,29
Madhya Pradesh,Satna,1063,21
Madhya Pradesh,Sehore,1418,36
Madhya Pradesh,Seoni,546,0
Madhya Pradesh,Shahdol,33,0
Madhya Pradesh,Shajapur,30,4
Madhya Pradesh,Sheopur,100,0
Madhya Pradesh,Shivpuri,111,7
Madhya Pradesh,Sidhi,17,0
Madhya Pradesh,Singrauli,32,0
Madhya Pradesh,Tikamgarh,219,0
Madhya Pradesh,Ujjain,2446,55
Madhya Pradesh,Umaria,226,0
Madhya Pradesh,Vidisha,2528,160
Maharashtra,Ahmadnagar,514,1
Maharashtra,Ahmed Nagar,1469,25
Maharashtra,Akola,230,70
Maharashtra,Amravati,3762,130
Maharashtra,Aurangabad,397,12
Maharashtra,Beed,126,4
Maharashtra,Bhandara,222,5
Maharashtra,Buldhana,1680,7
Maharashtra,Chandrapur,446,0
Maharashtra,Dhule,987,37
Maharashtra,Gadchiroli,19,2
Maharashtra,Gondia,127,2
Maharashtra,Gondiya,6,3
Maharashtra,Hingoli,46,0
Maharashtra,Jalgaon,908,19
Maharashtra,Jalna,448,4
Maharashtra,Kolhapur,1881,12
Maharashtra,Latur,205,38
Maharashtra,Mumbai,4882,143
Maharashtra,Mumbai City,54,4
Maharashtra,Mumbai( Sub Urban ),10,0
Maharashtra,Nagpur,2056,51
Maharashtra,Nanded,288,0
Maharashtra,Nandurbar,124,0
Maharashtra,Nashik,2905,284
Maharashtra,Osmanabad,151,9
Maharashtra,Parbhani,287,122
Maharashtra,Pune,2336,111
Maharashtra,Raigarh,29,0
Maharashtra,Raigarh(MH),657,14
Maharashtra,Ratnagiri,215,1495
Maharashtra,Sangli,1491,24
Maharashtra,Satara,833,6
Maharashtra,Sindhudurg,45,0
Maharashtra,Solapur,1062,39
Maharashtra,Thane,14410,426
Maharashtra,Wardha,242,1
Maharashtra,Washim,17,0
Maharashtra,Yavatmal,16,3
Manipur,Bishnupur,365,5
Manipur,Chandel,173,0
Manipur,Churachandpur,160,0
Manipur,Imphal East,486,15
Manipur,Imphal West,304,1
Manipur,Senapati,128,6
Manipur,Tamenglong,40,1
Manipur,Thoubal,1346,53
Manipur,Ukhrul,91,312
Meghalaya,East Khasi Hills,1,0
Nagaland,Dimapur,86,10919
Nagaland,Kiphire,238,0
Nagaland,Kohima,3,11359
Nagaland,Longleng,1,0
Nagaland,Mokokchung,32,4731
Nagaland,Mon,1,0
Nagaland,Phek,0,159
Nagaland,Tuensang,60,9
Nagaland,Wokha,114,4
Nagaland,Zunheboto,126,704
Odisha,Angul,2,0
Odisha,Balangir,6438,168
Odisha,Baleswar,629,648
Odisha,Bargarh,8,0
Odisha,Bhadrak,2,1
Odisha,Cuttack,2478,24
Odisha,Dhenkanal,8,0
Odisha,Ganjam,21,0
Odisha,Jagatsinghapur,9,0
Odisha,Jajapur,22,1
Odisha,Kalahandi,1,0
Odisha,Kendrapara,11,0
Odisha,Kendujhar,951,73
Odisha,Khorda,4,0
Odisha,Khordha,3163,5
Odisha,Koraput,3,0
Odisha,Mayurbhanj,4,0
Odisha,Nayagarh,3,0
Odisha,Puri,5,0
Odisha,Rayagada,2,0
Odisha,Sambalpur,3,0
Odisha,Sonapur,32,70
Odisha,Sundergarh,7,0
Others,Others,3,6648
Puducherry,Karaikal,116,0
Puducherry,Pondicherry,315,0
Puducherry,Yanam,29,0
Punjab,Amritsar,351,31
Punjab,Barnala,637,2
Punjab,Bathinda,468,2
Punjab,Faridkot,362,1
Punjab,Fatehgarh Sahib,80,0
Punjab,Fazilka,818,24
Punjab,Ferozepur,484,10
Punjab,Gurdaspur,291,2
Punjab,Hoshiarpur,266,1
Punjab,Jalandhar,2608,7
Punjab,Kapurthala,658,2
Punjab,Ludhiana,3455,101
Punjab,Mansa,281,0
Punjab,Moga,1503,2
Punjab,Muktsar,90,0
Punjab,Nawanshahr,1,0
Punjab,Pathankot,24,1
Punjab,Patiala,613,15
Punjab,Rupnagar,1538,3
Punjab,SAS Nagar (Mohali),52,0
Punjab,Sangrur,2197,26
Punjab,Shaheed Bhagat Singh Nagar,165,1
Punjab,Sri Muktsar Sahib,740,7
Punjab,Tarn Taran,193,1
Rajasthan,Ajmer,1148,5
Rajasthan,Alwar,1872,73
Rajasthan,Banswara,55,0
Rajasthan,Baran,1,0
Rajasthan,Barmer,1631,103
Rajasthan,Bharatpur,38,1
Rajasthan,Bhilwara,218,6
Rajasthan,Bikaner,1762,90
Rajasthan,Bundi,429,3
Rajasthan,Chittorgarh,135,0
Rajasthan,Churu,934,23
Rajasthan,Dausa,1987,57
Rajasthan,Dholpur,6,0
Rajasthan,Dungarpur,60,0
Rajasthan,Ganganagar,32,0
Rajasthan,Hanumangarh,355,1
Rajasthan,Jaipur,3317,99
Rajasthan,Jaisalmer,1,0
Rajasthan,Jalor,432,44
Rajasthan,Jhalawar,2,0
Rajasthan,Jhunjhunu,540,6
Rajasthan,Jhunjhunun,1389,3
Rajasthan,Jodhpur,476,4
Rajasthan,Karauli,25,1
Rajasthan,Kota,172,14
Rajasthan,Nagaur,2007,42
Rajasthan,Pali,523,27
Rajasthan,Pratapgarh,485,12
Rajasthan,Rajsamand,249,12
Rajasthan,Sawai Madhopur,27,2
Rajasthan,Sikar,1417,26
Rajasthan,Sirohi,143,0
Rajasthan,Tonk,349,15
Rajasthan,Udaipur,502,5
Sikkim,East Sikkim,1,0
Sikkim,North Sikkim,3,1
Sikkim,West Sikkim,1,0
Tamil Nadu,Ariyalur,187,6
Tamil Nadu,Chennai,2,1
Tamil Nadu,Coimbatore,13,0
Tamil Nadu,Cuddalore,3254,3858
Tamil Nadu,Dharmapuri,4345,14
Tamil Nadu,Dindigul,4,0
Tamil Nadu,Erode,2565,387
Tamil Nadu,Kanchipuram,4,0
Tamil Nadu,Kanniyakumari,3,0
Tamil Nadu,Kanyakumari,11,0
Tamil Nadu,Karur,4917,338
Tamil Nadu,Krishnagiri,1,0
Tamil Nadu,Madurai,22487,45
Tamil Nadu,Nagapattinam,2008,54
Tamil Nadu,Namakkal,14,0
Tamil Nadu,Nilgiris,3,0
Tamil Nadu,Perambalur,407,1
Tamil Nadu,Pudukkottai,602,353
Tamil Nadu,Salem,3348,1717
Tamil Nadu,Sivaganga,1,0
Tamil Nadu,Thanjavur,3,0
Tamil Nadu,Theni,5,1
Tamil Nadu,Tiruchirappalli,921,1447
Tamil Nadu,Tirunelveli,3,0
Tamil Nadu,Tiruppur,1,0
Tamil Nadu,Tiruvallur,3,0
Tamil Nadu,Tiruvannamalai,384,438
Tamil Nadu,Tiruvarur,6,4
Tamil Nadu,Vellore,749,226
Tamil Nadu,Villupuram,3,1
Tamil Nadu,Virudhunagar,2,0
Tripura,Dhalai,25,1
Tripura,Gomati,1,0
Tripura,North Tripura,212,1
Tripura,South Tripura,259,6
Tripura,West Tripura,119,3
Uttar Pradesh,Agra,15,0
Uttar Pradesh,Aligarh,8,0
Uttar Pradesh,Allahabad,23,1
Uttar Pradesh,Ambedkar Nagar,9,1
Uttar Pradesh,Amroha,2,0
Uttar Pradesh,Auraiya,4,0
Uttar Pradesh,Azamgarh,17,0
Uttar Pradesh,Baghpat,6,0
Uttar Pradesh,Bagpat,4,1
Uttar Pradesh,Bahraich,3,0
Uttar Pradesh,Ballia,24,0
Uttar Pradesh,Balrampur,4,0
Uttar Pradesh,Banda,2,0
Uttar Pradesh,Barabanki,4,0
Uttar Pradesh,Bareilly,17,0
Uttar Pradesh,Basti,7,1
Uttar Pradesh,Bijnor,10,0
Uttar Pradesh,Budaun,6,0
Uttar Pradesh,Bulandshahar,1,0
Uttar Pradesh,Bulandshahr,11,1
Uttar Pradesh,Chandauli,9,0
Uttar Pradesh,Chitrakoot,5,0
Uttar Pradesh,Deoria,15,0
Uttar Pradesh,Etah,7,0
Uttar Pradesh,Etawah,3,0
Uttar Pradesh,Faizabad,9,0
Uttar Pradesh,Farrukhabad,4,0
Uttar Pradesh,Fatehpur,7,0
Uttar Pradesh,Firozabad,9,0
Uttar Pradesh,Gautam Buddha Nagar,28,0
Uttar Pradesh,Ghaziabad,43,2
Uttar Pradesh,Ghazipur,37,0
Uttar Pradesh,Gonda,9,0
Uttar Pradesh,Gorakhpur,20,2
Uttar Pradesh,Hamirpur,2,0
Uttar Pradesh,Hapur,21,0
Uttar Pradesh,Hardoi,5,0
Uttar Pradesh,Hathras,4,0
Uttar Pradesh,Jalaun,3,0
Uttar Pradesh,Jaunpur,22,0
Uttar Pradesh,Jhansi,7,0
Uttar Pradesh,Jyotiba Phule Nagar,1,0
Uttar Pradesh,Kannauj,7,0
Uttar Pradesh,Kanpur Dehat,7,0
Uttar Pradesh,Kanpur Nagar,32,0
Uttar Pradesh,Kasganj,1,0
Uttar Pradesh,Kaushambi,8,0
Uttar Pradesh,Kheri,1,0
Uttar Pradesh,Kushinagar,18,0
Uttar Pradesh,Lalitpur,2,0
Uttar Pradesh,Lucknow,19,0
Uttar Pradesh,Maharajganj,4,1
Uttar Pradesh,Mahoba,1,0
Uttar Pradesh,Mainpuri,6,1
Uttar Pradesh,Mathura,7,0
Uttar Pradesh,Mau,8,0
Uttar Pradesh,Meerut,13,0
Uttar Pradesh,Mirzapur,12,0
Uttar Pradesh,Moradabad,7,1
Uttar Pradesh,Muzaffarnagar,10,0
Uttar Pradesh,Pilibhit,1,0
Uttar Pradesh,Pratapgarh,15,0
Uttar Pradesh,Raebareli,11,0
Uttar Pradesh,Saharanpur,10,0
Uttar Pradesh,Sambhal,1,0
Uttar Pradesh,Sant Kabir Nagar,4,0
Uttar Pradesh,Sant Ravidas Nagar,8,1
Uttar Pradesh,Shahjahanpur,4,0
Uttar Pradesh,Shamli,1,0
Uttar Pradesh,Siddharthnagar,7,0
Uttar Pradesh,Sitapur,1,0
Uttar Pradesh,Sonbhadra,2,0
Uttar Pradesh,Sultanpur,15,0
Uttar Pradesh,Unnao,7,0
Uttar Pradesh,Varanasi,20,0
Uttarakhand,Almora,5,0
Uttarakhand,Bageshwar,4,0
Uttarakhand,Chamoli,2,0
Uttarakhand,Champawat,1,0
Uttarakhand,Dehradun,19,0
Uttarakhand,Garhwal,2,0
Uttarakhand,Haridwar,2,0
Uttarakhand,Nainital,7,0
Uttarakhand,Pauri Garhwal,10,0
Uttarakhand,Pithoragarh,6,0
Uttarakhand,Rudraprayag,5,0
Uttarakhand,Tehri Garhwal,3,1
Uttarakhand,Udham Singh Nagar,2,0
Uttarakhand,Uttarkashi,1,0
West Bengal,Bally Jagachha,2,0
West Bengal,Bankura,13,0
West Bengal,Barddhaman,287,711
West Bengal,Bardhaman,439,2805
West Bengal,Birbhum,48,0
West Bengal,Cooch Behar,1853,6
West Bengal,Darjeeling,184,0
West Bengal,Domjur,11,2
West Bengal,East Midnapore,481,1946
West Bengal,Hooghly,4586,650
West Bengal,Howrah,25161,13228
West Bengal,Jalpaiguri,1311,10
West Bengal,Kolkata,19320,1610
West Bengal,Malda,1569,44
West Bengal,Medinipur,1060,962
West Bengal,Murshidabad,2349,193
West Bengal,Nadia,10,1
West Bengal,North 24 Parganas,2262,310
West Bengal,North Dinajpur,2,0
West Bengal,Purulia,7,0
West Bengal,South 24 Parganas,7,0
West Bengal,South Dinajpur,1,0
West Bengal,South Twenty Four Parganas,1084,143
West Bengal,West Midnapore,215,221
