State,District,Aadhaar generated,Enrolment Rejected
Andhra Pradesh,Adilabad,579,87
Andhra Pradesh,Anantapur,154,0
Andhra Pradesh,Chittoor,84,0
Andhra Pradesh,Cuddapah,3,0
Andhra Pradesh,East Godavari,325,44
Andhra Pradesh,Guntur,59,1
Andhra Pradesh,Hyderabad,314,15
Andhra Pradesh,K.V.Rangareddy,586,97
Andhra Pradesh,Karim Nagar,342,0
Andhra Pradesh,Karimnagar,6,0
Andhra Pradesh,Khammam,216,6
Andhra Pradesh,Krishna,203,3
Andhra Pradesh,Kurnool,1791,961
Andhra Pradesh,Mahabub Nagar,1753,580
Andhra Pradesh,Mahbubnagar,106,41
Andhra Pradesh,Medak,131,21
Andhra Pradesh,Nalgonda,1022,132
Andhra Pradesh,Nellore,660,142
Andhra Pradesh,Nizamabad,177,0
Andhra Pradesh,Prakasam,9,0
Andhra Pradesh,Srikakulam,1447,13061
Andhra Pradesh,Visakhapatnam,116,7
Andhra Pradesh,Vizianagaram,1299,2000
Andhra Pradesh,Warangal,828,110
Andhra Pradesh,West Godavari,331,23
Assam,Baksa,1,0
Assam,Barpeta,6,0
Assam,Bongaigaon,1,0
Assam,Cachar,2,0
Assam,Dibrugarh,1,0
Assam,Goalpara,1,0
Assam,Kamrup,10,0
Assam,Karimganj,3,0
Assam,Kokrajhar,1,0
Assam,Lakhimpur,1,0
Assam,Marigaon,1,0
Assam,Nagaon,3,0
Assam,Nalbari,1,0
Assam,Sibsagar,5,0
Assam,Sonitpur,3,0
Bihar,Araria,2,3
Bihar,Arwal,5,0
Bihar,Aurangabad,4,0
Bihar,Aurangabad(BH),9,0
Bihar,Banka,11,0
Bihar,Begusarai,11,1
Bihar,Bhabua,1,0
Bihar,Bhagalpur,13,2
Bihar,Bhojpur,38,0
Bihar,Buxar,12,1
Bihar,Darbhanga,22,0
Bihar,East Champaran,63,0
Bihar,Gaya,23,1
Bihar,Gopalganj,12,0
Bihar,Jamui,8,0
Bihar,Jehanabad,10,0
Bihar,Kaimur (Bhabua),9,0
Bihar,Katihar,3,0
Bihar,Khagaria,6,0
Bihar,Kishanganj,6,0
Bihar,Lakhisarai,7,0
Bihar,Madhepura,11,0
Bihar,Madhubani,18,0
Bihar,Munger,9,0
Bihar,Muzaffarpur,18,0
Bihar,Nalanda,20,1
Bihar,Nawada,13,3
Bihar,Patna,46,2
Bihar,Purnia,3,1
Bihar,Rohtas,16,0
Bihar,Saharsa,8,0
Bihar,Samastipur,14,0
Bihar,Saran,24,0
Bihar,Sheikhpura,4,0
Bihar,Sheohar,1,0
Bihar,Sitamarhi,8,0
Bihar,Siwan,14,0
Bihar,Supaul,4,0
Bihar,Vaishali,26,1
Bihar,West Champaran,2,1
Chandigarh,Chandigarh,1081,10
Chandigarh,Mohali,1,0
Chhattisgarh,Bastar,1,0
Chhattisgarh,Bijapur(CGH),1,0
Chhattisgarh,Bilaspur,1,0
Chhattisgarh,Durg,5,0
Chhattisgarh,Janjgir-champa,1,0
Chhattisgarh,Jashpur,1,0
Chhattisgarh,Koriya,1,0
Chhattisgarh,Mahasamund,260,236
Chhattisgarh,Raigarh,1,0
Chhattisgarh,Raipur,15,0
Chhattisgarh,Rajnandgaon,2,0
Chhattisgarh,Surguja,3,0
Daman and Diu,Daman,3,2
Daman and Diu,Diu,6,2
Delhi,Central Delhi,414,168
Delhi,East Delhi,2472,3709
Delhi,Najafgarh,175,1186
Delhi,New Delhi,9,0
Delhi,North Delhi,802,403
Delhi,North East,1282,1957
Delhi,North East Delhi,16,4
Delhi,North West Delhi,3670,1017
Delhi,South Delhi,4758,1109
Delhi,South West Delhi,1714,6065
Delhi,West Delhi,349,218
Goa,Bardez,4,1
Goa,North Goa,487,73
Goa,South Goa,215,10
Goa,Tiswadi,1,0
Gujarat,Ahmadabad,3,0
Gujarat,Ahmedabad,1832,8
Gujarat,Amreli,454,9
Gujarat,Anand,269,24
Gujarat,Banaskantha,456,20
Gujarat,Bharuch,290,104
Gujarat,Bhavnagar,548,2
Gujarat,Dahod,123,1
Gujarat,Dohad,122,2
Gujarat,Gandhinagar,338,7
Gujarat,Jamnagar,575,149
Gujarat,Junagadh,1079,50
Gujarat,Kachchh,148,4
Gujarat,Kheda,260,3
Gujarat,Mahesana,304,10
Gujarat,Narmada,601,13
Gujarat,Navsari,336,7
Gujarat,Panchmahals,1124,26
Gujarat,Patan,157,25
Gujarat,Porbandar,167,69
Gujarat,Rajkot,1252,33
Gujarat,Sabarkantha,320,31
Gujarat,Surat,3015,73
Gujarat,Surendra Nagar,613,109
Gujarat,Tapi,292,8
Gujarat,The Dangs,17,3
Gujarat,Vadodara,498,58
Gujarat,Valsad,179,22
Haryana,Ambala,681,25
Haryana,Bhiwani,34,0
Haryana,Faridabad,1068,25
Haryana,Fatehabad,1,0
Haryana,Gurgaon,362,41
Haryana,Hisar,18,0
Haryana,Jhajjar,14,0
Haryana,Jind,57,0
Haryana,Kaithal,7,0
Haryana,Karnal,1788,222
Haryana,Kurukshetra,45,1
Haryana,Mahendragarh,16,0
Haryana,Mewat,2,0
Haryana,Palwal,161,4
Haryana,Panchkula,98,1
Haryana,Panipat,247,2
Haryana,Rewari,85,1
Haryana,Rohtak,418,3
Haryana,Sirsa,33,4
Haryana,Sonipat,385,8
Haryana,Yamuna Nagar,28,0
Himachal Pradesh,Bilaspur,6,0
Himachal Pradesh,Bilaspur ,15,0
Himachal Pradesh,Chamba,1613,29
Himachal Pradesh,Hamirpur,19,0
Himachal Pradesh,Kangra,2207,21
Himachal Pradesh,Kinnaur,2,0
Himachal Pradesh,Kullu,5,0
Himachal Pradesh,Lahul and Spiti,1,0
Himachal Pradesh,Mandi,34,3
Himachal Pradesh,Shimla,1023,35
Himachal Pradesh,Sirmaur,1070,40
Himachal Pradesh,Solan,1377,18
Himachal Pradesh,Una,19,0
Jammu and Kashmir,Anantnag,2,0
Jammu and Kashmir,Doda,4,0
Jammu and Kashmir,Jammu,22,0
Jammu and Kashmir,Kargil,1,0
Jammu and Kashmir,Kathua,9,0
Jammu and Kashmir,Kupwara,1,0
Jammu and Kashmir,Rajouri,4,0
Jammu and Kashmir,Udhampur,2,0
Jharkhand,Bokaro,1526,50
Jharkhand,Chatra,85,0
Jharkhand,Deoghar,110,50
Jharkhand,Dhanbad,850,22
Jharkhand,Dumka,502,62
Jharkhand,East Singhbhum,226,15
Jharkhand,Garhwa,329,2
Jharkhand,Giridih,683,91
Jharkhand,Godda,298,5
Jharkhand,Gumla,611,20
Jharkhand,Hazaribag,192,49
Jharkhand,Hazaribagh,1016,66
Jharkhand,Jamtara,20,0
Jharkhand,Khunti,207,21
Jharkhand,Koderma,204,35
Jharkhand,Latehar,38,1
Jharkhand,Lohardaga,313,8
Jharkhand,Pakaur,4,0
Jharkhand,Pakur,279,12
Jharkhand,Palamau,148,1
Jharkhand,Palamu,798,22
Jharkhand,Ramgarh,1063,24
Jharkhand,Ranchi,1758,56
Jharkhand,Sahebganj,323,1
Jharkhand,Seraikela-Kharsawan,125,4
Jharkhand,Simdega,358,6
Jharkhand,West Singhbhum,201,2
Karnataka,Bagalkot,12,5
Karnataka,Bangalore,1619,42
Karnataka,Bangalore Rural,1,0
Karnataka,Belgaum,14,0
Karnataka,Bellary,94,0
Karnataka,Bidar,2,0
Karnataka,Bijapur,1,0
Karnataka,Bijapur(KAR),26,5
Karnataka,Chamarajanagar,0,1
Karnataka,Chickmagalur,171,0
Karnataka,Chikkaballapur,406,126
Karnataka,Chitradurga,85,2
Karnataka,Dakshina Kannada,4,0
Karnataka,Davangere,5850,235
Karnataka,Dharwad,535,125
Karnataka,Gadag,11,0
Karnataka,Gulbarga,4,0
Karnataka,Hassan,141,2
Karnataka,Haveri,280,2
Karnataka,Kodagu,9,0
Karnataka,Kolar,58,1
Karnataka,Koppal,1,0
Karnataka,Mandya,6,1
Karnataka,Mysore,96,272
Karnataka,Raichur,1,1
Karnataka,Ramanagar,30,0
Karnataka,Shimoga,128,4
Karnataka,Tumkur,5,0
Karnataka,Udupi,2507,1
Karnataka,Uttara Kannada,4,0
Karnataka,Yadgir,2,0
Kerala,Alappuzha,3385,55
Kerala,Ernakulam,9535,5867
Kerala,Idukki,1597,82
Kerala,Kannur,2936,1310
Kerala,Kasaragod,192,1
Kerala,Kasargod,631,28
Kerala,Kollam,2426,69
Kerala,Kottayam,3500,2564
Kerala,Kozhikode,3747,1200
Kerala,Malappuram,3377,30
Kerala,Palakkad,16050,2811
Kerala,Pathanamthitta,1115,483
Kerala,Thiruvananthapuram,3037,598
Kerala,Thrissur,4801,102
Kerala,Wayanad,792,8
Lakshadweep,Lakshadweep,74,0
Madhya Pradesh,Alirajpur,232,0
Madhya Pradesh,Anuppur,57,4
Madhya Pradesh,Ashok Nagar,37,2
Madhya Pradesh,Balaghat,11,1
Madhya Pradesh,Barwani,40,64
Madhya Pradesh,Betul,1018,2
Madhya Pradesh,Bhind,136,1
Madhya Pradesh,Bhopal,1757,154
Madhya Pradesh,Burhanpur,3,0
Madhya Pradesh,Chhatarpur,149,21
Madhya Pradesh,Chhindwara,41,0
Madhya Pradesh,Damoh,1088,65
Madhya Pradesh,Datia,126,7
Madhya Pradesh,Dewas,31,2
Madhya Pradesh,Dhar,1234,81
Madhya Pradesh,Dindori,4,0
Madhya Pradesh,Guna,301,39
Madhya Pradesh,Gwalior,587,99
Madhya Pradesh,Harda,9,0
Madhya Pradesh,Hoshangabad,17,1
Madhya Pradesh,Indore,4605,321
Madhya Pradesh,Jabalpur,6038,191
Madhya Pradesh,Jhabua,117,7
Madhya Pradesh,Katni,232,6
Madhya Pradesh,Khandwa,47,30
Madhya Pradesh,Khargone,1098,44
Madhya Pradesh,Mandla,98,35
Madhya Pradesh,Mandsaur,15,3
Madhya Pradesh,Morena,113,1
Madhya Pradesh,Narsinghpur,9,0
Madhya Pradesh,Neemuch,16,0
Madhya Pradesh,Panna,179,22
Madhya Pradesh,Raisen,300,23
Madhya Pradesh,Rajgarh,459,110
Madhya Pradesh,Ratlam,143,11
Madhya Pradesh,Rewa,372,79
Madhya Pradesh,Sagar,1730,47
Madhya Pradesh,Satna,1076,39
Madhya Pradesh,Sehore,597,42
Madhya Pradesh,Seoni,741,17
Madhya Pradesh,Shahdol,32,2
Madhya Pradesh,Shajapur,22,1
Madhya Pradesh,Sheopur,49,1
Madhya Pradesh,Shivpuri,25,35
Madhya Pradesh,Sidhi,22,0
Madhya Pradesh,Singrauli,18,3
Madhya Pradesh,Tikamgarh,164,0
Madhya Pradesh,Ujjain,1469,121
Madhya Pradesh,Umaria,57,3
Madhya Pradesh,Vidisha,970,114
Maharashtra,Ahmadnagar,59,11
Maharashtra,Ahmed Nagar,345,10
Maharashtra,Akola,236,1
Maharashtra,Amravati,1509,41
Maharashtra,Aurangabad,204,105
Maharashtra,Beed,175,0
Maharashtra,Bhandara,141,5
Maharashtra,Buldhana,194,21
Maharashtra,Chandrapur,291,27
Maharashtra,Dhule,773,23
Maharashtra,Gadchiroli,16,0
Maharashtra,Gondia,100,16
Maharashtra,Gondiya,2,0
Maharashtra,Hingoli,33,0
Maharashtra,Jalgaon,239,14
Maharashtra,Jalna,251,13
Maharashtra,Kolhapur,849,8
Maharashtra,Latur,274,4
Maharashtra,Mumbai,2414,50
Maharashtra,Mumbai City,76,3
Maharashtra,Mumbai( Sub Urban ),6,0
Maharashtra,Nagpur,1389,147
Maharashtra,Nanded,36,0
Maharashtra,Nandurbar,138,1
Maharashtra,Nashik,1851,257
Maharashtra,Osmanabad,105,19
Maharashtra,Parbhani,169,128
Maharashtra,Pune,1675,52
Maharashtra,Raigarh,34,0
Maharashtra,Raigarh(MH),267,0
Maharashtra,Ratnagiri,713,178
Maharashtra,Sangli,532,17
Maharashtra,Satara,183,1
Maharashtra,Sindhudurg,5,1
Maharashtra,Solapur,302,21
Maharashtra,Thane,5768,199
Maharashtra,Wardha,81,0
Maharashtra,Washim,13,0
Maharashtra,Yavatmal,376,13
Manipur,Bishnupur,86,0
Manipur,Chandel,98,0
Manipur,Churachandpur,87,0
Manipur,Imphal East,219,0
Manipur,Imphal West,137,0
Manipur,Senapati,48,0
Manipur,Tamenglong,17,0
Manipur,Thoubal,315,0
Manipur,Ukhrul,40,0
Nagaland,Dimapur,38,11
Nagaland,Kiphire,69,0
Nagaland,Kohima,84,91
Nagaland,Mokokchung,0,16
Nagaland,Mon,15,0
Nagaland,Phek,0,31
Nagaland,Tuensang,113,4
Nagaland,Wokha,39,0
Nagaland,Zunheboto,49,0
Odisha,Balangir,3399,569
Odisha,Baleswar,639,119
Odisha,Balianta,1,0
Odisha,Bargarh,5,0
Odisha,Bhadrak,9,0
Odisha,Cuttack,7339,1056
Odisha,Dhenkanal,9,0
Odisha,Gajapati,1,0
Odisha,Ganjam,77,1
Odisha,Jagatsinghapur,2,0
Odisha,Jajapur,17,1
Odisha,Jharsuguda,1,0
Odisha,Kalahandi,3,0
Odisha,Kandhamal,1,0
Odisha,Kendrapara,8,0
Odisha,Kendujhar,2151,387
Odisha,Khorda,1,0
Odisha,Khordha,9934,198
Odisha,Koraput,4,0
Odisha,Mayurbhanj,9,1
Odisha,Nayagarh,7,0
Odisha,Puri,5,0
Odisha,Rayagada,1,0
Odisha,Sambalpur,1,0
Odisha,Sonapur,8,5
Odisha,Sundergarh,7,0
Others,Others,1,20
Puducherry,Karaikal,51,0
Puducherry,Pondicherry,125,0
Puducherry,Yanam,22,0
Punjab,Amritsar,500,12
Punjab,Barnala,171,1
Punjab,Bathinda,952,57
Punjab,Chandigarh,1,0
Punjab,Faridkot,173,2
Punjab,Fatehgarh Sahib,75,1
Punjab,Fazilka,321,94
Punjab,Ferozepur,424,12
Punjab,Gurdaspur,272,2
Punjab,Hoshiarpur,248,0
Punjab,Jalandhar,1583,59
Punjab,Kapurthala,1449,23
Punjab,Ludhiana,2688,150
Punjab,Mansa,162,0
Punjab,Moga,1091,1
Punjab,Muktsar,136,10
Punjab,Nawanshahr,3,0
Punjab,Pathankot,21,0
Punjab,Patiala,670,42
Punjab,Rupnagar,1247,9
Punjab,SAS Nagar (Mohali),341,3
Punjab,Sangrur,1254,11
Punjab,Shaheed Bhagat Singh Nagar,139,3
Punjab,Sri Muktsar Sahib,400,37
Punjab,Tarn Taran,286,2
Rajasthan,Ajmer,977,7
Rajasthan,Alwar,1112,17
Rajasthan,Banswara,41,1
Rajasthan,Baran,8,8
Rajasthan,Barmer,1589,278
Rajasthan,Bharatpur,200,2
Rajasthan,Bhilwara,131,11
Rajasthan,Bikaner,1065,112
Rajasthan,Bundi,162,12
Rajasthan,Chittorgarh,147,0
Rajasthan,Churu,822,31
Rajasthan,Dausa,569,10
Rajasthan,Dholpur,4,0
Rajasthan,Dungarpur,43,0
Rajasthan,Ganganagar,22,0
Rajasthan,Hanumangarh,715,10
Rajasthan,Jaipur,2331,55
Rajasthan,Jaisalmer,2,0
Rajasthan,Jalor,586,34
Rajasthan,Jhalawar,2,0
Rajasthan,Jhunjhunu,1370,95
Rajasthan,Jhunjhunun,1843,26
Rajasthan,Jodhpur,372,13
Rajasthan,Karauli,40,0
Rajasthan,Kota,147,44
Rajasthan,Nagaur,1334,36
Rajasthan,Pali,485,45
Rajasthan,Pratapgarh,112,2
Rajasthan,Rajsamand,755,10
Rajasthan,Sawai Madhopur,36,1
Rajasthan,Sikar,705,57
Rajasthan,Sirohi,532,42
Rajasthan,Tonk,304,6
Rajasthan,Udaipur,1132,42
Sikkim,East Sikkim,32,0
Tamil Nadu,Ariyalur,95,2
Tamil Nadu,Chennai,8,0
Tamil Nadu,Coimbatore,2,0
Tamil Nadu,Cuddalore,699,308
Tamil Nadu,Dharmapuri,908,1
Tamil Nadu,Dindigul,3,0
Tamil Nadu,Erode,1356,135
Tamil Nadu,Kanchipuram,2,0
Tamil Nadu,Kanniyakumari,2,0
Tamil Nadu,Kanyakumari,1,0
Tamil Nadu,Karur,1264,528
Tamil Nadu,Krishnagiri,1,0
Tamil Nadu,Madurai,5258,6
Tamil Nadu,Nagapattinam,986,1
Tamil Nadu,Namakkal,1,1
Tamil Nadu,Perambalur,177,61
Tamil Nadu,Pudukkottai,302,58
Tamil Nadu,Ramanathapuram,7151,1649
Tamil Nadu,Salem,2165,1293
Tamil Nadu,Thanjavur,1,0
Tamil Nadu,The Nilgiris,2,0
Tamil Nadu,Theni,2,0
Tamil Nadu,Thoothukkudi,6117,4
Tamil Nadu,Tiruchirappalli,270,15
Tamil Nadu,Tirunelveli,6,1
Tamil Nadu,Tiruppur,3,0
Tamil Nadu,Tiruvallur,8,0
Tamil Nadu,Tiruvannamalai,3652,2868
Tamil Nadu,Tuticorin,1,0
Tamil Nadu,Vellore,98,0
Tamil Nadu,Villupuram,2,0
Tamil Nadu,Virudhunagar,278,0
Tripura,Dhalai,11,0
Tripura,North Tripura,115,0
Tripura,South Tripura,112,0
Tripura,West Tripura,76,0
Uttar Pradesh,Agra,17,0
Uttar Pradesh,Aligarh,14,1
Uttar Pradesh,Allahabad,16,0
Uttar Pradesh,Ambedkar Nagar,7,0
Uttar Pradesh,Auraiya,8,1
Uttar Pradesh,Azamgarh,13,0
Uttar Pradesh,Baghpat,10,0
Uttar Pradesh,Bagpat,6,0
Uttar Pradesh,Ballia,22,0
Uttar Pradesh,Balrampur,1,0
Uttar Pradesh,Banda,6,0
Uttar Pradesh,Bareilly,12,0
Uttar Pradesh,Basti,7,0
Uttar Pradesh,Bijnor,8,0
Uttar Pradesh,Budaun,10,0
Uttar Pradesh,Bulandshahar,3,0
Uttar Pradesh,Bulandshahr,20,0
Uttar Pradesh,Chandauli,7,0
Uttar Pradesh,Chitrakoot,4,0
Uttar Pradesh,Deoria,16,1
Uttar Pradesh,Etah,3,0
Uttar Pradesh,Etawah,6,1
Uttar Pradesh,Faizabad,9,0
Uttar Pradesh,Farrukhabad,6,0
Uttar Pradesh,Fatehpur,3,0
Uttar Pradesh,Firozabad,9,0
Uttar Pradesh,Gautam Buddha Nagar,126,0
Uttar Pradesh,Ghaziabad,52,1
Uttar Pradesh,Ghazipur,17,1
Uttar Pradesh,Gonda,10,0
Uttar Pradesh,Gorakhpur,17,0
Uttar Pradesh,Hapur,14,0
Uttar Pradesh,Hardoi,5,0
Uttar Pradesh,Hathras,11,0
Uttar Pradesh,Jalaun,7,0
Uttar Pradesh,Jaunpur,24,0
Uttar Pradesh,Jhansi,12,0
Uttar Pradesh,Jyotiba Phule Nagar,2,0
Uttar Pradesh,Kannauj,3,0
Uttar Pradesh,Kanpur Dehat,6,2
Uttar Pradesh,Kanpur Nagar,23,1
Uttar Pradesh,Kaushambi,1,0
Uttar Pradesh,Kheri,4,0
Uttar Pradesh,Kushinagar,13,0
Uttar Pradesh,Lalitpur,3,0
Uttar Pradesh,Lucknow,17,0
Uttar Pradesh,Maharajganj,5,0
Uttar Pradesh,Mahrajganj,2,0
Uttar Pradesh,Mainpuri,13,0
Uttar Pradesh,Mathura,23,0
Uttar Pradesh,Mau,7,0
Uttar Pradesh,Meerut,19,1
Uttar Pradesh,Mirzapur,16,1
Uttar Pradesh,Moradabad,11,0
Uttar Pradesh,Muzaffarnagar,16,0
Uttar Pradesh,Pilibhit,2,0
Uttar Pradesh,Pratapgarh,18,1
Uttar Pradesh,Rae Bareli,3,0
Uttar Pradesh,Raebareli,6,0
Uttar Pradesh,Rampur,3,0
Uttar Pradesh,Saharanpur,9,0
Uttar Pradesh,Sambhal,1,0
Uttar Pradesh,Sant Kabir Nagar,2,0
Uttar Pradesh,Sant Ravidas Nagar,10,0
Uttar Pradesh,Sant Ravidas Nagar Bhadohi,1,0
Uttar Pradesh,Shahjahanpur,4,0
Uttar Pradesh,Shamli,3,0
Uttar Pradesh,Shrawasti,3,0
Uttar Pradesh,Siddharthnagar,6,1
Uttar Pradesh,Sitapur,1,0
Uttar Pradesh,Sonbhadra,2,0
Uttar Pradesh,Sultanpur,17,0
Uttar Pradesh,Unnao,12,1
Uttar Pradesh,Varanasi,28,0
Uttarakhand,Almora,9,0
Uttarakhand,Bageshwar,4,0
Uttarakhand,Chamoli,6,0
Uttarakhand,Champawat,1,0
Uttarakhand,Dehradun,14,0
Uttarakhand,Hardwar,2,0
Uttarakhand,Haridwar,5,0
Uttarakhand,Nainital,6,0
Uttarakhand,Pauri Garhwal,10,0
Uttarakhand,Pithoragarh,18,0
Uttarakhand,Tehri Garhwal,7,0
Uttarakhand,Udham Singh Nagar,7,0
Uttarakhand,Uttarkashi,1,0
West Bengal,Bally Jagachha,1,0
West Bengal,Bankura,13,0
West Bengal,Barddhaman,439,131
West Bengal,Bardhaman,185,661
West Bengal,Birbhum,21,1
West Bengal,Cooch Behar,939,1
West Bengal,Darjeeling,79,0
West Bengal,East Midnapore,452,8120
West Bengal,Hooghly,5216,855
West Bengal,Howrah,4948,411
West Bengal,Jalpaiguri,452,0
West Bengal,Kolkata,8670,970
West Bengal,Malda,13584,413
West Bengal,Medinipur,401,827
West Bengal,Murshidabad,24391,1838
West Bengal,Nadia,10,0
West Bengal,Naihati Anandabazar,1,0
West Bengal,North 24 Parganas,1922,35
West Bengal,North Dinajpur,4,0
West Bengal,Purulia,9,0
West Bengal,South 24 Parganas,3,0
West Bengal,South Dinajpur,1,0
West Bengal,South Twenty Four Parganas,715,337
West Bengal,West Midnapore,78,326
