State,District,Aadhaar generated,Enrolment Rejected
Andaman and Nicobar Islands,South Andaman,1,0
Andhra Pradesh,Adilabad,5826,90
Andhra Pradesh,Anantapur,5,0
Andhra Pradesh,Chittoor,20,0
Andhra Pradesh,Cuddapah,5,0
Andhra Pradesh,East Godavari,163,6
Andhra Pradesh,Guntur,255,2
Andhra Pradesh,Hyderabad,871,254
Andhra Pradesh,K.V.Rangareddy,1773,62
Andhra Pradesh,Karim Nagar,601,17
Andhra Pradesh,Karimnagar,2,0
Andhra Pradesh,Khammam,1081,21
Andhra Pradesh,Krishna,414,7
Andhra Pradesh,Kurnool,3655,816
Andhra Pradesh,Mahabub Nagar,8935,297
Andhra Pradesh,Mahbubnagar,1092,5
Andhra Pradesh,Medak,872,2
Andhra Pradesh,Nalgonda,1466,65
Andhra Pradesh,Nellore,2040,146
Andhra Pradesh,Nizamabad,620,76
Andhra Pradesh,Prakasam,29,0
Andhra Pradesh,Srikakulam,1400,53
Andhra Pradesh,Visakhapatnam,217,12
Andhra Pradesh,Vizianagaram,337,197
Andhra Pradesh,Warangal,5601,244
Andhra Pradesh,West Godavari,1097,10
Arunachal Pradesh,Tirap,2,0
Assam,Barpeta,1,2
Assam,Bongaigaon,1,0
Assam,Cachar,0,2
Assam,Chirang,0,1
Assam,Darrang,1,0
Assam,Goalpara,0,1
Assam,Golaghat,1,0
Assam,Hailakandi,2,1
Assam,Jorhat,2,0
Assam,Kamrup,6,0
Assam,Karbi Anglong,2,0
Assam,Nagaon,2,2
Assam,Sonitpur,1,0
Assam,Udalguri,2,0
Bihar,Araria,2,0
Bihar,Arwal,9,3
Bihar,Aurangabad,13,1
Bihar,Aurangabad(BH),17,2
Bihar,Banka,14,2
Bihar,Begusarai,10,5
Bihar,Bhagalpur,30,5
Bihar,Bhojpur,35,7
Bihar,Buxar,17,4
Bihar,Darbhanga,16,1
Bihar,East Champaran,13,2
Bihar,Gaya,42,12
Bihar,Gopalganj,17,7
Bihar,Jamui,13,3
Bihar,Jehanabad,12,4
Bihar,Kaimur (Bhabua),1,1
Bihar,Katihar,6,0
Bihar,Khagaria,4,3
Bihar,Kishanganj,1,0
Bihar,Lakhisarai,2,3
Bihar,Madhepura,7,3
Bihar,Madhubani,19,6
Bihar,Munger,14,0
Bihar,Muzaffarpur,8,0
Bihar,Nalanda,23,3
Bihar,Nawada,11,0
Bihar,Patna,43,11
Bihar,Purnia,1,1
Bihar,Rohtas,19,3
Bihar,Saharsa,3,2
Bihar,Samastipur,16,3
Bihar,Saran,49,13
Bihar,Sheikhpura,3,1
Bihar,Sitamarhi,14,3
Bihar,Siwan,24,8
Bihar,Supaul,3,1
Bihar,Vaishali,14,5
Bihar,West Champaran,7,1
Chandigarh,Chandigarh,669,628
Chandigarh,Mohali,2,0
Chhattisgarh,Baloda Bazar,1,0
Chhattisgarh,Bijapur,1,0
Chhattisgarh,Bilaspur,3,0
Chhattisgarh,Dhamtari,3,1
Chhattisgarh,Durg,3,2
Chhattisgarh,Janjgir-champa,3,1
Chhattisgarh,Jashpur,2,0
Chhattisgarh,Korba,3,0
Chhattisgarh,Mahasamund,841,0
Chhattisgarh,Raipur,1,0
Chhattisgarh,Rajnandgaon,1,0
Chhattisgarh,Surguja,3,0
Daman and Diu,Daman,4,1
Daman and Diu,Diu,6,1
Delhi,Central Delhi,341,414
Delhi,East Delhi,3761,3983
Delhi,Najafgarh,14,81
Delhi,New Delhi,7,2
Delhi,North Delhi,666,1059
Delhi,North East,948,3405
Delhi,North East Delhi,7,4
Delhi,North West Delhi,2620,7972
Delhi,South Delhi,4972,5828
Delhi,South West Delhi,219,278
Delhi,West Delhi,47,118
Goa,Bardez,4,0
Goa,Bicholim,2,0
Goa,North Goa,801,20
Goa,Ponda,0,1
Goa,South Goa,430,32
Gujarat,Ahmadabad,8,0
Gujarat,Ahmedabad,3388,134
Gujarat,Amreli,932,1
Gujarat,Anand,128,4
Gujarat,Banaskantha,1851,5
Gujarat,Bharuch,72,1
Gujarat,Bhavnagar,1955,18
Gujarat,Dahod,768,7
Gujarat,Dohad,412,0
Gujarat,Gandhinagar,432,3
Gujarat,Jamnagar,2028,67
Gujarat,Junagadh,2103,13
Gujarat,Kachchh,805,0
Gujarat,Kheda,1698,2
Gujarat,Mahesana,186,0
Gujarat,Narmada,757,33
Gujarat,Navsari,1637,4
Gujarat,Panchmahals,533,5
Gujarat,Patan,22,0
Gujarat,Porbandar,244,22
Gujarat,Rajkot,2920,27
Gujarat,Sabarkantha,476,15
Gujarat,Surat,2682,165
Gujarat,Surendra Nagar,1473,5
Gujarat,Tapi,433,0
Gujarat,The Dangs,96,1
Gujarat,Vadodara,760,55
Gujarat,Valsad,715,1
Haryana,Ambala,442,1211
Haryana,Bhiwani,7,5
Haryana,Faridabad,751,670
Haryana,Gurgaon,120,460
Haryana,Hisar,2,3
Haryana,Jhajjar,2,9
Haryana,Jind,122,12
Haryana,Kaithal,2,2
Haryana,Karnal,504,1462
Haryana,Kurukshetra,48,1
Haryana,Mahendragarh,7,2
Haryana,Mewat,1,0
Haryana,Palwal,66,92
Haryana,Panchkula,72,31
Haryana,Panipat,9,52
Haryana,Rewari,10,15
Haryana,Rohtak,117,161
Haryana,Sirsa,17,7
Haryana,Sonipat,191,444
Haryana,Yamuna Nagar,48,55
Himachal Pradesh,Bilaspur,3,1
Himachal Pradesh,Bilaspur ,9,5
Himachal Pradesh,Chamba,137,557
Himachal Pradesh,Hamirpur,5,8
Himachal Pradesh,Kangra,331,391
Himachal Pradesh,Kinnaur,0,2
Himachal Pradesh,Kullu,2,1
Himachal Pradesh,Mandi,13,13
Himachal Pradesh,Shimla,321,196
Himachal Pradesh,Sirmaur,319,142
Himachal Pradesh,Solan,199,395
Himachal Pradesh,Una,8,11
Jammu and Kashmir,Anantnag,1,0
Jammu and Kashmir,Doda,2,2
Jammu and Kashmir,Jammu,13,4
Jammu and Kashmir,Kargil,0,1
Jammu and Kashmir,Kathua,2,0
Jammu and Kashmir,Kupwara,1,2
Jammu and Kashmir,Poonch,2,0
Jammu and Kashmir,Pulwama,1,0
Jammu and Kashmir,Punch,1,1
Jammu and Kashmir,Rajouri,3,2
Jammu and Kashmir,Udhampur,3,1
Jharkhand,Bokaro,2100,868
Jharkhand,Chatra,574,124
Jharkhand,Deoghar,357,149
Jharkhand,Dhanbad,2235,754
Jharkhand,Dumka,1080,54
Jharkhand,East Singhbhum,390,108
Jharkhand,Garhwa,527,44
Jharkhand,Giridih,43,7
Jharkhand,Godda,1905,936
Jharkhand,Gumla,428,26
Jharkhand,Hazaribag,113,20
Jharkhand,Hazaribagh,1515,472
Jharkhand,Jamtara,16,2
Jharkhand,Khunti,695,215
Jharkhand,Koderma,705,77
Jharkhand,Latehar,17,5
Jharkhand,Lohardaga,518,45
Jharkhand,Pakaur,15,0
Jharkhand,Pakur,889,260
Jharkhand,Palamau,361,140
Jharkhand,Palamu,273,45
Jharkhand,Ramgarh,327,163
Jharkhand,Ranchi,3822,1117
Jharkhand,Sahebganj,284,221
Jharkhand,Seraikela-Kharsawan,201,60
Jharkhand,Simdega,1270,312
Jharkhand,West Singhbhum,129,28
Karnataka,Bagalkot,2,0
Karnataka,Bangalore,1099,613
Karnataka,Bangalore Rural,1,1
Karnataka,Belgaum,10,2
Karnataka,Bellary,95,5
Karnataka,Bidar,2,0
Karnataka,Chickmagalur,11,11
Karnataka,Chikkaballapur,6,1
Karnataka,Chitradurga,28,9
Karnataka,Dakshina Kannada,1,3
Karnataka,Davangere,123,8
Karnataka,Dharwad,17,2
Karnataka,Gadag,0,1
Karnataka,Gulbarga,2,1
Karnataka,Hassan,67,75
Karnataka,Haveri,1,0
Karnataka,Kolar,14,1
Karnataka,Mandya,2,2
Karnataka,Mysore,1,1
Karnataka,Raichur,2,1
Karnataka,Ramanagar,54,49
Karnataka,Shimoga,2,6
Karnataka,Tumkur,2,0
Karnataka,Udupi,158,19
Karnataka,Uttara Kannada,6,0
Kerala,Alappuzha,1391,1455
Kerala,Ernakulam,19384,13310
Kerala,Idukki,735,725
Kerala,Kannur,4668,6036
Kerala,Kasaragod,405,440
Kerala,Kasargod,968,374
Kerala,Kollam,2352,4254
Kerala,Kottayam,8921,760
Kerala,Kozhikode,3478,2700
Kerala,Malappuram,1285,1343
Kerala,Neyyattinkara,1,0
Kerala,Palakkad,1732,3868
Kerala,Pathanamthitta,772,593
Kerala,Thiruvananthapuram,3003,3323
Kerala,Thrissur,9661,13783
Kerala,Wayanad,86,145
Lakshadweep,Lakshadweep,1,0
Madhya Pradesh,Alirajpur,11,12
Madhya Pradesh,Anuppur,191,17
Madhya Pradesh,Ashok Nagar,2,2
Madhya Pradesh,Balaghat,9,2
Madhya Pradesh,Barwani,35,17
Madhya Pradesh,Betul,578,98
Madhya Pradesh,Bhind,293,192
Madhya Pradesh,Bhopal,1315,1196
Madhya Pradesh,Burhanpur,1,2
Madhya Pradesh,Chhatarpur,192,215
Madhya Pradesh,Chhindwara,213,52
Madhya Pradesh,Damoh,640,352
Madhya Pradesh,Datia,41,92
Madhya Pradesh,Dewas,17,10
Madhya Pradesh,Dhar,848,2222
Madhya Pradesh,Dindori,6,4
Madhya Pradesh,Guna,1157,1088
Madhya Pradesh,Gwalior,610,170
Madhya Pradesh,Hoshangabad,10,2
Madhya Pradesh,Indore,2746,3449
Madhya Pradesh,Jabalpur,2284,3232
Madhya Pradesh,Jhabua,159,3
Madhya Pradesh,Katni,259,42
Madhya Pradesh,Khandwa,24,7
Madhya Pradesh,Khargone,644,848
Madhya Pradesh,Mandla,360,61
Madhya Pradesh,Mandsaur,2,0
Madhya Pradesh,Morena,124,41
Madhya Pradesh,Narsinghpur,7,5
Madhya Pradesh,Neemuch,1,1
Madhya Pradesh,Panna,484,365
Madhya Pradesh,Raisen,389,516
Madhya Pradesh,Rajgarh,722,410
Madhya Pradesh,Ratlam,204,52
Madhya Pradesh,Rewa,301,75
Madhya Pradesh,Sagar,949,1427
Madhya Pradesh,Satna,3136,604
Madhya Pradesh,Sehore,546,429
Madhya Pradesh,Seoni,262,8
Madhya Pradesh,Shahdol,59,17
Madhya Pradesh,Shajapur,5,1
Madhya Pradesh,Sheopur,35,20
Madhya Pradesh,Shivpuri,16,4
Madhya Pradesh,Sidhi,30,21
Madhya Pradesh,Singrauli,40,19
Madhya Pradesh,Tikamgarh,17,2
Madhya Pradesh,Ujjain,936,464
Madhya Pradesh,Umaria,39,3
Madhya Pradesh,Vidisha,523,594
Maharashtra,Ahmadnagar,501,1
Maharashtra,Ahmed Nagar,307,0
Maharashtra,Akola,678,0
Maharashtra,Amravati,2267,13
Maharashtra,Aurangabad,1583,50
Maharashtra,Beed,369,1
Maharashtra,Bhandara,902,0
Maharashtra,Buldhana,1540,1
Maharashtra,Chandrapur,1224,1
Maharashtra,Dhule,1060,0
Maharashtra,Gadchiroli,31,0
Maharashtra,Gondia,503,0
Maharashtra,Gondiya,1,0
Maharashtra,Hingoli,204,0
Maharashtra,Jalgaon,2050,9
Maharashtra,Jalna,608,6
Maharashtra,Kolhapur,962,3
Maharashtra,Latur,874,4
Maharashtra,Mumbai,3914,22
Maharashtra,Mumbai City,53,0
Maharashtra,Mumbai( Sub Urban ),5,0
Maharashtra,Nagpur,808,6
Maharashtra,Nanded,28,0
Maharashtra,Nandurbar,199,0
Maharashtra,Nashik,651,101
Maharashtra,Osmanabad,70,0
Maharashtra,Parbhani,198,0
Maharashtra,Pune,2543,18
Maharashtra,Raigarh,36,0
Maharashtra,Raigarh(MH),172,4
Maharashtra,Ratnagiri,1635,16
Maharashtra,Sangli,586,0
Maharashtra,Satara,710,39
Maharashtra,Sindhudurg,9,0
Maharashtra,Solapur,223,1
Maharashtra,Thane,9667,38
Maharashtra,Wardha,367,0
Maharashtra,Washim,18,0
Maharashtra,Yavatmal,4,0
Manipur,Bishnupur,47,3
Manipur,Churachandpur,1,0
Manipur,Imphal East,3,0
Manipur,Imphal West,10,0
Manipur,Senapati,53,13
Manipur,Tamenglong,1,0
Manipur,Thoubal,939,24
Manipur,Ukhrul,10,31
Meghalaya,East Khasi Hills,1,0
Mizoram,Aizawl,1,2
Nagaland,Dimapur,0,1
Nagaland,Kohima,66,347
Nagaland,Mon,3,61
Nagaland,Phek,2,11
Nagaland,Tuensang,142,505
Odisha,Angul,1,0
Odisha,Balangir,1410,544
Odisha,Baleswar,7,0
Odisha,Bargarh,5,0
Odisha,Bhadrak,4,0
Odisha,Cuttack,18010,2784
Odisha,Dhenkanal,8,0
Odisha,Gajapati,1,1
Odisha,Ganjam,230,9
Odisha,Jagatsinghapur,5,0
Odisha,Jajapur,13,0
Odisha,Jharsuguda,1,0
Odisha,Kalahandi,2,0
Odisha,Kendrapara,10,1
Odisha,Kendujhar,3,0
Odisha,Khorda,4,0
Odisha,Khordha,3965,1781
Odisha,Koraput,429,17
Odisha,Mayurbhanj,9,0
Odisha,Nabarangapur,1,0
Odisha,Nayagarh,2,0
Odisha,Nuapada,1,0
Odisha,Puri,5,0
Odisha,Rayagada,125,1
Odisha,Sonapur,1037,49
Odisha,Sundergarh,5,2
Others,Others,0,148
Punjab,Amritsar,118,16
Punjab,Barnala,12,1
Punjab,Bathinda,762,358
Punjab,Chandigarh,3,2
Punjab,Faridkot,26,3
Punjab,Fatehgarh Sahib,1,2
Punjab,Fazilka,107,127
Punjab,Ferozepur,128,62
Punjab,Gurdaspur,47,58
Punjab,Hoshiarpur,30,28
Punjab,Jalandhar,611,107
Punjab,Kapurthala,279,99
Punjab,Ludhiana,1029,416
Punjab,Mansa,10,3
Punjab,Moga,158,19
Punjab,Muktsar,109,3
Punjab,Nawanshahr,1,1
Punjab,Pathankot,10,17
Punjab,Patiala,848,24
Punjab,Rupnagar,318,6
Punjab,SAS Nagar (Mohali),94,31
Punjab,Sangrur,385,195
Punjab,Shaheed Bhagat Singh Nagar,165,10
Punjab,Sri Muktsar Sahib,384,43
Punjab,Tarn Taran,40,3
Rajasthan,Ajmer,788,1028
Rajasthan,Alwar,1336,1358
Rajasthan,Baran,4,0
Rajasthan,Barmer,397,1944
Rajasthan,Bharatpur,52,62
Rajasthan,Bhilwara,287,131
Rajasthan,Bikaner,467,852
Rajasthan,Bundi,238,126
Rajasthan,Chittorgarh,395,87
Rajasthan,Churu,831,1758
Rajasthan,Dausa,1900,822
Rajasthan,Dholpur,3,0
Rajasthan,Dungarpur,6,0
Rajasthan,Ganganagar,158,107
Rajasthan,Hanumangarh,164,169
Rajasthan,Jaipur,2604,1297
Rajasthan,Jaisalmer,4,0
Rajasthan,Jalor,723,2078
Rajasthan,Jhalawar,5,0
Rajasthan,Jhunjhunu,309,862
Rajasthan,Jhunjhunun,965,806
Rajasthan,Jodhpur,179,272
Rajasthan,Karauli,27,12
Rajasthan,Kota,94,56
Rajasthan,Nagaur,213,363
Rajasthan,Pali,73,67
Rajasthan,Pratapgarh,10,9
Rajasthan,Rajsamand,191,233
Rajasthan,Sawai Madhopur,16,2
Rajasthan,Sikar,987,1112
Rajasthan,Sirohi,556,1239
Rajasthan,Tonk,1465,752
Rajasthan,Udaipur,1028,3191
Tamil Nadu,Ariyalur,2,3
Tamil Nadu,Chennai,2,1
Tamil Nadu,Coimbatore,0,1
Tamil Nadu,Cuddalore,386,1
Tamil Nadu,Dharmapuri,2,15
Tamil Nadu,Dindigul,2,2
Tamil Nadu,Erode,1754,6011
Tamil Nadu,Kanchipuram,1,1
Tamil Nadu,Kanniyakumari,0,2
Tamil Nadu,Kanyakumari,2,2
Tamil Nadu,Karur,5046,287
Tamil Nadu,Krishnagiri,1,0
Tamil Nadu,Madurai,491,198
Tamil Nadu,Nagapattinam,1,0
Tamil Nadu,Namakkal,6,0
Tamil Nadu,Nilgiris,2,0
Tamil Nadu,Perambalur,377,2628
Tamil Nadu,Ramanathapuram,8,0
Tamil Nadu,Salem,13025,104
Tamil Nadu,Sivaganga,2,3
Tamil Nadu,Thanjavur,1,1
Tamil Nadu,The Nilgiris,3,0
Tamil Nadu,Theni,1,1
Tamil Nadu,Thoothukkudi,1,1
Tamil Nadu,Tiruchirappalli,441,39
Tamil Nadu,Tirunelveli,1,0
Tamil Nadu,Tiruvallur,1,0
Tamil Nadu,Tiruvannamalai,6092,14964
Tamil Nadu,Tiruvarur,1,0
Tamil Nadu,Tuticorin,2,0
Tamil Nadu,Vellore,16,3
Tamil Nadu,Virudhunagar,1,0
Tripura,Dhalai,1,0
Tripura,Khowai,0,1
Tripura,North Tripura,2,0
Tripura,Sepahijala,1,0
Tripura,South Tripura,3,0
Tripura,West Tripura,2,0
Uttar Pradesh,Agra,8,1
Uttar Pradesh,Aligarh,10,2
Uttar Pradesh,Allahabad,16,6
Uttar Pradesh,Ambedkar Nagar,7,3
Uttar Pradesh,Auraiya,6,2
Uttar Pradesh,Azamgarh,16,7
Uttar Pradesh,Baghpat,4,2
Uttar Pradesh,Bagpat,2,2
Uttar Pradesh,Ballia,25,16
Uttar Pradesh,Balrampur,2,0
Uttar Pradesh,Banda,2,5
Uttar Pradesh,Barabanki,1,1
Uttar Pradesh,Bareilly,1,4
Uttar Pradesh,Basti,8,1
Uttar Pradesh,Bijnor,6,1
Uttar Pradesh,Budaun,9,18
Uttar Pradesh,Bulandshahar,2,0
Uttar Pradesh,Bulandshahr,11,4
Uttar Pradesh,Chandauli,7,1
Uttar Pradesh,Chitrakoot,1,1
Uttar Pradesh,Deoria,12,9
Uttar Pradesh,Etah,6,5
Uttar Pradesh,Etawah,5,0
Uttar Pradesh,Faizabad,5,5
Uttar Pradesh,Farrukhabad,4,0
Uttar Pradesh,Fatehpur,2,1
Uttar Pradesh,Firozabad,5,3
Uttar Pradesh,Gautam Buddha Nagar,12,3
Uttar Pradesh,Ghaziabad,5,3
Uttar Pradesh,Ghazipur,26,15
Uttar Pradesh,Gonda,7,8
Uttar Pradesh,Gorakhpur,7,6
Uttar Pradesh,Hamirpur,3,1
Uttar Pradesh,Hapur,6,4
Uttar Pradesh,Hardoi,2,4
Uttar Pradesh,Hathras,4,1
Uttar Pradesh,Jalaun,4,0
Uttar Pradesh,Jaunpur,22,9
Uttar Pradesh,Jhansi,4,2
Uttar Pradesh,Jyotiba Phule Nagar,1,3
Uttar Pradesh,Kannauj,1,1
Uttar Pradesh,Kanpur Dehat,1,4
Uttar Pradesh,Kanpur Nagar,7,3
Uttar Pradesh,Kasganj,1,1
Uttar Pradesh,Kaushambi,8,0
Uttar Pradesh,Kheri,1,1
Uttar Pradesh,Kushinagar,7,10
Uttar Pradesh,Lalitpur,1,1
Uttar Pradesh,Lucknow,8,4
Uttar Pradesh,Maharajganj,0,1
Uttar Pradesh,Mahoba,2,1
Uttar Pradesh,Mahrajganj,0,1
Uttar Pradesh,Mainpuri,6,1
Uttar Pradesh,Mathura,5,1
Uttar Pradesh,Mau,10,6
Uttar Pradesh,Meerut,5,5
Uttar Pradesh,Mirzapur,10,1
Uttar Pradesh,Moradabad,5,8
Uttar Pradesh,Muzaffarnagar,10,3
Uttar Pradesh,Pilibhit,2,0
Uttar Pradesh,Pratapgarh,11,4
Uttar Pradesh,Rae Bareli,1,0
Uttar Pradesh,Raebareli,3,2
Uttar Pradesh,Rampur,1,4
Uttar Pradesh,Saharanpur,3,4
Uttar Pradesh,Sambhal,1,0
Uttar Pradesh,Sant Kabir Nagar,2,1
Uttar Pradesh,Sant Ravidas Nagar,5,2
Uttar Pradesh,Sant Ravidas Nagar Bhadohi,1,0
Uttar Pradesh,Shahjahanpur,1,2
Uttar Pradesh,Siddharthnagar,8,1
Uttar Pradesh,Sonbhadra,0,2
Uttar Pradesh,Sultanpur,11,6
Uttar Pradesh,Unnao,6,8
Uttar Pradesh,Varanasi,10,8
Uttarakhand,Almora,11,6
Uttarakhand,Bageshwar,1,1
Uttarakhand,Chamoli,2,2
Uttarakhand,Champawat,2,2
Uttarakhand,Dehradun,8,3
Uttarakhand,Haridwar,4,0
Uttarakhand,Nainital,3,2
Uttarakhand,Pauri Garhwal,5,3
Uttarakhand,Pithoragarh,9,1
Uttarakhand,Rudraprayag,3,1
Uttarakhand,Tehri Garhwal,5,2
Uttarakhand,Udham Singh Nagar,4,1
Uttarakhand,Uttarkashi,2,0
West Bengal,Bankura,10,6
West Bengal,Barddhaman,5,1
West Bengal,Bardhaman,26,5
West Bengal,Birbhum,16,2
West Bengal,Cooch Behar,2525,221
West Bengal,Darjeeling,136,4
West Bengal,Domjur,8,1
West Bengal,East Midnapore,9,1
West Bengal,Hooghly,7635,1884
West Bengal,Howrah,13236,1448
West Bengal,Jalpaiguri,2830,583
West Bengal,Kolkata,20727,3711
West Bengal,Malda,8590,1988
West Bengal,Medinipur,13,2
West Bengal,Murshidabad,5793,279
West Bengal,Nadia,10,0
West Bengal,North 24 Parganas,124,16
West Bengal,North Dinajpur,0,1
West Bengal,Purulia,10,0
West Bengal,South 24 Parganas,7,0
West Bengal,South Twenty Four Parganas,2865,293
West Bengal,West Midnapore,9,3
