State,District,Aadhaar generated,Enrolment Rejected
Andhra Pradesh,Adilabad,845,47
Andhra Pradesh,Anantapur,1,0
Andhra Pradesh,Ananthapur,2,0
Andhra Pradesh,Chittoor,5,5
Andhra Pradesh,Cuddapah,2,0
Andhra Pradesh,East Godavari,558,19
Andhra Pradesh,Guntur,1415,31
Andhra Pradesh,Hyderabad,465,60
Andhra Pradesh,K.V.Rangareddy,1438,207
Andhra Pradesh,Karim Nagar,538,9
Andhra Pradesh,Karimnagar,2,0
Andhra Pradesh,Khammam,1112,41
Andhra Pradesh,Krishna,504,18
Andhra Pradesh,Kurnool,4408,1011
Andhra Pradesh,Mahabub Nagar,4931,903
Andhra Pradesh,Mahbubnagar,106,145
Andhra Pradesh,Medak,374,36
Andhra Pradesh,Nalgonda,645,543
Andhra Pradesh,Nellore,644,511
Andhra Pradesh,Nizamabad,642,54
Andhra Pradesh,Prakasam,16,2
Andhra Pradesh,Srikakulam,1332,48
Andhra Pradesh,Visakhapatnam,269,6
Andhra Pradesh,Vizianagaram,274,60
Andhra Pradesh,Warangal,909,16
Andhra Pradesh,West Godavari,720,17
Assam,Baksa,1,0
Assam,Barpeta,0,1
Assam,Bongaigaon,1,0
Assam,Cachar,0,1
Assam,Darrang,1,0
Assam,Dibrugarh,1,0
Assam,Jorhat,1,0
Assam,Kamrup,2,0
Assam,Karimganj,1,0
Assam,Lakhimpur,1,0
Assam,Nalbari,1,0
Assam,Sibsagar,1,0
Bihar,Araria,2,1
Bihar,Arwal,2,0
Bihar,Aurangabad,6,0
Bihar,Aurangabad(BH),10,1
Bihar,Banka,7,2
Bihar,Begusarai,4,2
Bihar,Bhabua,2,0
Bihar,Bhagalpur,17,0
Bihar,Bhojpur,18,3
Bihar,Buxar,8,2
Bihar,Darbhanga,24,2
Bihar,East Champaran,23,2
Bihar,Gaya,13,2
Bihar,Gopalganj,12,4
Bihar,Jamui,7,0
Bihar,Jehanabad,7,4
Bihar,Kaimur (Bhabua),6,1
Bihar,Katihar,4,0
Bihar,Khagaria,8,2
Bihar,Kishanganj,3,2
Bihar,Lakhisarai,3,0
Bihar,Madhepura,3,2
Bihar,Madhubani,23,1
Bihar,Munger,9,2
Bihar,Muzaffarpur,2,4
Bihar,Nalanda,14,2
Bihar,Nawada,4,3
Bihar,Patna,18,6
Bihar,Purnia,1,0
Bihar,Rohtas,18,1
Bihar,Saharsa,1,1
Bihar,Samastipur,16,1
Bihar,Saran,20,8
Bihar,Sheikhpura,1,0
Bihar,Sheohar,1,1
Bihar,Sitamarhi,11,1
Bihar,Siwan,21,5
Bihar,Supaul,5,0
Bihar,Vaishali,15,3
Bihar,West Champaran,1,1
Chandigarh,Chandigarh,798,1304
Chandigarh,Mohali,1,2
Chhattisgarh,Bastar,1,0
Chhattisgarh,Bilaspur,1,0
Chhattisgarh,Dantewada,1,0
Chhattisgarh,Durg,1,0
Chhattisgarh,Janjgir-champa,3,0
Chhattisgarh,Korba,2,0
Chhattisgarh,Koriya,1,0
Chhattisgarh,Mahasamund,184,22
Chhattisgarh,Mungeli ,1,0
Chhattisgarh,Raigarh,1,0
Chhattisgarh,Rajnandgaon,2,0
Chhattisgarh,Surajpur ,0,1
Chhattisgarh,Surguja,1,0
Daman and Diu,Daman,2,1
Daman and Diu,Diu,4,0
Delhi,Central Delhi,117,266
Delhi,East Delhi,1335,3644
Delhi,Najafgarh,31,237
Delhi,New Delhi,1,3
Delhi,North Delhi,235,1141
Delhi,North East,435,4118
Delhi,North East Delhi,3,4
Delhi,North West Delhi,1157,5977
Delhi,South Delhi,3130,6441
Delhi,South West Delhi,300,477
Delhi,West Delhi,31,31
Goa,Bardez,115,4
Goa,Bicholim,6,0
Goa,North Goa,998,11
Goa,South Goa,693,23
Gujarat,Ahmadabad,4,0
Gujarat,Ahmedabad,888,28
Gujarat,Amreli,214,0
Gujarat,Anand,107,3
Gujarat,Banaskantha,675,1
Gujarat,Bharuch,61,1
Gujarat,Bhavnagar,585,5
Gujarat,Dahod,557,2
Gujarat,Dohad,96,0
Gujarat,Gandhinagar,210,4
Gujarat,Jamnagar,1360,5
Gujarat,Junagadh,885,26
Gujarat,Kachchh,55,0
Gujarat,Kheda,473,1
Gujarat,Mahesana,70,0
Gujarat,Narmada,586,6
Gujarat,Navsari,629,9
Gujarat,Panchmahals,527,71
Gujarat,Patan,69,1
Gujarat,Porbandar,722,66
Gujarat,Rajkot,791,12
Gujarat,Sabarkantha,88,1
Gujarat,Surat,1278,25
Gujarat,Surendra Nagar,739,6
Gujarat,Tapi,223,0
Gujarat,The Dangs,8,1
Gujarat,Vadodara,328,7
Gujarat,Valsad,152,0
Haryana,Ambala,433,507
Haryana,Bhiwani,16,44
Haryana,Faridabad,216,112
Haryana,Gurgaon,99,198
Haryana,Hisar,4,3
Haryana,Jhajjar,2,2
Haryana,Jind,9,34
Haryana,Kaithal,0,2
Haryana,Karnal,1196,2603
Haryana,Kurukshetra,12,15
Haryana,Mahendragarh,12,15
Haryana,Mewat,0,1
Haryana,Palwal,20,85
Haryana,Panchkula,102,64
Haryana,Panipat,28,16
Haryana,Rewari,15,17
Haryana,Rohtak,152,188
Haryana,Sirsa,9,59
Haryana,Sonipat,81,233
Haryana,Yamuna Nagar,41,8
Himachal Pradesh,Bilaspur,1,0
Himachal Pradesh,Bilaspur ,6,3
Himachal Pradesh,Chamba,306,159
Himachal Pradesh,Hamirpur,11,8
Himachal Pradesh,Kangra,510,581
Himachal Pradesh,Kinnaur,1,0
Himachal Pradesh,Kullu,3,1
Himachal Pradesh,Lahul and Spiti,0,1
Himachal Pradesh,Mandi,7,9
Himachal Pradesh,Shimla,470,415
Himachal Pradesh,Sirmaur,214,225
Himachal Pradesh,Solan,310,502
Himachal Pradesh,Una,0,1
Jammu and Kashmir,Anantnag,1,0
Jammu and Kashmir,Doda,3,0
Jammu and Kashmir,Jammu,4,0
Jammu and Kashmir,Kathua,2,1
Jammu and Kashmir,Punch,1,0
Jammu and Kashmir,Srinagar,1,0
Jammu and Kashmir,Udhampur,1,0
Jharkhand,Bokaro,1181,416
Jharkhand,Chatra,183,54
Jharkhand,Deoghar,790,104
Jharkhand,Dhanbad,859,128
Jharkhand,Dumka,296,151
Jharkhand,East Singhbhum,293,120
Jharkhand,Garhwa,479,187
Jharkhand,Giridih,56,14
Jharkhand,Godda,2042,912
Jharkhand,Gumla,263,97
Jharkhand,Hazaribag,66,31
Jharkhand,Hazaribagh,1302,415
Jharkhand,Jamtara,46,28
Jharkhand,Khunti,256,86
Jharkhand,Kodarma,0,1
Jharkhand,Koderma,1079,115
Jharkhand,Latehar,6,1
Jharkhand,Lohardaga,114,4
Jharkhand,Pakaur,1,0
Jharkhand,Pakur,2183,168
Jharkhand,Palamau,111,21
Jharkhand,Palamu,259,36
Jharkhand,Ramgarh,226,112
Jharkhand,Ranchi,2108,247
Jharkhand,Sahebganj,2164,389
Jharkhand,Seraikela-Kharsawan,100,16
Jharkhand,Simdega,609,142
Jharkhand,West Singhbhum,107,38
Karnataka,Bagalkot,25,0
Karnataka,Bangalore,1679,1688
Karnataka,Bangalore Rural,4,4
Karnataka,Belgaum,44,1
Karnataka,Bellary,140,205
Karnataka,Bidar,3,8
Karnataka,Bijapur,1,0
Karnataka,Bijapur(KAR),89,0
Karnataka,Chamarajanagar,0,1
Karnataka,Chickmagalur,152,197
Karnataka,Chikkaballapur,150,255
Karnataka,Chitradurga,20,54
Karnataka,Dakshina Kannada,1,0
Karnataka,Davangere,141,262
Karnataka,Dharwad,57,4
Karnataka,Gadag,1,0
Karnataka,Gulbarga,0,1
Karnataka,Hassan,198,344
Karnataka,Haveri,59,1
Karnataka,Kodagu,41,29
Karnataka,Kolar,163,184
Karnataka,Koppal,2,0
Karnataka,Mandya,4,1
Karnataka,Mysore,3,2
Karnataka,Raichur,4,1
Karnataka,Ramanagar,183,180
Karnataka,Shimoga,14,24
Karnataka,Tumkur,2,4
Karnataka,Udupi,77,282
Karnataka,Uttara Kannada,2,0
Karnataka,Yadgir,1,1
Kerala,Alappuzha,1935,452
Kerala,Ernakulam,7714,6478
Kerala,Idukki,292,301
Kerala,Kannur,3565,1249
Kerala,Kasaragod,291,236
Kerala,Kasargod,817,567
Kerala,Kollam,3006,5314
Kerala,Kottayam,1061,1054
Kerala,Kozhikode,1210,2774
Kerala,Malappuram,862,1156
Kerala,Palakkad,4221,3757
Kerala,Pathanamthitta,852,1232
Kerala,Thiruvananthapuram,771,841
Kerala,Thrissur,9758,6737
Kerala,Wayanad,110,223
Madhya Pradesh,Alirajpur,3,0
Madhya Pradesh,Anuppur,161,11
Madhya Pradesh,Ashok Nagar,8,8
Madhya Pradesh,Balaghat,10,4
Madhya Pradesh,Barwani,16,3
Madhya Pradesh,Betul,358,54
Madhya Pradesh,Bhind,227,152
Madhya Pradesh,Bhopal,1385,754
Madhya Pradesh,Burhanpur,0,1
Madhya Pradesh,Chhatarpur,179,152
Madhya Pradesh,Chhindwara,156,27
Madhya Pradesh,Damoh,959,429
Madhya Pradesh,Datia,53,108
Madhya Pradesh,Dewas,1,1
Madhya Pradesh,Dhar,480,282
Madhya Pradesh,Dindori,3,0
Madhya Pradesh,Guna,962,1424
Madhya Pradesh,Gwalior,411,117
Madhya Pradesh,Harda,2,1
Madhya Pradesh,Hoshangabad,2,1
Madhya Pradesh,Indore,1327,788
Madhya Pradesh,Jabalpur,2143,3221
Madhya Pradesh,Jhabua,8,34
Madhya Pradesh,Katni,191,57
Madhya Pradesh,Khandwa,9,1
Madhya Pradesh,Khargone,177,511
Madhya Pradesh,Mandla,76,20
Madhya Pradesh,Mandsaur,1,1
Madhya Pradesh,Morena,239,48
Madhya Pradesh,Narsinghpur,2,2
Madhya Pradesh,Panna,174,57
Madhya Pradesh,Raisen,257,208
Madhya Pradesh,Rajgarh,383,155
Madhya Pradesh,Ratlam,46,2
Madhya Pradesh,Rewa,728,49
Madhya Pradesh,Sagar,501,779
Madhya Pradesh,Satna,880,204
Madhya Pradesh,Sehore,363,351
Madhya Pradesh,Seoni,142,121
Madhya Pradesh,Shahdol,65,6
Madhya Pradesh,Shajapur,1,3
Madhya Pradesh,Sheopur,13,11
Madhya Pradesh,Shivpuri,28,5
Madhya Pradesh,Sidhi,23,7
Madhya Pradesh,Singrauli,23,12
Madhya Pradesh,Tikamgarh,7,6
Madhya Pradesh,Ujjain,680,363
Madhya Pradesh,Umaria,13,0
Madhya Pradesh,Vidisha,525,1101
Maharashtra,Ahmadnagar,217,4
Maharashtra,Ahmed Nagar,123,0
Maharashtra,Akola,678,0
Maharashtra,Amravati,2241,9
Maharashtra,Aurangabad,1990,15
Maharashtra,Beed,28,0
Maharashtra,Bhandara,599,17
Maharashtra,Buldhana,127,0
Maharashtra,Chandrapur,883,1
Maharashtra,Dhule,879,4
Maharashtra,Gadchiroli,464,0
Maharashtra,Gondia,51,3
Maharashtra,Hingoli,275,0
Maharashtra,Jalgaon,921,3
Maharashtra,Jalna,325,7
Maharashtra,Kolhapur,466,1
Maharashtra,Latur,350,2
Maharashtra,Mumbai,3668,68
Maharashtra,Mumbai City,67,4
Maharashtra,Mumbai( Sub Urban ),4,0
Maharashtra,Nagpur,1717,74
Maharashtra,Nanded,30,0
Maharashtra,Nandurbar,106,1
Maharashtra,Nashik,2128,148
Maharashtra,Osmanabad,26,0
Maharashtra,Parbhani,354,0
Maharashtra,Pune,1449,21
Maharashtra,Raigarh,49,0
Maharashtra,Raigarh(MH),2289,5
Maharashtra,Ratnagiri,403,70
Maharashtra,Sangli,507,0
Maharashtra,Satara,1099,19
Maharashtra,Sindhudurg,10,0
Maharashtra,Solapur,216,1
Maharashtra,Thane,8641,206
Maharashtra,Wardha,202,1
Maharashtra,Washim,377,0
Maharashtra,Yavatmal,15,0
Manipur,Bishnupur,4,0
Manipur,Chandel,1,0
Manipur,Imphal West,1,0
Manipur,Senapati,4,0
Manipur,Thoubal,10,0
Manipur,Ukhrul,1,0
Mizoram,Aizawl,1,0
Nagaland,Dimapur,0,1
Nagaland,Kiphire,0,1
Nagaland,Kohima,25,129
Nagaland,Mokokchung,0,1
Nagaland,Mon,2,1
Nagaland,Phek,28,22
Nagaland,Tuensang,173,470
Odisha,Angul,1,0
Odisha,Balangir,1940,412
Odisha,Baleswar,18,0
Odisha,Bargarh,878,215
Odisha,Bhadrak,5,0
Odisha,Cuttack,9261,2507
Odisha,Dhenkanal,1,0
Odisha,Gajapati,3,0
Odisha,Ganjam,535,2
Odisha,Jagatsinghapur,1,0
Odisha,Jajapur,3,1
Odisha,Jharsuguda,1,0
Odisha,Kalahandi,0,1
Odisha,Kandhamal,15,7
Odisha,Kendrapara,10,1
Odisha,Kendujhar,11,0
Odisha,Khorda,2,0
Odisha,Khordha,697,112
Odisha,Koraput,1751,53
Odisha,Mayurbhanj,2,0
Odisha,Nayagarh,1,0
Odisha,Puri,6,0
Odisha,Rayagada,555,80
Odisha,Sambalpur,1,0
Odisha,Sonapur,2283,67
Odisha,Sundergarh,3,0
Others,Others,0,85
Puducherry,Pondicherry,0,1
Puducherry,Yanam,1,0
Punjab,Amritsar,50,4
Punjab,Barnala,105,10
Punjab,Bathinda,1036,281
Punjab,Chandigarh,1,2
Punjab,Faridkot,102,3
Punjab,Fatehgarh Sahib,15,8
Punjab,Fazilka,473,337
Punjab,Ferozepur,358,74
Punjab,Gurdaspur,177,15
Punjab,Hoshiarpur,40,14
Punjab,Jalandhar,985,916
Punjab,Kapurthala,249,70
Punjab,Ludhiana,1700,480
Punjab,Mansa,83,2
Punjab,Moga,563,123
Punjab,Muktsar,136,17
Punjab,Nawanshahr,1,0
Punjab,Pathankot,5,2
Punjab,Patiala,173,57
Punjab,Rupnagar,287,79
Punjab,SAS Nagar (Mohali),135,453
Punjab,Sangrur,840,41
Punjab,Shaheed Bhagat Singh Nagar,78,65
Punjab,Sri Muktsar Sahib,673,53
Punjab,Tarn Taran,78,4
Rajasthan,Ajmer,530,361
Rajasthan,Alwar,533,371
Rajasthan,Banswara,3,2
Rajasthan,Baran,1,0
Rajasthan,Barmer,568,1926
Rajasthan,Bharatpur,115,112
Rajasthan,Bhilwara,62,90
Rajasthan,Bikaner,182,279
Rajasthan,Bundi,204,29
Rajasthan,Chittorgarh,560,94
Rajasthan,Churu,576,603
Rajasthan,Dausa,733,208
Rajasthan,Dholpur,1,0
Rajasthan,Dungarpur,8,4
Rajasthan,Ganganagar,47,15
Rajasthan,Hanumangarh,315,154
Rajasthan,Jaipur,2170,531
Rajasthan,Jaisalmer,1,0
Rajasthan,Jalor,444,1691
Rajasthan,Jhunjhunu,250,528
Rajasthan,Jhunjhunun,770,438
Rajasthan,Jodhpur,329,136
Rajasthan,Karauli,10,0
Rajasthan,Kota,37,15
Rajasthan,Nagaur,283,254
Rajasthan,Pali,116,127
Rajasthan,Pratapgarh,5,2
Rajasthan,Rajsamand,242,425
Rajasthan,Sawai Madhopur,8,0
Rajasthan,Sikar,608,212
Rajasthan,Sirohi,297,325
Rajasthan,Tonk,400,59
Rajasthan,Udaipur,965,1565
Tamil Nadu,Ariyalur,0,1
Tamil Nadu,Chennai,4,2
Tamil Nadu,Cuddalore,58,15
Tamil Nadu,Dharmapuri,127,7
Tamil Nadu,Dindigul,1,0
Tamil Nadu,Erode,206,552
Tamil Nadu,Kanyakumari,4,1
Tamil Nadu,Karur,2514,1460
Tamil Nadu,Krishnagiri,8,2
Tamil Nadu,Madurai,4000,1609
Tamil Nadu,Nagapattinam,5,0
Tamil Nadu,Namakkal,4,0
Tamil Nadu,Nilgiris,3,2
Tamil Nadu,Perambalur,89,717
Tamil Nadu,Ramanathapuram,1,2
Tamil Nadu,Salem,660,446
Tamil Nadu,Sivaganga,1,0
Tamil Nadu,Thanjavur,0,1
Tamil Nadu,Theni,1,1
Tamil Nadu,Thoothukkudi,13,5
Tamil Nadu,Tiruchirappalli,103,15
Tamil Nadu,Tiruppur,0,1
Tamil Nadu,Tiruvallur,2,0
Tamil Nadu,Tiruvannamalai,2563,4561
Tamil Nadu,Tiruvarur,12,1
Tamil Nadu,Tuticorin,1,0
Tamil Nadu,Vellore,7,6
Tamil Nadu,Virudhunagar,2,1
Tripura,South Tripura,1,0
Tripura,West Tripura,1,0
Uttar Pradesh,Agra,6,0
Uttar Pradesh,Aligarh,3,1
Uttar Pradesh,Allahabad,19,1
Uttar Pradesh,Ambedkar Nagar,8,1
Uttar Pradesh,Amethi,1,0
Uttar Pradesh,Auraiya,5,1
Uttar Pradesh,Azamgarh,14,5
Uttar Pradesh,Bagpat,1,2
Uttar Pradesh,Bahraich,0,2
Uttar Pradesh,Ballia,13,8
Uttar Pradesh,Balrampur,2,2
Uttar Pradesh,Banda,3,0
Uttar Pradesh,Bareilly,2,3
Uttar Pradesh,Basti,12,1
Uttar Pradesh,Bijnor,2,2
Uttar Pradesh,Budaun,2,2
Uttar Pradesh,Bulandshahr,8,2
Uttar Pradesh,Chandauli,4,1
Uttar Pradesh,Chitrakoot,3,0
Uttar Pradesh,Deoria,6,1
Uttar Pradesh,Etah,2,1
Uttar Pradesh,Etawah,1,0
Uttar Pradesh,Faizabad,2,3
Uttar Pradesh,Farrukhabad,1,0
Uttar Pradesh,Fatehpur,2,1
Uttar Pradesh,Firozabad,3,2
Uttar Pradesh,Gautam Buddha Nagar,15,4
Uttar Pradesh,Ghaziabad,12,7
Uttar Pradesh,Ghazipur,14,8
Uttar Pradesh,Gonda,6,7
Uttar Pradesh,Gorakhpur,7,4
Uttar Pradesh,Hamirpur,3,0
Uttar Pradesh,Hapur,2,1
Uttar Pradesh,Hardoi,4,8
Uttar Pradesh,Hathras,1,0
Uttar Pradesh,Jalaun,3,0
Uttar Pradesh,Jaunpur,14,4
Uttar Pradesh,Jhansi,2,3
Uttar Pradesh,Kannauj,1,0
Uttar Pradesh,Kanpur Dehat,0,1
Uttar Pradesh,Kanpur Nagar,9,2
Uttar Pradesh,Kaushambi,5,0
Uttar Pradesh,Kushinagar,9,3
Uttar Pradesh,Lalitpur,0,1
Uttar Pradesh,Lucknow,6,0
Uttar Pradesh,Maharajganj,2,1
Uttar Pradesh,Mahoba,2,0
Uttar Pradesh,Mainpuri,2,1
Uttar Pradesh,Mathura,5,4
Uttar Pradesh,Mau,5,3
Uttar Pradesh,Meerut,3,1
Uttar Pradesh,Mirzapur,6,1
Uttar Pradesh,Moradabad,3,4
Uttar Pradesh,Muzaffarnagar,7,4
Uttar Pradesh,Pratapgarh,7,5
Uttar Pradesh,Rae Bareli,1,0
Uttar Pradesh,Raebareli,2,4
Uttar Pradesh,Rampur,1,2
Uttar Pradesh,Saharanpur,0,3
Uttar Pradesh,Sant Kabir Nagar,0,1
Uttar Pradesh,Sant Ravidas Nagar,5,0
Uttar Pradesh,Shahjahanpur,0,1
Uttar Pradesh,Shamli,0,1
Uttar Pradesh,Shrawasti,2,0
Uttar Pradesh,Siddharthnagar,3,0
Uttar Pradesh,Sitapur,0,1
Uttar Pradesh,Sonbhadra,2,1
Uttar Pradesh,Sultanpur,7,10
Uttar Pradesh,Unnao,6,17
Uttar Pradesh,Varanasi,13,0
Uttarakhand,Almora,4,4
Uttarakhand,Chamoli,1,3
Uttarakhand,Champawat,2,0
Uttarakhand,Dehradun,8,2
Uttarakhand,Garhwal,1,0
Uttarakhand,Hardwar,1,0
Uttarakhand,Nainital,2,1
Uttarakhand,Pauri Garhwal,4,2
Uttarakhand,Pithoragarh,2,3
Uttarakhand,Tehri Garhwal,3,0
Uttarakhand,Udham Singh Nagar,1,3
West Bengal,Bankura,5,1
West Bengal,Barddhaman,22,0
West Bengal,Bardhaman,36,0
West Bengal,Birbhum,3,1
West Bengal,Cooch Behar,3965,1003
West Bengal,Darjeeling,1245,248
West Bengal,Domjur,3,0
West Bengal,East Midnapore,48,2
West Bengal,Hooghly,4535,689
West Bengal,Howrah,7254,315
West Bengal,Jalpaiguri,800,297
West Bengal,Kolkata,21563,2088
West Bengal,Malda,9185,3824
West Bengal,Medinipur,68,0
West Bengal,Murshidabad,2327,287
West Bengal,Nadia,3,1
West Bengal,North 24 Parganas,112,32
West Bengal,North Dinajpur,1,0
West Bengal,Purulia,6,0
West Bengal,South 24 Parganas,3,0
West Bengal,South Dinajpur,0,1
West Bengal,South Twenty Four Parganas,815,21
West Bengal,West Midnapore,10,0
