State,District,Aadhaar generated,Enrolment Rejected
Andaman and Nicobar Islands,South Andaman,2,0
Andhra Pradesh,Adilabad,1295,37
Andhra Pradesh,Anantapur,387,20
Andhra Pradesh,Ananthapur,2,0
Andhra Pradesh,Chittoor,232,4
Andhra Pradesh,Cuddapah,8,0
Andhra Pradesh,East Godavari,1938,160
Andhra Pradesh,Guntur,63,3
Andhra Pradesh,Hyderabad,1012,16
Andhra Pradesh,K.V.Rangareddy,2109,30
Andhra Pradesh,Karim Nagar,2246,36
Andhra Pradesh,Karimnagar,15,0
Andhra Pradesh,Khammam,791,22
Andhra Pradesh,Krishna,733,2
Andhra Pradesh,Kurnool,3481,5952
Andhra Pradesh,Mahabub Nagar,4518,119
Andhra Pradesh,Mahbubnagar,115,0
Andhra Pradesh,Medak,245,0
Andhra Pradesh,Nalgonda,2455,439
Andhra Pradesh,Nellore,785,43
Andhra Pradesh,Nizamabad,863,2
Andhra Pradesh,Prakasam,27,1
Andhra Pradesh,Srikakulam,2845,233
Andhra Pradesh,Visakhapatnam,356,3
Andhra Pradesh,Vizianagaram,3949,1318
Andhra Pradesh,Warangal,3122,33
Andhra Pradesh,West Godavari,2214,4
Assam,Barpeta,2,0
Assam,Bongaigaon,1,0
Assam,Cachar,4,0
Assam,Darrang,1,0
Assam,Dhubri,3,0
Assam,Hailakandi,1,0
Assam,Jorhat,4,0
Assam,Kamrup,2,0
Assam,Kamrup Metro,1,0
Assam,Karimganj,1,1
Assam,Lakhimpur,4,0
Assam,Nagaon,2,0
Assam,Nalbari,1,0
Assam,Sibsagar,1,0
Assam,Tinsukia,1,0
Assam,Udalguri,1,0
Bihar,Araria,3,0
Bihar,Arwal,10,0
Bihar,Aurangabad,13,0
Bihar,Aurangabad(BH),10,0
Bihar,Banka,10,0
Bihar,Begusarai,12,0
Bihar,Bhabua,2,0
Bihar,Bhagalpur,33,1
Bihar,Bhojpur,43,0
Bihar,Buxar,19,0
Bihar,Darbhanga,34,1
Bihar,East Champaran,12,0
Bihar,Gaya,29,0
Bihar,Gopalganj,25,1
Bihar,Jamui,8,0
Bihar,Jehanabad,9,0
Bihar,Kaimur (Bhabua),8,0
Bihar,Katihar,4,0
Bihar,Khagaria,2,0
Bihar,Kishanganj,4,0
Bihar,Lakhisarai,5,0
Bihar,Madhepura,30,0
Bihar,Madhubani,25,1
Bihar,Munger,13,0
Bihar,Muzaffarpur,21,0
Bihar,Nalanda,20,0
Bihar,Nawada,14,0
Bihar,Patna,55,2
Bihar,Purnia,11,0
Bihar,Rohtas,27,0
Bihar,Saharsa,12,0
Bihar,Samastipur,25,0
Bihar,Saran,21,0
Bihar,Sheikhpura,6,1
Bihar,Sheohar,2,0
Bihar,Sitamarhi,10,0
Bihar,Siwan,19,0
Bihar,Supaul,1,0
Bihar,Vaishali,13,0
Bihar,West Champaran,17,1
Chandigarh,Chandigarh,1640,19
Chandigarh,Mohali,2,0
Chhattisgarh,Bilaspur,2,0
Chhattisgarh,Durg,9,0
Chhattisgarh,Janjgir-champa,3,0
Chhattisgarh,Korba,3,0
Chhattisgarh,Koriya,1,0
Chhattisgarh,Mahasamund,265,0
Chhattisgarh,Raigarh,2,0
Chhattisgarh,Raipur,67,1
Chhattisgarh,Surguja,1,0
Dadra and Nagar Haveli,Dadra and Nagar Haveli,1,0
Daman and Diu,Daman,11,0
Daman and Diu,Diu,32,0
Delhi,Central Delhi,382,402
Delhi,East Delhi,1388,575
Delhi,Najafgarh,34,410
Delhi,New Delhi,7,0
Delhi,North Delhi,269,50
Delhi,North East,618,1923
Delhi,North East Delhi,15,2
Delhi,North West Delhi,1304,169
Delhi,South Delhi,1623,616
Delhi,South West Delhi,710,964
Delhi,West Delhi,1443,3271
Goa,Bardez,5,0
Goa,Bicholim,1,0
Goa,North Goa,1243,283
Goa,South Goa,699,105
Gujarat,Ahmadabad,14,1
Gujarat,Ahmedabad,1447,47
Gujarat,Amreli,1651,4
Gujarat,Anand,1415,7
Gujarat,Banaskantha,1086,9
Gujarat,Bharuch,270,0
Gujarat,Bhavnagar,1537,26
Gujarat,Dahod,431,23
Gujarat,Dohad,470,5
Gujarat,Gandhinagar,890,72
Gujarat,Jamnagar,1013,64
Gujarat,Junagadh,1366,34
Gujarat,Kachchh,151,3
Gujarat,Kheda,1810,9
Gujarat,Mahesana,791,5
Gujarat,Narmada,1208,16
Gujarat,Navsari,481,3
Gujarat,Panchmahals,2483,16
Gujarat,Patan,476,14
Gujarat,Porbandar,702,19
Gujarat,Rajkot,2614,17
Gujarat,Sabarkantha,1043,22
Gujarat,Surat,2213,120
Gujarat,Surendra Nagar,1514,28
Gujarat,Tapi,274,0
Gujarat,The Dangs,58,0
Gujarat,Vadodara,1174,21
Gujarat,Valsad,495,20
Haryana,Ambala,813,170
Haryana,Bhiwani,25,0
Haryana,Faridabad,1228,0
Haryana,Fatehabad,4,0
Haryana,Gurgaon,698,1
Haryana,Hisar,16,0
Haryana,Jhajjar,12,0
Haryana,Jind,7,0
Haryana,Kaithal,6,0
Haryana,Karnal,2357,10
Haryana,Kurukshetra,14,0
Haryana,Mahendragarh,18,0
Haryana,Mewat,2,0
Haryana,Palwal,182,1
Haryana,Panchkula,93,0
Haryana,Panipat,218,0
Haryana,Rewari,220,0
Haryana,Rohtak,128,0
Haryana,Sirsa,42,1
Haryana,Sonipat,340,0
Haryana,Yamuna Nagar,31,0
Himachal Pradesh,Bilaspur ,19,1
Himachal Pradesh,Chamba,2173,24
Himachal Pradesh,Hamirpur,21,1
Himachal Pradesh,Kangra,1773,75
Himachal Pradesh,Kinnaur,8,0
Himachal Pradesh,Kullu,15,0
Himachal Pradesh,Lahul and Spiti,1,0
Himachal Pradesh,Mandi,29,1
Himachal Pradesh,Shimla,1569,11
Himachal Pradesh,Sirmaur,1353,6
Himachal Pradesh,Solan,2144,10
Himachal Pradesh,Una,5,0
Jammu and Kashmir,Anantnag,2,0
Jammu and Kashmir,Bandipur,1,0
Jammu and Kashmir,Baramula,1,0
Jammu and Kashmir,Jammu,26,0
Jammu and Kashmir,Kathua,17,0
Jammu and Kashmir,Kupwara,1,0
Jammu and Kashmir,Poonch,4,0
Jammu and Kashmir,Rajouri,9,0
Jammu and Kashmir,Udhampur,6,0
Jharkhand,Bokaro,6431,134
Jharkhand,Chatra,59,0
Jharkhand,Deoghar,278,2
Jharkhand,Dhanbad,2000,41
Jharkhand,Dumka,2030,21
Jharkhand,East Singhbhum,731,11
Jharkhand,Garhwa,562,20
Jharkhand,Giridih,2497,139
Jharkhand,Godda,42,0
Jharkhand,Gumla,1795,88
Jharkhand,Hazaribag,335,88
Jharkhand,Hazaribagh,904,19
Jharkhand,Jamtara,113,0
Jharkhand,Khunti,822,17
Jharkhand,Koderma,96,40
Jharkhand,Latehar,61,0
Jharkhand,Lohardaga,832,65
Jharkhand,Pakaur,26,0
Jharkhand,Pakur,131,5
Jharkhand,Palamau,255,20
Jharkhand,Palamu,2168,3
Jharkhand,Ramgarh,1306,20
Jharkhand,Ranchi,2610,72
Jharkhand,Sahebganj,40,2
Jharkhand,Seraikela-Kharsawan,261,3
Jharkhand,Simdega,1241,41
Jharkhand,West Singhbhum,1031,6
Karnataka,Bagalkot,75,5
Karnataka,Bangalore,4040,167
Karnataka,Bangalore Rural,15,3
Karnataka,Belgaum,40,0
Karnataka,Bellary,209,5
Karnataka,Bidar,5,0
Karnataka,Bijapur,1,1
Karnataka,Bijapur(KAR),74,9
Karnataka,Chamarajanagar,4,0
Karnataka,Chamrajnagar,1,0
Karnataka,Chickmagalur,87,0
Karnataka,Chikkaballapur,995,1
Karnataka,Chitradurga,836,4
Karnataka,Dakshina Kannada,10,0
Karnataka,Davangere,2952,2
Karnataka,Dharwad,1801,1493
Karnataka,Gadag,32,0
Karnataka,Gulbarga,19,1
Karnataka,Hassan,360,10
Karnataka,Haveri,796,9
Karnataka,Kodagu,5,1
Karnataka,Kolar,31,1
Karnataka,Koppal,4,0
Karnataka,Mandya,11,1
Karnataka,Mysore,343,10
Karnataka,Raichur,4,0
Karnataka,Ramanagar,357,6
Karnataka,Shimoga,331,14
Karnataka,Tumkur,7,14
Karnataka,Udupi,3264,38
Karnataka,Uttara Kannada,6,0
Karnataka,Yadgir,4,1
Kerala,Alappuzha,6119,30
Kerala,Ernakulam,11534,128
Kerala,Idukki,4152,13
Kerala,Kannur,6747,96
Kerala,Kasaragod,1665,3
Kerala,Kasargod,2418,19
Kerala,Kollam,2805,41
Kerala,Kottayam,9754,1201
Kerala,Kozhikode,11099,47
Kerala,Malappuram,7522,24
Kerala,Palakkad,7717,21536
Kerala,Pathanamthitta,1389,187
Kerala,Thiruvananthapuram,6842,1079
Kerala,Thrissur,7128,37
Kerala,Wayanad,2524,26
Lakshadweep,Lakshadweep,191,1
Madhya Pradesh,Alirajpur,12,0
Madhya Pradesh,Anuppur,261,0
Madhya Pradesh,Ashok Nagar,59,0
Madhya Pradesh,Balaghat,18,0
Madhya Pradesh,Barwani,155,117
Madhya Pradesh,Betul,1409,50
Madhya Pradesh,Bhind,410,7
Madhya Pradesh,Bhopal,3953,102
Madhya Pradesh,Burhanpur,5,1
Madhya Pradesh,Chhatarpur,710,58
Madhya Pradesh,Chhindwara,63,0
Madhya Pradesh,Damoh,1602,68
Madhya Pradesh,Datia,351,0
Madhya Pradesh,Dewas,65,16
Madhya Pradesh,Dhar,1029,55
Madhya Pradesh,Dindori,4,0
Madhya Pradesh,Guna,564,59
Madhya Pradesh,Gwalior,1584,142
Madhya Pradesh,Harda,8,0
Madhya Pradesh,Hoshangabad,38,3
Madhya Pradesh,Indore,5191,196
Madhya Pradesh,Jabalpur,3735,76
Madhya Pradesh,Jhabua,341,4
Madhya Pradesh,Katni,782,6
Madhya Pradesh,Khandwa,153,5
Madhya Pradesh,Khargone,799,22
Madhya Pradesh,Mandla,12,0
Madhya Pradesh,Mandsaur,377,269
Madhya Pradesh,Morena,783,2
Madhya Pradesh,Narsinghpur,13,0
Madhya Pradesh,Neemuch,107,399
Madhya Pradesh,Panna,747,11
Madhya Pradesh,Raisen,698,30
Madhya Pradesh,Rajgarh,1229,22
Madhya Pradesh,Ratlam,526,97
Madhya Pradesh,Rewa,819,8
Madhya Pradesh,Sagar,1902,20
Madhya Pradesh,Satna,1854,15
Madhya Pradesh,Sehore,909,17
Madhya Pradesh,Seoni,756,1
Madhya Pradesh,Shahdol,132,0
Madhya Pradesh,Shajapur,30,339
Madhya Pradesh,Sheopur,214,4
Madhya Pradesh,Shivpuri,162,3
Madhya Pradesh,Sidhi,116,0
Madhya Pradesh,Singrauli,291,0
Madhya Pradesh,Tikamgarh,1269,7
Madhya Pradesh,Ujjain,3051,34
Madhya Pradesh,Umaria,71,3
Madhya Pradesh,Vidisha,1130,54
Maharashtra,Ahmadnagar,530,0
Maharashtra,Ahmed Nagar,1274,25
Maharashtra,Akola,282,1
Maharashtra,Amravati,3628,125
Maharashtra,Aurangabad,538,109
Maharashtra,Beed,117,12
Maharashtra,Bhandara,359,23
Maharashtra,Buldhana,612,90
Maharashtra,Chandrapur,649,4
Maharashtra,Dhule,1675,84
Maharashtra,Gadchiroli,28,0
Maharashtra,Gondia,209,25
Maharashtra,Gondiya,4,0
Maharashtra,Hingoli,71,8
Maharashtra,Jalgaon,583,71
Maharashtra,Jalna,1006,14
Maharashtra,Kolhapur,1638,45
Maharashtra,Latur,266,14
Maharashtra,Mumbai,7864,225
Maharashtra,Mumbai City,66,2
Maharashtra,Mumbai( Sub Urban ),5,0
Maharashtra,Nagpur,1759,152
Maharashtra,Nanded,70,34
Maharashtra,Nandurbar,53,1
Maharashtra,Nashik,2204,353
Maharashtra,Osmanabad,219,49
Maharashtra,Parbhani,441,0
Maharashtra,Pune,2749,170
Maharashtra,Raigarh,15,1
Maharashtra,Raigarh(MH),401,8
Maharashtra,Ratnagiri,215,1
Maharashtra,Sangli,964,17
Maharashtra,Satara,989,17
Maharashtra,Sindhudurg,8,0
Maharashtra,Solapur,1066,40
Maharashtra,Thane,13476,556
Maharashtra,Wardha,182,84
Maharashtra,Washim,25,2
Maharashtra,Yavatmal,15,0
Manipur,Bishnupur,260,2
Manipur,Chandel,339,40
Manipur,Churachandpur,426,53
Manipur,Imphal East,851,21
Manipur,Imphal West,369,5
Manipur,Senapati,194,2
Manipur,Tamenglong,94,138
Manipur,Thoubal,4181,23
Manipur,Ukhrul,231,25
Meghalaya,East Khasi Hills,1,0
Mizoram,Serchhip,1,0
Nagaland,Dimapur,131,2064
Nagaland,Kiphire,271,0
Nagaland,Kohima,13,8341
Nagaland,Mokokchung,0,1410
Nagaland,Phek,1,0
Nagaland,Tuensang,4,2
Nagaland,Wokha,171,4
Nagaland,Zunheboto,172,59
Odisha,Angul,1,0
Odisha,Anugul,1,0
Odisha,Balangir,8781,69
Odisha,Baleswar,628,1008
Odisha,Bargarh,9,0
Odisha,Bhadrak,9,0
Odisha,Cuttack,4157,1307
Odisha,Dhenkanal,14,0
Odisha,Gajapati,2,0
Odisha,Ganjam,38,0
Odisha,Jagatsinghapur,13,0
Odisha,Jajapur,40,0
Odisha,Jharsuguda,1,0
Odisha,Kalahandi,2,0
Odisha,Kandhamal,3,0
Odisha,Kendrapara,10,0
Odisha,Kendujhar,2148,181
Odisha,Khorda,11,0
Odisha,Khordha,1368,1
Odisha,Mayurbhanj,6,0
Odisha,Nayagarh,7,0
Odisha,Puri,11,0
Odisha,Sambalpur,5,0
Odisha,Sonapur,21,3
Odisha,Sundergarh,10,0
Others,Others,8,11102
Puducherry,Karaikal,174,0
Puducherry,Pondicherry,502,27
Puducherry,Yanam,58,0
Punjab,Amritsar,487,3
Punjab,Barnala,547,12
Punjab,Bathinda,1077,20
Punjab,Faridkot,387,1
Punjab,Fatehgarh Sahib,143,0
Punjab,Fazilka,326,22
Punjab,Ferozepur,475,9
Punjab,Gurdaspur,398,7
Punjab,Hoshiarpur,425,0
Punjab,Jalandhar,1351,2
Punjab,Kapurthala,738,5
Punjab,Ludhiana,3594,14
Punjab,Mansa,439,0
Punjab,Moga,3316,8
Punjab,Muktsar,22,0
Punjab,Pathankot,53,4
Punjab,Patiala,880,0
Punjab,Rupnagar,411,3
Punjab,SAS Nagar (Mohali),96,0
Punjab,Sangrur,1370,1
Punjab,Shaheed Bhagat Singh Nagar,124,0
Punjab,Sri Muktsar Sahib,235,6
Punjab,Tarn Taran,291,6
Rajasthan,Ajmer,575,1
Rajasthan,Alwar,2481,85
Rajasthan,Banswara,71,0
Rajasthan,Baran,1,0
Rajasthan,Barmer,2119,45
Rajasthan,Bharatpur,75,0
Rajasthan,Bhilwara,326,24
Rajasthan,Bikaner,1465,26
Rajasthan,Bundi,306,1
Rajasthan,Chittorgarh,233,1
Rajasthan,Churu,1230,19
Rajasthan,Dausa,1228,15
Rajasthan,Dholpur,6,0
Rajasthan,Dungarpur,80,0
Rajasthan,Ganganagar,6,0
Rajasthan,Hanumangarh,500,1
Rajasthan,Jaipur,4630,155
Rajasthan,Jaisalmer,2,0
Rajasthan,Jalor,509,13
Rajasthan,Jhalawar,3,0
Rajasthan,Jhunjhunu,859,8
Rajasthan,Jhunjhunun,2019,12
Rajasthan,Jodhpur,429,7
Rajasthan,Karauli,24,1
Rajasthan,Kota,286,1
Rajasthan,Nagaur,2803,61
Rajasthan,Pali,582,59
Rajasthan,Pratapgarh,76,12
Rajasthan,Rajsamand,259,1
Rajasthan,Sawai Madhopur,25,1
Rajasthan,Sikar,1334,48
Rajasthan,Sirohi,52,2
Rajasthan,Tonk,346,10
Rajasthan,Udaipur,406,21
Sikkim,East Sikkim,2,0
Tamil Nadu,Ariyalur,319,164
Tamil Nadu,Chennai,4,0
Tamil Nadu,Coimbatore,18,0
Tamil Nadu,Cuddalore,5507,1630
Tamil Nadu,Dharmapuri,8,1
Tamil Nadu,Dindigul,9,0
Tamil Nadu,Erode,3766,49
Tamil Nadu,Kancheepuram,2,0
Tamil Nadu,Kanchipuram,7,0
Tamil Nadu,Kanniyakumari,6,0
Tamil Nadu,Kanyakumari,10,0
Tamil Nadu,Karur,4787,105
Tamil Nadu,Krishnagiri,2,0
Tamil Nadu,Madurai,3297,2
Tamil Nadu,Nagapattinam,3010,0
Tamil Nadu,Namakkal,3,1
Tamil Nadu,Nilgiris,1,0
Tamil Nadu,Perambalur,262,20
Tamil Nadu,Pudukkottai,918,784
Tamil Nadu,Ramanathapuram,0,1
Tamil Nadu,Salem,389,1051
Tamil Nadu,Sivaganga,4,0
Tamil Nadu,Thanjavur,3,0
Tamil Nadu,The Nilgiris,1,0
Tamil Nadu,Theni,9,0
Tamil Nadu,Thoothukkudi,2,0
Tamil Nadu,Tiruchirappalli,899,1575
Tamil Nadu,Tirunelveli,6,0
Tamil Nadu,Tiruvallur,5,0
Tamil Nadu,Tiruvannamalai,74,86
Tamil Nadu,Tiruvarur,4,0
Tamil Nadu,Tuticorin,1,0
Tamil Nadu,Vellore,145,16
Tamil Nadu,Villupuram,5,0
Tamil Nadu,Viluppuram,4,0
Tamil Nadu,Virudhunagar,2,0
Tripura,Dhalai,48,4
Tripura,North Tripura,341,70
Tripura,South Tripura,420,48
Tripura,West Tripura,219,31
Uttar Pradesh,Agra,27,3
Uttar Pradesh,Aligarh,28,0
Uttar Pradesh,Allahabad,33,0
Uttar Pradesh,Ambedkar Nagar,8,0
Uttar Pradesh,Amethi,3,0
Uttar Pradesh,Auraiya,4,0
Uttar Pradesh,Azamgarh,23,0
Uttar Pradesh,Baghpat,5,0
Uttar Pradesh,Bagpat,6,0
Uttar Pradesh,Bahraich,8,0
Uttar Pradesh,Ballia,38,2
Uttar Pradesh,Balrampur,9,1
Uttar Pradesh,Banda,6,0
Uttar Pradesh,Barabanki,3,0
Uttar Pradesh,Bareilly,25,0
Uttar Pradesh,Basti,7,0
Uttar Pradesh,Bijnor,9,0
Uttar Pradesh,Budaun,12,0
Uttar Pradesh,Bulandshahar,2,1
Uttar Pradesh,Bulandshahr,11,1
Uttar Pradesh,Chandauli,7,0
Uttar Pradesh,Chitrakoot,4,0
Uttar Pradesh,Deoria,17,2
Uttar Pradesh,Etah,8,0
Uttar Pradesh,Etawah,11,3
Uttar Pradesh,Faizabad,6,0
Uttar Pradesh,Farrukhabad,11,2
Uttar Pradesh,Fatehpur,6,0
Uttar Pradesh,Firozabad,10,2
Uttar Pradesh,Gautam Buddha Nagar,37,0
Uttar Pradesh,Ghaziabad,45,1
Uttar Pradesh,Ghazipur,50,1
Uttar Pradesh,Gonda,16,0
Uttar Pradesh,Gorakhpur,27,0
Uttar Pradesh,Hamirpur,5,0
Uttar Pradesh,Hapur,12,0
Uttar Pradesh,Hardoi,9,0
Uttar Pradesh,Hathras,12,0
Uttar Pradesh,Jalaun,9,0
Uttar Pradesh,Jaunpur,17,0
Uttar Pradesh,Jhansi,8,0
Uttar Pradesh,Jyotiba Phule Nagar,8,0
Uttar Pradesh,Kannauj,3,1
Uttar Pradesh,Kanpur Dehat,10,0
Uttar Pradesh,Kanpur Nagar,47,12
Uttar Pradesh,Kasganj,2,0
Uttar Pradesh,Kaushambi,5,0
Uttar Pradesh,Kheri,5,0
Uttar Pradesh,Kushinagar,15,0
Uttar Pradesh,Lalitpur,2,0
Uttar Pradesh,Lucknow,22,1
Uttar Pradesh,Maharajganj,4,0
Uttar Pradesh,Mahoba,7,8
Uttar Pradesh,Mahrajganj,3,0
Uttar Pradesh,Mainpuri,10,0
Uttar Pradesh,Mathura,17,0
Uttar Pradesh,Mau,14,1
Uttar Pradesh,Meerut,13,0
Uttar Pradesh,Mirzapur,11,0
Uttar Pradesh,Moradabad,9,4
Uttar Pradesh,Muzaffarnagar,7,0
Uttar Pradesh,Pilibhit,3,0
Uttar Pradesh,Pratapgarh,15,0
Uttar Pradesh,Rae Bareli,1,0
Uttar Pradesh,Raebareli,13,10
Uttar Pradesh,Rampur,6,0
Uttar Pradesh,Saharanpur,14,0
Uttar Pradesh,Sant Kabir Nagar,7,0
Uttar Pradesh,Sant Ravidas Nagar,3,2
Uttar Pradesh,Sant Ravidas Nagar Bhadohi,1,0
Uttar Pradesh,Shahjahanpur,11,0
Uttar Pradesh,Shamli,5,0
Uttar Pradesh,Shrawasti,2,0
Uttar Pradesh,Siddharthnagar,10,0
Uttar Pradesh,Sitapur,15,1
Uttar Pradesh,Sonbhadra,6,1
Uttar Pradesh,Sultanpur,33,1
Uttar Pradesh,Unnao,11,0
Uttar Pradesh,Varanasi,17,0
Uttarakhand,Almora,12,0
Uttarakhand,Bageshwar,10,0
Uttarakhand,Chamoli,29,0
Uttarakhand,Champawat,2,0
Uttarakhand,Dehradun,30,1
Uttarakhand,Garhwal,5,0
Uttarakhand,Haridwar,5,0
Uttarakhand,Nainital,13,0
Uttarakhand,Pauri Garhwal,62,1
Uttarakhand,Pithoragarh,17,2
Uttarakhand,Rudraprayag,25,0
Uttarakhand,Tehri Garhwal,17,0
Uttarakhand,Udham Singh Nagar,6,0
Uttarakhand,Uttarkashi,7,0
West Bengal,Bally Jagachha,1,7
West Bengal,Bankura,20,0
West Bengal,Barddhaman,273,386
West Bengal,Bardhaman,501,3882
West Bengal,Birbhum,52,0
West Bengal,Cooch Behar,1624,70
West Bengal,Darjeeling,207,0
West Bengal,East Midnapore,405,533
West Bengal,Hooghly,2357,86
West Bengal,Howrah,12220,5491
West Bengal,Jalpaiguri,1448,18
West Bengal,Kolkata,15754,481
West Bengal,Malda,755,208
West Bengal,Medinipur,1221,1547
West Bengal,Murshidabad,2424,37
West Bengal,Nadia,23,0
West Bengal,North 24 Parganas,3051,136
West Bengal,North Dinajpur,3,0
West Bengal,Purulia,11,0
West Bengal,South 24 Parganas,6,0
West Bengal,South Twenty Four Parganas,1550,92
West Bengal,West Midnapore,216,17
