Name of State/UT,Name of District,Population (Census),Aadhaar Generated,Aadhaar Saturation %
Andhra pradesh,Adilabad,2737738,2714469,99.15%
Gujarat,Ahmedabad,7208200,3805413,52.79%
Maharashtra,Ahmednagar,4543083,3664884,80.67%
Rajasthan,Ajmer,2584913,1940180,75.06%
Maharashtra,Akola,1818617,1373494,75.52%
Kerala,Alappuzha,2121943,1998651,94.19%
Madhya Pradesh,Alirajpur,728677,537167,73.72%
Rajasthan,Alwar,3671999,2432858,66.25%
Haryana,Ambala,1136784,1004316,88.35%
Maharashtra,Amravati,2887826,2429767,84.14%
Punjab,Amritsar,2490891,2123293,85.24%
Andhra pradesh,Anantapur,4083315,3937170,96.42%
Tamil Nadu,Ariyalur,752481,588644,78.23%
Maharashtra,Aurangabad (MH),3695928,2817412,76.23%
Karnataka,Bagalkot,1890826,1362286,72.05%
Odisha,Balangir,1648574,1057733,64.16%
Odisha,Baleshwar,2317419,1323763,57.12%
Karnataka,Bangalore,9588910,6874802,71.70%
Karnataka,Bangalore Rural,987257,688179,69.71%
Rajasthan,Baran,1223921,583815,47.70%
Rajasthan,Barmer,2604453,1594471,61.22%
Punjab,Barnala,596294,519481,87.12%
Madhya Pradesh,Barwani,1385659,803168,57.96%
Punjab,Bathinda,1388859,1154150,83.10%
Karnataka,Belgaum,4778439,3758818,78.66%
Karnataka,Bellary,2532383,1796600,70.95%
Madhya Pradesh,Betul,1575247,1125689,71.46%
Odisha,Bhadrak ,1506522,818840,54.35%
Maharashtra,Bhandara,1198810,1005299,83.86%
Madhya Pradesh,Bhopal,2368145,1925299,81.30%
Maharashtra,Bid,2585962,1677022,64.85%
Karnataka,Bidar,1700018,1148766,67.57%
Karnataka,Bijapur (KAR),2175102,1462852,67.25%
Rajasthan,Bikaner,2367745,1329084,56.13%
Himachal Pradesh,Bilaspur (HP),382056,383535,100.39%
Jharkhand,Bokaro,2061918,1588666,77.05%
Maharashtra,Buldana,2588039,1957810,75.65%
Rajasthan,Bundi,1113725,568231,51.02%
Madhya Pradesh,Burhanpur,756993,661311,87.36%
Delhi,Central Delhi,578671,837090,144.66%
Karnataka,Chamarajanagar,1020962,775344,75.94%
Himachal Pradesh,Chamba,518844,478305,92.19%
Uttarakhand,Champawat,259315,135331,52.19%
Chandigarh,Chandigarh,1054686,938032,88.94%
Maharashtra,Chandrapur,2194262,1706527,77.77%
Madhya Pradesh,Chhindwara,2090306,1507721,72.13%
Karnataka,Chikkaballapur,1254377,742860,59.22%
Karnataka,Chikmagalur,1137753,865605,76.08%
Rajasthan,Chittaurgarh,1544392,933346,60.43%
Andhra pradesh,Chittoor,4170468,3962708,95.02%
Rajasthan,Churu,2041172,1306362,64.00%
Tamil Nadu,Cuddalore,2600880,1640905,63.09%
Andhra pradesh,Cuddapah (YSR Kadapa),2884524,2604682,90.30%
Odisha,Cuttack,2618708,1695143,64.73%
West Bengal,Dakshin Dinajpur,1670931,974179,58.30%
Karnataka,Dakshina Kannada,2083625,1570717,75.38%
Daman & Diu,Daman,190855,112008,58.69%
Madhya Pradesh,Damoh,1263703,866358,68.56%
Rajasthan,Dausa,1637226,946795,57.83%
Karnataka,Davanagere,1946905,1315091,67.55%
Jharkhand,Deoghar,1491879,1092652,73.24%
Madhya Pradesh,Dewas,1563107,1063282,68.02%
Jharkhand,Dhanbad,2682662,2019264,75.27%
Madhya Pradesh,Dhar,2184672,1387897,63.53%
Tamil Nadu,Dharmapuri,1502900,1033086,68.74%
Karnataka,Dharwad,1846993,1580803,85.59%
Maharashtra,Dhule,2048781,1716768,83.79%
Tamil Nadu,Dindigul,2161367,1366361,63.22%
Daman & Diu,Diu,52056,50462,96.94%
Jharkhand,Dumka,1321096,1076071,81.45%
Delhi,East Delhi,1707725,2020050,118.29%
Madhya Pradesh,East Nimar (Khandwa),1309443,1143147,87.30%
Andhra pradesh,East godavari,5151549,5004815,97.15%
Kerala,Ernakulam,3279860,2998802,91.43%
Tamil Nadu,Erode,2259608,1541215,68.21%
Uttar Pradesh,Etawah,1579160,730405,46.25%
Haryana,Faridabad,1798954,1696711,94.32%
Punjab,Faridkot,618008,576362,93.26%
Punjab,Fatehgarh Sahib,599814,540275,90.07%
Punjab,Fazilka,0,479071,N.A.
Punjab,Firozpur,2026831,1121676,55.34%
Karnataka,Gadag,1065235,750089,70.42%
Maharashtra,Gadchiroli,1071795,794214,74.10%
Rajasthan,Ganganagar,1969520,1248122,63.37%
Jharkhand,Garhwa,1322387,1057374,79.96%
Jharkhand,Giridih,2445203,1880114,76.89%
Jharkhand,Godda,1311382,1031424,78.65%
Maharashtra,Gondiya,1322331,1131571,85.57%
Karnataka,Gulbarga,2564892,1494390,58.26%
Jharkhand,Gumla,1025656,861839,84.03%
Madhya Pradesh,Guna,1240938,706705,56.95%
Andhra pradesh,Guntur,4889230,4559548,93.26%
Punjab,Gurdaspur,2299026,1909706,83.07%
Haryana,Gurgaon,1514085,1072033,70.80%
Madhya Pradesh,Gwalior,2030543,1140524,56.17%
Himachal Pradesh,Hamirpur (HP),454293,491806,108.26%
Rajasthan,Hanumangarh,1779650,996419,55.99%
West Bengal,Haora,4841638,3454171,71.34%
Madhya Pradesh,Harda,570302,503276,88.25%
Karnataka,Haveri,1598506,1053240,65.89%
Jharkhand,Hazaribag,1734005,1453884,83.85%
Maharashtra,Hingoli,1178973,702201,59.56%
Haryana,Hisar,1742815,1252279,71.85%
Madhya Pradesh,Hoshangabad,1240975,1133755,91.36%
Punjab,Hoshiarpur,1582793,1368871,86.48%
West Bengal,Hugli,5520389,4372305,79.20%
Kerala,Idukki,1107453,1002728,90.54%
Madhya Pradesh,Indore,3272335,2425671,74.13%
Madhya Pradesh,Jabalpur,2460714,1927704,78.34%
Rajasthan,Jaipur,6663971,4357209,65.38%
Punjab,Jalandhar,2181753,2011997,92.22%
Maharashtra,Jalgaon,4224442,3380663,80.03%
Maharashtra,Jalna,1958483,1459909,74.54%
Rajasthan,Jalor,1830151,1074353,58.70%
Jharkhand,Jamtara,790207,654820,82.87%
Madhya Pradesh,Jhabua,1024091,606043,59.18%
Haryana,Jhajjar,956907,663796,69.37%
Rajasthan,Jhunjhunun,2139658,1558425,72.84%
Rajasthan,Jodhpur,3685681,1958772,53.15%
Gujarat,Junagadh,2742291,2002953,73.04%
Haryana,Kaithal,1072861,829647,77.33%
Tamil Nadu,Kancheepuram,3990897,2437738,61.08%
Himachal Pradesh,Kangra,1507223,1471953,97.66%
Tamil Nadu,Kanniyakumari,1863174,1247712,66.97%
Kerala,Kannur,2525637,2338904,92.61%
Uttar Pradesh,Kanpur Nagar,4572951,1485295,32.48%
Punjab,Kapurthala,817668,701816,85.83%
Puducherry,Karaikal,200314,152103,75.93%
Andhra pradesh,Karimnagar,3811738,3545970,93.03%
Haryana,Karnal,1506323,1236361,82.08%
Tamil Nadu,Karur,1076588,744389,69.14%
Kerala,Kasaragod,1302600,1160593,89.10%
Madhya Pradesh,Katni,1291684,844123,65.35%
Andhra pradesh,Khammam,2798214,2625711,93.84%
Odisha,Khordha ,2246341,1497629,66.67%
Jharkhand,Khunti,530299,445548,84.02%
Himachal Pradesh,Kinnaur,84298,67946,80.60%
West Bengal,Koch Bihar,2822780,1888562,66.90%
Karnataka,Kodagu,554762,350615,63.20%
Jharkhand,Kodarma,717169,562043,78.37%
Karnataka,Kolar,1540231,1041830,67.64%
Maharashtra,Kolhapur,3874015,3084088,79.61%
West Bengal,Kolkata,4486679,2952222,65.80%
Kerala,Kollam,2629703,2416725,91.90%
Karnataka,Koppal,1391292,945452,67.95%
Rajasthan,Kota,1950491,1331541,68.27%
Kerala,Kottayam,1979384,1834655,92.69%
Kerala,Kozhikode,3089543,2852704,92.33%
Andhra pradesh,Krishna,4529009,4168093,92.03%
Tamil Nadu,Krishnagiri,1883731,1110309,58.94%
Himachal Pradesh,Kullu,437474,394454,90.17%
Andhra pradesh,Kurnool,4046601,3493901,86.34%
Haryana,Kurukshetra,964231,806765,83.67%
Lakshadweep,Lakshadweep,64429,55312,85.85%
Maharashtra,Latur,2455543,1776647,72.35%
Jharkhand,Lohardaga,461738,422608,91.53%
Uttar Pradesh,Lucknow,4588455,1604925,34.98%
Punjab,Ludhiana,3487882,3256639,93.37%
Tamil Nadu,Madurai,3041038,2145587,70.55%
Andhra pradesh,Mahbubnagar,4042191,3549979,87.82%
Puducherry,Mahe,41934,0,0.00%
Gujarat,Mahesana,2027727,1409791,69.53%
Kerala,Malappuram,4110956,3661612,89.07%
West Bengal,Maldah,3997970,2496560,62.45%
Himachal Pradesh,Mandi,999518,981819,98.23%
Madhya Pradesh,Mandla,1053522,739671,70.21%
Madhya Pradesh,Mandsaur,1339832,966351,72.12%
Karnataka,Mandya,1808680,1239244,68.52%
Punjab,Mansa,768808,657553,85.53%
Andhra pradesh,Medak,3031877,2719090,89.68%
Punjab,Moga,992289,883192,89.01%
Punjab,Muktsar,902702,769563,85.25%
Maharashtra,Mumbai (incl. Mumbai SubUrban & Mumbai City) ,12478447,10703621,85.78%
West Bengal,Murshidabad,7102430,4541389,63.94%
Karnataka,Mysore,2994744,2799941,93.50%
Tamil Nadu,Nagapattinam,1614069,1145770,70.99%
Rajasthan,Nagaur,3309234,1798129,54.34%
Maharashtra,Nagpur,4653171,4092931,87.96%
Andhra pradesh,Nalgonda,3483648,3169001,90.97%
Tamil Nadu,Namakkal,1721179,1045097,60.72%
Maharashtra,Nanded,3356566,2051072,61.11%
Maharashtra,Nandurbar,1646177,1291918,78.48%
Gujarat,Narmada,590379,344381,58.33%
Madhya Pradesh,Narsimhapur,1092141,788843,72.23%
Maharashtra,Nashik,6109052,4738364,77.56%
Gujarat,Navsari,1330711,924491,69.47%
Punjab,Nawanshahr,614362,564244,91.84%
Madhya Pradesh,Neemuch,825958,512983,62.11%
Andhra pradesh,Nellore (sri Potti Sriramulu Nellore),2966082,2574204,86.79%
Delhi,New Delhi,133713,18203,13.61%
Andhra pradesh,Nizamabad,2552073,2339719,91.68%
Andaman & Nicobar Islands,North & Middle Andamans,105539,117216,111.06%
Delhi,North Delhi,883418,920531,104.20%
Delhi,North East Delhi,2240749,1937735,86.48%
Goa,North Goa,817761,762312,93.22%
Delhi,North West Delhi,3651261,3852139,105.50%
Maharashtra,Osmanabad,1660311,1178342,70.97%
Jharkhand,Pakaur,899200,756243,84.10%
Kerala,Palakkad,2810892,2607061,92.75%
Jharkhand,Palamu,1936319,1530865,79.06%
Rajasthan,Pali,2038533,1349757,66.21%
Haryana,Palwal,1040493,658229,63.26%
Haryana,Panchkula,558890,461162,82.51%
Haryana,Panipat,1202811,938811,78.05%
Madhya Pradesh,Panna,1016028,640482,63.04%
Jharkhand,Pashchimi Singhbhum,1501619,1209065,80.52%
Kerala,Pathanamthitta,1195537,1167940,97.69%
Punjab,Pathankot,0,116824,N.A.
Punjab,Patiala,1892282,1649815,87.19%
Tamil Nadu,Perambalur,564511,372471,65.98%
Gujarat,Porbandar,586062,378264,64.54%
Andhra pradesh,Prakasam,3392764,3102724,91.45%
Puducherry,Puducherry,946600,960684,101.49%
Tamil Nadu,Pudukkottai,1618725,1089881,67.33%
Maharashtra,Pune,9426959,7055859,74.85%
Jharkhand,Purbi Singhbhum,2291032,1781130,77.74%
Odisha,Puri,1697983,1164143,68.56%
Maharashtra,Raigarh (MH),2635394,2023161,76.77%
Madhya Pradesh,Raisen,1331699,817852,61.41%
Gujarat,Rajkot,3799770,2597760,68.37%
Rajasthan,Rajsamand,1158283,772038,66.65%
Karnataka,Ramanagar,1082739,767271,70.86%
Tamil Nadu,Ramanathapuram,1337560,790895,59.13%
Jharkhand,Ramgarh,949159,793937,83.65%
Jharkhand,Ranchi,2912022,2373273,81.50%
Andhra pradesh,Rangareddi (inclg. Hyderabad),9306634,10700333,114.98%
Madhya Pradesh,Ratlam,1454483,993983,68.34%
Maharashtra,Ratnagiri,1612672,1271808,78.86%
Madhya Pradesh,Rewa,2363744,1431055,60.54%
Haryana,Rewari,896129,677087,75.56%
Haryana,Rohtak,1058683,737663,69.68%
Punjab,Rupnagar,683349,630735,92.30%
Punjab,S.A.S Nagar(Mohali),986147,756006,76.66%
Madhya Pradesh,Sagar,2378295,1471581,61.88%
Jharkhand,Sahibganj,1150038,987842,85.90%
Tamil Nadu,Salem,3480008,2380302,68.40%
Maharashtra,Sangli,2820575,2290662,81.21%
Punjab,Sangrur,1654408,1427350,86.28%
Maharashtra,Satara,3003922,2375505,79.08%
Madhya Pradesh,Satna,2228619,1509140,67.72%
Madhya Pradesh,Sehore,1311008,779823,59.48%
Madhya Pradesh,Seoni,1378876,1070506,77.64%
Jharkhand,Seraikela-kharsawan,1063458,856115,80.50%
Madhya Pradesh,Shajapur,1512353,1172477,77.53%
Himachal Pradesh,Shimla,813384,687900,84.57%
Rajasthan,Sikar,2677737,1707526,63.77%
Jharkhand,Simdega,599813,518242,86.40%
Himachal Pradesh,Sirmaur,530164,450158,84.91%
Rajasthan,Sirohi,1037185,628071,60.56%
Haryana,Sirsa,1295114,1009645,77.96%
Himachal Pradesh,Solan,576670,476309,82.60%
Maharashtra,Solapur,4315527,2664741,61.75%
Haryana,Sonipat,1480080,1177442,79.55%
Delhi,South Delhi,2733752,2694345,98.56%
Goa,South Goa,639962,572656,89.48%
Delhi,South West Delhi,2292363,2194299,95.72%
Andhra pradesh,Srikakulam,2699471,2670436,98.92%
Odisha,Sundargarh,2080664,956122,45.95%
Punjab,Tarn Taran,1120070,916390,81.82%
Maharashtra,Thane,11054131,8600497,77.80%
Tamil Nadu,Thanjavur,2402781,1609739,66.99%
Tamil Nadu,Theni,1243684,857848,68.98%
Kerala,Thiruvananthapuram,3307284,2940015,88.90%
Tamil Nadu,Thiruvarur,1268094,836414,65.96%
Tamil Nadu,Thoothukkudi,1738376,1074057,61.79%
Kerala,Thrissur,3110327,2922329,93.96%
Tamil Nadu,Tiruchirappalli,2713858,1982395,73.05%
Tamil Nadu,Tirunelveli,3072880,1944619,63.28%
Rajasthan,Tonk,1421711,825302,58.05%
Karnataka,Tumkur,2681449,2510371,93.62%
Rajasthan,Udaipur,3067549,2088489,68.08%
Karnataka,Udupi,1177908,934048,79.30%
Madhya Pradesh,Ujjain,1986597,1369338,68.93%
Himachal Pradesh,Una,521057,535386,102.75%
Karnataka,Uttara Kannada,1436847,1126247,78.38%
Gujarat,Valsad,1703068,1162667,68.27%
Tamil Nadu,Vellore,3928106,2574229,65.53%
Madhya Pradesh,Vidisha,1458212,900356,61.74%
Tamil Nadu,Viluppuram,3463284,2171383,62.70%
Tamil Nadu,Virudhunagar,1943309,1407022,72.40%
Andhra pradesh,Visakhapatnam,4288113,3850294,89.79%
Andhra pradesh,Vizianagaram,2342868,1958480,83.59%
Andhra pradesh,Warangal,3522644,3245158,92.12%
Maharashtra,Wardha,1296157,1197984,92.43%
Maharashtra,Washim,1196714,774542,64.72%
Kerala,Wayanad,816558,765036,93.69%
Delhi,West Delhi,2531583,2475486,97.78%
Andhra pradesh,West Godavari,3934782,3625433,92.14%
Haryana,Yamunanagar,1214162,968141,79.74%
Puducherry,Yanam,55616,21920,39.41%
Maharashtra,Yavatmal,2775457,1835418,66.13%
Total,,620069960,475675186,76.71%
