State,District,Aadhaar generated,Enrolment Rejected
Andaman and Nicobar Islands,Andamans,73,0
Andaman and Nicobar Islands,North And Middle Andaman,1,0
Andaman and Nicobar Islands,South Andaman,8,0
Andhra Pradesh,Adilabad,8900,30
Andhra Pradesh,Anantapur,2843,26
Andhra Pradesh,Ananthapur,110,2
Andhra Pradesh,Chittoor,2517,2
Andhra Pradesh,Cuddapah,2161,12
Andhra Pradesh,East Godavari,6140,1917
Andhra Pradesh,Guntur,8432,23
Andhra Pradesh,Hyderabad,4857,19
Andhra Pradesh,K.V.Rangareddy,6077,10
Andhra Pradesh,Karim Nagar,3982,4
Andhra Pradesh,Karimnagar,1384,0
Andhra Pradesh,Khammam,15381,13
Andhra Pradesh,Krishna,6537,9
Andhra Pradesh,Kurnool,12156,105975
Andhra Pradesh,Mahabub Nagar,4150,11528
Andhra Pradesh,Mahbubnagar,1431,2923
Andhra Pradesh,Medak,4004,73
Andhra Pradesh,Nalgonda,12391,35549
Andhra Pradesh,Nellore,4260,22647
Andhra Pradesh,Nizamabad,3981,136
Andhra Pradesh,Prakasam,2034,0
Andhra Pradesh,Srikakulam,7765,2241
Andhra Pradesh,Visakhapatnam,2907,347
Andhra Pradesh,Vizianagaram,2442,108
Andhra Pradesh,Warangal,24679,1314
Andhra Pradesh,West Godavari,3734,8
Arunachal Pradesh,Lohit,1,0
Arunachal Pradesh,Lower Subansiri,1,0
Arunachal Pradesh,Tirap,1,0
Arunachal Pradesh,West Kameng,1,0
Arunachal Pradesh,West Siang,2,0
Assam,Baksa,2,0
Assam,Barpeta,11,0
Assam,Bongaigaon,4,0
Assam,Cachar,20,1
Assam,Chirang,3,0
Assam,Darrang,4,0
Assam,Dhemaji,3,0
Assam,Dhubri,4,0
Assam,Dibrugarh,7,0
Assam,Goalpara,2,0
Assam,Golaghat,3,0
Assam,Hailakandi,3,0
Assam,Jorhat,2,0
Assam,Kamrup,10,0
Assam,Karbi Anglong,1,0
Assam,Karimganj,1,0
Assam,Kokrajhar,1,0
Assam,Lakhimpur,2,0
Assam,Marigaon,1,0
Assam,Nagaon,7,0
Assam,Nalbari,7,0
Assam,Sibsagar,3,0
Assam,Sonitpur,14,0
Assam,Tinsukia,2,0
Assam,Udalguri,3,0
Bihar,Araria,17,0
Bihar,Arwal,29,0
Bihar,Aurangabad,35,3
Bihar,Aurangabad(BH),65,0
Bihar,Banka,43,2
Bihar,Begusarai,59,1
Bihar,Bhabua,6,0
Bihar,Bhagalpur,92,2
Bihar,Bhojpur,133,2
Bihar,Buxar,90,0
Bihar,Darbhanga,117,0
Bihar,East Champaran,125,5
Bihar,Gaya,139,0
Bihar,Gopalganj,114,1
Bihar,Jamui,86,0
Bihar,Jehanabad,56,0
Bihar,Kaimur (Bhabua),32,1
Bihar,Katihar,14,1
Bihar,Khagaria,36,0
Bihar,Kishanganj,89,0
Bihar,Lakhisarai,28,0
Bihar,Madhepura,58,0
Bihar,Madhubani,117,4
Bihar,Munger,46,1
Bihar,Muzaffarpur,94,1
Bihar,Nalanda,99,0
Bihar,Nawada,46,0
Bihar,Patna,400,3
Bihar,Purnia,84,1
Bihar,Rohtas,77,0
Bihar,Saharsa,51,0
Bihar,Samastipur,82,1
Bihar,Saran,223,2
Bihar,Sheikhpura,23,0
Bihar,Sheohar,14,0
Bihar,Sitamarhi,59,1
Bihar,Siwan,140,0
Bihar,Supaul,50,1
Bihar,Vaishali,94,0
Bihar,West Champaran,70,1
Chandigarh,Chandigarh,2736,26
Chandigarh,Mohali,7,0
Chhattisgarh,Balod,3,0
Chhattisgarh,Bastar,1,0
Chhattisgarh,Bemetara,2,0
Chhattisgarh,Bilaspur,14,0
Chhattisgarh,Dhamtari,1,0
Chhattisgarh,Durg,69,0
Chhattisgarh,Janjgir Champa,6,0
Chhattisgarh,Janjgir-champa,40,0
Chhattisgarh,Jashpur,22,0
Chhattisgarh,Kanker,2,0
Chhattisgarh,Korba,15,0
Chhattisgarh,Koriya,18,0
Chhattisgarh,Mahasamund,268,1187
Chhattisgarh,Mungeli ,4,0
Chhattisgarh,Raigarh,185,0
Chhattisgarh,Raipur,150,1
Chhattisgarh,Rajnandgaon,2,0
Chhattisgarh,Surajpur ,8,0
Chhattisgarh,Surguja,20,0
Dadra and Nagar Haveli,Dadra and Nagar Haveli,4,0
Daman and Diu,Daman,169,0
Daman and Diu,Diu,225,0
Delhi,Central Delhi,972,4104
Delhi,East Delhi,2826,7923
Delhi,Najafgarh,109,23
Delhi,New Delhi,27,1
Delhi,North Delhi,1736,3579
Delhi,North East,2233,19603
Delhi,North East Delhi,23,3
Delhi,North West Delhi,6760,47602
Delhi,South Delhi,5889,15169
Delhi,South West Delhi,2271,249
Delhi,West Delhi,2177,20628
Goa,Bardez,32,0
Goa,Bicholim,2,0
Goa,North Goa,2632,80
Goa,Ponda,5,0
Goa,South Goa,958,3337
Goa,Tiswadi,2,0
Gujarat,Ahmadabad,613,0
Gujarat,Ahmedabad,1146,17
Gujarat,Amreli,2976,5
Gujarat,Anand,792,0
Gujarat,Banaskantha,871,12
Gujarat,Bharuch,504,3
Gujarat,Bhavnagar,1627,1
Gujarat,Dahod,1225,2
Gujarat,Dohad,783,3
Gujarat,Gandhinagar,2208,3
Gujarat,Jamnagar,1233,13
Gujarat,Junagadh,1326,10
Gujarat,Kachchh,182,4
Gujarat,Kheda,2103,58
Gujarat,Mahesana,900,1
Gujarat,Narmada,564,9
Gujarat,Navsari,1415,3
Gujarat,Panchmahals,1460,9
Gujarat,Patan,2242,83
Gujarat,Porbandar,1213,33
Gujarat,Rajkot,1750,45
Gujarat,Sabarkantha,2457,118
Gujarat,Surat,1679,16
Gujarat,Surendra Nagar,1300,5
Gujarat,Tapi,246,2
Gujarat,The Dangs,50,0
Gujarat,Vadodara,3834,30
Gujarat,Valsad,1051,0
Haryana,Ambala,2913,29
Haryana,Bhiwani,167,6
Haryana,Faridabad,7946,20
Haryana,Fatehabad,15,0
Haryana,Gurgaon,3505,70
Haryana,Hathin,4,0
Haryana,Hisar,614,6
Haryana,Jhajjar,92,1
Haryana,Jind,746,5
Haryana,Kaithal,309,2
Haryana,Karnal,2022,315
Haryana,Kurukshetra,536,1
Haryana,Mahendragarh,96,3
Haryana,Mewat,373,6
Haryana,Palwal,974,2
Haryana,Panchkula,238,2
Haryana,Panipat,1607,5
Haryana,Rewari,597,0
Haryana,Rohtak,502,1
Haryana,Sirsa,202,0
Haryana,Sonipat,7969,106
Haryana,Yamuna Nagar,3631,1416
Himachal Pradesh,Bilaspur,439,2
Himachal Pradesh,Bilaspur ,162,0
Himachal Pradesh,Chamba,2510,32
Himachal Pradesh,Hamirpur,1323,6
Himachal Pradesh,Kangra,6534,25
Himachal Pradesh,Kinnaur,26,0
Himachal Pradesh,Kullu,236,1
Himachal Pradesh,Lahul and Spiti,11,0
Himachal Pradesh,Mandi,615,8
Himachal Pradesh,Shimla,1545,12
Himachal Pradesh,Sirmaur,1248,19
Himachal Pradesh,Solan,1620,19
Himachal Pradesh,Una,329,9
Jammu and Kashmir,Anantnag,6,0
Jammu and Kashmir,Badgam,1,0
Jammu and Kashmir,Bandipur,1,0
Jammu and Kashmir,Baramula,2,0
Jammu and Kashmir,Baramulla,2,0
Jammu and Kashmir,Budgam,1,0
Jammu and Kashmir,Doda,3,0
Jammu and Kashmir,Jammu,101,0
Jammu and Kashmir,Kargil,1,0
Jammu and Kashmir,Kathua,16,0
Jammu and Kashmir,Kupwara,2,0
Jammu and Kashmir,Leh,3,0
Jammu and Kashmir,Poonch,1,0
Jammu and Kashmir,Pulwama,4,0
Jammu and Kashmir,Punch,2,0
Jammu and Kashmir,Rajouri,17,0
Jammu and Kashmir,Srinagar,1,0
Jammu and Kashmir,Udhampur,10,0
Jharkhand,Bokaro,7189,27
Jharkhand,Chatra,758,1
Jharkhand,Deoghar,914,7
Jharkhand,Dhanbad,10459,77
Jharkhand,Dumka,4650,161
Jharkhand,East Singhbhum,1386,12
Jharkhand,Garhwa,2763,15
Jharkhand,Giridih,3921,30
Jharkhand,Godda,6234,384
Jharkhand,Gumla,2371,11
Jharkhand,Hazaribag,244,3
Jharkhand,Hazaribagh,4725,81
Jharkhand,Jamtara,173,1
Jharkhand,Khunti,715,1
Jharkhand,Kodarma,270,0
Jharkhand,Koderma,1551,10
Jharkhand,Latehar,279,0
Jharkhand,Lohardaga,544,2
Jharkhand,Pakaur,74,0
Jharkhand,Pakur,1971,15
Jharkhand,Palamau,1158,2
Jharkhand,Palamu,3948,9
Jharkhand,Ramgarh,2575,18
Jharkhand,Ranchi,7266,72
Jharkhand,Sahebganj,1569,10
Jharkhand,Seraikela-Kharsawan,2349,119
Jharkhand,Simdega,1631,6
Jharkhand,West Singhbhum,1593,2
Karnataka,Bagalkot,347,0
Karnataka,Bangalore,10117,139
Karnataka,Bangalore Rural,245,1598
Karnataka,Belgaum,906,3
Karnataka,Bellary,1523,6
Karnataka,Bidar,600,1
Karnataka,Bijapur,134,0
Karnataka,Bijapur(KAR),687,0
Karnataka,Chamarajanagar,23,0
Karnataka,Chamrajnagar,163,0
Karnataka,Chickmagalur,301,11
Karnataka,Chikkaballapur,12085,7418
Karnataka,Chitradurga,774,3
Karnataka,Dakshina Kannada,226,0
Karnataka,Davangere,2082,5588
Karnataka,Dharwad,2560,25016
Karnataka,Gadag,210,0
Karnataka,Gulbarga,611,1
Karnataka,Hassan,814,0
Karnataka,Haveri,577,493
Karnataka,Kodagu,210,10198
Karnataka,Kolar,170,6
Karnataka,Koppal,237,1
Karnataka,Mandya,1374,6599
Karnataka,Mysore,1597,9
Karnataka,Raichur,203,0
Karnataka,Ramanagar,224,1
Karnataka,Shimoga,439,2
Karnataka,Tumkur,653,3
Karnataka,Udupi,2285,5
Karnataka,Uttara Kannada,1670,9755
Karnataka,Yadgir,91,0
Kerala,Alappuzha,4861,6808
Kerala,Ernakulam,11758,103
Kerala,Idukki,3550,56
Kerala,Kannur,6784,13697
Kerala,Kasaragod,1585,1
Kerala,Kasargod,1786,16
Kerala,Kollam,5335,3020
Kerala,Kottayam,8445,680
Kerala,Kozhikode,7341,583
Kerala,Malappuram,8012,50
Kerala,Palakkad,7127,47036
Kerala,Pathanamthitta,2568,143
Kerala,Thiruvananthapuram,9532,372
Kerala,Thrissur,8657,99
Kerala,Wayanad,4560,58
Lakshadweep,Lakshadweep,228,0
Madhya Pradesh,Alirajpur,269,116
Madhya Pradesh,Anuppur,664,37
Madhya Pradesh,Ashok Nagar,70,0
Madhya Pradesh,Balaghat,302,0
Madhya Pradesh,Barwani,438,4
Madhya Pradesh,Betul,8149,146
Madhya Pradesh,Bhind,2744,19
Madhya Pradesh,Bhopal,8089,349
Madhya Pradesh,Burhanpur,229,0
Madhya Pradesh,Chhatarpur,1779,66
Madhya Pradesh,Chhindwara,1156,6
Madhya Pradesh,Damoh,5039,153
Madhya Pradesh,Datia,1885,23
Madhya Pradesh,Dewas,920,0
Madhya Pradesh,Dhar,4575,227
Madhya Pradesh,Dindori,19,0
Madhya Pradesh,Guna,2439,129
Madhya Pradesh,Gwalior,3504,257
Madhya Pradesh,Harda,324,1
Madhya Pradesh,Hoshangabad,1330,35
Madhya Pradesh,Indore,11066,246
Madhya Pradesh,Jabalpur,11213,304
Madhya Pradesh,Jhabua,533,111
Madhya Pradesh,Katni,6341,313
Madhya Pradesh,Khandwa,1150,32
Madhya Pradesh,Khargone,3748,120
Madhya Pradesh,Mandla,883,0
Madhya Pradesh,Mandsaur,629,11
Madhya Pradesh,Morena,982,122
Madhya Pradesh,Narsinghpur,601,7
Madhya Pradesh,Neemuch,391,13
Madhya Pradesh,Panna,2775,323
Madhya Pradesh,Raisen,1590,68
Madhya Pradesh,Rajgarh,4795,134
Madhya Pradesh,Ratlam,574,5
Madhya Pradesh,Rewa,2589,37
Madhya Pradesh,Sagar,6222,348
Madhya Pradesh,Satna,3308,66
Madhya Pradesh,Sehore,2403,70
Madhya Pradesh,Seoni,1142,13
Madhya Pradesh,Shahdol,571,46
Madhya Pradesh,Shajapur,1157,1
Madhya Pradesh,Sheopur,187,3
Madhya Pradesh,Shivpuri,297,1
Madhya Pradesh,Sidhi,131,8
Madhya Pradesh,Singrauli,372,91
Madhya Pradesh,Tikamgarh,740,3
Madhya Pradesh,Ujjain,5454,187
Madhya Pradesh,Umaria,274,4
Madhya Pradesh,Vidisha,5219,257
Maharashtra,Ahmadnagar,582,6
Maharashtra,Ahmed Nagar,3823,9
Maharashtra,Akola,3357,61
Maharashtra,Amravati,7094,58
Maharashtra,Aurangabad,4820,1078
Maharashtra,Beed,1030,4
Maharashtra,Bhandara,1462,119
Maharashtra,Buldhana,1245,2
Maharashtra,Chandrapur,4595,39
Maharashtra,Dhule,5379,8
Maharashtra,Gadchiroli,335,1
Maharashtra,Gondia,317,0
Maharashtra,Gondiya,1124,70
Maharashtra,Hingoli,1736,3
Maharashtra,Jalgaon,3835,7
Maharashtra,Jalna,1563,1412
Maharashtra,Kolhapur,2161,9
Maharashtra,Latur,3564,8
Maharashtra,Mumbai,15117,164
Maharashtra,Mumbai City,406,1
Maharashtra,Mumbai( Sub Urban ),325,1
Maharashtra,Nagpur,5593,310
Maharashtra,Nanded,1174,1
Maharashtra,Nandurbar,2147,91
Maharashtra,Nashik,7173,87
Maharashtra,Osmanabad,2558,1016
Maharashtra,Parbhani,1313,2
Maharashtra,Pune,11036,67
Maharashtra,Raigarh,319,0
Maharashtra,Raigarh(MH),913,1
Maharashtra,Ratnagiri,2417,4
Maharashtra,Sangli,1916,10
Maharashtra,Satara,1423,7
Maharashtra,Sindhudurg,78,0
Maharashtra,Solapur,2087,2
Maharashtra,Thane,15640,6643
Maharashtra,Wardha,752,23
Maharashtra,Washim,430,0
Maharashtra,Yavatmal,2278,11
Manipur,Bishnupur,147,2
Manipur,Chandel,127,0
Manipur,Churachandpur,107,0
Manipur,Imphal East,333,0
Manipur,Imphal West,185,0
Manipur,Senapati,93,0
Manipur,Tamenglong,47,0
Manipur,Thoubal,1287,4
Manipur,Ukhrul,67,2
Meghalaya,East Khasi Hills,1,0
Meghalaya,West Garo Hills,2,0
Meghalaya,West Khasi Hills,1,0
Mizoram,Aizawl,4,0
Nagaland,Dimapur,74,4
Nagaland,Kiphire,317,3
Nagaland,Kohima,8,0
Nagaland,Longleng,66,0
Nagaland,Mokokchung,0,4
Nagaland,Mon,861,6
Nagaland,Phek,4,4
Nagaland,Tuensang,465,15
Nagaland,Wokha,136,5
Nagaland,Zunheboto,80,0
Odisha,Angul,6,0
Odisha,Anugul,9,0
Odisha,Balangir,5097,4009
Odisha,Baleswar,46882,6960
Odisha,Bargarh,182,861
Odisha,Bhadrak,144,0
Odisha,Boudh,1,0
Odisha,Cuttack,10510,25235
Odisha,Debagarh,2,0
Odisha,Dhenkanal,42,0
Odisha,Gajapati,24,0
Odisha,Ganjam,864,893
Odisha,Jagatsinghapur,34,1
Odisha,Jajapur,62,1
Odisha,Jharsuguda,5,0
Odisha,Kalahandi,3,0
Odisha,Kandhamal,47,0
Odisha,Kendrapara,48,1
Odisha,Kendujhar,472,10106
Odisha,Khorda,21,0
Odisha,Khordha,1652,7586
Odisha,Koraput,446,421
Odisha,Malkangiri,10,0
Odisha,Mayurbhanj,27,0
Odisha,Nabarangapur,0,2
Odisha,Nayagarh,122,0
Odisha,Nuapada,2,0
Odisha,Puri,220,0
Odisha,Rayagada,181,1067
Odisha,Sambalpur,9,1
Odisha,Sonapur,1270,13248
Odisha,Sundergarh,129,0
Others,Others,119,12
Puducherry,Karaikal,131,4
Puducherry,Pondicherry,1034,32
Puducherry,Puducherry,93,0
Puducherry,Yanam,22,0
Punjab,Amritsar,7212,40
Punjab,Barnala,4945,108
Punjab,Bathinda,7030,218
Punjab,Chandigarh,2,0
Punjab,Faridkot,599,1
Punjab,Fatehgarh Sahib,1460,18
Punjab,Fazilka,572,0
Punjab,Ferozepur,1490,2
Punjab,Gurdaspur,3704,20
Punjab,Hoshiarpur,1402,20
Punjab,Jalandhar,4085,22
Punjab,Kapurthala,2624,30
Punjab,Ludhiana,12482,469
Punjab,Mansa,1887,4
Punjab,Moga,3792,3
Punjab,Muktsar,329,0
Punjab,Nawanshahr,122,0
Punjab,Pathankot,28,0
Punjab,Patiala,3709,45
Punjab,Rupnagar,628,0
Punjab,SAS Nagar (Mohali),810,4
Punjab,Sangrur,3449,24
Punjab,Shaheed Bhagat Singh Nagar,588,17
Punjab,Sri Muktsar Sahib,622,0
Punjab,Tarn Taran,2293,167
Rajasthan,Ajmer,8681,67
Rajasthan,Alwar,5997,69
Rajasthan,Banswara,151,8
Rajasthan,Baran,628,79
Rajasthan,Barmer,6756,690
Rajasthan,Bharatpur,792,5
Rajasthan,Bhilwara,4466,53
Rajasthan,Bikaner,4962,243
Rajasthan,Bundi,881,3
Rajasthan,Chittorgarh,743,1
Rajasthan,Churu,4594,201
Rajasthan,Dausa,4704,20
Rajasthan,Dholpur,25,0
Rajasthan,Dungarpur,472,1
Rajasthan,Ganganagar,575,3
Rajasthan,Hanumangarh,3027,54
Rajasthan,Jaipur,7823,48
Rajasthan,Jaisalmer,30,0
Rajasthan,Jalor,4262,193
Rajasthan,Jhalawar,132,1
Rajasthan,Jhunjhunu,5130,309
Rajasthan,Jhunjhunun,3564,88
Rajasthan,Jodhpur,4703,50
Rajasthan,Karauli,118,1
Rajasthan,Kota,1113,53
Rajasthan,Nagaur,6711,217
Rajasthan,Pali,2760,162
Rajasthan,Pratapgarh,177,5
Rajasthan,Rajsamand,1477,63
Rajasthan,Sawai Madhopur,506,4
Rajasthan,Sikar,3158,26
Rajasthan,Sirohi,2331,102
Rajasthan,Tonk,1926,42
Rajasthan,Udaipur,7733,126
Sikkim,East Sikkim,231,0
Sikkim,North Sikkim,8,0
Sikkim,South Sikkim,38,0
Sikkim,West Sikkim,50,0
Tamil Nadu,Ariyalur,267,14
Tamil Nadu,Chennai,117,1
Tamil Nadu,Coimbatore,709,99
Tamil Nadu,Cuddalore,1757,12658
Tamil Nadu,Dharmapuri,7628,616
Tamil Nadu,Dindigul,100,2
Tamil Nadu,Erode,9387,14079
Tamil Nadu,Kancheepuram,5,0
Tamil Nadu,Kanchipuram,49,0
Tamil Nadu,Kanniyakumari,7,0
Tamil Nadu,Kanyakumari,21,1
Tamil Nadu,Karur,2984,13336
Tamil Nadu,Krishnagiri,17,2
Tamil Nadu,Madurai,1582,2563
Tamil Nadu,Nagapattinam,1376,467
Tamil Nadu,Namakkal,57,1
Tamil Nadu,Nilgiris,7,0
Tamil Nadu,Perambalur,329,2930
Tamil Nadu,Pudukkottai,2155,2822
Tamil Nadu,Ramanathapuram,321,272
Tamil Nadu,Salem,4475,1446
Tamil Nadu,Sivaganga,37,0
Tamil Nadu,Thanjavur,38,783
Tamil Nadu,The Nilgiris,1,0
Tamil Nadu,Theni,177,0
Tamil Nadu,Thoothukkudi,377,1
Tamil Nadu,Tiruchirappalli,1263,8011
Tamil Nadu,Tirunelveli,34,0
Tamil Nadu,Tiruvallur,677,129
Tamil Nadu,Tiruvannamalai,2828,3133
Tamil Nadu,Tiruvarur,3,0
Tamil Nadu,Tuticorin,8,0
Tamil Nadu,Vellore,776,11329
Tamil Nadu,Villupuram,24,0
Tamil Nadu,Viluppuram,12,0
Tamil Nadu,Virudhunagar,165,1
Tripura,Dhalai,265,0
Tripura,Khowai,2,0
Tripura,North Tripura,574,1
Tripura,Sepahijala,1,0
Tripura,South Tripura,824,0
Tripura,Unakoti,1,0
Tripura,West Tripura,1167,0
Uttar Pradesh,Agra,516,0
Uttar Pradesh,Aligarh,167,2
Uttar Pradesh,Allahabad,554,0
Uttar Pradesh,Ambedkar Nagar,121,2
Uttar Pradesh,Amethi,22,0
Uttar Pradesh,Amroha,4,0
Uttar Pradesh,Auraiya,111,3
Uttar Pradesh,Azamgarh,120,0
Uttar Pradesh,Baghpat,33,1
Uttar Pradesh,Bagpat,12,0
Uttar Pradesh,Bahraich,16,0
Uttar Pradesh,Ballia,175,2
Uttar Pradesh,Balrampur,12,0
Uttar Pradesh,Banda,24,0
Uttar Pradesh,Bara Banki,1,0
Uttar Pradesh,Barabanki,297,0
Uttar Pradesh,Bareilly,301,0
Uttar Pradesh,Basti,40,4
Uttar Pradesh,Bijnor,55,0
Uttar Pradesh,Budaun,57,3
Uttar Pradesh,Bulandshahar,30,0
Uttar Pradesh,Bulandshahr,63,0
Uttar Pradesh,Chandauli,52,0
Uttar Pradesh,Chitrakoot,15,0
Uttar Pradesh,Deoria,143,3
Uttar Pradesh,Etah,115,1
Uttar Pradesh,Etawah,189,1
Uttar Pradesh,Faizabad,82,0
Uttar Pradesh,Farrukhabad,58,0
Uttar Pradesh,Fatehpur,28,3
Uttar Pradesh,Firozabad,234,0
Uttar Pradesh,Gautam Buddha Nagar,192,0
Uttar Pradesh,Ghaziabad,382,3
Uttar Pradesh,Ghazipur,262,1
Uttar Pradesh,Gonda,55,4
Uttar Pradesh,Gorakhpur,132,2
Uttar Pradesh,Hamirpur,10,1
Uttar Pradesh,Hapur,82,1
Uttar Pradesh,Hardoi,67,1
Uttar Pradesh,Hathras,110,0
Uttar Pradesh,Jalaun,45,26
Uttar Pradesh,Jaunpur,96,0
Uttar Pradesh,Jhansi,92,0
Uttar Pradesh,Jyotiba Phule Nagar,26,0
Uttar Pradesh,Kannauj,79,0
Uttar Pradesh,Kanpur Dehat,52,1
Uttar Pradesh,Kanpur Nagar,1357,1
Uttar Pradesh,Kasganj,7,0
Uttar Pradesh,Kaushambi,19,0
Uttar Pradesh,Kheri,87,394
Uttar Pradesh,Kushinagar,97,1
Uttar Pradesh,Lalitpur,127,0
Uttar Pradesh,Lucknow,1296,27
Uttar Pradesh,Maharajganj,15,0
Uttar Pradesh,Mahoba,60,0
Uttar Pradesh,Mahrajganj,1,0
Uttar Pradesh,Mainpuri,111,0
Uttar Pradesh,Mathura,120,2
Uttar Pradesh,Mau,56,1
Uttar Pradesh,Meerut,78,0
Uttar Pradesh,Mirzapur,30,0
Uttar Pradesh,Moradabad,156,0
Uttar Pradesh,Muzaffarnagar,66,0
Uttar Pradesh,Pilibhit,68,1
Uttar Pradesh,Pratapgarh,71,0
Uttar Pradesh,Rae Bareli,23,0
Uttar Pradesh,Raebareli,97,3
Uttar Pradesh,Rampur,35,0
Uttar Pradesh,Saharanpur,103,1
Uttar Pradesh,Sambhal,2,1
Uttar Pradesh,Sant Kabir Nagar,38,2
Uttar Pradesh,Sant Ravidas Nagar,18,0
Uttar Pradesh,Sant Ravidas Nagar Bhadohi,13,0
Uttar Pradesh,Shahjahanpur,36,0
Uttar Pradesh,Shamli,11,0
Uttar Pradesh,Shrawasti,6,0
Uttar Pradesh,Siddharthnagar,28,0
Uttar Pradesh,Sitapur,70,4
Uttar Pradesh,Sonbhadra,31,0
Uttar Pradesh,Sultanpur,160,0
Uttar Pradesh,Unnao,183,1
Uttar Pradesh,Varanasi,129,0
Uttarakhand,Almora,45,2
Uttarakhand,Bageshwar,28,0
Uttarakhand,Chamoli,24,0
Uttarakhand,Champawat,31,0
Uttarakhand,Dehradun,266,0
Uttarakhand,Garhwal,48,0
Uttarakhand,Hardwar,90,0
Uttarakhand,Haridwar,13,0
Uttarakhand,Nainital,248,0
Uttarakhand,Pauri Garhwal,59,1
Uttarakhand,Pithoragarh,49,1
Uttarakhand,Rudraprayag,21,1
Uttarakhand,Tehri Garhwal,27,0
Uttarakhand,Udham Singh Nagar,356,0
Uttarakhand,Uttarkashi,5,0
West Bengal,Amta - II,1,0
West Bengal,Bally Jagachha,20,0
West Bengal,Bankura,62,1
West Bengal,Barddhaman,2966,8341
West Bengal,Bardhaman,1577,1294
West Bengal,Birbhum,51,16
West Bengal,Cooch Behar,7711,305
West Bengal,Dakshin Dinajpur,10,2
West Bengal,Darjeeling,434,2
West Bengal,Domjur,1,1
West Bengal,East Midnapore,574,2639
West Bengal,Hooghly,4551,1620
West Bengal,Howrah,54819,1989
West Bengal,Jalpaiguri,4963,150
West Bengal,Kolkata,26832,172
West Bengal,Malda,3075,1186
West Bengal,Medinipur,1137,1994
West Bengal,Murshidabad,29212,13145
West Bengal,Nadia,33752,3049
West Bengal,Naihati Anandabazar,2,0
West Bengal,North 24 Parganas,2308,1768
West Bengal,North Dinajpur,25,5
West Bengal,Purulia,24,1
West Bengal,South 24 Parganas,11,0
West Bengal,South Dinajpur,9,0
West Bengal,South Twenty Four Parganas,12828,353
West Bengal,West Midnapore,306,96
