State,District,Aadhaar generated,Enrolment Rejected
Andaman and Nicobar Islands,Andamans,44,0
Andaman and Nicobar Islands,South Andaman,6,0
Andhra Pradesh,Adilabad,5558,106
Andhra Pradesh,Anantapur,1202,5
Andhra Pradesh,Ananthapur,159,3
Andhra Pradesh,Chittoor,1125,4
Andhra Pradesh,Cuddapah,3050,12
Andhra Pradesh,East Godavari,5024,989
Andhra Pradesh,Guntur,7651,20
Andhra Pradesh,Hyderabad,2280,29
Andhra Pradesh,K.V.Rangareddy,2453,79
Andhra Pradesh,Karim Nagar,3284,25
Andhra Pradesh,Karimnagar,735,0
Andhra Pradesh,Khammam,4851,233
Andhra Pradesh,Krishna,3149,14
Andhra Pradesh,Kurnool,9004,101211
Andhra Pradesh,Mahabub Nagar,2094,15214
Andhra Pradesh,Mahbubnagar,798,2948
Andhra Pradesh,Medak,6393,603
Andhra Pradesh,Nalgonda,6239,38903
Andhra Pradesh,Nellore,1773,7553
Andhra Pradesh,Nizamabad,5407,270
Andhra Pradesh,Prakasam,822,0
Andhra Pradesh,Srikakulam,3497,9409
Andhra Pradesh,Visakhapatnam,1510,409
Andhra Pradesh,Vizianagaram,821,37
Andhra Pradesh,Warangal,14849,19964
Andhra Pradesh,West Godavari,2979,14
Assam,Baksa,1,0
Assam,Barpeta,1,0
Assam,Bongaigaon,1,0
Assam,Cachar,8,1
Assam,Darrang,5,0
Assam,Dhemaji,2,0
Assam,Dibrugarh,3,0
Assam,Golaghat,3,0
Assam,Jorhat,6,0
Assam,Kamrup,8,0
Assam,Karimganj,4,0
Assam,Kokrajhar,6,0
Assam,Lakhimpur,4,0
Assam,Marigaon,1,0
Assam,Nagaon,8,0
Assam,Nalbari,2,0
Assam,Sibsagar,5,0
Assam,Sonitpur,9,0
Assam,Tinsukia,4,0
Assam,Udalguri,4,0
Bihar,Araria,11,0
Bihar,Arwal,21,0
Bihar,Aurangabad,23,0
Bihar,Aurangabad(BH),18,1
Bihar,Banka,38,1
Bihar,Begusarai,39,3
Bihar,Bhabua,2,0
Bihar,Bhagalpur,61,1
Bihar,Bhojpur,104,7
Bihar,Buxar,66,2
Bihar,Darbhanga,69,5
Bihar,East Champaran,74,1
Bihar,Gaya,99,4
Bihar,Gopalganj,179,8
Bihar,Jamui,72,0
Bihar,Jehanabad,34,0
Bihar,Kaimur (Bhabua),12,0
Bihar,Katihar,14,0
Bihar,Khagaria,22,0
Bihar,Kishanganj,52,0
Bihar,Lakhisarai,14,0
Bihar,Madhepura,27,1
Bihar,Madhubani,56,2
Bihar,Munger,39,0
Bihar,Muzaffarpur,59,3
Bihar,Nalanda,60,2
Bihar,Nawada,37,1
Bihar,Patna,203,0
Bihar,Purnia,55,0
Bihar,Rohtas,62,0
Bihar,Saharsa,29,0
Bihar,Samastipur,59,1
Bihar,Saran,136,11
Bihar,Sheikhpura,18,0
Bihar,Sheohar,7,0
Bihar,Sitamarhi,28,4
Bihar,Siwan,99,5
Bihar,Supaul,26,1
Bihar,Vaishali,74,1
Bihar,West Champaran,23,0
Chandigarh,Chandigarh,2140,28
Chandigarh,Mohali,2,0
Chhattisgarh,Balod,2,0
Chhattisgarh,Baloda Bazar,1,0
Chhattisgarh,Bastar,1,0
Chhattisgarh,Bilaspur,6,0
Chhattisgarh,Dhamtari,4,0
Chhattisgarh,Durg,31,0
Chhattisgarh,Janjgir Champa,2,0
Chhattisgarh,Janjgir-champa,24,0
Chhattisgarh,Jashpur,14,0
Chhattisgarh,Kanker,2,0
Chhattisgarh,Korba,12,0
Chhattisgarh,Koriya,14,0
Chhattisgarh,Mahasamund,82,1607
Chhattisgarh,Mungeli ,1,0
Chhattisgarh,Raigarh,504,1
Chhattisgarh,Raipur,72,0
Chhattisgarh,Rajnandgaon,1,0
Chhattisgarh,Surajpur ,8,0
Chhattisgarh,Surguja,13,2
Dadra and Nagar Haveli,Dadra and Nagar Haveli,4,0
Daman and Diu,Daman,208,0
Daman and Diu,Diu,53,3
Delhi,Central Delhi,861,1423
Delhi,East Delhi,2931,10602
Delhi,Najafgarh,115,231
Delhi,New Delhi,9,0
Delhi,North Delhi,966,4935
Delhi,North East,2205,24735
Delhi,North East Delhi,40,7
Delhi,North West Delhi,6815,46815
Delhi,South Delhi,7209,22828
Delhi,South West Delhi,1355,1350
Delhi,West Delhi,1780,15415
Goa,Bardez,5,0
Goa,North Goa,1477,121
Goa,South Goa,249,16
Gujarat,Ahmadabad,365,0
Gujarat,Ahmedabad,464,16
Gujarat,Amreli,4846,2
Gujarat,Anand,369,3
Gujarat,Banaskantha,225,3
Gujarat,Bharuch,238,4
Gujarat,Bhavnagar,2169,2
Gujarat,Dahod,1378,1
Gujarat,Dohad,568,2
Gujarat,Gandhinagar,3706,0
Gujarat,Jamnagar,426,8
Gujarat,Junagadh,491,4
Gujarat,Kachchh,115,6
Gujarat,Kheda,3244,58
Gujarat,Mahesana,297,5
Gujarat,Narmada,331,10
Gujarat,Navsari,3261,13
Gujarat,Panchmahals,357,8
Gujarat,Patan,4134,111
Gujarat,Porbandar,1532,62
Gujarat,Rajkot,588,90
Gujarat,Sabarkantha,2939,167
Gujarat,Surat,600,6
Gujarat,Surendra Nagar,1321,25
Gujarat,Tapi,665,1
Gujarat,The Dangs,18,2
Gujarat,Vadodara,5581,10
Gujarat,Valsad,417,9
Haryana,Ambala,2392,18
Haryana,Bhiwani,126,3
Haryana,Faridabad,4439,187
Haryana,Fatehabad,10,0
Haryana,Gurgaon,1812,121
Haryana,Hisar,626,9
Haryana,Jhajjar,64,4
Haryana,Jind,1039,0
Haryana,Kaithal,328,3
Haryana,Karnal,1606,306
Haryana,Kurukshetra,507,1
Haryana,Mahendragarh,54,0
Haryana,Mewat,353,0
Haryana,Palwal,263,8
Haryana,Panchkula,162,4
Haryana,Panipat,405,2
Haryana,Rewari,203,2
Haryana,Rohtak,604,1
Haryana,Sirsa,148,1
Haryana,Sonipat,6683,78
Haryana,Yamuna Nagar,2845,348
Himachal Pradesh,Bilaspur,239,0
Himachal Pradesh,Bilaspur ,92,2
Himachal Pradesh,Chamba,845,29
Himachal Pradesh,Hamirpur,472,5
Himachal Pradesh,Kangra,2211,26
Himachal Pradesh,Kinnaur,12,0
Himachal Pradesh,Kullu,128,0
Himachal Pradesh,Lahul and Spiti,3,0
Himachal Pradesh,Mandi,304,7
Himachal Pradesh,Shimla,810,11
Himachal Pradesh,Sirmaur,468,24
Himachal Pradesh,Solan,796,42
Himachal Pradesh,Una,199,8
Jammu and Kashmir,Anantnag,4,0
Jammu and Kashmir,Badgam,4,0
Jammu and Kashmir,Bandipur,1,0
Jammu and Kashmir,Baramula,2,0
Jammu and Kashmir,Baramulla,2,0
Jammu and Kashmir,Doda,2,0
Jammu and Kashmir,Jammu,49,1
Jammu and Kashmir,Kargil,1,0
Jammu and Kashmir,Kathua,12,0
Jammu and Kashmir,Kupwara,2,0
Jammu and Kashmir,Leh,1,0
Jammu and Kashmir,Pulwama,1,0
Jammu and Kashmir,Punch,2,0
Jammu and Kashmir,Rajouri,5,0
Jammu and Kashmir,Srinagar,1,0
Jammu and Kashmir,Udhampur,6,0
Jharkhand,Bokaro,4103,47
Jharkhand,Chatra,427,13
Jharkhand,Deoghar,393,0
Jharkhand,Dhanbad,4698,102
Jharkhand,Dumka,3035,351
Jharkhand,East Singhbhum,1182,16
Jharkhand,Garhwa,1613,8
Jharkhand,Giridih,786,21
Jharkhand,Godda,7385,124
Jharkhand,Gumla,728,9
Jharkhand,Hazaribag,100,2
Jharkhand,Hazaribagh,4575,79
Jharkhand,Jamtara,62,4
Jharkhand,Khunti,337,4
Jharkhand,Kodarma,98,0
Jharkhand,Koderma,1491,11
Jharkhand,Latehar,353,3
Jharkhand,Lohardaga,165,4
Jharkhand,Pakaur,50,0
Jharkhand,Pakur,1230,16
Jharkhand,Palamau,739,2
Jharkhand,Palamu,2090,20
Jharkhand,Ramgarh,2470,36
Jharkhand,Ranchi,6342,633
Jharkhand,Sahebganj,1781,3
Jharkhand,Seraikela-Kharsawan,1828,101
Jharkhand,Simdega,1182,12
Jharkhand,West Singhbhum,990,5
Karnataka,Bagalkot,150,0
Karnataka,Bangalore,3271,193
Karnataka,Bangalore Rural,1910,2994
Karnataka,Belgaum,587,1
Karnataka,Bellary,288,8
Karnataka,Bidar,461,2
Karnataka,Bijapur,266,0
Karnataka,Bijapur(KAR),266,0
Karnataka,Chamarajanagar,21,1
Karnataka,Chamrajnagar,79,0
Karnataka,Chickmagalur,191,14
Karnataka,Chikkaballapur,22143,3166
Karnataka,Chitradurga,268,422
Karnataka,Dakshina Kannada,248,0
Karnataka,Davangere,696,1789
Karnataka,Dharwad,1843,16322
Karnataka,Gadag,76,0
Karnataka,Gulbarga,247,1
Karnataka,Hassan,496,6
Karnataka,Haveri,147,1659
Karnataka,Kodagu,540,15536
Karnataka,Kolar,124,7
Karnataka,Koppal,180,1
Karnataka,Mandya,6182,8863
Karnataka,Mysore,985,7
Karnataka,Raichur,56,0
Karnataka,Ramanagar,114,2
Karnataka,Shimoga,193,1
Karnataka,Tumkur,302,1
Karnataka,Udupi,434,1
Karnataka,Uttara Kannada,603,14905
Karnataka,Yadgir,94,1
Kerala,Alappuzha,3209,6589
Kerala,Ernakulam,8273,62
Kerala,Idukki,1782,78
Kerala,Kannur,5313,1171
Kerala,Kasaragod,852,1
Kerala,Kasargod,1373,7
Kerala,Kollam,5810,2045
Kerala,Kottayam,4580,1986
Kerala,Kozhikode,7003,2544
Kerala,Malappuram,10445,24
Kerala,Palakkad,3109,30111
Kerala,Pathanamthitta,1315,42
Kerala,Thiruvananthapuram,5618,1366
Kerala,Thrissur,7279,40
Kerala,Wayanad,3508,34
Lakshadweep,Lakshadweep,79,0
Madhya Pradesh,Alirajpur,526,139
Madhya Pradesh,Anuppur,703,12
Madhya Pradesh,Ashok Nagar,86,1
Madhya Pradesh,Balaghat,175,2
Madhya Pradesh,Barwani,428,9
Madhya Pradesh,Betul,10205,105
Madhya Pradesh,Bhind,1317,196
Madhya Pradesh,Bhopal,6481,565
Madhya Pradesh,Burhanpur,148,0
Madhya Pradesh,Chhatarpur,944,24
Madhya Pradesh,Chhindwara,843,8
Madhya Pradesh,Damoh,3185,295
Madhya Pradesh,Datia,785,233
Madhya Pradesh,Dewas,1038,2
Madhya Pradesh,Dhar,3830,225
Madhya Pradesh,Dindori,39,0
Madhya Pradesh,Guna,1579,343
Madhya Pradesh,Gwalior,2325,215
Madhya Pradesh,Harda,121,0
Madhya Pradesh,Hoshangabad,1118,67
Madhya Pradesh,Indore,9366,289
Madhya Pradesh,Jabalpur,8688,762
Madhya Pradesh,Jhabua,474,259
Madhya Pradesh,Katni,2479,343
Madhya Pradesh,Khandwa,1060,45
Madhya Pradesh,Khargone,4182,254
Madhya Pradesh,Mandla,430,1
Madhya Pradesh,Mandsaur,1124,4
Madhya Pradesh,Morena,661,34
Madhya Pradesh,Narsinghpur,586,2
Madhya Pradesh,Neemuch,450,4
Madhya Pradesh,Panna,1034,614
Madhya Pradesh,Raisen,1287,145
Madhya Pradesh,Rajgarh,1443,515
Madhya Pradesh,Ratlam,837,5
Madhya Pradesh,Rewa,1920,19
Madhya Pradesh,Sagar,6274,665
Madhya Pradesh,Satna,3563,73
Madhya Pradesh,Sehore,1333,221
Madhya Pradesh,Seoni,736,5
Madhya Pradesh,Shahdol,909,60
Madhya Pradesh,Shajapur,752,0
Madhya Pradesh,Sheopur,104,4
Madhya Pradesh,Shivpuri,296,0
Madhya Pradesh,Sidhi,73,6
Madhya Pradesh,Singrauli,40,50
Madhya Pradesh,Tikamgarh,372,2
Madhya Pradesh,Ujjain,3243,293
Madhya Pradesh,Umaria,460,2
Madhya Pradesh,Vidisha,3999,515
Maharashtra,Ahmadnagar,893,26
Maharashtra,Ahmed Nagar,1443,111
Maharashtra,Akola,927,282
Maharashtra,Amravati,6476,142
Maharashtra,Aurangabad,2721,1061
Maharashtra,Beed,277,10
Maharashtra,Bhandara,894,1506
Maharashtra,Buldhana,594,11
Maharashtra,Chandrapur,5215,17
Maharashtra,Dhule,2863,27
Maharashtra,Gadchiroli,160,1
Maharashtra,Gondia,104,9
Maharashtra,Gondiya,1487,167
Maharashtra,Hingoli,449,5
Maharashtra,Jalgaon,1287,155
Maharashtra,Jalna,606,2323
Maharashtra,Kolhapur,1016,7
Maharashtra,Latur,1391,9
Maharashtra,Mumbai,9416,221
Maharashtra,Mumbai City,67,1
Maharashtra,Mumbai( Sub Urban ),115,0
Maharashtra,Nagpur,1880,4828
Maharashtra,Nanded,351,0
Maharashtra,Nandurbar,4660,54
Maharashtra,Nashik,3082,117
Maharashtra,Osmanabad,1037,222
Maharashtra,Parbhani,561,137
Maharashtra,Pune,7769,372
Maharashtra,Raigarh,81,1
Maharashtra,Raigarh(MH),358,4
Maharashtra,Ratnagiri,2724,0
Maharashtra,Sangli,827,12
Maharashtra,Satara,537,79
Maharashtra,Sindhudurg,36,4
Maharashtra,Solapur,756,15
Maharashtra,Thane,6972,4844
Maharashtra,Wardha,553,62
Maharashtra,Washim,156,1
Maharashtra,Yavatmal,652,35
Manipur,Bishnupur,222,0
Manipur,Chandel,13,0
Manipur,Churachandpur,19,0
Manipur,Imphal East,57,0
Manipur,Imphal West,33,0
Manipur,Senapati,16,0
Manipur,Tamenglong,2,0
Manipur,Thoubal,414,0
Manipur,Ukhrul,82,1
Mizoram,Aizawl,1,0
Mizoram,Champhai,1,0
Nagaland,Dimapur,7,0
Nagaland,Kiphire,84,0
Nagaland,Kohima,5,0
Nagaland,Longleng,32,0
Nagaland,Mon,325,27
Nagaland,Phek,6,2
Nagaland,Tuensang,299,10
Nagaland,Wokha,30,0
Nagaland,Zunheboto,8,0
Odisha,Angul,7,0
Odisha,Anugul,3,0
Odisha,Balangir,1360,1566
Odisha,Baleswar,12292,46783
Odisha,Bargarh,64,20
Odisha,Baudh,0,2
Odisha,Bhadrak,78,0
Odisha,Cuttack,8194,51212
Odisha,Debagarh,1,0
Odisha,Dhenkanal,15,1
Odisha,Gajapati,9,0
Odisha,Ganjam,386,1243
Odisha,Jagatsinghapur,15,0
Odisha,Jajapur,40,0
Odisha,Jharsuguda,3,0
Odisha,Kalahandi,5,0
Odisha,Kandhamal,16,14
Odisha,Kendrapara,46,0
Odisha,Kendujhar,271,2965
Odisha,Khorda,15,0
Odisha,Khordha,862,15789
Odisha,Koraput,183,433
Odisha,Malkangiri,12,0
Odisha,Mayurbhanj,10,1
Odisha,Nabarangapur,0,7
Odisha,Nayagarh,50,0
Odisha,Puri,90,0
Odisha,Rayagada,77,1922
Odisha,Sambalpur,4,0
Odisha,Sonapur,773,23972
Odisha,Sundergarh,31,0
Others,Others,48,9
Puducherry,Karaikal,7,1
Puducherry,Pondicherry,461,1
Puducherry,Puducherry,309,1
Puducherry,Yanam,3,0
Punjab,Amritsar,5818,37
Punjab,Barnala,1030,153
Punjab,Bathinda,12220,682
Punjab,Faridkot,352,6
Punjab,Fatehgarh Sahib,1764,37
Punjab,Fazilka,165,14
Punjab,Ferozepur,512,826
Punjab,Gurdaspur,2334,6
Punjab,Hoshiarpur,987,11
Punjab,Jalandhar,3810,93
Punjab,Kapurthala,1796,44
Punjab,Ludhiana,10516,274
Punjab,Mansa,3602,2
Punjab,Moga,1628,717
Punjab,Muktsar,168,0
Punjab,Nawanshahr,46,0
Punjab,Pathankot,33,2
Punjab,Patiala,6705,24
Punjab,Rupnagar,205,1
Punjab,SAS Nagar (Mohali),373,60
Punjab,Sangrur,3086,144
Punjab,Shaheed Bhagat Singh Nagar,717,16
Punjab,Sri Muktsar Sahib,318,163
Punjab,Tarn Taran,2026,74
Rajasthan,Ajmer,6027,172
Rajasthan,Alwar,3918,81
Rajasthan,Banswara,286,4
Rajasthan,Baran,547,8
Rajasthan,Barmer,12130,1047
Rajasthan,Bharatpur,446,2
Rajasthan,Bhilwara,1736,78
Rajasthan,Bikaner,3291,476
Rajasthan,Bundi,1233,13
Rajasthan,Chittorgarh,761,0
Rajasthan,Churu,2407,185
Rajasthan,Dausa,2261,106
Rajasthan,Dholpur,18,0
Rajasthan,Dungarpur,699,1
Rajasthan,Ganganagar,410,11
Rajasthan,Hanumangarh,2519,96
Rajasthan,Jaipur,4530,89
Rajasthan,Jaisalmer,48,0
Rajasthan,Jalor,4683,523
Rajasthan,Jhalawar,92,0
Rajasthan,Jhunjhunu,3009,240
Rajasthan,Jhunjhunun,3126,76
Rajasthan,Jodhpur,1964,80
Rajasthan,Karauli,72,0
Rajasthan,Kota,1164,18
Rajasthan,Nagaur,3981,297
Rajasthan,Pali,2371,227
Rajasthan,Pratapgarh,86,1
Rajasthan,Rajsamand,1286,35
Rajasthan,Sawai Madhopur,444,2
Rajasthan,Sikar,2264,27
Rajasthan,Sirohi,2109,245
Rajasthan,Tonk,4672,13
Rajasthan,Udaipur,11079,117
Sikkim,East Sikkim,85,0
Sikkim,North Sikkim,3,0
Sikkim,South Sikkim,12,0
Sikkim,West Sikkim,23,0
Tamil Nadu,Ariyalur,251,3
Tamil Nadu,Chennai,53,0
Tamil Nadu,Coimbatore,484,1895
Tamil Nadu,Cuddalore,313,1962
Tamil Nadu,Dharmapuri,11894,574
Tamil Nadu,Dindigul,46,1
Tamil Nadu,Erode,10279,21580
Tamil Nadu,Kancheepuram,3,0
Tamil Nadu,Kanchipuram,25,0
Tamil Nadu,Kanniyakumari,7,0
Tamil Nadu,Kanyakumari,17,0
Tamil Nadu,Karur,2005,8359
Tamil Nadu,Krishnagiri,6,0
Tamil Nadu,Madurai,1369,2259
Tamil Nadu,Nagapattinam,147,190
Tamil Nadu,Namakkal,51,0
Tamil Nadu,Nilgiris,4,0
Tamil Nadu,Perambalur,231,4495
Tamil Nadu,Pudukkottai,799,5467
Tamil Nadu,Ramanathapuram,91,2
Tamil Nadu,Salem,8993,155
Tamil Nadu,Sivaganga,28,10
Tamil Nadu,Thanjavur,37,1976
Tamil Nadu,Theni,98,0
Tamil Nadu,Thiruvarur,1,0
Tamil Nadu,Thoothukkudi,138,0
Tamil Nadu,Tiruchirappalli,550,3274
Tamil Nadu,Tirunelveli,34,0
Tamil Nadu,Tiruvallur,996,1294
Tamil Nadu,Tiruvannamalai,6519,34908
Tamil Nadu,Tiruvarur,6,0
Tamil Nadu,Tuticorin,4,0
Tamil Nadu,Vellore,845,6095
Tamil Nadu,Villupuram,8,0
Tamil Nadu,Viluppuram,7,0
Tamil Nadu,Virudhunagar,57,1
Tripura,Dhalai,109,0
Tripura,Khowai,1,0
Tripura,North Tripura,230,0
Tripura,Sepahijala,2,0
Tripura,South Tripura,279,0
Tripura,West Tripura,485,0
Uttar Pradesh,Agra,319,3
Uttar Pradesh,Aligarh,219,1
Uttar Pradesh,Allahabad,779,0
Uttar Pradesh,Ambedkar Nagar,56,1
Uttar Pradesh,Amethi,26,0
Uttar Pradesh,Amroha,4,0
Uttar Pradesh,Auraiya,61,1
Uttar Pradesh,Azamgarh,68,0
Uttar Pradesh,Baghpat,45,0
Uttar Pradesh,Bagpat,3,0
Uttar Pradesh,Bahraich,8,0
Uttar Pradesh,Ballia,124,3
Uttar Pradesh,Balrampur,16,0
Uttar Pradesh,Banda,19,0
Uttar Pradesh,Bara Banki,2,0
Uttar Pradesh,Barabanki,314,0
Uttar Pradesh,Bareilly,237,1
Uttar Pradesh,Basti,35,0
Uttar Pradesh,Bijnor,54,1
Uttar Pradesh,Budaun,27,0
Uttar Pradesh,Bulandshahar,9,0
Uttar Pradesh,Bulandshahr,40,1
Uttar Pradesh,Chandauli,47,1
Uttar Pradesh,Chitrakoot,14,0
Uttar Pradesh,Deoria,125,1
Uttar Pradesh,Etah,48,0
Uttar Pradesh,Etawah,165,1
Uttar Pradesh,Faizabad,88,0
Uttar Pradesh,Farrukhabad,68,0
Uttar Pradesh,Fatehpur,23,0
Uttar Pradesh,Firozabad,270,0
Uttar Pradesh,Gautam Buddha Nagar,150,0
Uttar Pradesh,Ghaziabad,255,2
Uttar Pradesh,Ghazipur,168,0
Uttar Pradesh,Gonda,37,0
Uttar Pradesh,Gorakhpur,85,3
Uttar Pradesh,Hamirpur,3,0
Uttar Pradesh,Hapur,127,0
Uttar Pradesh,Hardoi,55,0
Uttar Pradesh,Hathras,72,0
Uttar Pradesh,Jalaun,21,0
Uttar Pradesh,Jaunpur,62,3
Uttar Pradesh,Jhansi,117,1
Uttar Pradesh,Jyotiba Phule Nagar,29,0
Uttar Pradesh,Kannauj,34,0
Uttar Pradesh,Kanpur Dehat,41,0
Uttar Pradesh,Kanpur Nagar,951,5
Uttar Pradesh,Kasganj,7,1
Uttar Pradesh,Kaushambi,19,0
Uttar Pradesh,Kheri,72,0
Uttar Pradesh,Kushinagar,69,1
Uttar Pradesh,Lalitpur,84,1
Uttar Pradesh,Lucknow,1076,2
Uttar Pradesh,Maharajganj,3,0
Uttar Pradesh,Mahoba,73,0
Uttar Pradesh,Mahrajganj,2,0
Uttar Pradesh,Mainpuri,66,1
Uttar Pradesh,Mathura,107,0
Uttar Pradesh,Mau,43,1
Uttar Pradesh,Meerut,48,0
Uttar Pradesh,Mirzapur,27,0
Uttar Pradesh,Moradabad,136,1
Uttar Pradesh,Muzaffarnagar,25,0
Uttar Pradesh,Pilibhit,61,0
Uttar Pradesh,Pratapgarh,59,1
Uttar Pradesh,Rae Bareli,25,0
Uttar Pradesh,Raebareli,55,2
Uttar Pradesh,Rampur,37,0
Uttar Pradesh,Saharanpur,42,1
Uttar Pradesh,Sambhal,1,0
Uttar Pradesh,Sant Kabir Nagar,21,0
Uttar Pradesh,Sant Ravidas Nagar,14,0
Uttar Pradesh,Sant Ravidas Nagar Bhadohi,9,0
Uttar Pradesh,Shahjahanpur,30,0
Uttar Pradesh,Shamli,8,1
Uttar Pradesh,Shrawasti,2,0
Uttar Pradesh,Siddharthnagar,19,0
Uttar Pradesh,Sitapur,86,0
Uttar Pradesh,Sonbhadra,16,0
Uttar Pradesh,Sultanpur,177,2
Uttar Pradesh,Unnao,181,5
Uttar Pradesh,Varanasi,119,0
Uttarakhand,Almora,31,0
Uttarakhand,Bageshwar,17,1
Uttarakhand,Chamoli,25,0
Uttarakhand,Champawat,17,0
Uttarakhand,Dehradun,184,0
Uttarakhand,Garhwal,26,0
Uttarakhand,Hardwar,45,0
Uttarakhand,Haridwar,8,0
Uttarakhand,Nainital,143,0
Uttarakhand,Pauri Garhwal,37,0
Uttarakhand,Pithoragarh,30,0
Uttarakhand,Rudraprayag,10,0
Uttarakhand,Tehri Garhwal,11,0
Uttarakhand,Udham Singh Nagar,265,0
Uttarakhand,Uttarkashi,7,0
West Bengal,Bally Jagachha,55,0
West Bengal,Bankura,37,2
West Bengal,Barddhaman,2665,19213
West Bengal,Bardhaman,1429,5809
West Bengal,Birbhum,17,4
West Bengal,Cooch Behar,12119,7652
West Bengal,Dakshin Dinajpur,3,5
West Bengal,Darjeeling,235,2
West Bengal,Domjur,2,1
West Bengal,East Midnapore,639,908
West Bengal,Hooghly,2150,3303
West Bengal,Howrah,95291,3034
West Bengal,Jalpaiguri,8238,655
West Bengal,Kolkata,15705,892
West Bengal,Malda,1371,237
West Bengal,Medinipur,524,3058
West Bengal,Murshidabad,19727,33673
West Bengal,Nadia,22957,1754
West Bengal,North 24 Parganas,1316,2130
West Bengal,North Dinajpur,29,19
West Bengal,Purulia,16,0
West Bengal,South 24 Parganas,10,0
West Bengal,South Dinajpur,4,0
West Bengal,South Twenty Four Parganas,8112,242
West Bengal,West Midnapore,158,911
