State,District,Aadhaar generated,Enrolment Rejected
Andaman and Nicobar Islands,Andamans,16,0
Andaman and Nicobar Islands,South Andaman,5,0
Andhra Pradesh,Adilabad,1058,61
Andhra Pradesh,Anantapur,726,4
Andhra Pradesh,Ananthapur,4,0
Andhra Pradesh,Chittoor,670,24
Andhra Pradesh,Cuddapah,344,3
Andhra Pradesh,East Godavari,2157,58
Andhra Pradesh,Guntur,1771,19
Andhra Pradesh,Hyderabad,1785,20
Andhra Pradesh,K.V.Rangareddy,2646,46
Andhra Pradesh,Karim Nagar,533,19
Andhra Pradesh,Karimnagar,403,0
Andhra Pradesh,Khammam,522,6
Andhra Pradesh,Krishna,2794,9
Andhra Pradesh,Kurnool,4593,6152
Andhra Pradesh,Mahabub Nagar,8771,1259
Andhra Pradesh,Mahbubnagar,2223,1360
Andhra Pradesh,Medak,2185,21
Andhra Pradesh,Nalgonda,1791,4687
Andhra Pradesh,Nellore,556,116
Andhra Pradesh,Nizamabad,1386,25
Andhra Pradesh,Prakasam,522,9
Andhra Pradesh,Srikakulam,1505,418
Andhra Pradesh,Visakhapatnam,11959,1040
Andhra Pradesh,Vizianagaram,866,35
Andhra Pradesh,Warangal,3814,2964
Andhra Pradesh,West Godavari,979,11
Assam,Baksa,2,0
Assam,Barpeta,2,0
Assam,Bongaigaon,3,0
Assam,Cachar,16,0
Assam,Darrang,1,0
Assam,Dhemaji,1,0
Assam,Golaghat,2,0
Assam,Hailakandi,2,0
Assam,Jorhat,0,1
Assam,Kamrup,7,0
Assam,Kamrup Metro,1,0
Assam,Karimganj,2,0
Assam,Kokrajhar,5,0
Assam,Lakhimpur,1,0
Assam,Marigaon,1,0
Assam,Nagaon,8,0
Assam,Sibsagar,2,0
Assam,Sonitpur,7,0
Assam,Tinsukia,1,0
Assam,Udalguri,1,0
Bihar,Araria,14,0
Bihar,Arwal,16,0
Bihar,Aurangabad,22,0
Bihar,Aurangabad(BH),18,0
Bihar,Banka,15,1
Bihar,Begusarai,31,0
Bihar,Bhabua,5,0
Bihar,Bhagalpur,34,0
Bihar,Bhojpur,64,3
Bihar,Buxar,54,0
Bihar,Darbhanga,86,1
Bihar,East Champaran,61,0
Bihar,Gaya,54,1
Bihar,Gopalganj,104,1
Bihar,Jamui,41,0
Bihar,Jehanabad,15,2
Bihar,Kaimur (Bhabua),11,1
Bihar,Katihar,23,0
Bihar,Khagaria,22,0
Bihar,Kishanganj,45,1
Bihar,Lakhisarai,15,0
Bihar,Madhepura,23,0
Bihar,Madhubani,71,1
Bihar,Munger,21,0
Bihar,Muzaffarpur,80,0
Bihar,Nalanda,77,0
Bihar,Nawada,33,0
Bihar,Patna,158,3
Bihar,Purnia,32,0
Bihar,Rohtas,51,1
Bihar,Saharsa,26,4
Bihar,Samastipur,57,0
Bihar,Saran,131,1
Bihar,Sheikhpura,15,0
Bihar,Sheohar,4,0
Bihar,Sitamarhi,42,0
Bihar,Siwan,108,1
Bihar,Supaul,21,0
Bihar,Vaishali,56,0
Bihar,West Champaran,36,1
Chandigarh,Chandigarh,1140,25
Chhattisgarh,Baloda Bazar,5,0
Chhattisgarh,Bemetara,3,0
Chhattisgarh,Bilaspur,8,0
Chhattisgarh,Dhamtari,1,0
Chhattisgarh,Durg,17,0
Chhattisgarh,Janjgir Champa,3,0
Chhattisgarh,Janjgir-champa,13,0
Chhattisgarh,Jashpur,5,0
Chhattisgarh,Kanker,3,0
Chhattisgarh,Korba,7,0
Chhattisgarh,Koriya,2,0
Chhattisgarh,Mahasamund,81,0
Chhattisgarh,Mungeli ,4,0
Chhattisgarh,Raigarh,45,0
Chhattisgarh,Raipur,35,2
Chhattisgarh,Rajnandgaon,2,0
Chhattisgarh,Surguja,5,0
Dadra and Nagar Haveli,Dadra and Nagar Haveli,9,0
Daman and Diu,Daman,40,2
Daman and Diu,Diu,11,4
Delhi,Central Delhi,2950,94
Delhi,East Delhi,3365,525
Delhi,Najafgarh,504,260
Delhi,New Delhi,19,0
Delhi,North Delhi,1586,114
Delhi,North East,1506,1564
Delhi,North East Delhi,270,5
Delhi,North West Delhi,9316,2040
Delhi,South Delhi,15711,452
Delhi,South West Delhi,2536,639
Delhi,West Delhi,1244,3211
Goa,Bardez,10,0
Goa,North Goa,931,1020
Goa,Ponda,1,0
Goa,South Goa,1107,468
Goa,Tiswadi,1,0
Gujarat,Ahmadabad,199,0
Gujarat,Ahmedabad,1991,28
Gujarat,Amreli,176,18
Gujarat,Anand,193,13
Gujarat,Banaskantha,2228,28
Gujarat,Bharuch,396,4
Gujarat,Bhavnagar,1174,65
Gujarat,Dahod,174,9
Gujarat,Dohad,363,19
Gujarat,Gandhinagar,660,17
Gujarat,Jamnagar,375,20
Gujarat,Junagadh,1696,112
Gujarat,Kachchh,145,27
Gujarat,Kheda,1488,79
Gujarat,Mahesana,947,47
Gujarat,Narmada,376,9
Gujarat,Navsari,1713,13
Gujarat,Panchmahals,471,38
Gujarat,Patan,214,22
Gujarat,Porbandar,108,6
Gujarat,Rajkot,1588,54
Gujarat,Sabarkantha,852,60
Gujarat,Surat,1772,43
Gujarat,Surendra Nagar,898,46
Gujarat,Tapi,1073,29
Gujarat,The Dangs,61,1
Gujarat,Vadodara,2036,18
Gujarat,Valsad,1262,116
Haryana,Ambala,1144,47
Haryana,Bhiwani,115,1
Haryana,Faridabad,1053,281
Haryana,Fatehabad,43,1
Haryana,Gurgaon,933,99
Haryana,Hisar,8158,10
Haryana,Jhajjar,47,1
Haryana,Jind,963,7
Haryana,Kaithal,45,2
Haryana,Karnal,1573,34
Haryana,Kurukshetra,604,24
Haryana,Mahendragarh,36,0
Haryana,Mewat,53,2
Haryana,Palwal,101,12
Haryana,Panchkula,277,2
Haryana,Panipat,147,1
Haryana,Rewari,82,3
Haryana,Rohtak,1253,8
Haryana,Sirsa,65,4
Haryana,Sonipat,4090,72
Haryana,Yamuna Nagar,123,4
Himachal Pradesh,Bilaspur,3,6
Himachal Pradesh,Bilaspur ,55,0
Himachal Pradesh,Chamba,901,35
Himachal Pradesh,Hamirpur,193,2
Himachal Pradesh,Kangra,5194,40
Himachal Pradesh,Kinnaur,6,0
Himachal Pradesh,Kullu,125,1
Himachal Pradesh,Lahul and Spiti,4,0
Himachal Pradesh,Mandi,1283,16
Himachal Pradesh,Shimla,485,23
Himachal Pradesh,Sirmaur,265,17
Himachal Pradesh,Solan,1066,32
Himachal Pradesh,Una,121,2
Jammu and Kashmir,Anantnag,4,0
Jammu and Kashmir,Baramulla,1,0
Jammu and Kashmir,Doda,6,0
Jammu and Kashmir,Jammu,22,0
Jammu and Kashmir,Kathua,16,0
Jammu and Kashmir,Poonch,2,0
Jammu and Kashmir,Pulwama,2,0
Jammu and Kashmir,Rajouri,6,0
Jammu and Kashmir,Udhampur,1,0
Jharkhand,Bokaro,2305,142
Jharkhand,Chatra,1228,14
Jharkhand,Deoghar,172,23
Jharkhand,Dhanbad,1613,219
Jharkhand,Dumka,2305,59
Jharkhand,East Singhbhum,993,97
Jharkhand,Garhwa,906,72
Jharkhand,Giridih,291,101
Jharkhand,Godda,406,25
Jharkhand,Gumla,1986,80
Jharkhand,Hazaribag,64,7
Jharkhand,Hazaribagh,4257,91
Jharkhand,Jamtara,383,13
Jharkhand,Khunti,232,26
Jharkhand,Kodarma,75,0
Jharkhand,Koderma,77,13
Jharkhand,Latehar,175,9
Jharkhand,Lohardaga,684,22
Jharkhand,Pakaur,34,0
Jharkhand,Pakur,752,26
Jharkhand,Palamau,199,13
Jharkhand,Palamu,1451,44
Jharkhand,Ramgarh,1435,55
Jharkhand,Ranchi,4988,136
Jharkhand,Sahebganj,411,18
Jharkhand,Seraikela-Kharsawan,568,41
Jharkhand,Simdega,181,36
Jharkhand,West Singhbhum,560,18
Karnataka,Bagalkot,1453,1
Karnataka,Bangalore,8532,123
Karnataka,Bangalore Rural,6354,2099
Karnataka,Belgaum,6725,24
Karnataka,Bellary,3040,8
Karnataka,Bidar,331,4
Karnataka,Bijapur,356,4
Karnataka,Bijapur(KAR),187,2
Karnataka,Chamarajanagar,32,0
Karnataka,Chamrajnagar,44,0
Karnataka,Chickmagalur,1163,4
Karnataka,Chikkaballapur,2077,531
Karnataka,Chitradurga,1471,5377
Karnataka,Dakshina Kannada,802,6
Karnataka,Davangere,1007,335
Karnataka,Dharwad,643,79
Karnataka,Gadag,91,5250
Karnataka,Gulbarga,559,123
Karnataka,Hassan,1059,2
Karnataka,Haveri,1311,20
Karnataka,Kodagu,2089,316
Karnataka,Kolar,1265,14
Karnataka,Koppal,72,0
Karnataka,Mandya,8681,4
Karnataka,Mysore,1208,12
Karnataka,Raichur,121,2
Karnataka,Ramanagar,621,7
Karnataka,Shimoga,2232,15
Karnataka,Tumkur,351,0
Karnataka,Udupi,617,19
Karnataka,Uttara Kannada,13165,12
Karnataka,Yadgir,29,875
Kerala,Alappuzha,13290,307
Kerala,Ernakulam,12258,421
Kerala,Idukki,2055,71
Kerala,Kannur,2817,120
Kerala,Kasaragod,575,8
Kerala,Kasargod,858,36
Kerala,Kollam,22914,1557
Kerala,Kottayam,3771,656
Kerala,Kozhikode,3751,842
Kerala,Malappuram,5782,140
Kerala,Palakkad,5345,884
Kerala,Pathanamthitta,1351,540
Kerala,Thiruvananthapuram,17817,2246
Kerala,Thrissur,16417,455
Kerala,Wayanad,1572,1683
Lakshadweep,Lakshadweep,60,0
Madhya Pradesh,Alirajpur,176,260
Madhya Pradesh,Anuppur,49,8
Madhya Pradesh,Ashok Nagar,96,3
Madhya Pradesh,Balaghat,62,2
Madhya Pradesh,Barwani,168,1
Madhya Pradesh,Betul,1348,20
Madhya Pradesh,Bhind,287,16
Madhya Pradesh,Bhopal,4890,169
Madhya Pradesh,Burhanpur,96,0
Madhya Pradesh,Chhatarpur,218,8
Madhya Pradesh,Chhindwara,1716,16
Madhya Pradesh,Damoh,1051,75
Madhya Pradesh,Datia,522,141
Madhya Pradesh,Dewas,346,1
Madhya Pradesh,Dhar,1647,55
Madhya Pradesh,Dindori,8,0
Madhya Pradesh,Guna,1351,34
Madhya Pradesh,Gwalior,1695,37
Madhya Pradesh,Harda,195,4
Madhya Pradesh,Hoshangabad,2190,33
Madhya Pradesh,Indore,5115,305
Madhya Pradesh,Jabalpur,4206,636
Madhya Pradesh,Jhabua,685,45
Madhya Pradesh,Katni,10631,122
Madhya Pradesh,Khandwa,498,3
Madhya Pradesh,Khargone,1658,42
Madhya Pradesh,Mandla,111,1
Madhya Pradesh,Mandsaur,420,2
Madhya Pradesh,Morena,240,2
Madhya Pradesh,Narsinghpur,235,108
Madhya Pradesh,Neemuch,174,2
Madhya Pradesh,Panna,609,78
Madhya Pradesh,Raisen,300,31
Madhya Pradesh,Rajgarh,1005,36
Madhya Pradesh,Ratlam,739,3
Madhya Pradesh,Rewa,1168,36
Madhya Pradesh,Sagar,3003,89
Madhya Pradesh,Satna,2367,99
Madhya Pradesh,Sehore,1172,20
Madhya Pradesh,Seoni,8031,29
Madhya Pradesh,Shahdol,337,4
Madhya Pradesh,Shajapur,438,0
Madhya Pradesh,Sheopur,448,3
Madhya Pradesh,Shivpuri,375,7
Madhya Pradesh,Sidhi,98,2
Madhya Pradesh,Singrauli,39,0
Madhya Pradesh,Tikamgarh,60,4
Madhya Pradesh,Ujjain,1592,245
Madhya Pradesh,Umaria,21,2
Madhya Pradesh,Vidisha,1698,145
Maharashtra,Ahmadnagar,3790,38
Maharashtra,Ahmed Nagar,2350,1829
Maharashtra,Akola,724,25
Maharashtra,Amravati,2359,71
Maharashtra,Aurangabad,1761,128
Maharashtra,Beed,5344,13
Maharashtra,Bhandara,550,7
Maharashtra,Buldhana,398,25
Maharashtra,Chandrapur,5846,17
Maharashtra,Dhule,3362,17
Maharashtra,Gadchiroli,183,1
Maharashtra,Gondia,97,5
Maharashtra,Gondiya,736,211
Maharashtra,Hingoli,192,5
Maharashtra,Jalgaon,3821,37
Maharashtra,Jalna,806,965
Maharashtra,Kolhapur,5492,9
Maharashtra,Latur,1381,12
Maharashtra,Mumbai,5788,215
Maharashtra,Mumbai City,33,3
Maharashtra,Mumbai( Sub Urban ),97,0
Maharashtra,Nagpur,2530,93
Maharashtra,Nanded,432,1
Maharashtra,Nandurbar,3503,39
Maharashtra,Nashik,27235,588
Maharashtra,Osmanabad,179,48
Maharashtra,Parbhani,2159,4
Maharashtra,Pune,6248,26562
Maharashtra,Raigarh,584,38
Maharashtra,Raigarh(MH),301,13
Maharashtra,Ratnagiri,495,50
Maharashtra,Sangli,743,36
Maharashtra,Satara,5738,210
Maharashtra,Sindhudurg,41,0
Maharashtra,Solapur,692,19
Maharashtra,Thane,34379,433
Maharashtra,Wardha,602,27
Maharashtra,Washim,125,2
Maharashtra,Yavatmal,2590,1
Manipur,Bishnupur,45,15
Manipur,Chandel,30,0
Manipur,Churachandpur,32,0
Manipur,Imphal East,98,0
Manipur,Imphal West,51,0
Manipur,Senapati,25,9
Manipur,Tamenglong,15,0
Manipur,Thoubal,314,24
Manipur,Ukhrul,17,3
Meghalaya,East Khasi Hills,1,0
Mizoram,Aizawl,1,0
Mizoram,Mamit,1,0
Nagaland,Dimapur,19,0
Nagaland,Kiphire,160,19
Nagaland,Kohima,3,0
Nagaland,Longleng,3675,4
Nagaland,Mokokchung,2,0
Nagaland,Mon,1747,68
Nagaland,Phek,374,3044
Nagaland,Tuensang,254,46
Nagaland,Wokha,24,0
Nagaland,Zunheboto,27,0
Odisha,Angul,7,0
Odisha,Anugul,4,0
Odisha,Balangir,1228,85
Odisha,Baleswar,2590,3422
Odisha,Bargarh,1253,4
Odisha,Bhadrak,40,1
Odisha,Cuttack,6124,1655
Odisha,Debagarh,1,0
Odisha,Dhenkanal,20,0
Odisha,Gajapati,6,0
Odisha,Ganjam,8007,318
Odisha,Jagatsinghapur,10,0
Odisha,Jajapur,44,2
Odisha,Jharsuguda,3,0
Odisha,Kalahandi,1,0
Odisha,Kandhamal,63,1
Odisha,Kendrapara,28,3
Odisha,Kendujhar,234,105
Odisha,Khorda,5,0
Odisha,Khordha,1175,690
Odisha,Koraput,1553,406
Odisha,Malkangiri,4,0
Odisha,Mayurbhanj,14,0
Odisha,Nabarangapur,2,0
Odisha,Nayagarh,35,1
Odisha,Puri,53,0
Odisha,Rayagada,37,2
Odisha,Sambalpur,6,0
Odisha,Sonapur,173,7944
Odisha,Sundergarh,5995,2
Others,Others,141,104
Puducherry,Karaikal,19,2
Puducherry,Pondicherry,298,539
Puducherry,Yanam,3,1
Punjab,Amritsar,2890,48
Punjab,Barnala,251,99
Punjab,Bathinda,1317,51
Punjab,Chandigarh,1,0
Punjab,Faridkot,154,20
Punjab,Fatehgarh Sahib,813,12
Punjab,Fazilka,113,30
Punjab,Ferozepur,373,13
Punjab,Gurdaspur,681,39
Punjab,Hoshiarpur,335,24
Punjab,Jalandhar,6994,59
Punjab,Kapurthala,858,77
Punjab,Ludhiana,7592,193
Punjab,Mansa,1656,3
Punjab,Moga,583,23
Punjab,Muktsar,107,0
Punjab,Nawanshahr,31,0
Punjab,Pathankot,13,2
Punjab,Patiala,4311,65
Punjab,Rupnagar,1118,22
Punjab,SAS Nagar (Mohali),2877,7
Punjab,Sangrur,1461,61
Punjab,Shaheed Bhagat Singh Nagar,833,12
Punjab,Sri Muktsar Sahib,182,16
Punjab,Tarn Taran,181,16
Rajasthan,Ajmer,4997,189
Rajasthan,Alwar,3437,267
Rajasthan,Banswara,2553,12
Rajasthan,Baran,92,4
Rajasthan,Barmer,2437,502
Rajasthan,Bharatpur,112,9
Rajasthan,Bhilwara,625,16
Rajasthan,Bikaner,1661,59
Rajasthan,Bundi,182,5
Rajasthan,Chittorgarh,178,4
Rajasthan,Churu,1494,103
Rajasthan,Dausa,520,51
Rajasthan,Dholpur,10,2
Rajasthan,Dungarpur,345,5
Rajasthan,Ganganagar,255,20
Rajasthan,Hanumangarh,595,8
Rajasthan,Jaipur,1869,165
Rajasthan,Jaisalmer,26,1
Rajasthan,Jalor,1838,197
Rajasthan,Jhalawar,35,1
Rajasthan,Jhunjhunu,465,33
Rajasthan,Jhunjhunun,2383,97
Rajasthan,Jodhpur,641,30
Rajasthan,Karauli,40,5
Rajasthan,Kota,786,11
Rajasthan,Nagaur,1213,98
Rajasthan,Pali,1599,512
Rajasthan,Pratapgarh,1757,10
Rajasthan,Rajsamand,5126,201
Rajasthan,Sawai Madhopur,126,12
Rajasthan,Sikar,2314,83
Rajasthan,Sirohi,1902,90
Rajasthan,Tonk,284,13
Rajasthan,Udaipur,8789,249
Sikkim,East Sikkim,155,0
Sikkim,North Sikkim,10,0
Sikkim,South Sikkim,22,0
Sikkim,West Sikkim,21,0
Tamil Nadu,Ariyalur,60,2
Tamil Nadu,Chennai,35,0
Tamil Nadu,Coimbatore,833,6
Tamil Nadu,Cuddalore,474,39
Tamil Nadu,Dharmapuri,2733,48
Tamil Nadu,Dindigul,19,1
Tamil Nadu,Erode,6237,312
Tamil Nadu,Kancheepuram,6,0
Tamil Nadu,Kanchipuram,12,1
Tamil Nadu,Kanniyakumari,15,1
Tamil Nadu,Kanyakumari,5,2
Tamil Nadu,Karur,2756,75
Tamil Nadu,Krishnagiri,14,0
Tamil Nadu,Madurai,1862,37
Tamil Nadu,Nagapattinam,360,3
Tamil Nadu,Namakkal,72,0
Tamil Nadu,Nilgiris,960,0
Tamil Nadu,Perambalur,716,5
Tamil Nadu,Pudukkottai,554,87
Tamil Nadu,Ramanathapuram,125,13
Tamil Nadu,Salem,30713,248
Tamil Nadu,Sivaganga,7,1
Tamil Nadu,Thanjavur,109,11
Tamil Nadu,The Nilgiris,271,0
Tamil Nadu,Theni,52,0
Tamil Nadu,Thiruvarur,3,0
Tamil Nadu,Thoothukkudi,129,8
Tamil Nadu,Tiruchirappalli,15996,6657
Tamil Nadu,Tirunelveli,40157,10
Tamil Nadu,Tiruppur,2,0
Tamil Nadu,Tiruvallur,313,2
Tamil Nadu,Tiruvannamalai,4290,52
Tamil Nadu,Vellore,462,21
Tamil Nadu,Villupuram,1,0
Tamil Nadu,Viluppuram,8,0
Tamil Nadu,Virudhunagar,44162,13
Tripura,Dhalai,70,1
Tripura,Gomati,1,0
Tripura,North Tripura,133,0
Tripura,Sepahijala,2,0
Tripura,South Tripura,232,0
Tripura,Unakoti,1,0
Tripura,West Tripura,270,0
Uttar Pradesh,Agra,173,1
Uttar Pradesh,Aligarh,104,0
Uttar Pradesh,Allahabad,305,0
Uttar Pradesh,Ambedkar Nagar,45,3
Uttar Pradesh,Amethi,28,0
Uttar Pradesh,Amroha,6,0
Uttar Pradesh,Auraiya,41,3
Uttar Pradesh,Azamgarh,68,0
Uttar Pradesh,Baghpat,16,0
Uttar Pradesh,Bagpat,3,0
Uttar Pradesh,Bahraich,20,0
Uttar Pradesh,Ballia,93,1
Uttar Pradesh,Balrampur,11,0
Uttar Pradesh,Banda,9,0
Uttar Pradesh,Bara Banki,5,0
Uttar Pradesh,Barabanki,115,2
Uttar Pradesh,Bareilly,102,0
Uttar Pradesh,Basti,36,0
Uttar Pradesh,Bijnor,24,0
Uttar Pradesh,Budaun,11,1
Uttar Pradesh,Bulandshahar,7,0
Uttar Pradesh,Bulandshahr,45,0
Uttar Pradesh,Chandauli,33,0
Uttar Pradesh,Chitrakoot,4,0
Uttar Pradesh,Deoria,62,0
Uttar Pradesh,Etah,34,2
Uttar Pradesh,Etawah,75,1
Uttar Pradesh,Faizabad,54,0
Uttar Pradesh,Farrukhabad,27,0
Uttar Pradesh,Fatehpur,28,0
Uttar Pradesh,Firozabad,108,2
Uttar Pradesh,Gautam Buddha Nagar,79,1
Uttar Pradesh,Ghaziabad,118,1
Uttar Pradesh,Ghazipur,135,0
Uttar Pradesh,Gonda,34,0
Uttar Pradesh,Gorakhpur,70,0
Uttar Pradesh,Hamirpur,6,0
Uttar Pradesh,Hapur,85,7
Uttar Pradesh,Hardoi,35,0
Uttar Pradesh,Hathras,39,1
Uttar Pradesh,Jalaun,8,0
Uttar Pradesh,Jaunpur,68,0
Uttar Pradesh,Jhansi,51,0
Uttar Pradesh,Jyotiba Phule Nagar,9,0
Uttar Pradesh,Kannauj,27,0
Uttar Pradesh,Kanpur Dehat,22,1
Uttar Pradesh,Kanpur Nagar,488,0
Uttar Pradesh,Kasganj,7,0
Uttar Pradesh,Kaushambi,19,1
Uttar Pradesh,Kheri,26,1
Uttar Pradesh,Kushinagar,59,0
Uttar Pradesh,Lalitpur,35,0
Uttar Pradesh,Lucknow,462,2
Uttar Pradesh,Maharajganj,17,0
Uttar Pradesh,Mahoba,22,0
Uttar Pradesh,Mahrajganj,2,0
Uttar Pradesh,Mainpuri,40,0
Uttar Pradesh,Mathura,55,2
Uttar Pradesh,Mau,40,1
Uttar Pradesh,Meerut,38,0
Uttar Pradesh,Mirzapur,30,1
Uttar Pradesh,Moradabad,51,0
Uttar Pradesh,Muzaffarnagar,30,1
Uttar Pradesh,Pilibhit,40,0
Uttar Pradesh,Pratapgarh,39,0
Uttar Pradesh,Rae Bareli,21,1
Uttar Pradesh,Raebareli,44,0
Uttar Pradesh,Rampur,17,0
Uttar Pradesh,Saharanpur,36,0
Uttar Pradesh,Sambhal,5,0
Uttar Pradesh,Sant Kabir Nagar,24,1
Uttar Pradesh,Sant Ravidas Nagar,13,0
Uttar Pradesh,Sant Ravidas Nagar Bhadohi,9,0
Uttar Pradesh,Shahjahanpur,16,0
Uttar Pradesh,Shamli,12,0
Uttar Pradesh,Shrawasti,2,0
Uttar Pradesh,Siddharthnagar,16,0
Uttar Pradesh,Sitapur,41,0
Uttar Pradesh,Sonbhadra,8,0
Uttar Pradesh,Sultanpur,68,0
Uttar Pradesh,Unnao,82,0
Uttar Pradesh,Varanasi,69,0
Uttarakhand,Almora,19,0
Uttarakhand,Bageshwar,8,0
Uttarakhand,Chamoli,10,0
Uttarakhand,Champawat,10,0
Uttarakhand,Dehradun,111,0
Uttarakhand,Garhwal,15,0
Uttarakhand,Hardwar,26,0
Uttarakhand,Haridwar,8,0
Uttarakhand,Nainital,90,0
Uttarakhand,Pauri Garhwal,36,2
Uttarakhand,Pithoragarh,22,0
Uttarakhand,Rudraprayag,6,0
Uttarakhand,Tehri Garhwal,14,0
Uttarakhand,Udham Singh Nagar,100,0
Uttarakhand,Uttarkashi,2,0
West Bengal,Bally Jagachha,1,0
West Bengal,Bankura,19,0
West Bengal,Barddhaman,51,24
West Bengal,Bardhaman,164,82
West Bengal,Birbhum,28,0
West Bengal,Cooch Behar,5801,383
West Bengal,Dakshin Dinajpur,2,0
West Bengal,Darjeeling,214,6
West Bengal,Domjur,1,1
West Bengal,East Midnapore,106,70
West Bengal,Hooghly,1408,39
West Bengal,Howrah,3234,965
West Bengal,Jalpaiguri,1244,333
West Bengal,Kolkata,14820,643
West Bengal,Malda,2412,118
West Bengal,Medinipur,155,97
West Bengal,Murshidabad,9625,1230
West Bengal,Nadia,688,41
West Bengal,North 24 Parganas,450,33
West Bengal,North Dinajpur,16,0
West Bengal,Purulia,11,0
West Bengal,South 24 Parganas,8,1
West Bengal,South Dinajpur,1,0
West Bengal,South Twenty Four Parganas,395,64
West Bengal,West Midnapore,43,26
