State,District,Aadhaar generated,Enrolment Rejected
Andaman and Nicobar Islands,Andamans,81,0
Andaman and Nicobar Islands,Nicobar,1,0
Andaman and Nicobar Islands,North And Middle Andaman,1,0
Andaman and Nicobar Islands,South Andaman,22,0
Andhra Pradesh,Adilabad,6885,236
Andhra Pradesh,Anantapur,2556,17
Andhra Pradesh,Ananthapur,31,0
Andhra Pradesh,Chittoor,2529,61
Andhra Pradesh,Cuddapah,6840,11
Andhra Pradesh,East Godavari,8183,452
Andhra Pradesh,Guntur,8519,55
Andhra Pradesh,Hyderabad,4051,37
Andhra Pradesh,K.V.Rangareddy,7996,73
Andhra Pradesh,Karim Nagar,1914,17
Andhra Pradesh,Karimnagar,1296,5
Andhra Pradesh,Khammam,4003,11
Andhra Pradesh,Krishna,4497,75
Andhra Pradesh,Kurnool,4345,246730
Andhra Pradesh,Mahabub Nagar,7848,24064
Andhra Pradesh,Mahbubnagar,2487,3361
Andhra Pradesh,Medak,2934,89
Andhra Pradesh,Nalgonda,4828,96032
Andhra Pradesh,Nellore,1959,50906
Andhra Pradesh,Nizamabad,3604,7
Andhra Pradesh,Prakasam,2022,3
Andhra Pradesh,Srikakulam,6212,34546
Andhra Pradesh,Visakhapatnam,2395,111
Andhra Pradesh,Vizianagaram,2864,395
Andhra Pradesh,Warangal,7110,192
Andhra Pradesh,West Godavari,5441,34
Arunachal Pradesh,Changlang,8,0
Arunachal Pradesh,West Kameng,1,0
Assam,Baksa,2,0
Assam,Barpeta,1,0
Assam,Bongaigaon,3,0
Assam,Cachar,15,0
Assam,Chirang,1,0
Assam,Darrang,3,0
Assam,Dhemaji,1,0
Assam,Dibrugarh,3,0
Assam,Golaghat,2,0
Assam,Hailakandi,1,0
Assam,Jorhat,2,0
Assam,Kamrup,14,0
Assam,Karimganj,3,0
Assam,Lakhimpur,6,0
Assam,Marigaon,2,0
Assam,Nagaon,7,0
Assam,Nalbari,3,0
Assam,Sibsagar,2,0
Assam,Sonitpur,8,0
Assam,Tinsukia,1,0
Assam,Udalguri,4,0
Bihar,Araria,23,0
Bihar,Arwal,16,0
Bihar,Aurangabad,37,0
Bihar,Aurangabad(BH),35,0
Bihar,Banka,34,0
Bihar,Begusarai,62,0
Bihar,Bhabua,13,0
Bihar,Bhagalpur,74,1
Bihar,Bhojpur,107,0
Bihar,Buxar,113,3
Bihar,Darbhanga,122,4
Bihar,East Champaran,124,0
Bihar,Gaya,107,1
Bihar,Gopalganj,176,7
Bihar,Jamui,98,0
Bihar,Jehanabad,39,1
Bihar,Kaimur (Bhabua),24,0
Bihar,Katihar,22,1
Bihar,Khagaria,22,0
Bihar,Kishanganj,68,1
Bihar,Lakhisarai,30,0
Bihar,Madhepura,43,0
Bihar,Madhubani,88,0
Bihar,Munger,37,0
Bihar,Muzaffarpur,129,2
Bihar,Nalanda,88,2
Bihar,Nawada,54,0
Bihar,Patna,457,2
Bihar,Purnia,103,0
Bihar,Rohtas,82,0
Bihar,Saharsa,54,1
Bihar,Samastipur,84,0
Bihar,Saran,145,6
Bihar,Sheikhpura,17,0
Bihar,Sheohar,11,0
Bihar,Sitamarhi,59,1
Bihar,Siwan,103,2
Bihar,Supaul,36,1
Bihar,Vaishali,123,2
Bihar,West Champaran,57,0
Chandigarh,Chandigarh,2581,54
Chandigarh,Mohali,1,0
Chhattisgarh,Balod,1,0
Chhattisgarh,Baloda Bazar,1,0
Chhattisgarh,Balrampur,2,0
Chhattisgarh,Bastar,3,0
Chhattisgarh,Bemetara,3,0
Chhattisgarh,Bilaspur,17,0
Chhattisgarh,Dantewada,1,0
Chhattisgarh,Dhamtari,1,0
Chhattisgarh,Durg,105,0
Chhattisgarh,Janjgir Champa,5,0
Chhattisgarh,Janjgir-champa,44,1
Chhattisgarh,Jashpur,26,0
Chhattisgarh,Kawardha,2,0
Chhattisgarh,Korba,27,0
Chhattisgarh,Koriya,4,0
Chhattisgarh,Mahasamund,224,267
Chhattisgarh,Mungeli ,1,0
Chhattisgarh,Raigarh,106,0
Chhattisgarh,Raipur,148,0
Chhattisgarh,Rajnandgaon,1,0
Chhattisgarh,Surguja,12,0
Dadra and Nagar Haveli,Dadra and Nagar Haveli,7,0
Daman and Diu,Daman,94,8
Daman and Diu,Diu,67,1
Delhi,Central Delhi,611,4337
Delhi,East Delhi,2281,17201
Delhi,Najafgarh,75,1024
Delhi,New Delhi,23,0
Delhi,North Delhi,1142,7719
Delhi,North East,1916,31562
Delhi,North East Delhi,34,4
Delhi,North West Delhi,4249,74124
Delhi,South Delhi,3270,23270
Delhi,South West Delhi,1692,6558
Delhi,West Delhi,1352,30506
Goa,Bardez,18,1
Goa,North Goa,1553,432
Goa,Ponda,1,0
Goa,South Goa,946,20
Gujarat,Ahmadabad,597,111
Gujarat,Ahmedabad,969,10
Gujarat,Amreli,2184,3
Gujarat,Anand,954,6
Gujarat,Banaskantha,1225,2
Gujarat,Bharuch,404,6
Gujarat,Bhavnagar,1691,16
Gujarat,Dahod,717,0
Gujarat,Dohad,710,1
Gujarat,Gandhinagar,587,6
Gujarat,Jamnagar,2145,4
Gujarat,Junagadh,1120,78
Gujarat,Kachchh,399,3
Gujarat,Kheda,1400,55
Gujarat,Mahesana,1988,30
Gujarat,Narmada,1622,18
Gujarat,Navsari,1124,0
Gujarat,Panchmahals,1312,14
Gujarat,Patan,257,20
Gujarat,Porbandar,949,7
Gujarat,Rajkot,2811,50
Gujarat,Sabarkantha,1231,32
Gujarat,Surat,2127,52
Gujarat,Surendra Nagar,1475,36
Gujarat,Tapi,370,3
Gujarat,The Dangs,39,0
Gujarat,Vadodara,2126,5
Gujarat,Valsad,3240,29
Haryana,Ambala,2210,47
Haryana,Bhiwani,74,0
Haryana,Faridabad,2085,19
Haryana,Fatehabad,37,0
Haryana,Gurgaon,1927,65
Haryana,Hisar,219,16
Haryana,Hodal,1,0
Haryana,Jhajjar,70,0
Haryana,Jind,1508,0
Haryana,Kaithal,726,1
Haryana,Karnal,3334,26
Haryana,Kurukshetra,910,2
Haryana,Mahendragarh,79,0
Haryana,Mewat,10,0
Haryana,Palwal,296,4
Haryana,Panchkula,215,2
Haryana,Panipat,501,16
Haryana,Rewari,1547,7
Haryana,Rohtak,503,0
Haryana,Sirsa,252,17
Haryana,Sonipat,3612,163
Haryana,Yamuna Nagar,1256,16
Himachal Pradesh,Bilaspur,8,15
Himachal Pradesh,Bilaspur ,127,0
Himachal Pradesh,Chamba,4090,35
Himachal Pradesh,Hamirpur,806,14
Himachal Pradesh,Kangra,5222,55
Himachal Pradesh,Kinnaur,32,0
Himachal Pradesh,Kullu,324,0
Himachal Pradesh,Lahul and Spiti,5,0
Himachal Pradesh,Mandi,684,14
Himachal Pradesh,Shimla,1808,19
Himachal Pradesh,Sirmaur,1600,70
Himachal Pradesh,Solan,1923,27
Himachal Pradesh,Una,265,2
Jammu and Kashmir,Anantnag,8,0
Jammu and Kashmir,Bandipore,1,0
Jammu and Kashmir,Baramula,1,0
Jammu and Kashmir,Baramulla,3,0
Jammu and Kashmir,Doda,2,0
Jammu and Kashmir,Jammu,68,1
Jammu and Kashmir,Kargil,2,0
Jammu and Kashmir,Kathua,25,0
Jammu and Kashmir,Kupwara,4,0
Jammu and Kashmir,Poonch,3,0
Jammu and Kashmir,Pulwama,2,0
Jammu and Kashmir,Punch,2,0
Jammu and Kashmir,Rajouri,17,0
Jammu and Kashmir,Srinagar,1,0
Jammu and Kashmir,Udhampur,7,0
Jharkhand,Bokaro,10992,84
Jharkhand,Chatra,629,5
Jharkhand,Deoghar,813,17
Jharkhand,Dhanbad,6806,197
Jharkhand,Dumka,3818,111
Jharkhand,East Singhbhum,1252,10
Jharkhand,Garhwa,2171,30
Jharkhand,Giridih,1656,13
Jharkhand,Godda,1967,84
Jharkhand,Gumla,2020,16
Jharkhand,Hazaribag,555,2
Jharkhand,Hazaribagh,2492,199
Jharkhand,Jamtara,267,6
Jharkhand,Khunti,927,13
Jharkhand,Kodarma,258,0
Jharkhand,Koderma,348,19
Jharkhand,Latehar,241,2
Jharkhand,Lohardaga,645,10
Jharkhand,Pakaur,73,0
Jharkhand,Pakur,1482,50
Jharkhand,Palamau,1456,1
Jharkhand,Palamu,3292,25
Jharkhand,Ramgarh,3684,105
Jharkhand,Ranchi,6865,216
Jharkhand,Sahebganj,1169,7
Jharkhand,Seraikela-Kharsawan,1565,97
Jharkhand,Simdega,1293,9
Jharkhand,West Singhbhum,1490,4
Karnataka,Bagalkot,417,4
Karnataka,Bangalore,10256,929
Karnataka,Bangalore Rural,70,52
Karnataka,Belgaum,1097,8
Karnataka,Bellary,1056,5
Karnataka,Bidar,1506,15
Karnataka,Bijapur,787,0
Karnataka,Bijapur(KAR),553,0
Karnataka,Chamarajanagar,22,9
Karnataka,Chamrajnagar,905,0
Karnataka,Chickmagalur,263,14
Karnataka,Chikkaballapur,918,24886
Karnataka,Chitradurga,1141,12
Karnataka,Dakshina Kannada,65,5
Karnataka,Davangere,1448,15242
Karnataka,Dharwad,3462,32474
Karnataka,Gadag,165,25
Karnataka,Gulbarga,461,0
Karnataka,Hassan,1068,4
Karnataka,Haveri,557,292
Karnataka,Kodagu,1541,960
Karnataka,Kolar,170,7
Karnataka,Koppal,237,1
Karnataka,Mandya,90,3
Karnataka,Mysore,1452,7
Karnataka,Raichur,136,2
Karnataka,Ramanagar,185,3
Karnataka,Shimoga,447,10
Karnataka,Tumkur,544,15
Karnataka,Udupi,1815,23
Karnataka,Uttara Kannada,13233,1
Karnataka,Yadgir,361,0
Kerala,Alappuzha,4087,7206
Kerala,Ernakulam,11408,1353
Kerala,Idukki,3174,526
Kerala,Kannur,5938,3926
Kerala,Kasaragod,644,3
Kerala,Kasargod,3096,54
Kerala,Kollam,11235,3034
Kerala,Kottayam,9098,1859
Kerala,Kozhikode,7902,4010
Kerala,Malappuram,7985,69
Kerala,Palakkad,6966,20644
Kerala,Pathanamthitta,4278,616
Kerala,Thiruvananthapuram,6917,1840
Kerala,Thrissur,13856,1236
Kerala,Wayanad,4834,247
Lakshadweep,Lakshadweep,205,0
Madhya Pradesh,Alirajpur,92,84
Madhya Pradesh,Anuppur,392,39
Madhya Pradesh,Ashok Nagar,398,2
Madhya Pradesh,Balaghat,262,2
Madhya Pradesh,Barwani,923,195
Madhya Pradesh,Betul,2382,12
Madhya Pradesh,Bhind,1266,41
Madhya Pradesh,Bhopal,13578,251
Madhya Pradesh,Burhanpur,251,1
Madhya Pradesh,Chhatarpur,1039,22
Madhya Pradesh,Chhindwara,925,19
Madhya Pradesh,Damoh,3677,87
Madhya Pradesh,Datia,554,10
Madhya Pradesh,Dewas,1155,148
Madhya Pradesh,Dhar,4789,106
Madhya Pradesh,Dindori,19,0
Madhya Pradesh,Guna,2656,188
Madhya Pradesh,Gwalior,2833,108
Madhya Pradesh,Harda,278,2
Madhya Pradesh,Hoshangabad,2014,120
Madhya Pradesh,Indore,8316,125
Madhya Pradesh,Jabalpur,13414,278
Madhya Pradesh,Jhabua,894,79
Madhya Pradesh,Katni,4541,101
Madhya Pradesh,Khandwa,1388,60
Madhya Pradesh,Khargone,3446,70
Madhya Pradesh,Mandla,922,5
Madhya Pradesh,Mandsaur,1823,620
Madhya Pradesh,Morena,731,4
Madhya Pradesh,Narsinghpur,448,1
Madhya Pradesh,Neemuch,773,817
Madhya Pradesh,Panna,1844,51
Madhya Pradesh,Raisen,812,12
Madhya Pradesh,Rajgarh,2178,105
Madhya Pradesh,Ratlam,1486,233
Madhya Pradesh,Rewa,2660,57
Madhya Pradesh,Sagar,6697,76
Madhya Pradesh,Satna,4546,174
Madhya Pradesh,Sehore,2553,79
Madhya Pradesh,Seoni,1581,75
Madhya Pradesh,Shahdol,1069,14
Madhya Pradesh,Shajapur,1281,10
Madhya Pradesh,Sheopur,263,1
Madhya Pradesh,Shivpuri,342,8
Madhya Pradesh,Sidhi,211,1
Madhya Pradesh,Singrauli,383,5
Madhya Pradesh,Tikamgarh,267,6
Madhya Pradesh,Ujjain,6675,304
Madhya Pradesh,Umaria,131,0
Madhya Pradesh,Vidisha,3786,264
Maharashtra,Ahmadnagar,447,12
Maharashtra,Ahmed Nagar,1912,29
Maharashtra,Akola,781,258
Maharashtra,Amravati,7228,122
Maharashtra,Aurangabad,2735,61
Maharashtra,Beed,4343,22
Maharashtra,Bhandara,1076,5767
Maharashtra,Buldhana,917,17
Maharashtra,Chandrapur,2284,12
Maharashtra,Dhule,5305,32
Maharashtra,Gadchiroli,296,2
Maharashtra,Gondia,462,5
Maharashtra,Gondiya,245,20
Maharashtra,Hingoli,925,7
Maharashtra,Jalgaon,5467,6
Maharashtra,Jalna,3838,32
Maharashtra,Kolhapur,2300,12
Maharashtra,Latur,3750,7
Maharashtra,Mumbai,24496,480
Maharashtra,Mumbai City,252,6
Maharashtra,Mumbai( Sub Urban ),292,0
Maharashtra,Nagpur,4496,802
Maharashtra,Nanded,1287,7
Maharashtra,Nandurbar,3090,37
Maharashtra,Nashik,10740,33069
Maharashtra,Osmanabad,2492,26
Maharashtra,Parbhani,527,5
Maharashtra,Pune,14124,208
Maharashtra,Raigarh,250,2
Maharashtra,Raigarh(MH),825,0
Maharashtra,Ratnagiri,1438,17
Maharashtra,Sangli,1837,10
Maharashtra,Satara,1410,5
Maharashtra,Sindhudurg,48,1
Maharashtra,Solapur,2317,32
Maharashtra,Thane,17401,4155
Maharashtra,Wardha,936,101
Maharashtra,Washim,266,0
Maharashtra,Yavatmal,1446,361
Manipur,Bishnupur,314,1
Manipur,Chandel,156,0
Manipur,Churachandpur,145,0
Manipur,Imphal East,472,0
Manipur,Imphal West,317,0
Manipur,Senapati,117,0
Manipur,Tamenglong,41,0
Manipur,Thoubal,1269,0
Manipur,Ukhrul,1138,0
Meghalaya,East Garo Hills,1,0
Meghalaya,West Khasi Hills,1,0
Mizoram,Aizawl,4,0
Mizoram,Mamit,1,0
Nagaland,Dimapur,62,2
Nagaland,Kiphire,253,3
Nagaland,Kohima,15,3
Nagaland,Longleng,58,0
Nagaland,Mokokchung,0,3
Nagaland,Mon,390,153
Nagaland,Phek,2,3
Nagaland,Tuensang,444,47
Nagaland,Wokha,80,1579
Nagaland,Zunheboto,63,1
Odisha,Angul,5,0
Odisha,Anugul,4,0
Odisha,Balangir,4156,8232
Odisha,Baleswar,7114,14716
Odisha,Bargarh,264,44
Odisha,Baudh,1,2
Odisha,Bhadrak,156,2
Odisha,Cuttack,17843,22922
Odisha,Dhenkanal,44,0
Odisha,Gajapati,14,0
Odisha,Ganjam,945,17
Odisha,Jagatsinghapur,27,0
Odisha,Jajapur,59,0
Odisha,Jharsuguda,7,2
Odisha,Kalahandi,5,1
Odisha,Kandhamal,31,2
Odisha,Kendrapara,32,1
Odisha,Kendujhar,405,4854
Odisha,Khorda,16,0
Odisha,Khordha,10069,1000
Odisha,Koraput,472,168
Odisha,Malkangiri,23,0
Odisha,Mayurbhanj,26,0
Odisha,Nabarangapur,1,0
Odisha,Nayagarh,102,0
Odisha,Nuapada,2,0
Odisha,Puri,188,0
Odisha,Rayagada,158,564
Odisha,Sambalpur,13,2
Odisha,Sonapur,661,17056
Odisha,Sundergarh,92,31
Others,Others,115,298
Puducherry,Karaikal,4157,0
Puducherry,Pondicherry,954,220
Puducherry,Puducherry,1474,8
Puducherry,Yanam,34,353
Punjab,Amritsar,5901,94
Punjab,Barnala,2355,14
Punjab,Bathinda,4752,183
Punjab,Faridkot,2024,6
Punjab,Fatehgarh Sahib,1269,25
Punjab,Fazilka,449,69
Punjab,Ferozepur,913,51
Punjab,Gurdaspur,2264,48
Punjab,Hoshiarpur,6051,950
Punjab,Jalandhar,2487,25
Punjab,Kapurthala,648,19
Punjab,Ludhiana,5215,142
Punjab,Mansa,1173,2
Punjab,Moga,5701,7
Punjab,Muktsar,336,9
Punjab,Nawanshahr,84,0
Punjab,Pathankot,30,2
Punjab,Patiala,4656,47
Punjab,Rupnagar,548,4
Punjab,SAS Nagar (Mohali),476,6
Punjab,Sangrur,3942,7
Punjab,Shaheed Bhagat Singh Nagar,1010,35
Punjab,Sri Muktsar Sahib,520,123
Punjab,Tarn Taran,1161,89
Rajasthan,Ajmer,16396,294
Rajasthan,Alwar,6742,261
Rajasthan,Banswara,168,9
Rajasthan,Baran,169,4
Rajasthan,Barmer,5062,600
Rajasthan,Bharatpur,293,0
Rajasthan,Bhilwara,2191,14
Rajasthan,Bikaner,5918,172
Rajasthan,Bundi,555,6
Rajasthan,Chittorgarh,659,3
Rajasthan,Churu,6684,97
Rajasthan,Dausa,5542,61
Rajasthan,Dholpur,18,0
Rajasthan,Dungarpur,133,5
Rajasthan,Ganganagar,856,12
Rajasthan,Hanumangarh,892,28
Rajasthan,Jaipur,12495,80
Rajasthan,Jaisalmer,36,2
Rajasthan,Jalor,1749,382
Rajasthan,Jhalawar,207,0
Rajasthan,Jhunjhunu,1255,89
Rajasthan,Jhunjhunun,1782,53
Rajasthan,Jodhpur,1628,14
Rajasthan,Karauli,170,2
Rajasthan,Kota,1253,27
Rajasthan,Nagaur,5705,130
Rajasthan,Pali,2241,208
Rajasthan,Pratapgarh,249,11
Rajasthan,Rajsamand,1142,89
Rajasthan,Sawai Madhopur,716,4
Rajasthan,Sikar,4267,65
Rajasthan,Sirohi,1452,196
Rajasthan,Tonk,2242,55
Rajasthan,Udaipur,4683,338
Sikkim,East Sikkim,229,0
Sikkim,North Sikkim,56,0
Sikkim,South Sikkim,40,0
Sikkim,West Sikkim,90,0
Tamil Nadu,Ariyalur,132,1486
Tamil Nadu,Chennai,104,0
Tamil Nadu,Coimbatore,435,90
Tamil Nadu,Cuddalore,1171,37388
Tamil Nadu,Dharmapuri,15651,1221
Tamil Nadu,Dindigul,91,0
Tamil Nadu,Erode,5690,1170
Tamil Nadu,Kancheepuram,8,0
Tamil Nadu,Kanchipuram,38,0
Tamil Nadu,Kanniyakumari,12,0
Tamil Nadu,Kanyakumari,15,0
Tamil Nadu,Karur,2149,9271
Tamil Nadu,Krishnagiri,5,0
Tamil Nadu,Madurai,1438,15053
Tamil Nadu,Nagapattinam,1093,245
Tamil Nadu,Namakkal,51,9
Tamil Nadu,Nilgiris,6,0
Tamil Nadu,Perambalur,1374,7084
Tamil Nadu,Pudukkottai,1618,3479
Tamil Nadu,Ramanathapuram,150,18652
Tamil Nadu,Salem,7146,3116
Tamil Nadu,Sivaganga,32,4
Tamil Nadu,Thanjavur,32,10
Tamil Nadu,The Nilgiris,4,0
Tamil Nadu,Theni,166,0
Tamil Nadu,Thiruvarur,2,0
Tamil Nadu,Thoothukkudi,208,1
Tamil Nadu,Tiruchirappalli,1516,34749
Tamil Nadu,Tirunelveli,28,1
Tamil Nadu,Tiruppur,3,0
Tamil Nadu,Tiruvallur,132,0
Tamil Nadu,Tiruvannamalai,682,15978
Tamil Nadu,Tiruvarur,4,0
Tamil Nadu,Tuticorin,2,0
Tamil Nadu,Vellore,2722,14567
Tamil Nadu,Villupuram,18,1
Tamil Nadu,Viluppuram,13,0
Tamil Nadu,Virudhunagar,109,1
Tripura,Dhalai,226,0
Tripura,Khowai,1,0
Tripura,North Tripura,664,7
Tripura,South Tripura,802,0
Tripura,West Tripura,1045,3
Uttar Pradesh,Agra,534,1
Uttar Pradesh,Aligarh,289,2
Uttar Pradesh,Allahabad,716,0
Uttar Pradesh,Ambedkar Nagar,104,1
Uttar Pradesh,Amethi,15,0
Uttar Pradesh,Amroha,1,1
Uttar Pradesh,Auraiya,119,0
Uttar Pradesh,Azamgarh,100,2
Uttar Pradesh,Baghpat,42,0
Uttar Pradesh,Bagpat,4,0
Uttar Pradesh,Bahraich,13,0
Uttar Pradesh,Ballia,124,2
Uttar Pradesh,Balrampur,17,0
Uttar Pradesh,Banda,24,0
Uttar Pradesh,Bara Banki,3,0
Uttar Pradesh,Barabanki,314,0
Uttar Pradesh,Bareilly,327,0
Uttar Pradesh,Basti,49,0
Uttar Pradesh,Bijnor,74,5
Uttar Pradesh,Budaun,15,0
Uttar Pradesh,Bulandshahar,42,0
Uttar Pradesh,Bulandshahr,32,0
Uttar Pradesh,Chandauli,58,0
Uttar Pradesh,Chitrakoot,24,0
Uttar Pradesh,Deoria,187,0
Uttar Pradesh,Etah,80,0
Uttar Pradesh,Etawah,203,2
Uttar Pradesh,Faizabad,96,0
Uttar Pradesh,Farrukhabad,76,1
Uttar Pradesh,Fatehpur,51,0
Uttar Pradesh,Firozabad,310,0
Uttar Pradesh,Gautam Buddha Nagar,186,2
Uttar Pradesh,Ghaziabad,410,4
Uttar Pradesh,Ghazipur,215,1
Uttar Pradesh,Gonda,65,0
Uttar Pradesh,Gorakhpur,177,2
Uttar Pradesh,Hamirpur,10,0
Uttar Pradesh,Hapur,94,0
Uttar Pradesh,Hardoi,69,0
Uttar Pradesh,Hathras,111,0
Uttar Pradesh,Jalaun,26,1
Uttar Pradesh,Jaunpur,76,1
Uttar Pradesh,Jhansi,124,0
Uttar Pradesh,Jyotiba Phule Nagar,36,0
Uttar Pradesh,Kannauj,70,1
Uttar Pradesh,Kanpur Dehat,43,0
Uttar Pradesh,Kanpur Nagar,1542,19
Uttar Pradesh,Kasganj,3,0
Uttar Pradesh,Kaushambi,24,0
Uttar Pradesh,Kheri,104,35
Uttar Pradesh,Kushinagar,92,0
Uttar Pradesh,Lalitpur,138,0
Uttar Pradesh,Lucknow,1465,3
Uttar Pradesh,Maharajganj,14,0
Uttar Pradesh,Mahoba,116,0
Uttar Pradesh,Mahrajganj,2,0
Uttar Pradesh,Mainpuri,112,0
Uttar Pradesh,Mathura,155,0
Uttar Pradesh,Mau,36,0
Uttar Pradesh,Meerut,55,1
Uttar Pradesh,Mirzapur,33,0
Uttar Pradesh,Moradabad,184,0
Uttar Pradesh,Muzaffarnagar,58,0
Uttar Pradesh,Pilibhit,112,0
Uttar Pradesh,Pratapgarh,88,0
Uttar Pradesh,Rae Bareli,8,0
Uttar Pradesh,Raebareli,115,0
Uttar Pradesh,Rampur,51,0
Uttar Pradesh,Saharanpur,77,0
Uttar Pradesh,Sambhal,2,0
Uttar Pradesh,Sant Kabir Nagar,45,2
Uttar Pradesh,Sant Ravidas Nagar,14,0
Uttar Pradesh,Sant Ravidas Nagar Bhadohi,25,0
Uttar Pradesh,Shahjahanpur,70,0
Uttar Pradesh,Shamli,8,0
Uttar Pradesh,Shrawasti,1,0
Uttar Pradesh,Siddharthnagar,22,0
Uttar Pradesh,Sitapur,131,0
Uttar Pradesh,Sonbhadra,40,0
Uttar Pradesh,Sultanpur,182,0
Uttar Pradesh,Unnao,228,0
Uttar Pradesh,Varanasi,117,0
Uttarakhand,Almora,49,0
Uttarakhand,Bageshwar,20,1
Uttarakhand,Chamoli,27,0
Uttarakhand,Champawat,25,0
Uttarakhand,Dehradun,269,1
Uttarakhand,Garhwal,50,0
Uttarakhand,Hardwar,94,0
Uttarakhand,Haridwar,12,0
Uttarakhand,Nainital,240,0
Uttarakhand,Pauri Garhwal,16,0
Uttarakhand,Pithoragarh,30,0
Uttarakhand,Rudraprayag,4,0
Uttarakhand,Tehri Garhwal,24,0
Uttarakhand,Udham Singh Nagar,370,0
Uttarakhand,Uttarkashi,7,0
West Bengal,Bally Jagachha,3,0
West Bengal,Bankura,45,11
West Bengal,Barddhaman,5140,17118
West Bengal,Bardhaman,13469,107
West Bengal,Birbhum,51,5
West Bengal,Cooch Behar,2937,3331
West Bengal,Dakshin Dinajpur,8,4
West Bengal,Darjeeling,374,9
West Bengal,Domjur,3,3
West Bengal,East Midnapore,218,1498
West Bengal,Hooghly,3619,261
West Bengal,Howrah,15905,11911
West Bengal,Jalpaiguri,1663,4419
West Bengal,Kolkata,13241,5822
West Bengal,Malda,2742,278
West Bengal,Medinipur,575,4849
West Bengal,Murshidabad,17543,9871
West Bengal,Nadia,17293,49
West Bengal,Naihati Anandabazar,1,0
West Bengal,North 24 Parganas,1486,16867
West Bengal,North Dinajpur,11,25
West Bengal,Purulia,44,0
West Bengal,South 24 Parganas,10,0
West Bengal,South Dinajpur,4,0
West Bengal,South Twenty Four Parganas,19405,3022
West Bengal,West Midnapore,146,1978
