State,District,Aadhaar generated,Enrolment Rejected
Andaman and Nicobar Islands,Andamans,31,0
Andaman and Nicobar Islands,South Andaman,5,0
Andhra Pradesh,Adilabad,2308,156
Andhra Pradesh,Anantapur,1264,2
Andhra Pradesh,Ananthapur,17,1
Andhra Pradesh,Chittoor,1157,1
Andhra Pradesh,Cuddapah,724,1
Andhra Pradesh,East Godavari,3351,123
Andhra Pradesh,Guntur,3400,39
Andhra Pradesh,Hyderabad,2425,88
Andhra Pradesh,K.V.Rangareddy,4109,216
Andhra Pradesh,Karim Nagar,1075,82
Andhra Pradesh,Karimnagar,558,1
Andhra Pradesh,Khammam,1786,20
Andhra Pradesh,Krishna,2974,17
Andhra Pradesh,Kurnool,8866,455
Andhra Pradesh,Mahabub Nagar,10280,1017
Andhra Pradesh,Mahbubnagar,3912,315
Andhra Pradesh,Medak,827,36
Andhra Pradesh,Nalgonda,7521,773
Andhra Pradesh,Nellore,1492,178
Andhra Pradesh,Nizamabad,838,55
Andhra Pradesh,Prakasam,12896,8
Andhra Pradesh,Srikakulam,2512,3811
Andhra Pradesh,Visakhapatnam,2262,289
Andhra Pradesh,Vizianagaram,1687,78
Andhra Pradesh,Warangal,2668,138
Andhra Pradesh,West Godavari,2142,9
Arunachal Pradesh,Lohit,1,0
Assam,Barpeta,7,0
Assam,Bongaigaon,4,0
Assam,Cachar,7,1
Assam,Darrang,3,0
Assam,Dhemaji,1,0
Assam,Dhubri,3,0
Assam,Dibrugarh,3,0
Assam,Goalpara,1,0
Assam,Golaghat,3,0
Assam,Hailakandi,3,1
Assam,Jorhat,2,0
Assam,Kamrup,3,1
Assam,Karimganj,1,0
Assam,Kokrajhar,2,0
Assam,Lakhimpur,3,0
Assam,Marigaon,1,0
Assam,Nagaon,6,0
Assam,Nalbari,1,0
Assam,Sibsagar,4,0
Assam,Sonitpur,2,0
Assam,Tinsukia,2,0
Bihar,Araria,15,0
Bihar,Arwal,19,3
Bihar,Aurangabad,35,1
Bihar,Aurangabad(BH),31,1
Bihar,Banka,34,0
Bihar,Begusarai,48,0
Bihar,Bhabua,7,0
Bihar,Bhagalpur,49,0
Bihar,Bhojpur,83,2
Bihar,Buxar,68,0
Bihar,Darbhanga,96,1
Bihar,East Champaran,74,0
Bihar,Gaya,86,9
Bihar,Gopalganj,75,2
Bihar,Jamui,44,0
Bihar,Jehanabad,37,1
Bihar,Kaimur (Bhabua),17,1
Bihar,Katihar,13,1
Bihar,Khagaria,23,0
Bihar,Kishanganj,38,0
Bihar,Lakhisarai,27,0
Bihar,Madhepura,26,1
Bihar,Madhubani,73,2
Bihar,Munger,33,1
Bihar,Muzaffarpur,67,3
Bihar,Nalanda,70,3
Bihar,Nawada,43,0
Bihar,Patna,236,6
Bihar,Purnia,44,0
Bihar,Rohtas,56,0
Bihar,Saharsa,21,0
Bihar,Samastipur,59,1
Bihar,Saran,101,4
Bihar,Sheikhpura,18,1
Bihar,Sheohar,7,0
Bihar,Sitamarhi,64,1
Bihar,Siwan,77,2
Bihar,Supaul,16,1
Bihar,Vaishali,73,0
Bihar,West Champaran,47,0
Chandigarh,Chandigarh,1070,181
Chandigarh,Mohali,6,0
Chhattisgarh,Bastar,2,0
Chhattisgarh,Bilaspur,5,0
Chhattisgarh,Durg,35,0
Chhattisgarh,Janjgir Champa,5,0
Chhattisgarh,Janjgir-champa,17,0
Chhattisgarh,Jashpur,8,0
Chhattisgarh,Kawardha,1,0
Chhattisgarh,Korba,8,0
Chhattisgarh,Koriya,2,0
Chhattisgarh,Mahasamund,109,19
Chhattisgarh,Raigarh,192,0
Chhattisgarh,Raipur,77,2
Chhattisgarh,Rajnandgaon,2,0
Chhattisgarh,Surajpur ,1,0
Chhattisgarh,Surguja,7,0
Dadra and Nagar Haveli,Dadra and Nagar Haveli,11,0
Daman and Diu,Daman,64,1
Daman and Diu,Diu,16,3
Delhi,Central Delhi,407,332
Delhi,East Delhi,1184,2378
Delhi,Najafgarh,308,755
Delhi,New Delhi,10,2
Delhi,North Delhi,577,434
Delhi,North East,932,758
Delhi,North East Delhi,38,10
Delhi,North West Delhi,3436,4355
Delhi,South Delhi,1823,2837
Delhi,South West Delhi,2274,3042
Delhi,West Delhi,1290,1238
Goa,Bardez,5,13
Goa,Bicholim,1,0
Goa,North Goa,850,3899
Goa,South Goa,522,74
Gujarat,Ahmadabad,278,0
Gujarat,Ahmedabad,2473,59
Gujarat,Amreli,1088,10
Gujarat,Anand,1196,31
Gujarat,Banaskantha,573,15
Gujarat,Bharuch,239,10
Gujarat,Bhavnagar,1199,31
Gujarat,Dahod,270,16
Gujarat,Dohad,311,8
Gujarat,Gandhinagar,589,21
Gujarat,Jamnagar,1540,35
Gujarat,Junagadh,2089,55
Gujarat,Kachchh,71,9
Gujarat,Kheda,393,10
Gujarat,Mahesana,549,22
Gujarat,Narmada,383,9
Gujarat,Navsari,498,21
Gujarat,Panchmahals,1023,48
Gujarat,Patan,151,21
Gujarat,Porbandar,252,13
Gujarat,Rajkot,2587,53
Gujarat,Sabarkantha,1594,37
Gujarat,Surat,2251,58
Gujarat,Surendra Nagar,788,48
Gujarat,Tapi,342,10
Gujarat,The Dangs,40,3
Gujarat,Vadodara,1265,39
Gujarat,Valsad,677,22
Haryana,Ambala,2395,120
Haryana,Bhiwani,93,4
Haryana,Faridabad,2711,71
Haryana,Fatehabad,54,0
Haryana,Gurgaon,2733,154
Haryana,Hisar,4640,13
Haryana,Jhajjar,59,2
Haryana,Jind,1354,14
Haryana,Kaithal,471,2
Haryana,Karnal,2602,83
Haryana,Kurukshetra,3579,11
Haryana,Mahendragarh,50,4
Haryana,Mewat,17,0
Haryana,Palwal,2733,8
Haryana,Panchkula,129,2
Haryana,Panipat,415,17
Haryana,Rewari,155,5
Haryana,Rohtak,518,15
Haryana,Sirsa,1538,16
Haryana,Sonipat,5497,199
Haryana,Yamuna Nagar,386,1
Himachal Pradesh,Bilaspur,59,6
Himachal Pradesh,Bilaspur ,76,8
Himachal Pradesh,Chamba,861,76
Himachal Pradesh,Hamirpur,390,9
Himachal Pradesh,Kangra,4654,54
Himachal Pradesh,Kinnaur,16,0
Himachal Pradesh,Kullu,183,0
Himachal Pradesh,Lahul and Spiti,5,0
Himachal Pradesh,Mandi,550,18
Himachal Pradesh,Shimla,1643,25
Himachal Pradesh,Sirmaur,2393,42
Himachal Pradesh,Solan,2829,31
Himachal Pradesh,Una,322,11
Jammu and Kashmir,Anantnag,9,0
Jammu and Kashmir,Bandipore,1,0
Jammu and Kashmir,Baramula,2,0
Jammu and Kashmir,Doda,5,0
Jammu and Kashmir,Jammu,46,2
Jammu and Kashmir,Kathua,17,0
Jammu and Kashmir,Kupwara,3,0
Jammu and Kashmir,Poonch,2,0
Jammu and Kashmir,Punch,1,0
Jammu and Kashmir,Rajouri,8,0
Jammu and Kashmir,Srinagar,1,0
Jammu and Kashmir,Udhampur,8,0
Jharkhand,Bokaro,7601,180
Jharkhand,Chatra,527,18
Jharkhand,Deoghar,1041,77
Jharkhand,Dhanbad,5105,193
Jharkhand,Dumka,2090,100
Jharkhand,East Singhbhum,1468,47
Jharkhand,Garhwa,1065,118
Jharkhand,Giridih,743,104
Jharkhand,Godda,1776,30
Jharkhand,Gumla,1202,36
Jharkhand,Hazaribag,593,28
Jharkhand,Hazaribagh,8046,118
Jharkhand,Jamtara,802,3
Jharkhand,Khunti,985,29
Jharkhand,Kodarma,126,0
Jharkhand,Koderma,765,16
Jharkhand,Latehar,270,7
Jharkhand,Lohardaga,818,32
Jharkhand,Pakaur,27,0
Jharkhand,Pakur,899,55
Jharkhand,Palamau,361,10
Jharkhand,Palamu,2146,44
Jharkhand,Ramgarh,3458,66
Jharkhand,Ranchi,7939,142
Jharkhand,Sahebganj,1226,22
Jharkhand,Seraikela-Kharsawan,753,38
Jharkhand,Simdega,703,30
Jharkhand,West Singhbhum,459,28
Karnataka,Bagalkot,176,2
Karnataka,Bangalore,2881,84
Karnataka,Bangalore Rural,30,2
Karnataka,Belgaum,3610,16
Karnataka,Bellary,1050,15
Karnataka,Bidar,345,3
Karnataka,Bijapur,30,1
Karnataka,Bijapur(KAR),266,0
Karnataka,Chamarajanagar,14,0
Karnataka,Chamrajnagar,14,0
Karnataka,Chickmagalur,627,13
Karnataka,Chikkaballapur,1180,254
Karnataka,Chitradurga,534,17
Karnataka,Dakshina Kannada,230,0
Karnataka,Davangere,869,162
Karnataka,Dharwad,20113,534
Karnataka,Gadag,45,0
Karnataka,Gulbarga,213,1
Karnataka,Hassan,525,8
Karnataka,Haveri,604,274
Karnataka,Kodagu,176,31
Karnataka,Kolar,510,32
Karnataka,Koppal,78,0
Karnataka,Mandya,44,2
Karnataka,Mysore,839,2
Karnataka,Raichur,65,0
Karnataka,Ramanagar,299,17
Karnataka,Shimoga,1886,13
Karnataka,Tumkur,271,1
Karnataka,Udupi,1402,30
Karnataka,Uttara Kannada,8456,176
Karnataka,Yadgir,30,0
Kerala,Alappuzha,10297,1102
Kerala,Ernakulam,11698,8870
Kerala,Idukki,4837,440
Kerala,Kannur,21999,2872
Kerala,Kasaragod,5344,16
Kerala,Kasargod,3983,123
Kerala,Kollam,14353,786
Kerala,Kottayam,9852,931
Kerala,Kozhikode,11807,2081
Kerala,Malappuram,14129,720
Kerala,Palakkad,25890,3121
Kerala,Pathanamthitta,3730,2555
Kerala,Thiruvananthapuram,11195,1113
Kerala,Thrissur,12244,2229
Kerala,Wayanad,5959,1155
Lakshadweep,Lakshadweep,105,0
Madhya Pradesh,Alirajpur,259,42
Madhya Pradesh,Anuppur,108,7
Madhya Pradesh,Ashok Nagar,525,2
Madhya Pradesh,Balaghat,387,12
Madhya Pradesh,Barwani,269,5
Madhya Pradesh,Betul,886,27
Madhya Pradesh,Bhind,585,22
Madhya Pradesh,Bhopal,8310,346
Madhya Pradesh,Burhanpur,76,0
Madhya Pradesh,Chhatarpur,388,39
Madhya Pradesh,Chhindwara,1239,57
Madhya Pradesh,Damoh,4195,53
Madhya Pradesh,Datia,658,14
Madhya Pradesh,Dewas,453,6
Madhya Pradesh,Dhar,3858,72
Madhya Pradesh,Dindori,29,0
Madhya Pradesh,Guna,3492,264
Madhya Pradesh,Gwalior,4038,185
Madhya Pradesh,Harda,125,0
Madhya Pradesh,Hoshangabad,315,2
Madhya Pradesh,Indore,9322,283
Madhya Pradesh,Jabalpur,13150,405
Madhya Pradesh,Jhabua,375,4
Madhya Pradesh,Katni,3966,74
Madhya Pradesh,Khandwa,481,14
Madhya Pradesh,Khargone,2791,55
Madhya Pradesh,Mandla,1442,51
Madhya Pradesh,Mandsaur,286,2
Madhya Pradesh,Morena,612,12
Madhya Pradesh,Narsinghpur,360,6
Madhya Pradesh,Neemuch,111,2
Madhya Pradesh,Panna,930,28
Madhya Pradesh,Raisen,776,20
Madhya Pradesh,Rajgarh,3392,82
Madhya Pradesh,Ratlam,363,10
Madhya Pradesh,Rewa,1697,25
Madhya Pradesh,Sagar,6296,50
Madhya Pradesh,Satna,4676,77
Madhya Pradesh,Sehore,2616,65
Madhya Pradesh,Seoni,2740,49
Madhya Pradesh,Shahdol,741,2
Madhya Pradesh,Shajapur,525,2
Madhya Pradesh,Sheopur,1387,3
Madhya Pradesh,Shivpuri,196,13
Madhya Pradesh,Sidhi,101,2
Madhya Pradesh,Singrauli,132,0
Madhya Pradesh,Tikamgarh,445,3
Madhya Pradesh,Ujjain,4532,279
Madhya Pradesh,Umaria,247,2
Madhya Pradesh,Vidisha,3753,177
Maharashtra,Ahmadnagar,1125,9
Maharashtra,Ahmed Nagar,1029,38
Maharashtra,Akola,695,11
Maharashtra,Amravati,5237,112
Maharashtra,Aurangabad,1101,99
Maharashtra,Beed,767,10
Maharashtra,Bhandara,880,56
Maharashtra,Buldhana,610,14
Maharashtra,Chandrapur,4683,12
Maharashtra,Dhule,3130,39
Maharashtra,Gadchiroli,190,1
Maharashtra,Gondia,299,14
Maharashtra,Gondiya,243,29
Maharashtra,Hingoli,1223,18
Maharashtra,Jalgaon,1640,15
Maharashtra,Jalna,4763,1271
Maharashtra,Kolhapur,1904,24
Maharashtra,Latur,1847,60
Maharashtra,Mumbai,16667,251
Maharashtra,Mumbai City,678,2
Maharashtra,Mumbai( Sub Urban ),151,1
Maharashtra,Nagpur,4495,117
Maharashtra,Nanded,398,1
Maharashtra,Nandurbar,1822,35
Maharashtra,Nashik,11743,862
Maharashtra,Osmanabad,606,13
Maharashtra,Parbhani,1574,85
Maharashtra,Pune,7554,101
Maharashtra,Raigarh,2004,5
Maharashtra,Raigarh(MH),1099,7
Maharashtra,Ratnagiri,813,65
Maharashtra,Sangli,1968,39
Maharashtra,Satara,914,26
Maharashtra,Sindhudurg,61,4
Maharashtra,Solapur,2323,40
Maharashtra,Thane,25740,1061
Maharashtra,Wardha,715,65
Maharashtra,Washim,117,1
Maharashtra,Yavatmal,334,10
Manipur,Bishnupur,108,1
Manipur,Chandel,69,0
Manipur,Churachandpur,75,0
Manipur,Imphal East,216,5
Manipur,Imphal West,132,1
Manipur,Senapati,58,1
Manipur,Tamenglong,26,0
Manipur,Thoubal,736,45
Manipur,Ukhrul,43,1
Meghalaya,East Khasi Hills,1,0
Meghalaya,Jaintia Hills,1,0
Meghalaya,Ri Bhoi,1,0
Mizoram,Aizawl,1,0
Nagaland,Dimapur,39,14
Nagaland,Kiphire,215,5
Nagaland,Kohima,5,8
Nagaland,Longleng,33,1
Nagaland,Mokokchung,3,11
Nagaland,Mon,190,19
Nagaland,Phek,2,6
Nagaland,Tuensang,219,32
Nagaland,Wokha,47,0
Nagaland,Zunheboto,47,1
Odisha,Angul,3,0
Odisha,Anugul,2,0
Odisha,Balangir,4014,50
Odisha,Baleswar,1121,2769
Odisha,Balianta,0,1
Odisha,Bargarh,82,1
Odisha,Baudh,1,0
Odisha,Bhadrak,68,0
Odisha,Cuttack,2552,324
Odisha,Debagarh,1,0
Odisha,Dhenkanal,28,0
Odisha,Gajapati,5,0
Odisha,Ganjam,384,3
Odisha,Jagatsinghapur,14,0
Odisha,Jajapur,77,0
Odisha,Jharsuguda,3,0
Odisha,Kalahandi,3,0
Odisha,Kandhamal,8,2
Odisha,Kendrapara,45,1
Odisha,Kendujhar,364,57
Odisha,Khorda,13,0
Odisha,Khordha,907,1946
Odisha,Koraput,181,33
Odisha,Malkangiri,2,0
Odisha,Mayurbhanj,20,0
Odisha,Nayagarh,42,0
Odisha,Nuapada,1,0
Odisha,Puri,109,0
Odisha,Rayagada,97,6
Odisha,Sambalpur,17,1
Odisha,Sonapur,188,37
Odisha,Sundergarh,18,2
Others,Others,50,1321
Puducherry,Karaikal,17185,13
Puducherry,Pondicherry,667,48
Puducherry,Yanam,28,1
Punjab,Amritsar,1298,55
Punjab,Barnala,633,10
Punjab,Bathinda,721,35
Punjab,Faridkot,1122,26
Punjab,Fatehgarh Sahib,2728,29
Punjab,Fazilka,351,63
Punjab,Ferozepur,815,45
Punjab,Gurdaspur,1699,20
Punjab,Hoshiarpur,665,27
Punjab,Jalandhar,2124,114
Punjab,Kapurthala,1346,54
Punjab,Ludhiana,5891,104
Punjab,Mansa,504,4
Punjab,Moga,1322,24
Punjab,Muktsar,243,6
Punjab,Nawanshahr,50,0
Punjab,Pathankot,86,2
Punjab,Patiala,2537,73
Punjab,Rupnagar,335,20
Punjab,SAS Nagar (Mohali),1051,18
Punjab,Sangrur,5638,28
Punjab,Shaheed Bhagat Singh Nagar,959,17
Punjab,Sri Muktsar Sahib,625,29
Punjab,Tarn Taran,1247,9
Rajasthan,Ajmer,16198,229
Rajasthan,Alwar,15483,60
Rajasthan,Banswara,2638,11
Rajasthan,Baran,946,4
Rajasthan,Barmer,8248,373
Rajasthan,Bharatpur,358,8
Rajasthan,Bhilwara,1780,43
Rajasthan,Bikaner,5824,151
Rajasthan,Bundi,1074,24
Rajasthan,Chittorgarh,1170,3
Rajasthan,Churu,1495,46
Rajasthan,Dausa,2682,42
Rajasthan,Dholpur,24,0
Rajasthan,Dungarpur,2347,7
Rajasthan,Ganganagar,379,33
Rajasthan,Hanumangarh,1843,19
Rajasthan,Jaipur,8632,201
Rajasthan,Jaisalmer,39,0
Rajasthan,Jalor,4310,145
Rajasthan,Jhalawar,198,0
Rajasthan,Jhunjhunu,2325,108
Rajasthan,Jhunjhunun,1294,64
Rajasthan,Jodhpur,2484,50
Rajasthan,Karauli,127,1
Rajasthan,Kota,697,9
Rajasthan,Nagaur,6029,186
Rajasthan,Pali,1675,190
Rajasthan,Pratapgarh,3516,14
Rajasthan,Rajsamand,2276,57
Rajasthan,Sawai Madhopur,303,25
Rajasthan,Sikar,3993,81
Rajasthan,Sirohi,2613,68
Rajasthan,Tonk,1357,55
Rajasthan,Udaipur,16497,258
Sikkim,East Sikkim,108,0
Sikkim,North Sikkim,6,0
Sikkim,South Sikkim,26,0
Sikkim,West Sikkim,22,0
Tamil Nadu,Ariyalur,103,1
Tamil Nadu,Chennai,49,0
Tamil Nadu,Coimbatore,132,0
Tamil Nadu,Cuddalore,1860,770
Tamil Nadu,Dharmapuri,239,28
Tamil Nadu,Dindigul,30,5
Tamil Nadu,Erode,2073,898
Tamil Nadu,Kancheepuram,4,0
Tamil Nadu,Kanchipuram,18,0
Tamil Nadu,Kanniyakumari,10,0
Tamil Nadu,Kanyakumari,7,0
Tamil Nadu,Karur,2043,289
Tamil Nadu,Krishnagiri,1,1
Tamil Nadu,Madurai,1258,285
Tamil Nadu,Nagapattinam,1134,59
Tamil Nadu,Namakkal,29,0
Tamil Nadu,Nilgiris,3,0
Tamil Nadu,Perambalur,609,530
Tamil Nadu,Pudukkottai,1155,265
Tamil Nadu,Ramanathapuram,64,55
Tamil Nadu,Salem,1265,164
Tamil Nadu,Sivaganga,10,0
Tamil Nadu,Thanjavur,855,8
Tamil Nadu,The Nilgiris,1,0
Tamil Nadu,Theni,95,0
Tamil Nadu,Thoothukkudi,126,20
Tamil Nadu,Tiruchirappalli,626,52
Tamil Nadu,Tirunelveli,19,0
Tamil Nadu,Tiruppur,3,1
Tamil Nadu,Tiruvallur,66,8
Tamil Nadu,Tiruvannamalai,149,33
Tamil Nadu,Tiruvarur,3,0
Tamil Nadu,Vellore,2502,48
Tamil Nadu,Villupuram,2,0
Tamil Nadu,Viluppuram,5,0
Tamil Nadu,Virudhunagar,61,47
Tripura,Dhalai,121,0
Tripura,North Tripura,380,0
Tripura,Sepahijala,2,0
Tripura,South Tripura,427,0
Tripura,West Tripura,551,0
Uttar Pradesh,Agra,228,11
Uttar Pradesh,Aligarh,103,3
Uttar Pradesh,Allahabad,284,1
Uttar Pradesh,Ambedkar Nagar,74,0
Uttar Pradesh,Amethi,3,0
Uttar Pradesh,Amroha,1,0
Uttar Pradesh,Auraiya,68,0
Uttar Pradesh,Azamgarh,92,0
Uttar Pradesh,Baghpat,12,2
Uttar Pradesh,Bagpat,5,1
Uttar Pradesh,Bahraich,18,0
Uttar Pradesh,Ballia,100,0
Uttar Pradesh,Balrampur,25,0
Uttar Pradesh,Banda,18,0
Uttar Pradesh,Bara Banki,10,0
Uttar Pradesh,Barabanki,142,1
Uttar Pradesh,Bareilly,130,0
Uttar Pradesh,Basti,32,1
Uttar Pradesh,Bijnor,25,0
Uttar Pradesh,Budaun,19,0
Uttar Pradesh,Bulandshahar,13,0
Uttar Pradesh,Bulandshahr,23,3
Uttar Pradesh,Chandauli,28,0
Uttar Pradesh,Chitrakoot,22,0
Uttar Pradesh,Deoria,86,0
Uttar Pradesh,Etah,45,0
Uttar Pradesh,Etawah,111,1
Uttar Pradesh,Faizabad,38,1
Uttar Pradesh,Farrukhabad,22,0
Uttar Pradesh,Fatehpur,50,1
Uttar Pradesh,Firozabad,145,2
Uttar Pradesh,Gautam Buddha Nagar,97,6
Uttar Pradesh,Ghaziabad,188,0
Uttar Pradesh,Ghazipur,142,1
Uttar Pradesh,Gonda,57,0
Uttar Pradesh,Gorakhpur,69,1
Uttar Pradesh,Hamirpur,10,1
Uttar Pradesh,Hapur,19,1
Uttar Pradesh,Hardoi,28,0
Uttar Pradesh,Hathras,50,0
Uttar Pradesh,Jalaun,23,1
Uttar Pradesh,Jaunpur,85,0
Uttar Pradesh,Jhansi,43,2
Uttar Pradesh,Jyotiba Phule Nagar,11,0
Uttar Pradesh,Kannauj,29,0
Uttar Pradesh,Kanpur Dehat,29,0
Uttar Pradesh,Kanpur Nagar,558,2
Uttar Pradesh,Kasganj,1,0
Uttar Pradesh,Kaushambi,22,1
Uttar Pradesh,Kheri,48,9
Uttar Pradesh,Kushinagar,70,1
Uttar Pradesh,Lalitpur,54,1
Uttar Pradesh,Lucknow,548,2
Uttar Pradesh,Maharajganj,9,0
Uttar Pradesh,Mahoba,23,42
Uttar Pradesh,Mahrajganj,5,0
Uttar Pradesh,Mainpuri,68,0
Uttar Pradesh,Mathura,69,9
Uttar Pradesh,Mau,40,0
Uttar Pradesh,Meerut,44,0
Uttar Pradesh,Mirzapur,41,2
Uttar Pradesh,Moradabad,67,1
Uttar Pradesh,Muzaffarnagar,28,1
Uttar Pradesh,Pilibhit,31,0
Uttar Pradesh,Pratapgarh,46,1
Uttar Pradesh,Rae Bareli,14,1
Uttar Pradesh,Raebareli,41,2
Uttar Pradesh,Rampur,22,0
Uttar Pradesh,Saharanpur,38,0
Uttar Pradesh,Sambhal,3,0
Uttar Pradesh,Sant Kabir Nagar,22,0
Uttar Pradesh,Sant Ravidas Nagar,21,0
Uttar Pradesh,Sant Ravidas Nagar Bhadohi,7,0
Uttar Pradesh,Shahjahanpur,17,0
Uttar Pradesh,Shamli,5,1
Uttar Pradesh,Shrawasti,7,0
Uttar Pradesh,Siddharthnagar,36,0
Uttar Pradesh,Sitapur,44,0
Uttar Pradesh,Sonbhadra,23,0
Uttar Pradesh,Sultanpur,116,5
Uttar Pradesh,Unnao,91,2
Uttar Pradesh,Varanasi,69,0
Uttarakhand,Almora,32,0
Uttarakhand,Bageshwar,17,0
Uttarakhand,Chamoli,14,0
Uttarakhand,Champawat,10,0
Uttarakhand,Dehradun,127,2
Uttarakhand,Garhwal,24,0
Uttarakhand,Hardwar,45,0
Uttarakhand,Haridwar,3,0
Uttarakhand,Nainital,108,3
Uttarakhand,Pauri Garhwal,22,1
Uttarakhand,Pithoragarh,22,0
Uttarakhand,Rudraprayag,8,0
Uttarakhand,Tehri Garhwal,20,0
Uttarakhand,Udham Singh Nagar,164,1
Uttarakhand,Uttarkashi,9,0
West Bengal,Bally Jagachha,1,0
West Bengal,Bankura,24,1
West Bengal,Barddhaman,139,37
West Bengal,Bardhaman,255,113
West Bengal,Birbhum,52,1
West Bengal,Cooch Behar,1874,158
West Bengal,Dakshin Dinajpur,4,0
West Bengal,Darjeeling,274,34
West Bengal,Domjur,1,3
West Bengal,East Midnapore,274,451
West Bengal,Hooghly,3042,227
West Bengal,Howrah,14426,515
West Bengal,Jalpaiguri,1204,102
West Bengal,Kolkata,9921,512
West Bengal,Malda,22680,1222
West Bengal,Medinipur,580,107
West Bengal,Murshidabad,10500,314
West Bengal,Nadia,6875,1
West Bengal,Naihati Anandabazar,1,0
West Bengal,North 24 Parganas,1368,164
West Bengal,North Dinajpur,15,0
West Bengal,Purulia,33,0
West Bengal,South 24 Parganas,10,0
West Bengal,South Dinajpur,3,1
West Bengal,South Twenty Four Parganas,917,23
West Bengal,West Midnapore,141,17
