State,District,Aadhaar generated,Enrolment Rejected
Andaman and Nicobar Islands,Andamans,78,0
Andaman and Nicobar Islands,North And Middle Andaman,1,0
Andaman and Nicobar Islands,South Andaman,22,0
Andhra Pradesh,Adilabad,8625,88
Andhra Pradesh,Anantapur,3394,65
Andhra Pradesh,Ananthapur,129,2
Andhra Pradesh,Chittoor,3427,9
Andhra Pradesh,Cuddapah,6037,68
Andhra Pradesh,East Godavari,7976,387
Andhra Pradesh,Guntur,10384,69
Andhra Pradesh,Hyderabad,5635,102
Andhra Pradesh,K.V.Rangareddy,6156,53
Andhra Pradesh,Karim Nagar,2805,10
Andhra Pradesh,Karimnagar,1642,18
Andhra Pradesh,Khammam,3774,6
Andhra Pradesh,Krishna,6706,149
Andhra Pradesh,Kurnool,10649,2970
Andhra Pradesh,Mahabub Nagar,14452,1624
Andhra Pradesh,Mahbubnagar,5061,640
Andhra Pradesh,Medak,5080,38
Andhra Pradesh,Nalgonda,7127,1042
Andhra Pradesh,Nellore,2969,740
Andhra Pradesh,Nizamabad,5049,10
Andhra Pradesh,Prakasam,2967,25
Andhra Pradesh,Srikakulam,5427,3932
Andhra Pradesh,Visakhapatnam,3966,149
Andhra Pradesh,Vizianagaram,4745,1083
Andhra Pradesh,Warangal,9469,24
Andhra Pradesh,West Godavari,6594,47
Arunachal Pradesh,Papum Pare,1,0
Arunachal Pradesh,West Kameng,1,0
Arunachal Pradesh,West Siang,1,0
Assam,Barpeta,7,0
Assam,Bongaigaon,4,0
Assam,Cachar,15,0
Assam,Chirang,3,0
Assam,Darrang,6,0
Assam,Dhubri,5,0
Assam,Dibrugarh,2,0
Assam,Goalpara,1,0
Assam,Golaghat,1,0
Assam,Hailakandi,1,0
Assam,Jorhat,5,0
Assam,Kamrup,9,0
Assam,Kamrup Metro,1,0
Assam,Karbi Anglong,1,0
Assam,Karimganj,4,0
Assam,Kokrajhar,3,0
Assam,Lakhimpur,3,0
Assam,Marigaon,3,0
Assam,Nagaon,6,0
Assam,Nalbari,3,0
Assam,Sibsagar,4,0
Assam,Sonitpur,10,0
Assam,Tinsukia,2,0
Bihar,Araria,31,0
Bihar,Arwal,33,0
Bihar,Aurangabad,67,1
Bihar,Aurangabad(BH),47,0
Bihar,Banka,66,2
Bihar,Begusarai,95,1
Bihar,Bhabua,22,0
Bihar,Bhagalpur,101,2
Bihar,Bhojpur,159,0
Bihar,Buxar,135,2
Bihar,Darbhanga,137,2
Bihar,East Champaran,134,2
Bihar,Gaya,154,1
Bihar,Gopalganj,165,3
Bihar,Jamui,108,5
Bihar,Jehanabad,57,0
Bihar,Kaimur (Bhabua),38,0
Bihar,Katihar,35,0
Bihar,Khagaria,31,0
Bihar,Kishanganj,112,0
Bihar,Lakhisarai,38,0
Bihar,Madhepura,75,0
Bihar,Madhubani,122,0
Bihar,Munger,63,0
Bihar,Muzaffarpur,156,7
Bihar,Nalanda,124,1
Bihar,Nawada,73,3
Bihar,Patna,590,1
Bihar,Purnia,102,0
Bihar,Rohtas,128,0
Bihar,Saharsa,68,0
Bihar,Samastipur,119,0
Bihar,Saran,190,1
Bihar,Sheikhpura,24,0
Bihar,Sheohar,7,0
Bihar,Silao,1,0
Bihar,Sitamarhi,74,0
Bihar,Siwan,173,0
Bihar,Supaul,50,1
Bihar,Vaishali,153,0
Bihar,West Champaran,75,1
Chandigarh,Chandigarh,2110,98
Chandigarh,Mohali,4,0
Chhattisgarh,Balod,2,0
Chhattisgarh,Baloda Bazar,1,0
Chhattisgarh,Bastar,6,0
Chhattisgarh,Bilaspur,31,0
Chhattisgarh,Durg,59,0
Chhattisgarh,Gariyaband ,1,0
Chhattisgarh,Janjgir Champa,5,0
Chhattisgarh,Janjgir-champa,49,1
Chhattisgarh,Jashpur,32,0
Chhattisgarh,Kanker,4,0
Chhattisgarh,Korba,37,0
Chhattisgarh,Koriya,3,0
Chhattisgarh,Mahasamund,284,1
Chhattisgarh,Raigarh,107,0
Chhattisgarh,Raipur,208,0
Chhattisgarh,Rajnandgaon,7,0
Chhattisgarh,Surguja,23,0
Dadra and Nagar Haveli,Dadra and Nagar Haveli,6,0
Daman and Diu,Daman,132,4
Daman and Diu,Diu,69,1
Delhi,Central Delhi,1023,119
Delhi,East Delhi,3257,746
Delhi,Najafgarh,150,129
Delhi,New Delhi,22,0
Delhi,North Delhi,1547,85
Delhi,North East,2059,1077
Delhi,North East Delhi,44,3
Delhi,North West Delhi,4810,2149
Delhi,South Delhi,4333,327
Delhi,South West Delhi,2483,568
Delhi,West Delhi,1987,604
Goa,Bardez,54,0
Goa,Bicholim,1,0
Goa,North Goa,3151,413
Goa,South Goa,1827,13
Goa,Tiswadi,2,1
Gujarat,Ahmadabad,806,14
Gujarat,Ahmedabad,3693,17
Gujarat,Amreli,1101,5
Gujarat,Anand,1570,6
Gujarat,Banaskantha,2284,3
Gujarat,Bharuch,726,1
Gujarat,Bhavnagar,3744,16
Gujarat,Dahod,1702,7
Gujarat,Dohad,2455,2
Gujarat,Gandhinagar,1911,5
Gujarat,Jamnagar,6063,7
Gujarat,Junagadh,3093,67
Gujarat,Kachchh,387,29
Gujarat,Kheda,3037,44
Gujarat,Mahesana,3108,31
Gujarat,Narmada,1104,94
Gujarat,Navsari,1583,10
Gujarat,Panchmahals,2492,19
Gujarat,Patan,1261,4
Gujarat,Porbandar,912,4
Gujarat,Rajkot,4287,74
Gujarat,Sabarkantha,1662,73
Gujarat,Surat,4187,98
Gujarat,Surendra Nagar,3486,45
Gujarat,Tapi,608,1
Gujarat,The Dangs,112,0
Gujarat,Vadodara,5313,5
Gujarat,Valsad,1673,20
Haryana,Ambala,4873,116
Haryana,Bhiwani,124,0
Haryana,Faridabad,5656,20
Haryana,Fatehabad,25,1
Haryana,Gurgaon,2077,128
Haryana,Hisar,2303,9
Haryana,Jhajjar,92,0
Haryana,Jind,752,2
Haryana,Kaithal,1116,3
Haryana,Karnal,3264,35
Haryana,Kurukshetra,827,3
Haryana,Mahendragarh,51,0
Haryana,Mewat,9,2
Haryana,Palwal,1212,33
Haryana,Panchkula,228,5
Haryana,Panipat,670,0
Haryana,Rewari,860,3
Haryana,Rohtak,1459,1
Haryana,Sirsa,219,6
Haryana,Sonipat,6127,130
Haryana,Yamuna Nagar,153,12
Himachal Pradesh,Bilaspur,23,4
Himachal Pradesh,Bilaspur ,172,1
Himachal Pradesh,Chamba,3332,126
Himachal Pradesh,Hamirpur,728,1
Himachal Pradesh,Kangra,8723,245
Himachal Pradesh,Kinnaur,41,0
Himachal Pradesh,Kullu,322,0
Himachal Pradesh,Lahul and Spiti,8,0
Himachal Pradesh,Mandi,820,38
Himachal Pradesh,Shimla,3083,15
Himachal Pradesh,Sirmaur,3115,91
Himachal Pradesh,Solan,2841,26
Himachal Pradesh,Una,330,15
Jammu and Kashmir,Anantnag,2,0
Jammu and Kashmir,Baramulla,3,0
Jammu and Kashmir,Doda,10,0
Jammu and Kashmir,Jammu,110,0
Jammu and Kashmir,Kathua,25,1
Jammu and Kashmir,Kupwara,7,0
Jammu and Kashmir,Leh,1,0
Jammu and Kashmir,Poonch,1,0
Jammu and Kashmir,Punch,3,0
Jammu and Kashmir,Rajouri,17,0
Jammu and Kashmir,Udhampur,12,0
Jharkhand,Bokaro,15894,262
Jharkhand,Chatra,1674,6
Jharkhand,Deoghar,1669,17
Jharkhand,Dhanbad,7150,475
Jharkhand,Dumka,6768,174
Jharkhand,East Singhbhum,2648,7
Jharkhand,Garhwa,2917,37
Jharkhand,Giridih,1563,11
Jharkhand,Godda,2905,54
Jharkhand,Gumla,2850,16
Jharkhand,Hazaribag,684,6
Jharkhand,Hazaribagh,6187,276
Jharkhand,Jamtara,474,15
Jharkhand,Khunti,1870,14
Jharkhand,Kodarma,341,1
Jharkhand,Koderma,401,11
Jharkhand,Latehar,355,1
Jharkhand,Lohardaga,1758,11
Jharkhand,Pakaur,93,0
Jharkhand,Pakur,2305,67
Jharkhand,Palamau,910,8
Jharkhand,Palamu,4664,12
Jharkhand,Ramgarh,7167,121
Jharkhand,Ranchi,15800,243
Jharkhand,Sahebganj,2417,7
Jharkhand,Seraikela-Kharsawan,4484,41
Jharkhand,Simdega,1593,35
Jharkhand,West Singhbhum,1891,0
Karnataka,Bagalkot,683,1
Karnataka,Bangalore,9880,56
Karnataka,Bangalore Rural,212,35
Karnataka,Belgaum,1868,5
Karnataka,Bellary,2053,8
Karnataka,Bidar,1183,12
Karnataka,Bijapur,932,0
Karnataka,Bijapur(KAR),766,0
Karnataka,Chamarajanagar,28,0
Karnataka,Chamrajnagar,847,0
Karnataka,Chickmagalur,469,1
Karnataka,Chikkaballapur,1876,11
Karnataka,Chitradurga,1658,11
Karnataka,Dakshina Kannada,284,0
Karnataka,Davangere,2602,24
Karnataka,Dharwad,9303,884
Karnataka,Gadag,218,4
Karnataka,Gulbarga,779,2
Karnataka,Hassan,1277,3
Karnataka,Haveri,1039,6
Karnataka,Kodagu,1605,92
Karnataka,Kolar,246,9
Karnataka,Koppal,300,1
Karnataka,Mandya,106,1
Karnataka,Mysore,1992,22
Karnataka,Raichur,268,0
Karnataka,Ramanagar,629,0
Karnataka,Shimoga,687,7
Karnataka,Tumkur,731,21
Karnataka,Udupi,3402,335
Karnataka,Uttara Kannada,14515,5
Karnataka,Yadgir,321,6
Kerala,Alappuzha,9038,101
Kerala,Ernakulam,24310,1196
Kerala,Idukki,6491,158
Kerala,Kannur,14909,64
Kerala,Kasaragod,1670,6
Kerala,Kasargod,8590,159
Kerala,Kollam,20314,159
Kerala,Kottayam,18649,578
Kerala,Kozhikode,16120,280
Kerala,Malappuram,17040,84
Kerala,Palakkad,33332,407
Kerala,Pathanamthitta,5869,510
Kerala,Thiruvananthapuram,12235,739
Kerala,Thrissur,31890,222
Kerala,Wayanad,10625,115
Lakshadweep,Lakshadweep,321,0
Madhya Pradesh,Alirajpur,483,216
Madhya Pradesh,Anuppur,693,24
Madhya Pradesh,Ashok Nagar,771,10
Madhya Pradesh,Balaghat,634,8
Madhya Pradesh,Barwani,784,122
Madhya Pradesh,Betul,3170,12
Madhya Pradesh,Bhind,1006,66
Madhya Pradesh,Bhopal,13903,442
Madhya Pradesh,Burhanpur,235,8
Madhya Pradesh,Chhatarpur,982,19
Madhya Pradesh,Chhindwara,1352,20
Madhya Pradesh,Damoh,5267,115
Madhya Pradesh,Datia,560,33
Madhya Pradesh,Dewas,1145,43
Madhya Pradesh,Dhar,4756,188
Madhya Pradesh,Dindori,29,2
Madhya Pradesh,Guna,2243,293
Madhya Pradesh,Gwalior,4111,112
Madhya Pradesh,Harda,314,4
Madhya Pradesh,Hoshangabad,1398,123
Madhya Pradesh,Indore,14239,204
Madhya Pradesh,Jabalpur,15598,734
Madhya Pradesh,Jhabua,1819,137
Madhya Pradesh,Katni,2522,170
Madhya Pradesh,Khandwa,1506,69
Madhya Pradesh,Khargone,4230,118
Madhya Pradesh,Mandla,854,13
Madhya Pradesh,Mandsaur,713,273
Madhya Pradesh,Morena,816,7
Madhya Pradesh,Narsinghpur,399,6
Madhya Pradesh,Neemuch,291,88
Madhya Pradesh,Panna,2938,52
Madhya Pradesh,Raisen,1267,29
Madhya Pradesh,Rajgarh,2971,182
Madhya Pradesh,Ratlam,944,174
Madhya Pradesh,Rewa,3000,45
Madhya Pradesh,Sagar,7853,219
Madhya Pradesh,Satna,6087,127
Madhya Pradesh,Sehore,2550,180
Madhya Pradesh,Seoni,3283,102
Madhya Pradesh,Shahdol,1012,23
Madhya Pradesh,Shajapur,1344,28
Madhya Pradesh,Sheopur,304,3
Madhya Pradesh,Shivpuri,386,8
Madhya Pradesh,Sidhi,160,7
Madhya Pradesh,Singrauli,77,23
Madhya Pradesh,Tikamgarh,561,2
Madhya Pradesh,Ujjain,8074,706
Madhya Pradesh,Umaria,378,2
Madhya Pradesh,Vidisha,3194,458
Maharashtra,Ahmadnagar,1511,14
Maharashtra,Ahmed Nagar,3324,13
Maharashtra,Akola,1222,580
Maharashtra,Amravati,8853,189
Maharashtra,Aurangabad,4491,97
Maharashtra,Beed,5038,19
Maharashtra,Bhandara,1838,119
Maharashtra,Buldhana,1844,46
Maharashtra,Chandrapur,3461,9
Maharashtra,Dhule,8247,25
Maharashtra,Gadchiroli,414,0
Maharashtra,Gondia,817,5
Maharashtra,Gondiya,340,4
Maharashtra,Hingoli,1000,3
Maharashtra,Jalgaon,5346,125
Maharashtra,Jalna,7656,234
Maharashtra,Kolhapur,5277,7
Maharashtra,Latur,4833,6
Maharashtra,Mumbai,23478,439
Maharashtra,Mumbai City,239,2
Maharashtra,Mumbai( Sub Urban ),385,0
Maharashtra,Nagpur,9772,49
Maharashtra,Nanded,1579,66
Maharashtra,Nandurbar,4749,179
Maharashtra,Nashik,15389,804
Maharashtra,Osmanabad,1672,13
Maharashtra,Parbhani,1714,5
Maharashtra,Pune,16204,1248
Maharashtra,Raigarh,1197,3
Maharashtra,Raigarh(MH),1459,6
Maharashtra,Ratnagiri,1901,95
Maharashtra,Sangli,2870,161
Maharashtra,Satara,2288,17
Maharashtra,Sindhudurg,98,1
Maharashtra,Solapur,3917,152
Maharashtra,Thane,34569,727
Maharashtra,Wardha,2312,159
Maharashtra,Washim,237,1
Maharashtra,Yavatmal,1276,4
Manipur,Bishnupur,319,0
Manipur,Chandel,233,1
Manipur,Churachandpur,212,2
Manipur,Imphal East,635,1
Manipur,Imphal West,366,2
Manipur,Senapati,179,0
Manipur,Tamenglong,64,0
Manipur,Thoubal,1821,6
Manipur,Ukhrul,1032,0
Meghalaya,East Khasi Hills,1,0
Meghalaya,Ri Bhoi,1,0
Mizoram,Aizawl,3,0
Mizoram,Lunglei,1,0
Nagaland,Dimapur,127,4
Nagaland,Kiphire,518,0
Nagaland,Kohima,12,1
Nagaland,Longleng,88,0
Nagaland,Mokokchung,3,3
Nagaland,Mon,551,0
Nagaland,Phek,6,4
Nagaland,Tuensang,444,34
Nagaland,Wokha,153,1
Nagaland,Zunheboto,131,6
Odisha,Angul,8,0
Odisha,Anugul,10,0
Odisha,Balangir,8721,31
Odisha,Baleswar,15064,6214
Odisha,Bargarh,531,3
Odisha,Baudh,1,0
Odisha,Bhadrak,164,0
Odisha,Cuttack,30892,15702
Odisha,Dhenkanal,41,1
Odisha,Gajapati,23,0
Odisha,Ganjam,1110,292
Odisha,Jagatsinghapur,29,0
Odisha,Jajapur,89,0
Odisha,Jharsuguda,8,0
Odisha,Kalahandi,5,0
Odisha,Kandhamal,30,66
Odisha,Kendrapara,75,1
Odisha,Kendujhar,791,17
Odisha,Khorda,30,0
Odisha,Khordha,2706,3100
Odisha,Koraput,523,189
Odisha,Malkangiri,4,1
Odisha,Mayurbhanj,28,0
Odisha,Nabarangapur,4,0
Odisha,Nayagarh,127,0
Odisha,Nuapada,1,0
Odisha,Puri,221,0
Odisha,Rayagada,210,0
Odisha,Sambalpur,10,0
Odisha,Sonapur,706,214
Odisha,Sundergarh,50,123
Others,Others,151,220
Puducherry,Karaikal,3854,3
Puducherry,Pondicherry,1362,3
Puducherry,Puducherry,346,8
Puducherry,Yanam,39,5
Punjab,Amritsar,5324,10
Punjab,Barnala,3366,14
Punjab,Bathinda,3575,121
Punjab,Chandigarh,1,0
Punjab,Faridkot,4307,7
Punjab,Fatehgarh Sahib,1493,54
Punjab,Fazilka,946,39
Punjab,Ferozepur,1719,5
Punjab,Gurdaspur,2924,16
Punjab,Hoshiarpur,5932,9
Punjab,Jalandhar,5164,38
Punjab,Kapurthala,1330,34
Punjab,Ludhiana,6799,76
Punjab,Mansa,864,2
Punjab,Moga,5831,14
Punjab,Muktsar,471,1
Punjab,Nawanshahr,124,0
Punjab,Pathankot,45,1
Punjab,Patiala,3684,57
Punjab,Rupnagar,1676,4
Punjab,SAS Nagar (Mohali),1095,11
Punjab,Sangrur,3608,8
Punjab,Shaheed Bhagat Singh Nagar,763,31
Punjab,Sri Muktsar Sahib,1056,13
Punjab,Tarn Taran,1030,5
Rajasthan,Ajmer,11455,713
Rajasthan,Alwar,10616,320
Rajasthan,Banswara,266,6
Rajasthan,Baran,197,1
Rajasthan,Barmer,5373,809
Rajasthan,Bharatpur,392,1
Rajasthan,Bhilwara,1292,24
Rajasthan,Bikaner,7623,233
Rajasthan,Bundi,1184,7
Rajasthan,Chittorgarh,1336,0
Rajasthan,Churu,5507,153
Rajasthan,Dausa,3517,20
Rajasthan,Dholpur,23,0
Rajasthan,Dungarpur,206,5
Rajasthan,Ganganagar,814,11
Rajasthan,Hanumangarh,1259,27
Rajasthan,Jaipur,9757,136
Rajasthan,Jaisalmer,27,0
Rajasthan,Jalor,3391,404
Rajasthan,Jhalawar,154,0
Rajasthan,Jhunjhunu,1785,103
Rajasthan,Jhunjhunun,3767,11
Rajasthan,Jodhpur,2172,40
Rajasthan,Karauli,177,1
Rajasthan,Kota,1345,34
Rajasthan,Nagaur,6749,55
Rajasthan,Pali,4521,289
Rajasthan,Pratapgarh,322,13
Rajasthan,Rajsamand,2330,232
Rajasthan,Sawai Madhopur,856,4
Rajasthan,Sikar,4532,119
Rajasthan,Sirohi,1944,130
Rajasthan,Tonk,3012,66
Rajasthan,Udaipur,11563,580
Sikkim,East Sikkim,288,0
Sikkim,North Sikkim,40,0
Sikkim,South Sikkim,42,0
Sikkim,West Sikkim,111,0
Tamil Nadu,Ariyalur,251,111
Tamil Nadu,Chennai,135,0
Tamil Nadu,Coimbatore,2457,11
Tamil Nadu,Cuddalore,2288,506
Tamil Nadu,Dharmapuri,8414,307
Tamil Nadu,Dindigul,93,0
Tamil Nadu,Erode,24244,253
Tamil Nadu,Kancheepuram,6,0
Tamil Nadu,Kanchipuram,36,0
Tamil Nadu,Kanniyakumari,8,0
Tamil Nadu,Kanyakumari,25,0
Tamil Nadu,Karur,3929,76
Tamil Nadu,Krishnagiri,13,0
Tamil Nadu,Madurai,2686,29
Tamil Nadu,Nagapattinam,2808,0
Tamil Nadu,Namakkal,43,2
Tamil Nadu,Nilgiris,7,0
Tamil Nadu,Perambalur,2275,81
Tamil Nadu,Pudukkottai,2562,2
Tamil Nadu,Ramanathapuram,213,1
Tamil Nadu,Salem,10807,1243
Tamil Nadu,Sivaganga,37,0
Tamil Nadu,Thanjavur,58,2
Tamil Nadu,The Nilgiris,1,0
Tamil Nadu,Theni,215,0
Tamil Nadu,Thoothukkudi,398,1
Tamil Nadu,Tiruchirappalli,1726,22
Tamil Nadu,Tirunelveli,43,0
Tamil Nadu,Tiruppur,4,0
Tamil Nadu,Tiruvallur,418,0
Tamil Nadu,Tiruvannamalai,7722,76
Tamil Nadu,Tiruvarur,3,0
Tamil Nadu,Tuticorin,2,0
Tamil Nadu,Vellore,6478,34
Tamil Nadu,Villupuram,23,0
Tamil Nadu,Viluppuram,1,0
Tamil Nadu,Virudhunagar,343,0
Tripura,Dhalai,324,0
Tripura,North Tripura,873,1
Tripura,South Tripura,1139,1
Tripura,West Tripura,1344,2
Uttar Pradesh,Agra,615,4
Uttar Pradesh,Aligarh,340,1
Uttar Pradesh,Allahabad,680,1
Uttar Pradesh,Ambedkar Nagar,138,0
Uttar Pradesh,Amethi,20,0
Uttar Pradesh,Amroha,12,0
Uttar Pradesh,Auraiya,168,1
Uttar Pradesh,Azamgarh,162,2
Uttar Pradesh,Baghpat,47,1
Uttar Pradesh,Bagpat,11,0
Uttar Pradesh,Bahraich,24,1
Uttar Pradesh,Ballia,215,3
Uttar Pradesh,Balrampur,37,1
Uttar Pradesh,Banda,24,0
Uttar Pradesh,Bara Banki,3,0
Uttar Pradesh,Barabanki,335,0
Uttar Pradesh,Bareilly,380,0
Uttar Pradesh,Basti,71,0
Uttar Pradesh,Bijnor,77,2
Uttar Pradesh,Budaun,39,2
Uttar Pradesh,Bulandshahar,52,18
Uttar Pradesh,Bulandshahr,42,0
Uttar Pradesh,Chandauli,52,0
Uttar Pradesh,Chitrakoot,22,0
Uttar Pradesh,Deoria,169,1
Uttar Pradesh,Etah,91,0
Uttar Pradesh,Etawah,239,1
Uttar Pradesh,Faizabad,102,4
Uttar Pradesh,Farrukhabad,71,0
Uttar Pradesh,Fatehpur,41,0
Uttar Pradesh,Firozabad,348,0
Uttar Pradesh,Gautam Buddha Nagar,256,1
Uttar Pradesh,Ghaziabad,437,18
Uttar Pradesh,Ghazipur,271,4
Uttar Pradesh,Gonda,70,0
Uttar Pradesh,Gorakhpur,204,3
Uttar Pradesh,Hamirpur,14,0
Uttar Pradesh,Hapur,128,4
Uttar Pradesh,Hardoi,67,1
Uttar Pradesh,Hathras,109,2
Uttar Pradesh,Jalaun,50,0
Uttar Pradesh,Jaunpur,128,2
Uttar Pradesh,Jhansi,125,1
Uttar Pradesh,Jyotiba Phule Nagar,32,0
Uttar Pradesh,Kannauj,98,0
Uttar Pradesh,Kanpur Dehat,61,0
Uttar Pradesh,Kanpur Nagar,1665,40
Uttar Pradesh,Kasganj,5,0
Uttar Pradesh,Kaushambi,28,0
Uttar Pradesh,Kheri,493,0
Uttar Pradesh,Kushinagar,125,0
Uttar Pradesh,Lalitpur,152,0
Uttar Pradesh,Lucknow,1491,6
Uttar Pradesh,Maharajganj,30,0
Uttar Pradesh,Mahoba,64,54
Uttar Pradesh,Mahrajganj,1,0
Uttar Pradesh,Mainpuri,126,0
Uttar Pradesh,Mathura,188,0
Uttar Pradesh,Mau,66,0
Uttar Pradesh,Meerut,96,0
Uttar Pradesh,Mirzapur,48,0
Uttar Pradesh,Moradabad,192,1
Uttar Pradesh,Muzaffarnagar,56,0
Uttar Pradesh,Pilibhit,80,0
Uttar Pradesh,Pratapgarh,91,0
Uttar Pradesh,Rae Bareli,20,0
Uttar Pradesh,Raebareli,125,1
Uttar Pradesh,Rampur,65,0
Uttar Pradesh,Saharanpur,103,2
Uttar Pradesh,Sambhal,3,0
Uttar Pradesh,Sant Kabir Nagar,52,1
Uttar Pradesh,Sant Ravidas Nagar,34,0
Uttar Pradesh,Sant Ravidas Nagar Bhadohi,28,0
Uttar Pradesh,Shahjahanpur,81,1
Uttar Pradesh,Shamli,18,0
Uttar Pradesh,Shrawasti,9,2
Uttar Pradesh,Siddharthnagar,41,0
Uttar Pradesh,Sitapur,127,10
Uttar Pradesh,Sonbhadra,51,0
Uttar Pradesh,Sultanpur,259,2
Uttar Pradesh,Unnao,261,1
Uttar Pradesh,Varanasi,154,0
Uttarakhand,Almora,61,0
Uttarakhand,Bageshwar,27,0
Uttarakhand,Chamoli,20,0
Uttarakhand,Champawat,34,0
Uttarakhand,Dehradun,287,0
Uttarakhand,Garhwal,69,2
Uttarakhand,Hardwar,90,0
Uttarakhand,Haridwar,18,0
Uttarakhand,Nainital,237,0
Uttarakhand,Pauri Garhwal,32,1
Uttarakhand,Pithoragarh,26,0
Uttarakhand,Rudraprayag,9,0
Uttarakhand,Tehri Garhwal,38,0
Uttarakhand,Udham Singh Nagar,386,0
Uttarakhand,Uttarkashi,9,0
West Bengal,Amta - II,1,0
West Bengal,Bally Jagachha,10,0
West Bengal,Bankura,72,0
West Bengal,Barddhaman,2784,3889
West Bengal,Bardhaman,22767,2318
West Bengal,Birbhum,65,2
West Bengal,Cooch Behar,6982,49
West Bengal,Dakshin Dinajpur,13,0
West Bengal,Darjeeling,717,6
West Bengal,Domjur,3,0
West Bengal,East Midnapore,474,14
West Bengal,Hooghly,5386,47
West Bengal,Howrah,29767,309
West Bengal,Jalpaiguri,2720,59
West Bengal,Kolkata,44755,69
West Bengal,Malda,8184,80
West Bengal,Medinipur,1119,2
West Bengal,Murshidabad,44643,1039
West Bengal,Nadia,13917,232
West Bengal,Naihati Anandabazar,2,0
West Bengal,North 24 Parganas,2700,29
West Bengal,North Dinajpur,36,0
West Bengal,Purulia,69,0
West Bengal,South 24 Parganas,10,0
West Bengal,South Dinajpur,8,0
West Bengal,South Twenty Four Parganas,4004,2141
West Bengal,West Midnapore,227,2
