State,District,Aadhaar generated,Enrolment Rejected
Andhra Pradesh,Adilabad,649,55
Andhra Pradesh,Anantapur,1,5
Andhra Pradesh,Ananthapur,19,0
Andhra Pradesh,Chittoor,9,9
Andhra Pradesh,Cuddapah,52,2
Andhra Pradesh,East Godavari,569,33
Andhra Pradesh,Guntur,323,406
Andhra Pradesh,Hyderabad,1537,13
Andhra Pradesh,K.V.Rangareddy,1728,33
Andhra Pradesh,Karim Nagar,1333,21
Andhra Pradesh,Khammam,382,12
Andhra Pradesh,Krishna,1748,30
Andhra Pradesh,Kurnool,5089,44792
Andhra Pradesh,Mahabub Nagar,2261,12623
Andhra Pradesh,Mahbubnagar,95,9588
Andhra Pradesh,Medak,430,25
Andhra Pradesh,Nalgonda,1311,289
Andhra Pradesh,Nellore,291,50
Andhra Pradesh,Nizamabad,947,26
Andhra Pradesh,Prakasam,39,11
Andhra Pradesh,Srikakulam,1020,276
Andhra Pradesh,Visakhapatnam,828,19443
Andhra Pradesh,Vizianagaram,150,25
Andhra Pradesh,Warangal,6486,10403
Andhra Pradesh,West Godavari,610,2
Arunachal Pradesh,Tirap,1,0
Arunachal Pradesh,West Kameng,1,0
Arunachal Pradesh,West Siang,1,0
Assam,Barpeta,1,1
Assam,Bongaigaon,0,1
Assam,Cachar,6,1
Assam,Darrang,0,2
Assam,Dibrugarh,1,0
Assam,Goalpara,4,0
Assam,Golaghat,2,0
Assam,Hailakandi,1,0
Assam,Jorhat,2,0
Assam,Kamrup,5,0
Assam,Karbi Anglong,1,0
Assam,Kokrajhar,2,0
Assam,Lakhimpur,2,1
Assam,Nagaon,6,0
Assam,Sibsagar,3,1
Assam,Sonitpur,5,0
Assam,Udalguri,4,1
Bihar,Araria,7,0
Bihar,Arwal,18,1
Bihar,Aurangabad,20,0
Bihar,Aurangabad(BH),8,0
Bihar,Banka,7,1
Bihar,Begusarai,20,0
Bihar,Bhabua,1,0
Bihar,Bhagalpur,27,3
Bihar,Bhojpur,52,9
Bihar,Buxar,23,2
Bihar,Darbhanga,43,4
Bihar,East Champaran,20,6
Bihar,Gaya,43,1
Bihar,Gopalganj,32,4
Bihar,Jamui,17,0
Bihar,Jehanabad,11,2
Bihar,Kaimur (Bhabua),8,0
Bihar,Katihar,11,0
Bihar,Khagaria,13,1
Bihar,Kishanganj,3,1
Bihar,Lakhisarai,13,0
Bihar,Madhepura,11,0
Bihar,Madhubani,36,1
Bihar,Munger,13,0
Bihar,Muzaffarpur,57,6
Bihar,Nalanda,22,9
Bihar,Nawada,15,3
Bihar,Patna,52,6
Bihar,Purnia,7,0
Bihar,Rohtas,35,2
Bihar,Saharsa,11,2
Bihar,Samastipur,20,1
Bihar,Saran,88,7
Bihar,Sheikhpura,8,0
Bihar,Sheohar,5,0
Bihar,Sitamarhi,21,2
Bihar,Siwan,54,2
Bihar,Supaul,7,0
Bihar,Vaishali,27,1
Bihar,West Champaran,21,5
Chandigarh,Chandigarh,1452,25
Chandigarh,Mohali,2,0
Chhattisgarh,Baloda Bazar,2,0
Chhattisgarh,Bemetara,2,0
Chhattisgarh,Bilaspur,4,0
Chhattisgarh,Durg,4,0
Chhattisgarh,Janjgir Champa,5,0
Chhattisgarh,Janjgir-champa,1,0
Chhattisgarh,Jashpur,4,1
Chhattisgarh,Kanker,3,0
Chhattisgarh,Kawardha,1,0
Chhattisgarh,Korba,1,0
Chhattisgarh,Koriya,1,0
Chhattisgarh,Mahasamund,54,1
Chhattisgarh,Mungeli ,1,0
Chhattisgarh,Raigarh,25,0
Chhattisgarh,Raipur,3,0
Chhattisgarh,Rajnandgaon,1,0
Chhattisgarh,Surajpur ,1,0
Dadra and Nagar Haveli,Dadra and Nagar Haveli,3,0
Daman and Diu,Daman,12,0
Daman and Diu,Diu,0,2
Delhi,Central Delhi,3257,75
Delhi,East Delhi,5149,566
Delhi,Najafgarh,65,201
Delhi,New Delhi,10,0
Delhi,North Delhi,1714,99
Delhi,North East,1494,1249
Delhi,North East Delhi,73,2
Delhi,North West Delhi,11122,2682
Delhi,South Delhi,18466,543
Delhi,South West Delhi,910,807
Delhi,West Delhi,550,2391
Goa,Bardez,4,0
Goa,North Goa,825,695
Goa,South Goa,336,352
Gujarat,Ahmadabad,2,1
Gujarat,Ahmedabad,1798,24
Gujarat,Amreli,93,9
Gujarat,Anand,13,9
Gujarat,Banaskantha,924,18
Gujarat,Bharuch,583,29
Gujarat,Bhavnagar,2707,39
Gujarat,Dahod,235,11
Gujarat,Dohad,1486,6
Gujarat,Gandhinagar,440,12
Gujarat,Jamnagar,345,17
Gujarat,Junagadh,780,115
Gujarat,Kachchh,216,42
Gujarat,Kheda,1465,94
Gujarat,Mahesana,1338,39
Gujarat,Narmada,655,14
Gujarat,Navsari,1695,15
Gujarat,Panchmahals,106,33
Gujarat,Patan,561,21
Gujarat,Porbandar,152,2
Gujarat,Rajkot,1536,86
Gujarat,Sabarkantha,790,35
Gujarat,Surat,437,112
Gujarat,Surendra Nagar,1153,120
Gujarat,Tapi,1181,13
Gujarat,The Dangs,42,0
Gujarat,Vadodara,2149,9
Gujarat,Valsad,74,22
Haryana,Ambala,2208,63
Haryana,Bhiwani,22,7
Haryana,Faridabad,755,60
Haryana,Fatehabad,7,1
Haryana,Gurgaon,305,76
Haryana,Hisar,129,272
Haryana,Jhajjar,13,2
Haryana,Jind,368,7
Haryana,Kaithal,20,2
Haryana,Karnal,428,20
Haryana,Kurukshetra,55,27
Haryana,Mahendragarh,23,5
Haryana,Mewat,23,2
Haryana,Palwal,21,8
Haryana,Panchkula,102,2
Haryana,Panipat,72,2
Haryana,Rewari,24,4
Haryana,Rohtak,702,4
Haryana,Sirsa,35,5
Haryana,Sonipat,4247,47
Haryana,Yamuna Nagar,42,41
Himachal Pradesh,Bilaspur,19,0
Himachal Pradesh,Bilaspur ,2,0
Himachal Pradesh,Chamba,595,39
Himachal Pradesh,Hamirpur,35,4
Himachal Pradesh,Kangra,4140,32
Himachal Pradesh,Kinnaur,4,0
Himachal Pradesh,Kullu,82,0
Himachal Pradesh,Lahul and Spiti,1,0
Himachal Pradesh,Mandi,1127,77
Himachal Pradesh,Shimla,183,25
Himachal Pradesh,Sirmaur,46,5
Himachal Pradesh,Solan,513,42
Himachal Pradesh,Una,232,6
Jammu and Kashmir,Anantnag,1,0
Jammu and Kashmir,Doda,1,0
Jammu and Kashmir,Jammu,23,2
Jammu and Kashmir,Kathua,3,0
Jammu and Kashmir,Rajouri,2,0
Jammu and Kashmir,Udhampur,4,0
Jharkhand,Bokaro,2693,168
Jharkhand,Chatra,1131,21
Jharkhand,Deoghar,14,9
Jharkhand,Dhanbad,1964,128
Jharkhand,Dumka,907,85
Jharkhand,East Singhbhum,497,12
Jharkhand,Garhwa,388,66
Jharkhand,Giridih,234,44
Jharkhand,Godda,675,9
Jharkhand,Gumla,1000,73
Jharkhand,Hazaribag,3,8
Jharkhand,Hazaribagh,2885,70
Jharkhand,Jamtara,267,15
Jharkhand,Khunti,190,33
Jharkhand,Kodarma,1,0
Jharkhand,Koderma,106,5
Jharkhand,Latehar,117,8
Jharkhand,Lohardaga,576,24
Jharkhand,Pakur,371,33
Jharkhand,Palamau,254,48
Jharkhand,Palamu,1883,121
Jharkhand,Ramgarh,984,61
Jharkhand,Ranchi,5068,144
Jharkhand,Sahebganj,82,7
Jharkhand,Seraikela-Kharsawan,880,19
Jharkhand,Simdega,14,27
Jharkhand,West Singhbhum,284,8
Karnataka,Bagalkot,1076,2
Karnataka,Bangalore,3138,237
Karnataka,Bangalore Rural,6169,403
Karnataka,Belgaum,1036,54
Karnataka,Bellary,1754,7
Karnataka,Bidar,104,4
Karnataka,Bijapur,374,2
Karnataka,Bijapur(KAR),2,1
Karnataka,Chamrajnagar,20,0
Karnataka,Chickmagalur,848,5
Karnataka,Chikkaballapur,7260,321
Karnataka,Chitradurga,2646,939
Karnataka,Dakshina Kannada,222,2
Karnataka,Davangere,1407,148
Karnataka,Dharwad,545,54
Karnataka,Gadag,7,189
Karnataka,Gulbarga,185,3
Karnataka,Hassan,1034,0
Karnataka,Haveri,11183,20
Karnataka,Kodagu,1712,13883
Karnataka,Kolar,833,24
Karnataka,Koppal,41,2
Karnataka,Mandya,7929,854
Karnataka,Mysore,967,17
Karnataka,Raichur,71,0
Karnataka,Ramanagar,188,1
Karnataka,Shimoga,331,12
Karnataka,Tumkur,343,0
Karnataka,Udupi,139,7
Karnataka,Uttara Kannada,36812,13
Karnataka,Yadgir,12,22
Kerala,Alappuzha,3740,552
Kerala,Ernakulam,2279,501
Kerala,Idukki,2196,60
Kerala,Kannur,1966,72
Kerala,Kasaragod,175,20
Kerala,Kasargod,552,21
Kerala,Kollam,7860,3816
Kerala,Kottayam,4345,429
Kerala,Kozhikode,2635,534
Kerala,Malappuram,2535,106
Kerala,Palakkad,2885,601
Kerala,Pathanamthitta,794,299
Kerala,Thiruvananthapuram,12729,1345
Kerala,Thrissur,4497,885
Kerala,Wayanad,458,1315
Madhya Pradesh,Alirajpur,79,24
Madhya Pradesh,Anuppur,46,1
Madhya Pradesh,Ashok Nagar,35,14
Madhya Pradesh,Balaghat,63,1
Madhya Pradesh,Barwani,118,2
Madhya Pradesh,Betul,400,18
Madhya Pradesh,Bhind,242,17
Madhya Pradesh,Bhopal,2506,170
Madhya Pradesh,Burhanpur,18,0
Madhya Pradesh,Chhatarpur,23,5
Madhya Pradesh,Chhindwara,830,34
Madhya Pradesh,Damoh,762,138
Madhya Pradesh,Datia,164,654
Madhya Pradesh,Dewas,17,0
Madhya Pradesh,Dhar,650,75
Madhya Pradesh,Dindori,4,0
Madhya Pradesh,Guna,94,90
Madhya Pradesh,Gwalior,1073,62
Madhya Pradesh,Harda,175,0
Madhya Pradesh,Hoshangabad,2490,44
Madhya Pradesh,Indore,4463,138
Madhya Pradesh,Jabalpur,1901,518
Madhya Pradesh,Jhabua,992,37
Madhya Pradesh,Katni,389,243
Madhya Pradesh,Khandwa,247,8
Madhya Pradesh,Khargone,559,58
Madhya Pradesh,Mandla,9,0
Madhya Pradesh,Mandsaur,2,1
Madhya Pradesh,Morena,384,3
Madhya Pradesh,Narsinghpur,42,55
Madhya Pradesh,Neemuch,14,5
Madhya Pradesh,Panna,485,63
Madhya Pradesh,Raisen,294,16
Madhya Pradesh,Rajgarh,46,503
Madhya Pradesh,Ratlam,840,6
Madhya Pradesh,Rewa,780,47
Madhya Pradesh,Sagar,970,50
Madhya Pradesh,Satna,666,106
Madhya Pradesh,Sehore,410,42
Madhya Pradesh,Seoni,2508,258
Madhya Pradesh,Shahdol,145,1
Madhya Pradesh,Shajapur,10,1
Madhya Pradesh,Sheopur,134,9
Madhya Pradesh,Shivpuri,149,10
Madhya Pradesh,Sidhi,38,3
Madhya Pradesh,Singrauli,19,0
Madhya Pradesh,Tikamgarh,14,3
Madhya Pradesh,Ujjain,601,47
Madhya Pradesh,Umaria,12,0
Madhya Pradesh,Vidisha,539,224
Maharashtra,Ahmadnagar,810,29
Maharashtra,Ahmed Nagar,476,458
Maharashtra,Akola,775,360
Maharashtra,Amravati,2101,91
Maharashtra,Aurangabad,976,223
Maharashtra,Beed,3652,30
Maharashtra,Bhandara,249,617
Maharashtra,Buldhana,1697,23
Maharashtra,Chandrapur,2026,17
Maharashtra,Dhule,817,81
Maharashtra,Gadchiroli,3,1
Maharashtra,Gondia,116,4
Maharashtra,Gondiya,1337,40
Maharashtra,Hingoli,309,6
Maharashtra,Jalgaon,7205,21
Maharashtra,Jalna,549,1870
Maharashtra,Kolhapur,1690,14
Maharashtra,Latur,694,9
Maharashtra,Mumbai,6183,205
Maharashtra,Mumbai City,8,0
Maharashtra,Mumbai( Sub Urban ),7,0
Maharashtra,Nagpur,890,178
Maharashtra,Nanded,162,21
Maharashtra,Nandurbar,2445,49
Maharashtra,Nashik,20681,1042
Maharashtra,Osmanabad,113,32
Maharashtra,Parbhani,3564,26
Maharashtra,Pune,13658,3380
Maharashtra,Raigarh,145,142
Maharashtra,Raigarh(MH),25,6
Maharashtra,Ratnagiri,2387,41
Maharashtra,Sangli,658,44
Maharashtra,Satara,1019,53
Maharashtra,Sindhudurg,19,7
Maharashtra,Solapur,194,14
Maharashtra,Thane,53667,414
Maharashtra,Wardha,671,18
Maharashtra,Washim,109,2
Maharashtra,Yavatmal,529,315
Manipur,Bishnupur,35,3
Manipur,Churachandpur,2,0
Manipur,Imphal East,2,0
Manipur,Imphal West,2,0
Manipur,Senapati,0,5
Manipur,Thoubal,557,4
Manipur,Ukhrul,150,1
Nagaland,Dimapur,1,0
Nagaland,Kiphire,61,8
Nagaland,Kohima,2,0
Nagaland,Longleng,52,6
Nagaland,Mokokchung,2,0
Nagaland,Mon,4535,217
Nagaland,Phek,0,495
Nagaland,Tuensang,44,18
Nagaland,Zunheboto,7,0
Odisha,Angul,5,0
Odisha,Balangir,1011,28
Odisha,Baleswar,1762,1622
Odisha,Bargarh,960,2
Odisha,Bhadrak,9,1
Odisha,Cuttack,4106,6034
Odisha,Debagarh,2,0
Odisha,Dhenkanal,4,0
Odisha,Gajapati,1,0
Odisha,Ganjam,5297,2110
Odisha,Jagatsinghapur,6,0
Odisha,Jajapur,9,1
Odisha,Kalahandi,1,0
Odisha,Kandhamal,40,18
Odisha,Kendrapara,9,2
Odisha,Kendujhar,283,113
Odisha,Khorda,6,1
Odisha,Khordha,560,671
Odisha,Koraput,961,4
Odisha,Mayurbhanj,6,0
Odisha,Nayagarh,2,1
Odisha,Puri,10,1
Odisha,Rayagada,2,4
Odisha,Sambalpur,1,0
Odisha,Sonapur,31,105
Odisha,Sundergarh,5447,182
Others,Others,171,76
Puducherry,Karaikal,1,4
Puducherry,Pondicherry,7,307
Puducherry,Puducherry,37,0
Puducherry,Yanam,0,1
Punjab,Amritsar,831,34
Punjab,Barnala,2,24
Punjab,Bathinda,1119,63
Punjab,Chandigarh,7,0
Punjab,Faridkot,5,12
Punjab,Fatehgarh Sahib,699,21
Punjab,Fazilka,6,6
Punjab,Ferozepur,129,17
Punjab,Gurdaspur,470,15
Punjab,Hoshiarpur,51,6
Punjab,Jalandhar,5605,78
Punjab,Kapurthala,1826,25
Punjab,Ludhiana,3039,150
Punjab,Mansa,102,15
Punjab,Moga,176,23
Punjab,Muktsar,0,1
Punjab,Nawanshahr,2,0
Punjab,Pathankot,9,0
Punjab,Patiala,1861,72
Punjab,Rupnagar,2677,2
Punjab,SAS Nagar (Mohali),1458,7
Punjab,Sangrur,95,49
Punjab,Shaheed Bhagat Singh Nagar,431,7
Punjab,Sri Muktsar Sahib,5,4
Punjab,Tarn Taran,30,5
Rajasthan,Ajmer,5956,202
Rajasthan,Alwar,3325,189
Rajasthan,Banswara,102,49
Rajasthan,Baran,93,0
Rajasthan,Barmer,3598,540
Rajasthan,Bharatpur,37,5
Rajasthan,Bhilwara,446,6
Rajasthan,Bikaner,951,272
Rajasthan,Bundi,558,18
Rajasthan,Chittorgarh,55,3
Rajasthan,Churu,1240,116
Rajasthan,Dausa,974,77
Rajasthan,Dholpur,3,2
Rajasthan,Dungarpur,52,5
Rajasthan,Ganganagar,203,7
Rajasthan,Hanumangarh,112,21
Rajasthan,Jaipur,1834,79
Rajasthan,Jaisalmer,7,2
Rajasthan,Jalor,1419,308
Rajasthan,Jhalawar,9,2
Rajasthan,Jhunjhunu,428,15
Rajasthan,Jhunjhunun,3031,42
Rajasthan,Jodhpur,669,152
Rajasthan,Karauli,41,1
Rajasthan,Kota,84,22
Rajasthan,Nagaur,1433,60
Rajasthan,Pali,1993,131
Rajasthan,Pratapgarh,1362,30
Rajasthan,Rajsamand,2014,573
Rajasthan,Sawai Madhopur,100,17
Rajasthan,Sikar,2060,86
Rajasthan,Sirohi,181,212
Rajasthan,Tonk,538,38
Rajasthan,Udaipur,6333,212
Sikkim,East Sikkim,43,0
Sikkim,North Sikkim,2,0
Sikkim,South Sikkim,10,0
Sikkim,West Sikkim,3,0
Tamil Nadu,Ariyalur,87,1
Tamil Nadu,Chennai,3,0
Tamil Nadu,Coimbatore,382,1
Tamil Nadu,Cuddalore,1921,18
Tamil Nadu,Dharmapuri,4099,11
Tamil Nadu,Dindigul,4,4
Tamil Nadu,Erode,8526,149
Tamil Nadu,Kancheepuram,3,0
Tamil Nadu,Kanniyakumari,8,0
Tamil Nadu,Karur,11004,27
Tamil Nadu,Krishnagiri,3,0
Tamil Nadu,Madurai,2303,18
Tamil Nadu,Nagapattinam,38,7
Tamil Nadu,Namakkal,64,0
Tamil Nadu,Nilgiris,740,64
Tamil Nadu,Perambalur,2534,4
Tamil Nadu,Pudukkottai,1316,25
Tamil Nadu,Ramanathapuram,778,6
Tamil Nadu,Salem,27896,983
Tamil Nadu,Sivaganga,7,1
Tamil Nadu,Thanjavur,988,1
Tamil Nadu,The Nilgiris,192,0
Tamil Nadu,Theni,3,1
Tamil Nadu,Thiruvarur,1,0
Tamil Nadu,Thoothukkudi,208,5
Tamil Nadu,Tiruchirappalli,9472,4559
Tamil Nadu,Tirunelveli,18753,1176
Tamil Nadu,Tiruppur,4,0
Tamil Nadu,Tiruvallur,279,0
Tamil Nadu,Tiruvannamalai,4194,475
Tamil Nadu,Vellore,919,120
Tamil Nadu,Viluppuram,10,0
Tamil Nadu,Virudhunagar,16106,970
Tripura,Gomati,1,0
Tripura,North Tripura,1,0
Tripura,Sepahijala,3,0
Uttar Pradesh,Agra,68,2
Uttar Pradesh,Aligarh,10,4
Uttar Pradesh,Allahabad,27,3
Uttar Pradesh,Ambedkar Nagar,14,3
Uttar Pradesh,Amethi,16,0
Uttar Pradesh,Amroha,1,0
Uttar Pradesh,Auraiya,6,8
Uttar Pradesh,Azamgarh,34,1
Uttar Pradesh,Baghpat,8,0
Uttar Pradesh,Bagpat,0,5
Uttar Pradesh,Bahraich,7,0
Uttar Pradesh,Ballia,67,1
Uttar Pradesh,Balrampur,12,0
Uttar Pradesh,Banda,10,1
Uttar Pradesh,Bara Banki,1,0
Uttar Pradesh,Barabanki,31,2
Uttar Pradesh,Bareilly,24,0
Uttar Pradesh,Basti,5,1
Uttar Pradesh,Bijnor,10,0
Uttar Pradesh,Budaun,9,0
Uttar Pradesh,Bulandshahr,21,2
Uttar Pradesh,Chandauli,13,1
Uttar Pradesh,Chitrakoot,2,0
Uttar Pradesh,Deoria,42,1
Uttar Pradesh,Etah,9,0
Uttar Pradesh,Etawah,7,1
Uttar Pradesh,Faizabad,34,2
Uttar Pradesh,Farrukhabad,16,0
Uttar Pradesh,Fatehpur,5,0
Uttar Pradesh,Firozabad,86,2
Uttar Pradesh,Gautam Buddha Nagar,18,1
Uttar Pradesh,Ghaziabad,6,6
Uttar Pradesh,Ghazipur,54,4
Uttar Pradesh,Gonda,27,2
Uttar Pradesh,Gorakhpur,34,4
Uttar Pradesh,Hamirpur,6,0
Uttar Pradesh,Hapur,70,2
Uttar Pradesh,Hardoi,9,1
Uttar Pradesh,Hathras,48,1
Uttar Pradesh,Jalaun,6,0
Uttar Pradesh,Jaunpur,31,1
Uttar Pradesh,Jhansi,9,0
Uttar Pradesh,Jyotiba Phule Nagar,1,0
Uttar Pradesh,Kannauj,15,1
Uttar Pradesh,Kanpur Dehat,6,1
Uttar Pradesh,Kanpur Nagar,72,3
Uttar Pradesh,Kasganj,4,0
Uttar Pradesh,Kaushambi,1,0
Uttar Pradesh,Kheri,9,1
Uttar Pradesh,Kushinagar,37,1
Uttar Pradesh,Lalitpur,14,1
Uttar Pradesh,Lucknow,95,3
Uttar Pradesh,Maharajganj,6,2
Uttar Pradesh,Mahoba,25,0
Uttar Pradesh,Mahrajganj,2,0
Uttar Pradesh,Mainpuri,16,0
Uttar Pradesh,Mathura,114,2
Uttar Pradesh,Mau,23,0
Uttar Pradesh,Meerut,19,2
Uttar Pradesh,Mirzapur,8,1
Uttar Pradesh,Moradabad,13,1
Uttar Pradesh,Muzaffarnagar,21,0
Uttar Pradesh,Pilibhit,11,0
Uttar Pradesh,Pratapgarh,25,2
Uttar Pradesh,Rae Bareli,14,0
Uttar Pradesh,Raebareli,260,3
Uttar Pradesh,Rampur,5,0
Uttar Pradesh,Saharanpur,35,0
Uttar Pradesh,Sambhal,2,0
Uttar Pradesh,Sant Kabir Nagar,9,0
Uttar Pradesh,Sant Ravidas Nagar,4,0
Uttar Pradesh,Sant Ravidas Nagar Bhadohi,6,0
Uttar Pradesh,Shahjahanpur,8,1
Uttar Pradesh,Shamli,8,0
Uttar Pradesh,Shrawasti,1,0
Uttar Pradesh,Siddharthnagar,9,0
Uttar Pradesh,Sitapur,1,0
Uttar Pradesh,Sonbhadra,1,1
Uttar Pradesh,Sultanpur,29,1
Uttar Pradesh,Unnao,12,1
Uttar Pradesh,Varanasi,19,0
Uttarakhand,Almora,8,0
Uttarakhand,Bageshwar,3,0
Uttarakhand,Chamoli,4,0
Uttarakhand,Champawat,2,0
Uttarakhand,Dehradun,18,0
Uttarakhand,Garhwal,1,0
Uttarakhand,Hardwar,4,0
Uttarakhand,Haridwar,4,1
Uttarakhand,Nainital,16,0
Uttarakhand,Pauri Garhwal,15,3
Uttarakhand,Pithoragarh,8,0
Uttarakhand,Rudraprayag,2,0
Uttarakhand,Tehri Garhwal,10,0
Uttarakhand,Udham Singh Nagar,4,0
Uttarakhand,Uttarkashi,2,0
West Bengal,Bankura,13,1
West Bengal,Barddhaman,12,11
West Bengal,Bardhaman,14,43
West Bengal,Birbhum,4,0
West Bengal,Cooch Behar,694,218
West Bengal,Dakshin Dinajpur,1,0
West Bengal,Darjeeling,131,5
West Bengal,Domjur,1,0
West Bengal,East Midnapore,24,59
West Bengal,Hooghly,177,29
West Bengal,Howrah,4319,753
West Bengal,Jalpaiguri,812,195
West Bengal,Kolkata,10854,338
West Bengal,Malda,132,81
West Bengal,Medinipur,2,21
West Bengal,Murshidabad,2437,920
West Bengal,Nadia,2419,66
West Bengal,North 24 Parganas,24,36
West Bengal,North Dinajpur,3,0
West Bengal,Purulia,18,0
West Bengal,South 24 Parganas,4,1
West Bengal,South Dinajpur,1,0
West Bengal,South Twenty Four Parganas,92,44
West Bengal,West Midnapore,27,7
