State,District,Aadhaar generated,Enrolment Rejected
Andaman and Nicobar Islands,South Andaman,1,1
Andhra Pradesh,Adilabad,531,604
Andhra Pradesh,Anantapur,2,3
Andhra Pradesh,Ananthapur,19,1
Andhra Pradesh,Chittoor,35,16
Andhra Pradesh,Cuddapah,237,5
Andhra Pradesh,East Godavari,2735,397
Andhra Pradesh,Guntur,2043,49
Andhra Pradesh,Hyderabad,2300,107
Andhra Pradesh,K.V.Rangareddy,3605,659
Andhra Pradesh,Karim Nagar,1182,75
Andhra Pradesh,Karimnagar,9,1
Andhra Pradesh,Khammam,3603,115
Andhra Pradesh,Krishna,829,60
Andhra Pradesh,Kurnool,1528,7573
Andhra Pradesh,Mahabub Nagar,4932,1193
Andhra Pradesh,Mahbubnagar,132,96
Andhra Pradesh,Medak,1074,62
Andhra Pradesh,Nalgonda,3387,5995
Andhra Pradesh,Nellore,516,1144
Andhra Pradesh,Nizamabad,5304,43
Andhra Pradesh,Prakasam,150,10
Andhra Pradesh,Srikakulam,719,7094
Andhra Pradesh,Visakhapatnam,2106,2757
Andhra Pradesh,Vizianagaram,91,302
Andhra Pradesh,Warangal,5166,736
Andhra Pradesh,West Godavari,2440,49
Arunachal Pradesh,Anjaw,2,0
Arunachal Pradesh,Dibang Valley,1,0
Arunachal Pradesh,East Kameng,1,0
Arunachal Pradesh,East Siang,2,0
Arunachal Pradesh,Kurung Kumey,1,0
Arunachal Pradesh,Lohit,5,0
Arunachal Pradesh,Lower Dibang Valley,1,0
Arunachal Pradesh,Lower Subansiri,21,0
Arunachal Pradesh,Papum Pare,8,0
Arunachal Pradesh,Tirap,2,0
Arunachal Pradesh,Upper Subansiri,5,0
Arunachal Pradesh,West Siang,13,0
Assam,Baksa,2,0
Assam,Barpeta,3,0
Assam,Cachar,4,0
Assam,Chirang,3,0
Assam,Darrang,1,0
Assam,Dhubri,2,0
Assam,Dibrugarh,5,0
Assam,Goalpara,1,0
Assam,Golaghat,2,0
Assam,Hailakandi,1,0
Assam,Jorhat,7,0
Assam,Kamrup,4,0
Assam,Karbi Anglong,2,0
Assam,Lakhimpur,1,0
Assam,Nagaon,1,0
Assam,Sibsagar,2,0
Assam,Sonitpur,3,1
Assam,Tinsukia,1,0
Bihar,Araria,5,0
Bihar,Arwal,7,1
Bihar,Aurangabad,9,0
Bihar,Aurangabad(BH),4,2
Bihar,Banka,11,2
Bihar,Begusarai,13,3
Bihar,Bhagalpur,31,1
Bihar,Bhojpur,58,4
Bihar,Buxar,31,8
Bihar,Darbhanga,31,2
Bihar,East Champaran,42,4
Bihar,Gaya,39,11
Bihar,Gopalganj,19,7
Bihar,Jamui,7,0
Bihar,Jehanabad,12,0
Bihar,Kaimur (Bhabua),7,2
Bihar,Katihar,12,0
Bihar,Khagaria,16,1
Bihar,Kishanganj,5,0
Bihar,Lakhisarai,9,0
Bihar,Madhepura,8,0
Bihar,Madhubani,46,4
Bihar,Munger,16,1
Bihar,Muzaffarpur,35,4
Bihar,Nalanda,31,5
Bihar,Nawada,11,5
Bihar,Patna,73,6
Bihar,Purnia,1,2
Bihar,Rohtas,44,2
Bihar,Saharsa,6,3
Bihar,Samastipur,37,6
Bihar,Saran,49,20
Bihar,Sheikhpura,8,2
Bihar,Sheohar,3,1
Bihar,Sitamarhi,28,3
Bihar,Siwan,33,8
Bihar,Supaul,4,0
Bihar,Vaishali,38,1
Bihar,West Champaran,10,0
Chandigarh,Chandigarh,968,181
Chhattisgarh,Bastar,1,0
Chhattisgarh,Bemetara,4,0
Chhattisgarh,Bilaspur,4,0
Chhattisgarh,Dhamtari,1,0
Chhattisgarh,Durg,6,1
Chhattisgarh,Janjgir Champa,2,0
Chhattisgarh,Janjgir-champa,2,0
Chhattisgarh,Jashpur,1,0
Chhattisgarh,Kanker,3,0
Chhattisgarh,Korba,1,0
Chhattisgarh,Koriya,4,0
Chhattisgarh,Mahasamund,212,7
Chhattisgarh,Raigarh,26,1
Chhattisgarh,Raipur,3,0
Chhattisgarh,Rajnandgaon,1,0
Chhattisgarh,Surguja,2,0
Dadra and Nagar Haveli,Dadra and Nagar Haveli,1,0
Daman and Diu,Daman,4,19
Daman and Diu,Diu,5,21
Delhi,Central Delhi,420,4261
Delhi,East Delhi,971,35524
Delhi,Najafgarh,136,947
Delhi,New Delhi,47,4
Delhi,North Delhi,376,5306
Delhi,North East,352,14661
Delhi,North East Delhi,173,34
Delhi,North West Delhi,2982,19729
Delhi,South Delhi,2760,18344
Delhi,South West Delhi,1246,9053
Delhi,West Delhi,197,2437
Goa,Bardez,0,2
Goa,North Goa,161,3461
Goa,South Goa,96,149
Goa,Tiswadi,0,1
Gujarat,Ahmadabad,4,2
Gujarat,Ahmedabad,2669,92
Gujarat,Amreli,43,19
Gujarat,Anand,331,15
Gujarat,Banaskantha,514,18
Gujarat,Bharuch,196,12
Gujarat,Bhavnagar,465,43
Gujarat,Dahod,4,7
Gujarat,Dohad,3,18
Gujarat,Gandhinagar,445,18
Gujarat,Jamnagar,1006,25
Gujarat,Junagadh,804,106
Gujarat,Kachchh,209,21
Gujarat,Kheda,585,13
Gujarat,Mahesana,37,31
Gujarat,Narmada,482,25
Gujarat,Navsari,8,12
Gujarat,Panchmahals,10,52
Gujarat,Patan,880,64
Gujarat,Porbandar,71,28
Gujarat,Rajkot,2210,165
Gujarat,Sabarkantha,2467,146
Gujarat,Surat,3066,169
Gujarat,Surendra Nagar,22,103
Gujarat,Tapi,5,12
Gujarat,The Dangs,3,3
Gujarat,Vadodara,4528,88
Gujarat,Valsad,25,27
Haryana,Ambala,2396,144
Haryana,Bhiwani,88,0
Haryana,Faridabad,3504,204
Haryana,Fatehabad,10,0
Haryana,Gurgaon,513,506
Haryana,Hisar,136,10
Haryana,Jhajjar,32,2
Haryana,Jind,1961,6
Haryana,Kaithal,80,4
Haryana,Karnal,3209,381
Haryana,Kurukshetra,349,11
Haryana,Mahendragarh,39,1
Haryana,Mewat,706,12
Haryana,Palwal,695,54
Haryana,Panchkula,629,13
Haryana,Panipat,205,67
Haryana,Rewari,66,17
Haryana,Rohtak,339,7
Haryana,Sirsa,31,229
Haryana,Sonipat,2884,460
Haryana,Yamuna Nagar,359,43
Himachal Pradesh,Bilaspur,20,13
Himachal Pradesh,Bilaspur ,8,9
Himachal Pradesh,Chamba,961,89
Himachal Pradesh,Hamirpur,134,3
Himachal Pradesh,Kangra,1901,133
Himachal Pradesh,Kinnaur,1,0
Himachal Pradesh,Kullu,9,3
Himachal Pradesh,Lahul and Spiti,1,0
Himachal Pradesh,Mandi,81,18
Himachal Pradesh,Shimla,63,36
Himachal Pradesh,Sirmaur,911,32
Himachal Pradesh,Solan,720,55
Himachal Pradesh,Una,409,5
Jammu and Kashmir,Anantnag,2,0
Jammu and Kashmir,Bandipore,1,0
Jammu and Kashmir,Baramulla,1,0
Jammu and Kashmir,Doda,6,0
Jammu and Kashmir,Jammu,49,0
Jammu and Kashmir,Kargil,1,0
Jammu and Kashmir,Kathua,4,0
Jammu and Kashmir,Leh,1,0
Jammu and Kashmir,Poonch,2,0
Jammu and Kashmir,Punch,1,0
Jammu and Kashmir,Rajouri,9,0
Jammu and Kashmir,Srinagar,1,0
Jammu and Kashmir,Udhampur,4,0
Jharkhand,Bokaro,1570,267
Jharkhand,Chatra,986,27
Jharkhand,Deoghar,748,82
Jharkhand,Dhanbad,4862,476
Jharkhand,Dumka,1440,206
Jharkhand,East Singhbhum,50,50
Jharkhand,Garhwa,10286,227
Jharkhand,Giridih,3768,853
Jharkhand,Godda,678,42
Jharkhand,Gumla,484,248
Jharkhand,Hazaribag,66,38
Jharkhand,Hazaribagh,6556,200
Jharkhand,Jamtara,50,1
Jharkhand,Khunti,381,58
Jharkhand,Kodarma,4,0
Jharkhand,Koderma,132,29
Jharkhand,Latehar,23,7
Jharkhand,Lohardaga,91,25
Jharkhand,Pakur,127,24
Jharkhand,Palamau,151,109
Jharkhand,Palamu,629,207
Jharkhand,Ramgarh,3983,138
Jharkhand,Ranchi,5481,605
Jharkhand,Sahebganj,337,23
Jharkhand,Seraikela-Kharsawan,137,82
Jharkhand,Simdega,166,94
Jharkhand,West Singhbhum,45,20
Karnataka,Bagalkot,488,5
Karnataka,Bangalore,2452,190
Karnataka,Bangalore Rural,44,74
Karnataka,Belgaum,420,13
Karnataka,Bellary,598,13
Karnataka,Bidar,88,18
Karnataka,Bijapur,132,3
Karnataka,Bijapur(KAR),2,5
Karnataka,Chamarajanagar,1,0
Karnataka,Chamrajnagar,33,0
Karnataka,Chickmagalur,380,7
Karnataka,Chikkaballapur,1547,40
Karnataka,Chitradurga,405,12
Karnataka,Dakshina Kannada,619,1
Karnataka,Davangere,221,107
Karnataka,Dharwad,2040,745
Karnataka,Gadag,15,1
Karnataka,Gulbarga,184,32
Karnataka,Hassan,401,23
Karnataka,Haveri,7142,2696
Karnataka,Kodagu,476,26
Karnataka,Kolar,551,19
Karnataka,Koppal,72,0
Karnataka,Mandya,19,6
Karnataka,Mysore,41,17
Karnataka,Raichur,126,3
Karnataka,Ramanagar,264,6
Karnataka,Shimoga,132,5
Karnataka,Tumkur,874,5
Karnataka,Udupi,9,342
Karnataka,Uttara Kannada,245,43
Karnataka,Yadgir,13,3
Kerala,Alappuzha,2364,1423
Kerala,Ernakulam,5672,13943
Kerala,Idukki,1384,1497
Kerala,Kannur,2960,1136
Kerala,Kasaragod,551,9
Kerala,Kasargod,583,2233
Kerala,Kollam,1703,2137
Kerala,Kottayam,1959,7153
Kerala,Kozhikode,6339,4224
Kerala,Malappuram,4562,334
Kerala,Palakkad,1553,4868
Kerala,Pathanamthitta,727,3437
Kerala,Thiruvananthapuram,8676,13176
Kerala,Thrissur,4368,412
Kerala,Wayanad,728,808
Lakshadweep,Lakshadweep,2,1
Madhya Pradesh,Alirajpur,127,49
Madhya Pradesh,Anuppur,311,14
Madhya Pradesh,Ashok Nagar,2,2
Madhya Pradesh,Balaghat,29,1
Madhya Pradesh,Barwani,35,9
Madhya Pradesh,Betul,408,155
Madhya Pradesh,Bhind,512,24
Madhya Pradesh,Bhopal,2177,515
Madhya Pradesh,Burhanpur,4,1
Madhya Pradesh,Chhatarpur,97,17
Madhya Pradesh,Chhindwara,97,11
Madhya Pradesh,Damoh,752,169
Madhya Pradesh,Datia,120,39
Madhya Pradesh,Dewas,40,3
Madhya Pradesh,Dhar,1517,429
Madhya Pradesh,Dindori,4,1
Madhya Pradesh,Guna,432,149
Madhya Pradesh,Gwalior,483,165
Madhya Pradesh,Harda,98,7
Madhya Pradesh,Hoshangabad,620,15
Madhya Pradesh,Indore,8227,1220
Madhya Pradesh,Jabalpur,2998,603
Madhya Pradesh,Jhabua,732,5
Madhya Pradesh,Katni,293,395
Madhya Pradesh,Khandwa,113,9
Madhya Pradesh,Khargone,2328,448
Madhya Pradesh,Mandla,10,19
Madhya Pradesh,Mandsaur,8,122
Madhya Pradesh,Morena,69,33
Madhya Pradesh,Narsinghpur,66,88
Madhya Pradesh,Neemuch,3,124
Madhya Pradesh,Panna,758,242
Madhya Pradesh,Raisen,2391,112
Madhya Pradesh,Rajgarh,143,243
Madhya Pradesh,Ratlam,871,88
Madhya Pradesh,Rewa,1818,131
Madhya Pradesh,Sagar,1418,214
Madhya Pradesh,Satna,711,122
Madhya Pradesh,Sehore,456,181
Madhya Pradesh,Seoni,71,24
Madhya Pradesh,Shahdol,106,7
Madhya Pradesh,Shajapur,31,7
Madhya Pradesh,Sheopur,33,1
Madhya Pradesh,Shivpuri,85,9
Madhya Pradesh,Sidhi,105,22
Madhya Pradesh,Singrauli,396,90
Madhya Pradesh,Tikamgarh,25,13
Madhya Pradesh,Ujjain,22743,212
Madhya Pradesh,Umaria,109,6
Madhya Pradesh,Vidisha,231,207
Maharashtra,Ahmadnagar,1930,21
Maharashtra,Ahmed Nagar,368,161
Maharashtra,Akola,1147,17
Maharashtra,Amravati,2960,336
Maharashtra,Aurangabad,675,107
Maharashtra,Beed,876,28
Maharashtra,Bhandara,134,7419
Maharashtra,Buldhana,986,45
Maharashtra,Chandrapur,1438,29
Maharashtra,Dhule,1576,135
Maharashtra,Gadchiroli,17,7
Maharashtra,Gondia,1,23
Maharashtra,Gondiya,29,13
Maharashtra,Hingoli,674,428
Maharashtra,Jalgaon,6419,76
Maharashtra,Jalna,2487,652
Maharashtra,Kolhapur,1625,26
Maharashtra,Latur,312,116
Maharashtra,Mumbai,16609,628
Maharashtra,Mumbai City,54,3
Maharashtra,Mumbai( Sub Urban ),7,1
Maharashtra,Nagpur,4001,1302
Maharashtra,Nanded,204,8
Maharashtra,Nandurbar,4610,96
Maharashtra,Nashik,16921,446
Maharashtra,Osmanabad,114,54
Maharashtra,Parbhani,2995,65
Maharashtra,Pune,16037,231
Maharashtra,Raigarh,376,6
Maharashtra,Raigarh(MH),25,16
Maharashtra,Ratnagiri,80,132
Maharashtra,Sangli,945,44
Maharashtra,Satara,563,27
Maharashtra,Sindhudurg,23,0
Maharashtra,Solapur,740,210
Maharashtra,Thane,48462,5345
Maharashtra,Wardha,143,527
Maharashtra,Washim,1448,86
Maharashtra,Yavatmal,52,3
Manipur,Bishnupur,10,6
Manipur,Chandel,0,1
Manipur,Churachandpur,49,2
Manipur,Imphal East,2887,5
Manipur,Imphal West,3,3
Manipur,Senapati,3,2
Manipur,Tamenglong,343,0
Manipur,Thoubal,9843,20
Manipur,Ukhrul,3,0
Meghalaya,East Khasi Hills,1,0
Meghalaya,Ri Bhoi,1,0
Meghalaya,West Garo Hills,1,0
Mizoram,Aizawl,1,0
Nagaland,Dimapur,1,0
Nagaland,Kiphire,4,15
Nagaland,Mon,7,0
Nagaland,Phek,0,11
Nagaland,Tuensang,1,138
Odisha,Angul,5,0
Odisha,Balangir,42,112
Odisha,Baleswar,23055,199
Odisha,Bargarh,3,6
Odisha,Bhadrak,4,1
Odisha,Cuttack,75514,7050
Odisha,Dhenkanal,10,0
Odisha,Gajapati,3,0
Odisha,Ganjam,97,49
Odisha,Jagatsinghapur,9,0
Odisha,Jajapur,18,0
Odisha,Kendrapara,20,0
Odisha,Kendujhar,31440,46
Odisha,Khorda,14,0
Odisha,Khordha,17571,439
Odisha,Koraput,3,185
Odisha,Mayurbhanj,9,0
Odisha,Nabarangapur,0,1
Odisha,Nayagarh,4,0
Odisha,Nuapada,3,0
Odisha,Puri,16,65
Odisha,Rayagada,2,131
Odisha,Sambalpur,5,0
Odisha,Sonapur,4448,122
Odisha,Sundergarh,9,1
Others,Others,5,1569
Puducherry,Karaikal,952,0
Puducherry,Pondicherry,103,190
Puducherry,Puducherry,185,0
Puducherry,Yanam,30,7
Punjab,Amritsar,290,57
Punjab,Barnala,2973,94
Punjab,Bathinda,103,78
Punjab,Faridkot,191,16
Punjab,Fatehgarh Sahib,1665,22
Punjab,Fazilka,32,74
Punjab,Ferozepur,35,36
Punjab,Gurdaspur,4063,1550
Punjab,Hoshiarpur,155,11
Punjab,Jalandhar,1710,167
Punjab,Kapurthala,75,144
Punjab,Ludhiana,4133,305
Punjab,Mansa,1010,21
Punjab,Moga,1056,42
Punjab,Muktsar,7,3
Punjab,Nawanshahr,4,1
Punjab,Pathankot,7,2
Punjab,Patiala,493,106
Punjab,Rupnagar,63,27
Punjab,SAS Nagar (Mohali),463,13
Punjab,Sangrur,1877,38
Punjab,Shaheed Bhagat Singh Nagar,63,50
Punjab,Sri Muktsar Sahib,10,25
Punjab,Tarn Taran,195,25
Rajasthan,Ajmer,4571,289
Rajasthan,Alwar,4963,174
Rajasthan,Banswara,14,11
Rajasthan,Baran,369,7
Rajasthan,Barmer,819,367
Rajasthan,Bharatpur,71,25
Rajasthan,Bhilwara,1221,39
Rajasthan,Bikaner,1636,159
Rajasthan,Bundi,194,11
Rajasthan,Chittorgarh,17,4
Rajasthan,Churu,847,84
Rajasthan,Dausa,1311,156
Rajasthan,Dholpur,5,0
Rajasthan,Dungarpur,39,43
Rajasthan,Ganganagar,114,16
Rajasthan,Hanumangarh,58,49
Rajasthan,Jaipur,1650,271
Rajasthan,Jaisalmer,13,0
Rajasthan,Jalor,176,229
Rajasthan,Jhalawar,11,0
Rajasthan,Jhunjhunu,94,78
Rajasthan,Jhunjhunun,536,129
Rajasthan,Jodhpur,681,121
Rajasthan,Karauli,151,4
Rajasthan,Kota,28,19
Rajasthan,Nagaur,1043,182
Rajasthan,Pali,1489,212
Rajasthan,Pratapgarh,3,10
Rajasthan,Rajsamand,177,161
Rajasthan,Sawai Madhopur,173,5
Rajasthan,Sikar,841,116
Rajasthan,Sirohi,211,40
Rajasthan,Tonk,749,80
Rajasthan,Udaipur,4616,341
Sikkim,East Sikkim,10,6
Sikkim,North Sikkim,1,0
Sikkim,South Sikkim,2,0
Sikkim,West Sikkim,120,1
Tamil Nadu,Ariyalur,10,10
Tamil Nadu,Chennai,44,2
Tamil Nadu,Coimbatore,13,19
Tamil Nadu,Cuddalore,18053,6064
Tamil Nadu,Dharmapuri,118,44
Tamil Nadu,Dindigul,3549,3
Tamil Nadu,Erode,7197,417
Tamil Nadu,Kancheepuram,5,0
Tamil Nadu,Kanniyakumari,1544,1
Tamil Nadu,Kanyakumari,3379,14
Tamil Nadu,Karur,960,191
Tamil Nadu,Krishnagiri,3342,4
Tamil Nadu,Madurai,37413,9376
Tamil Nadu,Nagapattinam,35591,102
Tamil Nadu,Namakkal,1249,95
Tamil Nadu,Nilgiris,1,0
Tamil Nadu,Perambalur,104,28
Tamil Nadu,Pudukkottai,345,23
Tamil Nadu,Ramanathapuram,13,11
Tamil Nadu,Salem,3054,229
Tamil Nadu,Sivaganga,220,60
Tamil Nadu,Thanjavur,74,11
Tamil Nadu,The Nilgiris,4,0
Tamil Nadu,Theni,7,123
Tamil Nadu,Thiruvarur,80,0
Tamil Nadu,Thoothukkudi,195,0
Tamil Nadu,Tiruchirappalli,433,87
Tamil Nadu,Tirunelveli,16,0
Tamil Nadu,Tiruvallur,884,12
Tamil Nadu,Tiruvannamalai,86,70
Tamil Nadu,Tiruvarur,579,1728
Tamil Nadu,Tuticorin,0,2
Tamil Nadu,Vellore,505,45
Tamil Nadu,Villupuram,9282,36751
Tamil Nadu,Viluppuram,597,2958
Tamil Nadu,Virudhunagar,11,0
Tripura,Gomati,2,0
Tripura,Khowai,1,0
Tripura,North Tripura,0,1
Tripura,South Tripura,4,0
Tripura,West Tripura,2,1
Uttar Pradesh,Agra,53,9
Uttar Pradesh,Aligarh,26,2
Uttar Pradesh,Allahabad,38,2
Uttar Pradesh,Ambedkar Nagar,28,2
Uttar Pradesh,Amethi,9,0
Uttar Pradesh,Amroha,1,1
Uttar Pradesh,Auraiya,8,0
Uttar Pradesh,Azamgarh,33,1
Uttar Pradesh,Baghpat,29,1
Uttar Pradesh,Bahraich,22,0
Uttar Pradesh,Ballia,45,4
Uttar Pradesh,Balrampur,3,1
Uttar Pradesh,Banda,9,4
Uttar Pradesh,Bara Banki,2,0
Uttar Pradesh,Bareilly,12,2
Uttar Pradesh,Basti,11,3
Uttar Pradesh,Bijnor,20,1
Uttar Pradesh,Budaun,4,2
Uttar Pradesh,Bulandshahar,5,0
Uttar Pradesh,Bulandshahr,95,1
Uttar Pradesh,Chandauli,18,0
Uttar Pradesh,Chitrakoot,1,0
Uttar Pradesh,Deoria,23,1
Uttar Pradesh,Etah,7,3
Uttar Pradesh,Etawah,9,2
Uttar Pradesh,Faizabad,21,9
Uttar Pradesh,Farrukhabad,7,0
Uttar Pradesh,Fatehpur,8,0
Uttar Pradesh,Firozabad,16,2
Uttar Pradesh,Gautam Buddha Nagar,39,2
Uttar Pradesh,Ghaziabad,16,10
Uttar Pradesh,Ghazipur,64,4
Uttar Pradesh,Gonda,30,1
Uttar Pradesh,Gorakhpur,33,1
Uttar Pradesh,Hamirpur,6,0
Uttar Pradesh,Hapur,55,1
Uttar Pradesh,Hardoi,15,1
Uttar Pradesh,Hathras,15,1
Uttar Pradesh,Jalaun,10,0
Uttar Pradesh,Jaunpur,32,4
Uttar Pradesh,Jhansi,6,0
Uttar Pradesh,Kannauj,6,3
Uttar Pradesh,Kanpur Dehat,14,1
Uttar Pradesh,Kanpur Nagar,14,10
Uttar Pradesh,Kasganj,4,1
Uttar Pradesh,Kaushambi,2,0
Uttar Pradesh,Kheri,2,13
Uttar Pradesh,Kushinagar,20,4
Uttar Pradesh,Lalitpur,2,0
Uttar Pradesh,Lucknow,28,1
Uttar Pradesh,Maharajganj,1,0
Uttar Pradesh,Mahoba,1,0
Uttar Pradesh,Mahrajganj,2,0
Uttar Pradesh,Mainpuri,19,2
Uttar Pradesh,Mathura,37,0
Uttar Pradesh,Mau,44,1
Uttar Pradesh,Meerut,24,4
Uttar Pradesh,Mirzapur,14,0
Uttar Pradesh,Moradabad,5,0
Uttar Pradesh,Muzaffarnagar,21,0
Uttar Pradesh,Pilibhit,3,2
Uttar Pradesh,Pratapgarh,33,1
Uttar Pradesh,Rae Bareli,20,0
Uttar Pradesh,Raebareli,2,3
Uttar Pradesh,Rampur,3,0
Uttar Pradesh,Saharanpur,11,3
Uttar Pradesh,Sambhal,3,0
Uttar Pradesh,Sant Kabir Nagar,9,2
Uttar Pradesh,Sant Ravidas Nagar,13,0
Uttar Pradesh,Sant Ravidas Nagar Bhadohi,4,0
Uttar Pradesh,Shahjahanpur,6,0
Uttar Pradesh,Shamli,8,0
Uttar Pradesh,Shrawasti,5,0
Uttar Pradesh,Siddharthnagar,9,1
Uttar Pradesh,Sitapur,3,0
Uttar Pradesh,Sonbhadra,23,3
Uttar Pradesh,Sultanpur,22,1
Uttar Pradesh,Unnao,16,2
Uttar Pradesh,Varanasi,40,3
Uttarakhand,Almora,23,1
Uttarakhand,Bageshwar,13,0
Uttarakhand,Chamoli,28,0
Uttarakhand,Champawat,5,1
Uttarakhand,Dehradun,63,0
Uttarakhand,Garhwal,4,0
Uttarakhand,Haridwar,7,0
Uttarakhand,Nainital,7,0
Uttarakhand,Pauri Garhwal,71,2
Uttarakhand,Pithoragarh,15,1
Uttarakhand,Rudraprayag,23,0
Uttarakhand,Tehri Garhwal,23,0
Uttarakhand,Udham Singh Nagar,15,0
Uttarakhand,Uttarkashi,16,0
West Bengal,Bally Jagachha,1,0
West Bengal,Bankura,18,0
West Bengal,Barddhaman,438,34
West Bengal,Bardhaman,1001,1642
West Bengal,Birbhum,10,0
West Bengal,Cooch Behar,69,88
West Bengal,Dakshin Dinajpur,1,0
West Bengal,Darjeeling,8,1
West Bengal,Domjur,6,0
West Bengal,East Midnapore,11046,6
West Bengal,Hooghly,86161,263
West Bengal,Howrah,16823,336
West Bengal,Jalpaiguri,54,196
West Bengal,Kolkata,205,349
West Bengal,Malda,1850,357
West Bengal,Medinipur,10657,38
West Bengal,Murshidabad,131658,1226
West Bengal,Nadia,38836,1
West Bengal,North 24 Parganas,41804,67
West Bengal,North Dinajpur,7,0
West Bengal,Purulia,8,1
West Bengal,South 24 Parganas,8,0
West Bengal,South Dinajpur,7,1
West Bengal,South Twenty Four Parganas,17206,29
West Bengal,West Midnapore,14816,8
