State,District,Aadhaar generated,Enrolment Rejected
Andaman and Nicobar Islands,Andamans,0,1
Andaman and Nicobar Islands,South Andaman,1,1
Andhra Pradesh,Adilabad,2368,100
Andhra Pradesh,Anantapur,3,205
Andhra Pradesh,Ananthapur,33,3
Andhra Pradesh,Chittoor,6,153
Andhra Pradesh,Cuddapah,594,24
Andhra Pradesh,East Godavari,2450,124
Andhra Pradesh,Guntur,815,45
Andhra Pradesh,Hyderabad,1787,224
Andhra Pradesh,K.V.Rangareddy,2307,184
Andhra Pradesh,Karim Nagar,1512,33
Andhra Pradesh,Karimnagar,1,41
Andhra Pradesh,Khammam,880,83
Andhra Pradesh,Krishna,7765,77
Andhra Pradesh,Kurnool,4227,88999
Andhra Pradesh,Mahabub Nagar,6897,5009
Andhra Pradesh,Mahbubnagar,1371,1408
Andhra Pradesh,Medak,1326,70
Andhra Pradesh,Nalgonda,2134,636
Andhra Pradesh,Nellore,808,819
Andhra Pradesh,Nizamabad,3327,34
Andhra Pradesh,Prakasam,58,42
Andhra Pradesh,Srikakulam,620,564
Andhra Pradesh,Visakhapatnam,2201,687
Andhra Pradesh,Vizianagaram,286,44
Andhra Pradesh,Warangal,6161,391
Andhra Pradesh,West Godavari,1743,78
Assam,Barpeta,1,0
Assam,Bongaigaon,2,0
Assam,Cachar,3,0
Assam,Chirang,1,0
Assam,Darrang,5,0
Assam,Dhemaji,1,0
Assam,Dhubri,1,0
Assam,Dibrugarh,0,2
Assam,Goalpara,1,0
Assam,Jorhat,1,0
Assam,Karbi Anglong,1,0
Assam,Karimganj,2,0
Assam,Lakhimpur,1,0
Assam,Nagaon,5,1
Assam,Nalbari,2,0
Assam,Sibsagar,1,0
Assam,Sonitpur,2,0
Assam,Tinsukia,1,0
Assam,Udalguri,2,0
Bihar,Araria,5,1
Bihar,Arwal,2,1
Bihar,Aurangabad,38,0
Bihar,Aurangabad(BH),6,3
Bihar,Banka,16,0
Bihar,Begusarai,25,1
Bihar,Bhagalpur,21,6
Bihar,Bhojpur,44,3
Bihar,Buxar,7,10
Bihar,Darbhanga,43,2
Bihar,East Champaran,48,4
Bihar,Gaya,42,9
Bihar,Gopalganj,24,1
Bihar,Jamui,13,2
Bihar,Jehanabad,14,1
Bihar,Kaimur (Bhabua),8,1
Bihar,Katihar,7,4
Bihar,Khagaria,7,1
Bihar,Kishanganj,3,1
Bihar,Lakhisarai,4,1
Bihar,Madhepura,8,7
Bihar,Madhubani,31,4
Bihar,Munger,7,1
Bihar,Muzaffarpur,40,4
Bihar,Nalanda,37,9
Bihar,Nawada,13,2
Bihar,Patna,42,22
Bihar,Purnia,10,7
Bihar,Rohtas,45,3
Bihar,Saharsa,15,0
Bihar,Samastipur,24,0
Bihar,Saran,53,2
Bihar,Sheikhpura,4,0
Bihar,Sheohar,3,1
Bihar,Sitamarhi,8,5
Bihar,Siwan,46,1
Bihar,Supaul,4,1
Bihar,Vaishali,20,1
Bihar,West Champaran,11,0
Chandigarh,Chandigarh,2298,49
Chandigarh,Mohali,3,0
Chhattisgarh,Balod,1,0
Chhattisgarh,Baloda Bazar,1,0
Chhattisgarh,Bilaspur,8,1
Chhattisgarh,Dhamtari,1,0
Chhattisgarh,Durg,9,2
Chhattisgarh,Janjgir-champa,0,3
Chhattisgarh,Jashpur,1,0
Chhattisgarh,Kawardha,1,0
Chhattisgarh,Korba,2,0
Chhattisgarh,Mahasamund,32,6
Chhattisgarh,Mungeli ,1,0
Chhattisgarh,Raigarh,124,5
Chhattisgarh,Raipur,1,3
Chhattisgarh,Rajnandgaon,0,1
Chhattisgarh,Surajpur ,1,0
Chhattisgarh,Surguja,3,2
Daman and Diu,Daman,21,1
Daman and Diu,Diu,0,4
Delhi,Central Delhi,1247,792
Delhi,East Delhi,3007,7272
Delhi,Najafgarh,70,18
Delhi,New Delhi,20,1
Delhi,North Delhi,695,678
Delhi,North East,840,10524
Delhi,North East Delhi,113,3
Delhi,North West Delhi,7355,33118
Delhi,South Delhi,6858,10012
Delhi,South West Delhi,1899,782
Delhi,West Delhi,741,583
Goa,Bardez,0,4
Goa,North Goa,442,781
Goa,South Goa,54,300
Gujarat,Ahmadabad,2,89
Gujarat,Ahmedabad,2867,44
Gujarat,Amreli,512,6
Gujarat,Anand,40,20
Gujarat,Banaskantha,2961,22
Gujarat,Bharuch,788,34
Gujarat,Bhavnagar,2573,35
Gujarat,Dahod,403,7
Gujarat,Dohad,2331,10
Gujarat,Gandhinagar,364,30
Gujarat,Jamnagar,2707,31
Gujarat,Junagadh,4071,103
Gujarat,Kachchh,1461,36
Gujarat,Kheda,1167,90
Gujarat,Mahesana,2062,39
Gujarat,Narmada,1594,18
Gujarat,Navsari,3497,21
Gujarat,Panchmahals,357,29
Gujarat,Patan,1022,50
Gujarat,Porbandar,468,9
Gujarat,Rajkot,3502,101
Gujarat,Sabarkantha,313,52
Gujarat,Surat,3224,26
Gujarat,Surendra Nagar,4662,97
Gujarat,Tapi,3240,5
Gujarat,The Dangs,142,2
Gujarat,Vadodara,1090,35
Gujarat,Valsad,78,20
Haryana,Ambala,5131,64
Haryana,Bhiwani,28,4
Haryana,Faridabad,1207,27
Haryana,Fatehabad,11,2
Haryana,Gurgaon,1287,65
Haryana,Hisar,754,14
Haryana,Jhajjar,20,2
Haryana,Jind,88,4
Haryana,Kaithal,47,2
Haryana,Karnal,1139,34
Haryana,Kurukshetra,97,4
Haryana,Mahendragarh,28,1
Haryana,Mewat,34,0
Haryana,Palwal,38,8
Haryana,Panchkula,302,4
Haryana,Panipat,99,6
Haryana,Rewari,27,4
Haryana,Rohtak,2146,18
Haryana,Sirsa,37,5
Haryana,Sonipat,4899,88
Haryana,Yamuna Nagar,179,31
Himachal Pradesh,Bilaspur,53,2
Himachal Pradesh,Bilaspur ,5,8
Himachal Pradesh,Chamba,1123,29
Himachal Pradesh,Hamirpur,64,5
Himachal Pradesh,Kangra,2242,49
Himachal Pradesh,Kinnaur,1,1
Himachal Pradesh,Kullu,48,2
Himachal Pradesh,Lahul and Spiti,3,0
Himachal Pradesh,Mandi,120,16
Himachal Pradesh,Shimla,168,67
Himachal Pradesh,Sirmaur,239,10
Himachal Pradesh,Solan,1114,35
Himachal Pradesh,Una,1236,6
Jammu and Kashmir,Anantnag,2,0
Jammu and Kashmir,Baramula,1,0
Jammu and Kashmir,Doda,4,0
Jammu and Kashmir,Jammu,21,1
Jammu and Kashmir,Kathua,7,0
Jammu and Kashmir,Pulwama,1,0
Jammu and Kashmir,Rajouri,7,0
Jammu and Kashmir,Srinagar,1,0
Jammu and Kashmir,Udhampur,4,0
Jharkhand,Bokaro,3025,153
Jharkhand,Chatra,696,10
Jharkhand,Deoghar,29,11
Jharkhand,Dhanbad,2357,186
Jharkhand,Dumka,1992,114
Jharkhand,East Singhbhum,695,29
Jharkhand,Garhwa,2845,69
Jharkhand,Giridih,421,76
Jharkhand,Godda,984,23
Jharkhand,Gumla,955,77
Jharkhand,Hazaribag,16,8
Jharkhand,Hazaribagh,3585,76
Jharkhand,Jamtara,73,14
Jharkhand,Khunti,173,30
Jharkhand,Kodarma,0,3
Jharkhand,Koderma,93,10
Jharkhand,Latehar,100,5
Jharkhand,Lohardaga,468,24
Jharkhand,Pakaur,1,3
Jharkhand,Pakur,75,19
Jharkhand,Palamau,898,40
Jharkhand,Palamu,9798,92
Jharkhand,Ramgarh,1458,34
Jharkhand,Ranchi,5037,176
Jharkhand,Sahebganj,99,7
Jharkhand,Seraikela-Kharsawan,2574,110
Jharkhand,Simdega,67,32
Jharkhand,West Singhbhum,556,14
Karnataka,Bagalkot,463,36
Karnataka,Bangalore,4399,179
Karnataka,Bangalore Rural,13497,127
Karnataka,Belgaum,802,39
Karnataka,Bellary,638,38
Karnataka,Bidar,112,7
Karnataka,Bijapur,311,0
Karnataka,Bijapur(KAR),3,11
Karnataka,Chamarajanagar,2,3
Karnataka,Chamrajnagar,106,1
Karnataka,Chickmagalur,750,40
Karnataka,Chikkaballapur,8782,44
Karnataka,Chitradurga,4237,264
Karnataka,Dakshina Kannada,702,5
Karnataka,Davangere,1512,473
Karnataka,Dharwad,3044,1125
Karnataka,Gadag,12,30
Karnataka,Gulbarga,340,10
Karnataka,Hassan,1316,2
Karnataka,Haveri,10531,41
Karnataka,Kodagu,2928,749
Karnataka,Kolar,120,19
Karnataka,Koppal,34,1
Karnataka,Mandya,5209,14316
Karnataka,Mysore,1754,8
Karnataka,Raichur,19,3
Karnataka,Ramanagar,91,4
Karnataka,Shimoga,412,4
Karnataka,Tumkur,429,6
Karnataka,Udupi,154,10
Karnataka,Uttara Kannada,4510,40
Karnataka,Yadgir,15,5
Kerala,Alappuzha,24142,391
Kerala,Ernakulam,13789,433
Kerala,Idukki,5120,145
Kerala,Kannur,4604,1360
Kerala,Kasaragod,642,12
Kerala,Kasargod,3218,52
Kerala,Kollam,23174,3901
Kerala,Kottayam,3738,614
Kerala,Kozhikode,5249,1020
Kerala,Malappuram,8645,144
Kerala,Palakkad,1358,1841
Kerala,Pathanamthitta,1602,425
Kerala,Thiruvananthapuram,26296,980
Kerala,Thrissur,21544,852
Kerala,Wayanad,1838,1364
Lakshadweep,Lakshadweep,5,0
Madhya Pradesh,Alirajpur,175,36
Madhya Pradesh,Anuppur,221,9
Madhya Pradesh,Ashok Nagar,57,10
Madhya Pradesh,Balaghat,104,0
Madhya Pradesh,Barwani,100,13
Madhya Pradesh,Betul,1242,20
Madhya Pradesh,Bhind,215,17
Madhya Pradesh,Bhopal,2660,97
Madhya Pradesh,Burhanpur,8,69
Madhya Pradesh,Chhatarpur,139,16
Madhya Pradesh,Chhindwara,351,12
Madhya Pradesh,Damoh,973,85
Madhya Pradesh,Datia,111,9
Madhya Pradesh,Dewas,136,19
Madhya Pradesh,Dhar,932,59
Madhya Pradesh,Dindori,15,0
Madhya Pradesh,Guna,199,28
Madhya Pradesh,Gwalior,821,67
Madhya Pradesh,Harda,103,12
Madhya Pradesh,Hoshangabad,1100,16
Madhya Pradesh,Indore,4774,189
Madhya Pradesh,Jabalpur,5308,283
Madhya Pradesh,Jhabua,830,65
Madhya Pradesh,Katni,567,16
Madhya Pradesh,Khandwa,493,146
Madhya Pradesh,Khargone,1500,48
Madhya Pradesh,Mandla,32,3
Madhya Pradesh,Mandsaur,16,29
Madhya Pradesh,Morena,601,15
Madhya Pradesh,Narsinghpur,200,19
Madhya Pradesh,Neemuch,9,30
Madhya Pradesh,Panna,341,34
Madhya Pradesh,Raisen,1201,23
Madhya Pradesh,Rajgarh,48,24
Madhya Pradesh,Ratlam,540,39
Madhya Pradesh,Rewa,1381,22
Madhya Pradesh,Sagar,2092,31
Madhya Pradesh,Satna,1543,24
Madhya Pradesh,Sehore,1454,34
Madhya Pradesh,Seoni,11487,97
Madhya Pradesh,Shahdol,333,5
Madhya Pradesh,Shajapur,12,29
Madhya Pradesh,Sheopur,352,5
Madhya Pradesh,Shivpuri,97,15
Madhya Pradesh,Sidhi,58,1
Madhya Pradesh,Singrauli,21,3
Madhya Pradesh,Tikamgarh,40,3
Madhya Pradesh,Ujjain,1141,85
Madhya Pradesh,Umaria,130,0
Madhya Pradesh,Vidisha,1044,54
Maharashtra,Ahmadnagar,609,28
Maharashtra,Ahmed Nagar,105,32
Maharashtra,Akola,1332,29
Maharashtra,Amravati,1812,82
Maharashtra,Aurangabad,1081,323
Maharashtra,Beed,1135,7
Maharashtra,Bhandara,532,1097
Maharashtra,Buldhana,2062,37
Maharashtra,Chandrapur,1278,627
Maharashtra,Dhule,888,125
Maharashtra,Gadchiroli,11,1
Maharashtra,Gondia,315,9
Maharashtra,Gondiya,1133,154
Maharashtra,Hingoli,2890,9
Maharashtra,Jalgaon,5703,48
Maharashtra,Jalna,536,2069
Maharashtra,Kolhapur,2765,28
Maharashtra,Latur,750,24
Maharashtra,Mumbai,7460,235
Maharashtra,Mumbai City,13,2
Maharashtra,Mumbai( Sub Urban ),6,4
Maharashtra,Nagpur,679,59
Maharashtra,Nanded,101,14
Maharashtra,Nandurbar,3533,52
Maharashtra,Nashik,14287,585
Maharashtra,Osmanabad,115,79
Maharashtra,Parbhani,3578,18
Maharashtra,Pune,14249,141
Maharashtra,Raigarh,313,3
Maharashtra,Raigarh(MH),57,9
Maharashtra,Ratnagiri,444,69
Maharashtra,Sangli,1264,57
Maharashtra,Satara,732,79
Maharashtra,Sindhudurg,33,2
Maharashtra,Solapur,244,45
Maharashtra,Thane,56637,486
Maharashtra,Wardha,850,64
Maharashtra,Washim,108,9
Maharashtra,Yavatmal,321,15
Manipur,Bishnupur,58,0
Manipur,Chandel,5,0
Manipur,Churachandpur,7,0
Manipur,Imphal East,1,0
Manipur,Imphal West,1,0
Manipur,Senapati,8,2
Manipur,Thoubal,509,8
Manipur,Ukhrul,131,3
Meghalaya,East Khasi Hills,0,1
Nagaland,Dimapur,1,9
Nagaland,Kiphire,41,7
Nagaland,Kohima,3,0
Nagaland,Mokokchung,0,4
Nagaland,Mon,3775,882
Nagaland,Phek,0,5
Nagaland,Tuensang,92,11
Nagaland,Zunheboto,1,0
Odisha,Angul,1,0
Odisha,Anugul,1,5
Odisha,Balangir,1198,10
Odisha,Baleswar,2477,418
Odisha,Bargarh,1,1802
Odisha,Bhadrak,7,4
Odisha,Boudh,2,0
Odisha,Cuttack,2133,5303
Odisha,Dhenkanal,8,0
Odisha,Ganjam,35,11863
Odisha,Jagatsinghapur,4,2
Odisha,Jajapur,14,8
Odisha,Kalahandi,0,1
Odisha,Kandhamal,3,29
Odisha,Kendrapara,12,2
Odisha,Kendujhar,14,9756
Odisha,Khorda,5,0
Odisha,Khordha,125,9832
Odisha,Koraput,89,664
Odisha,Malkangiri,1,0
Odisha,Mayurbhanj,10,0
Odisha,Nayagarh,1,5
Odisha,Nuapada,1,0
Odisha,Puri,1,2
Odisha,Rayagada,0,1
Odisha,Sonapur,606,405
Odisha,Sundergarh,53,3589
Others,Others,63,133
Puducherry,Karaikal,0,7
Puducherry,Pondicherry,2,337
Puducherry,Puducherry,250,1
Punjab,Amritsar,336,67
Punjab,Barnala,4,23
Punjab,Bathinda,1741,145
Punjab,Chandigarh,6,0
Punjab,Faridkot,12,12
Punjab,Fatehgarh Sahib,1236,116
Punjab,Fazilka,9,11
Punjab,Ferozepur,342,83
Punjab,Gurdaspur,827,66
Punjab,Hoshiarpur,143,18
Punjab,Jalandhar,1422,256
Punjab,Kapurthala,1169,74
Punjab,Ludhiana,1290,165
Punjab,Mansa,2877,34
Punjab,Moga,431,25
Punjab,Muktsar,0,10
Punjab,Nawanshahr,0,16
Punjab,Pathankot,5,3
Punjab,Patiala,4600,263
Punjab,Rupnagar,1472,45
Punjab,SAS Nagar (Mohali),668,14
Punjab,Sangrur,952,37
Punjab,Shaheed Bhagat Singh Nagar,478,7
Punjab,Sri Muktsar Sahib,2,10
Punjab,Tarn Taran,186,11
Rajasthan,Ajmer,9150,280
Rajasthan,Alwar,3984,340
Rajasthan,Banswara,1448,13
Rajasthan,Baran,51,13
Rajasthan,Barmer,5637,721
Rajasthan,Bharatpur,51,15
Rajasthan,Bhilwara,269,24
Rajasthan,Bikaner,1219,70
Rajasthan,Bundi,699,21
Rajasthan,Chittorgarh,118,9
Rajasthan,Churu,722,19
Rajasthan,Dausa,931,57
Rajasthan,Dholpur,5,0
Rajasthan,Dungarpur,63,4
Rajasthan,Ganganagar,75,13
Rajasthan,Hanumangarh,112,6
Rajasthan,Jaipur,1565,150
Rajasthan,Jaisalmer,23,1
Rajasthan,Jalor,2316,208
Rajasthan,Jhalawar,7,7
Rajasthan,Jhunjhunu,395,43
Rajasthan,Jhunjhunun,2103,83
Rajasthan,Jodhpur,1178,38
Rajasthan,Karauli,46,8
Rajasthan,Kota,173,23
Rajasthan,Nagaur,1439,119
Rajasthan,Pali,1355,315
Rajasthan,Pratapgarh,196,31
Rajasthan,Rajsamand,3566,285
Rajasthan,Sawai Madhopur,119,9
Rajasthan,Sikar,2048,62
Rajasthan,Sirohi,343,55
Rajasthan,Tonk,602,14
Rajasthan,Udaipur,8744,118
Sikkim,East Sikkim,15,1
Sikkim,South Sikkim,0,1
Sikkim,West Sikkim,0,1
Tamil Nadu,Ariyalur,64,0
Tamil Nadu,Chennai,4,5
Tamil Nadu,Coimbatore,99,2
Tamil Nadu,Cuddalore,1815,56
Tamil Nadu,Dharmapuri,2878,10
Tamil Nadu,Dindigul,0,10
Tamil Nadu,Erode,7535,92
Tamil Nadu,Kancheepuram,3,0
Tamil Nadu,Kanchipuram,2,2
Tamil Nadu,Kanniyakumari,13,0
Tamil Nadu,Kanyakumari,5,1
Tamil Nadu,Karur,982,1646
Tamil Nadu,Krishnagiri,6,0
Tamil Nadu,Madurai,1166,88
Tamil Nadu,Nagapattinam,26,5
Tamil Nadu,Namakkal,22,1
Tamil Nadu,Nilgiris,56,69
Tamil Nadu,Perambalur,2132,4
Tamil Nadu,Pudukkottai,1111,19
Tamil Nadu,Ramanathapuram,753,10
Tamil Nadu,Salem,18776,48
Tamil Nadu,Sivaganga,1,0
Tamil Nadu,Thanjavur,943,3
Tamil Nadu,The Nilgiris,9,0
Tamil Nadu,Theni,4,8
Tamil Nadu,Thoothukkudi,105,4
Tamil Nadu,Tiruchirappalli,7653,24
Tamil Nadu,Tirunelveli,1530,259
Tamil Nadu,Tiruppur,3,0
Tamil Nadu,Tiruvallur,91,69
Tamil Nadu,Tiruvannamalai,1537,16667
Tamil Nadu,Vellore,1177,7162
Tamil Nadu,Viluppuram,12,0
Tamil Nadu,Virudhunagar,2027,107
Tripura,Dhalai,0,10
Tripura,North Tripura,2,63
Tripura,South Tripura,1,30
Tripura,West Tripura,1,46
Uttar Pradesh,Agra,63,32
Uttar Pradesh,Aligarh,11,5
Uttar Pradesh,Allahabad,35,23
Uttar Pradesh,Ambedkar Nagar,17,2
Uttar Pradesh,Amethi,10,0
Uttar Pradesh,Amroha,3,0
Uttar Pradesh,Auraiya,6,21
Uttar Pradesh,Azamgarh,31,2
Uttar Pradesh,Baghpat,11,0
Uttar Pradesh,Bagpat,1,4
Uttar Pradesh,Bahraich,5,0
Uttar Pradesh,Ballia,71,2
Uttar Pradesh,Balrampur,8,0
Uttar Pradesh,Banda,7,0
Uttar Pradesh,Bara Banki,3,0
Uttar Pradesh,Barabanki,22,13
Uttar Pradesh,Bareilly,10,17
Uttar Pradesh,Basti,13,2
Uttar Pradesh,Bijnor,13,3
Uttar Pradesh,Budaun,10,0
Uttar Pradesh,Bulandshahar,3,2
Uttar Pradesh,Bulandshahr,18,0
Uttar Pradesh,Chandauli,6,0
Uttar Pradesh,Chitrakoot,1,0
Uttar Pradesh,Deoria,30,3
Uttar Pradesh,Etah,12,2
Uttar Pradesh,Etawah,5,13
Uttar Pradesh,Faizabad,14,3
Uttar Pradesh,Farrukhabad,13,3
Uttar Pradesh,Fatehpur,13,0
Uttar Pradesh,Firozabad,70,22
Uttar Pradesh,Gautam Buddha Nagar,35,8
Uttar Pradesh,Ghaziabad,5,43
Uttar Pradesh,Ghazipur,50,5
Uttar Pradesh,Gonda,35,4
Uttar Pradesh,Gorakhpur,30,8
Uttar Pradesh,Hamirpur,5,0
Uttar Pradesh,Hapur,83,0
Uttar Pradesh,Hardoi,7,1
Uttar Pradesh,Hathras,35,1
Uttar Pradesh,Jalaun,11,0
Uttar Pradesh,Jaunpur,43,2
Uttar Pradesh,Jhansi,7,14
Uttar Pradesh,Jyotiba Phule Nagar,1,2
Uttar Pradesh,Kannauj,7,2
Uttar Pradesh,Kanpur Dehat,16,0
Uttar Pradesh,Kanpur Nagar,70,170
Uttar Pradesh,Kasganj,1,0
Uttar Pradesh,Kaushambi,3,0
Uttar Pradesh,Kheri,9,4
Uttar Pradesh,Kushinagar,23,6
Uttar Pradesh,Lalitpur,8,0
Uttar Pradesh,Lucknow,89,66
Uttar Pradesh,Maharajganj,8,0
Uttar Pradesh,Mahoba,23,6
Uttar Pradesh,Mainpuri,14,1
Uttar Pradesh,Mathura,104,6
Uttar Pradesh,Mau,21,1
Uttar Pradesh,Meerut,20,2
Uttar Pradesh,Mirzapur,11,0
Uttar Pradesh,Moradabad,15,25
Uttar Pradesh,Muzaffarnagar,12,0
Uttar Pradesh,Pilibhit,4,4
Uttar Pradesh,Pratapgarh,25,1
Uttar Pradesh,Rae Bareli,12,0
Uttar Pradesh,Raebareli,212,5
Uttar Pradesh,Rampur,3,7
Uttar Pradesh,Saharanpur,41,1
Uttar Pradesh,Sambhal,4,0
Uttar Pradesh,Sant Kabir Nagar,19,0
Uttar Pradesh,Sant Ravidas Nagar,23,0
Uttar Pradesh,Sant Ravidas Nagar Bhadohi,7,0
Uttar Pradesh,Shahjahanpur,4,5
Uttar Pradesh,Shamli,9,0
Uttar Pradesh,Shrawasti,2,0
Uttar Pradesh,Siddharthnagar,18,0
Uttar Pradesh,Sitapur,6,6
Uttar Pradesh,Sonbhadra,6,0
Uttar Pradesh,Sultanpur,38,5
Uttar Pradesh,Unnao,14,13
Uttar Pradesh,Varanasi,22,1
Uttarakhand,Almora,12,1
Uttarakhand,Bageshwar,6,0
Uttarakhand,Chamoli,6,1
Uttarakhand,Dehradun,17,7
Uttarakhand,Garhwal,5,4
Uttarakhand,Hardwar,5,2
Uttarakhand,Haridwar,2,0
Uttarakhand,Nainital,10,11
Uttarakhand,Pauri Garhwal,10,0
Uttarakhand,Pithoragarh,13,0
Uttarakhand,Rudraprayag,1,0
Uttarakhand,Tehri Garhwal,10,0
Uttarakhand,Udham Singh Nagar,5,10
Uttarakhand,Uttarkashi,1,0
West Bengal,Bally Jagachha,17,0
West Bengal,Bankura,8,11
West Bengal,Barddhaman,373,93
West Bengal,Bardhaman,173,43
West Bengal,Birbhum,8,7
West Bengal,Cooch Behar,2368,69
West Bengal,Dakshin Dinajpur,0,3
West Bengal,Darjeeling,122,16
West Bengal,East Midnapore,13,14
West Bengal,Hooghly,177,37
West Bengal,Howrah,34360,803
West Bengal,Jalpaiguri,2050,772
West Bengal,Kolkata,8750,250
West Bengal,Malda,77,69
West Bengal,Medinipur,22,33
West Bengal,Murshidabad,4020,430
West Bengal,Nadia,5389,63
West Bengal,North 24 Parganas,28,45
West Bengal,North Dinajpur,1,3
West Bengal,Purulia,8,2
West Bengal,South 24 Parganas,9,0
West Bengal,South Twenty Four Parganas,1086,40
West Bengal,West Midnapore,21,17
