State,District,Aadhaar generated,Enrolment Rejected
Andaman and Nicobar Islands,Middle & North andaman,1,0
Andaman and Nicobar Islands,North And Middle Andaman,2,0
Andaman and Nicobar Islands,South Andaman,5,0
Andhra Pradesh,Adilabad,4510,369
Andhra Pradesh,Anantapur,54,0
Andhra Pradesh,Ananthapur,4952,175
Andhra Pradesh,Chittoor,4492,203
Andhra Pradesh,Cuddapah,7635,370
Andhra Pradesh,East Godavari,4837,409
Andhra Pradesh,Guntur,4412,350
Andhra Pradesh,Hyderabad,7919,787
Andhra Pradesh,K.V.Rangareddy,234,11
Andhra Pradesh,K.v. Rangareddy,22356,1574
Andhra Pradesh,Karim Nagar,210,0
Andhra Pradesh,Karimnagar,22931,174
Andhra Pradesh,Khammam,14744,66
Andhra Pradesh,Krishna,5206,354
Andhra Pradesh,Kurnool,16397,360
Andhra Pradesh,Mahabub Nagar,2010,14
Andhra Pradesh,Mahabubnagar,15485,93
Andhra Pradesh,Mahbubnagar,540,11
Andhra Pradesh,Medak,14647,73
Andhra Pradesh,Nalgonda,24396,189
Andhra Pradesh,Nellore,15405,77
Andhra Pradesh,Nizamabad,14483,161
Andhra Pradesh,Prakasam,18553,76
Andhra Pradesh,Srikakulam,1351,205
Andhra Pradesh,Visakhapatnam,28967,416
Andhra Pradesh,Vizianagaram,4104,2171
Andhra Pradesh,Warangal,52671,88
Andhra Pradesh,West Godavari,10144,40
Arunachal Pradesh,Lohit,2,0
Arunachal Pradesh,Lower Dibang Valley,1,0
Arunachal Pradesh,Papum Pare,1,0
Arunachal Pradesh,Tirap,1,0
Arunachal Pradesh,Upper Subansiri,2,0
Arunachal Pradesh,West Kameng,1,0
Arunachal Pradesh,West Siang,3,0
Assam,Baksa,4,0
Assam,Barpeta,5,0
Assam,Bongaigaon,5,1
Assam,Cachar,37,1
Assam,Chirang,4,0
Assam,Darrang,3,0
Assam,Dhemaji,2,0
Assam,Dhubri,7,0
Assam,Dibrugarh,6,1
Assam,Goalpara,1,0
Assam,Hailakandi,14,0
Assam,Jorhat,12,0
Assam,Kamrup,24,0
Assam,Kamrup Metro,4,0
Assam,Karbi Anglong,1,0
Assam,Karimganj,12,0
Assam,Kokrajhar,5,0
Assam,Lakhimpur,3,0
Assam,Marigaon,2,0
Assam,Nagaon,41,0
Assam,Nalbari,5,0
Assam,North Cachar Hills,1,0
Assam,Sibsagar,11,0
Assam,Sonitpur,22,0
Assam,Tinsukia,3,0
Assam,Udalguri,24,0
Bihar,Araria,66,0
Bihar,Arwal,3595,12
Bihar,Aurangabad,156,3
Bihar,Aurangabad(BH),2,0
Bihar,Banka,75,0
Bihar,Begusarai,135,1
Bihar,Bhabua,2,0
Bihar,Bhagalpur,157,4
Bihar,Bhojpur,187,2
Bihar,Buxar,82,0
Bihar,Darbhanga,1867,7
Bihar,East Champaran,221,0
Bihar,Gaya,198,2
Bihar,Gopalganj,319,1
Bihar,Jamui,122,1
Bihar,Jehanabad,48,0
Bihar,Kaimur (Bhabua),50,0
Bihar,Katihar,226,1
Bihar,Khagaria,50,0
Bihar,Kishanganj,220,1
Bihar,Lakhisarai,50,0
Bihar,Madhepura,51,0
Bihar,Madhubani,385,8
Bihar,Munger,72,0
Bihar,Muzaffarpur,196,2
Bihar,Nalanda,1377,19
Bihar,Nawada,85,2
Bihar,Patna,270,2
Bihar,Purnia,62,0
Bihar,Rohtas,822,8
Bihar,Saharsa,828,3
Bihar,Samastipur,183,1
Bihar,Saran,275,3
Bihar,Sheikhpura,10920,253
Bihar,Sheohar,2961,85
Bihar,Sitamarhi,172,1
Bihar,Siwan,181,1
Bihar,Supaul,68,0
Bihar,Vaishali,2546,22
Bihar,West Champaran,105,0
Chandigarh,Chandigarh,868,81
Chhattisgarh,Balod,46,0
Chhattisgarh,Baloda Bazar,5,0
Chhattisgarh,Balrampur,2,0
Chhattisgarh,Bastar,2,0
Chhattisgarh,Bemetara,1101,0
Chhattisgarh,Bijapur,2,0
Chhattisgarh,Bilaspur,77,1
Chhattisgarh,Dhamtari,14846,32
Chhattisgarh,Durg,146,2
Chhattisgarh,Gariyaband ,8,0
Chhattisgarh,Janjgir-champa,24,0
Chhattisgarh,Jashpur,24,0
Chhattisgarh,Kanker,1,0
Chhattisgarh,Kawardha,1,0
Chhattisgarh,Korba,3146,1
Chhattisgarh,Koriya,2864,187
Chhattisgarh,Mahasamund,13,0
Chhattisgarh,Mungeli ,1,0
Chhattisgarh,Raigarh,356,0
Chhattisgarh,Raipur,47,0
Chhattisgarh,Rajnandgaon,1437,0
Chhattisgarh,Surajpur ,1,0
Chhattisgarh,Surguja,4,0
Dadra and Nagar Haveli,Dadra and Nagar Haveli,779,0
Daman and Diu,Daman,146,48
Daman and Diu,Diu,34,59
Delhi,Central Delhi,1800,221
Delhi,East Delhi,4490,627
Delhi,Najafgarh,42,3
Delhi,New Delhi,167,12
Delhi,North Delhi,1727,249
Delhi,North East,1033,385
Delhi,North East Delhi,2932,388
Delhi,North West Delhi,9486,1159
Delhi,South Delhi,7338,757
Delhi,South West Delhi,2285,408
Delhi,West Delhi,3437,383
Goa,Bardez,2,1
Goa,North Goa,1232,214
Goa,South Goa,282,120
Goa,Tiswadi,1,0
Gujarat,Ahmadabad,62,0
Gujarat,Ahmedabad,5477,43
Gujarat,Amreli,3226,0
Gujarat,Anand,4883,147
Gujarat,Banaskantha,7749,21
Gujarat,Bharuch,4286,18
Gujarat,Bhavnagar,2225,88
Gujarat,Dahod,2241,10
Gujarat,Dohad,5707,17
Gujarat,Gandhinagar,2044,35
Gujarat,Jamnagar,6790,19
Gujarat,Junagadh,10189,74
Gujarat,Kachchh,2012,23
Gujarat,Kheda,3173,2
Gujarat,Mahesana,4168,144
Gujarat,Narmada,1491,3
Gujarat,Navsari,2187,24
Gujarat,Panchmahals,1758,10
Gujarat,Patan,7124,19
Gujarat,Porbandar,888,2
Gujarat,Rajkot,17999,118
Gujarat,Sabarkantha,3589,17
Gujarat,Surat,8118,12
Gujarat,Surendra Nagar,3787,34
Gujarat,Tapi,1675,11
Gujarat,The Dangs,1088,7
Gujarat,Vadodara,13694,27
Gujarat,Valsad,5898,207
Haryana,Ambala,2514,141
Haryana,Bhiwani,13755,13
Haryana,Faridabad,7835,33
Haryana,Fatehabad,1523,23
Haryana,Gurgaon,4748,44
Haryana,Hisar,6724,19
Haryana,Jhajjar,3975,92
Haryana,Jind,6656,12
Haryana,Kaithal,4772,15
Haryana,Karnal,6232,16
Haryana,Kurukshetra,5239,50
Haryana,Mahendragarh,8960,22
Haryana,Mewat,3545,3
Haryana,Palwal,3000,9
Haryana,Panchkula,1348,34
Haryana,Panipat,7936,105
Haryana,Rewari,3465,23
Haryana,Rohtak,7936,23
Haryana,Sirsa,4559,8
Haryana,Sonipat,3952,197
Haryana,Yamuna Nagar,10350,9
Himachal Pradesh,Bilaspur,111,18
Himachal Pradesh,Bilaspur ,1,0
Himachal Pradesh,Chamba,1137,1
Himachal Pradesh,Hamirpur,116,11
Himachal Pradesh,Kangra,2792,13
Himachal Pradesh,Kinnaur,143,2
Himachal Pradesh,Kullu,786,16
Himachal Pradesh,Lahul and Spiti,12,0
Himachal Pradesh,Mandi,743,73
Himachal Pradesh,Shimla,1094,20
Himachal Pradesh,Sirmaur,1012,39
Himachal Pradesh,Solan,474,70
Himachal Pradesh,Una,93,10
Jammu and Kashmir,Anantnag,543,1
Jammu and Kashmir,Badgam,6,0
Jammu and Kashmir,Bandipore,4,0
Jammu and Kashmir,Baramula,2,0
Jammu and Kashmir,Doda,890,2
Jammu and Kashmir,Jammu,3392,4
Jammu and Kashmir,Kargil,223,2
Jammu and Kashmir,Kathua,147,0
Jammu and Kashmir,Kupwara,4,0
Jammu and Kashmir,Leh,15,0
Jammu and Kashmir,Pulwama,44,0
Jammu and Kashmir,Punch,5,0
Jammu and Kashmir,Rajouri,17,0
Jammu and Kashmir,Srinagar,7,0
Jammu and Kashmir,Udhampur,1422,4
Jharkhand,Bokaro,4849,345
Jharkhand,Chatra,3064,76
Jharkhand,Deoghar,3608,99
Jharkhand,Dhanbad,4072,25
Jharkhand,Dumka,7094,177
Jharkhand,East Singhbhum,12597,90
Jharkhand,Garhwa,1025,31
Jharkhand,Giridih,5367,117
Jharkhand,Godda,5264,167
Jharkhand,Gumla,1453,38
Jharkhand,Hazaribag,14,0
Jharkhand,Hazaribagh,4451,242
Jharkhand,Jamtara,2531,78
Jharkhand,Khunti,2386,37
Jharkhand,Kodarma,1,0
Jharkhand,Koderma,1224,30
Jharkhand,Latehar,2215,6
Jharkhand,Lohardaga,2193,112
Jharkhand,Pakaur,3,0
Jharkhand,Pakur,3436,18
Jharkhand,Palamau,1,0
Jharkhand,Palamu,4151,38
Jharkhand,Ramgarh,2774,135
Jharkhand,Ranchi,10855,424
Jharkhand,Sahebganj,6582,69
Jharkhand,Seraikela-Kharsawan,2984,421
Jharkhand,Simdega,1405,31
Jharkhand,West Singhbhum,8615,235
Karnataka,Bagalkot,6862,139
Karnataka,Bangalore,34492,691
Karnataka,Bangalore Rural,2447,39
Karnataka,Belgaum,27583,203
Karnataka,Bellary,5508,25
Karnataka,Bidar,714,4
Karnataka,Bijapur,4081,34
Karnataka,Bijapur(KAR),801,0
Karnataka,Chamarajanagar,4,0
Karnataka,Chamrajanagar,2810,55
Karnataka,Chickmagalur,3990,23
Karnataka,Chikkaballapur,4838,18
Karnataka,Chitradurga,12018,7
Karnataka,Dakshina Kannada,21566,196
Karnataka,Davangere,21814,31
Karnataka,Dharwad,5723,263
Karnataka,Gadag,5321,5
Karnataka,Gulbarga,3035,68
Karnataka,Hasan,6175,13
Karnataka,Hassan,200,1
Karnataka,Haveri,24644,7
Karnataka,Kodagu,737,2
Karnataka,Kolar,7815,92
Karnataka,Koppal,2908,27
Karnataka,Mandya,5615,75
Karnataka,Mysore,1270,162
Karnataka,Raichur,1031,24
Karnataka,Ramanagar,4326,68
Karnataka,Shimoga,4957,32
Karnataka,Tumkur,983,97
Karnataka,Udupi,559,51
Karnataka,Uttara Kannada,2998,6
Karnataka,Yadgir,1552,5
Kerala,Alappuzha,2640,1034
Kerala,Ernakulam,2760,566
Kerala,Idukki,1485,215
Kerala,Kannur,3750,260
Kerala,Kasaragod,5212,13
Kerala,Kasargod,217,22
Kerala,Kollam,5154,80
Kerala,Kottayam,1964,292
Kerala,Kozhikode,3338,549
Kerala,Malappuram,14088,164
Kerala,Palakkad,4478,269
Kerala,Pathanamthitta,836,225
Kerala,Thiruvananthapuram,2776,522
Kerala,Thrissur,3766,354
Kerala,Wayanad,328,111
Lakshadweep,Lakshadweep,90,1
Madhya Pradesh,Alirajpur,2608,89
Madhya Pradesh,Anuppur,1682,34
Madhya Pradesh,Ashok Nagar,778,1
Madhya Pradesh,Balaghat,6167,93
Madhya Pradesh,Barwani,706,10
Madhya Pradesh,Betul,3991,45
Madhya Pradesh,Bhind,2881,34
Madhya Pradesh,Bhopal,3003,258
Madhya Pradesh,Burhanpur,1638,42
Madhya Pradesh,Chhatarpur,3531,64
Madhya Pradesh,Chhindwara,6906,55
Madhya Pradesh,Damoh,3629,30
Madhya Pradesh,Datia,1404,5
Madhya Pradesh,Dewas,586,5
Madhya Pradesh,Dhar,7171,73
Madhya Pradesh,Dindori,6113,62
Madhya Pradesh,Guna,1909,55
Madhya Pradesh,Gwalior,3128,28
Madhya Pradesh,Harda,584,43
Madhya Pradesh,Hoshangabad,1448,150
Madhya Pradesh,Indore,5392,177
Madhya Pradesh,Jabalpur,1616,313
Madhya Pradesh,Jhabua,4475,540
Madhya Pradesh,Katni,3387,32
Madhya Pradesh,Khandwa,805,76
Madhya Pradesh,Khargone,4675,42
Madhya Pradesh,Mandla,3665,24
Madhya Pradesh,Mandsaur,392,8
Madhya Pradesh,Morena,3215,22
Madhya Pradesh,Narsinghpur,2332,48
Madhya Pradesh,Neemuch,35,0
Madhya Pradesh,Panna,4017,29
Madhya Pradesh,Raisen,3551,47
Madhya Pradesh,Rajgarh,1015,12
Madhya Pradesh,Ratlam,467,7
Madhya Pradesh,Rewa,9927,126
Madhya Pradesh,Sagar,7842,47
Madhya Pradesh,Satna,9176,95
Madhya Pradesh,Sehore,3181,26
Madhya Pradesh,Seoni,4197,38
Madhya Pradesh,Shahdol,6333,65
Madhya Pradesh,Shajapur,74,1
Madhya Pradesh,Sheopur,217,1
Madhya Pradesh,Shivpuri,1156,4
Madhya Pradesh,Sidhi,4572,27
Madhya Pradesh,Singrauli,3596,30
Madhya Pradesh,Tikamgarh,4013,14
Madhya Pradesh,Ujjain,3870,49
Madhya Pradesh,Umaria,3454,27
Madhya Pradesh,Vidisha,2236,33
Maharashtra,Ahmadnagar,20716,265
Maharashtra,Ahmed Nagar,290,1
Maharashtra,Akola,2784,87
Maharashtra,Amravati,5502,421
Maharashtra,Aurangabad,10796,1051
Maharashtra,Beed,8955,39
Maharashtra,Bhandara,1795,278
Maharashtra,Buldhana,6351,20
Maharashtra,Chandrapur,5683,75
Maharashtra,Dhule,4942,59
Maharashtra,Gadchiroli,1959,4
Maharashtra,Gondia,61,1
Maharashtra,Gondiya,3701,377
Maharashtra,Hingoli,1092,4
Maharashtra,Jalgaon,12229,1543
Maharashtra,Jalna,3080,207
Maharashtra,Kolhapur,15734,152
Maharashtra,Latur,11643,297
Maharashtra,Mumbai,27566,3506
Maharashtra,Mumbai City,95,0
Maharashtra,Mumbai( Sub Urban ),6,1
Maharashtra,Nagpur,10115,165
Maharashtra,Nanded,3116,65
Maharashtra,Nandurbar,6252,237
Maharashtra,Nashik,16989,175
Maharashtra,Osmanabad,7497,25
Maharashtra,Parbhani,1771,189
Maharashtra,Pune,45707,2443
Maharashtra,Raigarh,8122,45
Maharashtra,Raigarh(MH),61,1
Maharashtra,Ratnagiri,1205,162
Maharashtra,Sangli,12263,152
Maharashtra,Satara,10122,40
Maharashtra,Sindhudurg,2149,17
Maharashtra,Solapur,6190,27
Maharashtra,Thane,32507,349
Maharashtra,Wardha,1426,311
Maharashtra,Washim,1688,24
Maharashtra,Yavatmal,8424,77
Manipur,Bishnupur,13,0
Manipur,Chandel,4,0
Manipur,Churachandpur,15,0
Manipur,Imphal East,14,0
Manipur,Imphal West,202,0
Manipur,Senapati,765,0
Manipur,Tamenglong,2,0
Manipur,Thoubal,1208,0
Manipur,Ukhrul,92,0
Meghalaya,East Khasi Hills,106,0
Meghalaya,Jaintia Hills,2,0
Meghalaya,West Garo Hills,1,0
Meghalaya,West Khasi Hills,1,0
Mizoram,Aizawl,22,0
Mizoram,Champhai,2,0
Mizoram,Kolasib,2,0
Mizoram,Lunglei,2,0
Mizoram,Mammit,3,0
Nagaland,Dimapur,124,1
Nagaland,Kiphire,174,1
Nagaland,Kohima,5,0
Nagaland,Longleng,2,0
Nagaland,Mokokchung,43,0
Nagaland,Mon,22,0
Nagaland,Phek,23,0
Nagaland,Tuensang,1,0
Nagaland,Wokha,51,0
Nagaland,Zunheboto,72,0
Odisha,Angul,16,0
Odisha,Anugul,401,0
Odisha,Balangir,1716,32
Odisha,Baleswar,5794,256
Odisha,Bargarh,3141,262
Odisha,Bhadrak,6165,2540
Odisha,Boudh,1,0
Odisha,Cuttack,1190,47
Odisha,Debagarh,5,0
Odisha,Dhenkanal,734,0
Odisha,Gajapati,23,0
Odisha,Ganjam,3374,53
Odisha,Jagatsinghapur,19732,667
Odisha,Jajapur,495,86
Odisha,Jharsuguda,4,0
Odisha,Kalahandi,14,0
Odisha,Kandhamal,3067,116
Odisha,Kendrapara,13498,100
Odisha,Kendujhar,10540,1664
Odisha,Khorda,89,0
Odisha,Khordha,2001,7
Odisha,Koraput,1759,1
Odisha,Mayurbhanj,10007,600
Odisha,Nabarangapur,581,0
Odisha,Nayagarh,15,1
Odisha,Nuapada,5,0
Odisha,Puri,8444,167
Odisha,Rayagada,15,0
Odisha,Sambalpur,60,3
Odisha,Sonapur,1557,264
Odisha,Sundergarh,11258,138
Others,Others,150,7081
Puducherry,Karaikal,62,0
Puducherry,Pondicherry,17,0
Puducherry,Puducherry,503,79
Puducherry,Yanam,115,18
Punjab,Amritsar,12099,176
Punjab,Barnala,753,92
Punjab,Bathinda,4646,110
Punjab,Faridkot,3406,19
Punjab,Fatehgarh Sahib,711,60
Punjab,Fazilka,1448,35
Punjab,Ferozepur,8140,36
Punjab,Gurdaspur,6362,386
Punjab,Hoshiarpur,5516,52
Punjab,Jalandhar,5280,168
Punjab,Kapurthala,1516,15
Punjab,Ludhiana,8203,56
Punjab,Mansa,6675,18
Punjab,Moga,3546,32
Punjab,Muktsar,84,0
Punjab,Nawanshahr,1,0
Punjab,Pathankot,511,29
Punjab,Patiala,10484,80
Punjab,Rupnagar,1993,18
Punjab,SAS Nagar (Mohali),3018,390
Punjab,Sangrur,9050,86
Punjab,Shaheed Bhagat Singh Nagar,607,9
Punjab,Sri Muktsar Sahib,6644,78
Punjab,Tarn Taran,2164,36
Rajasthan,Ajmer,7711,317
Rajasthan,Alwar,15209,944
Rajasthan,Banswara,4005,4
Rajasthan,Baran,1944,11
Rajasthan,Barmer,8399,220
Rajasthan,Bharatpur,3375,38
Rajasthan,Bhilwara,9868,52
Rajasthan,Bikaner,6058,165
Rajasthan,Bundi,1636,19
Rajasthan,Chittorgarh,4830,88
Rajasthan,Churu,9710,231
Rajasthan,Dausa,4622,85
Rajasthan,Dholpur,1729,5
Rajasthan,Dungarpur,2202,5
Rajasthan,Ganganagar,13664,34
Rajasthan,Hanumangarh,6865,21
Rajasthan,Jaipur,20103,288
Rajasthan,Jaisalmer,987,5
Rajasthan,Jalor,4878,113
Rajasthan,Jhalawar,3380,6
Rajasthan,Jhunjhunu,105,19
Rajasthan,Jhunjhunun,7676,242
Rajasthan,Jodhpur,9331,79
Rajasthan,Karauli,1467,5
Rajasthan,Kota,4922,342
Rajasthan,Nagaur,10477,47
Rajasthan,Pali,6997,268
Rajasthan,Pratapgarh,1448,9
Rajasthan,Rajsamand,3214,63
Rajasthan,Sawai Madhopur,1042,20
Rajasthan,Sikar,9224,35
Rajasthan,Sirohi,2155,118
Rajasthan,Tonk,2431,154
Rajasthan,Udaipur,14109,893
Sikkim,East Sikkim,205,15
Sikkim,North Sikkim,79,26
Sikkim,South Sikkim,39,19
Sikkim,West Sikkim,92,1
Tamil Nadu,Ariyalur,1183,19
Tamil Nadu,Chennai,35507,26
Tamil Nadu,Coimbatore,9569,24
Tamil Nadu,Cuddalore,3000,1
Tamil Nadu,Dharmapuri,3271,0
Tamil Nadu,Dindigul,2570,93
Tamil Nadu,Erode,5563,513
Tamil Nadu,Kancheepuram,9219,10
Tamil Nadu,Kanchipuram,253,0
Tamil Nadu,Kanniyakumari,10912,55
Tamil Nadu,Kanyakumari,4419,1
Tamil Nadu,Karur,437,11
Tamil Nadu,Krishnagiri,1624,0
Tamil Nadu,Madurai,4018,2
Tamil Nadu,Nagapattinam,4343,3
Tamil Nadu,Namakkal,2898,4
Tamil Nadu,Nilgiris,5,0
Tamil Nadu,Perambalur,134,0
Tamil Nadu,Pudukkottai,304,2
Tamil Nadu,Ramanathapuram,5574,33
Tamil Nadu,Salem,5369,7
Tamil Nadu,Sivaganga,560,1
Tamil Nadu,Thanjavur,6934,12
Tamil Nadu,The Nilgiris,3724,11
Tamil Nadu,Theni,2908,0
Tamil Nadu,Thiruvarur,4225,4
Tamil Nadu,Thoothukkudi,6111,10
Tamil Nadu,Tiruchirappalli,1928,53
Tamil Nadu,Tirunelveli,11145,159
Tamil Nadu,Tiruppur,10313,9
Tamil Nadu,Tiruvallur,21167,15
Tamil Nadu,Tiruvannamalai,16880,435
Tamil Nadu,Tiruvarur,3582,1
Tamil Nadu,Vellore,10589,1560
Tamil Nadu,Villupuram,3023,0
Tamil Nadu,Viluppuram,7318,111
Tamil Nadu,Virudhunagar,10247,72
Tripura,Dhalai,932,11
Tripura,Gomati,9,0
Tripura,Khowai,1045,194
Tripura,North Tripura,498,39
Tripura,Sepahijala,33,0
Tripura,South Tripura,23,0
Tripura,Unakoti,5,3
Tripura,West Tripura,1075,10
Uttar Pradesh,Agra,229,1
Uttar Pradesh,Aligarh,412,3
Uttar Pradesh,Allahabad,665,3
Uttar Pradesh,Ambedkar Nagar,200,1
Uttar Pradesh,Amethi,6155,67
Uttar Pradesh,Amroha,37,0
Uttar Pradesh,Auraiya,60,3
Uttar Pradesh,Azamgarh,2020,16
Uttar Pradesh,Baghpat,50,0
Uttar Pradesh,Bahraich,177,0
Uttar Pradesh,Ballia,1021,3
Uttar Pradesh,Balrampur,71,0
Uttar Pradesh,Banda,314,2
Uttar Pradesh,Bara Banki,389,10
Uttar Pradesh,Barabanki,1,0
Uttar Pradesh,Bareilly,2026,1
Uttar Pradesh,Basti,2644,2
Uttar Pradesh,Bijnor,1319,34
Uttar Pradesh,Budaun,75,0
Uttar Pradesh,Bulandshahar,6,0
Uttar Pradesh,Bulandshahr,124,1
Uttar Pradesh,Chandauli,1678,7
Uttar Pradesh,Chitrakoot,3822,8
Uttar Pradesh,Deoria,188,2
Uttar Pradesh,Etah,59,0
Uttar Pradesh,Etawah,2406,223
Uttar Pradesh,Faizabad,1872,126
Uttar Pradesh,Farrukhabad,149,0
Uttar Pradesh,Fatehpur,1175,1
Uttar Pradesh,Firozabad,63,0
Uttar Pradesh,Gautam Buddha Nagar,706,1
Uttar Pradesh,Ghaziabad,2263,360
Uttar Pradesh,Ghazipur,3206,15
Uttar Pradesh,Gonda,409,4
Uttar Pradesh,Gorakhpur,698,3
Uttar Pradesh,Hamirpur,31,1
Uttar Pradesh,Hardoi,831,2
Uttar Pradesh,Hathras,42,1
Uttar Pradesh,Jalaun,45,0
Uttar Pradesh,Jaunpur,443,3
Uttar Pradesh,Jhansi,161,0
Uttar Pradesh,Jyotiba Phule Nagar,2,0
Uttar Pradesh,Kannauj,50,0
Uttar Pradesh,Kanpur Dehat,47,0
Uttar Pradesh,Kanpur Nagar,111,3
Uttar Pradesh,Kasganj,25,0
Uttar Pradesh,Kaushambi,647,0
Uttar Pradesh,Kheri,32,0
Uttar Pradesh,Kushinagar,163,1
Uttar Pradesh,Lalitpur,8,0
Uttar Pradesh,Lucknow,122,1
Uttar Pradesh,Maharajganj,2172,2
Uttar Pradesh,Mahoba,1008,2
Uttar Pradesh,Mahrajganj,3,0
Uttar Pradesh,Mainpuri,844,17
Uttar Pradesh,Mathura,157,0
Uttar Pradesh,Mau,125,0
Uttar Pradesh,Meerut,3321,8
Uttar Pradesh,Mirzapur,173,3
Uttar Pradesh,Moradabad,34,0
Uttar Pradesh,Muzaffarnagar,1542,1
Uttar Pradesh,Pilibhit,2319,4
Uttar Pradesh,Pratapgarh,1422,1
Uttar Pradesh,Rae Bareli,18056,149
Uttar Pradesh,Raebareli,7,0
Uttar Pradesh,Rampur,22,0
Uttar Pradesh,Saharanpur,5957,2
Uttar Pradesh,Sambhal,22,0
Uttar Pradesh,Sant Kabir Nagar,4123,44
Uttar Pradesh,Sant Ravidas Nagar,1883,4
Uttar Pradesh,Sant Ravidas Nagar Bhadohi,8,0
Uttar Pradesh,Shahjahanpur,4123,0
Uttar Pradesh,Shamli,31,0
Uttar Pradesh,Shrawasti,6534,15
Uttar Pradesh,Siddharthnagar,208,3
Uttar Pradesh,Sitapur,41,2
Uttar Pradesh,Sonbhadra,435,1
Uttar Pradesh,Sultanpur,164,0
Uttar Pradesh,Unnao,75,0
Uttar Pradesh,Varanasi,2917,46
Uttarakhand,Almora,81,0
Uttarakhand,Bageshwar,582,43
Uttarakhand,Chamoli,20,0
Uttarakhand,Champawat,1509,2
Uttarakhand,Dehradun,3064,0
Uttarakhand,Garhwal,5,0
Uttarakhand,Hardwar,1,0
Uttarakhand,Haridwar,3545,1
Uttarakhand,Nainital,38,1
Uttarakhand,Pauri Garhwal,70,1
Uttarakhand,Pithoragarh,49,0
Uttarakhand,Rudraprayag,21,0
Uttarakhand,Tehri Garhwal,2427,4
Uttarakhand,Udham Singh Nagar,1842,12
Uttarakhand,Uttarkashi,14,0
West Bengal,Bally Jagachha,4,1
West Bengal,Bankura,74,4
West Bengal,Barddhaman,1192,257
West Bengal,Bardhaman,1251,1
West Bengal,Birbhum,5317,2
West Bengal,Cooch Behar,10790,301
West Bengal,Dakshin Dinajpur,2427,0
West Bengal,Darjeeling,961,0
West Bengal,Domjur,1,0
West Bengal,East Midnapore,5968,848
West Bengal,Hooghly,3226,5
West Bengal,Howrah,14774,55
West Bengal,Jalpaiguri,1671,1
West Bengal,Kolkata,3377,46
West Bengal,Malda,6058,14
West Bengal,Medinipur,3278,397
West Bengal,Murshidabad,15537,32
West Bengal,Nadia,26686,90
West Bengal,North 24 Parganas,10781,390
West Bengal,North Dinajpur,29,1
West Bengal,Paschim Medinipur,89,3
West Bengal,Purba Medinipur,119,1
West Bengal,Purulia,5091,7
West Bengal,Puruliya,3402,3
West Bengal,South 24 Parganas,33041,14
West Bengal,South Dinajpur,1,0
West Bengal,South Twenty Four Parganas,41786,7
West Bengal,Uttar Dinajpur,2999,1
West Bengal,West Midnapore,713,331
