State,District,Aadhaar generated,Enrolment Rejected
Andaman and Nicobar Islands,South Andaman,2,0
Andhra Pradesh,Adilabad,4112,241
Andhra Pradesh,Anantapur,17,27
Andhra Pradesh,Ananthapur,954,132
Andhra Pradesh,Chittoor,3317,181
Andhra Pradesh,Cuddapah,12809,648
Andhra Pradesh,East Godavari,2837,1276
Andhra Pradesh,Guntur,6385,358
Andhra Pradesh,Hyderabad,4655,418
Andhra Pradesh,K.V.Rangareddy,0,57
Andhra Pradesh,K.v. Rangareddy,7565,800
Andhra Pradesh,Karim Nagar,38,1
Andhra Pradesh,Karimnagar,3255,2
Andhra Pradesh,Khammam,4691,93
Andhra Pradesh,Krishna,7995,783
Andhra Pradesh,Kurnool,9608,1469
Andhra Pradesh,Mahabub Nagar,1379,0
Andhra Pradesh,Mahabubnagar,3272,4
Andhra Pradesh,Mahbubnagar,206,0
Andhra Pradesh,Medak,3385,5
Andhra Pradesh,Nalgonda,8782,152
Andhra Pradesh,Nellore,1384,2
Andhra Pradesh,Nizamabad,3082,0
Andhra Pradesh,Prakasam,1828,5
Andhra Pradesh,Srikakulam,445,296
Andhra Pradesh,Visakhapatnam,5958,2
Andhra Pradesh,Vizianagaram,386,22
Andhra Pradesh,Warangal,12838,4
Andhra Pradesh,West Godavari,1113,25
Assam,Baksa,2,0
Assam,Barpeta,1,0
Assam,Cachar,11,0
Assam,Dhubri,2,0
Assam,Dibrugarh,1,0
Assam,Goalpara,2,0
Assam,Golaghat,1,0
Assam,Hailakandi,2,0
Assam,Jorhat,0,1
Assam,Kamrup,4,1
Assam,Karbi Anglong,3,0
Assam,Karimganj,3,1
Assam,Kokrajhar,1,0
Assam,Lakhimpur,1,0
Assam,Marigaon,2,0
Assam,Nagaon,5,0
Assam,Nalbari,1,0
Assam,Sibsagar,2,0
Assam,Sonitpur,7,0
Assam,Tinsukia,6,0
Assam,Udalguri,3,1
Bihar,Araria,11,0
Bihar,Arwal,1893,108
Bihar,Aurangabad,99,5
Bihar,Aurangabad(BH),7,0
Bihar,Banka,26,0
Bihar,Begusarai,13,0
Bihar,Bhabua,2,0
Bihar,Bhagalpur,27,1
Bihar,Bhojpur,45,5
Bihar,Buxar,23,2
Bihar,Darbhanga,120,1
Bihar,East Champaran,47,1
Bihar,Gaya,46,0
Bihar,Gopalganj,83,0
Bihar,Jamui,9,0
Bihar,Jehanabad,8,0
Bihar,Kaimur (Bhabua),19,2
Bihar,Katihar,29,0
Bihar,Khagaria,9,1
Bihar,Kishanganj,25,0
Bihar,Lakhisarai,6,0
Bihar,Madhepura,12,0
Bihar,Madhubani,60,0
Bihar,Munger,18,1
Bihar,Muzaffarpur,38,0
Bihar,Nalanda,37,0
Bihar,Nawada,26,1
Bihar,Patna,50,2
Bihar,Purnia,12,1
Bihar,Rohtas,67,1
Bihar,Saharsa,54,0
Bihar,Samastipur,38,0
Bihar,Saran,61,3
Bihar,Sheikhpura,3805,343
Bihar,Sheohar,90,0
Bihar,Sitamarhi,59,2
Bihar,Siwan,53,2
Bihar,Supaul,10,0
Bihar,Vaishali,795,1
Bihar,West Champaran,16,2
Chandigarh,Chandigarh,1342,71
Chhattisgarh,Balod,1,0
Chhattisgarh,Baloda Bazar,1,0
Chhattisgarh,Balrampur,1,0
Chhattisgarh,Bastar,1,0
Chhattisgarh,Bemetara,24,0
Chhattisgarh,Bilaspur,439,5
Chhattisgarh,Dhamtari,3488,123
Chhattisgarh,Durg,19,0
Chhattisgarh,Janjgir-champa,2,0
Chhattisgarh,Jashpur,3,0
Chhattisgarh,Kanker,1,0
Chhattisgarh,Korba,3595,0
Chhattisgarh,Koriya,1688,144
Chhattisgarh,Mahasamund,6,0
Chhattisgarh,Mungeli ,2,1
Chhattisgarh,Raigarh,7,2
Chhattisgarh,Raipur,10,1
Chhattisgarh,Rajnandgaon,0,1
Chhattisgarh,Surajpur ,1,0
Chhattisgarh,Surguja,1,0
Dadra and Nagar Haveli,Dadra and Nagar Haveli,4,0
Daman and Diu,Daman,143,22
Daman and Diu,Diu,52,12
Delhi,Central Delhi,674,110
Delhi,East Delhi,1966,446
Delhi,Najafgarh,0,1
Delhi,New Delhi,18,0
Delhi,North Delhi,640,73
Delhi,North East,337,81
Delhi,North East Delhi,1021,190
Delhi,North West Delhi,3647,796
Delhi,South Delhi,2709,469
Delhi,South West Delhi,1147,349
Delhi,West Delhi,1914,663
Goa,Bardez,1,3
Goa,North Goa,110,188
Goa,South Goa,141,52
Gujarat,Ahmadabad,7,2
Gujarat,Ahmedabad,1046,1
Gujarat,Amreli,1064,0
Gujarat,Anand,3811,38
Gujarat,Banaskantha,1539,1
Gujarat,Bharuch,886,0
Gujarat,Bhavnagar,865,268
Gujarat,Dahod,11,0
Gujarat,Dohad,62,0
Gujarat,Gandhinagar,194,1
Gujarat,Jamnagar,654,0
Gujarat,Junagadh,1908,2
Gujarat,Kachchh,361,0
Gujarat,Kheda,182,0
Gujarat,Mahesana,4717,45
Gujarat,Narmada,356,0
Gujarat,Navsari,457,1
Gujarat,Panchmahals,282,0
Gujarat,Patan,131,1
Gujarat,Porbandar,29,0
Gujarat,Rajkot,2100,0
Gujarat,Sabarkantha,474,0
Gujarat,Surat,744,2
Gujarat,Surendra Nagar,245,0
Gujarat,Tapi,265,1
Gujarat,The Dangs,48,17
Gujarat,Vadodara,1273,1
Gujarat,Valsad,1032,119
Haryana,Ambala,1873,41
Haryana,Bhiwani,384,0
Haryana,Faridabad,1884,19
Haryana,Fatehabad,2115,1
Haryana,Gurgaon,457,0
Haryana,Hisar,996,0
Haryana,Jhajjar,1439,2
Haryana,Jind,1688,1
Haryana,Kaithal,1019,0
Haryana,Karnal,481,40
Haryana,Kurukshetra,1221,0
Haryana,Mahendragarh,652,0
Haryana,Mewat,305,0
Haryana,Palwal,402,0
Haryana,Panchkula,884,7
Haryana,Panipat,2013,0
Haryana,Rewari,1187,3
Haryana,Rohtak,1672,0
Haryana,Sirsa,1568,17
Haryana,Sonipat,1945,67
Haryana,Yamuna Nagar,1889,0
Himachal Pradesh,Bilaspur,282,29
Himachal Pradesh,Chamba,35,9
Himachal Pradesh,Hamirpur,232,5
Himachal Pradesh,Kangra,150,15
Himachal Pradesh,Kinnaur,27,0
Himachal Pradesh,Kullu,348,37
Himachal Pradesh,Lahul and Spiti,2,0
Himachal Pradesh,Mandi,522,158
Himachal Pradesh,Shimla,470,15
Himachal Pradesh,Sirmaur,297,1
Himachal Pradesh,Solan,353,136
Himachal Pradesh,Una,85,7
Jammu and Kashmir,Anantnag,6,0
Jammu and Kashmir,Badgam,1,0
Jammu and Kashmir,Bandipore,1,0
Jammu and Kashmir,Bandipur,1,0
Jammu and Kashmir,Baramula,1,0
Jammu and Kashmir,Baramulla,1,0
Jammu and Kashmir,Doda,18,0
Jammu and Kashmir,Jammu,48,3
Jammu and Kashmir,Kargil,1,0
Jammu and Kashmir,Kathua,7,0
Jammu and Kashmir,Kupwara,3,1
Jammu and Kashmir,Poonch,0,1
Jammu and Kashmir,Pulwama,3,0
Jammu and Kashmir,Punch,6,0
Jammu and Kashmir,Rajouri,4,0
Jammu and Kashmir,Udhampur,4,0
Jharkhand,Bokaro,2505,996
Jharkhand,Chatra,1659,52
Jharkhand,Deoghar,2198,40
Jharkhand,Dhanbad,794,11
Jharkhand,Dumka,2506,1
Jharkhand,East Singhbhum,8982,24
Jharkhand,Garhwa,683,1
Jharkhand,Giridih,2783,15
Jharkhand,Godda,916,28
Jharkhand,Gumla,539,32
Jharkhand,Hazaribag,1,105
Jharkhand,Hazaribagh,2515,725
Jharkhand,Jamtara,108,9
Jharkhand,Khunti,1143,78
Jharkhand,Koderma,637,9
Jharkhand,Latehar,164,0
Jharkhand,Lohardaga,1897,180
Jharkhand,Pakaur,1,0
Jharkhand,Pakur,2119,0
Jharkhand,Palamau,2,1
Jharkhand,Palamu,824,6
Jharkhand,Ramgarh,2404,335
Jharkhand,Ranchi,5696,888
Jharkhand,Sahebganj,885,1
Jharkhand,Seraikela-Kharsawan,2947,60
Jharkhand,Simdega,74,50
Jharkhand,West Singhbhum,3036,7
Karnataka,Bagalkot,109,0
Karnataka,Bangalore,2439,2
Karnataka,Bangalore Rural,141,0
Karnataka,Belgaum,621,3
Karnataka,Bellary,637,1
Karnataka,Bidar,3,0
Karnataka,Bijapur,130,2
Karnataka,Bijapur(KAR),2,0
Karnataka,Chamarajanagar,1,0
Karnataka,Chamrajanagar,25,1
Karnataka,Chickmagalur,225,0
Karnataka,Chikkaballapur,195,0
Karnataka,Chitradurga,249,1
Karnataka,Dakshina Kannada,251,1
Karnataka,Davangere,789,0
Karnataka,Dharwad,2092,131
Karnataka,Gadag,247,0
Karnataka,Gulbarga,23,1
Karnataka,Hasan,152,2
Karnataka,Hassan,1,0
Karnataka,Haveri,2752,0
Karnataka,Kodagu,15,0
Karnataka,Kolar,487,0
Karnataka,Koppal,62,1
Karnataka,Mandya,68,5
Karnataka,Mysore,1048,83
Karnataka,Raichur,8,0
Karnataka,Ramanagar,94,0
Karnataka,Shimoga,513,1
Karnataka,Tumkur,1236,92
Karnataka,Udupi,12,0
Karnataka,Uttara Kannada,1379,0
Karnataka,Yadgir,260,0
Kerala,Alappuzha,1234,68
Kerala,Ernakulam,1424,62
Kerala,Idukki,345,25
Kerala,Kannur,1645,94
Kerala,Kasaragod,291,6
Kerala,Kasargod,19,0
Kerala,Kollam,430,10
Kerala,Kottayam,1104,25
Kerala,Kozhikode,2843,182
Kerala,Malappuram,801,0
Kerala,Palakkad,1915,267
Kerala,Pathanamthitta,967,145
Kerala,Thiruvananthapuram,1623,55
Kerala,Thrissur,929,125
Kerala,Wayanad,491,83
Lakshadweep,Lakshadweep,2,0
Madhya Pradesh,Alirajpur,711,163
Madhya Pradesh,Anuppur,455,0
Madhya Pradesh,Ashok Nagar,25,0
Madhya Pradesh,Balaghat,1056,0
Madhya Pradesh,Barwani,54,21
Madhya Pradesh,Betul,1314,3
Madhya Pradesh,Bhind,584,13
Madhya Pradesh,Bhopal,2304,562
Madhya Pradesh,Burhanpur,556,129
Madhya Pradesh,Chhatarpur,1779,1
Madhya Pradesh,Chhindwara,1732,0
Madhya Pradesh,Damoh,2304,5
Madhya Pradesh,Datia,486,2
Madhya Pradesh,Dewas,109,27
Madhya Pradesh,Dhar,1478,92
Madhya Pradesh,Dindori,2513,13
Madhya Pradesh,Guna,617,50
Madhya Pradesh,Gwalior,570,0
Madhya Pradesh,Harda,854,172
Madhya Pradesh,Hoshangabad,1128,156
Madhya Pradesh,Indore,957,282
Madhya Pradesh,Jabalpur,1918,691
Madhya Pradesh,Jhabua,1402,89
Madhya Pradesh,Katni,570,10
Madhya Pradesh,Khandwa,554,158
Madhya Pradesh,Khargone,1521,98
Madhya Pradesh,Mandla,2293,1
Madhya Pradesh,Mandsaur,32,1
Madhya Pradesh,Morena,715,0
Madhya Pradesh,Narsinghpur,403,0
Madhya Pradesh,Neemuch,4,2
Madhya Pradesh,Panna,2709,6
Madhya Pradesh,Raisen,1240,8
Madhya Pradesh,Rajgarh,474,43
Madhya Pradesh,Ratlam,264,4
Madhya Pradesh,Rewa,1665,0
Madhya Pradesh,Sagar,2915,4
Madhya Pradesh,Satna,1262,14
Madhya Pradesh,Sehore,506,16
Madhya Pradesh,Seoni,1626,7
Madhya Pradesh,Shahdol,918,5
Madhya Pradesh,Shajapur,2,2
Madhya Pradesh,Sheopur,73,1
Madhya Pradesh,Shivpuri,70,4
Madhya Pradesh,Sidhi,1191,0
Madhya Pradesh,Singrauli,974,0
Madhya Pradesh,Tikamgarh,384,0
Madhya Pradesh,Ujjain,1020,22
Madhya Pradesh,Umaria,435,0
Madhya Pradesh,Vidisha,1216,152
Maharashtra,Ahmadnagar,4083,78
Maharashtra,Ahmed Nagar,69,17
Maharashtra,Akola,367,5
Maharashtra,Amravati,4784,394
Maharashtra,Aurangabad,5746,695
Maharashtra,Beed,2379,14
Maharashtra,Bhandara,235,0
Maharashtra,Buldhana,449,2
Maharashtra,Chandrapur,1503,9
Maharashtra,Dhule,620,560
Maharashtra,Gadchiroli,75,0
Maharashtra,Gondia,36,15
Maharashtra,Gondiya,3719,487
Maharashtra,Hingoli,14,0
Maharashtra,Jalgaon,5050,420
Maharashtra,Jalna,1549,108
Maharashtra,Kolhapur,1808,2
Maharashtra,Latur,2498,671
Maharashtra,Mumbai,18960,1666
Maharashtra,Mumbai City,41,3
Maharashtra,Mumbai( Sub Urban ),2,0
Maharashtra,Nagpur,1070,23
Maharashtra,Nanded,364,6
Maharashtra,Nandurbar,4426,704
Maharashtra,Nashik,1753,28
Maharashtra,Osmanabad,781,9
Maharashtra,Parbhani,218,8
Maharashtra,Pune,13966,1071
Maharashtra,Raigarh,1223,37
Maharashtra,Raigarh(MH),6,4
Maharashtra,Ratnagiri,438,49
Maharashtra,Sangli,2361,6
Maharashtra,Satara,2239,18
Maharashtra,Sindhudurg,474,0
Maharashtra,Solapur,1309,9
Maharashtra,Thane,4647,335
Maharashtra,Wardha,843,589
Maharashtra,Washim,187,3
Maharashtra,Yavatmal,344,1
Manipur,Chandel,1,0
Manipur,Churachandpur,1,0
Manipur,Thoubal,3,0
Meghalaya,East Khasi Hills,223,0
Meghalaya,West Garo Hills,1,0
Nagaland,Dimapur,315,0
Nagaland,Kiphire,13,0
Nagaland,Kohima,50,0
Nagaland,Mokokchung,117,0
Nagaland,Phek,51,0
Nagaland,Tuensang,1,0
Nagaland,Wokha,32,0
Nagaland,Zunheboto,26,0
Odisha,Angul,4,0
Odisha,Balangir,163,0
Odisha,Baleswar,178,1
Odisha,Bargarh,4307,0
Odisha,Bhadrak,552,1
Odisha,Cuttack,352,5
Odisha,Dhenkanal,4,0
Odisha,Gajapati,7,0
Odisha,Ganjam,3540,0
Odisha,Jagatsinghapur,643,2
Odisha,Jajapur,17,0
Odisha,Jharsuguda,1,0
Odisha,Kalahandi,2,0
Odisha,Kandhamal,12971,5
Odisha,Kendrapara,644,1
Odisha,Kendujhar,687,0
Odisha,Khorda,13,0
Odisha,Khordha,392,1
Odisha,Koraput,272,0
Odisha,Mayurbhanj,63,0
Odisha,Nabarangapur,55,0
Odisha,Nayagarh,3,0
Odisha,Puri,2124,38
Odisha,Rayagada,1,0
Odisha,Sambalpur,4,0
Odisha,Sonapur,10,0
Odisha,Sundergarh,2086,0
Others,Others,23,157
Puducherry,Puducherry,69,16
Puducherry,Yanam,4,0
Punjab,Amritsar,960,1
Punjab,Barnala,660,164
Punjab,Bathinda,182,35
Punjab,Faridkot,108,4
Punjab,Fatehgarh Sahib,475,88
Punjab,Fazilka,450,1
Punjab,Ferozepur,152,0
Punjab,Gurdaspur,5916,364
Punjab,Hoshiarpur,789,4
Punjab,Jalandhar,4734,159
Punjab,Kapurthala,104,0
Punjab,Ludhiana,1390,4
Punjab,Mansa,841,1
Punjab,Moga,333,17
Punjab,Muktsar,10,1
Punjab,Nawanshahr,2,0
Punjab,Pathankot,226,59
Punjab,Patiala,573,6
Punjab,Rupnagar,200,0
Punjab,SAS Nagar (Mohali),279,1
Punjab,Sangrur,596,0
Punjab,Shaheed Bhagat Singh Nagar,74,34
Punjab,Sri Muktsar Sahib,401,2
Punjab,Tarn Taran,129,2
Rajasthan,Ajmer,5650,660
Rajasthan,Alwar,9550,1503
Rajasthan,Banswara,927,0
Rajasthan,Baran,501,13
Rajasthan,Barmer,3042,4
Rajasthan,Bharatpur,521,7
Rajasthan,Bhilwara,2035,1
Rajasthan,Bikaner,967,2
Rajasthan,Bundi,1150,4
Rajasthan,Chittorgarh,1250,4
Rajasthan,Churu,988,2
Rajasthan,Dausa,1099,55
Rajasthan,Dholpur,458,0
Rajasthan,Dungarpur,318,0
Rajasthan,Ganganagar,2009,1
Rajasthan,Hanumangarh,678,0
Rajasthan,Jaipur,5735,128
Rajasthan,Jaisalmer,699,0
Rajasthan,Jalor,1755,0
Rajasthan,Jhalawar,614,4
Rajasthan,Jhunjhunu,91,1
Rajasthan,Jhunjhunun,5814,319
Rajasthan,Jodhpur,1985,3
Rajasthan,Karauli,577,3
Rajasthan,Kota,5896,1393
Rajasthan,Nagaur,2434,115
Rajasthan,Pali,7484,785
Rajasthan,Pratapgarh,205,0
Rajasthan,Rajsamand,1867,1
Rajasthan,Sawai Madhopur,721,14
Rajasthan,Sikar,2486,14
Rajasthan,Sirohi,1037,0
Rajasthan,Tonk,511,31
Rajasthan,Udaipur,13072,1592
Sikkim,East Sikkim,210,4
Sikkim,North Sikkim,85,0
Sikkim,South Sikkim,91,0
Sikkim,West Sikkim,51,0
Tamil Nadu,Ariyalur,785,5
Tamil Nadu,Chennai,392,1
Tamil Nadu,Coimbatore,1549,0
Tamil Nadu,Cuddalore,166,0
Tamil Nadu,Dharmapuri,10,0
Tamil Nadu,Dindigul,209,0
Tamil Nadu,Erode,314,0
Tamil Nadu,Kancheepuram,309,42
Tamil Nadu,Kanchipuram,35,0
Tamil Nadu,Kanniyakumari,954,2
Tamil Nadu,Kanyakumari,802,0
Tamil Nadu,Karur,146,0
Tamil Nadu,Krishnagiri,771,0
Tamil Nadu,Madurai,1383,0
Tamil Nadu,Nagapattinam,230,0
Tamil Nadu,Namakkal,797,0
Tamil Nadu,Nilgiris,1,0
Tamil Nadu,Pudukkottai,4,0
Tamil Nadu,Ramanathapuram,553,0
Tamil Nadu,Salem,608,0
Tamil Nadu,Sivaganga,496,0
Tamil Nadu,Thanjavur,142,0
Tamil Nadu,The Nilgiris,687,0
Tamil Nadu,Theni,381,0
Tamil Nadu,Thiruvarur,1748,0
Tamil Nadu,Thoothukkudi,1029,0
Tamil Nadu,Tiruchirappalli,1565,23
Tamil Nadu,Tirunelveli,2680,0
Tamil Nadu,Tiruppur,580,0
Tamil Nadu,Tiruvallur,651,0
Tamil Nadu,Tiruvannamalai,654,0
Tamil Nadu,Tiruvarur,1275,0
Tamil Nadu,Vellore,565,0
Tamil Nadu,Villupuram,672,0
Tamil Nadu,Viluppuram,580,0
Tamil Nadu,Virudhunagar,396,0
Tripura,Dhalai,218,15
Tripura,Gomati,4,0
Tripura,Khowai,261,238
Tripura,North Tripura,225,80
Tripura,Sepahijala,6,0
Tripura,South Tripura,1,0
Tripura,Unakoti,1,0
Tripura,West Tripura,280,25
Uttar Pradesh,Agra,127,0
Uttar Pradesh,Aligarh,36,0
Uttar Pradesh,Allahabad,63,0
Uttar Pradesh,Ambedkar Nagar,15,0
Uttar Pradesh,Amethi,2357,55
Uttar Pradesh,Amroha,5,0
Uttar Pradesh,Auraiya,12,1
Uttar Pradesh,Azamgarh,138,1
Uttar Pradesh,Baghpat,16,0
Uttar Pradesh,Bahraich,26,7
Uttar Pradesh,Ballia,133,2
Uttar Pradesh,Balrampur,17,0
Uttar Pradesh,Banda,18,0
Uttar Pradesh,Bara Banki,16,0
Uttar Pradesh,Bareilly,385,1
Uttar Pradesh,Basti,865,0
Uttar Pradesh,Bijnor,855,1
Uttar Pradesh,Budaun,20,0
Uttar Pradesh,Bulandshahar,1,0
Uttar Pradesh,Bulandshahr,20,0
Uttar Pradesh,Chandauli,89,0
Uttar Pradesh,Chitrakoot,1801,24
Uttar Pradesh,Deoria,40,1
Uttar Pradesh,Etah,17,0
Uttar Pradesh,Etawah,1570,101
Uttar Pradesh,Faizabad,214,1
Uttar Pradesh,Farrukhabad,9,0
Uttar Pradesh,Fatehpur,354,1
Uttar Pradesh,Firozabad,7,2
Uttar Pradesh,Gautam Buddha Nagar,257,0
Uttar Pradesh,Ghaziabad,444,102
Uttar Pradesh,Ghazipur,123,0
Uttar Pradesh,Gonda,92,5
Uttar Pradesh,Gorakhpur,66,3
Uttar Pradesh,Hamirpur,17,0
Uttar Pradesh,Hardoi,72,0
Uttar Pradesh,Hathras,12,0
Uttar Pradesh,Jalaun,12,0
Uttar Pradesh,Jaunpur,115,2
Uttar Pradesh,Jhansi,9,0
Uttar Pradesh,Jyotiba Phule Nagar,1,0
Uttar Pradesh,Kannauj,13,0
Uttar Pradesh,Kanpur Dehat,4,0
Uttar Pradesh,Kanpur Nagar,23,4
Uttar Pradesh,Kasganj,6,0
Uttar Pradesh,Kaushambi,58,0
Uttar Pradesh,Kheri,13,0
Uttar Pradesh,Kushinagar,32,1
Uttar Pradesh,Lalitpur,1,0
Uttar Pradesh,Lucknow,37,1
Uttar Pradesh,Maharajganj,425,0
Uttar Pradesh,Mahoba,28,0
Uttar Pradesh,Mahrajganj,1,0
Uttar Pradesh,Mainpuri,31,0
Uttar Pradesh,Mathura,95,0
Uttar Pradesh,Mau,27,0
Uttar Pradesh,Meerut,166,0
Uttar Pradesh,Mirzapur,28,0
Uttar Pradesh,Moradabad,14,0
Uttar Pradesh,Muzaffarnagar,21,0
Uttar Pradesh,Pilibhit,496,0
Uttar Pradesh,Pratapgarh,51,0
Uttar Pradesh,Rae Bareli,6211,167
Uttar Pradesh,Raebareli,2,0
Uttar Pradesh,Rampur,2,0
Uttar Pradesh,Saharanpur,12,1
Uttar Pradesh,Sambhal,4,0
Uttar Pradesh,Sant Kabir Nagar,1586,39
Uttar Pradesh,Sant Ravidas Nagar,447,2
Uttar Pradesh,Shahjahanpur,152,0
Uttar Pradesh,Shamli,5,1
Uttar Pradesh,Shrawasti,5647,253
Uttar Pradesh,Siddharthnagar,33,0
Uttar Pradesh,Sitapur,49,0
Uttar Pradesh,Sonbhadra,45,0
Uttar Pradesh,Sultanpur,46,1
Uttar Pradesh,Unnao,11,0
Uttar Pradesh,Varanasi,270,0
Uttarakhand,Almora,20,0
Uttarakhand,Bageshwar,1754,22
Uttarakhand,Chamoli,4,1
Uttarakhand,Champawat,517,21
Uttarakhand,Dehradun,188,1
Uttarakhand,Garhwal,2,0
Uttarakhand,Hardwar,3,0
Uttarakhand,Haridwar,407,4
Uttarakhand,Nainital,11,1
Uttarakhand,Pauri Garhwal,13,1
Uttarakhand,Pithoragarh,12,0
Uttarakhand,Rudraprayag,4,0
Uttarakhand,Tehri Garhwal,1910,27
Uttarakhand,Udham Singh Nagar,140,21
Uttarakhand,Uttarkashi,1,0
West Bengal,Bally Jagachha,1,0
West Bengal,Bankura,12,0
West Bengal,Barddhaman,162,0
West Bengal,Bardhaman,63,0
West Bengal,Birbhum,649,0
West Bengal,Cooch Behar,1411,61
West Bengal,Dakshin Dinajpur,178,0
West Bengal,Darjeeling,198,0
West Bengal,East Midnapore,385,0
West Bengal,Hooghly,2408,0
West Bengal,Howrah,851,1
West Bengal,Jalpaiguri,258,25
West Bengal,Kolkata,207,14
West Bengal,Malda,126,0
West Bengal,Medinipur,2378,0
West Bengal,Murshidabad,1699,2
West Bengal,Nadia,2273,0
West Bengal,North 24 Parganas,3178,1
West Bengal,North Dinajpur,13,0
West Bengal,Paschim Medinipur,32,1
West Bengal,Purba Medinipur,16,0
West Bengal,Purulia,351,0
West Bengal,Puruliya,119,0
West Bengal,South 24 Parganas,2074,2
West Bengal,South Twenty Four Parganas,9433,0
West Bengal,Uttar Dinajpur,175,0
West Bengal,West Midnapore,575,1
