State,District,Aadhaar generated,Enrolment Rejected
Andaman and Nicobar Islands,Andamans,0,1
Andhra Pradesh,Adilabad,4508,586
Andhra Pradesh,Anantapur,0,13
Andhra Pradesh,Ananthapur,4953,1233
Andhra Pradesh,Chittoor,1837,728
Andhra Pradesh,Cuddapah,6113,2980
Andhra Pradesh,East Godavari,3404,969
Andhra Pradesh,Guntur,3658,1026
Andhra Pradesh,Hyderabad,4834,1009
Andhra Pradesh,K.V.Rangareddy,1,10
Andhra Pradesh,K.v. Rangareddy,8583,1743
Andhra Pradesh,Karim Nagar,3,6
Andhra Pradesh,Karimnagar,3842,197
Andhra Pradesh,Khammam,8119,611
Andhra Pradesh,Krishna,1609,757
Andhra Pradesh,Kurnool,7249,2370
Andhra Pradesh,Mahabub Nagar,17,28
Andhra Pradesh,Mahabubnagar,2683,420
Andhra Pradesh,Mahbubnagar,6,15
Andhra Pradesh,Medak,5461,362
Andhra Pradesh,Nalgonda,4717,910
Andhra Pradesh,Nellore,6513,1385
Andhra Pradesh,Nizamabad,5702,315
Andhra Pradesh,Prakasam,6722,318
Andhra Pradesh,Srikakulam,498,647
Andhra Pradesh,Visakhapatnam,9739,1706
Andhra Pradesh,Vizianagaram,234,252
Andhra Pradesh,Warangal,3910,1294
Andhra Pradesh,West Godavari,4105,357
Arunachal Pradesh,East Siang,1,0
Arunachal Pradesh,Lower Dibang Valley,1,0
Arunachal Pradesh,Lower Subansiri,3,0
Arunachal Pradesh,Papum Pare,3,0
Arunachal Pradesh,Tirap,1,0
Arunachal Pradesh,Upper Subansiri,1,0
Assam,Baksa,9,1
Assam,Barpeta,7,0
Assam,Bongaigaon,5,0
Assam,Cachar,34,0
Assam,Chirang,4,0
Assam,Darrang,3,1
Assam,Dhemaji,5,0
Assam,Dhubri,13,0
Assam,Dibrugarh,4,0
Assam,Goalpara,2,0
Assam,Golaghat,5,0
Assam,Hailakandi,6,0
Assam,Jorhat,8,0
Assam,Kamrup,12,0
Assam,Kamrup Metro,4,0
Assam,Karbi Anglong,5,1
Assam,Karimganj,10,0
Assam,Kokrajhar,1,0
Assam,Lakhimpur,6,0
Assam,Marigaon,3,0
Assam,Nagaon,15,0
Assam,Nalbari,2,0
Assam,Sibsagar,1,0
Assam,Sonitpur,14,0
Assam,Tinsukia,2,0
Assam,Udalguri,7,0
Bihar,Araria,46,2
Bihar,Arwal,2116,109
Bihar,Aurangabad,96,4
Bihar,Aurangabad(BH),5,0
Bihar,Banka,71,3
Bihar,Begusarai,76,3
Bihar,Bhabua,1,0
Bihar,Bhagalpur,106,1
Bihar,Bhojpur,118,4
Bihar,Buxar,61,4
Bihar,Darbhanga,645,67
Bihar,East Champaran,197,5
Bihar,Gaya,201,7
Bihar,Gopalganj,414,5
Bihar,Jamui,200,3
Bihar,Jehanabad,32,4
Bihar,Kaimur (Bhabua),29,4
Bihar,Katihar,115,4
Bihar,Khagaria,35,1
Bihar,Kishanganj,143,3
Bihar,Lakhisarai,47,4
Bihar,Madhepura,34,1
Bihar,Madhubani,301,15
Bihar,Munger,49,0
Bihar,Muzaffarpur,151,5
Bihar,Nalanda,400,9
Bihar,Nawada,52,4
Bihar,Patna,146,5
Bihar,Purnia,44,2
Bihar,Rohtas,159,15
Bihar,Saharsa,56,3
Bihar,Samastipur,137,5
Bihar,Saran,157,2
Bihar,Sheikhpura,3637,197
Bihar,Sheohar,2728,143
Bihar,Sitamarhi,177,7
Bihar,Siwan,119,3
Bihar,Supaul,56,1
Bihar,Vaishali,1145,27
Bihar,West Champaran,99,0
Chandigarh,Chandigarh,537,57
Chhattisgarh,Balod,18,1
Chhattisgarh,Baloda Bazar,9,0
Chhattisgarh,Balrampur,1,0
Chhattisgarh,Bastar,1,0
Chhattisgarh,Bemetara,8,2
Chhattisgarh,Bilaspur,50,1
Chhattisgarh,Dhamtari,3096,137
Chhattisgarh,Durg,240,4
Chhattisgarh,Janjgir-champa,6,1
Chhattisgarh,Jashpur,4,2
Chhattisgarh,Kanker,2,0
Chhattisgarh,Kawardha,2,0
Chhattisgarh,Korba,928,0
Chhattisgarh,Koriya,5801,79
Chhattisgarh,Mahasamund,1,0
Chhattisgarh,Mungeli ,1,0
Chhattisgarh,Raigarh,160,7
Chhattisgarh,Raipur,27,1
Chhattisgarh,Rajnandgaon,88,1
Chhattisgarh,Surajpur ,3,0
Chhattisgarh,Surguja,3,0
Dadra and Nagar Haveli,Dadra and Nagar Haveli,171,47
Daman and Diu,Daman,13,46
Daman and Diu,Diu,36,43
Delhi,Central Delhi,501,605
Delhi,East Delhi,1113,1964
Delhi,Najafgarh,135,30
Delhi,New Delhi,56,13
Delhi,North Delhi,378,683
Delhi,North East,158,1847
Delhi,North East Delhi,938,654
Delhi,North West Delhi,2400,4759
Delhi,South Delhi,1935,1629
Delhi,South West Delhi,942,700
Delhi,West Delhi,1172,1617
Goa,Bardez,15,0
Goa,North Goa,834,166
Goa,South Goa,587,85
Gujarat,Ahmadabad,39,0
Gujarat,Ahmedabad,5335,67
Gujarat,Amreli,2050,15
Gujarat,Anand,4706,347
Gujarat,Banaskantha,2671,32
Gujarat,Bharuch,1307,41
Gujarat,Bhavnagar,5728,90
Gujarat,Dahod,78,2
Gujarat,Dohad,553,21
Gujarat,Gandhinagar,4567,7
Gujarat,Jamnagar,1879,34
Gujarat,Junagadh,4835,69
Gujarat,Kachchh,1451,17
Gujarat,Kheda,1383,15
Gujarat,Mahesana,3627,132
Gujarat,Narmada,1230,12
Gujarat,Navsari,1275,17
Gujarat,Panchmahals,2009,39
Gujarat,Patan,1450,44
Gujarat,Porbandar,318,33
Gujarat,Rajkot,5246,122
Gujarat,Sabarkantha,2591,6
Gujarat,Surat,4889,38
Gujarat,Surendra Nagar,3581,25
Gujarat,Tapi,1327,10
Gujarat,The Dangs,1431,8
Gujarat,Vadodara,939,25
Gujarat,Valsad,6076,305
Haryana,Ambala,455,69
Haryana,Bhiwani,4910,9
Haryana,Faridabad,7941,99
Haryana,Fatehabad,1462,21
Haryana,Gurgaon,2381,50
Haryana,Hisar,1989,22
Haryana,Jhajjar,2227,41
Haryana,Jind,3389,24
Haryana,Kaithal,2674,19
Haryana,Karnal,3050,37
Haryana,Kurukshetra,1382,50
Haryana,Mahendragarh,1490,13
Haryana,Mewat,2292,5
Haryana,Palwal,1312,10
Haryana,Panchkula,1102,30
Haryana,Panipat,6422,88
Haryana,Rewari,2053,17
Haryana,Rohtak,2200,68
Haryana,Sirsa,1260,54
Haryana,Sonipat,591,200
Haryana,Yamuna Nagar,1538,9
Himachal Pradesh,Bilaspur,11,9
Himachal Pradesh,Chamba,676,10
Himachal Pradesh,Hamirpur,54,7
Himachal Pradesh,Kangra,2170,28
Himachal Pradesh,Kinnaur,9,0
Himachal Pradesh,Kullu,939,133
Himachal Pradesh,Lahul and Spiti,4,0
Himachal Pradesh,Mandi,752,179
Himachal Pradesh,Shimla,1196,27
Himachal Pradesh,Sirmaur,433,20
Himachal Pradesh,Solan,50,17
Himachal Pradesh,Una,25,8
Jammu and Kashmir,Anantnag,104,0
Jammu and Kashmir,Badgam,7,0
Jammu and Kashmir,Bandipore,1,0
Jammu and Kashmir,Baramula,5,0
Jammu and Kashmir,Doda,174,6
Jammu and Kashmir,Jammu,1424,2
Jammu and Kashmir,Kargil,439,0
Jammu and Kashmir,Kathua,16,0
Jammu and Kashmir,Kupwara,1,0
Jammu and Kashmir,Leh,2,0
Jammu and Kashmir,Pulwama,1236,2
Jammu and Kashmir,Punch,7,0
Jammu and Kashmir,Rajouri,9,0
Jammu and Kashmir,Srinagar,3,0
Jammu and Kashmir,Udhampur,5,0
Jharkhand,Bokaro,5137,481
Jharkhand,Chatra,6732,256
Jharkhand,Deoghar,5708,591
Jharkhand,Dhanbad,1884,128
Jharkhand,Dumka,1541,165
Jharkhand,East Singhbhum,18297,240
Jharkhand,Garhwa,1667,38
Jharkhand,Giridih,8365,426
Jharkhand,Godda,2223,123
Jharkhand,Gumla,1431,110
Jharkhand,Hazaribag,8,3
Jharkhand,Hazaribagh,1165,211
Jharkhand,Jamtara,1601,93
Jharkhand,Khunti,368,109
Jharkhand,Kodarma,1,3
Jharkhand,Koderma,316,86
Jharkhand,Latehar,1780,49
Jharkhand,Lohardaga,1010,168
Jharkhand,Pakaur,0,1
Jharkhand,Pakur,3382,53
Jharkhand,Palamau,35,1
Jharkhand,Palamu,1623,67
Jharkhand,Ramgarh,1790,224
Jharkhand,Ranchi,2539,364
Jharkhand,Sahebganj,3844,43
Jharkhand,Seraikela-Kharsawan,2151,570
Jharkhand,Simdega,347,69
Jharkhand,West Singhbhum,7458,273
Karnataka,Bagalkot,515,83
Karnataka,Bangalore,11677,569
Karnataka,Bangalore Rural,1172,402
Karnataka,Belgaum,3399,265
Karnataka,Bellary,2563,55
Karnataka,Bidar,73,37
Karnataka,Bijapur,281,42
Karnataka,Bijapur(KAR),2,17
Karnataka,Chamrajanagar,440,24
Karnataka,Chickmagalur,1992,23
Karnataka,Chikkaballapur,1099,282
Karnataka,Chitradurga,707,71
Karnataka,Dakshina Kannada,2860,246
Karnataka,Davangere,219,262
Karnataka,Dharwad,2510,657
Karnataka,Gadag,1547,1966
Karnataka,Gulbarga,957,42
Karnataka,Hasan,807,33
Karnataka,Hassan,3,0
Karnataka,Haveri,285,408
Karnataka,Kodagu,429,79
Karnataka,Kolar,630,106
Karnataka,Koppal,348,58
Karnataka,Mandya,1773,50
Karnataka,Mysore,800,355
Karnataka,Raichur,353,25
Karnataka,Ramanagar,687,32
Karnataka,Shimoga,960,27
Karnataka,Tumkur,856,418
Karnataka,Udupi,103,8
Karnataka,Uttara Kannada,174,38
Karnataka,Yadgir,60,529
Kerala,Alappuzha,2287,2451
Kerala,Ernakulam,924,441
Kerala,Idukki,175,117
Kerala,Kannur,754,470
Kerala,Kasaragod,6596,463
Kerala,Kasargod,96,218
Kerala,Kollam,2683,1142
Kerala,Kottayam,633,61
Kerala,Kozhikode,545,1567
Kerala,Malappuram,12863,726
Kerala,Palakkad,1219,73
Kerala,Pathanamthitta,1196,406
Kerala,Thiruvananthapuram,1002,1236
Kerala,Thrissur,2004,242
Kerala,Wayanad,234,1501
Lakshadweep,Lakshadweep,5,1
Madhya Pradesh,Alirajpur,1692,8
Madhya Pradesh,Anuppur,970,43
Madhya Pradesh,Ashok Nagar,406,3
Madhya Pradesh,Balaghat,2766,74
Madhya Pradesh,Barwani,173,11
Madhya Pradesh,Betul,1495,25
Madhya Pradesh,Bhind,772,38
Madhya Pradesh,Bhopal,2257,392
Madhya Pradesh,Burhanpur,2044,154
Madhya Pradesh,Chhatarpur,1816,63
Madhya Pradesh,Chhindwara,3055,67
Madhya Pradesh,Damoh,1761,26
Madhya Pradesh,Datia,990,31
Madhya Pradesh,Dewas,369,25
Madhya Pradesh,Dhar,3060,156
Madhya Pradesh,Dindori,1424,72
Madhya Pradesh,Guna,823,44
Madhya Pradesh,Gwalior,1914,113
Madhya Pradesh,Harda,3452,96
Madhya Pradesh,Hoshangabad,929,325
Madhya Pradesh,Indore,2383,140
Madhya Pradesh,Jabalpur,2974,397
Madhya Pradesh,Jhabua,2091,38
Madhya Pradesh,Katni,894,19
Madhya Pradesh,Khandwa,1438,221
Madhya Pradesh,Khargone,3934,34
Madhya Pradesh,Mandla,779,29
Madhya Pradesh,Mandsaur,121,18
Madhya Pradesh,Morena,708,57
Madhya Pradesh,Narsinghpur,1002,69
Madhya Pradesh,Neemuch,11,4
Madhya Pradesh,Panna,1198,42
Madhya Pradesh,Raisen,1394,45
Madhya Pradesh,Rajgarh,117,16
Madhya Pradesh,Ratlam,506,13
Madhya Pradesh,Rewa,5752,87
Madhya Pradesh,Sagar,1843,88
Madhya Pradesh,Satna,3278,62
Madhya Pradesh,Sehore,2138,35
Madhya Pradesh,Seoni,1171,26
Madhya Pradesh,Shahdol,1634,25
Madhya Pradesh,Shajapur,25,3
Madhya Pradesh,Sheopur,327,1
Madhya Pradesh,Shivpuri,411,23
Madhya Pradesh,Sidhi,3124,50
Madhya Pradesh,Singrauli,1083,8
Madhya Pradesh,Tikamgarh,1097,19
Madhya Pradesh,Ujjain,1576,72
Madhya Pradesh,Umaria,2106,11
Madhya Pradesh,Vidisha,614,75
Maharashtra,Ahmadnagar,6596,348
Maharashtra,Ahmed Nagar,30,115
Maharashtra,Akola,4940,100
Maharashtra,Amravati,1543,330
Maharashtra,Aurangabad,12343,1654
Maharashtra,Beed,3368,112
Maharashtra,Bhandara,1335,452
Maharashtra,Buldhana,3342,73
Maharashtra,Chandrapur,2402,261
Maharashtra,Dhule,2205,582
Maharashtra,Gadchiroli,264,23
Maharashtra,Gondia,32,1
Maharashtra,Gondiya,1906,299
Maharashtra,Hingoli,140,11
Maharashtra,Jalgaon,12902,1502
Maharashtra,Jalna,2279,821
Maharashtra,Kolhapur,9996,200
Maharashtra,Latur,6064,1000
Maharashtra,Mumbai,17715,1498
Maharashtra,Mumbai City,14,0
Maharashtra,Mumbai( Sub Urban ),4,0
Maharashtra,Nagpur,7817,641
Maharashtra,Nanded,4394,96
Maharashtra,Nandurbar,5426,599
Maharashtra,Nashik,6039,294
Maharashtra,Osmanabad,2301,220
Maharashtra,Parbhani,1361,59
Maharashtra,Pune,25636,2153
Maharashtra,Raigarh,4598,107
Maharashtra,Raigarh(MH),165,11
Maharashtra,Ratnagiri,917,85
Maharashtra,Sangli,3245,540
Maharashtra,Satara,3874,130
Maharashtra,Sindhudurg,7309,22
Maharashtra,Solapur,1763,1319
Maharashtra,Thane,17563,861
Maharashtra,Wardha,1337,335
Maharashtra,Washim,1610,28
Maharashtra,Yavatmal,6466,67
Manipur,Bishnupur,5,0
Manipur,Chandel,10,0
Manipur,Churachandpur,59,0
Manipur,Imphal East,217,1
Manipur,Imphal West,704,0
Manipur,Senapati,7,0
Manipur,Tamenglong,95,0
Manipur,Thoubal,6,0
Manipur,Ukhrul,4,0
Meghalaya,East Khasi Hills,2,0
Meghalaya,Jaintia Hills,1,0
Meghalaya,West Garo Hills,2,0
Meghalaya,West Khasi Hills,1,0
Mizoram,Aizawl,10,0
Mizoram,Champhai,4,0
Mizoram,Kolasib,1,0
Mizoram,Lunglei,1,0
Nagaland,Dimapur,10,20
Nagaland,Kohima,36,9
Nagaland,Mokokchung,7,0
Nagaland,Mon,13,0
Nagaland,Phek,4,1
Nagaland,Tuensang,1,0
Nagaland,Wokha,3,0
Nagaland,Zunheboto,805,60
Odisha,Angul,16,0
Odisha,Balangir,5,21
Odisha,Baleswar,75,140
Odisha,Bargarh,2081,26
Odisha,Bhadrak,36,840
Odisha,Boudh,2,0
Odisha,Cuttack,158,251
Odisha,Debagarh,1,0
Odisha,Dhenkanal,36,10
Odisha,Gajapati,4,0
Odisha,Ganjam,732,272
Odisha,Jagatsinghapur,44,54
Odisha,Jajapur,80,4
Odisha,Jharsuguda,1,0
Odisha,Kalahandi,3,0
Odisha,Kandhamal,2159,25
Odisha,Kendrapara,1604,26
Odisha,Kendujhar,106,47
Odisha,Khorda,28,5
Odisha,Khordha,61,102
Odisha,Koraput,4,15
Odisha,Malkangiri,1,0
Odisha,Mayurbhanj,147,12
Odisha,Nabarangapur,99,3
Odisha,Nayagarh,258,43
Odisha,Nuapada,4,0
Odisha,Puri,202,258
Odisha,Rayagada,2,1
Odisha,Sambalpur,10,1
Odisha,Sonapur,217,619
Odisha,Sundergarh,169,80
Others,Others,4,2171
Puducherry,Karaikal,1,0
Puducherry,Pondicherry,0,2
Puducherry,Puducherry,349,74
Puducherry,Yanam,38,102
Punjab,Amritsar,3664,128
Punjab,Barnala,703,166
Punjab,Bathinda,917,129
Punjab,Faridkot,1069,55
Punjab,Fatehgarh Sahib,346,23
Punjab,Fazilka,1556,143
Punjab,Ferozepur,1225,50
Punjab,Gurdaspur,1832,239
Punjab,Hoshiarpur,5606,81
Punjab,Jalandhar,4083,307
Punjab,Kapurthala,984,47
Punjab,Ludhiana,3655,219
Punjab,Mansa,3471,71
Punjab,Moga,1082,68
Punjab,Muktsar,13,0
Punjab,Pathankot,579,90
Punjab,Patiala,5816,179
Punjab,Rupnagar,1406,38
Punjab,SAS Nagar (Mohali),1660,38
Punjab,Sangrur,4142,61
Punjab,Shaheed Bhagat Singh Nagar,106,30
Punjab,Sri Muktsar Sahib,1669,140
Punjab,Tarn Taran,1396,73
Rajasthan,Ajmer,1459,177
Rajasthan,Alwar,6011,511
Rajasthan,Banswara,3394,17
Rajasthan,Baran,1174,46
Rajasthan,Barmer,3259,107
Rajasthan,Bharatpur,2095,21
Rajasthan,Bhilwara,5097,88
Rajasthan,Bikaner,2568,108
Rajasthan,Bundi,510,54
Rajasthan,Chittorgarh,1266,52
Rajasthan,Churu,2311,122
Rajasthan,Dausa,3381,143
Rajasthan,Dholpur,1162,19
Rajasthan,Dungarpur,2038,17
Rajasthan,Ganganagar,5978,77
Rajasthan,Hanumangarh,6479,49
Rajasthan,Jaipur,8459,405
Rajasthan,Jaisalmer,346,7
Rajasthan,Jalor,1093,112
Rajasthan,Jhalawar,2679,62
Rajasthan,Jhunjhunu,91,6
Rajasthan,Jhunjhunun,4751,412
Rajasthan,Jodhpur,9328,137
Rajasthan,Karauli,1212,36
Rajasthan,Kota,5290,1151
Rajasthan,Nagaur,6574,136
Rajasthan,Pali,13740,813
Rajasthan,Pratapgarh,1491,11
Rajasthan,Rajsamand,541,107
Rajasthan,Sawai Madhopur,1368,55
Rajasthan,Sikar,7278,113
Rajasthan,Sirohi,614,38
Rajasthan,Tonk,1491,81
Rajasthan,Udaipur,2861,364
Sikkim,East Sikkim,306,9
Sikkim,North Sikkim,29,4
Sikkim,South Sikkim,99,8
Sikkim,West Sikkim,41,11
Tamil Nadu,Ariyalur,194,47
Tamil Nadu,Chennai,4503,500
Tamil Nadu,Coimbatore,6713,727
Tamil Nadu,Cuddalore,9,85
Tamil Nadu,Dharmapuri,8,67
Tamil Nadu,Dindigul,11,267
Tamil Nadu,Erode,2661,3154
Tamil Nadu,Kancheepuram,115,57
Tamil Nadu,Kanchipuram,0,1
Tamil Nadu,Kanniyakumari,2077,18
Tamil Nadu,Kanyakumari,294,3
Tamil Nadu,Karur,112,19
Tamil Nadu,Krishnagiri,812,140
Tamil Nadu,Madurai,48,25
Tamil Nadu,Nagapattinam,6,10
Tamil Nadu,Namakkal,71,24
Tamil Nadu,Nilgiris,1,2
Tamil Nadu,Perambalur,3,8
Tamil Nadu,Pudukkottai,234,457
Tamil Nadu,Ramanathapuram,875,49
Tamil Nadu,Salem,3011,778
Tamil Nadu,Sivaganga,7,3
Tamil Nadu,Thanjavur,756,896
Tamil Nadu,The Nilgiris,1819,66
Tamil Nadu,Theni,7,12
Tamil Nadu,Thiruvarur,3,1
Tamil Nadu,Thoothukkudi,1391,11
Tamil Nadu,Tiruchirappalli,21,38
Tamil Nadu,Tirunelveli,5108,245
Tamil Nadu,Tiruppur,1688,73
Tamil Nadu,Tiruvallur,2878,1074
Tamil Nadu,Tiruvannamalai,4262,175
Tamil Nadu,Vellore,859,307
Tamil Nadu,Villupuram,1,0
Tamil Nadu,Viluppuram,491,93
Tamil Nadu,Virudhunagar,110,17
Tripura,Dhalai,676,50
Tripura,Gomati,16,5
Tripura,Khowai,230,125
Tripura,North Tripura,111,63
Tripura,Sepahijala,71,2
Tripura,South Tripura,41,0
Tripura,Unakoti,19,1
Tripura,West Tripura,901,71
Uttar Pradesh,Agra,67,3
Uttar Pradesh,Aligarh,107,36
Uttar Pradesh,Allahabad,255,6
Uttar Pradesh,Ambedkar Nagar,97,3
Uttar Pradesh,Amethi,1363,67
Uttar Pradesh,Amroha,16,0
Uttar Pradesh,Auraiya,41,4
Uttar Pradesh,Azamgarh,616,41
Uttar Pradesh,Baghpat,34,0
Uttar Pradesh,Bahraich,129,1
Uttar Pradesh,Ballia,1179,57
Uttar Pradesh,Balrampur,118,0
Uttar Pradesh,Banda,61,3
Uttar Pradesh,Bara Banki,288,39
Uttar Pradesh,Barabanki,1,4
Uttar Pradesh,Bareilly,89,17
Uttar Pradesh,Basti,174,8
Uttar Pradesh,Bijnor,222,63
Uttar Pradesh,Budaun,48,0
Uttar Pradesh,Bulandshahar,2,0
Uttar Pradesh,Bulandshahr,81,5
Uttar Pradesh,Chandauli,998,116
Uttar Pradesh,Chitrakoot,1299,25
Uttar Pradesh,Deoria,146,9
Uttar Pradesh,Etah,31,2
Uttar Pradesh,Etawah,2958,407
Uttar Pradesh,Faizabad,2114,81
Uttar Pradesh,Farrukhabad,51,1
Uttar Pradesh,Fatehpur,254,7
Uttar Pradesh,Firozabad,32,17
Uttar Pradesh,Gautam Buddha Nagar,436,5
Uttar Pradesh,Ghaziabad,1412,135
Uttar Pradesh,Ghazipur,562,35
Uttar Pradesh,Gonda,1371,9
Uttar Pradesh,Gorakhpur,443,16
Uttar Pradesh,Hamirpur,11,1
Uttar Pradesh,Hardoi,47,9
Uttar Pradesh,Hathras,43,0
Uttar Pradesh,Jalaun,41,0
Uttar Pradesh,Jaunpur,309,6
Uttar Pradesh,Jhansi,39,2
Uttar Pradesh,Kannauj,50,3
Uttar Pradesh,Kanpur Dehat,35,1
Uttar Pradesh,Kanpur Nagar,91,35
Uttar Pradesh,Kasganj,21,0
Uttar Pradesh,Kaushambi,1385,4
Uttar Pradesh,Kheri,14,0
Uttar Pradesh,Kushinagar,141,1
Uttar Pradesh,Lalitpur,3,0
Uttar Pradesh,Lucknow,91,14
Uttar Pradesh,Maharajganj,1775,8
Uttar Pradesh,Mahoba,225,37
Uttar Pradesh,Mahrajganj,1,0
Uttar Pradesh,Mainpuri,111,19
Uttar Pradesh,Mathura,167,2
Uttar Pradesh,Mau,65,2
Uttar Pradesh,Meerut,293,73
Uttar Pradesh,Mirzapur,98,0
Uttar Pradesh,Moradabad,15,2
Uttar Pradesh,Muzaffarnagar,53,4
Uttar Pradesh,Pilibhit,30,856
Uttar Pradesh,Pratapgarh,129,20
Uttar Pradesh,Rae Bareli,4544,392
Uttar Pradesh,Raebareli,2,0
Uttar Pradesh,Rampur,14,0
Uttar Pradesh,Saharanpur,39,3
Uttar Pradesh,Sambhal,19,1
Uttar Pradesh,Sant Kabir Nagar,1433,53
Uttar Pradesh,Sant Ravidas Nagar,1347,8
Uttar Pradesh,Sant Ravidas Nagar Bhadohi,5,0
Uttar Pradesh,Shahjahanpur,16,2
Uttar Pradesh,Shamli,10,0
Uttar Pradesh,Shrawasti,15056,193
Uttar Pradesh,Siddharthnagar,177,3
Uttar Pradesh,Sitapur,14,21
Uttar Pradesh,Sonbhadra,67,1
Uttar Pradesh,Sultanpur,88,5
Uttar Pradesh,Unnao,66,8
Uttar Pradesh,Varanasi,607,62
Uttarakhand,Almora,55,2
Uttarakhand,Bageshwar,95,9
Uttarakhand,Chamoli,12,1
Uttarakhand,Champawat,584,67
Uttarakhand,Dehradun,76,28
Uttarakhand,Hardwar,1,0
Uttarakhand,Haridwar,33,4
Uttarakhand,Nainital,27,5
Uttarakhand,Pauri Garhwal,42,6
Uttarakhand,Pithoragarh,38,3
Uttarakhand,Rudraprayag,16,0
Uttarakhand,Tehri Garhwal,204,12
Uttarakhand,Udham Singh Nagar,585,206
Uttarakhand,Uttarkashi,5,0
West Bengal,Bally Jagachha,14,0
West Bengal,Bankura,33,0
West Bengal,Barddhaman,359,2
West Bengal,Bardhaman,78,1
West Bengal,Birbhum,7046,1
West Bengal,Cooch Behar,276,30
West Bengal,Dakshin Dinajpur,1359,20
West Bengal,Darjeeling,244,7
West Bengal,East Midnapore,549,489
West Bengal,Hooghly,1306,14
West Bengal,Howrah,5916,669
West Bengal,Jalpaiguri,46,7
West Bengal,Kolkata,620,24
West Bengal,Malda,3345,69
West Bengal,Medinipur,2574,6
West Bengal,Murshidabad,12005,21
West Bengal,Nadia,4258,83
West Bengal,North 24 Parganas,889,71
West Bengal,North Dinajpur,1,0
West Bengal,Paschim Medinipur,124,3
West Bengal,Purba Medinipur,90,1
West Bengal,Purulia,7425,47
West Bengal,Puruliya,1989,0
West Bengal,South 24 Parganas,9463,2
West Bengal,South Twenty Four Parganas,16729,177
West Bengal,Uttar Dinajpur,2475,42
West Bengal,West Midnapore,693,2
