State,District,Aadhaar generated,Enrolment Rejected
Andaman and Nicobar Islands,North And Middle Andaman,1,0
Andhra Pradesh,Adilabad,4353,33
Andhra Pradesh,Anantapur,33,0
Andhra Pradesh,Ananthapur,3228,34
Andhra Pradesh,Chittoor,4715,4
Andhra Pradesh,Cuddapah,8132,36
Andhra Pradesh,East Godavari,3825,28
Andhra Pradesh,Guntur,771,20
Andhra Pradesh,Hyderabad,5786,64
Andhra Pradesh,K.V.Rangareddy,5,0
Andhra Pradesh,K.v. Rangareddy,7618,55
Andhra Pradesh,Karim Nagar,13,0
Andhra Pradesh,Karimnagar,3395,0
Andhra Pradesh,Khammam,6637,30
Andhra Pradesh,Krishna,1463,18
Andhra Pradesh,Kurnool,14943,4
Andhra Pradesh,Mahabub Nagar,250,0
Andhra Pradesh,Mahabubnagar,2969,2
Andhra Pradesh,Mahbubnagar,122,0
Andhra Pradesh,Medak,3225,1
Andhra Pradesh,Nalgonda,9997,0
Andhra Pradesh,Nellore,9214,0
Andhra Pradesh,Nizamabad,2468,0
Andhra Pradesh,Prakasam,5085,1
Andhra Pradesh,Srikakulam,762,4
Andhra Pradesh,Visakhapatnam,6987,4
Andhra Pradesh,Vizianagaram,1732,0
Andhra Pradesh,Warangal,13547,0
Andhra Pradesh,West Godavari,4081,2
Arunachal Pradesh,Lohit,1,0
Arunachal Pradesh,Papum Pare,1,0
Arunachal Pradesh,West Siang,1,0
Assam,Baksa,2,0
Assam,Barpeta,2,0
Assam,Bongaigaon,8,0
Assam,Cachar,15,0
Assam,Dhubri,2,0
Assam,Dibrugarh,4,0
Assam,Goalpara,3,0
Assam,Golaghat,1,0
Assam,Hailakandi,7,0
Assam,Jorhat,1,0
Assam,Kamrup,8,0
Assam,Kamrup Metro,4,0
Assam,Karimganj,9,0
Assam,Kokrajhar,2,0
Assam,Lakhimpur,1,0
Assam,Marigaon,1,0
Assam,Nagaon,8,0
Assam,Nalbari,3,0
Assam,Sibsagar,1,0
Assam,Sonitpur,5,0
Assam,Tinsukia,2,0
Assam,Udalguri,4,0
Bihar,Araria,16,0
Bihar,Arwal,1617,6
Bihar,Aurangabad,48,1
Bihar,Aurangabad(BH),3,0
Bihar,Banka,37,0
Bihar,Begusarai,39,0
Bihar,Bhabua,1,0
Bihar,Bhagalpur,39,1
Bihar,Bhojpur,42,0
Bihar,Buxar,27,0
Bihar,Darbhanga,285,0
Bihar,East Champaran,97,0
Bihar,Gaya,64,0
Bihar,Gopalganj,115,0
Bihar,Jamui,89,0
Bihar,Jehanabad,16,0
Bihar,Kaimur (Bhabua),16,0
Bihar,Katihar,800,0
Bihar,Khagaria,24,0
Bihar,Kishanganj,32,0
Bihar,Lakhisarai,15,0
Bihar,Madhepura,16,0
Bihar,Madhubani,108,0
Bihar,Munger,17,0
Bihar,Muzaffarpur,62,0
Bihar,Nalanda,51,2
Bihar,Nawada,33,0
Bihar,Patna,84,0
Bihar,Purnia,13,0
Bihar,Rohtas,87,0
Bihar,Saharsa,40,0
Bihar,Samastipur,59,0
Bihar,Saran,67,0
Bihar,Sheikhpura,1198,6
Bihar,Sheohar,2927,5
Bihar,Sitamarhi,49,1
Bihar,Siwan,75,1
Bihar,Supaul,25,0
Bihar,Vaishali,43,0
Bihar,West Champaran,37,0
Chandigarh,Chandigarh,455,2
Chandigarh,Mohali,2,0
Chhattisgarh,Balod,3,0
Chhattisgarh,Baloda Bazar,3,0
Chhattisgarh,Bemetara,98,1
Chhattisgarh,Bijapur,2,0
Chhattisgarh,Bilaspur,17,0
Chhattisgarh,Dhamtari,3483,10
Chhattisgarh,Durg,16,0
Chhattisgarh,Janjgir-champa,6,0
Chhattisgarh,Jashpur,5,0
Chhattisgarh,Korba,137,0
Chhattisgarh,Koriya,4849,3
Chhattisgarh,Mahasamund,31,0
Chhattisgarh,Raigarh,1,0
Chhattisgarh,Raipur,7,0
Chhattisgarh,Rajnandgaon,637,0
Chhattisgarh,Surajpur ,1,0
Chhattisgarh,Surguja,2,0
Dadra and Nagar Haveli,Dadra and Nagar Haveli,303,1
Daman and Diu,Daman,14,0
Daman and Diu,Diu,51,0
Delhi,Central Delhi,1293,1
Delhi,East Delhi,5167,2
Delhi,Najafgarh,135,0
Delhi,New Delhi,17,0
Delhi,North Delhi,764,0
Delhi,North East,2619,0
Delhi,North East Delhi,1223,23
Delhi,North West Delhi,6880,16
Delhi,South Delhi,3569,4
Delhi,South West Delhi,1671,0
Delhi,West Delhi,4886,2
Goa,North Goa,274,0
Goa,South Goa,292,0
Gujarat,Ahmadabad,6,2
Gujarat,Ahmedabad,1379,0
Gujarat,Amreli,8,0
Gujarat,Anand,5410,14
Gujarat,Banaskantha,487,0
Gujarat,Bharuch,450,0
Gujarat,Bhavnagar,400,26
Gujarat,Dahod,113,0
Gujarat,Dohad,1061,0
Gujarat,Gandhinagar,1229,0
Gujarat,Jamnagar,206,0
Gujarat,Junagadh,2379,0
Gujarat,Kachchh,193,0
Gujarat,Kheda,139,0
Gujarat,Mahesana,3041,2
Gujarat,Narmada,150,0
Gujarat,Navsari,985,4
Gujarat,Panchmahals,383,0
Gujarat,Patan,914,0
Gujarat,Porbandar,593,0
Gujarat,Rajkot,2879,0
Gujarat,Sabarkantha,353,0
Gujarat,Surat,739,0
Gujarat,Surendra Nagar,672,0
Gujarat,Tapi,880,0
Gujarat,The Dangs,22,16
Gujarat,Vadodara,1495,1
Gujarat,Valsad,653,155
Haryana,Ambala,1099,0
Haryana,Bhiwani,408,0
Haryana,Faridabad,849,0
Haryana,Fatehabad,2967,0
Haryana,Gurgaon,825,1
Haryana,Hisar,968,0
Haryana,Jhajjar,1409,0
Haryana,Jind,866,0
Haryana,Kaithal,2118,0
Haryana,Karnal,612,0
Haryana,Kurukshetra,1309,0
Haryana,Mahendragarh,430,0
Haryana,Mewat,6,0
Haryana,Palwal,576,0
Haryana,Panchkula,1950,0
Haryana,Panipat,831,1
Haryana,Rewari,951,1
Haryana,Rohtak,576,0
Haryana,Sirsa,1655,4
Haryana,Sonipat,1163,0
Haryana,Yamuna Nagar,1064,0
Himachal Pradesh,Bilaspur,33,1
Himachal Pradesh,Chamba,187,0
Himachal Pradesh,Hamirpur,19,0
Himachal Pradesh,Kangra,968,0
Himachal Pradesh,Kinnaur,27,0
Himachal Pradesh,Kullu,710,30
Himachal Pradesh,Lahul and Spiti,6,0
Himachal Pradesh,Mandi,364,36
Himachal Pradesh,Shimla,858,11
Himachal Pradesh,Sirmaur,582,4
Himachal Pradesh,Solan,76,3
Himachal Pradesh,Una,10,0
Jammu and Kashmir,Anantnag,3,0
Jammu and Kashmir,Badgam,2,0
Jammu and Kashmir,Bandipore,2,0
Jammu and Kashmir,Baramula,2,0
Jammu and Kashmir,Doda,5,0
Jammu and Kashmir,Jammu,181,0
Jammu and Kashmir,Kargil,3,0
Jammu and Kashmir,Kathua,7,0
Jammu and Kashmir,Kupwara,1,0
Jammu and Kashmir,Leh,2,0
Jammu and Kashmir,Poonch,1,0
Jammu and Kashmir,Pulwama,1,0
Jammu and Kashmir,Punch,2,0
Jammu and Kashmir,Rajouri,4,0
Jammu and Kashmir,Srinagar,2,0
Jammu and Kashmir,Udhampur,2,0
Jharkhand,Bokaro,1185,32
Jharkhand,Chatra,1606,5
Jharkhand,Deoghar,1099,1
Jharkhand,Dhanbad,1843,3
Jharkhand,Dumka,856,1
Jharkhand,East Singhbhum,4389,6
Jharkhand,Garhwa,50,0
Jharkhand,Giridih,5206,120
Jharkhand,Godda,1690,7
Jharkhand,Gumla,340,4
Jharkhand,Hazaribag,39,0
Jharkhand,Hazaribagh,603,39
Jharkhand,Jamtara,735,8
Jharkhand,Khunti,469,3
Jharkhand,Kodarma,2,0
Jharkhand,Koderma,1101,139
Jharkhand,Latehar,206,0
Jharkhand,Lohardaga,836,5
Jharkhand,Pakur,578,0
Jharkhand,Palamau,7,0
Jharkhand,Palamu,1565,0
Jharkhand,Ramgarh,821,3
Jharkhand,Ranchi,3084,9
Jharkhand,Sahebganj,816,0
Jharkhand,Seraikela-Kharsawan,2362,12
Jharkhand,Simdega,565,0
Jharkhand,West Singhbhum,1754,40
Karnataka,Bagalkot,572,0
Karnataka,Bangalore,7619,1
Karnataka,Bangalore Rural,6100,0
Karnataka,Belgaum,3517,0
Karnataka,Bellary,1704,0
Karnataka,Bidar,97,0
Karnataka,Bijapur,602,0
Karnataka,Bijapur(KAR),24,0
Karnataka,Chamrajanagar,210,2
Karnataka,Chickmagalur,537,0
Karnataka,Chikkaballapur,4661,0
Karnataka,Chitradurga,1794,0
Karnataka,Dakshina Kannada,7870,0
Karnataka,Davangere,8368,0
Karnataka,Dharwad,417,4
Karnataka,Gadag,435,0
Karnataka,Gulbarga,251,0
Karnataka,Hasan,496,0
Karnataka,Hassan,2,0
Karnataka,Haveri,1469,0
Karnataka,Kodagu,486,0
Karnataka,Kolar,1073,0
Karnataka,Koppal,349,0
Karnataka,Mandya,868,2
Karnataka,Mysore,232,28
Karnataka,Raichur,565,0
Karnataka,Ramanagar,555,1
Karnataka,Shimoga,794,0
Karnataka,Tumkur,397,3
Karnataka,Udupi,95,0
Karnataka,Uttara Kannada,351,0
Karnataka,Yadgir,5978,0
Kerala,Alappuzha,1612,0
Kerala,Ernakulam,1207,0
Kerala,Idukki,646,0
Kerala,Kannur,1074,0
Kerala,Kasaragod,1155,0
Kerala,Kasargod,662,0
Kerala,Kollam,1997,1
Kerala,Kottayam,329,1
Kerala,Kozhikode,1985,0
Kerala,Malappuram,15633,0
Kerala,Palakkad,552,0
Kerala,Pathanamthitta,913,42
Kerala,Thiruvananthapuram,6133,0
Kerala,Thrissur,1443,1
Kerala,Wayanad,216,18
Lakshadweep,Lakshadweep,1,0
Madhya Pradesh,Alirajpur,494,10
Madhya Pradesh,Anuppur,112,0
Madhya Pradesh,Ashok Nagar,57,0
Madhya Pradesh,Balaghat,489,2
Madhya Pradesh,Barwani,83,0
Madhya Pradesh,Betul,234,1
Madhya Pradesh,Bhind,1205,0
Madhya Pradesh,Bhopal,1981,56
Madhya Pradesh,Burhanpur,684,61
Madhya Pradesh,Chhatarpur,728,15
Madhya Pradesh,Chhindwara,1168,8
Madhya Pradesh,Damoh,862,0
Madhya Pradesh,Datia,3106,0
Madhya Pradesh,Dewas,69,0
Madhya Pradesh,Dhar,906,4
Madhya Pradesh,Dindori,1021,0
Madhya Pradesh,Guna,182,0
Madhya Pradesh,Gwalior,1075,1
Madhya Pradesh,Harda,246,7
Madhya Pradesh,Hoshangabad,393,7
Madhya Pradesh,Indore,1455,0
Madhya Pradesh,Jabalpur,841,27
Madhya Pradesh,Jhabua,828,19
Madhya Pradesh,Katni,632,0
Madhya Pradesh,Khandwa,237,9
Madhya Pradesh,Khargone,1342,7
Madhya Pradesh,Mandla,300,0
Madhya Pradesh,Mandsaur,76,0
Madhya Pradesh,Morena,221,0
Madhya Pradesh,Narsinghpur,476,0
Madhya Pradesh,Neemuch,26,0
Madhya Pradesh,Panna,1361,0
Madhya Pradesh,Raisen,1071,0
Madhya Pradesh,Rajgarh,230,0
Madhya Pradesh,Ratlam,80,0
Madhya Pradesh,Rewa,1917,0
Madhya Pradesh,Sagar,4751,0
Madhya Pradesh,Satna,1759,0
Madhya Pradesh,Sehore,1017,0
Madhya Pradesh,Seoni,2494,14
Madhya Pradesh,Shahdol,593,2
Madhya Pradesh,Shajapur,5,0
Madhya Pradesh,Sheopur,26,0
Madhya Pradesh,Shivpuri,148,0
Madhya Pradesh,Sidhi,919,0
Madhya Pradesh,Singrauli,667,0
Madhya Pradesh,Tikamgarh,279,0
Madhya Pradesh,Ujjain,205,0
Madhya Pradesh,Umaria,745,0
Madhya Pradesh,Vidisha,533,1
Maharashtra,Ahmadnagar,4098,2
Maharashtra,Ahmed Nagar,492,0
Maharashtra,Akola,1041,0
Maharashtra,Amravati,2855,2
Maharashtra,Aurangabad,3876,38
Maharashtra,Beed,1453,0
Maharashtra,Bhandara,1899,0
Maharashtra,Buldhana,1159,1
Maharashtra,Chandrapur,2666,1
Maharashtra,Dhule,988,7
Maharashtra,Gadchiroli,868,0
Maharashtra,Gondia,15,0
Maharashtra,Gondiya,978,6
Maharashtra,Hingoli,100,0
Maharashtra,Jalgaon,4276,47
Maharashtra,Jalna,706,7
Maharashtra,Kolhapur,5300,2
Maharashtra,Latur,6229,22
Maharashtra,Mumbai,12265,109
Maharashtra,Mumbai City,7,0
Maharashtra,Mumbai( Sub Urban ),3,0
Maharashtra,Nagpur,3827,6
Maharashtra,Nanded,1727,0
Maharashtra,Nandurbar,3150,1
Maharashtra,Nashik,3437,11
Maharashtra,Osmanabad,3141,1
Maharashtra,Parbhani,362,1
Maharashtra,Pune,13313,316
Maharashtra,Raigarh,2219,1
Maharashtra,Raigarh(MH),880,0
Maharashtra,Ratnagiri,455,5
Maharashtra,Sangli,3257,3
Maharashtra,Satara,5901,1
Maharashtra,Sindhudurg,257,3
Maharashtra,Solapur,6207,4
Maharashtra,Thane,10618,26
Maharashtra,Wardha,692,0
Maharashtra,Washim,1562,0
Maharashtra,Yavatmal,1506,0
Manipur,Bishnupur,1,0
Manipur,Churachandpur,2,0
Manipur,Imphal East,19,0
Manipur,Imphal West,176,0
Manipur,Senapati,1,0
Manipur,Tamenglong,6,0
Manipur,Thoubal,2,0
Manipur,Ukhrul,1,0
Meghalaya,East Khasi Hills,1,0
Meghalaya,West Garo Hills,4,0
Mizoram,Aizawl,5,0
Mizoram,Kolasib,3,0
Mizoram,Lawngtlai,1,0
Mizoram,Serchhip,1,0
Nagaland,Dimapur,141,0
Nagaland,Kiphire,2,0
Nagaland,Kohima,191,0
Nagaland,Mokokchung,78,0
Nagaland,Mon,7,0
Nagaland,Phek,68,0
Nagaland,Tuensang,1,0
Nagaland,Wokha,25,0
Nagaland,Zunheboto,44,0
Odisha,Angul,8,0
Odisha,Anugul,3,0
Odisha,Balangir,693,0
Odisha,Baleswar,1331,5
Odisha,Bargarh,1412,0
Odisha,Bhadrak,5588,6
Odisha,Cuttack,938,0
Odisha,Debagarh,2,0
Odisha,Dhenkanal,23,0
Odisha,Gajapati,5,0
Odisha,Ganjam,2528,0
Odisha,Jagatsinghapur,4644,90
Odisha,Jajapur,34,0
Odisha,Jharsuguda,1,0
Odisha,Kandhamal,709,2
Odisha,Kendrapara,1531,25
Odisha,Kendujhar,8782,17
Odisha,Khorda,21,0
Odisha,Khordha,208,0
Odisha,Koraput,1032,0
Odisha,Mayurbhanj,1557,42
Odisha,Nabarangapur,2,0
Odisha,Nayagarh,9,0
Odisha,Nuapada,1,0
Odisha,Puri,1619,0
Odisha,Rayagada,5,0
Odisha,Sambalpur,25,0
Odisha,Sonapur,6940,0
Odisha,Sundergarh,6819,0
Others,Others,0,569
Puducherry,Karaikal,1,0
Puducherry,Pondicherry,7,0
Puducherry,Puducherry,613,0
Puducherry,Yanam,66,1
Punjab,Amritsar,2818,3
Punjab,Barnala,740,17
Punjab,Bathinda,1876,3
Punjab,Faridkot,531,0
Punjab,Fatehgarh Sahib,188,0
Punjab,Fazilka,311,9
Punjab,Ferozepur,1223,2
Punjab,Gurdaspur,2358,9
Punjab,Hoshiarpur,1767,3
Punjab,Jalandhar,1812,20
Punjab,Kapurthala,914,0
Punjab,Ludhiana,3887,3
Punjab,Mansa,2457,0
Punjab,Moga,1554,7
Punjab,Muktsar,13,0
Punjab,Pathankot,187,9
Punjab,Patiala,2796,1
Punjab,Rupnagar,406,0
Punjab,SAS Nagar (Mohali),2450,5
Punjab,Sangrur,1996,1
Punjab,Shaheed Bhagat Singh Nagar,262,5
Punjab,Sri Muktsar Sahib,806,2
Punjab,Tarn Taran,714,2
Rajasthan,Ajmer,1079,0
Rajasthan,Alwar,2865,64
Rajasthan,Banswara,371,0
Rajasthan,Baran,797,10
Rajasthan,Barmer,3057,0
Rajasthan,Bharatpur,1069,1
Rajasthan,Bhilwara,1389,0
Rajasthan,Bikaner,2019,0
Rajasthan,Bundi,100,0
Rajasthan,Chittorgarh,1052,0
Rajasthan,Churu,5315,0
Rajasthan,Dausa,2309,4
Rajasthan,Dholpur,218,0
Rajasthan,Dungarpur,122,0
Rajasthan,Ganganagar,913,0
Rajasthan,Hanumangarh,3101,0
Rajasthan,Jaipur,4184,2
Rajasthan,Jaisalmer,101,0
Rajasthan,Jalor,2362,1
Rajasthan,Jhalawar,584,76
Rajasthan,Jhunjhunu,53,0
Rajasthan,Jhunjhunun,4037,15
Rajasthan,Jodhpur,2429,5
Rajasthan,Karauli,901,0
Rajasthan,Kota,2942,215
Rajasthan,Nagaur,1715,0
Rajasthan,Pali,8645,146
Rajasthan,Pratapgarh,51,0
Rajasthan,Rajsamand,836,0
Rajasthan,Sawai Madhopur,371,0
Rajasthan,Sikar,2609,1
Rajasthan,Sirohi,446,0
Rajasthan,Tonk,1286,2
Rajasthan,Udaipur,1682,0
Sikkim,East Sikkim,124,0
Sikkim,North Sikkim,37,0
Sikkim,South Sikkim,84,0
Sikkim,West Sikkim,160,0
Tamil Nadu,Ariyalur,185,0
Tamil Nadu,Chennai,12714,0
Tamil Nadu,Coimbatore,2385,1
Tamil Nadu,Cuddalore,617,0
Tamil Nadu,Dharmapuri,1,0
Tamil Nadu,Dindigul,93,0
Tamil Nadu,Erode,4387,0
Tamil Nadu,Kancheepuram,1523,3
Tamil Nadu,Kanchipuram,296,0
Tamil Nadu,Kanniyakumari,1311,0
Tamil Nadu,Kanyakumari,193,0
Tamil Nadu,Karur,11,0
Tamil Nadu,Krishnagiri,9,0
Tamil Nadu,Madurai,335,0
Tamil Nadu,Nagapattinam,103,0
Tamil Nadu,Namakkal,398,0
Tamil Nadu,Nilgiris,188,0
Tamil Nadu,Perambalur,167,0
Tamil Nadu,Pudukkottai,8,0
Tamil Nadu,Ramanathapuram,4502,0
Tamil Nadu,Salem,1260,0
Tamil Nadu,Sivaganga,42,0
Tamil Nadu,Thanjavur,1443,0
Tamil Nadu,The Nilgiris,1430,0
Tamil Nadu,Theni,111,0
Tamil Nadu,Thiruvarur,32,0
Tamil Nadu,Thoothukkudi,669,0
Tamil Nadu,Tiruchirappalli,2650,0
Tamil Nadu,Tirunelveli,884,0
Tamil Nadu,Tiruppur,8258,0
Tamil Nadu,Tiruvallur,4232,0
Tamil Nadu,Tiruvannamalai,5694,0
Tamil Nadu,Tiruvarur,109,0
Tamil Nadu,Vellore,7177,0
Tamil Nadu,Villupuram,4,0
Tamil Nadu,Viluppuram,1513,0
Tamil Nadu,Virudhunagar,2990,0
Tripura,Dhalai,540,3
Tripura,Gomati,3,0
Tripura,Khowai,702,17
Tripura,North Tripura,202,26
Tripura,Sepahijala,17,0
Tripura,South Tripura,6,0
Tripura,Unakoti,8,0
Tripura,West Tripura,499,3
Uttar Pradesh,Agra,40,0
Uttar Pradesh,Aligarh,33,0
Uttar Pradesh,Allahabad,128,0
Uttar Pradesh,Ambedkar Nagar,60,0
Uttar Pradesh,Amethi,3011,0
Uttar Pradesh,Amroha,9,0
Uttar Pradesh,Auraiya,39,0
Uttar Pradesh,Azamgarh,214,0
Uttar Pradesh,Baghpat,16,0
Uttar Pradesh,Bahraich,71,0
Uttar Pradesh,Ballia,228,0
Uttar Pradesh,Balrampur,48,0
Uttar Pradesh,Banda,21,1
Uttar Pradesh,Bara Banki,118,0
Uttar Pradesh,Barabanki,6,0
Uttar Pradesh,Bareilly,22,0
Uttar Pradesh,Basti,94,1
Uttar Pradesh,Bijnor,952,1
Uttar Pradesh,Budaun,38,0
Uttar Pradesh,Bulandshahr,22,0
Uttar Pradesh,Chandauli,33,0
Uttar Pradesh,Chitrakoot,2177,8
Uttar Pradesh,Deoria,66,0
Uttar Pradesh,Etah,22,0
Uttar Pradesh,Etawah,1562,4
Uttar Pradesh,Faizabad,217,0
Uttar Pradesh,Farrukhabad,18,0
Uttar Pradesh,Fatehpur,1222,0
Uttar Pradesh,Firozabad,15,0
Uttar Pradesh,Gautam Buddha Nagar,107,0
Uttar Pradesh,Ghaziabad,576,3
Uttar Pradesh,Ghazipur,69,0
Uttar Pradesh,Gonda,228,0
Uttar Pradesh,Gorakhpur,85,0
Uttar Pradesh,Hamirpur,6,0
Uttar Pradesh,Hardoi,123,0
Uttar Pradesh,Hathras,23,0
Uttar Pradesh,Jalaun,16,0
Uttar Pradesh,Jaunpur,101,0
Uttar Pradesh,Jhansi,30,0
Uttar Pradesh,Kannauj,17,0
Uttar Pradesh,Kanpur Dehat,12,0
Uttar Pradesh,Kanpur Nagar,63,0
Uttar Pradesh,Kasganj,8,0
Uttar Pradesh,Kaushambi,917,0
Uttar Pradesh,Kheri,8,0
Uttar Pradesh,Kushinagar,68,0
Uttar Pradesh,Lalitpur,5,0
Uttar Pradesh,Lucknow,57,0
Uttar Pradesh,Maharajganj,414,0
Uttar Pradesh,Mahoba,26,0
Uttar Pradesh,Mainpuri,43,0
Uttar Pradesh,Mathura,12,0
Uttar Pradesh,Mau,39,0
Uttar Pradesh,Meerut,2853,0
Uttar Pradesh,Mirzapur,36,0
Uttar Pradesh,Moradabad,15,0
Uttar Pradesh,Muzaffarnagar,34,0
Uttar Pradesh,Pilibhit,277,0
Uttar Pradesh,Pratapgarh,2104,0
Uttar Pradesh,Rae Bareli,2710,38
Uttar Pradesh,Raebareli,3,0
Uttar Pradesh,Rampur,9,0
Uttar Pradesh,Saharanpur,149,0
Uttar Pradesh,Sambhal,10,0
Uttar Pradesh,Sant Kabir Nagar,1987,2
Uttar Pradesh,Sant Ravidas Nagar,1483,0
Uttar Pradesh,Shahjahanpur,8,0
Uttar Pradesh,Shamli,12,0
Uttar Pradesh,Shrawasti,5889,12
Uttar Pradesh,Siddharthnagar,59,1
Uttar Pradesh,Sitapur,10,0
Uttar Pradesh,Sonbhadra,17,0
Uttar Pradesh,Sultanpur,56,0
Uttar Pradesh,Unnao,31,0
Uttar Pradesh,Varanasi,37,0
Uttarakhand,Almora,18,0
Uttarakhand,Bageshwar,117,0
Uttarakhand,Chamoli,10,1
Uttarakhand,Champawat,749,0
Uttarakhand,Dehradun,1226,0
Uttarakhand,Garhwal,1,0
Uttarakhand,Hardwar,1,0
Uttarakhand,Haridwar,13,0
Uttarakhand,Nainital,16,0
Uttarakhand,Pauri Garhwal,22,0
Uttarakhand,Pithoragarh,8,0
Uttarakhand,Rudraprayag,3,0
Uttarakhand,Tehri Garhwal,1632,1
Uttarakhand,Udham Singh Nagar,551,1
Uttarakhand,Uttarkashi,5,0
West Bengal,Bankura,17,0
West Bengal,Barddhaman,156,0
West Bengal,Bardhaman,159,0
West Bengal,Birbhum,28,0
West Bengal,Cooch Behar,1556,0
West Bengal,Dakshin Dinajpur,1300,0
West Bengal,Darjeeling,165,0
West Bengal,East Midnapore,409,1
West Bengal,Hooghly,1662,0
West Bengal,Howrah,3241,0
West Bengal,Jalpaiguri,211,0
West Bengal,Kolkata,284,4
West Bengal,Malda,949,0
West Bengal,Medinipur,134,2
West Bengal,Murshidabad,2816,0
West Bengal,Nadia,1610,0
West Bengal,North 24 Parganas,1902,1
West Bengal,North Dinajpur,31,0
West Bengal,Paschim Medinipur,37,0
West Bengal,Purba Medinipur,59,0
West Bengal,Purulia,3,0
West Bengal,Puruliya,15,0
West Bengal,South 24 Parganas,28,0
West Bengal,South Dinajpur,16,0
West Bengal,South Twenty Four Parganas,38782,0
West Bengal,Uttar Dinajpur,901,0
West Bengal,West Midnapore,120,1
