State,District,Aadhaar generated,Enrolment Rejected
Andhra Pradesh,Adilabad,8100,334
Andhra Pradesh,Anantapur,13,1
Andhra Pradesh,Ananthapur,1349,1935
Andhra Pradesh,Chittoor,4022,682
Andhra Pradesh,Cuddapah,8293,1609
Andhra Pradesh,East Godavari,5662,353
Andhra Pradesh,Guntur,2016,808
Andhra Pradesh,Hyderabad,11250,568
Andhra Pradesh,K.V.Rangareddy,21,1
Andhra Pradesh,K.v. Rangareddy,14013,792
Andhra Pradesh,Karimnagar,32,6
Andhra Pradesh,Khammam,482,257
Andhra Pradesh,Krishna,2738,735
Andhra Pradesh,Kurnool,5426,201
Andhra Pradesh,Mahabubnagar,53,21
Andhra Pradesh,Medak,23,84
Andhra Pradesh,Nalgonda,1774,125
Andhra Pradesh,Nellore,89,3
Andhra Pradesh,Nizamabad,18,0
Andhra Pradesh,Prakasam,23,8
Andhra Pradesh,Srikakulam,561,373
Andhra Pradesh,Visakhapatnam,128,79
Andhra Pradesh,Vizianagaram,4800,20
Andhra Pradesh,Warangal,39,2
Andhra Pradesh,West Godavari,41,6
Assam,Baksa,2,0
Assam,Cachar,1,0
Assam,Dhemaji,2,0
Assam,Dhubri,2,0
Assam,Dibrugarh,2,0
Assam,Golaghat,1,0
Assam,Jorhat,2,0
Assam,Kamrup,3,0
Assam,Kokrajhar,1,0
Assam,Nagaon,1,0
Assam,Sonitpur,0,1
Assam,Tinsukia,3,0
Assam,Udalguri,1,0
Bihar,Araria,3,1
Bihar,Arwal,409,84
Bihar,Aurangabad,259,3
Bihar,Aurangabad(BH),1,0
Bihar,Banka,11,2
Bihar,Begusarai,12,0
Bihar,Bhagalpur,16,0
Bihar,Bhojpur,19,0
Bihar,Buxar,7,0
Bihar,Darbhanga,39,1
Bihar,East Champaran,37,0
Bihar,Gaya,33,1
Bihar,Gopalganj,11,1
Bihar,Jamui,8,0
Bihar,Jehanabad,10,0
Bihar,Kaimur (Bhabua),10,2
Bihar,Katihar,26,2
Bihar,Khagaria,6,0
Bihar,Kishanganj,11,1
Bihar,Lakhisarai,6,2
Bihar,Madhepura,2,1
Bihar,Madhubani,42,1
Bihar,Munger,6,0
Bihar,Muzaffarpur,26,0
Bihar,Nalanda,16,1
Bihar,Nawada,14,1
Bihar,Patna,28,2
Bihar,Purnia,5,1
Bihar,Rohtas,12,1
Bihar,Saharsa,2,0
Bihar,Samastipur,14,0
Bihar,Saran,17,1
Bihar,Sheikhpura,2931,79
Bihar,Sheohar,6034,177
Bihar,Sitamarhi,34,5
Bihar,Siwan,16,1
Bihar,Supaul,2,0
Bihar,Vaishali,18,2
Bihar,West Champaran,5,0
Chandigarh,Chandigarh,497,61
Chhattisgarh,Bemetara,1,0
Chhattisgarh,Bilaspur,85,0
Chhattisgarh,Dantewada,1,0
Chhattisgarh,Dhamtari,1097,84
Chhattisgarh,Durg,11,4
Chhattisgarh,Janjgir-champa,3,0
Chhattisgarh,Korba,1,0
Chhattisgarh,Koriya,6996,43
Chhattisgarh,Raigarh,0,3
Chhattisgarh,Raipur,4,1
Chhattisgarh,Rajnandgaon,7,0
Dadra and Nagar Haveli,Dadra and Nagar Haveli,6,0
Daman and Diu,Daman,141,28
Daman and Diu,Diu,149,30
Delhi,Central Delhi,1388,59
Delhi,East Delhi,2564,139
Delhi,New Delhi,6,0
Delhi,North Delhi,611,50
Delhi,North East,109,11
Delhi,North East Delhi,3883,315
Delhi,North West Delhi,6719,326
Delhi,South Delhi,8056,458
Delhi,South West Delhi,2446,216
Delhi,West Delhi,3374,173
Goa,Bardez,1,1
Goa,North Goa,141,51
Goa,South Goa,57,18
Gujarat,Ahmadabad,2,0
Gujarat,Ahmedabad,145,2
Gujarat,Anand,8045,59
Gujarat,Banaskantha,33,2
Gujarat,Bharuch,5,0
Gujarat,Bhavnagar,1970,105
Gujarat,Dahod,6,0
Gujarat,Dohad,1,0
Gujarat,Gandhinagar,39,0
Gujarat,Jamnagar,6,0
Gujarat,Junagadh,7,0
Gujarat,Kachchh,8,0
Gujarat,Kheda,133,0
Gujarat,Mahesana,17465,219
Gujarat,Narmada,2,0
Gujarat,Navsari,11,1
Gujarat,Panchmahals,6,0
Gujarat,Patan,40,2
Gujarat,Rajkot,10,1
Gujarat,Sabarkantha,32,0
Gujarat,Surat,53,0
Gujarat,Surendra Nagar,9,0
Gujarat,Tapi,2,0
Gujarat,The Dangs,97,5
Gujarat,Vadodara,38,1
Gujarat,Valsad,2252,72
Haryana,Ambala,1309,19
Haryana,Bhiwani,16,1
Haryana,Faridabad,45,1
Haryana,Fatehabad,2,1
Haryana,Gurgaon,7,0
Haryana,Hisar,7,0
Haryana,Jhajjar,6,1
Haryana,Jind,56,0
Haryana,Kaithal,5,0
Haryana,Karnal,3,0
Haryana,Kurukshetra,107,0
Haryana,Mahendragarh,59,0
Haryana,Palwal,3,1
Haryana,Panchkula,14,7
Haryana,Panipat,8,1
Haryana,Rewari,11,0
Haryana,Rohtak,3,1
Haryana,Sirsa,33,6
Haryana,Sonipat,1072,38
Haryana,Yamuna Nagar,224,0
Himachal Pradesh,Bilaspur,209,8
Himachal Pradesh,Chamba,6,4
Himachal Pradesh,Hamirpur,2110,23
Himachal Pradesh,Kangra,118,4
Himachal Pradesh,Kinnaur,207,2
Himachal Pradesh,Kullu,506,42
Himachal Pradesh,Lahul and Spiti,1,0
Himachal Pradesh,Mandi,1231,61
Himachal Pradesh,Shimla,275,3
Himachal Pradesh,Sirmaur,10,0
Himachal Pradesh,Solan,838,57
Himachal Pradesh,Una,2229,11
Jammu and Kashmir,Anantnag,2,0
Jammu and Kashmir,Bandipore,1,0
Jammu and Kashmir,Doda,1,0
Jammu and Kashmir,Jammu,10,1
Jammu and Kashmir,Kathua,4,0
Jammu and Kashmir,Kupwara,1,0
Jammu and Kashmir,Leh,1,0
Jammu and Kashmir,Pulwama,2,0
Jammu and Kashmir,Punch,2,0
Jammu and Kashmir,Rajouri,1,0
Jammu and Kashmir,Udhampur,3,0
Jharkhand,Bokaro,9151,295
Jharkhand,Chatra,3063,112
Jharkhand,Deoghar,95,23
Jharkhand,Dhanbad,21,16
Jharkhand,Dumka,16,0
Jharkhand,East Singhbhum,980,109
Jharkhand,Garhwa,64,5
Jharkhand,Giridih,7201,251
Jharkhand,Godda,429,18
Jharkhand,Gumla,32,2
Jharkhand,Hazaribagh,2863,190
Jharkhand,Jamtara,215,8
Jharkhand,Khunti,856,47
Jharkhand,Koderma,948,56
Jharkhand,Latehar,32,1
Jharkhand,Lohardaga,6201,242
Jharkhand,Pakur,174,11
Jharkhand,Palamau,1,0
Jharkhand,Palamu,20,1
Jharkhand,Ramgarh,4701,214
Jharkhand,Ranchi,5983,302
Jharkhand,Sahebganj,404,1
Jharkhand,Seraikela-Kharsawan,11992,172
Jharkhand,Simdega,157,19
Jharkhand,West Singhbhum,2024,67
Karnataka,Bagalkot,0,1
Karnataka,Bangalore,23,2
Karnataka,Belgaum,17,3
Karnataka,Bellary,1,0
Karnataka,Bidar,8,1
Karnataka,Bijapur,1,0
Karnataka,Bijapur(KAR),1,0
Karnataka,Chamrajanagar,2,5
Karnataka,Chickmagalur,2,0
Karnataka,Chikkaballapur,1,0
Karnataka,Chitradurga,3,0
Karnataka,Dakshina Kannada,9,0
Karnataka,Davangere,1,0
Karnataka,Dharwad,671,244
Karnataka,Gadag,0,1
Karnataka,Gulbarga,7,1
Karnataka,Hasan,4,0
Karnataka,Haveri,2,3
Karnataka,Kodagu,1,0
Karnataka,Kolar,2,0
Karnataka,Koppal,0,1
Karnataka,Mandya,1,5
Karnataka,Mysore,377,91
Karnataka,Raichur,1,0
Karnataka,Ramanagar,1,0
Karnataka,Tumkur,3188,167
Karnataka,Udupi,5,0
Karnataka,Uttara Kannada,1,0
Karnataka,Yadgir,3,2
Kerala,Alappuzha,350,85
Kerala,Ernakulam,1178,43
Kerala,Idukki,108,16
Kerala,Kannur,1250,42
Kerala,Kasaragod,4,0
Kerala,Kollam,8,49
Kerala,Kottayam,236,43
Kerala,Kozhikode,2936,300
Kerala,Malappuram,1,0
Kerala,Palakkad,2534,73
Kerala,Pathanamthitta,167,61
Kerala,Thiruvananthapuram,1282,130
Kerala,Thrissur,1741,72
Kerala,Wayanad,799,102
Lakshadweep,Lakshadweep,5,0
Madhya Pradesh,Alirajpur,32,187
Madhya Pradesh,Anuppur,5,0
Madhya Pradesh,Ashok Nagar,2,0
Madhya Pradesh,Balaghat,10,0
Madhya Pradesh,Barwani,4,1
Madhya Pradesh,Betul,15,0
Madhya Pradesh,Bhind,6,0
Madhya Pradesh,Bhopal,3298,290
Madhya Pradesh,Burhanpur,762,35
Madhya Pradesh,Chhatarpur,51,9
Madhya Pradesh,Chhindwara,396,3
Madhya Pradesh,Damoh,10,1
Madhya Pradesh,Datia,2,0
Madhya Pradesh,Dewas,3,19
Madhya Pradesh,Dhar,74,5
Madhya Pradesh,Dindori,17,0
Madhya Pradesh,Guna,79,12
Madhya Pradesh,Gwalior,3,0
Madhya Pradesh,Harda,258,190
Madhya Pradesh,Hoshangabad,1339,213
Madhya Pradesh,Indore,29,3
Madhya Pradesh,Jabalpur,9673,545
Madhya Pradesh,Jhabua,17,28
Madhya Pradesh,Katni,17,2
Madhya Pradesh,Khandwa,287,250
Madhya Pradesh,Khargone,23,6
Madhya Pradesh,Mandla,15,0
Madhya Pradesh,Mandsaur,4,0
Madhya Pradesh,Morena,5,0
Madhya Pradesh,Narsinghpur,23,0
Madhya Pradesh,Neemuch,1,0
Madhya Pradesh,Panna,63,11
Madhya Pradesh,Raisen,165,19
Madhya Pradesh,Rajgarh,2,3
Madhya Pradesh,Ratlam,2,0
Madhya Pradesh,Rewa,14,0
Madhya Pradesh,Sagar,62,2
Madhya Pradesh,Satna,37,2
Madhya Pradesh,Sehore,228,19
Madhya Pradesh,Seoni,11,19
Madhya Pradesh,Shahdol,62,3
Madhya Pradesh,Shajapur,0,1
Madhya Pradesh,Sheopur,6,0
Madhya Pradesh,Shivpuri,26,3
Madhya Pradesh,Sidhi,6,1
Madhya Pradesh,Singrauli,7,0
Madhya Pradesh,Tikamgarh,5,1
Madhya Pradesh,Ujjain,18,5
Madhya Pradesh,Umaria,1,0
Madhya Pradesh,Vidisha,111,38
Maharashtra,Ahmadnagar,307,47
Maharashtra,Ahmed Nagar,3,0
Maharashtra,Akola,40,13
Maharashtra,Amravati,2651,248
Maharashtra,Aurangabad,10873,574
Maharashtra,Beed,150,8
Maharashtra,Bhandara,6,0
Maharashtra,Buldhana,122,4
Maharashtra,Chandrapur,15,10
Maharashtra,Dhule,348,91
Maharashtra,Gadchiroli,5,0
Maharashtra,Gondia,0,1
Maharashtra,Gondiya,4958,246
Maharashtra,Hingoli,22,0
Maharashtra,Jalgaon,35797,584
Maharashtra,Jalna,4365,153
Maharashtra,Kolhapur,94,67
Maharashtra,Latur,5238,521
Maharashtra,Mumbai,33639,1191
Maharashtra,Mumbai City,0,2
Maharashtra,Mumbai( Sub Urban ),1,0
Maharashtra,Nagpur,23,18
Maharashtra,Nanded,55,10
Maharashtra,Nandurbar,4386,145
Maharashtra,Nashik,424,26
Maharashtra,Osmanabad,55,3
Maharashtra,Parbhani,76,4
Maharashtra,Pune,44655,991
Maharashtra,Raigarh,252,9
Maharashtra,Raigarh(MH),1,0
Maharashtra,Ratnagiri,2520,43
Maharashtra,Sangli,43,2
Maharashtra,Satara,130,9
Maharashtra,Sindhudurg,52,0
Maharashtra,Solapur,175,12
Maharashtra,Thane,1565,138
Maharashtra,Wardha,2659,198
Maharashtra,Washim,27,2
Maharashtra,Yavatmal,25,1
Manipur,Bishnupur,1,0
Manipur,Senapati,1,0
Manipur,Ukhrul,1,0
Meghalaya,East Khasi Hills,1,0
Meghalaya,West Garo Hills,1,0
Mizoram,Lunglei,1,0
Nagaland,Dimapur,1,0
Odisha,Angul,3,0
Odisha,Balangir,26,1
Odisha,Baleswar,7,0
Odisha,Bargarh,0,1
Odisha,Bhadrak,8,0
Odisha,Cuttack,234,18
Odisha,Debagarh,1,0
Odisha,Dhenkanal,90,6
Odisha,Gajapati,1,0
Odisha,Ganjam,34,0
Odisha,Jagatsinghapur,550,2
Odisha,Jajapur,3,0
Odisha,Kandhamal,1,0
Odisha,Kendrapara,940,13
Odisha,Kendujhar,1,1
Odisha,Khorda,1,0
Odisha,Khordha,46,39
Odisha,Mayurbhanj,3,0
Odisha,Puri,3776,67
Odisha,Sonapur,13,0
Odisha,Sundergarh,4,0
Others,Others,190,74
Puducherry,Puducherry,703,28
Puducherry,Yanam,0,23
Punjab,Amritsar,349,23
Punjab,Barnala,1901,186
Punjab,Bathinda,279,41
Punjab,Faridkot,155,1
Punjab,Fatehgarh Sahib,601,34
Punjab,Fazilka,41,1
Punjab,Ferozepur,32,1
Punjab,Gurdaspur,5424,403
Punjab,Hoshiarpur,120,4
Punjab,Jalandhar,10164,332
Punjab,Kapurthala,66,6
Punjab,Ludhiana,6,0
Punjab,Mansa,4,3
Punjab,Moga,160,12
Punjab,Muktsar,1,0
Punjab,Nawanshahr,1,0
Punjab,Pathankot,370,129
Punjab,Patiala,79,0
Punjab,Rupnagar,252,15
Punjab,SAS Nagar (Mohali),19,5
Punjab,Sangrur,42,1
Punjab,Shaheed Bhagat Singh Nagar,30,26
Punjab,Sri Muktsar Sahib,51,2
Punjab,Tarn Taran,2,0
Rajasthan,Ajmer,6302,308
Rajasthan,Alwar,8854,453
Rajasthan,Banswara,6,0
Rajasthan,Baran,1,3
Rajasthan,Barmer,4,0
Rajasthan,Bharatpur,213,10
Rajasthan,Bhilwara,29,1
Rajasthan,Bikaner,4,0
Rajasthan,Bundi,0,4
Rajasthan,Chittorgarh,84,0
Rajasthan,Churu,61,0
Rajasthan,Dausa,610,73
Rajasthan,Dholpur,5,0
Rajasthan,Dungarpur,2,0
Rajasthan,Ganganagar,8,0
Rajasthan,Hanumangarh,4,1
Rajasthan,Jaipur,503,13
Rajasthan,Jaisalmer,4,0
Rajasthan,Jalor,9,0
Rajasthan,Jhalawar,0,2
Rajasthan,Jhunjhunu,8,0
Rajasthan,Jhunjhunun,8927,232
Rajasthan,Jodhpur,412,28
Rajasthan,Karauli,41,0
Rajasthan,Kota,8331,828
Rajasthan,Nagaur,900,33
Rajasthan,Pali,15879,927
Rajasthan,Pratapgarh,1,0
Rajasthan,Rajsamand,10,1
Rajasthan,Sawai Madhopur,445,14
Rajasthan,Sikar,206,14
Rajasthan,Sirohi,1,0
Rajasthan,Tonk,17,1
Rajasthan,Udaipur,8264,413
Sikkim,East Sikkim,664,17
Sikkim,North Sikkim,451,4
Sikkim,South Sikkim,282,8
Sikkim,West Sikkim,97,8
Tamil Nadu,Ariyalur,124,4
Tamil Nadu,Chennai,8,0
Tamil Nadu,Coimbatore,11,1
Tamil Nadu,Erode,1,0
Tamil Nadu,Kancheepuram,5,6
Tamil Nadu,Kanchipuram,1,0
Tamil Nadu,Kanniyakumari,1,0
Tamil Nadu,Kanyakumari,1,0
Tamil Nadu,Krishnagiri,3,0
Tamil Nadu,Madurai,2,0
Tamil Nadu,Nilgiris,0,1
Tamil Nadu,Pudukkottai,8,0
Tamil Nadu,Ramanathapuram,1,0
Tamil Nadu,Salem,1,0
Tamil Nadu,Sivaganga,2,0
Tamil Nadu,Thanjavur,2,0
Tamil Nadu,The Nilgiris,2,0
Tamil Nadu,Theni,2,10
Tamil Nadu,Thoothukkudi,3,0
Tamil Nadu,Tiruchirappalli,1294,13
Tamil Nadu,Tirunelveli,5,0
Tamil Nadu,Tiruppur,5,0
Tamil Nadu,Tiruvallur,3,0
Tamil Nadu,Tiruvannamalai,3,0
Tamil Nadu,Vellore,5,0
Tamil Nadu,Viluppuram,1,0
Tamil Nadu,Virudhunagar,1,0
Tripura,Dhalai,53,32
Tripura,Khowai,93,48
Tripura,North Tripura,56,22
Tripura,Sepahijala,0,1
Tripura,South Tripura,0,2
Tripura,West Tripura,69,30
Uttar Pradesh,Agra,8,2
Uttar Pradesh,Aligarh,6,0
Uttar Pradesh,Allahabad,17,1
Uttar Pradesh,Ambedkar Nagar,20,1
Uttar Pradesh,Amethi,2818,25
Uttar Pradesh,Auraiya,7,0
Uttar Pradesh,Azamgarh,25,1
Uttar Pradesh,Baghpat,6,0
Uttar Pradesh,Bahraich,26,1
Uttar Pradesh,Ballia,12,0
Uttar Pradesh,Balrampur,20,0
Uttar Pradesh,Banda,13,0
Uttar Pradesh,Bara Banki,4,0
Uttar Pradesh,Bareilly,4,0
Uttar Pradesh,Basti,28,1
Uttar Pradesh,Bijnor,3,1
Uttar Pradesh,Budaun,6,1
Uttar Pradesh,Bulandshahar,2,1
Uttar Pradesh,Bulandshahr,7,1
Uttar Pradesh,Chandauli,9,0
Uttar Pradesh,Chitrakoot,296,11
Uttar Pradesh,Deoria,30,1
Uttar Pradesh,Etah,2,0
Uttar Pradesh,Etawah,1144,111
Uttar Pradesh,Faizabad,7,0
Uttar Pradesh,Farrukhabad,4,0
Uttar Pradesh,Fatehpur,12,0
Uttar Pradesh,Firozabad,1,0
Uttar Pradesh,Gautam Buddha Nagar,6,1
Uttar Pradesh,Ghaziabad,9,2
Uttar Pradesh,Ghazipur,30,1
Uttar Pradesh,Gonda,16,2
Uttar Pradesh,Gorakhpur,23,2
Uttar Pradesh,Hamirpur,21,1
Uttar Pradesh,Hardoi,6,0
Uttar Pradesh,Hathras,1,0
Uttar Pradesh,Jalaun,1,1
Uttar Pradesh,Jaunpur,56,0
Uttar Pradesh,Jhansi,3,0
Uttar Pradesh,Kannauj,2,0
Uttar Pradesh,Kanpur Dehat,2,0
Uttar Pradesh,Kanpur Nagar,11,0
Uttar Pradesh,Kasganj,5,0
Uttar Pradesh,Kaushambi,6,0
Uttar Pradesh,Kushinagar,22,2
Uttar Pradesh,Lucknow,4,3
Uttar Pradesh,Maharajganj,16,0
Uttar Pradesh,Mahoba,1,0
Uttar Pradesh,Mahrajganj,1,0
Uttar Pradesh,Mainpuri,4,0
Uttar Pradesh,Mathura,9,1
Uttar Pradesh,Mau,12,0
Uttar Pradesh,Meerut,8,1
Uttar Pradesh,Mirzapur,7,2
Uttar Pradesh,Moradabad,0,1
Uttar Pradesh,Muzaffarnagar,7,0
Uttar Pradesh,Pilibhit,2,0
Uttar Pradesh,Pratapgarh,30,1
Uttar Pradesh,Rae Bareli,1689,67
Uttar Pradesh,Raebareli,4,0
Uttar Pradesh,Rampur,3,0
Uttar Pradesh,Saharanpur,5,0
Uttar Pradesh,Sambhal,3,0
Uttar Pradesh,Sant Kabir Nagar,1060,5
Uttar Pradesh,Sant Ravidas Nagar,22,0
Uttar Pradesh,Shahjahanpur,4,0
Uttar Pradesh,Shrawasti,790,59
Uttar Pradesh,Siddharthnagar,22,1
Uttar Pradesh,Sonbhadra,3,0
Uttar Pradesh,Sultanpur,18,0
Uttar Pradesh,Unnao,6,0
Uttar Pradesh,Varanasi,26,0
Uttarakhand,Almora,3,0
Uttarakhand,Bageshwar,2358,27
Uttarakhand,Chamoli,2,0
Uttarakhand,Champawat,106,36
Uttarakhand,Dehradun,10,3
Uttarakhand,Haridwar,1,1
Uttarakhand,Nainital,4,1
Uttarakhand,Pauri Garhwal,3,0
Uttarakhand,Pithoragarh,6,0
Uttarakhand,Rudraprayag,1,0
Uttarakhand,Tehri Garhwal,352,8
Uttarakhand,Udham Singh Nagar,32,67
Uttarakhand,Uttarkashi,1,0
West Bengal,Bankura,2,0
West Bengal,Barddhaman,18,0
West Bengal,Birbhum,6,1
West Bengal,Cooch Behar,3720,42
West Bengal,Darjeeling,24,1
West Bengal,East Midnapore,2,0
West Bengal,Hooghly,22,0
West Bengal,Howrah,70,0
West Bengal,Jalpaiguri,15,24
West Bengal,Kolkata,6,0
West Bengal,Malda,6,0
West Bengal,Medinipur,1,0
West Bengal,Murshidabad,14,0
West Bengal,Nadia,9,0
West Bengal,North 24 Parganas,23,0
West Bengal,Paschim Medinipur,14,1
West Bengal,Purba Medinipur,16,2
West Bengal,Puruliya,16,0
West Bengal,South 24 Parganas,6,0
West Bengal,Uttar Dinajpur,12,1
West Bengal,West Midnapore,1,0
