State,District,Aadhaar generated,Enrolment Rejected
Andhra Pradesh,Adilabad,562,59
Andhra Pradesh,Anantapur,1,0
Andhra Pradesh,Ananthapur,482,495
Andhra Pradesh,Chittoor,224,250
Andhra Pradesh,Cuddapah,7925,563
Andhra Pradesh,East Godavari,271,161
Andhra Pradesh,Guntur,3495,209
Andhra Pradesh,Hyderabad,1215,133
Andhra Pradesh,K.v. Rangareddy,1303,200
Andhra Pradesh,Karimnagar,6,0
Andhra Pradesh,Khammam,99,57
Andhra Pradesh,Krishna,4324,203
Andhra Pradesh,Kurnool,119,25
Andhra Pradesh,Mahabubnagar,5,4
Andhra Pradesh,Medak,6,23
Andhra Pradesh,Nalgonda,289,6
Andhra Pradesh,Nellore,1,1
Andhra Pradesh,Nizamabad,3,0
Andhra Pradesh,Prakasam,9,0
Andhra Pradesh,Srikakulam,131,89
Andhra Pradesh,Visakhapatnam,57,24
Andhra Pradesh,Vizianagaram,570,1
Andhra Pradesh,Warangal,19,1
Andhra Pradesh,West Godavari,13,2
Assam,Barpeta,1,0
Assam,Cachar,1,0
Assam,Dhemaji,1,0
Assam,Kamrup,1,0
Assam,Sonitpur,2,0
Bihar,Araria,1,0
Bihar,Arwal,12152,10
Bihar,Aurangabad,64,0
Bihar,Banka,6,0
Bihar,Begusarai,1,0
Bihar,Bhagalpur,2,1
Bihar,Bhojpur,8,0
Bihar,Buxar,3,0
Bihar,Darbhanga,17,0
Bihar,East Champaran,6,0
Bihar,Gaya,8,1
Bihar,Gopalganj,2,0
Bihar,Jamui,1,0
Bihar,Jehanabad,3,0
Bihar,Kaimur (Bhabua),2,0
Bihar,Katihar,2,0
Bihar,Kishanganj,1,0
Bihar,Lakhisarai,1,0
Bihar,Madhepura,2,1
Bihar,Madhubani,6,1
Bihar,Munger,3,1
Bihar,Muzaffarpur,4,0
Bihar,Nalanda,2,0
Bihar,Nawada,4,0
Bihar,Patna,5,1
Bihar,Rohtas,5,2
Bihar,Saharsa,1,0
Bihar,Samastipur,1,0
Bihar,Saran,6,0
Bihar,Sheikhpura,870,14
Bihar,Sheohar,14,15
Bihar,Sitamarhi,3,0
Bihar,Siwan,4,0
Bihar,Vaishali,3,0
Chandigarh,Chandigarh,786,19
Chhattisgarh,Bilaspur,5,1
Chhattisgarh,Dhamtari,238,24
Chhattisgarh,Durg,2,0
Chhattisgarh,Janjgir-champa,1,0
Chhattisgarh,Koriya,1614,0
Chhattisgarh,Raigarh,3,0
Dadra and Nagar Haveli,Dadra and Nagar Haveli,1,1
Daman and Diu,Daman,107,11
Daman and Diu,Diu,148,18
Delhi,Central Delhi,130,8
Delhi,East Delhi,262,2
Delhi,North Delhi,268,6
Delhi,North East,4,1
Delhi,North East Delhi,782,21
Delhi,North West Delhi,709,64
Delhi,South Delhi,581,18
Delhi,South West Delhi,882,15
Delhi,West Delhi,632,12
Goa,North Goa,22,12
Goa,South Goa,16,6
Gujarat,Ahmadabad,2,0
Gujarat,Ahmedabad,21,2
Gujarat,Anand,299,25
Gujarat,Banaskantha,1,0
Gujarat,Bhavnagar,584,48
Gujarat,Dahod,1,0
Gujarat,Gandhinagar,3,0
Gujarat,Jamnagar,2,0
Gujarat,Junagadh,10,0
Gujarat,Kheda,9,0
Gujarat,Mahesana,701,91
Gujarat,Navsari,3,0
Gujarat,Panchmahals,2,0
Gujarat,Patan,2,0
Gujarat,Porbandar,1,0
Gujarat,Rajkot,1,0
Gujarat,Sabarkantha,1,0
Gujarat,Surat,10,0
Gujarat,Surendra Nagar,1,0
Gujarat,Tapi,2,0
Gujarat,The Dangs,121,1
Gujarat,Vadodara,6,2
Gujarat,Valsad,654,33
Haryana,Ambala,110,1
Haryana,Bhiwani,4,0
Haryana,Faridabad,10,0
Haryana,Fatehabad,1,1
Haryana,Gurgaon,2,0
Haryana,Hisar,2,0
Haryana,Jhajjar,3,0
Haryana,Jind,53,0
Haryana,Kurukshetra,2,1
Haryana,Mahendragarh,3,0
Haryana,Mewat,1,0
Haryana,Panchkula,3,1
Haryana,Panipat,1,1
Haryana,Rewari,8,0
Haryana,Rohtak,2,0
Haryana,Sirsa,26,0
Haryana,Sonipat,213,6
Haryana,Yamuna Nagar,72,0
Himachal Pradesh,Bilaspur,51,7
Himachal Pradesh,Bilaspur ,1,0
Himachal Pradesh,Chamba,4,0
Himachal Pradesh,Hamirpur,89,8
Himachal Pradesh,Kangra,35,3
Himachal Pradesh,Kinnaur,3,3
Himachal Pradesh,Kullu,567,13
Himachal Pradesh,Mandi,1000,8
Himachal Pradesh,Shimla,29,3
Himachal Pradesh,Sirmaur,3,0
Himachal Pradesh,Solan,587,2
Himachal Pradesh,Una,48,0
Jammu and Kashmir,Jammu,3,2
Jammu and Kashmir,Kathua,1,0
Jammu and Kashmir,Rajouri,1,0
Jharkhand,Bokaro,960,79
Jharkhand,Chatra,739,44
Jharkhand,Deoghar,34,0
Jharkhand,Dhanbad,6,7
Jharkhand,East Singhbhum,651,33
Jharkhand,Garhwa,13,4
Jharkhand,Giridih,700,109
Jharkhand,Godda,45,8
Jharkhand,Gumla,11,1
Jharkhand,Hazaribagh,368,18
Jharkhand,Jamtara,45,1
Jharkhand,Khunti,149,15
Jharkhand,Koderma,83,25
Jharkhand,Latehar,4,1
Jharkhand,Lohardaga,330,80
Jharkhand,Pakur,38,2
Jharkhand,Ramgarh,401,55
Jharkhand,Ranchi,1326,55
Jharkhand,Sahebganj,54,5
Jharkhand,Seraikela-Kharsawan,203,35
Jharkhand,Simdega,263,5
Jharkhand,West Singhbhum,590,33
Karnataka,Bagalkot,1,0
Karnataka,Bangalore,3,1
Karnataka,Belgaum,1,0
Karnataka,Bellary,1,1
Karnataka,Bidar,1,0
Karnataka,Chamrajanagar,0,1
Karnataka,Chikkaballapur,1,0
Karnataka,Dharwad,5757,56
Karnataka,Gadag,1,0
Karnataka,Hasan,2,1
Karnataka,Kolar,1,0
Karnataka,Mysore,1751,10
Karnataka,Tumkur,139,50
Karnataka,Udupi,2,0
Kerala,Alappuzha,4064,7
Kerala,Ernakulam,4894,0
Kerala,Idukki,1482,0
Kerala,Kannur,2399,1
Kerala,Kollam,11,7
Kerala,Kottayam,3716,4
Kerala,Kozhikode,3444,0
Kerala,Malappuram,2,0
Kerala,Palakkad,2765,0
Kerala,Pathanamthitta,1443,8
Kerala,Thiruvananthapuram,5236,1
Kerala,Thrissur,1983,3
Kerala,Wayanad,548,27
Lakshadweep,Lakshadweep,3,0
Madhya Pradesh,Alirajpur,65,52
Madhya Pradesh,Anuppur,2,0
Madhya Pradesh,Ashok Nagar,1,0
Madhya Pradesh,Balaghat,2,2
Madhya Pradesh,Barwani,0,1
Madhya Pradesh,Betul,7,0
Madhya Pradesh,Bhind,2,0
Madhya Pradesh,Bhopal,947,60
Madhya Pradesh,Burhanpur,15,17
Madhya Pradesh,Chhatarpur,82,3
Madhya Pradesh,Chhindwara,6,4
Madhya Pradesh,Damoh,5,1
Madhya Pradesh,Dewas,0,6
Madhya Pradesh,Dhar,64,1
Madhya Pradesh,Dindori,3,0
Madhya Pradesh,Guna,36,3
Madhya Pradesh,Gwalior,4,0
Madhya Pradesh,Harda,2866,17
Madhya Pradesh,Hoshangabad,192,68
Madhya Pradesh,Indore,13,5
Madhya Pradesh,Jabalpur,415,37
Madhya Pradesh,Jhabua,2,8
Madhya Pradesh,Katni,9,0
Madhya Pradesh,Khandwa,86,115
Madhya Pradesh,Khargone,35,1
Madhya Pradesh,Mandla,4,0
Madhya Pradesh,Mandsaur,1,0
Madhya Pradesh,Morena,2,0
Madhya Pradesh,Narsinghpur,1,0
Madhya Pradesh,Panna,10,6
Madhya Pradesh,Raisen,92,5
Madhya Pradesh,Rajgarh,0,1
Madhya Pradesh,Rewa,4,0
Madhya Pradesh,Sagar,93,2
Madhya Pradesh,Satna,16,0
Madhya Pradesh,Sehore,238,11
Madhya Pradesh,Seoni,15,2
Madhya Pradesh,Shahdol,64,0
Madhya Pradesh,Shajapur,1,2
Madhya Pradesh,Sheopur,3,1
Madhya Pradesh,Shivpuri,32,3
Madhya Pradesh,Sidhi,1,0
Madhya Pradesh,Ujjain,13,3
Madhya Pradesh,Vidisha,108,6
Maharashtra,Ahmadnagar,156,11
Maharashtra,Akola,19,2
Maharashtra,Amravati,1490,58
Maharashtra,Aurangabad,7831,176
Maharashtra,Beed,11,0
Maharashtra,Buldhana,13,3
Maharashtra,Chandrapur,6,4
Maharashtra,Dhule,211,19
Maharashtra,Gadchiroli,1,0
Maharashtra,Gondiya,3480,48
Maharashtra,Jalgaon,2456,129
Maharashtra,Jalna,1396,97
Maharashtra,Kolhapur,49,17
Maharashtra,Latur,1470,173
Maharashtra,Mumbai,6673,227
Maharashtra,Mumbai City,1,1
Maharashtra,Nagpur,19,7
Maharashtra,Nanded,10,4
Maharashtra,Nandurbar,642,66
Maharashtra,Nashik,177,7
Maharashtra,Osmanabad,10,2
Maharashtra,Parbhani,11,2
Maharashtra,Pune,3709,167
Maharashtra,Raigarh,73,8
Maharashtra,Ratnagiri,171,8
Maharashtra,Sangli,4,1
Maharashtra,Satara,44,3
Maharashtra,Sindhudurg,13,0
Maharashtra,Solapur,37,6
Maharashtra,Thane,394,43
Maharashtra,Wardha,112,21
Maharashtra,Washim,0,2
Maharashtra,Yavatmal,3,1
Nagaland,Wokha,1,0
Odisha,Balangir,10,0
Odisha,Baleswar,1,0
Odisha,Bhadrak,1,0
Odisha,Cuttack,82,6
Odisha,Dhenkanal,3,12
Odisha,Ganjam,2,0
Odisha,Jagatsinghapur,65,4
Odisha,Jajapur,3,0
Odisha,Kendrapara,63,28
Odisha,Khorda,1,0
Odisha,Khordha,24,11
Odisha,Mayurbhanj,1,0
Odisha,Puri,30,5
Odisha,Sonapur,1,0
Others,Others,45,7
Puducherry,Puducherry,38,6
Puducherry,Yanam,6,4
Punjab,Amritsar,24,6
Punjab,Barnala,156,31
Punjab,Bathinda,226,4
Punjab,Faridkot,33,1
Punjab,Fatehgarh Sahib,426,4
Punjab,Fazilka,0,1
Punjab,Gurdaspur,977,112
Punjab,Hoshiarpur,18,1
Punjab,Jalandhar,2081,71
Punjab,Kapurthala,35,0
Punjab,Ludhiana,3,0
Punjab,Mansa,1,0
Punjab,Moga,29,5
Punjab,Pathankot,52,33
Punjab,Patiala,20,0
Punjab,Rupnagar,34,3
Punjab,SAS Nagar (Mohali),6,1
Punjab,Sangrur,6,1
Punjab,Shaheed Bhagat Singh Nagar,7,7
Punjab,Sri Muktsar Sahib,22,0
Punjab,Tarn Taran,4,0
Rajasthan,Ajmer,318,15
Rajasthan,Alwar,3447,89
Rajasthan,Baran,0,2
Rajasthan,Barmer,0,1
Rajasthan,Bharatpur,53,2
Rajasthan,Bikaner,1,0
Rajasthan,Chittorgarh,59,0
Rajasthan,Churu,15,1
Rajasthan,Dausa,263,32
Rajasthan,Dholpur,3,0
Rajasthan,Ganganagar,3,0
Rajasthan,Hanumangarh,3,0
Rajasthan,Jaipur,145,5
Rajasthan,Jalor,3,0
Rajasthan,Jhunjhunu,6,0
Rajasthan,Jhunjhunun,1039,61
Rajasthan,Jodhpur,111,5
Rajasthan,Karauli,11,0
Rajasthan,Kota,3407,189
Rajasthan,Nagaur,185,6
Rajasthan,Pali,2731,218
Rajasthan,Rajsamand,3,0
Rajasthan,Sawai Madhopur,18,8
Rajasthan,Sikar,59,0
Rajasthan,Sirohi,2,0
Rajasthan,Tonk,1,0
Rajasthan,Udaipur,458,36
Sikkim,East Sikkim,16,15
Sikkim,North Sikkim,12,4
Sikkim,South Sikkim,18,1
Sikkim,West Sikkim,3,4
Tamil Nadu,Ariyalur,6,1
Tamil Nadu,Chennai,5,0
Tamil Nadu,Cuddalore,1,0
Tamil Nadu,Kancheepuram,0,8
Tamil Nadu,Kanniyakumari,1,0
Tamil Nadu,Krishnagiri,0,1
Tamil Nadu,Pudukkottai,4,0
Tamil Nadu,Theni,0,1
Tamil Nadu,Thoothukkudi,1,0
Tamil Nadu,Tiruchirappalli,1572,6
Tamil Nadu,Tiruvannamalai,1,0
Tamil Nadu,Vellore,1,0
Tripura,Dhalai,1,7
Tripura,Khowai,7,10
Tripura,North Tripura,8,2
Tripura,Sepahijala,1,0
Tripura,West Tripura,18,5
Uttar Pradesh,Agra,3,0
Uttar Pradesh,Aligarh,2,0
Uttar Pradesh,Allahabad,6,0
Uttar Pradesh,Ambedkar Nagar,10,1
Uttar Pradesh,Amethi,101,1
Uttar Pradesh,Azamgarh,10,1
Uttar Pradesh,Bahraich,13,0
Uttar Pradesh,Ballia,8,1
Uttar Pradesh,Balrampur,1,0
Uttar Pradesh,Bara Banki,2,0
Uttar Pradesh,Bareilly,2,0
Uttar Pradesh,Basti,5,0
Uttar Pradesh,Bijnor,6,0
Uttar Pradesh,Bulandshahr,2,0
Uttar Pradesh,Chandauli,2,0
Uttar Pradesh,Chitrakoot,82,2
Uttar Pradesh,Deoria,6,2
Uttar Pradesh,Etah,1,1
Uttar Pradesh,Etawah,571,39
Uttar Pradesh,Faizabad,6,0
Uttar Pradesh,Farrukhabad,1,0
Uttar Pradesh,Fatehpur,2,0
Uttar Pradesh,Firozabad,2,0
Uttar Pradesh,Ghaziabad,2,0
Uttar Pradesh,Ghazipur,8,0
Uttar Pradesh,Gonda,10,3
Uttar Pradesh,Gorakhpur,5,0
Uttar Pradesh,Hamirpur,7,0
Uttar Pradesh,Hardoi,3,0
Uttar Pradesh,Hathras,1,0
Uttar Pradesh,Jalaun,1,0
Uttar Pradesh,Jaunpur,11,1
Uttar Pradesh,Kannauj,1,0
Uttar Pradesh,Kanpur Nagar,2,1
Uttar Pradesh,Kushinagar,2,0
Uttar Pradesh,Lucknow,5,0
Uttar Pradesh,Maharajganj,1,0
Uttar Pradesh,Mathura,1,0
Uttar Pradesh,Mau,4,0
Uttar Pradesh,Mirzapur,1,0
Uttar Pradesh,Moradabad,1,0
Uttar Pradesh,Pratapgarh,4,0
Uttar Pradesh,Rae Bareli,12838,2
Uttar Pradesh,Raebareli,1,0
Uttar Pradesh,Rampur,1,0
Uttar Pradesh,Saharanpur,0,1
Uttar Pradesh,Sambhal,2,0
Uttar Pradesh,Sant Kabir Nagar,324,2
Uttar Pradesh,Sant Ravidas Nagar,6,0
Uttar Pradesh,Shahjahanpur,1,1
Uttar Pradesh,Shrawasti,4845,29
Uttar Pradesh,Siddharthnagar,3,1
Uttar Pradesh,Sitapur,1,0
Uttar Pradesh,Sonbhadra,1,0
Uttar Pradesh,Sultanpur,8,1
Uttar Pradesh,Varanasi,4,0
Uttarakhand,Bageshwar,13768,3
Uttarakhand,Champawat,3677,4
Uttarakhand,Dehradun,3,0
Uttarakhand,Haridwar,1,1
Uttarakhand,Nainital,1,0
Uttarakhand,Pauri Garhwal,2,0
Uttarakhand,Pithoragarh,4,0
Uttarakhand,Tehri Garhwal,1535,0
Uttarakhand,Udham Singh Nagar,1,15
West Bengal,Bankura,1,0
West Bengal,Barddhaman,5,0
West Bengal,Birbhum,1,1
West Bengal,Cooch Behar,8562,25
West Bengal,Darjeeling,1,0
West Bengal,Hooghly,6,0
West Bengal,Howrah,30,0
West Bengal,Jalpaiguri,16,3
West Bengal,Kolkata,2,0
West Bengal,Malda,1,0
West Bengal,Medinipur,1,0
West Bengal,Murshidabad,5,0
West Bengal,Nadia,2,0
West Bengal,North 24 Parganas,4,0
West Bengal,Paschim Medinipur,7,0
West Bengal,Purba Medinipur,3,1
West Bengal,Puruliya,1,0
