State,District,Aadhaar generated,Enrolment Rejected
Andaman and Nicobar Islands,Nicobar,1,0
Andaman and Nicobar Islands,South Andaman,4,0
Andhra Pradesh,Adilabad,2363,276
Andhra Pradesh,Anantapur,2,0
Andhra Pradesh,Ananthapur,4863,951
Andhra Pradesh,Chittoor,446,1259
Andhra Pradesh,Cuddapah,2336,828
Andhra Pradesh,East Godavari,3920,493
Andhra Pradesh,Guntur,1319,578
Andhra Pradesh,Hyderabad,4186,502
Andhra Pradesh,K.V.Rangareddy,30,2
Andhra Pradesh,K.v. Rangareddy,9941,805
Andhra Pradesh,Karim Nagar,1,0
Andhra Pradesh,Karimnagar,4149,79
Andhra Pradesh,Khammam,16516,126
Andhra Pradesh,Krishna,1354,216
Andhra Pradesh,Kurnool,4371,1664
Andhra Pradesh,Mahabub Nagar,40,0
Andhra Pradesh,Mahabubnagar,2035,86
Andhra Pradesh,Mahbubnagar,68,0
Andhra Pradesh,Medak,6584,51
Andhra Pradesh,Nalgonda,2250,177
Andhra Pradesh,Nellore,2070,43
Andhra Pradesh,Nizamabad,1737,37
Andhra Pradesh,Prakasam,1969,13
Andhra Pradesh,Srikakulam,1988,643
Andhra Pradesh,Visakhapatnam,3430,224
Andhra Pradesh,Vizianagaram,1386,156
Andhra Pradesh,Warangal,5388,75
Andhra Pradesh,West Godavari,1837,53
Arunachal Pradesh,Changlang,1,0
Arunachal Pradesh,Papum Pare,2,0
Arunachal Pradesh,Upper Subansiri,1,0
Assam,Baksa,3,0
Assam,Barpeta,8,0
Assam,Cachar,19,0
Assam,Chirang,2,0
Assam,Darrang,2,0
Assam,Dhemaji,3,0
Assam,Dhubri,5,0
Assam,Dibrugarh,16,0
Assam,Goalpara,7,0
Assam,Golaghat,4,0
Assam,Hailakandi,5,0
Assam,Jorhat,4,0
Assam,Kamrup,15,0
Assam,Kamrup Metro,2,0
Assam,Karbi Anglong,5,0
Assam,Karimganj,9,0
Assam,Kokrajhar,2,0
Assam,Lakhimpur,4,0
Assam,Marigaon,1,0
Assam,Nagaon,11,0
Assam,Nalbari,1,0
Assam,Sibsagar,4,0
Assam,Sonitpur,10,0
Assam,Tinsukia,5,0
Assam,Udalguri,4,0
Bihar,Araria,20,0
Bihar,Arwal,6797,42
Bihar,Aurangabad,115,3
Bihar,Aurangabad(BH),1,0
Bihar,Banka,25,2
Bihar,Begusarai,45,1
Bihar,Bhagalpur,50,1
Bihar,Bhojpur,70,3
Bihar,Buxar,40,0
Bihar,Darbhanga,149,3
Bihar,East Champaran,64,0
Bihar,Gaya,102,1
Bihar,Gopalganj,714,3
Bihar,Jamui,57,0
Bihar,Jehanabad,23,0
Bihar,Kaimur (Bhabua),19,0
Bihar,Katihar,27,0
Bihar,Khagaria,26,0
Bihar,Kishanganj,34,2
Bihar,Lakhisarai,14,1
Bihar,Madhepura,20,0
Bihar,Madhubani,139,1
Bihar,Munger,27,0
Bihar,Muzaffarpur,66,4
Bihar,Nalanda,608,6
Bihar,Nawada,35,2
Bihar,Patna,79,0
Bihar,Purnia,22,1
Bihar,Rohtas,464,1
Bihar,Saharsa,130,1
Bihar,Samastipur,82,1
Bihar,Saran,113,1
Bihar,Sheikhpura,720,54
Bihar,Sheohar,3352,41
Bihar,Sitamarhi,65,1
Bihar,Siwan,77,0
Bihar,Supaul,29,0
Bihar,Vaishali,1620,4
Bihar,West Champaran,37,3
Chandigarh,Chandigarh,626,111
Chhattisgarh,Balod,31,0
Chhattisgarh,Baloda Bazar,2,0
Chhattisgarh,Balrampur,1,0
Chhattisgarh,Bastar,1,0
Chhattisgarh,Bemetara,10,0
Chhattisgarh,Bilaspur,10,0
Chhattisgarh,Dhamtari,2348,137
Chhattisgarh,Durg,40,1
Chhattisgarh,Janjgir-champa,9,0
Chhattisgarh,Jashpur,4,0
Chhattisgarh,Kabeerdham,1,0
Chhattisgarh,Kanker,3,0
Chhattisgarh,Korba,427,0
Chhattisgarh,Koriya,3085,50
Chhattisgarh,Mahasamund,2,0
Chhattisgarh,Mungeli ,2,0
Chhattisgarh,Raigarh,29,0
Chhattisgarh,Raipur,14,0
Chhattisgarh,Rajnandgaon,8,0
Chhattisgarh,Surajpur ,2,0
Chhattisgarh,Surguja,3,0
Dadra and Nagar Haveli,Dadra and Nagar Haveli,1964,248
Daman and Diu,Daman,5,5
Daman and Diu,Diu,4,2
Delhi,Central Delhi,878,77
Delhi,East Delhi,1502,318
Delhi,New Delhi,56,4
Delhi,North Delhi,1047,295
Delhi,North East,415,115
Delhi,North East Delhi,1771,214
Delhi,North West Delhi,2271,930
Delhi,South Delhi,2383,421
Delhi,South West Delhi,525,140
Delhi,West Delhi,2336,302
Goa,Bardez,0,1
Goa,North Goa,153,64
Goa,South Goa,57,33
Gujarat,Ahmadabad,29,2
Gujarat,Ahmedabad,3471,19
Gujarat,Amreli,50,2
Gujarat,Anand,6051,40
Gujarat,Banaskantha,10145,32
Gujarat,Bharuch,2031,8
Gujarat,Bhavnagar,2138,52
Gujarat,Dahod,80,0
Gujarat,Dohad,41,7
Gujarat,Gandhinagar,1744,4
Gujarat,Jamnagar,3638,14
Gujarat,Junagadh,4791,37
Gujarat,Kachchh,1945,7
Gujarat,Kheda,1169,7
Gujarat,Mahesana,1303,45
Gujarat,Narmada,667,4
Gujarat,Navsari,1043,0
Gujarat,Panchmahals,1212,12
Gujarat,Patan,141,6
Gujarat,Porbandar,44,0
Gujarat,Rajkot,6809,42
Gujarat,Sabarkantha,601,5
Gujarat,Surat,3021,27
Gujarat,Surendra Nagar,3301,9
Gujarat,Tapi,883,1
Gujarat,The Dangs,632,10
Gujarat,Vadodara,3516,18
Gujarat,Valsad,3561,104
Haryana,Ambala,645,21
Haryana,Bhiwani,2159,10
Haryana,Faridabad,2170,24
Haryana,Fatehabad,3399,0
Haryana,Gurgaon,1199,18
Haryana,Hisar,5574,4
Haryana,Jhajjar,1479,1
Haryana,Jind,2200,4
Haryana,Kaithal,1899,3
Haryana,Karnal,2356,13
Haryana,Kurukshetra,2005,15
Haryana,Mahendragarh,2288,1
Haryana,Mewat,277,0
Haryana,Palwal,813,12
Haryana,Panchkula,1442,3
Haryana,Panipat,3958,13
Haryana,Rewari,1963,8
Haryana,Rohtak,2021,8
Haryana,Sirsa,1342,6
Haryana,Sonipat,520,25
Haryana,Yamuna Nagar,3489,8
Himachal Pradesh,Bilaspur,23,25
Himachal Pradesh,Bilaspur ,2,0
Himachal Pradesh,Chamba,102,1
Himachal Pradesh,Hamirpur,81,12
Himachal Pradesh,Kangra,261,3
Himachal Pradesh,Kinnaur,28,0
Himachal Pradesh,Kullu,314,55
Himachal Pradesh,Lahul and Spiti,5,0
Himachal Pradesh,Mandi,719,46
Himachal Pradesh,Shimla,1146,14
Himachal Pradesh,Sirmaur,320,13
Himachal Pradesh,Solan,130,13
Himachal Pradesh,Una,189,4
Jammu and Kashmir,Anantnag,32,0
Jammu and Kashmir,Badgam,2,0
Jammu and Kashmir,Baramula,1,0
Jammu and Kashmir,Doda,791,2
Jammu and Kashmir,Jammu,266,0
Jammu and Kashmir,Kargil,1108,2
Jammu and Kashmir,Kathua,17,0
Jammu and Kashmir,Kupwara,1,0
Jammu and Kashmir,Leh,8,0
Jammu and Kashmir,Pulwama,26,0
Jammu and Kashmir,Punch,3,0
Jammu and Kashmir,Rajouri,2,0
Jammu and Kashmir,Srinagar,3,0
Jammu and Kashmir,Udhampur,202,0
Jharkhand,Bokaro,2949,320
Jharkhand,Chatra,2727,61
Jharkhand,Deoghar,3277,56
Jharkhand,Dhanbad,665,14
Jharkhand,Dumka,1393,5
Jharkhand,East Singhbhum,7817,65
Jharkhand,Garhwa,793,14
Jharkhand,Giridih,3138,63
Jharkhand,Godda,1682,20
Jharkhand,Gumla,2217,40
Jharkhand,Hazaribag,1,0
Jharkhand,Hazaribagh,1346,156
Jharkhand,Jamtara,1516,17
Jharkhand,Khunti,661,52
Jharkhand,Koderma,383,29
Jharkhand,Latehar,1795,37
Jharkhand,Lohardaga,1527,86
Jharkhand,Pakur,266,4
Jharkhand,Palamau,2,0
Jharkhand,Palamu,919,22
Jharkhand,Ramgarh,1489,105
Jharkhand,Ranchi,4288,308
Jharkhand,Sahebganj,2418,12
Jharkhand,Seraikela-Kharsawan,3184,146
Jharkhand,Simdega,797,16
Jharkhand,West Singhbhum,7250,46
Karnataka,Bagalkot,1523,136
Karnataka,Bangalore,19149,227
Karnataka,Bangalore Rural,677,27
Karnataka,Belgaum,11920,106
Karnataka,Bellary,5917,18
Karnataka,Bidar,233,8
Karnataka,Bijapur,680,2
Karnataka,Bijapur(KAR),2,0
Karnataka,Chamrajanagar,1765,46
Karnataka,Chickmagalur,3483,9
Karnataka,Chikkaballapur,228,12
Karnataka,Chitradurga,1969,125
Karnataka,Dakshina Kannada,4267,52
Karnataka,Davangere,2824,8
Karnataka,Dharwad,2859,197
Karnataka,Gadag,148,43
Karnataka,Gulbarga,437,22
Karnataka,Hasan,3510,28
Karnataka,Hassan,1,0
Karnataka,Haveri,119,22
Karnataka,Kodagu,396,1
Karnataka,Kolar,2866,292
Karnataka,Koppal,2301,33
Karnataka,Mandya,1693,11
Karnataka,Mysore,569,136
Karnataka,Raichur,3424,18
Karnataka,Ramanagar,798,11
Karnataka,Shimoga,2279,17
Karnataka,Tumkur,359,147
Karnataka,Udupi,479,3
Karnataka,Uttara Kannada,723,21
Karnataka,Yadgir,272,3
Kerala,Alappuzha,2598,120
Kerala,Ernakulam,4229,131
Kerala,Idukki,719,16
Kerala,Kannur,2216,145
Kerala,Kasaragod,165,449
Kerala,Kasargod,82,1
Kerala,Kollam,1132,153
Kerala,Kottayam,1505,27
Kerala,Kozhikode,1986,316
Kerala,Malappuram,3234,100
Kerala,Palakkad,1742,193
Kerala,Pathanamthitta,735,55
Kerala,Thiruvananthapuram,1999,104
Kerala,Thrissur,1815,185
Kerala,Wayanad,314,164
Lakshadweep,Lakshadweep,4,0
Madhya Pradesh,Alirajpur,442,31
Madhya Pradesh,Anuppur,1341,16
Madhya Pradesh,Ashok Nagar,215,0
Madhya Pradesh,Balaghat,6691,31
Madhya Pradesh,Barwani,239,6
Madhya Pradesh,Betul,2421,4
Madhya Pradesh,Bhind,995,5
Madhya Pradesh,Bhopal,2889,169
Madhya Pradesh,Burhanpur,672,100
Madhya Pradesh,Chhatarpur,2049,15
Madhya Pradesh,Chhindwara,3738,40
Madhya Pradesh,Damoh,1247,16
Madhya Pradesh,Datia,878,6
Madhya Pradesh,Dewas,54,5
Madhya Pradesh,Dhar,1915,55
Madhya Pradesh,Dindori,2932,95
Madhya Pradesh,Guna,828,32
Madhya Pradesh,Gwalior,399,4
Madhya Pradesh,Harda,642,38
Madhya Pradesh,Hoshangabad,893,41
Madhya Pradesh,Indore,820,27
Madhya Pradesh,Jabalpur,4111,522
Madhya Pradesh,Jhabua,449,123
Madhya Pradesh,Katni,418,4
Madhya Pradesh,Khandwa,955,171
Madhya Pradesh,Khargone,1550,26
Madhya Pradesh,Mandla,1721,51
Madhya Pradesh,Mandsaur,137,2
Madhya Pradesh,Morena,2241,28
Madhya Pradesh,Narsinghpur,2693,49
Madhya Pradesh,Neemuch,14,0
Madhya Pradesh,Panna,1773,32
Madhya Pradesh,Raisen,1738,26
Madhya Pradesh,Rajgarh,180,2
Madhya Pradesh,Ratlam,148,5
Madhya Pradesh,Rewa,3650,58
Madhya Pradesh,Sagar,2374,23
Madhya Pradesh,Satna,2439,25
Madhya Pradesh,Sehore,925,10
Madhya Pradesh,Seoni,1103,21
Madhya Pradesh,Shahdol,1304,10
Madhya Pradesh,Shajapur,24,0
Madhya Pradesh,Sheopur,40,0
Madhya Pradesh,Shivpuri,1662,12
Madhya Pradesh,Sidhi,1437,4
Madhya Pradesh,Singrauli,1178,1
Madhya Pradesh,Tikamgarh,2054,4
Madhya Pradesh,Ujjain,1432,20
Madhya Pradesh,Umaria,1127,3
Madhya Pradesh,Vidisha,695,20
Maharashtra,Ahmadnagar,13447,98
Maharashtra,Ahmed Nagar,42,1
Maharashtra,Akola,2098,11
Maharashtra,Amravati,5171,143
Maharashtra,Aurangabad,10775,486
Maharashtra,Beed,1630,18
Maharashtra,Bhandara,2542,27
Maharashtra,Buldhana,4807,44
Maharashtra,Chandrapur,4279,9
Maharashtra,Dhule,1395,140
Maharashtra,Gadchiroli,1239,3
Maharashtra,Gondia,21,0
Maharashtra,Gondiya,3315,238
Maharashtra,Hingoli,343,2
Maharashtra,Jalgaon,20871,381
Maharashtra,Jalna,3260,155
Maharashtra,Kolhapur,7231,38
Maharashtra,Latur,4019,484
Maharashtra,Mumbai,20112,855
Maharashtra,Mumbai City,8,0
Maharashtra,Mumbai( Sub Urban ),1,1
Maharashtra,Nagpur,7158,58
Maharashtra,Nanded,2053,19
Maharashtra,Nandurbar,4830,215
Maharashtra,Nashik,7438,95
Maharashtra,Osmanabad,1442,63
Maharashtra,Parbhani,995,6
Maharashtra,Pune,23134,759
Maharashtra,Raigarh,4236,42
Maharashtra,Raigarh(MH),8,0
Maharashtra,Ratnagiri,680,37
Maharashtra,Sangli,2818,17
Maharashtra,Satara,3707,23
Maharashtra,Sindhudurg,993,0
Maharashtra,Solapur,1635,309
Maharashtra,Thane,9809,182
Maharashtra,Wardha,2300,106
Maharashtra,Washim,914,13
Maharashtra,Yavatmal,6113,27
Manipur,Bishnupur,4,0
Manipur,Chandel,28,2
Manipur,Churachandpur,564,0
Manipur,Imphal East,2510,0
Manipur,Imphal West,8512,3
Manipur,Senapati,26,1
Manipur,Tamenglong,1719,2
Manipur,Thoubal,3,5
Manipur,Ukhrul,1,0
Meghalaya,East Khasi Hills,2,0
Meghalaya,West Garo Hills,2,0
Mizoram,Aizawl,2,0
Mizoram,Kolasib,1,0
Mizoram,Lunglei,1,0
Mizoram,Mammit,1,0
Nagaland,Kiphire,1,0
Nagaland,Mon,17,0
Nagaland,Phek,1,0
Nagaland,Wokha,2,0
Nagaland,Zunheboto,4,0
Odisha,Angul,6,0
Odisha,Anugul,207,1
Odisha,Balangir,72,6
Odisha,Baleswar,106,34
Odisha,Bargarh,331,46
Odisha,Baudh,1,0
Odisha,Bhadrak,315,49
Odisha,Cuttack,129,7
Odisha,Dhenkanal,436,8
Odisha,Gajapati,7,0
Odisha,Ganjam,2620,1661
Odisha,Jagatsinghapur,632,33
Odisha,Jajapur,1315,1198
Odisha,Jharsuguda,3,0
Odisha,Kalahandi,3,1
Odisha,Kandhamal,1490,225
Odisha,Kendrapara,426,91
Odisha,Kendujhar,1165,234
Odisha,Khorda,27,0
Odisha,Khordha,16,1
Odisha,Koraput,6,35
Odisha,Malkangiri,2,0
Odisha,Mayurbhanj,9698,3346
Odisha,Nabarangapur,27,0
Odisha,Nayagarh,1545,682
Odisha,Nuapada,1,0
Odisha,Puri,508,29
Odisha,Rayagada,3,0
Odisha,Sambalpur,12,12
Odisha,Sonapur,450,266
Odisha,Sundergarh,1792,54
Others,Others,58,3898
Puducherry,Karaikal,1,0
Puducherry,Pondicherry,8,0
Puducherry,Puducherry,86,86
Puducherry,Yanam,60,16
Punjab,Amritsar,4673,43
Punjab,Barnala,189,99
Punjab,Bathinda,1314,89
Punjab,Faridkot,337,3
Punjab,Fatehgarh Sahib,155,21
Punjab,Fazilka,1773,62
Punjab,Ferozepur,1685,16
Punjab,Gurdaspur,1661,170
Punjab,Hoshiarpur,2088,64
Punjab,Jalandhar,2668,158
Punjab,Kapurthala,505,11
Punjab,Ludhiana,1772,27
Punjab,Mansa,3416,15
Punjab,Moga,558,14
Punjab,Muktsar,12,3
Punjab,Pathankot,315,28
Punjab,Patiala,3959,96
Punjab,Rupnagar,1387,11
Punjab,SAS Nagar (Mohali),909,21
Punjab,Sangrur,1985,66
Punjab,Shaheed Bhagat Singh Nagar,228,23
Punjab,Sri Muktsar Sahib,2288,48
Punjab,Tarn Taran,4330,25
Rajasthan,Ajmer,1685,84
Rajasthan,Alwar,5239,224
Rajasthan,Banswara,1248,11
Rajasthan,Baran,979,8
Rajasthan,Barmer,4066,71
Rajasthan,Bharatpur,1824,15
Rajasthan,Bhilwara,1977,10
Rajasthan,Bikaner,2521,34
Rajasthan,Bundi,580,7
Rajasthan,Chittorgarh,1504,16
Rajasthan,Churu,3342,22
Rajasthan,Dausa,1811,46
Rajasthan,Dholpur,1023,2
Rajasthan,Dungarpur,628,2
Rajasthan,Ganganagar,2421,16
Rajasthan,Hanumangarh,1845,23
Rajasthan,Jaipur,8548,128
Rajasthan,Jaisalmer,390,1
Rajasthan,Jalor,2447,30
Rajasthan,Jhalawar,583,10
Rajasthan,Jhunjhunu,41,0
Rajasthan,Jhunjhunun,6849,163
Rajasthan,Jodhpur,4110,104
Rajasthan,Karauli,1181,5
Rajasthan,Kota,8082,637
Rajasthan,Nagaur,5681,49
Rajasthan,Pali,11146,467
Rajasthan,Pratapgarh,29,3
Rajasthan,Rajsamand,1119,20
Rajasthan,Sawai Madhopur,1634,14
Rajasthan,Sikar,2489,36
Rajasthan,Sirohi,660,16
Rajasthan,Tonk,1339,10
Rajasthan,Udaipur,7739,262
Sikkim,East Sikkim,120,4
Sikkim,North Sikkim,94,6
Sikkim,South Sikkim,126,2
Sikkim,West Sikkim,29,0
Tamil Nadu,Ariyalur,1516,9
Tamil Nadu,Chennai,20511,94
Tamil Nadu,Coimbatore,6205,26
Tamil Nadu,Cuddalore,176,0
Tamil Nadu,Dharmapuri,23,6
Tamil Nadu,Dindigul,1498,9
Tamil Nadu,Erode,3772,52
Tamil Nadu,Kancheepuram,1619,53
Tamil Nadu,Kanniyakumari,37,2
Tamil Nadu,Kanyakumari,11,0
Tamil Nadu,Karur,11,7
Tamil Nadu,Krishnagiri,7419,12
Tamil Nadu,Madurai,90,47
Tamil Nadu,Nagapattinam,172,1
Tamil Nadu,Namakkal,892,0
Tamil Nadu,Perambalur,11,0
Tamil Nadu,Pudukkottai,528,8
Tamil Nadu,Ramanathapuram,637,18
Tamil Nadu,Salem,910,67
Tamil Nadu,Sivaganga,668,10
Tamil Nadu,Thanjavur,4178,63
Tamil Nadu,The Nilgiris,1219,3
Tamil Nadu,Theni,1434,5
Tamil Nadu,Thiruvarur,111,1
Tamil Nadu,Thoothukkudi,4268,9
Tamil Nadu,Tiruchirappalli,83,41
Tamil Nadu,Tirunelveli,1765,2
Tamil Nadu,Tiruppur,3850,4
Tamil Nadu,Tiruvallur,3558,99
Tamil Nadu,Tiruvannamalai,6686,74
Tamil Nadu,Tiruvarur,15,0
Tamil Nadu,Tuticorin,1,0
Tamil Nadu,Vellore,7888,205
Tamil Nadu,Villupuram,7,0
Tamil Nadu,Viluppuram,1823,14
Tamil Nadu,Virudhunagar,1360,4
Tripura,Dhalai,457,44
Tripura,Gomati,14,0
Tripura,Khowai,146,58
Tripura,North Tripura,84,16
Tripura,Sepahijala,95,2
Tripura,South Tripura,21,0
Tripura,Unakoti,11,1
Tripura,West Tripura,651,26
Uttar Pradesh,Agra,46,0
Uttar Pradesh,Aligarh,42,0
Uttar Pradesh,Allahabad,1122,5
Uttar Pradesh,Ambedkar Nagar,28,0
Uttar Pradesh,Amethi,2032,27
Uttar Pradesh,Amroha,6,0
Uttar Pradesh,Auraiya,23,0
Uttar Pradesh,Azamgarh,334,4
Uttar Pradesh,Baghpat,24,0
Uttar Pradesh,Bahraich,33,1
Uttar Pradesh,Ballia,516,8
Uttar Pradesh,Balrampur,404,7
Uttar Pradesh,Banda,34,0
Uttar Pradesh,Bara Banki,59,1
Uttar Pradesh,Barabanki,1,0
Uttar Pradesh,Bareilly,660,2
Uttar Pradesh,Basti,115,3
Uttar Pradesh,Bijnor,1655,113
Uttar Pradesh,Budaun,34,0
Uttar Pradesh,Bulandshahr,36,0
Uttar Pradesh,Chandauli,673,1
Uttar Pradesh,Chitrakoot,725,24
Uttar Pradesh,Deoria,109,4
Uttar Pradesh,Etah,18,1
Uttar Pradesh,Etawah,1514,87
Uttar Pradesh,Faizabad,809,2
Uttar Pradesh,Farrukhabad,13,0
Uttar Pradesh,Fatehpur,129,1
Uttar Pradesh,Firozabad,37,1
Uttar Pradesh,Gautam Buddha Nagar,517,2
Uttar Pradesh,Ghaziabad,1068,158
Uttar Pradesh,Ghazipur,172,4
Uttar Pradesh,Gonda,127,4
Uttar Pradesh,Gorakhpur,120,0
Uttar Pradesh,Hamirpur,17,1
Uttar Pradesh,Hardoi,70,0
Uttar Pradesh,Hathras,15,0
Uttar Pradesh,Jalaun,16,0
Uttar Pradesh,Jaunpur,134,1
Uttar Pradesh,Jhansi,350,1
Uttar Pradesh,Kannauj,25,0
Uttar Pradesh,Kanpur Dehat,17,0
Uttar Pradesh,Kanpur Nagar,54,0
Uttar Pradesh,Kasganj,4,0
Uttar Pradesh,Kaushambi,116,0
Uttar Pradesh,Kheri,5,1
Uttar Pradesh,Kushinagar,75,1
Uttar Pradesh,Lalitpur,2,1
Uttar Pradesh,Lucknow,91,0
Uttar Pradesh,Maharajganj,313,2
Uttar Pradesh,Mahoba,21,2
Uttar Pradesh,Mainpuri,420,28
Uttar Pradesh,Mathura,22,0
Uttar Pradesh,Mau,45,1
Uttar Pradesh,Meerut,42,0
Uttar Pradesh,Mirzapur,32,0
Uttar Pradesh,Moradabad,6,1
Uttar Pradesh,Muzaffarnagar,528,1
Uttar Pradesh,Pilibhit,1309,3
Uttar Pradesh,Pratapgarh,268,2
Uttar Pradesh,Rae Bareli,15615,162
Uttar Pradesh,Raebareli,3,0
Uttar Pradesh,Rampur,9,0
Uttar Pradesh,Saharanpur,430,1
Uttar Pradesh,Sambhal,9,1
Uttar Pradesh,Sant Kabir Nagar,2698,29
Uttar Pradesh,Sant Ravidas Nagar,195,2
Uttar Pradesh,Shahjahanpur,19,0
Uttar Pradesh,Shamli,16,0
Uttar Pradesh,Shrawasti,7309,61
Uttar Pradesh,Siddharthnagar,42,0
Uttar Pradesh,Sitapur,9,0
Uttar Pradesh,Sonbhadra,47,0
Uttar Pradesh,Sultanpur,54,0
Uttar Pradesh,Unnao,29,0
Uttar Pradesh,Varanasi,1488,12
Uttarakhand,Almora,34,0
Uttarakhand,Bageshwar,510,3
Uttarakhand,Chamoli,15,0
Uttarakhand,Champawat,146,73
Uttarakhand,Dehradun,55,3
Uttarakhand,Hardwar,1,0
Uttarakhand,Haridwar,183,0
Uttarakhand,Nainital,18,0
Uttarakhand,Pauri Garhwal,40,0
Uttarakhand,Pithoragarh,18,0
Uttarakhand,Rudraprayag,14,1
Uttarakhand,Tehri Garhwal,414,37
Uttarakhand,Udham Singh Nagar,317,14
Uttarakhand,Uttarkashi,4,0
West Bengal,Bankura,19,0
West Bengal,Barddhaman,568,140
West Bengal,Bardhaman,471,32
West Bengal,Birbhum,23,1
West Bengal,Cooch Behar,1273,71
West Bengal,Dakshin Dinajpur,276,8
West Bengal,Darjeeling,1179,2
West Bengal,East Midnapore,6653,6434
West Bengal,Hooghly,278,1
West Bengal,Howrah,94,0
West Bengal,Jalpaiguri,391,9
West Bengal,Kolkata,63,20
West Bengal,Malda,179,10
West Bengal,Medinipur,19,14
West Bengal,Murshidabad,1813,15
West Bengal,Nadia,11120,36
West Bengal,Naihati Anandabazar,1,0
West Bengal,North 24 Parganas,214,16
West Bengal,Paschim Medinipur,43,0
West Bengal,Purba Medinipur,41,0
West Bengal,Purulia,9,0
West Bengal,Puruliya,58,1
West Bengal,South 24 Parganas,837,0
West Bengal,South Twenty Four Parganas,4007,1
West Bengal,Uttar Dinajpur,49,5
West Bengal,West Midnapore,14,18
