State,District,Aadhaar generated,Enrolment Rejected
Andhra Pradesh,Adilabad,11177,73
Andhra Pradesh,Anantapur,59,7
Andhra Pradesh,Ananthapur,1855,141
Andhra Pradesh,Chittoor,9915,192
Andhra Pradesh,Cuddapah,19464,269
Andhra Pradesh,East Godavari,10291,224
Andhra Pradesh,Guntur,9404,121
Andhra Pradesh,Hyderabad,12407,164
Andhra Pradesh,K.V.Rangareddy,25,4
Andhra Pradesh,K.v. Rangareddy,19307,185
Andhra Pradesh,Karim Nagar,1,0
Andhra Pradesh,Karimnagar,46,84
Andhra Pradesh,Khammam,42,34
Andhra Pradesh,Krishna,11069,266
Andhra Pradesh,Kurnool,16499,547
Andhra Pradesh,Mahabub Nagar,2,174
Andhra Pradesh,Mahabubnagar,87,140
Andhra Pradesh,Mahbubnagar,0,14
Andhra Pradesh,Medak,36,141
Andhra Pradesh,Nalgonda,22214,697
Andhra Pradesh,Nellore,150,80
Andhra Pradesh,Nizamabad,23,30
Andhra Pradesh,Prakasam,30,72
Andhra Pradesh,Srikakulam,217,39
Andhra Pradesh,Visakhapatnam,159,236
Andhra Pradesh,Vizianagaram,1381,79
Andhra Pradesh,Warangal,51,258
Andhra Pradesh,West Godavari,41,106
Assam,Barpeta,2,0
Assam,Bongaigaon,1,0
Assam,Cachar,1,0
Assam,Dhemaji,1,0
Assam,Dhubri,2,0
Assam,Dibrugarh,3,0
Assam,Golaghat,1,0
Assam,Kamrup,1,0
Assam,Karimganj,1,0
Assam,Lakhimpur,1,0
Assam,Nagaon,3,0
Assam,Sibsagar,1,0
Assam,Sonitpur,3,0
Assam,Tinsukia,2,0
Assam,Udalguri,2,0
Bihar,Araria,7,0
Bihar,Arwal,4190,11
Bihar,Aurangabad,368,1
Bihar,Aurangabad(BH),1,0
Bihar,Banka,19,0
Bihar,Begusarai,18,1
Bihar,Bhagalpur,30,1
Bihar,Bhojpur,22,0
Bihar,Buxar,19,0
Bihar,Darbhanga,69,4
Bihar,East Champaran,52,1
Bihar,Gaya,60,0
Bihar,Gopalganj,15,9
Bihar,Jamui,8,0
Bihar,Jehanabad,10,0
Bihar,Kaimur (Bhabua),4,0
Bihar,Katihar,20,1
Bihar,Khagaria,14,1
Bihar,Kishanganj,14,1
Bihar,Lakhisarai,3,0
Bihar,Madhepura,5,1
Bihar,Madhubani,55,1
Bihar,Munger,5,1
Bihar,Muzaffarpur,31,0
Bihar,Nalanda,12,22
Bihar,Nawada,20,0
Bihar,Patna,40,0
Bihar,Purnia,4,0
Bihar,Rohtas,25,10
Bihar,Saharsa,3,0
Bihar,Samastipur,28,0
Bihar,Saran,39,1
Bihar,Sheikhpura,11646,70
Bihar,Sheohar,383,4
Bihar,Sitamarhi,41,0
Bihar,Siwan,31,0
Bihar,Supaul,7,0
Bihar,Vaishali,17,10
Bihar,West Champaran,6,0
Chandigarh,Chandigarh,2134,26
Chhattisgarh,Balod,2,1
Chhattisgarh,Baloda Bazar,1,0
Chhattisgarh,Bemetara,2,0
Chhattisgarh,Bilaspur,1296,2
Chhattisgarh,Dhamtari,7714,57
Chhattisgarh,Durg,8,11
Chhattisgarh,Janjgir-champa,2,0
Chhattisgarh,Jashpur,1,0
Chhattisgarh,Korba,0,94
Chhattisgarh,Koriya,6400,19
Chhattisgarh,Raigarh,1,0
Chhattisgarh,Raipur,9,0
Chhattisgarh,Rajnandgaon,13,0
Dadra and Nagar Haveli,Dadra and Nagar Haveli,13,15
Daman and Diu,Daman,229,6
Daman and Diu,Diu,58,3
Delhi,Central Delhi,2230,74
Delhi,East Delhi,5115,212
Delhi,Najafgarh,0,7
Delhi,New Delhi,6,0
Delhi,North Delhi,2233,53
Delhi,North East,377,48
Delhi,North East Delhi,3415,115
Delhi,North West Delhi,12162,650
Delhi,South Delhi,9102,208
Delhi,South West Delhi,3589,168
Delhi,West Delhi,4824,290
Goa,Bardez,3,0
Goa,North Goa,307,111
Goa,South Goa,131,0
Gujarat,Ahmedabad,199,6
Gujarat,Amreli,0,3
Gujarat,Anand,14668,21
Gujarat,Banaskantha,51,8
Gujarat,Bharuch,9,5
Gujarat,Bhavnagar,1745,5
Gujarat,Dahod,3,0
Gujarat,Dohad,0,2
Gujarat,Gandhinagar,58,3
Gujarat,Jamnagar,2,13
Gujarat,Junagadh,22,8
Gujarat,Kachchh,16,2
Gujarat,Kheda,195,2
Gujarat,Mahesana,16946,103
Gujarat,Narmada,1,1
Gujarat,Navsari,16,1
Gujarat,Panchmahals,12,5
Gujarat,Patan,66,3
Gujarat,Porbandar,1,1
Gujarat,Rajkot,12,13
Gujarat,Sabarkantha,45,1
Gujarat,Surat,71,16
Gujarat,Surendra Nagar,12,0
Gujarat,Tapi,3,1
Gujarat,The Dangs,165,0
Gujarat,Vadodara,61,1
Gujarat,Valsad,2057,3
Haryana,Ambala,6395,38
Haryana,Bhiwani,24,8
Haryana,Faridabad,87,13
Haryana,Fatehabad,6,1
Haryana,Gurgaon,10,8
Haryana,Hisar,7,16
Haryana,Jhajjar,11,6
Haryana,Jind,68,0
Haryana,Kaithal,11,4
Haryana,Karnal,7,19
Haryana,Kurukshetra,136,377
Haryana,Mahendragarh,92,1
Haryana,Mewat,1,4
Haryana,Palwal,5,9
Haryana,Panchkula,29,7
Haryana,Panipat,11,38
Haryana,Rewari,17,4
Haryana,Rohtak,4,7
Haryana,Sirsa,60,12
Haryana,Sonipat,7002,72
Haryana,Yamuna Nagar,376,3
Himachal Pradesh,Bilaspur,1031,6
Himachal Pradesh,Chamba,10,0
Himachal Pradesh,Hamirpur,840,2
Himachal Pradesh,Kangra,163,4
Himachal Pradesh,Kinnaur,319,0
Himachal Pradesh,Kullu,229,4
Himachal Pradesh,Lahul and Spiti,4,0
Himachal Pradesh,Mandi,642,6
Himachal Pradesh,Shimla,362,1
Himachal Pradesh,Sirmaur,9,0
Himachal Pradesh,Solan,1220,12
Himachal Pradesh,Una,370,3
Jammu and Kashmir,Anantnag,1,16
Jammu and Kashmir,Doda,2,4
Jammu and Kashmir,Jammu,17,18
Jammu and Kashmir,Kargil,0,1
Jammu and Kashmir,Kathua,9,0
Jammu and Kashmir,Kupwara,2,0
Jammu and Kashmir,Pulwama,1,10
Jammu and Kashmir,Punch,11,0
Jammu and Kashmir,Rajouri,1,0
Jammu and Kashmir,Udhampur,3,0
Jharkhand,Bokaro,7095,79
Jharkhand,Chatra,3975,21
Jharkhand,Deoghar,96,61
Jharkhand,Dhanbad,43,18
Jharkhand,Dumka,26,29
Jharkhand,East Singhbhum,1551,15
Jharkhand,Garhwa,81,7
Jharkhand,Giridih,9946,55
Jharkhand,Godda,628,5
Jharkhand,Gumla,57,17
Jharkhand,Hazaribagh,8277,65
Jharkhand,Jamtara,308,3
Jharkhand,Khunti,2759,39
Jharkhand,Koderma,1302,13
Jharkhand,Latehar,44,2
Jharkhand,Lohardaga,6036,110
Jharkhand,Pakur,320,8
Jharkhand,Palamau,1,0
Jharkhand,Palamu,43,11
Jharkhand,Ramgarh,10453,63
Jharkhand,Ranchi,18614,169
Jharkhand,Sahebganj,602,5
Jharkhand,Seraikela-Kharsawan,11744,58
Jharkhand,Simdega,451,3
Jharkhand,West Singhbhum,2567,21
Karnataka,Bagalkot,1,35
Karnataka,Bangalore,30,100
Karnataka,Bangalore Rural,0,31
Karnataka,Belgaum,27,67
Karnataka,Bellary,2,7
Karnataka,Bidar,10,2
Karnataka,Bijapur,3,9
Karnataka,Chamrajanagar,1,36
Karnataka,Chickmagalur,0,5
Karnataka,Chikkaballapur,1,11
Karnataka,Chitradurga,1,16
Karnataka,Dakshina Kannada,7,56
Karnataka,Davangere,1,31
Karnataka,Dharwad,4065,145
Karnataka,Gadag,1,6
Karnataka,Gulbarga,9,7
Karnataka,Hasan,1,4
Karnataka,Haveri,1,6
Karnataka,Kodagu,3,17
Karnataka,Kolar,4,106
Karnataka,Koppal,2,14
Karnataka,Mandya,7,5
Karnataka,Mysore,2364,28
Karnataka,Raichur,3,1
Karnataka,Ramanagar,2,10
Karnataka,Shimoga,1,5
Karnataka,Tumkur,2697,34
Karnataka,Udupi,7,1
Karnataka,Uttara Kannada,6,26
Karnataka,Yadgir,2,14
Kerala,Alappuzha,4573,193
Kerala,Ernakulam,4940,61
Kerala,Idukki,1152,26
Kerala,Kannur,3654,94
Kerala,Kasaragod,2,66
Kerala,Kasargod,1,165
Kerala,Kollam,1,343
Kerala,Kottayam,3449,22
Kerala,Kozhikode,11533,623
Kerala,Malappuram,8,246
Kerala,Palakkad,6698,140
Kerala,Pathanamthitta,1825,16
Kerala,Thiruvananthapuram,6068,227
Kerala,Thrissur,3038,102
Kerala,Wayanad,550,13
Lakshadweep,Lakshadweep,8,0
Madhya Pradesh,Alirajpur,63,10
Madhya Pradesh,Anuppur,6,1
Madhya Pradesh,Ashok Nagar,1,1
Madhya Pradesh,Balaghat,21,9
Madhya Pradesh,Barwani,1,1
Madhya Pradesh,Betul,20,2
Madhya Pradesh,Bhind,19,4
Madhya Pradesh,Bhopal,5457,110
Madhya Pradesh,Burhanpur,1027,12
Madhya Pradesh,Chhatarpur,23,12
Madhya Pradesh,Chhindwara,562,10
Madhya Pradesh,Damoh,24,2
Madhya Pradesh,Datia,1,2
Madhya Pradesh,Dewas,6,8
Madhya Pradesh,Dhar,251,18
Madhya Pradesh,Dindori,25,9
Madhya Pradesh,Guna,140,16
Madhya Pradesh,Gwalior,6,17
Madhya Pradesh,Harda,648,9
Madhya Pradesh,Hoshangabad,2947,72
Madhya Pradesh,Indore,74,16
Madhya Pradesh,Jabalpur,6177,106
Madhya Pradesh,Jhabua,74,5
Madhya Pradesh,Katni,25,6
Madhya Pradesh,Khandwa,574,25
Madhya Pradesh,Khargone,72,17
Madhya Pradesh,Mandla,29,26
Madhya Pradesh,Mandsaur,5,1
Madhya Pradesh,Morena,4,7
Madhya Pradesh,Narsinghpur,17,21
Madhya Pradesh,Neemuch,0,1
Madhya Pradesh,Panna,89,4
Madhya Pradesh,Raisen,178,11
Madhya Pradesh,Rajgarh,11,14
Madhya Pradesh,Ratlam,2,0
Madhya Pradesh,Rewa,27,34
Madhya Pradesh,Sagar,44,11
Madhya Pradesh,Satna,35,33
Madhya Pradesh,Sehore,92,18
Madhya Pradesh,Seoni,24,8
Madhya Pradesh,Shahdol,135,2
Madhya Pradesh,Shajapur,1,0
Madhya Pradesh,Sheopur,9,3
Madhya Pradesh,Shivpuri,30,2
Madhya Pradesh,Sidhi,10,2
Madhya Pradesh,Singrauli,2,2
Madhya Pradesh,Tikamgarh,3,3
Madhya Pradesh,Ujjain,20,15
Madhya Pradesh,Umaria,2,3
Madhya Pradesh,Vidisha,132,15
Maharashtra,Ahmadnagar,456,32
Maharashtra,Ahmed Nagar,0,2
Maharashtra,Akola,40,10
Maharashtra,Amravati,12558,72
Maharashtra,Aurangabad,13798,232
Maharashtra,Beed,255,17
Maharashtra,Bhandara,11,78
Maharashtra,Buldhana,238,8
Maharashtra,Chandrapur,20,25
Maharashtra,Dhule,359,22
Maharashtra,Gadchiroli,4,3
Maharashtra,Gondia,0,1
Maharashtra,Gondiya,12422,354
Maharashtra,Hingoli,41,3
Maharashtra,Jalgaon,20757,184
Maharashtra,Jalna,3446,87
Maharashtra,Kolhapur,209,20
Maharashtra,Latur,5834,80
Maharashtra,Mumbai,55801,307
Maharashtra,Mumbai( Sub Urban ),1,0
Maharashtra,Nagpur,37,163
Maharashtra,Nanded,85,13
Maharashtra,Nandurbar,9912,48
Maharashtra,Nashik,427,44
Maharashtra,Osmanabad,73,49
Maharashtra,Parbhani,84,7
Maharashtra,Pune,48470,171
Maharashtra,Raigarh,436,12
Maharashtra,Raigarh(MH),2,0
Maharashtra,Ratnagiri,1072,3
Maharashtra,Sangli,60,23
Maharashtra,Satara,200,17
Maharashtra,Sindhudurg,84,1
Maharashtra,Solapur,246,95
Maharashtra,Thane,2565,173
Maharashtra,Wardha,2580,196
Maharashtra,Washim,35,1
Maharashtra,Yavatmal,30,17
Manipur,Bishnupur,1,0
Manipur,Imphal East,4,0
Manipur,Imphal West,4,0
Manipur,Senapati,2,1
Manipur,Thoubal,3,1
Meghalaya,East Khasi Hills,2,0
Mizoram,Aizawl,1,0
Nagaland,Dimapur,2,7
Nagaland,Kohima,0,2
Nagaland,Mon,0,1
Nagaland,Wokha,2,1
Nagaland,Zunheboto,1,0
Odisha,Angul,2,0
Odisha,Balangir,48,8
Odisha,Baleswar,21,227
Odisha,Bargarh,2,10
Odisha,Bhadrak,11,123
Odisha,Cuttack,277,8
Odisha,Dhenkanal,44,1
Odisha,Gajapati,2,0
Odisha,Ganjam,29,37
Odisha,Jagatsinghapur,397,29
Odisha,Jajapur,15,1
Odisha,Jharsuguda,3,0
Odisha,Kandhamal,0,1
Odisha,Kendrapara,541,18
Odisha,Kendujhar,3,29
Odisha,Khorda,11,0
Odisha,Khordha,18,10
Odisha,Koraput,0,20
Odisha,Mayurbhanj,6,1
Odisha,Nabarangapur,0,3
Odisha,Nayagarh,5,0
Odisha,Puri,1468,82
Odisha,Rayagada,1,0
Odisha,Sambalpur,2,0
Odisha,Sonapur,10,0
Odisha,Sundergarh,7,7
Others,Others,152,140
Puducherry,Puducherry,364,9
Puducherry,Yanam,10,0
Punjab,Amritsar,504,8
Punjab,Barnala,1726,36
Punjab,Bathinda,639,21
Punjab,Faridkot,206,6
Punjab,Fatehgarh Sahib,798,11
Punjab,Fazilka,77,7
Punjab,Ferozepur,29,7
Punjab,Gurdaspur,16717,106
Punjab,Hoshiarpur,208,3
Punjab,Jalandhar,9390,95
Punjab,Kapurthala,76,13
Punjab,Ludhiana,12,38
Punjab,Mansa,8,2
Punjab,Moga,215,7
Punjab,Muktsar,1,0
Punjab,Nawanshahr,5,1
Punjab,Pathankot,594,12
Punjab,Patiala,123,18
Punjab,Rupnagar,334,2
Punjab,SAS Nagar (Mohali),58,3
Punjab,Sangrur,66,11
Punjab,Shaheed Bhagat Singh Nagar,74,6
Punjab,Sri Muktsar Sahib,80,8
Punjab,Tarn Taran,8,1
Rajasthan,Ajmer,19825,159
Rajasthan,Alwar,33512,310
Rajasthan,Banswara,13,4
Rajasthan,Baran,2,17
Rajasthan,Barmer,11,28
Rajasthan,Bharatpur,332,2
Rajasthan,Bhilwara,56,20
Rajasthan,Bikaner,9,9
Rajasthan,Bundi,1,6
Rajasthan,Chittorgarh,122,6
Rajasthan,Churu,72,42
Rajasthan,Dausa,1212,49
Rajasthan,Dholpur,6,3
Rajasthan,Dungarpur,14,4
Rajasthan,Ganganagar,16,6
Rajasthan,Hanumangarh,3,22
Rajasthan,Jaipur,770,41
Rajasthan,Jalor,12,14
Rajasthan,Jhalawar,3,7
Rajasthan,Jhunjhunu,9,1
Rajasthan,Jhunjhunun,14715,99
Rajasthan,Jodhpur,614,12
Rajasthan,Karauli,60,5
Rajasthan,Kota,13912,135
Rajasthan,Nagaur,1459,17
Rajasthan,Pali,23577,132
Rajasthan,Pratapgarh,5,4
Rajasthan,Rajsamand,15,4
Rajasthan,Sawai Madhopur,523,10
Rajasthan,Sikar,298,13
Rajasthan,Sirohi,3,9
Rajasthan,Tonk,33,6
Rajasthan,Udaipur,39495,317
Sikkim,East Sikkim,361,2
Sikkim,North Sikkim,365,1
Sikkim,South Sikkim,435,6
Sikkim,West Sikkim,50,1
Tamil Nadu,Ariyalur,2663,9
Tamil Nadu,Chennai,12,566
Tamil Nadu,Coimbatore,11,238
Tamil Nadu,Cuddalore,0,17
Tamil Nadu,Dharmapuri,2,174
Tamil Nadu,Dindigul,3,64
Tamil Nadu,Erode,2,163
Tamil Nadu,Kancheepuram,19,351
Tamil Nadu,Kanchipuram,0,2
Tamil Nadu,Kanniyakumari,2,161
Tamil Nadu,Kanyakumari,2,0
Tamil Nadu,Karur,2,75
Tamil Nadu,Krishnagiri,2,111
Tamil Nadu,Madurai,9,159
Tamil Nadu,Nagapattinam,0,9
Tamil Nadu,Namakkal,0,82
Tamil Nadu,Perambalur,0,2
Tamil Nadu,Pudukkottai,15,38
Tamil Nadu,Ramanathapuram,2,117
Tamil Nadu,Salem,2,445
Tamil Nadu,Sivaganga,1,34
Tamil Nadu,Thanjavur,15,345
Tamil Nadu,The Nilgiris,0,41
Tamil Nadu,Theni,2,622
Tamil Nadu,Thiruvarur,0,11
Tamil Nadu,Thoothukkudi,10,153
Tamil Nadu,Tiruchirappalli,5837,61
Tamil Nadu,Tirunelveli,8,332
Tamil Nadu,Tiruppur,2,365
Tamil Nadu,Tiruvallur,3,412
Tamil Nadu,Tiruvannamalai,2,440
Tamil Nadu,Vellore,12,475
Tamil Nadu,Villupuram,0,8
Tamil Nadu,Viluppuram,3,482
Tamil Nadu,Virudhunagar,6,88
Tripura,Dhalai,177,0
Tripura,Gomati,1,0
Tripura,Khowai,435,6
Tripura,North Tripura,234,2
Tripura,Sepahijala,2,0
Tripura,South Tripura,2,0
Tripura,West Tripura,314,3
Uttar Pradesh,Agra,21,0
Uttar Pradesh,Aligarh,10,7
Uttar Pradesh,Allahabad,37,0
Uttar Pradesh,Ambedkar Nagar,22,0
Uttar Pradesh,Amethi,10418,31
Uttar Pradesh,Amroha,2,0
Uttar Pradesh,Auraiya,8,0
Uttar Pradesh,Azamgarh,50,19
Uttar Pradesh,Baghpat,6,0
Uttar Pradesh,Bahraich,21,0
Uttar Pradesh,Ballia,31,7
Uttar Pradesh,Balrampur,25,0
Uttar Pradesh,Banda,21,0
Uttar Pradesh,Bara Banki,9,10
Uttar Pradesh,Bareilly,7,4
Uttar Pradesh,Basti,37,4
Uttar Pradesh,Bijnor,14,49
Uttar Pradesh,Budaun,6,0
Uttar Pradesh,Bulandshahar,4,0
Uttar Pradesh,Bulandshahr,8,0
Uttar Pradesh,Chandauli,15,10
Uttar Pradesh,Chitrakoot,3243,9
Uttar Pradesh,Deoria,42,0
Uttar Pradesh,Etah,5,0
Uttar Pradesh,Etawah,3421,36
Uttar Pradesh,Faizabad,19,39
Uttar Pradesh,Farrukhabad,6,0
Uttar Pradesh,Fatehpur,17,4
Uttar Pradesh,Firozabad,6,0
Uttar Pradesh,Gautam Buddha Nagar,11,0
Uttar Pradesh,Ghaziabad,16,8
Uttar Pradesh,Ghazipur,54,12
Uttar Pradesh,Gonda,46,4
Uttar Pradesh,Gorakhpur,48,16
Uttar Pradesh,Hamirpur,81,0
Uttar Pradesh,Hardoi,5,0
Uttar Pradesh,Hathras,6,0
Uttar Pradesh,Jalaun,2,0
Uttar Pradesh,Jaunpur,83,2
Uttar Pradesh,Jhansi,1,0
Uttar Pradesh,Jyotiba Phule Nagar,2,0
Uttar Pradesh,Kannauj,5,0
Uttar Pradesh,Kanpur Dehat,5,0
Uttar Pradesh,Kanpur Nagar,10,0
Uttar Pradesh,Kasganj,2,0
Uttar Pradesh,Kaushambi,7,15
Uttar Pradesh,Kheri,6,0
Uttar Pradesh,Kushinagar,23,0
Uttar Pradesh,Lucknow,10,1
Uttar Pradesh,Maharajganj,25,6
Uttar Pradesh,Mahoba,1,56
Uttar Pradesh,Mahrajganj,1,0
Uttar Pradesh,Mainpuri,5,7
Uttar Pradesh,Mathura,11,1
Uttar Pradesh,Mau,28,0
Uttar Pradesh,Meerut,17,12
Uttar Pradesh,Mirzapur,17,0
Uttar Pradesh,Moradabad,4,0
Uttar Pradesh,Muzaffarnagar,12,0
Uttar Pradesh,Pilibhit,1,77
Uttar Pradesh,Pratapgarh,40,10
Uttar Pradesh,Rae Bareli,24294,195
Uttar Pradesh,Raebareli,8,0
Uttar Pradesh,Rampur,3,0
Uttar Pradesh,Saharanpur,4,0
Uttar Pradesh,Sant Kabir Nagar,5919,26
Uttar Pradesh,Sant Ravidas Nagar,38,40
Uttar Pradesh,Shahjahanpur,4,0
Uttar Pradesh,Shamli,2,0
Uttar Pradesh,Shrawasti,9782,18
Uttar Pradesh,Siddharthnagar,55,0
Uttar Pradesh,Sitapur,3,0
Uttar Pradesh,Sonbhadra,1,0
Uttar Pradesh,Sultanpur,27,0
Uttar Pradesh,Unnao,11,1
Uttar Pradesh,Varanasi,27,9
Uttarakhand,Almora,6,1
Uttarakhand,Bageshwar,4187,4
Uttarakhand,Chamoli,3,0
Uttarakhand,Champawat,861,7
Uttarakhand,Dehradun,13,28
Uttarakhand,Garhwal,1,0
Uttarakhand,Haridwar,6,5
Uttarakhand,Nainital,3,0
Uttarakhand,Pauri Garhwal,2,0
Uttarakhand,Pithoragarh,6,0
Uttarakhand,Rudraprayag,6,0
Uttarakhand,Tehri Garhwal,6915,15
Uttarakhand,Udham Singh Nagar,54,9
Uttarakhand,Uttarkashi,1,0
West Bengal,Bankura,7,0
West Bengal,Barddhaman,23,1
West Bengal,Birbhum,10,20
West Bengal,Cooch Behar,362,6
West Bengal,Dakshin Dinajpur,3,88
West Bengal,Darjeeling,40,34
West Bengal,East Midnapore,1,0
West Bengal,Hooghly,24,5
West Bengal,Howrah,128,8
West Bengal,Jalpaiguri,28,27
West Bengal,Kolkata,9,1
West Bengal,Malda,9,111
West Bengal,Medinipur,3,1
West Bengal,Murshidabad,24,53
West Bengal,Nadia,8,87
West Bengal,North 24 Parganas,32,2
West Bengal,North Dinajpur,0,4
West Bengal,Paschim Medinipur,36,0
West Bengal,Purba Medinipur,15,0
West Bengal,Purulia,0,2
West Bengal,Puruliya,17,3
West Bengal,South 24 Parganas,5,14
West Bengal,South Twenty Four Parganas,0,138
West Bengal,Uttar Dinajpur,12,28
West Bengal,West Midnapore,1,0
