State,District,Aadhaar generated,Enrolment Rejected
Andaman and Nicobar Islands,Andamans,0,1
Andaman and Nicobar Islands,North And Middle Andaman,1,0
Andhra Pradesh,Adilabad,64,1195
Andhra Pradesh,Ananthapur,377,352
Andhra Pradesh,Chittoor,26,198
Andhra Pradesh,Cuddapah,44,158
Andhra Pradesh,East Godavari,106,615
Andhra Pradesh,Guntur,45,171
Andhra Pradesh,Hyderabad,118,555
Andhra Pradesh,Karimnagar,66,105
Andhra Pradesh,Khammam,127,43
Andhra Pradesh,Krishna,15,115
Andhra Pradesh,Kurnool,142,1585
Andhra Pradesh,Mahbubnagar,166,239
Andhra Pradesh,Medak,110,138
Andhra Pradesh,Nalgonda,100,437
Andhra Pradesh,Nellore,66,67
Andhra Pradesh,Nizamabad,127,156
Andhra Pradesh,Prakasam,95,120
Andhra Pradesh,Ranga Reddy,50,637
Andhra Pradesh,Srikakulam,135,620
Andhra Pradesh,Visakhapatnam,53,402
Andhra Pradesh,Vizianagaram,363,396
Andhra Pradesh,Warangal,89,131
Andhra Pradesh,West Godavari,177,337
Arunachal Pradesh,Changlang,4,0
Arunachal Pradesh,East Siang,1,0
Assam,Baksa,2,0
Assam,Barpeta,13,1
Assam,Bongaigaon,1,0
Assam,Cachar,17,0
Assam,Chirang,4,0
Assam,Goalpara,3,0
Assam,Golaghat,3,0
Assam,Hailakandi,5,0
Assam,Jorhat,1,0
Assam,Kamrup,5,1
Assam,Karimganj,5,0
Assam,Kokrajhar,1,0
Assam,Lakhimpur,3,0
Assam,Nagaon,5,0
Assam,Nalbari,2,0
Assam,North Cachar Hills,1,0
Assam,Sibsagar,1,0
Assam,Sonitpur,1,0
Assam,Tinsukia,4,0
Assam,Udalguri,9,0
Bihar,Araria,44,4
Bihar,Arwal,93,5
Bihar,Aurangabad,50,20
Bihar,Banka,1092,79
Bihar,Begusarai,491,16
Bihar,Bhagalpur,389,24
Bihar,Bhojpur,365,7
Bihar,Buxar,80,3
Bihar,Darbhanga,139,5
Bihar,East Champaran,681,22
Bihar,Gaya,1022,20
Bihar,Gopalganj,210,17
Bihar,Jamui,295,10
Bihar,Jehanabad,26,24
Bihar,Kaimur (Bhabua),33,0
Bihar,Katihar,226,66
Bihar,Khagaria,19,1
Bihar,Kishanganj,22,19
Bihar,Lakhisarai,266,4
Bihar,Madhepura,63,10
Bihar,Madhubani,1077,17
Bihar,Munger,241,57
Bihar,Muzaffarpur,9418,270
Bihar,Nalanda,185,13
Bihar,Nawada,34,38
Bihar,Patna,8146,409
Bihar,Purnia,3079,151
Bihar,Rohtas,734,214
Bihar,Saharsa,44,14
Bihar,Samastipur,155,22
Bihar,Saran,3270,58
Bihar,Sheikhpura,46,26
Bihar,Sheohar,39,43
Bihar,Sitamarhi,659,9
Bihar,Siwan,1142,51
Bihar,Supaul,237,10
Bihar,Vaishali,244,16
Bihar,West Champaran,542,9
Chandigarh,Chandigarh,35,27
Chhattisgarh,Balod,148,3
Chhattisgarh,Baloda Bazar,1003,26
Chhattisgarh,Balrampur,1,0
Chhattisgarh,Bastar,42,1
Chhattisgarh,Bemetara,5,1
Chhattisgarh,Bilaspur,15483,448
Chhattisgarh,Dhamtari,76,5
Chhattisgarh,Durg,5748,199
Chhattisgarh,Gariyaband,24,5
Chhattisgarh,Janjgir Champa,3251,187
Chhattisgarh,Jashpur,4,1
Chhattisgarh,Kabeerdham,2,0
Chhattisgarh,Kanker,94,2
Chhattisgarh,Kawardha,1,0
Chhattisgarh,Kondagaon,1883,79
Chhattisgarh,Korba,38,2
Chhattisgarh,Koriya,33,75
Chhattisgarh,Mahasamund,1702,58
Chhattisgarh,Mungeli,351,60
Chhattisgarh,Narayanpur,47,0
Chhattisgarh,Raigarh,17,4
Chhattisgarh,Raipur,30,11
Chhattisgarh,Rajnandgaon,11,0
Chhattisgarh,Surajpur,3,2
Chhattisgarh,Surguja,34,4
Chhattisgarh,Uttar Bastar Kanker,353,0
Dadra and Nagar Haveli,Dadra and Nagar Haveli,2,3
Daman and Diu,Daman,6,4
Delhi,Central Delhi,55,65
Delhi,East Delhi,134,507
Delhi,New Delhi,2,3
Delhi,North Delhi,25,107
Delhi,North East,0,92
Delhi,North East Delhi,148,426
Delhi,North West Delhi,260,591
Delhi,South Delhi,333,720
Delhi,South West Delhi,76,116
Delhi,West Delhi,175,219
Goa,North Goa,10,44
Goa,South Goa,19,17
Gujarat,Ahmedabad,2027,234
Gujarat,Amreli,3346,40
Gujarat,Anand,48,222
Gujarat,Banaskantha,137,61
Gujarat,Bharuch,24,14
Gujarat,Bhavnagar,4049,428
Gujarat,Dahod,650,86
Gujarat,Gandhinagar,274,12
Gujarat,Jamnagar,1154,26
Gujarat,Junagadh,120,63
Gujarat,Kachchh,2561,82
Gujarat,Kheda,721,45
Gujarat,Mahesana,35,277
Gujarat,Narmada,2,7
Gujarat,Navsari,177,35
Gujarat,Panchmahal,3749,124
Gujarat,Patan,175,9
Gujarat,Porbandar,219,5
Gujarat,Rajkot,239,60
Gujarat,Sabarkantha,7983,200
Gujarat,Surat,3797,406
Gujarat,Surendranagar,232,28
Gujarat,Tapi,35,12
Gujarat,The Dangs,152,5
Gujarat,Vadodara,2534,192
Gujarat,Valsad,492,117
Haryana,Ambala,32,163
Haryana,Bhiwani,254,31
Haryana,Faridabad,106,46
Haryana,Fatehabad,281,9
Haryana,Gurgaon,120,39
Haryana,Hisar,477,37
Haryana,Jhajjar,143,11
Haryana,Jind,137,17
Haryana,Kaithal,45,25
Haryana,Karnal,122,70
Haryana,Kurukshetra,106,21
Haryana,Mahendragarh,184,25
Haryana,Mewat,115,42
Haryana,Palwal,46,31
Haryana,Panchkula,5,4
Haryana,Panipat,53,25
Haryana,Rewari,178,19
Haryana,Rohtak,108,10
Haryana,Sirsa,160,28
Haryana,Sonipat,56,118
Haryana,Yamuna Nagar,632,16
Himachal Pradesh,Bilaspur,5,7
Himachal Pradesh,Chamba,13,140
Himachal Pradesh,Hamirpur,8,14
Himachal Pradesh,Kangra,25,258
Himachal Pradesh,Kinnaur,0,1
Himachal Pradesh,Kullu,7,41
Himachal Pradesh,Lahul and Spiti,0,1
Himachal Pradesh,Mandi,25,77
Himachal Pradesh,Shimla,23,78
Himachal Pradesh,Sirmaur,35,22
Himachal Pradesh,Solan,5,13
Himachal Pradesh,Una,4,30
Jammu and Kashmir,Anantnag,3,2
Jammu and Kashmir,Badgam,1,8
Jammu and Kashmir,Bandipore,36,27
Jammu and Kashmir,Baramula,16,1
Jammu and Kashmir,Doda,241,3
Jammu and Kashmir,Jammu,5111,46
Jammu and Kashmir,Kargil,3,5
Jammu and Kashmir,Kathua,195,18
Jammu and Kashmir,Kupwara,207,3
Jammu and Kashmir,Leh,3,2
Jammu and Kashmir,Pulwama,1,1
Jammu and Kashmir,Punch,5,0
Jammu and Kashmir,Rajouri,7,0
Jammu and Kashmir,Reasi,4,6
Jammu and Kashmir,Srinagar,7,0
Jammu and Kashmir,Udhampur,23,12
Jharkhand,Bokaro,52,351
Jharkhand,Chatra,7,17
Jharkhand,Deoghar,107,39
Jharkhand,Dhanbad,73,48
Jharkhand,Dumka,166,34
Jharkhand,East Singhbhum,149,66
Jharkhand,Garhwa,29,66
Jharkhand,Giridih,106,88
Jharkhand,Godda,162,74
Jharkhand,Gumla,11,68
Jharkhand,Hazaribagh,71,227
Jharkhand,Jamtara,40,32
Jharkhand,Khunti,53,53
Jharkhand,Koderma,128,28
Jharkhand,Latehar,7,68
Jharkhand,Lohardaga,17,40
Jharkhand,Pakur,47,48
Jharkhand,Palamu,93,124
Jharkhand,Ramgarh,19,93
Jharkhand,Ranchi,108,245
Jharkhand,Sahibganj,70,25
Jharkhand,Seraikela-Kharsawan,7,64
Jharkhand,Simdega,10,23
Jharkhand,West Singhbhum,50,35
Karnataka,Bagalkot,11,25
Karnataka,Bangalore,178,132
Karnataka,Bangalore Rural,6,23
Karnataka,Belgaum,12,187
Karnataka,Bellary,99,73
Karnataka,Bidar,18,64
Karnataka,Bijapur,1250,86
Karnataka,Bijapur(KAR),5,5
Karnataka,Chamarajanagar,140,16
Karnataka,Chikkaballapur,296,35
Karnataka,Chikmagalur,1,2
Karnataka,Chitradurga,18,29
Karnataka,Dakshina Kannada,11,32
Karnataka,Davangere,573,43
Karnataka,Dharwad,11,64
Karnataka,Gadag,5,52
Karnataka,Gulbarga,736,62
Karnataka,Hassan,37,29
Karnataka,Haveri,196,50
Karnataka,Kodagu,1,11
Karnataka,Kolar,106,45
Karnataka,Koppal,5,10
Karnataka,Mandya,19,25
Karnataka,Mysore,2,49
Karnataka,Raichur,590,228
Karnataka,Ramanagar,28,8
Karnataka,Shimoga,264,19
Karnataka,Tumkur,29,228
Karnataka,Udupi,6,10
Karnataka,Uttara Kannada,2,14
Karnataka,Yadgir,21,38
Kerala,Alappuzha,149,62
Kerala,Ernakulam,362,90
Kerala,Idukki,142,26
Kerala,Kannur,243,57
Kerala,Kasaragod,71,33
Kerala,Kollam,102,89
Kerala,Kottayam,324,44
Kerala,Kozhikode,399,87
Kerala,Malappuram,449,85
Kerala,Palakkad,247,40
Kerala,Pathanamthitta,146,22
Kerala,Thiruvananthapuram,216,74
Kerala,Thrissur,351,95
Kerala,Wayanad,115,25
Lakshadweep,Lakshadweep,1,3
Madhya Pradesh,Alirajpur,124,13
Madhya Pradesh,Anuppur,41,7
Madhya Pradesh,Ashok Nagar,10,20
Madhya Pradesh,Balaghat,181,28
Madhya Pradesh,Barwani,314,224
Madhya Pradesh,Betul,153,26
Madhya Pradesh,Bhind,189,39
Madhya Pradesh,Bhopal,38,293
Madhya Pradesh,Burhanpur,10,83
Madhya Pradesh,Chhatarpur,180,38
Madhya Pradesh,Chhindwara,210,80
Madhya Pradesh,Damoh,400,61
Madhya Pradesh,Datia,505,11
Madhya Pradesh,Dewas,651,191
Madhya Pradesh,Dhar,272,41
Madhya Pradesh,Dindori,110,34
Madhya Pradesh,Guna,143,25
Madhya Pradesh,Gwalior,721,92
Madhya Pradesh,Harda,70,16
Madhya Pradesh,Hoshangabad,40,86
Madhya Pradesh,Indore,90,53
Madhya Pradesh,Jabalpur,102,408
Madhya Pradesh,Jhabua,142,16
Madhya Pradesh,Katni,26,12
Madhya Pradesh,Khandwa,61,74
Madhya Pradesh,Khargone,227,59
Madhya Pradesh,Mandla,669,76
Madhya Pradesh,Mandsaur,121,39
Madhya Pradesh,Morena,570,47
Madhya Pradesh,Narsinghpur,79,19
Madhya Pradesh,Neemuch,28,3
Madhya Pradesh,Panna,28,5
Madhya Pradesh,Raisen,166,27
Madhya Pradesh,Rajgarh,1620,66
Madhya Pradesh,Ratlam,365,196
Madhya Pradesh,Rewa,175,13
Madhya Pradesh,Sagar,206,45
Madhya Pradesh,Satna,370,36
Madhya Pradesh,Sehore,708,59
Madhya Pradesh,Seoni,270,37
Madhya Pradesh,Shahdol,125,17
Madhya Pradesh,Shajapur,204,72
Madhya Pradesh,Sheopur,46,14
Madhya Pradesh,Shivpuri,96,36
Madhya Pradesh,Sidhi,237,12
Madhya Pradesh,Singrauli,170,51
Madhya Pradesh,Tikamgarh,661,59
Madhya Pradesh,Ujjain,256,65
Madhya Pradesh,Umaria,49,9
Madhya Pradesh,Vidisha,216,130
Maharashtra,Ahmednagar,98,667
Maharashtra,Akola,99,36
Maharashtra,Amravati,90,214
Maharashtra,Aurangabad,111,207
Maharashtra,Beed,49,32
Maharashtra,Bhandara,12,31
Maharashtra,Buldhana,114,59
Maharashtra,Chandrapur,104,37
Maharashtra,Dhule,99,55
Maharashtra,Gadchiroli,94,22
Maharashtra,Gondia,60,265
Maharashtra,Hingoli,20,8
Maharashtra,Jalgaon,139,191
Maharashtra,Jalna,176,185
Maharashtra,Kolhapur,106,62
Maharashtra,Latur,123,182
Maharashtra,Mumbai,320,538
Maharashtra,Nagpur,120,263
Maharashtra,Nanded,267,236
Maharashtra,Nandurbar,24,38
Maharashtra,Nashik,422,160
Maharashtra,Osmanabad,362,22
Maharashtra,Parbhani,281,76
Maharashtra,Pune,339,732
Maharashtra,Raigad,126,31
Maharashtra,Ratnagiri,344,57
Maharashtra,Sangli,101,82
Maharashtra,Satara,138,52
Maharashtra,Sindhudurg,190,15
Maharashtra,Solapur,363,102
Maharashtra,Thane,674,155
Maharashtra,Wardha,3,16
Maharashtra,Washim,54,35
Maharashtra,Yavatmal,323,156
Manipur,Chandel,0,2
Manipur,Churachandpur,0,1
Manipur,Imphal East,0,5
Manipur,Imphal West,11,3
Manipur,Tamenglong,14,0
Manipur,Thoubal,1,0
Meghalaya,East Khasi Hills,1,0
Meghalaya,West Garo Hills,1,0
Mizoram,Aizawl,3,0
Mizoram,Lunglei,207,10
Nagaland,Dimapur,1,6
Nagaland,Kohima,0,2
Nagaland,Mon,0,1
Nagaland,Peren,1,0
Odisha,Angul,7,0
Odisha,Anugul,10,12
Odisha,Balangir,7,27
Odisha,Baleswar,10,119
Odisha,Bargarh,1,4
Odisha,Bhadrak,6,106
Odisha,Boudh,0,1
Odisha,Cuttack,33,67
Odisha,Debagarh,0,2
Odisha,Dhenkanal,9,3
Odisha,Gajapati,2,7
Odisha,Ganjam,26,254
Odisha,Jagatsinghapur,14,3
Odisha,Jajapur,44,13
Odisha,Kalahandi,9,1
Odisha,Kandhamal,1,2
Odisha,Kendrapara,23,4
Odisha,Kendujhar,30,5
Odisha,Khorda,15,29
Odisha,Khordha,1,41
Odisha,Koraput,0,6
Odisha,Malkangiri,2,0
Odisha,Mayurbhanj,21,11
Odisha,Nabarangapur,13,9
Odisha,Nayagarh,3,5
Odisha,Nuapada,1,0
Odisha,Puri,8,385
Odisha,Rayagada,0,154
Odisha,Sambalpur,1,3
Odisha,Sonapur,0,1
Odisha,Sundergarh,11,10
Others,Others,0,80
Puducherry,Karaikal,36,6
Puducherry,Pondicherry,0,3
Puducherry,Puducherry,43,64
Puducherry,Yanam,0,13
Punjab,Amritsar,184,65
Punjab,Barnala,42,96
Punjab,Bathinda,44,35
Punjab,Faridkot,99,340
Punjab,Fatehgarh Sahib,43,26
Punjab,Fazilka,120,46
Punjab,Firozpur,45,15
Punjab,Gurdaspur,175,302
Punjab,Hoshiarpur,59,17
Punjab,Jalandhar,239,602
Punjab,Kapurthala,51,26
Punjab,Ludhiana,508,980
Punjab,Mansa,72,28
Punjab,Moga,166,23
Punjab,Pathankot,44,19
Punjab,Patiala,224,30
Punjab,Rupnagar,37,14
Punjab,SAS Nagar (Mohali),62,19
Punjab,Sangrur,149,45
Punjab,Shaheed Bhagat Singh Nagar,14,8
Punjab,Sri Muktsar Sahib,51,38
Punjab,Tarn Taran,138,26
Rajasthan,Ajmer,135,123
Rajasthan,Alwar,159,194
Rajasthan,Banswara,193,34
Rajasthan,Baran,216,17
Rajasthan,Barmer,70,37
Rajasthan,Bharatpur,325,24
Rajasthan,Bhilwara,104,20
Rajasthan,Bikaner,159,14
Rajasthan,Bundi,21,15
Rajasthan,Chittorgarh,113,32
Rajasthan,Churu,23,26
Rajasthan,Dausa,156,16
Rajasthan,Dholpur,96,28
Rajasthan,Dungarpur,226,19
Rajasthan,Ganganagar,167,31
Rajasthan,Hanumangarh,165,11
Rajasthan,Jaipur,275,104
Rajasthan,Jaisalmer,147,53
Rajasthan,Jalor,93,18
Rajasthan,Jhalawar,239,7
Rajasthan,Jhunjhunu,79,193
Rajasthan,Jodhpur,472,46
Rajasthan,Karauli,35,18
Rajasthan,Kota,202,56
Rajasthan,Nagaur,506,47
Rajasthan,Pali,177,234
Rajasthan,Pratapgarh,58,14
Rajasthan,Rajsamand,43,14
Rajasthan,Sawai Madhopur,123,21
Rajasthan,Sikar,242,33
Rajasthan,Sirohi,28,10
Rajasthan,Tonk,407,64
Rajasthan,Udaipur,140,47
Sikkim,East Sikkim,2,2
Sikkim,North Sikkim,1,0
Sikkim,South Sikkim,103,3
Sikkim,West Sikkim,8,0
Tamil Nadu,Ariyalur,3,12
Tamil Nadu,Chennai,224,229
Tamil Nadu,Coimbatore,814,131
Tamil Nadu,Cuddalore,34,15
Tamil Nadu,Dharmapuri,72,9
Tamil Nadu,Dindigul,53,13
Tamil Nadu,Erode,55,40
Tamil Nadu,Kancheepuram,142,25
Tamil Nadu,Kanyakumari,34,5
Tamil Nadu,Karur,27,5
Tamil Nadu,Krishnagiri,226,18
Tamil Nadu,Madurai,22,18
Tamil Nadu,Nagapattinam,11,7
Tamil Nadu,Namakkal,175,19
Tamil Nadu,Perambalur,7,11
Tamil Nadu,Pudukkottai,10,7
Tamil Nadu,Ramanathapuram,432,8
Tamil Nadu,Salem,161,124
Tamil Nadu,Sivaganga,77,8
Tamil Nadu,Thanjavur,52,10
Tamil Nadu,The Nilgiris,11,8
Tamil Nadu,Theni,21,25
Tamil Nadu,Thiruvarur,10,0
Tamil Nadu,Thoothukudi,152,4
Tamil Nadu,Tiruchirappalli,66,12
Tamil Nadu,Tirunelveli,404,28
Tamil Nadu,Tirupur,310,10
Tamil Nadu,Tiruvallur,2427,230
Tamil Nadu,Tiruvannamalai,26,11
Tamil Nadu,Vellore,146,212
Tamil Nadu,Viluppuram,62,19
Tamil Nadu,Virudhunagar,482,18
Tripura,Dhalai,7,8
Tripura,Gomati,2,2
Tripura,Khowai,2,4
Tripura,North Tripura,2,3
Tripura,Sepahijala,28,12
Tripura,South Tripura,19,14
Tripura,Unakoti,11,5
Tripura,West Tripura,104,68
Uttar Pradesh,Agra,3823,288
Uttar Pradesh,Aligarh,3409,161
Uttar Pradesh,Allahabad,2501,145
Uttar Pradesh,Ambedkar Nagar,2450,153
Uttar Pradesh,Amethi,699,427
Uttar Pradesh,Amroha,2031,65
Uttar Pradesh,Auraiya,26,6
Uttar Pradesh,Azamgarh,1337,27
Uttar Pradesh,Baghpat,85,3
Uttar Pradesh,Bahraich,2206,349
Uttar Pradesh,Ballia,2871,170
Uttar Pradesh,Balrampur,82,14
Uttar Pradesh,Banda,35,38
Uttar Pradesh,Barabanki,3647,188
Uttar Pradesh,Bareilly,2019,134
Uttar Pradesh,Basti,1008,23
Uttar Pradesh,Bijnor,8467,241
Uttar Pradesh,Budaun,158,31
Uttar Pradesh,Bulandshahr,665,61
Uttar Pradesh,Chandauli,4095,26
Uttar Pradesh,Chitrakoot,88,21
Uttar Pradesh,Deoria,1555,49
Uttar Pradesh,Etah,4097,57
Uttar Pradesh,Etawah,96,203
Uttar Pradesh,Faizabad,452,43
Uttar Pradesh,Farrukhabad,3024,49
Uttar Pradesh,Fatehpur,88,34
Uttar Pradesh,Firozabad,264,13
Uttar Pradesh,Gautam Buddha Nagar,2710,159
Uttar Pradesh,Ghaziabad,7675,523
Uttar Pradesh,Ghazipur,708,33
Uttar Pradesh,Gonda,64,11
Uttar Pradesh,Gorakhpur,1330,104
Uttar Pradesh,Hamirpur,17,2
Uttar Pradesh,Hapur,55,318
Uttar Pradesh,Hardoi,1234,27
Uttar Pradesh,Hathras,1949,227
Uttar Pradesh,Jalaun,2262,35
Uttar Pradesh,Jaunpur,1273,61
Uttar Pradesh,Jhansi,954,132
Uttar Pradesh,Kannauj,820,44
Uttar Pradesh,Kanpur Dehat,1172,98
Uttar Pradesh,Kanpur Nagar,1941,170
Uttar Pradesh,Kasganj,883,22
Uttar Pradesh,Kaushambi,295,4
Uttar Pradesh,Kheri,601,14
Uttar Pradesh,Kushinagar,173,67
Uttar Pradesh,Lalitpur,104,8
Uttar Pradesh,Lucknow,5547,413
Uttar Pradesh,Maharajganj,27,38
Uttar Pradesh,Mahoba,12,8
Uttar Pradesh,Mainpuri,239,31
Uttar Pradesh,Mathura,4423,119
Uttar Pradesh,Mau,2367,112
Uttar Pradesh,Meerut,8396,696
Uttar Pradesh,Mirzapur,1036,18
Uttar Pradesh,Moradabad,4943,169
Uttar Pradesh,Muzaffarnagar,321,2
Uttar Pradesh,Pilibhit,29,10
Uttar Pradesh,Pratapgarh,1282,132
Uttar Pradesh,Raebareli,1041,56
Uttar Pradesh,Rampur,1124,6
Uttar Pradesh,Saharanpur,973,195
Uttar Pradesh,Sambhal,2822,116
Uttar Pradesh,Sant Kabir Nagar,100,101
Uttar Pradesh,Sant Ravidas Nagar,1557,35
Uttar Pradesh,Shahjahanpur,20,36
Uttar Pradesh,Shamli,856,28
Uttar Pradesh,Shrawasti,258,9
Uttar Pradesh,Siddharthnagar,280,12
Uttar Pradesh,Sitapur,1552,81
Uttar Pradesh,Sonbhadra,165,19
Uttar Pradesh,Sultanpur,74,5
Uttar Pradesh,Unnao,3738,154
Uttar Pradesh,Varanasi,6073,121
Uttarakhand,Almora,11,1
Uttarakhand,Bageshwar,46,7
Uttarakhand,Chamoli,13,0
Uttarakhand,Champawat,76,2
Uttarakhand,Dehradun,421,46
Uttarakhand,Haridwar,161,25
Uttarakhand,Nainital,25,0
Uttarakhand,Pauri Garhwal,790,4
Uttarakhand,Pithoragarh,9,1
Uttarakhand,Rudraprayag,21,0
Uttarakhand,Tehri Garhwal,25,5
Uttarakhand,Udham Singh Nagar,302,6
Uttarakhand,Uttarkashi,12,0
West Bengal,Bankura,10,10
West Bengal,Bardhaman,60,71
West Bengal,Birbhum,16,17
West Bengal,Cooch Behar,20,40
West Bengal,Dakshin Dinajpur,0,9
West Bengal,Darjeeling,1326,92
West Bengal,East Midnapore,75,57
West Bengal,Hooghly,16,87
West Bengal,Howrah,52,67
West Bengal,Jalpaiguri,3768,284
West Bengal,Kolkata,10,24
West Bengal,Malda,120,24
West Bengal,Medinipur,0,5
West Bengal,Murshidabad,2903,49
West Bengal,Nadia,5525,29
West Bengal,North 24 Parganas,47,74
West Bengal,North Dinajpur,3638,672
West Bengal,Purulia,3130,1773
West Bengal,South 24 Parganas,2149,324
West Bengal,South Dinajpur,10,8
West Bengal,South Twenty Four Parganas,0,18
West Bengal,West Midnapore,41,26
