State,District,Aadhaar generated,Enrolment Rejected
Andhra Pradesh,Adilabad,31,10
Andhra Pradesh,Ananthapur,30,57
Andhra Pradesh,Chittoor,44,98
Andhra Pradesh,Cuddapah,24,427
Andhra Pradesh,East Godavari,40,12
Andhra Pradesh,Guntur,131,31
Andhra Pradesh,Hyderabad,114,49
Andhra Pradesh,Karimnagar,119,374
Andhra Pradesh,Khammam,98,18
Andhra Pradesh,Krishna,42,16
Andhra Pradesh,Kurnool,255,882
Andhra Pradesh,Mahbubnagar,130,356
Andhra Pradesh,Medak,80,117
Andhra Pradesh,Nalgonda,49,141
Andhra Pradesh,Nellore,141,282
Andhra Pradesh,Nizamabad,92,26
Andhra Pradesh,Prakasam,91,131
Andhra Pradesh,Ranga Reddy,146,76
Andhra Pradesh,Srikakulam,13,10
Andhra Pradesh,Visakhapatnam,194,414
Andhra Pradesh,Vizianagaram,587,68
Andhra Pradesh,Warangal,50,23
Andhra Pradesh,West Godavari,104,377
Arunachal Pradesh,East Siang,1,0
Assam,Barpeta,3,0
Assam,Bongaigaon,1,1
Assam,Cachar,6,0
Assam,Dhemaji,4,0
Assam,Dibrugarh,1,0
Assam,Goalpara,2,0
Assam,Hailakandi,2,0
Assam,Kamrup,7,0
Assam,Kamrup Metro,1,0
Assam,Karimganj,5,0
Assam,Lakhimpur,12,0
Assam,Nagaon,3,1
Assam,Sonitpur,33,0
Assam,Tinsukia,1,1
Assam,Udalguri,4,0
Bihar,Araria,28,1
Bihar,Arwal,4,1
Bihar,Aurangabad,111,2
Bihar,Banka,727,56
Bihar,Begusarai,34,3
Bihar,Bhagalpur,105,12
Bihar,Bhojpur,256,7
Bihar,Buxar,18,3
Bihar,Darbhanga,45,3
Bihar,East Champaran,241,5
Bihar,Gaya,326,6
Bihar,Gopalganj,78,10
Bihar,Jamui,51,8
Bihar,Jehanabad,15,2
Bihar,Kaimur (Bhabua),242,0
Bihar,Katihar,2630,209
Bihar,Khagaria,13,0
Bihar,Kishanganj,1164,219
Bihar,Lakhisarai,50,6
Bihar,Madhepura,17,1
Bihar,Madhubani,123,6
Bihar,Munger,276,2
Bihar,Muzaffarpur,598,9
Bihar,Nalanda,30,7
Bihar,Nawada,29,2
Bihar,Patna,3509,252
Bihar,Purnia,1356,49
Bihar,Rohtas,399,11
Bihar,Saharsa,12,10
Bihar,Samastipur,272,16
Bihar,Saran,150,3
Bihar,Sheikhpura,1,2
Bihar,Sheohar,5,3
Bihar,Sitamarhi,428,22
Bihar,Siwan,213,13
Bihar,Supaul,62,5
Bihar,Vaishali,129,9
Bihar,West Champaran,213,11
Chandigarh,Chandigarh,234,38
Chhattisgarh,Baloda Bazar,8,0
Chhattisgarh,Bastar,4,0
Chhattisgarh,Bemetara,3,0
Chhattisgarh,Bilaspur,808,55
Chhattisgarh,Dhamtari,0,1
Chhattisgarh,Durg,1464,56
Chhattisgarh,Gariyaband,5,0
Chhattisgarh,Janjgir Champa,11,0
Chhattisgarh,Jashpur,1,0
Chhattisgarh,Kanker,2,0
Chhattisgarh,Kondagaon,325,0
Chhattisgarh,Korba,3,0
Chhattisgarh,Mahasamund,630,135
Chhattisgarh,Mungeli,16,1
Chhattisgarh,Raigarh,3,0
Chhattisgarh,Raipur,401,18
Chhattisgarh,Rajnandgaon,1,1
Chhattisgarh,Sukma,1,0
Chhattisgarh,Surguja,1,1
Dadra and Nagar Haveli,Dadra and Nagar Haveli,6,0
Daman and Diu,Daman,18,3
Delhi,Central Delhi,34,3
Delhi,East Delhi,65,28
Delhi,New Delhi,4,1
Delhi,North Delhi,50,6
Delhi,North East Delhi,81,12
Delhi,North West Delhi,75,24
Delhi,South Delhi,231,61
Delhi,South West Delhi,566,21
Delhi,West Delhi,47,14
Goa,North Goa,16,4
Goa,South Goa,19,5
Gujarat,Ahmedabad,1112,229
Gujarat,Amreli,215,16
Gujarat,Anand,109,5
Gujarat,Banaskantha,40,5
Gujarat,Bharuch,33,15
Gujarat,Bhavnagar,858,44
Gujarat,Dahod,149,18
Gujarat,Gandhinagar,151,4
Gujarat,Jamnagar,421,43
Gujarat,Junagadh,868,230
Gujarat,Kachchh,504,25
Gujarat,Kheda,81,7
Gujarat,Mahesana,115,4
Gujarat,Narmada,0,1
Gujarat,Navsari,417,4
Gujarat,Panchmahal,270,13
Gujarat,Patan,254,11
Gujarat,Porbandar,10,0
Gujarat,Rajkot,46,7
Gujarat,Sabarkantha,442,77
Gujarat,Surat,3704,283
Gujarat,Surendranagar,216,33
Gujarat,Tapi,22,3
Gujarat,The Dangs,92,11
Gujarat,Vadodara,1466,61
Gujarat,Valsad,259,12
Haryana,Ambala,10,3
Haryana,Bhiwani,41,24
Haryana,Faridabad,64,22
Haryana,Fatehabad,23,8
Haryana,Gurgaon,46,8
Haryana,Hisar,86,16
Haryana,Jhajjar,7,1
Haryana,Jind,71,22
Haryana,Kaithal,52,25
Haryana,Karnal,210,25
Haryana,Kurukshetra,35,11
Haryana,Mahendragarh,44,9
Haryana,Mewat,569,121
Haryana,Palwal,147,10
Haryana,Panchkula,31,2
Haryana,Panipat,56,22
Haryana,Rewari,10,1
Haryana,Rohtak,10,1
Haryana,Sirsa,35,24
Haryana,Sonipat,18,10
Haryana,Yamuna Nagar,83,34
Himachal Pradesh,Bilaspur,4,4
Himachal Pradesh,Chamba,5,1
Himachal Pradesh,Hamirpur,1,1
Himachal Pradesh,Kangra,27,5
Himachal Pradesh,Kinnaur,7,0
Himachal Pradesh,Kullu,14,9
Himachal Pradesh,Lahul and Spiti,1,0
Himachal Pradesh,Mandi,30,2
Himachal Pradesh,Shimla,30,5
Himachal Pradesh,Sirmaur,44,3
Himachal Pradesh,Solan,10,5
Himachal Pradesh,Una,7,1
Jammu and Kashmir,Anantnag,2,1
Jammu and Kashmir,Badgam,0,10
Jammu and Kashmir,Doda,49,2
Jammu and Kashmir,Jammu,891,321
Jammu and Kashmir,Kargil,2,0
Jammu and Kashmir,Kathua,1,0
Jammu and Kashmir,Punch,154,2
Jammu and Kashmir,Rajouri,3,0
Jammu and Kashmir,Udhampur,1,0
Jharkhand,Bokaro,32,15
Jharkhand,Chatra,31,102
Jharkhand,Deoghar,74,72
Jharkhand,Dhanbad,24,21
Jharkhand,Dumka,101,60
Jharkhand,East Singhbhum,192,12
Jharkhand,Garhwa,39,74
Jharkhand,Giridih,107,131
Jharkhand,Godda,87,62
Jharkhand,Gumla,19,197
Jharkhand,Hazaribagh,167,20
Jharkhand,Jamtara,38,43
Jharkhand,Khunti,6,5
Jharkhand,Koderma,43,79
Jharkhand,Latehar,151,75
Jharkhand,Lohardaga,6,12
Jharkhand,Pakur,93,109
Jharkhand,Palamu,363,54
Jharkhand,Ramgarh,10,21
Jharkhand,Ranchi,87,41
Jharkhand,Sahibganj,88,25
Jharkhand,Seraikela-Kharsawan,21,19
Jharkhand,Simdega,33,15
Jharkhand,West Singhbhum,45,135
Karnataka,Bagalkot,36,118
Karnataka,Bangalore,150,171
Karnataka,Bangalore Rural,4,86
Karnataka,Belgaum,129,1732
Karnataka,Bellary,80,44
Karnataka,Bidar,35,270
Karnataka,Bijapur,279,99
Karnataka,Chamarajanagar,115,8
Karnataka,Chikkaballapur,0,23
Karnataka,Chikmagalur,15,3
Karnataka,Chitradurga,17,5
Karnataka,Dakshina Kannada,22,1
Karnataka,Davangere,32,16
Karnataka,Dharwad,24,34
Karnataka,Gadag,2,0
Karnataka,Gulbarga,322,150
Karnataka,Hassan,29,4
Karnataka,Haveri,304,77
Karnataka,Kodagu,6,2
Karnataka,Kolar,78,85
Karnataka,Koppal,3,3
Karnataka,Mandya,15,10
Karnataka,Mysore,35,11
Karnataka,Raichur,283,58
Karnataka,Ramanagar,10,51
Karnataka,Shimoga,104,131
Karnataka,Tumkur,22,1
Karnataka,Uttara Kannada,2,0
Karnataka,Yadgir,18,108
Kerala,Alappuzha,20,3
Kerala,Ernakulam,37,6
Kerala,Idukki,8,3
Kerala,Kannur,100,8
Kerala,Kasaragod,5,0
Kerala,Kollam,38,11
Kerala,Kottayam,43,4
Kerala,Kozhikode,44,9
Kerala,Malappuram,91,14
Kerala,Palakkad,50,13
Kerala,Pathanamthitta,24,2
Kerala,Thiruvananthapuram,47,7
Kerala,Thrissur,18,8
Kerala,Wayanad,21,1
Madhya Pradesh,Alirajpur,22,7
Madhya Pradesh,Anuppur,38,30
Madhya Pradesh,Ashok Nagar,259,116
Madhya Pradesh,Balaghat,124,100
Madhya Pradesh,Barwani,522,102
Madhya Pradesh,Betul,143,37
Madhya Pradesh,Bhind,361,18
Madhya Pradesh,Bhopal,151,32
Madhya Pradesh,Burhanpur,13,0
Madhya Pradesh,Chhatarpur,81,24
Madhya Pradesh,Chhindwara,407,46
Madhya Pradesh,Damoh,174,27
Madhya Pradesh,Datia,115,13
Madhya Pradesh,Dewas,161,15
Madhya Pradesh,Dhar,145,51
Madhya Pradesh,Dindori,110,24
Madhya Pradesh,Guna,353,186
Madhya Pradesh,Gwalior,37,9
Madhya Pradesh,Harda,6,0
Madhya Pradesh,Hoshangabad,22,11
Madhya Pradesh,Indore,79,11
Madhya Pradesh,Jabalpur,14,9
Madhya Pradesh,Jhabua,28,25
Madhya Pradesh,Katni,68,12
Madhya Pradesh,Khandwa,5,11
Madhya Pradesh,Khargone,131,42
Madhya Pradesh,Mandla,614,64
Madhya Pradesh,Mandsaur,35,7
Madhya Pradesh,Morena,258,19
Madhya Pradesh,Narsinghpur,28,17
Madhya Pradesh,Neemuch,37,4
Madhya Pradesh,Panna,65,24
Madhya Pradesh,Raisen,67,21
Madhya Pradesh,Rajgarh,985,60
Madhya Pradesh,Ratlam,34,14
Madhya Pradesh,Rewa,165,27
Madhya Pradesh,Sagar,65,22
Madhya Pradesh,Satna,93,18
Madhya Pradesh,Sehore,303,44
Madhya Pradesh,Seoni,121,34
Madhya Pradesh,Shahdol,101,41
Madhya Pradesh,Shajapur,77,27
Madhya Pradesh,Sheopur,55,4
Madhya Pradesh,Shivpuri,929,260
Madhya Pradesh,Sidhi,53,24
Madhya Pradesh,Singrauli,66,27
Madhya Pradesh,Tikamgarh,80,11
Madhya Pradesh,Ujjain,94,56
Madhya Pradesh,Umaria,77,12
Madhya Pradesh,Vidisha,127,60
Maharashtra,Ahmednagar,139,62
Maharashtra,Akola,42,13
Maharashtra,Amravati,88,25
Maharashtra,Aurangabad,47,23
Maharashtra,Beed,129,10
Maharashtra,Bhandara,4,1
Maharashtra,Buldhana,84,37
Maharashtra,Chandrapur,64,19
Maharashtra,Dhule,19,17
Maharashtra,Gadchiroli,168,16
Maharashtra,Gondia,10,1
Maharashtra,Hingoli,18,1
Maharashtra,Jalgaon,27,12
Maharashtra,Jalna,54,29
Maharashtra,Kolhapur,56,23
Maharashtra,Latur,69,16
Maharashtra,Mumbai,212,32
Maharashtra,Nagpur,54,18
Maharashtra,Nanded,76,11
Maharashtra,Nandurbar,24,15
Maharashtra,Nashik,97,57
Maharashtra,Osmanabad,45,19
Maharashtra,Parbhani,91,11
Maharashtra,Pune,116,40
Maharashtra,Raigad,130,23
Maharashtra,Ratnagiri,145,33
Maharashtra,Sangli,33,9
Maharashtra,Satara,47,7
Maharashtra,Sindhudurg,47,2
Maharashtra,Solapur,936,55
Maharashtra,Thane,484,61
Maharashtra,Wardha,9,3
Maharashtra,Washim,41,8
Maharashtra,Yavatmal,136,21
Manipur,Churachandpur,1,0
Manipur,Imphal East,4,0
Manipur,Imphal West,116,1
Manipur,Senapati,1,0
Manipur,Tamenglong,1,0
Manipur,Thoubal,2,0
Manipur,Ukhrul,1,0
Meghalaya,Ri Bhoi,1,0
Meghalaya,West Garo Hills,1,0
Mizoram,Lunglei,260,1
Mizoram,Serchhip,16,1
Nagaland,Kohima,1,0
Odisha,Angul,2,0
Odisha,Anugul,12,0
Odisha,Balangir,2,0
Odisha,Baleswar,10,1
Odisha,Bhadrak,7,2
Odisha,Boudh,2,0
Odisha,Cuttack,210,56
Odisha,Dhenkanal,2,0
Odisha,Ganjam,9570,1208
Odisha,Jagatsinghapur,2,0
Odisha,Jajapur,6,2
Odisha,Kalahandi,3,0
Odisha,Kendrapara,9,8
Odisha,Kendujhar,4,1
Odisha,Khorda,14,4
Odisha,Malkangiri,3,1
Odisha,Mayurbhanj,6,0
Odisha,Nabarangapur,0,1
Odisha,Nayagarh,1,0
Odisha,Nuapada,2,0
Odisha,Puri,12,31
Odisha,Rayagada,0,2
Odisha,Sambalpur,1,0
Odisha,Sundergarh,18,0
Others,Others,3,3343
Puducherry,Karaikal,2,3
Puducherry,Puducherry,3,1
Punjab,Amritsar,94,22
Punjab,Barnala,20,7
Punjab,Bathinda,15,4
Punjab,Faridkot,18,8
Punjab,Fatehgarh Sahib,44,4
Punjab,Fazilka,30,11
Punjab,Firozpur,27,7
Punjab,Gurdaspur,69,12
Punjab,Hoshiarpur,45,11
Punjab,Jalandhar,81,21
Punjab,Kapurthala,31,5
Punjab,Ludhiana,119,59
Punjab,Mansa,66,27
Punjab,Moga,66,9
Punjab,Pathankot,15,1
Punjab,Patiala,96,17
Punjab,Rupnagar,20,4
Punjab,SAS Nagar (Mohali),128,4
Punjab,Sangrur,58,19
Punjab,Shaheed Bhagat Singh Nagar,13,4
Punjab,Sri Muktsar Sahib,14,7
Punjab,Tarn Taran,59,13
Rajasthan,Ajmer,22,38
Rajasthan,Alwar,40,12
Rajasthan,Banswara,102,71
Rajasthan,Baran,19,2
Rajasthan,Barmer,124,27
Rajasthan,Bharatpur,322,17
Rajasthan,Bhilwara,58,12
Rajasthan,Bikaner,97,85
Rajasthan,Bundi,9,11
Rajasthan,Chittorgarh,273,113
Rajasthan,Churu,31,20
Rajasthan,Dausa,15,4
Rajasthan,Dholpur,52,297
Rajasthan,Dungarpur,92,18
Rajasthan,Ganganagar,76,9
Rajasthan,Hanumangarh,136,11
Rajasthan,Jaipur,124,50
Rajasthan,Jaisalmer,32,16
Rajasthan,Jalor,8,16
Rajasthan,Jhalawar,30,3
Rajasthan,Jhunjhunu,23,9
Rajasthan,Jodhpur,116,11
Rajasthan,Karauli,133,10
Rajasthan,Kota,26,3
Rajasthan,Nagaur,386,27
Rajasthan,Pali,62,21
Rajasthan,Pratapgarh,296,9
Rajasthan,Rajsamand,19,11
Rajasthan,Sawai Madhopur,30,3
Rajasthan,Sikar,102,23
Rajasthan,Sirohi,8,2
Rajasthan,Tonk,20,26
Rajasthan,Udaipur,22,36
Sikkim,East Sikkim,1,1
Sikkim,South Sikkim,3,3
Sikkim,West Sikkim,2,1
Tamil Nadu,Ariyalur,11,0
Tamil Nadu,Chennai,226,120
Tamil Nadu,Coimbatore,67,85
Tamil Nadu,Cuddalore,6,2
Tamil Nadu,Dharmapuri,6,1
Tamil Nadu,Dindigul,2,0
Tamil Nadu,Erode,16,37
Tamil Nadu,Kancheepuram,27,4
Tamil Nadu,Kanyakumari,25,3
Tamil Nadu,Karur,92,37
Tamil Nadu,Krishnagiri,9,4
Tamil Nadu,Madurai,54,0
Tamil Nadu,Nagapattinam,258,37
Tamil Nadu,Namakkal,1657,107
Tamil Nadu,Perambalur,104,22
Tamil Nadu,Pudukkottai,3,0
Tamil Nadu,Ramanathapuram,3,0
Tamil Nadu,Salem,62,10
Tamil Nadu,Sivaganga,8,5
Tamil Nadu,Thanjavur,111,26
Tamil Nadu,The Nilgiris,8,0
Tamil Nadu,Theni,4,1
Tamil Nadu,Thiruvarur,156,14
Tamil Nadu,Thoothukudi,8,10
Tamil Nadu,Tiruchirappalli,152,28
Tamil Nadu,Tirunelveli,57,7
Tamil Nadu,Tirupur,160,4
Tamil Nadu,Tiruvallur,358,84
Tamil Nadu,Tiruvannamalai,80,13
Tamil Nadu,Vellore,3128,94
Tamil Nadu,Viluppuram,25,2
Tamil Nadu,Virudhunagar,6,1
Tripura,Dhalai,4,0
Tripura,Gomati,8,2
Tripura,Khowai,1,2
Tripura,North Tripura,4,1
Tripura,Sepahijala,37,4
Tripura,South Tripura,9,2
Tripura,Unakoti,10,1
Tripura,West Tripura,5,1
Uttar Pradesh,Agra,2016,169
Uttar Pradesh,Aligarh,2664,194
Uttar Pradesh,Allahabad,1559,350
Uttar Pradesh,Ambedkar Nagar,2096,49
Uttar Pradesh,Amethi,12,4
Uttar Pradesh,Amroha,504,13
Uttar Pradesh,Auraiya,29,18
Uttar Pradesh,Azamgarh,99,12
Uttar Pradesh,Baghpat,15,2
Uttar Pradesh,Bahraich,971,56
Uttar Pradesh,Ballia,828,36
Uttar Pradesh,Balrampur,1262,54
Uttar Pradesh,Banda,25,10
Uttar Pradesh,Barabanki,323,39
Uttar Pradesh,Bareilly,625,32
Uttar Pradesh,Basti,51,11
Uttar Pradesh,Bijnor,1666,109
Uttar Pradesh,Budaun,116,13
Uttar Pradesh,Bulandshahr,55,9
Uttar Pradesh,Chandauli,59,7
Uttar Pradesh,Chitrakoot,3,1
Uttar Pradesh,Deoria,578,53
Uttar Pradesh,Etah,263,20
Uttar Pradesh,Etawah,51,23
Uttar Pradesh,Faizabad,564,41
Uttar Pradesh,Farrukhabad,1033,19
Uttar Pradesh,Fatehpur,210,7
Uttar Pradesh,Firozabad,109,3
Uttar Pradesh,Gautam Buddha Nagar,1890,133
Uttar Pradesh,Ghaziabad,3163,148
Uttar Pradesh,Ghazipur,152,13
Uttar Pradesh,Gonda,101,16
Uttar Pradesh,Gorakhpur,1380,82
Uttar Pradesh,Hamirpur,6,1
Uttar Pradesh,Hapur,24,7
Uttar Pradesh,Hardoi,536,6
Uttar Pradesh,Hathras,4480,485
Uttar Pradesh,Jalaun,286,33
Uttar Pradesh,Jaunpur,219,14
Uttar Pradesh,Jhansi,15,3
Uttar Pradesh,Kannauj,449,9
Uttar Pradesh,Kanpur Dehat,713,112
Uttar Pradesh,Kanpur Nagar,445,84
Uttar Pradesh,Kasganj,20,4
Uttar Pradesh,Kaushambi,39,8
Uttar Pradesh,Kheri,117,39
Uttar Pradesh,Kushinagar,158,20
Uttar Pradesh,Lalitpur,118,28
Uttar Pradesh,Lucknow,1356,207
Uttar Pradesh,Maharajganj,10,1
Uttar Pradesh,Mahoba,2,2
Uttar Pradesh,Mainpuri,14,6
Uttar Pradesh,Mathura,807,24
Uttar Pradesh,Mau,1017,30
Uttar Pradesh,Meerut,997,139
Uttar Pradesh,Mirzapur,378,25
Uttar Pradesh,Moradabad,703,35
Uttar Pradesh,Muzaffarnagar,14,3
Uttar Pradesh,Pilibhit,14,6
Uttar Pradesh,Pratapgarh,562,48
Uttar Pradesh,Raebareli,97,4
Uttar Pradesh,Rampur,84,5
Uttar Pradesh,Saharanpur,482,42
Uttar Pradesh,Sambhal,1119,19
Uttar Pradesh,Sant Kabir Nagar,314,56
Uttar Pradesh,Sant Ravidas Nagar,1627,29
Uttar Pradesh,Shahjahanpur,14,2
Uttar Pradesh,Shamli,22,0
Uttar Pradesh,Shrawasti,1,1
Uttar Pradesh,Siddharthnagar,23,3
Uttar Pradesh,Sitapur,133,16
Uttar Pradesh,Sonbhadra,38,10
Uttar Pradesh,Sultanpur,20,3
Uttar Pradesh,Unnao,55,4
Uttar Pradesh,Varanasi,1424,54
Uttarakhand,Almora,19,0
Uttarakhand,Bageshwar,7,0
Uttarakhand,Chamoli,1,0
Uttarakhand,Champawat,6,0
Uttarakhand,Dehradun,57,7
Uttarakhand,Haridwar,556,15
Uttarakhand,Nainital,9,1
Uttarakhand,Pauri Garhwal,8,1
Uttarakhand,Pithoragarh,9,0
Uttarakhand,Tehri Garhwal,6,0
Uttarakhand,Udham Singh Nagar,14,16
Uttarakhand,Uttarkashi,1,0
West Bengal,Bankura,866,157
West Bengal,Bardhaman,8175,675
West Bengal,Birbhum,376,20
West Bengal,Cooch Behar,9,3
West Bengal,Darjeeling,466,35
West Bengal,East Midnapore,184,65
West Bengal,Hooghly,19,6
West Bengal,Howrah,19,3
West Bengal,Jalpaiguri,1527,106
West Bengal,Kolkata,1803,58
West Bengal,Malda,18,4
West Bengal,Medinipur,110,6
West Bengal,Murshidabad,32,1
West Bengal,Nadia,97,12
West Bengal,North 24 Parganas,450,78
West Bengal,North Dinajpur,24,8
West Bengal,Purulia,551,219
West Bengal,South 24 Parganas,431,71
West Bengal,South Dinajpur,43,15
West Bengal,West Midnapore,11730,2243
