State,District,Aadhaar generated,Enrolment Rejected
Andhra Pradesh,Adilabad,103,2
Andhra Pradesh,Anantapur,1,0
Andhra Pradesh,Ananthapur,35,6
Andhra Pradesh,Chittoor,54,2
Andhra Pradesh,Cuddapah,67,0
Andhra Pradesh,East Godavari,74,1
Andhra Pradesh,Guntur,28,0
Andhra Pradesh,Hyderabad,79,3
Andhra Pradesh,Karimnagar,54,1
Andhra Pradesh,Khammam,31,3
Andhra Pradesh,Krishna,19,5
Andhra Pradesh,Kurnool,157,2
Andhra Pradesh,Mahbubnagar,53,7
Andhra Pradesh,Medak,20,7
Andhra Pradesh,Nalgonda,66,1
Andhra Pradesh,Nellore,40,8
Andhra Pradesh,Nizamabad,35,2
Andhra Pradesh,Prakasam,34,8
Andhra Pradesh,Ranga Reddy,135,10
Andhra Pradesh,Srikakulam,46,29
Andhra Pradesh,Visakhapatnam,308,15
Andhra Pradesh,Vizianagaram,22,39
Andhra Pradesh,Warangal,38,0
Andhra Pradesh,West Godavari,203,26
Arunachal Pradesh,Changlang,2,0
Arunachal Pradesh,Papum Pare,1,0
Arunachal Pradesh,Upper Subansiri,5,0
Arunachal Pradesh,West Kameng,0,1
Assam,Barpeta,3,0
Assam,Hailakandi,1,0
Assam,Jorhat,1,0
Assam,Kamrup,1,0
Assam,Kokrajhar,1,0
Assam,Lakhimpur,1,0
Assam,Nagaon,2,0
Assam,Sonitpur,1,0
Assam,Udalguri,1,0
Bihar,Araria,12,0
Bihar,Arwal,20,1
Bihar,Aurangabad,85,0
Bihar,Banka,479,30
Bihar,Begusarai,19,0
Bihar,Bhagalpur,98,1
Bihar,Bhojpur,9,0
Bihar,Buxar,5,0
Bihar,Darbhanga,28,1
Bihar,East Champaran,175,7
Bihar,Gaya,187,1
Bihar,Gopalganj,28,1
Bihar,Jamui,48,1
Bihar,Jehanabad,45,1
Bihar,Kaimur (Bhabua),4,2
Bihar,Katihar,70,15
Bihar,Khagaria,4,0
Bihar,Kishanganj,28,4
Bihar,Lakhisarai,3,0
Bihar,Madhepura,5,0
Bihar,Madhubani,90,0
Bihar,Munger,30,1
Bihar,Muzaffarpur,532,12
Bihar,Nalanda,22,1
Bihar,Nawada,17,1
Bihar,Patna,326,13
Bihar,Purnia,24,4
Bihar,Rohtas,25,4
Bihar,Saharsa,7,0
Bihar,Samastipur,129,9
Bihar,Saran,59,0
Bihar,Sheikhpura,16,1
Bihar,Sheohar,45,1
Bihar,Sitamarhi,52,16
Bihar,Siwan,68,7
Bihar,Supaul,6,0
Bihar,Vaishali,18,2
Bihar,West Champaran,57,0
Chandigarh,Chandigarh,38,4
Chhattisgarh,Balod,4,0
Chhattisgarh,Baloda Bazar,1,0
Chhattisgarh,Bastar,16,0
Chhattisgarh,Bemetara,1,0
Chhattisgarh,Bilaspur,133,10
Chhattisgarh,Dhamtari,27,0
Chhattisgarh,Durg,557,12
Chhattisgarh,Gariyaband,8,0
Chhattisgarh,Janjgir Champa,8,1
Chhattisgarh,Jashpur,1,0
Chhattisgarh,Kondagaon,190,3
Chhattisgarh,Korba,7,0
Chhattisgarh,Koriya,10,0
Chhattisgarh,Mahasamund,1383,9
Chhattisgarh,Raigarh,4,0
Chhattisgarh,Raipur,114,3
Chhattisgarh,Rajnandgaon,13,0
Chhattisgarh,Surajpur,2,0
Chhattisgarh,Surguja,1,0
Dadra and Nagar Haveli,Dadra and Nagar Haveli,364,4
Daman and Diu,Daman,5,1
Daman and Diu,Diu,5,0
Delhi,Central Delhi,31,4
Delhi,East Delhi,61,60
Delhi,New Delhi,3,2
Delhi,North Delhi,19,5
Delhi,North East,26,153
Delhi,North East Delhi,55,7
Delhi,North West Delhi,124,26
Delhi,South Delhi,100,49
Delhi,South West Delhi,77,17
Delhi,West Delhi,110,11
Goa,North Goa,27,4
Goa,South Goa,21,0
Gujarat,Ahmedabad,435,17
Gujarat,Amreli,24,3
Gujarat,Anand,76,14
Gujarat,Banaskantha,116,5
Gujarat,Bharuch,43,3
Gujarat,Bhavnagar,199,15
Gujarat,Dahod,109,7
Gujarat,Gandhinagar,52,0
Gujarat,Jamnagar,18,1
Gujarat,Junagadh,842,12
Gujarat,Kachchh,705,2
Gujarat,Kheda,26,2
Gujarat,Mahesana,37,0
Gujarat,Narmada,12,1
Gujarat,Navsari,13,2
Gujarat,Panchmahal,177,5
Gujarat,Patan,12,2
Gujarat,Porbandar,55,1
Gujarat,Rajkot,22,1
Gujarat,Sabarkantha,396,38
Gujarat,Surat,1274,31
Gujarat,Surendranagar,176,3
Gujarat,Tapi,151,1
Gujarat,The Dangs,9,0
Gujarat,Vadodara,248,5
Gujarat,Valsad,110,6
Haryana,Ambala,41,3
Haryana,Bhiwani,54,0
Haryana,Faridabad,48,6
Haryana,Fatehabad,3,0
Haryana,Gurgaon,74,3
Haryana,Hisar,13,4
Haryana,Jhajjar,18,3
Haryana,Jind,42,5
Haryana,Kaithal,14,4
Haryana,Karnal,30,4
Haryana,Kurukshetra,48,14
Haryana,Mahendragarh,66,4
Haryana,Mewat,10,13
Haryana,Palwal,24,10
Haryana,Panchkula,8,4
Haryana,Panipat,13,6
Haryana,Rewari,89,5
Haryana,Rohtak,32,1
Haryana,Sirsa,32,17
Haryana,Sonipat,40,2
Haryana,Yamuna Nagar,312,32
Himachal Pradesh,Bilaspur,1,0
Himachal Pradesh,Chamba,30,0
Himachal Pradesh,Hamirpur,4,0
Himachal Pradesh,Kangra,72,2
Himachal Pradesh,Kullu,17,1
Himachal Pradesh,Mandi,16,0
Himachal Pradesh,Shimla,35,0
Himachal Pradesh,Sirmaur,40,0
Himachal Pradesh,Solan,38,0
Himachal Pradesh,Una,3,0
Jammu and Kashmir,Anantnag,12,0
Jammu and Kashmir,Badgam,3,2
Jammu and Kashmir,Doda,3,0
Jammu and Kashmir,Jammu,186,3
Jammu and Kashmir,Kathua,261,0
Jammu and Kashmir,Kupwara,1,1
Jammu and Kashmir,Leh,2,0
Jammu and Kashmir,Rajouri,1,0
Jammu and Kashmir,Srinagar,1,0
Jammu and Kashmir,Udhampur,1,0
Jharkhand,Bokaro,71,3
Jharkhand,Chatra,23,0
Jharkhand,Deoghar,289,9
Jharkhand,Dhanbad,33,3
Jharkhand,Dumka,23,1
Jharkhand,East Singhbhum,37,26
Jharkhand,Garhwa,22,4
Jharkhand,Giridih,120,2
Jharkhand,Godda,20,7
Jharkhand,Gumla,180,133
Jharkhand,Hazaribag,66,0
Jharkhand,Hazaribagh,112,4
Jharkhand,Jamtara,16,4
Jharkhand,Khunti,50,7
Jharkhand,Koderma,6,3
Jharkhand,Latehar,36,5
Jharkhand,Lohardaga,38,0
Jharkhand,Pakur,4,12
Jharkhand,Palamu,39,11
Jharkhand,Ramgarh,55,2
Jharkhand,Ranchi,380,73
Jharkhand,Sahibganj,17,3
Jharkhand,Seraikela-Kharsawan,35,0
Jharkhand,Simdega,72,1
Jharkhand,West Singhbhum,45,7
Karnataka,Bagalkot,133,1
Karnataka,Bangalore,66,5
Karnataka,Bangalore Rural,7,43
Karnataka,Belgaum,64,6
Karnataka,Bellary,29,13
Karnataka,Bidar,35,2
Karnataka,Bijapur,34,7
Karnataka,Chamarajanagar,7,1
Karnataka,Chikkaballapur,12,19
Karnataka,Chikmagalur,9,1
Karnataka,Chitradurga,17,0
Karnataka,Dakshina Kannada,16,6
Karnataka,Davangere,31,35
Karnataka,Dharwad,89,3
Karnataka,Gadag,5,1
Karnataka,Gulbarga,517,18
Karnataka,Hassan,14,3
Karnataka,Haveri,8,6
Karnataka,Kodagu,6,0
Karnataka,Kolar,21,27
Karnataka,Koppal,9,0
Karnataka,Mandya,5,6
Karnataka,Mysore,4,0
Karnataka,Raichur,474,13
Karnataka,Ramanagar,4,0
Karnataka,Shimoga,111,1
Karnataka,Tumkur,6,0
Karnataka,Udupi,95,0
Karnataka,Uttara Kannada,7,1
Karnataka,Yadgir,12,7
Kerala,Alappuzha,96,2
Kerala,Ernakulam,134,2
Kerala,Idukki,50,1
Kerala,Kannur,44,4
Kerala,Kasaragod,21,0
Kerala,Kollam,59,1
Kerala,Kottayam,122,4
Kerala,Kozhikode,106,3
Kerala,Malappuram,205,15
Kerala,Palakkad,92,4
Kerala,Pathanamthitta,83,1
Kerala,Thiruvananthapuram,115,2
Kerala,Thrissur,167,5
Kerala,Wayanad,77,1
Lakshadweep,Lakshadweep,3,0
Madhya Pradesh,Alirajpur,11,15
Madhya Pradesh,Anuppur,20,4
Madhya Pradesh,Ashok Nagar,87,11
Madhya Pradesh,Balaghat,43,7
Madhya Pradesh,Barwani,95,12
Madhya Pradesh,Betul,28,7
Madhya Pradesh,Bhind,46,12
Madhya Pradesh,Bhopal,143,12
Madhya Pradesh,Burhanpur,5,1
Madhya Pradesh,Chhatarpur,34,11
Madhya Pradesh,Chhindwara,79,10
Madhya Pradesh,Damoh,93,4
Madhya Pradesh,Datia,48,8
Madhya Pradesh,Dewas,432,5
Madhya Pradesh,Dhar,98,8
Madhya Pradesh,Dindori,37,11
Madhya Pradesh,Guna,30,7
Madhya Pradesh,Gwalior,40,1
Madhya Pradesh,Harda,8,1
Madhya Pradesh,Hoshangabad,16,7
Madhya Pradesh,Indore,83,3
Madhya Pradesh,Jabalpur,26,6
Madhya Pradesh,Jhabua,45,15
Madhya Pradesh,Katni,19,4
Madhya Pradesh,Khandwa,48,12
Madhya Pradesh,Khargone,37,5
Madhya Pradesh,Mandla,171,27
Madhya Pradesh,Mandsaur,352,3
Madhya Pradesh,Morena,71,7
Madhya Pradesh,Narsinghpur,60,6
Madhya Pradesh,Neemuch,126,1
Madhya Pradesh,Panna,20,2
Madhya Pradesh,Raisen,43,13
Madhya Pradesh,Rajgarh,166,14
Madhya Pradesh,Ratlam,248,8
Madhya Pradesh,Rewa,33,13
Madhya Pradesh,Sagar,50,21
Madhya Pradesh,Satna,42,14
Madhya Pradesh,Sehore,89,13
Madhya Pradesh,Seoni,52,2
Madhya Pradesh,Shahdol,28,4
Madhya Pradesh,Shajapur,50,4
Madhya Pradesh,Sheopur,39,4
Madhya Pradesh,Shivpuri,56,46
Madhya Pradesh,Sidhi,17,7
Madhya Pradesh,Singrauli,21,3
Madhya Pradesh,Tikamgarh,164,6
Madhya Pradesh,Ujjain,120,5
Madhya Pradesh,Umaria,39,8
Madhya Pradesh,Vidisha,76,39
Maharashtra,Ahmednagar,79,11
Maharashtra,Akola,30,6
Maharashtra,Amravati,90,4
Maharashtra,Aurangabad,93,11
Maharashtra,Beed,81,4
Maharashtra,Bhandara,24,0
Maharashtra,Buldhana,87,7
Maharashtra,Chandrapur,39,6
Maharashtra,Dhule,47,2
Maharashtra,Gadchiroli,108,1
Maharashtra,Gondia,35,7
Maharashtra,Hingoli,31,2
Maharashtra,Jalgaon,85,13
Maharashtra,Jalna,32,4
Maharashtra,Kolhapur,100,5
Maharashtra,Latur,35,9
Maharashtra,Mumbai,322,8
Maharashtra,Nagpur,54,4
Maharashtra,Nanded,52,4
Maharashtra,Nandurbar,218,7
Maharashtra,Nashik,140,18
Maharashtra,Osmanabad,100,11
Maharashtra,Parbhani,87,1
Maharashtra,Pune,248,19
Maharashtra,Raigad,89,1
Maharashtra,Ratnagiri,70,8
Maharashtra,Sangli,49,6
Maharashtra,Satara,34,4
Maharashtra,Sindhudurg,9,0
Maharashtra,Solapur,112,12
Maharashtra,Thane,308,61
Maharashtra,Wardha,25,1
Maharashtra,Washim,25,4
Maharashtra,Yavatmal,220,5
Manipur,Bishnupur,1,0
Manipur,Chandel,1,0
Manipur,Imphal East,2,0
Manipur,Imphal West,54,0
Manipur,Senapati,1,0
Manipur,Tamenglong,2,0
Manipur,Thoubal,1,0
Manipur,Ukhrul,1,0
Meghalaya,East Khasi Hills,2,0
Mizoram,Aizawl,1,0
Mizoram,Lunglei,26,1
Mizoram,Serchhip,46,0
Nagaland,Dimapur,2,0
Nagaland,Kiphire,2,0
Nagaland,Kohima,3,0
Nagaland,Mokokchung,1,0
Nagaland,Phek,1,0
Nagaland,Wokha,3,0
Nagaland,Zunheboto,1,0
Odisha,Anugul,22,0
Odisha,Balangir,37,2
Odisha,Baleswar,5,0
Odisha,Bargarh,4,1
Odisha,Baudh,9,0
Odisha,Bhadrak,7,23
Odisha,Cuttack,31,15
Odisha,Debagarh,28,0
Odisha,Dhenkanal,69,1
Odisha,Gajapati,4,0
Odisha,Ganjam,557,23
Odisha,Jagatsinghapur,44,1
Odisha,Jajapur,27,53
Odisha,Jharsuguda,1,0
Odisha,Kalahandi,2,0
Odisha,Kandhamal,6,0
Odisha,Kendrapara,31,7
Odisha,Kendujhar,24,3
Odisha,Khorda,19,0
Odisha,Khordha,5,0
Odisha,Koraput,10,0
Odisha,Mayurbhanj,41,1
Odisha,Nabarangapur,14,0
Odisha,Nayagarh,51,0
Odisha,Nuapada,58,0
Odisha,Puri,37,4
Odisha,Rayagada,3,0
Odisha,Sonapur,1,0
Odisha,Sundergarh,8,0
Others,Others,3818,22
Puducherry,Karaikal,6,0
Puducherry,Puducherry,28,2
Punjab,Amritsar,39,3
Punjab,Barnala,24,3
Punjab,Bathinda,20,8
Punjab,Faridkot,4,0
Punjab,Fatehgarh Sahib,17,1
Punjab,Fazilka,36,9
Punjab,Firozpur,21,2
Punjab,Gurdaspur,100,12
Punjab,Hoshiarpur,43,2
Punjab,Jalandhar,39,3
Punjab,Kapurthala,18,2
Punjab,Ludhiana,81,7
Punjab,Mansa,16,1
Punjab,Moga,37,2
Punjab,Pathankot,6,23
Punjab,Patiala,36,9
Punjab,Rupnagar,38,1
Punjab,SAS Nagar (Mohali),11,2
Punjab,Sangrur,18,3
Punjab,Shaheed Bhagat Singh Nagar,8,1
Punjab,Sri Muktsar Sahib,20,1
Punjab,Tarn Taran,13,2
Rajasthan,Ajmer,72,0
Rajasthan,Alwar,145,23
Rajasthan,Banswara,205,12
Rajasthan,Baran,5,3
Rajasthan,Barmer,36,13
Rajasthan,Bharatpur,28,2
Rajasthan,Bhilwara,27,6
Rajasthan,Bikaner,36,11
Rajasthan,Bundi,37,1
Rajasthan,Chittorgarh,13,7
Rajasthan,Churu,71,7
Rajasthan,Dausa,46,1
Rajasthan,Dholpur,4,0
Rajasthan,Dungarpur,121,6
Rajasthan,Ganganagar,20,4
Rajasthan,Hanumangarh,72,16
Rajasthan,Jaipur,150,11
Rajasthan,Jaisalmer,3,1
Rajasthan,Jalor,9,9
Rajasthan,Jhalawar,14,5
Rajasthan,Jhunjhunu,47,5
Rajasthan,Jodhpur,44,11
Rajasthan,Karauli,7,4
Rajasthan,Kota,14,4
Rajasthan,Nagaur,81,14
Rajasthan,Pali,36,13
Rajasthan,Pratapgarh,5,5
Rajasthan,Rajsamand,5,2
Rajasthan,Sawai Madhopur,33,1
Rajasthan,Sikar,69,7
Rajasthan,Sirohi,9,4
Rajasthan,Tonk,22,3
Rajasthan,Udaipur,87,23
Sikkim,East Sikkim,2,0
Sikkim,North Sikkim,1,0
Sikkim,South Sikkim,1,0
Sikkim,West Sikkim,2,1
Tamil Nadu,Ariyalur,96,0
Tamil Nadu,Chennai,101,2
Tamil Nadu,Coimbatore,21,4
Tamil Nadu,Cuddalore,62,17
Tamil Nadu,Dharmapuri,6,0
Tamil Nadu,Dindigul,13,1
Tamil Nadu,Erode,6,0
Tamil Nadu,Kancheepuram,26,2
Tamil Nadu,Kanchipuram,19,0
Tamil Nadu,Kanyakumari,21,0
Tamil Nadu,Karur,12,3
Tamil Nadu,Krishnagiri,17,1
Tamil Nadu,Madurai,39,1
Tamil Nadu,Nagapattinam,15,0
Tamil Nadu,Namakkal,14,4
Tamil Nadu,Perambalur,1,1
Tamil Nadu,Pudukkottai,186,3
Tamil Nadu,Ramanathapuram,6,0
Tamil Nadu,Salem,31,3
Tamil Nadu,Sivaganga,5,1
Tamil Nadu,Thanjavur,31,5
Tamil Nadu,The Nilgiris,10,0
Tamil Nadu,Theni,6,1
Tamil Nadu,Thiruvarur,4,0
Tamil Nadu,Thoothukudi,7,0
Tamil Nadu,Tiruchirappalli,5,1
Tamil Nadu,Tirunelveli,17,0
Tamil Nadu,Tirupur,4,8
Tamil Nadu,Tiruvallur,18,10
Tamil Nadu,Tiruvannamalai,47,5
Tamil Nadu,Tiruvarur,11,0
Tamil Nadu,Vellore,40,6
Tamil Nadu,Viluppuram,34,4
Tamil Nadu,Virudhunagar,23,0
Tripura,Dhalai,1,3
Tripura,Gomati,57,16
Tripura,Khowai,26,1
Tripura,North Tripura,8,3
Tripura,Sepahijala,74,3
Tripura,South Tripura,455,27
Tripura,Unakoti,229,32
Tripura,West Tripura,21,0
Uttar Pradesh,Agra,517,37
Uttar Pradesh,Aligarh,410,85
Uttar Pradesh,Allahabad,264,28
Uttar Pradesh,Ambedkar Nagar,264,27
Uttar Pradesh,Amethi,487,14
Uttar Pradesh,Amroha,133,5
Uttar Pradesh,Auraiya,14,0
Uttar Pradesh,Azamgarh,29,1
Uttar Pradesh,Baghpat,11,2
Uttar Pradesh,Bahraich,48,2
Uttar Pradesh,Ballia,217,9
Uttar Pradesh,Balrampur,16,11
Uttar Pradesh,Banda,242,1
Uttar Pradesh,Barabanki,573,5
Uttar Pradesh,Bareilly,161,6
Uttar Pradesh,Basti,29,2
Uttar Pradesh,Bijnor,1068,22
Uttar Pradesh,Budaun,530,2
Uttar Pradesh,Bulandshahr,159,2
Uttar Pradesh,Chandauli,168,0
Uttar Pradesh,Chitrakoot,53,0
Uttar Pradesh,Deoria,186,9
Uttar Pradesh,Etah,50,2
Uttar Pradesh,Etawah,33,2
Uttar Pradesh,Faizabad,100,1
Uttar Pradesh,Farrukhabad,18,2
Uttar Pradesh,Fatehpur,9,1
Uttar Pradesh,Firozabad,12,1
Uttar Pradesh,Gautam Buddha Nagar,422,16
Uttar Pradesh,Ghaziabad,1324,39
Uttar Pradesh,Ghazipur,37,3
Uttar Pradesh,Gonda,9,1
Uttar Pradesh,Gorakhpur,367,29
Uttar Pradesh,Hamirpur,36,1
Uttar Pradesh,Hapur,0,3
Uttar Pradesh,Hardoi,180,6
Uttar Pradesh,Hathras,301,18
Uttar Pradesh,Jalaun,18,1
Uttar Pradesh,Jaunpur,21,0
Uttar Pradesh,Jhansi,5,2
Uttar Pradesh,Kannauj,7,0
Uttar Pradesh,Kanpur Dehat,515,192
Uttar Pradesh,Kanpur Nagar,181,26
Uttar Pradesh,Kasganj,466,31
Uttar Pradesh,Kaushambi,2,0
Uttar Pradesh,Kheri,10,4
Uttar Pradesh,Kushinagar,13,1
Uttar Pradesh,Lalitpur,1,1
Uttar Pradesh,Lucknow,384,48
Uttar Pradesh,Maharajganj,1144,6
Uttar Pradesh,Mahoba,3,0
Uttar Pradesh,Mainpuri,26,5
Uttar Pradesh,Mathura,76,10
Uttar Pradesh,Mau,361,9
Uttar Pradesh,Meerut,259,36
Uttar Pradesh,Mirzapur,76,0
Uttar Pradesh,Moradabad,335,15
Uttar Pradesh,Muzaffarnagar,252,13
Uttar Pradesh,Pilibhit,8,0
Uttar Pradesh,Pratapgarh,154,6
Uttar Pradesh,Raebareli,70,1
Uttar Pradesh,Rampur,4,0
Uttar Pradesh,Saharanpur,276,7
Uttar Pradesh,Sambhal,78,3
Uttar Pradesh,Sant Kabir Nagar,9,2
Uttar Pradesh,Sant Ravidas Nagar,188,2
Uttar Pradesh,Shahjahanpur,228,1
Uttar Pradesh,Shamli,44,1
Uttar Pradesh,Shrawasti,14,1
Uttar Pradesh,Siddharthnagar,220,8
Uttar Pradesh,Sitapur,468,30
Uttar Pradesh,Sonbhadra,4,2
Uttar Pradesh,Sultanpur,7,0
Uttar Pradesh,Unnao,31,0
Uttar Pradesh,Varanasi,730,5
Uttarakhand,Almora,4,0
Uttarakhand,Bageshwar,2,1
Uttarakhand,Chamoli,1,0
Uttarakhand,Champawat,5,0
Uttarakhand,Dehradun,21,3
Uttarakhand,Haridwar,13,2
Uttarakhand,Nainital,5,0
Uttarakhand,Pauri Garhwal,5,1
Uttarakhand,Pithoragarh,2,0
Uttarakhand,Rudraprayag,1,0
Uttarakhand,Tehri Garhwal,4,1
Uttarakhand,Udham Singh Nagar,14,0
Uttarakhand,Uttarkashi,2,1
West Bengal,Bankura,426,4
West Bengal,Bardhaman,249,18
West Bengal,Birbhum,29,5
West Bengal,Cooch Behar,49,1
West Bengal,Dakshin Dinajpur,13,0
West Bengal,Darjeeling,246,0
West Bengal,East Midnapore,55,2
West Bengal,Hooghly,105,0
West Bengal,Howrah,50,4
West Bengal,Jalpaiguri,1196,31
West Bengal,Kolkata,20,5
West Bengal,Malda,34,4
West Bengal,Medinipur,56,0
West Bengal,Murshidabad,49,2
West Bengal,Nadia,26,1
West Bengal,North 24 Parganas,217,4
West Bengal,North Dinajpur,12,4
West Bengal,Purulia,639,14
West Bengal,South 24 Parganas,15,1
West Bengal,South Dinajpur,1,2
West Bengal,South Twenty Four Parganas,39,13
West Bengal,West Midnapore,313,30
