State,District,Aadhaar generated,Enrolment Rejected
Andaman and Nicobar Islands,North And Middle Andaman,0,1
Andaman and Nicobar Islands,South Andaman,1,1
Andhra Pradesh,Adilabad,204,24
Andhra Pradesh,Anantapur,2,0
Andhra Pradesh,Ananthapur,136,264
Andhra Pradesh,Chittoor,180,134
Andhra Pradesh,Cuddapah,150,448
Andhra Pradesh,East Godavari,177,60
Andhra Pradesh,Guntur,305,223
Andhra Pradesh,Hyderabad,391,97
Andhra Pradesh,Karimnagar,579,542
Andhra Pradesh,Khammam,488,773
Andhra Pradesh,Krishna,219,346
Andhra Pradesh,Kurnool,1164,1686
Andhra Pradesh,Mahbubnagar,875,1028
Andhra Pradesh,Medak,528,1802
Andhra Pradesh,Nalgonda,500,819
Andhra Pradesh,Nellore,516,471
Andhra Pradesh,Nizamabad,464,235
Andhra Pradesh,Prakasam,393,594
Andhra Pradesh,Ranga Reddy,638,488
Andhra Pradesh,Srikakulam,117,43
Andhra Pradesh,Visakhapatnam,855,570
Andhra Pradesh,Vizianagaram,1574,305
Andhra Pradesh,Warangal,493,867
Andhra Pradesh,West Godavari,475,627
Arunachal Pradesh,East Siang,1,0
Arunachal Pradesh,Papum Pare,7,0
Arunachal Pradesh,Tirap,4,0
Arunachal Pradesh,West Kameng,4,0
Assam,Baksa,2,0
Assam,Barpeta,14,0
Assam,Bongaigaon,7,0
Assam,Cachar,13,1
Assam,Chirang,4,0
Assam,Darrang,5,0
Assam,Dhemaji,5,0
Assam,Dhubri,5,0
Assam,Goalpara,1,0
Assam,Golaghat,5,0
Assam,Hailakandi,9,0
Assam,Jorhat,3,0
Assam,Kamrup,20,0
Assam,Kamrup Metro,1,0
Assam,Karbi Anglong,4,1
Assam,Karimganj,17,1
Assam,Kokrajhar,7,0
Assam,Lakhimpur,11,0
Assam,Marigaon,1,0
Assam,Nagaon,13,0
Assam,Nalbari,2,0
Assam,Sibsagar,7,1
Assam,Sonitpur,46,1
Assam,Tinsukia,2,0
Assam,Udalguri,9,0
Bihar,Araria,104,3
Bihar,Arwal,100,4
Bihar,Aurangabad,222,4
Bihar,Aurangabad(BH),1,0
Bihar,Banka,2241,163
Bihar,Begusarai,472,8
Bihar,Bhagalpur,544,32
Bihar,Bhojpur,374,10
Bihar,Buxar,149,7
Bihar,Darbhanga,396,23
Bihar,East Champaran,543,10
Bihar,Gaya,627,21
Bihar,Gopalganj,599,75
Bihar,Jamui,193,10
Bihar,Jehanabad,459,34
Bihar,Kaimur (Bhabua),303,6
Bihar,Katihar,7278,553
Bihar,Khagaria,69,1
Bihar,Kishanganj,2895,692
Bihar,Lakhisarai,159,5
Bihar,Madhepura,38,2
Bihar,Madhubani,351,12
Bihar,Munger,795,27
Bihar,Muzaffarpur,2186,113
Bihar,Nalanda,392,11
Bihar,Nawada,117,8
Bihar,Patna,7314,568
Bihar,Purnia,2374,100
Bihar,Rohtas,864,24
Bihar,Saharsa,292,6
Bihar,Samastipur,2085,49
Bihar,Saran,405,20
Bihar,Sheikhpura,75,3
Bihar,Sheohar,123,0
Bihar,Sitamarhi,1019,57
Bihar,Siwan,734,32
Bihar,Supaul,773,13
Bihar,Vaishali,414,27
Bihar,West Champaran,361,21
Chandigarh,Chandigarh,362,56
Chhattisgarh,Balod,75,0
Chhattisgarh,Baloda Bazar,35,1
Chhattisgarh,Bastar,27,0
Chhattisgarh,Bemetara,104,1
Chhattisgarh,Bijapur,1,0
Chhattisgarh,Bilaspur,3670,195
Chhattisgarh,Dhamtari,155,1
Chhattisgarh,Durg,5655,298
Chhattisgarh,Gariyaband,30,0
Chhattisgarh,Janjgir Champa,148,1
Chhattisgarh,Jashpur,19,5
Chhattisgarh,Kanker,4,0
Chhattisgarh,Kawardha,2,0
Chhattisgarh,Kondagaon,1465,11
Chhattisgarh,Korba,174,4
Chhattisgarh,Koriya,133,1
Chhattisgarh,Mahasamund,2312,158
Chhattisgarh,Mungeli,99,18
Chhattisgarh,Narayanpur,3,0
Chhattisgarh,Raigarh,88,0
Chhattisgarh,Raipur,887,53
Chhattisgarh,Rajnandgaon,35,1
Chhattisgarh,Surajpur,113,1
Chhattisgarh,Surguja,2,0
Chhattisgarh,Uttar Bastar Kanker,2,0
Dadra and Nagar Haveli,Dadra and Nagar Haveli,104,1
Daman and Diu,Daman,29,4
Daman and Diu,Diu,2,0
Delhi,Central Delhi,127,26
Delhi,East Delhi,333,78
Delhi,Najafgarh,3,0
Delhi,New Delhi,11,4
Delhi,North Delhi,141,52
Delhi,North East,32,2
Delhi,North East Delhi,458,98
Delhi,North West Delhi,531,155
Delhi,South Delhi,726,144
Delhi,South West Delhi,768,66
Delhi,West Delhi,416,75
Goa,Bardez,1,0
Goa,North Goa,41,11
Goa,South Goa,81,9
Gujarat,Ahmedabad,3723,402
Gujarat,Amreli,1117,98
Gujarat,Anand,775,194
Gujarat,Banaskantha,910,21
Gujarat,Bharuch,391,40
Gujarat,Bhavnagar,2228,96
Gujarat,Dahod,770,139
Gujarat,Gandhinagar,591,53
Gujarat,Jamnagar,962,81
Gujarat,Junagadh,2640,405
Gujarat,Kachchh,1985,75
Gujarat,Kheda,659,70
Gujarat,Mahesana,640,28
Gujarat,Narmada,112,11
Gujarat,Navsari,1034,13
Gujarat,Panchmahal,1678,84
Gujarat,Patan,1163,34
Gujarat,Porbandar,52,4
Gujarat,Rajkot,621,77
Gujarat,Sabarkantha,2351,243
Gujarat,Surat,9665,785
Gujarat,Surendranagar,1002,79
Gujarat,Tapi,240,16
Gujarat,The Dangs,229,18
Gujarat,Vadodara,4107,200
Gujarat,Valsad,1381,83
Haryana,Ambala,174,14
Haryana,Bhiwani,544,127
Haryana,Faridabad,498,45
Haryana,Fatehabad,255,30
Haryana,Gurgaon,328,40
Haryana,Hisar,538,132
Haryana,Jhajjar,262,12
Haryana,Jind,351,59
Haryana,Kaithal,285,81
Haryana,Karnal,739,79
Haryana,Kurukshetra,315,86
Haryana,Mahendragarh,211,20
Haryana,Mewat,1800,558
Haryana,Palwal,473,25
Haryana,Panchkula,121,7
Haryana,Panipat,424,49
Haryana,Rewari,224,25
Haryana,Rohtak,175,11
Haryana,Sirsa,330,70
Haryana,Sonipat,214,17
Haryana,Yamuna Nagar,463,196
Himachal Pradesh,Bilaspur,17,1
Himachal Pradesh,Chamba,62,7
Himachal Pradesh,Hamirpur,24,2
Himachal Pradesh,Kangra,150,19
Himachal Pradesh,Kinnaur,16,0
Himachal Pradesh,Kullu,66,7
Himachal Pradesh,Lahul and Spiti,0,1
Himachal Pradesh,Mandi,89,16
Himachal Pradesh,Shimla,176,21
Himachal Pradesh,Sirmaur,115,9
Himachal Pradesh,Solan,63,11
Himachal Pradesh,Una,26,6
Jammu and Kashmir,Anantnag,81,3
Jammu and Kashmir,Badgam,19,4
Jammu and Kashmir,Bandipore,27,0
Jammu and Kashmir,Baramula,60,3
Jammu and Kashmir,Doda,318,1
Jammu and Kashmir,Jammu,1712,358
Jammu and Kashmir,Kargil,22,0
Jammu and Kashmir,Kathua,62,1
Jammu and Kashmir,Kupwara,43,1
Jammu and Kashmir,Leh,14,0
Jammu and Kashmir,Pulwama,29,2
Jammu and Kashmir,Punch,396,10
Jammu and Kashmir,Rajouri,15,1
Jammu and Kashmir,Reasi,41,0
Jammu and Kashmir,Srinagar,4,1
Jammu and Kashmir,Udhampur,24,0
Jharkhand,Bokaro,244,41
Jharkhand,Chatra,312,144
Jharkhand,Deoghar,348,130
Jharkhand,Dhanbad,303,40
Jharkhand,Dumka,277,77
Jharkhand,East Singhbhum,697,29
Jharkhand,Garhwa,285,182
Jharkhand,Giridih,459,251
Jharkhand,Godda,364,115
Jharkhand,Gumla,225,223
Jharkhand,Hazaribag,1,0
Jharkhand,Hazaribagh,401,61
Jharkhand,Jamtara,213,46
Jharkhand,Khunti,95,27
Jharkhand,Koderma,203,155
Jharkhand,Latehar,522,226
Jharkhand,Lohardaga,53,25
Jharkhand,Pakur,406,180
Jharkhand,Palamu,682,239
Jharkhand,Ramgarh,99,40
Jharkhand,Ranchi,496,117
Jharkhand,Sahibganj,314,38
Jharkhand,Seraikela-Kharsawan,149,51
Jharkhand,Simdega,208,45
Jharkhand,West Singhbhum,477,176
Karnataka,Bagalkot,566,217
Karnataka,Bangalore,1150,316
Karnataka,Bangalore Rural,158,122
Karnataka,Belgaum,1181,2658
Karnataka,Bellary,783,106
Karnataka,Bidar,271,682
Karnataka,Bijapur,1136,326
Karnataka,Bijapur(KAR),14,0
Karnataka,Chamarajanagar,533,181
Karnataka,Chikkaballapur,101,35
Karnataka,Chikmagalur,293,9
Karnataka,Chitradurga,334,26
Karnataka,Dakshina Kannada,406,15
Karnataka,Davangere,522,148
Karnataka,Dharwad,242,267
Karnataka,Gadag,96,14
Karnataka,Gulbarga,1798,573
Karnataka,Hassan,571,87
Karnataka,Haveri,637,224
Karnataka,Kodagu,83,1
Karnataka,Kolar,350,103
Karnataka,Koppal,234,11
Karnataka,Mandya,491,53
Karnataka,Mysore,92,74
Karnataka,Raichur,1423,260
Karnataka,Ramanagar,191,64
Karnataka,Shimoga,660,251
Karnataka,Tumkur,91,9
Karnataka,Udupi,83,0
Karnataka,Uttara Kannada,154,4
Karnataka,Yadgir,309,162
Kerala,Alappuzha,134,30
Kerala,Ernakulam,226,70
Kerala,Idukki,82,15
Kerala,Kannur,387,80
Kerala,Kasaragod,81,27
Kerala,Kollam,250,58
Kerala,Kottayam,247,39
Kerala,Kozhikode,314,84
Kerala,Malappuram,596,61
Kerala,Palakkad,296,100
Kerala,Pathanamthitta,79,17
Kerala,Thiruvananthapuram,284,36
Kerala,Thrissur,254,30
Kerala,Wayanad,72,13
Lakshadweep,Lakshadweep,5,0
Madhya Pradesh,Alirajpur,227,19
Madhya Pradesh,Anuppur,289,107
Madhya Pradesh,Ashok Nagar,1176,162
Madhya Pradesh,Balaghat,832,141
Madhya Pradesh,Barwani,1371,363
Madhya Pradesh,Betul,1165,155
Madhya Pradesh,Bhind,1081,73
Madhya Pradesh,Bhopal,491,96
Madhya Pradesh,Burhanpur,49,72
Madhya Pradesh,Chhatarpur,518,298
Madhya Pradesh,Chhindwara,1394,267
Madhya Pradesh,Damoh,491,178
Madhya Pradesh,Datia,565,199
Madhya Pradesh,Dewas,636,122
Madhya Pradesh,Dhar,658,100
Madhya Pradesh,Dindori,418,140
Madhya Pradesh,Guna,798,382
Madhya Pradesh,Gwalior,431,102
Madhya Pradesh,Harda,30,70
Madhya Pradesh,Hoshangabad,104,60
Madhya Pradesh,Indore,346,42
Madhya Pradesh,Jabalpur,182,55
Madhya Pradesh,Jhabua,277,135
Madhya Pradesh,Katni,439,79
Madhya Pradesh,Khandwa,59,19
Madhya Pradesh,Khargone,529,144
Madhya Pradesh,Mandla,1801,156
Madhya Pradesh,Mandsaur,287,105
Madhya Pradesh,Morena,786,112
Madhya Pradesh,Narsinghpur,292,75
Madhya Pradesh,Neemuch,100,11
Madhya Pradesh,Panna,342,256
Madhya Pradesh,Raisen,440,92
Madhya Pradesh,Rajgarh,3603,303
Madhya Pradesh,Ratlam,394,99
Madhya Pradesh,Rewa,597,109
Madhya Pradesh,Sagar,421,116
Madhya Pradesh,Satna,535,103
Madhya Pradesh,Sehore,1100,219
Madhya Pradesh,Seoni,492,186
Madhya Pradesh,Shahdol,440,174
Madhya Pradesh,Shajapur,305,215
Madhya Pradesh,Sheopur,139,7
Madhya Pradesh,Shivpuri,2139,560
Madhya Pradesh,Sidhi,318,295
Madhya Pradesh,Singrauli,369,159
Madhya Pradesh,Tikamgarh,756,292
Madhya Pradesh,Ujjain,514,222
Madhya Pradesh,Umaria,323,66
Madhya Pradesh,Vidisha,606,264
Maharashtra,Ahmednagar,745,203
Maharashtra,Akola,434,89
Maharashtra,Amravati,387,161
Maharashtra,Aurangabad,469,119
Maharashtra,Beed,647,60
Maharashtra,Bhandara,166,38
Maharashtra,Buldhana,747,123
Maharashtra,Chandrapur,878,44
Maharashtra,Dhule,178,69
Maharashtra,Gadchiroli,762,117
Maharashtra,Gondia,202,27
Maharashtra,Hingoli,258,4
Maharashtra,Jalgaon,488,22
Maharashtra,Jalna,425,181
Maharashtra,Kolhapur,689,76
Maharashtra,Latur,395,53
Maharashtra,Mumbai,1040,137
Maharashtra,Nagpur,570,165
Maharashtra,Nanded,983,102
Maharashtra,Nandurbar,194,127
Maharashtra,Nashik,922,143
Maharashtra,Osmanabad,446,57
Maharashtra,Parbhani,816,38
Maharashtra,Pune,1043,186
Maharashtra,Raigad,811,38
Maharashtra,Ratnagiri,511,115
Maharashtra,Sangli,310,61
Maharashtra,Satara,487,28
Maharashtra,Sindhudurg,284,15
Maharashtra,Solapur,3506,193
Maharashtra,Thane,1857,163
Maharashtra,Wardha,86,2
Maharashtra,Washim,400,43
Maharashtra,Yavatmal,1174,43
Manipur,Bishnupur,7,0
Manipur,Chandel,4,0
Manipur,Churachandpur,13,1
Manipur,Imphal East,56,0
Manipur,Imphal West,240,3
Manipur,Senapati,8,0
Manipur,Tamenglong,7,0
Manipur,Thoubal,12,0
Manipur,Ukhrul,6,0
Meghalaya,East Khasi Hills,2,0
Meghalaya,Ri Bhoi,1,0
Meghalaya,West Garo Hills,2,0
Meghalaya,West Khasi Hills,1,0
Mizoram,Aizawl,6,0
Mizoram,Lunglei,713,4
Mizoram,Serchhip,54,2
Nagaland,Dimapur,44,1
Nagaland,Kiphire,1,0
Nagaland,Kohima,22,0
Nagaland,Longleng,2,0
Nagaland,Mokokchung,10,0
Nagaland,Mon,22,0
Nagaland,Phek,13,0
Nagaland,Tuensang,5,0
Nagaland,Wokha,1,0
Nagaland,Zunheboto,8,0
Odisha,Angul,4,0
Odisha,Anugul,249,3
Odisha,Balangir,84,1
Odisha,Baleswar,181,0
Odisha,Bargarh,173,1
Odisha,Baudh,31,0
Odisha,Bhadrak,157,0
Odisha,Boudh,210,0
Odisha,Cuttack,1679,430
Odisha,Debagarh,364,1
Odisha,Dhenkanal,218,2
Odisha,Gajapati,142,0
Odisha,Ganjam,19011,2164
Odisha,Jagatsinghapur,157,2
Odisha,Jajapur,391,4
Odisha,Jharsuguda,59,0
Odisha,Kalahandi,46,2
Odisha,Kandhamal,150,0
Odisha,Kendrapara,200,7
Odisha,Kendujhar,188,1
Odisha,Khorda,190,18
Odisha,Khordha,75,1
Odisha,Koraput,103,0
Odisha,Malkangiri,63,21
Odisha,Mayurbhanj,660,1
Odisha,Nabarangapur,294,0
Odisha,Nayagarh,171,1
Odisha,Nuapada,263,0
Odisha,Puri,224,169
Odisha,Rayagada,39,3
Odisha,Sambalpur,115,1
Odisha,Sonapur,48,0
Odisha,Sundergarh,285,0
Others,Others,248,6566
Puducherry,Karaikal,20,3
Puducherry,Puducherry,23,5
Puducherry,Yanam,2,0
Punjab,Amritsar,524,88
Punjab,Barnala,103,15
Punjab,Bathinda,168,19
Punjab,Faridkot,115,24
Punjab,Fatehgarh Sahib,149,20
Punjab,Fazilka,254,40
Punjab,Firozpur,234,30
Punjab,Gurdaspur,297,128
Punjab,Hoshiarpur,266,19
Punjab,Jalandhar,548,100
Punjab,Kapurthala,165,31
Punjab,Ludhiana,756,124
Punjab,Mansa,256,90
Punjab,Moga,316,21
Punjab,Mohali,1,0
Punjab,Pathankot,89,41
Punjab,Patiala,390,161
Punjab,Rupnagar,175,10
Punjab,SAS Nagar (Mohali),321,25
Punjab,Sangrur,302,126
Punjab,Shaheed Bhagat Singh Nagar,99,19
Punjab,Sri Muktsar Sahib,171,15
Punjab,Tarn Taran,291,70
Rajasthan,Ajmer,244,102
Rajasthan,Alwar,366,92
Rajasthan,Banswara,679,117
Rajasthan,Baran,170,19
Rajasthan,Barmer,478,29
Rajasthan,Bharatpur,1033,85
Rajasthan,Bhilwara,429,165
Rajasthan,Bikaner,492,101
Rajasthan,Bundi,144,57
Rajasthan,Chittorgarh,685,210
Rajasthan,Churu,204,46
Rajasthan,Dausa,139,11
Rajasthan,Dholpur,338,452
Rajasthan,Dungarpur,576,97
Rajasthan,Ganganagar,671,104
Rajasthan,Hanumangarh,434,36
Rajasthan,Jaipur,1057,140
Rajasthan,Jaisalmer,136,45
Rajasthan,Jalor,205,9
Rajasthan,Jhalawar,222,20
Rajasthan,Jhunjhunu,246,21
Rajasthan,Jodhpur,837,66
Rajasthan,Karauli,474,57
Rajasthan,Kota,310,52
Rajasthan,Nagaur,1194,159
Rajasthan,Pali,425,89
Rajasthan,Pratapgarh,558,69
Rajasthan,Rajsamand,138,16
Rajasthan,Sawai Madhopur,277,32
Rajasthan,Sikar,544,48
Rajasthan,Sirohi,82,3
Rajasthan,Tonk,339,48
Rajasthan,Udaipur,295,42
Sikkim,East Sikkim,7,0
Sikkim,North Sikkim,7,0
Sikkim,South Sikkim,7,3
Sikkim,West Sikkim,8,1
Tamil Nadu,Ariyalur,72,2
Tamil Nadu,Chennai,1213,228
Tamil Nadu,Coimbatore,1326,98
Tamil Nadu,Cuddalore,185,3
Tamil Nadu,Dharmapuri,237,4
Tamil Nadu,Dindigul,238,3
Tamil Nadu,Erode,283,53
Tamil Nadu,Kancheepuram,505,8
Tamil Nadu,Kanchipuram,46,1
Tamil Nadu,Kanyakumari,233,12
Tamil Nadu,Karur,231,45
Tamil Nadu,Krishnagiri,321,4
Tamil Nadu,Madurai,509,17
Tamil Nadu,Nagapattinam,642,85
Tamil Nadu,Namakkal,5306,256
Tamil Nadu,Nilgiris,1,0
Tamil Nadu,Perambalur,211,81
Tamil Nadu,Pudukkottai,79,2
Tamil Nadu,Ramanathapuram,157,4
Tamil Nadu,Salem,727,26
Tamil Nadu,Sivaganga,256,16
Tamil Nadu,Thanjavur,1242,40
Tamil Nadu,The Nilgiris,148,0
Tamil Nadu,Theni,196,12
Tamil Nadu,Thiruvarur,351,19
Tamil Nadu,Thoothukudi,277,64
Tamil Nadu,Tiruchirappalli,426,40
Tamil Nadu,Tirunelveli,520,61
Tamil Nadu,Tirupur,986,25
Tamil Nadu,Tiruvallur,1274,144
Tamil Nadu,Tiruvannamalai,436,23
Tamil Nadu,Tiruvarur,62,0
Tamil Nadu,Vellore,5032,191
Tamil Nadu,Viluppuram,610,6
Tamil Nadu,Virudhunagar,281,2
Tripura,Dhalai,19,22
Tripura,Gomati,100,5
Tripura,Khowai,11,17
Tripura,North Tripura,24,23
Tripura,Sepahijala,189,7
Tripura,South Tripura,235,8
Tripura,Unakoti,84,5
Tripura,West Tripura,81,20
Uttar Pradesh,Agra,6904,576
Uttar Pradesh,Aligarh,6459,608
Uttar Pradesh,Allahabad,6423,625
Uttar Pradesh,Ambedkar Nagar,3574,222
Uttar Pradesh,Amethi,341,2
Uttar Pradesh,Amroha,1955,53
Uttar Pradesh,Auraiya,268,42
Uttar Pradesh,Azamgarh,466,30
Uttar Pradesh,Baghpat,160,8
Uttar Pradesh,Bahraich,1666,93
Uttar Pradesh,Ballia,2098,133
Uttar Pradesh,Balrampur,6631,323
Uttar Pradesh,Banda,743,114
Uttar Pradesh,Barabanki,672,97
Uttar Pradesh,Bareilly,1735,77
Uttar Pradesh,Basti,242,13
Uttar Pradesh,Bijnor,7305,336
Uttar Pradesh,Budaun,896,39
Uttar Pradesh,Bulandshahr,703,31
Uttar Pradesh,Chandauli,744,38
Uttar Pradesh,Chitrakoot,221,3
Uttar Pradesh,Deoria,1659,141
Uttar Pradesh,Etah,1613,74
Uttar Pradesh,Etawah,523,144
Uttar Pradesh,Faizabad,878,91
Uttar Pradesh,Farrukhabad,1695,57
Uttar Pradesh,Fatehpur,530,13
Uttar Pradesh,Firozabad,250,5
Uttar Pradesh,Gautam Buddha Nagar,4572,422
Uttar Pradesh,Ghaziabad,8074,551
Uttar Pradesh,Ghazipur,751,86
Uttar Pradesh,Gonda,507,44
Uttar Pradesh,Gorakhpur,3093,375
Uttar Pradesh,Hamirpur,57,2
Uttar Pradesh,Hapur,207,9
Uttar Pradesh,Hardoi,1571,15
Uttar Pradesh,Hathras,9737,1594
Uttar Pradesh,Jalaun,689,119
Uttar Pradesh,Jaunpur,611,78
Uttar Pradesh,Jhansi,199,2
Uttar Pradesh,Kannauj,833,43
Uttar Pradesh,Kanpur Dehat,3190,840
Uttar Pradesh,Kanpur Nagar,1499,299
Uttar Pradesh,Kasganj,272,7
Uttar Pradesh,Kaushambi,64,10
Uttar Pradesh,Kheri,604,151
Uttar Pradesh,Kushinagar,570,262
Uttar Pradesh,Lalitpur,442,66
Uttar Pradesh,Lucknow,4545,508
Uttar Pradesh,Maharajganj,702,6
Uttar Pradesh,Mahoba,168,9
Uttar Pradesh,Mainpuri,631,22
Uttar Pradesh,Mathura,2321,121
Uttar Pradesh,Mau,2873,106
Uttar Pradesh,Meerut,4904,448
Uttar Pradesh,Mirzapur,915,58
Uttar Pradesh,Moradabad,2671,99
Uttar Pradesh,Muzaffarnagar,174,9
Uttar Pradesh,Pilibhit,209,8
Uttar Pradesh,Pratapgarh,1535,65
Uttar Pradesh,Raebareli,622,11
Uttar Pradesh,Rampur,155,12
Uttar Pradesh,Saharanpur,2448,222
Uttar Pradesh,Sambhal,1619,53
Uttar Pradesh,Sant Kabir Nagar,1101,101
Uttar Pradesh,Sant Ravidas Nagar,2421,82
Uttar Pradesh,Sant Ravidas Nagar Bhadohi,2,0
Uttar Pradesh,Shahjahanpur,191,2
Uttar Pradesh,Shamli,77,1
Uttar Pradesh,Shrawasti,150,2
Uttar Pradesh,Siddharthnagar,99,31
Uttar Pradesh,Sitapur,892,142
Uttar Pradesh,Sonbhadra,246,33
Uttar Pradesh,Sultanpur,87,6
Uttar Pradesh,Unnao,348,12
Uttar Pradesh,Varanasi,4545,243
Uttarakhand,Almora,142,4
Uttarakhand,Bageshwar,56,2
Uttarakhand,Chamoli,14,1
Uttarakhand,Champawat,41,0
Uttarakhand,Dehradun,450,14
Uttarakhand,Garhwal,1,0
Uttarakhand,Haridwar,1945,56
Uttarakhand,Nainital,178,2
Uttarakhand,Pauri Garhwal,44,4
Uttarakhand,Pithoragarh,72,3
Uttarakhand,Rudraprayag,9,1
Uttarakhand,Tehri Garhwal,62,2
Uttarakhand,Udham Singh Nagar,425,23
Uttarakhand,Uttarkashi,6,0
West Bengal,Bankura,2578,700
West Bengal,Bardhaman,21212,2478
West Bengal,Birbhum,3322,155
West Bengal,Cooch Behar,267,9
West Bengal,Dakshin Dinajpur,73,0
West Bengal,Darjeeling,5235,103
West Bengal,East Midnapore,2339,117
West Bengal,Hooghly,992,7
West Bengal,Howrah,411,18
West Bengal,Jalpaiguri,7405,866
West Bengal,Kolkata,2659,237
West Bengal,Malda,758,35
West Bengal,Medinipur,466,72
West Bengal,Murshidabad,1305,29
West Bengal,Nadia,1243,110
West Bengal,North 24 Parganas,7726,287
West Bengal,North Dinajpur,367,25
West Bengal,Purulia,2747,1225
West Bengal,South 24 Parganas,2383,258
West Bengal,South Dinajpur,266,58
West Bengal,South Twenty Four Parganas,248,1
West Bengal,West Midnapore,26433,4999
