State,District,Aadhaar generated,Enrolment Rejected
Andaman and Nicobar Islands,North And Middle Andaman,1,0
Andaman and Nicobar Islands,South Andaman,1,0
Andhra Pradesh,Adilabad,47,1
Andhra Pradesh,Anantapur,1,0
Andhra Pradesh,Ananthapur,91,17
Andhra Pradesh,Chittoor,125,10
Andhra Pradesh,Cuddapah,273,8
Andhra Pradesh,East Godavari,189,28
Andhra Pradesh,Guntur,108,4
Andhra Pradesh,Hyderabad,184,4
Andhra Pradesh,Karimnagar,138,19
Andhra Pradesh,Khammam,33,1
Andhra Pradesh,Krishna,90,8
Andhra Pradesh,Kurnool,119,32
Andhra Pradesh,Mahbubnagar,76,3
Andhra Pradesh,Medak,76,4
Andhra Pradesh,Nalgonda,101,8
Andhra Pradesh,Nellore,124,8
Andhra Pradesh,Nizamabad,182,12
Andhra Pradesh,Prakasam,146,6
Andhra Pradesh,Ranga Reddy,147,6
Andhra Pradesh,Srikakulam,159,17
Andhra Pradesh,Visakhapatnam,369,27
Andhra Pradesh,Vizianagaram,571,45
Andhra Pradesh,Warangal,116,5
Andhra Pradesh,West Godavari,386,15
Arunachal Pradesh,Changlang,2,0
Arunachal Pradesh,East Siang,1,0
Arunachal Pradesh,Lohit,1,0
Assam,Baksa,5,0
Assam,Barpeta,2,1
Assam,Bongaigaon,1,0
Assam,Cachar,12,0
Assam,Chirang,1,0
Assam,Darrang,3,0
Assam,Dhemaji,2,0
Assam,Dibrugarh,1,0
Assam,Goalpara,3,0
Assam,Golaghat,2,0
Assam,Hailakandi,5,0
Assam,Jorhat,2,0
Assam,Kamrup,23,0
Assam,Kamrup Metro,4,0
Assam,Karbi Anglong,5,0
Assam,Karimganj,2,0
Assam,Lakhimpur,3,0
Assam,Marigaon,4,0
Assam,Nagaon,7,2
Assam,Nalbari,4,0
Assam,Sibsagar,2,0
Assam,Sonitpur,7,1
Assam,Tinsukia,4,0
Assam,Udalguri,5,0
Bihar,Araria,69,2
Bihar,Arwal,20,0
Bihar,Aurangabad,402,8
Bihar,Aurangabad(BH),1,0
Bihar,Banka,5809,21
Bihar,Begusarai,2000,10
Bihar,Bhagalpur,618,22
Bihar,Bhojpur,181,7
Bihar,Buxar,80,1
Bihar,Darbhanga,133,8
Bihar,East Champaran,653,6
Bihar,Gaya,497,13
Bihar,Gopalganj,148,34
Bihar,Jamui,681,14
Bihar,Jehanabad,411,2
Bihar,Kaimur (Bhabua),101,7
Bihar,Katihar,1039,29
Bihar,Khagaria,51,0
Bihar,Kishanganj,502,26
Bihar,Lakhisarai,64,3
Bihar,Madhepura,50,1
Bihar,Madhubani,995,5
Bihar,Munger,546,5
Bihar,Muzaffarpur,2660,54
Bihar,Nalanda,123,8
Bihar,Nawada,740,2
Bihar,Patna,9306,214
Bihar,Purnia,3421,39
Bihar,Rohtas,1409,14
Bihar,Saharsa,283,1
Bihar,Samastipur,2149,22
Bihar,Saran,574,10
Bihar,Sheikhpura,22,0
Bihar,Sheohar,18,0
Bihar,Sitamarhi,692,20
Bihar,Siwan,1049,30
Bihar,Supaul,43,5
Bihar,Vaishali,796,16
Bihar,West Champaran,424,10
Chandigarh,Chandigarh,214,14
Chhattisgarh,Balod,23,1
Chhattisgarh,Baloda Bazar,16,0
Chhattisgarh,Balrampur,7,0
Chhattisgarh,Bastar,8,0
Chhattisgarh,Bemetara,98,23
Chhattisgarh,Bijapur,1,0
Chhattisgarh,Bilaspur,3358,101
Chhattisgarh,Dakshin Bastar Dantewada,1,0
Chhattisgarh,Dhamtari,59,4
Chhattisgarh,Durg,9438,167
Chhattisgarh,Gariyaband,35,0
Chhattisgarh,Janjgir Champa,29,4
Chhattisgarh,Janjgir-champa,0,7
Chhattisgarh,Jashpur,7,0
Chhattisgarh,Kabeerdham,2,0
Chhattisgarh,Kanker,3,0
Chhattisgarh,Kawardha,7,0
Chhattisgarh,Kondagaon,1967,2
Chhattisgarh,Korba,16,3
Chhattisgarh,Koriya,4,0
Chhattisgarh,Mahasamund,5421,202
Chhattisgarh,Mungeli,43,0
Chhattisgarh,Narayanpur,1,0
Chhattisgarh,Raigarh,19,0
Chhattisgarh,Raipur,389,1
Chhattisgarh,Rajnandgaon,9,1
Chhattisgarh,Surajpur,4,0
Chhattisgarh,Surguja,5,1
Dadra and Nagar Haveli,Dadra and Nagar Haveli,222,2
Daman and Diu,Daman,17,1
Daman and Diu,Diu,6,0
Delhi,Central Delhi,99,8
Delhi,East Delhi,219,58
Delhi,New Delhi,12,1
Delhi,North Delhi,113,7
Delhi,North East,79,9
Delhi,North East Delhi,182,16
Delhi,North West Delhi,842,66
Delhi,South Delhi,531,60
Delhi,South West Delhi,310,21
Delhi,West Delhi,366,34
Goa,North Goa,7,2
Goa,South Goa,20,2
Gujarat,Ahmedabad,4562,82
Gujarat,Amreli,985,16
Gujarat,Anand,1825,42
Gujarat,Banaskantha,1871,2
Gujarat,Bharuch,787,319
Gujarat,Bhavnagar,7429,62
Gujarat,Dahod,406,7
Gujarat,Gandhinagar,2145,79
Gujarat,Jamnagar,1430,67
Gujarat,Junagadh,1694,27
Gujarat,Kachchh,8212,402
Gujarat,Kheda,871,16
Gujarat,Mahesana,435,3
Gujarat,Narmada,4,0
Gujarat,Navsari,486,5
Gujarat,Panchmahal,3711,61
Gujarat,Patan,425,3
Gujarat,Porbandar,590,1
Gujarat,Rajkot,512,13
Gujarat,Sabarkantha,16188,182
Gujarat,Surat,22293,211
Gujarat,Surendranagar,3066,17
Gujarat,Tapi,457,1
Gujarat,The Dangs,623,56
Gujarat,Vadodara,3280,168
Gujarat,Valsad,2220,108
Haryana,Ambala,399,28
Haryana,Bhiwani,211,31
Haryana,Faridabad,299,12
Haryana,Fatehabad,79,17
Haryana,Gurgaon,222,47
Haryana,Hisar,420,88
Haryana,Jhajjar,129,35
Haryana,Jind,141,19
Haryana,Kaithal,229,17
Haryana,Karnal,431,33
Haryana,Kurukshetra,117,14
Haryana,Mahendragarh,627,21
Haryana,Mewat,445,60
Haryana,Palwal,129,20
Haryana,Panchkula,171,8
Haryana,Panipat,235,13
Haryana,Rewari,188,11
Haryana,Rohtak,258,3
Haryana,Sirsa,317,80
Haryana,Sonipat,97,11
Haryana,Yamuna Nagar,472,18
Himachal Pradesh,Bilaspur,20,0
Himachal Pradesh,Chamba,22,1
Himachal Pradesh,Hamirpur,64,7
Himachal Pradesh,Kangra,112,4
Himachal Pradesh,Kinnaur,4,0
Himachal Pradesh,Kullu,141,5
Himachal Pradesh,Lahul and Spiti,3,0
Himachal Pradesh,Mandi,133,17
Himachal Pradesh,Shimla,87,12
Himachal Pradesh,Sirmaur,60,7
Himachal Pradesh,Solan,57,11
Himachal Pradesh,Una,15,4
Jammu and Kashmir,Anantnag,2166,1
Jammu and Kashmir,Badgam,2661,95
Jammu and Kashmir,Bandipore,2430,7
Jammu and Kashmir,Baramula,9,1
Jammu and Kashmir,Doda,110,0
Jammu and Kashmir,Jammu,7055,7
Jammu and Kashmir,Kargil,1,0
Jammu and Kashmir,Kathua,4117,4
Jammu and Kashmir,Kupwara,379,1
Jammu and Kashmir,Leh,8,0
Jammu and Kashmir,Pulwama,4,1
Jammu and Kashmir,Punch,489,5
Jammu and Kashmir,Rajouri,12,0
Jammu and Kashmir,Reasi,6,2
Jammu and Kashmir,Srinagar,20,4
Jammu and Kashmir,Udhampur,8,0
Jharkhand,Bokaro,121,2
Jharkhand,Chatra,157,9
Jharkhand,Deoghar,291,9
Jharkhand,Dhanbad,155,13
Jharkhand,Dumka,127,5
Jharkhand,East Singhbhum,720,55
Jharkhand,Garhwa,619,19
Jharkhand,Giridih,201,8
Jharkhand,Godda,271,18
Jharkhand,Gumla,72,234
Jharkhand,Hazaribagh,107,12
Jharkhand,Jamtara,62,0
Jharkhand,Khunti,122,7
Jharkhand,Koderma,32,2
Jharkhand,Latehar,520,6
Jharkhand,Lohardaga,33,1
Jharkhand,Pakur,103,10
Jharkhand,Palamu,815,20
Jharkhand,Ramgarh,105,4
Jharkhand,Ranchi,675,355
Jharkhand,Sahibganj,116,4
Jharkhand,Seraikela-Kharsawan,121,15
Jharkhand,Simdega,297,3
Jharkhand,West Singhbhum,120,7
Karnataka,Bagalkot,437,31
Karnataka,Bangalore,377,39
Karnataka,Bangalore Rural,95,35
Karnataka,Belgaum,2108,387
Karnataka,Bellary,476,3
Karnataka,Bidar,79,16
Karnataka,Bijapur,1042,13
Karnataka,Bijapur(KAR),1,0
Karnataka,Chamarajanagar,475,2
Karnataka,Chikkaballapur,4,0
Karnataka,Chikmagalur,41,2
Karnataka,Chitradurga,102,7
Karnataka,Dakshina Kannada,100,2
Karnataka,Davangere,144,1
Karnataka,Dharwad,190,5
Karnataka,Gadag,4,1
Karnataka,Gulbarga,1590,13
Karnataka,Hassan,333,4
Karnataka,Haveri,347,8
Karnataka,Kodagu,3,1
Karnataka,Kolar,111,12
Karnataka,Koppal,51,1
Karnataka,Mandya,10,0
Karnataka,Mysore,26,1
Karnataka,Raichur,2258,18
Karnataka,Ramanagar,12,1
Karnataka,Shimoga,57,3
Karnataka,Tumkur,15,2
Karnataka,Udupi,526,0
Karnataka,Uttara Kannada,8,0
Karnataka,Yadgir,24,1
Kerala,Alappuzha,236,20
Kerala,Ernakulam,269,14
Kerala,Idukki,151,12
Kerala,Kannur,318,45
Kerala,Kasaragod,237,13
Kerala,Kollam,125,7
Kerala,Kottayam,252,10
Kerala,Kozhikode,398,7
Kerala,Malappuram,688,27
Kerala,Palakkad,284,20
Kerala,Pathanamthitta,183,11
Kerala,Thiruvananthapuram,192,12
Kerala,Thrissur,414,25
Kerala,Wayanad,122,6
Lakshadweep,Lakshadweep,1,0
Madhya Pradesh,Alirajpur,142,77
Madhya Pradesh,Anuppur,4,2
Madhya Pradesh,Ashok Nagar,542,14
Madhya Pradesh,Balaghat,207,16
Madhya Pradesh,Barwani,2099,114
Madhya Pradesh,Betul,690,21
Madhya Pradesh,Bhind,797,27
Madhya Pradesh,Bhopal,409,60
Madhya Pradesh,Burhanpur,28,8
Madhya Pradesh,Chhatarpur,76,31
Madhya Pradesh,Chhindwara,993,24
Madhya Pradesh,Damoh,486,23
Madhya Pradesh,Datia,899,34
Madhya Pradesh,Dewas,1132,35
Madhya Pradesh,Dhar,263,9
Madhya Pradesh,Dindori,80,71
Madhya Pradesh,Guna,404,28
Madhya Pradesh,Gwalior,578,9
Madhya Pradesh,Harda,1,0
Madhya Pradesh,Hoshangabad,32,1
Madhya Pradesh,Indore,191,33
Madhya Pradesh,Jabalpur,62,17
Madhya Pradesh,Jhabua,123,5
Madhya Pradesh,Katni,341,5
Madhya Pradesh,Khandwa,14,3
Madhya Pradesh,Khargone,926,89
Madhya Pradesh,Mandla,1668,150
Madhya Pradesh,Mandsaur,742,13
Madhya Pradesh,Morena,742,15
Madhya Pradesh,Narsinghpur,112,52
Madhya Pradesh,Neemuch,93,5
Madhya Pradesh,Panna,133,9
Madhya Pradesh,Raisen,488,45
Madhya Pradesh,Rajgarh,3820,58
Madhya Pradesh,Ratlam,1770,185
Madhya Pradesh,Rewa,116,16
Madhya Pradesh,Sagar,1431,150
Madhya Pradesh,Satna,499,24
Madhya Pradesh,Sehore,924,37
Madhya Pradesh,Seoni,122,8
Madhya Pradesh,Shahdol,312,42
Madhya Pradesh,Shajapur,46,2
Madhya Pradesh,Sheopur,737,101
Madhya Pradesh,Shivpuri,221,16
Madhya Pradesh,Sidhi,63,5
Madhya Pradesh,Singrauli,424,9
Madhya Pradesh,Tikamgarh,1087,29
Madhya Pradesh,Ujjain,849,274
Madhya Pradesh,Umaria,24,1
Madhya Pradesh,Vidisha,127,82
Maharashtra,Ahmednagar,505,1
Maharashtra,Akola,22,1
Maharashtra,Amravati,65,0
Maharashtra,Aurangabad,132,6
Maharashtra,Beed,209,2
Maharashtra,Bhandara,137,5
Maharashtra,Buldhana,236,3
Maharashtra,Chandrapur,541,18
Maharashtra,Dhule,12,0
Maharashtra,Gadchiroli,92,1
Maharashtra,Gondia,34,10
Maharashtra,Hingoli,149,1
Maharashtra,Jalgaon,299,21
Maharashtra,Jalna,521,16
Maharashtra,Kolhapur,189,1
Maharashtra,Latur,212,15
Maharashtra,Mumbai,626,24
Maharashtra,Nagpur,51,15
Maharashtra,Nanded,212,4
Maharashtra,Nandurbar,37,0
Maharashtra,Nashik,336,11
Maharashtra,Osmanabad,79,3
Maharashtra,Parbhani,385,2
Maharashtra,Pune,333,24
Maharashtra,Raigad,369,13
Maharashtra,Ratnagiri,465,1
Maharashtra,Sangli,828,30
Maharashtra,Satara,466,12
Maharashtra,Sindhudurg,238,3
Maharashtra,Solapur,2199,42
Maharashtra,Thane,1473,161
Maharashtra,Wardha,9,0
Maharashtra,Washim,595,17
Maharashtra,Yavatmal,1445,17
Manipur,Bishnupur,4,0
Manipur,Chandel,1,0
Manipur,Churachandpur,3,0
Manipur,Imphal East,2,0
Manipur,Imphal West,217,0
Manipur,Senapati,4,0
Manipur,Tamenglong,1,0
Manipur,Thoubal,5,0
Manipur,Ukhrul,4,0
Meghalaya,East Khasi Hills,5,0
Meghalaya,West Garo Hills,2,0
Mizoram,Aizawl,2,0
Mizoram,Champhai,1,0
Mizoram,Lunglei,779,0
Mizoram,Mammit,1,0
Mizoram,Serchhip,22,0
Nagaland,Dimapur,2,0
Nagaland,Mon,1,0
Odisha,Angul,4,0
Odisha,Anugul,2,0
Odisha,Balangir,42,94
Odisha,Baleswar,724,4
Odisha,Bargarh,2,0
Odisha,Bhadrak,402,3
Odisha,Boudh,1,0
Odisha,Cuttack,633,16
Odisha,Debagarh,4,0
Odisha,Dhenkanal,17,2
Odisha,Ganjam,13264,1230
Odisha,Jagatsinghapur,6,0
Odisha,Jajapur,10,1
Odisha,Kalahandi,5,0
Odisha,Kandhamal,247,323
Odisha,Kendrapara,22,3
Odisha,Kendujhar,3,0
Odisha,Khorda,1294,20
Odisha,Khordha,3,0
Odisha,Koraput,108,0
Odisha,Mayurbhanj,21,0
Odisha,Nabarangapur,28,0
Odisha,Nayagarh,7,0
Odisha,Nuapada,3,0
Odisha,Puri,266,1
Odisha,Rayagada,376,1
Odisha,Sambalpur,6,0
Odisha,Sonapur,1,0
Odisha,Sundergarh,6,1
Others,Others,6,4085
Puducherry,Karaikal,14,1
Puducherry,Pondicherry,1,0
Puducherry,Puducherry,43,5
Punjab,Amritsar,250,19
Punjab,Barnala,83,11
Punjab,Bathinda,112,14
Punjab,Faridkot,88,18
Punjab,Fatehgarh Sahib,69,3
Punjab,Fazilka,347,69
Punjab,Firozpur,107,30
Punjab,Gurdaspur,216,25
Punjab,Hoshiarpur,274,49
Punjab,Jalandhar,360,37
Punjab,Kapurthala,295,3
Punjab,Ludhiana,1245,81
Punjab,Mansa,188,16
Punjab,Moga,396,15
Punjab,Pathankot,37,2
Punjab,Patiala,98,23
Punjab,Rupnagar,176,2
Punjab,SAS Nagar (Mohali),148,7
Punjab,Sangrur,157,41
Punjab,Shaheed Bhagat Singh Nagar,79,11
Punjab,Sri Muktsar Sahib,104,39
Punjab,Tarn Taran,163,18
Rajasthan,Ajmer,142,5
Rajasthan,Alwar,156,54
Rajasthan,Banswara,247,24
Rajasthan,Baran,32,14
Rajasthan,Barmer,116,23
Rajasthan,Bharatpur,1163,34
Rajasthan,Bhilwara,189,7
Rajasthan,Bikaner,268,31
Rajasthan,Bundi,164,7
Rajasthan,Chittorgarh,718,53
Rajasthan,Churu,117,19
Rajasthan,Dausa,38,1
Rajasthan,Dholpur,33,1
Rajasthan,Dungarpur,1049,1
Rajasthan,Ganganagar,336,10
Rajasthan,Hanumangarh,56,4
Rajasthan,Jaipur,735,58
Rajasthan,Jaisalmer,62,0
Rajasthan,Jalor,26,10
Rajasthan,Jhalawar,64,15
Rajasthan,Jhunjhunu,173,20
Rajasthan,Jodhpur,934,7
Rajasthan,Karauli,128,4
Rajasthan,Kota,19,20
Rajasthan,Nagaur,881,53
Rajasthan,Pali,221,34
Rajasthan,Pratapgarh,446,13
Rajasthan,Rajsamand,16,17
Rajasthan,Sawai Madhopur,87,3
Rajasthan,Sikar,199,26
Rajasthan,Sirohi,112,4
Rajasthan,Tonk,507,33
Rajasthan,Udaipur,67,7
Sikkim,East Sikkim,14,0
Sikkim,South Sikkim,7,0
Sikkim,West Sikkim,26,0
Tamil Nadu,Ariyalur,14,0
Tamil Nadu,Chennai,6356,17
Tamil Nadu,Coimbatore,3795,7
Tamil Nadu,Cuddalore,1265,6
Tamil Nadu,Dharmapuri,35,0
Tamil Nadu,Dindigul,12,1
Tamil Nadu,Erode,16,0
Tamil Nadu,Kancheepuram,179,1
Tamil Nadu,Kanyakumari,5296,18
Tamil Nadu,Karur,95,3
Tamil Nadu,Krishnagiri,88,22
Tamil Nadu,Madurai,577,2
Tamil Nadu,Nagapattinam,103,2
Tamil Nadu,Namakkal,1359,3
Tamil Nadu,Perambalur,275,8
Tamil Nadu,Pudukkottai,38,0
Tamil Nadu,Ramanathapuram,53,1
Tamil Nadu,Salem,717,4
Tamil Nadu,Sivaganga,96,1
Tamil Nadu,Thanjavur,650,17
Tamil Nadu,The Nilgiris,7,0
Tamil Nadu,Theni,48,0
Tamil Nadu,Thiruvarur,120,0
Tamil Nadu,Thoothukudi,1571,21
Tamil Nadu,Tiruchirappalli,329,0
Tamil Nadu,Tirunelveli,12242,50
Tamil Nadu,Tirupur,167,2
Tamil Nadu,Tiruvallur,579,13
Tamil Nadu,Tiruvannamalai,471,1
Tamil Nadu,Vellore,6835,400
Tamil Nadu,Viluppuram,450,5
Tamil Nadu,Virudhunagar,27,0
Tripura,Dhalai,4,1
Tripura,Gomati,41,0
Tripura,Khowai,23,0
Tripura,North Tripura,17,0
Tripura,Sepahijala,260,2
Tripura,South Tripura,341,8
Tripura,Unakoti,68,1
Tripura,West Tripura,104,6
Uttar Pradesh,Agra,14837,330
Uttar Pradesh,Aligarh,10013,135
Uttar Pradesh,Allahabad,10431,354
Uttar Pradesh,Ambedkar Nagar,4511,42
Uttar Pradesh,Amethi,398,4
Uttar Pradesh,Amroha,3304,12
Uttar Pradesh,Auraiya,103,13
Uttar Pradesh,Azamgarh,2746,20
Uttar Pradesh,Baghpat,214,19
Uttar Pradesh,Bahraich,1211,12
Uttar Pradesh,Ballia,2407,129
Uttar Pradesh,Balrampur,277,14
Uttar Pradesh,Banda,37,8
Uttar Pradesh,Barabanki,1785,64
Uttar Pradesh,Bareilly,1715,73
Uttar Pradesh,Basti,154,3
Uttar Pradesh,Bijnor,10149,286
Uttar Pradesh,Budaun,4451,18
Uttar Pradesh,Bulandshahr,1147,63
Uttar Pradesh,Chandauli,4093,11
Uttar Pradesh,Chitrakoot,29,3
Uttar Pradesh,Deoria,1764,39
Uttar Pradesh,Etah,1321,25
Uttar Pradesh,Etawah,391,44
Uttar Pradesh,Faizabad,1602,16
Uttar Pradesh,Farrukhabad,1764,19
Uttar Pradesh,Fatehpur,167,6
Uttar Pradesh,Firozabad,273,18
Uttar Pradesh,Gautam Buddha Nagar,4088,160
Uttar Pradesh,Ghaziabad,10742,192
Uttar Pradesh,Ghazipur,536,26
Uttar Pradesh,Gonda,78,9
Uttar Pradesh,Gorakhpur,5748,137
Uttar Pradesh,Hamirpur,54,2
Uttar Pradesh,Hapur,2,71
Uttar Pradesh,Hardoi,1273,29
Uttar Pradesh,Hathras,13356,116
Uttar Pradesh,Jalaun,526,6
Uttar Pradesh,Jaunpur,1657,42
Uttar Pradesh,Jhansi,188,16
Uttar Pradesh,Jyotiba Phule Nagar,0,1
Uttar Pradesh,Kannauj,1295,5
Uttar Pradesh,Kanpur Dehat,1354,18
Uttar Pradesh,Kanpur Nagar,3309,290
Uttar Pradesh,Kasganj,2122,8
Uttar Pradesh,Kaushambi,59,13
Uttar Pradesh,Kheri,326,32
Uttar Pradesh,Kushinagar,1578,101
Uttar Pradesh,Lalitpur,261,22
Uttar Pradesh,Lucknow,7242,847
Uttar Pradesh,Maharajganj,3932,15
Uttar Pradesh,Mahoba,15,0
Uttar Pradesh,Mainpuri,762,10
Uttar Pradesh,Mathura,6471,64
Uttar Pradesh,Mau,3379,47
Uttar Pradesh,Meerut,6782,103
Uttar Pradesh,Mirzapur,2091,30
Uttar Pradesh,Moradabad,3283,103
Uttar Pradesh,Muzaffarnagar,390,45
Uttar Pradesh,Pilibhit,39,0
Uttar Pradesh,Pratapgarh,1078,122
Uttar Pradesh,Raebareli,78,15
Uttar Pradesh,Rampur,230,8
Uttar Pradesh,Saharanpur,5194,55
Uttar Pradesh,Sambhal,2722,21
Uttar Pradesh,Sant Kabir Nagar,384,16
Uttar Pradesh,Sant Ravidas Nagar,2047,8
Uttar Pradesh,Shahjahanpur,5670,39
Uttar Pradesh,Shamli,467,4
Uttar Pradesh,Shrawasti,5,0
Uttar Pradesh,Siddharthnagar,1034,51
Uttar Pradesh,Sitapur,2203,126
Uttar Pradesh,Sonbhadra,1018,16
Uttar Pradesh,Sultanpur,85,8
Uttar Pradesh,Unnao,111,21
Uttar Pradesh,Varanasi,13265,81
Uttarakhand,Almora,38,12
Uttarakhand,Bageshwar,22,0
Uttarakhand,Chamoli,77,0
Uttarakhand,Champawat,17,0
Uttarakhand,Dehradun,1242,117
Uttarakhand,Hardwar,1,0
Uttarakhand,Haridwar,598,29
Uttarakhand,Nainital,34,10
Uttarakhand,Pauri Garhwal,108,1
Uttarakhand,Pithoragarh,70,2
Uttarakhand,Rudraprayag,44,1
Uttarakhand,Tehri Garhwal,32,0
Uttarakhand,Udham Singh Nagar,65,78
Uttarakhand,Uttarkashi,18,3
West Bengal,Bankura,547,7
West Bengal,Bardhaman,6719,51
West Bengal,Birbhum,310,10
West Bengal,Cooch Behar,157,0
West Bengal,Dakshin Dinajpur,3,0
West Bengal,Darjeeling,16545,42
West Bengal,East Midnapore,10078,81
West Bengal,Hooghly,181,2
West Bengal,Howrah,75,31
West Bengal,Jalpaiguri,21811,27
West Bengal,Kolkata,844,120
West Bengal,Malda,56,1
West Bengal,Medinipur,14,0
West Bengal,Murshidabad,1034,5
West Bengal,Nadia,3951,63
West Bengal,North 24 Parganas,5601,40
West Bengal,North Dinajpur,76,7
West Bengal,Purulia,11638,477
West Bengal,South 24 Parganas,520,39
West Bengal,South Dinajpur,60,7
West Bengal,South Twenty Four Parganas,62,0
West Bengal,West Midnapore,39009,253
