State,District,Aadhaar generated,Enrolment Rejected
Andhra Pradesh,Adilabad,50,50
Andhra Pradesh,Ananthapur,360,286
Andhra Pradesh,Chittoor,81,96
Andhra Pradesh,Cuddapah,139,41
Andhra Pradesh,East Godavari,81,45
Andhra Pradesh,Guntur,147,55
Andhra Pradesh,Hyderabad,103,37
Andhra Pradesh,Karimnagar,115,106
Andhra Pradesh,Khammam,153,54
Andhra Pradesh,Krishna,115,45
Andhra Pradesh,Kurnool,497,555
Andhra Pradesh,Mahbubnagar,472,474
Andhra Pradesh,Medak,238,91
Andhra Pradesh,Nalgonda,86,67
Andhra Pradesh,Nellore,623,279
Andhra Pradesh,Nizamabad,354,165
Andhra Pradesh,Prakasam,325,123
Andhra Pradesh,Ranga Reddy,207,163
Andhra Pradesh,Srikakulam,108,32
Andhra Pradesh,Visakhapatnam,445,91
Andhra Pradesh,Vizianagaram,1039,184
Andhra Pradesh,Warangal,279,291
Andhra Pradesh,West Godavari,353,89
Arunachal Pradesh,East Siang,1,0
Arunachal Pradesh,Tawang,176,0
Arunachal Pradesh,West Kameng,0,1
Assam,Baksa,4,0
Assam,Barpeta,1,0
Assam,Cachar,1,0
Assam,Chirang,0,2
Assam,Dibrugarh,2,0
Assam,Golaghat,1,0
Assam,Hailakandi,4,0
Assam,Kamrup,2,0
Assam,Kamrup Metro,1,0
Assam,Nagaon,2,1
Assam,Nalbari,1,0
Assam,Sibsagar,1,0
Assam,Sonitpur,2,0
Assam,Udalguri,4,0
Bihar,Araria,99,3
Bihar,Arwal,41,0
Bihar,Aurangabad,312,35
Bihar,Banka,5357,136
Bihar,Begusarai,3217,64
Bihar,Bhagalpur,785,42
Bihar,Bhojpur,316,17
Bihar,Buxar,1954,68
Bihar,Darbhanga,126,5
Bihar,East Champaran,1766,42
Bihar,Gaya,2569,131
Bihar,Gopalganj,1054,47
Bihar,Jamui,370,3
Bihar,Jehanabad,447,14
Bihar,Kaimur (Bhabua),62,7
Bihar,Katihar,37,3
Bihar,Khagaria,26,2
Bihar,Kishanganj,7,2
Bihar,Lakhisarai,2382,35
Bihar,Madhepura,12,4
Bihar,Madhubani,2448,88
Bihar,Munger,2169,30
Bihar,Muzaffarpur,7903,220
Bihar,Nalanda,54,7
Bihar,Nawada,464,5
Bihar,Patna,5778,505
Bihar,Purnia,2028,78
Bihar,Rohtas,692,37
Bihar,Saharsa,219,16
Bihar,Samastipur,1484,17
Bihar,Saran,2360,161
Bihar,Sheikhpura,6,22
Bihar,Sheohar,12,1
Bihar,Sitamarhi,920,48
Bihar,Siwan,485,16
Bihar,Supaul,267,20
Bihar,Vaishali,1206,25
Bihar,West Champaran,2158,46
Chandigarh,Chandigarh,15,6
Chhattisgarh,Balod,1522,17
Chhattisgarh,Baloda Bazar,1115,24
Chhattisgarh,Balrampur,7,6
Chhattisgarh,Bastar,83,1
Chhattisgarh,Bemetara,49,17
Chhattisgarh,Bijapur,1,0
Chhattisgarh,Bilaspur,6427,177
Chhattisgarh,Dhamtari,5,0
Chhattisgarh,Durg,9419,471
Chhattisgarh,Gariyaband,13,0
Chhattisgarh,Janjgir Champa,34,13
Chhattisgarh,Jashpur,7,2
Chhattisgarh,Kanker,100,4
Chhattisgarh,Kawardha,2,0
Chhattisgarh,Kondagaon,2243,7
Chhattisgarh,Korba,639,7
Chhattisgarh,Koriya,94,48
Chhattisgarh,Mahasamund,1724,81
Chhattisgarh,Mungeli,1409,64
Chhattisgarh,Narayanpur,694,29
Chhattisgarh,Raigarh,2939,214
Chhattisgarh,Raipur,568,16
Chhattisgarh,Rajnandgaon,2065,142
Chhattisgarh,Sukma,3,0
Chhattisgarh,Surguja,301,8
Chhattisgarh,Uttar Bastar Kanker,1017,14
Dadra and Nagar Haveli,Dadra and Nagar Haveli,244,7
Daman and Diu,Diu,2,3
Delhi,Central Delhi,43,22
Delhi,East Delhi,45,68
Delhi,New Delhi,5,3
Delhi,North Delhi,23,13
Delhi,North East,0,33
Delhi,North East Delhi,76,73
Delhi,North West Delhi,151,147
Delhi,South Delhi,148,97
Delhi,South West Delhi,70,31
Delhi,West Delhi,48,86
Goa,South Goa,12,3
Gujarat,Ahmedabad,1466,68
Gujarat,Amreli,2850,21
Gujarat,Anand,9,3
Gujarat,Banaskantha,223,23
Gujarat,Bharuch,84,30
Gujarat,Bhavnagar,619,28
Gujarat,Dahod,59,11
Gujarat,Gandhinagar,22,11
Gujarat,Jamnagar,510,23
Gujarat,Junagadh,256,25
Gujarat,Kachchh,3149,161
Gujarat,Kheda,2,5
Gujarat,Mahesana,57,7
Gujarat,Narmada,8,2
Gujarat,Navsari,2,5
Gujarat,Panchmahal,3586,219
Gujarat,Patan,1093,49
Gujarat,Porbandar,10,2
Gujarat,Rajkot,40,29
Gujarat,Sabarkantha,1825,137
Gujarat,Surat,1228,189
Gujarat,Surendranagar,283,8
Gujarat,Tapi,47,3
Gujarat,The Dangs,330,47
Gujarat,Vadodara,503,63
Gujarat,Valsad,174,35
Haryana,Ambala,32,25
Haryana,Bhiwani,5,6
Haryana,Faridabad,67,18
Haryana,Fatehabad,7,2
Haryana,Gurgaon,65,18
Haryana,Hisar,80,44
Haryana,Jhajjar,33,15
Haryana,Jind,71,18
Haryana,Kaithal,95,28
Haryana,Karnal,103,43
Haryana,Kurukshetra,56,26
Haryana,Mahendragarh,52,15
Haryana,Mewat,148,94
Haryana,Palwal,29,24
Haryana,Panchkula,20,9
Haryana,Panipat,25,10
Haryana,Rewari,12,15
Haryana,Rohtak,56,20
Haryana,Sirsa,10,15
Haryana,Sonipat,35,42
Haryana,Yamuna Nagar,156,38
Himachal Pradesh,Bilaspur,1,1
Himachal Pradesh,Chamba,2,1
Himachal Pradesh,Hamirpur,0,2
Himachal Pradesh,Kangra,16,11
Himachal Pradesh,Kinnaur,0,1
Himachal Pradesh,Kullu,0,1
Himachal Pradesh,Mandi,2,1
Himachal Pradesh,Shimla,1,1
Himachal Pradesh,Sirmaur,3,4
Himachal Pradesh,Solan,8,1
Himachal Pradesh,Una,3,1
Jammu and Kashmir,Badgam,0,7
Jammu and Kashmir,Bandipore,16,0
Jammu and Kashmir,Baramula,4041,28
Jammu and Kashmir,Doda,618,69
Jammu and Kashmir,Jammu,1474,180
Jammu and Kashmir,Kathua,194,2
Jammu and Kashmir,Kupwara,4105,48
Jammu and Kashmir,Pulwama,4,11
Jammu and Kashmir,Punch,2,0
Jammu and Kashmir,Rajouri,2,0
Jammu and Kashmir,Reasi,0,73
Jammu and Kashmir,Udhampur,12,6
Jharkhand,Bokaro,30,22
Jharkhand,Chatra,13,43
Jharkhand,Deoghar,7,12
Jharkhand,Dhanbad,263,94
Jharkhand,Dumka,4,2
Jharkhand,East Singhbhum,42,11
Jharkhand,Garhwa,116,40
Jharkhand,Giridih,18,12
Jharkhand,Godda,5,17
Jharkhand,Gumla,22,17
Jharkhand,Hazaribagh,20,18
Jharkhand,Jamtara,1,6
Jharkhand,Khunti,1,9
Jharkhand,Koderma,131,13
Jharkhand,Latehar,82,16
Jharkhand,Lohardaga,4,9
Jharkhand,Pakur,4,6
Jharkhand,Palamu,382,109
Jharkhand,Ramgarh,22,15
Jharkhand,Ranchi,63,78
Jharkhand,Sahibganj,2,7
Jharkhand,Seraikela-Kharsawan,24,6
Jharkhand,Simdega,10,13
Jharkhand,West Singhbhum,29,16
Karnataka,Bagalkot,275,83
Karnataka,Bangalore,50,31
Karnataka,Bangalore Rural,0,2
Karnataka,Belgaum,326,34
Karnataka,Bellary,281,53
Karnataka,Bidar,2,17
Karnataka,Bijapur,403,55
Karnataka,Chamarajanagar,8,9
Karnataka,Chikkaballapur,31,20
Karnataka,Chikmagalur,132,21
Karnataka,Chitradurga,220,32
Karnataka,Dakshina Kannada,5,9
Karnataka,Davangere,79,20
Karnataka,Dharwad,19,36
Karnataka,Gadag,1,7
Karnataka,Gulbarga,127,48
Karnataka,Hassan,355,91
Karnataka,Haveri,188,18
Karnataka,Kodagu,2,6
Karnataka,Kolar,161,38
Karnataka,Koppal,1,36
Karnataka,Mandya,173,38
Karnataka,Mysore,14,16
Karnataka,Raichur,6,32
Karnataka,Ramanagar,0,5
Karnataka,Shimoga,122,23
Karnataka,Tumkur,89,69
Karnataka,Udupi,163,72
Karnataka,Uttara Kannada,226,5
Karnataka,Yadgir,301,15
Kerala,Alappuzha,35,27
Kerala,Ernakulam,39,14
Kerala,Idukki,13,11
Kerala,Kannur,183,26
Kerala,Kasaragod,81,39
Kerala,Kollam,108,39
Kerala,Kottayam,32,12
Kerala,Kozhikode,90,36
Kerala,Malappuram,241,76
Kerala,Palakkad,123,40
Kerala,Pathanamthitta,36,10
Kerala,Thiruvananthapuram,198,57
Kerala,Thrissur,135,31
Kerala,Wayanad,19,26
Madhya Pradesh,Alirajpur,5,10
Madhya Pradesh,Anuppur,1,4
Madhya Pradesh,Ashok Nagar,28,10
Madhya Pradesh,Balaghat,76,29
Madhya Pradesh,Barwani,340,45
Madhya Pradesh,Betul,28,2
Madhya Pradesh,Bhind,76,19
Madhya Pradesh,Bhopal,147,24
Madhya Pradesh,Burhanpur,1,1
Madhya Pradesh,Chhatarpur,69,12
Madhya Pradesh,Chhindwara,345,63
Madhya Pradesh,Damoh,226,36
Madhya Pradesh,Datia,13,26
Madhya Pradesh,Dewas,48,22
Madhya Pradesh,Dhar,75,13
Madhya Pradesh,Dindori,40,14
Madhya Pradesh,Guna,12,28
Madhya Pradesh,Gwalior,58,6
Madhya Pradesh,Harda,3,7
Madhya Pradesh,Hoshangabad,53,13
Madhya Pradesh,Indore,211,29
Madhya Pradesh,Jabalpur,108,25
Madhya Pradesh,Jhabua,49,5
Madhya Pradesh,Katni,7,3
Madhya Pradesh,Khandwa,9,3
Madhya Pradesh,Khargone,108,21
Madhya Pradesh,Mandla,91,21
Madhya Pradesh,Mandsaur,38,10
Madhya Pradesh,Morena,106,20
Madhya Pradesh,Narsinghpur,57,14
Madhya Pradesh,Neemuch,46,6
Madhya Pradesh,Panna,13,7
Madhya Pradesh,Raisen,26,13
Madhya Pradesh,Rajgarh,200,42
Madhya Pradesh,Ratlam,110,20
Madhya Pradesh,Rewa,3,8
Madhya Pradesh,Sagar,91,36
Madhya Pradesh,Satna,32,11
Madhya Pradesh,Sehore,102,22
Madhya Pradesh,Seoni,115,8
Madhya Pradesh,Shahdol,45,16
Madhya Pradesh,Shajapur,24,5
Madhya Pradesh,Sheopur,14,3
Madhya Pradesh,Shivpuri,167,21
Madhya Pradesh,Sidhi,52,6
Madhya Pradesh,Singrauli,21,5
Madhya Pradesh,Tikamgarh,23,1
Madhya Pradesh,Ujjain,106,13
Madhya Pradesh,Umaria,8,0
Madhya Pradesh,Vidisha,32,9
Maharashtra,Ahmednagar,198,20
Maharashtra,Akola,23,3
Maharashtra,Amravati,65,13
Maharashtra,Aurangabad,179,30
Maharashtra,Beed,113,43
Maharashtra,Bhandara,19,6
Maharashtra,Buldhana,67,16
Maharashtra,Chandrapur,103,15
Maharashtra,Dhule,99,50
Maharashtra,Gadchiroli,9,3
Maharashtra,Gondia,5,16
Maharashtra,Hingoli,70,7
Maharashtra,Jalgaon,103,50
Maharashtra,Jalna,101,21
Maharashtra,Kolhapur,100,22
Maharashtra,Latur,149,39
Maharashtra,Mumbai,159,36
Maharashtra,Nagpur,80,30
Maharashtra,Nanded,184,10
Maharashtra,Nandurbar,144,31
Maharashtra,Nashik,272,36
Maharashtra,Osmanabad,27,8
Maharashtra,Parbhani,135,17
Maharashtra,Pune,421,67
Maharashtra,Raigad,40,14
Maharashtra,Ratnagiri,341,21
Maharashtra,Sangli,299,18
Maharashtra,Satara,37,13
Maharashtra,Sindhudurg,23,4
Maharashtra,Solapur,366,48
Maharashtra,Thane,252,132
Maharashtra,Wardha,12,3
Maharashtra,Washim,107,29
Maharashtra,Yavatmal,1118,72
Manipur,Bishnupur,1,0
Manipur,Imphal East,18,0
Manipur,Imphal West,35,0
Mizoram,Aizawl,0,1
Mizoram,Kolasib,778,1
Mizoram,Lawngtlai,12,0
Nagaland,Dimapur,1,0
Odisha,Anugul,0,3
Odisha,Balangir,2,7
Odisha,Baleswar,2,1
Odisha,Bargarh,15,480
Odisha,Bhadrak,3,5
Odisha,Boudh,0,1
Odisha,Cuttack,1574,1215
Odisha,Dhenkanal,2,4
Odisha,Gajapati,1,0
Odisha,Ganjam,5132,1789
Odisha,Jagatsinghapur,687,45
Odisha,Jajapur,1,6
Odisha,Jharsuguda,19,20
Odisha,Kalahandi,10143,5769
Odisha,Kandhamal,1,0
Odisha,Kendrapara,4,0
Odisha,Khorda,10,105
Odisha,Koraput,0,5
Odisha,Malkangiri,1,0
Odisha,Mayurbhanj,4,2
Odisha,Nabarangapur,1,0
Odisha,Nayagarh,0,7
Odisha,Nuapada,10,0
Odisha,Puri,2,13
Odisha,Rayagada,0,1
Odisha,Sambalpur,0,343
Odisha,Sonapur,12,0
Odisha,Sundergarh,1228,372
Others,Others,6,2361
Puducherry,Karaikal,52,10
Puducherry,Puducherry,25,7
Punjab,Amritsar,107,64
Punjab,Barnala,15,6
Punjab,Bathinda,40,47
Punjab,Faridkot,5,12
Punjab,Fatehgarh Sahib,12,8
Punjab,Fazilka,45,182
Punjab,Firozpur,181,70
Punjab,Gurdaspur,68,55
Punjab,Hoshiarpur,19,9
Punjab,Jalandhar,139,23
Punjab,Kapurthala,164,13
Punjab,Ludhiana,165,97
Punjab,Mansa,34,15
Punjab,Moga,10,9
Punjab,Muktsar,4,0
Punjab,Pathankot,6,9
Punjab,Patiala,7,26
Punjab,Rupnagar,41,30
Punjab,SAS Nagar (Mohali),37,12
Punjab,Sangrur,18,23
Punjab,Shaheed Bhagat Singh Nagar,26,9
Punjab,Sri Muktsar Sahib,18,23
Punjab,Tarn Taran,26,14
Rajasthan,Ajmer,30,18
Rajasthan,Alwar,50,19
Rajasthan,Banswara,82,21
Rajasthan,Baran,26,2
Rajasthan,Barmer,55,15
Rajasthan,Bharatpur,1544,62
Rajasthan,Bhilwara,118,12
Rajasthan,Bikaner,31,7
Rajasthan,Bundi,61,4
Rajasthan,Chittorgarh,26,24
Rajasthan,Churu,23,15
Rajasthan,Dausa,48,11
Rajasthan,Dholpur,265,99
Rajasthan,Dungarpur,425,20
Rajasthan,Ganganagar,35,11
Rajasthan,Hanumangarh,22,8
Rajasthan,Jaipur,120,26
Rajasthan,Jaisalmer,53,5
Rajasthan,Jalor,3,4
Rajasthan,Jhalawar,43,23
Rajasthan,Jhunjhunu,205,32
Rajasthan,Jodhpur,102,27
Rajasthan,Karauli,167,3
Rajasthan,Kota,94,21
Rajasthan,Nagaur,122,16
Rajasthan,Pali,42,4
Rajasthan,Pratapgarh,129,23
Rajasthan,Rajsamand,133,7
Rajasthan,Sawai Madhopur,87,11
Rajasthan,Sikar,33,8
Rajasthan,Sirohi,1,2
Rajasthan,Tonk,27,9
Rajasthan,Udaipur,21,31
Sikkim,East Sikkim,5,3
Sikkim,South Sikkim,0,1
Sikkim,West Sikkim,0,1
Tamil Nadu,Ariyalur,0,1
Tamil Nadu,Chennai,10,7
Tamil Nadu,Coimbatore,2,2
Tamil Nadu,Cuddalore,3,0
Tamil Nadu,Kancheepuram,394,1
Tamil Nadu,Kanyakumari,0,2
Tamil Nadu,Nagapattinam,1,0
Tamil Nadu,Namakkal,0,1
Tamil Nadu,Salem,0,1
Tamil Nadu,Thanjavur,1,0
Tamil Nadu,Theni,0,1
Tamil Nadu,Thoothukudi,0,4
Tamil Nadu,Tiruchirappalli,0,1
Tamil Nadu,Tirunelveli,2,1
Tamil Nadu,Tirupur,1,1
Tamil Nadu,Tiruvallur,2,11
Tamil Nadu,Tiruvannamalai,1,5
Tamil Nadu,Vellore,1,52
Tamil Nadu,Viluppuram,40,42
Tripura,Gomati,44,8
Tripura,North Tripura,1,2
Tripura,Sepahijala,51,2
Tripura,South Tripura,0,3
Tripura,Unakoti,0,2
Tripura,West Tripura,11,1
Uttar Pradesh,Agra,5645,553
Uttar Pradesh,Aligarh,3978,285
Uttar Pradesh,Allahabad,5080,288
Uttar Pradesh,Ambedkar Nagar,2260,70
Uttar Pradesh,Amethi,30,6
Uttar Pradesh,Amroha,3369,73
Uttar Pradesh,Auraiya,304,24
Uttar Pradesh,Azamgarh,2936,52
Uttar Pradesh,Baghpat,1639,65
Uttar Pradesh,Bahraich,562,46
Uttar Pradesh,Ballia,2660,167
Uttar Pradesh,Balrampur,19,0
Uttar Pradesh,Banda,89,22
Uttar Pradesh,Barabanki,3371,161
Uttar Pradesh,Bareilly,2203,215
Uttar Pradesh,Basti,5989,50
Uttar Pradesh,Bijnor,8848,221
Uttar Pradesh,Budaun,526,24
Uttar Pradesh,Bulandshahr,2401,85
Uttar Pradesh,Chandauli,2866,22
Uttar Pradesh,Chitrakoot,47,2
Uttar Pradesh,Deoria,1266,66
Uttar Pradesh,Etah,1513,45
Uttar Pradesh,Etawah,201,9
Uttar Pradesh,Faizabad,1015,47
Uttar Pradesh,Farrukhabad,1889,34
Uttar Pradesh,Fatehpur,236,32
Uttar Pradesh,Firozabad,775,63
Uttar Pradesh,Gautam Buddha Nagar,1665,120
Uttar Pradesh,Ghaziabad,4569,462
Uttar Pradesh,Ghazipur,1218,39
Uttar Pradesh,Gonda,729,14
Uttar Pradesh,Gorakhpur,2846,101
Uttar Pradesh,Hamirpur,16,2
Uttar Pradesh,Hapur,14,179
Uttar Pradesh,Hardoi,1335,73
Uttar Pradesh,Hathras,358,22
Uttar Pradesh,Jalaun,499,28
Uttar Pradesh,Jaunpur,1389,66
Uttar Pradesh,Jhansi,1471,96
Uttar Pradesh,Kannauj,556,29
Uttar Pradesh,Kanpur Dehat,2022,55
Uttar Pradesh,Kanpur Nagar,3265,263
Uttar Pradesh,Kasganj,2519,46
Uttar Pradesh,Kaushambi,429,18
Uttar Pradesh,Kheri,1524,61
Uttar Pradesh,Kushinagar,1093,35
Uttar Pradesh,Lalitpur,292,21
Uttar Pradesh,Lucknow,5774,647
Uttar Pradesh,Maharajganj,443,19
Uttar Pradesh,Mahoba,6,3
Uttar Pradesh,Mainpuri,388,26
Uttar Pradesh,Mathura,4339,280
Uttar Pradesh,Mau,1485,45
Uttar Pradesh,Meerut,5581,267
Uttar Pradesh,Mirzapur,2151,149
Uttar Pradesh,Moradabad,4699,305
Uttar Pradesh,Muzaffarnagar,1174,57
Uttar Pradesh,Pilibhit,926,82
Uttar Pradesh,Pratapgarh,766,59
Uttar Pradesh,Raebareli,34,8
Uttar Pradesh,Rampur,1048,62
Uttar Pradesh,Saharanpur,6212,138
Uttar Pradesh,Sambhal,2384,92
Uttar Pradesh,Sant Kabir Nagar,11,5
Uttar Pradesh,Sant Ravidas Nagar,1434,37
Uttar Pradesh,Shahjahanpur,28,39
Uttar Pradesh,Shamli,855,64
Uttar Pradesh,Shrawasti,140,12
Uttar Pradesh,Siddharthnagar,245,58
Uttar Pradesh,Sitapur,2751,103
Uttar Pradesh,Sonbhadra,714,17
Uttar Pradesh,Sultanpur,1297,39
Uttar Pradesh,Unnao,3258,53
Uttar Pradesh,Varanasi,3896,167
Uttarakhand,Almora,148,16
Uttarakhand,Bageshwar,114,12
Uttarakhand,Chamoli,13,0
Uttarakhand,Champawat,8,0
Uttarakhand,Dehradun,1642,101
Uttarakhand,Haridwar,485,33
Uttarakhand,Nainital,460,40
Uttarakhand,Pauri Garhwal,144,18
Uttarakhand,Pithoragarh,10,2
Uttarakhand,Rudraprayag,7,1
Uttarakhand,Tehri Garhwal,5,1
Uttarakhand,Udham Singh Nagar,2243,345
Uttarakhand,Uttarkashi,5,2
West Bengal,Bankura,4850,46
West Bengal,Bardhaman,5119,210
West Bengal,Birbhum,7822,78
West Bengal,Cooch Behar,42,2
West Bengal,Darjeeling,69,14
West Bengal,East Midnapore,4777,43
West Bengal,Hooghly,577,388
West Bengal,Howrah,2,4
West Bengal,Jalpaiguri,4722,118
West Bengal,Kolkata,5,4
West Bengal,Malda,10,10
West Bengal,Murshidabad,11,4
West Bengal,Nadia,8525,227
West Bengal,North 24 Parganas,335,414
West Bengal,North Dinajpur,20149,295
West Bengal,Purulia,7111,124
West Bengal,South 24 Parganas,4748,27
West Bengal,South Dinajpur,346,35
West Bengal,South Twenty Four Parganas,0,1
West Bengal,West Midnapore,6667,62
