State,District,Aadhaar generated,Enrolment Rejected
Andhra Pradesh,Adilabad,50,91
Andhra Pradesh,Anantapur,16,5
Andhra Pradesh,Ananthapur,117,275
Andhra Pradesh,Chittoor,124,100
Andhra Pradesh,Cuddapah,11,121
Andhra Pradesh,East Godavari,63,147
Andhra Pradesh,Guntur,17,48
Andhra Pradesh,Hyderabad,99,93
Andhra Pradesh,Karimnagar,69,76
Andhra Pradesh,Khammam,14,98
Andhra Pradesh,Krishna,13,57
Andhra Pradesh,Kurnool,145,976
Andhra Pradesh,Mahbubnagar,90,495
Andhra Pradesh,Medak,65,340
Andhra Pradesh,Nalgonda,41,98
Andhra Pradesh,Nellore,132,315
Andhra Pradesh,Nizamabad,67,315
Andhra Pradesh,Prakasam,91,223
Andhra Pradesh,Ranga Reddy,138,306
Andhra Pradesh,Srikakulam,59,261
Andhra Pradesh,Visakhapatnam,84,194
Andhra Pradesh,Vizianagaram,144,288
Andhra Pradesh,Warangal,60,203
Andhra Pradesh,West Godavari,57,173
Arunachal Pradesh,East Siang,1,0
Arunachal Pradesh,Papum Pare,2,0
Assam,Baksa,3,0
Assam,Bongaigaon,1,0
Assam,Cachar,5,1
Assam,Dhemaji,7,0
Assam,Goalpara,12,0
Assam,Hailakandi,2,0
Assam,Jorhat,2,1
Assam,Kamrup,5,0
Assam,Kamrup Metro,1,0
Assam,Karimganj,2,0
Assam,Lakhimpur,7,0
Assam,Nagaon,1,1
Assam,North Cachar Hills,0,1
Assam,Sibsagar,1,0
Assam,Sonitpur,2,0
Assam,Udalguri,3,0
Bihar,Araria,25,3
Bihar,Arwal,8,4
Bihar,Aurangabad,99,46
Bihar,Banka,434,101
Bihar,Begusarai,82,78
Bihar,Bhagalpur,53,31
Bihar,Bhojpur,85,58
Bihar,Buxar,17,26
Bihar,Darbhanga,23,4
Bihar,East Champaran,180,31
Bihar,Gaya,320,59
Bihar,Gopalganj,154,38
Bihar,Jamui,80,9
Bihar,Jehanabad,21,6
Bihar,Kaimur (Bhabua),10,11
Bihar,Katihar,11,6
Bihar,Khagaria,11,1
Bihar,Kishanganj,15,11
Bihar,Lakhisarai,9,22
Bihar,Madhepura,14,8
Bihar,Madhubani,235,65
Bihar,Munger,511,20
Bihar,Muzaffarpur,2530,159
Bihar,Nalanda,22,4
Bihar,Nawada,10,5
Bihar,Patna,938,638
Bihar,Purnia,990,94
Bihar,Rohtas,241,31
Bihar,Saharsa,39,8
Bihar,Samastipur,354,52
Bihar,Saran,526,113
Bihar,Sheikhpura,9,20
Bihar,Sheohar,6,2
Bihar,Sitamarhi,330,29
Bihar,Siwan,392,93
Bihar,Supaul,62,7
Bihar,Vaishali,47,39
Bihar,West Champaran,508,26
Chandigarh,Chandigarh,30,20
Chhattisgarh,Balod,433,22
Chhattisgarh,Baloda Bazar,88,15
Chhattisgarh,Bastar,20,2
Chhattisgarh,Bemetara,3,4
Chhattisgarh,Bilaspur,1871,163
Chhattisgarh,Dhamtari,8,2
Chhattisgarh,Durg,1122,201
Chhattisgarh,Gariyaband,9,2
Chhattisgarh,Janjgir Champa,2,39
Chhattisgarh,Jashpur,0,1
Chhattisgarh,Kanker,1,1
Chhattisgarh,Kawardha,0,1
Chhattisgarh,Kondagaon,235,37
Chhattisgarh,Korba,2,23
Chhattisgarh,Koriya,1,3
Chhattisgarh,Mahasamund,555,63
Chhattisgarh,Mungeli,181,36
Chhattisgarh,Narayanpur,36,15
Chhattisgarh,Raigarh,73,65
Chhattisgarh,Raipur,198,11
Chhattisgarh,Rajnandgaon,807,235
Chhattisgarh,Surguja,0,5
Chhattisgarh,Uttar Bastar Kanker,0,13
Dadra and Nagar Haveli,Dadra and Nagar Haveli,0,2
Daman and Diu,Daman,15,0
Delhi,Central Delhi,58,20
Delhi,East Delhi,27,46
Delhi,New Delhi,4,2
Delhi,North Delhi,11,21
Delhi,North East,7,7
Delhi,North East Delhi,5,58
Delhi,North West Delhi,106,118
Delhi,South Delhi,57,98
Delhi,South West Delhi,56,42
Delhi,West Delhi,46,72
Goa,North Goa,11,17
Goa,South Goa,3,1
Gujarat,Ahmedabad,839,152
Gujarat,Amreli,43,10
Gujarat,Anand,103,17
Gujarat,Banaskantha,163,24
Gujarat,Bharuch,40,10
Gujarat,Bhavnagar,997,65
Gujarat,Dahod,19,17
Gujarat,Gandhinagar,76,21
Gujarat,Jamnagar,63,14
Gujarat,Junagadh,94,24
Gujarat,Kachchh,848,76
Gujarat,Kheda,30,42
Gujarat,Mahesana,10,3
Gujarat,Narmada,0,3
Gujarat,Navsari,31,15
Gujarat,Panchmahal,74,79
Gujarat,Patan,3,15
Gujarat,Porbandar,85,4
Gujarat,Rajkot,47,20
Gujarat,Sabarkantha,628,152
Gujarat,Surat,936,150
Gujarat,Surendranagar,247,64
Gujarat,Tapi,6,7
Gujarat,The Dangs,22,7
Gujarat,Vadodara,293,62
Gujarat,Valsad,238,40
Haryana,Ambala,42,25
Haryana,Bhiwani,6,34
Haryana,Faridabad,48,15
Haryana,Fatehabad,3,6
Haryana,Gurgaon,42,10
Haryana,Hisar,69,68
Haryana,Jhajjar,11,4
Haryana,Jind,47,21
Haryana,Kaithal,57,14
Haryana,Karnal,15,17
Haryana,Kurukshetra,33,31
Haryana,Mahendragarh,13,2
Haryana,Mewat,71,111
Haryana,Palwal,52,18
Haryana,Panchkula,2,4
Haryana,Panipat,22,13
Haryana,Rewari,9,1
Haryana,Rohtak,5,19
Haryana,Sirsa,10,8
Haryana,Sonipat,25,19
Haryana,Yamuna Nagar,9,22
Himachal Pradesh,Bilaspur,0,3
Himachal Pradesh,Chamba,3,2
Himachal Pradesh,Hamirpur,2,1
Himachal Pradesh,Kangra,31,12
Himachal Pradesh,Kullu,2,10
Himachal Pradesh,Lahul and Spiti,0,1
Himachal Pradesh,Mandi,1,11
Himachal Pradesh,Shimla,23,4
Himachal Pradesh,Sirmaur,4,1
Himachal Pradesh,Solan,3,5
Himachal Pradesh,Una,2,3
Jammu and Kashmir,Anantnag,1,1
Jammu and Kashmir,Badgam,1,0
Jammu and Kashmir,Bandipore,1,0
Jammu and Kashmir,Baramula,1,32
Jammu and Kashmir,Doda,3,5
Jammu and Kashmir,Jammu,127,7
Jammu and Kashmir,Kathua,1598,17
Jammu and Kashmir,Kupwara,2,38
Jammu and Kashmir,Leh,0,1
Jammu and Kashmir,Rajouri,2,0
Jammu and Kashmir,Reasi,161,15
Jammu and Kashmir,Srinagar,0,5
Jharkhand,Bokaro,20,19
Jharkhand,Chatra,46,12
Jharkhand,Deoghar,35,26
Jharkhand,Dhanbad,30,157
Jharkhand,Dumka,9,23
Jharkhand,East Singhbhum,112,22
Jharkhand,Garhwa,16,53
Jharkhand,Giridih,143,69
Jharkhand,Godda,72,41
Jharkhand,Gumla,21,37
Jharkhand,Hazaribagh,52,52
Jharkhand,Jamtara,7,11
Jharkhand,Khunti,2,7
Jharkhand,Koderma,0,18
Jharkhand,Latehar,11,11
Jharkhand,Lohardaga,1,10
Jharkhand,Pakur,18,17
Jharkhand,Palamu,10,138
Jharkhand,Ramgarh,7,16
Jharkhand,Ranchi,78,49
Jharkhand,Sahibganj,9,19
Jharkhand,Seraikela-Kharsawan,2,9
Jharkhand,Simdega,28,10
Jharkhand,West Singhbhum,130,21
Karnataka,Bagalkot,244,29
Karnataka,Bangalore,173,76
Karnataka,Bangalore Rural,59,1
Karnataka,Belgaum,150,37
Karnataka,Bellary,160,97
Karnataka,Bidar,189,30
Karnataka,Bijapur,277,110
Karnataka,Bijapur(KAR),2,2
Karnataka,Chamarajanagar,41,50
Karnataka,Chikkaballapur,199,222
Karnataka,Chikmagalur,25,11
Karnataka,Chitradurga,124,45
Karnataka,Dakshina Kannada,21,0
Karnataka,Davangere,101,120
Karnataka,Dharwad,147,142
Karnataka,Gadag,8,5
Karnataka,Gulbarga,11,290
Karnataka,Hassan,576,94
Karnataka,Haveri,162,400
Karnataka,Kodagu,209,189
Karnataka,Kolar,12,101
Karnataka,Koppal,493,40
Karnataka,Mandya,9,47
Karnataka,Mysore,361,50
Karnataka,Raichur,1867,236
Karnataka,Ramanagar,3,44
Karnataka,Shimoga,89,18
Karnataka,Tumkur,5,39
Karnataka,Udupi,18,2
Karnataka,Uttara Kannada,9,13
Karnataka,Yadgir,27,64
Kerala,Alappuzha,18,5
Kerala,Ernakulam,98,16
Kerala,Idukki,24,8
Kerala,Kannur,106,13
Kerala,Kasaragod,33,11
Kerala,Kollam,31,20
Kerala,Kottayam,84,2
Kerala,Kozhikode,50,15
Kerala,Malappuram,121,46
Kerala,Palakkad,40,52
Kerala,Pathanamthitta,35,7
Kerala,Thiruvananthapuram,57,21
Kerala,Thrissur,56,11
Kerala,Wayanad,2,10
Lakshadweep,Lakshadweep,2,1
Madhya Pradesh,Alirajpur,5,6
Madhya Pradesh,Anuppur,2,4
Madhya Pradesh,Ashok Nagar,29,6
Madhya Pradesh,Balaghat,59,18
Madhya Pradesh,Barwani,216,39
Madhya Pradesh,Betul,25,8
Madhya Pradesh,Bhind,97,22
Madhya Pradesh,Bhopal,293,21
Madhya Pradesh,Burhanpur,0,6
Madhya Pradesh,Chhatarpur,19,31
Madhya Pradesh,Chhindwara,235,46
Madhya Pradesh,Damoh,153,19
Madhya Pradesh,Datia,35,30
Madhya Pradesh,Dewas,151,44
Madhya Pradesh,Dhar,18,30
Madhya Pradesh,Dindori,24,5
Madhya Pradesh,Guna,21,13
Madhya Pradesh,Gwalior,24,14
Madhya Pradesh,Harda,1,5
Madhya Pradesh,Hoshangabad,11,26
Madhya Pradesh,Indore,37,39
Madhya Pradesh,Jabalpur,70,18
Madhya Pradesh,Jhabua,16,17
Madhya Pradesh,Katni,67,2
Madhya Pradesh,Khandwa,0,14
Madhya Pradesh,Khargone,20,17
Madhya Pradesh,Mandla,28,11
Madhya Pradesh,Mandsaur,178,16
Madhya Pradesh,Morena,62,27
Madhya Pradesh,Narsinghpur,21,7
Madhya Pradesh,Neemuch,1,1
Madhya Pradesh,Panna,5,3
Madhya Pradesh,Raisen,71,19
Madhya Pradesh,Rajgarh,785,23
Madhya Pradesh,Ratlam,210,80
Madhya Pradesh,Rewa,28,23
Madhya Pradesh,Sagar,92,54
Madhya Pradesh,Satna,163,11
Madhya Pradesh,Sehore,92,12
Madhya Pradesh,Seoni,41,14
Madhya Pradesh,Shahdol,24,11
Madhya Pradesh,Shajapur,2,23
Madhya Pradesh,Sheopur,246,22
Madhya Pradesh,Shivpuri,49,14
Madhya Pradesh,Sidhi,9,2
Madhya Pradesh,Singrauli,33,4
Madhya Pradesh,Tikamgarh,13,11
Madhya Pradesh,Ujjain,98,15
Madhya Pradesh,Umaria,3,1
Madhya Pradesh,Vidisha,81,22
Maharashtra,Ahmednagar,62,62
Maharashtra,Akola,15,30
Maharashtra,Amravati,17,114
Maharashtra,Aurangabad,35,45
Maharashtra,Beed,59,45
Maharashtra,Bhandara,6,16
Maharashtra,Buldhana,27,44
Maharashtra,Chandrapur,4,8
Maharashtra,Dhule,23,31
Maharashtra,Gadchiroli,12,9
Maharashtra,Gondia,4,14
Maharashtra,Hingoli,19,27
Maharashtra,Jalgaon,116,132
Maharashtra,Jalna,56,43
Maharashtra,Kolhapur,58,20
Maharashtra,Latur,7,24
Maharashtra,Mumbai,36,59
Maharashtra,Nagpur,15,69
Maharashtra,Nanded,48,64
Maharashtra,Nandurbar,33,15
Maharashtra,Nashik,152,91
Maharashtra,Osmanabad,58,20
Maharashtra,Parbhani,59,32
Maharashtra,Pune,67,79
Maharashtra,Raigad,46,9
Maharashtra,Ratnagiri,15,73
Maharashtra,Sangli,34,13
Maharashtra,Satara,53,14
Maharashtra,Sindhudurg,9,2
Maharashtra,Solapur,146,98
Maharashtra,Thane,87,66
Maharashtra,Wardha,1,10
Maharashtra,Washim,21,25
Maharashtra,Yavatmal,214,101
Manipur,Bishnupur,0,1
Manipur,Chandel,3,0
Manipur,Churachandpur,4,0
Manipur,Imphal East,35,2
Manipur,Imphal West,73,1
Manipur,Senapati,1,0
Manipur,Thoubal,0,1
Manipur,Ukhrul,1,0
Meghalaya,East Khasi Hills,2,6
Mizoram,Champhai,2,0
Mizoram,Lunglei,32,2
Mizoram,Serchhip,81,0
Nagaland,Kiphire,1,0
Nagaland,Kohima,1,2
Nagaland,Mon,0,3
Nagaland,Wokha,0,1
Nagaland,Zunheboto,0,1
Odisha,Anugul,15,0
Odisha,Balangir,8,4
Odisha,Baleswar,41,5
Odisha,Bargarh,14,10
Odisha,Baudh,1,0
Odisha,Bhadrak,3,1
Odisha,Boudh,6,0
Odisha,Cuttack,8,16
Odisha,Dhenkanal,24,23
Odisha,Gajapati,1,0
Odisha,Ganjam,886,338
Odisha,Jagatsinghapur,2,19
Odisha,Jajapur,81,3
Odisha,Jharsuguda,0,5
Odisha,Kalahandi,0,48
Odisha,Kandhamal,2,1
Odisha,Kendrapara,9,3
Odisha,Kendujhar,7,1
Odisha,Khorda,6,29
Odisha,Khordha,8,3
Odisha,Koraput,103,85
Odisha,Malkangiri,1,1
Odisha,Mayurbhanj,55,21
Odisha,Nabarangapur,13,1
Odisha,Nayagarh,4,1
Odisha,Nuapada,6,7
Odisha,Puri,10,5
Odisha,Rayagada,0,1
Odisha,Sambalpur,25,7
Odisha,Sonapur,1,11
Odisha,Sundergarh,60,64
Others,Others,0,520
Puducherry,Karaikal,3,4
Puducherry,Pondicherry,14,0
Puducherry,Puducherry,3,8
Puducherry,Yanam,0,8
Punjab,Amritsar,55,32
Punjab,Barnala,6,21
Punjab,Bathinda,46,20
Punjab,Faridkot,16,15
Punjab,Fatehgarh Sahib,18,3
Punjab,Fazilka,20,17
Punjab,Firozpur,30,23
Punjab,Gurdaspur,96,36
Punjab,Hoshiarpur,88,24
Punjab,Jalandhar,61,20
Punjab,Kapurthala,41,16
Punjab,Ludhiana,84,34
Punjab,Mansa,3,12
Punjab,Moga,73,22
Punjab,Pathankot,8,8
Punjab,Patiala,93,43
Punjab,Rupnagar,16,22
Punjab,SAS Nagar (Mohali),28,8
Punjab,Sangrur,89,20
Punjab,Shaheed Bhagat Singh Nagar,7,11
Punjab,Sri Muktsar Sahib,7,11
Punjab,Tarn Taran,40,15
Rajasthan,Ajmer,30,22
Rajasthan,Alwar,77,39
Rajasthan,Banswara,59,17
Rajasthan,Baran,3,3
Rajasthan,Barmer,18,5
Rajasthan,Bharatpur,247,84
Rajasthan,Bhilwara,5,15
Rajasthan,Bikaner,90,10
Rajasthan,Bundi,75,3
Rajasthan,Chittorgarh,6,52
Rajasthan,Churu,23,6
Rajasthan,Dausa,9,12
Rajasthan,Dholpur,7,38
Rajasthan,Dungarpur,32,4
Rajasthan,Ganganagar,14,11
Rajasthan,Hanumangarh,23,10
Rajasthan,Jaipur,53,20
Rajasthan,Jaisalmer,2,2
Rajasthan,Jalor,91,2
Rajasthan,Jhalawar,17,4
Rajasthan,Jhunjhunu,36,20
Rajasthan,Jodhpur,115,18
Rajasthan,Karauli,6,2
Rajasthan,Kota,5,13
Rajasthan,Nagaur,122,24
Rajasthan,Pali,55,17
Rajasthan,Pratapgarh,16,5
Rajasthan,Rajsamand,14,1
Rajasthan,Sawai Madhopur,11,9
Rajasthan,Sikar,46,18
Rajasthan,Sirohi,3,2
Rajasthan,Tonk,17,12
Rajasthan,Udaipur,64,31
Sikkim,East Sikkim,0,1
Sikkim,North Sikkim,1,1
Sikkim,South Sikkim,0,3
Sikkim,West Sikkim,6,0
Tamil Nadu,Ariyalur,2,0
Tamil Nadu,Chennai,441,28
Tamil Nadu,Coimbatore,80,34
Tamil Nadu,Cuddalore,1,2
Tamil Nadu,Dharmapuri,5,12
Tamil Nadu,Dindigul,9,1
Tamil Nadu,Erode,16,501
Tamil Nadu,Kancheepuram,5,10
Tamil Nadu,Kanchipuram,2,0
Tamil Nadu,Kanyakumari,23,3
Tamil Nadu,Karur,0,1
Tamil Nadu,Krishnagiri,11,2
Tamil Nadu,Madurai,14,9
Tamil Nadu,Nagapattinam,13,1
Tamil Nadu,Namakkal,4,1
Tamil Nadu,Perambalur,12,114
Tamil Nadu,Pudukkottai,0,1
Tamil Nadu,Ramanathapuram,10,0
Tamil Nadu,Salem,3,2
Tamil Nadu,Sivaganga,3,0
Tamil Nadu,Thanjavur,10,3
Tamil Nadu,The Nilgiris,1,1
Tamil Nadu,Theni,4,4
Tamil Nadu,Thiruvarur,3,1
Tamil Nadu,Thoothukudi,8,6
Tamil Nadu,Tiruchirappalli,15,2
Tamil Nadu,Tirunelveli,341,22
Tamil Nadu,Tirupur,28,54
Tamil Nadu,Tiruvallur,49,33
Tamil Nadu,Tiruvannamalai,599,35
Tamil Nadu,Tiruvarur,2,0
Tamil Nadu,Vellore,51,20
Tamil Nadu,Viluppuram,29,46
Tamil Nadu,Virudhunagar,19,1
Tripura,Dhalai,12,18
Tripura,Gomati,2,0
Tripura,Khowai,1,4
Tripura,North Tripura,50,6
Tripura,Sepahijala,22,3
Tripura,South Tripura,183,99
Tripura,West Tripura,95,54
Uttar Pradesh,Agra,1297,364
Uttar Pradesh,Aligarh,635,69
Uttar Pradesh,Allahabad,751,175
Uttar Pradesh,Ambedkar Nagar,441,76
Uttar Pradesh,Amethi,480,10
Uttar Pradesh,Amroha,619,65
Uttar Pradesh,Auraiya,106,47
Uttar Pradesh,Azamgarh,118,70
Uttar Pradesh,Baghpat,34,59
Uttar Pradesh,Bahraich,22,30
Uttar Pradesh,Ballia,584,207
Uttar Pradesh,Balrampur,16,4
Uttar Pradesh,Banda,256,148
Uttar Pradesh,Barabanki,369,84
Uttar Pradesh,Bareilly,510,253
Uttar Pradesh,Basti,61,69
Uttar Pradesh,Bijnor,1269,225
Uttar Pradesh,Budaun,181,27
Uttar Pradesh,Bulandshahr,622,68
Uttar Pradesh,Chandauli,490,45
Uttar Pradesh,Chitrakoot,2,8
Uttar Pradesh,Deoria,653,86
Uttar Pradesh,Etah,268,18
Uttar Pradesh,Etawah,15,6
Uttar Pradesh,Faizabad,128,40
Uttar Pradesh,Farrukhabad,182,45
Uttar Pradesh,Fatehpur,15,31
Uttar Pradesh,Firozabad,148,69
Uttar Pradesh,Gautam Buddha Nagar,535,98
Uttar Pradesh,Ghaziabad,1331,232
Uttar Pradesh,Ghazipur,123,74
Uttar Pradesh,Gonda,150,33
Uttar Pradesh,Gorakhpur,837,314
Uttar Pradesh,Hamirpur,6,1
Uttar Pradesh,Hapur,17,9
Uttar Pradesh,Hardoi,150,44
Uttar Pradesh,Hathras,189,30
Uttar Pradesh,Jalaun,13,14
Uttar Pradesh,Jaunpur,251,32
Uttar Pradesh,Jhansi,143,203
Uttar Pradesh,Kannauj,100,38
Uttar Pradesh,Kanpur Dehat,607,35
Uttar Pradesh,Kanpur Nagar,169,125
Uttar Pradesh,Kasganj,57,72
Uttar Pradesh,Kaushambi,29,25
Uttar Pradesh,Kheri,798,25
Uttar Pradesh,Kushinagar,135,58
Uttar Pradesh,Lalitpur,265,6
Uttar Pradesh,Lucknow,376,359
Uttar Pradesh,Maharajganj,747,24
Uttar Pradesh,Mahoba,6,3
Uttar Pradesh,Mainpuri,59,36
Uttar Pradesh,Mathura,277,167
Uttar Pradesh,Mau,289,56
Uttar Pradesh,Meerut,480,99
Uttar Pradesh,Mirzapur,553,104
Uttar Pradesh,Moradabad,448,252
Uttar Pradesh,Muzaffarnagar,255,40
Uttar Pradesh,Pilibhit,175,34
Uttar Pradesh,Pratapgarh,138,68
Uttar Pradesh,Raebareli,21,51
Uttar Pradesh,Rampur,179,29
Uttar Pradesh,Saharanpur,508,65
Uttar Pradesh,Sambhal,481,71
Uttar Pradesh,Sant Kabir Nagar,5,10
Uttar Pradesh,Sant Ravidas Nagar,568,33
Uttar Pradesh,Sant Ravidas Nagar Bhadohi,2,0
Uttar Pradesh,Shahjahanpur,1824,3
Uttar Pradesh,Shamli,75,24
Uttar Pradesh,Shrawasti,4,9
Uttar Pradesh,Siddharthnagar,518,88
Uttar Pradesh,Sitapur,306,63
Uttar Pradesh,Sonbhadra,378,39
Uttar Pradesh,Sultanpur,157,61
Uttar Pradesh,Unnao,133,121
Uttar Pradesh,Varanasi,865,318
Uttarakhand,Almora,7,3
Uttarakhand,Bageshwar,3,1
Uttarakhand,Champawat,4,0
Uttarakhand,Dehradun,52,39
Uttarakhand,Haridwar,33,23
Uttarakhand,Nainital,12,19
Uttarakhand,Pauri Garhwal,11,7
Uttarakhand,Pithoragarh,19,1
Uttarakhand,Rudraprayag,1,1
Uttarakhand,Tehri Garhwal,5,0
Uttarakhand,Udham Singh Nagar,244,124
West Bengal,Bankura,10,97
West Bengal,Bardhaman,450,201
West Bengal,Birbhum,18,151
West Bengal,Cooch Behar,91,3
West Bengal,Dakshin Dinajpur,3,0
West Bengal,Darjeeling,468,7
West Bengal,East Midnapore,20,20
West Bengal,Hooghly,202,217
West Bengal,Howrah,17,4
West Bengal,Jalpaiguri,5388,596
West Bengal,Kolkata,57,10
West Bengal,Malda,40,8
West Bengal,Murshidabad,55,61
West Bengal,Nadia,3940,129
West Bengal,North 24 Parganas,206,212
West Bengal,North Dinajpur,38,461
West Bengal,Purulia,1151,55
West Bengal,South 24 Parganas,880,170
West Bengal,South Dinajpur,870,13
West Bengal,South Twenty Four Parganas,62,0
West Bengal,West Midnapore,3343,122
