State,District,Aadhaar generated,Enrolment Rejected
Andaman and Nicobar Islands,North And Middle Andaman,1,0
Andaman and Nicobar Islands,South Andaman,1,1
Andhra Pradesh,Adilabad,316,671
Andhra Pradesh,Ananthapur,1345,1394
Andhra Pradesh,Chittoor,1633,967
Andhra Pradesh,Cuddapah,330,397
Andhra Pradesh,East Godavari,458,296
Andhra Pradesh,Guntur,350,280
Andhra Pradesh,Hyderabad,1164,458
Andhra Pradesh,Karimnagar,763,485
Andhra Pradesh,Khammam,372,378
Andhra Pradesh,Krishna,274,181
Andhra Pradesh,Kurnool,1197,1758
Andhra Pradesh,Mahbubnagar,2130,1807
Andhra Pradesh,Medak,575,400
Andhra Pradesh,Nalgonda,272,296
Andhra Pradesh,Nellore,1055,353
Andhra Pradesh,Nizamabad,1024,370
Andhra Pradesh,Prakasam,469,463
Andhra Pradesh,Ranga Reddy,1176,699
Andhra Pradesh,Srikakulam,176,294
Andhra Pradesh,Visakhapatnam,553,473
Andhra Pradesh,Vizianagaram,1169,305
Andhra Pradesh,Warangal,627,527
Andhra Pradesh,West Godavari,590,433
Arunachal Pradesh,Papum Pare,35,0
Assam,Baksa,6,0
Assam,Barpeta,42,0
Assam,Bongaigaon,16,0
Assam,Cachar,13,0
Assam,Chirang,4,0
Assam,Darrang,2,0
Assam,Dhemaji,2,0
Assam,Dhubri,15,0
Assam,Dibrugarh,2,0
Assam,Goalpara,1,0
Assam,Hailakandi,4,0
Assam,Jorhat,7,0
Assam,Kamrup,33,1
Assam,Kamrup Metro,1,0
Assam,Karbi Anglong,5,0
Assam,Karimganj,7,0
Assam,Lakhimpur,4,0
Assam,Marigaon,3,0
Assam,Nagaon,12,0
Assam,Nalbari,3,0
Assam,Sibsagar,4,0
Assam,Sonitpur,5,0
Assam,Udalguri,30,0
Bihar,Araria,60,31
Bihar,Arwal,79,70
Bihar,Aurangabad,559,11
Bihar,Aurangabad(BH),1,0
Bihar,Banka,5186,114
Bihar,Begusarai,1677,32
Bihar,Bhagalpur,631,168
Bihar,Bhojpur,508,27
Bihar,Buxar,228,7
Bihar,Darbhanga,392,690
Bihar,East Champaran,1094,278
Bihar,Gaya,2396,28
Bihar,Gopalganj,1605,1537
Bihar,Jamui,236,16
Bihar,Jehanabad,416,54
Bihar,Kaimur (Bhabua),25,2
Bihar,Katihar,1111,282
Bihar,Khagaria,41,2
Bihar,Kishanganj,165,267
Bihar,Lakhisarai,58,29
Bihar,Madhepura,39,0
Bihar,Madhubani,2570,88
Bihar,Munger,1627,47
Bihar,Muzaffarpur,6964,244
Bihar,Nalanda,399,439
Bihar,Nawada,1015,14
Bihar,Patna,8934,645
Bihar,Purnia,2067,350
Bihar,Rohtas,1182,213
Bihar,Saharsa,131,11
Bihar,Samastipur,1385,9
Bihar,Saran,3899,162
Bihar,Sheikhpura,88,124
Bihar,Sheohar,15,30
Bihar,Sitamarhi,996,31
Bihar,Siwan,1247,23
Bihar,Supaul,174,37
Bihar,Vaishali,1781,32
Bihar,West Champaran,2529,51
Chandigarh,Chandigarh,1929,269
Chhattisgarh,Balod,442,9
Chhattisgarh,Baloda Bazar,767,158
Chhattisgarh,Balrampur,2,0
Chhattisgarh,Bastar,1148,49
Chhattisgarh,Bemetara,402,9
Chhattisgarh,Bijapur,1,1
Chhattisgarh,Bilaspur,4901,161
Chhattisgarh,Dakshin Bastar Dantewada,1,1
Chhattisgarh,Dantewada,1,0
Chhattisgarh,Dhamtari,568,2
Chhattisgarh,Durg,15163,137
Chhattisgarh,Gariyaband,116,15
Chhattisgarh,Janjgir Champa,1009,10
Chhattisgarh,Jashpur,4,2
Chhattisgarh,Kanker,44,0
Chhattisgarh,Kawardha,1,0
Chhattisgarh,Kondagaon,4728,13
Chhattisgarh,Korba,461,3
Chhattisgarh,Koriya,305,49
Chhattisgarh,Mahasamund,1462,20
Chhattisgarh,Mungeli,2004,179
Chhattisgarh,Narayanpur,524,8
Chhattisgarh,Raigarh,1665,41
Chhattisgarh,Raipur,382,67
Chhattisgarh,Rajnandgaon,3351,46
Chhattisgarh,Surajpur,1,10
Chhattisgarh,Surguja,567,5
Chhattisgarh,Uttar Bastar Kanker,242,9
Dadra and Nagar Haveli,Dadra and Nagar Haveli,61,5
Daman and Diu,Daman,17,1
Daman and Diu,Diu,5,1
Delhi,Central Delhi,1044,263
Delhi,East Delhi,1925,638
Delhi,New Delhi,76,23
Delhi,North Delhi,1003,199
Delhi,North East,311,122
Delhi,North East Delhi,2952,740
Delhi,North West Delhi,5227,1307
Delhi,South Delhi,2357,836
Delhi,South West Delhi,1547,735
Delhi,West Delhi,2578,832
Goa,North Goa,25,14
Goa,South Goa,27,5
Gujarat,Ahmedabad,2528,74
Gujarat,Amreli,219,5
Gujarat,Anand,161,36
Gujarat,Banaskantha,1137,18
Gujarat,Bharuch,211,27
Gujarat,Bhavnagar,2721,41
Gujarat,Dahod,185,14
Gujarat,Gandhinagar,853,16
Gujarat,Jamnagar,2429,29
Gujarat,Junagadh,822,27
Gujarat,Kachchh,5328,109
Gujarat,Kheda,665,61
Gujarat,Mahesana,73,9
Gujarat,Narmada,3,2
Gujarat,Navsari,754,13
Gujarat,Panchmahal,1213,19
Gujarat,Patan,159,2
Gujarat,Porbandar,39,2
Gujarat,Rajkot,427,25
Gujarat,Sabarkantha,2823,193
Gujarat,Surat,1669,73
Gujarat,Surendranagar,1578,48
Gujarat,Tapi,233,17
Gujarat,The Dangs,607,4
Gujarat,Vadodara,1677,51
Gujarat,Valsad,377,17
Haryana,Ambala,1474,715
Haryana,Bhiwani,2826,481
Haryana,Faridabad,2160,572
Haryana,Fatehabad,1778,296
Haryana,Gurgaon,971,331
Haryana,Hisar,2631,509
Haryana,Jhajjar,1213,180
Haryana,Jind,2364,528
Haryana,Kaithal,2300,1362
Haryana,Karnal,4595,1136
Haryana,Kurukshetra,2701,660
Haryana,Mahendragarh,596,78
Haryana,Mewat,1020,435
Haryana,Palwal,650,116
Haryana,Panchkula,716,132
Haryana,Panipat,4688,1130
Haryana,Rewari,1585,268
Haryana,Rohtak,820,139
Haryana,Sirsa,1188,365
Haryana,Sonipat,2230,867
Haryana,Yamuna Nagar,2274,474
Himachal Pradesh,Bilaspur,163,19
Himachal Pradesh,Chamba,986,81
Himachal Pradesh,Hamirpur,179,22
Himachal Pradesh,Kangra,1893,220
Himachal Pradesh,Kinnaur,49,4
Himachal Pradesh,Kullu,451,61
Himachal Pradesh,Lahul and Spiti,31,6
Himachal Pradesh,Mandi,1027,142
Himachal Pradesh,Shimla,786,109
Himachal Pradesh,Sirmaur,1115,224
Himachal Pradesh,Solan,552,68
Himachal Pradesh,Una,395,27
Jammu and Kashmir,Anantnag,110,16
Jammu and Kashmir,Badgam,992,2
Jammu and Kashmir,Bandipore,86,1
Jammu and Kashmir,Baramula,1739,26
Jammu and Kashmir,Doda,10,0
Jammu and Kashmir,Jammu,1479,9
Jammu and Kashmir,Kargil,6,3
Jammu and Kashmir,Kathua,157,0
Jammu and Kashmir,Kupwara,3,12
Jammu and Kashmir,Leh,1,1
Jammu and Kashmir,Pulwama,854,39
Jammu and Kashmir,Punch,297,0
Jammu and Kashmir,Rajouri,6,1
Jammu and Kashmir,Reasi,1115,7
Jammu and Kashmir,Srinagar,2,2
Jammu and Kashmir,Udhampur,1067,8
Jharkhand,Bokaro,783,245
Jharkhand,Chatra,748,257
Jharkhand,Deoghar,436,311
Jharkhand,Dhanbad,494,138
Jharkhand,Dumka,139,82
Jharkhand,East Singhbhum,115,39
Jharkhand,Garhwa,916,407
Jharkhand,Giridih,2771,729
Jharkhand,Godda,374,98
Jharkhand,Gumla,259,196
Jharkhand,Hazaribag,2,2
Jharkhand,Hazaribagh,1277,408
Jharkhand,Jamtara,300,91
Jharkhand,Khunti,167,24
Jharkhand,Koderma,625,165
Jharkhand,Latehar,293,155
Jharkhand,Lohardaga,166,44
Jharkhand,Pakur,248,58
Jharkhand,Palamu,715,231
Jharkhand,Ramgarh,441,193
Jharkhand,Ranchi,644,211
Jharkhand,Sahibganj,1079,169
Jharkhand,Seraikela-Kharsawan,44,19
Jharkhand,Simdega,188,44
Jharkhand,West Singhbhum,99,32
Karnataka,Bagalkot,733,74
Karnataka,Bangalore,3521,825
Karnataka,Bangalore Rural,246,164
Karnataka,Belgaum,249,128
Karnataka,Bellary,4190,938
Karnataka,Bidar,1685,953
Karnataka,Bijapur,672,77
Karnataka,Bijapur(KAR),88,19
Karnataka,Chamarajanagar,1729,311
Karnataka,Chikkaballapur,963,213
Karnataka,Chikmagalur,803,95
Karnataka,Chitradurga,1827,133
Karnataka,Dakshina Kannada,1111,233
Karnataka,Davangere,1003,94
Karnataka,Dharwad,385,82
Karnataka,Gadag,736,4
Karnataka,Gulbarga,1993,657
Karnataka,Hassan,1776,191
Karnataka,Haveri,4532,463
Karnataka,Kodagu,162,3
Karnataka,Kolar,2472,510
Karnataka,Koppal,423,187
Karnataka,Mandya,1460,159
Karnataka,Mysore,1023,214
Karnataka,Raichur,2487,473
Karnataka,Ramanagar,905,115
Karnataka,Shimoga,1469,232
Karnataka,Tumkur,869,196
Karnataka,Udupi,88,32
Karnataka,Uttara Kannada,284,155
Karnataka,Yadgir,1266,283
Kerala,Alappuzha,240,18
Kerala,Ernakulam,323,25
Kerala,Idukki,100,5
Kerala,Kannur,424,20
Kerala,Kasaragod,175,8
Kerala,Kollam,451,89
Kerala,Kottayam,247,18
Kerala,Kozhikode,638,15
Kerala,Malappuram,1389,44
Kerala,Palakkad,700,43
Kerala,Pathanamthitta,136,8
Kerala,Thiruvananthapuram,593,39
Kerala,Thrissur,455,26
Kerala,Wayanad,276,19
Lakshadweep,Lakshadweep,2,0
Madhya Pradesh,Alirajpur,707,540
Madhya Pradesh,Anuppur,243,55
Madhya Pradesh,Ashok Nagar,473,20
Madhya Pradesh,Balaghat,3057,704
Madhya Pradesh,Barwani,2024,593
Madhya Pradesh,Betul,1167,330
Madhya Pradesh,Bhind,502,38
Madhya Pradesh,Bhopal,1641,464
Madhya Pradesh,Burhanpur,551,286
Madhya Pradesh,Chhatarpur,325,54
Madhya Pradesh,Chhindwara,1268,224
Madhya Pradesh,Damoh,802,205
Madhya Pradesh,Datia,288,38
Madhya Pradesh,Dewas,890,245
Madhya Pradesh,Dhar,2765,1022
Madhya Pradesh,Dindori,1915,606
Madhya Pradesh,Guna,505,90
Madhya Pradesh,Gwalior,213,38
Madhya Pradesh,Harda,444,116
Madhya Pradesh,Hoshangabad,473,132
Madhya Pradesh,Indore,1777,942
Madhya Pradesh,Jabalpur,1875,619
Madhya Pradesh,Jhabua,476,1259
Madhya Pradesh,Katni,771,161
Madhya Pradesh,Khandwa,589,703
Madhya Pradesh,Khargone,2327,1032
Madhya Pradesh,Mandla,1889,416
Madhya Pradesh,Mandsaur,608,144
Madhya Pradesh,Morena,628,34
Madhya Pradesh,Narsinghpur,701,168
Madhya Pradesh,Neemuch,154,15
Madhya Pradesh,Panna,407,72
Madhya Pradesh,Raisen,602,257
Madhya Pradesh,Rajgarh,1047,187
Madhya Pradesh,Ratlam,1519,255
Madhya Pradesh,Rewa,162,46
Madhya Pradesh,Sagar,1213,321
Madhya Pradesh,Satna,424,102
Madhya Pradesh,Sehore,1050,305
Madhya Pradesh,Seoni,1644,440
Madhya Pradesh,Shahdol,263,31
Madhya Pradesh,Shajapur,340,133
Madhya Pradesh,Sheopur,206,19
Madhya Pradesh,Shivpuri,481,91
Madhya Pradesh,Sidhi,113,24
Madhya Pradesh,Singrauli,286,33
Madhya Pradesh,Tikamgarh,277,22
Madhya Pradesh,Ujjain,1539,500
Madhya Pradesh,Umaria,343,46
Madhya Pradesh,Vidisha,483,264
Maharashtra,Ahmednagar,168,49
Maharashtra,Akola,113,12
Maharashtra,Amravati,155,15
Maharashtra,Aurangabad,179,37
Maharashtra,Beed,170,42
Maharashtra,Bhandara,22,9
Maharashtra,Buldhana,277,19
Maharashtra,Chandrapur,40,5
Maharashtra,Dhule,115,27
Maharashtra,Gadchiroli,135,25
Maharashtra,Gondia,56,11
Maharashtra,Hingoli,205,33
Maharashtra,Jalgaon,167,165
Maharashtra,Jalna,265,43
Maharashtra,Kolhapur,87,9
Maharashtra,Latur,78,18
Maharashtra,Mumbai,576,117
Maharashtra,Nagpur,247,54
Maharashtra,Nanded,365,35
Maharashtra,Nandurbar,107,10
Maharashtra,Nashik,583,79
Maharashtra,Osmanabad,111,43
Maharashtra,Parbhani,286,15
Maharashtra,Pune,413,62
Maharashtra,Raigad,73,13
Maharashtra,Ratnagiri,257,6
Maharashtra,Sangli,70,22
Maharashtra,Satara,69,19
Maharashtra,Sindhudurg,37,7
Maharashtra,Solapur,1197,74
Maharashtra,Thane,516,79
Maharashtra,Wardha,31,11
Maharashtra,Washim,157,5
Maharashtra,Yavatmal,699,19
Manipur,Bishnupur,31,0
Manipur,Chandel,1,0
Manipur,Churachandpur,41,0
Manipur,Imphal East,7,3
Manipur,Imphal West,26,4
Manipur,Senapati,1,0
Manipur,Thoubal,123,0
Manipur,Ukhrul,5,0
Mizoram,Aizawl,467,1
Mizoram,Kolasib,190,12
Mizoram,Lawngtlai,3,0
Mizoram,Lunglei,110,1
Mizoram,Serchhip,144,1
Nagaland,Dimapur,8,1
Nagaland,Kohima,1,0
Nagaland,Mokokchung,1,0
Nagaland,Mon,3,0
Nagaland,Phek,2,0
Nagaland,Zunheboto,5,0
Odisha,Anugul,654,18
Odisha,Balangir,300,189
Odisha,Baleswar,205,25
Odisha,Bargarh,630,4
Odisha,Baudh,122,0
Odisha,Bhadrak,296,29
Odisha,Boudh,1,0
Odisha,Cuttack,288,26
Odisha,Debagarh,11,2
Odisha,Dhenkanal,168,10
Odisha,Gajapati,22,0
Odisha,Ganjam,5463,71
Odisha,Jagatsinghapur,326,10
Odisha,Jajapur,3716,39
Odisha,Jharsuguda,2239,117
Odisha,Kalahandi,1,0
Odisha,Kandhamal,170,2
Odisha,Kendrapara,309,45
Odisha,Kendujhar,789,2
Odisha,Khorda,193,3
Odisha,Khordha,350,10
Odisha,Koraput,131,1
Odisha,Malkangiri,6545,65
Odisha,Mayurbhanj,717,8
Odisha,Nabarangapur,8,0
Odisha,Nayagarh,659,13
Odisha,Nuapada,1,0
Odisha,Puri,216,16
Odisha,Sambalpur,111,55
Odisha,Sonapur,570,0
Odisha,Sundergarh,825,12
Others,Others,3,518
Puducherry,Karaikal,120,4
Puducherry,Puducherry,373,97
Punjab,Amritsar,2348,663
Punjab,Barnala,672,166
Punjab,Bathinda,649,258
Punjab,Faridkot,1135,94
Punjab,Fatehgarh Sahib,500,142
Punjab,Fazilka,1701,569
Punjab,Firozpur,1610,261
Punjab,Gurdaspur,1954,383
Punjab,Hoshiarpur,925,165
Punjab,Jalandhar,3155,807
Punjab,Kapurthala,1045,153
Punjab,Ludhiana,2089,353
Punjab,Mansa,1074,198
Punjab,Moga,1519,173
Punjab,Muktsar,15,0
Punjab,Nawanshahr,1,0
Punjab,Pathankot,729,256
Punjab,Patiala,2560,1096
Punjab,Rupnagar,1209,118
Punjab,SAS Nagar (Mohali),577,149
Punjab,Sangrur,2505,759
Punjab,Shaheed Bhagat Singh Nagar,259,125
Punjab,Sri Muktsar Sahib,1334,376
Punjab,Tarn Taran,1719,694
Rajasthan,Ajmer,647,226
Rajasthan,Alwar,554,308
Rajasthan,Banswara,494,83
Rajasthan,Baran,110,37
Rajasthan,Barmer,1144,386
Rajasthan,Bharatpur,199,28
Rajasthan,Bhilwara,415,55
Rajasthan,Bikaner,385,148
Rajasthan,Bundi,87,28
Rajasthan,Chittorgarh,726,95
Rajasthan,Churu,451,206
Rajasthan,Dausa,113,13
Rajasthan,Dholpur,566,43
Rajasthan,Dungarpur,467,107
Rajasthan,Ganganagar,637,110
Rajasthan,Hanumangarh,351,119
Rajasthan,Jaipur,717,234
Rajasthan,Jaisalmer,575,44
Rajasthan,Jalor,408,274
Rajasthan,Jhalawar,276,43
Rajasthan,Jhunjhunu,555,156
Rajasthan,Jodhpur,797,174
Rajasthan,Karauli,88,12
Rajasthan,Kota,163,84
Rajasthan,Nagaur,798,172
Rajasthan,Pali,862,232
Rajasthan,Pratapgarh,209,49
Rajasthan,Rajsamand,141,59
Rajasthan,Sawai Madhopur,396,49
Rajasthan,Sikar,445,123
Rajasthan,Sirohi,120,96
Rajasthan,Tonk,302,66
Rajasthan,Udaipur,550,228
Sikkim,East Sikkim,20,1
Sikkim,North Sikkim,7,0
Sikkim,South Sikkim,12,0
Sikkim,West Sikkim,8,2
Tamil Nadu,Ariyalur,34,0
Tamil Nadu,Chennai,699,20
Tamil Nadu,Coimbatore,1847,36
Tamil Nadu,Cuddalore,321,3
Tamil Nadu,Dharmapuri,1625,3
Tamil Nadu,Dindigul,87,0
Tamil Nadu,Erode,4637,27
Tamil Nadu,Kancheepuram,121,19
Tamil Nadu,Kanchipuram,25,0
Tamil Nadu,Kanyakumari,45,1
Tamil Nadu,Karur,270,0
Tamil Nadu,Krishnagiri,93,1
Tamil Nadu,Madurai,225,1
Tamil Nadu,Nagapattinam,495,0
Tamil Nadu,Namakkal,38,1
Tamil Nadu,Nilgiris,1,0
Tamil Nadu,Perambalur,391,1
Tamil Nadu,Pudukkottai,656,0
Tamil Nadu,Ramanathapuram,905,0
Tamil Nadu,Salem,1829,11
Tamil Nadu,Sivaganga,336,1
Tamil Nadu,Thanjavur,1601,4
Tamil Nadu,The Nilgiris,90,0
Tamil Nadu,Theni,408,3
Tamil Nadu,Thiruvarur,63,0
Tamil Nadu,Thoothukudi,537,1
Tamil Nadu,Tiruchirappalli,348,2
Tamil Nadu,Tirunelveli,942,5
Tamil Nadu,Tirupur,766,2
Tamil Nadu,Tiruvallur,5488,43
Tamil Nadu,Tiruvannamalai,1278,10
Tamil Nadu,Tiruvarur,1372,0
Tamil Nadu,Vellore,302,5
Tamil Nadu,Viluppuram,478,4
Tamil Nadu,Virudhunagar,189,0
Tripura,Dhalai,67,18
Tripura,Gomati,80,11
Tripura,Khowai,38,8
Tripura,North Tripura,89,16
Tripura,Sepahijala,213,14
Tripura,South Tripura,322,22
Tripura,Unakoti,127,25
Tripura,West Tripura,86,25
Uttar Pradesh,Agra,9912,1080
Uttar Pradesh,Aligarh,2911,219
Uttar Pradesh,Allahabad,6267,334
Uttar Pradesh,Ambedkar Nagar,1557,62
Uttar Pradesh,Amethi,341,100
Uttar Pradesh,Amroha,4519,432
Uttar Pradesh,Auraiya,205,30
Uttar Pradesh,Azamgarh,3060,1193
Uttar Pradesh,Baghpat,599,404
Uttar Pradesh,Bahraich,957,40
Uttar Pradesh,Ballia,3795,92
Uttar Pradesh,Balrampur,291,5
Uttar Pradesh,Banda,1055,27
Uttar Pradesh,Barabanki,4817,158
Uttar Pradesh,Bareilly,3862,124
Uttar Pradesh,Basti,1328,20
Uttar Pradesh,Bijnor,12500,2034
Uttar Pradesh,Budaun,600,30
Uttar Pradesh,Bulandshahr,1031,101
Uttar Pradesh,Chandauli,234,285
Uttar Pradesh,Chitrakoot,160,56
Uttar Pradesh,Deoria,1008,209
Uttar Pradesh,Etah,3735,52
Uttar Pradesh,Etawah,283,22
Uttar Pradesh,Faizabad,2291,426
Uttar Pradesh,Farrukhabad,2122,43
Uttar Pradesh,Fatehpur,1055,28
Uttar Pradesh,Firozabad,651,92
Uttar Pradesh,Gautam Buddha Nagar,2381,812
Uttar Pradesh,Ghaziabad,11332,1032
Uttar Pradesh,Ghazipur,959,725
Uttar Pradesh,Gonda,225,8
Uttar Pradesh,Gorakhpur,5825,72
Uttar Pradesh,Hamirpur,23,3
Uttar Pradesh,Hapur,405,131
Uttar Pradesh,Hardoi,1869,31
Uttar Pradesh,Hathras,3116,694
Uttar Pradesh,Jalaun,744,27
Uttar Pradesh,Jaunpur,1034,107
Uttar Pradesh,Jhansi,2022,67
Uttar Pradesh,Kannauj,1285,35
Uttar Pradesh,Kanpur Dehat,4579,42
Uttar Pradesh,Kanpur Nagar,2459,313
Uttar Pradesh,Kasganj,2033,169
Uttar Pradesh,Kaushambi,231,4
Uttar Pradesh,Kheri,1240,101
Uttar Pradesh,Kushinagar,1310,35
Uttar Pradesh,Lalitpur,2301,45
Uttar Pradesh,Lucknow,5313,430
Uttar Pradesh,Maharajganj,3422,54
Uttar Pradesh,Mahoba,31,11
Uttar Pradesh,Mainpuri,801,118
Uttar Pradesh,Mathura,9428,202
Uttar Pradesh,Mau,3198,88
Uttar Pradesh,Meerut,5813,426
Uttar Pradesh,Mirzapur,1229,85
Uttar Pradesh,Moradabad,5637,133
Uttar Pradesh,Muzaffarnagar,626,31
Uttar Pradesh,Pilibhit,431,40
Uttar Pradesh,Pratapgarh,1819,13
Uttar Pradesh,Raebareli,387,228
Uttar Pradesh,Rampur,674,11
Uttar Pradesh,Saharanpur,5085,205
Uttar Pradesh,Sambhal,1736,31
Uttar Pradesh,Sant Kabir Nagar,75,17
Uttar Pradesh,Sant Ravidas Nagar,330,31
Uttar Pradesh,Sant Ravidas Nagar Bhadohi,1,0
Uttar Pradesh,Shahjahanpur,405,9
Uttar Pradesh,Shamli,2428,52
Uttar Pradesh,Shrawasti,40,2
Uttar Pradesh,Siddharthnagar,151,23
Uttar Pradesh,Sitapur,4419,65
Uttar Pradesh,Sonbhadra,543,151
Uttar Pradesh,Sultanpur,4269,50
Uttar Pradesh,Unnao,6045,251
Uttar Pradesh,Varanasi,6991,908
Uttarakhand,Almora,38,4
Uttarakhand,Bageshwar,46,4
Uttarakhand,Chamoli,19,3
Uttarakhand,Champawat,15,2
Uttarakhand,Dehradun,2668,55
Uttarakhand,Garhwal,2,0
Uttarakhand,Hardwar,1,0
Uttarakhand,Haridwar,1531,37
Uttarakhand,Nainital,68,6
Uttarakhand,Pauri Garhwal,44,5
Uttarakhand,Pithoragarh,83,0
Uttarakhand,Rudraprayag,18,1
Uttarakhand,Tehri Garhwal,78,1
Uttarakhand,Udham Singh Nagar,627,109
Uttarakhand,Uttarkashi,5,0
West Bengal,Bankura,997,10
West Bengal,Bardhaman,8784,117
West Bengal,Birbhum,5700,116
West Bengal,Cooch Behar,163,5
West Bengal,Dakshin Dinajpur,19,3
West Bengal,Darjeeling,1648,3
West Bengal,East Midnapore,3347,37
West Bengal,Hooghly,380,133
West Bengal,Howrah,185,8
West Bengal,Jalpaiguri,5553,69
West Bengal,Kolkata,859,19
West Bengal,Malda,263,17
West Bengal,Murshidabad,4369,28
West Bengal,Nadia,9137,45
West Bengal,North 24 Parganas,7497,159
West Bengal,North Dinajpur,6253,112
West Bengal,Purulia,7850,32
West Bengal,South 24 Parganas,1700,35
West Bengal,South Dinajpur,46,2
West Bengal,South Twenty Four Parganas,167,7
West Bengal,West Midnapore,5476,69
