State,District,Aadhaar generated,Enrolment Rejected
Andaman and Nicobar Islands,North And Middle Andaman,1,0
Andaman and Nicobar Islands,South Andaman,1,0
Andhra Pradesh,Adilabad,176,94
Andhra Pradesh,Ananthapur,2087,986
Andhra Pradesh,Chittoor,511,166
Andhra Pradesh,Cuddapah,398,102
Andhra Pradesh,East Godavari,488,150
Andhra Pradesh,Guntur,421,107
Andhra Pradesh,Hyderabad,411,90
Andhra Pradesh,Karimnagar,749,375
Andhra Pradesh,Khammam,321,169
Andhra Pradesh,Krishna,650,235
Andhra Pradesh,Kurnool,3516,1452
Andhra Pradesh,Mahbubnagar,2194,1465
Andhra Pradesh,Medak,1152,360
Andhra Pradesh,Nalgonda,512,324
Andhra Pradesh,Nellore,2893,1081
Andhra Pradesh,Nizamabad,1046,311
Andhra Pradesh,Prakasam,926,227
Andhra Pradesh,Ranga Reddy,554,449
Andhra Pradesh,Srikakulam,512,181
Andhra Pradesh,Visakhapatnam,1030,229
Andhra Pradesh,Vizianagaram,2409,555
Andhra Pradesh,Warangal,1876,356
Andhra Pradesh,West Godavari,1055,236
Arunachal Pradesh,Changlang,3,0
Arunachal Pradesh,Papum Pare,3,0
Arunachal Pradesh,Tawang,875,5
Arunachal Pradesh,Upper Subansiri,1,0
Arunachal Pradesh,West Kameng,67,1
Assam,Baksa,6,0
Assam,Barpeta,8,0
Assam,Bongaigaon,4,0
Assam,Cachar,14,1
Assam,Chirang,3,0
Assam,Darrang,1,0
Assam,Dhemaji,3,0
Assam,Dibrugarh,6,0
Assam,Golaghat,2,0
Assam,Hailakandi,8,0
Assam,Jorhat,4,1
Assam,Kamrup,4,3
Assam,Kamrup Metro,1,0
Assam,Karbi Anglong,1,0
Assam,Karimganj,3,0
Assam,Kokrajhar,2,0
Assam,Lakhimpur,1,0
Assam,Marigaon,3,0
Assam,Nagaon,15,1
Assam,Nalbari,4,0
Assam,Sibsagar,1,0
Assam,Sonitpur,9,0
Assam,Tinsukia,6,0
Assam,Udalguri,25,0
Bihar,Araria,647,8
Bihar,Arwal,79,4
Bihar,Aurangabad,1914,183
Bihar,Banka,9503,249
Bihar,Begusarai,10341,423
Bihar,Bhagalpur,1026,78
Bihar,Bhojpur,2005,93
Bihar,Buxar,742,224
Bihar,Darbhanga,230,11
Bihar,East Champaran,4402,123
Bihar,Gaya,6601,411
Bihar,Gopalganj,3588,205
Bihar,Jamui,846,15
Bihar,Jehanabad,2209,114
Bihar,Kaimur (Bhabua),857,24
Bihar,Katihar,313,15
Bihar,Khagaria,115,5
Bihar,Kishanganj,25,7
Bihar,Lakhisarai,3744,86
Bihar,Madhepura,56,5
Bihar,Madhubani,6091,162
Bihar,Munger,6152,127
Bihar,Muzaffarpur,20754,698
Bihar,Nalanda,226,28
Bihar,Nawada,2127,24
Bihar,Patna,17697,1555
Bihar,Purnia,5290,354
Bihar,Rohtas,1864,81
Bihar,Saharsa,291,31
Bihar,Samastipur,6052,70
Bihar,Saran,11876,575
Bihar,Sheikhpura,416,8
Bihar,Sheohar,45,3
Bihar,Sitamarhi,3421,65
Bihar,Siwan,1362,106
Bihar,Supaul,582,41
Bihar,Vaishali,1412,122
Bihar,West Champaran,4488,241
Chandigarh,Chandigarh,225,28
Chhattisgarh,Balod,3274,26
Chhattisgarh,Baloda Bazar,2373,61
Chhattisgarh,Balrampur,39,26
Chhattisgarh,Bastar,407,12
Chhattisgarh,Bemetara,126,38
Chhattisgarh,Bilaspur,12735,508
Chhattisgarh,Dakshin Bastar Dantewada,4,0
Chhattisgarh,Dantewada,1,0
Chhattisgarh,Dhamtari,8,1
Chhattisgarh,Durg,21342,449
Chhattisgarh,Gariyaband,29,1
Chhattisgarh,Janjgir Champa,596,73
Chhattisgarh,Jashpur,15,0
Chhattisgarh,Kanker,532,4
Chhattisgarh,Kawardha,1,0
Chhattisgarh,Kondagaon,3753,54
Chhattisgarh,Korba,1944,25
Chhattisgarh,Koriya,586,20
Chhattisgarh,Mahasamund,4235,151
Chhattisgarh,Mungeli,1690,174
Chhattisgarh,Narayanpur,1412,82
Chhattisgarh,Raigarh,4106,303
Chhattisgarh,Raipur,786,45
Chhattisgarh,Rajnandgaon,12386,272
Chhattisgarh,Sukma,8,0
Chhattisgarh,Surajpur,3,2
Chhattisgarh,Surguja,1232,60
Chhattisgarh,Uttar Bastar Kanker,2614,44
Dadra and Nagar Haveli,Dadra and Nagar Haveli,6,7
Daman and Diu,Daman,11,1
Delhi,Central Delhi,140,38
Delhi,East Delhi,337,113
Delhi,New Delhi,24,5
Delhi,North Delhi,114,37
Delhi,North East,5,51
Delhi,North East Delhi,350,56
Delhi,North West Delhi,493,179
Delhi,South Delhi,307,168
Delhi,South West Delhi,318,74
Delhi,West Delhi,553,79
Goa,North Goa,1,1
Gujarat,Ahmedabad,2623,226
Gujarat,Amreli,8,2
Gujarat,Anand,31,12
Gujarat,Banaskantha,712,69
Gujarat,Bharuch,368,121
Gujarat,Bhavnagar,3430,174
Gujarat,Dahod,84,31
Gujarat,Gandhinagar,652,194
Gujarat,Jamnagar,2414,113
Gujarat,Junagadh,553,60
Gujarat,Kachchh,5064,304
Gujarat,Kheda,21,12
Gujarat,Mahesana,325,10
Gujarat,Narmada,3,1
Gujarat,Navsari,6,21
Gujarat,Panchmahal,7418,454
Gujarat,Patan,1579,34
Gujarat,Porbandar,3,16
Gujarat,Rajkot,314,58
Gujarat,Sabarkantha,10960,201
Gujarat,Surat,2031,112
Gujarat,Surendranagar,43,29
Gujarat,Tapi,284,9
Gujarat,The Dangs,637,48
Gujarat,Vadodara,895,296
Gujarat,Valsad,723,46
Haryana,Ambala,258,50
Haryana,Bhiwani,134,80
Haryana,Faridabad,142,24
Haryana,Fatehabad,101,14
Haryana,Gurgaon,265,69
Haryana,Hisar,575,129
Haryana,Jhajjar,173,24
Haryana,Jind,175,56
Haryana,Kaithal,66,13
Haryana,Karnal,388,50
Haryana,Kurukshetra,227,52
Haryana,Mahendragarh,219,12
Haryana,Mewat,1307,219
Haryana,Palwal,169,39
Haryana,Panchkula,30,5
Haryana,Panipat,73,17
Haryana,Rewari,55,14
Haryana,Rohtak,369,65
Haryana,Sirsa,64,38
Haryana,Sonipat,114,44
Haryana,Yamuna Nagar,517,163
Himachal Pradesh,Bilaspur,12,8
Himachal Pradesh,Chamba,49,6
Himachal Pradesh,Hamirpur,13,4
Himachal Pradesh,Kangra,83,18
Himachal Pradesh,Kinnaur,4,0
Himachal Pradesh,Kullu,7,1
Himachal Pradesh,Mandi,43,13
Himachal Pradesh,Shimla,45,3
Himachal Pradesh,Sirmaur,15,2
Himachal Pradesh,Solan,30,4
Himachal Pradesh,Una,15,8
Jammu and Kashmir,Anantnag,31,6
Jammu and Kashmir,Badgam,19,0
Jammu and Kashmir,Bandipore,26,5
Jammu and Kashmir,Baramula,1158,36
Jammu and Kashmir,Doda,3840,704
Jammu and Kashmir,Jammu,6692,957
Jammu and Kashmir,Kathua,1305,6
Jammu and Kashmir,Kupwara,11007,65
Jammu and Kashmir,Leh,1,0
Jammu and Kashmir,Pulwama,1044,21
Jammu and Kashmir,Punch,11,1
Jammu and Kashmir,Rajouri,24,1
Jammu and Kashmir,Reasi,6,344
Jammu and Kashmir,Srinagar,4,1
Jammu and Kashmir,Udhampur,23,121
Jharkhand,Bokaro,123,46
Jharkhand,Chatra,182,21
Jharkhand,Deoghar,155,9
Jharkhand,Dhanbad,248,54
Jharkhand,Dumka,16,10
Jharkhand,East Singhbhum,260,8
Jharkhand,Garhwa,453,63
Jharkhand,Giridih,147,97
Jharkhand,Godda,264,36
Jharkhand,Gumla,90,16
Jharkhand,Hazaribagh,175,33
Jharkhand,Jamtara,224,7
Jharkhand,Khunti,27,9
Jharkhand,Koderma,659,19
Jharkhand,Latehar,35,8
Jharkhand,Lohardaga,52,28
Jharkhand,Pakur,41,7
Jharkhand,Palamu,2148,420
Jharkhand,Ramgarh,66,11
Jharkhand,Ranchi,223,50
Jharkhand,Sahibganj,27,5
Jharkhand,Seraikela-Kharsawan,94,22
Jharkhand,Simdega,144,11
Jharkhand,West Singhbhum,87,5
Karnataka,Bagalkot,666,122
Karnataka,Bangalore,408,58
Karnataka,Bangalore Rural,9,2
Karnataka,Belgaum,2138,104
Karnataka,Bellary,1904,112
Karnataka,Bidar,50,49
Karnataka,Bijapur,1340,199
Karnataka,Chamarajanagar,130,26
Karnataka,Chikkaballapur,285,91
Karnataka,Chikmagalur,514,11
Karnataka,Chitradurga,602,44
Karnataka,Dakshina Kannada,45,24
Karnataka,Davangere,159,87
Karnataka,Dharwad,362,79
Karnataka,Gadag,30,76
Karnataka,Gulbarga,792,263
Karnataka,Hassan,1593,68
Karnataka,Haveri,511,328
Karnataka,Kodagu,33,194
Karnataka,Kolar,651,132
Karnataka,Koppal,581,40
Karnataka,Mandya,1332,136
Karnataka,Mysore,355,148
Karnataka,Raichur,1013,111
Karnataka,Ramanagar,47,3
Karnataka,Shimoga,943,54
Karnataka,Tumkur,798,36
Karnataka,Udupi,665,417
Karnataka,Uttara Kannada,18,5
Karnataka,Yadgir,1484,62
Kerala,Alappuzha,289,20
Kerala,Ernakulam,195,18
Kerala,Idukki,112,10
Kerala,Kannur,382,42
Kerala,Kasaragod,314,34
Kerala,Kollam,287,35
Kerala,Kottayam,218,14
Kerala,Kozhikode,642,58
Kerala,Malappuram,453,63
Kerala,Palakkad,863,67
Kerala,Pathanamthitta,170,7
Kerala,Thiruvananthapuram,523,45
Kerala,Thrissur,667,38
Kerala,Wayanad,275,17
Lakshadweep,Lakshadweep,2,0
Madhya Pradesh,Alirajpur,175,31
Madhya Pradesh,Anuppur,14,8
Madhya Pradesh,Ashok Nagar,168,15
Madhya Pradesh,Balaghat,60,18
Madhya Pradesh,Barwani,398,144
Madhya Pradesh,Betul,206,26
Madhya Pradesh,Bhind,471,85
Madhya Pradesh,Bhopal,411,80
Madhya Pradesh,Burhanpur,8,6
Madhya Pradesh,Chhatarpur,60,51
Madhya Pradesh,Chhindwara,950,117
Madhya Pradesh,Damoh,491,83
Madhya Pradesh,Datia,198,69
Madhya Pradesh,Dewas,390,33
Madhya Pradesh,Dhar,443,19
Madhya Pradesh,Dindori,110,42
Madhya Pradesh,Guna,216,78
Madhya Pradesh,Gwalior,253,30
Madhya Pradesh,Harda,18,38
Madhya Pradesh,Hoshangabad,61,25
Madhya Pradesh,Indore,624,77
Madhya Pradesh,Jabalpur,620,127
Madhya Pradesh,Jhabua,126,10
Madhya Pradesh,Katni,37,16
Madhya Pradesh,Khandwa,17,10
Madhya Pradesh,Khargone,356,48
Madhya Pradesh,Mandla,234,46
Madhya Pradesh,Mandsaur,265,38
Madhya Pradesh,Morena,455,41
Madhya Pradesh,Narsinghpur,115,31
Madhya Pradesh,Neemuch,61,14
Madhya Pradesh,Panna,39,25
Madhya Pradesh,Raisen,122,35
Madhya Pradesh,Rajgarh,1007,140
Madhya Pradesh,Ratlam,237,59
Madhya Pradesh,Rewa,135,24
Madhya Pradesh,Sagar,485,196
Madhya Pradesh,Satna,210,30
Madhya Pradesh,Sehore,521,24
Madhya Pradesh,Seoni,542,53
Madhya Pradesh,Shahdol,497,68
Madhya Pradesh,Shajapur,236,29
Madhya Pradesh,Sheopur,173,6
Madhya Pradesh,Shivpuri,391,29
Madhya Pradesh,Sidhi,78,23
Madhya Pradesh,Singrauli,25,11
Madhya Pradesh,Tikamgarh,202,31
Madhya Pradesh,Ujjain,211,32
Madhya Pradesh,Umaria,19,11
Madhya Pradesh,Vidisha,60,33
Maharashtra,Ahmednagar,185,37
Maharashtra,Akola,80,16
Maharashtra,Amravati,211,92
Maharashtra,Aurangabad,708,42
Maharashtra,Beed,472,32
Maharashtra,Bhandara,119,22
Maharashtra,Buldhana,336,35
Maharashtra,Chandrapur,499,74
Maharashtra,Dhule,332,261
Maharashtra,Gadchiroli,67,7
Maharashtra,Gondia,15,23
Maharashtra,Hingoli,173,30
Maharashtra,Jalgaon,493,98
Maharashtra,Jalna,181,36
Maharashtra,Kolhapur,417,42
Maharashtra,Latur,261,57
Maharashtra,Mumbai,835,66
Maharashtra,Nagpur,446,123
Maharashtra,Nanded,331,46
Maharashtra,Nandurbar,809,60
Maharashtra,Nashik,549,103
Maharashtra,Osmanabad,228,50
Maharashtra,Parbhani,324,33
Maharashtra,Pune,667,86
Maharashtra,Raigad,171,20
Maharashtra,Ratnagiri,396,29
Maharashtra,Sangli,282,23
Maharashtra,Satara,124,30
Maharashtra,Sindhudurg,57,5
Maharashtra,Solapur,905,179
Maharashtra,Thane,634,74
Maharashtra,Wardha,45,17
Maharashtra,Washim,646,22
Maharashtra,Yavatmal,2506,116
Manipur,Bishnupur,1,1
Manipur,Chandel,1,0
Manipur,Churachandpur,0,4
Manipur,Imphal East,83,1
Manipur,Imphal West,73,5
Manipur,Senapati,3,0
Manipur,Thoubal,2,0
Manipur,Ukhrul,3,0
Meghalaya,East Khasi Hills,2,2
Mizoram,Aizawl,6,1
Mizoram,Kolasib,119,3
Mizoram,Lawngtlai,32,2
Mizoram,Lunglei,77,0
Mizoram,Saiha,277,3
Mizoram,Serchhip,12,6
Nagaland,Dimapur,2,1
Nagaland,Tuensang,1,0
Odisha,Angul,2,1
Odisha,Anugul,34,0
Odisha,Balangir,97,21
Odisha,Baleswar,21,6
Odisha,Bargarh,1130,570
Odisha,Bhadrak,80,57
Odisha,Boudh,1,0
Odisha,Cuttack,339,153
Odisha,Debagarh,6,1
Odisha,Dhenkanal,8,2
Odisha,Gajapati,5,0
Odisha,Ganjam,8036,4878
Odisha,Jagatsinghapur,31,3
Odisha,Jajapur,31,11
Odisha,Jharsuguda,177,157
Odisha,Kalahandi,8904,2265
Odisha,Kandhamal,5,3
Odisha,Kendrapara,79,63
Odisha,Kendujhar,5,1
Odisha,Khorda,950,3087
Odisha,Khordha,1,0
Odisha,Koraput,153,0
Odisha,Malkangiri,8182,3917
Odisha,Mayurbhanj,15,7
Odisha,Nabarangapur,2,0
Odisha,Nayagarh,19,3
Odisha,Nuapada,20,0
Odisha,Puri,104,11
Odisha,Sambalpur,3,143
Odisha,Sonapur,4,0
Odisha,Sundergarh,16,32
Others,Others,11,8100
Puducherry,Karaikal,130,18
Puducherry,Puducherry,158,6
Punjab,Amritsar,600,97
Punjab,Barnala,184,59
Punjab,Bathinda,596,64
Punjab,Faridkot,59,8
Punjab,Fatehgarh Sahib,94,16
Punjab,Fazilka,78,346
Punjab,Firozpur,1510,39
Punjab,Gurdaspur,208,47
Punjab,Hoshiarpur,164,31
Punjab,Jalandhar,158,27
Punjab,Kapurthala,138,12
Punjab,Ludhiana,830,143
Punjab,Mansa,156,25
Punjab,Moga,140,30
Punjab,Muktsar,13,0
Punjab,Pathankot,77,18
Punjab,Patiala,98,27
Punjab,Rupnagar,123,3
Punjab,SAS Nagar (Mohali),181,27
Punjab,Sangrur,143,43
Punjab,Shaheed Bhagat Singh Nagar,129,13
Punjab,Sri Muktsar Sahib,72,28
Punjab,Tarn Taran,73,29
Rajasthan,Ajmer,142,49
Rajasthan,Alwar,278,75
Rajasthan,Banswara,337,59
Rajasthan,Baran,29,5
Rajasthan,Barmer,107,43
Rajasthan,Bharatpur,2185,84
Rajasthan,Bhilwara,25,32
Rajasthan,Bikaner,158,32
Rajasthan,Bundi,281,15
Rajasthan,Chittorgarh,26,36
Rajasthan,Churu,159,69
Rajasthan,Dausa,111,13
Rajasthan,Dholpur,28,13
Rajasthan,Dungarpur,117,4
Rajasthan,Ganganagar,264,20
Rajasthan,Hanumangarh,140,14
Rajasthan,Jaipur,229,42
Rajasthan,Jaisalmer,402,3
Rajasthan,Jalor,11,12
Rajasthan,Jhalawar,227,3
Rajasthan,Jhunjhunu,226,40
Rajasthan,Jodhpur,310,51
Rajasthan,Karauli,32,10
Rajasthan,Kota,128,21
Rajasthan,Nagaur,546,35
Rajasthan,Pali,282,21
Rajasthan,Pratapgarh,141,11
Rajasthan,Rajsamand,7,8
Rajasthan,Sawai Madhopur,343,11
Rajasthan,Sikar,332,49
Rajasthan,Sirohi,4,9
Rajasthan,Tonk,312,21
Rajasthan,Udaipur,101,16
Sikkim,East Sikkim,23,1
Sikkim,South Sikkim,8,4
Sikkim,West Sikkim,4,0
Tamil Nadu,Ariyalur,2,1
Tamil Nadu,Chennai,90,8
Tamil Nadu,Coimbatore,54,3
Tamil Nadu,Cuddalore,60,4
Tamil Nadu,Dharmapuri,5,1
Tamil Nadu,Dindigul,4,0
Tamil Nadu,Erode,2,1
Tamil Nadu,Kancheepuram,2531,22
Tamil Nadu,Kanchipuram,5,0
Tamil Nadu,Kanyakumari,5,0
Tamil Nadu,Krishnagiri,11,1
Tamil Nadu,Madurai,14,2
Tamil Nadu,Nagapattinam,8,0
Tamil Nadu,Namakkal,2,0
Tamil Nadu,Perambalur,5,0
Tamil Nadu,Pudukkottai,3,1
Tamil Nadu,Ramanathapuram,5,0
Tamil Nadu,Salem,2,0
Tamil Nadu,Sivaganga,2,0
Tamil Nadu,Thanjavur,1,2
Tamil Nadu,The Nilgiris,2,1
Tamil Nadu,Theni,6,1
Tamil Nadu,Thiruvarur,1,1
Tamil Nadu,Thoothukudi,6,0
Tamil Nadu,Tiruchirappalli,9,22
Tamil Nadu,Tirunelveli,20,2
Tamil Nadu,Tirupur,11,2
Tamil Nadu,Tiruvallur,19,15
Tamil Nadu,Tiruvannamalai,10,2
Tamil Nadu,Tiruvarur,10,0
Tamil Nadu,Vellore,20,12
Tamil Nadu,Viluppuram,769,13
Tamil Nadu,Virudhunagar,6,2
Tripura,Dhalai,3,1
Tripura,Gomati,176,10
Tripura,Khowai,0,1
Tripura,North Tripura,31,10
Tripura,Sepahijala,369,11
Tripura,South Tripura,34,15
Tripura,Unakoti,8,1
Tripura,West Tripura,93,13
Uttar Pradesh,Agra,19093,1143
Uttar Pradesh,Aligarh,4817,260
Uttar Pradesh,Allahabad,11317,532
Uttar Pradesh,Ambedkar Nagar,11444,296
Uttar Pradesh,Amethi,96,8
Uttar Pradesh,Amroha,7497,205
Uttar Pradesh,Auraiya,1069,118
Uttar Pradesh,Azamgarh,4673,181
Uttar Pradesh,Baghpat,7685,199
Uttar Pradesh,Bahraich,1326,130
Uttar Pradesh,Ballia,8955,520
Uttar Pradesh,Balrampur,558,10
Uttar Pradesh,Banda,176,43
Uttar Pradesh,Barabanki,7916,337
Uttar Pradesh,Bareilly,10404,558
Uttar Pradesh,Basti,3217,232
Uttar Pradesh,Bijnor,18721,474
Uttar Pradesh,Budaun,2311,81
Uttar Pradesh,Bulandshahr,3543,264
Uttar Pradesh,Chandauli,284,60
Uttar Pradesh,Chitrakoot,54,5
Uttar Pradesh,Deoria,5518,195
Uttar Pradesh,Etah,4590,85
Uttar Pradesh,Etawah,766,15
Uttar Pradesh,Faizabad,5622,139
Uttar Pradesh,Farrukhabad,3567,69
Uttar Pradesh,Fatehpur,2618,108
Uttar Pradesh,Firozabad,4272,238
Uttar Pradesh,Gautam Buddha Nagar,5178,283
Uttar Pradesh,Ghaziabad,9374,866
Uttar Pradesh,Ghazipur,3864,202
Uttar Pradesh,Gonda,711,30
Uttar Pradesh,Gorakhpur,10672,225
Uttar Pradesh,Hamirpur,197,41
Uttar Pradesh,Hapur,912,446
Uttar Pradesh,Hardoi,994,79
Uttar Pradesh,Hathras,1485,172
Uttar Pradesh,Jalaun,2739,101
Uttar Pradesh,Jaunpur,3533,126
Uttar Pradesh,Jhansi,1627,316
Uttar Pradesh,Kannauj,1857,124
Uttar Pradesh,Kanpur Dehat,3308,278
Uttar Pradesh,Kanpur Nagar,6757,704
Uttar Pradesh,Kasganj,5042,141
Uttar Pradesh,Kaushambi,1163,30
Uttar Pradesh,Kheri,2849,375
Uttar Pradesh,Kushinagar,3952,177
Uttar Pradesh,Lalitpur,1275,84
Uttar Pradesh,Lucknow,15525,1304
Uttar Pradesh,Maharajganj,2891,132
Uttar Pradesh,Mahoba,23,6
Uttar Pradesh,Mainpuri,551,127
Uttar Pradesh,Mathura,14869,405
Uttar Pradesh,Mau,5509,168
Uttar Pradesh,Meerut,4792,450
Uttar Pradesh,Mirzapur,6822,431
Uttar Pradesh,Moradabad,10820,896
Uttar Pradesh,Muzaffarnagar,2776,197
Uttar Pradesh,Pilibhit,1723,161
Uttar Pradesh,Pratapgarh,775,179
Uttar Pradesh,Raebareli,134,31
Uttar Pradesh,Rampur,3894,276
Uttar Pradesh,Saharanpur,10691,288
Uttar Pradesh,Sambhal,6196,268
Uttar Pradesh,Sant Kabir Nagar,53,14
Uttar Pradesh,Sant Ravidas Nagar,3771,69
Uttar Pradesh,Shahjahanpur,83,11
Uttar Pradesh,Shamli,4030,196
Uttar Pradesh,Shrawasti,120,8
Uttar Pradesh,Siddharthnagar,1150,59
Uttar Pradesh,Sitapur,9968,289
Uttar Pradesh,Sonbhadra,2494,69
Uttar Pradesh,Sultanpur,2869,120
Uttar Pradesh,Unnao,8804,338
Uttar Pradesh,Varanasi,11537,550
Uttarakhand,Almora,310,27
Uttarakhand,Bageshwar,598,12
Uttarakhand,Chamoli,61,7
Uttarakhand,Champawat,47,4
Uttarakhand,Dehradun,13446,830
Uttarakhand,Garhwal,1,0
Uttarakhand,Haridwar,5324,163
Uttarakhand,Nainital,1576,51
Uttarakhand,Pauri Garhwal,366,37
Uttarakhand,Pithoragarh,73,16
Uttarakhand,Rudraprayag,31,0
Uttarakhand,Tehri Garhwal,41,3
Uttarakhand,Udham Singh Nagar,12822,604
Uttarakhand,Uttarkashi,37,2
West Bengal,Bankura,14137,118
West Bengal,Bardhaman,5876,1075
West Bengal,Birbhum,5171,57
West Bengal,Cooch Behar,36,4
West Bengal,Dakshin Dinajpur,1,0
West Bengal,Darjeeling,861,215
West Bengal,East Midnapore,24613,12
West Bengal,Hooghly,9213,331
West Bengal,Howrah,18,7
West Bengal,Jalpaiguri,11185,260
West Bengal,Kolkata,449,5
West Bengal,Malda,86,17
West Bengal,Murshidabad,2984,15
West Bengal,Nadia,37722,144
West Bengal,North 24 Parganas,2329,133
West Bengal,North Dinajpur,26239,1032
West Bengal,Purulia,5104,184
West Bengal,South 24 Parganas,9355,268
West Bengal,South Dinajpur,571,13
West Bengal,South Twenty Four Parganas,1,0
West Bengal,West Midnapore,21657,813
