State,District,Aadhaar generated,Enrolment Rejected
Andhra Pradesh,Adilabad,161,176
Andhra Pradesh,Ananthapur,502,579
Andhra Pradesh,Chittoor,115,179
Andhra Pradesh,Cuddapah,632,110
Andhra Pradesh,East Godavari,170,108
Andhra Pradesh,Guntur,49,76
Andhra Pradesh,Hyderabad,55,22
Andhra Pradesh,Karimnagar,269,230
Andhra Pradesh,Khammam,155,165
Andhra Pradesh,Krishna,235,56
Andhra Pradesh,Kurnool,88,741
Andhra Pradesh,Mahbubnagar,592,657
Andhra Pradesh,Medak,87,75
Andhra Pradesh,Nalgonda,155,106
Andhra Pradesh,Nellore,1916,376
Andhra Pradesh,Nizamabad,134,134
Andhra Pradesh,Prakasam,201,194
Andhra Pradesh,Ranga Reddy,144,174
Andhra Pradesh,Srikakulam,61,87
Andhra Pradesh,Visakhapatnam,318,146
Andhra Pradesh,Vizianagaram,422,251
Andhra Pradesh,Warangal,207,237
Andhra Pradesh,West Godavari,308,150
Arunachal Pradesh,Changlang,1,0
Assam,Barpeta,5,0
Assam,Cachar,8,1
Assam,Chirang,1,0
Assam,Dhubri,1,0
Assam,Goalpara,2,0
Assam,Golaghat,2,0
Assam,Hailakandi,6,0
Assam,Kamrup,3,0
Assam,Kamrup Metro,2,0
Assam,Karimganj,13,0
Assam,Kokrajhar,1,0
Assam,Lakhimpur,2,0
Assam,Nagaon,10,0
Assam,Sonitpur,2,0
Assam,Tinsukia,2,0
Assam,Udalguri,7,0
Bihar,Araria,145,2
Bihar,Arwal,13,1
Bihar,Aurangabad,155,43
Bihar,Banka,2031,98
Bihar,Begusarai,504,36
Bihar,Bhagalpur,2145,44
Bihar,Bhojpur,174,32
Bihar,Buxar,286,7
Bihar,Darbhanga,192,9
Bihar,East Champaran,1343,39
Bihar,Gaya,1476,85
Bihar,Gopalganj,753,78
Bihar,Jamui,275,4
Bihar,Jehanabad,136,33
Bihar,Kaimur (Bhabua),21,0
Bihar,Katihar,49,13
Bihar,Khagaria,44,0
Bihar,Kishanganj,27,2
Bihar,Lakhisarai,59,7
Bihar,Madhepura,35,1
Bihar,Madhubani,1492,88
Bihar,Munger,2117,56
Bihar,Muzaffarpur,1014,249
Bihar,Nalanda,49,8
Bihar,Nawada,1306,9
Bihar,Patna,7521,757
Bihar,Purnia,2223,111
Bihar,Rohtas,269,53
Bihar,Saharsa,132,24
Bihar,Samastipur,407,39
Bihar,Saran,3521,155
Bihar,Sheikhpura,9,1
Bihar,Sheohar,8,2
Bihar,Sitamarhi,1793,24
Bihar,Siwan,353,29
Bihar,Supaul,365,21
Bihar,Vaishali,941,9
Bihar,West Champaran,1917,102
Chandigarh,Chandigarh,29,5
Chhattisgarh,Balod,78,15
Chhattisgarh,Baloda Bazar,3122,94
Chhattisgarh,Balrampur,1,5
Chhattisgarh,Bastar,692,41
Chhattisgarh,Bemetara,66,2
Chhattisgarh,Bilaspur,2618,203
Chhattisgarh,Dakshin Bastar Dantewada,5,0
Chhattisgarh,Dhamtari,10,4
Chhattisgarh,Durg,9373,269
Chhattisgarh,Gariyaband,32,1
Chhattisgarh,Janjgir Champa,35,2
Chhattisgarh,Jashpur,39,0
Chhattisgarh,Kanker,61,2
Chhattisgarh,Kawardha,56,0
Chhattisgarh,Kondagaon,3136,61
Chhattisgarh,Korba,68,6
Chhattisgarh,Koriya,284,1
Chhattisgarh,Mahasamund,3419,43
Chhattisgarh,Mungeli,4367,94
Chhattisgarh,Narayanpur,1185,30
Chhattisgarh,Raigarh,1711,132
Chhattisgarh,Raipur,155,20
Chhattisgarh,Rajnandgaon,5537,116
Chhattisgarh,Sukma,1,0
Chhattisgarh,Surguja,817,18
Chhattisgarh,Uttar Bastar Kanker,1391,10
Dadra and Nagar Haveli,Dadra and Nagar Haveli,2,3
Daman and Diu,Daman,4,2
Daman and Diu,Diu,0,1
Delhi,Central Delhi,95,19
Delhi,East Delhi,185,97
Delhi,New Delhi,7,3
Delhi,North Delhi,43,81
Delhi,North East,1,344
Delhi,North East Delhi,119,36
Delhi,North West Delhi,151,403
Delhi,South Delhi,97,72
Delhi,South West Delhi,95,23
Delhi,West Delhi,66,24
Goa,South Goa,1,2
Gujarat,Ahmedabad,125,79
Gujarat,Amreli,7,6
Gujarat,Anand,31,9
Gujarat,Banaskantha,237,14
Gujarat,Bharuch,124,80
Gujarat,Bhavnagar,1309,34
Gujarat,Dahod,54,80
Gujarat,Gandhinagar,420,18
Gujarat,Jamnagar,366,26
Gujarat,Junagadh,2870,47
Gujarat,Kachchh,1217,100
Gujarat,Kheda,439,46
Gujarat,Mahesana,390,22
Gujarat,Narmada,4,11
Gujarat,Navsari,992,32
Gujarat,Panchmahal,514,92
Gujarat,Patan,102,3
Gujarat,Porbandar,58,4
Gujarat,Rajkot,23,25
Gujarat,Sabarkantha,3427,250
Gujarat,Surat,308,81
Gujarat,Surendranagar,22,32
Gujarat,Tapi,147,3
Gujarat,The Dangs,334,50
Gujarat,Vadodara,267,70
Gujarat,Valsad,496,46
Haryana,Ambala,68,12
Haryana,Bhiwani,23,22
Haryana,Faridabad,63,16
Haryana,Fatehabad,12,7
Haryana,Gurgaon,54,19
Haryana,Hisar,262,32
Haryana,Jhajjar,22,20
Haryana,Jind,21,10
Haryana,Kaithal,16,5
Haryana,Karnal,125,17
Haryana,Kurukshetra,22,17
Haryana,Mahendragarh,8,2
Haryana,Mewat,187,31
Haryana,Palwal,140,19
Haryana,Panchkula,16,5
Haryana,Panipat,167,14
Haryana,Rewari,6,6
Haryana,Rohtak,30,11
Haryana,Sirsa,27,5
Haryana,Sonipat,40,26
Haryana,Yamuna Nagar,178,96
Himachal Pradesh,Bilaspur,1,3
Himachal Pradesh,Chamba,9,2
Himachal Pradesh,Hamirpur,5,0
Himachal Pradesh,Kangra,15,3
Himachal Pradesh,Kinnaur,1,0
Himachal Pradesh,Kullu,62,2
Himachal Pradesh,Lahul and Spiti,3,0
Himachal Pradesh,Mandi,44,5
Himachal Pradesh,Shimla,17,4
Himachal Pradesh,Sirmaur,7,2
Himachal Pradesh,Solan,11,3
Himachal Pradesh,Una,0,3
Jammu and Kashmir,Anantnag,92,9
Jammu and Kashmir,Badgam,202,5
Jammu and Kashmir,Bandipore,591,6
Jammu and Kashmir,Baramula,2653,39
Jammu and Kashmir,Doda,89,1
Jammu and Kashmir,Jammu,444,8
Jammu and Kashmir,Kathua,0,3
Jammu and Kashmir,Kupwara,52,5
Jammu and Kashmir,Pulwama,3436,7
Jammu and Kashmir,Punch,0,1
Jammu and Kashmir,Rajouri,2,0
Jammu and Kashmir,Reasi,28,9
Jammu and Kashmir,Srinagar,5,0
Jammu and Kashmir,Udhampur,56,21
Jharkhand,Bokaro,64,12
Jharkhand,Chatra,109,25
Jharkhand,Deoghar,46,7
Jharkhand,Dhanbad,69,35
Jharkhand,Dumka,58,4
Jharkhand,East Singhbhum,71,18
Jharkhand,Garhwa,31,37
Jharkhand,Giridih,165,24
Jharkhand,Godda,19,19
Jharkhand,Gumla,62,5
Jharkhand,Hazaribagh,114,10
Jharkhand,Jamtara,7,8
Jharkhand,Khunti,25,6
Jharkhand,Koderma,81,7
Jharkhand,Latehar,5,7
Jharkhand,Lohardaga,2,5
Jharkhand,Pakur,4,4
Jharkhand,Palamu,28,25
Jharkhand,Ramgarh,64,9
Jharkhand,Ranchi,133,50
Jharkhand,Sahibganj,6,2
Jharkhand,Seraikela-Kharsawan,4,0
Jharkhand,Simdega,63,0
Jharkhand,West Singhbhum,84,11
Karnataka,Bagalkot,63,173
Karnataka,Bangalore,351,61
Karnataka,Bangalore Rural,28,4
Karnataka,Belgaum,153,28
Karnataka,Bellary,118,185
Karnataka,Bidar,6,44
Karnataka,Bijapur,850,123
Karnataka,Bijapur(KAR),0,7
Karnataka,Chamarajanagar,27,25
Karnataka,Chikkaballapur,225,88
Karnataka,Chikmagalur,29,10
Karnataka,Chitradurga,210,74
Karnataka,Davangere,48,82
Karnataka,Dharwad,23,99
Karnataka,Gadag,1,3
Karnataka,Gulbarga,54,114
Karnataka,Hassan,962,38
Karnataka,Haveri,46,242
Karnataka,Kodagu,2,1
Karnataka,Kolar,749,78
Karnataka,Koppal,231,36
Karnataka,Mandya,455,45
Karnataka,Mysore,26,22
Karnataka,Raichur,647,113
Karnataka,Ramanagar,13,5
Karnataka,Shimoga,178,32
Karnataka,Tumkur,15,63
Karnataka,Udupi,7,5
Karnataka,Uttara Kannada,661,45
Karnataka,Yadgir,238,89
Kerala,Alappuzha,95,17
Kerala,Ernakulam,205,24
Kerala,Idukki,171,26
Kerala,Kannur,305,18
Kerala,Kasaragod,150,14
Kerala,Kollam,245,87
Kerala,Kottayam,107,19
Kerala,Kozhikode,238,75
Kerala,Malappuram,372,55
Kerala,Palakkad,167,24
Kerala,Pathanamthitta,68,11
Kerala,Thiruvananthapuram,147,29
Kerala,Thrissur,97,14
Kerala,Wayanad,100,4
Madhya Pradesh,Alirajpur,60,8
Madhya Pradesh,Anuppur,7,1
Madhya Pradesh,Ashok Nagar,256,11
Madhya Pradesh,Balaghat,53,14
Madhya Pradesh,Barwani,241,50
Madhya Pradesh,Betul,36,15
Madhya Pradesh,Bhind,124,17
Madhya Pradesh,Bhopal,31,19
Madhya Pradesh,Burhanpur,3,1
Madhya Pradesh,Chhatarpur,103,27
Madhya Pradesh,Chhindwara,116,22
Madhya Pradesh,Damoh,354,34
Madhya Pradesh,Datia,46,17
Madhya Pradesh,Dewas,556,45
Madhya Pradesh,Dhar,306,28
Madhya Pradesh,Dindori,49,29
Madhya Pradesh,Guna,898,71
Madhya Pradesh,Gwalior,249,27
Madhya Pradesh,Harda,10,4
Madhya Pradesh,Hoshangabad,99,12
Madhya Pradesh,Indore,38,6
Madhya Pradesh,Jabalpur,578,115
Madhya Pradesh,Jhabua,93,8
Madhya Pradesh,Katni,66,11
Madhya Pradesh,Khandwa,6,6
Madhya Pradesh,Khargone,112,20
Madhya Pradesh,Mandla,173,38
Madhya Pradesh,Mandsaur,16,47
Madhya Pradesh,Morena,224,19
Madhya Pradesh,Narsinghpur,50,15
Madhya Pradesh,Neemuch,1,3
Madhya Pradesh,Panna,25,7
Madhya Pradesh,Raisen,39,14
Madhya Pradesh,Rajgarh,109,21
Madhya Pradesh,Ratlam,181,78
Madhya Pradesh,Rewa,40,10
Madhya Pradesh,Sagar,181,29
Madhya Pradesh,Satna,79,49
Madhya Pradesh,Sehore,72,16
Madhya Pradesh,Seoni,108,21
Madhya Pradesh,Shahdol,187,8
Madhya Pradesh,Shajapur,84,9
Madhya Pradesh,Sheopur,29,8
Madhya Pradesh,Shivpuri,1560,61
Madhya Pradesh,Sidhi,12,10
Madhya Pradesh,Singrauli,40,3
Madhya Pradesh,Tikamgarh,67,14
Madhya Pradesh,Ujjain,247,23
Madhya Pradesh,Umaria,25,6
Madhya Pradesh,Vidisha,291,31
Maharashtra,Ahmednagar,41,28
Maharashtra,Akola,227,15
Maharashtra,Amravati,74,50
Maharashtra,Aurangabad,326,32
Maharashtra,Beed,535,36
Maharashtra,Bhandara,2,6
Maharashtra,Buldhana,112,13
Maharashtra,Chandrapur,7,11
Maharashtra,Dhule,74,32
Maharashtra,Gadchiroli,122,31
Maharashtra,Gondia,38,6
Maharashtra,Hingoli,116,12
Maharashtra,Jalgaon,477,75
Maharashtra,Jalna,339,42
Maharashtra,Kolhapur,221,23
Maharashtra,Latur,139,46
Maharashtra,Mumbai,216,52
Maharashtra,Nagpur,28,42
Maharashtra,Nanded,144,23
Maharashtra,Nandurbar,3,6
Maharashtra,Nashik,146,38
Maharashtra,Osmanabad,109,8
Maharashtra,Parbhani,160,23
Maharashtra,Pune,123,51
Maharashtra,Raigad,45,6
Maharashtra,Ratnagiri,124,8
Maharashtra,Sangli,18,10
Maharashtra,Satara,84,23
Maharashtra,Sindhudurg,3,1
Maharashtra,Solapur,281,55
Maharashtra,Thane,734,47
Maharashtra,Wardha,0,3
Maharashtra,Washim,154,9
Maharashtra,Yavatmal,442,42
Manipur,Chandel,1,0
Manipur,Churachandpur,117,11
Manipur,Imphal East,1,0
Manipur,Imphal West,1,2
Mizoram,Aizawl,22,0
Mizoram,Kolasib,9,1
Mizoram,Lunglei,90,1
Mizoram,Mammit,2,0
Nagaland,Kohima,1,0
Nagaland,Mon,1,0
Odisha,Angul,0,1
Odisha,Anugul,0,2
Odisha,Balangir,194,41
Odisha,Baleswar,6,2
Odisha,Bargarh,5,3
Odisha,Baudh,140,3
Odisha,Bhadrak,1,15
Odisha,Boudh,4,0
Odisha,Cuttack,18,36
Odisha,Debagarh,55,4
Odisha,Dhenkanal,3,0
Odisha,Gajapati,1,0
Odisha,Ganjam,31,37
Odisha,Jagatsinghapur,5,6
Odisha,Jajapur,1,12
Odisha,Jharsuguda,2617,495
Odisha,Kalahandi,2,0
Odisha,Kandhamal,0,1
Odisha,Kendrapara,19,3
Odisha,Kendujhar,0,2
Odisha,Khorda,126,12
Odisha,Khordha,2,5
Odisha,Koraput,1,1
Odisha,Malkangiri,13,43
Odisha,Mayurbhanj,7,6
Odisha,Nabarangapur,1,0
Odisha,Nayagarh,1,13
Odisha,Nuapada,2,0
Odisha,Puri,5,9
Odisha,Rayagada,1,1
Odisha,Sambalpur,302,92
Odisha,Sonapur,2,0
Odisha,Sundergarh,8032,946
Others,Others,1,142
Puducherry,Karaikal,30,3
Puducherry,Puducherry,28,6
Punjab,Amritsar,114,25
Punjab,Barnala,44,12
Punjab,Bathinda,75,11
Punjab,Faridkot,84,7
Punjab,Fatehgarh Sahib,7,2
Punjab,Fazilka,79,8
Punjab,Firozpur,33,6
Punjab,Gurdaspur,55,13
Punjab,Hoshiarpur,101,20
Punjab,Jalandhar,74,17
Punjab,Kapurthala,133,13
Punjab,Ludhiana,389,54
Punjab,Mansa,30,7
Punjab,Moga,107,3
Punjab,Pathankot,16,3
Punjab,Patiala,167,34
Punjab,Rupnagar,80,5
Punjab,SAS Nagar (Mohali),49,6
Punjab,Sangrur,24,17
Punjab,Shaheed Bhagat Singh Nagar,76,5
Punjab,Sri Muktsar Sahib,14,8
Punjab,Tarn Taran,98,26
Rajasthan,Ajmer,28,9
Rajasthan,Alwar,180,18
Rajasthan,Banswara,141,57
Rajasthan,Baran,58,7
Rajasthan,Barmer,45,17
Rajasthan,Bharatpur,559,11
Rajasthan,Bhilwara,106,15
Rajasthan,Bikaner,73,9
Rajasthan,Bundi,20,6
Rajasthan,Chittorgarh,23,7
Rajasthan,Churu,31,14
Rajasthan,Dausa,3,4
Rajasthan,Dholpur,7,391
Rajasthan,Dungarpur,9,11
Rajasthan,Ganganagar,131,14
Rajasthan,Hanumangarh,42,7
Rajasthan,Jaipur,347,40
Rajasthan,Jaisalmer,2,2
Rajasthan,Jalor,3,1
Rajasthan,Jhalawar,8,17
Rajasthan,Jhunjhunu,68,14
Rajasthan,Jodhpur,89,18
Rajasthan,Karauli,18,3
Rajasthan,Kota,55,16
Rajasthan,Nagaur,103,13
Rajasthan,Pali,77,13
Rajasthan,Pratapgarh,11,2
Rajasthan,Rajsamand,1,6
Rajasthan,Sawai Madhopur,92,10
Rajasthan,Sikar,62,13
Rajasthan,Sirohi,1,2
Rajasthan,Tonk,14,3
Rajasthan,Udaipur,44,13
Sikkim,East Sikkim,2,0
Sikkim,North Sikkim,15,0
Sikkim,South Sikkim,60,0
Sikkim,West Sikkim,17,1
Tamil Nadu,Chennai,6,28
Tamil Nadu,Coimbatore,321,139
Tamil Nadu,Cuddalore,1,3
Tamil Nadu,Dharmapuri,1,11
Tamil Nadu,Dindigul,0,4
Tamil Nadu,Erode,242,59
Tamil Nadu,Kancheepuram,900,14
Tamil Nadu,Kanyakumari,19,0
Tamil Nadu,Krishnagiri,2,0
Tamil Nadu,Madurai,0,4
Tamil Nadu,Nagapattinam,0,1
Tamil Nadu,Namakkal,1,0
Tamil Nadu,Perambalur,1,3
Tamil Nadu,Pudukkottai,0,3
Tamil Nadu,Ramanathapuram,1,1
Tamil Nadu,Salem,1,8
Tamil Nadu,Sivaganga,2,2
Tamil Nadu,Thanjavur,1,3
Tamil Nadu,The Nilgiris,0,1
Tamil Nadu,Theni,1,4
Tamil Nadu,Thoothukudi,27,3
Tamil Nadu,Tiruchirappalli,0,2
Tamil Nadu,Tirunelveli,1,3
Tamil Nadu,Tiruvallur,166,190
Tamil Nadu,Tiruvannamalai,13,9
Tamil Nadu,Vellore,7,70
Tamil Nadu,Viluppuram,8,3
Tamil Nadu,Virudhunagar,1,0
Tripura,Gomati,7,2
Tripura,Khowai,2,1
Tripura,North Tripura,0,8
Tripura,Sepahijala,16,6
Tripura,South Tripura,9,11
Tripura,Unakoti,18,4
Tripura,West Tripura,21,0
Uttar Pradesh,Agra,4547,582
Uttar Pradesh,Aligarh,2570,117
Uttar Pradesh,Allahabad,3883,234
Uttar Pradesh,Ambedkar Nagar,1266,67
Uttar Pradesh,Amethi,54,27
Uttar Pradesh,Amroha,8118,200
Uttar Pradesh,Auraiya,150,20
Uttar Pradesh,Azamgarh,1200,42
Uttar Pradesh,Baghpat,675,28
Uttar Pradesh,Bahraich,234,97
Uttar Pradesh,Ballia,2240,140
Uttar Pradesh,Balrampur,12,19
Uttar Pradesh,Banda,3937,41
Uttar Pradesh,Barabanki,2640,438
Uttar Pradesh,Bareilly,285,189
Uttar Pradesh,Basti,1617,50
Uttar Pradesh,Bijnor,4898,165
Uttar Pradesh,Budaun,221,25
Uttar Pradesh,Bulandshahr,7549,107
Uttar Pradesh,Chandauli,1021,19
Uttar Pradesh,Chitrakoot,13,7
Uttar Pradesh,Deoria,4168,104
Uttar Pradesh,Etah,585,70
Uttar Pradesh,Etawah,35,23
Uttar Pradesh,Faizabad,1066,75
Uttar Pradesh,Farrukhabad,1239,16
Uttar Pradesh,Fatehpur,254,17
Uttar Pradesh,Firozabad,1445,57
Uttar Pradesh,Gautam Buddha Nagar,2409,127
Uttar Pradesh,Ghaziabad,10873,441
Uttar Pradesh,Ghazipur,530,46
Uttar Pradesh,Gonda,952,27
Uttar Pradesh,Gorakhpur,3104,166
Uttar Pradesh,Hamirpur,68,4
Uttar Pradesh,Hapur,14,556
Uttar Pradesh,Hardoi,1286,59
Uttar Pradesh,Hathras,1814,184
Uttar Pradesh,Jalaun,147,26
Uttar Pradesh,Jaunpur,581,62
Uttar Pradesh,Jhansi,1535,127
Uttar Pradesh,Kannauj,102,42
Uttar Pradesh,Kanpur Dehat,2998,235
Uttar Pradesh,Kanpur Nagar,830,179
Uttar Pradesh,Kasganj,277,65
Uttar Pradesh,Kaushambi,110,6
Uttar Pradesh,Kheri,679,95
Uttar Pradesh,Kushinagar,3033,78
Uttar Pradesh,Lalitpur,592,26
Uttar Pradesh,Lucknow,7678,586
Uttar Pradesh,Maharajganj,347,16
Uttar Pradesh,Mahoba,36,1
Uttar Pradesh,Mainpuri,1514,27
Uttar Pradesh,Mathura,5552,281
Uttar Pradesh,Mau,1105,89
Uttar Pradesh,Meerut,5679,280
Uttar Pradesh,Mirzapur,1017,44
Uttar Pradesh,Moradabad,6258,521
Uttar Pradesh,Muzaffarnagar,192,17
Uttar Pradesh,Pilibhit,68,21
Uttar Pradesh,Pratapgarh,197,57
Uttar Pradesh,Raebareli,290,28
Uttar Pradesh,Rampur,1096,39
Uttar Pradesh,Saharanpur,2491,135
Uttar Pradesh,Sambhal,6900,78
Uttar Pradesh,Sant Kabir Nagar,22,13
Uttar Pradesh,Sant Ravidas Nagar,489,33
Uttar Pradesh,Shahjahanpur,24,13
Uttar Pradesh,Shamli,1210,20
Uttar Pradesh,Shrawasti,46,6
Uttar Pradesh,Siddharthnagar,709,22
Uttar Pradesh,Sitapur,1006,67
Uttar Pradesh,Sonbhadra,213,12
Uttar Pradesh,Sultanpur,1631,68
Uttar Pradesh,Unnao,1582,93
Uttar Pradesh,Varanasi,5437,180
Uttarakhand,Almora,11,7
Uttarakhand,Bageshwar,6,4
Uttarakhand,Chamoli,6,1
Uttarakhand,Champawat,1,1
Uttarakhand,Dehradun,181,511
Uttarakhand,Haridwar,123,52
Uttarakhand,Nainital,446,74
Uttarakhand,Pauri Garhwal,16,5
Uttarakhand,Pithoragarh,8,7
Uttarakhand,Rudraprayag,2,0
Uttarakhand,Tehri Garhwal,7,1
Uttarakhand,Udham Singh Nagar,234,69
Uttarakhand,Uttarkashi,0,1
West Bengal,Bankura,52,17
West Bengal,Bardhaman,210,112
West Bengal,Birbhum,92,106
West Bengal,Cooch Behar,13,0
West Bengal,Darjeeling,970,18
West Bengal,East Midnapore,23,11
West Bengal,Hooghly,48,44
West Bengal,Howrah,3,4
West Bengal,Jalpaiguri,4036,98
West Bengal,Kolkata,3,15
West Bengal,Malda,23,5
West Bengal,Murshidabad,86,13
West Bengal,Nadia,15019,34
West Bengal,North 24 Parganas,192,437
West Bengal,North Dinajpur,874,282
West Bengal,Purulia,7488,16
West Bengal,South 24 Parganas,2747,43
West Bengal,South Dinajpur,22,1
West Bengal,West Midnapore,10333,41
