State,District,Aadhaar generated,Enrolment Rejected
Andaman and Nicobar Islands,South Andaman,2,0
Andhra Pradesh,Adilabad,313,259
Andhra Pradesh,Ananthapur,1916,1317
Andhra Pradesh,Chittoor,344,400
Andhra Pradesh,Cuddapah,420,199
Andhra Pradesh,East Godavari,539,144
Andhra Pradesh,Guntur,182,135
Andhra Pradesh,Hyderabad,249,31
Andhra Pradesh,Karimnagar,764,250
Andhra Pradesh,Khammam,391,218
Andhra Pradesh,Krishna,301,78
Andhra Pradesh,Kurnool,914,1042
Andhra Pradesh,Mahbubnagar,2610,1126
Andhra Pradesh,Medak,381,161
Andhra Pradesh,Nalgonda,511,159
Andhra Pradesh,Nellore,1916,372
Andhra Pradesh,Nizamabad,471,171
Andhra Pradesh,Prakasam,413,283
Andhra Pradesh,Ranga Reddy,436,300
Andhra Pradesh,Srikakulam,210,206
Andhra Pradesh,Visakhapatnam,389,252
Andhra Pradesh,Vizianagaram,1456,374
Andhra Pradesh,Warangal,1249,469
Andhra Pradesh,West Godavari,670,275
Arunachal Pradesh,Changlang,1,0
Arunachal Pradesh,Lohit,4,0
Arunachal Pradesh,Lower Dibang Valley,2,0
Arunachal Pradesh,Papum Pare,9,0
Assam,Baksa,7,0
Assam,Barpeta,7,0
Assam,Bongaigaon,3,0
Assam,Cachar,6,0
Assam,Chirang,4,0
Assam,Darrang,2,0
Assam,Dhemaji,4,0
Assam,Dhubri,3,0
Assam,Dibrugarh,0,1
Assam,Golaghat,95,0
Assam,Hailakandi,5,0
Assam,Jorhat,3,0
Assam,Kamrup,12,0
Assam,Kamrup Metro,4,0
Assam,Karbi Anglong,1,0
Assam,Karimganj,11,0
Assam,Lakhimpur,6,0
Assam,Marigaon,3,0
Assam,Nagaon,150,0
Assam,Sibsagar,6,0
Assam,Sonitpur,22,1
Assam,Tinsukia,1,0
Assam,Udalguri,2,0
Bihar,Araria,296,12
Bihar,Arwal,52,3
Bihar,Aurangabad,3923,37
Bihar,Banka,3639,188
Bihar,Begusarai,2379,160
Bihar,Bhagalpur,5277,154
Bihar,Bhojpur,2554,75
Bihar,Buxar,644,16
Bihar,Darbhanga,198,4
Bihar,East Champaran,2934,94
Bihar,Gaya,3605,80
Bihar,Gopalganj,1210,63
Bihar,Jamui,242,4
Bihar,Jehanabad,936,59
Bihar,Kaimur (Bhabua),432,8
Bihar,Katihar,329,13
Bihar,Khagaria,84,4
Bihar,Kishanganj,70,0
Bihar,Lakhisarai,316,13
Bihar,Madhepura,61,3
Bihar,Madhubani,3588,126
Bihar,Munger,4603,83
Bihar,Muzaffarpur,11149,333
Bihar,Nalanda,282,8
Bihar,Nawada,124,8
Bihar,Patna,19055,963
Bihar,Purnia,7138,143
Bihar,Rohtas,2429,87
Bihar,Saharsa,778,17
Bihar,Samastipur,884,42
Bihar,Saran,6436,163
Bihar,Sheikhpura,28,2
Bihar,Sheohar,14,2
Bihar,Sitamarhi,1686,49
Bihar,Siwan,3732,58
Bihar,Supaul,564,9
Bihar,Vaishali,2151,76
Bihar,West Champaran,4466,47
Chandigarh,Chandigarh,115,16
Chhattisgarh,Balod,1268,48
Chhattisgarh,Baloda Bazar,7569,50
Chhattisgarh,Balrampur,55,22
Chhattisgarh,Bastar,352,9
Chhattisgarh,Bemetara,533,23
Chhattisgarh,Bijapur,4,0
Chhattisgarh,Bilaspur,10095,135
Chhattisgarh,Dakshin Bastar Dantewada,36,2
Chhattisgarh,Dhamtari,34,6
Chhattisgarh,Durg,13288,268
Chhattisgarh,Gariyaband,32,1
Chhattisgarh,Janjgir Champa,654,5
Chhattisgarh,Jashpur,11,1
Chhattisgarh,Kanker,133,0
Chhattisgarh,Kawardha,6,0
Chhattisgarh,Kondagaon,3766,30
Chhattisgarh,Korba,1006,13
Chhattisgarh,Koriya,614,5
Chhattisgarh,Mahasamund,5740,39
Chhattisgarh,Mungeli,3715,81
Chhattisgarh,Narayanpur,777,15
Chhattisgarh,Raigarh,2349,76
Chhattisgarh,Raipur,968,213
Chhattisgarh,Rajnandgaon,5321,111
Chhattisgarh,Sukma,6,0
Chhattisgarh,Surajpur,7,1
Chhattisgarh,Surguja,1789,49
Chhattisgarh,Uttar Bastar Kanker,1743,16
Dadra and Nagar Haveli,Dadra and Nagar Haveli,49,5
Daman and Diu,Daman,8,1
Daman and Diu,Diu,3,0
Delhi,Central Delhi,126,35
Delhi,East Delhi,297,71
Delhi,New Delhi,23,1
Delhi,North Delhi,108,41
Delhi,North East,264,94
Delhi,North East Delhi,233,56
Delhi,North West Delhi,785,187
Delhi,South Delhi,476,115
Delhi,South West Delhi,375,41
Delhi,West Delhi,180,54
Goa,North Goa,3,1
Goa,South Goa,6,7
Gujarat,Ahmedabad,1194,113
Gujarat,Amreli,237,17
Gujarat,Anand,260,12
Gujarat,Banaskantha,474,47
Gujarat,Bharuch,320,183
Gujarat,Bhavnagar,5708,78
Gujarat,Dahod,749,22
Gujarat,Gandhinagar,756,24
Gujarat,Jamnagar,2052,77
Gujarat,Junagadh,832,32
Gujarat,Kachchh,5079,169
Gujarat,Kheda,370,120
Gujarat,Mahesana,492,13
Gujarat,Narmada,43,22
Gujarat,Navsari,3180,15
Gujarat,Panchmahal,2778,50
Gujarat,Patan,288,1
Gujarat,Porbandar,107,8
Gujarat,Rajkot,228,23
Gujarat,Sabarkantha,2531,127
Gujarat,Surat,2510,142
Gujarat,Surendranagar,2695,30
Gujarat,Tapi,826,11
Gujarat,The Dangs,453,18
Gujarat,Vadodara,1457,119
Gujarat,Valsad,306,25
Haryana,Ambala,212,38
Haryana,Bhiwani,566,74
Haryana,Faridabad,320,20
Haryana,Fatehabad,43,1
Haryana,Gurgaon,315,35
Haryana,Hisar,473,47
Haryana,Jhajjar,182,35
Haryana,Jind,141,33
Haryana,Kaithal,136,23
Haryana,Karnal,514,53
Haryana,Kurukshetra,478,42
Haryana,Mahendragarh,106,8
Haryana,Mewat,1928,292
Haryana,Palwal,454,10
Haryana,Panchkula,133,27
Haryana,Panipat,235,19
Haryana,Rewari,47,10
Haryana,Rohtak,371,27
Haryana,Sirsa,131,41
Haryana,Sonipat,199,42
Haryana,Yamuna Nagar,941,91
Himachal Pradesh,Bilaspur,14,3
Himachal Pradesh,Chamba,75,5
Himachal Pradesh,Hamirpur,32,2
Himachal Pradesh,Kangra,116,16
Himachal Pradesh,Kullu,30,1
Himachal Pradesh,Mandi,37,5
Himachal Pradesh,Shimla,41,6
Himachal Pradesh,Sirmaur,30,2
Himachal Pradesh,Solan,43,4
Himachal Pradesh,Una,22,0
Jammu and Kashmir,Anantnag,1641,30
Jammu and Kashmir,Badgam,4719,20
Jammu and Kashmir,Bandipore,1030,3
Jammu and Kashmir,Baramula,8533,71
Jammu and Kashmir,Doda,1135,13
Jammu and Kashmir,Jammu,1510,37
Jammu and Kashmir,Kargil,2,0
Jammu and Kashmir,Kathua,19,0
Jammu and Kashmir,Kupwara,1134,8
Jammu and Kashmir,Leh,2,0
Jammu and Kashmir,Pulwama,4318,31
Jammu and Kashmir,Punch,37,0
Jammu and Kashmir,Rajouri,9,0
Jammu and Kashmir,Reasi,2361,173
Jammu and Kashmir,Srinagar,345,295
Jammu and Kashmir,Udhampur,2141,91
Jharkhand,Bokaro,109,25
Jharkhand,Chatra,281,18
Jharkhand,Deoghar,54,1
Jharkhand,Dhanbad,251,46
Jharkhand,Dumka,38,3
Jharkhand,East Singhbhum,80,19
Jharkhand,Garhwa,167,74
Jharkhand,Giridih,112,29
Jharkhand,Godda,93,28
Jharkhand,Gumla,65,28
Jharkhand,Hazaribagh,66,50
Jharkhand,Jamtara,54,15
Jharkhand,Khunti,98,16
Jharkhand,Koderma,34,27
Jharkhand,Latehar,81,39
Jharkhand,Lohardaga,27,14
Jharkhand,Pakur,45,11
Jharkhand,Palamu,373,71
Jharkhand,Ramgarh,67,12
Jharkhand,Ranchi,270,76
Jharkhand,Sahibganj,14,4
Jharkhand,Seraikela-Kharsawan,19,4
Jharkhand,Simdega,160,19
Jharkhand,West Singhbhum,86,18
Karnataka,Bagalkot,1104,40
Karnataka,Bangalore,412,60
Karnataka,Bangalore Rural,187,8
Karnataka,Belgaum,408,50
Karnataka,Bellary,1500,254
Karnataka,Bidar,186,27
Karnataka,Bijapur,2380,188
Karnataka,Bijapur(KAR),0,19
Karnataka,Chamarajanagar,206,3
Karnataka,Chikkaballapur,173,128
Karnataka,Chikmagalur,206,16
Karnataka,Chitradurga,304,108
Karnataka,Dakshina Kannada,39,3
Karnataka,Davangere,544,187
Karnataka,Dharwad,366,95
Karnataka,Gadag,133,18
Karnataka,Gulbarga,1007,75
Karnataka,Hassan,1450,60
Karnataka,Haveri,716,724
Karnataka,Kodagu,8,1
Karnataka,Kolar,333,326
Karnataka,Koppal,588,44
Karnataka,Mandya,1367,140
Karnataka,Mysore,1028,42
Karnataka,Raichur,1391,135
Karnataka,Ramanagar,272,7
Karnataka,Shimoga,1111,51
Karnataka,Tumkur,345,52
Karnataka,Udupi,36,8
Karnataka,Uttara Kannada,365,43
Karnataka,Yadgir,511,87
Kerala,Alappuzha,190,19
Kerala,Ernakulam,632,31
Kerala,Idukki,216,19
Kerala,Kannur,721,80
Kerala,Kasaragod,457,31
Kerala,Kollam,814,88
Kerala,Kottayam,186,19
Kerala,Kozhikode,1144,88
Kerala,Malappuram,1537,100
Kerala,Palakkad,849,53
Kerala,Pathanamthitta,201,15
Kerala,Thiruvananthapuram,904,56
Kerala,Thrissur,440,41
Kerala,Wayanad,157,30
Lakshadweep,Lakshadweep,0,1
Madhya Pradesh,Alirajpur,86,13
Madhya Pradesh,Anuppur,22,3
Madhya Pradesh,Ashok Nagar,256,20
Madhya Pradesh,Balaghat,81,34
Madhya Pradesh,Barwani,625,139
Madhya Pradesh,Betul,320,14
Madhya Pradesh,Bhind,704,30
Madhya Pradesh,Bhopal,205,30
Madhya Pradesh,Burhanpur,49,8
Madhya Pradesh,Chhatarpur,223,46
Madhya Pradesh,Chhindwara,220,22
Madhya Pradesh,Damoh,660,48
Madhya Pradesh,Datia,586,101
Madhya Pradesh,Dewas,262,46
Madhya Pradesh,Dhar,306,41
Madhya Pradesh,Dindori,299,19
Madhya Pradesh,Guna,1036,90
Madhya Pradesh,Gwalior,561,33
Madhya Pradesh,Harda,30,5
Madhya Pradesh,Hoshangabad,34,8
Madhya Pradesh,Indore,248,53
Madhya Pradesh,Jabalpur,140,49
Madhya Pradesh,Jhabua,102,8
Madhya Pradesh,Katni,185,3
Madhya Pradesh,Khandwa,81,5
Madhya Pradesh,Khargone,459,35
Madhya Pradesh,Mandla,425,39
Madhya Pradesh,Mandsaur,526,20
Madhya Pradesh,Morena,672,59
Madhya Pradesh,Narsinghpur,150,18
Madhya Pradesh,Neemuch,44,2
Madhya Pradesh,Panna,329,34
Madhya Pradesh,Raisen,83,8
Madhya Pradesh,Rajgarh,538,28
Madhya Pradesh,Ratlam,438,68
Madhya Pradesh,Rewa,232,47
Madhya Pradesh,Sagar,728,69
Madhya Pradesh,Satna,251,86
Madhya Pradesh,Sehore,304,28
Madhya Pradesh,Seoni,379,34
Madhya Pradesh,Shahdol,597,40
Madhya Pradesh,Shajapur,54,8
Madhya Pradesh,Sheopur,174,6
Madhya Pradesh,Shivpuri,512,45
Madhya Pradesh,Sidhi,91,7
Madhya Pradesh,Singrauli,94,4
Madhya Pradesh,Tikamgarh,322,10
Madhya Pradesh,Ujjain,236,42
Madhya Pradesh,Umaria,64,1
Madhya Pradesh,Vidisha,88,22
Maharashtra,Ahmednagar,199,32
Maharashtra,Akola,123,20
Maharashtra,Amravati,273,47
Maharashtra,Aurangabad,247,58
Maharashtra,Beed,394,53
Maharashtra,Bhandara,86,12
Maharashtra,Buldhana,419,28
Maharashtra,Chandrapur,202,13
Maharashtra,Dhule,250,45
Maharashtra,Gadchiroli,405,15
Maharashtra,Gondia,40,7
Maharashtra,Hingoli,184,22
Maharashtra,Jalgaon,420,155
Maharashtra,Jalna,266,53
Maharashtra,Kolhapur,384,9
Maharashtra,Latur,332,77
Maharashtra,Mumbai,609,74
Maharashtra,Nagpur,166,67
Maharashtra,Nanded,549,64
Maharashtra,Nandurbar,57,29
Maharashtra,Nashik,423,92
Maharashtra,Osmanabad,130,35
Maharashtra,Parbhani,685,25
Maharashtra,Pune,330,70
Maharashtra,Raigad,109,4
Maharashtra,Ratnagiri,301,21
Maharashtra,Sangli,106,16
Maharashtra,Satara,196,33
Maharashtra,Sindhudurg,70,6
Maharashtra,Solapur,1550,83
Maharashtra,Thane,924,61
Maharashtra,Wardha,13,3
Maharashtra,Washim,253,15
Maharashtra,Yavatmal,925,52
Manipur,Bishnupur,2,1
Manipur,Chandel,2,0
Manipur,Churachandpur,224,12
Manipur,Imphal East,81,2
Manipur,Imphal West,132,1
Manipur,Senapati,1,0
Manipur,Tamenglong,0,1
Manipur,Thoubal,7,3
Meghalaya,East Khasi Hills,1,1
Meghalaya,Jaintia Hills,1,1
Meghalaya,Ri Bhoi,1,0
Meghalaya,West Garo Hills,2,0
Meghalaya,West Khasi Hills,2,1
Mizoram,Aizawl,385,1
Mizoram,Kolasib,128,2
Mizoram,Lawngtlai,16,0
Mizoram,Lunglei,201,2
Mizoram,Serchhip,3,0
Nagaland,Dimapur,3,2
Nagaland,Kohima,19,1
Nagaland,Phek,3,1
Nagaland,Tuensang,1,0
Nagaland,Wokha,0,2
Odisha,Angul,2,0
Odisha,Anugul,16,5
Odisha,Balangir,1297,131
Odisha,Baleswar,38,5
Odisha,Bargarh,10,8
Odisha,Baudh,536,14
Odisha,Bhadrak,327,7
Odisha,Boudh,30,0
Odisha,Cuttack,457,3461
Odisha,Debagarh,96,4
Odisha,Dhenkanal,82,5
Odisha,Ganjam,730,87
Odisha,Jagatsinghapur,27,22
Odisha,Jajapur,48,52
Odisha,Jharsuguda,17707,454
Odisha,Kalahandi,2,0
Odisha,Kandhamal,7,1
Odisha,Kendrapara,364,13
Odisha,Kendujhar,9,14
Odisha,Khorda,311,73
Odisha,Khordha,123,22
Odisha,Koraput,6,0
Odisha,Malkangiri,59,61
Odisha,Mayurbhanj,43,2
Odisha,Nabarangapur,1,0
Odisha,Nayagarh,106,81
Odisha,Nuapada,1,0
Odisha,Puri,30,40
Odisha,Rayagada,16,1
Odisha,Sambalpur,758,51
Odisha,Sonapur,4,4
Odisha,Sundergarh,5597,1961
Others,Others,2,276
Puducherry,Karaikal,44,10
Puducherry,Puducherry,42,7
Punjab,Amritsar,466,74
Punjab,Barnala,116,32
Punjab,Bathinda,268,42
Punjab,Faridkot,38,18
Punjab,Fatehgarh Sahib,29,9
Punjab,Fazilka,115,22
Punjab,Firozpur,132,26
Punjab,Gurdaspur,208,45
Punjab,Hoshiarpur,230,19
Punjab,Jalandhar,248,45
Punjab,Kapurthala,163,16
Punjab,Ludhiana,1078,93
Punjab,Mansa,110,22
Punjab,Moga,296,14
Punjab,Pathankot,72,11
Punjab,Patiala,271,50
Punjab,Rupnagar,89,12
Punjab,SAS Nagar (Mohali),205,14
Punjab,Sangrur,164,36
Punjab,Shaheed Bhagat Singh Nagar,87,15
Punjab,Sri Muktsar Sahib,186,27
Punjab,Tarn Taran,139,34
Rajasthan,Ajmer,102,33
Rajasthan,Alwar,334,21
Rajasthan,Banswara,438,19
Rajasthan,Baran,83,11
Rajasthan,Barmer,166,24
Rajasthan,Bharatpur,981,11
Rajasthan,Bhilwara,208,16
Rajasthan,Bikaner,105,8
Rajasthan,Bundi,325,14
Rajasthan,Chittorgarh,111,59
Rajasthan,Churu,129,13
Rajasthan,Dausa,71,5
Rajasthan,Dholpur,73,7
Rajasthan,Dungarpur,167,21
Rajasthan,Ganganagar,269,6
Rajasthan,Hanumangarh,291,21
Rajasthan,Jaipur,411,41
Rajasthan,Jaisalmer,52,0
Rajasthan,Jalor,8,3
Rajasthan,Jhalawar,280,21
Rajasthan,Jhunjhunu,357,19
Rajasthan,Jodhpur,629,36
Rajasthan,Karauli,45,4
Rajasthan,Kota,265,15
Rajasthan,Nagaur,542,40
Rajasthan,Pali,539,29
Rajasthan,Pratapgarh,158,5
Rajasthan,Rajsamand,36,59
Rajasthan,Sawai Madhopur,352,19
Rajasthan,Sikar,344,24
Rajasthan,Sirohi,6,1
Rajasthan,Tonk,145,7
Rajasthan,Udaipur,210,28
Sikkim,East Sikkim,8,1
Sikkim,North Sikkim,47,1
Sikkim,South Sikkim,46,3
Sikkim,West Sikkim,8,0
Tamil Nadu,Ariyalur,1,0
Tamil Nadu,Chennai,567,11
Tamil Nadu,Coimbatore,154,67
Tamil Nadu,Cuddalore,25,14
Tamil Nadu,Dharmapuri,2,43
Tamil Nadu,Dindigul,12,1
Tamil Nadu,Erode,87,185
Tamil Nadu,Kancheepuram,191,34
Tamil Nadu,Kanchipuram,0,2
Tamil Nadu,Kanyakumari,10,2
Tamil Nadu,Karur,2,1
Tamil Nadu,Krishnagiri,16,0
Tamil Nadu,Madurai,10,12
Tamil Nadu,Nagapattinam,7,10
Tamil Nadu,Namakkal,8,1
Tamil Nadu,Perambalur,9,10
Tamil Nadu,Pudukkottai,5,4
Tamil Nadu,Ramanathapuram,14,4
Tamil Nadu,Salem,14,30
Tamil Nadu,Sivaganga,4,3
Tamil Nadu,Thanjavur,22,24
Tamil Nadu,The Nilgiris,2,1
Tamil Nadu,Theni,5,18
Tamil Nadu,Thiruvarur,6,1
Tamil Nadu,Thoothukudi,10,2
Tamil Nadu,Tiruchirappalli,8,5
Tamil Nadu,Tirunelveli,25,6
Tamil Nadu,Tirupur,41,2
Tamil Nadu,Tiruvallur,3104,149
Tamil Nadu,Tiruvannamalai,232,28
Tamil Nadu,Tiruvarur,6,13
Tamil Nadu,Vellore,160,19
Tamil Nadu,Viluppuram,95,9
Tamil Nadu,Virudhunagar,4,5
Tripura,Dhalai,10,4
Tripura,Gomati,72,4
Tripura,Khowai,12,5
Tripura,North Tripura,73,10
Tripura,Sepahijala,96,11
Tripura,South Tripura,69,13
Tripura,Unakoti,37,35
Tripura,West Tripura,57,12
Uttar Pradesh,Agra,16539,739
Uttar Pradesh,Aligarh,6704,193
Uttar Pradesh,Allahabad,8532,474
Uttar Pradesh,Ambedkar Nagar,3323,53
Uttar Pradesh,Amethi,289,46
Uttar Pradesh,Amroha,9554,114
Uttar Pradesh,Auraiya,1561,43
Uttar Pradesh,Azamgarh,3043,65
Uttar Pradesh,Baghpat,1991,45
Uttar Pradesh,Bahraich,2219,157
Uttar Pradesh,Ballia,6837,172
Uttar Pradesh,Balrampur,223,9
Uttar Pradesh,Banda,4821,122
Uttar Pradesh,Barabanki,6291,195
Uttar Pradesh,Bareilly,2711,305
Uttar Pradesh,Basti,7453,93
Uttar Pradesh,Bijnor,13883,225
Uttar Pradesh,Budaun,4198,61
Uttar Pradesh,Bulandshahr,5515,102
Uttar Pradesh,Chandauli,551,27
Uttar Pradesh,Chitrakoot,58,8
Uttar Pradesh,Deoria,1384,69
Uttar Pradesh,Etah,5771,109
Uttar Pradesh,Etawah,223,21
Uttar Pradesh,Faizabad,2020,92
Uttar Pradesh,Farrukhabad,3972,67
Uttar Pradesh,Fatehpur,3790,47
Uttar Pradesh,Firozabad,1805,95
Uttar Pradesh,Gautam Buddha Nagar,5080,494
Uttar Pradesh,Ghaziabad,12642,758
Uttar Pradesh,Ghazipur,3604,64
Uttar Pradesh,Gonda,693,55
Uttar Pradesh,Gorakhpur,5567,157
Uttar Pradesh,Hamirpur,131,3
Uttar Pradesh,Hapur,80,58
Uttar Pradesh,Hardoi,2622,104
Uttar Pradesh,Hathras,6583,134
Uttar Pradesh,Jalaun,783,50
Uttar Pradesh,Jaunpur,1788,67
Uttar Pradesh,Jhansi,1901,107
Uttar Pradesh,Kannauj,1372,59
Uttar Pradesh,Kanpur Dehat,5039,167
Uttar Pradesh,Kanpur Nagar,4667,284
Uttar Pradesh,Kasganj,2962,52
Uttar Pradesh,Kaushambi,247,12
Uttar Pradesh,Kheri,5117,78
Uttar Pradesh,Kushinagar,2399,76
Uttar Pradesh,Lalitpur,1968,49
Uttar Pradesh,Lucknow,12987,1219
Uttar Pradesh,Maharajganj,2964,55
Uttar Pradesh,Mahoba,59,1
Uttar Pradesh,Mainpuri,4858,53
Uttar Pradesh,Mathura,11436,345
Uttar Pradesh,Mau,6201,85
Uttar Pradesh,Meerut,3522,243
Uttar Pradesh,Mirzapur,2200,67
Uttar Pradesh,Moradabad,11242,661
Uttar Pradesh,Muzaffarnagar,1992,86
Uttar Pradesh,Pilibhit,766,22
Uttar Pradesh,Pratapgarh,2497,158
Uttar Pradesh,Raebareli,729,21
Uttar Pradesh,Rampur,2611,118
Uttar Pradesh,Saharanpur,5628,202
Uttar Pradesh,Sambhal,6630,104
Uttar Pradesh,Sant Kabir Nagar,291,8
Uttar Pradesh,Sant Ravidas Nagar,6148,73
Uttar Pradesh,Shahjahanpur,436,36
Uttar Pradesh,Shamli,1397,142
Uttar Pradesh,Shrawasti,21,0
Uttar Pradesh,Siddharthnagar,153,14
Uttar Pradesh,Sitapur,5799,140
Uttar Pradesh,Sonbhadra,1483,29
Uttar Pradesh,Sultanpur,6457,77
Uttar Pradesh,Unnao,6149,172
Uttar Pradesh,Varanasi,8242,247
Uttarakhand,Almora,146,1
Uttarakhand,Bageshwar,118,0
Uttarakhand,Chamoli,26,2
Uttarakhand,Champawat,4,0
Uttarakhand,Dehradun,2640,100
Uttarakhand,Haridwar,1538,218
Uttarakhand,Nainital,713,8
Uttarakhand,Pauri Garhwal,262,17
Uttarakhand,Pithoragarh,34,1
Uttarakhand,Rudraprayag,13,1
Uttarakhand,Tehri Garhwal,27,5
Uttarakhand,Udham Singh Nagar,369,99
Uttarakhand,Uttarkashi,7,2
West Bengal,Bankura,1080,22
West Bengal,Bardhaman,11372,576
West Bengal,Birbhum,3173,251
West Bengal,Cooch Behar,49,3
West Bengal,Darjeeling,2260,26
West Bengal,East Midnapore,361,43
West Bengal,Hooghly,840,172
West Bengal,Howrah,17,8
West Bengal,Jalpaiguri,8143,264
West Bengal,Kolkata,135,10
West Bengal,Malda,130,1
West Bengal,Murshidabad,640,47
West Bengal,Nadia,25060,96
West Bengal,North 24 Parganas,2641,2508
West Bengal,North Dinajpur,7262,455
West Bengal,Purulia,4635,20
West Bengal,South 24 Parganas,16043,144
West Bengal,South Dinajpur,38,1
West Bengal,South Twenty Four Parganas,2,0
West Bengal,West Midnapore,7111,79
