State,District,Aadhaar generated,Enrolment Rejected
Andhra Pradesh,Adilabad,82,49
Andhra Pradesh,Ananthapur,1420,263
Andhra Pradesh,Chittoor,234,71
Andhra Pradesh,Cuddapah,66,46
Andhra Pradesh,East Godavari,283,42
Andhra Pradesh,Guntur,123,34
Andhra Pradesh,Hyderabad,103,17
Andhra Pradesh,Karimnagar,185,138
Andhra Pradesh,Khammam,173,107
Andhra Pradesh,Krishna,164,28
Andhra Pradesh,Kurnool,1092,280
Andhra Pradesh,Mahbubnagar,1180,395
Andhra Pradesh,Medak,240,73
Andhra Pradesh,Nalgonda,207,71
Andhra Pradesh,Nellore,892,203
Andhra Pradesh,Nizamabad,499,131
Andhra Pradesh,Prakasam,328,77
Andhra Pradesh,Ranga Reddy,309,129
Andhra Pradesh,Srikakulam,138,51
Andhra Pradesh,Visakhapatnam,335,74
Andhra Pradesh,Vizianagaram,679,118
Andhra Pradesh,Warangal,558,76
Andhra Pradesh,West Godavari,323,48
Arunachal Pradesh,Kurung Kumey,3,0
Arunachal Pradesh,Tawang,102,0
Arunachal Pradesh,Tirap,1,0
Arunachal Pradesh,West Kameng,41,0
Arunachal Pradesh,West Siang,1,0
Assam,Baksa,2,0
Assam,Bongaigaon,3,0
Assam,Chirang,2,0
Assam,Darrang,5,0
Assam,Dhubri,1,0
Assam,Dibrugarh,2,0
Assam,Golaghat,4,0
Assam,Hailakandi,1,0
Assam,Jorhat,1,0
Assam,Kamrup,1,0
Assam,Kamrup Metro,1,0
Assam,Karimganj,3,1
Assam,Lakhimpur,1,0
Assam,Nagaon,4,0
Assam,Nalbari,1,0
Assam,Sonitpur,2,0
Assam,Tinsukia,0,1
Assam,Udalguri,3,0
Bihar,Araria,28,1
Bihar,Arwal,8,0
Bihar,Aurangabad,114,32
Bihar,Banka,3025,103
Bihar,Begusarai,2418,111
Bihar,Bhagalpur,266,11
Bihar,Bhojpur,459,27
Bihar,Buxar,206,30
Bihar,Darbhanga,75,7
Bihar,East Champaran,1679,43
Bihar,Gaya,2359,61
Bihar,Gopalganj,1057,67
Bihar,Jamui,195,4
Bihar,Jehanabad,130,25
Bihar,Kaimur (Bhabua),499,3
Bihar,Katihar,20,1
Bihar,Khagaria,29,5
Bihar,Kishanganj,18,5
Bihar,Lakhisarai,489,10
Bihar,Madhepura,57,2
Bihar,Madhubani,3825,57
Bihar,Munger,1719,32
Bihar,Muzaffarpur,4233,136
Bihar,Nalanda,47,8
Bihar,Nawada,19,2
Bihar,Patna,4048,373
Bihar,Purnia,1279,95
Bihar,Rohtas,412,24
Bihar,Saharsa,174,14
Bihar,Samastipur,140,11
Bihar,Saran,3615,219
Bihar,Sheikhpura,287,1
Bihar,Sheohar,12,0
Bihar,Sitamarhi,970,27
Bihar,Siwan,320,9
Bihar,Supaul,65,7
Bihar,Vaishali,123,11
Bihar,West Champaran,359,80
Chandigarh,Chandigarh,86,11
Chhattisgarh,Balod,930,10
Chhattisgarh,Baloda Bazar,1461,32
Chhattisgarh,Balrampur,19,11
Chhattisgarh,Bastar,94,1
Chhattisgarh,Bemetara,176,16
Chhattisgarh,Bilaspur,2626,133
Chhattisgarh,Dhamtari,1,0
Chhattisgarh,Durg,7110,204
Chhattisgarh,Gariyaband,3,0
Chhattisgarh,Janjgir Champa,101,40
Chhattisgarh,Jashpur,4,1
Chhattisgarh,Kabeerdham,1,0
Chhattisgarh,Kanker,157,0
Chhattisgarh,Kondagaon,66,9
Chhattisgarh,Korba,1308,58
Chhattisgarh,Koriya,483,5
Chhattisgarh,Mahasamund,1034,43
Chhattisgarh,Mungeli,1013,151
Chhattisgarh,Narayanpur,969,18
Chhattisgarh,Raigarh,602,106
Chhattisgarh,Raipur,135,4
Chhattisgarh,Rajnandgaon,3923,106
Chhattisgarh,Sukma,1,0
Chhattisgarh,Surajpur,3,0
Chhattisgarh,Surguja,151,9
Chhattisgarh,Uttar Bastar Kanker,735,8
Daman and Diu,Daman,5,0
Daman and Diu,Diu,1,0
Delhi,Central Delhi,40,12
Delhi,East Delhi,169,29
Delhi,New Delhi,6,1
Delhi,North Delhi,16,12
Delhi,North East,0,48
Delhi,North East Delhi,109,19
Delhi,North West Delhi,289,92
Delhi,South Delhi,171,28
Delhi,South West Delhi,38,20
Delhi,West Delhi,412,70
Goa,North Goa,2,0
Goa,South Goa,1,1
Gujarat,Ahmedabad,1034,59
Gujarat,Amreli,7,4
Gujarat,Anand,31,4
Gujarat,Banaskantha,494,23
Gujarat,Bharuch,0,3
Gujarat,Bhavnagar,1009,14
Gujarat,Dahod,79,5
Gujarat,Gandhinagar,89,32
Gujarat,Jamnagar,738,45
Gujarat,Junagadh,1072,20
Gujarat,Kachchh,2665,38
Gujarat,Kheda,6,9
Gujarat,Mahesana,13,10
Gujarat,Narmada,0,1
Gujarat,Navsari,2,31
Gujarat,Panchmahal,1814,58
Gujarat,Patan,1325,26
Gujarat,Rajkot,54,1
Gujarat,Sabarkantha,5701,162
Gujarat,Surat,2645,39
Gujarat,Surendranagar,14,5
Gujarat,Tapi,19,3
Gujarat,The Dangs,38,12
Gujarat,Vadodara,162,59
Gujarat,Valsad,378,21
Haryana,Ambala,58,10
Haryana,Bhiwani,46,8
Haryana,Faridabad,40,11
Haryana,Fatehabad,4,4
Haryana,Gurgaon,85,18
Haryana,Hisar,67,22
Haryana,Jhajjar,31,6
Haryana,Jind,34,8
Haryana,Kaithal,17,8
Haryana,Karnal,45,10
Haryana,Kurukshetra,78,23
Haryana,Mahendragarh,272,3
Haryana,Mewat,993,209
Haryana,Palwal,252,31
Haryana,Panchkula,83,14
Haryana,Panipat,158,16
Haryana,Rewari,100,11
Haryana,Rohtak,88,7
Haryana,Sirsa,7,4
Haryana,Sonipat,139,29
Haryana,Yamuna Nagar,691,62
Himachal Pradesh,Bilaspur,1,1
Himachal Pradesh,Chamba,0,3
Himachal Pradesh,Hamirpur,7,2
Himachal Pradesh,Kangra,4,3
Himachal Pradesh,Kinnaur,1,0
Himachal Pradesh,Kullu,6,1
Himachal Pradesh,Mandi,4,1
Himachal Pradesh,Shimla,1,1
Himachal Pradesh,Sirmaur,1,0
Himachal Pradesh,Solan,2,0
Himachal Pradesh,Una,1,0
Jammu and Kashmir,Badgam,23,0
Jammu and Kashmir,Bandipore,3,0
Jammu and Kashmir,Baramula,232,1
Jammu and Kashmir,Doda,7,5
Jammu and Kashmir,Jammu,1749,2
Jammu and Kashmir,Kathua,5,0
Jammu and Kashmir,Kupwara,4775,27
Jammu and Kashmir,Leh,2,0
Jammu and Kashmir,Pulwama,434,2
Jammu and Kashmir,Punch,2,0
Jammu and Kashmir,Rajouri,1,0
Jammu and Kashmir,Reasi,2,3
Jammu and Kashmir,Srinagar,3,1
Jammu and Kashmir,Udhampur,13,1
Jharkhand,Bokaro,62,13
Jharkhand,Chatra,116,10
Jharkhand,Deoghar,41,10
Jharkhand,Dhanbad,115,19
Jharkhand,Dumka,1,3
Jharkhand,East Singhbhum,84,3
Jharkhand,Garhwa,148,32
Jharkhand,Giridih,23,9
Jharkhand,Godda,56,23
Jharkhand,Gumla,32,7
Jharkhand,Hazaribagh,24,6
Jharkhand,Jamtara,3,3
Jharkhand,Khunti,6,3
Jharkhand,Koderma,165,4
Jharkhand,Latehar,16,5
Jharkhand,Lohardaga,17,9
Jharkhand,Pakur,1,6
Jharkhand,Palamu,240,61
Jharkhand,Ramgarh,53,22
Jharkhand,Ranchi,207,19
Jharkhand,Sahibganj,13,2
Jharkhand,Seraikela-Kharsawan,58,2
Jharkhand,Simdega,125,2
Jharkhand,West Singhbhum,45,3
Karnataka,Bagalkot,303,62
Karnataka,Bangalore,93,19
Karnataka,Bangalore Rural,1,1
Karnataka,Belgaum,108,48
Karnataka,Bellary,892,70
Karnataka,Bidar,29,12
Karnataka,Bijapur,160,81
Karnataka,Chamarajanagar,178,6
Karnataka,Chikkaballapur,13,12
Karnataka,Chikmagalur,132,6
Karnataka,Chitradurga,264,17
Karnataka,Dakshina Kannada,2,0
Karnataka,Davangere,12,42
Karnataka,Dharwad,346,29
Karnataka,Gadag,9,2
Karnataka,Gulbarga,42,87
Karnataka,Hassan,1057,42
Karnataka,Haveri,9,65
Karnataka,Kodagu,3,0
Karnataka,Kolar,151,96
Karnataka,Koppal,72,8
Karnataka,Mandya,357,37
Karnataka,Mysore,360,19
Karnataka,Raichur,57,28
Karnataka,Ramanagar,16,2
Karnataka,Shimoga,244,13
Karnataka,Tumkur,260,19
Karnataka,Udupi,3,0
Karnataka,Uttara Kannada,6,10
Karnataka,Yadgir,18,41
Kerala,Alappuzha,101,5
Kerala,Ernakulam,149,11
Kerala,Idukki,27,10
Kerala,Kannur,116,13
Kerala,Kasaragod,15,11
Kerala,Kollam,40,23
Kerala,Kottayam,86,6
Kerala,Kozhikode,145,19
Kerala,Malappuram,134,19
Kerala,Palakkad,270,9
Kerala,Pathanamthitta,55,5
Kerala,Thiruvananthapuram,162,19
Kerala,Thrissur,118,11
Kerala,Wayanad,129,5
Lakshadweep,Lakshadweep,1,0
Madhya Pradesh,Alirajpur,78,10
Madhya Pradesh,Anuppur,13,0
Madhya Pradesh,Ashok Nagar,28,2
Madhya Pradesh,Balaghat,16,4
Madhya Pradesh,Barwani,41,26
Madhya Pradesh,Betul,95,4
Madhya Pradesh,Bhind,107,38
Madhya Pradesh,Bhopal,200,8
Madhya Pradesh,Chhatarpur,21,24
Madhya Pradesh,Chhindwara,645,42
Madhya Pradesh,Damoh,74,37
Madhya Pradesh,Datia,379,24
Madhya Pradesh,Dewas,254,19
Madhya Pradesh,Dhar,133,8
Madhya Pradesh,Dindori,37,7
Madhya Pradesh,Guna,59,68
Madhya Pradesh,Gwalior,107,27
Madhya Pradesh,Harda,8,3
Madhya Pradesh,Hoshangabad,6,1
Madhya Pradesh,Indore,221,46
Madhya Pradesh,Jabalpur,71,32
Madhya Pradesh,Jhabua,31,9
Madhya Pradesh,Katni,10,5
Madhya Pradesh,Khandwa,17,11
Madhya Pradesh,Khargone,135,11
Madhya Pradesh,Mandla,88,19
Madhya Pradesh,Mandsaur,76,10
Madhya Pradesh,Morena,89,14
Madhya Pradesh,Narsinghpur,80,25
Madhya Pradesh,Neemuch,17,3
Madhya Pradesh,Panna,39,7
Madhya Pradesh,Raisen,43,2
Madhya Pradesh,Rajgarh,353,41
Madhya Pradesh,Ratlam,76,33
Madhya Pradesh,Rewa,21,23
Madhya Pradesh,Sagar,97,57
Madhya Pradesh,Satna,50,24
Madhya Pradesh,Sehore,81,12
Madhya Pradesh,Seoni,111,9
Madhya Pradesh,Shahdol,60,55
Madhya Pradesh,Shajapur,11,3
Madhya Pradesh,Sheopur,83,6
Madhya Pradesh,Shivpuri,124,22
Madhya Pradesh,Sidhi,30,24
Madhya Pradesh,Singrauli,7,2
Madhya Pradesh,Tikamgarh,70,5
Madhya Pradesh,Ujjain,95,8
Madhya Pradesh,Umaria,3,1
Madhya Pradesh,Vidisha,38,28
Maharashtra,Ahmednagar,189,27
Maharashtra,Akola,59,14
Maharashtra,Amravati,96,33
Maharashtra,Aurangabad,217,19
Maharashtra,Beed,122,28
Maharashtra,Bhandara,2,2
Maharashtra,Buldhana,136,15
Maharashtra,Chandrapur,183,5
Maharashtra,Dhule,249,12
Maharashtra,Gadchiroli,67,0
Maharashtra,Gondia,8,0
Maharashtra,Hingoli,90,22
Maharashtra,Jalgaon,130,39
Maharashtra,Jalna,77,20
Maharashtra,Kolhapur,222,20
Maharashtra,Latur,90,16
Maharashtra,Mumbai,81,33
Maharashtra,Nagpur,33,32
Maharashtra,Nanded,147,10
Maharashtra,Nandurbar,183,10
Maharashtra,Nashik,188,48
Maharashtra,Osmanabad,32,6
Maharashtra,Parbhani,327,15
Maharashtra,Pune,156,28
Maharashtra,Raigad,94,21
Maharashtra,Ratnagiri,96,18
Maharashtra,Sangli,1164,5
Maharashtra,Satara,77,5
Maharashtra,Sindhudurg,42,0
Maharashtra,Solapur,1231,73
Maharashtra,Thane,169,22
Maharashtra,Wardha,29,0
Maharashtra,Washim,172,4
Maharashtra,Yavatmal,747,26
Manipur,Churachandpur,1,1
Manipur,Imphal East,9,0
Manipur,Imphal West,80,0
Manipur,Senapati,1,0
Manipur,Tamenglong,3,0
Manipur,Thoubal,1,0
Meghalaya,East Khasi Hills,1,0
Mizoram,Aizawl,2,0
Mizoram,Champhai,1,0
Mizoram,Kolasib,405,0
Mizoram,Lawngtlai,99,1
Mizoram,Lunglei,0,1
Mizoram,Serchhip,5,0
Nagaland,Mokokchung,1,0
Nagaland,Wokha,1,0
Odisha,Angul,1,0
Odisha,Anugul,1,0
Odisha,Balangir,18,13
Odisha,Baleswar,5,0
Odisha,Bargarh,158,24
Odisha,Baudh,4,0
Odisha,Boudh,1,0
Odisha,Cuttack,235,6
Odisha,Debagarh,4,4
Odisha,Dhenkanal,41,3
Odisha,Gajapati,1,0
Odisha,Ganjam,2829,20
Odisha,Jagatsinghapur,12,3
Odisha,Jajapur,6,0
Odisha,Jharsuguda,719,83
Odisha,Kalahandi,779,995
Odisha,Kandhamal,0,8
Odisha,Kendrapara,21,9
Odisha,Khorda,1347,77
Odisha,Khordha,3,0
Odisha,Malkangiri,0,1
Odisha,Mayurbhanj,1,0
Odisha,Nabarangapur,1,0
Odisha,Nayagarh,113,7
Odisha,Nuapada,9,0
Odisha,Puri,29,3
Odisha,Rayagada,1,0
Odisha,Sambalpur,2,5
Odisha,Sundergarh,2,19
Others,Others,4,69
Puducherry,Karaikal,125,6
Puducherry,Puducherry,3,0
Punjab,Amritsar,109,29
Punjab,Barnala,40,15
Punjab,Bathinda,385,65
Punjab,Faridkot,35,4
Punjab,Fatehgarh Sahib,35,4
Punjab,Fazilka,47,125
Punjab,Firozpur,1119,23
Punjab,Gurdaspur,34,11
Punjab,Hoshiarpur,38,14
Punjab,Jalandhar,51,8
Punjab,Kapurthala,42,10
Punjab,Ludhiana,540,84
Punjab,Mansa,68,14
Punjab,Moga,28,5
Punjab,Muktsar,1,0
Punjab,Pathankot,25,3
Punjab,Patiala,76,13
Punjab,Rupnagar,51,3
Punjab,SAS Nagar (Mohali),35,7
Punjab,Sangrur,116,19
Punjab,Shaheed Bhagat Singh Nagar,41,7
Punjab,Sri Muktsar Sahib,27,9
Punjab,Tarn Taran,25,13
Rajasthan,Ajmer,71,10
Rajasthan,Alwar,90,10
Rajasthan,Banswara,76,14
Rajasthan,Baran,9,5
Rajasthan,Barmer,13,2
Rajasthan,Bharatpur,616,12
Rajasthan,Bhilwara,12,8
Rajasthan,Bikaner,16,5
Rajasthan,Bundi,9,5
Rajasthan,Chittorgarh,19,19
Rajasthan,Churu,9,24
Rajasthan,Dausa,9,3
Rajasthan,Dholpur,7,7
Rajasthan,Dungarpur,34,0
Rajasthan,Ganganagar,51,8
Rajasthan,Hanumangarh,34,2
Rajasthan,Jaipur,62,16
Rajasthan,Jaisalmer,8,4
Rajasthan,Jalor,2,3
Rajasthan,Jhalawar,307,2
Rajasthan,Jhunjhunu,31,12
Rajasthan,Jodhpur,40,11
Rajasthan,Karauli,24,3
Rajasthan,Kota,21,8
Rajasthan,Nagaur,192,12
Rajasthan,Pali,18,8
Rajasthan,Pratapgarh,44,1
Rajasthan,Rajsamand,3,4
Rajasthan,Sawai Madhopur,331,15
Rajasthan,Sikar,63,7
Rajasthan,Sirohi,1,0
Rajasthan,Tonk,39,8
Rajasthan,Udaipur,26,5
Sikkim,East Sikkim,50,0
Sikkim,North Sikkim,1,0
Sikkim,South Sikkim,8,0
Sikkim,West Sikkim,11,1
Tamil Nadu,Ariyalur,2,1
Tamil Nadu,Chennai,3,2
Tamil Nadu,Coimbatore,15,9
Tamil Nadu,Dharmapuri,0,1
Tamil Nadu,Dindigul,1,1
Tamil Nadu,Erode,7,2
Tamil Nadu,Kancheepuram,13,2
Tamil Nadu,Karur,1,0
Tamil Nadu,Krishnagiri,1,0
Tamil Nadu,Nagapattinam,4,0
Tamil Nadu,Namakkal,1,0
Tamil Nadu,Ramanathapuram,1,0
Tamil Nadu,The Nilgiris,1,0
Tamil Nadu,Theni,0,2
Tamil Nadu,Thiruvarur,3,0
Tamil Nadu,Thoothukudi,1,0
Tamil Nadu,Tiruchirappalli,34,2
Tamil Nadu,Tirunelveli,2,0
Tamil Nadu,Tirupur,2,0
Tamil Nadu,Tiruvallur,6,18
Tamil Nadu,Tiruvannamalai,7,5
Tamil Nadu,Tiruvarur,1,0
Tamil Nadu,Vellore,5,7
Tamil Nadu,Viluppuram,567,0
Tamil Nadu,Virudhunagar,2,0
Tripura,Gomati,116,2
Tripura,Khowai,0,1
Tripura,North Tripura,2,1
Tripura,Sepahijala,37,6
Tripura,South Tripura,19,12
Tripura,Unakoti,13,4
Tripura,West Tripura,29,4
Uttar Pradesh,Agra,6347,297
Uttar Pradesh,Aligarh,2884,125
Uttar Pradesh,Allahabad,4540,175
Uttar Pradesh,Ambedkar Nagar,4328,47
Uttar Pradesh,Amethi,39,10
Uttar Pradesh,Amroha,1302,40
Uttar Pradesh,Auraiya,71,26
Uttar Pradesh,Azamgarh,965,40
Uttar Pradesh,Baghpat,1054,33
Uttar Pradesh,Bahraich,254,91
Uttar Pradesh,Ballia,2208,122
Uttar Pradesh,Balrampur,16,0
Uttar Pradesh,Banda,102,201
Uttar Pradesh,Barabanki,3893,88
Uttar Pradesh,Bareilly,2808,167
Uttar Pradesh,Basti,726,96
Uttar Pradesh,Bijnor,4919,158
Uttar Pradesh,Budaun,1499,15
Uttar Pradesh,Bulandshahr,1027,127
Uttar Pradesh,Chandauli,54,10
Uttar Pradesh,Chitrakoot,9,2
Uttar Pradesh,Deoria,1268,39
Uttar Pradesh,Etah,721,19
Uttar Pradesh,Etawah,18,0
Uttar Pradesh,Faizabad,1816,75
Uttar Pradesh,Farrukhabad,925,40
Uttar Pradesh,Fatehpur,452,15
Uttar Pradesh,Firozabad,1442,76
Uttar Pradesh,Gautam Buddha Nagar,2081,90
Uttar Pradesh,Ghaziabad,1921,197
Uttar Pradesh,Ghazipur,1303,31
Uttar Pradesh,Gonda,312,15
Uttar Pradesh,Gorakhpur,2214,54
Uttar Pradesh,Hamirpur,132,42
Uttar Pradesh,Hapur,30,3
Uttar Pradesh,Hardoi,778,32
Uttar Pradesh,Hathras,422,90
Uttar Pradesh,Jalaun,241,11
Uttar Pradesh,Jaunpur,1671,40
Uttar Pradesh,Jhansi,1001,57
Uttar Pradesh,Kannauj,1757,116
Uttar Pradesh,Kanpur Dehat,1511,244
Uttar Pradesh,Kanpur Nagar,1959,182
Uttar Pradesh,Kasganj,591,33
Uttar Pradesh,Kaushambi,137,25
Uttar Pradesh,Kheri,677,65
Uttar Pradesh,Kushinagar,493,29
Uttar Pradesh,Lalitpur,387,25
Uttar Pradesh,Lucknow,6241,445
Uttar Pradesh,Maharajganj,1510,17
Uttar Pradesh,Mahoba,9,1
Uttar Pradesh,Mainpuri,94,20
Uttar Pradesh,Mathura,5952,96
Uttar Pradesh,Mau,1779,35
Uttar Pradesh,Meerut,1926,114
Uttar Pradesh,Mirzapur,3525,100
Uttar Pradesh,Moradabad,3792,177
Uttar Pradesh,Muzaffarnagar,284,24
Uttar Pradesh,Pilibhit,645,77
Uttar Pradesh,Pratapgarh,1182,22
Uttar Pradesh,Raebareli,54,43
Uttar Pradesh,Rampur,1436,27
Uttar Pradesh,Saharanpur,1354,83
Uttar Pradesh,Sambhal,2433,145
Uttar Pradesh,Sant Kabir Nagar,7,2
Uttar Pradesh,Sant Ravidas Nagar,1283,36
Uttar Pradesh,Shahjahanpur,26,5
Uttar Pradesh,Shamli,532,43
Uttar Pradesh,Shrawasti,196,6
Uttar Pradesh,Siddharthnagar,465,59
Uttar Pradesh,Sitapur,5959,115
Uttar Pradesh,Sonbhadra,890,18
Uttar Pradesh,Sultanpur,665,28
Uttar Pradesh,Unnao,654,62
Uttar Pradesh,Varanasi,3552,166
Uttarakhand,Almora,37,0
Uttarakhand,Bageshwar,4,0
Uttarakhand,Chamoli,10,1
Uttarakhand,Champawat,5,0
Uttarakhand,Dehradun,4697,138
Uttarakhand,Haridwar,763,5
Uttarakhand,Nainital,188,12
Uttarakhand,Pauri Garhwal,51,0
Uttarakhand,Pithoragarh,6,0
Uttarakhand,Rudraprayag,5,0
Uttarakhand,Tehri Garhwal,14,2
Uttarakhand,Udham Singh Nagar,3112,192
Uttarakhand,Uttarkashi,8,0
West Bengal,Bankura,181,7
West Bengal,Bardhaman,4939,99
West Bengal,Birbhum,1243,33
West Bengal,Cooch Behar,11,4
West Bengal,Darjeeling,114,4
West Bengal,East Midnapore,3106,4
West Bengal,Hooghly,4603,14
West Bengal,Howrah,5,2
West Bengal,Jalpaiguri,3665,73
West Bengal,Kolkata,14,5
West Bengal,Malda,7,2
West Bengal,Murshidabad,28,11
West Bengal,Nadia,11199,87
West Bengal,North 24 Parganas,187,39
West Bengal,North Dinajpur,4212,269
West Bengal,Purulia,2673,22
West Bengal,South 24 Parganas,1253,54
West Bengal,South Dinajpur,703,11
West Bengal,South Twenty Four Parganas,0,1
West Bengal,West Midnapore,2184,29
