State,District,Aadhaar generated,Enrolment Rejected
Andaman and Nicobar Islands,South Andaman,1,0
Andhra Pradesh,Adilabad,141,175
Andhra Pradesh,Ananthapur,841,688
Andhra Pradesh,Chittoor,181,149
Andhra Pradesh,Cuddapah,133,78
Andhra Pradesh,East Godavari,205,160
Andhra Pradesh,Guntur,72,106
Andhra Pradesh,Hyderabad,107,60
Andhra Pradesh,Karimnagar,533,324
Andhra Pradesh,Khammam,582,260
Andhra Pradesh,Krishna,57,110
Andhra Pradesh,Kurnool,946,897
Andhra Pradesh,Mahbubnagar,789,869
Andhra Pradesh,Medak,287,123
Andhra Pradesh,Nalgonda,197,118
Andhra Pradesh,Nellore,1234,427
Andhra Pradesh,Nizamabad,389,304
Andhra Pradesh,Prakasam,497,296
Andhra Pradesh,Ranga Reddy,259,316
Andhra Pradesh,Srikakulam,94,98
Andhra Pradesh,Visakhapatnam,400,228
Andhra Pradesh,Vizianagaram,855,674
Andhra Pradesh,Warangal,362,453
Andhra Pradesh,West Godavari,352,233
Arunachal Pradesh,Changlang,1,0
Arunachal Pradesh,Lohit,1,0
Arunachal Pradesh,Upper Subansiri,0,1
Assam,Baksa,4,1
Assam,Barpeta,7,1
Assam,Bongaigaon,1,0
Assam,Cachar,6,4
Assam,Chirang,3,0
Assam,Darrang,2,0
Assam,Dhemaji,1,0
Assam,Dhubri,1,0
Assam,Dibrugarh,3,0
Assam,Golaghat,5,1
Assam,Hailakandi,4,1
Assam,Jorhat,4,0
Assam,Kamrup,3,0
Assam,Kamrup Metro,2,0
Assam,Karbi Anglong,3,0
Assam,Karimganj,6,2
Assam,Kokrajhar,5,0
Assam,Lakhimpur,3,1
Assam,Marigaon,1,2
Assam,Nagaon,5,0
Assam,Sibsagar,2,0
Assam,Sonitpur,4,0
Assam,Tinsukia,6,0
Assam,Udalguri,5,1
Bihar,Araria,99,14
Bihar,Arwal,20,7
Bihar,Aurangabad,195,74
Bihar,Banka,1679,150
Bihar,Begusarai,671,111
Bihar,Bhagalpur,283,89
Bihar,Bhojpur,545,144
Bihar,Buxar,211,23
Bihar,Darbhanga,48,20
Bihar,East Champaran,681,101
Bihar,Gaya,1860,245
Bihar,Gopalganj,348,166
Bihar,Jamui,190,15
Bihar,Jehanabad,206,56
Bihar,Kaimur (Bhabua),16,11
Bihar,Katihar,28,49
Bihar,Khagaria,130,8
Bihar,Kishanganj,43,11
Bihar,Lakhisarai,238,21
Bihar,Madhepura,10,5
Bihar,Madhubani,594,161
Bihar,Munger,1237,267
Bihar,Muzaffarpur,2396,810
Bihar,Nalanda,36,31
Bihar,Nawada,730,41
Bihar,Patna,4435,2375
Bihar,Purnia,2146,224
Bihar,Rohtas,66,108
Bihar,Saharsa,70,29
Bihar,Samastipur,2395,129
Bihar,Saran,2446,249
Bihar,Sheikhpura,5,6
Bihar,Sheohar,7,4
Bihar,Sitamarhi,1410,67
Bihar,Siwan,623,106
Bihar,Supaul,122,22
Bihar,Vaishali,993,142
Bihar,West Champaran,1266,94
Chandigarh,Chandigarh,6,53
Chhattisgarh,Balod,503,31
Chhattisgarh,Baloda Bazar,758,49
Chhattisgarh,Balrampur,19,1
Chhattisgarh,Bastar,57,36
Chhattisgarh,Bemetara,51,26
Chhattisgarh,Bilaspur,1178,432
Chhattisgarh,Dantewada,13,0
Chhattisgarh,Dhamtari,4,10
Chhattisgarh,Durg,5102,498
Chhattisgarh,Gariyaband,3,2
Chhattisgarh,Janjgir Champa,31,34
Chhattisgarh,Janjgir-champa,0,1
Chhattisgarh,Jashpur,5,2
Chhattisgarh,Kanker,13,1
Chhattisgarh,Kawardha,4,0
Chhattisgarh,Kondagaon,1578,40
Chhattisgarh,Korba,835,29
Chhattisgarh,Koriya,22,13
Chhattisgarh,Mahasamund,1445,75
Chhattisgarh,Mungeli,2152,73
Chhattisgarh,Narayanpur,259,27
Chhattisgarh,Raigarh,1905,263
Chhattisgarh,Raipur,487,71
Chhattisgarh,Rajnandgaon,6462,86
Chhattisgarh,Sukma,1,0
Chhattisgarh,Surajpur,0,1
Chhattisgarh,Surguja,541,34
Chhattisgarh,Uttar Bastar Kanker,595,23
Dadra and Nagar Haveli,Dadra and Nagar Haveli,2,6
Daman and Diu,Daman,5,2
Delhi,Central Delhi,43,89
Delhi,East Delhi,40,259
Delhi,New Delhi,2,8
Delhi,North Delhi,19,112
Delhi,North East,0,160
Delhi,North East Delhi,13,149
Delhi,North West Delhi,153,728
Delhi,South Delhi,110,326
Delhi,South West Delhi,102,212
Delhi,West Delhi,230,181
Goa,North Goa,39,5
Goa,South Goa,66,10
Gujarat,Ahmedabad,598,265
Gujarat,Amreli,1,7
Gujarat,Anand,123,37
Gujarat,Banaskantha,429,77
Gujarat,Bharuch,20,16
Gujarat,Bhavnagar,840,128
Gujarat,Dahod,14,86
Gujarat,Gandhinagar,346,90
Gujarat,Jamnagar,508,82
Gujarat,Junagadh,692,45
Gujarat,Kachchh,2256,111
Gujarat,Kheda,3111,136
Gujarat,Mahesana,79,46
Gujarat,Narmada,1,9
Gujarat,Navsari,10,109
Gujarat,Panchmahal,564,196
Gujarat,Patan,129,41
Gujarat,Porbandar,1,2
Gujarat,Rajkot,147,43
Gujarat,Sabarkantha,3044,186
Gujarat,Surat,176,159
Gujarat,Surendranagar,272,54
Gujarat,Tapi,141,18
Gujarat,The Dangs,529,71
Gujarat,Vadodara,201,112
Gujarat,Valsad,250,69
Haryana,Ambala,5,154
Haryana,Bhiwani,7,118
Haryana,Faridabad,116,61
Haryana,Fatehabad,1,4
Haryana,Gurgaon,32,80
Haryana,Hisar,67,132
Haryana,Jhajjar,20,49
Haryana,Jind,13,90
Haryana,Kaithal,20,59
Haryana,Karnal,25,88
Haryana,Kurukshetra,46,104
Haryana,Mahendragarh,21,84
Haryana,Mewat,93,163
Haryana,Palwal,191,20
Haryana,Panchkula,8,117
Haryana,Panipat,19,112
Haryana,Rewari,3,74
Haryana,Rohtak,27,54
Haryana,Sirsa,12,57
Haryana,Sonipat,17,90
Haryana,Yamuna Nagar,167,248
Himachal Pradesh,Bilaspur,0,25
Himachal Pradesh,Chamba,12,17
Himachal Pradesh,Hamirpur,3,15
Himachal Pradesh,Kangra,23,53
Himachal Pradesh,Kinnaur,2,3
Himachal Pradesh,Kullu,2,9
Himachal Pradesh,Lahul and Spiti,0,1
Himachal Pradesh,Mandi,5,19
Himachal Pradesh,Shimla,27,26
Himachal Pradesh,Sirmaur,9,12
Himachal Pradesh,Solan,7,15
Himachal Pradesh,Una,1,9
Jammu and Kashmir,Anantnag,1,15
Jammu and Kashmir,Badgam,1,9
Jammu and Kashmir,Bandipore,146,14
Jammu and Kashmir,Baramula,1665,63
Jammu and Kashmir,Doda,1,3
Jammu and Kashmir,Jammu,327,64
Jammu and Kashmir,Kathua,3,3
Jammu and Kashmir,Kupwara,0,23
Jammu and Kashmir,Pulwama,4351,40
Jammu and Kashmir,Punch,0,2
Jammu and Kashmir,Rajouri,2,2
Jammu and Kashmir,Reasi,0,18
Jammu and Kashmir,Srinagar,0,115
Jammu and Kashmir,Udhampur,0,31
Jharkhand,Bokaro,89,76
Jharkhand,Chatra,115,68
Jharkhand,Deoghar,15,21
Jharkhand,Dhanbad,175,116
Jharkhand,Dumka,6,37
Jharkhand,East Singhbhum,7,47
Jharkhand,Garhwa,115,107
Jharkhand,Giridih,157,78
Jharkhand,Godda,21,50
Jharkhand,Gumla,51,37
Jharkhand,Hazaribagh,98,73
Jharkhand,Jamtara,0,20
Jharkhand,Khunti,17,25
Jharkhand,Koderma,29,40
Jharkhand,Latehar,19,43
Jharkhand,Lohardaga,2,24
Jharkhand,Pakur,7,35
Jharkhand,Palamu,475,245
Jharkhand,Ramgarh,23,36
Jharkhand,Ranchi,308,211
Jharkhand,Sahibganj,1,11
Jharkhand,Seraikela-Kharsawan,0,22
Jharkhand,Simdega,27,71
Jharkhand,West Singhbhum,15,56
Karnataka,Bagalkot,532,267
Karnataka,Bangalore,175,125
Karnataka,Bangalore Rural,8,16
Karnataka,Belgaum,140,78
Karnataka,Bellary,9,165
Karnataka,Bidar,2,61
Karnataka,Bijapur,264,137
Karnataka,Bijapur(KAR),0,42
Karnataka,Chamarajanagar,12,62
Karnataka,Chikkaballapur,484,198
Karnataka,Chikmagalur,15,29
Karnataka,Chitradurga,78,163
Karnataka,Dakshina Kannada,1,7
Karnataka,Davangere,13,229
Karnataka,Dharwad,1,104
Karnataka,Gadag,2,21
Karnataka,Gulbarga,143,107
Karnataka,Hassan,205,158
Karnataka,Haveri,164,728
Karnataka,Kodagu,2,12
Karnataka,Kolar,802,577
Karnataka,Koppal,125,59
Karnataka,Mandya,23,214
Karnataka,Mysore,3,202
Karnataka,Raichur,34,187
Karnataka,Ramanagar,6,12
Karnataka,Shimoga,332,125
Karnataka,Tumkur,14,176
Karnataka,Udupi,1,15
Karnataka,Uttara Kannada,4,44
Karnataka,Yadgir,234,102
Kerala,Alappuzha,47,106
Kerala,Ernakulam,133,128
Kerala,Idukki,200,56
Kerala,Kannur,270,134
Kerala,Kasaragod,197,101
Kerala,Kollam,196,362
Kerala,Kottayam,281,83
Kerala,Kozhikode,242,225
Kerala,Malappuram,272,437
Kerala,Palakkad,283,158
Kerala,Pathanamthitta,104,71
Kerala,Thiruvananthapuram,88,302
Kerala,Thrissur,232,168
Kerala,Wayanad,68,85
Lakshadweep,Lakshadweep,0,1
Madhya Pradesh,Alirajpur,116,47
Madhya Pradesh,Anuppur,26,13
Madhya Pradesh,Ashok Nagar,52,18
Madhya Pradesh,Balaghat,27,43
Madhya Pradesh,Barwani,71,107
Madhya Pradesh,Betul,19,85
Madhya Pradesh,Bhind,72,56
Madhya Pradesh,Bhopal,25,65
Madhya Pradesh,Burhanpur,1,5
Madhya Pradesh,Chhatarpur,259,49
Madhya Pradesh,Chhindwara,55,38
Madhya Pradesh,Damoh,83,152
Madhya Pradesh,Datia,16,20
Madhya Pradesh,Dewas,92,72
Madhya Pradesh,Dhar,204,43
Madhya Pradesh,Dindori,61,44
Madhya Pradesh,Guna,274,64
Madhya Pradesh,Gwalior,133,88
Madhya Pradesh,Harda,6,28
Madhya Pradesh,Hoshangabad,30,28
Madhya Pradesh,Indore,13,69
Madhya Pradesh,Jabalpur,13,69
Madhya Pradesh,Jhabua,81,27
Madhya Pradesh,Katni,12,26
Madhya Pradesh,Khandwa,5,16
Madhya Pradesh,Khargone,101,55
Madhya Pradesh,Mandla,301,88
Madhya Pradesh,Mandsaur,90,103
Madhya Pradesh,Morena,154,85
Madhya Pradesh,Narsinghpur,43,29
Madhya Pradesh,Neemuch,2,24
Madhya Pradesh,Panna,79,49
Madhya Pradesh,Raisen,5,18
Madhya Pradesh,Rajgarh,145,40
Madhya Pradesh,Ratlam,200,178
Madhya Pradesh,Rewa,16,28
Madhya Pradesh,Sagar,130,87
Madhya Pradesh,Satna,115,82
Madhya Pradesh,Sehore,207,93
Madhya Pradesh,Seoni,31,86
Madhya Pradesh,Shahdol,149,55
Madhya Pradesh,Shajapur,144,31
Madhya Pradesh,Sheopur,167,11
Madhya Pradesh,Shivpuri,615,109
Madhya Pradesh,Sidhi,32,12
Madhya Pradesh,Singrauli,31,31
Madhya Pradesh,Tikamgarh,78,31
Madhya Pradesh,Ujjain,126,59
Madhya Pradesh,Umaria,19,15
Madhya Pradesh,Vidisha,128,34
Maharashtra,Ahmednagar,95,63
Maharashtra,Akola,101,68
Maharashtra,Amravati,48,82
Maharashtra,Aurangabad,61,116
Maharashtra,Beed,86,46
Maharashtra,Bhandara,12,41
Maharashtra,Buldhana,105,65
Maharashtra,Chandrapur,14,60
Maharashtra,Dhule,89,37
Maharashtra,Gadchiroli,206,29
Maharashtra,Gondia,31,51
Maharashtra,Hingoli,34,45
Maharashtra,Jalgaon,95,142
Maharashtra,Jalna,66,34
Maharashtra,Kolhapur,53,43
Maharashtra,Latur,45,123
Maharashtra,Mumbai,163,179
Maharashtra,Nagpur,88,80
Maharashtra,Nanded,136,77
Maharashtra,Nandurbar,51,28
Maharashtra,Nashik,227,116
Maharashtra,Osmanabad,27,41
Maharashtra,Parbhani,271,53
Maharashtra,Pune,203,112
Maharashtra,Raigad,47,43
Maharashtra,Ratnagiri,158,53
Maharashtra,Sangli,22,30
Maharashtra,Satara,48,64
Maharashtra,Sindhudurg,1,32
Maharashtra,Solapur,1316,180
Maharashtra,Thane,362,139
Maharashtra,Wardha,7,12
Maharashtra,Washim,8,26
Maharashtra,Yavatmal,557,124
Manipur,Bishnupur,0,3
Manipur,Chandel,1,1
Manipur,Churachandpur,47,96
Manipur,Imphal East,2,17
Manipur,Imphal West,1,21
Manipur,Thoubal,2,2
Meghalaya,East Khasi Hills,0,1
Meghalaya,Ri Bhoi,1,0
Meghalaya,West Garo Hills,3,0
Mizoram,Aizawl,0,16
Mizoram,Kolasib,0,6
Mizoram,Lawngtlai,58,1
Mizoram,Lunglei,37,5
Mizoram,Saiha,1,0
Nagaland,Kohima,0,1
Nagaland,Mokokchung,0,1
Odisha,Angul,2,0
Odisha,Anugul,0,5
Odisha,Balangir,201,1965
Odisha,Baleswar,5,6
Odisha,Balianta,0,1
Odisha,Bargarh,44,2
Odisha,Baudh,667,15
Odisha,Bhadrak,0,27
Odisha,Boudh,0,1
Odisha,Cuttack,4,803
Odisha,Debagarh,561,9
Odisha,Dhenkanal,5,223
Odisha,Ganjam,32,54
Odisha,Jagatsinghapur,0,31
Odisha,Jajapur,7,24
Odisha,Jharsuguda,6708,244
Odisha,Kalahandi,2,2
Odisha,Kandhamal,0,4
Odisha,Kendrapara,7,30
Odisha,Kendujhar,1,6
Odisha,Khorda,1607,244
Odisha,Khordha,1,123
Odisha,Koraput,0,1
Odisha,Malkangiri,0,96
Odisha,Mayurbhanj,6,9
Odisha,Nayagarh,72,32
Odisha,Puri,1,264
Odisha,Sambalpur,424,5908
Odisha,Sonapur,0,6
Odisha,Sundergarh,4110,238
Others,Others,0,1095
Puducherry,Karaikal,4,14
Puducherry,Puducherry,20,21
Punjab,Amritsar,25,170
Punjab,Barnala,29,79
Punjab,Bathinda,39,79
Punjab,Faridkot,67,39
Punjab,Fatehgarh Sahib,11,16
Punjab,Fazilka,47,56
Punjab,Firozpur,16,56
Punjab,Gurdaspur,23,110
Punjab,Hoshiarpur,34,55
Punjab,Jalandhar,56,127
Punjab,Kapurthala,53,76
Punjab,Ludhiana,74,203
Punjab,Mansa,5,79
Punjab,Moga,33,54
Punjab,Pathankot,28,45
Punjab,Patiala,77,119
Punjab,Rupnagar,6,56
Punjab,SAS Nagar (Mohali),17,48
Punjab,Sangrur,11,90
Punjab,Shaheed Bhagat Singh Nagar,26,57
Punjab,Sri Muktsar Sahib,57,59
Punjab,Tarn Taran,44,67
Rajasthan,Ajmer,99,96
Rajasthan,Alwar,114,121
Rajasthan,Banswara,92,49
Rajasthan,Baran,168,16
Rajasthan,Barmer,21,23
Rajasthan,Bharatpur,335,56
Rajasthan,Bhilwara,15,32
Rajasthan,Bikaner,51,30
Rajasthan,Bundi,5,26
Rajasthan,Chittorgarh,9,50
Rajasthan,Churu,115,36
Rajasthan,Dausa,5,17
Rajasthan,Dholpur,29,31
Rajasthan,Dungarpur,31,18
Rajasthan,Ganganagar,77,34
Rajasthan,Hanumangarh,77,39
Rajasthan,Jaipur,184,151
Rajasthan,Jaisalmer,0,5
Rajasthan,Jalor,0,3
Rajasthan,Jhalawar,16,30
Rajasthan,Jhunjhunu,74,120
Rajasthan,Jodhpur,27,73
Rajasthan,Karauli,79,8
Rajasthan,Kota,19,61
Rajasthan,Nagaur,299,50
Rajasthan,Pali,25,81
Rajasthan,Pratapgarh,9,14
Rajasthan,Rajsamand,3,9
Rajasthan,Sawai Madhopur,73,19
Rajasthan,Sikar,28,96
Rajasthan,Sirohi,1,0
Rajasthan,Tonk,127,12
Rajasthan,Udaipur,6,57
Sikkim,East Sikkim,0,3
Sikkim,North Sikkim,1,1
Sikkim,South Sikkim,0,3
Sikkim,West Sikkim,67,6
Tamil Nadu,Ariyalur,1,0
Tamil Nadu,Chennai,39,27
Tamil Nadu,Coimbatore,377,62
Tamil Nadu,Cuddalore,1,13
Tamil Nadu,Dharmapuri,3,20
Tamil Nadu,Dindigul,5,3
Tamil Nadu,Erode,9,288
Tamil Nadu,Kancheepuram,712,52
Tamil Nadu,Kanyakumari,9,3
Tamil Nadu,Karur,1,2
Tamil Nadu,Krishnagiri,2,5
Tamil Nadu,Madurai,4,8
Tamil Nadu,Nagapattinam,3,9
Tamil Nadu,Namakkal,1,0
Tamil Nadu,Perambalur,0,3
Tamil Nadu,Pudukkottai,2,10
Tamil Nadu,Ramanathapuram,4,9
Tamil Nadu,Salem,3,62
Tamil Nadu,Sivaganga,3,3
Tamil Nadu,Thanjavur,3,16
Tamil Nadu,The Nilgiris,2,0
Tamil Nadu,Theni,6,16
Tamil Nadu,Thiruvarur,7,0
Tamil Nadu,Thoothukudi,3,5
Tamil Nadu,Tiruchirappalli,0,6
Tamil Nadu,Tirunelveli,9,8
Tamil Nadu,Tirupur,25,9
Tamil Nadu,Tiruvallur,61,470
Tamil Nadu,Tiruvannamalai,6,54
Tamil Nadu,Tiruvarur,0,7
Tamil Nadu,Vellore,23,85
Tamil Nadu,Viluppuram,9,86
Tamil Nadu,Virudhunagar,3,5
Tripura,Dhalai,0,3
Tripura,Gomati,6,11
Tripura,Khowai,2,4
Tripura,North Tripura,9,11
Tripura,Sepahijala,107,30
Tripura,South Tripura,7,53
Tripura,Unakoti,3,56
Tripura,West Tripura,7,14
Uttar Pradesh,Agra,3278,1446
Uttar Pradesh,Aligarh,2700,464
Uttar Pradesh,Allahabad,1958,955
Uttar Pradesh,Ambedkar Nagar,1226,129
Uttar Pradesh,Amethi,19,38
Uttar Pradesh,Amroha,1474,150
Uttar Pradesh,Auraiya,28,87
Uttar Pradesh,Azamgarh,3179,122
Uttar Pradesh,Baghpat,337,77
Uttar Pradesh,Bahraich,385,164
Uttar Pradesh,Ballia,1339,286
Uttar Pradesh,Balrampur,6,20
Uttar Pradesh,Banda,557,166
Uttar Pradesh,Barabanki,4886,263
Uttar Pradesh,Bareilly,1490,803
Uttar Pradesh,Basti,1167,109
Uttar Pradesh,Bijnor,5912,436
Uttar Pradesh,Budaun,746,79
Uttar Pradesh,Bulandshahr,1666,177
Uttar Pradesh,Chandauli,1740,51
Uttar Pradesh,Chitrakoot,130,12
Uttar Pradesh,Deoria,1779,93
Uttar Pradesh,Etah,80,162
Uttar Pradesh,Etawah,11,34
Uttar Pradesh,Faizabad,3456,143
Uttar Pradesh,Farrukhabad,69,79
Uttar Pradesh,Fatehpur,26,65
Uttar Pradesh,Firozabad,458,282
Uttar Pradesh,Gautam Buddha Nagar,1890,386
Uttar Pradesh,Ghaziabad,4969,1545
Uttar Pradesh,Ghazipur,118,111
Uttar Pradesh,Gonda,2102,31
Uttar Pradesh,Gorakhpur,2626,371
Uttar Pradesh,Hamirpur,43,8
Uttar Pradesh,Hapur,5,104
Uttar Pradesh,Hardoi,2078,142
Uttar Pradesh,Hathras,1057,189
Uttar Pradesh,Jalaun,535,47
Uttar Pradesh,Jaunpur,910,100
Uttar Pradesh,Jhansi,1402,223
Uttar Pradesh,Kannauj,670,85
Uttar Pradesh,Kanpur Dehat,1243,421
Uttar Pradesh,Kanpur Nagar,367,805
Uttar Pradesh,Kasganj,21,114
Uttar Pradesh,Kaushambi,87,17
Uttar Pradesh,Kheri,84,75
Uttar Pradesh,Kushinagar,359,119
Uttar Pradesh,Lalitpur,404,68
Uttar Pradesh,Lucknow,4038,2127
Uttar Pradesh,Maharajganj,1207,124
Uttar Pradesh,Mahoba,1,6
Uttar Pradesh,Mainpuri,445,99
Uttar Pradesh,Mathura,3506,635
Uttar Pradesh,Mau,870,224
Uttar Pradesh,Meerut,2413,506
Uttar Pradesh,Mirzapur,1674,178
Uttar Pradesh,Moradabad,2236,1042
Uttar Pradesh,Muzaffarnagar,756,67
Uttar Pradesh,Pilibhit,392,120
Uttar Pradesh,Pratapgarh,47,174
Uttar Pradesh,Raebareli,88,80
Uttar Pradesh,Rampur,1034,98
Uttar Pradesh,Saharanpur,2384,519
Uttar Pradesh,Sambhal,1525,201
Uttar Pradesh,Sant Kabir Nagar,26,30
Uttar Pradesh,Sant Ravidas Nagar,276,125
Uttar Pradesh,Shahjahanpur,77,89
Uttar Pradesh,Shamli,52,51
Uttar Pradesh,Shrawasti,9,7
Uttar Pradesh,Siddharthnagar,671,56
Uttar Pradesh,Sitapur,1558,197
Uttar Pradesh,Sonbhadra,353,49
Uttar Pradesh,Sultanpur,1934,283
Uttar Pradesh,Unnao,2391,218
Uttar Pradesh,Varanasi,4796,661
Uttarakhand,Almora,20,9
Uttarakhand,Bageshwar,2,10
Uttarakhand,Chamoli,3,5
Uttarakhand,Champawat,1,3
Uttarakhand,Dehradun,196,220
Uttarakhand,Hardwar,0,1
Uttarakhand,Haridwar,127,225
Uttarakhand,Nainital,421,33
Uttarakhand,Pauri Garhwal,7,38
Uttarakhand,Pithoragarh,22,8
Uttarakhand,Rudraprayag,3,1
Uttarakhand,Tehri Garhwal,10,6
Uttarakhand,Udham Singh Nagar,506,222
Uttarakhand,Uttarkashi,1,1
West Bengal,Bankura,3,45
West Bengal,Bardhaman,15,566
West Bengal,Birbhum,3,168
West Bengal,Cooch Behar,5,6
West Bengal,Darjeeling,318,48
West Bengal,East Midnapore,9,45
West Bengal,Hooghly,5,517
West Bengal,Howrah,2,28
West Bengal,Jalpaiguri,3107,198
West Bengal,Kolkata,27,45
West Bengal,Malda,27,15
West Bengal,Murshidabad,27,43
West Bengal,Nadia,6815,414
West Bengal,North 24 Parganas,194,1419
West Bengal,North Dinajpur,4891,422
West Bengal,Purulia,601,420
West Bengal,South 24 Parganas,2096,223
West Bengal,South Dinajpur,43,8
West Bengal,West Midnapore,650,185
