Registrar,Enrolment Agency,Aadhaar generated,Enrolment Rejected
Allahabad Bank,A-Onerealtors Pvt Ltd,1344,77
Allahabad Bank,Agro Tech Engineers,13,4
Allahabad Bank,Asha Security Guard Services,1158,81
Allahabad Bank,Ayush Enterprises,273,4
Allahabad Bank,Corporate India Facilities Pvt Ltd,20,2
Allahabad Bank,MEGHA VINCOM PVT LTD,213,55
Allahabad Bank,Nevaeh Technology Pvt. Ltd.,64,9
Allahabad Bank,Ortem Securities Limited,132,1
Allahabad Bank,PROTEX COMPUTER PVT LTD,112,0
Allahabad Bank,SGS INDIA PVT LTD,1427,52
Allahabad Bank,Transmoovers India,77,2
Allahabad Bank,VAP INFOSOLUTIONS,182,6
Allahabad Bank,Vedavaag Systems Limited,777,74
Atalji Janasnehi Directorate  Government of Karnataka,Atalji Janasnehi Directorate  GOK,8117,93
Bank Of India,A3 Logics  India  Ltd,109,2
Bank Of India,DATASOFT COMPUTER SERVICES(P),563,1
Bank Of India,Frontech Systems Pvt Ltd,595,26
Bank Of India,OSWAL COMPUTERS & CONSULTANTS,587,8
Bank Of India,PROTEX COMPUTER PVT LTD,491,3
Bank Of India,SARADA SYSTEMS,2076,46
Bank Of India,SREI INFRASTRUCTURE FINANCES L,4850,231
Bank Of India,VEETECHNOLOGIES PVT. LTD,4181,40
Bank of Baroda,Twinstar Industries Ltd.,42,0
Bank of Maharashtra,Tera Software Ltd,1297,13
CSC e-Governance Services India Limited,A I Soc for Electronics and Comp Tech,8672,256
CSC e-Governance Services India Limited,A-Onerealtors Pvt Ltd,114,11
CSC e-Governance Services India Limited,AKSH OPTIFIBRE LIMITED,8379,441
CSC e-Governance Services India Limited,APOnline Limited,142,11
CSC e-Governance Services India Limited,Alankit Limited,121,2
CSC e-Governance Services India Limited,Amar Constructions,351,391
CSC e-Governance Services India Limited,BASIX,7214,657
CSC e-Governance Services India Limited,Binary Systems,98,7
CSC e-Governance Services India Limited,Bloom Solutions Pvt Ltd,1127,100
CSC e-Governance Services India Limited,CALANCE SOFTWARE PRIVATE LTD,676,11
CSC e-Governance Services India Limited,CHIPS,9345,252
CSC e-Governance Services India Limited,CMS Computers Ltd,16918,6617
CSC e-Governance Services India Limited,CSC e-Governance Services India Limited,24728,506
CSC e-Governance Services India Limited,Computer Print,549,15
CSC e-Governance Services India Limited,Conatus Infocom Pvt. Ltd,355,10
CSC e-Governance Services India Limited,DATASOFT COMPUTER SERVICES(P),3234,57
CSC e-Governance Services India Limited,Digitcom Systems Pvt. Ltd.,969,49
CSC e-Governance Services India Limited,Ecartes Technology Pvt. Ltd,321,6
CSC e-Governance Services India Limited,Estex Telecom Pvt Ltd,706,23
CSC e-Governance Services India Limited,Excel Technovation Pvt. Ltd,128,1
CSC e-Governance Services India Limited,Gem Computers,29,16
CSC e-Governance Services India Limited,Home Life Buildcon Pvt Ltd,4199,255
CSC e-Governance Services India Limited,HyperSoft Technologies Ltd,440,37
CSC e-Governance Services India Limited,IAP COMPANY Pvt. Ltd,6852,185
CSC e-Governance Services India Limited,Janta Silikon Consortium,1561,215
CSC e-Governance Services India Limited,Jeevan Deep Charitable Society,1538,23
CSC e-Governance Services India Limited,KDS Services Private Limited,541,4
CSC e-Governance Services India Limited,MANTRA SOFTTECH (INDIA) PVTLTD,4363,16
CSC e-Governance Services India Limited,MEGHA VINCOM PVT LTD,859,97
CSC e-Governance Services India Limited,Mahamritunjay Traders,3328,213
CSC e-Governance Services India Limited,Mahaonline Limited,3094,1152
CSC e-Governance Services India Limited,Matrix Processing House,13,0
CSC e-Governance Services India Limited,Murano India Pvt Ltd,384,7
CSC e-Governance Services India Limited,NPS Technologies Pvt. Ltd,9242,4261
CSC e-Governance Services India Limited,NVR & ASSOCIATES LIMITED,1406,66
CSC e-Governance Services India Limited,Nekton IT India Pvt Ltd.,4912,89
CSC e-Governance Services India Limited,Netlink software Pvt Ltd,709,25
CSC e-Governance Services India Limited,Network for Information & Computer,2953,55
CSC e-Governance Services India Limited,P-Net Solutions Limited,130,1
CSC e-Governance Services India Limited,Prakash Computer Services,1166,40
CSC e-Governance Services India Limited,Promind Solutions P Limited,3251,232
CSC e-Governance Services India Limited,Radiant Haroti Industries India Ltd,3571,382
CSC e-Governance Services India Limited,Raj Construction Co.,516,49
CSC e-Governance Services India Limited,SGS INDIA PVT LTD,1423,53
CSC e-Governance Services India Limited,SPANCO,1708,52
CSC e-Governance Services India Limited,SRR Infotech,1217,42
CSC e-Governance Services India Limited,Sahaj e-Village Limited,599,11
CSC e-Governance Services India Limited,Saket Advertising Pvt. Ltd,126,5
CSC e-Governance Services India Limited,Sri Ramraja Sarkar Lok Kalyan Trust,677,18
CSC e-Governance Services India Limited,Super Printers,242,16
CSC e-Governance Services India Limited,Tera Software Ltd,2608,133
CSC e-Governance Services India Limited,Twinstar Industries Ltd.,570,11
CSC e-Governance Services India Limited,United Telecoms e-Services Pvt Ltd,2356,37
CSC e-Governance Services India Limited,VIKALP MULTIMEDIA,490,44
CSC e-Governance Services India Limited,VISESH INFOTECNICS LIMITED,8,1
CSC e-Governance Services India Limited,VISION COMPTECH INTEGRATOR LTD,888,50
CSC e-Governance Services India Limited,Vayam technologies Ltd,2107,57
CSC e-Governance Services India Limited,Vedavaag Systems Limited,4289,147
CSC e-Governance Services India Limited,Vigilant Corporate Services Pvt Ltd,73,8
CSC e-Governance Services India Limited,Virinchi Technologies Ltd,294,35
CSC e-Governance Services India Limited,Yash Ornaments Pvt. Ltd,812,36
CSC e-Governance Services India Limited,Zephyr System Pvt.Ltd.,8300,289
Canara Bank,FINANCIAL INFORMATION NETWORK,3276,94
Canara Bank,Karvy Data Management Services,5778,143
Canara Bank,Ojus Healthcare Private Limited,156,3
Canara Bank,Osiris Infotech Pvt. Ltd.,181,29
Canara Bank,Smart Chip Limited,4,1
Canara Bank,Virinchi Technologies Ltd,2508,80
DENA BANK,77 Infosystems Pvt Ltd,408,6
DENA BANK,A-Onerealtors Pvt Ltd,220,12
DENA BANK,APEX Services,1314,34
DENA BANK,AS International,572,37
DENA BANK,ATISHAY INFOTECH PVT. LTD.,1735,42
DENA BANK,AVVAS INFOTECH PVT  LTD,1564,151
DENA BANK,Advent Infomax Private Ltd,62,2
DENA BANK,Akhil Bhartiya Majdoor Shiksha Sewa Samiti,50,1
DENA BANK,Amar Constructions,56,66
DENA BANK,Apnatech Consultancy Services Pvt Ltd,95,0
DENA BANK,Asha Security Guard Services,651,34
DENA BANK,Asray Gram,25,1
DENA BANK,Binary Systems,501,255
DENA BANK,Bloom Solutions Pvt Ltd,3772,290
DENA BANK,Blue Circle Instrument,145,4
DENA BANK,Business Information Processing Services,507,23
DENA BANK,CALANCE SOFTWARE PRIVATE LTD,531,18
DENA BANK,City Hawks Manpower Services & Consultancy,105,6
DENA BANK,DATASOFT COMPUTER SERVICES(P),708,15
DENA BANK,Eagle Software India Pvt. Ltd,36,6
DENA BANK,Ecartes Technology Pvt. Ltd,101,5
DENA BANK,FINANCIAL INFORMATION NETWORK,87,11
DENA BANK,Gujarat Infotech Ltd.,2959,16
DENA BANK,IAP COMPANY Pvt. Ltd,2483,146
DENA BANK,India Computer Technology,8,1
DENA BANK,JNET Technologies Pvt.Ltd,57,2
DENA BANK,Jeevan Deep Charitable Society,60,31
DENA BANK,K W Consulting P Ltd,111,2
DENA BANK,M/S STAR DATA CENTRE,601,6
DENA BANK,M/s Gold Square Builders & Promoters Pvt. Ltd.,976,16
DENA BANK,MARS Telecom Systems Pvt Ltd,604,31
DENA BANK,MEGHA VINCOM PVT LTD,743,23
DENA BANK,MKS Enterprises,502,2
DENA BANK,Make India Smart Private Limited,483,15
DENA BANK,Multiwave Innovation,439,36
DENA BANK,NVR & ASSOCIATES LIMITED,252,66
DENA BANK,Netlink software Pvt Ltd,5387,198
DENA BANK,Nielsen  India  Private Limited,3461,279
DENA BANK,Offshoot Agency Pvt. Ltd.,50,1
DENA BANK,Ojus G Enterprises,23,0
DENA BANK,Om Softwares,343,7
DENA BANK,Ortem Securities Limited,1,0
DENA BANK,Radiant Haroti Industries India Ltd,5,0
DENA BANK,Ricoh India Limited,403,8
DENA BANK,SGS INDIA PVT LTD,418,23
DENA BANK,Silver Touch Technologies Ltd,750,18
DENA BANK,Sixth Dimension Project Solutions Ltd,533,33
DENA BANK,Soc for Advancement of Environ Science,423,60
DENA BANK,SoftAge Information Technology Limited,382,1
DENA BANK,Super Printers,1842,23
DENA BANK,TechSmart India Pvt Ltd,563,6
DENA BANK,The NSIC ltd,76,10
DENA BANK,Transline Technologies P Ltd,48,1
DENA BANK,UT Computers Educational & Welfare Soc,210,12
DENA BANK,Utility Forms Pvt Ltd,15,22
DENA BANK,VAP INFOSOLUTIONS,2209,47
DENA BANK,VISION COMPTECH INTEGRATOR LTD,500,23
DENA BANK,Vedavaag Systems Limited,436,32
DENA BANK,Virinchi Technologies Ltd,666,30
DENA BANK,WEBEL,1971,203
DENA BANK,Wipro Ltd,6483,449
DENA BANK,Yash Ornaments Pvt. Ltd,52,5
DENA BANK,Zephyr System Pvt.Ltd.,2438,116
Dept of ITC Govt of Rajasthan,Academy of Management Studies,11,0
Dept of ITC Govt of Rajasthan,Business Information Processing Services,49,0
Dept of ITC Govt of Rajasthan,CMS Computers Ltd,397,83
Dept of ITC Govt of Rajasthan,COMTECH INSTITUTE OFTECHNOLOGY,230,1
Dept of ITC Govt of Rajasthan,DATASOFT COMPUTER SERVICES(P),89,0
Dept of ITC Govt of Rajasthan,FINANCIAL INFORMATION NETWORK,227,6
Dept of ITC Govt of Rajasthan,IAP COMPANY Pvt. Ltd,275,16
Dept of ITC Govt of Rajasthan,Karvy Data Management Services,703,75
Dept of ITC Govt of Rajasthan,M/s Sanish Choudhary,227,3
Dept of ITC Govt of Rajasthan,MEGHA VINCOM PVT LTD,130,58
Dept of ITC Govt of Rajasthan,Matrix Processing House,8,26
Dept of ITC Govt of Rajasthan,Rajcomp Info Services Ltd,2770,225
Dept of ITC Govt of Rajasthan,Ricoh India Limited,22,57
Dept of ITC Govt of Rajasthan,SAR Technology,20,2
Dept of ITC Govt of Rajasthan,TechSmart India Pvt Ltd,441,2
Dept of ITC Govt of Rajasthan,UMC Technologies Pvt. Ltd,76,14
Dept of ITC Govt of Rajasthan,VIRGO SOFTECH LIMITED,416,29
Dept of ITC Govt of Rajasthan,VISION COMPTECH INTEGRATOR LTD,5,0
Dept of ITC Govt of Rajasthan,Vakrangee Softwares Limited,1058,20
FCR Govt of Haryana,4G INFORMATICS,26,0
FCR Govt of Haryana,Academy of Management Studies,74,2
FCR Govt of Haryana,District IT Society Ambala,282,19
FCR Govt of Haryana,District IT Society Bhiwani,392,13
FCR Govt of Haryana,District IT Society Faridabad,374,6
FCR Govt of Haryana,District IT Society Fatehabad,141,13
FCR Govt of Haryana,District IT Society Gurgaon,142,1
FCR Govt of Haryana,District IT Society Hisar,876,40
FCR Govt of Haryana,District IT Society Jhajjar,74,9
FCR Govt of Haryana,District IT Society Jind,1,0
FCR Govt of Haryana,District IT Society Kaithal,429,11
FCR Govt of Haryana,District IT Society Karnal,44,0
FCR Govt of Haryana,District IT Society Kurukshetra,157,4
FCR Govt of Haryana,District IT Society Mahendragarh,90,1
FCR Govt of Haryana,District IT Society Mewat,124,3
FCR Govt of Haryana,District IT Society Palwal,113,8
FCR Govt of Haryana,District IT Society Panchkula,70,10
FCR Govt of Haryana,District IT Society Panipat,207,7
FCR Govt of Haryana,District IT Society Rewari,261,25
FCR Govt of Haryana,District IT Society Rohtak,162,7
FCR Govt of Haryana,District IT Society Sirsa,251,24
FCR Govt of Haryana,District IT Society Sonipat,179,4
FCR Govt of Haryana,District IT Society Yamuna Nagar,165,61
FCR Govt of Haryana,SoftAge Information Technology Limited,686,16
FCR Govt of Haryana,Vayam technologies Ltd,1,0
FCS Govt of Punjab,District Sukhmani Society  Jalandhar  Punjab,72,0
FCS Govt of Punjab,District Sukhmani Society  Ludhiana  Punjab,277,11
FCS Govt of Punjab,District Sukhmani Society  Moga  Punjab,101,1
FCS Govt of Punjab,District Sukhmani Society Amritsar Punjab,51,7
FCS Govt of Punjab,District Sukhmani Society Barnala Punjab,46,3
FCS Govt of Punjab,District Sukhmani Society Bathinda Punjab,47,1
FCS Govt of Punjab,District Sukhmani Society Fatehgarh Sahib Punjab,34,2
FCS Govt of Punjab,District Sukhmani Society Fazilka Punjab,58,3
FCS Govt of Punjab,District Sukhmani Society Ferozepur Punjab,12,0
FCS Govt of Punjab,District Sukhmani Society For Citizen Services Mansa Punjab,1,1
FCS Govt of Punjab,District Sukhmani Society For Citizen Services Nawanshahr Punjab,87,7
FCS Govt of Punjab,District Sukhmani Society For Citizen Services SAS Nagar District e-Governance Society Punjab,101,0
FCS Govt of Punjab,District Sukhmani Society Pathankot Punjab,11,0
FCS Govt of Punjab,District Sukhmani Society Patiala Punjab,51,3
FCS Govt of Punjab,District Sukhmani Society Rupnagar Punjab,34,0
FCS Govt of Punjab,District Sukhmani Society Sangrur Punjab,60,0
FCS Govt of Punjab,District Sukhmani Society Sri Muktsar Sahib Punjab,15,1
FCS Govt of Punjab,District Sukhmani Society Tarn Taran Punjab,51,4
FCS Govt of Punjab,Karvy Computershare Private Li,11,2
FCS Govt of Punjab,Sukhmani Society For Citizen Services  Kapurthala  Punjab,18,1
FCS Govt of Punjab,Sukhmani Society For Citizen Services Gurdaspur Punjab,70,3
FCS Govt of Punjab,Sukhmani Society For Citizens Services Faridkot Punjab,186,2
FCS Govt of Punjab,Suwidha Society Hoshiarpur Punjab,75,3
FCS Govt of Punjab,Vayam technologies Ltd,77,0
FCS Govt of Punjab,eCentric solutions pvt ltd,107,2
Govt of Gujarat,GSS Infotech Ltd,291,2
Govt of Gujarat,Karvy Computershare Private Li,2689,26
Govt of Gujarat,Silver Touch Technologies Ltd,1472,11
Govt of Gujarat,Tera Software Ltd,2554,1
Govt of Gujarat,eCentric solutions pvt ltd,218,8
Govt of Himachal Pradesh,Department of IT  Govt. of HP,116,0
Govt of Karnataka ,Centre for e-Governance  GOK,4355,35
Govt of Karnataka ,EDCS GOK,540,4
Govt of Karnataka ,SREEVEN INFOCOM LIMITED,0,1
Govt of Karnataka ,Wipro Ltd,4,0
Govt of Kerala,Akshaya,8228,92
Govt of Maharashtra,M/S King Computer System pvt Ltd,256,17
Govt of Maharashtra,M/s. Vidya Online  Pune,187,17
Govt of Maharashtra,Rudranee Infotech Ltd,4,4
Govt of Maharashtra,SETU MAHARASHTRA,169,13
Govt of Maharashtra,SHREERAM PRINTING PRESS,34,0
Govt of Maharashtra,SILVER JUBILEE MOTORS LTD.,67,11
Govt of Sikkim - Dept of Econo,Department of Economics Statistics  Monitoring and Evaluation DESME,61,0
IDBI Bank ltd,ATISHAY INFOTECH PVT. LTD.,392,8
IDBI Bank ltd,Matrix Processing House,3,0
IDBI Bank ltd,SREEVEN INFOCOM LIMITED,990,55
Information Technology & Communication Department,Directorate of ESD,3420,398
NSDL e-Governance Infrastructure Limited,Abhipra Capital Ltd,32,0
NSDL e-Governance Infrastructure Limited,Alankit Finsec Ltd,3003,60
NSDL e-Governance Infrastructure Limited,Alankit Limited,104,5
NSDL e-Governance Infrastructure Limited,Amar Constructions,613,28
NSDL e-Governance Infrastructure Limited,COMTECHINFO SOLUTIONS PVT.LTD,5,0
NSDL e-Governance Infrastructure Limited,Gujarat Infotech Ltd.,4225,236
NSDL e-Governance Infrastructure Limited,IAP COMPANY Pvt. Ltd,11,0
NSDL e-Governance Infrastructure Limited,Karvy Data Management Services,20505,1375
NSDL e-Governance Infrastructure Limited,M/s Sanish Choudhary,38,2
NSDL e-Governance Infrastructure Limited,N.K. Sharma Enterprises Ltd.,700,11
NSDL e-Governance Infrastructure Limited,Offshoot Agency Pvt. Ltd.,504,23
NSDL e-Governance Infrastructure Limited,Ojus G Enterprises,669,29
NSDL e-Governance Infrastructure Limited,Peregrine Guarding Pvt. Ltd,54,2
NSDL e-Governance Infrastructure Limited,Promind Solutions P Limited,220,1
NSDL e-Governance Infrastructure Limited,RELIGARE SECURITIES LTD,2776,49
NSDL e-Governance Infrastructure Limited,Radiant Haroti Industries India Ltd,11,3
NSDL e-Governance Infrastructure Limited,Ricoh India Limited,910,286
NSDL e-Governance Infrastructure Limited,S.J. Technologies,302,8
NSDL e-Governance Infrastructure Limited,SNR Edatas Pvt Ltd,15,3
NSDL e-Governance Infrastructure Limited,Sri Ramraja Sarkar Lok Kalyan Trust,393,22
NSDL e-Governance Infrastructure Limited,UT Computers Educational & Welfare Soc,130,2
NSDL e-Governance Infrastructure Limited,Utility Forms Pvt Ltd,1126,91
NSDL e-Governance Infrastructure Limited,VFS Global Services Pvt. Ltd,2,0
NSDL e-Governance Infrastructure Limited,VIRGO SOFTECH LIMITED,2199,93
National Institute of Electronics & Information Technology,Alankit Finsec Ltd,51,5
Project Coordinator UID Project Madhya Pradesh,A I Soc for Electronics and Comp Tech,8096,417
Project Coordinator UID Project Madhya Pradesh,DATASOFT COMPUTER SERVICES(P),380,4
Project Coordinator UID Project Madhya Pradesh,LYRA  CONSULTANCY SERVICE,739,64
Project Coordinator UID Project Madhya Pradesh,MPOnline Limited,6585,334
Project Coordinator UID Project Madhya Pradesh,Matrix Processing House,83,17
Project Coordinator UID Project Madhya Pradesh,OSWAL COMPUTERS & CONSULTANTS,2624,97
Project Coordinator UID Project Madhya Pradesh,Orion Security Solutions Private Ltd,291,24
Project Coordinator UID Project Madhya Pradesh,Sixth Dimension Project Solutions Ltd,778,54
Punjab National Bank,Alankit Finsec Ltd,2818,71
Punjab National Bank,Eagle Software India Pvt. Ltd,2290,64
Punjab National Bank,MARS Telecom Systems Pvt Ltd,457,18
Punjab National Bank,Smart Chip Limited,1064,5
Punjab National Bank,Vayam technologies Ltd,108,3
Punjab and Sind Bank,Matrix Processing House,765,89
Registrar General India BEL2,Computer LAB,7,0
Registrar General India BEL2,Emdee Digitronics Pvt.Ltd.,5,0
Registrar General India BEL2,In Media Computer Services LLP,302,1
Registrar General India BEL2,Karvy Data Management Services,182,700
Registrar General India BEL2,MACRO INFOTECH PVT LTD,25977,138
Registrar General India BEL2,Manipur Electronics Dev Corp,390,1
Registrar General India BEL2,Multiwave Innovation,1161,6
Registrar General India BEL2,Pariza Enterprises,34,0
Registrar General India BEL2,SNR Edatas Pvt Ltd,2320,126
Registrar General India BEL2,Tera Software Ltd,1642,0
Registrar General India BEL2,UNITED DATA SERVICES PRIVATE LIMITED,1113,496
Registrar General India BEL2,Vedavaag Systems Limited,1,4
Registrar General India BEL2,Viesa Technologies,2301,349
Registrar General India ECIL,COMTECHINFO SOLUTIONS PVT.LTD,4594,12
Registrar General India ECIL,Chinar Construction Company Prime agency,488,77
Registrar General India ECIL,Computer LAB,5380,36
Registrar General India ECIL,Eagle Software India Pvt. Ltd,5906,233
Registrar General India ECIL,Emdee Digitronics Pvt.Ltd.,4164,23
Registrar General India ECIL,In Media Computer Services LLP,992,22
Registrar General India ECIL,India Computer Technology,8293,47
Registrar General India ECIL,Integrated Systems & Services,141,0
Registrar General India ECIL,Karvy Data Management Services,931,42
Registrar General India ECIL,LYRA  CONSULTANCY SERVICE,1048,3
Registrar General India ECIL,Madras Security Printers Ltd,8798,56
Registrar General India ECIL,SARADA SYSTEMS,1976,165
Registrar General India ECIL,Tera Software Ltd,1,0
Registrar General India ECIL,The NSIC ltd,2760,20
Registrar General India ECIL,WEBEL TECHNOLOGY LIMITED,1717,13
Registrar General India Others,Pariza Enterprises,4,0
Registrar General of India ITI,Emdee Digitronics Pvt.Ltd.,4546,10
Registrar General of India ITI,In Media Computer Services LLP,366,3
Registrar General of India ITI,Madras Security Printers Ltd,121,5
Registrar General of India ITI,Netlink software Pvt Ltd,618,1
Registrar General of India ITI,Nevaeh Technology Pvt. Ltd.,1445,3
Registrar General of India ITI,Quick Data IT Services Pvt Ltd,17,0
Registrar General of India ITI,SNR Edatas Pvt Ltd,4,0
Registrar General of India ITI,VIRGO SOFTECH LIMITED,11,1
Registrar General of India ITI,WEBEL TECHNOLOGY LIMITED,21345,565
Registrar General of India ITI,Webx Technologies Private Limited,426,1
Rural Development Dept  Govt. of Bihar,Bloom Solutions Pvt Ltd,37,12
Rural Development Dept  Govt. of Bihar,Computer LAB,8,1
Rural Development Dept  Govt. of Bihar,Emdee Digitronics Pvt.Ltd.,692,15
Rural Development Dept  Govt. of Bihar,FINANCIAL INFORMATION NETWORK,176,7
Rural Development Dept  Govt. of Bihar,Frontech Systems Pvt Ltd,34,3
Rural Development Dept  Govt. of Bihar,M2C Private Solution,7,1
Rural Development Dept  Govt. of Bihar,MKS Enterprises,738,0
Rural Development Dept  Govt. of Bihar,Orion Security Solutions Private Ltd,284,157
Rural Development Dept  Govt. of Bihar,Urmila Info solution,120,6
State Bank of India,FINANCIAL INFORMATION NETWORK,2432,76
State Bank of India,Smart Chip Limited,74,0
State Bank of India,Utility Forms Pvt Ltd,603,30
UIDAI-Registrar,UIDAI-EA,9,1
UTI Infrastructure Technology & Services Limited,Houston Technologies Limited,24,0
UTI Infrastructure Technology & Services Limited,Omnitech Infosolutions Ltd,1668,98
UTI Infrastructure Technology & Services Limited,Shubh Enterprises,38,0
UTI Infrastructure Technology & Services Limited,UMC Technologies Pvt. Ltd,8,0
Union Bank,FINANCIAL INFORMATION NETWORK,11964,418
Union Bank,Smart Chip Limited,256,7
Union Bank,Vakrangee Softwares Limited,4304,189
