Registrar,Enrolment Agency,Aadhaar generated,Enrolment Rejected
Allahabad Bank,A-Onerealtors Pvt Ltd,3003,206
Allahabad Bank,Agro Tech Engineers,213,18
Allahabad Bank,Asha Security Guard Services,4394,226
Allahabad Bank,Ayush Enterprises,629,19
Allahabad Bank,Corporate India Facilities Pvt Ltd,56,8
Allahabad Bank,Emdee Digitronics Pvt.Ltd.,281,10
Allahabad Bank,MEGHA VINCOM PVT LTD,1271,103
Allahabad Bank,Nevaeh Technology Pvt. Ltd.,6821,207
Allahabad Bank,Ortem Securities Limited,49,9
Allahabad Bank,PROTEX COMPUTER PVT LTD,262,12
Allahabad Bank,Redim Software Technologies Pvt Ltd,189,27
Allahabad Bank,SGS INDIA PVT LTD,2605,208
Allahabad Bank,Transmoovers India,269,9
Allahabad Bank,VAP INFOSOLUTIONS,915,37
Allahabad Bank,Vedavaag Systems Limited,922,80
Atalji Janasnehi Directorate  Government of Karnataka,Atalji Janasnehi Directorate  GOK,19135,1054
Bank Of India,A3 Logics  India  Ltd,244,18
Bank Of India,Blue Circle Instrument,0,1
Bank Of India,CHESSY CONSULTANTS PVT LTD,166,7
Bank Of India,DATASOFT COMPUTER SERVICES(P),225,36
Bank Of India,Frontech Systems Pvt Ltd,427,44
Bank Of India,MANTRA SOFTTECH (INDIA) PVTLTD,1,0
Bank Of India,Matrix Processing House,1,0
Bank Of India,OSWAL COMPUTERS & CONSULTANTS,705,45
Bank Of India,PROTEX COMPUTER PVT LTD,505,11
Bank Of India,SARADA SYSTEMS,2368,132
Bank Of India,SHRIKRISHNA KHANDASARI SUGAR M,3,1
Bank Of India,SREI INFRASTRUCTURE FINANCES L,17614,1096
Bank Of India,VEETECHNOLOGIES PVT. LTD,4286,336
Bank Of India,Vakrangee Softwares Limited,6,1
Bank of Baroda,Global Finsol Private Limited,6,1
Bank of Baroda,Twinstar Industries Ltd.,97,4
Bank of Maharashtra,Tera Software Ltd,4954,297
CSC e-Governance Services India Limited,A I Soc for Electronics and Comp Tech,16994,702
CSC e-Governance Services India Limited,A-Onerealtors Pvt Ltd,259,31
CSC e-Governance Services India Limited,AKSH OPTIFIBRE LIMITED,20942,1126
CSC e-Governance Services India Limited,APOnline Limited,445,29
CSC e-Governance Services India Limited,Academy of Management Studies,188,17
CSC e-Governance Services India Limited,Alankit Limited,1123,41
CSC e-Governance Services India Limited,Amar Constructions,1358,133
CSC e-Governance Services India Limited,BASIX,13904,1029
CSC e-Governance Services India Limited,Binary Systems,397,22
CSC e-Governance Services India Limited,Bloom Solutions Pvt Ltd,2357,322
CSC e-Governance Services India Limited,CALANCE SOFTWARE PRIVATE LTD,1621,76
CSC e-Governance Services India Limited,CHIPS,23183,943
CSC e-Governance Services India Limited,CMS Computers Ltd,35825,3971
CSC e-Governance Services India Limited,CSC e-Governance Services India Limited,56520,3148
CSC e-Governance Services India Limited,Computer Print,1189,99
CSC e-Governance Services India Limited,Conatus Infocom Pvt. Ltd,1231,57
CSC e-Governance Services India Limited,DATASOFT COMPUTER SERVICES(P),5563,291
CSC e-Governance Services India Limited,Digitcom Systems Pvt. Ltd.,2825,160
CSC e-Governance Services India Limited,Ecartes Technology Pvt. Ltd,1043,35
CSC e-Governance Services India Limited,Estex Telecom Pvt Ltd,1898,75
CSC e-Governance Services India Limited,Excel Technovation Pvt. Ltd,164,2
CSC e-Governance Services India Limited,Gem Computers,327,42
CSC e-Governance Services India Limited,Home Life Buildcon Pvt Ltd,6293,366
CSC e-Governance Services India Limited,HyperSoft Technologies Ltd,3242,209
CSC e-Governance Services India Limited,IAP COMPANY Pvt. Ltd,25532,1332
CSC e-Governance Services India Limited,Janta Silikon Consortium,5101,294
CSC e-Governance Services India Limited,Jeevan Deep Charitable Society,2244,140
CSC e-Governance Services India Limited,K W Consulting P Ltd,2,0
CSC e-Governance Services India Limited,KDS Services Private Limited,1409,73
CSC e-Governance Services India Limited,MANTRA SOFTTECH (INDIA) PVTLTD,6891,168
CSC e-Governance Services India Limited,MEGHA VINCOM PVT LTD,2497,204
CSC e-Governance Services India Limited,Mahamritunjay Traders,9156,442
CSC e-Governance Services India Limited,Mahaonline Limited,5011,787
CSC e-Governance Services India Limited,Matrix Processing House,71,0
CSC e-Governance Services India Limited,Murano India Pvt Ltd,1318,80
CSC e-Governance Services India Limited,NPS Technologies Pvt. Ltd,25562,2030
CSC e-Governance Services India Limited,NVR & ASSOCIATES LIMITED,4316,382
CSC e-Governance Services India Limited,National Cooperative Consumers Federation of India Limited,0,1
CSC e-Governance Services India Limited,Nekton IT India Pvt Ltd.,10728,301
CSC e-Governance Services India Limited,Netlink software Pvt Ltd,3049,83
CSC e-Governance Services India Limited,Network for Information & Computer,9831,379
CSC e-Governance Services India Limited,P-Net Solutions Limited,239,4
CSC e-Governance Services India Limited,Prakash Computer Services,3467,118
CSC e-Governance Services India Limited,Promind Solutions P Limited,5784,522
CSC e-Governance Services India Limited,Radiant Haroti Industries India Ltd,9120,851
CSC e-Governance Services India Limited,Raj Construction Co.,1726,90
CSC e-Governance Services India Limited,SGS INDIA PVT LTD,1904,153
CSC e-Governance Services India Limited,SPANCO,2564,193
CSC e-Governance Services India Limited,SRR Infotech,2293,95
CSC e-Governance Services India Limited,Sahaj e-Village Limited,1219,118
CSC e-Governance Services India Limited,Saket Advertising Pvt. Ltd,536,10
CSC e-Governance Services India Limited,Sri Ramraja Sarkar Lok Kalyan Trust,760,38
CSC e-Governance Services India Limited,Super Printers,483,25
CSC e-Governance Services India Limited,Tera Software Ltd,7408,378
CSC e-Governance Services India Limited,Twinstar Industries Ltd.,1517,58
CSC e-Governance Services India Limited,United Telecoms e-Services Pvt Ltd,6329,412
CSC e-Governance Services India Limited,VIKALP MULTIMEDIA,1087,83
CSC e-Governance Services India Limited,VISESH INFOTECNICS LIMITED,587,8
CSC e-Governance Services India Limited,VISION COMPTECH INTEGRATOR LTD,2372,153
CSC e-Governance Services India Limited,Vayam technologies Ltd,4441,367
CSC e-Governance Services India Limited,Vedavaag Systems Limited,8576,362
CSC e-Governance Services India Limited,Vigilant Corporate Services Pvt Ltd,147,6
CSC e-Governance Services India Limited,Virinchi Technologies Ltd,1368,81
CSC e-Governance Services India Limited,Yash Ornaments Pvt. Ltd,1689,96
CSC e-Governance Services India Limited,Zephyr System Pvt.Ltd.,17096,1214
Canara Bank,FINANCIAL INFORMATION NETWORK,4308,382
Canara Bank,Karvy Data Management Services,4502,310
Canara Bank,Ojus Healthcare Private Limited,860,50
Canara Bank,Osiris Infotech Pvt. Ltd.,575,32
Canara Bank,Smart Chip Limited,2297,272
Canara Bank,Virinchi Technologies Ltd,6805,570
Central Bank of India,IAP COMPANY Pvt. Ltd,1,0
Central Bank of India,IL&FS LTD,5,0
Central Bank of India,MANTRA SOFTTECH (INDIA) PVTLTD,1,0
Civil Supplies - A&N Islands,India Computer Technology,2185,19
DENA BANK,77 Infosystems Pvt Ltd,257,15
DENA BANK,A-Onerealtors Pvt Ltd,524,44
DENA BANK,APEX Services,1575,87
DENA BANK,AS International,1091,116
DENA BANK,ATISHAY INFOTECH PVT. LTD.,2905,179
DENA BANK,AVVAS INFOTECH PVT  LTD,4080,361
DENA BANK,Advent Infomax Private Ltd,232,13
DENA BANK,Akhil Bhartiya Majdoor Shiksha Sewa Samiti,143,2
DENA BANK,Amar Constructions,125,42
DENA BANK,Apnatech Consultancy Services Pvt Ltd,480,22
DENA BANK,Asha Security Guard Services,1867,149
DENA BANK,Asray Gram,141,14
DENA BANK,BNR UDYOG LIMITED,1,3
DENA BANK,Binary Systems,768,44
DENA BANK,Bloom Solutions Pvt Ltd,5784,313
DENA BANK,Blue Circle Instrument,827,69
DENA BANK,Business Information Processing Services,1410,122
DENA BANK,CALANCE SOFTWARE PRIVATE LTD,3297,151
DENA BANK,City Hawks Manpower Services & Consultancy,167,6
DENA BANK,DATASOFT COMPUTER SERVICES(P),1161,141
DENA BANK,DEVASHISH SECURITIES PVT. LTD.,13,2
DENA BANK,Eagle Software India Pvt. Ltd,502,80
DENA BANK,Ecartes Technology Pvt. Ltd,512,22
DENA BANK,Emdee Digitronics Pvt.Ltd.,1382,126
DENA BANK,FINANCIAL INFORMATION NETWORK,682,49
DENA BANK,Gem Computers,0,2
DENA BANK,Gujarat Infotech Ltd.,7330,147
DENA BANK,IAP COMPANY Pvt. Ltd,8376,475
DENA BANK,India Computer Technology,42,8
DENA BANK,JNET Technologies Pvt.Ltd,126,11
DENA BANK,Jeevan Deep Charitable Society,200,20
DENA BANK,K W Consulting P Ltd,15,3
DENA BANK,M/S STAR DATA CENTRE,650,43
DENA BANK,M/s Gold Square Builders & Promoters Pvt. Ltd.,2278,148
DENA BANK,M2C Private Solution,129,3
DENA BANK,MARS Telecom Systems Pvt Ltd,761,91
DENA BANK,MEGHA VINCOM PVT LTD,1668,228
DENA BANK,MKS Enterprises,1113,46
DENA BANK,Make India Smart Private Limited,2858,204
DENA BANK,Multiwave Innovation,1620,146
DENA BANK,NVR & ASSOCIATES LIMITED,950,99
DENA BANK,Netlink software Pvt Ltd,12849,732
DENA BANK,Nielsen  India  Private Limited,19618,1902
DENA BANK,Offshoot Agency Pvt. Ltd.,648,14
DENA BANK,Ojus G Enterprises,136,11
DENA BANK,Om Softwares,1877,69
DENA BANK,Ortem Securities Limited,115,8
DENA BANK,Radiant Haroti Industries India Ltd,27,3
DENA BANK,Ricoh India Limited,1008,58
DENA BANK,SGS INDIA PVT LTD,1010,63
DENA BANK,Silver Touch Technologies Ltd,2714,85
DENA BANK,Sixth Dimension Project Solutions Ltd,1433,73
DENA BANK,Soc for Advancement of Environ Science,510,69
DENA BANK,SoftAge Information Technology Limited,179,10
DENA BANK,Super Printers,4852,235
DENA BANK,TechSmart India Pvt Ltd,985,85
DENA BANK,Tera Software Ltd,1,7
DENA BANK,The NSIC ltd,13,11
DENA BANK,Transline Technologies P Ltd,50,20
DENA BANK,UT Computers Educational & Welfare Soc,592,34
DENA BANK,Utility Forms Pvt Ltd,349,63
DENA BANK,VAP INFOSOLUTIONS,1218,129
DENA BANK,VISION COMPTECH INTEGRATOR LTD,2510,342
DENA BANK,Vedavaag Systems Limited,1723,76
DENA BANK,Virinchi Technologies Ltd,1480,91
DENA BANK,WEBEL,7889,405
DENA BANK,Wipro Ltd,18423,2473
DENA BANK,Yash Ornaments Pvt. Ltd,57,16
DENA BANK,Zephyr System Pvt.Ltd.,5445,294
Delhi - North DC,Smart Chip Limited,1,0
Delhi- South DC,eCentric solutions pvt ltd,3,0
Delhi- West DC,Matrix Processing House,1,0
Delhi-NW DC,Karvy Computershare Private Li,1,0
Department of Information Technology Govt of Jharkhand,MKS Enterprises,2,0
Department of Information Technology Govt of Jharkhand,Wipro Ltd,0,3
Dept of ITC Govt of Rajasthan,ATISHAY INFOTECH PVT. LTD.,1,1
Dept of ITC Govt of Rajasthan,AVVAS INFOTECH PVT  LTD,0,1
Dept of ITC Govt of Rajasthan,Academy of Management Studies,27,3
Dept of ITC Govt of Rajasthan,Business Information Processing Services,92,3
Dept of ITC Govt of Rajasthan,CMS Computers Ltd,391,21
Dept of ITC Govt of Rajasthan,COMTECH INSTITUTE OFTECHNOLOGY,1038,50
Dept of ITC Govt of Rajasthan,DATASOFT COMPUTER SERVICES(P),585,23
Dept of ITC Govt of Rajasthan,FINANCIAL INFORMATION NETWORK,804,151
Dept of ITC Govt of Rajasthan,IAP COMPANY Pvt. Ltd,202,12
Dept of ITC Govt of Rajasthan,Karvy Data Management Services,1326,38
Dept of ITC Govt of Rajasthan,M/s Sanish Choudhary,328,41
Dept of ITC Govt of Rajasthan,MEGHA VINCOM PVT LTD,92,14
Dept of ITC Govt of Rajasthan,Matrix Processing House,6,7
Dept of ITC Govt of Rajasthan,Multiwave Innovation,1,1
Dept of ITC Govt of Rajasthan,Osiris Infotech Pvt. Ltd.,0,1
Dept of ITC Govt of Rajasthan,Radiant Info Systems Ltd,3,2
Dept of ITC Govt of Rajasthan,Rajcomp Info Services Ltd,6102,456
Dept of ITC Govt of Rajasthan,Ricoh India Limited,203,33
Dept of ITC Govt of Rajasthan,SAR Technology,480,88
Dept of ITC Govt of Rajasthan,SREI INFRASTRUCTURE FINANCES L,1,0
Dept of ITC Govt of Rajasthan,TechSmart India Pvt Ltd,66,12
Dept of ITC Govt of Rajasthan,Transline Technologies P Ltd,11,1
Dept of ITC Govt of Rajasthan,UMC Technologies Pvt. Ltd,190,26
Dept of ITC Govt of Rajasthan,VIRGO SOFTECH LIMITED,993,72
Dept of ITC Govt of Rajasthan,VISION COMPTECH INTEGRATOR LTD,25,2
Dept of ITC Govt of Rajasthan,Vakrangee Softwares Limited,1205,96
Dept of ITC Govt of Rajasthan,Vayam technologies Ltd,1,1
Dept of ITC Govt of Rajasthan,Virinchi Technologies Ltd,91,11
FCR Govt of Haryana,4G INFORMATICS,27,6
FCR Govt of Haryana,Academy of Management Studies,437,16
FCR Govt of Haryana,District IT Society Ambala,262,24
FCR Govt of Haryana,District IT Society Bhiwani,1585,105
FCR Govt of Haryana,District IT Society Faridabad,516,38
FCR Govt of Haryana,District IT Society Fatehabad,749,51
FCR Govt of Haryana,District IT Society Gurgaon,613,27
FCR Govt of Haryana,District IT Society Hisar,3034,153
FCR Govt of Haryana,District IT Society Jhajjar,588,35
FCR Govt of Haryana,District IT Society Jind,1,1
FCR Govt of Haryana,District IT Society Kaithal,473,15
FCR Govt of Haryana,District IT Society Karnal,277,11
FCR Govt of Haryana,District IT Society Kurukshetra,239,26
FCR Govt of Haryana,District IT Society Mahendragarh,615,15
FCR Govt of Haryana,District IT Society Mewat,230,35
FCR Govt of Haryana,District IT Society Palwal,277,53
FCR Govt of Haryana,District IT Society Panchkula,320,32
FCR Govt of Haryana,District IT Society Panipat,399,22
FCR Govt of Haryana,District IT Society Rewari,1066,34
FCR Govt of Haryana,District IT Society Rohtak,495,17
FCR Govt of Haryana,District IT Society Sirsa,493,52
FCR Govt of Haryana,District IT Society Sonipat,671,22
FCR Govt of Haryana,District IT Society Yamuna Nagar,354,17
FCR Govt of Haryana,Radiant Info Systems Ltd,12,3
FCR Govt of Haryana,SoftAge Information Technology Limited,2004,90
FCR Govt of Haryana,Vayam technologies Ltd,0,3
FCS Govt of Punjab,Alankit Assignments Limited,5,0
FCS Govt of Punjab,Alankit Finsec Ltd,8,0
FCS Govt of Punjab,Delhi Integrated MMTS Ltd,1,0
FCS Govt of Punjab,District Sukhmani Society  Jalandhar  Punjab,87,11
FCS Govt of Punjab,District Sukhmani Society  Ludhiana  Punjab,380,8
FCS Govt of Punjab,District Sukhmani Society  Moga  Punjab,44,3
FCS Govt of Punjab,District Sukhmani Society Amritsar Punjab,125,4
FCS Govt of Punjab,District Sukhmani Society Barnala Punjab,63,5
FCS Govt of Punjab,District Sukhmani Society Bathinda Punjab,114,7
FCS Govt of Punjab,District Sukhmani Society Fatehgarh Sahib Punjab,71,4
FCS Govt of Punjab,District Sukhmani Society Fazilka Punjab,89,4
FCS Govt of Punjab,District Sukhmani Society Ferozepur Punjab,47,1
FCS Govt of Punjab,District Sukhmani Society For Citizen Services Mansa Punjab,114,4
FCS Govt of Punjab,District Sukhmani Society For Citizen Services Nawanshahr Punjab,64,4
FCS Govt of Punjab,District Sukhmani Society For Citizen Services SAS Nagar District e-Governance Society Punjab,88,3
FCS Govt of Punjab,District Sukhmani Society Pathankot Punjab,77,3
FCS Govt of Punjab,District Sukhmani Society Patiala Punjab,58,3
FCS Govt of Punjab,District Sukhmani Society Rupnagar Punjab,109,4
FCS Govt of Punjab,District Sukhmani Society Sangrur Punjab,147,14
FCS Govt of Punjab,District Sukhmani Society Sri Muktsar Sahib Punjab,150,5
FCS Govt of Punjab,District Sukhmani Society Tarn Taran Punjab,13,11
FCS Govt of Punjab,Diwakar Commercials Pvt Ltd,2,0
FCS Govt of Punjab,Karvy Computershare Private Li,177,17
FCS Govt of Punjab,Sukhmani Society For Citizen Services  Kapurthala  Punjab,32,3
FCS Govt of Punjab,Sukhmani Society For Citizen Services Gurdaspur Punjab,5,0
FCS Govt of Punjab,Sukhmani Society For Citizens Services Faridkot Punjab,105,2
FCS Govt of Punjab,Suwidha Society Hoshiarpur Punjab,145,7
FCS Govt of Punjab,Vayam technologies Ltd,138,3
FCS Govt of Punjab,eCentric solutions pvt ltd,348,3
Govt of Andhra Pradesh,Gouthami Educational Society,1,0
Govt of Andhra Pradesh,GrapeSoft,3,0
Govt of Andhra Pradesh,IL&FS LTD,14,0
Govt of Andhra Pradesh,INFRONICS SYSTEMS LTD,7,0
Govt of Andhra Pradesh,Madras Security Printers Ltd,7,0
Govt of Andhra Pradesh,TechSmart India Pvt Ltd,5,15
Govt of Andhra Pradesh,Tera Software Ltd,2,1
Govt of Andhra Pradesh,eCentric solutions pvt ltd,6,0
Govt of Gujarat,GSS Infotech Ltd,527,35
Govt of Gujarat,Karvy Computershare Private Li,12485,2941
Govt of Gujarat,Silver Touch Technologies Ltd,4693,91
Govt of Gujarat,Tera Software Ltd,3004,128
Govt of Gujarat,Transline Technologies P Ltd,0,1
Govt of Gujarat,Vayam technologies Ltd,0,35
Govt of Gujarat,eCentric solutions pvt ltd,236,17
Govt of Himachal Pradesh,Department of IT  Govt. of HP,454,15
Govt of Karnataka ,Bloom Solutions Pvt Ltd,0,1
Govt of Karnataka ,COMAT TECHNOLOGIES P LTD,2,0
Govt of Karnataka ,Centre for e-Governance  GOK,9353,673
Govt of Karnataka ,EDCS GOK,1093,47
Govt of Karnataka ,GLODYNE TECHNOSERVE,1,0
Govt of Karnataka ,Integra Micro Systems Pvt.ltd,1,0
Govt of Karnataka ,MARS Telecom Systems Pvt Ltd,7,0
Govt of Karnataka ,Ninestars Information Technologies Ltd,86,1
Govt of Karnataka ,Origin ITFS Pvt Ltd,77,0
Govt of Karnataka ,SREEVEN INFOCOM LIMITED,8,0
Govt of Karnataka ,Wipro Ltd,22,2
Govt of Kerala,Akshaya,14157,236
Govt of Kerala,Keltron,37,0
Govt of Madhya Pradesh,VIRGO SOFTECH LIMITED,7,0
Govt of Maharashtra,Alankit Assignments Limited,13,0
Govt of Maharashtra,GSS Infotech Ltd,1,0
Govt of Maharashtra,M/S King Computer System pvt Ltd,230,36
Govt of Maharashtra,M/s. Vidya Online  Pune,64,8
Govt of Maharashtra,Rudranee Infotech Ltd,33,11
Govt of Maharashtra,SETU MAHARASHTRA,453,158
Govt of Maharashtra,SHREERAM PRINTING PRESS,43,5
Govt of Maharashtra,SILVER JUBILEE MOTORS LTD.,280,6
Govt of Maharashtra,SPANCO,6,0
Govt of Maharashtra,Tera Software Ltd,3,0
Govt of Sikkim - Dept of Econo,Department of Economics Statistics  Monitoring and Evaluation DESME,112,4
IDBI Bank ltd,ATISHAY INFOTECH PVT. LTD.,617,49
IDBI Bank ltd,Matrix Processing House,18,1
IDBI Bank ltd,SREEVEN INFOCOM LIMITED,2265,201
Indiapost,4G IDENTITY SOLUTIONS,5,0
Indiapost,Delhi Integrated MMTS Ltd,0,1
Indiapost,IL&FS LTD,1,0
Indiapost,Madras Security Printers Ltd,2,0
Information Technology & Communication Department,4G INFORMATICS,0,3
Information Technology & Communication Department,CSS TECHNERGY LIMITED,0,1
Information Technology & Communication Department,Directorate of ESD,6909,364
Jharkhand,IL&FS LTD,1,0
Jharkhand,Systematic & Advance Const P L,0,1
Jharkhand,VISION COMPTECH INTEGRATOR LTD,0,1
Jharkhand,Wipro Ltd,31,15
Life Insurance Corporation,MICROVIEWS INFOSYSTEMS PVT LTD,1,0
Mission Convergence - GNCT Del,Karvy Computershare Private Li,0,3
Mission Convergence - GNCT Del,Smart Chip Limited,1,0
Mission Convergence - GNCT Del,eCentric solutions pvt ltd,4,0
NSDL e-Governance Infrastructure Limited,Abhipra Capital Ltd,186,14
NSDL e-Governance Infrastructure Limited,Alankit Assignments Limited,2,0
NSDL e-Governance Infrastructure Limited,Alankit Finsec Ltd,5565,205
NSDL e-Governance Infrastructure Limited,Alankit Limited,689,32
NSDL e-Governance Infrastructure Limited,Amar Constructions,1530,93
NSDL e-Governance Infrastructure Limited,COMTECHINFO SOLUTIONS PVT.LTD,10,3
NSDL e-Governance Infrastructure Limited,Gujarat Infotech Ltd.,7888,638
NSDL e-Governance Infrastructure Limited,IAP COMPANY Pvt. Ltd,9,0
NSDL e-Governance Infrastructure Limited,Karvy Data Management Services,31659,2295
NSDL e-Governance Infrastructure Limited,M/s Sanish Choudhary,57,0
NSDL e-Governance Infrastructure Limited,N.K. Sharma Enterprises Ltd.,1373,85
NSDL e-Governance Infrastructure Limited,Netlink software Pvt Ltd,1,1
NSDL e-Governance Infrastructure Limited,Offshoot Agency Pvt. Ltd.,2577,117
NSDL e-Governance Infrastructure Limited,Ojus G Enterprises,1513,159
NSDL e-Governance Infrastructure Limited,Peregrine Guarding Pvt. Ltd,60,1
NSDL e-Governance Infrastructure Limited,Promind Solutions P Limited,186,22
NSDL e-Governance Infrastructure Limited,RELIGARE SECURITIES LTD,2639,194
NSDL e-Governance Infrastructure Limited,Radiant Haroti Industries India Ltd,16,1
NSDL e-Governance Infrastructure Limited,Ricoh India Limited,1761,258
NSDL e-Governance Infrastructure Limited,S.J. Technologies,205,18
NSDL e-Governance Infrastructure Limited,SNR Edatas Pvt Ltd,163,21
NSDL e-Governance Infrastructure Limited,Sri Ramraja Sarkar Lok Kalyan Trust,2606,136
NSDL e-Governance Infrastructure Limited,UT Computers Educational & Welfare Soc,402,14
NSDL e-Governance Infrastructure Limited,Utility Forms Pvt Ltd,3354,208
NSDL e-Governance Infrastructure Limited,VFS Global Services Pvt. Ltd,1648,323
NSDL e-Governance Infrastructure Limited,VIRGO SOFTECH LIMITED,6010,281
National Institute of Electronics & Information Technology,Alankit Finsec Ltd,22,1
Oriental Bank of Commerce,Sri Ramraja Sarkar Lok Kalyan Trust,1,0
Oriental Bank of Commerce,Wipro Ltd,0,2
Principal Revenue Commissioner  Dept of Revenue  Govt of MP,K W Consulting P Ltd,7,0
Project Coordinator UID Project Madhya Pradesh,A I Soc for Electronics and Comp Tech,14307,697
Project Coordinator UID Project Madhya Pradesh,DATASOFT COMPUTER SERVICES(P),484,23
Project Coordinator UID Project Madhya Pradesh,LYRA  CONSULTANCY SERVICE,1989,204
Project Coordinator UID Project Madhya Pradesh,MPOnline Limited,14348,928
Project Coordinator UID Project Madhya Pradesh,Matrix Processing House,214,45
Project Coordinator UID Project Madhya Pradesh,OSWAL COMPUTERS & CONSULTANTS,8332,429
Project Coordinator UID Project Madhya Pradesh,Orion Security Solutions Private Ltd,1165,85
Project Coordinator UID Project Madhya Pradesh,Sixth Dimension Project Solutions Ltd,1618,96
Punjab National Bank,Alankit Finsec Ltd,6821,417
Punjab National Bank,Eagle Software India Pvt. Ltd,12113,630
Punjab National Bank,MARS Telecom Systems Pvt Ltd,2781,216
Punjab National Bank,SREI INFRASTRUCTURE FINANCES L,29,8
Punjab National Bank,Smart Chip Limited,6547,140
Punjab National Bank,Vayam technologies Ltd,272,69
Punjab and Sind Bank,Matrix Processing House,3506,211
RDD Govt of Tripura,Alankit Assignments Limited,1,2
Registrar General India - BEL,Manipur Electronics Dev Corp,0,2
Registrar General India BEL2,Bharat Electronics Limited,94,3
Registrar General India BEL2,COMTECHINFO SOLUTIONS PVT.LTD,19,5
Registrar General India BEL2,Chinar Construction Company Prime agency,2092,19
Registrar General India BEL2,Computer LAB,90,1
Registrar General India BEL2,Emdee Digitronics Pvt.Ltd.,51,1
Registrar General India BEL2,In Media Computer Services LLP,3767,201
Registrar General India BEL2,India Computer Technology,0,2
Registrar General India BEL2,Karvy Data Management Services,7073,289
Registrar General India BEL2,MACRO INFOTECH PVT LTD,23571,2351
Registrar General India BEL2,MKS Enterprises,0,1
Registrar General India BEL2,Madras Security Printers Ltd,1,5
Registrar General India BEL2,Manipur Electronics Dev Corp,129,55
Registrar General India BEL2,Multiwave Innovation,986,31
Registrar General India BEL2,Netlink software Pvt Ltd,50,0
Registrar General India BEL2,Nevaeh Technology Pvt. Ltd.,601,3
Registrar General India BEL2,Nielsen  India  Private Limited,14,3
Registrar General India BEL2,Om Softwares,19,9
Registrar General India BEL2,Pariza Enterprises,364,6
Registrar General India BEL2,Radiant Haroti Industries India Ltd,49,0
Registrar General India BEL2,SNR Edatas Pvt Ltd,26146,720
Registrar General India BEL2,Swathy Smartcards Hi-Tech Pvt,6,3
Registrar General India BEL2,Tera Software Ltd,1856,12
Registrar General India BEL2,UNITED DATA SERVICES PRIVATE LIMITED,3568,161
Registrar General India BEL2,Vedavaag Systems Limited,29,0
Registrar General India BEL2,Viesa Technologies,8528,360
Registrar General India ECIL,AVVAS INFOTECH PVT  LTD,0,1
Registrar General India ECIL,BUSINESS INFORMATION PROCESSING SERVICES,1,0
Registrar General India ECIL,COMTECHINFO SOLUTIONS PVT.LTD,4391,17735
Registrar General India ECIL,Chinar Construction Company Prime agency,2524,219
Registrar General India ECIL,Clairvoyance Technologies Pvt.,5495,81
Registrar General India ECIL,Computer LAB,18907,804
Registrar General India ECIL,ECIL,9,2
Registrar General India ECIL,Eagle Software India Pvt. Ltd,11063,995
Registrar General India ECIL,Emdee Digitronics Pvt.Ltd.,6275,165
Registrar General India ECIL,Esoft Consulting Limited,3,1
Registrar General India ECIL,In Media Computer Services LLP,12424,471
Registrar General India ECIL,India Computer Technology,11071,543
Registrar General India ECIL,Integrated Systems & Services,76,6
Registrar General India ECIL,Karvy Data Management Services,7474,8852
Registrar General India ECIL,Krishna Infotech,2,0
Registrar General India ECIL,LYRA  CONSULTANCY SERVICE,714,66
Registrar General India ECIL,Madras Security Printers Ltd,13623,434
Registrar General India ECIL,Pioneer E Labs limited,0,1
Registrar General India ECIL,SARADA SYSTEMS,20219,1415
Registrar General India ECIL,SWISSTECH NPR 57CR PROJECT PVT,26,7
Registrar General India ECIL,Tera Software Ltd,0,2
Registrar General India ECIL,The NSIC ltd,2711,249
Registrar General India ECIL,WEBEL TECHNOLOGY LIMITED,7088,63
Registrar General India Others,Clairvoyance Technologies Pvt.,1,0
Registrar General India Others,Madras Security Printers Ltd,7,0
Registrar General India Others,SARADA SYSTEMS,1,0
Registrar General India Others,Webx Technologies Private Limited,1,0
Registrar General of India ITI,Emdee Digitronics Pvt.Ltd.,24860,1006
Registrar General of India ITI,In Media Computer Services LLP,192,12
Registrar General of India ITI,Karvy Data Management Services,9,1
Registrar General of India ITI,LYRA  CONSULTANCY SERVICE,85,6
Registrar General of India ITI,Madras Security Printers Ltd,1580,142
Registrar General of India ITI,Netlink software Pvt Ltd,2604,79
Registrar General of India ITI,Nevaeh Technology Pvt. Ltd.,598,5
Registrar General of India ITI,Nielsen  India  Private Limited,0,2
Registrar General of India ITI,Quick Data IT Services Pvt Ltd,43,1
Registrar General of India ITI,SNR Edatas Pvt Ltd,1082,31
Registrar General of India ITI,SREEVEN INFOCOM LIMITED,1,0
Registrar General of India ITI,VIRGO SOFTECH LIMITED,67,11
Registrar General of India ITI,Vedavaag Systems Limited,0,9
Registrar General of India ITI,WEBEL TECHNOLOGY LIMITED,18235,230
Registrar General of India ITI,Webx Technologies Private Limited,2753,43
Rural Development Dept  Govt. of Bihar,Bloom Solutions Pvt Ltd,2956,366
Rural Development Dept  Govt. of Bihar,Computer LAB,3058,133
Rural Development Dept  Govt. of Bihar,Emdee Digitronics Pvt.Ltd.,7314,1191
Rural Development Dept  Govt. of Bihar,FINANCIAL INFORMATION NETWORK,636,40
Rural Development Dept  Govt. of Bihar,Frontech Systems Pvt Ltd,60,10
Rural Development Dept  Govt. of Bihar,M2C Private Solution,370,38
Rural Development Dept  Govt. of Bihar,MKS Enterprises,658,14
Rural Development Dept  Govt. of Bihar,Omnitech Infosolutions Ltd,5,2
Rural Development Dept  Govt. of Bihar,Orion Security Solutions Private Ltd,228,20
Rural Development Dept  Govt. of Bihar,Urmila Info solution,1597,127
State Bank of India,4G IDENTITY SOLUTIONS,12,0
State Bank of India,Alankit Limited,1,0
State Bank of India,CSS TECHNERGY LIMITED,1,0
State Bank of India,FINANCIAL INFORMATION NETWORK,9796,1357
State Bank of India,IL&FS LTD,2,0
State Bank of India,Smart Chip Limited,34,9
State Bank of India,Utility Forms Pvt Ltd,2981,268
Syndicate Bank,Smart Chip Limited,1,0
UIDAI-Registrar,UIDAI-EA,138,3
UTI Infrastructure Technology & Services Limited,Houston Technologies Limited,228,5
UTI Infrastructure Technology & Services Limited,Omnitech Infosolutions Ltd,2475,157
UTI Infrastructure Technology & Services Limited,Shubh Enterprises,453,9
UTI Infrastructure Technology & Services Limited,UMC Technologies Pvt. Ltd,109,6
Union Bank,FINANCIAL INFORMATION NETWORK,22318,1663
Union Bank,Smart Chip Limited,2319,94
Union Bank,Vakrangee Softwares Limited,9664,596
