Registrar,Enrolment Agency,Aadhaar generated,Enrolment Rejected
Allahabad Bank,A-Onerealtors Pvt Ltd,790,134
Allahabad Bank,Agro Tech Engineers,60,1
Allahabad Bank,Asha Security Guard Services,1255,16
Allahabad Bank,Ayush Enterprises,21,2
Allahabad Bank,Corporate India Facilities Pvt Ltd,73,0
Allahabad Bank,Emdee Digitronics Pvt.Ltd.,618,2
Allahabad Bank,MEGHA VINCOM PVT LTD,52,1
Allahabad Bank,Nevaeh Technology Pvt. Ltd.,116,8
Allahabad Bank,Ortem Securities Limited,13,10
Allahabad Bank,PROTEX COMPUTER PVT LTD,176,3
Allahabad Bank,Redim Software Technologies Pvt Ltd,183,3
Allahabad Bank,SGS INDIA PVT LTD,810,54
Allahabad Bank,Transmoovers India,70,0
Allahabad Bank,VAP INFOSOLUTIONS,48,1
Allahabad Bank,Vedavaag Systems Limited,109,23
Atalji Janasnehi Directorate  Government of Karnataka,Atalji Janasnehi Directorate  GOK,6738,55
Bank Of India,A3 Logics  India  Ltd,66,2
Bank Of India,Akanksha International,1,0
Bank Of India,DATASOFT COMPUTER SERVICES(P),146,10
Bank Of India,Frontech Systems Pvt Ltd,87,1
Bank Of India,OSWAL COMPUTERS & CONSULTANTS,418,12
Bank Of India,PROTEX COMPUTER PVT LTD,405,7
Bank Of India,SARADA SYSTEMS,643,36
Bank Of India,SREI INFRASTRUCTURE FINANCES L,2289,140
Bank Of India,VEETECHNOLOGIES PVT. LTD,2106,47
Bank of Baroda,Global Finsol Private Limited,0,5
Bank of Baroda,Twinstar Industries Ltd.,13,0
Bank of Maharashtra,Tera Software Ltd,788,21
CSC e-Governance Services India Limited,A I Soc for Electronics and Comp Tech,5752,97
CSC e-Governance Services India Limited,A-Onerealtors Pvt Ltd,70,7
CSC e-Governance Services India Limited,AKSH OPTIFIBRE LIMITED,5961,266
CSC e-Governance Services India Limited,APOnline Limited,78,2
CSC e-Governance Services India Limited,Academy of Management Studies,53,1
CSC e-Governance Services India Limited,Alankit Limited,462,4
CSC e-Governance Services India Limited,Amar Constructions,558,100
CSC e-Governance Services India Limited,BASIX,4449,307
CSC e-Governance Services India Limited,Binary Systems,227,12
CSC e-Governance Services India Limited,Bloom Solutions Pvt Ltd,1554,37
CSC e-Governance Services India Limited,CALANCE SOFTWARE PRIVATE LTD,308,42
CSC e-Governance Services India Limited,CHIPS,6843,454
CSC e-Governance Services India Limited,CMS Computers Ltd,12690,2929
CSC e-Governance Services India Limited,CSC e-Governance Services India Limited,12761,390
CSC e-Governance Services India Limited,Computer Print,449,21
CSC e-Governance Services India Limited,Conatus Infocom Pvt. Ltd,363,15
CSC e-Governance Services India Limited,DATASOFT COMPUTER SERVICES(P),1248,196
CSC e-Governance Services India Limited,Digitcom Systems Pvt. Ltd.,1014,26
CSC e-Governance Services India Limited,Ecartes Technology Pvt. Ltd,188,3
CSC e-Governance Services India Limited,Estex Telecom Pvt Ltd,554,11
CSC e-Governance Services India Limited,Excel Technovation Pvt. Ltd,5,0
CSC e-Governance Services India Limited,Gem Computers,320,6
CSC e-Governance Services India Limited,Home Life Buildcon Pvt Ltd,1483,199
CSC e-Governance Services India Limited,HyperSoft Technologies Ltd,179,4
CSC e-Governance Services India Limited,IAP COMPANY Pvt. Ltd,8406,243
CSC e-Governance Services India Limited,Intelligent Communication Sys India Ltd,0,1
CSC e-Governance Services India Limited,Janta Silikon Consortium,1542,78
CSC e-Governance Services India Limited,Jeevan Deep Charitable Society,535,64
CSC e-Governance Services India Limited,KDS Services Private Limited,422,8
CSC e-Governance Services India Limited,MANTRA SOFTTECH (INDIA) PVTLTD,4244,31
CSC e-Governance Services India Limited,MEGHA VINCOM PVT LTD,534,19
CSC e-Governance Services India Limited,Mahamritunjay Traders,1694,50
CSC e-Governance Services India Limited,Mahaonline Limited,2068,353
CSC e-Governance Services India Limited,Matrix Processing House,66,0
CSC e-Governance Services India Limited,Murano India Pvt Ltd,813,11
CSC e-Governance Services India Limited,NPS Technologies Pvt. Ltd,7511,1732
CSC e-Governance Services India Limited,NVR & ASSOCIATES LIMITED,2297,110
CSC e-Governance Services India Limited,Nekton IT India Pvt Ltd.,4301,142
CSC e-Governance Services India Limited,Netlink software Pvt Ltd,687,28
CSC e-Governance Services India Limited,Network for Information & Computer,5311,129
CSC e-Governance Services India Limited,P-Net Solutions Limited,3,3
CSC e-Governance Services India Limited,Prakash Computer Services,1029,21
CSC e-Governance Services India Limited,Promind Solutions P Limited,2429,374
CSC e-Governance Services India Limited,Radiant Haroti Industries India Ltd,2135,81
CSC e-Governance Services India Limited,Raj Construction Co.,271,4
CSC e-Governance Services India Limited,SGS INDIA PVT LTD,612,11
CSC e-Governance Services India Limited,SPANCO,830,39
CSC e-Governance Services India Limited,SRR Infotech,853,43
CSC e-Governance Services India Limited,Sahaj e-Village Limited,167,9
CSC e-Governance Services India Limited,Saket Advertising Pvt. Ltd,131,9
CSC e-Governance Services India Limited,Sri Ramraja Sarkar Lok Kalyan Trust,46,14
CSC e-Governance Services India Limited,Super Printers,50,3
CSC e-Governance Services India Limited,Tera Software Ltd,2946,71
CSC e-Governance Services India Limited,Twinstar Industries Ltd.,423,19
CSC e-Governance Services India Limited,United Telecoms e-Services Pvt Ltd,1576,54
CSC e-Governance Services India Limited,VIKALP MULTIMEDIA,709,25
CSC e-Governance Services India Limited,VISESH INFOTECNICS LIMITED,283,2
CSC e-Governance Services India Limited,VISION COMPTECH INTEGRATOR LTD,505,44
CSC e-Governance Services India Limited,Vayam technologies Ltd,1002,143
CSC e-Governance Services India Limited,Vedavaag Systems Limited,2558,51
CSC e-Governance Services India Limited,Vigilant Corporate Services Pvt Ltd,4,17
CSC e-Governance Services India Limited,Virinchi Technologies Ltd,520,19
CSC e-Governance Services India Limited,Yash Ornaments Pvt. Ltd,596,5
CSC e-Governance Services India Limited,Zephyr System Pvt.Ltd.,9460,372
Canara Bank,FINANCIAL INFORMATION NETWORK,1294,130
Canara Bank,Karvy Data Management Services,3086,160
Canara Bank,Ojus Healthcare Private Limited,308,1
Canara Bank,Osiris Infotech Pvt. Ltd.,45,8
Canara Bank,Virinchi Technologies Ltd,2426,41
Civil Supplies - A&N Islands,India Computer Technology,1354,34
DENA BANK,77 Infosystems Pvt Ltd,43,1
DENA BANK,A-Onerealtors Pvt Ltd,260,19
DENA BANK,APEX Services,681,22
DENA BANK,AS International,350,96
DENA BANK,ATISHAY INFOTECH PVT. LTD.,559,6
DENA BANK,AVVAS INFOTECH PVT  LTD,1586,168
DENA BANK,Advent Infomax Private Ltd,33,0
DENA BANK,Akhil Bhartiya Majdoor Shiksha Sewa Samiti,10,0
DENA BANK,Amar Constructions,19,40
DENA BANK,Apnatech Consultancy Services Pvt Ltd,400,5
DENA BANK,Asha Security Guard Services,325,14
DENA BANK,Asray Gram,96,4
DENA BANK,Binary Systems,366,65
DENA BANK,Bloom Solutions Pvt Ltd,905,38
DENA BANK,Blue Circle Instrument,142,5
DENA BANK,Business Information Processing Services,371,66
DENA BANK,CALANCE SOFTWARE PRIVATE LTD,198,28
DENA BANK,City Hawks Manpower Services & Consultancy,31,0
DENA BANK,DATASOFT COMPUTER SERVICES(P),516,10
DENA BANK,Eagle Software India Pvt. Ltd,0,2
DENA BANK,Ecartes Technology Pvt. Ltd,363,1
DENA BANK,Emdee Digitronics Pvt.Ltd.,1262,48
DENA BANK,FINANCIAL INFORMATION NETWORK,52,1
DENA BANK,Gujarat Infotech Ltd.,2333,16
DENA BANK,IAP COMPANY Pvt. Ltd,2612,101
DENA BANK,India Computer Technology,3,2
DENA BANK,JNET Technologies Pvt.Ltd,93,1
DENA BANK,Jeevan Deep Charitable Society,18,2
DENA BANK,M/S STAR DATA CENTRE,90,29
DENA BANK,M/s Gold Square Builders & Promoters Pvt. Ltd.,1218,146
DENA BANK,MARS Telecom Systems Pvt Ltd,309,7
DENA BANK,MEGHA VINCOM PVT LTD,217,10
DENA BANK,MKS Enterprises,592,63
DENA BANK,Make India Smart Private Limited,523,43
DENA BANK,Multiwave Innovation,48,383
DENA BANK,NVR & ASSOCIATES LIMITED,405,64
DENA BANK,Netlink software Pvt Ltd,3666,247
DENA BANK,Nielsen  India  Private Limited,3301,275
DENA BANK,Offshoot Agency Pvt. Ltd.,115,2
DENA BANK,Ojus G Enterprises,49,0
DENA BANK,Om Softwares,254,5
DENA BANK,Ortem Securities Limited,883,47
DENA BANK,Ricoh India Limited,7,0
DENA BANK,SGS INDIA PVT LTD,338,6
DENA BANK,Silver Touch Technologies Ltd,867,16
DENA BANK,Sixth Dimension Project Solutions Ltd,588,6
DENA BANK,Soc for Advancement of Environ Science,20,23
DENA BANK,SoftAge Information Technology Limited,26,1
DENA BANK,Super Printers,1277,16
DENA BANK,TechSmart India Pvt Ltd,853,18
DENA BANK,The NSIC ltd,1,4
DENA BANK,Transline Technologies P Ltd,6,0
DENA BANK,UT Computers Educational & Welfare Soc,505,21
DENA BANK,VAP INFOSOLUTIONS,263,5
DENA BANK,VISION COMPTECH INTEGRATOR LTD,695,25
DENA BANK,Vedavaag Systems Limited,374,9
DENA BANK,Virinchi Technologies Ltd,364,15
DENA BANK,WEBEL,57,89
DENA BANK,Wipro Ltd,6811,703
DENA BANK,Zephyr System Pvt.Ltd.,1762,162
Dept of ITC Govt of Rajasthan,Business Information Processing Services,0,10
Dept of ITC Govt of Rajasthan,CMS Computers Ltd,77,0
Dept of ITC Govt of Rajasthan,COMTECH INSTITUTE OFTECHNOLOGY,302,31
Dept of ITC Govt of Rajasthan,DATASOFT COMPUTER SERVICES(P),61,7
Dept of ITC Govt of Rajasthan,FINANCIAL INFORMATION NETWORK,250,31
Dept of ITC Govt of Rajasthan,IAP COMPANY Pvt. Ltd,25,5
Dept of ITC Govt of Rajasthan,Karvy Data Management Services,609,16
Dept of ITC Govt of Rajasthan,M/s Sanish Choudhary,48,1
Dept of ITC Govt of Rajasthan,MEGHA VINCOM PVT LTD,43,1
Dept of ITC Govt of Rajasthan,Rajcomp Info Services Ltd,2099,364
Dept of ITC Govt of Rajasthan,Ricoh India Limited,45,1
Dept of ITC Govt of Rajasthan,SAR Technology,124,3
Dept of ITC Govt of Rajasthan,TechSmart India Pvt Ltd,6,13
Dept of ITC Govt of Rajasthan,Transline Technologies P Ltd,2,0
Dept of ITC Govt of Rajasthan,UMC Technologies Pvt. Ltd,9,28
Dept of ITC Govt of Rajasthan,VIRGO SOFTECH LIMITED,304,41
Dept of ITC Govt of Rajasthan,VISION COMPTECH INTEGRATOR LTD,15,0
Dept of ITC Govt of Rajasthan,Vakrangee Softwares Limited,68,52
FCR Govt of Haryana,4G INFORMATICS,0,1
FCR Govt of Haryana,Academy of Management Studies,163,5
FCR Govt of Haryana,District IT Society Ambala,0,3
FCR Govt of Haryana,District IT Society Bhiwani,138,2
FCR Govt of Haryana,District IT Society Faridabad,127,13
FCR Govt of Haryana,District IT Society Fatehabad,687,60
FCR Govt of Haryana,District IT Society Gurgaon,622,36
FCR Govt of Haryana,District IT Society Hisar,1185,51
FCR Govt of Haryana,District IT Society Jhajjar,68,1
FCR Govt of Haryana,District IT Society Kaithal,108,8
FCR Govt of Haryana,District IT Society Karnal,78,5
FCR Govt of Haryana,District IT Society Kurukshetra,168,2
FCR Govt of Haryana,District IT Society Mahendragarh,170,4
FCR Govt of Haryana,District IT Society Mewat,67,0
FCR Govt of Haryana,District IT Society Palwal,254,30
FCR Govt of Haryana,District IT Society Panchkula,808,30
FCR Govt of Haryana,District IT Society Panipat,94,8
FCR Govt of Haryana,District IT Society Rewari,444,49
FCR Govt of Haryana,District IT Society Rohtak,100,4
FCR Govt of Haryana,District IT Society Sirsa,156,11
FCR Govt of Haryana,District IT Society Sonipat,158,17
FCR Govt of Haryana,District IT Society Yamuna Nagar,504,3
FCR Govt of Haryana,SoftAge Information Technology Limited,354,24
FCS Govt of Punjab,District Sukhmani Society  Jalandhar  Punjab,75,1
FCS Govt of Punjab,District Sukhmani Society  Ludhiana  Punjab,157,4
FCS Govt of Punjab,District Sukhmani Society  Moga  Punjab,18,0
FCS Govt of Punjab,District Sukhmani Society Amritsar Punjab,117,6
FCS Govt of Punjab,District Sukhmani Society Barnala Punjab,42,2
FCS Govt of Punjab,District Sukhmani Society Bathinda Punjab,46,1
FCS Govt of Punjab,District Sukhmani Society Fatehgarh Sahib Punjab,48,2
FCS Govt of Punjab,District Sukhmani Society Fazilka Punjab,8,0
FCS Govt of Punjab,District Sukhmani Society Ferozepur Punjab,58,1
FCS Govt of Punjab,District Sukhmani Society For Citizen Services Mansa Punjab,16,0
FCS Govt of Punjab,District Sukhmani Society For Citizen Services Nawanshahr Punjab,102,8
FCS Govt of Punjab,District Sukhmani Society For Citizen Services SAS Nagar District e-Governance Society Punjab,4,0
FCS Govt of Punjab,District Sukhmani Society Pathankot Punjab,1,0
FCS Govt of Punjab,District Sukhmani Society Patiala Punjab,23,2
FCS Govt of Punjab,District Sukhmani Society Sangrur Punjab,60,1
FCS Govt of Punjab,District Sukhmani Society Sri Muktsar Sahib Punjab,0,1
FCS Govt of Punjab,District Sukhmani Society Tarn Taran Punjab,9,0
FCS Govt of Punjab,Karvy Computershare Private Li,3,2
FCS Govt of Punjab,Sukhmani Society For Citizen Services  Kapurthala  Punjab,5,1
FCS Govt of Punjab,Sukhmani Society For Citizens Services Faridkot Punjab,31,1
FCS Govt of Punjab,Suwidha Society Hoshiarpur Punjab,28,0
FCS Govt of Punjab,Vayam technologies Ltd,20,1
Govt of Gujarat,GSS Infotech Ltd,2,1
Govt of Gujarat,Karvy Computershare Private Li,4266,73
Govt of Gujarat,Silver Touch Technologies Ltd,2029,12
Govt of Gujarat,Tera Software Ltd,1817,8
Govt of Gujarat,eCentric solutions pvt ltd,26,0
Govt of Himachal Pradesh,Department of IT  Govt. of HP,82,4
Govt of Karnataka ,BNR UDYOG LIMITED,2,0
Govt of Karnataka ,Centre for e-Governance  GOK,3470,94
Govt of Karnataka ,EDCS GOK,280,4
Govt of Karnataka ,Wipro Ltd,7,0
Govt of Kerala,Akshaya,3404,59
Govt of Kerala,Keltron,0,1
Govt of Maharashtra,M/S King Computer System pvt Ltd,145,6
Govt of Maharashtra,M/s. Vidya Online  Pune,7,11
Govt of Maharashtra,Rudranee Infotech Ltd,505,1
Govt of Maharashtra,SETU MAHARASHTRA,29,1
Govt of Maharashtra,SILVER JUBILEE MOTORS LTD.,18,0
Govt of Sikkim - Dept of Econo,Department of Economics Statistics  Monitoring and Evaluation DESME,11,1
IDBI Bank ltd,ATISHAY INFOTECH PVT. LTD.,66,0
IDBI Bank ltd,SREEVEN INFOCOM LIMITED,329,43
Information Technology & Communication Department,Directorate of ESD,2511,123
NSDL e-Governance Infrastructure Limited,Abhipra Capital Ltd,55,3
NSDL e-Governance Infrastructure Limited,Alankit Finsec Ltd,1138,24
NSDL e-Governance Infrastructure Limited,Alankit Limited,118,12
NSDL e-Governance Infrastructure Limited,Amar Constructions,299,25
NSDL e-Governance Infrastructure Limited,Gujarat Infotech Ltd.,1725,368
NSDL e-Governance Infrastructure Limited,IAP COMPANY Pvt. Ltd,4,0
NSDL e-Governance Infrastructure Limited,Karvy Data Management Services,23426,775
NSDL e-Governance Infrastructure Limited,M/s Sanish Choudhary,4,2
NSDL e-Governance Infrastructure Limited,N.K. Sharma Enterprises Ltd.,431,14
NSDL e-Governance Infrastructure Limited,Offshoot Agency Pvt. Ltd.,575,8
NSDL e-Governance Infrastructure Limited,Ojus G Enterprises,779,10
NSDL e-Governance Infrastructure Limited,Peregrine Guarding Pvt. Ltd,17,1
NSDL e-Governance Infrastructure Limited,Promind Solutions P Limited,31,5
NSDL e-Governance Infrastructure Limited,RELIGARE SECURITIES LTD,1076,38
NSDL e-Governance Infrastructure Limited,Radiant Haroti Industries India Ltd,35,3
NSDL e-Governance Infrastructure Limited,Ricoh India Limited,435,229
NSDL e-Governance Infrastructure Limited,S.J. Technologies,157,0
NSDL e-Governance Infrastructure Limited,SNR Edatas Pvt Ltd,29,0
NSDL e-Governance Infrastructure Limited,Sri Ramraja Sarkar Lok Kalyan Trust,849,41
NSDL e-Governance Infrastructure Limited,UT Computers Educational & Welfare Soc,199,5
NSDL e-Governance Infrastructure Limited,Utility Forms Pvt Ltd,852,26
NSDL e-Governance Infrastructure Limited,VFS Global Services Pvt. Ltd,418,28
NSDL e-Governance Infrastructure Limited,VIRGO SOFTECH LIMITED,2233,208
Project Coordinator UID Project Madhya Pradesh,A I Soc for Electronics and Comp Tech,5802,154
Project Coordinator UID Project Madhya Pradesh,DATASOFT COMPUTER SERVICES(P),284,25
Project Coordinator UID Project Madhya Pradesh,LYRA  CONSULTANCY SERVICE,1718,166
Project Coordinator UID Project Madhya Pradesh,MPOnline Limited,4189,253
Project Coordinator UID Project Madhya Pradesh,Matrix Processing House,21,9
Project Coordinator UID Project Madhya Pradesh,OSWAL COMPUTERS & CONSULTANTS,619,38
Project Coordinator UID Project Madhya Pradesh,Orion Security Solutions Private Ltd,263,13
Project Coordinator UID Project Madhya Pradesh,Sixth Dimension Project Solutions Ltd,397,15
Punjab National Bank,Alankit Finsec Ltd,2344,146
Punjab National Bank,Eagle Software India Pvt. Ltd,3853,287
Punjab National Bank,MARS Telecom Systems Pvt Ltd,550,17
Punjab National Bank,Smart Chip Limited,11,4
Punjab National Bank,Vayam technologies Ltd,92,15
Punjab and Sind Bank,Matrix Processing House,672,46
Registrar General India BEL2,Bharat Electronics Limited,30,0
Registrar General India BEL2,Computer LAB,6,0
Registrar General India BEL2,In Media Computer Services LLP,33,0
Registrar General India BEL2,Karvy Data Management Services,11087,57
Registrar General India BEL2,MACRO INFOTECH PVT LTD,19977,281
Registrar General India BEL2,Manipur Electronics Dev Corp,179,0
Registrar General India BEL2,Multiwave Innovation,234,0
Registrar General India BEL2,Netlink software Pvt Ltd,3,0
Registrar General India BEL2,Pariza Enterprises,19,0
Registrar General India BEL2,Radiant Haroti Industries India Ltd,13,0
Registrar General India BEL2,SNR Edatas Pvt Ltd,2082,56
Registrar General India BEL2,Tera Software Ltd,631,5
Registrar General India BEL2,UNITED DATA SERVICES PRIVATE LIMITED,2,8
Registrar General India BEL2,Viesa Technologies,447,43
Registrar General India ECIL,COMTECHINFO SOLUTIONS PVT.LTD,3916,125
Registrar General India ECIL,Chinar Construction Company Prime agency,507,11
Registrar General India ECIL,Clairvoyance Technologies Pvt.,374,0
Registrar General India ECIL,Computer LAB,1295,308
Registrar General India ECIL,ECIL,44,0
Registrar General India ECIL,Eagle Software India Pvt. Ltd,4070,172
Registrar General India ECIL,Emdee Digitronics Pvt.Ltd.,1741,14
Registrar General India ECIL,In Media Computer Services LLP,3712,37
Registrar General India ECIL,India Computer Technology,866,6
Registrar General India ECIL,Integrated Systems & Services,7,0
Registrar General India ECIL,Karvy Data Management Services,398,1
Registrar General India ECIL,LYRA  CONSULTANCY SERVICE,1,0
Registrar General India ECIL,Madras Security Printers Ltd,5766,35
Registrar General India ECIL,SARADA SYSTEMS,4584,100
Registrar General India ECIL,The NSIC ltd,10306,18
Registrar General India ECIL,WEBEL TECHNOLOGY LIMITED,189,12
Registrar General India Others,COMTECHINFO SOLUTIONS PVT.LTD,16,0
Registrar General of India ITI,Emdee Digitronics Pvt.Ltd.,10962,58
Registrar General of India ITI,In Media Computer Services LLP,196,1
Registrar General of India ITI,LYRA  CONSULTANCY SERVICE,0,1
Registrar General of India ITI,Madras Security Printers Ltd,1183,2
Registrar General of India ITI,Netlink software Pvt Ltd,1015,0
Registrar General of India ITI,Nevaeh Technology Pvt. Ltd.,4,0
Registrar General of India ITI,SNR Edatas Pvt Ltd,111,0
Registrar General of India ITI,WEBEL TECHNOLOGY LIMITED,8028,680
Registrar General of India ITI,Webx Technologies Private Limited,1259,1
Rural Development Dept  Govt. of Bihar,Bloom Solutions Pvt Ltd,0,4
Rural Development Dept  Govt. of Bihar,Computer LAB,18,36
Rural Development Dept  Govt. of Bihar,Emdee Digitronics Pvt.Ltd.,889,22
Rural Development Dept  Govt. of Bihar,FINANCIAL INFORMATION NETWORK,209,6
Rural Development Dept  Govt. of Bihar,Frontech Systems Pvt Ltd,89,0
Rural Development Dept  Govt. of Bihar,M2C Private Solution,2,9
Rural Development Dept  Govt. of Bihar,MKS Enterprises,833,7
Rural Development Dept  Govt. of Bihar,Omnitech Infosolutions Ltd,9,0
Rural Development Dept  Govt. of Bihar,Orion Security Solutions Private Ltd,5,0
Rural Development Dept  Govt. of Bihar,Urmila Info solution,535,81
State Bank of India,FINANCIAL INFORMATION NETWORK,1282,203
State Bank of India,Smart Chip Limited,0,1
State Bank of India,Utility Forms Pvt Ltd,391,10
UIDAI-Registrar,UIDAI-EA,54,0
UTI Infrastructure Technology & Services Limited,Houston Technologies Limited,50,0
UTI Infrastructure Technology & Services Limited,Omnitech Infosolutions Ltd,903,21
UTI Infrastructure Technology & Services Limited,Shubh Enterprises,119,2
UTI Infrastructure Technology & Services Limited,UMC Technologies Pvt. Ltd,0,4
Union Bank,FINANCIAL INFORMATION NETWORK,6007,158
Union Bank,Smart Chip Limited,363,22
Union Bank,Vakrangee Softwares Limited,3309,213
