Registrar,Enrolment Agency,Aadhaar generated,Enrolment Rejected
Allahabad Bank,A-Onerealtors Pvt Ltd,1216,64
Allahabad Bank,Agro Tech Engineers,14,8
Allahabad Bank,Asha Security Guard Services,1187,124
Allahabad Bank,Ayush Enterprises,42,2
Allahabad Bank,Corporate India Facilities Pvt Ltd,25,0
Allahabad Bank,MEGHA VINCOM PVT LTD,272,8
Allahabad Bank,Nevaeh Technology Pvt. Ltd.,234,37
Allahabad Bank,Ortem Securities Limited,20,0
Allahabad Bank,PROTEX COMPUTER PVT LTD,21,5
Allahabad Bank,Redim Software Technologies Pvt Ltd,18,1
Allahabad Bank,SGS INDIA PVT LTD,624,31
Allahabad Bank,Transmoovers India,93,9
Allahabad Bank,VAP INFOSOLUTIONS,26,2
Allahabad Bank,Vedavaag Systems Limited,160,177
Atalji Janasnehi Directorate  Government of Karnataka,Atalji Janasnehi Directorate  GOK,1038,21
Bank Of India,A3 Logics  India  Ltd,63,0
Bank Of India,CHESSY CONSULTANTS PVT LTD,10,0
Bank Of India,DATASOFT COMPUTER SERVICES(P),36,0
Bank Of India,Frontech Systems Pvt Ltd,432,1
Bank Of India,OSWAL COMPUTERS & CONSULTANTS,15,0
Bank Of India,PROTEX COMPUTER PVT LTD,38,10
Bank Of India,SARADA SYSTEMS,392,21
Bank Of India,SREI INFRASTRUCTURE FINANCES L,8560,434
Bank Of India,VEETECHNOLOGIES PVT. LTD,2962,21
Bank of Baroda,Global Finsol Private Limited,12,0
Bank of Baroda,Twinstar Industries Ltd.,3,3
Bank of Maharashtra,Tera Software Ltd,1897,4
CSC e-Governance Services India Limited,A I Soc for Electronics and Comp Tech,5722,474
CSC e-Governance Services India Limited,A-Onerealtors Pvt Ltd,218,16
CSC e-Governance Services India Limited,AKSH OPTIFIBRE LIMITED,6471,356
CSC e-Governance Services India Limited,APOnline Limited,274,6
CSC e-Governance Services India Limited,Alankit Limited,118,0
CSC e-Governance Services India Limited,Amar Constructions,410,366
CSC e-Governance Services India Limited,BASIX,6038,297
CSC e-Governance Services India Limited,Binary Systems,123,23
CSC e-Governance Services India Limited,Bloom Solutions Pvt Ltd,381,25
CSC e-Governance Services India Limited,CALANCE SOFTWARE PRIVATE LTD,586,15
CSC e-Governance Services India Limited,CHIPS,5525,280
CSC e-Governance Services India Limited,CMS Computers Ltd,18996,4252
CSC e-Governance Services India Limited,CSC e-Governance Services India Limited,17154,791
CSC e-Governance Services India Limited,Computer Print,407,19
CSC e-Governance Services India Limited,Conatus Infocom Pvt. Ltd,303,5
CSC e-Governance Services India Limited,DATASOFT COMPUTER SERVICES(P),1126,125
CSC e-Governance Services India Limited,Digitcom Systems Pvt. Ltd.,1212,66
CSC e-Governance Services India Limited,Ecartes Technology Pvt. Ltd,347,11
CSC e-Governance Services India Limited,Estex Telecom Pvt Ltd,468,39
CSC e-Governance Services India Limited,Gem Computers,192,6
CSC e-Governance Services India Limited,Home Life Buildcon Pvt Ltd,2646,71
CSC e-Governance Services India Limited,HyperSoft Technologies Ltd,403,27
CSC e-Governance Services India Limited,IAP COMPANY Pvt. Ltd,5111,327
CSC e-Governance Services India Limited,Janta Silikon Consortium,2247,105
CSC e-Governance Services India Limited,Jeevan Deep Charitable Society,614,16
CSC e-Governance Services India Limited,KDS Services Private Limited,152,8
CSC e-Governance Services India Limited,MANTRA SOFTTECH (INDIA) PVTLTD,1803,1
CSC e-Governance Services India Limited,MEGHA VINCOM PVT LTD,699,25
CSC e-Governance Services India Limited,Mahamritunjay Traders,3331,153
CSC e-Governance Services India Limited,Mahaonline Limited,2296,334
CSC e-Governance Services India Limited,Murano India Pvt Ltd,478,49
CSC e-Governance Services India Limited,NPS Technologies Pvt. Ltd,11493,222
CSC e-Governance Services India Limited,NVR & ASSOCIATES LIMITED,1002,117
CSC e-Governance Services India Limited,Nekton IT India Pvt Ltd.,4168,75
CSC e-Governance Services India Limited,Netlink software Pvt Ltd,504,15
CSC e-Governance Services India Limited,Network for Information & Computer,1408,61
CSC e-Governance Services India Limited,Prakash Computer Services,715,70
CSC e-Governance Services India Limited,Promind Solutions P Limited,3258,328
CSC e-Governance Services India Limited,Radiant Haroti Industries India Ltd,3058,252
CSC e-Governance Services India Limited,Raj Construction Co.,279,9
CSC e-Governance Services India Limited,SGS INDIA PVT LTD,627,31
CSC e-Governance Services India Limited,SPANCO,906,48
CSC e-Governance Services India Limited,SRR Infotech,919,20
CSC e-Governance Services India Limited,Sahaj e-Village Limited,348,30
CSC e-Governance Services India Limited,Saket Advertising Pvt. Ltd,198,6
CSC e-Governance Services India Limited,Sri Ramraja Sarkar Lok Kalyan Trust,250,4
CSC e-Governance Services India Limited,Super Printers,379,19
CSC e-Governance Services India Limited,Tera Software Ltd,2475,51
CSC e-Governance Services India Limited,Twinstar Industries Ltd.,407,16
CSC e-Governance Services India Limited,United Telecoms e-Services Pvt Ltd,2138,86
CSC e-Governance Services India Limited,VIKALP MULTIMEDIA,159,12
CSC e-Governance Services India Limited,VISESH INFOTECNICS LIMITED,5,0
CSC e-Governance Services India Limited,VISION COMPTECH INTEGRATOR LTD,690,30
CSC e-Governance Services India Limited,Vayam technologies Ltd,1755,47
CSC e-Governance Services India Limited,Vedavaag Systems Limited,3128,1162
CSC e-Governance Services India Limited,Vigilant Corporate Services Pvt Ltd,0,1
CSC e-Governance Services India Limited,Virinchi Technologies Ltd,456,23
CSC e-Governance Services India Limited,Yash Ornaments Pvt. Ltd,395,39
CSC e-Governance Services India Limited,Zephyr System Pvt.Ltd.,6748,263
Canara Bank,FINANCIAL INFORMATION NETWORK,732,42
Canara Bank,Karvy Data Management Services,416,74
Canara Bank,Ojus Healthcare Private Limited,306,1
Canara Bank,Osiris Infotech Pvt. Ltd.,31,2
Canara Bank,Smart Chip Limited,157,18
Canara Bank,Virinchi Technologies Ltd,2198,81
Civil Supplies - A&N Islands,India Computer Technology,0,1
DENA BANK,77 Infosystems Pvt Ltd,66,9
DENA BANK,A-Onerealtors Pvt Ltd,238,3
DENA BANK,APEX Services,352,26
DENA BANK,AS International,122,22
DENA BANK,ATISHAY INFOTECH PVT. LTD.,737,66
DENA BANK,AVVAS INFOTECH PVT  LTD,304,2
DENA BANK,Advent Infomax Private Ltd,21,7
DENA BANK,Akhil Bhartiya Majdoor Shiksha Sewa Samiti,18,2
DENA BANK,Amar Constructions,131,218
DENA BANK,Apnatech Consultancy Services Pvt Ltd,49,0
DENA BANK,Asha Security Guard Services,277,52
DENA BANK,Asray Gram,20,11
DENA BANK,Binary Systems,54,14
DENA BANK,Bloom Solutions Pvt Ltd,4899,79
DENA BANK,Blue Circle Instrument,211,1
DENA BANK,Business Information Processing Services,386,17
DENA BANK,CALANCE SOFTWARE PRIVATE LTD,468,35
DENA BANK,City Hawks Manpower Services & Consultancy,33,3
DENA BANK,DATASOFT COMPUTER SERVICES(P),431,12
DENA BANK,Eagle Software India Pvt. Ltd,66,2
DENA BANK,Ecartes Technology Pvt. Ltd,25,13
DENA BANK,FINANCIAL INFORMATION NETWORK,45,5
DENA BANK,Gujarat Infotech Ltd.,854,8
DENA BANK,IAP COMPANY Pvt. Ltd,2591,289
DENA BANK,India Computer Technology,20,1
DENA BANK,JNET Technologies Pvt.Ltd,23,0
DENA BANK,Jeevan Deep Charitable Society,543,3
DENA BANK,K W Consulting P Ltd,3,1
DENA BANK,M/S STAR DATA CENTRE,106,4
DENA BANK,M/s Gold Square Builders & Promoters Pvt. Ltd.,928,26
DENA BANK,MARS Telecom Systems Pvt Ltd,266,9
DENA BANK,MEGHA VINCOM PVT LTD,505,12
DENA BANK,MKS Enterprises,11,1
DENA BANK,Make India Smart Private Limited,1823,93
DENA BANK,Multiwave Innovation,710,144
DENA BANK,NVR & ASSOCIATES LIMITED,171,57
DENA BANK,Netlink software Pvt Ltd,2373,128
DENA BANK,Nielsen  India  Private Limited,9173,665
DENA BANK,Offshoot Agency Pvt. Ltd.,9,7
DENA BANK,Om Softwares,77,32
DENA BANK,Ortem Securities Limited,3,0
DENA BANK,Ricoh India Limited,3,0
DENA BANK,SGS INDIA PVT LTD,395,9
DENA BANK,Silver Touch Technologies Ltd,481,4
DENA BANK,Sixth Dimension Project Solutions Ltd,738,6
DENA BANK,Soc for Advancement of Environ Science,377,16
DENA BANK,Super Printers,2557,49
DENA BANK,TechSmart India Pvt Ltd,236,1
DENA BANK,The NSIC ltd,1,0
DENA BANK,Transline Technologies P Ltd,3,0
DENA BANK,UT Computers Educational & Welfare Soc,222,65
DENA BANK,Utility Forms Pvt Ltd,318,0
DENA BANK,VAP INFOSOLUTIONS,834,24
DENA BANK,VISION COMPTECH INTEGRATOR LTD,355,51
DENA BANK,Vedavaag Systems Limited,566,272
DENA BANK,Virinchi Technologies Ltd,356,20
DENA BANK,WEBEL,459,193
DENA BANK,Wipro Ltd,6101,614
DENA BANK,Yash Ornaments Pvt. Ltd,55,1
DENA BANK,Zephyr System Pvt.Ltd.,1768,121
Dept of ITC Govt of Rajasthan,Academy of Management Studies,14,0
Dept of ITC Govt of Rajasthan,Business Information Processing Services,3,5
Dept of ITC Govt of Rajasthan,CMS Computers Ltd,95,2
Dept of ITC Govt of Rajasthan,COMTECH INSTITUTE OFTECHNOLOGY,236,6
Dept of ITC Govt of Rajasthan,DATASOFT COMPUTER SERVICES(P),94,2
Dept of ITC Govt of Rajasthan,FINANCIAL INFORMATION NETWORK,261,66
Dept of ITC Govt of Rajasthan,IAP COMPANY Pvt. Ltd,39,31
Dept of ITC Govt of Rajasthan,Karvy Data Management Services,447,35
Dept of ITC Govt of Rajasthan,M/s Sanish Choudhary,95,20
Dept of ITC Govt of Rajasthan,MEGHA VINCOM PVT LTD,88,3
Dept of ITC Govt of Rajasthan,Matrix Processing House,3,26
Dept of ITC Govt of Rajasthan,Rajcomp Info Services Ltd,3007,149
Dept of ITC Govt of Rajasthan,Ricoh India Limited,133,118
Dept of ITC Govt of Rajasthan,SAR Technology,73,9
Dept of ITC Govt of Rajasthan,TechSmart India Pvt Ltd,327,1
Dept of ITC Govt of Rajasthan,UMC Technologies Pvt. Ltd,157,7
Dept of ITC Govt of Rajasthan,VIRGO SOFTECH LIMITED,428,21
Dept of ITC Govt of Rajasthan,VISION COMPTECH INTEGRATOR LTD,6,0
Dept of ITC Govt of Rajasthan,Vakrangee Softwares Limited,468,53
FCR Govt of Haryana,4G INFORMATICS,13,0
FCR Govt of Haryana,Academy of Management Studies,48,0
FCR Govt of Haryana,District IT Society Ambala,53,21
FCR Govt of Haryana,District IT Society Bhiwani,53,1
FCR Govt of Haryana,District IT Society Faridabad,89,2
FCR Govt of Haryana,District IT Society Fatehabad,32,7
FCR Govt of Haryana,District IT Society Gurgaon,11,2
FCR Govt of Haryana,District IT Society Hisar,53,5
FCR Govt of Haryana,District IT Society Jhajjar,68,1
FCR Govt of Haryana,District IT Society Kaithal,57,0
FCR Govt of Haryana,District IT Society Karnal,173,9
FCR Govt of Haryana,District IT Society Kurukshetra,68,1
FCR Govt of Haryana,District IT Society Mahendragarh,115,3
FCR Govt of Haryana,District IT Society Mewat,54,1
FCR Govt of Haryana,District IT Society Palwal,210,5
FCR Govt of Haryana,District IT Society Panchkula,1,0
FCR Govt of Haryana,District IT Society Panipat,203,6
FCR Govt of Haryana,District IT Society Rewari,442,21
FCR Govt of Haryana,District IT Society Rohtak,86,0
FCR Govt of Haryana,District IT Society Sirsa,263,8
FCR Govt of Haryana,District IT Society Sonipat,97,5
FCR Govt of Haryana,District IT Society Yamuna Nagar,93,3
FCR Govt of Haryana,SoftAge Information Technology Limited,339,18
FCS Govt of Punjab,District Sukhmani Society  Jalandhar  Punjab,42,6
FCS Govt of Punjab,District Sukhmani Society  Ludhiana  Punjab,54,7
FCS Govt of Punjab,District Sukhmani Society  Moga  Punjab,6,0
FCS Govt of Punjab,District Sukhmani Society Amritsar Punjab,10,1
FCS Govt of Punjab,District Sukhmani Society Barnala Punjab,50,2
FCS Govt of Punjab,District Sukhmani Society Bathinda Punjab,18,2
FCS Govt of Punjab,District Sukhmani Society Fatehgarh Sahib Punjab,41,4
FCS Govt of Punjab,District Sukhmani Society Fazilka Punjab,40,6
FCS Govt of Punjab,District Sukhmani Society Ferozepur Punjab,4,0
FCS Govt of Punjab,District Sukhmani Society For Citizen Services Mansa Punjab,9,1
FCS Govt of Punjab,District Sukhmani Society For Citizen Services Nawanshahr Punjab,37,2
FCS Govt of Punjab,District Sukhmani Society For Citizen Services SAS Nagar District e-Governance Society Punjab,17,1
FCS Govt of Punjab,District Sukhmani Society Pathankot Punjab,9,0
FCS Govt of Punjab,District Sukhmani Society Patiala Punjab,9,0
FCS Govt of Punjab,District Sukhmani Society Rupnagar Punjab,42,3
FCS Govt of Punjab,District Sukhmani Society Sangrur Punjab,23,2
FCS Govt of Punjab,District Sukhmani Society Sri Muktsar Sahib Punjab,45,13
FCS Govt of Punjab,District Sukhmani Society Tarn Taran Punjab,42,1
FCS Govt of Punjab,Karvy Computershare Private Li,30,3
FCS Govt of Punjab,Sukhmani Society For Citizens Services Faridkot Punjab,15,2
FCS Govt of Punjab,Suwidha Society Hoshiarpur Punjab,12,2
FCS Govt of Punjab,Vayam technologies Ltd,38,2
FCS Govt of Punjab,eCentric solutions pvt ltd,25,0
Govt of Gujarat,GSS Infotech Ltd,824,1
Govt of Gujarat,Karvy Computershare Private Li,3210,32
Govt of Gujarat,Silver Touch Technologies Ltd,687,12
Govt of Gujarat,Tera Software Ltd,1459,2
Govt of Gujarat,eCentric solutions pvt ltd,27,9
Govt of Himachal Pradesh,Department of IT  Govt. of HP,39,1
Govt of Karnataka ,Bloom Solutions Pvt Ltd,2,0
Govt of Karnataka ,Centre for e-Governance  GOK,3116,43
Govt of Karnataka ,EDCS GOK,682,8
Govt of Karnataka ,SREEVEN INFOCOM LIMITED,0,2
Govt of Karnataka ,Wipro Ltd,2,0
Govt of Kerala,Akshaya,9054,52
Govt of Kerala,Keltron,1,0
Govt of Maharashtra,M/S King Computer System pvt Ltd,241,6
Govt of Maharashtra,M/s. Vidya Online  Pune,40,1
Govt of Maharashtra,Rudranee Infotech Ltd,31,0
Govt of Maharashtra,SETU MAHARASHTRA,38,12
Govt of Maharashtra,SILVER JUBILEE MOTORS LTD.,59,0
IDBI Bank ltd,ATISHAY INFOTECH PVT. LTD.,219,8
IDBI Bank ltd,Matrix Processing House,11,0
IDBI Bank ltd,SREEVEN INFOCOM LIMITED,1229,57
Information Technology & Communication Department,Directorate of ESD,4756,80
NSDL e-Governance Infrastructure Limited,Abhipra Capital Ltd,261,20
NSDL e-Governance Infrastructure Limited,Alankit Finsec Ltd,1354,55
NSDL e-Governance Infrastructure Limited,Alankit Limited,155,5
NSDL e-Governance Infrastructure Limited,Amar Constructions,447,105
NSDL e-Governance Infrastructure Limited,Gujarat Infotech Ltd.,4579,211
NSDL e-Governance Infrastructure Limited,Karvy Data Management Services,6086,1018
NSDL e-Governance Infrastructure Limited,N.K. Sharma Enterprises Ltd.,614,25
NSDL e-Governance Infrastructure Limited,Offshoot Agency Pvt. Ltd.,1688,11
NSDL e-Governance Infrastructure Limited,Ojus G Enterprises,9,1
NSDL e-Governance Infrastructure Limited,Promind Solutions P Limited,91,10
NSDL e-Governance Infrastructure Limited,RELIGARE SECURITIES LTD,1605,43
NSDL e-Governance Infrastructure Limited,Radiant Haroti Industries India Ltd,0,2
NSDL e-Governance Infrastructure Limited,Ricoh India Limited,435,243
NSDL e-Governance Infrastructure Limited,S.J. Technologies,124,5
NSDL e-Governance Infrastructure Limited,SNR Edatas Pvt Ltd,1,0
NSDL e-Governance Infrastructure Limited,Sri Ramraja Sarkar Lok Kalyan Trust,359,14
NSDL e-Governance Infrastructure Limited,Utility Forms Pvt Ltd,1068,43
NSDL e-Governance Infrastructure Limited,VFS Global Services Pvt. Ltd,58,7
NSDL e-Governance Infrastructure Limited,VIRGO SOFTECH LIMITED,2494,124
National Institute of Electronics & Information Technology,Alankit Finsec Ltd,120,3
Project Coordinator UID Project Madhya Pradesh,A I Soc for Electronics and Comp Tech,6249,671
Project Coordinator UID Project Madhya Pradesh,DATASOFT COMPUTER SERVICES(P),97,0
Project Coordinator UID Project Madhya Pradesh,LYRA  CONSULTANCY SERVICE,1254,97
Project Coordinator UID Project Madhya Pradesh,MPOnline Limited,4635,189
Project Coordinator UID Project Madhya Pradesh,Matrix Processing House,69,24
Project Coordinator UID Project Madhya Pradesh,OSWAL COMPUTERS & CONSULTANTS,1362,58
Project Coordinator UID Project Madhya Pradesh,Orion Security Solutions Private Ltd,436,21
Project Coordinator UID Project Madhya Pradesh,Sixth Dimension Project Solutions Ltd,591,14
Punjab National Bank,Alankit Finsec Ltd,3792,140
Punjab National Bank,Eagle Software India Pvt. Ltd,1065,67
Punjab National Bank,MARS Telecom Systems Pvt Ltd,738,70
Punjab National Bank,Smart Chip Limited,11,8
Punjab National Bank,Vayam technologies Ltd,134,2
Punjab and Sind Bank,Matrix Processing House,837,111
Registrar General India BEL2,In Media Computer Services LLP,1022,10
Registrar General India BEL2,Karvy Data Management Services,1993,3
Registrar General India BEL2,MACRO INFOTECH PVT LTD,10992,129
Registrar General India BEL2,Manipur Electronics Dev Corp,109,0
Registrar General India BEL2,Nevaeh Technology Pvt. Ltd.,0,1
Registrar General India BEL2,Pariza Enterprises,151,0
Registrar General India BEL2,SNR Edatas Pvt Ltd,690,3
Registrar General India BEL2,Tera Software Ltd,1574,0
Registrar General India BEL2,UNITED DATA SERVICES PRIVATE LIMITED,2096,2
Registrar General India BEL2,Viesa Technologies,9401,45
Registrar General India ECIL,COMTECHINFO SOLUTIONS PVT.LTD,733,21
Registrar General India ECIL,Chinar Construction Company Prime agency,3755,18
Registrar General India ECIL,Clairvoyance Technologies Pvt.,49,0
Registrar General India ECIL,Computer LAB,1903,1047
Registrar General India ECIL,Eagle Software India Pvt. Ltd,7969,41
Registrar General India ECIL,Emdee Digitronics Pvt.Ltd.,710,16
Registrar General India ECIL,In Media Computer Services LLP,3202,15
Registrar General India ECIL,India Computer Technology,4122,173
Registrar General India ECIL,Integrated Systems & Services,14,0
Registrar General India ECIL,Karvy Data Management Services,104,6
Registrar General India ECIL,LYRA  CONSULTANCY SERVICE,365,26
Registrar General India ECIL,Madras Security Printers Ltd,3128,26
Registrar General India ECIL,Pioneer E Labs limited,0,2
Registrar General India ECIL,SARADA SYSTEMS,6862,283
Registrar General India ECIL,SWISSTECH NPR 57CR PROJECT PVT,23,1
Registrar General India ECIL,The NSIC ltd,511,34
Registrar General India ECIL,WEBEL TECHNOLOGY LIMITED,273,3
Registrar General of India ITI,Emdee Digitronics Pvt.Ltd.,18549,46
Registrar General of India ITI,In Media Computer Services LLP,151,3
Registrar General of India ITI,Madras Security Printers Ltd,2162,119
Registrar General of India ITI,Netlink software Pvt Ltd,501,0
Registrar General of India ITI,Quick Data IT Services Pvt Ltd,2,0
Registrar General of India ITI,SNR Edatas Pvt Ltd,23,0
Registrar General of India ITI,VIRGO SOFTECH LIMITED,22,1
Registrar General of India ITI,WEBEL TECHNOLOGY LIMITED,4976,56
Registrar General of India ITI,Webx Technologies Private Limited,110,0
Rural Development Dept  Govt. of Bihar,Bloom Solutions Pvt Ltd,1,16
Rural Development Dept  Govt. of Bihar,Computer LAB,575,6
Rural Development Dept  Govt. of Bihar,Emdee Digitronics Pvt.Ltd.,572,24
Rural Development Dept  Govt. of Bihar,FINANCIAL INFORMATION NETWORK,37,56
Rural Development Dept  Govt. of Bihar,Frontech Systems Pvt Ltd,77,12
Rural Development Dept  Govt. of Bihar,M2C Private Solution,26,2
Rural Development Dept  Govt. of Bihar,MKS Enterprises,8,13
Rural Development Dept  Govt. of Bihar,Orion Security Solutions Private Ltd,10,0
Rural Development Dept  Govt. of Bihar,Urmila Info solution,66,4
State Bank of India,FINANCIAL INFORMATION NETWORK,2264,288
State Bank of India,Smart Chip Limited,1,0
State Bank of India,Utility Forms Pvt Ltd,915,15
UIDAI-Registrar,UIDAI-EA,16,1
UTI Infrastructure Technology & Services Limited,Houston Technologies Limited,27,0
UTI Infrastructure Technology & Services Limited,Omnitech Infosolutions Ltd,1084,49
Union Bank,FINANCIAL INFORMATION NETWORK,10161,452
Union Bank,Smart Chip Limited,3278,19
Union Bank,Vakrangee Softwares Limited,2798,206
