State,District,Aadhaar generated,Enrolment Rejected
Andaman and Nicobar Islands,Nicobar,21,13
Andaman and Nicobar Islands,North And Middle Andaman,4,7
Andaman and Nicobar Islands,South Andaman,27,24
Andhra Pradesh,Ananthapur,241,75
Andhra Pradesh,Chittoor,98,45
Andhra Pradesh,Cuddapah,275,25
Andhra Pradesh,East Godavari,576,59
Andhra Pradesh,Guntur,257,65
Andhra Pradesh,Krishna,157,57
Andhra Pradesh,Kurnool,157,45
Andhra Pradesh,Nellore,126,58
Andhra Pradesh,Prakasam,308,74
Andhra Pradesh,Srikakulam,109,39
Andhra Pradesh,Visakhapatnam,358,50
Andhra Pradesh,Vizianagaram,112,14
Andhra Pradesh,West Godavari,184,38
Arunachal Pradesh,Changlang,40,1
Arunachal Pradesh,Kurung Kumey,0,2
Arunachal Pradesh,Lohit,5,8
Arunachal Pradesh,Lower Subansiri,1,0
Arunachal Pradesh,Namsai,5326,39
Arunachal Pradesh,Papum Pare,1,0
Arunachal Pradesh,Tawang,0,4
Arunachal Pradesh,Upper Siang,371,1
Arunachal Pradesh,Upper Subansiri,3,8
Arunachal Pradesh,West Kameng,3,2
Arunachal Pradesh,West Siang,703,5
Assam,Baksa,6,0
Assam,Barpeta,13,1
Assam,Bongaigaon,5,0
Assam,Cachar,10,2
Assam,Chirang,4,0
Assam,Darrang,2,1
Assam,Dhemaji,9,0
Assam,Dhubri,7,0
Assam,Dibrugarh,12,1
Assam,Goalpara,5,0
Assam,Golaghat,12,1
Assam,Hailakandi,2,0
Assam,Jorhat,12,2
Assam,Kamrup,11,4
Assam,Kamrup Metro,5,0
Assam,Karbi Anglong,20,0
Assam,Karimganj,2,0
Assam,Kokrajhar,4,0
Assam,Lakhimpur,4,1
Assam,Marigaon,3,1
Assam,Nagaon,1623,5
Assam,North Cachar Hills,1,0
Assam,Sibsagar,6,1
Assam,Sonitpur,16,0
Assam,Tinsukia,22,1
Assam,Udalguri,17,0
Bihar,Araria,3355,998
Bihar,Arwal,52,91
Bihar,Aurangabad,451,124
Bihar,Banka,212,93
Bihar,Begusarai,785,249
Bihar,Bhagalpur,894,298
Bihar,Bhojpur,1589,280
Bihar,Buxar,488,159
Bihar,Darbhanga,4507,845
Bihar,East Champaran,896,188
Bihar,Gaya,1425,220
Bihar,Gopalganj,737,146
Bihar,Jamui,259,98
Bihar,Jehanabad,104,33
Bihar,Kaimur (Bhabua),550,96
Bihar,Katihar,3749,463
Bihar,Khagaria,519,185
Bihar,Kishanganj,1580,491
Bihar,Lakhisarai,345,68
Bihar,Madhepura,862,163
Bihar,Madhubani,1941,236
Bihar,Munger,183,95
Bihar,Muzaffarpur,1422,186
Bihar,Nalanda,545,358
Bihar,Nawada,606,188
Bihar,Patna,1777,422
Bihar,Purnia,744,279
Bihar,Rohtas,1349,144
Bihar,Saharsa,571,156
Bihar,Samastipur,1213,206
Bihar,Saran,962,129
Bihar,Sheikhpura,19,85
Bihar,Sheohar,199,100
Bihar,Sitamarhi,1429,131
Bihar,Siwan,807,117
Bihar,Supaul,960,91
Bihar,Vaishali,523,112
Bihar,West Champaran,3582,476
Chandigarh,Chandigarh,77,18
Chhattisgarh,Balod,252,110
Chhattisgarh,Baloda Bazar,860,133
Chhattisgarh,Balrampur,151,32
Chhattisgarh,Bastar,712,80
Chhattisgarh,Bemetara,205,62
Chhattisgarh,Bijapur,298,22
Chhattisgarh,Bilaspur,800,255
Chhattisgarh,Dakshin Bastar Dantewada,140,12
Chhattisgarh,Dantewada,12,4
Chhattisgarh,Dhamtari,86,56
Chhattisgarh,Durg,171,87
Chhattisgarh,Gariyaband,60,25
Chhattisgarh,Janjgir-champa,972,142
Chhattisgarh,Jashpur,256,40
Chhattisgarh,Kabeerdham,82,8
Chhattisgarh,Kanker,195,18
Chhattisgarh,Kawardha,166,22
Chhattisgarh,Kondagaon,121,36
Chhattisgarh,Korba,935,196
Chhattisgarh,Koriya,46,32
Chhattisgarh,Mahasamund,630,135
Chhattisgarh,Mungeli,288,167
Chhattisgarh,Narayanpur,95,22
Chhattisgarh,Raigarh,677,130
Chhattisgarh,Raipur,1022,79
Chhattisgarh,Rajnandgaon,365,63
Chhattisgarh,Sukma,22,11
Chhattisgarh,Surajpur,190,63
Chhattisgarh,Surguja,380,110
Chhattisgarh,Uttar Bastar Kanker,11,9
Dadra and Nagar Haveli,Dadra and Nagar Haveli,201,21
Daman and Diu,Daman,85,4
Daman and Diu,Diu,148,3
Delhi,Central Delhi,90,42
Delhi,East Delhi,261,135
Delhi,New Delhi,9,4
Delhi,North Delhi,169,43
Delhi,North East Delhi,655,200
Delhi,North West Delhi,768,313
Delhi,South Delhi,299,175
Delhi,South West Delhi,205,100
Delhi,West Delhi,218,142
Goa,North Goa,40,28
Goa,South Goa,23,22
Gujarat,Ahmedabad,1298,251
Gujarat,Amreli,195,50
Gujarat,Anand,1945,204
Gujarat,Arvalli,31,40
Gujarat,Banaskantha,601,144
Gujarat,Bharuch,381,46
Gujarat,Bhavnagar,2141,76
Gujarat,Dahod,336,170
Gujarat,Devbhumi Dwarka,17,19
Gujarat,Gandhinagar,199,49
Gujarat,Gir Somnath,131,7
Gujarat,Jamnagar,15,35
Gujarat,Junagadh,211,17
Gujarat,Kachchh,247,32
Gujarat,Kheda,633,89
Gujarat,Mahesana,769,66
Gujarat,Narmada,41,13
Gujarat,Navsari,337,26
Gujarat,Panchmahals,667,132
Gujarat,Patan,235,59
Gujarat,Porbandar,368,9
Gujarat,Rajkot,578,93
Gujarat,Sabarkantha,152,90
Gujarat,Surat,1217,214
Gujarat,Surendra Nagar,1008,155
Gujarat,Tapi,224,37
Gujarat,The Dangs,41,9
Gujarat,Vadodara,836,191
Gujarat,Valsad,403,67
Haryana,Ambala,249,37
Haryana,Bhiwani,214,74
Haryana,Faridabad,292,132
Haryana,Fatehabad,144,62
Haryana,Gurgaon,240,74
Haryana,Hisar,441,91
Haryana,Jhajjar,462,55
Haryana,Jind,249,81
Haryana,Kaithal,188,79
Haryana,Karnal,403,49
Haryana,Kurukshetra,286,39
Haryana,Mahendragarh,196,35
Haryana,Mewat,158,161
Haryana,Palwal,122,103
Haryana,Panchkula,61,25
Haryana,Panipat,242,75
Haryana,Rewari,162,56
Haryana,Rohtak,213,64
Haryana,Sirsa,401,112
Haryana,Sonipat,206,74
Haryana,Yamuna Nagar,506,94
Himachal Pradesh,Bilaspur,14,5
Himachal Pradesh,Chamba,14,1
Himachal Pradesh,Hamirpur,3,5
Himachal Pradesh,Kangra,146,22
Himachal Pradesh,Kinnaur,25,4
Himachal Pradesh,Kullu,16,20
Himachal Pradesh,Mandi,124,19
Himachal Pradesh,Shimla,57,14
Himachal Pradesh,Sirmaur,40,7
Himachal Pradesh,Solan,20,3
Himachal Pradesh,Una,1,3
Jammu and Kashmir,Anantnag,3,25
Jammu and Kashmir,Badgam,70,15
Jammu and Kashmir,Bandipore,6,4
Jammu and Kashmir,Baramula,9,59
Jammu and Kashmir,Doda,1,1
Jammu and Kashmir,Ganderbal,108,2
Jammu and Kashmir,Jammu,108,16
Jammu and Kashmir,Kargil,4,5
Jammu and Kashmir,Kathua,26,6
Jammu and Kashmir,Kishtwar,3,3
Jammu and Kashmir,Kulgam,2,9
Jammu and Kashmir,Kupwara,5,22
Jammu and Kashmir,Leh,1,1
Jammu and Kashmir,Pulwama,515,3
Jammu and Kashmir,Punch,14,5
Jammu and Kashmir,Rajouri,959,9
Jammu and Kashmir,Ramban,0,2
Jammu and Kashmir,Reasi,6,11
Jammu and Kashmir,Samba,11,7
Jammu and Kashmir,Shupiyan,6,2
Jammu and Kashmir,Srinagar,1096,70
Jammu and Kashmir,Udhampur,14,5
Jharkhand,Bokaro,407,107
Jharkhand,Chatra,718,110
Jharkhand,Deoghar,333,37
Jharkhand,Dhanbad,526,104
Jharkhand,Dumka,166,53
Jharkhand,East Singhbhum,296,130
Jharkhand,Garhwa,235,59
Jharkhand,Giridih,863,199
Jharkhand,Godda,217,50
Jharkhand,Gumla,216,52
Jharkhand,Hazaribagh,154,42
Jharkhand,Jamtara,139,12
Jharkhand,Khunti,15,5
Jharkhand,Koderma,178,31
Jharkhand,Latehar,68,25
Jharkhand,Lohardaga,52,12
Jharkhand,Pakur,29,25
Jharkhand,Palamu,479,133
Jharkhand,Ramgarh,59,28
Jharkhand,Ranchi,246,132
Jharkhand,Sahebganj,128,34
Jharkhand,Seraikela-Kharsawan,48,34
Jharkhand,Simdega,44,9
Jharkhand,West Singhbhum,186,43
Karnataka,Bagalkot,66,117
Karnataka,Ballari,161,133
Karnataka,Bangalore Rural,52,82
Karnataka,Belagavi,702,245
Karnataka,Bengaluru,145,208
Karnataka,Bidar,151,175
Karnataka,Chamrajanagar,252,82
Karnataka,Chikkaballapur,56,93
Karnataka,Chikkamagaluru,69,45
Karnataka,Chitradurga,128,162
Karnataka,Dakshina Kannada,238,67
Karnataka,Davangere,129,112
Karnataka,Dharwad,404,121
Karnataka,Gadag,157,49
Karnataka,Hassan,107,75
Karnataka,Haveri,181,113
Karnataka,Kalaburagi,1254,224
Karnataka,Kodagu,144,35
Karnataka,Kolar,138,192
Karnataka,Koppal,254,110
Karnataka,Mandya,152,120
Karnataka,Mysuru,184,102
Karnataka,Raichur,668,241
Karnataka,Ramanagar,246,99
Karnataka,Shivamogga,954,61
Karnataka,Tumakuru,133,107
Karnataka,Udupi,76,29
Karnataka,Uttara Kannada,262,64
Karnataka,Vijayapura,161,93
Karnataka,Yadgir,266,130
Kerala,Alappuzha,338,24
Kerala,Ernakulam,392,20
Kerala,Idukki,201,11
Kerala,Kannur,557,13
Kerala,Kasaragod,150,11
Kerala,Kollam,367,18
Kerala,Kottayam,203,4
Kerala,Kozhikode,748,35
Kerala,Malappuram,515,30
Kerala,Palakkad,521,23
Kerala,Pathanamthitta,334,20
Kerala,Thiruvananthapuram,149,30
Kerala,Thrissur,117,15
Kerala,Wayanad,349,16
Lakshadweep,Lakshadweep,0,1
Madhya Pradesh,Alirajpur,382,37
Madhya Pradesh,Anuppur,264,63
Madhya Pradesh,Ashok Nagar,3025,217
Madhya Pradesh,Balaghat,907,188
Madhya Pradesh,Barwani,638,212
Madhya Pradesh,Betul,1574,83
Madhya Pradesh,Bhind,892,85
Madhya Pradesh,Bhopal,285,186
Madhya Pradesh,Burhanpur,179,63
Madhya Pradesh,Chhatarpur,2676,256
Madhya Pradesh,Chhindwara,611,98
Madhya Pradesh,Damoh,520,86
Madhya Pradesh,Datia,527,32
Madhya Pradesh,Dewas,712,122
Madhya Pradesh,Dhar,691,163
Madhya Pradesh,Dindori,298,85
Madhya Pradesh,Guna,788,106
Madhya Pradesh,Gwalior,1154,177
Madhya Pradesh,Harda,77,9
Madhya Pradesh,Hoshangabad,119,79
Madhya Pradesh,Indore,547,171
Madhya Pradesh,Jabalpur,377,251
Madhya Pradesh,Jhabua,1158,68
Madhya Pradesh,Katni,481,95
Madhya Pradesh,Khandwa,193,67
Madhya Pradesh,Khargone,289,143
Madhya Pradesh,Mandla,378,63
Madhya Pradesh,Mandsaur,1182,122
Madhya Pradesh,Morena,1174,110
Madhya Pradesh,Narsinghpur,557,109
Madhya Pradesh,Neemuch,455,99
Madhya Pradesh,Panna,691,79
Madhya Pradesh,Raisen,509,90
Madhya Pradesh,Rajgarh,1696,239
Madhya Pradesh,Ratlam,399,135
Madhya Pradesh,Rewa,1332,189
Madhya Pradesh,Sagar,1108,162
Madhya Pradesh,Satna,728,145
Madhya Pradesh,Sehore,472,110
Madhya Pradesh,Seoni,494,71
Madhya Pradesh,Shahdol,1228,144
Madhya Pradesh,Shajapur,575,179
Madhya Pradesh,Sheopur,503,62
Madhya Pradesh,Shivpuri,2031,184
Madhya Pradesh,Sidhi,876,159
Madhya Pradesh,Singrauli,255,82
Madhya Pradesh,Tikamgarh,1995,131
Madhya Pradesh,Ujjain,695,106
Madhya Pradesh,Umaria,157,26
Madhya Pradesh,Vidisha,1010,99
Maharashtra,Ahmadnagar,2196,498
Maharashtra,Akola,665,89
Maharashtra,Amravati,1017,181
Maharashtra,Aurangabad,2454,293
Maharashtra,Beed,2495,371
Maharashtra,Bhandara,307,86
Maharashtra,Buldhana,777,89
Maharashtra,Chandrapur,502,75
Maharashtra,Dhule,575,114
Maharashtra,Gadchiroli,514,82
Maharashtra,Gondiya,518,88
Maharashtra,Hingoli,774,107
Maharashtra,Jalgaon,1766,186
Maharashtra,Jalna,772,240
Maharashtra,Kolhapur,1070,202
Maharashtra,Latur,1163,188
Maharashtra,Mumbai,2092,259
Maharashtra,Nagpur,1096,195
Maharashtra,Nanded,1579,223
Maharashtra,Nandurbar,942,92
Maharashtra,Nashik,1501,366
Maharashtra,Osmanabad,552,88
Maharashtra,Palghar,834,142
Maharashtra,Parbhani,2216,206
Maharashtra,Pune,2860,493
Maharashtra,Raigarh,684,153
Maharashtra,Ratnagiri,550,91
Maharashtra,Sangli,635,176
Maharashtra,Satara,2029,264
Maharashtra,Sindhudurg,540,71
Maharashtra,Solapur,2423,462
Maharashtra,Thane,2352,294
Maharashtra,Wardha,225,43
Maharashtra,Washim,428,87
Maharashtra,Yavatmal,956,152
Manipur,Bishnupur,131,7
Manipur,Chandel,7,7
Manipur,Churachandpur,4,2
Manipur,Imphal East,15,2
Manipur,Imphal West,5,1
Manipur,Senapati,1695,8
Manipur,Tamenglong,1,11
Manipur,Thoubal,6,13
Manipur,Ukhrul,4,1
Meghalaya,East Khasi Hills,2,0
Meghalaya,Jaintia Hills,1,0
Meghalaya,Ri Bhoi,1,2
Meghalaya,West Garo Hills,5,1
Mizoram,Aizawl,20,20
Mizoram,Champhai,47,7
Mizoram,Kolasib,2,1
Mizoram,Lawngtlai,1,2
Mizoram,Lunglei,342,3
Mizoram,Mammit,31,3
Mizoram,Saiha,12,3
Mizoram,Serchhip,26,1
Nagaland,Dimapur,617,9
Nagaland,Kohima,5,1
Nagaland,Mokokchung,5,0
Nagaland,Mon,2,0
Nagaland,Peren,5,0
Nagaland,Phek,1,0
Nagaland,Tuensang,0,2
Nagaland,Zunheboto,1,1
Odisha,Angul,0,36
Odisha,Balangir,610,140
Odisha,Baleswar,514,83
Odisha,Bargarh,81,54
Odisha,Bhadrak,41,21
Odisha,Boudh,21,9
Odisha,Cuttack,20,100
Odisha,Dhenkanal,5,33
Odisha,Gajapati,458,42
Odisha,Ganjam,1874,276
Odisha,Jagatsinghapur,5,6
Odisha,Jajapur,33,107
Odisha,Jharsuguda,48,2
Odisha,Kalahandi,1608,347
Odisha,Kandhamal,2,21
Odisha,Kendrapara,15,25
Odisha,Kendujhar,668,170
Odisha,Khorda,75,82
Odisha,Koraput,1466,192
Odisha,Malkangiri,2093,63
Odisha,Mayurbhanj,685,95
Odisha,Nabarangapur,3,145
Odisha,Nayagarh,6,3
Odisha,Nuapada,0,22
Odisha,Puri,52,81
Odisha,Rayagada,396,54
Odisha,Sambalpur,109,36
Odisha,Sonapur,3,8
Odisha,Sundergarh,1114,312
Puducherry,Karaikal,54,5
Puducherry,Puducherry,39,7
Punjab,Amritsar,1108,188
Punjab,Barnala,297,51
Punjab,Bathinda,622,75
Punjab,Faridkot,39,22
Punjab,Fatehgarh Sahib,87,13
Punjab,Fazilka,428,76
Punjab,Ferozepur,279,52
Punjab,Gurdaspur,243,92
Punjab,Hoshiarpur,272,52
Punjab,Jalandhar,336,57
Punjab,Kapurthala,196,34
Punjab,Ludhiana,1048,184
Punjab,Mansa,108,39
Punjab,Moga,204,63
Punjab,Pathankot,67,17
Punjab,Patiala,309,72
Punjab,Rupnagar,51,18
Punjab,SAS Nagar (Mohali),254,38
Punjab,Sangrur,628,61
Punjab,Shaheed Bhagat Singh Nagar,76,23
Punjab,Sri Muktsar Sahib,223,78
Punjab,Tarn Taran,622,105
Rajasthan,Ajmer,406,104
Rajasthan,Alwar,667,326
Rajasthan,Banswara,1171,166
Rajasthan,Baran,387,95
Rajasthan,Barmer,852,123
Rajasthan,Bharatpur,890,182
Rajasthan,Bhilwara,805,167
Rajasthan,Bikaner,653,121
Rajasthan,Bundi,470,77
Rajasthan,Chittorgarh,457,123
Rajasthan,Churu,438,102
Rajasthan,Dausa,480,146
Rajasthan,Dholpur,542,148
Rajasthan,Dungarpur,900,87
Rajasthan,Ganganagar,943,136
Rajasthan,Hanumangarh,717,91
Rajasthan,Jaipur,928,257
Rajasthan,Jaisalmer,692,76
Rajasthan,Jalor,521,101
Rajasthan,Jhalawar,1012,219
Rajasthan,Jhunjhunun,299,81
Rajasthan,Jodhpur,1101,198
Rajasthan,Karauli,509,114
Rajasthan,Kota,185,102
Rajasthan,Nagaur,1402,158
Rajasthan,Pali,487,152
Rajasthan,Pratapgarh,495,114
Rajasthan,Rajsamand,471,58
Rajasthan,Sawai Madhopur,531,66
Rajasthan,Sikar,934,170
Rajasthan,Sirohi,327,30
Rajasthan,Tonk,399,136
Rajasthan,Udaipur,562,194
Sikkim,East Sikkim,25,9
Sikkim,North Sikkim,8,2
Sikkim,South Sikkim,7,0
Sikkim,West Sikkim,1,0
Tamil Nadu,Ariyalur,6,7
Tamil Nadu,Chennai,1257,82
Tamil Nadu,Coimbatore,102,48
Tamil Nadu,Cuddalore,73,79
Tamil Nadu,Dharmapuri,19,20
Tamil Nadu,Dindigul,91,61
Tamil Nadu,Erode,18,118
Tamil Nadu,Kancheepuram,463,248
Tamil Nadu,Kanniyakumari,58,18
Tamil Nadu,Karur,2,16
Tamil Nadu,Krishnagiri,55,57
Tamil Nadu,Madurai,1111,26
Tamil Nadu,Nagapattinam,1340,52
Tamil Nadu,Namakkal,9,56
Tamil Nadu,Perambalur,2,9
Tamil Nadu,Pudukkottai,7,41
Tamil Nadu,Ramanathapuram,292,84
Tamil Nadu,Salem,76,145
Tamil Nadu,Sivaganga,400,47
Tamil Nadu,Thanjavur,2916,66
Tamil Nadu,The Nilgiris,41,60
Tamil Nadu,Theni,12,59
Tamil Nadu,Thiruvarur,17,6
Tamil Nadu,Thoothukkudi,4,30
Tamil Nadu,Tiruchirappalli,1333,96
Tamil Nadu,Tirunelveli,869,62
Tamil Nadu,Tiruppur,114,61
Tamil Nadu,Tiruvallur,1349,103
Tamil Nadu,Tiruvannamalai,1559,68
Tamil Nadu,Vellore,30,188
Tamil Nadu,Villupuram,257,108
Tamil Nadu,Virudhunagar,9,6
Telangana,Adilabad,62,17
Telangana,Hyderabad,784,185
Telangana,K.v. Rangareddy,389,97
Telangana,Karimnagar,177,19
Telangana,Khammam,44,16
Telangana,Mahabubnagar,153,40
Telangana,Medak,160,46
Telangana,Nalgonda,199,26
Telangana,Nizamabad,180,27
Telangana,Warangal,95,20
Tripura,Dhalai,44,41
Tripura,Gomati,25,5
Tripura,Khowai,25,22
Tripura,North Tripura,31,21
Tripura,Sepahijala,10,39
Tripura,South Tripura,15,24
Tripura,Unakoti,25,16
Tripura,West Tripura,14,18
Uttar Pradesh,Agra,770,250
Uttar Pradesh,Aligarh,716,357
Uttar Pradesh,Allahabad,1654,431
Uttar Pradesh,Ambedkar Nagar,641,77
Uttar Pradesh,Amethi,339,228
Uttar Pradesh,Amroha,286,102
Uttar Pradesh,Auraiya,260,89
Uttar Pradesh,Azamgarh,1002,220
Uttar Pradesh,Baghpat,105,26
Uttar Pradesh,Bahraich,1412,223
Uttar Pradesh,Ballia,681,127
Uttar Pradesh,Balrampur,758,270
Uttar Pradesh,Banda,1456,184
Uttar Pradesh,Bara Banki,1277,250
Uttar Pradesh,Bareilly,375,213
Uttar Pradesh,Basti,734,148
Uttar Pradesh,Bijnor,810,155
Uttar Pradesh,Budaun,2056,339
Uttar Pradesh,Bulandshahr,959,336
Uttar Pradesh,Chandauli,509,92
Uttar Pradesh,Chitrakoot,197,149
Uttar Pradesh,Deoria,720,165
Uttar Pradesh,Etah,401,67
Uttar Pradesh,Etawah,193,109
Uttar Pradesh,Faizabad,618,201
Uttar Pradesh,Farrukhabad,661,122
Uttar Pradesh,Fatehpur,2113,376
Uttar Pradesh,Firozabad,890,162
Uttar Pradesh,Gautam Buddha Nagar,438,127
Uttar Pradesh,Ghaziabad,790,188
Uttar Pradesh,Ghazipur,831,153
Uttar Pradesh,Gonda,1809,167
Uttar Pradesh,Gorakhpur,1201,304
Uttar Pradesh,Hamirpur,1344,109
Uttar Pradesh,Hapur,178,64
Uttar Pradesh,Hardoi,2793,373
Uttar Pradesh,Hathras,239,60
Uttar Pradesh,Jalaun,1649,137
Uttar Pradesh,Jaunpur,1441,202
Uttar Pradesh,Jhansi,1524,156
Uttar Pradesh,Kannauj,548,140
Uttar Pradesh,Kanpur Dehat,460,71
Uttar Pradesh,Kanpur Nagar,767,190
Uttar Pradesh,Kasganj,1562,124
Uttar Pradesh,Kaushambi,1262,64
Uttar Pradesh,Kheri,2056,257
Uttar Pradesh,Kushinagar,1310,244
Uttar Pradesh,Lalitpur,1394,96
Uttar Pradesh,Lucknow,1563,224
Uttar Pradesh,Maharajganj,1234,268
Uttar Pradesh,Mahoba,946,246
Uttar Pradesh,Mainpuri,503,182
Uttar Pradesh,Mathura,845,183
Uttar Pradesh,Mau,467,104
Uttar Pradesh,Meerut,564,244
Uttar Pradesh,Mirzapur,474,162
Uttar Pradesh,Moradabad,887,438
Uttar Pradesh,Muzaffarnagar,651,171
Uttar Pradesh,Pilibhit,763,125
Uttar Pradesh,Pratapgarh,611,252
Uttar Pradesh,Rae Bareli,396,258
Uttar Pradesh,Rampur,528,122
Uttar Pradesh,Saharanpur,442,287
Uttar Pradesh,Sambhal,455,125
Uttar Pradesh,Sant Kabir Nagar,119,123
Uttar Pradesh,Sant Ravidas Nagar,691,208
Uttar Pradesh,Shahjahanpur,2400,373
Uttar Pradesh,Shamli,383,79
Uttar Pradesh,Shrawasti,225,150
Uttar Pradesh,Siddharthnagar,1102,198
Uttar Pradesh,Sitapur,2985,307
Uttar Pradesh,Sonbhadra,534,211
Uttar Pradesh,Sultanpur,952,104
Uttar Pradesh,Unnao,1082,204
Uttar Pradesh,Varanasi,1111,174
Uttarakhand,Almora,490,26
Uttarakhand,Bageshwar,162,85
Uttarakhand,Chamoli,951,62
Uttarakhand,Champawat,20,278
Uttarakhand,Dehradun,410,57
Uttarakhand,Haridwar,460,111
Uttarakhand,Nainital,529,187
Uttarakhand,Pauri Garhwal,691,43
Uttarakhand,Pithoragarh,661,45
Uttarakhand,Rudraprayag,1123,33
Uttarakhand,Tehri Garhwal,1055,92
Uttarakhand,Udham Singh Nagar,751,139
Uttarakhand,Uttarkashi,336,15
West Bengal,Bankura,677,90
West Bengal,Barddhaman,3254,333
West Bengal,Birbhum,335,61
West Bengal,Cooch Behar,1224,43
West Bengal,Dakshin Dinajpur,1434,28
West Bengal,Darjeeling,26,11
West Bengal,Hooghly,473,56
West Bengal,Howrah,477,91
West Bengal,Jalpaiguri,218,30
West Bengal,Kolkata,177,36
West Bengal,Malda,323,55
West Bengal,Murshidabad,1047,126
West Bengal,Nadia,1950,128
West Bengal,North 24 Parganas,12457,543
West Bengal,Paschim Medinipur,2228,415
West Bengal,Purba Medinipur,2766,132
West Bengal,Puruliya,231,82
West Bengal,South 24 Parganas,3087,342
West Bengal,Uttar Dinajpur,2274,41
