State,District,Aadhaar generated,Enrolment Rejected
Andaman and Nicobar Islands,North And Middle Andaman,14,7
Andaman and Nicobar Islands,South Andaman,130,34
Andhra Pradesh,Ananthapur,2,0
Andhra Pradesh,Chittoor,79,3
Andhra Pradesh,Cuddapah,18,1
Andhra Pradesh,East Godavari,129,2
Andhra Pradesh,Guntur,75,2
Andhra Pradesh,Krishna,23,1
Andhra Pradesh,Kurnool,42,5
Andhra Pradesh,Nellore,2,0
Andhra Pradesh,Prakasam,2,1
Andhra Pradesh,Srikakulam,33,1
Andhra Pradesh,Visakhapatnam,1,2
Andhra Pradesh,Vizianagaram,34,0
Andhra Pradesh,West Godavari,0,2
Arunachal Pradesh,Changlang,1,1
Arunachal Pradesh,East Siang,0,1
Arunachal Pradesh,Kurung Kumey,1,0
Arunachal Pradesh,Lohit,32,0
Arunachal Pradesh,Lower Subansiri,3,0
Arunachal Pradesh,Namsai,48,0
Arunachal Pradesh,Papum Pare,13,0
Arunachal Pradesh,Upper Subansiri,14,1
Arunachal Pradesh,West Siang,0,1
Assam,Baksa,13,0
Assam,Barpeta,34,0
Assam,Bongaigaon,6,0
Assam,Cachar,252,3
Assam,Chirang,30,0
Assam,Darrang,3,0
Assam,Dhemaji,4,1
Assam,Dhubri,3,0
Assam,Dibrugarh,5,0
Assam,Goalpara,4,0
Assam,Golaghat,95,2
Assam,Hailakandi,8,0
Assam,Jorhat,8,0
Assam,Kamrup,18,0
Assam,Kamrup Metro,25,0
Assam,Karbi Anglong,4,0
Assam,Karimganj,12,0
Assam,Kokrajhar,3,0
Assam,Lakhimpur,8,0
Assam,Marigaon,3,0
Assam,Nagaon,19,1
Assam,Nalbari,12,0
Assam,North Cachar Hills,2,0
Assam,Sibsagar,2,0
Assam,Sonitpur,112,0
Assam,Tinsukia,7,0
Assam,Udalguri,28,1
Bihar,Araria,2148,444
Bihar,Arwal,17,2
Bihar,Aurangabad,71,20
Bihar,Banka,112,8
Bihar,Begusarai,149,64
Bihar,Bhagalpur,118,24
Bihar,Bhojpur,641,60
Bihar,Buxar,414,58
Bihar,Darbhanga,706,121
Bihar,East Champaran,718,87
Bihar,Gaya,628,56
Bihar,Gopalganj,473,34
Bihar,Jamui,66,9
Bihar,Jehanabad,158,2
Bihar,Kaimur (Bhabua),308,38
Bihar,Katihar,675,102
Bihar,Khagaria,207,15
Bihar,Kishanganj,571,116
Bihar,Lakhisarai,60,178
Bihar,Madhepura,586,218
Bihar,Madhubani,445,60
Bihar,Munger,88,6
Bihar,Muzaffarpur,229,60
Bihar,Nalanda,603,180
Bihar,Nawada,555,260
Bihar,Patna,383,70
Bihar,Purnia,404,103
Bihar,Rohtas,547,77
Bihar,Saharsa,224,23
Bihar,Samastipur,421,32
Bihar,Saran,506,75
Bihar,Sheikhpura,147,5
Bihar,Sheohar,68,12
Bihar,Sitamarhi,285,88
Bihar,Siwan,397,23
Bihar,Supaul,303,78
Bihar,Vaishali,367,33
Bihar,West Champaran,1170,160
Chandigarh,Chandigarh,63,10
Chhattisgarh,Balod,178,15
Chhattisgarh,Baloda Bazar,175,31
Chhattisgarh,Balrampur,46,5
Chhattisgarh,Bastar,119,62
Chhattisgarh,Bemetara,220,3
Chhattisgarh,Bijapur,24,10
Chhattisgarh,Bilaspur,325,28
Chhattisgarh,Dakshin Bastar Dantewada,46,1
Chhattisgarh,Dantewada,12,0
Chhattisgarh,Dhamtari,100,6
Chhattisgarh,Durg,189,15
Chhattisgarh,Gariyaband,25,2
Chhattisgarh,Janjgir-champa,137,14
Chhattisgarh,Jashpur,17,6
Chhattisgarh,Kabeerdham,8,2
Chhattisgarh,Kanker,71,11
Chhattisgarh,Kawardha,88,3
Chhattisgarh,Kondagaon,107,1
Chhattisgarh,Korba,57,39
Chhattisgarh,Koriya,29,4
Chhattisgarh,Mahasamund,558,111
Chhattisgarh,Mungeli,40,3
Chhattisgarh,Raigarh,104,21
Chhattisgarh,Raipur,158,10
Chhattisgarh,Rajnandgaon,70,17
Chhattisgarh,Sukma,8,0
Chhattisgarh,Surajpur,52,12
Chhattisgarh,Surguja,19,9
Chhattisgarh,Uttar Bastar Kanker,80,7
Dadra and Nagar Haveli,Dadra and Nagar Haveli,2,0
Delhi,Central Delhi,145,8
Delhi,East Delhi,215,30
Delhi,New Delhi,7,3
Delhi,North Delhi,46,14
Delhi,North East Delhi,351,37
Delhi,North West Delhi,678,52
Delhi,South Delhi,318,35
Delhi,South West Delhi,182,16
Delhi,West Delhi,376,40
Goa,North Goa,132,7
Goa,South Goa,93,9
Gujarat,Ahmedabad,916,6
Gujarat,Amreli,289,0
Gujarat,Anand,288,2
Gujarat,Arvalli,47,1
Gujarat,Banaskantha,116,11
Gujarat,Bharuch,17,3
Gujarat,Bhavnagar,718,14
Gujarat,Dahod,1126,9
Gujarat,Devbhumi Dwarka,69,3
Gujarat,Gandhinagar,142,5
Gujarat,Gir Somnath,64,0
Gujarat,Jamnagar,16,1
Gujarat,Junagadh,324,3
Gujarat,Kachchh,24,5
Gujarat,Kheda,178,2
Gujarat,Mahesana,0,6
Gujarat,Narmada,6,1
Gujarat,Navsari,73,0
Gujarat,Panchmahals,671,2
Gujarat,Patan,58,10
Gujarat,Porbandar,12,0
Gujarat,Rajkot,204,7
Gujarat,Sabarkantha,43,0
Gujarat,Surat,275,17
Gujarat,Surendra Nagar,32,1
Gujarat,Tapi,5,0
Gujarat,The Dangs,7,4
Gujarat,Vadodara,2377,54
Gujarat,Valsad,22,1
Haryana,Ambala,359,46
Haryana,Bhiwani,44,14
Haryana,Faridabad,630,47
Haryana,Fatehabad,375,16
Haryana,Gurgaon,244,25
Haryana,Hisar,227,12
Haryana,Jhajjar,62,22
Haryana,Jind,161,18
Haryana,Kaithal,169,6
Haryana,Karnal,98,17
Haryana,Kurukshetra,87,6
Haryana,Mahendragarh,125,4
Haryana,Mewat,463,26
Haryana,Palwal,606,24
Haryana,Panchkula,177,10
Haryana,Panipat,273,5
Haryana,Rewari,107,5
Haryana,Rohtak,265,18
Haryana,Sirsa,300,11
Haryana,Sonipat,457,21
Haryana,Yamuna Nagar,147,9
Himachal Pradesh,Bilaspur,27,3
Himachal Pradesh,Chamba,2,0
Himachal Pradesh,Hamirpur,14,0
Himachal Pradesh,Kangra,85,3
Himachal Pradesh,Kinnaur,3,0
Himachal Pradesh,Kullu,38,0
Himachal Pradesh,Mandi,106,2
Himachal Pradesh,Shimla,141,0
Himachal Pradesh,Sirmaur,30,0
Himachal Pradesh,Solan,104,3
Himachal Pradesh,Una,10,0
Jammu and Kashmir,Anantnag,2,1
Jammu and Kashmir,Badgam,7,2
Jammu and Kashmir,Baramula,13,25
Jammu and Kashmir,Doda,1,0
Jammu and Kashmir,Ganderbal,12,2
Jammu and Kashmir,Jammu,22,18
Jammu and Kashmir,Kargil,1,0
Jammu and Kashmir,Kathua,4,13
Jammu and Kashmir,Kishtwar,2,2
Jammu and Kashmir,Kupwara,7,1
Jammu and Kashmir,Leh,1,0
Jammu and Kashmir,Punch,3,1
Jammu and Kashmir,Rajouri,20,12
Jammu and Kashmir,Ramban,1,0
Jammu and Kashmir,Samba,4,0
Jammu and Kashmir,Srinagar,2,11
Jammu and Kashmir,Udhampur,1,0
Jharkhand,Bokaro,79,13
Jharkhand,Chatra,48,6
Jharkhand,Deoghar,44,9
Jharkhand,Dhanbad,106,11
Jharkhand,Dumka,41,3
Jharkhand,East Singhbhum,90,7
Jharkhand,Garhwa,63,6
Jharkhand,Giridih,203,24
Jharkhand,Godda,36,5
Jharkhand,Gumla,33,2
Jharkhand,Hazaribagh,256,28
Jharkhand,Jamtara,37,2
Jharkhand,Khunti,21,2
Jharkhand,Koderma,15,0
Jharkhand,Latehar,32,1
Jharkhand,Lohardaga,18,1
Jharkhand,Pakur,16,2
Jharkhand,Palamu,64,12
Jharkhand,Ramgarh,154,23
Jharkhand,Ranchi,428,30
Jharkhand,Sahebganj,27,5
Jharkhand,Seraikela-Kharsawan,95,32
Jharkhand,Simdega,12,0
Jharkhand,West Singhbhum,15,1
Karnataka,Bagalkot,1433,5
Karnataka,Ballari,360,2
Karnataka,Bangalore Rural,861,5
Karnataka,Belagavi,1425,12
Karnataka,Bengaluru,880,12
Karnataka,Bidar,708,10
Karnataka,Chamrajanagar,760,3
Karnataka,Chikkaballapur,404,28
Karnataka,Chikkamagaluru,1001,2
Karnataka,Chitradurga,392,3
Karnataka,Dakshina Kannada,1139,3
Karnataka,Davangere,1134,8
Karnataka,Dharwad,77,1
Karnataka,Gadag,279,1
Karnataka,Hassan,233,3
Karnataka,Haveri,334,4
Karnataka,Kalaburagi,2657,43
Karnataka,Kodagu,173,3
Karnataka,Kolar,710,24
Karnataka,Koppal,280,2
Karnataka,Mandya,193,26
Karnataka,Mysuru,70,11
Karnataka,Raichur,668,30
Karnataka,Ramanagar,786,38
Karnataka,Shivamogga,542,1
Karnataka,Tumakuru,164,5
Karnataka,Udupi,992,2
Karnataka,Uttara Kannada,1104,11
Karnataka,Vijayapura,788,6
Karnataka,Yadgir,1288,21
Kerala,Alappuzha,21,1
Kerala,Ernakulam,153,0
Kerala,Idukki,4,2
Kerala,Kannur,1,0
Kerala,Kasaragod,1,1
Kerala,Kollam,56,0
Kerala,Kottayam,10,0
Kerala,Malappuram,14,0
Kerala,Palakkad,15,0
Kerala,Pathanamthitta,35,2
Kerala,Thiruvananthapuram,34,0
Kerala,Thrissur,165,3
Kerala,Wayanad,30,0
Madhya Pradesh,Alirajpur,50,4
Madhya Pradesh,Anuppur,43,10
Madhya Pradesh,Ashok Nagar,814,114
Madhya Pradesh,Balaghat,254,43
Madhya Pradesh,Barwani,178,56
Madhya Pradesh,Betul,238,17
Madhya Pradesh,Bhind,636,47
Madhya Pradesh,Bhopal,369,28
Madhya Pradesh,Burhanpur,97,21
Madhya Pradesh,Chhatarpur,978,40
Madhya Pradesh,Chhindwara,265,34
Madhya Pradesh,Damoh,255,19
Madhya Pradesh,Datia,132,24
Madhya Pradesh,Dewas,85,8
Madhya Pradesh,Dhar,213,30
Madhya Pradesh,Dindori,129,19
Madhya Pradesh,Guna,217,41
Madhya Pradesh,Gwalior,479,46
Madhya Pradesh,Harda,19,1
Madhya Pradesh,Hoshangabad,118,12
Madhya Pradesh,Indore,133,10
Madhya Pradesh,Jabalpur,517,38
Madhya Pradesh,Jhabua,241,15
Madhya Pradesh,Katni,240,19
Madhya Pradesh,Khandwa,51,16
Madhya Pradesh,Khargone,64,16
Madhya Pradesh,Mandla,67,2
Madhya Pradesh,Mandsaur,112,5
Madhya Pradesh,Morena,407,65
Madhya Pradesh,Narsinghpur,55,16
Madhya Pradesh,Neemuch,178,10
Madhya Pradesh,Panna,238,14
Madhya Pradesh,Raisen,70,9
Madhya Pradesh,Rajgarh,396,178
Madhya Pradesh,Ratlam,151,14
Madhya Pradesh,Rewa,606,103
Madhya Pradesh,Sagar,344,113
Madhya Pradesh,Satna,133,18
Madhya Pradesh,Sehore,100,24
Madhya Pradesh,Seoni,91,17
Madhya Pradesh,Shahdol,548,27
Madhya Pradesh,Shajapur,290,19
Madhya Pradesh,Sheopur,129,91
Madhya Pradesh,Shivpuri,891,142
Madhya Pradesh,Sidhi,444,39
Madhya Pradesh,Singrauli,360,56
Madhya Pradesh,Tikamgarh,266,48
Madhya Pradesh,Ujjain,58,6
Madhya Pradesh,Umaria,39,3
Madhya Pradesh,Vidisha,73,589
Maharashtra,Ahmadnagar,639,81
Maharashtra,Akola,183,16
Maharashtra,Amravati,119,19
Maharashtra,Aurangabad,273,72
Maharashtra,Beed,410,59
Maharashtra,Bhandara,50,19
Maharashtra,Buldhana,56,23
Maharashtra,Chandrapur,33,13
Maharashtra,Dhule,86,35
Maharashtra,Gadchiroli,69,12
Maharashtra,Gondiya,41,17
Maharashtra,Hingoli,156,45
Maharashtra,Jalgaon,150,15
Maharashtra,Jalna,92,10
Maharashtra,Kolhapur,93,24
Maharashtra,Latur,582,6
Maharashtra,Mumbai,502,36
Maharashtra,Nagpur,306,18
Maharashtra,Nanded,164,27
Maharashtra,Nandurbar,128,7
Maharashtra,Nashik,252,82
Maharashtra,Osmanabad,113,24
Maharashtra,Palghar,416,44
Maharashtra,Parbhani,106,29
Maharashtra,Pune,444,47
Maharashtra,Raigarh,507,12
Maharashtra,Ratnagiri,122,19
Maharashtra,Sangli,195,13
Maharashtra,Satara,288,40
Maharashtra,Sindhudurg,18,12
Maharashtra,Solapur,560,66
Maharashtra,Thane,1528,52
Maharashtra,Wardha,50,19
Maharashtra,Washim,189,41
Maharashtra,Yavatmal,241,15
Manipur,Bishnupur,19,1
Manipur,Chandel,28,0
Manipur,Churachandpur,26,0
Manipur,Imphal East,11,0
Manipur,Imphal West,29,0
Manipur,Senapati,14,1
Manipur,Tamenglong,29,0
Manipur,Thoubal,12,2
Manipur,Ukhrul,1,1
Meghalaya,East Garo Hills,1,0
Meghalaya,East Khasi Hills,1,0
Meghalaya,Jaintia Hills,2,1
Meghalaya,West Garo Hills,1,0
Mizoram,Aizawl,16,0
Mizoram,Lawngtlai,1,0
Mizoram,Mammit,1,0
Mizoram,Saiha,1,0
Mizoram,Serchhip,15,0
Nagaland,Dimapur,19,0
Nagaland,Mokokchung,2,0
Nagaland,Peren,2,0
Nagaland,Tuensang,1,0
Nagaland,Zunheboto,3,0
Odisha,Angul,22,1
Odisha,Balangir,1,0
Odisha,Baleswar,81,0
Odisha,Bargarh,1874,9
Odisha,Bhadrak,8,0
Odisha,Boudh,125,2
Odisha,Cuttack,32,0
Odisha,Dhenkanal,70,8
Odisha,Gajapati,239,6
Odisha,Ganjam,225,30
Odisha,Jagatsinghapur,35,0
Odisha,Jajapur,15,21
Odisha,Jharsuguda,19,0
Odisha,Kalahandi,704,24
Odisha,Kandhamal,1474,3
Odisha,Kendrapara,234,3
Odisha,Kendujhar,482,19
Odisha,Khorda,103,12
Odisha,Koraput,592,18
Odisha,Malkangiri,582,28
Odisha,Mayurbhanj,63,32
Odisha,Nabarangapur,1708,0
Odisha,Nayagarh,2428,4
Odisha,Nuapada,32,0
Odisha,Puri,4,1
Odisha,Rayagada,632,3
Odisha,Sambalpur,72,7
Odisha,Sonapur,68,0
Odisha,Sundergarh,139,24
Puducherry,Karaikal,89,5
Puducherry,Puducherry,44,1
Punjab,Amritsar,67,9
Punjab,Barnala,12,4
Punjab,Bathinda,35,9
Punjab,Faridkot,3,2
Punjab,Fatehgarh Sahib,13,6
Punjab,Fazilka,47,10
Punjab,Ferozepur,47,5
Punjab,Gurdaspur,14,7
Punjab,Hoshiarpur,26,3
Punjab,Jalandhar,80,13
Punjab,Kapurthala,58,2
Punjab,Ludhiana,169,8
Punjab,Mansa,29,10
Punjab,Moga,87,2
Punjab,Pathankot,11,7
Punjab,Patiala,58,4
Punjab,Rupnagar,11,0
Punjab,SAS Nagar (Mohali),34,1
Punjab,Sangrur,65,14
Punjab,Shaheed Bhagat Singh Nagar,15,0
Punjab,Sri Muktsar Sahib,33,6
Punjab,Tarn Taran,45,1
Rajasthan,Ajmer,280,47
Rajasthan,Alwar,870,105
Rajasthan,Banswara,297,277
Rajasthan,Baran,87,56
Rajasthan,Barmer,175,80
Rajasthan,Bharatpur,346,210
Rajasthan,Bhilwara,394,285
Rajasthan,Bikaner,364,68
Rajasthan,Bundi,51,69
Rajasthan,Chittorgarh,363,33
Rajasthan,Churu,531,32
Rajasthan,Dausa,185,42
Rajasthan,Dholpur,722,469
Rajasthan,Dungarpur,303,67
Rajasthan,Ganganagar,190,47
Rajasthan,Hanumangarh,292,67
Rajasthan,Jaipur,516,104
Rajasthan,Jaisalmer,222,83
Rajasthan,Jalor,148,60
Rajasthan,Jhalawar,517,328
Rajasthan,Jhunjhunun,145,30
Rajasthan,Jodhpur,540,100
Rajasthan,Karauli,204,65
Rajasthan,Kota,125,16
Rajasthan,Nagaur,332,143
Rajasthan,Pali,497,72
Rajasthan,Pratapgarh,118,7
Rajasthan,Rajsamand,172,131
Rajasthan,Sawai Madhopur,154,47
Rajasthan,Sikar,326,60
Rajasthan,Sirohi,184,46
Rajasthan,Tonk,124,16
Rajasthan,Udaipur,463,43
Sikkim,East Sikkim,4,0
Tamil Nadu,Ariyalur,12,0
Tamil Nadu,Chennai,2010,2
Tamil Nadu,Coimbatore,61,0
Tamil Nadu,Cuddalore,816,5
Tamil Nadu,Dharmapuri,3,0
Tamil Nadu,Dindigul,195,1
Tamil Nadu,Erode,103,2
Tamil Nadu,Kancheepuram,614,1
Tamil Nadu,Kanniyakumari,1329,2
Tamil Nadu,Karur,27,1
Tamil Nadu,Krishnagiri,29,0
Tamil Nadu,Madurai,2104,0
Tamil Nadu,Nagapattinam,112,1
Tamil Nadu,Namakkal,15,191
Tamil Nadu,Perambalur,2,1
Tamil Nadu,Ramanathapuram,2909,5
Tamil Nadu,Salem,232,1
Tamil Nadu,Sivaganga,76,0
Tamil Nadu,Thanjavur,105,11
Tamil Nadu,The Nilgiris,6,1
Tamil Nadu,Theni,4264,4
Tamil Nadu,Thiruvarur,53,0
Tamil Nadu,Thoothukkudi,96,2
Tamil Nadu,Tiruchirappalli,4,1
Tamil Nadu,Tirunelveli,93,0
Tamil Nadu,Tiruppur,49,0
Tamil Nadu,Tiruvallur,3103,4
Tamil Nadu,Tiruvannamalai,45,0
Tamil Nadu,Vellore,111,2
Tamil Nadu,Villupuram,2626,6
Tamil Nadu,Virudhunagar,661,132
Telangana,Adilabad,48,1
Telangana,Hyderabad,141,7
Telangana,K.v. Rangareddy,101,6
Telangana,Karimnagar,19,5
Telangana,Khammam,2,0
Telangana,Mahabubnagar,31,4
Telangana,Medak,13,1
Telangana,Nalgonda,54,1
Telangana,Nizamabad,1,0
Telangana,Warangal,4,2
Tripura,Dhalai,5,0
Tripura,Khowai,7,0
Tripura,North Tripura,2,0
Tripura,Sepahijala,15,0
Tripura,South Tripura,4,0
Tripura,Unakoti,8,1
Tripura,West Tripura,9,1
Uttar Pradesh,Agra,262,74
Uttar Pradesh,Aligarh,289,135
Uttar Pradesh,Allahabad,394,95
Uttar Pradesh,Ambedkar Nagar,306,14
Uttar Pradesh,Amethi,94,35
Uttar Pradesh,Amroha,153,56
Uttar Pradesh,Auraiya,215,40
Uttar Pradesh,Azamgarh,597,52
Uttar Pradesh,Baghpat,33,59
Uttar Pradesh,Bahraich,983,282
Uttar Pradesh,Ballia,201,41
Uttar Pradesh,Balrampur,140,93
Uttar Pradesh,Banda,721,121
Uttar Pradesh,Bara Banki,199,117
Uttar Pradesh,Bareilly,148,113
Uttar Pradesh,Basti,498,30
Uttar Pradesh,Bijnor,521,164
Uttar Pradesh,Budaun,177,252
Uttar Pradesh,Bulandshahr,579,104
Uttar Pradesh,Chandauli,302,41
Uttar Pradesh,Chitrakoot,236,16
Uttar Pradesh,Deoria,253,29
Uttar Pradesh,Etah,179,29
Uttar Pradesh,Etawah,122,68
Uttar Pradesh,Faizabad,197,31
Uttar Pradesh,Farrukhabad,311,168
Uttar Pradesh,Fatehpur,664,231
Uttar Pradesh,Firozabad,346,41
Uttar Pradesh,Gautam Buddha Nagar,230,23
Uttar Pradesh,Ghaziabad,584,59
Uttar Pradesh,Ghazipur,375,42
Uttar Pradesh,Gonda,334,69
Uttar Pradesh,Gorakhpur,465,50
Uttar Pradesh,Hamirpur,1320,52
Uttar Pradesh,Hapur,410,15
Uttar Pradesh,Hardoi,494,673
Uttar Pradesh,Hathras,71,99
Uttar Pradesh,Jalaun,714,112
Uttar Pradesh,Jaunpur,435,56
Uttar Pradesh,Jhansi,576,99
Uttar Pradesh,Kannauj,296,66
Uttar Pradesh,Kanpur Dehat,143,28
Uttar Pradesh,Kanpur Nagar,436,51
Uttar Pradesh,Kasganj,96,83
Uttar Pradesh,Kaushambi,122,38
Uttar Pradesh,Kheri,1135,330
Uttar Pradesh,Kushinagar,772,73
Uttar Pradesh,Lalitpur,479,29
Uttar Pradesh,Lucknow,307,92
Uttar Pradesh,Maharajganj,267,104
Uttar Pradesh,Mahoba,881,108
Uttar Pradesh,Mainpuri,468,56
Uttar Pradesh,Mathura,303,160
Uttar Pradesh,Mau,467,51
Uttar Pradesh,Meerut,625,55
Uttar Pradesh,Mirzapur,384,45
Uttar Pradesh,Moradabad,129,87
Uttar Pradesh,Muzaffarnagar,155,65
Uttar Pradesh,Pilibhit,36,84
Uttar Pradesh,Pratapgarh,180,107
Uttar Pradesh,Rae Bareli,217,36
Uttar Pradesh,Rampur,146,157
Uttar Pradesh,Saharanpur,418,40
Uttar Pradesh,Sambhal,231,53
Uttar Pradesh,Sant Kabir Nagar,80,6
Uttar Pradesh,Sant Ravidas Nagar,319,55
Uttar Pradesh,Shahjahanpur,569,131
Uttar Pradesh,Shamli,203,54
Uttar Pradesh,Shrawasti,164,33
Uttar Pradesh,Siddharthnagar,479,137
Uttar Pradesh,Sitapur,1119,81
Uttar Pradesh,Sonbhadra,571,75
Uttar Pradesh,Sultanpur,168,29
Uttar Pradesh,Unnao,365,170
Uttar Pradesh,Varanasi,319,65
Uttarakhand,Almora,108,7
Uttarakhand,Bageshwar,349,27
Uttarakhand,Chamoli,853,93
Uttarakhand,Champawat,143,72
Uttarakhand,Dehradun,89,2
Uttarakhand,Haridwar,146,52
Uttarakhand,Nainital,119,4
Uttarakhand,Pauri Garhwal,75,25
Uttarakhand,Pithoragarh,530,65
Uttarakhand,Rudraprayag,277,38
Uttarakhand,Tehri Garhwal,344,7
Uttarakhand,Udham Singh Nagar,102,37
Uttarakhand,Uttarkashi,29,7
West Bengal,Bankura,37,130
West Bengal,Barddhaman,243,139
West Bengal,Birbhum,10,3
West Bengal,Cooch Behar,143,30
West Bengal,Dakshin Dinajpur,421,0
West Bengal,Darjeeling,22,0
West Bengal,Hooghly,495,1
West Bengal,Howrah,567,5
West Bengal,Jalpaiguri,381,2
West Bengal,Kolkata,9,0
West Bengal,Malda,5052,20
West Bengal,Murshidabad,502,1
West Bengal,Nadia,1464,1
West Bengal,North 24 Parganas,669,11
West Bengal,Paschim Medinipur,99,159
West Bengal,Purba Medinipur,1591,160
West Bengal,Puruliya,1335,2
West Bengal,South 24 Parganas,1672,19
West Bengal,Uttar Dinajpur,18,5
