State,District,Aadhaar generated,Enrolment Rejected
Andaman and Nicobar Islands,Nicobar,1,0
Andaman and Nicobar Islands,North And Middle Andaman,0,1
Andaman and Nicobar Islands,South Andaman,4,8
Andhra Pradesh,Ananthapur,339,84
Andhra Pradesh,Chittoor,340,74
Andhra Pradesh,Cuddapah,223,18
Andhra Pradesh,East Godavari,607,125
Andhra Pradesh,Guntur,342,62
Andhra Pradesh,Krishna,148,41
Andhra Pradesh,Kurnool,447,70
Andhra Pradesh,Nellore,261,62
Andhra Pradesh,Prakasam,311,50
Andhra Pradesh,Srikakulam,266,36
Andhra Pradesh,Visakhapatnam,286,70
Andhra Pradesh,Vizianagaram,125,44
Andhra Pradesh,West Godavari,347,64
Arunachal Pradesh,Anjaw,4,0
Arunachal Pradesh,Changlang,17,0
Arunachal Pradesh,East Kameng,1,0
Arunachal Pradesh,East Siang,2,0
Arunachal Pradesh,Lohit,78,9
Arunachal Pradesh,Longding,1455,1
Arunachal Pradesh,Lower Dibang Valley,1,0
Arunachal Pradesh,Lower Subansiri,1,0
Arunachal Pradesh,Namsai,2063,18
Arunachal Pradesh,Papum Pare,400,1
Arunachal Pradesh,Tawang,19,1
Arunachal Pradesh,Tirap,504,3
Arunachal Pradesh,Upper Siang,16,1
Arunachal Pradesh,West Kameng,40,7
Arunachal Pradesh,West Siang,1290,11
Assam,Baksa,9,0
Assam,Barpeta,30,0
Assam,Bongaigaon,24,0
Assam,Cachar,42,5
Assam,Chirang,11,2
Assam,Darrang,8,0
Assam,Dhemaji,21,0
Assam,Dhubri,10,0
Assam,Dibrugarh,11,0
Assam,Goalpara,5,0
Assam,Golaghat,72,6
Assam,Hailakandi,21,0
Assam,Jorhat,21,1
Assam,Kamrup,142,4
Assam,Kamrup Metro,25,0
Assam,Karbi Anglong,16,1
Assam,Karimganj,20,1
Assam,Kokrajhar,8,0
Assam,Lakhimpur,26,2
Assam,Marigaon,9,0
Assam,Nagaon,2373,32
Assam,Nalbari,11,2
Assam,North Cachar Hills,4,0
Assam,Sibsagar,14,0
Assam,Sonitpur,42,0
Assam,Tinsukia,23,1
Assam,Udalguri,21,0
Bihar,Araria,5927,810
Bihar,Arwal,414,94
Bihar,Aurangabad,535,187
Bihar,Banka,491,68
Bihar,Begusarai,2240,381
Bihar,Bhagalpur,597,122
Bihar,Bhojpur,2318,259
Bihar,Buxar,3411,176
Bihar,Darbhanga,3933,537
Bihar,East Champaran,2181,157
Bihar,Gaya,1980,211
Bihar,Gopalganj,1769,214
Bihar,Jamui,1324,170
Bihar,Jehanabad,803,77
Bihar,Kaimur (Bhabua),2560,132
Bihar,Katihar,2071,389
Bihar,Khagaria,3746,235
Bihar,Kishanganj,696,110
Bihar,Lakhisarai,1617,125
Bihar,Madhepura,2375,254
Bihar,Madhubani,2645,135
Bihar,Munger,935,36
Bihar,Muzaffarpur,1898,240
Bihar,Nalanda,1698,233
Bihar,Nawada,1465,121
Bihar,Patna,4161,647
Bihar,Purnia,1239,285
Bihar,Rohtas,2067,217
Bihar,Saharsa,1106,160
Bihar,Samastipur,2471,203
Bihar,Saran,2025,201
Bihar,Sheikhpura,832,99
Bihar,Sheohar,88,14
Bihar,Sitamarhi,1570,184
Bihar,Siwan,1468,126
Bihar,Supaul,1389,169
Bihar,Vaishali,1401,86
Bihar,West Champaran,3568,348
Chandigarh,Chandigarh,106,54
Chhattisgarh,Balod,473,97
Chhattisgarh,Baloda Bazar,3472,213
Chhattisgarh,Balrampur,445,37
Chhattisgarh,Bastar,991,72
Chhattisgarh,Bemetara,1032,79
Chhattisgarh,Bijapur,412,125
Chhattisgarh,Bilaspur,1282,495
Chhattisgarh,Dakshin Bastar Dantewada,281,22
Chhattisgarh,Dantewada,135,23
Chhattisgarh,Dhamtari,164,48
Chhattisgarh,Durg,526,81
Chhattisgarh,Gariyaband,407,50
Chhattisgarh,Janjgir-champa,3255,319
Chhattisgarh,Jashpur,548,120
Chhattisgarh,Kabeerdham,487,37
Chhattisgarh,Kanker,1210,31
Chhattisgarh,Kawardha,555,85
Chhattisgarh,Kondagaon,416,36
Chhattisgarh,Korba,1906,347
Chhattisgarh,Koriya,73,47
Chhattisgarh,Mahasamund,863,154
Chhattisgarh,Mungeli,623,72
Chhattisgarh,Narayanpur,71,49
Chhattisgarh,Raigarh,2783,285
Chhattisgarh,Raipur,1256,117
Chhattisgarh,Rajnandgaon,636,70
Chhattisgarh,Sukma,57,9
Chhattisgarh,Surajpur,1229,374
Chhattisgarh,Surguja,1065,135
Chhattisgarh,Uttar Bastar Kanker,1203,44
Dadra and Nagar Haveli,Dadra and Nagar Haveli,241,94
Daman and Diu,Daman,170,32
Daman and Diu,Diu,8,0
Delhi,Central Delhi,205,65
Delhi,East Delhi,741,154
Delhi,New Delhi,42,6
Delhi,North Delhi,446,53
Delhi,North East Delhi,1819,230
Delhi,North West Delhi,1546,394
Delhi,South Delhi,1024,175
Delhi,South West Delhi,361,133
Delhi,West Delhi,569,182
Goa,North Goa,34,8
Goa,South Goa,52,8
Gujarat,Ahmedabad,4028,267
Gujarat,Amreli,473,48
Gujarat,Anand,4642,258
Gujarat,Arvalli,196,33
Gujarat,Banaskantha,806,144
Gujarat,Bharuch,807,93
Gujarat,Bhavnagar,675,104
Gujarat,Dahod,1886,237
Gujarat,Devbhumi Dwarka,549,19
Gujarat,Gandhinagar,1202,156
Gujarat,Gir Somnath,44,5
Gujarat,Jamnagar,411,16
Gujarat,Junagadh,368,28
Gujarat,Kachchh,643,47
Gujarat,Kheda,2286,133
Gujarat,Mahesana,445,58
Gujarat,Narmada,465,62
Gujarat,Navsari,1078,95
Gujarat,Panchmahals,2626,165
Gujarat,Patan,834,1599
Gujarat,Porbandar,739,43
Gujarat,Rajkot,1541,269
Gujarat,Sabarkantha,1299,133
Gujarat,Surat,2559,334
Gujarat,Surendra Nagar,514,112
Gujarat,Tapi,496,27
Gujarat,The Dangs,413,9
Gujarat,Vadodara,3746,201
Gujarat,Valsad,1409,100
Haryana,Ambala,228,58
Haryana,Bhiwani,1192,97
Haryana,Faridabad,1168,150
Haryana,Fatehabad,985,87
Haryana,Gurgaon,1000,106
Haryana,Hisar,1566,184
Haryana,Jhajjar,591,83
Haryana,Jind,291,220
Haryana,Kaithal,807,125
Haryana,Karnal,466,111
Haryana,Kurukshetra,474,61
Haryana,Mahendragarh,631,77
Haryana,Mewat,846,166
Haryana,Palwal,633,133
Haryana,Panchkula,535,55
Haryana,Panipat,612,190
Haryana,Rewari,572,70
Haryana,Rohtak,754,163
Haryana,Sirsa,1001,156
Haryana,Sonipat,329,117
Haryana,Yamuna Nagar,738,158
Himachal Pradesh,Bilaspur,20,8
Himachal Pradesh,Chamba,111,10
Himachal Pradesh,Hamirpur,55,10
Himachal Pradesh,Kangra,333,58
Himachal Pradesh,Kinnaur,14,0
Himachal Pradesh,Kullu,26,8
Himachal Pradesh,Lahul and Spiti,32,2
Himachal Pradesh,Mandi,227,52
Himachal Pradesh,Shimla,239,20
Himachal Pradesh,Sirmaur,92,11
Himachal Pradesh,Solan,52,8
Himachal Pradesh,Una,32,3
Jammu and Kashmir,Anantnag,914,4
Jammu and Kashmir,Badgam,53,9
Jammu and Kashmir,Bandipore,46,50
Jammu and Kashmir,Baramula,122,39
Jammu and Kashmir,Doda,679,300
Jammu and Kashmir,Ganderbal,94,23
Jammu and Kashmir,Jammu,341,28
Jammu and Kashmir,Kargil,2,0
Jammu and Kashmir,Kathua,136,152
Jammu and Kashmir,Kishtwar,652,1
Jammu and Kashmir,Kulgam,305,1
Jammu and Kashmir,Kupwara,58,87
Jammu and Kashmir,Pulwama,1456,8
Jammu and Kashmir,Punch,293,54
Jammu and Kashmir,Rajouri,349,21
Jammu and Kashmir,Ramban,269,12
Jammu and Kashmir,Reasi,29,23
Jammu and Kashmir,Samba,86,37
Jammu and Kashmir,Shupiyan,118,7
Jammu and Kashmir,Srinagar,427,120
Jammu and Kashmir,Udhampur,318,11
Jharkhand,Bokaro,586,180
Jharkhand,Chatra,777,89
Jharkhand,Deoghar,630,53
Jharkhand,Dhanbad,934,126
Jharkhand,Dumka,685,138
Jharkhand,East Singhbhum,2491,290
Jharkhand,Garhwa,168,31
Jharkhand,Giridih,1306,302
Jharkhand,Godda,293,54
Jharkhand,Gumla,1881,292
Jharkhand,Hazaribagh,315,56
Jharkhand,Jamtara,403,45
Jharkhand,Khunti,91,16
Jharkhand,Koderma,245,44
Jharkhand,Latehar,144,35
Jharkhand,Lohardaga,229,22
Jharkhand,Pakur,155,50
Jharkhand,Palamu,453,187
Jharkhand,Ramgarh,158,47
Jharkhand,Ranchi,937,173
Jharkhand,Sahebganj,158,47
Jharkhand,Seraikela-Kharsawan,149,38
Jharkhand,Simdega,290,24
Jharkhand,West Singhbhum,455,52
Karnataka,Bagalkot,547,325
Karnataka,Ballari,2548,270
Karnataka,Bangalore Rural,392,119
Karnataka,Belagavi,2538,549
Karnataka,Bengaluru,3264,379
Karnataka,Bidar,1050,243
Karnataka,Chamrajanagar,492,154
Karnataka,Chikkaballapur,177,192
Karnataka,Chikkamagaluru,1283,73
Karnataka,Chitradurga,579,155
Karnataka,Dakshina Kannada,416,74
Karnataka,Davangere,341,174
Karnataka,Dharwad,321,99
Karnataka,Gadag,445,97
Karnataka,Hassan,1758,162
Karnataka,Haveri,985,180
Karnataka,Kalaburagi,1666,371
Karnataka,Kodagu,249,53
Karnataka,Kolar,741,359
Karnataka,Koppal,356,99
Karnataka,Mandya,503,168
Karnataka,Mysuru,661,175
Karnataka,Raichur,2244,324
Karnataka,Ramanagar,885,125
Karnataka,Shivamogga,3309,126
Karnataka,Tumakuru,1133,92
Karnataka,Udupi,171,25
Karnataka,Uttara Kannada,389,120
Karnataka,Vijayapura,1564,155
Karnataka,Yadgir,1569,316
Kerala,Alappuzha,1061,22
Kerala,Ernakulam,721,36
Kerala,Idukki,357,50
Kerala,Kannur,826,41
Kerala,Kasaragod,210,11
Kerala,Kollam,519,26
Kerala,Kottayam,372,3
Kerala,Kozhikode,1485,40
Kerala,Malappuram,1019,17
Kerala,Palakkad,475,16
Kerala,Pathanamthitta,470,9
Kerala,Thiruvananthapuram,334,41
Kerala,Thrissur,238,13
Kerala,Wayanad,247,7
Lakshadweep,Lakshadweep,1,1
Madhya Pradesh,Alirajpur,326,45
Madhya Pradesh,Anuppur,357,38
Madhya Pradesh,Ashok Nagar,2149,530
Madhya Pradesh,Balaghat,1596,160
Madhya Pradesh,Barwani,1230,309
Madhya Pradesh,Betul,2187,193
Madhya Pradesh,Bhind,2278,105
Madhya Pradesh,Bhopal,710,134
Madhya Pradesh,Burhanpur,479,131
Madhya Pradesh,Chhatarpur,3150,264
Madhya Pradesh,Chhindwara,1301,99
Madhya Pradesh,Damoh,792,70
Madhya Pradesh,Datia,993,58
Madhya Pradesh,Dewas,1036,232
Madhya Pradesh,Dhar,1302,173
Madhya Pradesh,Dindori,970,208
Madhya Pradesh,Guna,1174,100
Madhya Pradesh,Gwalior,2227,201
Madhya Pradesh,Harda,68,39
Madhya Pradesh,Hoshangabad,441,76
Madhya Pradesh,Indore,900,263
Madhya Pradesh,Jabalpur,645,282
Madhya Pradesh,Jhabua,2353,113
Madhya Pradesh,Katni,766,85
Madhya Pradesh,Khandwa,415,73
Madhya Pradesh,Khargone,407,273
Madhya Pradesh,Mandla,590,84
Madhya Pradesh,Mandsaur,629,216
Madhya Pradesh,Morena,2185,110
Madhya Pradesh,Narsinghpur,548,68
Madhya Pradesh,Neemuch,481,131
Madhya Pradesh,Panna,731,119
Madhya Pradesh,Raisen,939,135
Madhya Pradesh,Rajgarh,2704,266
Madhya Pradesh,Ratlam,1168,158
Madhya Pradesh,Rewa,4749,327
Madhya Pradesh,Sagar,2216,125
Madhya Pradesh,Satna,982,115
Madhya Pradesh,Sehore,1099,90
Madhya Pradesh,Seoni,809,69
Madhya Pradesh,Shahdol,2125,151
Madhya Pradesh,Shajapur,612,274
Madhya Pradesh,Sheopur,1591,52
Madhya Pradesh,Shivpuri,2679,247
Madhya Pradesh,Sidhi,1173,130
Madhya Pradesh,Singrauli,1187,120
Madhya Pradesh,Tikamgarh,2437,272
Madhya Pradesh,Ujjain,1258,140
Madhya Pradesh,Umaria,576,27
Madhya Pradesh,Vidisha,1276,126
Maharashtra,Ahmadnagar,3518,463
Maharashtra,Akola,2191,260
Maharashtra,Amravati,1022,194
Maharashtra,Aurangabad,3764,425
Maharashtra,Beed,3698,360
Maharashtra,Bhandara,531,71
Maharashtra,Buldhana,2062,149
Maharashtra,Chandrapur,938,159
Maharashtra,Dhule,1145,121
Maharashtra,Gadchiroli,938,179
Maharashtra,Gondiya,507,131
Maharashtra,Hingoli,3083,365
Maharashtra,Jalgaon,3255,314
Maharashtra,Jalna,1031,209
Maharashtra,Kolhapur,2831,189
Maharashtra,Latur,2284,285
Maharashtra,Mumbai,5352,456
Maharashtra,Nagpur,3124,483
Maharashtra,Nanded,4014,340
Maharashtra,Nandurbar,489,138
Maharashtra,Nashik,5324,450
Maharashtra,Osmanabad,1683,214
Maharashtra,Palghar,2375,311
Maharashtra,Parbhani,2079,273
Maharashtra,Pune,6580,637
Maharashtra,Raigarh,2162,190
Maharashtra,Ratnagiri,1061,94
Maharashtra,Sangli,2498,199
Maharashtra,Satara,4704,282
Maharashtra,Sindhudurg,492,82
Maharashtra,Solapur,6754,767
Maharashtra,Thane,5750,419
Maharashtra,Wardha,514,86
Maharashtra,Washim,891,136
Maharashtra,Yavatmal,3668,239
Manipur,Bishnupur,144,70
Manipur,Chandel,81,5
Manipur,Churachandpur,538,56
Manipur,Imphal East,258,35
Manipur,Imphal West,151,14
Manipur,Senapati,1223,39
Manipur,Tamenglong,33,3
Manipur,Thoubal,948,107
Manipur,Ukhrul,10211,294
Meghalaya,East Garo Hills,1,0
Meghalaya,East Khasi Hills,11,0
Meghalaya,Jaintia Hills,1,0
Meghalaya,Ri Bhoi,266,0
Meghalaya,West Garo Hills,18,0
Meghalaya,West Khasi Hills,1,0
Mizoram,Aizawl,308,1
Mizoram,Champhai,60,3
Mizoram,Kolasib,83,3
Mizoram,Lawngtlai,39,0
Mizoram,Lunglei,14,0
Mizoram,Mammit,5,0
Mizoram,Saiha,3,0
Mizoram,Serchhip,20,12
Nagaland,Dimapur,139,36
Nagaland,Kiphire,19,18
Nagaland,Kohima,13,0
Nagaland,Longleng,26,11
Nagaland,Mokokchung,2,0
Nagaland,Peren,789,58
Nagaland,Tuensang,13,21
Nagaland,Wokha,1,1
Nagaland,Zunheboto,5,1
Odisha,Angul,792,110
Odisha,Balangir,58,91
Odisha,Baleswar,598,161
Odisha,Bargarh,184,65
Odisha,Bhadrak,52,3
Odisha,Boudh,41,52
Odisha,Cuttack,611,21
Odisha,Debagarh,381,74
Odisha,Dhenkanal,611,12
Odisha,Gajapati,301,45
Odisha,Ganjam,3101,190
Odisha,Jagatsinghapur,70,13
Odisha,Jajapur,190,82
Odisha,Jharsuguda,12,17
Odisha,Kalahandi,4492,199
Odisha,Kandhamal,169,257
Odisha,Kendrapara,102,11
Odisha,Kendujhar,1064,84
Odisha,Khorda,152,81
Odisha,Koraput,1711,388
Odisha,Malkangiri,1403,105
Odisha,Mayurbhanj,1038,233
Odisha,Nabarangapur,3676,150
Odisha,Nayagarh,71,11
Odisha,Puri,19,8
Odisha,Rayagada,111,542
Odisha,Sambalpur,36,44
Odisha,Sonapur,2,0
Odisha,Sundergarh,153,216
Puducherry,Karaikal,34,12
Puducherry,Puducherry,140,21
Punjab,Amritsar,1929,213
Punjab,Barnala,273,48
Punjab,Bathinda,1008,154
Punjab,Faridkot,230,42
Punjab,Fatehgarh Sahib,104,21
Punjab,Fazilka,635,110
Punjab,Ferozepur,775,105
Punjab,Gurdaspur,653,88
Punjab,Hoshiarpur,636,76
Punjab,Jalandhar,722,198
Punjab,Kapurthala,383,33
Punjab,Ludhiana,1440,220
Punjab,Mansa,343,53
Punjab,Moga,499,74
Punjab,Pathankot,318,29
Punjab,Patiala,1046,146
Punjab,Rupnagar,152,21
Punjab,SAS Nagar (Mohali),536,34
Punjab,Sangrur,971,111
Punjab,Shaheed Bhagat Singh Nagar,181,22
Punjab,Sri Muktsar Sahib,443,73
Punjab,Tarn Taran,1311,149
Rajasthan,Ajmer,667,177
Rajasthan,Alwar,1936,413
Rajasthan,Banswara,2840,226
Rajasthan,Baran,796,90
Rajasthan,Barmer,1488,131
Rajasthan,Bharatpur,2315,211
Rajasthan,Bhilwara,1829,216
Rajasthan,Bikaner,1358,121
Rajasthan,Bundi,972,77
Rajasthan,Chittorgarh,1301,174
Rajasthan,Churu,1348,91
Rajasthan,Dausa,861,75
Rajasthan,Dholpur,884,143
Rajasthan,Dungarpur,1423,83
Rajasthan,Ganganagar,1189,132
Rajasthan,Hanumangarh,725,112
Rajasthan,Jaipur,2472,300
Rajasthan,Jaisalmer,596,52
Rajasthan,Jalor,771,102
Rajasthan,Jhalawar,2172,202
Rajasthan,Jhunjhunun,633,118
Rajasthan,Jodhpur,2960,266
Rajasthan,Karauli,1207,86
Rajasthan,Kota,301,140
Rajasthan,Nagaur,2132,189
Rajasthan,Pali,951,171
Rajasthan,Pratapgarh,1016,90
Rajasthan,Rajsamand,635,71
Rajasthan,Sawai Madhopur,718,46
Rajasthan,Sikar,1631,177
Rajasthan,Sirohi,345,51
Rajasthan,Tonk,789,87
Rajasthan,Udaipur,1098,260
Sikkim,East Sikkim,8,5
Sikkim,North Sikkim,0,1
Sikkim,West Sikkim,6,2
Tamil Nadu,Ariyalur,6,2
Tamil Nadu,Chennai,3646,192
Tamil Nadu,Coimbatore,4971,24
Tamil Nadu,Cuddalore,405,25
Tamil Nadu,Dharmapuri,258,289
Tamil Nadu,Dindigul,53,149
Tamil Nadu,Erode,197,252
Tamil Nadu,Kancheepuram,3107,1029
Tamil Nadu,Kanniyakumari,1140,58
Tamil Nadu,Karur,757,225
Tamil Nadu,Krishnagiri,322,80
Tamil Nadu,Madurai,379,490
Tamil Nadu,Nagapattinam,110,9
Tamil Nadu,Namakkal,54,14
Tamil Nadu,Perambalur,27,77
Tamil Nadu,Pudukkottai,11,43
Tamil Nadu,Ramanathapuram,195,5
Tamil Nadu,Salem,3564,630
Tamil Nadu,Sivaganga,45,25
Tamil Nadu,Thanjavur,161,7
Tamil Nadu,The Nilgiris,88,52
Tamil Nadu,Theni,216,18
Tamil Nadu,Thiruvarur,31,4
Tamil Nadu,Thoothukkudi,58,41
Tamil Nadu,Tiruchirappalli,257,113
Tamil Nadu,Tirunelveli,6932,278
Tamil Nadu,Tiruppur,5545,143
Tamil Nadu,Tiruvallur,502,122
Tamil Nadu,Tiruvannamalai,126,13
Tamil Nadu,Vellore,9202,120
Tamil Nadu,Villupuram,427,115
Tamil Nadu,Virudhunagar,35,63
Telangana,Adilabad,304,43
Telangana,Hyderabad,1107,179
Telangana,K.v. Rangareddy,677,116
Telangana,Karimnagar,330,44
Telangana,Khammam,80,29
Telangana,Mahabubnagar,301,73
Telangana,Medak,278,95
Telangana,Nalgonda,702,44
Telangana,Nizamabad,390,49
Telangana,Warangal,254,47
Tripura,Dhalai,134,32
Tripura,Gomati,7,10
Tripura,Khowai,125,18
Tripura,North Tripura,18,6
Tripura,Sepahijala,40,35
Tripura,South Tripura,19,53
Tripura,Unakoti,69,12
Tripura,West Tripura,38,29
Uttar Pradesh,Agra,2376,218
Uttar Pradesh,Aligarh,2263,256
Uttar Pradesh,Allahabad,3661,431
Uttar Pradesh,Ambedkar Nagar,1535,63
Uttar Pradesh,Amethi,1456,199
Uttar Pradesh,Amroha,411,148
Uttar Pradesh,Auraiya,674,96
Uttar Pradesh,Azamgarh,5350,219
Uttar Pradesh,Baghpat,241,50
Uttar Pradesh,Bahraich,2283,256
Uttar Pradesh,Ballia,1574,94
Uttar Pradesh,Balrampur,2190,1128
Uttar Pradesh,Banda,3598,254
Uttar Pradesh,Bara Banki,3564,267
Uttar Pradesh,Bareilly,1789,414
Uttar Pradesh,Basti,1533,194
Uttar Pradesh,Bijnor,1695,337
Uttar Pradesh,Budaun,2761,602
Uttar Pradesh,Bulandshahr,2195,314
Uttar Pradesh,Chandauli,1226,180
Uttar Pradesh,Chitrakoot,557,169
Uttar Pradesh,Deoria,1588,166
Uttar Pradesh,Etah,473,68
Uttar Pradesh,Etawah,763,199
Uttar Pradesh,Faizabad,2608,206
Uttar Pradesh,Farrukhabad,1499,167
Uttar Pradesh,Fatehpur,4451,571
Uttar Pradesh,Firozabad,1057,185
Uttar Pradesh,Gautam Buddha Nagar,841,86
Uttar Pradesh,Ghaziabad,2349,169
Uttar Pradesh,Ghazipur,1851,137
Uttar Pradesh,Gonda,2217,166
Uttar Pradesh,Gorakhpur,2291,267
Uttar Pradesh,Hamirpur,1877,137
Uttar Pradesh,Hapur,882,26
Uttar Pradesh,Hardoi,6051,663
Uttar Pradesh,Hathras,329,84
Uttar Pradesh,Jalaun,3255,135
Uttar Pradesh,Jaunpur,3877,174
Uttar Pradesh,Jhansi,877,199
Uttar Pradesh,Kannauj,1741,212
Uttar Pradesh,Kanpur Dehat,1270,188
Uttar Pradesh,Kanpur Nagar,2405,276
Uttar Pradesh,Kasganj,710,72
Uttar Pradesh,Kaushambi,1191,89
Uttar Pradesh,Kheri,4716,415
Uttar Pradesh,Kushinagar,2117,169
Uttar Pradesh,Lalitpur,670,60
Uttar Pradesh,Lucknow,1533,285
Uttar Pradesh,Maharajganj,2043,248
Uttar Pradesh,Mahoba,1367,60
Uttar Pradesh,Mainpuri,826,116
Uttar Pradesh,Mathura,1511,242
Uttar Pradesh,Mau,2158,102
Uttar Pradesh,Meerut,1402,282
Uttar Pradesh,Mirzapur,3291,197
Uttar Pradesh,Moradabad,1037,287
Uttar Pradesh,Muzaffarnagar,1183,263
Uttar Pradesh,Pilibhit,706,127
Uttar Pradesh,Pratapgarh,1457,206
Uttar Pradesh,Rae Bareli,991,242
Uttar Pradesh,Rampur,907,126
Uttar Pradesh,Saharanpur,899,246
Uttar Pradesh,Sambhal,1321,121
Uttar Pradesh,Sant Kabir Nagar,375,131
Uttar Pradesh,Sant Ravidas Nagar,1134,132
Uttar Pradesh,Shahjahanpur,4775,238
Uttar Pradesh,Shamli,1057,117
Uttar Pradesh,Shrawasti,923,481
Uttar Pradesh,Siddharthnagar,3005,197
Uttar Pradesh,Sitapur,6738,257
Uttar Pradesh,Sonbhadra,2024,315
Uttar Pradesh,Sultanpur,2446,204
Uttar Pradesh,Unnao,1951,367
Uttar Pradesh,Varanasi,1958,176
Uttarakhand,Almora,1358,32
Uttarakhand,Bageshwar,370,452
Uttarakhand,Chamoli,2601,111
Uttarakhand,Champawat,81,56
Uttarakhand,Dehradun,583,116
Uttarakhand,Haridwar,1162,152
Uttarakhand,Nainital,750,50
Uttarakhand,Pauri Garhwal,1030,47
Uttarakhand,Pithoragarh,1915,31
Uttarakhand,Rudraprayag,1704,35
Uttarakhand,Tehri Garhwal,922,222
Uttarakhand,Udham Singh Nagar,844,120
Uttarakhand,Uttarkashi,323,15
West Bengal,Bankura,87,122
West Bengal,Barddhaman,906,184
West Bengal,Birbhum,674,141
West Bengal,Cooch Behar,5779,196
West Bengal,Dakshin Dinajpur,218,8
West Bengal,Darjeeling,118,18
West Bengal,Hooghly,2958,175
West Bengal,Howrah,952,153
West Bengal,Jalpaiguri,2072,118
West Bengal,Kolkata,6846,251
West Bengal,Malda,190,44
West Bengal,Murshidabad,11858,123
West Bengal,Nadia,336,84
West Bengal,North 24 Parganas,11137,985
West Bengal,Paschim Medinipur,798,232
West Bengal,Purba Medinipur,1067,110
West Bengal,Puruliya,474,114
West Bengal,South 24 Parganas,2977,1229
West Bengal,Uttar Dinajpur,381,15
