State,District,Aadhaar generated,Enrolment Rejected
Andhra Pradesh,Ananthapur,443,73
Andhra Pradesh,Chittoor,144,20
Andhra Pradesh,Cuddapah,536,11
Andhra Pradesh,East Godavari,302,30
Andhra Pradesh,Guntur,431,46
Andhra Pradesh,Krishna,245,13
Andhra Pradesh,Kurnool,277,14
Andhra Pradesh,Nellore,229,48
Andhra Pradesh,Prakasam,165,23
Andhra Pradesh,Srikakulam,69,18
Andhra Pradesh,Visakhapatnam,173,21
Andhra Pradesh,Vizianagaram,122,8
Andhra Pradesh,West Godavari,154,27
Arunachal Pradesh,Changlang,20,0
Arunachal Pradesh,East Kameng,0,2
Arunachal Pradesh,Longding,2,0
Arunachal Pradesh,Lower Subansiri,0,1
Arunachal Pradesh,Namsai,0,1
Arunachal Pradesh,Tirap,5,5
Arunachal Pradesh,Upper Siang,3,0
Arunachal Pradesh,Upper Subansiri,3,0
Arunachal Pradesh,West Kameng,3,0
Arunachal Pradesh,West Siang,273,6
Assam,Baksa,31,0
Assam,Barpeta,17,1
Assam,Bongaigaon,17,1
Assam,Cachar,61,1
Assam,Chirang,20,0
Assam,Darrang,3,0
Assam,Dhemaji,127,3
Assam,Dhubri,22,0
Assam,Dibrugarh,6,0
Assam,Goalpara,6,0
Assam,Golaghat,52,0
Assam,Hailakandi,14,0
Assam,Jorhat,27,1
Assam,Kamrup,96,2
Assam,Kamrup Metro,167,1
Assam,Karbi Anglong,17,3
Assam,Karimganj,21,1
Assam,Kokrajhar,6,0
Assam,Lakhimpur,30,0
Assam,Marigaon,9,1
Assam,Nagaon,555,3
Assam,Nalbari,5,0
Assam,North Cachar Hills,2,0
Assam,Sibsagar,14,0
Assam,Sonitpur,22,0
Assam,Tinsukia,16,1
Assam,Udalguri,37,2
Bihar,Araria,3786,475
Bihar,Arwal,86,54
Bihar,Aurangabad,1008,44
Bihar,Banka,466,56
Bihar,Begusarai,2002,357
Bihar,Bhagalpur,410,49
Bihar,Bhojpur,1634,200
Bihar,Buxar,600,247
Bihar,Darbhanga,2635,425
Bihar,East Champaran,2359,199
Bihar,Gaya,1098,153
Bihar,Gopalganj,713,150
Bihar,Jamui,492,264
Bihar,Jehanabad,250,111
Bihar,Kaimur (Bhabua),1092,223
Bihar,Katihar,937,420
Bihar,Khagaria,1146,201
Bihar,Kishanganj,208,55
Bihar,Lakhisarai,653,70
Bihar,Madhepura,1392,295
Bihar,Madhubani,3533,160
Bihar,Munger,205,71
Bihar,Muzaffarpur,970,124
Bihar,Nalanda,797,238
Bihar,Nawada,1006,96
Bihar,Patna,960,495
Bihar,Purnia,754,168
Bihar,Rohtas,1435,208
Bihar,Saharsa,408,116
Bihar,Samastipur,1859,143
Bihar,Saran,1541,161
Bihar,Sheikhpura,26,85
Bihar,Sheohar,225,93
Bihar,Sitamarhi,836,138
Bihar,Siwan,552,79
Bihar,Supaul,1184,207
Bihar,Vaishali,543,109
Bihar,West Champaran,2303,454
Chandigarh,Chandigarh,37,21
Chhattisgarh,Balod,288,32
Chhattisgarh,Baloda Bazar,833,122
Chhattisgarh,Balrampur,587,36
Chhattisgarh,Bastar,1669,113
Chhattisgarh,Bemetara,561,37
Chhattisgarh,Bijapur,218,93
Chhattisgarh,Bilaspur,1839,214
Chhattisgarh,Dakshin Bastar Dantewada,188,30
Chhattisgarh,Dantewada,60,5
Chhattisgarh,Dhamtari,225,11
Chhattisgarh,Durg,300,46
Chhattisgarh,Gariyaband,847,74
Chhattisgarh,Janjgir-champa,1876,182
Chhattisgarh,Jashpur,229,51
Chhattisgarh,Kabeerdham,193,21
Chhattisgarh,Kanker,88,21
Chhattisgarh,Kawardha,482,44
Chhattisgarh,Kondagaon,202,32
Chhattisgarh,Korba,768,275
Chhattisgarh,Koriya,185,20
Chhattisgarh,Mahasamund,526,78
Chhattisgarh,Mungeli,719,36
Chhattisgarh,Narayanpur,0,4
Chhattisgarh,Raigarh,1052,90
Chhattisgarh,Raipur,1735,99
Chhattisgarh,Rajnandgaon,489,44
Chhattisgarh,Sukma,23,9
Chhattisgarh,Surajpur,782,108
Chhattisgarh,Surguja,1419,75
Chhattisgarh,Uttar Bastar Kanker,45,29
Dadra and Nagar Haveli,Dadra and Nagar Haveli,260,26
Daman and Diu,Daman,22,5
Daman and Diu,Diu,3,0
Delhi,Central Delhi,187,23
Delhi,East Delhi,493,120
Delhi,New Delhi,22,4
Delhi,North Delhi,151,22
Delhi,North East Delhi,581,167
Delhi,North West Delhi,1345,234
Delhi,South Delhi,749,135
Delhi,South West Delhi,503,74
Delhi,West Delhi,1052,160
Goa,North Goa,50,10
Goa,South Goa,244,14
Gujarat,Ahmedabad,4703,209
Gujarat,Amreli,1362,57
Gujarat,Anand,933,116
Gujarat,Arvalli,680,63
Gujarat,Banaskantha,1807,119
Gujarat,Bharuch,1214,79
Gujarat,Bhavnagar,1472,93
Gujarat,Dahod,2812,182
Gujarat,Devbhumi Dwarka,324,23
Gujarat,Gandhinagar,1909,93
Gujarat,Gir Somnath,77,11
Gujarat,Jamnagar,250,4
Gujarat,Junagadh,608,26
Gujarat,Kachchh,637,69
Gujarat,Kheda,295,103
Gujarat,Mahesana,173,58
Gujarat,Narmada,539,22
Gujarat,Navsari,1965,73
Gujarat,Panchmahals,1090,141
Gujarat,Patan,633,68
Gujarat,Porbandar,556,111
Gujarat,Rajkot,1812,56
Gujarat,Sabarkantha,1413,51
Gujarat,Surat,1563,142
Gujarat,Surendra Nagar,601,65
Gujarat,Tapi,1077,12
Gujarat,The Dangs,424,15
Gujarat,Vadodara,2130,134
Gujarat,Valsad,343,23
Haryana,Ambala,105,31
Haryana,Bhiwani,175,80
Haryana,Faridabad,753,120
Haryana,Fatehabad,132,125
Haryana,Gurgaon,424,81
Haryana,Hisar,805,150
Haryana,Jhajjar,460,88
Haryana,Jind,470,80
Haryana,Kaithal,516,80
Haryana,Karnal,245,68
Haryana,Kurukshetra,558,52
Haryana,Mahendragarh,365,25
Haryana,Mewat,541,143
Haryana,Palwal,550,116
Haryana,Panchkula,220,50
Haryana,Panipat,644,120
Haryana,Rewari,405,107
Haryana,Rohtak,478,86
Haryana,Sirsa,457,77
Haryana,Sonipat,342,33
Haryana,Yamuna Nagar,836,120
Himachal Pradesh,Bilaspur,12,9
Himachal Pradesh,Chamba,30,5
Himachal Pradesh,Hamirpur,17,5
Himachal Pradesh,Kangra,235,51
Himachal Pradesh,Kinnaur,1,2
Himachal Pradesh,Kullu,85,10
Himachal Pradesh,Lahul and Spiti,3,4
Himachal Pradesh,Mandi,337,31
Himachal Pradesh,Shimla,167,8
Himachal Pradesh,Sirmaur,103,13
Himachal Pradesh,Solan,61,10
Himachal Pradesh,Una,43,4
Jammu and Kashmir,Anantnag,49,15
Jammu and Kashmir,Badgam,11,3
Jammu and Kashmir,Bandipore,1119,36
Jammu and Kashmir,Baramula,308,38
Jammu and Kashmir,Doda,406,93
Jammu and Kashmir,Ganderbal,171,11
Jammu and Kashmir,Jammu,209,94
Jammu and Kashmir,Kargil,0,4
Jammu and Kashmir,Kathua,23,8
Jammu and Kashmir,Kishtwar,36,18
Jammu and Kashmir,Kulgam,5,2
Jammu and Kashmir,Kupwara,131,15
Jammu and Kashmir,Leh,4,11
Jammu and Kashmir,Pulwama,166,4
Jammu and Kashmir,Punch,29,10
Jammu and Kashmir,Rajouri,65,26
Jammu and Kashmir,Ramban,5,63
Jammu and Kashmir,Reasi,42,2
Jammu and Kashmir,Samba,10,1
Jammu and Kashmir,Shupiyan,222,2
Jammu and Kashmir,Srinagar,1589,513
Jammu and Kashmir,Udhampur,382,2
Jharkhand,Bokaro,306,82
Jharkhand,Chatra,160,106
Jharkhand,Deoghar,381,49
Jharkhand,Dhanbad,735,92
Jharkhand,Dumka,188,113
Jharkhand,East Singhbhum,206,129
Jharkhand,Garhwa,258,46
Jharkhand,Giridih,980,304
Jharkhand,Godda,259,41
Jharkhand,Gumla,430,103
Jharkhand,Hazaribagh,365,23
Jharkhand,Jamtara,87,46
Jharkhand,Khunti,159,5
Jharkhand,Koderma,200,15
Jharkhand,Latehar,78,66
Jharkhand,Lohardaga,32,19
Jharkhand,Pakur,145,34
Jharkhand,Palamu,800,222
Jharkhand,Ramgarh,114,25
Jharkhand,Ranchi,584,70
Jharkhand,Sahebganj,110,28
Jharkhand,Seraikela-Kharsawan,239,18
Jharkhand,Simdega,97,20
Jharkhand,West Singhbhum,641,51
Karnataka,Bagalkot,462,70
Karnataka,Ballari,2000,138
Karnataka,Bangalore Rural,511,101
Karnataka,Belagavi,1603,243
Karnataka,Bengaluru,1730,249
Karnataka,Bidar,2052,183
Karnataka,Chamrajanagar,577,75
Karnataka,Chikkaballapur,1457,86
Karnataka,Chikkamagaluru,707,56
Karnataka,Chitradurga,1327,212
Karnataka,Dakshina Kannada,1781,48
Karnataka,Davangere,519,80
Karnataka,Dharwad,346,84
Karnataka,Gadag,970,75
Karnataka,Hassan,1436,61
Karnataka,Haveri,670,106
Karnataka,Kalaburagi,3022,278
Karnataka,Kodagu,497,73
Karnataka,Kolar,1374,249
Karnataka,Koppal,1067,101
Karnataka,Mandya,1958,104
Karnataka,Mysuru,691,48
Karnataka,Raichur,3528,286
Karnataka,Ramanagar,730,120
Karnataka,Shivamogga,709,64
Karnataka,Tumakuru,493,46
Karnataka,Udupi,430,36
Karnataka,Uttara Kannada,689,72
Karnataka,Vijayapura,1024,144
Karnataka,Yadgir,2780,386
Kerala,Alappuzha,210,13
Kerala,Ernakulam,369,15
Kerala,Idukki,152,3
Kerala,Kannur,135,3
Kerala,Kasaragod,44,2
Kerala,Kollam,312,22
Kerala,Kottayam,161,7
Kerala,Kozhikode,885,19
Kerala,Malappuram,317,8
Kerala,Palakkad,207,20
Kerala,Pathanamthitta,110,6
Kerala,Thiruvananthapuram,103,17
Kerala,Thrissur,420,8
Kerala,Wayanad,53,5
Lakshadweep,Lakshadweep,1,0
Madhya Pradesh,Alirajpur,427,22
Madhya Pradesh,Anuppur,311,35
Madhya Pradesh,Ashok Nagar,1231,297
Madhya Pradesh,Balaghat,745,121
Madhya Pradesh,Barwani,396,113
Madhya Pradesh,Betul,722,232
Madhya Pradesh,Bhind,806,72
Madhya Pradesh,Bhopal,842,80
Madhya Pradesh,Burhanpur,315,59
Madhya Pradesh,Chhatarpur,2630,207
Madhya Pradesh,Chhindwara,639,82
Madhya Pradesh,Damoh,495,47
Madhya Pradesh,Datia,305,59
Madhya Pradesh,Dewas,483,138
Madhya Pradesh,Dhar,976,88
Madhya Pradesh,Dindori,1230,109
Madhya Pradesh,Guna,761,159
Madhya Pradesh,Gwalior,1096,181
Madhya Pradesh,Harda,78,4
Madhya Pradesh,Hoshangabad,82,32
Madhya Pradesh,Indore,967,100
Madhya Pradesh,Jabalpur,1067,108
Madhya Pradesh,Jhabua,1696,56
Madhya Pradesh,Katni,529,80
Madhya Pradesh,Khandwa,142,35
Madhya Pradesh,Khargone,437,127
Madhya Pradesh,Mandla,439,93
Madhya Pradesh,Mandsaur,580,112
Madhya Pradesh,Morena,900,80
Madhya Pradesh,Narsinghpur,386,62
Madhya Pradesh,Neemuch,241,101
Madhya Pradesh,Panna,425,74
Madhya Pradesh,Raisen,412,97
Madhya Pradesh,Rajgarh,1079,208
Madhya Pradesh,Ratlam,560,117
Madhya Pradesh,Rewa,2587,503
Madhya Pradesh,Sagar,1520,107
Madhya Pradesh,Satna,716,165
Madhya Pradesh,Sehore,874,85
Madhya Pradesh,Seoni,425,76
Madhya Pradesh,Shahdol,1030,88
Madhya Pradesh,Shajapur,1047,194
Madhya Pradesh,Sheopur,462,44
Madhya Pradesh,Shivpuri,1081,219
Madhya Pradesh,Sidhi,735,135
Madhya Pradesh,Singrauli,330,76
Madhya Pradesh,Tikamgarh,1904,213
Madhya Pradesh,Ujjain,605,62
Madhya Pradesh,Umaria,195,19
Madhya Pradesh,Vidisha,975,105
Maharashtra,Ahmadnagar,2587,714
Maharashtra,Akola,529,128
Maharashtra,Amravati,999,82
Maharashtra,Aurangabad,1817,1017
Maharashtra,Beed,1685,204
Maharashtra,Bhandara,329,224
Maharashtra,Buldhana,740,100
Maharashtra,Chandrapur,1029,491
Maharashtra,Dhule,780,204
Maharashtra,Gadchiroli,697,245
Maharashtra,Gondiya,273,313
Maharashtra,Hingoli,1108,104
Maharashtra,Jalgaon,1999,510
Maharashtra,Jalna,886,176
Maharashtra,Kolhapur,1396,132
Maharashtra,Latur,1089,160
Maharashtra,Mumbai,3466,268
Maharashtra,Nagpur,1724,681
Maharashtra,Nanded,1691,605
Maharashtra,Nandurbar,383,112
Maharashtra,Nashik,1897,645
Maharashtra,Osmanabad,716,119
Maharashtra,Palghar,1010,181
Maharashtra,Parbhani,1040,156
Maharashtra,Pune,3195,294
Maharashtra,Raigarh,1177,96
Maharashtra,Ratnagiri,412,57
Maharashtra,Sangli,710,119
Maharashtra,Satara,1358,179
Maharashtra,Sindhudurg,170,42
Maharashtra,Solapur,2670,366
Maharashtra,Thane,3047,229
Maharashtra,Wardha,323,147
Maharashtra,Washim,454,100
Maharashtra,Yavatmal,1540,312
Manipur,Bishnupur,54,7
Manipur,Chandel,5,1
Manipur,Churachandpur,16,6
Manipur,Imphal East,69,4
Manipur,Imphal West,13,2
Manipur,Senapati,97,10
Manipur,Tamenglong,2,2
Manipur,Thoubal,154,37
Manipur,Ukhrul,146,57
Meghalaya,East Khasi Hills,4,1
Meghalaya,Ri Bhoi,20,2
Meghalaya,West Garo Hills,10,0
Meghalaya,West Khasi Hills,1,0
Mizoram,Aizawl,713,5
Mizoram,Champhai,37,11
Mizoram,Kolasib,1,21
Mizoram,Lawngtlai,3,0
Mizoram,Lunglei,30,189
Mizoram,Mammit,70,0
Mizoram,Saiha,1,0
Mizoram,Serchhip,4,0
Nagaland,Dimapur,36,2
Nagaland,Kiphire,23,1
Nagaland,Kohima,1907,6
Nagaland,Longleng,59,0
Nagaland,Mokokchung,396,3
Nagaland,Mon,296,4
Nagaland,Peren,17,11
Nagaland,Phek,518,1
Nagaland,Tuensang,121,22
Nagaland,Wokha,745,2
Nagaland,Zunheboto,1000,2
Odisha,Angul,155,37
Odisha,Balangir,2165,128
Odisha,Baleswar,98,19
Odisha,Bargarh,39,639
Odisha,Bhadrak,21,35
Odisha,Boudh,149,62
Odisha,Cuttack,1982,85
Odisha,Debagarh,2,3
Odisha,Dhenkanal,865,191
Odisha,Gajapati,4,6
Odisha,Ganjam,5829,415
Odisha,Jagatsinghapur,7,32
Odisha,Jajapur,16,1
Odisha,Jharsuguda,4,34
Odisha,Kalahandi,15,26
Odisha,Kandhamal,20,190
Odisha,Kendrapara,148,29
Odisha,Kendujhar,5,1
Odisha,Khorda,150,166
Odisha,Koraput,29,66
Odisha,Malkangiri,409,58
Odisha,Mayurbhanj,217,102
Odisha,Nabarangapur,54,174
Odisha,Nayagarh,3,6
Odisha,Nuapada,105,4
Odisha,Puri,7,1
Odisha,Rayagada,175,120
Odisha,Sambalpur,4,2
Odisha,Sonapur,1,0
Odisha,Sundergarh,130,68
Puducherry,Karaikal,27,13
Puducherry,Puducherry,78,14
Punjab,Amritsar,1089,96
Punjab,Barnala,81,25
Punjab,Bathinda,821,113
Punjab,Faridkot,67,32
Punjab,Fatehgarh Sahib,68,13
Punjab,Fazilka,276,39
Punjab,Ferozepur,379,44
Punjab,Gurdaspur,403,68
Punjab,Hoshiarpur,360,22
Punjab,Jalandhar,415,51
Punjab,Kapurthala,179,28
Punjab,Ludhiana,1381,119
Punjab,Mansa,617,86
Punjab,Moga,396,43
Punjab,Pathankot,84,20
Punjab,Patiala,370,43
Punjab,Rupnagar,69,14
Punjab,SAS Nagar (Mohali),346,24
Punjab,Sangrur,556,57
Punjab,Shaheed Bhagat Singh Nagar,59,11
Punjab,Sri Muktsar Sahib,242,44
Punjab,Tarn Taran,406,61
Rajasthan,Ajmer,232,87
Rajasthan,Alwar,974,253
Rajasthan,Banswara,1282,137
Rajasthan,Baran,315,141
Rajasthan,Barmer,1259,228
Rajasthan,Bharatpur,1331,220
Rajasthan,Bhilwara,917,110
Rajasthan,Bikaner,604,77
Rajasthan,Bundi,344,141
Rajasthan,Chittorgarh,741,107
Rajasthan,Churu,560,107
Rajasthan,Dausa,421,96
Rajasthan,Dholpur,734,134
Rajasthan,Dungarpur,935,84
Rajasthan,Ganganagar,697,147
Rajasthan,Hanumangarh,509,69
Rajasthan,Jaipur,1556,316
Rajasthan,Jaisalmer,245,105
Rajasthan,Jalor,1538,97
Rajasthan,Jhalawar,919,160
Rajasthan,Jhunjhunun,399,62
Rajasthan,Jodhpur,1339,261
Rajasthan,Karauli,699,137
Rajasthan,Kota,310,40
Rajasthan,Nagaur,877,189
Rajasthan,Pali,623,66
Rajasthan,Pratapgarh,716,58
Rajasthan,Rajsamand,581,112
Rajasthan,Sawai Madhopur,483,98
Rajasthan,Sikar,716,162
Rajasthan,Sirohi,390,42
Rajasthan,Tonk,446,96
Rajasthan,Udaipur,498,180
Sikkim,East Sikkim,12,0
Sikkim,North Sikkim,8,0
Sikkim,South Sikkim,30,0
Sikkim,West Sikkim,3,1
Tamil Nadu,Ariyalur,21,35
Tamil Nadu,Chennai,1823,305
Tamil Nadu,Coimbatore,3765,215
Tamil Nadu,Cuddalore,587,13
Tamil Nadu,Dharmapuri,185,37
Tamil Nadu,Dindigul,8,32
Tamil Nadu,Erode,2429,39
Tamil Nadu,Kancheepuram,2779,115
Tamil Nadu,Kanniyakumari,14,9
Tamil Nadu,Karur,146,25
Tamil Nadu,Krishnagiri,814,90
Tamil Nadu,Madurai,15,7
Tamil Nadu,Nagapattinam,29,6
Tamil Nadu,Namakkal,11,1
Tamil Nadu,Perambalur,31,3
Tamil Nadu,Pudukkottai,6391,55
Tamil Nadu,Ramanathapuram,9,11
Tamil Nadu,Salem,467,77
Tamil Nadu,Sivaganga,1859,157
Tamil Nadu,Thanjavur,4,193
Tamil Nadu,The Nilgiris,354,29
Tamil Nadu,Theni,593,31
Tamil Nadu,Thiruvarur,21,1
Tamil Nadu,Thoothukkudi,240,10
Tamil Nadu,Tiruchirappalli,36,1
Tamil Nadu,Tirunelveli,57,81
Tamil Nadu,Tiruppur,2550,764
Tamil Nadu,Tiruvallur,533,80
Tamil Nadu,Tiruvannamalai,25,3
Tamil Nadu,Vellore,585,328
Tamil Nadu,Villupuram,167,475
Tamil Nadu,Virudhunagar,4091,37
Telangana,Adilabad,266,20
Telangana,Hyderabad,754,100
Telangana,K.v. Rangareddy,412,58
Telangana,Karimnagar,213,16
Telangana,Khammam,83,11
Telangana,Mahabubnagar,126,19
Telangana,Medak,252,27
Telangana,Nalgonda,236,34
Telangana,Nizamabad,187,14
Telangana,Warangal,127,11
Tripura,Dhalai,25,7
Tripura,Gomati,36,4
Tripura,Khowai,35,5
Tripura,North Tripura,2,3
Tripura,Sepahijala,10,0
Tripura,South Tripura,3,1
Tripura,Unakoti,3,4
Tripura,West Tripura,105,6
Uttar Pradesh,Agra,920,196
Uttar Pradesh,Aligarh,1320,683
Uttar Pradesh,Allahabad,1206,365
Uttar Pradesh,Ambedkar Nagar,482,51
Uttar Pradesh,Amethi,766,206
Uttar Pradesh,Amroha,797,118
Uttar Pradesh,Auraiya,384,72
Uttar Pradesh,Azamgarh,948,131
Uttar Pradesh,Baghpat,230,59
Uttar Pradesh,Bahraich,1399,231
Uttar Pradesh,Ballia,547,81
Uttar Pradesh,Balrampur,748,225
Uttar Pradesh,Banda,802,196
Uttar Pradesh,Bara Banki,2222,214
Uttar Pradesh,Bareilly,1027,279
Uttar Pradesh,Basti,1343,280
Uttar Pradesh,Bijnor,662,170
Uttar Pradesh,Budaun,1285,325
Uttar Pradesh,Bulandshahr,589,274
Uttar Pradesh,Chandauli,649,110
Uttar Pradesh,Chitrakoot,215,40
Uttar Pradesh,Deoria,628,151
Uttar Pradesh,Etah,304,51
Uttar Pradesh,Etawah,250,103
Uttar Pradesh,Faizabad,630,214
Uttar Pradesh,Farrukhabad,599,175
Uttar Pradesh,Fatehpur,1476,257
Uttar Pradesh,Firozabad,432,130
Uttar Pradesh,Gautam Buddha Nagar,613,127
Uttar Pradesh,Ghaziabad,376,111
Uttar Pradesh,Ghazipur,1361,106
Uttar Pradesh,Gonda,809,266
Uttar Pradesh,Gorakhpur,1056,191
Uttar Pradesh,Hamirpur,2007,190
Uttar Pradesh,Hapur,66,62
Uttar Pradesh,Hardoi,1650,457
Uttar Pradesh,Hathras,226,62
Uttar Pradesh,Jalaun,1319,203
Uttar Pradesh,Jaunpur,1037,152
Uttar Pradesh,Jhansi,655,157
Uttar Pradesh,Kannauj,657,111
Uttar Pradesh,Kanpur Dehat,512,84
Uttar Pradesh,Kanpur Nagar,1675,184
Uttar Pradesh,Kasganj,287,42
Uttar Pradesh,Kaushambi,444,81
Uttar Pradesh,Kheri,1714,514
Uttar Pradesh,Kushinagar,1444,117
Uttar Pradesh,Lalitpur,425,108
Uttar Pradesh,Lucknow,1456,250
Uttar Pradesh,Maharajganj,1003,187
Uttar Pradesh,Mahoba,804,250
Uttar Pradesh,Mainpuri,420,88
Uttar Pradesh,Mathura,730,293
Uttar Pradesh,Mau,621,98
Uttar Pradesh,Meerut,1050,191
Uttar Pradesh,Mirzapur,1693,172
Uttar Pradesh,Moradabad,781,335
Uttar Pradesh,Muzaffarnagar,966,213
Uttar Pradesh,Pilibhit,1139,77
Uttar Pradesh,Pratapgarh,609,168
Uttar Pradesh,Rae Bareli,545,161
Uttar Pradesh,Rampur,496,81
Uttar Pradesh,Saharanpur,1187,214
Uttar Pradesh,Sambhal,859,196
Uttar Pradesh,Sant Kabir Nagar,279,42
Uttar Pradesh,Sant Ravidas Nagar,572,146
Uttar Pradesh,Shahjahanpur,2214,729
Uttar Pradesh,Shamli,541,59
Uttar Pradesh,Shrawasti,595,191
Uttar Pradesh,Siddharthnagar,540,75
Uttar Pradesh,Sitapur,2794,273
Uttar Pradesh,Sonbhadra,784,130
Uttar Pradesh,Sultanpur,1225,164
Uttar Pradesh,Unnao,936,193
Uttar Pradesh,Varanasi,1141,171
Uttarakhand,Almora,303,25
Uttarakhand,Bageshwar,616,53
Uttarakhand,Chamoli,3380,265
Uttarakhand,Champawat,337,35
Uttarakhand,Dehradun,579,41
Uttarakhand,Haridwar,292,90
Uttarakhand,Nainital,542,84
Uttarakhand,Pauri Garhwal,611,37
Uttarakhand,Pithoragarh,584,71
Uttarakhand,Rudraprayag,228,31
Uttarakhand,Tehri Garhwal,906,88
Uttarakhand,Udham Singh Nagar,352,163
Uttarakhand,Uttarkashi,465,8
West Bengal,Bankura,12600,478
West Bengal,Barddhaman,23573,2676
West Bengal,Birbhum,3774,192
West Bengal,Cooch Behar,1487,152
West Bengal,Dakshin Dinajpur,55,70
West Bengal,Darjeeling,50,37
West Bengal,Hooghly,497,111
West Bengal,Howrah,43,22
West Bengal,Jalpaiguri,1530,228
West Bengal,Kolkata,953,107
West Bengal,Malda,418,33
West Bengal,Murshidabad,1150,100
West Bengal,Nadia,4869,258
West Bengal,North 24 Parganas,3225,1398
West Bengal,Paschim Medinipur,13394,1068
West Bengal,Purba Medinipur,9201,675
West Bengal,Puruliya,470,38
West Bengal,South 24 Parganas,6485,319
West Bengal,Uttar Dinajpur,68,42
