State,District,Aadhaar generated,Enrolment Rejected
Andaman and Nicobar Islands,Nicobar,1,1
Andaman and Nicobar Islands,South Andaman,2,0
Andhra Pradesh,Ananthapur,133,25
Andhra Pradesh,Chittoor,62,9
Andhra Pradesh,Cuddapah,30,7
Andhra Pradesh,East Godavari,55,15
Andhra Pradesh,Guntur,97,13
Andhra Pradesh,Krishna,49,5
Andhra Pradesh,Kurnool,94,16
Andhra Pradesh,Nellore,44,23
Andhra Pradesh,Prakasam,31,17
Andhra Pradesh,Srikakulam,40,3
Andhra Pradesh,Visakhapatnam,33,28
Andhra Pradesh,Vizianagaram,12,11
Andhra Pradesh,West Godavari,39,11
Arunachal Pradesh,Anjaw,6,0
Arunachal Pradesh,Changlang,5,0
Arunachal Pradesh,Kurung Kumey,2,0
Arunachal Pradesh,Lohit,290,2
Arunachal Pradesh,Longding,4,0
Arunachal Pradesh,Lower Dibang Valley,1,0
Arunachal Pradesh,Namsai,189,1
Arunachal Pradesh,Papum Pare,4,4
Arunachal Pradesh,Tawang,153,0
Arunachal Pradesh,Tirap,38,0
Arunachal Pradesh,Upper Siang,18,0
Arunachal Pradesh,West Kameng,183,1
Arunachal Pradesh,West Siang,30,1
Assam,Baksa,11,0
Assam,Barpeta,12,2
Assam,Bongaigaon,5,0
Assam,Cachar,13,1
Assam,Darrang,1,1
Assam,Dhemaji,3,0
Assam,Dhubri,3,0
Assam,Dibrugarh,5,0
Assam,Goalpara,2,0
Assam,Golaghat,260,2
Assam,Hailakandi,11,1
Assam,Jorhat,0,1
Assam,Kamrup,38,2
Assam,Kamrup Metro,11,0
Assam,Karbi Anglong,7,0
Assam,Karimganj,9,0
Assam,Kokrajhar,8,4
Assam,Lakhimpur,2,1
Assam,Marigaon,4,1
Assam,Nagaon,71,2
Assam,Nalbari,7,1
Assam,North Cachar Hills,2,0
Assam,Sibsagar,6,0
Assam,Sonitpur,7,0
Assam,Tinsukia,9,1
Assam,Udalguri,8,1
Bihar,Araria,5273,208
Bihar,Arwal,70,43
Bihar,Aurangabad,939,72
Bihar,Banka,164,30
Bihar,Begusarai,851,231
Bihar,Bhagalpur,389,35
Bihar,Bhojpur,1606,95
Bihar,Buxar,2876,41
Bihar,Darbhanga,2376,137
Bihar,East Champaran,2998,84
Bihar,Gaya,1425,118
Bihar,Gopalganj,997,88
Bihar,Jamui,1730,97
Bihar,Jehanabad,561,51
Bihar,Kaimur (Bhabua),1871,70
Bihar,Katihar,2080,142
Bihar,Khagaria,655,104
Bihar,Kishanganj,361,31
Bihar,Lakhisarai,957,37
Bihar,Madhepura,961,96
Bihar,Madhubani,1924,77
Bihar,Munger,400,21
Bihar,Muzaffarpur,1271,111
Bihar,Nalanda,594,70
Bihar,Nawada,1085,36
Bihar,Patna,2149,325
Bihar,Purnia,586,74
Bihar,Rohtas,2519,105
Bihar,Saharsa,443,42
Bihar,Samastipur,1443,79
Bihar,Saran,1398,75
Bihar,Sheikhpura,660,24
Bihar,Sheohar,66,15
Bihar,Sitamarhi,1001,46
Bihar,Siwan,1097,56
Bihar,Supaul,804,44
Bihar,Vaishali,813,60
Bihar,West Champaran,3364,187
Chandigarh,Chandigarh,266,17
Chhattisgarh,Balod,160,30
Chhattisgarh,Baloda Bazar,2085,122
Chhattisgarh,Balrampur,123,12
Chhattisgarh,Bastar,1011,51
Chhattisgarh,Bemetara,547,67
Chhattisgarh,Bijapur,996,42
Chhattisgarh,Bilaspur,1337,156
Chhattisgarh,Dakshin Bastar Dantewada,161,17
Chhattisgarh,Dantewada,319,9
Chhattisgarh,Dhamtari,285,13
Chhattisgarh,Durg,464,42
Chhattisgarh,Gariyaband,133,16
Chhattisgarh,Janjgir-champa,1311,106
Chhattisgarh,Jashpur,522,20
Chhattisgarh,Kabeerdham,338,8
Chhattisgarh,Kanker,355,6
Chhattisgarh,Kawardha,441,27
Chhattisgarh,Kondagaon,275,19
Chhattisgarh,Korba,1730,177
Chhattisgarh,Koriya,35,7
Chhattisgarh,Mahasamund,274,51
Chhattisgarh,Mungeli,316,14
Chhattisgarh,Narayanpur,41,18
Chhattisgarh,Raigarh,1413,249
Chhattisgarh,Raipur,507,65
Chhattisgarh,Rajnandgaon,532,35
Chhattisgarh,Sukma,79,21
Chhattisgarh,Surajpur,501,76
Chhattisgarh,Surguja,627,63
Chhattisgarh,Uttar Bastar Kanker,204,15
Dadra and Nagar Haveli,Dadra and Nagar Haveli,68,10
Daman and Diu,Daman,52,5
Daman and Diu,Diu,4,1
Delhi,Central Delhi,276,23
Delhi,East Delhi,774,52
Delhi,New Delhi,30,4
Delhi,North Delhi,382,35
Delhi,North East Delhi,1032,74
Delhi,North West Delhi,1318,185
Delhi,South Delhi,839,109
Delhi,South West Delhi,477,51
Delhi,West Delhi,811,72
Goa,North Goa,81,6
Goa,South Goa,53,19
Gujarat,Ahmedabad,671,85
Gujarat,Amreli,52,23
Gujarat,Anand,1205,88
Gujarat,Arvalli,48,22
Gujarat,Banaskantha,779,40
Gujarat,Bharuch,140,32
Gujarat,Bhavnagar,447,35
Gujarat,Dahod,318,39
Gujarat,Devbhumi Dwarka,8,5
Gujarat,Gandhinagar,560,38
Gujarat,Gir Somnath,36,2
Gujarat,Jamnagar,54,2
Gujarat,Junagadh,142,11
Gujarat,Kachchh,176,12
Gujarat,Kheda,166,124
Gujarat,Mahesana,301,16
Gujarat,Narmada,31,21
Gujarat,Navsari,949,29
Gujarat,Panchmahals,466,49
Gujarat,Patan,244,37
Gujarat,Porbandar,53,4
Gujarat,Rajkot,606,68
Gujarat,Sabarkantha,218,85
Gujarat,Surat,750,84
Gujarat,Surendra Nagar,824,19
Gujarat,Tapi,51,6
Gujarat,The Dangs,63,1
Gujarat,Vadodara,345,90
Gujarat,Valsad,196,7
Haryana,Ambala,842,34
Haryana,Bhiwani,239,32
Haryana,Faridabad,808,60
Haryana,Fatehabad,615,27
Haryana,Gurgaon,398,31
Haryana,Hisar,507,112
Haryana,Jhajjar,318,24
Haryana,Jind,452,59
Haryana,Kaithal,431,50
Haryana,Karnal,288,37
Haryana,Kurukshetra,167,34
Haryana,Mahendragarh,330,27
Haryana,Mewat,510,70
Haryana,Palwal,647,64
Haryana,Panchkula,164,17
Haryana,Panipat,551,92
Haryana,Rewari,205,22
Haryana,Rohtak,444,39
Haryana,Sirsa,465,35
Haryana,Sonipat,403,62
Haryana,Yamuna Nagar,388,33
Himachal Pradesh,Bilaspur,38,4
Himachal Pradesh,Chamba,136,15
Himachal Pradesh,Hamirpur,86,11
Himachal Pradesh,Kangra,169,38
Himachal Pradesh,Kinnaur,8,1
Himachal Pradesh,Kullu,34,5
Himachal Pradesh,Lahul and Spiti,13,21
Himachal Pradesh,Mandi,231,25
Himachal Pradesh,Shimla,198,15
Himachal Pradesh,Sirmaur,110,3
Himachal Pradesh,Solan,67,7
Himachal Pradesh,Una,7,2
Jammu and Kashmir,Anantnag,4,1
Jammu and Kashmir,Badgam,38,6
Jammu and Kashmir,Bandipore,2,10
Jammu and Kashmir,Baramula,284,24
Jammu and Kashmir,Doda,10,36
Jammu and Kashmir,Ganderbal,83,7
Jammu and Kashmir,Jammu,148,171
Jammu and Kashmir,Kargil,1,11
Jammu and Kashmir,Kathua,15,149
Jammu and Kashmir,Kishtwar,85,4
Jammu and Kashmir,Kulgam,2,1
Jammu and Kashmir,Kupwara,33,2
Jammu and Kashmir,Leh,4,9
Jammu and Kashmir,Pulwama,31,9
Jammu and Kashmir,Punch,16,6
Jammu and Kashmir,Rajouri,63,10
Jammu and Kashmir,Ramban,63,6
Jammu and Kashmir,Reasi,10,14
Jammu and Kashmir,Samba,12,6
Jammu and Kashmir,Shupiyan,86,1
Jammu and Kashmir,Srinagar,1572,313
Jammu and Kashmir,Udhampur,62,12
Jharkhand,Bokaro,1559,56
Jharkhand,Chatra,390,53
Jharkhand,Deoghar,244,23
Jharkhand,Dhanbad,585,68
Jharkhand,Dumka,411,45
Jharkhand,East Singhbhum,687,41
Jharkhand,Garhwa,91,21
Jharkhand,Giridih,1136,119
Jharkhand,Godda,219,19
Jharkhand,Gumla,344,63
Jharkhand,Hazaribagh,484,23
Jharkhand,Jamtara,136,23
Jharkhand,Khunti,185,14
Jharkhand,Koderma,162,12
Jharkhand,Latehar,60,26
Jharkhand,Lohardaga,74,31
Jharkhand,Pakur,266,10
Jharkhand,Palamu,453,70
Jharkhand,Ramgarh,180,17
Jharkhand,Ranchi,899,84
Jharkhand,Sahebganj,104,10
Jharkhand,Seraikela-Kharsawan,284,21
Jharkhand,Simdega,139,20
Jharkhand,West Singhbhum,144,44
Karnataka,Bagalkot,48,121
Karnataka,Ballari,120,68
Karnataka,Bangalore Rural,120,57
Karnataka,Belagavi,422,187
Karnataka,Bengaluru,214,124
Karnataka,Bidar,146,82
Karnataka,Chamrajanagar,108,64
Karnataka,Chikkaballapur,40,51
Karnataka,Chikkamagaluru,59,39
Karnataka,Chitradurga,169,85
Karnataka,Dakshina Kannada,46,58
Karnataka,Davangere,63,69
Karnataka,Dharwad,49,23
Karnataka,Gadag,48,39
Karnataka,Hassan,90,56
Karnataka,Haveri,95,84
Karnataka,Kalaburagi,261,139
Karnataka,Kodagu,117,27
Karnataka,Kolar,170,176
Karnataka,Koppal,101,38
Karnataka,Mandya,153,54
Karnataka,Mysuru,300,55
Karnataka,Raichur,346,149
Karnataka,Ramanagar,160,131
Karnataka,Shivamogga,93,67
Karnataka,Tumakuru,144,32
Karnataka,Udupi,21,17
Karnataka,Uttara Kannada,68,49
Karnataka,Vijayapura,152,80
Karnataka,Yadgir,472,72
Kerala,Alappuzha,148,3
Kerala,Ernakulam,245,5
Kerala,Idukki,83,3
Kerala,Kannur,312,5
Kerala,Kasaragod,9,6
Kerala,Kollam,33,20
Kerala,Kottayam,94,2
Kerala,Kozhikode,136,13
Kerala,Malappuram,64,11
Kerala,Palakkad,117,6
Kerala,Pathanamthitta,406,4
Kerala,Thiruvananthapuram,249,5
Kerala,Thrissur,219,6
Kerala,Wayanad,11,6
Lakshadweep,Lakshadweep,1,0
Madhya Pradesh,Alirajpur,355,13
Madhya Pradesh,Anuppur,138,8
Madhya Pradesh,Ashok Nagar,1593,163
Madhya Pradesh,Balaghat,745,53
Madhya Pradesh,Barwani,1510,52
Madhya Pradesh,Betul,952,72
Madhya Pradesh,Bhind,1470,42
Madhya Pradesh,Bhopal,736,113
Madhya Pradesh,Burhanpur,294,28
Madhya Pradesh,Chhatarpur,1910,157
Madhya Pradesh,Chhindwara,670,62
Madhya Pradesh,Damoh,482,16
Madhya Pradesh,Datia,476,27
Madhya Pradesh,Dewas,849,41
Madhya Pradesh,Dhar,869,53
Madhya Pradesh,Dindori,722,41
Madhya Pradesh,Guna,738,28
Madhya Pradesh,Gwalior,1123,79
Madhya Pradesh,Harda,253,13
Madhya Pradesh,Hoshangabad,169,21
Madhya Pradesh,Indore,1266,115
Madhya Pradesh,Jabalpur,1019,115
Madhya Pradesh,Jhabua,1504,43
Madhya Pradesh,Katni,411,47
Madhya Pradesh,Khandwa,272,33
Madhya Pradesh,Khargone,477,37
Madhya Pradesh,Mandla,299,42
Madhya Pradesh,Mandsaur,1244,101
Madhya Pradesh,Morena,1315,57
Madhya Pradesh,Narsinghpur,335,33
Madhya Pradesh,Neemuch,582,59
Madhya Pradesh,Panna,642,55
Madhya Pradesh,Raisen,506,41
Madhya Pradesh,Rajgarh,1470,121
Madhya Pradesh,Ratlam,937,32
Madhya Pradesh,Rewa,2721,148
Madhya Pradesh,Sagar,997,47
Madhya Pradesh,Satna,556,77
Madhya Pradesh,Sehore,522,50
Madhya Pradesh,Seoni,663,31
Madhya Pradesh,Shahdol,837,74
Madhya Pradesh,Shajapur,466,43
Madhya Pradesh,Sheopur,961,46
Madhya Pradesh,Shivpuri,1529,83
Madhya Pradesh,Sidhi,1013,68
Madhya Pradesh,Singrauli,976,33
Madhya Pradesh,Tikamgarh,2275,148
Madhya Pradesh,Ujjain,607,68
Madhya Pradesh,Umaria,240,18
Madhya Pradesh,Vidisha,551,40
Maharashtra,Ahmadnagar,1218,126
Maharashtra,Akola,368,112
Maharashtra,Amravati,528,52
Maharashtra,Aurangabad,1864,211
Maharashtra,Beed,1276,111
Maharashtra,Bhandara,102,12
Maharashtra,Buldhana,259,44
Maharashtra,Chandrapur,274,46
Maharashtra,Dhule,610,35
Maharashtra,Gadchiroli,588,39
Maharashtra,Gondiya,137,43
Maharashtra,Hingoli,573,71
Maharashtra,Jalgaon,2063,85
Maharashtra,Jalna,512,54
Maharashtra,Kolhapur,201,117
Maharashtra,Latur,750,109
Maharashtra,Mumbai,3119,164
Maharashtra,Nagpur,933,99
Maharashtra,Nanded,1010,136
Maharashtra,Nandurbar,282,32
Maharashtra,Nashik,1730,178
Maharashtra,Osmanabad,353,63
Maharashtra,Palghar,577,83
Maharashtra,Parbhani,1008,87
Maharashtra,Pune,1499,213
Maharashtra,Raigarh,780,82
Maharashtra,Ratnagiri,163,55
Maharashtra,Sangli,468,105
Maharashtra,Satara,539,75
Maharashtra,Sindhudurg,65,41
Maharashtra,Solapur,1077,319
Maharashtra,Thane,1406,127
Maharashtra,Wardha,108,15
Maharashtra,Washim,170,36
Maharashtra,Yavatmal,433,94
Manipur,Bishnupur,102,13
Manipur,Chandel,15,5
Manipur,Churachandpur,261,27
Manipur,Imphal East,123,6
Manipur,Imphal West,53,6
Manipur,Senapati,194,12
Manipur,Tamenglong,20,2
Manipur,Thoubal,94,20
Manipur,Ukhrul,1493,77
Meghalaya,East Khasi Hills,4,1
Meghalaya,Ri Bhoi,34,2
Meghalaya,West Garo Hills,1,0
Meghalaya,West Khasi Hills,1,0
Mizoram,Aizawl,2,6
Mizoram,Champhai,1,1
Mizoram,Kolasib,6,3
Mizoram,Lunglei,12,0
Mizoram,Mammit,2,0
Mizoram,Saiha,4,0
Mizoram,Serchhip,2,8
Nagaland,Dimapur,420,3
Nagaland,Kiphire,76,2
Nagaland,Kohima,1,0
Nagaland,Longleng,118,1
Nagaland,Mokokchung,2,1
Nagaland,Peren,4,2
Nagaland,Tuensang,74,3
Nagaland,Wokha,2,0
Nagaland,Zunheboto,2,1
Odisha,Angul,1,58
Odisha,Balangir,43,183
Odisha,Baleswar,32,21
Odisha,Bargarh,866,16
Odisha,Bhadrak,8,7
Odisha,Boudh,25,33
Odisha,Cuttack,46,1
Odisha,Debagarh,3,28
Odisha,Dhenkanal,21,85
Odisha,Gajapati,27,17
Odisha,Ganjam,149,53
Odisha,Jagatsinghapur,29,25
Odisha,Jajapur,152,11
Odisha,Jharsuguda,3,6
Odisha,Kalahandi,781,53
Odisha,Kandhamal,512,30
Odisha,Kendrapara,60,3
Odisha,Kendujhar,103,55
Odisha,Khorda,49,12
Odisha,Koraput,470,61
Odisha,Malkangiri,418,18
Odisha,Mayurbhanj,44,139
Odisha,Nabarangapur,27,3
Odisha,Nayagarh,73,1
Odisha,Nuapada,1,1
Odisha,Puri,7,2
Odisha,Rayagada,141,73
Odisha,Sambalpur,9,3
Odisha,Sonapur,2,0
Odisha,Sundergarh,116,8
Puducherry,Karaikal,52,6
Puducherry,Puducherry,34,19
Punjab,Amritsar,327,70
Punjab,Barnala,172,35
Punjab,Bathinda,267,51
Punjab,Faridkot,32,17
Punjab,Fatehgarh Sahib,22,9
Punjab,Fazilka,40,65
Punjab,Ferozepur,95,47
Punjab,Gurdaspur,99,36
Punjab,Hoshiarpur,240,18
Punjab,Jalandhar,380,19
Punjab,Kapurthala,97,19
Punjab,Ludhiana,444,83
Punjab,Mansa,21,21
Punjab,Moga,259,39
Punjab,Pathankot,47,13
Punjab,Patiala,228,44
Punjab,Rupnagar,6,11
Punjab,SAS Nagar (Mohali),83,12
Punjab,Sangrur,238,27
Punjab,Shaheed Bhagat Singh Nagar,10,6
Punjab,Sri Muktsar Sahib,84,16
Punjab,Tarn Taran,143,68
Rajasthan,Ajmer,924,75
Rajasthan,Alwar,2605,201
Rajasthan,Banswara,1288,123
Rajasthan,Baran,606,45
Rajasthan,Barmer,620,88
Rajasthan,Bharatpur,1297,104
Rajasthan,Bhilwara,755,79
Rajasthan,Bikaner,554,65
Rajasthan,Bundi,314,16
Rajasthan,Chittorgarh,981,63
Rajasthan,Churu,580,55
Rajasthan,Dausa,495,57
Rajasthan,Dholpur,602,92
Rajasthan,Dungarpur,759,50
Rajasthan,Ganganagar,665,49
Rajasthan,Hanumangarh,450,56
Rajasthan,Jaipur,1850,163
Rajasthan,Jaisalmer,382,27
Rajasthan,Jalor,417,39
Rajasthan,Jhalawar,1170,79
Rajasthan,Jhunjhunun,325,33
Rajasthan,Jodhpur,1410,158
Rajasthan,Karauli,953,63
Rajasthan,Kota,406,45
Rajasthan,Nagaur,1543,101
Rajasthan,Pali,682,68
Rajasthan,Pratapgarh,511,46
Rajasthan,Rajsamand,322,33
Rajasthan,Sawai Madhopur,415,30
Rajasthan,Sikar,1259,93
Rajasthan,Sirohi,203,15
Rajasthan,Tonk,568,43
Rajasthan,Udaipur,1317,130
Sikkim,East Sikkim,5,0
Sikkim,South Sikkim,2,0
Sikkim,West Sikkim,3,2
Tamil Nadu,Ariyalur,3,1
Tamil Nadu,Chennai,384,34
Tamil Nadu,Coimbatore,182,2
Tamil Nadu,Cuddalore,169,15
Tamil Nadu,Dharmapuri,12,109
Tamil Nadu,Dindigul,9,5
Tamil Nadu,Erode,25,74
Tamil Nadu,Kancheepuram,99,103
Tamil Nadu,Kanniyakumari,3163,7
Tamil Nadu,Karur,3,12
Tamil Nadu,Krishnagiri,10,4
Tamil Nadu,Madurai,707,123
Tamil Nadu,Nagapattinam,89,4
Tamil Nadu,Namakkal,45,24
Tamil Nadu,Perambalur,19,18
Tamil Nadu,Pudukkottai,69,4
Tamil Nadu,Ramanathapuram,133,5
Tamil Nadu,Salem,20,74
Tamil Nadu,Sivaganga,101,5
Tamil Nadu,Thanjavur,120,1
Tamil Nadu,The Nilgiris,4,4
Tamil Nadu,Theni,227,6
Tamil Nadu,Thiruvarur,18,2
Tamil Nadu,Thoothukkudi,164,9
Tamil Nadu,Tiruchirappalli,998,8
Tamil Nadu,Tirunelveli,1838,141
Tamil Nadu,Tiruppur,15,7
Tamil Nadu,Tiruvallur,201,23
Tamil Nadu,Tiruvannamalai,100,35
Tamil Nadu,Vellore,37,47
Tamil Nadu,Villupuram,319,56
Tamil Nadu,Virudhunagar,66,8
Telangana,Adilabad,23,6
Telangana,Hyderabad,330,36
Telangana,K.v. Rangareddy,203,48
Telangana,Karimnagar,85,19
Telangana,Khammam,10,7
Telangana,Mahabubnagar,68,27
Telangana,Medak,54,13
Telangana,Nalgonda,38,7
Telangana,Nizamabad,8,17
Telangana,Warangal,57,9
Tripura,Dhalai,11,23
Tripura,Khowai,0,5
Tripura,North Tripura,2,4
Tripura,Sepahijala,2,5
Tripura,South Tripura,6,7
Tripura,Unakoti,0,6
Tripura,West Tripura,1,12
Uttar Pradesh,Agra,1224,76
Uttar Pradesh,Aligarh,1257,158
Uttar Pradesh,Allahabad,1588,256
Uttar Pradesh,Ambedkar Nagar,596,48
Uttar Pradesh,Amethi,1997,105
Uttar Pradesh,Amroha,513,43
Uttar Pradesh,Auraiya,323,29
Uttar Pradesh,Azamgarh,3710,134
Uttar Pradesh,Baghpat,259,12
Uttar Pradesh,Bahraich,1286,109
Uttar Pradesh,Ballia,889,51
Uttar Pradesh,Balrampur,2739,241
Uttar Pradesh,Banda,2837,103
Uttar Pradesh,Bara Banki,2328,75
Uttar Pradesh,Bareilly,1445,188
Uttar Pradesh,Basti,1045,59
Uttar Pradesh,Bijnor,745,106
Uttar Pradesh,Budaun,2123,127
Uttar Pradesh,Bulandshahr,2016,241
Uttar Pradesh,Chandauli,758,51
Uttar Pradesh,Chitrakoot,557,40
Uttar Pradesh,Deoria,700,62
Uttar Pradesh,Etah,309,23
Uttar Pradesh,Etawah,645,83
Uttar Pradesh,Faizabad,1472,80
Uttar Pradesh,Farrukhabad,784,56
Uttar Pradesh,Fatehpur,2686,204
Uttar Pradesh,Firozabad,494,72
Uttar Pradesh,Gautam Buddha Nagar,387,93
Uttar Pradesh,Ghaziabad,1011,87
Uttar Pradesh,Ghazipur,1067,53
Uttar Pradesh,Gonda,2290,88
Uttar Pradesh,Gorakhpur,1022,138
Uttar Pradesh,Hamirpur,2257,147
Uttar Pradesh,Hapur,551,23
Uttar Pradesh,Hardoi,3693,177
Uttar Pradesh,Hathras,281,24
Uttar Pradesh,Jalaun,1655,83
Uttar Pradesh,Jaunpur,2172,96
Uttar Pradesh,Jhansi,619,29
Uttar Pradesh,Kannauj,626,73
Uttar Pradesh,Kanpur Dehat,639,40
Uttar Pradesh,Kanpur Nagar,1369,108
Uttar Pradesh,Kasganj,591,22
Uttar Pradesh,Kaushambi,929,54
Uttar Pradesh,Kheri,2827,204
Uttar Pradesh,Kushinagar,1229,82
Uttar Pradesh,Lalitpur,765,42
Uttar Pradesh,Lucknow,850,152
Uttar Pradesh,Maharajganj,1219,104
Uttar Pradesh,Mahoba,381,52
Uttar Pradesh,Mainpuri,566,38
Uttar Pradesh,Mathura,1118,87
Uttar Pradesh,Mau,697,91
Uttar Pradesh,Meerut,1485,95
Uttar Pradesh,Mirzapur,1643,63
Uttar Pradesh,Moradabad,691,79
Uttar Pradesh,Muzaffarnagar,1310,104
Uttar Pradesh,Pilibhit,430,41
Uttar Pradesh,Pratapgarh,1333,65
Uttar Pradesh,Rae Bareli,851,102
Uttar Pradesh,Rampur,478,34
Uttar Pradesh,Saharanpur,1293,142
Uttar Pradesh,Sambhal,663,54
Uttar Pradesh,Sant Kabir Nagar,475,40
Uttar Pradesh,Sant Ravidas Nagar,730,39
Uttar Pradesh,Shahjahanpur,2178,173
Uttar Pradesh,Shamli,818,50
Uttar Pradesh,Shrawasti,1062,189
Uttar Pradesh,Siddharthnagar,1571,103
Uttar Pradesh,Sitapur,2904,179
Uttar Pradesh,Sonbhadra,1031,104
Uttar Pradesh,Sultanpur,2146,55
Uttar Pradesh,Unnao,1819,117
Uttar Pradesh,Varanasi,1137,120
Uttarakhand,Almora,409,19
Uttarakhand,Bageshwar,639,38
Uttarakhand,Chamoli,3878,77
Uttarakhand,Champawat,83,22
Uttarakhand,Dehradun,407,17
Uttarakhand,Haridwar,616,65
Uttarakhand,Nainital,306,29
Uttarakhand,Pauri Garhwal,569,27
Uttarakhand,Pithoragarh,840,30
Uttarakhand,Rudraprayag,1109,20
Uttarakhand,Tehri Garhwal,1337,53
Uttarakhand,Udham Singh Nagar,324,50
Uttarakhand,Uttarkashi,128,7
West Bengal,Bankura,58,9
West Bengal,Barddhaman,508,52
West Bengal,Birbhum,27,36
West Bengal,Cooch Behar,6059,53
West Bengal,Dakshin Dinajpur,117,5
West Bengal,Darjeeling,28,2
West Bengal,Hooghly,1429,72
West Bengal,Howrah,2137,98
West Bengal,Jalpaiguri,1404,52
West Bengal,Kolkata,2364,210
West Bengal,Malda,162,21
West Bengal,Murshidabad,6609,67
West Bengal,Nadia,720,16
West Bengal,North 24 Parganas,6976,370
West Bengal,Paschim Medinipur,537,53
West Bengal,Purba Medinipur,526,23
West Bengal,Puruliya,903,73
West Bengal,South 24 Parganas,1624,217
West Bengal,Uttar Dinajpur,172,5
