Registrar,Enrolment Agency,Aadhaar generated,Enrolment Rejected
Allahabad Bank,Vakrangee Softwares Limited,32,68
Bank Of India,A3 Logics  India  Ltd,1977,206
Bank Of India,Akanksha International,162,26
Bank Of India,Blue Circle Instrument,3106,276
Bank Of India,CHESSY CONSULTANTS PVT LTD,297,23
Bank Of India,DATASOFT COMPUTER SERVICES(P),910,43
Bank Of India,Emdee Digitronics Pvt.Ltd.,96,2
Bank Of India,Frontech Systems Pvt Ltd,84,9
Bank Of India,MANTRA SOFTTECH (INDIA) PVTLTD,13,11
Bank Of India,Matrix Processing House,17,329
Bank Of India,OSWAL COMPUTERS & CONSULTANTS,459,130
Bank Of India,PROTEX COMPUTER PVT LTD,135,34
Bank Of India,SARADA SYSTEMS,1629,131
Bank Of India,SHRIKRISHNA KHANDASARI SUGAR M,758,53
Bank Of India,SPANCO,116,21
Bank Of India,SREI INFRASTRUCTURE FINANCES L,2454,1137
Bank Of India,Silver Touch Technologies Ltd,6,30
Bank Of India,Systematic & Advance Const P L,36,64
Bank Of India,Tera Software Ltd,4,0
Bank Of India,VEETECHNOLOGIES PVT. LTD,3209,468
Bank Of India,VIRGO SOFTECH LIMITED,4,0
Bank Of India,Vakrangee Softwares Limited,3,5
Bank of Baroda,Global Finsol Private Limited,223,37
Bank of Maharashtra,Alankit Finsec Ltd,40,34
Bank of Maharashtra,FINANCIAL INFORMATION NETWORK,1503,341
Bank of Maharashtra,Micro Technologies India Ltd,200,5
Bank of Maharashtra,Tera Software Ltd,5186,296
CSC e-Governance Services India Limited,A I Soc for Electronics and Comp Tech,10105,707
CSC e-Governance Services India Limited,AKSH OPTIFIBRE LIMITED,2242,81
CSC e-Governance Services India Limited,BASIX,4613,311
CSC e-Governance Services India Limited,CALANCE SOFTWARE PRIVATE LTD,520,102
CSC e-Governance Services India Limited,CMS Computers Ltd,9043,1411
CSC e-Governance Services India Limited,CSC e-Governance Services India Limited,10568,557
CSC e-Governance Services India Limited,Intelligent Communication Sys India Ltd,381,43
CSC e-Governance Services India Limited,MANTRA SOFTTECH (INDIA) PVTLTD,4349,84
CSC e-Governance Services India Limited,Network for Information & Computer,1168,128
CSC e-Governance Services India Limited,Reliance Communication Limited,142,24
CSC e-Governance Services India Limited,SPANCO,934,111
CSC e-Governance Services India Limited,Tera Software Ltd,193,25
CSC e-Governance Services India Limited,United Telecoms e-Services Pvt Ltd,1642,171
CSC e-Governance Services India Limited,VIKALP MULTIMEDIA,414,30
CSC e-Governance Services India Limited,Vakrangee Softwares Limited,625,116
CSC e-Governance Services India Limited,Zephyr System Pvt.Ltd.,11905,407
Canara Bank,Ojus Healthcare Private Limited,23,3
Canara Bank,Osiris Infotech Pvt. Ltd.,238,52
Central Bank of India,CALANCE SOFTWARE PRIVATE LTD,16,43
Central Bank of India,IAP COMPANY Pvt. Ltd,873,66
Central Bank of India,MANTRA SOFTTECH (INDIA) PVTLTD,1,0
Central Bank of India,The Peerless General Finance,801,144
DENA BANK,ATISHAY INFOTECH PVT. LTD.,3570,206
DENA BANK,AVVAS INFOTECH PVT  LTD,11610,376
DENA BANK,BNR UDYOG LIMITED,1682,34
DENA BANK,Bloom Solutions Pvt Ltd,3080,480
DENA BANK,Business Information Processing Services,25,15
DENA BANK,CALANCE SOFTWARE PRIVATE LTD,281,172
DENA BANK,DATASOFT COMPUTER SERVICES(P),274,8
DENA BANK,DEVASHISH SECURITIES PVT. LTD.,1168,50
DENA BANK,Gujarat Infotech Ltd.,1668,56
DENA BANK,IAP COMPANY Pvt. Ltd,3730,48
DENA BANK,JNET Technologies Pvt.Ltd,2275,135
DENA BANK,K W Consulting P Ltd,1447,83
DENA BANK,MARS Telecom Systems Pvt Ltd,693,7
DENA BANK,MEGHA VINCOM PVT LTD,12,1
DENA BANK,Multiwave Innovation,515,193
DENA BANK,Narayana Electricals Solution Pvt Ltd,248,338
DENA BANK,Netlink software Pvt Ltd,7407,247
DENA BANK,Offshoot Agency Pvt. Ltd.,926,66
DENA BANK,Prodigy Systems and Services Private Limited,37,21
DENA BANK,Radiant Haroti Industries India Ltd,2,0
DENA BANK,Soc for Advancement of Environ Science,303,26
DENA BANK,Super Printers,6535,162
DENA BANK,Systematic & Advance Const P L,7338,330
DENA BANK,TechSmart India Pvt Ltd,644,596
DENA BANK,Tera Software Ltd,7,68
DENA BANK,WEBEL,1621,292
DENA BANK,Zephyr System Pvt.Ltd.,2650,165
Delhi - Central DC,Smart Chip Limited,2,1
Delhi - East DC,DATASOFT COMPUTER SERVICES(P),248,37
Delhi - ND DC,Smart Chip Limited,0,2
Delhi - NE DC,Smart Chip Limited,1,14
Delhi - North DC,CALANCE SOFTWARE PRIVATE LTD,2052,111
Delhi - North DC,NVR & ASSOCIATES LIMITED,306,36
Delhi - North DC,Smart Chip Limited,0,1
Delhi SW DC,VIRGO SOFTECH LIMITED,11,3
Delhi- South DC,Karvy Computershare Private Li,23,9
Delhi- West DC,VIRGO SOFTECH LIMITED,21,15
Delhi-NW DC,Karvy Computershare Private Li,84,10
Department of Information Technology Govt of Jharkhand,Blue Circle Instrument,22,19
Department of Information Technology Govt of Jharkhand,MKS Enterprises,48,13
Department of Information Technology Govt of Jharkhand,Systematic & Advance Const P L,1,0
Department of Information Technology Govt of Jharkhand,Vayam technologies Ltd,0,1
Department of Information Technology Govt of Jharkhand,Wipro Ltd,2439,119
Dept of ITC Govt of Rajasthan,ATISHAY INFOTECH PVT. LTD.,528,86
Dept of ITC Govt of Rajasthan,AVVAS INFOTECH PVT  LTD,707,162
Dept of ITC Govt of Rajasthan,Alankit Finsec Ltd,177,45
Dept of ITC Govt of Rajasthan,DATASOFT COMPUTER SERVICES(P),1009,181
Dept of ITC Govt of Rajasthan,Gem Computers,88,26
Dept of ITC Govt of Rajasthan,MANTRA SOFTTECH (INDIA) PVTLTD,320,19
Dept of ITC Govt of Rajasthan,Multiwave Innovation,7,14
Dept of ITC Govt of Rajasthan,Netlink software Pvt Ltd,1,1
Dept of ITC Govt of Rajasthan,TechSmart India Pvt Ltd,708,87
Dept of ITC Govt of Rajasthan,Transline Technologies P Ltd,709,123
Dept of ITC Govt of Rajasthan,VIRGO SOFTECH LIMITED,553,34
Dept of ITC Govt of Rajasthan,Vakrangee Softwares Limited,1010,149
Dept of ITC Govt of Rajasthan,Vayam technologies Ltd,1159,390
FCR Govt of Haryana,4G INFORMATICS,107,5
FCR Govt of Haryana,Academy of Management Studies,187,5
FCR Govt of Haryana,Radiant Info Systems Ltd,1692,85
FCR Govt of Haryana,SoftAge Information Technology Limited,1008,60
FCR Govt of Haryana,Vakrangee Softwares Limited,55,2
FCR Govt of Haryana,Vayam technologies Ltd,264,1061
FCS Govt of Punjab,CSS TECHNERGY LIMITED,0,4
FCS Govt of Punjab,District Sukhmani Society  Jalandhar  Punjab,22,2
FCS Govt of Punjab,District Sukhmani Society  Ludhiana  Punjab,172,10
FCS Govt of Punjab,District Sukhmani Society Amritsar Punjab,106,8
FCS Govt of Punjab,District Sukhmani Society Barnala Punjab,92,13
FCS Govt of Punjab,District Sukhmani Society Bathinda Punjab,42,3
FCS Govt of Punjab,District Sukhmani Society Fatehgarh Sahib Punjab,56,4
FCS Govt of Punjab,District Sukhmani Society Fazilka Punjab,20,1
FCS Govt of Punjab,District Sukhmani Society Ferozepur Punjab,61,12
FCS Govt of Punjab,District Sukhmani Society For Citizen Services Mansa Punjab,89,3
FCS Govt of Punjab,District Sukhmani Society For Citizen Services Nawanshahr Punjab,85,1
FCS Govt of Punjab,District Sukhmani Society For Citizen Services SAS Nagar District e-Governance Society Punjab,69,4
FCS Govt of Punjab,District Sukhmani Society Pathankot Punjab,7,0
FCS Govt of Punjab,District Sukhmani Society Patiala Punjab,73,2
FCS Govt of Punjab,District Sukhmani Society Rupnagar Punjab,229,4
FCS Govt of Punjab,District Sukhmani Society Sangrur Punjab,65,1
FCS Govt of Punjab,District Sukhmani Society Sri Muktsar Sahib Punjab,39,0
FCS Govt of Punjab,District Sukhmani Society Tarn Taran Punjab,24,1
FCS Govt of Punjab,Karvy Computershare Private Li,814,598
FCS Govt of Punjab,Sukhmani Society For Citizen Services  Kapurthala  Punjab,2,0
FCS Govt of Punjab,Sukhmani Society For Citizens Services Faridkot Punjab,34,4
FCS Govt of Punjab,Suwidha Society Hoshiarpur Punjab,105,2
FCS Govt of Punjab,Vayam technologies Ltd,2592,431
FCS Govt of Punjab,eCentric solutions pvt ltd,1583,127
Govt of Andhra Pradesh,Gouthami Educational Society,42,5
Govt of Andhra Pradesh,GrapeSoft,37,32
Govt of Andhra Pradesh,INFRONICS SYSTEMS LTD,29,56
Govt of Andhra Pradesh,SREEVEN INFOCOM LIMITED,41,72
Govt of Andhra Pradesh,TechSmart India Pvt Ltd,97,26
Govt of Andhra Pradesh,Tera Software Ltd,26,50
Govt of Andhra Pradesh,eCentric solutions pvt ltd,0,1
Govt of Goa,MARS Telecom Systems Pvt Ltd,82,2
Govt of Gujarat,GSS Infotech Ltd,2012,323
Govt of Gujarat,Karvy Computershare Private Li,10270,1399
Govt of Gujarat,Silver Touch Technologies Ltd,14124,1022
Govt of Gujarat,Tera Software Ltd,5996,621
Govt of Gujarat,Transline Technologies P Ltd,625,175
Govt of Gujarat,Vayam technologies Ltd,8044,2917
Govt of Gujarat,eCentric solutions pvt ltd,7036,942
Govt of Himachal Pradesh,Wipro Ltd,5,1
Govt of Himachal Pradesh,i-Grandee SoftwareTechnologies,6,4
Govt of Karnataka ,BNR UDYOG LIMITED,61,17
Govt of Karnataka ,Bloom Solutions Pvt Ltd,555,23
Govt of Karnataka ,MARS Telecom Systems Pvt Ltd,2414,104
Govt of Karnataka ,Ninestars Information Technologies Ltd,0,302
Govt of Karnataka ,Om Softwares,26,12
Govt of Karnataka ,Origin ITFS Pvt Ltd,1557,786
Govt of Karnataka ,Radiant Info Systems Ltd,349,5
Govt of Karnataka ,SREEVEN INFOCOM LIMITED,2003,182
Govt of Kerala,Akshaya,2739,110
Govt of Kerala,Keltron,114,6
Govt of Maharashtra,Adcc Infocad Pvt.Ltd Nagpur,10,5
Govt of Maharashtra,Alankit Finsec Ltd,4,32
Govt of Maharashtra,Bharat Technical Solutions Private Limited,434,21
Govt of Maharashtra,Eagle press pvt ltd,16,11
Govt of Maharashtra,GLODYNE TECHNOSERVE,1,0
Govt of Maharashtra,Global Finsol Private Limited,15,9
Govt of Maharashtra,Karvy Computershare Private Li,3250,271
Govt of Maharashtra,M/S King Computer System pvt Ltd,66,1
Govt of Maharashtra,M/s. Vidya Online  Pune,55,12
Govt of Maharashtra,Narayana Electricals Solution Pvt Ltd,25,34
Govt of Maharashtra,Netlink software Pvt Ltd,420,53
Govt of Maharashtra,Network for Information & Computer,38,1
Govt of Maharashtra,Obel projects Pvt Ltd,2,9
Govt of Maharashtra,Rudranee Infotech Ltd,12,1
Govt of Maharashtra,SETU MAHARASHTRA,211,36
Govt of Maharashtra,SHREERAM PRINTING PRESS,778,15
Govt of Maharashtra,SILVER JUBILEE MOTORS LTD.,44,3
Govt of Maharashtra,SPANCO,1175,27
Govt of Maharashtra,STRATEGIC OUTSOURCING SERVICE,110,74
Govt of Maharashtra,Silver Touch Technologies Ltd,1178,50
Govt of Maharashtra,Systematic & Advance Const P L,7,1
Govt of Maharashtra,TechSmart India Pvt Ltd,22,15
Govt of Maharashtra,Tera Software Ltd,0,1
Govt of Maharashtra,Transline Technologies P Ltd,112,198
Govt of Maharashtra,Vidarbha Infotech Pvt Ltd,154,2
Govt of Maharashtra,Wipro Ltd,1427,32
Govt of Sikkim - Dept of Econo,Department of Economics Statistics  Monitoring and Evaluation DESME,529,4
IDBI Bank ltd,ATISHAY INFOTECH PVT. LTD.,453,103
IDBI Bank ltd,Matrix Processing House,0,29
IDBI Bank ltd,SREEVEN INFOCOM LIMITED,3883,150
IDBI Bank ltd,UTI TECHNOLOGY SERVICES LIMITE,1023,33
Indiapost,Delhi Integrated MMTS Ltd,35,16
Indiapost,Global Finsol Private Limited,51,30
Indiapost,M/S STAR DATA CENTRE,234,14
Indiapost,MARS Telecom Systems Pvt Ltd,238,38
Indiapost,Madras Security Printers Ltd,0,1
Indiapost,Smart Chip Limited,2,1
Indiapost,Vayam technologies Ltd,263,41
Indiapost,WEBEL,7,2
Information Technology & Communication Department,4G INFORMATICS,8,3
Information Technology & Communication Department,BNR UDYOG LIMITED,24,6
Information Technology & Communication Department,Bloom Solutions Pvt Ltd,1,10
Information Technology & Communication Department,CSS TECHNERGY LIMITED,0,7
Information Technology & Communication Department,Directorate of ESD,2216,299
Information Technology & Communication Department,GDC Advertising Pvt. Limited,0,9
Information Technology & Communication Department,JYOTHI COMPUTER SERVICES,11,12
Information Technology & Communication Department,Karvy Data Management Services,0,5
Information Technology & Communication Department,MARS Telecom Systems Pvt Ltd,160,35
Information Technology & Communication Department,SREEVEN INFOCOM LIMITED,121,37
Information Technology & Communication Department,Tera Software Ltd,103,71
Jharkhand,Blue Circle Instrument,4,1
Jharkhand,Emdee Digitronics Pvt.Ltd.,11,35
Jharkhand,MKS Enterprises,45,14
Jharkhand,Nevaeh Technology Pvt. Ltd.,26,30
Jharkhand,Smart Chip Limited,5,25
Jharkhand,Systematic & Advance Const P L,3,28
Jharkhand,VISION COMPTECH INTEGRATOR LTD,54,65
Jharkhand,Wipro Ltd,2933,587
Mission Convergence - GNCT Del,Karvy Computershare Private Li,6,4
Mission Convergence - GNCT Del,NVR & ASSOCIATES LIMITED,44,17
NSDL e-Governance Infrastructure Limited,Abhipra Capital Ltd,669,136
NSDL e-Governance Infrastructure Limited,Alankit Assignments Limited,2529,368
NSDL e-Governance Infrastructure Limited,Alankit Finsec Ltd,491,44
NSDL e-Governance Infrastructure Limited,Delhi Integrated MMTS Ltd,5,0
NSDL e-Governance Infrastructure Limited,Global Finsol Private Limited,2,1
NSDL e-Governance Infrastructure Limited,Gujarat Infotech Ltd.,728,4
NSDL e-Governance Infrastructure Limited,INTEGRATED REGISTRY SERVICES LTD,89,4
NSDL e-Governance Infrastructure Limited,Karvy Consultants Limited,14,3
NSDL e-Governance Infrastructure Limited,Karvy Data Management Services,12878,1986
NSDL e-Governance Infrastructure Limited,N.K. Sharma Enterprises Ltd.,144,101
NSDL e-Governance Infrastructure Limited,Netlink software Pvt Ltd,5529,437
NSDL e-Governance Infrastructure Limited,PROWIZ MANSYTEMS PVT LTD,60,123
NSDL e-Governance Infrastructure Limited,Promind Solutions P Limited,5657,556
NSDL e-Governance Infrastructure Limited,RELIGARE SECURITIES LTD,5,0
NSDL e-Governance Infrastructure Limited,Radiant Haroti Industries India Ltd,376,3
NSDL e-Governance Infrastructure Limited,Utility Forms Pvt Ltd,485,2
NSDL e-Governance Infrastructure Limited,VIRGO SOFTECH LIMITED,2,241
Oriental Bank of Commerce,DATASOFT COMPUTER SERVICES(P),1322,334
Oriental Bank of Commerce,Euro Finmart Ltd,217,6
Oriental Bank of Commerce,JNET Technologies Pvt.Ltd,812,83
Oriental Bank of Commerce,Redim Software Technologies Pvt Ltd,4,1
Oriental Bank of Commerce,Sri Ramraja Sarkar Lok Kalyan Trust,2010,1103
Oriental Bank of Commerce,Wipro Ltd,2982,358
Principal Revenue Commissioner  Dept of Revenue  Govt of MP,Frontech Systems Pvt Ltd,596,126
Principal Revenue Commissioner  Dept of Revenue  Govt of MP,GDC Advertising Pvt. Limited,1247,186
Principal Revenue Commissioner  Dept of Revenue  Govt of MP,K W Consulting P Ltd,8126,781
Principal Revenue Commissioner  Dept of Revenue  Govt of MP,LYRA  CONSULTANCY SERVICE,2117,189
Principal Revenue Commissioner  Dept of Revenue  Govt of MP,Netlink software Pvt Ltd,1011,72
Principal Revenue Commissioner  Dept of Revenue  Govt of MP,OSWAL COMPUTERS & CONSULTANTS,1666,410
Principal Revenue Commissioner  Dept of Revenue  Govt of MP,Tera Software Ltd,1411,478
Principal Revenue Commissioner  Dept of Revenue  Govt of MP,The NSIC ltd,100,6
Principal Revenue Commissioner  Dept of Revenue  Govt of MP,Vedavaag Systems Limited,5088,2179
RDD Govt of Tripura,Alankit Assignments Limited,0,50
Registrar General India - BEL,Swathy Smartcards Hi-Tech Pvt,0,80
Registrar General India BEL2,4G INFORMATICS,192,1
Registrar General India BEL2,Alankit Assignments Limited,2,2
Registrar General India BEL2,Bharat Electronics Limited,2,0
Registrar General India BEL2,Computer LAB,9298,645
Registrar General India BEL2,Eagle Software India Pvt. Ltd,720,87
Registrar General India BEL2,Emdee Digitronics Pvt.Ltd.,8229,472
Registrar General India BEL2,In Media Computer Services LLP,44,0
Registrar General India BEL2,India Computer Technology,3732,853
Registrar General India BEL2,Karvy Data Management Services,11900,3198
Registrar General India BEL2,MACRO INFOTECH PVT LTD,1000,568
Registrar General India BEL2,MKS Enterprises,291,73
Registrar General India BEL2,Madras Security Printers Ltd,1549,1409
Registrar General India BEL2,Manipur Electronics Dev Corp,624,1
Registrar General India BEL2,Multiwave Innovation,3763,299
Registrar General India BEL2,NVR & ASSOCIATES LIMITED,3054,297
Registrar General India BEL2,Netlink software Pvt Ltd,797,43
Registrar General India BEL2,Nevaeh Technology Pvt. Ltd.,5663,1045
Registrar General India BEL2,Nielsen  India  Private Limited,10417,5455
Registrar General India BEL2,Om Softwares,4390,3055
Registrar General India BEL2,SREEVEN INFOCOM LIMITED,1,3
Registrar General India BEL2,SREI INFRASTRUCTURE FINANCES L,946,163
Registrar General India BEL2,STRATEGIC OUTSOURCING SERVICE,565,1129
Registrar General India BEL2,Satyanarayana Raju Company Pvt ltd,5730,317
Registrar General India BEL2,Swathy Smartcards Hi-Tech Pvt,33627,11663
Registrar General India BEL2,Swiss Tech India Pvt Ltd,22,40
Registrar General India BEL2,Tera Software Ltd,2947,310
Registrar General India BEL2,UNITED DATA SERVICES PRIVATE LIMITED,3026,357
Registrar General India BEL2,Urmila Info solution,2647,90
Registrar General India BEL2,VIRGO SOFTECH LIMITED,107,19
Registrar General India BEL2,Vansh Infotech Pvt Ltd,1613,845
Registrar General India BEL2,Vayam technologies Ltd,6,0
Registrar General India BEL2,Vedavaag Systems Limited,6581,997
Registrar General India BEL2,Viesa Technologies,3938,561
Registrar General India BEL2,WEBEL,1426,339
Registrar General India ECIL,AVVAS INFOTECH PVT  LTD,7141,3818
Registrar General India ECIL,BUSINESS INFORMATION PROCESSING SERVICES,0,2
Registrar General India ECIL,COMTECH INSTITUTE OFTECHNOLOGY,501,336
Registrar General India ECIL,COMTECHINFO SOLUTIONS PVT.LTD,6856,701
Registrar General India ECIL,Chinar Construction Company Prime agency,3048,411
Registrar General India ECIL,Clairvoyance Technologies Pvt.,0,11
Registrar General India ECIL,Computer LAB,7122,754
Registrar General India ECIL,Eagle Software India Pvt. Ltd,17512,3241
Registrar General India ECIL,Esoft Consulting Limited,197,3
Registrar General India ECIL,Gundal Infotech Private Limited,1798,66
Registrar General India ECIL,In Media Computer Services LLP,20243,2497
Registrar General India ECIL,India Computer Technology,149,309
Registrar General India ECIL,Integrated Systems & Services,27,0
Registrar General India ECIL,Karvy Data Management Services,43291,5133
Registrar General India ECIL,Krishna Infotech,0,12
Registrar General India ECIL,LYRA  CONSULTANCY SERVICE,169,1
Registrar General India ECIL,Madras Security Printers Ltd,5483,506
Registrar General India ECIL,Mphasis Ltd,3220,936
Registrar General India ECIL,Nielsen  India  Private Limited,4841,523
Registrar General India ECIL,Pioneer E Labs limited,6,518
Registrar General India ECIL,Quick Data IT Services Pvt Ltd,4,0
Registrar General India ECIL,SARADA SYSTEMS,2719,5
Registrar General India ECIL,SWISSTECH NPR 57CR PROJECT PVT,151,56
Registrar General India ECIL,Tera Software Ltd,2212,75
Registrar General India ECIL,VEETECHNOLOGIES PVT. LTD,122,16
Registrar General India ECIL,Vedavaag Systems Limited,3979,1264
Registrar General India Others,Computer LAB,1,0
Registrar General India Others,Esoft Consulting Limited,1,0
Registrar General India Others,In Media Computer Services LLP,1,0
Registrar General India Others,Madras Security Printers Ltd,1,6
Registrar General India Others,Mphasis Ltd,1,0
Registrar General India Others,Nielsen  India  Private Limited,1,2
Registrar General India Others,Om Softwares,1,0
Registrar General India Others,Swathy Smartcards Hi-Tech Pvt,1,25
Registrar General India Others,Tera Software Ltd,14,0
Registrar General India Others,Vedavaag Systems Limited,16,0
Registrar General of India ITI,COMTECH INSTITUTE OFTECHNOLOGY,3,0
Registrar General of India ITI,CSS TECHNERGY LIMITED,0,4
Registrar General of India ITI,CommunitiWorks Welfare Society,0,2
Registrar General of India ITI,Eagle Software India Pvt. Ltd,2848,179
Registrar General of India ITI,Emdee Digitronics Pvt.Ltd.,14037,5818
Registrar General of India ITI,FINANCIAL INFORMATION NETWORK,960,1017
Registrar General of India ITI,In Media Computer Services LLP,785,18
Registrar General of India ITI,Karvy Data Management Services,8528,1634
Registrar General of India ITI,MACRO INFOTECH PVT LTD,88,0
Registrar General of India ITI,MKS Enterprises,1079,539
Registrar General of India ITI,Madras Security Printers Ltd,819,347
Registrar General of India ITI,Mphasis Ltd,1091,672
Registrar General of India ITI,Multiwave Innovation,20,0
Registrar General of India ITI,Netlink software Pvt Ltd,2,1
Registrar General of India ITI,Nielsen  India  Private Limited,5582,192
Registrar General of India ITI,PROTEX COMPUTER PVT LTD,3528,526
Registrar General of India ITI,Quick Data IT Services Pvt Ltd,7,0
Registrar General of India ITI,SREI INFRASTRUCTURE FINANCES L,736,54
Registrar General of India ITI,STRATEGIC OUTSOURCING SERVICE,557,9
Registrar General of India ITI,Satyanarayana Raju Company Pvt ltd,2686,121
Registrar General of India ITI,Swathy Smartcards Hi-Tech Pvt,16,195
Registrar General of India ITI,Swiss Tech India Pvt Ltd,617,20
Registrar General of India ITI,TechSmart India Pvt Ltd,0,1
Registrar General of India ITI,VEETECHNOLOGIES PVT. LTD,2733,259
Registrar General of India ITI,VIRGO SOFTECH LIMITED,4273,468
Registrar General of India ITI,Vedavaag Systems Limited,15223,2750
Registrar General of India ITI,WEBEL TECHNOLOGY LIMITED,7392,374
Registrar General of India ITI,Webx Technologies Private Limited,25,0
State Bank of Bikaner & Jaipur,Multiwave Innovation,1,29
UIDAI-Registrar,UIDAI-EA,7,0
UT of Puducherry,Madras Security Printers Ltd,8,1
Union Bank,FINANCIAL INFORMATION NETWORK,12774,12249
Union Bank,Smart Chip Limited,18894,1805
Union Bank,Vakrangee Softwares Limited,5212,3213
