Registrar,Enrolment Agency,Aadhaar generated,Enrolment Rejected
Allahabad Bank,IL&FS LTD,2,1
Allahabad Bank,Tera Software Ltd,0,3
Allahabad Bank,Vakrangee Softwares Limited,1,30
Bank Of India,A3 Logics  India  Ltd,382,214
Bank Of India,Akanksha International,18,21
Bank Of India,Blue Circle Instrument,480,206
Bank Of India,CHESSY CONSULTANTS PVT LTD,15,71
Bank Of India,DATASOFT COMPUTER SERVICES(P),882,116
Bank Of India,Emdee Digitronics Pvt.Ltd.,0,6
Bank Of India,Frontech Systems Pvt Ltd,53,26
Bank Of India,ITI LIMITED,0,4
Bank Of India,MANTRA SOFTTECH (INDIA) PVTLTD,8,23
Bank Of India,Matrix Processing House,31,25
Bank Of India,OSWAL COMPUTERS & CONSULTANTS,639,228
Bank Of India,PROTEX COMPUTER PVT LTD,0,23
Bank Of India,SARADA SYSTEMS,363,96
Bank Of India,SHRIKRISHNA KHANDASARI SUGAR M,89,220
Bank Of India,SPANCO,0,41
Bank Of India,SREI INFRASTRUCTURE FINANCES L,3096,591
Bank Of India,Silver Touch Technologies Ltd,10,8
Bank Of India,Systematic & Advance Const P L,3,24
Bank Of India,VEETECHNOLOGIES PVT. LTD,1260,702
Bank Of India,Vakrangee Softwares Limited,2,40
Bank of Baroda,Global Finsol Private Limited,447,119
Bank of Maharashtra,Alankit Finsec Ltd,32,10
Bank of Maharashtra,FINANCIAL INFORMATION NETWORK,65,69
Bank of Maharashtra,Micro Technologies India Ltd,15,104
Bank of Maharashtra,Tera Software Ltd,465,1127
CSC e-Governance Services India Limited,A I Soc for Electronics and Comp Tech,2965,701
CSC e-Governance Services India Limited,AKSH OPTIFIBRE LIMITED,548,158
CSC e-Governance Services India Limited,BASIX,730,668
CSC e-Governance Services India Limited,CALANCE SOFTWARE PRIVATE LTD,56,49
CSC e-Governance Services India Limited,CMS Computers Ltd,1708,923
CSC e-Governance Services India Limited,CSC e-Governance Services India Limited,1561,1321
CSC e-Governance Services India Limited,Intelligent Communication Sys India Ltd,82,87
CSC e-Governance Services India Limited,MANTRA SOFTTECH (INDIA) PVTLTD,2720,531
CSC e-Governance Services India Limited,Network for Information & Computer,548,312
CSC e-Governance Services India Limited,Reliance Communication Limited,2,17
CSC e-Governance Services India Limited,SPANCO,664,252
CSC e-Governance Services India Limited,Tera Software Ltd,122,85
CSC e-Governance Services India Limited,United Telecoms e-Services Pvt Ltd,361,493
CSC e-Governance Services India Limited,VIKALP MULTIMEDIA,5,57
CSC e-Governance Services India Limited,Vakrangee Softwares Limited,106,175
CSC e-Governance Services India Limited,Vedavaag Systems Limited,117,23
CSC e-Governance Services India Limited,Zephyr System Pvt.Ltd.,5496,1053
Canara Bank,Ojus Healthcare Private Limited,17,12
Canara Bank,Osiris Infotech Pvt. Ltd.,93,60
Central Bank of India,CALANCE SOFTWARE PRIVATE LTD,1,13
Central Bank of India,IAP COMPANY Pvt. Ltd,90,154
Central Bank of India,MANTRA SOFTTECH (INDIA) PVTLTD,2,0
Central Bank of India,The Peerless General Finance,110,58
DENA BANK,ATISHAY INFOTECH PVT. LTD.,1313,137
DENA BANK,AVVAS INFOTECH PVT  LTD,135,1293
DENA BANK,BNR UDYOG LIMITED,70,126
DENA BANK,Binary Systems,1018,19
DENA BANK,Bloom Solutions Pvt Ltd,1334,689
DENA BANK,Business Information Processing Services,234,35
DENA BANK,CALANCE SOFTWARE PRIVATE LTD,795,73
DENA BANK,DATASOFT COMPUTER SERVICES(P),243,68
DENA BANK,DEVASHISH SECURITIES PVT. LTD.,4,14
DENA BANK,Eagle Software India Pvt. Ltd,1,0
DENA BANK,Gujarat Infotech Ltd.,1071,111
DENA BANK,IAP COMPANY Pvt. Ltd,1144,154
DENA BANK,JNET Technologies Pvt.Ltd,1250,153
DENA BANK,K W Consulting P Ltd,280,219
DENA BANK,M/S STAR DATA CENTRE,291,0
DENA BANK,M/s Gold Square Builders & Promoters Pvt. Ltd.,11,15
DENA BANK,MARS Telecom Systems Pvt Ltd,0,9
DENA BANK,MEGHA VINCOM PVT LTD,13,1
DENA BANK,Multiwave Innovation,1314,58
DENA BANK,Narayana Electricals Solution Pvt Ltd,47,88
DENA BANK,Netlink software Pvt Ltd,2347,235
DENA BANK,Offshoot Agency Pvt. Ltd.,51,23
DENA BANK,Prodigy Systems and Services Private Limited,7,20
DENA BANK,Radiant Haroti Industries India Ltd,101,4
DENA BANK,Soc for Advancement of Environ Science,119,52
DENA BANK,Super Printers,1683,384
DENA BANK,Systematic & Advance Const P L,891,441
DENA BANK,TechSmart India Pvt Ltd,106,547
DENA BANK,Tera Software Ltd,30,8
DENA BANK,Transline Technologies P Ltd,414,10
DENA BANK,VAP INFOSOLUTIONS,724,27
DENA BANK,WEBEL,840,219
DENA BANK,Zephyr System Pvt.Ltd.,779,178
Delhi - Central DC,Smart Chip Limited,0,4
Delhi - East DC,DATASOFT COMPUTER SERVICES(P),69,70
Delhi - ND DC,Smart Chip Limited,0,1
Delhi - NE DC,Smart Chip Limited,0,1
Delhi - North DC,CALANCE SOFTWARE PRIVATE LTD,88,159
Delhi - North DC,NVR & ASSOCIATES LIMITED,14,34
Delhi - North DC,Smart Chip Limited,0,3
Delhi SW DC,VIRGO SOFTECH LIMITED,0,17
Delhi Urban Shelter Improvemen,Matrix Processing House,5,0
Delhi- South DC,Karvy Computershare Private Li,22,33
Delhi- West DC,VIRGO SOFTECH LIMITED,72,40
Delhi-NW DC,Karvy Computershare Private Li,64,106
Department of Information Technology Govt of Jharkhand,Blue Circle Instrument,95,15
Department of Information Technology Govt of Jharkhand,MKS Enterprises,17,70
Department of Information Technology Govt of Jharkhand,Systematic & Advance Const P L,5,0
Department of Information Technology Govt of Jharkhand,Wipro Ltd,1846,225
Dept of ITC Govt of Rajasthan,ATISHAY INFOTECH PVT. LTD.,48,77
Dept of ITC Govt of Rajasthan,AVVAS INFOTECH PVT  LTD,115,121
Dept of ITC Govt of Rajasthan,Alankit Finsec Ltd,1,13
Dept of ITC Govt of Rajasthan,DATASOFT COMPUTER SERVICES(P),301,233
Dept of ITC Govt of Rajasthan,Gem Computers,7,21
Dept of ITC Govt of Rajasthan,MANTRA SOFTTECH (INDIA) PVTLTD,7,66
Dept of ITC Govt of Rajasthan,Multiwave Innovation,0,2
Dept of ITC Govt of Rajasthan,Netlink software Pvt Ltd,0,1
Dept of ITC Govt of Rajasthan,TechSmart India Pvt Ltd,74,126
Dept of ITC Govt of Rajasthan,Transline Technologies P Ltd,162,99
Dept of ITC Govt of Rajasthan,VIRGO SOFTECH LIMITED,63,143
Dept of ITC Govt of Rajasthan,Vakrangee Softwares Limited,60,336
Dept of ITC Govt of Rajasthan,Vayam technologies Ltd,110,59
FCR Govt of Haryana,4G INFORMATICS,118,16
FCR Govt of Haryana,Academy of Management Studies,23,22
FCR Govt of Haryana,Radiant Info Systems Ltd,491,415
FCR Govt of Haryana,SoftAge Information Technology Limited,256,58
FCR Govt of Haryana,Vakrangee Softwares Limited,5,10
FCR Govt of Haryana,Vayam technologies Ltd,144,95
FCS Govt of Punjab,CSS TECHNERGY LIMITED,0,1
FCS Govt of Punjab,District Sukhmani Society  Jalandhar  Punjab,53,3
FCS Govt of Punjab,District Sukhmani Society  Ludhiana  Punjab,195,27
FCS Govt of Punjab,District Sukhmani Society  Moga  Punjab,60,1
FCS Govt of Punjab,District Sukhmani Society Amritsar Punjab,58,25
FCS Govt of Punjab,District Sukhmani Society Barnala Punjab,26,21
FCS Govt of Punjab,District Sukhmani Society Bathinda Punjab,33,20
FCS Govt of Punjab,District Sukhmani Society Fatehgarh Sahib Punjab,132,18
FCS Govt of Punjab,District Sukhmani Society Fazilka Punjab,6,6
FCS Govt of Punjab,District Sukhmani Society Ferozepur Punjab,21,14
FCS Govt of Punjab,District Sukhmani Society For Citizen Services Mansa Punjab,157,25
FCS Govt of Punjab,District Sukhmani Society For Citizen Services Nawanshahr Punjab,50,15
FCS Govt of Punjab,District Sukhmani Society For Citizen Services SAS Nagar District e-Governance Society Punjab,37,7
FCS Govt of Punjab,District Sukhmani Society Pathankot Punjab,4,1
FCS Govt of Punjab,District Sukhmani Society Patiala Punjab,17,12
FCS Govt of Punjab,District Sukhmani Society Rupnagar Punjab,6,0
FCS Govt of Punjab,District Sukhmani Society Sangrur Punjab,47,7
FCS Govt of Punjab,District Sukhmani Society Sri Muktsar Sahib Punjab,594,35
FCS Govt of Punjab,District Sukhmani Society Tarn Taran Punjab,52,18
FCS Govt of Punjab,Karvy Computershare Private Li,212,353
FCS Govt of Punjab,Sukhmani Society For Citizen Services Gurdaspur Punjab,43,1
FCS Govt of Punjab,Sukhmani Society For Citizens Services Faridkot Punjab,24,12
FCS Govt of Punjab,Suwidha Society Hoshiarpur Punjab,36,5
FCS Govt of Punjab,Vayam technologies Ltd,26,367
FCS Govt of Punjab,eCentric solutions pvt ltd,605,317
Govt of Andhra Pradesh,Gouthami Educational Society,7,31
Govt of Andhra Pradesh,GrapeSoft,46,127
Govt of Andhra Pradesh,IL&FS LTD,2,2
Govt of Andhra Pradesh,INFRONICS SYSTEMS LTD,8,27
Govt of Andhra Pradesh,SREEVEN INFOCOM LIMITED,6,144
Govt of Andhra Pradesh,TechSmart India Pvt Ltd,2,71
Govt of Andhra Pradesh,Tera Software Ltd,27,77
Govt of Andhra Pradesh,eCentric solutions pvt ltd,2,0
Govt of Goa,MARS Telecom Systems Pvt Ltd,59,22
Govt of Gujarat,GSS Infotech Ltd,196,74
Govt of Gujarat,Karvy Computershare Private Li,3373,739
Govt of Gujarat,Silver Touch Technologies Ltd,1664,747
Govt of Gujarat,Tera Software Ltd,1156,245
Govt of Gujarat,Transline Technologies P Ltd,5,9
Govt of Gujarat,Vayam technologies Ltd,175,588
Govt of Gujarat,eCentric solutions pvt ltd,6783,115
Govt of Himachal Pradesh,Wipro Ltd,0,6
Govt of Himachal Pradesh,i-Grandee SoftwareTechnologies,0,14
Govt of Karnataka ,BNR UDYOG LIMITED,1,28
Govt of Karnataka ,Bloom Solutions Pvt Ltd,226,38
Govt of Karnataka ,MARS Telecom Systems Pvt Ltd,43,257
Govt of Karnataka ,Ninestars Information Technologies Ltd,0,60
Govt of Karnataka ,Om Softwares,0,9
Govt of Karnataka ,Origin ITFS Pvt Ltd,56,520
Govt of Karnataka ,Radiant Info Systems Ltd,3,14
Govt of Karnataka ,SREEVEN INFOCOM LIMITED,24,576
Govt of Kerala,Akshaya,755,521
Govt of Kerala,Keltron,7,63
Govt of Maharashtra,Adcc Infocad Pvt.Ltd Nagpur,0,19
Govt of Maharashtra,Alankit Finsec Ltd,0,12
Govt of Maharashtra,Bharat Technical Solutions Private Limited,264,56
Govt of Maharashtra,Eagle press pvt ltd,0,15
Govt of Maharashtra,GLODYNE TECHNOSERVE,0,11
Govt of Maharashtra,Global Finsol Private Limited,378,9
Govt of Maharashtra,Karvy Computershare Private Li,154,425
Govt of Maharashtra,M/S King Computer System pvt Ltd,3,12
Govt of Maharashtra,M/s. Vidya Online  Pune,1,8
Govt of Maharashtra,Narayana Electricals Solution Pvt Ltd,0,9
Govt of Maharashtra,Netlink software Pvt Ltd,252,125
Govt of Maharashtra,Network for Information & Computer,0,1
Govt of Maharashtra,Rudranee Infotech Ltd,2,7
Govt of Maharashtra,SETU MAHARASHTRA,45,88
Govt of Maharashtra,SHREERAM PRINTING PRESS,60,79
Govt of Maharashtra,SILVER JUBILEE MOTORS LTD.,2,8
Govt of Maharashtra,SPANCO,316,126
Govt of Maharashtra,STRATEGIC OUTSOURCING SERVICE,57,124
Govt of Maharashtra,Silver Touch Technologies Ltd,301,305
Govt of Maharashtra,Systematic & Advance Const P L,1,4
Govt of Maharashtra,TechSmart India Pvt Ltd,0,15
Govt of Maharashtra,Tera Software Ltd,0,5
Govt of Maharashtra,Transline Technologies P Ltd,5,111
Govt of Maharashtra,Vidarbha Infotech Pvt Ltd,0,1
Govt of Maharashtra,Wipro Ltd,43,85
Govt of Sikkim - Dept of Econo,Department of Economics Statistics  Monitoring and Evaluation DESME,65,6
IDBI Bank ltd,ATISHAY INFOTECH PVT. LTD.,16,43
IDBI Bank ltd,Matrix Processing House,0,1
IDBI Bank ltd,SREEVEN INFOCOM LIMITED,471,259
IDBI Bank ltd,UTI TECHNOLOGY SERVICES LIMITE,213,145
Indiapost,4G IDENTITY SOLUTIONS,0,1
Indiapost,Delhi Integrated MMTS Ltd,1,18
Indiapost,Global Finsol Private Limited,0,60
Indiapost,IL&FS LTD,3,0
Indiapost,M/S STAR DATA CENTRE,14,40
Indiapost,MARS Telecom Systems Pvt Ltd,57,106
Indiapost,Madras Security Printers Ltd,0,7
Indiapost,Smart Chip Limited,0,1
Indiapost,Vayam technologies Ltd,75,96
Indiapost,WEBEL,91,9
Information Technology & Communication Department,4G INFORMATICS,8,25
Information Technology & Communication Department,BNR UDYOG LIMITED,0,52
Information Technology & Communication Department,Bloom Solutions Pvt Ltd,0,4
Information Technology & Communication Department,CSS TECHNERGY LIMITED,0,3
Information Technology & Communication Department,Directorate of ESD,55812,1982
Information Technology & Communication Department,GDC Advertising Pvt. Limited,1,2
Information Technology & Communication Department,JYOTHI COMPUTER SERVICES,0,60
Information Technology & Communication Department,Karvy Data Management Services,1,2
Information Technology & Communication Department,MARS Telecom Systems Pvt Ltd,30,156
Information Technology & Communication Department,SREEVEN INFOCOM LIMITED,1333,175
Information Technology & Communication Department,Tera Software Ltd,0,59
Jharkhand,Blue Circle Instrument,0,4
Jharkhand,Emdee Digitronics Pvt.Ltd.,0,6
Jharkhand,MKS Enterprises,0,52
Jharkhand,Nevaeh Technology Pvt. Ltd.,0,7
Jharkhand,STRATEGIC OUTSOURCING SERVICE,0,1
Jharkhand,Smart Chip Limited,0,2
Jharkhand,Systematic & Advance Const P L,8,4
Jharkhand,VISION COMPTECH INTEGRATOR LTD,0,86
Jharkhand,Wipro Ltd,51,1911
Mission Convergence - GNCT Del,Karvy Computershare Private Li,27,15
Mission Convergence - GNCT Del,NVR & ASSOCIATES LIMITED,31,20
NSDL e-Governance Infrastructure Limited,Abhipra Capital Ltd,1029,157
NSDL e-Governance Infrastructure Limited,Alankit Assignments Limited,890,464
NSDL e-Governance Infrastructure Limited,Alankit Finsec Ltd,552,234
NSDL e-Governance Infrastructure Limited,Delhi Integrated MMTS Ltd,0,2
NSDL e-Governance Infrastructure Limited,Gujarat Infotech Ltd.,2098,6
NSDL e-Governance Infrastructure Limited,INTEGRATED REGISTRY SERVICES LTD,31,5
NSDL e-Governance Infrastructure Limited,Karvy Consultants Limited,2,3
NSDL e-Governance Infrastructure Limited,Karvy Data Management Services,8427,2577
NSDL e-Governance Infrastructure Limited,N.K. Sharma Enterprises Ltd.,1,11
NSDL e-Governance Infrastructure Limited,Netlink software Pvt Ltd,564,368
NSDL e-Governance Infrastructure Limited,Offshoot Agency Pvt. Ltd.,1008,11
NSDL e-Governance Infrastructure Limited,PROWIZ MANSYTEMS PVT LTD,0,20
NSDL e-Governance Infrastructure Limited,Promind Solutions P Limited,1100,247
NSDL e-Governance Infrastructure Limited,RELIGARE SECURITIES LTD,4,3
NSDL e-Governance Infrastructure Limited,Radiant Haroti Industries India Ltd,549,25
NSDL e-Governance Infrastructure Limited,Sri Ramraja Sarkar Lok Kalyan Trust,56,0
NSDL e-Governance Infrastructure Limited,Utility Forms Pvt Ltd,612,45
NSDL e-Governance Infrastructure Limited,VIRGO SOFTECH LIMITED,6,12
Oriental Bank of Commerce,DATASOFT COMPUTER SERVICES(P),355,135
Oriental Bank of Commerce,Euro Finmart Ltd,1,9
Oriental Bank of Commerce,IL&FS LTD,2,3
Oriental Bank of Commerce,JNET Technologies Pvt.Ltd,541,102
Oriental Bank of Commerce,Redim Software Technologies Pvt Ltd,0,15
Oriental Bank of Commerce,Sri Ramraja Sarkar Lok Kalyan Trust,291,245
Oriental Bank of Commerce,Wipro Ltd,506,582
Principal Revenue Commissioner  Dept of Revenue  Govt of MP,Frontech Systems Pvt Ltd,448,207
Principal Revenue Commissioner  Dept of Revenue  Govt of MP,GDC Advertising Pvt. Limited,347,226
Principal Revenue Commissioner  Dept of Revenue  Govt of MP,K W Consulting P Ltd,992,754
Principal Revenue Commissioner  Dept of Revenue  Govt of MP,LYRA  CONSULTANCY SERVICE,290,229
Principal Revenue Commissioner  Dept of Revenue  Govt of MP,Netlink software Pvt Ltd,359,149
Principal Revenue Commissioner  Dept of Revenue  Govt of MP,OSWAL COMPUTERS & CONSULTANTS,390,337
Principal Revenue Commissioner  Dept of Revenue  Govt of MP,Tera Software Ltd,216,137
Principal Revenue Commissioner  Dept of Revenue  Govt of MP,The NSIC ltd,0,20
Principal Revenue Commissioner  Dept of Revenue  Govt of MP,Vedavaag Systems Limited,1858,982
Punjab and Sind Bank,Matrix Processing House,2,0
Registrar General India - BEL,Manipur Electronics Dev Corp,2,1
Registrar General India BEL2,4G INFORMATICS,148,18
Registrar General India BEL2,Alankit Assignments Limited,4,1
Registrar General India BEL2,Chinar Construction Company Prime agency,168,0
Registrar General India BEL2,Computer LAB,1077,557
Registrar General India BEL2,Eagle Software India Pvt. Ltd,296,14
Registrar General India BEL2,Emdee Digitronics Pvt.Ltd.,932,754
Registrar General India BEL2,In Media Computer Services LLP,44,7
Registrar General India BEL2,India Computer Technology,408,381
Registrar General India BEL2,Karvy Data Management Services,1075,886
Registrar General India BEL2,MACRO INFOTECH PVT LTD,25,30
Registrar General India BEL2,MKS Enterprises,583,83
Registrar General India BEL2,Madras Security Printers Ltd,355,1006
Registrar General India BEL2,Manipur Electronics Dev Corp,134,9
Registrar General India BEL2,Multiwave Innovation,5244,340
Registrar General India BEL2,NVR & ASSOCIATES LIMITED,508,85
Registrar General India BEL2,Netlink software Pvt Ltd,56,202
Registrar General India BEL2,Nevaeh Technology Pvt. Ltd.,1928,550
Registrar General India BEL2,Nielsen  India  Private Limited,267,893
Registrar General India BEL2,Om Softwares,2003,2688
Registrar General India BEL2,SREI INFRASTRUCTURE FINANCES L,101,222
Registrar General India BEL2,STRATEGIC OUTSOURCING SERVICE,368,189
Registrar General India BEL2,Satyanarayana Raju Company Pvt ltd,6884,925
Registrar General India BEL2,Swathy Smartcards Hi-Tech Pvt,4339,1959
Registrar General India BEL2,Swiss Tech India Pvt Ltd,637,190
Registrar General India BEL2,Tera Software Ltd,90,483
Registrar General India BEL2,UNITED DATA SERVICES PRIVATE LIMITED,56,186
Registrar General India BEL2,Urmila Info solution,272,110
Registrar General India BEL2,VIRGO SOFTECH LIMITED,355,274
Registrar General India BEL2,Vansh Infotech Pvt Ltd,628,45
Registrar General India BEL2,Vayam technologies Ltd,22,10
Registrar General India BEL2,Vedavaag Systems Limited,2415,1141
Registrar General India BEL2,Viesa Technologies,718,907
Registrar General India BEL2,WEBEL,579,145
Registrar General India ECIL,AVVAS INFOTECH PVT  LTD,7168,1437
Registrar General India ECIL,BUSINESS INFORMATION PROCESSING SERVICES,0,6
Registrar General India ECIL,COMTECH INSTITUTE OFTECHNOLOGY,2802,481
Registrar General India ECIL,COMTECHINFO SOLUTIONS PVT.LTD,1784,34
Registrar General India ECIL,Chinar Construction Company Prime agency,3126,87
Registrar General India ECIL,Clairvoyance Technologies Pvt.,0,4
Registrar General India ECIL,Computer LAB,7531,1694
Registrar General India ECIL,Eagle Software India Pvt. Ltd,51852,4263
Registrar General India ECIL,Esoft Consulting Limited,740,64
Registrar General India ECIL,Gundal Infotech Private Limited,186,46
Registrar General India ECIL,In Media Computer Services LLP,2996,300
Registrar General India ECIL,India Computer Technology,732,166
Registrar General India ECIL,Integrated Systems & Services,11,3
Registrar General India ECIL,Karvy Data Management Services,7087,5672
Registrar General India ECIL,Krishna Infotech,0,24
Registrar General India ECIL,LYRA  CONSULTANCY SERVICE,1,23
Registrar General India ECIL,Madras Security Printers Ltd,30702,836
Registrar General India ECIL,Mphasis Ltd,1028,362
Registrar General India ECIL,Netwing Technologies Pvt Ltd,2,3
Registrar General India ECIL,Nielsen  India  Private Limited,41,106
Registrar General India ECIL,Pioneer E Labs limited,1,24
Registrar General India ECIL,SARADA SYSTEMS,1,5
Registrar General India ECIL,SWISSTECH NPR 57CR PROJECT PVT,652,149
Registrar General India ECIL,Tera Software Ltd,347,120
Registrar General India ECIL,VEETECHNOLOGIES PVT. LTD,122,20
Registrar General India ECIL,Vedavaag Systems Limited,1262,281
Registrar General India Others,COMTECHINFO SOLUTIONS PVT.LTD,1,0
Registrar General India Others,In Media Computer Services LLP,67,0
Registrar General India Others,Madras Security Printers Ltd,0,11
Registrar General India Others,Om Softwares,56,22
Registrar General India Others,Swathy Smartcards Hi-Tech Pvt,0,35
Registrar General India Others,Tera Software Ltd,0,5
Registrar General India Others,Vedavaag Systems Limited,2,2
Registrar General of India ITI,COMTECH INSTITUTE OFTECHNOLOGY,3,8
Registrar General of India ITI,CSS TECHNERGY LIMITED,0,2
Registrar General of India ITI,CommunitiWorks Welfare Society,22,0
Registrar General of India ITI,Eagle Software India Pvt. Ltd,201,372
Registrar General of India ITI,Emdee Digitronics Pvt.Ltd.,11296,4415
Registrar General of India ITI,FINANCIAL INFORMATION NETWORK,314,67
Registrar General of India ITI,In Media Computer Services LLP,2163,77
Registrar General of India ITI,Karvy Data Management Services,2986,1470
Registrar General of India ITI,MACRO INFOTECH PVT LTD,506,15
Registrar General of India ITI,MKS Enterprises,13,77
Registrar General of India ITI,Madras Security Printers Ltd,68,89
Registrar General of India ITI,Mphasis Ltd,2863,325
Registrar General of India ITI,Multiwave Innovation,0,11
Registrar General of India ITI,Netlink software Pvt Ltd,40,13
Registrar General of India ITI,Nielsen  India  Private Limited,2539,1159
Registrar General of India ITI,PROTEX COMPUTER PVT LTD,92,87
Registrar General of India ITI,Quick Data IT Services Pvt Ltd,4,1
Registrar General of India ITI,SREI INFRASTRUCTURE FINANCES L,21,81
Registrar General of India ITI,STRATEGIC OUTSOURCING SERVICE,2,28
Registrar General of India ITI,Satyanarayana Raju Company Pvt ltd,35,128
Registrar General of India ITI,Swathy Smartcards Hi-Tech Pvt,228,230
Registrar General of India ITI,Swiss Tech India Pvt Ltd,396,16
Registrar General of India ITI,TechSmart India Pvt Ltd,0,18
Registrar General of India ITI,VEETECHNOLOGIES PVT. LTD,4,3
Registrar General of India ITI,VIRGO SOFTECH LIMITED,1509,463
Registrar General of India ITI,Vedavaag Systems Limited,5149,2910
Registrar General of India ITI,WEBEL TECHNOLOGY LIMITED,29556,724
Registrar General of India ITI,Webx Technologies Private Limited,2,0
State Bank of Bikaner & Jaipur,Multiwave Innovation,0,11
State Bank of Travancore,Tera Software Ltd,0,2
UIDAI-Registrar,UIDAI-EA,1,1
UT of Puducherry,Madras Security Printers Ltd,5,9
Union Bank,FINANCIAL INFORMATION NETWORK,6684,2868
Union Bank,Smart Chip Limited,2774,1778
Union Bank,Vakrangee Softwares Limited,1352,1979
