Registrar,Enrolment Agency,Aadhaar generated,Enrolment Rejected
Bank Of India,A3 Logics  India  Ltd,109,22
Bank Of India,Akanksha International,1,2
Bank Of India,Blue Circle Instrument,39,7
Bank Of India,CHESSY CONSULTANTS PVT LTD,0,1
Bank Of India,DATASOFT COMPUTER SERVICES(P),62,9
Bank Of India,Frontech Systems Pvt Ltd,5,2
Bank Of India,ITI LIMITED,1,0
Bank Of India,MANTRA SOFTTECH (INDIA) PVTLTD,1,0
Bank Of India,Matrix Processing House,4,18
Bank Of India,OSWAL COMPUTERS & CONSULTANTS,18,37
Bank Of India,PROTEX COMPUTER PVT LTD,2,7
Bank Of India,SARADA SYSTEMS,99,12
Bank Of India,SHRIKRISHNA KHANDASARI SUGAR M,21,4
Bank Of India,SPANCO,4,6
Bank Of India,SREI INFRASTRUCTURE FINANCES L,682,73
Bank Of India,Silver Touch Technologies Ltd,1,0
Bank Of India,Systematic & Advance Const P L,8,9
Bank Of India,VEETECHNOLOGIES PVT. LTD,129,19
Bank Of India,Vakrangee Softwares Limited,1,0
Bank of Baroda,Global Finsol Private Limited,7,6
Bank of Maharashtra,FINANCIAL INFORMATION NETWORK,1,0
Bank of Maharashtra,Micro Technologies India Ltd,0,1
Bank of Maharashtra,Tera Software Ltd,47,18
CSC e-Governance Services India Limited,A I Soc for Electronics and Comp Tech,209,48
CSC e-Governance Services India Limited,AKSH OPTIFIBRE LIMITED,140,6
CSC e-Governance Services India Limited,BASIX,224,30
CSC e-Governance Services India Limited,CALANCE SOFTWARE PRIVATE LTD,5,27
CSC e-Governance Services India Limited,CMS Computers Ltd,242,22
CSC e-Governance Services India Limited,CSC e-Governance Services India Limited,204,62
CSC e-Governance Services India Limited,Intelligent Communication Sys India Ltd,4,0
CSC e-Governance Services India Limited,MANTRA SOFTTECH (INDIA) PVTLTD,10,2
CSC e-Governance Services India Limited,Network for Information & Computer,59,5
CSC e-Governance Services India Limited,Reliance Communication Limited,2,5
CSC e-Governance Services India Limited,SPANCO,44,14
CSC e-Governance Services India Limited,Tera Software Ltd,3,3
CSC e-Governance Services India Limited,United Telecoms e-Services Pvt Ltd,1,9
CSC e-Governance Services India Limited,VIKALP MULTIMEDIA,2,1
CSC e-Governance Services India Limited,Vakrangee Softwares Limited,2,11
CSC e-Governance Services India Limited,Zephyr System Pvt.Ltd.,775,36
Canara Bank,Ojus Healthcare Private Limited,0,2
Canara Bank,Osiris Infotech Pvt. Ltd.,50,21
Central Bank of India,CALANCE SOFTWARE PRIVATE LTD,0,7
Central Bank of India,IAP COMPANY Pvt. Ltd,34,13
Central Bank of India,The Peerless General Finance,33,3
DENA BANK,ATISHAY INFOTECH PVT. LTD.,1028,52
DENA BANK,AVVAS INFOTECH PVT  LTD,25,16
DENA BANK,BNR UDYOG LIMITED,18,1
DENA BANK,Binary Systems,1,0
DENA BANK,Bloom Solutions Pvt Ltd,39,39
DENA BANK,Business Information Processing Services,2,2
DENA BANK,CALANCE SOFTWARE PRIVATE LTD,0,16
DENA BANK,DATASOFT COMPUTER SERVICES(P),1,1
DENA BANK,DEVASHISH SECURITIES PVT. LTD.,26,1
DENA BANK,Eagle Software India Pvt. Ltd,0,2
DENA BANK,Gujarat Infotech Ltd.,525,3
DENA BANK,IAP COMPANY Pvt. Ltd,1571,50
DENA BANK,JNET Technologies Pvt.Ltd,23,13
DENA BANK,K W Consulting P Ltd,45,10
DENA BANK,Multiwave Innovation,228,4
DENA BANK,Narayana Electricals Solution Pvt Ltd,2,1
DENA BANK,Netlink software Pvt Ltd,866,29
DENA BANK,Offshoot Agency Pvt. Ltd.,72,1
DENA BANK,Prodigy Systems and Services Private Limited,0,2
DENA BANK,Radiant Haroti Industries India Ltd,1,2
DENA BANK,Soc for Advancement of Environ Science,94,28
DENA BANK,Super Printers,1691,30
DENA BANK,Systematic & Advance Const P L,608,37
DENA BANK,TechSmart India Pvt Ltd,17,19
DENA BANK,Tera Software Ltd,76,1
DENA BANK,Transline Technologies P Ltd,17,0
DENA BANK,WEBEL,32,9
DENA BANK,Zephyr System Pvt.Ltd.,132,6
Delhi - East DC,DATASOFT COMPUTER SERVICES(P),6,6
Delhi - North DC,CALANCE SOFTWARE PRIVATE LTD,7,15
Delhi - North DC,NVR & ASSOCIATES LIMITED,0,1
Delhi - North DC,Smart Chip Limited,0,1
Delhi- West DC,VIRGO SOFTECH LIMITED,0,5
Delhi-NW DC,Karvy Computershare Private Li,27,12
Department of Information Technology Govt of Jharkhand,Blue Circle Instrument,2,3
Department of Information Technology Govt of Jharkhand,MKS Enterprises,1,7
Department of Information Technology Govt of Jharkhand,Wipro Ltd,0,5
Dept of ITC Govt of Rajasthan,ATISHAY INFOTECH PVT. LTD.,14,5
Dept of ITC Govt of Rajasthan,AVVAS INFOTECH PVT  LTD,737,66
Dept of ITC Govt of Rajasthan,Alankit Finsec Ltd,5,2
Dept of ITC Govt of Rajasthan,DATASOFT COMPUTER SERVICES(P),27,12
Dept of ITC Govt of Rajasthan,Gem Computers,1,1
Dept of ITC Govt of Rajasthan,MANTRA SOFTTECH (INDIA) PVTLTD,1,1
Dept of ITC Govt of Rajasthan,Netlink software Pvt Ltd,1,2
Dept of ITC Govt of Rajasthan,TechSmart India Pvt Ltd,300,38
Dept of ITC Govt of Rajasthan,Transline Technologies P Ltd,234,16
Dept of ITC Govt of Rajasthan,VIRGO SOFTECH LIMITED,15,2
Dept of ITC Govt of Rajasthan,Vakrangee Softwares Limited,15,25
Dept of ITC Govt of Rajasthan,Vayam technologies Ltd,47,16
FCR Govt of Haryana,4G INFORMATICS,4,2
FCR Govt of Haryana,Academy of Management Studies,2,1
FCR Govt of Haryana,Radiant Info Systems Ltd,98,4
FCR Govt of Haryana,SoftAge Information Technology Limited,10,6
FCR Govt of Haryana,Vakrangee Softwares Limited,0,3
FCR Govt of Haryana,Vayam technologies Ltd,10,15
FCS Govt of Punjab,District Sukhmani Society Amritsar Punjab,2,0
FCS Govt of Punjab,District Sukhmani Society For Citizen Services Mansa Punjab,2,1
FCS Govt of Punjab,Karvy Computershare Private Li,602,113
FCS Govt of Punjab,Sukhmani Society For Citizens Services Faridkot Punjab,3,0
FCS Govt of Punjab,Vayam technologies Ltd,16,24
FCS Govt of Punjab,eCentric solutions pvt ltd,15,3
Govt of Andhra Pradesh,Gouthami Educational Society,80,4
Govt of Andhra Pradesh,GrapeSoft,0,3
Govt of Andhra Pradesh,INFRONICS SYSTEMS LTD,1,2
Govt of Andhra Pradesh,SREEVEN INFOCOM LIMITED,1,7
Govt of Andhra Pradesh,TechSmart India Pvt Ltd,0,7
Govt of Andhra Pradesh,Tera Software Ltd,9,9
Govt of Goa,MARS Telecom Systems Pvt Ltd,273,3
Govt of Gujarat,GSS Infotech Ltd,0,8
Govt of Gujarat,Karvy Computershare Private Li,724,80
Govt of Gujarat,Silver Touch Technologies Ltd,645,27
Govt of Gujarat,Tera Software Ltd,139,49
Govt of Gujarat,Transline Technologies P Ltd,1,1
Govt of Gujarat,Vayam technologies Ltd,531,25
Govt of Gujarat,eCentric solutions pvt ltd,2,3
Govt of Himachal Pradesh,i-Grandee SoftwareTechnologies,1,0
Govt of Karnataka ,Bloom Solutions Pvt Ltd,0,1
Govt of Karnataka ,MARS Telecom Systems Pvt Ltd,4,32
Govt of Karnataka ,Ninestars Information Technologies Ltd,0,5
Govt of Karnataka ,Origin ITFS Pvt Ltd,28,37
Govt of Karnataka ,SREEVEN INFOCOM LIMITED,4,26
Govt of Kerala,Akshaya,42,2
Govt of Maharashtra,Bharat Technical Solutions Private Limited,26,0
Govt of Maharashtra,Eagle press pvt ltd,0,1
Govt of Maharashtra,Karvy Computershare Private Li,15,9
Govt of Maharashtra,M/s. Vidya Online  Pune,1,0
Govt of Maharashtra,Narayana Electricals Solution Pvt Ltd,0,1
Govt of Maharashtra,Netlink software Pvt Ltd,113,2
Govt of Maharashtra,SETU MAHARASHTRA,622,7
Govt of Maharashtra,SPANCO,188,44
Govt of Maharashtra,STRATEGIC OUTSOURCING SERVICE,3,0
Govt of Maharashtra,Silver Touch Technologies Ltd,289,10
Govt of Maharashtra,Systematic & Advance Const P L,24,0
Govt of Maharashtra,TechSmart India Pvt Ltd,1,1
Govt of Maharashtra,Wipro Ltd,20,4
Govt of Sikkim - Dept of Econo,Department of Economics Statistics  Monitoring and Evaluation DESME,24,1
IDBI Bank ltd,ATISHAY INFOTECH PVT. LTD.,3,12
IDBI Bank ltd,SREEVEN INFOCOM LIMITED,10,7
IDBI Bank ltd,UTI TECHNOLOGY SERVICES LIMITE,40,1
Indiapost,Delhi Integrated MMTS Ltd,0,8
Indiapost,Global Finsol Private Limited,0,2
Indiapost,M/S STAR DATA CENTRE,2,1
Indiapost,MARS Telecom Systems Pvt Ltd,1,3
Indiapost,Vayam technologies Ltd,71,11
Indiapost,WEBEL,12,2
Information Technology & Communication Department,4G INFORMATICS,9,19
Information Technology & Communication Department,BNR UDYOG LIMITED,0,7
Information Technology & Communication Department,Bloom Solutions Pvt Ltd,1,3
Information Technology & Communication Department,CSS TECHNERGY LIMITED,0,7
Information Technology & Communication Department,Directorate of ESD,78,14
Information Technology & Communication Department,JYOTHI COMPUTER SERVICES,1,10
Information Technology & Communication Department,Karvy Data Management Services,0,1
Information Technology & Communication Department,MARS Telecom Systems Pvt Ltd,0,5
Information Technology & Communication Department,SREEVEN INFOCOM LIMITED,14,17
Information Technology & Communication Department,Tera Software Ltd,1,12
Jharkhand,Emdee Digitronics Pvt.Ltd.,1,2
Jharkhand,MKS Enterprises,1,5
Jharkhand,Nevaeh Technology Pvt. Ltd.,0,8
Jharkhand,Smart Chip Limited,0,13
Jharkhand,Systematic & Advance Const P L,0,14
Jharkhand,VISION COMPTECH INTEGRATOR LTD,1,8
Jharkhand,Wipro Ltd,19,59
Mission Convergence - GNCT Del,Karvy Computershare Private Li,13,2
NSDL e-Governance Infrastructure Limited,Abhipra Capital Ltd,25,11
NSDL e-Governance Infrastructure Limited,Alankit Assignments Limited,52,33
NSDL e-Governance Infrastructure Limited,Alankit Finsec Ltd,20,29
NSDL e-Governance Infrastructure Limited,Delhi Integrated MMTS Ltd,0,1
NSDL e-Governance Infrastructure Limited,Gujarat Infotech Ltd.,91,0
NSDL e-Governance Infrastructure Limited,Karvy Data Management Services,756,107
NSDL e-Governance Infrastructure Limited,N.K. Sharma Enterprises Ltd.,1,0
NSDL e-Governance Infrastructure Limited,Netlink software Pvt Ltd,3,13
NSDL e-Governance Infrastructure Limited,PROWIZ MANSYTEMS PVT LTD,0,8
NSDL e-Governance Infrastructure Limited,Promind Solutions P Limited,3733,41
NSDL e-Governance Infrastructure Limited,Radiant Haroti Industries India Ltd,212,2
NSDL e-Governance Infrastructure Limited,Utility Forms Pvt Ltd,5,0
NSDL e-Governance Infrastructure Limited,VIRGO SOFTECH LIMITED,1,7
Oriental Bank of Commerce,DATASOFT COMPUTER SERVICES(P),55,9
Oriental Bank of Commerce,JNET Technologies Pvt.Ltd,2,9
Oriental Bank of Commerce,Sri Ramraja Sarkar Lok Kalyan Trust,4,19
Oriental Bank of Commerce,Wipro Ltd,47,14
Principal Revenue Commissioner  Dept of Revenue  Govt of MP,Frontech Systems Pvt Ltd,134,62
Principal Revenue Commissioner  Dept of Revenue  Govt of MP,GDC Advertising Pvt. Limited,216,11
Principal Revenue Commissioner  Dept of Revenue  Govt of MP,K W Consulting P Ltd,1182,112
Principal Revenue Commissioner  Dept of Revenue  Govt of MP,LYRA  CONSULTANCY SERVICE,492,34
Principal Revenue Commissioner  Dept of Revenue  Govt of MP,Netlink software Pvt Ltd,9,15
Principal Revenue Commissioner  Dept of Revenue  Govt of MP,OSWAL COMPUTERS & CONSULTANTS,156,63
Principal Revenue Commissioner  Dept of Revenue  Govt of MP,Tera Software Ltd,10,10
Principal Revenue Commissioner  Dept of Revenue  Govt of MP,The NSIC ltd,0,1
Principal Revenue Commissioner  Dept of Revenue  Govt of MP,Vedavaag Systems Limited,1564,129
RDD Govt of Tripura,Alankit Assignments Limited,0,1
Registrar General India BEL2,4G INFORMATICS,1,11
Registrar General India BEL2,Alankit Assignments Limited,0,8
Registrar General India BEL2,Chinar Construction Company Prime agency,1,0
Registrar General India BEL2,Computer LAB,25,57
Registrar General India BEL2,Emdee Digitronics Pvt.Ltd.,12,9
Registrar General India BEL2,India Computer Technology,0,29
Registrar General India BEL2,Karvy Data Management Services,2,1
Registrar General India BEL2,MACRO INFOTECH PVT LTD,2,0
Registrar General India BEL2,MKS Enterprises,0,1
Registrar General India BEL2,Madras Security Printers Ltd,5,2
Registrar General India BEL2,Multiwave Innovation,3367,29
Registrar General India BEL2,Nevaeh Technology Pvt. Ltd.,13,86
Registrar General India BEL2,Nielsen  India  Private Limited,76,14
Registrar General India BEL2,Om Softwares,3,2
Registrar General India BEL2,SREI INFRASTRUCTURE FINANCES L,1,1
Registrar General India BEL2,STRATEGIC OUTSOURCING SERVICE,2,2
Registrar General India BEL2,Satyanarayana Raju Company Pvt ltd,30,0
Registrar General India BEL2,Swathy Smartcards Hi-Tech Pvt,1,0
Registrar General India BEL2,Swiss Tech India Pvt Ltd,8,4
Registrar General India BEL2,UNITED DATA SERVICES PRIVATE LIMITED,1,0
Registrar General India BEL2,VIRGO SOFTECH LIMITED,6,1
Registrar General India BEL2,Vansh Infotech Pvt Ltd,0,1
Registrar General India BEL2,Vedavaag Systems Limited,8,0
Registrar General India BEL2,Viesa Technologies,2703,10
Registrar General India ECIL,AVVAS INFOTECH PVT  LTD,42,29
Registrar General India ECIL,COMTECH INSTITUTE OFTECHNOLOGY,585,8
Registrar General India ECIL,COMTECHINFO SOLUTIONS PVT.LTD,526,8
Registrar General India ECIL,Chinar Construction Company Prime agency,404,33
Registrar General India ECIL,Computer LAB,2009,51
Registrar General India ECIL,Eagle Software India Pvt. Ltd,16,6
Registrar General India ECIL,Esoft Consulting Limited,380,12
Registrar General India ECIL,Gundal Infotech Private Limited,6,2
Registrar General India ECIL,In Media Computer Services LLP,94,166
Registrar General India ECIL,Karvy Data Management Services,2592,20
Registrar General India ECIL,Madras Security Printers Ltd,9,3
Registrar General India ECIL,Mphasis Ltd,6,8
Registrar General India ECIL,Nielsen  India  Private Limited,1,0
Registrar General India ECIL,SWISSTECH NPR 57CR PROJECT PVT,3,0
Registrar General India ECIL,Vedavaag Systems Limited,24,17
Registrar General India Others,COMTECHINFO SOLUTIONS PVT.LTD,0,2
Registrar General India Others,Om Softwares,7,0
Registrar General of India ITI,Eagle Software India Pvt. Ltd,31,20
Registrar General of India ITI,Emdee Digitronics Pvt.Ltd.,1797,88
Registrar General of India ITI,FINANCIAL INFORMATION NETWORK,111,0
Registrar General of India ITI,Karvy Data Management Services,12,1
Registrar General of India ITI,MACRO INFOTECH PVT LTD,2,0
Registrar General of India ITI,MKS Enterprises,0,1
Registrar General of India ITI,Madras Security Printers Ltd,166,24
Registrar General of India ITI,Mphasis Ltd,679,15
Registrar General of India ITI,Nielsen  India  Private Limited,2824,38
Registrar General of India ITI,PROTEX COMPUTER PVT LTD,1,1
Registrar General of India ITI,STRATEGIC OUTSOURCING SERVICE,1,0
Registrar General of India ITI,Swiss Tech India Pvt Ltd,158,0
Registrar General of India ITI,VIRGO SOFTECH LIMITED,4,1
Registrar General of India ITI,Vedavaag Systems Limited,7,0
Registrar General of India ITI,WEBEL TECHNOLOGY LIMITED,1186,6
State Bank of Bikaner & Jaipur,Multiwave Innovation,0,1
UIDAI-Registrar,UIDAI-EA,5,0
Union Bank,FINANCIAL INFORMATION NETWORK,381,125
Union Bank,Smart Chip Limited,1417,243
Union Bank,Vakrangee Softwares Limited,325,64
