Registrar,Enrolment Agency,Aadhaar generated,Enrolment Rejected
Allahabad Bank,Vakrangee Softwares Limited,2,1
Bank Of India,A3 Logics  India  Ltd,585,77
Bank Of India,Akanksha International,40,29
Bank Of India,Blue Circle Instrument,449,74
Bank Of India,CHESSY CONSULTANTS PVT LTD,246,21
Bank Of India,DATASOFT COMPUTER SERVICES(P),153,29
Bank Of India,Emdee Digitronics Pvt.Ltd.,8,3
Bank Of India,Frontech Systems Pvt Ltd,14,0
Bank Of India,MANTRA SOFTTECH (INDIA) PVTLTD,0,2
Bank Of India,Matrix Processing House,0,195
Bank Of India,OSWAL COMPUTERS & CONSULTANTS,241,83
Bank Of India,PROTEX COMPUTER PVT LTD,9,34
Bank Of India,SARADA SYSTEMS,399,188
Bank Of India,SHRIKRISHNA KHANDASARI SUGAR M,237,162
Bank Of India,SPANCO,66,4
Bank Of India,SREI INFRASTRUCTURE FINANCES L,932,288
Bank Of India,Silver Touch Technologies Ltd,0,10
Bank Of India,Systematic & Advance Const P L,3,10
Bank Of India,Tera Software Ltd,7,0
Bank Of India,VEETECHNOLOGIES PVT. LTD,1050,725
Bank of Baroda,Global Finsol Private Limited,29,46
Bank of Maharashtra,Alankit Finsec Ltd,6,5
Bank of Maharashtra,FINANCIAL INFORMATION NETWORK,144,269
Bank of Maharashtra,Micro Technologies India Ltd,40,2
Bank of Maharashtra,Tera Software Ltd,1855,306
CSC e-Governance Services India Limited,A I Soc for Electronics and Comp Tech,1975,501
CSC e-Governance Services India Limited,AKSH OPTIFIBRE LIMITED,372,106
CSC e-Governance Services India Limited,BASIX,1071,344
CSC e-Governance Services India Limited,CALANCE SOFTWARE PRIVATE LTD,134,27
CSC e-Governance Services India Limited,CMS Computers Ltd,1898,970
CSC e-Governance Services India Limited,CSC e-Governance Services India Limited,3322,775
CSC e-Governance Services India Limited,Intelligent Communication Sys India Ltd,79,12
CSC e-Governance Services India Limited,MANTRA SOFTTECH (INDIA) PVTLTD,1366,187
CSC e-Governance Services India Limited,Network for Information & Computer,420,45
CSC e-Governance Services India Limited,Reliance Communication Limited,93,16
CSC e-Governance Services India Limited,SPANCO,223,28
CSC e-Governance Services India Limited,Tera Software Ltd,64,8
CSC e-Governance Services India Limited,United Telecoms e-Services Pvt Ltd,519,127
CSC e-Governance Services India Limited,VIKALP MULTIMEDIA,57,48
CSC e-Governance Services India Limited,Vakrangee Softwares Limited,159,191
CSC e-Governance Services India Limited,Zephyr System Pvt.Ltd.,2592,344
Canara Bank,Ojus Healthcare Private Limited,7,2
Canara Bank,Osiris Infotech Pvt. Ltd.,260,19
Central Bank of India,CALANCE SOFTWARE PRIVATE LTD,5,56
Central Bank of India,IAP COMPANY Pvt. Ltd,111,100
Central Bank of India,MANTRA SOFTTECH (INDIA) PVTLTD,0,2
Central Bank of India,The Peerless General Finance,67,30
DENA BANK,ATISHAY INFOTECH PVT. LTD.,1111,234
DENA BANK,AVVAS INFOTECH PVT  LTD,1085,304
DENA BANK,BNR UDYOG LIMITED,280,21
DENA BANK,Bloom Solutions Pvt Ltd,916,471
DENA BANK,Business Information Processing Services,14,21
DENA BANK,CALANCE SOFTWARE PRIVATE LTD,13,418
DENA BANK,DATASOFT COMPUTER SERVICES(P),21,2
DENA BANK,DEVASHISH SECURITIES PVT. LTD.,216,18
DENA BANK,Gujarat Infotech Ltd.,607,22
DENA BANK,IAP COMPANY Pvt. Ltd,214,99
DENA BANK,JNET Technologies Pvt.Ltd,533,352
DENA BANK,K W Consulting P Ltd,87,80
DENA BANK,MARS Telecom Systems Pvt Ltd,3,1
DENA BANK,Multiwave Innovation,129,44
DENA BANK,Narayana Electricals Solution Pvt Ltd,39,125
DENA BANK,Netlink software Pvt Ltd,794,78
DENA BANK,Offshoot Agency Pvt. Ltd.,130,40
DENA BANK,Prodigy Systems and Services Private Limited,5,12
DENA BANK,Radiant Haroti Industries India Ltd,2,16
DENA BANK,Soc for Advancement of Environ Science,127,6
DENA BANK,Super Printers,2172,58
DENA BANK,Systematic & Advance Const P L,1116,264
DENA BANK,TechSmart India Pvt Ltd,156,940
DENA BANK,Tera Software Ltd,1,70
DENA BANK,WEBEL,283,127
DENA BANK,Zephyr System Pvt.Ltd.,249,119
Delhi - East DC,DATASOFT COMPUTER SERVICES(P),36,19
Delhi - NE DC,Smart Chip Limited,0,1
Delhi - North DC,CALANCE SOFTWARE PRIVATE LTD,168,122
Delhi - North DC,NVR & ASSOCIATES LIMITED,31,18
Delhi SW DC,VIRGO SOFTECH LIMITED,7,1
Delhi- South DC,Karvy Computershare Private Li,4,26
Delhi- West DC,VIRGO SOFTECH LIMITED,18,9
Delhi-NW DC,Karvy Computershare Private Li,50,59
Department of Information Technology Govt of Jharkhand,Blue Circle Instrument,19,14
Department of Information Technology Govt of Jharkhand,MKS Enterprises,7,0
Department of Information Technology Govt of Jharkhand,Wipro Ltd,116,203
Dept of ITC Govt of Rajasthan,ATISHAY INFOTECH PVT. LTD.,287,247
Dept of ITC Govt of Rajasthan,AVVAS INFOTECH PVT  LTD,216,96
Dept of ITC Govt of Rajasthan,Alankit Finsec Ltd,15,79
Dept of ITC Govt of Rajasthan,Business Information Processing Services,0,7
Dept of ITC Govt of Rajasthan,DATASOFT COMPUTER SERVICES(P),386,218
Dept of ITC Govt of Rajasthan,Gem Computers,81,11
Dept of ITC Govt of Rajasthan,MANTRA SOFTTECH (INDIA) PVTLTD,59,7
Dept of ITC Govt of Rajasthan,Multiwave Innovation,0,3
Dept of ITC Govt of Rajasthan,Netlink software Pvt Ltd,0,21
Dept of ITC Govt of Rajasthan,TechSmart India Pvt Ltd,131,95
Dept of ITC Govt of Rajasthan,Transline Technologies P Ltd,170,38
Dept of ITC Govt of Rajasthan,VIRGO SOFTECH LIMITED,178,74
Dept of ITC Govt of Rajasthan,Vakrangee Softwares Limited,366,134
Dept of ITC Govt of Rajasthan,Vayam technologies Ltd,134,142
FCR Govt of Haryana,4G INFORMATICS,94,14
FCR Govt of Haryana,Academy of Management Studies,72,5
FCR Govt of Haryana,Radiant Info Systems Ltd,447,13
FCR Govt of Haryana,SoftAge Information Technology Limited,32,12
FCR Govt of Haryana,Vakrangee Softwares Limited,6,1
FCR Govt of Haryana,Vayam technologies Ltd,340,328
FCS Govt of Punjab,District Sukhmani Society  Ludhiana  Punjab,11,1
FCS Govt of Punjab,District Sukhmani Society Amritsar Punjab,40,0
FCS Govt of Punjab,District Sukhmani Society Barnala Punjab,10,1
FCS Govt of Punjab,District Sukhmani Society Bathinda Punjab,9,1
FCS Govt of Punjab,District Sukhmani Society Fatehgarh Sahib Punjab,12,2
FCS Govt of Punjab,District Sukhmani Society Fazilka Punjab,0,1
FCS Govt of Punjab,District Sukhmani Society Ferozepur Punjab,15,0
FCS Govt of Punjab,District Sukhmani Society For Citizen Services Mansa Punjab,29,2
FCS Govt of Punjab,District Sukhmani Society For Citizen Services Nawanshahr Punjab,8,7
FCS Govt of Punjab,District Sukhmani Society For Citizen Services SAS Nagar District e-Governance Society Punjab,2,1
FCS Govt of Punjab,District Sukhmani Society Pathankot Punjab,1,0
FCS Govt of Punjab,District Sukhmani Society Patiala Punjab,13,3
FCS Govt of Punjab,District Sukhmani Society Sangrur Punjab,5,0
FCS Govt of Punjab,District Sukhmani Society Sri Muktsar Sahib Punjab,1,0
FCS Govt of Punjab,District Sukhmani Society Tarn Taran Punjab,2,1
FCS Govt of Punjab,Karvy Computershare Private Li,468,175
FCS Govt of Punjab,Sukhmani Society For Citizens Services Faridkot Punjab,20,1
FCS Govt of Punjab,Suwidha Society Hoshiarpur Punjab,15,2
FCS Govt of Punjab,Vayam technologies Ltd,446,157
FCS Govt of Punjab,eCentric solutions pvt ltd,842,133
Govt of Andhra Pradesh,Gouthami Educational Society,2,1
Govt of Andhra Pradesh,GrapeSoft,21,6
Govt of Andhra Pradesh,INFRONICS SYSTEMS LTD,20,22
Govt of Andhra Pradesh,SREEVEN INFOCOM LIMITED,7,20
Govt of Andhra Pradesh,TechSmart India Pvt Ltd,55,20
Govt of Andhra Pradesh,Tera Software Ltd,12,47
Govt of Goa,MARS Telecom Systems Pvt Ltd,18,0
Govt of Gujarat,GSS Infotech Ltd,111,139
Govt of Gujarat,Karvy Computershare Private Li,2127,959
Govt of Gujarat,Silver Touch Technologies Ltd,2839,1010
Govt of Gujarat,Tera Software Ltd,1791,306
Govt of Gujarat,Transline Technologies P Ltd,8,27
Govt of Gujarat,Vayam technologies Ltd,2142,460
Govt of Gujarat,eCentric solutions pvt ltd,1294,101
Govt of Himachal Pradesh,Wipro Ltd,4,0
Govt of Himachal Pradesh,i-Grandee SoftwareTechnologies,2,3
Govt of Karnataka ,BNR UDYOG LIMITED,25,24
Govt of Karnataka ,Bloom Solutions Pvt Ltd,93,73
Govt of Karnataka ,MARS Telecom Systems Pvt Ltd,182,58
Govt of Karnataka ,Ninestars Information Technologies Ltd,0,1
Govt of Karnataka ,Om Softwares,2,8
Govt of Karnataka ,Origin ITFS Pvt Ltd,230,446
Govt of Karnataka ,Radiant Info Systems Ltd,219,1
Govt of Karnataka ,SREEVEN INFOCOM LIMITED,368,300
Govt of Kerala,Akshaya,780,140
Govt of Kerala,Keltron,8,0
Govt of Maharashtra,Adcc Infocad Pvt.Ltd Nagpur,5,0
Govt of Maharashtra,Alankit Finsec Ltd,3,57
Govt of Maharashtra,Bharat Technical Solutions Private Limited,215,20
Govt of Maharashtra,Eagle press pvt ltd,21,28
Govt of Maharashtra,GLODYNE TECHNOSERVE,2,2
Govt of Maharashtra,Global Finsol Private Limited,1,7
Govt of Maharashtra,Karvy Computershare Private Li,796,128
Govt of Maharashtra,M/S King Computer System pvt Ltd,41,17
Govt of Maharashtra,M/s. Vidya Online  Pune,5,1
Govt of Maharashtra,Narayana Electricals Solution Pvt Ltd,3,25
Govt of Maharashtra,Netlink software Pvt Ltd,252,141
Govt of Maharashtra,Rudranee Infotech Ltd,12,17
Govt of Maharashtra,SETU MAHARASHTRA,218,422
Govt of Maharashtra,SHREERAM PRINTING PRESS,140,0
Govt of Maharashtra,SILVER JUBILEE MOTORS LTD.,17,13
Govt of Maharashtra,SPANCO,82,80
Govt of Maharashtra,STRATEGIC OUTSOURCING SERVICE,74,188
Govt of Maharashtra,Silver Touch Technologies Ltd,791,98
Govt of Maharashtra,Systematic & Advance Const P L,1,4
Govt of Maharashtra,TechSmart India Pvt Ltd,2,9
Govt of Maharashtra,Tera Software Ltd,0,3
Govt of Maharashtra,Transline Technologies P Ltd,167,115
Govt of Maharashtra,Vidarbha Infotech Pvt Ltd,8,2
Govt of Maharashtra,Wipro Ltd,59,13
Govt of Sikkim - Dept of Econo,Department of Economics Statistics  Monitoring and Evaluation DESME,39,1
IDBI Bank ltd,ATISHAY INFOTECH PVT. LTD.,97,92
IDBI Bank ltd,Matrix Processing House,1,0
IDBI Bank ltd,SREEVEN INFOCOM LIMITED,228,582
IDBI Bank ltd,UTI TECHNOLOGY SERVICES LIMITE,306,50
Indiapost,Delhi Integrated MMTS Ltd,5,7
Indiapost,Global Finsol Private Limited,2,3
Indiapost,M/S STAR DATA CENTRE,49,7
Indiapost,MARS Telecom Systems Pvt Ltd,15,31
Indiapost,Madras Security Printers Ltd,0,2
Indiapost,Smart Chip Limited,0,3
Indiapost,Vayam technologies Ltd,58,39
Indiapost,WEBEL,0,4
Information Technology & Communication Department,BNR UDYOG LIMITED,2,0
Information Technology & Communication Department,CSS TECHNERGY LIMITED,0,10
Information Technology & Communication Department,Directorate of ESD,409,111
Information Technology & Communication Department,GDC Advertising Pvt. Limited,2,0
Information Technology & Communication Department,JYOTHI COMPUTER SERVICES,2,26
Information Technology & Communication Department,MARS Telecom Systems Pvt Ltd,12,15
Information Technology & Communication Department,SREEVEN INFOCOM LIMITED,30,327
Information Technology & Communication Department,Tera Software Ltd,5,40
Jharkhand,Blue Circle Instrument,4,0
Jharkhand,Emdee Digitronics Pvt.Ltd.,2,0
Jharkhand,MKS Enterprises,6,5
Jharkhand,Nevaeh Technology Pvt. Ltd.,0,2
Jharkhand,Smart Chip Limited,0,4
Jharkhand,VISION COMPTECH INTEGRATOR LTD,77,65
Jharkhand,Wipro Ltd,1183,603
Mission Convergence - GNCT Del,Karvy Computershare Private Li,1,33
Mission Convergence - GNCT Del,NVR & ASSOCIATES LIMITED,20,4
NSDL e-Governance Infrastructure Limited,Abhipra Capital Ltd,578,50
NSDL e-Governance Infrastructure Limited,Alankit Assignments Limited,383,357
NSDL e-Governance Infrastructure Limited,Alankit Finsec Ltd,1148,81
NSDL e-Governance Infrastructure Limited,INTEGRATED REGISTRY SERVICES LTD,12,0
NSDL e-Governance Infrastructure Limited,Karvy Consultants Limited,27,2
NSDL e-Governance Infrastructure Limited,Karvy Data Management Services,3051,706
NSDL e-Governance Infrastructure Limited,N.K. Sharma Enterprises Ltd.,91,6
NSDL e-Governance Infrastructure Limited,Netlink software Pvt Ltd,636,182
NSDL e-Governance Infrastructure Limited,PROWIZ MANSYTEMS PVT LTD,5,6
NSDL e-Governance Infrastructure Limited,Promind Solutions P Limited,354,65
NSDL e-Governance Infrastructure Limited,RELIGARE SECURITIES LTD,3,1
NSDL e-Governance Infrastructure Limited,Radiant Haroti Industries India Ltd,21,0
NSDL e-Governance Infrastructure Limited,Utility Forms Pvt Ltd,30,13
NSDL e-Governance Infrastructure Limited,VIRGO SOFTECH LIMITED,0,12
Oriental Bank of Commerce,DATASOFT COMPUTER SERVICES(P),601,77
Oriental Bank of Commerce,Euro Finmart Ltd,32,5
Oriental Bank of Commerce,JNET Technologies Pvt.Ltd,352,70
Oriental Bank of Commerce,Sri Ramraja Sarkar Lok Kalyan Trust,340,626
Oriental Bank of Commerce,Wipro Ltd,552,193
Principal Revenue Commissioner  Dept of Revenue  Govt of MP,Frontech Systems Pvt Ltd,315,86
Principal Revenue Commissioner  Dept of Revenue  Govt of MP,GDC Advertising Pvt. Limited,465,82
Principal Revenue Commissioner  Dept of Revenue  Govt of MP,K W Consulting P Ltd,1251,513
Principal Revenue Commissioner  Dept of Revenue  Govt of MP,LYRA  CONSULTANCY SERVICE,1224,148
Principal Revenue Commissioner  Dept of Revenue  Govt of MP,Netlink software Pvt Ltd,380,92
Principal Revenue Commissioner  Dept of Revenue  Govt of MP,OSWAL COMPUTERS & CONSULTANTS,506,330
Principal Revenue Commissioner  Dept of Revenue  Govt of MP,Tera Software Ltd,270,188
Principal Revenue Commissioner  Dept of Revenue  Govt of MP,The NSIC ltd,6,7
Principal Revenue Commissioner  Dept of Revenue  Govt of MP,Vedavaag Systems Limited,1382,304
RDD Govt of Tripura,Alankit Assignments Limited,0,1
Registrar General India - BEL,Om Softwares,0,1
Registrar General India BEL2,4G INFORMATICS,98,2
Registrar General India BEL2,Alankit Assignments Limited,0,4
Registrar General India BEL2,Computer LAB,2722,1073
Registrar General India BEL2,Eagle Software India Pvt. Ltd,4,16
Registrar General India BEL2,Emdee Digitronics Pvt.Ltd.,2061,507
Registrar General India BEL2,In Media Computer Services LLP,1,3
Registrar General India BEL2,India Computer Technology,85,304
Registrar General India BEL2,Karvy Data Management Services,2259,415
Registrar General India BEL2,MACRO INFOTECH PVT LTD,19,82
Registrar General India BEL2,MKS Enterprises,488,18
Registrar General India BEL2,Madras Security Printers Ltd,273,1787
Registrar General India BEL2,Manipur Electronics Dev Corp,144,5
Registrar General India BEL2,Multiwave Innovation,391,114
Registrar General India BEL2,NVR & ASSOCIATES LIMITED,137,13
Registrar General India BEL2,Netlink software Pvt Ltd,987,110
Registrar General India BEL2,Nevaeh Technology Pvt. Ltd.,596,108
Registrar General India BEL2,Nielsen  India  Private Limited,731,629
Registrar General India BEL2,Om Softwares,2708,481
Registrar General India BEL2,SREI INFRASTRUCTURE FINANCES L,112,74
Registrar General India BEL2,STRATEGIC OUTSOURCING SERVICE,214,1285
Registrar General India BEL2,Satyanarayana Raju Company Pvt ltd,990,541
Registrar General India BEL2,Swathy Smartcards Hi-Tech Pvt,1671,925
Registrar General India BEL2,Swiss Tech India Pvt Ltd,14,19
Registrar General India BEL2,Tera Software Ltd,508,169
Registrar General India BEL2,UNITED DATA SERVICES PRIVATE LIMITED,811,134
Registrar General India BEL2,Urmila Info solution,374,79
Registrar General India BEL2,VIRGO SOFTECH LIMITED,70,109
Registrar General India BEL2,Vansh Infotech Pvt Ltd,250,62
Registrar General India BEL2,Vayam technologies Ltd,0,9
Registrar General India BEL2,Vedavaag Systems Limited,1934,405
Registrar General India BEL2,Viesa Technologies,1181,195
Registrar General India BEL2,WEBEL,220,24
Registrar General India ECIL,AVVAS INFOTECH PVT  LTD,3947,3362
Registrar General India ECIL,COMTECH INSTITUTE OFTECHNOLOGY,146,290
Registrar General India ECIL,COMTECHINFO SOLUTIONS PVT.LTD,437,28
Registrar General India ECIL,Chinar Construction Company Prime agency,257,7
Registrar General India ECIL,Clairvoyance Technologies Pvt.,0,1
Registrar General India ECIL,Computer LAB,6583,1784
Registrar General India ECIL,Eagle Software India Pvt. Ltd,8357,2812
Registrar General India ECIL,Esoft Consulting Limited,110,11
Registrar General India ECIL,Gundal Infotech Private Limited,174,7
Registrar General India ECIL,In Media Computer Services LLP,1333,724
Registrar General India ECIL,India Computer Technology,88,872
Registrar General India ECIL,Integrated Systems & Services,8,1
Registrar General India ECIL,Karvy Data Management Services,6783,692
Registrar General India ECIL,LYRA  CONSULTANCY SERVICE,97,6
Registrar General India ECIL,Madras Security Printers Ltd,790,272
Registrar General India ECIL,Mphasis Ltd,1022,1098
Registrar General India ECIL,Nielsen  India  Private Limited,1184,46
Registrar General India ECIL,Pioneer E Labs limited,2,47
Registrar General India ECIL,Quick Data IT Services Pvt Ltd,0,1
Registrar General India ECIL,SARADA SYSTEMS,28,18
Registrar General India ECIL,SWISSTECH NPR 57CR PROJECT PVT,68,158
Registrar General India ECIL,Tera Software Ltd,243,213
Registrar General India ECIL,VEETECHNOLOGIES PVT. LTD,51,2
Registrar General India ECIL,Vedavaag Systems Limited,1542,630
Registrar General India Others,Nielsen  India  Private Limited,2,0
Registrar General India Others,Swathy Smartcards Hi-Tech Pvt,1,0
Registrar General India Others,Tera Software Ltd,17,0
Registrar General India Others,Vedavaag Systems Limited,1,0
Registrar General of India ITI,Eagle Software India Pvt. Ltd,1381,367
Registrar General of India ITI,Emdee Digitronics Pvt.Ltd.,10764,2769
Registrar General of India ITI,FINANCIAL INFORMATION NETWORK,373,138
Registrar General of India ITI,In Media Computer Services LLP,159,32
Registrar General of India ITI,Karvy Data Management Services,2085,258
Registrar General of India ITI,MACRO INFOTECH PVT LTD,51,15
Registrar General of India ITI,MKS Enterprises,746,112
Registrar General of India ITI,Madras Security Printers Ltd,161,157
Registrar General of India ITI,Mphasis Ltd,427,264
Registrar General of India ITI,Multiwave Innovation,3,22
Registrar General of India ITI,Netlink software Pvt Ltd,3,2
Registrar General of India ITI,Nielsen  India  Private Limited,3297,653
Registrar General of India ITI,PROTEX COMPUTER PVT LTD,783,362
Registrar General of India ITI,SREI INFRASTRUCTURE FINANCES L,87,59
Registrar General of India ITI,STRATEGIC OUTSOURCING SERVICE,244,818
Registrar General of India ITI,Satyanarayana Raju Company Pvt ltd,87,13
Registrar General of India ITI,Swathy Smartcards Hi-Tech Pvt,20,345
Registrar General of India ITI,Swiss Tech India Pvt Ltd,81,2
Registrar General of India ITI,VEETECHNOLOGIES PVT. LTD,8,1
Registrar General of India ITI,VIRGO SOFTECH LIMITED,411,63
Registrar General of India ITI,Vedavaag Systems Limited,1649,397
Registrar General of India ITI,WEBEL TECHNOLOGY LIMITED,1843,1037
Registrar General of India ITI,Webx Technologies Private Limited,25,0
State Bank of Bikaner & Jaipur,Multiwave Innovation,0,20
UIDAI-Registrar,UIDAI-EA,3,0
UT of Puducherry,Madras Security Printers Ltd,26,0
Union Bank,FINANCIAL INFORMATION NETWORK,2203,3266
Union Bank,Smart Chip Limited,3465,1221
Union Bank,Vakrangee Softwares Limited,1512,1207
