Registrar,Enrolment Agency,Aadhaar generated,Enrolment Rejected
Allahabad Bank,Tera Software Ltd,0,3
Allahabad Bank,Vakrangee Softwares Limited,58,25
Bank Of India,A3 Logics  India  Ltd,417,197
Bank Of India,Akanksha International,24,21
Bank Of India,Blue Circle Instrument,1105,69
Bank Of India,CHESSY CONSULTANTS PVT LTD,51,19
Bank Of India,DATASOFT COMPUTER SERVICES(P),1247,79
Bank Of India,Emdee Digitronics Pvt.Ltd.,0,28
Bank Of India,Frontech Systems Pvt Ltd,18,28
Bank Of India,ITI LIMITED,0,1
Bank Of India,MANTRA SOFTTECH (INDIA) PVTLTD,2,8
Bank Of India,Matrix Processing House,1,72
Bank Of India,OSWAL COMPUTERS & CONSULTANTS,114,229
Bank Of India,PROTEX COMPUTER PVT LTD,6,41
Bank Of India,SARADA SYSTEMS,420,133
Bank Of India,SHRIKRISHNA KHANDASARI SUGAR M,390,209
Bank Of India,SPANCO,0,42
Bank Of India,SREI INFRASTRUCTURE FINANCES L,1660,291
Bank Of India,Silver Touch Technologies Ltd,10,22
Bank Of India,Systematic & Advance Const P L,1,51
Bank Of India,Tera Software Ltd,3,0
Bank Of India,VEETECHNOLOGIES PVT. LTD,1424,510
Bank Of India,Vakrangee Softwares Limited,1,25
Bank of Baroda,Global Finsol Private Limited,6,89
Bank of Maharashtra,Alankit Finsec Ltd,1,7
Bank of Maharashtra,FINANCIAL INFORMATION NETWORK,45,43
Bank of Maharashtra,Micro Technologies India Ltd,354,24
Bank of Maharashtra,Tera Software Ltd,1766,456
CSC e-Governance Services India Limited,A I Soc for Electronics and Comp Tech,2510,574
CSC e-Governance Services India Limited,AKSH OPTIFIBRE LIMITED,936,158
CSC e-Governance Services India Limited,BASIX,2452,683
CSC e-Governance Services India Limited,CALANCE SOFTWARE PRIVATE LTD,454,46
CSC e-Governance Services India Limited,CMS Computers Ltd,5671,1011
CSC e-Governance Services India Limited,CSC e-Governance Services India Limited,2303,758
CSC e-Governance Services India Limited,Intelligent Communication Sys India Ltd,56,29
CSC e-Governance Services India Limited,MANTRA SOFTTECH (INDIA) PVTLTD,2572,164
CSC e-Governance Services India Limited,Network for Information & Computer,985,166
CSC e-Governance Services India Limited,Reliance Communication Limited,1,29
CSC e-Governance Services India Limited,SPANCO,771,129
CSC e-Governance Services India Limited,Tera Software Ltd,253,24
CSC e-Governance Services India Limited,United Telecoms e-Services Pvt Ltd,482,324
CSC e-Governance Services India Limited,VIKALP MULTIMEDIA,44,64
CSC e-Governance Services India Limited,Vakrangee Softwares Limited,420,120
CSC e-Governance Services India Limited,Zephyr System Pvt.Ltd.,3585,670
Canara Bank,Ojus Healthcare Private Limited,2,9
Canara Bank,Osiris Infotech Pvt. Ltd.,922,63
Central Bank of India,CALANCE SOFTWARE PRIVATE LTD,13,48
Central Bank of India,IAP COMPANY Pvt. Ltd,662,178
Central Bank of India,MANTRA SOFTTECH (INDIA) PVTLTD,0,1
Central Bank of India,The Peerless General Finance,121,95
DENA BANK,ATISHAY INFOTECH PVT. LTD.,1859,119
DENA BANK,AVVAS INFOTECH PVT  LTD,800,459
DENA BANK,BNR UDYOG LIMITED,341,43
DENA BANK,Binary Systems,104,0
DENA BANK,Bloom Solutions Pvt Ltd,239,925
DENA BANK,Business Information Processing Services,313,83
DENA BANK,CALANCE SOFTWARE PRIVATE LTD,799,36
DENA BANK,DATASOFT COMPUTER SERVICES(P),94,9
DENA BANK,DEVASHISH SECURITIES PVT. LTD.,447,50
DENA BANK,Gujarat Infotech Ltd.,1017,29
DENA BANK,IAP COMPANY Pvt. Ltd,3178,69
DENA BANK,JNET Technologies Pvt.Ltd,614,187
DENA BANK,K W Consulting P Ltd,750,138
DENA BANK,M/s Gold Square Builders & Promoters Pvt. Ltd.,5,17
DENA BANK,MARS Telecom Systems Pvt Ltd,0,7
DENA BANK,MEGHA VINCOM PVT LTD,719,4
DENA BANK,Multiwave Innovation,10,159
DENA BANK,Narayana Electricals Solution Pvt Ltd,410,112
DENA BANK,Netlink software Pvt Ltd,2461,159
DENA BANK,Offshoot Agency Pvt. Ltd.,91,36
DENA BANK,Ortem Securities Limited,0,2
DENA BANK,Prodigy Systems and Services Private Limited,3,55
DENA BANK,Radiant Haroti Industries India Ltd,137,24
DENA BANK,Soc for Advancement of Environ Science,211,193
DENA BANK,Super Printers,6015,194
DENA BANK,Systematic & Advance Const P L,1840,180
DENA BANK,TechSmart India Pvt Ltd,598,612
DENA BANK,Tera Software Ltd,45,28
DENA BANK,Transline Technologies P Ltd,395,6
DENA BANK,WEBEL,1445,295
DENA BANK,Zephyr System Pvt.Ltd.,855,91
Delhi - Central DC,Smart Chip Limited,0,24
Delhi - East DC,DATASOFT COMPUTER SERVICES(P),303,81
Delhi - ND DC,Smart Chip Limited,0,10
Delhi - NE DC,Smart Chip Limited,0,38
Delhi - North DC,CALANCE SOFTWARE PRIVATE LTD,482,131
Delhi - North DC,NVR & ASSOCIATES LIMITED,85,179
Delhi - North DC,Smart Chip Limited,0,63
Delhi SW DC,VIRGO SOFTECH LIMITED,1,35
Delhi Urban Shelter Improvemen,Tera Software Ltd,0,3
Delhi- South DC,Karvy Computershare Private Li,31,78
Delhi- South DC,Smart Chip Limited,0,10
Delhi- South DC,Tera Software Ltd,0,3
Delhi- West DC,Smart Chip Limited,0,11
Delhi- West DC,VIRGO SOFTECH LIMITED,1,44
Delhi-NW DC,Karvy Computershare Private Li,206,138
Delhi-NW DC,STRATEGIC OUTSOURCING SERVICE,0,2
Department of Information Technology Govt of Jharkhand,Blue Circle Instrument,1,31
Department of Information Technology Govt of Jharkhand,MKS Enterprises,3,52
Department of Information Technology Govt of Jharkhand,Systematic & Advance Const P L,0,2
Department of Information Technology Govt of Jharkhand,Wipro Ltd,70,114
Dept of ITC Govt of Rajasthan,ATISHAY INFOTECH PVT. LTD.,791,103
Dept of ITC Govt of Rajasthan,AVVAS INFOTECH PVT  LTD,676,137
Dept of ITC Govt of Rajasthan,Alankit Finsec Ltd,65,52
Dept of ITC Govt of Rajasthan,Business Information Processing Services,0,23
Dept of ITC Govt of Rajasthan,DATASOFT COMPUTER SERVICES(P),713,200
Dept of ITC Govt of Rajasthan,Gem Computers,692,45
Dept of ITC Govt of Rajasthan,MANTRA SOFTTECH (INDIA) PVTLTD,47,9
Dept of ITC Govt of Rajasthan,Multiwave Innovation,0,32
Dept of ITC Govt of Rajasthan,Netlink software Pvt Ltd,0,21
Dept of ITC Govt of Rajasthan,TechSmart India Pvt Ltd,74,89
Dept of ITC Govt of Rajasthan,Transline Technologies P Ltd,1824,178
Dept of ITC Govt of Rajasthan,VIRGO SOFTECH LIMITED,397,146
Dept of ITC Govt of Rajasthan,Vakrangee Softwares Limited,356,407
Dept of ITC Govt of Rajasthan,Vayam technologies Ltd,199,136
FCR Govt of Haryana,4G INFORMATICS,135,46
FCR Govt of Haryana,Academy of Management Studies,291,33
FCR Govt of Haryana,Radiant Info Systems Ltd,419,40
FCR Govt of Haryana,SoftAge Information Technology Limited,347,55
FCR Govt of Haryana,Vakrangee Softwares Limited,2,11
FCR Govt of Haryana,Vayam technologies Ltd,447,109
FCS Govt of Punjab,Alankit Assignments Limited,2,4
FCS Govt of Punjab,Alankit Finsec Ltd,0,6
FCS Govt of Punjab,CSS TECHNERGY LIMITED,0,8
FCS Govt of Punjab,Delhi Integrated MMTS Ltd,0,1
FCS Govt of Punjab,District Sukhmani Society  Jalandhar  Punjab,49,8
FCS Govt of Punjab,District Sukhmani Society  Ludhiana  Punjab,36,46
FCS Govt of Punjab,District Sukhmani Society  Moga  Punjab,6,2
FCS Govt of Punjab,District Sukhmani Society Amritsar Punjab,61,26
FCS Govt of Punjab,District Sukhmani Society Barnala Punjab,48,14
FCS Govt of Punjab,District Sukhmani Society Bathinda Punjab,81,7
FCS Govt of Punjab,District Sukhmani Society Fatehgarh Sahib Punjab,41,7
FCS Govt of Punjab,District Sukhmani Society Fazilka Punjab,17,5
FCS Govt of Punjab,District Sukhmani Society Ferozepur Punjab,72,14
FCS Govt of Punjab,District Sukhmani Society For Citizen Services Mansa Punjab,78,9
FCS Govt of Punjab,District Sukhmani Society For Citizen Services Nawanshahr Punjab,97,11
FCS Govt of Punjab,District Sukhmani Society For Citizen Services SAS Nagar District e-Governance Society Punjab,43,17
FCS Govt of Punjab,District Sukhmani Society Pathankot Punjab,14,0
FCS Govt of Punjab,District Sukhmani Society Patiala Punjab,8,1
FCS Govt of Punjab,District Sukhmani Society Rupnagar Punjab,7,0
FCS Govt of Punjab,District Sukhmani Society Sangrur Punjab,34,12
FCS Govt of Punjab,District Sukhmani Society Sri Muktsar Sahib Punjab,12,2
FCS Govt of Punjab,District Sukhmani Society Tarn Taran Punjab,42,10
FCS Govt of Punjab,Karvy Computershare Private Li,193,273
FCS Govt of Punjab,Sukhmani Society For Citizen Services  Kapurthala  Punjab,1,0
FCS Govt of Punjab,Sukhmani Society For Citizens Services Faridkot Punjab,71,11
FCS Govt of Punjab,Suwidha Society Hoshiarpur Punjab,89,5
FCS Govt of Punjab,Vayam technologies Ltd,857,224
FCS Govt of Punjab,eCentric solutions pvt ltd,607,251
Govt of Andhra Pradesh,Gouthami Educational Society,0,70
Govt of Andhra Pradesh,GrapeSoft,2,110
Govt of Andhra Pradesh,INFRONICS SYSTEMS LTD,0,118
Govt of Andhra Pradesh,Madras Security Printers Ltd,0,2
Govt of Andhra Pradesh,SREEVEN INFOCOM LIMITED,1,111
Govt of Andhra Pradesh,TechSmart India Pvt Ltd,0,132
Govt of Andhra Pradesh,Tera Software Ltd,143,172
Govt of Andhra Pradesh,eCentric solutions pvt ltd,0,2
Govt of Goa,MARS Telecom Systems Pvt Ltd,45,15
Govt of Gujarat,GSS Infotech Ltd,395,93
Govt of Gujarat,Karvy Computershare Private Li,4242,630
Govt of Gujarat,Silver Touch Technologies Ltd,3963,812
Govt of Gujarat,Tera Software Ltd,2247,200
Govt of Gujarat,Transline Technologies P Ltd,1,27
Govt of Gujarat,Vayam technologies Ltd,4380,350
Govt of Gujarat,eCentric solutions pvt ltd,1102,77
Govt of Himachal Pradesh,Wipro Ltd,0,9
Govt of Himachal Pradesh,i-Grandee SoftwareTechnologies,1,17
Govt of Karnataka ,BNR UDYOG LIMITED,0,39
Govt of Karnataka ,Bloom Solutions Pvt Ltd,218,29
Govt of Karnataka ,COMAT TECHNOLOGIES P LTD,1,0
Govt of Karnataka ,GLODYNE TECHNOSERVE,2,3
Govt of Karnataka ,MARS Telecom Systems Pvt Ltd,423,275
Govt of Karnataka ,Ninestars Information Technologies Ltd,0,152
Govt of Karnataka ,Om Softwares,0,27
Govt of Karnataka ,Origin ITFS Pvt Ltd,564,609
Govt of Karnataka ,Radiant Info Systems Ltd,99,4
Govt of Karnataka ,SREEVEN INFOCOM LIMITED,401,474
Govt of Karnataka ,Wipro Ltd,0,2
Govt of Kerala,Akshaya,1019,439
Govt of Kerala,Keltron,5,54
Govt of Maharashtra,Adcc Infocad Pvt.Ltd Nagpur,0,11
Govt of Maharashtra,Alankit Finsec Ltd,2,25
Govt of Maharashtra,Bharat Technical Solutions Private Limited,383,29
Govt of Maharashtra,Eagle press pvt ltd,3,10
Govt of Maharashtra,GLODYNE TECHNOSERVE,0,8
Govt of Maharashtra,Global Finsol Private Limited,1,8
Govt of Maharashtra,Karvy Computershare Private Li,356,350
Govt of Maharashtra,M/S King Computer System pvt Ltd,514,171
Govt of Maharashtra,M/s. Vidya Online  Pune,13,12
Govt of Maharashtra,Mahaonline Limited,0,3
Govt of Maharashtra,Narayana Electricals Solution Pvt Ltd,0,23
Govt of Maharashtra,Netlink software Pvt Ltd,856,81
Govt of Maharashtra,Network for Information & Computer,1,3
Govt of Maharashtra,Rudranee Infotech Ltd,3,46
Govt of Maharashtra,SETU MAHARASHTRA,591,148
Govt of Maharashtra,SHREERAM PRINTING PRESS,48,36
Govt of Maharashtra,SILVER JUBILEE MOTORS LTD.,69,16
Govt of Maharashtra,SPANCO,1878,86
Govt of Maharashtra,STRATEGIC OUTSOURCING SERVICE,1434,50
Govt of Maharashtra,Silver Touch Technologies Ltd,674,107
Govt of Maharashtra,Systematic & Advance Const P L,0,5
Govt of Maharashtra,TechSmart India Pvt Ltd,1,24
Govt of Maharashtra,Tera Software Ltd,0,12
Govt of Maharashtra,Transline Technologies P Ltd,3,46
Govt of Maharashtra,Vidarbha Infotech Pvt Ltd,1,3
Govt of Maharashtra,Wep Solution India Limited,0,1
Govt of Maharashtra,Wipro Ltd,122,65
Govt of Sikkim - Dept of Econo,Department of Economics Statistics  Monitoring and Evaluation DESME,224,8
IDBI Bank ltd,ATISHAY INFOTECH PVT. LTD.,179,108
IDBI Bank ltd,Matrix Processing House,0,11
IDBI Bank ltd,SREEVEN INFOCOM LIMITED,692,360
IDBI Bank ltd,UTI TECHNOLOGY SERVICES LIMITE,330,36
Indiapost,4G IDENTITY SOLUTIONS,0,1
Indiapost,Delhi Integrated MMTS Ltd,39,47
Indiapost,GLODYNE TECHNOSERVE,0,1
Indiapost,Global Finsol Private Limited,0,103
Indiapost,M/S STAR DATA CENTRE,10,46
Indiapost,MARS Telecom Systems Pvt Ltd,29,124
Indiapost,Madras Security Printers Ltd,0,119
Indiapost,Smart Chip Limited,0,2
Indiapost,UTI TECHNOLOGY SERVICES LIMITE,0,3
Indiapost,Vayam technologies Ltd,73,55
Indiapost,WEBEL,594,49
Information Technology & Communication Department,4G INFORMATICS,0,153
Information Technology & Communication Department,BNR UDYOG LIMITED,0,177
Information Technology & Communication Department,Bloom Solutions Pvt Ltd,0,103
Information Technology & Communication Department,CSS TECHNERGY LIMITED,0,27
Information Technology & Communication Department,Directorate of ESD,2279,577
Information Technology & Communication Department,GDC Advertising Pvt. Limited,1,44
Information Technology & Communication Department,JYOTHI COMPUTER SERVICES,0,192
Information Technology & Communication Department,Karvy Data Management Services,0,15
Information Technology & Communication Department,MARS Telecom Systems Pvt Ltd,16,166
Information Technology & Communication Department,SREEVEN INFOCOM LIMITED,612,455
Information Technology & Communication Department,Tera Software Ltd,72,193
Jharkhand,Alankit Assignments Limited,0,2
Jharkhand,Blue Circle Instrument,0,7
Jharkhand,Emdee Digitronics Pvt.Ltd.,0,32
Jharkhand,MKS Enterprises,89,78
Jharkhand,Nevaeh Technology Pvt. Ltd.,0,32
Jharkhand,STRATEGIC OUTSOURCING SERVICE,0,6
Jharkhand,Smart Chip Limited,0,9
Jharkhand,Systematic & Advance Const P L,0,45
Jharkhand,VISION COMPTECH INTEGRATOR LTD,1,82
Jharkhand,Wipro Ltd,1342,785
Mission Convergence - GNCT Del,Karvy Computershare Private Li,19,28
Mission Convergence - GNCT Del,Matrix Processing House,0,1
Mission Convergence - GNCT Del,NVR & ASSOCIATES LIMITED,112,57
Mission Convergence - GNCT Del,STRATEGIC OUTSOURCING SERVICE,0,1
NSDL e-Governance Infrastructure Limited,Abhipra Capital Ltd,791,165
NSDL e-Governance Infrastructure Limited,Alankit Assignments Limited,713,427
NSDL e-Governance Infrastructure Limited,Alankit Finsec Ltd,444,42
NSDL e-Governance Infrastructure Limited,Delhi Integrated MMTS Ltd,0,3
NSDL e-Governance Infrastructure Limited,Global Finsol Private Limited,0,5
NSDL e-Governance Infrastructure Limited,Gujarat Infotech Ltd.,370,6
NSDL e-Governance Infrastructure Limited,INTEGRATED REGISTRY SERVICES LTD,47,5
NSDL e-Governance Infrastructure Limited,Karvy Consultants Limited,5,8
NSDL e-Governance Infrastructure Limited,Karvy Data Management Services,7426,1987
NSDL e-Governance Infrastructure Limited,N.K. Sharma Enterprises Ltd.,54,5
NSDL e-Governance Infrastructure Limited,Netlink software Pvt Ltd,1048,323
NSDL e-Governance Infrastructure Limited,PROWIZ MANSYTEMS PVT LTD,1,42
NSDL e-Governance Infrastructure Limited,Promind Solutions P Limited,2282,201
NSDL e-Governance Infrastructure Limited,RELIGARE SECURITIES LTD,8,2
NSDL e-Governance Infrastructure Limited,Radiant Haroti Industries India Ltd,369,22
NSDL e-Governance Infrastructure Limited,Utility Forms Pvt Ltd,451,100
NSDL e-Governance Infrastructure Limited,VIRGO SOFTECH LIMITED,2,36
Oriental Bank of Commerce,DATASOFT COMPUTER SERVICES(P),597,136
Oriental Bank of Commerce,Euro Finmart Ltd,5,3
Oriental Bank of Commerce,JNET Technologies Pvt.Ltd,481,233
Oriental Bank of Commerce,Redim Software Technologies Pvt Ltd,0,16
Oriental Bank of Commerce,Sri Ramraja Sarkar Lok Kalyan Trust,1510,268
Oriental Bank of Commerce,Wipro Ltd,641,297
Principal Revenue Commissioner  Dept of Revenue  Govt of MP,Frontech Systems Pvt Ltd,489,70
Principal Revenue Commissioner  Dept of Revenue  Govt of MP,GDC Advertising Pvt. Limited,1347,150
Principal Revenue Commissioner  Dept of Revenue  Govt of MP,K W Consulting P Ltd,3220,951
Principal Revenue Commissioner  Dept of Revenue  Govt of MP,LYRA  CONSULTANCY SERVICE,669,83
Principal Revenue Commissioner  Dept of Revenue  Govt of MP,Netlink software Pvt Ltd,524,112
Principal Revenue Commissioner  Dept of Revenue  Govt of MP,OSWAL COMPUTERS & CONSULTANTS,564,243
Principal Revenue Commissioner  Dept of Revenue  Govt of MP,Tera Software Ltd,328,84
Principal Revenue Commissioner  Dept of Revenue  Govt of MP,The NSIC ltd,0,2
Principal Revenue Commissioner  Dept of Revenue  Govt of MP,Vedavaag Systems Limited,4894,551
RDD Govt of Tripura,Alankit Assignments Limited,9,1
Registrar General India - BEL,In Media Computer Services LLP,0,1
Registrar General India - BEL,Manipur Electronics Dev Corp,17,2
Registrar General India BEL2,4G INFORMATICS,486,26
Registrar General India BEL2,Alankit Assignments Limited,1,8
Registrar General India BEL2,Bharat Electronics Limited,21,1
Registrar General India BEL2,Computer LAB,4362,3352
Registrar General India BEL2,Eagle Software India Pvt. Ltd,117,75
Registrar General India BEL2,Emdee Digitronics Pvt.Ltd.,787,292
Registrar General India BEL2,In Media Computer Services LLP,418,37
Registrar General India BEL2,India Computer Technology,144,386
Registrar General India BEL2,Karvy Data Management Services,4302,656
Registrar General India BEL2,MACRO INFOTECH PVT LTD,16,65
Registrar General India BEL2,MKS Enterprises,450,70
Registrar General India BEL2,Madras Security Printers Ltd,9107,1111
Registrar General India BEL2,Manipur Electronics Dev Corp,844,5
Registrar General India BEL2,Multiwave Innovation,4579,654
Registrar General India BEL2,NVR & ASSOCIATES LIMITED,5691,252
Registrar General India BEL2,Netlink software Pvt Ltd,2456,359
Registrar General India BEL2,Nevaeh Technology Pvt. Ltd.,4661,221
Registrar General India BEL2,Nielsen  India  Private Limited,2441,1332
Registrar General India BEL2,Om Softwares,2060,1451
Registrar General India BEL2,SREEVEN INFOCOM LIMITED,0,3
Registrar General India BEL2,SREI INFRASTRUCTURE FINANCES L,565,141
Registrar General India BEL2,STRATEGIC OUTSOURCING SERVICE,744,51
Registrar General India BEL2,Satyanarayana Raju Company Pvt ltd,3331,351
Registrar General India BEL2,Swathy Smartcards Hi-Tech Pvt,1279,2179
Registrar General India BEL2,Swiss Tech India Pvt Ltd,241,81
Registrar General India BEL2,Tera Software Ltd,1893,430
Registrar General India BEL2,UNITED DATA SERVICES PRIVATE LIMITED,635,122
Registrar General India BEL2,Urmila Info solution,383,67
Registrar General India BEL2,VIRGO SOFTECH LIMITED,706,83
Registrar General India BEL2,Vansh Infotech Pvt Ltd,5343,91
Registrar General India BEL2,Vayam technologies Ltd,0,36
Registrar General India BEL2,Vedavaag Systems Limited,17476,985
Registrar General India BEL2,Viesa Technologies,6789,419
Registrar General India BEL2,WEBEL,741,132
Registrar General India ECIL,AVVAS INFOTECH PVT  LTD,2513,1255
Registrar General India ECIL,BUSINESS INFORMATION PROCESSING SERVICES,0,1
Registrar General India ECIL,COMTECH INSTITUTE OFTECHNOLOGY,1890,594
Registrar General India ECIL,COMTECHINFO SOLUTIONS PVT.LTD,890,107
Registrar General India ECIL,Chinar Construction Company Prime agency,2682,48
Registrar General India ECIL,Clairvoyance Technologies Pvt.,0,39
Registrar General India ECIL,Computer LAB,2523,1580
Registrar General India ECIL,Eagle Software India Pvt. Ltd,45731,4381
Registrar General India ECIL,Esoft Consulting Limited,0,100
Registrar General India ECIL,Gundal Infotech Private Limited,1449,128
Registrar General India ECIL,In Media Computer Services LLP,2026,1450
Registrar General India ECIL,India Computer Technology,756,682
Registrar General India ECIL,Karvy Data Management Services,20891,1641
Registrar General India ECIL,Krishna Infotech,0,165
Registrar General India ECIL,LYRA  CONSULTANCY SERVICE,7,8
Registrar General India ECIL,Madras Security Printers Ltd,9308,1193
Registrar General India ECIL,Mphasis Ltd,6854,906
Registrar General India ECIL,Netwing Technologies Pvt Ltd,0,1
Registrar General India ECIL,Nielsen  India  Private Limited,1765,58
Registrar General India ECIL,Pioneer E Labs limited,1,303
Registrar General India ECIL,Quick Data IT Services Pvt Ltd,0,1
Registrar General India ECIL,SARADA SYSTEMS,12,25
Registrar General India ECIL,SWISSTECH NPR 57CR PROJECT PVT,9,438
Registrar General India ECIL,Tera Software Ltd,693,50
Registrar General India ECIL,VEETECHNOLOGIES PVT. LTD,35,4
Registrar General India ECIL,Vedavaag Systems Limited,2173,256
Registrar General India Others,COMTECH INSTITUTE OFTECHNOLOGY,1,4
Registrar General India Others,Eagle Software India Pvt. Ltd,7,0
Registrar General India Others,Karvy Data Management Services,0,1
Registrar General India Others,Madras Security Printers Ltd,0,1828
Registrar General India Others,Mphasis Ltd,0,1
Registrar General India Others,Om Softwares,0,1
Registrar General India Others,SARADA SYSTEMS,1,0
Registrar General India Others,Swathy Smartcards Hi-Tech Pvt,0,2
Registrar General India Others,Tera Software Ltd,3,0
Registrar General India Others,Vedavaag Systems Limited,2,0
Registrar General of India ITI,COMTECH INSTITUTE OFTECHNOLOGY,0,12
Registrar General of India ITI,CSS TECHNERGY LIMITED,0,1
Registrar General of India ITI,CommunitiWorks Welfare Society,0,1
Registrar General of India ITI,Eagle Software India Pvt. Ltd,1723,328
Registrar General of India ITI,Emdee Digitronics Pvt.Ltd.,34979,5014
Registrar General of India ITI,FINANCIAL INFORMATION NETWORK,2194,29
Registrar General of India ITI,In Media Computer Services LLP,6,11
Registrar General of India ITI,Karvy Data Management Services,4566,528
Registrar General of India ITI,MACRO INFOTECH PVT LTD,54,106
Registrar General of India ITI,MKS Enterprises,2457,43
Registrar General of India ITI,Madras Security Printers Ltd,1280,512
Registrar General of India ITI,Mphasis Ltd,377,80
Registrar General of India ITI,Multiwave Innovation,914,82
Registrar General of India ITI,Netlink software Pvt Ltd,962,29
Registrar General of India ITI,Netwing Technologies Pvt Ltd,0,3
Registrar General of India ITI,Nielsen  India  Private Limited,15005,1292
Registrar General of India ITI,PROTEX COMPUTER PVT LTD,679,44
Registrar General of India ITI,SREEVEN INFOCOM LIMITED,0,8
Registrar General of India ITI,SREI INFRASTRUCTURE FINANCES L,652,36
Registrar General of India ITI,STRATEGIC OUTSOURCING SERVICE,304,68
Registrar General of India ITI,Satyanarayana Raju Company Pvt ltd,2094,189
Registrar General of India ITI,Swathy Smartcards Hi-Tech Pvt,0,238
Registrar General of India ITI,Swiss Tech India Pvt Ltd,704,26
Registrar General of India ITI,TechSmart India Pvt Ltd,0,4
Registrar General of India ITI,Urmila Info solution,0,1
Registrar General of India ITI,VEETECHNOLOGIES PVT. LTD,77,85
Registrar General of India ITI,VIRGO SOFTECH LIMITED,2494,70
Registrar General of India ITI,Vedavaag Systems Limited,12178,730
Registrar General of India ITI,WEBEL TECHNOLOGY LIMITED,4219,1153
Registrar General of India ITI,Webx Technologies Private Limited,8,4
STATE BANK OF PATIALA,CSS TECHNERGY LIMITED,0,1
State Bank of Bikaner & Jaipur,Multiwave Innovation,0,54
State Bank of India,4G IDENTITY SOLUTIONS,0,1
State Bank of India,CSS TECHNERGY LIMITED,0,2
State Bank of India,IL&FS LTD,0,1
State Bank of Travancore,Tera Software Ltd,0,2
UIDAI-Registrar,UIDAI-EA,3,4
UT Of Daman and Diu,Alankit Assignments Limited,0,1
UT of Puducherry,Madras Security Printers Ltd,23,14
Union Bank,FINANCIAL INFORMATION NETWORK,8728,4151
Union Bank,Smart Chip Limited,11627,2664
Union Bank,Vakrangee Softwares Limited,5094,1581
