Registrar,Enrolment Agency,Aadhaar generated,Enrolment Rejected
Allahabad Bank,Tera Software Ltd,0,1
Allahabad Bank,Vakrangee Softwares Limited,0,10
Bank Of India,A3 Logics  India  Ltd,231,222
Bank Of India,Akanksha International,1,29
Bank Of India,Blue Circle Instrument,1106,319
Bank Of India,CHESSY CONSULTANTS PVT LTD,5,63
Bank Of India,DATASOFT COMPUTER SERVICES(P),369,120
Bank Of India,Emdee Digitronics Pvt.Ltd.,0,35
Bank Of India,Frontech Systems Pvt Ltd,52,24
Bank Of India,MANTRA SOFTTECH (INDIA) PVTLTD,2,8
Bank Of India,Matrix Processing House,4,36
Bank Of India,OSWAL COMPUTERS & CONSULTANTS,131,188
Bank Of India,PROTEX COMPUTER PVT LTD,2,26
Bank Of India,SARADA SYSTEMS,335,114
Bank Of India,SHRIKRISHNA KHANDASARI SUGAR M,33,181
Bank Of India,SPANCO,64,41
Bank Of India,SREI INFRASTRUCTURE FINANCES L,1728,548
Bank Of India,Silver Touch Technologies Ltd,197,16
Bank Of India,Systematic & Advance Const P L,1,22
Bank Of India,VEETECHNOLOGIES PVT. LTD,3947,861
Bank Of India,Vakrangee Softwares Limited,1,1
Bank of Baroda,DATASOFT COMPUTER SERVICES(P),0,2
Bank of Baroda,Global Finsol Private Limited,62,109
Bank of Maharashtra,Alankit Finsec Ltd,5,30
Bank of Maharashtra,FINANCIAL INFORMATION NETWORK,23,78
Bank of Maharashtra,Micro Technologies India Ltd,45,90
Bank of Maharashtra,Tera Software Ltd,167,2166
CSC e-Governance Services India Limited,A I Soc for Electronics and Comp Tech,2285,828
CSC e-Governance Services India Limited,AKSH OPTIFIBRE LIMITED,1401,259
CSC e-Governance Services India Limited,BASIX,1218,845
CSC e-Governance Services India Limited,CALANCE SOFTWARE PRIVATE LTD,51,54
CSC e-Governance Services India Limited,CMS Computers Ltd,2081,1398
CSC e-Governance Services India Limited,CSC e-Governance Services India Limited,1242,1505
CSC e-Governance Services India Limited,Intelligent Communication Sys India Ltd,77,88
CSC e-Governance Services India Limited,MANTRA SOFTTECH (INDIA) PVTLTD,2884,427
CSC e-Governance Services India Limited,Network for Information & Computer,356,280
CSC e-Governance Services India Limited,Reliance Communication Limited,0,28
CSC e-Governance Services India Limited,SPANCO,1373,176
CSC e-Governance Services India Limited,Tera Software Ltd,22,53
CSC e-Governance Services India Limited,United Telecoms e-Services Pvt Ltd,190,872
CSC e-Governance Services India Limited,VIKALP MULTIMEDIA,10,70
CSC e-Governance Services India Limited,Vakrangee Softwares Limited,37,185
CSC e-Governance Services India Limited,Vedavaag Systems Limited,4,8
CSC e-Governance Services India Limited,Zephyr System Pvt.Ltd.,3203,1069
Canara Bank,Ojus Healthcare Private Limited,16,18
Canara Bank,Osiris Infotech Pvt. Ltd.,65,24
Central Bank of India,CALANCE SOFTWARE PRIVATE LTD,2,10
Central Bank of India,Frontech Systems Pvt Ltd,0,1
Central Bank of India,IAP COMPANY Pvt. Ltd,127,161
Central Bank of India,The Peerless General Finance,94,159
DENA BANK,ATISHAY INFOTECH PVT. LTD.,153,186
DENA BANK,AVVAS INFOTECH PVT  LTD,944,958
DENA BANK,Asha Security Guard Services,38,3
DENA BANK,BNR UDYOG LIMITED,16,86
DENA BANK,Binary Systems,1289,41
DENA BANK,Bloom Solutions Pvt Ltd,860,1404
DENA BANK,Business Information Processing Services,837,44
DENA BANK,CALANCE SOFTWARE PRIVATE LTD,1887,201
DENA BANK,DATASOFT COMPUTER SERVICES(P),81,69
DENA BANK,DEVASHISH SECURITIES PVT. LTD.,59,37
DENA BANK,Eagle Software India Pvt. Ltd,267,2
DENA BANK,Gujarat Infotech Ltd.,956,101
DENA BANK,IAP COMPANY Pvt. Ltd,585,130
DENA BANK,India Computer Technology,7,0
DENA BANK,JNET Technologies Pvt.Ltd,167,206
DENA BANK,K W Consulting P Ltd,112,216
DENA BANK,M/S STAR DATA CENTRE,20,0
DENA BANK,M/s Gold Square Builders & Promoters Pvt. Ltd.,2,4
DENA BANK,MARS Telecom Systems Pvt Ltd,0,99
DENA BANK,MEGHA VINCOM PVT LTD,140,16
DENA BANK,Multiwave Innovation,1270,84
DENA BANK,Narayana Electricals Solution Pvt Ltd,7,57
DENA BANK,Netlink software Pvt Ltd,2653,340
DENA BANK,Offshoot Agency Pvt. Ltd.,43,62
DENA BANK,Ortem Securities Limited,0,2
DENA BANK,Prodigy Systems and Services Private Limited,26,75
DENA BANK,Radiant Haroti Industries India Ltd,196,8
DENA BANK,Soc for Advancement of Environ Science,78,107
DENA BANK,Super Printers,1911,303
DENA BANK,Systematic & Advance Const P L,355,355
DENA BANK,TechSmart India Pvt Ltd,1127,952
DENA BANK,Tera Software Ltd,124,26
DENA BANK,Transline Technologies P Ltd,664,62
DENA BANK,VAP INFOSOLUTIONS,567,70
DENA BANK,WEBEL,1739,408
DENA BANK,Zephyr System Pvt.Ltd.,1470,190
Delhi - Central DC,Smart Chip Limited,0,5
Delhi - East DC,DATASOFT COMPUTER SERVICES(P),69,75
Delhi - East DC,Tera Software Ltd,7,0
Delhi - NE DC,Smart Chip Limited,0,11
Delhi - North DC,CALANCE SOFTWARE PRIVATE LTD,56,148
Delhi - North DC,NVR & ASSOCIATES LIMITED,8,67
Delhi - North DC,Smart Chip Limited,0,17
Delhi SW DC,VIRGO SOFTECH LIMITED,0,8
Delhi Urban Shelter Improvemen,Tera Software Ltd,6,0
Delhi- South DC,Karvy Computershare Private Li,4,26
Delhi- South DC,Smart Chip Limited,0,3
Delhi- South DC,Tera Software Ltd,8,3
Delhi- West DC,Matrix Processing House,2,1
Delhi- West DC,Smart Chip Limited,0,3
Delhi- West DC,VIRGO SOFTECH LIMITED,25,48
Delhi-NW DC,Karvy Computershare Private Li,68,64
Department of Information Technology Govt of Jharkhand,Blue Circle Instrument,52,11
Department of Information Technology Govt of Jharkhand,MKS Enterprises,11,42
Department of Information Technology Govt of Jharkhand,Wipro Ltd,175,406
Dept of ITC Govt of Rajasthan,ATISHAY INFOTECH PVT. LTD.,5,122
Dept of ITC Govt of Rajasthan,AVVAS INFOTECH PVT  LTD,742,132
Dept of ITC Govt of Rajasthan,Alankit Finsec Ltd,1,36
Dept of ITC Govt of Rajasthan,Business Information Processing Services,0,6
Dept of ITC Govt of Rajasthan,DATASOFT COMPUTER SERVICES(P),221,216
Dept of ITC Govt of Rajasthan,Gem Computers,0,27
Dept of ITC Govt of Rajasthan,MANTRA SOFTTECH (INDIA) PVTLTD,2,41
Dept of ITC Govt of Rajasthan,Multiwave Innovation,0,10
Dept of ITC Govt of Rajasthan,Netlink software Pvt Ltd,0,10
Dept of ITC Govt of Rajasthan,TechSmart India Pvt Ltd,843,155
Dept of ITC Govt of Rajasthan,Transline Technologies P Ltd,81,81
Dept of ITC Govt of Rajasthan,VIRGO SOFTECH LIMITED,493,130
Dept of ITC Govt of Rajasthan,Vakrangee Softwares Limited,43,442
Dept of ITC Govt of Rajasthan,Vayam technologies Ltd,130,121
FCR Govt of Haryana,4G INFORMATICS,19,66
FCR Govt of Haryana,Academy of Management Studies,13,63
FCR Govt of Haryana,Radiant Info Systems Ltd,258,431
FCR Govt of Haryana,SoftAge Information Technology Limited,375,105
FCR Govt of Haryana,Vakrangee Softwares Limited,21,13
FCR Govt of Haryana,Vayam technologies Ltd,268,81
FCS Govt of Punjab,District Sukhmani Society  Jalandhar  Punjab,20,6
FCS Govt of Punjab,District Sukhmani Society  Ludhiana  Punjab,91,30
FCS Govt of Punjab,District Sukhmani Society  Moga  Punjab,4,0
FCS Govt of Punjab,District Sukhmani Society Amritsar Punjab,23,24
FCS Govt of Punjab,District Sukhmani Society Barnala Punjab,43,19
FCS Govt of Punjab,District Sukhmani Society Bathinda Punjab,31,2
FCS Govt of Punjab,District Sukhmani Society Fatehgarh Sahib Punjab,208,35
FCS Govt of Punjab,District Sukhmani Society Fazilka Punjab,14,4
FCS Govt of Punjab,District Sukhmani Society Ferozepur Punjab,35,12
FCS Govt of Punjab,District Sukhmani Society For Citizen Services Mansa Punjab,23,15
FCS Govt of Punjab,District Sukhmani Society For Citizen Services Nawanshahr Punjab,18,19
FCS Govt of Punjab,District Sukhmani Society For Citizen Services SAS Nagar District e-Governance Society Punjab,64,10
FCS Govt of Punjab,District Sukhmani Society Pathankot Punjab,17,0
FCS Govt of Punjab,District Sukhmani Society Patiala Punjab,40,23
FCS Govt of Punjab,District Sukhmani Society Rupnagar Punjab,6,28
FCS Govt of Punjab,District Sukhmani Society Sangrur Punjab,24,14
FCS Govt of Punjab,District Sukhmani Society Sri Muktsar Sahib Punjab,15,6
FCS Govt of Punjab,District Sukhmani Society Tarn Taran Punjab,16,7
FCS Govt of Punjab,Karvy Computershare Private Li,209,260
FCS Govt of Punjab,Sukhmani Society For Citizen Services  Kapurthala  Punjab,2,0
FCS Govt of Punjab,Sukhmani Society For Citizens Services Faridkot Punjab,103,17
FCS Govt of Punjab,Suwidha Society Hoshiarpur Punjab,110,9
FCS Govt of Punjab,Vayam technologies Ltd,34,280
FCS Govt of Punjab,eCentric solutions pvt ltd,389,374
Govt of Andhra Pradesh,Gouthami Educational Society,54,33
Govt of Andhra Pradesh,GrapeSoft,42,241
Govt of Andhra Pradesh,INFRONICS SYSTEMS LTD,0,41
Govt of Andhra Pradesh,SREEVEN INFOCOM LIMITED,0,84
Govt of Andhra Pradesh,TechSmart India Pvt Ltd,0,53
Govt of Andhra Pradesh,Tera Software Ltd,4,108
Govt of Goa,MARS Telecom Systems Pvt Ltd,45,12
Govt of Gujarat,GSS Infotech Ltd,8335,162
Govt of Gujarat,Karvy Computershare Private Li,4881,756
Govt of Gujarat,Silver Touch Technologies Ltd,643,1091
Govt of Gujarat,Tera Software Ltd,2757,330
Govt of Gujarat,Transline Technologies P Ltd,3,40
Govt of Gujarat,Vayam technologies Ltd,2160,1015
Govt of Gujarat,eCentric solutions pvt ltd,1410,149
Govt of Himachal Pradesh,Wipro Ltd,0,5
Govt of Himachal Pradesh,i-Grandee SoftwareTechnologies,226,17
Govt of Karnataka ,BNR UDYOG LIMITED,0,32
Govt of Karnataka ,Bloom Solutions Pvt Ltd,622,90
Govt of Karnataka ,MARS Telecom Systems Pvt Ltd,615,274
Govt of Karnataka ,Ninestars Information Technologies Ltd,0,65
Govt of Karnataka ,Om Softwares,0,60
Govt of Karnataka ,Origin ITFS Pvt Ltd,20,801
Govt of Karnataka ,Radiant Info Systems Ltd,0,74
Govt of Karnataka ,SREEVEN INFOCOM LIMITED,2,727
Govt of Kerala,Akshaya,209,702
Govt of Kerala,Keltron,5,20
Govt of Maharashtra,Adcc Infocad Pvt.Ltd Nagpur,0,11
Govt of Maharashtra,Alankit Finsec Ltd,0,2
Govt of Maharashtra,Bharat Technical Solutions Private Limited,13,55
Govt of Maharashtra,Eagle press pvt ltd,0,14
Govt of Maharashtra,GLODYNE TECHNOSERVE,0,29
Govt of Maharashtra,Global Finsol Private Limited,61,5
Govt of Maharashtra,Karvy Computershare Private Li,64,471
Govt of Maharashtra,M/S King Computer System pvt Ltd,0,33
Govt of Maharashtra,M/s. Vidya Online  Pune,1,3
Govt of Maharashtra,Narayana Electricals Solution Pvt Ltd,0,9
Govt of Maharashtra,Netlink software Pvt Ltd,531,125
Govt of Maharashtra,Network for Information & Computer,0,7
Govt of Maharashtra,Rudranee Infotech Ltd,63,40
Govt of Maharashtra,SETU MAHARASHTRA,9,121
Govt of Maharashtra,SHREERAM PRINTING PRESS,0,276
Govt of Maharashtra,SILVER JUBILEE MOTORS LTD.,4,6
Govt of Maharashtra,SPANCO,66,110
Govt of Maharashtra,STRATEGIC OUTSOURCING SERVICE,10,81
Govt of Maharashtra,Silver Touch Technologies Ltd,227,382
Govt of Maharashtra,Systematic & Advance Const P L,0,10
Govt of Maharashtra,TechSmart India Pvt Ltd,0,31
Govt of Maharashtra,Tera Software Ltd,0,4
Govt of Maharashtra,Transline Technologies P Ltd,1,111
Govt of Maharashtra,Vidarbha Infotech Pvt Ltd,0,19
Govt of Maharashtra,Wipro Ltd,771,132
Govt of Sikkim - Dept of Econo,Department of Economics Statistics  Monitoring and Evaluation DESME,27,17
IDBI Bank ltd,ATISHAY INFOTECH PVT. LTD.,6,63
IDBI Bank ltd,Matrix Processing House,0,2
IDBI Bank ltd,SREEVEN INFOCOM LIMITED,215,201
IDBI Bank ltd,UTI TECHNOLOGY SERVICES LIMITE,660,170
Indiapost,Delhi Integrated MMTS Ltd,0,16
Indiapost,Global Finsol Private Limited,0,28
Indiapost,IL&FS LTD,3,0
Indiapost,M/S STAR DATA CENTRE,7,38
Indiapost,MARS Telecom Systems Pvt Ltd,21,172
Indiapost,Smart Chip Limited,1,1
Indiapost,The Peerless General Finance,3,0
Indiapost,Vayam technologies Ltd,30,167
Indiapost,WEBEL,5,14
Information Technology & Communication Department,4G INFORMATICS,0,26
Information Technology & Communication Department,BNR UDYOG LIMITED,0,50
Information Technology & Communication Department,Bloom Solutions Pvt Ltd,0,15
Information Technology & Communication Department,CSS TECHNERGY LIMITED,0,3
Information Technology & Communication Department,Directorate of ESD,3344,1134
Information Technology & Communication Department,GDC Advertising Pvt. Limited,0,1
Information Technology & Communication Department,JYOTHI COMPUTER SERVICES,0,101
Information Technology & Communication Department,Karvy Data Management Services,0,2
Information Technology & Communication Department,MARS Telecom Systems Pvt Ltd,22,123
Information Technology & Communication Department,SREEVEN INFOCOM LIMITED,48,203
Information Technology & Communication Department,Tera Software Ltd,0,86
Jharkhand,Emdee Digitronics Pvt.Ltd.,0,43
Jharkhand,MKS Enterprises,1,42
Jharkhand,Nevaeh Technology Pvt. Ltd.,0,10
Jharkhand,Smart Chip Limited,75,6
Jharkhand,Systematic & Advance Const P L,0,14
Jharkhand,VISION COMPTECH INTEGRATOR LTD,0,140
Jharkhand,Wipro Ltd,557,2048
Mission Convergence - GNCT Del,Karvy Computershare Private Li,10,13
Mission Convergence - GNCT Del,Matrix Processing House,4,0
Mission Convergence - GNCT Del,NVR & ASSOCIATES LIMITED,143,14
Mission Convergence - GNCT Del,Tera Software Ltd,5,0
NSDL e-Governance Infrastructure Limited,Abhipra Capital Ltd,132,212
NSDL e-Governance Infrastructure Limited,Alankit Assignments Limited,429,558
NSDL e-Governance Infrastructure Limited,Alankit Finsec Ltd,545,208
NSDL e-Governance Infrastructure Limited,Delhi Integrated MMTS Ltd,0,1
NSDL e-Governance Infrastructure Limited,Global Finsol Private Limited,0,1
NSDL e-Governance Infrastructure Limited,Gujarat Infotech Ltd.,2232,23
NSDL e-Governance Infrastructure Limited,INTEGRATED REGISTRY SERVICES LTD,6,2
NSDL e-Governance Infrastructure Limited,Karvy Consultants Limited,0,7
NSDL e-Governance Infrastructure Limited,Karvy Data Management Services,6577,3280
NSDL e-Governance Infrastructure Limited,N.K. Sharma Enterprises Ltd.,1,13
NSDL e-Governance Infrastructure Limited,Netlink software Pvt Ltd,152,348
NSDL e-Governance Infrastructure Limited,Offshoot Agency Pvt. Ltd.,507,36
NSDL e-Governance Infrastructure Limited,PROWIZ MANSYTEMS PVT LTD,0,7
NSDL e-Governance Infrastructure Limited,Promind Solutions P Limited,1335,501
NSDL e-Governance Infrastructure Limited,RELIGARE SECURITIES LTD,61,0
NSDL e-Governance Infrastructure Limited,Radiant Haroti Industries India Ltd,173,12
NSDL e-Governance Infrastructure Limited,Sri Ramraja Sarkar Lok Kalyan Trust,2,0
NSDL e-Governance Infrastructure Limited,Utility Forms Pvt Ltd,221,142
NSDL e-Governance Infrastructure Limited,VIRGO SOFTECH LIMITED,5,17
Oriental Bank of Commerce,DATASOFT COMPUTER SERVICES(P),1142,259
Oriental Bank of Commerce,Euro Finmart Ltd,15,11
Oriental Bank of Commerce,IL&FS LTD,3,0
Oriental Bank of Commerce,JNET Technologies Pvt.Ltd,232,60
Oriental Bank of Commerce,Redim Software Technologies Pvt Ltd,0,19
Oriental Bank of Commerce,Sri Ramraja Sarkar Lok Kalyan Trust,146,214
Oriental Bank of Commerce,Wipro Ltd,508,621
Principal Revenue Commissioner  Dept of Revenue  Govt of MP,Frontech Systems Pvt Ltd,730,385
Principal Revenue Commissioner  Dept of Revenue  Govt of MP,GDC Advertising Pvt. Limited,748,230
Principal Revenue Commissioner  Dept of Revenue  Govt of MP,K W Consulting P Ltd,1551,1232
Principal Revenue Commissioner  Dept of Revenue  Govt of MP,LYRA  CONSULTANCY SERVICE,122,215
Principal Revenue Commissioner  Dept of Revenue  Govt of MP,Netlink software Pvt Ltd,139,158
Principal Revenue Commissioner  Dept of Revenue  Govt of MP,OSWAL COMPUTERS & CONSULTANTS,288,354
Principal Revenue Commissioner  Dept of Revenue  Govt of MP,Tera Software Ltd,167,115
Principal Revenue Commissioner  Dept of Revenue  Govt of MP,The NSIC ltd,0,25
Principal Revenue Commissioner  Dept of Revenue  Govt of MP,Vedavaag Systems Limited,2479,714
RDD Govt of Tripura,Alankit Assignments Limited,0,7
Registrar General India - BEL,Manipur Electronics Dev Corp,0,3
Registrar General India BEL2,4G INFORMATICS,109,30
Registrar General India BEL2,Alankit Assignments Limited,359,0
Registrar General India BEL2,Chinar Construction Company Prime agency,199,0
Registrar General India BEL2,Computer LAB,951,838
Registrar General India BEL2,Eagle Software India Pvt. Ltd,27,78
Registrar General India BEL2,Emdee Digitronics Pvt.Ltd.,1669,1156
Registrar General India BEL2,In Media Computer Services LLP,46,5
Registrar General India BEL2,India Computer Technology,258,290
Registrar General India BEL2,Karvy Data Management Services,2100,681
Registrar General India BEL2,MACRO INFOTECH PVT LTD,10,71
Registrar General India BEL2,MKS Enterprises,154,72
Registrar General India BEL2,Madras Security Printers Ltd,11433,1716
Registrar General India BEL2,Manipur Electronics Dev Corp,255,46
Registrar General India BEL2,Multiwave Innovation,10259,1082
Registrar General India BEL2,NVR & ASSOCIATES LIMITED,456,747
Registrar General India BEL2,Netlink software Pvt Ltd,3,106
Registrar General India BEL2,Nevaeh Technology Pvt. Ltd.,4021,641
Registrar General India BEL2,Nielsen  India  Private Limited,333,663
Registrar General India BEL2,Om Softwares,13678,1397
Registrar General India BEL2,SREI INFRASTRUCTURE FINANCES L,306,143
Registrar General India BEL2,STRATEGIC OUTSOURCING SERVICE,342,178
Registrar General India BEL2,Satyanarayana Raju Company Pvt ltd,6470,1419
Registrar General India BEL2,Swathy Smartcards Hi-Tech Pvt,8965,2102
Registrar General India BEL2,Swiss Tech India Pvt Ltd,424,102
Registrar General India BEL2,Tera Software Ltd,501,368
Registrar General India BEL2,UNITED DATA SERVICES PRIVATE LIMITED,1,125
Registrar General India BEL2,Urmila Info solution,96,96
Registrar General India BEL2,VIRGO SOFTECH LIMITED,604,291
Registrar General India BEL2,Vansh Infotech Pvt Ltd,112,46
Registrar General India BEL2,Vayam technologies Ltd,14,14
Registrar General India BEL2,Vedavaag Systems Limited,6037,1539
Registrar General India BEL2,Viesa Technologies,1763,1122
Registrar General India BEL2,WEBEL,124,90
Registrar General India ECIL,AVVAS INFOTECH PVT  LTD,6546,2306
Registrar General India ECIL,BUSINESS INFORMATION PROCESSING SERVICES,0,2
Registrar General India ECIL,COMTECH INSTITUTE OFTECHNOLOGY,1685,980
Registrar General India ECIL,COMTECHINFO SOLUTIONS PVT.LTD,1052,79
Registrar General India ECIL,Chinar Construction Company Prime agency,2229,112
Registrar General India ECIL,Computer LAB,4555,1872
Registrar General India ECIL,Eagle Software India Pvt. Ltd,2942,5000
Registrar General India ECIL,Esoft Consulting Limited,1163,40
Registrar General India ECIL,Gundal Infotech Private Limited,146,91
Registrar General India ECIL,In Media Computer Services LLP,1964,733
Registrar General India ECIL,India Computer Technology,456,429
Registrar General India ECIL,Integrated Systems & Services,0,1
Registrar General India ECIL,Karvy Data Management Services,5994,2727
Registrar General India ECIL,Krishna Infotech,0,35
Registrar General India ECIL,LYRA  CONSULTANCY SERVICE,3,32
Registrar General India ECIL,Madras Security Printers Ltd,19232,1511
Registrar General India ECIL,Mphasis Ltd,1634,491
Registrar General India ECIL,Netwing Technologies Pvt Ltd,2,1
Registrar General India ECIL,Nielsen  India  Private Limited,16,172
Registrar General India ECIL,Pioneer E Labs limited,0,28
Registrar General India ECIL,Quick Data IT Services Pvt Ltd,0,1
Registrar General India ECIL,SARADA SYSTEMS,8,26
Registrar General India ECIL,SWISSTECH NPR 57CR PROJECT PVT,259,124
Registrar General India ECIL,Tera Software Ltd,235,63
Registrar General India ECIL,VEETECHNOLOGIES PVT. LTD,26,11
Registrar General India ECIL,Vedavaag Systems Limited,2991,552
Registrar General India Others,COMTECHINFO SOLUTIONS PVT.LTD,0,3
Registrar General India Others,Computer LAB,0,4
Registrar General India Others,Eagle Software India Pvt. Ltd,0,2
Registrar General India Others,In Media Computer Services LLP,44,0
Registrar General India Others,Karvy Data Management Services,0,1
Registrar General India Others,Madras Security Printers Ltd,0,4
Registrar General India Others,Om Softwares,5,15
Registrar General India Others,Swathy Smartcards Hi-Tech Pvt,0,631
Registrar General India Others,Tera Software Ltd,0,3
Registrar General India Others,Vansh Infotech Pvt Ltd,0,4
Registrar General India Others,Vedavaag Systems Limited,5,1
Registrar General India Others,WEBEL TECHNOLOGY LIMITED,1,0
Registrar General of India ITI,COMTECH INSTITUTE OFTECHNOLOGY,0,3
Registrar General of India ITI,CommunitiWorks Welfare Society,15,0
Registrar General of India ITI,Eagle Software India Pvt. Ltd,74,380
Registrar General of India ITI,Emdee Digitronics Pvt.Ltd.,2993,4191
Registrar General of India ITI,FINANCIAL INFORMATION NETWORK,138,113
Registrar General of India ITI,In Media Computer Services LLP,1642,50
Registrar General of India ITI,Karvy Data Management Services,3087,1216
Registrar General of India ITI,MACRO INFOTECH PVT LTD,309,15
Registrar General of India ITI,MKS Enterprises,242,71
Registrar General of India ITI,Madras Security Printers Ltd,26,98
Registrar General of India ITI,Mphasis Ltd,5031,1024
Registrar General of India ITI,Multiwave Innovation,0,3
Registrar General of India ITI,Netlink software Pvt Ltd,2,9
Registrar General of India ITI,Nielsen  India  Private Limited,2517,990
Registrar General of India ITI,PROTEX COMPUTER PVT LTD,447,193
Registrar General of India ITI,Quick Data IT Services Pvt Ltd,13,4
Registrar General of India ITI,SREI INFRASTRUCTURE FINANCES L,42,54
Registrar General of India ITI,STRATEGIC OUTSOURCING SERVICE,2,105
Registrar General of India ITI,Satyanarayana Raju Company Pvt ltd,1796,330
Registrar General of India ITI,Swathy Smartcards Hi-Tech Pvt,183,60
Registrar General of India ITI,Swiss Tech India Pvt Ltd,195,18
Registrar General of India ITI,VEETECHNOLOGIES PVT. LTD,0,4
Registrar General of India ITI,VIRGO SOFTECH LIMITED,1211,581
Registrar General of India ITI,Vedavaag Systems Limited,4445,2601
Registrar General of India ITI,WEBEL TECHNOLOGY LIMITED,30354,4180
Registrar General of India ITI,Webx Technologies Private Limited,0,1
State Bank of Bikaner & Jaipur,Multiwave Innovation,0,2
State Bank of India,Delhi Integrated MMTS Ltd,0,1
State Bank of India,Smart Chip Limited,8,0
UIDAI-Registrar,UIDAI-EA,36,8
UT of Puducherry,Madras Security Printers Ltd,9,14
Union Bank,FINANCIAL INFORMATION NETWORK,5635,4461
Union Bank,Smart Chip Limited,3622,2040
Union Bank,Vakrangee Softwares Limited,1121,1840
