Registrar,Enrolment Agency,Aadhaar generated,Enrolment Rejected
Allahabad Bank,Vakrangee Softwares Limited,71,15
Bank Of India,A3 Logics  India  Ltd,1296,143
Bank Of India,Akanksha International,138,18
Bank Of India,Blue Circle Instrument,1082,180
Bank Of India,CHESSY CONSULTANTS PVT LTD,336,16
Bank Of India,DATASOFT COMPUTER SERVICES(P),1274,81
Bank Of India,Emdee Digitronics Pvt.Ltd.,22,2
Bank Of India,Frontech Systems Pvt Ltd,75,9
Bank Of India,MANTRA SOFTTECH (INDIA) PVTLTD,26,3
Bank Of India,Matrix Processing House,89,516
Bank Of India,OSWAL COMPUTERS & CONSULTANTS,1011,162
Bank Of India,PROTEX COMPUTER PVT LTD,114,35
Bank Of India,SARADA SYSTEMS,1198,105
Bank Of India,SHRIKRISHNA KHANDASARI SUGAR M,1040,181
Bank Of India,SPANCO,252,46
Bank Of India,SREI INFRASTRUCTURE FINANCES L,2331,817
Bank Of India,Silver Touch Technologies Ltd,48,15
Bank Of India,Systematic & Advance Const P L,120,133
Bank Of India,VEETECHNOLOGIES PVT. LTD,2421,460
Bank Of India,VIRGO SOFTECH LIMITED,2,2
Bank Of India,Vakrangee Softwares Limited,11,7
Bank of Baroda,Global Finsol Private Limited,105,55
Bank of Maharashtra,Alankit Finsec Ltd,12,3
Bank of Maharashtra,FINANCIAL INFORMATION NETWORK,678,14
Bank of Maharashtra,Micro Technologies India Ltd,46,1
Bank of Maharashtra,Tera Software Ltd,1828,205
CSC e-Governance Services India Limited,A I Soc for Electronics and Comp Tech,3882,327
CSC e-Governance Services India Limited,AKSH OPTIFIBRE LIMITED,1127,71
CSC e-Governance Services India Limited,BASIX,2281,199
CSC e-Governance Services India Limited,CALANCE SOFTWARE PRIVATE LTD,465,34
CSC e-Governance Services India Limited,CMS Computers Ltd,4372,595
CSC e-Governance Services India Limited,CSC e-Governance Services India Limited,5157,180
CSC e-Governance Services India Limited,Intelligent Communication Sys India Ltd,158,24
CSC e-Governance Services India Limited,MANTRA SOFTTECH (INDIA) PVTLTD,2673,50
CSC e-Governance Services India Limited,Network for Information & Computer,1211,119
CSC e-Governance Services India Limited,Reliance Communication Limited,91,7
CSC e-Governance Services India Limited,SPANCO,484,97
CSC e-Governance Services India Limited,Tera Software Ltd,184,2
CSC e-Governance Services India Limited,United Telecoms e-Services Pvt Ltd,942,112
CSC e-Governance Services India Limited,VIKALP MULTIMEDIA,557,29
CSC e-Governance Services India Limited,Vakrangee Softwares Limited,1013,52
CSC e-Governance Services India Limited,Zephyr System Pvt.Ltd.,9090,245
Canara Bank,Ojus Healthcare Private Limited,28,10
Canara Bank,Osiris Infotech Pvt. Ltd.,173,14
Central Bank of India,CALANCE SOFTWARE PRIVATE LTD,54,11
Central Bank of India,IAP COMPANY Pvt. Ltd,895,167
Central Bank of India,MANTRA SOFTTECH (INDIA) PVTLTD,2,4
Central Bank of India,The Peerless General Finance,289,23
DENA BANK,ATISHAY INFOTECH PVT. LTD.,1977,160
DENA BANK,AVVAS INFOTECH PVT  LTD,2975,128
DENA BANK,BNR UDYOG LIMITED,2103,38
DENA BANK,Bloom Solutions Pvt Ltd,3987,579
DENA BANK,Business Information Processing Services,1318,66
DENA BANK,CALANCE SOFTWARE PRIVATE LTD,147,72
DENA BANK,DATASOFT COMPUTER SERVICES(P),127,11
DENA BANK,DEVASHISH SECURITIES PVT. LTD.,270,0
DENA BANK,Gujarat Infotech Ltd.,1088,30
DENA BANK,IAP COMPANY Pvt. Ltd,715,48
DENA BANK,JNET Technologies Pvt.Ltd,1077,158
DENA BANK,K W Consulting P Ltd,772,157
DENA BANK,MARS Telecom Systems Pvt Ltd,45,0
DENA BANK,MEGHA VINCOM PVT LTD,33,0
DENA BANK,Multiwave Innovation,2361,100
DENA BANK,Narayana Electricals Solution Pvt Ltd,280,67
DENA BANK,Netlink software Pvt Ltd,2569,94
DENA BANK,Offshoot Agency Pvt. Ltd.,143,30
DENA BANK,Prodigy Systems and Services Private Limited,16,16
DENA BANK,Radiant Haroti Industries India Ltd,177,16
DENA BANK,Soc for Advancement of Environ Science,503,4
DENA BANK,Super Printers,3083,141
DENA BANK,Systematic & Advance Const P L,2392,117
DENA BANK,TechSmart India Pvt Ltd,1235,233
DENA BANK,Tera Software Ltd,5,27
DENA BANK,WEBEL,1008,174
DENA BANK,Zephyr System Pvt.Ltd.,846,168
Delhi - Central DC,Smart Chip Limited,3,8
Delhi - East DC,DATASOFT COMPUTER SERVICES(P),157,29
Delhi - ND DC,Smart Chip Limited,1,2
Delhi - NE DC,Smart Chip Limited,6,15
Delhi - North DC,CALANCE SOFTWARE PRIVATE LTD,686,71
Delhi - North DC,NVR & ASSOCIATES LIMITED,478,60
Delhi - North DC,Smart Chip Limited,1,0
Delhi SW DC,VIRGO SOFTECH LIMITED,241,9
Delhi- South DC,Karvy Computershare Private Li,44,9
Delhi- South DC,Smart Chip Limited,0,2
Delhi- West DC,Matrix Processing House,2,0
Delhi- West DC,VIRGO SOFTECH LIMITED,51,6
Delhi-NW DC,Karvy Computershare Private Li,124,3
Department of Information Technology Govt of Jharkhand,Blue Circle Instrument,43,12
Department of Information Technology Govt of Jharkhand,MKS Enterprises,61,6
Department of Information Technology Govt of Jharkhand,Systematic & Advance Const P L,0,1
Department of Information Technology Govt of Jharkhand,Vayam technologies Ltd,1,0
Department of Information Technology Govt of Jharkhand,Wipro Ltd,260,141
Dept of ITC Govt of Rajasthan,ATISHAY INFOTECH PVT. LTD.,327,115
Dept of ITC Govt of Rajasthan,AVVAS INFOTECH PVT  LTD,949,1053
Dept of ITC Govt of Rajasthan,Alankit Finsec Ltd,32,43
Dept of ITC Govt of Rajasthan,Business Information Processing Services,14,12
Dept of ITC Govt of Rajasthan,DATASOFT COMPUTER SERVICES(P),1122,233
Dept of ITC Govt of Rajasthan,Gem Computers,292,163
Dept of ITC Govt of Rajasthan,MANTRA SOFTTECH (INDIA) PVTLTD,211,14
Dept of ITC Govt of Rajasthan,Multiwave Innovation,19,28
Dept of ITC Govt of Rajasthan,Netlink software Pvt Ltd,4,17
Dept of ITC Govt of Rajasthan,TechSmart India Pvt Ltd,501,30
Dept of ITC Govt of Rajasthan,Transline Technologies P Ltd,543,44
Dept of ITC Govt of Rajasthan,VIRGO SOFTECH LIMITED,288,52
Dept of ITC Govt of Rajasthan,Vakrangee Softwares Limited,1516,140
Dept of ITC Govt of Rajasthan,Vayam technologies Ltd,563,275
FCR Govt of Haryana,4G INFORMATICS,167,61
FCR Govt of Haryana,Academy of Management Studies,74,0
FCR Govt of Haryana,Radiant Info Systems Ltd,769,52
FCR Govt of Haryana,SoftAge Information Technology Limited,979,103
FCR Govt of Haryana,Vakrangee Softwares Limited,7,4
FCR Govt of Haryana,Vayam technologies Ltd,678,114
FCS Govt of Punjab,CSS TECHNERGY LIMITED,0,1
FCS Govt of Punjab,Delhi Integrated MMTS Ltd,1,0
FCS Govt of Punjab,District Sukhmani Society  Jalandhar  Punjab,9,0
FCS Govt of Punjab,District Sukhmani Society  Ludhiana  Punjab,105,4
FCS Govt of Punjab,District Sukhmani Society Amritsar Punjab,43,1
FCS Govt of Punjab,District Sukhmani Society Barnala Punjab,30,4
FCS Govt of Punjab,District Sukhmani Society Bathinda Punjab,38,9
FCS Govt of Punjab,District Sukhmani Society Fatehgarh Sahib Punjab,115,7
FCS Govt of Punjab,District Sukhmani Society Fazilka Punjab,33,1
FCS Govt of Punjab,District Sukhmani Society Ferozepur Punjab,65,6
FCS Govt of Punjab,District Sukhmani Society For Citizen Services Mansa Punjab,109,7
FCS Govt of Punjab,District Sukhmani Society For Citizen Services Nawanshahr Punjab,122,8
FCS Govt of Punjab,District Sukhmani Society For Citizen Services SAS Nagar District e-Governance Society Punjab,113,1
FCS Govt of Punjab,District Sukhmani Society Pathankot Punjab,8,0
FCS Govt of Punjab,District Sukhmani Society Patiala Punjab,24,3
FCS Govt of Punjab,District Sukhmani Society Rupnagar Punjab,8,1
FCS Govt of Punjab,District Sukhmani Society Sangrur Punjab,36,3
FCS Govt of Punjab,District Sukhmani Society Sri Muktsar Sahib Punjab,4,4
FCS Govt of Punjab,District Sukhmani Society Tarn Taran Punjab,17,0
FCS Govt of Punjab,Diwakar Commercials Pvt Ltd,1,0
FCS Govt of Punjab,Karvy Computershare Private Li,1199,222
FCS Govt of Punjab,Sukhmani Society For Citizens Services Faridkot Punjab,62,1
FCS Govt of Punjab,Suwidha Society Hoshiarpur Punjab,55,0
FCS Govt of Punjab,Vayam technologies Ltd,1604,534
FCS Govt of Punjab,eCentric solutions pvt ltd,701,62
Govt of Andhra Pradesh,Gouthami Educational Society,64,70
Govt of Andhra Pradesh,GrapeSoft,339,32
Govt of Andhra Pradesh,INFRONICS SYSTEMS LTD,43,61
Govt of Andhra Pradesh,SREEVEN INFOCOM LIMITED,44,101
Govt of Andhra Pradesh,TechSmart India Pvt Ltd,84,29
Govt of Andhra Pradesh,Tera Software Ltd,37,20
Govt of Goa,MARS Telecom Systems Pvt Ltd,51,4
Govt of Gujarat,GSS Infotech Ltd,561,40
Govt of Gujarat,Karvy Computershare Private Li,3388,124
Govt of Gujarat,Silver Touch Technologies Ltd,7214,455
Govt of Gujarat,Tera Software Ltd,2387,134
Govt of Gujarat,Transline Technologies P Ltd,37,10
Govt of Gujarat,Vayam technologies Ltd,6251,785
Govt of Gujarat,eCentric solutions pvt ltd,1623,198
Govt of Himachal Pradesh,Wipro Ltd,7,4
Govt of Himachal Pradesh,i-Grandee SoftwareTechnologies,10,2
Govt of Karnataka ,BNR UDYOG LIMITED,84,8
Govt of Karnataka ,Bloom Solutions Pvt Ltd,484,23
Govt of Karnataka ,MARS Telecom Systems Pvt Ltd,783,106
Govt of Karnataka ,Ninestars Information Technologies Ltd,3,199
Govt of Karnataka ,Om Softwares,30,60
Govt of Karnataka ,Origin ITFS Pvt Ltd,1760,472
Govt of Karnataka ,Radiant Info Systems Ltd,188,2
Govt of Karnataka ,SREEVEN INFOCOM LIMITED,742,226
Govt of Kerala,Akshaya,1810,48
Govt of Kerala,Keltron,46,13
Govt of Maharashtra,Adcc Infocad Pvt.Ltd Nagpur,14,0
Govt of Maharashtra,Alankit Finsec Ltd,8,9
Govt of Maharashtra,Bharat Technical Solutions Private Limited,625,15
Govt of Maharashtra,Eagle press pvt ltd,20,0
Govt of Maharashtra,GLODYNE TECHNOSERVE,1,2
Govt of Maharashtra,Global Finsol Private Limited,9,1
Govt of Maharashtra,Karvy Computershare Private Li,1173,47
Govt of Maharashtra,M/S King Computer System pvt Ltd,38,2
Govt of Maharashtra,M/s. Vidya Online  Pune,38,2
Govt of Maharashtra,Narayana Electricals Solution Pvt Ltd,12,243
Govt of Maharashtra,Netlink software Pvt Ltd,574,70
Govt of Maharashtra,Rudranee Infotech Ltd,269,76
Govt of Maharashtra,SETU MAHARASHTRA,545,12
Govt of Maharashtra,SHREERAM PRINTING PRESS,118,1
Govt of Maharashtra,SILVER JUBILEE MOTORS LTD.,117,3
Govt of Maharashtra,SPANCO,464,16
Govt of Maharashtra,STRATEGIC OUTSOURCING SERVICE,152,19
Govt of Maharashtra,Silver Touch Technologies Ltd,1206,35
Govt of Maharashtra,Systematic & Advance Const P L,6,0
Govt of Maharashtra,TechSmart India Pvt Ltd,26,1
Govt of Maharashtra,Transline Technologies P Ltd,149,15
Govt of Maharashtra,Vidarbha Infotech Pvt Ltd,8,0
Govt of Maharashtra,Wipro Ltd,2812,61
Govt of Sikkim - Dept of Econo,Department of Economics Statistics  Monitoring and Evaluation DESME,43,2
IDBI Bank ltd,ATISHAY INFOTECH PVT. LTD.,191,33
IDBI Bank ltd,Matrix Processing House,0,21
IDBI Bank ltd,SREEVEN INFOCOM LIMITED,1054,116
IDBI Bank ltd,UTI TECHNOLOGY SERVICES LIMITE,584,9
Indiapost,Delhi Integrated MMTS Ltd,83,82
Indiapost,GLODYNE TECHNOSERVE,3,0
Indiapost,Global Finsol Private Limited,65,24
Indiapost,M/S STAR DATA CENTRE,73,15
Indiapost,MARS Telecom Systems Pvt Ltd,175,20
Indiapost,Madras Security Printers Ltd,0,1
Indiapost,Smart Chip Limited,1,3
Indiapost,Vayam technologies Ltd,153,24
Indiapost,WEBEL,10,11
Information Technology & Communication Department,4G INFORMATICS,33,75
Information Technology & Communication Department,BNR UDYOG LIMITED,16,9
Information Technology & Communication Department,Bloom Solutions Pvt Ltd,0,2
Information Technology & Communication Department,CSS TECHNERGY LIMITED,4,9
Information Technology & Communication Department,Directorate of ESD,1034,169
Information Technology & Communication Department,GDC Advertising Pvt. Limited,0,2
Information Technology & Communication Department,JYOTHI COMPUTER SERVICES,28,19
Information Technology & Communication Department,Karvy Data Management Services,4,7
Information Technology & Communication Department,MARS Telecom Systems Pvt Ltd,96,15
Information Technology & Communication Department,SREEVEN INFOCOM LIMITED,7359,335
Information Technology & Communication Department,Tera Software Ltd,51,35
Jharkhand,Blue Circle Instrument,3,0
Jharkhand,Emdee Digitronics Pvt.Ltd.,8,12
Jharkhand,MKS Enterprises,61,5
Jharkhand,Nevaeh Technology Pvt. Ltd.,22,25
Jharkhand,STRATEGIC OUTSOURCING SERVICE,1,0
Jharkhand,Smart Chip Limited,3,8
Jharkhand,Systematic & Advance Const P L,17,45
Jharkhand,VISION COMPTECH INTEGRATOR LTD,72,62
Jharkhand,Wipro Ltd,1705,288
Mission Convergence - GNCT Del,Karvy Computershare Private Li,6,24
Mission Convergence - GNCT Del,NVR & ASSOCIATES LIMITED,57,6
NSDL e-Governance Infrastructure Limited,Abhipra Capital Ltd,544,121
NSDL e-Governance Infrastructure Limited,Alankit Assignments Limited,2022,190
NSDL e-Governance Infrastructure Limited,Alankit Finsec Ltd,382,28
NSDL e-Governance Infrastructure Limited,Delhi Integrated MMTS Ltd,2,1
NSDL e-Governance Infrastructure Limited,Global Finsol Private Limited,3,1
NSDL e-Governance Infrastructure Limited,Gujarat Infotech Ltd.,98,213
NSDL e-Governance Infrastructure Limited,INTEGRATED REGISTRY SERVICES LTD,49,2
NSDL e-Governance Infrastructure Limited,Karvy Consultants Limited,15,3
NSDL e-Governance Infrastructure Limited,Karvy Data Management Services,12800,1515
NSDL e-Governance Infrastructure Limited,N.K. Sharma Enterprises Ltd.,123,6
NSDL e-Governance Infrastructure Limited,Netlink software Pvt Ltd,3541,220
NSDL e-Governance Infrastructure Limited,PROWIZ MANSYTEMS PVT LTD,132,287
NSDL e-Governance Infrastructure Limited,Promind Solutions P Limited,1708,76
NSDL e-Governance Infrastructure Limited,RELIGARE SECURITIES LTD,24,0
NSDL e-Governance Infrastructure Limited,Radiant Haroti Industries India Ltd,1487,10
NSDL e-Governance Infrastructure Limited,Utility Forms Pvt Ltd,147,5
NSDL e-Governance Infrastructure Limited,VIRGO SOFTECH LIMITED,37,211
Oriental Bank of Commerce,DATASOFT COMPUTER SERVICES(P),939,352
Oriental Bank of Commerce,Euro Finmart Ltd,59,10
Oriental Bank of Commerce,JNET Technologies Pvt.Ltd,706,81
Oriental Bank of Commerce,Redim Software Technologies Pvt Ltd,10,2
Oriental Bank of Commerce,Sri Ramraja Sarkar Lok Kalyan Trust,1282,338
Oriental Bank of Commerce,Wipro Ltd,1595,183
Others,Others,0,5
Principal Revenue Commissioner  Dept of Revenue  Govt of MP,Frontech Systems Pvt Ltd,1879,79
Principal Revenue Commissioner  Dept of Revenue  Govt of MP,GDC Advertising Pvt. Limited,733,77
Principal Revenue Commissioner  Dept of Revenue  Govt of MP,K W Consulting P Ltd,6411,1005
Principal Revenue Commissioner  Dept of Revenue  Govt of MP,LYRA  CONSULTANCY SERVICE,1365,78
Principal Revenue Commissioner  Dept of Revenue  Govt of MP,Netlink software Pvt Ltd,1464,71
Principal Revenue Commissioner  Dept of Revenue  Govt of MP,OSWAL COMPUTERS & CONSULTANTS,960,122
Principal Revenue Commissioner  Dept of Revenue  Govt of MP,Tera Software Ltd,1079,82
Principal Revenue Commissioner  Dept of Revenue  Govt of MP,The NSIC ltd,9,4
Principal Revenue Commissioner  Dept of Revenue  Govt of MP,Vedavaag Systems Limited,3271,1108
Punjab and Sind Bank,Matrix Processing House,1,0
RDD Govt of Tripura,Alankit Assignments Limited,4,0
Registrar General India - BEL,Swathy Smartcards Hi-Tech Pvt,4,0
Registrar General India BEL2,4G INFORMATICS,458,2
Registrar General India BEL2,Alankit Assignments Limited,4,6
Registrar General India BEL2,Bharat Electronics Limited,82,0
Registrar General India BEL2,Computer LAB,2667,282
Registrar General India BEL2,Eagle Software India Pvt. Ltd,59,1
Registrar General India BEL2,Emdee Digitronics Pvt.Ltd.,3960,160
Registrar General India BEL2,In Media Computer Services LLP,842,0
Registrar General India BEL2,India Computer Technology,1816,99
Registrar General India BEL2,Karvy Data Management Services,6622,1420
Registrar General India BEL2,MACRO INFOTECH PVT LTD,323,289
Registrar General India BEL2,MKS Enterprises,551,5
Registrar General India BEL2,Madras Security Printers Ltd,2813,1009
Registrar General India BEL2,Manipur Electronics Dev Corp,111,0
Registrar General India BEL2,Multiwave Innovation,2204,585
Registrar General India BEL2,NVR & ASSOCIATES LIMITED,477,28
Registrar General India BEL2,Netlink software Pvt Ltd,1487,75
Registrar General India BEL2,Nevaeh Technology Pvt. Ltd.,2992,676
Registrar General India BEL2,Nielsen  India  Private Limited,5100,823
Registrar General India BEL2,Om Softwares,5649,199
Registrar General India BEL2,SREEVEN INFOCOM LIMITED,2,1
Registrar General India BEL2,SREI INFRASTRUCTURE FINANCES L,1995,39
Registrar General India BEL2,STRATEGIC OUTSOURCING SERVICE,837,1046
Registrar General India BEL2,Satyanarayana Raju Company Pvt ltd,6502,1640
Registrar General India BEL2,Swathy Smartcards Hi-Tech Pvt,6790,2460
Registrar General India BEL2,Swiss Tech India Pvt Ltd,27,50
Registrar General India BEL2,Tera Software Ltd,1049,71
Registrar General India BEL2,UNITED DATA SERVICES PRIVATE LIMITED,634,77
Registrar General India BEL2,Urmila Info solution,1824,172
Registrar General India BEL2,VIRGO SOFTECH LIMITED,112,13
Registrar General India BEL2,Vansh Infotech Pvt Ltd,845,182
Registrar General India BEL2,Vayam technologies Ltd,19,7
Registrar General India BEL2,Vedavaag Systems Limited,6240,419
Registrar General India BEL2,Viesa Technologies,1725,69
Registrar General India BEL2,WEBEL,1364,112
Registrar General India ECIL,AVVAS INFOTECH PVT  LTD,5814,1717
Registrar General India ECIL,COMTECH INSTITUTE OFTECHNOLOGY,3717,38
Registrar General India ECIL,COMTECHINFO SOLUTIONS PVT.LTD,2202,48
Registrar General India ECIL,Chinar Construction Company Prime agency,6216,97
Registrar General India ECIL,Clairvoyance Technologies Pvt.,1,0
Registrar General India ECIL,Computer LAB,11659,557
Registrar General India ECIL,Eagle Software India Pvt. Ltd,17991,203
Registrar General India ECIL,Esoft Consulting Limited,552,159
Registrar General India ECIL,Gundal Infotech Private Limited,1093,16
Registrar General India ECIL,In Media Computer Services LLP,7797,255
Registrar General India ECIL,India Computer Technology,136,102
Registrar General India ECIL,Integrated Systems & Services,30,1
Registrar General India ECIL,Karvy Data Management Services,21821,1773
Registrar General India ECIL,Krishna Infotech,1,8
Registrar General India ECIL,LYRA  CONSULTANCY SERVICE,183,28
Registrar General India ECIL,Madras Security Printers Ltd,3933,126
Registrar General India ECIL,Mphasis Ltd,2761,627
Registrar General India ECIL,Netwing Technologies Pvt Ltd,3,1
Registrar General India ECIL,Nielsen  India  Private Limited,1235,30
Registrar General India ECIL,Pioneer E Labs limited,22,40
Registrar General India ECIL,Quick Data IT Services Pvt Ltd,1,1
Registrar General India ECIL,SARADA SYSTEMS,14304,2003
Registrar General India ECIL,SWISSTECH NPR 57CR PROJECT PVT,210,189
Registrar General India ECIL,Tera Software Ltd,1228,10
Registrar General India ECIL,VEETECHNOLOGIES PVT. LTD,83,0
Registrar General India ECIL,Vedavaag Systems Limited,1786,108
Registrar General India Others,Alankit Assignments Limited,0,1
Registrar General India Others,COMTECH INSTITUTE OFTECHNOLOGY,4,0
Registrar General India Others,COMTECHINFO SOLUTIONS PVT.LTD,1,0
Registrar General India Others,Computer LAB,2,0
Registrar General India Others,Eagle Software India Pvt. Ltd,1,0
Registrar General India Others,In Media Computer Services LLP,30,2
Registrar General India Others,Madras Security Printers Ltd,3,2
Registrar General India Others,Nielsen  India  Private Limited,0,1
Registrar General India Others,Om Softwares,2,1
Registrar General India Others,Swathy Smartcards Hi-Tech Pvt,1,4
Registrar General India Others,Tera Software Ltd,8,0
Registrar General India Others,VIRGO SOFTECH LIMITED,2,0
Registrar General India Others,Vedavaag Systems Limited,14,0
Registrar General of India ITI,COMTECH INSTITUTE OFTECHNOLOGY,1,0
Registrar General of India ITI,CSS TECHNERGY LIMITED,1,7
Registrar General of India ITI,CommunitiWorks Welfare Society,2,3
Registrar General of India ITI,Eagle Software India Pvt. Ltd,2758,81
Registrar General of India ITI,Emdee Digitronics Pvt.Ltd.,9829,1050
Registrar General of India ITI,FINANCIAL INFORMATION NETWORK,757,164
Registrar General of India ITI,In Media Computer Services LLP,1285,16
Registrar General of India ITI,Karvy Data Management Services,2482,276
Registrar General of India ITI,MACRO INFOTECH PVT LTD,1120,3
Registrar General of India ITI,MKS Enterprises,875,24
Registrar General of India ITI,Madras Security Printers Ltd,392,114
Registrar General of India ITI,Mphasis Ltd,554,7
Registrar General of India ITI,Multiwave Innovation,65,6
Registrar General of India ITI,Netlink software Pvt Ltd,1954,1166
Registrar General of India ITI,Nielsen  India  Private Limited,4247,109
Registrar General of India ITI,PROTEX COMPUTER PVT LTD,646,43
Registrar General of India ITI,Quick Data IT Services Pvt Ltd,2,0
Registrar General of India ITI,SREEVEN INFOCOM LIMITED,0,1
Registrar General of India ITI,SREI INFRASTRUCTURE FINANCES L,370,7
Registrar General of India ITI,STRATEGIC OUTSOURCING SERVICE,162,73
Registrar General of India ITI,Satyanarayana Raju Company Pvt ltd,1082,46
Registrar General of India ITI,Swathy Smartcards Hi-Tech Pvt,158,398
Registrar General of India ITI,Swiss Tech India Pvt Ltd,634,210
Registrar General of India ITI,TechSmart India Pvt Ltd,1,0
Registrar General of India ITI,VEETECHNOLOGIES PVT. LTD,412,0
Registrar General of India ITI,VIRGO SOFTECH LIMITED,1034,45
Registrar General of India ITI,Vedavaag Systems Limited,5838,128
Registrar General of India ITI,WEBEL TECHNOLOGY LIMITED,3316,441
Registrar General of India ITI,Webx Technologies Private Limited,9,0
State Bank of Bikaner & Jaipur,Multiwave Innovation,26,31
UIDAI-Registrar,UIDAI-EA,18,1
UT of Puducherry,Madras Security Printers Ltd,10,1
Union Bank,FINANCIAL INFORMATION NETWORK,7656,5694
Union Bank,Smart Chip Limited,12695,1631
Union Bank,Vakrangee Softwares Limited,4231,3158
