Registrar,Enrolment Agency,Aadhaar generated,Enrolment Rejected
Bank Of India,A3 Logics  India  Ltd,263,14
Bank Of India,Akanksha International,41,2
Bank Of India,Blue Circle Instrument,405,33
Bank Of India,CHESSY CONSULTANTS PVT LTD,206,5
Bank Of India,DATASOFT COMPUTER SERVICES(P),35,44
Bank Of India,Frontech Systems Pvt Ltd,10,2
Bank Of India,Matrix Processing House,142,10
Bank Of India,OSWAL COMPUTERS & CONSULTANTS,20,18
Bank Of India,PROTEX COMPUTER PVT LTD,21,1
Bank Of India,SARADA SYSTEMS,195,75
Bank Of India,SHRIKRISHNA KHANDASARI SUGAR M,213,4
Bank Of India,SPANCO,3,1
Bank Of India,SREI INFRASTRUCTURE FINANCES L,390,42
Bank Of India,Systematic & Advance Const P L,6,11
Bank Of India,VEETECHNOLOGIES PVT. LTD,763,32
Bank of Baroda,Global Finsol Private Limited,29,1
Bank of Maharashtra,FINANCIAL INFORMATION NETWORK,38,13
Bank of Maharashtra,Micro Technologies India Ltd,6,0
Bank of Maharashtra,Tera Software Ltd,2066,30
CSC e-Governance Services India Limited,A I Soc for Electronics and Comp Tech,805,243
CSC e-Governance Services India Limited,AKSH OPTIFIBRE LIMITED,299,10
CSC e-Governance Services India Limited,BASIX,908,58
CSC e-Governance Services India Limited,CALANCE SOFTWARE PRIVATE LTD,44,10
CSC e-Governance Services India Limited,CMS Computers Ltd,1434,51
CSC e-Governance Services India Limited,CSC e-Governance Services India Limited,2243,180
CSC e-Governance Services India Limited,Intelligent Communication Sys India Ltd,32,2
CSC e-Governance Services India Limited,MANTRA SOFTTECH (INDIA) PVTLTD,1061,21
CSC e-Governance Services India Limited,Network for Information & Computer,39,4
CSC e-Governance Services India Limited,Reliance Communication Limited,4,0
CSC e-Governance Services India Limited,SPANCO,192,27
CSC e-Governance Services India Limited,Tera Software Ltd,70,7
CSC e-Governance Services India Limited,United Telecoms e-Services Pvt Ltd,177,8
CSC e-Governance Services India Limited,VIKALP MULTIMEDIA,67,4
CSC e-Governance Services India Limited,Vakrangee Softwares Limited,512,46
CSC e-Governance Services India Limited,Zephyr System Pvt.Ltd.,2164,32
Canara Bank,Ojus Healthcare Private Limited,1,1
Canara Bank,Osiris Infotech Pvt. Ltd.,247,26
Central Bank of India,CALANCE SOFTWARE PRIVATE LTD,0,2
Central Bank of India,IAP COMPANY Pvt. Ltd,165,11
Central Bank of India,The Peerless General Finance,235,9
DENA BANK,ATISHAY INFOTECH PVT. LTD.,1430,70
DENA BANK,AVVAS INFOTECH PVT  LTD,313,36
DENA BANK,BNR UDYOG LIMITED,1226,6
DENA BANK,Binary Systems,1,0
DENA BANK,Bloom Solutions Pvt Ltd,1255,69
DENA BANK,Business Information Processing Services,41,0
DENA BANK,CALANCE SOFTWARE PRIVATE LTD,85,8
DENA BANK,DATASOFT COMPUTER SERVICES(P),482,34
DENA BANK,DEVASHISH SECURITIES PVT. LTD.,471,9
DENA BANK,Eagle Software India Pvt. Ltd,0,1
DENA BANK,Gujarat Infotech Ltd.,1883,14
DENA BANK,IAP COMPANY Pvt. Ltd,1086,10
DENA BANK,India Computer Technology,8,2
DENA BANK,JNET Technologies Pvt.Ltd,1873,12
DENA BANK,K W Consulting P Ltd,338,16
DENA BANK,MARS Telecom Systems Pvt Ltd,3,0
DENA BANK,MEGHA VINCOM PVT LTD,1,0
DENA BANK,Multiwave Innovation,2601,44
DENA BANK,Narayana Electricals Solution Pvt Ltd,382,13
DENA BANK,Netlink software Pvt Ltd,851,5
DENA BANK,Offshoot Agency Pvt. Ltd.,2,1
DENA BANK,Prodigy Systems and Services Private Limited,1,1
DENA BANK,Radiant Haroti Industries India Ltd,80,0
DENA BANK,Soc for Advancement of Environ Science,128,10
DENA BANK,Super Printers,2999,38
DENA BANK,Systematic & Advance Const P L,851,17
DENA BANK,TechSmart India Pvt Ltd,320,78
DENA BANK,Tera Software Ltd,116,1
DENA BANK,Transline Technologies P Ltd,111,9
DENA BANK,WEBEL,195,29
DENA BANK,Zephyr System Pvt.Ltd.,372,14
Delhi - East DC,DATASOFT COMPUTER SERVICES(P),207,42
Delhi - North DC,CALANCE SOFTWARE PRIVATE LTD,78,21
Delhi - North DC,NVR & ASSOCIATES LIMITED,43,1
Delhi- South DC,Karvy Computershare Private Li,7,4
Delhi- West DC,VIRGO SOFTECH LIMITED,77,2
Delhi-NW DC,Karvy Computershare Private Li,302,4
Department of Information Technology Govt of Jharkhand,Blue Circle Instrument,47,0
Department of Information Technology Govt of Jharkhand,MKS Enterprises,19,1
Department of Information Technology Govt of Jharkhand,Wipro Ltd,17,0
Dept of ITC Govt of Rajasthan,ATISHAY INFOTECH PVT. LTD.,244,4
Dept of ITC Govt of Rajasthan,AVVAS INFOTECH PVT  LTD,5,15
Dept of ITC Govt of Rajasthan,Alankit Finsec Ltd,2,1
Dept of ITC Govt of Rajasthan,DATASOFT COMPUTER SERVICES(P),434,36
Dept of ITC Govt of Rajasthan,Gem Computers,84,10
Dept of ITC Govt of Rajasthan,MANTRA SOFTTECH (INDIA) PVTLTD,33,1
Dept of ITC Govt of Rajasthan,TechSmart India Pvt Ltd,16,6
Dept of ITC Govt of Rajasthan,Transline Technologies P Ltd,135,8
Dept of ITC Govt of Rajasthan,VIRGO SOFTECH LIMITED,367,13
Dept of ITC Govt of Rajasthan,Vakrangee Softwares Limited,237,27
Dept of ITC Govt of Rajasthan,Vayam technologies Ltd,162,12
FCR Govt of Haryana,4G INFORMATICS,13,0
FCR Govt of Haryana,Academy of Management Studies,8,1
FCR Govt of Haryana,Radiant Info Systems Ltd,201,6
FCR Govt of Haryana,SoftAge Information Technology Limited,351,17
FCR Govt of Haryana,Vayam technologies Ltd,242,20
FCS Govt of Punjab,District Sukhmani Society  Ludhiana  Punjab,1,0
FCS Govt of Punjab,District Sukhmani Society Amritsar Punjab,37,0
FCS Govt of Punjab,District Sukhmani Society Barnala Punjab,9,1
FCS Govt of Punjab,District Sukhmani Society Bathinda Punjab,2,2
FCS Govt of Punjab,District Sukhmani Society Fatehgarh Sahib Punjab,5,2
FCS Govt of Punjab,District Sukhmani Society Fazilka Punjab,1,0
FCS Govt of Punjab,District Sukhmani Society Ferozepur Punjab,20,6
FCS Govt of Punjab,District Sukhmani Society For Citizen Services Mansa Punjab,22,0
FCS Govt of Punjab,District Sukhmani Society For Citizen Services Nawanshahr Punjab,39,8
FCS Govt of Punjab,District Sukhmani Society For Citizen Services SAS Nagar District e-Governance Society Punjab,71,2
FCS Govt of Punjab,District Sukhmani Society Patiala Punjab,0,1
FCS Govt of Punjab,District Sukhmani Society Sangrur Punjab,5,0
FCS Govt of Punjab,District Sukhmani Society Sri Muktsar Sahib Punjab,0,1
FCS Govt of Punjab,District Sukhmani Society Tarn Taran Punjab,0,1
FCS Govt of Punjab,Karvy Computershare Private Li,31,22
FCS Govt of Punjab,Sukhmani Society For Citizens Services Faridkot Punjab,6,0
FCS Govt of Punjab,Suwidha Society Hoshiarpur Punjab,23,5
FCS Govt of Punjab,Vayam technologies Ltd,87,14
FCS Govt of Punjab,eCentric solutions pvt ltd,379,30
Govt of Andhra Pradesh,Gouthami Educational Society,30,1
Govt of Andhra Pradesh,GrapeSoft,5,4
Govt of Andhra Pradesh,SREEVEN INFOCOM LIMITED,27,1
Govt of Andhra Pradesh,TechSmart India Pvt Ltd,10,0
Govt of Andhra Pradesh,Tera Software Ltd,5,4
Govt of Goa,MARS Telecom Systems Pvt Ltd,64,1
Govt of Gujarat,GSS Infotech Ltd,31,3
Govt of Gujarat,Karvy Computershare Private Li,2694,145
Govt of Gujarat,Silver Touch Technologies Ltd,1390,58
Govt of Gujarat,Tera Software Ltd,836,10
Govt of Gujarat,Transline Technologies P Ltd,5,3
Govt of Gujarat,Vayam technologies Ltd,857,14
Govt of Gujarat,eCentric solutions pvt ltd,170,37
Govt of Himachal Pradesh,i-Grandee SoftwareTechnologies,5,0
Govt of Karnataka ,BNR UDYOG LIMITED,0,1
Govt of Karnataka ,Bloom Solutions Pvt Ltd,189,0
Govt of Karnataka ,MARS Telecom Systems Pvt Ltd,133,9
Govt of Karnataka ,Om Softwares,1,0
Govt of Karnataka ,Origin ITFS Pvt Ltd,24,12
Govt of Karnataka ,Radiant Info Systems Ltd,2,0
Govt of Karnataka ,SREEVEN INFOCOM LIMITED,9,3
Govt of Kerala,Akshaya,380,11
Govt of Maharashtra,Bharat Technical Solutions Private Limited,53,2
Govt of Maharashtra,Eagle press pvt ltd,2,0
Govt of Maharashtra,Global Finsol Private Limited,7,0
Govt of Maharashtra,Karvy Computershare Private Li,931,95
Govt of Maharashtra,M/S King Computer System pvt Ltd,82,0
Govt of Maharashtra,M/s. Vidya Online  Pune,56,0
Govt of Maharashtra,Netlink software Pvt Ltd,221,4
Govt of Maharashtra,Rudranee Infotech Ltd,2,0
Govt of Maharashtra,SETU MAHARASHTRA,175,1
Govt of Maharashtra,SILVER JUBILEE MOTORS LTD.,59,2
Govt of Maharashtra,SPANCO,201,3
Govt of Maharashtra,STRATEGIC OUTSOURCING SERVICE,68,0
Govt of Maharashtra,Silver Touch Technologies Ltd,127,10
Govt of Maharashtra,Systematic & Advance Const P L,7,0
Govt of Maharashtra,TechSmart India Pvt Ltd,0,1
Govt of Maharashtra,Transline Technologies P Ltd,17,1
Govt of Maharashtra,Vidarbha Infotech Pvt Ltd,0,4
Govt of Maharashtra,Wipro Ltd,50,1
Govt of Sikkim - Dept of Econo,Department of Economics Statistics  Monitoring and Evaluation DESME,87,0
IDBI Bank ltd,ATISHAY INFOTECH PVT. LTD.,66,10
IDBI Bank ltd,SREEVEN INFOCOM LIMITED,276,2
IDBI Bank ltd,UTI TECHNOLOGY SERVICES LIMITE,141,2
Indiapost,Delhi Integrated MMTS Ltd,0,1
Indiapost,Global Finsol Private Limited,0,1
Indiapost,M/S STAR DATA CENTRE,108,0
Indiapost,MARS Telecom Systems Pvt Ltd,39,1
Indiapost,Vayam technologies Ltd,212,9
Indiapost,WEBEL,10,0
Information Technology & Communication Department,4G INFORMATICS,0,1
Information Technology & Communication Department,BNR UDYOG LIMITED,0,1
Information Technology & Communication Department,Directorate of ESD,328,32
Information Technology & Communication Department,MARS Telecom Systems Pvt Ltd,23,2
Information Technology & Communication Department,SREEVEN INFOCOM LIMITED,0,6
Information Technology & Communication Department,Tera Software Ltd,3,1
Jharkhand,MKS Enterprises,17,1
Jharkhand,Systematic & Advance Const P L,0,1
Jharkhand,VISION COMPTECH INTEGRATOR LTD,0,7
Jharkhand,Wipro Ltd,780,39
Mission Convergence - GNCT Del,Karvy Computershare Private Li,6,0
NSDL e-Governance Infrastructure Limited,Abhipra Capital Ltd,81,4
NSDL e-Governance Infrastructure Limited,Alankit Assignments Limited,369,38
NSDL e-Governance Infrastructure Limited,Alankit Finsec Ltd,129,13
NSDL e-Governance Infrastructure Limited,Gujarat Infotech Ltd.,0,1
NSDL e-Governance Infrastructure Limited,INTEGRATED REGISTRY SERVICES LTD,12,0
NSDL e-Governance Infrastructure Limited,Karvy Consultants Limited,12,0
NSDL e-Governance Infrastructure Limited,Karvy Data Management Services,3658,157
NSDL e-Governance Infrastructure Limited,N.K. Sharma Enterprises Ltd.,5,2
NSDL e-Governance Infrastructure Limited,Netlink software Pvt Ltd,381,21
NSDL e-Governance Infrastructure Limited,Promind Solutions P Limited,1310,71
NSDL e-Governance Infrastructure Limited,Radiant Haroti Industries India Ltd,6,2
NSDL e-Governance Infrastructure Limited,Utility Forms Pvt Ltd,358,2
NSDL e-Governance Infrastructure Limited,VIRGO SOFTECH LIMITED,53,2
Oriental Bank of Commerce,DATASOFT COMPUTER SERVICES(P),615,22
Oriental Bank of Commerce,JNET Technologies Pvt.Ltd,54,14
Oriental Bank of Commerce,Sri Ramraja Sarkar Lok Kalyan Trust,199,84
Oriental Bank of Commerce,Wipro Ltd,334,71
Principal Revenue Commissioner  Dept of Revenue  Govt of MP,Frontech Systems Pvt Ltd,116,84
Principal Revenue Commissioner  Dept of Revenue  Govt of MP,GDC Advertising Pvt. Limited,69,5
Principal Revenue Commissioner  Dept of Revenue  Govt of MP,K W Consulting P Ltd,1699,177
Principal Revenue Commissioner  Dept of Revenue  Govt of MP,LYRA  CONSULTANCY SERVICE,567,15
Principal Revenue Commissioner  Dept of Revenue  Govt of MP,Netlink software Pvt Ltd,187,26
Principal Revenue Commissioner  Dept of Revenue  Govt of MP,OSWAL COMPUTERS & CONSULTANTS,176,51
Principal Revenue Commissioner  Dept of Revenue  Govt of MP,Tera Software Ltd,130,15
Principal Revenue Commissioner  Dept of Revenue  Govt of MP,Vedavaag Systems Limited,992,51
Registrar General India BEL2,4G INFORMATICS,37,0
Registrar General India BEL2,Chinar Construction Company Prime agency,23,0
Registrar General India BEL2,Computer LAB,803,16
Registrar General India BEL2,Eagle Software India Pvt. Ltd,48,4
Registrar General India BEL2,Emdee Digitronics Pvt.Ltd.,655,23
Registrar General India BEL2,In Media Computer Services LLP,3,0
Registrar General India BEL2,India Computer Technology,124,7
Registrar General India BEL2,Karvy Data Management Services,962,3
Registrar General India BEL2,MACRO INFOTECH PVT LTD,373,8
Registrar General India BEL2,MKS Enterprises,1296,6
Registrar General India BEL2,Madras Security Printers Ltd,374,70
Registrar General India BEL2,Manipur Electronics Dev Corp,30,0
Registrar General India BEL2,Multiwave Innovation,1311,4
Registrar General India BEL2,NVR & ASSOCIATES LIMITED,9,1
Registrar General India BEL2,Netlink software Pvt Ltd,131,0
Registrar General India BEL2,Nevaeh Technology Pvt. Ltd.,733,36
Registrar General India BEL2,Nielsen  India  Private Limited,106,12
Registrar General India BEL2,Om Softwares,153,2
Registrar General India BEL2,SREI INFRASTRUCTURE FINANCES L,14,4
Registrar General India BEL2,STRATEGIC OUTSOURCING SERVICE,101,4
Registrar General India BEL2,Satyanarayana Raju Company Pvt ltd,2434,14
Registrar General India BEL2,Swathy Smartcards Hi-Tech Pvt,1320,570
Registrar General India BEL2,Swiss Tech India Pvt Ltd,364,16
Registrar General India BEL2,Tera Software Ltd,63,3
Registrar General India BEL2,UNITED DATA SERVICES PRIVATE LIMITED,128,0
Registrar General India BEL2,Urmila Info solution,143,1
Registrar General India BEL2,VIRGO SOFTECH LIMITED,236,2
Registrar General India BEL2,Vansh Infotech Pvt Ltd,930,1
Registrar General India BEL2,Vedavaag Systems Limited,37,2
Registrar General India BEL2,Viesa Technologies,1214,10
Registrar General India ECIL,AVVAS INFOTECH PVT  LTD,931,158
Registrar General India ECIL,COMTECH INSTITUTE OFTECHNOLOGY,1339,43
Registrar General India ECIL,COMTECHINFO SOLUTIONS PVT.LTD,43,4
Registrar General India ECIL,Chinar Construction Company Prime agency,277,5
Registrar General India ECIL,Computer LAB,2775,30
Registrar General India ECIL,Eagle Software India Pvt. Ltd,814,95
Registrar General India ECIL,Esoft Consulting Limited,948,2
Registrar General India ECIL,Gundal Infotech Private Limited,52,10
Registrar General India ECIL,In Media Computer Services LLP,734,2
Registrar General India ECIL,India Computer Technology,1,9
Registrar General India ECIL,Karvy Data Management Services,2494,377
Registrar General India ECIL,LYRA  CONSULTANCY SERVICE,88,0
Registrar General India ECIL,Madras Security Printers Ltd,3432,28
Registrar General India ECIL,Mphasis Ltd,111,2
Registrar General India ECIL,Nielsen  India  Private Limited,1183,4
Registrar General India ECIL,SWISSTECH NPR 57CR PROJECT PVT,760,16
Registrar General India ECIL,Tera Software Ltd,723,1
Registrar General India ECIL,VEETECHNOLOGIES PVT. LTD,271,2
Registrar General India ECIL,Vedavaag Systems Limited,1,4
Registrar General India Others,Madras Security Printers Ltd,3,0
Registrar General of India ITI,COMTECH INSTITUTE OFTECHNOLOGY,2,0
Registrar General of India ITI,Eagle Software India Pvt. Ltd,770,535
Registrar General of India ITI,Emdee Digitronics Pvt.Ltd.,6759,84
Registrar General of India ITI,FINANCIAL INFORMATION NETWORK,506,1
Registrar General of India ITI,In Media Computer Services LLP,784,10
Registrar General of India ITI,Karvy Data Management Services,1133,7
Registrar General of India ITI,MACRO INFOTECH PVT LTD,442,0
Registrar General of India ITI,MKS Enterprises,45,4
Registrar General of India ITI,Madras Security Printers Ltd,566,6
Registrar General of India ITI,Mphasis Ltd,231,2
Registrar General of India ITI,Nielsen  India  Private Limited,1421,19
Registrar General of India ITI,PROTEX COMPUTER PVT LTD,7,1
Registrar General of India ITI,SREI INFRASTRUCTURE FINANCES L,4,0
Registrar General of India ITI,STRATEGIC OUTSOURCING SERVICE,3,8
Registrar General of India ITI,Satyanarayana Raju Company Pvt ltd,15,0
Registrar General of India ITI,Swiss Tech India Pvt Ltd,99,0
Registrar General of India ITI,VIRGO SOFTECH LIMITED,161,3
Registrar General of India ITI,Vedavaag Systems Limited,181,30
Registrar General of India ITI,WEBEL TECHNOLOGY LIMITED,548,1
UIDAI-Registrar,UIDAI-EA,1,0
UT of Puducherry,Madras Security Printers Ltd,1,0
Union Bank,FINANCIAL INFORMATION NETWORK,5213,311
Union Bank,Smart Chip Limited,2416,359
Union Bank,Vakrangee Softwares Limited,965,70
