Registrar,Enrolment Agency,Aadhaar generated,Enrolment Rejected
Allahabad Bank,Tera Software Ltd,0,1
Allahabad Bank,Vakrangee Softwares Limited,0,5
Bank Of India,A3 Logics  India  Ltd,528,32
Bank Of India,Akanksha International,2,1
Bank Of India,Blue Circle Instrument,197,15
Bank Of India,CHESSY CONSULTANTS PVT LTD,3,5
Bank Of India,DATASOFT COMPUTER SERVICES(P),851,61
Bank Of India,Emdee Digitronics Pvt.Ltd.,0,1
Bank Of India,Frontech Systems Pvt Ltd,5,0
Bank Of India,MANTRA SOFTTECH (INDIA) PVTLTD,1,1
Bank Of India,Matrix Processing House,8,6
Bank Of India,OSWAL COMPUTERS & CONSULTANTS,2,7
Bank Of India,PROTEX COMPUTER PVT LTD,3,11
Bank Of India,SARADA SYSTEMS,610,39
Bank Of India,SHRIKRISHNA KHANDASARI SUGAR M,151,8
Bank Of India,SPANCO,1,2
Bank Of India,SREI INFRASTRUCTURE FINANCES L,1265,177
Bank Of India,Silver Touch Technologies Ltd,12,2
Bank Of India,Systematic & Advance Const P L,1,8
Bank Of India,VEETECHNOLOGIES PVT. LTD,173,35
Bank of Baroda,Global Finsol Private Limited,1,10
Bank of Maharashtra,FINANCIAL INFORMATION NETWORK,171,15
Bank of Maharashtra,Micro Technologies India Ltd,57,11
Bank of Maharashtra,Tera Software Ltd,300,161
CSC e-Governance Services India Limited,A I Soc for Electronics and Comp Tech,1518,189
CSC e-Governance Services India Limited,AKSH OPTIFIBRE LIMITED,365,69
CSC e-Governance Services India Limited,BASIX,510,198
CSC e-Governance Services India Limited,CALANCE SOFTWARE PRIVATE LTD,8,4
CSC e-Governance Services India Limited,CMS Computers Ltd,1419,372
CSC e-Governance Services India Limited,CSC e-Governance Services India Limited,923,81
CSC e-Governance Services India Limited,Intelligent Communication Sys India Ltd,9,56
CSC e-Governance Services India Limited,MANTRA SOFTTECH (INDIA) PVTLTD,510,24
CSC e-Governance Services India Limited,Mahaonline Limited,11,22
CSC e-Governance Services India Limited,Network for Information & Computer,81,27
CSC e-Governance Services India Limited,Reliance Communication Limited,1,4
CSC e-Governance Services India Limited,SPANCO,495,106
CSC e-Governance Services India Limited,Tera Software Ltd,131,13
CSC e-Governance Services India Limited,United Telecoms e-Services Pvt Ltd,272,294
CSC e-Governance Services India Limited,VIKALP MULTIMEDIA,7,61
CSC e-Governance Services India Limited,Vakrangee Softwares Limited,80,11
CSC e-Governance Services India Limited,Vayam technologies Ltd,21,0
CSC e-Governance Services India Limited,Vedavaag Systems Limited,5,17
CSC e-Governance Services India Limited,Zephyr System Pvt.Ltd.,1259,79
Canara Bank,Karvy Data Management Services,34,4
Canara Bank,Ojus Healthcare Private Limited,46,5
Canara Bank,Osiris Infotech Pvt. Ltd.,862,60
Canara Bank,Smart Chip Limited,2,29
Central Bank of India,CALANCE SOFTWARE PRIVATE LTD,0,5
Central Bank of India,IAP COMPANY Pvt. Ltd,59,30
Central Bank of India,The Peerless General Finance,48,11
DENA BANK,ATISHAY INFOTECH PVT. LTD.,690,41
DENA BANK,AVVAS INFOTECH PVT  LTD,4279,26
DENA BANK,Asha Security Guard Services,925,48
DENA BANK,Binary Systems,32,68
DENA BANK,Bloom Solutions Pvt Ltd,1807,170
DENA BANK,Business Information Processing Services,114,20
DENA BANK,CALANCE SOFTWARE PRIVATE LTD,4032,85
DENA BANK,DATASOFT COMPUTER SERVICES(P),1189,20
DENA BANK,DEVASHISH SECURITIES PVT. LTD.,0,15
DENA BANK,Eagle Software India Pvt. Ltd,33,24
DENA BANK,FINANCIAL INFORMATION NETWORK,789,7
DENA BANK,Gem Computers,35,25
DENA BANK,Gujarat Infotech Ltd.,4,7
DENA BANK,IAP COMPANY Pvt. Ltd,2782,99
DENA BANK,India Computer Technology,11,6
DENA BANK,JNET Technologies Pvt.Ltd,45,77
DENA BANK,K W Consulting P Ltd,71,64
DENA BANK,M/S STAR DATA CENTRE,751,0
DENA BANK,M/s Gold Square Builders & Promoters Pvt. Ltd.,300,89
DENA BANK,MEGHA VINCOM PVT LTD,3090,157
DENA BANK,Make India Smart Private Limited,927,70
DENA BANK,Multiwave Innovation,112,16
DENA BANK,NVR & ASSOCIATES LIMITED,4,1
DENA BANK,Narayana Electricals Solution Pvt Ltd,0,4
DENA BANK,Netlink software Pvt Ltd,399,79
DENA BANK,Offshoot Agency Pvt. Ltd.,66,9
DENA BANK,Prodigy Systems and Services Private Limited,3,9
DENA BANK,Radiant Haroti Industries India Ltd,318,7
DENA BANK,Silver Touch Technologies Ltd,2,0
DENA BANK,Soc for Advancement of Environ Science,61,15
DENA BANK,Super Printers,1331,54
DENA BANK,Systematic & Advance Const P L,25,14
DENA BANK,TechSmart India Pvt Ltd,2818,90
DENA BANK,Tera Software Ltd,900,62
DENA BANK,Transline Technologies P Ltd,1187,161
DENA BANK,VAP INFOSOLUTIONS,98,69
DENA BANK,VISION COMPTECH INTEGRATOR LTD,5,20
DENA BANK,Vedavaag Systems Limited,8,7
DENA BANK,WEBEL,770,56
DENA BANK,Zephyr System Pvt.Ltd.,901,74
Delhi - East DC,DATASOFT COMPUTER SERVICES(P),22,10
Delhi - ND DC,Smart Chip Limited,1,0
Delhi - NE DC,Smart Chip Limited,0,3
Delhi - North DC,CALANCE SOFTWARE PRIVATE LTD,235,12
Delhi - North DC,NVR & ASSOCIATES LIMITED,5,4
Delhi Urban Shelter Improvemen,Tera Software Ltd,0,1
Delhi- South DC,eCentric solutions pvt ltd,0,1
Delhi- West DC,VIRGO SOFTECH LIMITED,1,0
Delhi-NW DC,Karvy Computershare Private Li,76,11
Department of Information Technology Govt of Jharkhand,Blue Circle Instrument,1,11
Department of Information Technology Govt of Jharkhand,MKS Enterprises,0,2
Department of Information Technology Govt of Jharkhand,Wipro Ltd,0,2
Dept of ITC Govt of Rajasthan,ATISHAY INFOTECH PVT. LTD.,4,5
Dept of ITC Govt of Rajasthan,AVVAS INFOTECH PVT  LTD,7,21
Dept of ITC Govt of Rajasthan,Alankit Finsec Ltd,5,8
Dept of ITC Govt of Rajasthan,Business Information Processing Services,0,2
Dept of ITC Govt of Rajasthan,DATASOFT COMPUTER SERVICES(P),138,39
Dept of ITC Govt of Rajasthan,Gem Computers,4,6
Dept of ITC Govt of Rajasthan,Multiwave Innovation,3,2
Dept of ITC Govt of Rajasthan,Netlink software Pvt Ltd,12,8
Dept of ITC Govt of Rajasthan,TechSmart India Pvt Ltd,3,6
Dept of ITC Govt of Rajasthan,Transline Technologies P Ltd,39,11
Dept of ITC Govt of Rajasthan,VIRGO SOFTECH LIMITED,2,17
Dept of ITC Govt of Rajasthan,Vakrangee Softwares Limited,286,42
Dept of ITC Govt of Rajasthan,Vayam technologies Ltd,10,27
FCR Govt of Haryana,4G INFORMATICS,3,16
FCR Govt of Haryana,Academy of Management Studies,74,19
FCR Govt of Haryana,Radiant Info Systems Ltd,64,18
FCR Govt of Haryana,SoftAge Information Technology Limited,96,53
FCR Govt of Haryana,Vakrangee Softwares Limited,1,0
FCR Govt of Haryana,Vayam technologies Ltd,8,17
FCS Govt of Punjab,CSS TECHNERGY LIMITED,1,0
FCS Govt of Punjab,District Sukhmani Society  Jalandhar  Punjab,1,1
FCS Govt of Punjab,District Sukhmani Society  Ludhiana  Punjab,26,7
FCS Govt of Punjab,District Sukhmani Society  Moga  Punjab,8,8
FCS Govt of Punjab,District Sukhmani Society Amritsar Punjab,12,10
FCS Govt of Punjab,District Sukhmani Society Barnala Punjab,39,9
FCS Govt of Punjab,District Sukhmani Society Bathinda Punjab,32,6
FCS Govt of Punjab,District Sukhmani Society Fatehgarh Sahib Punjab,14,4
FCS Govt of Punjab,District Sukhmani Society Fazilka Punjab,7,7
FCS Govt of Punjab,District Sukhmani Society Ferozepur Punjab,11,3
FCS Govt of Punjab,District Sukhmani Society For Citizen Services Mansa Punjab,34,16
FCS Govt of Punjab,District Sukhmani Society For Citizen Services Nawanshahr Punjab,7,9
FCS Govt of Punjab,District Sukhmani Society For Citizen Services SAS Nagar District e-Governance Society Punjab,5,5
FCS Govt of Punjab,District Sukhmani Society Pathankot Punjab,15,1
FCS Govt of Punjab,District Sukhmani Society Patiala Punjab,44,8
FCS Govt of Punjab,District Sukhmani Society Rupnagar Punjab,8,1
FCS Govt of Punjab,District Sukhmani Society Sangrur Punjab,14,5
FCS Govt of Punjab,District Sukhmani Society Sri Muktsar Sahib Punjab,5,11
FCS Govt of Punjab,District Sukhmani Society Tarn Taran Punjab,3,1
FCS Govt of Punjab,Karvy Computershare Private Li,161,20
FCS Govt of Punjab,Sukhmani Society For Citizen Services Gurdaspur Punjab,2,0
FCS Govt of Punjab,Sukhmani Society For Citizens Services Faridkot Punjab,17,9
FCS Govt of Punjab,Suwidha Society Hoshiarpur Punjab,11,2
FCS Govt of Punjab,Vayam technologies Ltd,23,21
FCS Govt of Punjab,eCentric solutions pvt ltd,138,22
Govt of Andhra Pradesh,Gouthami Educational Society,86,4
Govt of Andhra Pradesh,GrapeSoft,1,9
Govt of Andhra Pradesh,INFRONICS SYSTEMS LTD,1,12
Govt of Andhra Pradesh,SREEVEN INFOCOM LIMITED,0,3
Govt of Andhra Pradesh,TechSmart India Pvt Ltd,0,1
Govt of Andhra Pradesh,Tera Software Ltd,10,18
Govt of Goa,MARS Telecom Systems Pvt Ltd,1,3
Govt of Gujarat,GSS Infotech Ltd,0,4
Govt of Gujarat,Karvy Computershare Private Li,1540,77
Govt of Gujarat,Silver Touch Technologies Ltd,855,34
Govt of Gujarat,Tera Software Ltd,128,34
Govt of Gujarat,Vayam technologies Ltd,11,28
Govt of Himachal Pradesh,i-Grandee SoftwareTechnologies,0,5
Govt of Karnataka ,BNR UDYOG LIMITED,0,1
Govt of Karnataka ,Bloom Solutions Pvt Ltd,27,17
Govt of Karnataka ,MARS Telecom Systems Pvt Ltd,12,44
Govt of Karnataka ,Ninestars Information Technologies Ltd,2,30
Govt of Karnataka ,Om Softwares,0,4
Govt of Karnataka ,Origin ITFS Pvt Ltd,12,19
Govt of Karnataka ,SREEVEN INFOCOM LIMITED,7,19
Govt of Kerala,Akshaya,769,87
Govt of Kerala,Keltron,3,1
Govt of Madhya Pradesh,VIRGO SOFTECH LIMITED,0,1
Govt of Maharashtra,Adcc Infocad Pvt.Ltd Nagpur,1,10
Govt of Maharashtra,Alankit Finsec Ltd,0,8
Govt of Maharashtra,Bharat Technical Solutions Private Limited,52,37
Govt of Maharashtra,Eagle press pvt ltd,0,4
Govt of Maharashtra,GLODYNE TECHNOSERVE,0,1
Govt of Maharashtra,Global Finsol Private Limited,2,12
Govt of Maharashtra,Karvy Computershare Private Li,34,22
Govt of Maharashtra,M/s. Vidya Online  Pune,0,1
Govt of Maharashtra,Narayana Electricals Solution Pvt Ltd,3,13
Govt of Maharashtra,Netlink software Pvt Ltd,26,16
Govt of Maharashtra,Network for Information & Computer,0,1
Govt of Maharashtra,Rudranee Infotech Ltd,27,4
Govt of Maharashtra,SETU MAHARASHTRA,39,15
Govt of Maharashtra,SHREERAM PRINTING PRESS,0,13
Govt of Maharashtra,SILVER JUBILEE MOTORS LTD.,8,3
Govt of Maharashtra,SPANCO,69,23
Govt of Maharashtra,STRATEGIC OUTSOURCING SERVICE,14,6
Govt of Maharashtra,Silver Touch Technologies Ltd,27,15
Govt of Maharashtra,TechSmart India Pvt Ltd,0,4
Govt of Maharashtra,Transline Technologies P Ltd,5,7
Govt of Maharashtra,Wipro Ltd,1,8
Govt of Sikkim - Dept of Econo,Department of Economics Statistics  Monitoring and Evaluation DESME,85,2
IDBI Bank ltd,ATISHAY INFOTECH PVT. LTD.,37,8
IDBI Bank ltd,Matrix Processing House,0,1
IDBI Bank ltd,SREEVEN INFOCOM LIMITED,56,30
IDBI Bank ltd,UTI TECHNOLOGY SERVICES LIMITE,935,122
Indiapost,Delhi Integrated MMTS Ltd,1,8
Indiapost,Global Finsol Private Limited,1,8
Indiapost,MARS Telecom Systems Pvt Ltd,0,14
Indiapost,The NSIC ltd,2,0
Indiapost,Vayam technologies Ltd,1,2
Indiapost,WEBEL,0,6
Information Technology & Communication Department,4G INFORMATICS,0,2
Information Technology & Communication Department,BNR UDYOG LIMITED,0,2
Information Technology & Communication Department,Bloom Solutions Pvt Ltd,0,1
Information Technology & Communication Department,CSS TECHNERGY LIMITED,0,2
Information Technology & Communication Department,Directorate of ESD,1031,1053
Information Technology & Communication Department,JYOTHI COMPUTER SERVICES,0,7
Information Technology & Communication Department,Karvy Data Management Services,0,1
Information Technology & Communication Department,MARS Telecom Systems Pvt Ltd,11,6
Information Technology & Communication Department,SREEVEN INFOCOM LIMITED,0,16
Information Technology & Communication Department,Tera Software Ltd,3,29
Jharkhand,Emdee Digitronics Pvt.Ltd.,138,13
Jharkhand,MKS Enterprises,0,2
Jharkhand,Nevaeh Technology Pvt. Ltd.,0,2
Jharkhand,Systematic & Advance Const P L,0,53
Jharkhand,VISION COMPTECH INTEGRATOR LTD,2,34
Jharkhand,Wipro Ltd,5,68
Mission Convergence - GNCT Del,Karvy Computershare Private Li,1,1
Mission Convergence - GNCT Del,NVR & ASSOCIATES LIMITED,3,2
NSDL e-Governance Infrastructure Limited,Abhipra Capital Ltd,357,74
NSDL e-Governance Infrastructure Limited,Alankit Assignments Limited,239,92
NSDL e-Governance Infrastructure Limited,Alankit Finsec Ltd,2694,130
NSDL e-Governance Infrastructure Limited,Global Finsol Private Limited,1,0
NSDL e-Governance Infrastructure Limited,Gujarat Infotech Ltd.,656,33
NSDL e-Governance Infrastructure Limited,INTEGRATED REGISTRY SERVICES LTD,15,1
NSDL e-Governance Infrastructure Limited,Karvy Consultants Limited,3,1
NSDL e-Governance Infrastructure Limited,Karvy Data Management Services,12475,1401
NSDL e-Governance Infrastructure Limited,N.K. Sharma Enterprises Ltd.,1,0
NSDL e-Governance Infrastructure Limited,Netlink software Pvt Ltd,185,79
NSDL e-Governance Infrastructure Limited,Offshoot Agency Pvt. Ltd.,2163,83
NSDL e-Governance Infrastructure Limited,PROWIZ MANSYTEMS PVT LTD,0,4
NSDL e-Governance Infrastructure Limited,Promind Solutions P Limited,1269,231
NSDL e-Governance Infrastructure Limited,RELIGARE SECURITIES LTD,23,6
NSDL e-Governance Infrastructure Limited,Radiant Haroti Industries India Ltd,101,12
NSDL e-Governance Infrastructure Limited,Sri Ramraja Sarkar Lok Kalyan Trust,2,10
NSDL e-Governance Infrastructure Limited,Utility Forms Pvt Ltd,527,25
NSDL e-Governance Infrastructure Limited,VIRGO SOFTECH LIMITED,2,10
Oriental Bank of Commerce,DATASOFT COMPUTER SERVICES(P),439,70
Oriental Bank of Commerce,Euro Finmart Ltd,0,1
Oriental Bank of Commerce,JNET Technologies Pvt.Ltd,20,36
Oriental Bank of Commerce,Sri Ramraja Sarkar Lok Kalyan Trust,53,45
Oriental Bank of Commerce,Wipro Ltd,36,54
Principal Revenue Commissioner  Dept of Revenue  Govt of MP,Frontech Systems Pvt Ltd,3579,40
Principal Revenue Commissioner  Dept of Revenue  Govt of MP,GDC Advertising Pvt. Limited,216,44
Principal Revenue Commissioner  Dept of Revenue  Govt of MP,K W Consulting P Ltd,198,366
Principal Revenue Commissioner  Dept of Revenue  Govt of MP,LYRA  CONSULTANCY SERVICE,327,25
Principal Revenue Commissioner  Dept of Revenue  Govt of MP,Netlink software Pvt Ltd,113,15
Principal Revenue Commissioner  Dept of Revenue  Govt of MP,OSWAL COMPUTERS & CONSULTANTS,100,68
Principal Revenue Commissioner  Dept of Revenue  Govt of MP,Tera Software Ltd,235,75
Principal Revenue Commissioner  Dept of Revenue  Govt of MP,The NSIC ltd,0,2
Principal Revenue Commissioner  Dept of Revenue  Govt of MP,Vedavaag Systems Limited,556,415
Punjab and Sind Bank,Matrix Processing House,107,7
Registrar General India - BEL,Swathy Smartcards Hi-Tech Pvt,0,1
Registrar General India BEL2,4G INFORMATICS,0,2
Registrar General India BEL2,Alankit Assignments Limited,0,1
Registrar General India BEL2,Bharat Electronics Limited,0,8
Registrar General India BEL2,Computer LAB,18,27
Registrar General India BEL2,Emdee Digitronics Pvt.Ltd.,818,6
Registrar General India BEL2,In Media Computer Services LLP,1,0
Registrar General India BEL2,India Computer Technology,3,41
Registrar General India BEL2,Karvy Data Management Services,52,181
Registrar General India BEL2,MACRO INFOTECH PVT LTD,14,21
Registrar General India BEL2,MKS Enterprises,2,11
Registrar General India BEL2,Madras Security Printers Ltd,19,85
Registrar General India BEL2,Manipur Electronics Dev Corp,118,12
Registrar General India BEL2,Multiwave Innovation,464,202
Registrar General India BEL2,NVR & ASSOCIATES LIMITED,200,22
Registrar General India BEL2,Netlink software Pvt Ltd,48,17
Registrar General India BEL2,Nevaeh Technology Pvt. Ltd.,3362,142
Registrar General India BEL2,Nielsen  India  Private Limited,66,100
Registrar General India BEL2,Om Softwares,334,1431
Registrar General India BEL2,SREI INFRASTRUCTURE FINANCES L,58,5
Registrar General India BEL2,STRATEGIC OUTSOURCING SERVICE,0,8
Registrar General India BEL2,Satyanarayana Raju Company Pvt ltd,36,196
Registrar General India BEL2,Swathy Smartcards Hi-Tech Pvt,4,219
Registrar General India BEL2,Swiss Tech India Pvt Ltd,0,6
Registrar General India BEL2,Tera Software Ltd,1,26
Registrar General India BEL2,UNITED DATA SERVICES PRIVATE LIMITED,21,9
Registrar General India BEL2,Urmila Info solution,0,7
Registrar General India BEL2,VIRGO SOFTECH LIMITED,277,148
Registrar General India BEL2,Vansh Infotech Pvt Ltd,139,27
Registrar General India BEL2,Vayam technologies Ltd,4,3
Registrar General India BEL2,Vedavaag Systems Limited,70,174
Registrar General India BEL2,Viesa Technologies,47,71
Registrar General India BEL2,WEBEL,0,1
Registrar General India ECIL,AVVAS INFOTECH PVT  LTD,685,89
Registrar General India ECIL,COMTECH INSTITUTE OFTECHNOLOGY,11,12
Registrar General India ECIL,COMTECHINFO SOLUTIONS PVT.LTD,549,21
Registrar General India ECIL,Chinar Construction Company Prime agency,5,10
Registrar General India ECIL,Computer LAB,254,737
Registrar General India ECIL,Eagle Software India Pvt. Ltd,17242,713
Registrar General India ECIL,Gundal Infotech Private Limited,0,4
Registrar General India ECIL,In Media Computer Services LLP,18,617
Registrar General India ECIL,India Computer Technology,0,29
Registrar General India ECIL,Integrated Systems & Services,5,2
Registrar General India ECIL,Karvy Data Management Services,4404,483
Registrar General India ECIL,Krishna Infotech,10,13
Registrar General India ECIL,Madras Security Printers Ltd,17262,580
Registrar General India ECIL,Mphasis Ltd,0,29
Registrar General India ECIL,Nielsen  India  Private Limited,0,8
Registrar General India ECIL,Pioneer E Labs limited,0,110
Registrar General India ECIL,SARADA SYSTEMS,0,2
Registrar General India ECIL,SWISSTECH NPR 57CR PROJECT PVT,0,28
Registrar General India ECIL,Tera Software Ltd,0,14
Registrar General India ECIL,Vedavaag Systems Limited,62,348
Registrar General India Others,AVVAS INFOTECH PVT  LTD,0,2
Registrar General India Others,COMTECHINFO SOLUTIONS PVT.LTD,5,19
Registrar General India Others,Madras Security Printers Ltd,0,1
Registrar General India Others,Tera Software Ltd,1,1
Registrar General of India ITI,COMTECH INSTITUTE OFTECHNOLOGY,0,2
Registrar General of India ITI,CommunitiWorks Welfare Society,0,2
Registrar General of India ITI,Eagle Software India Pvt. Ltd,749,33
Registrar General of India ITI,Emdee Digitronics Pvt.Ltd.,1519,151
Registrar General of India ITI,FINANCIAL INFORMATION NETWORK,1,37
Registrar General of India ITI,In Media Computer Services LLP,520,6
Registrar General of India ITI,Karvy Data Management Services,553,28
Registrar General of India ITI,MACRO INFOTECH PVT LTD,15,4
Registrar General of India ITI,Madras Security Printers Ltd,738,371
Registrar General of India ITI,Mphasis Ltd,22,12
Registrar General of India ITI,Netlink software Pvt Ltd,0,7
Registrar General of India ITI,Nielsen  India  Private Limited,1,51
Registrar General of India ITI,SREI INFRASTRUCTURE FINANCES L,42,1
Registrar General of India ITI,STRATEGIC OUTSOURCING SERVICE,0,13
Registrar General of India ITI,Satyanarayana Raju Company Pvt ltd,3,110
Registrar General of India ITI,Swathy Smartcards Hi-Tech Pvt,0,13
Registrar General of India ITI,Swiss Tech India Pvt Ltd,4,2
Registrar General of India ITI,VIRGO SOFTECH LIMITED,321,135
Registrar General of India ITI,Vedavaag Systems Limited,103,81
Registrar General of India ITI,WEBEL TECHNOLOGY LIMITED,20947,1529
State Bank of Bikaner & Jaipur,Multiwave Innovation,0,2
Union Bank,FINANCIAL INFORMATION NETWORK,3054,606
Union Bank,Smart Chip Limited,3676,288
Union Bank,Vakrangee Softwares Limited,614,387
