Registrar,Enrolment Agency,Aadhaar generated,Enrolment Rejected
Allahabad Bank,Tera Software Ltd,0,1
Allahabad Bank,Vakrangee Softwares Limited,0,33
Bank Of India,A3 Logics  India  Ltd,601,128
Bank Of India,Akanksha International,0,15
Bank Of India,Blue Circle Instrument,230,64
Bank Of India,CHESSY CONSULTANTS PVT LTD,103,5
Bank Of India,DATASOFT COMPUTER SERVICES(P),3505,299
Bank Of India,Emdee Digitronics Pvt.Ltd.,1,6
Bank Of India,Frontech Systems Pvt Ltd,3,9
Bank Of India,MANTRA SOFTTECH (INDIA) PVTLTD,0,1
Bank Of India,Matrix Processing House,6,58
Bank Of India,OSWAL COMPUTERS & CONSULTANTS,79,45
Bank Of India,PROTEX COMPUTER PVT LTD,3,49
Bank Of India,SARADA SYSTEMS,2214,115
Bank Of India,SHRIKRISHNA KHANDASARI SUGAR M,142,63
Bank Of India,SPANCO,0,7
Bank Of India,SREI INFRASTRUCTURE FINANCES L,3949,716
Bank Of India,Silver Touch Technologies Ltd,0,14
Bank Of India,Systematic & Advance Const P L,4,36
Bank Of India,VEETECHNOLOGIES PVT. LTD,772,286
Bank Of India,VIRGO SOFTECH LIMITED,0,3
Bank Of India,Vakrangee Softwares Limited,0,14
Bank of Baroda,Global Finsol Private Limited,1,38
Bank of Maharashtra,Alankit Finsec Ltd,0,6
Bank of Maharashtra,FINANCIAL INFORMATION NETWORK,311,116
Bank of Maharashtra,Micro Technologies India Ltd,75,40
Bank of Maharashtra,Tera Software Ltd,2183,908
CSC e-Governance Services India Limited,A I Soc for Electronics and Comp Tech,3131,674
CSC e-Governance Services India Limited,AKSH OPTIFIBRE LIMITED,2445,113
CSC e-Governance Services India Limited,BASIX,1940,376
CSC e-Governance Services India Limited,CALANCE SOFTWARE PRIVATE LTD,9,18
CSC e-Governance Services India Limited,CMS Computers Ltd,5012,699
CSC e-Governance Services India Limited,CSC e-Governance Services India Limited,508,408
CSC e-Governance Services India Limited,Intelligent Communication Sys India Ltd,111,43
CSC e-Governance Services India Limited,MANTRA SOFTTECH (INDIA) PVTLTD,50,28
CSC e-Governance Services India Limited,Mahaonline Limited,420,19
CSC e-Governance Services India Limited,Network for Information & Computer,771,93
CSC e-Governance Services India Limited,Reliance Communication Limited,1,14
CSC e-Governance Services India Limited,SPANCO,2493,92
CSC e-Governance Services India Limited,Tera Software Ltd,46,6
CSC e-Governance Services India Limited,United Telecoms e-Services Pvt Ltd,1843,444
CSC e-Governance Services India Limited,VIKALP MULTIMEDIA,349,107
CSC e-Governance Services India Limited,Vakrangee Softwares Limited,88,36
CSC e-Governance Services India Limited,Vedavaag Systems Limited,755,46
CSC e-Governance Services India Limited,Zephyr System Pvt.Ltd.,2180,355
Canara Bank,Karvy Data Management Services,7,11
Canara Bank,Ojus Healthcare Private Limited,5,4
Canara Bank,Osiris Infotech Pvt. Ltd.,356,57
Canara Bank,Smart Chip Limited,262,62
Central Bank of India,CALANCE SOFTWARE PRIVATE LTD,1,27
Central Bank of India,IAP COMPANY Pvt. Ltd,201,145
Central Bank of India,SREI INFRASTRUCTURE FINANCES L,0,4
Central Bank of India,The Peerless General Finance,274,23
DENA BANK,ATISHAY INFOTECH PVT. LTD.,953,131
DENA BANK,AVVAS INFOTECH PVT  LTD,246,105
DENA BANK,Asha Security Guard Services,1014,96
DENA BANK,BNR UDYOG LIMITED,0,6
DENA BANK,Binary Systems,490,85
DENA BANK,Bloom Solutions Pvt Ltd,3453,686
DENA BANK,Business Information Processing Services,2309,97
DENA BANK,CALANCE SOFTWARE PRIVATE LTD,1993,169
DENA BANK,DATASOFT COMPUTER SERVICES(P),421,74
DENA BANK,DEVASHISH SECURITIES PVT. LTD.,91,4
DENA BANK,Eagle Software India Pvt. Ltd,503,141
DENA BANK,FINANCIAL INFORMATION NETWORK,185,9
DENA BANK,Gem Computers,1448,17
DENA BANK,Gujarat Infotech Ltd.,27,20
DENA BANK,IAP COMPANY Pvt. Ltd,4783,439
DENA BANK,India Computer Technology,83,31
DENA BANK,JNET Technologies Pvt.Ltd,1229,152
DENA BANK,K W Consulting P Ltd,1362,230
DENA BANK,M/S STAR DATA CENTRE,291,3
DENA BANK,M/s Gold Square Builders & Promoters Pvt. Ltd.,359,329
DENA BANK,MEGHA VINCOM PVT LTD,10362,590
DENA BANK,Make India Smart Private Limited,4049,132
DENA BANK,Multiwave Innovation,36,95
DENA BANK,NVR & ASSOCIATES LIMITED,25,7
DENA BANK,Narayana Electricals Solution Pvt Ltd,0,85
DENA BANK,Netlink software Pvt Ltd,863,44
DENA BANK,Offshoot Agency Pvt. Ltd.,544,16
DENA BANK,Ortem Securities Limited,0,5
DENA BANK,Prodigy Systems and Services Private Limited,5,30
DENA BANK,Radiant Haroti Industries India Ltd,596,23
DENA BANK,Silver Touch Technologies Ltd,145,0
DENA BANK,Soc for Advancement of Environ Science,314,33
DENA BANK,Super Printers,1729,136
DENA BANK,Systematic & Advance Const P L,278,109
DENA BANK,TechSmart India Pvt Ltd,1313,265
DENA BANK,Tera Software Ltd,1881,145
DENA BANK,Transline Technologies P Ltd,1220,193
DENA BANK,VAP INFOSOLUTIONS,1255,757
DENA BANK,VISION COMPTECH INTEGRATOR LTD,1410,31
DENA BANK,Vedavaag Systems Limited,95,41
DENA BANK,WEBEL,681,166
DENA BANK,Zephyr System Pvt.Ltd.,2737,182
Delhi - Central DC,Smart Chip Limited,0,6
Delhi - East DC,DATASOFT COMPUTER SERVICES(P),85,25
Delhi - East DC,Tera Software Ltd,0,4
Delhi - ND DC,Smart Chip Limited,0,2
Delhi - NE DC,Alankit Assignments Limited,0,1
Delhi - NE DC,Smart Chip Limited,0,32
Delhi - NE DC,Smart ID,0,1
Delhi - North DC,CALANCE SOFTWARE PRIVATE LTD,274,70
Delhi - North DC,NVR & ASSOCIATES LIMITED,30,29
Delhi - North DC,Smart Chip Limited,1,20
Delhi SW DC,STRATEGIC OUTSOURCING SERVICE,0,3
Delhi SW DC,VIRGO SOFTECH LIMITED,0,12
Delhi Urban Shelter Improvemen,STRATEGIC OUTSOURCING SERVICE,0,2
Delhi Urban Shelter Improvemen,Tera Software Ltd,0,8
Delhi- South DC,Karvy Computershare Private Li,0,9
Delhi- South DC,Tera Software Ltd,0,2
Delhi- South DC,eCentric solutions pvt ltd,0,6
Delhi- West DC,Matrix Processing House,0,5
Delhi- West DC,Smart Chip Limited,0,11
Delhi- West DC,VIRGO SOFTECH LIMITED,10,13
Delhi-NW DC,Karvy Computershare Private Li,300,66
Delhi-NW DC,STRATEGIC OUTSOURCING SERVICE,0,9
Department of Information Technology Govt of Jharkhand,Blue Circle Instrument,1,41
Department of Information Technology Govt of Jharkhand,IL&FS LTD,0,1
Department of Information Technology Govt of Jharkhand,MKS Enterprises,0,9
Department of Information Technology Govt of Jharkhand,Systematic & Advance Const P L,0,1
Department of Information Technology Govt of Jharkhand,Wipro Ltd,4,40
Dept of ITC Govt of Rajasthan,ATISHAY INFOTECH PVT. LTD.,17,81
Dept of ITC Govt of Rajasthan,AVVAS INFOTECH PVT  LTD,141,106
Dept of ITC Govt of Rajasthan,Alankit Finsec Ltd,0,18
Dept of ITC Govt of Rajasthan,Business Information Processing Services,0,8
Dept of ITC Govt of Rajasthan,DATASOFT COMPUTER SERVICES(P),150,116
Dept of ITC Govt of Rajasthan,Gem Computers,20,51
Dept of ITC Govt of Rajasthan,MANTRA SOFTTECH (INDIA) PVTLTD,8,2
Dept of ITC Govt of Rajasthan,Multiwave Innovation,0,11
Dept of ITC Govt of Rajasthan,Netlink software Pvt Ltd,4,15
Dept of ITC Govt of Rajasthan,TechSmart India Pvt Ltd,131,22
Dept of ITC Govt of Rajasthan,Transline Technologies P Ltd,229,28
Dept of ITC Govt of Rajasthan,VIRGO SOFTECH LIMITED,47,58
Dept of ITC Govt of Rajasthan,Vakrangee Softwares Limited,225,148
Dept of ITC Govt of Rajasthan,Vayam technologies Ltd,102,154
FCR Govt of Haryana,4G INFORMATICS,17,2
FCR Govt of Haryana,Academy of Management Studies,267,37
FCR Govt of Haryana,Radiant Info Systems Ltd,105,76
FCR Govt of Haryana,SoftAge Information Technology Limited,272,122
FCR Govt of Haryana,Vakrangee Softwares Limited,10,6
FCR Govt of Haryana,Vayam technologies Ltd,31,79
FCS Govt of Punjab,Alankit Assignments Limited,0,1
FCS Govt of Punjab,CSS TECHNERGY LIMITED,0,4
FCS Govt of Punjab,District Sukhmani Society  Jalandhar  Punjab,5,3
FCS Govt of Punjab,District Sukhmani Society  Ludhiana  Punjab,52,7
FCS Govt of Punjab,District Sukhmani Society  Moga  Punjab,93,11
FCS Govt of Punjab,District Sukhmani Society Amritsar Punjab,39,18
FCS Govt of Punjab,District Sukhmani Society Barnala Punjab,78,20
FCS Govt of Punjab,District Sukhmani Society Bathinda Punjab,25,6
FCS Govt of Punjab,District Sukhmani Society Fatehgarh Sahib Punjab,86,10
FCS Govt of Punjab,District Sukhmani Society Fazilka Punjab,16,3
FCS Govt of Punjab,District Sukhmani Society Ferozepur Punjab,35,9
FCS Govt of Punjab,District Sukhmani Society For Citizen Services Mansa Punjab,30,18
FCS Govt of Punjab,District Sukhmani Society For Citizen Services Nawanshahr Punjab,46,5
FCS Govt of Punjab,District Sukhmani Society For Citizen Services SAS Nagar District e-Governance Society Punjab,78,2
FCS Govt of Punjab,District Sukhmani Society Pathankot Punjab,13,0
FCS Govt of Punjab,District Sukhmani Society Patiala Punjab,24,3
FCS Govt of Punjab,District Sukhmani Society Rupnagar Punjab,70,0
FCS Govt of Punjab,District Sukhmani Society Sangrur Punjab,30,5
FCS Govt of Punjab,District Sukhmani Society Sri Muktsar Sahib Punjab,12,4
FCS Govt of Punjab,District Sukhmani Society Tarn Taran Punjab,2,2
FCS Govt of Punjab,Diwakar Commercials Pvt Ltd,0,1
FCS Govt of Punjab,Karvy Computershare Private Li,693,157
FCS Govt of Punjab,Sukhmani Society For Citizen Services  Kapurthala  Punjab,1,0
FCS Govt of Punjab,Sukhmani Society For Citizen Services Gurdaspur Punjab,0,2
FCS Govt of Punjab,Sukhmani Society For Citizens Services Faridkot Punjab,48,7
FCS Govt of Punjab,Suwidha Society Hoshiarpur Punjab,65,2
FCS Govt of Punjab,Vayam technologies Ltd,75,149
FCS Govt of Punjab,eCentric solutions pvt ltd,643,100
Govt of Andhra Pradesh,Gouthami Educational Society,0,24
Govt of Andhra Pradesh,GrapeSoft,513,30
Govt of Andhra Pradesh,INFRONICS SYSTEMS LTD,4,101
Govt of Andhra Pradesh,SREEVEN INFOCOM LIMITED,0,14
Govt of Andhra Pradesh,TechSmart India Pvt Ltd,1,44
Govt of Andhra Pradesh,Tera Software Ltd,3,385
Govt of Andhra Pradesh,eCentric solutions pvt ltd,0,15
Govt of Goa,MARS Telecom Systems Pvt Ltd,40,9
Govt of Goa,Tera Software Ltd,0,1
Govt of Gujarat,GSS Infotech Ltd,177,64
Govt of Gujarat,Karvy Computershare Private Li,338,131
Govt of Gujarat,Silver Touch Technologies Ltd,1053,157
Govt of Gujarat,Tera Software Ltd,566,86
Govt of Gujarat,Transline Technologies P Ltd,0,6
Govt of Gujarat,Vayam technologies Ltd,23,400
Govt of Gujarat,eCentric solutions pvt ltd,1,34
Govt of Himachal Pradesh,Wipro Ltd,1,1
Govt of Himachal Pradesh,i-Grandee SoftwareTechnologies,0,19
Govt of Karnataka ,BNR UDYOG LIMITED,0,5
Govt of Karnataka ,Bloom Solutions Pvt Ltd,326,33
Govt of Karnataka ,MARS Telecom Systems Pvt Ltd,23,128
Govt of Karnataka ,Ninestars Information Technologies Ltd,0,211
Govt of Karnataka ,Om Softwares,0,46
Govt of Karnataka ,Origin ITFS Pvt Ltd,14,132
Govt of Karnataka ,SREEVEN INFOCOM LIMITED,1,155
Govt of Kerala,Akshaya,2586,220
Govt of Kerala,Keltron,6,2
Govt of Maharashtra,Adcc Infocad Pvt.Ltd Nagpur,12,5
Govt of Maharashtra,Alankit Finsec Ltd,1,80
Govt of Maharashtra,Bharat Technical Solutions Private Limited,543,34
Govt of Maharashtra,Eagle press pvt ltd,0,45
Govt of Maharashtra,GLODYNE TECHNOSERVE,0,1
Govt of Maharashtra,Global Finsol Private Limited,75,76
Govt of Maharashtra,Karvy Computershare Private Li,161,114
Govt of Maharashtra,M/S King Computer System pvt Ltd,0,9
Govt of Maharashtra,M/s. Vidya Online  Pune,11,6
Govt of Maharashtra,Narayana Electricals Solution Pvt Ltd,18,71
Govt of Maharashtra,Netlink software Pvt Ltd,330,73
Govt of Maharashtra,Network for Information & Computer,0,4
Govt of Maharashtra,Obel projects Pvt Ltd,0,2
Govt of Maharashtra,Rudranee Infotech Ltd,96,14
Govt of Maharashtra,SETU MAHARASHTRA,51,72
Govt of Maharashtra,SHREERAM PRINTING PRESS,4,14
Govt of Maharashtra,SILVER JUBILEE MOTORS LTD.,6,0
Govt of Maharashtra,SPANCO,529,75
Govt of Maharashtra,STRATEGIC OUTSOURCING SERVICE,564,46
Govt of Maharashtra,Silver Touch Technologies Ltd,340,72
Govt of Maharashtra,Systematic & Advance Const P L,0,5
Govt of Maharashtra,TechSmart India Pvt Ltd,5,33
Govt of Maharashtra,Tera Software Ltd,0,1
Govt of Maharashtra,Transline Technologies P Ltd,5,98
Govt of Maharashtra,Vidarbha Infotech Pvt Ltd,0,1
Govt of Maharashtra,Wipro Ltd,193,49
Govt of Sikkim - Dept of Econo,Department of Economics Statistics  Monitoring and Evaluation DESME,39,5
IDBI Bank ltd,ATISHAY INFOTECH PVT. LTD.,64,25
IDBI Bank ltd,Matrix Processing House,0,2
IDBI Bank ltd,SREEVEN INFOCOM LIMITED,325,100
IDBI Bank ltd,UTI TECHNOLOGY SERVICES LIMITE,774,61
Indiapost,Delhi Integrated MMTS Ltd,0,66
Indiapost,GLODYNE TECHNOSERVE,0,2
Indiapost,Global Finsol Private Limited,0,23
Indiapost,IL&FS LTD,0,2
Indiapost,M/S STAR DATA CENTRE,13,6
Indiapost,MARS Telecom Systems Pvt Ltd,62,102
Indiapost,Smart Chip Limited,0,1
Indiapost,UTI TECHNOLOGY SERVICES LIMITE,0,2
Indiapost,Vayam technologies Ltd,2,3
Indiapost,WEBEL,0,23
Information Technology & Communication Department,4G INFORMATICS,0,17
Information Technology & Communication Department,BNR UDYOG LIMITED,0,20
Information Technology & Communication Department,Bloom Solutions Pvt Ltd,0,53
Information Technology & Communication Department,CSS TECHNERGY LIMITED,0,10
Information Technology & Communication Department,Directorate of ESD,3171,8679
Information Technology & Communication Department,GDC Advertising Pvt. Limited,0,17
Information Technology & Communication Department,JYOTHI COMPUTER SERVICES,0,52
Information Technology & Communication Department,Karvy Data Management Services,0,3
Information Technology & Communication Department,MARS Telecom Systems Pvt Ltd,47,54
Information Technology & Communication Department,SREEVEN INFOCOM LIMITED,1,347
Information Technology & Communication Department,Tera Software Ltd,0,69
Jharkhand,Alankit Assignments Limited,0,1
Jharkhand,Blue Circle Instrument,0,2
Jharkhand,Emdee Digitronics Pvt.Ltd.,1,110
Jharkhand,MKS Enterprises,2,41
Jharkhand,Nevaeh Technology Pvt. Ltd.,0,7
Jharkhand,Smart Chip Limited,0,1
Jharkhand,Systematic & Advance Const P L,0,146
Jharkhand,VISION COMPTECH INTEGRATOR LTD,10,129
Jharkhand,Wipro Ltd,347,689
Mission Convergence - GNCT Del,Karvy Computershare Private Li,40,6
Mission Convergence - GNCT Del,Matrix Processing House,0,1
Mission Convergence - GNCT Del,NVR & ASSOCIATES LIMITED,24,6
Mission Convergence - GNCT Del,STRATEGIC OUTSOURCING SERVICE,0,3
NSDL e-Governance Infrastructure Limited,Abhipra Capital Ltd,2912,230
NSDL e-Governance Infrastructure Limited,Alankit Assignments Limited,1138,317
NSDL e-Governance Infrastructure Limited,Alankit Finsec Ltd,2611,270
NSDL e-Governance Infrastructure Limited,Delhi Integrated MMTS Ltd,0,3
NSDL e-Governance Infrastructure Limited,Global Finsol Private Limited,0,11
NSDL e-Governance Infrastructure Limited,Gujarat Infotech Ltd.,1967,245
NSDL e-Governance Infrastructure Limited,INTEGRATED REGISTRY SERVICES LTD,29,2
NSDL e-Governance Infrastructure Limited,Karvy Consultants Limited,136,1
NSDL e-Governance Infrastructure Limited,Karvy Data Management Services,21178,2120
NSDL e-Governance Infrastructure Limited,N.K. Sharma Enterprises Ltd.,0,2
NSDL e-Governance Infrastructure Limited,Netlink software Pvt Ltd,983,198
NSDL e-Governance Infrastructure Limited,Offshoot Agency Pvt. Ltd.,1332,77
NSDL e-Governance Infrastructure Limited,PROWIZ MANSYTEMS PVT LTD,0,22
NSDL e-Governance Infrastructure Limited,Promind Solutions P Limited,8078,1134
NSDL e-Governance Infrastructure Limited,RELIGARE SECURITIES LTD,510,35
NSDL e-Governance Infrastructure Limited,Radiant Haroti Industries India Ltd,576,11
NSDL e-Governance Infrastructure Limited,Sri Ramraja Sarkar Lok Kalyan Trust,429,12
NSDL e-Governance Infrastructure Limited,Utility Forms Pvt Ltd,1070,15
NSDL e-Governance Infrastructure Limited,VIRGO SOFTECH LIMITED,14,76
Oriental Bank of Commerce,DATASOFT COMPUTER SERVICES(P),544,99
Oriental Bank of Commerce,Euro Finmart Ltd,0,5
Oriental Bank of Commerce,JNET Technologies Pvt.Ltd,174,70
Oriental Bank of Commerce,Redim Software Technologies Pvt Ltd,0,1
Oriental Bank of Commerce,Sri Ramraja Sarkar Lok Kalyan Trust,922,220
Oriental Bank of Commerce,Wipro Ltd,220,190
Principal Revenue Commissioner  Dept of Revenue  Govt of MP,Frontech Systems Pvt Ltd,35,31
Principal Revenue Commissioner  Dept of Revenue  Govt of MP,GDC Advertising Pvt. Limited,1124,56
Principal Revenue Commissioner  Dept of Revenue  Govt of MP,K W Consulting P Ltd,4725,806
Principal Revenue Commissioner  Dept of Revenue  Govt of MP,LYRA  CONSULTANCY SERVICE,309,81
Principal Revenue Commissioner  Dept of Revenue  Govt of MP,Netlink software Pvt Ltd,112,36
Principal Revenue Commissioner  Dept of Revenue  Govt of MP,OSWAL COMPUTERS & CONSULTANTS,335,68
Principal Revenue Commissioner  Dept of Revenue  Govt of MP,Tera Software Ltd,127,52
Principal Revenue Commissioner  Dept of Revenue  Govt of MP,The NSIC ltd,0,19
Principal Revenue Commissioner  Dept of Revenue  Govt of MP,Vedavaag Systems Limited,2177,604
Punjab and Sind Bank,Matrix Processing House,103,8
Registrar General India - BEL,Manipur Electronics Dev Corp,0,1
Registrar General India BEL2,4G INFORMATICS,4,0
Registrar General India BEL2,Alankit Assignments Limited,0,1
Registrar General India BEL2,Bharat Electronics Limited,111,6
Registrar General India BEL2,Chinar Construction Company Prime agency,2,0
Registrar General India BEL2,Computer LAB,75,345
Registrar General India BEL2,Eagle Software India Pvt. Ltd,0,8
Registrar General India BEL2,Emdee Digitronics Pvt.Ltd.,2,69
Registrar General India BEL2,In Media Computer Services LLP,0,2
Registrar General India BEL2,India Computer Technology,11,399
Registrar General India BEL2,Karvy Data Management Services,2284,1494
Registrar General India BEL2,MACRO INFOTECH PVT LTD,1070,1066
Registrar General India BEL2,MKS Enterprises,103,22
Registrar General India BEL2,Madras Security Printers Ltd,944,1420
Registrar General India BEL2,Manipur Electronics Dev Corp,161,9
Registrar General India BEL2,Multiwave Innovation,1260,358
Registrar General India BEL2,NVR & ASSOCIATES LIMITED,261,73
Registrar General India BEL2,Netlink software Pvt Ltd,1189,71
Registrar General India BEL2,Nevaeh Technology Pvt. Ltd.,4031,375
Registrar General India BEL2,Nielsen  India  Private Limited,1149,754
Registrar General India BEL2,Om Softwares,28506,8386
Registrar General India BEL2,SREI INFRASTRUCTURE FINANCES L,77,22
Registrar General India BEL2,STRATEGIC OUTSOURCING SERVICE,1,180
Registrar General India BEL2,Satyanarayana Raju Company Pvt ltd,5026,652
Registrar General India BEL2,Swathy Smartcards Hi-Tech Pvt,166,2155
Registrar General India BEL2,Swiss Tech India Pvt Ltd,0,211
Registrar General India BEL2,Tera Software Ltd,0,94
Registrar General India BEL2,UNITED DATA SERVICES PRIVATE LIMITED,62,161
Registrar General India BEL2,Urmila Info solution,0,37
Registrar General India BEL2,VIRGO SOFTECH LIMITED,1101,167
Registrar General India BEL2,Vansh Infotech Pvt Ltd,472,80
Registrar General India BEL2,Vayam technologies Ltd,8,1
Registrar General India BEL2,Vedavaag Systems Limited,5955,1027
Registrar General India BEL2,Viesa Technologies,123,119
Registrar General India BEL2,WEBEL,3,33
Registrar General India ECIL,AVVAS INFOTECH PVT  LTD,258,740
Registrar General India ECIL,COMTECH INSTITUTE OFTECHNOLOGY,210,75
Registrar General India ECIL,COMTECHINFO SOLUTIONS PVT.LTD,5731,409
Registrar General India ECIL,Chinar Construction Company Prime agency,2394,174
Registrar General India ECIL,Clairvoyance Technologies Pvt.,0,1
Registrar General India ECIL,Computer LAB,8260,2686
Registrar General India ECIL,Eagle Software India Pvt. Ltd,13867,14492
Registrar General India ECIL,Esoft Consulting Limited,1,2
Registrar General India ECIL,Gundal Infotech Private Limited,20,19
Registrar General India ECIL,In Media Computer Services LLP,2081,7035
Registrar General India ECIL,India Computer Technology,6,132
Registrar General India ECIL,Integrated Systems & Services,84,5
Registrar General India ECIL,Karvy Data Management Services,10906,1307
Registrar General India ECIL,Krishna Infotech,0,1008
Registrar General India ECIL,Madras Security Printers Ltd,35301,3318
Registrar General India ECIL,Mphasis Ltd,43,163
Registrar General India ECIL,Nielsen  India  Private Limited,264,40
Registrar General India ECIL,Pioneer E Labs limited,0,1738
Registrar General India ECIL,SARADA SYSTEMS,1,100
Registrar General India ECIL,SWISSTECH NPR 57CR PROJECT PVT,46,218
Registrar General India ECIL,Tera Software Ltd,3,119
Registrar General India ECIL,VEETECHNOLOGIES PVT. LTD,0,3
Registrar General India ECIL,Vedavaag Systems Limited,694,341
Registrar General India Others,AVVAS INFOTECH PVT  LTD,1,0
Registrar General India Others,COMTECHINFO SOLUTIONS PVT.LTD,3,8
Registrar General India Others,Clairvoyance Technologies Pvt.,4,0
Registrar General India Others,Eagle Software India Pvt. Ltd,1,0
Registrar General India Others,Madras Security Printers Ltd,0,8
Registrar General India Others,Swathy Smartcards Hi-Tech Pvt,0,2
Registrar General India Others,Tera Software Ltd,1,1
Registrar General of India ITI,COMTECH INSTITUTE OFTECHNOLOGY,0,16
Registrar General of India ITI,CSS TECHNERGY LIMITED,0,6
Registrar General of India ITI,CommunitiWorks Welfare Society,0,7
Registrar General of India ITI,Eagle Software India Pvt. Ltd,2744,179
Registrar General of India ITI,Emdee Digitronics Pvt.Ltd.,9575,2494
Registrar General of India ITI,FINANCIAL INFORMATION NETWORK,2,274
Registrar General of India ITI,In Media Computer Services LLP,817,23
Registrar General of India ITI,Karvy Data Management Services,36,201
Registrar General of India ITI,MACRO INFOTECH PVT LTD,71,111
Registrar General of India ITI,MKS Enterprises,0,12
Registrar General of India ITI,Madras Security Printers Ltd,1506,2100
Registrar General of India ITI,Mphasis Ltd,2,70
Registrar General of India ITI,Multiwave Innovation,0,3
Registrar General of India ITI,Netlink software Pvt Ltd,0,60
Registrar General of India ITI,Nielsen  India  Private Limited,188,230
Registrar General of India ITI,PROTEX COMPUTER PVT LTD,0,16
Registrar General of India ITI,SREEVEN INFOCOM LIMITED,0,6
Registrar General of India ITI,SREI INFRASTRUCTURE FINANCES L,32,10
Registrar General of India ITI,STRATEGIC OUTSOURCING SERVICE,0,43
Registrar General of India ITI,Satyanarayana Raju Company Pvt ltd,1937,460
Registrar General of India ITI,Swathy Smartcards Hi-Tech Pvt,50,57
Registrar General of India ITI,Swiss Tech India Pvt Ltd,20,36
Registrar General of India ITI,TechSmart India Pvt Ltd,0,31
Registrar General of India ITI,VEETECHNOLOGIES PVT. LTD,0,4
Registrar General of India ITI,VIRGO SOFTECH LIMITED,825,1050
Registrar General of India ITI,Vedavaag Systems Limited,2770,548
Registrar General of India ITI,WEBEL TECHNOLOGY LIMITED,4275,1546
State Bank of Bikaner & Jaipur,Multiwave Innovation,0,16
State Bank of India,IL&FS LTD,0,1
State Bank of India,Smart Chip Limited,0,7
Syndicate Bank,Smart Chip Limited,0,1
UIDAI-Registrar,UIDAI-EA,17,2
UT of Puducherry,Madras Security Printers Ltd,0,1
Union Bank,FINANCIAL INFORMATION NETWORK,2734,3463
Union Bank,Smart Chip Limited,1218,900
Union Bank,Vakrangee Softwares Limited,1749,2114
