Registrar,Enrolment Agency,Aadhaar generated,Enrolment Rejected
Allahabad Bank,Vakrangee Softwares Limited,0,1
Bank Of India,A3 Logics  India  Ltd,451,1023
Bank Of India,Akanksha International,0,1
Bank Of India,Blue Circle Instrument,862,248
Bank Of India,CHESSY CONSULTANTS PVT LTD,5,7
Bank Of India,DATASOFT COMPUTER SERVICES(P),1134,125
Bank Of India,Frontech Systems Pvt Ltd,5,3
Bank Of India,MANTRA SOFTTECH (INDIA) PVTLTD,0,1
Bank Of India,Matrix Processing House,11,10
Bank Of India,OSWAL COMPUTERS & CONSULTANTS,25,51
Bank Of India,PROTEX COMPUTER PVT LTD,9,3
Bank Of India,SARADA SYSTEMS,1266,41
Bank Of India,SHRIKRISHNA KHANDASARI SUGAR M,33,17
Bank Of India,SPANCO,18,0
Bank Of India,SREI INFRASTRUCTURE FINANCES L,1845,198
Bank Of India,Silver Touch Technologies Ltd,1,7
Bank Of India,Systematic & Advance Const P L,7,10
Bank Of India,VEETECHNOLOGIES PVT. LTD,392,62
Bank Of India,Vakrangee Softwares Limited,0,3
Bank of Baroda,Global Finsol Private Limited,0,8
Bank of Maharashtra,Alankit Finsec Ltd,16,52
Bank of Maharashtra,FINANCIAL INFORMATION NETWORK,185,25
Bank of Maharashtra,Micro Technologies India Ltd,36,78
Bank of Maharashtra,Tera Software Ltd,1358,203
CSC e-Governance Services India Limited,A I Soc for Electronics and Comp Tech,736,379
CSC e-Governance Services India Limited,AKSH OPTIFIBRE LIMITED,359,57
CSC e-Governance Services India Limited,BASIX,658,192
CSC e-Governance Services India Limited,CALANCE SOFTWARE PRIVATE LTD,29,7
CSC e-Governance Services India Limited,CMS Computers Ltd,1665,243
CSC e-Governance Services India Limited,CSC e-Governance Services India Limited,1602,1397
CSC e-Governance Services India Limited,Intelligent Communication Sys India Ltd,15,33
CSC e-Governance Services India Limited,MANTRA SOFTTECH (INDIA) PVTLTD,1255,80
CSC e-Governance Services India Limited,Mahaonline Limited,79,22
CSC e-Governance Services India Limited,Network for Information & Computer,151,50
CSC e-Governance Services India Limited,Reliance Communication Limited,3,4
CSC e-Governance Services India Limited,SPANCO,769,133
CSC e-Governance Services India Limited,Tera Software Ltd,72,7
CSC e-Governance Services India Limited,United Telecoms e-Services Pvt Ltd,936,248
CSC e-Governance Services India Limited,VIKALP MULTIMEDIA,264,43
CSC e-Governance Services India Limited,Vakrangee Softwares Limited,21,18
CSC e-Governance Services India Limited,Vayam technologies Ltd,9,5
CSC e-Governance Services India Limited,Vedavaag Systems Limited,2,6
CSC e-Governance Services India Limited,Zephyr System Pvt.Ltd.,1743,118
Canara Bank,Karvy Data Management Services,805,112
Canara Bank,Ojus Healthcare Private Limited,3,0
Canara Bank,Osiris Infotech Pvt. Ltd.,39,71
Canara Bank,Smart Chip Limited,1022,46
Central Bank of India,CALANCE SOFTWARE PRIVATE LTD,115,4
Central Bank of India,IAP COMPANY Pvt. Ltd,284,15
Central Bank of India,SREI INFRASTRUCTURE FINANCES L,0,1
Central Bank of India,The Peerless General Finance,215,36
DENA BANK,ATISHAY INFOTECH PVT. LTD.,622,227
DENA BANK,AVVAS INFOTECH PVT  LTD,1051,334
DENA BANK,Asha Security Guard Services,381,48
DENA BANK,BNR UDYOG LIMITED,528,10
DENA BANK,Binary Systems,1418,67
DENA BANK,Bloom Solutions Pvt Ltd,5089,363
DENA BANK,Business Information Processing Services,1580,114
DENA BANK,CALANCE SOFTWARE PRIVATE LTD,2295,243
DENA BANK,DATASOFT COMPUTER SERVICES(P),1736,85
DENA BANK,DEVASHISH SECURITIES PVT. LTD.,733,14
DENA BANK,Eagle Software India Pvt. Ltd,6773,39
DENA BANK,FINANCIAL INFORMATION NETWORK,993,21
DENA BANK,Gem Computers,168,49
DENA BANK,Gujarat Infotech Ltd.,734,58
DENA BANK,IAP COMPANY Pvt. Ltd,7001,351
DENA BANK,India Computer Technology,121,1
DENA BANK,JNET Technologies Pvt.Ltd,727,40
DENA BANK,K W Consulting P Ltd,967,105
DENA BANK,M/S STAR DATA CENTRE,162,28
DENA BANK,M/s Gold Square Builders & Promoters Pvt. Ltd.,1212,142
DENA BANK,MARS Telecom Systems Pvt Ltd,0,1
DENA BANK,MEGHA VINCOM PVT LTD,3853,258
DENA BANK,Make India Smart Private Limited,223,35
DENA BANK,Multiwave Innovation,14,33
DENA BANK,NVR & ASSOCIATES LIMITED,292,35
DENA BANK,Narayana Electricals Solution Pvt Ltd,5,4
DENA BANK,Netlink software Pvt Ltd,1007,124
DENA BANK,Offshoot Agency Pvt. Ltd.,406,8
DENA BANK,Prodigy Systems and Services Private Limited,0,2
DENA BANK,Radiant Haroti Industries India Ltd,497,35
DENA BANK,SGS INDIA PVT LTD,165,7
DENA BANK,Silver Touch Technologies Ltd,33,7
DENA BANK,Soc for Advancement of Environ Science,977,121
DENA BANK,Super Printers,2503,121
DENA BANK,Systematic & Advance Const P L,1923,55
DENA BANK,TechSmart India Pvt Ltd,1843,4377
DENA BANK,Tera Software Ltd,1028,120
DENA BANK,Transline Technologies P Ltd,3916,89
DENA BANK,Utility Forms Pvt Ltd,8,0
DENA BANK,VAP INFOSOLUTIONS,834,79
DENA BANK,VISION COMPTECH INTEGRATOR LTD,2353,45
DENA BANK,Vedavaag Systems Limited,7671,104
DENA BANK,WEBEL,851,100
DENA BANK,Zephyr System Pvt.Ltd.,1340,103
Delhi - East DC,DATASOFT COMPUTER SERVICES(P),4,29
Delhi - NE DC,Alankit Assignments Limited,0,1
Delhi - NE DC,Smart Chip Limited,0,1
Delhi - North DC,CALANCE SOFTWARE PRIVATE LTD,27,26
Delhi - North DC,NVR & ASSOCIATES LIMITED,3,32
Delhi - North DC,Smart Chip Limited,0,4
Delhi SW DC,VIRGO SOFTECH LIMITED,0,4
Delhi- South DC,Karvy Computershare Private Li,2,1
Delhi- South DC,Smart Chip Limited,0,1
Delhi- West DC,Smart Chip Limited,2,1
Delhi- West DC,VIRGO SOFTECH LIMITED,0,22
Delhi-NW DC,Karvy Computershare Private Li,11,12
Department of Information Technology Govt of Jharkhand,Blue Circle Instrument,129,457
Department of Information Technology Govt of Jharkhand,MKS Enterprises,0,4
Department of Information Technology Govt of Jharkhand,Wipro Ltd,3,0
Dept of ITC Govt of Rajasthan,ATISHAY INFOTECH PVT. LTD.,70,131
Dept of ITC Govt of Rajasthan,AVVAS INFOTECH PVT  LTD,3401,1082
Dept of ITC Govt of Rajasthan,Alankit Finsec Ltd,52,90
Dept of ITC Govt of Rajasthan,Business Information Processing Services,1,0
Dept of ITC Govt of Rajasthan,DATASOFT COMPUTER SERVICES(P),57,24
Dept of ITC Govt of Rajasthan,Gem Computers,1,2
Dept of ITC Govt of Rajasthan,MANTRA SOFTTECH (INDIA) PVTLTD,4,4
Dept of ITC Govt of Rajasthan,Multiwave Innovation,2,0
Dept of ITC Govt of Rajasthan,Netlink software Pvt Ltd,6,2
Dept of ITC Govt of Rajasthan,TechSmart India Pvt Ltd,419,20
Dept of ITC Govt of Rajasthan,Transline Technologies P Ltd,201,20
Dept of ITC Govt of Rajasthan,VIRGO SOFTECH LIMITED,78,21
Dept of ITC Govt of Rajasthan,Vakrangee Softwares Limited,114,56
Dept of ITC Govt of Rajasthan,Vayam technologies Ltd,13,16
FCR Govt of Haryana,4G INFORMATICS,0,12
FCR Govt of Haryana,Academy of Management Studies,16,32
FCR Govt of Haryana,Radiant Info Systems Ltd,670,58
FCR Govt of Haryana,SoftAge Information Technology Limited,220,69
FCR Govt of Haryana,Vakrangee Softwares Limited,5,2
FCR Govt of Haryana,Vayam technologies Ltd,678,265
FCS Govt of Punjab,Alankit Assignments Limited,0,13
FCS Govt of Punjab,Alankit Finsec Ltd,4,40
FCS Govt of Punjab,Alankit Life Care Ltd,0,9
FCS Govt of Punjab,CSS TECHNERGY LIMITED,0,1
FCS Govt of Punjab,District Sukhmani Society  Jalandhar  Punjab,8,3
FCS Govt of Punjab,District Sukhmani Society  Ludhiana  Punjab,39,11
FCS Govt of Punjab,District Sukhmani Society  Moga  Punjab,51,16
FCS Govt of Punjab,District Sukhmani Society Amritsar Punjab,30,5
FCS Govt of Punjab,District Sukhmani Society Barnala Punjab,36,14
FCS Govt of Punjab,District Sukhmani Society Bathinda Punjab,19,7
FCS Govt of Punjab,District Sukhmani Society Fatehgarh Sahib Punjab,13,14
FCS Govt of Punjab,District Sukhmani Society Fazilka Punjab,6,1
FCS Govt of Punjab,District Sukhmani Society Ferozepur Punjab,18,6
FCS Govt of Punjab,District Sukhmani Society For Citizen Services Mansa Punjab,3,11
FCS Govt of Punjab,District Sukhmani Society For Citizen Services Nawanshahr Punjab,13,11
FCS Govt of Punjab,District Sukhmani Society For Citizen Services SAS Nagar District e-Governance Society Punjab,6,14
FCS Govt of Punjab,District Sukhmani Society Pathankot Punjab,5,1
FCS Govt of Punjab,District Sukhmani Society Patiala Punjab,28,4
FCS Govt of Punjab,District Sukhmani Society Rupnagar Punjab,1,1
FCS Govt of Punjab,District Sukhmani Society Sangrur Punjab,20,7
FCS Govt of Punjab,District Sukhmani Society Sri Muktsar Sahib Punjab,2,3
FCS Govt of Punjab,Karvy Computershare Private Li,7,18
FCS Govt of Punjab,Sukhmani Society For Citizen Services  Kapurthala  Punjab,0,2
FCS Govt of Punjab,Sukhmani Society For Citizens Services Faridkot Punjab,18,6
FCS Govt of Punjab,Suwidha Society Hoshiarpur Punjab,14,4
FCS Govt of Punjab,Vayam technologies Ltd,45,18
FCS Govt of Punjab,eCentric solutions pvt ltd,716,64
Govt of Andhra Pradesh,Gouthami Educational Society,3,15
Govt of Andhra Pradesh,GrapeSoft,59,37
Govt of Andhra Pradesh,INFRONICS SYSTEMS LTD,7,2
Govt of Andhra Pradesh,SREEVEN INFOCOM LIMITED,0,1
Govt of Andhra Pradesh,TechSmart India Pvt Ltd,4,20
Govt of Andhra Pradesh,Tera Software Ltd,3,6
Govt of Goa,MARS Telecom Systems Pvt Ltd,93,4
Govt of Gujarat,GSS Infotech Ltd,89,3
Govt of Gujarat,Karvy Computershare Private Li,101,52
Govt of Gujarat,Silver Touch Technologies Ltd,318,29
Govt of Gujarat,Tera Software Ltd,820,21
Govt of Gujarat,Transline Technologies P Ltd,5,1
Govt of Gujarat,Vayam technologies Ltd,710,24
Govt of Gujarat,eCentric solutions pvt ltd,1171,8
Govt of Himachal Pradesh,Wipro Ltd,4,0
Govt of Himachal Pradesh,i-Grandee SoftwareTechnologies,0,3
Govt of Karnataka ,BNR UDYOG LIMITED,2,0
Govt of Karnataka ,Bloom Solutions Pvt Ltd,20,9
Govt of Karnataka ,MARS Telecom Systems Pvt Ltd,15,15
Govt of Karnataka ,Ninestars Information Technologies Ltd,5,14
Govt of Karnataka ,Om Softwares,1,0
Govt of Karnataka ,Origin ITFS Pvt Ltd,19,16
Govt of Karnataka ,Radiant Info Systems Ltd,1,0
Govt of Karnataka ,SREEVEN INFOCOM LIMITED,9,24
Govt of Kerala,Akshaya,802,127
Govt of Kerala,Keltron,22,0
Govt of Maharashtra,Adcc Infocad Pvt.Ltd Nagpur,0,3
Govt of Maharashtra,Alankit Assignments Limited,0,14
Govt of Maharashtra,Alankit Finsec Ltd,65,102
Govt of Maharashtra,Bharat Technical Solutions Private Limited,413,30
Govt of Maharashtra,Global Finsol Private Limited,3,1
Govt of Maharashtra,Karvy Computershare Private Li,452,52
Govt of Maharashtra,Narayana Electricals Solution Pvt Ltd,0,2
Govt of Maharashtra,Netlink software Pvt Ltd,1557,22
Govt of Maharashtra,Rudranee Infotech Ltd,4,1
Govt of Maharashtra,SETU MAHARASHTRA,172,93
Govt of Maharashtra,SHREERAM PRINTING PRESS,2,2
Govt of Maharashtra,SPANCO,556,17
Govt of Maharashtra,STRATEGIC OUTSOURCING SERVICE,18,1
Govt of Maharashtra,Silver Touch Technologies Ltd,51,52
Govt of Maharashtra,TechSmart India Pvt Ltd,8,7
Govt of Maharashtra,Tera Software Ltd,1,0
Govt of Maharashtra,Transline Technologies P Ltd,417,20
Govt of Maharashtra,Wipro Ltd,4,9
Govt of Sikkim - Dept of Econo,Department of Economics Statistics  Monitoring and Evaluation DESME,118,21
IDBI Bank ltd,ATISHAY INFOTECH PVT. LTD.,43,336
IDBI Bank ltd,Matrix Processing House,2,0
IDBI Bank ltd,SREEVEN INFOCOM LIMITED,47,5
IDBI Bank ltd,UTI TECHNOLOGY SERVICES LIMITE,429,22
Indiapost,4G IDENTITY SOLUTIONS,0,2
Indiapost,Delhi Integrated MMTS Ltd,6,9
Indiapost,Global Finsol Private Limited,2,5
Indiapost,M/S STAR DATA CENTRE,0,1
Indiapost,MARS Telecom Systems Pvt Ltd,5,8
Indiapost,The NSIC ltd,0,1
Indiapost,Vayam technologies Ltd,220,7
Indiapost,WEBEL,1,4
Information Technology & Communication Department,4G INFORMATICS,9,1
Information Technology & Communication Department,BNR UDYOG LIMITED,3,5
Information Technology & Communication Department,Bloom Solutions Pvt Ltd,0,3
Information Technology & Communication Department,CSS TECHNERGY LIMITED,2,0
Information Technology & Communication Department,Directorate of ESD,669,497
Information Technology & Communication Department,GDC Advertising Pvt. Limited,1,1
Information Technology & Communication Department,JYOTHI COMPUTER SERVICES,4,12
Information Technology & Communication Department,Karvy Data Management Services,3,1
Information Technology & Communication Department,MARS Telecom Systems Pvt Ltd,86,6
Information Technology & Communication Department,SREEVEN INFOCOM LIMITED,6,5
Information Technology & Communication Department,Tera Software Ltd,3,5
Jharkhand,Alankit Assignments Limited,0,8
Jharkhand,Blue Circle Instrument,3,55
Jharkhand,Emdee Digitronics Pvt.Ltd.,4,11
Jharkhand,MKS Enterprises,1,6
Jharkhand,Nevaeh Technology Pvt. Ltd.,1,2
Jharkhand,Systematic & Advance Const P L,3,2
Jharkhand,VISION COMPTECH INTEGRATOR LTD,2,71
Jharkhand,Wipro Ltd,404,189
NSDL e-Governance Infrastructure Limited,Abhipra Capital Ltd,445,82
NSDL e-Governance Infrastructure Limited,Alankit Assignments Limited,579,1001
NSDL e-Governance Infrastructure Limited,Alankit Finsec Ltd,2557,195
NSDL e-Governance Infrastructure Limited,Gujarat Infotech Ltd.,685,187
NSDL e-Governance Infrastructure Limited,INTEGRATED REGISTRY SERVICES LTD,29,5
NSDL e-Governance Infrastructure Limited,Karvy Consultants Limited,15,1
NSDL e-Governance Infrastructure Limited,Karvy Data Management Services,11064,1833
NSDL e-Governance Infrastructure Limited,N.K. Sharma Enterprises Ltd.,1,1
NSDL e-Governance Infrastructure Limited,Netlink software Pvt Ltd,111,28
NSDL e-Governance Infrastructure Limited,Offshoot Agency Pvt. Ltd.,413,107
NSDL e-Governance Infrastructure Limited,PROWIZ MANSYTEMS PVT LTD,1,3
NSDL e-Governance Infrastructure Limited,Promind Solutions P Limited,3294,412
NSDL e-Governance Infrastructure Limited,RELIGARE SECURITIES LTD,92,13
NSDL e-Governance Infrastructure Limited,Radiant Haroti Industries India Ltd,284,16
NSDL e-Governance Infrastructure Limited,Sri Ramraja Sarkar Lok Kalyan Trust,1024,96
NSDL e-Governance Infrastructure Limited,Utility Forms Pvt Ltd,511,40
NSDL e-Governance Infrastructure Limited,VIRGO SOFTECH LIMITED,5,38
Oriental Bank of Commerce,DATASOFT COMPUTER SERVICES(P),204,59
Oriental Bank of Commerce,JNET Technologies Pvt.Ltd,184,161
Oriental Bank of Commerce,Sri Ramraja Sarkar Lok Kalyan Trust,273,26
Oriental Bank of Commerce,Wipro Ltd,83,39
Principal Revenue Commissioner  Dept of Revenue  Govt of MP,Frontech Systems Pvt Ltd,3118,133
Principal Revenue Commissioner  Dept of Revenue  Govt of MP,GDC Advertising Pvt. Limited,291,95
Principal Revenue Commissioner  Dept of Revenue  Govt of MP,K W Consulting P Ltd,663,272
Principal Revenue Commissioner  Dept of Revenue  Govt of MP,LYRA  CONSULTANCY SERVICE,96,33
Principal Revenue Commissioner  Dept of Revenue  Govt of MP,Netlink software Pvt Ltd,85,18
Principal Revenue Commissioner  Dept of Revenue  Govt of MP,OSWAL COMPUTERS & CONSULTANTS,334,94
Principal Revenue Commissioner  Dept of Revenue  Govt of MP,Tera Software Ltd,192,53
Principal Revenue Commissioner  Dept of Revenue  Govt of MP,The NSIC ltd,1,1
Principal Revenue Commissioner  Dept of Revenue  Govt of MP,Vedavaag Systems Limited,592,389
Punjab and Sind Bank,Matrix Processing House,462,68
RDD Govt of Tripura,Alankit Assignments Limited,17,23
Registrar General India - BEL,Swathy Smartcards Hi-Tech Pvt,1,0
Registrar General India BEL2,Bharat Electronics Limited,0,2
Registrar General India BEL2,Chinar Construction Company Prime agency,190,10
Registrar General India BEL2,Computer LAB,2,10
Registrar General India BEL2,Emdee Digitronics Pvt.Ltd.,493,139
Registrar General India BEL2,In Media Computer Services LLP,1,26
Registrar General India BEL2,India Computer Technology,3712,100
Registrar General India BEL2,Karvy Data Management Services,106,22
Registrar General India BEL2,MACRO INFOTECH PVT LTD,72,29
Registrar General India BEL2,MKS Enterprises,63,0
Registrar General India BEL2,Madras Security Printers Ltd,3387,43
Registrar General India BEL2,Manipur Electronics Dev Corp,248,5
Registrar General India BEL2,Multiwave Innovation,5590,153
Registrar General India BEL2,NVR & ASSOCIATES LIMITED,423,28
Registrar General India BEL2,Netlink software Pvt Ltd,390,10
Registrar General India BEL2,Nevaeh Technology Pvt. Ltd.,3202,284
Registrar General India BEL2,Nielsen  India  Private Limited,242,57
Registrar General India BEL2,Om Softwares,830,183
Registrar General India BEL2,SREI INFRASTRUCTURE FINANCES L,16,3
Registrar General India BEL2,STRATEGIC OUTSOURCING SERVICE,0,2
Registrar General India BEL2,Satyanarayana Raju Company Pvt ltd,67,91
Registrar General India BEL2,Swathy Smartcards Hi-Tech Pvt,147,602
Registrar General India BEL2,Swiss Tech India Pvt Ltd,0,7
Registrar General India BEL2,Tera Software Ltd,591,125
Registrar General India BEL2,UNITED DATA SERVICES PRIVATE LIMITED,508,53
Registrar General India BEL2,Urmila Info solution,1,0
Registrar General India BEL2,VIRGO SOFTECH LIMITED,870,251
Registrar General India BEL2,Vansh Infotech Pvt Ltd,1,6
Registrar General India BEL2,Vayam technologies Ltd,2,0
Registrar General India BEL2,Vedavaag Systems Limited,21,48
Registrar General India BEL2,Viesa Technologies,1,34
Registrar General India ECIL,AVVAS INFOTECH PVT  LTD,352,25
Registrar General India ECIL,BUSINESS INFORMATION PROCESSING SERVICES,1,0
Registrar General India ECIL,COMTECH INSTITUTE OFTECHNOLOGY,0,2
Registrar General India ECIL,COMTECHINFO SOLUTIONS PVT.LTD,1425,21
Registrar General India ECIL,Chinar Construction Company Prime agency,4,6
Registrar General India ECIL,Computer LAB,4373,1089
Registrar General India ECIL,Eagle Software India Pvt. Ltd,42167,4811
Registrar General India ECIL,Esoft Consulting Limited,1,0
Registrar General India ECIL,Gundal Infotech Private Limited,0,1
Registrar General India ECIL,In Media Computer Services LLP,3206,420
Registrar General India ECIL,India Computer Technology,3,22
Registrar General India ECIL,Integrated Systems & Services,290,12
Registrar General India ECIL,Karvy Data Management Services,705,171
Registrar General India ECIL,Krishna Infotech,0,4
Registrar General India ECIL,LYRA  CONSULTANCY SERVICE,18,0
Registrar General India ECIL,Madras Security Printers Ltd,14713,946
Registrar General India ECIL,Mphasis Ltd,3,6
Registrar General India ECIL,Nielsen  India  Private Limited,5,4
Registrar General India ECIL,Pioneer E Labs limited,0,4
Registrar General India ECIL,SARADA SYSTEMS,0,1
Registrar General India ECIL,SWISSTECH NPR 57CR PROJECT PVT,402,10
Registrar General India ECIL,Tera Software Ltd,0,5
Registrar General India ECIL,Vedavaag Systems Limited,32,123
Registrar General India Others,Swathy Smartcards Hi-Tech Pvt,0,7
Registrar General India Others,VIRGO SOFTECH LIMITED,43,0
Registrar General of India ITI,COMTECH INSTITUTE OFTECHNOLOGY,5,1
Registrar General of India ITI,Eagle Software India Pvt. Ltd,1122,19
Registrar General of India ITI,Emdee Digitronics Pvt.Ltd.,2949,220
Registrar General of India ITI,FINANCIAL INFORMATION NETWORK,0,3
Registrar General of India ITI,In Media Computer Services LLP,2948,62
Registrar General of India ITI,Karvy Data Management Services,1,19
Registrar General of India ITI,MACRO INFOTECH PVT LTD,0,5
Registrar General of India ITI,Madras Security Printers Ltd,486,103
Registrar General of India ITI,Netlink software Pvt Ltd,16,2
Registrar General of India ITI,Nielsen  India  Private Limited,30,0
Registrar General of India ITI,SREEVEN INFOCOM LIMITED,0,1
Registrar General of India ITI,SREI INFRASTRUCTURE FINANCES L,2,0
Registrar General of India ITI,STRATEGIC OUTSOURCING SERVICE,0,1
Registrar General of India ITI,Satyanarayana Raju Company Pvt ltd,4,3
Registrar General of India ITI,Swathy Smartcards Hi-Tech Pvt,22,11
Registrar General of India ITI,TechSmart India Pvt Ltd,0,1
Registrar General of India ITI,VIRGO SOFTECH LIMITED,1435,32
Registrar General of India ITI,Vedavaag Systems Limited,3,25
Registrar General of India ITI,WEBEL TECHNOLOGY LIMITED,16304,607
State Bank of Bikaner & Jaipur,Multiwave Innovation,4,0
State Bank of India,4G IDENTITY SOLUTIONS,0,1
UIDAI-Registrar,UIDAI-EA,2,3
UT Of Daman and Diu,Alankit Assignments Limited,0,3
UT of Puducherry,Madras Security Printers Ltd,0,1
Union Bank,FINANCIAL INFORMATION NETWORK,3772,1070
Union Bank,Smart Chip Limited,1208,311
Union Bank,Vakrangee Softwares Limited,886,182
