Registrar,Enrolment Agency,Aadhaar generated,Enrolment Rejected
Allahabad Bank,Vakrangee Softwares Limited,33,0
Bank Of India,A3 Logics  India  Ltd,1458,159
Bank Of India,Akanksha International,261,13
Bank Of India,Blue Circle Instrument,1958,282
Bank Of India,CHESSY CONSULTANTS PVT LTD,142,29
Bank Of India,DATASOFT COMPUTER SERVICES(P),1734,82
Bank Of India,Emdee Digitronics Pvt.Ltd.,157,0
Bank Of India,Frontech Systems Pvt Ltd,272,107
Bank Of India,MANTRA SOFTTECH (INDIA) PVTLTD,132,3
Bank Of India,Matrix Processing House,10404,496
Bank Of India,OSWAL COMPUTERS & CONSULTANTS,809,445
Bank Of India,PROTEX COMPUTER PVT LTD,825,53
Bank Of India,SARADA SYSTEMS,1615,298
Bank Of India,SHRIKRISHNA KHANDASARI SUGAR M,317,51
Bank Of India,SPANCO,1789,47
Bank Of India,SREI INFRASTRUCTURE FINANCES L,8824,415
Bank Of India,Silver Touch Technologies Ltd,427,22
Bank Of India,Systematic & Advance Const P L,8175,597
Bank Of India,VEETECHNOLOGIES PVT. LTD,2121,104
Bank Of India,VIRGO SOFTECH LIMITED,12,1
Bank Of India,Vakrangee Softwares Limited,2,0
Bank of Baroda,Global Finsol Private Limited,3315,97
Bank of Maharashtra,Alankit Finsec Ltd,156,2
Bank of Maharashtra,FINANCIAL INFORMATION NETWORK,1601,69
Bank of Maharashtra,Micro Technologies India Ltd,544,43
Bank of Maharashtra,Tera Software Ltd,1710,152
CSC e-Governance Services India Limited,A I Soc for Electronics and Comp Tech,2267,395
CSC e-Governance Services India Limited,AKSH OPTIFIBRE LIMITED,2048,58
CSC e-Governance Services India Limited,BASIX,783,120
CSC e-Governance Services India Limited,CALANCE SOFTWARE PRIVATE LTD,1549,288
CSC e-Governance Services India Limited,CMS Computers Ltd,5095,659
CSC e-Governance Services India Limited,CSC e-Governance Services India Limited,1897,167
CSC e-Governance Services India Limited,Intelligent Communication Sys India Ltd,1660,18
CSC e-Governance Services India Limited,MANTRA SOFTTECH (INDIA) PVTLTD,187,46
CSC e-Governance Services India Limited,Mahaonline Limited,127,0
CSC e-Governance Services India Limited,Network for Information & Computer,693,155
CSC e-Governance Services India Limited,Reliance Communication Limited,2802,161
CSC e-Governance Services India Limited,SPANCO,203,21
CSC e-Governance Services India Limited,Tera Software Ltd,12,5
CSC e-Governance Services India Limited,United Telecoms e-Services Pvt Ltd,344,86
CSC e-Governance Services India Limited,VIKALP MULTIMEDIA,366,19
CSC e-Governance Services India Limited,Vakrangee Softwares Limited,1474,69
CSC e-Governance Services India Limited,Vedavaag Systems Limited,130,16
CSC e-Governance Services India Limited,Zephyr System Pvt.Ltd.,909,210
Canara Bank,Osiris Infotech Pvt. Ltd.,133,57
Central Bank of India,CALANCE SOFTWARE PRIVATE LTD,1187,26
Central Bank of India,IAP COMPANY Pvt. Ltd,5153,269
Central Bank of India,MANTRA SOFTTECH (INDIA) PVTLTD,36,1
Central Bank of India,SREI INFRASTRUCTURE FINANCES L,51,0
Central Bank of India,The Peerless General Finance,756,29
DENA BANK,ATISHAY INFOTECH PVT. LTD.,1096,100
DENA BANK,AVVAS INFOTECH PVT  LTD,283,47
DENA BANK,BNR UDYOG LIMITED,0,3
DENA BANK,Binary Systems,149,9
DENA BANK,Bloom Solutions Pvt Ltd,3658,179
DENA BANK,Business Information Processing Services,2398,55
DENA BANK,CALANCE SOFTWARE PRIVATE LTD,2995,366
DENA BANK,DATASOFT COMPUTER SERVICES(P),132,11
DENA BANK,DEVASHISH SECURITIES PVT. LTD.,83,10
DENA BANK,Eagle Software India Pvt. Ltd,98,9
DENA BANK,Gem Computers,16,1
DENA BANK,Gujarat Infotech Ltd.,146,12
DENA BANK,IAP COMPANY Pvt. Ltd,586,28
DENA BANK,India Computer Technology,0,17
DENA BANK,JNET Technologies Pvt.Ltd,1973,623
DENA BANK,K W Consulting P Ltd,1590,266
DENA BANK,M/S STAR DATA CENTRE,182,0
DENA BANK,MARS Telecom Systems Pvt Ltd,6,0
DENA BANK,MEGHA VINCOM PVT LTD,263,0
DENA BANK,Multiwave Innovation,1424,252
DENA BANK,Narayana Electricals Solution Pvt Ltd,571,72
DENA BANK,Netlink software Pvt Ltd,469,52
DENA BANK,Offshoot Agency Pvt. Ltd.,175,14
DENA BANK,Ortem Securities Limited,61,2
DENA BANK,Prodigy Systems and Services Private Limited,323,31
DENA BANK,Radiant Haroti Industries India Ltd,380,6
DENA BANK,Soc for Advancement of Environ Science,76,15
DENA BANK,Super Printers,1151,136
DENA BANK,Systematic & Advance Const P L,1057,48
DENA BANK,TechSmart India Pvt Ltd,1052,77
DENA BANK,Tera Software Ltd,1755,102
DENA BANK,Transline Technologies P Ltd,486,12
DENA BANK,VAP INFOSOLUTIONS,450,19
DENA BANK,Vedavaag Systems Limited,159,4
DENA BANK,WEBEL,116,65
DENA BANK,Zephyr System Pvt.Ltd.,512,74
Delhi - Central DC,Smart Chip Limited,186,13
Delhi - East DC,DATASOFT COMPUTER SERVICES(P),321,14
Delhi - East DC,Tera Software Ltd,0,1
Delhi - ND DC,Smart Chip Limited,33,5
Delhi - NE DC,Smart Chip Limited,540,37
Delhi - North DC,CALANCE SOFTWARE PRIVATE LTD,837,57
Delhi - North DC,DATASOFT COMPUTER SERVICES(P),1,0
Delhi - North DC,NVR & ASSOCIATES LIMITED,517,17
Delhi - North DC,Smart Chip Limited,383,6
Delhi SW DC,VIRGO SOFTECH LIMITED,17,0
Delhi Urban Shelter Improvemen,Matrix Processing House,1,2
Delhi Urban Shelter Improvemen,STRATEGIC OUTSOURCING SERVICE,1,0
Delhi- South DC,Karvy Computershare Private Li,93,9
Delhi- South DC,Smart Chip Limited,75,3
Delhi- South DC,Tera Software Ltd,0,5
Delhi- South DC,eCentric solutions pvt ltd,0,4
Delhi- West DC,Matrix Processing House,0,4
Delhi- West DC,Smart Chip Limited,210,8
Delhi- West DC,VIRGO SOFTECH LIMITED,52,9
Delhi-NW DC,Karvy Computershare Private Li,6,10
Delhi-NW DC,STRATEGIC OUTSOURCING SERVICE,0,2
Department of Information Technology Govt of Jharkhand,Blue Circle Instrument,880,10
Department of Information Technology Govt of Jharkhand,MKS Enterprises,344,32
Department of Information Technology Govt of Jharkhand,Systematic & Advance Const P L,5,4
Department of Information Technology Govt of Jharkhand,Wipro Ltd,428,42
Dept of ITC Govt of Rajasthan,ATISHAY INFOTECH PVT. LTD.,2490,156
Dept of ITC Govt of Rajasthan,AVVAS INFOTECH PVT  LTD,3616,89
Dept of ITC Govt of Rajasthan,Alankit Finsec Ltd,1815,93
Dept of ITC Govt of Rajasthan,Business Information Processing Services,1361,30
Dept of ITC Govt of Rajasthan,DATASOFT COMPUTER SERVICES(P),2251,121
Dept of ITC Govt of Rajasthan,Gem Computers,2760,77
Dept of ITC Govt of Rajasthan,MANTRA SOFTTECH (INDIA) PVTLTD,106,9
Dept of ITC Govt of Rajasthan,Multiwave Innovation,975,231
Dept of ITC Govt of Rajasthan,Netlink software Pvt Ltd,994,40
Dept of ITC Govt of Rajasthan,TechSmart India Pvt Ltd,421,37
Dept of ITC Govt of Rajasthan,Transline Technologies P Ltd,1112,252
Dept of ITC Govt of Rajasthan,VIRGO SOFTECH LIMITED,586,19
Dept of ITC Govt of Rajasthan,Vakrangee Softwares Limited,2183,191
Dept of ITC Govt of Rajasthan,Vayam technologies Ltd,5033,468
FCR Govt of Haryana,4G INFORMATICS,1076,14
FCR Govt of Haryana,Academy of Management Studies,2,9
FCR Govt of Haryana,Radiant Info Systems Ltd,294,49
FCR Govt of Haryana,SoftAge Information Technology Limited,20,26
FCR Govt of Haryana,Vakrangee Softwares Limited,1,0
FCR Govt of Haryana,Vayam technologies Ltd,960,36
FCS Govt of Punjab,CSS TECHNERGY LIMITED,20,1
FCS Govt of Punjab,District Sukhmani Society  Jalandhar  Punjab,0,1
FCS Govt of Punjab,District Sukhmani Society  Ludhiana  Punjab,0,2
FCS Govt of Punjab,District Sukhmani Society Amritsar Punjab,0,2
FCS Govt of Punjab,District Sukhmani Society Bathinda Punjab,0,2
FCS Govt of Punjab,District Sukhmani Society Fatehgarh Sahib Punjab,1,7
FCS Govt of Punjab,District Sukhmani Society Ferozepur Punjab,0,1
FCS Govt of Punjab,District Sukhmani Society For Citizen Services Mansa Punjab,1,4
FCS Govt of Punjab,District Sukhmani Society For Citizen Services Nawanshahr Punjab,2,3
FCS Govt of Punjab,District Sukhmani Society For Citizen Services SAS Nagar District e-Governance Society Punjab,0,1
FCS Govt of Punjab,District Sukhmani Society Patiala Punjab,4,1
FCS Govt of Punjab,District Sukhmani Society Sri Muktsar Sahib Punjab,0,27
FCS Govt of Punjab,District Sukhmani Society Tarn Taran Punjab,0,6
FCS Govt of Punjab,Karvy Computershare Private Li,1689,106
FCS Govt of Punjab,Sukhmani Society For Citizens Services Faridkot Punjab,0,2
FCS Govt of Punjab,Suwidha Society Hoshiarpur Punjab,0,3
FCS Govt of Punjab,Vayam technologies Ltd,4947,130
FCS Govt of Punjab,eCentric solutions pvt ltd,1457,305
Govt of Andhra Pradesh,Gouthami Educational Society,377,29
Govt of Andhra Pradesh,GrapeSoft,68,4
Govt of Andhra Pradesh,INFRONICS SYSTEMS LTD,699,39
Govt of Andhra Pradesh,Madras Security Printers Ltd,0,3
Govt of Andhra Pradesh,SREEVEN INFOCOM LIMITED,731,27
Govt of Andhra Pradesh,TechSmart India Pvt Ltd,103,6
Govt of Andhra Pradesh,Tera Software Ltd,362,35
Govt of Andhra Pradesh,eCentric solutions pvt ltd,0,3
Govt of Goa,MARS Telecom Systems Pvt Ltd,4,12
Govt of Gujarat,GSS Infotech Ltd,789,83
Govt of Gujarat,Karvy Computershare Private Li,2572,181
Govt of Gujarat,Silver Touch Technologies Ltd,3136,240
Govt of Gujarat,Tera Software Ltd,2253,106
Govt of Gujarat,Transline Technologies P Ltd,333,11
Govt of Gujarat,Vayam technologies Ltd,2919,658
Govt of Gujarat,eCentric solutions pvt ltd,601,216
Govt of Himachal Pradesh,IL&FS LTD,2,59
Govt of Himachal Pradesh,Wipro Ltd,154,35
Govt of Himachal Pradesh,i-Grandee SoftwareTechnologies,343,88
Govt of Karnataka ,BNR UDYOG LIMITED,148,5
Govt of Karnataka ,Bloom Solutions Pvt Ltd,1055,20
Govt of Karnataka ,MARS Telecom Systems Pvt Ltd,2077,78
Govt of Karnataka ,Ninestars Information Technologies Ltd,5984,461
Govt of Karnataka ,Om Softwares,33,1
Govt of Karnataka ,Origin ITFS Pvt Ltd,3546,622
Govt of Karnataka ,Radiant Info Systems Ltd,1,0
Govt of Karnataka ,SREEVEN INFOCOM LIMITED,6928,321
Govt of Kerala,Akshaya,1042,54
Govt of Kerala,Keltron,4,0
Govt of Madhya Pradesh,VIRGO SOFTECH LIMITED,2,0
Govt of Maharashtra,Adcc Infocad Pvt.Ltd Nagpur,3,0
Govt of Maharashtra,Alankit Finsec Ltd,2530,64
Govt of Maharashtra,Bharat Technical Solutions Private Limited,65,6
Govt of Maharashtra,Eagle press pvt ltd,607,1
Govt of Maharashtra,GLODYNE TECHNOSERVE,7,1
Govt of Maharashtra,Global Finsol Private Limited,631,126
Govt of Maharashtra,Karvy Computershare Private Li,1392,67
Govt of Maharashtra,M/S King Computer System pvt Ltd,131,6
Govt of Maharashtra,M/s. Vidya Online  Pune,22,0
Govt of Maharashtra,Narayana Electricals Solution Pvt Ltd,2274,237
Govt of Maharashtra,Netlink software Pvt Ltd,2013,290
Govt of Maharashtra,Network for Information & Computer,25,0
Govt of Maharashtra,Rudranee Infotech Ltd,446,29
Govt of Maharashtra,SETU MAHARASHTRA,675,32
Govt of Maharashtra,SHREERAM PRINTING PRESS,14,1
Govt of Maharashtra,SPANCO,1897,39
Govt of Maharashtra,STRATEGIC OUTSOURCING SERVICE,346,29
Govt of Maharashtra,Silver Touch Technologies Ltd,709,37
Govt of Maharashtra,Systematic & Advance Const P L,84,1
Govt of Maharashtra,TechSmart India Pvt Ltd,784,56
Govt of Maharashtra,Transline Technologies P Ltd,936,33
Govt of Maharashtra,Wipro Ltd,130,10
Govt of Sikkim - Dept of Econo,Department of Economics Statistics  Monitoring and Evaluation DESME,19,2
IDBI Bank ltd,ATISHAY INFOTECH PVT. LTD.,502,80
IDBI Bank ltd,Matrix Processing House,286,37
IDBI Bank ltd,SREEVEN INFOCOM LIMITED,1594,31
IDBI Bank ltd,UTI TECHNOLOGY SERVICES LIMITE,632,18
Indiapost,4G IDENTITY SOLUTIONS,0,1
Indiapost,Delhi Integrated MMTS Ltd,4075,2375
Indiapost,Global Finsol Private Limited,960,14
Indiapost,IL&FS LTD,0,3
Indiapost,M/S STAR DATA CENTRE,69,8
Indiapost,MARS Telecom Systems Pvt Ltd,185,19
Indiapost,Smart Chip Limited,19,1
Indiapost,UTI TECHNOLOGY SERVICES LIMITE,0,1
Indiapost,Vayam technologies Ltd,252,28
Indiapost,WEBEL,267,55
Information Technology & Communication Department,4G INFORMATICS,1868,62
Information Technology & Communication Department,BNR UDYOG LIMITED,538,10
Information Technology & Communication Department,Bloom Solutions Pvt Ltd,841,18
Information Technology & Communication Department,CSS TECHNERGY LIMITED,139,39
Information Technology & Communication Department,Directorate of ESD,442,2467
Information Technology & Communication Department,GDC Advertising Pvt. Limited,82,0
Information Technology & Communication Department,JYOTHI COMPUTER SERVICES,1353,137
Information Technology & Communication Department,Karvy Data Management Services,720,9
Information Technology & Communication Department,MARS Telecom Systems Pvt Ltd,174,24
Information Technology & Communication Department,SREEVEN INFOCOM LIMITED,1087,32
Information Technology & Communication Department,Tera Software Ltd,695,30
Jharkhand,Blue Circle Instrument,15,0
Jharkhand,Emdee Digitronics Pvt.Ltd.,1088,34
Jharkhand,MKS Enterprises,558,19
Jharkhand,Nevaeh Technology Pvt. Ltd.,1109,5
Jharkhand,STRATEGIC OUTSOURCING SERVICE,7,0
Jharkhand,Smart Chip Limited,393,7
Jharkhand,Smart ID,1,0
Jharkhand,Systematic & Advance Const P L,6533,30
Jharkhand,VISION COMPTECH INTEGRATOR LTD,3573,36
Jharkhand,Wipro Ltd,5135,426
Mission Convergence - GNCT Del,Karvy Computershare Private Li,8,8
Mission Convergence - GNCT Del,NVR & ASSOCIATES LIMITED,119,10
Mission Convergence - GNCT Del,STRATEGIC OUTSOURCING SERVICE,0,1
Mission Convergence - GNCT Del,Smart Chip Limited,0,1
NSDL e-Governance Infrastructure Limited,Abhipra Capital Ltd,1394,40
NSDL e-Governance Infrastructure Limited,Alankit Assignments Limited,3785,810
NSDL e-Governance Infrastructure Limited,Alankit Finsec Ltd,126,86
NSDL e-Governance Infrastructure Limited,Delhi Integrated MMTS Ltd,321,42
NSDL e-Governance Infrastructure Limited,Global Finsol Private Limited,578,59
NSDL e-Governance Infrastructure Limited,Gujarat Infotech Ltd.,766,14
NSDL e-Governance Infrastructure Limited,INTEGRATED REGISTRY SERVICES LTD,5,1
NSDL e-Governance Infrastructure Limited,Karvy Consultants Limited,31,1
NSDL e-Governance Infrastructure Limited,Karvy Data Management Services,10360,1104
NSDL e-Governance Infrastructure Limited,N.K. Sharma Enterprises Ltd.,52,4
NSDL e-Governance Infrastructure Limited,Netlink software Pvt Ltd,4142,276
NSDL e-Governance Infrastructure Limited,Offshoot Agency Pvt. Ltd.,11,1
NSDL e-Governance Infrastructure Limited,PROWIZ MANSYTEMS PVT LTD,4890,191
NSDL e-Governance Infrastructure Limited,Promind Solutions P Limited,1380,199
NSDL e-Governance Infrastructure Limited,RELIGARE SECURITIES LTD,0,8
NSDL e-Governance Infrastructure Limited,Radiant Haroti Industries India Ltd,768,13
NSDL e-Governance Infrastructure Limited,Sri Ramraja Sarkar Lok Kalyan Trust,149,13
NSDL e-Governance Infrastructure Limited,Utility Forms Pvt Ltd,68,6
NSDL e-Governance Infrastructure Limited,VIRGO SOFTECH LIMITED,8912,267
Oriental Bank of Commerce,DATASOFT COMPUTER SERVICES(P),715,72
Oriental Bank of Commerce,Euro Finmart Ltd,201,4
Oriental Bank of Commerce,IL&FS LTD,0,1
Oriental Bank of Commerce,JNET Technologies Pvt.Ltd,2289,381
Oriental Bank of Commerce,Redim Software Technologies Pvt Ltd,16,0
Oriental Bank of Commerce,Sri Ramraja Sarkar Lok Kalyan Trust,10195,281
Oriental Bank of Commerce,Wipro Ltd,1310,123
Principal Revenue Commissioner  Dept of Revenue  Govt of MP,Frontech Systems Pvt Ltd,339,92
Principal Revenue Commissioner  Dept of Revenue  Govt of MP,GDC Advertising Pvt. Limited,1517,110
Principal Revenue Commissioner  Dept of Revenue  Govt of MP,K W Consulting P Ltd,724,254
Principal Revenue Commissioner  Dept of Revenue  Govt of MP,LYRA  CONSULTANCY SERVICE,712,61
Principal Revenue Commissioner  Dept of Revenue  Govt of MP,Netlink software Pvt Ltd,391,120
Principal Revenue Commissioner  Dept of Revenue  Govt of MP,OSWAL COMPUTERS & CONSULTANTS,190,481
Principal Revenue Commissioner  Dept of Revenue  Govt of MP,Tera Software Ltd,216,27
Principal Revenue Commissioner  Dept of Revenue  Govt of MP,The NSIC ltd,543,3
Principal Revenue Commissioner  Dept of Revenue  Govt of MP,Vedavaag Systems Limited,1784,453
Punjab and Sind Bank,Matrix Processing House,0,2
RDD Govt of Tripura,Alankit Assignments Limited,2,0
Registrar General India - BEL,Manipur Electronics Dev Corp,0,1
Registrar General India BEL2,4G INFORMATICS,2,2
Registrar General India BEL2,Chinar Construction Company Prime agency,0,1
Registrar General India BEL2,Computer LAB,751,54
Registrar General India BEL2,Eagle Software India Pvt. Ltd,0,8
Registrar General India BEL2,Emdee Digitronics Pvt.Ltd.,203,34
Registrar General India BEL2,In Media Computer Services LLP,43,0
Registrar General India BEL2,India Computer Technology,6603,202
Registrar General India BEL2,Karvy Data Management Services,1692,29
Registrar General India BEL2,MACRO INFOTECH PVT LTD,6414,385
Registrar General India BEL2,MKS Enterprises,1,9
Registrar General India BEL2,Madras Security Printers Ltd,11838,78
Registrar General India BEL2,Manipur Electronics Dev Corp,73,22
Registrar General India BEL2,Multiwave Innovation,2142,176
Registrar General India BEL2,NVR & ASSOCIATES LIMITED,240,24
Registrar General India BEL2,Netlink software Pvt Ltd,1118,16
Registrar General India BEL2,Nevaeh Technology Pvt. Ltd.,1310,50
Registrar General India BEL2,Nielsen  India  Private Limited,1919,227
Registrar General India BEL2,Om Softwares,4417,108
Registrar General India BEL2,SREI INFRASTRUCTURE FINANCES L,28,6
Registrar General India BEL2,STRATEGIC OUTSOURCING SERVICE,1824,4
Registrar General India BEL2,Satyanarayana Raju Company Pvt ltd,5027,79
Registrar General India BEL2,Swathy Smartcards Hi-Tech Pvt,29160,697
Registrar General India BEL2,Swiss Tech India Pvt Ltd,1288,420
Registrar General India BEL2,Tera Software Ltd,3058,55
Registrar General India BEL2,UNITED DATA SERVICES PRIVATE LIMITED,7348,4759
Registrar General India BEL2,Urmila Info solution,57,13
Registrar General India BEL2,VIRGO SOFTECH LIMITED,1986,101
Registrar General India BEL2,Vansh Infotech Pvt Ltd,3301,23
Registrar General India BEL2,Vayam technologies Ltd,0,6
Registrar General India BEL2,Vedavaag Systems Limited,2099,102
Registrar General India BEL2,Viesa Technologies,2382,84
Registrar General India BEL2,WEBEL,40,4
Registrar General India ECIL,AVVAS INFOTECH PVT  LTD,8582,103
Registrar General India ECIL,BUSINESS INFORMATION PROCESSING SERVICES,796,0
Registrar General India ECIL,COMTECH INSTITUTE OFTECHNOLOGY,2985,425
Registrar General India ECIL,COMTECHINFO SOLUTIONS PVT.LTD,1010,157
Registrar General India ECIL,Chinar Construction Company Prime agency,16,9
Registrar General India ECIL,Computer LAB,8507,566
Registrar General India ECIL,Eagle Software India Pvt. Ltd,63398,5336
Registrar General India ECIL,Esoft Consulting Limited,27,135
Registrar General India ECIL,Gundal Infotech Private Limited,5,11
Registrar General India ECIL,In Media Computer Services LLP,4364,49
Registrar General India ECIL,India Computer Technology,2945,2585
Registrar General India ECIL,Karvy Data Management Services,11984,251
Registrar General India ECIL,Krishna Infotech,1,1
Registrar General India ECIL,Madras Security Printers Ltd,14796,2559
Registrar General India ECIL,Mphasis Ltd,5637,31
Registrar General India ECIL,Netwing Technologies Pvt Ltd,213,2
Registrar General India ECIL,Nielsen  India  Private Limited,593,4
Registrar General India ECIL,Pioneer E Labs limited,220,4
Registrar General India ECIL,Quick Data IT Services Pvt Ltd,246,0
Registrar General India ECIL,SARADA SYSTEMS,8870,223
Registrar General India ECIL,SWISSTECH NPR 57CR PROJECT PVT,2470,24
Registrar General India ECIL,Tera Software Ltd,19225,11
Registrar General India ECIL,VEETECHNOLOGIES PVT. LTD,0,2
Registrar General India ECIL,Vedavaag Systems Limited,5411,166
Registrar General India Others,AVVAS INFOTECH PVT  LTD,7,0
Registrar General India Others,COMTECH INSTITUTE OFTECHNOLOGY,1,0
Registrar General India Others,COMTECHINFO SOLUTIONS PVT.LTD,0,1
Registrar General India Others,Eagle Software India Pvt. Ltd,1,1
Registrar General India Others,Madras Security Printers Ltd,4,0
Registrar General India Others,Mphasis Ltd,2,1
Registrar General India Others,Vedavaag Systems Limited,0,3
Registrar General of India ITI,COMTECH INSTITUTE OFTECHNOLOGY,4126,6
Registrar General of India ITI,CSS TECHNERGY LIMITED,711,367
Registrar General of India ITI,CommunitiWorks Welfare Society,2338,5
Registrar General of India ITI,Eagle Software India Pvt. Ltd,4669,275
Registrar General of India ITI,Emdee Digitronics Pvt.Ltd.,9596,307
Registrar General of India ITI,FINANCIAL INFORMATION NETWORK,139,10
Registrar General of India ITI,In Media Computer Services LLP,698,23
Registrar General of India ITI,Karvy Data Management Services,7026,58
Registrar General of India ITI,MACRO INFOTECH PVT LTD,603,12
Registrar General of India ITI,MKS Enterprises,0,3
Registrar General of India ITI,Madras Security Printers Ltd,2064,13
Registrar General of India ITI,Mphasis Ltd,3309,49
Registrar General of India ITI,Multiwave Innovation,89,31
Registrar General of India ITI,Netlink software Pvt Ltd,1922,6
Registrar General of India ITI,Nielsen  India  Private Limited,1530,113
Registrar General of India ITI,PROTEX COMPUTER PVT LTD,0,7
Registrar General of India ITI,SREEVEN INFOCOM LIMITED,71,0
Registrar General of India ITI,SREI INFRASTRUCTURE FINANCES L,49,4
Registrar General of India ITI,STRATEGIC OUTSOURCING SERVICE,1152,19
Registrar General of India ITI,Satyanarayana Raju Company Pvt ltd,2094,16
Registrar General of India ITI,Swathy Smartcards Hi-Tech Pvt,490,143
Registrar General of India ITI,Swiss Tech India Pvt Ltd,13,5
Registrar General of India ITI,Urmila Info solution,34,0
Registrar General of India ITI,VIRGO SOFTECH LIMITED,1052,63
Registrar General of India ITI,Vedavaag Systems Limited,2962,138
Registrar General of India ITI,WEBEL TECHNOLOGY LIMITED,4285,1822
State Bank of Bikaner & Jaipur,Multiwave Innovation,132,10
State Bank of India,COMAT TECHNOLOGIES P LTD,1,0
State Bank of India,IL&FS LTD,2,0
State Bank of Travancore,Tera Software Ltd,2,0
UIDAI-Registrar,UIDAI-EA,3,0
UT Of Daman and Diu,Alankit Assignments Limited,14,0
Union Bank,FINANCIAL INFORMATION NETWORK,22133,1974
Union Bank,Smart Chip Limited,17959,959
Union Bank,Vakrangee Softwares Limited,17447,502
