Registrar,Enrolment Agency,Aadhaar generated,Enrolment Rejected
Allahabad Bank,Vakrangee Softwares Limited,0,4
Bank Of India,A3 Logics  India  Ltd,551,159
Bank Of India,Akanksha International,4,15
Bank Of India,Blue Circle Instrument,97,114
Bank Of India,CHESSY CONSULTANTS PVT LTD,26,10
Bank Of India,DATASOFT COMPUTER SERVICES(P),596,77
Bank Of India,Emdee Digitronics Pvt.Ltd.,0,3
Bank Of India,Frontech Systems Pvt Ltd,50,23
Bank Of India,MANTRA SOFTTECH (INDIA) PVTLTD,0,2
Bank Of India,Matrix Processing House,3,47
Bank Of India,OSWAL COMPUTERS & CONSULTANTS,83,136
Bank Of India,PROTEX COMPUTER PVT LTD,14,12
Bank Of India,SARADA SYSTEMS,36,44
Bank Of India,SHRIKRISHNA KHANDASARI SUGAR M,8,92
Bank Of India,SPANCO,1,9
Bank Of India,SREI INFRASTRUCTURE FINANCES L,1991,429
Bank Of India,Silver Touch Technologies Ltd,0,7
Bank Of India,Systematic & Advance Const P L,3,19
Bank Of India,VEETECHNOLOGIES PVT. LTD,504,482
Bank Of India,Vakrangee Softwares Limited,0,2
Bank of Baroda,Global Finsol Private Limited,0,35
Bank of Maharashtra,Alankit Finsec Ltd,2,3
Bank of Maharashtra,FINANCIAL INFORMATION NETWORK,2,28
Bank of Maharashtra,Micro Technologies India Ltd,0,101
Bank of Maharashtra,Tera Software Ltd,286,354
CSC e-Governance Services India Limited,A I Soc for Electronics and Comp Tech,844,469
CSC e-Governance Services India Limited,AKSH OPTIFIBRE LIMITED,301,161
CSC e-Governance Services India Limited,BASIX,482,351
CSC e-Governance Services India Limited,CALANCE SOFTWARE PRIVATE LTD,17,103
CSC e-Governance Services India Limited,CMS Computers Ltd,1498,866
CSC e-Governance Services India Limited,CSC e-Governance Services India Limited,1118,755
CSC e-Governance Services India Limited,Intelligent Communication Sys India Ltd,114,307
CSC e-Governance Services India Limited,MANTRA SOFTTECH (INDIA) PVTLTD,424,415
CSC e-Governance Services India Limited,Network for Information & Computer,123,34
CSC e-Governance Services India Limited,Reliance Communication Limited,1,6
CSC e-Governance Services India Limited,SPANCO,590,168
CSC e-Governance Services India Limited,Tera Software Ltd,12,23
CSC e-Governance Services India Limited,United Telecoms e-Services Pvt Ltd,61,229
CSC e-Governance Services India Limited,VIKALP MULTIMEDIA,34,83
CSC e-Governance Services India Limited,Vakrangee Softwares Limited,47,80
CSC e-Governance Services India Limited,Zephyr System Pvt.Ltd.,953,420
Canara Bank,Ojus Healthcare Private Limited,0,9
Canara Bank,Osiris Infotech Pvt. Ltd.,140,62
Central Bank of India,CALANCE SOFTWARE PRIVATE LTD,8,33
Central Bank of India,IAP COMPANY Pvt. Ltd,49,107
Central Bank of India,The Peerless General Finance,77,51
DENA BANK,ATISHAY INFOTECH PVT. LTD.,915,146
DENA BANK,AVVAS INFOTECH PVT  LTD,4669,988
DENA BANK,Asha Security Guard Services,53,4
DENA BANK,BNR UDYOG LIMITED,3,61
DENA BANK,Binary Systems,21,1
DENA BANK,Bloom Solutions Pvt Ltd,941,474
DENA BANK,Business Information Processing Services,440,22
DENA BANK,CALANCE SOFTWARE PRIVATE LTD,94,98
DENA BANK,DATASOFT COMPUTER SERVICES(P),68,21
DENA BANK,DEVASHISH SECURITIES PVT. LTD.,53,28
DENA BANK,Eagle Software India Pvt. Ltd,176,2
DENA BANK,Gujarat Infotech Ltd.,26,13
DENA BANK,IAP COMPANY Pvt. Ltd,736,118
DENA BANK,India Computer Technology,10,13
DENA BANK,JNET Technologies Pvt.Ltd,27,177
DENA BANK,K W Consulting P Ltd,639,121
DENA BANK,M/S STAR DATA CENTRE,259,1
DENA BANK,MARS Telecom Systems Pvt Ltd,0,1
DENA BANK,MEGHA VINCOM PVT LTD,14,8
DENA BANK,Multiwave Innovation,111,50
DENA BANK,Narayana Electricals Solution Pvt Ltd,0,540
DENA BANK,Netlink software Pvt Ltd,1664,131
DENA BANK,Offshoot Agency Pvt. Ltd.,72,20
DENA BANK,Prodigy Systems and Services Private Limited,0,10
DENA BANK,Radiant Haroti Industries India Ltd,41,20
DENA BANK,Soc for Advancement of Environ Science,59,68
DENA BANK,Super Printers,4367,331
DENA BANK,Systematic & Advance Const P L,3313,241
DENA BANK,TechSmart India Pvt Ltd,121,318
DENA BANK,Tera Software Ltd,776,37
DENA BANK,Transline Technologies P Ltd,268,21
DENA BANK,VAP INFOSOLUTIONS,556,3
DENA BANK,WEBEL,226,223
DENA BANK,Zephyr System Pvt.Ltd.,255,56
Delhi - East DC,DATASOFT COMPUTER SERVICES(P),10,50
Delhi - NE DC,Smart Chip Limited,0,1
Delhi - North DC,CALANCE SOFTWARE PRIVATE LTD,663,292
Delhi - North DC,NVR & ASSOCIATES LIMITED,3,21
Delhi - North DC,Smart Chip Limited,0,3
Delhi SW DC,VIRGO SOFTECH LIMITED,0,2
Delhi- South DC,Karvy Computershare Private Li,10,38
Delhi- South DC,Smart Chip Limited,0,2
Delhi- West DC,Smart Chip Limited,0,3
Delhi- West DC,VIRGO SOFTECH LIMITED,8,7
Delhi-NW DC,Karvy Computershare Private Li,14,141
Department of Information Technology Govt of Jharkhand,Blue Circle Instrument,32,2
Department of Information Technology Govt of Jharkhand,MKS Enterprises,0,23
Department of Information Technology Govt of Jharkhand,Wipro Ltd,324,356
Dept of ITC Govt of Rajasthan,ATISHAY INFOTECH PVT. LTD.,16,89
Dept of ITC Govt of Rajasthan,AVVAS INFOTECH PVT  LTD,123,61
Dept of ITC Govt of Rajasthan,Alankit Finsec Ltd,1,5
Dept of ITC Govt of Rajasthan,Business Information Processing Services,0,1
Dept of ITC Govt of Rajasthan,DATASOFT COMPUTER SERVICES(P),67,177
Dept of ITC Govt of Rajasthan,Gem Computers,4,46
Dept of ITC Govt of Rajasthan,MANTRA SOFTTECH (INDIA) PVTLTD,12,33
Dept of ITC Govt of Rajasthan,Multiwave Innovation,0,1
Dept of ITC Govt of Rajasthan,Netlink software Pvt Ltd,0,5
Dept of ITC Govt of Rajasthan,TechSmart India Pvt Ltd,168,68
Dept of ITC Govt of Rajasthan,Transline Technologies P Ltd,46,76
Dept of ITC Govt of Rajasthan,VIRGO SOFTECH LIMITED,127,42
Dept of ITC Govt of Rajasthan,Vakrangee Softwares Limited,28,176
Dept of ITC Govt of Rajasthan,Vayam technologies Ltd,2,87
FCR Govt of Haryana,4G INFORMATICS,2,0
FCR Govt of Haryana,Academy of Management Studies,15,35
FCR Govt of Haryana,Radiant Info Systems Ltd,444,126
FCR Govt of Haryana,SoftAge Information Technology Limited,29,115
FCR Govt of Haryana,Vakrangee Softwares Limited,1,1
FCR Govt of Haryana,Vayam technologies Ltd,8,30
FCS Govt of Punjab,District Sukhmani Society  Jalandhar  Punjab,5,6
FCS Govt of Punjab,District Sukhmani Society  Ludhiana  Punjab,2,21
FCS Govt of Punjab,District Sukhmani Society  Moga  Punjab,1,7
FCS Govt of Punjab,District Sukhmani Society Amritsar Punjab,8,13
FCS Govt of Punjab,District Sukhmani Society Barnala Punjab,16,13
FCS Govt of Punjab,District Sukhmani Society Bathinda Punjab,0,12
FCS Govt of Punjab,District Sukhmani Society Fatehgarh Sahib Punjab,15,15
FCS Govt of Punjab,District Sukhmani Society Fazilka Punjab,0,3
FCS Govt of Punjab,District Sukhmani Society Ferozepur Punjab,0,15
FCS Govt of Punjab,District Sukhmani Society For Citizen Services Mansa Punjab,3,68
FCS Govt of Punjab,District Sukhmani Society For Citizen Services Nawanshahr Punjab,13,30
FCS Govt of Punjab,District Sukhmani Society For Citizen Services SAS Nagar District e-Governance Society Punjab,6,22
FCS Govt of Punjab,District Sukhmani Society Pathankot Punjab,0,2
FCS Govt of Punjab,District Sukhmani Society Patiala Punjab,18,10
FCS Govt of Punjab,District Sukhmani Society Rupnagar Punjab,1,4
FCS Govt of Punjab,District Sukhmani Society Sangrur Punjab,3,13
FCS Govt of Punjab,District Sukhmani Society Sri Muktsar Sahib Punjab,3,151
FCS Govt of Punjab,District Sukhmani Society Tarn Taran Punjab,3,4
FCS Govt of Punjab,Karvy Computershare Private Li,58,129
FCS Govt of Punjab,Sukhmani Society For Citizen Services Gurdaspur Punjab,0,6
FCS Govt of Punjab,Sukhmani Society For Citizens Services Faridkot Punjab,0,9
FCS Govt of Punjab,Suwidha Society Hoshiarpur Punjab,1,9
FCS Govt of Punjab,Vayam technologies Ltd,37,196
FCS Govt of Punjab,eCentric solutions pvt ltd,56,142
Govt of Andhra Pradesh,Gouthami Educational Society,19,9
Govt of Andhra Pradesh,GrapeSoft,4,61
Govt of Andhra Pradesh,INFRONICS SYSTEMS LTD,0,29
Govt of Andhra Pradesh,SREEVEN INFOCOM LIMITED,4,35
Govt of Andhra Pradesh,TechSmart India Pvt Ltd,0,12
Govt of Andhra Pradesh,Tera Software Ltd,1,17
Govt of Goa,MARS Telecom Systems Pvt Ltd,140,18
Govt of Gujarat,GSS Infotech Ltd,0,47
Govt of Gujarat,Karvy Computershare Private Li,3726,582
Govt of Gujarat,Silver Touch Technologies Ltd,255,446
Govt of Gujarat,Tera Software Ltd,2383,190
Govt of Gujarat,Transline Technologies P Ltd,0,6
Govt of Gujarat,Vayam technologies Ltd,3394,606
Govt of Gujarat,eCentric solutions pvt ltd,147,76
Govt of Himachal Pradesh,Wipro Ltd,0,3
Govt of Himachal Pradesh,i-Grandee SoftwareTechnologies,0,5
Govt of Karnataka ,BNR UDYOG LIMITED,0,5
Govt of Karnataka ,Bloom Solutions Pvt Ltd,56,23
Govt of Karnataka ,MARS Telecom Systems Pvt Ltd,23,207
Govt of Karnataka ,Ninestars Information Technologies Ltd,1,15
Govt of Karnataka ,Om Softwares,0,52
Govt of Karnataka ,Origin ITFS Pvt Ltd,64,272
Govt of Karnataka ,Radiant Info Systems Ltd,5,15
Govt of Karnataka ,SREEVEN INFOCOM LIMITED,7,129
Govt of Kerala,Akshaya,328,241
Govt of Kerala,Keltron,0,2
Govt of Maharashtra,Bharat Technical Solutions Private Limited,225,28
Govt of Maharashtra,Eagle press pvt ltd,0,7
Govt of Maharashtra,GLODYNE TECHNOSERVE,0,22
Govt of Maharashtra,Global Finsol Private Limited,0,2
Govt of Maharashtra,Karvy Computershare Private Li,108,433
Govt of Maharashtra,M/S King Computer System pvt Ltd,5,86
Govt of Maharashtra,M/s. Vidya Online  Pune,1,20
Govt of Maharashtra,Narayana Electricals Solution Pvt Ltd,0,4
Govt of Maharashtra,Netlink software Pvt Ltd,253,116
Govt of Maharashtra,Network for Information & Computer,0,1
Govt of Maharashtra,Rudranee Infotech Ltd,1,4
Govt of Maharashtra,SETU MAHARASHTRA,91,36
Govt of Maharashtra,SHREERAM PRINTING PRESS,0,4
Govt of Maharashtra,SILVER JUBILEE MOTORS LTD.,1,5
Govt of Maharashtra,SPANCO,143,132
Govt of Maharashtra,STRATEGIC OUTSOURCING SERVICE,12,31
Govt of Maharashtra,Silver Touch Technologies Ltd,527,130
Govt of Maharashtra,TechSmart India Pvt Ltd,0,1
Govt of Maharashtra,Tera Software Ltd,0,1
Govt of Maharashtra,Transline Technologies P Ltd,0,14
Govt of Maharashtra,Vidarbha Infotech Pvt Ltd,0,3
Govt of Maharashtra,Wipro Ltd,269,119
Govt of Sikkim - Dept of Econo,Department of Economics Statistics  Monitoring and Evaluation DESME,64,8
IDBI Bank ltd,ATISHAY INFOTECH PVT. LTD.,23,41
IDBI Bank ltd,Matrix Processing House,0,1
IDBI Bank ltd,SREEVEN INFOCOM LIMITED,5,256
IDBI Bank ltd,UTI TECHNOLOGY SERVICES LIMITE,309,127
Indiapost,Delhi Integrated MMTS Ltd,0,23
Indiapost,Global Finsol Private Limited,0,6
Indiapost,M/S STAR DATA CENTRE,6,5
Indiapost,MARS Telecom Systems Pvt Ltd,41,95
Indiapost,Vayam technologies Ltd,33,29
Indiapost,WEBEL,160,8
Information Technology & Communication Department,4G INFORMATICS,0,12
Information Technology & Communication Department,BNR UDYOG LIMITED,1,38
Information Technology & Communication Department,Bloom Solutions Pvt Ltd,0,2
Information Technology & Communication Department,CSS TECHNERGY LIMITED,0,4
Information Technology & Communication Department,Directorate of ESD,8345,20094
Information Technology & Communication Department,JYOTHI COMPUTER SERVICES,0,14
Information Technology & Communication Department,Karvy Data Management Services,0,2
Information Technology & Communication Department,MARS Telecom Systems Pvt Ltd,11,270
Information Technology & Communication Department,SREEVEN INFOCOM LIMITED,12,257
Information Technology & Communication Department,Tera Software Ltd,1,33
Jharkhand,Emdee Digitronics Pvt.Ltd.,0,21
Jharkhand,MKS Enterprises,25,117
Jharkhand,Nevaeh Technology Pvt. Ltd.,0,27
Jharkhand,Smart Chip Limited,0,4
Jharkhand,Systematic & Advance Const P L,0,63
Jharkhand,VISION COMPTECH INTEGRATOR LTD,0,21
Jharkhand,Wipro Ltd,98,920
Mission Convergence - GNCT Del,Karvy Computershare Private Li,1,22
Mission Convergence - GNCT Del,NVR & ASSOCIATES LIMITED,2,8
NSDL e-Governance Infrastructure Limited,Abhipra Capital Ltd,250,83
NSDL e-Governance Infrastructure Limited,Alankit Assignments Limited,318,276
NSDL e-Governance Infrastructure Limited,Alankit Finsec Ltd,843,165
NSDL e-Governance Infrastructure Limited,Gujarat Infotech Ltd.,1013,16
NSDL e-Governance Infrastructure Limited,INTEGRATED REGISTRY SERVICES LTD,6,3
NSDL e-Governance Infrastructure Limited,Karvy Consultants Limited,0,1
NSDL e-Governance Infrastructure Limited,Karvy Data Management Services,3452,2327
NSDL e-Governance Infrastructure Limited,N.K. Sharma Enterprises Ltd.,340,28
NSDL e-Governance Infrastructure Limited,Netlink software Pvt Ltd,102,150
NSDL e-Governance Infrastructure Limited,PROWIZ MANSYTEMS PVT LTD,0,8
NSDL e-Governance Infrastructure Limited,Promind Solutions P Limited,2465,612
NSDL e-Governance Infrastructure Limited,RELIGARE SECURITIES LTD,43,7
NSDL e-Governance Infrastructure Limited,Radiant Haroti Industries India Ltd,233,23
NSDL e-Governance Infrastructure Limited,Utility Forms Pvt Ltd,26,24
NSDL e-Governance Infrastructure Limited,VIRGO SOFTECH LIMITED,2,15
Oriental Bank of Commerce,DATASOFT COMPUTER SERVICES(P),326,169
Oriental Bank of Commerce,Euro Finmart Ltd,19,5
Oriental Bank of Commerce,JNET Technologies Pvt.Ltd,180,102
Oriental Bank of Commerce,Redim Software Technologies Pvt Ltd,0,6
Oriental Bank of Commerce,Sri Ramraja Sarkar Lok Kalyan Trust,136,202
Oriental Bank of Commerce,Wipro Ltd,350,341
Principal Revenue Commissioner  Dept of Revenue  Govt of MP,Frontech Systems Pvt Ltd,2033,399
Principal Revenue Commissioner  Dept of Revenue  Govt of MP,GDC Advertising Pvt. Limited,571,124
Principal Revenue Commissioner  Dept of Revenue  Govt of MP,K W Consulting P Ltd,3351,819
Principal Revenue Commissioner  Dept of Revenue  Govt of MP,LYRA  CONSULTANCY SERVICE,893,99
Principal Revenue Commissioner  Dept of Revenue  Govt of MP,Netlink software Pvt Ltd,136,72
Principal Revenue Commissioner  Dept of Revenue  Govt of MP,OSWAL COMPUTERS & CONSULTANTS,180,165
Principal Revenue Commissioner  Dept of Revenue  Govt of MP,Tera Software Ltd,423,87
Principal Revenue Commissioner  Dept of Revenue  Govt of MP,The NSIC ltd,0,8
Principal Revenue Commissioner  Dept of Revenue  Govt of MP,Vedavaag Systems Limited,2997,694
Punjab and Sind Bank,Matrix Processing House,90,5
Registrar General India BEL2,4G INFORMATICS,53,19
Registrar General India BEL2,Alankit Assignments Limited,4,0
Registrar General India BEL2,Bharat Electronics Limited,0,1
Registrar General India BEL2,Computer LAB,3042,301
Registrar General India BEL2,Eagle Software India Pvt. Ltd,23,7
Registrar General India BEL2,Emdee Digitronics Pvt.Ltd.,36,282
Registrar General India BEL2,In Media Computer Services LLP,4,79
Registrar General India BEL2,India Computer Technology,340,28
Registrar General India BEL2,Karvy Data Management Services,4539,1021
Registrar General India BEL2,MACRO INFOTECH PVT LTD,1,24
Registrar General India BEL2,MKS Enterprises,679,153
Registrar General India BEL2,Madras Security Printers Ltd,286,3148
Registrar General India BEL2,Manipur Electronics Dev Corp,5,40
Registrar General India BEL2,Multiwave Innovation,2794,271
Registrar General India BEL2,NVR & ASSOCIATES LIMITED,2495,476
Registrar General India BEL2,Netlink software Pvt Ltd,2,376
Registrar General India BEL2,Nevaeh Technology Pvt. Ltd.,1114,259
Registrar General India BEL2,Nielsen  India  Private Limited,1284,373
Registrar General India BEL2,Om Softwares,7498,570
Registrar General India BEL2,SREI INFRASTRUCTURE FINANCES L,32,67
Registrar General India BEL2,STRATEGIC OUTSOURCING SERVICE,77,31
Registrar General India BEL2,Satyanarayana Raju Company Pvt ltd,4490,679
Registrar General India BEL2,Swathy Smartcards Hi-Tech Pvt,7252,389
Registrar General India BEL2,Swiss Tech India Pvt Ltd,342,64
Registrar General India BEL2,Tera Software Ltd,64,752
Registrar General India BEL2,UNITED DATA SERVICES PRIVATE LIMITED,4,60
Registrar General India BEL2,Urmila Info solution,33,45
Registrar General India BEL2,VIRGO SOFTECH LIMITED,6,118
Registrar General India BEL2,Vansh Infotech Pvt Ltd,48,15
Registrar General India BEL2,Vayam technologies Ltd,29,2
Registrar General India BEL2,Vedavaag Systems Limited,812,1003
Registrar General India BEL2,Viesa Technologies,112,919
Registrar General India BEL2,WEBEL,56,58
Registrar General India ECIL,AVVAS INFOTECH PVT  LTD,3081,421
Registrar General India ECIL,BUSINESS INFORMATION PROCESSING SERVICES,0,1
Registrar General India ECIL,COMTECH INSTITUTE OFTECHNOLOGY,1665,295
Registrar General India ECIL,COMTECHINFO SOLUTIONS PVT.LTD,3489,48
Registrar General India ECIL,Chinar Construction Company Prime agency,5648,83
Registrar General India ECIL,Computer LAB,8888,930
Registrar General India ECIL,Eagle Software India Pvt. Ltd,12238,3456
Registrar General India ECIL,Esoft Consulting Limited,195,4
Registrar General India ECIL,Gundal Infotech Private Limited,73,50
Registrar General India ECIL,In Media Computer Services LLP,4569,251
Registrar General India ECIL,India Computer Technology,255,136
Registrar General India ECIL,Karvy Data Management Services,6797,2187
Registrar General India ECIL,Krishna Infotech,0,12
Registrar General India ECIL,LYRA  CONSULTANCY SERVICE,0,16
Registrar General India ECIL,Madras Security Printers Ltd,4775,610
Registrar General India ECIL,Mphasis Ltd,466,115
Registrar General India ECIL,Nielsen  India  Private Limited,67,56
Registrar General India ECIL,Pioneer E Labs limited,0,4
Registrar General India ECIL,SARADA SYSTEMS,0,13
Registrar General India ECIL,SWISSTECH NPR 57CR PROJECT PVT,11695,29
Registrar General India ECIL,Tera Software Ltd,60,27
Registrar General India ECIL,VEETECHNOLOGIES PVT. LTD,153,4
Registrar General India ECIL,Vedavaag Systems Limited,884,76
Registrar General India Others,COMTECH INSTITUTE OFTECHNOLOGY,0,1
Registrar General India Others,In Media Computer Services LLP,0,2
Registrar General India Others,Nielsen  India  Private Limited,2,0
Registrar General India Others,Om Softwares,0,2
Registrar General India Others,Swathy Smartcards Hi-Tech Pvt,0,20
Registrar General India Others,Vedavaag Systems Limited,6,0
Registrar General India Others,WEBEL,0,1
Registrar General of India ITI,CSS TECHNERGY LIMITED,0,2
Registrar General of India ITI,Eagle Software India Pvt. Ltd,4312,793
Registrar General of India ITI,Emdee Digitronics Pvt.Ltd.,12466,3857
Registrar General of India ITI,FINANCIAL INFORMATION NETWORK,5,77
Registrar General of India ITI,In Media Computer Services LLP,434,26
Registrar General of India ITI,Karvy Data Management Services,3138,329
Registrar General of India ITI,MACRO INFOTECH PVT LTD,4,17
Registrar General of India ITI,MKS Enterprises,9,70
Registrar General of India ITI,Madras Security Printers Ltd,6,138
Registrar General of India ITI,Mphasis Ltd,636,79
Registrar General of India ITI,Multiwave Innovation,0,9
Registrar General of India ITI,Netlink software Pvt Ltd,0,83
Registrar General of India ITI,Nielsen  India  Private Limited,999,1697
Registrar General of India ITI,PROTEX COMPUTER PVT LTD,14,31
Registrar General of India ITI,SREI INFRASTRUCTURE FINANCES L,7,115
Registrar General of India ITI,STRATEGIC OUTSOURCING SERVICE,846,158
Registrar General of India ITI,Satyanarayana Raju Company Pvt ltd,549,152
Registrar General of India ITI,Swiss Tech India Pvt Ltd,4,19
Registrar General of India ITI,VEETECHNOLOGIES PVT. LTD,0,57
Registrar General of India ITI,VIRGO SOFTECH LIMITED,229,99
Registrar General of India ITI,Vedavaag Systems Limited,1726,649
Registrar General of India ITI,WEBEL TECHNOLOGY LIMITED,6388,402
UIDAI-Registrar,UIDAI-EA,5,2
UT of Puducherry,Madras Security Printers Ltd,0,89
Union Bank,FINANCIAL INFORMATION NETWORK,3238,2206
Union Bank,Smart Chip Limited,8013,2229
Union Bank,Vakrangee Softwares Limited,1144,877
