Registrar,Enrolment Agency,Aadhaar generated,Enrolment Rejected
Allahabad Bank,Tera Software Ltd,0,1
Allahabad Bank,Vakrangee Softwares Limited,4,58
Bank Of India,A3 Logics  India  Ltd,143,100
Bank Of India,Akanksha International,3,0
Bank Of India,Blue Circle Instrument,479,42
Bank Of India,CHESSY CONSULTANTS PVT LTD,9,7
Bank Of India,DATASOFT COMPUTER SERVICES(P),864,114
Bank Of India,Emdee Digitronics Pvt.Ltd.,2,2
Bank Of India,Frontech Systems Pvt Ltd,1,4
Bank Of India,ITI LIMITED,0,1
Bank Of India,MANTRA SOFTTECH (INDIA) PVTLTD,2,4
Bank Of India,Matrix Processing House,27,25
Bank Of India,OSWAL COMPUTERS & CONSULTANTS,188,31
Bank Of India,PROTEX COMPUTER PVT LTD,49,5
Bank Of India,SARADA SYSTEMS,510,84
Bank Of India,SHRIKRISHNA KHANDASARI SUGAR M,17,18
Bank Of India,SPANCO,18,4
Bank Of India,SREI INFRASTRUCTURE FINANCES L,765,141
Bank Of India,Silver Touch Technologies Ltd,3,8
Bank Of India,Systematic & Advance Const P L,18,18
Bank Of India,VEETECHNOLOGIES PVT. LTD,210,45
Bank Of India,Vakrangee Softwares Limited,0,29
Bank of Baroda,Global Finsol Private Limited,5,10
Bank of Maharashtra,Alankit Finsec Ltd,1,2
Bank of Maharashtra,FINANCIAL INFORMATION NETWORK,205,13
Bank of Maharashtra,Micro Technologies India Ltd,26,1
Bank of Maharashtra,Tera Software Ltd,237,260
CSC e-Governance Services India Limited,A I Soc for Electronics and Comp Tech,791,215
CSC e-Governance Services India Limited,AKSH OPTIFIBRE LIMITED,111,43
CSC e-Governance Services India Limited,BASIX,577,106
CSC e-Governance Services India Limited,CALANCE SOFTWARE PRIVATE LTD,12,8
CSC e-Governance Services India Limited,CMS Computers Ltd,678,221
CSC e-Governance Services India Limited,CSC e-Governance Services India Limited,681,183
CSC e-Governance Services India Limited,Intelligent Communication Sys India Ltd,2,14
CSC e-Governance Services India Limited,MANTRA SOFTTECH (INDIA) PVTLTD,224,42
CSC e-Governance Services India Limited,Mahaonline Limited,47,21
CSC e-Governance Services India Limited,Network for Information & Computer,117,41
CSC e-Governance Services India Limited,Reliance Communication Limited,0,1
CSC e-Governance Services India Limited,SPANCO,884,171
CSC e-Governance Services India Limited,Tera Software Ltd,29,9
CSC e-Governance Services India Limited,United Telecoms e-Services Pvt Ltd,227,157
CSC e-Governance Services India Limited,VIKALP MULTIMEDIA,50,7
CSC e-Governance Services India Limited,Vakrangee Softwares Limited,8,12
CSC e-Governance Services India Limited,Vayam technologies Ltd,22,0
CSC e-Governance Services India Limited,Vedavaag Systems Limited,0,3
CSC e-Governance Services India Limited,Zephyr System Pvt.Ltd.,507,100
Canara Bank,Karvy Data Management Services,8,1
Canara Bank,Ojus Healthcare Private Limited,1,2
Canara Bank,Osiris Infotech Pvt. Ltd.,46,99
Canara Bank,Smart Chip Limited,1342,52
Central Bank of India,CALANCE SOFTWARE PRIVATE LTD,42,31
Central Bank of India,IAP COMPANY Pvt. Ltd,90,39
Central Bank of India,The Peerless General Finance,137,12
DENA BANK,ATISHAY INFOTECH PVT. LTD.,308,54
DENA BANK,AVVAS INFOTECH PVT  LTD,116,252
DENA BANK,Asha Security Guard Services,497,84
DENA BANK,BNR UDYOG LIMITED,2,6
DENA BANK,Binary Systems,540,52
DENA BANK,Bloom Solutions Pvt Ltd,2576,201
DENA BANK,Business Information Processing Services,55,47
DENA BANK,CALANCE SOFTWARE PRIVATE LTD,259,233
DENA BANK,DATASOFT COMPUTER SERVICES(P),469,72
DENA BANK,DEVASHISH SECURITIES PVT. LTD.,514,23
DENA BANK,Eagle Software India Pvt. Ltd,5,5
DENA BANK,FINANCIAL INFORMATION NETWORK,223,73
DENA BANK,Gem Computers,321,18
DENA BANK,Gujarat Infotech Ltd.,511,9
DENA BANK,IAP COMPANY Pvt. Ltd,1594,259
DENA BANK,India Computer Technology,46,12
DENA BANK,JNET Technologies Pvt.Ltd,608,18
DENA BANK,K W Consulting P Ltd,332,182
DENA BANK,M/S STAR DATA CENTRE,49,18
DENA BANK,M/s Gold Square Builders & Promoters Pvt. Ltd.,929,56
DENA BANK,MEGHA VINCOM PVT LTD,2161,303
DENA BANK,Make India Smart Private Limited,373,39
DENA BANK,Multiwave Innovation,39,16
DENA BANK,NVR & ASSOCIATES LIMITED,51,58
DENA BANK,Narayana Electricals Solution Pvt Ltd,20,15
DENA BANK,Netlink software Pvt Ltd,553,41
DENA BANK,Offshoot Agency Pvt. Ltd.,286,11
DENA BANK,Prodigy Systems and Services Private Limited,0,4
DENA BANK,Radiant Haroti Industries India Ltd,300,73
DENA BANK,Silver Touch Technologies Ltd,21,2
DENA BANK,Soc for Advancement of Environ Science,66,22
DENA BANK,Super Printers,1014,83
DENA BANK,Systematic & Advance Const P L,713,6
DENA BANK,TechSmart India Pvt Ltd,904,106
DENA BANK,Tera Software Ltd,398,172
DENA BANK,Transline Technologies P Ltd,452,46
DENA BANK,Utility Forms Pvt Ltd,0,1
DENA BANK,VAP INFOSOLUTIONS,301,80
DENA BANK,VISION COMPTECH INTEGRATOR LTD,14,7
DENA BANK,Vedavaag Systems Limited,495,20
DENA BANK,WEBEL,664,53
DENA BANK,Zephyr System Pvt.Ltd.,655,103
Delhi - Central DC,Smart Chip Limited,0,1
Delhi - East DC,DATASOFT COMPUTER SERVICES(P),18,16
Delhi - NE DC,Smart Chip Limited,2,4
Delhi - North DC,CALANCE SOFTWARE PRIVATE LTD,8,43
Delhi - North DC,NVR & ASSOCIATES LIMITED,10,4
Delhi - North DC,Smart Chip Limited,1,2
Delhi SW DC,VIRGO SOFTECH LIMITED,0,4
Delhi- South DC,Karvy Computershare Private Li,0,1
Delhi- South DC,Smart Chip Limited,0,1
Delhi- South DC,Tera Software Ltd,0,1
Delhi- West DC,VIRGO SOFTECH LIMITED,0,13
Delhi-NW DC,Karvy Computershare Private Li,74,28
Department of Information Technology Govt of Jharkhand,Blue Circle Instrument,45,6
Department of Information Technology Govt of Jharkhand,MKS Enterprises,5,21
Department of Information Technology Govt of Jharkhand,Systematic & Advance Const P L,0,4
Department of Information Technology Govt of Jharkhand,Wipro Ltd,6,0
Dept of ITC Govt of Rajasthan,ATISHAY INFOTECH PVT. LTD.,34,21
Dept of ITC Govt of Rajasthan,AVVAS INFOTECH PVT  LTD,301,48
Dept of ITC Govt of Rajasthan,Alankit Finsec Ltd,3,4
Dept of ITC Govt of Rajasthan,Business Information Processing Services,2,2
Dept of ITC Govt of Rajasthan,DATASOFT COMPUTER SERVICES(P),137,41
Dept of ITC Govt of Rajasthan,Gem Computers,14,10
Dept of ITC Govt of Rajasthan,MANTRA SOFTTECH (INDIA) PVTLTD,4,2
Dept of ITC Govt of Rajasthan,Multiwave Innovation,2,2
Dept of ITC Govt of Rajasthan,Netlink software Pvt Ltd,3,2
Dept of ITC Govt of Rajasthan,TechSmart India Pvt Ltd,20,8
Dept of ITC Govt of Rajasthan,Transline Technologies P Ltd,97,14
Dept of ITC Govt of Rajasthan,VIRGO SOFTECH LIMITED,3,17
Dept of ITC Govt of Rajasthan,Vakrangee Softwares Limited,22,123
Dept of ITC Govt of Rajasthan,Vayam technologies Ltd,79,16
FCR Govt of Haryana,4G INFORMATICS,13,10
FCR Govt of Haryana,Academy of Management Studies,10,18
FCR Govt of Haryana,Radiant Info Systems Ltd,40,12
FCR Govt of Haryana,SoftAge Information Technology Limited,178,33
FCR Govt of Haryana,Vakrangee Softwares Limited,0,1
FCR Govt of Haryana,Vayam technologies Ltd,1462,206
FCS Govt of Punjab,CSS TECHNERGY LIMITED,0,1
FCS Govt of Punjab,District Sukhmani Society  Jalandhar  Punjab,7,1
FCS Govt of Punjab,District Sukhmani Society  Ludhiana  Punjab,48,11
FCS Govt of Punjab,District Sukhmani Society  Moga  Punjab,19,0
FCS Govt of Punjab,District Sukhmani Society Amritsar Punjab,5,3
FCS Govt of Punjab,District Sukhmani Society Barnala Punjab,42,16
FCS Govt of Punjab,District Sukhmani Society Bathinda Punjab,17,4
FCS Govt of Punjab,District Sukhmani Society Fatehgarh Sahib Punjab,13,6
FCS Govt of Punjab,District Sukhmani Society Fazilka Punjab,3,1
FCS Govt of Punjab,District Sukhmani Society Ferozepur Punjab,11,7
FCS Govt of Punjab,District Sukhmani Society For Citizen Services Mansa Punjab,1,5
FCS Govt of Punjab,District Sukhmani Society For Citizen Services Nawanshahr Punjab,4,4
FCS Govt of Punjab,District Sukhmani Society For Citizen Services SAS Nagar District e-Governance Society Punjab,8,3
FCS Govt of Punjab,District Sukhmani Society Pathankot Punjab,4,4
FCS Govt of Punjab,District Sukhmani Society Patiala Punjab,2,5
FCS Govt of Punjab,District Sukhmani Society Rupnagar Punjab,0,1
FCS Govt of Punjab,District Sukhmani Society Sangrur Punjab,19,8
FCS Govt of Punjab,District Sukhmani Society Sri Muktsar Sahib Punjab,5,4
FCS Govt of Punjab,District Sukhmani Society Tarn Taran Punjab,1,0
FCS Govt of Punjab,Karvy Computershare Private Li,14,37
FCS Govt of Punjab,Sukhmani Society For Citizen Services  Kapurthala  Punjab,5,0
FCS Govt of Punjab,Sukhmani Society For Citizen Services Gurdaspur Punjab,0,1
FCS Govt of Punjab,Sukhmani Society For Citizens Services Faridkot Punjab,23,11
FCS Govt of Punjab,Suwidha Society Hoshiarpur Punjab,13,1
FCS Govt of Punjab,Vayam technologies Ltd,30,7
FCS Govt of Punjab,eCentric solutions pvt ltd,120,54
Govt of Andhra Pradesh,Gouthami Educational Society,6,40
Govt of Andhra Pradesh,GrapeSoft,53,18
Govt of Andhra Pradesh,INFRONICS SYSTEMS LTD,10,30
Govt of Andhra Pradesh,SREEVEN INFOCOM LIMITED,2,8
Govt of Andhra Pradesh,TechSmart India Pvt Ltd,1,3
Govt of Andhra Pradesh,Tera Software Ltd,20,10
Govt of Goa,MARS Telecom Systems Pvt Ltd,30,6
Govt of Gujarat,GSS Infotech Ltd,52,10
Govt of Gujarat,Karvy Computershare Private Li,61,56
Govt of Gujarat,Silver Touch Technologies Ltd,453,69
Govt of Gujarat,Tera Software Ltd,119,9
Govt of Gujarat,Transline Technologies P Ltd,5,4
Govt of Gujarat,Vayam technologies Ltd,747,29
Govt of Gujarat,eCentric solutions pvt ltd,1677,19
Govt of Himachal Pradesh,Wipro Ltd,0,7
Govt of Himachal Pradesh,i-Grandee SoftwareTechnologies,1,2
Govt of Karnataka ,Bloom Solutions Pvt Ltd,27,11
Govt of Karnataka ,MARS Telecom Systems Pvt Ltd,15,15
Govt of Karnataka ,Ninestars Information Technologies Ltd,13,7
Govt of Karnataka ,Om Softwares,2,0
Govt of Karnataka ,Origin ITFS Pvt Ltd,22,23
Govt of Karnataka ,SREEVEN INFOCOM LIMITED,18,28
Govt of Kerala,Akshaya,227,195
Govt of Kerala,Keltron,1,45
Govt of Maharashtra,Alankit Finsec Ltd,8,18
Govt of Maharashtra,Bharat Technical Solutions Private Limited,79,10
Govt of Maharashtra,Eagle press pvt ltd,5,2
Govt of Maharashtra,GLODYNE TECHNOSERVE,0,1
Govt of Maharashtra,Global Finsol Private Limited,16,4
Govt of Maharashtra,Karvy Computershare Private Li,14,30
Govt of Maharashtra,M/S King Computer System pvt Ltd,2,0
Govt of Maharashtra,M/s. Vidya Online  Pune,5,0
Govt of Maharashtra,Narayana Electricals Solution Pvt Ltd,18,8
Govt of Maharashtra,Netlink software Pvt Ltd,153,11
Govt of Maharashtra,Obel projects Pvt Ltd,0,1
Govt of Maharashtra,Rudranee Infotech Ltd,3,1
Govt of Maharashtra,SETU MAHARASHTRA,224,8
Govt of Maharashtra,SHREERAM PRINTING PRESS,3,3
Govt of Maharashtra,SILVER JUBILEE MOTORS LTD.,0,1
Govt of Maharashtra,SPANCO,210,30
Govt of Maharashtra,STRATEGIC OUTSOURCING SERVICE,44,8
Govt of Maharashtra,Silver Touch Technologies Ltd,7,13
Govt of Maharashtra,TechSmart India Pvt Ltd,7,3
Govt of Maharashtra,Tera Software Ltd,0,3
Govt of Maharashtra,Transline Technologies P Ltd,24,10
Govt of Maharashtra,Wipro Ltd,25,10
Govt of Sikkim - Dept of Econo,Department of Economics Statistics  Monitoring and Evaluation DESME,3,7
IDBI Bank ltd,ATISHAY INFOTECH PVT. LTD.,105,15
IDBI Bank ltd,Matrix Processing House,2,3
IDBI Bank ltd,SREEVEN INFOCOM LIMITED,35,12
IDBI Bank ltd,UTI TECHNOLOGY SERVICES LIMITE,8,19
Indiapost,Delhi Integrated MMTS Ltd,5,16
Indiapost,GLODYNE TECHNOSERVE,1,0
Indiapost,Global Finsol Private Limited,1,10
Indiapost,M/S STAR DATA CENTRE,0,1
Indiapost,MARS Telecom Systems Pvt Ltd,2,20
Indiapost,Smart Chip Limited,0,1
Indiapost,Vayam technologies Ltd,0,2
Indiapost,WEBEL,2,1
Information Technology & Communication Department,4G INFORMATICS,8,2
Information Technology & Communication Department,BNR UDYOG LIMITED,2,8
Information Technology & Communication Department,Bloom Solutions Pvt Ltd,4,6
Information Technology & Communication Department,CSS TECHNERGY LIMITED,0,1
Information Technology & Communication Department,Directorate of ESD,281,583
Information Technology & Communication Department,GDC Advertising Pvt. Limited,1,1
Information Technology & Communication Department,JYOTHI COMPUTER SERVICES,1,5
Information Technology & Communication Department,Karvy Data Management Services,2,0
Information Technology & Communication Department,MARS Telecom Systems Pvt Ltd,32,13
Information Technology & Communication Department,SREEVEN INFOCOM LIMITED,48,10
Information Technology & Communication Department,Tera Software Ltd,4,16
Jharkhand,Alankit Assignments Limited,0,3
Jharkhand,Emdee Digitronics Pvt.Ltd.,8,14
Jharkhand,MKS Enterprises,11,11
Jharkhand,Nevaeh Technology Pvt. Ltd.,2,3
Jharkhand,STRATEGIC OUTSOURCING SERVICE,0,3
Jharkhand,Smart Chip Limited,1,5
Jharkhand,Systematic & Advance Const P L,56,6
Jharkhand,VISION COMPTECH INTEGRATOR LTD,16,57
Jharkhand,Wipro Ltd,158,157
Mission Convergence - GNCT Del,Karvy Computershare Private Li,0,1
Mission Convergence - GNCT Del,NVR & ASSOCIATES LIMITED,0,2
NSDL e-Governance Infrastructure Limited,Abhipra Capital Ltd,82,46
NSDL e-Governance Infrastructure Limited,Alankit Assignments Limited,239,69
NSDL e-Governance Infrastructure Limited,Alankit Finsec Ltd,710,278
NSDL e-Governance Infrastructure Limited,Gujarat Infotech Ltd.,765,92
NSDL e-Governance Infrastructure Limited,INTEGRATED REGISTRY SERVICES LTD,8,0
NSDL e-Governance Infrastructure Limited,Karvy Consultants Limited,2,2
NSDL e-Governance Infrastructure Limited,Karvy Data Management Services,3683,1395
NSDL e-Governance Infrastructure Limited,Netlink software Pvt Ltd,19,19
NSDL e-Governance Infrastructure Limited,Offshoot Agency Pvt. Ltd.,591,117
NSDL e-Governance Infrastructure Limited,PROWIZ MANSYTEMS PVT LTD,6,8
NSDL e-Governance Infrastructure Limited,Promind Solutions P Limited,1986,363
NSDL e-Governance Infrastructure Limited,RELIGARE SECURITIES LTD,230,4
NSDL e-Governance Infrastructure Limited,Radiant Haroti Industries India Ltd,79,9
NSDL e-Governance Infrastructure Limited,Sri Ramraja Sarkar Lok Kalyan Trust,0,1
NSDL e-Governance Infrastructure Limited,Utility Forms Pvt Ltd,117,21
NSDL e-Governance Infrastructure Limited,VIRGO SOFTECH LIMITED,24,52
Oriental Bank of Commerce,DATASOFT COMPUTER SERVICES(P),258,106
Oriental Bank of Commerce,Euro Finmart Ltd,0,1
Oriental Bank of Commerce,JNET Technologies Pvt.Ltd,108,40
Oriental Bank of Commerce,Sri Ramraja Sarkar Lok Kalyan Trust,56,28
Oriental Bank of Commerce,Wipro Ltd,95,44
Principal Revenue Commissioner  Dept of Revenue  Govt of MP,Frontech Systems Pvt Ltd,158,123
Principal Revenue Commissioner  Dept of Revenue  Govt of MP,GDC Advertising Pvt. Limited,266,26
Principal Revenue Commissioner  Dept of Revenue  Govt of MP,K W Consulting P Ltd,350,157
Principal Revenue Commissioner  Dept of Revenue  Govt of MP,LYRA  CONSULTANCY SERVICE,98,54
Principal Revenue Commissioner  Dept of Revenue  Govt of MP,Netlink software Pvt Ltd,32,7
Principal Revenue Commissioner  Dept of Revenue  Govt of MP,OSWAL COMPUTERS & CONSULTANTS,126,32
Principal Revenue Commissioner  Dept of Revenue  Govt of MP,Tera Software Ltd,102,65
Principal Revenue Commissioner  Dept of Revenue  Govt of MP,Vedavaag Systems Limited,1773,251
Punjab and Sind Bank,Matrix Processing House,625,42
RDD Govt of Tripura,Alankit Assignments Limited,0,149
Registrar General India - BEL,Swathy Smartcards Hi-Tech Pvt,0,1
Registrar General India BEL2,Alankit Assignments Limited,4,3
Registrar General India BEL2,Chinar Construction Company Prime agency,0,9
Registrar General India BEL2,Computer LAB,12,48
Registrar General India BEL2,Eagle Software India Pvt. Ltd,23,0
Registrar General India BEL2,Emdee Digitronics Pvt.Ltd.,650,161
Registrar General India BEL2,In Media Computer Services LLP,16,7
Registrar General India BEL2,India Computer Technology,19,82
Registrar General India BEL2,Karvy Data Management Services,471,41
Registrar General India BEL2,MACRO INFOTECH PVT LTD,38,18
Registrar General India BEL2,MKS Enterprises,4,0
Registrar General India BEL2,Madras Security Printers Ltd,554,35
Registrar General India BEL2,Manipur Electronics Dev Corp,107,14
Registrar General India BEL2,Multiwave Innovation,59,92
Registrar General India BEL2,NVR & ASSOCIATES LIMITED,115,10
Registrar General India BEL2,Netlink software Pvt Ltd,8,7
Registrar General India BEL2,Nevaeh Technology Pvt. Ltd.,2113,269
Registrar General India BEL2,Nielsen  India  Private Limited,401,30
Registrar General India BEL2,Om Softwares,4,524
Registrar General India BEL2,SREEVEN INFOCOM LIMITED,2,0
Registrar General India BEL2,SREI INFRASTRUCTURE FINANCES L,4,4
Registrar General India BEL2,STRATEGIC OUTSOURCING SERVICE,517,4
Registrar General India BEL2,Satyanarayana Raju Company Pvt ltd,276,136
Registrar General India BEL2,Swathy Smartcards Hi-Tech Pvt,1008,454
Registrar General India BEL2,Swiss Tech India Pvt Ltd,68,20
Registrar General India BEL2,Tera Software Ltd,24,44
Registrar General India BEL2,UNITED DATA SERVICES PRIVATE LIMITED,35,80
Registrar General India BEL2,Urmila Info solution,41,0
Registrar General India BEL2,VIRGO SOFTECH LIMITED,21,168
Registrar General India BEL2,Vansh Infotech Pvt Ltd,136,10
Registrar General India BEL2,Vedavaag Systems Limited,42,27
Registrar General India BEL2,Viesa Technologies,142,39
Registrar General India BEL2,WEBEL,64,0
Registrar General India ECIL,AVVAS INFOTECH PVT  LTD,808,58
Registrar General India ECIL,BUSINESS INFORMATION PROCESSING SERVICES,2,2
Registrar General India ECIL,COMTECH INSTITUTE OFTECHNOLOGY,11,5
Registrar General India ECIL,COMTECHINFO SOLUTIONS PVT.LTD,316,320
Registrar General India ECIL,Chinar Construction Company Prime agency,0,7
Registrar General India ECIL,Computer LAB,2352,579
Registrar General India ECIL,Eagle Software India Pvt. Ltd,13897,3384
Registrar General India ECIL,Esoft Consulting Limited,1,0
Registrar General India ECIL,Gundal Infotech Private Limited,2,0
Registrar General India ECIL,In Media Computer Services LLP,973,173
Registrar General India ECIL,India Computer Technology,21,24
Registrar General India ECIL,Integrated Systems & Services,59,26
Registrar General India ECIL,Karvy Data Management Services,1737,781
Registrar General India ECIL,Krishna Infotech,5,13
Registrar General India ECIL,LYRA  CONSULTANCY SERVICE,6,0
Registrar General India ECIL,Madras Security Printers Ltd,8248,1116
Registrar General India ECIL,Mphasis Ltd,247,8
Registrar General India ECIL,Netwing Technologies Pvt Ltd,2,0
Registrar General India ECIL,Nielsen  India  Private Limited,19,6
Registrar General India ECIL,Pioneer E Labs limited,0,1
Registrar General India ECIL,SARADA SYSTEMS,78,5
Registrar General India ECIL,SWISSTECH NPR 57CR PROJECT PVT,929,179
Registrar General India ECIL,Tera Software Ltd,4,21
Registrar General India ECIL,VEETECHNOLOGIES PVT. LTD,14,0
Registrar General India ECIL,Vedavaag Systems Limited,353,80
Registrar General India Others,Swathy Smartcards Hi-Tech Pvt,0,3
Registrar General of India ITI,COMTECH INSTITUTE OFTECHNOLOGY,17,6
Registrar General of India ITI,CommunitiWorks Welfare Society,0,2
Registrar General of India ITI,Eagle Software India Pvt. Ltd,361,48
Registrar General of India ITI,Emdee Digitronics Pvt.Ltd.,184,126
Registrar General of India ITI,FINANCIAL INFORMATION NETWORK,169,32
Registrar General of India ITI,In Media Computer Services LLP,1053,25
Registrar General of India ITI,Karvy Data Management Services,145,66
Registrar General of India ITI,MACRO INFOTECH PVT LTD,0,1
Registrar General of India ITI,MKS Enterprises,4,0
Registrar General of India ITI,Madras Security Printers Ltd,208,121
Registrar General of India ITI,Mphasis Ltd,82,6
Registrar General of India ITI,Multiwave Innovation,0,1
Registrar General of India ITI,Netlink software Pvt Ltd,34,1
Registrar General of India ITI,Nielsen  India  Private Limited,142,2
Registrar General of India ITI,PROTEX COMPUTER PVT LTD,27,0
Registrar General of India ITI,SREEVEN INFOCOM LIMITED,0,9
Registrar General of India ITI,SREI INFRASTRUCTURE FINANCES L,12,0
Registrar General of India ITI,STRATEGIC OUTSOURCING SERVICE,82,3
Registrar General of India ITI,Satyanarayana Raju Company Pvt ltd,13,26
Registrar General of India ITI,Swathy Smartcards Hi-Tech Pvt,10,269
Registrar General of India ITI,Swiss Tech India Pvt Ltd,98,1
Registrar General of India ITI,TechSmart India Pvt Ltd,0,6
Registrar General of India ITI,VIRGO SOFTECH LIMITED,228,13
Registrar General of India ITI,Vedavaag Systems Limited,114,19
Registrar General of India ITI,WEBEL TECHNOLOGY LIMITED,973,831
State Bank of Bikaner & Jaipur,Multiwave Innovation,2,7
State Bank of Travancore,Tera Software Ltd,1,3
UIDAI-Registrar,UIDAI-EA,2,0
UT of Puducherry,Madras Security Printers Ltd,1,0
Union Bank,FINANCIAL INFORMATION NETWORK,4721,1222
Union Bank,Smart Chip Limited,1368,282
Union Bank,Vakrangee Softwares Limited,909,164
