Registrar,Enrolment Agency,Aadhaar generated,Enrolment Rejected
Allahabad Bank,Vakrangee Softwares Limited,0,20
Bank Of India,A3 Logics  India  Ltd,183,163
Bank Of India,Akanksha International,2,13
Bank Of India,Blue Circle Instrument,440,169
Bank Of India,CHESSY CONSULTANTS PVT LTD,7,32
Bank Of India,DATASOFT COMPUTER SERVICES(P),690,147
Bank Of India,Emdee Digitronics Pvt.Ltd.,1,7
Bank Of India,Frontech Systems Pvt Ltd,33,18
Bank Of India,MANTRA SOFTTECH (INDIA) PVTLTD,6,2
Bank Of India,Matrix Processing House,313,46
Bank Of India,OSWAL COMPUTERS & CONSULTANTS,15,130
Bank Of India,PROTEX COMPUTER PVT LTD,18,38
Bank Of India,SARADA SYSTEMS,212,115
Bank Of India,SHRIKRISHNA KHANDASARI SUGAR M,170,285
Bank Of India,SPANCO,11,24
Bank Of India,SREI INFRASTRUCTURE FINANCES L,3642,470
Bank Of India,Silver Touch Technologies Ltd,208,10
Bank Of India,Systematic & Advance Const P L,62,32
Bank Of India,VEETECHNOLOGIES PVT. LTD,1210,667
Bank Of India,Vakrangee Softwares Limited,0,19
Bank of Baroda,Global Finsol Private Limited,58,24
Bank of Maharashtra,Alankit Finsec Ltd,0,3
Bank of Maharashtra,FINANCIAL INFORMATION NETWORK,984,37
Bank of Maharashtra,Micro Technologies India Ltd,69,104
Bank of Maharashtra,Tera Software Ltd,50,695
CSC e-Governance Services India Limited,A I Soc for Electronics and Comp Tech,2753,774
CSC e-Governance Services India Limited,AKSH OPTIFIBRE LIMITED,1114,257
CSC e-Governance Services India Limited,BASIX,2416,947
CSC e-Governance Services India Limited,CALANCE SOFTWARE PRIVATE LTD,11,68
CSC e-Governance Services India Limited,CMS Computers Ltd,3112,1416
CSC e-Governance Services India Limited,CSC e-Governance Services India Limited,1348,947
CSC e-Governance Services India Limited,Intelligent Communication Sys India Ltd,157,99
CSC e-Governance Services India Limited,MANTRA SOFTTECH (INDIA) PVTLTD,757,391
CSC e-Governance Services India Limited,Network for Information & Computer,655,368
CSC e-Governance Services India Limited,Reliance Communication Limited,12,17
CSC e-Governance Services India Limited,SPANCO,645,199
CSC e-Governance Services India Limited,Tera Software Ltd,77,63
CSC e-Governance Services India Limited,United Telecoms e-Services Pvt Ltd,1037,388
CSC e-Governance Services India Limited,VIKALP MULTIMEDIA,476,168
CSC e-Governance Services India Limited,Vakrangee Softwares Limited,807,268
CSC e-Governance Services India Limited,Zephyr System Pvt.Ltd.,1278,785
Canara Bank,Ojus Healthcare Private Limited,1,6
Canara Bank,Osiris Infotech Pvt. Ltd.,1,60
Central Bank of India,CALANCE SOFTWARE PRIVATE LTD,40,16
Central Bank of India,IAP COMPANY Pvt. Ltd,388,218
Central Bank of India,The Peerless General Finance,79,92
DENA BANK,ATISHAY INFOTECH PVT. LTD.,1966,258
DENA BANK,AVVAS INFOTECH PVT  LTD,5479,1358
DENA BANK,Asha Security Guard Services,531,61
DENA BANK,BNR UDYOG LIMITED,69,68
DENA BANK,Binary Systems,5,7
DENA BANK,Bloom Solutions Pvt Ltd,1134,781
DENA BANK,Business Information Processing Services,1077,45
DENA BANK,CALANCE SOFTWARE PRIVATE LTD,532,92
DENA BANK,DATASOFT COMPUTER SERVICES(P),12,31
DENA BANK,DEVASHISH SECURITIES PVT. LTD.,232,17
DENA BANK,Eagle Software India Pvt. Ltd,743,28
DENA BANK,Gem Computers,1487,4
DENA BANK,Gujarat Infotech Ltd.,654,80
DENA BANK,IAP COMPANY Pvt. Ltd,1284,202
DENA BANK,India Computer Technology,2,0
DENA BANK,JNET Technologies Pvt.Ltd,1093,258
DENA BANK,K W Consulting P Ltd,2257,349
DENA BANK,M/S STAR DATA CENTRE,772,1
DENA BANK,M/s Gold Square Builders & Promoters Pvt. Ltd.,19,30
DENA BANK,MARS Telecom Systems Pvt Ltd,0,1
DENA BANK,MEGHA VINCOM PVT LTD,1368,65
DENA BANK,Multiwave Innovation,118,120
DENA BANK,Narayana Electricals Solution Pvt Ltd,1,386
DENA BANK,Netlink software Pvt Ltd,2570,364
DENA BANK,Offshoot Agency Pvt. Ltd.,393,147
DENA BANK,Ortem Securities Limited,0,8
DENA BANK,Prodigy Systems and Services Private Limited,5,42
DENA BANK,Radiant Haroti Industries India Ltd,592,49
DENA BANK,Soc for Advancement of Environ Science,1845,192
DENA BANK,Super Printers,2770,430
DENA BANK,Systematic & Advance Const P L,2772,455
DENA BANK,TechSmart India Pvt Ltd,3150,525
DENA BANK,Tera Software Ltd,962,44
DENA BANK,Transline Technologies P Ltd,842,28
DENA BANK,VAP INFOSOLUTIONS,4338,103
DENA BANK,WEBEL,1028,400
DENA BANK,Zephyr System Pvt.Ltd.,1418,252
Delhi - Central DC,Smart Chip Limited,3,10
Delhi - East DC,DATASOFT COMPUTER SERVICES(P),100,91
Delhi - ND DC,Smart Chip Limited,0,1
Delhi - NE DC,Smart Chip Limited,3,9
Delhi - North DC,CALANCE SOFTWARE PRIVATE LTD,275,196
Delhi - North DC,DATASOFT COMPUTER SERVICES(P),0,3
Delhi - North DC,NVR & ASSOCIATES LIMITED,137,84
Delhi - North DC,Smart Chip Limited,1,12
Delhi SW DC,VIRGO SOFTECH LIMITED,1,14
Delhi- South DC,Karvy Computershare Private Li,214,41
Delhi- South DC,Smart Chip Limited,0,2
Delhi- West DC,Smart Chip Limited,0,4
Delhi- West DC,VIRGO SOFTECH LIMITED,0,19
Delhi-NW DC,Karvy Computershare Private Li,214,79
Department of Information Technology Govt of Jharkhand,Blue Circle Instrument,19,6
Department of Information Technology Govt of Jharkhand,MKS Enterprises,0,87
Department of Information Technology Govt of Jharkhand,Wipro Ltd,17,32
Dept of ITC Govt of Rajasthan,ATISHAY INFOTECH PVT. LTD.,280,149
Dept of ITC Govt of Rajasthan,AVVAS INFOTECH PVT  LTD,869,146
Dept of ITC Govt of Rajasthan,Alankit Finsec Ltd,55,26
Dept of ITC Govt of Rajasthan,Business Information Processing Services,0,4
Dept of ITC Govt of Rajasthan,DATASOFT COMPUTER SERVICES(P),473,154
Dept of ITC Govt of Rajasthan,Gem Computers,6,40
Dept of ITC Govt of Rajasthan,MANTRA SOFTTECH (INDIA) PVTLTD,136,26
Dept of ITC Govt of Rajasthan,Multiwave Innovation,24,9
Dept of ITC Govt of Rajasthan,Netlink software Pvt Ltd,31,3
Dept of ITC Govt of Rajasthan,TechSmart India Pvt Ltd,247,87
Dept of ITC Govt of Rajasthan,Transline Technologies P Ltd,92,150
Dept of ITC Govt of Rajasthan,VIRGO SOFTECH LIMITED,114,73
Dept of ITC Govt of Rajasthan,Vakrangee Softwares Limited,728,277
Dept of ITC Govt of Rajasthan,Vayam technologies Ltd,737,116
FCR Govt of Haryana,4G INFORMATICS,5,16
FCR Govt of Haryana,Academy of Management Studies,10,59
FCR Govt of Haryana,Radiant Info Systems Ltd,574,145
FCR Govt of Haryana,SoftAge Information Technology Limited,447,152
FCR Govt of Haryana,Vakrangee Softwares Limited,4,26
FCR Govt of Haryana,Vayam technologies Ltd,25,137
FCS Govt of Punjab,District Sukhmani Society  Jalandhar  Punjab,91,12
FCS Govt of Punjab,District Sukhmani Society  Ludhiana  Punjab,10,8
FCS Govt of Punjab,District Sukhmani Society  Moga  Punjab,130,18
FCS Govt of Punjab,District Sukhmani Society Amritsar Punjab,80,31
FCS Govt of Punjab,District Sukhmani Society Barnala Punjab,39,25
FCS Govt of Punjab,District Sukhmani Society Bathinda Punjab,10,21
FCS Govt of Punjab,District Sukhmani Society Fatehgarh Sahib Punjab,43,27
FCS Govt of Punjab,District Sukhmani Society Fazilka Punjab,12,3
FCS Govt of Punjab,District Sukhmani Society Ferozepur Punjab,18,28
FCS Govt of Punjab,District Sukhmani Society For Citizen Services Mansa Punjab,23,21
FCS Govt of Punjab,District Sukhmani Society For Citizen Services Nawanshahr Punjab,55,19
FCS Govt of Punjab,District Sukhmani Society For Citizen Services SAS Nagar District e-Governance Society Punjab,16,4
FCS Govt of Punjab,District Sukhmani Society Pathankot Punjab,30,5
FCS Govt of Punjab,District Sukhmani Society Patiala Punjab,29,6
FCS Govt of Punjab,District Sukhmani Society Rupnagar Punjab,20,8
FCS Govt of Punjab,District Sukhmani Society Sangrur Punjab,38,17
FCS Govt of Punjab,District Sukhmani Society Sri Muktsar Sahib Punjab,7,10
FCS Govt of Punjab,District Sukhmani Society Tarn Taran Punjab,21,18
FCS Govt of Punjab,Karvy Computershare Private Li,77,172
FCS Govt of Punjab,Sukhmani Society For Citizen Services Gurdaspur Punjab,0,1
FCS Govt of Punjab,Sukhmani Society For Citizens Services Faridkot Punjab,0,22
FCS Govt of Punjab,Suwidha Society Hoshiarpur Punjab,97,9
FCS Govt of Punjab,Vayam technologies Ltd,1307,342
FCS Govt of Punjab,eCentric solutions pvt ltd,1187,168
Govt of Andhra Pradesh,Gouthami Educational Society,292,19
Govt of Andhra Pradesh,GrapeSoft,68,122
Govt of Andhra Pradesh,INFRONICS SYSTEMS LTD,50,49
Govt of Andhra Pradesh,SREEVEN INFOCOM LIMITED,0,44
Govt of Andhra Pradesh,TechSmart India Pvt Ltd,1,16
Govt of Andhra Pradesh,Tera Software Ltd,5,109
Govt of Goa,MARS Telecom Systems Pvt Ltd,37,18
Govt of Gujarat,GSS Infotech Ltd,162,65
Govt of Gujarat,Karvy Computershare Private Li,6215,834
Govt of Gujarat,Silver Touch Technologies Ltd,1447,666
Govt of Gujarat,Tera Software Ltd,1452,320
Govt of Gujarat,Transline Technologies P Ltd,129,26
Govt of Gujarat,Vayam technologies Ltd,5103,1129
Govt of Gujarat,eCentric solutions pvt ltd,546,112
Govt of Himachal Pradesh,Wipro Ltd,6,4
Govt of Himachal Pradesh,i-Grandee SoftwareTechnologies,21,6
Govt of Karnataka ,BNR UDYOG LIMITED,0,22
Govt of Karnataka ,Bloom Solutions Pvt Ltd,176,86
Govt of Karnataka ,MARS Telecom Systems Pvt Ltd,94,181
Govt of Karnataka ,Ninestars Information Technologies Ltd,10,41
Govt of Karnataka ,Om Softwares,0,6
Govt of Karnataka ,Origin ITFS Pvt Ltd,2361,509
Govt of Karnataka ,Radiant Info Systems Ltd,11,24
Govt of Karnataka ,SREEVEN INFOCOM LIMITED,369,384
Govt of Kerala,Akshaya,2050,529
Govt of Kerala,Keltron,3,27
Govt of Maharashtra,Adcc Infocad Pvt.Ltd Nagpur,0,10
Govt of Maharashtra,Alankit Finsec Ltd,53,5
Govt of Maharashtra,Bharat Technical Solutions Private Limited,367,86
Govt of Maharashtra,Eagle press pvt ltd,0,13
Govt of Maharashtra,GLODYNE TECHNOSERVE,0,12
Govt of Maharashtra,Global Finsol Private Limited,9,8
Govt of Maharashtra,Karvy Computershare Private Li,1078,461
Govt of Maharashtra,M/S King Computer System pvt Ltd,32,78
Govt of Maharashtra,M/s. Vidya Online  Pune,1,31
Govt of Maharashtra,Narayana Electricals Solution Pvt Ltd,10,2
Govt of Maharashtra,Netlink software Pvt Ltd,668,240
Govt of Maharashtra,Network for Information & Computer,0,2
Govt of Maharashtra,Rudranee Infotech Ltd,17,14
Govt of Maharashtra,SETU MAHARASHTRA,127,127
Govt of Maharashtra,SHREERAM PRINTING PRESS,0,154
Govt of Maharashtra,SILVER JUBILEE MOTORS LTD.,1,8
Govt of Maharashtra,SPANCO,378,353
Govt of Maharashtra,STRATEGIC OUTSOURCING SERVICE,390,431
Govt of Maharashtra,Silver Touch Technologies Ltd,1715,184
Govt of Maharashtra,Systematic & Advance Const P L,1,28
Govt of Maharashtra,TechSmart India Pvt Ltd,19,25
Govt of Maharashtra,Tera Software Ltd,0,6
Govt of Maharashtra,Transline Technologies P Ltd,175,22
Govt of Maharashtra,Vidarbha Infotech Pvt Ltd,25,2
Govt of Maharashtra,Wipro Ltd,248,257
Govt of Sikkim - Dept of Econo,Department of Economics Statistics  Monitoring and Evaluation DESME,0,10
IDBI Bank ltd,ATISHAY INFOTECH PVT. LTD.,137,81
IDBI Bank ltd,Matrix Processing House,0,5
IDBI Bank ltd,SREEVEN INFOCOM LIMITED,9,313
IDBI Bank ltd,UTI TECHNOLOGY SERVICES LIMITE,1174,211
Indiapost,Delhi Integrated MMTS Ltd,147,20
Indiapost,GLODYNE TECHNOSERVE,0,1
Indiapost,Global Finsol Private Limited,176,16
Indiapost,M/S STAR DATA CENTRE,2,10
Indiapost,MARS Telecom Systems Pvt Ltd,55,76
Indiapost,Smart Chip Limited,1,3
Indiapost,Vayam technologies Ltd,65,17
Indiapost,WEBEL,158,106
Information Technology & Communication Department,4G INFORMATICS,12,61
Information Technology & Communication Department,BNR UDYOG LIMITED,3,44
Information Technology & Communication Department,Bloom Solutions Pvt Ltd,9,24
Information Technology & Communication Department,CSS TECHNERGY LIMITED,0,3
Information Technology & Communication Department,Directorate of ESD,1933,2042
Information Technology & Communication Department,GDC Advertising Pvt. Limited,1,2
Information Technology & Communication Department,JYOTHI COMPUTER SERVICES,17,67
Information Technology & Communication Department,Karvy Data Management Services,1,5
Information Technology & Communication Department,MARS Telecom Systems Pvt Ltd,37,78
Information Technology & Communication Department,SREEVEN INFOCOM LIMITED,1,277
Information Technology & Communication Department,Tera Software Ltd,83,158
Jharkhand,Alankit Assignments Limited,1,0
Jharkhand,Emdee Digitronics Pvt.Ltd.,8,29
Jharkhand,MKS Enterprises,5,57
Jharkhand,Nevaeh Technology Pvt. Ltd.,3,12
Jharkhand,STRATEGIC OUTSOURCING SERVICE,0,1
Jharkhand,Smart Chip Limited,0,3
Jharkhand,Systematic & Advance Const P L,0,12
Jharkhand,VISION COMPTECH INTEGRATOR LTD,0,29
Jharkhand,Wipro Ltd,48,1120
Mission Convergence - GNCT Del,Karvy Computershare Private Li,1,17
Mission Convergence - GNCT Del,NVR & ASSOCIATES LIMITED,13,105
NSDL e-Governance Infrastructure Limited,Abhipra Capital Ltd,971,241
NSDL e-Governance Infrastructure Limited,Alankit Assignments Limited,943,596
NSDL e-Governance Infrastructure Limited,Alankit Finsec Ltd,4119,243
NSDL e-Governance Infrastructure Limited,Global Finsol Private Limited,0,19
NSDL e-Governance Infrastructure Limited,Gujarat Infotech Ltd.,2046,53
NSDL e-Governance Infrastructure Limited,INTEGRATED REGISTRY SERVICES LTD,36,11
NSDL e-Governance Infrastructure Limited,Karvy Data Management Services,12254,2830
NSDL e-Governance Infrastructure Limited,N.K. Sharma Enterprises Ltd.,87,45
NSDL e-Governance Infrastructure Limited,Netlink software Pvt Ltd,1056,398
NSDL e-Governance Infrastructure Limited,Offshoot Agency Pvt. Ltd.,405,5
NSDL e-Governance Infrastructure Limited,PROWIZ MANSYTEMS PVT LTD,95,10
NSDL e-Governance Infrastructure Limited,Promind Solutions P Limited,5251,634
NSDL e-Governance Infrastructure Limited,RELIGARE SECURITIES LTD,45,2
NSDL e-Governance Infrastructure Limited,Radiant Haroti Industries India Ltd,305,60
NSDL e-Governance Infrastructure Limited,Sri Ramraja Sarkar Lok Kalyan Trust,821,1
NSDL e-Governance Infrastructure Limited,Utility Forms Pvt Ltd,318,108
NSDL e-Governance Infrastructure Limited,VIRGO SOFTECH LIMITED,396,12
Oriental Bank of Commerce,DATASOFT COMPUTER SERVICES(P),1298,139
Oriental Bank of Commerce,Euro Finmart Ltd,19,17
Oriental Bank of Commerce,JNET Technologies Pvt.Ltd,594,78
Oriental Bank of Commerce,Redim Software Technologies Pvt Ltd,2,3
Oriental Bank of Commerce,Sri Ramraja Sarkar Lok Kalyan Trust,1522,342
Oriental Bank of Commerce,Wipro Ltd,358,392
Principal Revenue Commissioner  Dept of Revenue  Govt of MP,Frontech Systems Pvt Ltd,1764,273
Principal Revenue Commissioner  Dept of Revenue  Govt of MP,GDC Advertising Pvt. Limited,729,259
Principal Revenue Commissioner  Dept of Revenue  Govt of MP,K W Consulting P Ltd,4246,1994
Principal Revenue Commissioner  Dept of Revenue  Govt of MP,LYRA  CONSULTANCY SERVICE,1134,229
Principal Revenue Commissioner  Dept of Revenue  Govt of MP,Netlink software Pvt Ltd,404,127
Principal Revenue Commissioner  Dept of Revenue  Govt of MP,OSWAL COMPUTERS & CONSULTANTS,668,251
Principal Revenue Commissioner  Dept of Revenue  Govt of MP,Tera Software Ltd,284,112
Principal Revenue Commissioner  Dept of Revenue  Govt of MP,The NSIC ltd,2,6
Principal Revenue Commissioner  Dept of Revenue  Govt of MP,Vedavaag Systems Limited,5495,1220
Punjab and Sind Bank,Matrix Processing House,4,0
RDD Govt of Tripura,Alankit Assignments Limited,0,17
Registrar General India - BEL,Manipur Electronics Dev Corp,0,3
Registrar General India BEL2,4G INFORMATICS,7,51
Registrar General India BEL2,Alankit Assignments Limited,189,2
Registrar General India BEL2,Chinar Construction Company Prime agency,3,11
Registrar General India BEL2,Computer LAB,16180,1457
Registrar General India BEL2,Eagle Software India Pvt. Ltd,67,11
Registrar General India BEL2,Emdee Digitronics Pvt.Ltd.,231,398
Registrar General India BEL2,In Media Computer Services LLP,2,66
Registrar General India BEL2,India Computer Technology,5222,176
Registrar General India BEL2,Karvy Data Management Services,4980,1189
Registrar General India BEL2,MACRO INFOTECH PVT LTD,297,41
Registrar General India BEL2,MKS Enterprises,181,82
Registrar General India BEL2,Madras Security Printers Ltd,6640,1170
Registrar General India BEL2,Manipur Electronics Dev Corp,259,64
Registrar General India BEL2,Multiwave Innovation,3700,624
Registrar General India BEL2,NVR & ASSOCIATES LIMITED,2144,820
Registrar General India BEL2,Netlink software Pvt Ltd,62,364
Registrar General India BEL2,Nevaeh Technology Pvt. Ltd.,2972,715
Registrar General India BEL2,Nielsen  India  Private Limited,655,670
Registrar General India BEL2,Om Softwares,21738,1594
Registrar General India BEL2,SREEVEN INFOCOM LIMITED,0,3
Registrar General India BEL2,SREI INFRASTRUCTURE FINANCES L,56,120
Registrar General India BEL2,STRATEGIC OUTSOURCING SERVICE,76,72
Registrar General India BEL2,Satyanarayana Raju Company Pvt ltd,3504,1093
Registrar General India BEL2,Swathy Smartcards Hi-Tech Pvt,31270,4566
Registrar General India BEL2,Swiss Tech India Pvt Ltd,374,102
Registrar General India BEL2,Tera Software Ltd,55,517
Registrar General India BEL2,UNITED DATA SERVICES PRIVATE LIMITED,16,106
Registrar General India BEL2,Urmila Info solution,15,46
Registrar General India BEL2,VIRGO SOFTECH LIMITED,92,244
Registrar General India BEL2,Vansh Infotech Pvt Ltd,651,153
Registrar General India BEL2,Vayam technologies Ltd,3,13
Registrar General India BEL2,Vedavaag Systems Limited,7799,4649
Registrar General India BEL2,Viesa Technologies,4567,1347
Registrar General India BEL2,WEBEL,8,63
Registrar General India ECIL,AVVAS INFOTECH PVT  LTD,5778,860
Registrar General India ECIL,BUSINESS INFORMATION PROCESSING SERVICES,1,1
Registrar General India ECIL,COMTECH INSTITUTE OFTECHNOLOGY,4778,1260
Registrar General India ECIL,COMTECHINFO SOLUTIONS PVT.LTD,4771,43
Registrar General India ECIL,Chinar Construction Company Prime agency,7666,157
Registrar General India ECIL,Clairvoyance Technologies Pvt.,0,2
Registrar General India ECIL,Computer LAB,10906,2555
Registrar General India ECIL,Eagle Software India Pvt. Ltd,9446,5594
Registrar General India ECIL,Esoft Consulting Limited,144,8
Registrar General India ECIL,Gundal Infotech Private Limited,71,129
Registrar General India ECIL,In Media Computer Services LLP,5147,1191
Registrar General India ECIL,India Computer Technology,703,855
Registrar General India ECIL,Integrated Systems & Services,89,0
Registrar General India ECIL,Karvy Data Management Services,7445,2668
Registrar General India ECIL,Krishna Infotech,7,25
Registrar General India ECIL,LYRA  CONSULTANCY SERVICE,0,20
Registrar General India ECIL,Madras Security Printers Ltd,4975,1178
Registrar General India ECIL,Mphasis Ltd,1896,860
Registrar General India ECIL,Netwing Technologies Pvt Ltd,0,2
Registrar General India ECIL,Nielsen  India  Private Limited,24,48
Registrar General India ECIL,Pioneer E Labs limited,2,39
Registrar General India ECIL,SARADA SYSTEMS,6,17
Registrar General India ECIL,SWISSTECH NPR 57CR PROJECT PVT,13752,400
Registrar General India ECIL,Tera Software Ltd,38,59
Registrar General India ECIL,VEETECHNOLOGIES PVT. LTD,344,7
Registrar General India ECIL,Vedavaag Systems Limited,3356,780
Registrar General India Others,Computer LAB,0,1
Registrar General India Others,Madras Security Printers Ltd,0,1
Registrar General India Others,Om Softwares,0,5
Registrar General India Others,Swathy Smartcards Hi-Tech Pvt,0,335
Registrar General India Others,Vansh Infotech Pvt Ltd,0,1
Registrar General India Others,Vedavaag Systems Limited,0,2
Registrar General of India ITI,COMTECH INSTITUTE OFTECHNOLOGY,341,68
Registrar General of India ITI,CSS TECHNERGY LIMITED,2,10
Registrar General of India ITI,CommunitiWorks Welfare Society,8,0
Registrar General of India ITI,Eagle Software India Pvt. Ltd,182,552
Registrar General of India ITI,Emdee Digitronics Pvt.Ltd.,13251,6560
Registrar General of India ITI,FINANCIAL INFORMATION NETWORK,16,181
Registrar General of India ITI,In Media Computer Services LLP,2125,156
Registrar General of India ITI,Karvy Data Management Services,9206,1093
Registrar General of India ITI,MACRO INFOTECH PVT LTD,2,30
Registrar General of India ITI,MKS Enterprises,94,234
Registrar General of India ITI,Madras Security Printers Ltd,30,147
Registrar General of India ITI,Mphasis Ltd,901,356
Registrar General of India ITI,Multiwave Innovation,0,41
Registrar General of India ITI,Netlink software Pvt Ltd,22,138
Registrar General of India ITI,Nielsen  India  Private Limited,684,2288
Registrar General of India ITI,PROTEX COMPUTER PVT LTD,63,52
Registrar General of India ITI,Quick Data IT Services Pvt Ltd,1,0
Registrar General of India ITI,SREEVEN INFOCOM LIMITED,0,7
Registrar General of India ITI,SREI INFRASTRUCTURE FINANCES L,4,72
Registrar General of India ITI,STRATEGIC OUTSOURCING SERVICE,2049,301
Registrar General of India ITI,Satyanarayana Raju Company Pvt ltd,1101,353
Registrar General of India ITI,Swathy Smartcards Hi-Tech Pvt,683,91
Registrar General of India ITI,Swiss Tech India Pvt Ltd,9,75
Registrar General of India ITI,Urmila Info solution,1,0
Registrar General of India ITI,VEETECHNOLOGIES PVT. LTD,0,14
Registrar General of India ITI,VIRGO SOFTECH LIMITED,209,678
Registrar General of India ITI,Vedavaag Systems Limited,2141,2633
Registrar General of India ITI,WEBEL TECHNOLOGY LIMITED,5879,587
Registrar General of India ITI,Webx Technologies Private Limited,0,1
State Bank of Bikaner & Jaipur,Multiwave Innovation,0,6
State Bank of India,Eagle press pvt ltd,0,2
State Bank of Travancore,Tera Software Ltd,17,28
UIDAI-Registrar,UIDAI-EA,13,0
UT of Puducherry,Madras Security Printers Ltd,182,24
Union Bank,FINANCIAL INFORMATION NETWORK,8557,4068
Union Bank,Smart Chip Limited,4415,1982
Union Bank,Vakrangee Softwares Limited,3687,1994
