Registrar,Enrolment Agency,Aadhaar generated,Enrolment Rejected
Allahabad Bank,IL&FS LTD,5,8
Allahabad Bank,Tera Software Ltd,3,0
Allahabad Bank,Vakrangee Softwares Limited,0,8
Bank Of India,A3 Logics  India  Ltd,971,274
Bank Of India,Akanksha International,1,9
Bank Of India,Blue Circle Instrument,1376,158
Bank Of India,CHESSY CONSULTANTS PVT LTD,1,25
Bank Of India,DATASOFT COMPUTER SERVICES(P),946,395
Bank Of India,Frontech Systems Pvt Ltd,17,52
Bank Of India,MANTRA SOFTTECH (INDIA) PVTLTD,0,8
Bank Of India,Matrix Processing House,6,30
Bank Of India,OSWAL COMPUTERS & CONSULTANTS,165,134
Bank Of India,PROTEX COMPUTER PVT LTD,0,44
Bank Of India,SARADA SYSTEMS,10,71
Bank Of India,SHRIKRISHNA KHANDASARI SUGAR M,185,83
Bank Of India,SPANCO,4,29
Bank Of India,SREI INFRASTRUCTURE FINANCES L,3122,908
Bank Of India,Silver Touch Technologies Ltd,0,38
Bank Of India,Systematic & Advance Const P L,1,2
Bank Of India,VEETECHNOLOGIES PVT. LTD,229,624
Bank Of India,Vakrangee Softwares Limited,0,3
Bank of Baroda,DATASOFT COMPUTER SERVICES(P),218,24
Bank of Baroda,Global Finsol Private Limited,1,68
Bank of Baroda,IL&FS LTD,18,9
Bank of Maharashtra,Alankit Finsec Ltd,0,10
Bank of Maharashtra,FINANCIAL INFORMATION NETWORK,285,72
Bank of Maharashtra,Micro Technologies India Ltd,13,22
Bank of Maharashtra,Tera Software Ltd,1,514
CSC e-Governance Services India Limited,A I Soc for Electronics and Comp Tech,2262,799
CSC e-Governance Services India Limited,AKSH OPTIFIBRE LIMITED,718,198
CSC e-Governance Services India Limited,BASIX,1243,845
CSC e-Governance Services India Limited,CALANCE SOFTWARE PRIVATE LTD,3,32
CSC e-Governance Services India Limited,CMS Computers Ltd,1862,895
CSC e-Governance Services India Limited,CSC e-Governance Services India Limited,1344,1168
CSC e-Governance Services India Limited,Intelligent Communication Sys India Ltd,352,137
CSC e-Governance Services India Limited,MANTRA SOFTTECH (INDIA) PVTLTD,50,333
CSC e-Governance Services India Limited,Mahaonline Limited,20,0
CSC e-Governance Services India Limited,Network for Information & Computer,100,251
CSC e-Governance Services India Limited,Reliance Communication Limited,1,10
CSC e-Governance Services India Limited,SPANCO,672,332
CSC e-Governance Services India Limited,Tera Software Ltd,0,48
CSC e-Governance Services India Limited,United Telecoms e-Services Pvt Ltd,183,425
CSC e-Governance Services India Limited,VIKALP MULTIMEDIA,126,96
CSC e-Governance Services India Limited,Vakrangee Softwares Limited,14,74
CSC e-Governance Services India Limited,Vedavaag Systems Limited,520,72
CSC e-Governance Services India Limited,Zephyr System Pvt.Ltd.,1083,924
Canara Bank,Ojus Healthcare Private Limited,0,14
Canara Bank,Osiris Infotech Pvt. Ltd.,2,136
Canara Bank,Smart Chip Limited,729,12
Canara Bank,Swiss Tech India Pvt Ltd,3,0
Canara Bank,VIRGO SOFTECH LIMITED,1,0
Central Bank of India,CALANCE SOFTWARE PRIVATE LTD,128,21
Central Bank of India,Frontech Systems Pvt Ltd,1,0
Central Bank of India,IAP COMPANY Pvt. Ltd,600,159
Central Bank of India,IL&FS LTD,302,5
Central Bank of India,MANTRA SOFTTECH (INDIA) PVTLTD,34,0
Central Bank of India,The Peerless General Finance,172,93
Civil Supplies - A&N Islands,India Computer Technology,4,0
DENA BANK,ATISHAY INFOTECH PVT. LTD.,1212,283
DENA BANK,AVVAS INFOTECH PVT  LTD,633,428
DENA BANK,Asha Security Guard Services,153,190
DENA BANK,BNR UDYOG LIMITED,0,70
DENA BANK,Binary Systems,1774,58
DENA BANK,Bloom Solutions Pvt Ltd,690,578
DENA BANK,Business Information Processing Services,997,288
DENA BANK,CALANCE SOFTWARE PRIVATE LTD,35,221
DENA BANK,DATASOFT COMPUTER SERVICES(P),16,72
DENA BANK,DEVASHISH SECURITIES PVT. LTD.,0,15
DENA BANK,Eagle Software India Pvt. Ltd,10,41
DENA BANK,FINANCIAL INFORMATION NETWORK,434,103
DENA BANK,Gem Computers,1,34
DENA BANK,Gujarat Infotech Ltd.,54,114
DENA BANK,IAP COMPANY Pvt. Ltd,2604,406
DENA BANK,India Computer Technology,94,33
DENA BANK,JNET Technologies Pvt.Ltd,69,215
DENA BANK,K W Consulting P Ltd,195,251
DENA BANK,M/S STAR DATA CENTRE,303,19
DENA BANK,M/s Gold Square Builders & Promoters Pvt. Ltd.,13,71
DENA BANK,MARS Telecom Systems Pvt Ltd,0,1
DENA BANK,MEGHA VINCOM PVT LTD,13770,323
DENA BANK,Multiwave Innovation,214,360
DENA BANK,Narayana Electricals Solution Pvt Ltd,0,26
DENA BANK,Netlink software Pvt Ltd,297,370
DENA BANK,Offshoot Agency Pvt. Ltd.,167,204
DENA BANK,Prodigy Systems and Services Private Limited,2,31
DENA BANK,Radiant Haroti Industries India Ltd,313,91
DENA BANK,Soc for Advancement of Environ Science,25,192
DENA BANK,Super Printers,221,513
DENA BANK,Systematic & Advance Const P L,242,328
DENA BANK,TechSmart India Pvt Ltd,2018,360
DENA BANK,Tera Software Ltd,2210,165
DENA BANK,Transline Technologies P Ltd,2626,175
DENA BANK,VAP INFOSOLUTIONS,4225,330
DENA BANK,VISION COMPTECH INTEGRATOR LTD,2275,6
DENA BANK,Vedavaag Systems Limited,2609,95
DENA BANK,WEBEL,735,358
DENA BANK,Zephyr System Pvt.Ltd.,1164,436
Delhi - Central DC,Smart Chip Limited,59,6
Delhi - East DC,DATASOFT COMPUTER SERVICES(P),732,172
Delhi - East DC,Tera Software Ltd,119,15
Delhi - ND DC,Smart Chip Limited,13,0
Delhi - NE DC,Alankit Assignments Limited,223,77
Delhi - NE DC,Smart ID,36,2
Delhi - North DC,CALANCE SOFTWARE PRIVATE LTD,23,154
Delhi - North DC,DATASOFT COMPUTER SERVICES(P),163,11
Delhi - North DC,NVR & ASSOCIATES LIMITED,6,63
Delhi - North DC,Smart Chip Limited,216,6
Delhi SW DC,STRATEGIC OUTSOURCING SERVICE,56,8
Delhi SW DC,VIRGO SOFTECH LIMITED,0,1
Delhi Urban Shelter Improvemen,Alankit Assignments Limited,7,0
Delhi Urban Shelter Improvemen,Matrix Processing House,31,2
Delhi Urban Shelter Improvemen,STRATEGIC OUTSOURCING SERVICE,22,5
Delhi Urban Shelter Improvemen,Smart Chip Limited,12,0
Delhi Urban Shelter Improvemen,Tera Software Ltd,99,16
Delhi- South DC,Karvy Computershare Private Li,50,76
Delhi- South DC,Tera Software Ltd,121,9
Delhi- South DC,eCentric solutions pvt ltd,168,208
Delhi- West DC,Matrix Processing House,158,5
Delhi- West DC,Smart Chip Limited,0,2
Delhi- West DC,VIRGO SOFTECH LIMITED,35,86
Delhi-NW DC,Karvy Computershare Private Li,69,206
Delhi-NW DC,STRATEGIC OUTSOURCING SERVICE,65,9
Department of Information Technology Govt of Jharkhand,Blue Circle Instrument,9,11
Department of Information Technology Govt of Jharkhand,IL&FS LTD,20,1
Department of Information Technology Govt of Jharkhand,MKS Enterprises,45,32
Department of Information Technology Govt of Jharkhand,Smart ID,3,2
Department of Information Technology Govt of Jharkhand,Systematic & Advance Const P L,36,4
Department of Information Technology Govt of Jharkhand,Wipro Ltd,4,21
Dept of ITC Govt of Rajasthan,ATISHAY INFOTECH PVT. LTD.,16,27
Dept of ITC Govt of Rajasthan,AVVAS INFOTECH PVT  LTD,511,280
Dept of ITC Govt of Rajasthan,Alankit Finsec Ltd,0,4
Dept of ITC Govt of Rajasthan,Business Information Processing Services,0,1
Dept of ITC Govt of Rajasthan,DATASOFT COMPUTER SERVICES(P),77,169
Dept of ITC Govt of Rajasthan,Gem Computers,375,16
Dept of ITC Govt of Rajasthan,MANTRA SOFTTECH (INDIA) PVTLTD,13,43
Dept of ITC Govt of Rajasthan,Netlink software Pvt Ltd,3,2
Dept of ITC Govt of Rajasthan,TechSmart India Pvt Ltd,2194,230
Dept of ITC Govt of Rajasthan,Transline Technologies P Ltd,181,71
Dept of ITC Govt of Rajasthan,VIRGO SOFTECH LIMITED,5,81
Dept of ITC Govt of Rajasthan,Vakrangee Softwares Limited,32,110
Dept of ITC Govt of Rajasthan,Vayam technologies Ltd,0,94
FCR Govt of Haryana,4G INFORMATICS,0,46
FCR Govt of Haryana,Academy of Management Studies,60,32
FCR Govt of Haryana,Radiant Info Systems Ltd,556,616
FCR Govt of Haryana,SoftAge Information Technology Limited,149,181
FCR Govt of Haryana,Vakrangee Softwares Limited,279,35
FCR Govt of Haryana,Vayam technologies Ltd,10,81
FCS Govt of Punjab,Alankit Assignments Limited,30,4
FCS Govt of Punjab,Alankit Finsec Ltd,33,2
FCS Govt of Punjab,Alankit Life Care Ltd,12,0
FCS Govt of Punjab,Delhi Integrated MMTS Ltd,4,1
FCS Govt of Punjab,District Sukhmani Society  Jalandhar  Punjab,4,26
FCS Govt of Punjab,District Sukhmani Society  Ludhiana  Punjab,47,64
FCS Govt of Punjab,District Sukhmani Society  Moga  Punjab,2,35
FCS Govt of Punjab,District Sukhmani Society Amritsar Punjab,0,67
FCS Govt of Punjab,District Sukhmani Society Barnala Punjab,4,37
FCS Govt of Punjab,District Sukhmani Society Bathinda Punjab,1,27
FCS Govt of Punjab,District Sukhmani Society Fatehgarh Sahib Punjab,5,67
FCS Govt of Punjab,District Sukhmani Society Fazilka Punjab,0,3
FCS Govt of Punjab,District Sukhmani Society Ferozepur Punjab,6,29
FCS Govt of Punjab,District Sukhmani Society For Citizen Services Mansa Punjab,5,31
FCS Govt of Punjab,District Sukhmani Society For Citizen Services Nawanshahr Punjab,6,45
FCS Govt of Punjab,District Sukhmani Society For Citizen Services SAS Nagar District e-Governance Society Punjab,3,24
FCS Govt of Punjab,District Sukhmani Society Pathankot Punjab,0,4
FCS Govt of Punjab,District Sukhmani Society Patiala Punjab,0,40
FCS Govt of Punjab,District Sukhmani Society Rupnagar Punjab,79,9
FCS Govt of Punjab,District Sukhmani Society Sangrur Punjab,0,31
FCS Govt of Punjab,District Sukhmani Society Sri Muktsar Sahib Punjab,1,12
FCS Govt of Punjab,District Sukhmani Society Tarn Taran Punjab,0,40
FCS Govt of Punjab,Diwakar Commercials Pvt Ltd,79,0
FCS Govt of Punjab,Karvy Computershare Private Li,3,416
FCS Govt of Punjab,Sukhmani Society For Citizen Services  Kapurthala  Punjab,2,0
FCS Govt of Punjab,Sukhmani Society For Citizen Services Gurdaspur Punjab,0,2
FCS Govt of Punjab,Sukhmani Society For Citizens Services Faridkot Punjab,21,36
FCS Govt of Punjab,Suwidha Society Hoshiarpur Punjab,1,31
FCS Govt of Punjab,Vayam technologies Ltd,77,223
FCS Govt of Punjab,eCentric solutions pvt ltd,200,260
Govt of Andhra Pradesh,Gouthami Educational Society,8,39
Govt of Andhra Pradesh,GrapeSoft,7,37
Govt of Andhra Pradesh,IL&FS LTD,0,14
Govt of Andhra Pradesh,INFRONICS SYSTEMS LTD,23,28
Govt of Andhra Pradesh,Madras Security Printers Ltd,2,20
Govt of Andhra Pradesh,SREEVEN INFOCOM LIMITED,0,18
Govt of Andhra Pradesh,TechSmart India Pvt Ltd,7,10
Govt of Andhra Pradesh,Tera Software Ltd,36,30
Govt of Goa,COMAT TECHNOLOGIES P LTD,23,26
Govt of Goa,MARS Telecom Systems Pvt Ltd,44,62
Govt of Gujarat,GSS Infotech Ltd,52,54
Govt of Gujarat,Karvy Computershare Private Li,2372,728
Govt of Gujarat,Silver Touch Technologies Ltd,986,405
Govt of Gujarat,Tera Software Ltd,18,161
Govt of Gujarat,Transline Technologies P Ltd,0,4
Govt of Gujarat,Vayam technologies Ltd,617,406
Govt of Gujarat,eCentric solutions pvt ltd,250,91
Govt of Himachal Pradesh,IL&FS LTD,36,2
Govt of Himachal Pradesh,Wipro Ltd,2,3
Govt of Himachal Pradesh,i-Grandee SoftwareTechnologies,42,4
Govt of Karnataka ,BNR UDYOG LIMITED,0,12
Govt of Karnataka ,Bloom Solutions Pvt Ltd,60,111
Govt of Karnataka ,COMAT TECHNOLOGIES P LTD,1,0
Govt of Karnataka ,MARS Telecom Systems Pvt Ltd,2,93
Govt of Karnataka ,Ninestars Information Technologies Ltd,0,29
Govt of Karnataka ,Om Softwares,0,5
Govt of Karnataka ,Origin ITFS Pvt Ltd,20,223
Govt of Karnataka ,Radiant Info Systems Ltd,0,9
Govt of Karnataka ,SREEVEN INFOCOM LIMITED,3,49
Govt of Kerala,Akshaya,905,493
Govt of Kerala,Keltron,0,4
Govt of Madhya Pradesh,VIRGO SOFTECH LIMITED,182,44
Govt of Maharashtra,Adcc Infocad Pvt.Ltd Nagpur,0,1
Govt of Maharashtra,Alankit Assignments Limited,1,66
Govt of Maharashtra,Bharat Technical Solutions Private Limited,86,44
Govt of Maharashtra,Eagle press pvt ltd,0,9
Govt of Maharashtra,GLODYNE TECHNOSERVE,0,5
Govt of Maharashtra,Global Finsol Private Limited,6,9
Govt of Maharashtra,Karvy Computershare Private Li,1087,732
Govt of Maharashtra,M/S King Computer System pvt Ltd,122,26
Govt of Maharashtra,M/s. Vidya Online  Pune,3,8
Govt of Maharashtra,Narayana Electricals Solution Pvt Ltd,10,1
Govt of Maharashtra,Netlink software Pvt Ltd,275,120
Govt of Maharashtra,Network for Information & Computer,0,1
Govt of Maharashtra,Rudranee Infotech Ltd,6,13
Govt of Maharashtra,SETU MAHARASHTRA,24,94
Govt of Maharashtra,SHREERAM PRINTING PRESS,195,16
Govt of Maharashtra,SILVER JUBILEE MOTORS LTD.,149,13
Govt of Maharashtra,SPANCO,267,243
Govt of Maharashtra,STRATEGIC OUTSOURCING SERVICE,0,56
Govt of Maharashtra,Silver Touch Technologies Ltd,18,269
Govt of Maharashtra,Systematic & Advance Const P L,0,17
Govt of Maharashtra,TechSmart India Pvt Ltd,0,2
Govt of Maharashtra,Transline Technologies P Ltd,23,43
Govt of Maharashtra,Vidarbha Infotech Pvt Ltd,4,16
Govt of Maharashtra,Wipro Ltd,5257,170
Govt of Sikkim - Dept of Econo,4G IDENTITY SOLUTIONS,8,0
Govt of Sikkim - Dept of Econo,Department of Economics Statistics  Monitoring and Evaluation DESME,12,34
IDBI Bank ltd,ATISHAY INFOTECH PVT. LTD.,509,60
IDBI Bank ltd,SREEVEN INFOCOM LIMITED,3,81
IDBI Bank ltd,UTI TECHNOLOGY SERVICES LIMITE,444,131
IGNOU,VIRGO SOFTECH LIMITED,1,0
Indiapost,4G IDENTITY SOLUTIONS,147,19
Indiapost,Delhi Integrated MMTS Ltd,84,11
Indiapost,Eagle press pvt ltd,183,1
Indiapost,GSS Infotech Ltd,59,6
Indiapost,Global Finsol Private Limited,1,2
Indiapost,IL&FS LTD,27,0
Indiapost,M/S STAR DATA CENTRE,0,51
Indiapost,MARS Telecom Systems Pvt Ltd,23,70
Indiapost,Madras Security Printers Ltd,52,0
Indiapost,Smart Chip Limited,21,3
Indiapost,The NSIC ltd,2,0
Indiapost,The Peerless General Finance,5,0
Indiapost,UTI TECHNOLOGY SERVICES LIMITE,3,8
Indiapost,Vayam technologies Ltd,0,178
Indiapost,WEBEL,7,91
Information Technology & Communication Department,4G INFORMATICS,1,7
Information Technology & Communication Department,BNR UDYOG LIMITED,0,27
Information Technology & Communication Department,Bloom Solutions Pvt Ltd,0,3
Information Technology & Communication Department,CSS TECHNERGY LIMITED,0,1
Information Technology & Communication Department,Directorate of ESD,1389,1441
Information Technology & Communication Department,JYOTHI COMPUTER SERVICES,0,29
Information Technology & Communication Department,MARS Telecom Systems Pvt Ltd,31,52
Information Technology & Communication Department,SREEVEN INFOCOM LIMITED,0,55
Information Technology & Communication Department,Tera Software Ltd,0,22
Jammu and Kashmir Bank,COMTECH INSTITUTE OFTECHNOLOGY,24,0
Jharkhand,Alankit Assignments Limited,35,0
Jharkhand,Emdee Digitronics Pvt.Ltd.,0,2
Jharkhand,IL&FS LTD,6,0
Jharkhand,MKS Enterprises,21,43
Jharkhand,Nevaeh Technology Pvt. Ltd.,50,4
Jharkhand,Systematic & Advance Const P L,499,1
Jharkhand,VISION COMPTECH INTEGRATOR LTD,12,111
Jharkhand,Wipro Ltd,6,740
Life Insurance Corporation,LOHIA JUTE PRESS PVT LTD,1,0
Life Insurance Corporation,MICROVIEWS INFOSYSTEMS PVT LTD,1,0
Life Insurance Corporation,eCentric solutions pvt ltd,9,0
Mission Convergence - GNCT Del,Alankit Assignments Limited,8,1
Mission Convergence - GNCT Del,Karvy Computershare Private Li,5,59
Mission Convergence - GNCT Del,Matrix Processing House,21,0
Mission Convergence - GNCT Del,NVR & ASSOCIATES LIMITED,3,78
Mission Convergence - GNCT Del,STRATEGIC OUTSOURCING SERVICE,39,8
Mission Convergence - GNCT Del,Smart Chip Limited,60,4
Mission Convergence - GNCT Del,Tera Software Ltd,31,4
Mission Convergence - GNCT Del,eCentric solutions pvt ltd,25,0
NSDL e-Governance Infrastructure Limited,Abhipra Capital Ltd,141,313
NSDL e-Governance Infrastructure Limited,Alankit Assignments Limited,1207,466
NSDL e-Governance Infrastructure Limited,Alankit Finsec Ltd,376,392
NSDL e-Governance Infrastructure Limited,Gujarat Infotech Ltd.,920,167
NSDL e-Governance Infrastructure Limited,INTEGRATED REGISTRY SERVICES LTD,22,6
NSDL e-Governance Infrastructure Limited,Karvy Consultants Limited,0,2
NSDL e-Governance Infrastructure Limited,Karvy Data Management Services,3208,3563
NSDL e-Governance Infrastructure Limited,N.K. Sharma Enterprises Ltd.,9,8
NSDL e-Governance Infrastructure Limited,Netlink software Pvt Ltd,88,226
NSDL e-Governance Infrastructure Limited,Offshoot Agency Pvt. Ltd.,2157,100
NSDL e-Governance Infrastructure Limited,PROWIZ MANSYTEMS PVT LTD,0,3
NSDL e-Governance Infrastructure Limited,Promind Solutions P Limited,4105,826
NSDL e-Governance Infrastructure Limited,RELIGARE SECURITIES LTD,114,32
NSDL e-Governance Infrastructure Limited,Radiant Haroti Industries India Ltd,270,44
NSDL e-Governance Infrastructure Limited,Sri Ramraja Sarkar Lok Kalyan Trust,95,4
NSDL e-Governance Infrastructure Limited,Utility Forms Pvt Ltd,231,58
NSDL e-Governance Infrastructure Limited,VIRGO SOFTECH LIMITED,0,2
Oriental Bank of Commerce,DATASOFT COMPUTER SERVICES(P),843,276
Oriental Bank of Commerce,Euro Finmart Ltd,1,4
Oriental Bank of Commerce,IL&FS LTD,34,1
Oriental Bank of Commerce,JNET Technologies Pvt.Ltd,68,68
Oriental Bank of Commerce,Redim Software Technologies Pvt Ltd,0,3
Oriental Bank of Commerce,Sri Ramraja Sarkar Lok Kalyan Trust,77,169
Oriental Bank of Commerce,Wipro Ltd,194,481
Principal Revenue Commissioner  Dept of Revenue  Govt of MP,Frontech Systems Pvt Ltd,141,326
Principal Revenue Commissioner  Dept of Revenue  Govt of MP,GDC Advertising Pvt. Limited,655,151
Principal Revenue Commissioner  Dept of Revenue  Govt of MP,K W Consulting P Ltd,825,1569
Principal Revenue Commissioner  Dept of Revenue  Govt of MP,LYRA  CONSULTANCY SERVICE,389,208
Principal Revenue Commissioner  Dept of Revenue  Govt of MP,Netlink software Pvt Ltd,498,130
Principal Revenue Commissioner  Dept of Revenue  Govt of MP,OSWAL COMPUTERS & CONSULTANTS,95,235
Principal Revenue Commissioner  Dept of Revenue  Govt of MP,Tera Software Ltd,740,120
Principal Revenue Commissioner  Dept of Revenue  Govt of MP,The NSIC ltd,0,4
Principal Revenue Commissioner  Dept of Revenue  Govt of MP,Vedavaag Systems Limited,1629,1143
Punjab and Sind Bank,Matrix Processing House,9,0
RDD Govt of Tripura,Alankit Assignments Limited,487,7
Registrar General India - BEL,Manipur Electronics Dev Corp,0,1
Registrar General India BEL2,4G INFORMATICS,0,23
Registrar General India BEL2,Alankit Assignments Limited,1,32
Registrar General India BEL2,Chinar Construction Company Prime agency,499,38
Registrar General India BEL2,Computer LAB,10392,903
Registrar General India BEL2,Eagle Software India Pvt. Ltd,0,202
Registrar General India BEL2,Emdee Digitronics Pvt.Ltd.,0,269
Registrar General India BEL2,In Media Computer Services LLP,334,15
Registrar General India BEL2,India Computer Technology,134,129
Registrar General India BEL2,Karvy Data Management Services,92,302
Registrar General India BEL2,MACRO INFOTECH PVT LTD,0,14
Registrar General India BEL2,MKS Enterprises,5,119
Registrar General India BEL2,Madras Security Printers Ltd,361,584
Registrar General India BEL2,Manipur Electronics Dev Corp,104,59
Registrar General India BEL2,Multiwave Innovation,1161,1143
Registrar General India BEL2,NVR & ASSOCIATES LIMITED,2769,334
Registrar General India BEL2,Netlink software Pvt Ltd,30,43
Registrar General India BEL2,Nevaeh Technology Pvt. Ltd.,504,582
Registrar General India BEL2,Nielsen  India  Private Limited,3,314
Registrar General India BEL2,Om Softwares,131,1051
Registrar General India BEL2,SREI INFRASTRUCTURE FINANCES L,60,33
Registrar General India BEL2,STRATEGIC OUTSOURCING SERVICE,43,35
Registrar General India BEL2,Satyanarayana Raju Company Pvt ltd,9,739
Registrar General India BEL2,Swathy Smartcards Hi-Tech Pvt,3059,2845
Registrar General India BEL2,Swiss Tech India Pvt Ltd,0,320
Registrar General India BEL2,Tera Software Ltd,543,123
Registrar General India BEL2,UNITED DATA SERVICES PRIVATE LIMITED,1,17
Registrar General India BEL2,Urmila Info solution,160,13
Registrar General India BEL2,VIRGO SOFTECH LIMITED,309,317
Registrar General India BEL2,Vansh Infotech Pvt Ltd,174,70
Registrar General India BEL2,Vayam technologies Ltd,0,42
Registrar General India BEL2,Vedavaag Systems Limited,1731,598
Registrar General India BEL2,Viesa Technologies,3073,1579
Registrar General India BEL2,WEBEL,306,34
Registrar General India ECIL,AVVAS INFOTECH PVT  LTD,122,1268
Registrar General India ECIL,COMTECH INSTITUTE OFTECHNOLOGY,777,2328
Registrar General India ECIL,COMTECHINFO SOLUTIONS PVT.LTD,7657,140
Registrar General India ECIL,Chinar Construction Company Prime agency,5708,341
Registrar General India ECIL,Computer LAB,5103,3191
Registrar General India ECIL,Eagle Software India Pvt. Ltd,124909,2818
Registrar General India ECIL,Esoft Consulting Limited,2,222
Registrar General India ECIL,Gundal Infotech Private Limited,0,29
Registrar General India ECIL,In Media Computer Services LLP,2053,902
Registrar General India ECIL,India Computer Technology,0,279
Registrar General India ECIL,Integrated Systems & Services,129,18
Registrar General India ECIL,Karvy Data Management Services,207,928
Registrar General India ECIL,Krishna Infotech,0,20
Registrar General India ECIL,LYRA  CONSULTANCY SERVICE,0,11
Registrar General India ECIL,Madras Security Printers Ltd,17,917
Registrar General India ECIL,Mphasis Ltd,8,187
Registrar General India ECIL,Nielsen  India  Private Limited,1,21
Registrar General India ECIL,Pioneer E Labs limited,0,2
Registrar General India ECIL,Quick Data IT Services Pvt Ltd,0,1
Registrar General India ECIL,SARADA SYSTEMS,13966,13
Registrar General India ECIL,SWISSTECH NPR 57CR PROJECT PVT,2462,502
Registrar General India ECIL,Tera Software Ltd,0,41
Registrar General India ECIL,VEETECHNOLOGIES PVT. LTD,18,9
Registrar General India ECIL,Vedavaag Systems Limited,10865,670
Registrar General India Others,COMTECH INSTITUTE OFTECHNOLOGY,0,2
Registrar General India Others,COMTECHINFO SOLUTIONS PVT.LTD,3,2
Registrar General India Others,Chinar Construction Company Prime agency,35,4
Registrar General India Others,Eagle Software India Pvt. Ltd,2,1
Registrar General India Others,In Media Computer Services LLP,15,4
Registrar General India Others,Karvy Data Management Services,0,1
Registrar General India Others,Madras Security Printers Ltd,2,4
Registrar General India Others,Nielsen  India  Private Limited,0,2
Registrar General India Others,Om Softwares,0,4
Registrar General India Others,Swathy Smartcards Hi-Tech Pvt,4,21
Registrar General India Others,Vedavaag Systems Limited,27,2
Registrar General of India ITI,COMTECH INSTITUTE OFTECHNOLOGY,0,5
Registrar General of India ITI,CommunitiWorks Welfare Society,0,27
Registrar General of India ITI,Eagle Software India Pvt. Ltd,59,46
Registrar General of India ITI,Emdee Digitronics Pvt.Ltd.,1621,2843
Registrar General of India ITI,FINANCIAL INFORMATION NETWORK,53,73
Registrar General of India ITI,In Media Computer Services LLP,1412,37
Registrar General of India ITI,Karvy Data Management Services,5451,1046
Registrar General of India ITI,MACRO INFOTECH PVT LTD,211,50
Registrar General of India ITI,MKS Enterprises,0,10
Registrar General of India ITI,Madras Security Printers Ltd,559,145
Registrar General of India ITI,Mphasis Ltd,50,434
Registrar General of India ITI,Multiwave Innovation,60,1
Registrar General of India ITI,Netlink software Pvt Ltd,70,2
Registrar General of India ITI,Nielsen  India  Private Limited,92,760
Registrar General of India ITI,PROTEX COMPUTER PVT LTD,0,13
Registrar General of India ITI,SREI INFRASTRUCTURE FINANCES L,0,7
Registrar General of India ITI,STRATEGIC OUTSOURCING SERVICE,525,64
Registrar General of India ITI,Satyanarayana Raju Company Pvt ltd,549,183
Registrar General of India ITI,Swathy Smartcards Hi-Tech Pvt,0,600
Registrar General of India ITI,Swiss Tech India Pvt Ltd,12,76
Registrar General of India ITI,VIRGO SOFTECH LIMITED,1,207
Registrar General of India ITI,Vedavaag Systems Limited,3523,580
Registrar General of India ITI,WEBEL TECHNOLOGY LIMITED,2,876
STATE BANK OF PATIALA,CSS TECHNERGY LIMITED,13,1
State Bank of Bikaner & Jaipur,Multiwave Innovation,84,4
State Bank of India,4G IDENTITY SOLUTIONS,1,2
State Bank of India,COMAT TECHNOLOGIES P LTD,7,1
State Bank of India,CSS TECHNERGY LIMITED,157,23
State Bank of India,Delhi Integrated MMTS Ltd,4,0
State Bank of India,IL&FS LTD,269,25
State Bank of India,Smart Chip Limited,920,9
State Bank of India,VIRGO SOFTECH LIMITED,2,0
Syndicate Bank,Smart Chip Limited,487,12
UIDAI-Registrar,UIDAI-EA,20,11
UT of Puducherry,Madras Security Printers Ltd,9,42
Union Bank,FINANCIAL INFORMATION NETWORK,2742,3563
Union Bank,Smart Chip Limited,809,2166
Union Bank,Vakrangee Softwares Limited,5595,1713
