Registrar,Enrolment Agency,Aadhaar generated,Enrolment Rejected
Allahabad Bank,Vakrangee Softwares Limited,491,272
Bank Of India,A3 Logics  India  Ltd,4630,671
Bank Of India,Akanksha International,138,86
Bank Of India,Blue Circle Instrument,3241,358
Bank Of India,CHESSY CONSULTANTS PVT LTD,519,203
Bank Of India,DATASOFT COMPUTER SERVICES(P),625,253
Bank Of India,Emdee Digitronics Pvt.Ltd.,583,85
Bank Of India,Frontech Systems Pvt Ltd,70,132
Bank Of India,MANTRA SOFTTECH (INDIA) PVTLTD,215,39
Bank Of India,Matrix Processing House,16457,1147
Bank Of India,OSWAL COMPUTERS & CONSULTANTS,1937,614
Bank Of India,PROTEX COMPUTER PVT LTD,1709,238
Bank Of India,SARADA SYSTEMS,3424,497
Bank Of India,SHRIKRISHNA KHANDASARI SUGAR M,778,1419
Bank Of India,SPANCO,2838,356
Bank Of India,SREI INFRASTRUCTURE FINANCES L,20827,1196
Bank Of India,Silver Touch Technologies Ltd,2920,90
Bank Of India,Systematic & Advance Const P L,16536,955
Bank Of India,VEETECHNOLOGIES PVT. LTD,3984,1204
Bank Of India,VIRGO SOFTECH LIMITED,6,0
Bank Of India,Vakrangee Softwares Limited,41,12
Bank of Baroda,Global Finsol Private Limited,14368,519
Bank of Maharashtra,Alankit Finsec Ltd,408,32
Bank of Maharashtra,FINANCIAL INFORMATION NETWORK,3037,678
Bank of Maharashtra,Micro Technologies India Ltd,1273,272
Bank of Maharashtra,Tera Software Ltd,2073,918
CSC e-Governance Services India Limited,A I Soc for Electronics and Comp Tech,2261,1178
CSC e-Governance Services India Limited,AKSH OPTIFIBRE LIMITED,1341,492
CSC e-Governance Services India Limited,BASIX,253,594
CSC e-Governance Services India Limited,CALANCE SOFTWARE PRIVATE LTD,4157,312
CSC e-Governance Services India Limited,CMS Computers Ltd,6066,2803
CSC e-Governance Services India Limited,CSC e-Governance Services India Limited,4439,1116
CSC e-Governance Services India Limited,Intelligent Communication Sys India Ltd,744,270
CSC e-Governance Services India Limited,MANTRA SOFTTECH (INDIA) PVTLTD,163,355
CSC e-Governance Services India Limited,Network for Information & Computer,771,397
CSC e-Governance Services India Limited,Reliance Communication Limited,3451,424
CSC e-Governance Services India Limited,SPANCO,36,64
CSC e-Governance Services India Limited,Tera Software Ltd,1,11
CSC e-Governance Services India Limited,United Telecoms e-Services Pvt Ltd,1074,369
CSC e-Governance Services India Limited,VIKALP MULTIMEDIA,725,367
CSC e-Governance Services India Limited,Vakrangee Softwares Limited,2915,720
CSC e-Governance Services India Limited,Vayam technologies Ltd,1,0
CSC e-Governance Services India Limited,Vedavaag Systems Limited,9,2
CSC e-Governance Services India Limited,Zephyr System Pvt.Ltd.,1367,867
Canara Bank,Karvy Data Management Services,544,97
Canara Bank,Ojus Healthcare Private Limited,0,4
Canara Bank,Osiris Infotech Pvt. Ltd.,14,5
Canara Bank,Smart Chip Limited,44,6
Central Bank of India,CALANCE SOFTWARE PRIVATE LTD,3653,538
Central Bank of India,IAP COMPANY Pvt. Ltd,14305,1464
Central Bank of India,MANTRA SOFTTECH (INDIA) PVTLTD,19,11
Central Bank of India,The Peerless General Finance,375,58
DENA BANK,ATISHAY INFOTECH PVT. LTD.,1905,282
DENA BANK,AVVAS INFOTECH PVT  LTD,64,133
DENA BANK,Asha Security Guard Services,2,4
DENA BANK,BNR UDYOG LIMITED,0,29
DENA BANK,Binary Systems,371,7
DENA BANK,Bloom Solutions Pvt Ltd,3414,3428
DENA BANK,Business Information Processing Services,3602,141
DENA BANK,C-SAASTRA SOLUTIONS PVT LTD,2,0
DENA BANK,CALANCE SOFTWARE PRIVATE LTD,4624,482
DENA BANK,DATASOFT COMPUTER SERVICES(P),166,31
DENA BANK,DEVASHISH SECURITIES PVT. LTD.,0,9
DENA BANK,Eagle Software India Pvt. Ltd,42,29
DENA BANK,Gem Computers,1,0
DENA BANK,Gujarat Infotech Ltd.,575,43
DENA BANK,IAP COMPANY Pvt. Ltd,236,115
DENA BANK,JNET Technologies Pvt.Ltd,4475,705
DENA BANK,K W Consulting P Ltd,4769,709
DENA BANK,M/S STAR DATA CENTRE,27,0
DENA BANK,M/s Gold Square Builders & Promoters Pvt. Ltd.,24877,180
DENA BANK,MARS Telecom Systems Pvt Ltd,4,13
DENA BANK,MEGHA VINCOM PVT LTD,305,51
DENA BANK,Multiwave Innovation,6511,612
DENA BANK,Narayana Electricals Solution Pvt Ltd,2149,147
DENA BANK,Netlink software Pvt Ltd,233,254
DENA BANK,Offshoot Agency Pvt. Ltd.,20,22
DENA BANK,Ortem Securities Limited,17,11
DENA BANK,Prodigy Systems and Services Private Limited,492,509
DENA BANK,Radiant Haroti Industries India Ltd,72,29
DENA BANK,Silver Touch Technologies Ltd,9,0
DENA BANK,Soc for Advancement of Environ Science,34,21
DENA BANK,Super Printers,2518,220
DENA BANK,Systematic & Advance Const P L,772,597
DENA BANK,TechSmart India Pvt Ltd,1061,817
DENA BANK,Tera Software Ltd,2829,215
DENA BANK,Transline Technologies P Ltd,370,33
DENA BANK,VAP INFOSOLUTIONS,1572,180
DENA BANK,VISION COMPTECH INTEGRATOR LTD,15,3
DENA BANK,Vedavaag Systems Limited,19,78
DENA BANK,WEBEL,365,177
DENA BANK,Zephyr System Pvt.Ltd.,158,87
Delhi - Central DC,Smart Chip Limited,347,53
Delhi - East DC,DATASOFT COMPUTER SERVICES(P),1369,125
Delhi - ND DC,Smart Chip Limited,102,40
Delhi - NE DC,Smart Chip Limited,1911,71
Delhi - North DC,CALANCE SOFTWARE PRIVATE LTD,1056,429
Delhi - North DC,NVR & ASSOCIATES LIMITED,434,149
Delhi - North DC,Smart Chip Limited,1407,88
Delhi SW DC,VIRGO SOFTECH LIMITED,139,76
Delhi- South DC,Karvy Computershare Private Li,30,45
Delhi- South DC,Smart Chip Limited,87,21
Delhi- West DC,Smart Chip Limited,196,14
Delhi- West DC,VIRGO SOFTECH LIMITED,166,86
Delhi-NW DC,Karvy Computershare Private Li,3,50
Department of Information Technology Govt of Jharkhand,Blue Circle Instrument,1943,509
Department of Information Technology Govt of Jharkhand,MKS Enterprises,297,90
Department of Information Technology Govt of Jharkhand,Systematic & Advance Const P L,19,1
Department of Information Technology Govt of Jharkhand,Vayam technologies Ltd,4,1
Department of Information Technology Govt of Jharkhand,Wipro Ltd,155,131
Dept of ITC Govt of Rajasthan,ATISHAY INFOTECH PVT. LTD.,7826,585
Dept of ITC Govt of Rajasthan,AVVAS INFOTECH PVT  LTD,8940,949
Dept of ITC Govt of Rajasthan,Alankit Finsec Ltd,7182,667
Dept of ITC Govt of Rajasthan,Business Information Processing Services,4084,183
Dept of ITC Govt of Rajasthan,DATASOFT COMPUTER SERVICES(P),7990,979
Dept of ITC Govt of Rajasthan,Gem Computers,7451,184
Dept of ITC Govt of Rajasthan,MANTRA SOFTTECH (INDIA) PVTLTD,238,44
Dept of ITC Govt of Rajasthan,Multiwave Innovation,4137,225
Dept of ITC Govt of Rajasthan,Netlink software Pvt Ltd,1706,268
Dept of ITC Govt of Rajasthan,TechSmart India Pvt Ltd,510,211
Dept of ITC Govt of Rajasthan,Transline Technologies P Ltd,2970,604
Dept of ITC Govt of Rajasthan,VIRGO SOFTECH LIMITED,411,390
Dept of ITC Govt of Rajasthan,Vakrangee Softwares Limited,4232,1686
Dept of ITC Govt of Rajasthan,Vayam technologies Ltd,10036,1362
FCR Govt of Haryana,4G INFORMATICS,1080,207
FCR Govt of Haryana,Academy of Management Studies,5,5
FCR Govt of Haryana,Radiant Info Systems Ltd,5,43
FCR Govt of Haryana,SoftAge Information Technology Limited,48,5
FCR Govt of Haryana,Vakrangee Softwares Limited,3,5
FCR Govt of Haryana,Vayam technologies Ltd,1575,163
FCS Govt of Punjab,Alankit Finsec Ltd,0,1
FCS Govt of Punjab,CSS TECHNERGY LIMITED,480,0
FCS Govt of Punjab,District Sukhmani Society  Jalandhar  Punjab,1,1
FCS Govt of Punjab,District Sukhmani Society  Ludhiana  Punjab,10,1
FCS Govt of Punjab,District Sukhmani Society Amritsar Punjab,7,3
FCS Govt of Punjab,District Sukhmani Society Barnala Punjab,2,0
FCS Govt of Punjab,District Sukhmani Society Bathinda Punjab,0,1
FCS Govt of Punjab,District Sukhmani Society Fatehgarh Sahib Punjab,3,1
FCS Govt of Punjab,District Sukhmani Society Fazilka Punjab,0,1
FCS Govt of Punjab,District Sukhmani Society Ferozepur Punjab,2,3
FCS Govt of Punjab,District Sukhmani Society For Citizen Services Mansa Punjab,44,19
FCS Govt of Punjab,District Sukhmani Society For Citizen Services Nawanshahr Punjab,1,1
FCS Govt of Punjab,District Sukhmani Society For Citizen Services SAS Nagar District e-Governance Society Punjab,0,2
FCS Govt of Punjab,District Sukhmani Society Sri Muktsar Sahib Punjab,0,2
FCS Govt of Punjab,District Sukhmani Society Tarn Taran Punjab,3,0
FCS Govt of Punjab,Karvy Computershare Private Li,1994,252
FCS Govt of Punjab,Sukhmani Society For Citizen Services Gurdaspur Punjab,8,0
FCS Govt of Punjab,Sukhmani Society For Citizens Services Faridkot Punjab,0,1
FCS Govt of Punjab,Suwidha Society Hoshiarpur Punjab,1,0
FCS Govt of Punjab,Vayam technologies Ltd,5104,369
FCS Govt of Punjab,eCentric solutions pvt ltd,3801,245
Govt of Andhra Pradesh,Gouthami Educational Society,103,87
Govt of Andhra Pradesh,GrapeSoft,218,189
Govt of Andhra Pradesh,IL&FS LTD,1,3
Govt of Andhra Pradesh,INFRONICS SYSTEMS LTD,2235,110
Govt of Andhra Pradesh,Madras Security Printers Ltd,0,1
Govt of Andhra Pradesh,SREEVEN INFOCOM LIMITED,369,288
Govt of Andhra Pradesh,TechSmart India Pvt Ltd,169,123
Govt of Andhra Pradesh,Tera Software Ltd,390,607
Govt of Goa,MARS Telecom Systems Pvt Ltd,1,1
Govt of Gujarat,GSS Infotech Ltd,2994,572
Govt of Gujarat,Karvy Computershare Private Li,3383,2167
Govt of Gujarat,Silver Touch Technologies Ltd,6860,3379
Govt of Gujarat,Tera Software Ltd,8229,1125
Govt of Gujarat,Transline Technologies P Ltd,1050,537
Govt of Gujarat,Vayam technologies Ltd,9587,1958
Govt of Gujarat,eCentric solutions pvt ltd,1536,696
Govt of Himachal Pradesh,Wipro Ltd,41,50
Govt of Himachal Pradesh,i-Grandee SoftwareTechnologies,2359,157
Govt of Karnataka ,BNR UDYOG LIMITED,151,65
Govt of Karnataka ,Bloom Solutions Pvt Ltd,1799,274
Govt of Karnataka ,MARS Telecom Systems Pvt Ltd,5029,926
Govt of Karnataka ,Ninestars Information Technologies Ltd,12315,630
Govt of Karnataka ,Om Softwares,335,178
Govt of Karnataka ,Origin ITFS Pvt Ltd,10622,1398
Govt of Karnataka ,Radiant Info Systems Ltd,0,6
Govt of Karnataka ,SREEVEN INFOCOM LIMITED,13907,1720
Govt of Kerala,Akshaya,1541,294
Govt of Kerala,Keltron,0,8
Govt of Maharashtra,Adcc Infocad Pvt.Ltd Nagpur,2,19
Govt of Maharashtra,Alankit Assignments Limited,0,10
Govt of Maharashtra,Alankit Finsec Ltd,8424,368
Govt of Maharashtra,Bharat Technical Solutions Private Limited,627,135
Govt of Maharashtra,Eagle press pvt ltd,1728,111
Govt of Maharashtra,GLODYNE TECHNOSERVE,9,38
Govt of Maharashtra,GSS Infotech Ltd,0,4
Govt of Maharashtra,Global Finsol Private Limited,1713,386
Govt of Maharashtra,Karvy Computershare Private Li,2814,894
Govt of Maharashtra,M/S King Computer System pvt Ltd,610,123
Govt of Maharashtra,M/s. Vidya Online  Pune,35,48
Govt of Maharashtra,Narayana Electricals Solution Pvt Ltd,4302,367
Govt of Maharashtra,Netlink software Pvt Ltd,4394,766
Govt of Maharashtra,Network for Information & Computer,14,29
Govt of Maharashtra,Obel projects Pvt Ltd,4,0
Govt of Maharashtra,Rudranee Infotech Ltd,731,144
Govt of Maharashtra,SETU MAHARASHTRA,1220,656
Govt of Maharashtra,SHREERAM PRINTING PRESS,23,164
Govt of Maharashtra,SILVER JUBILEE MOTORS LTD.,38,3
Govt of Maharashtra,SPANCO,4106,476
Govt of Maharashtra,STRATEGIC OUTSOURCING SERVICE,1571,385
Govt of Maharashtra,Silver Touch Technologies Ltd,1711,512
Govt of Maharashtra,Systematic & Advance Const P L,90,25
Govt of Maharashtra,TechSmart India Pvt Ltd,1010,235
Govt of Maharashtra,Tera Software Ltd,0,5
Govt of Maharashtra,Transline Technologies P Ltd,3276,95
Govt of Maharashtra,Wipro Ltd,444,330
Govt of Sikkim - Dept of Econo,Department of Economics Statistics  Monitoring and Evaluation DESME,1,0
IDBI Bank ltd,ATISHAY INFOTECH PVT. LTD.,1273,199
IDBI Bank ltd,Matrix Processing House,14,111
IDBI Bank ltd,SREEVEN INFOCOM LIMITED,937,1660
IDBI Bank ltd,UTI TECHNOLOGY SERVICES LIMITE,1158,122
Indiapost,Delhi Integrated MMTS Ltd,17257,1109
Indiapost,Global Finsol Private Limited,7150,241
Indiapost,M/S STAR DATA CENTRE,94,43
Indiapost,MARS Telecom Systems Pvt Ltd,802,154
Indiapost,Smart Chip Limited,347,5
Indiapost,Vayam technologies Ltd,24,67
Indiapost,WEBEL,674,32
Information Technology & Communication Department,4G INFORMATICS,2922,242
Information Technology & Communication Department,BNR UDYOG LIMITED,522,116
Information Technology & Communication Department,Bloom Solutions Pvt Ltd,2712,75
Information Technology & Communication Department,CSS TECHNERGY LIMITED,261,8
Information Technology & Communication Department,Directorate of ESD,2356,2341
Information Technology & Communication Department,GDC Advertising Pvt. Limited,28,11
Information Technology & Communication Department,JYOTHI COMPUTER SERVICES,3117,70
Information Technology & Communication Department,Karvy Data Management Services,1945,97
Information Technology & Communication Department,MARS Telecom Systems Pvt Ltd,146,303
Information Technology & Communication Department,SREEVEN INFOCOM LIMITED,889,479
Information Technology & Communication Department,Tera Software Ltd,3012,217
Jharkhand,Alankit Assignments Limited,0,2
Jharkhand,Blue Circle Instrument,104,7
Jharkhand,Emdee Digitronics Pvt.Ltd.,2438,154
Jharkhand,MKS Enterprises,926,201
Jharkhand,Nevaeh Technology Pvt. Ltd.,1212,193
Jharkhand,STRATEGIC OUTSOURCING SERVICE,12,3
Jharkhand,Smart Chip Limited,236,31
Jharkhand,Systematic & Advance Const P L,5288,60
Jharkhand,VISION COMPTECH INTEGRATOR LTD,1138,1147
Jharkhand,Wipro Ltd,13651,1574
Mission Convergence - GNCT Del,Karvy Computershare Private Li,51,15
Mission Convergence - GNCT Del,NVR & ASSOCIATES LIMITED,40,48
NSDL e-Governance Infrastructure Limited,Abhipra Capital Ltd,6571,497
NSDL e-Governance Infrastructure Limited,Alankit Assignments Limited,8768,1721
NSDL e-Governance Infrastructure Limited,Alankit Finsec Ltd,68,61
NSDL e-Governance Infrastructure Limited,Delhi Integrated MMTS Ltd,603,44
NSDL e-Governance Infrastructure Limited,Global Finsol Private Limited,220,59
NSDL e-Governance Infrastructure Limited,Gujarat Infotech Ltd.,369,13
NSDL e-Governance Infrastructure Limited,INTEGRATED REGISTRY SERVICES LTD,0,6
NSDL e-Governance Infrastructure Limited,Karvy Consultants Limited,17,7
NSDL e-Governance Infrastructure Limited,Karvy Data Management Services,19736,3137
NSDL e-Governance Infrastructure Limited,N.K. Sharma Enterprises Ltd.,47,27
NSDL e-Governance Infrastructure Limited,Netlink software Pvt Ltd,11464,1789
NSDL e-Governance Infrastructure Limited,Offshoot Agency Pvt. Ltd.,8,5
NSDL e-Governance Infrastructure Limited,PROWIZ MANSYTEMS PVT LTD,9178,545
NSDL e-Governance Infrastructure Limited,Promind Solutions P Limited,1006,209
NSDL e-Governance Infrastructure Limited,RELIGARE SECURITIES LTD,4,0
NSDL e-Governance Infrastructure Limited,Radiant Haroti Industries India Ltd,2,14
NSDL e-Governance Infrastructure Limited,Sri Ramraja Sarkar Lok Kalyan Trust,7,0
NSDL e-Governance Infrastructure Limited,Utility Forms Pvt Ltd,15,28
NSDL e-Governance Infrastructure Limited,VIRGO SOFTECH LIMITED,23343,761
Oriental Bank of Commerce,DATASOFT COMPUTER SERVICES(P),1312,325
Oriental Bank of Commerce,Euro Finmart Ltd,333,25
Oriental Bank of Commerce,JNET Technologies Pvt.Ltd,4008,308
Oriental Bank of Commerce,Redim Software Technologies Pvt Ltd,133,19
Oriental Bank of Commerce,Sri Ramraja Sarkar Lok Kalyan Trust,15208,1991
Oriental Bank of Commerce,Wipro Ltd,1095,635
Principal Revenue Commissioner  Dept of Revenue  Govt of MP,Frontech Systems Pvt Ltd,206,121
Principal Revenue Commissioner  Dept of Revenue  Govt of MP,GDC Advertising Pvt. Limited,183,123
Principal Revenue Commissioner  Dept of Revenue  Govt of MP,K W Consulting P Ltd,262,516
Principal Revenue Commissioner  Dept of Revenue  Govt of MP,LYRA  CONSULTANCY SERVICE,670,167
Principal Revenue Commissioner  Dept of Revenue  Govt of MP,Netlink software Pvt Ltd,988,286
Principal Revenue Commissioner  Dept of Revenue  Govt of MP,OSWAL COMPUTERS & CONSULTANTS,58,161
Principal Revenue Commissioner  Dept of Revenue  Govt of MP,Tera Software Ltd,336,145
Principal Revenue Commissioner  Dept of Revenue  Govt of MP,The NSIC ltd,202,83
Principal Revenue Commissioner  Dept of Revenue  Govt of MP,Vedavaag Systems Limited,728,507
Punjab and Sind Bank,Matrix Processing House,15,1
RDD Govt of Tripura,Alankit Assignments Limited,0,8
Registrar General India - BEL,Manipur Electronics Dev Corp,0,1
Registrar General India BEL2,4G INFORMATICS,11,23
Registrar General India BEL2,Alankit Assignments Limited,21,35
Registrar General India BEL2,Bharat Electronics Limited,1829,8
Registrar General India BEL2,Chinar Construction Company Prime agency,8,0
Registrar General India BEL2,Computer LAB,4758,2229
Registrar General India BEL2,Eagle Software India Pvt. Ltd,61,0
Registrar General India BEL2,Emdee Digitronics Pvt.Ltd.,699,473
Registrar General India BEL2,In Media Computer Services LLP,47,3
Registrar General India BEL2,India Computer Technology,32398,2866
Registrar General India BEL2,Karvy Data Management Services,8646,1630
Registrar General India BEL2,MACRO INFOTECH PVT LTD,10489,1016
Registrar General India BEL2,MKS Enterprises,182,95
Registrar General India BEL2,Madras Security Printers Ltd,11406,5352
Registrar General India BEL2,Manipur Electronics Dev Corp,139,2
Registrar General India BEL2,Multiwave Innovation,8769,1640
Registrar General India BEL2,NVR & ASSOCIATES LIMITED,487,142
Registrar General India BEL2,Netlink software Pvt Ltd,816,544
Registrar General India BEL2,Nevaeh Technology Pvt. Ltd.,4420,1049
Registrar General India BEL2,Nielsen  India  Private Limited,6619,1124
Registrar General India BEL2,Om Softwares,3088,2375
Registrar General India BEL2,SREEVEN INFOCOM LIMITED,0,18
Registrar General India BEL2,SREI INFRASTRUCTURE FINANCES L,140,613
Registrar General India BEL2,STRATEGIC OUTSOURCING SERVICE,4359,450
Registrar General India BEL2,Satyanarayana Raju Company Pvt ltd,7647,1538
Registrar General India BEL2,Swathy Smartcards Hi-Tech Pvt,77035,8562
Registrar General India BEL2,Swiss Tech India Pvt Ltd,7896,755
Registrar General India BEL2,Tera Software Ltd,2593,1626
Registrar General India BEL2,UNITED DATA SERVICES PRIVATE LIMITED,13858,1518
Registrar General India BEL2,Urmila Info solution,648,457
Registrar General India BEL2,VIRGO SOFTECH LIMITED,5685,818
Registrar General India BEL2,Vansh Infotech Pvt Ltd,3891,539
Registrar General India BEL2,Vayam technologies Ltd,2,3
Registrar General India BEL2,Vedavaag Systems Limited,6423,1489
Registrar General India BEL2,Viesa Technologies,1119,224
Registrar General India BEL2,WEBEL,434,251
Registrar General India ECIL,AVVAS INFOTECH PVT  LTD,22571,3005
Registrar General India ECIL,BUSINESS INFORMATION PROCESSING SERVICES,304,52
Registrar General India ECIL,COMTECH INSTITUTE OFTECHNOLOGY,5102,942
Registrar General India ECIL,COMTECHINFO SOLUTIONS PVT.LTD,8,658
Registrar General India ECIL,Chinar Construction Company Prime agency,112,1842
Registrar General India ECIL,Clairvoyance Technologies Pvt.,8,0
Registrar General India ECIL,Computer LAB,15763,7660
Registrar General India ECIL,Eagle Software India Pvt. Ltd,81222,14595
Registrar General India ECIL,Esoft Consulting Limited,99,268
Registrar General India ECIL,Gundal Infotech Private Limited,100,75
Registrar General India ECIL,In Media Computer Services LLP,9728,1065
Registrar General India ECIL,India Computer Technology,14445,9032
Registrar General India ECIL,Integrated Systems & Services,0,1
Registrar General India ECIL,Karvy Data Management Services,13386,3956
Registrar General India ECIL,Krishna Infotech,48,1493
Registrar General India ECIL,LYRA  CONSULTANCY SERVICE,0,6
Registrar General India ECIL,Madras Security Printers Ltd,32698,9102
Registrar General India ECIL,Mphasis Ltd,9474,2179
Registrar General India ECIL,Netwing Technologies Pvt Ltd,114,167
Registrar General India ECIL,Nielsen  India  Private Limited,1550,295
Registrar General India ECIL,Pioneer E Labs limited,594,268
Registrar General India ECIL,Quick Data IT Services Pvt Ltd,29,43
Registrar General India ECIL,SARADA SYSTEMS,6927,950
Registrar General India ECIL,SWISSTECH NPR 57CR PROJECT PVT,4126,3208
Registrar General India ECIL,Tera Software Ltd,27629,312
Registrar General India ECIL,VEETECHNOLOGIES PVT. LTD,30,11
Registrar General India ECIL,Vedavaag Systems Limited,15429,6425
Registrar General India Others,AVVAS INFOTECH PVT  LTD,16,1
Registrar General India Others,COMTECHINFO SOLUTIONS PVT.LTD,0,2
Registrar General India Others,Computer LAB,0,1
Registrar General India Others,Eagle Software India Pvt. Ltd,0,5
Registrar General India Others,Karvy Data Management Services,2,1
Registrar General India Others,Madras Security Printers Ltd,5,13
Registrar General India Others,Om Softwares,0,1
Registrar General India Others,STRATEGIC OUTSOURCING SERVICE,0,1
Registrar General India Others,Vedavaag Systems Limited,6,0
Registrar General of India ITI,COMTECH INSTITUTE OFTECHNOLOGY,3565,324
Registrar General of India ITI,CSS TECHNERGY LIMITED,2721,466
Registrar General of India ITI,CommunitiWorks Welfare Society,2691,90
Registrar General of India ITI,Eagle Software India Pvt. Ltd,10261,1216
Registrar General of India ITI,Emdee Digitronics Pvt.Ltd.,8345,6603
Registrar General of India ITI,FINANCIAL INFORMATION NETWORK,1723,461
Registrar General of India ITI,In Media Computer Services LLP,1516,132
Registrar General of India ITI,Karvy Data Management Services,19636,1813
Registrar General of India ITI,MACRO INFOTECH PVT LTD,50,6
Registrar General of India ITI,MKS Enterprises,23,15
Registrar General of India ITI,Madras Security Printers Ltd,1974,412
Registrar General of India ITI,Mphasis Ltd,6966,502
Registrar General of India ITI,Multiwave Innovation,1925,54
Registrar General of India ITI,Netlink software Pvt Ltd,7395,263
Registrar General of India ITI,Netwing Technologies Pvt Ltd,1,16
Registrar General of India ITI,Nielsen  India  Private Limited,7686,1216
Registrar General of India ITI,PROTEX COMPUTER PVT LTD,32,19
Registrar General of India ITI,SREEVEN INFOCOM LIMITED,29,29
Registrar General of India ITI,SREI INFRASTRUCTURE FINANCES L,158,193
Registrar General of India ITI,STRATEGIC OUTSOURCING SERVICE,2607,997
Registrar General of India ITI,Satyanarayana Raju Company Pvt ltd,2350,508
Registrar General of India ITI,Swathy Smartcards Hi-Tech Pvt,1568,264
Registrar General of India ITI,Swiss Tech India Pvt Ltd,1030,1
Registrar General of India ITI,TechSmart India Pvt Ltd,4,20
Registrar General of India ITI,Urmila Info solution,1,14
Registrar General of India ITI,VEETECHNOLOGIES PVT. LTD,59,0
Registrar General of India ITI,VIRGO SOFTECH LIMITED,2765,1906
Registrar General of India ITI,Vedavaag Systems Limited,12357,2025
Registrar General of India ITI,WEBEL TECHNOLOGY LIMITED,2127,1404
STATE BANK OF PATIALA,CSS TECHNERGY LIMITED,1,0
State Bank of Bikaner & Jaipur,Multiwave Innovation,127,57
State Bank of India,4G IDENTITY SOLUTIONS,0,16
State Bank of India,CSS TECHNERGY LIMITED,0,2
State Bank of India,Eagle press pvt ltd,0,4
State Bank of Travancore,Tera Software Ltd,56,5
UIDAI-Registrar,UIDAI-EA,4,0
UT Of Daman and Diu,Alankit Assignments Limited,0,3
UT of Puducherry,Madras Security Printers Ltd,0,3
Union Bank,FINANCIAL INFORMATION NETWORK,44875,8944
Union Bank,Smart Chip Limited,30775,2604
Union Bank,Vakrangee Softwares Limited,55040,5942
