Registrar,Enrolment Agency,State,District,Sub District,Pin Code,Gender,Age,Aadhaar generated,Enrolment Rejected,Residents providing email,Residents providing mobile number
Central Bank of India,MANTRA SOFTTECH (INDIA) PVTLTD,Gujarat,Surat,For New VTC,395010,M,50,0,1,0,1
FCS Govt of Punjab,Alankit Assignments Limited,Punjab,Gurdaspur,For New VTC,145025,F,12,0,1,0,0
Govt of Maharashtra,Wipro Ltd,Maharashtra,Jalgaon,For New VTC,425001,M,68,1,0,0,0
Govt of Maharashtra,Wipro Ltd,Maharashtra,Ratnagiri,Dapoli,415712,F,10,1,0,0,0
Jharkhand,Wipro Ltd,Jharkhand,Garhwa,Garhwa,822114,M,47,1,0,0,0
State Bank of India,4G IDENTITY SOLUTIONS,Andhra Pradesh,Cuddapah,For New VTC,516362,F,3,1,0,0,0
State Bank of India,4G IDENTITY SOLUTIONS,Andhra Pradesh,Cuddapah,For New VTC,516362,F,4,8,0,0,0
State Bank of India,4G IDENTITY SOLUTIONS,Andhra Pradesh,Cuddapah,For New VTC,516362,M,2,1,0,0,0
State Bank of India,4G IDENTITY SOLUTIONS,Andhra Pradesh,Cuddapah,For New VTC,516362,M,4,3,0,0,0
State Bank of India,4G IDENTITY SOLUTIONS,Andhra Pradesh,Cuddapah,Proddatur,516362,F,4,1,0,0,0
State Bank of India,4G IDENTITY SOLUTIONS,Andhra Pradesh,Cuddapah,Proddatur,516362,M,3,1,0,0,0
State Bank of India,4G IDENTITY SOLUTIONS,Andhra Pradesh,Cuddapah,Proddatur,516362,M,4,2,0,0,0
State Bank of India,4G IDENTITY SOLUTIONS,Andhra Pradesh,Guntur,Sattenapalle,522403,F,15,0,1,0,0
State Bank of India,4G IDENTITY SOLUTIONS,Andhra Pradesh,Khammam,Khammam (urban),507002,F,30,0,1,0,0
State Bank of India,4G IDENTITY SOLUTIONS,Andhra Pradesh,Khammam,Thirumalayapalem,507161,M,65,0,1,0,0
State Bank of India,4G IDENTITY SOLUTIONS,Andhra Pradesh,Nellore,Allur,524315,F,20,0,1,0,0
State Bank of India,4G IDENTITY SOLUTIONS,Andhra Pradesh,Nellore,Allur,524315,M,28,0,1,0,0
State Bank of India,4G IDENTITY SOLUTIONS,Andhra Pradesh,Nellore,Buchireddipalem,524305,F,14,0,1,0,0
State Bank of India,4G IDENTITY SOLUTIONS,Andhra Pradesh,Nellore,For New VTC,524004,F,21,0,1,0,0
State Bank of India,4G IDENTITY SOLUTIONS,Andhra Pradesh,Nellore,For New VTC,524124,F,26,0,1,0,0
State Bank of India,4G IDENTITY SOLUTIONS,Andhra Pradesh,Nellore,For New VTC,524305,M,10,0,1,0,0
State Bank of India,4G IDENTITY SOLUTIONS,Andhra Pradesh,Nellore,For New VTC,524305,M,69,0,1,0,0
State Bank of India,4G IDENTITY SOLUTIONS,Andhra Pradesh,Nellore,For New VTC,524306,F,12,0,1,0,0
State Bank of India,4G IDENTITY SOLUTIONS,Andhra Pradesh,Nellore,For New VTC,524306,F,28,0,1,0,0
State Bank of India,4G IDENTITY SOLUTIONS,Andhra Pradesh,Nellore,For New VTC,524306,F,35,0,1,0,0
State Bank of India,4G IDENTITY SOLUTIONS,Andhra Pradesh,Nellore,For New VTC,524315,M,17,0,1,0,0
State Bank of India,4G IDENTITY SOLUTIONS,Andhra Pradesh,Nellore,For New VTC,524316,F,28,0,1,0,0
State Bank of India,4G IDENTITY SOLUTIONS,Andhra Pradesh,Nellore,For New VTC,524317,F,25,0,1,0,0
State Bank of India,4G IDENTITY SOLUTIONS,Andhra Pradesh,Nellore,Manubolu,524405,F,9,0,1,0,0
State Bank of India,4G IDENTITY SOLUTIONS,Andhra Pradesh,Nellore,Muthukur,524346,M,38,0,1,0,0
State Bank of India,4G IDENTITY SOLUTIONS,Andhra Pradesh,Nellore,Sangam,524308,F,20,0,1,0,0
State Bank of India,4G IDENTITY SOLUTIONS,Andhra Pradesh,Nellore,Sangam,524308,F,25,0,1,0,0
State Bank of India,4G IDENTITY SOLUTIONS,Andhra Pradesh,Prakasam,For New VTC,523190,M,12,0,1,0,0
State Bank of India,4G IDENTITY SOLUTIONS,Andhra Pradesh,Prakasam,For New VTC,523190,M,26,0,1,0,0
State Bank of India,4G IDENTITY SOLUTIONS,Andhra Pradesh,Prakasam,For New VTC,523260,F,11,0,1,0,0
State Bank of India,4G IDENTITY SOLUTIONS,Andhra Pradesh,Prakasam,For New VTC,523260,F,30,0,1,0,0
State Bank of India,4G IDENTITY SOLUTIONS,Andhra Pradesh,Prakasam,For New VTC,523260,M,16,0,1,0,0
State Bank of India,4G IDENTITY SOLUTIONS,Andhra Pradesh,Prakasam,For New VTC,523260,M,20,0,1,1,0
State Bank of India,4G IDENTITY SOLUTIONS,Andhra Pradesh,Prakasam,Inkollu,523167,F,30,0,1,0,0
State Bank of India,4G IDENTITY SOLUTIONS,Andhra Pradesh,Prakasam,Martur,523301,F,17,0,1,0,0
State Bank of India,4G IDENTITY SOLUTIONS,Andhra Pradesh,Prakasam,Martur,523301,F,37,0,1,0,0
State Bank of India,4G IDENTITY SOLUTIONS,Andhra Pradesh,Prakasam,Martur,523301,F,48,0,1,0,0
State Bank of India,CSS TECHNERGY LIMITED,Andhra Pradesh,Karimnagar,Kamalapur,505102,F,46,0,1,0,0
State Bank of India,CSS TECHNERGY LIMITED,Andhra Pradesh,Medak,For New VTC,502277,M,17,0,1,0,0
Union Bank,Vakrangee Softwares Limited,Uttar Pradesh,Aligarh,For New VTC,202001,M,15,0,1,0,1
Union Bank,Vakrangee Softwares Limited,Uttar Pradesh,Mainpuri,Mainpuri,205001,F,70,0,1,0,0
