State,District,Aadhaar generated,Enrolment Rejected
Andaman and Nicobar Islands,Andamans,1,0
Andaman and Nicobar Islands,South Andaman,1,0
Andhra Pradesh,Adilabad,487,0
Andhra Pradesh,Ananthapur,294,0
Andhra Pradesh,Chittoor,53,0
Andhra Pradesh,Cuddapah,1,0
Andhra Pradesh,East Godavari,100,0
Andhra Pradesh,Guntur,132,0
Andhra Pradesh,Hyderabad,761,0
Andhra Pradesh,K.V.Rangareddy,1,0
Andhra Pradesh,K.v. Rangareddy,893,0
Andhra Pradesh,Karim Nagar,1,0
Andhra Pradesh,Karimnagar,2022,0
Andhra Pradesh,Khammam,2305,0
Andhra Pradesh,Krishna,124,0
Andhra Pradesh,Kurnool,2526,0
Andhra Pradesh,Mahabubnagar,2479,0
Andhra Pradesh,Medak,853,0
Andhra Pradesh,Nalgonda,1142,0
Andhra Pradesh,Nellore,651,0
Andhra Pradesh,Nizamabad,634,0
Andhra Pradesh,Prakasam,328,0
Andhra Pradesh,Srikakulam,182,0
Andhra Pradesh,Visakhapatnam,1320,0
Andhra Pradesh,Vizianagaram,106,0
Andhra Pradesh,Warangal,932,0
Andhra Pradesh,West Godavari,1157,0
Arunachal Pradesh,Changlang,1,0
Arunachal Pradesh,Papum Pare,53,0
Arunachal Pradesh,West Kameng,1,0
Assam,Barpeta,3,0
Assam,Bongaigaon,1,0
Assam,Cachar,1,0
Assam,Chirang,1,0
Assam,Darrang,1,0
Assam,Dhubri,1,0
Assam,Goalpara,1,0
Assam,Hailakandi,2,0
Assam,Kamrup,3,0
Assam,Kamrup Metro,1,0
Assam,Karbi Anglong,1,0
Assam,Karimganj,2,0
Assam,Nagaon,3,0
Assam,Nalbari,1,0
Assam,Sonitpur,4,0
Assam,Tinsukia,2,0
Assam,Udalguri,2,0
Bihar,Araria,11,0
Bihar,Arwal,136,0
Bihar,Aurangabad,17,0
Bihar,Banka,27,0
Bihar,Begusarai,17,0
Bihar,Bhagalpur,28,0
Bihar,Bhojpur,26,0
Bihar,Buxar,15,0
Bihar,Darbhanga,343,0
Bihar,East Champaran,28,0
Bihar,Gaya,44,0
Bihar,Gopalganj,555,0
Bihar,Jamui,89,0
Bihar,Jehanabad,8,0
Bihar,Kaimur (Bhabua),11,0
Bihar,Katihar,829,0
Bihar,Khagaria,20,0
Bihar,Kishanganj,538,0
Bihar,Lakhisarai,7,0
Bihar,Madhepura,13,0
Bihar,Madhubani,69,0
Bihar,Munger,13,0
Bihar,Muzaffarpur,50,0
Bihar,Nalanda,224,0
Bihar,Nawada,21,0
Bihar,Patna,490,0
Bihar,Purnia,9,0
Bihar,Rohtas,621,0
Bihar,Saharsa,1292,0
Bihar,Samastipur,32,0
Bihar,Saran,46,0
Bihar,Sheikhpura,56,0
Bihar,Sheohar,825,0
Bihar,Sitamarhi,46,0
Bihar,Siwan,57,0
Bihar,Supaul,9,0
Bihar,Vaishali,1749,0
Bihar,West Champaran,26,0
Chandigarh,Chandigarh,55,0
Chhattisgarh,Balod,7,0
Chhattisgarh,Baloda Bazar,2,0
Chhattisgarh,Bastar,16,0
Chhattisgarh,Bemetara,3,0
Chhattisgarh,Bilaspur,7,0
Chhattisgarh,Dhamtari,307,0
Chhattisgarh,Durg,144,0
Chhattisgarh,Janjgir-champa,719,0
Chhattisgarh,Jashpur,3,0
Chhattisgarh,Kanker,1,0
Chhattisgarh,Korba,450,0
Chhattisgarh,Koriya,89,0
Chhattisgarh,Mungeli,20,0
Chhattisgarh,Mungeli ,188,0
Chhattisgarh,Raigarh,3,0
Chhattisgarh,Raipur,6,0
Chhattisgarh,Rajnandgaon,29,0
Chhattisgarh,Surguja,2,0
Dadra and Nagar Haveli,Dadra and Nagar Haveli,3,0
Daman and Diu,Daman,2,0
Delhi,Central Delhi,113,0
Delhi,East Delhi,170,0
Delhi,Najafgarh,1,0
Delhi,New Delhi,6,0
Delhi,North Delhi,61,0
Delhi,North East,1,0
Delhi,North East Delhi,280,0
Delhi,North West Delhi,464,0
Delhi,South Delhi,331,0
Delhi,South West Delhi,227,0
Delhi,West Delhi,178,0
Goa,North Goa,55,0
Goa,South Goa,73,0
Gujarat,Ahmadabad,18,0
Gujarat,Ahmedabad,3445,0
Gujarat,Amreli,383,0
Gujarat,Anand,835,0
Gujarat,Banaskantha,599,0
Gujarat,Bharuch,524,0
Gujarat,Bhavnagar,77,0
Gujarat,Dahod,2019,0
Gujarat,Dohad,126,0
Gujarat,Gandhinagar,366,0
Gujarat,Jamnagar,612,0
Gujarat,Junagadh,1150,0
Gujarat,Kachchh,286,0
Gujarat,Kheda,573,0
Gujarat,Mahesana,90,0
Gujarat,Narmada,870,0
Gujarat,Navsari,274,0
Gujarat,Panchmahals,168,0
Gujarat,Patan,585,0
Gujarat,Porbandar,344,0
Gujarat,Rajkot,1092,0
Gujarat,Sabarkantha,484,0
Gujarat,Surat,5284,0
Gujarat,Surendra Nagar,209,0
Gujarat,Tapi,201,0
Gujarat,The Dangs,12,0
Gujarat,Vadodara,2477,0
Gujarat,Valsad,134,0
Haryana,Ambala,160,0
Haryana,Bhiwani,1627,0
Haryana,Faridabad,811,0
Haryana,Fatehabad,1142,0
Haryana,Gurgaon,2014,0
Haryana,Hisar,1421,0
Haryana,Jhajjar,2569,0
Haryana,Jind,494,0
Haryana,Kaithal,409,0
Haryana,Karnal,1028,0
Haryana,Kurukshetra,545,0
Haryana,Mahendragarh,1240,0
Haryana,Mewat,707,0
Haryana,Palwal,292,0
Haryana,Panchkula,202,0
Haryana,Panipat,525,0
Haryana,Rewari,884,0
Haryana,Rohtak,247,0
Haryana,Sirsa,1493,0
Haryana,Sonipat,303,0
Haryana,Yamuna Nagar,973,0
Himachal Pradesh,Bilaspur,14,0
Himachal Pradesh,Chamba,126,0
Himachal Pradesh,Hamirpur,90,0
Himachal Pradesh,Kangra,672,0
Himachal Pradesh,Kinnaur,46,0
Himachal Pradesh,Kullu,80,0
Himachal Pradesh,Lahul and Spiti,2,0
Himachal Pradesh,Mandi,86,0
Himachal Pradesh,Shimla,255,0
Himachal Pradesh,Sirmaur,75,0
Himachal Pradesh,Solan,21,0
Himachal Pradesh,Una,78,0
Jammu and Kashmir,Anantnag,2994,0
Jammu and Kashmir,Bandipore,3,0
Jammu and Kashmir,Baramula,2,0
Jammu and Kashmir,Doda,743,0
Jammu and Kashmir,Jammu,620,0
Jammu and Kashmir,Kargil,18,0
Jammu and Kashmir,Kathua,1431,0
Jammu and Kashmir,Kupwara,65,0
Jammu and Kashmir,Leh,66,0
Jammu and Kashmir,Pulwama,964,0
Jammu and Kashmir,Punch,1,0
Jammu and Kashmir,Rajouri,3,0
Jammu and Kashmir,Reasi,3,0
Jammu and Kashmir,Srinagar,621,0
Jammu and Kashmir,Udhampur,625,0
Jharkhand,Bokaro,292,0
Jharkhand,Chatra,984,0
Jharkhand,Deoghar,456,0
Jharkhand,Dhanbad,1033,0
Jharkhand,Dumka,458,0
Jharkhand,East Singhbhum,900,0
Jharkhand,Garhwa,329,0
Jharkhand,Giridih,728,0
Jharkhand,Godda,3234,0
Jharkhand,Gumla,208,0
Jharkhand,Hazaribagh,172,0
Jharkhand,Jamtara,1123,0
Jharkhand,Khunti,68,0
Jharkhand,Koderma,648,0
Jharkhand,Latehar,1253,0
Jharkhand,Lohardaga,38,0
Jharkhand,Pakur,732,0
Jharkhand,Palamu,527,0
Jharkhand,Ramgarh,64,0
Jharkhand,Ranchi,226,0
Jharkhand,Sahebganj,978,0
Jharkhand,Seraikela-Kharsawan,133,0
Jharkhand,Simdega,615,0
Jharkhand,West Singhbhum,1899,0
Karnataka,Bagalkot,897,0
Karnataka,Bangalore,2165,0
Karnataka,Bangalore Rural,108,0
Karnataka,Belgaum,4643,0
Karnataka,Bellary,2566,0
Karnataka,Bidar,2296,0
Karnataka,Bijapur,637,0
Karnataka,Bijapur(KAR),1,0
Karnataka,Chamrajanagar,1310,0
Karnataka,Chickmagalur,452,0
Karnataka,Chikkaballapur,197,0
Karnataka,Chitradurga,835,0
Karnataka,Dakshina Kannada,1076,0
Karnataka,Davangere,237,0
Karnataka,Dharwad,129,0
Karnataka,Gadag,60,0
Karnataka,Gulbarga,5057,0
Karnataka,Hassan,729,0
Karnataka,Haveri,57,0
Karnataka,Kodagu,141,0
Karnataka,Kolar,760,0
Karnataka,Koppal,355,0
Karnataka,Mandya,869,0
Karnataka,Mysore,209,0
Karnataka,Raichur,5693,0
Karnataka,Ramanagar,525,0
Karnataka,Shimoga,9418,0
Karnataka,Tumkur,182,0
Karnataka,Udupi,78,0
Karnataka,Uttara Kannada,72,0
Karnataka,Yadgir,931,0
Kerala,Alappuzha,212,0
Kerala,Ernakulam,530,0
Kerala,Idukki,127,0
Kerala,Kannur,294,0
Kerala,Kasaragod,224,0
Kerala,Kasargod,30,0
Kerala,Kollam,200,0
Kerala,Kottayam,250,0
Kerala,Kozhikode,193,0
Kerala,Malappuram,435,0
Kerala,Palakkad,469,0
Kerala,Pathanamthitta,79,0
Kerala,Thiruvananthapuram,345,0
Kerala,Thrissur,215,0
Kerala,Wayanad,19,0
Lakshadweep,Lakshadweep,2,0
Madhya Pradesh,Alirajpur,140,0
Madhya Pradesh,Anuppur,713,0
Madhya Pradesh,Ashok Nagar,309,0
Madhya Pradesh,Balaghat,3543,0
Madhya Pradesh,Barwani,107,0
Madhya Pradesh,Betul,809,0
Madhya Pradesh,Bhind,505,0
Madhya Pradesh,Bhopal,359,0
Madhya Pradesh,Burhanpur,27,0
Madhya Pradesh,Chhatarpur,712,0
Madhya Pradesh,Chhindwara,2613,0
Madhya Pradesh,Damoh,713,0
Madhya Pradesh,Datia,159,0
Madhya Pradesh,Dewas,964,0
Madhya Pradesh,Dhar,1096,0
Madhya Pradesh,Dindori,399,0
Madhya Pradesh,Guna,244,0
Madhya Pradesh,Gwalior,368,0
Madhya Pradesh,Harda,30,0
Madhya Pradesh,Hoshangabad,41,0
Madhya Pradesh,Indore,211,0
Madhya Pradesh,Jabalpur,143,0
Madhya Pradesh,Jhabua,300,0
Madhya Pradesh,Katni,439,0
Madhya Pradesh,Khandwa,15,0
Madhya Pradesh,Khargone,496,0
Madhya Pradesh,Mandla,183,0
Madhya Pradesh,Mandsaur,143,0
Madhya Pradesh,Morena,1048,0
Madhya Pradesh,Narsinghpur,1872,0
Madhya Pradesh,Neemuch,24,0
Madhya Pradesh,Panna,692,0
Madhya Pradesh,Raisen,942,0
Madhya Pradesh,Rajgarh,403,0
Madhya Pradesh,Ratlam,129,0
Madhya Pradesh,Rewa,1166,0
Madhya Pradesh,Sagar,853,0
Madhya Pradesh,Satna,531,0
Madhya Pradesh,Sehore,300,0
Madhya Pradesh,Seoni,262,0
Madhya Pradesh,Shahdol,466,0
Madhya Pradesh,Shajapur,289,0
Madhya Pradesh,Sheopur,11,0
Madhya Pradesh,Shivpuri,497,0
Madhya Pradesh,Sidhi,362,0
Madhya Pradesh,Singrauli,793,0
Madhya Pradesh,Tikamgarh,1150,0
Madhya Pradesh,Ujjain,1014,0
Madhya Pradesh,Umaria,215,0
Madhya Pradesh,Vidisha,604,0
Maharashtra,Ahmadnagar,2648,0
Maharashtra,Ahmed Nagar,1,0
Maharashtra,Akola,6623,0
Maharashtra,Amravati,6990,0
Maharashtra,Aurangabad,820,0
Maharashtra,Beed,2109,0
Maharashtra,Bhandara,4653,0
Maharashtra,Buldhana,1809,0
Maharashtra,Chandrapur,662,0
Maharashtra,Dhule,315,0
Maharashtra,Gadchiroli,486,0
Maharashtra,Gondiya,459,0
Maharashtra,Hingoli,231,0
Maharashtra,Jalgaon,681,0
Maharashtra,Jalna,308,0
Maharashtra,Kolhapur,4240,0
Maharashtra,Latur,1186,0
Maharashtra,Mumbai,1468,0
Maharashtra,Mumbai City,4,0
Maharashtra,Nagpur,4230,0
Maharashtra,Nanded,2218,0
Maharashtra,Nandurbar,110,0
Maharashtra,Nashik,4565,0
Maharashtra,Osmanabad,1342,0
Maharashtra,Parbhani,2188,0
Maharashtra,Pune,1711,0
Maharashtra,Raigarh,1170,0
Maharashtra,Raigarh(MH),5,0
Maharashtra,Ratnagiri,62,0
Maharashtra,Sangli,751,0
Maharashtra,Satara,1193,0
Maharashtra,Sindhudurg,486,0
Maharashtra,Solapur,1258,0
Maharashtra,Thane,2872,0
Maharashtra,Wardha,131,0
Maharashtra,Washim,450,0
Maharashtra,Yavatmal,1636,0
Manipur,Chandel,11,0
Manipur,Churachandpur,30,0
Manipur,Imphal East,44,0
Manipur,Imphal West,68,0
Manipur,Tamenglong,12,0
Manipur,Thoubal,11,0
Meghalaya,East Khasi Hills,10,0
Meghalaya,West Garo Hills,1,0
Nagaland,Dimapur,11,0
Nagaland,Kohima,3,0
Nagaland,Mon,97,0
Nagaland,Zunheboto,20,0
Odisha,Angul,1,0
Odisha,Anugul,1394,0
Odisha,Baleswar,398,0
Odisha,Bargarh,164,0
Odisha,Baudh,1,0
Odisha,Bhadrak,260,0
Odisha,Cuttack,5,0
Odisha,Debagarh,1,0
Odisha,Dhenkanal,4128,0
Odisha,Gajapati,611,0
Odisha,Ganjam,828,0
Odisha,Jagatsinghapur,527,0
Odisha,Jajapur,109,0
Odisha,Kandhamal,314,0
Odisha,Kendrapara,923,0
Odisha,Kendujhar,125,0
Odisha,Khorda,16,0
Odisha,Khordha,40,0
Odisha,Koraput,539,0
Odisha,Mayurbhanj,189,0
Odisha,Nabarangapur,93,0
Odisha,Nayagarh,251,0
Odisha,Nuapada,1,0
Odisha,Puri,11,0
Odisha,Rayagada,1,0
Odisha,Sambalpur,171,0
Odisha,Sonapur,8,0
Odisha,Sundergarh,2473,0
Others,Others,136,0
Puducherry,Karaikal,157,0
Puducherry,Pondicherry,1,0
Puducherry,Puducherry,26,0
Punjab,Amritsar,3696,0
Punjab,Barnala,31,0
Punjab,Bathinda,141,0
Punjab,Faridkot,48,0
Punjab,Fatehgarh Sahib,68,0
Punjab,Fazilka,172,0
Punjab,Ferozepur,145,0
Punjab,Gurdaspur,381,0
Punjab,Hoshiarpur,2080,0
Punjab,Jalandhar,483,0
Punjab,Kapurthala,563,0
Punjab,Ludhiana,904,0
Punjab,Mansa,434,0
Punjab,Moga,247,0
Punjab,Muktsar,13,0
Punjab,Pathankot,67,0
Punjab,Patiala,527,0
Punjab,Rupnagar,617,0
Punjab,SAS Nagar (Mohali),153,0
Punjab,Sangrur,276,0
Punjab,Shaheed Bhagat Singh Nagar,75,0
Punjab,Sri Muktsar Sahib,367,0
Punjab,Tarn Taran,798,0
Rajasthan,Ajmer,313,0
Rajasthan,Alwar,1093,0
Rajasthan,Banswara,863,0
Rajasthan,Baran,199,0
Rajasthan,Barmer,873,0
Rajasthan,Bharatpur,1117,0
Rajasthan,Bhilwara,1085,0
Rajasthan,Bikaner,601,0
Rajasthan,Bundi,270,0
Rajasthan,Chittorgarh,6300,0
Rajasthan,Churu,828,0
Rajasthan,Dausa,229,0
Rajasthan,Dholpur,193,0
Rajasthan,Dungarpur,389,0
Rajasthan,Ganganagar,1443,0
Rajasthan,Hanumangarh,681,0
Rajasthan,Jaipur,2313,0
Rajasthan,Jaisalmer,2583,0
Rajasthan,Jalor,937,0
Rajasthan,Jhalawar,683,0
Rajasthan,Jhunjhunu,28,0
Rajasthan,Jhunjhunun,286,0
Rajasthan,Jodhpur,3951,0
Rajasthan,Karauli,781,0
Rajasthan,Kota,205,0
Rajasthan,Nagaur,3556,0
Rajasthan,Pali,1249,0
Rajasthan,Pratapgarh,296,0
Rajasthan,Rajsamand,285,0
Rajasthan,Sawai Madhopur,873,0
Rajasthan,Sikar,2221,0
Rajasthan,Sirohi,238,0
Rajasthan,Tonk,386,0
Rajasthan,Udaipur,304,0
Sikkim,East Sikkim,37,0
Sikkim,South Sikkim,9,0
Sikkim,West Sikkim,4,0
Tamil Nadu,Ariyalur,190,0
Tamil Nadu,Chennai,2598,0
Tamil Nadu,Coimbatore,3212,0
Tamil Nadu,Cuddalore,112,0
Tamil Nadu,Dharmapuri,1830,0
Tamil Nadu,Dindigul,2668,0
Tamil Nadu,Erode,287,0
Tamil Nadu,Kancheepuram,3266,0
Tamil Nadu,Kanniyakumari,3927,0
Tamil Nadu,Karur,54,0
Tamil Nadu,Krishnagiri,1560,0
Tamil Nadu,Madurai,299,0
Tamil Nadu,Nagapattinam,135,0
Tamil Nadu,Namakkal,156,0
Tamil Nadu,Perambalur,45,0
Tamil Nadu,Pudukkottai,36,0
Tamil Nadu,Ramanathapuram,343,0
Tamil Nadu,Salem,3751,0
Tamil Nadu,Sivaganga,19,0
Tamil Nadu,Thanjavur,429,0
Tamil Nadu,The Nilgiris,1210,0
Tamil Nadu,Theni,68,0
Tamil Nadu,Thiruvarur,259,0
Tamil Nadu,Thoothukkudi,3131,0
Tamil Nadu,Tiruchirappalli,223,0
Tamil Nadu,Tirunelveli,4769,0
Tamil Nadu,Tiruppur,2475,0
Tamil Nadu,Tiruvallur,5620,0
Tamil Nadu,Tiruvannamalai,2726,0
Tamil Nadu,Vellore,2495,0
Tamil Nadu,Viluppuram,1558,0
Tamil Nadu,Virudhunagar,374,0
Tripura,Dhalai,13,0
Tripura,Gomati,9,0
Tripura,Khowai,15,0
Tripura,North Tripura,15,0
Tripura,Sepahijala,2,0
Tripura,West Tripura,47,0
Uttar Pradesh,Agra,75,0
Uttar Pradesh,Aligarh,154,0
Uttar Pradesh,Allahabad,654,0
Uttar Pradesh,Ambedkar Nagar,25,0
Uttar Pradesh,Amethi,833,0
Uttar Pradesh,Amroha,592,0
Uttar Pradesh,Auraiya,17,0
Uttar Pradesh,Azamgarh,193,0
Uttar Pradesh,Baghpat,6,0
Uttar Pradesh,Bahraich,17,0
Uttar Pradesh,Ballia,323,0
Uttar Pradesh,Balrampur,131,0
Uttar Pradesh,Banda,102,0
Uttar Pradesh,Bara Banki,37,0
Uttar Pradesh,Bareilly,845,0
Uttar Pradesh,Basti,119,0
Uttar Pradesh,Bijnor,150,0
Uttar Pradesh,Budaun,12,0
Uttar Pradesh,Bulandshahr,83,0
Uttar Pradesh,Chandauli,1021,0
Uttar Pradesh,Chitrakoot,221,0
Uttar Pradesh,Deoria,186,0
Uttar Pradesh,Etah,6,0
Uttar Pradesh,Etawah,445,0
Uttar Pradesh,Faizabad,491,0
Uttar Pradesh,Farrukhabad,33,0
Uttar Pradesh,Fatehpur,216,0
Uttar Pradesh,Firozabad,8,0
Uttar Pradesh,Gautam Buddha Nagar,192,0
Uttar Pradesh,Ghaziabad,301,0
Uttar Pradesh,Ghazipur,589,0
Uttar Pradesh,Gonda,138,0
Uttar Pradesh,Gorakhpur,342,0
Uttar Pradesh,Hamirpur,3,0
Uttar Pradesh,Hardoi,32,0
Uttar Pradesh,Hathras,7,0
Uttar Pradesh,Jalaun,35,0
Uttar Pradesh,Jaunpur,59,0
Uttar Pradesh,Jhansi,136,0
Uttar Pradesh,Jyotiba Phule Nagar,1,0
Uttar Pradesh,Kannauj,19,0
Uttar Pradesh,Kanpur Dehat,6,0
Uttar Pradesh,Kanpur Nagar,404,0
Uttar Pradesh,Kasganj,7,0
Uttar Pradesh,Kaushambi,24,0
Uttar Pradesh,Kheri,5,0
Uttar Pradesh,Kushinagar,299,0
Uttar Pradesh,Lalitpur,2,0
Uttar Pradesh,Lucknow,352,0
Uttar Pradesh,Maharajganj,196,0
Uttar Pradesh,Mahoba,154,0
Uttar Pradesh,Mainpuri,23,0
Uttar Pradesh,Mathura,36,0
Uttar Pradesh,Mau,25,0
Uttar Pradesh,Meerut,251,0
Uttar Pradesh,Mirzapur,111,0
Uttar Pradesh,Moradabad,6,0
Uttar Pradesh,Muzaffarnagar,17,0
Uttar Pradesh,Pilibhit,1094,0
Uttar Pradesh,Pratapgarh,373,0
Uttar Pradesh,Rae Bareli,2441,0
Uttar Pradesh,Rampur,6,0
Uttar Pradesh,Saharanpur,252,0
Uttar Pradesh,Sambhal,7,0
Uttar Pradesh,Sant Kabir Nagar,319,0
Uttar Pradesh,Sant Ravidas Nagar,109,0
Uttar Pradesh,Shahjahanpur,450,0
Uttar Pradesh,Shamli,20,0
Uttar Pradesh,Shrawasti,108,0
Uttar Pradesh,Siddharthnagar,55,0
Uttar Pradesh,Sitapur,5,0
Uttar Pradesh,Sonbhadra,194,0
Uttar Pradesh,Sultanpur,16,0
Uttar Pradesh,Unnao,16,0
Uttar Pradesh,Varanasi,1153,0
Uttarakhand,Almora,8,0
Uttarakhand,Bageshwar,7,0
Uttarakhand,Chamoli,1,0
Uttarakhand,Champawat,318,0
Uttarakhand,Dehradun,919,0
Uttarakhand,Garhwal,1,0
Uttarakhand,Haridwar,118,0
Uttarakhand,Nainital,9,0
Uttarakhand,Pauri Garhwal,13,0
Uttarakhand,Pithoragarh,2,0
Uttarakhand,Rudraprayag,7,0
Uttarakhand,Tehri Garhwal,310,0
Uttarakhand,Udham Singh Nagar,40,0
Uttarakhand,Uttarkashi,2,0
West Bengal,Bankura,273,0
West Bengal,Barddhaman,1007,0
West Bengal,Bardhaman,449,0
West Bengal,Birbhum,1348,0
West Bengal,Cooch Behar,524,0
West Bengal,Dakshin Dinajpur,558,0
West Bengal,Darjeeling,315,0
West Bengal,East Midnapore,1076,0
West Bengal,Hooghly,4590,0
West Bengal,Howrah,2414,0
West Bengal,Jalpaiguri,2498,0
West Bengal,Kolkata,402,0
West Bengal,Malda,2331,0
West Bengal,Medinipur,38,0
West Bengal,Murshidabad,3669,0
West Bengal,Nadia,3498,0
West Bengal,North 24 Parganas,458,0
West Bengal,North Dinajpur,73,0
West Bengal,Paschim Medinipur,614,0
West Bengal,Purba Medinipur,141,0
West Bengal,Purulia,225,0
West Bengal,Puruliya,3420,0
West Bengal,South 24 Parganas,3935,0
West Bengal,South Twenty Four Parganas,324,0
West Bengal,Uttar Dinajpur,622,0
West Bengal,West Midnapore,42,0
