State,District,Aadhaar generated,Enrolment Rejected
Andaman and Nicobar Islands,South Andaman,1,0
Andhra Pradesh,Adilabad,6494,524
Andhra Pradesh,Anantapur,0,25
Andhra Pradesh,Ananthapur,781,736
Andhra Pradesh,Chittoor,938,835
Andhra Pradesh,Cuddapah,335,618
Andhra Pradesh,East Godavari,688,672
Andhra Pradesh,Guntur,504,321
Andhra Pradesh,Hyderabad,3476,463
Andhra Pradesh,K.V.Rangareddy,3,8
Andhra Pradesh,K.v. Rangareddy,4759,1269
Andhra Pradesh,Karim Nagar,3,0
Andhra Pradesh,Karimnagar,4003,775
Andhra Pradesh,Khammam,1191,321
Andhra Pradesh,Krishna,442,680
Andhra Pradesh,Kurnool,15745,1454
Andhra Pradesh,Mahabub Nagar,4,29
Andhra Pradesh,Mahabubnagar,4882,1226
Andhra Pradesh,Mahbubnagar,4,5
Andhra Pradesh,Medak,1461,754
Andhra Pradesh,Nalgonda,12875,421
Andhra Pradesh,Nellore,671,309
Andhra Pradesh,Nizamabad,1886,744
Andhra Pradesh,Prakasam,2987,438
Andhra Pradesh,Srikakulam,366,778
Andhra Pradesh,Visakhapatnam,3299,1526
Andhra Pradesh,Vizianagaram,1406,142
Andhra Pradesh,Warangal,1967,1344
Andhra Pradesh,West Godavari,2024,395
Arunachal Pradesh,Lohit,1,0
Arunachal Pradesh,Tawang,1,0
Arunachal Pradesh,Tirap,1,0
Assam,Baksa,7,0
Assam,Barpeta,3,0
Assam,Bongaigaon,2,0
Assam,Cachar,11,0
Assam,Chirang,6,1
Assam,Dhemaji,3,0
Assam,Dhubri,4,0
Assam,Dibrugarh,1,0
Assam,Golaghat,5,0
Assam,Hailakandi,7,0
Assam,Jorhat,1,0
Assam,Kamrup,6,1
Assam,Karbi Anglong,1,0
Assam,Karimganj,10,0
Assam,Kokrajhar,2,0
Assam,Marigaon,2,0
Assam,Nagaon,4,1
Assam,Nalbari,1,0
Assam,Sibsagar,4,0
Assam,Sonitpur,7,1
Assam,Tinsukia,4,0
Assam,Udalguri,6,1
Bihar,Araria,22,3
Bihar,Arwal,3788,34
Bihar,Aurangabad,293,5
Bihar,Aurangabad(BH),4,0
Bihar,Banka,53,5
Bihar,Begusarai,59,1
Bihar,Bhabua,1,0
Bihar,Bhagalpur,46,3
Bihar,Bhojpur,73,4
Bihar,Buxar,28,6
Bihar,Darbhanga,2257,163
Bihar,East Champaran,104,4
Bihar,Gaya,112,3
Bihar,Gopalganj,723,54
Bihar,Jamui,179,3
Bihar,Jehanabad,23,1
Bihar,Kaimur (Bhabua),26,2
Bihar,Katihar,170,7
Bihar,Khagaria,19,2
Bihar,Kishanganj,2594,34
Bihar,Lakhisarai,18,2
Bihar,Madhepura,28,1
Bihar,Madhubani,147,11
Bihar,Munger,26,1
Bihar,Muzaffarpur,78,5
Bihar,Nalanda,1270,53
Bihar,Nawada,41,4
Bihar,Patna,479,50
Bihar,Purnia,28,2
Bihar,Rohtas,342,15
Bihar,Saharsa,174,17
Bihar,Samastipur,87,4
Bihar,Saran,124,9
Bihar,Sheikhpura,158,77
Bihar,Sheohar,2251,115
Bihar,Sitamarhi,107,2
Bihar,Siwan,111,4
Bihar,Supaul,30,1
Bihar,Vaishali,177,264
Bihar,West Champaran,57,3
Chandigarh,Chandigarh,678,27
Chandigarh,Mohali,1,0
Chhattisgarh,Balod,154,1
Chhattisgarh,Baloda Bazar,2,0
Chhattisgarh,Balrampur,1,0
Chhattisgarh,Bastar,36,7
Chhattisgarh,Bemetara,89,0
Chhattisgarh,Bilaspur,47,3
Chhattisgarh,Dhamtari,3829,35
Chhattisgarh,Durg,1055,8
Chhattisgarh,Janjgir-champa,209,5
Chhattisgarh,Jashpur,3,0
Chhattisgarh,Kanker,2,0
Chhattisgarh,Kawardha,20,0
Chhattisgarh,Korba,359,8
Chhattisgarh,Koriya,8115,24
Chhattisgarh,Mahasamund,3,0
Chhattisgarh,Mungeli,244,10
Chhattisgarh,Mungeli ,2,0
Chhattisgarh,Raigarh,16,1
Chhattisgarh,Raipur,14,0
Chhattisgarh,Rajnandgaon,3067,10
Chhattisgarh,Surguja,2,1
Dadra and Nagar Haveli,Dadra and Nagar Haveli,294,11
Daman and Diu,Daman,64,18
Daman and Diu,Diu,19,3
Delhi,Central Delhi,1877,95
Delhi,East Delhi,3124,559
Delhi,Najafgarh,0,30
Delhi,New Delhi,61,13
Delhi,North Delhi,1743,84
Delhi,North East,168,352
Delhi,North East Delhi,5581,449
Delhi,North West Delhi,7927,1004
Delhi,South Delhi,7328,494
Delhi,South West Delhi,2920,420
Delhi,West Delhi,5031,427
Goa,Bardez,0,9
Goa,North Goa,908,669
Goa,South Goa,714,17
Gujarat,Ahmadabad,23,1
Gujarat,Ahmedabad,3665,164
Gujarat,Amreli,3402,38
Gujarat,Anand,4062,50
Gujarat,Banaskantha,7496,111
Gujarat,Bharuch,1658,65
Gujarat,Bhavnagar,5293,163
Gujarat,Dahod,3063,64
Gujarat,Dohad,609,47
Gujarat,Gandhinagar,362,25
Gujarat,Jamnagar,4530,106
Gujarat,Junagadh,9704,265
Gujarat,Kachchh,996,99
Gujarat,Kheda,3601,116
Gujarat,Mahesana,4150,96
Gujarat,Narmada,772,33
Gujarat,Navsari,3864,83
Gujarat,Panchmahals,1160,148
Gujarat,Patan,902,69
Gujarat,Porbandar,442,30
Gujarat,Rajkot,9937,225
Gujarat,Sabarkantha,894,136
Gujarat,Surat,2093,255
Gujarat,Surendra Nagar,1107,94
Gujarat,Tapi,727,46
Gujarat,The Dangs,137,5
Gujarat,Vadodara,3164,59
Gujarat,Valsad,14054,220
Haryana,Ambala,1677,83
Haryana,Bhiwani,4804,78
Haryana,Faridabad,2362,202
Haryana,Fatehabad,3074,75
Haryana,Gurgaon,2440,191
Haryana,Hisar,3795,100
Haryana,Jhajjar,3056,54
Haryana,Jind,2654,115
Haryana,Kaithal,1451,318
Haryana,Karnal,4008,108
Haryana,Kurukshetra,2669,59
Haryana,Mahendragarh,2200,45
Haryana,Mewat,1877,50
Haryana,Palwal,546,104
Haryana,Panchkula,476,73
Haryana,Panipat,2103,118
Haryana,Rewari,1753,89
Haryana,Rohtak,1327,54
Haryana,Sirsa,2722,102
Haryana,Sonipat,2618,64
Haryana,Yamuna Nagar,2223,35
Himachal Pradesh,Bilaspur,75,21
Himachal Pradesh,Bilaspur ,2,0
Himachal Pradesh,Chamba,412,35
Himachal Pradesh,Hamirpur,81,18
Himachal Pradesh,Kangra,2349,97
Himachal Pradesh,Kinnaur,114,47
Himachal Pradesh,Kullu,495,68
Himachal Pradesh,Lahul and Spiti,50,19
Himachal Pradesh,Mandi,424,101
Himachal Pradesh,Shimla,1940,69
Himachal Pradesh,Sirmaur,1175,46
Himachal Pradesh,Solan,406,15
Himachal Pradesh,Una,58,23
Jammu and Kashmir,Anantnag,363,8
Jammu and Kashmir,Badgam,2,0
Jammu and Kashmir,Bandipore,619,0
Jammu and Kashmir,Baramula,1,0
Jammu and Kashmir,Doda,245,5
Jammu and Kashmir,Jammu,195,6
Jammu and Kashmir,Kargil,1524,4
Jammu and Kashmir,Kathua,549,28
Jammu and Kashmir,Kupwara,634,5
Jammu and Kashmir,Leh,172,5
Jammu and Kashmir,Pulwama,122,4
Jammu and Kashmir,Punch,4,0
Jammu and Kashmir,Rajouri,4,0
Jammu and Kashmir,Reasi,1,0
Jammu and Kashmir,Srinagar,763,1
Jammu and Kashmir,Udhampur,108,0
Jharkhand,Bokaro,3096,104
Jharkhand,Chatra,2228,277
Jharkhand,Deoghar,3288,379
Jharkhand,Dhanbad,983,138
Jharkhand,Dumka,2100,262
Jharkhand,East Singhbhum,4309,265
Jharkhand,Garhwa,1258,253
Jharkhand,Giridih,1097,402
Jharkhand,Godda,1730,255
Jharkhand,Gumla,702,178
Jharkhand,Hazaribagh,1543,139
Jharkhand,Jamtara,4016,176
Jharkhand,Khunti,1245,66
Jharkhand,Koderma,956,144
Jharkhand,Latehar,1921,205
Jharkhand,Lohardaga,442,81
Jharkhand,Pakur,598,120
Jharkhand,Palamau,0,1
Jharkhand,Palamu,1461,237
Jharkhand,Ramgarh,1288,132
Jharkhand,Ranchi,3119,335
Jharkhand,Sahebganj,2274,224
Jharkhand,Seraikela-Kharsawan,937,65
Jharkhand,Simdega,459,96
Jharkhand,West Singhbhum,3412,312
Karnataka,Bagalkot,2223,190
Karnataka,Bangalore,14663,1368
Karnataka,Bangalore Rural,773,412
Karnataka,Belgaum,7356,2261
Karnataka,Bellary,9026,359
Karnataka,Bidar,996,351
Karnataka,Bijapur,1393,318
Karnataka,Bijapur(KAR),13,3
Karnataka,Chamrajanagar,1595,110
Karnataka,Chickmagalur,2337,49
Karnataka,Chikkaballapur,1006,674
Karnataka,Chitradurga,4363,465
Karnataka,Dakshina Kannada,3528,792
Karnataka,Davangere,485,406
Karnataka,Dharwad,1487,278
Karnataka,Gadag,362,134
Karnataka,Gulbarga,2610,297
Karnataka,Hassan,3646,100
Karnataka,Haveri,244,95
Karnataka,Kodagu,97,69
Karnataka,Kolar,2790,377
Karnataka,Koppal,1135,98
Karnataka,Mandya,1186,105
Karnataka,Mysore,1009,91
Karnataka,Raichur,2862,193
Karnataka,Ramanagar,1373,88
Karnataka,Shimoga,2143,194
Karnataka,Tumkur,1452,102
Karnataka,Udupi,507,24
Karnataka,Uttara Kannada,3907,202
Karnataka,Yadgir,218,120
Kerala,Alappuzha,967,212
Kerala,Ernakulam,3160,233
Kerala,Idukki,738,137
Kerala,Kannur,4402,1030
Kerala,Kasaragod,1566,168
Kerala,Kasargod,150,110
Kerala,Kollam,2705,395
Kerala,Kottayam,2908,190
Kerala,Kozhikode,2124,673
Kerala,Malappuram,4667,606
Kerala,Palakkad,2618,223
Kerala,Pathanamthitta,479,97
Kerala,Thiruvananthapuram,3766,280
Kerala,Thrissur,3350,499
Kerala,Wayanad,142,175
Lakshadweep,Lakshadweep,20,0
Madhya Pradesh,Alirajpur,1319,526
Madhya Pradesh,Anuppur,1955,110
Madhya Pradesh,Ashok Nagar,470,77
Madhya Pradesh,Balaghat,7286,432
Madhya Pradesh,Barwani,1077,81
Madhya Pradesh,Betul,2159,122
Madhya Pradesh,Bhind,1318,117
Madhya Pradesh,Bhopal,4304,616
Madhya Pradesh,Burhanpur,1793,28
Madhya Pradesh,Chhatarpur,2880,106
Madhya Pradesh,Chhindwara,3128,231
Madhya Pradesh,Damoh,2637,199
Madhya Pradesh,Datia,800,129
Madhya Pradesh,Dewas,378,92
Madhya Pradesh,Dhar,3041,290
Madhya Pradesh,Dindori,2490,247
Madhya Pradesh,Guna,984,275
Madhya Pradesh,Gwalior,860,145
Madhya Pradesh,Harda,655,45
Madhya Pradesh,Hoshangabad,748,188
Madhya Pradesh,Indore,2391,324
Madhya Pradesh,Jabalpur,6582,472
Madhya Pradesh,Jhabua,1652,505
Madhya Pradesh,Katni,2285,226
Madhya Pradesh,Khandwa,160,129
Madhya Pradesh,Khargone,2749,243
Madhya Pradesh,Mandla,2377,223
Madhya Pradesh,Mandsaur,284,53
Madhya Pradesh,Morena,1618,96
Madhya Pradesh,Narsinghpur,2164,321
Madhya Pradesh,Neemuch,12,2
Madhya Pradesh,Panna,3025,108
Madhya Pradesh,Raisen,1370,224
Madhya Pradesh,Rajgarh,354,145
Madhya Pradesh,Ratlam,305,26
Madhya Pradesh,Rewa,3893,437
Madhya Pradesh,Sagar,3263,201
Madhya Pradesh,Satna,2568,356
Madhya Pradesh,Sehore,1049,203
Madhya Pradesh,Seoni,1624,263
Madhya Pradesh,Shahdol,2582,135
Madhya Pradesh,Shajapur,237,73
Madhya Pradesh,Sheopur,118,23
Madhya Pradesh,Shivpuri,521,42
Madhya Pradesh,Sidhi,2114,140
Madhya Pradesh,Singrauli,3057,227
Madhya Pradesh,Tikamgarh,1370,59
Madhya Pradesh,Ujjain,1655,455
Madhya Pradesh,Umaria,1695,65
Madhya Pradesh,Vidisha,1214,590
Maharashtra,Ahmadnagar,4682,1000
Maharashtra,Ahmed Nagar,46,21
Maharashtra,Akola,947,149
Maharashtra,Amravati,6340,577
Maharashtra,Aurangabad,11125,820
Maharashtra,Beed,1637,380
Maharashtra,Bhandara,564,381
Maharashtra,Buldhana,1734,233
Maharashtra,Chandrapur,3237,224
Maharashtra,Dhule,1243,497
Maharashtra,Gadchiroli,1470,64
Maharashtra,Gondia,2,3
Maharashtra,Gondiya,4965,476
Maharashtra,Hingoli,145,27
Maharashtra,Jalgaon,15424,1172
Maharashtra,Jalna,5055,404
Maharashtra,Kolhapur,5571,270
Maharashtra,Latur,7680,157
Maharashtra,Mumbai,17566,724
Maharashtra,Mumbai City,2,0
Maharashtra,Nagpur,4466,756
Maharashtra,Nanded,1564,164
Maharashtra,Nandurbar,3695,510
Maharashtra,Nashik,4106,995
Maharashtra,Osmanabad,953,201
Maharashtra,Parbhani,719,152
Maharashtra,Pune,37752,818
Maharashtra,Raigarh,4269,111
Maharashtra,Raigarh(MH),2,1
Maharashtra,Ratnagiri,1978,60
Maharashtra,Sangli,4228,575
Maharashtra,Satara,5316,541
Maharashtra,Sindhudurg,866,39
Maharashtra,Solapur,2053,223
Maharashtra,Thane,9055,1583
Maharashtra,Wardha,554,97
Maharashtra,Washim,440,58
Maharashtra,Yavatmal,2458,186
Manipur,Bishnupur,6,0
Manipur,Churachandpur,1,0
Manipur,Imphal East,87,5
Manipur,Imphal West,9,0
Manipur,Senapati,1,0
Manipur,Ukhrul,1,0
Meghalaya,East Khasi Hills,9,0
Mizoram,Aizawl,1,0
Mizoram,Kolasib,2,0
Nagaland,Dimapur,5,7
Nagaland,Kohima,0,9
Nagaland,Mokokchung,0,5
Nagaland,Mon,8,1
Nagaland,Wokha,3,1
Nagaland,Zunheboto,0,2
Odisha,Angul,11,0
Odisha,Anugul,2878,234
Odisha,Balangir,10,27
Odisha,Baleswar,810,259
Odisha,Bargarh,118,23
Odisha,Bhadrak,1963,646
Odisha,Cuttack,127,255
Odisha,Debagarh,300,2
Odisha,Dhenkanal,2331,147
Odisha,Gajapati,446,169
Odisha,Ganjam,481,57
Odisha,Jagatsinghapur,970,181
Odisha,Jajapur,1878,534
Odisha,Jharsuguda,1,0
Odisha,Kalahandi,9,1
Odisha,Kandhamal,1508,26
Odisha,Kendrapara,1377,220
Odisha,Kendujhar,505,303
Odisha,Khorda,24,1
Odisha,Khordha,47,228
Odisha,Koraput,2743,118
Odisha,Mayurbhanj,5577,15854
Odisha,Nabarangapur,4047,27
Odisha,Nayagarh,1767,58
Odisha,Nuapada,3,0
Odisha,Puri,58,480
Odisha,Rayagada,5,4
Odisha,Sambalpur,138,101
Odisha,Sonapur,5,8
Odisha,Sundergarh,195,95
Others,Others,1031,4259
Puducherry,Karaikal,236,23
Puducherry,Pondicherry,0,7
Puducherry,Puducherry,343,149
Puducherry,Yanam,2,46
Punjab,Amritsar,3542,300
Punjab,Barnala,993,53
Punjab,Bathinda,964,673
Punjab,Faridkot,3427,12
Punjab,Fatehgarh Sahib,314,30
Punjab,Fazilka,623,150
Punjab,Ferozepur,603,50
Punjab,Gurdaspur,2026,534
Punjab,Hoshiarpur,1643,58
Punjab,Jalandhar,2552,179
Punjab,Kapurthala,667,67
Punjab,Ludhiana,13128,301
Punjab,Mansa,539,49
Punjab,Moga,397,65
Punjab,Muktsar,10,0
Punjab,Nawanshahr,1,0
Punjab,Pathankot,124,119
Punjab,Patiala,2579,453
Punjab,Rupnagar,995,36
Punjab,SAS Nagar (Mohali),983,754
Punjab,Sangrur,2146,213
Punjab,Shaheed Bhagat Singh Nagar,126,29
Punjab,Sri Muktsar Sahib,1041,199
Punjab,Tarn Taran,1694,224
Rajasthan,Ajmer,2131,511
Rajasthan,Alwar,5829,280
Rajasthan,Banswara,3327,207
Rajasthan,Baran,534,116
Rajasthan,Barmer,1742,1080
Rajasthan,Bharatpur,2352,113
Rajasthan,Bhilwara,3439,232
Rajasthan,Bikaner,2006,489
Rajasthan,Bundi,1569,80
Rajasthan,Chittorgarh,1734,215
Rajasthan,Churu,825,396
Rajasthan,Dausa,562,337
Rajasthan,Dholpur,1461,268
Rajasthan,Dungarpur,1602,51
Rajasthan,Ganganagar,5112,141
Rajasthan,Hanumangarh,878,91
Rajasthan,Jaipur,6656,974
Rajasthan,Jaisalmer,790,16
Rajasthan,Jalor,1392,490
Rajasthan,Jhalawar,2538,123
Rajasthan,Jhunjhunu,94,21
Rajasthan,Jhunjhunun,3506,211
Rajasthan,Jodhpur,3852,320
Rajasthan,Karauli,1366,90
Rajasthan,Kota,3932,163
Rajasthan,Nagaur,2184,322
Rajasthan,Pali,5187,473
Rajasthan,Pratapgarh,1067,77
Rajasthan,Rajsamand,796,236
Rajasthan,Sawai Madhopur,1459,151
Rajasthan,Sikar,3160,272
Rajasthan,Sirohi,860,305
Rajasthan,Tonk,771,113
Rajasthan,Udaipur,2139,504
Sikkim,East Sikkim,69,13
Sikkim,North Sikkim,63,2
Sikkim,South Sikkim,49,4
Sikkim,West Sikkim,28,4
Tamil Nadu,Ariyalur,4450,18
Tamil Nadu,Chennai,2878,130
Tamil Nadu,Coimbatore,4513,462
Tamil Nadu,Cuddalore,82,58
Tamil Nadu,Dharmapuri,937,203
Tamil Nadu,Dindigul,361,355
Tamil Nadu,Erode,572,109
Tamil Nadu,Kancheepuram,15525,214
Tamil Nadu,Kanchipuram,6,2
Tamil Nadu,Kanniyakumari,4091,293
Tamil Nadu,Kanyakumari,3,0
Tamil Nadu,Karur,330,184
Tamil Nadu,Krishnagiri,530,55
Tamil Nadu,Madurai,1467,73
Tamil Nadu,Nagapattinam,1250,50
Tamil Nadu,Namakkal,605,128
Tamil Nadu,Nilgiris,1,0
Tamil Nadu,Perambalur,3,1
Tamil Nadu,Pudukkottai,203,10
Tamil Nadu,Ramanathapuram,288,160
Tamil Nadu,Salem,1968,116
Tamil Nadu,Sivaganga,1422,197
Tamil Nadu,Thanjavur,428,42
Tamil Nadu,The Nilgiris,641,25
Tamil Nadu,Theni,835,100
Tamil Nadu,Thiruvarur,3228,32
Tamil Nadu,Thoothukkudi,300,29
Tamil Nadu,Tiruchirappalli,4454,15
Tamil Nadu,Tirunelveli,3068,94
Tamil Nadu,Tiruppur,3036,97
Tamil Nadu,Tiruvallur,2017,121
Tamil Nadu,Tiruvannamalai,750,137
Tamil Nadu,Tiruvarur,0,1
Tamil Nadu,Vellore,4951,761
Tamil Nadu,Villupuram,0,9
Tamil Nadu,Viluppuram,1414,437
Tamil Nadu,Virudhunagar,493,98
Tripura,Dhalai,283,15
Tripura,Gomati,37,14
Tripura,Khowai,14,4
Tripura,North Tripura,257,17
Tripura,Sepahijala,72,2
Tripura,South Tripura,27,3
Tripura,Unakoti,4,0
Tripura,West Tripura,923,11
Uttar Pradesh,Agra,154,40
Uttar Pradesh,Aligarh,445,83
Uttar Pradesh,Allahabad,886,64
Uttar Pradesh,Ambedkar Nagar,52,3
Uttar Pradesh,Amethi,7587,80
Uttar Pradesh,Amroha,1244,281
Uttar Pradesh,Auraiya,27,3
Uttar Pradesh,Azamgarh,689,40
Uttar Pradesh,Baghpat,27,0
Uttar Pradesh,Bahraich,38,0
Uttar Pradesh,Ballia,486,23
Uttar Pradesh,Balrampur,509,47
Uttar Pradesh,Banda,395,17
Uttar Pradesh,Bara Banki,296,48
Uttar Pradesh,Bareilly,1056,240
Uttar Pradesh,Basti,187,66
Uttar Pradesh,Bijnor,2524,138
Uttar Pradesh,Budaun,25,1
Uttar Pradesh,Bulandshahar,1,0
Uttar Pradesh,Bulandshahr,171,12
Uttar Pradesh,Chandauli,404,25
Uttar Pradesh,Chitrakoot,2670,41
Uttar Pradesh,Deoria,105,43
Uttar Pradesh,Etah,28,2
Uttar Pradesh,Etawah,6244,105
Uttar Pradesh,Faizabad,1983,27
Uttar Pradesh,Farrukhabad,1119,6
Uttar Pradesh,Fatehpur,265,14
Uttar Pradesh,Firozabad,14,4
Uttar Pradesh,Gautam Buddha Nagar,289,9
Uttar Pradesh,Ghaziabad,1022,185
Uttar Pradesh,Ghazipur,605,55
Uttar Pradesh,Gonda,560,86
Uttar Pradesh,Gorakhpur,473,83
Uttar Pradesh,Hamirpur,43,0
Uttar Pradesh,Hardoi,34,5
Uttar Pradesh,Hathras,38,0
Uttar Pradesh,Jalaun,144,0
Uttar Pradesh,Jaunpur,106,6
Uttar Pradesh,Jhansi,956,84
Uttar Pradesh,Jyotiba Phule Nagar,1,0
Uttar Pradesh,Kannauj,300,11
Uttar Pradesh,Kanpur Dehat,18,2
Uttar Pradesh,Kanpur Nagar,71,5
Uttar Pradesh,Kasganj,8,0
Uttar Pradesh,Kaushambi,90,6
Uttar Pradesh,Kheri,23,3
Uttar Pradesh,Kushinagar,214,167
Uttar Pradesh,Lalitpur,8,1
Uttar Pradesh,Lucknow,49,5
Uttar Pradesh,Maharajganj,1855,39
Uttar Pradesh,Mahoba,436,62
Uttar Pradesh,Mainpuri,131,67
Uttar Pradesh,Mathura,39,10
Uttar Pradesh,Mau,54,3
Uttar Pradesh,Meerut,305,4
Uttar Pradesh,Mirzapur,101,6
Uttar Pradesh,Moradabad,12,2
Uttar Pradesh,Muzaffarnagar,74,1
Uttar Pradesh,Pilibhit,1057,91
Uttar Pradesh,Pratapgarh,722,11
Uttar Pradesh,Rae Bareli,14313,157
Uttar Pradesh,Raebareli,1,0
Uttar Pradesh,Rampur,14,0
Uttar Pradesh,Saharanpur,196,46
Uttar Pradesh,Sambhal,7,0
Uttar Pradesh,Sant Kabir Nagar,8083,15
Uttar Pradesh,Sant Ravidas Nagar,520,15
Uttar Pradesh,Shahjahanpur,631,23
Uttar Pradesh,Shamli,19,1
Uttar Pradesh,Shrawasti,3574,19
Uttar Pradesh,Siddharthnagar,83,10
Uttar Pradesh,Sitapur,29,6
Uttar Pradesh,Sonbhadra,746,14
Uttar Pradesh,Sultanpur,55,9
Uttar Pradesh,Unnao,32,5
Uttar Pradesh,Varanasi,1626,130
Uttarakhand,Almora,20,5
Uttarakhand,Bageshwar,1716,2
Uttarakhand,Chamoli,10,0
Uttarakhand,Champawat,853,4
Uttarakhand,Dehradun,222,31
Uttarakhand,Haridwar,380,8
Uttarakhand,Nainital,157,44
Uttarakhand,Pauri Garhwal,30,1
Uttarakhand,Pithoragarh,12,2
Uttarakhand,Rudraprayag,10,0
Uttarakhand,Tehri Garhwal,681,20
Uttarakhand,Udham Singh Nagar,157,54
Uttarakhand,Uttarkashi,6,0
West Bengal,Bankura,610,20
West Bengal,Barddhaman,239,34
West Bengal,Bardhaman,45,5
West Bengal,Birbhum,494,87
West Bengal,Cooch Behar,284,21
West Bengal,Dakshin Dinajpur,19,838
West Bengal,Darjeeling,415,13
West Bengal,East Midnapore,209,79
West Bengal,Hooghly,910,58
West Bengal,Howrah,10317,205
West Bengal,Jalpaiguri,1267,67
West Bengal,Kolkata,926,203
West Bengal,Malda,5212,266
West Bengal,Medinipur,101,18
West Bengal,Murshidabad,2013,108
West Bengal,Nadia,479,74
West Bengal,North 24 Parganas,1863,330
West Bengal,North Dinajpur,1,25
West Bengal,Paschim Medinipur,56,1
West Bengal,Purba Medinipur,185,15
West Bengal,Purulia,112,37
West Bengal,Puruliya,489,74
West Bengal,South 24 Parganas,1331,47
West Bengal,South Twenty Four Parganas,273,67
West Bengal,Uttar Dinajpur,493,34
West Bengal,West Midnapore,52,4
