State,District,Aadhaar generated,Enrolment Rejected
Andhra Pradesh,Adilabad,3888,98
Andhra Pradesh,Anantapur,0,3
Andhra Pradesh,Ananthapur,708,185
Andhra Pradesh,Chittoor,250,21
Andhra Pradesh,Cuddapah,338,40
Andhra Pradesh,East Godavari,410,192
Andhra Pradesh,Guntur,791,14
Andhra Pradesh,Hyderabad,1696,273
Andhra Pradesh,K.v. Rangareddy,2122,219
Andhra Pradesh,Karimnagar,4752,118
Andhra Pradesh,Khammam,5398,53
Andhra Pradesh,Krishna,324,34
Andhra Pradesh,Kurnool,15091,573
Andhra Pradesh,Mahabub Nagar,296,5
Andhra Pradesh,Mahabubnagar,10788,311
Andhra Pradesh,Mahbubnagar,113,7
Andhra Pradesh,Medak,10074,56
Andhra Pradesh,Nalgonda,5894,440
Andhra Pradesh,Nellore,1583,6
Andhra Pradesh,Nizamabad,3687,40
Andhra Pradesh,Prakasam,3592,36
Andhra Pradesh,Srikakulam,847,447
Andhra Pradesh,Visakhapatnam,8397,226
Andhra Pradesh,Vizianagaram,555,35
Andhra Pradesh,Warangal,4716,67
Andhra Pradesh,West Godavari,3020,50
Arunachal Pradesh,East Kameng,1,0
Arunachal Pradesh,East Siang,1,0
Arunachal Pradesh,Lower Subansiri,1,0
Arunachal Pradesh,Papum Pare,241,3
Arunachal Pradesh,West Siang,0,1
Assam,Baksa,9,0
Assam,Barpeta,3,0
Assam,Bongaigaon,1,0
Assam,Cachar,9,0
Assam,Chirang,3,0
Assam,Darrang,1,0
Assam,Dhemaji,3,0
Assam,Dhubri,4,0
Assam,Dibrugarh,5,0
Assam,Goalpara,2,0
Assam,Hailakandi,14,0
Assam,Jorhat,2,0
Assam,Kamrup,3,0
Assam,Kamrup Metro,3,0
Assam,Karbi Anglong,1,0
Assam,Karimganj,6,0
Assam,Kokrajhar,2,0
Assam,Lakhimpur,6,0
Assam,Marigaon,3,0
Assam,Nagaon,14,0
Assam,Nalbari,1,0
Assam,North Cachar Hills,1,0
Assam,Sibsagar,3,0
Assam,Sonitpur,13,0
Assam,Tinsukia,0,1
Assam,Udalguri,10,0
Bihar,Araria,35,1
Bihar,Arwal,222,2
Bihar,Aurangabad,52,2
Bihar,Aurangabad(BH),2,0
Bihar,Banka,156,1
Bihar,Begusarai,67,3
Bihar,Bhabua,1,0
Bihar,Bhagalpur,97,2
Bihar,Bhojpur,87,2
Bihar,Buxar,54,0
Bihar,Darbhanga,3028,107
Bihar,East Champaran,107,3
Bihar,Gaya,104,3
Bihar,Gopalganj,3204,52
Bihar,Jamui,529,8
Bihar,Jehanabad,18,3
Bihar,Kaimur (Bhabua),32,1
Bihar,Katihar,3670,7
Bihar,Khagaria,27,0
Bihar,Kishanganj,3479,29
Bihar,Lakhisarai,44,2
Bihar,Madhepura,28,0
Bihar,Madhubani,188,6
Bihar,Munger,55,2
Bihar,Muzaffarpur,112,3
Bihar,Nalanda,2345,26
Bihar,Nawada,66,3
Bihar,Patna,1429,27
Bihar,Purnia,33,0
Bihar,Rohtas,2485,11
Bihar,Saharsa,7162,13
Bihar,Samastipur,103,3
Bihar,Saran,149,2
Bihar,Sheikhpura,135,12
Bihar,Sheohar,712,13
Bihar,Sitamarhi,112,3
Bihar,Siwan,120,3
Bihar,Supaul,27,0
Bihar,Vaishali,997,76
Bihar,West Champaran,78,2
Chandigarh,Chandigarh,196,5
Chhattisgarh,Balod,51,0
Chhattisgarh,Baloda Bazar,0,1
Chhattisgarh,Balrampur,1,0
Chhattisgarh,Bastar,87,0
Chhattisgarh,Bemetara,10,0
Chhattisgarh,Bilaspur,328,0
Chhattisgarh,Dhamtari,952,4
Chhattisgarh,Durg,727,7
Chhattisgarh,Gariyaband ,1,0
Chhattisgarh,Janjgir-champa,151,14
Chhattisgarh,Jashpur,6,0
Chhattisgarh,Kanker,1,0
Chhattisgarh,Korba,4727,6
Chhattisgarh,Koriya,623,6
Chhattisgarh,Mungeli,135,0
Chhattisgarh,Mungeli ,1738,3
Chhattisgarh,Raigarh,5,0
Chhattisgarh,Raipur,8,0
Chhattisgarh,Rajnandgaon,303,3
Chhattisgarh,Surajpur ,2,0
Chhattisgarh,Surguja,4,0
Dadra and Nagar Haveli,Dadra and Nagar Haveli,664,0
Daman and Diu,Daman,32,24
Daman and Diu,Diu,23,1
Delhi,Central Delhi,290,62
Delhi,East Delhi,947,318
Delhi,Najafgarh,11,9
Delhi,New Delhi,71,11
Delhi,North Delhi,217,35
Delhi,North East,10,11
Delhi,North East Delhi,1271,200
Delhi,North West Delhi,1424,380
Delhi,South Delhi,1672,402
Delhi,South West Delhi,1017,280
Delhi,West Delhi,1094,120
Goa,North Goa,515,55
Goa,South Goa,401,9
Gujarat,Ahmadabad,31,1
Gujarat,Ahmedabad,9805,30
Gujarat,Amreli,920,5
Gujarat,Anand,2454,7
Gujarat,Banaskantha,4387,11
Gujarat,Bharuch,4727,21
Gujarat,Bhavnagar,5874,12
Gujarat,Dahod,3036,59
Gujarat,Dohad,190,5
Gujarat,Gandhinagar,739,4
Gujarat,Jamnagar,4003,12
Gujarat,Junagadh,8935,53
Gujarat,Kachchh,2830,17
Gujarat,Kheda,3253,10
Gujarat,Mahesana,496,8
Gujarat,Narmada,442,2
Gujarat,Navsari,3064,9
Gujarat,Panchmahals,985,19
Gujarat,Patan,2403,45
Gujarat,Porbandar,651,9
Gujarat,Rajkot,7086,81
Gujarat,Sabarkantha,1801,50
Gujarat,Surat,13227,58
Gujarat,Surendra Nagar,2227,10
Gujarat,Tapi,1536,6
Gujarat,The Dangs,125,1
Gujarat,Vadodara,9969,198
Gujarat,Valsad,4764,29
Haryana,Ambala,402,30
Haryana,Bhiwani,4137,42
Haryana,Faridabad,3022,72
Haryana,Fatehabad,4721,33
Haryana,Gurgaon,3265,186
Haryana,Hisar,3756,57
Haryana,Jhajjar,2290,16
Haryana,Jind,2058,19
Haryana,Kaithal,1842,16
Haryana,Karnal,2324,66
Haryana,Kurukshetra,1460,18
Haryana,Mahendragarh,2001,20
Haryana,Mewat,5717,82
Haryana,Palwal,1485,32
Haryana,Panchkula,587,16
Haryana,Panipat,1885,18
Haryana,Rewari,2508,37
Haryana,Rohtak,1516,3
Haryana,Sirsa,5254,90
Haryana,Sonipat,590,34
Haryana,Yamuna Nagar,4487,12
Himachal Pradesh,Bilaspur,36,0
Himachal Pradesh,Chamba,119,9
Himachal Pradesh,Hamirpur,20,3
Himachal Pradesh,Kangra,974,14
Himachal Pradesh,Kinnaur,193,5
Himachal Pradesh,Kullu,289,85
Himachal Pradesh,Lahul and Spiti,816,29
Himachal Pradesh,Mandi,83,52
Himachal Pradesh,Shimla,238,18
Himachal Pradesh,Sirmaur,240,33
Himachal Pradesh,Solan,71,5
Himachal Pradesh,Una,53,9
Jammu and Kashmir,Anantnag,5753,35
Jammu and Kashmir,Badgam,35,0
Jammu and Kashmir,Bandipore,51,0
Jammu and Kashmir,Baramula,4,0
Jammu and Kashmir,Baramulla,1,0
Jammu and Kashmir,Doda,646,7
Jammu and Kashmir,Jammu,1548,4
Jammu and Kashmir,Kargil,519,0
Jammu and Kashmir,Kathua,2003,3
Jammu and Kashmir,Kupwara,319,2
Jammu and Kashmir,Leh,972,1
Jammu and Kashmir,Pulwama,4148,107
Jammu and Kashmir,Punch,6,0
Jammu and Kashmir,Rajouri,16,0
Jammu and Kashmir,Reasi,1,0
Jammu and Kashmir,Srinagar,2384,11
Jammu and Kashmir,Udhampur,2289,1
Jharkhand,Bokaro,1189,54
Jharkhand,Chatra,2265,27
Jharkhand,Deoghar,1734,312
Jharkhand,Dhanbad,1400,43
Jharkhand,Dumka,1458,46
Jharkhand,East Singhbhum,4046,53
Jharkhand,Garhwa,3197,118
Jharkhand,Giridih,4954,84
Jharkhand,Godda,1170,13
Jharkhand,Gumla,2031,67
Jharkhand,Hazaribagh,592,145
Jharkhand,Jamtara,1846,43
Jharkhand,Khunti,288,27
Jharkhand,Koderma,1653,17
Jharkhand,Latehar,6164,59
Jharkhand,Lohardaga,239,31
Jharkhand,Pakur,3752,39
Jharkhand,Palamu,6022,91
Jharkhand,Ramgarh,221,31
Jharkhand,Ranchi,918,202
Jharkhand,Sahebganj,2413,55
Jharkhand,Seraikela-Kharsawan,150,57
Jharkhand,Simdega,3154,9
Jharkhand,West Singhbhum,3041,82
Karnataka,Bagalkot,2953,110
Karnataka,Bangalore,9249,244
Karnataka,Bangalore Rural,1365,33
Karnataka,Belgaum,6667,425
Karnataka,Bellary,11924,104
Karnataka,Bidar,4614,140
Karnataka,Bijapur,2972,171
Karnataka,Chamrajanagar,5124,97
Karnataka,Chickmagalur,2065,11
Karnataka,Chikkaballapur,1833,48
Karnataka,Chitradurga,3534,48
Karnataka,Dakshina Kannada,6986,88
Karnataka,Davangere,7301,379
Karnataka,Dharwad,336,100
Karnataka,Gadag,680,53
Karnataka,Gulbarga,3715,42
Karnataka,Hassan,6903,20
Karnataka,Haveri,3646,115
Karnataka,Kodagu,986,13
Karnataka,Kolar,5701,75
Karnataka,Koppal,2081,48
Karnataka,Mandya,2493,9
Karnataka,Mysore,564,27
Karnataka,Raichur,7398,37
Karnataka,Ramanagar,2288,34
Karnataka,Shimoga,7824,41
Karnataka,Tumkur,485,34
Karnataka,Udupi,949,198
Karnataka,Uttara Kannada,7374,9
Karnataka,Yadgir,2528,76
Kerala,Alappuzha,607,48
Kerala,Ernakulam,1088,64
Kerala,Idukki,322,211
Kerala,Kannur,1405,305
Kerala,Kasaragod,704,18
Kerala,Kasargod,3,5
Kerala,Kollam,1034,365
Kerala,Kottayam,719,33
Kerala,Kozhikode,890,31
Kerala,Malappuram,1780,85
Kerala,Palakkad,1114,526
Kerala,Pathanamthitta,231,35
Kerala,Thiruvananthapuram,1858,59
Kerala,Thrissur,1107,38
Kerala,Wayanad,30,2
Lakshadweep,Lakshadweep,7,1
Madhya Pradesh,Alirajpur,373,38
Madhya Pradesh,Anuppur,2331,211
Madhya Pradesh,Ashok Nagar,469,34
Madhya Pradesh,Balaghat,7605,290
Madhya Pradesh,Barwani,593,33
Madhya Pradesh,Betul,4422,92
Madhya Pradesh,Bhind,2367,71
Madhya Pradesh,Bhopal,971,115
Madhya Pradesh,Burhanpur,459,100
Madhya Pradesh,Chhatarpur,4174,108
Madhya Pradesh,Chhindwara,5428,327
Madhya Pradesh,Damoh,2148,95
Madhya Pradesh,Datia,745,14
Madhya Pradesh,Dewas,651,39
Madhya Pradesh,Dhar,2432,231
Madhya Pradesh,Dindori,819,139
Madhya Pradesh,Guna,1444,67
Madhya Pradesh,Gwalior,910,21
Madhya Pradesh,Harda,157,34
Madhya Pradesh,Hoshangabad,467,225
Madhya Pradesh,Indore,1717,62
Madhya Pradesh,Jabalpur,1326,139
Madhya Pradesh,Jhabua,776,229
Madhya Pradesh,Katni,2752,46
Madhya Pradesh,Khandwa,63,30
Madhya Pradesh,Khargone,2983,80
Madhya Pradesh,Mandla,829,54
Madhya Pradesh,Mandsaur,461,4
Madhya Pradesh,Morena,2100,31
Madhya Pradesh,Narsinghpur,2098,150
Madhya Pradesh,Neemuch,41,0
Madhya Pradesh,Panna,1003,47
Madhya Pradesh,Raisen,1094,87
Madhya Pradesh,Rajgarh,373,58
Madhya Pradesh,Ratlam,944,11
Madhya Pradesh,Rewa,1732,225
Madhya Pradesh,Sagar,3301,79
Madhya Pradesh,Satna,1401,79
Madhya Pradesh,Sehore,1055,24
Madhya Pradesh,Seoni,1959,107
Madhya Pradesh,Shahdol,1338,106
Madhya Pradesh,Shajapur,674,40
Madhya Pradesh,Sheopur,38,0
Madhya Pradesh,Shivpuri,1339,79
Madhya Pradesh,Sidhi,1574,64
Madhya Pradesh,Singrauli,1530,62
Madhya Pradesh,Tikamgarh,3074,37
Madhya Pradesh,Ujjain,2181,180
Madhya Pradesh,Umaria,1574,35
Madhya Pradesh,Vidisha,1599,120
Maharashtra,Ahmadnagar,16392,188
Maharashtra,Ahmed Nagar,12,10
Maharashtra,Akola,3880,41
Maharashtra,Amravati,880,116
Maharashtra,Aurangabad,3516,122
Maharashtra,Beed,5824,40
Maharashtra,Bhandara,3316,38
Maharashtra,Buldhana,9609,119
Maharashtra,Chandrapur,3818,60
Maharashtra,Dhule,1942,74
Maharashtra,Gadchiroli,2929,6
Maharashtra,Gondiya,2406,39
Maharashtra,Hingoli,2535,1
Maharashtra,Jalgaon,3522,78
Maharashtra,Jalna,1670,81
Maharashtra,Kolhapur,10948,90
Maharashtra,Latur,1631,75
Maharashtra,Mumbai,2329,135
Maharashtra,Mumbai City,1,0
Maharashtra,Nagpur,9657,501
Maharashtra,Nanded,8221,49
Maharashtra,Nandurbar,1899,49
Maharashtra,Nashik,10330,254
Maharashtra,Osmanabad,2218,75
Maharashtra,Parbhani,5830,36
Maharashtra,Pune,10393,757
Maharashtra,Raigarh,10554,73
Maharashtra,Raigarh(MH),2,0
Maharashtra,Ratnagiri,189,68
Maharashtra,Sangli,4406,44
Maharashtra,Satara,3278,83
Maharashtra,Sindhudurg,730,2
Maharashtra,Solapur,9002,68
Maharashtra,Thane,10940,299
Maharashtra,Wardha,250,34
Maharashtra,Washim,2714,22
Maharashtra,Yavatmal,5856,63
Manipur,Bishnupur,6,0
Manipur,Chandel,21,0
Manipur,Churachandpur,90,0
Manipur,Imphal East,102,0
Manipur,Imphal West,132,0
Manipur,Senapati,4,0
Manipur,Tamenglong,5,0
Manipur,Thoubal,36,0
Manipur,Ukhrul,2,0
Meghalaya,East Khasi Hills,20,1
Mizoram,Kolasib,1,0
Mizoram,Lunglei,1,0
Mizoram,Mammit,1,0
Nagaland,Dimapur,93,0
Nagaland,Kiphire,3,0
Nagaland,Kohima,40,0
Nagaland,Mokokchung,127,0
Nagaland,Mon,92,0
Nagaland,Phek,14,0
Nagaland,Tuensang,40,0
Nagaland,Wokha,35,0
Nagaland,Zunheboto,406,0
Odisha,Angul,5,1
Odisha,Anugul,3136,70
Odisha,Balangir,40,6
Odisha,Baleswar,836,45
Odisha,Bargarh,3944,328
Odisha,Bhadrak,895,10
Odisha,Cuttack,46,20
Odisha,Debagarh,4,0
Odisha,Dhenkanal,11985,538
Odisha,Gajapati,3703,123
Odisha,Ganjam,1297,20
Odisha,Jagatsinghapur,1583,3
Odisha,Jajapur,561,4
Odisha,Jharsuguda,1,1
Odisha,Kalahandi,5,0
Odisha,Kandhamal,874,259
Odisha,Kendrapara,2593,106
Odisha,Kendujhar,924,18
Odisha,Khorda,86,4
Odisha,Khordha,75,74
Odisha,Koraput,641,5
Odisha,Malkangiri,2,0
Odisha,Mayurbhanj,1544,377
Odisha,Nabarangapur,1389,4
Odisha,Nayagarh,394,2
Odisha,Puri,81,126
Odisha,Rayagada,2,1
Odisha,Sambalpur,317,15
Odisha,Sonapur,80,3
Odisha,Sundergarh,1259,139
Others,Others,761,6349
Puducherry,Karaikal,751,55
Puducherry,Pondicherry,1,6
Puducherry,Puducherry,99,24
Puducherry,Yanam,0,1
Punjab,Amritsar,5236,194
Punjab,Barnala,47,12
Punjab,Bathinda,526,38
Punjab,Faridkot,195,1
Punjab,Fatehgarh Sahib,128,6
Punjab,Fazilka,318,44
Punjab,Ferozepur,710,14
Punjab,Gurdaspur,681,109
Punjab,Hoshiarpur,1039,65
Punjab,Jalandhar,1557,73
Punjab,Kapurthala,1382,37
Punjab,Ludhiana,4385,211
Punjab,Mansa,730,26
Punjab,Moga,546,29
Punjab,Muktsar,15,0
Punjab,Pathankot,219,42
Punjab,Patiala,1594,95
Punjab,Rupnagar,1249,29
Punjab,SAS Nagar (Mohali),1519,133
Punjab,Sangrur,1163,65
Punjab,Shaheed Bhagat Singh Nagar,170,5
Punjab,Sri Muktsar Sahib,423,7
Punjab,Tarn Taran,2341,94
Rajasthan,Ajmer,860,79
Rajasthan,Alwar,1412,97
Rajasthan,Banswara,2976,68
Rajasthan,Baran,1225,24
Rajasthan,Barmer,2420,232
Rajasthan,Bharatpur,3119,44
Rajasthan,Bhilwara,2726,89
Rajasthan,Bikaner,1337,102
Rajasthan,Bundi,1299,28
Rajasthan,Chittorgarh,4521,138
Rajasthan,Churu,2539,45
Rajasthan,Dausa,590,353
Rajasthan,Dholpur,1985,143
Rajasthan,Dungarpur,2012,11
Rajasthan,Ganganagar,7045,35
Rajasthan,Hanumangarh,2710,20
Rajasthan,Jaipur,8022,288
Rajasthan,Jaisalmer,970,18
Rajasthan,Jalor,2159,99
Rajasthan,Jhalawar,1113,22
Rajasthan,Jhunjhunu,52,0
Rajasthan,Jhunjhunun,1771,36
Rajasthan,Jodhpur,5313,128
Rajasthan,Karauli,4011,19
Rajasthan,Kota,1017,47
Rajasthan,Nagaur,2414,91
Rajasthan,Pali,2850,206
Rajasthan,Pratapgarh,2622,89
Rajasthan,Rajsamand,1258,100
Rajasthan,Sawai Madhopur,4158,73
Rajasthan,Sikar,2587,84
Rajasthan,Sirohi,766,83
Rajasthan,Tonk,1855,25
Rajasthan,Udaipur,1241,220
Sikkim,East Sikkim,75,2
Sikkim,North Sikkim,41,0
Sikkim,South Sikkim,61,0
Sikkim,West Sikkim,464,0
Tamil Nadu,Ariyalur,839,4
Tamil Nadu,Chennai,8631,26
Tamil Nadu,Coimbatore,14729,41
Tamil Nadu,Cuddalore,211,4
Tamil Nadu,Dharmapuri,2015,11
Tamil Nadu,Dindigul,4898,30
Tamil Nadu,Erode,5760,34
Tamil Nadu,Kancheepuram,19916,69
Tamil Nadu,Kanchipuram,1,2
Tamil Nadu,Kanniyakumari,373,0
Tamil Nadu,Kanyakumari,1,0
Tamil Nadu,Karur,38,24
Tamil Nadu,Krishnagiri,1640,21
Tamil Nadu,Madurai,581,5
Tamil Nadu,Nagapattinam,181,1
Tamil Nadu,Namakkal,429,2
Tamil Nadu,Perambalur,3,0
Tamil Nadu,Pudukkottai,83,9
Tamil Nadu,Ramanathapuram,307,2
Tamil Nadu,Salem,3972,283
Tamil Nadu,Sivaganga,122,7
Tamil Nadu,Thanjavur,512,5
Tamil Nadu,The Nilgiris,4702,8
Tamil Nadu,Theni,284,5
Tamil Nadu,Thiruvarur,1072,5
Tamil Nadu,Thoothukkudi,2150,6
Tamil Nadu,Tiruchirappalli,448,2
Tamil Nadu,Tirunelveli,10911,41
Tamil Nadu,Tiruppur,9653,30
Tamil Nadu,Tiruvallur,7882,52
Tamil Nadu,Tiruvannamalai,1509,13
Tamil Nadu,Vellore,3081,35
Tamil Nadu,Villupuram,0,5
Tamil Nadu,Viluppuram,1626,19
Tamil Nadu,Virudhunagar,1508,16
Tripura,Dhalai,21,0
Tripura,Gomati,19,0
Tripura,Khowai,52,0
Tripura,North Tripura,30,6
Tripura,Sepahijala,10,1
Tripura,West Tripura,62,1
Uttar Pradesh,Agra,397,1
Uttar Pradesh,Aligarh,1111,3
Uttar Pradesh,Allahabad,1638,15
Uttar Pradesh,Ambedkar Nagar,68,0
Uttar Pradesh,Amethi,6722,29
Uttar Pradesh,Amroha,3622,103
Uttar Pradesh,Auraiya,31,2
Uttar Pradesh,Azamgarh,1105,16
Uttar Pradesh,Baghpat,36,0
Uttar Pradesh,Bahraich,127,0
Uttar Pradesh,Ballia,1823,9
Uttar Pradesh,Balrampur,1127,1
Uttar Pradesh,Banda,4526,8
Uttar Pradesh,Bara Banki,279,3
Uttar Pradesh,Bareilly,3734,7
Uttar Pradesh,Basti,489,2
Uttar Pradesh,Bijnor,1713,31
Uttar Pradesh,Budaun,27,2
Uttar Pradesh,Bulandshahr,1826,3
Uttar Pradesh,Chandauli,2027,11
Uttar Pradesh,Chitrakoot,688,7
Uttar Pradesh,Deoria,4317,6
Uttar Pradesh,Etah,33,0
Uttar Pradesh,Etawah,1293,26
Uttar Pradesh,Faizabad,2539,141
Uttar Pradesh,Farrukhabad,1257,2
Uttar Pradesh,Fatehpur,622,0
Uttar Pradesh,Firozabad,42,2
Uttar Pradesh,Gautam Buddha Nagar,657,10
Uttar Pradesh,Ghaziabad,1024,236
Uttar Pradesh,Ghazipur,4388,122
Uttar Pradesh,Gonda,1193,7
Uttar Pradesh,Gorakhpur,4684,13
Uttar Pradesh,Hamirpur,8,0
Uttar Pradesh,Hardoi,297,2
Uttar Pradesh,Hathras,37,1
Uttar Pradesh,Jalaun,104,2
Uttar Pradesh,Jaunpur,168,0
Uttar Pradesh,Jhansi,1803,12
Uttar Pradesh,Kannauj,1156,3
Uttar Pradesh,Kanpur Dehat,26,0
Uttar Pradesh,Kanpur Nagar,337,4
Uttar Pradesh,Kasganj,15,2
Uttar Pradesh,Kaushambi,232,0
Uttar Pradesh,Kheri,21,0
Uttar Pradesh,Kushinagar,2965,25
Uttar Pradesh,Lalitpur,7,0
Uttar Pradesh,Lucknow,806,10
Uttar Pradesh,Maharajganj,8923,18
Uttar Pradesh,Mahoba,503,5
Uttar Pradesh,Mainpuri,131,8
Uttar Pradesh,Mathura,450,4
Uttar Pradesh,Mau,65,0
Uttar Pradesh,Meerut,3008,5
Uttar Pradesh,Mirzapur,214,12
Uttar Pradesh,Moradabad,31,1
Uttar Pradesh,Muzaffarnagar,197,0
Uttar Pradesh,Pilibhit,1989,5
Uttar Pradesh,Pratapgarh,2534,6
Uttar Pradesh,Rae Bareli,5897,76
Uttar Pradesh,Rampur,9,0
Uttar Pradesh,Saharanpur,5344,5
Uttar Pradesh,Sambhal,14,0
Uttar Pradesh,Sant Kabir Nagar,960,13
Uttar Pradesh,Sant Ravidas Nagar,963,4
Uttar Pradesh,Shahjahanpur,2207,10
Uttar Pradesh,Shamli,1098,0
Uttar Pradesh,Shrawasti,847,2
Uttar Pradesh,Siddharthnagar,178,0
Uttar Pradesh,Sitapur,27,0
Uttar Pradesh,Sonbhadra,741,1
Uttar Pradesh,Sultanpur,63,0
Uttar Pradesh,Unnao,60,0
Uttar Pradesh,Varanasi,6011,298
Uttarakhand,Almora,28,1
Uttarakhand,Bageshwar,55,0
Uttarakhand,Chamoli,12,0
Uttarakhand,Champawat,501,6
Uttarakhand,Dehradun,3809,16
Uttarakhand,Garhwal,1,0
Uttarakhand,Haridwar,1899,0
Uttarakhand,Nainital,70,0
Uttarakhand,Pauri Garhwal,44,1
Uttarakhand,Pithoragarh,12,0
Uttarakhand,Rudraprayag,11,0
Uttarakhand,Tehri Garhwal,667,4
Uttarakhand,Udham Singh Nagar,113,0
Uttarakhand,Uttarkashi,7,0
West Bengal,Bankura,533,1
West Bengal,Barddhaman,4461,253
West Bengal,Bardhaman,447,1214
West Bengal,Birbhum,3290,32
West Bengal,Cooch Behar,6072,4
West Bengal,Dakshin Dinajpur,825,0
West Bengal,Darjeeling,4277,4
West Bengal,East Midnapore,6603,2579
West Bengal,Hooghly,10266,19
West Bengal,Howrah,6620,36
West Bengal,Jalpaiguri,11377,26
West Bengal,Kolkata,1847,21
West Bengal,Malda,5857,20
West Bengal,Medinipur,254,77
West Bengal,Murshidabad,8654,18
West Bengal,Nadia,6037,49
West Bengal,North 24 Parganas,1238,334
West Bengal,North Dinajpur,112,0
West Bengal,Paschim Medinipur,4446,5
West Bengal,Purba Medinipur,931,1
West Bengal,Purulia,574,0
West Bengal,Puruliya,5343,7
West Bengal,South 24 Parganas,10550,20
West Bengal,South Dinajpur,9,0
West Bengal,South Twenty Four Parganas,537,6
West Bengal,Uttar Dinajpur,5494,9
West Bengal,West Midnapore,76,43
