State,District,Aadhaar generated,Enrolment Rejected
Andaman and Nicobar Islands,North And Middle Andaman,2,0
Andaman and Nicobar Islands,South Andaman,3,0
Andhra Pradesh,Adilabad,1913,718
Andhra Pradesh,Anantapur,0,90
Andhra Pradesh,Ananthapur,241,2210
Andhra Pradesh,Chittoor,236,828
Andhra Pradesh,Cuddapah,144,1111
Andhra Pradesh,East Godavari,306,1378
Andhra Pradesh,Guntur,194,741
Andhra Pradesh,Hyderabad,1165,1007
Andhra Pradesh,K.V.Rangareddy,0,20
Andhra Pradesh,K.v. Rangareddy,1542,1576
Andhra Pradesh,Karim Nagar,0,3
Andhra Pradesh,Karimnagar,3283,162
Andhra Pradesh,Khammam,814,124
Andhra Pradesh,Krishna,211,334
Andhra Pradesh,Kurnool,3771,4258
Andhra Pradesh,Mahabub Nagar,43,12
Andhra Pradesh,Mahabubnagar,3717,273
Andhra Pradesh,Mahbubnagar,6,2
Andhra Pradesh,Medak,1773,195
Andhra Pradesh,Nalgonda,2687,3824
Andhra Pradesh,Nellore,548,304
Andhra Pradesh,Nizamabad,883,780
Andhra Pradesh,Prakasam,1401,691
Andhra Pradesh,Srikakulam,216,525
Andhra Pradesh,Visakhapatnam,8516,772
Andhra Pradesh,Vizianagaram,451,101
Andhra Pradesh,Warangal,2501,880
Andhra Pradesh,West Godavari,666,420
Arunachal Pradesh,Lohit,2,0
Arunachal Pradesh,Papum Pare,1,0
Arunachal Pradesh,Upper Subansiri,2,0
Assam,Baksa,5,1
Assam,Barpeta,7,0
Assam,Bongaigaon,3,0
Assam,Cachar,12,0
Assam,Chirang,2,0
Assam,Dhemaji,1,0
Assam,Dhubri,3,0
Assam,Dibrugarh,1,0
Assam,Golaghat,3,0
Assam,Hailakandi,3,0
Assam,Jorhat,3,0
Assam,Kamrup,11,0
Assam,Kamrup Metro,2,0
Assam,Karbi Anglong,1,0
Assam,Karimganj,10,0
Assam,Lakhimpur,1,0
Assam,Marigaon,3,0
Assam,Nagaon,8,0
Assam,Nalbari,2,0
Assam,Sibsagar,1,0
Assam,Sonitpur,2,1
Assam,Tinsukia,2,0
Assam,Udalguri,4,1
Bihar,Araria,28,2
Bihar,Arwal,1709,103
Bihar,Aurangabad,59,6
Bihar,Aurangabad(BH),1,0
Bihar,Banka,35,3
Bihar,Begusarai,66,2
Bihar,Bhagalpur,39,1
Bihar,Bhojpur,82,3
Bihar,Buxar,49,2
Bihar,Darbhanga,2106,35
Bihar,East Champaran,94,1
Bihar,Gaya,108,7
Bihar,Gopalganj,1498,116
Bihar,Jamui,119,9
Bihar,Jehanabad,12,1
Bihar,Kaimur (Bhabua),22,1
Bihar,Katihar,5346,2
Bihar,Khagaria,33,1
Bihar,Kishanganj,472,2
Bihar,Lakhisarai,14,2
Bihar,Madhepura,10,5
Bihar,Madhubani,121,3
Bihar,Munger,27,1
Bihar,Muzaffarpur,77,1
Bihar,Nalanda,5172,41
Bihar,Nawada,42,1
Bihar,Patna,2386,9
Bihar,Purnia,37,1
Bihar,Rohtas,881,8
Bihar,Saharsa,167,4
Bihar,Samastipur,78,5
Bihar,Saran,125,7
Bihar,Sheikhpura,560,73
Bihar,Sheohar,2399,97
Bihar,Sitamarhi,62,8
Bihar,Siwan,76,1
Bihar,Supaul,21,3
Bihar,Vaishali,420,9
Bihar,West Champaran,78,0
Chandigarh,Chandigarh,162,55
Chhattisgarh,Balod,100,0
Chhattisgarh,Baloda Bazar,7,0
Chhattisgarh,Bastar,241,0
Chhattisgarh,Bemetara,31,3
Chhattisgarh,Bilaspur,24,0
Chhattisgarh,Dhamtari,2296,325
Chhattisgarh,Durg,257,3
Chhattisgarh,Janjgir-champa,801,10
Chhattisgarh,Jashpur,4,0
Chhattisgarh,Kanker,2,0
Chhattisgarh,Kawardha,1,0
Chhattisgarh,Korba,134,2
Chhattisgarh,Koriya,1020,104
Chhattisgarh,Mungeli,572,1
Chhattisgarh,Mungeli ,261,2
Chhattisgarh,Narayanpur,1,0
Chhattisgarh,Raigarh,15,1
Chhattisgarh,Raipur,13,1
Chhattisgarh,Rajnandgaon,1630,7
Chhattisgarh,Surajpur ,1,0
Chhattisgarh,Surguja,1,0
Dadra and Nagar Haveli,Dadra and Nagar Haveli,692,23
Daman and Diu,Daman,32,9
Daman and Diu,Diu,6,3
Delhi,Central Delhi,403,260
Delhi,East Delhi,699,530
Delhi,Najafgarh,20,10
Delhi,New Delhi,30,16
Delhi,North Delhi,322,186
Delhi,North East,86,224
Delhi,North East Delhi,1175,767
Delhi,North West Delhi,1750,1723
Delhi,South Delhi,1613,552
Delhi,South West Delhi,609,359
Delhi,West Delhi,927,1126
Goa,North Goa,208,148
Goa,South Goa,132,28
Gujarat,Ahmadabad,35,1
Gujarat,Ahmedabad,5817,118
Gujarat,Amreli,912,22
Gujarat,Anand,2779,105
Gujarat,Banaskantha,15322,33
Gujarat,Bharuch,2754,29
Gujarat,Bhavnagar,2493,95
Gujarat,Dahod,3712,30
Gujarat,Dohad,775,11
Gujarat,Gandhinagar,603,28
Gujarat,Jamnagar,3277,8
Gujarat,Junagadh,11612,238
Gujarat,Kachchh,2570,25
Gujarat,Kheda,3887,64
Gujarat,Mahesana,1250,128
Gujarat,Narmada,1536,32
Gujarat,Navsari,7422,35
Gujarat,Panchmahals,7463,59
Gujarat,Patan,1038,85
Gujarat,Porbandar,187,32
Gujarat,Rajkot,14537,348
Gujarat,Sabarkantha,2598,97
Gujarat,Surat,7913,261
Gujarat,Surendra Nagar,10660,85
Gujarat,Tapi,2754,28
Gujarat,The Dangs,187,4
Gujarat,Vadodara,2549,90
Gujarat,Valsad,3706,63
Haryana,Ambala,484,147
Haryana,Bhiwani,2205,46
Haryana,Faridabad,3905,86
Haryana,Fatehabad,3501,35
Haryana,Gurgaon,2581,110
Haryana,Hisar,1732,50
Haryana,Jhajjar,2605,36
Haryana,Jind,2037,20
Haryana,Kaithal,2320,96
Haryana,Karnal,1708,101
Haryana,Kurukshetra,848,18
Haryana,Mahendragarh,1463,22
Haryana,Mewat,1187,17
Haryana,Palwal,1360,49
Haryana,Panchkula,642,23
Haryana,Panipat,1413,36
Haryana,Rewari,1509,26
Haryana,Rohtak,1275,9
Haryana,Sirsa,5890,66
Haryana,Sonipat,756,177
Haryana,Yamuna Nagar,1428,25
Himachal Pradesh,Bilaspur,24,48
Himachal Pradesh,Chamba,240,63
Himachal Pradesh,Hamirpur,38,30
Himachal Pradesh,Kangra,703,134
Himachal Pradesh,Kinnaur,100,0
Himachal Pradesh,Kullu,227,245
Himachal Pradesh,Lahul and Spiti,6,1
Himachal Pradesh,Mandi,142,181
Himachal Pradesh,Shimla,676,211
Himachal Pradesh,Sirmaur,596,137
Himachal Pradesh,Solan,281,195
Himachal Pradesh,Una,25,66
Jammu and Kashmir,Anantnag,311,4
Jammu and Kashmir,Badgam,1,0
Jammu and Kashmir,Bandipore,1157,1
Jammu and Kashmir,Baramula,1,0
Jammu and Kashmir,Doda,1809,2
Jammu and Kashmir,Jammu,261,3
Jammu and Kashmir,Kargil,7992,2
Jammu and Kashmir,Kathua,1437,0
Jammu and Kashmir,Kupwara,6936,0
Jammu and Kashmir,Leh,6391,1
Jammu and Kashmir,Poonch,1,0
Jammu and Kashmir,Pulwama,60,0
Jammu and Kashmir,Punch,1,0
Jammu and Kashmir,Rajouri,4,0
Jammu and Kashmir,Srinagar,5424,1
Jammu and Kashmir,Udhampur,30,1
Jharkhand,Bokaro,806,743
Jharkhand,Chatra,1441,158
Jharkhand,Deoghar,594,369
Jharkhand,Dhanbad,1074,286
Jharkhand,Dumka,420,421
Jharkhand,East Singhbhum,2606,372
Jharkhand,Garhwa,604,186
Jharkhand,Giridih,1042,507
Jharkhand,Godda,594,402
Jharkhand,Gumla,385,162
Jharkhand,Hazaribag,2,1
Jharkhand,Hazaribagh,327,349
Jharkhand,Jamtara,1511,128
Jharkhand,Khunti,597,376
Jharkhand,Kodarma,0,7
Jharkhand,Koderma,1600,66
Jharkhand,Latehar,1305,123
Jharkhand,Lohardaga,202,169
Jharkhand,Pakaur,0,2
Jharkhand,Pakur,681,237
Jharkhand,Palamau,0,4
Jharkhand,Palamu,1243,137
Jharkhand,Ramgarh,264,211
Jharkhand,Ranchi,1133,563
Jharkhand,Sahebganj,746,193
Jharkhand,Seraikela-Kharsawan,247,265
Jharkhand,Simdega,677,123
Jharkhand,West Singhbhum,2951,365
Karnataka,Bagalkot,2205,32
Karnataka,Bangalore,6172,613
Karnataka,Bangalore Rural,2749,354
Karnataka,Belgaum,5320,886
Karnataka,Bellary,5767,158
Karnataka,Bidar,718,150
Karnataka,Bijapur,2218,192
Karnataka,Bijapur(KAR),0,1
Karnataka,Chamrajanagar,1192,36
Karnataka,Chickmagalur,877,35
Karnataka,Chikkaballapur,2655,203
Karnataka,Chitradurga,4011,332
Karnataka,Dakshina Kannada,5709,252
Karnataka,Davangere,313,1899
Karnataka,Dharwad,301,2033
Karnataka,Gadag,786,280
Karnataka,Gulbarga,576,128
Karnataka,Hassan,3528,59
Karnataka,Haveri,123,67
Karnataka,Kodagu,90,16
Karnataka,Kolar,2320,209
Karnataka,Koppal,713,22
Karnataka,Mandya,2135,48
Karnataka,Mysore,292,254
Karnataka,Raichur,3093,61
Karnataka,Ramanagar,1890,86
Karnataka,Shimoga,2629,62
Karnataka,Tumkur,445,353
Karnataka,Udupi,2232,734
Karnataka,Uttara Kannada,2462,182
Karnataka,Yadgir,2434,299
Kerala,Alappuzha,399,511
Kerala,Ernakulam,1141,555
Kerala,Idukki,216,104
Kerala,Kannur,1089,504
Kerala,Kasaragod,529,465
Kerala,Kasargod,69,53
Kerala,Kollam,957,1069
Kerala,Kottayam,1014,117
Kerala,Kozhikode,807,561
Kerala,Malappuram,1365,638
Kerala,Palakkad,951,266
Kerala,Pathanamthitta,169,63
Kerala,Thiruvananthapuram,1134,803
Kerala,Thrissur,1017,557
Kerala,Wayanad,51,610
Lakshadweep,Lakshadweep,7,0
Madhya Pradesh,Alirajpur,2164,171
Madhya Pradesh,Anuppur,3718,154
Madhya Pradesh,Ashok Nagar,398,40
Madhya Pradesh,Balaghat,6353,108
Madhya Pradesh,Barwani,640,33
Madhya Pradesh,Betul,2641,58
Madhya Pradesh,Bhind,625,98
Madhya Pradesh,Bhopal,1714,808
Madhya Pradesh,Burhanpur,538,446
Madhya Pradesh,Chhatarpur,3377,118
Madhya Pradesh,Chhindwara,3291,112
Madhya Pradesh,Damoh,3285,150
Madhya Pradesh,Datia,1483,125
Madhya Pradesh,Dewas,522,37
Madhya Pradesh,Dhar,3292,339
Madhya Pradesh,Dindori,2059,58
Madhya Pradesh,Guna,986,277
Madhya Pradesh,Gwalior,763,95
Madhya Pradesh,Harda,308,307
Madhya Pradesh,Hoshangabad,381,1039
Madhya Pradesh,Indore,2068,357
Madhya Pradesh,Jabalpur,2727,1710
Madhya Pradesh,Jhabua,1443,191
Madhya Pradesh,Katni,1646,168
Madhya Pradesh,Khandwa,723,136
Madhya Pradesh,Khargone,3401,246
Madhya Pradesh,Mandla,1761,68
Madhya Pradesh,Mandsaur,333,22
Madhya Pradesh,Morena,3294,44
Madhya Pradesh,Narsinghpur,4017,139
Madhya Pradesh,Neemuch,22,1
Madhya Pradesh,Panna,1542,60
Madhya Pradesh,Raisen,2052,161
Madhya Pradesh,Rajgarh,396,177
Madhya Pradesh,Ratlam,767,20
Madhya Pradesh,Rewa,4053,401
Madhya Pradesh,Sagar,3374,339
Madhya Pradesh,Satna,2417,410
Madhya Pradesh,Sehore,1063,129
Madhya Pradesh,Seoni,1394,105
Madhya Pradesh,Shahdol,2451,113
Madhya Pradesh,Shajapur,373,43
Madhya Pradesh,Sheopur,299,21
Madhya Pradesh,Shivpuri,996,73
Madhya Pradesh,Sidhi,1873,97
Madhya Pradesh,Singrauli,2520,52
Madhya Pradesh,Tikamgarh,1557,20
Madhya Pradesh,Ujjain,1392,499
Madhya Pradesh,Umaria,1522,45
Madhya Pradesh,Vidisha,1209,301
Maharashtra,Ahmadnagar,6171,1334
Maharashtra,Ahmed Nagar,1,361
Maharashtra,Akola,1808,121
Maharashtra,Amravati,1270,1035
Maharashtra,Aurangabad,5060,1852
Maharashtra,Beed,4096,119
Maharashtra,Bhandara,2536,2160
Maharashtra,Buldhana,7799,178
Maharashtra,Chandrapur,7092,368
Maharashtra,Dhule,3167,459
Maharashtra,Gadchiroli,3080,32
Maharashtra,Gondia,0,2
Maharashtra,Gondiya,2022,952
Maharashtra,Hingoli,1002,10
Maharashtra,Jalgaon,3523,1943
Maharashtra,Jalna,2112,1694
Maharashtra,Kolhapur,13552,512
Maharashtra,Latur,1758,591
Maharashtra,Mumbai,6068,1118
Maharashtra,Mumbai City,0,1
Maharashtra,Mumbai( Sub Urban ),1,0
Maharashtra,Nagpur,4504,5600
Maharashtra,Nanded,5479,118
Maharashtra,Nandurbar,1204,507
Maharashtra,Nashik,14874,922
Maharashtra,Osmanabad,5028,176
Maharashtra,Parbhani,1992,52
Maharashtra,Pune,9521,2337
Maharashtra,Raigarh,6482,35
Maharashtra,Raigarh(MH),5,0
Maharashtra,Ratnagiri,657,126
Maharashtra,Sangli,8318,534
Maharashtra,Satara,10821,168
Maharashtra,Sindhudurg,1264,21
Maharashtra,Solapur,3814,88
Maharashtra,Thane,9988,1463
Maharashtra,Wardha,111,328
Maharashtra,Washim,1640,50
Maharashtra,Yavatmal,6928,384
Manipur,Bishnupur,1,0
Manipur,Chandel,1,0
Manipur,Churachandpur,2,0
Manipur,Imphal East,154,0
Manipur,Imphal West,4,0
Manipur,Senapati,1,1
Manipur,Thoubal,0,1
Meghalaya,East Khasi Hills,4,0
Mizoram,Aizawl,6,1
Nagaland,Dimapur,17,2
Nagaland,Kohima,5,4
Nagaland,Mokokchung,12,2
Nagaland,Mon,2,0
Nagaland,Phek,3,0
Nagaland,Wokha,8,0
Nagaland,Zunheboto,14,30
Odisha,Angul,5,0
Odisha,Anugul,15951,258
Odisha,Balangir,19,77
Odisha,Baleswar,149,450
Odisha,Bargarh,33,105
Odisha,Bhadrak,65,6590
Odisha,Boudh,2,0
Odisha,Cuttack,34,248
Odisha,Debagarh,2163,12
Odisha,Dhenkanal,6292,11
Odisha,Gajapati,12425,30
Odisha,Ganjam,349,99
Odisha,Jagatsinghapur,175,372
Odisha,Jajapur,1037,419
Odisha,Jharsuguda,2,0
Odisha,Kalahandi,3,0
Odisha,Kandhamal,4668,1462
Odisha,Kendrapara,619,414
Odisha,Kendujhar,1164,2628
Odisha,Khorda,16,3
Odisha,Khordha,19,389
Odisha,Koraput,13595,93
Odisha,Malkangiri,1,0
Odisha,Mayurbhanj,8539,1763
Odisha,Nabarangapur,6184,2
Odisha,Nayagarh,10741,143
Odisha,Nuapada,1,0
Odisha,Puri,57,685
Odisha,Sambalpur,307,7
Odisha,Sonapur,21,7
Odisha,Sundergarh,75,2
Others,Others,5615,1896
Puducherry,Karaikal,512,1
Puducherry,Pondicherry,1,7
Puducherry,Puducherry,67,176
Puducherry,Yanam,0,73
Punjab,Amritsar,3530,166
Punjab,Barnala,158,69
Punjab,Bathinda,665,328
Punjab,Faridkot,289,55
Punjab,Fatehgarh Sahib,159,48
Punjab,Fazilka,536,128
Punjab,Ferozepur,577,50
Punjab,Gurdaspur,670,329
Punjab,Hoshiarpur,887,56
Punjab,Jalandhar,1015,329
Punjab,Kapurthala,298,38
Punjab,Ludhiana,3431,689
Punjab,Mansa,806,24
Punjab,Moga,390,58
Punjab,Muktsar,1,4
Punjab,Pathankot,156,92
Punjab,Patiala,2509,155
Punjab,Rupnagar,349,29
Punjab,SAS Nagar (Mohali),1359,30
Punjab,Sangrur,3016,75
Punjab,Shaheed Bhagat Singh Nagar,59,11
Punjab,Sri Muktsar Sahib,509,41
Punjab,Tarn Taran,804,58
Rajasthan,Ajmer,536,341
Rajasthan,Alwar,1526,602
Rajasthan,Banswara,4716,51
Rajasthan,Baran,437,70
Rajasthan,Barmer,2285,464
Rajasthan,Bharatpur,2433,77
Rajasthan,Bhilwara,2921,75
Rajasthan,Bikaner,1295,484
Rajasthan,Bundi,3219,61
Rajasthan,Chittorgarh,2780,37
Rajasthan,Churu,906,264
Rajasthan,Dausa,481,136
Rajasthan,Dholpur,1331,46
Rajasthan,Dungarpur,2349,10
Rajasthan,Ganganagar,5743,72
Rajasthan,Hanumangarh,1190,33
Rajasthan,Jaipur,4672,230
Rajasthan,Jaisalmer,424,23
Rajasthan,Jalor,1607,533
Rajasthan,Jhalawar,1019,52
Rajasthan,Jhunjhunu,47,58
Rajasthan,Jhunjhunun,957,396
Rajasthan,Jodhpur,3254,216
Rajasthan,Karauli,1257,16
Rajasthan,Kota,922,531
Rajasthan,Nagaur,3724,284
Rajasthan,Pali,3281,798
Rajasthan,Pratapgarh,736,45
Rajasthan,Rajsamand,771,215
Rajasthan,Sawai Madhopur,1483,55
Rajasthan,Sikar,2195,183
Rajasthan,Sirohi,495,116
Rajasthan,Tonk,881,74
Rajasthan,Udaipur,552,190
Sikkim,East Sikkim,37,14
Sikkim,North Sikkim,17,9
Sikkim,South Sikkim,13,9
Sikkim,West Sikkim,19,3
Tamil Nadu,Ariyalur,843,71
Tamil Nadu,Chennai,11143,112
Tamil Nadu,Coimbatore,15038,103
Tamil Nadu,Cuddalore,3056,2
Tamil Nadu,Dharmapuri,2220,3
Tamil Nadu,Dindigul,409,28
Tamil Nadu,Erode,994,82
Tamil Nadu,Kancheepuram,7974,43
Tamil Nadu,Kanchipuram,2,0
Tamil Nadu,Kanniyakumari,3308,28
Tamil Nadu,Kanyakumari,7,0
Tamil Nadu,Karur,618,30
Tamil Nadu,Krishnagiri,1257,24
Tamil Nadu,Madurai,484,23
Tamil Nadu,Nagapattinam,242,6
Tamil Nadu,Namakkal,3000,3
Tamil Nadu,Perambalur,0,2
Tamil Nadu,Pudukkottai,627,8
Tamil Nadu,Ramanathapuram,1041,236
Tamil Nadu,Salem,8664,29
Tamil Nadu,Sivaganga,715,38
Tamil Nadu,Thanjavur,241,21
Tamil Nadu,The Nilgiris,4109,2
Tamil Nadu,Theni,240,22
Tamil Nadu,Thiruvarur,558,9
Tamil Nadu,Thoothukkudi,233,9
Tamil Nadu,Tiruchirappalli,1107,149
Tamil Nadu,Tirunelveli,2939,26
Tamil Nadu,Tiruppur,8307,42
Tamil Nadu,Tiruvallur,7009,66
Tamil Nadu,Tiruvannamalai,522,70
Tamil Nadu,Vellore,4211,73
Tamil Nadu,Viluppuram,2982,60
Tamil Nadu,Virudhunagar,69,15
Tripura,Dhalai,122,15
Tripura,Gomati,18,1
Tripura,Khowai,35,4
Tripura,North Tripura,190,47
Tripura,Sepahijala,19,0
Tripura,South Tripura,5,24
Tripura,Unakoti,16,0
Tripura,West Tripura,292,63
Uttar Pradesh,Agra,148,2
Uttar Pradesh,Aligarh,268,23
Uttar Pradesh,Allahabad,2684,16
Uttar Pradesh,Ambedkar Nagar,63,1
Uttar Pradesh,Amethi,3506,150
Uttar Pradesh,Amroha,3171,31
Uttar Pradesh,Auraiya,17,2
Uttar Pradesh,Azamgarh,263,25
Uttar Pradesh,Baghpat,21,0
Uttar Pradesh,Bahraich,41,1
Uttar Pradesh,Ballia,279,18
Uttar Pradesh,Balrampur,14837,25
Uttar Pradesh,Banda,4245,10
Uttar Pradesh,Bara Banki,136,25
Uttar Pradesh,Barabanki,0,1
Uttar Pradesh,Bareilly,4798,15
Uttar Pradesh,Basti,181,2
Uttar Pradesh,Bijnor,3201,114
Uttar Pradesh,Budaun,33,0
Uttar Pradesh,Bulandshahar,2,0
Uttar Pradesh,Bulandshahr,609,6
Uttar Pradesh,Chandauli,763,11
Uttar Pradesh,Chitrakoot,1750,256
Uttar Pradesh,Deoria,4459,12
Uttar Pradesh,Etah,13,0
Uttar Pradesh,Etawah,1481,355
Uttar Pradesh,Faizabad,1798,39
Uttar Pradesh,Farrukhabad,104,7
Uttar Pradesh,Fatehpur,1329,4
Uttar Pradesh,Firozabad,21,16
Uttar Pradesh,Gautam Buddha Nagar,211,13
Uttar Pradesh,Ghaziabad,520,72
Uttar Pradesh,Ghazipur,593,10
Uttar Pradesh,Gonda,10762,12
Uttar Pradesh,Gorakhpur,1790,17
Uttar Pradesh,Hamirpur,13,0
Uttar Pradesh,Hardoi,24,4
Uttar Pradesh,Hathras,13,3
Uttar Pradesh,Jalaun,200,1
Uttar Pradesh,Jaunpur,117,3
Uttar Pradesh,Jhansi,1154,31
Uttar Pradesh,Kannauj,102,0
Uttar Pradesh,Kanpur Dehat,16,0
Uttar Pradesh,Kanpur Nagar,162,19
Uttar Pradesh,Kasganj,11,0
Uttar Pradesh,Kaushambi,182,12
Uttar Pradesh,Kheri,8,0
Uttar Pradesh,Kushinagar,1667,85
Uttar Pradesh,Lalitpur,4,0
Uttar Pradesh,Lucknow,189,5
Uttar Pradesh,Maharajganj,911,8
Uttar Pradesh,Mahoba,521,3
Uttar Pradesh,Mainpuri,539,16
Uttar Pradesh,Mathura,51,1
Uttar Pradesh,Mau,69,4
Uttar Pradesh,Meerut,200,3
Uttar Pradesh,Mirzapur,50,1
Uttar Pradesh,Moradabad,14,0
Uttar Pradesh,Muzaffarnagar,40,2
Uttar Pradesh,Pilibhit,5676,32
Uttar Pradesh,Pratapgarh,1751,14
Uttar Pradesh,Rae Bareli,6899,616
Uttar Pradesh,Raebareli,1,2
Uttar Pradesh,Rampur,11,0
Uttar Pradesh,Saharanpur,210,20
Uttar Pradesh,Sambhal,14,0
Uttar Pradesh,Sant Kabir Nagar,1663,246
Uttar Pradesh,Sant Ravidas Nagar,1176,9
Uttar Pradesh,Shahjahanpur,12067,4
Uttar Pradesh,Shamli,10,0
Uttar Pradesh,Shrawasti,1858,527
Uttar Pradesh,Siddharthnagar,212,26
Uttar Pradesh,Sitapur,20,4
Uttar Pradesh,Sonbhadra,281,2
Uttar Pradesh,Sultanpur,59,0
Uttar Pradesh,Unnao,39,3
Uttar Pradesh,Varanasi,2770,50
Uttarakhand,Almora,20,0
Uttarakhand,Bageshwar,300,52
Uttarakhand,Chamoli,16,0
Uttarakhand,Champawat,331,31
Uttarakhand,Dehradun,1020,12
Uttarakhand,Haridwar,5859,8
Uttarakhand,Nainital,42,14
Uttarakhand,Pauri Garhwal,593,0
Uttarakhand,Pithoragarh,17,1
Uttarakhand,Rudraprayag,12,0
Uttarakhand,Tehri Garhwal,713,5
Uttarakhand,Udham Singh Nagar,52,21
Uttarakhand,Uttarkashi,6,0
West Bengal,Amta - II,1,0
West Bengal,Bankura,4599,7
West Bengal,Barddhaman,7765,9
West Bengal,Bardhaman,24,0
West Bengal,Birbhum,10651,10
West Bengal,Cooch Behar,437,33
West Bengal,Dakshin Dinajpur,21,358
West Bengal,Darjeeling,2813,8
West Bengal,East Midnapore,4259,748
West Bengal,Hooghly,2293,15
West Bengal,Howrah,5518,408
West Bengal,Jalpaiguri,8692,11
West Bengal,Kolkata,19034,88
West Bengal,Malda,4638,19
West Bengal,Medinipur,57,13
West Bengal,Murshidabad,10715,72
West Bengal,Nadia,3030,17
West Bengal,North 24 Parganas,3474,60
West Bengal,Paschim Medinipur,222,2
West Bengal,Purba Medinipur,4055,5
West Bengal,Purulia,45,134
West Bengal,Puruliya,1744,32
West Bengal,South 24 Parganas,4913,145
West Bengal,South Twenty Four Parganas,571,219
West Bengal,Uttar Dinajpur,3063,15
West Bengal,West Midnapore,17,6
