State,District,Aadhaar generated,Enrolment Rejected
Andaman and Nicobar Islands,North And Middle Andaman,1,0
Andhra Pradesh,Adilabad,771,126
Andhra Pradesh,Ananthapur,108,113
Andhra Pradesh,Chittoor,174,139
Andhra Pradesh,Cuddapah,87,11
Andhra Pradesh,East Godavari,201,86
Andhra Pradesh,Guntur,615,26
Andhra Pradesh,Hyderabad,714,136
Andhra Pradesh,K.V.Rangareddy,1,0
Andhra Pradesh,K.v. Rangareddy,1071,151
Andhra Pradesh,Karim Nagar,0,54
Andhra Pradesh,Karimnagar,2012,171
Andhra Pradesh,Khammam,2346,33
Andhra Pradesh,Krishna,118,23
Andhra Pradesh,Kurnool,7617,2084
Andhra Pradesh,Mahabub Nagar,11,3
Andhra Pradesh,Mahabubnagar,7168,377
Andhra Pradesh,Mahbubnagar,6,0
Andhra Pradesh,Medak,862,136
Andhra Pradesh,Nalgonda,5235,405
Andhra Pradesh,Nellore,141,36
Andhra Pradesh,Nizamabad,5996,156
Andhra Pradesh,Prakasam,1684,43
Andhra Pradesh,Srikakulam,129,44
Andhra Pradesh,Visakhapatnam,1697,912
Andhra Pradesh,Vizianagaram,217,40
Andhra Pradesh,Warangal,2893,254
Andhra Pradesh,West Godavari,1673,225
Arunachal Pradesh,Papum Pare,57,0
Assam,Baksa,4,0
Assam,Barpeta,1,0
Assam,Cachar,8,0
Assam,Dhubri,3,0
Assam,Dibrugarh,1,0
Assam,Golaghat,1,0
Assam,Hailakandi,8,0
Assam,Jorhat,5,0
Assam,Kamrup,3,0
Assam,Kamrup Metro,1,0
Assam,Karbi Anglong,1,0
Assam,Karimganj,7,0
Assam,Kokrajhar,1,0
Assam,Lakhimpur,4,0
Assam,Nagaon,4,0
Assam,Nalbari,1,0
Assam,Sonitpur,6,0
Assam,Tinsukia,2,0
Assam,Udalguri,5,0
Bihar,Araria,10,1
Bihar,Arwal,240,49
Bihar,Aurangabad,33,3
Bihar,Banka,85,2
Bihar,Begusarai,44,0
Bihar,Bhabua,3,0
Bihar,Bhagalpur,73,1
Bihar,Bhojpur,48,1
Bihar,Buxar,24,0
Bihar,Darbhanga,285,23
Bihar,East Champaran,67,4
Bihar,Gaya,71,3
Bihar,Gopalganj,323,63
Bihar,Jamui,273,7
Bihar,Jehanabad,15,0
Bihar,Kaimur (Bhabua),14,0
Bihar,Katihar,508,7
Bihar,Khagaria,22,0
Bihar,Kishanganj,617,1
Bihar,Lakhisarai,17,0
Bihar,Madhepura,12,1
Bihar,Madhubani,82,2
Bihar,Munger,24,3
Bihar,Muzaffarpur,57,2
Bihar,Nalanda,133,47
Bihar,Nawada,44,23
Bihar,Patna,359,19
Bihar,Purnia,16,0
Bihar,Rohtas,358,18
Bihar,Saharsa,2402,15
Bihar,Samastipur,30,4
Bihar,Saran,71,2
Bihar,Sheikhpura,1606,0
Bihar,Sheohar,366,16
Bihar,Sitamarhi,33,1
Bihar,Siwan,66,1
Bihar,Supaul,19,0
Bihar,Vaishali,676,106
Bihar,West Champaran,31,1
Chandigarh,Chandigarh,36,7
Chhattisgarh,Balod,1,0
Chhattisgarh,Baloda Bazar,2,0
Chhattisgarh,Bastar,8,1
Chhattisgarh,Bilaspur,62,2
Chhattisgarh,Dhamtari,104,2
Chhattisgarh,Durg,38,1
Chhattisgarh,Janjgir-champa,463,6
Chhattisgarh,Jashpur,2,0
Chhattisgarh,Kawardha,2,0
Chhattisgarh,Korba,136,0
Chhattisgarh,Koriya,108,8
Chhattisgarh,Mungeli,3,0
Chhattisgarh,Mungeli ,67,0
Chhattisgarh,Raipur,3,0
Chhattisgarh,Rajnandgaon,6,1
Chhattisgarh,Surajpur ,1,0
Chhattisgarh,Surguja,1,1
Dadra and Nagar Haveli,Dadra and Nagar Haveli,3604,25
Daman and Diu,Daman,70,0
Daman and Diu,Diu,3,0
Delhi,Central Delhi,483,81
Delhi,East Delhi,783,100
Delhi,Najafgarh,1,5
Delhi,New Delhi,56,5
Delhi,North Delhi,690,57
Delhi,North East,49,7
Delhi,North East Delhi,2055,145
Delhi,North West Delhi,2179,422
Delhi,South Delhi,2182,188
Delhi,South West Delhi,485,302
Delhi,West Delhi,909,319
Goa,North Goa,59,3
Goa,South Goa,18,4
Gujarat,Ahmadabad,10,1
Gujarat,Ahmedabad,2455,106
Gujarat,Amreli,25,41
Gujarat,Anand,551,7
Gujarat,Banaskantha,1525,42
Gujarat,Bharuch,502,30
Gujarat,Bhavnagar,431,16
Gujarat,Dahod,1457,49
Gujarat,Dohad,194,8
Gujarat,Gandhinagar,690,1
Gujarat,Jamnagar,901,45
Gujarat,Junagadh,3285,182
Gujarat,Kachchh,670,10
Gujarat,Kheda,1357,37
Gujarat,Mahesana,194,17
Gujarat,Narmada,364,4
Gujarat,Navsari,1055,12
Gujarat,Panchmahals,1865,36
Gujarat,Patan,142,11
Gujarat,Porbandar,407,18
Gujarat,Rajkot,4635,144
Gujarat,Sabarkantha,465,57
Gujarat,Surat,6569,102
Gujarat,Surendra Nagar,1265,17
Gujarat,Tapi,883,10
Gujarat,The Dangs,120,0
Gujarat,Vadodara,3981,27
Gujarat,Valsad,694,35
Haryana,Ambala,463,15
Haryana,Bhiwani,1886,30
Haryana,Faridabad,1111,78
Haryana,Fatehabad,1161,23
Haryana,Gurgaon,934,75
Haryana,Hisar,1779,34
Haryana,Jhajjar,788,14
Haryana,Jind,1291,29
Haryana,Kaithal,501,18
Haryana,Karnal,2128,55
Haryana,Kurukshetra,2181,12
Haryana,Mahendragarh,609,10
Haryana,Mewat,1441,121
Haryana,Palwal,509,25
Haryana,Panchkula,227,16
Haryana,Panipat,1401,15
Haryana,Rewari,1005,13
Haryana,Rohtak,1211,20
Haryana,Sirsa,1333,26
Haryana,Sonipat,768,55
Haryana,Yamuna Nagar,1011,42
Himachal Pradesh,Bilaspur,16,1
Himachal Pradesh,Chamba,124,1
Himachal Pradesh,Hamirpur,32,0
Himachal Pradesh,Kangra,574,11
Himachal Pradesh,Kinnaur,89,5
Himachal Pradesh,Kullu,19,12
Himachal Pradesh,Lahul and Spiti,4,0
Himachal Pradesh,Mandi,63,18
Himachal Pradesh,Shimla,594,8
Himachal Pradesh,Sirmaur,118,33
Himachal Pradesh,Solan,19,4
Himachal Pradesh,Una,38,7
Jammu and Kashmir,Anantnag,499,2
Jammu and Kashmir,Badgam,39,0
Jammu and Kashmir,Bandipore,133,4
Jammu and Kashmir,Baramula,17,0
Jammu and Kashmir,Doda,361,1
Jammu and Kashmir,Jammu,1043,4
Jammu and Kashmir,Kargil,12,1
Jammu and Kashmir,Kathua,424,1
Jammu and Kashmir,Kupwara,202,0
Jammu and Kashmir,Leh,77,2
Jammu and Kashmir,Pulwama,1434,3
Jammu and Kashmir,Rajouri,2,0
Jammu and Kashmir,Srinagar,1790,4
Jammu and Kashmir,Udhampur,1142,1
Jharkhand,Bokaro,1829,108
Jharkhand,Chatra,1108,123
Jharkhand,Deoghar,1500,125
Jharkhand,Dhanbad,2224,101
Jharkhand,Dumka,1133,83
Jharkhand,East Singhbhum,6417,17
Jharkhand,Garhwa,607,78
Jharkhand,Giridih,1622,60
Jharkhand,Godda,2306,50
Jharkhand,Gumla,491,53
Jharkhand,Hazaribagh,373,36
Jharkhand,Jamtara,3009,47
Jharkhand,Khunti,71,12
Jharkhand,Koderma,568,146
Jharkhand,Latehar,1416,56
Jharkhand,Lohardaga,38,12
Jharkhand,Pakur,960,59
Jharkhand,Palamu,1212,69
Jharkhand,Ramgarh,252,21
Jharkhand,Ranchi,708,71
Jharkhand,Sahebganj,1978,59
Jharkhand,Seraikela-Kharsawan,278,6
Jharkhand,Simdega,4661,25
Jharkhand,West Singhbhum,11165,187
Karnataka,Bagalkot,1652,46
Karnataka,Bangalore,10876,372
Karnataka,Bangalore Rural,510,176
Karnataka,Belgaum,4114,1706
Karnataka,Bellary,4685,255
Karnataka,Bidar,1761,129
Karnataka,Bijapur,635,180
Karnataka,Chamarajanagar,3,0
Karnataka,Chamrajanagar,1379,74
Karnataka,Chickmagalur,1684,44
Karnataka,Chikkaballapur,215,250
Karnataka,Chitradurga,3134,519
Karnataka,Dakshina Kannada,1894,1112
Karnataka,Davangere,148,159
Karnataka,Dharwad,124,41
Karnataka,Gadag,120,22
Karnataka,Gulbarga,1496,158
Karnataka,Hassan,9217,131
Karnataka,Haveri,148,406
Karnataka,Kodagu,94,4
Karnataka,Kolar,889,249
Karnataka,Koppal,1064,160
Karnataka,Mandya,1159,53
Karnataka,Mysore,142,38
Karnataka,Raichur,1946,214
Karnataka,Ramanagar,717,64
Karnataka,Shimoga,2373,154
Karnataka,Tumkur,67,32
Karnataka,Udupi,267,28
Karnataka,Uttara Kannada,89,21
Karnataka,Yadgir,1415,58
Kerala,Alappuzha,449,76
Kerala,Ernakulam,951,77
Kerala,Idukki,286,25
Kerala,Kannur,443,77
Kerala,Kasaragod,223,29
Kerala,Kasargod,2,22
Kerala,Kollam,518,373
Kerala,Kottayam,339,11
Kerala,Kozhikode,689,155
Kerala,Malappuram,3569,93
Kerala,Palakkad,432,154
Kerala,Pathanamthitta,90,11
Kerala,Thiruvananthapuram,615,34
Kerala,Thrissur,1116,36
Kerala,Wayanad,36,33
Lakshadweep,Lakshadweep,1,0
Madhya Pradesh,Alirajpur,517,152
Madhya Pradesh,Anuppur,678,328
Madhya Pradesh,Ashok Nagar,207,19
Madhya Pradesh,Balaghat,9816,538
Madhya Pradesh,Barwani,350,39
Madhya Pradesh,Betul,2703,66
Madhya Pradesh,Bhind,600,73
Madhya Pradesh,Bhopal,653,101
Madhya Pradesh,Burhanpur,554,83
Madhya Pradesh,Chhatarpur,1552,100
Madhya Pradesh,Chhindwara,3481,118
Madhya Pradesh,Damoh,443,42
Madhya Pradesh,Datia,384,24
Madhya Pradesh,Dewas,137,26
Madhya Pradesh,Dhar,1430,187
Madhya Pradesh,Dindori,1744,184
Madhya Pradesh,Guna,2206,95
Madhya Pradesh,Gwalior,534,43
Madhya Pradesh,Harda,47,10
Madhya Pradesh,Hoshangabad,43,46
Madhya Pradesh,Indore,2687,249
Madhya Pradesh,Jabalpur,2974,402
Madhya Pradesh,Jhabua,869,292
Madhya Pradesh,Katni,467,57
Madhya Pradesh,Khandwa,122,23
Madhya Pradesh,Khargone,2360,104
Madhya Pradesh,Mandla,4527,295
Madhya Pradesh,Mandsaur,292,12
Madhya Pradesh,Morena,1112,26
Madhya Pradesh,Narsinghpur,2678,194
Madhya Pradesh,Neemuch,21,2
Madhya Pradesh,Panna,727,65
Madhya Pradesh,Raisen,1033,112
Madhya Pradesh,Rajgarh,170,3
Madhya Pradesh,Ratlam,267,31
Madhya Pradesh,Rewa,1929,270
Madhya Pradesh,Sagar,3837,115
Madhya Pradesh,Satna,734,176
Madhya Pradesh,Sehore,1186,44
Madhya Pradesh,Seoni,1381,80
Madhya Pradesh,Shahdol,1548,295
Madhya Pradesh,Shajapur,357,42
Madhya Pradesh,Sheopur,9,1
Madhya Pradesh,Shivpuri,439,60
Madhya Pradesh,Sidhi,2055,124
Madhya Pradesh,Singrauli,946,149
Madhya Pradesh,Tikamgarh,1180,68
Madhya Pradesh,Ujjain,554,97
Madhya Pradesh,Umaria,904,62
Madhya Pradesh,Vidisha,496,73
Maharashtra,Ahmadnagar,2008,147
Maharashtra,Ahmed Nagar,4,2
Maharashtra,Akola,811,37
Maharashtra,Amravati,849,46
Maharashtra,Aurangabad,1299,312
Maharashtra,Beed,1319,197
Maharashtra,Bhandara,1630,70
Maharashtra,Buldhana,2099,85
Maharashtra,Chandrapur,1135,160
Maharashtra,Dhule,627,87
Maharashtra,Gadchiroli,1711,26
Maharashtra,Gondia,1,0
Maharashtra,Gondiya,298,70
Maharashtra,Hingoli,632,37
Maharashtra,Jalgaon,908,345
Maharashtra,Jalna,473,113
Maharashtra,Kolhapur,4960,69
Maharashtra,Latur,1332,266
Maharashtra,Mumbai,1629,116
Maharashtra,Mumbai City,3,0
Maharashtra,Nagpur,2420,219
Maharashtra,Nanded,2089,53
Maharashtra,Nandurbar,212,112
Maharashtra,Nashik,4165,332
Maharashtra,Osmanabad,940,89
Maharashtra,Parbhani,1253,39
Maharashtra,Pune,1814,241
Maharashtra,Raigarh,3425,54
Maharashtra,Raigarh(MH),41,0
Maharashtra,Ratnagiri,445,104
Maharashtra,Sangli,1450,134
Maharashtra,Satara,2417,78
Maharashtra,Sindhudurg,552,9
Maharashtra,Solapur,1828,42
Maharashtra,Thane,3777,377
Maharashtra,Wardha,61,4
Maharashtra,Washim,741,42
Maharashtra,Yavatmal,4481,112
Manipur,Bishnupur,2,0
Manipur,Churachandpur,4,0
Manipur,Imphal East,15,0
Manipur,Imphal West,8,0
Manipur,Senapati,2,0
Manipur,Tamenglong,1,0
Meghalaya,East Khasi Hills,7,0
Meghalaya,West Garo Hills,1,0
Nagaland,Dimapur,6,3
Nagaland,Kohima,1,3
Nagaland,Longleng,2,0
Nagaland,Mokokchung,0,4
Nagaland,Mon,3,0
Nagaland,Wokha,0,1
Nagaland,Zunheboto,3,0
Odisha,Angul,6,1
Odisha,Anugul,1729,1184
Odisha,Balangir,25,3
Odisha,Baleswar,150,74
Odisha,Bargarh,918,728
Odisha,Baudh,75,7
Odisha,Bhadrak,1073,149
Odisha,Cuttack,171,12
Odisha,Debagarh,3,0
Odisha,Dhenkanal,2485,416
Odisha,Gajapati,124,15
Odisha,Ganjam,3181,746
Odisha,Jagatsinghapur,1155,35
Odisha,Jajapur,366,10
Odisha,Jharsuguda,4,0
Odisha,Kalahandi,1,0
Odisha,Kandhamal,592,75
Odisha,Kendrapara,847,78
Odisha,Kendujhar,276,38
Odisha,Khorda,10,0
Odisha,Khordha,11,19
Odisha,Koraput,202,15
Odisha,Malkangiri,2,0
Odisha,Mayurbhanj,431,17
Odisha,Nabarangapur,207,1
Odisha,Nayagarh,178,12
Odisha,Puri,502,185
Odisha,Sambalpur,714,2208
Odisha,Sonapur,57,5
Odisha,Sundergarh,1340,77
Others,Others,142,6754
Puducherry,Karaikal,248,5
Puducherry,Pondicherry,3,8
Puducherry,Puducherry,57,2
Punjab,Amritsar,1094,235
Punjab,Barnala,247,5
Punjab,Bathinda,1437,185
Punjab,Faridkot,620,10
Punjab,Fatehgarh Sahib,304,19
Punjab,Fazilka,1122,135
Punjab,Ferozepur,1479,38
Punjab,Gurdaspur,674,101
Punjab,Hoshiarpur,364,31
Punjab,Jalandhar,947,38
Punjab,Kapurthala,273,34
Punjab,Ludhiana,2331,125
Punjab,Mansa,3076,43
Punjab,Moga,1456,107
Punjab,Nawanshahr,0,1
Punjab,Pathankot,68,15
Punjab,Patiala,2588,104
Punjab,Rupnagar,237,5
Punjab,SAS Nagar (Mohali),822,51
Punjab,Sangrur,901,24
Punjab,Shaheed Bhagat Singh Nagar,58,13
Punjab,Sri Muktsar Sahib,1717,64
Punjab,Tarn Taran,4485,158
Rajasthan,Ajmer,628,37
Rajasthan,Alwar,522,72
Rajasthan,Banswara,916,52
Rajasthan,Baran,326,35
Rajasthan,Barmer,757,69
Rajasthan,Bharatpur,843,35
Rajasthan,Bhilwara,1752,58
Rajasthan,Bikaner,1040,56
Rajasthan,Bundi,313,41
Rajasthan,Chittorgarh,3120,70
Rajasthan,Churu,860,26
Rajasthan,Dausa,291,27
Rajasthan,Dholpur,204,42
Rajasthan,Dungarpur,602,8
Rajasthan,Ganganagar,3833,41
Rajasthan,Hanumangarh,732,25
Rajasthan,Jaipur,4618,228
Rajasthan,Jaisalmer,520,12
Rajasthan,Jalor,1027,19
Rajasthan,Jhalawar,2190,19
Rajasthan,Jhunjhunu,1,0
Rajasthan,Jhunjhunun,661,20
Rajasthan,Jodhpur,1156,71
Rajasthan,Karauli,552,19
Rajasthan,Kota,157,66
Rajasthan,Nagaur,2246,95
Rajasthan,Pali,894,65
Rajasthan,Pratapgarh,771,60
Rajasthan,Rajsamand,296,27
Rajasthan,Sawai Madhopur,891,47
Rajasthan,Sikar,1757,37
Rajasthan,Sirohi,390,46
Rajasthan,Tonk,662,38
Rajasthan,Udaipur,642,57
Sikkim,East Sikkim,39,1
Sikkim,North Sikkim,1,1
Sikkim,South Sikkim,23,0
Sikkim,West Sikkim,19,0
Tamil Nadu,Ariyalur,231,2
Tamil Nadu,Chennai,3434,91
Tamil Nadu,Coimbatore,5433,57
Tamil Nadu,Cuddalore,48,9
Tamil Nadu,Dharmapuri,755,15
Tamil Nadu,Dindigul,1073,6
Tamil Nadu,Erode,1927,62
Tamil Nadu,Kancheepuram,1072,77
Tamil Nadu,Kanchipuram,1,1
Tamil Nadu,Kanniyakumari,2108,19
Tamil Nadu,Kanyakumari,79,0
Tamil Nadu,Karur,185,13
Tamil Nadu,Krishnagiri,1519,49
Tamil Nadu,Madurai,28,14
Tamil Nadu,Nagapattinam,900,4
Tamil Nadu,Namakkal,181,22
Tamil Nadu,Nilgiris,2,0
Tamil Nadu,Perambalur,22,0
Tamil Nadu,Pudukkottai,25,22
Tamil Nadu,Ramanathapuram,387,1
Tamil Nadu,Salem,1781,75
Tamil Nadu,Sivaganga,188,14
Tamil Nadu,Thanjavur,558,25
Tamil Nadu,The Nilgiris,1095,8
Tamil Nadu,Theni,434,57
Tamil Nadu,Thiruvarur,2375,9
Tamil Nadu,Thoothukkudi,683,93
Tamil Nadu,Tiruchirappalli,296,4
Tamil Nadu,Tirunelveli,828,75
Tamil Nadu,Tiruppur,2438,86
Tamil Nadu,Tiruvallur,3094,56
Tamil Nadu,Tiruvannamalai,2700,10
Tamil Nadu,Vellore,1582,76
Tamil Nadu,Villupuram,1,0
Tamil Nadu,Viluppuram,1313,55
Tamil Nadu,Virudhunagar,112,11
Tripura,Dhalai,1,0
Tripura,Khowai,3,0
Tripura,North Tripura,3,3
Tripura,Sepahijala,4,0
Tripura,South Tripura,2,0
Tripura,West Tripura,2,0
Uttar Pradesh,Agra,146,2
Uttar Pradesh,Aligarh,202,9
Uttar Pradesh,Allahabad,369,16
Uttar Pradesh,Ambedkar Nagar,37,0
Uttar Pradesh,Amethi,1404,70
Uttar Pradesh,Amroha,377,46
Uttar Pradesh,Auraiya,9,0
Uttar Pradesh,Azamgarh,383,14
Uttar Pradesh,Baghpat,25,3
Uttar Pradesh,Bahraich,18,1
Uttar Pradesh,Ballia,351,8
Uttar Pradesh,Balrampur,2166,7
Uttar Pradesh,Banda,260,3
Uttar Pradesh,Bara Banki,39,0
Uttar Pradesh,Bareilly,727,436
Uttar Pradesh,Basti,193,6
Uttar Pradesh,Bijnor,471,59
Uttar Pradesh,Budaun,13,2
Uttar Pradesh,Bulandshahr,127,5
Uttar Pradesh,Chandauli,518,22
Uttar Pradesh,Chitrakoot,110,31
Uttar Pradesh,Deoria,225,7
Uttar Pradesh,Etah,20,0
Uttar Pradesh,Etawah,424,34
Uttar Pradesh,Faizabad,517,11
Uttar Pradesh,Farrukhabad,123,5
Uttar Pradesh,Fatehpur,409,10
Uttar Pradesh,Firozabad,12,1
Uttar Pradesh,Gautam Buddha Nagar,203,11
Uttar Pradesh,Ghaziabad,575,138
Uttar Pradesh,Ghazipur,401,7
Uttar Pradesh,Gonda,183,8
Uttar Pradesh,Gorakhpur,401,15
Uttar Pradesh,Hamirpur,181,1
Uttar Pradesh,Hardoi,28,0
Uttar Pradesh,Hathras,23,1
Uttar Pradesh,Jalaun,19,3
Uttar Pradesh,Jaunpur,64,1
Uttar Pradesh,Jhansi,1257,36
Uttar Pradesh,Jyotiba Phule Nagar,1,0
Uttar Pradesh,Kannauj,100,1
Uttar Pradesh,Kanpur Dehat,4,0
Uttar Pradesh,Kanpur Nagar,162,4
Uttar Pradesh,Kasganj,8,0
Uttar Pradesh,Kaushambi,31,2
Uttar Pradesh,Kheri,2,2
Uttar Pradesh,Kushinagar,173,7
Uttar Pradesh,Lalitpur,7,1
Uttar Pradesh,Lucknow,66,12
Uttar Pradesh,Maharajganj,994,10
Uttar Pradesh,Mahoba,88,6
Uttar Pradesh,Mainpuri,20,4
Uttar Pradesh,Mathura,57,3
Uttar Pradesh,Mau,21,3
Uttar Pradesh,Meerut,585,8
Uttar Pradesh,Mirzapur,73,1
Uttar Pradesh,Moradabad,7,0
Uttar Pradesh,Muzaffarnagar,17,5
Uttar Pradesh,Pilibhit,943,35
Uttar Pradesh,Pratapgarh,214,2
Uttar Pradesh,Rae Bareli,1392,30
Uttar Pradesh,Rampur,6,0
Uttar Pradesh,Saharanpur,509,11
Uttar Pradesh,Sambhal,1,0
Uttar Pradesh,Sant Kabir Nagar,703,45
Uttar Pradesh,Sant Ravidas Nagar,56,22
Uttar Pradesh,Shahjahanpur,65,4
Uttar Pradesh,Shamli,315,4
Uttar Pradesh,Shrawasti,148,8
Uttar Pradesh,Siddharthnagar,44,7
Uttar Pradesh,Sitapur,3,0
Uttar Pradesh,Sonbhadra,161,6
Uttar Pradesh,Sultanpur,23,4
Uttar Pradesh,Unnao,18,0
Uttar Pradesh,Varanasi,1544,37
Uttarakhand,Almora,10,2
Uttarakhand,Bageshwar,37,1
Uttarakhand,Chamoli,4,0
Uttarakhand,Champawat,127,5
Uttarakhand,Dehradun,1542,24
Uttarakhand,Garhwal,1,0
Uttarakhand,Haridwar,143,4
Uttarakhand,Nainital,12,0
Uttarakhand,Pauri Garhwal,23,3
Uttarakhand,Pithoragarh,25,1
Uttarakhand,Rudraprayag,7,0
Uttarakhand,Tehri Garhwal,241,16
Uttarakhand,Udham Singh Nagar,56,0
Uttarakhand,Uttarkashi,4,0
West Bengal,Bankura,326,0
West Bengal,Barddhaman,881,23
West Bengal,Bardhaman,1116,1
West Bengal,Birbhum,2390,87
West Bengal,Cooch Behar,288,30
West Bengal,Dakshin Dinajpur,186,7
West Bengal,Darjeeling,348,2
West Bengal,East Midnapore,646,32
West Bengal,Hooghly,4481,16
West Bengal,Howrah,559,23
West Bengal,Jalpaiguri,1482,5
West Bengal,Kolkata,740,49
West Bengal,Malda,487,27
West Bengal,Medinipur,97,2
West Bengal,Murshidabad,1817,18
West Bengal,Nadia,1561,9
West Bengal,North 24 Parganas,707,204
West Bengal,North Dinajpur,6,8
West Bengal,Paschim Medinipur,81,33
West Bengal,Purba Medinipur,25,19
West Bengal,Purulia,716,1
West Bengal,Puruliya,2281,101
West Bengal,South 24 Parganas,2483,5
West Bengal,South Dinajpur,0,1
West Bengal,South Twenty Four Parganas,169,1
West Bengal,Uttar Dinajpur,226,27
West Bengal,West Midnapore,53,4
