State,District,Aadhaar generated,Enrolment Rejected
Andaman and Nicobar Islands,Nicobar,1,0
Andaman and Nicobar Islands,North And Middle Andaman,2,0
Andaman and Nicobar Islands,South Andaman,1,0
Andhra Pradesh,Adilabad,1276,173
Andhra Pradesh,Anantapur,0,2
Andhra Pradesh,Ananthapur,373,39
Andhra Pradesh,Chittoor,43,107
Andhra Pradesh,Cuddapah,24,67
Andhra Pradesh,East Godavari,258,174
Andhra Pradesh,Guntur,121,49
Andhra Pradesh,Hyderabad,958,462
Andhra Pradesh,K.V.Rangareddy,0,4
Andhra Pradesh,K.v. Rangareddy,5471,1118
Andhra Pradesh,Karim Nagar,0,65
Andhra Pradesh,Karimnagar,21723,1203
Andhra Pradesh,Khammam,2637,271
Andhra Pradesh,Krishna,141,21
Andhra Pradesh,Kurnool,2192,1015
Andhra Pradesh,Mahabub Nagar,10,192
Andhra Pradesh,Mahabubnagar,7685,446
Andhra Pradesh,Mahbubnagar,2,30
Andhra Pradesh,Medak,9236,1202
Andhra Pradesh,Nalgonda,1160,881
Andhra Pradesh,Nellore,1222,444
Andhra Pradesh,Nizamabad,4983,609
Andhra Pradesh,Prakasam,4356,408
Andhra Pradesh,Srikakulam,103,127
Andhra Pradesh,Visakhapatnam,9326,3191
Andhra Pradesh,Vizianagaram,2175,877
Andhra Pradesh,Warangal,9024,2065
Andhra Pradesh,West Godavari,3370,576
Arunachal Pradesh,East Siang,1,0
Arunachal Pradesh,Lohit,2,0
Arunachal Pradesh,Lower Subansiri,1,0
Arunachal Pradesh,Papum Pare,1,0
Arunachal Pradesh,West Siang,1,0
Assam,Baksa,6,0
Assam,Barpeta,8,0
Assam,Bongaigaon,3,1
Assam,Cachar,19,0
Assam,Chirang,3,0
Assam,Darrang,2,0
Assam,Dhemaji,1,0
Assam,Dhubri,3,2
Assam,Dibrugarh,7,0
Assam,Goalpara,1,0
Assam,Golaghat,2,0
Assam,Hailakandi,4,0
Assam,Jorhat,7,0
Assam,Kamrup,22,3
Assam,Kamrup Metro,4,0
Assam,Karbi Anglong,2,0
Assam,Karimganj,10,0
Assam,Kokrajhar,3,0
Assam,Lakhimpur,3,0
Assam,Marigaon,2,0
Assam,Nagaon,14,0
Assam,Nalbari,1,0
Assam,Sibsagar,1,0
Assam,Sonitpur,9,0
Assam,Tinsukia,8,0
Assam,Udalguri,12,0
Bihar,Araria,31,2
Bihar,Arwal,563,23
Bihar,Aurangabad,33,5
Bihar,Aurangabad(BH),0,1
Bihar,Banka,207,6
Bihar,Begusarai,73,1
Bihar,Bhagalpur,79,3
Bihar,Bhojpur,130,7
Bihar,Buxar,61,6
Bihar,Darbhanga,1109,107
Bihar,East Champaran,123,5
Bihar,Gaya,121,6
Bihar,Gopalganj,1082,27
Bihar,Jamui,241,6
Bihar,Jehanabad,34,0
Bihar,Kaimur (Bhabua),32,3
Bihar,Katihar,575,5
Bihar,Khagaria,35,1
Bihar,Kishanganj,1114,13
Bihar,Lakhisarai,23,1
Bihar,Madhepura,28,1
Bihar,Madhubani,197,10
Bihar,Munger,39,1
Bihar,Muzaffarpur,123,4
Bihar,Nalanda,3474,72
Bihar,Nawada,56,0
Bihar,Patna,1109,85
Bihar,Purnia,52,1
Bihar,Rohtas,690,10
Bihar,Saharsa,653,26
Bihar,Samastipur,128,6
Bihar,Saran,167,7
Bihar,Sheikhpura,124,29
Bihar,Sheohar,624,6
Bihar,Sitamarhi,123,7
Bihar,Siwan,94,3
Bihar,Supaul,56,2
Bihar,Vaishali,378,10
Bihar,West Champaran,87,1
Chandigarh,Chandigarh,48,17
Chhattisgarh,Balod,260,0
Chhattisgarh,Baloda Bazar,5,0
Chhattisgarh,Balrampur,2,0
Chhattisgarh,Bastar,144,2
Chhattisgarh,Bemetara,26,1
Chhattisgarh,Bilaspur,19,1
Chhattisgarh,Dhamtari,438,6
Chhattisgarh,Durg,391,4
Chhattisgarh,Janjgir-champa,590,29
Chhattisgarh,Jashpur,13,0
Chhattisgarh,Kabeerdham,1,0
Chhattisgarh,Kanker,1,0
Chhattisgarh,Kawardha,4,0
Chhattisgarh,Korba,602,29
Chhattisgarh,Koriya,814,16
Chhattisgarh,Mahasamund,3,0
Chhattisgarh,Mungeli,236,1
Chhattisgarh,Mungeli ,1,2
Chhattisgarh,Raigarh,6,1
Chhattisgarh,Raipur,16,1
Chhattisgarh,Rajnandgaon,1438,6
Chhattisgarh,Surajpur ,1,0
Chhattisgarh,Surguja,5,0
Dadra and Nagar Haveli,Dadra and Nagar Haveli,71,10
Daman and Diu,Daman,34,1
Daman and Diu,Diu,7,0
Delhi,Central Delhi,203,77
Delhi,East Delhi,753,219
Delhi,Najafgarh,11,16
Delhi,New Delhi,33,12
Delhi,North Delhi,272,109
Delhi,North East,458,22
Delhi,North East Delhi,892,299
Delhi,North West Delhi,2004,406
Delhi,South Delhi,1595,198
Delhi,South West Delhi,418,144
Delhi,West Delhi,731,435
Goa,North Goa,36,19
Goa,South Goa,2,4
Gujarat,Ahmadabad,15,1
Gujarat,Ahmedabad,2720,377
Gujarat,Amreli,1555,45
Gujarat,Anand,784,17
Gujarat,Banaskantha,9258,46
Gujarat,Bharuch,2539,123
Gujarat,Bhavnagar,942,37
Gujarat,Dahod,4605,92
Gujarat,Dohad,1088,77
Gujarat,Gandhinagar,1050,14
Gujarat,Jamnagar,3927,27
Gujarat,Junagadh,5456,148
Gujarat,Kachchh,1536,13
Gujarat,Kheda,2671,30
Gujarat,Mahesana,368,4
Gujarat,Narmada,220,144
Gujarat,Navsari,4396,31
Gujarat,Panchmahals,633,68
Gujarat,Patan,792,125
Gujarat,Porbandar,451,40
Gujarat,Rajkot,6355,82
Gujarat,Sabarkantha,1827,116
Gujarat,Surat,2679,180
Gujarat,Surendra Nagar,2075,46
Gujarat,Tapi,1288,60
Gujarat,The Dangs,96,5
Gujarat,Vadodara,2971,73
Gujarat,Valsad,1203,26
Haryana,Ambala,279,181
Haryana,Bhiwani,8596,289
Haryana,Faridabad,3150,207
Haryana,Fatehabad,2774,70
Haryana,Gurgaon,2688,473
Haryana,Hisar,3424,148
Haryana,Jhajjar,1981,44
Haryana,Jind,5734,77
Haryana,Kaithal,3303,105
Haryana,Karnal,2194,539
Haryana,Kurukshetra,6060,124
Haryana,Mahendragarh,4557,78
Haryana,Mewat,1734,86
Haryana,Palwal,1096,31
Haryana,Panchkula,755,45
Haryana,Panipat,4514,123
Haryana,Rewari,1707,62
Haryana,Rohtak,2714,69
Haryana,Sirsa,1910,47
Haryana,Sonipat,493,178
Haryana,Yamuna Nagar,2750,95
Himachal Pradesh,Bilaspur,69,0
Himachal Pradesh,Chamba,620,33
Himachal Pradesh,Hamirpur,30,3
Himachal Pradesh,Kangra,1375,62
Himachal Pradesh,Kinnaur,666,2
Himachal Pradesh,Kullu,25,1
Himachal Pradesh,Lahul and Spiti,18,0
Himachal Pradesh,Mandi,61,4
Himachal Pradesh,Shimla,970,18
Himachal Pradesh,Sirmaur,121,19
Himachal Pradesh,Solan,85,1
Himachal Pradesh,Una,89,9
Jammu and Kashmir,Anantnag,1174,13
Jammu and Kashmir,Badgam,31,0
Jammu and Kashmir,Bandipore,148,1
Jammu and Kashmir,Baramula,2,0
Jammu and Kashmir,Baramulla,2,0
Jammu and Kashmir,Doda,496,3
Jammu and Kashmir,Jammu,1929,2
Jammu and Kashmir,Kargil,448,4
Jammu and Kashmir,Kathua,1924,7
Jammu and Kashmir,Kupwara,353,0
Jammu and Kashmir,Leh,869,0
Jammu and Kashmir,Pulwama,753,6
Jammu and Kashmir,Punch,5,0
Jammu and Kashmir,Rajouri,5,0
Jammu and Kashmir,Reasi,1,0
Jammu and Kashmir,Srinagar,614,0
Jammu and Kashmir,Udhampur,269,1
Jharkhand,Bokaro,458,116
Jharkhand,Chatra,2161,99
Jharkhand,Deoghar,4858,263
Jharkhand,Dhanbad,1640,294
Jharkhand,Dumka,645,143
Jharkhand,East Singhbhum,7602,140
Jharkhand,Garhwa,1176,135
Jharkhand,Giridih,1653,600
Jharkhand,Godda,4985,177
Jharkhand,Gumla,1340,150
Jharkhand,Hazaribag,2,1
Jharkhand,Hazaribagh,286,97
Jharkhand,Jamtara,4436,95
Jharkhand,Khunti,256,31
Jharkhand,Koderma,1525,179
Jharkhand,Latehar,4010,138
Jharkhand,Lohardaga,428,41
Jharkhand,Pakur,2167,70
Jharkhand,Palamu,1698,353
Jharkhand,Ramgarh,341,85
Jharkhand,Ranchi,1522,490
Jharkhand,Sahebganj,7455,120
Jharkhand,Seraikela-Kharsawan,112,31
Jharkhand,Simdega,422,64
Jharkhand,West Singhbhum,4468,179
Karnataka,Bagalkot,3434,182
Karnataka,Bangalore,22407,1064
Karnataka,Bangalore Rural,977,440
Karnataka,Belgaum,30083,3035
Karnataka,Bellary,6190,181
Karnataka,Bidar,1633,496
Karnataka,Bijapur,4881,567
Karnataka,Bijapur(KAR),1,324
Karnataka,Chamarajanagar,1,0
Karnataka,Chamrajanagar,2647,123
Karnataka,Chamrajnagar,1,0
Karnataka,Chickmagalur,3752,45
Karnataka,Chikkaballapur,1021,795
Karnataka,Chitradurga,4241,251
Karnataka,Dakshina Kannada,5720,234
Karnataka,Davangere,1023,114
Karnataka,Dharwad,227,143
Karnataka,Gadag,416,288
Karnataka,Gulbarga,1552,394
Karnataka,Hassan,4840,157
Karnataka,Haveri,389,670
Karnataka,Kodagu,185,16
Karnataka,Kolar,3856,326
Karnataka,Koppal,2094,133
Karnataka,Mandya,2119,231
Karnataka,Mysore,588,81
Karnataka,Raichur,3897,107
Karnataka,Ramanagar,4764,131
Karnataka,Shimoga,7191,113
Karnataka,Tumkur,338,57
Karnataka,Udupi,286,78
Karnataka,Uttara Kannada,805,213
Karnataka,Yadgir,335,323
Kerala,Alappuzha,805,91
Kerala,Ernakulam,1039,143
Kerala,Idukki,282,14
Kerala,Kannur,991,364
Kerala,Kasaragod,733,49
Kerala,Kasargod,268,9
Kerala,Kollam,724,282
Kerala,Kottayam,1024,45
Kerala,Kozhikode,1374,411
Kerala,Malappuram,1809,186
Kerala,Palakkad,776,143
Kerala,Pathanamthitta,121,133
Kerala,Thiruvananthapuram,1146,226
Kerala,Thrissur,1047,419
Kerala,Wayanad,43,81
Lakshadweep,Lakshadweep,3,0
Madhya Pradesh,Alirajpur,2597,456
Madhya Pradesh,Anuppur,4179,64
Madhya Pradesh,Ashok Nagar,253,11
Madhya Pradesh,Balaghat,14094,361
Madhya Pradesh,Barwani,1184,22
Madhya Pradesh,Betul,3834,77
Madhya Pradesh,Bhind,1563,52
Madhya Pradesh,Bhopal,591,99
Madhya Pradesh,Burhanpur,627,77
Madhya Pradesh,Chhatarpur,2992,168
Madhya Pradesh,Chhindwara,7028,289
Madhya Pradesh,Damoh,1192,106
Madhya Pradesh,Datia,1397,125
Madhya Pradesh,Dewas,383,111
Madhya Pradesh,Dhar,3408,317
Madhya Pradesh,Dindori,5290,442
Madhya Pradesh,Guna,1201,288
Madhya Pradesh,Gwalior,1767,134
Madhya Pradesh,Harda,289,119
Madhya Pradesh,Hoshangabad,118,142
Madhya Pradesh,Indore,2781,284
Madhya Pradesh,Jabalpur,594,166
Madhya Pradesh,Jhabua,2598,404
Madhya Pradesh,Katni,1883,123
Madhya Pradesh,Khandwa,213,71
Madhya Pradesh,Khargone,2513,160
Madhya Pradesh,Mandla,3327,348
Madhya Pradesh,Mandsaur,504,38
Madhya Pradesh,Morena,1717,138
Madhya Pradesh,Narsinghpur,1889,187
Madhya Pradesh,Neemuch,21,1
Madhya Pradesh,Panna,2174,169
Madhya Pradesh,Raisen,1708,263
Madhya Pradesh,Rajgarh,306,47
Madhya Pradesh,Ratlam,306,25
Madhya Pradesh,Rewa,6122,328
Madhya Pradesh,Sagar,3438,107
Madhya Pradesh,Satna,4188,367
Madhya Pradesh,Sehore,1823,276
Madhya Pradesh,Seoni,2069,134
Madhya Pradesh,Shahdol,2712,176
Madhya Pradesh,Shajapur,313,179
Madhya Pradesh,Sheopur,100,74
Madhya Pradesh,Shivpuri,1005,45
Madhya Pradesh,Sidhi,2525,159
Madhya Pradesh,Singrauli,4032,122
Madhya Pradesh,Tikamgarh,2612,123
Madhya Pradesh,Ujjain,1905,293
Madhya Pradesh,Umaria,1346,74
Madhya Pradesh,Vidisha,759,262
Maharashtra,Ahmadnagar,11742,1488
Maharashtra,Ahmed Nagar,77,52
Maharashtra,Akola,2910,176
Maharashtra,Amravati,1248,98
Maharashtra,Aurangabad,2093,344
Maharashtra,Beed,4926,555
Maharashtra,Bhandara,2061,204
Maharashtra,Buldhana,8081,181
Maharashtra,Chandrapur,3949,322
Maharashtra,Dhule,1772,174
Maharashtra,Gadchiroli,1185,168
Maharashtra,Gondia,3,3
Maharashtra,Gondiya,1535,102
Maharashtra,Hingoli,555,72
Maharashtra,Jalgaon,2941,217
Maharashtra,Jalna,888,1086
Maharashtra,Kolhapur,6600,515
Maharashtra,Latur,672,75
Maharashtra,Mumbai,2442,198
Maharashtra,Mumbai City,1,1
Maharashtra,Nagpur,5917,768
Maharashtra,Nanded,3367,191
Maharashtra,Nandurbar,508,302
Maharashtra,Nashik,9449,1901
Maharashtra,Osmanabad,1890,149
Maharashtra,Parbhani,4604,191
Maharashtra,Pune,5014,663
Maharashtra,Raigarh,5777,101
Maharashtra,Raigarh(MH),24,0
Maharashtra,Ratnagiri,258,14
Maharashtra,Sangli,4104,245
Maharashtra,Satara,6626,431
Maharashtra,Sindhudurg,996,11
Maharashtra,Solapur,3225,315
Maharashtra,Thane,12594,1071
Maharashtra,Wardha,133,66
Maharashtra,Washim,995,105
Maharashtra,Yavatmal,3977,538
Manipur,Bishnupur,2,0
Manipur,Chandel,1,0
Manipur,Churachandpur,1,0
Manipur,Imphal East,259,2
Manipur,Imphal West,15,0
Manipur,Senapati,2,0
Manipur,Tamenglong,1,0
Manipur,Thoubal,7,0
Manipur,Ukhrul,1,0
Meghalaya,East Khasi Hills,26,0
Mizoram,Aizawl,0,1
Nagaland,Dimapur,7,3
Nagaland,Kohima,2,1
Nagaland,Mon,13,0
Nagaland,Peren,1,0
Nagaland,Phek,0,4
Nagaland,Tuensang,0,1
Nagaland,Wokha,3,2
Nagaland,Zunheboto,5,70
Odisha,Angul,8,0
Odisha,Anugul,11936,116
Odisha,Balangir,9,8
Odisha,Baleswar,953,112
Odisha,Bargarh,151,137
Odisha,Bhadrak,1390,18
Odisha,Boudh,1,0
Odisha,Cuttack,89,199
Odisha,Debagarh,6,1
Odisha,Dhenkanal,7633,69
Odisha,Gajapati,414,49
Odisha,Ganjam,635,7
Odisha,Jagatsinghapur,4036,602
Odisha,Jajapur,16854,47
Odisha,Jharsuguda,6,1
Odisha,Kalahandi,4,0
Odisha,Kandhamal,2096,482
Odisha,Kendrapara,6351,198
Odisha,Kendujhar,12369,183
Odisha,Khorda,38,10
Odisha,Khordha,21,34
Odisha,Koraput,3402,926
Odisha,Malkangiri,1,1
Odisha,Mayurbhanj,25776,326
Odisha,Nabarangapur,5274,10
Odisha,Nayagarh,457,33
Odisha,Nuapada,1,2
Odisha,Puri,19,69
Odisha,Rayagada,8,0
Odisha,Sambalpur,3522,6
Odisha,Sonapur,0,1
Odisha,Sundergarh,546,41
Others,Others,286,913
Puducherry,Karaikal,127,4
Puducherry,Pondicherry,0,2
Puducherry,Puducherry,52,25
Punjab,Amritsar,3817,218
Punjab,Barnala,96,5
Punjab,Bathinda,937,48
Punjab,Faridkot,186,23
Punjab,Fatehgarh Sahib,84,44
Punjab,Fazilka,904,37
Punjab,Ferozepur,2688,20
Punjab,Gurdaspur,552,76
Punjab,Hoshiarpur,1374,51
Punjab,Jalandhar,194,12
Punjab,Kapurthala,808,20
Punjab,Ludhiana,1668,115
Punjab,Mansa,1475,87
Punjab,Moga,947,25
Punjab,Muktsar,10,0
Punjab,Pathankot,227,34
Punjab,Patiala,4556,367
Punjab,Rupnagar,603,11
Punjab,SAS Nagar (Mohali),1014,92
Punjab,Sangrur,3952,83
Punjab,Shaheed Bhagat Singh Nagar,194,14
Punjab,Sri Muktsar Sahib,1986,92
Punjab,Tarn Taran,2535,76
Rajasthan,Ajmer,436,396
Rajasthan,Alwar,974,201
Rajasthan,Banswara,4334,96
Rajasthan,Baran,899,89
Rajasthan,Barmer,3657,707
Rajasthan,Bharatpur,3131,130
Rajasthan,Bhilwara,5157,183
Rajasthan,Bikaner,1821,243
Rajasthan,Bundi,907,68
Rajasthan,Chittorgarh,3932,223
Rajasthan,Churu,1567,100
Rajasthan,Dausa,828,204
Rajasthan,Dholpur,1045,244
Rajasthan,Dungarpur,2189,45
Rajasthan,Ganganagar,9322,116
Rajasthan,Hanumangarh,1490,175
Rajasthan,Jaipur,10672,835
Rajasthan,Jaisalmer,1057,75
Rajasthan,Jalor,2883,481
Rajasthan,Jhalawar,1856,120
Rajasthan,Jhunjhunu,37,5
Rajasthan,Jhunjhunun,576,169
Rajasthan,Jodhpur,6373,231
Rajasthan,Karauli,1992,42
Rajasthan,Kota,800,54
Rajasthan,Nagaur,3277,246
Rajasthan,Pali,871,38
Rajasthan,Pratapgarh,655,27
Rajasthan,Rajsamand,1561,229
Rajasthan,Sawai Madhopur,1979,228
Rajasthan,Sikar,3117,192
Rajasthan,Sirohi,1000,106
Rajasthan,Tonk,1163,297
Rajasthan,Udaipur,645,497
Sikkim,East Sikkim,15,3
Sikkim,North Sikkim,1,0
Sikkim,South Sikkim,8,0
Sikkim,West Sikkim,6,0
Tamil Nadu,Ariyalur,305,0
Tamil Nadu,Chennai,4546,108
Tamil Nadu,Coimbatore,14275,604
Tamil Nadu,Cuddalore,829,46
Tamil Nadu,Dharmapuri,6132,215
Tamil Nadu,Dindigul,3630,642
Tamil Nadu,Erode,1201,52
Tamil Nadu,Kancheepuram,8646,188
Tamil Nadu,Kanchipuram,7,30
Tamil Nadu,Kanniyakumari,13828,16
Tamil Nadu,Kanyakumari,26,2
Tamil Nadu,Karur,799,219
Tamil Nadu,Krishnagiri,4345,149
Tamil Nadu,Madurai,550,545
Tamil Nadu,Nagapattinam,1998,99
Tamil Nadu,Namakkal,3366,254
Tamil Nadu,Nilgiris,0,6
Tamil Nadu,Perambalur,6,0
Tamil Nadu,Pudukkottai,1,63
Tamil Nadu,Ramanathapuram,171,4
Tamil Nadu,Salem,2225,16
Tamil Nadu,Sivaganga,617,562
Tamil Nadu,Thanjavur,290,25
Tamil Nadu,The Nilgiris,1222,14
Tamil Nadu,Theni,420,230
Tamil Nadu,Thiruvarur,4797,26
Tamil Nadu,Thoothukkudi,1032,39
Tamil Nadu,Tiruchirappalli,339,147
Tamil Nadu,Tirunelveli,3536,127
Tamil Nadu,Tiruppur,5567,100
Tamil Nadu,Tiruvallur,2345,87
Tamil Nadu,Tiruvannamalai,551,62
Tamil Nadu,Tiruvarur,0,15
Tamil Nadu,Vellore,4821,979
Tamil Nadu,Villupuram,0,52
Tamil Nadu,Viluppuram,8291,160
Tamil Nadu,Virudhunagar,266,135
Tripura,Dhalai,25,2
Tripura,Gomati,114,0
Tripura,Khowai,10,1
Tripura,North Tripura,20,4
Tripura,Sepahijala,99,0
Tripura,South Tripura,38,0
Tripura,Unakoti,10,1
Tripura,West Tripura,209,6
Uttar Pradesh,Agra,220,139
Uttar Pradesh,Aligarh,532,38
Uttar Pradesh,Allahabad,970,54
Uttar Pradesh,Ambedkar Nagar,79,4
Uttar Pradesh,Amethi,987,104
Uttar Pradesh,Amroha,2055,9
Uttar Pradesh,Auraiya,27,4
Uttar Pradesh,Azamgarh,545,13
Uttar Pradesh,Baghpat,48,0
Uttar Pradesh,Bahraich,53,1
Uttar Pradesh,Ballia,322,5
Uttar Pradesh,Balrampur,613,19
Uttar Pradesh,Banda,126,20
Uttar Pradesh,Bara Banki,115,5
Uttar Pradesh,Bareilly,2963,181
Uttar Pradesh,Basti,198,5
Uttar Pradesh,Bijnor,1862,29
Uttar Pradesh,Budaun,31,1
Uttar Pradesh,Bulandshahar,3,0
Uttar Pradesh,Bulandshahr,97,4
Uttar Pradesh,Chandauli,375,44
Uttar Pradesh,Chitrakoot,783,54
Uttar Pradesh,Deoria,188,19
Uttar Pradesh,Etah,18,2
Uttar Pradesh,Etawah,1570,35
Uttar Pradesh,Faizabad,3373,1
Uttar Pradesh,Farrukhabad,236,4
Uttar Pradesh,Fatehpur,538,2
Uttar Pradesh,Firozabad,26,3
Uttar Pradesh,Gautam Buddha Nagar,390,13
Uttar Pradesh,Ghaziabad,1298,252
Uttar Pradesh,Ghazipur,843,56
Uttar Pradesh,Gonda,638,44
Uttar Pradesh,Gorakhpur,392,36
Uttar Pradesh,Hamirpur,2,1
Uttar Pradesh,Hardoi,52,0
Uttar Pradesh,Hathras,25,4
Uttar Pradesh,Jalaun,192,1
Uttar Pradesh,Jaunpur,216,9
Uttar Pradesh,Jhansi,89,8
Uttar Pradesh,Kannauj,228,6
Uttar Pradesh,Kanpur Dehat,38,0
Uttar Pradesh,Kanpur Nagar,88,10
Uttar Pradesh,Kasganj,17,0
Uttar Pradesh,Kaushambi,228,5
Uttar Pradesh,Kheri,25,0
Uttar Pradesh,Kushinagar,294,29
Uttar Pradesh,Lalitpur,8,0
Uttar Pradesh,Lucknow,48,2
Uttar Pradesh,Maharajganj,1323,13
Uttar Pradesh,Mahoba,394,6
Uttar Pradesh,Mainpuri,1030,4
Uttar Pradesh,Mathura,112,5
Uttar Pradesh,Mau,67,3
Uttar Pradesh,Meerut,247,3
Uttar Pradesh,Mirzapur,55,0
Uttar Pradesh,Moradabad,19,0
Uttar Pradesh,Muzaffarnagar,102,30
Uttar Pradesh,Pilibhit,621,95
Uttar Pradesh,Pratapgarh,672,35
Uttar Pradesh,Rae Bareli,4765,213
Uttar Pradesh,Raebareli,3,0
Uttar Pradesh,Rampur,7,0
Uttar Pradesh,Saharanpur,405,33
Uttar Pradesh,Sambhal,9,0
Uttar Pradesh,Sant Kabir Nagar,1412,37
Uttar Pradesh,Sant Ravidas Nagar,564,98
Uttar Pradesh,Sant Ravidas Nagar Bhadohi,2,0
Uttar Pradesh,Shahjahanpur,128,43
Uttar Pradesh,Shamli,29,0
Uttar Pradesh,Shrawasti,720,18
Uttar Pradesh,Siddharthnagar,196,1
Uttar Pradesh,Sitapur,19,0
Uttar Pradesh,Sonbhadra,702,69
Uttar Pradesh,Sultanpur,73,2
Uttar Pradesh,Unnao,49,0
Uttar Pradesh,Varanasi,1462,121
Uttarakhand,Almora,30,0
Uttarakhand,Bageshwar,82,15
Uttarakhand,Chamoli,10,1
Uttarakhand,Champawat,227,6
Uttarakhand,Dehradun,460,5
Uttarakhand,Hardwar,1,0
Uttarakhand,Haridwar,617,31
Uttarakhand,Nainital,51,14
Uttarakhand,Pauri Garhwal,66,26
Uttarakhand,Pithoragarh,20,0
Uttarakhand,Rudraprayag,8,1
Uttarakhand,Tehri Garhwal,417,11
Uttarakhand,Udham Singh Nagar,174,142
Uttarakhand,Uttarkashi,12,0
West Bengal,Bally Jagachha,0,1
West Bengal,Bankura,833,10
West Bengal,Barddhaman,734,34
West Bengal,Bardhaman,160,16
West Bengal,Birbhum,996,20
West Bengal,Cooch Behar,59,80
West Bengal,Dakshin Dinajpur,54,31
West Bengal,Darjeeling,60,215
West Bengal,East Midnapore,1348,1746
West Bengal,Hooghly,2898,49
West Bengal,Howrah,2232,581
West Bengal,Jalpaiguri,1214,227
West Bengal,Kolkata,1677,190
West Bengal,Malda,6124,374
West Bengal,Medinipur,2242,23
West Bengal,Murshidabad,2536,167
West Bengal,Nadia,1483,19
West Bengal,North 24 Parganas,3585,31
West Bengal,North Dinajpur,3,0
West Bengal,Paschim Medinipur,69,1
West Bengal,Purba Medinipur,723,20
West Bengal,Purulia,517,485
West Bengal,Puruliya,2295,244
West Bengal,South 24 Parganas,4485,60
West Bengal,South Twenty Four Parganas,311,41
West Bengal,Uttar Dinajpur,1346,23
West Bengal,West Midnapore,293,13
