State,District,Aadhaar generated,Enrolment Rejected
Andhra Pradesh,Adilabad,765,51
Andhra Pradesh,Anantapur,0,6
Andhra Pradesh,Ananthapur,45,88
Andhra Pradesh,Chittoor,2313,87
Andhra Pradesh,Cuddapah,1027,109
Andhra Pradesh,East Godavari,979,216
Andhra Pradesh,Guntur,2032,423
Andhra Pradesh,Hyderabad,5119,118
Andhra Pradesh,K.V.Rangareddy,0,8
Andhra Pradesh,K.v. Rangareddy,6132,217
Andhra Pradesh,Karim Nagar,1,0
Andhra Pradesh,Karimnagar,55191,216
Andhra Pradesh,Khammam,9782,219
Andhra Pradesh,Krishna,4514,228
Andhra Pradesh,Kurnool,2371,826
Andhra Pradesh,Mahabub Nagar,356,33
Andhra Pradesh,Mahabubnagar,2311,316
Andhra Pradesh,Mahbubnagar,377,6
Andhra Pradesh,Medak,8719,328
Andhra Pradesh,Nalgonda,4505,236
Andhra Pradesh,Nellore,1133,193
Andhra Pradesh,Nizamabad,2137,123
Andhra Pradesh,Prakasam,16325,134
Andhra Pradesh,Srikakulam,431,142
Andhra Pradesh,Visakhapatnam,1688,56
Andhra Pradesh,Vizianagaram,32,4
Andhra Pradesh,Warangal,14107,263
Andhra Pradesh,West Godavari,11744,162
Arunachal Pradesh,Lohit,2,0
Arunachal Pradesh,Tirap,2,0
Arunachal Pradesh,Upper Subansiri,2,0
Arunachal Pradesh,West Siang,4,0
Assam,Baksa,4,0
Assam,Barpeta,4,0
Assam,Bongaigaon,3,0
Assam,Cachar,7,1
Assam,Chirang,3,0
Assam,Darrang,5,0
Assam,Dhemaji,3,0
Assam,Dhubri,1,0
Assam,Dibrugarh,4,0
Assam,Golaghat,1,0
Assam,Hailakandi,3,0
Assam,Jorhat,5,0
Assam,Kamrup,3,0
Assam,Kamrup Metro,1,0
Assam,Karimganj,2,0
Assam,Kokrajhar,3,0
Assam,Lakhimpur,1,0
Assam,Marigaon,3,0
Assam,Nagaon,7,0
Assam,Nalbari,2,1
Assam,Sibsagar,7,0
Assam,Sonitpur,5,1
Assam,Tinsukia,4,0
Assam,Udalguri,4,0
Bihar,Araria,27,0
Bihar,Arwal,693,0
Bihar,Aurangabad,39,0
Bihar,Aurangabad(BH),4,0
Bihar,Banka,22,0
Bihar,Begusarai,54,3
Bihar,Bhabua,2,1
Bihar,Bhagalpur,52,1
Bihar,Bhojpur,85,1
Bihar,Buxar,36,1
Bihar,Darbhanga,430,3
Bihar,East Champaran,72,0
Bihar,Gaya,81,1
Bihar,Gopalganj,47,0
Bihar,Jamui,19,0
Bihar,Jehanabad,17,1
Bihar,Kaimur (Bhabua),17,0
Bihar,Katihar,44,0
Bihar,Khagaria,31,1
Bihar,Kishanganj,14,0
Bihar,Lakhisarai,19,0
Bihar,Madhepura,13,0
Bihar,Madhubani,102,4
Bihar,Munger,34,0
Bihar,Muzaffarpur,74,2
Bihar,Nalanda,68,0
Bihar,Nawada,42,1
Bihar,Patna,90,3
Bihar,Purnia,10,1
Bihar,Rohtas,512,0
Bihar,Saharsa,38,2
Bihar,Samastipur,87,0
Bihar,Saran,101,4
Bihar,Sheikhpura,30,0
Bihar,Sheohar,188,0
Bihar,Sitamarhi,67,0
Bihar,Siwan,82,1
Bihar,Supaul,26,0
Bihar,Vaishali,65,1
Bihar,West Champaran,55,0
Chandigarh,Chandigarh,1102,35
Chandigarh,Mohali,2,0
Chhattisgarh,Balod,261,0
Chhattisgarh,Baloda Bazar,4,0
Chhattisgarh,Balrampur,1,0
Chhattisgarh,Bastar,4,0
Chhattisgarh,Bemetara,36,0
Chhattisgarh,Bilaspur,37,0
Chhattisgarh,Dantewada,1,0
Chhattisgarh,Dhamtari,2760,0
Chhattisgarh,Durg,1636,0
Chhattisgarh,Gariyaband ,1,0
Chhattisgarh,Janjgir Champa,10,1
Chhattisgarh,Jashpur,7,0
Chhattisgarh,Kanker,2,0
Chhattisgarh,Kawardha,1,0
Chhattisgarh,Korba,20,3
Chhattisgarh,Koriya,433,4
Chhattisgarh,Mahasamund,18,2
Chhattisgarh,Raigarh,39,0
Chhattisgarh,Raipur,9,0
Chhattisgarh,Rajnandgaon,358,0
Chhattisgarh,Surajpur ,2,0
Chhattisgarh,Surguja,2,1
Dadra and Nagar Haveli,Dadra and Nagar Haveli,192,0
Daman and Diu,Daman,6,13
Daman and Diu,Diu,1,0
Delhi,Central Delhi,364,44
Delhi,East Delhi,613,198
Delhi,Najafgarh,32,25
Delhi,New Delhi,19,1
Delhi,North Delhi,368,72
Delhi,North East,138,58
Delhi,North East Delhi,1177,68
Delhi,North West Delhi,3929,330
Delhi,South Delhi,715,314
Delhi,South West Delhi,949,275
Delhi,West Delhi,1576,320
Goa,Bardez,19,1
Goa,North Goa,202,47
Goa,South Goa,147,8
Gujarat,Ahmadabad,19,4
Gujarat,Ahmedabad,1810,49
Gujarat,Amreli,1299,1
Gujarat,Anand,1382,16
Gujarat,Banaskantha,1378,19
Gujarat,Bharuch,335,9
Gujarat,Bhavnagar,493,13
Gujarat,Dahod,211,1
Gujarat,Dohad,798,17
Gujarat,Gandhinagar,1545,8
Gujarat,Jamnagar,261,47
Gujarat,Junagadh,1178,47
Gujarat,Kachchh,763,18
Gujarat,Kheda,1506,34
Gujarat,Mahesana,562,18
Gujarat,Narmada,165,10
Gujarat,Navsari,1045,8
Gujarat,Panchmahals,279,18
Gujarat,Patan,1639,9
Gujarat,Porbandar,368,7
Gujarat,Rajkot,1830,61
Gujarat,Sabarkantha,564,23
Gujarat,Surat,1901,109
Gujarat,Surendra Nagar,861,3
Gujarat,Tapi,1538,6
Gujarat,The Dangs,98,0
Gujarat,Vadodara,1275,20
Gujarat,Valsad,730,18
Haryana,Ambala,3952,67
Haryana,Bhiwani,4614,11
Haryana,Faridabad,2183,36
Haryana,Fatehabad,422,0
Haryana,Gurgaon,751,16
Haryana,Hisar,3369,43
Haryana,Jhajjar,655,22
Haryana,Jind,387,4
Haryana,Kaithal,1377,27
Haryana,Karnal,570,7
Haryana,Kurukshetra,1529,19
Haryana,Mahendragarh,2245,3
Haryana,Mewat,76,0
Haryana,Palwal,1697,38
Haryana,Panchkula,540,18
Haryana,Panipat,330,6
Haryana,Rewari,881,6
Haryana,Rohtak,1273,14
Haryana,Sirsa,420,25
Haryana,Sonipat,3360,151
Haryana,Yamuna Nagar,1182,15
Himachal Pradesh,Bilaspur,93,10
Himachal Pradesh,Bilaspur ,8,8
Himachal Pradesh,Chamba,440,5
Himachal Pradesh,Hamirpur,125,11
Himachal Pradesh,Kangra,1089,34
Himachal Pradesh,Kinnaur,1,0
Himachal Pradesh,Kullu,357,6
Himachal Pradesh,Lahul and Spiti,3,0
Himachal Pradesh,Mandi,789,45
Himachal Pradesh,Shimla,1086,14
Himachal Pradesh,Sirmaur,629,78
Himachal Pradesh,Solan,324,21
Himachal Pradesh,Una,58,14
Jammu and Kashmir,Anantnag,3,0
Jammu and Kashmir,Badgam,1,0
Jammu and Kashmir,Baramula,3,0
Jammu and Kashmir,Baramulla,2,0
Jammu and Kashmir,Doda,318,0
Jammu and Kashmir,Jammu,295,0
Jammu and Kashmir,Kathua,6,0
Jammu and Kashmir,Kupwara,2,0
Jammu and Kashmir,Leh,2,0
Jammu and Kashmir,Poonch,1,0
Jammu and Kashmir,Pulwama,1,0
Jammu and Kashmir,Punch,4,0
Jammu and Kashmir,Rajouri,4,0
Jammu and Kashmir,Udhampur,10,0
Jharkhand,Bokaro,892,114
Jharkhand,Chatra,1806,31
Jharkhand,Deoghar,954,28
Jharkhand,Dhanbad,1006,45
Jharkhand,Dumka,1960,25
Jharkhand,East Singhbhum,4052,58
Jharkhand,Garhwa,613,12
Jharkhand,Giridih,1809,80
Jharkhand,Godda,595,51
Jharkhand,Gumla,517,22
Jharkhand,Hazaribag,1,0
Jharkhand,Hazaribagh,2258,81
Jharkhand,Jamtara,758,30
Jharkhand,Khunti,230,9
Jharkhand,Kodarma,8,0
Jharkhand,Koderma,340,22
Jharkhand,Latehar,432,3
Jharkhand,Lohardaga,229,18
Jharkhand,Pakaur,5,0
Jharkhand,Pakur,833,8
Jharkhand,Palamau,5,5
Jharkhand,Palamu,434,16
Jharkhand,Ramgarh,764,27
Jharkhand,Ranchi,2595,105
Jharkhand,Sahebganj,1323,15
Jharkhand,Seraikela-Kharsawan,1555,33
Jharkhand,Simdega,480,10
Jharkhand,West Singhbhum,1005,9
Karnataka,Bagalkot,466,65
Karnataka,Bangalore,9172,214
Karnataka,Bangalore Rural,103,25
Karnataka,Belgaum,37516,113
Karnataka,Bellary,2782,97
Karnataka,Bidar,311,7
Karnataka,Bijapur,762,56
Karnataka,Bijapur(KAR),2,4
Karnataka,Chamarajanagar,1,2
Karnataka,Chamrajanagar,1236,6
Karnataka,Chickmagalur,1891,29
Karnataka,Chikkaballapur,276,20
Karnataka,Chitradurga,787,27
Karnataka,Dakshina Kannada,2537,79
Karnataka,Davangere,475,23
Karnataka,Dharwad,2563,373
Karnataka,Gadag,219,27
Karnataka,Gulbarga,1089,23
Karnataka,Hasan,1125,4
Karnataka,Hassan,59,1
Karnataka,Haveri,185,3
Karnataka,Kodagu,429,2
Karnataka,Kolar,1275,57
Karnataka,Koppal,726,14
Karnataka,Mandya,1257,18
Karnataka,Mysore,1139,38
Karnataka,Raichur,1351,36
Karnataka,Ramanagar,4888,14
Karnataka,Shimoga,4282,9
Karnataka,Tumkur,196,30
Karnataka,Udupi,535,22
Karnataka,Uttara Kannada,563,25
Karnataka,Yadgir,113,7
Kerala,Alappuzha,1449,638
Kerala,Ernakulam,1867,1468
Kerala,Idukki,1768,269
Kerala,Kannur,1361,415
Kerala,Kasaragod,371,22
Kerala,Kasargod,2092,660
Kerala,Kollam,3294,1140
Kerala,Kottayam,432,58
Kerala,Kozhikode,1122,2377
Kerala,Malappuram,6071,493
Kerala,Palakkad,457,27
Kerala,Pathanamthitta,1264,52
Kerala,Thiruvananthapuram,1497,152
Kerala,Thrissur,2500,134
Kerala,Wayanad,367,551
Lakshadweep,Lakshadweep,1,1
Madhya Pradesh,Alirajpur,879,168
Madhya Pradesh,Anuppur,116,8
Madhya Pradesh,Ashok Nagar,110,20
Madhya Pradesh,Balaghat,1450,7
Madhya Pradesh,Barwani,111,1
Madhya Pradesh,Betul,4203,10
Madhya Pradesh,Bhind,2809,26
Madhya Pradesh,Bhopal,2227,126
Madhya Pradesh,Burhanpur,7,3
Madhya Pradesh,Chhatarpur,2209,53
Madhya Pradesh,Chhindwara,1261,30
Madhya Pradesh,Damoh,1242,21
Madhya Pradesh,Datia,850,13
Madhya Pradesh,Dewas,240,25
Madhya Pradesh,Dhar,4326,51
Madhya Pradesh,Dindori,1189,35
Madhya Pradesh,Guna,867,68
Madhya Pradesh,Gwalior,5321,73
Madhya Pradesh,Harda,288,16
Madhya Pradesh,Hoshangabad,1416,96
Madhya Pradesh,Indore,3746,215
Madhya Pradesh,Jabalpur,2152,191
Madhya Pradesh,Jhabua,1930,51
Madhya Pradesh,Katni,772,64
Madhya Pradesh,Khandwa,1157,24
Madhya Pradesh,Khargone,2286,55
Madhya Pradesh,Mandla,524,14
Madhya Pradesh,Mandsaur,442,10
Madhya Pradesh,Morena,798,15
Madhya Pradesh,Narsinghpur,447,66
Madhya Pradesh,Neemuch,10,4
Madhya Pradesh,Panna,1799,30
Madhya Pradesh,Raisen,3056,62
Madhya Pradesh,Rajgarh,820,66
Madhya Pradesh,Ratlam,166,6
Madhya Pradesh,Rewa,5555,175
Madhya Pradesh,Sagar,1024,40
Madhya Pradesh,Satna,7994,164
Madhya Pradesh,Sehore,5291,98
Madhya Pradesh,Seoni,2074,45
Madhya Pradesh,Shahdol,1044,33
Madhya Pradesh,Shajapur,10,0
Madhya Pradesh,Sheopur,46,2
Madhya Pradesh,Shivpuri,1408,16
Madhya Pradesh,Sidhi,3631,32
Madhya Pradesh,Singrauli,1123,2
Madhya Pradesh,Tikamgarh,286,21
Madhya Pradesh,Ujjain,1726,179
Madhya Pradesh,Umaria,1693,28
Madhya Pradesh,Vidisha,796,229
Maharashtra,Ahmadnagar,1738,67
Maharashtra,Ahmed Nagar,59,5
Maharashtra,Akola,2305,84
Maharashtra,Amravati,3230,169
Maharashtra,Aurangabad,1340,58
Maharashtra,Beed,2462,57
Maharashtra,Bhandara,249,149
Maharashtra,Buldhana,1989,21
Maharashtra,Chandrapur,2117,75
Maharashtra,Dhule,1034,90
Maharashtra,Gadchiroli,140,1
Maharashtra,Gondia,6,0
Maharashtra,Gondiya,1007,72
Maharashtra,Hingoli,114,2
Maharashtra,Jalgaon,4069,73
Maharashtra,Jalna,533,128
Maharashtra,Kolhapur,4170,55
Maharashtra,Latur,702,41
Maharashtra,Mumbai,10095,197
Maharashtra,Mumbai City,8,0
Maharashtra,Mumbai( Sub Urban ),1,0
Maharashtra,Nagpur,2661,295
Maharashtra,Nanded,802,22
Maharashtra,Nandurbar,2499,32
Maharashtra,Nashik,4233,126
Maharashtra,Osmanabad,5651,34
Maharashtra,Parbhani,254,20
Maharashtra,Pune,10271,127
Maharashtra,Raigarh,877,4
Maharashtra,Raigarh(MH),22,0
Maharashtra,Ratnagiri,1236,6
Maharashtra,Sangli,2858,81
Maharashtra,Satara,3288,25
Maharashtra,Sindhudurg,116,1
Maharashtra,Solapur,7938,62
Maharashtra,Thane,8665,543
Maharashtra,Wardha,346,132
Maharashtra,Washim,465,33
Maharashtra,Yavatmal,930,39
Manipur,Bishnupur,4,0
Manipur,Chandel,1,1
Manipur,Churachandpur,16,0
Manipur,Imphal East,12,0
Manipur,Imphal West,77,0
Manipur,Tamenglong,3,0
Manipur,Thoubal,4,1
Meghalaya,East Garo Hills,1,0
Meghalaya,East Khasi Hills,8,0
Meghalaya,Ri Bhoi,1,0
Meghalaya,West Garo Hills,1,0
Meghalaya,West Khasi Hills,1,0
Nagaland,Dimapur,1824,0
Nagaland,Kohima,505,0
Nagaland,Longleng,1,0
Nagaland,Mokokchung,1044,1
Nagaland,Mon,1,1
Nagaland,Phek,102,0
Nagaland,Tuensang,1,7
Nagaland,Wokha,607,2
Nagaland,Zunheboto,267,1
Odisha,Angul,2,0
Odisha,Balangir,435,3
Odisha,Baleswar,334,87
Odisha,Balianta,0,1
Odisha,Bargarh,2425,2503
Odisha,Bhadrak,2911,713
Odisha,Boudh,1,0
Odisha,Cuttack,73,70
Odisha,Dhenkanal,10,0
Odisha,Gajapati,3,2
Odisha,Ganjam,3268,1245
Odisha,Jagatsinghapur,2220,206
Odisha,Jajapur,25,0
Odisha,Jharsuguda,1,0
Odisha,Kalahandi,2,0
Odisha,Kandhamal,749,0
Odisha,Kendrapara,5584,294
Odisha,Kendujhar,1075,113
Odisha,Khorda,18,0
Odisha,Khordha,82,386
Odisha,Koraput,49,11
Odisha,Mayurbhanj,443,40
Odisha,Nabarangapur,1,0
Odisha,Nayagarh,11,1
Odisha,Nuapada,1,0
Odisha,Puri,2322,780
Odisha,Rayagada,10,0
Odisha,Sambalpur,139,240
Odisha,Sonapur,10,0
Odisha,Sundergarh,6719,327
Others,Others,0,7229
Puducherry,Pondicherry,69,5
Puducherry,Puducherry,276,58
Puducherry,Yanam,28,23
Punjab,Amritsar,2373,175
Punjab,Barnala,954,47
Punjab,Bathinda,2545,187
Punjab,Faridkot,868,15
Punjab,Fatehgarh Sahib,286,20
Punjab,Fazilka,976,92
Punjab,Ferozepur,1310,12
Punjab,Gurdaspur,4342,98
Punjab,Hoshiarpur,1856,28
Punjab,Jalandhar,2038,59
Punjab,Kapurthala,553,40
Punjab,Ludhiana,9456,258
Punjab,Mansa,1175,17
Punjab,Moga,649,29
Punjab,Muktsar,146,3
Punjab,Nawanshahr,0,2
Punjab,Pathankot,209,28
Punjab,Patiala,7513,114
Punjab,Rupnagar,515,21
Punjab,SAS Nagar (Mohali),1410,20
Punjab,Sangrur,7523,17
Punjab,Shaheed Bhagat Singh Nagar,699,31
Punjab,Sri Muktsar Sahib,981,22
Punjab,Tarn Taran,692,9
Rajasthan,Ajmer,3811,209
Rajasthan,Alwar,5681,176
Rajasthan,Banswara,897,18
Rajasthan,Baran,493,39
Rajasthan,Barmer,1874,192
Rajasthan,Bharatpur,1445,19
Rajasthan,Bhilwara,552,13
Rajasthan,Bikaner,1121,85
Rajasthan,Bundi,374,17
Rajasthan,Chittorgarh,1102,12
Rajasthan,Churu,3997,103
Rajasthan,Dausa,4927,116
Rajasthan,Dholpur,312,5
Rajasthan,Dungarpur,956,8
Rajasthan,Ganganagar,846,11
Rajasthan,Hanumangarh,2288,38
Rajasthan,Jaipur,4980,139
Rajasthan,Jaisalmer,246,0
Rajasthan,Jalor,1666,135
Rajasthan,Jhalawar,770,13
Rajasthan,Jhunjhunu,301,4
Rajasthan,Jhunjhunun,3567,68
Rajasthan,Jodhpur,2842,59
Rajasthan,Karauli,1035,17
Rajasthan,Kota,310,72
Rajasthan,Nagaur,2683,77
Rajasthan,Pali,1443,60
Rajasthan,Pratapgarh,1049,12
Rajasthan,Rajsamand,644,101
Rajasthan,Sawai Madhopur,640,16
Rajasthan,Sikar,4782,57
Rajasthan,Sirohi,760,74
Rajasthan,Tonk,892,26
Rajasthan,Udaipur,3623,309
Sikkim,East Sikkim,99,0
Sikkim,North Sikkim,38,2
Sikkim,South Sikkim,29,0
Sikkim,West Sikkim,35,1
Tamil Nadu,Ariyalur,15,1
Tamil Nadu,Chennai,699,2
Tamil Nadu,Coimbatore,982,21
Tamil Nadu,Cuddalore,898,3
Tamil Nadu,Dharmapuri,2435,8
Tamil Nadu,Dindigul,2173,61
Tamil Nadu,Erode,7,1
Tamil Nadu,Kancheepuram,2704,64
Tamil Nadu,Kanchipuram,813,0
Tamil Nadu,Kanniyakumari,1856,25
Tamil Nadu,Kanyakumari,53,0
Tamil Nadu,Karur,2,0
Tamil Nadu,Krishnagiri,786,39
Tamil Nadu,Madurai,9973,126
Tamil Nadu,Nagapattinam,298,8
Tamil Nadu,Namakkal,1466,167
Tamil Nadu,Perambalur,2,0
Tamil Nadu,Pudukkottai,8,0
Tamil Nadu,Ramanathapuram,513,175
Tamil Nadu,Salem,2642,840
Tamil Nadu,Sivaganga,200,29
Tamil Nadu,Thanjavur,875,139
Tamil Nadu,The Nilgiris,4,0
Tamil Nadu,Theni,921,335
Tamil Nadu,Thiruvarur,195,13
Tamil Nadu,Thoothukkudi,3721,20
Tamil Nadu,Tiruchirappalli,2168,37
Tamil Nadu,Tirunelveli,3715,53
Tamil Nadu,Tiruppur,1768,2
Tamil Nadu,Tiruvallur,108,1
Tamil Nadu,Tiruvannamalai,91,65
Tamil Nadu,Tiruvarur,5,0
Tamil Nadu,Vellore,6155,59
Tamil Nadu,Villupuram,48,0
Tamil Nadu,Viluppuram,2638,171
Tamil Nadu,Virudhunagar,591,28
Tripura,Dhalai,24,4
Tripura,Gomati,5,0
Tripura,Khowai,79,0
Tripura,North Tripura,12,0
Tripura,Sepahijala,1,0
Tripura,South Tripura,2,7
Tripura,Unakoti,2,0
Tripura,West Tripura,25,4
Uttar Pradesh,Agra,41,8
Uttar Pradesh,Aligarh,103,6
Uttar Pradesh,Allahabad,82,2
Uttar Pradesh,Ambedkar Nagar,41,2
Uttar Pradesh,Amethi,115,3
Uttar Pradesh,Amroha,4,0
Uttar Pradesh,Auraiya,18,3
Uttar Pradesh,Azamgarh,168,1
Uttar Pradesh,Baghpat,51,1
Uttar Pradesh,Bagpat,3,0
Uttar Pradesh,Bahraich,32,0
Uttar Pradesh,Ballia,161,3
Uttar Pradesh,Balrampur,19,0
Uttar Pradesh,Banda,32,0
Uttar Pradesh,Bara Banki,145,10
Uttar Pradesh,Barabanki,0,3
Uttar Pradesh,Bareilly,19,4
Uttar Pradesh,Basti,182,1
Uttar Pradesh,Bijnor,22,0
Uttar Pradesh,Budaun,20,1
Uttar Pradesh,Bulandshahar,3,0
Uttar Pradesh,Bulandshahr,45,0
Uttar Pradesh,Chandauli,39,2
Uttar Pradesh,Chitrakoot,269,2
Uttar Pradesh,Deoria,67,5
Uttar Pradesh,Etah,22,1
Uttar Pradesh,Etawah,1861,91
Uttar Pradesh,Faizabad,407,16
Uttar Pradesh,Farrukhabad,35,0
Uttar Pradesh,Fatehpur,245,0
Uttar Pradesh,Firozabad,50,13
Uttar Pradesh,Gautam Buddha Nagar,85,2
Uttar Pradesh,Ghaziabad,574,165
Uttar Pradesh,Ghazipur,145,3
Uttar Pradesh,Gonda,189,1
Uttar Pradesh,Gorakhpur,147,6
Uttar Pradesh,Hamirpur,17,0
Uttar Pradesh,Hardoi,547,15
Uttar Pradesh,Hathras,17,0
Uttar Pradesh,Jalaun,23,0
Uttar Pradesh,Jaunpur,81,0
Uttar Pradesh,Jhansi,26,0
Uttar Pradesh,Jyotiba Phule Nagar,1,0
Uttar Pradesh,Kannauj,18,0
Uttar Pradesh,Kanpur Dehat,22,2
Uttar Pradesh,Kanpur Nagar,32,10
Uttar Pradesh,Kasganj,4,0
Uttar Pradesh,Kaushambi,9,0
Uttar Pradesh,Kheri,11,0
Uttar Pradesh,Kushinagar,44,1
Uttar Pradesh,Lalitpur,5,0
Uttar Pradesh,Lucknow,30,11
Uttar Pradesh,Maharajganj,701,0
Uttar Pradesh,Mahoba,32,10
Uttar Pradesh,Mahrajganj,2,0
Uttar Pradesh,Mainpuri,102,2
Uttar Pradesh,Mathura,30,1
Uttar Pradesh,Mau,44,0
Uttar Pradesh,Meerut,74,4
Uttar Pradesh,Mirzapur,30,1
Uttar Pradesh,Moradabad,16,1
Uttar Pradesh,Muzaffarnagar,44,0
Uttar Pradesh,Pilibhit,229,0
Uttar Pradesh,Pratapgarh,77,3
Uttar Pradesh,Rae Bareli,47,2
Uttar Pradesh,Raebareli,12,0
Uttar Pradesh,Rampur,7,0
Uttar Pradesh,Saharanpur,250,1
Uttar Pradesh,Sambhal,2,0
Uttar Pradesh,Sant Kabir Nagar,93,5
Uttar Pradesh,Sant Ravidas Nagar,53,7
Uttar Pradesh,Sant Ravidas Nagar Bhadohi,1,1
Uttar Pradesh,Shahjahanpur,8,1
Uttar Pradesh,Shamli,15,0
Uttar Pradesh,Shrawasti,1359,0
Uttar Pradesh,Siddharthnagar,31,2
Uttar Pradesh,Sitapur,199,7
Uttar Pradesh,Sonbhadra,27,1
Uttar Pradesh,Sultanpur,49,3
Uttar Pradesh,Unnao,28,1
Uttar Pradesh,Varanasi,46,2
Uttarakhand,Almora,29,1
Uttarakhand,Bageshwar,7,0
Uttarakhand,Chamoli,14,0
Uttarakhand,Champawat,1012,0
Uttarakhand,Dehradun,2577,1
Uttarakhand,Garhwal,6,0
Uttarakhand,Hardwar,1,0
Uttarakhand,Haridwar,1441,1
Uttarakhand,Nainital,21,2
Uttarakhand,Pauri Garhwal,32,2
Uttarakhand,Pithoragarh,20,0
Uttarakhand,Rudraprayag,8,0
Uttarakhand,Tehri Garhwal,1668,1
Uttarakhand,Udham Singh Nagar,1747,5
Uttarakhand,Uttarkashi,7,0
West Bengal,Bankura,22,0
West Bengal,Barddhaman,364,88
West Bengal,Bardhaman,697,21
West Bengal,Birbhum,14,0
West Bengal,Cooch Behar,8251,58
West Bengal,Dakshin Dinajpur,7030,200
West Bengal,Darjeeling,658,10
West Bengal,East Midnapore,122,21
West Bengal,Hooghly,7919,19
West Bengal,Howrah,193,4
West Bengal,Jalpaiguri,641,11
West Bengal,Kolkata,2900,66
West Bengal,Malda,8838,30
West Bengal,Medinipur,136,25
West Bengal,Murshidabad,5890,96
West Bengal,Nadia,3194,114
West Bengal,North 24 Parganas,63,40
West Bengal,North Dinajpur,4433,1
West Bengal,Purulia,29,0
West Bengal,South 24 Parganas,14,1
West Bengal,South Dinajpur,550,23
West Bengal,South Twenty Four Parganas,2101,129
West Bengal,West Midnapore,942,16
