State,District,Aadhaar generated,Enrolment Rejected
Andhra Pradesh,Adilabad,1280,91
Andhra Pradesh,Anantapur,1,13
Andhra Pradesh,Ananthapur,2253,271
Andhra Pradesh,Chittoor,524,1607
Andhra Pradesh,Cuddapah,877,521
Andhra Pradesh,East Godavari,419,1122
Andhra Pradesh,Guntur,2205,714
Andhra Pradesh,Hyderabad,4767,643
Andhra Pradesh,K.V.Rangareddy,2,2
Andhra Pradesh,K.v. Rangareddy,8091,824
Andhra Pradesh,Karimnagar,2384,608
Andhra Pradesh,Khammam,458,218
Andhra Pradesh,Krishna,3070,597
Andhra Pradesh,Kurnool,445,2356
Andhra Pradesh,Mahabub Nagar,176,3071
Andhra Pradesh,Mahabubnagar,3833,314
Andhra Pradesh,Mahbubnagar,46,654
Andhra Pradesh,Medak,1434,541
Andhra Pradesh,Nalgonda,540,316
Andhra Pradesh,Nellore,445,258
Andhra Pradesh,Nizamabad,1244,231
Andhra Pradesh,Prakasam,1851,218
Andhra Pradesh,Srikakulam,53,2060
Andhra Pradesh,Visakhapatnam,1019,547
Andhra Pradesh,Vizianagaram,49,36
Andhra Pradesh,Warangal,3034,492
Andhra Pradesh,West Godavari,5837,208
Assam,Baksa,1,0
Assam,Barpeta,4,0
Assam,Bongaigaon,1,0
Assam,Cachar,1,0
Assam,Chirang,1,0
Assam,Darrang,1,0
Assam,Dhubri,2,0
Assam,Jorhat,1,0
Assam,Kamrup,4,0
Assam,Kamrup Metro,1,0
Assam,Karbi Anglong,2,0
Assam,Karimganj,1,0
Assam,Kokrajhar,1,0
Assam,Marigaon,1,0
Assam,Nagaon,6,1
Assam,Nalbari,2,0
Assam,Sibsagar,2,0
Assam,Sonitpur,2,0
Assam,Udalguri,1,0
Bihar,Araria,10,4
Bihar,Arwal,594,2
Bihar,Aurangabad,21,1
Bihar,Aurangabad(BH),0,2
Bihar,Banka,29,5
Bihar,Begusarai,23,0
Bihar,Bhabua,1,0
Bihar,Bhagalpur,30,6
Bihar,Bhojpur,44,4
Bihar,Buxar,20,3
Bihar,Darbhanga,83,17
Bihar,East Champaran,23,4
Bihar,Gaya,36,3
Bihar,Gopalganj,35,5
Bihar,Jamui,25,1
Bihar,Jehanabad,10,1
Bihar,Kaimur (Bhabua),9,1
Bihar,Katihar,14,1
Bihar,Khagaria,19,0
Bihar,Kishanganj,15,0
Bihar,Lakhisarai,14,1
Bihar,Madhepura,10,0
Bihar,Madhubani,48,8
Bihar,Munger,27,2
Bihar,Muzaffarpur,32,2
Bihar,Nalanda,51,7
Bihar,Nawada,16,3
Bihar,Patna,50,7
Bihar,Purnia,19,2
Bihar,Rohtas,59,6
Bihar,Saharsa,15,3
Bihar,Samastipur,48,3
Bihar,Saran,69,8
Bihar,Sheikhpura,9,0
Bihar,Sheohar,86,1
Bihar,Sitamarhi,35,4
Bihar,Siwan,32,4
Bihar,Supaul,6,4
Bihar,Vaishali,29,8
Bihar,West Champaran,27,2
Chandigarh,Chandigarh,284,79
Chandigarh,Mohali,4,0
Chhattisgarh,Balod,17,1
Chhattisgarh,Balrampur,1,0
Chhattisgarh,Bastar,2,0
Chhattisgarh,Bemetara,1,0
Chhattisgarh,Bilaspur,56,0
Chhattisgarh,Dhamtari,559,5
Chhattisgarh,Durg,14,8
Chhattisgarh,Gariyaband ,1,0
Chhattisgarh,Janjgir Champa,4,0
Chhattisgarh,Janjgir-champa,1,0
Chhattisgarh,Jashpur,3,0
Chhattisgarh,Kawardha,1,0
Chhattisgarh,Korba,286,0
Chhattisgarh,Koriya,876,8
Chhattisgarh,Mahasamund,4,0
Chhattisgarh,Raigarh,50,0
Chhattisgarh,Raipur,5,0
Chhattisgarh,Rajnandgaon,9,0
Dadra and Nagar Haveli,Dadra and Nagar Haveli,43,8
Daman and Diu,Daman,25,5
Daman and Diu,Diu,1,0
Delhi,Central Delhi,104,119
Delhi,East Delhi,418,627
Delhi,Najafgarh,51,27
Delhi,New Delhi,27,15
Delhi,North Delhi,274,144
Delhi,North East,86,893
Delhi,North East Delhi,786,302
Delhi,North West Delhi,1008,1658
Delhi,South Delhi,1627,403
Delhi,South West Delhi,373,272
Delhi,West Delhi,543,759
Goa,Bardez,0,1
Goa,North Goa,118,244
Goa,South Goa,7,128
Gujarat,Ahmadabad,7,0
Gujarat,Ahmedabad,393,112
Gujarat,Amreli,171,33
Gujarat,Anand,614,25
Gujarat,Banaskantha,108,17
Gujarat,Bharuch,54,4
Gujarat,Bhavnagar,270,51
Gujarat,Dahod,8,3
Gujarat,Dohad,258,15
Gujarat,Gandhinagar,664,29
Gujarat,Jamnagar,31,39
Gujarat,Junagadh,130,36
Gujarat,Kachchh,158,7
Gujarat,Kheda,243,31
Gujarat,Mahesana,319,56
Gujarat,Narmada,25,2
Gujarat,Navsari,130,17
Gujarat,Panchmahals,70,26
Gujarat,Patan,318,35
Gujarat,Porbandar,79,9
Gujarat,Rajkot,697,53
Gujarat,Sabarkantha,185,17
Gujarat,Surat,111,111
Gujarat,Surendra Nagar,395,6
Gujarat,Tapi,134,9
Gujarat,The Dangs,22,1
Gujarat,Vadodara,585,32
Gujarat,Valsad,236,31
Haryana,Ambala,1286,189
Haryana,Bhiwani,1235,42
Haryana,Faridabad,1561,62
Haryana,Fatehabad,378,4
Haryana,Gurgaon,399,69
Haryana,Hisar,1618,43
Haryana,Jhajjar,549,43
Haryana,Jind,132,4
Haryana,Kaithal,593,51
Haryana,Karnal,3369,21
Haryana,Kurukshetra,5819,36
Haryana,Mahendragarh,447,5
Haryana,Mewat,48,4
Haryana,Palwal,382,33
Haryana,Panchkula,1467,25
Haryana,Panipat,280,24
Haryana,Rewari,227,44
Haryana,Rohtak,598,34
Haryana,Sirsa,395,32
Haryana,Sonipat,728,328
Haryana,Yamuna Nagar,947,13
Himachal Pradesh,Bilaspur,21,20
Himachal Pradesh,Bilaspur ,5,0
Himachal Pradesh,Chamba,50,76
Himachal Pradesh,Hamirpur,22,22
Himachal Pradesh,Kangra,305,149
Himachal Pradesh,Kinnaur,2,0
Himachal Pradesh,Kullu,40,30
Himachal Pradesh,Lahul and Spiti,1,0
Himachal Pradesh,Mandi,227,114
Himachal Pradesh,Shimla,159,26
Himachal Pradesh,Sirmaur,300,39
Himachal Pradesh,Solan,111,26
Himachal Pradesh,Una,65,3
Jammu and Kashmir,Anantnag,1,0
Jammu and Kashmir,Badgam,1,0
Jammu and Kashmir,Doda,3,0
Jammu and Kashmir,Jammu,13,0
Jammu and Kashmir,Kathua,5,0
Jammu and Kashmir,Kupwara,1,0
Jammu and Kashmir,Leh,1,0
Jammu and Kashmir,Pulwama,1,0
Jammu and Kashmir,Rajouri,4,0
Jammu and Kashmir,Udhampur,6,0
Jharkhand,Bokaro,693,220
Jharkhand,Chatra,630,194
Jharkhand,Deoghar,610,286
Jharkhand,Dhanbad,211,96
Jharkhand,Dumka,521,111
Jharkhand,East Singhbhum,497,183
Jharkhand,Garhwa,102,27
Jharkhand,Giridih,330,493
Jharkhand,Godda,1700,286
Jharkhand,Gumla,84,57
Jharkhand,Hazaribag,2,1
Jharkhand,Hazaribagh,720,480
Jharkhand,Jamtara,44,59
Jharkhand,Khunti,60,59
Jharkhand,Kodarma,1,0
Jharkhand,Koderma,160,124
Jharkhand,Latehar,183,58
Jharkhand,Lohardaga,41,22
Jharkhand,Pakaur,25,0
Jharkhand,Pakur,316,86
Jharkhand,Palamau,1,1
Jharkhand,Palamu,85,85
Jharkhand,Ramgarh,217,60
Jharkhand,Ranchi,1161,455
Jharkhand,Sahebganj,378,64
Jharkhand,Seraikela-Kharsawan,403,165
Jharkhand,Simdega,55,89
Jharkhand,West Singhbhum,325,52
Karnataka,Bagalkot,119,45
Karnataka,Bangalore,1956,397
Karnataka,Bangalore Rural,84,97
Karnataka,Belgaum,2155,615
Karnataka,Bellary,408,175
Karnataka,Bidar,18,83
Karnataka,Bijapur,328,100
Karnataka,Chamrajanagar,262,20
Karnataka,Chickmagalur,138,26
Karnataka,Chikkaballapur,79,220
Karnataka,Chitradurga,496,114
Karnataka,Dakshina Kannada,235,36
Karnataka,Davangere,877,97
Karnataka,Dharwad,780,1534
Karnataka,Gadag,70,21
Karnataka,Gulbarga,220,89
Karnataka,Hasan,330,16
Karnataka,Hassan,7,1
Karnataka,Haveri,38,475
Karnataka,Kodagu,47,236
Karnataka,Kolar,191,165
Karnataka,Koppal,249,29
Karnataka,Mandya,222,81
Karnataka,Mysore,120,221
Karnataka,Raichur,147,11
Karnataka,Ramanagar,339,100
Karnataka,Shimoga,433,26
Karnataka,Tumkur,54,303
Karnataka,Udupi,51,30
Karnataka,Uttara Kannada,61,420
Karnataka,Yadgir,94,278
Kerala,Alappuzha,258,3372
Kerala,Ernakulam,153,1504
Kerala,Idukki,181,221
Kerala,Kannur,201,826
Kerala,Kasaragod,158,1042
Kerala,Kasargod,762,627
Kerala,Kollam,245,2549
Kerala,Kottayam,108,218
Kerala,Kozhikode,577,3325
Kerala,Malappuram,1459,423
Kerala,Palakkad,30,597
Kerala,Pathanamthitta,114,1338
Kerala,Thiruvananthapuram,108,1878
Kerala,Thrissur,134,1665
Kerala,Wayanad,58,601
Madhya Pradesh,Alirajpur,140,26
Madhya Pradesh,Anuppur,112,11
Madhya Pradesh,Ashok Nagar,88,6
Madhya Pradesh,Balaghat,281,26
Madhya Pradesh,Barwani,286,210
Madhya Pradesh,Betul,231,42
Madhya Pradesh,Bhind,574,49
Madhya Pradesh,Bhopal,773,404
Madhya Pradesh,Burhanpur,2,2
Madhya Pradesh,Chhatarpur,511,99
Madhya Pradesh,Chhindwara,2126,93
Madhya Pradesh,Damoh,82,41
Madhya Pradesh,Datia,97,4
Madhya Pradesh,Dewas,264,87
Madhya Pradesh,Dhar,601,61
Madhya Pradesh,Dindori,723,25
Madhya Pradesh,Guna,419,67
Madhya Pradesh,Gwalior,800,345
Madhya Pradesh,Harda,68,116
Madhya Pradesh,Hoshangabad,243,637
Madhya Pradesh,Indore,830,252
Madhya Pradesh,Jabalpur,1098,269
Madhya Pradesh,Jhabua,165,50
Madhya Pradesh,Katni,472,62
Madhya Pradesh,Khandwa,103,212
Madhya Pradesh,Khargone,295,73
Madhya Pradesh,Mandla,223,11
Madhya Pradesh,Mandsaur,534,338
Madhya Pradesh,Morena,316,9
Madhya Pradesh,Narsinghpur,95,133
Madhya Pradesh,Neemuch,200,96
Madhya Pradesh,Panna,794,38
Madhya Pradesh,Raisen,327,116
Madhya Pradesh,Rajgarh,808,93
Madhya Pradesh,Ratlam,463,291
Madhya Pradesh,Rewa,2209,253
Madhya Pradesh,Sagar,843,61
Madhya Pradesh,Satna,1030,495
Madhya Pradesh,Sehore,2562,118
Madhya Pradesh,Seoni,2229,114
Madhya Pradesh,Shahdol,199,34
Madhya Pradesh,Shajapur,125,9
Madhya Pradesh,Sheopur,37,7
Madhya Pradesh,Shivpuri,119,39
Madhya Pradesh,Sidhi,739,59
Madhya Pradesh,Singrauli,443,8
Madhya Pradesh,Tikamgarh,266,8
Madhya Pradesh,Ujjain,1001,195
Madhya Pradesh,Umaria,308,19
Madhya Pradesh,Vidisha,594,328
Maharashtra,Ahmadnagar,970,95
Maharashtra,Ahmed Nagar,15,60
Maharashtra,Akola,527,61
Maharashtra,Amravati,1781,498
Maharashtra,Aurangabad,923,263
Maharashtra,Beed,2376,335
Maharashtra,Bhandara,180,358
Maharashtra,Buldhana,1511,75
Maharashtra,Chandrapur,751,515
Maharashtra,Dhule,1506,562
Maharashtra,Gadchiroli,94,16
Maharashtra,Gondia,6,3
Maharashtra,Gondiya,391,199
Maharashtra,Hingoli,77,11
Maharashtra,Jalgaon,6131,456
Maharashtra,Jalna,1429,324
Maharashtra,Kolhapur,1345,89
Maharashtra,Latur,403,62
Maharashtra,Mumbai,5104,873
Maharashtra,Mumbai City,10,6
Maharashtra,Mumbai( Sub Urban ),2,0
Maharashtra,Nagpur,1728,1038
Maharashtra,Nanded,434,43
Maharashtra,Nandurbar,1736,459
Maharashtra,Nashik,6142,379
Maharashtra,Osmanabad,121,27
Maharashtra,Parbhani,275,20
Maharashtra,Pune,3703,594
Maharashtra,Raigarh,459,56
Maharashtra,Raigarh(MH),3,20
Maharashtra,Ratnagiri,112,25
Maharashtra,Sangli,1291,726
Maharashtra,Satara,533,102
Maharashtra,Sindhudurg,48,1
Maharashtra,Solapur,1522,105
Maharashtra,Thane,6646,1169
Maharashtra,Wardha,98,165
Maharashtra,Washim,1007,105
Maharashtra,Yavatmal,1454,56
Manipur,Chandel,0,2
Manipur,Imphal East,5,0
Manipur,Imphal West,7,0
Manipur,Senapati,0,1
Manipur,Tamenglong,0,1
Manipur,Thoubal,0,2
Manipur,Ukhrul,1,0
Meghalaya,East Khasi Hills,2,0
Mizoram,Aizawl,2,0
Nagaland,Dimapur,216,107
Nagaland,Kohima,19,146
Nagaland,Longleng,1,0
Nagaland,Mokokchung,122,157
Nagaland,Mon,0,2
Nagaland,Phek,7,34
Nagaland,Wokha,64,47
Nagaland,Zunheboto,35,19
Odisha,Angul,1,0
Odisha,Balangir,134,115
Odisha,Baleswar,57,72
Odisha,Bargarh,255,150
Odisha,Bhadrak,312,1737
Odisha,Cuttack,216,584
Odisha,Debagarh,1,0
Odisha,Dhenkanal,7,0
Odisha,Gajapati,1,0
Odisha,Ganjam,140,270
Odisha,Jagatsinghapur,100,487
Odisha,Jajapur,21,1
Odisha,Jharsuguda,1,0
Odisha,Kalahandi,2,0
Odisha,Kandhamal,13,48
Odisha,Kendrapara,88,575
Odisha,Kendujhar,253,45
Odisha,Khorda,12,1
Odisha,Khordha,457,306
Odisha,Koraput,6,2
Odisha,Mayurbhanj,393,9
Odisha,Nayagarh,3,3
Odisha,Puri,345,190
Odisha,Rayagada,1,0
Odisha,Sambalpur,81,1
Odisha,Sonapur,2,20
Odisha,Sundergarh,940,86
Others,Others,0,1249
Puducherry,Karaikal,0,1
Puducherry,Pondicherry,0,2
Puducherry,Puducherry,86,63
Puducherry,Yanam,122,110
Punjab,Amritsar,123,112
Punjab,Barnala,367,146
Punjab,Bathinda,328,78
Punjab,Faridkot,189,26
Punjab,Fatehgarh Sahib,133,59
Punjab,Fazilka,160,70
Punjab,Ferozepur,53,33
Punjab,Gurdaspur,814,462
Punjab,Hoshiarpur,136,42
Punjab,Jalandhar,386,156
Punjab,Kapurthala,42,46
Punjab,Ludhiana,1450,365
Punjab,Mansa,46,15
Punjab,Moga,76,7
Punjab,Muktsar,9,1
Punjab,Pathankot,37,82
Punjab,Patiala,310,199
Punjab,Rupnagar,119,67
Punjab,SAS Nagar (Mohali),869,81
Punjab,Sangrur,326,42
Punjab,Shaheed Bhagat Singh Nagar,51,51
Punjab,Sri Muktsar Sahib,87,55
Punjab,Tarn Taran,30,5
Rajasthan,Ajmer,3337,422
Rajasthan,Alwar,1508,491
Rajasthan,Banswara,179,49
Rajasthan,Baran,181,76
Rajasthan,Barmer,471,196
Rajasthan,Bharatpur,679,73
Rajasthan,Bhilwara,1021,62
Rajasthan,Bikaner,264,99
Rajasthan,Bundi,95,47
Rajasthan,Chittorgarh,385,43
Rajasthan,Churu,457,277
Rajasthan,Dausa,617,477
Rajasthan,Dholpur,404,20
Rajasthan,Dungarpur,185,48
Rajasthan,Ganganagar,319,40
Rajasthan,Hanumangarh,648,63
Rajasthan,Jaipur,3209,341
Rajasthan,Jaisalmer,8,9
Rajasthan,Jalor,712,148
Rajasthan,Jhalawar,421,42
Rajasthan,Jhunjhunu,140,37
Rajasthan,Jhunjhunun,422,82
Rajasthan,Jodhpur,1159,162
Rajasthan,Karauli,312,29
Rajasthan,Kota,467,108
Rajasthan,Nagaur,1034,143
Rajasthan,Pali,408,95
Rajasthan,Pratapgarh,14,41
Rajasthan,Rajsamand,292,83
Rajasthan,Sawai Madhopur,260,50
Rajasthan,Sikar,1482,170
Rajasthan,Sirohi,459,68
Rajasthan,Tonk,218,106
Rajasthan,Udaipur,1184,790
Sikkim,East Sikkim,19,6
Sikkim,North Sikkim,6,2
Sikkim,South Sikkim,2,4
Sikkim,West Sikkim,17,16
Tamil Nadu,Ariyalur,0,3
Tamil Nadu,Chennai,1303,49
Tamil Nadu,Coimbatore,225,190
Tamil Nadu,Cuddalore,40,433
Tamil Nadu,Dharmapuri,114,13
Tamil Nadu,Dindigul,135,17
Tamil Nadu,Erode,2,286
Tamil Nadu,Kancheepuram,336,10
Tamil Nadu,Kanchipuram,10,83
Tamil Nadu,Kanniyakumari,10,7
Tamil Nadu,Karur,3,10
Tamil Nadu,Krishnagiri,245,11
Tamil Nadu,Madurai,662,104
Tamil Nadu,Nagapattinam,13,39
Tamil Nadu,Namakkal,190,20
Tamil Nadu,Nilgiris,1,0
Tamil Nadu,Perambalur,0,49
Tamil Nadu,Pudukkottai,0,249
Tamil Nadu,Ramanathapuram,1403,16
Tamil Nadu,Salem,325,501
Tamil Nadu,Sivaganga,32,11
Tamil Nadu,Thanjavur,126,136
Tamil Nadu,The Nilgiris,1,0
Tamil Nadu,Theni,160,141
Tamil Nadu,Thiruvarur,63,5
Tamil Nadu,Thoothukkudi,55,46
Tamil Nadu,Tiruchirappalli,250,90
Tamil Nadu,Tirunelveli,1375,35
Tamil Nadu,Tiruppur,608,80
Tamil Nadu,Tiruvallur,8,13
Tamil Nadu,Tiruvannamalai,142,511
Tamil Nadu,Tiruvarur,1,0
Tamil Nadu,Vellore,30,44
Tamil Nadu,Villupuram,1,6
Tamil Nadu,Viluppuram,306,94
Tamil Nadu,Virudhunagar,255,288
Tripura,Dhalai,4,4
Tripura,Gomati,0,4
Tripura,Khowai,0,1
Tripura,North Tripura,10,17
Tripura,South Tripura,0,6
Tripura,West Tripura,0,4
Uttar Pradesh,Agra,37,1
Uttar Pradesh,Aligarh,488,4
Uttar Pradesh,Allahabad,41,4
Uttar Pradesh,Ambedkar Nagar,23,3
Uttar Pradesh,Amethi,47,36
Uttar Pradesh,Amroha,7,1
Uttar Pradesh,Auraiya,17,7
Uttar Pradesh,Azamgarh,63,9
Uttar Pradesh,Baghpat,15,3
Uttar Pradesh,Bahraich,16,0
Uttar Pradesh,Ballia,53,8
Uttar Pradesh,Balrampur,9,0
Uttar Pradesh,Banda,10,1
Uttar Pradesh,Bara Banki,353,138
Uttar Pradesh,Barabanki,2,0
Uttar Pradesh,Bareilly,19,2
Uttar Pradesh,Basti,416,7
Uttar Pradesh,Bijnor,25,2
Uttar Pradesh,Budaun,17,2
Uttar Pradesh,Bulandshahar,5,1
Uttar Pradesh,Bulandshahr,33,1
Uttar Pradesh,Chandauli,13,1
Uttar Pradesh,Chitrakoot,43,1
Uttar Pradesh,Deoria,26,11
Uttar Pradesh,Etah,13,0
Uttar Pradesh,Etawah,858,43
Uttar Pradesh,Faizabad,87,57
Uttar Pradesh,Farrukhabad,9,0
Uttar Pradesh,Fatehpur,31,2
Uttar Pradesh,Firozabad,14,6
Uttar Pradesh,Gautam Buddha Nagar,47,4
Uttar Pradesh,Ghaziabad,177,58
Uttar Pradesh,Ghazipur,61,6
Uttar Pradesh,Gonda,82,7
Uttar Pradesh,Gorakhpur,90,5
Uttar Pradesh,Hamirpur,6,0
Uttar Pradesh,Hardoi,61,2
Uttar Pradesh,Hathras,31,2
Uttar Pradesh,Jalaun,9,0
Uttar Pradesh,Jaunpur,60,1
Uttar Pradesh,Jhansi,12,3
Uttar Pradesh,Jyotiba Phule Nagar,2,0
Uttar Pradesh,Kannauj,15,2
Uttar Pradesh,Kanpur Dehat,19,1
Uttar Pradesh,Kanpur Nagar,80,9
Uttar Pradesh,Kasganj,9,0
Uttar Pradesh,Kaushambi,8,1
Uttar Pradesh,Kheri,7,3
Uttar Pradesh,Kushinagar,31,4
Uttar Pradesh,Lalitpur,0,1
Uttar Pradesh,Lucknow,33,5
Uttar Pradesh,Maharajganj,176,3
Uttar Pradesh,Mahoba,58,88
Uttar Pradesh,Mahrajganj,0,1
Uttar Pradesh,Mainpuri,41,17
Uttar Pradesh,Mathura,23,0
Uttar Pradesh,Mau,18,2
Uttar Pradesh,Meerut,277,1
Uttar Pradesh,Mirzapur,12,1
Uttar Pradesh,Moradabad,15,0
Uttar Pradesh,Muzaffarnagar,20,0
Uttar Pradesh,Pilibhit,152,16
Uttar Pradesh,Pratapgarh,467,6
Uttar Pradesh,Rae Bareli,116,250
Uttar Pradesh,Raebareli,8,3
Uttar Pradesh,Rampur,6,1
Uttar Pradesh,Saharanpur,22,2
Uttar Pradesh,Sambhal,2,0
Uttar Pradesh,Sant Kabir Nagar,112,4
Uttar Pradesh,Sant Ravidas Nagar,340,4
Uttar Pradesh,Sant Ravidas Nagar Bhadohi,1,1
Uttar Pradesh,Shahjahanpur,11,2
Uttar Pradesh,Shamli,7,0
Uttar Pradesh,Shrawasti,653,3
Uttar Pradesh,Siddharthnagar,37,2
Uttar Pradesh,Sitapur,80,0
Uttar Pradesh,Sonbhadra,2,0
Uttar Pradesh,Sultanpur,34,3
Uttar Pradesh,Unnao,32,1
Uttar Pradesh,Varanasi,30,0
Uttarakhand,Almora,28,2
Uttarakhand,Bageshwar,8,0
Uttarakhand,Chamoli,6,1
Uttarakhand,Champawat,13,0
Uttarakhand,Dehradun,301,22
Uttarakhand,Garhwal,11,0
Uttarakhand,Hardwar,1,1
Uttarakhand,Haridwar,296,1
Uttarakhand,Nainital,6,1
Uttarakhand,Pauri Garhwal,15,1
Uttarakhand,Pithoragarh,14,0
Uttarakhand,Rudraprayag,7,0
Uttarakhand,Tehri Garhwal,48,15
Uttarakhand,Udham Singh Nagar,45,2
Uttarakhand,Uttarkashi,4,0
West Bengal,Bankura,9,0
West Bengal,Barddhaman,17,119
West Bengal,Bardhaman,181,40
West Bengal,Birbhum,5,75
West Bengal,Cooch Behar,339,110
West Bengal,Dakshin Dinajpur,1263,461
West Bengal,Darjeeling,82,2
West Bengal,East Midnapore,43,193
West Bengal,Hooghly,902,33
West Bengal,Howrah,27,13
West Bengal,Jalpaiguri,137,7
West Bengal,Kolkata,332,23
West Bengal,Malda,1399,979
West Bengal,Medinipur,2,94
West Bengal,Murshidabad,2075,297
West Bengal,Nadia,1071,223
West Bengal,North 24 Parganas,30,7
West Bengal,North Dinajpur,566,557
West Bengal,Purulia,10,0
West Bengal,South 24 Parganas,7,0
West Bengal,South Dinajpur,416,73
West Bengal,South Twenty Four Parganas,284,395
West Bengal,West Midnapore,21,118
