State,District,Aadhaar generated,Enrolment Rejected
Andaman and Nicobar Islands,Andamans,1,0
Andaman and Nicobar Islands,South Andaman,2,0
Andhra Pradesh,Adilabad,969,31
Andhra Pradesh,Anantapur,2,8
Andhra Pradesh,Ananthapur,3590,166
Andhra Pradesh,Chittoor,832,31
Andhra Pradesh,Cuddapah,2723,136
Andhra Pradesh,East Godavari,299,105
Andhra Pradesh,Guntur,1020,93
Andhra Pradesh,Hyderabad,5216,183
Andhra Pradesh,K.V.Rangareddy,189,3
Andhra Pradesh,K.v. Rangareddy,5553,237
Andhra Pradesh,Karim Nagar,1,0
Andhra Pradesh,Karimnagar,899,30
Andhra Pradesh,Khammam,397,18
Andhra Pradesh,Krishna,1720,149
Andhra Pradesh,Kurnool,326,3405
Andhra Pradesh,Mahabub Nagar,37,3067
Andhra Pradesh,Mahabubnagar,1161,70
Andhra Pradesh,Mahbubnagar,26,668
Andhra Pradesh,Medak,1694,52
Andhra Pradesh,Nalgonda,771,278
Andhra Pradesh,Nellore,973,292
Andhra Pradesh,Nizamabad,1403,28
Andhra Pradesh,Prakasam,969,47
Andhra Pradesh,Srikakulam,376,277
Andhra Pradesh,Visakhapatnam,850,173
Andhra Pradesh,Vizianagaram,182,69
Andhra Pradesh,Warangal,2884,902
Andhra Pradesh,West Godavari,1970,130
Arunachal Pradesh,Kurung Kumey,1,0
Arunachal Pradesh,Lower Subansiri,3,0
Arunachal Pradesh,Papum Pare,1,0
Arunachal Pradesh,Upper Subansiri,2,0
Arunachal Pradesh,West Siang,4,0
Assam,Baksa,2,1
Assam,Barpeta,8,0
Assam,Bongaigaon,1,0
Assam,Cachar,5,0
Assam,Chirang,2,0
Assam,Dhubri,2,0
Assam,Dibrugarh,2,0
Assam,Golaghat,2,0
Assam,Hailakandi,3,0
Assam,Jorhat,1,0
Assam,Kamrup,7,0
Assam,Kamrup Metro,1,0
Assam,Karimganj,3,0
Assam,Kokrajhar,3,0
Assam,Lakhimpur,4,0
Assam,Marigaon,2,0
Assam,Nagaon,7,0
Assam,Sibsagar,1,0
Assam,Sonitpur,2,0
Assam,Udalguri,3,0
Bihar,Araria,18,0
Bihar,Arwal,774,0
Bihar,Aurangabad,32,2
Bihar,Aurangabad(BH),2,0
Bihar,Banka,31,0
Bihar,Begusarai,32,0
Bihar,Bhabua,2,0
Bihar,Bhagalpur,30,2
Bihar,Bhojpur,49,1
Bihar,Buxar,43,1
Bihar,Darbhanga,105,0
Bihar,East Champaran,68,1
Bihar,Gaya,39,0
Bihar,Gopalganj,39,0
Bihar,Jamui,14,1
Bihar,Jehanabad,7,0
Bihar,Kaimur (Bhabua),11,0
Bihar,Katihar,44,0
Bihar,Khagaria,17,1
Bihar,Kishanganj,32,0
Bihar,Lakhisarai,10,0
Bihar,Madhepura,6,0
Bihar,Madhubani,93,2
Bihar,Munger,30,0
Bihar,Muzaffarpur,51,2
Bihar,Nalanda,38,2
Bihar,Nawada,27,0
Bihar,Patna,77,1
Bihar,Purnia,14,1
Bihar,Rohtas,75,0
Bihar,Saharsa,32,0
Bihar,Samastipur,68,0
Bihar,Saran,81,1
Bihar,Sheikhpura,7,0
Bihar,Sheohar,73,2
Bihar,Sitamarhi,56,0
Bihar,Siwan,48,0
Bihar,Supaul,18,2
Bihar,Vaishali,68,0
Bihar,West Champaran,27,0
Chandigarh,Chandigarh,179,5
Chandigarh,Mohali,8,0
Chhattisgarh,Balod,4,0
Chhattisgarh,Baloda Bazar,1,0
Chhattisgarh,Bemetara,1,0
Chhattisgarh,Bilaspur,10,0
Chhattisgarh,Dhamtari,45,4
Chhattisgarh,Durg,22,4
Chhattisgarh,Janjgir-champa,6,0
Chhattisgarh,Jashpur,1,0
Chhattisgarh,Kanker,1,0
Chhattisgarh,Korba,52,0
Chhattisgarh,Koriya,300,0
Chhattisgarh,Mahasamund,41,4
Chhattisgarh,Raigarh,17,1
Chhattisgarh,Raipur,6,0
Chhattisgarh,Rajnandgaon,5,0
Chhattisgarh,Surajpur ,1,0
Chhattisgarh,Surguja,3,0
Dadra and Nagar Haveli,Dadra and Nagar Haveli,138,3
Daman and Diu,Daman,3,2
Daman and Diu,Diu,3,0
Delhi,Central Delhi,196,46
Delhi,East Delhi,1098,456
Delhi,Najafgarh,64,15
Delhi,New Delhi,24,1
Delhi,North Delhi,241,98
Delhi,North East,83,836
Delhi,North East Delhi,366,32
Delhi,North West Delhi,586,433
Delhi,South Delhi,709,278
Delhi,South West Delhi,658,97
Delhi,West Delhi,669,350
Goa,North Goa,62,54
Goa,South Goa,31,87
Gujarat,Ahmadabad,10,0
Gujarat,Ahmedabad,745,7
Gujarat,Amreli,390,2
Gujarat,Anand,207,1
Gujarat,Banaskantha,268,6
Gujarat,Bharuch,31,3
Gujarat,Bhavnagar,292,0
Gujarat,Dahod,49,0
Gujarat,Dohad,188,1
Gujarat,Gandhinagar,325,3
Gujarat,Jamnagar,236,2
Gujarat,Junagadh,408,36
Gujarat,Kachchh,421,68
Gujarat,Kheda,143,6
Gujarat,Mahesana,145,0
Gujarat,Narmada,40,4
Gujarat,Navsari,473,61
Gujarat,Panchmahals,444,9
Gujarat,Patan,327,13
Gujarat,Porbandar,86,7
Gujarat,Rajkot,1680,40
Gujarat,Sabarkantha,326,17
Gujarat,Surat,1010,15
Gujarat,Surendra Nagar,1211,9
Gujarat,Tapi,303,55
Gujarat,The Dangs,85,1
Gujarat,Vadodara,375,7
Gujarat,Valsad,229,0
Haryana,Ambala,494,6
Haryana,Bhiwani,1929,13
Haryana,Faridabad,684,16
Haryana,Fatehabad,1107,0
Haryana,Gurgaon,835,17
Haryana,Hisar,405,8
Haryana,Jhajjar,433,6
Haryana,Jind,114,0
Haryana,Kaithal,917,7
Haryana,Karnal,505,8
Haryana,Kurukshetra,1006,12
Haryana,Mahendragarh,376,1
Haryana,Mewat,59,0
Haryana,Palwal,554,3
Haryana,Panchkula,2090,8
Haryana,Panipat,756,1
Haryana,Rewari,1208,7
Haryana,Rohtak,415,6
Haryana,Sirsa,1615,4
Haryana,Sonipat,505,13
Haryana,Yamuna Nagar,621,5
Himachal Pradesh,Bilaspur,12,0
Himachal Pradesh,Bilaspur ,1,0
Himachal Pradesh,Chamba,197,11
Himachal Pradesh,Hamirpur,79,2
Himachal Pradesh,Kangra,556,18
Himachal Pradesh,Kinnaur,2,0
Himachal Pradesh,Kullu,22,3
Himachal Pradesh,Lahul and Spiti,2,0
Himachal Pradesh,Mandi,136,8
Himachal Pradesh,Shimla,565,8
Himachal Pradesh,Sirmaur,121,8
Himachal Pradesh,Solan,47,3
Himachal Pradesh,Una,146,0
Jammu and Kashmir,Anantnag,3,0
Jammu and Kashmir,Badgam,5,0
Jammu and Kashmir,Bandipore,1,0
Jammu and Kashmir,Baramula,1,0
Jammu and Kashmir,Baramulla,2,0
Jammu and Kashmir,Doda,3,0
Jammu and Kashmir,Jammu,34,0
Jammu and Kashmir,Kargil,4,0
Jammu and Kashmir,Kathua,8,0
Jammu and Kashmir,Kupwara,1,0
Jammu and Kashmir,Leh,4,0
Jammu and Kashmir,Pulwama,1,0
Jammu and Kashmir,Punch,2,0
Jammu and Kashmir,Rajouri,9,0
Jammu and Kashmir,Srinagar,9,0
Jharkhand,Bokaro,519,118
Jharkhand,Chatra,753,17
Jharkhand,Deoghar,154,16
Jharkhand,Dhanbad,310,21
Jharkhand,Dumka,236,7
Jharkhand,East Singhbhum,742,13
Jharkhand,Garhwa,106,4
Jharkhand,Giridih,612,13
Jharkhand,Godda,327,12
Jharkhand,Gumla,192,7
Jharkhand,Hazaribagh,333,18
Jharkhand,Jamtara,220,5
Jharkhand,Khunti,186,5
Jharkhand,Kodarma,7,0
Jharkhand,Koderma,253,4
Jharkhand,Latehar,298,6
Jharkhand,Lohardaga,123,3
Jharkhand,Pakaur,3,0
Jharkhand,Pakur,200,3
Jharkhand,Palamau,2,0
Jharkhand,Palamu,319,28
Jharkhand,Ramgarh,218,10
Jharkhand,Ranchi,457,15
Jharkhand,Sahebganj,219,7
Jharkhand,Seraikela-Kharsawan,252,3
Jharkhand,Simdega,324,4
Jharkhand,West Singhbhum,357,9
Karnataka,Bagalkot,218,15
Karnataka,Bangalore,2451,54
Karnataka,Bangalore Rural,384,158
Karnataka,Belgaum,1044,40
Karnataka,Bellary,493,7
Karnataka,Bidar,47,2
Karnataka,Bijapur,201,92
Karnataka,Bijapur(KAR),10,8
Karnataka,Chamarajanagar,1,0
Karnataka,Chamrajanagar,218,2
Karnataka,Chickmagalur,244,6
Karnataka,Chikkaballapur,98,195
Karnataka,Chitradurga,184,25
Karnataka,Dakshina Kannada,571,11
Karnataka,Davangere,2346,28
Karnataka,Dharwad,790,623
Karnataka,Gadag,361,17
Karnataka,Gulbarga,111,7
Karnataka,Hasan,170,1
Karnataka,Hassan,3,1
Karnataka,Haveri,232,393
Karnataka,Kodagu,83,148
Karnataka,Kolar,316,78
Karnataka,Koppal,173,5
Karnataka,Mandya,220,89
Karnataka,Mysore,86,13
Karnataka,Raichur,235,12
Karnataka,Ramanagar,317,1
Karnataka,Shimoga,176,1
Karnataka,Tumkur,24,4
Karnataka,Udupi,368,4
Karnataka,Uttara Kannada,151,37
Karnataka,Yadgir,20,256
Kerala,Alappuzha,257,117
Kerala,Ernakulam,430,96
Kerala,Idukki,71,12
Kerala,Kannur,579,56
Kerala,Kasaragod,112,4
Kerala,Kasargod,588,59
Kerala,Kollam,408,85
Kerala,Kottayam,869,25
Kerala,Kozhikode,1039,133
Kerala,Malappuram,1004,35
Kerala,Palakkad,798,452
Kerala,Pathanamthitta,367,160
Kerala,Thiruvananthapuram,547,346
Kerala,Thrissur,557,43
Kerala,Wayanad,200,8
Lakshadweep,Lakshadweep,1,0
Madhya Pradesh,Alirajpur,327,103
Madhya Pradesh,Anuppur,53,0
Madhya Pradesh,Ashok Nagar,33,3
Madhya Pradesh,Balaghat,333,3
Madhya Pradesh,Barwani,411,18
Madhya Pradesh,Betul,399,4
Madhya Pradesh,Bhind,472,30
Madhya Pradesh,Bhopal,3553,77
Madhya Pradesh,Burhanpur,4,0
Madhya Pradesh,Chhatarpur,1322,50
Madhya Pradesh,Chhindwara,1779,14
Madhya Pradesh,Damoh,596,10
Madhya Pradesh,Datia,1049,10
Madhya Pradesh,Dewas,208,8
Madhya Pradesh,Dhar,1234,21
Madhya Pradesh,Dindori,322,8
Madhya Pradesh,Guna,1771,81
Madhya Pradesh,Gwalior,442,27
Madhya Pradesh,Harda,86,5
Madhya Pradesh,Hoshangabad,394,7
Madhya Pradesh,Indore,555,63
Madhya Pradesh,Jabalpur,920,135
Madhya Pradesh,Jhabua,177,25
Madhya Pradesh,Katni,919,37
Madhya Pradesh,Khandwa,78,8
Madhya Pradesh,Khargone,995,22
Madhya Pradesh,Mandla,156,6
Madhya Pradesh,Mandsaur,40,7
Madhya Pradesh,Morena,117,2
Madhya Pradesh,Narsinghpur,690,55
Madhya Pradesh,Neemuch,17,7
Madhya Pradesh,Panna,234,2
Madhya Pradesh,Raisen,723,42
Madhya Pradesh,Rajgarh,989,40
Madhya Pradesh,Ratlam,89,6
Madhya Pradesh,Rewa,2160,99
Madhya Pradesh,Sagar,895,20
Madhya Pradesh,Satna,1700,32
Madhya Pradesh,Sehore,3970,58
Madhya Pradesh,Seoni,1225,14
Madhya Pradesh,Shahdol,486,4
Madhya Pradesh,Shajapur,20,0
Madhya Pradesh,Sheopur,192,3
Madhya Pradesh,Shivpuri,100,7
Madhya Pradesh,Sidhi,452,21
Madhya Pradesh,Singrauli,108,1
Madhya Pradesh,Tikamgarh,388,7
Madhya Pradesh,Ujjain,565,47
Madhya Pradesh,Umaria,321,8
Madhya Pradesh,Vidisha,796,89
Maharashtra,Ahmadnagar,4170,32
Maharashtra,Ahmed Nagar,40,27
Maharashtra,Akola,784,14
Maharashtra,Amravati,1794,26
Maharashtra,Aurangabad,2939,100
Maharashtra,Beed,4857,29
Maharashtra,Bhandara,122,124
Maharashtra,Buldhana,1589,20
Maharashtra,Chandrapur,1073,12
Maharashtra,Dhule,2365,17
Maharashtra,Gadchiroli,109,3
Maharashtra,Gondia,47,0
Maharashtra,Gondiya,1763,42
Maharashtra,Hingoli,72,1
Maharashtra,Jalgaon,5756,66
Maharashtra,Jalna,832,165
Maharashtra,Kolhapur,1997,19
Maharashtra,Latur,814,94
Maharashtra,Mumbai,7934,32
Maharashtra,Mumbai City,61,0
Maharashtra,Mumbai( Sub Urban ),7,1
Maharashtra,Nagpur,1834,44
Maharashtra,Nanded,410,32
Maharashtra,Nandurbar,819,25
Maharashtra,Nashik,4509,56
Maharashtra,Osmanabad,215,26
Maharashtra,Parbhani,292,6
Maharashtra,Pune,3426,20
Maharashtra,Raigarh,765,0
Maharashtra,Raigarh(MH),16,0
Maharashtra,Ratnagiri,265,17
Maharashtra,Sangli,957,80
Maharashtra,Satara,1924,15
Maharashtra,Sindhudurg,67,0
Maharashtra,Solapur,728,36
Maharashtra,Thane,9873,1120
Maharashtra,Wardha,63,93
Maharashtra,Washim,1435,23
Maharashtra,Yavatmal,2989,17
Manipur,Bishnupur,3,0
Manipur,Churachandpur,3,0
Manipur,Imphal East,4,0
Manipur,Imphal West,4,0
Manipur,Senapati,2,0
Manipur,Thoubal,7,0
Meghalaya,East Garo Hills,1,0
Meghalaya,East Khasi Hills,1,0
Meghalaya,West Garo Hills,1,0
Mizoram,Aizawl,5,0
Mizoram,Lunglei,1,0
Nagaland,Dimapur,69,2
Nagaland,Kohima,35,2
Nagaland,Longleng,6,0
Nagaland,Mokokchung,105,2
Nagaland,Mon,2,20
Nagaland,Phek,1,1
Nagaland,Tuensang,8,5
Nagaland,Wokha,64,4
Nagaland,Zunheboto,13,0
Odisha,Angul,2,0
Odisha,Balangir,100,1
Odisha,Baleswar,535,123
Odisha,Bargarh,92,6
Odisha,Bhadrak,70,69
Odisha,Cuttack,443,503
Odisha,Debagarh,1,0
Odisha,Dhenkanal,6,1
Odisha,Gajapati,1,0
Odisha,Ganjam,993,185
Odisha,Jagatsinghapur,623,76
Odisha,Jajapur,23,0
Odisha,Kalahandi,1,0
Odisha,Kandhamal,105,31
Odisha,Kendrapara,237,36
Odisha,Kendujhar,255,59
Odisha,Khorda,11,0
Odisha,Khordha,518,305
Odisha,Koraput,760,15
Odisha,Malkangiri,7,0
Odisha,Mayurbhanj,340,7
Odisha,Nayagarh,2,0
Odisha,Nuapada,1,0
Odisha,Puri,1612,34
Odisha,Rayagada,7,0
Odisha,Sambalpur,12,3
Odisha,Sonapur,20,23
Odisha,Sundergarh,1136,11
Others,Others,1,769
Puducherry,Pondicherry,6,0
Puducherry,Puducherry,68,5
Puducherry,Yanam,111,6
Punjab,Amritsar,377,13
Punjab,Barnala,461,29
Punjab,Bathinda,473,30
Punjab,Faridkot,70,1
Punjab,Fatehgarh Sahib,35,3
Punjab,Fazilka,167,12
Punjab,Ferozepur,56,2
Punjab,Gurdaspur,596,4
Punjab,Hoshiarpur,427,10
Punjab,Jalandhar,441,6
Punjab,Kapurthala,119,5
Punjab,Ludhiana,1265,89
Punjab,Mansa,71,0
Punjab,Moga,174,2
Punjab,Muktsar,14,0
Punjab,Pathankot,20,1
Punjab,Patiala,621,45
Punjab,Rupnagar,139,4
Punjab,SAS Nagar (Mohali),1069,5
Punjab,Sangrur,593,7
Punjab,Shaheed Bhagat Singh Nagar,54,3
Punjab,Sri Muktsar Sahib,85,4
Punjab,Tarn Taran,78,2
Rajasthan,Ajmer,1092,33
Rajasthan,Alwar,789,12
Rajasthan,Banswara,576,12
Rajasthan,Baran,325,8
Rajasthan,Barmer,1312,36
Rajasthan,Bharatpur,527,8
Rajasthan,Bhilwara,245,2
Rajasthan,Bikaner,734,57
Rajasthan,Bundi,56,3
Rajasthan,Chittorgarh,225,4
Rajasthan,Churu,907,15
Rajasthan,Dausa,485,16
Rajasthan,Dholpur,148,13
Rajasthan,Dungarpur,162,0
Rajasthan,Ganganagar,188,6
Rajasthan,Hanumangarh,1174,6
Rajasthan,Jaipur,2354,37
Rajasthan,Jaisalmer,9,1
Rajasthan,Jalor,534,41
Rajasthan,Jhalawar,620,1
Rajasthan,Jhunjhunu,128,7
Rajasthan,Jhunjhunun,1744,10
Rajasthan,Jodhpur,1802,19
Rajasthan,Karauli,248,7
Rajasthan,Kota,419,12
Rajasthan,Nagaur,900,37
Rajasthan,Pali,1977,52
Rajasthan,Pratapgarh,155,4
Rajasthan,Rajsamand,375,14
Rajasthan,Sawai Madhopur,139,9
Rajasthan,Sikar,1783,16
Rajasthan,Sirohi,283,12
Rajasthan,Tonk,145,9
Rajasthan,Udaipur,1127,33
Sikkim,East Sikkim,19,0
Sikkim,North Sikkim,5,0
Sikkim,South Sikkim,9,0
Sikkim,West Sikkim,7,0
Tamil Nadu,Ariyalur,843,233
Tamil Nadu,Chennai,74,8
Tamil Nadu,Coimbatore,362,14
Tamil Nadu,Cuddalore,42,492
Tamil Nadu,Dharmapuri,666,4
Tamil Nadu,Dindigul,20,17
Tamil Nadu,Erode,1408,301
Tamil Nadu,Kancheepuram,23,13
Tamil Nadu,Kanchipuram,80,0
Tamil Nadu,Kanniyakumari,58,5
Tamil Nadu,Kanyakumari,152,0
Tamil Nadu,Karur,21,247
Tamil Nadu,Krishnagiri,987,11
Tamil Nadu,Madurai,651,134
Tamil Nadu,Nagapattinam,44,49
Tamil Nadu,Namakkal,16,72
Tamil Nadu,Nilgiris,1,0
Tamil Nadu,Perambalur,71,49
Tamil Nadu,Pudukkottai,37,186
Tamil Nadu,Ramanathapuram,1122,49
Tamil Nadu,Salem,603,301
Tamil Nadu,Sivaganga,9,11
Tamil Nadu,Thanjavur,36,125
Tamil Nadu,The Nilgiris,17,1
Tamil Nadu,Theni,13,145
Tamil Nadu,Thiruvarur,268,9
Tamil Nadu,Thoothukkudi,2645,45
Tamil Nadu,Tiruchirappalli,60,117
Tamil Nadu,Tirunelveli,594,33
Tamil Nadu,Tiruppur,222,20
Tamil Nadu,Tiruvallur,83,1
Tamil Nadu,Tiruvannamalai,187,469
Tamil Nadu,Tiruvarur,4,0
Tamil Nadu,Vellore,209,107
Tamil Nadu,Villupuram,8,7
Tamil Nadu,Viluppuram,706,79
Tamil Nadu,Virudhunagar,538,39
Tripura,Khowai,2,0
Tripura,North Tripura,2,1
Tripura,Sepahijala,1,0
Tripura,South Tripura,0,7
Tripura,Unakoti,1,0
Tripura,West Tripura,1,1
Uttar Pradesh,Agra,29,2
Uttar Pradesh,Aligarh,57,15
Uttar Pradesh,Allahabad,85,2
Uttar Pradesh,Ambedkar Nagar,53,0
Uttar Pradesh,Amethi,200,7
Uttar Pradesh,Amroha,3,0
Uttar Pradesh,Auraiya,21,1
Uttar Pradesh,Azamgarh,157,29
Uttar Pradesh,Baghpat,19,0
Uttar Pradesh,Bahraich,46,1
Uttar Pradesh,Ballia,108,14
Uttar Pradesh,Balrampur,22,0
Uttar Pradesh,Banda,14,0
Uttar Pradesh,Bara Banki,123,87
Uttar Pradesh,Barabanki,1,0
Uttar Pradesh,Bareilly,15,0
Uttar Pradesh,Basti,217,0
Uttar Pradesh,Bijnor,407,3
Uttar Pradesh,Budaun,21,0
Uttar Pradesh,Bulandshahar,2,0
Uttar Pradesh,Bulandshahr,14,0
Uttar Pradesh,Chandauli,25,0
Uttar Pradesh,Chitrakoot,24,0
Uttar Pradesh,Deoria,49,15
Uttar Pradesh,Etah,15,0
Uttar Pradesh,Etawah,125,23
Uttar Pradesh,Faizabad,216,31
Uttar Pradesh,Farrukhabad,18,0
Uttar Pradesh,Fatehpur,85,0
Uttar Pradesh,Firozabad,7,0
Uttar Pradesh,Gautam Buddha Nagar,89,1
Uttar Pradesh,Ghaziabad,208,14
Uttar Pradesh,Ghazipur,54,0
Uttar Pradesh,Gonda,76,0
Uttar Pradesh,Gorakhpur,107,1
Uttar Pradesh,Hamirpur,1,0
Uttar Pradesh,Hardoi,45,1
Uttar Pradesh,Hathras,5,0
Uttar Pradesh,Jalaun,9,0
Uttar Pradesh,Jaunpur,113,0
Uttar Pradesh,Jhansi,46,2
Uttar Pradesh,Jyotiba Phule Nagar,1,0
Uttar Pradesh,Kannauj,9,0
Uttar Pradesh,Kanpur Dehat,9,0
Uttar Pradesh,Kanpur Nagar,60,11
Uttar Pradesh,Kasganj,4,0
Uttar Pradesh,Kaushambi,11,0
Uttar Pradesh,Kheri,9,0
Uttar Pradesh,Kushinagar,63,2
Uttar Pradesh,Lalitpur,3,0
Uttar Pradesh,Lucknow,30,4
Uttar Pradesh,Maharajganj,105,0
Uttar Pradesh,Mahoba,43,14
Uttar Pradesh,Mahrajganj,3,0
Uttar Pradesh,Mainpuri,85,6
Uttar Pradesh,Mathura,15,1
Uttar Pradesh,Mau,31,0
Uttar Pradesh,Meerut,158,1
Uttar Pradesh,Mirzapur,22,1
Uttar Pradesh,Moradabad,12,0
Uttar Pradesh,Muzaffarnagar,18,1
Uttar Pradesh,Pilibhit,231,1
Uttar Pradesh,Pratapgarh,83,4
Uttar Pradesh,Rae Bareli,98,1
Uttar Pradesh,Raebareli,10,2
Uttar Pradesh,Rampur,10,0
Uttar Pradesh,Saharanpur,33,1
Uttar Pradesh,Sambhal,9,0
Uttar Pradesh,Sant Kabir Nagar,114,2
Uttar Pradesh,Sant Ravidas Nagar,61,0
Uttar Pradesh,Sant Ravidas Nagar Bhadohi,1,1
Uttar Pradesh,Shahjahanpur,11,0
Uttar Pradesh,Shamli,10,0
Uttar Pradesh,Shrawasti,682,0
Uttar Pradesh,Siddharthnagar,68,0
Uttar Pradesh,Sitapur,35,1
Uttar Pradesh,Sonbhadra,9,0
Uttar Pradesh,Sultanpur,63,1
Uttar Pradesh,Unnao,52,2
Uttar Pradesh,Varanasi,65,0
Uttarakhand,Almora,20,0
Uttarakhand,Bageshwar,13,0
Uttarakhand,Chamoli,11,0
Uttarakhand,Champawat,252,0
Uttarakhand,Dehradun,405,2
Uttarakhand,Garhwal,9,0
Uttarakhand,Hardwar,3,0
Uttarakhand,Haridwar,94,6
Uttarakhand,Nainital,6,0
Uttarakhand,Pauri Garhwal,18,0
Uttarakhand,Pithoragarh,17,1
Uttarakhand,Rudraprayag,11,0
Uttarakhand,Tehri Garhwal,105,2
Uttarakhand,Udham Singh Nagar,349,3
Uttarakhand,Uttarkashi,1,0
West Bengal,Bally Jagachha,0,1
West Bengal,Bankura,12,0
West Bengal,Barddhaman,127,67
West Bengal,Bardhaman,223,4
West Bengal,Birbhum,53,75
West Bengal,Cooch Behar,1220,13
West Bengal,Dakshin Dinajpur,2816,308
West Bengal,Darjeeling,561,1
West Bengal,East Midnapore,133,59
West Bengal,Hooghly,972,4
West Bengal,Howrah,603,949
West Bengal,Jalpaiguri,2390,5
West Bengal,Kolkata,431,15
West Bengal,Malda,3039,150
West Bengal,Medinipur,49,1
West Bengal,Murshidabad,3354,124
West Bengal,Nadia,2674,16
West Bengal,North 24 Parganas,177,1
West Bengal,North Dinajpur,377,1
West Bengal,Purulia,14,0
West Bengal,South 24 Parganas,79,1
West Bengal,South Dinajpur,375,16
West Bengal,South Twenty Four Parganas,367,44
West Bengal,West Midnapore,43,0
