State,District,Aadhaar generated,Enrolment Rejected
Andaman and Nicobar Islands,Andamans,7,0
Andaman and Nicobar Islands,South Andaman,12,0
Andhra Pradesh,Adilabad,1331,85
Andhra Pradesh,Anantapur,0,55
Andhra Pradesh,Ananthapur,1815,292
Andhra Pradesh,Chittoor,856,387
Andhra Pradesh,Cuddapah,3616,133
Andhra Pradesh,East Godavari,329,375
Andhra Pradesh,Guntur,2397,471
Andhra Pradesh,Hyderabad,4298,281
Andhra Pradesh,K.V.Rangareddy,87,19
Andhra Pradesh,K.v. Rangareddy,5692,360
Andhra Pradesh,Karim Nagar,1,0
Andhra Pradesh,Karimnagar,3049,98
Andhra Pradesh,Khammam,958,50
Andhra Pradesh,Krishna,4791,895
Andhra Pradesh,Kurnool,557,5054
Andhra Pradesh,Mahabub Nagar,158,8930
Andhra Pradesh,Mahabubnagar,2593,201
Andhra Pradesh,Mahbubnagar,52,1897
Andhra Pradesh,Medak,1424,103
Andhra Pradesh,Nalgonda,1236,843
Andhra Pradesh,Nellore,1385,931
Andhra Pradesh,Nizamabad,779,65
Andhra Pradesh,Prakasam,1588,295
Andhra Pradesh,Srikakulam,518,466
Andhra Pradesh,Visakhapatnam,1023,347
Andhra Pradesh,Vizianagaram,174,129
Andhra Pradesh,Warangal,3032,820
Andhra Pradesh,West Godavari,3200,443
Arunachal Pradesh,Changlang,1,0
Arunachal Pradesh,East Siang,1,0
Arunachal Pradesh,Lohit,1,0
Assam,Baksa,6,0
Assam,Barpeta,5,0
Assam,Bongaigaon,2,0
Assam,Cachar,3,0
Assam,Chirang,1,0
Assam,Darrang,2,0
Assam,Dibrugarh,2,0
Assam,Goalpara,1,0
Assam,Hailakandi,2,0
Assam,Jorhat,4,0
Assam,Kamrup,6,1
Assam,Karbi Anglong,2,0
Assam,Karimganj,5,0
Assam,Lakhimpur,2,0
Assam,Marigaon,2,0
Assam,Nagaon,10,0
Assam,Sibsagar,2,0
Assam,Sonitpur,7,0
Assam,Tinsukia,5,0
Assam,Udalguri,3,0
Bihar,Araria,8,0
Bihar,Arwal,59,3
Bihar,Aurangabad,33,1
Bihar,Aurangabad(BH),4,0
Bihar,Banka,20,1
Bihar,Begusarai,30,1
Bihar,Bhabua,3,0
Bihar,Bhagalpur,36,1
Bihar,Bhojpur,48,1
Bihar,Buxar,99,3
Bihar,Darbhanga,85,2
Bihar,East Champaran,50,0
Bihar,Gaya,58,3
Bihar,Gopalganj,46,4
Bihar,Jamui,17,0
Bihar,Jehanabad,11,0
Bihar,Kaimur (Bhabua),14,0
Bihar,Katihar,51,0
Bihar,Khagaria,16,0
Bihar,Kishanganj,169,5
Bihar,Lakhisarai,14,0
Bihar,Madhepura,13,0
Bihar,Madhubani,63,5
Bihar,Munger,23,2
Bihar,Muzaffarpur,70,4
Bihar,Nalanda,56,6
Bihar,Nawada,28,3
Bihar,Patna,235,4
Bihar,Purnia,22,2
Bihar,Rohtas,64,0
Bihar,Saharsa,37,0
Bihar,Samastipur,55,1
Bihar,Saran,86,1
Bihar,Sheikhpura,19,1
Bihar,Sheohar,53,1
Bihar,Sitamarhi,57,0
Bihar,Siwan,33,2
Bihar,Supaul,23,3
Bihar,Vaishali,87,13
Bihar,West Champaran,20,1
Chandigarh,Chandigarh,223,24
Chandigarh,Mohali,1,0
Chhattisgarh,Balod,2,2
Chhattisgarh,Baloda Bazar,1,0
Chhattisgarh,Bemetara,3,0
Chhattisgarh,Bilaspur,21,1
Chhattisgarh,Dhamtari,301,14
Chhattisgarh,Durg,28,7
Chhattisgarh,Janjgir Champa,3,0
Chhattisgarh,Janjgir-champa,6,0
Chhattisgarh,Jashpur,3,0
Chhattisgarh,Kawardha,1,0
Chhattisgarh,Korba,60,0
Chhattisgarh,Koriya,822,10
Chhattisgarh,Mahasamund,90,7
Chhattisgarh,Raigarh,60,6
Chhattisgarh,Raipur,7,0
Chhattisgarh,Rajnandgaon,12,0
Dadra and Nagar Haveli,Dadra and Nagar Haveli,215,263
Daman and Diu,Daman,25,3
Daman and Diu,Diu,8,2
Delhi,Central Delhi,394,86
Delhi,East Delhi,1197,1267
Delhi,Najafgarh,167,40
Delhi,New Delhi,35,2
Delhi,North Delhi,298,257
Delhi,North East,102,2415
Delhi,North East Delhi,663,120
Delhi,North West Delhi,913,1435
Delhi,South Delhi,1521,764
Delhi,South West Delhi,814,222
Delhi,West Delhi,1077,940
Goa,North Goa,115,82
Goa,South Goa,131,341
Gujarat,Ahmadabad,14,0
Gujarat,Ahmedabad,561,18
Gujarat,Amreli,1944,16
Gujarat,Anand,203,11
Gujarat,Banaskantha,558,3
Gujarat,Bharuch,283,7
Gujarat,Bhavnagar,176,7
Gujarat,Dahod,69,0
Gujarat,Dohad,966,16
Gujarat,Gandhinagar,630,10
Gujarat,Jamnagar,614,4
Gujarat,Junagadh,507,15
Gujarat,Kachchh,257,22
Gujarat,Kheda,922,23
Gujarat,Mahesana,121,8
Gujarat,Narmada,147,4
Gujarat,Navsari,687,3
Gujarat,Panchmahals,527,6
Gujarat,Patan,1177,60
Gujarat,Porbandar,497,38
Gujarat,Rajkot,1422,21
Gujarat,Sabarkantha,263,6
Gujarat,Surat,473,15
Gujarat,Surendra Nagar,632,7
Gujarat,Tapi,288,2
Gujarat,The Dangs,76,1
Gujarat,Vadodara,1253,35
Gujarat,Valsad,274,6
Haryana,Ambala,629,54
Haryana,Bhiwani,3080,39
Haryana,Faridabad,1392,41
Haryana,Fatehabad,194,10
Haryana,Gurgaon,750,34
Haryana,Hisar,1408,37
Haryana,Jhajjar,1144,23
Haryana,Jind,133,0
Haryana,Kaithal,933,9
Haryana,Karnal,362,37
Haryana,Kurukshetra,2409,43
Haryana,Mahendragarh,164,9
Haryana,Mewat,43,2
Haryana,Palwal,471,26
Haryana,Panchkula,924,15
Haryana,Panipat,289,10
Haryana,Rewari,548,9
Haryana,Rohtak,1348,41
Haryana,Sirsa,451,17
Haryana,Sonipat,493,73
Haryana,Yamuna Nagar,1761,14
Himachal Pradesh,Bilaspur,14,2
Himachal Pradesh,Chamba,668,80
Himachal Pradesh,Hamirpur,78,3
Himachal Pradesh,Kangra,1403,22
Himachal Pradesh,Kinnaur,3,0
Himachal Pradesh,Kullu,206,12
Himachal Pradesh,Lahul and Spiti,3,0
Himachal Pradesh,Mandi,158,28
Himachal Pradesh,Shimla,894,12
Himachal Pradesh,Sirmaur,771,47
Himachal Pradesh,Solan,135,19
Himachal Pradesh,Una,35,3
Jammu and Kashmir,Anantnag,4,0
Jammu and Kashmir,Badgam,4,0
Jammu and Kashmir,Bandipore,2,0
Jammu and Kashmir,Baramula,1,0
Jammu and Kashmir,Baramulla,1,0
Jammu and Kashmir,Doda,1,0
Jammu and Kashmir,Jammu,22,0
Jammu and Kashmir,Kathua,8,1
Jammu and Kashmir,Pulwama,4,0
Jammu and Kashmir,Rajouri,5,0
Jammu and Kashmir,Srinagar,20,0
Jammu and Kashmir,Udhampur,4,0
Jharkhand,Bokaro,972,94
Jharkhand,Chatra,1525,81
Jharkhand,Deoghar,558,85
Jharkhand,Dhanbad,1637,48
Jharkhand,Dumka,1074,42
Jharkhand,East Singhbhum,1097,25
Jharkhand,Garhwa,225,13
Jharkhand,Giridih,1761,67
Jharkhand,Godda,1041,72
Jharkhand,Gumla,633,15
Jharkhand,Hazaribag,4,0
Jharkhand,Hazaribagh,472,75
Jharkhand,Jamtara,486,7
Jharkhand,Khunti,145,18
Jharkhand,Kodarma,16,0
Jharkhand,Koderma,331,24
Jharkhand,Latehar,1437,18
Jharkhand,Lohardaga,122,6
Jharkhand,Pakaur,11,1
Jharkhand,Pakur,1030,20
Jharkhand,Palamau,18,3
Jharkhand,Palamu,323,12
Jharkhand,Ramgarh,228,21
Jharkhand,Ranchi,601,101
Jharkhand,Sahebganj,963,26
Jharkhand,Seraikela-Kharsawan,161,23
Jharkhand,Simdega,567,22
Jharkhand,West Singhbhum,439,14
Karnataka,Bagalkot,1031,18
Karnataka,Bangalore,5156,102
Karnataka,Bangalore Rural,329,289
Karnataka,Belgaum,3528,110
Karnataka,Bellary,720,29
Karnataka,Bidar,154,14
Karnataka,Bijapur,1687,49
Karnataka,Bijapur(KAR),3,0
Karnataka,Chamarajanagar,4,0
Karnataka,Chamrajanagar,347,9
Karnataka,Chickmagalur,738,8
Karnataka,Chikkaballapur,417,579
Karnataka,Chitradurga,554,128
Karnataka,Dakshina Kannada,770,27
Karnataka,Davangere,655,81
Karnataka,Dharwad,662,1882
Karnataka,Gadag,469,40
Karnataka,Gulbarga,576,35
Karnataka,Hasan,616,12
Karnataka,Hassan,160,5
Karnataka,Haveri,1648,266
Karnataka,Kodagu,420,59
Karnataka,Kolar,324,343
Karnataka,Koppal,244,14
Karnataka,Mandya,365,290
Karnataka,Mysore,127,73
Karnataka,Raichur,220,16
Karnataka,Ramanagar,736,21
Karnataka,Shimoga,500,12
Karnataka,Tumkur,32,27
Karnataka,Udupi,115,6
Karnataka,Uttara Kannada,730,39
Karnataka,Yadgir,37,749
Kerala,Alappuzha,357,417
Kerala,Ernakulam,969,291
Kerala,Idukki,252,42
Kerala,Kannur,1177,96
Kerala,Kasaragod,619,62
Kerala,Kasargod,257,319
Kerala,Kollam,1337,350
Kerala,Kottayam,272,25
Kerala,Kozhikode,774,689
Kerala,Malappuram,2944,101
Kerala,Palakkad,340,1299
Kerala,Pathanamthitta,192,58
Kerala,Thiruvananthapuram,725,165
Kerala,Thrissur,1869,113
Kerala,Wayanad,42,45
Lakshadweep,Lakshadweep,2,0
Madhya Pradesh,Alirajpur,352,85
Madhya Pradesh,Anuppur,357,22
Madhya Pradesh,Ashok Nagar,112,15
Madhya Pradesh,Balaghat,500,9
Madhya Pradesh,Barwani,77,19
Madhya Pradesh,Betul,870,15
Madhya Pradesh,Bhind,501,47
Madhya Pradesh,Bhopal,985,103
Madhya Pradesh,Chhatarpur,613,75
Madhya Pradesh,Chhindwara,973,64
Madhya Pradesh,Damoh,549,7
Madhya Pradesh,Datia,102,14
Madhya Pradesh,Dewas,173,49
Madhya Pradesh,Dhar,1297,46
Madhya Pradesh,Dindori,558,21
Madhya Pradesh,Guna,435,44
Madhya Pradesh,Gwalior,873,122
Madhya Pradesh,Harda,72,22
Madhya Pradesh,Hoshangabad,186,87
Madhya Pradesh,Indore,1116,167
Madhya Pradesh,Jabalpur,837,121
Madhya Pradesh,Jhabua,470,55
Madhya Pradesh,Katni,651,29
Madhya Pradesh,Khandwa,238,41
Madhya Pradesh,Khargone,1046,33
Madhya Pradesh,Mandla,181,4
Madhya Pradesh,Mandsaur,235,38
Madhya Pradesh,Morena,275,6
Madhya Pradesh,Narsinghpur,313,22
Madhya Pradesh,Neemuch,64,52
Madhya Pradesh,Panna,1043,13
Madhya Pradesh,Raisen,564,26
Madhya Pradesh,Rajgarh,343,61
Madhya Pradesh,Ratlam,255,33
Madhya Pradesh,Rewa,2706,196
Madhya Pradesh,Sagar,820,26
Madhya Pradesh,Satna,2539,105
Madhya Pradesh,Sehore,807,80
Madhya Pradesh,Seoni,2322,71
Madhya Pradesh,Shahdol,461,14
Madhya Pradesh,Shajapur,37,10
Madhya Pradesh,Sheopur,94,4
Madhya Pradesh,Shivpuri,260,13
Madhya Pradesh,Sidhi,836,60
Madhya Pradesh,Singrauli,449,10
Madhya Pradesh,Tikamgarh,524,3
Madhya Pradesh,Ujjain,1056,131
Madhya Pradesh,Umaria,320,4
Madhya Pradesh,Vidisha,490,90
Maharashtra,Ahmadnagar,1460,81
Maharashtra,Ahmed Nagar,43,80
Maharashtra,Akola,999,53
Maharashtra,Amravati,1299,224
Maharashtra,Aurangabad,1711,564
Maharashtra,Beed,1945,91
Maharashtra,Bhandara,306,493
Maharashtra,Buldhana,881,34
Maharashtra,Chandrapur,932,60
Maharashtra,Dhule,510,92
Maharashtra,Gadchiroli,95,0
Maharashtra,Gondia,2,1
Maharashtra,Gondiya,743,88
Maharashtra,Hingoli,373,6
Maharashtra,Jalgaon,2778,314
Maharashtra,Jalna,757,1115
Maharashtra,Kolhapur,3639,101
Maharashtra,Latur,405,856
Maharashtra,Mumbai,2766,274
Maharashtra,Mumbai City,9,4
Maharashtra,Mumbai( Sub Urban ),2,0
Maharashtra,Nagpur,1001,542
Maharashtra,Nanded,492,496
Maharashtra,Nandurbar,767,118
Maharashtra,Nashik,2864,279
Maharashtra,Osmanabad,477,44
Maharashtra,Parbhani,447,19
Maharashtra,Pune,2381,210
Maharashtra,Raigarh,1440,16
Maharashtra,Raigarh(MH),56,6
Maharashtra,Ratnagiri,133,65
Maharashtra,Sangli,2500,348
Maharashtra,Satara,1805,21
Maharashtra,Sindhudurg,43,1
Maharashtra,Solapur,1018,160
Maharashtra,Thane,11033,2471
Maharashtra,Wardha,119,445
Maharashtra,Washim,505,60
Maharashtra,Yavatmal,748,82
Manipur,Bishnupur,4,1
Manipur,Chandel,2,0
Manipur,Churachandpur,11,0
Manipur,Imphal East,15,0
Manipur,Imphal West,22,1
Manipur,Senapati,0,1
Manipur,Tamenglong,6,0
Manipur,Thoubal,5,0
Manipur,Ukhrul,1,0
Meghalaya,East Khasi Hills,4,0
Meghalaya,West Garo Hills,2,0
Mizoram,Champhai,1,0
Nagaland,Dimapur,200,15
Nagaland,Kiphire,2,3
Nagaland,Kohima,54,9
Nagaland,Longleng,19,0
Nagaland,Mokokchung,115,16
Nagaland,Mon,9,6
Nagaland,Phek,4,5
Nagaland,Tuensang,21,5
Nagaland,Wokha,62,7
Nagaland,Zunheboto,13,1
Odisha,Angul,3,0
Odisha,Balangir,331,23
Odisha,Baleswar,729,251
Odisha,Bargarh,217,19
Odisha,Bhadrak,1821,342
Odisha,Cuttack,1875,1875
Odisha,Dhenkanal,4,0
Odisha,Gajapati,2,0
Odisha,Ganjam,1683,297
Odisha,Jagatsinghapur,693,293
Odisha,Jajapur,15,1
Odisha,Kandhamal,125,114
Odisha,Kendrapara,435,239
Odisha,Kendujhar,505,93
Odisha,Khorda,12,2
Odisha,Khordha,1304,1244
Odisha,Koraput,1314,20
Odisha,Malkangiri,6,0
Odisha,Mayurbhanj,1045,63
Odisha,Nabarangapur,1,0
Odisha,Nayagarh,3,0
Odisha,Puri,1395,460
Odisha,Rayagada,0,1
Odisha,Sambalpur,14,9
Odisha,Sonapur,2,77
Odisha,Sundergarh,2024,26
Others,Others,0,3511
Puducherry,Karaikal,1,0
Puducherry,Pondicherry,12,1
Puducherry,Puducherry,39,25
Puducherry,Yanam,53,126
Punjab,Amritsar,596,27
Punjab,Barnala,232,16
Punjab,Bathinda,1120,115
Punjab,Faridkot,219,8
Punjab,Fatehgarh Sahib,85,20
Punjab,Fazilka,413,53
Punjab,Ferozepur,124,13
Punjab,Gurdaspur,564,47
Punjab,Hoshiarpur,934,30
Punjab,Jalandhar,1167,29
Punjab,Kapurthala,1014,11
Punjab,Ludhiana,5415,234
Punjab,Mansa,264,1
Punjab,Moga,229,8
Punjab,Muktsar,3,0
Punjab,Nawanshahr,2,0
Punjab,Pathankot,41,7
Punjab,Patiala,975,47
Punjab,Rupnagar,246,6
Punjab,SAS Nagar (Mohali),525,23
Punjab,Sangrur,805,13
Punjab,Shaheed Bhagat Singh Nagar,189,25
Punjab,Sri Muktsar Sahib,200,20
Punjab,Tarn Taran,166,5
Rajasthan,Ajmer,1678,173
Rajasthan,Alwar,1220,118
Rajasthan,Banswara,489,10
Rajasthan,Baran,447,14
Rajasthan,Barmer,830,78
Rajasthan,Bharatpur,890,19
Rajasthan,Bhilwara,501,13
Rajasthan,Bikaner,617,42
Rajasthan,Bundi,274,9
Rajasthan,Chittorgarh,767,10
Rajasthan,Churu,1302,67
Rajasthan,Dausa,1432,61
Rajasthan,Dholpur,494,35
Rajasthan,Dungarpur,459,7
Rajasthan,Ganganagar,503,14
Rajasthan,Hanumangarh,961,15
Rajasthan,Jaipur,4028,116
Rajasthan,Jaisalmer,54,0
Rajasthan,Jalor,685,90
Rajasthan,Jhalawar,864,5
Rajasthan,Jhunjhunu,256,15
Rajasthan,Jhunjhunun,1500,55
Rajasthan,Jodhpur,1528,45
Rajasthan,Karauli,1067,8
Rajasthan,Kota,270,55
Rajasthan,Nagaur,1120,83
Rajasthan,Pali,910,72
Rajasthan,Pratapgarh,427,7
Rajasthan,Rajsamand,285,32
Rajasthan,Sawai Madhopur,417,12
Rajasthan,Sikar,2663,68
Rajasthan,Sirohi,326,45
Rajasthan,Tonk,486,33
Rajasthan,Udaipur,801,111
Sikkim,East Sikkim,51,1
Sikkim,North Sikkim,12,2
Sikkim,South Sikkim,42,1
Sikkim,West Sikkim,34,0
Tamil Nadu,Ariyalur,194,4
Tamil Nadu,Chennai,65,29
Tamil Nadu,Coimbatore,682,630
Tamil Nadu,Cuddalore,13,1404
Tamil Nadu,Dharmapuri,1924,37
Tamil Nadu,Dindigul,262,60
Tamil Nadu,Erode,438,1017
Tamil Nadu,Kancheepuram,195,44
Tamil Nadu,Kanchipuram,50,2
Tamil Nadu,Kanniyakumari,76,15
Tamil Nadu,Kanyakumari,92,0
Tamil Nadu,Karur,2,31
Tamil Nadu,Krishnagiri,22,31
Tamil Nadu,Madurai,1529,797
Tamil Nadu,Nagapattinam,14,105
Tamil Nadu,Namakkal,19,56
Tamil Nadu,Nilgiris,27,3
Tamil Nadu,Perambalur,42,187
Tamil Nadu,Pudukkottai,13,373
Tamil Nadu,Ramanathapuram,3175,190
Tamil Nadu,Salem,1145,817
Tamil Nadu,Sivaganga,76,111
Tamil Nadu,Thanjavur,65,400
Tamil Nadu,The Nilgiris,129,7
Tamil Nadu,Theni,185,448
Tamil Nadu,Thiruvarur,230,16
Tamil Nadu,Thoothukkudi,106,126
Tamil Nadu,Tiruchirappalli,175,296
Tamil Nadu,Tirunelveli,385,165
Tamil Nadu,Tiruppur,574,159
Tamil Nadu,Tiruvallur,42,7
Tamil Nadu,Tiruvannamalai,43,1571
Tamil Nadu,Tiruvarur,4,0
Tamil Nadu,Vellore,1769,431
Tamil Nadu,Villupuram,1,0
Tamil Nadu,Viluppuram,1710,340
Tamil Nadu,Virudhunagar,462,149
Tripura,Dhalai,0,8
Tripura,Gomati,1,0
Tripura,Khowai,3,0
Tripura,North Tripura,6,6
Tripura,South Tripura,0,11
Tripura,West Tripura,7,3
Uttar Pradesh,Agra,29,0
Uttar Pradesh,Aligarh,571,52
Uttar Pradesh,Allahabad,47,2
Uttar Pradesh,Ambedkar Nagar,22,0
Uttar Pradesh,Amethi,1728,36
Uttar Pradesh,Amroha,3,0
Uttar Pradesh,Auraiya,20,7
Uttar Pradesh,Azamgarh,1026,35
Uttar Pradesh,Baghpat,17,0
Uttar Pradesh,Bagpat,1,0
Uttar Pradesh,Bahraich,14,0
Uttar Pradesh,Ballia,462,5
Uttar Pradesh,Balrampur,12,0
Uttar Pradesh,Banda,13,2
Uttar Pradesh,Bara Banki,361,25
Uttar Pradesh,Barabanki,3,0
Uttar Pradesh,Bareilly,12,2
Uttar Pradesh,Basti,404,11
Uttar Pradesh,Bijnor,728,129
Uttar Pradesh,Budaun,31,1
Uttar Pradesh,Bulandshahar,13,0
Uttar Pradesh,Bulandshahr,29,1
Uttar Pradesh,Chandauli,13,1
Uttar Pradesh,Chitrakoot,41,4
Uttar Pradesh,Deoria,52,38
Uttar Pradesh,Etah,17,1
Uttar Pradesh,Etawah,636,58
Uttar Pradesh,Faizabad,731,11
Uttar Pradesh,Farrukhabad,18,0
Uttar Pradesh,Fatehpur,31,0
Uttar Pradesh,Firozabad,13,2
Uttar Pradesh,Gautam Buddha Nagar,151,1
Uttar Pradesh,Ghaziabad,359,108
Uttar Pradesh,Ghazipur,62,1
Uttar Pradesh,Gonda,56,3
Uttar Pradesh,Gorakhpur,80,8
Uttar Pradesh,Hamirpur,4,0
Uttar Pradesh,Hardoi,43,14
Uttar Pradesh,Hathras,18,0
Uttar Pradesh,Jalaun,16,1
Uttar Pradesh,Jaunpur,56,2
Uttar Pradesh,Jhansi,17,0
Uttar Pradesh,Jyotiba Phule Nagar,2,1
Uttar Pradesh,Kannauj,12,0
Uttar Pradesh,Kanpur Dehat,11,1
Uttar Pradesh,Kanpur Nagar,66,31
Uttar Pradesh,Kasganj,6,0
Uttar Pradesh,Kaushambi,6,0
Uttar Pradesh,Kheri,10,1
Uttar Pradesh,Kushinagar,31,4
Uttar Pradesh,Lalitpur,1,1
Uttar Pradesh,Lucknow,43,25
Uttar Pradesh,Maharajganj,146,3
Uttar Pradesh,Mahoba,99,9
Uttar Pradesh,Mahrajganj,2,0
Uttar Pradesh,Mainpuri,43,87
Uttar Pradesh,Mathura,21,1
Uttar Pradesh,Mau,36,0
Uttar Pradesh,Meerut,60,11
Uttar Pradesh,Mirzapur,21,1
Uttar Pradesh,Moradabad,11,0
Uttar Pradesh,Muzaffarnagar,21,1
Uttar Pradesh,Pilibhit,74,8
Uttar Pradesh,Pratapgarh,120,18
Uttar Pradesh,Rae Bareli,690,15
Uttar Pradesh,Raebareli,15,13
Uttar Pradesh,Rampur,13,0
Uttar Pradesh,Saharanpur,49,4
Uttar Pradesh,Sambhal,2,0
Uttar Pradesh,Sant Kabir Nagar,280,11
Uttar Pradesh,Sant Ravidas Nagar,45,14
Uttar Pradesh,Sant Ravidas Nagar Bhadohi,4,0
Uttar Pradesh,Shahjahanpur,9,0
Uttar Pradesh,Shamli,7,0
Uttar Pradesh,Shrawasti,385,5
Uttar Pradesh,Siddharthnagar,28,3
Uttar Pradesh,Sitapur,47,8
Uttar Pradesh,Sonbhadra,5,0
Uttar Pradesh,Sultanpur,43,3
Uttar Pradesh,Unnao,31,0
Uttar Pradesh,Varanasi,29,0
Uttarakhand,Almora,24,1
Uttarakhand,Bageshwar,7,0
Uttarakhand,Chamoli,10,0
Uttarakhand,Champawat,8,0
Uttarakhand,Dehradun,311,101
Uttarakhand,Garhwal,3,0
Uttarakhand,Hardwar,1,0
Uttarakhand,Haridwar,209,49
Uttarakhand,Nainital,16,0
Uttarakhand,Pauri Garhwal,22,0
Uttarakhand,Pithoragarh,24,0
Uttarakhand,Rudraprayag,8,0
Uttarakhand,Tehri Garhwal,82,1
Uttarakhand,Udham Singh Nagar,21,3
Uttarakhand,Uttarkashi,1,0
West Bengal,Bankura,25,0
West Bengal,Barddhaman,351,200
West Bengal,Bardhaman,685,22
West Bengal,Birbhum,76,246
West Bengal,Cooch Behar,357,54
West Bengal,Dakshin Dinajpur,1943,179
West Bengal,Darjeeling,185,2
West Bengal,East Midnapore,122,194
West Bengal,Hooghly,2120,18
West Bengal,Howrah,868,53
West Bengal,Jalpaiguri,256,11
West Bengal,Kolkata,2982,168
West Bengal,Malda,7690,87
West Bengal,Medinipur,257,243
West Bengal,Murshidabad,8049,100
West Bengal,Nadia,4412,64
West Bengal,North 24 Parganas,90,18
West Bengal,North Dinajpur,2366,65
West Bengal,Purulia,15,0
West Bengal,South 24 Parganas,74,0
West Bengal,South Dinajpur,782,17
West Bengal,South Twenty Four Parganas,2062,404
West Bengal,West Midnapore,409,87
