State,District,Aadhaar generated,Enrolment Rejected
Andhra Pradesh,Adilabad,3091,17
Andhra Pradesh,Anantapur,1,10
Andhra Pradesh,Ananthapur,197,14
Andhra Pradesh,Chittoor,846,91
Andhra Pradesh,Cuddapah,2879,66
Andhra Pradesh,East Godavari,2374,54
Andhra Pradesh,Guntur,4848,78
Andhra Pradesh,Hyderabad,3163,64
Andhra Pradesh,K.v. Rangareddy,5381,98
Andhra Pradesh,Karim Nagar,2,0
Andhra Pradesh,Karimnagar,8080,80
Andhra Pradesh,Khammam,1861,20
Andhra Pradesh,Krishna,3728,55
Andhra Pradesh,Kurnool,1331,100
Andhra Pradesh,Mahabub Nagar,309,151
Andhra Pradesh,Mahabubnagar,3296,110
Andhra Pradesh,Mahbubnagar,85,99
Andhra Pradesh,Medak,2918,112
Andhra Pradesh,Nalgonda,902,29
Andhra Pradesh,Nellore,255,136
Andhra Pradesh,Nizamabad,3688,53
Andhra Pradesh,Prakasam,1490,49
Andhra Pradesh,Srikakulam,1036,131
Andhra Pradesh,Visakhapatnam,1540,52
Andhra Pradesh,Vizianagaram,43,1
Andhra Pradesh,Warangal,3348,44
Andhra Pradesh,West Godavari,1134,103
Arunachal Pradesh,Changlang,1,0
Arunachal Pradesh,East Kameng,2,0
Arunachal Pradesh,East Siang,2,0
Arunachal Pradesh,Lohit,3,0
Arunachal Pradesh,Lower Dibang Valley,4,0
Arunachal Pradesh,Lower Subansiri,2,0
Arunachal Pradesh,Papum Pare,1,0
Arunachal Pradesh,Tawang,2,0
Arunachal Pradesh,Tirap,4,0
Arunachal Pradesh,Upper Siang,1,0
Arunachal Pradesh,Upper Subansiri,1,0
Arunachal Pradesh,West Siang,6,0
Assam,Baksa,8,0
Assam,Barpeta,6,0
Assam,Bongaigaon,5,0
Assam,Cachar,25,0
Assam,Chirang,4,0
Assam,Darrang,2,0
Assam,Dhemaji,3,0
Assam,Dhubri,3,0
Assam,Dibrugarh,6,0
Assam,Goalpara,1,0
Assam,Golaghat,9,0
Assam,Hailakandi,7,0
Assam,Jorhat,10,0
Assam,Kamrup,10,0
Assam,Kamrup Metro,1,0
Assam,Karbi Anglong,2,0
Assam,Karimganj,7,0
Assam,Lakhimpur,5,0
Assam,Marigaon,11,0
Assam,Nagaon,13,0
Assam,Nalbari,1,0
Assam,North Cachar Hills,2,0
Assam,Sibsagar,5,0
Assam,Sonitpur,7,0
Assam,Tinsukia,2,0
Assam,Udalguri,4,0
Bihar,Araria,14,0
Bihar,Arwal,17,0
Bihar,Aurangabad,36,1
Bihar,Aurangabad(BH),5,0
Bihar,Banka,41,0
Bihar,Begusarai,33,2
Bihar,Bhabua,5,0
Bihar,Bhagalpur,51,3
Bihar,Bhojpur,76,0
Bihar,Buxar,31,0
Bihar,Darbhanga,88,1
Bihar,East Champaran,83,0
Bihar,Gaya,67,0
Bihar,Gopalganj,48,1
Bihar,Jamui,22,1
Bihar,Jehanabad,8,0
Bihar,Kaimur (Bhabua),13,0
Bihar,Katihar,34,0
Bihar,Khagaria,25,0
Bihar,Kishanganj,28,0
Bihar,Lakhisarai,16,0
Bihar,Madhepura,14,0
Bihar,Madhubani,83,0
Bihar,Munger,23,0
Bihar,Muzaffarpur,69,1
Bihar,Nalanda,32,0
Bihar,Nawada,28,0
Bihar,Patna,94,0
Bihar,Purnia,10,0
Bihar,Rohtas,49,0
Bihar,Saharsa,23,1
Bihar,Samastipur,77,0
Bihar,Saran,101,0
Bihar,Sheikhpura,6,0
Bihar,Sheohar,7,0
Bihar,Sitamarhi,78,0
Bihar,Siwan,65,0
Bihar,Supaul,21,0
Bihar,Vaishali,53,0
Bihar,West Champaran,33,1
Chandigarh,Chandigarh,1158,12
Chhattisgarh,Balod,6,0
Chhattisgarh,Baloda Bazar,2,0
Chhattisgarh,Bastar,1,0
Chhattisgarh,Bilaspur,16,0
Chhattisgarh,Dhamtari,5,0
Chhattisgarh,Durg,9,0
Chhattisgarh,Janjgir Champa,9,0
Chhattisgarh,Janjgir-champa,1,0
Chhattisgarh,Jashpur,3,1
Chhattisgarh,Kanker,3,0
Chhattisgarh,Korba,5,0
Chhattisgarh,Koriya,187,0
Chhattisgarh,Mahasamund,2,3
Chhattisgarh,Mungeli ,1,0
Chhattisgarh,Raigarh,32,0
Chhattisgarh,Raipur,5,0
Chhattisgarh,Rajnandgaon,3,0
Chhattisgarh,Surguja,3,0
Dadra and Nagar Haveli,Dadra and Nagar Haveli,2,0
Daman and Diu,Daman,22,0
Delhi,Central Delhi,278,13
Delhi,East Delhi,584,22
Delhi,Najafgarh,6,4
Delhi,New Delhi,30,4
Delhi,North Delhi,193,11
Delhi,North East,127,21
Delhi,North East Delhi,441,31
Delhi,North West Delhi,4301,90
Delhi,South Delhi,1180,34
Delhi,South West Delhi,401,94
Delhi,West Delhi,1183,133
Goa,Bardez,7,0
Goa,Bicholim,1,0
Goa,North Goa,218,24
Goa,South Goa,305,6
Gujarat,Ahmadabad,17,0
Gujarat,Ahmedabad,2263,45
Gujarat,Amreli,829,2
Gujarat,Anand,2053,12
Gujarat,Banaskantha,693,3
Gujarat,Bharuch,257,46
Gujarat,Bhavnagar,3047,34
Gujarat,Dahod,189,0
Gujarat,Dohad,1015,17
Gujarat,Gandhinagar,1128,5
Gujarat,Jamnagar,584,10
Gujarat,Junagadh,1528,319
Gujarat,Kachchh,154,37
Gujarat,Kheda,1850,96
Gujarat,Mahesana,2043,9
Gujarat,Narmada,305,33
Gujarat,Navsari,1443,10
Gujarat,Panchmahals,653,33
Gujarat,Patan,398,100
Gujarat,Porbandar,607,117
Gujarat,Rajkot,2246,154
Gujarat,Sabarkantha,1103,91
Gujarat,Surat,1143,124
Gujarat,Surendra Nagar,294,1
Gujarat,Tapi,786,7
Gujarat,The Dangs,142,7
Gujarat,Vadodara,3012,126
Gujarat,Valsad,1600,13
Haryana,Ambala,5351,109
Haryana,Bhiwani,1662,6
Haryana,Faridabad,2189,70
Haryana,Fatehabad,86,8
Haryana,Gurgaon,809,32
Haryana,Hisar,1117,44
Haryana,Jhajjar,713,5
Haryana,Jind,274,5
Haryana,Kaithal,2879,78
Haryana,Karnal,1158,8
Haryana,Kurukshetra,1203,6
Haryana,Mahendragarh,344,0
Haryana,Mewat,126,20
Haryana,Palwal,2055,87
Haryana,Panchkula,133,3
Haryana,Panipat,593,4
Haryana,Rewari,803,6
Haryana,Rohtak,1240,2
Haryana,Sirsa,372,9
Haryana,Sonipat,3640,248
Haryana,Yamuna Nagar,2142,10
Himachal Pradesh,Bilaspur,240,0
Himachal Pradesh,Bilaspur ,4,0
Himachal Pradesh,Chamba,1635,15
Himachal Pradesh,Hamirpur,408,1
Himachal Pradesh,Kangra,5849,29
Himachal Pradesh,Kinnaur,4,0
Himachal Pradesh,Kullu,279,11
Himachal Pradesh,Lahul and Spiti,7,0
Himachal Pradesh,Mandi,1991,77
Himachal Pradesh,Shimla,1175,26
Himachal Pradesh,Sirmaur,1473,64
Himachal Pradesh,Solan,325,17
Himachal Pradesh,Una,111,1
Jammu and Kashmir,Anantnag,15,2
Jammu and Kashmir,Badgam,4,0
Jammu and Kashmir,Bandipore,4,0
Jammu and Kashmir,Baramula,4,0
Jammu and Kashmir,Doda,14,0
Jammu and Kashmir,Jammu,90,0
Jammu and Kashmir,Kargil,2,0
Jammu and Kashmir,Kathua,41,0
Jammu and Kashmir,Kupwara,6,0
Jammu and Kashmir,Punch,12,0
Jammu and Kashmir,Rajouri,25,0
Jammu and Kashmir,Srinagar,5,0
Jammu and Kashmir,Udhampur,6,0
Jharkhand,Bokaro,2359,157
Jharkhand,Chatra,2854,47
Jharkhand,Deoghar,1466,90
Jharkhand,Dhanbad,1734,48
Jharkhand,Dumka,1628,78
Jharkhand,East Singhbhum,2163,25
Jharkhand,Garhwa,3063,112
Jharkhand,Giridih,4549,146
Jharkhand,Godda,5418,113
Jharkhand,Gumla,762,46
Jharkhand,Hazaribag,3,0
Jharkhand,Hazaribagh,3234,78
Jharkhand,Jamtara,1486,25
Jharkhand,Khunti,359,4
Jharkhand,Kodarma,5,0
Jharkhand,Koderma,1609,8
Jharkhand,Latehar,1388,13
Jharkhand,Lohardaga,283,9
Jharkhand,Pakaur,18,0
Jharkhand,Pakur,1601,13
Jharkhand,Palamau,6,0
Jharkhand,Palamu,799,40
Jharkhand,Ramgarh,1094,22
Jharkhand,Ranchi,4177,95
Jharkhand,Sahebganj,1240,28
Jharkhand,Seraikela-Kharsawan,1063,6
Jharkhand,Simdega,1121,22
Jharkhand,West Singhbhum,424,7
Karnataka,Bagalkot,589,32
Karnataka,Bangalore,17190,156
Karnataka,Bangalore Rural,178,74
Karnataka,Belgaum,4667,145
Karnataka,Bellary,2486,21
Karnataka,Bidar,227,27
Karnataka,Bijapur,445,64
Karnataka,Chamarajanagar,1,0
Karnataka,Chamrajanagar,131,13
Karnataka,Chickmagalur,1248,12
Karnataka,Chikkaballapur,409,0
Karnataka,Chitradurga,464,11
Karnataka,Dakshina Kannada,1434,7
Karnataka,Davangere,477,10
Karnataka,Dharwad,2429,27
Karnataka,Gadag,103,1
Karnataka,Gulbarga,1143,11
Karnataka,Hasan,679,13
Karnataka,Hassan,22,0
Karnataka,Haveri,421,1
Karnataka,Kodagu,44,1
Karnataka,Kolar,1243,31
Karnataka,Koppal,578,10
Karnataka,Mandya,582,6
Karnataka,Mysore,252,13
Karnataka,Raichur,492,6
Karnataka,Ramanagar,2175,2
Karnataka,Shimoga,854,13
Karnataka,Tumkur,772,7
Karnataka,Udupi,301,1
Karnataka,Uttara Kannada,178,0
Karnataka,Yadgir,29,18
Kerala,Alappuzha,2711,123
Kerala,Ernakulam,1133,336
Kerala,Idukki,781,19
Kerala,Kannur,2005,59
Kerala,Kasaragod,938,11
Kerala,Kasargod,1124,4
Kerala,Kollam,9721,19
Kerala,Kottayam,1329,15
Kerala,Kozhikode,4905,18
Kerala,Malappuram,10889,266
Kerala,Palakkad,936,22
Kerala,Pathanamthitta,2374,40
Kerala,Thiruvananthapuram,4285,44
Kerala,Thrissur,3155,31
Kerala,Wayanad,380,1
Lakshadweep,Lakshadweep,1,0
Madhya Pradesh,Alirajpur,732,862
Madhya Pradesh,Anuppur,103,21
Madhya Pradesh,Ashok Nagar,167,27
Madhya Pradesh,Balaghat,642,30
Madhya Pradesh,Barwani,53,18
Madhya Pradesh,Betul,962,20
Madhya Pradesh,Bhind,699,193
Madhya Pradesh,Bhopal,1457,280
Madhya Pradesh,Burhanpur,2,0
Madhya Pradesh,Chhatarpur,1139,506
Madhya Pradesh,Chhindwara,1837,81
Madhya Pradesh,Damoh,1140,108
Madhya Pradesh,Datia,59,30
Madhya Pradesh,Dewas,115,71
Madhya Pradesh,Dhar,2148,175
Madhya Pradesh,Dindori,1198,112
Madhya Pradesh,Guna,601,188
Madhya Pradesh,Gwalior,1060,81
Madhya Pradesh,Harda,667,22
Madhya Pradesh,Hoshangabad,2054,76
Madhya Pradesh,Indore,2470,304
Madhya Pradesh,Jabalpur,3187,381
Madhya Pradesh,Jhabua,779,458
Madhya Pradesh,Katni,877,178
Madhya Pradesh,Khandwa,275,45
Madhya Pradesh,Khargone,1275,145
Madhya Pradesh,Mandla,1482,18
Madhya Pradesh,Mandsaur,46,8
Madhya Pradesh,Morena,358,7
Madhya Pradesh,Narsinghpur,264,136
Madhya Pradesh,Neemuch,5,0
Madhya Pradesh,Panna,1588,64
Madhya Pradesh,Raisen,1062,334
Madhya Pradesh,Rajgarh,378,220
Madhya Pradesh,Ratlam,212,25
Madhya Pradesh,Rewa,5164,542
Madhya Pradesh,Sagar,1377,69
Madhya Pradesh,Satna,9046,297
Madhya Pradesh,Sehore,913,228
Madhya Pradesh,Seoni,4709,83
Madhya Pradesh,Shahdol,1260,88
Madhya Pradesh,Shajapur,9,0
Madhya Pradesh,Sheopur,95,23
Madhya Pradesh,Shivpuri,475,49
Madhya Pradesh,Sidhi,1250,73
Madhya Pradesh,Singrauli,497,14
Madhya Pradesh,Tikamgarh,498,48
Madhya Pradesh,Ujjain,1983,470
Madhya Pradesh,Umaria,275,32
Madhya Pradesh,Vidisha,1249,801
Maharashtra,Ahmadnagar,1692,91
Maharashtra,Ahmed Nagar,71,3
Maharashtra,Akola,1043,20
Maharashtra,Amravati,1908,33
Maharashtra,Aurangabad,1105,29
Maharashtra,Beed,6690,20
Maharashtra,Bhandara,295,25
Maharashtra,Buldhana,845,7
Maharashtra,Chandrapur,5286,2
Maharashtra,Dhule,1567,16
Maharashtra,Gadchiroli,167,0
Maharashtra,Gondia,24,0
Maharashtra,Gondiya,1159,46
Maharashtra,Hingoli,134,9
Maharashtra,Jalgaon,4705,40
Maharashtra,Jalna,447,114
Maharashtra,Kolhapur,2565,9
Maharashtra,Latur,228,13
Maharashtra,Mumbai,19449,110
Maharashtra,Mumbai City,72,0
Maharashtra,Mumbai( Sub Urban ),7,0
Maharashtra,Nagpur,2568,61
Maharashtra,Nanded,259,9
Maharashtra,Nandurbar,4552,20
Maharashtra,Nashik,4964,160
Maharashtra,Osmanabad,644,77
Maharashtra,Parbhani,2381,4
Maharashtra,Pune,7395,169
Maharashtra,Raigarh,1772,6
Maharashtra,Raigarh(MH),398,0
Maharashtra,Ratnagiri,148,0
Maharashtra,Sangli,3422,4
Maharashtra,Satara,3362,22
Maharashtra,Sindhudurg,59,0
Maharashtra,Solapur,506,50
Maharashtra,Thane,11205,997
Maharashtra,Wardha,236,6
Maharashtra,Washim,187,33
Maharashtra,Yavatmal,296,34
Manipur,Bishnupur,10,0
Manipur,Chandel,14,0
Manipur,Churachandpur,24,0
Manipur,Imphal East,7,0
Manipur,Imphal West,10,0
Manipur,Senapati,14,0
Manipur,Tamenglong,1,0
Manipur,Thoubal,6,0
Manipur,Ukhrul,5,0
Meghalaya,East Garo Hills,1,0
Meghalaya,East Khasi Hills,6,0
Meghalaya,Ri Bhoi,1,0
Meghalaya,West Garo Hills,3,0
Meghalaya,West Khasi Hills,1,0
Mizoram,Aizawl,27,0
Mizoram,Champhai,16,0
Mizoram,Kolasib,14,0
Mizoram,Lunglei,5,0
Mizoram,Serchhip,5,0
Nagaland,Dimapur,1531,0
Nagaland,Kohima,673,1
Nagaland,Longleng,1,0
Nagaland,Mokokchung,1078,0
Nagaland,Phek,289,0
Nagaland,Tuensang,6,9
Nagaland,Wokha,332,0
Nagaland,Zunheboto,129,1636
Odisha,Angul,10,0
Odisha,Balangir,332,3
Odisha,Baleswar,1388,19
Odisha,Bargarh,78,782
Odisha,Bhadrak,1577,1215
Odisha,Cuttack,466,2
Odisha,Debagarh,3,0
Odisha,Dhenkanal,8,0
Odisha,Gajapati,5,1
Odisha,Ganjam,227,3481
Odisha,Jagatsinghapur,691,47
Odisha,Jajapur,15,0
Odisha,Jharsuguda,1,0
Odisha,Kalahandi,6,0
Odisha,Kandhamal,1,0
Odisha,Kendrapara,1666,149
Odisha,Kendujhar,508,15
Odisha,Khorda,10,0
Odisha,Khordha,145,38
Odisha,Koraput,99,193
Odisha,Mayurbhanj,246,0
Odisha,Nabarangapur,1,0
Odisha,Nayagarh,6,0
Odisha,Puri,1503,185
Odisha,Rayagada,3,0
Odisha,Sambalpur,88,2
Odisha,Sonapur,1,0
Odisha,Sundergarh,534,6
Others,Others,0,20756
Puducherry,Pondicherry,18,2
Puducherry,Puducherry,463,10
Puducherry,Yanam,59,1
Punjab,Amritsar,2029,46
Punjab,Barnala,903,79
Punjab,Bathinda,4162,215
Punjab,Faridkot,686,13
Punjab,Fatehgarh Sahib,670,19
Punjab,Fazilka,1974,146
Punjab,Ferozepur,1829,4
Punjab,Gurdaspur,8092,36
Punjab,Hoshiarpur,3233,32
Punjab,Jalandhar,2767,65
Punjab,Kapurthala,1889,22
Punjab,Ludhiana,8033,298
Punjab,Mansa,330,2
Punjab,Moga,686,5
Punjab,Muktsar,49,0
Punjab,Nawanshahr,1,0
Punjab,Pathankot,371,13
Punjab,Patiala,3081,266
Punjab,Rupnagar,909,9
Punjab,SAS Nagar (Mohali),755,12
Punjab,Sangrur,1792,54
Punjab,Shaheed Bhagat Singh Nagar,971,28
Punjab,Sri Muktsar Sahib,1413,10
Punjab,Tarn Taran,140,13
Rajasthan,Ajmer,4355,160
Rajasthan,Alwar,4366,155
Rajasthan,Banswara,1278,87
Rajasthan,Baran,700,54
Rajasthan,Barmer,786,255
Rajasthan,Bharatpur,1347,18
Rajasthan,Bhilwara,617,3
Rajasthan,Bikaner,1460,419
Rajasthan,Bundi,360,17
Rajasthan,Chittorgarh,634,7
Rajasthan,Churu,2719,194
Rajasthan,Dausa,2187,39
Rajasthan,Dholpur,140,11
Rajasthan,Dungarpur,997,11
Rajasthan,Ganganagar,505,26
Rajasthan,Hanumangarh,1449,68
Rajasthan,Jaipur,4658,108
Rajasthan,Jaisalmer,242,4
Rajasthan,Jalor,417,262
Rajasthan,Jhalawar,590,42
Rajasthan,Jhunjhunu,105,2
Rajasthan,Jhunjhunun,1928,47
Rajasthan,Jodhpur,3420,220
Rajasthan,Karauli,492,19
Rajasthan,Kota,289,80
Rajasthan,Nagaur,2294,110
Rajasthan,Pali,873,128
Rajasthan,Pratapgarh,1186,69
Rajasthan,Rajsamand,596,133
Rajasthan,Sawai Madhopur,437,75
Rajasthan,Sikar,2183,75
Rajasthan,Sirohi,320,74
Rajasthan,Tonk,1109,95
Rajasthan,Udaipur,6329,142
Sikkim,East Sikkim,55,2
Sikkim,North Sikkim,32,0
Sikkim,South Sikkim,14,0
Sikkim,West Sikkim,33,0
Tamil Nadu,Ariyalur,6,1
Tamil Nadu,Chennai,84,0
Tamil Nadu,Coimbatore,427,3
Tamil Nadu,Cuddalore,32,414
Tamil Nadu,Dharmapuri,43,1
Tamil Nadu,Dindigul,3250,1
Tamil Nadu,Erode,73,0
Tamil Nadu,Kancheepuram,2115,1
Tamil Nadu,Kanchipuram,5105,90
Tamil Nadu,Kanniyakumari,139,0
Tamil Nadu,Kanyakumari,3,0
Tamil Nadu,Karur,4,3
Tamil Nadu,Krishnagiri,376,0
Tamil Nadu,Madurai,2803,76
Tamil Nadu,Nagapattinam,735,1
Tamil Nadu,Namakkal,518,48
Tamil Nadu,Nilgiris,3,0
Tamil Nadu,Pudukkottai,2,0
Tamil Nadu,Ramanathapuram,67,0
Tamil Nadu,Salem,5539,5
Tamil Nadu,Sivaganga,446,0
Tamil Nadu,Thanjavur,1491,31
Tamil Nadu,The Nilgiris,6,0
Tamil Nadu,Theni,1402,7
Tamil Nadu,Thiruvarur,732,0
Tamil Nadu,Thoothukkudi,1319,2
Tamil Nadu,Tiruchirappalli,555,123
Tamil Nadu,Tirunelveli,243,2
Tamil Nadu,Tiruppur,205,1
Tamil Nadu,Tiruvallur,65,0
Tamil Nadu,Tiruvannamalai,51,0
Tamil Nadu,Tiruvarur,0,23
Tamil Nadu,Vellore,1148,5
Tamil Nadu,Villupuram,83,169
Tamil Nadu,Viluppuram,4348,6
Tamil Nadu,Virudhunagar,1286,1
Tripura,Dhalai,5,0
Tripura,Gomati,2,0
Tripura,Khowai,2,0
Tripura,North Tripura,41,5
Tripura,Sepahijala,1,0
Tripura,South Tripura,3,0
Tripura,West Tripura,11,0
Uttar Pradesh,Agra,52,0
Uttar Pradesh,Aligarh,50,1
Uttar Pradesh,Allahabad,73,0
Uttar Pradesh,Ambedkar Nagar,54,0
Uttar Pradesh,Amethi,41,1
Uttar Pradesh,Amroha,2,0
Uttar Pradesh,Auraiya,15,1
Uttar Pradesh,Azamgarh,89,1
Uttar Pradesh,Baghpat,23,1
Uttar Pradesh,Bahraich,21,0
Uttar Pradesh,Ballia,99,3
Uttar Pradesh,Balrampur,33,0
Uttar Pradesh,Banda,18,1
Uttar Pradesh,Bara Banki,162,2
Uttar Pradesh,Barabanki,1,0
Uttar Pradesh,Bareilly,20,1
Uttar Pradesh,Basti,164,1
Uttar Pradesh,Bijnor,30,0
Uttar Pradesh,Budaun,28,1
Uttar Pradesh,Bulandshahar,8,0
Uttar Pradesh,Bulandshahr,32,1
Uttar Pradesh,Chandauli,26,0
Uttar Pradesh,Chitrakoot,11,0
Uttar Pradesh,Deoria,69,8
Uttar Pradesh,Etah,18,0
Uttar Pradesh,Etawah,147,2
Uttar Pradesh,Faizabad,447,1
Uttar Pradesh,Farrukhabad,17,0
Uttar Pradesh,Fatehpur,28,0
Uttar Pradesh,Firozabad,20,0
Uttar Pradesh,Gautam Buddha Nagar,97,0
Uttar Pradesh,Ghaziabad,168,110
Uttar Pradesh,Ghazipur,111,1
Uttar Pradesh,Gonda,58,1
Uttar Pradesh,Gorakhpur,73,4
Uttar Pradesh,Hamirpur,6,0
Uttar Pradesh,Hardoi,17,0
Uttar Pradesh,Hathras,19,0
Uttar Pradesh,Jalaun,15,0
Uttar Pradesh,Jaunpur,118,2
Uttar Pradesh,Jhansi,72,0
Uttar Pradesh,Jyotiba Phule Nagar,1,0
Uttar Pradesh,Kannauj,18,0
Uttar Pradesh,Kanpur Dehat,26,0
Uttar Pradesh,Kanpur Nagar,31,20
Uttar Pradesh,Kasganj,3,0
Uttar Pradesh,Kaushambi,15,0
Uttar Pradesh,Kheri,12,0
Uttar Pradesh,Kushinagar,68,0
Uttar Pradesh,Lalitpur,4,0
Uttar Pradesh,Lucknow,35,0
Uttar Pradesh,Maharajganj,38,0
Uttar Pradesh,Mahoba,2,0
Uttar Pradesh,Mahrajganj,8,0
Uttar Pradesh,Mainpuri,61,2
Uttar Pradesh,Mathura,29,1
Uttar Pradesh,Mau,44,1
Uttar Pradesh,Meerut,42,0
Uttar Pradesh,Mirzapur,32,0
Uttar Pradesh,Moradabad,12,0
Uttar Pradesh,Muzaffarnagar,24,3
Uttar Pradesh,Pilibhit,7,0
Uttar Pradesh,Pratapgarh,58,0
Uttar Pradesh,Rae Bareli,31,0
Uttar Pradesh,Raebareli,10,0
Uttar Pradesh,Rampur,12,0
Uttar Pradesh,Saharanpur,20,0
Uttar Pradesh,Sambhal,9,1
Uttar Pradesh,Sant Kabir Nagar,89,0
Uttar Pradesh,Sant Ravidas Nagar,38,0
Uttar Pradesh,Sant Ravidas Nagar Bhadohi,2,0
Uttar Pradesh,Shahjahanpur,8,0
Uttar Pradesh,Shamli,19,0
Uttar Pradesh,Shrawasti,11,2
Uttar Pradesh,Siddharthnagar,64,0
Uttar Pradesh,Sitapur,9,0
Uttar Pradesh,Sonbhadra,6,0
Uttar Pradesh,Sultanpur,56,0
Uttar Pradesh,Unnao,27,0
Uttar Pradesh,Varanasi,69,0
Uttarakhand,Almora,21,0
Uttarakhand,Bageshwar,11,1
Uttarakhand,Chamoli,18,2
Uttarakhand,Champawat,5,0
Uttarakhand,Dehradun,56,237
Uttarakhand,Garhwal,7,0
Uttarakhand,Hardwar,2,0
Uttarakhand,Haridwar,6,0
Uttarakhand,Nainital,17,0
Uttarakhand,Pauri Garhwal,18,0
Uttarakhand,Pithoragarh,14,0
Uttarakhand,Rudraprayag,17,0
Uttarakhand,Tehri Garhwal,21,2
Uttarakhand,Udham Singh Nagar,23,1
Uttarakhand,Uttarkashi,4,0
West Bengal,Bankura,21,1
West Bengal,Barddhaman,950,1507
West Bengal,Bardhaman,2450,224
West Bengal,Birbhum,10,0
West Bengal,Cooch Behar,7277,224
West Bengal,Dakshin Dinajpur,7479,150
West Bengal,Darjeeling,397,0
West Bengal,East Midnapore,2220,123
West Bengal,Hooghly,5142,3
West Bengal,Howrah,138,1
West Bengal,Jalpaiguri,1428,1
West Bengal,Kolkata,170,0
West Bengal,Malda,22482,577
West Bengal,Medinipur,4,941
West Bengal,Murshidabad,9099,14
West Bengal,Nadia,4984,10
West Bengal,North 24 Parganas,72,1
West Bengal,North Dinajpur,9952,2
West Bengal,Purulia,18,0
West Bengal,South 24 Parganas,9,0
West Bengal,South Dinajpur,731,15
West Bengal,South Twenty Four Parganas,3693,847
West Bengal,West Midnapore,32,1882
