State,District,Aadhaar generated,Enrolment Rejected
Andaman and Nicobar Islands,Andamans,2,0
Andaman and Nicobar Islands,South Andaman,4,0
Andhra Pradesh,Adilabad,760,23
Andhra Pradesh,Anantapur,0,30
Andhra Pradesh,Ananthapur,2320,5
Andhra Pradesh,Chittoor,906,94
Andhra Pradesh,Cuddapah,1754,25
Andhra Pradesh,East Godavari,460,350
Andhra Pradesh,Guntur,1892,140
Andhra Pradesh,Hyderabad,4438,83
Andhra Pradesh,K.V.Rangareddy,254,13
Andhra Pradesh,K.v. Rangareddy,6663,103
Andhra Pradesh,Karim Nagar,1,3
Andhra Pradesh,Karimnagar,3446,41
Andhra Pradesh,Khammam,1475,11
Andhra Pradesh,Krishna,5577,146
Andhra Pradesh,Kurnool,1089,3111
Andhra Pradesh,Mahabub Nagar,267,6103
Andhra Pradesh,Mahabubnagar,3537,66
Andhra Pradesh,Mahbubnagar,215,1275
Andhra Pradesh,Medak,1925,38
Andhra Pradesh,Nalgonda,1519,403
Andhra Pradesh,Nellore,1252,484
Andhra Pradesh,Nizamabad,2634,40
Andhra Pradesh,Prakasam,1637,77
Andhra Pradesh,Srikakulam,1224,1322
Andhra Pradesh,Visakhapatnam,2007,233
Andhra Pradesh,Vizianagaram,189,76
Andhra Pradesh,Warangal,2089,268
Andhra Pradesh,West Godavari,4862,170
Arunachal Pradesh,Changlang,1,0
Arunachal Pradesh,Tawang,1,0
Arunachal Pradesh,West Kameng,1,0
Assam,Baksa,1,0
Assam,Barpeta,6,0
Assam,Bongaigaon,3,0
Assam,Cachar,4,0
Assam,Chirang,3,0
Assam,Darrang,3,0
Assam,Dhemaji,2,0
Assam,Dhubri,3,0
Assam,Dibrugarh,3,0
Assam,Golaghat,4,0
Assam,Hailakandi,3,0
Assam,Jorhat,6,0
Assam,Kamrup,6,0
Assam,Kamrup Metro,2,0
Assam,Karbi Anglong,3,0
Assam,Karimganj,1,0
Assam,Kokrajhar,2,0
Assam,Marigaon,2,0
Assam,Nagaon,6,0
Assam,Sibsagar,4,0
Assam,Sonitpur,4,0
Assam,Tinsukia,3,0
Assam,Udalguri,6,0
Bihar,Araria,7,0
Bihar,Arwal,61,0
Bihar,Aurangabad,20,1
Bihar,Aurangabad(BH),3,0
Bihar,Banka,19,0
Bihar,Begusarai,28,2
Bihar,Bhabua,2,0
Bihar,Bhagalpur,36,0
Bihar,Bhojpur,54,1
Bihar,Buxar,47,2
Bihar,Darbhanga,72,1
Bihar,East Champaran,53,3
Bihar,Gaya,45,1
Bihar,Gopalganj,37,1
Bihar,Jamui,16,0
Bihar,Jehanabad,15,0
Bihar,Kaimur (Bhabua),11,0
Bihar,Katihar,25,0
Bihar,Khagaria,11,0
Bihar,Kishanganj,822,27
Bihar,Lakhisarai,10,0
Bihar,Madhepura,6,0
Bihar,Madhubani,47,1
Bihar,Munger,17,0
Bihar,Muzaffarpur,44,1
Bihar,Nalanda,28,0
Bihar,Nawada,18,1
Bihar,Patna,156,0
Bihar,Purnia,12,0
Bihar,Rohtas,57,0
Bihar,Saharsa,22,1
Bihar,Samastipur,42,1
Bihar,Saran,66,2
Bihar,Sheikhpura,20,0
Bihar,Sheohar,76,0
Bihar,Sitamarhi,40,0
Bihar,Siwan,48,1
Bihar,Supaul,15,0
Bihar,Vaishali,293,4
Bihar,West Champaran,13,0
Chandigarh,Chandigarh,141,8
Chhattisgarh,Balod,5,2
Chhattisgarh,Baloda Bazar,1,0
Chhattisgarh,Bemetara,1,0
Chhattisgarh,Bilaspur,44,0
Chhattisgarh,Dantewada,1,0
Chhattisgarh,Dhamtari,887,11
Chhattisgarh,Durg,11,1
Chhattisgarh,Janjgir Champa,3,0
Chhattisgarh,Janjgir-champa,19,0
Chhattisgarh,Jashpur,6,0
Chhattisgarh,Kanker,1,0
Chhattisgarh,Kawardha,1,0
Chhattisgarh,Korba,33,0
Chhattisgarh,Koriya,523,5
Chhattisgarh,Mahasamund,67,1
Chhattisgarh,Mungeli ,1,0
Chhattisgarh,Raigarh,34,1
Chhattisgarh,Raipur,4,0
Chhattisgarh,Rajnandgaon,3,0
Chhattisgarh,Surguja,0,1
Dadra and Nagar Haveli,Dadra and Nagar Haveli,133,52
Daman and Diu,Daman,17,1
Daman and Diu,Diu,1,0
Delhi,Central Delhi,187,37
Delhi,East Delhi,988,853
Delhi,Najafgarh,47,31
Delhi,New Delhi,38,4
Delhi,North Delhi,292,155
Delhi,North East,190,1847
Delhi,North East Delhi,421,61
Delhi,North West Delhi,945,936
Delhi,South Delhi,1187,446
Delhi,South West Delhi,347,273
Delhi,West Delhi,672,570
Goa,Bardez,3,0
Goa,North Goa,117,29
Goa,South Goa,87,135
Gujarat,Ahmadabad,14,0
Gujarat,Ahmedabad,1002,16
Gujarat,Amreli,653,0
Gujarat,Anand,471,0
Gujarat,Banaskantha,285,9
Gujarat,Bharuch,156,7
Gujarat,Bhavnagar,153,3
Gujarat,Dahod,75,1
Gujarat,Dohad,460,1
Gujarat,Gandhinagar,254,4
Gujarat,Jamnagar,456,14
Gujarat,Junagadh,246,17
Gujarat,Kachchh,232,8
Gujarat,Kheda,778,9
Gujarat,Mahesana,171,7
Gujarat,Narmada,181,7
Gujarat,Navsari,709,2
Gujarat,Panchmahals,724,11
Gujarat,Patan,367,14
Gujarat,Porbandar,139,8
Gujarat,Rajkot,1158,33
Gujarat,Sabarkantha,191,14
Gujarat,Surat,937,22
Gujarat,Surendra Nagar,448,4
Gujarat,Tapi,338,0
Gujarat,The Dangs,50,0
Gujarat,Vadodara,1232,13
Gujarat,Valsad,231,4
Haryana,Ambala,614,16
Haryana,Bhiwani,1630,31
Haryana,Faridabad,1294,10
Haryana,Fatehabad,158,2
Haryana,Gurgaon,1195,13
Haryana,Hisar,650,14
Haryana,Jhajjar,1668,6
Haryana,Jind,137,3
Haryana,Kaithal,922,10
Haryana,Karnal,309,9
Haryana,Kurukshetra,1289,21
Haryana,Mahendragarh,203,2
Haryana,Mewat,62,0
Haryana,Palwal,557,8
Haryana,Panchkula,806,12
Haryana,Panipat,283,9
Haryana,Rewari,401,15
Haryana,Rohtak,1046,19
Haryana,Sirsa,344,4
Haryana,Sonipat,581,27
Haryana,Yamuna Nagar,932,3
Himachal Pradesh,Bilaspur,17,3
Himachal Pradesh,Bilaspur ,3,0
Himachal Pradesh,Chamba,314,31
Himachal Pradesh,Hamirpur,106,1
Himachal Pradesh,Kangra,403,21
Himachal Pradesh,Kinnaur,3,0
Himachal Pradesh,Kullu,100,3
Himachal Pradesh,Lahul and Spiti,4,0
Himachal Pradesh,Mandi,275,10
Himachal Pradesh,Shimla,1555,11
Himachal Pradesh,Sirmaur,802,3
Himachal Pradesh,Solan,165,6
Himachal Pradesh,Una,77,2
Jammu and Kashmir,Anantnag,6,0
Jammu and Kashmir,Badgam,3,0
Jammu and Kashmir,Baramula,1,0
Jammu and Kashmir,Baramulla,3,0
Jammu and Kashmir,Doda,1,0
Jammu and Kashmir,Jammu,32,0
Jammu and Kashmir,Kargil,1,0
Jammu and Kashmir,Kathua,5,0
Jammu and Kashmir,Kupwara,1,0
Jammu and Kashmir,Rajouri,5,0
Jammu and Kashmir,Srinagar,8,0
Jharkhand,Bokaro,1018,14
Jharkhand,Chatra,1507,21
Jharkhand,Deoghar,346,19
Jharkhand,Dhanbad,702,18
Jharkhand,Dumka,470,22
Jharkhand,East Singhbhum,1164,8
Jharkhand,Garhwa,194,13
Jharkhand,Giridih,1039,19
Jharkhand,Godda,764,16
Jharkhand,Gumla,1403,22
Jharkhand,Hazaribagh,464,14
Jharkhand,Jamtara,408,7
Jharkhand,Khunti,134,5
Jharkhand,Kodarma,14,1
Jharkhand,Koderma,301,2
Jharkhand,Latehar,1860,18
Jharkhand,Lohardaga,164,1
Jharkhand,Pakaur,4,0
Jharkhand,Pakur,991,6
Jharkhand,Palamau,5,0
Jharkhand,Palamu,142,13
Jharkhand,Ramgarh,266,4
Jharkhand,Ranchi,642,21
Jharkhand,Sahebganj,730,2
Jharkhand,Seraikela-Kharsawan,362,11
Jharkhand,Simdega,354,6
Jharkhand,West Singhbhum,539,6
Karnataka,Bagalkot,232,5
Karnataka,Bangalore,4122,48
Karnataka,Bangalore Rural,555,219
Karnataka,Belgaum,1447,31
Karnataka,Bellary,569,10
Karnataka,Bidar,88,12
Karnataka,Bijapur,455,18
Karnataka,Bijapur(KAR),5,1
Karnataka,Chamrajanagar,189,1
Karnataka,Chickmagalur,597,3
Karnataka,Chikkaballapur,700,322
Karnataka,Chitradurga,389,68
Karnataka,Dakshina Kannada,771,14
Karnataka,Davangere,1563,46
Karnataka,Dharwad,427,962
Karnataka,Gadag,270,26
Karnataka,Gulbarga,450,12
Karnataka,Hasan,566,1
Karnataka,Hassan,48,1
Karnataka,Haveri,412,151
Karnataka,Kodagu,279,152
Karnataka,Kolar,289,171
Karnataka,Koppal,284,3
Karnataka,Mandya,303,154
Karnataka,Mysore,106,19
Karnataka,Raichur,112,3
Karnataka,Ramanagar,505,3
Karnataka,Shimoga,374,4
Karnataka,Tumkur,27,5
Karnataka,Udupi,99,0
Karnataka,Uttara Kannada,1027,11
Karnataka,Yadgir,7,617
Kerala,Alappuzha,600,171
Kerala,Ernakulam,752,185
Kerala,Idukki,104,32
Kerala,Kannur,937,87
Kerala,Kasaragod,315,17
Kerala,Kasargod,369,135
Kerala,Kollam,827,134
Kerala,Kottayam,350,21
Kerala,Kozhikode,769,227
Kerala,Malappuram,2129,47
Kerala,Palakkad,259,879
Kerala,Pathanamthitta,193,15
Kerala,Thiruvananthapuram,864,94
Kerala,Thrissur,718,119
Kerala,Wayanad,53,24
Lakshadweep,Lakshadweep,4,0
Madhya Pradesh,Alirajpur,141,54
Madhya Pradesh,Anuppur,164,4
Madhya Pradesh,Ashok Nagar,59,7
Madhya Pradesh,Balaghat,262,2
Madhya Pradesh,Barwani,95,12
Madhya Pradesh,Betul,345,6
Madhya Pradesh,Bhind,446,17
Madhya Pradesh,Bhopal,502,69
Madhya Pradesh,Burhanpur,3,0
Madhya Pradesh,Chhatarpur,429,119
Madhya Pradesh,Chhindwara,1059,19
Madhya Pradesh,Damoh,457,21
Madhya Pradesh,Datia,112,13
Madhya Pradesh,Dewas,129,18
Madhya Pradesh,Dhar,425,29
Madhya Pradesh,Dindori,454,7
Madhya Pradesh,Guna,295,45
Madhya Pradesh,Gwalior,927,38
Madhya Pradesh,Harda,44,9
Madhya Pradesh,Hoshangabad,396,38
Madhya Pradesh,Indore,420,56
Madhya Pradesh,Jabalpur,922,86
Madhya Pradesh,Jhabua,191,18
Madhya Pradesh,Katni,576,24
Madhya Pradesh,Khandwa,148,18
Madhya Pradesh,Khargone,677,38
Madhya Pradesh,Mandla,290,3
Madhya Pradesh,Mandsaur,130,39
Madhya Pradesh,Morena,245,5
Madhya Pradesh,Narsinghpur,419,26
Madhya Pradesh,Neemuch,41,13
Madhya Pradesh,Panna,1142,5
Madhya Pradesh,Raisen,336,45
Madhya Pradesh,Rajgarh,263,47
Madhya Pradesh,Ratlam,115,21
Madhya Pradesh,Rewa,2086,77
Madhya Pradesh,Sagar,623,26
Madhya Pradesh,Satna,1050,44
Madhya Pradesh,Sehore,640,60
Madhya Pradesh,Seoni,2074,40
Madhya Pradesh,Shahdol,655,6
Madhya Pradesh,Shajapur,17,9
Madhya Pradesh,Sheopur,60,9
Madhya Pradesh,Shivpuri,171,5
Madhya Pradesh,Sidhi,612,17
Madhya Pradesh,Singrauli,447,3
Madhya Pradesh,Tikamgarh,497,3
Madhya Pradesh,Ujjain,469,49
Madhya Pradesh,Umaria,190,17
Madhya Pradesh,Vidisha,358,65
Maharashtra,Ahmadnagar,1315,51
Maharashtra,Ahmed Nagar,63,40
Maharashtra,Akola,733,40
Maharashtra,Amravati,1622,104
Maharashtra,Aurangabad,1393,148
Maharashtra,Beed,1933,35
Maharashtra,Bhandara,388,247
Maharashtra,Buldhana,747,13
Maharashtra,Chandrapur,677,17
Maharashtra,Dhule,384,30
Maharashtra,Gadchiroli,192,0
Maharashtra,Gondia,2,0
Maharashtra,Gondiya,868,46
Maharashtra,Hingoli,182,10
Maharashtra,Jalgaon,2027,67
Maharashtra,Jalna,456,410
Maharashtra,Kolhapur,2338,37
Maharashtra,Latur,780,114
Maharashtra,Mumbai,6807,131
Maharashtra,Mumbai City,5,0
Maharashtra,Nagpur,1095,132
Maharashtra,Nanded,429,111
Maharashtra,Nandurbar,972,14
Maharashtra,Nashik,2698,86
Maharashtra,Osmanabad,438,22
Maharashtra,Parbhani,274,11
Maharashtra,Pune,3129,60
Maharashtra,Raigarh,509,7
Maharashtra,Raigarh(MH),34,2
Maharashtra,Ratnagiri,100,48
Maharashtra,Sangli,1936,50
Maharashtra,Satara,621,18
Maharashtra,Sindhudurg,44,0
Maharashtra,Solapur,678,33
Maharashtra,Thane,7647,616
Maharashtra,Wardha,120,182
Maharashtra,Washim,444,14
Maharashtra,Yavatmal,878,20
Manipur,Bishnupur,4,0
Manipur,Chandel,4,0
Manipur,Churachandpur,13,0
Manipur,Imphal East,19,0
Manipur,Imphal West,30,1
Manipur,Senapati,1,0
Manipur,Tamenglong,4,0
Manipur,Thoubal,8,0
Manipur,Ukhrul,1,0
Meghalaya,East Khasi Hills,2,0
Meghalaya,Jaintia Hills,1,0
Meghalaya,West Garo Hills,2,0
Meghalaya,West Khasi Hills,1,0
Mizoram,Aizawl,3,0
Nagaland,Dimapur,218,4
Nagaland,Kiphire,6,0
Nagaland,Kohima,81,2
Nagaland,Longleng,16,0
Nagaland,Mokokchung,131,6
Nagaland,Mon,10,4
Nagaland,Peren,1,0
Nagaland,Phek,8,1
Nagaland,Tuensang,34,0
Nagaland,Wokha,257,1
Nagaland,Zunheboto,12,1
Odisha,Angul,3,0
Odisha,Balangir,299,3
Odisha,Baleswar,464,131
Odisha,Bargarh,46,68
Odisha,Bhadrak,315,58
Odisha,Cuttack,1000,1542
Odisha,Dhenkanal,8,1
Odisha,Gajapati,3,0
Odisha,Ganjam,625,550
Odisha,Jagatsinghapur,702,141
Odisha,Jajapur,45,4
Odisha,Kalahandi,2,0
Odisha,Kandhamal,222,143
Odisha,Kendrapara,643,29
Odisha,Kendujhar,376,10
Odisha,Khorda,10,0
Odisha,Khordha,1550,640
Odisha,Koraput,257,57
Odisha,Malkangiri,18,0
Odisha,Mayurbhanj,3021,2
Odisha,Nayagarh,7,0
Odisha,Puri,705,69
Odisha,Rayagada,11,23
Odisha,Sambalpur,11,18
Odisha,Sonapur,28,64
Odisha,Sundergarh,2827,72
Others,Others,0,748
Puducherry,Karaikal,1,0
Puducherry,Pondicherry,9,2
Puducherry,Puducherry,46,5
Puducherry,Yanam,102,4
Punjab,Amritsar,852,24
Punjab,Barnala,283,20
Punjab,Bathinda,785,63
Punjab,Faridkot,150,7
Punjab,Fatehgarh Sahib,77,5
Punjab,Fazilka,344,36
Punjab,Ferozepur,192,9
Punjab,Gurdaspur,639,19
Punjab,Hoshiarpur,611,5
Punjab,Jalandhar,641,20
Punjab,Kapurthala,458,9
Punjab,Ludhiana,2713,90
Punjab,Mansa,88,0
Punjab,Moga,141,5
Punjab,Muktsar,4,3
Punjab,Nawanshahr,1,0
Punjab,Pathankot,79,10
Punjab,Patiala,623,33
Punjab,Rupnagar,180,4
Punjab,SAS Nagar (Mohali),554,4
Punjab,Sangrur,721,11
Punjab,Shaheed Bhagat Singh Nagar,76,8
Punjab,Sri Muktsar Sahib,158,10
Punjab,Tarn Taran,126,3
Rajasthan,Ajmer,1646,59
Rajasthan,Alwar,1117,27
Rajasthan,Banswara,436,8
Rajasthan,Baran,374,12
Rajasthan,Barmer,398,115
Rajasthan,Bharatpur,509,9
Rajasthan,Bhilwara,602,6
Rajasthan,Bikaner,763,32
Rajasthan,Bundi,264,27
Rajasthan,Chittorgarh,386,7
Rajasthan,Churu,1566,37
Rajasthan,Dausa,1161,41
Rajasthan,Dholpur,401,24
Rajasthan,Dungarpur,249,1
Rajasthan,Ganganagar,413,4
Rajasthan,Hanumangarh,907,9
Rajasthan,Jaipur,2310,49
Rajasthan,Jaisalmer,14,0
Rajasthan,Jalor,763,46
Rajasthan,Jhalawar,493,12
Rajasthan,Jhunjhunu,100,16
Rajasthan,Jhunjhunun,779,47
Rajasthan,Jodhpur,2265,137
Rajasthan,Karauli,584,16
Rajasthan,Kota,202,31
Rajasthan,Nagaur,722,38
Rajasthan,Pali,1321,245
Rajasthan,Pratapgarh,278,20
Rajasthan,Rajsamand,206,51
Rajasthan,Sawai Madhopur,426,26
Rajasthan,Sikar,1803,34
Rajasthan,Sirohi,312,36
Rajasthan,Tonk,352,30
Rajasthan,Udaipur,788,65
Sikkim,East Sikkim,22,1
Sikkim,North Sikkim,15,0
Sikkim,South Sikkim,12,1
Sikkim,West Sikkim,17,4
Tamil Nadu,Ariyalur,4,2
Tamil Nadu,Chennai,230,11
Tamil Nadu,Coimbatore,631,35
Tamil Nadu,Cuddalore,24,808
Tamil Nadu,Dharmapuri,1175,32
Tamil Nadu,Dindigul,786,45
Tamil Nadu,Erode,1698,754
Tamil Nadu,Kancheepuram,264,25
Tamil Nadu,Kanchipuram,61,0
Tamil Nadu,Kanniyakumari,75,7
Tamil Nadu,Kanyakumari,205,0
Tamil Nadu,Karur,40,27
Tamil Nadu,Krishnagiri,84,18
Tamil Nadu,Madurai,10616,169
Tamil Nadu,Nagapattinam,159,66
Tamil Nadu,Namakkal,46,39
Tamil Nadu,Nilgiris,1,0
Tamil Nadu,Perambalur,173,117
Tamil Nadu,Pudukkottai,56,247
Tamil Nadu,Ramanathapuram,1309,87
Tamil Nadu,Salem,3929,514
Tamil Nadu,Sivaganga,43,25
Tamil Nadu,Thanjavur,121,291
Tamil Nadu,The Nilgiris,1778,0
Tamil Nadu,Theni,223,345
Tamil Nadu,Thiruvarur,299,10
Tamil Nadu,Thoothukkudi,1502,88
Tamil Nadu,Tiruchirappalli,399,195
Tamil Nadu,Tirunelveli,834,167
Tamil Nadu,Tiruppur,458,48
Tamil Nadu,Tiruvallur,138,12
Tamil Nadu,Tiruvannamalai,342,1808
Tamil Nadu,Tiruvarur,3,0
Tamil Nadu,Vellore,2546,316
Tamil Nadu,Villupuram,12,1
Tamil Nadu,Viluppuram,8767,187
Tamil Nadu,Virudhunagar,523,106
Tripura,Khowai,1,0
Tripura,North Tripura,3,3
Tripura,South Tripura,1,9
Tripura,West Tripura,6,4
Uttar Pradesh,Agra,32,0
Uttar Pradesh,Aligarh,313,4
Uttar Pradesh,Allahabad,54,0
Uttar Pradesh,Ambedkar Nagar,19,1
Uttar Pradesh,Amethi,203,5
Uttar Pradesh,Amroha,12,0
Uttar Pradesh,Auraiya,10,5
Uttar Pradesh,Azamgarh,129,54
Uttar Pradesh,Baghpat,20,0
Uttar Pradesh,Bagpat,1,0
Uttar Pradesh,Bahraich,4,1
Uttar Pradesh,Ballia,84,6
Uttar Pradesh,Balrampur,8,0
Uttar Pradesh,Banda,13,0
Uttar Pradesh,Bara Banki,70,82
Uttar Pradesh,Barabanki,3,0
Uttar Pradesh,Bareilly,10,1
Uttar Pradesh,Basti,319,6
Uttar Pradesh,Bijnor,220,2
Uttar Pradesh,Budaun,22,1
Uttar Pradesh,Bulandshahar,5,0
Uttar Pradesh,Bulandshahr,21,0
Uttar Pradesh,Chandauli,22,1
Uttar Pradesh,Chitrakoot,43,0
Uttar Pradesh,Deoria,35,32
Uttar Pradesh,Etah,16,2
Uttar Pradesh,Etawah,567,23
Uttar Pradesh,Faizabad,178,22
Uttar Pradesh,Farrukhabad,19,0
Uttar Pradesh,Fatehpur,42,1
Uttar Pradesh,Firozabad,15,2
Uttar Pradesh,Gautam Buddha Nagar,121,2
Uttar Pradesh,Ghaziabad,438,192
Uttar Pradesh,Ghazipur,57,2
Uttar Pradesh,Gonda,105,1
Uttar Pradesh,Gorakhpur,157,2
Uttar Pradesh,Hamirpur,2,0
Uttar Pradesh,Hardoi,31,5
Uttar Pradesh,Hathras,21,0
Uttar Pradesh,Jalaun,7,0
Uttar Pradesh,Jaunpur,37,0
Uttar Pradesh,Jhansi,39,0
Uttar Pradesh,Jyotiba Phule Nagar,2,0
Uttar Pradesh,Kannauj,16,0
Uttar Pradesh,Kanpur Dehat,9,0
Uttar Pradesh,Kanpur Nagar,60,12
Uttar Pradesh,Kasganj,9,0
Uttar Pradesh,Kaushambi,11,0
Uttar Pradesh,Kheri,15,2
Uttar Pradesh,Kushinagar,23,3
Uttar Pradesh,Lucknow,39,20
Uttar Pradesh,Maharajganj,323,2
Uttar Pradesh,Mahoba,65,8
Uttar Pradesh,Mahrajganj,1,0
Uttar Pradesh,Mainpuri,53,7
Uttar Pradesh,Mathura,23,1
Uttar Pradesh,Mau,10,2
Uttar Pradesh,Meerut,225,5
Uttar Pradesh,Mirzapur,20,0
Uttar Pradesh,Moradabad,9,2
Uttar Pradesh,Muzaffarnagar,25,0
Uttar Pradesh,Pilibhit,61,0
Uttar Pradesh,Pratapgarh,91,2
Uttar Pradesh,Rae Bareli,35,0
Uttar Pradesh,Raebareli,3,7
Uttar Pradesh,Rampur,7,0
Uttar Pradesh,Saharanpur,32,1
Uttar Pradesh,Sambhal,7,0
Uttar Pradesh,Sant Kabir Nagar,133,2
Uttar Pradesh,Sant Ravidas Nagar,26,1
Uttar Pradesh,Sant Ravidas Nagar Bhadohi,2,0
Uttar Pradesh,Shahjahanpur,16,0
Uttar Pradesh,Shamli,8,0
Uttar Pradesh,Shrawasti,170,0
Uttar Pradesh,Siddharthnagar,27,0
Uttar Pradesh,Sitapur,40,2
Uttar Pradesh,Sonbhadra,6,0
Uttar Pradesh,Sultanpur,50,2
Uttar Pradesh,Unnao,25,2
Uttar Pradesh,Varanasi,24,0
Uttarakhand,Almora,19,0
Uttarakhand,Bageshwar,17,1
Uttarakhand,Chamoli,7,0
Uttarakhand,Champawat,24,0
Uttarakhand,Dehradun,352,9
Uttarakhand,Garhwal,8,0
Uttarakhand,Haridwar,202,0
Uttarakhand,Nainital,11,0
Uttarakhand,Pauri Garhwal,22,1
Uttarakhand,Pithoragarh,29,0
Uttarakhand,Rudraprayag,7,0
Uttarakhand,Tehri Garhwal,52,0
Uttarakhand,Udham Singh Nagar,38,4
Uttarakhand,Uttarkashi,2,0
West Bengal,Bankura,12,0
West Bengal,Barddhaman,146,152
West Bengal,Bardhaman,185,26
West Bengal,Birbhum,26,154
West Bengal,Cooch Behar,422,34
West Bengal,Dakshin Dinajpur,611,361
West Bengal,Darjeeling,204,0
West Bengal,East Midnapore,107,80
West Bengal,Hooghly,1258,2
West Bengal,Howrah,218,7
West Bengal,Jalpaiguri,252,10
West Bengal,Kolkata,430,156
West Bengal,Malda,3036,62
West Bengal,Medinipur,59,31
West Bengal,Murshidabad,4749,65
West Bengal,Nadia,1867,26
West Bengal,North 24 Parganas,185,134
West Bengal,North Dinajpur,118,5
West Bengal,Purulia,12,0
West Bengal,South 24 Parganas,120,0
West Bengal,South Dinajpur,203,3
West Bengal,South Twenty Four Parganas,1740,477
West Bengal,West Midnapore,19,10
