Registrar,Enrolment Agency,Aadhaar generated,Enrolment Rejected
Allahabad Bank,A-Onerealtors Pvt Ltd,3612,164
Allahabad Bank,Agro Tech Engineers,53,0
Allahabad Bank,Asha Security Guard Services,4782,151
Allahabad Bank,Emdee Digitronics Pvt.Ltd.,6663,22
Allahabad Bank,MEGHA VINCOM PVT LTD,952,48
Allahabad Bank,Nevaeh Technology Pvt. Ltd.,10816,63
Allahabad Bank,Ortem Securities Limited,80,1
Allahabad Bank,PROTEX COMPUTER PVT LTD,264,1
Allahabad Bank,Redim Software Technologies Pvt Ltd,102,26
Allahabad Bank,SGS INDIA PVT LTD,2927,83
Allahabad Bank,Sri Ramraja Sarkar Lok Kalyan Trust,0,6
Allahabad Bank,VAP INFOSOLUTIONS,1190,43
Allahabad Bank,Vedavaag Systems Limited,3074,32
Atalji Janasnehi Directorate  Government of Karnataka,Atalji Janasnehi Directorate  GOK,9941,269
Bank Of India,A3 Logics  India  Ltd,726,18
Bank Of India,Blue Circle Instrument,124,5
Bank Of India,CHESSY CONSULTANTS PVT LTD,1,0
Bank Of India,DATASOFT COMPUTER SERVICES(P),493,37
Bank Of India,Frontech Systems Pvt Ltd,256,0
Bank Of India,OSWAL COMPUTERS & CONSULTANTS,348,8
Bank Of India,PROTEX COMPUTER PVT LTD,2809,11
Bank Of India,SARADA SYSTEMS,5892,26
Bank Of India,SHRIKRISHNA KHANDASARI SUGAR M,32,10
Bank Of India,SREI INFRASTRUCTURE FINANCES L,16328,542
Bank Of India,VEETECHNOLOGIES PVT. LTD,3999,117
Bank of Baroda,Global Finsol Private Limited,30,1
Bank of Maharashtra,FINANCIAL INFORMATION NETWORK,1,0
Bank of Maharashtra,Tera Software Ltd,810,38
CSC e-Governance Services India Limited,A I Soc for Electronics and Comp Tech,25609,746
CSC e-Governance Services India Limited,AKSH OPTIFIBRE LIMITED,21786,626
CSC e-Governance Services India Limited,BASIX,14869,463
CSC e-Governance Services India Limited,Binary Systems,172,37
CSC e-Governance Services India Limited,Bloom Solutions Pvt Ltd,3719,236
CSC e-Governance Services India Limited,CALANCE SOFTWARE PRIVATE LTD,1860,110
CSC e-Governance Services India Limited,CHIPS,13215,303
CSC e-Governance Services India Limited,CMS Computers Ltd,35153,1401
CSC e-Governance Services India Limited,CSC e-Governance Services India Limited,12035,515
CSC e-Governance Services India Limited,Computer Print,1385,44
CSC e-Governance Services India Limited,Conatus Infocom Pvt. Ltd,330,23
CSC e-Governance Services India Limited,DATASOFT COMPUTER SERVICES(P),3348,354
CSC e-Governance Services India Limited,Gem Computers,235,60
CSC e-Governance Services India Limited,Home Life Buildcon Pvt Ltd,2997,271
CSC e-Governance Services India Limited,HyperSoft Technologies Ltd,3004,11
CSC e-Governance Services India Limited,IAP COMPANY Pvt. Ltd,37984,743
CSC e-Governance Services India Limited,Janta Silikon Consortium,3143,178
CSC e-Governance Services India Limited,Jeevan Deep Charitable Society,2008,99
CSC e-Governance Services India Limited,K W Consulting P Ltd,1325,20
CSC e-Governance Services India Limited,MANTRA SOFTTECH (INDIA) PVTLTD,5742,60
CSC e-Governance Services India Limited,MEGHA VINCOM PVT LTD,743,135
CSC e-Governance Services India Limited,Mahamritunjay Traders,1329,46
CSC e-Governance Services India Limited,Mahaonline Limited,4012,189
CSC e-Governance Services India Limited,Murano India Pvt Ltd,0,14
CSC e-Governance Services India Limited,NPS Technologies Pvt. Ltd,10868,802
CSC e-Governance Services India Limited,NVR & ASSOCIATES LIMITED,191,24
CSC e-Governance Services India Limited,National Cooperative Consumers Federation of India Limited,782,47
CSC e-Governance Services India Limited,Nekton IT India Pvt Ltd.,5715,183
CSC e-Governance Services India Limited,Network for Information & Computer,1976,117
CSC e-Governance Services India Limited,Promind Solutions P Limited,5716,410
CSC e-Governance Services India Limited,Radiant Haroti Industries India Ltd,7313,611
CSC e-Governance Services India Limited,Raj Construction Co.,320,28
CSC e-Governance Services India Limited,SPANCO,3851,180
CSC e-Governance Services India Limited,SRR Infotech,1669,117
CSC e-Governance Services India Limited,Sahaj e-Village Limited,20073,551
CSC e-Governance Services India Limited,Sri Ramraja Sarkar Lok Kalyan Trust,15,3
CSC e-Governance Services India Limited,Super Printers,427,35
CSC e-Governance Services India Limited,Tera Software Ltd,11081,378
CSC e-Governance Services India Limited,Twinstar Industries Ltd.,80,1
CSC e-Governance Services India Limited,United Telecoms e-Services Pvt Ltd,4436,148
CSC e-Governance Services India Limited,VIKALP MULTIMEDIA,974,45
CSC e-Governance Services India Limited,VISION COMPTECH INTEGRATOR LTD,1961,127
CSC e-Governance Services India Limited,Vayam technologies Ltd,6324,505
CSC e-Governance Services India Limited,Vedavaag Systems Limited,21520,400
CSC e-Governance Services India Limited,Yash Ornaments Pvt. Ltd,844,62
CSC e-Governance Services India Limited,Zephyr System Pvt.Ltd.,8690,468
Canara Bank,FINANCIAL INFORMATION NETWORK,22317,456
Canara Bank,Karvy Data Management Services,9685,356
Canara Bank,Ojus Healthcare Private Limited,878,3
Canara Bank,Osiris Infotech Pvt. Ltd.,189,144
Canara Bank,Smart Chip Limited,917,27
Canara Bank,Virinchi Technologies Ltd,3520,80
Civil Supplies - A&N Islands,India Computer Technology,314,3
DENA BANK,77 Infosystems Pvt Ltd,262,25
DENA BANK,A-Onerealtors Pvt Ltd,363,23
DENA BANK,APEX Services,2544,27
DENA BANK,AS International,237,22
DENA BANK,ATISHAY INFOTECH PVT. LTD.,8396,449
DENA BANK,AVVAS INFOTECH PVT  LTD,3427,547
DENA BANK,Advent Infomax Private Ltd,174,13
DENA BANK,Amar Constructions,1178,74
DENA BANK,Apnatech Consultancy Services Pvt Ltd,98,45
DENA BANK,Asha Security Guard Services,1670,162
DENA BANK,Asray Gram,60,5
DENA BANK,BNR UDYOG LIMITED,73,6
DENA BANK,Binary Systems,1138,76
DENA BANK,Bloom Solutions Pvt Ltd,482,13
DENA BANK,Blue Circle Instrument,410,24
DENA BANK,Business Information Processing Services,641,60
DENA BANK,CALANCE SOFTWARE PRIVATE LTD,2604,148
DENA BANK,DATASOFT COMPUTER SERVICES(P),2157,27
DENA BANK,DEVASHISH SECURITIES PVT. LTD.,2,0
DENA BANK,Eagle Software India Pvt. Ltd,1536,41
DENA BANK,Emdee Digitronics Pvt.Ltd.,134,0
DENA BANK,FINANCIAL INFORMATION NETWORK,3640,76
DENA BANK,Gem Computers,65,58
DENA BANK,Gujarat Infotech Ltd.,1046,20
DENA BANK,IAP COMPANY Pvt. Ltd,2558,128
DENA BANK,India Computer Technology,1104,240
DENA BANK,JNET Technologies Pvt.Ltd,0,3
DENA BANK,K W Consulting P Ltd,1163,28
DENA BANK,Lankipalli Integrated Services Private Limited,172,1
DENA BANK,M/S STAR DATA CENTRE,353,45
DENA BANK,M/s Gold Square Builders & Promoters Pvt. Ltd.,1097,45
DENA BANK,M2C Private Solution,22,2
DENA BANK,MARS Telecom Systems Pvt Ltd,6175,118
DENA BANK,MEGHA VINCOM PVT LTD,5452,46
DENA BANK,MKS Enterprises,306,7
DENA BANK,Make India Smart Private Limited,5359,197
DENA BANK,Multiwave Innovation,4912,57
DENA BANK,NVR & ASSOCIATES LIMITED,2289,161
DENA BANK,Netlink software Pvt Ltd,3648,269
DENA BANK,Nielsen  India  Private Limited,10376,614
DENA BANK,Offshoot Agency Pvt. Ltd.,978,26
DENA BANK,Om Softwares,1593,118
DENA BANK,Ortem Securities Limited,754,10
DENA BANK,Ricoh India Limited,2765,90
DENA BANK,SGS INDIA PVT LTD,2053,46
DENA BANK,Silver Touch Technologies Ltd,4023,123
DENA BANK,Sixth Dimension Project Solutions Ltd,405,5
DENA BANK,Soc for Advancement of Environ Science,53,23
DENA BANK,SoftAge Information Technology Limited,75,2
DENA BANK,Super Printers,1026,35
DENA BANK,Systematic & Advance Const P L,4,0
DENA BANK,TechSmart India Pvt Ltd,2557,750
DENA BANK,Tera Software Ltd,106,1
DENA BANK,The NSIC ltd,4,4
DENA BANK,Transline Technologies P Ltd,148,32
DENA BANK,Utility Forms Pvt Ltd,82,6
DENA BANK,VAP INFOSOLUTIONS,1905,164
DENA BANK,VISION COMPTECH INTEGRATOR LTD,7480,214
DENA BANK,Vedavaag Systems Limited,2128,58
DENA BANK,Virinchi Technologies Ltd,2527,161
DENA BANK,WEBEL,3498,513
DENA BANK,Wipro Ltd,9196,1300
DENA BANK,Yash Ornaments Pvt. Ltd,10,8
DENA BANK,Zephyr System Pvt.Ltd.,5441,332
Department of Information Technology Govt of Jharkhand,Wipro Ltd,16,1
Dept of ITC Govt of Rajasthan,AKSH OPTIFIBRE LIMITED,0,1
Dept of ITC Govt of Rajasthan,ATISHAY INFOTECH PVT. LTD.,289,47
Dept of ITC Govt of Rajasthan,AVVAS INFOTECH PVT  LTD,6,48
Dept of ITC Govt of Rajasthan,Academy of Management Studies,5,1
Dept of ITC Govt of Rajasthan,Business Information Processing Services,443,0
Dept of ITC Govt of Rajasthan,CMS Computers Ltd,1107,65
Dept of ITC Govt of Rajasthan,COMTECH INSTITUTE OFTECHNOLOGY,848,205
Dept of ITC Govt of Rajasthan,DATASOFT COMPUTER SERVICES(P),231,121
Dept of ITC Govt of Rajasthan,FINANCIAL INFORMATION NETWORK,2126,143
Dept of ITC Govt of Rajasthan,Gujarat Infotech Ltd.,1,0
Dept of ITC Govt of Rajasthan,IAP COMPANY Pvt. Ltd,1467,11
Dept of ITC Govt of Rajasthan,Karvy Data Management Services,520,33
Dept of ITC Govt of Rajasthan,M/s Sanish Choudhary,419,21
Dept of ITC Govt of Rajasthan,MEGHA VINCOM PVT LTD,253,25
Dept of ITC Govt of Rajasthan,Matrix Processing House,436,17
Dept of ITC Govt of Rajasthan,Multiwave Innovation,159,3
Dept of ITC Govt of Rajasthan,Netlink software Pvt Ltd,0,4
Dept of ITC Govt of Rajasthan,Osiris Infotech Pvt. Ltd.,1,0
Dept of ITC Govt of Rajasthan,Radiant Haroti Industries India Ltd,1,0
Dept of ITC Govt of Rajasthan,Radiant Info Systems Ltd,178,13
Dept of ITC Govt of Rajasthan,Rajcomp Info Services Ltd,379,18
Dept of ITC Govt of Rajasthan,Ricoh India Limited,32,20
Dept of ITC Govt of Rajasthan,SAR Technology,226,57
Dept of ITC Govt of Rajasthan,TechSmart India Pvt Ltd,921,89
Dept of ITC Govt of Rajasthan,Transline Technologies P Ltd,24,47
Dept of ITC Govt of Rajasthan,UMC Technologies Pvt. Ltd,180,11
Dept of ITC Govt of Rajasthan,VIRGO SOFTECH LIMITED,178,74
Dept of ITC Govt of Rajasthan,Vakrangee Softwares Limited,2606,122
Dept of ITC Govt of Rajasthan,Vayam technologies Ltd,8,38
FCR Govt of Haryana,4G INFORMATICS,181,2
FCR Govt of Haryana,Academy of Management Studies,413,138
FCR Govt of Haryana,District IT Society Ambala,322,16
FCR Govt of Haryana,District IT Society Bhiwani,297,46
FCR Govt of Haryana,District IT Society Faridabad,366,28
FCR Govt of Haryana,District IT Society Fatehabad,116,70
FCR Govt of Haryana,District IT Society Gurgaon,74,7
FCR Govt of Haryana,District IT Society Hisar,28,0
FCR Govt of Haryana,District IT Society Jhajjar,573,41
FCR Govt of Haryana,District IT Society Kaithal,404,35
FCR Govt of Haryana,District IT Society Karnal,263,11
FCR Govt of Haryana,District IT Society Kurukshetra,207,11
FCR Govt of Haryana,District IT Society Mahendragarh,340,71
FCR Govt of Haryana,District IT Society Mewat,131,16
FCR Govt of Haryana,District IT Society Palwal,195,170
FCR Govt of Haryana,District IT Society Panchkula,208,15
FCR Govt of Haryana,District IT Society Panipat,124,10
FCR Govt of Haryana,District IT Society Rewari,426,11
FCR Govt of Haryana,District IT Society Rohtak,225,43
FCR Govt of Haryana,District IT Society Sirsa,222,46
FCR Govt of Haryana,District IT Society Sonipat,226,33
FCR Govt of Haryana,District IT Society Yamuna Nagar,184,7
FCR Govt of Haryana,Radiant Info Systems Ltd,123,30
FCR Govt of Haryana,SoftAge Information Technology Limited,1356,194
FCR Govt of Haryana,Vayam technologies Ltd,61,15
FCS Govt of Punjab,District Sukhmani Society  Jalandhar  Punjab,555,7
FCS Govt of Punjab,District Sukhmani Society  Ludhiana  Punjab,407,3
FCS Govt of Punjab,District Sukhmani Society  Moga  Punjab,162,0
FCS Govt of Punjab,District Sukhmani Society Amritsar Punjab,410,0
FCS Govt of Punjab,District Sukhmani Society Barnala Punjab,156,5
FCS Govt of Punjab,District Sukhmani Society Bathinda Punjab,316,1
FCS Govt of Punjab,District Sukhmani Society Fatehgarh Sahib Punjab,221,10
FCS Govt of Punjab,District Sukhmani Society Fazilka Punjab,243,12
FCS Govt of Punjab,District Sukhmani Society Ferozepur Punjab,87,0
FCS Govt of Punjab,District Sukhmani Society For Citizen Services Mansa Punjab,358,4
FCS Govt of Punjab,District Sukhmani Society For Citizen Services Nawanshahr Punjab,222,3
FCS Govt of Punjab,District Sukhmani Society For Citizen Services SAS Nagar District e-Governance Society Punjab,262,0
FCS Govt of Punjab,District Sukhmani Society Pathankot Punjab,94,0
FCS Govt of Punjab,District Sukhmani Society Patiala Punjab,252,17
FCS Govt of Punjab,District Sukhmani Society Rupnagar Punjab,140,0
FCS Govt of Punjab,District Sukhmani Society Sangrur Punjab,360,16
FCS Govt of Punjab,District Sukhmani Society Sri Muktsar Sahib Punjab,87,3
FCS Govt of Punjab,District Sukhmani Society Tarn Taran Punjab,296,0
FCS Govt of Punjab,Karvy Computershare Private Li,1027,83
FCS Govt of Punjab,Sukhmani Society For Citizen Services  Kapurthala  Punjab,86,0
FCS Govt of Punjab,Sukhmani Society For Citizen Services Gurdaspur Punjab,10,1
FCS Govt of Punjab,Sukhmani Society For Citizens Services Faridkot Punjab,128,2
FCS Govt of Punjab,Suwidha Society Hoshiarpur Punjab,220,5
FCS Govt of Punjab,Vayam technologies Ltd,563,23
FCS Govt of Punjab,eCentric solutions pvt ltd,284,12
Govt of Andhra Pradesh,INFRONICS SYSTEMS LTD,1,0
Govt of Gujarat,GSS Infotech Ltd,811,2
Govt of Gujarat,Karvy Computershare Private Li,3363,487
Govt of Gujarat,Silver Touch Technologies Ltd,926,24
Govt of Gujarat,Tera Software Ltd,1969,5
Govt of Gujarat,Transline Technologies P Ltd,0,1
Govt of Gujarat,Vayam technologies Ltd,28,0
Govt of Gujarat,eCentric solutions pvt ltd,246,0
Govt of Himachal Pradesh,i-Grandee SoftwareTechnologies,1,1
Govt of Karnataka ,BNR UDYOG LIMITED,0,2
Govt of Karnataka ,Centre for e-Governance  GOK,2,0
Govt of Karnataka ,EDCS GOK,654,51
Govt of Karnataka ,Origin ITFS Pvt Ltd,0,1
Govt of Karnataka ,SREEVEN INFOCOM LIMITED,0,2
Govt of Kerala,Akshaya,6166,137
Govt of Maharashtra,Karvy Computershare Private Li,0,3
Govt of Maharashtra,M/S King Computer System pvt Ltd,280,4
Govt of Maharashtra,M/s. Vidya Online  Pune,82,5
Govt of Maharashtra,Narayana Electricals Solution Pvt Ltd,0,2
Govt of Maharashtra,Rudranee Infotech Ltd,32,0
Govt of Maharashtra,SETU MAHARASHTRA,1101,65
Govt of Maharashtra,SHREERAM PRINTING PRESS,83,0
Govt of Maharashtra,SILVER JUBILEE MOTORS LTD.,4,3
Govt of Maharashtra,STRATEGIC OUTSOURCING SERVICE,0,1
Govt of Maharashtra,TechSmart India Pvt Ltd,0,1
IDBI Bank ltd,ATISHAY INFOTECH PVT. LTD.,661,56
IDBI Bank ltd,Matrix Processing House,369,8
IDBI Bank ltd,SREEVEN INFOCOM LIMITED,2219,24
Information Technology & Communication Department,Directorate of ESD,10836,450
NSDL e-Governance Infrastructure Limited,ATISHAY INFOTECH PVT. LTD.,386,45
NSDL e-Governance Infrastructure Limited,Abhipra Capital Ltd,333,23
NSDL e-Governance Infrastructure Limited,Alankit Assignments Limited,0,2
NSDL e-Governance Infrastructure Limited,Alankit Finsec Ltd,3124,172
NSDL e-Governance Infrastructure Limited,Amar Constructions,1302,59
NSDL e-Governance Infrastructure Limited,COMTECHINFO SOLUTIONS PVT.LTD,12,1
NSDL e-Governance Infrastructure Limited,Gujarat Infotech Ltd.,8046,360
NSDL e-Governance Infrastructure Limited,Gundal Infotech Private Limited,0,1
NSDL e-Governance Infrastructure Limited,IAP COMPANY Pvt. Ltd,64,0
NSDL e-Governance Infrastructure Limited,Karvy Consultants Limited,122,3
NSDL e-Governance Infrastructure Limited,Karvy Data Management Services,49916,2345
NSDL e-Governance Infrastructure Limited,N.K. Sharma Enterprises Ltd.,612,41
NSDL e-Governance Infrastructure Limited,Netlink software Pvt Ltd,1162,92
NSDL e-Governance Infrastructure Limited,Offshoot Agency Pvt. Ltd.,1089,105
NSDL e-Governance Infrastructure Limited,Ojus G Enterprises,39,50
NSDL e-Governance Infrastructure Limited,PROWIZ MANSYTEMS PVT LTD,0,1
NSDL e-Governance Infrastructure Limited,Promind Solutions P Limited,2469,221
NSDL e-Governance Infrastructure Limited,RELIGARE SECURITIES LTD,1249,113
NSDL e-Governance Infrastructure Limited,Ricoh India Limited,4512,532
NSDL e-Governance Infrastructure Limited,S.J. Technologies,247,1
NSDL e-Governance Infrastructure Limited,SNR Edatas Pvt Ltd,1,0
NSDL e-Governance Infrastructure Limited,Sri Ramraja Sarkar Lok Kalyan Trust,1590,124
NSDL e-Governance Infrastructure Limited,Utility Forms Pvt Ltd,1452,94
NSDL e-Governance Infrastructure Limited,VIRGO SOFTECH LIMITED,4149,653
Oriental Bank of Commerce,JNET Technologies Pvt.Ltd,0,1
Principal Revenue Commissioner  Dept of Revenue  Govt of MP,K W Consulting P Ltd,0,1
Principal Revenue Commissioner  Dept of Revenue  Govt of MP,Tera Software Ltd,0,1
Project Coordinator UID Project Madhya Pradesh,A I Soc for Electronics and Comp Tech,7899,285
Project Coordinator UID Project Madhya Pradesh,DATASOFT COMPUTER SERVICES(P),642,56
Project Coordinator UID Project Madhya Pradesh,LYRA  CONSULTANCY SERVICE,3447,126
Project Coordinator UID Project Madhya Pradesh,MPOnline Limited,1551,225
Project Coordinator UID Project Madhya Pradesh,Matrix Processing House,1282,37
Project Coordinator UID Project Madhya Pradesh,OSWAL COMPUTERS & CONSULTANTS,4540,227
Project Coordinator UID Project Madhya Pradesh,Orion Security Solutions Private Ltd,695,74
Project Coordinator UID Project Madhya Pradesh,Sixth Dimension Project Solutions Ltd,955,54
Punjab National Bank,Alankit Finsec Ltd,3004,267
Punjab National Bank,Eagle Software India Pvt. Ltd,9747,104
Punjab National Bank,MARS Telecom Systems Pvt Ltd,90,0
Punjab National Bank,Smart Chip Limited,4803,155
Punjab National Bank,Vayam technologies Ltd,2152,133
Punjab and Sind Bank,Matrix Processing House,5847,68
Registrar General India - BEL,Manipur Electronics Dev Corp,1047,4
Registrar General India BEL2,Bharat Electronics Limited,2,0
Registrar General India BEL2,Chinar Construction Company Prime agency,0,2
Registrar General India BEL2,Emdee Digitronics Pvt.Ltd.,2,0
Registrar General India BEL2,In Media Computer Services LLP,606,1
Registrar General India BEL2,India Computer Technology,1,1
Registrar General India BEL2,Karvy Data Management Services,1286,4
Registrar General India BEL2,MACRO INFOTECH PVT LTD,1538,738
Registrar General India BEL2,Madras Security Printers Ltd,340,115
Registrar General India BEL2,Manipur Electronics Dev Corp,825,7
Registrar General India BEL2,Multiwave Innovation,214,3
Registrar General India BEL2,Netlink software Pvt Ltd,27,0
Registrar General India BEL2,Om Softwares,0,1
Registrar General India BEL2,SNR Edatas Pvt Ltd,8343,524
Registrar General India BEL2,SREI INFRASTRUCTURE FINANCES L,724,3
Registrar General India BEL2,Tera Software Ltd,1,0
Registrar General India BEL2,UNITED DATA SERVICES PRIVATE LIMITED,84,31
Registrar General India BEL2,Urmila Info solution,0,1
Registrar General India BEL2,Vansh Infotech Pvt Ltd,0,1
Registrar General India BEL2,Vedavaag Systems Limited,0,21
Registrar General India BEL2,Viesa Technologies,5049,26
Registrar General India ECIL,AVVAS INFOTECH PVT  LTD,8,14
Registrar General India ECIL,COMTECHINFO SOLUTIONS PVT.LTD,660,52
Registrar General India ECIL,Chinar Construction Company Prime agency,847,473
Registrar General India ECIL,Clairvoyance Technologies Pvt.,1142,2
Registrar General India ECIL,Computer LAB,3335,71
Registrar General India ECIL,ECIL,2,0
Registrar General India ECIL,Eagle Software India Pvt. Ltd,5894,1010
Registrar General India ECIL,Emdee Digitronics Pvt.Ltd.,111,2
Registrar General India ECIL,In Media Computer Services LLP,5987,1260
Registrar General India ECIL,India Computer Technology,534,168
Registrar General India ECIL,Integrated Systems & Services,1368,1
Registrar General India ECIL,Karvy Data Management Services,0,5
Registrar General India ECIL,LYRA  CONSULTANCY SERVICE,160,0
Registrar General India ECIL,Madras Security Printers Ltd,7224,354
Registrar General India ECIL,Quick Data IT Services Pvt Ltd,0,1
Registrar General India ECIL,SARADA SYSTEMS,2882,41
Registrar General India ECIL,SWISSTECH NPR 57CR PROJECT PVT,0,1
Registrar General India ECIL,Tera Software Ltd,0,1
Registrar General India ECIL,The NSIC ltd,1060,76
Registrar General India ECIL,WEBEL TECHNOLOGY LIMITED,21,9
Registrar General of India ITI,Eagle Software India Pvt. Ltd,572,3
Registrar General of India ITI,Emdee Digitronics Pvt.Ltd.,8323,20
Registrar General of India ITI,Karvy Data Management Services,410,1
Registrar General of India ITI,Madras Security Printers Ltd,3228,86
Registrar General of India ITI,Netlink software Pvt Ltd,341,2
Registrar General of India ITI,Nevaeh Technology Pvt. Ltd.,0,2
Registrar General of India ITI,Nielsen  India  Private Limited,0,2
Registrar General of India ITI,SNR Edatas Pvt Ltd,47,0
Registrar General of India ITI,VIRGO SOFTECH LIMITED,221,2
Registrar General of India ITI,Vedavaag Systems Limited,0,1
Registrar General of India ITI,WEBEL TECHNOLOGY LIMITED,4298,36
Registrar General of India ITI,Webx Technologies Private Limited,457,1
Rural Development Dept  Govt. of Bihar,Bloom Solutions Pvt Ltd,6442,130
Rural Development Dept  Govt. of Bihar,Computer LAB,10232,218
Rural Development Dept  Govt. of Bihar,Emdee Digitronics Pvt.Ltd.,686,6
Rural Development Dept  Govt. of Bihar,FINANCIAL INFORMATION NETWORK,20069,319
Rural Development Dept  Govt. of Bihar,M2C Private Solution,1682,48
Rural Development Dept  Govt. of Bihar,MKS Enterprises,1509,2
Rural Development Dept  Govt. of Bihar,Orion Security Solutions Private Ltd,89,2
Rural Development Dept  Govt. of Bihar,Urmila Info solution,2905,114
State Bank of India,FINANCIAL INFORMATION NETWORK,14586,246
State Bank of India,Smart Chip Limited,4017,37
State Bank of India,Utility Forms Pvt Ltd,5600,99
UIDAI-Registrar,UIDAI-EA,142,1
UTI Infrastructure Technology & Services Limited,Omnitech Infosolutions Ltd,992,61
Union Bank,FINANCIAL INFORMATION NETWORK,32339,1626
Union Bank,Smart Chip Limited,302,13
Union Bank,Vakrangee Softwares Limited,24483,1085
