Registrar,Enrolment Agency,Aadhaar generated,Enrolment Rejected
Allahabad Bank,A-Onerealtors Pvt Ltd,3183,481
Allahabad Bank,Agro Tech Engineers,39,13
Allahabad Bank,Asha Security Guard Services,3031,2122
Allahabad Bank,Emdee Digitronics Pvt.Ltd.,13340,611
Allahabad Bank,IL&FS LTD,0,1
Allahabad Bank,MEGHA VINCOM PVT LTD,920,341
Allahabad Bank,Nevaeh Technology Pvt. Ltd.,2543,966
Allahabad Bank,Ortem Securities Limited,1,0
Allahabad Bank,PROTEX COMPUTER PVT LTD,54,114
Allahabad Bank,Radiant Haroti Industries India Ltd,0,34
Allahabad Bank,Redim Software Technologies Pvt Ltd,449,127
Allahabad Bank,SGS INDIA PVT LTD,1399,666
Allahabad Bank,Sri Ramraja Sarkar Lok Kalyan Trust,33,61
Allahabad Bank,Tera Software Ltd,0,1
Allahabad Bank,VAP INFOSOLUTIONS,119,334
Allahabad Bank,Vakrangee Softwares Limited,0,3
Allahabad Bank,Vedavaag Systems Limited,817,570
Atalji Janasnehi Directorate  Government of Karnataka,Atalji Janasnehi Directorate  GOK,4210,1538
Bank Of India,A3 Logics  India  Ltd,1721,133
Bank Of India,Akanksha International,6,9
Bank Of India,Blue Circle Instrument,308,3
Bank Of India,CHESSY CONSULTANTS PVT LTD,0,2
Bank Of India,DATASOFT COMPUTER SERVICES(P),5061,328
Bank Of India,Frontech Systems Pvt Ltd,1044,146
Bank Of India,OSWAL COMPUTERS & CONSULTANTS,172,105
Bank Of India,PROTEX COMPUTER PVT LTD,185,436
Bank Of India,SARADA SYSTEMS,1285,319
Bank Of India,SHRIKRISHNA KHANDASARI SUGAR M,15,27
Bank Of India,SREI INFRASTRUCTURE FINANCES L,4434,4701
Bank Of India,Systematic & Advance Const P L,0,5
Bank Of India,VEETECHNOLOGIES PVT. LTD,777,996
Bank Of India,VIRGO SOFTECH LIMITED,0,1
Bank of Baroda,Global Finsol Private Limited,68,59
Bank of Maharashtra,FINANCIAL INFORMATION NETWORK,0,14
Bank of Maharashtra,Micro Technologies India Ltd,0,46
Bank of Maharashtra,Tera Software Ltd,157,478
CSC e-Governance Services India Limited,A I Soc for Electronics and Comp Tech,15879,3120
CSC e-Governance Services India Limited,AKSH OPTIFIBRE LIMITED,18301,3290
CSC e-Governance Services India Limited,BASIX,14415,3094
CSC e-Governance Services India Limited,Binary Systems,549,119
CSC e-Governance Services India Limited,Bloom Solutions Pvt Ltd,3392,292
CSC e-Governance Services India Limited,CALANCE SOFTWARE PRIVATE LTD,5537,487
CSC e-Governance Services India Limited,CHIPS,20629,1514
CSC e-Governance Services India Limited,CMS Computers Ltd,35651,8820
CSC e-Governance Services India Limited,CSC e-Governance Services India Limited,38236,2713
CSC e-Governance Services India Limited,Computer Print,3878,358
CSC e-Governance Services India Limited,Conatus Infocom Pvt. Ltd,1644,322
CSC e-Governance Services India Limited,DATASOFT COMPUTER SERVICES(P),17888,1002
CSC e-Governance Services India Limited,Gem Computers,201,43
CSC e-Governance Services India Limited,Home Life Buildcon Pvt Ltd,4055,1441
CSC e-Governance Services India Limited,HyperSoft Technologies Ltd,740,445
CSC e-Governance Services India Limited,IAP COMPANY Pvt. Ltd,7892,6104
CSC e-Governance Services India Limited,Intelligent Communication Sys India Ltd,0,2
CSC e-Governance Services India Limited,Janta Silikon Consortium,2518,1187
CSC e-Governance Services India Limited,Jeevan Deep Charitable Society,1551,584
CSC e-Governance Services India Limited,K W Consulting P Ltd,637,17
CSC e-Governance Services India Limited,MANTRA SOFTTECH (INDIA) PVTLTD,1248,633
CSC e-Governance Services India Limited,MEGHA VINCOM PVT LTD,765,248
CSC e-Governance Services India Limited,Mahamritunjay Traders,2087,300
CSC e-Governance Services India Limited,Mahaonline Limited,3777,1482
CSC e-Governance Services India Limited,NPS Technologies Pvt. Ltd,17737,2567
CSC e-Governance Services India Limited,NVR & ASSOCIATES LIMITED,172,82
CSC e-Governance Services India Limited,National Cooperative Consumers Federation of India Limited,523,148
CSC e-Governance Services India Limited,Nekton IT India Pvt Ltd.,10996,1310
CSC e-Governance Services India Limited,Network for Information & Computer,1420,489
CSC e-Governance Services India Limited,Promind Solutions P Limited,4904,558
CSC e-Governance Services India Limited,Radiant Haroti Industries India Ltd,8108,3439
CSC e-Governance Services India Limited,Raj Construction Co.,1629,303
CSC e-Governance Services India Limited,SPANCO,1326,470
CSC e-Governance Services India Limited,SRR Infotech,5600,652
CSC e-Governance Services India Limited,Sahaj e-Village Limited,16735,6822
CSC e-Governance Services India Limited,Sri Ramraja Sarkar Lok Kalyan Trust,179,49
CSC e-Governance Services India Limited,Super Printers,91,10
CSC e-Governance Services India Limited,Tera Software Ltd,4889,2554
CSC e-Governance Services India Limited,Twinstar Industries Ltd.,9,0
CSC e-Governance Services India Limited,United Telecoms e-Services Pvt Ltd,5538,1718
CSC e-Governance Services India Limited,VIKALP MULTIMEDIA,864,355
CSC e-Governance Services India Limited,VISION COMPTECH INTEGRATOR LTD,678,239
CSC e-Governance Services India Limited,Vakrangee Softwares Limited,4,8
CSC e-Governance Services India Limited,Vayam technologies Ltd,5623,1566
CSC e-Governance Services India Limited,Vedavaag Systems Limited,14565,3584
CSC e-Governance Services India Limited,Yash Ornaments Pvt. Ltd,957,62
CSC e-Governance Services India Limited,Zephyr System Pvt.Ltd.,10021,2004
Canara Bank,FINANCIAL INFORMATION NETWORK,31239,5061
Canara Bank,Karvy Data Management Services,5567,3242
Canara Bank,Ojus Healthcare Private Limited,14,52
Canara Bank,Osiris Infotech Pvt. Ltd.,372,170
Canara Bank,Smart Chip Limited,1057,2426
Canara Bank,Virinchi Technologies Ltd,1506,618
Central Bank of India,CALANCE SOFTWARE PRIVATE LTD,0,1
Central Bank of India,IAP COMPANY Pvt. Ltd,0,14
Central Bank of India,IL&FS LTD,0,1
Central Bank of India,The Peerless General Finance,0,1
Civil Supplies - A&N Islands,India Computer Technology,282,312
DENA BANK,77 Infosystems Pvt Ltd,874,464
DENA BANK,A-Onerealtors Pvt Ltd,195,251
DENA BANK,APEX Services,1288,529
DENA BANK,AS International,753,477
DENA BANK,ATISHAY INFOTECH PVT. LTD.,20874,1345
DENA BANK,AVVAS INFOTECH PVT  LTD,19074,2207
DENA BANK,Advent Infomax Private Ltd,274,94
DENA BANK,Amar Constructions,1300,646
DENA BANK,Apnatech Consultancy Services Pvt Ltd,18,8
DENA BANK,Asha Security Guard Services,2008,920
DENA BANK,Asray Gram,158,25
DENA BANK,BNR UDYOG LIMITED,10,51
DENA BANK,Binary Systems,515,372
DENA BANK,Bloom Solutions Pvt Ltd,502,246
DENA BANK,Blue Circle Instrument,5959,180
DENA BANK,Business Information Processing Services,451,172
DENA BANK,CALANCE SOFTWARE PRIVATE LTD,11901,883
DENA BANK,DATASOFT COMPUTER SERVICES(P),13394,599
DENA BANK,DEVASHISH SECURITIES PVT. LTD.,6,20
DENA BANK,Eagle Software India Pvt. Ltd,21382,859
DENA BANK,Emdee Digitronics Pvt.Ltd.,0,6
DENA BANK,FINANCIAL INFORMATION NETWORK,16058,1277
DENA BANK,Gem Computers,550,172
DENA BANK,Gujarat Infotech Ltd.,337,232
DENA BANK,HyperSoft Technologies Ltd,44,338
DENA BANK,IAP COMPANY Pvt. Ltd,1560,1770
DENA BANK,India Computer Technology,111,136
DENA BANK,JNET Technologies Pvt.Ltd,129,66
DENA BANK,K W Consulting P Ltd,1024,365
DENA BANK,M/S STAR DATA CENTRE,662,154
DENA BANK,M/s Gold Square Builders & Promoters Pvt. Ltd.,1771,388
DENA BANK,M2C Private Solution,51,38
DENA BANK,MARS Telecom Systems Pvt Ltd,4297,679
DENA BANK,MEGHA VINCOM PVT LTD,3639,1381
DENA BANK,MKS Enterprises,207,154
DENA BANK,Make India Smart Private Limited,8300,1513
DENA BANK,Multiwave Innovation,1217,1255
DENA BANK,NVR & ASSOCIATES LIMITED,4440,802
DENA BANK,Netlink software Pvt Ltd,2089,657
DENA BANK,Nielsen  India  Private Limited,8286,1565
DENA BANK,Offshoot Agency Pvt. Ltd.,1116,432
DENA BANK,Om Softwares,3768,544
DENA BANK,Ortem Securities Limited,407,181
DENA BANK,Prodigy Systems and Services Private Limited,0,8
DENA BANK,Radiant Haroti Industries India Ltd,5,126
DENA BANK,Ricoh India Limited,838,427
DENA BANK,SGS INDIA PVT LTD,1091,1110
DENA BANK,Silver Touch Technologies Ltd,1458,213
DENA BANK,Sixth Dimension Project Solutions Ltd,500,89
DENA BANK,Soc for Advancement of Environ Science,222,105
DENA BANK,SoftAge Information Technology Limited,87,26
DENA BANK,Super Printers,4043,643
DENA BANK,Systematic & Advance Const P L,2,29
DENA BANK,TechSmart India Pvt Ltd,15642,2094
DENA BANK,Tera Software Ltd,35,204
DENA BANK,The NSIC ltd,193,69
DENA BANK,Transline Technologies P Ltd,48,126
DENA BANK,Utility Forms Pvt Ltd,239,476
DENA BANK,VAP INFOSOLUTIONS,875,1670
DENA BANK,VISION COMPTECH INTEGRATOR LTD,1502,588
DENA BANK,Vedavaag Systems Limited,2834,1268
DENA BANK,Virinchi Technologies Ltd,2758,1740
DENA BANK,WEBEL,2234,827
DENA BANK,Wipro Ltd,3072,3262
DENA BANK,Yash Ornaments Pvt. Ltd,617,823
DENA BANK,Zephyr System Pvt.Ltd.,7309,4159
Delhi - NE DC,Alankit Assignments Limited,0,1
Delhi - North DC,CALANCE SOFTWARE PRIVATE LTD,0,1
Delhi - North DC,Smart Chip Limited,0,2
Delhi SW DC,STRATEGIC OUTSOURCING SERVICE,0,1
Department of Information Technology Govt of Jharkhand,MKS Enterprises,0,1
Dept of ITC Govt of Rajasthan,AKSH OPTIFIBRE LIMITED,16,4
Dept of ITC Govt of Rajasthan,ATISHAY INFOTECH PVT. LTD.,2330,263
Dept of ITC Govt of Rajasthan,AVVAS INFOTECH PVT  LTD,322,14
Dept of ITC Govt of Rajasthan,Academy of Management Studies,3,12
Dept of ITC Govt of Rajasthan,Binary Systems,0,14
Dept of ITC Govt of Rajasthan,Business Information Processing Services,85,43
Dept of ITC Govt of Rajasthan,CMS Computers Ltd,675,281
Dept of ITC Govt of Rajasthan,COMTECH INSTITUTE OFTECHNOLOGY,2644,201
Dept of ITC Govt of Rajasthan,DATASOFT COMPUTER SERVICES(P),3692,296
Dept of ITC Govt of Rajasthan,FINANCIAL INFORMATION NETWORK,844,1004
Dept of ITC Govt of Rajasthan,Gem Computers,0,2
Dept of ITC Govt of Rajasthan,Gujarat Infotech Ltd.,12,16
Dept of ITC Govt of Rajasthan,IAP COMPANY Pvt. Ltd,73,132
Dept of ITC Govt of Rajasthan,Karvy Data Management Services,503,118
Dept of ITC Govt of Rajasthan,M/s Sanish Choudhary,168,91
Dept of ITC Govt of Rajasthan,MEGHA VINCOM PVT LTD,552,193
Dept of ITC Govt of Rajasthan,Matrix Processing House,115,94
Dept of ITC Govt of Rajasthan,Multiwave Innovation,26,142
Dept of ITC Govt of Rajasthan,Osiris Infotech Pvt. Ltd.,18,92
Dept of ITC Govt of Rajasthan,Radiant Haroti Industries India Ltd,0,19
Dept of ITC Govt of Rajasthan,Radiant Info Systems Ltd,803,82
Dept of ITC Govt of Rajasthan,Rajcomp Info Services Ltd,363,18
Dept of ITC Govt of Rajasthan,Ricoh India Limited,124,197
Dept of ITC Govt of Rajasthan,SAR Technology,82,74
Dept of ITC Govt of Rajasthan,SREI INFRASTRUCTURE FINANCES L,11,10
Dept of ITC Govt of Rajasthan,TechSmart India Pvt Ltd,1126,104
Dept of ITC Govt of Rajasthan,Transline Technologies P Ltd,169,255
Dept of ITC Govt of Rajasthan,UMC Technologies Pvt. Ltd,120,44
Dept of ITC Govt of Rajasthan,VFS Global Services Pvt. Ltd,9,0
Dept of ITC Govt of Rajasthan,VIRGO SOFTECH LIMITED,83,23
Dept of ITC Govt of Rajasthan,VISION COMPTECH INTEGRATOR LTD,0,7
Dept of ITC Govt of Rajasthan,Vakrangee Softwares Limited,132,564
Dept of ITC Govt of Rajasthan,Vayam technologies Ltd,44,64
FCR Govt of Haryana,4G INFORMATICS,10,33
FCR Govt of Haryana,Academy of Management Studies,66,86
FCR Govt of Haryana,District IT Society Ambala,15,5
FCR Govt of Haryana,District IT Society Bhiwani,0,1
FCR Govt of Haryana,District IT Society Faridabad,310,5
FCR Govt of Haryana,District IT Society Fatehabad,183,12
FCR Govt of Haryana,District IT Society Gurgaon,71,11
FCR Govt of Haryana,District IT Society Jhajjar,919,75
FCR Govt of Haryana,District IT Society Kaithal,460,25
FCR Govt of Haryana,District IT Society Karnal,99,16
FCR Govt of Haryana,District IT Society Kurukshetra,567,82
FCR Govt of Haryana,District IT Society Mahendragarh,1849,280
FCR Govt of Haryana,District IT Society Mewat,552,54
FCR Govt of Haryana,District IT Society Palwal,1267,466
FCR Govt of Haryana,District IT Society Panchkula,202,85
FCR Govt of Haryana,District IT Society Panipat,21,4
FCR Govt of Haryana,District IT Society Rewari,240,35
FCR Govt of Haryana,District IT Society Rohtak,207,52
FCR Govt of Haryana,District IT Society Sirsa,309,76
FCR Govt of Haryana,District IT Society Sonipat,250,200
FCR Govt of Haryana,District IT Society Yamuna Nagar,9,0
FCR Govt of Haryana,Radiant Info Systems Ltd,153,59
FCR Govt of Haryana,SoftAge Information Technology Limited,1289,316
FCR Govt of Haryana,Vayam technologies Ltd,55,81
FCS Govt of Punjab,Alankit Assignments Limited,0,1
FCS Govt of Punjab,District Sukhmani Society  Jalandhar  Punjab,117,42
FCS Govt of Punjab,District Sukhmani Society  Ludhiana  Punjab,169,67
FCS Govt of Punjab,District Sukhmani Society  Moga  Punjab,53,23
FCS Govt of Punjab,District Sukhmani Society Amritsar Punjab,142,76
FCS Govt of Punjab,District Sukhmani Society Barnala Punjab,37,14
FCS Govt of Punjab,District Sukhmani Society Bathinda Punjab,30,35
FCS Govt of Punjab,District Sukhmani Society Fatehgarh Sahib Punjab,65,28
FCS Govt of Punjab,District Sukhmani Society Fazilka Punjab,119,21
FCS Govt of Punjab,District Sukhmani Society Ferozepur Punjab,103,26
FCS Govt of Punjab,District Sukhmani Society For Citizen Services Mansa Punjab,67,25
FCS Govt of Punjab,District Sukhmani Society For Citizen Services Nawanshahr Punjab,268,30
FCS Govt of Punjab,District Sukhmani Society For Citizen Services SAS Nagar District e-Governance Society Punjab,59,11
FCS Govt of Punjab,District Sukhmani Society Pathankot Punjab,63,23
FCS Govt of Punjab,District Sukhmani Society Patiala Punjab,227,41
FCS Govt of Punjab,District Sukhmani Society Rupnagar Punjab,57,11
FCS Govt of Punjab,District Sukhmani Society Sangrur Punjab,125,53
FCS Govt of Punjab,District Sukhmani Society Sri Muktsar Sahib Punjab,138,18
FCS Govt of Punjab,District Sukhmani Society Tarn Taran Punjab,146,35
FCS Govt of Punjab,Karvy Computershare Private Li,124,39
FCS Govt of Punjab,Sukhmani Society For Citizen Services  Kapurthala  Punjab,140,21
FCS Govt of Punjab,Sukhmani Society For Citizen Services Gurdaspur Punjab,3,10
FCS Govt of Punjab,Sukhmani Society For Citizens Services Faridkot Punjab,43,18
FCS Govt of Punjab,Suwidha Society Hoshiarpur Punjab,181,12
FCS Govt of Punjab,VISESH INFOTECNICS LIMITED,0,1
FCS Govt of Punjab,Vayam technologies Ltd,525,87
FCS Govt of Punjab,eCentric solutions pvt ltd,351,57
Govt of Andhra Pradesh,Gouthami Educational Society,0,3
Govt of Andhra Pradesh,GrapeSoft,0,1
Govt of Andhra Pradesh,IL&FS LTD,0,1
Govt of Andhra Pradesh,Madras Security Printers Ltd,0,1
Govt of Andhra Pradesh,SREEVEN INFOCOM LIMITED,0,4
Govt of Andhra Pradesh,TechSmart India Pvt Ltd,6,0
Govt of Andhra Pradesh,Tera Software Ltd,0,4
Govt of Gujarat,GSS Infotech Ltd,136,76
Govt of Gujarat,Karvy Computershare Private Li,1685,406
Govt of Gujarat,Silver Touch Technologies Ltd,715,296
Govt of Gujarat,Tera Software Ltd,622,191
Govt of Gujarat,Transline Technologies P Ltd,64,5
Govt of Gujarat,Vayam technologies Ltd,25,92
Govt of Gujarat,eCentric solutions pvt ltd,258,75
Govt of Himachal Pradesh,Wipro Ltd,0,2
Govt of Himachal Pradesh,i-Grandee SoftwareTechnologies,64,37
Govt of Karnataka ,COMAT TECHNOLOGIES P LTD,0,2
Govt of Karnataka ,Centre for e-Governance  GOK,118,12
Govt of Karnataka ,EDCS GOK,708,618
Govt of Karnataka ,Origin ITFS Pvt Ltd,0,3
Govt of Karnataka ,SREEVEN INFOCOM LIMITED,0,1
Govt of Kerala,Akshaya,3369,552
Govt of Kerala,Keltron,2,3
Govt of Madhya Pradesh,VIRGO SOFTECH LIMITED,0,1
Govt of Maharashtra,Alankit Assignments Limited,0,1
Govt of Maharashtra,Alankit Finsec Ltd,0,1
Govt of Maharashtra,M/S King Computer System pvt Ltd,323,19
Govt of Maharashtra,M/s. Vidya Online  Pune,100,5
Govt of Maharashtra,Netlink software Pvt Ltd,0,8
Govt of Maharashtra,Rudranee Infotech Ltd,1,14
Govt of Maharashtra,SETU MAHARASHTRA,1321,243
Govt of Maharashtra,SHREERAM PRINTING PRESS,388,55
Govt of Maharashtra,SILVER JUBILEE MOTORS LTD.,503,52
Govt of Maharashtra,SPANCO,0,1
Govt of Maharashtra,STRATEGIC OUTSOURCING SERVICE,16,7
Govt of Maharashtra,Transline Technologies P Ltd,0,4
Govt of Maharashtra,Vidarbha Infotech Pvt Ltd,1,3
Govt of Maharashtra,Wipro Ltd,0,2
Govt of Sikkim - Dept of Econo,Department of Economics Statistics  Monitoring and Evaluation DESME,150,12
IDBI Bank ltd,ATISHAY INFOTECH PVT. LTD.,1180,201
IDBI Bank ltd,Matrix Processing House,146,67
IDBI Bank ltd,SREEVEN INFOCOM LIMITED,545,441
Indiapost,4G IDENTITY SOLUTIONS,0,1
Indiapost,Delhi Integrated MMTS Ltd,0,2
Indiapost,Global Finsol Private Limited,0,1
Indiapost,Vayam technologies Ltd,0,2
Information Technology & Communication Department,4G INFORMATICS,1,43
Information Technology & Communication Department,BNR UDYOG LIMITED,0,2
Information Technology & Communication Department,Bloom Solutions Pvt Ltd,0,7
Information Technology & Communication Department,Directorate of ESD,13985,4649
Information Technology & Communication Department,JYOTHI COMPUTER SERVICES,0,19
Information Technology & Communication Department,Karvy Data Management Services,0,2
Information Technology & Communication Department,SREEVEN INFOCOM LIMITED,0,2
Information Technology & Communication Department,Tera Software Ltd,0,4
Jharkhand,STRATEGIC OUTSOURCING SERVICE,0,1
Jharkhand,Wipro Ltd,0,17
Mission Convergence - GNCT Del,Smart Chip Limited,0,1
NSDL e-Governance Infrastructure Limited,ATISHAY INFOTECH PVT. LTD.,114,39
NSDL e-Governance Infrastructure Limited,Abhipra Capital Ltd,427,139
NSDL e-Governance Infrastructure Limited,Alankit Assignments Limited,0,2
NSDL e-Governance Infrastructure Limited,Alankit Finsec Ltd,14925,2038
NSDL e-Governance Infrastructure Limited,Amar Constructions,850,263
NSDL e-Governance Infrastructure Limited,COMTECHINFO SOLUTIONS PVT.LTD,1,15
NSDL e-Governance Infrastructure Limited,Gujarat Infotech Ltd.,4819,1528
NSDL e-Governance Infrastructure Limited,Gundal Infotech Private Limited,0,11
NSDL e-Governance Infrastructure Limited,IAP COMPANY Pvt. Ltd,20,46
NSDL e-Governance Infrastructure Limited,Karvy Consultants Limited,115,23
NSDL e-Governance Infrastructure Limited,Karvy Data Management Services,62421,13046
NSDL e-Governance Infrastructure Limited,N.K. Sharma Enterprises Ltd.,570,95
NSDL e-Governance Infrastructure Limited,Netlink software Pvt Ltd,875,434
NSDL e-Governance Infrastructure Limited,Offshoot Agency Pvt. Ltd.,6870,1331
NSDL e-Governance Infrastructure Limited,Ojus G Enterprises,2184,615
NSDL e-Governance Infrastructure Limited,PROWIZ MANSYTEMS PVT LTD,0,23
NSDL e-Governance Infrastructure Limited,Promind Solutions P Limited,3311,827
NSDL e-Governance Infrastructure Limited,RELIGARE SECURITIES LTD,2455,806
NSDL e-Governance Infrastructure Limited,Radiant Haroti Industries India Ltd,0,76
NSDL e-Governance Infrastructure Limited,Ricoh India Limited,4655,2244
NSDL e-Governance Infrastructure Limited,S.J. Technologies,8,0
NSDL e-Governance Infrastructure Limited,SNR Edatas Pvt Ltd,40,31
NSDL e-Governance Infrastructure Limited,Sri Ramraja Sarkar Lok Kalyan Trust,828,948
NSDL e-Governance Infrastructure Limited,Utility Forms Pvt Ltd,1321,1570
NSDL e-Governance Infrastructure Limited,VIRGO SOFTECH LIMITED,3158,2049
Oriental Bank of Commerce,Sri Ramraja Sarkar Lok Kalyan Trust,0,5
Oriental Bank of Commerce,Wipro Ltd,0,3
Principal Revenue Commissioner  Dept of Revenue  Govt of MP,K W Consulting P Ltd,0,9
Principal Revenue Commissioner  Dept of Revenue  Govt of MP,Vedavaag Systems Limited,0,9
Project Coordinator UID Project Madhya Pradesh,A I Soc for Electronics and Comp Tech,4548,610
Project Coordinator UID Project Madhya Pradesh,DATASOFT COMPUTER SERVICES(P),3874,276
Project Coordinator UID Project Madhya Pradesh,LYRA  CONSULTANCY SERVICE,424,505
Project Coordinator UID Project Madhya Pradesh,MPOnline Limited,2143,553
Project Coordinator UID Project Madhya Pradesh,Matrix Processing House,300,120
Project Coordinator UID Project Madhya Pradesh,OSWAL COMPUTERS & CONSULTANTS,947,884
Project Coordinator UID Project Madhya Pradesh,Orion Security Solutions Private Ltd,549,248
Project Coordinator UID Project Madhya Pradesh,Sixth Dimension Project Solutions Ltd,263,115
Punjab National Bank,Alankit Finsec Ltd,20425,1022
Punjab National Bank,Eagle Software India Pvt. Ltd,58580,1879
Punjab National Bank,MARS Telecom Systems Pvt Ltd,0,16
Punjab National Bank,Smart Chip Limited,993,1426
Punjab National Bank,Vayam technologies Ltd,2620,406
Punjab and Sind Bank,Matrix Processing House,1325,492
RDD Govt of Tripura,Alankit Assignments Limited,0,9
Registrar General India - BEL,In Media Computer Services LLP,0,8
Registrar General India - BEL,Manipur Electronics Dev Corp,1617,74
Registrar General India BEL2,Bharat Electronics Limited,10,3
Registrar General India BEL2,Chinar Construction Company Prime agency,2,24
Registrar General India BEL2,Computer LAB,3,2
Registrar General India BEL2,Emdee Digitronics Pvt.Ltd.,10,0
Registrar General India BEL2,In Media Computer Services LLP,1619,163
Registrar General India BEL2,India Computer Technology,0,3
Registrar General India BEL2,Karvy Data Management Services,2371,368
Registrar General India BEL2,MACRO INFOTECH PVT LTD,6118,225
Registrar General India BEL2,Madras Security Printers Ltd,266,279
Registrar General India BEL2,Manipur Electronics Dev Corp,396,216
Registrar General India BEL2,Multiwave Innovation,77,62
Registrar General India BEL2,Netlink software Pvt Ltd,18,8
Registrar General India BEL2,Nielsen  India  Private Limited,1,4
Registrar General India BEL2,Om Softwares,3,5
Registrar General India BEL2,SNR Edatas Pvt Ltd,10972,1510
Registrar General India BEL2,SREI INFRASTRUCTURE FINANCES L,213,32
Registrar General India BEL2,Swathy Smartcards Hi-Tech Pvt,0,11
Registrar General India BEL2,Swiss Tech India Pvt Ltd,1,50
Registrar General India BEL2,Tera Software Ltd,7,10
Registrar General India BEL2,UNITED DATA SERVICES PRIVATE LIMITED,1,96
Registrar General India BEL2,Vansh Infotech Pvt Ltd,0,5
Registrar General India BEL2,Vedavaag Systems Limited,6,11
Registrar General India BEL2,Viesa Technologies,5246,468
Registrar General India ECIL,AVVAS INFOTECH PVT  LTD,1,40
Registrar General India ECIL,COMTECHINFO SOLUTIONS PVT.LTD,726,13172
Registrar General India ECIL,Chinar Construction Company Prime agency,2396,12170
Registrar General India ECIL,Clairvoyance Technologies Pvt.,1,20
Registrar General India ECIL,Computer LAB,3462,4044
Registrar General India ECIL,Eagle Software India Pvt. Ltd,399,11488
Registrar General India ECIL,Emdee Digitronics Pvt.Ltd.,431,298
Registrar General India ECIL,Esoft Consulting Limited,0,14
Registrar General India ECIL,Gundal Infotech Private Limited,0,5
Registrar General India ECIL,In Media Computer Services LLP,2251,783
Registrar General India ECIL,India Computer Technology,2016,528
Registrar General India ECIL,Integrated Systems & Services,201,85
Registrar General India ECIL,Karvy Data Management Services,1711,126
Registrar General India ECIL,Krishna Infotech,0,2
Registrar General India ECIL,LYRA  CONSULTANCY SERVICE,44,469
Registrar General India ECIL,Madras Security Printers Ltd,4834,6654
Registrar General India ECIL,Netwing Technologies Pvt Ltd,0,1
Registrar General India ECIL,Nielsen  India  Private Limited,2,2
Registrar General India ECIL,SARADA SYSTEMS,8031,1693
Registrar General India ECIL,SWISSTECH NPR 57CR PROJECT PVT,181,261
Registrar General India ECIL,Tera Software Ltd,0,152
Registrar General India ECIL,Vedavaag Systems Limited,0,24
Registrar General India ECIL,WEBEL TECHNOLOGY LIMITED,461,127
Registrar General India Others,Clairvoyance Technologies Pvt.,16,0
Registrar General India Others,Webx Technologies Private Limited,0,1
Registrar General of India ITI,Eagle Software India Pvt. Ltd,0,24
Registrar General of India ITI,Emdee Digitronics Pvt.Ltd.,4147,2607
Registrar General of India ITI,In Media Computer Services LLP,882,239
Registrar General of India ITI,Karvy Data Management Services,579,175
Registrar General of India ITI,Madras Security Printers Ltd,2,94
Registrar General of India ITI,Netlink software Pvt Ltd,313,108
Registrar General of India ITI,Nevaeh Technology Pvt. Ltd.,5,113
Registrar General of India ITI,Nielsen  India  Private Limited,0,1
Registrar General of India ITI,Quick Data IT Services Pvt Ltd,480,201
Registrar General of India ITI,SNR Edatas Pvt Ltd,1117,82
Registrar General of India ITI,Swathy Smartcards Hi-Tech Pvt,1,2
Registrar General of India ITI,VIRGO SOFTECH LIMITED,1,109
Registrar General of India ITI,Vedavaag Systems Limited,0,1
Registrar General of India ITI,WEBEL TECHNOLOGY LIMITED,3579,2838
Registrar General of India ITI,Webx Technologies Private Limited,6572,495
Rural Development Dept  Govt. of Bihar,Bloom Solutions Pvt Ltd,3553,148
Rural Development Dept  Govt. of Bihar,Computer LAB,10553,531
Rural Development Dept  Govt. of Bihar,Emdee Digitronics Pvt.Ltd.,9485,172
Rural Development Dept  Govt. of Bihar,FINANCIAL INFORMATION NETWORK,5857,1908
Rural Development Dept  Govt. of Bihar,M2C Private Solution,1291,301
Rural Development Dept  Govt. of Bihar,MKS Enterprises,80,104
Rural Development Dept  Govt. of Bihar,Orion Security Solutions Private Ltd,32,10
Rural Development Dept  Govt. of Bihar,Urmila Info solution,1121,147
State Bank of Bikaner & Jaipur,Multiwave Innovation,0,1
State Bank of India,4G IDENTITY SOLUTIONS,0,1
State Bank of India,FINANCIAL INFORMATION NETWORK,2145,188
State Bank of India,IL&FS LTD,0,6
State Bank of India,Silver Touch Technologies Ltd,1,3
State Bank of India,Smart Chip Limited,32,63
State Bank of India,Utility Forms Pvt Ltd,1522,122
UIDAI-Registrar,UIDAI-EA,231,8
UTI Infrastructure Technology & Services Limited,Omnitech Infosolutions Ltd,1457,32
Union Bank,FINANCIAL INFORMATION NETWORK,16579,5060
Union Bank,Smart Chip Limited,39,405
Union Bank,Vakrangee Softwares Limited,10461,6419
