Registrar,Enrolment Agency,Aadhaar generated,Enrolment Rejected
Allahabad Bank,A-Onerealtors Pvt Ltd,2802,715
Allahabad Bank,Agro Tech Engineers,19,37
Allahabad Bank,Asha Security Guard Services,1717,1299
Allahabad Bank,Emdee Digitronics Pvt.Ltd.,7594,405
Allahabad Bank,MEGHA VINCOM PVT LTD,272,265
Allahabad Bank,Nevaeh Technology Pvt. Ltd.,1303,469
Allahabad Bank,Ortem Securities Limited,28,5
Allahabad Bank,PROTEX COMPUTER PVT LTD,117,25
Allahabad Bank,Redim Software Technologies Pvt Ltd,303,130
Allahabad Bank,SGS INDIA PVT LTD,1096,625
Allahabad Bank,Sri Ramraja Sarkar Lok Kalyan Trust,17,12
Allahabad Bank,VAP INFOSOLUTIONS,237,166
Allahabad Bank,Vakrangee Softwares Limited,1,0
Allahabad Bank,Vedavaag Systems Limited,3888,308
Atalji Janasnehi Directorate  Government of Karnataka,Atalji Janasnehi Directorate  GOK,4972,2867
Bank Of India,A3 Logics  India  Ltd,759,165
Bank Of India,Akanksha International,2,0
Bank Of India,Blue Circle Instrument,32,3
Bank Of India,CHESSY CONSULTANTS PVT LTD,8,9
Bank Of India,DATASOFT COMPUTER SERVICES(P),1982,237
Bank Of India,Frontech Systems Pvt Ltd,176,112
Bank Of India,Matrix Processing House,4,0
Bank Of India,OSWAL COMPUTERS & CONSULTANTS,40,105
Bank Of India,PROTEX COMPUTER PVT LTD,648,166
Bank Of India,SARADA SYSTEMS,948,185
Bank Of India,SHRIKRISHNA KHANDASARI SUGAR M,17,12
Bank Of India,SREI INFRASTRUCTURE FINANCES L,9637,2158
Bank Of India,Systematic & Advance Const P L,1,3
Bank Of India,VEETECHNOLOGIES PVT. LTD,3649,1223
Bank Of India,Vakrangee Softwares Limited,1,4
Bank of Baroda,Global Finsol Private Limited,78,61
Bank of Maharashtra,Tera Software Ltd,619,493
CSC e-Governance Services India Limited,A I Soc for Electronics and Comp Tech,47148,3216
CSC e-Governance Services India Limited,AKSH OPTIFIBRE LIMITED,78764,2899
CSC e-Governance Services India Limited,BASIX,29618,3299
CSC e-Governance Services India Limited,Binary Systems,171,195
CSC e-Governance Services India Limited,Bloom Solutions Pvt Ltd,4325,787
CSC e-Governance Services India Limited,CALANCE SOFTWARE PRIVATE LTD,1463,303
CSC e-Governance Services India Limited,CHIPS,5856,1175
CSC e-Governance Services India Limited,CMS Computers Ltd,109074,5786
CSC e-Governance Services India Limited,CSC e-Governance Services India Limited,14869,2277
CSC e-Governance Services India Limited,Computer Print,853,458
CSC e-Governance Services India Limited,Conatus Infocom Pvt. Ltd,407,200
CSC e-Governance Services India Limited,DATASOFT COMPUTER SERVICES(P),3937,805
CSC e-Governance Services India Limited,Gem Computers,616,109
CSC e-Governance Services India Limited,Home Life Buildcon Pvt Ltd,3553,1182
CSC e-Governance Services India Limited,HyperSoft Technologies Ltd,760,384
CSC e-Governance Services India Limited,IAP COMPANY Pvt. Ltd,30066,4992
CSC e-Governance Services India Limited,Janta Silikon Consortium,1287,988
CSC e-Governance Services India Limited,Jeevan Deep Charitable Society,1356,655
CSC e-Governance Services India Limited,K W Consulting P Ltd,7270,73
CSC e-Governance Services India Limited,MANTRA SOFTTECH (INDIA) PVTLTD,2436,681
CSC e-Governance Services India Limited,MEGHA VINCOM PVT LTD,670,462
CSC e-Governance Services India Limited,Mahamritunjay Traders,912,432
CSC e-Governance Services India Limited,Mahaonline Limited,1762,1213
CSC e-Governance Services India Limited,Murano India Pvt Ltd,43,9
CSC e-Governance Services India Limited,NPS Technologies Pvt. Ltd,4992,2761
CSC e-Governance Services India Limited,NVR & ASSOCIATES LIMITED,215,144
CSC e-Governance Services India Limited,National Cooperative Consumers Federation of India Limited,248,160
CSC e-Governance Services India Limited,Nekton IT India Pvt Ltd.,3731,571
CSC e-Governance Services India Limited,Network for Information & Computer,2179,749
CSC e-Governance Services India Limited,Promind Solutions P Limited,6964,961
CSC e-Governance Services India Limited,Radiant Haroti Industries India Ltd,4105,2151
CSC e-Governance Services India Limited,Raj Construction Co.,448,187
CSC e-Governance Services India Limited,SPANCO,2029,725
CSC e-Governance Services India Limited,SRR Infotech,1563,522
CSC e-Governance Services India Limited,Sahaj e-Village Limited,80036,2145
CSC e-Governance Services India Limited,Sri Ramraja Sarkar Lok Kalyan Trust,43,47
CSC e-Governance Services India Limited,Super Printers,324,156
CSC e-Governance Services India Limited,Tera Software Ltd,6850,2371
CSC e-Governance Services India Limited,Twinstar Industries Ltd.,25,34
CSC e-Governance Services India Limited,United Telecoms e-Services Pvt Ltd,16915,1218
CSC e-Governance Services India Limited,VIKALP MULTIMEDIA,4334,349
CSC e-Governance Services India Limited,VISION COMPTECH INTEGRATOR LTD,1526,533
CSC e-Governance Services India Limited,Vakrangee Softwares Limited,1,2
CSC e-Governance Services India Limited,Vayam technologies Ltd,4157,1760
CSC e-Governance Services India Limited,Vedavaag Systems Limited,31067,2152
CSC e-Governance Services India Limited,Vigilant Corporate Services Pvt Ltd,0,2
CSC e-Governance Services India Limited,Yash Ornaments Pvt. Ltd,581,327
CSC e-Governance Services India Limited,Zephyr System Pvt.Ltd.,6093,2740
Canara Bank,FINANCIAL INFORMATION NETWORK,15810,2335
Canara Bank,Karvy Data Management Services,6585,2958
Canara Bank,Ojus Healthcare Private Limited,945,103
Canara Bank,Osiris Infotech Pvt. Ltd.,116,227
Canara Bank,Smart Chip Limited,166,426
Canara Bank,Virinchi Technologies Ltd,3289,780
Central Bank of India,CALANCE SOFTWARE PRIVATE LTD,8,3
Central Bank of India,IAP COMPANY Pvt. Ltd,0,1
Civil Supplies - A&N Islands,India Computer Technology,40,92
DENA BANK,77 Infosystems Pvt Ltd,1037,124
DENA BANK,A-Onerealtors Pvt Ltd,200,74
DENA BANK,APEX Services,621,459
DENA BANK,AS International,156,137
DENA BANK,ATISHAY INFOTECH PVT. LTD.,8246,638
DENA BANK,AVVAS INFOTECH PVT  LTD,2096,781
DENA BANK,Advent Infomax Private Ltd,81,103
DENA BANK,Amar Constructions,745,495
DENA BANK,Apnatech Consultancy Services Pvt Ltd,595,57
DENA BANK,Asha Security Guard Services,826,595
DENA BANK,Asray Gram,32,57
DENA BANK,BNR UDYOG LIMITED,253,52
DENA BANK,Binary Systems,183,373
DENA BANK,Bloom Solutions Pvt Ltd,396,133
DENA BANK,Blue Circle Instrument,487,57
DENA BANK,Business Information Processing Services,217,632
DENA BANK,CALANCE SOFTWARE PRIVATE LTD,1860,465
DENA BANK,DATASOFT COMPUTER SERVICES(P),4307,357
DENA BANK,DEVASHISH SECURITIES PVT. LTD.,3,8
DENA BANK,Eagle Software India Pvt. Ltd,2290,192
DENA BANK,Emdee Digitronics Pvt.Ltd.,1,3
DENA BANK,FINANCIAL INFORMATION NETWORK,3751,706
DENA BANK,Gem Computers,315,137
DENA BANK,Gujarat Infotech Ltd.,1262,195
DENA BANK,HyperSoft Technologies Ltd,6,9
DENA BANK,IAP COMPANY Pvt. Ltd,4407,736
DENA BANK,India Computer Technology,597,281
DENA BANK,JNET Technologies Pvt.Ltd,180,48
DENA BANK,K W Consulting P Ltd,4589,57
DENA BANK,Lankipalli Integrated Services Private Limited,62,31
DENA BANK,M/S STAR DATA CENTRE,207,176
DENA BANK,M/s Gold Square Builders & Promoters Pvt. Ltd.,7741,197
DENA BANK,M2C Private Solution,46,7
DENA BANK,MARS Telecom Systems Pvt Ltd,1498,484
DENA BANK,MEGHA VINCOM PVT LTD,1405,810
DENA BANK,MKS Enterprises,1083,138
DENA BANK,Make India Smart Private Limited,1384,500
DENA BANK,Multiwave Innovation,3597,636
DENA BANK,NVR & ASSOCIATES LIMITED,1157,640
DENA BANK,Netlink software Pvt Ltd,3664,1096
DENA BANK,Nielsen  India  Private Limited,8135,2952
DENA BANK,Offshoot Agency Pvt. Ltd.,932,263
DENA BANK,Om Softwares,2438,345
DENA BANK,Ortem Securities Limited,284,112
DENA BANK,Prodigy Systems and Services Private Limited,1,0
DENA BANK,Radiant Haroti Industries India Ltd,0,2
DENA BANK,Ricoh India Limited,604,514
DENA BANK,SGS INDIA PVT LTD,1141,494
DENA BANK,Silver Touch Technologies Ltd,1295,250
DENA BANK,Sixth Dimension Project Solutions Ltd,33,81
DENA BANK,Soc for Advancement of Environ Science,87,112
DENA BANK,SoftAge Information Technology Limited,114,21
DENA BANK,Super Printers,532,541
DENA BANK,Systematic & Advance Const P L,18,1
DENA BANK,TechSmart India Pvt Ltd,948,313
DENA BANK,Tera Software Ltd,208,22
DENA BANK,The NSIC ltd,297,98
DENA BANK,Transline Technologies P Ltd,135,57
DENA BANK,Utility Forms Pvt Ltd,27,122
DENA BANK,VAP INFOSOLUTIONS,535,669
DENA BANK,VISION COMPTECH INTEGRATOR LTD,4956,751
DENA BANK,Vedavaag Systems Limited,5341,1157
DENA BANK,Virinchi Technologies Ltd,1339,965
DENA BANK,WEBEL,6900,1360
DENA BANK,Wipro Ltd,7146,3407
DENA BANK,Yash Ornaments Pvt. Ltd,12,104
DENA BANK,Zephyr System Pvt.Ltd.,1926,1852
Delhi - East DC,DATASOFT COMPUTER SERVICES(P),0,1
Delhi - NE DC,Smart Chip Limited,0,1
Delhi- West DC,Smart Chip Limited,0,2
Delhi-NW DC,Karvy Computershare Private Li,1,0
Department of Information Technology Govt of Jharkhand,Blue Circle Instrument,5,0
Department of Information Technology Govt of Jharkhand,Wipro Ltd,14,2
Dept of ITC Govt of Rajasthan,AKSH OPTIFIBRE LIMITED,90,2
Dept of ITC Govt of Rajasthan,ATISHAY INFOTECH PVT. LTD.,832,80
Dept of ITC Govt of Rajasthan,AVVAS INFOTECH PVT  LTD,6,2
Dept of ITC Govt of Rajasthan,Academy of Management Studies,9,15
Dept of ITC Govt of Rajasthan,Binary Systems,3,5
Dept of ITC Govt of Rajasthan,Business Information Processing Services,42,52
Dept of ITC Govt of Rajasthan,CMS Computers Ltd,1473,258
Dept of ITC Govt of Rajasthan,COMTECH INSTITUTE OFTECHNOLOGY,198,149
Dept of ITC Govt of Rajasthan,DATASOFT COMPUTER SERVICES(P),607,271
Dept of ITC Govt of Rajasthan,FINANCIAL INFORMATION NETWORK,2791,1152
Dept of ITC Govt of Rajasthan,Gem Computers,1,0
Dept of ITC Govt of Rajasthan,Gujarat Infotech Ltd.,18,5
Dept of ITC Govt of Rajasthan,IAP COMPANY Pvt. Ltd,222,136
Dept of ITC Govt of Rajasthan,Karvy Data Management Services,671,302
Dept of ITC Govt of Rajasthan,M/s Sanish Choudhary,285,102
Dept of ITC Govt of Rajasthan,MEGHA VINCOM PVT LTD,610,187
Dept of ITC Govt of Rajasthan,Matrix Processing House,210,66
Dept of ITC Govt of Rajasthan,Multiwave Innovation,187,80
Dept of ITC Govt of Rajasthan,Netlink software Pvt Ltd,0,1
Dept of ITC Govt of Rajasthan,Osiris Infotech Pvt. Ltd.,20,31
Dept of ITC Govt of Rajasthan,Radiant Haroti Industries India Ltd,0,1
Dept of ITC Govt of Rajasthan,Radiant Info Systems Ltd,206,178
Dept of ITC Govt of Rajasthan,Rajcomp Info Services Ltd,341,188
Dept of ITC Govt of Rajasthan,Ricoh India Limited,135,229
Dept of ITC Govt of Rajasthan,SAR Technology,69,167
Dept of ITC Govt of Rajasthan,SREI INFRASTRUCTURE FINANCES L,11,4
Dept of ITC Govt of Rajasthan,TechSmart India Pvt Ltd,306,38
Dept of ITC Govt of Rajasthan,Transline Technologies P Ltd,116,143
Dept of ITC Govt of Rajasthan,UMC Technologies Pvt. Ltd,343,90
Dept of ITC Govt of Rajasthan,VFS Global Services Pvt. Ltd,1,10
Dept of ITC Govt of Rajasthan,VIRGO SOFTECH LIMITED,203,127
Dept of ITC Govt of Rajasthan,Vakrangee Softwares Limited,2745,753
Dept of ITC Govt of Rajasthan,Vayam technologies Ltd,22,19
FCR Govt of Haryana,4G INFORMATICS,22,37
FCR Govt of Haryana,Academy of Management Studies,573,168
FCR Govt of Haryana,District IT Society Ambala,21,48
FCR Govt of Haryana,District IT Society Bhiwani,501,72
FCR Govt of Haryana,District IT Society Faridabad,380,57
FCR Govt of Haryana,District IT Society Fatehabad,513,68
FCR Govt of Haryana,District IT Society Gurgaon,22,27
FCR Govt of Haryana,District IT Society Hisar,37,3
FCR Govt of Haryana,District IT Society Jhajjar,758,76
FCR Govt of Haryana,District IT Society Kaithal,571,101
FCR Govt of Haryana,District IT Society Karnal,203,73
FCR Govt of Haryana,District IT Society Kurukshetra,193,42
FCR Govt of Haryana,District IT Society Mahendragarh,451,133
FCR Govt of Haryana,District IT Society Mewat,279,59
FCR Govt of Haryana,District IT Society Palwal,655,278
FCR Govt of Haryana,District IT Society Panchkula,162,69
FCR Govt of Haryana,District IT Society Panipat,170,29
FCR Govt of Haryana,District IT Society Rewari,415,129
FCR Govt of Haryana,District IT Society Rohtak,445,148
FCR Govt of Haryana,District IT Society Sirsa,495,179
FCR Govt of Haryana,District IT Society Sonipat,52,83
FCR Govt of Haryana,District IT Society Yamuna Nagar,310,18
FCR Govt of Haryana,Radiant Info Systems Ltd,309,125
FCR Govt of Haryana,SoftAge Information Technology Limited,1480,518
FCR Govt of Haryana,Vayam technologies Ltd,16,31
FCS Govt of Punjab,District Sukhmani Society  Jalandhar  Punjab,63,110
FCS Govt of Punjab,District Sukhmani Society  Ludhiana  Punjab,69,57
FCS Govt of Punjab,District Sukhmani Society  Moga  Punjab,3,16
FCS Govt of Punjab,District Sukhmani Society Amritsar Punjab,13,86
FCS Govt of Punjab,District Sukhmani Society Barnala Punjab,37,22
FCS Govt of Punjab,District Sukhmani Society Bathinda Punjab,19,47
FCS Govt of Punjab,District Sukhmani Society Fatehgarh Sahib Punjab,13,23
FCS Govt of Punjab,District Sukhmani Society Fazilka Punjab,78,57
FCS Govt of Punjab,District Sukhmani Society Ferozepur Punjab,6,15
FCS Govt of Punjab,District Sukhmani Society For Citizen Services Mansa Punjab,60,66
FCS Govt of Punjab,District Sukhmani Society For Citizen Services Nawanshahr Punjab,50,40
FCS Govt of Punjab,District Sukhmani Society For Citizen Services SAS Nagar District e-Governance Society Punjab,15,26
FCS Govt of Punjab,District Sukhmani Society Pathankot Punjab,83,21
FCS Govt of Punjab,District Sukhmani Society Patiala Punjab,57,43
FCS Govt of Punjab,District Sukhmani Society Rupnagar Punjab,3,24
FCS Govt of Punjab,District Sukhmani Society Sangrur Punjab,83,62
FCS Govt of Punjab,District Sukhmani Society Sri Muktsar Sahib Punjab,40,23
FCS Govt of Punjab,District Sukhmani Society Tarn Taran Punjab,12,64
FCS Govt of Punjab,Karvy Computershare Private Li,1222,200
FCS Govt of Punjab,Sukhmani Society For Citizen Services  Kapurthala  Punjab,6,20
FCS Govt of Punjab,Sukhmani Society For Citizen Services Gurdaspur Punjab,2,7
FCS Govt of Punjab,Sukhmani Society For Citizens Services Faridkot Punjab,25,31
FCS Govt of Punjab,Suwidha Society Hoshiarpur Punjab,159,14
FCS Govt of Punjab,Vayam technologies Ltd,226,99
FCS Govt of Punjab,eCentric solutions pvt ltd,47,53
Govt of Andhra Pradesh,GrapeSoft,0,1
Govt of Andhra Pradesh,IL&FS LTD,0,1
Govt of Andhra Pradesh,TechSmart India Pvt Ltd,22,0
Govt of Andhra Pradesh,Tera Software Ltd,5,0
Govt of Andhra Pradesh,eCentric solutions pvt ltd,0,1
Govt of Gujarat,GSS Infotech Ltd,659,70
Govt of Gujarat,Karvy Computershare Private Li,1231,535
Govt of Gujarat,Silver Touch Technologies Ltd,646,283
Govt of Gujarat,Tera Software Ltd,873,310
Govt of Gujarat,Transline Technologies P Ltd,8,2
Govt of Gujarat,Vayam technologies Ltd,36,5
Govt of Gujarat,eCentric solutions pvt ltd,68,45
Govt of Himachal Pradesh,i-Grandee SoftwareTechnologies,3,5
Govt of Karnataka ,Centre for e-Governance  GOK,33,19
Govt of Karnataka ,EDCS GOK,365,328
Govt of Karnataka ,MARS Telecom Systems Pvt Ltd,0,1
Govt of Karnataka ,Origin ITFS Pvt Ltd,0,1
Govt of Kerala,Akshaya,2665,806
Govt of Kerala,Keltron,3,5
Govt of Maharashtra,Eagle press pvt ltd,0,1
Govt of Maharashtra,M/S King Computer System pvt Ltd,38,22
Govt of Maharashtra,M/s. Vidya Online  Pune,19,8
Govt of Maharashtra,Rudranee Infotech Ltd,1,8
Govt of Maharashtra,SETU MAHARASHTRA,275,99
Govt of Maharashtra,SHREERAM PRINTING PRESS,279,27
Govt of Maharashtra,SILVER JUBILEE MOTORS LTD.,47,43
Govt of Maharashtra,STRATEGIC OUTSOURCING SERVICE,3,2
Govt of Maharashtra,TechSmart India Pvt Ltd,0,1
Govt of Maharashtra,Vidarbha Infotech Pvt Ltd,27,9
Govt of Sikkim - Dept of Econo,Department of Economics Statistics  Monitoring and Evaluation DESME,20,15
IDBI Bank ltd,ATISHAY INFOTECH PVT. LTD.,522,141
IDBI Bank ltd,Matrix Processing House,701,34
IDBI Bank ltd,SREEVEN INFOCOM LIMITED,523,299
Indiapost,Delhi Integrated MMTS Ltd,0,1
Indiapost,Global Finsol Private Limited,0,3
Information Technology & Communication Department,Directorate of ESD,7746,2199
Information Technology & Communication Department,JYOTHI COMPUTER SERVICES,0,1
Jharkhand,Systematic & Advance Const P L,4,0
Jharkhand,Wipro Ltd,2,1
NSDL e-Governance Infrastructure Limited,ATISHAY INFOTECH PVT. LTD.,639,128
NSDL e-Governance Infrastructure Limited,Abhipra Capital Ltd,659,223
NSDL e-Governance Infrastructure Limited,Alankit Assignments Limited,1,0
NSDL e-Governance Infrastructure Limited,Alankit Finsec Ltd,5955,920
NSDL e-Governance Infrastructure Limited,Amar Constructions,477,297
NSDL e-Governance Infrastructure Limited,COMTECHINFO SOLUTIONS PVT.LTD,0,1
NSDL e-Governance Infrastructure Limited,Global Finsol Private Limited,0,1
NSDL e-Governance Infrastructure Limited,Gujarat Infotech Ltd.,4476,1709
NSDL e-Governance Infrastructure Limited,Gundal Infotech Private Limited,2,1
NSDL e-Governance Infrastructure Limited,IAP COMPANY Pvt. Ltd,6,17
NSDL e-Governance Infrastructure Limited,Karvy Consultants Limited,12,54
NSDL e-Governance Infrastructure Limited,Karvy Data Management Services,52206,12207
NSDL e-Governance Infrastructure Limited,N.K. Sharma Enterprises Ltd.,362,169
NSDL e-Governance Infrastructure Limited,Netlink software Pvt Ltd,663,586
NSDL e-Governance Infrastructure Limited,Offshoot Agency Pvt. Ltd.,1035,663
NSDL e-Governance Infrastructure Limited,Ojus G Enterprises,55,338
NSDL e-Governance Infrastructure Limited,Promind Solutions P Limited,2805,828
NSDL e-Governance Infrastructure Limited,RELIGARE SECURITIES LTD,857,584
NSDL e-Governance Infrastructure Limited,Radiant Haroti Industries India Ltd,0,2
NSDL e-Governance Infrastructure Limited,Ricoh India Limited,3731,1188
NSDL e-Governance Infrastructure Limited,S.J. Technologies,87,20
NSDL e-Governance Infrastructure Limited,SNR Edatas Pvt Ltd,72,11
NSDL e-Governance Infrastructure Limited,Sri Ramraja Sarkar Lok Kalyan Trust,4639,565
NSDL e-Governance Infrastructure Limited,Utility Forms Pvt Ltd,424,308
NSDL e-Governance Infrastructure Limited,VIRGO SOFTECH LIMITED,3263,1540
Principal Revenue Commissioner  Dept of Revenue  Govt of MP,OSWAL COMPUTERS & CONSULTANTS,0,1
Project Coordinator UID Project Madhya Pradesh,A I Soc for Electronics and Comp Tech,31467,1251
Project Coordinator UID Project Madhya Pradesh,DATASOFT COMPUTER SERVICES(P),846,87
Project Coordinator UID Project Madhya Pradesh,LYRA  CONSULTANCY SERVICE,1153,539
Project Coordinator UID Project Madhya Pradesh,MPOnline Limited,1144,489
Project Coordinator UID Project Madhya Pradesh,Matrix Processing House,961,181
Project Coordinator UID Project Madhya Pradesh,OSWAL COMPUTERS & CONSULTANTS,1455,1390
Project Coordinator UID Project Madhya Pradesh,Orion Security Solutions Private Ltd,1185,293
Project Coordinator UID Project Madhya Pradesh,Sixth Dimension Project Solutions Ltd,344,236
Punjab National Bank,Alankit Finsec Ltd,5535,765
Punjab National Bank,Eagle Software India Pvt. Ltd,10017,1175
Punjab National Bank,MARS Telecom Systems Pvt Ltd,57,2
Punjab National Bank,Smart Chip Limited,4130,929
Punjab National Bank,Vayam technologies Ltd,1842,693
Punjab and Sind Bank,Matrix Processing House,2641,511
Registrar General India - BEL,Manipur Electronics Dev Corp,297,150
Registrar General India BEL2,Bharat Electronics Limited,10,0
Registrar General India BEL2,Chinar Construction Company Prime agency,10,12
Registrar General India BEL2,Computer LAB,3,1
Registrar General India BEL2,Emdee Digitronics Pvt.Ltd.,1,1
Registrar General India BEL2,In Media Computer Services LLP,82,73
Registrar General India BEL2,Karvy Data Management Services,3436,497
Registrar General India BEL2,MACRO INFOTECH PVT LTD,8054,1165
Registrar General India BEL2,Madras Security Printers Ltd,628,79
Registrar General India BEL2,Manipur Electronics Dev Corp,514,63
Registrar General India BEL2,Multiwave Innovation,30,18
Registrar General India BEL2,Netlink software Pvt Ltd,98,27
Registrar General India BEL2,SNR Edatas Pvt Ltd,19227,2023
Registrar General India BEL2,SREI INFRASTRUCTURE FINANCES L,305,59
Registrar General India BEL2,Swathy Smartcards Hi-Tech Pvt,0,2
Registrar General India BEL2,Tera Software Ltd,457,9
Registrar General India BEL2,UNITED DATA SERVICES PRIVATE LIMITED,865,294
Registrar General India BEL2,Vedavaag Systems Limited,19,4
Registrar General India BEL2,Viesa Technologies,2030,568
Registrar General India ECIL,AVVAS INFOTECH PVT  LTD,73,53
Registrar General India ECIL,BUSINESS INFORMATION PROCESSING SERVICES,13,4
Registrar General India ECIL,COMTECHINFO SOLUTIONS PVT.LTD,1620,206
Registrar General India ECIL,Chinar Construction Company Prime agency,1202,215
Registrar General India ECIL,Clairvoyance Technologies Pvt.,10,308
Registrar General India ECIL,Computer LAB,2110,1171
Registrar General India ECIL,Eagle Software India Pvt. Ltd,11357,4428
Registrar General India ECIL,Emdee Digitronics Pvt.Ltd.,583,387
Registrar General India ECIL,In Media Computer Services LLP,32229,1200
Registrar General India ECIL,India Computer Technology,1050,456
Registrar General India ECIL,Integrated Systems & Services,1698,15
Registrar General India ECIL,Karvy Data Management Services,31,24
Registrar General India ECIL,LYRA  CONSULTANCY SERVICE,31,1
Registrar General India ECIL,Madras Security Printers Ltd,3751,1129
Registrar General India ECIL,Netwing Technologies Pvt Ltd,0,1
Registrar General India ECIL,Pioneer E Labs limited,0,1
Registrar General India ECIL,SARADA SYSTEMS,1647,572
Registrar General India ECIL,SWISSTECH NPR 57CR PROJECT PVT,0,6
Registrar General India ECIL,Tera Software Ltd,0,3
Registrar General India ECIL,The NSIC ltd,2275,176
Registrar General India ECIL,Vedavaag Systems Limited,430,31
Registrar General India ECIL,WEBEL TECHNOLOGY LIMITED,387,52
Registrar General India Others,Webx Technologies Private Limited,0,9
Registrar General of India ITI,Eagle Software India Pvt. Ltd,51,27
Registrar General of India ITI,Emdee Digitronics Pvt.Ltd.,1610,645
Registrar General of India ITI,In Media Computer Services LLP,26,13
Registrar General of India ITI,Karvy Data Management Services,1160,90
Registrar General of India ITI,Madras Security Printers Ltd,2640,1112
Registrar General of India ITI,Netlink software Pvt Ltd,680,182
Registrar General of India ITI,Nevaeh Technology Pvt. Ltd.,25,4
Registrar General of India ITI,Nielsen  India  Private Limited,0,1
Registrar General of India ITI,Quick Data IT Services Pvt Ltd,35,8
Registrar General of India ITI,SNR Edatas Pvt Ltd,230,186
Registrar General of India ITI,Swathy Smartcards Hi-Tech Pvt,0,29
Registrar General of India ITI,TechSmart India Pvt Ltd,2,2
Registrar General of India ITI,VIRGO SOFTECH LIMITED,164,97
Registrar General of India ITI,Vedavaag Systems Limited,0,1
Registrar General of India ITI,WEBEL TECHNOLOGY LIMITED,11040,600
Registrar General of India ITI,Webx Technologies Private Limited,374,91
Rural Development Dept  Govt. of Bihar,Bloom Solutions Pvt Ltd,2752,728
Rural Development Dept  Govt. of Bihar,Computer LAB,1906,491
Rural Development Dept  Govt. of Bihar,Emdee Digitronics Pvt.Ltd.,1363,299
Rural Development Dept  Govt. of Bihar,FINANCIAL INFORMATION NETWORK,7590,1097
Rural Development Dept  Govt. of Bihar,M2C Private Solution,1977,322
Rural Development Dept  Govt. of Bihar,MKS Enterprises,330,193
Rural Development Dept  Govt. of Bihar,Orion Security Solutions Private Ltd,69,21
Rural Development Dept  Govt. of Bihar,Urmila Info solution,812,390
State Bank of Bikaner & Jaipur,Multiwave Innovation,3,1
State Bank of India,FINANCIAL INFORMATION NETWORK,12034,986
State Bank of India,Silver Touch Technologies Ltd,1,1
State Bank of India,Smart Chip Limited,1988,328
State Bank of India,Utility Forms Pvt Ltd,2384,806
UIDAI-Registrar,UIDAI-EA,15,15
UTI Infrastructure Technology & Services Limited,Houston Technologies Limited,0,1
UTI Infrastructure Technology & Services Limited,Omnitech Infosolutions Ltd,626,293
Union Bank,FINANCIAL INFORMATION NETWORK,17936,4385
Union Bank,Smart Chip Limited,122,105
Union Bank,Vakrangee Softwares Limited,14067,5770
