Registrar,Enrolment Agency,Aadhaar generated,Enrolment Rejected
Allahabad Bank,A-Onerealtors Pvt Ltd,3001,77
Allahabad Bank,Agro Tech Engineers,478,6
Allahabad Bank,Asha Security Guard Services,4497,191
Allahabad Bank,Emdee Digitronics Pvt.Ltd.,3209,66
Allahabad Bank,MEGHA VINCOM PVT LTD,1252,55
Allahabad Bank,Nevaeh Technology Pvt. Ltd.,5537,30
Allahabad Bank,Ortem Securities Limited,3,0
Allahabad Bank,PROTEX COMPUTER PVT LTD,10,0
Allahabad Bank,Redim Software Technologies Pvt Ltd,782,34
Allahabad Bank,SGS INDIA PVT LTD,3603,163
Allahabad Bank,Sri Ramraja Sarkar Lok Kalyan Trust,111,122
Allahabad Bank,VAP INFOSOLUTIONS,685,93
Allahabad Bank,Vedavaag Systems Limited,7700,38
Atalji Janasnehi Directorate  Government of Karnataka,Atalji Janasnehi Directorate  GOK,2907,59
Bank Of India,A3 Logics  India  Ltd,39,2
Bank Of India,Blue Circle Instrument,3,0
Bank Of India,CHESSY CONSULTANTS PVT LTD,107,8
Bank Of India,DATASOFT COMPUTER SERVICES(P),468,6
Bank Of India,Frontech Systems Pvt Ltd,371,3
Bank Of India,OSWAL COMPUTERS & CONSULTANTS,120,1
Bank Of India,PROTEX COMPUTER PVT LTD,539,6
Bank Of India,SARADA SYSTEMS,223,1
Bank Of India,SHRIKRISHNA KHANDASARI SUGAR M,34,1
Bank Of India,SREI INFRASTRUCTURE FINANCES L,5145,117
Bank Of India,VEETECHNOLOGIES PVT. LTD,818,8
Bank of Baroda,Global Finsol Private Limited,18,0
Bank of Maharashtra,FINANCIAL INFORMATION NETWORK,3,5
Bank of Maharashtra,Tera Software Ltd,89,4
CSC e-Governance Services India Limited,A I Soc for Electronics and Comp Tech,27489,494
CSC e-Governance Services India Limited,AKSH OPTIFIBRE LIMITED,9321,1441
CSC e-Governance Services India Limited,BASIX,15792,773
CSC e-Governance Services India Limited,Binary Systems,118,42
CSC e-Governance Services India Limited,Bloom Solutions Pvt Ltd,7455,148
CSC e-Governance Services India Limited,CALANCE SOFTWARE PRIVATE LTD,1030,25
CSC e-Governance Services India Limited,CHIPS,4698,36
CSC e-Governance Services India Limited,CMS Computers Ltd,33574,1579
CSC e-Governance Services India Limited,CSC e-Governance Services India Limited,5839,361
CSC e-Governance Services India Limited,Computer Print,2719,9
CSC e-Governance Services India Limited,Conatus Infocom Pvt. Ltd,426,46
CSC e-Governance Services India Limited,DATASOFT COMPUTER SERVICES(P),1484,193
CSC e-Governance Services India Limited,Gem Computers,77,2
CSC e-Governance Services India Limited,Home Life Buildcon Pvt Ltd,5590,185
CSC e-Governance Services India Limited,HyperSoft Technologies Ltd,2404,16
CSC e-Governance Services India Limited,IAP COMPANY Pvt. Ltd,34737,757
CSC e-Governance Services India Limited,Janta Silikon Consortium,5975,163
CSC e-Governance Services India Limited,Jeevan Deep Charitable Society,5797,451
CSC e-Governance Services India Limited,K W Consulting P Ltd,414,25
CSC e-Governance Services India Limited,MANTRA SOFTTECH (INDIA) PVTLTD,2024,14
CSC e-Governance Services India Limited,MEGHA VINCOM PVT LTD,930,42
CSC e-Governance Services India Limited,Mahamritunjay Traders,2651,28
CSC e-Governance Services India Limited,Mahaonline Limited,3437,1482
CSC e-Governance Services India Limited,NPS Technologies Pvt. Ltd,11012,337
CSC e-Governance Services India Limited,NVR & ASSOCIATES LIMITED,787,14
CSC e-Governance Services India Limited,National Cooperative Consumers Federation of India Limited,250,15
CSC e-Governance Services India Limited,Nekton IT India Pvt Ltd.,3225,604
CSC e-Governance Services India Limited,Network for Information & Computer,2615,26
CSC e-Governance Services India Limited,Promind Solutions P Limited,6015,193
CSC e-Governance Services India Limited,Radiant Haroti Industries India Ltd,7977,307
CSC e-Governance Services India Limited,Raj Construction Co.,586,3
CSC e-Governance Services India Limited,SPANCO,2329,119
CSC e-Governance Services India Limited,SRR Infotech,1712,128
CSC e-Governance Services India Limited,Sahaj e-Village Limited,24563,4255
CSC e-Governance Services India Limited,Sri Ramraja Sarkar Lok Kalyan Trust,356,3
CSC e-Governance Services India Limited,Super Printers,110,1
CSC e-Governance Services India Limited,Tera Software Ltd,7623,154
CSC e-Governance Services India Limited,Twinstar Industries Ltd.,187,2
CSC e-Governance Services India Limited,United Telecoms e-Services Pvt Ltd,2221,831
CSC e-Governance Services India Limited,VIKALP MULTIMEDIA,385,182
CSC e-Governance Services India Limited,VISION COMPTECH INTEGRATOR LTD,404,22
CSC e-Governance Services India Limited,Vakrangee Softwares Limited,1,2
CSC e-Governance Services India Limited,Vayam technologies Ltd,8401,357
CSC e-Governance Services India Limited,Vedavaag Systems Limited,29140,382
CSC e-Governance Services India Limited,Yash Ornaments Pvt. Ltd,1406,3
CSC e-Governance Services India Limited,Zephyr System Pvt.Ltd.,6828,209
Canara Bank,FINANCIAL INFORMATION NETWORK,8444,511
Canara Bank,Karvy Data Management Services,9606,263
Canara Bank,Ojus Healthcare Private Limited,3,0
Canara Bank,Osiris Infotech Pvt. Ltd.,364,7
Canara Bank,Smart Chip Limited,5763,159
Canara Bank,Virinchi Technologies Ltd,3063,44
Civil Supplies - A&N Islands,India Computer Technology,1635,72
DENA BANK,77 Infosystems Pvt Ltd,2111,12
DENA BANK,A-Onerealtors Pvt Ltd,753,51
DENA BANK,APEX Services,2937,61
DENA BANK,AS International,991,31
DENA BANK,ATISHAY INFOTECH PVT. LTD.,479,4
DENA BANK,AVVAS INFOTECH PVT  LTD,635,75
DENA BANK,Advent Infomax Private Ltd,378,9
DENA BANK,Amar Constructions,2046,131
DENA BANK,Apnatech Consultancy Services Pvt Ltd,1,0
DENA BANK,Asha Security Guard Services,3446,112
DENA BANK,Asray Gram,98,2
DENA BANK,BNR UDYOG LIMITED,367,7
DENA BANK,Binary Systems,463,43
DENA BANK,Bloom Solutions Pvt Ltd,347,5
DENA BANK,Blue Circle Instrument,451,2
DENA BANK,Business Information Processing Services,70,15
DENA BANK,CALANCE SOFTWARE PRIVATE LTD,1289,141
DENA BANK,DATASOFT COMPUTER SERVICES(P),1438,35
DENA BANK,DEVASHISH SECURITIES PVT. LTD.,32,1
DENA BANK,Eagle Software India Pvt. Ltd,2308,8
DENA BANK,FINANCIAL INFORMATION NETWORK,1889,146
DENA BANK,Gem Computers,284,31
DENA BANK,Gujarat Infotech Ltd.,362,18
DENA BANK,HyperSoft Technologies Ltd,350,5
DENA BANK,IAP COMPANY Pvt. Ltd,8606,170
DENA BANK,India Computer Technology,467,26
DENA BANK,JNET Technologies Pvt.Ltd,193,13
DENA BANK,K W Consulting P Ltd,990,306
DENA BANK,M/S STAR DATA CENTRE,696,12
DENA BANK,M/s Gold Square Builders & Promoters Pvt. Ltd.,1202,514
DENA BANK,M2C Private Solution,290,6
DENA BANK,MARS Telecom Systems Pvt Ltd,1274,64
DENA BANK,MEGHA VINCOM PVT LTD,2474,59
DENA BANK,MKS Enterprises,29,0
DENA BANK,Make India Smart Private Limited,7708,1427
DENA BANK,Multiwave Innovation,5349,101
DENA BANK,NVR & ASSOCIATES LIMITED,4073,107
DENA BANK,Netlink software Pvt Ltd,3617,129
DENA BANK,Nielsen  India  Private Limited,12667,1319
DENA BANK,Offshoot Agency Pvt. Ltd.,631,40
DENA BANK,Om Softwares,1932,37
DENA BANK,Ortem Securities Limited,2124,33
DENA BANK,Radiant Haroti Industries India Ltd,4,0
DENA BANK,Ricoh India Limited,3578,80
DENA BANK,SGS INDIA PVT LTD,3158,200
DENA BANK,Silver Touch Technologies Ltd,1834,74
DENA BANK,Sixth Dimension Project Solutions Ltd,80,2
DENA BANK,Soc for Advancement of Environ Science,930,48
DENA BANK,SoftAge Information Technology Limited,55,0
DENA BANK,Super Printers,2942,248
DENA BANK,Systematic & Advance Const P L,3,0
DENA BANK,TechSmart India Pvt Ltd,447,86
DENA BANK,Tera Software Ltd,336,2
DENA BANK,The NSIC ltd,52,0
DENA BANK,Transline Technologies P Ltd,211,2
DENA BANK,Utility Forms Pvt Ltd,584,41
DENA BANK,VAP INFOSOLUTIONS,2600,122
DENA BANK,VISION COMPTECH INTEGRATOR LTD,8277,116
DENA BANK,Vedavaag Systems Limited,16539,988
DENA BANK,Virinchi Technologies Ltd,9174,403
DENA BANK,WEBEL,3787,163
DENA BANK,Wipro Ltd,10820,4063
DENA BANK,Yash Ornaments Pvt. Ltd,643,58
DENA BANK,Zephyr System Pvt.Ltd.,5711,259
Department of Information Technology Govt of Jharkhand,Wipro Ltd,1,1
Dept of ITC Govt of Rajasthan,ATISHAY INFOTECH PVT. LTD.,25,2
Dept of ITC Govt of Rajasthan,AVVAS INFOTECH PVT  LTD,12,0
Dept of ITC Govt of Rajasthan,Academy of Management Studies,141,2
Dept of ITC Govt of Rajasthan,Binary Systems,15,15
Dept of ITC Govt of Rajasthan,Business Information Processing Services,9,0
Dept of ITC Govt of Rajasthan,CMS Computers Ltd,309,25
Dept of ITC Govt of Rajasthan,COMTECH INSTITUTE OFTECHNOLOGY,38,11
Dept of ITC Govt of Rajasthan,DATASOFT COMPUTER SERVICES(P),118,13
Dept of ITC Govt of Rajasthan,FINANCIAL INFORMATION NETWORK,2057,23
Dept of ITC Govt of Rajasthan,Gujarat Infotech Ltd.,34,1
Dept of ITC Govt of Rajasthan,IAP COMPANY Pvt. Ltd,331,2
Dept of ITC Govt of Rajasthan,Karvy Data Management Services,647,58
Dept of ITC Govt of Rajasthan,M/s Sanish Choudhary,268,12
Dept of ITC Govt of Rajasthan,MEGHA VINCOM PVT LTD,342,40
Dept of ITC Govt of Rajasthan,Matrix Processing House,91,1
Dept of ITC Govt of Rajasthan,Multiwave Innovation,710,3
Dept of ITC Govt of Rajasthan,Osiris Infotech Pvt. Ltd.,290,2
Dept of ITC Govt of Rajasthan,Radiant Info Systems Ltd,486,32
Dept of ITC Govt of Rajasthan,Rajcomp Info Services Ltd,5,0
Dept of ITC Govt of Rajasthan,Ricoh India Limited,892,18
Dept of ITC Govt of Rajasthan,SAR Technology,228,18
Dept of ITC Govt of Rajasthan,SREI INFRASTRUCTURE FINANCES L,1,0
Dept of ITC Govt of Rajasthan,TechSmart India Pvt Ltd,155,0
Dept of ITC Govt of Rajasthan,Transline Technologies P Ltd,1678,53
Dept of ITC Govt of Rajasthan,UMC Technologies Pvt. Ltd,110,4
Dept of ITC Govt of Rajasthan,VFS Global Services Pvt. Ltd,63,1
Dept of ITC Govt of Rajasthan,VIRGO SOFTECH LIMITED,94,1
Dept of ITC Govt of Rajasthan,Vakrangee Softwares Limited,1098,118
Dept of ITC Govt of Rajasthan,Vayam technologies Ltd,24,50
FCR Govt of Haryana,4G INFORMATICS,272,0
FCR Govt of Haryana,Academy of Management Studies,264,5
FCR Govt of Haryana,District IT Society Ambala,246,8
FCR Govt of Haryana,District IT Society Faridabad,3,0
FCR Govt of Haryana,District IT Society Gurgaon,3,0
FCR Govt of Haryana,District IT Society Jhajjar,97,0
FCR Govt of Haryana,District IT Society Kaithal,64,2
FCR Govt of Haryana,District IT Society Mahendragarh,134,44
FCR Govt of Haryana,District IT Society Palwal,66,1
FCR Govt of Haryana,District IT Society Panchkula,68,6
FCR Govt of Haryana,District IT Society Rewari,4,0
FCR Govt of Haryana,District IT Society Rohtak,8,0
FCR Govt of Haryana,District IT Society Sirsa,2,0
FCR Govt of Haryana,District IT Society Sonipat,264,39
FCR Govt of Haryana,Radiant Info Systems Ltd,160,9
FCR Govt of Haryana,SoftAge Information Technology Limited,915,28
FCR Govt of Haryana,Vayam technologies Ltd,267,30
FCS Govt of Punjab,District Sukhmani Society  Jalandhar  Punjab,371,4
FCS Govt of Punjab,District Sukhmani Society  Ludhiana  Punjab,418,22
FCS Govt of Punjab,District Sukhmani Society  Moga  Punjab,397,0
FCS Govt of Punjab,District Sukhmani Society Amritsar Punjab,338,3
FCS Govt of Punjab,District Sukhmani Society Barnala Punjab,173,17
FCS Govt of Punjab,District Sukhmani Society Bathinda Punjab,185,1
FCS Govt of Punjab,District Sukhmani Society Fatehgarh Sahib Punjab,166,4
FCS Govt of Punjab,District Sukhmani Society Fazilka Punjab,113,4
FCS Govt of Punjab,District Sukhmani Society Ferozepur Punjab,119,0
FCS Govt of Punjab,District Sukhmani Society For Citizen Services Mansa Punjab,316,2
FCS Govt of Punjab,District Sukhmani Society For Citizen Services Nawanshahr Punjab,278,8
FCS Govt of Punjab,District Sukhmani Society For Citizen Services SAS Nagar District e-Governance Society Punjab,407,5
FCS Govt of Punjab,District Sukhmani Society Pathankot Punjab,136,0
FCS Govt of Punjab,District Sukhmani Society Patiala Punjab,131,2
FCS Govt of Punjab,District Sukhmani Society Rupnagar Punjab,459,6
FCS Govt of Punjab,District Sukhmani Society Sangrur Punjab,241,5
FCS Govt of Punjab,District Sukhmani Society Sri Muktsar Sahib Punjab,106,1
FCS Govt of Punjab,District Sukhmani Society Tarn Taran Punjab,27,0
FCS Govt of Punjab,Karvy Computershare Private Li,1065,30
FCS Govt of Punjab,Sukhmani Society For Citizen Services  Kapurthala  Punjab,54,4
FCS Govt of Punjab,Sukhmani Society For Citizen Services Gurdaspur Punjab,21,1
FCS Govt of Punjab,Sukhmani Society For Citizens Services Faridkot Punjab,124,0
FCS Govt of Punjab,Suwidha Society Hoshiarpur Punjab,351,4
FCS Govt of Punjab,Vayam technologies Ltd,527,10
FCS Govt of Punjab,eCentric solutions pvt ltd,146,1
Govt of Andhra Pradesh,TechSmart India Pvt Ltd,48,0
Govt of Gujarat,GSS Infotech Ltd,1015,25
Govt of Gujarat,Karvy Computershare Private Li,1919,97
Govt of Gujarat,Silver Touch Technologies Ltd,445,20
Govt of Gujarat,Tera Software Ltd,1306,9
Govt of Gujarat,Transline Technologies P Ltd,2,0
Govt of Gujarat,Vayam technologies Ltd,80,68
Govt of Gujarat,eCentric solutions pvt ltd,102,2
Govt of Himachal Pradesh,i-Grandee SoftwareTechnologies,14,1
Govt of Karnataka ,Centre for e-Governance  GOK,14,0
Govt of Karnataka ,EDCS GOK,203,5
Govt of Kerala,Akshaya,4944,40
Govt of Kerala,Keltron,24,0
Govt of Maharashtra,M/S King Computer System pvt Ltd,108,83
Govt of Maharashtra,M/s. Vidya Online  Pune,5,0
Govt of Maharashtra,Netlink software Pvt Ltd,0,1
Govt of Maharashtra,Rudranee Infotech Ltd,1,0
Govt of Maharashtra,SETU MAHARASHTRA,394,188
Govt of Maharashtra,SHREERAM PRINTING PRESS,305,44
Govt of Maharashtra,SILVER JUBILEE MOTORS LTD.,115,1
Govt of Maharashtra,STRATEGIC OUTSOURCING SERVICE,44,4
Govt of Maharashtra,TechSmart India Pvt Ltd,2,0
Govt of Maharashtra,Vidarbha Infotech Pvt Ltd,2,5
Govt of Maharashtra,Wipro Ltd,1,0
Govt of Sikkim - Dept of Econo,Department of Economics Statistics  Monitoring and Evaluation DESME,523,3
IDBI Bank ltd,ATISHAY INFOTECH PVT. LTD.,251,20
IDBI Bank ltd,Matrix Processing House,189,7
IDBI Bank ltd,SREEVEN INFOCOM LIMITED,856,74
Information Technology & Communication Department,Directorate of ESD,7843,255
NSDL e-Governance Infrastructure Limited,ATISHAY INFOTECH PVT. LTD.,43,1
NSDL e-Governance Infrastructure Limited,Abhipra Capital Ltd,1755,16
NSDL e-Governance Infrastructure Limited,Alankit Finsec Ltd,2961,90
NSDL e-Governance Infrastructure Limited,Amar Constructions,807,24
NSDL e-Governance Infrastructure Limited,COMTECHINFO SOLUTIONS PVT.LTD,5,0
NSDL e-Governance Infrastructure Limited,Gujarat Infotech Ltd.,6745,298
NSDL e-Governance Infrastructure Limited,Gundal Infotech Private Limited,15,0
NSDL e-Governance Infrastructure Limited,IAP COMPANY Pvt. Ltd,169,5
NSDL e-Governance Infrastructure Limited,Karvy Consultants Limited,32,0
NSDL e-Governance Infrastructure Limited,Karvy Data Management Services,85814,2036
NSDL e-Governance Infrastructure Limited,N.K. Sharma Enterprises Ltd.,419,10
NSDL e-Governance Infrastructure Limited,Netlink software Pvt Ltd,1325,113
NSDL e-Governance Infrastructure Limited,Offshoot Agency Pvt. Ltd.,1772,140
NSDL e-Governance Infrastructure Limited,Ojus G Enterprises,850,64
NSDL e-Governance Infrastructure Limited,Promind Solutions P Limited,9636,411
NSDL e-Governance Infrastructure Limited,RELIGARE SECURITIES LTD,2196,108
NSDL e-Governance Infrastructure Limited,Ricoh India Limited,7714,795
NSDL e-Governance Infrastructure Limited,S.J. Technologies,223,1
NSDL e-Governance Infrastructure Limited,SNR Edatas Pvt Ltd,13,2
NSDL e-Governance Infrastructure Limited,Sri Ramraja Sarkar Lok Kalyan Trust,2185,67
NSDL e-Governance Infrastructure Limited,Utility Forms Pvt Ltd,4836,186
NSDL e-Governance Infrastructure Limited,VIRGO SOFTECH LIMITED,2953,115
Project Coordinator UID Project Madhya Pradesh,A I Soc for Electronics and Comp Tech,12107,175
Project Coordinator UID Project Madhya Pradesh,DATASOFT COMPUTER SERVICES(P),377,23
Project Coordinator UID Project Madhya Pradesh,LYRA  CONSULTANCY SERVICE,1536,166
Project Coordinator UID Project Madhya Pradesh,MPOnline Limited,536,33
Project Coordinator UID Project Madhya Pradesh,Matrix Processing House,223,38
Project Coordinator UID Project Madhya Pradesh,OSWAL COMPUTERS & CONSULTANTS,2176,95
Project Coordinator UID Project Madhya Pradesh,Orion Security Solutions Private Ltd,1078,61
Project Coordinator UID Project Madhya Pradesh,Sixth Dimension Project Solutions Ltd,127,24
Punjab National Bank,Alankit Finsec Ltd,2109,228
Punjab National Bank,Eagle Software India Pvt. Ltd,5166,246
Punjab National Bank,MARS Telecom Systems Pvt Ltd,18,3
Punjab National Bank,Smart Chip Limited,3484,123
Punjab National Bank,Vayam technologies Ltd,2047,77
Punjab and Sind Bank,Matrix Processing House,1278,32
Registrar General India - BEL,Manipur Electronics Dev Corp,227,0
Registrar General India BEL2,Bharat Electronics Limited,3,7
Registrar General India BEL2,Computer LAB,0,4
Registrar General India BEL2,Emdee Digitronics Pvt.Ltd.,112,1
Registrar General India BEL2,In Media Computer Services LLP,539,2
Registrar General India BEL2,Karvy Data Management Services,894,28
Registrar General India BEL2,MACRO INFOTECH PVT LTD,2836,11
Registrar General India BEL2,Madras Security Printers Ltd,40,57
Registrar General India BEL2,Manipur Electronics Dev Corp,151,0
Registrar General India BEL2,Multiwave Innovation,255,0
Registrar General India BEL2,Netlink software Pvt Ltd,40,0
Registrar General India BEL2,Om Softwares,52,0
Registrar General India BEL2,SNR Edatas Pvt Ltd,17298,107
Registrar General India BEL2,SREI INFRASTRUCTURE FINANCES L,108,2
Registrar General India BEL2,Tera Software Ltd,257,2
Registrar General India BEL2,UNITED DATA SERVICES PRIVATE LIMITED,1,3
Registrar General India BEL2,Vedavaag Systems Limited,49,0
Registrar General India BEL2,Viesa Technologies,3699,29
Registrar General India ECIL,COMTECHINFO SOLUTIONS PVT.LTD,280,140
Registrar General India ECIL,Chinar Construction Company Prime agency,912,0
Registrar General India ECIL,Computer LAB,8816,41
Registrar General India ECIL,ECIL,3,0
Registrar General India ECIL,Eagle Software India Pvt. Ltd,10639,323
Registrar General India ECIL,Emdee Digitronics Pvt.Ltd.,734,334
Registrar General India ECIL,In Media Computer Services LLP,212,65
Registrar General India ECIL,India Computer Technology,455,174
Registrar General India ECIL,Integrated Systems & Services,848,20
Registrar General India ECIL,Karvy Data Management Services,1648,5
Registrar General India ECIL,LYRA  CONSULTANCY SERVICE,2884,2
Registrar General India ECIL,Madras Security Printers Ltd,13409,751
Registrar General India ECIL,SARADA SYSTEMS,3050,213
Registrar General India ECIL,SWISSTECH NPR 57CR PROJECT PVT,6,0
Registrar General India ECIL,Vedavaag Systems Limited,1,0
Registrar General India ECIL,WEBEL TECHNOLOGY LIMITED,519,53
Registrar General India Others,In Media Computer Services LLP,5,0
Registrar General India Others,Webx Technologies Private Limited,4,0
Registrar General of India ITI,Emdee Digitronics Pvt.Ltd.,14760,862
Registrar General of India ITI,In Media Computer Services LLP,40,6
Registrar General of India ITI,Karvy Data Management Services,381,122
Registrar General of India ITI,Madras Security Printers Ltd,1,7
Registrar General of India ITI,Netlink software Pvt Ltd,121,4
Registrar General of India ITI,Nevaeh Technology Pvt. Ltd.,2957,3
Registrar General of India ITI,Quick Data IT Services Pvt Ltd,394,1
Registrar General of India ITI,SNR Edatas Pvt Ltd,487,3
Registrar General of India ITI,Swathy Smartcards Hi-Tech Pvt,8,0
Registrar General of India ITI,WEBEL TECHNOLOGY LIMITED,6487,481
Registrar General of India ITI,Webx Technologies Private Limited,4575,5
Rural Development Dept  Govt. of Bihar,Bloom Solutions Pvt Ltd,4511,130
Rural Development Dept  Govt. of Bihar,Computer LAB,2247,6
Rural Development Dept  Govt. of Bihar,Emdee Digitronics Pvt.Ltd.,3225,3
Rural Development Dept  Govt. of Bihar,FINANCIAL INFORMATION NETWORK,4421,75
Rural Development Dept  Govt. of Bihar,M2C Private Solution,1504,75
Rural Development Dept  Govt. of Bihar,MKS Enterprises,2385,1
Rural Development Dept  Govt. of Bihar,Orion Security Solutions Private Ltd,204,3
Rural Development Dept  Govt. of Bihar,Urmila Info solution,2779,24
State Bank of India,FINANCIAL INFORMATION NETWORK,1490,10
State Bank of India,Smart Chip Limited,252,14
State Bank of India,Utility Forms Pvt Ltd,2138,41
UIDAI-Registrar,UIDAI-EA,190,3
UTI Infrastructure Technology & Services Limited,Omnitech Infosolutions Ltd,1739,17
Union Bank,FINANCIAL INFORMATION NETWORK,12837,553
Union Bank,Smart Chip Limited,478,12
Union Bank,Vakrangee Softwares Limited,29699,880
