Registrar,Enrolment Agency,Aadhaar generated,Enrolment Rejected
Allahabad Bank,A-Onerealtors Pvt Ltd,2734,1094
Allahabad Bank,Agro Tech Engineers,4,16
Allahabad Bank,Asha Security Guard Services,3496,1581
Allahabad Bank,Emdee Digitronics Pvt.Ltd.,852,514
Allahabad Bank,MEGHA VINCOM PVT LTD,1471,500
Allahabad Bank,Nevaeh Technology Pvt. Ltd.,4732,755
Allahabad Bank,Ortem Securities Limited,246,3
Allahabad Bank,PROTEX COMPUTER PVT LTD,424,7
Allahabad Bank,Radiant Haroti Industries India Ltd,14,2
Allahabad Bank,Redim Software Technologies Pvt Ltd,153,378
Allahabad Bank,SGS INDIA PVT LTD,2039,1138
Allahabad Bank,Sri Ramraja Sarkar Lok Kalyan Trust,48,49
Allahabad Bank,VAP INFOSOLUTIONS,878,266
Allahabad Bank,Vakrangee Softwares Limited,1,21
Allahabad Bank,Vedavaag Systems Limited,2217,335
Atalji Janasnehi Directorate  Government of Karnataka,Atalji Janasnehi Directorate  GOK,2654,1670
Bank Of India,A3 Logics  India  Ltd,116,138
Bank Of India,Akanksha International,1,0
Bank Of India,Blue Circle Instrument,77,4
Bank Of India,CHESSY CONSULTANTS PVT LTD,4,3
Bank Of India,DATASOFT COMPUTER SERVICES(P),146,356
Bank Of India,Frontech Systems Pvt Ltd,101,130
Bank Of India,OSWAL COMPUTERS & CONSULTANTS,289,162
Bank Of India,PROTEX COMPUTER PVT LTD,983,198
Bank Of India,SARADA SYSTEMS,3982,382
Bank Of India,SHRIKRISHNA KHANDASARI SUGAR M,43,49
Bank Of India,SPANCO,0,2
Bank Of India,SREI INFRASTRUCTURE FINANCES L,19054,2735
Bank Of India,Silver Touch Technologies Ltd,1,2
Bank Of India,VEETECHNOLOGIES PVT. LTD,4407,1318
Bank Of India,Vakrangee Softwares Limited,0,1
Bank of Baroda,DATASOFT COMPUTER SERVICES(P),0,1
Bank of Baroda,Global Finsol Private Limited,142,83
Bank of Maharashtra,FINANCIAL INFORMATION NETWORK,0,3
Bank of Maharashtra,Micro Technologies India Ltd,0,2
Bank of Maharashtra,Tera Software Ltd,1328,342
CSC e-Governance Services India Limited,A I Soc for Electronics and Comp Tech,15867,2702
CSC e-Governance Services India Limited,AKSH OPTIFIBRE LIMITED,18248,3484
CSC e-Governance Services India Limited,BASIX,11024,3041
CSC e-Governance Services India Limited,Binary Systems,124,335
CSC e-Governance Services India Limited,Bloom Solutions Pvt Ltd,5831,1767
CSC e-Governance Services India Limited,CALANCE SOFTWARE PRIVATE LTD,347,356
CSC e-Governance Services India Limited,CHIPS,8361,1582
CSC e-Governance Services India Limited,CMS Computers Ltd,32244,6240
CSC e-Governance Services India Limited,CSC e-Governance Services India Limited,2366,2385
CSC e-Governance Services India Limited,Computer Print,1302,338
CSC e-Governance Services India Limited,Conatus Infocom Pvt. Ltd,263,229
CSC e-Governance Services India Limited,DATASOFT COMPUTER SERVICES(P),896,875
CSC e-Governance Services India Limited,Gem Computers,106,224
CSC e-Governance Services India Limited,Home Life Buildcon Pvt Ltd,3614,1306
CSC e-Governance Services India Limited,HyperSoft Technologies Ltd,910,129
CSC e-Governance Services India Limited,IAP COMPANY Pvt. Ltd,18178,5996
CSC e-Governance Services India Limited,Janta Silikon Consortium,3201,817
CSC e-Governance Services India Limited,Jeevan Deep Charitable Society,3352,567
CSC e-Governance Services India Limited,K W Consulting P Ltd,2210,157
CSC e-Governance Services India Limited,MANTRA SOFTTECH (INDIA) PVTLTD,2443,388
CSC e-Governance Services India Limited,MEGHA VINCOM PVT LTD,2048,570
CSC e-Governance Services India Limited,Mahamritunjay Traders,1638,358
CSC e-Governance Services India Limited,Mahaonline Limited,2988,1294
CSC e-Governance Services India Limited,Murano India Pvt Ltd,66,0
CSC e-Governance Services India Limited,NPS Technologies Pvt. Ltd,8982,2159
CSC e-Governance Services India Limited,NVR & ASSOCIATES LIMITED,1712,154
CSC e-Governance Services India Limited,National Cooperative Consumers Federation of India Limited,746,226
CSC e-Governance Services India Limited,Nekton IT India Pvt Ltd.,4371,911
CSC e-Governance Services India Limited,Network for Information & Computer,3615,1863
CSC e-Governance Services India Limited,Promind Solutions P Limited,3422,1612
CSC e-Governance Services India Limited,Radiant Haroti Industries India Ltd,7866,3438
CSC e-Governance Services India Limited,Raj Construction Co.,1286,291
CSC e-Governance Services India Limited,Reliance Communication Limited,0,2
CSC e-Governance Services India Limited,SPANCO,2706,500
CSC e-Governance Services India Limited,SRR Infotech,1497,1008
CSC e-Governance Services India Limited,Sahaj e-Village Limited,16365,3367
CSC e-Governance Services India Limited,Sri Ramraja Sarkar Lok Kalyan Trust,4,183
CSC e-Governance Services India Limited,Super Printers,766,207
CSC e-Governance Services India Limited,Tera Software Ltd,16788,2433
CSC e-Governance Services India Limited,Twinstar Industries Ltd.,52,2
CSC e-Governance Services India Limited,United Telecoms e-Services Pvt Ltd,4607,2024
CSC e-Governance Services India Limited,VIKALP MULTIMEDIA,736,648
CSC e-Governance Services India Limited,VISION COMPTECH INTEGRATOR LTD,4525,524
CSC e-Governance Services India Limited,Vakrangee Softwares Limited,4,3
CSC e-Governance Services India Limited,Vayam technologies Ltd,5882,3374
CSC e-Governance Services India Limited,Vedavaag Systems Limited,13334,1618
CSC e-Governance Services India Limited,Yash Ornaments Pvt. Ltd,1482,273
CSC e-Governance Services India Limited,Zephyr System Pvt.Ltd.,9312,3673
Canara Bank,FINANCIAL INFORMATION NETWORK,3950,3441
Canara Bank,Karvy Data Management Services,7557,2439
Canara Bank,Ojus Healthcare Private Limited,45,57
Canara Bank,Osiris Infotech Pvt. Ltd.,614,203
Canara Bank,Smart Chip Limited,2323,1887
Canara Bank,Virinchi Technologies Ltd,6013,855
Central Bank of India,CALANCE SOFTWARE PRIVATE LTD,5,3
Central Bank of India,IAP COMPANY Pvt. Ltd,2,2
Central Bank of India,IL&FS LTD,0,1
Central Bank of India,The Peerless General Finance,0,1
Civil Supplies - A&N Islands,India Computer Technology,676,229
DENA BANK,77 Infosystems Pvt Ltd,982,179
DENA BANK,A-Onerealtors Pvt Ltd,217,169
DENA BANK,APEX Services,2780,991
DENA BANK,AS International,298,236
DENA BANK,ATISHAY INFOTECH PVT. LTD.,782,996
DENA BANK,AVVAS INFOTECH PVT  LTD,432,1617
DENA BANK,Advent Infomax Private Ltd,132,59
DENA BANK,Amar Constructions,1965,496
DENA BANK,Apnatech Consultancy Services Pvt Ltd,211,57
DENA BANK,Asha Security Guard Services,3730,1072
DENA BANK,Asray Gram,172,70
DENA BANK,BNR UDYOG LIMITED,2145,55
DENA BANK,Binary Systems,758,458
DENA BANK,Bloom Solutions Pvt Ltd,435,127
DENA BANK,Blue Circle Instrument,310,177
DENA BANK,Business Information Processing Services,1078,398
DENA BANK,CALANCE SOFTWARE PRIVATE LTD,511,617
DENA BANK,DATASOFT COMPUTER SERVICES(P),249,497
DENA BANK,DEVASHISH SECURITIES PVT. LTD.,19,15
DENA BANK,Eagle Software India Pvt. Ltd,396,794
DENA BANK,Emdee Digitronics Pvt.Ltd.,7,0
DENA BANK,FINANCIAL INFORMATION NETWORK,1049,795
DENA BANK,Gem Computers,1442,341
DENA BANK,Gujarat Infotech Ltd.,2070,273
DENA BANK,HyperSoft Technologies Ltd,158,41
DENA BANK,IAP COMPANY Pvt. Ltd,3825,1064
DENA BANK,India Computer Technology,166,237
DENA BANK,JNET Technologies Pvt.Ltd,75,99
DENA BANK,K W Consulting P Ltd,984,324
DENA BANK,Lankipalli Integrated Services Private Limited,123,2
DENA BANK,M/S STAR DATA CENTRE,706,277
DENA BANK,M/s Gold Square Builders & Promoters Pvt. Ltd.,1366,294
DENA BANK,M2C Private Solution,1,23
DENA BANK,MARS Telecom Systems Pvt Ltd,1828,932
DENA BANK,MEGHA VINCOM PVT LTD,5122,1710
DENA BANK,MKS Enterprises,293,169
DENA BANK,Make India Smart Private Limited,2097,823
DENA BANK,Multiwave Innovation,715,882
DENA BANK,NVR & ASSOCIATES LIMITED,3031,1663
DENA BANK,Narayana Electricals Solution Pvt Ltd,0,1
DENA BANK,Netlink software Pvt Ltd,4168,1259
DENA BANK,Nielsen  India  Private Limited,24509,5582
DENA BANK,Offshoot Agency Pvt. Ltd.,1105,671
DENA BANK,Om Softwares,3394,722
DENA BANK,Ortem Securities Limited,446,405
DENA BANK,Prodigy Systems and Services Private Limited,4,9
DENA BANK,Radiant Haroti Industries India Ltd,64,13
DENA BANK,Ricoh India Limited,1336,506
DENA BANK,SGS INDIA PVT LTD,1005,934
DENA BANK,Silver Touch Technologies Ltd,2350,967
DENA BANK,Sixth Dimension Project Solutions Ltd,135,128
DENA BANK,Soc for Advancement of Environ Science,519,204
DENA BANK,SoftAge Information Technology Limited,54,23
DENA BANK,Super Printers,863,1495
DENA BANK,Systematic & Advance Const P L,5,2
DENA BANK,TechSmart India Pvt Ltd,659,806
DENA BANK,Tera Software Ltd,431,80
DENA BANK,The NSIC ltd,36,137
DENA BANK,Transline Technologies P Ltd,182,109
DENA BANK,Utility Forms Pvt Ltd,502,348
DENA BANK,VAP INFOSOLUTIONS,2193,1462
DENA BANK,VISION COMPTECH INTEGRATOR LTD,10762,1051
DENA BANK,Vedavaag Systems Limited,3250,721
DENA BANK,Virinchi Technologies Ltd,3065,1737
DENA BANK,WEBEL,13928,1201
DENA BANK,Wipro Ltd,22673,9265
DENA BANK,Yash Ornaments Pvt. Ltd,126,441
DENA BANK,Zephyr System Pvt.Ltd.,6773,2296
Delhi - East DC,DATASOFT COMPUTER SERVICES(P),0,3
Delhi - North DC,CALANCE SOFTWARE PRIVATE LTD,0,1
Delhi - North DC,NVR & ASSOCIATES LIMITED,0,1
Delhi SW DC,VIRGO SOFTECH LIMITED,0,1
Delhi Urban Shelter Improvemen,STRATEGIC OUTSOURCING SERVICE,0,1
Delhi- South DC,eCentric solutions pvt ltd,0,1
Delhi- West DC,Matrix Processing House,0,2
Delhi- West DC,VIRGO SOFTECH LIMITED,0,2
Delhi-NW DC,Karvy Computershare Private Li,0,3
Department of Information Technology Govt of Jharkhand,Wipro Ltd,23,1
Dept of ITC Govt of Rajasthan,AKSH OPTIFIBRE LIMITED,3,5
Dept of ITC Govt of Rajasthan,ATISHAY INFOTECH PVT. LTD.,31,173
Dept of ITC Govt of Rajasthan,AVVAS INFOTECH PVT  LTD,0,12
Dept of ITC Govt of Rajasthan,Academy of Management Studies,7,43
Dept of ITC Govt of Rajasthan,Alankit Finsec Ltd,0,1
Dept of ITC Govt of Rajasthan,Binary Systems,8,41
Dept of ITC Govt of Rajasthan,Business Information Processing Services,107,66
Dept of ITC Govt of Rajasthan,CMS Computers Ltd,1079,222
Dept of ITC Govt of Rajasthan,COMTECH INSTITUTE OFTECHNOLOGY,52,240
Dept of ITC Govt of Rajasthan,DATASOFT COMPUTER SERVICES(P),66,284
Dept of ITC Govt of Rajasthan,FINANCIAL INFORMATION NETWORK,939,761
Dept of ITC Govt of Rajasthan,Gem Computers,2,4
Dept of ITC Govt of Rajasthan,Gujarat Infotech Ltd.,29,10
Dept of ITC Govt of Rajasthan,IAP COMPANY Pvt. Ltd,141,112
Dept of ITC Govt of Rajasthan,Karvy Data Management Services,730,217
Dept of ITC Govt of Rajasthan,M/s Sanish Choudhary,392,115
Dept of ITC Govt of Rajasthan,MEGHA VINCOM PVT LTD,384,284
Dept of ITC Govt of Rajasthan,Matrix Processing House,74,75
Dept of ITC Govt of Rajasthan,Multiwave Innovation,60,61
Dept of ITC Govt of Rajasthan,Osiris Infotech Pvt. Ltd.,215,41
Dept of ITC Govt of Rajasthan,Radiant Haroti Industries India Ltd,14,10
Dept of ITC Govt of Rajasthan,Radiant Info Systems Ltd,441,275
Dept of ITC Govt of Rajasthan,Rajcomp Info Services Ltd,419,24
Dept of ITC Govt of Rajasthan,Ricoh India Limited,243,187
Dept of ITC Govt of Rajasthan,SAR Technology,982,164
Dept of ITC Govt of Rajasthan,SREI INFRASTRUCTURE FINANCES L,6,32
Dept of ITC Govt of Rajasthan,TechSmart India Pvt Ltd,54,121
Dept of ITC Govt of Rajasthan,Transline Technologies P Ltd,268,738
Dept of ITC Govt of Rajasthan,UMC Technologies Pvt. Ltd,295,127
Dept of ITC Govt of Rajasthan,VFS Global Services Pvt. Ltd,0,6
Dept of ITC Govt of Rajasthan,VIRGO SOFTECH LIMITED,640,77
Dept of ITC Govt of Rajasthan,VISION COMPTECH INTEGRATOR LTD,8,1
Dept of ITC Govt of Rajasthan,Vakrangee Softwares Limited,2537,1080
Dept of ITC Govt of Rajasthan,Vayam technologies Ltd,49,19
FCR Govt of Haryana,4G INFORMATICS,215,79
FCR Govt of Haryana,Academy of Management Studies,789,340
FCR Govt of Haryana,District IT Society Ambala,47,12
FCR Govt of Haryana,District IT Society Bhiwani,283,17
FCR Govt of Haryana,District IT Society Faridabad,127,64
FCR Govt of Haryana,District IT Society Fatehabad,230,47
FCR Govt of Haryana,District IT Society Gurgaon,18,41
FCR Govt of Haryana,District IT Society Hisar,9,3
FCR Govt of Haryana,District IT Society Jhajjar,336,154
FCR Govt of Haryana,District IT Society Kaithal,239,124
FCR Govt of Haryana,District IT Society Karnal,63,16
FCR Govt of Haryana,District IT Society Kurukshetra,71,49
FCR Govt of Haryana,District IT Society Mahendragarh,135,190
FCR Govt of Haryana,District IT Society Mewat,189,94
FCR Govt of Haryana,District IT Society Palwal,225,366
FCR Govt of Haryana,District IT Society Panchkula,79,58
FCR Govt of Haryana,District IT Society Panipat,31,15
FCR Govt of Haryana,District IT Society Rewari,110,113
FCR Govt of Haryana,District IT Society Rohtak,179,175
FCR Govt of Haryana,District IT Society Sirsa,200,155
FCR Govt of Haryana,District IT Society Sonipat,85,41
FCR Govt of Haryana,District IT Society Yamuna Nagar,71,3
FCR Govt of Haryana,Radiant Info Systems Ltd,316,216
FCR Govt of Haryana,SoftAge Information Technology Limited,2251,873
FCR Govt of Haryana,Vayam technologies Ltd,182,245
FCS Govt of Punjab,CSS TECHNERGY LIMITED,0,1
FCS Govt of Punjab,District Sukhmani Society  Jalandhar  Punjab,8,24
FCS Govt of Punjab,District Sukhmani Society  Ludhiana  Punjab,45,81
FCS Govt of Punjab,District Sukhmani Society  Moga  Punjab,16,15
FCS Govt of Punjab,District Sukhmani Society Amritsar Punjab,116,39
FCS Govt of Punjab,District Sukhmani Society Barnala Punjab,82,16
FCS Govt of Punjab,District Sukhmani Society Bathinda Punjab,98,18
FCS Govt of Punjab,District Sukhmani Society Fatehgarh Sahib Punjab,112,4
FCS Govt of Punjab,District Sukhmani Society Fazilka Punjab,62,30
FCS Govt of Punjab,District Sukhmani Society Ferozepur Punjab,5,19
FCS Govt of Punjab,District Sukhmani Society For Citizen Services Mansa Punjab,38,21
FCS Govt of Punjab,District Sukhmani Society For Citizen Services Nawanshahr Punjab,22,45
FCS Govt of Punjab,District Sukhmani Society For Citizen Services SAS Nagar District e-Governance Society Punjab,7,12
FCS Govt of Punjab,District Sukhmani Society Pathankot Punjab,60,21
FCS Govt of Punjab,District Sukhmani Society Patiala Punjab,125,21
FCS Govt of Punjab,District Sukhmani Society Rupnagar Punjab,25,9
FCS Govt of Punjab,District Sukhmani Society Sangrur Punjab,49,35
FCS Govt of Punjab,District Sukhmani Society Sri Muktsar Sahib Punjab,61,21
FCS Govt of Punjab,District Sukhmani Society Tarn Taran Punjab,97,13
FCS Govt of Punjab,Karvy Computershare Private Li,232,214
FCS Govt of Punjab,Sukhmani Society For Citizen Services  Kapurthala  Punjab,8,12
FCS Govt of Punjab,Sukhmani Society For Citizen Services Gurdaspur Punjab,15,15
FCS Govt of Punjab,Sukhmani Society For Citizens Services Faridkot Punjab,44,11
FCS Govt of Punjab,Suwidha Society Hoshiarpur Punjab,136,23
FCS Govt of Punjab,Vayam technologies Ltd,392,213
FCS Govt of Punjab,eCentric solutions pvt ltd,83,49
Govt of Andhra Pradesh,Gouthami Educational Society,4,9
Govt of Andhra Pradesh,GrapeSoft,6,7
Govt of Andhra Pradesh,IL&FS LTD,0,1
Govt of Andhra Pradesh,INFRONICS SYSTEMS LTD,2,24
Govt of Andhra Pradesh,SREEVEN INFOCOM LIMITED,3,3
Govt of Andhra Pradesh,TechSmart India Pvt Ltd,1,5
Govt of Andhra Pradesh,Tera Software Ltd,1,8
Govt of Gujarat,GSS Infotech Ltd,33,47
Govt of Gujarat,Karvy Computershare Private Li,2102,427
Govt of Gujarat,Silver Touch Technologies Ltd,2903,282
Govt of Gujarat,Tera Software Ltd,2819,187
Govt of Gujarat,Transline Technologies P Ltd,34,23
Govt of Gujarat,Vayam technologies Ltd,137,44
Govt of Gujarat,eCentric solutions pvt ltd,128,25
Govt of Himachal Pradesh,i-Grandee SoftwareTechnologies,35,25
Govt of Karnataka ,BNR UDYOG LIMITED,0,5
Govt of Karnataka ,Bloom Solutions Pvt Ltd,0,1
Govt of Karnataka ,Centre for e-Governance  GOK,14,13
Govt of Karnataka ,EDCS GOK,492,259
Govt of Karnataka ,MARS Telecom Systems Pvt Ltd,1,9
Govt of Karnataka ,Om Softwares,0,1
Govt of Karnataka ,Origin ITFS Pvt Ltd,1,6
Govt of Karnataka ,SREEVEN INFOCOM LIMITED,0,7
Govt of Kerala,Akshaya,7096,556
Govt of Kerala,Keltron,1,16
Govt of Maharashtra,Alankit Finsec Ltd,0,4
Govt of Maharashtra,Eagle press pvt ltd,0,2
Govt of Maharashtra,GLODYNE TECHNOSERVE,0,1
Govt of Maharashtra,Karvy Computershare Private Li,0,4
Govt of Maharashtra,M/S King Computer System pvt Ltd,179,44
Govt of Maharashtra,M/s. Vidya Online  Pune,207,9
Govt of Maharashtra,Rudranee Infotech Ltd,1,8
Govt of Maharashtra,SETU MAHARASHTRA,274,146
Govt of Maharashtra,SHREERAM PRINTING PRESS,249,33
Govt of Maharashtra,SILVER JUBILEE MOTORS LTD.,66,30
Govt of Maharashtra,SPANCO,0,2
Govt of Maharashtra,STRATEGIC OUTSOURCING SERVICE,2,1
Govt of Maharashtra,Transline Technologies P Ltd,0,4
Govt of Maharashtra,Vidarbha Infotech Pvt Ltd,3,8
Govt of Maharashtra,Wipro Ltd,0,2
Govt of Sikkim - Dept of Econo,4G IDENTITY SOLUTIONS,4,23
Govt of Sikkim - Dept of Econo,Department of Economics Statistics  Monitoring and Evaluation DESME,26,26
IDBI Bank ltd,ATISHAY INFOTECH PVT. LTD.,175,153
IDBI Bank ltd,Matrix Processing House,860,133
IDBI Bank ltd,SREEVEN INFOCOM LIMITED,872,256
IDBI Bank ltd,UTI TECHNOLOGY SERVICES LIMITE,0,1
Indiapost,Delhi Integrated MMTS Ltd,0,4
Indiapost,GLODYNE TECHNOSERVE,0,1
Indiapost,Global Finsol Private Limited,0,4
Indiapost,Vayam technologies Ltd,0,1
Indiapost,WEBEL,0,1
Information Technology & Communication Department,4G INFORMATICS,2,1
Information Technology & Communication Department,BNR UDYOG LIMITED,0,1
Information Technology & Communication Department,Bloom Solutions Pvt Ltd,1,3
Information Technology & Communication Department,CSS TECHNERGY LIMITED,0,2
Information Technology & Communication Department,Directorate of ESD,3617,2161
Information Technology & Communication Department,MARS Telecom Systems Pvt Ltd,0,2
Information Technology & Communication Department,SREEVEN INFOCOM LIMITED,0,5
Information Technology & Communication Department,Tera Software Ltd,0,2
Jharkhand,MKS Enterprises,0,1
Jharkhand,Nevaeh Technology Pvt. Ltd.,0,1
Jharkhand,VISION COMPTECH INTEGRATOR LTD,0,1
Jharkhand,Wipro Ltd,2,5
Mission Convergence - GNCT Del,STRATEGIC OUTSOURCING SERVICE,0,1
NSDL e-Governance Infrastructure Limited,ATISHAY INFOTECH PVT. LTD.,30,78
NSDL e-Governance Infrastructure Limited,Abhipra Capital Ltd,442,278
NSDL e-Governance Infrastructure Limited,Alankit Assignments Limited,2,10
NSDL e-Governance Infrastructure Limited,Alankit Finsec Ltd,772,1110
NSDL e-Governance Infrastructure Limited,Amar Constructions,623,293
NSDL e-Governance Infrastructure Limited,COMTECHINFO SOLUTIONS PVT.LTD,3,2
NSDL e-Governance Infrastructure Limited,Gujarat Infotech Ltd.,8021,2954
NSDL e-Governance Infrastructure Limited,Gundal Infotech Private Limited,0,1
NSDL e-Governance Infrastructure Limited,IAP COMPANY Pvt. Ltd,19,33
NSDL e-Governance Infrastructure Limited,Karvy Consultants Limited,26,55
NSDL e-Governance Infrastructure Limited,Karvy Data Management Services,60910,10713
NSDL e-Governance Infrastructure Limited,N.K. Sharma Enterprises Ltd.,257,266
NSDL e-Governance Infrastructure Limited,Netlink software Pvt Ltd,1862,1271
NSDL e-Governance Infrastructure Limited,Offshoot Agency Pvt. Ltd.,2396,1724
NSDL e-Governance Infrastructure Limited,Ojus G Enterprises,196,739
NSDL e-Governance Infrastructure Limited,PROWIZ MANSYTEMS PVT LTD,0,2
NSDL e-Governance Infrastructure Limited,Promind Solutions P Limited,3384,1681
NSDL e-Governance Infrastructure Limited,RELIGARE SECURITIES LTD,1580,526
NSDL e-Governance Infrastructure Limited,Radiant Haroti Industries India Ltd,22,3
NSDL e-Governance Infrastructure Limited,Ricoh India Limited,4519,2430
NSDL e-Governance Infrastructure Limited,S.J. Technologies,97,14
NSDL e-Governance Infrastructure Limited,SNR Edatas Pvt Ltd,210,40
NSDL e-Governance Infrastructure Limited,Sri Ramraja Sarkar Lok Kalyan Trust,2350,1108
NSDL e-Governance Infrastructure Limited,Utility Forms Pvt Ltd,2100,1032
NSDL e-Governance Infrastructure Limited,VIRGO SOFTECH LIMITED,9133,2321
Oriental Bank of Commerce,DATASOFT COMPUTER SERVICES(P),0,3
Oriental Bank of Commerce,Redim Software Technologies Pvt Ltd,0,1
Oriental Bank of Commerce,Sri Ramraja Sarkar Lok Kalyan Trust,0,2
Oriental Bank of Commerce,Wipro Ltd,0,1
Principal Revenue Commissioner  Dept of Revenue  Govt of MP,Frontech Systems Pvt Ltd,0,1
Principal Revenue Commissioner  Dept of Revenue  Govt of MP,K W Consulting P Ltd,0,8
Principal Revenue Commissioner  Dept of Revenue  Govt of MP,OSWAL COMPUTERS & CONSULTANTS,0,2
Principal Revenue Commissioner  Dept of Revenue  Govt of MP,Tera Software Ltd,1,0
Principal Revenue Commissioner  Dept of Revenue  Govt of MP,Vedavaag Systems Limited,0,1
Project Coordinator UID Project Madhya Pradesh,A I Soc for Electronics and Comp Tech,8517,953
Project Coordinator UID Project Madhya Pradesh,DATASOFT COMPUTER SERVICES(P),158,263
Project Coordinator UID Project Madhya Pradesh,LYRA  CONSULTANCY SERVICE,2674,1081
Project Coordinator UID Project Madhya Pradesh,MPOnline Limited,1482,533
Project Coordinator UID Project Madhya Pradesh,Matrix Processing House,671,200
Project Coordinator UID Project Madhya Pradesh,OSWAL COMPUTERS & CONSULTANTS,4812,2003
Project Coordinator UID Project Madhya Pradesh,Orion Security Solutions Private Ltd,1643,380
Project Coordinator UID Project Madhya Pradesh,Sixth Dimension Project Solutions Ltd,1101,225
Punjab National Bank,Alankit Finsec Ltd,474,872
Punjab National Bank,Eagle Software India Pvt. Ltd,711,1554
Punjab National Bank,MARS Telecom Systems Pvt Ltd,8,12
Punjab National Bank,Smart Chip Limited,2758,1535
Punjab National Bank,Vayam technologies Ltd,2928,1141
Punjab and Sind Bank,Matrix Processing House,1953,525
RDD Govt of Tripura,Alankit Assignments Limited,136,18
Registrar General India - BEL,Manipur Electronics Dev Corp,1509,162
Registrar General India BEL2,Bharat Electronics Limited,2,3
Registrar General India BEL2,Chinar Construction Company Prime agency,2,30
Registrar General India BEL2,Computer LAB,0,29
Registrar General India BEL2,Emdee Digitronics Pvt.Ltd.,0,2
Registrar General India BEL2,In Media Computer Services LLP,234,138
Registrar General India BEL2,India Computer Technology,0,7
Registrar General India BEL2,Karvy Data Management Services,383,344
Registrar General India BEL2,MACRO INFOTECH PVT LTD,126,260
Registrar General India BEL2,MKS Enterprises,1,5
Registrar General India BEL2,Madras Security Printers Ltd,354,231
Registrar General India BEL2,Manipur Electronics Dev Corp,804,114
Registrar General India BEL2,Multiwave Innovation,46,57
Registrar General India BEL2,Netlink software Pvt Ltd,678,9
Registrar General India BEL2,Nielsen  India  Private Limited,0,2
Registrar General India BEL2,Om Softwares,0,9
Registrar General India BEL2,SNR Edatas Pvt Ltd,13146,2765
Registrar General India BEL2,SREI INFRASTRUCTURE FINANCES L,588,42
Registrar General India BEL2,Swathy Smartcards Hi-Tech Pvt,1,15
Registrar General India BEL2,Swiss Tech India Pvt Ltd,0,3
Registrar General India BEL2,Tera Software Ltd,29,124
Registrar General India BEL2,UNITED DATA SERVICES PRIVATE LIMITED,709,119
Registrar General India BEL2,Urmila Info solution,0,1
Registrar General India BEL2,VIRGO SOFTECH LIMITED,0,2
Registrar General India BEL2,Vansh Infotech Pvt Ltd,0,2
Registrar General India BEL2,Vayam technologies Ltd,0,1
Registrar General India BEL2,Vedavaag Systems Limited,3,38
Registrar General India BEL2,Viesa Technologies,4170,443
Registrar General India ECIL,AVVAS INFOTECH PVT  LTD,19,5
Registrar General India ECIL,COMTECH INSTITUTE OFTECHNOLOGY,0,2
Registrar General India ECIL,COMTECHINFO SOLUTIONS PVT.LTD,222,733
Registrar General India ECIL,Chinar Construction Company Prime agency,2169,332
Registrar General India ECIL,Clairvoyance Technologies Pvt.,373,0
Registrar General India ECIL,Computer LAB,1302,919
Registrar General India ECIL,ECIL,2,1
Registrar General India ECIL,Eagle Software India Pvt. Ltd,5645,938
Registrar General India ECIL,Emdee Digitronics Pvt.Ltd.,554,192
Registrar General India ECIL,Esoft Consulting Limited,1,2
Registrar General India ECIL,Gundal Infotech Private Limited,0,3
Registrar General India ECIL,In Media Computer Services LLP,28599,663
Registrar General India ECIL,India Computer Technology,512,424
Registrar General India ECIL,Integrated Systems & Services,972,6
Registrar General India ECIL,Karvy Data Management Services,105,27
Registrar General India ECIL,Krishna Infotech,0,3
Registrar General India ECIL,LYRA  CONSULTANCY SERVICE,60,6
Registrar General India ECIL,Madras Security Printers Ltd,6510,621
Registrar General India ECIL,Mphasis Ltd,0,2
Registrar General India ECIL,Nielsen  India  Private Limited,0,4
Registrar General India ECIL,Pioneer E Labs limited,0,2
Registrar General India ECIL,SARADA SYSTEMS,2225,1391
Registrar General India ECIL,SWISSTECH NPR 57CR PROJECT PVT,48,70
Registrar General India ECIL,Tera Software Ltd,0,4
Registrar General India ECIL,The NSIC ltd,2524,169
Registrar General India ECIL,Vedavaag Systems Limited,32,29
Registrar General India ECIL,WEBEL TECHNOLOGY LIMITED,28,51
Registrar General India Others,COMTECH INSTITUTE OFTECHNOLOGY,0,2
Registrar General India Others,SARADA SYSTEMS,0,1
Registrar General India Others,Swathy Smartcards Hi-Tech Pvt,0,1
Registrar General India Others,Vedavaag Systems Limited,1,0
Registrar General India Others,Webx Technologies Private Limited,0,1
Registrar General of India ITI,Eagle Software India Pvt. Ltd,25,4
Registrar General of India ITI,Emdee Digitronics Pvt.Ltd.,5327,554
Registrar General of India ITI,FINANCIAL INFORMATION NETWORK,0,2
Registrar General of India ITI,In Media Computer Services LLP,34,25
Registrar General of India ITI,Karvy Data Management Services,92,33
Registrar General of India ITI,MKS Enterprises,0,1
Registrar General of India ITI,Madras Security Printers Ltd,1208,124
Registrar General of India ITI,Mphasis Ltd,0,1
Registrar General of India ITI,Netlink software Pvt Ltd,1260,190
Registrar General of India ITI,Nevaeh Technology Pvt. Ltd.,7,6
Registrar General of India ITI,Nielsen  India  Private Limited,2,3
Registrar General of India ITI,Quick Data IT Services Pvt Ltd,68,13
Registrar General of India ITI,SNR Edatas Pvt Ltd,26,208
Registrar General of India ITI,STRATEGIC OUTSOURCING SERVICE,0,1
Registrar General of India ITI,Swathy Smartcards Hi-Tech Pvt,4,54
Registrar General of India ITI,TechSmart India Pvt Ltd,0,12
Registrar General of India ITI,VIRGO SOFTECH LIMITED,948,149
Registrar General of India ITI,Vedavaag Systems Limited,0,2
Registrar General of India ITI,WEBEL TECHNOLOGY LIMITED,7760,310
Registrar General of India ITI,Webx Technologies Private Limited,782,68
Rural Development Dept  Govt. of Bihar,Bloom Solutions Pvt Ltd,4994,1193
Rural Development Dept  Govt. of Bihar,Computer LAB,282,468
Rural Development Dept  Govt. of Bihar,Emdee Digitronics Pvt.Ltd.,161,235
Rural Development Dept  Govt. of Bihar,FINANCIAL INFORMATION NETWORK,3382,1616
Rural Development Dept  Govt. of Bihar,M2C Private Solution,2016,246
Rural Development Dept  Govt. of Bihar,MKS Enterprises,1511,71
Rural Development Dept  Govt. of Bihar,Orion Security Solutions Private Ltd,317,60
Rural Development Dept  Govt. of Bihar,Urmila Info solution,2979,772
State Bank of India,4G IDENTITY SOLUTIONS,0,4
State Bank of India,FINANCIAL INFORMATION NETWORK,3515,541
State Bank of India,IL&FS LTD,0,3
State Bank of India,Silver Touch Technologies Ltd,12,6
State Bank of India,Smart Chip Limited,1122,55
State Bank of India,Utility Forms Pvt Ltd,4235,687
State Bank of Travancore,Tera Software Ltd,0,2
UIDAI-Registrar,UIDAI-EA,11,1
UTI Infrastructure Technology & Services Limited,Houston Technologies Limited,2,0
UTI Infrastructure Technology & Services Limited,Omnitech Infosolutions Ltd,1987,120
Union Bank,FINANCIAL INFORMATION NETWORK,10964,5493
Union Bank,Smart Chip Limited,493,312
Union Bank,Vakrangee Softwares Limited,35727,7576
