Registrar,Enrolment Agency,Aadhaar generated,Enrolment Rejected
Allahabad Bank,A-Onerealtors Pvt Ltd,2377,62
Allahabad Bank,Agro Tech Engineers,17,1
Allahabad Bank,Asha Security Guard Services,3541,141
Allahabad Bank,Emdee Digitronics Pvt.Ltd.,1790,34
Allahabad Bank,MEGHA VINCOM PVT LTD,1509,56
Allahabad Bank,Nevaeh Technology Pvt. Ltd.,8676,145
Allahabad Bank,Ortem Securities Limited,17,0
Allahabad Bank,PROTEX COMPUTER PVT LTD,363,0
Allahabad Bank,Redim Software Technologies Pvt Ltd,325,5
Allahabad Bank,SGS INDIA PVT LTD,3285,124
Allahabad Bank,Sri Ramraja Sarkar Lok Kalyan Trust,14,2
Allahabad Bank,VAP INFOSOLUTIONS,404,180
Allahabad Bank,Vakrangee Softwares Limited,14,0
Allahabad Bank,Vedavaag Systems Limited,1216,384
Atalji Janasnehi Directorate  Government of Karnataka,Atalji Janasnehi Directorate  GOK,3510,106
Bank Of India,A3 Logics  India  Ltd,84,7
Bank Of India,CHESSY CONSULTANTS PVT LTD,4,0
Bank Of India,DATASOFT COMPUTER SERVICES(P),248,37
Bank Of India,Frontech Systems Pvt Ltd,129,2
Bank Of India,OSWAL COMPUTERS & CONSULTANTS,864,10
Bank Of India,PROTEX COMPUTER PVT LTD,4486,9
Bank Of India,SARADA SYSTEMS,7121,34
Bank Of India,SHRIKRISHNA KHANDASARI SUGAR M,18,0
Bank Of India,SREI INFRASTRUCTURE FINANCES L,36798,651
Bank Of India,VEETECHNOLOGIES PVT. LTD,3184,64
Bank of Baroda,Global Finsol Private Limited,96,0
Bank of Maharashtra,Tera Software Ltd,1129,18
CSC e-Governance Services India Limited,A I Soc for Electronics and Comp Tech,4078,579
CSC e-Governance Services India Limited,AKSH OPTIFIBRE LIMITED,4622,687
CSC e-Governance Services India Limited,BASIX,3330,443
CSC e-Governance Services India Limited,Binary Systems,221,20
CSC e-Governance Services India Limited,Bloom Solutions Pvt Ltd,3442,54
CSC e-Governance Services India Limited,CALANCE SOFTWARE PRIVATE LTD,422,17
CSC e-Governance Services India Limited,CHIPS,4665,288
CSC e-Governance Services India Limited,CMS Computers Ltd,10760,1919
CSC e-Governance Services India Limited,CSC e-Governance Services India Limited,4079,353
CSC e-Governance Services India Limited,Computer Print,105,2
CSC e-Governance Services India Limited,Conatus Infocom Pvt. Ltd,411,31
CSC e-Governance Services India Limited,DATASOFT COMPUTER SERVICES(P),1378,101
CSC e-Governance Services India Limited,Gem Computers,395,5
CSC e-Governance Services India Limited,Home Life Buildcon Pvt Ltd,2202,104
CSC e-Governance Services India Limited,HyperSoft Technologies Ltd,346,12
CSC e-Governance Services India Limited,IAP COMPANY Pvt. Ltd,10638,421
CSC e-Governance Services India Limited,Janta Silikon Consortium,1861,125
CSC e-Governance Services India Limited,Jeevan Deep Charitable Society,828,38
CSC e-Governance Services India Limited,K W Consulting P Ltd,1507,31
CSC e-Governance Services India Limited,MANTRA SOFTTECH (INDIA) PVTLTD,1343,4
CSC e-Governance Services India Limited,MEGHA VINCOM PVT LTD,671,69
CSC e-Governance Services India Limited,Mahamritunjay Traders,815,105
CSC e-Governance Services India Limited,Mahaonline Limited,1517,298
CSC e-Governance Services India Limited,NPS Technologies Pvt. Ltd,5421,2283
CSC e-Governance Services India Limited,NVR & ASSOCIATES LIMITED,2397,56
CSC e-Governance Services India Limited,National Cooperative Consumers Federation of India Limited,416,26
CSC e-Governance Services India Limited,Nekton IT India Pvt Ltd.,2514,189
CSC e-Governance Services India Limited,Network for Information & Computer,2016,33
CSC e-Governance Services India Limited,Promind Solutions P Limited,5604,94
CSC e-Governance Services India Limited,Radiant Haroti Industries India Ltd,6092,209
CSC e-Governance Services India Limited,Raj Construction Co.,2074,265
CSC e-Governance Services India Limited,SPANCO,1064,71
CSC e-Governance Services India Limited,SRR Infotech,2187,117
CSC e-Governance Services India Limited,Sahaj e-Village Limited,7148,588
CSC e-Governance Services India Limited,Sri Ramraja Sarkar Lok Kalyan Trust,128,0
CSC e-Governance Services India Limited,Super Printers,481,29
CSC e-Governance Services India Limited,Tera Software Ltd,55437,916
CSC e-Governance Services India Limited,Twinstar Industries Ltd.,27,2
CSC e-Governance Services India Limited,United Telecoms e-Services Pvt Ltd,3049,132
CSC e-Governance Services India Limited,VIKALP MULTIMEDIA,303,33
CSC e-Governance Services India Limited,VISION COMPTECH INTEGRATOR LTD,5247,365
CSC e-Governance Services India Limited,Vakrangee Softwares Limited,31,0
CSC e-Governance Services India Limited,Vayam technologies Ltd,4265,314
CSC e-Governance Services India Limited,Vedavaag Systems Limited,1751,413
CSC e-Governance Services India Limited,Yash Ornaments Pvt. Ltd,636,31
CSC e-Governance Services India Limited,Zephyr System Pvt.Ltd.,11860,447
Canara Bank,FINANCIAL INFORMATION NETWORK,3602,255
Canara Bank,Karvy Data Management Services,8580,603
Canara Bank,Ojus Healthcare Private Limited,47,0
Canara Bank,Osiris Infotech Pvt. Ltd.,633,16
Canara Bank,Smart Chip Limited,16759,126
Canara Bank,Virinchi Technologies Ltd,3453,216
Civil Supplies - A&N Islands,India Computer Technology,1335,47
DENA BANK,77 Infosystems Pvt Ltd,522,25
DENA BANK,A-Onerealtors Pvt Ltd,419,12
DENA BANK,APEX Services,1154,17
DENA BANK,AS International,478,18
DENA BANK,ATISHAY INFOTECH PVT. LTD.,572,63
DENA BANK,AVVAS INFOTECH PVT  LTD,486,216
DENA BANK,Advent Infomax Private Ltd,501,11
DENA BANK,Amar Constructions,1184,115
DENA BANK,Apnatech Consultancy Services Pvt Ltd,38,35
DENA BANK,Asha Security Guard Services,2097,135
DENA BANK,Asray Gram,540,3
DENA BANK,BNR UDYOG LIMITED,13,0
DENA BANK,Binary Systems,565,39
DENA BANK,Bloom Solutions Pvt Ltd,154,12
DENA BANK,Blue Circle Instrument,97,12
DENA BANK,Business Information Processing Services,400,10
DENA BANK,CALANCE SOFTWARE PRIVATE LTD,1387,38
DENA BANK,DATASOFT COMPUTER SERVICES(P),401,75
DENA BANK,DEVASHISH SECURITIES PVT. LTD.,1,0
DENA BANK,Eagle Software India Pvt. Ltd,409,58
DENA BANK,FINANCIAL INFORMATION NETWORK,464,106
DENA BANK,Gem Computers,440,22
DENA BANK,Gujarat Infotech Ltd.,769,5
DENA BANK,HyperSoft Technologies Ltd,11,3
DENA BANK,IAP COMPANY Pvt. Ltd,1515,48
DENA BANK,India Computer Technology,501,3
DENA BANK,JNET Technologies Pvt.Ltd,145,4
DENA BANK,K W Consulting P Ltd,705,19
DENA BANK,M/S STAR DATA CENTRE,986,20
DENA BANK,M/s Gold Square Builders & Promoters Pvt. Ltd.,1298,93
DENA BANK,M2C Private Solution,4,0
DENA BANK,MARS Telecom Systems Pvt Ltd,3322,483
DENA BANK,MEGHA VINCOM PVT LTD,6205,216
DENA BANK,MKS Enterprises,1419,3
DENA BANK,Make India Smart Private Limited,1744,276
DENA BANK,Multiwave Innovation,8256,92
DENA BANK,NVR & ASSOCIATES LIMITED,3738,164
DENA BANK,Netlink software Pvt Ltd,2382,277
DENA BANK,Nielsen  India  Private Limited,4479,354
DENA BANK,Offshoot Agency Pvt. Ltd.,1975,39
DENA BANK,Om Softwares,875,85
DENA BANK,Ortem Securities Limited,307,8
DENA BANK,Ricoh India Limited,738,196
DENA BANK,SGS INDIA PVT LTD,3021,75
DENA BANK,Silver Touch Technologies Ltd,2432,60
DENA BANK,Sixth Dimension Project Solutions Ltd,766,3
DENA BANK,Soc for Advancement of Environ Science,45,22
DENA BANK,SoftAge Information Technology Limited,142,9
DENA BANK,Super Printers,3711,134
DENA BANK,TechSmart India Pvt Ltd,222,81
DENA BANK,Tera Software Ltd,1183,9
DENA BANK,The NSIC ltd,1547,10
DENA BANK,Transline Technologies P Ltd,94,0
DENA BANK,Utility Forms Pvt Ltd,590,28
DENA BANK,VAP INFOSOLUTIONS,1986,94
DENA BANK,VISION COMPTECH INTEGRATOR LTD,13653,966
DENA BANK,Vedavaag Systems Limited,1836,150
DENA BANK,Virinchi Technologies Ltd,8022,405
DENA BANK,WEBEL,14896,2150
DENA BANK,Wipro Ltd,37876,4864
DENA BANK,Yash Ornaments Pvt. Ltd,1204,37
DENA BANK,Zephyr System Pvt.Ltd.,3958,307
Dept of ITC Govt of Rajasthan,AKSH OPTIFIBRE LIMITED,5,0
Dept of ITC Govt of Rajasthan,ATISHAY INFOTECH PVT. LTD.,118,17
Dept of ITC Govt of Rajasthan,AVVAS INFOTECH PVT  LTD,17,24
Dept of ITC Govt of Rajasthan,Academy of Management Studies,1,0
Dept of ITC Govt of Rajasthan,Binary Systems,34,1
Dept of ITC Govt of Rajasthan,Business Information Processing Services,105,0
Dept of ITC Govt of Rajasthan,CMS Computers Ltd,283,63
Dept of ITC Govt of Rajasthan,COMTECH INSTITUTE OFTECHNOLOGY,69,35
Dept of ITC Govt of Rajasthan,DATASOFT COMPUTER SERVICES(P),152,14
Dept of ITC Govt of Rajasthan,FINANCIAL INFORMATION NETWORK,1419,44
Dept of ITC Govt of Rajasthan,Gujarat Infotech Ltd.,7,8
Dept of ITC Govt of Rajasthan,IAP COMPANY Pvt. Ltd,191,5
Dept of ITC Govt of Rajasthan,Karvy Data Management Services,205,44
Dept of ITC Govt of Rajasthan,M/s Sanish Choudhary,208,18
Dept of ITC Govt of Rajasthan,MEGHA VINCOM PVT LTD,284,18
Dept of ITC Govt of Rajasthan,Matrix Processing House,507,15
Dept of ITC Govt of Rajasthan,Multiwave Innovation,261,0
Dept of ITC Govt of Rajasthan,Osiris Infotech Pvt. Ltd.,7,1
Dept of ITC Govt of Rajasthan,Radiant Info Systems Ltd,393,30
Dept of ITC Govt of Rajasthan,Rajcomp Info Services Ltd,201,11
Dept of ITC Govt of Rajasthan,Ricoh India Limited,428,88
Dept of ITC Govt of Rajasthan,SAR Technology,104,12
Dept of ITC Govt of Rajasthan,SREI INFRASTRUCTURE FINANCES L,17,0
Dept of ITC Govt of Rajasthan,TechSmart India Pvt Ltd,68,9
Dept of ITC Govt of Rajasthan,Transline Technologies P Ltd,315,100
Dept of ITC Govt of Rajasthan,UMC Technologies Pvt. Ltd,110,3
Dept of ITC Govt of Rajasthan,VIRGO SOFTECH LIMITED,187,1
Dept of ITC Govt of Rajasthan,Vakrangee Softwares Limited,6848,250
Dept of ITC Govt of Rajasthan,Vayam technologies Ltd,1,0
FCR Govt of Haryana,4G INFORMATICS,356,4
FCR Govt of Haryana,Academy of Management Studies,684,31
FCR Govt of Haryana,District IT Society Ambala,112,22
FCR Govt of Haryana,District IT Society Bhiwani,70,2
FCR Govt of Haryana,District IT Society Faridabad,222,14
FCR Govt of Haryana,District IT Society Fatehabad,85,12
FCR Govt of Haryana,District IT Society Gurgaon,81,12
FCR Govt of Haryana,District IT Society Jhajjar,320,26
FCR Govt of Haryana,District IT Society Kaithal,117,6
FCR Govt of Haryana,District IT Society Karnal,28,16
FCR Govt of Haryana,District IT Society Kurukshetra,231,16
FCR Govt of Haryana,District IT Society Mahendragarh,928,171
FCR Govt of Haryana,District IT Society Mewat,177,15
FCR Govt of Haryana,District IT Society Palwal,447,160
FCR Govt of Haryana,District IT Society Panchkula,114,13
FCR Govt of Haryana,District IT Society Panipat,17,3
FCR Govt of Haryana,District IT Society Rewari,324,13
FCR Govt of Haryana,District IT Society Rohtak,645,30
FCR Govt of Haryana,District IT Society Sirsa,255,26
FCR Govt of Haryana,District IT Society Sonipat,56,27
FCR Govt of Haryana,District IT Society Yamuna Nagar,0,1
FCR Govt of Haryana,Radiant Info Systems Ltd,488,24
FCR Govt of Haryana,SoftAge Information Technology Limited,2014,65
FCR Govt of Haryana,Vayam technologies Ltd,142,13
FCS Govt of Punjab,District Sukhmani Society  Jalandhar  Punjab,15,5
FCS Govt of Punjab,District Sukhmani Society  Ludhiana  Punjab,226,15
FCS Govt of Punjab,District Sukhmani Society  Moga  Punjab,37,0
FCS Govt of Punjab,District Sukhmani Society Amritsar Punjab,129,7
FCS Govt of Punjab,District Sukhmani Society Barnala Punjab,37,8
FCS Govt of Punjab,District Sukhmani Society Bathinda Punjab,122,8
FCS Govt of Punjab,District Sukhmani Society Fatehgarh Sahib Punjab,88,4
FCS Govt of Punjab,District Sukhmani Society Fazilka Punjab,38,2
FCS Govt of Punjab,District Sukhmani Society Ferozepur Punjab,27,1
FCS Govt of Punjab,District Sukhmani Society For Citizen Services Mansa Punjab,28,4
FCS Govt of Punjab,District Sukhmani Society For Citizen Services Nawanshahr Punjab,88,6
FCS Govt of Punjab,District Sukhmani Society For Citizen Services SAS Nagar District e-Governance Society Punjab,82,1
FCS Govt of Punjab,District Sukhmani Society Pathankot Punjab,42,3
FCS Govt of Punjab,District Sukhmani Society Patiala Punjab,13,8
FCS Govt of Punjab,District Sukhmani Society Rupnagar Punjab,149,14
FCS Govt of Punjab,District Sukhmani Society Sangrur Punjab,97,18
FCS Govt of Punjab,District Sukhmani Society Sri Muktsar Sahib Punjab,88,8
FCS Govt of Punjab,District Sukhmani Society Tarn Taran Punjab,40,1
FCS Govt of Punjab,Karvy Computershare Private Li,466,52
FCS Govt of Punjab,Sukhmani Society For Citizen Services  Kapurthala  Punjab,63,6
FCS Govt of Punjab,Sukhmani Society For Citizen Services Gurdaspur Punjab,8,1
FCS Govt of Punjab,Sukhmani Society For Citizens Services Faridkot Punjab,24,4
FCS Govt of Punjab,Suwidha Society Hoshiarpur Punjab,34,1
FCS Govt of Punjab,Vayam technologies Ltd,116,5
FCS Govt of Punjab,eCentric solutions pvt ltd,227,24
Govt of Gujarat,GSS Infotech Ltd,82,0
Govt of Gujarat,Karvy Computershare Private Li,1505,77
Govt of Gujarat,Silver Touch Technologies Ltd,1878,34
Govt of Gujarat,Tera Software Ltd,1251,1
Govt of Gujarat,Transline Technologies P Ltd,176,7
Govt of Gujarat,Vayam technologies Ltd,71,0
Govt of Gujarat,eCentric solutions pvt ltd,121,1
Govt of Himachal Pradesh,i-Grandee SoftwareTechnologies,77,1
Govt of Karnataka ,Centre for e-Governance  GOK,59,1
Govt of Karnataka ,EDCS GOK,2218,92
Govt of Kerala,Akshaya,631,23
Govt of Kerala,Keltron,40,0
Govt of Maharashtra,M/S King Computer System pvt Ltd,123,15
Govt of Maharashtra,M/s. Vidya Online  Pune,37,20
Govt of Maharashtra,Rudranee Infotech Ltd,19,18
Govt of Maharashtra,SETU MAHARASHTRA,491,92
Govt of Maharashtra,SHREERAM PRINTING PRESS,1,0
Govt of Maharashtra,SILVER JUBILEE MOTORS LTD.,23,22
Govt of Maharashtra,STRATEGIC OUTSOURCING SERVICE,11,17
Govt of Maharashtra,Vidarbha Infotech Pvt Ltd,12,10
Govt of Sikkim - Dept of Econo,Department of Economics Statistics  Monitoring and Evaluation DESME,88,7
IDBI Bank ltd,ATISHAY INFOTECH PVT. LTD.,110,7
IDBI Bank ltd,Matrix Processing House,407,10
IDBI Bank ltd,SREEVEN INFOCOM LIMITED,1016,51
Information Technology & Communication Department,Directorate of ESD,1811,102
Jharkhand,Wipro Ltd,0,1
NSDL e-Governance Infrastructure Limited,ATISHAY INFOTECH PVT. LTD.,30,6
NSDL e-Governance Infrastructure Limited,Abhipra Capital Ltd,946,16
NSDL e-Governance Infrastructure Limited,Alankit Finsec Ltd,1552,83
NSDL e-Governance Infrastructure Limited,Amar Constructions,517,19
NSDL e-Governance Infrastructure Limited,COMTECHINFO SOLUTIONS PVT.LTD,3,0
NSDL e-Governance Infrastructure Limited,Gujarat Infotech Ltd.,3965,217
NSDL e-Governance Infrastructure Limited,IAP COMPANY Pvt. Ltd,6,0
NSDL e-Governance Infrastructure Limited,Karvy Consultants Limited,10,1
NSDL e-Governance Infrastructure Limited,Karvy Data Management Services,23227,1270
NSDL e-Governance Infrastructure Limited,N.K. Sharma Enterprises Ltd.,604,13
NSDL e-Governance Infrastructure Limited,Netlink software Pvt Ltd,1314,84
NSDL e-Governance Infrastructure Limited,Offshoot Agency Pvt. Ltd.,1063,41
NSDL e-Governance Infrastructure Limited,Ojus G Enterprises,762,28
NSDL e-Governance Infrastructure Limited,Promind Solutions P Limited,3643,195
NSDL e-Governance Infrastructure Limited,RELIGARE SECURITIES LTD,1383,56
NSDL e-Governance Infrastructure Limited,Ricoh India Limited,1871,689
NSDL e-Governance Infrastructure Limited,S.J. Technologies,1,0
NSDL e-Governance Infrastructure Limited,SNR Edatas Pvt Ltd,119,0
NSDL e-Governance Infrastructure Limited,Sri Ramraja Sarkar Lok Kalyan Trust,1918,75
NSDL e-Governance Infrastructure Limited,Utility Forms Pvt Ltd,2048,150
NSDL e-Governance Infrastructure Limited,VIRGO SOFTECH LIMITED,20413,1292
Oriental Bank of Commerce,Sri Ramraja Sarkar Lok Kalyan Trust,1,0
Project Coordinator UID Project Madhya Pradesh,A I Soc for Electronics and Comp Tech,1584,213
Project Coordinator UID Project Madhya Pradesh,DATASOFT COMPUTER SERVICES(P),181,17
Project Coordinator UID Project Madhya Pradesh,LYRA  CONSULTANCY SERVICE,1206,186
Project Coordinator UID Project Madhya Pradesh,MPOnline Limited,660,84
Project Coordinator UID Project Madhya Pradesh,Matrix Processing House,1031,41
Project Coordinator UID Project Madhya Pradesh,OSWAL COMPUTERS & CONSULTANTS,8717,390
Project Coordinator UID Project Madhya Pradesh,Orion Security Solutions Private Ltd,596,31
Project Coordinator UID Project Madhya Pradesh,Sixth Dimension Project Solutions Ltd,100,3
Punjab National Bank,Alankit Finsec Ltd,1313,134
Punjab National Bank,Eagle Software India Pvt. Ltd,3195,340
Punjab National Bank,MARS Telecom Systems Pvt Ltd,5,0
Punjab National Bank,Smart Chip Limited,14731,181
Punjab National Bank,Vayam technologies Ltd,1470,96
Punjab and Sind Bank,Matrix Processing House,2772,69
Registrar General India - BEL,Manipur Electronics Dev Corp,549,1
Registrar General India BEL2,Chinar Construction Company Prime agency,40,0
Registrar General India BEL2,In Media Computer Services LLP,133,20
Registrar General India BEL2,Karvy Data Management Services,1367,16
Registrar General India BEL2,MACRO INFOTECH PVT LTD,1683,391
Registrar General India BEL2,MKS Enterprises,5,0
Registrar General India BEL2,Madras Security Printers Ltd,165,114
Registrar General India BEL2,Manipur Electronics Dev Corp,258,0
Registrar General India BEL2,Multiwave Innovation,39,0
Registrar General India BEL2,Netlink software Pvt Ltd,22,9
Registrar General India BEL2,SNR Edatas Pvt Ltd,12751,356
Registrar General India BEL2,SREI INFRASTRUCTURE FINANCES L,102,5
Registrar General India BEL2,Swiss Tech India Pvt Ltd,3,0
Registrar General India BEL2,Tera Software Ltd,283,0
Registrar General India BEL2,UNITED DATA SERVICES PRIVATE LIMITED,363,134
Registrar General India BEL2,Vedavaag Systems Limited,1,0
Registrar General India BEL2,Viesa Technologies,2426,112
Registrar General India ECIL,AVVAS INFOTECH PVT  LTD,489,30
Registrar General India ECIL,COMTECHINFO SOLUTIONS PVT.LTD,1531,385
Registrar General India ECIL,Chinar Construction Company Prime agency,287,100
Registrar General India ECIL,Computer LAB,1550,382
Registrar General India ECIL,Eagle Software India Pvt. Ltd,11029,3761
Registrar General India ECIL,Emdee Digitronics Pvt.Ltd.,3150,9
Registrar General India ECIL,In Media Computer Services LLP,99,315
Registrar General India ECIL,India Computer Technology,19,128
Registrar General India ECIL,Integrated Systems & Services,0,2
Registrar General India ECIL,Karvy Data Management Services,86,170
Registrar General India ECIL,LYRA  CONSULTANCY SERVICE,0,35
Registrar General India ECIL,Madras Security Printers Ltd,1693,248
Registrar General India ECIL,SARADA SYSTEMS,766,166
Registrar General India ECIL,SWISSTECH NPR 57CR PROJECT PVT,6,3
Registrar General India ECIL,Vedavaag Systems Limited,558,62
Registrar General India ECIL,WEBEL TECHNOLOGY LIMITED,54,0
Registrar General India Others,COMTECHINFO SOLUTIONS PVT.LTD,2,0
Registrar General India Others,India Computer Technology,0,1
Registrar General of India ITI,Emdee Digitronics Pvt.Ltd.,3617,112
Registrar General of India ITI,In Media Computer Services LLP,181,206
Registrar General of India ITI,Karvy Data Management Services,305,6
Registrar General of India ITI,Madras Security Printers Ltd,28,22
Registrar General of India ITI,Netlink software Pvt Ltd,525,2
Registrar General of India ITI,Nevaeh Technology Pvt. Ltd.,11,0
Registrar General of India ITI,Quick Data IT Services Pvt Ltd,2,3
Registrar General of India ITI,SNR Edatas Pvt Ltd,463,33
Registrar General of India ITI,VIRGO SOFTECH LIMITED,92,6
Registrar General of India ITI,WEBEL TECHNOLOGY LIMITED,3236,116
Registrar General of India ITI,Webx Technologies Private Limited,583,3
Rural Development Dept  Govt. of Bihar,Bloom Solutions Pvt Ltd,2431,94
Rural Development Dept  Govt. of Bihar,Computer LAB,1402,68
Rural Development Dept  Govt. of Bihar,Emdee Digitronics Pvt.Ltd.,1315,37
Rural Development Dept  Govt. of Bihar,FINANCIAL INFORMATION NETWORK,6857,186
Rural Development Dept  Govt. of Bihar,M2C Private Solution,607,39
Rural Development Dept  Govt. of Bihar,MKS Enterprises,1265,3
Rural Development Dept  Govt. of Bihar,Orion Security Solutions Private Ltd,370,7
Rural Development Dept  Govt. of Bihar,Urmila Info solution,3573,72
State Bank of India,FINANCIAL INFORMATION NETWORK,3263,42
State Bank of India,Silver Touch Technologies Ltd,9,0
State Bank of India,Smart Chip Limited,847,8
State Bank of India,Utility Forms Pvt Ltd,1618,121
UIDAI-Registrar,UIDAI-EA,54,5
UTI Infrastructure Technology & Services Limited,Omnitech Infosolutions Ltd,756,70
Union Bank,FINANCIAL INFORMATION NETWORK,10327,589
Union Bank,Smart Chip Limited,1476,19
Union Bank,Vakrangee Softwares Limited,83865,3995
