Registrar,Enrolment Agency,Aadhaar generated,Enrolment Rejected
Allahabad Bank,A-Onerealtors Pvt Ltd,15606,235
Allahabad Bank,Agro Tech Engineers,9,3
Allahabad Bank,Asha Security Guard Services,2253,64
Allahabad Bank,Emdee Digitronics Pvt.Ltd.,665,22
Allahabad Bank,MEGHA VINCOM PVT LTD,780,1
Allahabad Bank,Nevaeh Technology Pvt. Ltd.,1144,41
Allahabad Bank,Ortem Securities Limited,128,0
Allahabad Bank,PROTEX COMPUTER PVT LTD,0,10
Allahabad Bank,Redim Software Technologies Pvt Ltd,2727,72
Allahabad Bank,SGS INDIA PVT LTD,769,57
Allahabad Bank,Sri Ramraja Sarkar Lok Kalyan Trust,246,47
Allahabad Bank,VAP INFOSOLUTIONS,456,56
Allahabad Bank,Vedavaag Systems Limited,341,5
Atalji Janasnehi Directorate  Government of Karnataka,Atalji Janasnehi Directorate  GOK,2318,34
Bank Of India,A3 Logics  India  Ltd,52,11
Bank Of India,Blue Circle Instrument,1,0
Bank Of India,CHESSY CONSULTANTS PVT LTD,4,0
Bank Of India,DATASOFT COMPUTER SERVICES(P),54,12
Bank Of India,Frontech Systems Pvt Ltd,106,12
Bank Of India,Matrix Processing House,0,1
Bank Of India,OSWAL COMPUTERS & CONSULTANTS,48,3
Bank Of India,PROTEX COMPUTER PVT LTD,175,37
Bank Of India,SARADA SYSTEMS,2025,28
Bank Of India,SHRIKRISHNA KHANDASARI SUGAR M,8,1
Bank Of India,SREI INFRASTRUCTURE FINANCES L,5549,178
Bank Of India,Systematic & Advance Const P L,0,7
Bank Of India,VEETECHNOLOGIES PVT. LTD,2135,44
Bank of Baroda,Global Finsol Private Limited,55,4
Bank of Maharashtra,Tera Software Ltd,578,3
CSC e-Governance Services India Limited,A I Soc for Electronics and Comp Tech,5473,92
CSC e-Governance Services India Limited,AKSH OPTIFIBRE LIMITED,5100,96
CSC e-Governance Services India Limited,BASIX,1896,70
CSC e-Governance Services India Limited,Binary Systems,730,89
CSC e-Governance Services India Limited,Bloom Solutions Pvt Ltd,43078,1063
CSC e-Governance Services India Limited,CALANCE SOFTWARE PRIVATE LTD,295,55
CSC e-Governance Services India Limited,CHIPS,751,30
CSC e-Governance Services India Limited,CMS Computers Ltd,4943,116
CSC e-Governance Services India Limited,CSC e-Governance Services India Limited,5085,263
CSC e-Governance Services India Limited,Computer Print,45,14
CSC e-Governance Services India Limited,Conatus Infocom Pvt. Ltd,50,5
CSC e-Governance Services India Limited,DATASOFT COMPUTER SERVICES(P),581,42
CSC e-Governance Services India Limited,Gem Computers,587,46
CSC e-Governance Services India Limited,Home Life Buildcon Pvt Ltd,3718,18
CSC e-Governance Services India Limited,HyperSoft Technologies Ltd,681,22
CSC e-Governance Services India Limited,IAP COMPANY Pvt. Ltd,11985,524
CSC e-Governance Services India Limited,Janta Silikon Consortium,1439,36
CSC e-Governance Services India Limited,Jeevan Deep Charitable Society,812,24
CSC e-Governance Services India Limited,K W Consulting P Ltd,240,0
CSC e-Governance Services India Limited,MANTRA SOFTTECH (INDIA) PVTLTD,1011,10
CSC e-Governance Services India Limited,MEGHA VINCOM PVT LTD,836,12
CSC e-Governance Services India Limited,Mahamritunjay Traders,933,6
CSC e-Governance Services India Limited,Mahaonline Limited,930,133
CSC e-Governance Services India Limited,NPS Technologies Pvt. Ltd,930,89
CSC e-Governance Services India Limited,NVR & ASSOCIATES LIMITED,702,13
CSC e-Governance Services India Limited,National Cooperative Consumers Federation of India Limited,326,39
CSC e-Governance Services India Limited,Nekton IT India Pvt Ltd.,916,26
CSC e-Governance Services India Limited,Network for Information & Computer,3947,42
CSC e-Governance Services India Limited,Promind Solutions P Limited,16667,598
CSC e-Governance Services India Limited,Radiant Haroti Industries India Ltd,3715,188
CSC e-Governance Services India Limited,Raj Construction Co.,972,19
CSC e-Governance Services India Limited,Reliance Communication Limited,0,1
CSC e-Governance Services India Limited,SPANCO,741,66
CSC e-Governance Services India Limited,SRR Infotech,461,29
CSC e-Governance Services India Limited,Sahaj e-Village Limited,2504,49
CSC e-Governance Services India Limited,Sri Ramraja Sarkar Lok Kalyan Trust,1555,3
CSC e-Governance Services India Limited,Super Printers,159,61
CSC e-Governance Services India Limited,Tera Software Ltd,4885,204
CSC e-Governance Services India Limited,Twinstar Industries Ltd.,34,0
CSC e-Governance Services India Limited,United Telecoms e-Services Pvt Ltd,577,32
CSC e-Governance Services India Limited,VIKALP MULTIMEDIA,556,2
CSC e-Governance Services India Limited,VISION COMPTECH INTEGRATOR LTD,1568,99
CSC e-Governance Services India Limited,Vakrangee Softwares Limited,12,7
CSC e-Governance Services India Limited,Vayam technologies Ltd,22919,415
CSC e-Governance Services India Limited,Vedavaag Systems Limited,2935,33
CSC e-Governance Services India Limited,Yash Ornaments Pvt. Ltd,494,7
CSC e-Governance Services India Limited,Zephyr System Pvt.Ltd.,9585,674
Canara Bank,FINANCIAL INFORMATION NETWORK,5081,210
Canara Bank,Karvy Data Management Services,5361,101
Canara Bank,Ojus Healthcare Private Limited,52,0
Canara Bank,Osiris Infotech Pvt. Ltd.,371,2
Canara Bank,Smart Chip Limited,671,47
Canara Bank,Virinchi Technologies Ltd,1453,20
Civil Supplies - A&N Islands,India Computer Technology,800,21
DENA BANK,77 Infosystems Pvt Ltd,627,0
DENA BANK,A-Onerealtors Pvt Ltd,2342,132
DENA BANK,APEX Services,755,32
DENA BANK,AS International,408,9
DENA BANK,ATISHAY INFOTECH PVT. LTD.,1452,34
DENA BANK,AVVAS INFOTECH PVT  LTD,856,61
DENA BANK,Advent Infomax Private Ltd,192,24
DENA BANK,Amar Constructions,920,77
DENA BANK,Apnatech Consultancy Services Pvt Ltd,2,3
DENA BANK,Asha Security Guard Services,922,9
DENA BANK,Asray Gram,589,1
DENA BANK,BNR UDYOG LIMITED,466,6
DENA BANK,Binary Systems,1557,215
DENA BANK,Bloom Solutions Pvt Ltd,213,11
DENA BANK,Blue Circle Instrument,40,1
DENA BANK,Business Information Processing Services,571,110
DENA BANK,CALANCE SOFTWARE PRIVATE LTD,144,49
DENA BANK,DATASOFT COMPUTER SERVICES(P),1415,35
DENA BANK,Eagle Software India Pvt. Ltd,711,161
DENA BANK,FINANCIAL INFORMATION NETWORK,1246,30
DENA BANK,Gem Computers,1587,51
DENA BANK,Gujarat Infotech Ltd.,773,9
DENA BANK,HyperSoft Technologies Ltd,2,2
DENA BANK,IAP COMPANY Pvt. Ltd,2821,50
DENA BANK,India Computer Technology,28,7
DENA BANK,JNET Technologies Pvt.Ltd,750,12
DENA BANK,K W Consulting P Ltd,241,1
DENA BANK,Lankipalli Integrated Services Private Limited,13,0
DENA BANK,M/S STAR DATA CENTRE,3470,35
DENA BANK,M/s Gold Square Builders & Promoters Pvt. Ltd.,182,3
DENA BANK,M2C Private Solution,10,6
DENA BANK,MARS Telecom Systems Pvt Ltd,385,85
DENA BANK,MEGHA VINCOM PVT LTD,865,1
DENA BANK,MKS Enterprises,128,7
DENA BANK,Make India Smart Private Limited,752,5
DENA BANK,Multiwave Innovation,816,124
DENA BANK,NVR & ASSOCIATES LIMITED,18711,925
DENA BANK,Netlink software Pvt Ltd,16968,1470
DENA BANK,Nielsen  India  Private Limited,12455,731
DENA BANK,Offshoot Agency Pvt. Ltd.,459,18
DENA BANK,Om Softwares,1100,7
DENA BANK,Ortem Securities Limited,654,13
DENA BANK,Ricoh India Limited,1316,13
DENA BANK,SGS INDIA PVT LTD,372,51
DENA BANK,Silver Touch Technologies Ltd,3064,77
DENA BANK,Sixth Dimension Project Solutions Ltd,170,10
DENA BANK,Soc for Advancement of Environ Science,1468,87
DENA BANK,SoftAge Information Technology Limited,853,2
DENA BANK,Super Printers,843,70
DENA BANK,Systematic & Advance Const P L,4,1
DENA BANK,TechSmart India Pvt Ltd,407,57
DENA BANK,Tera Software Ltd,14,9
DENA BANK,The NSIC ltd,87,63
DENA BANK,Transline Technologies P Ltd,103,3
DENA BANK,Utility Forms Pvt Ltd,198,1
DENA BANK,VAP INFOSOLUTIONS,1030,30
DENA BANK,VISION COMPTECH INTEGRATOR LTD,5683,81
DENA BANK,Vedavaag Systems Limited,935,14
DENA BANK,Virinchi Technologies Ltd,2143,222
DENA BANK,WEBEL,4413,253
DENA BANK,Wipro Ltd,11329,716
DENA BANK,Yash Ornaments Pvt. Ltd,140,1
DENA BANK,Zephyr System Pvt.Ltd.,5885,721
Delhi - NE DC,Smart Chip Limited,1,0
Dept of ITC Govt of Rajasthan,AKSH OPTIFIBRE LIMITED,5,0
Dept of ITC Govt of Rajasthan,ATISHAY INFOTECH PVT. LTD.,9,16
Dept of ITC Govt of Rajasthan,AVVAS INFOTECH PVT  LTD,1,4
Dept of ITC Govt of Rajasthan,Academy of Management Studies,328,1
Dept of ITC Govt of Rajasthan,Binary Systems,1,0
Dept of ITC Govt of Rajasthan,Business Information Processing Services,150,5
Dept of ITC Govt of Rajasthan,CMS Computers Ltd,172,8
Dept of ITC Govt of Rajasthan,COMTECH INSTITUTE OFTECHNOLOGY,287,11
Dept of ITC Govt of Rajasthan,DATASOFT COMPUTER SERVICES(P),199,7
Dept of ITC Govt of Rajasthan,FINANCIAL INFORMATION NETWORK,1134,135
Dept of ITC Govt of Rajasthan,Gujarat Infotech Ltd.,3,0
Dept of ITC Govt of Rajasthan,IAP COMPANY Pvt. Ltd,56,5
Dept of ITC Govt of Rajasthan,Karvy Data Management Services,104,65
Dept of ITC Govt of Rajasthan,M/s Sanish Choudhary,212,2
Dept of ITC Govt of Rajasthan,MEGHA VINCOM PVT LTD,589,4
Dept of ITC Govt of Rajasthan,Matrix Processing House,242,12
Dept of ITC Govt of Rajasthan,Multiwave Innovation,146,4
Dept of ITC Govt of Rajasthan,Osiris Infotech Pvt. Ltd.,57,0
Dept of ITC Govt of Rajasthan,Radiant Info Systems Ltd,1875,83
Dept of ITC Govt of Rajasthan,Rajcomp Info Services Ltd,49,0
Dept of ITC Govt of Rajasthan,Ricoh India Limited,11,0
Dept of ITC Govt of Rajasthan,SAR Technology,97,12
Dept of ITC Govt of Rajasthan,SREI INFRASTRUCTURE FINANCES L,4,1
Dept of ITC Govt of Rajasthan,TechSmart India Pvt Ltd,286,0
Dept of ITC Govt of Rajasthan,Transline Technologies P Ltd,1567,69
Dept of ITC Govt of Rajasthan,UMC Technologies Pvt. Ltd,779,12
Dept of ITC Govt of Rajasthan,VFS Global Services Pvt. Ltd,15,0
Dept of ITC Govt of Rajasthan,VIRGO SOFTECH LIMITED,95,22
Dept of ITC Govt of Rajasthan,Vakrangee Softwares Limited,2823,335
Dept of ITC Govt of Rajasthan,Vayam technologies Ltd,275,49
FCR Govt of Haryana,4G INFORMATICS,70,21
FCR Govt of Haryana,Academy of Management Studies,340,24
FCR Govt of Haryana,District IT Society Bhiwani,24,9
FCR Govt of Haryana,District IT Society Faridabad,21,0
FCR Govt of Haryana,District IT Society Fatehabad,13,0
FCR Govt of Haryana,District IT Society Gurgaon,4,2
FCR Govt of Haryana,District IT Society Hisar,2,0
FCR Govt of Haryana,District IT Society Jhajjar,55,3
FCR Govt of Haryana,District IT Society Kaithal,4,3
FCR Govt of Haryana,District IT Society Karnal,3,0
FCR Govt of Haryana,District IT Society Kurukshetra,0,8
FCR Govt of Haryana,District IT Society Mahendragarh,41,0
FCR Govt of Haryana,District IT Society Mewat,1,5
FCR Govt of Haryana,District IT Society Palwal,84,13
FCR Govt of Haryana,District IT Society Panchkula,13,2
FCR Govt of Haryana,District IT Society Panipat,1,6
FCR Govt of Haryana,District IT Society Rewari,24,6
FCR Govt of Haryana,District IT Society Rohtak,11,7
FCR Govt of Haryana,District IT Society Sirsa,14,9
FCR Govt of Haryana,District IT Society Sonipat,5,4
FCR Govt of Haryana,District IT Society Yamuna Nagar,8,0
FCR Govt of Haryana,Radiant Info Systems Ltd,380,32
FCR Govt of Haryana,SoftAge Information Technology Limited,1891,139
FCR Govt of Haryana,Vayam technologies Ltd,149,26
FCS Govt of Punjab,District Sukhmani Society  Jalandhar  Punjab,26,2
FCS Govt of Punjab,District Sukhmani Society  Ludhiana  Punjab,9,2
FCS Govt of Punjab,District Sukhmani Society  Moga  Punjab,12,0
FCS Govt of Punjab,District Sukhmani Society Amritsar Punjab,28,19
FCS Govt of Punjab,District Sukhmani Society Barnala Punjab,8,5
FCS Govt of Punjab,District Sukhmani Society Bathinda Punjab,5,16
FCS Govt of Punjab,District Sukhmani Society Fatehgarh Sahib Punjab,0,2
FCS Govt of Punjab,District Sukhmani Society Fazilka Punjab,17,3
FCS Govt of Punjab,District Sukhmani Society Ferozepur Punjab,2,0
FCS Govt of Punjab,District Sukhmani Society For Citizen Services Mansa Punjab,1,2
FCS Govt of Punjab,District Sukhmani Society For Citizen Services Nawanshahr Punjab,6,1
FCS Govt of Punjab,District Sukhmani Society For Citizen Services SAS Nagar District e-Governance Society Punjab,10,0
FCS Govt of Punjab,District Sukhmani Society Patiala Punjab,0,2
FCS Govt of Punjab,District Sukhmani Society Rupnagar Punjab,3,2
FCS Govt of Punjab,District Sukhmani Society Sangrur Punjab,4,1
FCS Govt of Punjab,District Sukhmani Society Sri Muktsar Sahib Punjab,0,1
FCS Govt of Punjab,District Sukhmani Society Tarn Taran Punjab,0,4
FCS Govt of Punjab,Karvy Computershare Private Li,124,0
FCS Govt of Punjab,Sukhmani Society For Citizen Services  Kapurthala  Punjab,1,1
FCS Govt of Punjab,Sukhmani Society For Citizen Services Gurdaspur Punjab,2,0
FCS Govt of Punjab,Sukhmani Society For Citizens Services Faridkot Punjab,1,0
FCS Govt of Punjab,Suwidha Society Hoshiarpur Punjab,1,0
FCS Govt of Punjab,Vayam technologies Ltd,277,2
FCS Govt of Punjab,eCentric solutions pvt ltd,24,7
Govt of Andhra Pradesh,Gouthami Educational Society,1,1
Govt of Andhra Pradesh,GrapeSoft,3,1
Govt of Andhra Pradesh,INFRONICS SYSTEMS LTD,2,0
Govt of Andhra Pradesh,SREEVEN INFOCOM LIMITED,2,0
Govt of Andhra Pradesh,TechSmart India Pvt Ltd,1,0
Govt of Andhra Pradesh,Tera Software Ltd,2,1
Govt of Gujarat,GSS Infotech Ltd,66,10
Govt of Gujarat,Karvy Computershare Private Li,3416,61
Govt of Gujarat,Silver Touch Technologies Ltd,723,7
Govt of Gujarat,Tera Software Ltd,484,7
Govt of Gujarat,Transline Technologies P Ltd,1,4
Govt of Gujarat,Vayam technologies Ltd,23,35
Govt of Gujarat,eCentric solutions pvt ltd,23,1
Govt of Himachal Pradesh,Wipro Ltd,0,1
Govt of Karnataka ,Centre for e-Governance  GOK,59,0
Govt of Karnataka ,EDCS GOK,3,8
Govt of Karnataka ,MARS Telecom Systems Pvt Ltd,3,0
Govt of Karnataka ,Origin ITFS Pvt Ltd,1,0
Govt of Kerala,Akshaya,1481,39
Govt of Maharashtra,M/S King Computer System pvt Ltd,1,0
Govt of Maharashtra,M/s. Vidya Online  Pune,6,0
Govt of Maharashtra,Network for Information & Computer,0,1
Govt of Maharashtra,Rudranee Infotech Ltd,0,1
Govt of Maharashtra,SETU MAHARASHTRA,156,0
Govt of Maharashtra,SILVER JUBILEE MOTORS LTD.,0,3
Govt of Maharashtra,Wipro Ltd,2,0
Govt of Sikkim - Dept of Econo,Department of Economics Statistics  Monitoring and Evaluation DESME,19,0
IDBI Bank ltd,ATISHAY INFOTECH PVT. LTD.,67,7
IDBI Bank ltd,Matrix Processing House,139,2
IDBI Bank ltd,SREEVEN INFOCOM LIMITED,624,18
Indiapost,Delhi Integrated MMTS Ltd,1,2
Indiapost,M/S STAR DATA CENTRE,0,1
Indiapost,WEBEL,0,1
Information Technology & Communication Department,4G INFORMATICS,1,0
Information Technology & Communication Department,BNR UDYOG LIMITED,2,1
Information Technology & Communication Department,Bloom Solutions Pvt Ltd,0,1
Information Technology & Communication Department,CSS TECHNERGY LIMITED,2,0
Information Technology & Communication Department,Directorate of ESD,269,23
Information Technology & Communication Department,JYOTHI COMPUTER SERVICES,1,0
Information Technology & Communication Department,SREEVEN INFOCOM LIMITED,4,0
Jharkhand,MKS Enterprises,1,0
Jharkhand,VISION COMPTECH INTEGRATOR LTD,0,20
Jharkhand,Wipro Ltd,0,19
NSDL e-Governance Infrastructure Limited,ATISHAY INFOTECH PVT. LTD.,5,1
NSDL e-Governance Infrastructure Limited,Abhipra Capital Ltd,176,19
NSDL e-Governance Infrastructure Limited,Alankit Finsec Ltd,885,42
NSDL e-Governance Infrastructure Limited,Amar Constructions,467,15
NSDL e-Governance Infrastructure Limited,COMTECHINFO SOLUTIONS PVT.LTD,1,0
NSDL e-Governance Infrastructure Limited,Gujarat Infotech Ltd.,7785,296
NSDL e-Governance Infrastructure Limited,IAP COMPANY Pvt. Ltd,2,0
NSDL e-Governance Infrastructure Limited,Karvy Consultants Limited,844,23
NSDL e-Governance Infrastructure Limited,Karvy Data Management Services,22002,400
NSDL e-Governance Infrastructure Limited,N.K. Sharma Enterprises Ltd.,1233,129
NSDL e-Governance Infrastructure Limited,Netlink software Pvt Ltd,7201,1645
NSDL e-Governance Infrastructure Limited,Offshoot Agency Pvt. Ltd.,806,57
NSDL e-Governance Infrastructure Limited,Ojus G Enterprises,97,0
NSDL e-Governance Infrastructure Limited,PROWIZ MANSYTEMS PVT LTD,0,3
NSDL e-Governance Infrastructure Limited,Promind Solutions P Limited,12867,806
NSDL e-Governance Infrastructure Limited,RELIGARE SECURITIES LTD,707,13
NSDL e-Governance Infrastructure Limited,Ricoh India Limited,2096,38
NSDL e-Governance Infrastructure Limited,SNR Edatas Pvt Ltd,42,0
NSDL e-Governance Infrastructure Limited,Sri Ramraja Sarkar Lok Kalyan Trust,15159,2533
NSDL e-Governance Infrastructure Limited,Utility Forms Pvt Ltd,1235,26
NSDL e-Governance Infrastructure Limited,VIRGO SOFTECH LIMITED,9218,436
Oriental Bank of Commerce,Alankit Limited,0,10
Oriental Bank of Commerce,JNET Technologies Pvt.Ltd,0,2
Oriental Bank of Commerce,Sri Ramraja Sarkar Lok Kalyan Trust,0,35
Oriental Bank of Commerce,Wipro Ltd,0,1
Project Coordinator UID Project Madhya Pradesh,A I Soc for Electronics and Comp Tech,1204,40
Project Coordinator UID Project Madhya Pradesh,DATASOFT COMPUTER SERVICES(P),114,8
Project Coordinator UID Project Madhya Pradesh,LYRA  CONSULTANCY SERVICE,410,68
Project Coordinator UID Project Madhya Pradesh,MPOnline Limited,63,23
Project Coordinator UID Project Madhya Pradesh,Matrix Processing House,1187,64
Project Coordinator UID Project Madhya Pradesh,OSWAL COMPUTERS & CONSULTANTS,1222,85
Project Coordinator UID Project Madhya Pradesh,Orion Security Solutions Private Ltd,394,4
Project Coordinator UID Project Madhya Pradesh,Sixth Dimension Project Solutions Ltd,24,5
Punjab National Bank,Alankit Finsec Ltd,759,53
Punjab National Bank,Eagle Software India Pvt. Ltd,1725,55
Punjab National Bank,Smart Chip Limited,1199,31
Punjab National Bank,Vayam technologies Ltd,12341,159
Punjab and Sind Bank,Matrix Processing House,1066,60
Registrar General India - BEL,Manipur Electronics Dev Corp,141,1
Registrar General India BEL2,Chinar Construction Company Prime agency,25,13
Registrar General India BEL2,Emdee Digitronics Pvt.Ltd.,0,3
Registrar General India BEL2,In Media Computer Services LLP,251,0
Registrar General India BEL2,India Computer Technology,0,8
Registrar General India BEL2,Karvy Data Management Services,170,0
Registrar General India BEL2,MACRO INFOTECH PVT LTD,2819,188
Registrar General India BEL2,Madras Security Printers Ltd,32,9
Registrar General India BEL2,Manipur Electronics Dev Corp,13,0
Registrar General India BEL2,Netlink software Pvt Ltd,21,3
Registrar General India BEL2,Nielsen  India  Private Limited,0,1
Registrar General India BEL2,Om Softwares,1,4
Registrar General India BEL2,SNR Edatas Pvt Ltd,578,20
Registrar General India BEL2,SREI INFRASTRUCTURE FINANCES L,217,31
Registrar General India BEL2,Tera Software Ltd,6,3
Registrar General India BEL2,UNITED DATA SERVICES PRIVATE LIMITED,1127,5
Registrar General India BEL2,Vedavaag Systems Limited,0,25
Registrar General India BEL2,Viesa Technologies,117,10
Registrar General India ECIL,AVVAS INFOTECH PVT  LTD,53,4
Registrar General India ECIL,BUSINESS INFORMATION PROCESSING SERVICES,22,0
Registrar General India ECIL,COMTECHINFO SOLUTIONS PVT.LTD,542,65
Registrar General India ECIL,Chinar Construction Company Prime agency,958,100
Registrar General India ECIL,Computer LAB,1274,19
Registrar General India ECIL,Eagle Software India Pvt. Ltd,36172,143
Registrar General India ECIL,Emdee Digitronics Pvt.Ltd.,1803,101
Registrar General India ECIL,In Media Computer Services LLP,680,11
Registrar General India ECIL,India Computer Technology,405,5
Registrar General India ECIL,Integrated Systems & Services,317,1
Registrar General India ECIL,Karvy Data Management Services,17,70
Registrar General India ECIL,Madras Security Printers Ltd,13231,312
Registrar General India ECIL,Mphasis Ltd,0,3
Registrar General India ECIL,Nielsen  India  Private Limited,0,7
Registrar General India ECIL,SARADA SYSTEMS,419,0
Registrar General India ECIL,SWISSTECH NPR 57CR PROJECT PVT,0,1
Registrar General India ECIL,Vedavaag Systems Limited,36,1
Registrar General India ECIL,WEBEL TECHNOLOGY LIMITED,1700,24
Registrar General of India ITI,Emdee Digitronics Pvt.Ltd.,3666,167
Registrar General of India ITI,In Media Computer Services LLP,442,0
Registrar General of India ITI,Karvy Data Management Services,30,2
Registrar General of India ITI,Madras Security Printers Ltd,994,7
Registrar General of India ITI,Mphasis Ltd,0,5
Registrar General of India ITI,Netlink software Pvt Ltd,267,4
Registrar General of India ITI,Nevaeh Technology Pvt. Ltd.,18,1
Registrar General of India ITI,Quick Data IT Services Pvt Ltd,3,0
Registrar General of India ITI,SNR Edatas Pvt Ltd,41,0
Registrar General of India ITI,STRATEGIC OUTSOURCING SERVICE,0,1
Registrar General of India ITI,VIRGO SOFTECH LIMITED,2,0
Registrar General of India ITI,WEBEL TECHNOLOGY LIMITED,2849,83
Registrar General of India ITI,Webx Technologies Private Limited,53,0
Rural Development Dept  Govt. of Bihar,Bloom Solutions Pvt Ltd,39291,891
Rural Development Dept  Govt. of Bihar,Computer LAB,1767,47
Rural Development Dept  Govt. of Bihar,Emdee Digitronics Pvt.Ltd.,1239,8
Rural Development Dept  Govt. of Bihar,FINANCIAL INFORMATION NETWORK,5044,167
Rural Development Dept  Govt. of Bihar,M2C Private Solution,252,109
Rural Development Dept  Govt. of Bihar,MKS Enterprises,644,4
Rural Development Dept  Govt. of Bihar,Orion Security Solutions Private Ltd,38,0
Rural Development Dept  Govt. of Bihar,Urmila Info solution,5053,73
State Bank of Bikaner & Jaipur,Multiwave Innovation,1,0
State Bank of India,FINANCIAL INFORMATION NETWORK,3987,56
State Bank of India,Smart Chip Limited,654,3
State Bank of India,Utility Forms Pvt Ltd,923,17
UIDAI-Registrar,UIDAI-EA,6,0
UTI Infrastructure Technology & Services Limited,Omnitech Infosolutions Ltd,269,18
Union Bank,FINANCIAL INFORMATION NETWORK,7143,354
Union Bank,Smart Chip Limited,36,12
Union Bank,Vakrangee Softwares Limited,24967,1174
