Registrar,Enrolment Agency,Aadhaar generated,Enrolment Rejected
Allahabad Bank,Vakrangee Softwares Limited,358,50
Bank Of India,A3 Logics  India  Ltd,5002,264
Bank Of India,Akanksha International,982,32
Bank Of India,Blue Circle Instrument,3566,201
Bank Of India,CHESSY CONSULTANTS PVT LTD,1439,77
Bank Of India,DATASOFT COMPUTER SERVICES(P),1958,92
Bank Of India,Emdee Digitronics Pvt.Ltd.,2657,52
Bank Of India,Frontech Systems Pvt Ltd,830,145
Bank Of India,ITI LIMITED,1,0
Bank Of India,MANTRA SOFTTECH (INDIA) PVTLTD,307,2
Bank Of India,Matrix Processing House,7276,326
Bank Of India,OPTIMIX CONSULTANCY PRIVATE LT,2,0
Bank Of India,OSWAL COMPUTERS & CONSULTANTS,10391,1643
Bank Of India,PROTEX COMPUTER PVT LTD,2264,182
Bank Of India,SARADA SYSTEMS,3659,84
Bank Of India,SHRIKRISHNA KHANDASARI SUGAR M,7595,1065
Bank Of India,SPANCO,5786,306
Bank Of India,SREI INFRASTRUCTURE FINANCES L,8604,552
Bank Of India,Silver Touch Technologies Ltd,872,32
Bank Of India,Systematic & Advance Const P L,9008,294
Bank Of India,VEETECHNOLOGIES PVT. LTD,7989,1151
Bank Of India,VIRGO SOFTECH LIMITED,1,0
Bank Of India,Vakrangee Softwares Limited,253,14
Bank of Baroda,DATASOFT COMPUTER SERVICES(P),18,0
Bank of Baroda,Global Finsol Private Limited,3014,343
Bank of Maharashtra,Alankit Finsec Ltd,151,107
Bank of Maharashtra,FINANCIAL INFORMATION NETWORK,1122,139
Bank of Maharashtra,Micro Technologies India Ltd,1248,344
Bank of Maharashtra,Tera Software Ltd,6916,597
CSC e-Governance Services India Limited,A I Soc for Electronics and Comp Tech,9141,667
CSC e-Governance Services India Limited,AKSH OPTIFIBRE LIMITED,2322,166
CSC e-Governance Services India Limited,BASIX,4444,717
CSC e-Governance Services India Limited,CALANCE SOFTWARE PRIVATE LTD,2556,192
CSC e-Governance Services India Limited,CMS Computers Ltd,12913,1299
CSC e-Governance Services India Limited,CSC e-Governance Services India Limited,5935,1051
CSC e-Governance Services India Limited,Intelligent Communication Systems India Limited,259,16
CSC e-Governance Services India Limited,MANTRA SOFTTECH (INDIA) PVTLTD,1305,97
CSC e-Governance Services India Limited,Network for Information & Computer,4383,191
CSC e-Governance Services India Limited,Reliance Communication Limited,2320,148
CSC e-Governance Services India Limited,SPANCO,795,193
CSC e-Governance Services India Limited,Tera Software Ltd,290,193
CSC e-Governance Services India Limited,United Telecoms e-Services Pvt Ltd,3324,501
CSC e-Governance Services India Limited,VIKALP MULTIMEDIA,746,169
CSC e-Governance Services India Limited,Vakrangee Softwares Limited,2777,182
CSC e-Governance Services India Limited,Zephyr System Pvt.Ltd.,333,43
Canara Bank,Ojus Healthcare Private Limited,9,8
Central Bank of India,CALANCE SOFTWARE PRIVATE LTD,2054,178
Central Bank of India,Frontech Systems Pvt Ltd,2,0
Central Bank of India,IAP COMPANY Pvt. Ltd,7866,508
Central Bank of India,MANTRA SOFTTECH (INDIA) PVTLTD,246,55
Central Bank of India,The Peerless General Finance,1391,56
DENA BANK,ATISHAY INFOTECH PVT. LTD.,3948,180
DENA BANK,BNR UDYOG LIMITED,737,57
DENA BANK,Bloom Solutions Pvt Ltd,8617,2287
DENA BANK,Business Information Processing Services,830,58
DENA BANK,CALANCE SOFTWARE PRIVATE LTD,701,157
DENA BANK,DATASOFT COMPUTER SERVICES(P),716,52
DENA BANK,Gujarat Infotech Ltd.,561,28
DENA BANK,IAP COMPANY Pvt. Ltd,2240,46
DENA BANK,JNET Technologies Pvt.Ltd,5198,319
DENA BANK,K W Consulting P Ltd,2929,251
DENA BANK,Multiwave Innovation,3183,264
DENA BANK,Narayana Electricals Solution Pvt Ltd,2002,166
DENA BANK,Netlink software Pvt Ltd,2322,59
DENA BANK,Ortem Securities Limited,1,2
DENA BANK,Prodigy Systems and Services Private Limited,1043,328
DENA BANK,Soc for Advancement of Environ Science,572,191
DENA BANK,Super Printers,772,65
DENA BANK,Systematic & Advance Const P L,4395,83
DENA BANK,TechSmart India Pvt Ltd,11556,3964
DENA BANK,Tera Software Ltd,1339,61
DENA BANK,WEBEL,184,5
Delhi - Central DC,Smart Chip Limited,596,71
Delhi - East DC,DATASOFT COMPUTER SERVICES(P),2294,146
Delhi - ND DC,Smart Chip Limited,166,20
Delhi - NE DC,Smart Chip Limited,806,132
Delhi - North DC,CALANCE SOFTWARE PRIVATE LTD,3114,2159
Delhi - North DC,NVR & ASSOCIATES LIMITED,2165,1064
Delhi - North DC,Smart Chip Limited,805,74
Delhi SW DC,VIRGO SOFTECH LIMITED,464,127
Delhi- South DC,Karvy Computershare Private Li,163,18
Delhi- South DC,Smart Chip Limited,253,19
Delhi- South DC,eCentric solutions pvt ltd,0,5
Delhi- West DC,Smart Chip Limited,166,35
Delhi- West DC,VIRGO SOFTECH LIMITED,1092,166
Delhi-NW DC,Karvy Computershare Private Li,314,15
Department of Information Technology Govt of Jharkhand,Blue Circle Instrument,787,164
Department of Information Technology Govt of Jharkhand,MKS Enterprises,658,63
Department of Information Technology Govt of Jharkhand,Systematic & Advance Const P L,24,1
Department of Information Technology Govt of Jharkhand,Vayam technologies Ltd,1,7
Department of Information Technology Govt of Jharkhand,Wipro Ltd,353,32
Dept of ITC Govt of Rajasthan,ATISHAY INFOTECH PVT. LTD.,4760,262
Dept of ITC Govt of Rajasthan,AVVAS INFOTECH PVT  LTD,5202,243
Dept of ITC Govt of Rajasthan,Alankit Finsec Ltd,2835,155
Dept of ITC Govt of Rajasthan,Business Information Processing Services,2476,53
Dept of ITC Govt of Rajasthan,DATASOFT COMPUTER SERVICES(P),8338,678
Dept of ITC Govt of Rajasthan,Gem Computers,2253,133
Dept of ITC Govt of Rajasthan,MANTRA SOFTTECH (INDIA) PVTLTD,645,23
Dept of ITC Govt of Rajasthan,Multiwave Innovation,4581,87
Dept of ITC Govt of Rajasthan,Netlink software Pvt Ltd,1959,81
Dept of ITC Govt of Rajasthan,TechSmart India Pvt Ltd,2448,222
Dept of ITC Govt of Rajasthan,Transline Technologies P Ltd,3556,832
Dept of ITC Govt of Rajasthan,VIRGO SOFTECH LIMITED,2252,238
Dept of ITC Govt of Rajasthan,Vakrangee Softwares Limited,13018,1042
Dept of ITC Govt of Rajasthan,Vayam technologies Ltd,3343,341
FCR Govt of Haryana,4G INFORMATICS,3582,66
FCR Govt of Haryana,Radiant Info Systems Ltd,284,9
FCR Govt of Haryana,Vakrangee Softwares Limited,87,6
FCR Govt of Haryana,Vayam technologies Ltd,1450,29
FCS Govt of Punjab,Alankit Assignments Limited,0,1
FCS Govt of Punjab,Alankit Finsec Ltd,1,0
FCS Govt of Punjab,CSS TECHNERGY LIMITED,38,0
FCS Govt of Punjab,District Sukhmani Society Barnala Punjab,2,2
FCS Govt of Punjab,District Sukhmani Society Ferozepur Punjab,13,5
FCS Govt of Punjab,District Sukhmani Society For Citizen Services Mansa Punjab,3,0
FCS Govt of Punjab,District Sukhmani Society For Citizen Services Nawanshahr Punjab,1,2
FCS Govt of Punjab,District Sukhmani Society For Citizen Services SAS Nagar District e-Governance Society Punjab,8,0
FCS Govt of Punjab,Diwakar Commercials Pvt Ltd,0,2
FCS Govt of Punjab,Karvy Computershare Private Li,14470,2033
FCS Govt of Punjab,Vayam technologies Ltd,8863,440
FCS Govt of Punjab,eCentric solutions pvt ltd,6300,860
Govt of Andhra Pradesh,Gouthami Educational Society,703,1078
Govt of Andhra Pradesh,GrapeSoft,736,651
Govt of Andhra Pradesh,INFRONICS SYSTEMS LTD,542,2061
Govt of Andhra Pradesh,Madras Security Printers Ltd,4,1
Govt of Andhra Pradesh,SREEVEN INFOCOM LIMITED,2581,815
Govt of Andhra Pradesh,TechSmart India Pvt Ltd,3473,3650
Govt of Andhra Pradesh,Tera Software Ltd,1250,465
Govt of Andhra Pradesh,eCentric solutions pvt ltd,0,1
Govt of Goa,MARS Telecom Systems Pvt Ltd,179,9
Govt of Gujarat,GSS Infotech Ltd,5378,123
Govt of Gujarat,Karvy Computershare Private Li,18939,593
Govt of Gujarat,Silver Touch Technologies Ltd,27145,760
Govt of Gujarat,Tera Software Ltd,6766,225
Govt of Gujarat,Transline Technologies P Ltd,2889,51
Govt of Gujarat,Vayam technologies Ltd,11295,322
Govt of Gujarat,eCentric solutions pvt ltd,6267,151
Govt of Himachal Pradesh,IL&FS LTD,1,0
Govt of Himachal Pradesh,Wipro Ltd,920,73
Govt of Himachal Pradesh,i-Grandee SoftwareTechnologies,1031,73
Govt of Karnataka ,BNR UDYOG LIMITED,927,171
Govt of Karnataka ,Bloom Solutions Pvt Ltd,2359,95
Govt of Karnataka ,GLODYNE TECHNOSERVE,0,3
Govt of Karnataka ,MARS Telecom Systems Pvt Ltd,19158,5179
Govt of Karnataka ,Ninestars Information Technologies Ltd,8222,2577
Govt of Karnataka ,Om Softwares,323,0
Govt of Karnataka ,Origin ITFS Pvt Ltd,20113,1774
Govt of Karnataka ,Radiant Info Systems Ltd,44,17
Govt of Karnataka ,SREEVEN INFOCOM LIMITED,10449,643
Govt of Karnataka ,Wipro Ltd,0,1
Govt of Kerala,Akshaya,13879,1426
Govt of Kerala,Keltron,923,62
Govt of Madhya Pradesh,VIRGO SOFTECH LIMITED,8,0
Govt of Maharashtra,Adcc Infocad Pvt.Ltd Nagpur,7,1
Govt of Maharashtra,Alankit Finsec Ltd,2747,102
Govt of Maharashtra,Bharat Technical Solutions Private Limited,920,24
Govt of Maharashtra,Eagle press pvt ltd,299,44
Govt of Maharashtra,GLODYNE TECHNOSERVE,105,2
Govt of Maharashtra,Global Finsol Private Limited,583,57
Govt of Maharashtra,Karvy Computershare Private Li,8445,805
Govt of Maharashtra,M/S King Computer System pvt Ltd,862,40
Govt of Maharashtra,M/s. Vidya Online  Pune,382,10
Govt of Maharashtra,Narayana Electricals Solution Pvt Ltd,1289,137
Govt of Maharashtra,Netlink software Pvt Ltd,4560,374
Govt of Maharashtra,Network for Information & Computer,180,5
Govt of Maharashtra,Rudranee Infotech Ltd,1249,138
Govt of Maharashtra,SETU MAHARASHTRA,1383,129
Govt of Maharashtra,SHREERAM PRINTING PRESS,261,27
Govt of Maharashtra,SPANCO,2886,278
Govt of Maharashtra,STRATEGIC OUTSOURCING SERVICE,2401,236
Govt of Maharashtra,Silver Touch Technologies Ltd,4202,200
Govt of Maharashtra,Systematic & Advance Const P L,256,6
Govt of Maharashtra,TechSmart India Pvt Ltd,2612,249
Govt of Maharashtra,Tera Software Ltd,13,33
Govt of Maharashtra,Transline Technologies P Ltd,651,108
Govt of Maharashtra,Wipro Ltd,3687,181
Govt of Sikkim - Dept of Econo,4G IDENTITY SOLUTIONS,1,0
Govt of Sikkim - Dept of Econo,Department of Economics Statistics  Monitoring and Evaluation DESME,158,10
IDBI Bank ltd,ATISHAY INFOTECH PVT. LTD.,1026,206
IDBI Bank ltd,Matrix Processing House,366,64
IDBI Bank ltd,SREEVEN INFOCOM LIMITED,5857,380
IDBI Bank ltd,UTI TECHNOLOGY SERVICES LIMITE,2116,248
Indiapost,Delhi Integrated MMTS Ltd,9358,279
Indiapost,GLODYNE TECHNOSERVE,1,0
Indiapost,Global Finsol Private Limited,3656,175
Indiapost,M/S STAR DATA CENTRE,520,114
Indiapost,MARS Telecom Systems Pvt Ltd,1328,2808
Indiapost,Smart Chip Limited,869,13
Indiapost,Vayam technologies Ltd,432,268
Indiapost,WEBEL,332,39
Information Technology & Communication Department,4G INFORMATICS,8423,3389
Information Technology & Communication Department,BNR UDYOG LIMITED,1929,2887
Information Technology & Communication Department,Bloom Solutions Pvt Ltd,2043,26
Information Technology & Communication Department,CSS TECHNERGY LIMITED,1120,966
Information Technology & Communication Department,Directorate of ESD,181,78
Information Technology & Communication Department,GDC Advertising Pvt. Limited,114,15
Information Technology & Communication Department,JYOTHI COMPUTER SERVICES,4825,5612
Information Technology & Communication Department,Karvy Data Management Services,633,34
Information Technology & Communication Department,MARS Telecom Systems Pvt Ltd,972,279
Information Technology & Communication Department,SREEVEN INFOCOM LIMITED,7173,1178
Information Technology & Communication Department,Tera Software Ltd,1967,709
Jharkhand,Alankit Assignments Limited,0,1
Jharkhand,Blue Circle Instrument,11,4
Jharkhand,Emdee Digitronics Pvt.Ltd.,1251,486
Jharkhand,MKS Enterprises,3342,360
Jharkhand,Nevaeh Technology Pvt. Ltd.,1800,110
Jharkhand,STRATEGIC OUTSOURCING SERVICE,262,22
Jharkhand,Smart Chip Limited,605,43
Jharkhand,Systematic & Advance Const P L,1493,55
Jharkhand,VISION COMPTECH INTEGRATOR LTD,2831,440
Jharkhand,Wipro Ltd,12003,761
Mission Convergence - GNCT Del,Karvy Computershare Private Li,485,61
Mission Convergence - GNCT Del,NVR & ASSOCIATES LIMITED,260,23
NSDL e-Governance Infrastructure Limited,Abhipra Capital Ltd,2466,722
NSDL e-Governance Infrastructure Limited,Alankit Assignments Limited,8979,1783
NSDL e-Governance Infrastructure Limited,Alankit Finsec Ltd,108,13
NSDL e-Governance Infrastructure Limited,Delhi Integrated MMTS Ltd,903,4
NSDL e-Governance Infrastructure Limited,Global Finsol Private Limited,357,35
NSDL e-Governance Infrastructure Limited,INTEGRATED REGISTRY SERVICES LTD,123,7
NSDL e-Governance Infrastructure Limited,Karvy Consultants Limited,302,2
NSDL e-Governance Infrastructure Limited,Karvy Data Management Services,27382,5834
NSDL e-Governance Infrastructure Limited,N.K. Sharma Enterprises Ltd.,0,4
NSDL e-Governance Infrastructure Limited,Netlink software Pvt Ltd,10442,570
NSDL e-Governance Infrastructure Limited,PROWIZ MANSYTEMS PVT LTD,5668,100
NSDL e-Governance Infrastructure Limited,Promind Solutions P Limited,1860,75
NSDL e-Governance Infrastructure Limited,VIRGO SOFTECH LIMITED,8920,300
Oriental Bank of Commerce,DATASOFT COMPUTER SERVICES(P),1589,148
Oriental Bank of Commerce,Euro Finmart Ltd,146,45
Oriental Bank of Commerce,FINANCIAL INFORMATION NETWORK,1,0
Oriental Bank of Commerce,JNET Technologies Pvt.Ltd,1743,101
Oriental Bank of Commerce,Redim Software Technologies Pvt Ltd,758,87
Oriental Bank of Commerce,Sri Ramraja Sarkar Lok Kalyan Trust,9239,858
Oriental Bank of Commerce,Wipro Ltd,13272,606
Others,Others,0,2
Principal Revenue Commissioner  Dept of Revenue  Govt of MP,Frontech Systems Pvt Ltd,1396,53
Principal Revenue Commissioner  Dept of Revenue  Govt of MP,K W Consulting P Ltd,2230,304
Principal Revenue Commissioner  Dept of Revenue  Govt of MP,LYRA  CONSULTANCY SERVICE,46,6
Principal Revenue Commissioner  Dept of Revenue  Govt of MP,Netlink software Pvt Ltd,373,52
Principal Revenue Commissioner  Dept of Revenue  Govt of MP,OSWAL COMPUTERS & CONSULTANTS,1744,574
Principal Revenue Commissioner  Dept of Revenue  Govt of MP,Tera Software Ltd,399,20
Principal Revenue Commissioner  Dept of Revenue  Govt of MP,The NSIC ltd,263,80
Principal Revenue Commissioner  Dept of Revenue  Govt of MP,Vedavaag Systems Limited,123,56
Registrar General India - BEL,In Media Computer Services LLP,1,0
Registrar General India - BEL,Manipur Electronics Dev Corp,9,0
Registrar General India - BEL,Swathy Smartcards Hi-Tech Pvt,59,0
Registrar General India BEL2,Alankit Assignments Limited,157,0
Registrar General India BEL2,Computer LAB,6053,698
Registrar General India BEL2,Emdee Digitronics Pvt.Ltd.,2142,271
Registrar General India BEL2,In Media Computer Services LLP,61,6
Registrar General India BEL2,India Computer Technology,52087,1537
Registrar General India BEL2,MACRO INFOTECH PVT LTD,10411,701
Registrar General India BEL2,MKS Enterprises,4,0
Registrar General India BEL2,Madras Security Printers Ltd,41926,1795
Registrar General India BEL2,Manipur Electronics Dev Corp,783,100
Registrar General India BEL2,Multiwave Innovation,148,100
Registrar General India BEL2,Netlink software Pvt Ltd,2287,263
Registrar General India BEL2,Nevaeh Technology Pvt. Ltd.,1537,98
Registrar General India BEL2,Nielsen  India  Private Limited,3094,410
Registrar General India BEL2,Om Softwares,4691,252
Registrar General India BEL2,SREEVEN INFOCOM LIMITED,29,3
Registrar General India BEL2,STRATEGIC OUTSOURCING SERVICE,2219,176
Registrar General India BEL2,Satyanarayana Raju Company Pvt ltd,1475,161
Registrar General India BEL2,Swathy Smartcards Hi-Tech Pvt,86285,6009
Registrar General India BEL2,Swiss Tech India Pvt Ltd,463,0
Registrar General India BEL2,Tera Software Ltd,4392,782
Registrar General India BEL2,UNITED DATA SERVICES PRIVATE LIMITED,11928,436
Registrar General India BEL2,VIRGO SOFTECH LIMITED,575,768
Registrar General India BEL2,Vansh Infotech Pvt Ltd,5022,85
Registrar General India BEL2,Vedavaag Systems Limited,2311,116
Registrar General India BEL2,Viesa Technologies,532,255
Registrar General India BEL2,WEBEL,125,0
Registrar General India ECIL,AVVAS INFOTECH PVT  LTD,5250,671
Registrar General India ECIL,BUSINESS INFORMATION PROCESSING SERVICES,1123,27
Registrar General India ECIL,COMTECH INSTITUTE OFTECHNOLOGY,3824,850
Registrar General India ECIL,COMTECHINFO SOLUTIONS PVT.LTD,3971,31
Registrar General India ECIL,Chinar Construction Company Prime agency,1348,30
Registrar General India ECIL,Clairvoyance Technologies Pvt.,30,0
Registrar General India ECIL,Computer LAB,100472,29967
Registrar General India ECIL,Eagle Software India Pvt. Ltd,45684,22743
Registrar General India ECIL,Esoft Consulting Limited,228,10
Registrar General India ECIL,In Media Computer Services LLP,9022,572
Registrar General India ECIL,India Computer Technology,17324,13377
Registrar General India ECIL,Karvy Data Management Services,13763,1106
Registrar General India ECIL,Krishna Infotech,452,736
Registrar General India ECIL,Madras Security Printers Ltd,29736,18139
Registrar General India ECIL,Mphasis Ltd,10160,551
Registrar General India ECIL,Netwing Technologies Pvt Ltd,47,4
Registrar General India ECIL,Nielsen  India  Private Limited,1561,6
Registrar General India ECIL,Pioneer E Labs limited,183,15
Registrar General India ECIL,Quick Data IT Services Pvt Ltd,468,4
Registrar General India ECIL,SARADA SYSTEMS,3338,38
Registrar General India ECIL,SWISSTECH NPR 57CR PROJECT PVT,24984,2341
Registrar General India ECIL,Tera Software Ltd,6003,512
Registrar General India ECIL,Vedavaag Systems Limited,2729,78
Registrar General India Others,AVVAS INFOTECH PVT  LTD,7,0
Registrar General India Others,BUSINESS INFORMATION PROCESSING SERVICES,1,0
Registrar General India Others,COMTECH INSTITUTE OFTECHNOLOGY,13,0
Registrar General India Others,Chinar Construction Company Prime agency,1,0
Registrar General India Others,Computer LAB,23,37
Registrar General India Others,Eagle Software India Pvt. Ltd,9,2
Registrar General India Others,In Media Computer Services LLP,2,0
Registrar General India Others,Karvy Data Management Services,12,0
Registrar General India Others,Madras Security Printers Ltd,51,32
Registrar General India Others,Mphasis Ltd,1,0
Registrar General India Others,Nielsen  India  Private Limited,1,0
Registrar General India Others,Om Softwares,4,0
Registrar General India Others,Quick Data IT Services Pvt Ltd,2,0
Registrar General India Others,SWISSTECH NPR 57CR PROJECT PVT,2,4
Registrar General India Others,Swathy Smartcards Hi-Tech Pvt,1,0
Registrar General India Others,Vansh Infotech Pvt Ltd,2,0
Registrar General India Others,WEBEL TECHNOLOGY LIMITED,5,0
Registrar General India Others,Webx Technologies Private Limited,2,0
Registrar General of India ITI,COMTECH INSTITUTE OFTECHNOLOGY,485,98
Registrar General of India ITI,CSS TECHNERGY LIMITED,263,3
Registrar General of India ITI,CommunitiWorks Welfare Society,2750,2
Registrar General of India ITI,Eagle Software India Pvt. Ltd,6961,502
Registrar General of India ITI,Emdee Digitronics Pvt.Ltd.,33137,1163
Registrar General of India ITI,In Media Computer Services LLP,395,15
Registrar General of India ITI,Karvy Data Management Services,6392,341
Registrar General of India ITI,Madras Security Printers Ltd,710,105
Registrar General of India ITI,Mphasis Ltd,1837,151
Registrar General of India ITI,Multiwave Innovation,68,26
Registrar General of India ITI,Netlink software Pvt Ltd,1873,60
Registrar General of India ITI,Netwing Technologies Pvt Ltd,19,1
Registrar General of India ITI,Nielsen  India  Private Limited,2441,51
Registrar General of India ITI,Quick Data IT Services Pvt Ltd,17,0
Registrar General of India ITI,SREEVEN INFOCOM LIMITED,17,4
Registrar General of India ITI,STRATEGIC OUTSOURCING SERVICE,1713,26
Registrar General of India ITI,Satyanarayana Raju Company Pvt ltd,763,86
Registrar General of India ITI,Swathy Smartcards Hi-Tech Pvt,2713,4979
Registrar General of India ITI,TechSmart India Pvt Ltd,20,10
Registrar General of India ITI,Urmila Info solution,122,9
Registrar General of India ITI,VIRGO SOFTECH LIMITED,2081,568
Registrar General of India ITI,Vedavaag Systems Limited,6778,222
Registrar General of India ITI,WEBEL TECHNOLOGY LIMITED,6789,138
Registrar General of India ITI,Webx Technologies Private Limited,199,7
State Bank of Bikaner & Jaipur,Multiwave Innovation,931,5
State Bank of India,CSS TECHNERGY LIMITED,2,0
State Bank of India,IL&FS LTD,1,0
State Bank of Travancore,Tera Software Ltd,185,8
UIDAI-Registrar,UIDAI-EA,28,1
UT Of Daman and Diu,Alankit Assignments Limited,41,4
UT of Puducherry,Madras Security Printers Ltd,38,21
Union Bank,4G IDENTITY SOLUTIONS,1,0
Union Bank,FINANCIAL INFORMATION NETWORK,33372,7338
Union Bank,Smart Chip Limited,31527,5883
Union Bank,Vakrangee Softwares Limited,36979,1409
