Registrar,Enrolment Agency,Aadhaar generated,Enrolment Rejected
Allahabad Bank,Tera Software Ltd,1,0
Allahabad Bank,Vakrangee Softwares Limited,7320,59
Bank Of India,A3 Logics  India  Ltd,5511,339
Bank Of India,Akanksha International,1619,591
Bank Of India,Blue Circle Instrument,3768,89
Bank Of India,CHESSY CONSULTANTS PVT LTD,2096,77
Bank Of India,DATASOFT COMPUTER SERVICES(P),1774,136
Bank Of India,Emdee Digitronics Pvt.Ltd.,1352,80
Bank Of India,Frontech Systems Pvt Ltd,1028,49
Bank Of India,ITI LIMITED,9,1
Bank Of India,MANTRA SOFTTECH (INDIA) PVTLTD,581,46
Bank Of India,Matrix Processing House,14630,862
Bank Of India,OPTIMIX CONSULTANCY PRIVATE LT,0,1
Bank Of India,OSWAL COMPUTERS & CONSULTANTS,24278,3949
Bank Of India,PROTEX COMPUTER PVT LTD,3545,368
Bank Of India,SARADA SYSTEMS,3429,315
Bank Of India,SHRIKRISHNA KHANDASARI SUGAR M,10291,388
Bank Of India,SPANCO,8441,337
Bank Of India,SREI INFRASTRUCTURE FINANCES L,16891,1101
Bank Of India,Silver Touch Technologies Ltd,1409,241
Bank Of India,Systematic & Advance Const P L,10260,487
Bank Of India,VEETECHNOLOGIES PVT. LTD,14895,894
Bank Of India,VIRGO SOFTECH LIMITED,10,0
Bank Of India,Vakrangee Softwares Limited,374,72
Bank of Baroda,DATASOFT COMPUTER SERVICES(P),43,2
Bank of Baroda,Global Finsol Private Limited,4159,394
Bank of Maharashtra,Alankit Finsec Ltd,220,9
Bank of Maharashtra,FINANCIAL INFORMATION NETWORK,1552,112
Bank of Maharashtra,Micro Technologies India Ltd,2635,133
Bank of Maharashtra,Tera Software Ltd,8611,784
CSC e-Governance Services India Limited,A I Soc for Electronics and Comp Tech,15546,480
CSC e-Governance Services India Limited,AKSH OPTIFIBRE LIMITED,2979,78
CSC e-Governance Services India Limited,BASIX,5615,158
CSC e-Governance Services India Limited,CALANCE SOFTWARE PRIVATE LTD,3916,95
CSC e-Governance Services India Limited,CMS Computers Ltd,17281,449
CSC e-Governance Services India Limited,CSC e-Governance Services India Limited,7356,393
CSC e-Governance Services India Limited,Intelligent Communication Systems India Limited,250,24
CSC e-Governance Services India Limited,MANTRA SOFTTECH (INDIA) PVTLTD,2325,72
CSC e-Governance Services India Limited,Network for Information & Computer,4115,392
CSC e-Governance Services India Limited,Reliance Communication Limited,3779,108
CSC e-Governance Services India Limited,SPANCO,1343,106
CSC e-Governance Services India Limited,Tera Software Ltd,462,38
CSC e-Governance Services India Limited,United Telecoms e-Services Pvt Ltd,2760,155
CSC e-Governance Services India Limited,VIKALP MULTIMEDIA,740,109
CSC e-Governance Services India Limited,Vakrangee Softwares Limited,6062,376
CSC e-Governance Services India Limited,Zephyr System Pvt.Ltd.,520,6
Canara Bank,Ojus Healthcare Private Limited,114,0
Canara Bank,Rosmerta technoliges Limited,0,1
Central Bank of India,CALANCE SOFTWARE PRIVATE LTD,2858,173
Central Bank of India,Frontech Systems Pvt Ltd,3,0
Central Bank of India,IAP COMPANY Pvt. Ltd,11466,747
Central Bank of India,IL&FS LTD,1,0
Central Bank of India,MANTRA SOFTTECH (INDIA) PVTLTD,374,19
Central Bank of India,The Peerless General Finance,2493,143
Civil Supplies - A&N Islands,India Computer Technology,2,0
DENA BANK,ATISHAY INFOTECH PVT. LTD.,4702,99
DENA BANK,BNR UDYOG LIMITED,880,5
DENA BANK,Bloom Solutions Pvt Ltd,7389,1475
DENA BANK,Business Information Processing Services,665,92
DENA BANK,CALANCE SOFTWARE PRIVATE LTD,1158,78
DENA BANK,DATASOFT COMPUTER SERVICES(P),487,16
DENA BANK,Gujarat Infotech Ltd.,1487,4
DENA BANK,IAP COMPANY Pvt. Ltd,266,4
DENA BANK,JNET Technologies Pvt.Ltd,6882,212
DENA BANK,K W Consulting P Ltd,2798,225
DENA BANK,Multiwave Innovation,2769,452
DENA BANK,Narayana Electricals Solution Pvt Ltd,2235,233
DENA BANK,Netlink software Pvt Ltd,2091,31
DENA BANK,Ortem Securities Limited,10,4
DENA BANK,Prodigy Systems and Services Private Limited,1390,97
DENA BANK,Soc for Advancement of Environ Science,734,40
DENA BANK,Super Printers,1172,144
DENA BANK,Systematic & Advance Const P L,4839,60
DENA BANK,TechSmart India Pvt Ltd,6655,1050
DENA BANK,Tera Software Ltd,2221,122
DENA BANK,WEBEL,261,28
Delhi - Central DC,Smart Chip Limited,653,122
Delhi - East DC,DATASOFT COMPUTER SERVICES(P),1017,102
Delhi - ND DC,Smart Chip Limited,180,14
Delhi - NE DC,Smart Chip Limited,1174,227
Delhi - North DC,CALANCE SOFTWARE PRIVATE LTD,3935,398
Delhi - North DC,NVR & ASSOCIATES LIMITED,2191,290
Delhi - North DC,Smart Chip Limited,738,261
Delhi SW DC,VIRGO SOFTECH LIMITED,401,170
Delhi Urban Shelter Improvemen,Alankit Assignments Limited,0,1
Delhi- South DC,Karvy Computershare Private Li,293,16
Delhi- South DC,Smart Chip Limited,391,18
Delhi- West DC,Smart Chip Limited,376,44
Delhi- West DC,VIRGO SOFTECH LIMITED,775,707
Delhi-NW DC,Karvy Computershare Private Li,444,76
Department of Information Technology Govt of Jharkhand,Blue Circle Instrument,1446,61
Department of Information Technology Govt of Jharkhand,MKS Enterprises,1804,131
Department of Information Technology Govt of Jharkhand,Systematic & Advance Const P L,72,11
Department of Information Technology Govt of Jharkhand,Vayam technologies Ltd,6,4
Department of Information Technology Govt of Jharkhand,Wipro Ltd,12,0
Dept of ITC Govt of Rajasthan,ATISHAY INFOTECH PVT. LTD.,5476,236
Dept of ITC Govt of Rajasthan,AVVAS INFOTECH PVT  LTD,6490,323
Dept of ITC Govt of Rajasthan,Alankit Finsec Ltd,3087,179
Dept of ITC Govt of Rajasthan,Business Information Processing Services,2541,346
Dept of ITC Govt of Rajasthan,DATASOFT COMPUTER SERVICES(P),11919,383
Dept of ITC Govt of Rajasthan,Gem Computers,2900,200
Dept of ITC Govt of Rajasthan,MANTRA SOFTTECH (INDIA) PVTLTD,811,68
Dept of ITC Govt of Rajasthan,Multiwave Innovation,2703,220
Dept of ITC Govt of Rajasthan,Netlink software Pvt Ltd,2128,59
Dept of ITC Govt of Rajasthan,TechSmart India Pvt Ltd,2833,125
Dept of ITC Govt of Rajasthan,Transline Technologies P Ltd,8215,865
Dept of ITC Govt of Rajasthan,VIRGO SOFTECH LIMITED,2628,667
Dept of ITC Govt of Rajasthan,Vakrangee Softwares Limited,18633,992
Dept of ITC Govt of Rajasthan,Vayam technologies Ltd,5466,964
FCR Govt of Haryana,4G INFORMATICS,2874,96
FCR Govt of Haryana,Radiant Info Systems Ltd,616,16
FCR Govt of Haryana,Vakrangee Softwares Limited,104,24
FCR Govt of Haryana,Vayam technologies Ltd,1970,190
FCS Govt of Punjab,Alankit Assignments Limited,1,0
FCS Govt of Punjab,Alankit Finsec Ltd,1,0
FCS Govt of Punjab,CSS TECHNERGY LIMITED,173,2
FCS Govt of Punjab,District Sukhmani Society Ferozepur Punjab,59,0
FCS Govt of Punjab,Diwakar Commercials Pvt Ltd,1,0
FCS Govt of Punjab,Karvy Computershare Private Li,18997,1093
FCS Govt of Punjab,Vayam technologies Ltd,6920,1367
FCS Govt of Punjab,eCentric solutions pvt ltd,11723,627
Govt of Andhra Pradesh,Gouthami Educational Society,2788,79
Govt of Andhra Pradesh,GrapeSoft,927,51
Govt of Andhra Pradesh,INFRONICS SYSTEMS LTD,6703,369
Govt of Andhra Pradesh,Madras Security Printers Ltd,8,0
Govt of Andhra Pradesh,SREEVEN INFOCOM LIMITED,1955,590
Govt of Andhra Pradesh,TechSmart India Pvt Ltd,4695,490
Govt of Andhra Pradesh,Tera Software Ltd,2227,416
Govt of Andhra Pradesh,eCentric solutions pvt ltd,3,0
Govt of Goa,COMAT TECHNOLOGIES P LTD,2,13
Govt of Goa,MARS Telecom Systems Pvt Ltd,262,30
Govt of Gujarat,GSS Infotech Ltd,4671,179
Govt of Gujarat,Karvy Computershare Private Li,20460,349
Govt of Gujarat,Silver Touch Technologies Ltd,31263,798
Govt of Gujarat,Tera Software Ltd,12320,231
Govt of Gujarat,Transline Technologies P Ltd,2059,158
Govt of Gujarat,Vayam technologies Ltd,17153,1218
Govt of Gujarat,eCentric solutions pvt ltd,3725,93
Govt of Himachal Pradesh,IL&FS LTD,1,0
Govt of Himachal Pradesh,Wipro Ltd,1401,212
Govt of Himachal Pradesh,i-Grandee SoftwareTechnologies,2021,132
Govt of Karnataka ,BNR UDYOG LIMITED,1148,305
Govt of Karnataka ,Bloom Solutions Pvt Ltd,3560,109
Govt of Karnataka ,COMAT TECHNOLOGIES P LTD,1,0
Govt of Karnataka ,GLODYNE TECHNOSERVE,5,0
Govt of Karnataka ,MARS Telecom Systems Pvt Ltd,31886,2255
Govt of Karnataka ,Ninestars Information Technologies Ltd,17696,3265
Govt of Karnataka ,Om Softwares,350,0
Govt of Karnataka ,Origin ITFS Pvt Ltd,21597,1322
Govt of Karnataka ,Radiant Info Systems Ltd,114,24
Govt of Karnataka ,SREEVEN INFOCOM LIMITED,12972,1100
Govt of Karnataka ,Tera Software Ltd,0,1
Govt of Karnataka ,Wipro Ltd,0,1
Govt of Kerala,Akshaya,15517,639
Govt of Kerala,Keltron,1266,70
Govt of Madhya Pradesh,VIRGO SOFTECH LIMITED,18,0
Govt of Maharashtra,Adcc Infocad Pvt.Ltd Nagpur,4,0
Govt of Maharashtra,Alankit Assignments Limited,1,0
Govt of Maharashtra,Alankit Finsec Ltd,1778,122
Govt of Maharashtra,Bharat Technical Solutions Private Limited,1135,4
Govt of Maharashtra,Eagle press pvt ltd,805,15
Govt of Maharashtra,GLODYNE TECHNOSERVE,182,14
Govt of Maharashtra,Global Finsol Private Limited,1273,224
Govt of Maharashtra,Karvy Computershare Private Li,12647,995
Govt of Maharashtra,M/S King Computer System pvt Ltd,463,3
Govt of Maharashtra,M/s. Vidya Online  Pune,638,20
Govt of Maharashtra,Mahaonline Limited,1,0
Govt of Maharashtra,Narayana Electricals Solution Pvt Ltd,3194,138
Govt of Maharashtra,Netlink software Pvt Ltd,6517,543
Govt of Maharashtra,Network for Information & Computer,17,2
Govt of Maharashtra,Obel projects Pvt Ltd,1,0
Govt of Maharashtra,Rudranee Infotech Ltd,1836,125
Govt of Maharashtra,SETU MAHARASHTRA,1297,47
Govt of Maharashtra,SHREERAM PRINTING PRESS,744,16
Govt of Maharashtra,SPANCO,6607,128
Govt of Maharashtra,STRATEGIC OUTSOURCING SERVICE,5065,91
Govt of Maharashtra,Silver Touch Technologies Ltd,5060,211
Govt of Maharashtra,Systematic & Advance Const P L,169,7
Govt of Maharashtra,TechSmart India Pvt Ltd,3060,140
Govt of Maharashtra,Tera Software Ltd,65,1
Govt of Maharashtra,Transline Technologies P Ltd,1324,334
Govt of Maharashtra,Wipro Ltd,4831,538
Govt of Sikkim - Dept of Econo,4G IDENTITY SOLUTIONS,2,0
Govt of Sikkim - Dept of Econo,Department of Economics Statistics  Monitoring and Evaluation DESME,191,8
IDBI Bank ltd,ATISHAY INFOTECH PVT. LTD.,1592,130
IDBI Bank ltd,Matrix Processing House,880,142
IDBI Bank ltd,Pioneer E Labs limited,1,0
IDBI Bank ltd,SREEVEN INFOCOM LIMITED,6177,243
IDBI Bank ltd,UTI TECHNOLOGY SERVICES LIMITE,3247,104
Indian Overseas Bank,Karvy Computershare Private Li,1,1
Indiapost,4G IDENTITY SOLUTIONS,1,0
Indiapost,Delhi Integrated MMTS Ltd,9160,318
Indiapost,GLODYNE TECHNOSERVE,3,0
Indiapost,Global Finsol Private Limited,5454,525
Indiapost,M/S STAR DATA CENTRE,978,62
Indiapost,MARS Telecom Systems Pvt Ltd,1937,880
Indiapost,Smart Chip Limited,558,4
Indiapost,Vayam technologies Ltd,737,71
Indiapost,WEBEL,498,229
Indiapost,eCentric solutions pvt ltd,1,0
Information Technology & Communication Department,4G INFORMATICS,24723,1532
Information Technology & Communication Department,BNR UDYOG LIMITED,10456,502
Information Technology & Communication Department,Bloom Solutions Pvt Ltd,1305,555
Information Technology & Communication Department,CSS TECHNERGY LIMITED,4195,79
Information Technology & Communication Department,Directorate of ESD,332,3
Information Technology & Communication Department,GDC Advertising Pvt. Limited,302,79
Information Technology & Communication Department,JYOTHI COMPUTER SERVICES,18903,842
Information Technology & Communication Department,Karvy Data Management Services,856,59
Information Technology & Communication Department,MARS Telecom Systems Pvt Ltd,1155,138
Information Technology & Communication Department,SREEVEN INFOCOM LIMITED,5035,693
Information Technology & Communication Department,Tera Software Ltd,3659,515
Jharkhand,Alankit Assignments Limited,3,0
Jharkhand,Blue Circle Instrument,34,3
Jharkhand,Emdee Digitronics Pvt.Ltd.,3160,196
Jharkhand,MKS Enterprises,2196,149
Jharkhand,Nevaeh Technology Pvt. Ltd.,3013,222
Jharkhand,STRATEGIC OUTSOURCING SERVICE,163,4
Jharkhand,Smart Chip Limited,1900,619
Jharkhand,Systematic & Advance Const P L,2853,375
Jharkhand,VISION COMPTECH INTEGRATOR LTD,4741,1123
Jharkhand,Wipro Ltd,15137,3750
Life Insurance Corporation,eCentric solutions pvt ltd,1,0
Mission Convergence - GNCT Del,Karvy Computershare Private Li,270,69
Mission Convergence - GNCT Del,NVR & ASSOCIATES LIMITED,217,14
NSDL e-Governance Infrastructure Limited,Abhipra Capital Ltd,4294,233
NSDL e-Governance Infrastructure Limited,Alankit Assignments Limited,14010,849
NSDL e-Governance Infrastructure Limited,Alankit Finsec Ltd,60,0
NSDL e-Governance Infrastructure Limited,Delhi Integrated MMTS Ltd,791,5
NSDL e-Governance Infrastructure Limited,Global Finsol Private Limited,326,10
NSDL e-Governance Infrastructure Limited,INTEGRATED REGISTRY SERVICES LTD,96,7
NSDL e-Governance Infrastructure Limited,Karvy Consultants Limited,53,0
NSDL e-Governance Infrastructure Limited,Karvy Data Management Services,43627,2628
NSDL e-Governance Infrastructure Limited,N.K. Sharma Enterprises Ltd.,33,0
NSDL e-Governance Infrastructure Limited,Netlink software Pvt Ltd,12178,551
NSDL e-Governance Infrastructure Limited,PROWIZ MANSYTEMS PVT LTD,7773,582
NSDL e-Governance Infrastructure Limited,Promind Solutions P Limited,1258,45
NSDL e-Governance Infrastructure Limited,VIRGO SOFTECH LIMITED,11727,898
Oriental Bank of Commerce,DATASOFT COMPUTER SERVICES(P),1178,34
Oriental Bank of Commerce,Euro Finmart Ltd,203,43
Oriental Bank of Commerce,FINANCIAL INFORMATION NETWORK,2,0
Oriental Bank of Commerce,JNET Technologies Pvt.Ltd,3298,66
Oriental Bank of Commerce,Redim Software Technologies Pvt Ltd,951,63
Oriental Bank of Commerce,Sri Ramraja Sarkar Lok Kalyan Trust,15141,957
Oriental Bank of Commerce,Wipro Ltd,15387,1314
Principal Revenue Commissioner  Dept of Revenue  Govt of MP,Frontech Systems Pvt Ltd,1150,22
Principal Revenue Commissioner  Dept of Revenue  Govt of MP,K W Consulting P Ltd,1700,151
Principal Revenue Commissioner  Dept of Revenue  Govt of MP,LYRA  CONSULTANCY SERVICE,56,0
Principal Revenue Commissioner  Dept of Revenue  Govt of MP,Netlink software Pvt Ltd,414,35
Principal Revenue Commissioner  Dept of Revenue  Govt of MP,OSWAL COMPUTERS & CONSULTANTS,643,19
Principal Revenue Commissioner  Dept of Revenue  Govt of MP,Tera Software Ltd,421,15
Principal Revenue Commissioner  Dept of Revenue  Govt of MP,The NSIC ltd,646,4
Principal Revenue Commissioner  Dept of Revenue  Govt of MP,Vedavaag Systems Limited,46,14
Punjab and Sind Bank,Matrix Processing House,1,0
RDD Govt of Tripura,Alankit Assignments Limited,3,0
Registrar General India - BEL,In Media Computer Services LLP,2,0
Registrar General India - BEL,Manipur Electronics Dev Corp,32,0
Registrar General India - BEL,Swathy Smartcards Hi-Tech Pvt,4,0
Registrar General India BEL2,Alankit Assignments Limited,384,31
Registrar General India BEL2,Computer LAB,9430,922
Registrar General India BEL2,Emdee Digitronics Pvt.Ltd.,1935,78
Registrar General India BEL2,In Media Computer Services LLP,125,0
Registrar General India BEL2,India Computer Technology,38031,963
Registrar General India BEL2,MACRO INFOTECH PVT LTD,20822,442
Registrar General India BEL2,MKS Enterprises,274,0
Registrar General India BEL2,Madras Security Printers Ltd,44110,1271
Registrar General India BEL2,Manipur Electronics Dev Corp,915,2
Registrar General India BEL2,Multiwave Innovation,739,86
Registrar General India BEL2,Netlink software Pvt Ltd,3046,179
Registrar General India BEL2,Nevaeh Technology Pvt. Ltd.,1085,20
Registrar General India BEL2,Nielsen  India  Private Limited,4701,458
Registrar General India BEL2,Om Softwares,7714,502
Registrar General India BEL2,SREEVEN INFOCOM LIMITED,203,2
Registrar General India BEL2,STRATEGIC OUTSOURCING SERVICE,4295,158
Registrar General India BEL2,Satyanarayana Raju Company Pvt ltd,5959,15
Registrar General India BEL2,Swathy Smartcards Hi-Tech Pvt,95696,8932
Registrar General India BEL2,Swiss Tech India Pvt Ltd,1514,83
Registrar General India BEL2,Tera Software Ltd,4571,878
Registrar General India BEL2,UNITED DATA SERVICES PRIVATE LIMITED,17005,274
Registrar General India BEL2,VIRGO SOFTECH LIMITED,1853,473
Registrar General India BEL2,Vansh Infotech Pvt Ltd,7729,22
Registrar General India BEL2,Vedavaag Systems Limited,2891,44
Registrar General India BEL2,Viesa Technologies,1237,32
Registrar General India ECIL,AVVAS INFOTECH PVT  LTD,10695,297
Registrar General India ECIL,BUSINESS INFORMATION PROCESSING SERVICES,1545,32
Registrar General India ECIL,COMTECH INSTITUTE OFTECHNOLOGY,6895,487
Registrar General India ECIL,COMTECHINFO SOLUTIONS PVT.LTD,6020,59
Registrar General India ECIL,Chinar Construction Company Prime agency,1907,52
Registrar General India ECIL,Clairvoyance Technologies Pvt.,97,1
Registrar General India ECIL,Computer LAB,181373,13581
Registrar General India ECIL,Eagle Software India Pvt. Ltd,42777,226
Registrar General India ECIL,Esoft Consulting Limited,530,16
Registrar General India ECIL,In Media Computer Services LLP,10776,535
Registrar General India ECIL,India Computer Technology,25815,3465
Registrar General India ECIL,Karvy Data Management Services,22564,286
Registrar General India ECIL,Krishna Infotech,516,29
Registrar General India ECIL,Madras Security Printers Ltd,33916,1773
Registrar General India ECIL,Mphasis Ltd,17352,243
Registrar General India ECIL,Netwing Technologies Pvt Ltd,97,0
Registrar General India ECIL,Nielsen  India  Private Limited,2521,124
Registrar General India ECIL,Pioneer E Labs limited,202,8
Registrar General India ECIL,Quick Data IT Services Pvt Ltd,552,9
Registrar General India ECIL,SARADA SYSTEMS,2734,15
Registrar General India ECIL,SWISSTECH NPR 57CR PROJECT PVT,10865,890
Registrar General India ECIL,Tera Software Ltd,10514,275
Registrar General India ECIL,Vedavaag Systems Limited,2779,88
Registrar General India Others,AVVAS INFOTECH PVT  LTD,11,0
Registrar General India Others,BUSINESS INFORMATION PROCESSING SERVICES,4,0
Registrar General India Others,COMTECH INSTITUTE OFTECHNOLOGY,22,0
Registrar General India Others,COMTECHINFO SOLUTIONS PVT.LTD,1,1
Registrar General India Others,Chinar Construction Company Prime agency,2,0
Registrar General India Others,Computer LAB,38,3
Registrar General India Others,Eagle Software India Pvt. Ltd,20,2
Registrar General India Others,Karvy Data Management Services,19,0
Registrar General India Others,Madras Security Printers Ltd,64,1
Registrar General India Others,Mphasis Ltd,2,0
Registrar General India Others,Nielsen  India  Private Limited,8,0
Registrar General India Others,Om Softwares,3,0
Registrar General India Others,STRATEGIC OUTSOURCING SERVICE,2,0
Registrar General India Others,SWISSTECH NPR 57CR PROJECT PVT,1,2
Registrar General India Others,Swathy Smartcards Hi-Tech Pvt,5,0
Registrar General India Others,VIRGO SOFTECH LIMITED,2,0
Registrar General India Others,Vansh Infotech Pvt Ltd,2,0
Registrar General India Others,Vedavaag Systems Limited,4,0
Registrar General India Others,WEBEL TECHNOLOGY LIMITED,2,0
Registrar General India Others,Webx Technologies Private Limited,1,0
Registrar General of India ITI,COMTECH INSTITUTE OFTECHNOLOGY,1536,32
Registrar General of India ITI,CSS TECHNERGY LIMITED,668,17
Registrar General of India ITI,CommunitiWorks Welfare Society,1234,21
Registrar General of India ITI,Eagle Software India Pvt. Ltd,11141,332
Registrar General of India ITI,Emdee Digitronics Pvt.Ltd.,37615,2145
Registrar General of India ITI,In Media Computer Services LLP,756,3
Registrar General of India ITI,Karvy Data Management Services,7086,132
Registrar General of India ITI,Madras Security Printers Ltd,1616,73
Registrar General of India ITI,Mphasis Ltd,3069,128
Registrar General of India ITI,Multiwave Innovation,20,6
Registrar General of India ITI,Netlink software Pvt Ltd,1648,39
Registrar General of India ITI,Netwing Technologies Pvt Ltd,36,0
Registrar General of India ITI,Nielsen  India  Private Limited,2493,56
Registrar General of India ITI,Quick Data IT Services Pvt Ltd,49,0
Registrar General of India ITI,SREEVEN INFOCOM LIMITED,125,2
Registrar General of India ITI,STRATEGIC OUTSOURCING SERVICE,2547,49
Registrar General of India ITI,Satyanarayana Raju Company Pvt ltd,1233,26
Registrar General of India ITI,Swathy Smartcards Hi-Tech Pvt,6567,2141
Registrar General of India ITI,TechSmart India Pvt Ltd,47,1
Registrar General of India ITI,Urmila Info solution,324,16
Registrar General of India ITI,VIRGO SOFTECH LIMITED,2175,118
Registrar General of India ITI,Vedavaag Systems Limited,8168,187
Registrar General of India ITI,WEBEL TECHNOLOGY LIMITED,5796,75
Registrar General of India ITI,Webx Technologies Private Limited,522,4
STATE BANK OF HYDERABAD,CSS TECHNERGY LIMITED,1,0
STATE BANK OF PATIALA,CSS TECHNERGY LIMITED,0,1
State Bank of Bikaner & Jaipur,Multiwave Innovation,1925,88
State Bank of India,4G IDENTITY SOLUTIONS,1,0
State Bank of Travancore,Tera Software Ltd,117,18
UIDAI-Registrar,UIDAI-EA,34,0
UT Of Daman and Diu,Alankit Assignments Limited,56,3
UT of Puducherry,Madras Security Printers Ltd,130,28
Union Bank,FINANCIAL INFORMATION NETWORK,46051,3615
Union Bank,Smart Chip Limited,35480,6993
Union Bank,Vakrangee Softwares Limited,58060,3245
