Registrar,Enrolment Agency,Aadhaar generated,Enrolment Rejected
Allahabad Bank,Vakrangee Softwares Limited,10385,216
Bank Of India,A3 Logics  India  Ltd,3439,147
Bank Of India,Akanksha International,1240,9
Bank Of India,Blue Circle Instrument,1823,11
Bank Of India,CHESSY CONSULTANTS PVT LTD,1039,3
Bank Of India,DATASOFT COMPUTER SERVICES(P),962,13
Bank Of India,Emdee Digitronics Pvt.Ltd.,1523,5
Bank Of India,Frontech Systems Pvt Ltd,639,20
Bank Of India,ITI LIMITED,10,1
Bank Of India,MANTRA SOFTTECH (INDIA) PVTLTD,426,4
Bank Of India,Matrix Processing House,13780,340
Bank Of India,OSWAL COMPUTERS & CONSULTANTS,10494,709
Bank Of India,PROTEX COMPUTER PVT LTD,2886,77
Bank Of India,SARADA SYSTEMS,2143,39
Bank Of India,SHRIKRISHNA KHANDASARI SUGAR M,4112,97
Bank Of India,SPANCO,6746,112
Bank Of India,SREI INFRASTRUCTURE FINANCES L,10743,238
Bank Of India,Silver Touch Technologies Ltd,1003,19
Bank Of India,Systematic & Advance Const P L,6142,234
Bank Of India,VEETECHNOLOGIES PVT. LTD,7800,123
Bank Of India,VIRGO SOFTECH LIMITED,10,0
Bank Of India,Vakrangee Softwares Limited,292,30
Bank of Baroda,DATASOFT COMPUTER SERVICES(P),7,0
Bank of Baroda,Global Finsol Private Limited,2818,29
Bank of Baroda,IL&FS LTD,1,0
Bank of Maharashtra,Alankit Finsec Ltd,122,5
Bank of Maharashtra,FINANCIAL INFORMATION NETWORK,622,62
Bank of Maharashtra,Micro Technologies India Ltd,642,38
Bank of Maharashtra,Tera Software Ltd,5893,15
CSC e-Governance Services India Limited,A I Soc for Electronics and Comp Tech,5527,40
CSC e-Governance Services India Limited,AKSH OPTIFIBRE LIMITED,1369,37
CSC e-Governance Services India Limited,BASIX,1968,4
CSC e-Governance Services India Limited,CALANCE SOFTWARE PRIVATE LTD,2739,55
CSC e-Governance Services India Limited,CMS Computers Ltd,5133,39
CSC e-Governance Services India Limited,CSC e-Governance Services India Limited,3437,42
CSC e-Governance Services India Limited,Intelligent Communication Systems India Limited,100,4
CSC e-Governance Services India Limited,MANTRA SOFTTECH (INDIA) PVTLTD,716,1
CSC e-Governance Services India Limited,Network for Information & Computer,1878,1
CSC e-Governance Services India Limited,Reliance Communication Limited,1716,52
CSC e-Governance Services India Limited,SPANCO,837,19
CSC e-Governance Services India Limited,Tera Software Ltd,260,5
CSC e-Governance Services India Limited,United Telecoms e-Services Pvt Ltd,923,13
CSC e-Governance Services India Limited,VIKALP MULTIMEDIA,403,1
CSC e-Governance Services India Limited,Vakrangee Softwares Limited,4072,12
CSC e-Governance Services India Limited,Zephyr System Pvt.Ltd.,183,0
Central Bank of India,CALANCE SOFTWARE PRIVATE LTD,2099,91
Central Bank of India,Frontech Systems Pvt Ltd,3,0
Central Bank of India,IAP COMPANY Pvt. Ltd,7415,118
Central Bank of India,MANTRA SOFTTECH (INDIA) PVTLTD,255,4
Central Bank of India,The Peerless General Finance,1624,10
DENA BANK,ATISHAY INFOTECH PVT. LTD.,2921,10
DENA BANK,BNR UDYOG LIMITED,16,0
DENA BANK,Bloom Solutions Pvt Ltd,2661,36
DENA BANK,Business Information Processing Services,367,1
DENA BANK,CALANCE SOFTWARE PRIVATE LTD,1100,39
DENA BANK,DATASOFT COMPUTER SERVICES(P),326,6
DENA BANK,Gujarat Infotech Ltd.,70,0
DENA BANK,IAP COMPANY Pvt. Ltd,25,0
DENA BANK,JNET Technologies Pvt.Ltd,2202,17
DENA BANK,K W Consulting P Ltd,1296,15
DENA BANK,Multiwave Innovation,2432,18
DENA BANK,Narayana Electricals Solution Pvt Ltd,1126,8
DENA BANK,Netlink software Pvt Ltd,557,6
DENA BANK,Ortem Securities Limited,5,0
DENA BANK,Prodigy Systems and Services Private Limited,293,5
DENA BANK,Soc for Advancement of Environ Science,655,10
DENA BANK,Super Printers,616,5
DENA BANK,Systematic & Advance Const P L,839,2
DENA BANK,TechSmart India Pvt Ltd,1965,704
DENA BANK,Tera Software Ltd,1335,11
DENA BANK,WEBEL,217,0
Delhi - Central DC,Smart Chip Limited,574,71
Delhi - East DC,DATASOFT COMPUTER SERVICES(P),546,36
Delhi - ND DC,Smart Chip Limited,147,4
Delhi - NE DC,Smart Chip Limited,953,155
Delhi - North DC,CALANCE SOFTWARE PRIVATE LTD,1661,593
Delhi - North DC,NVR & ASSOCIATES LIMITED,534,507
Delhi - North DC,Smart Chip Limited,610,160
Delhi SW DC,VIRGO SOFTECH LIMITED,229,53
Delhi- South DC,Karvy Computershare Private Li,239,141
Delhi- South DC,Smart Chip Limited,269,6
Delhi- South DC,Tera Software Ltd,1,0
Delhi- West DC,Smart Chip Limited,287,46
Delhi- West DC,VIRGO SOFTECH LIMITED,557,7
Delhi-NW DC,Karvy Computershare Private Li,352,41
Department of Information Technology Govt of Jharkhand,Blue Circle Instrument,610,11
Department of Information Technology Govt of Jharkhand,MKS Enterprises,1564,46
Department of Information Technology Govt of Jharkhand,Systematic & Advance Const P L,80,0
Department of Information Technology Govt of Jharkhand,Vayam technologies Ltd,2,0
Department of Information Technology Govt of Jharkhand,Wipro Ltd,10,0
Dept of ITC Govt of Rajasthan,ATISHAY INFOTECH PVT. LTD.,4377,373
Dept of ITC Govt of Rajasthan,AVVAS INFOTECH PVT  LTD,4162,161
Dept of ITC Govt of Rajasthan,Alankit Finsec Ltd,1601,34
Dept of ITC Govt of Rajasthan,Business Information Processing Services,1947,4
Dept of ITC Govt of Rajasthan,DATASOFT COMPUTER SERVICES(P),5623,150
Dept of ITC Govt of Rajasthan,Gem Computers,1223,13
Dept of ITC Govt of Rajasthan,MANTRA SOFTTECH (INDIA) PVTLTD,500,2
Dept of ITC Govt of Rajasthan,Multiwave Innovation,1745,16
Dept of ITC Govt of Rajasthan,Netlink software Pvt Ltd,817,11
Dept of ITC Govt of Rajasthan,TechSmart India Pvt Ltd,1457,12
Dept of ITC Govt of Rajasthan,Transline Technologies P Ltd,3809,221
Dept of ITC Govt of Rajasthan,VIRGO SOFTECH LIMITED,1667,31
Dept of ITC Govt of Rajasthan,Vakrangee Softwares Limited,9294,1026
Dept of ITC Govt of Rajasthan,Vayam technologies Ltd,3871,333
FCR Govt of Haryana,4G INFORMATICS,1098,0
FCR Govt of Haryana,Radiant Info Systems Ltd,332,0
FCR Govt of Haryana,Vakrangee Softwares Limited,93,4
FCR Govt of Haryana,Vayam technologies Ltd,1111,10
FCS Govt of Punjab,Alankit Assignments Limited,3,0
FCS Govt of Punjab,CSS TECHNERGY LIMITED,207,9
FCS Govt of Punjab,Karvy Computershare Private Li,9527,731
FCS Govt of Punjab,Vayam technologies Ltd,3228,264
FCS Govt of Punjab,eCentric solutions pvt ltd,6389,198
Govt of Andhra Pradesh,Gouthami Educational Society,792,102
Govt of Andhra Pradesh,GrapeSoft,313,20
Govt of Andhra Pradesh,IL&FS LTD,0,2
Govt of Andhra Pradesh,INFRONICS SYSTEMS LTD,2213,90
Govt of Andhra Pradesh,Madras Security Printers Ltd,6,0
Govt of Andhra Pradesh,SREEVEN INFOCOM LIMITED,939,108
Govt of Andhra Pradesh,TechSmart India Pvt Ltd,1342,198
Govt of Andhra Pradesh,Tera Software Ltd,1221,14
Govt of Andhra Pradesh,eCentric solutions pvt ltd,4,1
Govt of Goa,MARS Telecom Systems Pvt Ltd,133,3
Govt of Goa,Tera Software Ltd,1,0
Govt of Gujarat,GSS Infotech Ltd,2481,18
Govt of Gujarat,Karvy Computershare Private Li,9673,91
Govt of Gujarat,Silver Touch Technologies Ltd,14489,178
Govt of Gujarat,Tera Software Ltd,4691,32
Govt of Gujarat,Transline Technologies P Ltd,1503,5
Govt of Gujarat,Vayam technologies Ltd,8517,55
Govt of Gujarat,eCentric solutions pvt ltd,3943,14
Govt of Himachal Pradesh,Wipro Ltd,987,3
Govt of Himachal Pradesh,i-Grandee SoftwareTechnologies,1690,50
Govt of Karnataka ,BNR UDYOG LIMITED,496,1
Govt of Karnataka ,Bloom Solutions Pvt Ltd,1037,3
Govt of Karnataka ,COMAT TECHNOLOGIES P LTD,3,0
Govt of Karnataka ,GLODYNE TECHNOSERVE,4,9
Govt of Karnataka ,MARS Telecom Systems Pvt Ltd,15768,806
Govt of Karnataka ,Ninestars Information Technologies Ltd,7093,2008
Govt of Karnataka ,Om Softwares,52,0
Govt of Karnataka ,Origin ITFS Pvt Ltd,9193,334
Govt of Karnataka ,Radiant Info Systems Ltd,38,0
Govt of Karnataka ,SREEVEN INFOCOM LIMITED,9437,165
Govt of Kerala,Akshaya,5400,125
Govt of Kerala,Keltron,374,7
Govt of Madhya Pradesh,VIRGO SOFTECH LIMITED,7,0
Govt of Maharashtra,Adcc Infocad Pvt.Ltd Nagpur,1,0
Govt of Maharashtra,Alankit Assignments Limited,1,0
Govt of Maharashtra,Alankit Finsec Ltd,1238,57
Govt of Maharashtra,Bharat Technical Solutions Private Limited,279,0
Govt of Maharashtra,Eagle press pvt ltd,338,201
Govt of Maharashtra,GLODYNE TECHNOSERVE,202,1
Govt of Maharashtra,GSS Infotech Ltd,2,0
Govt of Maharashtra,Global Finsol Private Limited,1157,10
Govt of Maharashtra,Karvy Computershare Private Li,6886,115
Govt of Maharashtra,M/S King Computer System pvt Ltd,88,1
Govt of Maharashtra,M/s. Vidya Online  Pune,372,7
Govt of Maharashtra,Narayana Electricals Solution Pvt Ltd,1163,27
Govt of Maharashtra,Netlink software Pvt Ltd,3251,186
Govt of Maharashtra,Network for Information & Computer,4,0
Govt of Maharashtra,Obel projects Pvt Ltd,2,0
Govt of Maharashtra,Rudranee Infotech Ltd,1019,31
Govt of Maharashtra,SETU MAHARASHTRA,512,2
Govt of Maharashtra,SHREERAM PRINTING PRESS,481,0
Govt of Maharashtra,SPANCO,2995,21
Govt of Maharashtra,STRATEGIC OUTSOURCING SERVICE,2053,60
Govt of Maharashtra,Silver Touch Technologies Ltd,2721,36
Govt of Maharashtra,Systematic & Advance Const P L,74,0
Govt of Maharashtra,TechSmart India Pvt Ltd,1110,9
Govt of Maharashtra,Tera Software Ltd,27,2
Govt of Maharashtra,Transline Technologies P Ltd,715,35
Govt of Maharashtra,Wipro Ltd,3453,31
Govt of Sikkim - Dept of Econo,4G IDENTITY SOLUTIONS,2,0
Govt of Sikkim - Dept of Econo,Department of Economics Statistics  Monitoring and Evaluation DESME,198,6
IDBI Bank ltd,ATISHAY INFOTECH PVT. LTD.,966,28
IDBI Bank ltd,Matrix Processing House,761,10
IDBI Bank ltd,Pioneer E Labs limited,1,0
IDBI Bank ltd,SREEVEN INFOCOM LIMITED,2674,121
IDBI Bank ltd,UTI TECHNOLOGY SERVICES LIMITE,1347,37
Indiapost,4G IDENTITY SOLUTIONS,0,1
Indiapost,Delhi Integrated MMTS Ltd,5645,131
Indiapost,GLODYNE TECHNOSERVE,0,1
Indiapost,Global Finsol Private Limited,3740,88
Indiapost,M/S STAR DATA CENTRE,339,2
Indiapost,MARS Telecom Systems Pvt Ltd,915,41
Indiapost,Smart Chip Limited,565,39
Indiapost,The NSIC ltd,1,0
Indiapost,Vayam technologies Ltd,253,92
Indiapost,WEBEL,348,8
Information Technology & Communication Department,4G INFORMATICS,8625,786
Information Technology & Communication Department,BNR UDYOG LIMITED,1809,186
Information Technology & Communication Department,Bloom Solutions Pvt Ltd,1087,45
Information Technology & Communication Department,CSS TECHNERGY LIMITED,1427,96
Information Technology & Communication Department,Directorate of ESD,132,0
Information Technology & Communication Department,GDC Advertising Pvt. Limited,192,7
Information Technology & Communication Department,JYOTHI COMPUTER SERVICES,4032,612
Information Technology & Communication Department,Karvy Data Management Services,617,20
Information Technology & Communication Department,MARS Telecom Systems Pvt Ltd,712,51
Information Technology & Communication Department,SREEVEN INFOCOM LIMITED,2482,238
Information Technology & Communication Department,Tera Software Ltd,1648,38
Jharkhand,Alankit Assignments Limited,6,1
Jharkhand,Blue Circle Instrument,34,1
Jharkhand,Emdee Digitronics Pvt.Ltd.,1159,85
Jharkhand,MKS Enterprises,1457,60
Jharkhand,Nevaeh Technology Pvt. Ltd.,1902,9
Jharkhand,STRATEGIC OUTSOURCING SERVICE,22,6
Jharkhand,Smart Chip Limited,2001,6
Jharkhand,Smart ID,4,0
Jharkhand,Systematic & Advance Const P L,1465,56
Jharkhand,VISION COMPTECH INTEGRATOR LTD,2985,107
Jharkhand,Wipro Ltd,10662,112
Life Insurance Corporation,eCentric solutions pvt ltd,2,0
Mission Convergence - GNCT Del,Karvy Computershare Private Li,270,7
Mission Convergence - GNCT Del,NVR & ASSOCIATES LIMITED,78,8
NSDL e-Governance Infrastructure Limited,Abhipra Capital Ltd,1621,81
NSDL e-Governance Infrastructure Limited,Alankit Assignments Limited,7068,192
NSDL e-Governance Infrastructure Limited,Delhi Integrated MMTS Ltd,424,11
NSDL e-Governance Infrastructure Limited,Global Finsol Private Limited,254,8
NSDL e-Governance Infrastructure Limited,INTEGRATED REGISTRY SERVICES LTD,40,0
NSDL e-Governance Infrastructure Limited,Karvy Consultants Limited,22,0
NSDL e-Governance Infrastructure Limited,Karvy Data Management Services,22179,266
NSDL e-Governance Infrastructure Limited,N.K. Sharma Enterprises Ltd.,2,0
NSDL e-Governance Infrastructure Limited,Netlink software Pvt Ltd,4927,77
NSDL e-Governance Infrastructure Limited,PROWIZ MANSYTEMS PVT LTD,4733,28
NSDL e-Governance Infrastructure Limited,Promind Solutions P Limited,370,0
NSDL e-Governance Infrastructure Limited,VIRGO SOFTECH LIMITED,8064,73
Oriental Bank of Commerce,DATASOFT COMPUTER SERVICES(P),619,24
Oriental Bank of Commerce,Euro Finmart Ltd,176,3
Oriental Bank of Commerce,FINANCIAL INFORMATION NETWORK,2,0
Oriental Bank of Commerce,JNET Technologies Pvt.Ltd,1076,66
Oriental Bank of Commerce,Redim Software Technologies Pvt Ltd,342,10
Oriental Bank of Commerce,Sri Ramraja Sarkar Lok Kalyan Trust,5610,464
Oriental Bank of Commerce,Wipro Ltd,7755,60
Others,Others,0,2
Principal Revenue Commissioner  Dept of Revenue  Govt of MP,Frontech Systems Pvt Ltd,172,2
Principal Revenue Commissioner  Dept of Revenue  Govt of MP,K W Consulting P Ltd,551,0
Principal Revenue Commissioner  Dept of Revenue  Govt of MP,LYRA  CONSULTANCY SERVICE,3,1
Principal Revenue Commissioner  Dept of Revenue  Govt of MP,Netlink software Pvt Ltd,192,0
Principal Revenue Commissioner  Dept of Revenue  Govt of MP,OSWAL COMPUTERS & CONSULTANTS,40,0
Principal Revenue Commissioner  Dept of Revenue  Govt of MP,Tera Software Ltd,94,0
Principal Revenue Commissioner  Dept of Revenue  Govt of MP,The NSIC ltd,101,0
Principal Revenue Commissioner  Dept of Revenue  Govt of MP,Vedavaag Systems Limited,15,0
Punjab and Sind Bank,Matrix Processing House,1,0
Registrar General India - BEL,In Media Computer Services LLP,5,0
Registrar General India - BEL,Manipur Electronics Dev Corp,28,0
Registrar General India - BEL,Swathy Smartcards Hi-Tech Pvt,1,0
Registrar General India BEL2,Alankit Assignments Limited,409,10
Registrar General India BEL2,Computer LAB,6466,47
Registrar General India BEL2,Emdee Digitronics Pvt.Ltd.,777,6
Registrar General India BEL2,In Media Computer Services LLP,26,2
Registrar General India BEL2,India Computer Technology,23035,2657
Registrar General India BEL2,MACRO INFOTECH PVT LTD,7973,279
Registrar General India BEL2,MKS Enterprises,385,0
Registrar General India BEL2,Madras Security Printers Ltd,13603,523
Registrar General India BEL2,Manipur Electronics Dev Corp,1320,1
Registrar General India BEL2,Multiwave Innovation,1021,53
Registrar General India BEL2,Netlink software Pvt Ltd,1120,13
Registrar General India BEL2,Nevaeh Technology Pvt. Ltd.,507,2
Registrar General India BEL2,Nielsen  India  Private Limited,2048,38
Registrar General India BEL2,Om Softwares,5423,189
Registrar General India BEL2,SREEVEN INFOCOM LIMITED,252,1
Registrar General India BEL2,STRATEGIC OUTSOURCING SERVICE,2310,10
Registrar General India BEL2,Satyanarayana Raju Company Pvt ltd,628,3
Registrar General India BEL2,Swathy Smartcards Hi-Tech Pvt,44485,2017
Registrar General India BEL2,Swiss Tech India Pvt Ltd,1604,5
Registrar General India BEL2,Tera Software Ltd,2997,121
Registrar General India BEL2,UNITED DATA SERVICES PRIVATE LIMITED,5098,84
Registrar General India BEL2,VIRGO SOFTECH LIMITED,678,1
Registrar General India BEL2,Vansh Infotech Pvt Ltd,1749,10
Registrar General India BEL2,Vedavaag Systems Limited,1581,40
Registrar General India BEL2,Viesa Technologies,809,0
Registrar General India ECIL,AVVAS INFOTECH PVT  LTD,7335,40
Registrar General India ECIL,BUSINESS INFORMATION PROCESSING SERVICES,723,2
Registrar General India ECIL,COMTECH INSTITUTE OFTECHNOLOGY,3341,114
Registrar General India ECIL,COMTECHINFO SOLUTIONS PVT.LTD,1775,12
Registrar General India ECIL,Chinar Construction Company Prime agency,1335,1
Registrar General India ECIL,Clairvoyance Technologies Pvt.,109,180
Registrar General India ECIL,Computer LAB,53949,23920
Registrar General India ECIL,Eagle Software India Pvt. Ltd,20596,300
Registrar General India ECIL,Esoft Consulting Limited,193,1
Registrar General India ECIL,In Media Computer Services LLP,5999,97
Registrar General India ECIL,India Computer Technology,7570,7052
Registrar General India ECIL,Karvy Data Management Services,8879,103
Registrar General India ECIL,Krishna Infotech,545,114
Registrar General India ECIL,LYRA  CONSULTANCY SERVICE,2,0
Registrar General India ECIL,Madras Security Printers Ltd,14612,5825
Registrar General India ECIL,Mphasis Ltd,4314,67
Registrar General India ECIL,Netwing Technologies Pvt Ltd,104,6
Registrar General India ECIL,Nielsen  India  Private Limited,1847,0
Registrar General India ECIL,Pioneer E Labs limited,53,6
Registrar General India ECIL,Quick Data IT Services Pvt Ltd,252,0
Registrar General India ECIL,SARADA SYSTEMS,1906,3
Registrar General India ECIL,SWISSTECH NPR 57CR PROJECT PVT,4712,312
Registrar General India ECIL,Tera Software Ltd,7231,370
Registrar General India ECIL,Vedavaag Systems Limited,2313,241
Registrar General India Others,AVVAS INFOTECH PVT  LTD,11,2
Registrar General India Others,BUSINESS INFORMATION PROCESSING SERVICES,1,1
Registrar General India Others,COMTECH INSTITUTE OFTECHNOLOGY,6,0
Registrar General India Others,COMTECHINFO SOLUTIONS PVT.LTD,1,0
Registrar General India Others,Computer LAB,18,1
Registrar General India Others,Eagle Software India Pvt. Ltd,8,0
Registrar General India Others,In Media Computer Services LLP,3,0
Registrar General India Others,Karvy Data Management Services,8,0
Registrar General India Others,Madras Security Printers Ltd,9,21
Registrar General India Others,Nielsen  India  Private Limited,1,0
Registrar General India Others,STRATEGIC OUTSOURCING SERVICE,1,0
Registrar General India Others,Swathy Smartcards Hi-Tech Pvt,3,0
Registrar General India Others,Tera Software Ltd,3,0
Registrar General India Others,VIRGO SOFTECH LIMITED,1,0
Registrar General India Others,Vansh Infotech Pvt Ltd,2,0
Registrar General India Others,Vedavaag Systems Limited,2,0
Registrar General India Others,WEBEL TECHNOLOGY LIMITED,1,0
Registrar General India Others,Webx Technologies Private Limited,2,0
Registrar General of India ITI,COMTECH INSTITUTE OFTECHNOLOGY,664,20
Registrar General of India ITI,CSS TECHNERGY LIMITED,708,29
Registrar General of India ITI,CommunitiWorks Welfare Society,309,6
Registrar General of India ITI,Eagle Software India Pvt. Ltd,5305,87
Registrar General of India ITI,Emdee Digitronics Pvt.Ltd.,21184,382
Registrar General of India ITI,In Media Computer Services LLP,207,0
Registrar General of India ITI,Karvy Data Management Services,3727,101
Registrar General of India ITI,Madras Security Printers Ltd,533,1
Registrar General of India ITI,Mphasis Ltd,773,6
Registrar General of India ITI,Multiwave Innovation,7,40
Registrar General of India ITI,Netlink software Pvt Ltd,634,2
Registrar General of India ITI,Netwing Technologies Pvt Ltd,34,4
Registrar General of India ITI,Nielsen  India  Private Limited,1415,7
Registrar General of India ITI,Quick Data IT Services Pvt Ltd,1,0
Registrar General of India ITI,SREEVEN INFOCOM LIMITED,166,3
Registrar General of India ITI,STRATEGIC OUTSOURCING SERVICE,1637,87
Registrar General of India ITI,Satyanarayana Raju Company Pvt ltd,872,15
Registrar General of India ITI,Swathy Smartcards Hi-Tech Pvt,4736,266
Registrar General of India ITI,TechSmart India Pvt Ltd,62,72
Registrar General of India ITI,Urmila Info solution,102,1
Registrar General of India ITI,VIRGO SOFTECH LIMITED,711,16
Registrar General of India ITI,Vedavaag Systems Limited,3289,4
Registrar General of India ITI,WEBEL TECHNOLOGY LIMITED,3472,15
Registrar General of India ITI,Webx Technologies Private Limited,216,0
State Bank of Bikaner & Jaipur,Multiwave Innovation,1887,351
State Bank of India,4G IDENTITY SOLUTIONS,3,0
State Bank of India,CSS TECHNERGY LIMITED,2,0
State Bank of India,IL&FS LTD,3,0
State Bank of India,Smart Chip Limited,3,0
State Bank of Travancore,Tera Software Ltd,54,6
UIDAI-Registrar,UIDAI-EA,22,0
UT Of Daman and Diu,Alankit Assignments Limited,47,12
UT of Puducherry,Madras Security Printers Ltd,74,8
Union Bank,FINANCIAL INFORMATION NETWORK,21901,701
Union Bank,Smart Chip Limited,19621,952
Union Bank,Vakrangee Softwares Limited,43490,1013
