State,District,Aadhaar generated,Enrolment Rejected
Andaman and Nicobar Islands,Andamans,34,0
Andaman and Nicobar Islands,Nicobar,1,0
Andaman and Nicobar Islands,North And Middle Andaman,1,0
Andaman and Nicobar Islands,South Andaman,13,0
Andhra Pradesh,Adilabad,2340,1086
Andhra Pradesh,Anantapur,1616,38
Andhra Pradesh,Ananthapur,21,0
Andhra Pradesh,Chittoor,1424,36
Andhra Pradesh,Cuddapah,892,1
Andhra Pradesh,East Godavari,4303,52
Andhra Pradesh,Guntur,6491,13
Andhra Pradesh,Hyderabad,3194,351
Andhra Pradesh,K.V.Rangareddy,6829,290
Andhra Pradesh,Karim Nagar,8069,8
Andhra Pradesh,Karimnagar,843,1
Andhra Pradesh,Khammam,5486,18
Andhra Pradesh,Krishna,5419,17
Andhra Pradesh,Kurnool,7430,291
Andhra Pradesh,Mahabub Nagar,11114,2007
Andhra Pradesh,Mahbubnagar,5066,1754
Andhra Pradesh,Medak,1699,6
Andhra Pradesh,Nalgonda,14131,340
Andhra Pradesh,Nellore,1230,0
Andhra Pradesh,Nizamabad,4930,23
Andhra Pradesh,Prakasam,1505,1
Andhra Pradesh,Srikakulam,2762,4530
Andhra Pradesh,Visakhapatnam,2575,8
Andhra Pradesh,Vizianagaram,1611,924
Andhra Pradesh,Warangal,5732,53
Andhra Pradesh,West Godavari,2325,14
Arunachal Pradesh,East Siang,1,0
Arunachal Pradesh,Lohit,0,1
Arunachal Pradesh,West Kameng,1,0
Assam,Baksa,1,0
Assam,Barpeta,5,0
Assam,Bongaigaon,8,0
Assam,Cachar,14,0
Assam,Darrang,2,0
Assam,Dhemaji,3,0
Assam,Dibrugarh,3,0
Assam,Golaghat,6,0
Assam,Hailakandi,1,0
Assam,Jorhat,1,0
Assam,Kamrup,15,0
Assam,Kamrup Metro,2,0
Assam,Karimganj,3,0
Assam,Lakhimpur,2,0
Assam,Marigaon,3,1
Assam,Nagaon,6,0
Assam,Nalbari,3,0
Assam,Sibsagar,1,1
Assam,Sonitpur,1,0
Assam,Tinsukia,3,0
Assam,Udalguri,3,0
Bihar,Araria,30,1
Bihar,Arwal,26,0
Bihar,Aurangabad,26,1
Bihar,Aurangabad(BH),43,0
Bihar,Banka,38,0
Bihar,Begusarai,48,0
Bihar,Bhabua,4,0
Bihar,Bhagalpur,53,2
Bihar,Bhojpur,128,3
Bihar,Buxar,74,0
Bihar,Darbhanga,121,3
Bihar,East Champaran,78,1
Bihar,Gaya,89,4
Bihar,Gopalganj,117,1
Bihar,Jamui,69,0
Bihar,Jehanabad,32,2
Bihar,Kaimur (Bhabua),18,1
Bihar,Katihar,19,0
Bihar,Khagaria,18,2
Bihar,Kishanganj,53,1
Bihar,Lakhisarai,19,0
Bihar,Madhepura,29,0
Bihar,Madhubani,114,1
Bihar,Munger,40,0
Bihar,Muzaffarpur,66,0
Bihar,Nalanda,84,1
Bihar,Nawada,38,1
Bihar,Patna,277,2
Bihar,Purnia,48,0
Bihar,Rohtas,66,2
Bihar,Saharsa,38,0
Bihar,Samastipur,62,2
Bihar,Saran,151,4
Bihar,Sheikhpura,17,0
Bihar,Sheohar,10,0
Bihar,Sitamarhi,44,0
Bihar,Siwan,87,2
Bihar,Supaul,22,1
Bihar,Vaishali,76,1
Bihar,West Champaran,41,2
Chandigarh,Chandigarh,876,44
Chandigarh,Mohali,3,0
Chhattisgarh,Balod,3,0
Chhattisgarh,Baloda Bazar,1,0
Chhattisgarh,Bastar,2,0
Chhattisgarh,Bilaspur,16,0
Chhattisgarh,Durg,28,11
Chhattisgarh,Janjgir Champa,7,0
Chhattisgarh,Janjgir-champa,26,0
Chhattisgarh,Jashpur,12,0
Chhattisgarh,Korba,18,0
Chhattisgarh,Koriya,3,0
Chhattisgarh,Mahasamund,130,1
Chhattisgarh,Raigarh,278,1
Chhattisgarh,Raipur,82,1
Chhattisgarh,Rajnandgaon,3,0
Chhattisgarh,Surajpur ,1,0
Chhattisgarh,Surguja,16,0
Dadra and Nagar Haveli,Dadra and Nagar Haveli,5,0
Daman and Diu,Daman,74,3
Daman and Diu,Diu,28,3
Delhi,Central Delhi,459,57
Delhi,East Delhi,1591,183
Delhi,Najafgarh,48,20
Delhi,New Delhi,13,1
Delhi,North Delhi,926,86
Delhi,North East,1315,872
Delhi,North East Delhi,517,14
Delhi,North West Delhi,3011,908
Delhi,South Delhi,2299,299
Delhi,South West Delhi,1317,1696
Delhi,West Delhi,1305,2386
Goa,Bardez,19,3
Goa,North Goa,1193,567
Goa,South Goa,822,198
Goa,Tiswadi,2,0
Gujarat,Ahmadabad,380,2
Gujarat,Ahmedabad,2780,34
Gujarat,Amreli,712,11
Gujarat,Anand,853,7
Gujarat,Banaskantha,687,41
Gujarat,Bharuch,469,6
Gujarat,Bhavnagar,1755,24
Gujarat,Dahod,772,7
Gujarat,Dohad,588,7
Gujarat,Gandhinagar,933,6
Gujarat,Jamnagar,999,10
Gujarat,Junagadh,3103,34
Gujarat,Kachchh,208,0
Gujarat,Kheda,671,2
Gujarat,Mahesana,708,10
Gujarat,Narmada,480,2
Gujarat,Navsari,653,6
Gujarat,Panchmahals,1347,39
Gujarat,Patan,379,27
Gujarat,Porbandar,328,16
Gujarat,Rajkot,3123,34
Gujarat,Sabarkantha,1150,7
Gujarat,Surat,1458,42
Gujarat,Surendra Nagar,1712,30
Gujarat,Tapi,151,13
Gujarat,The Dangs,67,2
Gujarat,Vadodara,2026,47
Gujarat,Valsad,626,10
Haryana,Ambala,1699,69
Haryana,Bhiwani,100,3
Haryana,Faridabad,7344,124
Haryana,Fatehabad,11,0
Haryana,Gurgaon,1958,108
Haryana,Hisar,515,6
Haryana,Jhajjar,77,1
Haryana,Jind,862,1
Haryana,Kaithal,904,3
Haryana,Karnal,2565,107
Haryana,Kurukshetra,1254,3
Haryana,Mahendragarh,57,1
Haryana,Mewat,9,0
Haryana,Palwal,6213,9
Haryana,Panchkula,318,0
Haryana,Panipat,1078,6
Haryana,Rewari,1191,1
Haryana,Rohtak,1451,5
Haryana,Sirsa,177,11
Haryana,Sonipat,2662,53
Haryana,Yamuna Nagar,98,2
Himachal Pradesh,Bilaspur,167,1
Himachal Pradesh,Bilaspur ,119,1
Himachal Pradesh,Chamba,2239,26
Himachal Pradesh,Hamirpur,506,6
Himachal Pradesh,Kangra,3185,53
Himachal Pradesh,Kinnaur,12,0
Himachal Pradesh,Kullu,174,0
Himachal Pradesh,Lahul and Spiti,4,0
Himachal Pradesh,Mandi,383,2
Himachal Pradesh,Shimla,2022,15
Himachal Pradesh,Sirmaur,2691,50
Himachal Pradesh,Solan,1253,15
Himachal Pradesh,Una,287,2
Jammu and Kashmir,Anantnag,3,0
Jammu and Kashmir,Badgam,4,0
Jammu and Kashmir,Baramula,1,0
Jammu and Kashmir,Doda,7,0
Jammu and Kashmir,Jammu,75,2
Jammu and Kashmir,Kargil,2,0
Jammu and Kashmir,Kathua,32,0
Jammu and Kashmir,Kupwara,1,0
Jammu and Kashmir,Leh,1,0
Jammu and Kashmir,Poonch,2,0
Jammu and Kashmir,Punch,1,0
Jammu and Kashmir,Rajouri,12,0
Jammu and Kashmir,Udhampur,7,0
Jharkhand,Bokaro,7518,335
Jharkhand,Chatra,1541,1
Jharkhand,Deoghar,1563,33
Jharkhand,Dhanbad,12674,94
Jharkhand,Dumka,5224,59
Jharkhand,East Singhbhum,1225,38
Jharkhand,Garhwa,1513,12
Jharkhand,Giridih,1672,84
Jharkhand,Godda,1911,5
Jharkhand,Gumla,2427,34
Jharkhand,Hazaribag,189,30
Jharkhand,Hazaribagh,6993,162
Jharkhand,Jamtara,727,2
Jharkhand,Khunti,883,39
Jharkhand,Kodarma,156,0
Jharkhand,Koderma,526,80
Jharkhand,Latehar,158,3
Jharkhand,Lohardaga,1215,43
Jharkhand,Pakaur,46,0
Jharkhand,Pakur,1442,71
Jharkhand,Palamau,654,25
Jharkhand,Palamu,2902,47
Jharkhand,Ramgarh,1558,66
Jharkhand,Ranchi,6675,128
Jharkhand,Sahebganj,1266,1
Jharkhand,Seraikela-Kharsawan,579,51
Jharkhand,Simdega,969,40
Jharkhand,West Singhbhum,660,12
Karnataka,Bagalkot,218,0
Karnataka,Bangalore,5201,82
Karnataka,Bangalore Rural,64,0
Karnataka,Belgaum,2753,4
Karnataka,Bellary,1513,1
Karnataka,Bidar,566,2
Karnataka,Bijapur,548,4
Karnataka,Bijapur(KAR),403,4
Karnataka,Chamarajanagar,16,0
Karnataka,Chamrajnagar,3,0
Karnataka,Chickmagalur,642,15
Karnataka,Chikkaballapur,1348,4
Karnataka,Chitradurga,413,8
Karnataka,Dakshina Kannada,250,0
Karnataka,Davangere,953,45
Karnataka,Dharwad,1800,545
Karnataka,Gadag,96,0
Karnataka,Gulbarga,753,2
Karnataka,Hassan,845,1
Karnataka,Haveri,1015,6
Karnataka,Kodagu,227,6
Karnataka,Kolar,581,13
Karnataka,Koppal,136,1
Karnataka,Mandya,67,0
Karnataka,Mysore,1031,67
Karnataka,Raichur,111,0
Karnataka,Ramanagar,810,4
Karnataka,Shimoga,1463,8
Karnataka,Tumkur,356,83
Karnataka,Udupi,1439,2
Karnataka,Uttara Kannada,2669,83
Karnataka,Yadgir,132,0
Kerala,Alappuzha,5461,420
Kerala,Ernakulam,9962,534
Kerala,Idukki,2711,146
Kerala,Kannur,16936,601
Kerala,Kasaragod,1957,0
Kerala,Kasargod,2105,98
Kerala,Kollam,21742,20
Kerala,Kottayam,5468,506
Kerala,Kozhikode,7396,467
Kerala,Malappuram,9043,14
Kerala,Palakkad,6627,1364
Kerala,Pathanamthitta,1396,802
Kerala,Thiruvananthapuram,6806,1655
Kerala,Thrissur,6579,124
Kerala,Wayanad,2199,62
Lakshadweep,Lakshadweep,128,0
Madhya Pradesh,Alirajpur,1344,27
Madhya Pradesh,Anuppur,560,2
Madhya Pradesh,Ashok Nagar,64,0
Madhya Pradesh,Balaghat,325,2
Madhya Pradesh,Barwani,316,20
Madhya Pradesh,Betul,1958,23
Madhya Pradesh,Bhind,1126,12
Madhya Pradesh,Bhopal,8224,292
Madhya Pradesh,Burhanpur,133,24
Madhya Pradesh,Chhatarpur,602,31
Madhya Pradesh,Chhindwara,1541,43
Madhya Pradesh,Damoh,3047,40
Madhya Pradesh,Datia,1310,11
Madhya Pradesh,Dewas,671,11
Madhya Pradesh,Dhar,3772,155
Madhya Pradesh,Dindori,32,0
Madhya Pradesh,Guna,2378,106
Madhya Pradesh,Gwalior,2844,78
Madhya Pradesh,Harda,163,2
Madhya Pradesh,Hoshangabad,416,4
Madhya Pradesh,Indore,13118,579
Madhya Pradesh,Jabalpur,17949,650
Madhya Pradesh,Jhabua,1239,83
Madhya Pradesh,Katni,4012,70
Madhya Pradesh,Khandwa,744,56
Madhya Pradesh,Khargone,2611,106
Madhya Pradesh,Mandla,1210,3
Madhya Pradesh,Mandsaur,502,11
Madhya Pradesh,Morena,470,18
Madhya Pradesh,Narsinghpur,259,2
Madhya Pradesh,Neemuch,205,4
Madhya Pradesh,Panna,718,5
Madhya Pradesh,Raisen,982,124
Madhya Pradesh,Rajgarh,2053,145
Madhya Pradesh,Ratlam,654,5
Madhya Pradesh,Rewa,1815,7
Madhya Pradesh,Sagar,8101,88
Madhya Pradesh,Satna,5905,38
Madhya Pradesh,Sehore,2590,68
Madhya Pradesh,Seoni,2711,37
Madhya Pradesh,Shahdol,166,2
Madhya Pradesh,Shajapur,787,2
Madhya Pradesh,Sheopur,206,0
Madhya Pradesh,Shivpuri,376,7
Madhya Pradesh,Sidhi,102,0
Madhya Pradesh,Singrauli,120,1
Madhya Pradesh,Tikamgarh,512,6
Madhya Pradesh,Ujjain,4732,280
Madhya Pradesh,Umaria,199,0
Madhya Pradesh,Vidisha,4572,224
Maharashtra,Ahmadnagar,940,10
Maharashtra,Ahmed Nagar,1650,30
Maharashtra,Akola,841,11
Maharashtra,Amravati,3649,101
Maharashtra,Aurangabad,1496,2128
Maharashtra,Beed,472,0
Maharashtra,Bhandara,650,31
Maharashtra,Buldhana,2287,41
Maharashtra,Chandrapur,6514,55
Maharashtra,Dhule,3538,55
Maharashtra,Gadchiroli,258,5
Maharashtra,Gondia,430,8
Maharashtra,Gondiya,336,60
Maharashtra,Hingoli,435,15
Maharashtra,Jalgaon,3017,30
Maharashtra,Jalna,4456,1377
Maharashtra,Kolhapur,2257,14
Maharashtra,Latur,1993,25
Maharashtra,Mumbai,19356,125
Maharashtra,Mumbai City,649,18
Maharashtra,Mumbai( Sub Urban ),207,0
Maharashtra,Nagpur,3520,92
Maharashtra,Nanded,380,22
Maharashtra,Nandurbar,2932,6
Maharashtra,Nashik,15482,295
Maharashtra,Osmanabad,8052,14
Maharashtra,Parbhani,643,34
Maharashtra,Pune,6073,63
Maharashtra,Raigarh,1232,2
Maharashtra,Raigarh(MH),1628,3
Maharashtra,Ratnagiri,973,1
Maharashtra,Sangli,1592,21
Maharashtra,Satara,2030,11
Maharashtra,Sindhudurg,85,1
Maharashtra,Solapur,3140,24
Maharashtra,Thane,28642,475
Maharashtra,Wardha,802,55
Maharashtra,Washim,127,7
Maharashtra,Yavatmal,434,5
Manipur,Bishnupur,112,3
Manipur,Chandel,74,0
Manipur,Churachandpur,80,0
Manipur,Imphal East,196,410
Manipur,Imphal West,117,0
Manipur,Senapati,66,5
Manipur,Tamenglong,22,0
Manipur,Thoubal,707,3
Manipur,Ukhrul,33,4
Meghalaya,East Garo Hills,1,0
Meghalaya,East Khasi Hills,1,0
Nagaland,Dimapur,39,0
Nagaland,Kiphire,198,0
Nagaland,Kohima,9,1
Nagaland,Longleng,53,0
Nagaland,Mon,260,0
Nagaland,Peren,0,1
Nagaland,Phek,3,0
Nagaland,Tuensang,248,5
Nagaland,Wokha,46,0
Nagaland,Zunheboto,41,0
Odisha,Angul,7,0
Odisha,Anugul,6,0
Odisha,Balangir,2919,108
Odisha,Baleswar,6161,476
Odisha,Balianta,1,0
Odisha,Bargarh,111,0
Odisha,Bhadrak,88,2
Odisha,Boudh,1,0
Odisha,Cuttack,3242,5
Odisha,Debagarh,1,0
Odisha,Dhenkanal,26,1
Odisha,Gajapati,13,0
Odisha,Ganjam,551,4
Odisha,Jagatsinghapur,15,0
Odisha,Jajapur,54,0
Odisha,Jharsuguda,7,0
Odisha,Kalahandi,5,0
Odisha,Kandhamal,23,0
Odisha,Kendrapara,50,1
Odisha,Kendujhar,845,94
Odisha,Khorda,12,0
Odisha,Khordha,7489,2
Odisha,Koraput,249,0
Odisha,Malkangiri,5,0
Odisha,Mayurbhanj,11,2
Odisha,Nayagarh,56,0
Odisha,Nuapada,1,0
Odisha,Puri,108,0
Odisha,Rayagada,105,0
Odisha,Sambalpur,12,0
Odisha,Sonapur,290,12
Odisha,Sundergarh,42,1
Others,Others,78,11577
Puducherry,Karaikal,45,1
Puducherry,Pondicherry,627,0
Puducherry,Yanam,12,0
Punjab,Amritsar,2476,52
Punjab,Barnala,2600,9
Punjab,Bathinda,2248,71
Punjab,Chandigarh,1,0
Punjab,Faridkot,2286,12
Punjab,Fatehgarh Sahib,1107,9
Punjab,Fazilka,2698,185
Punjab,Ferozepur,1662,20
Punjab,Gurdaspur,1689,19
Punjab,Hoshiarpur,1478,20
Punjab,Jalandhar,4526,73
Punjab,Kapurthala,2956,68
Punjab,Ludhiana,11683,126
Punjab,Mansa,397,2
Punjab,Moga,3197,21
Punjab,Muktsar,472,2
Punjab,Nawanshahr,59,0
Punjab,Pathankot,214,4
Punjab,Patiala,2774,36
Punjab,Rupnagar,822,3
Punjab,SAS Nagar (Mohali),1639,1
Punjab,Sangrur,3774,12
Punjab,Shaheed Bhagat Singh Nagar,1515,13
Punjab,Sri Muktsar Sahib,2272,37
Punjab,Tarn Taran,1148,62
Rajasthan,Ajmer,6272,49
Rajasthan,Alwar,6891,176
Rajasthan,Banswara,146,3
Rajasthan,Baran,228,1
Rajasthan,Barmer,12215,1197
Rajasthan,Bharatpur,687,6
Rajasthan,Bhilwara,1709,9
Rajasthan,Bikaner,3316,81
Rajasthan,Bundi,624,5
Rajasthan,Chittorgarh,562,1
Rajasthan,Churu,2114,102
Rajasthan,Dausa,2222,26
Rajasthan,Dholpur,31,1
Rajasthan,Dungarpur,1200,3
Rajasthan,Ganganagar,1525,29
Rajasthan,Hanumangarh,1172,33
Rajasthan,Jaipur,5529,85
Rajasthan,Jaisalmer,19,0
Rajasthan,Jalor,6190,648
Rajasthan,Jhalawar,346,0
Rajasthan,Jhunjhunu,1957,97
Rajasthan,Jhunjhunun,3686,74
Rajasthan,Jodhpur,2647,49
Rajasthan,Karauli,149,1
Rajasthan,Kota,852,38
Rajasthan,Nagaur,2770,64
Rajasthan,Pali,2614,313
Rajasthan,Pratapgarh,475,11
Rajasthan,Rajsamand,3252,314
Rajasthan,Sawai Madhopur,1221,4
Rajasthan,Sikar,2523,19
Rajasthan,Sirohi,4996,137
Rajasthan,Tonk,2093,5
Rajasthan,Udaipur,7275,281
Sikkim,East Sikkim,155,0
Sikkim,North Sikkim,9,0
Sikkim,South Sikkim,33,0
Sikkim,West Sikkim,33,0
Tamil Nadu,Ariyalur,99,0
Tamil Nadu,Chennai,60,2
Tamil Nadu,Coimbatore,188,3
Tamil Nadu,Cuddalore,817,57
Tamil Nadu,Dharmapuri,183,3
Tamil Nadu,Dindigul,56,0
Tamil Nadu,Erode,3335,56
Tamil Nadu,Kancheepuram,4,0
Tamil Nadu,Kanchipuram,28,0
Tamil Nadu,Kanniyakumari,8,0
Tamil Nadu,Kanyakumari,8,2
Tamil Nadu,Karur,1904,95
Tamil Nadu,Krishnagiri,17,0
Tamil Nadu,Madurai,1134,3
Tamil Nadu,Nagapattinam,869,9
Tamil Nadu,Namakkal,45,0
Tamil Nadu,Nilgiris,4,0
Tamil Nadu,Perambalur,1076,46
Tamil Nadu,Pudukkottai,1109,12
Tamil Nadu,Ramanathapuram,159,31
Tamil Nadu,Salem,2340,22
Tamil Nadu,Sivaganga,21,0
Tamil Nadu,Thanjavur,1014,0
Tamil Nadu,The Nilgiris,3,0
Tamil Nadu,Theni,119,0
Tamil Nadu,Thoothukkudi,431,3
Tamil Nadu,Tiruchirappalli,589,7
Tamil Nadu,Tirunelveli,28,1
Tamil Nadu,Tiruppur,2,0
Tamil Nadu,Tiruvallur,98,4
Tamil Nadu,Tiruvannamalai,255,26
Tamil Nadu,Vellore,14837,278
Tamil Nadu,Villupuram,13,0
Tamil Nadu,Viluppuram,5,0
Tamil Nadu,Virudhunagar,1271,1
Tripura,Dhalai,148,3
Tripura,Gomati,1,0
Tripura,North Tripura,348,14
Tripura,South Tripura,479,8
Tripura,West Tripura,658,11
Uttar Pradesh,Agra,345,13
Uttar Pradesh,Aligarh,179,9
Uttar Pradesh,Allahabad,459,1
Uttar Pradesh,Ambedkar Nagar,77,0
Uttar Pradesh,Amethi,17,0
Uttar Pradesh,Amroha,4,0
Uttar Pradesh,Auraiya,123,3
Uttar Pradesh,Azamgarh,99,0
Uttar Pradesh,Baghpat,26,0
Uttar Pradesh,Bagpat,12,0
Uttar Pradesh,Bahraich,15,0
Uttar Pradesh,Ballia,129,1
Uttar Pradesh,Balrampur,16,1
Uttar Pradesh,Banda,17,0
Uttar Pradesh,Bara Banki,3,0
Uttar Pradesh,Barabanki,193,4
Uttar Pradesh,Bareilly,180,1
Uttar Pradesh,Basti,39,0
Uttar Pradesh,Bijnor,56,1
Uttar Pradesh,Budaun,26,1
Uttar Pradesh,Bulandshahar,25,0
Uttar Pradesh,Bulandshahr,33,0
Uttar Pradesh,Chandauli,42,0
Uttar Pradesh,Chitrakoot,11,0
Uttar Pradesh,Deoria,94,1
Uttar Pradesh,Etah,52,1
Uttar Pradesh,Etawah,186,2
Uttar Pradesh,Faizabad,160,2
Uttar Pradesh,Farrukhabad,57,0
Uttar Pradesh,Fatehpur,37,2
Uttar Pradesh,Firozabad,220,2
Uttar Pradesh,Gautam Buddha Nagar,138,2
Uttar Pradesh,Ghaziabad,320,2
Uttar Pradesh,Ghazipur,191,1
Uttar Pradesh,Gonda,39,1
Uttar Pradesh,Gorakhpur,107,1
Uttar Pradesh,Hamirpur,10,0
Uttar Pradesh,Hapur,66,2
Uttar Pradesh,Hardoi,52,7
Uttar Pradesh,Hathras,74,1
Uttar Pradesh,Jalaun,20,1
Uttar Pradesh,Jaunpur,90,2
Uttar Pradesh,Jhansi,81,0
Uttar Pradesh,Jyotiba Phule Nagar,17,0
Uttar Pradesh,Kannauj,55,4
Uttar Pradesh,Kanpur Dehat,27,2
Uttar Pradesh,Kanpur Nagar,911,183
Uttar Pradesh,Kasganj,3,0
Uttar Pradesh,Kaushambi,15,0
Uttar Pradesh,Kheri,370,20
Uttar Pradesh,Kushinagar,74,1
Uttar Pradesh,Lalitpur,90,0
Uttar Pradesh,Lucknow,852,22
Uttar Pradesh,Maharajganj,16,0
Uttar Pradesh,Mahoba,52,8
Uttar Pradesh,Mahrajganj,8,0
Uttar Pradesh,Mainpuri,83,6
Uttar Pradesh,Mathura,116,8
Uttar Pradesh,Mau,40,0
Uttar Pradesh,Meerut,59,0
Uttar Pradesh,Mirzapur,49,0
Uttar Pradesh,Moradabad,108,8
Uttar Pradesh,Muzaffarnagar,50,0
Uttar Pradesh,Pilibhit,39,0
Uttar Pradesh,Pratapgarh,68,0
Uttar Pradesh,Rae Bareli,15,0
Uttar Pradesh,Raebareli,75,5
Uttar Pradesh,Rampur,33,0
Uttar Pradesh,Saharanpur,54,1
Uttar Pradesh,Sambhal,1,0
Uttar Pradesh,Sant Kabir Nagar,26,0
Uttar Pradesh,Sant Ravidas Nagar,29,0
Uttar Pradesh,Sant Ravidas Nagar Bhadohi,11,0
Uttar Pradesh,Shahjahanpur,22,0
Uttar Pradesh,Shamli,8,1
Uttar Pradesh,Shrawasti,6,0
Uttar Pradesh,Siddharthnagar,28,0
Uttar Pradesh,Sitapur,56,1
Uttar Pradesh,Sonbhadra,23,0
Uttar Pradesh,Sultanpur,173,7
Uttar Pradesh,Unnao,147,9
Uttar Pradesh,Varanasi,98,0
Uttarakhand,Almora,36,0
Uttarakhand,Bageshwar,17,0
Uttarakhand,Chamoli,10,0
Uttarakhand,Champawat,15,0
Uttarakhand,Dehradun,176,1
Uttarakhand,Garhwal,29,0
Uttarakhand,Hardwar,47,1
Uttarakhand,Haridwar,10,1
Uttarakhand,Nainital,152,0
Uttarakhand,Pauri Garhwal,33,0
Uttarakhand,Pithoragarh,19,0
Uttarakhand,Rudraprayag,7,0
Uttarakhand,Tehri Garhwal,13,0
Uttarakhand,Udham Singh Nagar,228,0
Uttarakhand,Uttarkashi,11,0
West Bengal,Bally Jagachha,7,0
West Bengal,Bankura,34,0
West Bengal,Barddhaman,135,20
West Bengal,Bardhaman,215,56
West Bengal,Birbhum,36,0
West Bengal,Cooch Behar,5088,4
West Bengal,Dakshin Dinajpur,8,2
West Bengal,Darjeeling,448,2
West Bengal,Domjur,1,14
West Bengal,East Midnapore,136,7
West Bengal,Hooghly,2472,17
West Bengal,Howrah,16410,240
West Bengal,Jalpaiguri,2119,0
West Bengal,Kolkata,8984,227
West Bengal,Malda,13799,266
West Bengal,Medinipur,421,26
West Bengal,Murshidabad,19240,103
West Bengal,Nadia,9910,52
West Bengal,North 24 Parganas,926,6
West Bengal,North Dinajpur,10,0
West Bengal,Purulia,30,0
West Bengal,South 24 Parganas,18,0
West Bengal,South Dinajpur,1,0
West Bengal,South Twenty Four Parganas,4831,4
West Bengal,West Midnapore,115,4
