State,District,Aadhaar generated,Enrolment Rejected
Andhra Pradesh,Adilabad,2373,14
Andhra Pradesh,Anantapur,2,0
Andhra Pradesh,Ananthapur,45,0
Andhra Pradesh,Chittoor,16,0
Andhra Pradesh,Cuddapah,6,0
Andhra Pradesh,East Godavari,1262,8
Andhra Pradesh,Guntur,601,6
Andhra Pradesh,Hyderabad,810,8
Andhra Pradesh,K.V.Rangareddy,3871,6
Andhra Pradesh,Karim Nagar,2741,0
Andhra Pradesh,Khammam,781,0
Andhra Pradesh,Krishna,468,4
Andhra Pradesh,Kurnool,5055,5
Andhra Pradesh,Mahabub Nagar,30842,12
Andhra Pradesh,Mahbubnagar,9746,7
Andhra Pradesh,Medak,530,8
Andhra Pradesh,Nalgonda,17100,2618
Andhra Pradesh,Nellore,5779,0
Andhra Pradesh,Nizamabad,2150,10
Andhra Pradesh,Prakasam,27,0
Andhra Pradesh,Srikakulam,2365,2063
Andhra Pradesh,Visakhapatnam,2487,5
Andhra Pradesh,Vizianagaram,915,1842
Andhra Pradesh,Warangal,75484,1
Andhra Pradesh,West Godavari,113,0
Arunachal Pradesh,Changlang,4,0
Arunachal Pradesh,Lohit,6,0
Arunachal Pradesh,Tirap,7,0
Arunachal Pradesh,West Siang,1,0
Assam,Baksa,1,0
Assam,Bongaigaon,2,0
Assam,Cachar,2,0
Assam,Darrang,3,0
Assam,Dhubri,2,0
Assam,Dibrugarh,7,0
Assam,Golaghat,2,0
Assam,Karbi Anglong,1,0
Assam,Karimganj,2,0
Assam,Kokrajhar,1,0
Assam,Marigaon,1,0
Assam,Nagaon,6,0
Assam,Sibsagar,2,0
Assam,Tinsukia,1,0
Bihar,Araria,11,0
Bihar,Arwal,21,0
Bihar,Aurangabad,31,0
Bihar,Aurangabad(BH),18,0
Bihar,Banka,36,0
Bihar,Begusarai,24,1
Bihar,Bhabua,3,0
Bihar,Bhagalpur,34,0
Bihar,Bhojpur,56,0
Bihar,Buxar,32,0
Bihar,Darbhanga,53,0
Bihar,East Champaran,47,0
Bihar,Gaya,71,0
Bihar,Gopalganj,29,0
Bihar,Jamui,20,0
Bihar,Jehanabad,25,0
Bihar,Kaimur (Bhabua),26,0
Bihar,Katihar,14,0
Bihar,Khagaria,18,0
Bihar,Kishanganj,8,0
Bihar,Lakhisarai,13,0
Bihar,Madhepura,13,0
Bihar,Madhubani,73,1
Bihar,Munger,18,1
Bihar,Muzaffarpur,62,0
Bihar,Nalanda,61,0
Bihar,Nawada,43,0
Bihar,Patna,89,1
Bihar,Purnia,6,0
Bihar,Rohtas,54,0
Bihar,Saharsa,16,0
Bihar,Samastipur,56,0
Bihar,Saran,100,0
Bihar,Sheikhpura,10,0
Bihar,Sitamarhi,37,0
Bihar,Siwan,58,0
Bihar,Supaul,8,0
Bihar,Vaishali,52,0
Bihar,West Champaran,23,0
Chandigarh,Chandigarh,6104,5
Chandigarh,Mohali,4,0
Chhattisgarh,Balod,3,0
Chhattisgarh,Baloda Bazar,1,0
Chhattisgarh,Bastar,1,0
Chhattisgarh,Bilaspur,7,0
Chhattisgarh,Durg,10,0
Chhattisgarh,Gariyaband ,1,0
Chhattisgarh,Janjgir Champa,5,0
Chhattisgarh,Janjgir-champa,4,0
Chhattisgarh,Jashpur,2,0
Chhattisgarh,Kanker,1,0
Chhattisgarh,Korba,2,0
Chhattisgarh,Koriya,4,0
Chhattisgarh,Mahasamund,444,7
Chhattisgarh,Raigarh,3,0
Chhattisgarh,Raipur,1,0
Chhattisgarh,Rajnandgaon,1,0
Chhattisgarh,Surguja,2,0
Dadra and Nagar Haveli,Dadra and Nagar Haveli,2,0
Daman and Diu,Daman,185,2
Daman and Diu,Diu,1,0
Delhi,Central Delhi,668,82
Delhi,East Delhi,3181,841
Delhi,Najafgarh,564,31
Delhi,New Delhi,23,0
Delhi,North Delhi,929,52
Delhi,North East,1742,232
Delhi,North East Delhi,41,0
Delhi,North West Delhi,5868,191
Delhi,South Delhi,5686,239
Delhi,South West Delhi,4018,597
Delhi,West Delhi,799,5
Goa,Bardez,32,0
Goa,North Goa,400,2
Goa,South Goa,282,4
Goa,Tiswadi,1,0
Gujarat,Ahmadabad,6,0
Gujarat,Ahmedabad,944,9
Gujarat,Amreli,289,0
Gujarat,Anand,547,0
Gujarat,Banaskantha,93,1
Gujarat,Bharuch,43,1
Gujarat,Bhavnagar,315,4
Gujarat,Dahod,619,0
Gujarat,Dohad,339,0
Gujarat,Gandhinagar,40,0
Gujarat,Jamnagar,64,0
Gujarat,Junagadh,345,25
Gujarat,Kachchh,272,0
Gujarat,Kheda,3301,4
Gujarat,Mahesana,1445,0
Gujarat,Narmada,1639,9
Gujarat,Navsari,1195,0
Gujarat,Panchmahals,345,2
Gujarat,Patan,133,2
Gujarat,Porbandar,29,0
Gujarat,Rajkot,804,6
Gujarat,Sabarkantha,1044,0
Gujarat,Surat,470,40
Gujarat,Surendra Nagar,571,1
Gujarat,Tapi,212,0
Gujarat,The Dangs,46,0
Gujarat,Vadodara,401,11
Gujarat,Valsad,958,0
Haryana,Ambala,3911,3
Haryana,Bhiwani,60,0
Haryana,Faridabad,3736,13
Haryana,Fatehabad,9,0
Haryana,Gurgaon,3430,14
Haryana,Hisar,280,0
Haryana,Jhajjar,44,0
Haryana,Jind,903,0
Haryana,Kaithal,22,0
Haryana,Karnal,3919,5
Haryana,Kurukshetra,256,0
Haryana,Mahendragarh,42,0
Haryana,Mewat,3,0
Haryana,Palwal,1363,0
Haryana,Panchkula,373,3
Haryana,Panipat,800,1
Haryana,Rewari,283,2
Haryana,Rohtak,479,0
Haryana,Sirsa,13,1
Haryana,Sonipat,5549,2
Haryana,Yamuna Nagar,96,0
Himachal Pradesh,Bilaspur,2,0
Himachal Pradesh,Bilaspur ,32,1
Himachal Pradesh,Chamba,2884,9
Himachal Pradesh,Hamirpur,41,0
Himachal Pradesh,Kangra,3535,2
Himachal Pradesh,Kinnaur,1,0
Himachal Pradesh,Kullu,9,0
Himachal Pradesh,Lahul and Spiti,1,0
Himachal Pradesh,Mandi,183,2
Himachal Pradesh,Shimla,1312,0
Himachal Pradesh,Sirmaur,552,16
Himachal Pradesh,Solan,1515,10
Himachal Pradesh,Una,11,0
Jammu and Kashmir,Anantnag,3,0
Jammu and Kashmir,Badgam,1,0
Jammu and Kashmir,Bandipur,1,0
Jammu and Kashmir,Baramula,1,0
Jammu and Kashmir,Baramulla,1,0
Jammu and Kashmir,Doda,3,0
Jammu and Kashmir,Jammu,26,1
Jammu and Kashmir,Kargil,1,0
Jammu and Kashmir,Kathua,8,0
Jammu and Kashmir,Leh,4,0
Jammu and Kashmir,Poonch,1,0
Jammu and Kashmir,Pulwama,2,0
Jammu and Kashmir,Punch,1,0
Jammu and Kashmir,Rajouri,4,0
Jammu and Kashmir,Udhampur,3,0
Jharkhand,Bokaro,6696,57
Jharkhand,Chatra,244,1
Jharkhand,Deoghar,1335,5
Jharkhand,Dhanbad,1998,1
Jharkhand,Dumka,5342,49
Jharkhand,East Singhbhum,544,3
Jharkhand,Garhwa,2795,5
Jharkhand,Giridih,266,70
Jharkhand,Godda,576,1
Jharkhand,Gumla,2370,25
Jharkhand,Hazaribag,166,3
Jharkhand,Hazaribagh,2367,19
Jharkhand,Jamtara,116,0
Jharkhand,Khunti,446,0
Jharkhand,Kodarma,1,0
Jharkhand,Koderma,1375,23
Jharkhand,Latehar,182,0
Jharkhand,Lohardaga,572,14
Jharkhand,Pakaur,3,0
Jharkhand,Pakur,132,0
Jharkhand,Palamau,53,1
Jharkhand,Palamu,1748,8
Jharkhand,Ramgarh,2249,7
Jharkhand,Ranchi,8109,6
Jharkhand,Sahebganj,725,1
Jharkhand,Seraikela-Kharsawan,996,3
Jharkhand,Simdega,1848,3
Jharkhand,West Singhbhum,235,2
Karnataka,Bagalkot,4,0
Karnataka,Bangalore,5129,22
Karnataka,Bangalore Rural,103,0
Karnataka,Belgaum,364,2
Karnataka,Bellary,1081,0
Karnataka,Bidar,18,0
Karnataka,Bijapur,7,0
Karnataka,Bijapur(KAR),5,0
Karnataka,Chamarajanagar,2,0
Karnataka,Chamrajnagar,1,0
Karnataka,Chickmagalur,286,5
Karnataka,Chikkaballapur,3119,91
Karnataka,Chitradurga,697,0
Karnataka,Dakshina Kannada,26,0
Karnataka,Davangere,7419,34
Karnataka,Dharwad,543,0
Karnataka,Gadag,1,0
Karnataka,Gulbarga,146,0
Karnataka,Hassan,764,0
Karnataka,Haveri,423,16
Karnataka,Kodagu,7,0
Karnataka,Kolar,1097,6
Karnataka,Koppal,3,0
Karnataka,Mandya,8,0
Karnataka,Mysore,13,1
Karnataka,Raichur,8,0
Karnataka,Ramanagar,484,1
Karnataka,Shimoga,28,3
Karnataka,Tumkur,7,0
Karnataka,Udupi,170,0
Karnataka,Uttara Kannada,9,0
Karnataka,Yadgir,2,0
Kerala,Alappuzha,2250,4
Kerala,Ernakulam,8961,16
Kerala,Idukki,2748,0
Kerala,Kannur,19594,12
Kerala,Kasaragod,957,2
Kerala,Kasargod,7321,4
Kerala,Kollam,9699,12
Kerala,Kottayam,1261,10
Kerala,Kozhikode,5811,2
Kerala,Malappuram,27571,4
Kerala,Palakkad,17886,368
Kerala,Pathanamthitta,674,39
Kerala,Thiruvananthapuram,2614,0
Kerala,Thrissur,14796,19
Kerala,Wayanad,15812,4
Madhya Pradesh,Alirajpur,209,9
Madhya Pradesh,Anuppur,596,2
Madhya Pradesh,Ashok Nagar,405,0
Madhya Pradesh,Balaghat,601,0
Madhya Pradesh,Barwani,164,0
Madhya Pradesh,Betul,777,1
Madhya Pradesh,Bhind,1460,6
Madhya Pradesh,Bhopal,8393,41
Madhya Pradesh,Burhanpur,2,0
Madhya Pradesh,Chhatarpur,1097,0
Madhya Pradesh,Chhindwara,1465,4
Madhya Pradesh,Damoh,2395,15
Madhya Pradesh,Datia,818,1
Madhya Pradesh,Dewas,16,1
Madhya Pradesh,Dhar,2064,17
Madhya Pradesh,Dindori,23,0
Madhya Pradesh,Guna,1238,2
Madhya Pradesh,Gwalior,2845,19
Madhya Pradesh,Harda,3,0
Madhya Pradesh,Hoshangabad,17,0
Madhya Pradesh,Indore,3046,34
Madhya Pradesh,Jabalpur,10342,115
Madhya Pradesh,Jhabua,149,1
Madhya Pradesh,Katni,2375,6
Madhya Pradesh,Khandwa,16,0
Madhya Pradesh,Khargone,1144,1
Madhya Pradesh,Mandla,678,0
Madhya Pradesh,Mandsaur,2,1
Madhya Pradesh,Morena,713,0
Madhya Pradesh,Narsinghpur,34,0
Madhya Pradesh,Neemuch,3,0
Madhya Pradesh,Panna,1092,4
Madhya Pradesh,Raisen,685,8
Madhya Pradesh,Rajgarh,2030,34
Madhya Pradesh,Ratlam,242,1
Madhya Pradesh,Rewa,1195,13
Madhya Pradesh,Sagar,4044,20
Madhya Pradesh,Satna,3201,27
Madhya Pradesh,Sehore,714,4
Madhya Pradesh,Seoni,282,3
Madhya Pradesh,Shahdol,290,0
Madhya Pradesh,Shajapur,4,0
Madhya Pradesh,Sheopur,432,0
Madhya Pradesh,Shivpuri,303,0
Madhya Pradesh,Sidhi,59,0
Madhya Pradesh,Singrauli,11,3
Madhya Pradesh,Tikamgarh,88,0
Madhya Pradesh,Ujjain,3521,28
Madhya Pradesh,Umaria,69,0
Madhya Pradesh,Vidisha,2232,8
Maharashtra,Ahmadnagar,781,0
Maharashtra,Ahmed Nagar,1473,3
Maharashtra,Akola,401,2
Maharashtra,Amravati,6526,8
Maharashtra,Aurangabad,1927,2
Maharashtra,Beed,410,1
Maharashtra,Bhandara,27,12
Maharashtra,Buldhana,539,6
Maharashtra,Chandrapur,7697,0
Maharashtra,Dhule,4455,2
Maharashtra,Gadchiroli,5,0
Maharashtra,Gondia,8,5
Maharashtra,Gondiya,2,0
Maharashtra,Hingoli,657,0
Maharashtra,Jalgaon,45,3
Maharashtra,Jalna,785,8
Maharashtra,Kolhapur,1036,0
Maharashtra,Latur,696,0
Maharashtra,Mumbai,5755,40
Maharashtra,Mumbai City,77,0
Maharashtra,Mumbai( Sub Urban ),9,0
Maharashtra,Nagpur,1025,14
Maharashtra,Nanded,11,0
Maharashtra,Nandurbar,3384,1
Maharashtra,Nashik,7148,104
Maharashtra,Osmanabad,95,1
Maharashtra,Parbhani,396,1
Maharashtra,Pune,4577,24
Maharashtra,Raigarh,423,4
Maharashtra,Raigarh(MH),191,2
Maharashtra,Ratnagiri,54,4
Maharashtra,Sangli,251,2
Maharashtra,Satara,201,10
Maharashtra,Sindhudurg,21,0
Maharashtra,Solapur,317,0
Maharashtra,Thane,15639,47
Maharashtra,Wardha,1159,0
Maharashtra,Washim,11,0
Maharashtra,Yavatmal,211,0
Manipur,Bishnupur,7,0
Manipur,Imphal West,5,0
Manipur,Senapati,1,0
Manipur,Thoubal,40,0
Manipur,Ukhrul,4,0
Meghalaya,East Khasi Hills,1,0
Nagaland,Dimapur,17,13
Nagaland,Kiphire,175,25
Nagaland,Kohima,8,0
Nagaland,Longleng,1018,0
Nagaland,Mokokchung,1,7
Nagaland,Mon,349,1
Nagaland,Phek,9,0
Nagaland,Tuensang,254,0
Nagaland,Zunheboto,1,0
Odisha,Angul,3,0
Odisha,Balangir,1058,6
Odisha,Baleswar,10960,0
Odisha,Balianta,0,1
Odisha,Bargarh,2,0
Odisha,Bhadrak,22,0
Odisha,Cuttack,1714,1010
Odisha,Dhenkanal,4,0
Odisha,Gajapati,1,0
Odisha,Ganjam,260,0
Odisha,Jagatsinghapur,5,0
Odisha,Jajapur,17,0
Odisha,Jharsuguda,1,0
Odisha,Kandhamal,2,0
Odisha,Kendrapara,11,0
Odisha,Kendujhar,926,1
Odisha,Khorda,9,0
Odisha,Khordha,4996,257
Odisha,Koraput,7,0
Odisha,Mayurbhanj,6,0
Odisha,Nayagarh,9,0
Odisha,Nuapada,1,0
Odisha,Puri,6,0
Odisha,Rayagada,1,0
Odisha,Sambalpur,6,0
Odisha,Sonapur,261,0
Odisha,Sundergarh,34,0
Others,Others,4,8
Puducherry,Pondicherry,8,0
Puducherry,Puducherry,1,0
Puducherry,Yanam,1,0
Punjab,Amritsar,2502,1
Punjab,Barnala,368,2
Punjab,Bathinda,583,32
Punjab,Chandigarh,4,0
Punjab,Faridkot,2689,1
Punjab,Fatehgarh Sahib,706,0
Punjab,Fazilka,587,54
Punjab,Ferozepur,1390,3
Punjab,Gurdaspur,477,0
Punjab,Hoshiarpur,269,4
Punjab,Jalandhar,7088,51
Punjab,Kapurthala,2589,19
Punjab,Ludhiana,6881,40
Punjab,Mansa,236,0
Punjab,Moga,3783,3
Punjab,Muktsar,343,2
Punjab,Pathankot,22,0
Punjab,Patiala,2597,8
Punjab,Rupnagar,1682,0
Punjab,SAS Nagar (Mohali),1617,1
Punjab,Sangrur,746,5
Punjab,Shaheed Bhagat Singh Nagar,105,13
Punjab,Sri Muktsar Sahib,3151,4
Punjab,Tarn Taran,372,10
Rajasthan,Ajmer,12402,36
Rajasthan,Alwar,3792,29
Rajasthan,Banswara,63,1
Rajasthan,Baran,8,0
Rajasthan,Barmer,7429,125
Rajasthan,Bharatpur,350,0
Rajasthan,Bhilwara,429,7
Rajasthan,Bikaner,3415,49
Rajasthan,Bundi,665,0
Rajasthan,Chittorgarh,305,0
Rajasthan,Churu,1682,33
Rajasthan,Dausa,2873,4
Rajasthan,Dholpur,12,0
Rajasthan,Dungarpur,115,0
Rajasthan,Ganganagar,283,0
Rajasthan,Hanumangarh,594,18
Rajasthan,Jaipur,2735,51
Rajasthan,Jaisalmer,8,0
Rajasthan,Jalor,4749,6
Rajasthan,Jhalawar,4,0
Rajasthan,Jhunjhunu,4521,27
Rajasthan,Jhunjhunun,3634,2
Rajasthan,Jodhpur,1541,4
Rajasthan,Karauli,103,0
Rajasthan,Kota,87,0
Rajasthan,Nagaur,2703,23
Rajasthan,Pali,1821,21
Rajasthan,Pratapgarh,73,0
Rajasthan,Rajsamand,4899,51
Rajasthan,Sawai Madhopur,390,0
Rajasthan,Sikar,1394,13
Rajasthan,Sirohi,3511,9
Rajasthan,Tonk,2874,6
Rajasthan,Udaipur,9588,26
Sikkim,East Sikkim,293,0
Sikkim,North Sikkim,18,0
Sikkim,South Sikkim,29,0
Sikkim,West Sikkim,30,0
Tamil Nadu,Ariyalur,17,4
Tamil Nadu,Chennai,10,0
Tamil Nadu,Coimbatore,5,0
Tamil Nadu,Cuddalore,173,16
Tamil Nadu,Dharmapuri,3356,0
Tamil Nadu,Dindigul,4,0
Tamil Nadu,Erode,9911,105
Tamil Nadu,Kanchipuram,1,0
Tamil Nadu,Kanniyakumari,8,0
Tamil Nadu,Kanyakumari,2,0
Tamil Nadu,Karur,457,1
Tamil Nadu,Krishnagiri,7,0
Tamil Nadu,Madurai,1647,0
Tamil Nadu,Nagapattinam,10,0
Tamil Nadu,Namakkal,6,0
Tamil Nadu,Nilgiris,3,2
Tamil Nadu,Perambalur,673,22
Tamil Nadu,Pudukkottai,816,1082
Tamil Nadu,Ramanathapuram,1150,4
Tamil Nadu,Salem,3167,311
Tamil Nadu,Sivaganga,6,0
Tamil Nadu,Thanjavur,5,171
Tamil Nadu,The Nilgiris,4,0
Tamil Nadu,Theni,6,0
Tamil Nadu,Thiruvarur,2,0
Tamil Nadu,Thoothukkudi,560,0
Tamil Nadu,Tiruchirappalli,406,3
Tamil Nadu,Tirunelveli,5,0
Tamil Nadu,Tiruppur,1,0
Tamil Nadu,Tiruvallur,6,0
Tamil Nadu,Tiruvannamalai,2031,447
Tamil Nadu,Tiruvarur,1,0
Tamil Nadu,Tuticorin,1,0
Tamil Nadu,Vellore,769,23
Tamil Nadu,Viluppuram,3,0
Tamil Nadu,Virudhunagar,4085,0
Tripura,Dhalai,1,0
Tripura,Unakoti,1,0
Tripura,West Tripura,1,0
Uttar Pradesh,Agra,31,0
Uttar Pradesh,Aligarh,25,0
Uttar Pradesh,Allahabad,46,0
Uttar Pradesh,Ambedkar Nagar,19,1
Uttar Pradesh,Amethi,9,0
Uttar Pradesh,Amroha,9,0
Uttar Pradesh,Auraiya,16,0
Uttar Pradesh,Azamgarh,35,0
Uttar Pradesh,Baghpat,17,0
Uttar Pradesh,Bagpat,11,0
Uttar Pradesh,Bahraich,26,0
Uttar Pradesh,Ballia,55,1
Uttar Pradesh,Balrampur,11,0
Uttar Pradesh,Banda,17,0
Uttar Pradesh,Bara Banki,3,0
Uttar Pradesh,Barabanki,3,0
Uttar Pradesh,Bareilly,25,0
Uttar Pradesh,Basti,15,0
Uttar Pradesh,Bijnor,22,1
Uttar Pradesh,Budaun,20,0
Uttar Pradesh,Bulandshahar,5,0
Uttar Pradesh,Bulandshahr,25,1
Uttar Pradesh,Chandauli,17,0
Uttar Pradesh,Chitrakoot,3,0
Uttar Pradesh,Deoria,38,1
Uttar Pradesh,Etah,17,0
Uttar Pradesh,Etawah,16,0
Uttar Pradesh,Faizabad,17,0
Uttar Pradesh,Farrukhabad,10,0
Uttar Pradesh,Fatehpur,24,0
Uttar Pradesh,Firozabad,8,1
Uttar Pradesh,Gautam Buddha Nagar,61,0
Uttar Pradesh,Ghaziabad,97,0
Uttar Pradesh,Ghazipur,63,0
Uttar Pradesh,Gonda,23,0
Uttar Pradesh,Gorakhpur,34,0
Uttar Pradesh,Hamirpur,7,0
Uttar Pradesh,Hapur,48,0
Uttar Pradesh,Hardoi,23,0
Uttar Pradesh,Hathras,8,0
Uttar Pradesh,Jalaun,12,0
Uttar Pradesh,Jaunpur,58,0
Uttar Pradesh,Jhansi,22,0
Uttar Pradesh,Jyotiba Phule Nagar,3,0
Uttar Pradesh,Kannauj,12,0
Uttar Pradesh,Kanpur Dehat,9,0
Uttar Pradesh,Kanpur Nagar,22,0
Uttar Pradesh,Kasganj,2,0
Uttar Pradesh,Kaushambi,5,0
Uttar Pradesh,Kheri,8,0
Uttar Pradesh,Kushinagar,47,0
Uttar Pradesh,Lalitpur,5,0
Uttar Pradesh,Lucknow,25,0
Uttar Pradesh,Maharajganj,14,0
Uttar Pradesh,Mahoba,3,0
Uttar Pradesh,Mahrajganj,2,0
Uttar Pradesh,Mainpuri,17,0
Uttar Pradesh,Mathura,28,0
Uttar Pradesh,Mau,28,0
Uttar Pradesh,Meerut,43,0
Uttar Pradesh,Mirzapur,24,0
Uttar Pradesh,Moradabad,11,0
Uttar Pradesh,Muzaffarnagar,30,0
Uttar Pradesh,Pilibhit,9,0
Uttar Pradesh,Pratapgarh,31,0
Uttar Pradesh,Rae Bareli,15,0
Uttar Pradesh,Raebareli,32,0
Uttar Pradesh,Rampur,16,0
Uttar Pradesh,Saharanpur,51,0
Uttar Pradesh,Sambhal,2,0
Uttar Pradesh,Sant Kabir Nagar,19,0
Uttar Pradesh,Sant Ravidas Nagar,22,0
Uttar Pradesh,Sant Ravidas Nagar Bhadohi,5,0
Uttar Pradesh,Shahjahanpur,9,0
Uttar Pradesh,Shamli,7,0
Uttar Pradesh,Shrawasti,2,0
Uttar Pradesh,Siddharthnagar,16,0
Uttar Pradesh,Sitapur,15,0
Uttar Pradesh,Sonbhadra,6,0
Uttar Pradesh,Sultanpur,35,0
Uttar Pradesh,Unnao,16,0
Uttar Pradesh,Varanasi,37,0
Uttarakhand,Almora,13,0
Uttarakhand,Bageshwar,9,0
Uttarakhand,Chamoli,11,0
Uttarakhand,Champawat,3,0
Uttarakhand,Dehradun,24,0
Uttarakhand,Garhwal,7,0
Uttarakhand,Haridwar,11,0
Uttarakhand,Nainital,4,0
Uttarakhand,Pauri Garhwal,21,0
Uttarakhand,Pithoragarh,14,0
Uttarakhand,Rudraprayag,7,0
Uttarakhand,Tehri Garhwal,12,0
Uttarakhand,Udham Singh Nagar,6,0
Uttarakhand,Uttarkashi,4,0
West Bengal,Bally Jagachha,15,0
West Bengal,Bankura,12,0
West Bengal,Barddhaman,24,2
West Bengal,Bardhaman,125,9
West Bengal,Birbhum,17,1
West Bengal,Cooch Behar,28203,60
West Bengal,Darjeeling,2902,1
West Bengal,Domjur,1,0
West Bengal,East Midnapore,105,27
West Bengal,Hooghly,3125,48
West Bengal,Howrah,19202,233
West Bengal,Jalpaiguri,6179,8
West Bengal,Kolkata,1608,3
West Bengal,Malda,730,17
West Bengal,Medinipur,134,4
West Bengal,Murshidabad,9128,689
West Bengal,Nadia,16,0
West Bengal,North 24 Parganas,125,7
West Bengal,North Dinajpur,6,0
West Bengal,Purulia,31,0
West Bengal,South 24 Parganas,7,0
West Bengal,South Dinajpur,5,0
West Bengal,South Twenty Four Parganas,12940,0
West Bengal,West Midnapore,31,5
