State,District,Aadhaar generated,Enrolment Rejected
Andhra Pradesh,Adilabad,7310,216
Andhra Pradesh,Anantapur,67,9
Andhra Pradesh,Ananthapur,8,2
Andhra Pradesh,Chittoor,29,28
Andhra Pradesh,Cuddapah,14,0
Andhra Pradesh,East Godavari,2373,81
Andhra Pradesh,Guntur,2844,11
Andhra Pradesh,Hyderabad,2183,84
Andhra Pradesh,K.V.Rangareddy,8862,134
Andhra Pradesh,Karim Nagar,4317,28
Andhra Pradesh,Karimnagar,11,0
Andhra Pradesh,Khammam,1520,44
Andhra Pradesh,Krishna,2704,30
Andhra Pradesh,Kurnool,11132,2388
Andhra Pradesh,Mahabub Nagar,12333,581
Andhra Pradesh,Mahbubnagar,1112,60
Andhra Pradesh,Medak,1093,36
Andhra Pradesh,Nalgonda,8176,1359
Andhra Pradesh,Nellore,5744,175
Andhra Pradesh,Nizamabad,1859,61
Andhra Pradesh,Prakasam,375,105
Andhra Pradesh,Srikakulam,3230,8235
Andhra Pradesh,Visakhapatnam,516,11
Andhra Pradesh,Vizianagaram,924,2614
Andhra Pradesh,Warangal,11017,101
Andhra Pradesh,West Godavari,1922,49
Arunachal Pradesh,Dibang Valley,1,0
Arunachal Pradesh,East Siang,1,0
Assam,Baksa,1,0
Assam,Barpeta,2,1
Assam,Bongaigaon,3,0
Assam,Cachar,10,0
Assam,Chirang,1,0
Assam,Darrang,2,0
Assam,Golaghat,1,0
Assam,Hailakandi,7,0
Assam,Jorhat,2,0
Assam,Kamrup,4,0
Assam,Karimganj,3,0
Assam,Kokrajhar,1,0
Assam,Lakhimpur,5,0
Assam,Marigaon,2,0
Assam,Nagaon,5,0
Assam,Nalbari,4,0
Assam,Sibsagar,4,0
Assam,Sonitpur,1,0
Assam,Tinsukia,1,0
Bihar,Araria,4,0
Bihar,Arwal,19,0
Bihar,Aurangabad,39,0
Bihar,Aurangabad(BH),29,0
Bihar,Banka,36,2
Bihar,Begusarai,38,1
Bihar,Bhabua,6,0
Bihar,Bhagalpur,57,2
Bihar,Bhojpur,104,3
Bihar,Buxar,51,1
Bihar,Darbhanga,85,1
Bihar,East Champaran,58,3
Bihar,Gaya,80,2
Bihar,Gopalganj,49,1
Bihar,Jamui,29,0
Bihar,Jehanabad,30,1
Bihar,Kaimur (Bhabua),21,1
Bihar,Katihar,16,0
Bihar,Khagaria,19,3
Bihar,Kishanganj,19,1
Bihar,Lakhisarai,16,1
Bihar,Madhepura,13,0
Bihar,Madhubani,77,5
Bihar,Munger,48,1
Bihar,Muzaffarpur,56,0
Bihar,Nalanda,66,2
Bihar,Nawada,35,1
Bihar,Patna,131,3
Bihar,Purnia,15,1
Bihar,Rohtas,68,0
Bihar,Saharsa,17,2
Bihar,Samastipur,44,0
Bihar,Saran,97,4
Bihar,Sheikhpura,9,0
Bihar,Sheohar,6,1
Bihar,Sitamarhi,37,2
Bihar,Siwan,53,5
Bihar,Supaul,10,0
Bihar,Vaishali,55,0
Bihar,West Champaran,39,0
Chandigarh,Chandigarh,3314,69
Chandigarh,Mohali,2,1
Chhattisgarh,Balod,2,0
Chhattisgarh,Bastar,1,0
Chhattisgarh,Bemetara,1,0
Chhattisgarh,Bilaspur,8,0
Chhattisgarh,Dhamtari,8,0
Chhattisgarh,Durg,11,0
Chhattisgarh,Janjgir Champa,2,0
Chhattisgarh,Janjgir-champa,3,0
Chhattisgarh,Jashpur,12,1
Chhattisgarh,Korba,6,0
Chhattisgarh,Koriya,1,0
Chhattisgarh,Mahasamund,1528,1915
Chhattisgarh,Mungeli ,1,0
Chhattisgarh,Raigarh,2,0
Chhattisgarh,Raipur,7,0
Chhattisgarh,Rajnandgaon,4,0
Chhattisgarh,Surguja,1,0
Dadra and Nagar Haveli,Dadra and Nagar Haveli,2,0
Daman and Diu,Daman,53,4
Daman and Diu,Diu,1,8
Delhi,Central Delhi,671,422
Delhi,East Delhi,5135,2270
Delhi,Najafgarh,53,1544
Delhi,New Delhi,23,4
Delhi,North Delhi,1451,413
Delhi,North East,3252,2830
Delhi,North East Delhi,36,14
Delhi,North West Delhi,7542,2063
Delhi,South Delhi,12923,1112
Delhi,South West Delhi,1337,7088
Delhi,West Delhi,253,6560
Goa,Bardez,60,1
Goa,Bicholim,3,0
Goa,North Goa,2684,1588
Goa,South Goa,1822,136
Goa,Tiswadi,7,0
Gujarat,Ahmadabad,11,1
Gujarat,Ahmedabad,2411,104
Gujarat,Amreli,1437,27
Gujarat,Anand,1042,26
Gujarat,Banaskantha,1413,79
Gujarat,Bharuch,881,31
Gujarat,Bhavnagar,1715,39
Gujarat,Dahod,1115,22
Gujarat,Dohad,542,25
Gujarat,Gandhinagar,154,27
Gujarat,Jamnagar,1293,106
Gujarat,Junagadh,2841,302
Gujarat,Kachchh,1042,38
Gujarat,Kheda,2189,13
Gujarat,Mahesana,640,33
Gujarat,Narmada,2010,59
Gujarat,Navsari,3699,46
Gujarat,Panchmahals,2448,194
Gujarat,Patan,314,53
Gujarat,Porbandar,2111,63
Gujarat,Rajkot,5217,214
Gujarat,Sabarkantha,141,38
Gujarat,Surat,2945,186
Gujarat,Surendra Nagar,2768,169
Gujarat,Tapi,842,17
Gujarat,The Dangs,58,5
Gujarat,Vadodara,862,61
Gujarat,Valsad,692,36
Haryana,Ambala,4837,124
Haryana,Bhiwani,74,3
Haryana,Faridabad,4788,77
Haryana,Fatehabad,11,0
Haryana,Gurgaon,2918,243
Haryana,Hisar,557,1
Haryana,Jhajjar,37,1
Haryana,Jind,762,1
Haryana,Kaithal,19,0
Haryana,Karnal,5336,246
Haryana,Kurukshetra,193,3
Haryana,Mahendragarh,47,0
Haryana,Mewat,4,0
Haryana,Palwal,903,13
Haryana,Panchkula,229,4
Haryana,Panipat,807,15
Haryana,Rewari,676,3
Haryana,Rohtak,829,10
Haryana,Sirsa,150,4
Haryana,Sonipat,1854,61
Haryana,Yamuna Nagar,136,4
Himachal Pradesh,Bilaspur,3,0
Himachal Pradesh,Bilaspur ,22,0
Himachal Pradesh,Chamba,2553,64
Himachal Pradesh,Hamirpur,30,0
Himachal Pradesh,Kangra,4633,95
Himachal Pradesh,Kinnaur,13,0
Himachal Pradesh,Kullu,9,2
Himachal Pradesh,Mandi,136,0
Himachal Pradesh,Shimla,3190,83
Himachal Pradesh,Sirmaur,2936,129
Himachal Pradesh,Solan,1539,54
Himachal Pradesh,Una,18,1
Jammu and Kashmir,Anantnag,9,0
Jammu and Kashmir,Bandipur,5,0
Jammu and Kashmir,Baramulla,2,0
Jammu and Kashmir,Doda,16,1
Jammu and Kashmir,Jammu,76,0
Jammu and Kashmir,Kargil,1,0
Jammu and Kashmir,Kathua,10,0
Jammu and Kashmir,Kupwara,6,0
Jammu and Kashmir,Leh,2,0
Jammu and Kashmir,Poonch,11,0
Jammu and Kashmir,Pulwama,2,0
Jammu and Kashmir,Rajouri,26,0
Jammu and Kashmir,Srinagar,2,0
Jammu and Kashmir,Udhampur,4,0
Jharkhand,Bokaro,10103,310
Jharkhand,Chatra,1087,5
Jharkhand,Deoghar,1455,133
Jharkhand,Dhanbad,4174,86
Jharkhand,Dumka,7219,173
Jharkhand,East Singhbhum,1169,41
Jharkhand,Garhwa,9719,76
Jharkhand,Giridih,4691,180
Jharkhand,Godda,2948,12
Jharkhand,Gumla,2450,144
Jharkhand,Hazaribag,416,46
Jharkhand,Hazaribagh,9813,267
Jharkhand,Jamtara,453,1
Jharkhand,Khunti,1410,67
Jharkhand,Kodarma,2,0
Jharkhand,Koderma,1615,19
Jharkhand,Latehar,323,4
Jharkhand,Lohardaga,535,73
Jharkhand,Pakaur,11,0
Jharkhand,Pakur,1537,48
Jharkhand,Palamau,529,34
Jharkhand,Palamu,2636,86
Jharkhand,Ramgarh,4568,57
Jharkhand,Ranchi,7468,284
Jharkhand,Sahebganj,2082,19
Jharkhand,Seraikela-Kharsawan,227,28
Jharkhand,Simdega,2346,94
Jharkhand,West Singhbhum,395,24
Karnataka,Bagalkot,56,1
Karnataka,Bangalore,8819,177
Karnataka,Bangalore Rural,174,4
Karnataka,Belgaum,138,0
Karnataka,Bellary,820,12
Karnataka,Bidar,26,0
Karnataka,Bijapur(KAR),56,7
Karnataka,Chamrajnagar,5,0
Karnataka,Chickmagalur,462,1
Karnataka,Chikkaballapur,786,16
Karnataka,Chitradurga,485,37
Karnataka,Dakshina Kannada,22,0
Karnataka,Davangere,11147,397
Karnataka,Dharwad,3877,1816
Karnataka,Gadag,7,0
Karnataka,Gulbarga,5,0
Karnataka,Hassan,494,5
Karnataka,Haveri,249,126
Karnataka,Kodagu,63,0
Karnataka,Kolar,545,9
Karnataka,Koppal,4,0
Karnataka,Mandya,31,1
Karnataka,Mysore,31,4
Karnataka,Raichur,11,1
Karnataka,Ramanagar,491,8
Karnataka,Shimoga,507,7
Karnataka,Tumkur,13,1
Karnataka,Udupi,8398,10
Karnataka,Uttara Kannada,11,1
Karnataka,Yadgir,2,0
Kerala,Alappuzha,10326,5620
Kerala,Ernakulam,54010,1711
Kerala,Idukki,4564,5469
Kerala,Kannur,26250,1284
Kerala,Kasaragod,2689,2
Kerala,Kasargod,5895,229
Kerala,Kollam,17470,782
Kerala,Kottayam,7814,1899
Kerala,Kozhikode,24928,3241
Kerala,Malappuram,9974,153
Kerala,Neyyattinkara,1,0
Kerala,Palakkad,24789,6177
Kerala,Pathanamthitta,6552,3939
Kerala,Thiruvananthapuram,10938,6308
Kerala,Thrissur,43957,403
Kerala,Wayanad,7117,4305
Lakshadweep,Lakshadweep,1,0
Madhya Pradesh,Alirajpur,322,0
Madhya Pradesh,Anuppur,536,13
Madhya Pradesh,Ashok Nagar,498,1
Madhya Pradesh,Balaghat,89,1
Madhya Pradesh,Barwani,40,5
Madhya Pradesh,Betul,1579,41
Madhya Pradesh,Bhind,1630,63
Madhya Pradesh,Bhopal,11493,527
Madhya Pradesh,Burhanpur,6,1
Madhya Pradesh,Chhatarpur,1074,44
Madhya Pradesh,Chhindwara,810,9
Madhya Pradesh,Damoh,4538,154
Madhya Pradesh,Datia,1147,24
Madhya Pradesh,Dewas,30,4
Madhya Pradesh,Dhar,3508,139
Madhya Pradesh,Dindori,22,0
Madhya Pradesh,Guna,3369,454
Madhya Pradesh,Gwalior,2777,186
Madhya Pradesh,Harda,3,3
Madhya Pradesh,Hoshangabad,26,2
Madhya Pradesh,Indore,10979,583
Madhya Pradesh,Jabalpur,15997,636
Madhya Pradesh,Jhabua,636,14
Madhya Pradesh,Katni,2198,65
Madhya Pradesh,Khandwa,98,14
Madhya Pradesh,Khargone,3621,127
Madhya Pradesh,Mandla,900,17
Madhya Pradesh,Mandsaur,9,18
Madhya Pradesh,Morena,829,32
Madhya Pradesh,Narsinghpur,40,1
Madhya Pradesh,Neemuch,5,8
Madhya Pradesh,Panna,1575,11
Madhya Pradesh,Raisen,1923,122
Madhya Pradesh,Rajgarh,2733,344
Madhya Pradesh,Ratlam,398,8
Madhya Pradesh,Rewa,2206,136
Madhya Pradesh,Sagar,5844,55
Madhya Pradesh,Satna,5070,136
Madhya Pradesh,Sehore,2666,136
Madhya Pradesh,Seoni,1620,17
Madhya Pradesh,Shahdol,1039,1
Madhya Pradesh,Shajapur,19,3
Madhya Pradesh,Sheopur,527,7
Madhya Pradesh,Shivpuri,191,6
Madhya Pradesh,Sidhi,162,6
Madhya Pradesh,Singrauli,216,11
Madhya Pradesh,Tikamgarh,336,5
Madhya Pradesh,Ujjain,4219,576
Madhya Pradesh,Umaria,259,0
Madhya Pradesh,Vidisha,5501,593
Maharashtra,Ahmadnagar,567,13
Maharashtra,Ahmed Nagar,3148,62
Maharashtra,Akola,722,19
Maharashtra,Amravati,5861,232
Maharashtra,Aurangabad,2493,3009
Maharashtra,Beed,1750,13
Maharashtra,Bhandara,264,378
Maharashtra,Buldhana,664,40
Maharashtra,Chandrapur,1370,96
Maharashtra,Dhule,4098,124
Maharashtra,Gadchiroli,24,9
Maharashtra,Gondia,573,46
Maharashtra,Gondiya,1,1
Maharashtra,Hingoli,164,53
Maharashtra,Jalgaon,1533,111
Maharashtra,Jalna,862,70
Maharashtra,Kolhapur,3461,48
Maharashtra,Latur,1480,26
Maharashtra,Mumbai,16312,276
Maharashtra,Mumbai City,389,20
Maharashtra,Mumbai( Sub Urban ),19,0
Maharashtra,Nagpur,5451,244
Maharashtra,Nanded,31,12
Maharashtra,Nandurbar,1494,20
Maharashtra,Nashik,4562,438
Maharashtra,Osmanabad,456,20
Maharashtra,Parbhani,794,90
Maharashtra,Pune,7179,133
Maharashtra,Raigarh,665,0
Maharashtra,Raigarh(MH),1422,8
Maharashtra,Ratnagiri,483,357
Maharashtra,Sangli,2067,52
Maharashtra,Satara,1107,23
Maharashtra,Sindhudurg,61,0
Maharashtra,Solapur,1808,34
Maharashtra,Thane,38956,2119
Maharashtra,Wardha,410,241
Maharashtra,Washim,35,14
Maharashtra,Yavatmal,911,8
Manipur,Bishnupur,238,8
Manipur,Chandel,1,0
Manipur,Churachandpur,1,0
Manipur,Imphal East,18,0
Manipur,Imphal West,32,0
Manipur,Senapati,50,6
Manipur,Thoubal,618,12
Manipur,Ukhrul,5,43
Meghalaya,East Khasi Hills,1,0
Meghalaya,West Garo Hills,1,0
Mizoram,Aizawl,1,0
Nagaland,Dimapur,8,30
Nagaland,Kiphire,1161,0
Nagaland,Kohima,26,5
Nagaland,Longleng,896,0
Nagaland,Mokokchung,11,0
Nagaland,Mon,131,9
Nagaland,Phek,65,25
Nagaland,Tuensang,3574,74
Nagaland,Wokha,1,0
Odisha,Angul,9,0
Odisha,Balangir,952,310
Odisha,Baleswar,4541,1298
Odisha,Balianta,3,0
Odisha,Bargarh,349,2
Odisha,Baudh,1,0
Odisha,Bhadrak,10,0
Odisha,Bhubaneswar,1,0
Odisha,Cuttack,12286,1215
Odisha,Debagarh,1,0
Odisha,Dhenkanal,16,0
Odisha,Gajapati,1,0
Odisha,Ganjam,99,26
Odisha,Jagatsinghapur,13,0
Odisha,Jajapur,11,0
Odisha,Jharsuguda,1,0
Odisha,Kalahandi,2,0
Odisha,Kandhamal,249,0
Odisha,Kendrapara,27,3
Odisha,Kendujhar,5158,129
Odisha,Khorda,10,0
Odisha,Khordha,25741,69
Odisha,Koraput,229,1
Odisha,Mayurbhanj,10,0
Odisha,Nabarangapur,1,0
Odisha,Nayagarh,5,0
Odisha,Puri,6,0
Odisha,Rayagada,25,4
Odisha,Sambalpur,4,0
Odisha,Sonapur,2886,314
Odisha,Sundergarh,14,0
Others,Others,479,91
Puducherry,Pondicherry,1,0
Punjab,Amritsar,1180,46
Punjab,Barnala,553,18
Punjab,Bathinda,1981,92
Punjab,Chandigarh,2,0
Punjab,Faridkot,1409,9
Punjab,Fatehgarh Sahib,683,6
Punjab,Fazilka,878,170
Punjab,Ferozepur,969,16
Punjab,Gurdaspur,516,10
Punjab,Hoshiarpur,318,10
Punjab,Jalandhar,3973,55
Punjab,Kapurthala,2160,72
Punjab,Ludhiana,6615,123
Punjab,Mansa,308,7
Punjab,Moga,2403,17
Punjab,Muktsar,176,1
Punjab,Nawanshahr,2,0
Punjab,Pathankot,18,0
Punjab,Patiala,2826,59
Punjab,Rupnagar,1228,7
Punjab,SAS Nagar (Mohali),704,9
Punjab,Sangrur,2046,27
Punjab,Shaheed Bhagat Singh Nagar,447,17
Punjab,Sri Muktsar Sahib,1177,36
Punjab,Tarn Taran,537,21
Rajasthan,Ajmer,3137,42
Rajasthan,Alwar,3982,160
Rajasthan,Banswara,434,19
Rajasthan,Baran,14,3
Rajasthan,Barmer,8309,2052
Rajasthan,Bharatpur,397,5
Rajasthan,Bhilwara,558,17
Rajasthan,Bikaner,3672,391
Rajasthan,Bundi,594,22
Rajasthan,Chittorgarh,270,4
Rajasthan,Churu,2012,120
Rajasthan,Dausa,4392,92
Rajasthan,Dholpur,8,0
Rajasthan,Dungarpur,579,3
Rajasthan,Ganganagar,313,0
Rajasthan,Hanumangarh,1428,29
Rajasthan,Jaipur,5124,357
Rajasthan,Jaisalmer,9,0
Rajasthan,Jalor,5613,621
Rajasthan,Jhalawar,4,0
Rajasthan,Jhunjhunu,2038,150
Rajasthan,Jhunjhunun,5277,116
Rajasthan,Jodhpur,1752,41
Rajasthan,Karauli,117,1
Rajasthan,Kota,450,138
Rajasthan,Nagaur,4635,200
Rajasthan,Pali,2011,137
Rajasthan,Pratapgarh,616,41
Rajasthan,Rajsamand,3362,279
Rajasthan,Sawai Madhopur,474,3
Rajasthan,Sikar,4244,106
Rajasthan,Sirohi,2166,85
Rajasthan,Tonk,1615,36
Rajasthan,Udaipur,6341,103
Sikkim,East Sikkim,9,0
Sikkim,North Sikkim,3,1
Tamil Nadu,Ariyalur,5,3
Tamil Nadu,Chennai,15,0
Tamil Nadu,Coimbatore,11,1
Tamil Nadu,Cuddalore,684,236
Tamil Nadu,Dharmapuri,18784,83
Tamil Nadu,Dindigul,11,1
Tamil Nadu,Erode,1529,350
Tamil Nadu,Kancheepuram,3,0
Tamil Nadu,Kanchipuram,3,0
Tamil Nadu,Kanniyakumari,4,0
Tamil Nadu,Kanyakumari,9,0
Tamil Nadu,Karur,8506,1802
Tamil Nadu,Krishnagiri,9,0
Tamil Nadu,Madurai,27289,149
Tamil Nadu,Nagapattinam,4,35
Tamil Nadu,Namakkal,18,2
Tamil Nadu,Nilgiris,7,0
Tamil Nadu,Perambalur,1022,835
Tamil Nadu,Pudukkottai,3388,1408
Tamil Nadu,Ramanathapuram,729,1
Tamil Nadu,Salem,10814,1662
Tamil Nadu,Sivaganga,8,0
Tamil Nadu,Thanjavur,1,0
Tamil Nadu,The Nilgiris,2,0
Tamil Nadu,Theni,5,0
Tamil Nadu,Thiruvarur,1,0
Tamil Nadu,Thoothukkudi,332,0
Tamil Nadu,Tiruchirappalli,337,278
Tamil Nadu,Tirunelveli,12,0
Tamil Nadu,Tiruppur,1,0
Tamil Nadu,Tiruvallur,9,2
Tamil Nadu,Tiruvannamalai,4876,7768
Tamil Nadu,Tuticorin,1,0
Tamil Nadu,Vellore,2267,9
Tamil Nadu,Villupuram,2,0
Tamil Nadu,Viluppuram,9,0
Tamil Nadu,Virudhunagar,1510,1
Tripura,Dhalai,1,0
Tripura,North Tripura,3,0
Tripura,South Tripura,3,1
Uttar Pradesh,Agra,43,1
Uttar Pradesh,Aligarh,41,6
Uttar Pradesh,Allahabad,66,1
Uttar Pradesh,Ambedkar Nagar,28,0
Uttar Pradesh,Amethi,2,1
Uttar Pradesh,Amroha,2,0
Uttar Pradesh,Auraiya,8,0
Uttar Pradesh,Azamgarh,63,0
Uttar Pradesh,Baghpat,14,0
Uttar Pradesh,Bagpat,16,0
Uttar Pradesh,Bahraich,5,0
Uttar Pradesh,Ballia,82,0
Uttar Pradesh,Balrampur,13,2
Uttar Pradesh,Banda,12,1
Uttar Pradesh,Barabanki,8,0
Uttar Pradesh,Bareilly,23,1
Uttar Pradesh,Basti,35,0
Uttar Pradesh,Bijnor,16,0
Uttar Pradesh,Budaun,23,0
Uttar Pradesh,Bulandshahar,13,0
Uttar Pradesh,Bulandshahr,31,3
Uttar Pradesh,Chandauli,19,2
Uttar Pradesh,Chitrakoot,4,2
Uttar Pradesh,Deoria,55,1
Uttar Pradesh,Etah,12,0
Uttar Pradesh,Etawah,12,0
Uttar Pradesh,Faizabad,32,2
Uttar Pradesh,Farrukhabad,15,0
Uttar Pradesh,Fatehpur,14,1
Uttar Pradesh,Firozabad,16,0
Uttar Pradesh,Gautam Buddha Nagar,44,0
Uttar Pradesh,Ghaziabad,101,3
Uttar Pradesh,Ghazipur,87,1
Uttar Pradesh,Gonda,39,0
Uttar Pradesh,Gorakhpur,49,1
Uttar Pradesh,Hamirpur,4,0
Uttar Pradesh,Hapur,22,1
Uttar Pradesh,Hardoi,21,0
Uttar Pradesh,Hathras,22,0
Uttar Pradesh,Jalaun,21,0
Uttar Pradesh,Jaunpur,70,2
Uttar Pradesh,Jhansi,24,1
Uttar Pradesh,Jyotiba Phule Nagar,9,0
Uttar Pradesh,Kannauj,5,0
Uttar Pradesh,Kanpur Dehat,13,0
Uttar Pradesh,Kanpur Nagar,42,1
Uttar Pradesh,Kasganj,1,0
Uttar Pradesh,Kaushambi,8,0
Uttar Pradesh,Kheri,2,1
Uttar Pradesh,Kushinagar,40,1
Uttar Pradesh,Lalitpur,1,0
Uttar Pradesh,Lucknow,15,0
Uttar Pradesh,Maharajganj,14,0
Uttar Pradesh,Mahoba,2,1
Uttar Pradesh,Mahrajganj,2,0
Uttar Pradesh,Mainpuri,20,0
Uttar Pradesh,Mathura,28,2
Uttar Pradesh,Mau,34,0
Uttar Pradesh,Meerut,34,0
Uttar Pradesh,Mirzapur,31,0
Uttar Pradesh,Moradabad,22,1
Uttar Pradesh,Muzaffarnagar,34,0
Uttar Pradesh,Pilibhit,5,0
Uttar Pradesh,Pratapgarh,36,1
Uttar Pradesh,Rae Bareli,8,0
Uttar Pradesh,Raebareli,28,1
Uttar Pradesh,Rampur,11,0
Uttar Pradesh,Saharanpur,23,0
Uttar Pradesh,Sambhal,4,0
Uttar Pradesh,Sant Kabir Nagar,7,0
Uttar Pradesh,Sant Ravidas Nagar,18,0
Uttar Pradesh,Sant Ravidas Nagar Bhadohi,2,0
Uttar Pradesh,Shahjahanpur,14,0
Uttar Pradesh,Shamli,6,0
Uttar Pradesh,Shrawasti,4,0
Uttar Pradesh,Siddharthnagar,18,0
Uttar Pradesh,Sitapur,5,1
Uttar Pradesh,Sonbhadra,5,2
Uttar Pradesh,Sultanpur,52,2
Uttar Pradesh,Unnao,25,1
Uttar Pradesh,Varanasi,40,1
Uttarakhand,Almora,23,0
Uttarakhand,Bageshwar,8,0
Uttarakhand,Chamoli,9,0
Uttarakhand,Champawat,6,0
Uttarakhand,Dehradun,33,0
Uttarakhand,Garhwal,6,0
Uttarakhand,Hardwar,3,0
Uttarakhand,Haridwar,7,0
Uttarakhand,Nainital,21,0
Uttarakhand,Pauri Garhwal,23,0
Uttarakhand,Pithoragarh,28,0
Uttarakhand,Rudraprayag,7,0
Uttarakhand,Tehri Garhwal,15,0
Uttarakhand,Udham Singh Nagar,13,0
Uttarakhand,Uttarkashi,6,0
West Bengal,Bally Jagachha,11,0
West Bengal,Bankura,22,0
West Bengal,Barddhaman,80,59
West Bengal,Bardhaman,68,91
West Bengal,Birbhum,41,4
West Bengal,Cooch Behar,16334,25
West Bengal,Darjeeling,7480,1
West Bengal,Domjur,5,0
West Bengal,East Midnapore,52,293
West Bengal,Hooghly,16204,722
West Bengal,Howrah,25353,983
West Bengal,Jalpaiguri,7980,21
West Bengal,Kolkata,39239,1460
West Bengal,Malda,15490,523
West Bengal,Medinipur,300,78
West Bengal,Murshidabad,30395,1250
West Bengal,Nadia,33,1
West Bengal,North 24 Parganas,147,105
West Bengal,North Dinajpur,4,0
West Bengal,Purulia,21,0
West Bengal,South 24 Parganas,13,0
West Bengal,South Dinajpur,4,0
West Bengal,South Twenty Four Parganas,2465,30
West Bengal,West Midnapore,109,11
