State,District,Aadhaar generated,Enrolment Rejected
Andaman and Nicobar Islands,Middle & North andaman,1,0
Andaman and Nicobar Islands,North And Middle Andaman,1,0
Andhra Pradesh,Adilabad,10341,117
Andhra Pradesh,Anantapur,2,0
Andhra Pradesh,Ananthapur,5,1
Andhra Pradesh,Chittoor,33,59
Andhra Pradesh,Cuddapah,33,0
Andhra Pradesh,East Godavari,2069,257
Andhra Pradesh,Guntur,4739,73
Andhra Pradesh,Hyderabad,2678,89
Andhra Pradesh,K.V.Rangareddy,5226,102
Andhra Pradesh,Karim Nagar,2319,122
Andhra Pradesh,Karimnagar,13,1
Andhra Pradesh,Khammam,1271,43
Andhra Pradesh,Krishna,3140,11
Andhra Pradesh,Kurnool,1656,4518
Andhra Pradesh,Mahabub Nagar,11231,825
Andhra Pradesh,Mahbubnagar,834,75
Andhra Pradesh,Medak,2179,55
Andhra Pradesh,Nalgonda,30334,673
Andhra Pradesh,Nellore,2064,100
Andhra Pradesh,Nizamabad,1998,26
Andhra Pradesh,Prakasam,105,2
Andhra Pradesh,Srikakulam,2872,1387
Andhra Pradesh,Visakhapatnam,1259,41
Andhra Pradesh,Vizianagaram,605,25
Andhra Pradesh,Warangal,8629,295
Andhra Pradesh,West Godavari,1066,39
Arunachal Pradesh,East Kameng,1,0
Arunachal Pradesh,East Siang,1,0
Arunachal Pradesh,Papum Pare,1,0
Arunachal Pradesh,Upper Subansiri,1,0
Assam,Baksa,3,1
Assam,Barpeta,12,0
Assam,Bongaigaon,9,0
Assam,Cachar,20,0
Assam,Chirang,2,0
Assam,Darrang,13,1
Assam,Dhemaji,1,0
Assam,Dhubri,3,0
Assam,Dibrugarh,4,0
Assam,Goalpara,3,0
Assam,Golaghat,8,0
Assam,Hailakandi,9,0
Assam,Jorhat,11,0
Assam,Kamrup,6,0
Assam,Kamrup Metro,1,0
Assam,Karimganj,4,0
Assam,Kokrajhar,4,0
Assam,Lakhimpur,5,0
Assam,Marigaon,4,0
Assam,Nagaon,16,1
Assam,Nalbari,10,0
Assam,Sibsagar,4,0
Assam,Sonitpur,8,0
Assam,Tinsukia,9,0
Assam,Udalguri,1,0
Bihar,Araria,14,0
Bihar,Arwal,25,1
Bihar,Aurangabad,39,2
Bihar,Aurangabad(BH),43,0
Bihar,Banka,50,2
Bihar,Begusarai,43,0
Bihar,Bhabua,5,0
Bihar,Bhagalpur,86,1
Bihar,Bhojpur,166,5
Bihar,Buxar,66,1
Bihar,Darbhanga,74,1
Bihar,East Champaran,99,3
Bihar,Gaya,105,2
Bihar,Gopalganj,39,0
Bihar,Jamui,37,1
Bihar,Jehanabad,19,3
Bihar,Kaimur (Bhabua),31,0
Bihar,Katihar,24,0
Bihar,Khagaria,48,0
Bihar,Kishanganj,10,0
Bihar,Lakhisarai,31,2
Bihar,Madhepura,14,2
Bihar,Madhubani,83,1
Bihar,Munger,63,2
Bihar,Muzaffarpur,112,4
Bihar,Nalanda,112,3
Bihar,Nawada,45,3
Bihar,Patna,150,19
Bihar,Purnia,18,0
Bihar,Rohtas,90,4
Bihar,Saharsa,27,0
Bihar,Samastipur,53,4
Bihar,Saran,161,3
Bihar,Sheikhpura,21,1
Bihar,Sheohar,8,0
Bihar,Sitamarhi,73,1
Bihar,Siwan,116,2
Bihar,Supaul,21,0
Bihar,Vaishali,103,3
Bihar,West Champaran,71,0
Chandigarh,Chandigarh,4481,28
Chandigarh,Mohali,12,0
Chhattisgarh,Balod,5,0
Chhattisgarh,Baloda Bazar,1,0
Chhattisgarh,Bastar,1,0
Chhattisgarh,Bilaspur,7,1
Chhattisgarh,Dantewada,1,0
Chhattisgarh,Dhamtari,8,0
Chhattisgarh,Durg,37,1
Chhattisgarh,Janjgir Champa,2,0
Chhattisgarh,Janjgir-champa,5,0
Chhattisgarh,Jashpur,6,1
Chhattisgarh,Kanker,6,0
Chhattisgarh,Kawardha,1,0
Chhattisgarh,Korba,7,0
Chhattisgarh,Koriya,4,0
Chhattisgarh,Mahasamund,279,31
Chhattisgarh,Raigarh,3,0
Chhattisgarh,Raipur,16,0
Chhattisgarh,Rajnandgaon,5,0
Chhattisgarh,Surguja,9,0
Dadra and Nagar Haveli,Dadra and Nagar Haveli,1,0
Daman and Diu,Daman,201,16
Daman and Diu,Diu,2,15
Delhi,Central Delhi,157,1363
Delhi,East Delhi,1038,11404
Delhi,Najafgarh,114,2181
Delhi,New Delhi,15,3
Delhi,North Delhi,202,1873
Delhi,North East,606,8542
Delhi,North East Delhi,22,34
Delhi,North West Delhi,1775,14875
Delhi,South Delhi,1783,8124
Delhi,South West Delhi,1248,10964
Delhi,West Delhi,605,2838
Goa,Bardez,9,15
Goa,Bicholim,1,0
Goa,North Goa,617,13818
Goa,Ponda,0,2
Goa,South Goa,400,100
Gujarat,Ahmadabad,13,1
Gujarat,Ahmedabad,2625,20
Gujarat,Amreli,1454,7
Gujarat,Anand,474,34
Gujarat,Banaskantha,1412,30
Gujarat,Bharuch,183,21
Gujarat,Bhavnagar,2208,35
Gujarat,Dahod,713,13
Gujarat,Dohad,728,16
Gujarat,Gandhinagar,308,11
Gujarat,Jamnagar,170,53
Gujarat,Junagadh,2211,207
Gujarat,Kachchh,98,92
Gujarat,Kheda,1011,26
Gujarat,Mahesana,746,44
Gujarat,Narmada,622,145
Gujarat,Navsari,389,1
Gujarat,Panchmahals,1492,202
Gujarat,Patan,32,80
Gujarat,Porbandar,53,75
Gujarat,Rajkot,1872,204
Gujarat,Sabarkantha,883,200
Gujarat,Surat,2241,249
Gujarat,Surendra Nagar,705,30
Gujarat,Tapi,64,0
Gujarat,The Dangs,41,8
Gujarat,Vadodara,2852,27
Gujarat,Valsad,603,59
Haryana,Ambala,4446,82
Haryana,Bhiwani,117,1
Haryana,Faridabad,4990,91
Haryana,Fatehabad,8,0
Haryana,Gurgaon,1903,70
Haryana,Hisar,190,3
Haryana,Jhajjar,83,0
Haryana,Jind,1610,5
Haryana,Kaithal,33,3
Haryana,Karnal,4176,56
Haryana,Kurukshetra,2669,10
Haryana,Mahendragarh,96,0
Haryana,Mewat,12,0
Haryana,Palwal,4426,13
Haryana,Panchkula,476,6
Haryana,Panipat,320,16
Haryana,Rewari,1458,4
Haryana,Rohtak,2001,13
Haryana,Sirsa,155,3
Haryana,Sonipat,8469,62
Haryana,Yamuna Nagar,185,11
Himachal Pradesh,Bilaspur,43,1
Himachal Pradesh,Bilaspur ,85,4
Himachal Pradesh,Chamba,2186,374
Himachal Pradesh,Hamirpur,62,7
Himachal Pradesh,Kangra,2754,101
Himachal Pradesh,Kinnaur,9,0
Himachal Pradesh,Kullu,14,0
Himachal Pradesh,Lahul and Spiti,2,0
Himachal Pradesh,Mandi,237,4
Himachal Pradesh,Shimla,3957,41
Himachal Pradesh,Sirmaur,1312,89
Himachal Pradesh,Solan,3907,80
Himachal Pradesh,Una,91,1
Jammu and Kashmir,Anantnag,7,0
Jammu and Kashmir,Bandipore,2,0
Jammu and Kashmir,Bandipur,1,0
Jammu and Kashmir,Baramula,1,0
Jammu and Kashmir,Budgam,2,0
Jammu and Kashmir,Doda,6,0
Jammu and Kashmir,Jammu,122,1
Jammu and Kashmir,Kargil,1,0
Jammu and Kashmir,Kathua,30,0
Jammu and Kashmir,Kupwara,3,0
Jammu and Kashmir,Leh,4,0
Jammu and Kashmir,Poonch,4,0
Jammu and Kashmir,Pulwama,1,0
Jammu and Kashmir,Punch,1,0
Jammu and Kashmir,Rajouri,14,0
Jammu and Kashmir,Srinagar,1,0
Jammu and Kashmir,Udhampur,8,0
Jharkhand,Bokaro,7158,309
Jharkhand,Chatra,1920,15
Jharkhand,Deoghar,1772,37
Jharkhand,Dhanbad,3853,73
Jharkhand,Dumka,9234,240
Jharkhand,East Singhbhum,1300,57
Jharkhand,Garhwa,4838,13
Jharkhand,Giridih,19217,388
Jharkhand,Godda,1940,124
Jharkhand,Gumla,2560,183
Jharkhand,Hazaribag,121,19
Jharkhand,Hazaribagh,3082,138
Jharkhand,Jamtara,119,12
Jharkhand,Khunti,880,65
Jharkhand,Kodarma,4,0
Jharkhand,Koderma,1425,79
Jharkhand,Latehar,668,5
Jharkhand,Lohardaga,1213,30
Jharkhand,Pakaur,23,0
Jharkhand,Pakur,165,32
Jharkhand,Palamau,378,10
Jharkhand,Palamu,3809,45
Jharkhand,Ramgarh,4132,98
Jharkhand,Ranchi,9705,195
Jharkhand,Sahebganj,1511,68
Jharkhand,Seraikela-Kharsawan,2629,45
Jharkhand,Simdega,1230,117
Jharkhand,West Singhbhum,701,45
Karnataka,Bagalkot,79,0
Karnataka,Bangalore,4322,106
Karnataka,Bangalore Rural,29,1
Karnataka,Belgaum,797,2
Karnataka,Bellary,943,9
Karnataka,Bidar,28,8
Karnataka,Bijapur,61,1
Karnataka,Bijapur(KAR),51,4
Karnataka,Chamarajanagar,3,1
Karnataka,Chamrajnagar,1,1
Karnataka,Chickmagalur,488,24
Karnataka,Chikkaballapur,2292,13
Karnataka,Chitradurga,254,31
Karnataka,Dakshina Kannada,36,0
Karnataka,Davangere,2260,126
Karnataka,Dharwad,120,30
Karnataka,Gadag,14,2
Karnataka,Gulbarga,146,0
Karnataka,Hassan,1412,1
Karnataka,Haveri,6972,3
Karnataka,Kodagu,203,2
Karnataka,Kolar,152,23
Karnataka,Koppal,6,0
Karnataka,Mandya,16,4
Karnataka,Mysore,47,0
Karnataka,Raichur,297,0
Karnataka,Ramanagar,535,40
Karnataka,Shimoga,163,51
Karnataka,Tumkur,7,1
Karnataka,Udupi,1107,0
Karnataka,Uttara Kannada,105,0
Karnataka,Yadgir,8,0
Kerala,Alappuzha,15931,471
Kerala,Ernakulam,10317,1768
Kerala,Idukki,7634,951
Kerala,Kannur,26584,1276
Kerala,Kasaragod,1433,10
Kerala,Kasargod,5455,51
Kerala,Kollam,21776,47
Kerala,Kottayam,2374,193
Kerala,Kozhikode,21218,2423
Kerala,Malappuram,14355,1225
Kerala,Palakkad,21489,1514
Kerala,Pathanamthitta,16445,5450
Kerala,Thiruvananthapuram,6017,513
Kerala,Thrissur,40122,91
Kerala,Wayanad,15124,852
Lakshadweep,Lakshadweep,6,0
Madhya Pradesh,Alirajpur,1431,20
Madhya Pradesh,Anuppur,667,27
Madhya Pradesh,Ashok Nagar,159,1
Madhya Pradesh,Balaghat,400,2
Madhya Pradesh,Barwani,83,18
Madhya Pradesh,Betul,2863,41
Madhya Pradesh,Bhind,1072,33
Madhya Pradesh,Bhopal,10209,553
Madhya Pradesh,Burhanpur,6,0
Madhya Pradesh,Chhatarpur,629,37
Madhya Pradesh,Chhindwara,300,75
Madhya Pradesh,Damoh,4156,247
Madhya Pradesh,Datia,1256,42
Madhya Pradesh,Dewas,90,5
Madhya Pradesh,Dhar,8345,422
Madhya Pradesh,Dindori,30,0
Madhya Pradesh,Guna,1169,171
Madhya Pradesh,Gwalior,2245,226
Madhya Pradesh,Harda,9,0
Madhya Pradesh,Hoshangabad,40,1
Madhya Pradesh,Indore,18925,744
Madhya Pradesh,Jabalpur,12822,838
Madhya Pradesh,Jhabua,1481,50
Madhya Pradesh,Katni,6750,215
Madhya Pradesh,Khandwa,26,10
Madhya Pradesh,Khargone,4140,289
Madhya Pradesh,Mandla,336,77
Madhya Pradesh,Mandsaur,17,0
Madhya Pradesh,Morena,367,24
Madhya Pradesh,Narsinghpur,48,0
Madhya Pradesh,Neemuch,7,1
Madhya Pradesh,Panna,1912,58
Madhya Pradesh,Raisen,1721,252
Madhya Pradesh,Rajgarh,1338,188
Madhya Pradesh,Ratlam,222,21
Madhya Pradesh,Rewa,2144,171
Madhya Pradesh,Sagar,6538,135
Madhya Pradesh,Satna,5341,630
Madhya Pradesh,Sehore,3283,275
Madhya Pradesh,Seoni,1247,131
Madhya Pradesh,Shahdol,363,23
Madhya Pradesh,Shajapur,31,2
Madhya Pradesh,Sheopur,371,15
Madhya Pradesh,Shivpuri,276,72
Madhya Pradesh,Sidhi,92,5
Madhya Pradesh,Singrauli,132,52
Madhya Pradesh,Tikamgarh,333,14
Madhya Pradesh,Ujjain,3831,848
Madhya Pradesh,Umaria,681,13
Madhya Pradesh,Vidisha,1424,1091
Maharashtra,Ahmadnagar,295,12
Maharashtra,Ahmed Nagar,1471,45
Maharashtra,Akola,745,3
Maharashtra,Amravati,11600,89
Maharashtra,Aurangabad,2488,67
Maharashtra,Beed,1730,39
Maharashtra,Bhandara,1318,226
Maharashtra,Buldhana,1320,31
Maharashtra,Chandrapur,13394,26
Maharashtra,Dhule,5014,68
Maharashtra,Gadchiroli,210,3
Maharashtra,Gondia,1136,20
Maharashtra,Gondiya,97,4
Maharashtra,Hingoli,282,5
Maharashtra,Jalgaon,1958,27
Maharashtra,Jalna,1247,23
Maharashtra,Kolhapur,1662,9
Maharashtra,Latur,1130,65
Maharashtra,Mumbai,34377,165
Maharashtra,Mumbai City,366,19
Maharashtra,Mumbai( Sub Urban ),29,1
Maharashtra,Nagpur,3456,122
Maharashtra,Nanded,102,2
Maharashtra,Nandurbar,11999,7
Maharashtra,Nashik,6930,625
Maharashtra,Osmanabad,292,24
Maharashtra,Parbhani,568,134
Maharashtra,Pune,15502,101
Maharashtra,Raigarh,740,10
Maharashtra,Raigarh(MH),149,18
Maharashtra,Ratnagiri,106,4
Maharashtra,Sangli,1441,41
Maharashtra,Satara,1251,15
Maharashtra,Sindhudurg,38,1
Maharashtra,Solapur,619,103
Maharashtra,Thane,25897,2553
Maharashtra,Wardha,2205,46
Maharashtra,Washim,357,0
Maharashtra,Yavatmal,725,1
Manipur,Bishnupur,6,0
Manipur,Chandel,3,0
Manipur,Churachandpur,16,0
Manipur,Imphal East,6,0
Manipur,Imphal West,6,0
Manipur,Senapati,9,0
Manipur,Thoubal,21,0
Manipur,Ukhrul,7,0
Meghalaya,East Khasi Hills,2,0
Meghalaya,West Garo Hills,1,0
Mizoram,Aizawl,2,0
Mizoram,Kolasib,1,0
Nagaland,Dimapur,4,0
Nagaland,Kiphire,104,0
Nagaland,Kohima,309,0
Nagaland,Longleng,116,0
Nagaland,Mokokchung,3,0
Nagaland,Mon,471,33
Nagaland,Tuensang,794,0
Odisha,Angul,8,0
Odisha,Balangir,675,50
Odisha,Baleswar,3201,1575
Odisha,Balianta,0,3
Odisha,Bargarh,6,0
Odisha,Bhadrak,34,3
Odisha,Bhubaneswar,1,0
Odisha,Boudh,4,0
Odisha,Cuttack,1984,1704
Odisha,Dhenkanal,30,2
Odisha,Gajapati,9,0
Odisha,Ganjam,92,21
Odisha,Jagatsinghapur,27,0
Odisha,Jajapur,31,0
Odisha,Jharsuguda,1,0
Odisha,Kalahandi,1,0
Odisha,Kandhamal,5,3
Odisha,Kendrapara,31,2
Odisha,Kendujhar,99,171
Odisha,Khorda,10,1
Odisha,Khordha,6117,8688
Odisha,Koraput,82,20
Odisha,Malkangiri,2,0
Odisha,Mayurbhanj,19,0
Odisha,Nayagarh,14,0
Odisha,Nuapada,1,0
Odisha,Puri,24,1
Odisha,Rayagada,74,111
Odisha,Sambalpur,7,0
Odisha,Sonapur,289,46
Odisha,Sundergarh,13,0
Others,Others,88,627
Puducherry,Pondicherry,1,0
Puducherry,Puducherry,2,0
Punjab,Amritsar,1334,35
Punjab,Barnala,3176,35
Punjab,Bathinda,4644,184
Punjab,Faridkot,2346,57
Punjab,Fatehgarh Sahib,1071,12
Punjab,Fazilka,3561,942
Punjab,Ferozepur,4661,62
Punjab,Gurdaspur,569,29
Punjab,Hoshiarpur,361,13
Punjab,Jalandhar,4976,150
Punjab,Kapurthala,2163,72
Punjab,Ludhiana,8372,364
Punjab,Mansa,56,1
Punjab,Moga,3020,34
Punjab,Muktsar,821,16
Punjab,Nawanshahr,1,0
Punjab,Pathankot,18,2
Punjab,Patiala,1453,102
Punjab,Rupnagar,1478,33
Punjab,SAS Nagar (Mohali),724,9
Punjab,Sangrur,3701,25
Punjab,Shaheed Bhagat Singh Nagar,1045,23
Punjab,Sri Muktsar Sahib,2725,138
Punjab,Tarn Taran,140,16
Rajasthan,Ajmer,10958,326
Rajasthan,Alwar,5012,119
Rajasthan,Banswara,797,14
Rajasthan,Baran,459,2
Rajasthan,Barmer,8682,2002
Rajasthan,Bharatpur,289,13
Rajasthan,Bhilwara,2635,25
Rajasthan,Bikaner,3274,565
Rajasthan,Bundi,1172,31
Rajasthan,Chittorgarh,97,6
Rajasthan,Churu,2275,181
Rajasthan,Dausa,3044,103
Rajasthan,Dholpur,14,0
Rajasthan,Dungarpur,131,1
Rajasthan,Ganganagar,363,25
Rajasthan,Hanumangarh,1643,22
Rajasthan,Jaipur,2983,247
Rajasthan,Jaisalmer,19,0
Rajasthan,Jalor,2908,1000
Rajasthan,Jhalawar,7,0
Rajasthan,Jhunjhunu,1533,33
Rajasthan,Jhunjhunun,4201,210
Rajasthan,Jodhpur,2888,94
Rajasthan,Karauli,210,0
Rajasthan,Kota,309,8
Rajasthan,Nagaur,3377,165
Rajasthan,Pali,1708,507
Rajasthan,Pratapgarh,47,65
Rajasthan,Rajsamand,3008,1172
Rajasthan,Sawai Madhopur,282,8
Rajasthan,Sikar,1955,171
Rajasthan,Sirohi,3341,266
Rajasthan,Tonk,1958,57
Rajasthan,Udaipur,12621,509
Sikkim,East Sikkim,86,3
Sikkim,North Sikkim,5,0
Sikkim,South Sikkim,13,0
Sikkim,West Sikkim,10,0
Tamil Nadu,Ariyalur,326,0
Tamil Nadu,Chennai,21,1
Tamil Nadu,Coimbatore,45,0
Tamil Nadu,Cuddalore,21,2
Tamil Nadu,Dharmapuri,1128,1
Tamil Nadu,Dindigul,14,0
Tamil Nadu,Erode,3490,26
Tamil Nadu,Kanchipuram,8,0
Tamil Nadu,Kanniyakumari,15,1
Tamil Nadu,Kanyakumari,16,0
Tamil Nadu,Karur,462,164
Tamil Nadu,Krishnagiri,14,0
Tamil Nadu,Madurai,2078,4
Tamil Nadu,Nagapattinam,3,7
Tamil Nadu,Namakkal,8,0
Tamil Nadu,Nilgiris,8,0
Tamil Nadu,Perambalur,4191,17
Tamil Nadu,Pudukkottai,841,19
Tamil Nadu,Ramanathapuram,212,271
Tamil Nadu,Salem,1455,199
Tamil Nadu,Sivaganga,14,0
Tamil Nadu,Thanjavur,14816,6
Tamil Nadu,The Nilgiris,3,0
Tamil Nadu,Theni,26,1
Tamil Nadu,Thiruvarur,3,0
Tamil Nadu,Thoothukkudi,184,0
Tamil Nadu,Tiruchirappalli,23,3
Tamil Nadu,Tirunelveli,26,1
Tamil Nadu,Tiruppur,6,0
Tamil Nadu,Tiruvallur,7,1
Tamil Nadu,Tiruvannamalai,459,837
Tamil Nadu,Tuticorin,8,0
Tamil Nadu,Vellore,11496,1345
Tamil Nadu,Villupuram,10,0
Tamil Nadu,Viluppuram,4,0
Tamil Nadu,Virudhunagar,621,3
Tripura,North Tripura,7,0
Tripura,South Tripura,7,0
Tripura,Unakoti,1,0
Tripura,West Tripura,7,3
Uttar Pradesh,Agra,114,1
Uttar Pradesh,Aligarh,46,1
Uttar Pradesh,Allahabad,107,3
Uttar Pradesh,Ambedkar Nagar,44,1
Uttar Pradesh,Amethi,19,0
Uttar Pradesh,Amroha,3,1
Uttar Pradesh,Auraiya,27,0
Uttar Pradesh,Azamgarh,67,2
Uttar Pradesh,Baghpat,26,1
Uttar Pradesh,Bagpat,14,0
Uttar Pradesh,Bahraich,59,0
Uttar Pradesh,Ballia,137,7
Uttar Pradesh,Balrampur,24,1
Uttar Pradesh,Banda,25,1
Uttar Pradesh,Bara Banki,2,0
Uttar Pradesh,Barabanki,30,0
Uttar Pradesh,Bareilly,48,3
Uttar Pradesh,Basti,50,0
Uttar Pradesh,Bijnor,27,0
Uttar Pradesh,Budaun,32,3
Uttar Pradesh,Bulandshahar,9,0
Uttar Pradesh,Bulandshahr,51,3
Uttar Pradesh,Chandauli,65,1
Uttar Pradesh,Chitrakoot,19,0
Uttar Pradesh,Deoria,93,1
Uttar Pradesh,Etah,51,0
Uttar Pradesh,Etawah,29,3
Uttar Pradesh,Faizabad,23,2
Uttar Pradesh,Farrukhabad,29,0
Uttar Pradesh,Fatehpur,42,1
Uttar Pradesh,Firozabad,38,1
Uttar Pradesh,Gautam Buddha Nagar,68,2
Uttar Pradesh,Ghaziabad,97,4
Uttar Pradesh,Ghazipur,191,3
Uttar Pradesh,Gonda,41,0
Uttar Pradesh,Gorakhpur,94,0
Uttar Pradesh,Hamirpur,15,1
Uttar Pradesh,Hapur,46,2
Uttar Pradesh,Hardoi,23,0
Uttar Pradesh,Hathras,25,0
Uttar Pradesh,Jalaun,25,0
Uttar Pradesh,Jaunpur,87,2
Uttar Pradesh,Jhansi,23,0
Uttar Pradesh,Jyotiba Phule Nagar,10,0
Uttar Pradesh,Kannauj,27,1
Uttar Pradesh,Kanpur Dehat,54,1
Uttar Pradesh,Kanpur Nagar,74,3
Uttar Pradesh,Kasganj,1,0
Uttar Pradesh,Kaushambi,12,0
Uttar Pradesh,Kheri,7,1
Uttar Pradesh,Kushinagar,61,0
Uttar Pradesh,Lalitpur,6,0
Uttar Pradesh,Lucknow,55,3
Uttar Pradesh,Maharajganj,9,1
Uttar Pradesh,Mahoba,5,0
Uttar Pradesh,Mahrajganj,2,0
Uttar Pradesh,Mainpuri,49,0
Uttar Pradesh,Mathura,40,0
Uttar Pradesh,Mau,39,2
Uttar Pradesh,Meerut,37,0
Uttar Pradesh,Mirzapur,33,1
Uttar Pradesh,Moradabad,16,0
Uttar Pradesh,Muzaffarnagar,49,0
Uttar Pradesh,Pilibhit,13,0
Uttar Pradesh,Pratapgarh,67,2
Uttar Pradesh,Rae Bareli,22,0
Uttar Pradesh,Raebareli,48,2
Uttar Pradesh,Rampur,12,0
Uttar Pradesh,Saharanpur,37,4
Uttar Pradesh,Sambhal,3,0
Uttar Pradesh,Sant Kabir Nagar,26,1
Uttar Pradesh,Sant Ravidas Nagar,28,0
Uttar Pradesh,Sant Ravidas Nagar Bhadohi,2,0
Uttar Pradesh,Shahjahanpur,16,0
Uttar Pradesh,Shamli,5,0
Uttar Pradesh,Shrawasti,9,0
Uttar Pradesh,Siddharthnagar,29,0
Uttar Pradesh,Sitapur,8,0
Uttar Pradesh,Sonbhadra,14,0
Uttar Pradesh,Sultanpur,67,1
Uttar Pradesh,Unnao,35,0
Uttar Pradesh,Varanasi,62,2
Uttarakhand,Almora,38,0
Uttarakhand,Bageshwar,19,0
Uttarakhand,Chamoli,31,0
Uttarakhand,Champawat,10,0
Uttarakhand,Dehradun,68,2
Uttarakhand,Garhwal,9,0
Uttarakhand,Hardwar,3,0
Uttarakhand,Haridwar,26,0
Uttarakhand,Nainital,16,1
Uttarakhand,Pauri Garhwal,58,0
Uttarakhand,Pithoragarh,41,0
Uttarakhand,Rudraprayag,18,0
Uttarakhand,Tehri Garhwal,32,0
Uttarakhand,Udham Singh Nagar,28,0
Uttarakhand,Uttarkashi,17,1
West Bengal,Bally Jagachha,6,0
West Bengal,Bankura,49,0
West Bengal,Barddhaman,9,0
West Bengal,Bardhaman,43,7
West Bengal,Birbhum,22,0
West Bengal,Cooch Behar,40678,23
West Bengal,Dakshin Dinajpur,2,0
West Bengal,Darjeeling,8770,0
West Bengal,Domjur,1,0
West Bengal,East Midnapore,101,0
West Bengal,Hooghly,2352,116
West Bengal,Howrah,20981,158
West Bengal,Jalpaiguri,4829,1
West Bengal,Kolkata,1120,1863
West Bengal,Malda,2302,293
West Bengal,Medinipur,37,2
West Bengal,Murshidabad,14548,1378
West Bengal,Nadia,2325,1459
West Bengal,North 24 Parganas,355,10
West Bengal,North Dinajpur,14,0
West Bengal,Purulia,33,0
West Bengal,South 24 Parganas,18,1
West Bengal,South Dinajpur,8,0
West Bengal,South Twenty Four Parganas,448,38
West Bengal,West Midnapore,53,1
