State,District,Aadhaar generated,Enrolment Rejected
Andaman and Nicobar Islands,Andamans,2,0
Andhra Pradesh,Adilabad,3117,54
Andhra Pradesh,Anantapur,1,0
Andhra Pradesh,Ananthapur,5,1
Andhra Pradesh,Chittoor,9,0
Andhra Pradesh,Cuddapah,14,0
Andhra Pradesh,East Godavari,945,41
Andhra Pradesh,Guntur,1584,1
Andhra Pradesh,Hyderabad,835,15
Andhra Pradesh,K.V.Rangareddy,4623,13
Andhra Pradesh,Karim Nagar,4301,9
Andhra Pradesh,Karimnagar,8,0
Andhra Pradesh,Khammam,926,12
Andhra Pradesh,Krishna,1204,2
Andhra Pradesh,Kurnool,3722,587
Andhra Pradesh,Mahabub Nagar,18546,2119
Andhra Pradesh,Mahbubnagar,4747,519
Andhra Pradesh,Medak,1007,1
Andhra Pradesh,Nalgonda,5108,369
Andhra Pradesh,Nellore,10293,4
Andhra Pradesh,Nizamabad,306,14
Andhra Pradesh,Prakasam,1220,0
Andhra Pradesh,Srikakulam,1342,6475
Andhra Pradesh,Visakhapatnam,3529,173
Andhra Pradesh,Vizianagaram,561,1581
Andhra Pradesh,Warangal,12890,141
Andhra Pradesh,West Godavari,504,0
Assam,Barpeta,2,0
Assam,Bongaigaon,2,0
Assam,Cachar,5,0
Assam,Dibrugarh,1,0
Assam,Goalpara,2,0
Assam,Golaghat,4,0
Assam,Hailakandi,7,0
Assam,Jorhat,3,0
Assam,Kamrup,5,0
Assam,Kamrup Metro,1,0
Assam,Karimganj,3,0
Assam,Kokrajhar,6,0
Assam,Lakhimpur,3,1
Assam,Marigaon,1,0
Assam,Nagaon,8,0
Assam,Nalbari,3,0
Assam,Sibsagar,5,0
Assam,Sonitpur,3,0
Assam,Tinsukia,3,0
Bihar,Araria,12,0
Bihar,Arwal,22,0
Bihar,Aurangabad,16,0
Bihar,Aurangabad(BH),14,1
Bihar,Banka,36,0
Bihar,Begusarai,27,0
Bihar,Bhabua,2,0
Bihar,Bhagalpur,63,1
Bihar,Bhojpur,88,0
Bihar,Buxar,36,0
Bihar,Darbhanga,28,1
Bihar,East Champaran,102,0
Bihar,Gaya,65,0
Bihar,Gopalganj,24,1
Bihar,Jamui,47,1
Bihar,Jehanabad,20,2
Bihar,Kaimur (Bhabua),12,0
Bihar,Katihar,11,0
Bihar,Khagaria,21,0
Bihar,Kishanganj,8,0
Bihar,Lakhisarai,9,2
Bihar,Madhepura,10,0
Bihar,Madhubani,45,1
Bihar,Munger,31,1
Bihar,Muzaffarpur,55,0
Bihar,Nalanda,36,0
Bihar,Nawada,33,0
Bihar,Patna,82,3
Bihar,Purnia,11,0
Bihar,Rohtas,48,1
Bihar,Saharsa,12,0
Bihar,Samastipur,44,1
Bihar,Saran,79,0
Bihar,Sheikhpura,6,0
Bihar,Sheohar,2,0
Bihar,Sitamarhi,19,1
Bihar,Siwan,43,0
Bihar,Supaul,12,0
Bihar,Vaishali,28,0
Bihar,West Champaran,21,0
Chandigarh,Chandigarh,3243,16
Chandigarh,Mohali,4,0
Chhattisgarh,Balod,1,0
Chhattisgarh,Baloda Bazar,5,0
Chhattisgarh,Bilaspur,2,0
Chhattisgarh,Dhamtari,2,0
Chhattisgarh,Durg,9,0
Chhattisgarh,Gariyaband ,1,0
Chhattisgarh,Janjgir-champa,5,0
Chhattisgarh,Jashpur,4,0
Chhattisgarh,Kanker,2,0
Chhattisgarh,Korba,2,0
Chhattisgarh,Koriya,1,0
Chhattisgarh,Mahasamund,3638,191
Chhattisgarh,Raigarh,2,0
Chhattisgarh,Raipur,12,0
Chhattisgarh,Rajnandgaon,1,0
Chhattisgarh,Surajpur ,1,0
Chhattisgarh,Surguja,2,0
Daman and Diu,Daman,13,2
Daman and Diu,Diu,0,2
Delhi,Central Delhi,118,277
Delhi,East Delhi,1224,981
Delhi,Najafgarh,116,532
Delhi,New Delhi,9,0
Delhi,North Delhi,386,141
Delhi,North East,543,496
Delhi,North East Delhi,30,0
Delhi,North West Delhi,1958,519
Delhi,South Delhi,3835,404
Delhi,South West Delhi,710,1450
Delhi,West Delhi,111,684
Goa,Bardez,43,0
Goa,North Goa,3163,34
Goa,South Goa,933,7
Gujarat,Ahmadabad,3,0
Gujarat,Ahmedabad,2091,19
Gujarat,Amreli,17,0
Gujarat,Anand,1003,10
Gujarat,Banaskantha,692,0
Gujarat,Bharuch,440,6
Gujarat,Bhavnagar,592,14
Gujarat,Dahod,752,4
Gujarat,Dohad,719,2
Gujarat,Gandhinagar,314,3
Gujarat,Jamnagar,629,14
Gujarat,Junagadh,1669,48
Gujarat,Kachchh,195,27
Gujarat,Kheda,211,4
Gujarat,Mahesana,959,11
Gujarat,Narmada,1107,67
Gujarat,Navsari,660,17
Gujarat,Panchmahals,1297,24
Gujarat,Patan,717,16
Gujarat,Porbandar,47,2
Gujarat,Rajkot,2405,24
Gujarat,Sabarkantha,392,44
Gujarat,Surat,1089,7
Gujarat,Surendra Nagar,460,43
Gujarat,Tapi,60,0
Gujarat,The Dangs,20,0
Gujarat,Vadodara,588,28
Gujarat,Valsad,651,10
Haryana,Ambala,1773,31
Haryana,Bhiwani,145,1
Haryana,Faridabad,1942,21
Haryana,Fatehabad,67,0
Haryana,Gurgaon,888,77
Haryana,Hisar,1992,2
Haryana,Jhajjar,33,0
Haryana,Jind,5777,1
Haryana,Kaithal,45,0
Haryana,Karnal,2485,69
Haryana,Kurukshetra,9684,1
Haryana,Mahendragarh,47,0
Haryana,Mewat,2,0
Haryana,Palwal,1830,1
Haryana,Panchkula,124,0
Haryana,Panipat,266,4
Haryana,Rewari,150,0
Haryana,Rohtak,2302,4
Haryana,Sirsa,63,2
Haryana,Sonipat,3159,15
Haryana,Yamuna Nagar,3027,0
Himachal Pradesh,Bilaspur,9,0
Himachal Pradesh,Bilaspur ,14,1
Himachal Pradesh,Chamba,2147,26
Himachal Pradesh,Hamirpur,33,2
Himachal Pradesh,Kangra,2628,15
Himachal Pradesh,Kinnaur,2,0
Himachal Pradesh,Kullu,13,0
Himachal Pradesh,Lahul and Spiti,2,0
Himachal Pradesh,Mandi,177,4
Himachal Pradesh,Shimla,1875,15
Himachal Pradesh,Sirmaur,1485,20
Himachal Pradesh,Solan,586,26
Himachal Pradesh,Una,13,0
Jammu and Kashmir,Anantnag,1,0
Jammu and Kashmir,Doda,4,0
Jammu and Kashmir,Jammu,83,0
Jammu and Kashmir,Kargil,1,0
Jammu and Kashmir,Kathua,12,0
Jammu and Kashmir,Kupwara,2,0
Jammu and Kashmir,Rajouri,16,0
Jammu and Kashmir,Udhampur,10,0
Jharkhand,Bokaro,4498,218
Jharkhand,Chatra,1172,8
Jharkhand,Deoghar,815,29
Jharkhand,Dhanbad,2132,12
Jharkhand,Dumka,2544,116
Jharkhand,East Singhbhum,481,14
Jharkhand,Garhwa,4709,82
Jharkhand,Giridih,1325,18
Jharkhand,Godda,1556,0
Jharkhand,Gumla,1656,49
Jharkhand,Hazaribag,76,2
Jharkhand,Hazaribagh,1745,42
Jharkhand,Jamtara,16,0
Jharkhand,Khunti,276,7
Jharkhand,Koderma,4340,87
Jharkhand,Latehar,82,0
Jharkhand,Lohardaga,298,59
Jharkhand,Pakaur,13,0
Jharkhand,Pakur,724,3
Jharkhand,Palamau,75,8
Jharkhand,Palamu,754,24
Jharkhand,Ramgarh,1479,23
Jharkhand,Ranchi,5337,58
Jharkhand,Sahebganj,4730,7
Jharkhand,Seraikela-Kharsawan,149,9
Jharkhand,Simdega,1379,50
Jharkhand,West Singhbhum,176,1
Karnataka,Bagalkot,11,0
Karnataka,Bangalore,4427,13
Karnataka,Bangalore Rural,101,0
Karnataka,Belgaum,1511,1
Karnataka,Bellary,1148,1
Karnataka,Bidar,8,1
Karnataka,Bijapur,6,0
Karnataka,Bijapur(KAR),4,2
Karnataka,Chamarajanagar,2,0
Karnataka,Chickmagalur,214,3
Karnataka,Chikkaballapur,1538,840
Karnataka,Chitradurga,162,26
Karnataka,Dakshina Kannada,8,0
Karnataka,Davangere,5266,26
Karnataka,Dharwad,3271,47
Karnataka,Gadag,2,0
Karnataka,Gulbarga,11,0
Karnataka,Hassan,338,2
Karnataka,Haveri,2307,0
Karnataka,Kodagu,205,0
Karnataka,Kolar,286,56
Karnataka,Koppal,2,1
Karnataka,Mandya,9,0
Karnataka,Mysore,18,0
Karnataka,Raichur,5,0
Karnataka,Ramanagar,98,1
Karnataka,Shimoga,23,3
Karnataka,Tumkur,9,0
Karnataka,Udupi,2833,3
Karnataka,Uttara Kannada,8,0
Kerala,Alappuzha,4165,92
Kerala,Ernakulam,23287,668
Kerala,Idukki,13198,80
Kerala,Kannur,75553,16
Kerala,Kasaragod,1012,4
Kerala,Kasargod,3917,21
Kerala,Kollam,15718,25
Kerala,Kottayam,2466,970
Kerala,Kozhikode,15563,180
Kerala,Malappuram,71072,900
Kerala,Palakkad,24185,275
Kerala,Pathanamthitta,5500,876
Kerala,Thiruvananthapuram,4240,242
Kerala,Thrissur,31805,19
Kerala,Wayanad,10239,23
Lakshadweep,Lakshadweep,2,0
Madhya Pradesh,Alirajpur,169,9
Madhya Pradesh,Anuppur,573,10
Madhya Pradesh,Ashok Nagar,188,0
Madhya Pradesh,Balaghat,51,8
Madhya Pradesh,Barwani,18,1
Madhya Pradesh,Betul,1386,8
Madhya Pradesh,Bhind,640,38
Madhya Pradesh,Bhopal,3953,359
Madhya Pradesh,Burhanpur,2,0
Madhya Pradesh,Chhatarpur,545,13
Madhya Pradesh,Chhindwara,449,20
Madhya Pradesh,Damoh,1758,78
Madhya Pradesh,Datia,274,15
Madhya Pradesh,Dewas,18,1
Madhya Pradesh,Dhar,2065,62
Madhya Pradesh,Dindori,14,3
Madhya Pradesh,Guna,1017,81
Madhya Pradesh,Gwalior,845,152
Madhya Pradesh,Harda,2,1
Madhya Pradesh,Hoshangabad,14,0
Madhya Pradesh,Indore,5083,63
Madhya Pradesh,Jabalpur,5405,413
Madhya Pradesh,Jhabua,821,5
Madhya Pradesh,Katni,8489,34
Madhya Pradesh,Khandwa,39,0
Madhya Pradesh,Khargone,1366,30
Madhya Pradesh,Mandla,143,40
Madhya Pradesh,Morena,474,0
Madhya Pradesh,Narsinghpur,19,1
Madhya Pradesh,Neemuch,2,0
Madhya Pradesh,Panna,714,11
Madhya Pradesh,Raisen,1074,100
Madhya Pradesh,Rajgarh,1091,141
Madhya Pradesh,Ratlam,52,3
Madhya Pradesh,Rewa,1055,39
Madhya Pradesh,Sagar,1950,70
Madhya Pradesh,Satna,3440,120
Madhya Pradesh,Sehore,1350,63
Madhya Pradesh,Seoni,7699,7
Madhya Pradesh,Shahdol,167,3
Madhya Pradesh,Shajapur,6,0
Madhya Pradesh,Sheopur,158,4
Madhya Pradesh,Shivpuri,153,14
Madhya Pradesh,Sidhi,54,0
Madhya Pradesh,Singrauli,40,0
Madhya Pradesh,Tikamgarh,277,1
Madhya Pradesh,Ujjain,2223,273
Madhya Pradesh,Umaria,41,0
Madhya Pradesh,Vidisha,1386,326
Maharashtra,Ahmadnagar,635,1
Maharashtra,Ahmed Nagar,1421,3
Maharashtra,Akola,487,0
Maharashtra,Amravati,2464,19
Maharashtra,Aurangabad,483,19
Maharashtra,Beed,351,1
Maharashtra,Bhandara,22,38
Maharashtra,Buldhana,321,3
Maharashtra,Chandrapur,1120,2
Maharashtra,Dhule,1930,56
Maharashtra,Gadchiroli,1,0
Maharashtra,Gondia,134,16
Maharashtra,Gondiya,6,16
Maharashtra,Hingoli,24,0
Maharashtra,Jalgaon,1051,5
Maharashtra,Jalna,198,5
Maharashtra,Kolhapur,2749,4
Maharashtra,Latur,388,9
Maharashtra,Mumbai,5523,55
Maharashtra,Mumbai City,108,5
Maharashtra,Mumbai( Sub Urban ),11,0
Maharashtra,Nagpur,1661,52
Maharashtra,Nanded,16,0
Maharashtra,Nandurbar,560,16
Maharashtra,Nashik,5798,115
Maharashtra,Osmanabad,118,2
Maharashtra,Parbhani,309,14
Maharashtra,Pune,5625,35
Maharashtra,Raigarh,400,3
Maharashtra,Raigarh(MH),296,1
Maharashtra,Ratnagiri,119,453
Maharashtra,Sangli,1471,1
Maharashtra,Satara,238,0
Maharashtra,Sindhudurg,20,0
Maharashtra,Solapur,519,1
Maharashtra,Thane,18011,284
Maharashtra,Wardha,140,21
Maharashtra,Washim,9,0
Maharashtra,Yavatmal,58,0
Manipur,Bishnupur,52,0
Manipur,Churachandpur,4,0
Manipur,Imphal East,1,0
Manipur,Imphal West,4,0
Manipur,Senapati,7,1
Manipur,Tamenglong,1,0
Manipur,Thoubal,24,0
Manipur,Ukhrul,7,10
Meghalaya,East Khasi Hills,1,0
Meghalaya,West Garo Hills,2,0
Nagaland,Dimapur,1,25
Nagaland,Kiphire,777,3
Nagaland,Kohima,0,7
Nagaland,Longleng,1857,0
Nagaland,Mokokchung,8,2
Nagaland,Mon,1128,116
Nagaland,Phek,13,7
Nagaland,Tuensang,408,131
Odisha,Angul,6,0
Odisha,Anugul,1,0
Odisha,Balangir,196,12
Odisha,Baleswar,3690,131
Odisha,Bargarh,19,0
Odisha,Baudh,2,0
Odisha,Bhadrak,5,0
Odisha,Cuttack,1566,833
Odisha,Debagarh,1,0
Odisha,Dhenkanal,5,0
Odisha,Gajapati,4,0
Odisha,Ganjam,53,1064
Odisha,Jagatsinghapur,12,0
Odisha,Jajapur,10,0
Odisha,Kalahandi,1,0
Odisha,Kandhamal,12,0
Odisha,Kendrapara,8,0
Odisha,Kendujhar,23,11
Odisha,Khorda,6,0
Odisha,Khordha,2226,514
Odisha,Koraput,26,7
Odisha,Mayurbhanj,6,0
Odisha,Nabarangapur,3,0
Odisha,Nayagarh,6,0
Odisha,Nuapada,1,0
Odisha,Puri,7,0
Odisha,Rayagada,39,341
Odisha,Sambalpur,3,0
Odisha,Sonapur,319,879
Odisha,Sundergarh,10,0
Others,Others,79,18
Puducherry,Pondicherry,0,3
Punjab,Amritsar,447,47
Punjab,Barnala,157,4
Punjab,Bathinda,1832,25
Punjab,Chandigarh,1,0
Punjab,Dera Bassi,1,0
Punjab,Faridkot,401,8
Punjab,Fatehgarh Sahib,761,5
Punjab,Fazilka,319,32
Punjab,Ferozepur,1505,6
Punjab,Gurdaspur,1214,5
Punjab,Hoshiarpur,91,10
Punjab,Jalandhar,905,81
Punjab,Kapurthala,457,9
Punjab,Ludhiana,5163,51
Punjab,Mansa,894,0
Punjab,Moga,1117,13
Punjab,Muktsar,82,1
Punjab,Pathankot,18,0
Punjab,Patiala,3604,29
Punjab,Rupnagar,485,2
Punjab,SAS Nagar (Mohali),680,12
Punjab,Sangrur,877,4
Punjab,Shaheed Bhagat Singh Nagar,25,15
Punjab,Sri Muktsar Sahib,655,35
Punjab,Tarn Taran,198,7
Rajasthan,Ajmer,7597,130
Rajasthan,Alwar,1313,47
Rajasthan,Banswara,1569,14
Rajasthan,Baran,25,12
Rajasthan,Barmer,4814,529
Rajasthan,Bharatpur,251,7
Rajasthan,Bhilwara,3640,7
Rajasthan,Bikaner,4303,185
Rajasthan,Bundi,276,2
Rajasthan,Chittorgarh,429,1
Rajasthan,Churu,673,81
Rajasthan,Dausa,1084,11
Rajasthan,Dholpur,5,1
Rajasthan,Dungarpur,558,0
Rajasthan,Ganganagar,1609,4
Rajasthan,Hanumangarh,326,21
Rajasthan,Jaipur,3031,136
Rajasthan,Jaisalmer,8,0
Rajasthan,Jalor,2099,224
Rajasthan,Jhalawar,1,0
Rajasthan,Jhunjhunu,1650,110
Rajasthan,Jhunjhunun,2086,70
Rajasthan,Jodhpur,968,37
Rajasthan,Karauli,68,0
Rajasthan,Kota,206,7
Rajasthan,Nagaur,1488,88
Rajasthan,Pali,1004,159
Rajasthan,Pratapgarh,255,24
Rajasthan,Rajsamand,2674,196
Rajasthan,Sawai Madhopur,120,3
Rajasthan,Sikar,2367,61
Rajasthan,Sirohi,888,71
Rajasthan,Tonk,634,35
Rajasthan,Udaipur,2959,138
Sikkim,East Sikkim,115,1
Sikkim,North Sikkim,7,0
Sikkim,South Sikkim,9,0
Sikkim,West Sikkim,7,0
Tamil Nadu,Ariyalur,4,0
Tamil Nadu,Chennai,7,0
Tamil Nadu,Coimbatore,24,0
Tamil Nadu,Cuddalore,21,151
Tamil Nadu,Dharmapuri,24490,15
Tamil Nadu,Dindigul,5,0
Tamil Nadu,Erode,455,744
Tamil Nadu,Kanchipuram,6,0
Tamil Nadu,Kanniyakumari,5,0
Tamil Nadu,Kanyakumari,12,0
Tamil Nadu,Karur,3456,68
Tamil Nadu,Krishnagiri,5,0
Tamil Nadu,Madurai,9027,6
Tamil Nadu,Nagapattinam,4,1
Tamil Nadu,Namakkal,19,0
Tamil Nadu,Nilgiris,2,0
Tamil Nadu,Perambalur,282,377
Tamil Nadu,Pudukkottai,1542,2117
Tamil Nadu,Ramanathapuram,1746,297
Tamil Nadu,Salem,32174,829
Tamil Nadu,Sivaganga,7,0
Tamil Nadu,Theni,13,0
Tamil Nadu,Thoothukkudi,1903,13
Tamil Nadu,Tiruchirappalli,33,36
Tamil Nadu,Tirunelveli,17,0
Tamil Nadu,Tiruvallur,14,0
Tamil Nadu,Tiruvannamalai,2884,5606
Tamil Nadu,Tiruvarur,1,0
Tamil Nadu,Tuticorin,1,0
Tamil Nadu,Vellore,1021,181
Tamil Nadu,Villupuram,3,0
Tamil Nadu,Viluppuram,3,0
Tamil Nadu,Virudhunagar,2415,7
Tripura,Dhalai,2,0
Tripura,Gomati,1,0
Tripura,Khowai,1,0
Tripura,South Tripura,2,0
Tripura,West Tripura,4,0
Uttar Pradesh,Agra,43,1
Uttar Pradesh,Aligarh,31,0
Uttar Pradesh,Allahabad,47,1
Uttar Pradesh,Ambedkar Nagar,17,3
Uttar Pradesh,Amethi,5,0
Uttar Pradesh,Amroha,4,0
Uttar Pradesh,Auraiya,10,0
Uttar Pradesh,Azamgarh,41,0
Uttar Pradesh,Baghpat,12,0
Uttar Pradesh,Bagpat,20,0
Uttar Pradesh,Bahraich,4,0
Uttar Pradesh,Ballia,73,0
Uttar Pradesh,Balrampur,5,0
Uttar Pradesh,Banda,7,0
Uttar Pradesh,Barabanki,9,0
Uttar Pradesh,Bareilly,18,0
Uttar Pradesh,Basti,20,0
Uttar Pradesh,Bijnor,12,0
Uttar Pradesh,Budaun,15,0
Uttar Pradesh,Bulandshahar,2,0
Uttar Pradesh,Bulandshahr,36,0
Uttar Pradesh,Chandauli,25,0
Uttar Pradesh,Chitrakoot,7,0
Uttar Pradesh,Deoria,50,1
Uttar Pradesh,Etah,26,0
Uttar Pradesh,Etawah,13,0
Uttar Pradesh,Faizabad,18,0
Uttar Pradesh,Farrukhabad,18,0
Uttar Pradesh,Fatehpur,21,0
Uttar Pradesh,Firozabad,20,0
Uttar Pradesh,Gautam Buddha Nagar,71,1
Uttar Pradesh,Ghaziabad,195,0
Uttar Pradesh,Ghazipur,74,0
Uttar Pradesh,Gonda,15,2
Uttar Pradesh,Gorakhpur,41,0
Uttar Pradesh,Hamirpur,6,0
Uttar Pradesh,Hapur,33,0
Uttar Pradesh,Hardoi,17,0
Uttar Pradesh,Hathras,14,1
Uttar Pradesh,Jalaun,9,0
Uttar Pradesh,Jaunpur,39,0
Uttar Pradesh,Jhansi,9,2
Uttar Pradesh,Jyotiba Phule Nagar,10,0
Uttar Pradesh,Kannauj,11,0
Uttar Pradesh,Kanpur Dehat,25,0
Uttar Pradesh,Kanpur Nagar,41,0
Uttar Pradesh,Kaushambi,16,0
Uttar Pradesh,Kheri,3,0
Uttar Pradesh,Kushinagar,32,0
Uttar Pradesh,Lalitpur,2,0
Uttar Pradesh,Lucknow,16,1
Uttar Pradesh,Maharajganj,3,0
Uttar Pradesh,Mahoba,4,0
Uttar Pradesh,Mahrajganj,2,0
Uttar Pradesh,Mainpuri,10,0
Uttar Pradesh,Mathura,38,0
Uttar Pradesh,Mau,31,2
Uttar Pradesh,Meerut,37,0
Uttar Pradesh,Mirzapur,15,0
Uttar Pradesh,Moradabad,12,0
Uttar Pradesh,Muzaffarnagar,38,0
Uttar Pradesh,Pilibhit,4,0
Uttar Pradesh,Pratapgarh,32,0
Uttar Pradesh,Rae Bareli,4,0
Uttar Pradesh,Raebareli,20,0
Uttar Pradesh,Rampur,12,0
Uttar Pradesh,Saharanpur,23,0
Uttar Pradesh,Sambhal,1,0
Uttar Pradesh,Sant Kabir Nagar,5,0
Uttar Pradesh,Sant Ravidas Nagar,6,0
Uttar Pradesh,Sant Ravidas Nagar Bhadohi,1,0
Uttar Pradesh,Shahjahanpur,6,0
Uttar Pradesh,Shamli,8,0
Uttar Pradesh,Shrawasti,4,0
Uttar Pradesh,Siddharthnagar,3,0
Uttar Pradesh,Sitapur,6,0
Uttar Pradesh,Sonbhadra,4,0
Uttar Pradesh,Sultanpur,42,0
Uttar Pradesh,Unnao,11,0
Uttar Pradesh,Varanasi,35,0
Uttarakhand,Almora,21,0
Uttarakhand,Bageshwar,9,0
Uttarakhand,Chamoli,9,0
Uttarakhand,Champawat,6,0
Uttarakhand,Dehradun,44,0
Uttarakhand,Garhwal,2,0
Uttarakhand,Hardwar,3,0
Uttarakhand,Haridwar,16,1
Uttarakhand,Nainital,19,0
Uttarakhand,Pauri Garhwal,32,0
Uttarakhand,Pithoragarh,26,0
Uttarakhand,Rudraprayag,17,0
Uttarakhand,Tehri Garhwal,18,0
Uttarakhand,Udham Singh Nagar,11,0
Uttarakhand,Uttarkashi,1,0
West Bengal,Bally Jagachha,5,0
West Bengal,Bankura,22,0
West Bengal,Barddhaman,32,1
West Bengal,Bardhaman,47,8
West Bengal,Birbhum,23,0
West Bengal,Cooch Behar,13420,17
West Bengal,Darjeeling,12844,2
West Bengal,Domjur,1,0
West Bengal,East Midnapore,49,27
West Bengal,Hooghly,4735,1128
West Bengal,Howrah,17672,105
West Bengal,Jalpaiguri,4937,2
West Bengal,Kolkata,7880,21
West Bengal,Malda,1390,18
West Bengal,Medinipur,122,6
West Bengal,Murshidabad,10590,2780
West Bengal,Nadia,28,1
West Bengal,North 24 Parganas,47,14
West Bengal,North Dinajpur,3,0
West Bengal,Purulia,7,1
West Bengal,South 24 Parganas,10,0
West Bengal,South Dinajpur,3,0
West Bengal,South Twenty Four Parganas,794,4
West Bengal,West Midnapore,44,0
