State,District,Aadhaar generated,Enrolment Rejected
Andaman and Nicobar Islands,Andamans,63,0
Andaman and Nicobar Islands,Middle & North andaman,1,0
Andaman and Nicobar Islands,North And Middle Andaman,1,0
Andaman and Nicobar Islands,South Andaman,6,0
Andhra Pradesh,Adilabad,5336,0
Andhra Pradesh,Anantapur,2404,0
Andhra Pradesh,Ananthapur,12,0
Andhra Pradesh,Chittoor,2151,0
Andhra Pradesh,Cuddapah,978,0
Andhra Pradesh,East Godavari,4978,8
Andhra Pradesh,Guntur,3606,3
Andhra Pradesh,Hyderabad,4339,0
Andhra Pradesh,K.V.Rangareddy,5393,0
Andhra Pradesh,Karim Nagar,1048,6
Andhra Pradesh,Karimnagar,1171,0
Andhra Pradesh,Khammam,3089,0
Andhra Pradesh,Krishna,7168,1
Andhra Pradesh,Kurnool,6590,815
Andhra Pradesh,Mahabub Nagar,20342,9630
Andhra Pradesh,Mahbubnagar,12380,4435
Andhra Pradesh,Medak,928,0
Andhra Pradesh,Nalgonda,41944,1772
Andhra Pradesh,Nellore,2168,40
Andhra Pradesh,Nizamabad,2015,3
Andhra Pradesh,Prakasam,1394,0
Andhra Pradesh,Srikakulam,4848,1511
Andhra Pradesh,Visakhapatnam,3625,133
Andhra Pradesh,Vizianagaram,3061,26
Andhra Pradesh,Warangal,11928,3
Andhra Pradesh,West Godavari,2999,0
Arunachal Pradesh,Changlang,1,0
Arunachal Pradesh,Lower Subansiri,1,0
Arunachal Pradesh,Papum Pare,1,0
Assam,Baksa,1,0
Assam,Barpeta,14,0
Assam,Bongaigaon,11,0
Assam,Cachar,9,0
Assam,Chirang,2,0
Assam,Darrang,2,0
Assam,Dhubri,3,0
Assam,Dibrugarh,5,0
Assam,Goalpara,4,0
Assam,Golaghat,3,0
Assam,Hailakandi,9,0
Assam,Jorhat,8,0
Assam,Kamrup,9,0
Assam,Karbi Anglong,2,0
Assam,Karimganj,4,0
Assam,Kokrajhar,2,0
Assam,Lakhimpur,1,0
Assam,Nagaon,7,0
Assam,Nalbari,2,0
Assam,Sibsagar,6,0
Assam,Sonitpur,2,0
Assam,Tinsukia,3,0
Assam,Udalguri,2,0
Bihar,Araria,11,0
Bihar,Arwal,35,0
Bihar,Aurangabad,51,0
Bihar,Aurangabad(BH),33,0
Bihar,Banka,44,0
Bihar,Begusarai,58,1
Bihar,Bhabua,16,0
Bihar,Bhagalpur,93,0
Bihar,Bhojpur,173,0
Bihar,Buxar,80,0
Bihar,Darbhanga,118,0
Bihar,East Champaran,93,1
Bihar,Gaya,142,0
Bihar,Gopalganj,105,0
Bihar,Jamui,95,0
Bihar,Jehanabad,52,0
Bihar,Kaimur (Bhabua),32,0
Bihar,Katihar,13,0
Bihar,Khagaria,34,0
Bihar,Kishanganj,71,0
Bihar,Lakhisarai,19,0
Bihar,Madhepura,59,0
Bihar,Madhubani,136,0
Bihar,Munger,45,0
Bihar,Muzaffarpur,110,0
Bihar,Nalanda,112,0
Bihar,Nawada,51,0
Bihar,Patna,374,0
Bihar,Purnia,76,0
Bihar,Rohtas,89,0
Bihar,Saharsa,36,0
Bihar,Samastipur,68,0
Bihar,Saran,199,0
Bihar,Sheikhpura,20,0
Bihar,Sheohar,9,0
Bihar,Silao,1,0
Bihar,Sitamarhi,68,0
Bihar,Siwan,120,0
Bihar,Supaul,37,0
Bihar,Vaishali,113,0
Bihar,West Champaran,58,0
Chandigarh,Chandigarh,2610,14
Chandigarh,Mohali,6,0
Chhattisgarh,Balod,3,0
Chhattisgarh,Baloda Bazar,2,0
Chhattisgarh,Balrampur,1,0
Chhattisgarh,Bastar,4,0
Chhattisgarh,Bijapur,1,0
Chhattisgarh,Bilaspur,10,0
Chhattisgarh,Dhamtari,3,0
Chhattisgarh,Durg,61,0
Chhattisgarh,Janjgir Champa,2,0
Chhattisgarh,Janjgir-champa,39,0
Chhattisgarh,Jashpur,18,0
Chhattisgarh,Kanker,2,0
Chhattisgarh,Kawardha,18,0
Chhattisgarh,Korba,15,0
Chhattisgarh,Koriya,2,0
Chhattisgarh,Mahasamund,3118,0
Chhattisgarh,Mungeli ,2,0
Chhattisgarh,Raigarh,513,0
Chhattisgarh,Raipur,141,0
Chhattisgarh,Rajnandgaon,8,0
Chhattisgarh,Surguja,10,0
Dadra and Nagar Haveli,Dadra and Nagar Haveli,10,0
Daman and Diu,Daman,116,0
Daman and Diu,Diu,52,0
Delhi,Central Delhi,1041,1
Delhi,East Delhi,5865,10
Delhi,Najafgarh,42,3
Delhi,New Delhi,28,0
Delhi,North Delhi,1602,4
Delhi,North East,3737,57
Delhi,North East Delhi,39,0
Delhi,North West Delhi,6798,102
Delhi,South Delhi,7163,10
Delhi,South West Delhi,1579,337
Delhi,West Delhi,1580,115
Goa,Bardez,15,0
Goa,North Goa,1666,40
Goa,South Goa,843,533
Goa,Tiswadi,2,0
Gujarat,Ahmadabad,514,0
Gujarat,Ahmedabad,2826,5
Gujarat,Amreli,689,0
Gujarat,Anand,1007,5
Gujarat,Banaskantha,988,1
Gujarat,Bharuch,752,0
Gujarat,Bhavnagar,1770,55
Gujarat,Dahod,540,0
Gujarat,Dohad,617,0
Gujarat,Gandhinagar,3288,0
Gujarat,Jamnagar,2453,1
Gujarat,Junagadh,2684,8
Gujarat,Kachchh,304,1
Gujarat,Kheda,1429,3
Gujarat,Mahesana,720,9
Gujarat,Narmada,607,0
Gujarat,Navsari,621,1
Gujarat,Panchmahals,2232,2
Gujarat,Patan,396,0
Gujarat,Porbandar,567,0
Gujarat,Rajkot,4112,17
Gujarat,Sabarkantha,3324,27
Gujarat,Surat,3093,5
Gujarat,Surendra Nagar,1947,0
Gujarat,Tapi,327,0
Gujarat,The Dangs,61,2
Gujarat,Vadodara,3344,7
Gujarat,Valsad,603,11
Haryana,Ambala,1965,23
Haryana,Bhiwani,113,0
Haryana,Faridabad,3836,13
Haryana,Fatehabad,9,0
Haryana,Gurgaon,2413,24
Haryana,Hisar,236,5
Haryana,Hodal,1,0
Haryana,Jhajjar,99,0
Haryana,Jind,1779,0
Haryana,Kaithal,81,0
Haryana,Karnal,4737,3
Haryana,Kurukshetra,2279,2
Haryana,Mahendragarh,62,0
Haryana,Mewat,11,0
Haryana,Palwal,248,7
Haryana,Panchkula,386,0
Haryana,Panipat,632,1
Haryana,Rewari,388,1
Haryana,Rohtak,2646,3
Haryana,Sirsa,251,0
Haryana,Sonipat,3216,25
Haryana,Yamuna Nagar,2774,1
Himachal Pradesh,Bilaspur,51,6
Himachal Pradesh,Bilaspur ,117,0
Himachal Pradesh,Chamba,3113,22
Himachal Pradesh,Hamirpur,838,0
Himachal Pradesh,Kangra,4672,5
Himachal Pradesh,Kinnaur,36,0
Himachal Pradesh,Kullu,265,0
Himachal Pradesh,Lahul and Spiti,5,0
Himachal Pradesh,Mandi,702,4
Himachal Pradesh,Shimla,4139,1
Himachal Pradesh,Sirmaur,4812,5
Himachal Pradesh,Solan,2838,1
Himachal Pradesh,Una,478,1
Jammu and Kashmir,Anantnag,3,0
Jammu and Kashmir,Badgam,1,0
Jammu and Kashmir,Bandipore,1,0
Jammu and Kashmir,Bandipur,1,0
Jammu and Kashmir,Baramula,2,0
Jammu and Kashmir,Baramulla,2,0
Jammu and Kashmir,Doda,8,0
Jammu and Kashmir,Jammu,141,0
Jammu and Kashmir,Kargil,1,0
Jammu and Kashmir,Kathua,40,0
Jammu and Kashmir,Kupwara,2,0
Jammu and Kashmir,Leh,2,0
Jammu and Kashmir,Pulwama,2,0
Jammu and Kashmir,Punch,3,0
Jammu and Kashmir,Rajouri,25,0
Jammu and Kashmir,Srinagar,4,0
Jammu and Kashmir,Udhampur,17,0
Jharkhand,Bokaro,6541,6
Jharkhand,Chatra,626,0
Jharkhand,Deoghar,930,3
Jharkhand,Dhanbad,11222,9
Jharkhand,Dumka,3944,49
Jharkhand,East Singhbhum,2334,5
Jharkhand,Garhwa,1928,8
Jharkhand,Giridih,1784,46
Jharkhand,Godda,3850,8
Jharkhand,Gumla,2890,7
Jharkhand,Hazaribag,769,2
Jharkhand,Hazaribagh,9958,73
Jharkhand,Jamtara,1169,0
Jharkhand,Khunti,1512,0
Jharkhand,Kodarma,205,0
Jharkhand,Koderma,1112,0
Jharkhand,Latehar,165,0
Jharkhand,Lohardaga,1176,1
Jharkhand,Pakaur,62,0
Jharkhand,Pakur,1039,4
Jharkhand,Palamau,696,1
Jharkhand,Palamu,5124,7
Jharkhand,Ramgarh,1596,34
Jharkhand,Ranchi,6693,33
Jharkhand,Sahebganj,2069,0
Jharkhand,Seraikela-Kharsawan,1618,110
Jharkhand,Simdega,2130,7
Jharkhand,West Singhbhum,623,0
Karnataka,Bagalkot,258,0
Karnataka,Bangalore,10328,7
Karnataka,Bangalore Rural,394,0
Karnataka,Belgaum,1447,10
Karnataka,Bellary,2554,13
Karnataka,Bidar,526,1
Karnataka,Bijapur,70,3
Karnataka,Bijapur(KAR),522,0
Karnataka,Chamarajanagar,31,0
Karnataka,Chamrajnagar,2,0
Karnataka,Chickmagalur,847,2
Karnataka,Chikkaballapur,1139,8
Karnataka,Chitradurga,1128,1
Karnataka,Dakshina Kannada,86,0
Karnataka,Davangere,1521,2
Karnataka,Dharwad,2311,2061
Karnataka,Gadag,141,0
Karnataka,Gulbarga,380,0
Karnataka,Hassan,1135,0
Karnataka,Haveri,856,1
Karnataka,Kodagu,52,35
Karnataka,Kolar,176,0
Karnataka,Koppal,177,0
Karnataka,Mandya,71,0
Karnataka,Mysore,1475,6
Karnataka,Raichur,141,0
Karnataka,Ramanagar,373,1
Karnataka,Shimoga,1106,10
Karnataka,Tumkur,510,1
Karnataka,Udupi,4614,4
Karnataka,Uttara Kannada,917,0
Karnataka,Yadgir,95,0
Kerala,Alappuzha,12927,7
Kerala,Ernakulam,19902,27
Kerala,Idukki,6549,11
Kerala,Kannur,43253,22
Kerala,Kasaragod,1745,0
Kerala,Kasargod,12141,0
Kerala,Kollam,16246,13
Kerala,Kottayam,14287,9
Kerala,Kozhikode,39024,3
Kerala,Malappuram,15668,4
Kerala,Palakkad,13162,15
Kerala,Pathanamthitta,4970,385
Kerala,Thiruvananthapuram,25135,7
Kerala,Thrissur,27246,3
Kerala,Wayanad,3120,6
Lakshadweep,Lakshadweep,218,0
Madhya Pradesh,Alirajpur,85,17
Madhya Pradesh,Anuppur,873,2
Madhya Pradesh,Ashok Nagar,734,0
Madhya Pradesh,Balaghat,807,5
Madhya Pradesh,Barwani,412,0
Madhya Pradesh,Betul,2079,1
Madhya Pradesh,Bhind,787,1
Madhya Pradesh,Bhopal,12942,49
Madhya Pradesh,Burhanpur,177,0
Madhya Pradesh,Chhatarpur,597,1
Madhya Pradesh,Chhindwara,730,6
Madhya Pradesh,Damoh,2838,15
Madhya Pradesh,Datia,1487,12
Madhya Pradesh,Dewas,849,1
Madhya Pradesh,Dhar,7270,59
Madhya Pradesh,Dindori,42,0
Madhya Pradesh,Guna,4097,46
Madhya Pradesh,Gwalior,3363,46
Madhya Pradesh,Harda,246,0
Madhya Pradesh,Hoshangabad,638,3
Madhya Pradesh,Indore,15729,97
Madhya Pradesh,Jabalpur,19421,102
Madhya Pradesh,Jhabua,893,6
Madhya Pradesh,Katni,4435,24
Madhya Pradesh,Khandwa,989,1
Madhya Pradesh,Khargone,5344,8
Madhya Pradesh,Mandla,2245,2
Madhya Pradesh,Mandsaur,310,0
Madhya Pradesh,Morena,2090,2
Madhya Pradesh,Narsinghpur,231,0
Madhya Pradesh,Neemuch,140,0
Madhya Pradesh,Panna,1797,9
Madhya Pradesh,Raisen,1691,26
Madhya Pradesh,Rajgarh,4205,30
Madhya Pradesh,Ratlam,834,4
Madhya Pradesh,Rewa,2424,21
Madhya Pradesh,Sagar,6872,20
Madhya Pradesh,Satna,5299,48
Madhya Pradesh,Sehore,3138,71
Madhya Pradesh,Seoni,12349,35
Madhya Pradesh,Shahdol,737,1
Madhya Pradesh,Shajapur,982,0
Madhya Pradesh,Sheopur,292,0
Madhya Pradesh,Shivpuri,371,8
Madhya Pradesh,Sidhi,204,1
Madhya Pradesh,Singrauli,345,10
Madhya Pradesh,Tikamgarh,586,2
Madhya Pradesh,Ujjain,10831,93
Madhya Pradesh,Umaria,927,0
Madhya Pradesh,Vidisha,3342,67
Maharashtra,Ahmadnagar,457,0
Maharashtra,Ahmed Nagar,1772,2
Maharashtra,Akola,1123,0
Maharashtra,Amravati,4849,35
Maharashtra,Aurangabad,1454,3
Maharashtra,Beed,499,0
Maharashtra,Bhandara,1458,10
Maharashtra,Buldhana,829,3
Maharashtra,Chandrapur,2606,5
Maharashtra,Dhule,4590,5
Maharashtra,Gadchiroli,336,0
Maharashtra,Gondia,698,1
Maharashtra,Gondiya,213,0
Maharashtra,Hingoli,1595,0
Maharashtra,Jalgaon,2888,4
Maharashtra,Jalna,1100,115
Maharashtra,Kolhapur,3520,0
Maharashtra,Latur,2933,0
Maharashtra,Mumbai,14829,70
Maharashtra,Mumbai City,469,0
Maharashtra,Mumbai( Sub Urban ),280,0
Maharashtra,Nagpur,8017,8
Maharashtra,Nanded,528,0
Maharashtra,Nandurbar,4656,27
Maharashtra,Nashik,6145,42
Maharashtra,Osmanabad,1446,0
Maharashtra,Parbhani,1924,2
Maharashtra,Pune,9274,63
Maharashtra,Raigarh,550,10
Maharashtra,Raigarh(MH),1319,2
Maharashtra,Ratnagiri,1512,19
Maharashtra,Sangli,1469,3
Maharashtra,Satara,1725,0
Maharashtra,Sindhudurg,82,0
Maharashtra,Solapur,4722,0
Maharashtra,Thane,35751,47
Maharashtra,Wardha,1223,59
Maharashtra,Washim,167,0
Maharashtra,Yavatmal,960,0
Manipur,Bishnupur,236,0
Manipur,Chandel,145,0
Manipur,Churachandpur,147,0
Manipur,Imphal East,416,0
Manipur,Imphal West,228,0
Manipur,Senapati,126,0
Manipur,Tamenglong,46,0
Manipur,Thoubal,1367,0
Manipur,Ukhrul,86,0
Meghalaya,East Khasi Hills,1,0
Meghalaya,West Garo Hills,2,0
Mizoram,Aizawl,3,0
Nagaland,Dimapur,80,0
Nagaland,Kiphire,297,0
Nagaland,Kohima,190,0
Nagaland,Longleng,76,0
Nagaland,Mokokchung,3,0
Nagaland,Mon,409,0
Nagaland,Phek,79,0
Nagaland,Tuensang,3522,0
Nagaland,Wokha,95,0
Nagaland,Zunheboto,105,0
Odisha,Angul,7,0
Odisha,Anugul,10,0
Odisha,Balangir,5866,0
Odisha,Baleswar,1065,580
Odisha,Bargarh,160,0
Odisha,Bhadrak,152,0
Odisha,Cuttack,6746,3
Odisha,Dhenkanal,47,0
Odisha,Gajapati,13,0
Odisha,Ganjam,964,0
Odisha,Jagatsinghapur,41,0
Odisha,Jajapur,81,0
Odisha,Jharsuguda,11,0
Odisha,Kalahandi,8,0
Odisha,Kandhamal,25,0
Odisha,Kendrapara,47,0
Odisha,Kendujhar,432,505
Odisha,Khorda,28,0
Odisha,Khordha,12164,7
Odisha,Koraput,838,0
Odisha,Malkangiri,4,0
Odisha,Mayurbhanj,31,0
Odisha,Nabarangapur,1,0
Odisha,Nayagarh,94,0
Odisha,Nuapada,1,0
Odisha,Puri,178,0
Odisha,Rayagada,189,0
Odisha,Sambalpur,12,0
Odisha,Sonapur,1614,0
Odisha,Sundergarh,80,0
Others,Others,932,0
Puducherry,Karaikal,98,0
Puducherry,Pondicherry,897,0
Puducherry,Yanam,29,0
Punjab,Amritsar,1443,11
Punjab,Barnala,958,1
Punjab,Bathinda,1979,1
Punjab,Chandigarh,1,0
Punjab,Faridkot,494,0
Punjab,Fatehgarh Sahib,1044,9
Punjab,Fazilka,1063,19
Punjab,Ferozepur,2367,1
Punjab,Gurdaspur,1138,4
Punjab,Hoshiarpur,991,0
Punjab,Jalandhar,5458,2
Punjab,Kapurthala,2595,3
Punjab,Ludhiana,7838,30
Punjab,Mansa,571,0
Punjab,Moga,4464,1
Punjab,Muktsar,376,6
Punjab,Nawanshahr,84,0
Punjab,Pathankot,54,0
Punjab,Patiala,1675,8
Punjab,Rupnagar,1134,2
Punjab,SAS Nagar (Mohali),1102,1
Punjab,Sangrur,1220,1
Punjab,Shaheed Bhagat Singh Nagar,875,17
Punjab,Sri Muktsar Sahib,1223,16
Punjab,Tarn Taran,1161,0
Rajasthan,Ajmer,8911,171
Rajasthan,Alwar,7040,37
Rajasthan,Banswara,203,5
Rajasthan,Baran,171,2
Rajasthan,Barmer,8397,992
Rajasthan,Bharatpur,319,0
Rajasthan,Bhilwara,1039,1
Rajasthan,Bikaner,11322,42
Rajasthan,Bundi,2833,2
Rajasthan,Chittorgarh,396,0
Rajasthan,Churu,6043,30
Rajasthan,Dausa,4063,9
Rajasthan,Dholpur,24,0
Rajasthan,Dungarpur,507,0
Rajasthan,Ganganagar,410,0
Rajasthan,Hanumangarh,1131,26
Rajasthan,Jaipur,7902,59
Rajasthan,Jaisalmer,26,0
Rajasthan,Jalor,3152,299
Rajasthan,Jhalawar,91,0
Rajasthan,Jhunjhunu,2817,35
Rajasthan,Jhunjhunun,4161,4
Rajasthan,Jodhpur,2170,20
Rajasthan,Karauli,257,2
Rajasthan,Kota,762,20
Rajasthan,Nagaur,3670,19
Rajasthan,Pali,2062,56
Rajasthan,Pratapgarh,1428,2
Rajasthan,Rajsamand,2254,121
Rajasthan,Sawai Madhopur,1937,1
Rajasthan,Sikar,2750,5
Rajasthan,Sirohi,2134,86
Rajasthan,Tonk,4320,4
Rajasthan,Udaipur,6510,245
Sikkim,East Sikkim,238,0
Sikkim,North Sikkim,7,0
Sikkim,South Sikkim,39,0
Sikkim,West Sikkim,54,0
Tamil Nadu,Ariyalur,392,0
Tamil Nadu,Chennai,97,0
Tamil Nadu,Coimbatore,296,0
Tamil Nadu,Cuddalore,2730,1
Tamil Nadu,Dharmapuri,195,0
Tamil Nadu,Dindigul,91,0
Tamil Nadu,Erode,5471,2
Tamil Nadu,Kancheepuram,2,0
Tamil Nadu,Kanchipuram,43,0
Tamil Nadu,Kanniyakumari,14,0
Tamil Nadu,Kanyakumari,21,0
Tamil Nadu,Karur,4385,67
Tamil Nadu,Krishnagiri,13,0
Tamil Nadu,Madurai,1621,4
Tamil Nadu,Nagapattinam,1749,0
Tamil Nadu,Namakkal,37,0
Tamil Nadu,Nilgiris,9,0
Tamil Nadu,Perambalur,1096,11
Tamil Nadu,Pudukkottai,1796,0
Tamil Nadu,Ramanathapuram,125,0
Tamil Nadu,Salem,6977,170
Tamil Nadu,Sivaganga,40,0
Tamil Nadu,Thanjavur,3363,0
Tamil Nadu,The Nilgiris,5,0
Tamil Nadu,Theni,202,0
Tamil Nadu,Thiruvarur,1,0
Tamil Nadu,Thoothukkudi,183,0
Tamil Nadu,Tiruchirappalli,1078,1
Tamil Nadu,Tirunelveli,40,0
Tamil Nadu,Tiruppur,5,0
Tamil Nadu,Tiruvallur,119,0
Tamil Nadu,Tiruvannamalai,395,0
Tamil Nadu,Tiruvarur,16,0
Tamil Nadu,Tuticorin,4,0
Tamil Nadu,Vellore,5731,359
Tamil Nadu,Villupuram,12,0
Tamil Nadu,Viluppuram,25,0
Tamil Nadu,Virudhunagar,211,0
Tripura,Dhalai,210,11
Tripura,Gomati,2,0
Tripura,North Tripura,595,26
Tripura,South Tripura,796,10
Tripura,West Tripura,986,0
Uttar Pradesh,Agra,426,2
Uttar Pradesh,Aligarh,146,0
Uttar Pradesh,Allahabad,430,0
Uttar Pradesh,Ambedkar Nagar,94,1
Uttar Pradesh,Amethi,17,0
Uttar Pradesh,Amroha,6,0
Uttar Pradesh,Auraiya,102,0
Uttar Pradesh,Azamgarh,121,0
Uttar Pradesh,Baghpat,20,0
Uttar Pradesh,Bagpat,19,0
Uttar Pradesh,Bahraich,20,0
Uttar Pradesh,Ballia,161,0
Uttar Pradesh,Balrampur,27,0
Uttar Pradesh,Banda,14,0
Uttar Pradesh,Bara Banki,8,0
Uttar Pradesh,Barabanki,208,0
Uttar Pradesh,Bareilly,248,0
Uttar Pradesh,Basti,47,0
Uttar Pradesh,Bijnor,48,0
Uttar Pradesh,Budaun,51,0
Uttar Pradesh,Bulandshahar,38,0
Uttar Pradesh,Bulandshahr,49,0
Uttar Pradesh,Chandauli,66,0
Uttar Pradesh,Chitrakoot,15,0
Uttar Pradesh,Deoria,136,0
Uttar Pradesh,Etah,76,0
Uttar Pradesh,Etawah,146,0
Uttar Pradesh,Faizabad,100,1
Uttar Pradesh,Farrukhabad,45,0
Uttar Pradesh,Fatehpur,48,0
Uttar Pradesh,Firozabad,211,0
Uttar Pradesh,Gautam Buddha Nagar,225,0
Uttar Pradesh,Ghaziabad,573,0
Uttar Pradesh,Ghazipur,237,0
Uttar Pradesh,Gonda,54,0
Uttar Pradesh,Gorakhpur,119,0
Uttar Pradesh,Hamirpur,13,0
Uttar Pradesh,Hapur,51,0
Uttar Pradesh,Hardoi,52,0
Uttar Pradesh,Hathras,82,0
Uttar Pradesh,Jalaun,26,0
Uttar Pradesh,Jaunpur,88,0
Uttar Pradesh,Jhansi,76,0
Uttar Pradesh,Jyotiba Phule Nagar,17,0
Uttar Pradesh,Kannauj,70,0
Uttar Pradesh,Kanpur Dehat,27,0
Uttar Pradesh,Kanpur Nagar,1166,0
Uttar Pradesh,Kasganj,9,0
Uttar Pradesh,Kaushambi,28,0
Uttar Pradesh,Kheri,50,0
Uttar Pradesh,Kushinagar,106,0
Uttar Pradesh,Lalitpur,102,0
Uttar Pradesh,Lucknow,1060,2
Uttar Pradesh,Maharajganj,19,0
Uttar Pradesh,Mahoba,52,0
Uttar Pradesh,Mahrajganj,10,0
Uttar Pradesh,Mainpuri,107,0
Uttar Pradesh,Mathura,121,0
Uttar Pradesh,Mau,45,0
Uttar Pradesh,Meerut,75,0
Uttar Pradesh,Mirzapur,49,0
Uttar Pradesh,Moradabad,122,0
Uttar Pradesh,Muzaffarnagar,59,0
Uttar Pradesh,Pilibhit,57,0
Uttar Pradesh,Pratapgarh,73,0
Uttar Pradesh,Rae Bareli,16,0
Uttar Pradesh,Raebareli,94,0
Uttar Pradesh,Rampur,37,0
Uttar Pradesh,Saharanpur,77,0
Uttar Pradesh,Sambhal,4,0
Uttar Pradesh,Sant Kabir Nagar,54,0
Uttar Pradesh,Sant Ravidas Nagar,30,0
Uttar Pradesh,Sant Ravidas Nagar Bhadohi,8,0
Uttar Pradesh,Shahjahanpur,38,0
Uttar Pradesh,Shamli,6,0
Uttar Pradesh,Shrawasti,6,0
Uttar Pradesh,Siddharthnagar,34,0
Uttar Pradesh,Sitapur,54,0
Uttar Pradesh,Sonbhadra,34,0
Uttar Pradesh,Sultanpur,112,0
Uttar Pradesh,Unnao,183,0
Uttar Pradesh,Varanasi,122,0
Uttarakhand,Almora,59,0
Uttarakhand,Bageshwar,22,0
Uttarakhand,Chamoli,11,0
Uttarakhand,Champawat,21,0
Uttarakhand,Dehradun,257,0
Uttarakhand,Garhwal,49,0
Uttarakhand,Hardwar,62,0
Uttarakhand,Haridwar,17,0
Uttarakhand,Nainital,185,0
Uttarakhand,Pauri Garhwal,36,0
Uttarakhand,Pithoragarh,33,0
Uttarakhand,Rudraprayag,9,0
Uttarakhand,Tehri Garhwal,13,0
Uttarakhand,Udham Singh Nagar,238,0
Uttarakhand,Uttarkashi,16,0
West Bengal,Bally Jagachha,14,0
West Bengal,Bankura,58,0
West Bengal,Barddhaman,213,0
West Bengal,Bardhaman,278,0
West Bengal,Birbhum,56,0
West Bengal,Cooch Behar,8633,4
West Bengal,Dakshin Dinajpur,10,0
West Bengal,Darjeeling,3241,1
West Bengal,Domjur,3,0
West Bengal,East Midnapore,249,0
West Bengal,Hooghly,11213,0
West Bengal,Howrah,32877,52
West Bengal,Jalpaiguri,4303,2
West Bengal,Kolkata,14323,2
West Bengal,Malda,34783,15
West Bengal,Medinipur,639,0
West Bengal,Murshidabad,39210,43
West Bengal,Nadia,2694,13
West Bengal,North 24 Parganas,1835,0
West Bengal,North Dinajpur,17,0
West Bengal,Purulia,27,0
West Bengal,South 24 Parganas,19,0
West Bengal,South Dinajpur,1,0
West Bengal,South Twenty Four Parganas,3249,0
West Bengal,West Midnapore,174,0
