Gender,Age Band,Aadhaar generated,Enrolment Rejected
F,0 to 5 Years,9244,0
F,16 to 30 Years,110852,0
F,31 to 45 Years,95957,0
F,46 to 65 Years,68822,0
F,6 to 15 Years,61656,0
F,66 Years and Above,14716,0
F,Others,1,0
M,0 to 5 Years,10627,0
M,16 to 30 Years,126057,0
M,31 to 45 Years,96628,0
M,46 to 65 Years,71335,0
M,6 to 15 Years,70563,0
M,66 Years and Above,16770,0
T,0 to 5 Years,2,0
T,16 to 30 Years,17,0
T,31 to 45 Years,25,0
T,46 to 65 Years,16,0
T,6 to 15 Years,16,0
T,66 Years and Above,7,0
