Gender,Age Band,Aadhaar generated,Enrolment Rejected
F,0 to 5 Years,6580,32
F,16 to 30 Years,53310,375
F,31 to 45 Years,42759,321
F,46 to 65 Years,29769,304
F,6 to 15 Years,33971,298
F,66 Years and Above,6402,100
M,0 to 5 Years,7365,32
M,16 to 30 Years,58761,401
M,31 to 45 Years,41687,304
M,46 to 65 Years,31573,252
M,6 to 15 Years,39237,300
M,66 Years and Above,7634,95
T,0 to 5 Years,2,0
T,16 to 30 Years,14,1
T,31 to 45 Years,8,0
T,46 to 65 Years,8,0
T,6 to 15 Years,7,0
T,66 Years and Above,1,1
