Gender,Age Band,Aadhaar generated,Enrolment Rejected
F,0 to 5 Years,32078,4913
F,16 to 30 Years,252769,41111
F,31 to 45 Years,205197,29224
F,46 to 65 Years,155245,21622
F,6 to 15 Years,157672,21444
F,66 Years and Above,39274,5345
M,0 to 5 Years,35307,5153
M,16 to 30 Years,272058,36724
M,31 to 45 Years,212768,31328
M,46 to 65 Years,163630,24258
M,6 to 15 Years,175301,24340
M,66 Years and Above,41193,6450
M,Others,0,2
T,0 to 5 Years,1,0
T,16 to 30 Years,13,25
T,31 to 45 Years,11,11
T,46 to 65 Years,10,6
T,6 to 15 Years,10,1
T,66 Years and Above,2,0
