Gender,Age Band,Aadhaar generated,Enrolment Rejected
F,0 to 5 Years,46000,6354
F,16 to 30 Years,307862,27626
F,31 to 45 Years,250936,19649
F,46 to 65 Years,185922,14594
F,6 to 15 Years,196495,15796
F,66 Years and Above,44615,3278
M,0 to 5 Years,49639,6275
M,16 to 30 Years,317680,22738
M,31 to 45 Years,247931,18330
M,46 to 65 Years,192662,14568
M,6 to 15 Years,212440,16319
M,66 Years and Above,48100,3683
M,Others,0,1
T,0 to 5 Years,3,0
T,16 to 30 Years,21,2
T,31 to 45 Years,7,2
T,46 to 65 Years,4,2
T,6 to 15 Years,7,0
T,66 Years and Above,2,2
