Gender,Age Band,Aadhaar generated,Enrolment Rejected
F,0 to 5 Years,15643,3993
F,16 to 30 Years,114054,23113
F,31 to 45 Years,84146,14164
F,46 to 65 Years,55799,9909
F,6 to 15 Years,62044,11450
F,66 Years and Above,11302,2784
M,0 to 5 Years,18370,4353
M,16 to 30 Years,125801,22834
M,31 to 45 Years,84934,14903
M,46 to 65 Years,62431,9960
M,6 to 15 Years,74287,13444
M,66 Years and Above,12470,2587
T,0 to 5 Years,0,1
T,16 to 30 Years,3,2
T,31 to 45 Years,3,1
T,46 to 65 Years,5,3
T,6 to 15 Years,1,2
