Gender,Age Band,Aadhaar generated,Enrolment Rejected
F,0 to 5 Years,30604,2438
F,16 to 30 Years,226571,9358
F,31 to 45 Years,182332,5274
F,46 to 65 Years,128095,3590
F,6 to 15 Years,138831,5083
F,66 Years and Above,29970,1001
M,0 to 5 Years,35145,2286
M,16 to 30 Years,254239,10647
M,31 to 45 Years,183822,6615
M,46 to 65 Years,143024,4557
M,6 to 15 Years,160284,6450
M,66 Years and Above,36571,1274
T,0 to 5 Years,1,0
T,16 to 30 Years,28,2
T,31 to 45 Years,17,4
T,46 to 65 Years,16,0
T,6 to 15 Years,12,0
T,66 Years and Above,5,0
