Gender,Age Band,Aadhaar generated,Enrolment Rejected
F,0 to 5 Years,17441,2753
F,16 to 30 Years,156950,12473
F,31 to 45 Years,118615,7503
F,46 to 65 Years,80487,5365
F,6 to 15 Years,90127,6863
F,66 Years and Above,16733,1551
M,0 to 5 Years,19722,3092
M,16 to 30 Years,171045,11763
M,31 to 45 Years,117086,7555
M,46 to 65 Years,87273,5088
M,6 to 15 Years,104238,7517
M,66 Years and Above,19263,1386
T,0 to 5 Years,0,1
T,16 to 30 Years,10,0
T,31 to 45 Years,6,1
T,46 to 65 Years,8,1
T,6 to 15 Years,2,1
T,66 Years and Above,1,0
