Registrar,Enrolment Agency,Aadhaar generated,Enrolment Rejected
Allahabad Bank,IL&FS LTD,742,0
Allahabad Bank,Tera Software Ltd,363,0
Allahabad Bank,Vakrangee Softwares Limited,907,0
Bank Of India,A3 Logics  India  Ltd,2783,0
Bank Of India,DATASOFT COMPUTER SERVICES(P),369,0
Bank Of India,Frontech Systems Pvt Ltd,1,0
Bank Of India,ITI LIMITED,1,0
Bank Of India,Integra Micro Systems Pvt.ltd,607,0
Bank Of India,MANTRA SOFTTECH (INDIA) PVTLTD,1738,0
Bank Of India,Matrix Processing House,74,0
Bank Of India,OSWAL COMPUTERS & CONSULTANTS,228,0
Bank Of India,PROTEX COMPUTER PVT LTD,298,0
Bank Of India,SARADA SYSTEMS,17,0
Bank Of India,SHRIKRISHNA KHANDASARI SUGAR M,4,0
Bank Of India,SREI INFRASTRUCTURE FINANCES L,135,0
Bank Of India,Systematic & Advance Const P L,6,0
Bank Of India,Tera Software Ltd,17,0
Bank Of India,VEETECHNOLOGIES PVT. LTD,22,0
Bank Of India,Vakrangee Softwares Limited,530,0
Bank of Baroda,DATASOFT COMPUTER SERVICES(P),1050,0
Bank of Baroda,IL&FS LTD,1009,0
Bank of Baroda,TEAM LIFE CARE COMPANY INDIA P,1684,0
Canara Bank,ITI LIMITED,4,0
Canara Bank,Rosmerta technoliges Limited,110,0
Canara Bank,Smart Chip Limited,88,0
Canara Bank,Swiss Tech India Pvt Ltd,9,0
Canara Bank,VIRGO SOFTECH LIMITED,3,0
Central Bank of India,CALANCE SOFTWARE PRIVATE LTD,3012,0
Central Bank of India,Frontech Systems Pvt Ltd,719,0
Central Bank of India,GSS Infotech Ltd,307,0
Central Bank of India,IAP COMPANY Pvt. Ltd,783,0
Central Bank of India,IL&FS LTD,1502,0
Central Bank of India,Integra Micro Systems Pvt.ltd,37,0
Central Bank of India,MANTRA SOFTTECH (INDIA) PVTLTD,2545,0
Central Bank of India,SREI INFRASTRUCTURE FINANCES L,2622,0
Central Bank of India,Smart ID,36,0
Central Bank of India,Tera Software Ltd,81,0
Central Bank of India,The Peerless General Finance,1462,0
Civil Supplies - A&N Islands,India Computer Technology,305,0
Delhi - Central DC,Smart Chip Limited,1561,0
Delhi - East DC,DATASOFT COMPUTER SERVICES(P),1193,0
Delhi - East DC,IAP COMPANY Pvt. Ltd,73,0
Delhi - East DC,Tera Software Ltd,747,0
Delhi - ND DC,Smart Chip Limited,395,0
Delhi - NE DC,Alankit Assignments Limited,7641,0
Delhi - NE DC,Smart ID,292,0
Delhi - North DC,DATASOFT COMPUTER SERVICES(P),154,0
Delhi - North DC,Smart Chip Limited,1128,0
Delhi SW DC,STRATEGIC OUTSOURCING SERVICE,1605,0
Delhi Urban Shelter Improvemen,Alankit Assignments Limited,345,0
Delhi Urban Shelter Improvemen,Matrix Processing House,670,0
Delhi Urban Shelter Improvemen,STRATEGIC OUTSOURCING SERVICE,204,0
Delhi Urban Shelter Improvemen,Smart Chip Limited,583,0
Delhi Urban Shelter Improvemen,Tera Software Ltd,1964,0
Delhi- South DC,Tera Software Ltd,195,0
Delhi- South DC,eCentric solutions pvt ltd,1980,0
Delhi- West DC,Matrix Processing House,3754,0
Delhi- West DC,VIRGO SOFTECH LIMITED,1028,0
Delhi-NW DC,Karvy Computershare Private Li,1160,0
Delhi-NW DC,STRATEGIC OUTSOURCING SERVICE,1770,0
Dept of ITC Govt of Rajasthan,ATISHAY INFOTECH PVT. LTD.,201,0
Dept of ITC Govt of Rajasthan,DATASOFT COMPUTER SERVICES(P),80,0
Dept of ITC Govt of Rajasthan,GSS Infotech Ltd,194,0
Dept of ITC Govt of Rajasthan,TechSmart India Pvt Ltd,899,0
Dept of ITC Govt of Rajasthan,Vakrangee Softwares Limited,97,0
FCR Govt of Haryana,Vakrangee Softwares Limited,730,0
FCS Govt of Punjab,Alankit Assignments Limited,1010,0
FCS Govt of Punjab,Alankit Finsec Ltd,1108,0
FCS Govt of Punjab,Alankit Life Care Ltd,128,0
FCS Govt of Punjab,Delhi Integrated MMTS Ltd,896,0
FCS Govt of Punjab,Diwakar Commercials Pvt Ltd,491,0
FCS Govt of Punjab,VIRGO SOFTECH LIMITED,1580,0
FCS Govt of Punjab,VISESH INFOTECNICS LIMITED,219,0
Govt of Andhra Pradesh,Gouthami Educational Society,2087,0
Govt of Andhra Pradesh,GrapeSoft,1874,0
Govt of Andhra Pradesh,IL&FS LTD,27965,0
Govt of Andhra Pradesh,INFRONICS SYSTEMS LTD,7056,0
Govt of Andhra Pradesh,Madras Security Printers Ltd,47094,0
Govt of Andhra Pradesh,Mahaonline Limited,10,0
Govt of Andhra Pradesh,SREEVEN INFOCOM LIMITED,271,0
Govt of Andhra Pradesh,Smart Chip Limited,999,0
Govt of Andhra Pradesh,TechSmart India Pvt Ltd,14067,0
Govt of Andhra Pradesh,Tera Software Ltd,17116,0
Govt of Andhra Pradesh,eCentric solutions pvt ltd,13689,0
Govt of Goa,COMAT TECHNOLOGIES P LTD,263,0
Govt of Goa,MARS Telecom Systems Pvt Ltd,787,0
Govt of Goa,Tera Software Ltd,463,0
Govt of Himachal Pradesh,IL&FS LTD,3716,0
Govt of Himachal Pradesh,Wipro Ltd,166,0
Govt of Himachal Pradesh,i-Grandee SoftwareTechnologies,526,0
Govt of Karnataka ,COMAT TECHNOLOGIES P LTD,5305,0
Govt of Karnataka ,GLODYNE TECHNOSERVE,8216,0
Govt of Karnataka ,Integra Micro Systems Pvt.ltd,3078,0
Govt of Karnataka ,Tera Software Ltd,5481,0
Govt of Karnataka ,Wipro Ltd,2701,0
Govt of Kerala,Akshaya,10834,0
Govt of Kerala,Keltron,2096,0
Govt of Madhya Pradesh,IL&FS LTD,442,0
Govt of Madhya Pradesh,VIRGO SOFTECH LIMITED,14367,0
Govt of Maharashtra,Alankit Assignments Limited,6545,0
Govt of Maharashtra,COMAT TECHNOLOGIES P LTD,675,0
Govt of Maharashtra,Eagle press pvt ltd,110,0
Govt of Maharashtra,GSS Infotech Ltd,2880,0
Govt of Maharashtra,Karvy Computershare Private Li,5317,0
Govt of Maharashtra,Mahaonline Limited,21653,0
Govt of Maharashtra,SPANCO,25,0
Govt of Maharashtra,STRATEGIC OUTSOURCING SERVICE,4757,0
Govt of Maharashtra,Smart Chip Limited,565,0
Govt of Maharashtra,TEAM LIFE CARE COMPANY INDIA P,352,0
Govt of Maharashtra,Tera Software Ltd,26066,0
Govt of Maharashtra,Wep Solution India Limited,13339,0
Govt of Maharashtra,Wipro Ltd,8838,0
Govt of Sikkim - Dept of Econo,4G IDENTITY SOLUTIONS,182,0
IDBI Bank ltd,GSS Infotech Ltd,7,0
IDBI Bank ltd,Pioneer E Labs limited,19,0
IDBI Bank ltd,SREEVEN INFOCOM LIMITED,1,0
IGNOU,VIRGO SOFTECH LIMITED,706,0
IGNOU,Vakrangee Softwares Limited,221,0
Indian Bank,GSS Infotech Ltd,1,0
Indian Bank,i-Grandee SoftwareTechnologies,25,0
Indian Overseas Bank,Eagle Software India Pvt. Ltd,680,0
Indian Overseas Bank,Karvy Computershare Private Li,242,0
Indiapost,4G IDENTITY SOLUTIONS,2046,0
Indiapost,COMAT TECHNOLOGIES P LTD,527,0
Indiapost,Delhi Integrated MMTS Ltd,966,0
Indiapost,Eagle press pvt ltd,760,0
Indiapost,GSS Infotech Ltd,305,0
Indiapost,IL&FS LTD,924,0
Indiapost,Madras Security Printers Ltd,1089,0
Indiapost,Smart Chip Limited,231,0
Indiapost,TEAM LIFE CARE COMPANY INDIA P,8772,0
Indiapost,The NSIC ltd,15,0
Indiapost,The Peerless General Finance,652,0
Indiapost,UTI TECHNOLOGY SERVICES LIMITE,382,0
Indiapost,WEBEL,1303,0
Indiapost,eCentric solutions pvt ltd,591,0
Jammu and Kashmir Bank,COMTECH INSTITUTE OFTECHNOLOGY,2,0
Jharkhand,Alankit Assignments Limited,1001,0
Jharkhand,Blue Circle Instrument,36,0
Jharkhand,IL&FS LTD,3172,0
Jharkhand,MKS Enterprises,25,0
Jharkhand,Nevaeh Technology Pvt. Ltd.,58,0
Jharkhand,STRATEGIC OUTSOURCING SERVICE,123,0
Jharkhand,Smart ID,2,0
Jharkhand,Systematic & Advance Const P L,20,0
Jharkhand,VISION COMPTECH INTEGRATOR LTD,508,0
Jharkhand,Wipro Ltd,408,0
Life Insurance Corporation,DATASOFT COMPUTER SERVICES(P),10,0
Life Insurance Corporation,Emdee Digitronics Pvt.Ltd.,27,0
Life Insurance Corporation,eCentric solutions pvt ltd,20,0
Mission Convergence - GNCT Del,Alankit Assignments Limited,20,0
Mission Convergence - GNCT Del,IL&FS LTD,2,0
Mission Convergence - GNCT Del,Karvy Computershare Private Li,25,0
Mission Convergence - GNCT Del,Matrix Processing House,2305,0
Mission Convergence - GNCT Del,STRATEGIC OUTSOURCING SERVICE,109,0
Mission Convergence - GNCT Del,Smart Chip Limited,11,0
Mission Convergence - GNCT Del,Tera Software Ltd,149,0
Mission Convergence - GNCT Del,eCentric solutions pvt ltd,227,0
N S D L,Abhipra Capital Ltd,2812,0
N S D L,Alankit Assignments Limited,1478,0
N S D L,Karvy Data Management Services,10478,0
Oriental Bank of Commerce,DATASOFT COMPUTER SERVICES(P),3003,0
Oriental Bank of Commerce,IL&FS LTD,798,0
Oriental Bank of Commerce,The NSIC ltd,1,0
Oriental Bank of Commerce,Wipro Ltd,1132,0
Others,Others,0,1
Punjab and Sind Bank,Matrix Processing House,1030,0
RDD Govt of Tripura,Alankit Assignments Limited,4794,0
Registrar General India - BEL,Manipur Electronics Dev Corp,1,0
Registrar General India BEL2,Om Softwares,13,0
Registrar General India BEL2,VIRGO SOFTECH LIMITED,9,0
Registrar General India ECIL,In Media Computer Services LLP,1,0
Registrar General India Others,Swathy Smartcards Hi-Tech Pvt,2,0
STATE BANK OF HYDERABAD,CSS TECHNERGY LIMITED,44,0
STATE BANK OF PATIALA,CSS TECHNERGY LIMITED,140,0
State Bank of Bikaner & Jaipur,Multiwave Innovation,314,0
State Bank of India,4G IDENTITY SOLUTIONS,31317,0
State Bank of India,COMAT TECHNOLOGIES P LTD,195,0
State Bank of India,CSS TECHNERGY LIMITED,15150,0
State Bank of India,Delhi Integrated MMTS Ltd,1607,0
State Bank of India,Eagle press pvt ltd,4142,0
State Bank of India,IL&FS LTD,1107,0
State Bank of India,Smart Chip Limited,7462,0
State Bank of India,VIRGO SOFTECH LIMITED,1243,0
State Bank of Travancore,Tera Software Ltd,56,0
Syndicate Bank,Smart Chip Limited,81,0
UDD Govt of Jharkhand,Blue Circle Instrument,42,0
UDD Govt of Jharkhand,IL&FS LTD,5336,0
UDD Govt of Jharkhand,MKS Enterprises,204,0
UDD Govt of Jharkhand,Systematic & Advance Const P L,11,0
UT Of Daman and Diu,Alankit Assignments Limited,160,0
UT of Puducherry,Madras Security Printers Ltd,275,0
Union Bank,4G IDENTITY SOLUTIONS,398,0
Union Bank,Smart Chip Limited,429,0
Union Bank,Vakrangee Softwares Limited,25768,0
