Registrar,Enrolment Agency,Aadhaar generated,Enrolment Rejected
Allahabad Bank,Vakrangee Softwares Limited,4905,20
Bank Of India,A3 Logics  India  Ltd,2293,112
Bank Of India,Akanksha International,612,14
Bank Of India,Blue Circle Instrument,464,8
Bank Of India,CHESSY CONSULTANTS PVT LTD,414,16
Bank Of India,DATASOFT COMPUTER SERVICES(P),543,49
Bank Of India,Emdee Digitronics Pvt.Ltd.,74,1
Bank Of India,Frontech Systems Pvt Ltd,966,16
Bank Of India,ITI LIMITED,40,2
Bank Of India,MANTRA SOFTTECH (INDIA) PVTLTD,349,9
Bank Of India,Matrix Processing House,4769,167
Bank Of India,OPTIMIX CONSULTANCY PRIVATE LT,25,0
Bank Of India,OSWAL COMPUTERS & CONSULTANTS,4052,546
Bank Of India,PROTEX COMPUTER PVT LTD,1256,24
Bank Of India,SARADA SYSTEMS,939,33
Bank Of India,SHRIKRISHNA KHANDASARI SUGAR M,4655,46
Bank Of India,SPANCO,3057,48
Bank Of India,SREI INFRASTRUCTURE FINANCES L,1650,87
Bank Of India,Silver Touch Technologies Ltd,1189,42
Bank Of India,Systematic & Advance Const P L,4043,140
Bank Of India,VEETECHNOLOGIES PVT. LTD,1824,5
Bank Of India,Vakrangee Softwares Limited,2052,95
Bank of Baroda,DATASOFT COMPUTER SERVICES(P),1,0
Bank of Baroda,IL&FS LTD,1,0
Bank of Baroda,TEAM LIFE CARE COMPANY INDIA P,2465,46
Bank of Maharashtra,Alankit Finsec Ltd,21,2
Bank of Maharashtra,FINANCIAL INFORMATION NETWORK,75,1
Bank of Maharashtra,Micro Technologies India Ltd,361,15
CSC e-Governance Services India Limited,A I Soc for Electronics and Comp Tech,3282,132
CSC e-Governance Services India Limited,AKSH OPTIFIBRE LIMITED,1024,10
CSC e-Governance Services India Limited,BASIX,311,20
CSC e-Governance Services India Limited,CALANCE SOFTWARE PRIVATE LTD,576,36
CSC e-Governance Services India Limited,CMS Computers Ltd,609,13
CSC e-Governance Services India Limited,Intelligent Communication Systems India Limited,41,0
CSC e-Governance Services India Limited,Network for Information & Computer,102,4
CSC e-Governance Services India Limited,Reliance Communication Limited,1435,38
CSC e-Governance Services India Limited,SPANCO,85,5
CSC e-Governance Services India Limited,United Telecoms e-Services Pvt Ltd,98,1
Central Bank of India,CALANCE SOFTWARE PRIVATE LTD,3174,76
Central Bank of India,Frontech Systems Pvt Ltd,3,0
Central Bank of India,IAP COMPANY Pvt. Ltd,4725,111
Central Bank of India,IL&FS LTD,4,0
Central Bank of India,MANTRA SOFTTECH (INDIA) PVTLTD,295,34
Central Bank of India,SREI INFRASTRUCTURE FINANCES L,1,0
Central Bank of India,The Peerless General Finance,1373,20
DENA BANK,ATISHAY INFOTECH PVT. LTD.,300,5
DENA BANK,Business Information Processing Services,128,7
DENA BANK,DATASOFT COMPUTER SERVICES(P),301,2
DENA BANK,JNET Technologies Pvt.Ltd,62,1
DENA BANK,Multiwave Innovation,203,2
DENA BANK,Netlink software Pvt Ltd,781,8
DENA BANK,Society for Advancement of Environmental Science,111,7
Delhi - Central DC,Smart Chip Limited,540,20
Delhi - East DC,DATASOFT COMPUTER SERVICES(P),956,156
Delhi - ND DC,Smart Chip Limited,41,7
Delhi - NE DC,Alankit Assignments Limited,2,0
Delhi - NE DC,Smart Chip Limited,388,88
Delhi - North DC,CALANCE SOFTWARE PRIVATE LTD,1475,175
Delhi - North DC,DATASOFT COMPUTER SERVICES(P),1,0
Delhi - North DC,NVR & ASSOCIATES LIMITED,560,136
Delhi - North DC,Smart Chip Limited,389,4
Delhi SW DC,STRATEGIC OUTSOURCING SERVICE,2,0
Delhi SW DC,VIRGO SOFTECH LIMITED,203,23
Delhi Urban Shelter Improvemen,Tera Software Ltd,4,0
Delhi- South DC,Karvy Computershare Private Li,101,16
Delhi- South DC,Smart Chip Limited,274,6
Delhi- South DC,Tera Software Ltd,4,0
Delhi- West DC,Smart Chip Limited,189,7
Delhi- West DC,VIRGO SOFTECH LIMITED,1219,38
Delhi-NW DC,Karvy Computershare Private Li,149,27
Department of Information Technology Govt of Jharkhand,Blue Circle Instrument,1242,31
Department of Information Technology Govt of Jharkhand,MKS Enterprises,1335,106
Department of Information Technology Govt of Jharkhand,Systematic & Advance Const P L,91,7
Department of Information Technology Govt of Jharkhand,Vayam technologies Ltd,61,5
Dept of ITC Govt of Rajasthan,ATISHAY INFOTECH PVT. LTD.,4120,323
Dept of ITC Govt of Rajasthan,AVVAS INFOTECH PVT  LTD,3481,99
Dept of ITC Govt of Rajasthan,Alankit Finsec Ltd,2024,72
Dept of ITC Govt of Rajasthan,Business Information Processing Services,409,2
Dept of ITC Govt of Rajasthan,DATASOFT COMPUTER SERVICES(P),6928,272
Dept of ITC Govt of Rajasthan,Gem Computers,936,142
Dept of ITC Govt of Rajasthan,Multiwave Innovation,176,3
Dept of ITC Govt of Rajasthan,Netlink software Pvt Ltd,1019,56
Dept of ITC Govt of Rajasthan,TechSmart India Pvt Ltd,1282,31
Dept of ITC Govt of Rajasthan,Transline Technologies P Ltd,3520,112
Dept of ITC Govt of Rajasthan,Vakrangee Softwares Limited,9088,889
Dept of ITC Govt of Rajasthan,Vayam technologies Ltd,3804,181
FCR Govt of Haryana,Vakrangee Softwares Limited,195,4
FCS Govt of Punjab,Alankit Finsec Ltd,13,0
FCS Govt of Punjab,CSS TECHNERGY LIMITED,984,33
FCS Govt of Punjab,Delhi Integrated MMTS Ltd,9,0
FCS Govt of Punjab,Diwakar Commercials Pvt Ltd,10,0
FCS Govt of Punjab,Karvy Computershare Private Li,6653,463
FCS Govt of Punjab,VIRGO SOFTECH LIMITED,2,0
FCS Govt of Punjab,Vayam technologies Ltd,4008,233
FCS Govt of Punjab,eCentric solutions pvt ltd,4368,177
Govt of Andhra Pradesh,Gouthami Educational Society,649,3
Govt of Andhra Pradesh,GrapeSoft,797,12
Govt of Andhra Pradesh,IL&FS LTD,44,0
Govt of Andhra Pradesh,INFRONICS SYSTEMS LTD,2249,81
Govt of Andhra Pradesh,Madras Security Printers Ltd,104,0
Govt of Andhra Pradesh,SREEVEN INFOCOM LIMITED,759,46
Govt of Andhra Pradesh,Smart Chip Limited,1,0
Govt of Andhra Pradesh,TechSmart India Pvt Ltd,3011,30
Govt of Andhra Pradesh,Tera Software Ltd,2397,23
Govt of Andhra Pradesh,eCentric solutions pvt ltd,85,1
Govt of Goa,MARS Telecom Systems Pvt Ltd,120,0
Govt of Gujarat,GSS Infotech Ltd,4593,72
Govt of Gujarat,Karvy Computershare Private Li,6381,158
Govt of Gujarat,Silver Touch Technologies Ltd,9353,299
Govt of Gujarat,Tera Software Ltd,2501,48
Govt of Gujarat,Transline Technologies P Ltd,610,24
Govt of Gujarat,Vayam technologies Ltd,2738,78
Govt of Gujarat,eCentric solutions pvt ltd,1072,48
Govt of Himachal Pradesh,IL&FS LTD,2,0
Govt of Himachal Pradesh,Wipro Ltd,989,63
Govt of Himachal Pradesh,i-Grandee SoftwareTechnologies,929,13
Govt of Karnataka ,COMAT TECHNOLOGIES P LTD,59,0
Govt of Karnataka ,GLODYNE TECHNOSERVE,15,3
Govt of Karnataka ,MARS Telecom Systems Pvt Ltd,3616,96
Govt of Karnataka ,Ninestars Information Technologies Ltd,3158,99
Govt of Karnataka ,Origin ITFS Pvt Ltd,4397,138
Govt of Karnataka ,SREEVEN INFOCOM LIMITED,4203,90
Govt of Karnataka ,Wipro Ltd,2,0
Govt of Kerala,Akshaya,5981,112
Govt of Kerala,Keltron,1503,6
Govt of Madhya Pradesh,VIRGO SOFTECH LIMITED,53,0
Govt of Maharashtra,Alankit Assignments Limited,3,0
Govt of Maharashtra,Alankit Finsec Ltd,3910,126
Govt of Maharashtra,COMAT TECHNOLOGIES P LTD,5,0
Govt of Maharashtra,Eagle press pvt ltd,277,11
Govt of Maharashtra,GLODYNE TECHNOSERVE,35,0
Govt of Maharashtra,Karvy Computershare Private Li,5337,133
Govt of Maharashtra,M/S King Computer System pvt Ltd,4,0
Govt of Maharashtra,M/s. Vidya Online  Pune,201,1
Govt of Maharashtra,Mahaonline Limited,62,0
Govt of Maharashtra,Narayana Electricals Solution Pvt Ltd,657,3
Govt of Maharashtra,Netlink software Pvt Ltd,1902,62
Govt of Maharashtra,Network for Information & Computer,30,0
Govt of Maharashtra,Obel projects Pvt Ltd,124,0
Govt of Maharashtra,Rudranee Infotech Ltd,656,7
Govt of Maharashtra,SHREERAM PRINTING PRESS,439,2
Govt of Maharashtra,SPANCO,1048,9
Govt of Maharashtra,STRATEGIC OUTSOURCING SERVICE,2678,29
Govt of Maharashtra,Silver Touch Technologies Ltd,1899,22
Govt of Maharashtra,Systematic & Advance Const P L,54,0
Govt of Maharashtra,TEAM LIFE CARE COMPANY INDIA P,123,3
Govt of Maharashtra,TechSmart India Pvt Ltd,1666,89
Govt of Maharashtra,Tera Software Ltd,41,0
Govt of Maharashtra,Transline Technologies P Ltd,1084,11
Govt of Maharashtra,Wep Solution India Limited,2,0
Govt of Maharashtra,Wipro Ltd,5237,49
Govt of Sikkim - Dept of Econo,Department of Economics Statistics  Monitoring and Evaluation DESME,135,2
IDBI Bank ltd,ATISHAY INFOTECH PVT. LTD.,726,105
IDBI Bank ltd,Matrix Processing House,328,4
IDBI Bank ltd,Pioneer E Labs limited,6,0
IDBI Bank ltd,SREEVEN INFOCOM LIMITED,3091,33
IDBI Bank ltd,UTI TECHNOLOGY SERVICES LIMITE,1210,28
Indiapost,4G IDENTITY SOLUTIONS,12,0
Indiapost,Delhi Integrated MMTS Ltd,3755,69
Indiapost,GLODYNE TECHNOSERVE,37,0
Indiapost,IL&FS LTD,2,0
Indiapost,M/S STAR DATA CENTRE,122,7
Indiapost,MARS Telecom Systems Pvt Ltd,1371,12
Indiapost,Madras Security Printers Ltd,1,0
Indiapost,Smart Chip Limited,143,0
Indiapost,TEAM LIFE CARE COMPANY INDIA P,2847,31
Indiapost,The NSIC ltd,1,0
Indiapost,Vayam technologies Ltd,53,5
Indiapost,WEBEL,93,19
Information Technology & Communication Department,4G INFORMATICS,5330,207
Information Technology & Communication Department,BNR UDYOG LIMITED,1449,41
Information Technology & Communication Department,Bloom Solutions Pvt Ltd,3110,91
Information Technology & Communication Department,CSS TECHNERGY LIMITED,777,15
Information Technology & Communication Department,GDC Advertising Pvt. Limited,2167,12
Information Technology & Communication Department,JYOTHI COMPUTER SERVICES,1843,40
Information Technology & Communication Department,Karvy Data Management Services,1807,9
Information Technology & Communication Department,MARS Telecom Systems Pvt Ltd,1110,19
Information Technology & Communication Department,SREEVEN INFOCOM LIMITED,1620,120
Information Technology & Communication Department,Tera Software Ltd,841,9
Jharkhand,Alankit Assignments Limited,85,6
Jharkhand,Blue Circle Instrument,241,4
Jharkhand,Emdee Digitronics Pvt.Ltd.,1119,45
Jharkhand,MKS Enterprises,804,47
Jharkhand,Nevaeh Technology Pvt. Ltd.,490,2
Jharkhand,STRATEGIC OUTSOURCING SERVICE,213,1
Jharkhand,Systematic & Advance Const P L,2146,21
Jharkhand,VISION COMPTECH INTEGRATOR LTD,1647,28
Jharkhand,Wipro Ltd,5534,122
Mission Convergence - GNCT Del,Karvy Computershare Private Li,219,4
Mission Convergence - GNCT Del,NVR & ASSOCIATES LIMITED,149,43
NSDL e-Governance Infrastructure Limited,Abhipra Capital Ltd,4012,102
NSDL e-Governance Infrastructure Limited,Alankit Assignments Limited,2951,77
NSDL e-Governance Infrastructure Limited,Delhi Integrated MMTS Ltd,383,21
NSDL e-Governance Infrastructure Limited,INTEGRATED REGISTRY SERVICES LTD,14,0
NSDL e-Governance Infrastructure Limited,Karvy Data Management Services,14332,218
NSDL e-Governance Infrastructure Limited,Netlink software Pvt Ltd,3550,168
NSDL e-Governance Infrastructure Limited,PROWIZ MANSYTEMS PVT LTD,3514,74
NSDL e-Governance Infrastructure Limited,TEAM LIFE CARE COMPANY INDIA P,944,3
NSDL e-Governance Infrastructure Limited,VIRGO SOFTECH LIMITED,2663,42
Oriental Bank of Commerce,DATASOFT COMPUTER SERVICES(P),858,24
Oriental Bank of Commerce,Euro Finmart Ltd,127,4
Oriental Bank of Commerce,FINANCIAL INFORMATION NETWORK,28,0
Oriental Bank of Commerce,JNET Technologies Pvt.Ltd,784,72
Oriental Bank of Commerce,Redim Software Technologies Pvt Ltd,473,6
Oriental Bank of Commerce,Sri Ramraja Sarkar Lok Kalyan Trust,1730,57
Oriental Bank of Commerce,Wipro Ltd,2962,147
RDD Govt of Tripura,Alankit Assignments Limited,32,0
Registrar General India - BEL,In Media Computer Services LLP,11,0
Registrar General India - BEL,Manipur Electronics Dev Corp,68,0
Registrar General India - BEL,Swathy Smartcards Hi-Tech Pvt,18,0
Registrar General India BEL2,Alankit Assignments Limited,741,20
Registrar General India BEL2,Computer LAB,715,47
Registrar General India BEL2,Emdee Digitronics Pvt.Ltd.,39,0
Registrar General India BEL2,In Media Computer Services LLP,3,0
Registrar General India BEL2,India Computer Technology,11820,110
Registrar General India BEL2,MACRO INFOTECH PVT LTD,315,1
Registrar General India BEL2,MKS Enterprises,63,2
Registrar General India BEL2,Madras Security Printers Ltd,10582,231
Registrar General India BEL2,Multiwave Innovation,1451,13
Registrar General India BEL2,Netlink software Pvt Ltd,580,1
Registrar General India BEL2,Nevaeh Technology Pvt. Ltd.,1,0
Registrar General India BEL2,Nielsen  India  Private Limited,605,1
Registrar General India BEL2,Om Softwares,4056,5
Registrar General India BEL2,SREEVEN INFOCOM LIMITED,81,10
Registrar General India BEL2,STRATEGIC OUTSOURCING SERVICE,139,1
Registrar General India BEL2,Satyanarayana Raju Company Pvt ltd,176,1
Registrar General India BEL2,Swathy Smartcards Hi-Tech Pvt,20959,89
Registrar General India BEL2,Swiss Tech India Pvt Ltd,227,0
Registrar General India BEL2,Tera Software Ltd,861,23
Registrar General India BEL2,UNITED DATA SERVICES PRIVATE LIMITED,359,1
Registrar General India BEL2,VIRGO SOFTECH LIMITED,5,0
Registrar General India BEL2,Vansh Infotech Pvt Ltd,3266,4
Registrar General India BEL2,Vedavaag Systems Limited,313,4
Registrar General India ECIL,AVVAS INFOTECH PVT  LTD,225,0
Registrar General India ECIL,BUSINESS INFORMATION PROCESSING SERVICES,1105,2
Registrar General India ECIL,COMTECH INSTITUTE OFTECHNOLOGY,854,1
Registrar General India ECIL,COMTECHINFO SOLUTIONS PVT.LTD,247,2
Registrar General India ECIL,Chinar Construction Company Prime agency,5,0
Registrar General India ECIL,Clairvoyance Technologies Pvt.,372,2
Registrar General India ECIL,Computer LAB,6776,553
Registrar General India ECIL,Eagle Software India Pvt. Ltd,378,207
Registrar General India ECIL,In Media Computer Services LLP,1431,8
Registrar General India ECIL,India Computer Technology,236,35
Registrar General India ECIL,Karvy Data Management Services,3076,24
Registrar General India ECIL,Krishna Infotech,505,73
Registrar General India ECIL,Madras Security Printers Ltd,1443,795
Registrar General India ECIL,Mphasis Ltd,4495,113
Registrar General India ECIL,Netwing Technologies Pvt Ltd,284,2
Registrar General India ECIL,Nielsen  India  Private Limited,303,6
Registrar General India ECIL,Pioneer E Labs limited,103,0
Registrar General India ECIL,SARADA SYSTEMS,81,1
Registrar General India ECIL,SWISSTECH NPR 57CR PROJECT PVT,29395,286
Registrar General India ECIL,Tera Software Ltd,2532,593
Registrar General India ECIL,Vedavaag Systems Limited,7541,190
Registrar General India Others,BUSINESS INFORMATION PROCESSING SERVICES,12,0
Registrar General India Others,COMTECH INSTITUTE OFTECHNOLOGY,5,0
Registrar General India Others,Computer LAB,0,1
Registrar General India Others,Eagle Software India Pvt. Ltd,2,0
Registrar General India Others,Esoft Consulting Limited,1,0
Registrar General India Others,Karvy Data Management Services,25,0
Registrar General India Others,Madras Security Printers Ltd,2,0
Registrar General India Others,Mphasis Ltd,31,1
Registrar General India Others,Nielsen  India  Private Limited,2,0
Registrar General India Others,Om Softwares,3,0
Registrar General India Others,SWISSTECH NPR 57CR PROJECT PVT,9,0
Registrar General India Others,Swathy Smartcards Hi-Tech Pvt,10,0
Registrar General India Others,Vansh Infotech Pvt Ltd,8,30
Registrar General India Others,Vedavaag Systems Limited,34,1
Registrar General of India ITI,COMTECH INSTITUTE OFTECHNOLOGY,59,0
Registrar General of India ITI,CSS TECHNERGY LIMITED,59,0
Registrar General of India ITI,CommunitiWorks Welfare Society,573,11
Registrar General of India ITI,Eagle Software India Pvt. Ltd,906,4
Registrar General of India ITI,Emdee Digitronics Pvt.Ltd.,9128,63
Registrar General of India ITI,Karvy Data Management Services,537,0
Registrar General of India ITI,Madras Security Printers Ltd,13,0
Registrar General of India ITI,Mphasis Ltd,1141,10
Registrar General of India ITI,Multiwave Innovation,1,0
Registrar General of India ITI,Netlink software Pvt Ltd,100,0
Registrar General of India ITI,Netwing Technologies Pvt Ltd,271,3
Registrar General of India ITI,Nielsen  India  Private Limited,707,3
Registrar General of India ITI,Quick Data IT Services Pvt Ltd,1,0
Registrar General of India ITI,SREEVEN INFOCOM LIMITED,195,0
Registrar General of India ITI,STRATEGIC OUTSOURCING SERVICE,1767,1
Registrar General of India ITI,Satyanarayana Raju Company Pvt ltd,6,0
Registrar General of India ITI,Swathy Smartcards Hi-Tech Pvt,10282,34
Registrar General of India ITI,TechSmart India Pvt Ltd,215,24
Registrar General of India ITI,Urmila Info solution,66,1
Registrar General of India ITI,VIRGO SOFTECH LIMITED,262,0
Registrar General of India ITI,Vedavaag Systems Limited,2256,54
Registrar General of India ITI,WEBEL TECHNOLOGY LIMITED,840,1
STATE BANK OF PATIALA,CSS TECHNERGY LIMITED,31,0
State Bank of Bikaner & Jaipur,Multiwave Innovation,6226,62
State Bank of India,CSS TECHNERGY LIMITED,11,0
State Bank of India,Delhi Integrated MMTS Ltd,1,0
State Bank of India,VIRGO SOFTECH LIMITED,38,0
State Bank of Travancore,Tera Software Ltd,72,2
UIDAI-Registrar,UIDAI-EA,11,0
UT Of Daman and Diu,Alankit Assignments Limited,756,20
UT of Puducherry,Madras Security Printers Ltd,90,4
Union Bank,FINANCIAL INFORMATION NETWORK,7275,229
Union Bank,Smart Chip Limited,8481,313
Union Bank,Vakrangee Softwares Limited,34945,1475
