Registrar,Enrolment Agency,Aadhaar generated,Enrolment Rejected
Allahabad Bank,Vakrangee Softwares Limited,2292,225
Bank Of India,A3 Logics  India  Ltd,2061,51
Bank Of India,Akanksha International,936,3
Bank Of India,Blue Circle Instrument,821,1
Bank Of India,CHESSY CONSULTANTS PVT LTD,745,2
Bank Of India,DATASOFT COMPUTER SERVICES(P),990,38
Bank Of India,Emdee Digitronics Pvt.Ltd.,93,0
Bank Of India,Frontech Systems Pvt Ltd,2247,14
Bank Of India,ITI LIMITED,232,5
Bank Of India,MANTRA SOFTTECH (INDIA) PVTLTD,426,7
Bank Of India,Matrix Processing House,5312,207
Bank Of India,OPTIMIX CONSULTANCY PRIVATE LT,27,1
Bank Of India,OSWAL COMPUTERS & CONSULTANTS,4880,306
Bank Of India,PROTEX COMPUTER PVT LTD,1945,45
Bank Of India,SARADA SYSTEMS,1153,5
Bank Of India,SHRIKRISHNA KHANDASARI SUGAR M,4832,68
Bank Of India,SPANCO,4325,52
Bank Of India,SREI INFRASTRUCTURE FINANCES L,2131,62
Bank Of India,Silver Touch Technologies Ltd,1895,45
Bank Of India,Systematic & Advance Const P L,5780,324
Bank Of India,VEETECHNOLOGIES PVT. LTD,2463,6
Bank Of India,Vakrangee Softwares Limited,1699,263
Bank of Baroda,TEAM LIFE CARE COMPANY INDIA P,3817,53
Bank of Maharashtra,Alankit Finsec Ltd,13,0
Bank of Maharashtra,FINANCIAL INFORMATION NETWORK,172,13
Bank of Maharashtra,Micro Technologies India Ltd,443,26
CSC e-Governance Services India Limited,A I Soc for Electronics and Comp Tech,2496,21
CSC e-Governance Services India Limited,AKSH OPTIFIBRE LIMITED,671,2
CSC e-Governance Services India Limited,BASIX,542,11
CSC e-Governance Services India Limited,CALANCE SOFTWARE PRIVATE LTD,630,8
CSC e-Governance Services India Limited,CMS Computers Ltd,326,0
CSC e-Governance Services India Limited,Intelligent Communication Systems India Limited,136,2
CSC e-Governance Services India Limited,Network for Information & Computer,293,1
CSC e-Governance Services India Limited,Reliance Communication Limited,813,4
CSC e-Governance Services India Limited,SPANCO,174,1
CSC e-Governance Services India Limited,Tera Software Ltd,6,0
CSC e-Governance Services India Limited,United Telecoms e-Services Pvt Ltd,112,2
Central Bank of India,CALANCE SOFTWARE PRIVATE LTD,3893,48
Central Bank of India,Frontech Systems Pvt Ltd,4,0
Central Bank of India,IAP COMPANY Pvt. Ltd,7414,178
Central Bank of India,IL&FS LTD,1,0
Central Bank of India,MANTRA SOFTTECH (INDIA) PVTLTD,682,11
Central Bank of India,The Peerless General Finance,1734,15
DENA BANK,ATISHAY INFOTECH PVT. LTD.,275,2
DENA BANK,Business Information Processing Services,338,15
DENA BANK,DATASOFT COMPUTER SERVICES(P),458,8
DENA BANK,JNET Technologies Pvt.Ltd,88,1
DENA BANK,Multiwave Innovation,293,3
DENA BANK,Netlink software Pvt Ltd,509,5
DENA BANK,Society for Advancement of Environmental Science,191,11
Delhi - Central DC,Smart Chip Limited,471,82
Delhi - East DC,DATASOFT COMPUTER SERVICES(P),995,64
Delhi - ND DC,Smart Chip Limited,57,6
Delhi - NE DC,Smart Chip Limited,484,94
Delhi - North DC,CALANCE SOFTWARE PRIVATE LTD,1543,215
Delhi - North DC,DATASOFT COMPUTER SERVICES(P),2,0
Delhi - North DC,NVR & ASSOCIATES LIMITED,543,168
Delhi - North DC,Smart Chip Limited,314,13
Delhi SW DC,STRATEGIC OUTSOURCING SERVICE,1,0
Delhi SW DC,VIRGO SOFTECH LIMITED,349,70
Delhi Urban Shelter Improvemen,STRATEGIC OUTSOURCING SERVICE,1,0
Delhi- South DC,Karvy Computershare Private Li,154,57
Delhi- South DC,Smart Chip Limited,191,10
Delhi- West DC,Smart Chip Limited,235,6
Delhi- West DC,VIRGO SOFTECH LIMITED,560,167
Delhi-NW DC,Karvy Computershare Private Li,168,79
Department of Information Technology Govt of Jharkhand,Blue Circle Instrument,1649,11
Department of Information Technology Govt of Jharkhand,MKS Enterprises,2110,85
Department of Information Technology Govt of Jharkhand,Systematic & Advance Const P L,127,2
Department of Information Technology Govt of Jharkhand,Vayam technologies Ltd,27,6
Dept of ITC Govt of Rajasthan,ATISHAY INFOTECH PVT. LTD.,3961,143
Dept of ITC Govt of Rajasthan,AVVAS INFOTECH PVT  LTD,3290,74
Dept of ITC Govt of Rajasthan,Alankit Finsec Ltd,2477,32
Dept of ITC Govt of Rajasthan,Business Information Processing Services,674,15
Dept of ITC Govt of Rajasthan,DATASOFT COMPUTER SERVICES(P),9024,195
Dept of ITC Govt of Rajasthan,Gem Computers,475,26
Dept of ITC Govt of Rajasthan,Multiwave Innovation,482,4
Dept of ITC Govt of Rajasthan,Netlink software Pvt Ltd,626,17
Dept of ITC Govt of Rajasthan,TechSmart India Pvt Ltd,1211,18
Dept of ITC Govt of Rajasthan,Transline Technologies P Ltd,5358,185
Dept of ITC Govt of Rajasthan,Vakrangee Softwares Limited,12915,756
Dept of ITC Govt of Rajasthan,Vayam technologies Ltd,5207,369
FCR Govt of Haryana,Vakrangee Softwares Limited,187,4
FCS Govt of Punjab,CSS TECHNERGY LIMITED,466,12
FCS Govt of Punjab,Karvy Computershare Private Li,11646,329
FCS Govt of Punjab,Vayam technologies Ltd,6609,78
FCS Govt of Punjab,eCentric solutions pvt ltd,6276,266
Govt of Andhra Pradesh,Gouthami Educational Society,602,3
Govt of Andhra Pradesh,GrapeSoft,1442,25
Govt of Andhra Pradesh,IL&FS LTD,24,4
Govt of Andhra Pradesh,INFRONICS SYSTEMS LTD,3530,50
Govt of Andhra Pradesh,Madras Security Printers Ltd,12,0
Govt of Andhra Pradesh,SREEVEN INFOCOM LIMITED,1169,11
Govt of Andhra Pradesh,TechSmart India Pvt Ltd,3695,32
Govt of Andhra Pradesh,Tera Software Ltd,2593,145
Govt of Andhra Pradesh,eCentric solutions pvt ltd,5,0
Govt of Goa,MARS Telecom Systems Pvt Ltd,435,18
Govt of Gujarat,GSS Infotech Ltd,3862,32
Govt of Gujarat,Karvy Computershare Private Li,8336,92
Govt of Gujarat,Silver Touch Technologies Ltd,11461,70
Govt of Gujarat,Tera Software Ltd,3686,19
Govt of Gujarat,Transline Technologies P Ltd,1101,16
Govt of Gujarat,Vayam technologies Ltd,4653,121
Govt of Gujarat,eCentric solutions pvt ltd,1477,31
Govt of Himachal Pradesh,Wipro Ltd,1529,56
Govt of Himachal Pradesh,i-Grandee SoftwareTechnologies,1010,8
Govt of Karnataka ,COMAT TECHNOLOGIES P LTD,1,0
Govt of Karnataka ,GLODYNE TECHNOSERVE,22,1
Govt of Karnataka ,Integra Micro Systems Pvt.ltd,10,0
Govt of Karnataka ,MARS Telecom Systems Pvt Ltd,5452,94
Govt of Karnataka ,Ninestars Information Technologies Ltd,2733,63
Govt of Karnataka ,Origin ITFS Pvt Ltd,8237,114
Govt of Karnataka ,SREEVEN INFOCOM LIMITED,5396,101
Govt of Karnataka ,Wipro Ltd,4,0
Govt of Kerala,Akshaya,7420,151
Govt of Kerala,Keltron,1570,7
Govt of Maharashtra,Alankit Finsec Ltd,1810,41
Govt of Maharashtra,Eagle press pvt ltd,201,2
Govt of Maharashtra,GLODYNE TECHNOSERVE,109,0
Govt of Maharashtra,Karvy Computershare Private Li,6175,100
Govt of Maharashtra,M/S King Computer System pvt Ltd,3,0
Govt of Maharashtra,M/s. Vidya Online  Pune,505,6
Govt of Maharashtra,Mahaonline Limited,37,1
Govt of Maharashtra,Narayana Electricals Solution Pvt Ltd,1074,2
Govt of Maharashtra,Netlink software Pvt Ltd,3083,167
Govt of Maharashtra,Network for Information & Computer,63,0
Govt of Maharashtra,Obel projects Pvt Ltd,72,0
Govt of Maharashtra,Rudranee Infotech Ltd,867,12
Govt of Maharashtra,SHREERAM PRINTING PRESS,342,1
Govt of Maharashtra,SPANCO,1582,6
Govt of Maharashtra,STRATEGIC OUTSOURCING SERVICE,3175,66
Govt of Maharashtra,Silver Touch Technologies Ltd,1724,10
Govt of Maharashtra,Systematic & Advance Const P L,154,0
Govt of Maharashtra,TEAM LIFE CARE COMPANY INDIA P,149,1
Govt of Maharashtra,TechSmart India Pvt Ltd,1821,46
Govt of Maharashtra,Tera Software Ltd,27,1
Govt of Maharashtra,Transline Technologies P Ltd,12081,8
Govt of Maharashtra,Wipro Ltd,4119,104
Govt of Sikkim - Dept of Econo,Department of Economics Statistics  Monitoring and Evaluation DESME,321,0
IDBI Bank ltd,ATISHAY INFOTECH PVT. LTD.,651,13
IDBI Bank ltd,Matrix Processing House,214,7
IDBI Bank ltd,SREEVEN INFOCOM LIMITED,3318,45
IDBI Bank ltd,UTI TECHNOLOGY SERVICES LIMITE,1443,20
Indiapost,Delhi Integrated MMTS Ltd,7968,141
Indiapost,GLODYNE TECHNOSERVE,3,1
Indiapost,M/S STAR DATA CENTRE,91,9
Indiapost,MARS Telecom Systems Pvt Ltd,1404,23
Indiapost,Smart Chip Limited,71,0
Indiapost,TEAM LIFE CARE COMPANY INDIA P,4818,29
Indiapost,Vayam technologies Ltd,60,18
Indiapost,WEBEL,217,24
Information Technology & Communication Department,4G INFORMATICS,43011,71
Information Technology & Communication Department,BNR UDYOG LIMITED,3372,23
Information Technology & Communication Department,Bloom Solutions Pvt Ltd,14250,145
Information Technology & Communication Department,CSS TECHNERGY LIMITED,1428,5
Information Technology & Communication Department,GDC Advertising Pvt. Limited,4634,14
Information Technology & Communication Department,JYOTHI COMPUTER SERVICES,8412,15
Information Technology & Communication Department,Karvy Data Management Services,665,18
Information Technology & Communication Department,MARS Telecom Systems Pvt Ltd,1922,34
Information Technology & Communication Department,SREEVEN INFOCOM LIMITED,1264,41
Information Technology & Communication Department,Tera Software Ltd,846,55
Jharkhand,Alankit Assignments Limited,98,3
Jharkhand,Blue Circle Instrument,386,3
Jharkhand,Emdee Digitronics Pvt.Ltd.,1040,28
Jharkhand,MKS Enterprises,735,170
Jharkhand,Nevaeh Technology Pvt. Ltd.,484,1
Jharkhand,STRATEGIC OUTSOURCING SERVICE,169,26
Jharkhand,Systematic & Advance Const P L,2835,45
Jharkhand,VISION COMPTECH INTEGRATOR LTD,2057,10
Jharkhand,Wipro Ltd,6012,69
Mission Convergence - GNCT Del,IL&FS LTD,0,1
Mission Convergence - GNCT Del,Karvy Computershare Private Li,236,12
Mission Convergence - GNCT Del,NVR & ASSOCIATES LIMITED,221,73
NSDL e-Governance Infrastructure Limited,Abhipra Capital Ltd,2095,95
NSDL e-Governance Infrastructure Limited,Alankit Assignments Limited,6518,57
NSDL e-Governance Infrastructure Limited,Delhi Integrated MMTS Ltd,1036,10
NSDL e-Governance Infrastructure Limited,INTEGRATED REGISTRY SERVICES LTD,17,0
NSDL e-Governance Infrastructure Limited,Karvy Data Management Services,14774,373
NSDL e-Governance Infrastructure Limited,Netlink software Pvt Ltd,4185,98
NSDL e-Governance Infrastructure Limited,PROWIZ MANSYTEMS PVT LTD,5588,135
NSDL e-Governance Infrastructure Limited,TEAM LIFE CARE COMPANY INDIA P,1020,8
NSDL e-Governance Infrastructure Limited,VIRGO SOFTECH LIMITED,3972,34
Oriental Bank of Commerce,DATASOFT COMPUTER SERVICES(P),725,22
Oriental Bank of Commerce,Euro Finmart Ltd,100,1
Oriental Bank of Commerce,FINANCIAL INFORMATION NETWORK,1,0
Oriental Bank of Commerce,JNET Technologies Pvt.Ltd,995,19
Oriental Bank of Commerce,Redim Software Technologies Pvt Ltd,322,0
Oriental Bank of Commerce,Sri Ramraja Sarkar Lok Kalyan Trust,3686,74
Oriental Bank of Commerce,Wipro Ltd,4354,115
Punjab and Sind Bank,Matrix Processing House,1,0
Registrar General India - BEL,In Media Computer Services LLP,10,0
Registrar General India - BEL,Swathy Smartcards Hi-Tech Pvt,6,0
Registrar General India BEL2,Alankit Assignments Limited,1030,26
Registrar General India BEL2,Computer LAB,430,164
Registrar General India BEL2,Emdee Digitronics Pvt.Ltd.,68,0
Registrar General India BEL2,India Computer Technology,9055,130
Registrar General India BEL2,MACRO INFOTECH PVT LTD,843,0
Registrar General India BEL2,MKS Enterprises,78,2
Registrar General India BEL2,Madras Security Printers Ltd,9956,8
Registrar General India BEL2,Multiwave Innovation,90,137
Registrar General India BEL2,Netlink software Pvt Ltd,893,4
Registrar General India BEL2,Nevaeh Technology Pvt. Ltd.,88,2
Registrar General India BEL2,Nielsen  India  Private Limited,1569,2
Registrar General India BEL2,Om Softwares,1051,5
Registrar General India BEL2,SREEVEN INFOCOM LIMITED,72,0
Registrar General India BEL2,STRATEGIC OUTSOURCING SERVICE,333,33
Registrar General India BEL2,Satyanarayana Raju Company Pvt ltd,362,0
Registrar General India BEL2,Swathy Smartcards Hi-Tech Pvt,15252,127
Registrar General India BEL2,Swiss Tech India Pvt Ltd,331,2
Registrar General India BEL2,Tera Software Ltd,1131,90
Registrar General India BEL2,UNITED DATA SERVICES PRIVATE LIMITED,818,0
Registrar General India BEL2,Vansh Infotech Pvt Ltd,2764,0
Registrar General India BEL2,Vedavaag Systems Limited,797,6
Registrar General India ECIL,AVVAS INFOTECH PVT  LTD,87,1
Registrar General India ECIL,BUSINESS INFORMATION PROCESSING SERVICES,633,0
Registrar General India ECIL,COMTECH INSTITUTE OFTECHNOLOGY,851,5
Registrar General India ECIL,COMTECHINFO SOLUTIONS PVT.LTD,185,1
Registrar General India ECIL,Chinar Construction Company Prime agency,16,0
Registrar General India ECIL,Clairvoyance Technologies Pvt.,172,9
Registrar General India ECIL,Computer LAB,4269,248
Registrar General India ECIL,Eagle Software India Pvt. Ltd,1221,819
Registrar General India ECIL,In Media Computer Services LLP,1571,0
Registrar General India ECIL,India Computer Technology,506,16
Registrar General India ECIL,Karvy Data Management Services,3418,6
Registrar General India ECIL,Krishna Infotech,74,6
Registrar General India ECIL,Madras Security Printers Ltd,1634,1002
Registrar General India ECIL,Mphasis Ltd,2582,9
Registrar General India ECIL,Netwing Technologies Pvt Ltd,163,3
Registrar General India ECIL,Nielsen  India  Private Limited,352,3
Registrar General India ECIL,Pioneer E Labs limited,95,0
Registrar General India ECIL,SARADA SYSTEMS,849,0
Registrar General India ECIL,SWISSTECH NPR 57CR PROJECT PVT,9246,46
Registrar General India ECIL,Tera Software Ltd,716,328
Registrar General India ECIL,Vedavaag Systems Limited,8856,20
Registrar General India Others,AVVAS INFOTECH PVT  LTD,1,0
Registrar General India Others,BUSINESS INFORMATION PROCESSING SERVICES,4,0
Registrar General India Others,COMTECH INSTITUTE OFTECHNOLOGY,8,0
Registrar General India Others,Chinar Construction Company Prime agency,1,0
Registrar General India Others,Computer LAB,3,0
Registrar General India Others,Eagle Software India Pvt. Ltd,11,2
Registrar General India Others,Karvy Data Management Services,18,0
Registrar General India Others,Madras Security Printers Ltd,1,0
Registrar General India Others,Mphasis Ltd,2,0
Registrar General India Others,Multiwave Innovation,0,1
Registrar General India Others,Om Softwares,3,0
Registrar General India Others,SWISSTECH NPR 57CR PROJECT PVT,29,0
Registrar General India Others,Swathy Smartcards Hi-Tech Pvt,0,5
Registrar General India Others,Vansh Infotech Pvt Ltd,4,3
Registrar General India Others,Vedavaag Systems Limited,1,0
Registrar General of India ITI,COMTECH INSTITUTE OFTECHNOLOGY,55,0
Registrar General of India ITI,CSS TECHNERGY LIMITED,202,1
Registrar General of India ITI,CommunitiWorks Welfare Society,362,0
Registrar General of India ITI,Eagle Software India Pvt. Ltd,1379,3
Registrar General of India ITI,Emdee Digitronics Pvt.Ltd.,8216,407
Registrar General of India ITI,Karvy Data Management Services,1125,0
Registrar General of India ITI,Madras Security Printers Ltd,4,0
Registrar General of India ITI,Mphasis Ltd,971,0
Registrar General of India ITI,Multiwave Innovation,0,3
Registrar General of India ITI,Netlink software Pvt Ltd,197,1
Registrar General of India ITI,Netwing Technologies Pvt Ltd,69,1
Registrar General of India ITI,Nielsen  India  Private Limited,595,0
Registrar General of India ITI,SREEVEN INFOCOM LIMITED,25,3
Registrar General of India ITI,STRATEGIC OUTSOURCING SERVICE,1532,8
Registrar General of India ITI,Satyanarayana Raju Company Pvt ltd,2,0
Registrar General of India ITI,Swathy Smartcards Hi-Tech Pvt,4214,169
Registrar General of India ITI,TechSmart India Pvt Ltd,9,21
Registrar General of India ITI,Urmila Info solution,224,1
Registrar General of India ITI,VIRGO SOFTECH LIMITED,290,0
Registrar General of India ITI,Vedavaag Systems Limited,1693,0
Registrar General of India ITI,WEBEL TECHNOLOGY LIMITED,364,0
STATE BANK OF HYDERABAD,CSS TECHNERGY LIMITED,0,1
STATE BANK OF PATIALA,CSS TECHNERGY LIMITED,2,0
State Bank of Bikaner & Jaipur,Multiwave Innovation,7997,213
State Bank of Travancore,Tera Software Ltd,67,1
UIDAI-Registrar,UIDAI-EA,20,0
UT Of Daman and Diu,Alankit Assignments Limited,642,10
UT of Puducherry,Madras Security Printers Ltd,189,2
Union Bank,FINANCIAL INFORMATION NETWORK,8255,195
Union Bank,Smart Chip Limited,12592,2144
Union Bank,Vakrangee Softwares Limited,40590,1176
