Registrar,Enrolment Agency,Aadhaar generated,Enrolment Rejected
Allahabad Bank,IL&FS LTD,2,3
Allahabad Bank,Tera Software Ltd,2,1
Allahabad Bank,Vakrangee Softwares Limited,29496,3212
Bank Of India,A3 Logics  India  Ltd,7729,377
Bank Of India,Akanksha International,2242,33
Bank Of India,Blue Circle Instrument,785,5
Bank Of India,CHESSY CONSULTANTS PVT LTD,1408,92
Bank Of India,DATASOFT COMPUTER SERVICES(P),582,41
Bank Of India,Emdee Digitronics Pvt.Ltd.,144,12
Bank Of India,Frontech Systems Pvt Ltd,1144,169
Bank Of India,ITI LIMITED,42,3
Bank Of India,MANTRA SOFTTECH (INDIA) PVTLTD,1140,327
Bank Of India,Matrix Processing House,7859,709
Bank Of India,OPTIMIX CONSULTANCY PRIVATE LT,2,0
Bank Of India,OSWAL COMPUTERS & CONSULTANTS,5451,1029
Bank Of India,PROTEX COMPUTER PVT LTD,1426,97
Bank Of India,SARADA SYSTEMS,1267,63
Bank Of India,SHRIKRISHNA KHANDASARI SUGAR M,3709,498
Bank Of India,SPANCO,2693,324
Bank Of India,SREI INFRASTRUCTURE FINANCES L,2727,187
Bank Of India,Silver Touch Technologies Ltd,2798,334
Bank Of India,Systematic & Advance Const P L,7500,768
Bank Of India,VEETECHNOLOGIES PVT. LTD,2267,103
Bank Of India,Vakrangee Softwares Limited,10223,2188
Bank of Baroda,DATASOFT COMPUTER SERVICES(P),4,0
Bank of Baroda,IL&FS LTD,14,8
Bank of Baroda,TEAM LIFE CARE COMPANY INDIA P,1297,88
Bank of Maharashtra,Alankit Finsec Ltd,72,49
Bank of Maharashtra,FINANCIAL INFORMATION NETWORK,313,7
Bank of Maharashtra,Micro Technologies India Ltd,201,18
CSC e-Governance Services India Limited,A I Soc for Electronics and Comp Tech,503,5
CSC e-Governance Services India Limited,AKSH OPTIFIBRE LIMITED,58,0
CSC e-Governance Services India Limited,BASIX,21,1
CSC e-Governance Services India Limited,CALANCE SOFTWARE PRIVATE LTD,29,0
CSC e-Governance Services India Limited,CMS Computers Ltd,62,4
CSC e-Governance Services India Limited,Network for Information & Computer,87,5
CSC e-Governance Services India Limited,SPANCO,144,10
Central Bank of India,CALANCE SOFTWARE PRIVATE LTD,7498,577
Central Bank of India,Frontech Systems Pvt Ltd,11,0
Central Bank of India,IAP COMPANY Pvt. Ltd,12252,975
Central Bank of India,IL&FS LTD,1,26
Central Bank of India,MANTRA SOFTTECH (INDIA) PVTLTD,462,88
Central Bank of India,SREI INFRASTRUCTURE FINANCES L,1,0
Central Bank of India,Tera Software Ltd,1,0
Central Bank of India,The Peerless General Finance,1506,52
Civil Supplies - A&N Islands,India Computer Technology,1,0
DENA BANK,ATISHAY INFOTECH PVT. LTD.,248,6
DENA BANK,DATASOFT COMPUTER SERVICES(P),333,38
DENA BANK,Multiwave Innovation,3,7
Delhi - Central DC,Smart Chip Limited,335,194
Delhi - East DC,DATASOFT COMPUTER SERVICES(P),1041,329
Delhi - East DC,Tera Software Ltd,3,9
Delhi - ND DC,Smart Chip Limited,74,30
Delhi - NE DC,Alankit Assignments Limited,6,22
Delhi - NE DC,Smart Chip Limited,327,172
Delhi - North DC,CALANCE SOFTWARE PRIVATE LTD,1521,211
Delhi - North DC,DATASOFT COMPUTER SERVICES(P),1,9
Delhi - North DC,NVR & ASSOCIATES LIMITED,876,129
Delhi - North DC,Smart Chip Limited,464,122
Delhi SW DC,STRATEGIC OUTSOURCING SERVICE,1,2
Delhi SW DC,VIRGO SOFTECH LIMITED,379,301
Delhi Urban Shelter Improvemen,Alankit Assignments Limited,0,2
Delhi Urban Shelter Improvemen,STRATEGIC OUTSOURCING SERVICE,4,2
Delhi Urban Shelter Improvemen,Smart Chip Limited,0,4
Delhi Urban Shelter Improvemen,Tera Software Ltd,3,3
Delhi- South DC,Karvy Computershare Private Li,472,100
Delhi- South DC,Smart Chip Limited,19,17
Delhi- South DC,Tera Software Ltd,6,9
Delhi- South DC,eCentric solutions pvt ltd,4,14
Delhi- West DC,Matrix Processing House,2,38
Delhi- West DC,Smart Chip Limited,116,42
Delhi- West DC,VIRGO SOFTECH LIMITED,568,156
Delhi-NW DC,Karvy Computershare Private Li,410,109
Delhi-NW DC,STRATEGIC OUTSOURCING SERVICE,2,15
Department of Information Technology Govt of Jharkhand,Blue Circle Instrument,1324,104
Department of Information Technology Govt of Jharkhand,IL&FS LTD,1,6
Department of Information Technology Govt of Jharkhand,MKS Enterprises,2156,754
Department of Information Technology Govt of Jharkhand,Systematic & Advance Const P L,80,25
Department of Information Technology Govt of Jharkhand,Vayam technologies Ltd,62,21
Dept of ITC Govt of Rajasthan,ATISHAY INFOTECH PVT. LTD.,11659,943
Dept of ITC Govt of Rajasthan,AVVAS INFOTECH PVT  LTD,7824,233
Dept of ITC Govt of Rajasthan,Alankit Finsec Ltd,2865,469
Dept of ITC Govt of Rajasthan,DATASOFT COMPUTER SERVICES(P),12178,749
Dept of ITC Govt of Rajasthan,Netlink software Pvt Ltd,0,5
Dept of ITC Govt of Rajasthan,TechSmart India Pvt Ltd,373,29
Dept of ITC Govt of Rajasthan,Transline Technologies P Ltd,8342,416
Dept of ITC Govt of Rajasthan,Vakrangee Softwares Limited,7914,1861
Dept of ITC Govt of Rajasthan,Vayam technologies Ltd,4594,623
FCR Govt of Haryana,Vakrangee Softwares Limited,1880,2058
FCS Govt of Punjab,Alankit Assignments Limited,3,36
FCS Govt of Punjab,Alankit Finsec Ltd,13,14
FCS Govt of Punjab,Alankit Life Care Ltd,34,4
FCS Govt of Punjab,CSS TECHNERGY LIMITED,1965,98
FCS Govt of Punjab,Delhi Integrated MMTS Ltd,4,13
FCS Govt of Punjab,Diwakar Commercials Pvt Ltd,2,4
FCS Govt of Punjab,Karvy Computershare Private Li,9602,898
FCS Govt of Punjab,VIRGO SOFTECH LIMITED,0,3
FCS Govt of Punjab,Vayam technologies Ltd,11450,525
FCS Govt of Punjab,eCentric solutions pvt ltd,10736,688
Govt of Andhra Pradesh,Gouthami Educational Society,1075,211
Govt of Andhra Pradesh,GrapeSoft,1321,156
Govt of Andhra Pradesh,IL&FS LTD,78,19
Govt of Andhra Pradesh,INFRONICS SYSTEMS LTD,5548,1586
Govt of Andhra Pradesh,Madras Security Printers Ltd,6,5
Govt of Andhra Pradesh,SREEVEN INFOCOM LIMITED,943,196
Govt of Andhra Pradesh,TechSmart India Pvt Ltd,8007,637
Govt of Andhra Pradesh,Tera Software Ltd,2372,296
Govt of Andhra Pradesh,eCentric solutions pvt ltd,16,25
Govt of Goa,MARS Telecom Systems Pvt Ltd,158,94
Govt of Goa,Tera Software Ltd,7,13
Govt of Gujarat,GSS Infotech Ltd,5692,254
Govt of Gujarat,Karvy Computershare Private Li,7365,287
Govt of Gujarat,Silver Touch Technologies Ltd,10773,540
Govt of Gujarat,Tera Software Ltd,2887,130
Govt of Gujarat,Transline Technologies P Ltd,777,26
Govt of Gujarat,Vayam technologies Ltd,4766,692
Govt of Gujarat,eCentric solutions pvt ltd,3101,142
Govt of Himachal Pradesh,IL&FS LTD,2,9
Govt of Himachal Pradesh,Wipro Ltd,2760,217
Govt of Himachal Pradesh,i-Grandee SoftwareTechnologies,2033,135
Govt of Karnataka ,COMAT TECHNOLOGIES P LTD,3,3
Govt of Karnataka ,GLODYNE TECHNOSERVE,9,1
Govt of Karnataka ,MARS Telecom Systems Pvt Ltd,8171,413
Govt of Karnataka ,Ninestars Information Technologies Ltd,5876,715
Govt of Karnataka ,Origin ITFS Pvt Ltd,8739,854
Govt of Karnataka ,SREEVEN INFOCOM LIMITED,7086,696
Govt of Karnataka ,Tera Software Ltd,3,0
Govt of Karnataka ,Wipro Ltd,1,0
Govt of Kerala,Akshaya,14973,3587
Govt of Kerala,Keltron,3289,1441
Govt of Madhya Pradesh,VIRGO SOFTECH LIMITED,64,11
Govt of Maharashtra,Alankit Assignments Limited,2,28
Govt of Maharashtra,Alankit Finsec Ltd,10748,1533
Govt of Maharashtra,Eagle press pvt ltd,1034,68
Govt of Maharashtra,GLODYNE TECHNOSERVE,134,11
Govt of Maharashtra,GSS Infotech Ltd,1,1
Govt of Maharashtra,Karvy Computershare Private Li,8899,742
Govt of Maharashtra,M/s. Vidya Online  Pune,84,2
Govt of Maharashtra,Mahaonline Limited,15,4
Govt of Maharashtra,Narayana Electricals Solution Pvt Ltd,146,10
Govt of Maharashtra,Netlink software Pvt Ltd,1541,219
Govt of Maharashtra,Network for Information & Computer,86,27
Govt of Maharashtra,Obel projects Pvt Ltd,314,66
Govt of Maharashtra,Rudranee Infotech Ltd,53,15
Govt of Maharashtra,SHREERAM PRINTING PRESS,476,11
Govt of Maharashtra,SPANCO,1,0
Govt of Maharashtra,STRATEGIC OUTSOURCING SERVICE,5113,1086
Govt of Maharashtra,Silver Touch Technologies Ltd,2918,149
Govt of Maharashtra,Systematic & Advance Const P L,134,11
Govt of Maharashtra,TEAM LIFE CARE COMPANY INDIA P,65,11
Govt of Maharashtra,TechSmart India Pvt Ltd,6645,546
Govt of Maharashtra,Tera Software Ltd,145,49
Govt of Maharashtra,Transline Technologies P Ltd,1851,292
Govt of Maharashtra,Wep Solution India Limited,2,2
Govt of Maharashtra,Wipro Ltd,7399,627
Govt of Sikkim - Dept of Econo,Department of Economics Statistics  Monitoring and Evaluation DESME,106,8
IDBI Bank ltd,ATISHAY INFOTECH PVT. LTD.,1205,223
IDBI Bank ltd,Matrix Processing House,148,38
IDBI Bank ltd,Pioneer E Labs limited,32,0
IDBI Bank ltd,SREEVEN INFOCOM LIMITED,1663,81
IDBI Bank ltd,UTI TECHNOLOGY SERVICES LIMITE,1333,108
IGNOU,Vakrangee Softwares Limited,2,3
Indiapost,4G IDENTITY SOLUTIONS,25,28
Indiapost,CSS TECHNERGY LIMITED,1,0
Indiapost,Delhi Integrated MMTS Ltd,9194,558
Indiapost,GLODYNE TECHNOSERVE,23,6
Indiapost,IL&FS LTD,1,1
Indiapost,M/S STAR DATA CENTRE,3,1
Indiapost,MARS Telecom Systems Pvt Ltd,770,65
Indiapost,Madras Security Printers Ltd,2,2
Indiapost,Smart Chip Limited,261,76
Indiapost,TEAM LIFE CARE COMPANY INDIA P,6471,789
Indiapost,The NSIC ltd,0,2
Indiapost,Vayam technologies Ltd,94,1
Indiapost,WEBEL,27,0
Information Technology & Communication Department,4G INFORMATICS,11504,595
Information Technology & Communication Department,BNR UDYOG LIMITED,1604,684
Information Technology & Communication Department,Bloom Solutions Pvt Ltd,13084,1062
Information Technology & Communication Department,CSS TECHNERGY LIMITED,2375,119
Information Technology & Communication Department,GDC Advertising Pvt. Limited,1149,588
Information Technology & Communication Department,JYOTHI COMPUTER SERVICES,2693,305
Information Technology & Communication Department,Karvy Data Management Services,135,17
Information Technology & Communication Department,MARS Telecom Systems Pvt Ltd,4512,249
Information Technology & Communication Department,SREEVEN INFOCOM LIMITED,1925,181
Information Technology & Communication Department,Tera Software Ltd,332,68
Jharkhand,Alankit Assignments Limited,873,135
Jharkhand,Blue Circle Instrument,325,30
Jharkhand,Emdee Digitronics Pvt.Ltd.,1049,304
Jharkhand,MKS Enterprises,880,196
Jharkhand,Nevaeh Technology Pvt. Ltd.,470,21
Jharkhand,STRATEGIC OUTSOURCING SERVICE,936,89
Jharkhand,Systematic & Advance Const P L,2548,209
Jharkhand,VISION COMPTECH INTEGRATOR LTD,1287,202
Jharkhand,Wipro Ltd,4936,1982
Life Insurance Corporation,DATASOFT COMPUTER SERVICES(P),0,1
Life Insurance Corporation,LYRA  CONSULTANCY SERVICE,0,1
Life Insurance Corporation,eCentric solutions pvt ltd,0,1
Mission Convergence - GNCT Del,IL&FS LTD,0,1
Mission Convergence - GNCT Del,Karvy Computershare Private Li,275,96
Mission Convergence - GNCT Del,Matrix Processing House,0,2
Mission Convergence - GNCT Del,NVR & ASSOCIATES LIMITED,4,27
Mission Convergence - GNCT Del,STRATEGIC OUTSOURCING SERVICE,3,1
Mission Convergence - GNCT Del,Smart Chip Limited,0,5
Mission Convergence - GNCT Del,eCentric solutions pvt ltd,1,17
NSDL e-Governance Infrastructure Limited,Abhipra Capital Ltd,2888,359
NSDL e-Governance Infrastructure Limited,Alankit Assignments Limited,6660,362
NSDL e-Governance Infrastructure Limited,Delhi Integrated MMTS Ltd,410,28
NSDL e-Governance Infrastructure Limited,INTEGRATED REGISTRY SERVICES,32,0
NSDL e-Governance Infrastructure Limited,Karvy Data Management Services,18573,1596
NSDL e-Governance Infrastructure Limited,Netlink software Pvt Ltd,3882,175
NSDL e-Governance Infrastructure Limited,PROWIZ MANSYTEMS PVT LTD,4249,387
NSDL e-Governance Infrastructure Limited,TEAM LIFE CARE COMPANY INDIA P,671,31
NSDL e-Governance Infrastructure Limited,VIRGO SOFTECH LIMITED,3950,176
Oriental Bank of Commerce,DATASOFT COMPUTER SERVICES(P),732,59
Oriental Bank of Commerce,Euro Finmart Ltd,230,9
Oriental Bank of Commerce,FINANCIAL INFORMATION NETWORK,819,15
Oriental Bank of Commerce,IL&FS LTD,3,4
Oriental Bank of Commerce,JNET Technologies Pvt.Ltd,362,6
Oriental Bank of Commerce,Redim Software Technologies Pvt Ltd,588,18
Oriental Bank of Commerce,Sri Ramraja Sarkar Lok Kalyan Trust,2024,189
Oriental Bank of Commerce,Wipro Ltd,5038,481
Punjab and Sind Bank,Matrix Processing House,13,4
RDD Govt of Tripura,Alankit Assignments Limited,48,18
Registrar General India - BEL,In Media Computer Services LLP,2,0
Registrar General India - BEL,Manipur Electronics Dev Corp,21,21
Registrar General India - BEL,Swathy Smartcards Hi-Tech Pvt,8,527
Registrar General India BEL2,Alankit Assignments Limited,879,103
Registrar General India BEL2,Computer LAB,8695,1253
Registrar General India BEL2,India Computer Technology,15404,3050
Registrar General India BEL2,MACRO INFOTECH PVT LTD,12,1
Registrar General India BEL2,Madras Security Printers Ltd,9209,3280
Registrar General India BEL2,Multiwave Innovation,1077,1135
Registrar General India BEL2,Netlink software Pvt Ltd,1985,151
Registrar General India BEL2,Nielsen  India  Private Limited,89,17
Registrar General India BEL2,Om Softwares,1623,362
Registrar General India BEL2,SREEVEN INFOCOM LIMITED,23,12
Registrar General India BEL2,STRATEGIC OUTSOURCING SERVICE,61,66
Registrar General India BEL2,Swathy Smartcards Hi-Tech Pvt,59331,29792
Registrar General India BEL2,Swiss Tech India Pvt Ltd,377,225
Registrar General India BEL2,Tera Software Ltd,3313,6480
Registrar General India BEL2,VIRGO SOFTECH LIMITED,2,9
Registrar General India BEL2,Vansh Infotech Pvt Ltd,4375,8
Registrar General India BEL2,Vedavaag Systems Limited,13,0
Registrar General India ECIL,AVVAS INFOTECH PVT  LTD,5295,26
Registrar General India ECIL,BUSINESS INFORMATION PROCESSING SERVICES,58,1
Registrar General India ECIL,COMTECH INSTITUTE OFTECHNOLOGY,1759,157
Registrar General India ECIL,COMTECHINFO SOLUTIONS PVT.LTD,146,0
Registrar General India ECIL,Clairvoyance Technologies Pvt.,843,82
Registrar General India ECIL,Computer LAB,41728,12068
Registrar General India ECIL,Eagle Software India Pvt. Ltd,1820,2911
Registrar General India ECIL,In Media Computer Services LLP,335,77
Registrar General India ECIL,India Computer Technology,15718,8830
Registrar General India ECIL,Karvy Data Management Services,995,11
Registrar General India ECIL,Krishna Infotech,672,998
Registrar General India ECIL,Madras Security Printers Ltd,8331,15467
Registrar General India ECIL,Netwing Technologies Pvt Ltd,391,1
Registrar General India ECIL,Nielsen  India  Private Limited,459,8
Registrar General India ECIL,SWISSTECH NPR 57CR PROJECT PVT,2891,3868
Registrar General India ECIL,Tera Software Ltd,3887,10886
Registrar General India ECIL,Vedavaag Systems Limited,3029,2958
Registrar General India Others,AVVAS INFOTECH PVT  LTD,7,0
Registrar General India Others,Alankit Assignments Limited,9,1
Registrar General India Others,COMTECH INSTITUTE OFTECHNOLOGY,1,0
Registrar General India Others,COMTECHINFO SOLUTIONS PVT.LTD,4,0
Registrar General India Others,Computer LAB,6,2
Registrar General India Others,Eagle Software India Pvt. Ltd,7,5
Registrar General India Others,Emdee Digitronics Pvt.Ltd.,1,0
Registrar General India Others,India Computer Technology,38,0
Registrar General India Others,Karvy Data Management Services,4,1
Registrar General India Others,Madras Security Printers Ltd,34,25
Registrar General India Others,Nielsen  India  Private Limited,1,0
Registrar General India Others,STRATEGIC OUTSOURCING SERVICE,0,1
Registrar General India Others,Swathy Smartcards Hi-Tech Pvt,92,65
Registrar General India Others,Swiss Tech India Pvt Ltd,5,0
Registrar General India Others,Tera Software Ltd,6,0
Registrar General India Others,Vansh Infotech Pvt Ltd,0,1
Registrar General India Others,Vedavaag Systems Limited,1,0
Registrar General of India ITI,COMTECH INSTITUTE OFTECHNOLOGY,40,9
Registrar General of India ITI,CSS TECHNERGY LIMITED,66,1
Registrar General of India ITI,CommunitiWorks Welfare Society,76,29
Registrar General of India ITI,Eagle Software India Pvt. Ltd,1226,215
Registrar General of India ITI,Emdee Digitronics Pvt.Ltd.,32542,3246
Registrar General of India ITI,Madras Security Printers Ltd,3,2
Registrar General of India ITI,Mphasis Ltd,11,0
Registrar General of India ITI,Multiwave Innovation,0,95
Registrar General of India ITI,Netwing Technologies Pvt Ltd,258,65
Registrar General of India ITI,Nielsen  India  Private Limited,228,9
Registrar General of India ITI,SREEVEN INFOCOM LIMITED,220,460
Registrar General of India ITI,STRATEGIC OUTSOURCING SERVICE,510,30
Registrar General of India ITI,Swathy Smartcards Hi-Tech Pvt,10270,34507
Registrar General of India ITI,TechSmart India Pvt Ltd,392,10099
Registrar General of India ITI,VIRGO SOFTECH LIMITED,46,0
Registrar General of India ITI,Vedavaag Systems Limited,276,3
Registrar General of India ITI,WEBEL TECHNOLOGY LIMITED,6958,931
STATE BANK OF PATIALA,CSS TECHNERGY LIMITED,28,3
State Bank of Bikaner & Jaipur,Multiwave Innovation,6303,680
State Bank of India,4G IDENTITY SOLUTIONS,7,11
State Bank of India,COMAT TECHNOLOGIES P LTD,1,0
State Bank of India,CSS TECHNERGY LIMITED,7,14
State Bank of India,IL&FS LTD,13,29
State Bank of India,Smart Chip Limited,1,8
State Bank of India,VIRGO SOFTECH LIMITED,2,5
State Bank of Travancore,Tera Software Ltd,81,15
UIDAI-Registrar,UIDAI-EA,38,1
UT Of Daman and Diu,Alankit Assignments Limited,170,19
UT of Puducherry,Madras Security Printers Ltd,426,169
Union Bank,FINANCIAL INFORMATION NETWORK,10532,572
Union Bank,Smart Chip Limited,12769,2063
Union Bank,Vakrangee Softwares Limited,26340,2948
