Registrar,Enrolment Agency,Aadhaar generated,Enrolment Rejected
Allahabad Bank,Vakrangee Softwares Limited,7007,223
Bank Of India,A3 Logics  India  Ltd,2600,162
Bank Of India,Akanksha International,61,4
Bank Of India,Blue Circle Instrument,132,3
Bank Of India,CHESSY CONSULTANTS PVT LTD,642,15
Bank Of India,DATASOFT COMPUTER SERVICES(P),464,46
Bank Of India,Emdee Digitronics Pvt.Ltd.,16,4
Bank Of India,Frontech Systems Pvt Ltd,2660,37
Bank Of India,ITI LIMITED,73,2
Bank Of India,MANTRA SOFTTECH (INDIA) PVTLTD,408,5
Bank Of India,Matrix Processing House,6077,321
Bank Of India,OPTIMIX CONSULTANCY PRIVATE LT,7,1
Bank Of India,OSWAL COMPUTERS & CONSULTANTS,3276,675
Bank Of India,PROTEX COMPUTER PVT LTD,219,31
Bank Of India,SARADA SYSTEMS,961,23
Bank Of India,SHRIKRISHNA KHANDASARI SUGAR M,6190,113
Bank Of India,SPANCO,1491,98
Bank Of India,SREI INFRASTRUCTURE FINANCES L,1041,89
Bank Of India,Silver Touch Technologies Ltd,1158,57
Bank Of India,Systematic & Advance Const P L,2969,224
Bank Of India,VEETECHNOLOGIES PVT. LTD,100,11
Bank Of India,Vakrangee Softwares Limited,2184,321
Bank of Baroda,TEAM LIFE CARE COMPANY INDIA P,1590,74
Bank of Maharashtra,Alankit Finsec Ltd,14,5
Bank of Maharashtra,FINANCIAL INFORMATION NETWORK,106,3
Bank of Maharashtra,Micro Technologies India Ltd,332,3
CSC e-Governance Services India Limited,A I Soc for Electronics and Comp Tech,367,10
CSC e-Governance Services India Limited,AKSH OPTIFIBRE LIMITED,86,1
CSC e-Governance Services India Limited,BASIX,86,8
CSC e-Governance Services India Limited,CALANCE SOFTWARE PRIVATE LTD,153,14
CSC e-Governance Services India Limited,CMS Computers Ltd,2,1
CSC e-Governance Services India Limited,Intelligent Communication Systems India Limited,26,0
CSC e-Governance Services India Limited,Network for Information & Computer,83,10
CSC e-Governance Services India Limited,Reliance Communication Limited,10,2
CSC e-Governance Services India Limited,SPANCO,70,4
CSC e-Governance Services India Limited,United Telecoms e-Services Pvt Ltd,40,1
Central Bank of India,CALANCE SOFTWARE PRIVATE LTD,1395,61
Central Bank of India,Frontech Systems Pvt Ltd,1,0
Central Bank of India,IAP COMPANY Pvt. Ltd,5326,171
Central Bank of India,MANTRA SOFTTECH (INDIA) PVTLTD,337,41
Central Bank of India,The Peerless General Finance,1803,27
DENA BANK,ATISHAY INFOTECH PVT. LTD.,385,4
DENA BANK,Business Information Processing Services,108,16
DENA BANK,DATASOFT COMPUTER SERVICES(P),235,3
DENA BANK,Netlink software Pvt Ltd,292,5
DENA BANK,Society for Advancement of Environmental Science,103,6
Delhi - Central DC,Smart Chip Limited,290,12
Delhi - East DC,DATASOFT COMPUTER SERVICES(P),1380,280
Delhi - ND DC,Smart Chip Limited,24,3
Delhi - NE DC,Smart Chip Limited,141,31
Delhi - North DC,CALANCE SOFTWARE PRIVATE LTD,745,192
Delhi - North DC,DATASOFT COMPUTER SERVICES(P),5,0
Delhi - North DC,NVR & ASSOCIATES LIMITED,544,86
Delhi - North DC,Smart Chip Limited,291,4
Delhi SW DC,VIRGO SOFTECH LIMITED,351,69
Delhi- South DC,Karvy Computershare Private Li,91,28
Delhi- South DC,Smart Chip Limited,340,10
Delhi- West DC,Smart Chip Limited,268,1
Delhi- West DC,VIRGO SOFTECH LIMITED,2162,244
Delhi-NW DC,Karvy Computershare Private Li,190,53
Department of Information Technology Govt of Jharkhand,Blue Circle Instrument,1048,21
Department of Information Technology Govt of Jharkhand,MKS Enterprises,1194,151
Department of Information Technology Govt of Jharkhand,Systematic & Advance Const P L,237,4
Department of Information Technology Govt of Jharkhand,Vayam technologies Ltd,61,5
Dept of ITC Govt of Rajasthan,ATISHAY INFOTECH PVT. LTD.,1555,347
Dept of ITC Govt of Rajasthan,AVVAS INFOTECH PVT  LTD,1024,171
Dept of ITC Govt of Rajasthan,Alankit Finsec Ltd,884,66
Dept of ITC Govt of Rajasthan,Business Information Processing Services,78,38
Dept of ITC Govt of Rajasthan,DATASOFT COMPUTER SERVICES(P),8494,401
Dept of ITC Govt of Rajasthan,Gem Computers,336,6
Dept of ITC Govt of Rajasthan,Netlink software Pvt Ltd,217,5
Dept of ITC Govt of Rajasthan,TechSmart India Pvt Ltd,717,15
Dept of ITC Govt of Rajasthan,Transline Technologies P Ltd,3145,152
Dept of ITC Govt of Rajasthan,Vakrangee Softwares Limited,4152,1213
Dept of ITC Govt of Rajasthan,Vayam technologies Ltd,1140,240
FCR Govt of Haryana,Vakrangee Softwares Limited,372,18
FCS Govt of Punjab,CSS TECHNERGY LIMITED,483,19
FCS Govt of Punjab,Karvy Computershare Private Li,2502,190
FCS Govt of Punjab,Vayam technologies Ltd,652,85
FCS Govt of Punjab,eCentric solutions pvt ltd,8235,314
Govt of Andhra Pradesh,Gouthami Educational Society,590,36
Govt of Andhra Pradesh,GrapeSoft,372,22
Govt of Andhra Pradesh,IL&FS LTD,25,2
Govt of Andhra Pradesh,INFRONICS SYSTEMS LTD,3630,93
Govt of Andhra Pradesh,Madras Security Printers Ltd,17,0
Govt of Andhra Pradesh,SREEVEN INFOCOM LIMITED,1039,23
Govt of Andhra Pradesh,TechSmart India Pvt Ltd,3331,263
Govt of Andhra Pradesh,Tera Software Ltd,3238,49
Govt of Andhra Pradesh,eCentric solutions pvt ltd,64,2
Govt of Goa,COMAT TECHNOLOGIES P LTD,0,1
Govt of Goa,MARS Telecom Systems Pvt Ltd,111,2
Govt of Goa,Tera Software Ltd,1,0
Govt of Gujarat,GSS Infotech Ltd,4668,40
Govt of Gujarat,Karvy Computershare Private Li,5894,96
Govt of Gujarat,Silver Touch Technologies Ltd,6170,263
Govt of Gujarat,Tera Software Ltd,464,17
Govt of Gujarat,Transline Technologies P Ltd,667,46
Govt of Gujarat,Vayam technologies Ltd,3350,114
Govt of Gujarat,eCentric solutions pvt ltd,725,34
Govt of Himachal Pradesh,Wipro Ltd,2197,245
Govt of Himachal Pradesh,i-Grandee SoftwareTechnologies,852,18
Govt of Karnataka ,Integra Micro Systems Pvt.ltd,0,2
Govt of Karnataka ,MARS Telecom Systems Pvt Ltd,2662,140
Govt of Karnataka ,Ninestars Information Technologies Ltd,2028,189
Govt of Karnataka ,Origin ITFS Pvt Ltd,615,366
Govt of Karnataka ,SREEVEN INFOCOM LIMITED,3245,191
Govt of Kerala,Akshaya,7643,163
Govt of Kerala,Keltron,1085,8
Govt of Maharashtra,Alankit Assignments Limited,0,2
Govt of Maharashtra,Alankit Finsec Ltd,4503,153
Govt of Maharashtra,Eagle press pvt ltd,1299,54
Govt of Maharashtra,GLODYNE TECHNOSERVE,37,0
Govt of Maharashtra,Karvy Computershare Private Li,7254,266
Govt of Maharashtra,M/s. Vidya Online  Pune,426,0
Govt of Maharashtra,Mahaonline Limited,66,128
Govt of Maharashtra,Narayana Electricals Solution Pvt Ltd,143,4
Govt of Maharashtra,Netlink software Pvt Ltd,1294,68
Govt of Maharashtra,Network for Information & Computer,32,0
Govt of Maharashtra,Obel projects Pvt Ltd,143,2
Govt of Maharashtra,Rudranee Infotech Ltd,662,4
Govt of Maharashtra,SHREERAM PRINTING PRESS,1108,4
Govt of Maharashtra,SPANCO,704,4
Govt of Maharashtra,STRATEGIC OUTSOURCING SERVICE,3111,185
Govt of Maharashtra,Silver Touch Technologies Ltd,1716,34
Govt of Maharashtra,Systematic & Advance Const P L,131,0
Govt of Maharashtra,TEAM LIFE CARE COMPANY INDIA P,109,2
Govt of Maharashtra,TechSmart India Pvt Ltd,1441,115
Govt of Maharashtra,Tera Software Ltd,53,1
Govt of Maharashtra,Transline Technologies P Ltd,1680,193
Govt of Maharashtra,Wep Solution India Limited,0,1
Govt of Maharashtra,Wipro Ltd,3884,61
Govt of Sikkim - Dept of Econo,Department of Economics Statistics  Monitoring and Evaluation DESME,86,1
IDBI Bank ltd,ATISHAY INFOTECH PVT. LTD.,694,84
IDBI Bank ltd,Matrix Processing House,229,9
IDBI Bank ltd,SREEVEN INFOCOM LIMITED,4860,76
IDBI Bank ltd,UTI TECHNOLOGY SERVICES LIMITE,793,25
Indiapost,Delhi Integrated MMTS Ltd,2032,146
Indiapost,M/S STAR DATA CENTRE,0,1
Indiapost,MARS Telecom Systems Pvt Ltd,1031,14
Indiapost,Smart Chip Limited,16,2
Indiapost,TEAM LIFE CARE COMPANY INDIA P,476,36
Indiapost,The NSIC ltd,1,0
Indiapost,Vayam technologies Ltd,14,1
Indiapost,WEBEL,72,188
Information Technology & Communication Department,4G INFORMATICS,5645,56
Information Technology & Communication Department,BNR UDYOG LIMITED,2338,33
Information Technology & Communication Department,Bloom Solutions Pvt Ltd,4760,352
Information Technology & Communication Department,CSS TECHNERGY LIMITED,2140,61
Information Technology & Communication Department,GDC Advertising Pvt. Limited,3151,6
Information Technology & Communication Department,JYOTHI COMPUTER SERVICES,362,9
Information Technology & Communication Department,Karvy Data Management Services,2062,43
Information Technology & Communication Department,MARS Telecom Systems Pvt Ltd,1427,35
Information Technology & Communication Department,SREEVEN INFOCOM LIMITED,1427,188
Information Technology & Communication Department,Tera Software Ltd,216,5
Jharkhand,Alankit Assignments Limited,385,4
Jharkhand,Blue Circle Instrument,126,3
Jharkhand,Emdee Digitronics Pvt.Ltd.,1022,46
Jharkhand,MKS Enterprises,612,38
Jharkhand,Nevaeh Technology Pvt. Ltd.,45,3
Jharkhand,STRATEGIC OUTSOURCING SERVICE,342,6
Jharkhand,Systematic & Advance Const P L,1002,25
Jharkhand,VISION COMPTECH INTEGRATOR LTD,1035,118
Jharkhand,Wipro Ltd,2867,387
Mission Convergence - GNCT Del,Karvy Computershare Private Li,178,22
Mission Convergence - GNCT Del,NVR & ASSOCIATES LIMITED,52,9
NSDL e-Governance Infrastructure Limited,Abhipra Capital Ltd,1467,172
NSDL e-Governance Infrastructure Limited,Alankit Assignments Limited,1762,33
NSDL e-Governance Infrastructure Limited,Delhi Integrated MMTS Ltd,82,6
NSDL e-Governance Infrastructure Limited,INTEGRATED REGISTRY SERVICES LTD,21,0
NSDL e-Governance Infrastructure Limited,Karvy Data Management Services,12279,455
NSDL e-Governance Infrastructure Limited,Netlink software Pvt Ltd,1282,74
NSDL e-Governance Infrastructure Limited,PROWIZ MANSYTEMS PVT LTD,2115,421
NSDL e-Governance Infrastructure Limited,TEAM LIFE CARE COMPANY INDIA P,542,16
NSDL e-Governance Infrastructure Limited,VIRGO SOFTECH LIMITED,2455,519
Oriental Bank of Commerce,DATASOFT COMPUTER SERVICES(P),572,19
Oriental Bank of Commerce,Euro Finmart Ltd,233,2
Oriental Bank of Commerce,JNET Technologies Pvt.Ltd,66,15
Oriental Bank of Commerce,Redim Software Technologies Pvt Ltd,156,3
Oriental Bank of Commerce,Sri Ramraja Sarkar Lok Kalyan Trust,868,66
Oriental Bank of Commerce,Wipro Ltd,3387,881
Registrar General India - BEL,Swathy Smartcards Hi-Tech Pvt,0,1
Registrar General India BEL2,Alankit Assignments Limited,761,15
Registrar General India BEL2,Computer LAB,85,28
Registrar General India BEL2,Emdee Digitronics Pvt.Ltd.,43,0
Registrar General India BEL2,India Computer Technology,4011,98
Registrar General India BEL2,MACRO INFOTECH PVT LTD,4,1
Registrar General India BEL2,MKS Enterprises,105,1
Registrar General India BEL2,Madras Security Printers Ltd,4078,147
Registrar General India BEL2,Multiwave Innovation,30,31
Registrar General India BEL2,Netlink software Pvt Ltd,1402,2
Registrar General India BEL2,Nevaeh Technology Pvt. Ltd.,12,0
Registrar General India BEL2,Nielsen  India  Private Limited,341,1
Registrar General India BEL2,Om Softwares,527,316
Registrar General India BEL2,SREEVEN INFOCOM LIMITED,149,22
Registrar General India BEL2,STRATEGIC OUTSOURCING SERVICE,114,15
Registrar General India BEL2,Satyanarayana Raju Company Pvt ltd,29,1
Registrar General India BEL2,Swathy Smartcards Hi-Tech Pvt,6336,183
Registrar General India BEL2,Swiss Tech India Pvt Ltd,441,6
Registrar General India BEL2,Tera Software Ltd,275,326
Registrar General India BEL2,UNITED DATA SERVICES PRIVATE LIMITED,0,4
Registrar General India BEL2,Vansh Infotech Pvt Ltd,2615,4
Registrar General India BEL2,Vedavaag Systems Limited,53,0
Registrar General India ECIL,AVVAS INFOTECH PVT  LTD,115,1
Registrar General India ECIL,BUSINESS INFORMATION PROCESSING SERVICES,81,0
Registrar General India ECIL,COMTECH INSTITUTE OFTECHNOLOGY,688,2
Registrar General India ECIL,COMTECHINFO SOLUTIONS PVT.LTD,519,8
Registrar General India ECIL,Chinar Construction Company Prime agency,5,0
Registrar General India ECIL,Clairvoyance Technologies Pvt.,267,50
Registrar General India ECIL,Computer LAB,2973,1441
Registrar General India ECIL,Eagle Software India Pvt. Ltd,131,347
Registrar General India ECIL,In Media Computer Services LLP,3,11
Registrar General India ECIL,India Computer Technology,405,676
Registrar General India ECIL,Karvy Data Management Services,2066,34
Registrar General India ECIL,Krishna Infotech,1,8
Registrar General India ECIL,Madras Security Printers Ltd,201,415
Registrar General India ECIL,Mphasis Ltd,0,6
Registrar General India ECIL,Netwing Technologies Pvt Ltd,125,0
Registrar General India ECIL,Nielsen  India  Private Limited,226,7
Registrar General India ECIL,SWISSTECH NPR 57CR PROJECT PVT,27,162
Registrar General India ECIL,Tera Software Ltd,1283,660
Registrar General India ECIL,Vedavaag Systems Limited,2817,60
Registrar General India Others,COMTECH INSTITUTE OFTECHNOLOGY,1,0
Registrar General India Others,Computer LAB,16,0
Registrar General India Others,Eagle Software India Pvt. Ltd,1,0
Registrar General India Others,Karvy Data Management Services,10,0
Registrar General India Others,Madras Security Printers Ltd,18,2
Registrar General India Others,Nielsen  India  Private Limited,1,0
Registrar General of India ITI,COMTECH INSTITUTE OFTECHNOLOGY,26,0
Registrar General of India ITI,CSS TECHNERGY LIMITED,3,0
Registrar General of India ITI,CommunitiWorks Welfare Society,206,1
Registrar General of India ITI,Eagle Software India Pvt. Ltd,870,16
Registrar General of India ITI,Emdee Digitronics Pvt.Ltd.,4924,159
Registrar General of India ITI,Karvy Data Management Services,623,2
Registrar General of India ITI,Mphasis Ltd,2,2
Registrar General of India ITI,Netlink software Pvt Ltd,496,0
Registrar General of India ITI,Netwing Technologies Pvt Ltd,22,1
Registrar General of India ITI,Nielsen  India  Private Limited,346,4
Registrar General of India ITI,SREEVEN INFOCOM LIMITED,351,1
Registrar General of India ITI,STRATEGIC OUTSOURCING SERVICE,1762,1
Registrar General of India ITI,Swathy Smartcards Hi-Tech Pvt,1273,34
Registrar General of India ITI,TechSmart India Pvt Ltd,19,21
Registrar General of India ITI,Urmila Info solution,71,0
Registrar General of India ITI,VIRGO SOFTECH LIMITED,0,1
Registrar General of India ITI,Vedavaag Systems Limited,12,7
Registrar General of India ITI,WEBEL TECHNOLOGY LIMITED,420,0
STATE BANK OF PATIALA,CSS TECHNERGY LIMITED,3,0
State Bank of Bikaner & Jaipur,Multiwave Innovation,3761,176
State Bank of Travancore,Tera Software Ltd,107,5
UIDAI-Registrar,UIDAI-EA,8,2
UT Of Daman and Diu,Alankit Assignments Limited,455,23
UT of Puducherry,Madras Security Printers Ltd,49,6
Union Bank,FINANCIAL INFORMATION NETWORK,9854,339
Union Bank,Smart Chip Limited,5231,448
Union Bank,Vakrangee Softwares Limited,16138,1535
