Registrar,Enrolment Agency,Aadhaar generated,Enrolment Rejected
Allahabad Bank,IL&FS LTD,0,1
Allahabad Bank,Tera Software Ltd,6,0
Allahabad Bank,Vakrangee Softwares Limited,32354,671
Bank Of India,A3 Logics  India  Ltd,2963,160
Bank Of India,Akanksha International,887,25
Bank Of India,Blue Circle Instrument,78,1
Bank Of India,CHESSY CONSULTANTS PVT LTD,904,18
Bank Of India,DATASOFT COMPUTER SERVICES(P),245,14
Bank Of India,Emdee Digitronics Pvt.Ltd.,272,0
Bank Of India,Frontech Systems Pvt Ltd,1086,57
Bank Of India,ITI LIMITED,33,6
Bank Of India,MANTRA SOFTTECH (INDIA) PVTLTD,941,47
Bank Of India,Matrix Processing House,8526,394
Bank Of India,OPTIMIX CONSULTANCY PRIVATE LT,15,0
Bank Of India,OSWAL COMPUTERS & CONSULTANTS,3646,348
Bank Of India,PROTEX COMPUTER PVT LTD,771,24
Bank Of India,SARADA SYSTEMS,1705,12
Bank Of India,SHRIKRISHNA KHANDASARI SUGAR M,5199,101
Bank Of India,SPANCO,2004,73
Bank Of India,SREI INFRASTRUCTURE FINANCES L,1144,63
Bank Of India,Silver Touch Technologies Ltd,1450,84
Bank Of India,Systematic & Advance Const P L,9971,245
Bank Of India,VEETECHNOLOGIES PVT. LTD,2139,14
Bank Of India,Vakrangee Softwares Limited,16502,512
Bank of Baroda,DATASOFT COMPUTER SERVICES(P),2,1
Bank of Baroda,IL&FS LTD,26,3
Bank of Baroda,TEAM LIFE CARE COMPANY INDIA P,2031,61
Bank of Maharashtra,Alankit Finsec Ltd,63,1
Bank of Maharashtra,FINANCIAL INFORMATION NETWORK,457,58
Bank of Maharashtra,Micro Technologies India Ltd,541,17
CSC e-Governance Services India Limited,A I Soc for Electronics and Comp Tech,346,4
CSC e-Governance Services India Limited,AKSH OPTIFIBRE LIMITED,16,3
CSC e-Governance Services India Limited,BASIX,61,0
CSC e-Governance Services India Limited,CALANCE SOFTWARE PRIVATE LTD,101,0
CSC e-Governance Services India Limited,CMS Computers Ltd,14,1
CSC e-Governance Services India Limited,Network for Information & Computer,131,1
CSC e-Governance Services India Limited,SPANCO,87,14
CSC e-Governance Services India Limited,United Telecoms e-Services Pvt Ltd,1,0
Canara Bank,ITI LIMITED,0,3
Central Bank of India,CALANCE SOFTWARE PRIVATE LTD,4551,107
Central Bank of India,Frontech Systems Pvt Ltd,10,1
Central Bank of India,IAP COMPANY Pvt. Ltd,10303,262
Central Bank of India,IL&FS LTD,6,0
Central Bank of India,MANTRA SOFTTECH (INDIA) PVTLTD,389,5
Central Bank of India,The Peerless General Finance,2278,18
DENA BANK,ATISHAY INFOTECH PVT. LTD.,439,4
DENA BANK,Business Information Processing Services,2,0
DENA BANK,DATASOFT COMPUTER SERVICES(P),139,4
DENA BANK,Multiwave Innovation,71,3
Delhi - Central DC,Smart Chip Limited,410,17
Delhi - East DC,DATASOFT COMPUTER SERVICES(P),676,98
Delhi - East DC,Tera Software Ltd,0,1
Delhi - ND DC,Smart Chip Limited,121,6
Delhi - NE DC,Alankit Assignments Limited,1,1
Delhi - NE DC,Smart Chip Limited,439,65
Delhi - North DC,CALANCE SOFTWARE PRIVATE LTD,913,67
Delhi - North DC,DATASOFT COMPUTER SERVICES(P),0,3
Delhi - North DC,NVR & ASSOCIATES LIMITED,735,59
Delhi - North DC,Smart Chip Limited,679,10
Delhi SW DC,STRATEGIC OUTSOURCING SERVICE,1,2
Delhi SW DC,VIRGO SOFTECH LIMITED,505,44
Delhi Urban Shelter Improvemen,Tera Software Ltd,0,2
Delhi- South DC,Karvy Computershare Private Li,525,73
Delhi- South DC,Smart Chip Limited,118,5
Delhi- South DC,eCentric solutions pvt ltd,2,0
Delhi- West DC,Matrix Processing House,2,0
Delhi- West DC,Smart Chip Limited,36,5
Delhi- West DC,VIRGO SOFTECH LIMITED,534,70
Delhi-NW DC,Karvy Computershare Private Li,551,121
Delhi-NW DC,STRATEGIC OUTSOURCING SERVICE,0,1
Dept of ITC Govt of Rajasthan,ATISHAY INFOTECH PVT. LTD.,7902,332
Dept of ITC Govt of Rajasthan,AVVAS INFOTECH PVT  LTD,5152,73
Dept of ITC Govt of Rajasthan,Alankit Finsec Ltd,2173,77
Dept of ITC Govt of Rajasthan,DATASOFT COMPUTER SERVICES(P),9130,443
Dept of ITC Govt of Rajasthan,TechSmart India Pvt Ltd,843,9
Dept of ITC Govt of Rajasthan,Transline Technologies P Ltd,5538,53
Dept of ITC Govt of Rajasthan,Vakrangee Softwares Limited,7731,477
Dept of ITC Govt of Rajasthan,Vayam technologies Ltd,3864,103
FCR Govt of Haryana,Vakrangee Softwares Limited,584,233
FCS Govt of Punjab,Alankit Assignments Limited,13,9
FCS Govt of Punjab,Alankit Finsec Ltd,2,1
FCS Govt of Punjab,Alankit Life Care Ltd,0,1
FCS Govt of Punjab,CSS TECHNERGY LIMITED,1069,46
FCS Govt of Punjab,Delhi Integrated MMTS Ltd,4,2
FCS Govt of Punjab,Diwakar Commercials Pvt Ltd,1,3
FCS Govt of Punjab,Karvy Computershare Private Li,4745,697
FCS Govt of Punjab,VIRGO SOFTECH LIMITED,8,1
FCS Govt of Punjab,Vayam technologies Ltd,5899,298
FCS Govt of Punjab,eCentric solutions pvt ltd,6528,313
Govt of Andhra Pradesh,Gouthami Educational Society,703,43
Govt of Andhra Pradesh,GrapeSoft,760,155
Govt of Andhra Pradesh,IL&FS LTD,3,0
Govt of Andhra Pradesh,INFRONICS SYSTEMS LTD,5907,243
Govt of Andhra Pradesh,Madras Security Printers Ltd,48,8
Govt of Andhra Pradesh,SREEVEN INFOCOM LIMITED,1206,30
Govt of Andhra Pradesh,TechSmart India Pvt Ltd,6868,399
Govt of Andhra Pradesh,Tera Software Ltd,2258,78
Govt of Andhra Pradesh,eCentric solutions pvt ltd,11,15
Govt of Goa,COMAT TECHNOLOGIES P LTD,0,1
Govt of Goa,MARS Telecom Systems Pvt Ltd,296,35
Govt of Goa,Tera Software Ltd,0,10
Govt of Gujarat,GSS Infotech Ltd,5769,124
Govt of Gujarat,Karvy Computershare Private Li,8747,155
Govt of Gujarat,Silver Touch Technologies Ltd,8031,186
Govt of Gujarat,Tera Software Ltd,4269,203
Govt of Gujarat,Transline Technologies P Ltd,1282,57
Govt of Gujarat,Vayam technologies Ltd,4480,132
Govt of Gujarat,eCentric solutions pvt ltd,1889,197
Govt of Himachal Pradesh,IL&FS LTD,0,1
Govt of Himachal Pradesh,Wipro Ltd,2922,190
Govt of Himachal Pradesh,i-Grandee SoftwareTechnologies,3281,69
Govt of Karnataka ,GLODYNE TECHNOSERVE,0,6
Govt of Karnataka ,Integra Micro Systems Pvt.ltd,1,1
Govt of Karnataka ,MARS Telecom Systems Pvt Ltd,8109,151
Govt of Karnataka ,Ninestars Information Technologies Ltd,5228,251
Govt of Karnataka ,Origin ITFS Pvt Ltd,7614,94
Govt of Karnataka ,SREEVEN INFOCOM LIMITED,5043,151
Govt of Karnataka ,Tera Software Ltd,0,1
Govt of Kerala,Akshaya,13530,658
Govt of Kerala,Keltron,4634,736
Govt of Madhya Pradesh,VIRGO SOFTECH LIMITED,1717,289
Govt of Maharashtra,Alankit Assignments Limited,2,1
Govt of Maharashtra,Alankit Finsec Ltd,7274,219
Govt of Maharashtra,Eagle press pvt ltd,878,3
Govt of Maharashtra,GLODYNE TECHNOSERVE,146,7
Govt of Maharashtra,Karvy Computershare Private Li,10836,355
Govt of Maharashtra,M/s. Vidya Online  Pune,75,8
Govt of Maharashtra,Mahaonline Limited,3,254
Govt of Maharashtra,Narayana Electricals Solution Pvt Ltd,266,3
Govt of Maharashtra,Netlink software Pvt Ltd,1768,49
Govt of Maharashtra,Network for Information & Computer,116,1
Govt of Maharashtra,Obel projects Pvt Ltd,485,2
Govt of Maharashtra,Rudranee Infotech Ltd,47,6
Govt of Maharashtra,SHREERAM PRINTING PRESS,426,9
Govt of Maharashtra,STRATEGIC OUTSOURCING SERVICE,5324,77
Govt of Maharashtra,Silver Touch Technologies Ltd,3000,35
Govt of Maharashtra,Smart Chip Limited,1,0
Govt of Maharashtra,Systematic & Advance Const P L,275,4
Govt of Maharashtra,TEAM LIFE CARE COMPANY INDIA P,90,0
Govt of Maharashtra,TechSmart India Pvt Ltd,8803,158
Govt of Maharashtra,Tera Software Ltd,97,31
Govt of Maharashtra,Transline Technologies P Ltd,2282,94
Govt of Maharashtra,Wep Solution India Limited,0,1
Govt of Maharashtra,Wipro Ltd,9464,195
Govt of Sikkim - Dept of Econo,4G IDENTITY SOLUTIONS,3,1
Govt of Sikkim - Dept of Econo,Department of Economics Statistics  Monitoring and Evaluation DESME,57,3
IDBI Bank ltd,ATISHAY INFOTECH PVT. LTD.,511,25
IDBI Bank ltd,Matrix Processing House,220,3
IDBI Bank ltd,Pioneer E Labs limited,10,0
IDBI Bank ltd,SREEVEN INFOCOM LIMITED,1686,16
IDBI Bank ltd,UTI TECHNOLOGY SERVICES LIMITE,775,26
Indiapost,4G IDENTITY SOLUTIONS,6,14
Indiapost,COMAT TECHNOLOGIES P LTD,0,3
Indiapost,CSS TECHNERGY LIMITED,0,1
Indiapost,Delhi Integrated MMTS Ltd,10716,244
Indiapost,GLODYNE TECHNOSERVE,73,2
Indiapost,IL&FS LTD,1,0
Indiapost,M/S STAR DATA CENTRE,8,0
Indiapost,MARS Telecom Systems Pvt Ltd,439,67
Indiapost,Smart Chip Limited,236,9
Indiapost,TEAM LIFE CARE COMPANY INDIA P,8012,141
Indiapost,The NSIC ltd,1,11
Indiapost,UTI TECHNOLOGY SERVICES LIMITE,0,4
Indiapost,Vayam technologies Ltd,22,0
Indiapost,WEBEL,6,1
Information Technology & Communication Department,4G INFORMATICS,8894,189
Information Technology & Communication Department,BNR UDYOG LIMITED,1360,23
Information Technology & Communication Department,Bloom Solutions Pvt Ltd,3730,71
Information Technology & Communication Department,CSS TECHNERGY LIMITED,1254,43
Information Technology & Communication Department,GDC Advertising Pvt. Limited,2027,50
Information Technology & Communication Department,JYOTHI COMPUTER SERVICES,2781,83
Information Technology & Communication Department,Karvy Data Management Services,650,4
Information Technology & Communication Department,MARS Telecom Systems Pvt Ltd,2184,74
Information Technology & Communication Department,SREEVEN INFOCOM LIMITED,2007,62
Information Technology & Communication Department,Tera Software Ltd,478,5
Jammu and Kashmir Bank,COMTECH INSTITUTE OFTECHNOLOGY,0,1
Jharkhand,Alankit Assignments Limited,382,17
Jharkhand,Blue Circle Instrument,266,8
Jharkhand,Emdee Digitronics Pvt.Ltd.,784,20
Jharkhand,IL&FS LTD,4,0
Jharkhand,MKS Enterprises,1125,85
Jharkhand,Nevaeh Technology Pvt. Ltd.,1156,8
Jharkhand,STRATEGIC OUTSOURCING SERVICE,481,30
Jharkhand,Systematic & Advance Const P L,2492,38
Jharkhand,VISION COMPTECH INTEGRATOR LTD,1344,15
Jharkhand,Wipro Ltd,4020,172
Mission Convergence - GNCT Del,Alankit Assignments Limited,0,5
Mission Convergence - GNCT Del,Karvy Computershare Private Li,376,53
Mission Convergence - GNCT Del,NVR & ASSOCIATES LIMITED,26,13
Mission Convergence - GNCT Del,STRATEGIC OUTSOURCING SERVICE,0,3
NSDL e-Governance Infrastructure Limited,Abhipra Capital Ltd,2245,78
NSDL e-Governance Infrastructure Limited,Alankit Assignments Limited,5501,85
NSDL e-Governance Infrastructure Limited,Delhi Integrated MMTS Ltd,423,32
NSDL e-Governance Infrastructure Limited,INTEGRATED REGISTRY SERVICES,59,0
NSDL e-Governance Infrastructure Limited,Karvy Data Management Services,27771,435
NSDL e-Governance Infrastructure Limited,Netlink software Pvt Ltd,2566,74
NSDL e-Governance Infrastructure Limited,PROWIZ MANSYTEMS PVT LTD,4692,80
NSDL e-Governance Infrastructure Limited,TEAM LIFE CARE COMPANY INDIA P,1684,12
NSDL e-Governance Infrastructure Limited,VIRGO SOFTECH LIMITED,3688,32
Oriental Bank of Commerce,DATASOFT COMPUTER SERVICES(P),500,12
Oriental Bank of Commerce,Euro Finmart Ltd,510,5
Oriental Bank of Commerce,FINANCIAL INFORMATION NETWORK,79,3
Oriental Bank of Commerce,JNET Technologies Pvt.Ltd,218,6
Oriental Bank of Commerce,Redim Software Technologies Pvt Ltd,355,4
Oriental Bank of Commerce,Sri Ramraja Sarkar Lok Kalyan Trust,2133,70
Oriental Bank of Commerce,The NSIC ltd,0,3
Oriental Bank of Commerce,Wipro Ltd,5838,276
Punjab and Sind Bank,Matrix Processing House,11,0
RDD Govt of Tripura,Alankit Assignments Limited,3,0
Registrar General India - BEL,In Media Computer Services LLP,4,3
Registrar General India - BEL,Manipur Electronics Dev Corp,17,2
Registrar General India - BEL,Swathy Smartcards Hi-Tech Pvt,113,9
Registrar General India BEL2,Alankit Assignments Limited,644,23
Registrar General India BEL2,Computer LAB,1992,873
Registrar General India BEL2,India Computer Technology,10215,917
Registrar General India BEL2,Madras Security Printers Ltd,10585,764
Registrar General India BEL2,Multiwave Innovation,3254,784
Registrar General India BEL2,Netlink software Pvt Ltd,774,30
Registrar General India BEL2,Nielsen  India  Private Limited,100,21
Registrar General India BEL2,Om Softwares,2552,154
Registrar General India BEL2,SREEVEN INFOCOM LIMITED,85,68
Registrar General India BEL2,STRATEGIC OUTSOURCING SERVICE,394,123
Registrar General India BEL2,Swathy Smartcards Hi-Tech Pvt,45743,2304
Registrar General India BEL2,Swiss Tech India Pvt Ltd,2015,350
Registrar General India BEL2,Tera Software Ltd,3392,5955
Registrar General India BEL2,VIRGO SOFTECH LIMITED,32,35
Registrar General India BEL2,Vansh Infotech Pvt Ltd,802,8
Registrar General India BEL2,Vedavaag Systems Limited,79,0
Registrar General India ECIL,AVVAS INFOTECH PVT  LTD,792,11
Registrar General India ECIL,BUSINESS INFORMATION PROCESSING SERVICES,63,0
Registrar General India ECIL,COMTECH INSTITUTE OFTECHNOLOGY,710,0
Registrar General India ECIL,COMTECHINFO SOLUTIONS PVT.LTD,46,0
Registrar General India ECIL,Clairvoyance Technologies Pvt.,680,43
Registrar General India ECIL,Computer LAB,8399,12187
Registrar General India ECIL,Eagle Software India Pvt. Ltd,593,2925
Registrar General India ECIL,In Media Computer Services LLP,817,293
Registrar General India ECIL,India Computer Technology,1821,3803
Registrar General India ECIL,Karvy Data Management Services,178,1
Registrar General India ECIL,Krishna Infotech,578,939
Registrar General India ECIL,Madras Security Printers Ltd,4955,4014
Registrar General India ECIL,Netwing Technologies Pvt Ltd,267,0
Registrar General India ECIL,Nielsen  India  Private Limited,416,1
Registrar General India ECIL,Pioneer E Labs limited,66,11
Registrar General India ECIL,SWISSTECH NPR 57CR PROJECT PVT,4766,1740
Registrar General India ECIL,Tera Software Ltd,1791,3353
Registrar General India ECIL,Vedavaag Systems Limited,1528,362
Registrar General India Others,AVVAS INFOTECH PVT  LTD,0,1
Registrar General India Others,Alankit Assignments Limited,1,0
Registrar General India Others,COMTECHINFO SOLUTIONS PVT.LTD,15,1
Registrar General India Others,Chinar Construction Company Prime agency,1,0
Registrar General India Others,Clairvoyance Technologies Pvt.,1,0
Registrar General India Others,Computer LAB,1,9
Registrar General India Others,Eagle Software India Pvt. Ltd,2,0
Registrar General India Others,Emdee Digitronics Pvt.Ltd.,2,1
Registrar General India Others,Esoft Consulting Limited,1,0
Registrar General India Others,In Media Computer Services LLP,18,0
Registrar General India Others,India Computer Technology,20,1
Registrar General India Others,Karvy Data Management Services,1,0
Registrar General India Others,Krishna Infotech,0,3
Registrar General India Others,Madras Security Printers Ltd,55,5
Registrar General India Others,Mphasis Ltd,1,0
Registrar General India Others,Multiwave Innovation,3,0
Registrar General India Others,Netwing Technologies Pvt Ltd,0,1
Registrar General India Others,Nielsen  India  Private Limited,1,1
Registrar General India Others,STRATEGIC OUTSOURCING SERVICE,3,0
Registrar General India Others,Swathy Smartcards Hi-Tech Pvt,8,30
Registrar General India Others,Swiss Tech India Pvt Ltd,0,1
Registrar General India Others,Vedavaag Systems Limited,1,0
Registrar General India Others,WEBEL TECHNOLOGY LIMITED,0,10
Registrar General of India ITI,COMTECH INSTITUTE OFTECHNOLOGY,101,1
Registrar General of India ITI,CSS TECHNERGY LIMITED,59,0
Registrar General of India ITI,CommunitiWorks Welfare Society,442,1
Registrar General of India ITI,Eagle Software India Pvt. Ltd,911,10
Registrar General of India ITI,Emdee Digitronics Pvt.Ltd.,53476,5879
Registrar General of India ITI,Madras Security Printers Ltd,0,3
Registrar General of India ITI,Mphasis Ltd,33,0
Registrar General of India ITI,Multiwave Innovation,0,6
Registrar General of India ITI,Netwing Technologies Pvt Ltd,126,1
Registrar General of India ITI,Nielsen  India  Private Limited,1040,1
Registrar General of India ITI,SREEVEN INFOCOM LIMITED,175,1
Registrar General of India ITI,STRATEGIC OUTSOURCING SERVICE,479,6
Registrar General of India ITI,Swathy Smartcards Hi-Tech Pvt,17337,7294
Registrar General of India ITI,TechSmart India Pvt Ltd,49,731
Registrar General of India ITI,VIRGO SOFTECH LIMITED,5,0
Registrar General of India ITI,Vedavaag Systems Limited,347,0
Registrar General of India ITI,WEBEL TECHNOLOGY LIMITED,2392,1347
STATE BANK OF PATIALA,CSS TECHNERGY LIMITED,6,0
State Bank of Bikaner & Jaipur,Multiwave Innovation,6263,210
State Bank of India,4G IDENTITY SOLUTIONS,3,4
State Bank of India,CSS TECHNERGY LIMITED,0,8
State Bank of India,Delhi Integrated MMTS Ltd,0,1
State Bank of India,IL&FS LTD,1,0
State Bank of India,Smart Chip Limited,1,0
State Bank of India,VIRGO SOFTECH LIMITED,2,2
State Bank of Travancore,Tera Software Ltd,95,12
UDD Govt of Jharkhand,Blue Circle Instrument,782,19
UDD Govt of Jharkhand,MKS Enterprises,1697,120
UDD Govt of Jharkhand,Systematic & Advance Const P L,356,51
UDD Govt of Jharkhand,Vayam technologies Ltd,112,2
UIDAI-Registrar,UIDAI-EA,25,0
UT Of Daman and Diu,Alankit Assignments Limited,233,4
UT of Puducherry,Madras Security Printers Ltd,174,44
Union Bank,4G IDENTITY SOLUTIONS,1,15
Union Bank,FINANCIAL INFORMATION NETWORK,10028,405
Union Bank,Smart Chip Limited,13690,535
Union Bank,Vakrangee Softwares Limited,45805,1074
