Registrar,Enrolment Agency,Aadhaar generated,Enrolment Rejected
Allahabad Bank,Tera Software Ltd,1,0
Allahabad Bank,Vakrangee Softwares Limited,23466,67
Bank Of India,A3 Logics  India  Ltd,2158,47
Bank Of India,Akanksha International,1151,11
Bank Of India,Blue Circle Instrument,105,1
Bank Of India,CHESSY CONSULTANTS PVT LTD,1573,16
Bank Of India,DATASOFT COMPUTER SERVICES(P),273,5
Bank Of India,Emdee Digitronics Pvt.Ltd.,489,0
Bank Of India,Frontech Systems Pvt Ltd,5075,29
Bank Of India,ITI LIMITED,101,0
Bank Of India,MANTRA SOFTTECH (INDIA) PVTLTD,766,1
Bank Of India,Matrix Processing House,5590,123
Bank Of India,OPTIMIX CONSULTANCY PRIVATE LT,3,0
Bank Of India,OSWAL COMPUTERS & CONSULTANTS,5319,112
Bank Of India,PROTEX COMPUTER PVT LTD,892,8
Bank Of India,SARADA SYSTEMS,2669,3
Bank Of India,SHRIKRISHNA KHANDASARI SUGAR M,5864,95
Bank Of India,SPANCO,2048,21
Bank Of India,SREI INFRASTRUCTURE FINANCES L,4170,13
Bank Of India,Silver Touch Technologies Ltd,2477,26
Bank Of India,Systematic & Advance Const P L,8143,170
Bank Of India,VEETECHNOLOGIES PVT. LTD,1823,11
Bank Of India,Vakrangee Softwares Limited,6438,61
Bank of Baroda,IL&FS LTD,1,0
Bank of Baroda,TEAM LIFE CARE COMPANY INDIA P,7306,31
Bank of Maharashtra,Alankit Finsec Ltd,27,0
Bank of Maharashtra,FINANCIAL INFORMATION NETWORK,253,0
Bank of Maharashtra,Micro Technologies India Ltd,1360,5
CSC e-Governance Services India Limited,A I Soc for Electronics and Comp Tech,1100,24
CSC e-Governance Services India Limited,AKSH OPTIFIBRE LIMITED,168,1
CSC e-Governance Services India Limited,BASIX,139,3
CSC e-Governance Services India Limited,CALANCE SOFTWARE PRIVATE LTD,114,25
CSC e-Governance Services India Limited,CMS Computers Ltd,24,13
CSC e-Governance Services India Limited,Intelligent Communication Systems India Limited,8,0
CSC e-Governance Services India Limited,Network for Information & Computer,2290,28
CSC e-Governance Services India Limited,SPANCO,273,3
CSC e-Governance Services India Limited,United Telecoms e-Services Pvt Ltd,320,1
Central Bank of India,CALANCE SOFTWARE PRIVATE LTD,2964,18
Central Bank of India,Frontech Systems Pvt Ltd,1,0
Central Bank of India,IAP COMPANY Pvt. Ltd,8901,61
Central Bank of India,MANTRA SOFTTECH (INDIA) PVTLTD,110,5
Central Bank of India,The Peerless General Finance,2497,16
DENA BANK,ATISHAY INFOTECH PVT. LTD.,289,1
DENA BANK,DATASOFT COMPUTER SERVICES(P),35,1
DENA BANK,Multiwave Innovation,125,4
DENA BANK,Netlink software Pvt Ltd,2,0
DENA BANK,Society for Advancement of Environmental Science,1,6
Delhi - Central DC,Smart Chip Limited,224,29
Delhi - East DC,DATASOFT COMPUTER SERVICES(P),625,38
Delhi - ND DC,Smart Chip Limited,76,3
Delhi - NE DC,Smart Chip Limited,633,230
Delhi - North DC,CALANCE SOFTWARE PRIVATE LTD,588,67
Delhi - North DC,NVR & ASSOCIATES LIMITED,735,346
Delhi - North DC,Smart Chip Limited,273,5
Delhi SW DC,VIRGO SOFTECH LIMITED,70,2
Delhi- South DC,Karvy Computershare Private Li,652,2
Delhi- South DC,Smart Chip Limited,46,3
Delhi- West DC,Smart Chip Limited,83,1
Delhi- West DC,VIRGO SOFTECH LIMITED,222,2
Delhi-NW DC,Karvy Computershare Private Li,247,57
Department of Information Technology Govt of Jharkhand,Blue Circle Instrument,1148,33
Department of Information Technology Govt of Jharkhand,MKS Enterprises,884,69
Department of Information Technology Govt of Jharkhand,Systematic & Advance Const P L,308,2
Department of Information Technology Govt of Jharkhand,Vayam technologies Ltd,74,11
Dept of ITC Govt of Rajasthan,ATISHAY INFOTECH PVT. LTD.,4963,66
Dept of ITC Govt of Rajasthan,AVVAS INFOTECH PVT  LTD,15138,31
Dept of ITC Govt of Rajasthan,Alankit Finsec Ltd,1409,14
Dept of ITC Govt of Rajasthan,DATASOFT COMPUTER SERVICES(P),5516,84
Dept of ITC Govt of Rajasthan,Multiwave Innovation,137,4
Dept of ITC Govt of Rajasthan,Netlink software Pvt Ltd,0,41
Dept of ITC Govt of Rajasthan,TechSmart India Pvt Ltd,1676,8
Dept of ITC Govt of Rajasthan,Transline Technologies P Ltd,10751,141
Dept of ITC Govt of Rajasthan,Vakrangee Softwares Limited,21202,479
Dept of ITC Govt of Rajasthan,Vayam technologies Ltd,27489,642
FCR Govt of Haryana,Vakrangee Softwares Limited,879,19
FCS Govt of Punjab,CSS TECHNERGY LIMITED,1271,5
FCS Govt of Punjab,Karvy Computershare Private Li,4753,57
FCS Govt of Punjab,Vayam technologies Ltd,12952,92
FCS Govt of Punjab,eCentric solutions pvt ltd,6290,258
Govt of Andhra Pradesh,Gouthami Educational Society,424,2
Govt of Andhra Pradesh,GrapeSoft,9476,38
Govt of Andhra Pradesh,IL&FS LTD,874,0
Govt of Andhra Pradesh,INFRONICS SYSTEMS LTD,14054,41
Govt of Andhra Pradesh,Madras Security Printers Ltd,29,0
Govt of Andhra Pradesh,SREEVEN INFOCOM LIMITED,469,0
Govt of Andhra Pradesh,TechSmart India Pvt Ltd,17198,44
Govt of Andhra Pradesh,Tera Software Ltd,14104,30
Govt of Andhra Pradesh,eCentric solutions pvt ltd,1,0
Govt of Goa,MARS Telecom Systems Pvt Ltd,812,9
Govt of Goa,Tera Software Ltd,1,0
Govt of Gujarat,GSS Infotech Ltd,4912,18
Govt of Gujarat,Karvy Computershare Private Li,6289,9
Govt of Gujarat,Silver Touch Technologies Ltd,24634,454
Govt of Gujarat,Tera Software Ltd,4800,30
Govt of Gujarat,Transline Technologies P Ltd,2002,51
Govt of Gujarat,Vayam technologies Ltd,12168,379
Govt of Gujarat,eCentric solutions pvt ltd,2609,32
Govt of Himachal Pradesh,Wipro Ltd,1504,67
Govt of Himachal Pradesh,i-Grandee SoftwareTechnologies,3092,4
Govt of Karnataka ,MARS Telecom Systems Pvt Ltd,7058,26
Govt of Karnataka ,Ninestars Information Technologies Ltd,4612,92
Govt of Karnataka ,Origin ITFS Pvt Ltd,11566,1357
Govt of Karnataka ,SREEVEN INFOCOM LIMITED,5241,40
Govt of Kerala,Akshaya,7878,114
Govt of Kerala,Keltron,5995,16
Govt of Madhya Pradesh,VIRGO SOFTECH LIMITED,2,0
Govt of Maharashtra,Alankit Finsec Ltd,4963,17
Govt of Maharashtra,Eagle press pvt ltd,6151,18
Govt of Maharashtra,GLODYNE TECHNOSERVE,296,6
Govt of Maharashtra,Karvy Computershare Private Li,5502,41
Govt of Maharashtra,M/s. Vidya Online  Pune,373,0
Govt of Maharashtra,Narayana Electricals Solution Pvt Ltd,5167,16
Govt of Maharashtra,Netlink software Pvt Ltd,5840,228
Govt of Maharashtra,Network for Information & Computer,111,0
Govt of Maharashtra,Obel projects Pvt Ltd,34,20
Govt of Maharashtra,Rudranee Infotech Ltd,2756,40
Govt of Maharashtra,SHREERAM PRINTING PRESS,2757,3
Govt of Maharashtra,SPANCO,1146,11
Govt of Maharashtra,STRATEGIC OUTSOURCING SERVICE,3910,27
Govt of Maharashtra,Silver Touch Technologies Ltd,9342,19
Govt of Maharashtra,Smart Chip Limited,1,0
Govt of Maharashtra,Systematic & Advance Const P L,120,0
Govt of Maharashtra,TEAM LIFE CARE COMPANY INDIA P,186,0
Govt of Maharashtra,TechSmart India Pvt Ltd,5088,65
Govt of Maharashtra,Tera Software Ltd,7,1
Govt of Maharashtra,Transline Technologies P Ltd,1813,18
Govt of Maharashtra,Wipro Ltd,17142,78
Govt of Sikkim - Dept of Econo,Department of Economics Statistics  Monitoring and Evaluation DESME,100,0
IDBI Bank ltd,ATISHAY INFOTECH PVT. LTD.,881,31
IDBI Bank ltd,Matrix Processing House,174,2
IDBI Bank ltd,Pioneer E Labs limited,39,0
IDBI Bank ltd,SREEVEN INFOCOM LIMITED,5142,23
IDBI Bank ltd,UTI TECHNOLOGY SERVICES LIMITE,2850,30
Indiapost,Delhi Integrated MMTS Ltd,4831,16
Indiapost,GLODYNE TECHNOSERVE,7,0
Indiapost,M/S STAR DATA CENTRE,12,13
Indiapost,MARS Telecom Systems Pvt Ltd,3253,8
Indiapost,Madras Security Printers Ltd,15,0
Indiapost,Smart Chip Limited,483,4
Indiapost,TEAM LIFE CARE COMPANY INDIA P,4583,25
Indiapost,The NSIC ltd,1,0
Indiapost,Vayam technologies Ltd,180,24
Indiapost,WEBEL,8,11
Information Technology & Communication Department,4G INFORMATICS,8461,138
Information Technology & Communication Department,BNR UDYOG LIMITED,3269,26
Information Technology & Communication Department,Bloom Solutions Pvt Ltd,7884,19
Information Technology & Communication Department,CSS TECHNERGY LIMITED,569,1
Information Technology & Communication Department,GDC Advertising Pvt. Limited,1934,6
Information Technology & Communication Department,JYOTHI COMPUTER SERVICES,3877,57
Information Technology & Communication Department,Karvy Data Management Services,518,0
Information Technology & Communication Department,MARS Telecom Systems Pvt Ltd,3631,26
Information Technology & Communication Department,SREEVEN INFOCOM LIMITED,3305,129
Information Technology & Communication Department,Tera Software Ltd,1768,6
Jharkhand,Alankit Assignments Limited,227,8
Jharkhand,Blue Circle Instrument,142,1
Jharkhand,Emdee Digitronics Pvt.Ltd.,386,0
Jharkhand,MKS Enterprises,391,196
Jharkhand,Nevaeh Technology Pvt. Ltd.,408,4
Jharkhand,STRATEGIC OUTSOURCING SERVICE,186,0
Jharkhand,Systematic & Advance Const P L,1966,8
Jharkhand,VISION COMPTECH INTEGRATOR LTD,971,11
Jharkhand,Wipro Ltd,5366,79
Mission Convergence - GNCT Del,Karvy Computershare Private Li,346,1
Mission Convergence - GNCT Del,NVR & ASSOCIATES LIMITED,79,97
NSDL e-Governance Infrastructure Limited,Abhipra Capital Ltd,1838,40
NSDL e-Governance Infrastructure Limited,Alankit Assignments Limited,3167,40
NSDL e-Governance Infrastructure Limited,Delhi Integrated MMTS Ltd,488,16
NSDL e-Governance Infrastructure Limited,INTEGRATED REGISTRY SERVICES LTD,38,0
NSDL e-Governance Infrastructure Limited,Karvy Data Management Services,27560,214
NSDL e-Governance Infrastructure Limited,Netlink software Pvt Ltd,8735,516
NSDL e-Governance Infrastructure Limited,PROWIZ MANSYTEMS PVT LTD,1267,56
NSDL e-Governance Infrastructure Limited,TEAM LIFE CARE COMPANY INDIA P,927,4
NSDL e-Governance Infrastructure Limited,VIRGO SOFTECH LIMITED,2370,16
Oriental Bank of Commerce,DATASOFT COMPUTER SERVICES(P),670,6
Oriental Bank of Commerce,Euro Finmart Ltd,468,4
Oriental Bank of Commerce,FINANCIAL INFORMATION NETWORK,40,0
Oriental Bank of Commerce,JNET Technologies Pvt.Ltd,221,86
Oriental Bank of Commerce,Redim Software Technologies Pvt Ltd,490,8
Oriental Bank of Commerce,Sri Ramraja Sarkar Lok Kalyan Trust,10334,288
Oriental Bank of Commerce,Wipro Ltd,3016,70
Punjab and Sind Bank,Matrix Processing House,4,0
Registrar General India - BEL,Swathy Smartcards Hi-Tech Pvt,31,0
Registrar General India BEL2,Alankit Assignments Limited,656,0
Registrar General India BEL2,Computer LAB,6871,40
Registrar General India BEL2,Emdee Digitronics Pvt.Ltd.,27,2
Registrar General India BEL2,India Computer Technology,10776,173
Registrar General India BEL2,MACRO INFOTECH PVT LTD,797,0
Registrar General India BEL2,Madras Security Printers Ltd,11526,636
Registrar General India BEL2,Multiwave Innovation,1996,714
Registrar General India BEL2,Netlink software Pvt Ltd,589,3
Registrar General India BEL2,Nielsen  India  Private Limited,2077,1
Registrar General India BEL2,Om Softwares,7668,0
Registrar General India BEL2,SREEVEN INFOCOM LIMITED,95,0
Registrar General India BEL2,STRATEGIC OUTSOURCING SERVICE,872,23
Registrar General India BEL2,Satyanarayana Raju Company Pvt ltd,81,0
Registrar General India BEL2,Swathy Smartcards Hi-Tech Pvt,66245,31
Registrar General India BEL2,Swiss Tech India Pvt Ltd,11824,8
Registrar General India BEL2,Tera Software Ltd,8810,285
Registrar General India BEL2,UNITED DATA SERVICES PRIVATE LIMITED,13,0
Registrar General India BEL2,Vansh Infotech Pvt Ltd,10414,13
Registrar General India BEL2,Vedavaag Systems Limited,5638,10
Registrar General India ECIL,AVVAS INFOTECH PVT  LTD,8179,1
Registrar General India ECIL,BUSINESS INFORMATION PROCESSING SERVICES,84,0
Registrar General India ECIL,COMTECH INSTITUTE OFTECHNOLOGY,6297,0
Registrar General India ECIL,COMTECHINFO SOLUTIONS PVT.LTD,118,8
Registrar General India ECIL,Clairvoyance Technologies Pvt.,457,0
Registrar General India ECIL,Computer LAB,6886,2226
Registrar General India ECIL,Eagle Software India Pvt. Ltd,1711,1
Registrar General India ECIL,In Media Computer Services LLP,78,8
Registrar General India ECIL,India Computer Technology,3791,0
Registrar General India ECIL,Karvy Data Management Services,7394,0
Registrar General India ECIL,Krishna Infotech,8136,3
Registrar General India ECIL,Madras Security Printers Ltd,3376,21293
Registrar General India ECIL,Netwing Technologies Pvt Ltd,2047,14
Registrar General India ECIL,Nielsen  India  Private Limited,11752,1
Registrar General India ECIL,Pioneer E Labs limited,1,2
Registrar General India ECIL,SWISSTECH NPR 57CR PROJECT PVT,3768,10
Registrar General India ECIL,Tera Software Ltd,7351,1
Registrar General India ECIL,Vedavaag Systems Limited,6296,18
Registrar General India Others,COMTECH INSTITUTE OFTECHNOLOGY,2,0
Registrar General India Others,COMTECHINFO SOLUTIONS PVT.LTD,3,0
Registrar General India Others,CSS TECHNERGY LIMITED,11,0
Registrar General India Others,Clairvoyance Technologies Pvt.,1,0
Registrar General India Others,Computer LAB,29,0
Registrar General India Others,In Media Computer Services LLP,3,0
Registrar General India Others,Madras Security Printers Ltd,1,0
Registrar General India Others,Mphasis Ltd,20,0
Registrar General India Others,Om Softwares,1,0
Registrar General India Others,STRATEGIC OUTSOURCING SERVICE,7,0
Registrar General India Others,Swathy Smartcards Hi-Tech Pvt,106,0
Registrar General India Others,Swiss Tech India Pvt Ltd,8,0
Registrar General India Others,Vansh Infotech Pvt Ltd,0,1
Registrar General India Others,Vedavaag Systems Limited,2,0
Registrar General of India ITI,COMTECH INSTITUTE OFTECHNOLOGY,3,0
Registrar General of India ITI,CSS TECHNERGY LIMITED,137,0
Registrar General of India ITI,CommunitiWorks Welfare Society,1490,0
Registrar General of India ITI,Eagle Software India Pvt. Ltd,1087,3
Registrar General of India ITI,Emdee Digitronics Pvt.Ltd.,29622,10
Registrar General of India ITI,Madras Security Printers Ltd,6,1
Registrar General of India ITI,Mphasis Ltd,20,3
Registrar General of India ITI,Multiwave Innovation,0,1
Registrar General of India ITI,Netlink software Pvt Ltd,0,1
Registrar General of India ITI,Netwing Technologies Pvt Ltd,118,69
Registrar General of India ITI,Nielsen  India  Private Limited,199,6
Registrar General of India ITI,SREEVEN INFOCOM LIMITED,412,0
Registrar General of India ITI,STRATEGIC OUTSOURCING SERVICE,1470,1
Registrar General of India ITI,Swathy Smartcards Hi-Tech Pvt,21774,36
Registrar General of India ITI,TechSmart India Pvt Ltd,16,2
Registrar General of India ITI,VIRGO SOFTECH LIMITED,99,0
Registrar General of India ITI,Vedavaag Systems Limited,12,0
Registrar General of India ITI,WEBEL TECHNOLOGY LIMITED,15319,1647
State Bank of Bikaner & Jaipur,Multiwave Innovation,4326,43
State Bank of Travancore,Tera Software Ltd,92,7
UIDAI-Registrar,UIDAI-EA,13,0
UT Of Daman and Diu,Alankit Assignments Limited,858,0
UT of Puducherry,Madras Security Printers Ltd,1556,2
Union Bank,FINANCIAL INFORMATION NETWORK,26201,37
Union Bank,Smart Chip Limited,10337,186
Union Bank,Vakrangee Softwares Limited,54661,681
