Registrar,Enrolment Agency,Aadhaar generated,Enrolment Rejected
Allahabad Bank,Tera Software Ltd,6,1
Allahabad Bank,Vakrangee Softwares Limited,25656,1015
Bank Of India,A3 Logics  India  Ltd,2854,97
Bank Of India,Akanksha International,1032,6
Bank Of India,Blue Circle Instrument,429,2
Bank Of India,CHESSY CONSULTANTS PVT LTD,1973,29
Bank Of India,DATASOFT COMPUTER SERVICES(P),722,9
Bank Of India,Emdee Digitronics Pvt.Ltd.,485,0
Bank Of India,Frontech Systems Pvt Ltd,3667,38
Bank Of India,ITI LIMITED,173,4
Bank Of India,MANTRA SOFTTECH (INDIA) PVTLTD,414,13
Bank Of India,Matrix Processing House,7010,177
Bank Of India,OPTIMIX CONSULTANCY PRIVATE LT,40,0
Bank Of India,OSWAL COMPUTERS & CONSULTANTS,7252,81
Bank Of India,PROTEX COMPUTER PVT LTD,589,16
Bank Of India,SARADA SYSTEMS,3465,12
Bank Of India,SHRIKRISHNA KHANDASARI SUGAR M,10348,105
Bank Of India,SPANCO,2164,24
Bank Of India,SREI INFRASTRUCTURE FINANCES L,3640,38
Bank Of India,Silver Touch Technologies Ltd,2920,26
Bank Of India,Systematic & Advance Const P L,6583,141
Bank Of India,VEETECHNOLOGIES PVT. LTD,2828,23
Bank Of India,Vakrangee Softwares Limited,3657,609
Bank of Baroda,TEAM LIFE CARE COMPANY INDIA P,3471,36
Bank of Maharashtra,Alankit Finsec Ltd,47,8
Bank of Maharashtra,FINANCIAL INFORMATION NETWORK,898,3
Bank of Maharashtra,Micro Technologies India Ltd,803,1
CSC e-Governance Services India Limited,A I Soc for Electronics and Comp Tech,1577,0
CSC e-Governance Services India Limited,AKSH OPTIFIBRE LIMITED,1230,0
CSC e-Governance Services India Limited,BASIX,431,3
CSC e-Governance Services India Limited,CALANCE SOFTWARE PRIVATE LTD,484,2
CSC e-Governance Services India Limited,CMS Computers Ltd,403,0
CSC e-Governance Services India Limited,Intelligent Communication Systems India Limited,7,1
CSC e-Governance Services India Limited,Network for Information & Computer,321,3
CSC e-Governance Services India Limited,Reliance Communication Limited,3,0
CSC e-Governance Services India Limited,SPANCO,150,1
CSC e-Governance Services India Limited,United Telecoms e-Services Pvt Ltd,118,1
Central Bank of India,CALANCE SOFTWARE PRIVATE LTD,4249,71
Central Bank of India,Frontech Systems Pvt Ltd,3,0
Central Bank of India,IAP COMPANY Pvt. Ltd,10566,94
Central Bank of India,MANTRA SOFTTECH (INDIA) PVTLTD,232,5
Central Bank of India,The Peerless General Finance,1966,35
DENA BANK,ATISHAY INFOTECH PVT. LTD.,213,5
DENA BANK,Business Information Processing Services,3,8
DENA BANK,DATASOFT COMPUTER SERVICES(P),371,2
DENA BANK,Multiwave Innovation,157,7
DENA BANK,Netlink software Pvt Ltd,2,0
DENA BANK,Society for Advancement of Environmental Science,33,19
Delhi - Central DC,Smart Chip Limited,948,10
Delhi - East DC,DATASOFT COMPUTER SERVICES(P),2482,78
Delhi - ND DC,Smart Chip Limited,251,5
Delhi - NE DC,Smart Chip Limited,909,76
Delhi - North DC,CALANCE SOFTWARE PRIVATE LTD,3003,78
Delhi - North DC,DATASOFT COMPUTER SERVICES(P),3,0
Delhi - North DC,NVR & ASSOCIATES LIMITED,2855,53
Delhi - North DC,Smart Chip Limited,561,6
Delhi SW DC,VIRGO SOFTECH LIMITED,1430,71
Delhi- South DC,Karvy Computershare Private Li,910,7
Delhi- South DC,Smart Chip Limited,498,0
Delhi- West DC,Smart Chip Limited,329,8
Delhi- West DC,VIRGO SOFTECH LIMITED,2373,42
Delhi-NW DC,Karvy Computershare Private Li,803,29
Department of Information Technology Govt of Jharkhand,Blue Circle Instrument,3362,42
Department of Information Technology Govt of Jharkhand,MKS Enterprises,1167,53
Department of Information Technology Govt of Jharkhand,Systematic & Advance Const P L,92,3
Department of Information Technology Govt of Jharkhand,Vayam technologies Ltd,240,0
Dept of ITC Govt of Rajasthan,ATISHAY INFOTECH PVT. LTD.,6165,101
Dept of ITC Govt of Rajasthan,AVVAS INFOTECH PVT  LTD,17049,104
Dept of ITC Govt of Rajasthan,Alankit Finsec Ltd,1907,34
Dept of ITC Govt of Rajasthan,Business Information Processing Services,2,2
Dept of ITC Govt of Rajasthan,DATASOFT COMPUTER SERVICES(P),13471,258
Dept of ITC Govt of Rajasthan,Gem Computers,1,18
Dept of ITC Govt of Rajasthan,Multiwave Innovation,224,3
Dept of ITC Govt of Rajasthan,Netlink software Pvt Ltd,77,0
Dept of ITC Govt of Rajasthan,TechSmart India Pvt Ltd,1281,12
Dept of ITC Govt of Rajasthan,Transline Technologies P Ltd,7253,74
Dept of ITC Govt of Rajasthan,Vakrangee Softwares Limited,12197,714
Dept of ITC Govt of Rajasthan,Vayam technologies Ltd,13009,101
FCR Govt of Haryana,Vakrangee Softwares Limited,283,65
FCS Govt of Punjab,CSS TECHNERGY LIMITED,880,33
FCS Govt of Punjab,Karvy Computershare Private Li,3054,358
FCS Govt of Punjab,Vayam technologies Ltd,6252,135
FCS Govt of Punjab,eCentric solutions pvt ltd,14553,188
Govt of Andhra Pradesh,Gouthami Educational Society,429,20
Govt of Andhra Pradesh,GrapeSoft,3071,30
Govt of Andhra Pradesh,IL&FS LTD,240,4
Govt of Andhra Pradesh,INFRONICS SYSTEMS LTD,8184,139
Govt of Andhra Pradesh,Madras Security Printers Ltd,3,0
Govt of Andhra Pradesh,SREEVEN INFOCOM LIMITED,712,16
Govt of Andhra Pradesh,TechSmart India Pvt Ltd,9348,157
Govt of Andhra Pradesh,Tera Software Ltd,6506,121
Govt of Andhra Pradesh,eCentric solutions pvt ltd,10,2
Govt of Goa,MARS Telecom Systems Pvt Ltd,442,26
Govt of Goa,Tera Software Ltd,4,0
Govt of Gujarat,GSS Infotech Ltd,3948,151
Govt of Gujarat,Karvy Computershare Private Li,5013,144
Govt of Gujarat,Silver Touch Technologies Ltd,19330,447
Govt of Gujarat,Tera Software Ltd,2657,530
Govt of Gujarat,Transline Technologies P Ltd,1994,26
Govt of Gujarat,Vayam technologies Ltd,7751,85
Govt of Gujarat,eCentric solutions pvt ltd,974,61
Govt of Himachal Pradesh,Wipro Ltd,3032,177
Govt of Himachal Pradesh,i-Grandee SoftwareTechnologies,1947,7
Govt of Karnataka ,MARS Telecom Systems Pvt Ltd,4989,189
Govt of Karnataka ,Ninestars Information Technologies Ltd,3869,191
Govt of Karnataka ,Origin ITFS Pvt Ltd,44534,144
Govt of Karnataka ,SREEVEN INFOCOM LIMITED,3403,236
Govt of Kerala,Akshaya,24528,306
Govt of Kerala,Keltron,3610,42
Govt of Maharashtra,Alankit Finsec Ltd,3674,79
Govt of Maharashtra,Eagle press pvt ltd,266,3
Govt of Maharashtra,GLODYNE TECHNOSERVE,607,1
Govt of Maharashtra,Karvy Computershare Private Li,13196,297
Govt of Maharashtra,M/S King Computer System pvt Ltd,1,0
Govt of Maharashtra,M/s. Vidya Online  Pune,775,1
Govt of Maharashtra,Narayana Electricals Solution Pvt Ltd,495,2
Govt of Maharashtra,Netlink software Pvt Ltd,5464,80
Govt of Maharashtra,Network for Information & Computer,73,1
Govt of Maharashtra,Obel projects Pvt Ltd,612,4
Govt of Maharashtra,Rudranee Infotech Ltd,5581,2
Govt of Maharashtra,SHREERAM PRINTING PRESS,2894,1
Govt of Maharashtra,SPANCO,595,2
Govt of Maharashtra,STRATEGIC OUTSOURCING SERVICE,6413,104
Govt of Maharashtra,Silver Touch Technologies Ltd,4669,40
Govt of Maharashtra,Systematic & Advance Const P L,810,2
Govt of Maharashtra,TEAM LIFE CARE COMPANY INDIA P,153,0
Govt of Maharashtra,TechSmart India Pvt Ltd,4148,75
Govt of Maharashtra,Tera Software Ltd,179,1
Govt of Maharashtra,Transline Technologies P Ltd,1089,32
Govt of Maharashtra,Wipro Ltd,10838,237
Govt of Sikkim - Dept of Econo,Department of Economics Statistics  Monitoring and Evaluation DESME,158,1
IDBI Bank ltd,ATISHAY INFOTECH PVT. LTD.,2199,23
IDBI Bank ltd,Matrix Processing House,281,6
IDBI Bank ltd,Pioneer E Labs limited,24,2
IDBI Bank ltd,SREEVEN INFOCOM LIMITED,3198,37
IDBI Bank ltd,UTI TECHNOLOGY SERVICES LIMITE,1264,12
Indiapost,Delhi Integrated MMTS Ltd,6759,75
Indiapost,GLODYNE TECHNOSERVE,7,2
Indiapost,M/S STAR DATA CENTRE,853,1
Indiapost,MARS Telecom Systems Pvt Ltd,2576,7
Indiapost,Smart Chip Limited,132,23
Indiapost,TEAM LIFE CARE COMPANY INDIA P,5525,111
Indiapost,Vayam technologies Ltd,374,26
Indiapost,WEBEL,903,100
Information Technology & Communication Department,4G INFORMATICS,19273,19
Information Technology & Communication Department,BNR UDYOG LIMITED,3456,20
Information Technology & Communication Department,Bloom Solutions Pvt Ltd,4432,76
Information Technology & Communication Department,CSS TECHNERGY LIMITED,819,5
Information Technology & Communication Department,GDC Advertising Pvt. Limited,3587,22
Information Technology & Communication Department,JYOTHI COMPUTER SERVICES,15693,3
Information Technology & Communication Department,Karvy Data Management Services,624,0
Information Technology & Communication Department,MARS Telecom Systems Pvt Ltd,3971,71
Information Technology & Communication Department,SREEVEN INFOCOM LIMITED,11626,27
Information Technology & Communication Department,Tera Software Ltd,1738,9
Jharkhand,Alankit Assignments Limited,621,29
Jharkhand,Blue Circle Instrument,224,7
Jharkhand,Emdee Digitronics Pvt.Ltd.,347,1
Jharkhand,MKS Enterprises,580,15
Jharkhand,Nevaeh Technology Pvt. Ltd.,596,6
Jharkhand,STRATEGIC OUTSOURCING SERVICE,455,5
Jharkhand,Systematic & Advance Const P L,1148,7
Jharkhand,VISION COMPTECH INTEGRATOR LTD,712,29
Jharkhand,Wipro Ltd,10918,229
Life Insurance Corporation,eCentric solutions pvt ltd,0,8
Mission Convergence - GNCT Del,IL&FS LTD,0,1
Mission Convergence - GNCT Del,Karvy Computershare Private Li,695,4
Mission Convergence - GNCT Del,NVR & ASSOCIATES LIMITED,496,80
NSDL e-Governance Infrastructure Limited,Abhipra Capital Ltd,3046,33
NSDL e-Governance Infrastructure Limited,Alankit Assignments Limited,4998,84
NSDL e-Governance Infrastructure Limited,Delhi Integrated MMTS Ltd,1175,42
NSDL e-Governance Infrastructure Limited,INTEGRATED REGISTRY SERVICES LTD,139,0
NSDL e-Governance Infrastructure Limited,Karvy Data Management Services,30595,290
NSDL e-Governance Infrastructure Limited,Netlink software Pvt Ltd,10773,45
NSDL e-Governance Infrastructure Limited,PROWIZ MANSYTEMS PVT LTD,2741,228
NSDL e-Governance Infrastructure Limited,TEAM LIFE CARE COMPANY INDIA P,1453,14
NSDL e-Governance Infrastructure Limited,VIRGO SOFTECH LIMITED,2234,308
Oriental Bank of Commerce,DATASOFT COMPUTER SERVICES(P),1689,14
Oriental Bank of Commerce,Euro Finmart Ltd,850,3
Oriental Bank of Commerce,FINANCIAL INFORMATION NETWORK,99,6
Oriental Bank of Commerce,IL&FS LTD,1,0
Oriental Bank of Commerce,JNET Technologies Pvt.Ltd,3105,3
Oriental Bank of Commerce,Redim Software Technologies Pvt Ltd,1571,5
Oriental Bank of Commerce,Sri Ramraja Sarkar Lok Kalyan Trust,3578,33
Oriental Bank of Commerce,Wipro Ltd,2553,468
Punjab and Sind Bank,Matrix Processing House,124,0
Registrar General India - BEL,In Media Computer Services LLP,7,3
Registrar General India - BEL,Swathy Smartcards Hi-Tech Pvt,7,0
Registrar General India BEL2,Alankit Assignments Limited,1275,2
Registrar General India BEL2,Computer LAB,2444,16
Registrar General India BEL2,Emdee Digitronics Pvt.Ltd.,259,1
Registrar General India BEL2,India Computer Technology,5154,222
Registrar General India BEL2,MACRO INFOTECH PVT LTD,106,1
Registrar General India BEL2,Madras Security Printers Ltd,6247,995
Registrar General India BEL2,Multiwave Innovation,143,67
Registrar General India BEL2,Netlink software Pvt Ltd,7035,8
Registrar General India BEL2,Nielsen  India  Private Limited,2591,0
Registrar General India BEL2,Om Softwares,6443,4
Registrar General India BEL2,SREEVEN INFOCOM LIMITED,20,0
Registrar General India BEL2,STRATEGIC OUTSOURCING SERVICE,939,2
Registrar General India BEL2,Satyanarayana Raju Company Pvt ltd,238,0
Registrar General India BEL2,Swathy Smartcards Hi-Tech Pvt,29701,1046
Registrar General India BEL2,Swiss Tech India Pvt Ltd,8935,26
Registrar General India BEL2,Tera Software Ltd,14116,402
Registrar General India BEL2,UNITED DATA SERVICES PRIVATE LIMITED,0,1
Registrar General India BEL2,VIRGO SOFTECH LIMITED,2,0
Registrar General India BEL2,Vansh Infotech Pvt Ltd,12631,0
Registrar General India BEL2,Vedavaag Systems Limited,7667,1
Registrar General India ECIL,AVVAS INFOTECH PVT  LTD,4872,0
Registrar General India ECIL,BUSINESS INFORMATION PROCESSING SERVICES,2887,0
Registrar General India ECIL,COMTECH INSTITUTE OFTECHNOLOGY,2513,0
Registrar General India ECIL,COMTECHINFO SOLUTIONS PVT.LTD,1523,0
Registrar General India ECIL,Clairvoyance Technologies Pvt.,32,4
Registrar General India ECIL,Computer LAB,14051,1898
Registrar General India ECIL,Eagle Software India Pvt. Ltd,34,263
Registrar General India ECIL,In Media Computer Services LLP,43,6
Registrar General India ECIL,India Computer Technology,512,386
Registrar General India ECIL,Karvy Data Management Services,9007,4
Registrar General India ECIL,Krishna Infotech,9285,53
Registrar General India ECIL,Madras Security Printers Ltd,5793,15498
Registrar General India ECIL,Mphasis Ltd,2,1
Registrar General India ECIL,Netwing Technologies Pvt Ltd,4519,0
Registrar General India ECIL,Nielsen  India  Private Limited,1208,1
Registrar General India ECIL,Pioneer E Labs limited,159,6
Registrar General India ECIL,SWISSTECH NPR 57CR PROJECT PVT,8770,631
Registrar General India ECIL,Tera Software Ltd,4726,43
Registrar General India ECIL,Vedavaag Systems Limited,7052,90
Registrar General India Others,CSS TECHNERGY LIMITED,1,0
Registrar General India Others,Computer LAB,46,0
Registrar General India Others,Eagle Software India Pvt. Ltd,23,0
Registrar General India Others,Emdee Digitronics Pvt.Ltd.,10,0
Registrar General India Others,India Computer Technology,12,0
Registrar General India Others,Karvy Data Management Services,1,1
Registrar General India Others,Madras Security Printers Ltd,2,1
Registrar General India Others,Mphasis Ltd,24,0
Registrar General India Others,Om Softwares,3,0
Registrar General India Others,STRATEGIC OUTSOURCING SERVICE,3,0
Registrar General India Others,SWISSTECH NPR 57CR PROJECT PVT,8,0
Registrar General India Others,Swathy Smartcards Hi-Tech Pvt,104,2
Registrar General India Others,Swiss Tech India Pvt Ltd,0,1
Registrar General India Others,Tera Software Ltd,1,1
Registrar General India Others,Vansh Infotech Pvt Ltd,0,7
Registrar General India Others,Vedavaag Systems Limited,8,1
Registrar General India Others,WEBEL TECHNOLOGY LIMITED,2,0
Registrar General of India ITI,COMTECH INSTITUTE OFTECHNOLOGY,815,0
Registrar General of India ITI,CSS TECHNERGY LIMITED,29,0
Registrar General of India ITI,CommunitiWorks Welfare Society,2394,0
Registrar General of India ITI,Eagle Software India Pvt. Ltd,3295,7
Registrar General of India ITI,Emdee Digitronics Pvt.Ltd.,11906,276
Registrar General of India ITI,Karvy Data Management Services,4,28
Registrar General of India ITI,Madras Security Printers Ltd,0,3
Registrar General of India ITI,Mphasis Ltd,1678,0
Registrar General of India ITI,Multiwave Innovation,0,8
Registrar General of India ITI,Netlink software Pvt Ltd,1691,0
Registrar General of India ITI,Netwing Technologies Pvt Ltd,4452,0
Registrar General of India ITI,Nielsen  India  Private Limited,5528,2
Registrar General of India ITI,SREEVEN INFOCOM LIMITED,1881,71
Registrar General of India ITI,STRATEGIC OUTSOURCING SERVICE,5395,2
Registrar General of India ITI,Satyanarayana Raju Company Pvt ltd,45,0
Registrar General of India ITI,Swathy Smartcards Hi-Tech Pvt,42279,216
Registrar General of India ITI,TechSmart India Pvt Ltd,50,230
Registrar General of India ITI,VIRGO SOFTECH LIMITED,98,0
Registrar General of India ITI,Vedavaag Systems Limited,22,0
Registrar General of India ITI,WEBEL TECHNOLOGY LIMITED,9337,87
State Bank of Bikaner & Jaipur,Multiwave Innovation,5701,41
State Bank of India,VIRGO SOFTECH LIMITED,7,9
State Bank of Travancore,Tera Software Ltd,425,8
UIDAI-Registrar,UIDAI-EA,25,1
UT Of Daman and Diu,Alankit Assignments Limited,113,10
UT of Puducherry,Madras Security Printers Ltd,646,1
Union Bank,FINANCIAL INFORMATION NETWORK,19305,54
Union Bank,Smart Chip Limited,13736,179
Union Bank,Vakrangee Softwares Limited,49735,2460
