Registrar,Enrolment Agency,Aadhaar generated,Enrolment Rejected
Allahabad Bank,IL&FS LTD,1,1
Allahabad Bank,Tera Software Ltd,8,2
Allahabad Bank,Vakrangee Softwares Limited,23315,2745
Bank Of India,A3 Logics  India  Ltd,3430,190
Bank Of India,Akanksha International,1727,35
Bank Of India,Blue Circle Instrument,180,9
Bank Of India,CHESSY CONSULTANTS PVT LTD,954,62
Bank Of India,DATASOFT COMPUTER SERVICES(P),300,28
Bank Of India,Emdee Digitronics Pvt.Ltd.,312,6
Bank Of India,Frontech Systems Pvt Ltd,705,112
Bank Of India,ITI LIMITED,98,1
Bank Of India,MANTRA SOFTTECH (INDIA) PVTLTD,1339,39
Bank Of India,Matrix Processing House,7814,548
Bank Of India,OPTIMIX CONSULTANCY PRIVATE LT,37,0
Bank Of India,OSWAL COMPUTERS & CONSULTANTS,6131,744
Bank Of India,PROTEX COMPUTER PVT LTD,1152,36
Bank Of India,SARADA SYSTEMS,1606,21
Bank Of India,SHRIKRISHNA KHANDASARI SUGAR M,4344,429
Bank Of India,SPANCO,2212,165
Bank Of India,SREI INFRASTRUCTURE FINANCES L,2648,190
Bank Of India,Silver Touch Technologies Ltd,2240,96
Bank Of India,Systematic & Advance Const P L,5634,700
Bank Of India,VEETECHNOLOGIES PVT. LTD,936,57
Bank Of India,Vakrangee Softwares Limited,11132,1234
Bank of Baroda,DATASOFT COMPUTER SERVICES(P),7,0
Bank of Baroda,IL&FS LTD,14,1
Bank of Baroda,TEAM LIFE CARE COMPANY INDIA P,1103,141
Bank of Maharashtra,Alankit Finsec Ltd,132,12
Bank of Maharashtra,FINANCIAL INFORMATION NETWORK,255,22
Bank of Maharashtra,Micro Technologies India Ltd,311,67
CSC e-Governance Services India Limited,A I Soc for Electronics and Comp Tech,542,24
CSC e-Governance Services India Limited,AKSH OPTIFIBRE LIMITED,87,0
CSC e-Governance Services India Limited,BASIX,20,3
CSC e-Governance Services India Limited,CALANCE SOFTWARE PRIVATE LTD,84,2
CSC e-Governance Services India Limited,CMS Computers Ltd,22,0
CSC e-Governance Services India Limited,Network for Information & Computer,349,8
CSC e-Governance Services India Limited,SPANCO,221,14
Central Bank of India,CALANCE SOFTWARE PRIVATE LTD,4952,230
Central Bank of India,Frontech Systems Pvt Ltd,1,0
Central Bank of India,IAP COMPANY Pvt. Ltd,11927,504
Central Bank of India,IL&FS LTD,2,3
Central Bank of India,MANTRA SOFTTECH (INDIA) PVTLTD,268,7
Central Bank of India,Tera Software Ltd,0,2
Central Bank of India,The Peerless General Finance,1669,64
DENA BANK,ATISHAY INFOTECH PVT. LTD.,139,10
DENA BANK,Business Information Processing Services,1,0
DENA BANK,DATASOFT COMPUTER SERVICES(P),153,11
DENA BANK,Multiwave Innovation,107,5
Delhi - Central DC,Smart Chip Limited,554,128
Delhi - East DC,DATASOFT COMPUTER SERVICES(P),579,150
Delhi - East DC,Tera Software Ltd,19,8
Delhi - ND DC,Smart Chip Limited,83,28
Delhi - NE DC,Alankit Assignments Limited,1,2
Delhi - NE DC,Smart Chip Limited,538,163
Delhi - NE DC,Smart ID,0,1
Delhi - North DC,CALANCE SOFTWARE PRIVATE LTD,989,161
Delhi - North DC,DATASOFT COMPUTER SERVICES(P),1,0
Delhi - North DC,NVR & ASSOCIATES LIMITED,434,195
Delhi - North DC,Smart Chip Limited,291,116
Delhi SW DC,STRATEGIC OUTSOURCING SERVICE,3,2
Delhi SW DC,VIRGO SOFTECH LIMITED,266,244
Delhi Urban Shelter Improvemen,STRATEGIC OUTSOURCING SERVICE,1,1
Delhi Urban Shelter Improvemen,Smart Chip Limited,1,0
Delhi Urban Shelter Improvemen,Tera Software Ltd,7,3
Delhi- South DC,Karvy Computershare Private Li,421,71
Delhi- South DC,Smart Chip Limited,111,10
Delhi- South DC,Tera Software Ltd,20,15
Delhi- South DC,eCentric solutions pvt ltd,3,1
Delhi- West DC,Smart Chip Limited,83,41
Delhi- West DC,VIRGO SOFTECH LIMITED,578,241
Delhi-NW DC,Karvy Computershare Private Li,225,87
Delhi-NW DC,STRATEGIC OUTSOURCING SERVICE,5,0
Department of Information Technology Govt of Jharkhand,Blue Circle Instrument,662,56
Department of Information Technology Govt of Jharkhand,MKS Enterprises,1238,134
Department of Information Technology Govt of Jharkhand,Systematic & Advance Const P L,44,22
Department of Information Technology Govt of Jharkhand,Vayam technologies Ltd,39,10
Dept of ITC Govt of Rajasthan,ATISHAY INFOTECH PVT. LTD.,6535,522
Dept of ITC Govt of Rajasthan,AVVAS INFOTECH PVT  LTD,6022,285
Dept of ITC Govt of Rajasthan,Alankit Finsec Ltd,2084,179
Dept of ITC Govt of Rajasthan,DATASOFT COMPUTER SERVICES(P),7957,375
Dept of ITC Govt of Rajasthan,Multiwave Innovation,31,0
Dept of ITC Govt of Rajasthan,Netlink software Pvt Ltd,134,0
Dept of ITC Govt of Rajasthan,TechSmart India Pvt Ltd,779,30
Dept of ITC Govt of Rajasthan,Transline Technologies P Ltd,5763,331
Dept of ITC Govt of Rajasthan,Vakrangee Softwares Limited,6489,1427
Dept of ITC Govt of Rajasthan,Vayam technologies Ltd,8564,535
FCR Govt of Haryana,Vakrangee Softwares Limited,288,288
FCS Govt of Punjab,Alankit Assignments Limited,1,2
FCS Govt of Punjab,Alankit Finsec Ltd,9,1
FCS Govt of Punjab,Alankit Life Care Ltd,3,0
FCS Govt of Punjab,CSS TECHNERGY LIMITED,2679,55
FCS Govt of Punjab,Delhi Integrated MMTS Ltd,19,2
FCS Govt of Punjab,Diwakar Commercials Pvt Ltd,1,0
FCS Govt of Punjab,Karvy Computershare Private Li,8446,337
FCS Govt of Punjab,VIRGO SOFTECH LIMITED,1,0
FCS Govt of Punjab,VISESH INFOTECNICS LIMITED,1,0
FCS Govt of Punjab,Vayam technologies Ltd,14801,321
FCS Govt of Punjab,eCentric solutions pvt ltd,8897,285
Govt of Andhra Pradesh,Gouthami Educational Society,1820,30
Govt of Andhra Pradesh,GrapeSoft,2200,195
Govt of Andhra Pradesh,IL&FS LTD,366,22
Govt of Andhra Pradesh,INFRONICS SYSTEMS LTD,5244,754
Govt of Andhra Pradesh,Madras Security Printers Ltd,34,0
Govt of Andhra Pradesh,SREEVEN INFOCOM LIMITED,644,99
Govt of Andhra Pradesh,TechSmart India Pvt Ltd,5284,907
Govt of Andhra Pradesh,Tera Software Ltd,2348,408
Govt of Andhra Pradesh,eCentric solutions pvt ltd,19,29
Govt of Goa,MARS Telecom Systems Pvt Ltd,186,49
Govt of Goa,Tera Software Ltd,4,0
Govt of Gujarat,GSS Infotech Ltd,4523,92
Govt of Gujarat,Karvy Computershare Private Li,6644,156
Govt of Gujarat,Silver Touch Technologies Ltd,13523,425
Govt of Gujarat,Tera Software Ltd,2298,183
Govt of Gujarat,Transline Technologies P Ltd,1482,36
Govt of Gujarat,Vayam technologies Ltd,5441,432
Govt of Gujarat,eCentric solutions pvt ltd,3260,85
Govt of Himachal Pradesh,Wipro Ltd,2297,188
Govt of Himachal Pradesh,i-Grandee SoftwareTechnologies,2166,132
Govt of Karnataka ,GLODYNE TECHNOSERVE,2,1
Govt of Karnataka ,MARS Telecom Systems Pvt Ltd,8382,261
Govt of Karnataka ,Ninestars Information Technologies Ltd,4115,498
Govt of Karnataka ,Origin ITFS Pvt Ltd,6820,678
Govt of Karnataka ,SREEVEN INFOCOM LIMITED,6666,437
Govt of Karnataka ,Tera Software Ltd,2,4
Govt of Kerala,Akshaya,9345,2231
Govt of Kerala,Keltron,917,1251
Govt of Madhya Pradesh,VIRGO SOFTECH LIMITED,458,7
Govt of Maharashtra,Alankit Assignments Limited,3,1
Govt of Maharashtra,Alankit Finsec Ltd,7478,828
Govt of Maharashtra,Eagle press pvt ltd,979,75
Govt of Maharashtra,GLODYNE TECHNOSERVE,309,15
Govt of Maharashtra,GSS Infotech Ltd,6,0
Govt of Maharashtra,Karvy Computershare Private Li,8037,337
Govt of Maharashtra,M/s. Vidya Online  Pune,72,2
Govt of Maharashtra,Mahaonline Limited,31,2
Govt of Maharashtra,Narayana Electricals Solution Pvt Ltd,345,24
Govt of Maharashtra,Netlink software Pvt Ltd,1853,313
Govt of Maharashtra,Network for Information & Computer,33,3
Govt of Maharashtra,Obel projects Pvt Ltd,1492,308
Govt of Maharashtra,Rudranee Infotech Ltd,221,24
Govt of Maharashtra,SHREERAM PRINTING PRESS,150,35
Govt of Maharashtra,SPANCO,7,4
Govt of Maharashtra,STRATEGIC OUTSOURCING SERVICE,3319,515
Govt of Maharashtra,Silver Touch Technologies Ltd,3896,184
Govt of Maharashtra,Systematic & Advance Const P L,201,33
Govt of Maharashtra,TEAM LIFE CARE COMPANY INDIA P,136,24
Govt of Maharashtra,TechSmart India Pvt Ltd,5481,415
Govt of Maharashtra,Tera Software Ltd,149,28
Govt of Maharashtra,Transline Technologies P Ltd,1592,153
Govt of Maharashtra,Wep Solution India Limited,12,0
Govt of Maharashtra,Wipro Ltd,9599,508
Govt of Sikkim - Dept of Econo,4G IDENTITY SOLUTIONS,1,0
Govt of Sikkim - Dept of Econo,Department of Economics Statistics  Monitoring and Evaluation DESME,286,4
IDBI Bank ltd,ATISHAY INFOTECH PVT. LTD.,798,136
IDBI Bank ltd,Matrix Processing House,242,28
IDBI Bank ltd,Pioneer E Labs limited,22,2
IDBI Bank ltd,SREEVEN INFOCOM LIMITED,1237,96
IDBI Bank ltd,UTI TECHNOLOGY SERVICES LIMITE,1119,122
Indiapost,4G IDENTITY SOLUTIONS,22,1
Indiapost,Delhi Integrated MMTS Ltd,7274,315
Indiapost,Eagle press pvt ltd,2,0
Indiapost,GLODYNE TECHNOSERVE,35,3
Indiapost,M/S STAR DATA CENTRE,6,1
Indiapost,MARS Telecom Systems Pvt Ltd,847,34
Indiapost,Madras Security Printers Ltd,1,1
Indiapost,Smart Chip Limited,257,26
Indiapost,TEAM LIFE CARE COMPANY INDIA P,4527,394
Indiapost,The NSIC ltd,0,1
Indiapost,Vayam technologies Ltd,172,23
Indiapost,WEBEL,20,2
Information Technology & Communication Department,4G INFORMATICS,17878,931
Information Technology & Communication Department,BNR UDYOG LIMITED,9549,163
Information Technology & Communication Department,Bloom Solutions Pvt Ltd,28565,670
Information Technology & Communication Department,CSS TECHNERGY LIMITED,1257,91
Information Technology & Communication Department,GDC Advertising Pvt. Limited,16275,199
Information Technology & Communication Department,JYOTHI COMPUTER SERVICES,5812,345
Information Technology & Communication Department,Karvy Data Management Services,223,27
Information Technology & Communication Department,MARS Telecom Systems Pvt Ltd,3001,204
Information Technology & Communication Department,SREEVEN INFOCOM LIMITED,807,193
Information Technology & Communication Department,Tera Software Ltd,957,51
Jharkhand,Alankit Assignments Limited,521,46
Jharkhand,Blue Circle Instrument,213,8
Jharkhand,Emdee Digitronics Pvt.Ltd.,608,93
Jharkhand,IL&FS LTD,1,0
Jharkhand,MKS Enterprises,426,58
Jharkhand,Nevaeh Technology Pvt. Ltd.,512,17
Jharkhand,STRATEGIC OUTSOURCING SERVICE,139,27
Jharkhand,Systematic & Advance Const P L,1591,159
Jharkhand,VISION COMPTECH INTEGRATOR LTD,1728,56
Jharkhand,Wipro Ltd,4313,442
Life Insurance Corporation,eCentric solutions pvt ltd,0,5
Mission Convergence - GNCT Del,Karvy Computershare Private Li,353,100
Mission Convergence - GNCT Del,NVR & ASSOCIATES LIMITED,8,10
Mission Convergence - GNCT Del,STRATEGIC OUTSOURCING SERVICE,3,1
Mission Convergence - GNCT Del,Tera Software Ltd,0,1
Mission Convergence - GNCT Del,eCentric solutions pvt ltd,7,0
NSDL e-Governance Infrastructure Limited,Abhipra Capital Ltd,1983,193
NSDL e-Governance Infrastructure Limited,Alankit Assignments Limited,4067,277
NSDL e-Governance Infrastructure Limited,Delhi Integrated MMTS Ltd,801,22
NSDL e-Governance Infrastructure Limited,INTEGRATED REGISTRY SERVICES,48,1
NSDL e-Governance Infrastructure Limited,Karvy Data Management Services,18598,1671
NSDL e-Governance Infrastructure Limited,Netlink software Pvt Ltd,3072,243
NSDL e-Governance Infrastructure Limited,PROWIZ MANSYTEMS PVT LTD,2840,208
NSDL e-Governance Infrastructure Limited,TEAM LIFE CARE COMPANY INDIA P,600,33
NSDL e-Governance Infrastructure Limited,VIRGO SOFTECH LIMITED,2181,161
Oriental Bank of Commerce,DATASOFT COMPUTER SERVICES(P),418,36
Oriental Bank of Commerce,Euro Finmart Ltd,221,15
Oriental Bank of Commerce,FINANCIAL INFORMATION NETWORK,101,8
Oriental Bank of Commerce,IL&FS LTD,4,1
Oriental Bank of Commerce,JNET Technologies Pvt.Ltd,167,13
Oriental Bank of Commerce,Redim Software Technologies Pvt Ltd,355,22
Oriental Bank of Commerce,Sri Ramraja Sarkar Lok Kalyan Trust,2333,116
Oriental Bank of Commerce,Wipro Ltd,3350,219
Punjab and Sind Bank,Matrix Processing House,15,0
RDD Govt of Tripura,Alankit Assignments Limited,34,10
Registrar General India - BEL,In Media Computer Services LLP,1,0
Registrar General India - BEL,Manipur Electronics Dev Corp,40,12
Registrar General India - BEL,Swathy Smartcards Hi-Tech Pvt,185,1
Registrar General India BEL2,Alankit Assignments Limited,282,20
Registrar General India BEL2,Computer LAB,3258,391
Registrar General India BEL2,India Computer Technology,6956,1407
Registrar General India BEL2,Madras Security Printers Ltd,3228,788
Registrar General India BEL2,Multiwave Innovation,1215,836
Registrar General India BEL2,Netlink software Pvt Ltd,820,92
Registrar General India BEL2,Nielsen  India  Private Limited,454,110
Registrar General India BEL2,Om Softwares,3230,617
Registrar General India BEL2,SREEVEN INFOCOM LIMITED,52,21
Registrar General India BEL2,STRATEGIC OUTSOURCING SERVICE,154,47
Registrar General India BEL2,Swathy Smartcards Hi-Tech Pvt,67749,6652
Registrar General India BEL2,Swiss Tech India Pvt Ltd,13480,3
Registrar General India BEL2,Tera Software Ltd,2797,1198
Registrar General India BEL2,UNITED DATA SERVICES PRIVATE LIMITED,0,1
Registrar General India BEL2,VIRGO SOFTECH LIMITED,0,3
Registrar General India BEL2,Vansh Infotech Pvt Ltd,1503,21
Registrar General India BEL2,Vedavaag Systems Limited,42,0
Registrar General India ECIL,AVVAS INFOTECH PVT  LTD,964,16
Registrar General India ECIL,BUSINESS INFORMATION PROCESSING SERVICES,66,2
Registrar General India ECIL,COMTECH INSTITUTE OFTECHNOLOGY,3124,210
Registrar General India ECIL,COMTECHINFO SOLUTIONS PVT.LTD,30,0
Registrar General India ECIL,Clairvoyance Technologies Pvt.,425,107
Registrar General India ECIL,Computer LAB,26403,4658
Registrar General India ECIL,Eagle Software India Pvt. Ltd,226,938
Registrar General India ECIL,In Media Computer Services LLP,351,336
Registrar General India ECIL,India Computer Technology,3969,1965
Registrar General India ECIL,Karvy Data Management Services,142,2
Registrar General India ECIL,Krishna Infotech,442,382
Registrar General India ECIL,Madras Security Printers Ltd,2273,5487
Registrar General India ECIL,Netwing Technologies Pvt Ltd,462,11
Registrar General India ECIL,Nielsen  India  Private Limited,1351,5
Registrar General India ECIL,Pioneer E Labs limited,0,1
Registrar General India ECIL,SWISSTECH NPR 57CR PROJECT PVT,3803,835
Registrar General India ECIL,Tera Software Ltd,2843,6164
Registrar General India ECIL,Vedavaag Systems Limited,4185,1961
Registrar General India Others,AVVAS INFOTECH PVT  LTD,0,1
Registrar General India Others,Alankit Assignments Limited,2,0
Registrar General India Others,COMTECH INSTITUTE OFTECHNOLOGY,3,0
Registrar General India Others,COMTECHINFO SOLUTIONS PVT.LTD,8,0
Registrar General India Others,Computer LAB,18,2
Registrar General India Others,Eagle Software India Pvt. Ltd,6,4
Registrar General India Others,Emdee Digitronics Pvt.Ltd.,1,0
Registrar General India Others,Esoft Consulting Limited,1,0
Registrar General India Others,India Computer Technology,5,0
Registrar General India Others,Karvy Data Management Services,1,0
Registrar General India Others,Madras Security Printers Ltd,3,5
Registrar General India Others,Mphasis Ltd,2,0
Registrar General India Others,Nielsen  India  Private Limited,0,1
Registrar General India Others,STRATEGIC OUTSOURCING SERVICE,18,0
Registrar General India Others,Swathy Smartcards Hi-Tech Pvt,12,9
Registrar General India Others,Vedavaag Systems Limited,48,11
Registrar General of India ITI,COMTECH INSTITUTE OFTECHNOLOGY,107,1
Registrar General of India ITI,CSS TECHNERGY LIMITED,113,6
Registrar General of India ITI,CommunitiWorks Welfare Society,46,22
Registrar General of India ITI,Eagle Software India Pvt. Ltd,1347,209
Registrar General of India ITI,Emdee Digitronics Pvt.Ltd.,28394,3857
Registrar General of India ITI,Madras Security Printers Ltd,96,0
Registrar General of India ITI,Mphasis Ltd,53,0
Registrar General of India ITI,Multiwave Innovation,2,6
Registrar General of India ITI,Netwing Technologies Pvt Ltd,118,4
Registrar General of India ITI,Nielsen  India  Private Limited,913,13
Registrar General of India ITI,SREEVEN INFOCOM LIMITED,216,171
Registrar General of India ITI,STRATEGIC OUTSOURCING SERVICE,1047,31
Registrar General of India ITI,Swathy Smartcards Hi-Tech Pvt,43090,14842
Registrar General of India ITI,TechSmart India Pvt Ltd,512,735
Registrar General of India ITI,VIRGO SOFTECH LIMITED,74,0
Registrar General of India ITI,Vedavaag Systems Limited,179,2
Registrar General of India ITI,WEBEL TECHNOLOGY LIMITED,5000,854
STATE BANK OF PATIALA,CSS TECHNERGY LIMITED,1,3
State Bank of Bikaner & Jaipur,Multiwave Innovation,5150,394
State Bank of India,4G IDENTITY SOLUTIONS,2,1
State Bank of India,COMAT TECHNOLOGIES P LTD,1,0
State Bank of India,CSS TECHNERGY LIMITED,8,1
State Bank of India,Delhi Integrated MMTS Ltd,0,1
State Bank of India,IL&FS LTD,2,2
State Bank of India,Smart Chip Limited,7,1
State Bank of India,VIRGO SOFTECH LIMITED,0,1
State Bank of Travancore,Tera Software Ltd,88,22
Syndicate Bank,Smart Chip Limited,1,0
UIDAI-Registrar,UIDAI-EA,55,1
UT Of Daman and Diu,Alankit Assignments Limited,188,29
UT of Puducherry,Madras Security Printers Ltd,332,56
Union Bank,FINANCIAL INFORMATION NETWORK,13548,633
Union Bank,Smart Chip Limited,9034,1834
Union Bank,Vakrangee Softwares Limited,32066,3198
