Registrar,Enrolment Agency,Aadhaar generated,Enrolment Rejected
Allahabad Bank,A-Onerealtors Pvt Ltd,1326,341
Allahabad Bank,Agro Tech Engineers,109,21
Allahabad Bank,Asha Security Guard Services,2081,536
Allahabad Bank,Ayush Enterprises,265,30
Allahabad Bank,Corporate India Facilities Pvt Ltd,54,5
Allahabad Bank,Emdee Digitronics Pvt.Ltd.,10,23
Allahabad Bank,MEGHA VINCOM PVT LTD,499,189
Allahabad Bank,Nevaeh Technology Pvt. Ltd.,395,406
Allahabad Bank,Ortem Securities Limited,27,8
Allahabad Bank,PROTEX COMPUTER PVT LTD,45,9
Allahabad Bank,Redim Software Technologies Pvt Ltd,6,12
Allahabad Bank,SGS INDIA PVT LTD,2669,506
Allahabad Bank,Transmoovers India,261,47
Allahabad Bank,VAP INFOSOLUTIONS,410,119
Allahabad Bank,Vedavaag Systems Limited,266,57
Atalji Janasnehi Directorate  Government of Karnataka,Atalji Janasnehi Directorate  GOK,3861,1181
Bank Of India,A3 Logics  India  Ltd,294,12
Bank Of India,Blue Circle Instrument,0,1
Bank Of India,DATASOFT COMPUTER SERVICES(P),95,22
Bank Of India,Frontech Systems Pvt Ltd,591,107
Bank Of India,OSWAL COMPUTERS & CONSULTANTS,636,54
Bank Of India,PROTEX COMPUTER PVT LTD,87,6
Bank Of India,SARADA SYSTEMS,2885,276
Bank Of India,SHRIKRISHNA KHANDASARI SUGAR M,0,1
Bank Of India,SREI INFRASTRUCTURE FINANCES L,5020,716
Bank Of India,VEETECHNOLOGIES PVT. LTD,1374,180
Bank of Baroda,Global Finsol Private Limited,17,1
Bank of Maharashtra,Tera Software Ltd,797,66
CSC e-Governance Services India Limited,A I Soc for Electronics and Comp Tech,7002,734
CSC e-Governance Services India Limited,A-Onerealtors Pvt Ltd,110,15
CSC e-Governance Services India Limited,AKSH OPTIFIBRE LIMITED,7941,1159
CSC e-Governance Services India Limited,APOnline Limited,53,12
CSC e-Governance Services India Limited,Alankit Limited,100,9
CSC e-Governance Services India Limited,Amar Constructions,1623,219
CSC e-Governance Services India Limited,BASIX,9266,916
CSC e-Governance Services India Limited,Binary Systems,77,67
CSC e-Governance Services India Limited,Bloom Solutions Pvt Ltd,3883,153
CSC e-Governance Services India Limited,CALANCE SOFTWARE PRIVATE LTD,701,85
CSC e-Governance Services India Limited,CHIPS,7671,860
CSC e-Governance Services India Limited,CMS Computers Ltd,29217,2873
CSC e-Governance Services India Limited,CSC e-Governance Services India Limited,17786,2126
CSC e-Governance Services India Limited,Computer Print,1079,98
CSC e-Governance Services India Limited,Conatus Infocom Pvt. Ltd,683,20
CSC e-Governance Services India Limited,DATASOFT COMPUTER SERVICES(P),2949,478
CSC e-Governance Services India Limited,Digitcom Systems Pvt. Ltd.,744,172
CSC e-Governance Services India Limited,Ecartes Technology Pvt. Ltd,145,18
CSC e-Governance Services India Limited,Estex Telecom Pvt Ltd,503,194
CSC e-Governance Services India Limited,Excel Technovation Pvt. Ltd,113,5
CSC e-Governance Services India Limited,Gem Computers,189,34
CSC e-Governance Services India Limited,Home Life Buildcon Pvt Ltd,2799,467
CSC e-Governance Services India Limited,HyperSoft Technologies Ltd,1985,171
CSC e-Governance Services India Limited,IAP COMPANY Pvt. Ltd,9620,1989
CSC e-Governance Services India Limited,Janta Silikon Consortium,3502,432
CSC e-Governance Services India Limited,Jeevan Deep Charitable Society,306,160
CSC e-Governance Services India Limited,KDS Services Private Limited,303,6
CSC e-Governance Services India Limited,MANTRA SOFTTECH (INDIA) PVTLTD,7250,134
CSC e-Governance Services India Limited,MEGHA VINCOM PVT LTD,1414,609
CSC e-Governance Services India Limited,Mahamritunjay Traders,4790,749
CSC e-Governance Services India Limited,Mahaonline Limited,6122,575
CSC e-Governance Services India Limited,Murano India Pvt Ltd,651,177
CSC e-Governance Services India Limited,NPS Technologies Pvt. Ltd,41813,1340
CSC e-Governance Services India Limited,NVR & ASSOCIATES LIMITED,2292,259
CSC e-Governance Services India Limited,National Cooperative Consumers Federation of India Limited,15,1
CSC e-Governance Services India Limited,Nekton IT India Pvt Ltd.,4614,312
CSC e-Governance Services India Limited,Netlink software Pvt Ltd,727,57
CSC e-Governance Services India Limited,Network for Information & Computer,4009,415
CSC e-Governance Services India Limited,Prakash Computer Services,654,102
CSC e-Governance Services India Limited,Promind Solutions P Limited,3174,706
CSC e-Governance Services India Limited,Radiant Haroti Industries India Ltd,5463,701
CSC e-Governance Services India Limited,Raj Construction Co.,997,157
CSC e-Governance Services India Limited,SGS INDIA PVT LTD,687,288
CSC e-Governance Services India Limited,SPANCO,1188,192
CSC e-Governance Services India Limited,SRR Infotech,770,93
CSC e-Governance Services India Limited,Sahaj e-Village Limited,937,142
CSC e-Governance Services India Limited,Saket Advertising Pvt. Ltd,93,24
CSC e-Governance Services India Limited,Sri Ramraja Sarkar Lok Kalyan Trust,113,39
CSC e-Governance Services India Limited,Super Printers,532,122
CSC e-Governance Services India Limited,Tera Software Ltd,3127,656
CSC e-Governance Services India Limited,Twinstar Industries Ltd.,1139,83
CSC e-Governance Services India Limited,United Telecoms e-Services Pvt Ltd,2720,458
CSC e-Governance Services India Limited,VIKALP MULTIMEDIA,597,102
CSC e-Governance Services India Limited,VISION COMPTECH INTEGRATOR LTD,1108,102
CSC e-Governance Services India Limited,Vayam technologies Ltd,2138,274
CSC e-Governance Services India Limited,Vedavaag Systems Limited,3502,628
CSC e-Governance Services India Limited,Vigilant Corporate Services Pvt Ltd,382,48
CSC e-Governance Services India Limited,Virinchi Technologies Ltd,1075,530
CSC e-Governance Services India Limited,Yash Ornaments Pvt. Ltd,2049,191
CSC e-Governance Services India Limited,Zephyr System Pvt.Ltd.,10581,1214
Canara Bank,FINANCIAL INFORMATION NETWORK,3506,494
Canara Bank,Karvy Data Management Services,460,532
Canara Bank,Ojus Healthcare Private Limited,228,27
Canara Bank,Osiris Infotech Pvt. Ltd.,1182,19
Canara Bank,Smart Chip Limited,1931,124
Canara Bank,Virinchi Technologies Ltd,2629,1191
Civil Supplies - A&N Islands,India Computer Technology,3600,278
DENA BANK,77 Infosystems Pvt Ltd,204,52
DENA BANK,A-Onerealtors Pvt Ltd,373,50
DENA BANK,APEX Services,624,400
DENA BANK,AS International,1168,132
DENA BANK,ATISHAY INFOTECH PVT. LTD.,1893,267
DENA BANK,AVVAS INFOTECH PVT  LTD,1006,218
DENA BANK,Advent Infomax Private Ltd,105,9
DENA BANK,Akhil Bhartiya Majdoor Shiksha Sewa Samiti,2,1
DENA BANK,Amar Constructions,1030,101
DENA BANK,Apnatech Consultancy Services Pvt Ltd,464,56
DENA BANK,Asha Security Guard Services,2113,394
DENA BANK,Asray Gram,41,11
DENA BANK,BNR UDYOG LIMITED,2,0
DENA BANK,Binary Systems,611,101
DENA BANK,Bloom Solutions Pvt Ltd,3415,206
DENA BANK,Blue Circle Instrument,127,44
DENA BANK,Business Information Processing Services,206,39
DENA BANK,CALANCE SOFTWARE PRIVATE LTD,801,119
DENA BANK,City Hawks Manpower Services & Consultancy,131,51
DENA BANK,DATASOFT COMPUTER SERVICES(P),3138,113
DENA BANK,DEVASHISH SECURITIES PVT. LTD.,3,0
DENA BANK,Eagle Software India Pvt. Ltd,887,23
DENA BANK,Ecartes Technology Pvt. Ltd,896,81
DENA BANK,FINANCIAL INFORMATION NETWORK,729,64
DENA BANK,Gem Computers,0,1
DENA BANK,Gujarat Infotech Ltd.,1097,54
DENA BANK,IAP COMPANY Pvt. Ltd,5070,646
DENA BANK,India Computer Technology,183,4
DENA BANK,JNET Technologies Pvt.Ltd,292,15
DENA BANK,Jeevan Deep Charitable Society,37,29
DENA BANK,K W Consulting P Ltd,22,7
DENA BANK,M/S STAR DATA CENTRE,246,44
DENA BANK,M/s Gold Square Builders & Promoters Pvt. Ltd.,1439,189
DENA BANK,MARS Telecom Systems Pvt Ltd,357,319
DENA BANK,MEGHA VINCOM PVT LTD,1038,371
DENA BANK,MKS Enterprises,17,17
DENA BANK,Make India Smart Private Limited,612,79
DENA BANK,Multiwave Innovation,1197,116
DENA BANK,NVR & ASSOCIATES LIMITED,650,161
DENA BANK,Netlink software Pvt Ltd,6124,807
DENA BANK,Nielsen  India  Private Limited,5311,1231
DENA BANK,Offshoot Agency Pvt. Ltd.,897,25
DENA BANK,Ojus G Enterprises,7,32
DENA BANK,Om Softwares,105,80
DENA BANK,Ortem Securities Limited,163,8
DENA BANK,Ricoh India Limited,637,187
DENA BANK,SGS INDIA PVT LTD,797,114
DENA BANK,Silver Touch Technologies Ltd,464,67
DENA BANK,Sixth Dimension Project Solutions Ltd,68,79
DENA BANK,Soc for Advancement of Environ Science,243,123
DENA BANK,SoftAge Information Technology Limited,6,6
DENA BANK,Super Printers,1789,304
DENA BANK,TechSmart India Pvt Ltd,1821,360
DENA BANK,Transline Technologies P Ltd,88,16
DENA BANK,UT Computers Educational & Welfare Soc,90,40
DENA BANK,Utility Forms Pvt Ltd,290,9
DENA BANK,VAP INFOSOLUTIONS,761,348
DENA BANK,VISION COMPTECH INTEGRATOR LTD,912,186
DENA BANK,Vayam technologies Ltd,1,1
DENA BANK,Vedavaag Systems Limited,121,105
DENA BANK,Virinchi Technologies Ltd,426,151
DENA BANK,WEBEL,1099,305
DENA BANK,Wipro Ltd,3381,1368
DENA BANK,Yash Ornaments Pvt. Ltd,393,6
DENA BANK,Zephyr System Pvt.Ltd.,3632,522
Department of Information Technology Govt of Jharkhand,IL&FS LTD,0,1
Dept of ITC Govt of Rajasthan,Academy of Management Studies,22,0
Dept of ITC Govt of Rajasthan,Business Information Processing Services,83,0
Dept of ITC Govt of Rajasthan,CMS Computers Ltd,166,39
Dept of ITC Govt of Rajasthan,COMTECH INSTITUTE OFTECHNOLOGY,469,67
Dept of ITC Govt of Rajasthan,DATASOFT COMPUTER SERVICES(P),196,39
Dept of ITC Govt of Rajasthan,FINANCIAL INFORMATION NETWORK,1000,335
Dept of ITC Govt of Rajasthan,IAP COMPANY Pvt. Ltd,4,3
Dept of ITC Govt of Rajasthan,Karvy Data Management Services,261,53
Dept of ITC Govt of Rajasthan,M/s Sanish Choudhary,313,19
Dept of ITC Govt of Rajasthan,MEGHA VINCOM PVT LTD,128,135
Dept of ITC Govt of Rajasthan,Matrix Processing House,7,67
Dept of ITC Govt of Rajasthan,Radiant Info Systems Ltd,4,1
Dept of ITC Govt of Rajasthan,Rajcomp Info Services Ltd,2188,280
Dept of ITC Govt of Rajasthan,Ricoh India Limited,477,49
Dept of ITC Govt of Rajasthan,SAR Technology,429,51
Dept of ITC Govt of Rajasthan,SREI INFRASTRUCTURE FINANCES L,13,1
Dept of ITC Govt of Rajasthan,TechSmart India Pvt Ltd,186,7
Dept of ITC Govt of Rajasthan,Transline Technologies P Ltd,2,1
Dept of ITC Govt of Rajasthan,UMC Technologies Pvt. Ltd,295,10
Dept of ITC Govt of Rajasthan,VIRGO SOFTECH LIMITED,1092,150
Dept of ITC Govt of Rajasthan,VISION COMPTECH INTEGRATOR LTD,10,0
Dept of ITC Govt of Rajasthan,Vakrangee Softwares Limited,185,90
FCR Govt of Haryana,4G INFORMATICS,12,3
FCR Govt of Haryana,Academy of Management Studies,83,65
FCR Govt of Haryana,District IT Society Ambala,4,29
FCR Govt of Haryana,District IT Society Bhiwani,275,11
FCR Govt of Haryana,District IT Society Faridabad,87,21
FCR Govt of Haryana,District IT Society Fatehabad,85,53
FCR Govt of Haryana,District IT Society Gurgaon,24,13
FCR Govt of Haryana,District IT Society Hisar,157,18
FCR Govt of Haryana,District IT Society Jhajjar,44,25
FCR Govt of Haryana,District IT Society Kaithal,131,14
FCR Govt of Haryana,District IT Society Karnal,74,8
FCR Govt of Haryana,District IT Society Kurukshetra,130,19
FCR Govt of Haryana,District IT Society Mahendragarh,9,28
FCR Govt of Haryana,District IT Society Mewat,91,65
FCR Govt of Haryana,District IT Society Palwal,37,31
FCR Govt of Haryana,District IT Society Panchkula,24,22
FCR Govt of Haryana,District IT Society Panipat,197,25
FCR Govt of Haryana,District IT Society Rewari,223,38
FCR Govt of Haryana,District IT Society Rohtak,70,28
FCR Govt of Haryana,District IT Society Sirsa,234,45
FCR Govt of Haryana,District IT Society Sonipat,217,12
FCR Govt of Haryana,District IT Society Yamuna Nagar,94,34
FCR Govt of Haryana,Radiant Info Systems Ltd,3,4
FCR Govt of Haryana,SoftAge Information Technology Limited,571,109
FCS Govt of Punjab,District Sukhmani Society  Jalandhar  Punjab,183,8
FCS Govt of Punjab,District Sukhmani Society  Ludhiana  Punjab,194,11
FCS Govt of Punjab,District Sukhmani Society  Moga  Punjab,64,10
FCS Govt of Punjab,District Sukhmani Society Amritsar Punjab,41,17
FCS Govt of Punjab,District Sukhmani Society Barnala Punjab,59,6
FCS Govt of Punjab,District Sukhmani Society Bathinda Punjab,111,13
FCS Govt of Punjab,District Sukhmani Society Fatehgarh Sahib Punjab,34,10
FCS Govt of Punjab,District Sukhmani Society Fazilka Punjab,81,17
FCS Govt of Punjab,District Sukhmani Society Ferozepur Punjab,49,3
FCS Govt of Punjab,District Sukhmani Society For Citizen Services Mansa Punjab,181,16
FCS Govt of Punjab,District Sukhmani Society For Citizen Services Nawanshahr Punjab,102,16
FCS Govt of Punjab,District Sukhmani Society For Citizen Services SAS Nagar District e-Governance Society Punjab,8,12
FCS Govt of Punjab,District Sukhmani Society Pathankot Punjab,25,8
FCS Govt of Punjab,District Sukhmani Society Patiala Punjab,50,6
FCS Govt of Punjab,District Sukhmani Society Rupnagar Punjab,41,9
FCS Govt of Punjab,District Sukhmani Society Sangrur Punjab,68,15
FCS Govt of Punjab,District Sukhmani Society Sri Muktsar Sahib Punjab,184,14
FCS Govt of Punjab,District Sukhmani Society Tarn Taran Punjab,25,5
FCS Govt of Punjab,Karvy Computershare Private Li,130,44
FCS Govt of Punjab,Sukhmani Society For Citizen Services  Kapurthala  Punjab,47,6
FCS Govt of Punjab,Sukhmani Society For Citizens Services Faridkot Punjab,38,12
FCS Govt of Punjab,Suwidha Society Hoshiarpur Punjab,18,6
FCS Govt of Punjab,Vayam technologies Ltd,12,3
FCS Govt of Punjab,eCentric solutions pvt ltd,160,21
Govt of Andhra Pradesh,Madras Security Printers Ltd,0,1
Govt of Gujarat,GSS Infotech Ltd,795,28
Govt of Gujarat,Karvy Computershare Private Li,9131,549
Govt of Gujarat,Silver Touch Technologies Ltd,787,83
Govt of Gujarat,Tera Software Ltd,1333,53
Govt of Gujarat,eCentric solutions pvt ltd,5,1
Govt of Himachal Pradesh,Department of IT  Govt. of HP,505,28
Govt of Karnataka ,Centre for e-Governance  GOK,4246,367
Govt of Karnataka ,EDCS GOK,710,33
Govt of Kerala,Akshaya,4956,221
Govt of Maharashtra,Karvy Computershare Private Li,1,0
Govt of Maharashtra,M/S King Computer System pvt Ltd,300,72
Govt of Maharashtra,M/s. Vidya Online  Pune,182,9
Govt of Maharashtra,Rudranee Infotech Ltd,209,12
Govt of Maharashtra,SETU MAHARASHTRA,245,45
Govt of Maharashtra,SHREERAM PRINTING PRESS,769,33
Govt of Maharashtra,SILVER JUBILEE MOTORS LTD.,79,21
Govt of Maharashtra,Wipro Ltd,0,1
Govt of Sikkim - Dept of Econo,Department of Economics Statistics  Monitoring and Evaluation DESME,12,3
IDBI Bank ltd,ATISHAY INFOTECH PVT. LTD.,1351,95
IDBI Bank ltd,Matrix Processing House,334,35
IDBI Bank ltd,SREEVEN INFOCOM LIMITED,2472,133
Information Technology & Communication Department,Directorate of ESD,4411,304
NSDL e-Governance Infrastructure Limited,Abhipra Capital Ltd,31,22
NSDL e-Governance Infrastructure Limited,Alankit Finsec Ltd,1363,269
NSDL e-Governance Infrastructure Limited,Alankit Limited,499,8
NSDL e-Governance Infrastructure Limited,Amar Constructions,893,64
NSDL e-Governance Infrastructure Limited,COMTECHINFO SOLUTIONS PVT.LTD,14,1
NSDL e-Governance Infrastructure Limited,Gujarat Infotech Ltd.,7495,755
NSDL e-Governance Infrastructure Limited,IAP COMPANY Pvt. Ltd,3,0
NSDL e-Governance Infrastructure Limited,Karvy Consultants Limited,0,2
NSDL e-Governance Infrastructure Limited,Karvy Data Management Services,23358,2321
NSDL e-Governance Infrastructure Limited,N.K. Sharma Enterprises Ltd.,465,83
NSDL e-Governance Infrastructure Limited,Offshoot Agency Pvt. Ltd.,608,274
NSDL e-Governance Infrastructure Limited,Ojus G Enterprises,1718,953
NSDL e-Governance Infrastructure Limited,Promind Solutions P Limited,717,25
NSDL e-Governance Infrastructure Limited,RELIGARE SECURITIES LTD,1792,354
NSDL e-Governance Infrastructure Limited,Ricoh India Limited,1153,484
NSDL e-Governance Infrastructure Limited,S.J. Technologies,317,9
NSDL e-Governance Infrastructure Limited,SNR Edatas Pvt Ltd,66,6
NSDL e-Governance Infrastructure Limited,Sri Ramraja Sarkar Lok Kalyan Trust,1299,379
NSDL e-Governance Infrastructure Limited,Utility Forms Pvt Ltd,3257,547
NSDL e-Governance Infrastructure Limited,VFS Global Services Pvt. Ltd,64,76
NSDL e-Governance Infrastructure Limited,VIRGO SOFTECH LIMITED,3139,326
National Institute of Electronics & Information Technology,Alankit Finsec Ltd,180,2
Project Coordinator UID Project Madhya Pradesh,A I Soc for Electronics and Comp Tech,8653,815
Project Coordinator UID Project Madhya Pradesh,DATASOFT COMPUTER SERVICES(P),352,44
Project Coordinator UID Project Madhya Pradesh,LYRA  CONSULTANCY SERVICE,1153,205
Project Coordinator UID Project Madhya Pradesh,MPOnline Limited,7538,888
Project Coordinator UID Project Madhya Pradesh,Matrix Processing House,490,68
Project Coordinator UID Project Madhya Pradesh,OSWAL COMPUTERS & CONSULTANTS,3354,403
Project Coordinator UID Project Madhya Pradesh,Orion Security Solutions Private Ltd,1580,129
Project Coordinator UID Project Madhya Pradesh,Sixth Dimension Project Solutions Ltd,1206,288
Punjab National Bank,Alankit Finsec Ltd,3112,551
Punjab National Bank,Eagle Software India Pvt. Ltd,2621,763
Punjab National Bank,MARS Telecom Systems Pvt Ltd,315,146
Punjab National Bank,Smart Chip Limited,4792,182
Punjab National Bank,Vayam technologies Ltd,300,39
Punjab and Sind Bank,Matrix Processing House,1496,290
Registrar General India BEL2,Bharat Electronics Limited,0,1
Registrar General India BEL2,Chinar Construction Company Prime agency,1,5
Registrar General India BEL2,Computer LAB,71,6
Registrar General India BEL2,In Media Computer Services LLP,334,73
Registrar General India BEL2,Karvy Data Management Services,5888,417
Registrar General India BEL2,MACRO INFOTECH PVT LTD,2484,768
Registrar General India BEL2,Madras Security Printers Ltd,1,18
Registrar General India BEL2,Manipur Electronics Dev Corp,248,24
Registrar General India BEL2,Multiwave Innovation,71,30
Registrar General India BEL2,Netlink software Pvt Ltd,0,2
Registrar General India BEL2,Nevaeh Technology Pvt. Ltd.,9,21
Registrar General India BEL2,Nielsen  India  Private Limited,0,2
Registrar General India BEL2,Pariza Enterprises,5,1
Registrar General India BEL2,SNR Edatas Pvt Ltd,10980,500
Registrar General India BEL2,SREI INFRASTRUCTURE FINANCES L,0,2
Registrar General India BEL2,Tera Software Ltd,883,10
Registrar General India BEL2,UNITED DATA SERVICES PRIVATE LIMITED,44,121
Registrar General India BEL2,Viesa Technologies,2727,181
Registrar General India ECIL,COMTECHINFO SOLUTIONS PVT.LTD,415,195
Registrar General India ECIL,Chinar Construction Company Prime agency,2933,233
Registrar General India ECIL,Computer LAB,13146,2636
Registrar General India ECIL,ECIL,1,0
Registrar General India ECIL,Eagle Software India Pvt. Ltd,265,3624
Registrar General India ECIL,Emdee Digitronics Pvt.Ltd.,1478,69
Registrar General India ECIL,In Media Computer Services LLP,24234,1011
Registrar General India ECIL,India Computer Technology,4579,1073
Registrar General India ECIL,Integrated Systems & Services,74,0
Registrar General India ECIL,Karvy Data Management Services,6111,179
Registrar General India ECIL,LYRA  CONSULTANCY SERVICE,670,171
Registrar General India ECIL,Madras Security Printers Ltd,1641,280
Registrar General India ECIL,SARADA SYSTEMS,5706,1357
Registrar General India ECIL,SWISSTECH NPR 57CR PROJECT PVT,0,4
Registrar General India ECIL,The NSIC ltd,575,264
Registrar General India ECIL,WEBEL TECHNOLOGY LIMITED,1895,29
Registrar General India Others,COMTECHINFO SOLUTIONS PVT.LTD,2,0
Registrar General India Others,Pariza Enterprises,31,0
Registrar General of India ITI,Emdee Digitronics Pvt.Ltd.,9129,486
Registrar General of India ITI,In Media Computer Services LLP,2081,292
Registrar General of India ITI,Karvy Data Management Services,1,1
Registrar General of India ITI,LYRA  CONSULTANCY SERVICE,27,3
Registrar General of India ITI,Madras Security Printers Ltd,1458,242
Registrar General of India ITI,Netlink software Pvt Ltd,497,30
Registrar General of India ITI,Nevaeh Technology Pvt. Ltd.,0,133
Registrar General of India ITI,SNR Edatas Pvt Ltd,208,23
Registrar General of India ITI,Swathy Smartcards Hi-Tech Pvt,0,1
Registrar General of India ITI,VIRGO SOFTECH LIMITED,1,2
Registrar General of India ITI,Vedavaag Systems Limited,0,1
Registrar General of India ITI,WEBEL TECHNOLOGY LIMITED,3951,101
Registrar General of India ITI,Webx Technologies Private Limited,573,10
Rural Development Dept  Govt. of Bihar,Bloom Solutions Pvt Ltd,353,82
Rural Development Dept  Govt. of Bihar,Computer LAB,3613,268
Rural Development Dept  Govt. of Bihar,Emdee Digitronics Pvt.Ltd.,417,262
Rural Development Dept  Govt. of Bihar,FINANCIAL INFORMATION NETWORK,650,56
Rural Development Dept  Govt. of Bihar,Frontech Systems Pvt Ltd,17,1
Rural Development Dept  Govt. of Bihar,M2C Private Solution,1546,87
Rural Development Dept  Govt. of Bihar,MKS Enterprises,26,14
Rural Development Dept  Govt. of Bihar,Orion Security Solutions Private Ltd,321,14
Rural Development Dept  Govt. of Bihar,Urmila Info solution,571,112
State Bank of India,FINANCIAL INFORMATION NETWORK,3556,763
State Bank of India,Smart Chip Limited,149,185
State Bank of India,Utility Forms Pvt Ltd,2466,556
UIDAI-Registrar,UIDAI-EA,57,4
UTI Infrastructure Technology & Services Limited,Houston Technologies Limited,20,18
UTI Infrastructure Technology & Services Limited,Omnitech Infosolutions Ltd,2388,184
Union Bank,FINANCIAL INFORMATION NETWORK,15864,1888
Union Bank,Smart Chip Limited,176,13
Union Bank,Vakrangee Softwares Limited,4129,1239
