Registrar,Enrolment Agency,Aadhaar generated,Enrolment Rejected
Allahabad Bank,A-Onerealtors Pvt Ltd,838,95
Allahabad Bank,Agro Tech Engineers,19,14
Allahabad Bank,Asha Security Guard Services,1394,56
Allahabad Bank,Ayush Enterprises,115,12
Allahabad Bank,Corporate India Facilities Pvt Ltd,28,10
Allahabad Bank,Emdee Digitronics Pvt.Ltd.,333,30
Allahabad Bank,MEGHA VINCOM PVT LTD,52,19
Allahabad Bank,Nevaeh Technology Pvt. Ltd.,538,92
Allahabad Bank,Ortem Securities Limited,418,0
Allahabad Bank,PROTEX COMPUTER PVT LTD,104,10
Allahabad Bank,Redim Software Technologies Pvt Ltd,195,0
Allahabad Bank,SGS INDIA PVT LTD,1181,84
Allahabad Bank,Transmoovers India,212,2
Allahabad Bank,VAP INFOSOLUTIONS,330,10
Allahabad Bank,Vedavaag Systems Limited,231,28
Atalji Janasnehi Directorate  Government of Karnataka,Atalji Janasnehi Directorate  GOK,3689,1081
Bank Of India,A3 Logics  India  Ltd,72,8
Bank Of India,CHESSY CONSULTANTS PVT LTD,1,3
Bank Of India,DATASOFT COMPUTER SERVICES(P),134,20
Bank Of India,Frontech Systems Pvt Ltd,865,26
Bank Of India,OSWAL COMPUTERS & CONSULTANTS,83,33
Bank Of India,PROTEX COMPUTER PVT LTD,291,3
Bank Of India,SARADA SYSTEMS,943,53
Bank Of India,SREI INFRASTRUCTURE FINANCES L,6397,473
Bank Of India,VEETECHNOLOGIES PVT. LTD,1219,222
Bank of Baroda,Global Finsol Private Limited,8,0
Bank of Baroda,Twinstar Industries Ltd.,8,1
Bank of Maharashtra,Micro Technologies India Ltd,1,0
Bank of Maharashtra,Tera Software Ltd,1088,67
CSC e-Governance Services India Limited,A I Soc for Electronics and Comp Tech,9617,464
CSC e-Governance Services India Limited,A-Onerealtors Pvt Ltd,245,23
CSC e-Governance Services India Limited,AKSH OPTIFIBRE LIMITED,9048,483
CSC e-Governance Services India Limited,APOnline Limited,152,12
CSC e-Governance Services India Limited,Alankit Limited,293,27
CSC e-Governance Services India Limited,Amar Constructions,976,336
CSC e-Governance Services India Limited,BASIX,8792,496
CSC e-Governance Services India Limited,Binary Systems,534,23
CSC e-Governance Services India Limited,Bloom Solutions Pvt Ltd,2542,113
CSC e-Governance Services India Limited,CALANCE SOFTWARE PRIVATE LTD,1408,73
CSC e-Governance Services India Limited,CHIPS,9828,472
CSC e-Governance Services India Limited,CMS Computers Ltd,24208,1804
CSC e-Governance Services India Limited,CSC e-Governance Services India Limited,31443,2081
CSC e-Governance Services India Limited,Computer Print,193,32
CSC e-Governance Services India Limited,Conatus Infocom Pvt. Ltd,710,33
CSC e-Governance Services India Limited,DATASOFT COMPUTER SERVICES(P),2454,177
CSC e-Governance Services India Limited,Digitcom Systems Pvt. Ltd.,2194,81
CSC e-Governance Services India Limited,Ecartes Technology Pvt. Ltd,331,12
CSC e-Governance Services India Limited,Estex Telecom Pvt Ltd,509,39
CSC e-Governance Services India Limited,Excel Technovation Pvt. Ltd,9,1
CSC e-Governance Services India Limited,Gem Computers,58,14
CSC e-Governance Services India Limited,Home Life Buildcon Pvt Ltd,2300,185
CSC e-Governance Services India Limited,HyperSoft Technologies Ltd,703,40
CSC e-Governance Services India Limited,IAP COMPANY Pvt. Ltd,14543,887
CSC e-Governance Services India Limited,Intelligent Communication Sys India Ltd,1,0
CSC e-Governance Services India Limited,Janta Silikon Consortium,1321,130
CSC e-Governance Services India Limited,Jeevan Deep Charitable Society,1281,56
CSC e-Governance Services India Limited,KDS Services Private Limited,496,47
CSC e-Governance Services India Limited,MANTRA SOFTTECH (INDIA) PVTLTD,2041,118
CSC e-Governance Services India Limited,MEGHA VINCOM PVT LTD,690,48
CSC e-Governance Services India Limited,Mahamritunjay Traders,4727,227
CSC e-Governance Services India Limited,Mahaonline Limited,2569,198
CSC e-Governance Services India Limited,Murano India Pvt Ltd,507,36
CSC e-Governance Services India Limited,NPS Technologies Pvt. Ltd,16135,736
CSC e-Governance Services India Limited,NVR & ASSOCIATES LIMITED,1650,246
CSC e-Governance Services India Limited,National Cooperative Consumers Federation of India Limited,4,1
CSC e-Governance Services India Limited,Nekton IT India Pvt Ltd.,7017,141
CSC e-Governance Services India Limited,Netlink software Pvt Ltd,1224,42
CSC e-Governance Services India Limited,Network for Information & Computer,3180,191
CSC e-Governance Services India Limited,Prakash Computer Services,1324,42
CSC e-Governance Services India Limited,Promind Solutions P Limited,2910,411
CSC e-Governance Services India Limited,Radiant Haroti Industries India Ltd,6405,388
CSC e-Governance Services India Limited,Raj Construction Co.,1574,38
CSC e-Governance Services India Limited,SGS INDIA PVT LTD,908,42
CSC e-Governance Services India Limited,SPANCO,2900,134
CSC e-Governance Services India Limited,SRR Infotech,1074,63
CSC e-Governance Services India Limited,Sahaj e-Village Limited,1698,58
CSC e-Governance Services India Limited,Saket Advertising Pvt. Ltd,326,4
CSC e-Governance Services India Limited,Sri Ramraja Sarkar Lok Kalyan Trust,955,3
CSC e-Governance Services India Limited,Super Printers,165,25
CSC e-Governance Services India Limited,Tera Software Ltd,3204,155
CSC e-Governance Services India Limited,Twinstar Industries Ltd.,635,72
CSC e-Governance Services India Limited,United Telecoms e-Services Pvt Ltd,4664,239
CSC e-Governance Services India Limited,VIKALP MULTIMEDIA,177,39
CSC e-Governance Services India Limited,VISESH INFOTECNICS LIMITED,12,2
CSC e-Governance Services India Limited,VISION COMPTECH INTEGRATOR LTD,1065,48
CSC e-Governance Services India Limited,Vakrangee Softwares Limited,2,0
CSC e-Governance Services India Limited,Vayam technologies Ltd,1701,83
CSC e-Governance Services India Limited,Vedavaag Systems Limited,5740,223
CSC e-Governance Services India Limited,Vigilant Corporate Services Pvt Ltd,7,4
CSC e-Governance Services India Limited,Virinchi Technologies Ltd,804,58
CSC e-Governance Services India Limited,Yash Ornaments Pvt. Ltd,705,59
CSC e-Governance Services India Limited,Zephyr System Pvt.Ltd.,8677,561
Canara Bank,FINANCIAL INFORMATION NETWORK,3011,279
Canara Bank,Karvy Data Management Services,1513,276
Canara Bank,Ojus Healthcare Private Limited,973,84
Canara Bank,Osiris Infotech Pvt. Ltd.,284,14
Canara Bank,Smart Chip Limited,176,53
Canara Bank,Virinchi Technologies Ltd,4312,223
DENA BANK,77 Infosystems Pvt Ltd,287,11
DENA BANK,A-Onerealtors Pvt Ltd,524,14
DENA BANK,APEX Services,660,55
DENA BANK,AS International,327,105
DENA BANK,ATISHAY INFOTECH PVT. LTD.,1439,133
DENA BANK,AVVAS INFOTECH PVT  LTD,1910,235
DENA BANK,Advent Infomax Private Ltd,23,5
DENA BANK,Akhil Bhartiya Majdoor Shiksha Sewa Samiti,46,7
DENA BANK,Amar Constructions,1011,243
DENA BANK,Apnatech Consultancy Services Pvt Ltd,110,4
DENA BANK,Asha Security Guard Services,514,72
DENA BANK,Asray Gram,313,6
DENA BANK,BNR UDYOG LIMITED,1,0
DENA BANK,Binary Systems,134,39
DENA BANK,Bloom Solutions Pvt Ltd,5599,262
DENA BANK,Blue Circle Instrument,110,24
DENA BANK,Business Information Processing Services,107,39
DENA BANK,CALANCE SOFTWARE PRIVATE LTD,1233,90
DENA BANK,City Hawks Manpower Services & Consultancy,144,9
DENA BANK,DATASOFT COMPUTER SERVICES(P),732,61
DENA BANK,DEVASHISH SECURITIES PVT. LTD.,4,0
DENA BANK,Eagle Software India Pvt. Ltd,164,14
DENA BANK,Ecartes Technology Pvt. Ltd,71,19
DENA BANK,FINANCIAL INFORMATION NETWORK,328,36
DENA BANK,Gujarat Infotech Ltd.,3216,44
DENA BANK,IAP COMPANY Pvt. Ltd,4898,285
DENA BANK,India Computer Technology,133,2
DENA BANK,JNET Technologies Pvt.Ltd,22,1
DENA BANK,Jeevan Deep Charitable Society,3,6
DENA BANK,K W Consulting P Ltd,20,5
DENA BANK,M/S STAR DATA CENTRE,270,18
DENA BANK,M/s Gold Square Builders & Promoters Pvt. Ltd.,1295,152
DENA BANK,MARS Telecom Systems Pvt Ltd,831,35
DENA BANK,MEGHA VINCOM PVT LTD,883,87
DENA BANK,MKS Enterprises,1561,15
DENA BANK,Make India Smart Private Limited,1033,119
DENA BANK,Multiwave Innovation,176,24
DENA BANK,NVR & ASSOCIATES LIMITED,73,63
DENA BANK,Netlink software Pvt Ltd,7771,346
DENA BANK,Nielsen  India  Private Limited,10422,726
DENA BANK,Offshoot Agency Pvt. Ltd.,23,0
DENA BANK,Ojus G Enterprises,3,7
DENA BANK,Om Softwares,186,56
DENA BANK,Ortem Securities Limited,0,1
DENA BANK,Radiant Haroti Industries India Ltd,0,3
DENA BANK,Ricoh India Limited,133,40
DENA BANK,SGS INDIA PVT LTD,474,44
DENA BANK,Silver Touch Technologies Ltd,1393,45
DENA BANK,Sixth Dimension Project Solutions Ltd,655,19
DENA BANK,Soc for Advancement of Environ Science,158,31
DENA BANK,SoftAge Information Technology Limited,1,12
DENA BANK,Super Printers,2697,106
DENA BANK,TechSmart India Pvt Ltd,523,57
DENA BANK,Transline Technologies P Ltd,153,32
DENA BANK,UT Computers Educational & Welfare Soc,502,26
DENA BANK,Utility Forms Pvt Ltd,186,7
DENA BANK,VAP INFOSOLUTIONS,549,28
DENA BANK,VISION COMPTECH INTEGRATOR LTD,764,86
DENA BANK,Vayam technologies Ltd,2,0
DENA BANK,Vedavaag Systems Limited,304,25
DENA BANK,Virinchi Technologies Ltd,710,41
DENA BANK,WEBEL,4239,622
DENA BANK,Wipro Ltd,8783,1633
DENA BANK,Yash Ornaments Pvt. Ltd,1,2
DENA BANK,Zephyr System Pvt.Ltd.,3178,154
Delhi - East DC,Tera Software Ltd,1,0
Delhi Urban Shelter Improvemen,Tera Software Ltd,3,0
Department of Information Technology Govt of Jharkhand,MKS Enterprises,2,0
Department of Information Technology Govt of Jharkhand,Wipro Ltd,2,0
Dept of ITC Govt of Rajasthan,ATISHAY INFOTECH PVT. LTD.,0,2
Dept of ITC Govt of Rajasthan,Academy of Management Studies,35,1
Dept of ITC Govt of Rajasthan,Business Information Processing Services,20,3
Dept of ITC Govt of Rajasthan,CMS Computers Ltd,65,23
Dept of ITC Govt of Rajasthan,COMTECH INSTITUTE OFTECHNOLOGY,206,25
Dept of ITC Govt of Rajasthan,DATASOFT COMPUTER SERVICES(P),100,21
Dept of ITC Govt of Rajasthan,FINANCIAL INFORMATION NETWORK,1076,51
Dept of ITC Govt of Rajasthan,IAP COMPANY Pvt. Ltd,321,7
Dept of ITC Govt of Rajasthan,Karvy Data Management Services,126,17
Dept of ITC Govt of Rajasthan,M/s Sanish Choudhary,99,8
Dept of ITC Govt of Rajasthan,MEGHA VINCOM PVT LTD,15,2
Dept of ITC Govt of Rajasthan,Matrix Processing House,68,5
Dept of ITC Govt of Rajasthan,Netlink software Pvt Ltd,2,0
Dept of ITC Govt of Rajasthan,Rajcomp Info Services Ltd,2069,132
Dept of ITC Govt of Rajasthan,Ricoh India Limited,42,5
Dept of ITC Govt of Rajasthan,SAR Technology,186,10
Dept of ITC Govt of Rajasthan,SREI INFRASTRUCTURE FINANCES L,4,0
Dept of ITC Govt of Rajasthan,TechSmart India Pvt Ltd,67,1
Dept of ITC Govt of Rajasthan,UMC Technologies Pvt. Ltd,289,6
Dept of ITC Govt of Rajasthan,VIRGO SOFTECH LIMITED,692,41
Dept of ITC Govt of Rajasthan,VISION COMPTECH INTEGRATOR LTD,15,1
Dept of ITC Govt of Rajasthan,Vakrangee Softwares Limited,661,52
Dept of ITC Govt of Rajasthan,Vayam technologies Ltd,2,0
FCR Govt of Haryana,4G INFORMATICS,49,1
FCR Govt of Haryana,Academy of Management Studies,81,9
FCR Govt of Haryana,District IT Society Ambala,682,74
FCR Govt of Haryana,District IT Society Bhiwani,745,13
FCR Govt of Haryana,District IT Society Faridabad,230,15
FCR Govt of Haryana,District IT Society Fatehabad,906,36
FCR Govt of Haryana,District IT Society Gurgaon,86,7
FCR Govt of Haryana,District IT Society Hisar,453,32
FCR Govt of Haryana,District IT Society Jhajjar,479,14
FCR Govt of Haryana,District IT Society Kaithal,355,25
FCR Govt of Haryana,District IT Society Karnal,110,8
FCR Govt of Haryana,District IT Society Kurukshetra,55,11
FCR Govt of Haryana,District IT Society Mahendragarh,33,13
FCR Govt of Haryana,District IT Society Mewat,246,51
FCR Govt of Haryana,District IT Society Palwal,120,10
FCR Govt of Haryana,District IT Society Panchkula,348,12
FCR Govt of Haryana,District IT Society Panipat,155,17
FCR Govt of Haryana,District IT Society Rewari,138,19
FCR Govt of Haryana,District IT Society Rohtak,345,22
FCR Govt of Haryana,District IT Society Sirsa,193,24
FCR Govt of Haryana,District IT Society Sonipat,154,11
FCR Govt of Haryana,District IT Society Yamuna Nagar,494,17
FCR Govt of Haryana,Radiant Info Systems Ltd,17,0
FCR Govt of Haryana,SoftAge Information Technology Limited,915,77
FCR Govt of Haryana,Vayam technologies Ltd,1,1
FCS Govt of Punjab,District Sukhmani Society  Jalandhar  Punjab,4,0
FCS Govt of Punjab,District Sukhmani Society  Ludhiana  Punjab,26,8
FCS Govt of Punjab,District Sukhmani Society  Moga  Punjab,29,3
FCS Govt of Punjab,District Sukhmani Society Amritsar Punjab,14,9
FCS Govt of Punjab,District Sukhmani Society Barnala Punjab,30,4
FCS Govt of Punjab,District Sukhmani Society Bathinda Punjab,86,6
FCS Govt of Punjab,District Sukhmani Society Fatehgarh Sahib Punjab,16,1
FCS Govt of Punjab,District Sukhmani Society Fazilka Punjab,41,5
FCS Govt of Punjab,District Sukhmani Society Ferozepur Punjab,1,1
FCS Govt of Punjab,District Sukhmani Society For Citizen Services Mansa Punjab,117,13
FCS Govt of Punjab,District Sukhmani Society For Citizen Services Nawanshahr Punjab,30,4
FCS Govt of Punjab,District Sukhmani Society For Citizen Services SAS Nagar District e-Governance Society Punjab,21,10
FCS Govt of Punjab,District Sukhmani Society Patiala Punjab,97,3
FCS Govt of Punjab,District Sukhmani Society Rupnagar Punjab,1,2
FCS Govt of Punjab,District Sukhmani Society Sangrur Punjab,57,7
FCS Govt of Punjab,District Sukhmani Society Sri Muktsar Sahib Punjab,7,4
FCS Govt of Punjab,District Sukhmani Society Tarn Taran Punjab,11,7
FCS Govt of Punjab,Karvy Computershare Private Li,631,21
FCS Govt of Punjab,Sukhmani Society For Citizen Services  Kapurthala  Punjab,1,0
FCS Govt of Punjab,Sukhmani Society For Citizens Services Faridkot Punjab,40,0
FCS Govt of Punjab,Suwidha Society Hoshiarpur Punjab,21,1
FCS Govt of Punjab,Vayam technologies Ltd,88,4
FCS Govt of Punjab,eCentric solutions pvt ltd,366,30
Govt of Andhra Pradesh,IL&FS LTD,3,0
Govt of Gujarat,GSS Infotech Ltd,495,8
Govt of Gujarat,Karvy Computershare Private Li,7239,328
Govt of Gujarat,Silver Touch Technologies Ltd,247,44
Govt of Gujarat,Tera Software Ltd,463,22
Govt of Gujarat,Vayam technologies Ltd,7,0
Govt of Gujarat,eCentric solutions pvt ltd,5,2
Govt of Himachal Pradesh,Department of IT  Govt. of HP,88,10
Govt of Karnataka ,Centre for e-Governance  GOK,3672,399
Govt of Karnataka ,EDCS GOK,1035,35
Govt of Karnataka ,MARS Telecom Systems Pvt Ltd,14,0
Govt of Karnataka ,Origin ITFS Pvt Ltd,1,0
Govt of Karnataka ,Wipro Ltd,9,0
Govt of Kerala,Akshaya,8757,121
Govt of Kerala,Keltron,1,1
Govt of Maharashtra,M/S King Computer System pvt Ltd,60,10
Govt of Maharashtra,M/s. Vidya Online  Pune,109,7
Govt of Maharashtra,Netlink software Pvt Ltd,1,0
Govt of Maharashtra,Rudranee Infotech Ltd,121,10
Govt of Maharashtra,SETU MAHARASHTRA,64,15
Govt of Maharashtra,SHREERAM PRINTING PRESS,2,1
Govt of Maharashtra,SILVER JUBILEE MOTORS LTD.,76,6
Govt of Sikkim - Dept of Econo,Department of Economics Statistics  Monitoring and Evaluation DESME,39,3
IDBI Bank ltd,ATISHAY INFOTECH PVT. LTD.,654,54
IDBI Bank ltd,Matrix Processing House,208,4
IDBI Bank ltd,SREEVEN INFOCOM LIMITED,1901,55
Indiapost,Global Finsol Private Limited,5,0
Information Technology & Communication Department,Directorate of ESD,4745,300
Information Technology & Communication Department,Tera Software Ltd,1,0
Jharkhand,Emdee Digitronics Pvt.Ltd.,1,0
Mission Convergence - GNCT Del,Tera Software Ltd,1,0
NSDL e-Governance Infrastructure Limited,Abhipra Capital Ltd,110,5
NSDL e-Governance Infrastructure Limited,Alankit Finsec Ltd,1598,161
NSDL e-Governance Infrastructure Limited,Alankit Limited,46,4
NSDL e-Governance Infrastructure Limited,Amar Constructions,841,248
NSDL e-Governance Infrastructure Limited,Gujarat Infotech Ltd.,6062,542
NSDL e-Governance Infrastructure Limited,IAP COMPANY Pvt. Ltd,14,0
NSDL e-Governance Infrastructure Limited,Karvy Data Management Services,28084,1572
NSDL e-Governance Infrastructure Limited,M/s Sanish Choudhary,5,0
NSDL e-Governance Infrastructure Limited,N.K. Sharma Enterprises Ltd.,505,68
NSDL e-Governance Infrastructure Limited,Netlink software Pvt Ltd,16,0
NSDL e-Governance Infrastructure Limited,Offshoot Agency Pvt. Ltd.,175,41
NSDL e-Governance Infrastructure Limited,Ojus G Enterprises,46,26
NSDL e-Governance Infrastructure Limited,Promind Solutions P Limited,142,9
NSDL e-Governance Infrastructure Limited,RELIGARE SECURITIES LTD,1936,113
NSDL e-Governance Infrastructure Limited,Radiant Haroti Industries India Ltd,1,0
NSDL e-Governance Infrastructure Limited,Ricoh India Limited,2421,907
NSDL e-Governance Infrastructure Limited,S.J. Technologies,166,6
NSDL e-Governance Infrastructure Limited,SNR Edatas Pvt Ltd,6,4
NSDL e-Governance Infrastructure Limited,Sri Ramraja Sarkar Lok Kalyan Trust,904,78
NSDL e-Governance Infrastructure Limited,Utility Forms Pvt Ltd,1685,72
NSDL e-Governance Infrastructure Limited,VFS Global Services Pvt. Ltd,3,0
NSDL e-Governance Infrastructure Limited,VIRGO SOFTECH LIMITED,3617,146
Oriental Bank of Commerce,DATASOFT COMPUTER SERVICES(P),1,0
Oriental Bank of Commerce,Sri Ramraja Sarkar Lok Kalyan Trust,1,0
Oriental Bank of Commerce,Wipro Ltd,1,0
Project Coordinator UID Project Madhya Pradesh,A I Soc for Electronics and Comp Tech,11306,481
Project Coordinator UID Project Madhya Pradesh,DATASOFT COMPUTER SERVICES(P),248,13
Project Coordinator UID Project Madhya Pradesh,LYRA  CONSULTANCY SERVICE,1772,93
Project Coordinator UID Project Madhya Pradesh,MPOnline Limited,10643,637
Project Coordinator UID Project Madhya Pradesh,Matrix Processing House,429,39
Project Coordinator UID Project Madhya Pradesh,OSWAL COMPUTERS & CONSULTANTS,2065,284
Project Coordinator UID Project Madhya Pradesh,Orion Security Solutions Private Ltd,778,84
Project Coordinator UID Project Madhya Pradesh,Sixth Dimension Project Solutions Ltd,645,26
Punjab National Bank,Alankit Finsec Ltd,3994,356
Punjab National Bank,Eagle Software India Pvt. Ltd,1139,312
Punjab National Bank,MARS Telecom Systems Pvt Ltd,1384,171
Punjab National Bank,SREI INFRASTRUCTURE FINANCES L,0,2
Punjab National Bank,Smart Chip Limited,873,170
Punjab National Bank,Vayam technologies Ltd,201,2
Punjab and Sind Bank,Matrix Processing House,1537,99
Registrar General India BEL2,Chinar Construction Company Prime agency,0,1
Registrar General India BEL2,Computer LAB,7,0
Registrar General India BEL2,Emdee Digitronics Pvt.Ltd.,16,10
Registrar General India BEL2,In Media Computer Services LLP,2990,61
Registrar General India BEL2,India Computer Technology,31,0
Registrar General India BEL2,Karvy Data Management Services,4487,197
Registrar General India BEL2,MACRO INFOTECH PVT LTD,30312,1105
Registrar General India BEL2,Madras Security Printers Ltd,10,0
Registrar General India BEL2,Manipur Electronics Dev Corp,28,7
Registrar General India BEL2,Multiwave Innovation,3,8
Registrar General India BEL2,Netlink software Pvt Ltd,7,1
Registrar General India BEL2,Nevaeh Technology Pvt. Ltd.,72,8
Registrar General India BEL2,Nielsen  India  Private Limited,248,0
Registrar General India BEL2,Om Softwares,1,0
Registrar General India BEL2,Pariza Enterprises,379,6
Registrar General India BEL2,SNR Edatas Pvt Ltd,2088,761
Registrar General India BEL2,Swathy Smartcards Hi-Tech Pvt,11,0
Registrar General India BEL2,Tera Software Ltd,1579,4
Registrar General India BEL2,UNITED DATA SERVICES PRIVATE LIMITED,2377,93
Registrar General India BEL2,Vedavaag Systems Limited,1,0
Registrar General India BEL2,Viesa Technologies,18,72
Registrar General India ECIL,COMTECHINFO SOLUTIONS PVT.LTD,954,1013
Registrar General India ECIL,Chinar Construction Company Prime agency,2393,407
Registrar General India ECIL,Clairvoyance Technologies Pvt.,121,56
Registrar General India ECIL,Computer LAB,8651,992
Registrar General India ECIL,ECIL,0,1
Registrar General India ECIL,Eagle Software India Pvt. Ltd,36253,3909
Registrar General India ECIL,Emdee Digitronics Pvt.Ltd.,1769,167
Registrar General India ECIL,In Media Computer Services LLP,364,149
Registrar General India ECIL,India Computer Technology,3144,253
Registrar General India ECIL,Integrated Systems & Services,180,1
Registrar General India ECIL,Karvy Data Management Services,25,264
Registrar General India ECIL,LYRA  CONSULTANCY SERVICE,1748,21
Registrar General India ECIL,Madras Security Printers Ltd,31158,3566
Registrar General India ECIL,Mphasis Ltd,1,0
Registrar General India ECIL,Pioneer E Labs limited,0,62
Registrar General India ECIL,SARADA SYSTEMS,2823,224
Registrar General India ECIL,SWISSTECH NPR 57CR PROJECT PVT,2,0
Registrar General India ECIL,Tera Software Ltd,1,0
Registrar General India ECIL,The NSIC ltd,2,15
Registrar General India ECIL,Vedavaag Systems Limited,0,1
Registrar General India ECIL,WEBEL TECHNOLOGY LIMITED,41,33
Registrar General India Others,Integrated Systems & Services,11,0
Registrar General of India ITI,Eagle Software India Pvt. Ltd,49,0
Registrar General of India ITI,Emdee Digitronics Pvt.Ltd.,13536,176
Registrar General of India ITI,In Media Computer Services LLP,34,11
Registrar General of India ITI,Karvy Data Management Services,2,0
Registrar General of India ITI,Madras Security Printers Ltd,4484,139
Registrar General of India ITI,Netlink software Pvt Ltd,307,56
Registrar General of India ITI,Nielsen  India  Private Limited,4,0
Registrar General of India ITI,Quick Data IT Services Pvt Ltd,3,0
Registrar General of India ITI,SNR Edatas Pvt Ltd,90,59
Registrar General of India ITI,Swathy Smartcards Hi-Tech Pvt,0,8
Registrar General of India ITI,VIRGO SOFTECH LIMITED,78,4
Registrar General of India ITI,WEBEL TECHNOLOGY LIMITED,1604,119
Registrar General of India ITI,Webx Technologies Private Limited,350,1
Rural Development Dept  Govt. of Bihar,Bloom Solutions Pvt Ltd,180,179
Rural Development Dept  Govt. of Bihar,Computer LAB,450,211
Rural Development Dept  Govt. of Bihar,Emdee Digitronics Pvt.Ltd.,3504,1200
Rural Development Dept  Govt. of Bihar,FINANCIAL INFORMATION NETWORK,214,25
Rural Development Dept  Govt. of Bihar,Frontech Systems Pvt Ltd,27,1
Rural Development Dept  Govt. of Bihar,M2C Private Solution,57,60
Rural Development Dept  Govt. of Bihar,MKS Enterprises,2418,17
Rural Development Dept  Govt. of Bihar,Orion Security Solutions Private Ltd,76,13
Rural Development Dept  Govt. of Bihar,Urmila Info solution,511,68
State Bank of India,Alankit Limited,0,1
State Bank of India,FINANCIAL INFORMATION NETWORK,3784,418
State Bank of India,Smart Chip Limited,2,3
State Bank of India,Utility Forms Pvt Ltd,1562,88
UIDAI-Registrar,UIDAI-EA,35,0
UTI Infrastructure Technology & Services Limited,Houston Technologies Limited,46,1
UTI Infrastructure Technology & Services Limited,Omnitech Infosolutions Ltd,698,53
Union Bank,FINANCIAL INFORMATION NETWORK,20230,1228
Union Bank,Smart Chip Limited,171,6
Union Bank,Vakrangee Softwares Limited,4595,452
