Registrar,Enrolment Agency,Aadhaar generated,Enrolment Rejected
Allahabad Bank,A-Onerealtors Pvt Ltd,979,72
Allahabad Bank,Agro Tech Engineers,125,8
Allahabad Bank,Asha Security Guard Services,2063,110
Allahabad Bank,Ayush Enterprises,95,10
Allahabad Bank,Corporate India Facilities Pvt Ltd,51,9
Allahabad Bank,Emdee Digitronics Pvt.Ltd.,13,1
Allahabad Bank,MEGHA VINCOM PVT LTD,39,9
Allahabad Bank,Nevaeh Technology Pvt. Ltd.,1154,66
Allahabad Bank,Ortem Securities Limited,8,2
Allahabad Bank,PROTEX COMPUTER PVT LTD,185,1
Allahabad Bank,Redim Software Technologies Pvt Ltd,27,1
Allahabad Bank,SGS INDIA PVT LTD,933,64
Allahabad Bank,Transmoovers India,54,11
Allahabad Bank,VAP INFOSOLUTIONS,323,7
Allahabad Bank,Vedavaag Systems Limited,149,105
Atalji Janasnehi Directorate  Government of Karnataka,Atalji Janasnehi Directorate  GOK,3600,81
Bank Of India,A3 Logics  India  Ltd,105,4
Bank Of India,CHESSY CONSULTANTS PVT LTD,27,3
Bank Of India,DATASOFT COMPUTER SERVICES(P),45,8
Bank Of India,Frontech Systems Pvt Ltd,80,5
Bank Of India,OSWAL COMPUTERS & CONSULTANTS,589,12
Bank Of India,PROTEX COMPUTER PVT LTD,203,10
Bank Of India,SARADA SYSTEMS,2313,68
Bank Of India,SREI INFRASTRUCTURE FINANCES L,14412,376
Bank Of India,VEETECHNOLOGIES PVT. LTD,734,40
Bank of Baroda,Twinstar Industries Ltd.,186,2
Bank of Maharashtra,Tera Software Ltd,724,19
CSC e-Governance Services India Limited,A I Soc for Electronics and Comp Tech,7793,236
CSC e-Governance Services India Limited,A-Onerealtors Pvt Ltd,156,4
CSC e-Governance Services India Limited,AKSH OPTIFIBRE LIMITED,8538,540
CSC e-Governance Services India Limited,APOnline Limited,120,11
CSC e-Governance Services India Limited,Alankit Limited,285,8
CSC e-Governance Services India Limited,Amar Constructions,1480,254
CSC e-Governance Services India Limited,BASIX,6262,325
CSC e-Governance Services India Limited,Binary Systems,164,9
CSC e-Governance Services India Limited,Bloom Solutions Pvt Ltd,559,38
CSC e-Governance Services India Limited,CALANCE SOFTWARE PRIVATE LTD,692,35
CSC e-Governance Services India Limited,CHIPS,9521,595
CSC e-Governance Services India Limited,CMS Computers Ltd,19613,1267
CSC e-Governance Services India Limited,CSC e-Governance Services India Limited,21364,1258
CSC e-Governance Services India Limited,Computer Print,591,31
CSC e-Governance Services India Limited,Conatus Infocom Pvt. Ltd,214,21
CSC e-Governance Services India Limited,DATASOFT COMPUTER SERVICES(P),1222,83
CSC e-Governance Services India Limited,Digitcom Systems Pvt. Ltd.,1810,147
CSC e-Governance Services India Limited,Ecartes Technology Pvt. Ltd,388,5
CSC e-Governance Services India Limited,Estex Telecom Pvt Ltd,641,160
CSC e-Governance Services India Limited,Excel Technovation Pvt. Ltd,10,9
CSC e-Governance Services India Limited,Gem Computers,168,10
CSC e-Governance Services India Limited,Home Life Buildcon Pvt Ltd,1673,322
CSC e-Governance Services India Limited,HyperSoft Technologies Ltd,523,37
CSC e-Governance Services India Limited,IAP COMPANY Pvt. Ltd,6938,404
CSC e-Governance Services India Limited,Janta Silikon Consortium,1643,291
CSC e-Governance Services India Limited,Jeevan Deep Charitable Society,488,157
CSC e-Governance Services India Limited,KDS Services Private Limited,324,11
CSC e-Governance Services India Limited,MANTRA SOFTTECH (INDIA) PVTLTD,2399,10
CSC e-Governance Services India Limited,MEGHA VINCOM PVT LTD,678,32
CSC e-Governance Services India Limited,Mahamritunjay Traders,3599,375
CSC e-Governance Services India Limited,Mahaonline Limited,2914,621
CSC e-Governance Services India Limited,Murano India Pvt Ltd,796,310
CSC e-Governance Services India Limited,NPS Technologies Pvt. Ltd,16945,480
CSC e-Governance Services India Limited,NVR & ASSOCIATES LIMITED,2065,130
CSC e-Governance Services India Limited,National Cooperative Consumers Federation of India Limited,10,5
CSC e-Governance Services India Limited,Nekton IT India Pvt Ltd.,4233,192
CSC e-Governance Services India Limited,Netlink software Pvt Ltd,609,29
CSC e-Governance Services India Limited,Network for Information & Computer,3511,69
CSC e-Governance Services India Limited,Prakash Computer Services,1231,51
CSC e-Governance Services India Limited,Promind Solutions P Limited,2849,206
CSC e-Governance Services India Limited,Radiant Haroti Industries India Ltd,5513,543
CSC e-Governance Services India Limited,Raj Construction Co.,369,56
CSC e-Governance Services India Limited,SGS INDIA PVT LTD,842,31
CSC e-Governance Services India Limited,SPANCO,1201,57
CSC e-Governance Services India Limited,SRR Infotech,865,45
CSC e-Governance Services India Limited,Sahaj e-Village Limited,1039,99
CSC e-Governance Services India Limited,Saket Advertising Pvt. Ltd,207,21
CSC e-Governance Services India Limited,Sri Ramraja Sarkar Lok Kalyan Trust,212,20
CSC e-Governance Services India Limited,Super Printers,193,11
CSC e-Governance Services India Limited,Tera Software Ltd,2456,85
CSC e-Governance Services India Limited,Twinstar Industries Ltd.,849,61
CSC e-Governance Services India Limited,United Telecoms e-Services Pvt Ltd,3426,116
CSC e-Governance Services India Limited,VIKALP MULTIMEDIA,397,72
CSC e-Governance Services India Limited,VISESH INFOTECNICS LIMITED,52,0
CSC e-Governance Services India Limited,VISION COMPTECH INTEGRATOR LTD,904,40
CSC e-Governance Services India Limited,Vayam technologies Ltd,2337,71
CSC e-Governance Services India Limited,Vedavaag Systems Limited,3979,87
CSC e-Governance Services India Limited,Vigilant Corporate Services Pvt Ltd,59,15
CSC e-Governance Services India Limited,Virinchi Technologies Ltd,666,27
CSC e-Governance Services India Limited,Yash Ornaments Pvt. Ltd,733,142
CSC e-Governance Services India Limited,Zephyr System Pvt.Ltd.,8297,303
Canara Bank,FINANCIAL INFORMATION NETWORK,2671,50
Canara Bank,Karvy Data Management Services,869,430
Canara Bank,Ojus Healthcare Private Limited,162,13
Canara Bank,Osiris Infotech Pvt. Ltd.,90,29
Canara Bank,Smart Chip Limited,104,23
Canara Bank,Virinchi Technologies Ltd,3975,125
DENA BANK,77 Infosystems Pvt Ltd,244,10
DENA BANK,A-Onerealtors Pvt Ltd,90,12
DENA BANK,APEX Services,979,14
DENA BANK,AS International,445,95
DENA BANK,ATISHAY INFOTECH PVT. LTD.,707,48
DENA BANK,AVVAS INFOTECH PVT  LTD,1990,116
DENA BANK,Advent Infomax Private Ltd,140,16
DENA BANK,Akhil Bhartiya Majdoor Shiksha Sewa Samiti,13,1
DENA BANK,Amar Constructions,210,525
DENA BANK,Apnatech Consultancy Services Pvt Ltd,78,17
DENA BANK,Asha Security Guard Services,886,33
DENA BANK,Asray Gram,222,4
DENA BANK,BNR UDYOG LIMITED,10,0
DENA BANK,Binary Systems,142,33
DENA BANK,Bloom Solutions Pvt Ltd,3034,86
DENA BANK,Blue Circle Instrument,368,18
DENA BANK,Business Information Processing Services,429,22
DENA BANK,CALANCE SOFTWARE PRIVATE LTD,229,29
DENA BANK,City Hawks Manpower Services & Consultancy,33,30
DENA BANK,DATASOFT COMPUTER SERVICES(P),214,27
DENA BANK,DEVASHISH SECURITIES PVT. LTD.,4,0
DENA BANK,Eagle Software India Pvt. Ltd,274,14
DENA BANK,Ecartes Technology Pvt. Ltd,692,51
DENA BANK,FINANCIAL INFORMATION NETWORK,439,22
DENA BANK,Gujarat Infotech Ltd.,5687,26
DENA BANK,IAP COMPANY Pvt. Ltd,2611,142
DENA BANK,India Computer Technology,22,0
DENA BANK,JNET Technologies Pvt.Ltd,14,0
DENA BANK,Jeevan Deep Charitable Society,16,8
DENA BANK,K W Consulting P Ltd,14,3
DENA BANK,M/S STAR DATA CENTRE,277,10
DENA BANK,M/s Gold Square Builders & Promoters Pvt. Ltd.,666,66
DENA BANK,M2C Private Solution,1,0
DENA BANK,MARS Telecom Systems Pvt Ltd,602,29
DENA BANK,MEGHA VINCOM PVT LTD,183,42
DENA BANK,MKS Enterprises,397,6
DENA BANK,Make India Smart Private Limited,776,112
DENA BANK,Multiwave Innovation,579,20
DENA BANK,NVR & ASSOCIATES LIMITED,135,89
DENA BANK,Netlink software Pvt Ltd,3538,192
DENA BANK,Nielsen  India  Private Limited,3266,467
DENA BANK,Offshoot Agency Pvt. Ltd.,243,2
DENA BANK,Ojus G Enterprises,3,7
DENA BANK,Om Softwares,611,123
DENA BANK,Ortem Securities Limited,2,4
DENA BANK,Radiant Haroti Industries India Ltd,0,1
DENA BANK,Ricoh India Limited,119,135
DENA BANK,SGS INDIA PVT LTD,421,13
DENA BANK,Silver Touch Technologies Ltd,396,21
DENA BANK,Sixth Dimension Project Solutions Ltd,207,4
DENA BANK,Soc for Advancement of Environ Science,93,60
DENA BANK,SoftAge Information Technology Limited,2,0
DENA BANK,Super Printers,1539,64
DENA BANK,TechSmart India Pvt Ltd,459,19
DENA BANK,Tera Software Ltd,1,0
DENA BANK,Transline Technologies P Ltd,54,21
DENA BANK,UT Computers Educational & Welfare Soc,201,30
DENA BANK,Utility Forms Pvt Ltd,15,3
DENA BANK,VAP INFOSOLUTIONS,423,26
DENA BANK,VISION COMPTECH INTEGRATOR LTD,192,27
DENA BANK,Vedavaag Systems Limited,284,5
DENA BANK,Virinchi Technologies Ltd,510,20
DENA BANK,WEBEL,2772,560
DENA BANK,Wipro Ltd,13362,1448
DENA BANK,Yash Ornaments Pvt. Ltd,28,6
DENA BANK,Zephyr System Pvt.Ltd.,2105,153
Department of Information Technology Govt of Jharkhand,Wipro Ltd,0,4
Dept of ITC Govt of Rajasthan,ATISHAY INFOTECH PVT. LTD.,1,0
Dept of ITC Govt of Rajasthan,Academy of Management Studies,80,0
Dept of ITC Govt of Rajasthan,Business Information Processing Services,123,0
Dept of ITC Govt of Rajasthan,CMS Computers Ltd,70,3
Dept of ITC Govt of Rajasthan,COMTECH INSTITUTE OFTECHNOLOGY,214,18
Dept of ITC Govt of Rajasthan,DATASOFT COMPUTER SERVICES(P),28,6
Dept of ITC Govt of Rajasthan,FINANCIAL INFORMATION NETWORK,597,148
Dept of ITC Govt of Rajasthan,IAP COMPANY Pvt. Ltd,92,6
Dept of ITC Govt of Rajasthan,Karvy Data Management Services,174,72
Dept of ITC Govt of Rajasthan,M/s Sanish Choudhary,254,23
Dept of ITC Govt of Rajasthan,MEGHA VINCOM PVT LTD,15,4
Dept of ITC Govt of Rajasthan,Matrix Processing House,132,2
Dept of ITC Govt of Rajasthan,Multiwave Innovation,1,0
Dept of ITC Govt of Rajasthan,Radiant Info Systems Ltd,2,1
Dept of ITC Govt of Rajasthan,Rajcomp Info Services Ltd,2235,195
Dept of ITC Govt of Rajasthan,Ricoh India Limited,248,17
Dept of ITC Govt of Rajasthan,SAR Technology,52,12
Dept of ITC Govt of Rajasthan,SREI INFRASTRUCTURE FINANCES L,25,4
Dept of ITC Govt of Rajasthan,TechSmart India Pvt Ltd,14,12
Dept of ITC Govt of Rajasthan,Transline Technologies P Ltd,1,0
Dept of ITC Govt of Rajasthan,UMC Technologies Pvt. Ltd,103,0
Dept of ITC Govt of Rajasthan,VIRGO SOFTECH LIMITED,436,24
Dept of ITC Govt of Rajasthan,VISION COMPTECH INTEGRATOR LTD,13,0
Dept of ITC Govt of Rajasthan,Vakrangee Softwares Limited,454,67
FCR Govt of Haryana,4G INFORMATICS,101,1
FCR Govt of Haryana,Academy of Management Studies,151,3
FCR Govt of Haryana,District IT Society Ambala,143,10
FCR Govt of Haryana,District IT Society Bhiwani,204,10
FCR Govt of Haryana,District IT Society Faridabad,320,26
FCR Govt of Haryana,District IT Society Fatehabad,438,18
FCR Govt of Haryana,District IT Society Gurgaon,152,12
FCR Govt of Haryana,District IT Society Hisar,1894,106
FCR Govt of Haryana,District IT Society Jhajjar,450,15
FCR Govt of Haryana,District IT Society Kaithal,212,9
FCR Govt of Haryana,District IT Society Karnal,89,4
FCR Govt of Haryana,District IT Society Kurukshetra,110,9
FCR Govt of Haryana,District IT Society Mahendragarh,331,10
FCR Govt of Haryana,District IT Society Mewat,374,26
FCR Govt of Haryana,District IT Society Palwal,108,15
FCR Govt of Haryana,District IT Society Panchkula,45,1
FCR Govt of Haryana,District IT Society Panipat,261,18
FCR Govt of Haryana,District IT Society Rewari,100,17
FCR Govt of Haryana,District IT Society Rohtak,128,9
FCR Govt of Haryana,District IT Society Sirsa,137,16
FCR Govt of Haryana,District IT Society Sonipat,101,3
FCR Govt of Haryana,District IT Society Yamuna Nagar,109,7
FCR Govt of Haryana,Radiant Info Systems Ltd,65,0
FCR Govt of Haryana,SoftAge Information Technology Limited,1007,36
FCS Govt of Punjab,District Sukhmani Society  Jalandhar  Punjab,9,3
FCS Govt of Punjab,District Sukhmani Society  Ludhiana  Punjab,15,3
FCS Govt of Punjab,District Sukhmani Society  Moga  Punjab,5,0
FCS Govt of Punjab,District Sukhmani Society Amritsar Punjab,12,0
FCS Govt of Punjab,District Sukhmani Society Barnala Punjab,12,2
FCS Govt of Punjab,District Sukhmani Society Bathinda Punjab,3,2
FCS Govt of Punjab,District Sukhmani Society Fatehgarh Sahib Punjab,17,0
FCS Govt of Punjab,District Sukhmani Society Fazilka Punjab,6,1
FCS Govt of Punjab,District Sukhmani Society For Citizen Services Mansa Punjab,10,0
FCS Govt of Punjab,District Sukhmani Society For Citizen Services Nawanshahr Punjab,20,1
FCS Govt of Punjab,District Sukhmani Society For Citizen Services SAS Nagar District e-Governance Society Punjab,22,0
FCS Govt of Punjab,District Sukhmani Society Pathankot Punjab,1,1
FCS Govt of Punjab,District Sukhmani Society Patiala Punjab,5,2
FCS Govt of Punjab,District Sukhmani Society Sangrur Punjab,35,2
FCS Govt of Punjab,District Sukhmani Society Sri Muktsar Sahib Punjab,36,0
FCS Govt of Punjab,District Sukhmani Society Tarn Taran Punjab,4,0
FCS Govt of Punjab,Karvy Computershare Private Li,23,1
FCS Govt of Punjab,Sukhmani Society For Citizens Services Faridkot Punjab,6,3
FCS Govt of Punjab,Vayam technologies Ltd,125,2
FCS Govt of Punjab,eCentric solutions pvt ltd,225,14
Govt of Gujarat,GSS Infotech Ltd,580,1
Govt of Gujarat,Karvy Computershare Private Li,3479,78
Govt of Gujarat,Silver Touch Technologies Ltd,1103,6
Govt of Gujarat,Tera Software Ltd,2396,6
Govt of Gujarat,eCentric solutions pvt ltd,969,26
Govt of Himachal Pradesh,Department of IT  Govt. of HP,172,16
Govt of Karnataka ,Centre for e-Governance  GOK,6594,141
Govt of Karnataka ,EDCS GOK,761,15
Govt of Karnataka ,MARS Telecom Systems Pvt Ltd,24,0
Govt of Karnataka ,Wipro Ltd,61,0
Govt of Kerala,Akshaya,4430,91
Govt of Kerala,Keltron,49,0
Govt of Maharashtra,M/S King Computer System pvt Ltd,299,1
Govt of Maharashtra,M/s. Vidya Online  Pune,49,0
Govt of Maharashtra,Rudranee Infotech Ltd,73,1
Govt of Maharashtra,SETU MAHARASHTRA,56,65
Govt of Maharashtra,SHREERAM PRINTING PRESS,2,1
Govt of Maharashtra,SILVER JUBILEE MOTORS LTD.,21,1
Govt of Sikkim - Dept of Econo,Department of Economics Statistics  Monitoring and Evaluation DESME,4,0
IDBI Bank ltd,ATISHAY INFOTECH PVT. LTD.,401,35
IDBI Bank ltd,Matrix Processing House,2,1
IDBI Bank ltd,SREEVEN INFOCOM LIMITED,1304,88
Information Technology & Communication Department,Directorate of ESD,3215,95
NSDL e-Governance Infrastructure Limited,Abhipra Capital Ltd,228,11
NSDL e-Governance Infrastructure Limited,Alankit Finsec Ltd,1396,100
NSDL e-Governance Infrastructure Limited,Alankit Limited,55,2
NSDL e-Governance Infrastructure Limited,Amar Constructions,721,212
NSDL e-Governance Infrastructure Limited,Gujarat Infotech Ltd.,3457,287
NSDL e-Governance Infrastructure Limited,IAP COMPANY Pvt. Ltd,6,0
NSDL e-Governance Infrastructure Limited,Karvy Data Management Services,16102,969
NSDL e-Governance Infrastructure Limited,M/s Sanish Choudhary,4,0
NSDL e-Governance Infrastructure Limited,N.K. Sharma Enterprises Ltd.,1404,36
NSDL e-Governance Infrastructure Limited,Netlink software Pvt Ltd,1,0
NSDL e-Governance Infrastructure Limited,Offshoot Agency Pvt. Ltd.,242,18
NSDL e-Governance Infrastructure Limited,Ojus G Enterprises,53,21
NSDL e-Governance Infrastructure Limited,Peregrine Guarding Pvt. Ltd,1,35
NSDL e-Governance Infrastructure Limited,Promind Solutions P Limited,76,17
NSDL e-Governance Infrastructure Limited,RELIGARE SECURITIES LTD,1310,152
NSDL e-Governance Infrastructure Limited,Radiant Haroti Industries India Ltd,6,2
NSDL e-Governance Infrastructure Limited,Ricoh India Limited,2115,382
NSDL e-Governance Infrastructure Limited,S.J. Technologies,126,33
NSDL e-Governance Infrastructure Limited,SNR Edatas Pvt Ltd,644,2
NSDL e-Governance Infrastructure Limited,Sri Ramraja Sarkar Lok Kalyan Trust,416,41
NSDL e-Governance Infrastructure Limited,Utility Forms Pvt Ltd,959,114
NSDL e-Governance Infrastructure Limited,VFS Global Services Pvt. Ltd,4,5
NSDL e-Governance Infrastructure Limited,VIRGO SOFTECH LIMITED,1842,100
Project Coordinator UID Project Madhya Pradesh,A I Soc for Electronics and Comp Tech,8525,460
Project Coordinator UID Project Madhya Pradesh,DATASOFT COMPUTER SERVICES(P),40,2
Project Coordinator UID Project Madhya Pradesh,LYRA  CONSULTANCY SERVICE,601,32
Project Coordinator UID Project Madhya Pradesh,MPOnline Limited,8731,598
Project Coordinator UID Project Madhya Pradesh,Matrix Processing House,53,8
Project Coordinator UID Project Madhya Pradesh,OSWAL COMPUTERS & CONSULTANTS,979,100
Project Coordinator UID Project Madhya Pradesh,Orion Security Solutions Private Ltd,705,150
Project Coordinator UID Project Madhya Pradesh,Sixth Dimension Project Solutions Ltd,509,31
Punjab National Bank,Alankit Finsec Ltd,2864,191
Punjab National Bank,Eagle Software India Pvt. Ltd,1292,170
Punjab National Bank,MARS Telecom Systems Pvt Ltd,3086,83
Punjab National Bank,Smart Chip Limited,187,157
Punjab National Bank,Vayam technologies Ltd,112,15
Punjab and Sind Bank,Matrix Processing House,1277,50
Registrar General India BEL2,Bharat Electronics Limited,8,2
Registrar General India BEL2,Emdee Digitronics Pvt.Ltd.,1,0
Registrar General India BEL2,In Media Computer Services LLP,4313,32
Registrar General India BEL2,Karvy Data Management Services,6999,208
Registrar General India BEL2,MACRO INFOTECH PVT LTD,17087,565
Registrar General India BEL2,Manipur Electronics Dev Corp,69,1
Registrar General India BEL2,Multiwave Innovation,50,0
Registrar General India BEL2,Netlink software Pvt Ltd,1,0
Registrar General India BEL2,Nevaeh Technology Pvt. Ltd.,19,4
Registrar General India BEL2,Pariza Enterprises,457,4
Registrar General India BEL2,SNR Edatas Pvt Ltd,2942,79
Registrar General India BEL2,Tera Software Ltd,2730,10
Registrar General India BEL2,UNITED DATA SERVICES PRIVATE LIMITED,1266,61
Registrar General India BEL2,Viesa Technologies,3369,28
Registrar General India ECIL,COMTECHINFO SOLUTIONS PVT.LTD,1547,59
Registrar General India ECIL,Chinar Construction Company Prime agency,1577,64
Registrar General India ECIL,Clairvoyance Technologies Pvt.,56,1
Registrar General India ECIL,Computer LAB,9671,383
Registrar General India ECIL,Eagle Software India Pvt. Ltd,5821,345
Registrar General India ECIL,Emdee Digitronics Pvt.Ltd.,2122,41
Registrar General India ECIL,In Media Computer Services LLP,141,5
Registrar General India ECIL,India Computer Technology,5475,129
Registrar General India ECIL,Integrated Systems & Services,125,0
Registrar General India ECIL,Karvy Data Management Services,2930,40
Registrar General India ECIL,LYRA  CONSULTANCY SERVICE,1569,28
Registrar General India ECIL,Madras Security Printers Ltd,28520,1289
Registrar General India ECIL,SARADA SYSTEMS,2833,89
Registrar General India ECIL,SWISSTECH NPR 57CR PROJECT PVT,27,0
Registrar General India ECIL,The NSIC ltd,3475,35
Registrar General India ECIL,WEBEL TECHNOLOGY LIMITED,1185,17
Registrar General of India ITI,Emdee Digitronics Pvt.Ltd.,4326,103
Registrar General of India ITI,In Media Computer Services LLP,168,2
Registrar General of India ITI,Madras Security Printers Ltd,4533,436
Registrar General of India ITI,Netlink software Pvt Ltd,234,0
Registrar General of India ITI,Nevaeh Technology Pvt. Ltd.,0,3
Registrar General of India ITI,SNR Edatas Pvt Ltd,141,1
Registrar General of India ITI,VIRGO SOFTECH LIMITED,132,2
Registrar General of India ITI,WEBEL TECHNOLOGY LIMITED,7489,92
Registrar General of India ITI,Webx Technologies Private Limited,135,7
Rural Development Dept  Govt. of Bihar,Bloom Solutions Pvt Ltd,192,26
Rural Development Dept  Govt. of Bihar,Computer LAB,52,34
Rural Development Dept  Govt. of Bihar,Emdee Digitronics Pvt.Ltd.,2093,603
Rural Development Dept  Govt. of Bihar,FINANCIAL INFORMATION NETWORK,224,11
Rural Development Dept  Govt. of Bihar,Frontech Systems Pvt Ltd,132,0
Rural Development Dept  Govt. of Bihar,M2C Private Solution,1078,7
Rural Development Dept  Govt. of Bihar,MKS Enterprises,145,1
Rural Development Dept  Govt. of Bihar,Orion Security Solutions Private Ltd,34,25
Rural Development Dept  Govt. of Bihar,Urmila Info solution,552,34
State Bank of India,FINANCIAL INFORMATION NETWORK,2697,151
State Bank of India,Smart Chip Limited,5,2
State Bank of India,Utility Forms Pvt Ltd,378,46
UIDAI-Registrar,UIDAI-EA,7,0
UTI Infrastructure Technology & Services Limited,Houston Technologies Limited,44,0
UTI Infrastructure Technology & Services Limited,Omnitech Infosolutions Ltd,1206,130
Union Bank,FINANCIAL INFORMATION NETWORK,9862,400
Union Bank,Smart Chip Limited,807,30
Union Bank,Vakrangee Softwares Limited,7701,355
