Registrar,Enrolment Agency,Aadhaar generated,Enrolment Rejected
Allahabad Bank,A-Onerealtors Pvt Ltd,811,250
Allahabad Bank,Agro Tech Engineers,5,38
Allahabad Bank,Asha Security Guard Services,1405,179
Allahabad Bank,Ayush Enterprises,338,22
Allahabad Bank,Corporate India Facilities Pvt Ltd,9,12
Allahabad Bank,Emdee Digitronics Pvt.Ltd.,14,17
Allahabad Bank,MEGHA VINCOM PVT LTD,20,58
Allahabad Bank,Nevaeh Technology Pvt. Ltd.,220,156
Allahabad Bank,Ortem Securities Limited,111,29
Allahabad Bank,PROTEX COMPUTER PVT LTD,163,32
Allahabad Bank,Redim Software Technologies Pvt Ltd,454,20
Allahabad Bank,SGS INDIA PVT LTD,476,253
Allahabad Bank,Sri Ramraja Sarkar Lok Kalyan Trust,0,1
Allahabad Bank,Transmoovers India,55,131
Allahabad Bank,VAP INFOSOLUTIONS,344,44
Allahabad Bank,Vedavaag Systems Limited,80,114
Atalji Janasnehi Directorate  Government of Karnataka,Atalji Janasnehi Directorate  GOK,1649,2354
Bank Of India,A3 Logics  India  Ltd,113,36
Bank Of India,Akanksha International,1,0
Bank Of India,CHESSY CONSULTANTS PVT LTD,68,3
Bank Of India,DATASOFT COMPUTER SERVICES(P),26,42
Bank Of India,Frontech Systems Pvt Ltd,52,95
Bank Of India,OSWAL COMPUTERS & CONSULTANTS,20,144
Bank Of India,PROTEX COMPUTER PVT LTD,46,7
Bank Of India,SARADA SYSTEMS,350,440
Bank Of India,SREI INFRASTRUCTURE FINANCES L,2170,896
Bank Of India,VEETECHNOLOGIES PVT. LTD,593,360
Bank of Baroda,Global Finsol Private Limited,1,1
Bank of Maharashtra,Tera Software Ltd,1230,91
CSC e-Governance Services India Limited,A I Soc for Electronics and Comp Tech,2744,843
CSC e-Governance Services India Limited,A-Onerealtors Pvt Ltd,119,23
CSC e-Governance Services India Limited,AKSH OPTIFIBRE LIMITED,2202,1386
CSC e-Governance Services India Limited,APOnline Limited,116,23
CSC e-Governance Services India Limited,Alankit Limited,323,14
CSC e-Governance Services India Limited,Amar Constructions,399,250
CSC e-Governance Services India Limited,BASIX,4342,1303
CSC e-Governance Services India Limited,Binary Systems,34,66
CSC e-Governance Services India Limited,Bloom Solutions Pvt Ltd,203,145
CSC e-Governance Services India Limited,CALANCE SOFTWARE PRIVATE LTD,231,143
CSC e-Governance Services India Limited,CHIPS,1051,728
CSC e-Governance Services India Limited,CMS Computers Ltd,11058,3772
CSC e-Governance Services India Limited,CSC e-Governance Services India Limited,4969,3141
CSC e-Governance Services India Limited,Computer Print,265,367
CSC e-Governance Services India Limited,Conatus Infocom Pvt. Ltd,114,79
CSC e-Governance Services India Limited,DATASOFT COMPUTER SERVICES(P),383,523
CSC e-Governance Services India Limited,Digitcom Systems Pvt. Ltd.,359,625
CSC e-Governance Services India Limited,Ecartes Technology Pvt. Ltd,26,28
CSC e-Governance Services India Limited,Estex Telecom Pvt Ltd,335,713
CSC e-Governance Services India Limited,Excel Technovation Pvt. Ltd,0,3
CSC e-Governance Services India Limited,Gem Computers,3,23
CSC e-Governance Services India Limited,Home Life Buildcon Pvt Ltd,1501,558
CSC e-Governance Services India Limited,HyperSoft Technologies Ltd,476,137
CSC e-Governance Services India Limited,IAP COMPANY Pvt. Ltd,2301,1716
CSC e-Governance Services India Limited,Janta Silikon Consortium,964,424
CSC e-Governance Services India Limited,Jeevan Deep Charitable Society,525,205
CSC e-Governance Services India Limited,K W Consulting P Ltd,1,1
CSC e-Governance Services India Limited,KDS Services Private Limited,41,12
CSC e-Governance Services India Limited,MANTRA SOFTTECH (INDIA) PVTLTD,832,320
CSC e-Governance Services India Limited,MEGHA VINCOM PVT LTD,654,253
CSC e-Governance Services India Limited,Mahamritunjay Traders,1192,761
CSC e-Governance Services India Limited,Mahaonline Limited,3036,831
CSC e-Governance Services India Limited,Murano India Pvt Ltd,375,739
CSC e-Governance Services India Limited,NPS Technologies Pvt. Ltd,9092,1856
CSC e-Governance Services India Limited,NVR & ASSOCIATES LIMITED,974,392
CSC e-Governance Services India Limited,National Cooperative Consumers Federation of India Limited,2,2
CSC e-Governance Services India Limited,Nekton IT India Pvt Ltd.,526,376
CSC e-Governance Services India Limited,Netlink software Pvt Ltd,519,103
CSC e-Governance Services India Limited,Network for Information & Computer,969,643
CSC e-Governance Services India Limited,Prakash Computer Services,234,288
CSC e-Governance Services India Limited,Promind Solutions P Limited,1349,544
CSC e-Governance Services India Limited,Radiant Haroti Industries India Ltd,1910,1105
CSC e-Governance Services India Limited,Raj Construction Co.,240,106
CSC e-Governance Services India Limited,SGS INDIA PVT LTD,332,111
CSC e-Governance Services India Limited,SPANCO,1262,291
CSC e-Governance Services India Limited,SRR Infotech,199,114
CSC e-Governance Services India Limited,Sahaj e-Village Limited,474,166
CSC e-Governance Services India Limited,Saket Advertising Pvt. Ltd,62,110
CSC e-Governance Services India Limited,Sri Ramraja Sarkar Lok Kalyan Trust,43,33
CSC e-Governance Services India Limited,Super Printers,99,65
CSC e-Governance Services India Limited,Tera Software Ltd,1282,728
CSC e-Governance Services India Limited,Twinstar Industries Ltd.,867,134
CSC e-Governance Services India Limited,United Telecoms e-Services Pvt Ltd,432,557
CSC e-Governance Services India Limited,VIKALP MULTIMEDIA,465,153
CSC e-Governance Services India Limited,VISION COMPTECH INTEGRATOR LTD,480,275
CSC e-Governance Services India Limited,Vayam technologies Ltd,3441,503
CSC e-Governance Services India Limited,Vedavaag Systems Limited,3597,636
CSC e-Governance Services India Limited,Vigilant Corporate Services Pvt Ltd,136,40
CSC e-Governance Services India Limited,Virinchi Technologies Ltd,630,137
CSC e-Governance Services India Limited,Yash Ornaments Pvt. Ltd,203,171
CSC e-Governance Services India Limited,Zephyr System Pvt.Ltd.,5250,1372
Canara Bank,FINANCIAL INFORMATION NETWORK,1510,798
Canara Bank,Karvy Data Management Services,997,422
Canara Bank,Ojus Healthcare Private Limited,90,25
Canara Bank,Osiris Infotech Pvt. Ltd.,74,73
Canara Bank,Smart Chip Limited,17,100
Canara Bank,Virinchi Technologies Ltd,1377,345
Central Bank of India,IL&FS LTD,0,1
Civil Supplies - A&N Islands,India Computer Technology,16,71
DENA BANK,77 Infosystems Pvt Ltd,33,29
DENA BANK,A-Onerealtors Pvt Ltd,215,39
DENA BANK,APEX Services,230,92
DENA BANK,AS International,186,156
DENA BANK,ATISHAY INFOTECH PVT. LTD.,224,486
DENA BANK,AVVAS INFOTECH PVT  LTD,746,523
DENA BANK,Advent Infomax Private Ltd,9,29
DENA BANK,Akhil Bhartiya Majdoor Shiksha Sewa Samiti,9,3
DENA BANK,Amar Constructions,124,142
DENA BANK,Apnatech Consultancy Services Pvt Ltd,14,33
DENA BANK,Asha Security Guard Services,401,204
DENA BANK,Asray Gram,11,12
DENA BANK,BNR UDYOG LIMITED,1,0
DENA BANK,Binary Systems,244,52
DENA BANK,Bloom Solutions Pvt Ltd,861,381
DENA BANK,Blue Circle Instrument,52,59
DENA BANK,Business Information Processing Services,426,95
DENA BANK,CALANCE SOFTWARE PRIVATE LTD,508,155
DENA BANK,City Hawks Manpower Services & Consultancy,187,319
DENA BANK,DATASOFT COMPUTER SERVICES(P),115,539
DENA BANK,DEVASHISH SECURITIES PVT. LTD.,0,1
DENA BANK,Eagle Software India Pvt. Ltd,13,70
DENA BANK,Ecartes Technology Pvt. Ltd,262,66
DENA BANK,FINANCIAL INFORMATION NETWORK,39,129
DENA BANK,Gem Computers,1,0
DENA BANK,Gujarat Infotech Ltd.,1556,188
DENA BANK,HyperSoft Technologies Ltd,0,1
DENA BANK,IAP COMPANY Pvt. Ltd,1233,884
DENA BANK,India Computer Technology,10,10
DENA BANK,JNET Technologies Pvt.Ltd,38,6
DENA BANK,Jeevan Deep Charitable Society,55,39
DENA BANK,K W Consulting P Ltd,12,10
DENA BANK,M/S STAR DATA CENTRE,89,38
DENA BANK,M/s Gold Square Builders & Promoters Pvt. Ltd.,164,171
DENA BANK,MARS Telecom Systems Pvt Ltd,43,49
DENA BANK,MEGHA VINCOM PVT LTD,258,292
DENA BANK,MKS Enterprises,197,32
DENA BANK,Make India Smart Private Limited,389,184
DENA BANK,Multiwave Innovation,99,289
DENA BANK,NVR & ASSOCIATES LIMITED,819,108
DENA BANK,Netlink software Pvt Ltd,8955,863
DENA BANK,Nielsen  India  Private Limited,1779,1568
DENA BANK,Offshoot Agency Pvt. Ltd.,45,85
DENA BANK,Ojus G Enterprises,5,4
DENA BANK,Om Softwares,195,62
DENA BANK,Ortem Securities Limited,6,24
DENA BANK,Radiant Haroti Industries India Ltd,0,1
DENA BANK,Ricoh India Limited,34,54
DENA BANK,SGS INDIA PVT LTD,293,78
DENA BANK,Silver Touch Technologies Ltd,518,98
DENA BANK,Sixth Dimension Project Solutions Ltd,6,26
DENA BANK,Soc for Advancement of Environ Science,207,94
DENA BANK,SoftAge Information Technology Limited,15,11
DENA BANK,Super Printers,236,203
DENA BANK,TechSmart India Pvt Ltd,110,260
DENA BANK,Transline Technologies P Ltd,21,17
DENA BANK,UT Computers Educational & Welfare Soc,139,99
DENA BANK,Utility Forms Pvt Ltd,65,3
DENA BANK,VAP INFOSOLUTIONS,284,386
DENA BANK,VISION COMPTECH INTEGRATOR LTD,1069,271
DENA BANK,Vayam technologies Ltd,3,0
DENA BANK,Vedavaag Systems Limited,974,87
DENA BANK,Virinchi Technologies Ltd,324,66
DENA BANK,WEBEL,1787,417
DENA BANK,Wipro Ltd,2363,2317
DENA BANK,Yash Ornaments Pvt. Ltd,144,23
DENA BANK,Zephyr System Pvt.Ltd.,1558,564
Delhi - North DC,DATASOFT COMPUTER SERVICES(P),0,1
Delhi SW DC,STRATEGIC OUTSOURCING SERVICE,0,1
Dept of ITC Govt of Rajasthan,ATISHAY INFOTECH PVT. LTD.,0,1
Dept of ITC Govt of Rajasthan,Academy of Management Studies,15,6
Dept of ITC Govt of Rajasthan,Business Information Processing Services,0,10
Dept of ITC Govt of Rajasthan,CMS Computers Ltd,140,51
Dept of ITC Govt of Rajasthan,COMTECH INSTITUTE OFTECHNOLOGY,71,97
Dept of ITC Govt of Rajasthan,DATASOFT COMPUTER SERVICES(P),19,60
Dept of ITC Govt of Rajasthan,FINANCIAL INFORMATION NETWORK,350,389
Dept of ITC Govt of Rajasthan,IAP COMPANY Pvt. Ltd,29,5
Dept of ITC Govt of Rajasthan,Karvy Data Management Services,50,56
Dept of ITC Govt of Rajasthan,M/s Sanish Choudhary,44,19
Dept of ITC Govt of Rajasthan,MEGHA VINCOM PVT LTD,37,26
Dept of ITC Govt of Rajasthan,Matrix Processing House,4,24
Dept of ITC Govt of Rajasthan,Radiant Info Systems Ltd,69,1
Dept of ITC Govt of Rajasthan,Rajcomp Info Services Ltd,768,398
Dept of ITC Govt of Rajasthan,Ricoh India Limited,151,275
Dept of ITC Govt of Rajasthan,SAR Technology,41,107
Dept of ITC Govt of Rajasthan,SREI INFRASTRUCTURE FINANCES L,2,6
Dept of ITC Govt of Rajasthan,TechSmart India Pvt Ltd,8,14
Dept of ITC Govt of Rajasthan,Transline Technologies P Ltd,1,1
Dept of ITC Govt of Rajasthan,UMC Technologies Pvt. Ltd,27,26
Dept of ITC Govt of Rajasthan,VIRGO SOFTECH LIMITED,295,184
Dept of ITC Govt of Rajasthan,VISION COMPTECH INTEGRATOR LTD,19,0
Dept of ITC Govt of Rajasthan,Vakrangee Softwares Limited,174,143
FCR Govt of Haryana,4G INFORMATICS,13,13
FCR Govt of Haryana,Academy of Management Studies,94,79
FCR Govt of Haryana,District IT Society Ambala,6,33
FCR Govt of Haryana,District IT Society Bhiwani,117,15
FCR Govt of Haryana,District IT Society Faridabad,55,85
FCR Govt of Haryana,District IT Society Fatehabad,95,38
FCR Govt of Haryana,District IT Society Gurgaon,25,25
FCR Govt of Haryana,District IT Society Hisar,108,37
FCR Govt of Haryana,District IT Society Jhajjar,182,31
FCR Govt of Haryana,District IT Society Kaithal,40,58
FCR Govt of Haryana,District IT Society Karnal,22,21
FCR Govt of Haryana,District IT Society Kurukshetra,20,9
FCR Govt of Haryana,District IT Society Mahendragarh,37,19
FCR Govt of Haryana,District IT Society Mewat,90,40
FCR Govt of Haryana,District IT Society Palwal,106,37
FCR Govt of Haryana,District IT Society Panchkula,52,24
FCR Govt of Haryana,District IT Society Panipat,37,65
FCR Govt of Haryana,District IT Society Rewari,77,60
FCR Govt of Haryana,District IT Society Rohtak,64,21
FCR Govt of Haryana,District IT Society Sirsa,49,60
FCR Govt of Haryana,District IT Society Sonipat,59,16
FCR Govt of Haryana,District IT Society Yamuna Nagar,31,47
FCR Govt of Haryana,Radiant Info Systems Ltd,19,2
FCR Govt of Haryana,SoftAge Information Technology Limited,452,151
FCS Govt of Punjab,District Sukhmani Society  Jalandhar  Punjab,100,14
FCS Govt of Punjab,District Sukhmani Society  Ludhiana  Punjab,110,17
FCS Govt of Punjab,District Sukhmani Society  Moga  Punjab,78,10
FCS Govt of Punjab,District Sukhmani Society Amritsar Punjab,18,32
FCS Govt of Punjab,District Sukhmani Society Barnala Punjab,21,5
FCS Govt of Punjab,District Sukhmani Society Bathinda Punjab,35,20
FCS Govt of Punjab,District Sukhmani Society Fatehgarh Sahib Punjab,4,15
FCS Govt of Punjab,District Sukhmani Society Fazilka Punjab,51,18
FCS Govt of Punjab,District Sukhmani Society Ferozepur Punjab,59,10
FCS Govt of Punjab,District Sukhmani Society For Citizen Services Mansa Punjab,68,22
FCS Govt of Punjab,District Sukhmani Society For Citizen Services Nawanshahr Punjab,71,7
FCS Govt of Punjab,District Sukhmani Society For Citizen Services SAS Nagar District e-Governance Society Punjab,89,6
FCS Govt of Punjab,District Sukhmani Society Pathankot Punjab,25,2
FCS Govt of Punjab,District Sukhmani Society Patiala Punjab,54,13
FCS Govt of Punjab,District Sukhmani Society Rupnagar Punjab,33,13
FCS Govt of Punjab,District Sukhmani Society Sangrur Punjab,49,18
FCS Govt of Punjab,District Sukhmani Society Sri Muktsar Sahib Punjab,65,25
FCS Govt of Punjab,District Sukhmani Society Tarn Taran Punjab,27,9
FCS Govt of Punjab,Karvy Computershare Private Li,31,53
FCS Govt of Punjab,Sukhmani Society For Citizen Services  Kapurthala  Punjab,19,1
FCS Govt of Punjab,Sukhmani Society For Citizen Services Gurdaspur Punjab,0,1
FCS Govt of Punjab,Sukhmani Society For Citizens Services Faridkot Punjab,41,11
FCS Govt of Punjab,Suwidha Society Hoshiarpur Punjab,69,6
FCS Govt of Punjab,Vayam technologies Ltd,8,4
FCS Govt of Punjab,eCentric solutions pvt ltd,1,11
Govt of Gujarat,GSS Infotech Ltd,282,30
Govt of Gujarat,Karvy Computershare Private Li,1283,570
Govt of Gujarat,Silver Touch Technologies Ltd,2492,167
Govt of Gujarat,Tera Software Ltd,1158,259
Govt of Gujarat,eCentric solutions pvt ltd,16,234
Govt of Himachal Pradesh,Department of IT  Govt. of HP,425,66
Govt of Karnataka ,Centre for e-Governance  GOK,1997,1221
Govt of Karnataka ,EDCS GOK,740,93
Govt of Karnataka ,SREEVEN INFOCOM LIMITED,0,1
Govt of Kerala,Akshaya,1468,492
Govt of Kerala,Keltron,17,11
Govt of Maharashtra,M/S King Computer System pvt Ltd,72,38
Govt of Maharashtra,M/s. Vidya Online  Pune,122,11
Govt of Maharashtra,Rudranee Infotech Ltd,101,17
Govt of Maharashtra,SETU MAHARASHTRA,134,265
Govt of Maharashtra,SHREERAM PRINTING PRESS,6,15
Govt of Maharashtra,SILVER JUBILEE MOTORS LTD.,1,6
Govt of Sikkim - Dept of Econo,Department of Economics Statistics  Monitoring and Evaluation DESME,6,9
IDBI Bank ltd,ATISHAY INFOTECH PVT. LTD.,78,149
IDBI Bank ltd,Matrix Processing House,4,30
IDBI Bank ltd,SREEVEN INFOCOM LIMITED,833,231
Information Technology & Communication Department,Bloom Solutions Pvt Ltd,0,1
Information Technology & Communication Department,Directorate of ESD,1345,435
NSDL e-Governance Infrastructure Limited,ATISHAY INFOTECH PVT. LTD.,1,0
NSDL e-Governance Infrastructure Limited,Abhipra Capital Ltd,63,10
NSDL e-Governance Infrastructure Limited,Alankit Finsec Ltd,529,495
NSDL e-Governance Infrastructure Limited,Alankit Limited,3,33
NSDL e-Governance Infrastructure Limited,Amar Constructions,123,116
NSDL e-Governance Infrastructure Limited,COMTECHINFO SOLUTIONS PVT.LTD,3,1
NSDL e-Governance Infrastructure Limited,Gujarat Infotech Ltd.,1667,1046
NSDL e-Governance Infrastructure Limited,IAP COMPANY Pvt. Ltd,0,1
NSDL e-Governance Infrastructure Limited,Karvy Consultants Limited,0,1
NSDL e-Governance Infrastructure Limited,Karvy Data Management Services,7332,2859
NSDL e-Governance Infrastructure Limited,N.K. Sharma Enterprises Ltd.,354,118
NSDL e-Governance Infrastructure Limited,Netlink software Pvt Ltd,1,4
NSDL e-Governance Infrastructure Limited,Offshoot Agency Pvt. Ltd.,196,155
NSDL e-Governance Infrastructure Limited,Ojus G Enterprises,206,247
NSDL e-Governance Infrastructure Limited,Promind Solutions P Limited,180,42
NSDL e-Governance Infrastructure Limited,RELIGARE SECURITIES LTD,571,321
NSDL e-Governance Infrastructure Limited,Ricoh India Limited,115,222
NSDL e-Governance Infrastructure Limited,S.J. Technologies,296,28
NSDL e-Governance Infrastructure Limited,SNR Edatas Pvt Ltd,0,9
NSDL e-Governance Infrastructure Limited,Sri Ramraja Sarkar Lok Kalyan Trust,603,217
NSDL e-Governance Infrastructure Limited,Utility Forms Pvt Ltd,688,391
NSDL e-Governance Infrastructure Limited,VFS Global Services Pvt. Ltd,216,29
NSDL e-Governance Infrastructure Limited,VIRGO SOFTECH LIMITED,1874,515
National Institute of Electronics & Information Technology,Alankit Finsec Ltd,3,2
Oriental Bank of Commerce,DATASOFT COMPUTER SERVICES(P),0,1
Project Coordinator UID Project Madhya Pradesh,A I Soc for Electronics and Comp Tech,1594,881
Project Coordinator UID Project Madhya Pradesh,DATASOFT COMPUTER SERVICES(P),425,59
Project Coordinator UID Project Madhya Pradesh,LYRA  CONSULTANCY SERVICE,277,334
Project Coordinator UID Project Madhya Pradesh,MPOnline Limited,1028,998
Project Coordinator UID Project Madhya Pradesh,Matrix Processing House,65,49
Project Coordinator UID Project Madhya Pradesh,OSWAL COMPUTERS & CONSULTANTS,96,764
Project Coordinator UID Project Madhya Pradesh,Orion Security Solutions Private Ltd,317,198
Project Coordinator UID Project Madhya Pradesh,Sixth Dimension Project Solutions Ltd,280,145
Punjab National Bank,Alankit Finsec Ltd,1563,973
Punjab National Bank,Eagle Software India Pvt. Ltd,607,474
Punjab National Bank,MARS Telecom Systems Pvt Ltd,174,179
Punjab National Bank,SREI INFRASTRUCTURE FINANCES L,112,385
Punjab National Bank,Smart Chip Limited,54,557
Punjab National Bank,Vayam technologies Ltd,124,82
Punjab and Sind Bank,Matrix Processing House,298,247
Registrar General India - BEL,Manipur Electronics Dev Corp,0,1
Registrar General India BEL2,Chinar Construction Company Prime agency,0,22
Registrar General India BEL2,Computer LAB,2,22
Registrar General India BEL2,Emdee Digitronics Pvt.Ltd.,0,11
Registrar General India BEL2,In Media Computer Services LLP,3087,408
Registrar General India BEL2,Karvy Data Management Services,21382,537
Registrar General India BEL2,MACRO INFOTECH PVT LTD,408,857
Registrar General India BEL2,Madras Security Printers Ltd,0,5
Registrar General India BEL2,Manipur Electronics Dev Corp,685,61
Registrar General India BEL2,Multiwave Innovation,82,34
Registrar General India BEL2,Netlink software Pvt Ltd,2,0
Registrar General India BEL2,Nevaeh Technology Pvt. Ltd.,104,16
Registrar General India BEL2,Nielsen  India  Private Limited,8,0
Registrar General India BEL2,Pariza Enterprises,0,2
Registrar General India BEL2,Radiant Haroti Industries India Ltd,0,1
Registrar General India BEL2,SNR Edatas Pvt Ltd,346,658
Registrar General India BEL2,SREI INFRASTRUCTURE FINANCES L,0,7
Registrar General India BEL2,Swathy Smartcards Hi-Tech Pvt,0,1
Registrar General India BEL2,Tera Software Ltd,332,6
Registrar General India BEL2,UNITED DATA SERVICES PRIVATE LIMITED,903,583
Registrar General India BEL2,Viesa Technologies,6186,272
Registrar General India ECIL,BUSINESS INFORMATION PROCESSING SERVICES,0,8
Registrar General India ECIL,COMTECHINFO SOLUTIONS PVT.LTD,87,2295
Registrar General India ECIL,Chinar Construction Company Prime agency,2132,4964
Registrar General India ECIL,Computer LAB,2227,1595
Registrar General India ECIL,Eagle Software India Pvt. Ltd,6727,2462
Registrar General India ECIL,Emdee Digitronics Pvt.Ltd.,871,224
Registrar General India ECIL,In Media Computer Services LLP,2505,962
Registrar General India ECIL,India Computer Technology,2606,898
Registrar General India ECIL,Integrated Systems & Services,1,4
Registrar General India ECIL,Karvy Data Management Services,2320,182
Registrar General India ECIL,LYRA  CONSULTANCY SERVICE,211,32
Registrar General India ECIL,Madras Security Printers Ltd,15751,3800
Registrar General India ECIL,SARADA SYSTEMS,2396,620
Registrar General India ECIL,SWISSTECH NPR 57CR PROJECT PVT,0,3
Registrar General India ECIL,The NSIC ltd,820,827
Registrar General India ECIL,WEBEL TECHNOLOGY LIMITED,53,236
Registrar General India Others,COMTECHINFO SOLUTIONS PVT.LTD,0,1
Registrar General of India ITI,Eagle Software India Pvt. Ltd,0,4
Registrar General of India ITI,Emdee Digitronics Pvt.Ltd.,652,722
Registrar General of India ITI,In Media Computer Services LLP,441,132
Registrar General of India ITI,Karvy Data Management Services,3,1
Registrar General of India ITI,LYRA  CONSULTANCY SERVICE,62,2
Registrar General of India ITI,Madras Security Printers Ltd,29,191
Registrar General of India ITI,Netlink software Pvt Ltd,4542,56
Registrar General of India ITI,Nevaeh Technology Pvt. Ltd.,10,57
Registrar General of India ITI,Quick Data IT Services Pvt Ltd,0,1
Registrar General of India ITI,SNR Edatas Pvt Ltd,2192,174
Registrar General of India ITI,Swathy Smartcards Hi-Tech Pvt,0,1
Registrar General of India ITI,VIRGO SOFTECH LIMITED,243,38
Registrar General of India ITI,WEBEL TECHNOLOGY LIMITED,2112,455
Registrar General of India ITI,Webx Technologies Private Limited,102,50
Rural Development Dept  Govt. of Bihar,Bloom Solutions Pvt Ltd,344,135
Rural Development Dept  Govt. of Bihar,Computer LAB,191,489
Rural Development Dept  Govt. of Bihar,Emdee Digitronics Pvt.Ltd.,551,506
Rural Development Dept  Govt. of Bihar,FINANCIAL INFORMATION NETWORK,92,136
Rural Development Dept  Govt. of Bihar,Frontech Systems Pvt Ltd,12,2
Rural Development Dept  Govt. of Bihar,M2C Private Solution,32,71
Rural Development Dept  Govt. of Bihar,MKS Enterprises,15,59
Rural Development Dept  Govt. of Bihar,Orion Security Solutions Private Ltd,413,26
Rural Development Dept  Govt. of Bihar,Urmila Info solution,456,204
State Bank of India,Alankit Limited,0,3
State Bank of India,FINANCIAL INFORMATION NETWORK,1282,1100
State Bank of India,Smart Chip Limited,11,91
State Bank of India,Utility Forms Pvt Ltd,609,276
UIDAI-Registrar,UIDAI-EA,44,6
UTI Infrastructure Technology & Services Limited,Houston Technologies Limited,7,9
UTI Infrastructure Technology & Services Limited,Omnitech Infosolutions Ltd,369,191
Union Bank,FINANCIAL INFORMATION NETWORK,3696,2850
Union Bank,Smart Chip Limited,14,15
Union Bank,Vakrangee Softwares Limited,1990,1146
