Registrar,Enrolment Agency,Aadhaar generated,Enrolment Rejected
Allahabad Bank,A-Onerealtors Pvt Ltd,2233,223
Allahabad Bank,Agro Tech Engineers,1,4
Allahabad Bank,Asha Security Guard Services,9346,482
Allahabad Bank,Emdee Digitronics Pvt.Ltd.,1293,43
Allahabad Bank,MEGHA VINCOM PVT LTD,277,100
Allahabad Bank,Nevaeh Technology Pvt. Ltd.,1353,101
Allahabad Bank,PROTEX COMPUTER PVT LTD,219,14
Allahabad Bank,Redim Software Technologies Pvt Ltd,258,64
Allahabad Bank,SGS INDIA PVT LTD,1209,90
Allahabad Bank,Sri Ramraja Sarkar Lok Kalyan Trust,154,96
Allahabad Bank,VAP INFOSOLUTIONS,35,47
Allahabad Bank,Vedavaag Systems Limited,2554,178
Atalji Janasnehi Directorate  Government of Karnataka,Atalji Janasnehi Directorate  GOK,20,10
Bank Of India,A3 Logics  India  Ltd,68,19
Bank Of India,Blue Circle Instrument,2,0
Bank Of India,CHESSY CONSULTANTS PVT LTD,13,0
Bank Of India,DATASOFT COMPUTER SERVICES(P),132,74
Bank Of India,Frontech Systems Pvt Ltd,275,10
Bank Of India,OSWAL COMPUTERS & CONSULTANTS,430,46
Bank Of India,PROTEX COMPUTER PVT LTD,1226,16
Bank Of India,SARADA SYSTEMS,870,15
Bank Of India,SREI INFRASTRUCTURE FINANCES L,12968,319
Bank Of India,VEETECHNOLOGIES PVT. LTD,1812,152
Bank Of India,Vakrangee Softwares Limited,0,1
Bank of Baroda,Global Finsol Private Limited,3,21
Bank of Maharashtra,Tera Software Ltd,569,98
CSC e-Governance Services India Limited,A I Soc for Electronics and Comp Tech,4952,591
CSC e-Governance Services India Limited,AKSH OPTIFIBRE LIMITED,920,204
CSC e-Governance Services India Limited,BASIX,800,427
CSC e-Governance Services India Limited,Binary Systems,102,34
CSC e-Governance Services India Limited,Bloom Solutions Pvt Ltd,2343,40
CSC e-Governance Services India Limited,CALANCE SOFTWARE PRIVATE LTD,573,165
CSC e-Governance Services India Limited,CHIPS,1133,171
CSC e-Governance Services India Limited,CMS Computers Ltd,2696,892
CSC e-Governance Services India Limited,CSC e-Governance Services India Limited,3481,416
CSC e-Governance Services India Limited,Computer Print,570,39
CSC e-Governance Services India Limited,Conatus Infocom Pvt. Ltd,115,11
CSC e-Governance Services India Limited,DATASOFT COMPUTER SERVICES(P),1180,374
CSC e-Governance Services India Limited,Gem Computers,37,24
CSC e-Governance Services India Limited,Home Life Buildcon Pvt Ltd,6083,197
CSC e-Governance Services India Limited,HyperSoft Technologies Ltd,263,17
CSC e-Governance Services India Limited,IAP COMPANY Pvt. Ltd,17365,1460
CSC e-Governance Services India Limited,Janta Silikon Consortium,8176,760
CSC e-Governance Services India Limited,Jeevan Deep Charitable Society,1701,150
CSC e-Governance Services India Limited,MANTRA SOFTTECH (INDIA) PVTLTD,8165,99
CSC e-Governance Services India Limited,MEGHA VINCOM PVT LTD,1552,207
CSC e-Governance Services India Limited,Mahamritunjay Traders,516,9
CSC e-Governance Services India Limited,Mahaonline Limited,1471,562
CSC e-Governance Services India Limited,NPS Technologies Pvt. Ltd,444,264
CSC e-Governance Services India Limited,NVR & ASSOCIATES LIMITED,25,21
CSC e-Governance Services India Limited,National Cooperative Consumers Federation of India Limited,78,18
CSC e-Governance Services India Limited,Nekton IT India Pvt Ltd.,264,54
CSC e-Governance Services India Limited,Network for Information & Computer,1953,52
CSC e-Governance Services India Limited,Promind Solutions P Limited,4746,114
CSC e-Governance Services India Limited,Radiant Haroti Industries India Ltd,16621,677
CSC e-Governance Services India Limited,Raj Construction Co.,712,56
CSC e-Governance Services India Limited,SPANCO,2190,108
CSC e-Governance Services India Limited,SRR Infotech,233,39
CSC e-Governance Services India Limited,Sahaj e-Village Limited,637,113
CSC e-Governance Services India Limited,Sri Ramraja Sarkar Lok Kalyan Trust,1107,2
CSC e-Governance Services India Limited,Tera Software Ltd,9632,277
CSC e-Governance Services India Limited,United Telecoms e-Services Pvt Ltd,475,86
CSC e-Governance Services India Limited,VIKALP MULTIMEDIA,2,3
CSC e-Governance Services India Limited,VISION COMPTECH INTEGRATOR LTD,616,66
CSC e-Governance Services India Limited,Vayam technologies Ltd,10491,607
CSC e-Governance Services India Limited,Vedavaag Systems Limited,9864,1060
CSC e-Governance Services India Limited,Yash Ornaments Pvt. Ltd,1,0
CSC e-Governance Services India Limited,Zephyr System Pvt.Ltd.,7068,1145
Canara Bank,FINANCIAL INFORMATION NETWORK,23353,1241
Canara Bank,Karvy Data Management Services,6370,421
Canara Bank,Ojus Healthcare Private Limited,241,20
Canara Bank,Osiris Infotech Pvt. Ltd.,257,61
Canara Bank,Smart Chip Limited,5715,175
Canara Bank,Virinchi Technologies Ltd,1634,138
Civil Supplies - A&N Islands,India Computer Technology,201,28
DENA BANK,77 Infosystems Pvt Ltd,1532,52
DENA BANK,A-Onerealtors Pvt Ltd,503,64
DENA BANK,APEX Services,1947,95
DENA BANK,AS International,877,99
DENA BANK,ATISHAY INFOTECH PVT. LTD.,335,168
DENA BANK,AVVAS INFOTECH PVT  LTD,902,440
DENA BANK,Advent Infomax Private Ltd,207,27
DENA BANK,Amar Constructions,2456,206
DENA BANK,Asha Security Guard Services,1672,301
DENA BANK,Asray Gram,71,16
DENA BANK,BNR UDYOG LIMITED,37,5
DENA BANK,Binary Systems,164,81
DENA BANK,Bloom Solutions Pvt Ltd,28,4
DENA BANK,Blue Circle Instrument,120,58
DENA BANK,Business Information Processing Services,296,21
DENA BANK,CALANCE SOFTWARE PRIVATE LTD,491,159
DENA BANK,DATASOFT COMPUTER SERVICES(P),741,64
DENA BANK,DEVASHISH SECURITIES PVT. LTD.,0,2
DENA BANK,Eagle Software India Pvt. Ltd,1254,112
DENA BANK,FINANCIAL INFORMATION NETWORK,5639,236
DENA BANK,Gem Computers,1215,45
DENA BANK,Gujarat Infotech Ltd.,246,38
DENA BANK,HyperSoft Technologies Ltd,154,2
DENA BANK,IAP COMPANY Pvt. Ltd,4113,279
DENA BANK,India Computer Technology,58,16
DENA BANK,JNET Technologies Pvt.Ltd,395,13
DENA BANK,K W Consulting P Ltd,4,1
DENA BANK,M/S STAR DATA CENTRE,886,49
DENA BANK,M/s Gold Square Builders & Promoters Pvt. Ltd.,69,12
DENA BANK,M2C Private Solution,12,6
DENA BANK,MARS Telecom Systems Pvt Ltd,1253,140
DENA BANK,MEGHA VINCOM PVT LTD,898,224
DENA BANK,MKS Enterprises,686,5
DENA BANK,Make India Smart Private Limited,10,131
DENA BANK,Multiwave Innovation,685,138
DENA BANK,NVR & ASSOCIATES LIMITED,1326,105
DENA BANK,Netlink software Pvt Ltd,1670,488
DENA BANK,Nielsen  India  Private Limited,13809,982
DENA BANK,Offshoot Agency Pvt. Ltd.,706,82
DENA BANK,Om Softwares,2378,121
DENA BANK,Ortem Securities Limited,479,19
DENA BANK,Prodigy Systems and Services Private Limited,108,1
DENA BANK,Radiant Haroti Industries India Ltd,35,0
DENA BANK,Ricoh India Limited,1075,53
DENA BANK,SGS INDIA PVT LTD,927,147
DENA BANK,Silver Touch Technologies Ltd,5093,78
DENA BANK,Sixth Dimension Project Solutions Ltd,55,1
DENA BANK,Soc for Advancement of Environ Science,437,134
DENA BANK,SoftAge Information Technology Limited,352,1
DENA BANK,Super Printers,1730,151
DENA BANK,Systematic & Advance Const P L,3,0
DENA BANK,TechSmart India Pvt Ltd,225,251
DENA BANK,Tera Software Ltd,97,3
DENA BANK,The NSIC ltd,170,2
DENA BANK,Transline Technologies P Ltd,277,21
DENA BANK,Utility Forms Pvt Ltd,1038,151
DENA BANK,VAP INFOSOLUTIONS,1907,159
DENA BANK,VISION COMPTECH INTEGRATOR LTD,2999,291
DENA BANK,Vedavaag Systems Limited,1618,469
DENA BANK,Virinchi Technologies Ltd,4128,305
DENA BANK,WEBEL,1582,414
DENA BANK,Wipro Ltd,6947,2540
DENA BANK,Yash Ornaments Pvt. Ltd,2328,187
DENA BANK,Zephyr System Pvt.Ltd.,7316,2010
Department of Information Technology Govt of Jharkhand,Wipro Ltd,3,2
Dept of ITC Govt of Rajasthan,ATISHAY INFOTECH PVT. LTD.,162,88
Dept of ITC Govt of Rajasthan,Academy of Management Studies,30,3
Dept of ITC Govt of Rajasthan,Binary Systems,2,2
Dept of ITC Govt of Rajasthan,Business Information Processing Services,465,7
Dept of ITC Govt of Rajasthan,CMS Computers Ltd,161,127
Dept of ITC Govt of Rajasthan,COMTECH INSTITUTE OFTECHNOLOGY,111,73
Dept of ITC Govt of Rajasthan,DATASOFT COMPUTER SERVICES(P),100,119
Dept of ITC Govt of Rajasthan,FINANCIAL INFORMATION NETWORK,10330,377
Dept of ITC Govt of Rajasthan,Gem Computers,4,1
Dept of ITC Govt of Rajasthan,Gujarat Infotech Ltd.,0,2
Dept of ITC Govt of Rajasthan,IAP COMPANY Pvt. Ltd,284,9
Dept of ITC Govt of Rajasthan,Karvy Data Management Services,82,6
Dept of ITC Govt of Rajasthan,M/s Sanish Choudhary,225,35
Dept of ITC Govt of Rajasthan,MEGHA VINCOM PVT LTD,231,78
Dept of ITC Govt of Rajasthan,Matrix Processing House,51,8
Dept of ITC Govt of Rajasthan,Multiwave Innovation,64,45
Dept of ITC Govt of Rajasthan,Osiris Infotech Pvt. Ltd.,18,33
Dept of ITC Govt of Rajasthan,Radiant Haroti Industries India Ltd,1,0
Dept of ITC Govt of Rajasthan,Radiant Info Systems Ltd,644,34
Dept of ITC Govt of Rajasthan,Ricoh India Limited,289,42
Dept of ITC Govt of Rajasthan,SAR Technology,142,16
Dept of ITC Govt of Rajasthan,SREI INFRASTRUCTURE FINANCES L,0,2
Dept of ITC Govt of Rajasthan,TechSmart India Pvt Ltd,55,56
Dept of ITC Govt of Rajasthan,Transline Technologies P Ltd,494,158
Dept of ITC Govt of Rajasthan,UMC Technologies Pvt. Ltd,62,4
Dept of ITC Govt of Rajasthan,VIRGO SOFTECH LIMITED,42,25
Dept of ITC Govt of Rajasthan,Vakrangee Softwares Limited,1009,133
Dept of ITC Govt of Rajasthan,Vayam technologies Ltd,30,2
FCR Govt of Haryana,4G INFORMATICS,177,1
FCR Govt of Haryana,Academy of Management Studies,1017,27
FCR Govt of Haryana,District IT Society Jhajjar,1,0
FCR Govt of Haryana,District IT Society Kaithal,0,2
FCR Govt of Haryana,Radiant Info Systems Ltd,139,30
FCR Govt of Haryana,SoftAge Information Technology Limited,642,94
FCR Govt of Haryana,Vayam technologies Ltd,58,8
FCS Govt of Punjab,District Sukhmani Society  Jalandhar  Punjab,244,12
FCS Govt of Punjab,District Sukhmani Society  Ludhiana  Punjab,114,12
FCS Govt of Punjab,District Sukhmani Society  Moga  Punjab,268,1
FCS Govt of Punjab,District Sukhmani Society Amritsar Punjab,51,5
FCS Govt of Punjab,District Sukhmani Society Barnala Punjab,82,5
FCS Govt of Punjab,District Sukhmani Society Bathinda Punjab,88,0
FCS Govt of Punjab,District Sukhmani Society Fatehgarh Sahib Punjab,268,17
FCS Govt of Punjab,District Sukhmani Society Fazilka Punjab,58,2
FCS Govt of Punjab,District Sukhmani Society Ferozepur Punjab,48,1
FCS Govt of Punjab,District Sukhmani Society For Citizen Services Mansa Punjab,141,8
FCS Govt of Punjab,District Sukhmani Society For Citizen Services Nawanshahr Punjab,191,29
FCS Govt of Punjab,District Sukhmani Society For Citizen Services SAS Nagar District e-Governance Society Punjab,42,1
FCS Govt of Punjab,District Sukhmani Society Pathankot Punjab,27,1
FCS Govt of Punjab,District Sukhmani Society Patiala Punjab,144,8
FCS Govt of Punjab,District Sukhmani Society Rupnagar Punjab,13,0
FCS Govt of Punjab,District Sukhmani Society Sangrur Punjab,92,4
FCS Govt of Punjab,District Sukhmani Society Sri Muktsar Sahib Punjab,134,17
FCS Govt of Punjab,District Sukhmani Society Tarn Taran Punjab,80,4
FCS Govt of Punjab,Karvy Computershare Private Li,222,3
FCS Govt of Punjab,Sukhmani Society For Citizen Services  Kapurthala  Punjab,35,3
FCS Govt of Punjab,Sukhmani Society For Citizens Services Faridkot Punjab,70,2
FCS Govt of Punjab,Suwidha Society Hoshiarpur Punjab,232,0
FCS Govt of Punjab,Vayam technologies Ltd,148,5
FCS Govt of Punjab,eCentric solutions pvt ltd,82,13
Govt of Goa,MARS Telecom Systems Pvt Ltd,1,0
Govt of Gujarat,GSS Infotech Ltd,498,15
Govt of Gujarat,Karvy Computershare Private Li,3625,193
Govt of Gujarat,Silver Touch Technologies Ltd,110,68
Govt of Gujarat,Tera Software Ltd,760,16
Govt of Gujarat,Transline Technologies P Ltd,1,0
Govt of Gujarat,Vayam technologies Ltd,43,8
Govt of Gujarat,eCentric solutions pvt ltd,80,11
Govt of Himachal Pradesh,i-Grandee SoftwareTechnologies,31,4
Govt of Karnataka ,Centre for e-Governance  GOK,2,0
Govt of Karnataka ,EDCS GOK,74,110
Govt of Kerala,Akshaya,603,91
Govt of Kerala,Keltron,1,1
Govt of Maharashtra,M/S King Computer System pvt Ltd,6,13
Govt of Maharashtra,Rudranee Infotech Ltd,49,3
Govt of Maharashtra,SETU MAHARASHTRA,1,20
Govt of Maharashtra,SHREERAM PRINTING PRESS,361,1
Govt of Maharashtra,SILVER JUBILEE MOTORS LTD.,4,14
IDBI Bank ltd,ATISHAY INFOTECH PVT. LTD.,98,52
IDBI Bank ltd,Matrix Processing House,546,1
IDBI Bank ltd,SREEVEN INFOCOM LIMITED,639,26
Indiapost,Delhi Integrated MMTS Ltd,1,1
Information Technology & Communication Department,4G INFORMATICS,1,0
Information Technology & Communication Department,Directorate of ESD,2251,828
Information Technology & Communication Department,Karvy Data Management Services,4,1
NSDL e-Governance Infrastructure Limited,ATISHAY INFOTECH PVT. LTD.,470,32
NSDL e-Governance Infrastructure Limited,Abhipra Capital Ltd,742,53
NSDL e-Governance Infrastructure Limited,Alankit Assignments Limited,2,0
NSDL e-Governance Infrastructure Limited,Alankit Finsec Ltd,1299,331
NSDL e-Governance Infrastructure Limited,Amar Constructions,480,31
NSDL e-Governance Infrastructure Limited,Gujarat Infotech Ltd.,7256,387
NSDL e-Governance Infrastructure Limited,Gundal Infotech Private Limited,2,0
NSDL e-Governance Infrastructure Limited,IAP COMPANY Pvt. Ltd,179,19
NSDL e-Governance Infrastructure Limited,Karvy Data Management Services,24177,1571
NSDL e-Governance Infrastructure Limited,N.K. Sharma Enterprises Ltd.,100,7
NSDL e-Governance Infrastructure Limited,Netlink software Pvt Ltd,1368,155
NSDL e-Governance Infrastructure Limited,Offshoot Agency Pvt. Ltd.,468,170
NSDL e-Governance Infrastructure Limited,Ojus G Enterprises,866,87
NSDL e-Governance Infrastructure Limited,Promind Solutions P Limited,4840,345
NSDL e-Governance Infrastructure Limited,RELIGARE SECURITIES LTD,1495,243
NSDL e-Governance Infrastructure Limited,Ricoh India Limited,3411,655
NSDL e-Governance Infrastructure Limited,SNR Edatas Pvt Ltd,1,2
NSDL e-Governance Infrastructure Limited,Sri Ramraja Sarkar Lok Kalyan Trust,761,369
NSDL e-Governance Infrastructure Limited,Utility Forms Pvt Ltd,5983,437
NSDL e-Governance Infrastructure Limited,VIRGO SOFTECH LIMITED,4945,329
Project Coordinator UID Project Madhya Pradesh,A I Soc for Electronics and Comp Tech,353,116
Project Coordinator UID Project Madhya Pradesh,DATASOFT COMPUTER SERVICES(P),233,57
Project Coordinator UID Project Madhya Pradesh,LYRA  CONSULTANCY SERVICE,919,45
Project Coordinator UID Project Madhya Pradesh,MPOnline Limited,44,31
Project Coordinator UID Project Madhya Pradesh,Matrix Processing House,87,99
Project Coordinator UID Project Madhya Pradesh,OSWAL COMPUTERS & CONSULTANTS,714,98
Project Coordinator UID Project Madhya Pradesh,Orion Security Solutions Private Ltd,489,32
Project Coordinator UID Project Madhya Pradesh,Sixth Dimension Project Solutions Ltd,137,63
Punjab National Bank,Alankit Finsec Ltd,521,330
Punjab National Bank,Eagle Software India Pvt. Ltd,5507,647
Punjab National Bank,MARS Telecom Systems Pvt Ltd,163,7
Punjab National Bank,Smart Chip Limited,3994,193
Punjab National Bank,Vayam technologies Ltd,1146,66
Punjab and Sind Bank,Matrix Processing House,2141,144
Registrar General India - BEL,Manipur Electronics Dev Corp,1,0
Registrar General India BEL2,Bharat Electronics Limited,0,3
Registrar General India BEL2,Chinar Construction Company Prime agency,1,0
Registrar General India BEL2,Computer LAB,24,2
Registrar General India BEL2,In Media Computer Services LLP,2,5
Registrar General India BEL2,Karvy Data Management Services,1247,102
Registrar General India BEL2,MACRO INFOTECH PVT LTD,78,170
Registrar General India BEL2,Madras Security Printers Ltd,49,193
Registrar General India BEL2,Multiwave Innovation,54,1
Registrar General India BEL2,Netlink software Pvt Ltd,161,1
Registrar General India BEL2,Nielsen  India  Private Limited,5,4
Registrar General India BEL2,Om Softwares,8,0
Registrar General India BEL2,SNR Edatas Pvt Ltd,62,246
Registrar General India BEL2,SREI INFRASTRUCTURE FINANCES L,396,93
Registrar General India BEL2,Swiss Tech India Pvt Ltd,0,5
Registrar General India BEL2,Tera Software Ltd,3,2
Registrar General India BEL2,UNITED DATA SERVICES PRIVATE LIMITED,1243,44
Registrar General India BEL2,Vedavaag Systems Limited,3,0
Registrar General India BEL2,Viesa Technologies,1189,279
Registrar General India ECIL,AVVAS INFOTECH PVT  LTD,0,3
Registrar General India ECIL,COMTECHINFO SOLUTIONS PVT.LTD,43,104
Registrar General India ECIL,Chinar Construction Company Prime agency,2189,111
Registrar General India ECIL,Computer LAB,4457,1734
Registrar General India ECIL,Eagle Software India Pvt. Ltd,819,4937
Registrar General India ECIL,Emdee Digitronics Pvt.Ltd.,673,33
Registrar General India ECIL,In Media Computer Services LLP,2453,6576
Registrar General India ECIL,India Computer Technology,526,136
Registrar General India ECIL,Integrated Systems & Services,1,0
Registrar General India ECIL,Karvy Data Management Services,16,7
Registrar General India ECIL,Krishna Infotech,0,8
Registrar General India ECIL,LYRA  CONSULTANCY SERVICE,0,8
Registrar General India ECIL,Madras Security Printers Ltd,4458,633
Registrar General India ECIL,SARADA SYSTEMS,2642,473
Registrar General India ECIL,SWISSTECH NPR 57CR PROJECT PVT,3,0
Registrar General India ECIL,Tera Software Ltd,1,320
Registrar General India ECIL,Vedavaag Systems Limited,0,2
Registrar General India ECIL,WEBEL TECHNOLOGY LIMITED,278,13
Registrar General of India ITI,Eagle Software India Pvt. Ltd,2,14
Registrar General of India ITI,Emdee Digitronics Pvt.Ltd.,2365,88
Registrar General of India ITI,In Media Computer Services LLP,26,323
Registrar General of India ITI,Madras Security Printers Ltd,976,453
Registrar General of India ITI,Netlink software Pvt Ltd,158,35
Registrar General of India ITI,Nevaeh Technology Pvt. Ltd.,0,2
Registrar General of India ITI,Quick Data IT Services Pvt Ltd,1,0
Registrar General of India ITI,SNR Edatas Pvt Ltd,5,24
Registrar General of India ITI,Swathy Smartcards Hi-Tech Pvt,1,3
Registrar General of India ITI,VIRGO SOFTECH LIMITED,4,0
Registrar General of India ITI,WEBEL TECHNOLOGY LIMITED,2271,156
Registrar General of India ITI,Webx Technologies Private Limited,1,4
Rural Development Dept  Govt. of Bihar,Bloom Solutions Pvt Ltd,1244,61
Rural Development Dept  Govt. of Bihar,Computer LAB,187,129
Rural Development Dept  Govt. of Bihar,Emdee Digitronics Pvt.Ltd.,443,67
Rural Development Dept  Govt. of Bihar,FINANCIAL INFORMATION NETWORK,23070,1014
Rural Development Dept  Govt. of Bihar,M2C Private Solution,299,36
Rural Development Dept  Govt. of Bihar,MKS Enterprises,89,19
Rural Development Dept  Govt. of Bihar,Orion Security Solutions Private Ltd,45,2
Rural Development Dept  Govt. of Bihar,Urmila Info solution,771,18
State Bank of India,Silver Touch Technologies Ltd,3,0
State Bank of India,Smart Chip Limited,283,1
State Bank of India,Utility Forms Pvt Ltd,316,0
UT of Puducherry,Madras Security Printers Ltd,1,0
UTI Infrastructure Technology & Services Limited,Omnitech Infosolutions Ltd,14,31
Union Bank,FINANCIAL INFORMATION NETWORK,25785,3208
Union Bank,Smart Chip Limited,2761,61
Union Bank,Vakrangee Softwares Limited,16789,1513
