Registrar,Enrolment Agency,Aadhaar generated,Enrolment Rejected
Allahabad Bank,A-Onerealtors Pvt Ltd,3317,10
Allahabad Bank,Agro Tech Engineers,72,7
Allahabad Bank,Asha Security Guard Services,11618,2275
Allahabad Bank,Emdee Digitronics Pvt.Ltd.,11719,26
Allahabad Bank,MEGHA VINCOM PVT LTD,3372,666
Allahabad Bank,Nevaeh Technology Pvt. Ltd.,4271,5
Allahabad Bank,PROTEX COMPUTER PVT LTD,71,0
Allahabad Bank,Redim Software Technologies Pvt Ltd,1039,32
Allahabad Bank,SGS INDIA PVT LTD,2588,773
Allahabad Bank,Sri Ramraja Sarkar Lok Kalyan Trust,11,0
Allahabad Bank,VAP INFOSOLUTIONS,369,208
Allahabad Bank,Vedavaag Systems Limited,918,13
Atalji Janasnehi Directorate  Government of Karnataka,Atalji Janasnehi Directorate  GOK,2,13
Bank Of India,A3 Logics  India  Ltd,474,11
Bank Of India,Blue Circle Instrument,103,0
Bank Of India,CHESSY CONSULTANTS PVT LTD,5,0
Bank Of India,DATASOFT COMPUTER SERVICES(P),823,14
Bank Of India,Frontech Systems Pvt Ltd,44,7
Bank Of India,OSWAL COMPUTERS & CONSULTANTS,112,3
Bank Of India,PROTEX COMPUTER PVT LTD,1733,3
Bank Of India,SARADA SYSTEMS,31,2
Bank Of India,SHRIKRISHNA KHANDASARI SUGAR M,29,0
Bank Of India,SREI INFRASTRUCTURE FINANCES L,13196,133
Bank Of India,VEETECHNOLOGIES PVT. LTD,1208,48
Bank of Baroda,Global Finsol Private Limited,3,0
Bank of Maharashtra,Tera Software Ltd,10,10
CSC e-Governance Services India Limited,A I Soc for Electronics and Comp Tech,17371,326
CSC e-Governance Services India Limited,AKSH OPTIFIBRE LIMITED,11171,230
CSC e-Governance Services India Limited,BASIX,12534,316
CSC e-Governance Services India Limited,Binary Systems,355,60
CSC e-Governance Services India Limited,Bloom Solutions Pvt Ltd,9483,14
CSC e-Governance Services India Limited,CALANCE SOFTWARE PRIVATE LTD,955,18
CSC e-Governance Services India Limited,CHIPS,3327,32
CSC e-Governance Services India Limited,CMS Computers Ltd,24726,393
CSC e-Governance Services India Limited,CSC e-Governance Services India Limited,26046,474
CSC e-Governance Services India Limited,Computer Print,12,12
CSC e-Governance Services India Limited,Conatus Infocom Pvt. Ltd,784,9
CSC e-Governance Services India Limited,DATASOFT COMPUTER SERVICES(P),5609,165
CSC e-Governance Services India Limited,Gem Computers,182,7
CSC e-Governance Services India Limited,Home Life Buildcon Pvt Ltd,7095,114
CSC e-Governance Services India Limited,HyperSoft Technologies Ltd,3568,5
CSC e-Governance Services India Limited,IAP COMPANY Pvt. Ltd,36571,317
CSC e-Governance Services India Limited,Janta Silikon Consortium,13831,87
CSC e-Governance Services India Limited,Jeevan Deep Charitable Society,4872,394
CSC e-Governance Services India Limited,K W Consulting P Ltd,839,3
CSC e-Governance Services India Limited,MANTRA SOFTTECH (INDIA) PVTLTD,2427,12
CSC e-Governance Services India Limited,MEGHA VINCOM PVT LTD,1327,416
CSC e-Governance Services India Limited,Mahamritunjay Traders,208,5
CSC e-Governance Services India Limited,Mahaonline Limited,7243,359
CSC e-Governance Services India Limited,NPS Technologies Pvt. Ltd,14504,219
CSC e-Governance Services India Limited,NVR & ASSOCIATES LIMITED,689,1
CSC e-Governance Services India Limited,National Cooperative Consumers Federation of India Limited,233,0
CSC e-Governance Services India Limited,Nekton IT India Pvt Ltd.,6805,93
CSC e-Governance Services India Limited,Network for Information & Computer,4987,41
CSC e-Governance Services India Limited,Promind Solutions P Limited,14262,146
CSC e-Governance Services India Limited,Radiant Haroti Industries India Ltd,24544,80
CSC e-Governance Services India Limited,Raj Construction Co.,2065,8
CSC e-Governance Services India Limited,SPANCO,1415,44
CSC e-Governance Services India Limited,SRR Infotech,2338,51
CSC e-Governance Services India Limited,Sahaj e-Village Limited,18985,243
CSC e-Governance Services India Limited,Sri Ramraja Sarkar Lok Kalyan Trust,1321,6
CSC e-Governance Services India Limited,Super Printers,107,18
CSC e-Governance Services India Limited,Tera Software Ltd,14604,220
CSC e-Governance Services India Limited,United Telecoms e-Services Pvt Ltd,4881,114
CSC e-Governance Services India Limited,VIKALP MULTIMEDIA,623,55
CSC e-Governance Services India Limited,VISION COMPTECH INTEGRATOR LTD,960,24
CSC e-Governance Services India Limited,Vakrangee Softwares Limited,62,0
CSC e-Governance Services India Limited,Vayam technologies Ltd,24408,212
CSC e-Governance Services India Limited,Vedavaag Systems Limited,13553,149
CSC e-Governance Services India Limited,Yash Ornaments Pvt. Ltd,2728,16
CSC e-Governance Services India Limited,Zephyr System Pvt.Ltd.,12774,1216
Canara Bank,FINANCIAL INFORMATION NETWORK,46090,565
Canara Bank,Karvy Data Management Services,7998,287
Canara Bank,Ojus Healthcare Private Limited,140,4
Canara Bank,Osiris Infotech Pvt. Ltd.,376,6
Canara Bank,Smart Chip Limited,5896,105
Canara Bank,Virinchi Technologies Ltd,6481,32
Civil Supplies - A&N Islands,India Computer Technology,1,0
DENA BANK,77 Infosystems Pvt Ltd,2522,4
DENA BANK,A-Onerealtors Pvt Ltd,226,4
DENA BANK,APEX Services,59,320
DENA BANK,AS International,1147,2
DENA BANK,ATISHAY INFOTECH PVT. LTD.,1941,7
DENA BANK,AVVAS INFOTECH PVT  LTD,4744,145
DENA BANK,Advent Infomax Private Ltd,405,9
DENA BANK,Amar Constructions,1881,34
DENA BANK,Apnatech Consultancy Services Pvt Ltd,1,5
DENA BANK,Asha Security Guard Services,8095,1505
DENA BANK,BNR UDYOG LIMITED,77,1
DENA BANK,Binary Systems,1030,26
DENA BANK,Bloom Solutions Pvt Ltd,17,0
DENA BANK,Blue Circle Instrument,332,2
DENA BANK,Business Information Processing Services,1080,31
DENA BANK,CALANCE SOFTWARE PRIVATE LTD,2473,20
DENA BANK,DATASOFT COMPUTER SERVICES(P),2366,10
DENA BANK,DEVASHISH SECURITIES PVT. LTD.,139,2
DENA BANK,Eagle Software India Pvt. Ltd,3073,22
DENA BANK,FINANCIAL INFORMATION NETWORK,9093,59
DENA BANK,Gem Computers,528,4
DENA BANK,Gujarat Infotech Ltd.,2013,2
DENA BANK,HyperSoft Technologies Ltd,1,0
DENA BANK,IAP COMPANY Pvt. Ltd,5455,53
DENA BANK,India Computer Technology,2377,0
DENA BANK,JNET Technologies Pvt.Ltd,193,4
DENA BANK,K W Consulting P Ltd,2453,5
DENA BANK,M/S STAR DATA CENTRE,816,4
DENA BANK,M/s Gold Square Builders & Promoters Pvt. Ltd.,2445,9
DENA BANK,M2C Private Solution,121,0
DENA BANK,MARS Telecom Systems Pvt Ltd,6191,773
DENA BANK,MEGHA VINCOM PVT LTD,434,1806
DENA BANK,MKS Enterprises,2677,6
DENA BANK,Make India Smart Private Limited,1642,231
DENA BANK,Multiwave Innovation,10961,86
DENA BANK,NVR & ASSOCIATES LIMITED,7962,207
DENA BANK,Netlink software Pvt Ltd,6531,215
DENA BANK,Nielsen  India  Private Limited,27587,179
DENA BANK,Offshoot Agency Pvt. Ltd.,648,342
DENA BANK,Om Softwares,765,4
DENA BANK,Ortem Securities Limited,591,0
DENA BANK,Radiant Haroti Industries India Ltd,4,1
DENA BANK,Ricoh India Limited,4821,47
DENA BANK,SGS INDIA PVT LTD,1585,1785
DENA BANK,Silver Touch Technologies Ltd,6214,15
DENA BANK,Sixth Dimension Project Solutions Ltd,346,64
DENA BANK,Soc for Advancement of Environ Science,266,8
DENA BANK,SoftAge Information Technology Limited,351,0
DENA BANK,Super Printers,683,822
DENA BANK,Systematic & Advance Const P L,1,0
DENA BANK,TechSmart India Pvt Ltd,1522,263
DENA BANK,Tera Software Ltd,353,1
DENA BANK,Transline Technologies P Ltd,470,1
DENA BANK,Utility Forms Pvt Ltd,1131,577
DENA BANK,VAP INFOSOLUTIONS,4097,1291
DENA BANK,VISION COMPTECH INTEGRATOR LTD,7709,24
DENA BANK,Vedavaag Systems Limited,1839,8
DENA BANK,Virinchi Technologies Ltd,2639,795
DENA BANK,WEBEL,8888,846
DENA BANK,Wipro Ltd,34425,1298
DENA BANK,Yash Ornaments Pvt. Ltd,485,7
DENA BANK,Zephyr System Pvt.Ltd.,6196,2125
Dept of ITC Govt of Rajasthan,AKSH OPTIFIBRE LIMITED,4,0
Dept of ITC Govt of Rajasthan,ATISHAY INFOTECH PVT. LTD.,117,2
Dept of ITC Govt of Rajasthan,AVVAS INFOTECH PVT  LTD,142,0
Dept of ITC Govt of Rajasthan,Academy of Management Studies,186,0
Dept of ITC Govt of Rajasthan,Binary Systems,2,0
Dept of ITC Govt of Rajasthan,Business Information Processing Services,175,0
Dept of ITC Govt of Rajasthan,CMS Computers Ltd,336,66
Dept of ITC Govt of Rajasthan,COMTECH INSTITUTE OFTECHNOLOGY,174,13
Dept of ITC Govt of Rajasthan,DATASOFT COMPUTER SERVICES(P),299,6
Dept of ITC Govt of Rajasthan,FINANCIAL INFORMATION NETWORK,2238,36
Dept of ITC Govt of Rajasthan,Gem Computers,2,0
Dept of ITC Govt of Rajasthan,Gujarat Infotech Ltd.,4,0
Dept of ITC Govt of Rajasthan,IAP COMPANY Pvt. Ltd,73,0
Dept of ITC Govt of Rajasthan,Karvy Data Management Services,242,14
Dept of ITC Govt of Rajasthan,M/s Sanish Choudhary,189,4
Dept of ITC Govt of Rajasthan,MEGHA VINCOM PVT LTD,175,364
Dept of ITC Govt of Rajasthan,Matrix Processing House,65,0
Dept of ITC Govt of Rajasthan,Multiwave Innovation,384,9
Dept of ITC Govt of Rajasthan,Osiris Infotech Pvt. Ltd.,50,0
Dept of ITC Govt of Rajasthan,Radiant Info Systems Ltd,108,8
Dept of ITC Govt of Rajasthan,Ricoh India Limited,572,2
Dept of ITC Govt of Rajasthan,SAR Technology,3,51
Dept of ITC Govt of Rajasthan,TechSmart India Pvt Ltd,280,1
Dept of ITC Govt of Rajasthan,Transline Technologies P Ltd,3574,43
Dept of ITC Govt of Rajasthan,UMC Technologies Pvt. Ltd,213,0
Dept of ITC Govt of Rajasthan,Vakrangee Softwares Limited,4773,193
Dept of ITC Govt of Rajasthan,Vayam technologies Ltd,2,0
FCR Govt of Haryana,4G INFORMATICS,55,2
FCR Govt of Haryana,Academy of Management Studies,190,21
FCR Govt of Haryana,District IT Society Faridabad,186,6
FCR Govt of Haryana,District IT Society Fatehabad,11,1
FCR Govt of Haryana,District IT Society Gurgaon,2,4
FCR Govt of Haryana,District IT Society Jhajjar,63,15
FCR Govt of Haryana,District IT Society Kaithal,239,10
FCR Govt of Haryana,District IT Society Mahendragarh,234,28
FCR Govt of Haryana,District IT Society Palwal,144,63
FCR Govt of Haryana,District IT Society Panchkula,87,13
FCR Govt of Haryana,District IT Society Rewari,31,13
FCR Govt of Haryana,District IT Society Rohtak,163,9
FCR Govt of Haryana,District IT Society Sirsa,22,6
FCR Govt of Haryana,District IT Society Yamuna Nagar,2,0
FCR Govt of Haryana,Radiant Info Systems Ltd,59,9
FCR Govt of Haryana,SoftAge Information Technology Limited,746,20
FCR Govt of Haryana,Vayam technologies Ltd,439,4
FCS Govt of Punjab,District Sukhmani Society  Jalandhar  Punjab,35,0
FCS Govt of Punjab,District Sukhmani Society  Ludhiana  Punjab,234,10
FCS Govt of Punjab,District Sukhmani Society  Moga  Punjab,40,1
FCS Govt of Punjab,District Sukhmani Society Amritsar Punjab,289,0
FCS Govt of Punjab,District Sukhmani Society Barnala Punjab,102,8
FCS Govt of Punjab,District Sukhmani Society Bathinda Punjab,23,0
FCS Govt of Punjab,District Sukhmani Society Fatehgarh Sahib Punjab,188,2
FCS Govt of Punjab,District Sukhmani Society Fazilka Punjab,45,2
FCS Govt of Punjab,District Sukhmani Society Ferozepur Punjab,47,0
FCS Govt of Punjab,District Sukhmani Society For Citizen Services Mansa Punjab,39,1
FCS Govt of Punjab,District Sukhmani Society For Citizen Services Nawanshahr Punjab,85,6
FCS Govt of Punjab,District Sukhmani Society For Citizen Services SAS Nagar District e-Governance Society Punjab,113,0
FCS Govt of Punjab,District Sukhmani Society Pathankot Punjab,8,0
FCS Govt of Punjab,District Sukhmani Society Patiala Punjab,77,0
FCS Govt of Punjab,District Sukhmani Society Rupnagar Punjab,211,0
FCS Govt of Punjab,District Sukhmani Society Sangrur Punjab,33,4
FCS Govt of Punjab,District Sukhmani Society Sri Muktsar Sahib Punjab,111,0
FCS Govt of Punjab,District Sukhmani Society Tarn Taran Punjab,4,0
FCS Govt of Punjab,Karvy Computershare Private Li,12,0
FCS Govt of Punjab,Sukhmani Society For Citizen Services  Kapurthala  Punjab,68,2
FCS Govt of Punjab,Sukhmani Society For Citizens Services Faridkot Punjab,56,1
FCS Govt of Punjab,Suwidha Society Hoshiarpur Punjab,96,0
FCS Govt of Punjab,Vayam technologies Ltd,271,53
FCS Govt of Punjab,eCentric solutions pvt ltd,30,0
Govt of Gujarat,GSS Infotech Ltd,225,0
Govt of Gujarat,Karvy Computershare Private Li,4692,125
Govt of Gujarat,Silver Touch Technologies Ltd,1868,11
Govt of Gujarat,Tera Software Ltd,834,14
Govt of Gujarat,Transline Technologies P Ltd,10,2
Govt of Gujarat,Vayam technologies Ltd,44,0
Govt of Gujarat,eCentric solutions pvt ltd,7,0
Govt of Karnataka ,EDCS GOK,403,2
Govt of Kerala,Akshaya,2401,20
Govt of Kerala,Keltron,3,0
Govt of Maharashtra,M/S King Computer System pvt Ltd,256,2
Govt of Maharashtra,M/s. Vidya Online  Pune,22,0
Govt of Maharashtra,Rudranee Infotech Ltd,1,0
Govt of Maharashtra,SETU MAHARASHTRA,409,15
Govt of Maharashtra,SHREERAM PRINTING PRESS,287,0
Govt of Maharashtra,SILVER JUBILEE MOTORS LTD.,18,0
Govt of Maharashtra,STRATEGIC OUTSOURCING SERVICE,1,1
Govt of Maharashtra,Vidarbha Infotech Pvt Ltd,13,2
IDBI Bank ltd,ATISHAY INFOTECH PVT. LTD.,1130,30
IDBI Bank ltd,Matrix Processing House,173,3
IDBI Bank ltd,SREEVEN INFOCOM LIMITED,174,19
Information Technology & Communication Department,Directorate of ESD,5436,83
Jharkhand,Wipro Ltd,0,2
NSDL e-Governance Infrastructure Limited,ATISHAY INFOTECH PVT. LTD.,84,6
NSDL e-Governance Infrastructure Limited,Abhipra Capital Ltd,1008,3
NSDL e-Governance Infrastructure Limited,Alankit Finsec Ltd,12070,211
NSDL e-Governance Infrastructure Limited,Amar Constructions,1185,6
NSDL e-Governance Infrastructure Limited,COMTECHINFO SOLUTIONS PVT.LTD,2,0
NSDL e-Governance Infrastructure Limited,Gujarat Infotech Ltd.,15252,123
NSDL e-Governance Infrastructure Limited,Gundal Infotech Private Limited,1,16
NSDL e-Governance Infrastructure Limited,IAP COMPANY Pvt. Ltd,4,1
NSDL e-Governance Infrastructure Limited,Karvy Data Management Services,63639,1425
NSDL e-Governance Infrastructure Limited,N.K. Sharma Enterprises Ltd.,488,27
NSDL e-Governance Infrastructure Limited,Netlink software Pvt Ltd,1426,44
NSDL e-Governance Infrastructure Limited,Offshoot Agency Pvt. Ltd.,178,767
NSDL e-Governance Infrastructure Limited,Ojus G Enterprises,4214,52
NSDL e-Governance Infrastructure Limited,Promind Solutions P Limited,7699,58
NSDL e-Governance Infrastructure Limited,RELIGARE SECURITIES LTD,2353,34
NSDL e-Governance Infrastructure Limited,Ricoh India Limited,12343,351
NSDL e-Governance Infrastructure Limited,SNR Edatas Pvt Ltd,402,5
NSDL e-Governance Infrastructure Limited,Sri Ramraja Sarkar Lok Kalyan Trust,5793,34
NSDL e-Governance Infrastructure Limited,Utility Forms Pvt Ltd,5877,2308
NSDL e-Governance Infrastructure Limited,VIRGO SOFTECH LIMITED,12997,262
Project Coordinator UID Project Madhya Pradesh,A I Soc for Electronics and Comp Tech,2020,59
Project Coordinator UID Project Madhya Pradesh,DATASOFT COMPUTER SERVICES(P),311,5
Project Coordinator UID Project Madhya Pradesh,LYRA  CONSULTANCY SERVICE,2824,66
Project Coordinator UID Project Madhya Pradesh,MPOnline Limited,491,38
Project Coordinator UID Project Madhya Pradesh,Matrix Processing House,1331,28
Project Coordinator UID Project Madhya Pradesh,OSWAL COMPUTERS & CONSULTANTS,1119,49
Project Coordinator UID Project Madhya Pradesh,Orion Security Solutions Private Ltd,618,6
Project Coordinator UID Project Madhya Pradesh,Sixth Dimension Project Solutions Ltd,445,94
Punjab National Bank,Alankit Finsec Ltd,6664,94
Punjab National Bank,Eagle Software India Pvt. Ltd,16339,619
Punjab National Bank,MARS Telecom Systems Pvt Ltd,0,1
Punjab National Bank,Smart Chip Limited,4732,131
Punjab National Bank,Vayam technologies Ltd,2061,22
Punjab and Sind Bank,Matrix Processing House,1559,19
Registrar General India - BEL,Manipur Electronics Dev Corp,0,3
Registrar General India BEL2,Chinar Construction Company Prime agency,7,2
Registrar General India BEL2,In Media Computer Services LLP,1203,2
Registrar General India BEL2,Karvy Data Management Services,8604,4
Registrar General India BEL2,Madras Security Printers Ltd,5,3
Registrar General India BEL2,Multiwave Innovation,119,4
Registrar General India BEL2,Netlink software Pvt Ltd,2,1
Registrar General India BEL2,Om Softwares,0,2
Registrar General India BEL2,SNR Edatas Pvt Ltd,11402,53
Registrar General India BEL2,Tera Software Ltd,1830,1
Registrar General India BEL2,UNITED DATA SERVICES PRIVATE LIMITED,41,3
Registrar General India BEL2,Vedavaag Systems Limited,0,41
Registrar General India BEL2,Viesa Technologies,2204,6
Registrar General India ECIL,COMTECHINFO SOLUTIONS PVT.LTD,5779,21
Registrar General India ECIL,Chinar Construction Company Prime agency,3613,301
Registrar General India ECIL,Computer LAB,10666,274
Registrar General India ECIL,ECIL,1,0
Registrar General India ECIL,Eagle Software India Pvt. Ltd,1035,1116
Registrar General India ECIL,Emdee Digitronics Pvt.Ltd.,64,1
Registrar General India ECIL,In Media Computer Services LLP,9734,10
Registrar General India ECIL,India Computer Technology,349,29
Registrar General India ECIL,Karvy Data Management Services,403,1
Registrar General India ECIL,Madras Security Printers Ltd,6590,25
Registrar General India ECIL,SARADA SYSTEMS,1559,79
Registrar General India ECIL,Tera Software Ltd,24,0
Registrar General India ECIL,WEBEL TECHNOLOGY LIMITED,16,0
Registrar General of India ITI,Eagle Software India Pvt. Ltd,28,3
Registrar General of India ITI,Emdee Digitronics Pvt.Ltd.,10437,785
Registrar General of India ITI,Karvy Data Management Services,32,8
Registrar General of India ITI,Madras Security Printers Ltd,65,2
Registrar General of India ITI,Netlink software Pvt Ltd,400,1
Registrar General of India ITI,Quick Data IT Services Pvt Ltd,0,3
Registrar General of India ITI,SNR Edatas Pvt Ltd,111,0
Registrar General of India ITI,VIRGO SOFTECH LIMITED,39,0
Registrar General of India ITI,WEBEL TECHNOLOGY LIMITED,423,10
Registrar General of India ITI,Webx Technologies Private Limited,62,0
Rural Development Dept  Govt. of Bihar,Bloom Solutions Pvt Ltd,8288,21
Rural Development Dept  Govt. of Bihar,Computer LAB,1895,10
Rural Development Dept  Govt. of Bihar,Emdee Digitronics Pvt.Ltd.,1544,3
Rural Development Dept  Govt. of Bihar,FINANCIAL INFORMATION NETWORK,20773,165
Rural Development Dept  Govt. of Bihar,M2C Private Solution,66,4
Rural Development Dept  Govt. of Bihar,MKS Enterprises,2901,9
Rural Development Dept  Govt. of Bihar,Orion Security Solutions Private Ltd,10,0
Rural Development Dept  Govt. of Bihar,Urmila Info solution,2021,3
State Bank of India,FINANCIAL INFORMATION NETWORK,194,3
State Bank of India,Smart Chip Limited,784,0
State Bank of India,Utility Forms Pvt Ltd,3298,16
UIDAI-Registrar,UIDAI-EA,94,2
UTI Infrastructure Technology & Services Limited,Omnitech Infosolutions Ltd,1561,0
Union Bank,FINANCIAL INFORMATION NETWORK,25611,409
Union Bank,Smart Chip Limited,1207,20
Union Bank,Vakrangee Softwares Limited,41370,819
