Registrar,Enrolment Agency,Aadhaar generated,Enrolment Rejected
Allahabad Bank,A-Onerealtors Pvt Ltd,42,122
Allahabad Bank,Asha Security Guard Services,190,240
Allahabad Bank,Emdee Digitronics Pvt.Ltd.,284,144
Allahabad Bank,MEGHA VINCOM PVT LTD,25,120
Allahabad Bank,Nevaeh Technology Pvt. Ltd.,35,40
Allahabad Bank,Redim Software Technologies Pvt Ltd,12,93
Allahabad Bank,SGS INDIA PVT LTD,34,111
Allahabad Bank,Sri Ramraja Sarkar Lok Kalyan Trust,4,16
Allahabad Bank,VAP INFOSOLUTIONS,54,49
Allahabad Bank,Vedavaag Systems Limited,31,11
Atalji Janasnehi Directorate  Government of Karnataka,Atalji Janasnehi Directorate  GOK,14,35
Bank Of India,A3 Logics  India  Ltd,16,37
Bank Of India,Blue Circle Instrument,1,0
Bank Of India,DATASOFT COMPUTER SERVICES(P),24,44
Bank Of India,Frontech Systems Pvt Ltd,7,10
Bank Of India,Matrix Processing House,0,1
Bank Of India,OSWAL COMPUTERS & CONSULTANTS,6,43
Bank Of India,PROTEX COMPUTER PVT LTD,16,15
Bank Of India,SARADA SYSTEMS,25,27
Bank Of India,SHRIKRISHNA KHANDASARI SUGAR M,2,7
Bank Of India,SREI INFRASTRUCTURE FINANCES L,159,467
Bank Of India,VEETECHNOLOGIES PVT. LTD,68,361
Bank of Baroda,Global Finsol Private Limited,11,18
Bank of Maharashtra,FINANCIAL INFORMATION NETWORK,0,40
Bank of Maharashtra,Micro Technologies India Ltd,0,1
Bank of Maharashtra,Tera Software Ltd,45,148
CSC e-Governance Services India Limited,A I Soc for Electronics and Comp Tech,407,132
CSC e-Governance Services India Limited,AKSH OPTIFIBRE LIMITED,79,110
CSC e-Governance Services India Limited,BASIX,85,151
CSC e-Governance Services India Limited,Binary Systems,2,18
CSC e-Governance Services India Limited,Bloom Solutions Pvt Ltd,34,47
CSC e-Governance Services India Limited,CALANCE SOFTWARE PRIVATE LTD,197,75
CSC e-Governance Services India Limited,CHIPS,114,47
CSC e-Governance Services India Limited,CMS Computers Ltd,467,532
CSC e-Governance Services India Limited,CSC e-Governance Services India Limited,682,395
CSC e-Governance Services India Limited,Computer Print,33,17
CSC e-Governance Services India Limited,Conatus Infocom Pvt. Ltd,5,29
CSC e-Governance Services India Limited,DATASOFT COMPUTER SERVICES(P),347,191
CSC e-Governance Services India Limited,Gem Computers,3,15
CSC e-Governance Services India Limited,Home Life Buildcon Pvt Ltd,51,103
CSC e-Governance Services India Limited,HyperSoft Technologies Ltd,28,32
CSC e-Governance Services India Limited,IAP COMPANY Pvt. Ltd,334,1006
CSC e-Governance Services India Limited,Janta Silikon Consortium,97,122
CSC e-Governance Services India Limited,Jeevan Deep Charitable Society,24,13
CSC e-Governance Services India Limited,MANTRA SOFTTECH (INDIA) PVTLTD,27,130
CSC e-Governance Services India Limited,MEGHA VINCOM PVT LTD,28,34
CSC e-Governance Services India Limited,Mahamritunjay Traders,3,1
CSC e-Governance Services India Limited,Mahaonline Limited,102,332
CSC e-Governance Services India Limited,NPS Technologies Pvt. Ltd,108,205
CSC e-Governance Services India Limited,NVR & ASSOCIATES LIMITED,6,25
CSC e-Governance Services India Limited,National Cooperative Consumers Federation of India Limited,25,28
CSC e-Governance Services India Limited,Nekton IT India Pvt Ltd.,22,27
CSC e-Governance Services India Limited,Network for Information & Computer,21,111
CSC e-Governance Services India Limited,Promind Solutions P Limited,55,112
CSC e-Governance Services India Limited,Radiant Haroti Industries India Ltd,171,411
CSC e-Governance Services India Limited,Raj Construction Co.,4,24
CSC e-Governance Services India Limited,SPANCO,24,114
CSC e-Governance Services India Limited,SRR Infotech,21,21
CSC e-Governance Services India Limited,Sahaj e-Village Limited,91,176
CSC e-Governance Services India Limited,Sri Ramraja Sarkar Lok Kalyan Trust,0,11
CSC e-Governance Services India Limited,Tera Software Ltd,138,519
CSC e-Governance Services India Limited,United Telecoms e-Services Pvt Ltd,12,28
CSC e-Governance Services India Limited,VIKALP MULTIMEDIA,4,6
CSC e-Governance Services India Limited,VISION COMPTECH INTEGRATOR LTD,15,55
CSC e-Governance Services India Limited,Vayam technologies Ltd,113,354
CSC e-Governance Services India Limited,Vedavaag Systems Limited,402,91
CSC e-Governance Services India Limited,Yash Ornaments Pvt. Ltd,0,4
CSC e-Governance Services India Limited,Zephyr System Pvt.Ltd.,81,272
Canara Bank,FINANCIAL INFORMATION NETWORK,336,791
Canara Bank,Karvy Data Management Services,170,229
Canara Bank,Ojus Healthcare Private Limited,0,5
Canara Bank,Osiris Infotech Pvt. Ltd.,5,24
Canara Bank,Smart Chip Limited,103,398
Canara Bank,Virinchi Technologies Ltd,35,70
Central Bank of India,CALANCE SOFTWARE PRIVATE LTD,0,98
Central Bank of India,IAP COMPANY Pvt. Ltd,0,1
Civil Supplies - A&N Islands,India Computer Technology,5,15
DENA BANK,77 Infosystems Pvt Ltd,34,33
DENA BANK,A-Onerealtors Pvt Ltd,4,37
DENA BANK,APEX Services,27,70
DENA BANK,AS International,45,13
DENA BANK,ATISHAY INFOTECH PVT. LTD.,138,125
DENA BANK,AVVAS INFOTECH PVT  LTD,290,240
DENA BANK,Advent Infomax Private Ltd,2,9
DENA BANK,Amar Constructions,25,46
DENA BANK,Asha Security Guard Services,58,286
DENA BANK,Asray Gram,3,3
DENA BANK,BNR UDYOG LIMITED,9,26
DENA BANK,Binary Systems,9,115
DENA BANK,Bloom Solutions Pvt Ltd,4,10
DENA BANK,Blue Circle Instrument,42,22
DENA BANK,Business Information Processing Services,4,20
DENA BANK,CALANCE SOFTWARE PRIVATE LTD,177,130
DENA BANK,DATASOFT COMPUTER SERVICES(P),16,66
DENA BANK,Eagle Software India Pvt. Ltd,110,65
DENA BANK,FINANCIAL INFORMATION NETWORK,202,243
DENA BANK,Gem Computers,14,58
DENA BANK,Gujarat Infotech Ltd.,18,58
DENA BANK,HyperSoft Technologies Ltd,1,2
DENA BANK,IAP COMPANY Pvt. Ltd,104,225
DENA BANK,India Computer Technology,15,28
DENA BANK,JNET Technologies Pvt.Ltd,4,45
DENA BANK,K W Consulting P Ltd,10,11
DENA BANK,M/S STAR DATA CENTRE,8,27
DENA BANK,M/s Gold Square Builders & Promoters Pvt. Ltd.,4,4
DENA BANK,M2C Private Solution,1,6
DENA BANK,MARS Telecom Systems Pvt Ltd,39,88
DENA BANK,MEGHA VINCOM PVT LTD,88,176
DENA BANK,MKS Enterprises,57,50
DENA BANK,Make India Smart Private Limited,4,21
DENA BANK,Multiwave Innovation,17,72
DENA BANK,NVR & ASSOCIATES LIMITED,44,172
DENA BANK,Netlink software Pvt Ltd,41,114
DENA BANK,Nielsen  India  Private Limited,307,741
DENA BANK,Offshoot Agency Pvt. Ltd.,29,65
DENA BANK,Om Softwares,59,20
DENA BANK,Ortem Securities Limited,18,24
DENA BANK,Radiant Haroti Industries India Ltd,1,1
DENA BANK,Ricoh India Limited,22,34
DENA BANK,SGS INDIA PVT LTD,19,82
DENA BANK,Silver Touch Technologies Ltd,56,87
DENA BANK,Sixth Dimension Project Solutions Ltd,2,1
DENA BANK,Soc for Advancement of Environ Science,7,51
DENA BANK,SoftAge Information Technology Limited,4,0
DENA BANK,Super Printers,79,55
DENA BANK,TechSmart India Pvt Ltd,172,99
DENA BANK,Tera Software Ltd,8,14
DENA BANK,The NSIC ltd,13,4
DENA BANK,Transline Technologies P Ltd,3,4
DENA BANK,Utility Forms Pvt Ltd,30,146
DENA BANK,VAP INFOSOLUTIONS,121,256
DENA BANK,VISION COMPTECH INTEGRATOR LTD,24,106
DENA BANK,Vedavaag Systems Limited,33,28
DENA BANK,Virinchi Technologies Ltd,122,155
DENA BANK,WEBEL,45,110
DENA BANK,Wipro Ltd,273,1449
DENA BANK,Yash Ornaments Pvt. Ltd,19,43
DENA BANK,Zephyr System Pvt.Ltd.,220,396
Delhi - North DC,CALANCE SOFTWARE PRIVATE LTD,0,2
Dept of ITC Govt of Rajasthan,ATISHAY INFOTECH PVT. LTD.,51,61
Dept of ITC Govt of Rajasthan,Academy of Management Studies,0,14
Dept of ITC Govt of Rajasthan,Alankit Finsec Ltd,0,3
Dept of ITC Govt of Rajasthan,Binary Systems,0,4
Dept of ITC Govt of Rajasthan,Business Information Processing Services,18,4
Dept of ITC Govt of Rajasthan,CMS Computers Ltd,6,7
Dept of ITC Govt of Rajasthan,COMTECH INSTITUTE OFTECHNOLOGY,2,17
Dept of ITC Govt of Rajasthan,DATASOFT COMPUTER SERVICES(P),10,51
Dept of ITC Govt of Rajasthan,FINANCIAL INFORMATION NETWORK,135,121
Dept of ITC Govt of Rajasthan,Gem Computers,0,2
Dept of ITC Govt of Rajasthan,Gujarat Infotech Ltd.,1,1
Dept of ITC Govt of Rajasthan,IAP COMPANY Pvt. Ltd,25,10
Dept of ITC Govt of Rajasthan,Karvy Data Management Services,5,10
Dept of ITC Govt of Rajasthan,M/s Sanish Choudhary,1,8
Dept of ITC Govt of Rajasthan,MEGHA VINCOM PVT LTD,14,25
Dept of ITC Govt of Rajasthan,Matrix Processing House,0,12
Dept of ITC Govt of Rajasthan,Multiwave Innovation,6,31
Dept of ITC Govt of Rajasthan,Osiris Infotech Pvt. Ltd.,12,9
Dept of ITC Govt of Rajasthan,Radiant Info Systems Ltd,0,12
Dept of ITC Govt of Rajasthan,Ricoh India Limited,9,19
Dept of ITC Govt of Rajasthan,SAR Technology,0,4
Dept of ITC Govt of Rajasthan,SREI INFRASTRUCTURE FINANCES L,0,5
Dept of ITC Govt of Rajasthan,TechSmart India Pvt Ltd,5,30
Dept of ITC Govt of Rajasthan,Transline Technologies P Ltd,21,88
Dept of ITC Govt of Rajasthan,UMC Technologies Pvt. Ltd,0,9
Dept of ITC Govt of Rajasthan,VIRGO SOFTECH LIMITED,1,3
Dept of ITC Govt of Rajasthan,Vakrangee Softwares Limited,27,103
Dept of ITC Govt of Rajasthan,Vayam technologies Ltd,6,13
FCR Govt of Haryana,4G INFORMATICS,0,11
FCR Govt of Haryana,Academy of Management Studies,4,21
FCR Govt of Haryana,District IT Society Jhajjar,0,1
FCR Govt of Haryana,District IT Society Kaithal,0,1
FCR Govt of Haryana,District IT Society Mahendragarh,0,5
FCR Govt of Haryana,District IT Society Palwal,0,3
FCR Govt of Haryana,Radiant Info Systems Ltd,1,18
FCR Govt of Haryana,SoftAge Information Technology Limited,19,53
FCR Govt of Haryana,Vakrangee Softwares Limited,0,1
FCR Govt of Haryana,Vayam technologies Ltd,13,21
FCS Govt of Punjab,District Sukhmani Society  Jalandhar  Punjab,5,8
FCS Govt of Punjab,District Sukhmani Society  Ludhiana  Punjab,13,13
FCS Govt of Punjab,District Sukhmani Society  Moga  Punjab,4,3
FCS Govt of Punjab,District Sukhmani Society Amritsar Punjab,9,11
FCS Govt of Punjab,District Sukhmani Society Barnala Punjab,2,2
FCS Govt of Punjab,District Sukhmani Society Bathinda Punjab,2,1
FCS Govt of Punjab,District Sukhmani Society Fatehgarh Sahib Punjab,8,1
FCS Govt of Punjab,District Sukhmani Society Fazilka Punjab,3,2
FCS Govt of Punjab,District Sukhmani Society For Citizen Services Mansa Punjab,8,5
FCS Govt of Punjab,District Sukhmani Society For Citizen Services Nawanshahr Punjab,4,6
FCS Govt of Punjab,District Sukhmani Society For Citizen Services SAS Nagar District e-Governance Society Punjab,4,3
FCS Govt of Punjab,District Sukhmani Society Pathankot Punjab,1,0
FCS Govt of Punjab,District Sukhmani Society Patiala Punjab,6,4
FCS Govt of Punjab,District Sukhmani Society Rupnagar Punjab,1,2
FCS Govt of Punjab,District Sukhmani Society Sangrur Punjab,7,1
FCS Govt of Punjab,District Sukhmani Society Sri Muktsar Sahib Punjab,7,0
FCS Govt of Punjab,District Sukhmani Society Tarn Taran Punjab,0,3
FCS Govt of Punjab,Karvy Computershare Private Li,13,57
FCS Govt of Punjab,Sukhmani Society For Citizens Services Faridkot Punjab,0,1
FCS Govt of Punjab,Suwidha Society Hoshiarpur Punjab,1,0
FCS Govt of Punjab,Vayam technologies Ltd,2,4
FCS Govt of Punjab,eCentric solutions pvt ltd,0,6
Govt of Andhra Pradesh,Gouthami Educational Society,0,2
Govt of Andhra Pradesh,GrapeSoft,0,1
Govt of Andhra Pradesh,INFRONICS SYSTEMS LTD,0,2
Govt of Gujarat,GSS Infotech Ltd,1,7
Govt of Gujarat,Karvy Computershare Private Li,50,105
Govt of Gujarat,Silver Touch Technologies Ltd,5,25
Govt of Gujarat,Tera Software Ltd,11,27
Govt of Gujarat,Vayam technologies Ltd,6,7
Govt of Gujarat,eCentric solutions pvt ltd,1,6
Govt of Himachal Pradesh,i-Grandee SoftwareTechnologies,2,10
Govt of Karnataka ,Centre for e-Governance  GOK,1,0
Govt of Karnataka ,EDCS GOK,16,25
Govt of Karnataka ,Origin ITFS Pvt Ltd,0,6
Govt of Kerala,Akshaya,61,73
Govt of Maharashtra,Alankit Finsec Ltd,0,22
Govt of Maharashtra,GLODYNE TECHNOSERVE,0,1
Govt of Maharashtra,M/S King Computer System pvt Ltd,0,2
Govt of Maharashtra,M/s. Vidya Online  Pune,1,3
Govt of Maharashtra,Netlink software Pvt Ltd,0,4
Govt of Maharashtra,Rudranee Infotech Ltd,1,3
Govt of Maharashtra,SETU MAHARASHTRA,386,33
Govt of Maharashtra,SHREERAM PRINTING PRESS,2,1
Govt of Maharashtra,SILVER JUBILEE MOTORS LTD.,2,1
Govt of Maharashtra,TechSmart India Pvt Ltd,0,1
Govt of Maharashtra,Vidarbha Infotech Pvt Ltd,1,0
Govt of Sikkim - Dept of Econo,Department of Economics Statistics  Monitoring and Evaluation DESME,2,0
IDBI Bank ltd,ATISHAY INFOTECH PVT. LTD.,33,27
IDBI Bank ltd,Matrix Processing House,1,1
IDBI Bank ltd,SREEVEN INFOCOM LIMITED,20,110
Information Technology & Communication Department,Directorate of ESD,81,306
Information Technology & Communication Department,MARS Telecom Systems Pvt Ltd,0,3
Information Technology & Communication Department,SREEVEN INFOCOM LIMITED,0,3
Jharkhand,VISION COMPTECH INTEGRATOR LTD,0,1
Jharkhand,Wipro Ltd,0,1
NSDL e-Governance Infrastructure Limited,ATISHAY INFOTECH PVT. LTD.,14,12
NSDL e-Governance Infrastructure Limited,Abhipra Capital Ltd,5,10
NSDL e-Governance Infrastructure Limited,Alankit Assignments Limited,0,11
NSDL e-Governance Infrastructure Limited,Alankit Finsec Ltd,432,264
NSDL e-Governance Infrastructure Limited,Amar Constructions,21,9
NSDL e-Governance Infrastructure Limited,Gujarat Infotech Ltd.,58,259
NSDL e-Governance Infrastructure Limited,IAP COMPANY Pvt. Ltd,4,14
NSDL e-Governance Infrastructure Limited,Karvy Data Management Services,1385,1475
NSDL e-Governance Infrastructure Limited,N.K. Sharma Enterprises Ltd.,6,28
NSDL e-Governance Infrastructure Limited,Netlink software Pvt Ltd,20,185
NSDL e-Governance Infrastructure Limited,Offshoot Agency Pvt. Ltd.,82,123
NSDL e-Governance Infrastructure Limited,Ojus G Enterprises,8,55
NSDL e-Governance Infrastructure Limited,Promind Solutions P Limited,36,127
NSDL e-Governance Infrastructure Limited,RELIGARE SECURITIES LTD,34,57
NSDL e-Governance Infrastructure Limited,Ricoh India Limited,76,209
NSDL e-Governance Infrastructure Limited,SNR Edatas Pvt Ltd,0,1
NSDL e-Governance Infrastructure Limited,Sri Ramraja Sarkar Lok Kalyan Trust,24,113
NSDL e-Governance Infrastructure Limited,Utility Forms Pvt Ltd,85,162
NSDL e-Governance Infrastructure Limited,VIRGO SOFTECH LIMITED,68,297
Oriental Bank of Commerce,DATASOFT COMPUTER SERVICES(P),0,2
Principal Revenue Commissioner  Dept of Revenue  Govt of MP,Frontech Systems Pvt Ltd,0,1
Principal Revenue Commissioner  Dept of Revenue  Govt of MP,K W Consulting P Ltd,0,1
Principal Revenue Commissioner  Dept of Revenue  Govt of MP,Vedavaag Systems Limited,0,1
Project Coordinator UID Project Madhya Pradesh,A I Soc for Electronics and Comp Tech,115,25
Project Coordinator UID Project Madhya Pradesh,DATASOFT COMPUTER SERVICES(P),16,12
Project Coordinator UID Project Madhya Pradesh,LYRA  CONSULTANCY SERVICE,9,18
Project Coordinator UID Project Madhya Pradesh,MPOnline Limited,10,6
Project Coordinator UID Project Madhya Pradesh,Matrix Processing House,4,18
Project Coordinator UID Project Madhya Pradesh,OSWAL COMPUTERS & CONSULTANTS,23,92
Project Coordinator UID Project Madhya Pradesh,Orion Security Solutions Private Ltd,40,17
Project Coordinator UID Project Madhya Pradesh,Sixth Dimension Project Solutions Ltd,7,22
Punjab National Bank,Alankit Finsec Ltd,218,121
Punjab National Bank,Eagle Software India Pvt. Ltd,305,117
Punjab National Bank,MARS Telecom Systems Pvt Ltd,0,2
Punjab National Bank,Smart Chip Limited,88,305
Punjab National Bank,Vayam technologies Ltd,40,150
Punjab and Sind Bank,Matrix Processing House,30,87
Registrar General India BEL2,Bharat Electronics Limited,1,1
Registrar General India BEL2,Computer LAB,0,2
Registrar General India BEL2,India Computer Technology,0,6
Registrar General India BEL2,Karvy Data Management Services,5,41
Registrar General India BEL2,MACRO INFOTECH PVT LTD,21,47
Registrar General India BEL2,Madras Security Printers Ltd,11,47
Registrar General India BEL2,Manipur Electronics Dev Corp,2,0
Registrar General India BEL2,Multiwave Innovation,4,22
Registrar General India BEL2,Netlink software Pvt Ltd,0,2
Registrar General India BEL2,SNR Edatas Pvt Ltd,19,79
Registrar General India BEL2,SREI INFRASTRUCTURE FINANCES L,3,3
Registrar General India BEL2,Swathy Smartcards Hi-Tech Pvt,0,2
Registrar General India BEL2,Tera Software Ltd,0,17
Registrar General India BEL2,UNITED DATA SERVICES PRIVATE LIMITED,9,10
Registrar General India BEL2,Vedavaag Systems Limited,0,4
Registrar General India BEL2,Viesa Technologies,23,55
Registrar General India ECIL,COMTECHINFO SOLUTIONS PVT.LTD,5,12
Registrar General India ECIL,Chinar Construction Company Prime agency,29,5
Registrar General India ECIL,Computer LAB,406,288
Registrar General India ECIL,Eagle Software India Pvt. Ltd,108,89
Registrar General India ECIL,Emdee Digitronics Pvt.Ltd.,37,97
Registrar General India ECIL,In Media Computer Services LLP,184,171
Registrar General India ECIL,India Computer Technology,11,35
Registrar General India ECIL,Madras Security Printers Ltd,27,41
Registrar General India ECIL,SARADA SYSTEMS,87,243
Registrar General India ECIL,SWISSTECH NPR 57CR PROJECT PVT,0,19
Registrar General India Others,Clairvoyance Technologies Pvt.,0,1
Registrar General of India ITI,Eagle Software India Pvt. Ltd,1,4
Registrar General of India ITI,Emdee Digitronics Pvt.Ltd.,277,70
Registrar General of India ITI,In Media Computer Services LLP,7,6
Registrar General of India ITI,Karvy Data Management Services,1,1
Registrar General of India ITI,Madras Security Printers Ltd,8,30
Registrar General of India ITI,Netlink software Pvt Ltd,5,15
Registrar General of India ITI,SNR Edatas Pvt Ltd,0,4
Registrar General of India ITI,STRATEGIC OUTSOURCING SERVICE,0,1
Registrar General of India ITI,Swathy Smartcards Hi-Tech Pvt,0,15
Registrar General of India ITI,VIRGO SOFTECH LIMITED,0,2
Registrar General of India ITI,WEBEL TECHNOLOGY LIMITED,69,74
Rural Development Dept  Govt. of Bihar,Bloom Solutions Pvt Ltd,37,31
Rural Development Dept  Govt. of Bihar,Computer LAB,31,31
Rural Development Dept  Govt. of Bihar,Emdee Digitronics Pvt.Ltd.,42,74
Rural Development Dept  Govt. of Bihar,FINANCIAL INFORMATION NETWORK,383,205
Rural Development Dept  Govt. of Bihar,M2C Private Solution,25,24
Rural Development Dept  Govt. of Bihar,MKS Enterprises,20,19
Rural Development Dept  Govt. of Bihar,Orion Security Solutions Private Ltd,2,2
Rural Development Dept  Govt. of Bihar,Urmila Info solution,5,23
State Bank of India,Silver Touch Technologies Ltd,0,4
State Bank of India,Smart Chip Limited,3,2
UIDAI-Registrar,UIDAI-EA,1,2
UT of Puducherry,Madras Security Printers Ltd,0,1
UTI Infrastructure Technology & Services Limited,Omnitech Infosolutions Ltd,2,8
Union Bank,FINANCIAL INFORMATION NETWORK,777,1267
Union Bank,Smart Chip Limited,22,51
Union Bank,Vakrangee Softwares Limited,372,1310
