Registrar,Enrolment Agency,Aadhaar generated,Enrolment Rejected
Allahabad Bank,A-Onerealtors Pvt Ltd,2062,187
Allahabad Bank,Asha Security Guard Services,419,183
Allahabad Bank,Emdee Digitronics Pvt.Ltd.,11992,155
Allahabad Bank,MEGHA VINCOM PVT LTD,730,45
Allahabad Bank,Nevaeh Technology Pvt. Ltd.,1888,162
Allahabad Bank,Ortem Securities Limited,4,0
Allahabad Bank,PROTEX COMPUTER PVT LTD,5,8
Allahabad Bank,Redim Software Technologies Pvt Ltd,29,57
Allahabad Bank,SGS INDIA PVT LTD,800,240
Allahabad Bank,Sri Ramraja Sarkar Lok Kalyan Trust,2,18
Allahabad Bank,VAP INFOSOLUTIONS,125,11
Allahabad Bank,Vedavaag Systems Limited,38,145
Atalji Janasnehi Directorate  Government of Karnataka,Atalji Janasnehi Directorate  GOK,794,28
Bank Of India,A3 Logics  India  Ltd,582,26
Bank Of India,CHESSY CONSULTANTS PVT LTD,14,0
Bank Of India,DATASOFT COMPUTER SERVICES(P),3786,91
Bank Of India,Frontech Systems Pvt Ltd,1507,28
Bank Of India,OSWAL COMPUTERS & CONSULTANTS,135,57
Bank Of India,PROTEX COMPUTER PVT LTD,353,29
Bank Of India,SARADA SYSTEMS,172,13
Bank Of India,SHRIKRISHNA KHANDASARI SUGAR M,6,0
Bank Of India,SREI INFRASTRUCTURE FINANCES L,655,287
Bank Of India,VEETECHNOLOGIES PVT. LTD,1161,125
Bank of Baroda,Global Finsol Private Limited,124,29
Bank of Maharashtra,Tera Software Ltd,511,118
CSC e-Governance Services India Limited,A I Soc for Electronics and Comp Tech,378,404
CSC e-Governance Services India Limited,AKSH OPTIFIBRE LIMITED,149,182
CSC e-Governance Services India Limited,BASIX,3371,361
CSC e-Governance Services India Limited,Binary Systems,180,51
CSC e-Governance Services India Limited,Bloom Solutions Pvt Ltd,1646,51
CSC e-Governance Services India Limited,CALANCE SOFTWARE PRIVATE LTD,3372,139
CSC e-Governance Services India Limited,CHIPS,18614,98
CSC e-Governance Services India Limited,CMS Computers Ltd,9224,1588
CSC e-Governance Services India Limited,CSC e-Governance Services India Limited,8618,459
CSC e-Governance Services India Limited,Computer Print,172,19
CSC e-Governance Services India Limited,Conatus Infocom Pvt. Ltd,1833,22
CSC e-Governance Services India Limited,DATASOFT COMPUTER SERVICES(P),14083,433
CSC e-Governance Services India Limited,Gem Computers,65,35
CSC e-Governance Services India Limited,Home Life Buildcon Pvt Ltd,1387,142
CSC e-Governance Services India Limited,HyperSoft Technologies Ltd,129,20
CSC e-Governance Services India Limited,IAP COMPANY Pvt. Ltd,169605,2512
CSC e-Governance Services India Limited,Janta Silikon Consortium,1071,515
CSC e-Governance Services India Limited,Jeevan Deep Charitable Society,26,112
CSC e-Governance Services India Limited,K W Consulting P Ltd,0,2
CSC e-Governance Services India Limited,MANTRA SOFTTECH (INDIA) PVTLTD,8624,268
CSC e-Governance Services India Limited,MEGHA VINCOM PVT LTD,87,52
CSC e-Governance Services India Limited,Mahamritunjay Traders,73,9
CSC e-Governance Services India Limited,Mahaonline Limited,4891,698
CSC e-Governance Services India Limited,NPS Technologies Pvt. Ltd,21566,820
CSC e-Governance Services India Limited,NVR & ASSOCIATES LIMITED,19,13
CSC e-Governance Services India Limited,National Cooperative Consumers Federation of India Limited,58,20
CSC e-Governance Services India Limited,Nekton IT India Pvt Ltd.,21314,138
CSC e-Governance Services India Limited,Network for Information & Computer,973,357
CSC e-Governance Services India Limited,Promind Solutions P Limited,193,104
CSC e-Governance Services India Limited,Radiant Haroti Industries India Ltd,774,369
CSC e-Governance Services India Limited,Raj Construction Co.,560,10
CSC e-Governance Services India Limited,SPANCO,586,69
CSC e-Governance Services India Limited,SRR Infotech,6913,67
CSC e-Governance Services India Limited,Sahaj e-Village Limited,57397,178
CSC e-Governance Services India Limited,Sri Ramraja Sarkar Lok Kalyan Trust,20,11
CSC e-Governance Services India Limited,Tera Software Ltd,1942,233
CSC e-Governance Services India Limited,United Telecoms e-Services Pvt Ltd,1269,98
CSC e-Governance Services India Limited,VIKALP MULTIMEDIA,75,12
CSC e-Governance Services India Limited,VISION COMPTECH INTEGRATOR LTD,469,36
CSC e-Governance Services India Limited,Vayam technologies Ltd,487,441
CSC e-Governance Services India Limited,Vedavaag Systems Limited,154,402
CSC e-Governance Services India Limited,Yash Ornaments Pvt. Ltd,116,6
CSC e-Governance Services India Limited,Zephyr System Pvt.Ltd.,1703,319
Canara Bank,FINANCIAL INFORMATION NETWORK,45646,2163
Canara Bank,Karvy Data Management Services,618,489
Canara Bank,Ojus Healthcare Private Limited,63,15
Canara Bank,Osiris Infotech Pvt. Ltd.,240,43
Canara Bank,Smart Chip Limited,33,108
Canara Bank,Virinchi Technologies Ltd,1151,123
Central Bank of India,CALANCE SOFTWARE PRIVATE LTD,0,6
Civil Supplies - A&N Islands,India Computer Technology,2326,68
DENA BANK,77 Infosystems Pvt Ltd,496,69
DENA BANK,A-Onerealtors Pvt Ltd,104,44
DENA BANK,APEX Services,861,93
DENA BANK,AS International,51,61
DENA BANK,ATISHAY INFOTECH PVT. LTD.,2835,135
DENA BANK,AVVAS INFOTECH PVT  LTD,3199,228
DENA BANK,Advent Infomax Private Ltd,117,28
DENA BANK,Amar Constructions,1575,101
DENA BANK,Asha Security Guard Services,736,234
DENA BANK,Asray Gram,192,7
DENA BANK,BNR UDYOG LIMITED,3,9
DENA BANK,Binary Systems,115,124
DENA BANK,Bloom Solutions Pvt Ltd,9,4
DENA BANK,Blue Circle Instrument,853,7
DENA BANK,Business Information Processing Services,83,191
DENA BANK,CALANCE SOFTWARE PRIVATE LTD,8738,158
DENA BANK,DATASOFT COMPUTER SERVICES(P),8374,153
DENA BANK,DEVASHISH SECURITIES PVT. LTD.,5,4
DENA BANK,Eagle Software India Pvt. Ltd,12278,713
DENA BANK,FINANCIAL INFORMATION NETWORK,20561,433
DENA BANK,Gem Computers,119,38
DENA BANK,Gujarat Infotech Ltd.,116,25
DENA BANK,HyperSoft Technologies Ltd,2,3
DENA BANK,IAP COMPANY Pvt. Ltd,42706,288
DENA BANK,India Computer Technology,2804,77
DENA BANK,JNET Technologies Pvt.Ltd,2,18
DENA BANK,K W Consulting P Ltd,378,9
DENA BANK,M/S STAR DATA CENTRE,160,11
DENA BANK,M/s Gold Square Builders & Promoters Pvt. Ltd.,1898,43
DENA BANK,M2C Private Solution,45,14
DENA BANK,MARS Telecom Systems Pvt Ltd,3183,1049
DENA BANK,MEGHA VINCOM PVT LTD,778,135
DENA BANK,MKS Enterprises,2242,15
DENA BANK,Make India Smart Private Limited,13656,604
DENA BANK,Multiwave Innovation,2235,952
DENA BANK,NVR & ASSOCIATES LIMITED,575,124
DENA BANK,Netlink software Pvt Ltd,1545,135
DENA BANK,Nielsen  India  Private Limited,3707,1011
DENA BANK,Offshoot Agency Pvt. Ltd.,1291,84
DENA BANK,Om Softwares,146,58
DENA BANK,Ortem Securities Limited,75,13
DENA BANK,Prodigy Systems and Services Private Limited,0,3
DENA BANK,Ricoh India Limited,99,59
DENA BANK,SGS INDIA PVT LTD,750,134
DENA BANK,Silver Touch Technologies Ltd,1827,466
DENA BANK,Sixth Dimension Project Solutions Ltd,50,4
DENA BANK,Soc for Advancement of Environ Science,12,51
DENA BANK,SoftAge Information Technology Limited,22,1
DENA BANK,Super Printers,544,58
DENA BANK,TechSmart India Pvt Ltd,5245,972
DENA BANK,Tera Software Ltd,14,3
DENA BANK,The NSIC ltd,0,4
DENA BANK,Transline Technologies P Ltd,16,90
DENA BANK,Utility Forms Pvt Ltd,378,95
DENA BANK,VAP INFOSOLUTIONS,901,455
DENA BANK,VISION COMPTECH INTEGRATOR LTD,2206,103
DENA BANK,Vedavaag Systems Limited,56,263
DENA BANK,Virinchi Technologies Ltd,312,196
DENA BANK,WEBEL,88,260
DENA BANK,Wipro Ltd,1319,1087
DENA BANK,Yash Ornaments Pvt. Ltd,1089,133
DENA BANK,Zephyr System Pvt.Ltd.,1826,480
Department of Information Technology Govt of Jharkhand,Wipro Ltd,0,3
Dept of ITC Govt of Rajasthan,ATISHAY INFOTECH PVT. LTD.,747,54
Dept of ITC Govt of Rajasthan,AVVAS INFOTECH PVT  LTD,49,0
Dept of ITC Govt of Rajasthan,Academy of Management Studies,1,7
Dept of ITC Govt of Rajasthan,Binary Systems,26,1
Dept of ITC Govt of Rajasthan,Business Information Processing Services,33,50
Dept of ITC Govt of Rajasthan,CMS Computers Ltd,14,45
Dept of ITC Govt of Rajasthan,COMTECH INSTITUTE OFTECHNOLOGY,1901,124
Dept of ITC Govt of Rajasthan,DATASOFT COMPUTER SERVICES(P),877,94
Dept of ITC Govt of Rajasthan,FINANCIAL INFORMATION NETWORK,6380,397
Dept of ITC Govt of Rajasthan,Gem Computers,0,2
Dept of ITC Govt of Rajasthan,Gujarat Infotech Ltd.,1,0
Dept of ITC Govt of Rajasthan,IAP COMPANY Pvt. Ltd,692,20
Dept of ITC Govt of Rajasthan,Karvy Data Management Services,53,13
Dept of ITC Govt of Rajasthan,M/s Sanish Choudhary,11,15
Dept of ITC Govt of Rajasthan,MEGHA VINCOM PVT LTD,35,30
Dept of ITC Govt of Rajasthan,Matrix Processing House,40,8
Dept of ITC Govt of Rajasthan,Multiwave Innovation,565,14
Dept of ITC Govt of Rajasthan,Netlink software Pvt Ltd,0,1
Dept of ITC Govt of Rajasthan,Osiris Infotech Pvt. Ltd.,4,21
Dept of ITC Govt of Rajasthan,Radiant Info Systems Ltd,141,31
Dept of ITC Govt of Rajasthan,Rajcomp Info Services Ltd,9,1
Dept of ITC Govt of Rajasthan,Ricoh India Limited,45,20
Dept of ITC Govt of Rajasthan,SAR Technology,44,4
Dept of ITC Govt of Rajasthan,SREI INFRASTRUCTURE FINANCES L,0,9
Dept of ITC Govt of Rajasthan,TechSmart India Pvt Ltd,1053,28
Dept of ITC Govt of Rajasthan,Transline Technologies P Ltd,27,195
Dept of ITC Govt of Rajasthan,UMC Technologies Pvt. Ltd,3,6
Dept of ITC Govt of Rajasthan,VIRGO SOFTECH LIMITED,17,3
Dept of ITC Govt of Rajasthan,Vakrangee Softwares Limited,487,97
Dept of ITC Govt of Rajasthan,Vayam technologies Ltd,3,5
FCR Govt of Haryana,4G INFORMATICS,6,3
FCR Govt of Haryana,Academy of Management Studies,122,37
FCR Govt of Haryana,District IT Society Faridabad,0,2
FCR Govt of Haryana,District IT Society Jhajjar,149,6
FCR Govt of Haryana,District IT Society Kaithal,337,12
FCR Govt of Haryana,District IT Society Mahendragarh,579,171
FCR Govt of Haryana,District IT Society Palwal,401,124
FCR Govt of Haryana,District IT Society Panchkula,81,6
FCR Govt of Haryana,District IT Society Rohtak,35,24
FCR Govt of Haryana,Radiant Info Systems Ltd,53,19
FCR Govt of Haryana,SoftAge Information Technology Limited,461,80
FCR Govt of Haryana,Vayam technologies Ltd,5,17
FCS Govt of Punjab,District Sukhmani Society  Jalandhar  Punjab,7,4
FCS Govt of Punjab,District Sukhmani Society  Ludhiana  Punjab,14,3
FCS Govt of Punjab,District Sukhmani Society  Moga  Punjab,15,0
FCS Govt of Punjab,District Sukhmani Society Amritsar Punjab,3,1
FCS Govt of Punjab,District Sukhmani Society Bathinda Punjab,9,2
FCS Govt of Punjab,District Sukhmani Society Fatehgarh Sahib Punjab,2,1
FCS Govt of Punjab,District Sukhmani Society Fazilka Punjab,25,8
FCS Govt of Punjab,District Sukhmani Society Ferozepur Punjab,2,3
FCS Govt of Punjab,District Sukhmani Society For Citizen Services Mansa Punjab,9,5
FCS Govt of Punjab,District Sukhmani Society For Citizen Services Nawanshahr Punjab,37,5
FCS Govt of Punjab,District Sukhmani Society For Citizen Services SAS Nagar District e-Governance Society Punjab,4,2
FCS Govt of Punjab,District Sukhmani Society Pathankot Punjab,4,2
FCS Govt of Punjab,District Sukhmani Society Patiala Punjab,26,7
FCS Govt of Punjab,District Sukhmani Society Sangrur Punjab,22,7
FCS Govt of Punjab,District Sukhmani Society Sri Muktsar Sahib Punjab,7,4
FCS Govt of Punjab,District Sukhmani Society Tarn Taran Punjab,1,1
FCS Govt of Punjab,Karvy Computershare Private Li,649,43
FCS Govt of Punjab,Sukhmani Society For Citizen Services  Kapurthala  Punjab,18,1
FCS Govt of Punjab,Sukhmani Society For Citizens Services Faridkot Punjab,7,2
FCS Govt of Punjab,Suwidha Society Hoshiarpur Punjab,45,1
FCS Govt of Punjab,Vayam technologies Ltd,5,13
FCS Govt of Punjab,eCentric solutions pvt ltd,14,10
Govt of Gujarat,GSS Infotech Ltd,379,12
Govt of Gujarat,Karvy Computershare Private Li,282,64
Govt of Gujarat,Silver Touch Technologies Ltd,141,38
Govt of Gujarat,Tera Software Ltd,711,15
Govt of Gujarat,Vayam technologies Ltd,28,2
Govt of Gujarat,eCentric solutions pvt ltd,1117,4
Govt of Himachal Pradesh,i-Grandee SoftwareTechnologies,129,69
Govt of Karnataka ,Centre for e-Governance  GOK,14,0
Govt of Karnataka ,EDCS GOK,368,38
Govt of Kerala,Akshaya,248,71
Govt of Kerala,Keltron,1,1
Govt of Maharashtra,M/S King Computer System pvt Ltd,20,0
Govt of Maharashtra,M/s. Vidya Online  Pune,8,3
Govt of Maharashtra,Rudranee Infotech Ltd,8,5
Govt of Maharashtra,SETU MAHARASHTRA,1301,50
Govt of Maharashtra,SHREERAM PRINTING PRESS,3,4
Govt of Maharashtra,SILVER JUBILEE MOTORS LTD.,3,9
Govt of Maharashtra,Vidarbha Infotech Pvt Ltd,2,2
IDBI Bank ltd,ATISHAY INFOTECH PVT. LTD.,1005,50
IDBI Bank ltd,Matrix Processing House,619,5
IDBI Bank ltd,SREEVEN INFOCOM LIMITED,972,31
Indiapost,MARS Telecom Systems Pvt Ltd,0,2
Information Technology & Communication Department,4G INFORMATICS,1,0
Information Technology & Communication Department,Directorate of ESD,13446,1303
Information Technology & Communication Department,Tera Software Ltd,0,7
Jharkhand,Wipro Ltd,0,2
NSDL e-Governance Infrastructure Limited,ATISHAY INFOTECH PVT. LTD.,56,9
NSDL e-Governance Infrastructure Limited,Abhipra Capital Ltd,7,47
NSDL e-Governance Infrastructure Limited,Alankit Assignments Limited,0,3
NSDL e-Governance Infrastructure Limited,Alankit Finsec Ltd,6223,211
NSDL e-Governance Infrastructure Limited,Amar Constructions,337,53
NSDL e-Governance Infrastructure Limited,Gujarat Infotech Ltd.,1404,2304
NSDL e-Governance Infrastructure Limited,IAP COMPANY Pvt. Ltd,2044,16
NSDL e-Governance Infrastructure Limited,Karvy Data Management Services,7906,1529
NSDL e-Governance Infrastructure Limited,N.K. Sharma Enterprises Ltd.,260,18
NSDL e-Governance Infrastructure Limited,Netlink software Pvt Ltd,945,85
NSDL e-Governance Infrastructure Limited,Offshoot Agency Pvt. Ltd.,255,284
NSDL e-Governance Infrastructure Limited,Ojus G Enterprises,40,116
NSDL e-Governance Infrastructure Limited,Promind Solutions P Limited,947,361
NSDL e-Governance Infrastructure Limited,RELIGARE SECURITIES LTD,65,62
NSDL e-Governance Infrastructure Limited,Radiant Haroti Industries India Ltd,1,0
NSDL e-Governance Infrastructure Limited,Ricoh India Limited,719,897
NSDL e-Governance Infrastructure Limited,Sri Ramraja Sarkar Lok Kalyan Trust,275,270
NSDL e-Governance Infrastructure Limited,Utility Forms Pvt Ltd,1907,278
NSDL e-Governance Infrastructure Limited,VIRGO SOFTECH LIMITED,595,233
Project Coordinator UID Project Madhya Pradesh,A I Soc for Electronics and Comp Tech,208,108
Project Coordinator UID Project Madhya Pradesh,DATASOFT COMPUTER SERVICES(P),1593,66
Project Coordinator UID Project Madhya Pradesh,LYRA  CONSULTANCY SERVICE,592,117
Project Coordinator UID Project Madhya Pradesh,MPOnline Limited,2071,75
Project Coordinator UID Project Madhya Pradesh,Matrix Processing House,1808,65
Project Coordinator UID Project Madhya Pradesh,OSWAL COMPUTERS & CONSULTANTS,786,275
Project Coordinator UID Project Madhya Pradesh,Orion Security Solutions Private Ltd,45,28
Project Coordinator UID Project Madhya Pradesh,Sixth Dimension Project Solutions Ltd,40,22
Punjab National Bank,Alankit Finsec Ltd,4133,254
Punjab National Bank,Eagle Software India Pvt. Ltd,27806,1277
Punjab National Bank,MARS Telecom Systems Pvt Ltd,247,7
Punjab National Bank,Smart Chip Limited,87,79
Punjab National Bank,Vayam technologies Ltd,842,132
Punjab and Sind Bank,Matrix Processing House,2657,198
Registrar General India - BEL,Manipur Electronics Dev Corp,0,2
Registrar General India BEL2,Chinar Construction Company Prime agency,1,38
Registrar General India BEL2,Computer LAB,3,0
Registrar General India BEL2,In Media Computer Services LLP,0,15
Registrar General India BEL2,Karvy Data Management Services,107,39
Registrar General India BEL2,MACRO INFOTECH PVT LTD,661,54
Registrar General India BEL2,Madras Security Printers Ltd,64,32
Registrar General India BEL2,Manipur Electronics Dev Corp,0,1
Registrar General India BEL2,Multiwave Innovation,22,3
Registrar General India BEL2,Netlink software Pvt Ltd,1,1
Registrar General India BEL2,Om Softwares,0,1
Registrar General India BEL2,SNR Edatas Pvt Ltd,649,117
Registrar General India BEL2,SREI INFRASTRUCTURE FINANCES L,214,23
Registrar General India BEL2,Swiss Tech India Pvt Ltd,0,3
Registrar General India BEL2,UNITED DATA SERVICES PRIVATE LIMITED,547,56
Registrar General India BEL2,Vedavaag Systems Limited,0,5
Registrar General India BEL2,Viesa Technologies,487,94
Registrar General India ECIL,COMTECHINFO SOLUTIONS PVT.LTD,557,140
Registrar General India ECIL,Chinar Construction Company Prime agency,1996,65
Registrar General India ECIL,Computer LAB,4380,899
Registrar General India ECIL,ECIL,2,0
Registrar General India ECIL,Eagle Software India Pvt. Ltd,10688,299
Registrar General India ECIL,Emdee Digitronics Pvt.Ltd.,5722,33
Registrar General India ECIL,In Media Computer Services LLP,1,1032
Registrar General India ECIL,India Computer Technology,13865,1296
Registrar General India ECIL,Karvy Data Management Services,407,4
Registrar General India ECIL,LYRA  CONSULTANCY SERVICE,0,7
Registrar General India ECIL,Madras Security Printers Ltd,1823,148
Registrar General India ECIL,Mphasis Ltd,0,4
Registrar General India ECIL,Pioneer E Labs limited,0,1
Registrar General India ECIL,SARADA SYSTEMS,908,210
Registrar General India ECIL,Tera Software Ltd,0,96
Registrar General India ECIL,WEBEL TECHNOLOGY LIMITED,246,19
Registrar General of India ITI,Eagle Software India Pvt. Ltd,553,2
Registrar General of India ITI,Emdee Digitronics Pvt.Ltd.,6915,33
Registrar General of India ITI,In Media Computer Services LLP,0,85
Registrar General of India ITI,Madras Security Printers Ltd,51,53
Registrar General of India ITI,Netlink software Pvt Ltd,33,13
Registrar General of India ITI,Nevaeh Technology Pvt. Ltd.,0,1
Registrar General of India ITI,SNR Edatas Pvt Ltd,31,95
Registrar General of India ITI,Swathy Smartcards Hi-Tech Pvt,0,1
Registrar General of India ITI,VIRGO SOFTECH LIMITED,1,4
Registrar General of India ITI,WEBEL TECHNOLOGY LIMITED,304,37
Registrar General of India ITI,Webx Technologies Private Limited,22,5
Rural Development Dept  Govt. of Bihar,Bloom Solutions Pvt Ltd,578,79
Rural Development Dept  Govt. of Bihar,Computer LAB,6729,68
Rural Development Dept  Govt. of Bihar,Emdee Digitronics Pvt.Ltd.,4314,93
Rural Development Dept  Govt. of Bihar,FINANCIAL INFORMATION NETWORK,42932,1299
Rural Development Dept  Govt. of Bihar,M2C Private Solution,1335,77
Rural Development Dept  Govt. of Bihar,MKS Enterprises,585,446
Rural Development Dept  Govt. of Bihar,Urmila Info solution,3312,40
State Bank of India,Silver Touch Technologies Ltd,5,10
State Bank of India,Smart Chip Limited,45,2
State Bank of India,Utility Forms Pvt Ltd,423,1
UIDAI-Registrar,UIDAI-EA,37,1
UTI Infrastructure Technology & Services Limited,Omnitech Infosolutions Ltd,257,15
Union Bank,FINANCIAL INFORMATION NETWORK,34880,2029
Union Bank,Smart Chip Limited,14,69
Union Bank,Vakrangee Softwares Limited,5632,1034
