Registrar,Enrolment Agency,Aadhaar generated,Enrolment Rejected
Allahabad Bank,A-Onerealtors Pvt Ltd,978,105
Allahabad Bank,Agro Tech Engineers,88,1
Allahabad Bank,Asha Security Guard Services,1626,359
Allahabad Bank,Emdee Digitronics Pvt.Ltd.,5566,26
Allahabad Bank,MEGHA VINCOM PVT LTD,235,109
Allahabad Bank,Nevaeh Technology Pvt. Ltd.,6231,118
Allahabad Bank,Ortem Securities Limited,1,0
Allahabad Bank,PROTEX COMPUTER PVT LTD,9,0
Allahabad Bank,Radiant Haroti Industries India Ltd,0,3
Allahabad Bank,Redim Software Technologies Pvt Ltd,87,19
Allahabad Bank,SGS INDIA PVT LTD,876,302
Allahabad Bank,Sri Ramraja Sarkar Lok Kalyan Trust,7,23
Allahabad Bank,VAP INFOSOLUTIONS,138,432
Allahabad Bank,Vakrangee Softwares Limited,0,2
Allahabad Bank,Vedavaag Systems Limited,1890,24
Atalji Janasnehi Directorate  Government of Karnataka,Atalji Janasnehi Directorate  GOK,2754,153
Bank Of India,A3 Logics  India  Ltd,994,20
Bank Of India,Blue Circle Instrument,96,0
Bank Of India,CHESSY CONSULTANTS PVT LTD,176,6
Bank Of India,DATASOFT COMPUTER SERVICES(P),1206,65
Bank Of India,Frontech Systems Pvt Ltd,446,45
Bank Of India,Matrix Processing House,0,1
Bank Of India,OSWAL COMPUTERS & CONSULTANTS,341,42
Bank Of India,PROTEX COMPUTER PVT LTD,1339,19
Bank Of India,SARADA SYSTEMS,7009,54
Bank Of India,SHRIKRISHNA KHANDASARI SUGAR M,5,1
Bank Of India,SREI INFRASTRUCTURE FINANCES L,2669,550
Bank Of India,VEETECHNOLOGIES PVT. LTD,721,113
Bank of Baroda,Global Finsol Private Limited,20,16
Bank of Maharashtra,FINANCIAL INFORMATION NETWORK,0,22
Bank of Maharashtra,Micro Technologies India Ltd,0,132
Bank of Maharashtra,Tera Software Ltd,761,97
CSC e-Governance Services India Limited,A I Soc for Electronics and Comp Tech,16601,821
CSC e-Governance Services India Limited,AKSH OPTIFIBRE LIMITED,12779,636
CSC e-Governance Services India Limited,BASIX,5971,652
CSC e-Governance Services India Limited,Binary Systems,147,37
CSC e-Governance Services India Limited,Bloom Solutions Pvt Ltd,907,278
CSC e-Governance Services India Limited,CALANCE SOFTWARE PRIVATE LTD,2061,123
CSC e-Governance Services India Limited,CHIPS,13487,264
CSC e-Governance Services India Limited,CMS Computers Ltd,22375,1384
CSC e-Governance Services India Limited,CSC e-Governance Services India Limited,19321,517
CSC e-Governance Services India Limited,Computer Print,637,44
CSC e-Governance Services India Limited,Conatus Infocom Pvt. Ltd,520,65
CSC e-Governance Services India Limited,DATASOFT COMPUTER SERVICES(P),6319,444
CSC e-Governance Services India Limited,Gem Computers,19,37
CSC e-Governance Services India Limited,Home Life Buildcon Pvt Ltd,6007,448
CSC e-Governance Services India Limited,HyperSoft Technologies Ltd,3210,437
CSC e-Governance Services India Limited,IAP COMPANY Pvt. Ltd,49713,1314
CSC e-Governance Services India Limited,Janta Silikon Consortium,2760,883
CSC e-Governance Services India Limited,Jeevan Deep Charitable Society,6803,977
CSC e-Governance Services India Limited,K W Consulting P Ltd,1388,6
CSC e-Governance Services India Limited,MANTRA SOFTTECH (INDIA) PVTLTD,9672,179
CSC e-Governance Services India Limited,MEGHA VINCOM PVT LTD,495,93
CSC e-Governance Services India Limited,Mahamritunjay Traders,578,14
CSC e-Governance Services India Limited,Mahaonline Limited,2433,629
CSC e-Governance Services India Limited,NPS Technologies Pvt. Ltd,6097,722
CSC e-Governance Services India Limited,NVR & ASSOCIATES LIMITED,237,24
CSC e-Governance Services India Limited,National Cooperative Consumers Federation of India Limited,231,92
CSC e-Governance Services India Limited,Nekton IT India Pvt Ltd.,4123,153
CSC e-Governance Services India Limited,Network for Information & Computer,889,76
CSC e-Governance Services India Limited,Promind Solutions P Limited,971,205
CSC e-Governance Services India Limited,Radiant Haroti Industries India Ltd,7452,1269
CSC e-Governance Services India Limited,Raj Construction Co.,1336,146
CSC e-Governance Services India Limited,SPANCO,2367,412
CSC e-Governance Services India Limited,SRR Infotech,1043,185
CSC e-Governance Services India Limited,Sahaj e-Village Limited,15055,267
CSC e-Governance Services India Limited,Sri Ramraja Sarkar Lok Kalyan Trust,81,3
CSC e-Governance Services India Limited,Super Printers,235,9
CSC e-Governance Services India Limited,Tera Software Ltd,2223,547
CSC e-Governance Services India Limited,United Telecoms e-Services Pvt Ltd,1297,239
CSC e-Governance Services India Limited,VIKALP MULTIMEDIA,363,48
CSC e-Governance Services India Limited,VISION COMPTECH INTEGRATOR LTD,285,124
CSC e-Governance Services India Limited,Vakrangee Softwares Limited,9,0
CSC e-Governance Services India Limited,Vayam technologies Ltd,4275,380
CSC e-Governance Services India Limited,Vedavaag Systems Limited,13772,259
CSC e-Governance Services India Limited,Yash Ornaments Pvt. Ltd,1356,24
CSC e-Governance Services India Limited,Zephyr System Pvt.Ltd.,5768,720
Canara Bank,FINANCIAL INFORMATION NETWORK,42649,691
Canara Bank,Karvy Data Management Services,8739,615
Canara Bank,Ojus Healthcare Private Limited,91,16
Canara Bank,Osiris Infotech Pvt. Ltd.,478,62
Canara Bank,Smart Chip Limited,17816,513
Canara Bank,Virinchi Technologies Ltd,903,130
Central Bank of India,CALANCE SOFTWARE PRIVATE LTD,0,2
Central Bank of India,IAP COMPANY Pvt. Ltd,1,0
Civil Supplies - A&N Islands,India Computer Technology,56,32
DENA BANK,77 Infosystems Pvt Ltd,762,485
DENA BANK,A-Onerealtors Pvt Ltd,57,51
DENA BANK,APEX Services,2032,170
DENA BANK,AS International,760,527
DENA BANK,ATISHAY INFOTECH PVT. LTD.,13230,74
DENA BANK,AVVAS INFOTECH PVT  LTD,14369,203
DENA BANK,Advent Infomax Private Ltd,101,34
DENA BANK,Amar Constructions,1120,130
DENA BANK,Apnatech Consultancy Services Pvt Ltd,301,54
DENA BANK,Asha Security Guard Services,818,390
DENA BANK,Asray Gram,20,5
DENA BANK,BNR UDYOG LIMITED,14,1
DENA BANK,Binary Systems,82,76
DENA BANK,Bloom Solutions Pvt Ltd,433,15
DENA BANK,Blue Circle Instrument,2276,13
DENA BANK,Business Information Processing Services,106,39
DENA BANK,CALANCE SOFTWARE PRIVATE LTD,4951,178
DENA BANK,DATASOFT COMPUTER SERVICES(P),3622,57
DENA BANK,DEVASHISH SECURITIES PVT. LTD.,3,0
DENA BANK,Eagle Software India Pvt. Ltd,10016,194
DENA BANK,FINANCIAL INFORMATION NETWORK,9265,237
DENA BANK,Gem Computers,56,22
DENA BANK,Gujarat Infotech Ltd.,599,169
DENA BANK,HyperSoft Technologies Ltd,32,75
DENA BANK,IAP COMPANY Pvt. Ltd,9643,154
DENA BANK,India Computer Technology,708,34
DENA BANK,JNET Technologies Pvt.Ltd,87,19
DENA BANK,K W Consulting P Ltd,1037,38
DENA BANK,M/S STAR DATA CENTRE,138,34
DENA BANK,M/s Gold Square Builders & Promoters Pvt. Ltd.,813,20
DENA BANK,M2C Private Solution,28,9
DENA BANK,MARS Telecom Systems Pvt Ltd,6730,729
DENA BANK,MEGHA VINCOM PVT LTD,1117,409
DENA BANK,MKS Enterprises,2780,22
DENA BANK,Make India Smart Private Limited,3341,225
DENA BANK,Multiwave Innovation,7706,165
DENA BANK,NVR & ASSOCIATES LIMITED,3463,395
DENA BANK,Netlink software Pvt Ltd,1982,295
DENA BANK,Nielsen  India  Private Limited,5117,741
DENA BANK,Offshoot Agency Pvt. Ltd.,471,140
DENA BANK,Om Softwares,873,43
DENA BANK,Ortem Securities Limited,4587,33
DENA BANK,Radiant Haroti Industries India Ltd,30,24
DENA BANK,Ricoh India Limited,1273,364
DENA BANK,SGS INDIA PVT LTD,851,192
DENA BANK,Silver Touch Technologies Ltd,574,143
DENA BANK,Sixth Dimension Project Solutions Ltd,1112,7
DENA BANK,Soc for Advancement of Environ Science,94,26
DENA BANK,SoftAge Information Technology Limited,55,2
DENA BANK,Super Printers,2824,231
DENA BANK,Systematic & Advance Const P L,1,0
DENA BANK,TechSmart India Pvt Ltd,10981,190
DENA BANK,Tera Software Ltd,133,11
DENA BANK,The NSIC ltd,5,1
DENA BANK,Transline Technologies P Ltd,83,12
DENA BANK,Utility Forms Pvt Ltd,244,112
DENA BANK,VAP INFOSOLUTIONS,893,560
DENA BANK,VISION COMPTECH INTEGRATOR LTD,1607,80
DENA BANK,Vedavaag Systems Limited,2320,72
DENA BANK,Virinchi Technologies Ltd,2984,270
DENA BANK,WEBEL,988,439
DENA BANK,Wipro Ltd,4033,3788
DENA BANK,Yash Ornaments Pvt. Ltd,560,616
DENA BANK,Zephyr System Pvt.Ltd.,4785,570
Dept of ITC Govt of Rajasthan,AKSH OPTIFIBRE LIMITED,3,1
Dept of ITC Govt of Rajasthan,ATISHAY INFOTECH PVT. LTD.,1142,40
Dept of ITC Govt of Rajasthan,AVVAS INFOTECH PVT  LTD,135,6
Dept of ITC Govt of Rajasthan,Academy of Management Studies,54,2
Dept of ITC Govt of Rajasthan,Binary Systems,0,8
Dept of ITC Govt of Rajasthan,Business Information Processing Services,19,14
Dept of ITC Govt of Rajasthan,CMS Computers Ltd,727,57
Dept of ITC Govt of Rajasthan,COMTECH INSTITUTE OFTECHNOLOGY,539,76
Dept of ITC Govt of Rajasthan,DATASOFT COMPUTER SERVICES(P),746,28
Dept of ITC Govt of Rajasthan,FINANCIAL INFORMATION NETWORK,3595,197
Dept of ITC Govt of Rajasthan,Gujarat Infotech Ltd.,26,0
Dept of ITC Govt of Rajasthan,IAP COMPANY Pvt. Ltd,153,4
Dept of ITC Govt of Rajasthan,Karvy Data Management Services,1192,54
Dept of ITC Govt of Rajasthan,M/s Sanish Choudhary,207,88
Dept of ITC Govt of Rajasthan,MEGHA VINCOM PVT LTD,524,103
Dept of ITC Govt of Rajasthan,Matrix Processing House,250,15
Dept of ITC Govt of Rajasthan,Multiwave Innovation,86,27
Dept of ITC Govt of Rajasthan,Osiris Infotech Pvt. Ltd.,148,18
Dept of ITC Govt of Rajasthan,Radiant Haroti Industries India Ltd,0,7
Dept of ITC Govt of Rajasthan,Radiant Info Systems Ltd,76,45
Dept of ITC Govt of Rajasthan,Ricoh India Limited,970,610
Dept of ITC Govt of Rajasthan,SAR Technology,531,71
Dept of ITC Govt of Rajasthan,SREI INFRASTRUCTURE FINANCES L,4,5
Dept of ITC Govt of Rajasthan,TechSmart India Pvt Ltd,491,20
Dept of ITC Govt of Rajasthan,Transline Technologies P Ltd,458,36
Dept of ITC Govt of Rajasthan,UMC Technologies Pvt. Ltd,49,5
Dept of ITC Govt of Rajasthan,VIRGO SOFTECH LIMITED,4,7
Dept of ITC Govt of Rajasthan,Vakrangee Softwares Limited,1019,265
Dept of ITC Govt of Rajasthan,Vayam technologies Ltd,33,0
FCR Govt of Haryana,4G INFORMATICS,33,8
FCR Govt of Haryana,Academy of Management Studies,165,68
FCR Govt of Haryana,District IT Society Faridabad,9,4
FCR Govt of Haryana,District IT Society Fatehabad,11,2
FCR Govt of Haryana,District IT Society Gurgaon,69,3
FCR Govt of Haryana,District IT Society Jhajjar,235,37
FCR Govt of Haryana,District IT Society Kaithal,14,27
FCR Govt of Haryana,District IT Society Mahendragarh,507,73
FCR Govt of Haryana,District IT Society Mewat,61,4
FCR Govt of Haryana,District IT Society Palwal,107,51
FCR Govt of Haryana,District IT Society Panchkula,81,19
FCR Govt of Haryana,District IT Society Rewari,128,12
FCR Govt of Haryana,District IT Society Rohtak,89,25
FCR Govt of Haryana,District IT Society Sirsa,116,9
FCR Govt of Haryana,District IT Society Yamuna Nagar,4,0
FCR Govt of Haryana,Radiant Info Systems Ltd,104,45
FCR Govt of Haryana,SoftAge Information Technology Limited,789,167
FCR Govt of Haryana,Vayam technologies Ltd,28,38
FCS Govt of Punjab,District Sukhmani Society  Jalandhar  Punjab,16,4
FCS Govt of Punjab,District Sukhmani Society  Ludhiana  Punjab,36,15
FCS Govt of Punjab,District Sukhmani Society  Moga  Punjab,14,5
FCS Govt of Punjab,District Sukhmani Society Amritsar Punjab,11,13
FCS Govt of Punjab,District Sukhmani Society Barnala Punjab,5,9
FCS Govt of Punjab,District Sukhmani Society Bathinda Punjab,0,12
FCS Govt of Punjab,District Sukhmani Society Fatehgarh Sahib Punjab,10,6
FCS Govt of Punjab,District Sukhmani Society Fazilka Punjab,26,9
FCS Govt of Punjab,District Sukhmani Society Ferozepur Punjab,2,8
FCS Govt of Punjab,District Sukhmani Society For Citizen Services Mansa Punjab,7,10
FCS Govt of Punjab,District Sukhmani Society For Citizen Services Nawanshahr Punjab,7,14
FCS Govt of Punjab,District Sukhmani Society For Citizen Services SAS Nagar District e-Governance Society Punjab,6,5
FCS Govt of Punjab,District Sukhmani Society Pathankot Punjab,0,1
FCS Govt of Punjab,District Sukhmani Society Patiala Punjab,21,12
FCS Govt of Punjab,District Sukhmani Society Rupnagar Punjab,0,3
FCS Govt of Punjab,District Sukhmani Society Sangrur Punjab,21,11
FCS Govt of Punjab,District Sukhmani Society Sri Muktsar Sahib Punjab,2,3
FCS Govt of Punjab,District Sukhmani Society Tarn Taran Punjab,0,4
FCS Govt of Punjab,Karvy Computershare Private Li,1146,87
FCS Govt of Punjab,Sukhmani Society For Citizen Services  Kapurthala  Punjab,2,4
FCS Govt of Punjab,Sukhmani Society For Citizens Services Faridkot Punjab,5,5
FCS Govt of Punjab,Suwidha Society Hoshiarpur Punjab,2,4
FCS Govt of Punjab,Vayam technologies Ltd,1225,91
FCS Govt of Punjab,eCentric solutions pvt ltd,185,18
Govt of Gujarat,GSS Infotech Ltd,1222,35
Govt of Gujarat,Karvy Computershare Private Li,3861,167
Govt of Gujarat,Silver Touch Technologies Ltd,1178,109
Govt of Gujarat,Tera Software Ltd,644,47
Govt of Gujarat,Transline Technologies P Ltd,103,0
Govt of Gujarat,Vayam technologies Ltd,979,29
Govt of Gujarat,eCentric solutions pvt ltd,79,10
Govt of Himachal Pradesh,i-Grandee SoftwareTechnologies,219,14
Govt of Karnataka ,Centre for e-Governance  GOK,5,0
Govt of Karnataka ,EDCS GOK,651,199
Govt of Karnataka ,Ninestars Information Technologies Ltd,0,1
Govt of Karnataka ,Origin ITFS Pvt Ltd,1,11
Govt of Kerala,Akshaya,1340,142
Govt of Kerala,Keltron,3,0
Govt of Maharashtra,M/S King Computer System pvt Ltd,7,2
Govt of Maharashtra,M/s. Vidya Online  Pune,0,10
Govt of Maharashtra,Netlink software Pvt Ltd,0,18
Govt of Maharashtra,SETU MAHARASHTRA,1573,82
Govt of Maharashtra,SHREERAM PRINTING PRESS,256,2
Govt of Maharashtra,SILVER JUBILEE MOTORS LTD.,10,4
Govt of Maharashtra,SPANCO,0,1
Govt of Maharashtra,STRATEGIC OUTSOURCING SERVICE,2,1
Govt of Maharashtra,TechSmart India Pvt Ltd,0,1
Govt of Maharashtra,Transline Technologies P Ltd,0,1
Govt of Maharashtra,Vidarbha Infotech Pvt Ltd,2,8
Govt of Sikkim - Dept of Econo,Department of Economics Statistics  Monitoring and Evaluation DESME,12,2
IDBI Bank ltd,ATISHAY INFOTECH PVT. LTD.,713,48
IDBI Bank ltd,Matrix Processing House,218,6
IDBI Bank ltd,SREEVEN INFOCOM LIMITED,357,47
Indiapost,Delhi Integrated MMTS Ltd,2,3
Information Technology & Communication Department,Directorate of ESD,7409,702
Information Technology & Communication Department,JYOTHI COMPUTER SERVICES,0,4
NSDL e-Governance Infrastructure Limited,ATISHAY INFOTECH PVT. LTD.,125,23
NSDL e-Governance Infrastructure Limited,Abhipra Capital Ltd,259,46
NSDL e-Governance Infrastructure Limited,Alankit Assignments Limited,1,1
NSDL e-Governance Infrastructure Limited,Alankit Finsec Ltd,5026,277
NSDL e-Governance Infrastructure Limited,Amar Constructions,508,68
NSDL e-Governance Infrastructure Limited,COMTECHINFO SOLUTIONS PVT.LTD,22,1
NSDL e-Governance Infrastructure Limited,Global Finsol Private Limited,0,1
NSDL e-Governance Infrastructure Limited,Gujarat Infotech Ltd.,2144,452
NSDL e-Governance Infrastructure Limited,Gundal Infotech Private Limited,16,3
NSDL e-Governance Infrastructure Limited,IAP COMPANY Pvt. Ltd,380,26
NSDL e-Governance Infrastructure Limited,Karvy Consultants Limited,45,17
NSDL e-Governance Infrastructure Limited,Karvy Data Management Services,67574,2749
NSDL e-Governance Infrastructure Limited,N.K. Sharma Enterprises Ltd.,155,29
NSDL e-Governance Infrastructure Limited,Netlink software Pvt Ltd,837,394
NSDL e-Governance Infrastructure Limited,Offshoot Agency Pvt. Ltd.,2993,182
NSDL e-Governance Infrastructure Limited,Ojus G Enterprises,4799,586
NSDL e-Governance Infrastructure Limited,Promind Solutions P Limited,1115,298
NSDL e-Governance Infrastructure Limited,RELIGARE SECURITIES LTD,997,125
NSDL e-Governance Infrastructure Limited,Ricoh India Limited,5110,4440
NSDL e-Governance Infrastructure Limited,SNR Edatas Pvt Ltd,0,1
NSDL e-Governance Infrastructure Limited,Sri Ramraja Sarkar Lok Kalyan Trust,682,458
NSDL e-Governance Infrastructure Limited,Utility Forms Pvt Ltd,414,166
NSDL e-Governance Infrastructure Limited,VIRGO SOFTECH LIMITED,3329,515
Oriental Bank of Commerce,Alankit Limited,0,1
Oriental Bank of Commerce,DATASOFT COMPUTER SERVICES(P),0,1
Oriental Bank of Commerce,Sri Ramraja Sarkar Lok Kalyan Trust,0,1
Project Coordinator UID Project Madhya Pradesh,A I Soc for Electronics and Comp Tech,3113,221
Project Coordinator UID Project Madhya Pradesh,DATASOFT COMPUTER SERVICES(P),773,33
Project Coordinator UID Project Madhya Pradesh,LYRA  CONSULTANCY SERVICE,963,204
Project Coordinator UID Project Madhya Pradesh,MPOnline Limited,717,87
Project Coordinator UID Project Madhya Pradesh,Matrix Processing House,947,20
Project Coordinator UID Project Madhya Pradesh,OSWAL COMPUTERS & CONSULTANTS,4334,369
Project Coordinator UID Project Madhya Pradesh,Orion Security Solutions Private Ltd,838,329
Project Coordinator UID Project Madhya Pradesh,Sixth Dimension Project Solutions Ltd,81,46
Punjab National Bank,Alankit Finsec Ltd,6540,306
Punjab National Bank,Eagle Software India Pvt. Ltd,23675,399
Punjab National Bank,MARS Telecom Systems Pvt Ltd,55,6
Punjab National Bank,Smart Chip Limited,2668,447
Punjab National Bank,Vayam technologies Ltd,1425,136
Punjab and Sind Bank,Matrix Processing House,2652,113
Registrar General India - BEL,Manipur Electronics Dev Corp,1114,5
Registrar General India BEL2,Bharat Electronics Limited,20,0
Registrar General India BEL2,Chinar Construction Company Prime agency,1,24
Registrar General India BEL2,Computer LAB,317,19
Registrar General India BEL2,In Media Computer Services LLP,5,36
Registrar General India BEL2,India Computer Technology,0,1
Registrar General India BEL2,Karvy Data Management Services,139,67
Registrar General India BEL2,MACRO INFOTECH PVT LTD,1,141
Registrar General India BEL2,Madras Security Printers Ltd,547,43
Registrar General India BEL2,Manipur Electronics Dev Corp,356,3
Registrar General India BEL2,Multiwave Innovation,724,22
Registrar General India BEL2,Netlink software Pvt Ltd,1,6
Registrar General India BEL2,SNR Edatas Pvt Ltd,18403,426
Registrar General India BEL2,SREI INFRASTRUCTURE FINANCES L,23,9
Registrar General India BEL2,Tera Software Ltd,2921,0
Registrar General India BEL2,UNITED DATA SERVICES PRIVATE LIMITED,203,70
Registrar General India BEL2,Viesa Technologies,522,148
Registrar General India ECIL,COMTECHINFO SOLUTIONS PVT.LTD,5034,701
Registrar General India ECIL,Chinar Construction Company Prime agency,956,71
Registrar General India ECIL,Computer LAB,24767,1416
Registrar General India ECIL,Eagle Software India Pvt. Ltd,22119,1985
Registrar General India ECIL,Emdee Digitronics Pvt.Ltd.,1524,92
Registrar General India ECIL,In Media Computer Services LLP,683,928
Registrar General India ECIL,India Computer Technology,2503,1644
Registrar General India ECIL,Integrated Systems & Services,1199,0
Registrar General India ECIL,Karvy Data Management Services,1,2
Registrar General India ECIL,LYRA  CONSULTANCY SERVICE,1347,0
Registrar General India ECIL,Madras Security Printers Ltd,9362,1989
Registrar General India ECIL,SARADA SYSTEMS,3409,467
Registrar General India ECIL,WEBEL TECHNOLOGY LIMITED,577,38
Registrar General India Others,India Computer Technology,0,1
Registrar General of India ITI,Emdee Digitronics Pvt.Ltd.,26611,166
Registrar General of India ITI,In Media Computer Services LLP,598,208
Registrar General of India ITI,Karvy Data Management Services,457,19
Registrar General of India ITI,Madras Security Printers Ltd,44,103
Registrar General of India ITI,Netlink software Pvt Ltd,2191,16
Registrar General of India ITI,Nevaeh Technology Pvt. Ltd.,2032,12
Registrar General of India ITI,SNR Edatas Pvt Ltd,0,2
Registrar General of India ITI,VIRGO SOFTECH LIMITED,216,3
Registrar General of India ITI,WEBEL TECHNOLOGY LIMITED,2545,51
Registrar General of India ITI,Webx Technologies Private Limited,206,1
Rural Development Dept  Govt. of Bihar,Bloom Solutions Pvt Ltd,550,129
Rural Development Dept  Govt. of Bihar,Computer LAB,4510,55
Rural Development Dept  Govt. of Bihar,Emdee Digitronics Pvt.Ltd.,842,13
Rural Development Dept  Govt. of Bihar,FINANCIAL INFORMATION NETWORK,17303,196
Rural Development Dept  Govt. of Bihar,M2C Private Solution,1856,212
Rural Development Dept  Govt. of Bihar,MKS Enterprises,3675,16
Rural Development Dept  Govt. of Bihar,Orion Security Solutions Private Ltd,15,5
Rural Development Dept  Govt. of Bihar,Urmila Info solution,522,105
State Bank of Bikaner & Jaipur,Multiwave Innovation,0,1
State Bank of India,FINANCIAL INFORMATION NETWORK,1974,14
State Bank of India,Silver Touch Technologies Ltd,7,1
State Bank of India,Smart Chip Limited,168,2
State Bank of India,Utility Forms Pvt Ltd,187,13
UIDAI-Registrar,UIDAI-EA,83,3
UTI Infrastructure Technology & Services Limited,Omnitech Infosolutions Ltd,104,31
Union Bank,FINANCIAL INFORMATION NETWORK,24955,745
Union Bank,Smart Chip Limited,1002,96
Union Bank,Vakrangee Softwares Limited,8762,1989
