Registrar,Enrolment Agency,Aadhaar generated,Enrolment Rejected
Allahabad Bank,A-Onerealtors Pvt Ltd,2666,228
Allahabad Bank,Asha Security Guard Services,3902,405
Allahabad Bank,Emdee Digitronics Pvt.Ltd.,258,75
Allahabad Bank,IL&FS LTD,44,0
Allahabad Bank,MEGHA VINCOM PVT LTD,2293,138
Allahabad Bank,Nevaeh Technology Pvt. Ltd.,250,92
Allahabad Bank,Ortem Securities Limited,0,1
Allahabad Bank,PROTEX COMPUTER PVT LTD,14,33
Allahabad Bank,Redim Software Technologies Pvt Ltd,214,118
Allahabad Bank,SGS INDIA PVT LTD,680,194
Allahabad Bank,Sri Ramraja Sarkar Lok Kalyan Trust,280,20
Allahabad Bank,Tera Software Ltd,3,0
Allahabad Bank,VAP INFOSOLUTIONS,382,33
Allahabad Bank,Vakrangee Softwares Limited,1151,0
Allahabad Bank,Vedavaag Systems Limited,7,51
Atalji Janasnehi Directorate  Government of Karnataka,Atalji Janasnehi Directorate  GOK,270,39
Bank Of India,A3 Logics  India  Ltd,2018,23
Bank Of India,Akanksha International,306,0
Bank Of India,Blue Circle Instrument,570,2
Bank Of India,CHESSY CONSULTANTS PVT LTD,67,1
Bank Of India,DATASOFT COMPUTER SERVICES(P),2040,37
Bank Of India,Emdee Digitronics Pvt.Ltd.,344,1
Bank Of India,Frontech Systems Pvt Ltd,377,64
Bank Of India,ITI LIMITED,456,0
Bank Of India,MANTRA SOFTTECH (INDIA) PVTLTD,20,0
Bank Of India,Matrix Processing House,451,1
Bank Of India,OSWAL COMPUTERS & CONSULTANTS,742,76
Bank Of India,PROTEX COMPUTER PVT LTD,711,23
Bank Of India,SARADA SYSTEMS,1187,46
Bank Of India,SHRIKRISHNA KHANDASARI SUGAR M,689,4
Bank Of India,SPANCO,208,1
Bank Of India,SREI INFRASTRUCTURE FINANCES L,7376,1442
Bank Of India,Silver Touch Technologies Ltd,383,0
Bank Of India,Systematic & Advance Const P L,474,2
Bank Of India,VEETECHNOLOGIES PVT. LTD,1726,258
Bank Of India,VIRGO SOFTECH LIMITED,10,0
Bank Of India,Vakrangee Softwares Limited,3105,0
Bank of Baroda,DATASOFT COMPUTER SERVICES(P),231,0
Bank of Baroda,Global Finsol Private Limited,610,17
Bank of Baroda,IL&FS LTD,125,0
Bank of Maharashtra,Alankit Assignments Limited,4,0
Bank of Maharashtra,Alankit Finsec Ltd,4,0
Bank of Maharashtra,Bartronics India Limited,9,0
Bank of Maharashtra,FINANCIAL INFORMATION NETWORK,58,0
Bank of Maharashtra,Micro Technologies India Ltd,59,0
Bank of Maharashtra,Tera Software Ltd,1637,50
CSC e-Governance Services India Limited,A I Soc for Electronics and Comp Tech,1333,555
CSC e-Governance Services India Limited,AKSH OPTIFIBRE LIMITED,993,802
CSC e-Governance Services India Limited,BASIX,1812,826
CSC e-Governance Services India Limited,Binary Systems,58,79
CSC e-Governance Services India Limited,Bloom Solutions Pvt Ltd,1609,337
CSC e-Governance Services India Limited,CALANCE SOFTWARE PRIVATE LTD,989,149
CSC e-Governance Services India Limited,CHIPS,255,192
CSC e-Governance Services India Limited,CMS Computers Ltd,4806,1880
CSC e-Governance Services India Limited,CSC e-Governance Services India Limited,2907,567
CSC e-Governance Services India Limited,Computer Print,258,196
CSC e-Governance Services India Limited,Conatus Infocom Pvt. Ltd,49,34
CSC e-Governance Services India Limited,DATASOFT COMPUTER SERVICES(P),198,395
CSC e-Governance Services India Limited,Gem Computers,90,90
CSC e-Governance Services India Limited,Home Life Buildcon Pvt Ltd,4156,418
CSC e-Governance Services India Limited,HyperSoft Technologies Ltd,666,20
CSC e-Governance Services India Limited,IAP COMPANY Pvt. Ltd,7179,1978
CSC e-Governance Services India Limited,Intelligent Communication Sys India Ltd,15,0
CSC e-Governance Services India Limited,Janta Silikon Consortium,5999,658
CSC e-Governance Services India Limited,Jeevan Deep Charitable Society,1413,355
CSC e-Governance Services India Limited,MANTRA SOFTTECH (INDIA) PVTLTD,803,232
CSC e-Governance Services India Limited,MEGHA VINCOM PVT LTD,600,93
CSC e-Governance Services India Limited,Mahamritunjay Traders,14,16
CSC e-Governance Services India Limited,Mahaonline Limited,2781,654
CSC e-Governance Services India Limited,NPS Technologies Pvt. Ltd,2378,1048
CSC e-Governance Services India Limited,NVR & ASSOCIATES LIMITED,387,44
CSC e-Governance Services India Limited,National Cooperative Consumers Federation of India Limited,248,38
CSC e-Governance Services India Limited,Nekton IT India Pvt Ltd.,217,92
CSC e-Governance Services India Limited,Network for Information & Computer,512,77
CSC e-Governance Services India Limited,Promind Solutions P Limited,1173,314
CSC e-Governance Services India Limited,Radiant Haroti Industries India Ltd,8753,971
CSC e-Governance Services India Limited,Raj Construction Co.,288,29
CSC e-Governance Services India Limited,Reliance Communication Limited,46,0
CSC e-Governance Services India Limited,SPANCO,267,149
CSC e-Governance Services India Limited,SRR Infotech,68,345
CSC e-Governance Services India Limited,Sahaj e-Village Limited,538,968
CSC e-Governance Services India Limited,Sri Ramraja Sarkar Lok Kalyan Trust,6,13
CSC e-Governance Services India Limited,Tera Software Ltd,2988,1567
CSC e-Governance Services India Limited,United Telecoms e-Services Pvt Ltd,559,433
CSC e-Governance Services India Limited,VIKALP MULTIMEDIA,89,39
CSC e-Governance Services India Limited,VISION COMPTECH INTEGRATOR LTD,387,95
CSC e-Governance Services India Limited,Vakrangee Softwares Limited,88,0
CSC e-Governance Services India Limited,Vayam technologies Ltd,7202,661
CSC e-Governance Services India Limited,Vedavaag Systems Limited,1503,438
CSC e-Governance Services India Limited,Zephyr System Pvt.Ltd.,4121,508
Canara Bank,FINANCIAL INFORMATION NETWORK,5701,1423
Canara Bank,ITI LIMITED,1,0
Canara Bank,Karvy Data Management Services,4517,649
Canara Bank,Ojus Healthcare Private Limited,199,6
Canara Bank,Osiris Infotech Pvt. Ltd.,314,43
Canara Bank,Rosmerta technoliges Limited,4,0
Canara Bank,Smart Chip Limited,705,425
Canara Bank,Swiss Tech India Pvt Ltd,6,0
Canara Bank,VIRGO SOFTECH LIMITED,16,0
Canara Bank,Virinchi Technologies Ltd,1908,143
Central Bank of India,CALANCE SOFTWARE PRIVATE LTD,682,0
Central Bank of India,Frontech Systems Pvt Ltd,24,0
Central Bank of India,GSS Infotech Ltd,5,0
Central Bank of India,IAP COMPANY Pvt. Ltd,1356,0
Central Bank of India,IL&FS LTD,367,0
Central Bank of India,MANTRA SOFTTECH (INDIA) PVTLTD,80,0
Central Bank of India,SREI INFRASTRUCTURE FINANCES L,208,0
Central Bank of India,Tera Software Ltd,4,0
Central Bank of India,The Peerless General Finance,153,1
Civil Supplies - A&N Islands,India Computer Technology,278,107
DENA BANK,77 Infosystems Pvt Ltd,1079,89
DENA BANK,A-Onerealtors Pvt Ltd,194,106
DENA BANK,APEX Services,1641,199
DENA BANK,AS International,611,91
DENA BANK,ATISHAY INFOTECH PVT. LTD.,1027,259
DENA BANK,AVVAS INFOTECH PVT  LTD,1570,659
DENA BANK,Advent Infomax Private Ltd,332,29
DENA BANK,Amar Constructions,3184,296
DENA BANK,Asha Security Guard Services,1419,339
DENA BANK,Asray Gram,109,5
DENA BANK,BNR UDYOG LIMITED,247,14
DENA BANK,Binary Systems,785,112
DENA BANK,Bloom Solutions Pvt Ltd,2116,19
DENA BANK,Blue Circle Instrument,274,41
DENA BANK,Business Information Processing Services,182,87
DENA BANK,CALANCE SOFTWARE PRIVATE LTD,1623,179
DENA BANK,DATASOFT COMPUTER SERVICES(P),706,90
DENA BANK,DEVASHISH SECURITIES PVT. LTD.,30,0
DENA BANK,Eagle Software India Pvt. Ltd,716,44
DENA BANK,Emdee Digitronics Pvt.Ltd.,5,0
DENA BANK,FINANCIAL INFORMATION NETWORK,2424,246
DENA BANK,Gem Computers,1054,62
DENA BANK,Gujarat Infotech Ltd.,1171,81
DENA BANK,HyperSoft Technologies Ltd,122,25
DENA BANK,IAP COMPANY Pvt. Ltd,6258,358
DENA BANK,India Computer Technology,526,35
DENA BANK,JNET Technologies Pvt.Ltd,430,12
DENA BANK,K W Consulting P Ltd,845,54
DENA BANK,M/S STAR DATA CENTRE,653,64
DENA BANK,M/s Gold Square Builders & Promoters Pvt. Ltd.,497,44
DENA BANK,M2C Private Solution,34,3
DENA BANK,MARS Telecom Systems Pvt Ltd,847,176
DENA BANK,MEGHA VINCOM PVT LTD,3781,231
DENA BANK,MKS Enterprises,1791,55
DENA BANK,Make India Smart Private Limited,495,338
DENA BANK,Multiwave Innovation,2318,259
DENA BANK,NVR & ASSOCIATES LIMITED,931,250
DENA BANK,Narayana Electricals Solution Pvt Ltd,33,0
DENA BANK,Netlink software Pvt Ltd,1866,119
DENA BANK,Nielsen  India  Private Limited,5081,682
DENA BANK,Offshoot Agency Pvt. Ltd.,2787,60
DENA BANK,Om Softwares,1993,98
DENA BANK,Ortem Securities Limited,390,46
DENA BANK,Prodigy Systems and Services Private Limited,8,0
DENA BANK,Radiant Haroti Industries India Ltd,2651,1
DENA BANK,Ricoh India Limited,96,57
DENA BANK,SGS INDIA PVT LTD,1251,183
DENA BANK,Silver Touch Technologies Ltd,714,132
DENA BANK,Sixth Dimension Project Solutions Ltd,120,7
DENA BANK,Soc for Advancement of Environ Science,116,87
DENA BANK,SoftAge Information Technology Limited,42,5
DENA BANK,Super Printers,1667,133
DENA BANK,Systematic & Advance Const P L,187,3
DENA BANK,TechSmart India Pvt Ltd,792,304
DENA BANK,Tera Software Ltd,1907,73
DENA BANK,The NSIC ltd,70,0
DENA BANK,Transline Technologies P Ltd,844,8
DENA BANK,Utility Forms Pvt Ltd,1555,164
DENA BANK,VAP INFOSOLUTIONS,5373,257
DENA BANK,VISION COMPTECH INTEGRATOR LTD,2228,82
DENA BANK,Vedavaag Systems Limited,850,238
DENA BANK,Virinchi Technologies Ltd,3646,256
DENA BANK,WEBEL,5162,205
DENA BANK,Wipro Ltd,11730,1662
DENA BANK,Yash Ornaments Pvt. Ltd,2146,295
DENA BANK,Zephyr System Pvt.Ltd.,4788,482
Delhi - Central DC,Smart Chip Limited,80,0
Delhi - East DC,DATASOFT COMPUTER SERVICES(P),53,0
Delhi - East DC,Tera Software Ltd,63,0
Delhi - ND DC,Smart Chip Limited,31,0
Delhi - NE DC,Alankit Assignments Limited,364,0
Delhi - NE DC,Smart Chip Limited,28,1
Delhi - NE DC,Smart ID,94,0
Delhi - North DC,CALANCE SOFTWARE PRIVATE LTD,103,0
Delhi - North DC,DATASOFT COMPUTER SERVICES(P),26,0
Delhi - North DC,NVR & ASSOCIATES LIMITED,131,0
Delhi - North DC,Smart Chip Limited,87,1
Delhi SW DC,STRATEGIC OUTSOURCING SERVICE,187,0
Delhi SW DC,VIRGO SOFTECH LIMITED,39,0
Delhi Urban Shelter Improvemen,Alankit Assignments Limited,10,0
Delhi Urban Shelter Improvemen,STRATEGIC OUTSOURCING SERVICE,8,0
Delhi Urban Shelter Improvemen,Smart Chip Limited,30,0
Delhi Urban Shelter Improvemen,Tera Software Ltd,22,0
Delhi- South DC,Karvy Computershare Private Li,145,0
Delhi- South DC,Smart Chip Limited,5,0
Delhi- South DC,Tera Software Ltd,24,0
Delhi- South DC,eCentric solutions pvt ltd,109,0
Delhi- West DC,Matrix Processing House,19,0
Delhi- West DC,Smart Chip Limited,3,0
Delhi- West DC,VIRGO SOFTECH LIMITED,358,0
Delhi-NW DC,Karvy Computershare Private Li,323,0
Delhi-NW DC,STRATEGIC OUTSOURCING SERVICE,83,0
Department of Information Technology Govt of Jharkhand,Blue Circle Instrument,103,0
Department of Information Technology Govt of Jharkhand,IL&FS LTD,19,0
Department of Information Technology Govt of Jharkhand,MKS Enterprises,64,0
Department of Information Technology Govt of Jharkhand,Smart ID,1,0
Department of Information Technology Govt of Jharkhand,Systematic & Advance Const P L,8,0
Department of Information Technology Govt of Jharkhand,Vayam technologies Ltd,1,0
Department of Information Technology Govt of Jharkhand,Wipro Ltd,9,0
Dept of ITC Govt of Rajasthan,ATISHAY INFOTECH PVT. LTD.,1254,72
Dept of ITC Govt of Rajasthan,AVVAS INFOTECH PVT  LTD,312,0
Dept of ITC Govt of Rajasthan,Academy of Management Studies,0,11
Dept of ITC Govt of Rajasthan,Alankit Finsec Ltd,52,0
Dept of ITC Govt of Rajasthan,Binary Systems,2,9
Dept of ITC Govt of Rajasthan,Business Information Processing Services,115,27
Dept of ITC Govt of Rajasthan,CMS Computers Ltd,222,28
Dept of ITC Govt of Rajasthan,COMTECH INSTITUTE OFTECHNOLOGY,82,53
Dept of ITC Govt of Rajasthan,DATASOFT COMPUTER SERVICES(P),785,71
Dept of ITC Govt of Rajasthan,FINANCIAL INFORMATION NETWORK,555,249
Dept of ITC Govt of Rajasthan,GSS Infotech Ltd,2,0
Dept of ITC Govt of Rajasthan,Gem Computers,118,1
Dept of ITC Govt of Rajasthan,Gujarat Infotech Ltd.,3,3
Dept of ITC Govt of Rajasthan,IAP COMPANY Pvt. Ltd,3,15
Dept of ITC Govt of Rajasthan,Karvy Data Management Services,3,12
Dept of ITC Govt of Rajasthan,M/s Sanish Choudhary,396,45
Dept of ITC Govt of Rajasthan,MANTRA SOFTTECH (INDIA) PVTLTD,2,0
Dept of ITC Govt of Rajasthan,MEGHA VINCOM PVT LTD,103,69
Dept of ITC Govt of Rajasthan,Matrix Processing House,42,26
Dept of ITC Govt of Rajasthan,Multiwave Innovation,191,22
Dept of ITC Govt of Rajasthan,Netlink software Pvt Ltd,64,0
Dept of ITC Govt of Rajasthan,Osiris Infotech Pvt. Ltd.,99,74
Dept of ITC Govt of Rajasthan,Radiant Haroti Industries India Ltd,2,0
Dept of ITC Govt of Rajasthan,Radiant Info Systems Ltd,230,36
Dept of ITC Govt of Rajasthan,Ricoh India Limited,891,49
Dept of ITC Govt of Rajasthan,SAR Technology,41,8
Dept of ITC Govt of Rajasthan,SREI INFRASTRUCTURE FINANCES L,22,8
Dept of ITC Govt of Rajasthan,TechSmart India Pvt Ltd,125,134
Dept of ITC Govt of Rajasthan,Transline Technologies P Ltd,1490,123
Dept of ITC Govt of Rajasthan,UMC Technologies Pvt. Ltd,54,19
Dept of ITC Govt of Rajasthan,VIRGO SOFTECH LIMITED,91,8
Dept of ITC Govt of Rajasthan,Vakrangee Softwares Limited,1002,672
Dept of ITC Govt of Rajasthan,Vayam technologies Ltd,450,1
FCR Govt of Haryana,4G INFORMATICS,47,21
FCR Govt of Haryana,Academy of Management Studies,47,24
FCR Govt of Haryana,District IT Society Jhajjar,0,16
FCR Govt of Haryana,District IT Society Mahendragarh,1,17
FCR Govt of Haryana,Radiant Info Systems Ltd,229,36
FCR Govt of Haryana,SoftAge Information Technology Limited,896,100
FCR Govt of Haryana,Vakrangee Softwares Limited,340,0
FCR Govt of Haryana,Vayam technologies Ltd,130,26
FCS Govt of Punjab,Alankit Assignments Limited,321,0
FCS Govt of Punjab,Alankit Finsec Ltd,110,0
FCS Govt of Punjab,Alankit Life Care Ltd,10,0
FCS Govt of Punjab,CSS TECHNERGY LIMITED,642,0
FCS Govt of Punjab,Delhi Integrated MMTS Ltd,218,0
FCS Govt of Punjab,District Sukhmani Society  Jalandhar  Punjab,1,2
FCS Govt of Punjab,District Sukhmani Society  Ludhiana  Punjab,7,13
FCS Govt of Punjab,District Sukhmani Society  Moga  Punjab,2,4
FCS Govt of Punjab,District Sukhmani Society Amritsar Punjab,6,40
FCS Govt of Punjab,District Sukhmani Society Barnala Punjab,0,10
FCS Govt of Punjab,District Sukhmani Society Bathinda Punjab,1,0
FCS Govt of Punjab,District Sukhmani Society Fatehgarh Sahib Punjab,7,9
FCS Govt of Punjab,District Sukhmani Society Fazilka Punjab,1,18
FCS Govt of Punjab,District Sukhmani Society Ferozepur Punjab,4,33
FCS Govt of Punjab,District Sukhmani Society For Citizen Services Mansa Punjab,1,2
FCS Govt of Punjab,District Sukhmani Society For Citizen Services Nawanshahr Punjab,6,8
FCS Govt of Punjab,District Sukhmani Society For Citizen Services SAS Nagar District e-Governance Society Punjab,6,6
FCS Govt of Punjab,District Sukhmani Society Pathankot Punjab,3,4
FCS Govt of Punjab,District Sukhmani Society Patiala Punjab,5,1
FCS Govt of Punjab,District Sukhmani Society Rupnagar Punjab,3,0
FCS Govt of Punjab,District Sukhmani Society Sangrur Punjab,2,11
FCS Govt of Punjab,District Sukhmani Society Sri Muktsar Sahib Punjab,2,3
FCS Govt of Punjab,District Sukhmani Society Tarn Taran Punjab,3,4
FCS Govt of Punjab,Diwakar Commercials Pvt Ltd,235,0
FCS Govt of Punjab,Karvy Computershare Private Li,1089,23
FCS Govt of Punjab,Sukhmani Society For Citizen Services  Kapurthala  Punjab,3,2
FCS Govt of Punjab,Sukhmani Society For Citizen Services Gurdaspur Punjab,0,2
FCS Govt of Punjab,Sukhmani Society For Citizens Services Faridkot Punjab,0,14
FCS Govt of Punjab,Suwidha Society Hoshiarpur Punjab,3,11
FCS Govt of Punjab,VIRGO SOFTECH LIMITED,225,0
FCS Govt of Punjab,VISESH INFOTECNICS LIMITED,48,0
FCS Govt of Punjab,Vayam technologies Ltd,519,38
FCS Govt of Punjab,eCentric solutions pvt ltd,1059,46
Govt of Andhra Pradesh,Gouthami Educational Society,1410,0
Govt of Andhra Pradesh,GrapeSoft,216,0
Govt of Andhra Pradesh,IL&FS LTD,23,0
Govt of Andhra Pradesh,INFRONICS SYSTEMS LTD,1474,1
Govt of Andhra Pradesh,Madras Security Printers Ltd,125,0
Govt of Andhra Pradesh,SREEVEN INFOCOM LIMITED,103,0
Govt of Andhra Pradesh,Smart Chip Limited,2,0
Govt of Andhra Pradesh,TechSmart India Pvt Ltd,321,3
Govt of Andhra Pradesh,Tera Software Ltd,413,0
Govt of Andhra Pradesh,eCentric solutions pvt ltd,203,0
Govt of Goa,COMAT TECHNOLOGIES P LTD,22,0
Govt of Goa,MARS Telecom Systems Pvt Ltd,103,0
Govt of Goa,Tera Software Ltd,10,0
Govt of Gujarat,GSS Infotech Ltd,758,10
Govt of Gujarat,Karvy Computershare Private Li,2941,157
Govt of Gujarat,Silver Touch Technologies Ltd,1232,74
Govt of Gujarat,Tera Software Ltd,1721,35
Govt of Gujarat,Transline Technologies P Ltd,212,0
Govt of Gujarat,Vayam technologies Ltd,704,12
Govt of Gujarat,eCentric solutions pvt ltd,344,57
Govt of Himachal Pradesh,IL&FS LTD,143,0
Govt of Himachal Pradesh,Wipro Ltd,181,1
Govt of Himachal Pradesh,i-Grandee SoftwareTechnologies,195,6
Govt of Karnataka ,BNR UDYOG LIMITED,13,0
Govt of Karnataka ,Bloom Solutions Pvt Ltd,110,0
Govt of Karnataka ,COMAT TECHNOLOGIES P LTD,7,0
Govt of Karnataka ,Centre for e-Governance  GOK,1,0
Govt of Karnataka ,EDCS GOK,2103,313
Govt of Karnataka ,GLODYNE TECHNOSERVE,22,0
Govt of Karnataka ,Integra Micro Systems Pvt.ltd,160,0
Govt of Karnataka ,MARS Telecom Systems Pvt Ltd,288,0
Govt of Karnataka ,Ninestars Information Technologies Ltd,148,0
Govt of Karnataka ,Om Softwares,13,0
Govt of Karnataka ,Origin ITFS Pvt Ltd,440,3
Govt of Karnataka ,Radiant Info Systems Ltd,1,0
Govt of Karnataka ,SREEVEN INFOCOM LIMITED,327,1
Govt of Karnataka ,Tera Software Ltd,14,0
Govt of Karnataka ,Wipro Ltd,93,0
Govt of Kerala,Akshaya,4781,205
Govt of Kerala,Keltron,741,1
Govt of Madhya Pradesh,VIRGO SOFTECH LIMITED,986,0
Govt of Maharashtra,Alankit Assignments Limited,656,0
Govt of Maharashtra,Alankit Finsec Ltd,1346,1
Govt of Maharashtra,Bharat Technical Solutions Private Limited,8,0
Govt of Maharashtra,COMAT TECHNOLOGIES P LTD,13,0
Govt of Maharashtra,Eagle press pvt ltd,172,0
Govt of Maharashtra,GLODYNE TECHNOSERVE,122,0
Govt of Maharashtra,GSS Infotech Ltd,172,0
Govt of Maharashtra,Global Finsol Private Limited,58,0
Govt of Maharashtra,Karvy Computershare Private Li,615,1
Govt of Maharashtra,M/S King Computer System pvt Ltd,31,21
Govt of Maharashtra,M/s. Vidya Online  Pune,10,4
Govt of Maharashtra,Mahaonline Limited,409,0
Govt of Maharashtra,Narayana Electricals Solution Pvt Ltd,30,0
Govt of Maharashtra,Netlink software Pvt Ltd,120,0
Govt of Maharashtra,Network for Information & Computer,2,0
Govt of Maharashtra,Obel projects Pvt Ltd,2,0
Govt of Maharashtra,Rudranee Infotech Ltd,46,8
Govt of Maharashtra,SETU MAHARASHTRA,90,28
Govt of Maharashtra,SHREERAM PRINTING PRESS,12,1
Govt of Maharashtra,SILVER JUBILEE MOTORS LTD.,4,12
Govt of Maharashtra,SPANCO,90,0
Govt of Maharashtra,STRATEGIC OUTSOURCING SERVICE,901,0
Govt of Maharashtra,Silver Touch Technologies Ltd,130,0
Govt of Maharashtra,Smart Chip Limited,20,0
Govt of Maharashtra,Systematic & Advance Const P L,6,0
Govt of Maharashtra,TechSmart India Pvt Ltd,282,0
Govt of Maharashtra,Tera Software Ltd,232,0
Govt of Maharashtra,Transline Technologies P Ltd,74,0
Govt of Maharashtra,Vidarbha Infotech Pvt Ltd,0,1
Govt of Maharashtra,Wep Solution India Limited,4,0
Govt of Maharashtra,Wipro Ltd,1308,0
Govt of Sikkim - Dept of Econo,4G IDENTITY SOLUTIONS,6,0
Govt of Sikkim - Dept of Econo,Department of Economics Statistics  Monitoring and Evaluation DESME,12,1
IDBI Bank ltd,ATISHAY INFOTECH PVT. LTD.,73,56
IDBI Bank ltd,Matrix Processing House,306,3
IDBI Bank ltd,SREEVEN INFOCOM LIMITED,492,40
IDBI Bank ltd,UTI TECHNOLOGY SERVICES LIMITE,104,0
IGNOU,VIRGO SOFTECH LIMITED,3,0
IGNOU,Vakrangee Softwares Limited,33,0
Indian Overseas Bank,Karvy Computershare Private Li,1,0
Indiapost,4G IDENTITY SOLUTIONS,102,0
Indiapost,COMAT TECHNOLOGIES P LTD,31,0
Indiapost,CSS TECHNERGY LIMITED,6,0
Indiapost,Delhi Integrated MMTS Ltd,601,0
Indiapost,Eagle press pvt ltd,14,0
Indiapost,GLODYNE TECHNOSERVE,3,0
Indiapost,GSS Infotech Ltd,15,0
Indiapost,Global Finsol Private Limited,561,0
Indiapost,IL&FS LTD,163,0
Indiapost,M/S STAR DATA CENTRE,3,0
Indiapost,MARS Telecom Systems Pvt Ltd,29,0
Indiapost,Madras Security Printers Ltd,12,0
Indiapost,Smart Chip Limited,18,0
Indiapost,The NSIC ltd,24,0
Indiapost,The Peerless General Finance,25,0
Indiapost,UTI TECHNOLOGY SERVICES LIMITE,120,0
Indiapost,Vayam technologies Ltd,10,0
Indiapost,WEBEL,37,0
Indiapost,eCentric solutions pvt ltd,121,0
Information Technology & Communication Department,4G INFORMATICS,167,0
Information Technology & Communication Department,BNR UDYOG LIMITED,54,0
Information Technology & Communication Department,Bloom Solutions Pvt Ltd,64,0
Information Technology & Communication Department,CSS TECHNERGY LIMITED,51,0
Information Technology & Communication Department,Directorate of ESD,1650,1505
Information Technology & Communication Department,GDC Advertising Pvt. Limited,27,0
Information Technology & Communication Department,JYOTHI COMPUTER SERVICES,173,0
Information Technology & Communication Department,Karvy Data Management Services,16,0
Information Technology & Communication Department,MARS Telecom Systems Pvt Ltd,47,0
Information Technology & Communication Department,SREEVEN INFOCOM LIMITED,113,0
Information Technology & Communication Department,Tera Software Ltd,28,0
Jammu and Kashmir Bank,COMTECH INSTITUTE OFTECHNOLOGY,11,0
Jharkhand,Alankit Assignments Limited,7,0
Jharkhand,Blue Circle Instrument,54,0
Jharkhand,Emdee Digitronics Pvt.Ltd.,44,0
Jharkhand,IL&FS LTD,1,0
Jharkhand,MKS Enterprises,23,0
Jharkhand,Nevaeh Technology Pvt. Ltd.,86,0
Jharkhand,STRATEGIC OUTSOURCING SERVICE,29,0
Jharkhand,Smart Chip Limited,27,0
Jharkhand,Systematic & Advance Const P L,163,0
Jharkhand,VISION COMPTECH INTEGRATOR LTD,375,0
Jharkhand,Wipro Ltd,3893,0
Life Insurance Corporation,COMAT TECHNOLOGIES P LTD,2,0
Life Insurance Corporation,Smart ID,1,0
Life Insurance Corporation,eCentric solutions pvt ltd,4,0
Mission Convergence - GNCT Del,Alankit Assignments Limited,12,0
Mission Convergence - GNCT Del,Karvy Computershare Private Li,45,0
Mission Convergence - GNCT Del,NVR & ASSOCIATES LIMITED,10,0
Mission Convergence - GNCT Del,STRATEGIC OUTSOURCING SERVICE,25,0
Mission Convergence - GNCT Del,Smart Chip Limited,14,0
Mission Convergence - GNCT Del,Tera Software Ltd,6,0
Mission Convergence - GNCT Del,eCentric solutions pvt ltd,19,0
NSDL e-Governance Infrastructure Limited,Abhipra Capital Ltd,389,36
NSDL e-Governance Infrastructure Limited,Alankit Assignments Limited,405,1
NSDL e-Governance Infrastructure Limited,Alankit Finsec Ltd,1947,686
NSDL e-Governance Infrastructure Limited,Amar Constructions,201,53
NSDL e-Governance Infrastructure Limited,Delhi Integrated MMTS Ltd,42,0
NSDL e-Governance Infrastructure Limited,Global Finsol Private Limited,31,0
NSDL e-Governance Infrastructure Limited,Gujarat Infotech Ltd.,3783,423
NSDL e-Governance Infrastructure Limited,IAP COMPANY Pvt. Ltd,2,2
NSDL e-Governance Infrastructure Limited,Karvy Consultants Limited,2,0
NSDL e-Governance Infrastructure Limited,Karvy Data Management Services,23286,5158
NSDL e-Governance Infrastructure Limited,N.K. Sharma Enterprises Ltd.,429,73
NSDL e-Governance Infrastructure Limited,Netlink software Pvt Ltd,1368,190
NSDL e-Governance Infrastructure Limited,Offshoot Agency Pvt. Ltd.,1671,134
NSDL e-Governance Infrastructure Limited,Ojus G Enterprises,580,73
NSDL e-Governance Infrastructure Limited,PROWIZ MANSYTEMS PVT LTD,316,0
NSDL e-Governance Infrastructure Limited,Promind Solutions P Limited,3109,256
NSDL e-Governance Infrastructure Limited,RELIGARE SECURITIES LTD,2080,335
NSDL e-Governance Infrastructure Limited,Radiant Haroti Industries India Ltd,480,1
NSDL e-Governance Infrastructure Limited,Ricoh India Limited,8071,1114
NSDL e-Governance Infrastructure Limited,SNR Edatas Pvt Ltd,2,4
NSDL e-Governance Infrastructure Limited,Sri Ramraja Sarkar Lok Kalyan Trust,2533,128
NSDL e-Governance Infrastructure Limited,Utility Forms Pvt Ltd,4926,117
NSDL e-Governance Infrastructure Limited,VIRGO SOFTECH LIMITED,2605,317
Oriental Bank of Commerce,Alankit Limited,9,0
Oriental Bank of Commerce,DATASOFT COMPUTER SERVICES(P),332,0
Oriental Bank of Commerce,FINANCIAL INFORMATION NETWORK,49,0
Oriental Bank of Commerce,IL&FS LTD,34,0
Oriental Bank of Commerce,JNET Technologies Pvt.Ltd,110,0
Oriental Bank of Commerce,Redim Software Technologies Pvt Ltd,7,0
Oriental Bank of Commerce,Sri Ramraja Sarkar Lok Kalyan Trust,426,1
Oriental Bank of Commerce,Wipro Ltd,519,1
Principal Revenue Commissioner  Dept of Revenue  Govt of MP,Frontech Systems Pvt Ltd,92,0
Principal Revenue Commissioner  Dept of Revenue  Govt of MP,GDC Advertising Pvt. Limited,102,0
Principal Revenue Commissioner  Dept of Revenue  Govt of MP,K W Consulting P Ltd,68,1
Principal Revenue Commissioner  Dept of Revenue  Govt of MP,LYRA  CONSULTANCY SERVICE,329,0
Principal Revenue Commissioner  Dept of Revenue  Govt of MP,Netlink software Pvt Ltd,37,0
Principal Revenue Commissioner  Dept of Revenue  Govt of MP,OSWAL COMPUTERS & CONSULTANTS,72,0
Principal Revenue Commissioner  Dept of Revenue  Govt of MP,Tera Software Ltd,51,0
Principal Revenue Commissioner  Dept of Revenue  Govt of MP,The NSIC ltd,3,0
Principal Revenue Commissioner  Dept of Revenue  Govt of MP,Vedavaag Systems Limited,438,0
Project Coordinator UID Project Madhya Pradesh,A I Soc for Electronics and Comp Tech,122,151
Project Coordinator UID Project Madhya Pradesh,DATASOFT COMPUTER SERVICES(P),51,36
Project Coordinator UID Project Madhya Pradesh,LYRA  CONSULTANCY SERVICE,47,52
Project Coordinator UID Project Madhya Pradesh,MPOnline Limited,17,17
Project Coordinator UID Project Madhya Pradesh,Matrix Processing House,135,20
Project Coordinator UID Project Madhya Pradesh,OSWAL COMPUTERS & CONSULTANTS,42,37
Project Coordinator UID Project Madhya Pradesh,Orion Security Solutions Private Ltd,612,50
Project Coordinator UID Project Madhya Pradesh,Sixth Dimension Project Solutions Ltd,206,53
Punjab National Bank,Alankit Finsec Ltd,572,348
Punjab National Bank,Eagle Software India Pvt. Ltd,3200,337
Punjab National Bank,MARS Telecom Systems Pvt Ltd,24,0
Punjab National Bank,Smart Chip Limited,683,486
Punjab National Bank,Vayam technologies Ltd,857,282
Punjab and Sind Bank,Matrix Processing House,1393,54
RDD Govt of Tripura,Alankit Assignments Limited,137,0
Registrar General India - BEL,In Media Computer Services LLP,80,0
Registrar General India - BEL,Manipur Electronics Dev Corp,3,9
Registrar General India - BEL,Swathy Smartcards Hi-Tech Pvt,1,0
Registrar General India BEL2,4G INFORMATICS,7,0
Registrar General India BEL2,Alankit Assignments Limited,116,0
Registrar General India BEL2,Bharat Electronics Limited,0,8
Registrar General India BEL2,Chinar Construction Company Prime agency,91,33
Registrar General India BEL2,Computer LAB,5196,0
Registrar General India BEL2,Emdee Digitronics Pvt.Ltd.,197,0
Registrar General India BEL2,In Media Computer Services LLP,416,109
Registrar General India BEL2,India Computer Technology,2444,0
Registrar General India BEL2,Karvy Data Management Services,306,126
Registrar General India BEL2,MACRO INFOTECH PVT LTD,5937,63
Registrar General India BEL2,MKS Enterprises,15,0
Registrar General India BEL2,Madras Security Printers Ltd,9155,113
Registrar General India BEL2,Manipur Electronics Dev Corp,22,3
Registrar General India BEL2,Multiwave Innovation,1089,8
Registrar General India BEL2,NVR & ASSOCIATES LIMITED,14,0
Registrar General India BEL2,Netlink software Pvt Ltd,177,12
Registrar General India BEL2,Nevaeh Technology Pvt. Ltd.,134,0
Registrar General India BEL2,Nielsen  India  Private Limited,405,0
Registrar General India BEL2,Om Softwares,759,0
Registrar General India BEL2,SNR Edatas Pvt Ltd,767,56
Registrar General India BEL2,SREEVEN INFOCOM LIMITED,50,0
Registrar General India BEL2,SREI INFRASTRUCTURE FINANCES L,3199,43
Registrar General India BEL2,STRATEGIC OUTSOURCING SERVICE,113,0
Registrar General India BEL2,Swathy Smartcards Hi-Tech Pvt,14789,0
Registrar General India BEL2,Swiss Tech India Pvt Ltd,167,43
Registrar General India BEL2,Tera Software Ltd,1284,2
Registrar General India BEL2,UNITED DATA SERVICES PRIVATE LIMITED,797,51
Registrar General India BEL2,Urmila Info solution,44,0
Registrar General India BEL2,VIRGO SOFTECH LIMITED,58,0
Registrar General India BEL2,Vansh Infotech Pvt Ltd,560,0
Registrar General India BEL2,Vayam technologies Ltd,2,0
Registrar General India BEL2,Vedavaag Systems Limited,289,1
Registrar General India BEL2,Viesa Technologies,499,128
Registrar General India BEL2,WEBEL,46,1
Registrar General India ECIL,AVVAS INFOTECH PVT  LTD,695,0
Registrar General India ECIL,BUSINESS INFORMATION PROCESSING SERVICES,287,0
Registrar General India ECIL,COMTECH INSTITUTE OFTECHNOLOGY,153,0
Registrar General India ECIL,COMTECHINFO SOLUTIONS PVT.LTD,4912,9
Registrar General India ECIL,Chinar Construction Company Prime agency,3054,179
Registrar General India ECIL,Clairvoyance Technologies Pvt.,10,0
Registrar General India ECIL,Computer LAB,33982,214
Registrar General India ECIL,Eagle Software India Pvt. Ltd,27372,624
Registrar General India ECIL,Emdee Digitronics Pvt.Ltd.,769,130
Registrar General India ECIL,Esoft Consulting Limited,27,0
Registrar General India ECIL,Gundal Infotech Private Limited,6,0
Registrar General India ECIL,In Media Computer Services LLP,10365,530
Registrar General India ECIL,India Computer Technology,11427,19
Registrar General India ECIL,Integrated Systems & Services,37,1
Registrar General India ECIL,Karvy Data Management Services,1319,21
Registrar General India ECIL,Krishna Infotech,450,0
Registrar General India ECIL,LYRA  CONSULTANCY SERVICE,51,1
Registrar General India ECIL,Madras Security Printers Ltd,21350,84
Registrar General India ECIL,Mphasis Ltd,205,0
Registrar General India ECIL,Netwing Technologies Pvt Ltd,174,0
Registrar General India ECIL,Nielsen  India  Private Limited,46,0
Registrar General India ECIL,Pioneer E Labs limited,682,0
Registrar General India ECIL,SARADA SYSTEMS,9536,71
Registrar General India ECIL,SWISSTECH NPR 57CR PROJECT PVT,1026,1
Registrar General India ECIL,Tera Software Ltd,2670,3
Registrar General India ECIL,VEETECHNOLOGIES PVT. LTD,3,0
Registrar General India ECIL,Vedavaag Systems Limited,586,0
Registrar General India ECIL,WEBEL TECHNOLOGY LIMITED,25,0
Registrar General India Others,COMTECHINFO SOLUTIONS PVT.LTD,6,0
Registrar General India Others,Chinar Construction Company Prime agency,2,0
Registrar General India Others,Computer LAB,41,0
Registrar General India Others,Eagle Software India Pvt. Ltd,4,0
Registrar General India Others,Krishna Infotech,1,0
Registrar General India Others,Madras Security Printers Ltd,151,0
Registrar General of India ITI,COMTECH INSTITUTE OFTECHNOLOGY,34,0
Registrar General of India ITI,CSS TECHNERGY LIMITED,65,0
Registrar General of India ITI,CommunitiWorks Welfare Society,73,0
Registrar General of India ITI,Eagle Software India Pvt. Ltd,511,27
Registrar General of India ITI,Emdee Digitronics Pvt.Ltd.,8162,99
Registrar General of India ITI,FINANCIAL INFORMATION NETWORK,80,0
Registrar General of India ITI,In Media Computer Services LLP,53,6
Registrar General of India ITI,Karvy Data Management Services,181,7
Registrar General of India ITI,MACRO INFOTECH PVT LTD,1,0
Registrar General of India ITI,MKS Enterprises,10,0
Registrar General of India ITI,Madras Security Printers Ltd,375,108
Registrar General of India ITI,Mphasis Ltd,91,0
Registrar General of India ITI,Multiwave Innovation,8,0
Registrar General of India ITI,Netlink software Pvt Ltd,400,15
Registrar General of India ITI,Netwing Technologies Pvt Ltd,1,0
Registrar General of India ITI,Nevaeh Technology Pvt. Ltd.,2,0
Registrar General of India ITI,Nielsen  India  Private Limited,185,0
Registrar General of India ITI,PROTEX COMPUTER PVT LTD,22,0
Registrar General of India ITI,Quick Data IT Services Pvt Ltd,1,0
Registrar General of India ITI,SNR Edatas Pvt Ltd,57,9
Registrar General of India ITI,SREEVEN INFOCOM LIMITED,6,0
Registrar General of India ITI,SREI INFRASTRUCTURE FINANCES L,24,0
Registrar General of India ITI,STRATEGIC OUTSOURCING SERVICE,478,0
Registrar General of India ITI,Swathy Smartcards Hi-Tech Pvt,602,1
Registrar General of India ITI,Swiss Tech India Pvt Ltd,9,0
Registrar General of India ITI,TechSmart India Pvt Ltd,121,0
Registrar General of India ITI,Urmila Info solution,5,0
Registrar General of India ITI,VIRGO SOFTECH LIMITED,101,4
Registrar General of India ITI,Vedavaag Systems Limited,266,0
Registrar General of India ITI,WEBEL TECHNOLOGY LIMITED,4855,125
Registrar General of India ITI,Webx Technologies Private Limited,26,14
Rural Development Dept  Govt. of Bihar,Bloom Solutions Pvt Ltd,552,37
Rural Development Dept  Govt. of Bihar,Computer LAB,451,159
Rural Development Dept  Govt. of Bihar,Emdee Digitronics Pvt.Ltd.,215,34
Rural Development Dept  Govt. of Bihar,FINANCIAL INFORMATION NETWORK,2741,503
Rural Development Dept  Govt. of Bihar,M2C Private Solution,990,25
Rural Development Dept  Govt. of Bihar,MKS Enterprises,276,26
Rural Development Dept  Govt. of Bihar,Orion Security Solutions Private Ltd,112,2
Rural Development Dept  Govt. of Bihar,Urmila Info solution,503,12
STATE BANK OF HYDERABAD,CSS TECHNERGY LIMITED,9,0
STATE BANK OF PATIALA,CSS TECHNERGY LIMITED,42,0
State Bank of Bikaner & Jaipur,Multiwave Innovation,1155,0
State Bank of India,4G IDENTITY SOLUTIONS,118,0
State Bank of India,COMAT TECHNOLOGIES P LTD,25,0
State Bank of India,CSS TECHNERGY LIMITED,64,0
State Bank of India,Delhi Integrated MMTS Ltd,39,0
State Bank of India,Eagle press pvt ltd,46,0
State Bank of India,IL&FS LTD,109,0
State Bank of India,Silver Touch Technologies Ltd,11,0
State Bank of India,Smart Chip Limited,613,28
State Bank of India,VIRGO SOFTECH LIMITED,60,0
State Bank of Travancore,Tera Software Ltd,5,0
Syndicate Bank,Smart Chip Limited,379,0
UIDAI-Registrar,UIDAI-EA,19,1
UT Of Daman and Diu,Alankit Assignments Limited,71,0
UT of Puducherry,Madras Security Printers Ltd,10,0
UTI Infrastructure Technology & Services Limited,Omnitech Infosolutions Ltd,24,0
Union Bank,4G IDENTITY SOLUTIONS,18,0
Union Bank,FINANCIAL INFORMATION NETWORK,14313,1803
Union Bank,Smart Chip Limited,2168,112
Union Bank,Vakrangee Softwares Limited,21486,3869
