Registrar,Enrolment Agency,Aadhaar generated,Enrolment Rejected
Allahabad Bank,A-Onerealtors Pvt Ltd,5080,160
Allahabad Bank,Agro Tech Engineers,14,2
Allahabad Bank,Asha Security Guard Services,2935,262
Allahabad Bank,Emdee Digitronics Pvt.Ltd.,4504,164
Allahabad Bank,MEGHA VINCOM PVT LTD,478,57
Allahabad Bank,Nevaeh Technology Pvt. Ltd.,9363,177
Allahabad Bank,Ortem Securities Limited,3,0
Allahabad Bank,PROTEX COMPUTER PVT LTD,156,6
Allahabad Bank,Redim Software Technologies Pvt Ltd,428,42
Allahabad Bank,SGS INDIA PVT LTD,724,116
Allahabad Bank,Sri Ramraja Sarkar Lok Kalyan Trust,140,1
Allahabad Bank,VAP INFOSOLUTIONS,533,469
Allahabad Bank,Vedavaag Systems Limited,1228,136
Atalji Janasnehi Directorate  Government of Karnataka,Atalji Janasnehi Directorate  GOK,2658,143
Bank Of India,A3 Logics  India  Ltd,1268,64
Bank Of India,Blue Circle Instrument,0,1
Bank Of India,CHESSY CONSULTANTS PVT LTD,24,2
Bank Of India,DATASOFT COMPUTER SERVICES(P),1381,127
Bank Of India,Frontech Systems Pvt Ltd,2596,86
Bank Of India,Matrix Processing House,0,1
Bank Of India,OSWAL COMPUTERS & CONSULTANTS,1201,44
Bank Of India,PROTEX COMPUTER PVT LTD,3149,37
Bank Of India,SARADA SYSTEMS,3770,41
Bank Of India,SHRIKRISHNA KHANDASARI SUGAR M,174,19
Bank Of India,SREI INFRASTRUCTURE FINANCES L,19884,613
Bank Of India,VEETECHNOLOGIES PVT. LTD,5784,512
Bank of Baroda,Global Finsol Private Limited,287,21
Bank of Maharashtra,FINANCIAL INFORMATION NETWORK,0,18
Bank of Maharashtra,Tera Software Ltd,3133,232
CSC e-Governance Services India Limited,A I Soc for Electronics and Comp Tech,5434,1280
CSC e-Governance Services India Limited,AKSH OPTIFIBRE LIMITED,12966,985
CSC e-Governance Services India Limited,BASIX,3508,961
CSC e-Governance Services India Limited,Binary Systems,625,32
CSC e-Governance Services India Limited,Bloom Solutions Pvt Ltd,3574,120
CSC e-Governance Services India Limited,CALANCE SOFTWARE PRIVATE LTD,1872,217
CSC e-Governance Services India Limited,CHIPS,1723,244
CSC e-Governance Services India Limited,CMS Computers Ltd,18122,3607
CSC e-Governance Services India Limited,CSC e-Governance Services India Limited,15695,830
CSC e-Governance Services India Limited,Computer Print,455,46
CSC e-Governance Services India Limited,Conatus Infocom Pvt. Ltd,382,61
CSC e-Governance Services India Limited,DATASOFT COMPUTER SERVICES(P),6135,451
CSC e-Governance Services India Limited,Gem Computers,280,25
CSC e-Governance Services India Limited,Home Life Buildcon Pvt Ltd,2523,243
CSC e-Governance Services India Limited,HyperSoft Technologies Ltd,254,13
CSC e-Governance Services India Limited,IAP COMPANY Pvt. Ltd,52867,1820
CSC e-Governance Services India Limited,Janta Silikon Consortium,4671,351
CSC e-Governance Services India Limited,Jeevan Deep Charitable Society,1440,204
CSC e-Governance Services India Limited,K W Consulting P Ltd,2494,2
CSC e-Governance Services India Limited,MANTRA SOFTTECH (INDIA) PVTLTD,14957,572
CSC e-Governance Services India Limited,MEGHA VINCOM PVT LTD,628,62
CSC e-Governance Services India Limited,Mahamritunjay Traders,108,35
CSC e-Governance Services India Limited,Mahaonline Limited,2420,532
CSC e-Governance Services India Limited,NPS Technologies Pvt. Ltd,3058,921
CSC e-Governance Services India Limited,NVR & ASSOCIATES LIMITED,1044,6
CSC e-Governance Services India Limited,National Cooperative Consumers Federation of India Limited,246,51
CSC e-Governance Services India Limited,Nekton IT India Pvt Ltd.,2323,168
CSC e-Governance Services India Limited,Network for Information & Computer,940,135
CSC e-Governance Services India Limited,Promind Solutions P Limited,3019,168
CSC e-Governance Services India Limited,Radiant Haroti Industries India Ltd,6878,943
CSC e-Governance Services India Limited,Raj Construction Co.,297,44
CSC e-Governance Services India Limited,SPANCO,5802,340
CSC e-Governance Services India Limited,SRR Infotech,694,159
CSC e-Governance Services India Limited,Sahaj e-Village Limited,7839,1249
CSC e-Governance Services India Limited,Sri Ramraja Sarkar Lok Kalyan Trust,542,32
CSC e-Governance Services India Limited,Super Printers,1,0
CSC e-Governance Services India Limited,Tera Software Ltd,29488,826
CSC e-Governance Services India Limited,United Telecoms e-Services Pvt Ltd,548,333
CSC e-Governance Services India Limited,VIKALP MULTIMEDIA,696,42
CSC e-Governance Services India Limited,VISION COMPTECH INTEGRATOR LTD,1312,49
CSC e-Governance Services India Limited,Vayam technologies Ltd,7780,396
CSC e-Governance Services India Limited,Vedavaag Systems Limited,3931,604
CSC e-Governance Services India Limited,Yash Ornaments Pvt. Ltd,4,24
CSC e-Governance Services India Limited,Zephyr System Pvt.Ltd.,10287,459
Canara Bank,FINANCIAL INFORMATION NETWORK,66989,2017
Canara Bank,Karvy Data Management Services,4925,847
Canara Bank,Ojus Healthcare Private Limited,176,9
Canara Bank,Osiris Infotech Pvt. Ltd.,374,42
Canara Bank,Smart Chip Limited,18310,700
Canara Bank,Virinchi Technologies Ltd,1531,174
Central Bank of India,CALANCE SOFTWARE PRIVATE LTD,0,19
Civil Supplies - A&N Islands,India Computer Technology,893,56
DENA BANK,77 Infosystems Pvt Ltd,1140,49
DENA BANK,A-Onerealtors Pvt Ltd,443,50
DENA BANK,APEX Services,1034,99
DENA BANK,AS International,246,48
DENA BANK,ATISHAY INFOTECH PVT. LTD.,8719,359
DENA BANK,AVVAS INFOTECH PVT  LTD,9656,861
DENA BANK,Advent Infomax Private Ltd,206,16
DENA BANK,Amar Constructions,1420,136
DENA BANK,Asha Security Guard Services,1757,238
DENA BANK,Asray Gram,141,0
DENA BANK,BNR UDYOG LIMITED,90,8
DENA BANK,Binary Systems,227,83
DENA BANK,Bloom Solutions Pvt Ltd,121,14
DENA BANK,Blue Circle Instrument,821,62
DENA BANK,Business Information Processing Services,111,45
DENA BANK,CALANCE SOFTWARE PRIVATE LTD,3443,391
DENA BANK,DATASOFT COMPUTER SERVICES(P),3562,177
DENA BANK,DEVASHISH SECURITIES PVT. LTD.,1,0
DENA BANK,Eagle Software India Pvt. Ltd,5958,315
DENA BANK,FINANCIAL INFORMATION NETWORK,18386,386
DENA BANK,Gem Computers,997,44
DENA BANK,Gujarat Infotech Ltd.,2536,33
DENA BANK,HyperSoft Technologies Ltd,154,4
DENA BANK,IAP COMPANY Pvt. Ltd,11984,356
DENA BANK,India Computer Technology,305,13
DENA BANK,JNET Technologies Pvt.Ltd,328,25
DENA BANK,K W Consulting P Ltd,705,64
DENA BANK,M/S STAR DATA CENTRE,1264,30
DENA BANK,M/s Gold Square Builders & Promoters Pvt. Ltd.,492,51
DENA BANK,M2C Private Solution,186,17
DENA BANK,MARS Telecom Systems Pvt Ltd,5679,162
DENA BANK,MEGHA VINCOM PVT LTD,847,104
DENA BANK,MKS Enterprises,4234,31
DENA BANK,Make India Smart Private Limited,1801,406
DENA BANK,Multiwave Innovation,13442,229
DENA BANK,NVR & ASSOCIATES LIMITED,4426,95
DENA BANK,Netlink software Pvt Ltd,2260,122
DENA BANK,Nielsen  India  Private Limited,18436,830
DENA BANK,Offshoot Agency Pvt. Ltd.,305,57
DENA BANK,Om Softwares,917,75
DENA BANK,Ortem Securities Limited,134,50
DENA BANK,Prodigy Systems and Services Private Limited,8,2
DENA BANK,Radiant Haroti Industries India Ltd,9,0
DENA BANK,Ricoh India Limited,357,210
DENA BANK,SGS INDIA PVT LTD,1357,259
DENA BANK,Silver Touch Technologies Ltd,4840,74
DENA BANK,Sixth Dimension Project Solutions Ltd,6,2
DENA BANK,Soc for Advancement of Environ Science,284,24
DENA BANK,SoftAge Information Technology Limited,41,5
DENA BANK,Super Printers,1188,54
DENA BANK,Systematic & Advance Const P L,32,0
DENA BANK,TechSmart India Pvt Ltd,2544,471
DENA BANK,Tera Software Ltd,263,2
DENA BANK,The NSIC ltd,180,3
DENA BANK,Transline Technologies P Ltd,385,7
DENA BANK,Utility Forms Pvt Ltd,340,83
DENA BANK,VAP INFOSOLUTIONS,877,149
DENA BANK,VISION COMPTECH INTEGRATOR LTD,4811,117
DENA BANK,Vedavaag Systems Limited,2143,334
DENA BANK,Virinchi Technologies Ltd,3424,350
DENA BANK,WEBEL,10530,1001
DENA BANK,Wipro Ltd,14672,2348
DENA BANK,Yash Ornaments Pvt. Ltd,630,147
DENA BANK,Zephyr System Pvt.Ltd.,7537,329
Delhi - East DC,DATASOFT COMPUTER SERVICES(P),0,1
Delhi - North DC,CALANCE SOFTWARE PRIVATE LTD,0,2
Department of Information Technology Govt of Jharkhand,Blue Circle Instrument,0,2
Department of Information Technology Govt of Jharkhand,Wipro Ltd,15,0
Dept of ITC Govt of Rajasthan,ATISHAY INFOTECH PVT. LTD.,909,142
Dept of ITC Govt of Rajasthan,AVVAS INFOTECH PVT  LTD,32,61
Dept of ITC Govt of Rajasthan,Academy of Management Studies,26,1
Dept of ITC Govt of Rajasthan,Alankit Finsec Ltd,0,3
Dept of ITC Govt of Rajasthan,Binary Systems,9,1
Dept of ITC Govt of Rajasthan,Business Information Processing Services,121,17
Dept of ITC Govt of Rajasthan,CMS Computers Ltd,398,60
Dept of ITC Govt of Rajasthan,COMTECH INSTITUTE OFTECHNOLOGY,398,70
Dept of ITC Govt of Rajasthan,DATASOFT COMPUTER SERVICES(P),945,75
Dept of ITC Govt of Rajasthan,FINANCIAL INFORMATION NETWORK,4528,396
Dept of ITC Govt of Rajasthan,Gem Computers,5,32
Dept of ITC Govt of Rajasthan,Gujarat Infotech Ltd.,4,1
Dept of ITC Govt of Rajasthan,IAP COMPANY Pvt. Ltd,270,25
Dept of ITC Govt of Rajasthan,Karvy Data Management Services,109,35
Dept of ITC Govt of Rajasthan,M/s Sanish Choudhary,222,22
Dept of ITC Govt of Rajasthan,MEGHA VINCOM PVT LTD,89,32
Dept of ITC Govt of Rajasthan,Matrix Processing House,753,4
Dept of ITC Govt of Rajasthan,Multiwave Innovation,361,51
Dept of ITC Govt of Rajasthan,Osiris Infotech Pvt. Ltd.,49,8
Dept of ITC Govt of Rajasthan,Radiant Info Systems Ltd,225,68
Dept of ITC Govt of Rajasthan,Ricoh India Limited,37,12
Dept of ITC Govt of Rajasthan,SAR Technology,83,10
Dept of ITC Govt of Rajasthan,SREI INFRASTRUCTURE FINANCES L,30,9
Dept of ITC Govt of Rajasthan,TechSmart India Pvt Ltd,605,77
Dept of ITC Govt of Rajasthan,Transline Technologies P Ltd,911,41
Dept of ITC Govt of Rajasthan,UMC Technologies Pvt. Ltd,91,3
Dept of ITC Govt of Rajasthan,VIRGO SOFTECH LIMITED,150,10
Dept of ITC Govt of Rajasthan,Vakrangee Softwares Limited,2430,201
Dept of ITC Govt of Rajasthan,Vayam technologies Ltd,48,4
FCR Govt of Haryana,4G INFORMATICS,172,7
FCR Govt of Haryana,Academy of Management Studies,552,25
FCR Govt of Haryana,District IT Society Jhajjar,32,1
FCR Govt of Haryana,District IT Society Kaithal,9,9
FCR Govt of Haryana,District IT Society Mahendragarh,15,7
FCR Govt of Haryana,District IT Society Palwal,34,6
FCR Govt of Haryana,District IT Society Panchkula,0,1
FCR Govt of Haryana,District IT Society Rohtak,2,1
FCR Govt of Haryana,Radiant Info Systems Ltd,118,29
FCR Govt of Haryana,SoftAge Information Technology Limited,982,111
FCR Govt of Haryana,Vayam technologies Ltd,131,17
FCS Govt of Punjab,District Sukhmani Society  Jalandhar  Punjab,37,13
FCS Govt of Punjab,District Sukhmani Society  Ludhiana  Punjab,53,16
FCS Govt of Punjab,District Sukhmani Society  Moga  Punjab,107,7
FCS Govt of Punjab,District Sukhmani Society Amritsar Punjab,27,8
FCS Govt of Punjab,District Sukhmani Society Barnala Punjab,29,4
FCS Govt of Punjab,District Sukhmani Society Bathinda Punjab,32,10
FCS Govt of Punjab,District Sukhmani Society Fatehgarh Sahib Punjab,49,4
FCS Govt of Punjab,District Sukhmani Society Fazilka Punjab,42,15
FCS Govt of Punjab,District Sukhmani Society Ferozepur Punjab,34,4
FCS Govt of Punjab,District Sukhmani Society For Citizen Services Mansa Punjab,66,7
FCS Govt of Punjab,District Sukhmani Society For Citizen Services Nawanshahr Punjab,48,15
FCS Govt of Punjab,District Sukhmani Society For Citizen Services SAS Nagar District e-Governance Society Punjab,55,3
FCS Govt of Punjab,District Sukhmani Society Pathankot Punjab,7,6
FCS Govt of Punjab,District Sukhmani Society Patiala Punjab,25,5
FCS Govt of Punjab,District Sukhmani Society Rupnagar Punjab,21,3
FCS Govt of Punjab,District Sukhmani Society Sangrur Punjab,46,2
FCS Govt of Punjab,District Sukhmani Society Sri Muktsar Sahib Punjab,18,7
FCS Govt of Punjab,District Sukhmani Society Tarn Taran Punjab,76,15
FCS Govt of Punjab,Karvy Computershare Private Li,353,21
FCS Govt of Punjab,Sukhmani Society For Citizen Services  Kapurthala  Punjab,14,5
FCS Govt of Punjab,Sukhmani Society For Citizens Services Faridkot Punjab,37,7
FCS Govt of Punjab,Suwidha Society Hoshiarpur Punjab,35,7
FCS Govt of Punjab,Vayam technologies Ltd,164,181
FCS Govt of Punjab,eCentric solutions pvt ltd,89,11
Govt of Andhra Pradesh,Gouthami Educational Society,0,1
Govt of Andhra Pradesh,GrapeSoft,2,1
Govt of Andhra Pradesh,TechSmart India Pvt Ltd,2,10
Govt of Andhra Pradesh,Tera Software Ltd,1,3
Govt of Goa,MARS Telecom Systems Pvt Ltd,0,1
Govt of Gujarat,GSS Infotech Ltd,1488,31
Govt of Gujarat,Karvy Computershare Private Li,4794,194
Govt of Gujarat,Silver Touch Technologies Ltd,1600,42
Govt of Gujarat,Tera Software Ltd,2281,23
Govt of Gujarat,Transline Technologies P Ltd,0,2
Govt of Gujarat,Vayam technologies Ltd,40,6
Govt of Gujarat,eCentric solutions pvt ltd,466,33
Govt of Himachal Pradesh,i-Grandee SoftwareTechnologies,379,8
Govt of Karnataka ,Centre for e-Governance  GOK,34,3
Govt of Karnataka ,EDCS GOK,454,109
Govt of Karnataka ,MARS Telecom Systems Pvt Ltd,0,3
Govt of Karnataka ,SREEVEN INFOCOM LIMITED,0,1
Govt of Kerala,Akshaya,1376,82
Govt of Kerala,Keltron,11,3
Govt of Maharashtra,Alankit Finsec Ltd,0,7
Govt of Maharashtra,GLODYNE TECHNOSERVE,0,1
Govt of Maharashtra,Karvy Computershare Private Li,0,6
Govt of Maharashtra,M/S King Computer System pvt Ltd,24,8
Govt of Maharashtra,M/s. Vidya Online  Pune,14,6
Govt of Maharashtra,Rudranee Infotech Ltd,81,19
Govt of Maharashtra,SETU MAHARASHTRA,1728,99
Govt of Maharashtra,SHREERAM PRINTING PRESS,58,36
Govt of Maharashtra,SILVER JUBILEE MOTORS LTD.,33,6
Govt of Maharashtra,STRATEGIC OUTSOURCING SERVICE,0,2
Govt of Maharashtra,Vidarbha Infotech Pvt Ltd,10,0
Govt of Sikkim - Dept of Econo,Department of Economics Statistics  Monitoring and Evaluation DESME,5,2
IDBI Bank ltd,ATISHAY INFOTECH PVT. LTD.,768,63
IDBI Bank ltd,Matrix Processing House,481,21
IDBI Bank ltd,SREEVEN INFOCOM LIMITED,2122,145
Indiapost,Delhi Integrated MMTS Ltd,0,4
Indiapost,Global Finsol Private Limited,0,1
Indiapost,MARS Telecom Systems Pvt Ltd,0,2
Information Technology & Communication Department,4G INFORMATICS,2,1
Information Technology & Communication Department,BNR UDYOG LIMITED,0,1
Information Technology & Communication Department,Bloom Solutions Pvt Ltd,0,2
Information Technology & Communication Department,Directorate of ESD,3228,1014
Information Technology & Communication Department,JYOTHI COMPUTER SERVICES,0,6
Information Technology & Communication Department,SREEVEN INFOCOM LIMITED,0,13
Information Technology & Communication Department,Tera Software Ltd,0,8
Jharkhand,Wipro Ltd,0,2
NSDL e-Governance Infrastructure Limited,ATISHAY INFOTECH PVT. LTD.,250,10
NSDL e-Governance Infrastructure Limited,Abhipra Capital Ltd,294,103
NSDL e-Governance Infrastructure Limited,Alankit Assignments Limited,0,5
NSDL e-Governance Infrastructure Limited,Alankit Finsec Ltd,8688,567
NSDL e-Governance Infrastructure Limited,Amar Constructions,1054,34
NSDL e-Governance Infrastructure Limited,Delhi Integrated MMTS Ltd,0,1
NSDL e-Governance Infrastructure Limited,Global Finsol Private Limited,0,2
NSDL e-Governance Infrastructure Limited,Gujarat Infotech Ltd.,7555,620
NSDL e-Governance Infrastructure Limited,Gundal Infotech Private Limited,314,9
NSDL e-Governance Infrastructure Limited,IAP COMPANY Pvt. Ltd,301,8
NSDL e-Governance Infrastructure Limited,Karvy Data Management Services,17106,3466
NSDL e-Governance Infrastructure Limited,N.K. Sharma Enterprises Ltd.,652,14
NSDL e-Governance Infrastructure Limited,Netlink software Pvt Ltd,1448,174
NSDL e-Governance Infrastructure Limited,Offshoot Agency Pvt. Ltd.,1125,111
NSDL e-Governance Infrastructure Limited,Ojus G Enterprises,429,71
NSDL e-Governance Infrastructure Limited,Promind Solutions P Limited,7796,177
NSDL e-Governance Infrastructure Limited,RELIGARE SECURITIES LTD,725,148
NSDL e-Governance Infrastructure Limited,Radiant Haroti Industries India Ltd,0,2
NSDL e-Governance Infrastructure Limited,Ricoh India Limited,9163,411
NSDL e-Governance Infrastructure Limited,SNR Edatas Pvt Ltd,11,2
NSDL e-Governance Infrastructure Limited,Sri Ramraja Sarkar Lok Kalyan Trust,3724,1171
NSDL e-Governance Infrastructure Limited,Utility Forms Pvt Ltd,2707,236
NSDL e-Governance Infrastructure Limited,VIRGO SOFTECH LIMITED,9970,534
Oriental Bank of Commerce,DATASOFT COMPUTER SERVICES(P),0,13
Project Coordinator UID Project Madhya Pradesh,A I Soc for Electronics and Comp Tech,536,290
Project Coordinator UID Project Madhya Pradesh,DATASOFT COMPUTER SERVICES(P),1409,164
Project Coordinator UID Project Madhya Pradesh,LYRA  CONSULTANCY SERVICE,6535,207
Project Coordinator UID Project Madhya Pradesh,MPOnline Limited,105,52
Project Coordinator UID Project Madhya Pradesh,Matrix Processing House,1759,17
Project Coordinator UID Project Madhya Pradesh,OSWAL COMPUTERS & CONSULTANTS,4337,218
Project Coordinator UID Project Madhya Pradesh,Orion Security Solutions Private Ltd,303,57
Project Coordinator UID Project Madhya Pradesh,Sixth Dimension Project Solutions Ltd,157,73
Punjab National Bank,Alankit Finsec Ltd,6141,254
Punjab National Bank,Eagle Software India Pvt. Ltd,24643,741
Punjab National Bank,MARS Telecom Systems Pvt Ltd,126,12
Punjab National Bank,Smart Chip Limited,7312,630
Punjab National Bank,Vayam technologies Ltd,1663,76
Punjab and Sind Bank,Matrix Processing House,5495,137
Registrar General India - BEL,Manipur Electronics Dev Corp,1,0
Registrar General India BEL2,Bharat Electronics Limited,5,0
Registrar General India BEL2,Chinar Construction Company Prime agency,1,2
Registrar General India BEL2,Computer LAB,34,19
Registrar General India BEL2,Emdee Digitronics Pvt.Ltd.,0,1
Registrar General India BEL2,In Media Computer Services LLP,0,1
Registrar General India BEL2,India Computer Technology,0,2
Registrar General India BEL2,Karvy Data Management Services,1169,71
Registrar General India BEL2,MACRO INFOTECH PVT LTD,3147,61
Registrar General India BEL2,MKS Enterprises,38,0
Registrar General India BEL2,Madras Security Printers Ltd,764,46
Registrar General India BEL2,Multiwave Innovation,1162,20
Registrar General India BEL2,Netlink software Pvt Ltd,44,3
Registrar General India BEL2,Om Softwares,1,1
Registrar General India BEL2,SNR Edatas Pvt Ltd,312,167
Registrar General India BEL2,SREI INFRASTRUCTURE FINANCES L,4311,28
Registrar General India BEL2,Swathy Smartcards Hi-Tech Pvt,0,1
Registrar General India BEL2,Swiss Tech India Pvt Ltd,0,2
Registrar General India BEL2,Tera Software Ltd,37,5
Registrar General India BEL2,UNITED DATA SERVICES PRIVATE LIMITED,3010,78
Registrar General India BEL2,Vedavaag Systems Limited,2,6
Registrar General India BEL2,Viesa Technologies,1507,71
Registrar General India ECIL,AVVAS INFOTECH PVT  LTD,0,7
Registrar General India ECIL,COMTECHINFO SOLUTIONS PVT.LTD,1180,17
Registrar General India ECIL,Chinar Construction Company Prime agency,1255,18
Registrar General India ECIL,Computer LAB,20409,334
Registrar General India ECIL,Eagle Software India Pvt. Ltd,12231,244
Registrar General India ECIL,Emdee Digitronics Pvt.Ltd.,3419,108
Registrar General India ECIL,In Media Computer Services LLP,1062,39
Registrar General India ECIL,India Computer Technology,23454,321
Registrar General India ECIL,Karvy Data Management Services,201,2
Registrar General India ECIL,Krishna Infotech,0,1
Registrar General India ECIL,Madras Security Printers Ltd,6871,132
Registrar General India ECIL,Nielsen  India  Private Limited,0,1
Registrar General India ECIL,SARADA SYSTEMS,8797,293
Registrar General India ECIL,SWISSTECH NPR 57CR PROJECT PVT,0,3
Registrar General India ECIL,Tera Software Ltd,1,1
Registrar General India ECIL,Vedavaag Systems Limited,0,1
Registrar General India ECIL,WEBEL TECHNOLOGY LIMITED,1794,13
Registrar General of India ITI,Eagle Software India Pvt. Ltd,710,17
Registrar General of India ITI,Emdee Digitronics Pvt.Ltd.,17360,443
Registrar General of India ITI,Madras Security Printers Ltd,1425,184
Registrar General of India ITI,Netlink software Pvt Ltd,1138,14
Registrar General of India ITI,SNR Edatas Pvt Ltd,98,65
Registrar General of India ITI,Swathy Smartcards Hi-Tech Pvt,1,0
Registrar General of India ITI,VIRGO SOFTECH LIMITED,434,5
Registrar General of India ITI,WEBEL TECHNOLOGY LIMITED,3323,22
Registrar General of India ITI,Webx Technologies Private Limited,32,3
Rural Development Dept  Govt. of Bihar,Bloom Solutions Pvt Ltd,2642,85
Rural Development Dept  Govt. of Bihar,Computer LAB,3069,91
Rural Development Dept  Govt. of Bihar,Emdee Digitronics Pvt.Ltd.,2964,35
Rural Development Dept  Govt. of Bihar,FINANCIAL INFORMATION NETWORK,26384,491
Rural Development Dept  Govt. of Bihar,M2C Private Solution,1669,73
Rural Development Dept  Govt. of Bihar,MKS Enterprises,4843,4
Rural Development Dept  Govt. of Bihar,Orion Security Solutions Private Ltd,31,1
Rural Development Dept  Govt. of Bihar,Urmila Info solution,3314,34
State Bank of India,FINANCIAL INFORMATION NETWORK,35,0
State Bank of India,Silver Touch Technologies Ltd,0,2
State Bank of India,Smart Chip Limited,448,11
State Bank of India,Utility Forms Pvt Ltd,133,9
UIDAI-Registrar,UIDAI-EA,96,2
UTI Infrastructure Technology & Services Limited,Omnitech Infosolutions Ltd,150,28
Union Bank,FINANCIAL INFORMATION NETWORK,48921,2600
Union Bank,Smart Chip Limited,2555,165
Union Bank,Vakrangee Softwares Limited,45069,2553
